timestamp, trial, HMD_x, HMD_y,HMD_z

# --- Trial 1 start ---
819.457,1,-39.7831,1.7015,-1.1799
819.538,1,-39.7784,1.7016,-1.1771
819.564,1,-39.7753,1.7018,-1.1751
819.583,1,-39.7738,1.7017,-1.1740
819.598,1,-39.7731,1.7017,-1.1735
819.614,1,-39.7725,1.7017,-1.1730
819.629,1,-39.7710,1.7018,-1.1720
819.642,1,-39.7704,1.7017,-1.1717
819.658,1,-39.7698,1.7018,-1.1713
819.675,1,-39.7693,1.7017,-1.1707
819.692,1,-39.7682,1.7017,-1.1698
819.710,1,-39.7672,1.7017,-1.1690
819.727,1,-39.7663,1.7016,-1.1682
819.743,1,-39.7660,1.7015,-1.1679
819.759,1,-39.7655,1.7016,-1.1675
819.773,1,-39.7645,1.7019,-1.1669
819.789,1,-39.7640,1.7022,-1.1665
819.805,1,-39.7635,1.7022,-1.1663
819.820,1,-39.7623,1.7024,-1.1655
819.836,1,-39.7617,1.7024,-1.1649
819.852,1,-39.7604,1.7026,-1.1640
819.871,1,-39.7590,1.7030,-1.1629
819.888,1,-39.7584,1.7033,-1.1623
819.903,1,-39.7576,1.7035,-1.1617
819.918,1,-39.7560,1.7038,-1.1603
819.933,1,-39.7550,1.7039,-1.1594
819.949,1,-39.7529,1.7042,-1.1575
819.965,1,-39.7518,1.7045,-1.1564
819.980,1,-39.7504,1.7049,-1.1552
819.996,1,-39.7478,1.7054,-1.1526
820.011,1,-39.7463,1.7057,-1.1510
820.026,1,-39.7432,1.7063,-1.1479
820.042,1,-39.7414,1.7067,-1.1459
820.059,1,-39.7381,1.7075,-1.1420
820.077,1,-39.7365,1.7077,-1.1394
820.097,1,-39.7330,1.7081,-1.1345
820.113,1,-39.7315,1.7082,-1.1315
820.129,1,-39.7281,1.7086,-1.1262
820.146,1,-39.7269,1.7087,-1.1229
820.161,1,-39.7241,1.7089,-1.1174
820.180,1,-39.7216,1.7090,-1.1120
820.198,1,-39.7213,1.7091,-1.1097
820.213,1,-39.7207,1.7090,-1.1077
820.229,1,-39.7189,1.7089,-1.1037
820.244,1,-39.7184,1.7086,-1.1024
820.260,1,-39.7167,1.7084,-1.0995
820.274,1,-39.7159,1.7083,-1.0985
820.289,1,-39.7149,1.7083,-1.0976
820.304,1,-39.7128,1.7083,-1.0956
820.319,1,-39.7115,1.7082,-1.0948
820.338,1,-39.7093,1.7076,-1.0934
820.357,1,-39.7079,1.7075,-1.0934
820.375,1,-39.7050,1.7072,-1.0926
820.392,1,-39.7032,1.7075,-1.0927
820.408,1,-39.6996,1.7082,-1.0926
820.423,1,-39.6975,1.7089,-1.0932
820.438,1,-39.6937,1.7094,-1.0938
820.455,1,-39.6917,1.7096,-1.0946
820.470,1,-39.6898,1.7099,-1.0954
820.485,1,-39.6861,1.7104,-1.0967
820.500,1,-39.6845,1.7103,-1.0976
820.517,1,-39.6809,1.7102,-1.0992
820.533,1,-39.6788,1.7101,-1.1002
820.548,1,-39.6751,1.7097,-1.1022
820.564,1,-39.6732,1.7090,-1.1033
820.581,1,-39.6695,1.7081,-1.1056
820.596,1,-39.6677,1.7076,-1.1072
820.612,1,-39.6660,1.7071,-1.1085
820.628,1,-39.6629,1.7058,-1.1111
820.644,1,-39.6618,1.7049,-1.1124
820.660,1,-39.6595,1.7033,-1.1152
820.676,1,-39.6589,1.7022,-1.1167
820.692,1,-39.6577,1.6997,-1.1194
820.707,1,-39.6570,1.7003,-1.1209
820.723,1,-39.6530,1.7072,-1.1226
820.740,1,-39.6473,1.7143,-1.1263
820.755,1,-39.6453,1.7148,-1.1282
820.772,1,-39.6417,1.7146,-1.1317
820.787,1,-39.6403,1.7124,-1.1331
820.803,1,-39.6371,1.7123,-1.1362
820.818,1,-39.6352,1.7131,-1.1376
820.837,1,-39.6331,1.7123,-1.1389
820.854,1,-39.6288,1.7103,-1.1416
820.869,1,-39.6237,1.7085,-1.1440
820.884,1,-39.6204,1.7081,-1.1454
820.902,1,-39.6165,1.7084,-1.1466
820.919,1,-39.6101,1.7078,-1.1488
820.936,1,-39.6065,1.7065,-1.1497
820.958,1,-39.5993,1.7051,-1.1516
820.977,1,-39.5917,1.7048,-1.1536
820.996,1,-39.5835,1.7049,-1.1551
821.012,1,-39.5785,1.7051,-1.1556
821.029,1,-39.5689,1.7050,-1.1570
821.045,1,-39.5636,1.7049,-1.1576
821.061,1,-39.5533,1.7046,-1.1589
821.078,1,-39.5471,1.7041,-1.1594
821.094,1,-39.5354,1.7030,-1.1601
821.110,1,-39.5286,1.7018,-1.1605
821.130,1,-39.5153,1.6997,-1.1614
821.149,1,-39.5013,1.6972,-1.1619
821.165,1,-39.4933,1.6952,-1.1618
821.183,1,-39.4851,1.6931,-1.1616
821.199,1,-39.4692,1.6894,-1.1614
821.215,1,-39.4604,1.6873,-1.1613
821.231,1,-39.4433,1.6833,-1.1609
821.249,1,-39.4340,1.6809,-1.1604
821.268,1,-39.4157,1.6756,-1.1587
821.285,1,-39.4059,1.6729,-1.1580
821.302,1,-39.3863,1.6675,-1.1567
821.317,1,-39.3661,1.6619,-1.1549
821.334,1,-39.3553,1.6595,-1.1537
821.350,1,-39.3340,1.6547,-1.1513
821.364,1,-39.3226,1.6532,-1.1497
821.379,1,-39.3111,1.6524,-1.1482
821.394,1,-39.2889,1.6505,-1.1455
821.411,1,-39.2776,1.6509,-1.1438
821.425,1,-39.2663,1.6524,-1.1424
821.441,1,-39.2436,1.6558,-1.1399
821.456,1,-39.2314,1.6597,-1.1387
821.473,1,-39.2084,1.6655,-1.1366
821.488,1,-39.1973,1.6697,-1.1362
821.506,1,-39.1760,1.6761,-1.1352
821.522,1,-39.1664,1.6785,-1.1354
821.538,1,-39.1459,1.6829,-1.1357
821.554,1,-39.1362,1.6850,-1.1365
821.569,1,-39.1261,1.6881,-1.1374
821.590,1,-39.1051,1.6951,-1.1393
821.609,1,-39.0834,1.7019,-1.1417
821.627,1,-39.0612,1.7077,-1.1448
821.643,1,-39.0500,1.7097,-1.1466
821.660,1,-39.0280,1.7134,-1.1497
821.676,1,-39.0167,1.7140,-1.1519
821.691,1,-39.0054,1.7140,-1.1542
821.708,1,-38.9828,1.7137,-1.1583
821.723,1,-38.9716,1.7121,-1.1605
821.739,1,-38.9492,1.7089,-1.1649
821.753,1,-38.9377,1.7058,-1.1675
821.768,1,-38.9260,1.7023,-1.1704
821.784,1,-38.9026,1.6968,-1.1756
821.798,1,-38.8904,1.6929,-1.1788
821.815,1,-38.8784,1.6886,-1.1821
821.831,1,-38.8543,1.6807,-1.1884
821.846,1,-38.8420,1.6763,-1.1921
821.862,1,-38.8175,1.6686,-1.1993
821.877,1,-38.8047,1.6654,-1.2035
821.893,1,-38.7792,1.6595,-1.2116
821.908,1,-38.7658,1.6584,-1.2166
821.924,1,-38.7521,1.6577,-1.2218
821.942,1,-38.7248,1.6565,-1.2323
821.956,1,-38.7110,1.6569,-1.2379
821.971,1,-38.6841,1.6567,-1.2485
821.986,1,-38.6707,1.6580,-1.2542
822.001,1,-38.6567,1.6605,-1.2600
822.016,1,-38.6294,1.6643,-1.2710
822.030,1,-38.6158,1.6666,-1.2765
822.049,1,-38.6028,1.6678,-1.2812
822.063,1,-38.5777,1.6696,-1.2903
822.081,1,-38.5661,1.6709,-1.2939
822.098,1,-38.5418,1.6749,-1.3019
822.113,1,-38.5300,1.6782,-1.3052
822.128,1,-38.5048,1.6849,-1.3129
822.144,1,-38.4918,1.6894,-1.3161
822.161,1,-38.4661,1.6969,-1.3232
822.177,1,-38.4531,1.7002,-1.3263
822.192,1,-38.4273,1.7062,-1.3331
822.206,1,-38.4141,1.7080,-1.3363
822.224,1,-38.4009,1.7080,-1.3391
822.243,1,-38.3746,1.7092,-1.3453
822.260,1,-38.3612,1.7074,-1.3482
822.275,1,-38.3349,1.7057,-1.3540
822.290,1,-38.3214,1.7031,-1.3568
822.306,1,-38.2946,1.6987,-1.3620
822.322,1,-38.2806,1.6951,-1.3644
822.339,1,-38.2527,1.6889,-1.3691
822.356,1,-38.2389,1.6842,-1.3712
822.374,1,-38.2112,1.6764,-1.3757
822.393,1,-38.1833,1.6690,-1.3799
822.414,1,-38.1557,1.6629,-1.3835
822.431,1,-38.1419,1.6611,-1.3849
822.447,1,-38.1282,1.6589,-1.3865
822.465,1,-38.1023,1.6546,-1.3895
822.482,1,-38.0770,1.6517,-1.3926
822.498,1,-38.0644,1.6536,-1.3943
822.514,1,-38.0378,1.6597,-1.3983
822.531,1,-38.0241,1.6649,-1.4007
822.547,1,-38.0115,1.6667,-1.4028
822.564,1,-37.9868,1.6686,-1.4072
822.582,1,-37.9764,1.6709,-1.4095
822.601,1,-37.9529,1.6774,-1.4146
822.618,1,-37.9293,1.6846,-1.4197
822.634,1,-37.9169,1.6898,-1.4229
822.652,1,-37.8923,1.6979,-1.4287
822.667,1,-37.8798,1.7021,-1.4315
822.682,1,-37.8553,1.7086,-1.4372
822.697,1,-37.8430,1.7104,-1.4402
822.712,1,-37.8307,1.7109,-1.4432
822.730,1,-37.8064,1.7123,-1.4488
822.746,1,-37.7942,1.7110,-1.4516
822.762,1,-37.7696,1.7095,-1.4572
822.777,1,-37.7569,1.7076,-1.4600
822.792,1,-37.7313,1.7044,-1.4660
822.808,1,-37.7183,1.7009,-1.4691
822.827,1,-37.7054,1.6967,-1.4723
822.842,1,-37.6801,1.6896,-1.4785
822.857,1,-37.6677,1.6853,-1.4818
822.874,1,-37.6425,1.6779,-1.4885
822.890,1,-37.6298,1.6744,-1.4923
822.905,1,-37.6039,1.6682,-1.4997
822.919,1,-37.5906,1.6661,-1.5039
822.934,1,-37.5772,1.6647,-1.5081
822.950,1,-37.5505,1.6617,-1.5166
822.966,1,-37.5375,1.6610,-1.5210
822.985,1,-37.5116,1.6587,-1.5297
823.001,1,-37.4990,1.6585,-1.5341
823.017,1,-37.4729,1.6593,-1.5428
823.031,1,-37.4595,1.6619,-1.5470
823.046,1,-37.4464,1.6644,-1.5509
823.062,1,-37.4203,1.6673,-1.5585
823.077,1,-37.4073,1.6692,-1.5617
823.092,1,-37.3813,1.6730,-1.5683
823.107,1,-37.3683,1.6756,-1.5709
823.124,1,-37.3555,1.6785,-1.5728
823.141,1,-37.3301,1.6844,-1.5776
823.156,1,-37.3172,1.6885,-1.5792
823.173,1,-37.2914,1.6952,-1.5829
823.190,1,-37.2788,1.6984,-1.5840
823.204,1,-37.2535,1.7040,-1.5872
823.218,1,-37.2408,1.7059,-1.5885
823.232,1,-37.2286,1.7070,-1.5896
823.247,1,-37.2156,1.7076,-1.5909
823.262,1,-37.1902,1.7089,-1.5934
823.275,1,-37.1772,1.7081,-1.5944
823.290,1,-37.1642,1.7066,-1.5954
823.305,1,-37.1381,1.7043,-1.5974
823.318,1,-37.1248,1.7017,-1.5981
823.333,1,-37.1117,1.6984,-1.5987
823.347,1,-37.0988,1.6951,-1.5993
823.362,1,-37.0726,1.6880,-1.6005
823.389,1,-37.0334,1.6754,-1.6017
823.509,1,-36.8972,1.6562,-1.5962

# --- Trial 1 start ---
191.494,1,-39.8099,1.8166,-1.1027
191.583,1,-39.8104,1.8165,-1.1030
191.608,1,-39.8105,1.8167,-1.1032
191.626,1,-39.8106,1.8167,-1.1033
191.649,1,-39.8105,1.8167,-1.1035
191.666,1,-39.8103,1.8166,-1.1037
191.682,1,-39.8102,1.8166,-1.1038
191.697,1,-39.8102,1.8165,-1.1039
191.712,1,-39.8100,1.8165,-1.1042
191.728,1,-39.8100,1.8165,-1.1044
191.742,1,-39.8098,1.8164,-1.1047
191.757,1,-39.8096,1.8162,-1.1048
191.776,1,-39.8094,1.8162,-1.1050
191.791,1,-39.8090,1.8160,-1.1054
191.806,1,-39.8089,1.8159,-1.1056
191.820,1,-39.8087,1.8159,-1.1057
191.835,1,-39.8083,1.8157,-1.1061
191.849,1,-39.8081,1.8155,-1.1062
191.864,1,-39.8079,1.8152,-1.1064
191.880,1,-39.8077,1.8146,-1.1068
191.895,1,-39.8076,1.8143,-1.1069
191.910,1,-39.8073,1.8138,-1.1072
191.926,1,-39.8071,1.8135,-1.1073
191.940,1,-39.8069,1.8132,-1.1074
191.957,1,-39.8066,1.8125,-1.1076
191.972,1,-39.8064,1.8121,-1.1076
191.988,1,-39.8058,1.8114,-1.1078
192.003,1,-39.8055,1.8111,-1.1080
192.018,1,-39.8052,1.8108,-1.1081
192.034,1,-39.8046,1.8101,-1.1084
192.049,1,-39.8044,1.8098,-1.1085
192.066,1,-39.8038,1.8089,-1.1090
192.080,1,-39.8033,1.8085,-1.1093
192.095,1,-39.8024,1.8075,-1.1098
192.111,1,-39.8019,1.8070,-1.1102
192.129,1,-39.8011,1.8062,-1.1106
192.145,1,-39.7998,1.8049,-1.1115
192.159,1,-39.7991,1.8038,-1.1121
192.174,1,-39.7984,1.8028,-1.1127
192.188,1,-39.7968,1.8012,-1.1138
192.204,1,-39.7958,1.8006,-1.1144
192.219,1,-39.7939,1.7995,-1.1155
192.235,1,-39.7928,1.7993,-1.1161
192.249,1,-39.7917,1.7993,-1.1166
192.269,1,-39.7896,1.7988,-1.1176
192.285,1,-39.7874,1.7985,-1.1185
192.300,1,-39.7861,1.7986,-1.1188
192.321,1,-39.7848,1.7989,-1.1191
192.336,1,-39.7822,1.7990,-1.1198
192.350,1,-39.7811,1.7989,-1.1200
192.365,1,-39.7789,1.7988,-1.1203
192.379,1,-39.7779,1.7984,-1.1203
192.394,1,-39.7769,1.7981,-1.1203
192.409,1,-39.7758,1.7976,-1.1203
192.427,1,-39.7739,1.7968,-1.1201
192.444,1,-39.7718,1.7960,-1.1199
192.458,1,-39.7708,1.7954,-1.1197
192.473,1,-39.7698,1.7948,-1.1195
192.489,1,-39.7676,1.7934,-1.1194
192.504,1,-39.7664,1.7924,-1.1194
192.520,1,-39.7642,1.7907,-1.1194
192.534,1,-39.7630,1.7893,-1.1194
192.549,1,-39.7618,1.7878,-1.1196
192.565,1,-39.7607,1.7863,-1.1198
192.584,1,-39.7583,1.7832,-1.1202
192.601,1,-39.7559,1.7798,-1.1207
192.615,1,-39.7547,1.7783,-1.1211
192.631,1,-39.7519,1.7758,-1.1220
192.646,1,-39.7503,1.7753,-1.1228
192.662,1,-39.7487,1.7748,-1.1238
192.676,1,-39.7459,1.7730,-1.1252
192.692,1,-39.7447,1.7720,-1.1261
192.708,1,-39.7431,1.7713,-1.1271
192.722,1,-39.7399,1.7698,-1.1289
192.737,1,-39.7380,1.7693,-1.1300
192.752,1,-39.7361,1.7689,-1.1311
192.768,1,-39.7325,1.7678,-1.1330
192.784,1,-39.7288,1.7666,-1.1351
192.798,1,-39.7268,1.7661,-1.1361
192.816,1,-39.7249,1.7658,-1.1372
192.831,1,-39.7213,1.7648,-1.1393
192.847,1,-39.7197,1.7644,-1.1403
192.861,1,-39.7182,1.7640,-1.1414
192.877,1,-39.7155,1.7631,-1.1434
192.895,1,-39.7145,1.7625,-1.1443
192.913,1,-39.7124,1.7613,-1.1464
192.927,1,-39.7110,1.7622,-1.1476
192.942,1,-39.7066,1.7669,-1.1497
192.958,1,-39.7004,1.7725,-1.1535
192.973,1,-39.6976,1.7733,-1.1552
192.989,1,-39.6934,1.7734,-1.1581
193.004,1,-39.6926,1.7715,-1.1595
193.019,1,-39.6905,1.7694,-1.1622
193.034,1,-39.6899,1.7689,-1.1632
193.051,1,-39.6882,1.7697,-1.1648
193.068,1,-39.6848,1.7698,-1.1681
193.083,1,-39.6826,1.7690,-1.1698
193.097,1,-39.6788,1.7678,-1.1728
193.112,1,-39.6760,1.7673,-1.1745
193.127,1,-39.6734,1.7674,-1.1759
193.142,1,-39.6705,1.7677,-1.1774
193.157,1,-39.6646,1.7674,-1.1804
193.172,1,-39.6617,1.7668,-1.1815
193.188,1,-39.6555,1.7659,-1.1837
193.206,1,-39.6516,1.7659,-1.1847
193.224,1,-39.6440,1.7659,-1.1868
193.240,1,-39.6357,1.7660,-1.1887
193.255,1,-39.6311,1.7660,-1.1896
193.274,1,-39.6259,1.7665,-1.1903
193.289,1,-39.6162,1.7671,-1.1920
193.304,1,-39.6106,1.7672,-1.1927
193.320,1,-39.5995,1.7671,-1.1938
193.334,1,-39.5929,1.7669,-1.1944
193.348,1,-39.5860,1.7667,-1.1952
193.363,1,-39.5731,1.7663,-1.1968
193.377,1,-39.5659,1.7654,-1.1973
193.391,1,-39.5584,1.7642,-1.1977
193.406,1,-39.5507,1.7624,-1.1981
193.421,1,-39.5356,1.7597,-1.1992
193.436,1,-39.5274,1.7583,-1.1998
193.450,1,-39.5188,1.7565,-1.2001
193.466,1,-39.5023,1.7533,-1.2008
193.480,1,-39.4930,1.7506,-1.2005
193.495,1,-39.4750,1.7464,-1.2008
193.511,1,-39.4652,1.7442,-1.2008
193.525,1,-39.4550,1.7420,-1.2006
193.541,1,-39.4448,1.7399,-1.2002
193.555,1,-39.4246,1.7355,-1.1995
193.570,1,-39.4138,1.7339,-1.1990
193.587,1,-39.3917,1.7314,-1.1981
193.601,1,-39.3800,1.7313,-1.1979
193.616,1,-39.3683,1.7312,-1.1972
193.632,1,-39.3453,1.7309,-1.1962
193.648,1,-39.3334,1.7317,-1.1954
193.662,1,-39.3103,1.7326,-1.1947
193.681,1,-39.2991,1.7364,-1.1949
193.698,1,-39.2766,1.7408,-1.1953
193.713,1,-39.2661,1.7441,-1.1964
193.727,1,-39.2561,1.7468,-1.1976
193.743,1,-39.2365,1.7512,-1.2002
193.759,1,-39.2286,1.7535,-1.2025
193.774,1,-39.2111,1.7582,-1.2063
193.788,1,-39.2032,1.7614,-1.2089
193.804,1,-39.1957,1.7651,-1.2117
193.820,1,-39.1792,1.7714,-1.2170
193.835,1,-39.1717,1.7745,-1.2201
193.850,1,-39.1642,1.7771,-1.2229
193.864,1,-39.1489,1.7823,-1.2282
193.879,1,-39.1421,1.7840,-1.2307
193.894,1,-39.1351,1.7853,-1.2330
193.909,1,-39.1200,1.7880,-1.2379
193.923,1,-39.1125,1.7882,-1.2398
193.937,1,-39.1046,1.7879,-1.2414
193.952,1,-39.0887,1.7878,-1.2453
193.966,1,-39.0799,1.7863,-1.2465
193.983,1,-39.0707,1.7847,-1.2479
193.998,1,-39.0521,1.7823,-1.2511
194.012,1,-39.0416,1.7801,-1.2528
194.026,1,-39.0311,1.7776,-1.2542
194.041,1,-39.0099,1.7733,-1.2574
194.055,1,-38.9982,1.7701,-1.2588
194.070,1,-38.9862,1.7670,-1.2605
194.085,1,-38.9630,1.7612,-1.2638
194.100,1,-38.9505,1.7576,-1.2653
194.114,1,-38.9381,1.7540,-1.2669
194.128,1,-38.9141,1.7482,-1.2700
194.142,1,-38.9010,1.7462,-1.2718
194.157,1,-38.8878,1.7450,-1.2737
194.171,1,-38.8741,1.7442,-1.2759
194.186,1,-38.8477,1.7419,-1.2797
194.200,1,-38.8339,1.7418,-1.2815
194.216,1,-38.8201,1.7423,-1.2831
194.232,1,-38.7929,1.7427,-1.2858
194.246,1,-38.7788,1.7454,-1.2869
194.262,1,-38.7649,1.7484,-1.2877
194.278,1,-38.7372,1.7527,-1.2894
194.294,1,-38.7235,1.7553,-1.2893
194.308,1,-38.6962,1.7595,-1.2898
194.324,1,-38.6832,1.7613,-1.2889
194.341,1,-38.6709,1.7631,-1.2874
194.358,1,-38.6454,1.7673,-1.2861
194.373,1,-38.6336,1.7698,-1.2853
194.388,1,-38.6082,1.7751,-1.2843
194.402,1,-38.5962,1.7779,-1.2836
194.417,1,-38.5841,1.7801,-1.2830
194.432,1,-38.5598,1.7846,-1.2817
194.448,1,-38.5477,1.7861,-1.2811
194.466,1,-38.5245,1.7888,-1.2803
194.483,1,-38.5136,1.7887,-1.2798
194.497,1,-38.4906,1.7894,-1.2789
194.511,1,-38.4791,1.7885,-1.2786
194.526,1,-38.4673,1.7874,-1.2785
194.542,1,-38.4436,1.7860,-1.2782
194.557,1,-38.4316,1.7839,-1.2781
194.571,1,-38.4199,1.7814,-1.2778
194.587,1,-38.3960,1.7769,-1.2770
194.601,1,-38.3842,1.7738,-1.2766
194.618,1,-38.3721,1.7704,-1.2760
194.636,1,-38.3480,1.7644,-1.2748
194.652,1,-38.3234,1.7581,-1.2733
194.666,1,-38.3113,1.7551,-1.2721
194.685,1,-38.2982,1.7531,-1.2708
194.700,1,-38.2728,1.7496,-1.2684
194.714,1,-38.2595,1.7485,-1.2668
194.728,1,-38.2467,1.7479,-1.2651
194.743,1,-38.2214,1.7460,-1.2620
194.757,1,-38.2092,1.7459,-1.2603
194.771,1,-38.1971,1.7464,-1.2585
194.786,1,-38.1723,1.7483,-1.2553
194.800,1,-38.1599,1.7515,-1.2537
194.815,1,-38.1478,1.7540,-1.2521
194.829,1,-38.1236,1.7571,-1.2491
194.843,1,-38.1120,1.7586,-1.2480
194.860,1,-38.1010,1.7596,-1.2470
194.875,1,-38.0779,1.7623,-1.2448
194.889,1,-38.0663,1.7643,-1.2439
194.903,1,-38.0549,1.7665,-1.2432
194.918,1,-38.0320,1.7705,-1.2416
194.932,1,-38.0207,1.7728,-1.2411
194.947,1,-38.0096,1.7757,-1.2406
194.961,1,-37.9983,1.7782,-1.2398
194.976,1,-37.9754,1.7825,-1.2384
194.990,1,-37.9640,1.7843,-1.2378
195.004,1,-37.9527,1.7858,-1.2373
195.019,1,-37.9299,1.7881,-1.2363
195.033,1,-37.9184,1.7882,-1.2358
195.048,1,-37.9071,1.7877,-1.2352
195.063,1,-37.8839,1.7870,-1.2342
195.078,1,-37.8720,1.7854,-1.2337
195.093,1,-37.8601,1.7832,-1.2333
195.108,1,-37.8366,1.7799,-1.2325
195.122,1,-37.8244,1.7766,-1.2321
195.137,1,-37.8123,1.7733,-1.2319
195.151,1,-37.8005,1.7697,-1.2316
195.166,1,-37.7762,1.7636,-1.2313
195.181,1,-37.7637,1.7594,-1.2314
195.195,1,-37.7393,1.7524,-1.2314
195.210,1,-37.7269,1.7487,-1.2318
195.225,1,-37.7146,1.7459,-1.2324
195.241,1,-37.6895,1.7412,-1.2335
195.260,1,-37.6767,1.7397,-1.2344
195.277,1,-37.6513,1.7365,-1.2361
195.292,1,-37.6387,1.7355,-1.2371
195.307,1,-37.6136,1.7336,-1.2392
195.321,1,-37.6012,1.7335,-1.2403
195.335,1,-37.5884,1.7349,-1.2415
195.349,1,-37.5753,1.7375,-1.2428
195.364,1,-37.5498,1.7408,-1.2450
195.379,1,-37.5373,1.7436,-1.2460
195.395,1,-37.5254,1.7457,-1.2468
195.412,1,-37.5027,1.7482,-1.2486
195.429,1,-37.4807,1.7502,-1.2502
195.444,1,-37.4702,1.7521,-1.2510
195.459,1,-37.4595,1.7547,-1.2520
195.473,1,-37.4483,1.7576,-1.2530
195.489,1,-37.4257,1.7624,-1.2550
195.503,1,-37.4149,1.7649,-1.2560
195.518,1,-37.3926,1.7694,-1.2581
195.533,1,-37.3817,1.7713,-1.2590
195.549,1,-37.3705,1.7724,-1.2599
195.562,1,-37.3483,1.7750,-1.2618
195.577,1,-37.3372,1.7749,-1.2626
195.592,1,-37.3259,1.7746,-1.2632
195.606,1,-37.3147,1.7740,-1.2638
195.621,1,-37.2921,1.7731,-1.2650
195.635,1,-37.2805,1.7715,-1.2654
195.650,1,-37.2689,1.7697,-1.2657
195.664,1,-37.2456,1.7666,-1.2665
195.680,1,-37.2336,1.7639,-1.2665
195.694,1,-37.2217,1.7611,-1.2664
195.709,1,-37.1980,1.7559,-1.2664
195.723,1,-37.1859,1.7525,-1.2660
195.738,1,-37.1737,1.7491,-1.2654
195.752,1,-37.1494,1.7432,-1.2647
195.767,1,-37.1369,1.7401,-1.2639
195.782,1,-37.1242,1.7374,-1.2632
195.797,1,-37.0992,1.7329,-1.2618
195.811,1,-37.0864,1.7313,-1.2608
195.830,1,-37.0736,1.7303,-1.2599
195.845,1,-37.0482,1.7277,-1.2581
195.859,1,-37.0356,1.7279,-1.2570
195.873,1,-37.0107,1.7276,-1.2552
195.888,1,-36.9981,1.7299,-1.2542
195.901,1,-36.9856,1.7325,-1.2534
195.916,1,-36.9733,1.7351,-1.2528
195.931,1,-36.9488,1.7392,-1.2517
195.945,1,-36.9371,1.7411,-1.2516
195.959,1,-36.9260,1.7427,-1.2516
195.975,1,-36.9029,1.7462,-1.2518
195.989,1,-36.8916,1.7490,-1.2528
196.004,1,-36.8804,1.7519,-1.2540
196.019,1,-36.8578,1.7568,-1.2562
196.033,1,-36.8467,1.7589,-1.2579
196.049,1,-36.8357,1.7610,-1.2600
196.064,1,-36.8132,1.7651,-1.2633
196.078,1,-36.8021,1.7666,-1.2655
196.093,1,-36.7910,1.7675,-1.2678
196.107,1,-36.7693,1.7692,-1.2722
196.121,1,-36.7584,1.7686,-1.2749
196.140,1,-36.7476,1.7673,-1.2778
196.155,1,-36.7251,1.7660,-1.2830
196.170,1,-36.7137,1.7639,-1.2862
196.188,1,-36.6910,1.7599,-1.2925
196.205,1,-36.6798,1.7572,-1.2959
196.220,1,-36.6570,1.7525,-1.3026
196.234,1,-36.6454,1.7488,-1.3066
196.249,1,-36.6338,1.7454,-1.3106
196.265,1,-36.6105,1.7394,-1.3184
196.281,1,-36.5987,1.7360,-1.3226
196.296,1,-36.5755,1.7304,-1.3305
196.310,1,-36.5635,1.7287,-1.3349
196.327,1,-36.5512,1.7278,-1.3396
196.344,1,-36.5271,1.7255,-1.3488
196.360,1,-36.5150,1.7254,-1.3537
196.379,1,-36.4912,1.7250,-1.3633
196.393,1,-36.4798,1.7256,-1.3680
196.407,1,-36.4559,1.7276,-1.3777
196.420,1,-36.4434,1.7313,-1.3828
196.433,1,-36.4311,1.7344,-1.3877
196.449,1,-36.4195,1.7363,-1.3919
196.463,1,-36.3963,1.7390,-1.4004
196.478,1,-36.3855,1.7402,-1.4040
196.493,1,-36.3746,1.7426,-1.4074
196.507,1,-36.3637,1.7456,-1.4105
196.521,1,-36.3416,1.7509,-1.4172
196.534,1,-36.3305,1.7544,-1.4198
196.550,1,-36.3192,1.7582,-1.4220
196.564,1,-36.2970,1.7649,-1.4273
196.578,1,-36.2861,1.7685,-1.4294
196.593,1,-36.2749,1.7716,-1.4314
196.608,1,-36.2528,1.7771,-1.4359
196.622,1,-36.2420,1.7787,-1.4378
196.638,1,-36.2313,1.7796,-1.4396
196.652,1,-36.2205,1.7800,-1.4413
196.665,1,-36.1985,1.7812,-1.4452
196.680,1,-36.1872,1.7795,-1.4470
196.694,1,-36.1760,1.7777,-1.4486
196.710,1,-36.1537,1.7751,-1.4521
196.723,1,-36.1424,1.7720,-1.4536
196.738,1,-36.1313,1.7690,-1.4551
196.753,1,-36.1088,1.7634,-1.4579
196.766,1,-36.0974,1.7598,-1.4592
196.781,1,-36.0856,1.7560,-1.4603
196.795,1,-36.0626,1.7494,-1.4628
196.809,1,-36.0506,1.7459,-1.4636
196.827,1,-36.0388,1.7431,-1.4642
196.842,1,-36.0154,1.7385,-1.4657
196.855,1,-36.0032,1.7373,-1.4661
196.869,1,-35.9914,1.7362,-1.4663
196.883,1,-35.9677,1.7333,-1.4671
196.897,1,-35.9560,1.7328,-1.4674
196.912,1,-35.9444,1.7328,-1.4674
196.926,1,-35.9335,1.7326,-1.4676
196.940,1,-35.9108,1.7331,-1.4679
196.954,1,-35.8995,1.7351,-1.4681
196.969,1,-35.8886,1.7379,-1.4684
196.983,1,-35.8670,1.7409,-1.4689
196.996,1,-35.8567,1.7428,-1.4694
197.010,1,-35.8467,1.7445,-1.4700
197.025,1,-35.8370,1.7461,-1.4707
197.042,1,-35.8172,1.7493,-1.4721
197.055,1,-35.8076,1.7514,-1.4732
197.069,1,-35.7984,1.7536,-1.4745
197.084,1,-35.7797,1.7580,-1.4766
197.097,1,-35.7706,1.7609,-1.4778
197.112,1,-35.7619,1.7640,-1.4792
197.129,1,-35.7445,1.7693,-1.4818
197.149,1,-35.7363,1.7718,-1.4833
197.163,1,-35.7193,1.7766,-1.4859
197.176,1,-35.7112,1.7787,-1.4872
197.191,1,-35.7028,1.7803,-1.4885
197.205,1,-35.6944,1.7816,-1.4898
197.220,1,-35.6776,1.7838,-1.4924
197.235,1,-35.6693,1.7835,-1.4937
197.252,1,-35.6525,1.7835,-1.4962
197.268,1,-35.6440,1.7823,-1.4975
197.284,1,-35.6271,1.7807,-1.5001
197.298,1,-35.6186,1.7789,-1.5015
197.314,1,-35.6100,1.7766,-1.5029
197.329,1,-35.5931,1.7728,-1.5057
197.342,1,-35.5847,1.7700,-1.5071
197.356,1,-35.5763,1.7671,-1.5088
197.370,1,-35.5678,1.7646,-1.5103
197.384,1,-35.5593,1.7623,-1.5120
197.398,1,-35.5420,1.7582,-1.5153
197.411,1,-35.5333,1.7566,-1.5171
197.425,1,-35.5245,1.7553,-1.5191
197.443,1,-35.5069,1.7528,-1.5230
197.460,1,-35.4890,1.7507,-1.5268
197.473,1,-35.4801,1.7500,-1.5289
197.488,1,-35.4714,1.7492,-1.5309
197.502,1,-35.4630,1.7486,-1.5330
197.516,1,-35.4457,1.7481,-1.5372
197.529,1,-35.4372,1.7492,-1.5392
197.543,1,-35.4291,1.7504,-1.5410
197.558,1,-35.4208,1.7517,-1.5428
197.572,1,-35.4040,1.7538,-1.5462
197.586,1,-35.3959,1.7558,-1.5474
197.599,1,-35.3880,1.7576,-1.5485
197.614,1,-35.3805,1.7590,-1.5495
197.628,1,-35.3653,1.7619,-1.5515
197.642,1,-35.3584,1.7639,-1.5520
197.656,1,-35.3515,1.7665,-1.5523
197.671,1,-35.3447,1.7693,-1.5524
197.686,1,-35.3308,1.7739,-1.5532
197.700,1,-35.3246,1.7762,-1.5536
197.714,1,-35.3183,1.7781,-1.5536
197.729,1,-35.3124,1.7797,-1.5538
197.744,1,-35.3002,1.7828,-1.5537
197.758,1,-35.2949,1.7837,-1.5535
197.773,1,-35.2894,1.7847,-1.5535
197.788,1,-35.2788,1.7869,-1.5548
197.803,1,-35.2740,1.7872,-1.5548
197.818,1,-35.2694,1.7874,-1.5547
197.833,1,-35.2598,1.7880,-1.5544
197.848,1,-35.2559,1.7875,-1.5545
197.864,1,-35.2479,1.7869,-1.5542
197.878,1,-35.2447,1.7863,-1.5540
197.893,1,-35.2423,1.7854,-1.5544
197.909,1,-35.2362,1.7844,-1.5541
197.923,1,-35.2341,1.7839,-1.5547
197.939,1,-35.2320,1.7838,-1.5547
197.954,1,-35.2267,1.7839,-1.5538
197.969,1,-35.2246,1.7841,-1.5534
197.984,1,-35.2197,1.7847,-1.5522
197.998,1,-35.2177,1.7851,-1.5514
198.014,1,-35.2160,1.7851,-1.5505
198.030,1,-35.2145,1.7850,-1.5499
198.045,1,-35.2112,1.7848,-1.5485
198.061,1,-35.2081,1.7851,-1.5471
198.079,1,-35.2068,1.7853,-1.5460
198.100,1,-35.2014,1.7853,-1.5427
198.115,1,-35.1986,1.7854,-1.5407
198.140,1,-35.1958,1.7858,-1.5388
198.162,1,-35.1930,1.7860,-1.5369
198.185,1,-35.1906,1.7856,-1.5354
198.206,1,-35.1883,1.7850,-1.5343
198.228,1,-35.1864,1.7840,-1.5335
198.251,1,-35.1847,1.7830,-1.5326
198.274,1,-35.1831,1.7822,-1.5324
198.296,1,-35.1813,1.7825,-1.5317
198.316,1,-35.1792,1.7831,-1.5309
198.338,1,-35.1773,1.7838,-1.5302
198.361,1,-35.1758,1.7838,-1.5303
198.383,1,-35.1745,1.7835,-1.5303
198.409,1,-35.1733,1.7829,-1.5304
198.430,1,-35.1719,1.7826,-1.5307
198.452,1,-35.1705,1.7825,-1.5301
198.474,1,-35.1692,1.7826,-1.5304
198.496,1,-35.1681,1.7827,-1.5306
198.520,1,-35.1675,1.7826,-1.5312
198.541,1,-35.1665,1.7827,-1.5313
198.564,1,-35.1657,1.7826,-1.5323
198.586,1,-35.1655,1.7826,-1.5331
198.602,1,-35.1653,1.7826,-1.5336
198.615,1,-35.1649,1.7826,-1.5339
198.628,1,-35.1645,1.7825,-1.5340
198.641,1,-35.1642,1.7825,-1.5342

# --- Trial 2 start ---
207.064,2,-39.7568,1.8105,-1.1206
207.143,2,-39.7547,1.8097,-1.1175
207.175,2,-39.7532,1.8092,-1.1155
207.192,2,-39.7524,1.8090,-1.1145
207.207,2,-39.7519,1.8089,-1.1141
207.226,2,-39.7515,1.8088,-1.1136
207.242,2,-39.7509,1.8085,-1.1126
207.257,2,-39.7505,1.8082,-1.1120
207.274,2,-39.7496,1.8080,-1.1109
207.289,2,-39.7490,1.8078,-1.1104
207.304,2,-39.7479,1.8077,-1.1095
207.323,2,-39.7471,1.8076,-1.1091
207.343,2,-39.7457,1.8074,-1.1084
207.359,2,-39.7438,1.8071,-1.1078
207.374,2,-39.7426,1.8070,-1.1078
207.390,2,-39.7413,1.8064,-1.1079
207.407,2,-39.7389,1.8054,-1.1079
207.423,2,-39.7371,1.8049,-1.1081
207.440,2,-39.7339,1.8043,-1.1086
207.455,2,-39.7316,1.8042,-1.1093
207.473,2,-39.7274,1.8037,-1.1106
207.488,2,-39.7249,1.8034,-1.1116
207.504,2,-39.7202,1.8028,-1.1134
207.521,2,-39.7173,1.8022,-1.1147
207.538,2,-39.7123,1.8011,-1.1171
207.554,2,-39.7096,1.8003,-1.1184
207.571,2,-39.7046,1.7989,-1.1210
207.587,2,-39.7020,1.7981,-1.1225
207.603,2,-39.6971,1.7968,-1.1253
207.619,2,-39.6947,1.7963,-1.1269
207.640,2,-39.6900,1.7951,-1.1299
207.658,2,-39.6858,1.7935,-1.1331
207.675,2,-39.6842,1.7929,-1.1347
207.692,2,-39.6807,1.7915,-1.1379
207.707,2,-39.6796,1.7904,-1.1395
207.725,2,-39.6774,1.7882,-1.1427
207.741,2,-39.6755,1.7904,-1.1446
207.757,2,-39.6706,1.7978,-1.1472
207.774,2,-39.6643,1.8042,-1.1516
207.790,2,-39.6616,1.8044,-1.1536
207.806,2,-39.6576,1.8033,-1.1572
207.821,2,-39.6571,1.7999,-1.1587
207.839,2,-39.6545,1.7967,-1.1618
207.855,2,-39.6529,1.7956,-1.1628
207.872,2,-39.6490,1.7934,-1.1657
207.888,2,-39.6463,1.7918,-1.1669
207.904,2,-39.6405,1.7903,-1.1695
207.920,2,-39.6368,1.7905,-1.1707
207.936,2,-39.6295,1.7902,-1.1731
207.952,2,-39.6253,1.7901,-1.1737
207.969,2,-39.6170,1.7894,-1.1753
207.985,2,-39.6124,1.7895,-1.1757
208.000,2,-39.6076,1.7897,-1.1758
208.017,2,-39.5984,1.7897,-1.1770
208.032,2,-39.5929,1.7895,-1.1771
208.049,2,-39.5821,1.7888,-1.1774
208.065,2,-39.5757,1.7880,-1.1777
208.080,2,-39.5635,1.7868,-1.1779
208.095,2,-39.5564,1.7859,-1.1784
208.110,2,-39.5491,1.7845,-1.1783
208.126,2,-39.5344,1.7812,-1.1780
208.141,2,-39.5264,1.7791,-1.1778
208.156,2,-39.5181,1.7768,-1.1777
208.172,2,-39.5024,1.7730,-1.1779
208.187,2,-39.4938,1.7705,-1.1775
208.203,2,-39.4767,1.7649,-1.1765
208.218,2,-39.4675,1.7617,-1.1760
208.234,2,-39.4579,1.7584,-1.1751
208.250,2,-39.4393,1.7531,-1.1741
208.265,2,-39.4294,1.7503,-1.1732
208.281,2,-39.4097,1.7444,-1.1714
208.296,2,-39.3992,1.7412,-1.1699
208.311,2,-39.3886,1.7387,-1.1686
208.329,2,-39.3675,1.7350,-1.1667
208.344,2,-39.3562,1.7345,-1.1654
208.361,2,-39.3338,1.7329,-1.1631
208.377,2,-39.3226,1.7331,-1.1615
208.393,2,-39.2998,1.7336,-1.1587
208.408,2,-39.2879,1.7371,-1.1574
208.422,2,-39.2647,1.7409,-1.1548
208.438,2,-39.2534,1.7451,-1.1536
208.459,2,-39.2317,1.7512,-1.1514
208.475,2,-39.2216,1.7545,-1.1508
208.491,2,-39.2012,1.7606,-1.1497
208.507,2,-39.1917,1.7633,-1.1496
208.522,2,-39.1820,1.7664,-1.1495
208.539,2,-39.1622,1.7733,-1.1490
208.558,2,-39.1418,1.7805,-1.1491
208.573,2,-39.1312,1.7841,-1.1498
208.588,2,-39.1206,1.7868,-1.1503
208.605,2,-39.1001,1.7922,-1.1508
208.620,2,-39.0895,1.7941,-1.1516
208.636,2,-39.0682,1.7978,-1.1525
208.652,2,-39.0572,1.7980,-1.1531
208.667,2,-39.0351,1.7995,-1.1543
208.683,2,-39.0242,1.7974,-1.1546
208.700,2,-39.0126,1.7954,-1.1551
208.716,2,-38.9900,1.7931,-1.1561
208.731,2,-38.9781,1.7899,-1.1568
208.751,2,-38.9548,1.7850,-1.1581
208.770,2,-38.9310,1.7788,-1.1595
208.786,2,-38.9186,1.7751,-1.1606
208.802,2,-38.8940,1.7682,-1.1624
208.818,2,-38.8811,1.7642,-1.1639
208.834,2,-38.8561,1.7568,-1.1661
208.851,2,-38.8436,1.7535,-1.1674
208.867,2,-38.8306,1.7517,-1.1693
208.884,2,-38.8052,1.7477,-1.1725
208.899,2,-38.7915,1.7473,-1.1747
208.915,2,-38.7655,1.7457,-1.1784
208.930,2,-38.7523,1.7457,-1.1804
208.947,2,-38.7265,1.7461,-1.1843
208.963,2,-38.7142,1.7479,-1.1860
208.979,2,-38.7011,1.7515,-1.1879
208.997,2,-38.6745,1.7571,-1.1911
209.012,2,-38.6486,1.7621,-1.1938
209.027,2,-38.6352,1.7645,-1.1948
209.043,2,-38.6228,1.7664,-1.1955
209.060,2,-38.5978,1.7706,-1.1965
209.076,2,-38.5854,1.7735,-1.1963
209.092,2,-38.5601,1.7788,-1.1966
209.108,2,-38.5471,1.7826,-1.1962
209.124,2,-38.5208,1.7888,-1.1960
209.139,2,-38.5077,1.7917,-1.1954
209.155,2,-38.4945,1.7939,-1.1945
209.172,2,-38.4679,1.7979,-1.1933
209.188,2,-38.4415,1.8000,-1.1921
209.203,2,-38.4278,1.7997,-1.1913
209.221,2,-38.4144,1.7972,-1.1904
209.236,2,-38.3874,1.7950,-1.1887
209.249,2,-38.3737,1.7915,-1.1877
209.265,2,-38.3599,1.7879,-1.1867
209.281,2,-38.3329,1.7818,-1.1848
209.296,2,-38.3189,1.7773,-1.1838
209.311,2,-38.2913,1.7693,-1.1814
209.327,2,-38.2770,1.7641,-1.1800
209.342,2,-38.2626,1.7595,-1.1787
209.358,2,-38.2348,1.7516,-1.1761
209.373,2,-38.2202,1.7487,-1.1747
209.389,2,-38.2056,1.7463,-1.1732
209.405,2,-38.1761,1.7423,-1.1705
209.420,2,-38.1609,1.7416,-1.1693
209.436,2,-38.1314,1.7396,-1.1667
209.451,2,-38.1170,1.7400,-1.1655
209.465,2,-38.1027,1.7404,-1.1645
209.480,2,-38.0887,1.7417,-1.1636
209.495,2,-38.0605,1.7446,-1.1620
209.510,2,-38.0470,1.7476,-1.1617
209.529,2,-38.0197,1.7511,-1.1610
209.547,2,-37.9932,1.7537,-1.1607
209.561,2,-37.9804,1.7553,-1.1612
209.575,2,-37.9673,1.7581,-1.1619
209.590,2,-37.9406,1.7638,-1.1631
209.606,2,-37.9272,1.7674,-1.1645
209.621,2,-37.9138,1.7702,-1.1656
209.637,2,-37.8875,1.7757,-1.1677
209.653,2,-37.8741,1.7786,-1.1691
209.668,2,-37.8475,1.7837,-1.1717
209.687,2,-37.8343,1.7847,-1.1736
209.704,2,-37.8078,1.7865,-1.1767
209.721,2,-37.7808,1.7865,-1.1798
209.737,2,-37.7675,1.7844,-1.1817
209.753,2,-37.7538,1.7817,-1.1837
209.769,2,-37.7267,1.7773,-1.1874
209.783,2,-37.7128,1.7737,-1.1896
209.799,2,-37.6991,1.7698,-1.1919
209.815,2,-37.6718,1.7627,-1.1963
209.831,2,-37.6579,1.7582,-1.1989
209.847,2,-37.6304,1.7499,-1.2039
209.863,2,-37.6165,1.7455,-1.2067
209.879,2,-37.5890,1.7379,-1.2121
209.895,2,-37.5749,1.7350,-1.2154
209.910,2,-37.5467,1.7297,-1.2216
209.926,2,-37.5325,1.7283,-1.2253
209.941,2,-37.5181,1.7275,-1.2289
209.958,2,-37.4902,1.7245,-1.2357
209.974,2,-37.4764,1.7243,-1.2391
209.990,2,-37.4484,1.7246,-1.2457
210.006,2,-37.4345,1.7290,-1.2485
210.022,2,-37.4072,1.7329,-1.2541
210.037,2,-37.3946,1.7352,-1.2556
210.053,2,-37.3826,1.7365,-1.2567
210.070,2,-37.3584,1.7390,-1.2595
210.085,2,-37.3468,1.7414,-1.2603
210.101,2,-37.3226,1.7479,-1.2628
210.117,2,-37.3107,1.7531,-1.2641
210.133,2,-37.2860,1.7612,-1.2670
210.149,2,-37.2735,1.7653,-1.2683
210.169,2,-37.2482,1.7723,-1.2712
210.187,2,-37.2224,1.7785,-1.2746
210.202,2,-37.2095,1.7807,-1.2764
210.222,2,-37.1965,1.7811,-1.2783
210.238,2,-37.1707,1.7833,-1.2820
210.254,2,-37.1573,1.7823,-1.2840
210.271,2,-37.1306,1.7809,-1.2880
210.289,2,-37.1035,1.7780,-1.2923
210.304,2,-37.0896,1.7745,-1.2946
210.323,2,-37.0758,1.7701,-1.2967
210.344,2,-37.0350,1.7600,-1.3027
210.359,2,-37.0211,1.7557,-1.3046
210.374,2,-37.0071,1.7522,-1.3066
210.389,2,-36.9930,1.7493,-1.3086
210.404,2,-36.9646,1.7440,-1.3126
210.420,2,-36.9501,1.7423,-1.3144
210.434,2,-36.9217,1.7385,-1.3182
210.449,2,-36.9075,1.7377,-1.3200
210.463,2,-36.8934,1.7374,-1.3216
210.482,2,-36.8658,1.7361,-1.3250
210.498,2,-36.8526,1.7381,-1.3264
210.513,2,-36.8250,1.7410,-1.3297
210.527,2,-36.8117,1.7445,-1.3316
210.541,2,-36.7986,1.7468,-1.3335
210.554,2,-36.7858,1.7483,-1.3355
210.571,2,-36.7606,1.7506,-1.3396
210.589,2,-36.7364,1.7541,-1.3441
210.604,2,-36.7246,1.7572,-1.3465
210.620,2,-36.7130,1.7604,-1.3491
210.633,2,-36.7014,1.7636,-1.3517
210.648,2,-36.6777,1.7692,-1.3564
210.663,2,-36.6662,1.7729,-1.3591
210.678,2,-36.6546,1.7762,-1.3617
210.693,2,-36.6308,1.7820,-1.3669
210.707,2,-36.6193,1.7839,-1.3697
210.722,2,-36.5960,1.7874,-1.3749
210.736,2,-36.5844,1.7875,-1.3774
210.751,2,-36.5727,1.7870,-1.3800
210.766,2,-36.5608,1.7862,-1.3825
210.781,2,-36.5369,1.7856,-1.3878
210.797,2,-36.5246,1.7839,-1.3907
210.812,2,-36.5001,1.7812,-1.3963
210.827,2,-36.4875,1.7788,-1.3991
210.842,2,-36.4751,1.7753,-1.4021
210.858,2,-36.4506,1.7694,-1.4079
210.873,2,-36.4381,1.7653,-1.4111
210.888,2,-36.4258,1.7616,-1.4143
210.904,2,-36.4010,1.7552,-1.4206
210.919,2,-36.3885,1.7523,-1.4241
210.935,2,-36.3637,1.7474,-1.4309
210.949,2,-36.3509,1.7461,-1.4347
210.965,2,-36.3380,1.7453,-1.4384
210.981,2,-36.3131,1.7432,-1.4457
210.996,2,-36.3008,1.7427,-1.4496
211.012,2,-36.2760,1.7416,-1.4569
211.026,2,-36.2638,1.7431,-1.4606
211.042,2,-36.2516,1.7456,-1.4642
211.058,2,-36.2272,1.7482,-1.4711
211.075,2,-36.2154,1.7500,-1.4742
211.090,2,-36.1919,1.7523,-1.4804
211.105,2,-36.1807,1.7539,-1.4827
211.121,2,-36.1696,1.7563,-1.4848
211.137,2,-36.1470,1.7608,-1.4896
211.152,2,-36.1360,1.7638,-1.4914
211.168,2,-36.1135,1.7701,-1.4952
211.182,2,-36.1023,1.7739,-1.4965
211.199,2,-36.0914,1.7775,-1.4977
211.214,2,-36.0692,1.7836,-1.5006
211.229,2,-36.0583,1.7861,-1.5015
211.245,2,-36.0360,1.7906,-1.5039
211.261,2,-36.0249,1.7916,-1.5047
211.278,2,-36.0136,1.7921,-1.5055
211.295,2,-35.9914,1.7929,-1.5073
211.310,2,-35.9800,1.7921,-1.5080
211.326,2,-35.9572,1.7906,-1.5094
211.341,2,-35.9455,1.7885,-1.5100
211.359,2,-35.9225,1.7842,-1.5110
211.375,2,-35.9110,1.7807,-1.5112
211.391,2,-35.8883,1.7747,-1.5118
211.407,2,-35.8767,1.7705,-1.5118
211.423,2,-35.8537,1.7639,-1.5120
211.438,2,-35.8423,1.7607,-1.5118
211.453,2,-35.8310,1.7580,-1.5114
211.468,2,-35.8195,1.7559,-1.5110
211.484,2,-35.7965,1.7515,-1.5104
211.498,2,-35.7850,1.7503,-1.5098
211.514,2,-35.7625,1.7471,-1.5091
211.528,2,-35.7517,1.7463,-1.5087
211.542,2,-35.7410,1.7467,-1.5082
211.558,2,-35.7193,1.7474,-1.5073
211.573,2,-35.7090,1.7489,-1.5069
211.588,2,-35.6883,1.7503,-1.5064
211.602,2,-35.6784,1.7519,-1.5065
211.621,2,-35.6690,1.7535,-1.5072
211.637,2,-35.6493,1.7559,-1.5079
211.650,2,-35.6396,1.7582,-1.5086
211.665,2,-35.6300,1.7612,-1.5095
211.680,2,-35.6110,1.7662,-1.5107
211.694,2,-35.6016,1.7692,-1.5115
211.709,2,-35.5831,1.7746,-1.5131
211.726,2,-35.5746,1.7780,-1.5142
211.743,2,-35.5659,1.7808,-1.5153
211.758,2,-35.5484,1.7853,-1.5170
211.772,2,-35.5398,1.7867,-1.5179
211.787,2,-35.5228,1.7889,-1.5196
211.801,2,-35.5143,1.7891,-1.5204
211.815,2,-35.5057,1.7891,-1.5210
211.829,2,-35.4971,1.7890,-1.5217
211.844,2,-35.4799,1.7893,-1.5233
211.857,2,-35.4714,1.7885,-1.5241
211.872,2,-35.4630,1.7875,-1.5249
211.890,2,-35.4464,1.7853,-1.5266
211.906,2,-35.4383,1.7831,-1.5275
211.921,2,-35.4226,1.7799,-1.5290
211.936,2,-35.4153,1.7778,-1.5298
211.951,2,-35.4084,1.7759,-1.5307
211.968,2,-35.3943,1.7723,-1.5325
211.983,2,-35.3879,1.7703,-1.5335
211.998,2,-35.3741,1.7665,-1.5354
212.013,2,-35.3673,1.7656,-1.5367
212.031,2,-35.3602,1.7667,-1.5377
212.046,2,-35.3464,1.7673,-1.5398
212.061,2,-35.3397,1.7687,-1.5406
212.077,2,-35.3270,1.7694,-1.5422
212.092,2,-35.3216,1.7697,-1.5427
212.108,2,-35.3108,1.7699,-1.5441
212.123,2,-35.3061,1.7711,-1.5442
212.140,2,-35.3017,1.7732,-1.5440
212.155,2,-35.2919,1.7762,-1.5443
212.170,2,-35.2880,1.7785,-1.5444
212.186,2,-35.2787,1.7827,-1.5443
212.200,2,-35.2744,1.7854,-1.5440
212.215,2,-35.2701,1.7876,-1.5439
212.231,2,-35.2658,1.7896,-1.5436
212.245,2,-35.2583,1.7930,-1.5460
212.262,2,-35.2546,1.7937,-1.5461
212.279,2,-35.2473,1.7947,-1.5458
212.296,2,-35.2404,1.7944,-1.5458
212.311,2,-35.2379,1.7934,-1.5461
212.330,2,-35.2360,1.7918,-1.5461
212.346,2,-35.2311,1.7896,-1.5460
212.362,2,-35.2298,1.7880,-1.5458
212.377,2,-35.2263,1.7862,-1.5457
212.393,2,-35.2255,1.7854,-1.5462
212.409,2,-35.2224,1.7839,-1.5454
212.423,2,-35.2211,1.7836,-1.5448
212.439,2,-35.2197,1.7847,-1.5444
212.454,2,-35.2167,1.7866,-1.5436
212.469,2,-35.2157,1.7875,-1.5431
212.485,2,-35.2149,1.7874,-1.5425
212.502,2,-35.2130,1.7869,-1.5417
212.520,2,-35.2111,1.7865,-1.5406
212.537,2,-35.2099,1.7865,-1.5402
212.553,2,-35.2073,1.7871,-1.5394
212.568,2,-35.2057,1.7877,-1.5387
212.584,2,-35.2045,1.7882,-1.5387
212.602,2,-35.2017,1.7886,-1.5377
212.620,2,-35.1991,1.7885,-1.5367
212.636,2,-35.1979,1.7880,-1.5361
212.653,2,-35.1970,1.7876,-1.5357
212.673,2,-35.1950,1.7869,-1.5347
212.691,2,-35.1933,1.7864,-1.5337
212.706,2,-35.1916,1.7860,-1.5328
212.720,2,-35.1909,1.7859,-1.5319
212.737,2,-35.1904,1.7858,-1.5315
212.751,2,-35.1900,1.7856,-1.5317
212.766,2,-35.1893,1.7856,-1.5314
212.781,2,-35.1880,1.7856,-1.5306
212.795,2,-35.1875,1.7857,-1.5304
212.810,2,-35.1864,1.7857,-1.5297
212.823,2,-35.1862,1.7855,-1.5302
212.838,2,-35.1860,1.7855,-1.5306
212.852,2,-35.1857,1.7854,-1.5305
212.867,2,-35.1849,1.7853,-1.5301
212.882,2,-35.1847,1.7852,-1.5301
212.897,2,-35.1846,1.7850,-1.5303
212.912,2,-35.1843,1.7847,-1.5307
212.926,2,-35.1842,1.7847,-1.5309
212.940,2,-35.1837,1.7845,-1.5310
212.954,2,-35.1835,1.7845,-1.5310
212.972,2,-35.1833,1.7844,-1.5310
212.986,2,-35.1836,1.7845,-1.5314
213.000,2,-35.1834,1.7844,-1.5318
213.014,2,-35.1833,1.7844,-1.5318
213.029,2,-35.1830,1.7844,-1.5317
213.043,2,-35.1828,1.7844,-1.5319
213.058,2,-35.1827,1.7844,-1.5318

# --- Trial 3 start ---
220.790,3,-39.7485,1.8176,-1.1318
220.870,3,-39.7510,1.8174,-1.1309
220.895,3,-39.7526,1.8173,-1.1303
220.909,3,-39.7530,1.8171,-1.1301
220.932,3,-39.7533,1.8170,-1.1298
220.949,3,-39.7545,1.8168,-1.1291
220.965,3,-39.7548,1.8169,-1.1288
220.983,3,-39.7551,1.8171,-1.1286
221.000,3,-39.7557,1.8172,-1.1281
221.016,3,-39.7562,1.8172,-1.1275
221.031,3,-39.7565,1.8172,-1.1271
221.047,3,-39.7566,1.8172,-1.1267
221.062,3,-39.7566,1.8173,-1.1263
221.080,3,-39.7565,1.8172,-1.1256
221.097,3,-39.7562,1.8171,-1.1247
221.112,3,-39.7559,1.8171,-1.1242
221.127,3,-39.7552,1.8170,-1.1238
221.142,3,-39.7544,1.8169,-1.1234
221.156,3,-39.7531,1.8166,-1.1225
221.171,3,-39.7522,1.8165,-1.1221
221.187,3,-39.7506,1.8164,-1.1215
221.202,3,-39.7495,1.8162,-1.1213
221.218,3,-39.7473,1.8157,-1.1210
221.232,3,-39.7459,1.8153,-1.1210
221.248,3,-39.7442,1.8148,-1.1213
221.264,3,-39.7409,1.8144,-1.1217
221.280,3,-39.7388,1.8145,-1.1225
221.295,3,-39.7349,1.8144,-1.1235
221.310,3,-39.7327,1.8140,-1.1243
221.326,3,-39.7302,1.8136,-1.1252
221.341,3,-39.7257,1.8127,-1.1269
221.356,3,-39.7232,1.8119,-1.1278
221.371,3,-39.7207,1.8110,-1.1289
221.386,3,-39.7159,1.8087,-1.1309
221.401,3,-39.7137,1.8070,-1.1320
221.415,3,-39.7116,1.8055,-1.1330
221.432,3,-39.7074,1.8028,-1.1349
221.448,3,-39.7055,1.8015,-1.1359
221.464,3,-39.7017,1.7996,-1.1380
221.479,3,-39.7002,1.7988,-1.1390
221.495,3,-39.6975,1.7960,-1.1410
221.509,3,-39.6972,1.7938,-1.1421
221.527,3,-39.6942,1.7979,-1.1433
221.542,3,-39.6886,1.8055,-1.1464
221.557,3,-39.6853,1.8095,-1.1481
221.572,3,-39.6794,1.8123,-1.1509
221.587,3,-39.6771,1.8108,-1.1526
221.602,3,-39.6752,1.8092,-1.1543
221.617,3,-39.6736,1.8091,-1.1558
221.633,3,-39.6699,1.8093,-1.1584
221.647,3,-39.6678,1.8083,-1.1596
221.662,3,-39.6635,1.8060,-1.1622
221.677,3,-39.6607,1.8046,-1.1636
221.693,3,-39.6572,1.8041,-1.1650
221.710,3,-39.6504,1.8044,-1.1673
221.725,3,-39.6462,1.8048,-1.1683
221.740,3,-39.6387,1.8042,-1.1703
221.755,3,-39.6343,1.8033,-1.1713
221.774,3,-39.6297,1.8030,-1.1719
221.790,3,-39.6212,1.8026,-1.1734
221.804,3,-39.6162,1.8027,-1.1740
221.819,3,-39.6065,1.8025,-1.1751
221.835,3,-39.6007,1.8020,-1.1757
221.850,3,-39.5948,1.8014,-1.1762
221.867,3,-39.5837,1.8002,-1.1774
221.883,3,-39.5773,1.7990,-1.1779
221.900,3,-39.5646,1.7962,-1.1787
221.915,3,-39.5513,1.7933,-1.1792
221.932,3,-39.5436,1.7914,-1.1796
221.950,3,-39.5357,1.7897,-1.1799
221.967,3,-39.5206,1.7857,-1.1800
221.983,3,-39.5123,1.7833,-1.1799
221.999,3,-39.4959,1.7783,-1.1794
222.018,3,-39.4785,1.7733,-1.1789
222.036,3,-39.4691,1.7708,-1.1787
222.052,3,-39.4513,1.7654,-1.1776
222.067,3,-39.4415,1.7624,-1.1765
222.083,3,-39.4314,1.7601,-1.1754
222.099,3,-39.4116,1.7558,-1.1736
222.114,3,-39.4010,1.7543,-1.1723
222.130,3,-39.3801,1.7509,-1.1698
222.146,3,-39.3692,1.7499,-1.1678
222.163,3,-39.3471,1.7487,-1.1646
222.179,3,-39.3352,1.7500,-1.1624
222.194,3,-39.3125,1.7507,-1.1587
222.210,3,-39.3011,1.7527,-1.1559
222.225,3,-39.2895,1.7552,-1.1536
222.241,3,-39.2669,1.7595,-1.1489
222.256,3,-39.2552,1.7631,-1.1466
222.273,3,-39.2436,1.7663,-1.1445
222.289,3,-39.2216,1.7706,-1.1403
222.305,3,-39.2012,1.7740,-1.1360
222.320,3,-39.1916,1.7754,-1.1344
222.336,3,-39.1818,1.7774,-1.1332
222.351,3,-39.1718,1.7799,-1.1321
222.368,3,-39.1515,1.7841,-1.1293
222.384,3,-39.1312,1.7883,-1.1269
222.400,3,-39.1209,1.7908,-1.1262
222.416,3,-39.1100,1.7930,-1.1256
222.432,3,-39.0885,1.7969,-1.1240
222.450,3,-39.0773,1.7978,-1.1235
222.466,3,-39.0554,1.7997,-1.1222
222.483,3,-39.0332,1.8004,-1.1211
222.499,3,-39.0219,1.7996,-1.1207
222.518,3,-39.0099,1.7976,-1.1207
222.534,3,-38.9870,1.7943,-1.1198
222.550,3,-38.9750,1.7915,-1.1197
222.566,3,-38.9514,1.7862,-1.1190
222.582,3,-38.9391,1.7830,-1.1191
222.598,3,-38.9144,1.7759,-1.1191
222.613,3,-38.9019,1.7714,-1.1189
222.628,3,-38.8772,1.7635,-1.1190
222.643,3,-38.8645,1.7589,-1.1194
222.658,3,-38.8515,1.7549,-1.1201
222.673,3,-38.8384,1.7516,-1.1208
222.689,3,-38.8122,1.7457,-1.1221
222.704,3,-38.7987,1.7441,-1.1230
222.718,3,-38.7716,1.7409,-1.1250
222.735,3,-38.7572,1.7412,-1.1269
222.753,3,-38.7300,1.7409,-1.1299
222.768,3,-38.7164,1.7421,-1.1320
222.783,3,-38.6897,1.7434,-1.1351
222.798,3,-38.6760,1.7476,-1.1370
222.816,3,-38.6620,1.7526,-1.1391
222.833,3,-38.6350,1.7589,-1.1423
222.848,3,-38.6218,1.7616,-1.1436
222.863,3,-38.5963,1.7656,-1.1459
222.878,3,-38.5845,1.7667,-1.1465
222.894,3,-38.5600,1.7714,-1.1482
222.909,3,-38.5482,1.7748,-1.1487
222.923,3,-38.5358,1.7784,-1.1493
222.939,3,-38.5106,1.7849,-1.1502
222.954,3,-38.4974,1.7880,-1.1506
222.969,3,-38.4845,1.7908,-1.1510
222.986,3,-38.4588,1.7957,-1.1520
223.001,3,-38.4460,1.7969,-1.1525
223.016,3,-38.4202,1.7989,-1.1531
223.032,3,-38.4068,1.7981,-1.1534
223.047,3,-38.3933,1.7972,-1.1540
223.064,3,-38.3667,1.7943,-1.1547
223.079,3,-38.3530,1.7921,-1.1551
223.095,3,-38.3262,1.7869,-1.1558
223.111,3,-38.3123,1.7829,-1.1562
223.127,3,-38.2849,1.7760,-1.1568
223.143,3,-38.2706,1.7709,-1.1571
223.159,3,-38.2568,1.7663,-1.1573
223.175,3,-38.2293,1.7576,-1.1574
223.191,3,-38.2151,1.7536,-1.1575
223.207,3,-38.1865,1.7473,-1.1577
223.222,3,-38.1719,1.7456,-1.1576
223.238,3,-38.1428,1.7422,-1.1575
223.253,3,-38.1280,1.7418,-1.1571
223.270,3,-38.1135,1.7423,-1.1568
223.286,3,-38.0848,1.7420,-1.1565
223.303,3,-38.0708,1.7436,-1.1563
223.319,3,-38.0425,1.7469,-1.1560
223.335,3,-38.0286,1.7503,-1.1560
223.351,3,-38.0011,1.7546,-1.1564
223.366,3,-37.9878,1.7570,-1.1570
223.382,3,-37.9747,1.7589,-1.1579
223.398,3,-37.9483,1.7636,-1.1597
223.414,3,-37.9351,1.7676,-1.1613
223.431,3,-37.9085,1.7746,-1.1640
223.447,3,-37.8952,1.7785,-1.1657
223.464,3,-37.8686,1.7858,-1.1689
223.480,3,-37.8554,1.7891,-1.1708
223.497,3,-37.8290,1.7949,-1.1744
223.513,3,-37.8158,1.7964,-1.1766
223.530,3,-37.7893,1.7992,-1.1807
223.546,3,-37.7763,1.7982,-1.1827
223.563,3,-37.7503,1.7977,-1.1868
223.579,3,-37.7372,1.7946,-1.1889
223.595,3,-37.7108,1.7913,-1.1932
223.610,3,-37.6973,1.7882,-1.1955
223.625,3,-37.6836,1.7853,-1.1980
223.642,3,-37.6564,1.7789,-1.2028
223.657,3,-37.6424,1.7743,-1.2055
223.674,3,-37.6151,1.7666,-1.2106
223.690,3,-37.6011,1.7625,-1.2136
223.707,3,-37.5736,1.7551,-1.2193
223.722,3,-37.5596,1.7522,-1.2226
223.739,3,-37.5454,1.7501,-1.2260
223.755,3,-37.5171,1.7461,-1.2328
223.769,3,-37.5030,1.7457,-1.2365
223.785,3,-37.4750,1.7438,-1.2436
223.799,3,-37.4612,1.7439,-1.2474
223.814,3,-37.4477,1.7442,-1.2512
223.830,3,-37.4200,1.7467,-1.2585
223.846,3,-37.4060,1.7506,-1.2622
223.862,3,-37.3785,1.7552,-1.2691
223.876,3,-37.3654,1.7573,-1.2718
223.891,3,-37.3527,1.7591,-1.2744
223.908,3,-37.3267,1.7634,-1.2798
223.926,3,-37.3138,1.7672,-1.2816
223.943,3,-37.2875,1.7743,-1.2861
223.957,3,-37.2744,1.7790,-1.2878
223.972,3,-37.2481,1.7870,-1.2916
223.986,3,-37.2350,1.7911,-1.2929
224.000,3,-37.2216,1.7944,-1.2942
224.015,3,-37.2084,1.7970,-1.2955
224.031,3,-37.1822,1.8015,-1.2983
224.046,3,-37.1692,1.8016,-1.2994
224.062,3,-37.1427,1.8025,-1.3021
224.077,3,-37.1292,1.8007,-1.3033
224.092,3,-37.1024,1.7988,-1.3058
224.106,3,-37.0886,1.7954,-1.3070
224.121,3,-37.0747,1.7922,-1.3082
224.136,3,-37.0474,1.7869,-1.3104
224.151,3,-37.0332,1.7826,-1.3115
224.167,3,-37.0191,1.7777,-1.3124
224.183,3,-36.9910,1.7692,-1.3143
224.198,3,-36.9765,1.7643,-1.3150
224.214,3,-36.9481,1.7560,-1.3167
224.230,3,-36.9334,1.7526,-1.3174
224.245,3,-36.9186,1.7500,-1.3181
224.267,3,-36.8893,1.7460,-1.3192
224.285,3,-36.8602,1.7429,-1.3201
224.306,3,-36.8457,1.7432,-1.3203
224.324,3,-36.8174,1.7425,-1.3213
224.342,3,-36.7890,1.7443,-1.3221
224.358,3,-36.7750,1.7482,-1.3226
224.376,3,-36.7474,1.7531,-1.3239
224.396,3,-36.7209,1.7571,-1.3258
224.415,3,-36.6952,1.7607,-1.3284
224.431,3,-36.6833,1.7636,-1.3302
224.447,3,-36.6710,1.7671,-1.3320
224.464,3,-36.6461,1.7730,-1.3354
224.480,3,-36.6215,1.7795,-1.3391
224.496,3,-36.6095,1.7834,-1.3412
224.515,3,-36.5974,1.7868,-1.3434
224.532,3,-36.5728,1.7925,-1.3476
224.547,3,-36.5606,1.7943,-1.3498
224.562,3,-36.5362,1.7975,-1.3540
224.577,3,-36.5242,1.7972,-1.3562
224.594,3,-36.5121,1.7965,-1.3583
224.610,3,-36.4877,1.7952,-1.3627
224.625,3,-36.4752,1.7933,-1.3650
224.642,3,-36.4500,1.7899,-1.3693
224.657,3,-36.4372,1.7872,-1.3716
224.673,3,-36.4116,1.7825,-1.3763
224.688,3,-36.3986,1.7786,-1.3790
224.704,3,-36.3858,1.7746,-1.3817
224.719,3,-36.3600,1.7678,-1.3870
224.735,3,-36.3471,1.7639,-1.3900
224.750,3,-36.3214,1.7572,-1.3958
224.766,3,-36.3084,1.7543,-1.3991
224.784,3,-36.2952,1.7521,-1.4025
224.800,3,-36.2690,1.7481,-1.4091
224.815,3,-36.2555,1.7476,-1.4129
224.832,3,-36.2291,1.7455,-1.4201
224.847,3,-36.2027,1.7443,-1.4274
224.867,3,-36.1899,1.7446,-1.4312
224.884,3,-36.1771,1.7464,-1.4349
224.900,3,-36.1512,1.7494,-1.4421
224.915,3,-36.1389,1.7517,-1.4451
224.929,3,-36.1136,1.7543,-1.4514
224.944,3,-36.1014,1.7555,-1.4542
224.959,3,-36.0895,1.7571,-1.4564
224.975,3,-36.0651,1.7605,-1.4615
224.989,3,-36.0534,1.7634,-1.4634
225.004,3,-36.0294,1.7689,-1.4676
225.022,3,-36.0176,1.7733,-1.4690
225.038,3,-36.0062,1.7767,-1.4703
225.053,3,-35.9829,1.7825,-1.4733
225.068,3,-35.9713,1.7851,-1.4744
225.082,3,-35.9483,1.7901,-1.4771
225.097,3,-35.9370,1.7918,-1.4781
225.114,3,-35.9257,1.7925,-1.4791
225.128,3,-35.9027,1.7949,-1.4813
225.142,3,-35.8912,1.7948,-1.4823
225.158,3,-35.8801,1.7941,-1.4831
225.172,3,-35.8573,1.7934,-1.4850
225.187,3,-35.8458,1.7914,-1.4859
225.201,3,-35.8346,1.7893,-1.4867
225.215,3,-35.8119,1.7853,-1.4881
225.230,3,-35.8005,1.7817,-1.4886
225.244,3,-35.7892,1.7778,-1.4891
225.261,3,-35.7668,1.7711,-1.4901
225.277,3,-35.7552,1.7669,-1.4904
225.291,3,-35.7326,1.7601,-1.4912
225.305,3,-35.7212,1.7574,-1.4913
225.324,3,-35.7098,1.7557,-1.4914
225.338,3,-35.6871,1.7512,-1.4918
225.355,3,-35.6753,1.7497,-1.4916
225.371,3,-35.6527,1.7460,-1.4918
225.386,3,-35.6418,1.7447,-1.4918
225.401,3,-35.6311,1.7440,-1.4917
225.417,3,-35.6099,1.7440,-1.4918
225.431,3,-35.5997,1.7455,-1.4919
225.446,3,-35.5896,1.7468,-1.4920
225.461,3,-35.5691,1.7488,-1.4925
225.478,3,-35.5595,1.7514,-1.4933
225.497,3,-35.5398,1.7552,-1.4946
225.516,3,-35.5306,1.7581,-1.4956
225.531,3,-35.5117,1.7626,-1.4972
225.546,3,-35.5032,1.7653,-1.4983
225.560,3,-35.4854,1.7701,-1.5000
225.575,3,-35.4773,1.7730,-1.5011
225.591,3,-35.4697,1.7756,-1.5023
225.607,3,-35.4534,1.7802,-1.5044
225.621,3,-35.4458,1.7821,-1.5056
225.637,3,-35.4306,1.7857,-1.5078
225.652,3,-35.4235,1.7871,-1.5089
225.668,3,-35.4166,1.7882,-1.5100
225.684,3,-35.4019,1.7907,-1.5123
225.700,3,-35.3947,1.7910,-1.5134
225.715,3,-35.3805,1.7919,-1.5158
225.731,3,-35.3738,1.7912,-1.5170
225.746,3,-35.3606,1.7901,-1.5194
225.761,3,-35.3546,1.7882,-1.5207
225.780,3,-35.3490,1.7861,-1.5220
225.795,3,-35.3377,1.7835,-1.5248
225.813,3,-35.3326,1.7823,-1.5262
225.831,3,-35.3221,1.7798,-1.5289
225.846,3,-35.3124,1.7766,-1.5322
225.861,3,-35.3081,1.7747,-1.5340
225.875,3,-35.3038,1.7737,-1.5358
225.891,3,-35.2992,1.7740,-1.5374
225.907,3,-35.2945,1.7752,-1.5388
225.922,3,-35.2851,1.7757,-1.5417
225.938,3,-35.2811,1.7761,-1.5428
225.953,3,-35.2727,1.7767,-1.5450
225.969,3,-35.2654,1.7782,-1.5466
225.986,3,-35.2627,1.7795,-1.5479
226.001,3,-35.2485,1.7830,-1.5509
226.022,3,-35.2430,1.7863,-1.5513
226.050,3,-35.2387,1.7900,-1.5525
226.071,3,-35.2336,1.7924,-1.5529
226.094,3,-35.2293,1.7934,-1.5538
226.116,3,-35.2252,1.7933,-1.5545
226.143,3,-35.2219,1.7912,-1.5546
226.164,3,-35.2183,1.7896,-1.5545
226.179,3,-35.2147,1.7882,-1.5545
226.203,3,-35.2122,1.7854,-1.5537
226.225,3,-35.2096,1.7839,-1.5528
226.247,3,-35.2070,1.7850,-1.5513
226.271,3,-35.2051,1.7854,-1.5495
226.293,3,-35.2041,1.7848,-1.5485
226.315,3,-35.2031,1.7853,-1.5471
226.337,3,-35.2017,1.7866,-1.5454
226.359,3,-35.2004,1.7877,-1.5444
226.382,3,-35.1990,1.7883,-1.5430
226.404,3,-35.1981,1.7881,-1.5418
226.427,3,-35.1972,1.7875,-1.5410
226.456,3,-35.1964,1.7871,-1.5401
226.477,3,-35.1954,1.7872,-1.5392
226.498,3,-35.1945,1.7870,-1.5385
226.519,3,-35.1941,1.7870,-1.5382
226.535,3,-35.1938,1.7869,-1.5382
226.551,3,-35.1933,1.7870,-1.5381
226.566,3,-35.1921,1.7871,-1.5377
226.583,3,-35.1916,1.7871,-1.5375
226.599,3,-35.1905,1.7870,-1.5370
226.615,3,-35.1901,1.7869,-1.5371
226.630,3,-35.1893,1.7867,-1.5368
226.644,3,-35.1887,1.7866,-1.5368
226.660,3,-35.1883,1.7866,-1.5367
226.677,3,-35.1875,1.7865,-1.5373
226.693,3,-35.1870,1.7865,-1.5374
226.707,3,-35.1867,1.7865,-1.5374
226.723,3,-35.1858,1.7865,-1.5373
226.738,3,-35.1853,1.7865,-1.5366
226.756,3,-35.1852,1.7863,-1.5366
226.774,3,-35.1847,1.7860,-1.5364
226.792,3,-35.1844,1.7858,-1.5367
226.808,3,-35.1843,1.7861,-1.5367
226.823,3,-35.1840,1.7862,-1.5366
226.839,3,-35.1839,1.7863,-1.5365
226.854,3,-35.1839,1.7863,-1.5364
226.870,3,-35.1838,1.7863,-1.5363
226.885,3,-35.1839,1.7863,-1.5367
226.901,3,-35.1838,1.7861,-1.5365
226.930,3,-35.1838,1.7859,-1.5366

# --- Trial 4 start ---
234.573,4,-39.7305,1.8161,-1.1132
234.654,4,-39.7350,1.8172,-1.1107
234.681,4,-39.7362,1.8174,-1.1099
234.696,4,-39.7374,1.8177,-1.1093
234.711,4,-39.7385,1.8181,-1.1086
234.738,4,-39.7396,1.8182,-1.1080
234.755,4,-39.7406,1.8187,-1.1074
234.769,4,-39.7410,1.8189,-1.1071
234.784,4,-39.7411,1.8191,-1.1067
234.799,4,-39.7419,1.8194,-1.1059
234.814,4,-39.7421,1.8196,-1.1054
234.833,4,-39.7423,1.8196,-1.1045
234.849,4,-39.7424,1.8194,-1.1040
234.864,4,-39.7422,1.8192,-1.1034
234.880,4,-39.7419,1.8191,-1.1023
234.897,4,-39.7412,1.8190,-1.1016
234.913,4,-39.7399,1.8190,-1.1005
234.928,4,-39.7388,1.8191,-1.1000
234.942,4,-39.7377,1.8193,-1.0994
234.957,4,-39.7356,1.8192,-1.0984
234.974,4,-39.7341,1.8188,-1.0981
234.989,4,-39.7313,1.8178,-1.0974
235.004,4,-39.7297,1.8165,-1.0974
235.019,4,-39.7278,1.8152,-1.0973
235.034,4,-39.7241,1.8141,-1.0974
235.049,4,-39.7217,1.8144,-1.0978
235.064,4,-39.7191,1.8150,-1.0984
235.080,4,-39.7143,1.8153,-1.0995
235.095,4,-39.7118,1.8152,-1.1004
235.111,4,-39.7074,1.8144,-1.1020
235.126,4,-39.7055,1.8137,-1.1031
235.141,4,-39.7035,1.8132,-1.1045
235.156,4,-39.6996,1.8125,-1.1068
235.171,4,-39.6978,1.8122,-1.1084
235.186,4,-39.6961,1.8119,-1.1099
235.201,4,-39.6927,1.8111,-1.1130
235.217,4,-39.6916,1.8102,-1.1148
235.232,4,-39.6905,1.8094,-1.1165
235.248,4,-39.6888,1.8069,-1.1201
235.263,4,-39.6887,1.8051,-1.1222
235.279,4,-39.6880,1.8019,-1.1262
235.294,4,-39.6868,1.8033,-1.1285
235.311,4,-39.6817,1.8130,-1.1331
235.326,4,-39.6789,1.8186,-1.1356
235.344,4,-39.6768,1.8186,-1.1374
235.363,4,-39.6736,1.8166,-1.1414
235.378,4,-39.6712,1.8125,-1.1450
235.393,4,-39.6702,1.8099,-1.1464
235.408,4,-39.6685,1.8095,-1.1475
235.424,4,-39.6644,1.8091,-1.1499
235.440,4,-39.6615,1.8088,-1.1508
235.456,4,-39.6561,1.8076,-1.1532
235.471,4,-39.6526,1.8069,-1.1541
235.486,4,-39.6490,1.8071,-1.1550
235.505,4,-39.6417,1.8074,-1.1564
235.522,4,-39.6339,1.8073,-1.1581
235.537,4,-39.6294,1.8073,-1.1588
235.553,4,-39.6247,1.8069,-1.1593
235.570,4,-39.6154,1.8067,-1.1608
235.586,4,-39.6100,1.8062,-1.1615
235.602,4,-39.5997,1.8049,-1.1625
235.617,4,-39.5940,1.8038,-1.1632
235.634,4,-39.5824,1.8018,-1.1644
235.650,4,-39.5761,1.8007,-1.1651
235.670,4,-39.5689,1.7994,-1.1656
235.689,4,-39.5555,1.7966,-1.1662
235.705,4,-39.5413,1.7935,-1.1671
235.720,4,-39.5334,1.7920,-1.1676
235.738,4,-39.5181,1.7886,-1.1682
235.753,4,-39.5096,1.7863,-1.1683
235.769,4,-39.4929,1.7815,-1.1681
235.785,4,-39.4835,1.7782,-1.1677
235.803,4,-39.4656,1.7730,-1.1674
235.819,4,-39.4558,1.7697,-1.1672
235.834,4,-39.4367,1.7632,-1.1665
235.851,4,-39.4263,1.7596,-1.1655
235.868,4,-39.4058,1.7532,-1.1639
235.884,4,-39.3946,1.7507,-1.1631
235.901,4,-39.3729,1.7461,-1.1612
235.917,4,-39.3615,1.7448,-1.1599
235.935,4,-39.3384,1.7418,-1.1573
235.951,4,-39.3262,1.7421,-1.1555
235.968,4,-39.3019,1.7434,-1.1528
235.984,4,-39.2892,1.7464,-1.1511
236.001,4,-39.2650,1.7502,-1.1477
236.017,4,-39.2532,1.7534,-1.1465
236.032,4,-39.2299,1.7591,-1.1441
236.048,4,-39.2190,1.7626,-1.1436
236.064,4,-39.2087,1.7653,-1.1430
236.080,4,-39.1875,1.7697,-1.1417
236.096,4,-39.1770,1.7724,-1.1416
236.113,4,-39.1553,1.7793,-1.1415
236.128,4,-39.1441,1.7835,-1.1416
236.145,4,-39.1218,1.7909,-1.1422
236.160,4,-39.1108,1.7944,-1.1426
236.176,4,-39.0997,1.7974,-1.1435
236.192,4,-39.0777,1.8033,-1.1447
236.208,4,-39.0662,1.8052,-1.1459
236.224,4,-39.0435,1.8085,-1.1478
236.240,4,-39.0320,1.8086,-1.1490
236.258,4,-39.0090,1.8084,-1.1513
236.275,4,-38.9973,1.8066,-1.1527
236.293,4,-38.9736,1.8038,-1.1554
236.312,4,-38.9499,1.7986,-1.1581
236.334,4,-38.9258,1.7912,-1.1610
236.352,4,-38.9136,1.7863,-1.1626
236.370,4,-38.8888,1.7786,-1.1661
236.387,4,-38.8638,1.7702,-1.1698
236.403,4,-38.8514,1.7654,-1.1720
236.419,4,-38.8386,1.7614,-1.1745
236.434,4,-38.8132,1.7545,-1.1792
236.449,4,-38.8000,1.7529,-1.1821
236.464,4,-38.7867,1.7519,-1.1850
236.480,4,-38.7607,1.7490,-1.1906
236.496,4,-38.7474,1.7491,-1.1941
236.512,4,-38.7217,1.7483,-1.2002
236.526,4,-38.7091,1.7494,-1.2035
236.542,4,-38.6836,1.7521,-1.2096
236.557,4,-38.6708,1.7564,-1.2124
236.577,4,-38.6580,1.7612,-1.2153
236.594,4,-38.6327,1.7663,-1.2206
236.610,4,-38.6077,1.7708,-1.2256
236.625,4,-38.5960,1.7725,-1.2274
236.640,4,-38.5843,1.7748,-1.2288
236.657,4,-38.5602,1.7806,-1.2324
236.671,4,-38.5479,1.7842,-1.2339
236.686,4,-38.5229,1.7913,-1.2371
236.701,4,-38.5103,1.7950,-1.2383
236.715,4,-38.4975,1.7981,-1.2393
236.730,4,-38.4848,1.8007,-1.2404
236.746,4,-38.4596,1.8055,-1.2429
236.761,4,-38.4469,1.8065,-1.2441
236.776,4,-38.4217,1.8084,-1.2464
236.791,4,-38.4090,1.8071,-1.2474
236.806,4,-38.3961,1.8051,-1.2481
236.823,4,-38.3704,1.8022,-1.2502
236.839,4,-38.3575,1.7989,-1.2512
236.854,4,-38.3443,1.7955,-1.2522
236.871,4,-38.3181,1.7892,-1.2540
236.886,4,-38.3047,1.7845,-1.2548
236.902,4,-38.2780,1.7765,-1.2564
236.921,4,-38.2645,1.7713,-1.2571
236.943,4,-38.2240,1.7589,-1.2592
236.962,4,-38.2098,1.7554,-1.2596
236.978,4,-38.1816,1.7499,-1.2608
236.994,4,-38.1672,1.7486,-1.2613
237.010,4,-38.1387,1.7461,-1.2619
237.025,4,-38.1246,1.7466,-1.2621
237.047,4,-38.0967,1.7469,-1.2626
237.063,4,-38.0829,1.7486,-1.2630
237.079,4,-38.0554,1.7519,-1.2639
237.095,4,-38.0419,1.7551,-1.2645
237.110,4,-38.0152,1.7592,-1.2659
237.124,4,-38.0024,1.7612,-1.2669
237.140,4,-37.9900,1.7627,-1.2683
237.156,4,-37.9651,1.7666,-1.2708
237.172,4,-37.9530,1.7696,-1.2725
237.188,4,-37.9285,1.7751,-1.2754
237.203,4,-37.9161,1.7786,-1.2771
237.219,4,-37.9035,1.7823,-1.2789
237.235,4,-37.8782,1.7888,-1.2823
237.251,4,-37.8653,1.7921,-1.2842
237.268,4,-37.8400,1.7976,-1.2876
237.284,4,-37.8272,1.7991,-1.2895
237.300,4,-37.8015,1.8024,-1.2933
237.315,4,-37.7885,1.8020,-1.2953
237.329,4,-37.7756,1.8014,-1.2972
237.343,4,-37.7630,1.7997,-1.2991
237.359,4,-37.7371,1.7975,-1.3030
237.374,4,-37.7237,1.7949,-1.3050
237.391,4,-37.6968,1.7903,-1.3091
237.410,4,-37.6691,1.7837,-1.3133
237.429,4,-37.6550,1.7786,-1.3155
237.445,4,-37.6277,1.7709,-1.3200
237.460,4,-37.6137,1.7665,-1.3226
237.476,4,-37.5858,1.7592,-1.3275
237.491,4,-37.5717,1.7561,-1.3302
237.511,4,-37.5573,1.7542,-1.3331
237.527,4,-37.5290,1.7499,-1.3386
237.541,4,-37.5148,1.7491,-1.3418
237.556,4,-37.4864,1.7472,-1.3477
237.570,4,-37.4724,1.7472,-1.3510
237.586,4,-37.4587,1.7468,-1.3540
237.602,4,-37.4308,1.7492,-1.3603
237.617,4,-37.4168,1.7525,-1.3634
237.631,4,-37.3889,1.7562,-1.3690
237.646,4,-37.3754,1.7584,-1.3715
237.661,4,-37.3620,1.7600,-1.3738
237.675,4,-37.3489,1.7621,-1.3758
237.691,4,-37.3220,1.7668,-1.3800
237.705,4,-37.3085,1.7702,-1.3815
237.724,4,-37.2820,1.7769,-1.3848
237.741,4,-37.2685,1.7813,-1.3859
237.756,4,-37.2416,1.7882,-1.3885
237.771,4,-37.2282,1.7911,-1.3894
237.787,4,-37.2009,1.7965,-1.3916
237.802,4,-37.1872,1.7979,-1.3925
237.821,4,-37.1600,1.7996,-1.3944
237.836,4,-37.1463,1.7988,-1.3952
237.850,4,-37.1328,1.7973,-1.3960
237.865,4,-37.1058,1.7953,-1.3977
237.880,4,-37.0922,1.7929,-1.3984
237.894,4,-37.0785,1.7899,-1.3991
237.909,4,-37.0510,1.7853,-1.4006
237.924,4,-37.0367,1.7807,-1.4011
237.939,4,-37.0224,1.7763,-1.4017
237.955,4,-37.0084,1.7718,-1.4022
237.970,4,-36.9804,1.7640,-1.4032
237.986,4,-36.9662,1.7596,-1.4036
238.002,4,-36.9374,1.7518,-1.4043
238.018,4,-36.9227,1.7488,-1.4046
238.037,4,-36.8934,1.7440,-1.4050
238.057,4,-36.8636,1.7406,-1.4051
238.072,4,-36.8488,1.7403,-1.4049
238.088,4,-36.8341,1.7403,-1.4047
238.103,4,-36.8054,1.7401,-1.4045
238.119,4,-36.7910,1.7422,-1.4043
238.135,4,-36.7623,1.7468,-1.4042
238.150,4,-36.7484,1.7507,-1.4041
238.166,4,-36.7209,1.7546,-1.4044
238.181,4,-36.7083,1.7562,-1.4052
238.200,4,-36.6965,1.7579,-1.4065
238.218,4,-36.6715,1.7632,-1.4084
238.233,4,-36.6463,1.7697,-1.4107
238.248,4,-36.6340,1.7748,-1.4124
238.263,4,-36.6220,1.7793,-1.4141
238.280,4,-36.5971,1.7873,-1.4172
238.297,4,-36.5846,1.7909,-1.4190
238.313,4,-36.5596,1.7971,-1.4224
238.331,4,-36.5346,1.8009,-1.4260
238.346,4,-36.5222,1.8006,-1.4279
238.364,4,-36.5098,1.7993,-1.4297
238.381,4,-36.4847,1.7983,-1.4332
238.396,4,-36.4719,1.7954,-1.4350
238.413,4,-36.4464,1.7922,-1.4385
238.429,4,-36.4334,1.7889,-1.4402
238.444,4,-36.4076,1.7836,-1.4437
238.458,4,-36.3947,1.7794,-1.4456
238.474,4,-36.3816,1.7750,-1.4476
238.489,4,-36.3553,1.7675,-1.4517
238.505,4,-36.3420,1.7636,-1.4541
238.521,4,-36.3157,1.7567,-1.4584
238.537,4,-36.3024,1.7536,-1.4609
238.553,4,-36.2891,1.7515,-1.4636
238.567,4,-36.2627,1.7475,-1.4689
238.584,4,-36.2492,1.7473,-1.4719
238.601,4,-36.2225,1.7454,-1.4777
238.616,4,-36.2093,1.7450,-1.4809
238.632,4,-36.1831,1.7440,-1.4869
238.646,4,-36.1699,1.7458,-1.4900
238.661,4,-36.1569,1.7489,-1.4927
238.679,4,-36.1311,1.7522,-1.4979
238.693,4,-36.1185,1.7536,-1.5002
238.708,4,-36.1063,1.7549,-1.5021
238.722,4,-36.0818,1.7578,-1.5063
238.737,4,-36.0700,1.7607,-1.5075
238.752,4,-36.0461,1.7658,-1.5104
238.766,4,-36.0343,1.7695,-1.5115
238.785,4,-36.0225,1.7741,-1.5122
238.800,4,-35.9987,1.7809,-1.5141
238.814,4,-35.9870,1.7845,-1.5147
238.829,4,-35.9759,1.7872,-1.5153
238.843,4,-35.9530,1.7926,-1.5169
238.857,4,-35.9419,1.7939,-1.5176
238.871,4,-35.9310,1.7948,-1.5180
238.887,4,-35.9081,1.7965,-1.5191
238.901,4,-35.8969,1.7960,-1.5197
238.915,4,-35.8852,1.7949,-1.5200
238.930,4,-35.8739,1.7937,-1.5204
238.947,4,-35.8507,1.7915,-1.5212
238.964,4,-35.8393,1.7888,-1.5213
238.980,4,-35.8167,1.7844,-1.5219
238.994,4,-35.8053,1.7809,-1.5220
239.009,4,-35.7825,1.7750,-1.5223
239.023,4,-35.7710,1.7711,-1.5222
239.037,4,-35.7595,1.7674,-1.5222
239.052,4,-35.7480,1.7643,-1.5221
239.067,4,-35.7252,1.7589,-1.5221
239.082,4,-35.7137,1.7570,-1.5219
239.097,4,-35.7023,1.7554,-1.5217
239.114,4,-35.6796,1.7516,-1.5212
239.129,4,-35.6685,1.7500,-1.5209
239.150,4,-35.6469,1.7473,-1.5207
239.166,4,-35.6254,1.7470,-1.5202
239.182,4,-35.6155,1.7481,-1.5200
239.197,4,-35.5949,1.7487,-1.5197
239.212,4,-35.5851,1.7503,-1.5198
239.228,4,-35.5753,1.7528,-1.5200
239.243,4,-35.5556,1.7565,-1.5204
239.258,4,-35.5460,1.7594,-1.5208
239.274,4,-35.5368,1.7625,-1.5214
239.291,4,-35.5187,1.7676,-1.5223
239.311,4,-35.5012,1.7731,-1.5234
239.329,4,-35.4931,1.7762,-1.5240
239.345,4,-35.4765,1.7815,-1.5254
239.361,4,-35.4687,1.7839,-1.5262
239.376,4,-35.4524,1.7883,-1.5276
239.392,4,-35.4446,1.7901,-1.5283
239.406,4,-35.4367,1.7914,-1.5289
239.422,4,-35.4208,1.7941,-1.5302
239.437,4,-35.4129,1.7944,-1.5306
239.454,4,-35.3976,1.7952,-1.5317
239.468,4,-35.3902,1.7945,-1.5321
239.484,4,-35.3829,1.7937,-1.5326
239.501,4,-35.3682,1.7926,-1.5336
239.515,4,-35.3612,1.7911,-1.5341
239.531,4,-35.3470,1.7887,-1.5348
239.546,4,-35.3402,1.7872,-1.5353
239.561,4,-35.3336,1.7860,-1.5358
239.576,4,-35.3277,1.7846,-1.5368
239.592,4,-35.3157,1.7814,-1.5382
239.610,4,-35.3037,1.7777,-1.5397
239.625,4,-35.2983,1.7759,-1.5406
239.641,4,-35.2872,1.7733,-1.5420
239.658,4,-35.2824,1.7735,-1.5429
239.673,4,-35.2775,1.7749,-1.5434
239.690,4,-35.2674,1.7764,-1.5440
239.706,4,-35.2632,1.7779,-1.5438
239.722,4,-35.2542,1.7796,-1.5445
239.737,4,-35.2507,1.7816,-1.5449
239.752,4,-35.2424,1.7852,-1.5449
239.767,4,-35.2391,1.7878,-1.5448
239.786,4,-35.2317,1.7914,-1.5441
239.803,4,-35.2289,1.7930,-1.5444
239.819,4,-35.2221,1.7956,-1.5437
239.833,4,-35.2191,1.7964,-1.5434
239.847,4,-35.2161,1.7966,-1.5429
239.862,4,-35.2134,1.7963,-1.5427
239.877,4,-35.2080,1.7960,-1.5420
239.892,4,-35.2062,1.7945,-1.5421
239.906,4,-35.2016,1.7928,-1.5413
239.920,4,-35.1998,1.7912,-1.5408
239.938,4,-35.1984,1.7897,-1.5402
239.953,4,-35.1949,1.7876,-1.5394
239.965,4,-35.1933,1.7869,-1.5387
239.980,4,-35.1916,1.7878,-1.5381
239.994,4,-35.1901,1.7889,-1.5377
240.010,4,-35.1871,1.7899,-1.5372
240.024,4,-35.1857,1.7904,-1.5366
240.038,4,-35.1831,1.7908,-1.5358
240.053,4,-35.1825,1.7909,-1.5360
240.067,4,-35.1815,1.7909,-1.5353
240.081,4,-35.1805,1.7910,-1.5349
240.097,4,-35.1795,1.7909,-1.5348
240.111,4,-35.1784,1.7909,-1.5345
240.126,4,-35.1761,1.7912,-1.5341
240.140,4,-35.1739,1.7912,-1.5334
240.154,4,-35.1732,1.7910,-1.5340
240.168,4,-35.1711,1.7909,-1.5335
240.184,4,-35.1690,1.7907,-1.5327
240.198,4,-35.1672,1.7906,-1.5322
240.221,4,-35.1658,1.7903,-1.5325
240.244,4,-35.1648,1.7899,-1.5330
240.269,4,-35.1638,1.7894,-1.5326
240.292,4,-35.1628,1.7887,-1.5329
240.313,4,-35.1621,1.7881,-1.5333
240.336,4,-35.1617,1.7880,-1.5340
240.357,4,-35.1606,1.7880,-1.5338
240.381,4,-35.1596,1.7884,-1.5338
240.405,4,-35.1585,1.7890,-1.5340
240.435,4,-35.1577,1.7889,-1.5336
240.455,4,-35.1569,1.7885,-1.5334
240.470,4,-35.1563,1.7885,-1.5332
240.497,4,-35.1563,1.7884,-1.5351

# --- Trial 5 start ---
248.343,5,-39.7115,1.8174,-1.1471
248.424,5,-39.7100,1.8166,-1.1463
248.446,5,-39.7092,1.8160,-1.1458
248.460,5,-39.7091,1.8158,-1.1457
248.477,5,-39.7090,1.8156,-1.1455
248.492,5,-39.7089,1.8156,-1.1455
248.516,5,-39.7084,1.8155,-1.1451
248.536,5,-39.7083,1.8153,-1.1449
248.551,5,-39.7084,1.8151,-1.1446
248.568,5,-39.7083,1.8151,-1.1445
248.586,5,-39.7082,1.8150,-1.1443
248.601,5,-39.7082,1.8149,-1.1442
248.617,5,-39.7081,1.8147,-1.1438
248.632,5,-39.7079,1.8144,-1.1436
248.647,5,-39.7077,1.8143,-1.1435
248.663,5,-39.7072,1.8139,-1.1432
248.678,5,-39.7068,1.8136,-1.1431
248.696,5,-39.7059,1.8129,-1.1428
248.712,5,-39.7052,1.8127,-1.1426
248.728,5,-39.7038,1.8126,-1.1426
248.742,5,-39.7027,1.8126,-1.1427
248.757,5,-39.7016,1.8126,-1.1429
248.772,5,-39.6996,1.8126,-1.1432
248.787,5,-39.6984,1.8125,-1.1436
248.804,5,-39.6970,1.8121,-1.1443
248.819,5,-39.6940,1.8115,-1.1455
248.835,5,-39.6919,1.8114,-1.1465
248.850,5,-39.6884,1.8109,-1.1482
248.865,5,-39.6865,1.8104,-1.1494
248.880,5,-39.6847,1.8098,-1.1508
248.895,5,-39.6813,1.8085,-1.1532
248.911,5,-39.6796,1.8075,-1.1550
248.927,5,-39.6760,1.8061,-1.1579
248.941,5,-39.6741,1.8055,-1.1597
248.957,5,-39.6725,1.8047,-1.1616
248.972,5,-39.6709,1.8041,-1.1636
248.988,5,-39.6677,1.8031,-1.1674
249.004,5,-39.6649,1.8022,-1.1708
249.018,5,-39.6637,1.8016,-1.1728
249.034,5,-39.6628,1.8007,-1.1748
249.050,5,-39.6613,1.7984,-1.1787
249.064,5,-39.6616,1.7960,-1.1806
249.079,5,-39.6615,1.7951,-1.1828
249.098,5,-39.6562,1.8040,-1.1873
249.114,5,-39.6537,1.8080,-1.1898
249.130,5,-39.6502,1.8099,-1.1941
249.145,5,-39.6487,1.8074,-1.1960
249.161,5,-39.6463,1.8037,-1.1998
249.175,5,-39.6454,1.8017,-1.2013
249.190,5,-39.6433,1.8024,-1.2022
249.207,5,-39.6390,1.8035,-1.2045
249.222,5,-39.6360,1.8039,-1.2055
249.237,5,-39.6306,1.8030,-1.2075
249.253,5,-39.6272,1.8017,-1.2083
249.268,5,-39.6235,1.8013,-1.2091
249.287,5,-39.6166,1.8013,-1.2106
249.303,5,-39.6124,1.8010,-1.2112
249.319,5,-39.6048,1.7996,-1.2125
249.335,5,-39.6003,1.7988,-1.2129
249.349,5,-39.5918,1.7977,-1.2141
249.365,5,-39.5867,1.7972,-1.2145
249.380,5,-39.5814,1.7965,-1.2145
249.396,5,-39.5711,1.7950,-1.2153
249.412,5,-39.5649,1.7939,-1.2154
249.429,5,-39.5531,1.7920,-1.2159
249.445,5,-39.5468,1.7909,-1.2160
249.461,5,-39.5341,1.7885,-1.2160
249.476,5,-39.5269,1.7869,-1.2158
249.493,5,-39.5128,1.7836,-1.2153
249.509,5,-39.5050,1.7820,-1.2151
249.526,5,-39.4895,1.7783,-1.2144
249.543,5,-39.4810,1.7759,-1.2138
249.559,5,-39.4717,1.7729,-1.2127
249.575,5,-39.4546,1.7680,-1.2111
249.592,5,-39.4452,1.7653,-1.2100
249.608,5,-39.4270,1.7597,-1.2079
249.624,5,-39.4173,1.7560,-1.2061
249.641,5,-39.3981,1.7491,-1.2027
249.658,5,-39.3876,1.7453,-1.2005
249.672,5,-39.3672,1.7389,-1.1968
249.690,5,-39.3562,1.7361,-1.1944
249.706,5,-39.3346,1.7305,-1.1896
249.722,5,-39.3227,1.7284,-1.1867
249.740,5,-39.2995,1.7249,-1.1814
249.755,5,-39.2872,1.7243,-1.1786
249.772,5,-39.2634,1.7229,-1.1730
249.787,5,-39.2510,1.7240,-1.1696
249.803,5,-39.2260,1.7267,-1.1636
249.820,5,-39.2127,1.7308,-1.1607
249.836,5,-39.2004,1.7339,-1.1579
249.852,5,-39.1769,1.7389,-1.1530
249.868,5,-39.1664,1.7413,-1.1507
249.885,5,-39.1455,1.7449,-1.1464
249.901,5,-39.1249,1.7485,-1.1432
249.916,5,-39.1150,1.7509,-1.1421
249.936,5,-39.1042,1.7551,-1.1414
249.952,5,-39.0822,1.7620,-1.1390
249.968,5,-39.0708,1.7657,-1.1385
249.984,5,-39.0488,1.7722,-1.1373
250.000,5,-39.0379,1.7746,-1.1371
250.017,5,-39.0158,1.7795,-1.1362
250.031,5,-39.0046,1.7812,-1.1358
250.047,5,-38.9936,1.7822,-1.1355
250.064,5,-38.9706,1.7849,-1.1349
250.079,5,-38.9588,1.7849,-1.1347
250.096,5,-38.9355,1.7848,-1.1342
250.111,5,-38.9236,1.7829,-1.1340
250.128,5,-38.8999,1.7796,-1.1337
250.142,5,-38.8877,1.7770,-1.1339
250.157,5,-38.8753,1.7732,-1.1339
250.172,5,-38.8511,1.7668,-1.1340
250.187,5,-38.8389,1.7618,-1.1340
250.202,5,-38.8142,1.7533,-1.1347
250.217,5,-38.8011,1.7489,-1.1357
250.236,5,-38.7879,1.7449,-1.1366
250.256,5,-38.7615,1.7389,-1.1385
250.276,5,-38.7342,1.7340,-1.1406
250.292,5,-38.7066,1.7306,-1.1431
250.307,5,-38.6920,1.7310,-1.1453
250.322,5,-38.6778,1.7311,-1.1470
250.336,5,-38.6635,1.7318,-1.1488
250.352,5,-38.6356,1.7335,-1.1520
250.367,5,-38.6208,1.7374,-1.1539
250.382,5,-38.5925,1.7427,-1.1574
250.396,5,-38.5787,1.7459,-1.1587
250.411,5,-38.5655,1.7482,-1.1597
250.427,5,-38.5395,1.7515,-1.1615
250.442,5,-38.5273,1.7534,-1.1620
250.459,5,-38.5149,1.7566,-1.1627
250.476,5,-38.4893,1.7629,-1.1638
250.491,5,-38.4759,1.7668,-1.1639
250.507,5,-38.4493,1.7734,-1.1644
250.522,5,-38.4352,1.7770,-1.1644
250.537,5,-38.4081,1.7834,-1.1649
250.552,5,-38.3948,1.7858,-1.1649
250.570,5,-38.3815,1.7870,-1.1648
250.586,5,-38.3550,1.7894,-1.1648
250.601,5,-38.3411,1.7888,-1.1649
250.617,5,-38.3136,1.7887,-1.1652
250.633,5,-38.3000,1.7864,-1.1653
250.649,5,-38.2726,1.7827,-1.1654
250.665,5,-38.2589,1.7787,-1.1653
250.680,5,-38.2449,1.7747,-1.1653
250.697,5,-38.2167,1.7683,-1.1655
250.714,5,-38.2022,1.7630,-1.1652
250.731,5,-38.1737,1.7547,-1.1648
250.747,5,-38.1456,1.7460,-1.1640
250.762,5,-38.1310,1.7416,-1.1635
250.782,5,-38.1009,1.7350,-1.1627
250.799,5,-38.0851,1.7335,-1.1620
250.814,5,-38.0541,1.7298,-1.1608
250.829,5,-38.0383,1.7290,-1.1599
250.844,5,-38.0225,1.7286,-1.1591
250.859,5,-38.0069,1.7287,-1.1585
250.874,5,-37.9758,1.7292,-1.1571
250.890,5,-37.9597,1.7326,-1.1564
250.905,5,-37.9286,1.7360,-1.1554
250.920,5,-37.9139,1.7373,-1.1554
250.936,5,-37.9009,1.7375,-1.1558
250.953,5,-37.8746,1.7384,-1.1565
250.968,5,-37.8626,1.7403,-1.1573
250.984,5,-37.8364,1.7464,-1.1587
251.001,5,-37.8229,1.7521,-1.1598
251.018,5,-37.7956,1.7610,-1.1614
251.034,5,-37.7680,1.7698,-1.1632
251.056,5,-37.7544,1.7743,-1.1642
251.076,5,-37.7273,1.7813,-1.1660
251.093,5,-37.7003,1.7867,-1.1680
251.108,5,-37.6867,1.7874,-1.1692
251.127,5,-37.6730,1.7869,-1.1701
251.143,5,-37.6458,1.7873,-1.1720
251.157,5,-37.6317,1.7859,-1.1728
251.173,5,-37.6039,1.7841,-1.1748
251.190,5,-37.5755,1.7800,-1.1767
251.206,5,-37.5612,1.7760,-1.1776
251.225,5,-37.5469,1.7710,-1.1787
251.242,5,-37.5185,1.7639,-1.1810
251.258,5,-37.5040,1.7595,-1.1823
251.275,5,-37.4755,1.7518,-1.1850
251.290,5,-37.4609,1.7481,-1.1865
251.306,5,-37.4320,1.7413,-1.1895
251.320,5,-37.4169,1.7391,-1.1914
251.335,5,-37.4019,1.7377,-1.1935
251.350,5,-37.3724,1.7338,-1.1975
251.368,5,-37.3580,1.7323,-1.1997
251.385,5,-37.3300,1.7291,-1.2040
251.399,5,-37.3158,1.7297,-1.2062
251.413,5,-37.2868,1.7327,-1.2105
251.427,5,-37.2718,1.7363,-1.2125
251.447,5,-37.2576,1.7381,-1.2141
251.462,5,-37.2296,1.7400,-1.2174
251.476,5,-37.2163,1.7416,-1.2186
251.490,5,-37.2035,1.7444,-1.2197
251.506,5,-37.1767,1.7494,-1.2220
251.520,5,-37.1636,1.7525,-1.2229
251.535,5,-37.1506,1.7563,-1.2238
251.551,5,-37.1243,1.7628,-1.2256
251.566,5,-37.1113,1.7664,-1.2262
251.581,5,-37.0850,1.7721,-1.2278
251.596,5,-37.0719,1.7740,-1.2285
251.610,5,-37.0589,1.7753,-1.2291
251.625,5,-37.0459,1.7761,-1.2298
251.639,5,-37.0191,1.7779,-1.2310
251.654,5,-37.0060,1.7772,-1.2316
251.669,5,-36.9923,1.7758,-1.2320
251.684,5,-36.9655,1.7736,-1.2330
251.699,5,-36.9522,1.7704,-1.2334
251.714,5,-36.9252,1.7658,-1.2342
251.729,5,-36.9114,1.7617,-1.2344
251.746,5,-36.8979,1.7570,-1.2346
251.763,5,-36.8708,1.7490,-1.2350
251.778,5,-36.8572,1.7443,-1.2350
251.794,5,-36.8296,1.7362,-1.2354
251.808,5,-36.8153,1.7327,-1.2355
251.824,5,-36.8006,1.7302,-1.2355
251.843,5,-36.7722,1.7253,-1.2353
251.861,5,-36.7438,1.7215,-1.2352
251.877,5,-36.7296,1.7206,-1.2350
251.893,5,-36.7014,1.7185,-1.2347
251.909,5,-36.6876,1.7199,-1.2343
251.923,5,-36.6735,1.7227,-1.2342
251.940,5,-36.6456,1.7272,-1.2344
251.955,5,-36.6319,1.7301,-1.2347
251.971,5,-36.6053,1.7339,-1.2357
251.986,5,-36.5931,1.7352,-1.2369
252.001,5,-36.5812,1.7367,-1.2381
252.019,5,-36.5564,1.7411,-1.2404
252.034,5,-36.5321,1.7469,-1.2436
252.049,5,-36.5200,1.7502,-1.2455
252.068,5,-36.5084,1.7535,-1.2479
252.084,5,-36.4846,1.7595,-1.2521
252.100,5,-36.4729,1.7623,-1.2547
252.116,5,-36.4495,1.7671,-1.2596
252.131,5,-36.4384,1.7684,-1.2623
252.147,5,-36.4157,1.7710,-1.2673
252.162,5,-36.4046,1.7712,-1.2698
252.177,5,-36.3936,1.7709,-1.2724
252.193,5,-36.3827,1.7700,-1.2751
252.209,5,-36.3596,1.7692,-1.2803
252.225,5,-36.3367,1.7674,-1.2853
252.240,5,-36.3252,1.7649,-1.2874
252.255,5,-36.3136,1.7619,-1.2893
252.271,5,-36.2904,1.7570,-1.2935
252.288,5,-36.2784,1.7528,-1.2953
252.305,5,-36.2548,1.7465,-1.2993
252.323,5,-36.2427,1.7429,-1.3011
252.343,5,-36.2186,1.7371,-1.3048
252.359,5,-36.1945,1.7322,-1.3087
252.375,5,-36.1819,1.7306,-1.3109
252.391,5,-36.1568,1.7268,-1.3150
252.407,5,-36.1442,1.7256,-1.3171
252.422,5,-36.1319,1.7240,-1.3189
252.438,5,-36.1074,1.7218,-1.3225
252.454,5,-36.0947,1.7238,-1.3243
252.470,5,-36.0696,1.7262,-1.3280
252.485,5,-36.0574,1.7277,-1.3295
252.501,5,-36.0458,1.7283,-1.3306
252.516,5,-36.0227,1.7294,-1.3330
252.530,5,-36.0120,1.7311,-1.3336
252.546,5,-36.0013,1.7347,-1.3341
252.561,5,-35.9795,1.7403,-1.3361
252.576,5,-35.9693,1.7444,-1.3372
252.592,5,-35.9482,1.7515,-1.3391
252.608,5,-35.9384,1.7559,-1.3399
252.623,5,-35.9286,1.7599,-1.3408
252.638,5,-35.9082,1.7667,-1.3428
252.653,5,-35.8984,1.7696,-1.3439
252.668,5,-35.8786,1.7753,-1.3461
252.682,5,-35.8688,1.7771,-1.3473
252.702,5,-35.8592,1.7777,-1.3485
252.717,5,-35.8392,1.7801,-1.3510
252.733,5,-35.8292,1.7798,-1.3525
252.748,5,-35.8093,1.7801,-1.3554
252.764,5,-35.7992,1.7783,-1.3571
252.779,5,-35.7793,1.7761,-1.3601
252.792,5,-35.7694,1.7734,-1.3617
252.806,5,-35.7598,1.7705,-1.3633
252.821,5,-35.7501,1.7676,-1.3649
252.835,5,-35.7403,1.7648,-1.3665
252.850,5,-35.7209,1.7602,-1.3697
252.865,5,-35.7112,1.7578,-1.3714
252.879,5,-35.6918,1.7539,-1.3748
252.894,5,-35.6821,1.7524,-1.3766
252.910,5,-35.6726,1.7513,-1.3783
252.927,5,-35.6632,1.7500,-1.3799
252.942,5,-35.6447,1.7473,-1.3832
252.961,5,-35.6270,1.7444,-1.3863
252.978,5,-35.6186,1.7441,-1.3877
252.994,5,-35.6010,1.7441,-1.3906
253.009,5,-35.5930,1.7450,-1.3922
253.024,5,-35.5761,1.7462,-1.3955
253.040,5,-35.5681,1.7482,-1.3975
253.056,5,-35.5525,1.7500,-1.4011
253.071,5,-35.5455,1.7513,-1.4029
253.086,5,-35.5388,1.7529,-1.4049
253.102,5,-35.5246,1.7562,-1.4090
253.117,5,-35.5182,1.7588,-1.4114
253.132,5,-35.5120,1.7616,-1.4135
253.150,5,-35.4997,1.7665,-1.4178
253.166,5,-35.4945,1.7690,-1.4200
253.181,5,-35.4835,1.7735,-1.4244
253.196,5,-35.4788,1.7755,-1.4268
253.213,5,-35.4680,1.7794,-1.4311
253.227,5,-35.4627,1.7806,-1.4333
253.243,5,-35.4573,1.7815,-1.4355
253.260,5,-35.4519,1.7819,-1.4378
253.280,5,-35.4351,1.7840,-1.4450
253.300,5,-35.4295,1.7838,-1.4478
253.316,5,-35.4183,1.7837,-1.4531
253.330,5,-35.4127,1.7829,-1.4560
253.346,5,-35.4073,1.7821,-1.4589
253.362,5,-35.3962,1.7810,-1.4647
253.377,5,-35.3910,1.7800,-1.4678
253.394,5,-35.3805,1.7786,-1.4741
253.409,5,-35.3756,1.7779,-1.4774
253.425,5,-35.3656,1.7765,-1.4839
253.441,5,-35.3609,1.7756,-1.4875
253.456,5,-35.3565,1.7746,-1.4911
253.471,5,-35.3475,1.7726,-1.4980
253.486,5,-35.3434,1.7717,-1.5017
253.502,5,-35.3348,1.7699,-1.5086
253.519,5,-35.3307,1.7696,-1.5120
253.538,5,-35.3220,1.7712,-1.5189
253.557,5,-35.3175,1.7739,-1.5221
253.576,5,-35.3091,1.7759,-1.5283
253.595,5,-35.3056,1.7769,-1.5308
253.615,5,-35.2943,1.7796,-1.5389
253.633,5,-35.2913,1.7803,-1.5408
253.653,5,-35.2849,1.7817,-1.5450
253.672,5,-35.2821,1.7827,-1.5467
253.691,5,-35.2758,1.7849,-1.5502
253.709,5,-35.2698,1.7865,-1.5533
253.728,5,-35.2610,1.7881,-1.5577
253.748,5,-35.2559,1.7882,-1.5599
253.766,5,-35.2513,1.7879,-1.5620
253.801,5,-35.2429,1.7861,-1.5645
253.822,5,-35.2397,1.7846,-1.5650
253.845,5,-35.2365,1.7830,-1.5647
253.868,5,-35.2340,1.7816,-1.5642
253.889,5,-35.2317,1.7807,-1.5635
253.912,5,-35.2298,1.7807,-1.5624
253.934,5,-35.2278,1.7811,-1.5611
253.957,5,-35.2260,1.7822,-1.5594
253.978,5,-35.2245,1.7826,-1.5583
254.001,5,-35.2233,1.7823,-1.5573
254.024,5,-35.2222,1.7817,-1.5566
254.046,5,-35.2210,1.7815,-1.5558
254.068,5,-35.2197,1.7815,-1.5553
254.095,5,-35.2184,1.7820,-1.5545
254.115,5,-35.2171,1.7822,-1.5533
254.131,5,-35.2161,1.7822,-1.5525
254.156,5,-35.2156,1.7817,-1.5516
254.179,5,-35.2150,1.7813,-1.5511
254.202,5,-35.2143,1.7810,-1.5505
254.224,5,-35.2138,1.7806,-1.5502
254.247,5,-35.2137,1.7804,-1.5498
254.262,5,-35.2134,1.7803,-1.5495
254.279,5,-35.2133,1.7801,-1.5498
254.297,5,-35.2132,1.7800,-1.5499
254.312,5,-35.2126,1.7799,-1.5491
254.328,5,-35.2121,1.7799,-1.5488
254.343,5,-35.2116,1.7801,-1.5487
254.359,5,-35.2110,1.7802,-1.5485
254.374,5,-35.2106,1.7803,-1.5484
254.389,5,-35.2103,1.7803,-1.5483
254.404,5,-35.2094,1.7802,-1.5479
254.419,5,-35.2091,1.7801,-1.5480
254.435,5,-35.2081,1.7801,-1.5476
254.448,5,-35.2075,1.7800,-1.5476
254.463,5,-35.2071,1.7799,-1.5476
254.479,5,-35.2062,1.7796,-1.5474
254.495,5,-35.2055,1.7795,-1.5469
254.511,5,-35.2046,1.7793,-1.5468
254.526,5,-35.2041,1.7791,-1.5470
254.541,5,-35.2036,1.7791,-1.5469
254.556,5,-35.2032,1.7792,-1.5472
254.572,5,-35.2022,1.7790,-1.5472
254.587,5,-35.2012,1.7789,-1.5471

# --- Trial 6 start ---
262.703,6,-39.7653,1.8137,-1.1137
262.787,6,-39.7645,1.8130,-1.1121
262.824,6,-39.7639,1.8128,-1.1113
262.843,6,-39.7636,1.8127,-1.1109
262.859,6,-39.7633,1.8125,-1.1104
262.878,6,-39.7628,1.8122,-1.1098
262.898,6,-39.7621,1.8120,-1.1091
262.913,6,-39.7616,1.8117,-1.1085
262.932,6,-39.7611,1.8115,-1.1080
262.953,6,-39.7606,1.8111,-1.1074
262.974,6,-39.7598,1.8109,-1.1069
262.995,6,-39.7589,1.8107,-1.1065
263.018,6,-39.7580,1.8103,-1.1059
263.040,6,-39.7566,1.8098,-1.1054
263.062,6,-39.7547,1.8092,-1.1048
263.085,6,-39.7523,1.8084,-1.1046
263.108,6,-39.7501,1.8078,-1.1046
263.136,6,-39.7471,1.8074,-1.1049
263.157,6,-39.7440,1.8066,-1.1055
263.176,6,-39.7405,1.8043,-1.1064
263.196,6,-39.7358,1.8029,-1.1079
263.218,6,-39.7304,1.8033,-1.1102
263.242,6,-39.7254,1.8036,-1.1129
263.266,6,-39.7216,1.8025,-1.1158
263.289,6,-39.7183,1.8017,-1.1187
263.310,6,-39.7149,1.8016,-1.1217
263.331,6,-39.7113,1.8013,-1.1249
263.353,6,-39.7077,1.8004,-1.1280
263.377,6,-39.7043,1.7998,-1.1313
263.399,6,-39.7029,1.7993,-1.1331
263.415,6,-39.7019,1.7981,-1.1348
263.430,6,-39.7011,1.7968,-1.1364
263.449,6,-39.6997,1.7940,-1.1400
263.467,6,-39.6989,1.7914,-1.1435
263.482,6,-39.6966,1.7952,-1.1458
263.497,6,-39.6902,1.8058,-1.1508
263.513,6,-39.6867,1.8100,-1.1537
263.528,6,-39.6843,1.8087,-1.1557
263.544,6,-39.6808,1.8054,-1.1599
263.559,6,-39.6797,1.8012,-1.1618
263.574,6,-39.6782,1.7981,-1.1632
263.591,6,-39.6738,1.7964,-1.1657
263.606,6,-39.6704,1.7964,-1.1670
263.621,6,-39.6641,1.7957,-1.1700
263.635,6,-39.6599,1.7951,-1.1714
263.650,6,-39.6556,1.7945,-1.1727
263.665,6,-39.6473,1.7933,-1.1751
263.681,6,-39.6427,1.7929,-1.1758
263.697,6,-39.6340,1.7919,-1.1776
263.711,6,-39.6292,1.7913,-1.1781
263.730,6,-39.6236,1.7917,-1.1782
263.745,6,-39.6132,1.7916,-1.1790
263.761,6,-39.6072,1.7916,-1.1790
263.776,6,-39.5955,1.7909,-1.1793
263.792,6,-39.5888,1.7901,-1.1790
263.808,6,-39.5820,1.7890,-1.1788
263.823,6,-39.5689,1.7870,-1.1781
263.839,6,-39.5614,1.7858,-1.1778
263.857,6,-39.5468,1.7831,-1.1770
263.873,6,-39.5315,1.7797,-1.1757
263.889,6,-39.5226,1.7774,-1.1748
263.909,6,-39.5131,1.7752,-1.1741
263.930,6,-39.4873,1.7691,-1.1719
263.960,6,-39.4765,1.7652,-1.1703
263.976,6,-39.4579,1.7598,-1.1682
263.991,6,-39.4475,1.7572,-1.1669
264.007,6,-39.4372,1.7542,-1.1656
264.024,6,-39.4169,1.7484,-1.1629
264.039,6,-39.4056,1.7451,-1.1607
264.055,6,-39.3839,1.7395,-1.1573
264.071,6,-39.3727,1.7373,-1.1555
264.087,6,-39.3505,1.7332,-1.1515
264.102,6,-39.3389,1.7321,-1.1492
264.118,6,-39.3273,1.7317,-1.1467
264.135,6,-39.3039,1.7314,-1.1422
264.151,6,-39.2916,1.7340,-1.1401
264.167,6,-39.2681,1.7376,-1.1358
264.183,6,-39.2568,1.7413,-1.1337
264.200,6,-39.2347,1.7466,-1.1295
264.215,6,-39.2243,1.7505,-1.1279
264.231,6,-39.2031,1.7568,-1.1248
264.246,6,-39.1932,1.7597,-1.1236
264.263,6,-39.1835,1.7623,-1.1230
264.280,6,-39.1632,1.7683,-1.1209
264.295,6,-39.1526,1.7721,-1.1205
264.312,6,-39.1306,1.7791,-1.1198
264.327,6,-39.1192,1.7823,-1.1198
264.344,6,-39.0971,1.7876,-1.1197
264.360,6,-39.0859,1.7891,-1.1200
264.376,6,-39.0634,1.7925,-1.1205
264.392,6,-39.0516,1.7932,-1.1212
264.408,6,-39.0288,1.7938,-1.1223
264.424,6,-39.0169,1.7923,-1.1233
264.439,6,-39.0054,1.7904,-1.1239
264.456,6,-38.9814,1.7872,-1.1255
264.473,6,-38.9687,1.7838,-1.1268
264.490,6,-38.9446,1.7784,-1.1286
264.505,6,-38.9317,1.7740,-1.1300
264.520,6,-38.9069,1.7665,-1.1322
264.535,6,-38.8937,1.7618,-1.1338
264.551,6,-38.8802,1.7575,-1.1357
264.566,6,-38.8541,1.7492,-1.1389
264.582,6,-38.8408,1.7450,-1.1410
264.597,6,-38.8146,1.7376,-1.1447
264.613,6,-38.8005,1.7359,-1.1474
264.628,6,-38.7863,1.7354,-1.1504
264.644,6,-38.7587,1.7331,-1.1555
264.659,6,-38.7447,1.7339,-1.1587
264.675,6,-38.7172,1.7340,-1.1644
264.690,6,-38.7034,1.7363,-1.1676
264.705,6,-38.6894,1.7402,-1.1709
264.721,6,-38.6611,1.7464,-1.1765
264.735,6,-38.6474,1.7508,-1.1790
264.750,6,-38.6338,1.7538,-1.1812
264.765,6,-38.6070,1.7583,-1.1855
264.780,6,-38.5950,1.7599,-1.1869
264.795,6,-38.5693,1.7644,-1.1900
264.810,6,-38.5562,1.7675,-1.1909
264.828,6,-38.5428,1.7710,-1.1916
264.844,6,-38.5161,1.7776,-1.1939
264.861,6,-38.5021,1.7816,-1.1949
264.881,6,-38.4746,1.7881,-1.1968
264.900,6,-38.4472,1.7932,-1.1980
264.917,6,-38.4194,1.7972,-1.1995
264.933,6,-38.4052,1.7974,-1.2002
264.949,6,-38.3909,1.7969,-1.2008
264.965,6,-38.3629,1.7962,-1.2020
264.980,6,-38.3488,1.7935,-1.2025
264.997,6,-38.3208,1.7893,-1.2034
265.013,6,-38.3065,1.7852,-1.2039
265.032,6,-38.2777,1.7782,-1.2050
265.049,6,-38.2628,1.7730,-1.2052
265.066,6,-38.2337,1.7643,-1.2057
265.082,6,-38.2188,1.7593,-1.2057
265.097,6,-38.1894,1.7507,-1.2061
265.112,6,-38.1742,1.7468,-1.2061
265.128,6,-38.1588,1.7438,-1.2058
265.143,6,-38.1285,1.7388,-1.2057
265.160,6,-38.1128,1.7378,-1.2054
265.175,6,-38.0822,1.7351,-1.2051
265.189,6,-38.0672,1.7353,-1.2050
265.206,6,-38.0528,1.7355,-1.2050
265.222,6,-38.0234,1.7358,-1.2050
265.237,6,-38.0085,1.7399,-1.2053
265.253,6,-37.9791,1.7455,-1.2060
265.269,6,-37.9655,1.7486,-1.2067
265.287,6,-37.9525,1.7504,-1.2077
265.306,6,-37.9118,1.7566,-1.2106
265.322,6,-37.8994,1.7612,-1.2127
265.338,6,-37.8864,1.7658,-1.2145
265.355,6,-37.8598,1.7742,-1.2178
265.371,6,-37.8466,1.7789,-1.2199
265.387,6,-37.8200,1.7870,-1.2236
265.402,6,-37.8066,1.7906,-1.2258
265.418,6,-37.7800,1.7966,-1.2299
265.434,6,-37.7668,1.7977,-1.2322
265.450,6,-37.7535,1.7980,-1.2344
265.466,6,-37.7270,1.7987,-1.2387
265.481,6,-37.7136,1.7967,-1.2409
265.498,6,-37.6866,1.7945,-1.2453
265.515,6,-37.6728,1.7910,-1.2475
265.531,6,-37.6451,1.7865,-1.2519
265.547,6,-37.6308,1.7824,-1.2542
265.563,6,-37.6024,1.7758,-1.2589
265.578,6,-37.5880,1.7711,-1.2614
265.598,6,-37.5596,1.7620,-1.2664
265.615,6,-37.5458,1.7573,-1.2692
265.631,6,-37.5173,1.7496,-1.2748
265.647,6,-37.5026,1.7469,-1.2781
265.663,6,-37.4732,1.7418,-1.2843
265.681,6,-37.4579,1.7416,-1.2879
265.699,6,-37.4282,1.7400,-1.2946
265.715,6,-37.4134,1.7402,-1.2983
265.730,6,-37.3840,1.7397,-1.3051
265.743,6,-37.3691,1.7425,-1.3085
265.759,6,-37.3545,1.7471,-1.3117
265.774,6,-37.3401,1.7505,-1.3145
265.789,6,-37.3114,1.7542,-1.3202
265.804,6,-37.2980,1.7561,-1.3224
265.819,6,-37.2705,1.7604,-1.3270
265.834,6,-37.2569,1.7642,-1.3286
265.850,6,-37.2432,1.7685,-1.3302
265.866,6,-37.2153,1.7762,-1.3337
265.882,6,-37.2012,1.7807,-1.3351
265.897,6,-37.1732,1.7879,-1.3381
265.912,6,-37.1589,1.7907,-1.3392
265.926,6,-37.1447,1.7925,-1.3404
265.942,6,-37.1165,1.7962,-1.3430
265.955,6,-37.1024,1.7961,-1.3441
265.970,6,-37.0883,1.7949,-1.3453
265.985,6,-37.0743,1.7937,-1.3465
266.000,6,-37.0457,1.7914,-1.3490
266.015,6,-37.0314,1.7886,-1.3502
266.030,6,-37.0024,1.7839,-1.3528
266.045,6,-36.9877,1.7800,-1.3540
266.060,6,-36.9730,1.7759,-1.3551
266.076,6,-36.9436,1.7678,-1.3572
266.091,6,-36.9286,1.7627,-1.3581
266.107,6,-36.8989,1.7542,-1.3602
266.123,6,-36.8840,1.7500,-1.3611
266.142,6,-36.8535,1.7437,-1.3630
266.161,6,-36.8377,1.7419,-1.3637
266.176,6,-36.8073,1.7376,-1.3653
266.192,6,-36.7916,1.7371,-1.3661
266.207,6,-36.7614,1.7348,-1.3676
266.223,6,-36.7466,1.7353,-1.3685
266.238,6,-36.7320,1.7370,-1.3693
266.254,6,-36.7172,1.7408,-1.3703
266.271,6,-36.6880,1.7447,-1.3722
266.288,6,-36.6599,1.7472,-1.3747
266.304,6,-36.6473,1.7482,-1.3766
266.320,6,-36.6209,1.7515,-1.3802
266.335,6,-36.6082,1.7549,-1.3823
266.351,6,-36.5821,1.7608,-1.3862
266.366,6,-36.5694,1.7650,-1.3885
266.382,6,-36.5568,1.7692,-1.3909
266.399,6,-36.5313,1.7766,-1.3953
266.414,6,-36.5188,1.7803,-1.3976
266.430,6,-36.4933,1.7864,-1.4024
266.444,6,-36.4808,1.7883,-1.4048
266.464,6,-36.4682,1.7892,-1.4072
266.481,6,-36.4427,1.7915,-1.4119
266.497,6,-36.4174,1.7925,-1.4165
266.512,6,-36.4048,1.7912,-1.4188
266.527,6,-36.3920,1.7899,-1.4211
266.543,6,-36.3661,1.7875,-1.4258
266.559,6,-36.3527,1.7848,-1.4281
266.575,6,-36.3268,1.7803,-1.4328
266.591,6,-36.3139,1.7763,-1.4352
266.607,6,-36.2878,1.7697,-1.4401
266.622,6,-36.2747,1.7652,-1.4429
266.637,6,-36.2616,1.7610,-1.4457
266.653,6,-36.2353,1.7538,-1.4511
266.669,6,-36.2223,1.7507,-1.4542
266.686,6,-36.1958,1.7450,-1.4600
266.701,6,-36.1824,1.7434,-1.4634
266.717,6,-36.1689,1.7417,-1.4667
266.734,6,-36.1423,1.7375,-1.4733
266.749,6,-36.1294,1.7356,-1.4768
266.765,6,-36.1037,1.7335,-1.4833
266.780,6,-36.0904,1.7359,-1.4866
266.795,6,-36.0776,1.7384,-1.4894
266.810,6,-36.0522,1.7393,-1.4948
266.826,6,-36.0400,1.7394,-1.4968
266.842,6,-36.0159,1.7406,-1.5011
266.857,6,-36.0044,1.7431,-1.5025
266.873,6,-35.9931,1.7462,-1.5038
266.889,6,-35.9704,1.7517,-1.5068
266.904,6,-35.9595,1.7553,-1.5080
266.919,6,-35.9371,1.7616,-1.5107
266.936,6,-35.9265,1.7658,-1.5115
266.953,6,-35.9046,1.7727,-1.5137
266.967,6,-35.8942,1.7759,-1.5147
266.982,6,-35.8837,1.7786,-1.5156
266.997,6,-35.8625,1.7838,-1.5176
267.011,6,-35.8519,1.7852,-1.5184
267.026,6,-35.8411,1.7859,-1.5191
267.041,6,-35.8201,1.7873,-1.5208
267.056,6,-35.8094,1.7861,-1.5213
267.071,6,-35.7987,1.7850,-1.5218
267.085,6,-35.7773,1.7829,-1.5229
267.100,6,-35.7664,1.7800,-1.5233
267.114,6,-35.7557,1.7771,-1.5235
267.129,6,-35.7450,1.7736,-1.5237
267.144,6,-35.7236,1.7678,-1.5243
267.158,6,-35.7132,1.7635,-1.5243
267.174,6,-35.6920,1.7564,-1.5246
267.188,6,-35.6812,1.7523,-1.5246
267.203,6,-35.6703,1.7488,-1.5245
267.219,6,-35.6484,1.7425,-1.5242
267.234,6,-35.6372,1.7401,-1.5239
267.253,6,-35.6258,1.7379,-1.5236
267.277,6,-35.5922,1.7312,-1.5227
267.294,6,-35.5698,1.7276,-1.5217
267.313,6,-35.5587,1.7266,-1.5208
267.332,6,-35.5372,1.7236,-1.5197
267.348,6,-35.5268,1.7244,-1.5190
267.364,6,-35.5055,1.7260,-1.5179
267.380,6,-35.4949,1.7285,-1.5171
267.397,6,-35.4739,1.7322,-1.5160
267.412,6,-35.4642,1.7348,-1.5157
267.429,6,-35.4549,1.7372,-1.5155
267.445,6,-35.4364,1.7411,-1.5152
267.460,6,-35.4282,1.7435,-1.5154
267.477,6,-35.4114,1.7485,-1.5155
267.492,6,-35.4038,1.7520,-1.5156
267.507,6,-35.3883,1.7581,-1.5157
267.522,6,-35.3814,1.7616,-1.5158
267.537,6,-35.3746,1.7648,-1.5158
267.553,6,-35.3603,1.7704,-1.5159
267.572,6,-35.3540,1.7724,-1.5159
267.590,6,-35.3403,1.7770,-1.5158
267.606,6,-35.3271,1.7806,-1.5158
267.621,6,-35.3210,1.7818,-1.5157
267.636,6,-35.3149,1.7824,-1.5157
267.652,6,-35.3028,1.7843,-1.5161
267.668,6,-35.2977,1.7840,-1.5164
267.684,6,-35.2866,1.7844,-1.5167
267.700,6,-35.2819,1.7839,-1.5170
267.716,6,-35.2720,1.7838,-1.5170
267.730,6,-35.2682,1.7834,-1.5171
267.746,6,-35.2644,1.7829,-1.5171
267.762,6,-35.2565,1.7821,-1.5174
267.779,6,-35.2535,1.7819,-1.5175
267.795,6,-35.2463,1.7819,-1.5178
267.812,6,-35.2432,1.7832,-1.5185
267.827,6,-35.2398,1.7848,-1.5189
267.843,6,-35.2330,1.7869,-1.5200
267.859,6,-35.2302,1.7877,-1.5203
267.875,6,-35.2245,1.7887,-1.5211
267.891,6,-35.2226,1.7888,-1.5227
267.908,6,-35.2178,1.7898,-1.5238
267.922,6,-35.2163,1.7902,-1.5259
267.939,6,-35.2117,1.7908,-1.5267
267.953,6,-35.2097,1.7909,-1.5274
267.967,6,-35.2078,1.7908,-1.5279
267.982,6,-35.2060,1.7904,-1.5287
267.997,6,-35.2043,1.7900,-1.5295
268.012,6,-35.2008,1.7893,-1.5309
268.027,6,-35.1993,1.7884,-1.5315
268.045,6,-35.1963,1.7873,-1.5329
268.063,6,-35.1933,1.7860,-1.5341
268.077,6,-35.1905,1.7850,-1.5354
268.092,6,-35.1878,1.7846,-1.5367
268.107,6,-35.1855,1.7847,-1.5378
268.128,6,-35.1838,1.7851,-1.5391
268.150,6,-35.1825,1.7851,-1.5398
268.170,6,-35.1813,1.7856,-1.5397
268.192,6,-35.1803,1.7864,-1.5402
268.215,6,-35.1793,1.7870,-1.5410
268.239,6,-35.1783,1.7869,-1.5413
268.261,6,-35.1778,1.7861,-1.5424
268.283,6,-35.1775,1.7852,-1.5426
268.305,6,-35.1773,1.7848,-1.5435
268.327,6,-35.1770,1.7844,-1.5433
268.350,6,-35.1771,1.7841,-1.5436
268.373,6,-35.1771,1.7838,-1.5434
268.395,6,-35.1773,1.7838,-1.5432
268.417,6,-35.1775,1.7840,-1.5430
268.440,6,-35.1778,1.7843,-1.5432
268.462,6,-35.1782,1.7842,-1.5434
268.484,6,-35.1780,1.7839,-1.5413
268.507,6,-35.1785,1.7836,-1.5411
268.532,6,-35.1789,1.7833,-1.5411
268.553,6,-35.1790,1.7830,-1.5400

# --- Trial 7 start ---
276.198,7,-39.7052,1.8084,-1.0629
276.281,7,-39.7038,1.8079,-1.0624
276.306,7,-39.7035,1.8078,-1.0624
276.329,7,-39.7032,1.8076,-1.0626
276.346,7,-39.7029,1.8075,-1.0628
276.361,7,-39.7028,1.8074,-1.0629
276.376,7,-39.7027,1.8075,-1.0631
276.392,7,-39.7025,1.8075,-1.0635
276.407,7,-39.7023,1.8074,-1.0639
276.425,7,-39.7023,1.8074,-1.0642
276.446,7,-39.7022,1.8073,-1.0644
276.467,7,-39.7020,1.8072,-1.0646
276.496,7,-39.7018,1.8071,-1.0647
276.518,7,-39.7015,1.8071,-1.0648
276.532,7,-39.7011,1.8070,-1.0649
276.556,7,-39.7005,1.8069,-1.0649
276.578,7,-39.6998,1.8069,-1.0648
276.600,7,-39.6987,1.8069,-1.0646
276.623,7,-39.6970,1.8065,-1.0641
276.645,7,-39.6950,1.8062,-1.0637
276.667,7,-39.6927,1.8060,-1.0634
276.689,7,-39.6895,1.8053,-1.0632
276.712,7,-39.6862,1.8043,-1.0627
276.734,7,-39.6827,1.8031,-1.0628
276.758,7,-39.6788,1.8005,-1.0631
276.779,7,-39.6743,1.7978,-1.0641
276.802,7,-39.6696,1.7957,-1.0656
276.825,7,-39.6654,1.7943,-1.0677
276.848,7,-39.6612,1.7940,-1.0701
276.870,7,-39.6589,1.7945,-1.0721
276.885,7,-39.6568,1.7944,-1.0738
276.901,7,-39.6547,1.7943,-1.0752
276.916,7,-39.6507,1.7944,-1.0778
276.933,7,-39.6486,1.7945,-1.0791
276.949,7,-39.6444,1.7943,-1.0817
276.965,7,-39.6423,1.7940,-1.0830
276.981,7,-39.6380,1.7937,-1.0855
276.996,7,-39.6359,1.7933,-1.0867
277.012,7,-39.6341,1.7925,-1.0879
277.027,7,-39.6307,1.7908,-1.0902
277.042,7,-39.6297,1.7886,-1.0913
277.057,7,-39.6279,1.7847,-1.0935
277.071,7,-39.6253,1.7867,-1.0948
277.091,7,-39.6178,1.7993,-1.0967
277.108,7,-39.6108,1.8049,-1.0999
277.127,7,-39.6059,1.8038,-1.1024
277.142,7,-39.6064,1.7990,-1.1035
277.157,7,-39.6069,1.7951,-1.1045
277.173,7,-39.6057,1.7925,-1.1063
277.187,7,-39.6039,1.7924,-1.1065
277.202,7,-39.5993,1.7937,-1.1078
277.216,7,-39.5954,1.7953,-1.1084
277.232,7,-39.5910,1.7965,-1.1092
277.248,7,-39.5872,1.7966,-1.1099
277.264,7,-39.5804,1.7963,-1.1114
277.282,7,-39.5736,1.7956,-1.1126
277.296,7,-39.5697,1.7941,-1.1130
277.313,7,-39.5657,1.7928,-1.1132
277.330,7,-39.5576,1.7920,-1.1138
277.346,7,-39.5486,1.7923,-1.1144
277.362,7,-39.5428,1.7923,-1.1145
277.378,7,-39.5367,1.7916,-1.1141
277.395,7,-39.5257,1.7900,-1.1144
277.410,7,-39.5195,1.7893,-1.1146
277.429,7,-39.5125,1.7883,-1.1145
277.445,7,-39.5053,1.7870,-1.1145
277.461,7,-39.4918,1.7840,-1.1140
277.477,7,-39.4840,1.7818,-1.1137
277.493,7,-39.4694,1.7783,-1.1135
277.509,7,-39.4613,1.7760,-1.1134
277.525,7,-39.4453,1.7716,-1.1129
277.540,7,-39.4367,1.7690,-1.1126
277.555,7,-39.4278,1.7660,-1.1118
277.572,7,-39.4100,1.7611,-1.1112
277.588,7,-39.4002,1.7577,-1.1105
277.604,7,-39.3813,1.7517,-1.1096
277.621,7,-39.3711,1.7482,-1.1085
277.637,7,-39.3508,1.7421,-1.1068
277.653,7,-39.3394,1.7395,-1.1060
277.670,7,-39.3178,1.7343,-1.1039
277.684,7,-39.3064,1.7325,-1.1025
277.701,7,-39.2942,1.7312,-1.1008
277.717,7,-39.2711,1.7288,-1.0979
277.732,7,-39.2591,1.7296,-1.0961
277.749,7,-39.2352,1.7314,-1.0933
277.765,7,-39.2230,1.7340,-1.0918
277.782,7,-39.2001,1.7374,-1.0884
277.798,7,-39.1891,1.7406,-1.0872
277.814,7,-39.1672,1.7464,-1.0847
277.831,7,-39.1571,1.7505,-1.0844
277.848,7,-39.1369,1.7567,-1.0831
277.865,7,-39.1273,1.7599,-1.0825
277.881,7,-39.1070,1.7674,-1.0816
277.897,7,-39.0961,1.7720,-1.0819
277.912,7,-39.0855,1.7761,-1.0820
277.929,7,-39.0644,1.7834,-1.0821
277.947,7,-39.0538,1.7862,-1.0821
277.963,7,-39.0324,1.7916,-1.0825
277.980,7,-39.0102,1.7954,-1.0831
277.997,7,-38.9990,1.7954,-1.0833
278.011,7,-38.9884,1.7946,-1.0834
278.028,7,-38.9660,1.7942,-1.0838
278.042,7,-38.9547,1.7918,-1.0841
278.059,7,-38.9313,1.7889,-1.0849
278.075,7,-38.9194,1.7854,-1.0851
278.090,7,-38.8953,1.7797,-1.0857
278.105,7,-38.8834,1.7753,-1.0858
278.120,7,-38.8709,1.7707,-1.0864
278.137,7,-38.8459,1.7633,-1.0874
278.152,7,-38.8329,1.7590,-1.0880
278.167,7,-38.8075,1.7516,-1.0893
278.182,7,-38.7944,1.7477,-1.0901
278.201,7,-38.7807,1.7451,-1.0915
278.217,7,-38.7533,1.7410,-1.0940
278.235,7,-38.7390,1.7413,-1.0956
278.253,7,-38.7111,1.7399,-1.0984
278.269,7,-38.6834,1.7395,-1.1017
278.283,7,-38.6698,1.7401,-1.1036
278.298,7,-38.6560,1.7417,-1.1057
278.314,7,-38.6284,1.7452,-1.1090
278.329,7,-38.6142,1.7496,-1.1103
278.344,7,-38.6004,1.7533,-1.1115
278.360,7,-38.5733,1.7574,-1.1139
278.374,7,-38.5598,1.7593,-1.1149
278.389,7,-38.5334,1.7634,-1.1162
278.405,7,-38.5203,1.7667,-1.1160
278.421,7,-38.5074,1.7700,-1.1155
278.437,7,-38.4802,1.7764,-1.1155
278.453,7,-38.4660,1.7802,-1.1154
278.469,7,-38.4387,1.7864,-1.1150
278.483,7,-38.4248,1.7891,-1.1146
278.499,7,-38.4111,1.7910,-1.1142
278.515,7,-38.3841,1.7944,-1.1135
278.531,7,-38.3707,1.7939,-1.1131
278.547,7,-38.3430,1.7943,-1.1124
278.563,7,-38.3291,1.7917,-1.1118
278.579,7,-38.3014,1.7888,-1.1109
278.595,7,-38.2870,1.7856,-1.1106
278.612,7,-38.2726,1.7822,-1.1104
278.629,7,-38.2443,1.7762,-1.1095
278.645,7,-38.2300,1.7712,-1.1088
278.661,7,-38.2015,1.7630,-1.1074
278.677,7,-38.1871,1.7580,-1.1068
278.694,7,-38.1589,1.7495,-1.1053
278.709,7,-38.1448,1.7456,-1.1042
278.727,7,-38.1158,1.7394,-1.1023
278.743,7,-38.1009,1.7376,-1.1010
278.759,7,-38.0716,1.7340,-1.0988
278.776,7,-38.0569,1.7338,-1.0977
278.793,7,-38.0281,1.7319,-1.0954
278.810,7,-38.0138,1.7328,-1.0947
278.825,7,-37.9846,1.7364,-1.0934
278.842,7,-37.9698,1.7413,-1.0933
278.860,7,-37.9410,1.7461,-1.0928
278.878,7,-37.9137,1.7496,-1.0929
278.897,7,-37.9011,1.7519,-1.0941
278.913,7,-37.8740,1.7576,-1.0953
278.930,7,-37.8610,1.7620,-1.0967
278.947,7,-37.8346,1.7687,-1.0986
278.963,7,-37.8215,1.7730,-1.1000
278.980,7,-37.7949,1.7806,-1.1021
278.995,7,-37.7815,1.7845,-1.1036
279.011,7,-37.7681,1.7873,-1.1051
279.027,7,-37.7417,1.7921,-1.1078
279.042,7,-37.7287,1.7927,-1.1091
279.059,7,-37.7025,1.7937,-1.1116
279.075,7,-37.6895,1.7923,-1.1131
279.092,7,-37.6630,1.7906,-1.1158
279.108,7,-37.6497,1.7878,-1.1173
279.124,7,-37.6231,1.7838,-1.1202
279.142,7,-37.6093,1.7800,-1.1218
279.157,7,-37.5820,1.7740,-1.1251
279.172,7,-37.5682,1.7691,-1.1269
279.188,7,-37.5544,1.7641,-1.1287
279.204,7,-37.5270,1.7561,-1.1323
279.219,7,-37.5130,1.7518,-1.1346
279.235,7,-37.4854,1.7448,-1.1388
279.250,7,-37.4711,1.7423,-1.1413
279.265,7,-37.4568,1.7405,-1.1439
279.281,7,-37.4284,1.7370,-1.1488
279.296,7,-37.4140,1.7363,-1.1515
279.311,7,-37.4001,1.7357,-1.1542
279.327,7,-37.3723,1.7345,-1.1594
279.346,7,-37.3444,1.7381,-1.1645
279.364,7,-37.3307,1.7420,-1.1669
279.380,7,-37.3035,1.7454,-1.1713
279.394,7,-37.2910,1.7467,-1.1731
279.408,7,-37.2789,1.7479,-1.1746
279.424,7,-37.2538,1.7514,-1.1778
279.439,7,-37.2416,1.7551,-1.1787
279.456,7,-37.2291,1.7591,-1.1796
279.473,7,-37.2041,1.7657,-1.1821
279.488,7,-37.1918,1.7694,-1.1831
279.504,7,-37.1672,1.7757,-1.1852
279.518,7,-37.1547,1.7784,-1.1860
279.535,7,-37.1302,1.7830,-1.1882
279.550,7,-37.1179,1.7838,-1.1891
279.565,7,-37.1055,1.7843,-1.1901
279.583,7,-37.0805,1.7853,-1.1921
279.598,7,-37.0677,1.7854,-1.1930
279.614,7,-37.0422,1.7838,-1.1950
279.629,7,-37.0290,1.7818,-1.1962
279.647,7,-37.0032,1.7785,-1.1986
279.663,7,-36.9901,1.7749,-1.1998
279.680,7,-36.9642,1.7694,-1.2020
279.696,7,-36.9509,1.7654,-1.2030
279.712,7,-36.9246,1.7592,-1.2053
279.728,7,-36.9110,1.7553,-1.2063
279.744,7,-36.8976,1.7519,-1.2073
279.760,7,-36.8709,1.7459,-1.2093
279.776,7,-36.8575,1.7438,-1.2103
279.791,7,-36.8303,1.7392,-1.2124
279.807,7,-36.8169,1.7379,-1.2134
279.828,7,-36.7900,1.7351,-1.2154
279.848,7,-36.7632,1.7334,-1.2175
279.864,7,-36.7498,1.7354,-1.2186
279.881,7,-36.7228,1.7382,-1.2211
279.896,7,-36.7101,1.7404,-1.2224
279.913,7,-36.6846,1.7430,-1.2251
279.930,7,-36.6728,1.7444,-1.2270
279.946,7,-36.6482,1.7474,-1.2306
279.962,7,-36.6364,1.7501,-1.2328
279.977,7,-36.6246,1.7527,-1.2350
279.995,7,-36.6012,1.7574,-1.2392
280.010,7,-36.5899,1.7603,-1.2417
280.027,7,-36.5670,1.7660,-1.2464
280.043,7,-36.5561,1.7693,-1.2490
280.060,7,-36.5339,1.7748,-1.2541
280.075,7,-36.5233,1.7768,-1.2568
280.091,7,-36.5013,1.7807,-1.2620
280.106,7,-36.4905,1.7815,-1.2648
280.122,7,-36.4794,1.7820,-1.2676
280.138,7,-36.4570,1.7831,-1.2731
280.155,7,-36.4456,1.7822,-1.2761
280.170,7,-36.4228,1.7812,-1.2817
280.187,7,-36.4111,1.7793,-1.2846
280.204,7,-36.3879,1.7758,-1.2903
280.220,7,-36.3765,1.7723,-1.2934
280.236,7,-36.3535,1.7665,-1.2995
280.252,7,-36.3419,1.7627,-1.3029
280.270,7,-36.3186,1.7563,-1.3097
280.285,7,-36.3070,1.7529,-1.3134
280.302,7,-36.2836,1.7470,-1.3206
280.317,7,-36.2718,1.7446,-1.3246
280.332,7,-36.2479,1.7400,-1.3324
280.347,7,-36.2358,1.7385,-1.3368
280.366,7,-36.2236,1.7378,-1.3415
280.381,7,-36.1999,1.7351,-1.3501
280.396,7,-36.1883,1.7348,-1.3546
280.412,7,-36.1649,1.7355,-1.3634
280.426,7,-36.1530,1.7381,-1.3679
280.442,7,-36.1415,1.7407,-1.3722
280.460,7,-36.1190,1.7440,-1.3803
280.477,7,-36.0972,1.7465,-1.3879
280.491,7,-36.0871,1.7475,-1.3911
280.505,7,-36.0769,1.7486,-1.3940
280.522,7,-36.0667,1.7507,-1.3968
280.537,7,-36.0456,1.7554,-1.4027
280.552,7,-36.0352,1.7583,-1.4052
280.567,7,-36.0144,1.7637,-1.4104
280.581,7,-36.0042,1.7668,-1.4126
280.597,7,-35.9943,1.7696,-1.4147
280.616,7,-35.9742,1.7746,-1.4189
280.634,7,-35.9540,1.7789,-1.4230
280.649,7,-35.9440,1.7800,-1.4248
280.664,7,-35.9341,1.7809,-1.4267
280.679,7,-35.9140,1.7828,-1.4305
280.695,7,-35.9036,1.7826,-1.4324
280.710,7,-35.8832,1.7827,-1.4361
280.726,7,-35.8726,1.7813,-1.4379
280.744,7,-35.8623,1.7793,-1.4395
280.761,7,-35.8418,1.7760,-1.4428
280.776,7,-35.8317,1.7732,-1.4444
280.791,7,-35.8113,1.7684,-1.4475
280.807,7,-35.8011,1.7650,-1.4489
280.824,7,-35.7808,1.7593,-1.4517
280.838,7,-35.7705,1.7562,-1.4529
280.854,7,-35.7599,1.7535,-1.4540
280.870,7,-35.7391,1.7488,-1.4564
280.886,7,-35.7284,1.7470,-1.4574
280.903,7,-35.7078,1.7433,-1.4595
280.919,7,-35.6975,1.7420,-1.4603
280.936,7,-35.6770,1.7391,-1.4622
280.952,7,-35.6672,1.7382,-1.4629
280.968,7,-35.6470,1.7364,-1.4646
280.984,7,-35.6372,1.7373,-1.4654
281.000,7,-35.6178,1.7376,-1.4672
281.014,7,-35.6085,1.7381,-1.4682
281.033,7,-35.5994,1.7397,-1.4694
281.049,7,-35.5811,1.7417,-1.4717
281.065,7,-35.5724,1.7436,-1.4731
281.084,7,-35.5550,1.7474,-1.4758
281.099,7,-35.5379,1.7518,-1.4788
281.114,7,-35.5302,1.7547,-1.4804
281.130,7,-35.5226,1.7575,-1.4822
281.146,7,-35.5152,1.7601,-1.4839
281.161,7,-35.5000,1.7652,-1.4874
281.176,7,-35.4932,1.7675,-1.4894
281.191,7,-35.4786,1.7717,-1.4928
281.207,7,-35.4717,1.7732,-1.4946
281.222,7,-35.4579,1.7759,-1.4981
281.237,7,-35.4516,1.7762,-1.5001
281.256,7,-35.4451,1.7763,-1.5020
281.277,7,-35.4247,1.7780,-1.5076
281.295,7,-35.4185,1.7776,-1.5099
281.311,7,-35.3992,1.7777,-1.5157
281.327,7,-35.3868,1.7770,-1.5198
281.346,7,-35.3747,1.7759,-1.5238
281.368,7,-35.3632,1.7739,-1.5278
281.389,7,-35.3528,1.7717,-1.5320
281.409,7,-35.3434,1.7697,-1.5367
281.434,7,-35.3349,1.7676,-1.5415
281.453,7,-35.3261,1.7653,-1.5458
281.475,7,-35.3176,1.7642,-1.5499
281.499,7,-35.3089,1.7671,-1.5538
281.520,7,-35.3000,1.7698,-1.5575
281.542,7,-35.2923,1.7713,-1.5607
281.572,7,-35.2859,1.7740,-1.5628
281.593,7,-35.2797,1.7763,-1.5659
281.608,7,-35.2731,1.7785,-1.5683
281.631,7,-35.2670,1.7809,-1.5697
281.652,7,-35.2610,1.7827,-1.5706
281.676,7,-35.2554,1.7835,-1.5714
281.699,7,-35.2501,1.7838,-1.5716
281.721,7,-35.2454,1.7835,-1.5716
281.745,7,-35.2410,1.7829,-1.5710
281.766,7,-35.2369,1.7822,-1.5704
281.789,7,-35.2335,1.7812,-1.5693
281.812,7,-35.2322,1.7806,-1.5684
281.829,7,-35.2307,1.7799,-1.5671
281.845,7,-35.2294,1.7793,-1.5661
281.861,7,-35.2267,1.7779,-1.5646
281.876,7,-35.2258,1.7771,-1.5636
281.892,7,-35.2234,1.7763,-1.5616
281.908,7,-35.2226,1.7760,-1.5601
281.925,7,-35.2208,1.7754,-1.5578
281.940,7,-35.2201,1.7755,-1.5566
281.957,7,-35.2183,1.7760,-1.5540
281.972,7,-35.2177,1.7768,-1.5526
281.988,7,-35.2172,1.7772,-1.5512
282.005,7,-35.2162,1.7774,-1.5485
282.020,7,-35.2162,1.7773,-1.5472
282.035,7,-35.2155,1.7774,-1.5445
282.050,7,-35.2152,1.7775,-1.5435
282.065,7,-35.2148,1.7774,-1.5422
282.081,7,-35.2136,1.7772,-1.5399
282.095,7,-35.2130,1.7772,-1.5389
282.110,7,-35.2123,1.7774,-1.5379
282.124,7,-35.2116,1.7775,-1.5368
282.140,7,-35.2104,1.7774,-1.5348
282.155,7,-35.2099,1.7772,-1.5339
282.171,7,-35.2089,1.7770,-1.5320
282.185,7,-35.2086,1.7767,-1.5313
282.205,7,-35.2084,1.7762,-1.5308
282.225,7,-35.2077,1.7757,-1.5295
282.244,7,-35.2070,1.7751,-1.5283
282.259,7,-35.2069,1.7747,-1.5279
282.274,7,-35.2064,1.7744,-1.5269
282.291,7,-35.2061,1.7743,-1.5267
282.307,7,-35.2060,1.7742,-1.5266
282.323,7,-35.2055,1.7740,-1.5260
282.338,7,-35.2055,1.7740,-1.5259
282.354,7,-35.2053,1.7740,-1.5259
282.369,7,-35.2051,1.7741,-1.5257
282.384,7,-35.2049,1.7742,-1.5256
282.400,7,-35.2044,1.7743,-1.5254
282.415,7,-35.2042,1.7744,-1.5253
282.432,7,-35.2039,1.7743,-1.5251
282.446,7,-35.2036,1.7743,-1.5251
282.462,7,-35.2035,1.7742,-1.5253
282.478,7,-35.2034,1.7741,-1.5254
282.494,7,-35.2029,1.7741,-1.5253
282.510,7,-35.2024,1.7739,-1.5253
282.526,7,-35.2024,1.7738,-1.5255
282.541,7,-35.2020,1.7736,-1.5256
282.556,7,-35.2018,1.7735,-1.5257
282.572,7,-35.2017,1.7735,-1.5257
282.588,7,-35.2011,1.7734,-1.5255
282.604,7,-35.2010,1.7733,-1.5254
282.619,7,-35.2007,1.7732,-1.5257

# --- Trial 8 start ---
291.201,8,-39.7165,1.8164,-1.0475
291.283,8,-39.7136,1.8156,-1.0476
291.314,8,-39.7117,1.8150,-1.0474
291.332,8,-39.7110,1.8147,-1.0471
291.346,8,-39.7104,1.8144,-1.0469
291.362,8,-39.7095,1.8141,-1.0466
291.377,8,-39.7091,1.8139,-1.0463
291.395,8,-39.7087,1.8138,-1.0461
291.411,8,-39.7079,1.8135,-1.0458
291.426,8,-39.7074,1.8133,-1.0455
291.442,8,-39.7066,1.8129,-1.0452
291.460,8,-39.7063,1.8127,-1.0449
291.477,8,-39.7056,1.8123,-1.0444
291.492,8,-39.7051,1.8123,-1.0440
291.507,8,-39.7041,1.8122,-1.0434
291.521,8,-39.7035,1.8122,-1.0429
291.536,8,-39.7030,1.8122,-1.0424
291.552,8,-39.7018,1.8121,-1.0415
291.567,8,-39.7011,1.8120,-1.0410
291.583,8,-39.7003,1.8120,-1.0404
291.602,8,-39.6986,1.8120,-1.0393
291.620,8,-39.6960,1.8119,-1.0380
291.637,8,-39.6944,1.8118,-1.0373
291.653,8,-39.6916,1.8117,-1.0363
291.668,8,-39.6897,1.8120,-1.0362
291.685,8,-39.6859,1.8123,-1.0358
291.701,8,-39.6837,1.8122,-1.0360
291.717,8,-39.6815,1.8119,-1.0363
291.734,8,-39.6777,1.8110,-1.0370
291.751,8,-39.6742,1.8096,-1.0378
291.766,8,-39.6727,1.8086,-1.0386
291.781,8,-39.6713,1.8075,-1.0396
291.797,8,-39.6683,1.8059,-1.0413
291.814,8,-39.6671,1.8052,-1.0424
291.831,8,-39.6642,1.8045,-1.0446
291.848,8,-39.6627,1.8048,-1.0460
291.863,8,-39.6596,1.8045,-1.0485
291.878,8,-39.6582,1.8043,-1.0500
291.895,8,-39.6568,1.8042,-1.0516
291.912,8,-39.6537,1.8042,-1.0545
291.928,8,-39.6519,1.8042,-1.0562
291.945,8,-39.6486,1.8039,-1.0594
291.960,8,-39.6468,1.8034,-1.0611
291.977,8,-39.6438,1.8020,-1.0645
291.993,8,-39.6427,1.8000,-1.0662
292.010,8,-39.6409,1.7965,-1.0694
292.026,8,-39.6389,1.7977,-1.0714
292.044,8,-39.6335,1.8038,-1.0758
292.061,8,-39.6305,1.8058,-1.0779
292.077,8,-39.6263,1.8058,-1.0815
292.094,8,-39.6248,1.8025,-1.0833
292.113,8,-39.6216,1.7990,-1.0867
292.133,8,-39.6182,1.7975,-1.0896
292.149,8,-39.6160,1.7974,-1.0912
292.166,8,-39.6110,1.7967,-1.0944
292.182,8,-39.6049,1.7957,-1.0976
292.198,8,-39.6008,1.7955,-1.0993
292.217,8,-39.5963,1.7957,-1.1006
292.234,8,-39.5885,1.7955,-1.1036
292.249,8,-39.5841,1.7954,-1.1051
292.266,8,-39.5752,1.7950,-1.1077
292.282,8,-39.5700,1.7947,-1.1089
292.298,8,-39.5603,1.7940,-1.1114
292.313,8,-39.5548,1.7933,-1.1124
292.330,8,-39.5492,1.7924,-1.1135
292.347,8,-39.5381,1.7909,-1.1156
292.363,8,-39.5265,1.7890,-1.1177
292.378,8,-39.5199,1.7880,-1.1185
292.393,8,-39.5132,1.7865,-1.1194
292.409,8,-39.5003,1.7838,-1.1210
292.428,8,-39.4926,1.7818,-1.1216
292.445,8,-39.4780,1.7784,-1.1233
292.460,8,-39.4701,1.7764,-1.1239
292.476,8,-39.4546,1.7719,-1.1248
292.491,8,-39.4461,1.7692,-1.1250
292.507,8,-39.4294,1.7641,-1.1254
292.522,8,-39.4201,1.7614,-1.1253
292.536,8,-39.4109,1.7588,-1.1252
292.552,8,-39.3923,1.7540,-1.1252
292.567,8,-39.3821,1.7514,-1.1246
292.582,8,-39.3719,1.7490,-1.1239
292.598,8,-39.3516,1.7448,-1.1227
292.614,8,-39.3410,1.7436,-1.1216
292.630,8,-39.3199,1.7412,-1.1197
292.645,8,-39.3091,1.7410,-1.1182
292.661,8,-39.2876,1.7404,-1.1156
292.676,8,-39.2764,1.7422,-1.1142
292.691,8,-39.2652,1.7448,-1.1128
292.707,8,-39.2434,1.7489,-1.1104
292.723,8,-39.2329,1.7520,-1.1091
292.738,8,-39.2126,1.7568,-1.1068
292.753,8,-39.2033,1.7600,-1.1062
292.770,8,-39.1943,1.7628,-1.1055
292.786,8,-39.1758,1.7680,-1.1046
292.802,8,-39.1667,1.7711,-1.1045
292.818,8,-39.1482,1.7769,-1.1041
292.833,8,-39.1390,1.7798,-1.1045
292.849,8,-39.1296,1.7827,-1.1051
292.867,8,-39.1110,1.7882,-1.1062
292.883,8,-39.1018,1.7903,-1.1069
292.900,8,-39.0831,1.7942,-1.1082
292.917,8,-39.0640,1.7972,-1.1101
292.933,8,-39.0545,1.7975,-1.1114
292.949,8,-39.0448,1.7975,-1.1127
292.966,8,-39.0254,1.7971,-1.1150
292.981,8,-39.0155,1.7955,-1.1164
292.999,8,-38.9952,1.7930,-1.1194
293.015,8,-38.9845,1.7903,-1.1212
293.032,8,-38.9633,1.7858,-1.1245
293.048,8,-38.9522,1.7824,-1.1264
293.066,8,-38.9306,1.7759,-1.1302
293.083,8,-38.9084,1.7690,-1.1345
293.098,8,-38.8969,1.7650,-1.1371
293.114,8,-38.8854,1.7609,-1.1396
293.131,8,-38.8627,1.7540,-1.1447
293.147,8,-38.8511,1.7509,-1.1477
293.164,8,-38.8278,1.7453,-1.1536
293.180,8,-38.8159,1.7440,-1.1572
293.196,8,-38.7926,1.7407,-1.1637
293.213,8,-38.7805,1.7407,-1.1676
293.234,8,-38.7571,1.7401,-1.1751
293.252,8,-38.7338,1.7415,-1.1824
293.268,8,-38.7214,1.7455,-1.1861
293.286,8,-38.6968,1.7514,-1.1928
293.302,8,-38.6848,1.7544,-1.1959
293.319,8,-38.6616,1.7582,-1.2018
293.335,8,-38.6510,1.7600,-1.2041
293.351,8,-38.6293,1.7639,-1.2088
293.367,8,-38.6190,1.7663,-1.2105
293.382,8,-38.6081,1.7695,-1.2121
293.397,8,-38.5855,1.7757,-1.2159
293.413,8,-38.5736,1.7795,-1.2171
293.431,8,-38.5507,1.7862,-1.2199
293.447,8,-38.5280,1.7921,-1.2223
293.464,8,-38.5169,1.7938,-1.2233
293.480,8,-38.5055,1.7955,-1.2245
293.496,8,-38.4824,1.7983,-1.2268
293.511,8,-38.4706,1.7983,-1.2280
293.526,8,-38.4588,1.7976,-1.2290
293.542,8,-38.4352,1.7973,-1.2313
293.556,8,-38.4232,1.7958,-1.2326
293.572,8,-38.3993,1.7929,-1.2349
293.587,8,-38.3872,1.7896,-1.2359
293.607,8,-38.3630,1.7835,-1.2378
293.625,8,-38.3509,1.7790,-1.2387
293.642,8,-38.3266,1.7715,-1.2405
293.657,8,-38.3145,1.7671,-1.2413
293.672,8,-38.2897,1.7591,-1.2429
293.688,8,-38.2769,1.7547,-1.2434
293.702,8,-38.2515,1.7475,-1.2447
293.716,8,-38.2385,1.7447,-1.2450
293.731,8,-38.2249,1.7428,-1.2452
293.746,8,-38.2114,1.7412,-1.2453
293.762,8,-38.1848,1.7381,-1.2456
293.777,8,-38.1712,1.7378,-1.2456
293.793,8,-38.1451,1.7369,-1.2457
293.808,8,-38.1319,1.7391,-1.2458
293.823,8,-38.1184,1.7426,-1.2457
293.839,8,-38.0923,1.7471,-1.2460
293.855,8,-38.0795,1.7503,-1.2464
293.869,8,-38.0547,1.7545,-1.2473
293.884,8,-38.0436,1.7562,-1.2484
293.904,8,-38.0327,1.7578,-1.2496
293.921,8,-38.0093,1.7625,-1.2517
293.937,8,-37.9859,1.7685,-1.2543
293.952,8,-37.9743,1.7721,-1.2559
293.968,8,-37.9626,1.7750,-1.2575
293.985,8,-37.9393,1.7806,-1.2605
294.001,8,-37.9280,1.7831,-1.2624
294.020,8,-37.9050,1.7873,-1.2659
294.039,8,-37.8820,1.7903,-1.2695
294.055,8,-37.8708,1.7898,-1.2714
294.071,8,-37.8594,1.7894,-1.2734
294.087,8,-37.8367,1.7887,-1.2771
294.102,8,-37.8250,1.7873,-1.2793
294.118,8,-37.8021,1.7848,-1.2834
294.132,8,-37.7902,1.7826,-1.2856
294.148,8,-37.7782,1.7797,-1.2878
294.165,8,-37.7545,1.7747,-1.2922
294.180,8,-37.7425,1.7714,-1.2947
294.196,8,-37.7185,1.7653,-1.2995
294.212,8,-37.7062,1.7615,-1.3023
294.227,8,-37.6942,1.7582,-1.3050
294.243,8,-37.6699,1.7528,-1.3106
294.258,8,-37.6574,1.7508,-1.3139
294.275,8,-37.6326,1.7469,-1.3203
294.292,8,-37.6200,1.7460,-1.3239
294.309,8,-37.5951,1.7440,-1.3308
294.324,8,-37.5826,1.7441,-1.3345
294.345,8,-37.5579,1.7451,-1.3417
294.362,8,-37.5331,1.7490,-1.3488
294.379,8,-37.5209,1.7517,-1.3521
294.395,8,-37.4968,1.7554,-1.3584
294.410,8,-37.4855,1.7570,-1.3611
294.426,8,-37.4743,1.7584,-1.3636
294.443,8,-37.4513,1.7618,-1.3684
294.458,8,-37.4398,1.7644,-1.3703
294.473,8,-37.4167,1.7695,-1.3743
294.488,8,-37.4051,1.7727,-1.3757
294.503,8,-37.3935,1.7760,-1.3771
294.520,8,-37.3706,1.7819,-1.3799
294.535,8,-37.3593,1.7846,-1.3809
294.551,8,-37.3366,1.7894,-1.3831
294.567,8,-37.3256,1.7907,-1.3838
294.583,8,-37.3029,1.7936,-1.3858
294.597,8,-37.2914,1.7938,-1.3867
294.617,8,-37.2683,1.7939,-1.3885
294.632,8,-37.2562,1.7924,-1.3894
294.648,8,-37.2443,1.7911,-1.3903
294.664,8,-37.2206,1.7885,-1.3920
294.679,8,-37.2086,1.7853,-1.3928
294.695,8,-37.1847,1.7799,-1.3944
294.709,8,-37.1725,1.7761,-1.3950
294.724,8,-37.1602,1.7723,-1.3957
294.740,8,-37.1358,1.7657,-1.3969
294.754,8,-37.1232,1.7617,-1.3972
294.769,8,-37.1105,1.7580,-1.3976
294.784,8,-37.0852,1.7516,-1.3982
294.798,8,-37.0720,1.7495,-1.3982
294.813,8,-37.0591,1.7477,-1.3981
294.828,8,-37.0336,1.7438,-1.3980
294.843,8,-37.0208,1.7428,-1.3975
294.858,8,-37.0083,1.7422,-1.3969
294.874,8,-36.9835,1.7409,-1.3961
294.889,8,-36.9711,1.7426,-1.3954
294.904,8,-36.9459,1.7460,-1.3943
294.918,8,-36.9338,1.7490,-1.3938
294.937,8,-36.9220,1.7516,-1.3934
294.953,8,-36.8984,1.7547,-1.3931
294.971,8,-36.8761,1.7572,-1.3932
294.988,8,-36.8658,1.7587,-1.3938
295.003,8,-36.8552,1.7610,-1.3945
295.018,8,-36.8335,1.7656,-1.3956
295.033,8,-36.8228,1.7687,-1.3967
295.049,8,-36.8124,1.7713,-1.3976
295.065,8,-36.7912,1.7767,-1.3996
295.080,8,-36.7699,1.7821,-1.4018
295.097,8,-36.7593,1.7845,-1.4032
295.115,8,-36.7486,1.7861,-1.4048
295.131,8,-36.7273,1.7892,-1.4074
295.146,8,-36.7165,1.7893,-1.4089
295.163,8,-36.6953,1.7898,-1.4115
295.177,8,-36.6847,1.7888,-1.4131
295.193,8,-36.6738,1.7875,-1.4145
295.209,8,-36.6521,1.7854,-1.4174
295.223,8,-36.6410,1.7832,-1.4189
295.239,8,-36.6188,1.7793,-1.4218
295.254,8,-36.6076,1.7758,-1.4236
295.270,8,-36.5963,1.7723,-1.4253
295.288,8,-36.5734,1.7662,-1.4290
295.305,8,-36.5616,1.7627,-1.4311
295.320,8,-36.5381,1.7566,-1.4351
295.335,8,-36.5260,1.7538,-1.4374
295.351,8,-36.5022,1.7491,-1.4419
295.365,8,-36.4901,1.7480,-1.4446
295.380,8,-36.4779,1.7472,-1.4475
295.396,8,-36.4541,1.7449,-1.4529
295.411,8,-36.4423,1.7448,-1.4559
295.428,8,-36.4188,1.7441,-1.4618
295.443,8,-36.4071,1.7458,-1.4650
295.458,8,-36.3952,1.7484,-1.4682
295.475,8,-36.3713,1.7528,-1.4744
295.490,8,-36.3595,1.7556,-1.4774
295.506,8,-36.3366,1.7595,-1.4831
295.521,8,-36.3257,1.7610,-1.4855
295.536,8,-36.3149,1.7617,-1.4878
295.552,8,-36.2933,1.7637,-1.4923
295.568,8,-36.2827,1.7654,-1.4941
295.584,8,-36.2612,1.7692,-1.4978
295.602,8,-36.2505,1.7721,-1.4989
295.621,8,-36.2289,1.7771,-1.5015
295.636,8,-36.2180,1.7799,-1.5023
295.656,8,-36.1965,1.7848,-1.5041
295.672,8,-36.1754,1.7887,-1.5055
295.687,8,-36.1650,1.7899,-1.5060
295.702,8,-36.1547,1.7905,-1.5063
295.719,8,-36.1339,1.7920,-1.5072
295.734,8,-36.1234,1.7915,-1.5075
295.754,8,-36.1022,1.7911,-1.5081
295.774,8,-36.0811,1.7893,-1.5084
295.789,8,-36.0701,1.7873,-1.5084
295.804,8,-36.0487,1.7841,-1.5086
295.818,8,-36.0380,1.7814,-1.5084
295.837,8,-36.0272,1.7782,-1.5082
295.851,8,-36.0057,1.7730,-1.5080
295.866,8,-35.9949,1.7695,-1.5077
295.880,8,-35.9841,1.7661,-1.5074
295.894,8,-35.9626,1.7603,-1.5067
295.909,8,-35.9518,1.7577,-1.5061
295.924,8,-35.9411,1.7558,-1.5054
295.940,8,-35.9198,1.7516,-1.5043
295.955,8,-35.9095,1.7504,-1.5035
295.969,8,-35.8991,1.7493,-1.5026
295.985,8,-35.8783,1.7471,-1.5010
296.000,8,-35.8681,1.7470,-1.5002
296.016,8,-35.8479,1.7479,-1.4985
296.031,8,-35.8383,1.7500,-1.4978
296.045,8,-35.8287,1.7510,-1.4971
296.066,8,-35.8099,1.7531,-1.4959
296.085,8,-35.7913,1.7557,-1.4952
296.100,8,-35.7821,1.7571,-1.4951
296.115,8,-35.7636,1.7604,-1.4949
296.130,8,-35.7548,1.7627,-1.4952
296.149,8,-35.7462,1.7650,-1.4955
296.164,8,-35.7288,1.7687,-1.4958
296.179,8,-35.7205,1.7709,-1.4963
296.193,8,-35.7126,1.7731,-1.4967
296.208,8,-35.6963,1.7770,-1.4974
296.223,8,-35.6890,1.7788,-1.4979
296.239,8,-35.6736,1.7820,-1.4987
296.255,8,-35.6661,1.7832,-1.4990
296.271,8,-35.6507,1.7857,-1.4996
296.289,8,-35.6430,1.7861,-1.5000
296.306,8,-35.6275,1.7871,-1.5007
296.322,8,-35.6197,1.7868,-1.5011
296.338,8,-35.6042,1.7864,-1.5018
296.353,8,-35.5966,1.7853,-1.5023
296.368,8,-35.5890,1.7835,-1.5027
296.384,8,-35.5818,1.7817,-1.5032
296.399,8,-35.5671,1.7790,-1.5043
296.414,8,-35.5601,1.7773,-1.5049
296.431,8,-35.5457,1.7743,-1.5063
296.446,8,-35.5385,1.7729,-1.5072
296.461,8,-35.5242,1.7704,-1.5090
296.476,8,-35.5173,1.7693,-1.5104
296.492,8,-35.5034,1.7674,-1.5129
296.508,8,-35.4966,1.7669,-1.5144
296.523,8,-35.4899,1.7663,-1.5162
296.539,8,-35.4765,1.7648,-1.5195
296.554,8,-35.4697,1.7647,-1.5214
296.569,8,-35.4629,1.7653,-1.5234
296.585,8,-35.4493,1.7660,-1.5272
296.600,8,-35.4425,1.7674,-1.5291
296.616,8,-35.4290,1.7691,-1.5327
296.630,8,-35.4228,1.7695,-1.5344
296.646,8,-35.4169,1.7694,-1.5361
296.662,8,-35.4048,1.7700,-1.5392
296.678,8,-35.3990,1.7707,-1.5404
296.693,8,-35.3874,1.7724,-1.5428
296.709,8,-35.3822,1.7738,-1.5435
296.724,8,-35.3776,1.7751,-1.5453
296.740,8,-35.3670,1.7773,-1.5470
296.755,8,-35.3620,1.7787,-1.5474
296.771,8,-35.3521,1.7811,-1.5485
296.785,8,-35.3475,1.7823,-1.5487
296.802,8,-35.3381,1.7848,-1.5495
296.818,8,-35.3339,1.7859,-1.5495
296.833,8,-35.3300,1.7866,-1.5495
296.849,8,-35.3221,1.7879,-1.5496
296.865,8,-35.3186,1.7881,-1.5494
296.881,8,-35.3116,1.7885,-1.5491
296.896,8,-35.3088,1.7880,-1.5489
296.912,8,-35.3062,1.7873,-1.5486
296.928,8,-35.3006,1.7863,-1.5482
296.945,8,-35.2987,1.7852,-1.5478
296.959,8,-35.2968,1.7842,-1.5478
296.974,8,-35.2929,1.7821,-1.5473
296.990,8,-35.2896,1.7797,-1.5466
297.005,8,-35.2886,1.7784,-1.5462
297.018,8,-35.2872,1.7782,-1.5460
297.037,8,-35.2854,1.7800,-1.5455
297.050,8,-35.2837,1.7811,-1.5450
297.065,8,-35.2820,1.7816,-1.5444
297.081,8,-35.2780,1.7821,-1.5428
297.096,8,-35.2772,1.7821,-1.5423
297.110,8,-35.2765,1.7820,-1.5416
297.126,8,-35.2747,1.7821,-1.5406
297.142,8,-35.2739,1.7821,-1.5403
297.160,8,-35.2724,1.7825,-1.5408
297.176,8,-35.2711,1.7827,-1.5404
297.191,8,-35.2690,1.7825,-1.5395
297.204,8,-35.2679,1.7822,-1.5391
297.219,8,-35.2669,1.7820,-1.5388
297.233,8,-35.2659,1.7818,-1.5384
297.247,8,-35.2640,1.7816,-1.5377
297.263,8,-35.2630,1.7815,-1.5374
297.278,8,-35.2622,1.7816,-1.5370
297.295,8,-35.2605,1.7815,-1.5364
297.314,8,-35.2598,1.7814,-1.5362
297.332,8,-35.2582,1.7809,-1.5355
297.346,8,-35.2577,1.7805,-1.5357
297.361,8,-35.2562,1.7801,-1.5351
297.375,8,-35.2555,1.7800,-1.5350
297.391,8,-35.2541,1.7798,-1.5346
297.405,8,-35.2535,1.7797,-1.5345
297.421,8,-35.2531,1.7795,-1.5346
297.436,8,-35.2526,1.7794,-1.5347
297.453,8,-35.2515,1.7792,-1.5348
297.469,8,-35.2510,1.7791,-1.5348
297.484,8,-35.2497,1.7788,-1.5341
297.499,8,-35.2488,1.7784,-1.5340
297.516,8,-35.2485,1.7783,-1.5344
297.533,8,-35.2482,1.7782,-1.5343
297.549,8,-35.2473,1.7781,-1.5343
297.564,8,-35.2471,1.7780,-1.5346
297.579,8,-35.2463,1.7779,-1.5345
297.594,8,-35.2461,1.7778,-1.5348

# --- Trial 9 start ---
306.771,9,-39.7269,1.8110,-1.0469
306.850,9,-39.7228,1.8106,-1.0400
306.873,9,-39.7230,1.8105,-1.0392
306.888,9,-39.7231,1.8103,-1.0385
306.901,9,-39.7233,1.8103,-1.0381
306.918,9,-39.7235,1.8103,-1.0378
306.933,9,-39.7237,1.8102,-1.0375
306.956,9,-39.7240,1.8103,-1.0369
306.973,9,-39.7244,1.8103,-1.0363
306.992,9,-39.7248,1.8103,-1.0357
307.015,9,-39.7252,1.8102,-1.0353
307.028,9,-39.7255,1.8101,-1.0351
307.043,9,-39.7258,1.8101,-1.0350
307.058,9,-39.7260,1.8100,-1.0348
307.074,9,-39.7264,1.8100,-1.0345
307.089,9,-39.7266,1.8101,-1.0344
307.108,9,-39.7270,1.8100,-1.0341
307.126,9,-39.7275,1.8099,-1.0338
307.140,9,-39.7278,1.8098,-1.0336
307.155,9,-39.7279,1.8098,-1.0335
307.170,9,-39.7282,1.8098,-1.0331
307.186,9,-39.7284,1.8097,-1.0328
307.201,9,-39.7285,1.8097,-1.0326
307.216,9,-39.7286,1.8095,-1.0322
307.231,9,-39.7286,1.8094,-1.0320
307.245,9,-39.7284,1.8093,-1.0318
307.261,9,-39.7282,1.8091,-1.0314
307.276,9,-39.7278,1.8088,-1.0311
307.291,9,-39.7271,1.8084,-1.0305
307.306,9,-39.7261,1.8087,-1.0302
307.322,9,-39.7250,1.8095,-1.0297
307.339,9,-39.7226,1.8109,-1.0290
307.353,9,-39.7206,1.8111,-1.0286
307.369,9,-39.7173,1.8102,-1.0278
307.384,9,-39.7155,1.8077,-1.0276
307.398,9,-39.7138,1.8055,-1.0275
307.415,9,-39.7104,1.8034,-1.0276
307.430,9,-39.7083,1.8039,-1.0281
307.445,9,-39.7061,1.8047,-1.0288
307.460,9,-39.7024,1.8044,-1.0299
307.475,9,-39.7007,1.8036,-1.0310
307.490,9,-39.6974,1.8026,-1.0326
307.505,9,-39.6959,1.8026,-1.0338
307.526,9,-39.6945,1.8025,-1.0349
307.540,9,-39.6914,1.8018,-1.0369
307.555,9,-39.6901,1.8015,-1.0382
307.574,9,-39.6874,1.8013,-1.0406
307.592,9,-39.6849,1.8009,-1.0433
307.607,9,-39.6842,1.8002,-1.0448
307.623,9,-39.6840,1.7989,-1.0463
307.639,9,-39.6835,1.7963,-1.0490
307.654,9,-39.6838,1.7953,-1.0506
307.670,9,-39.6801,1.8008,-1.0541
307.685,9,-39.6761,1.8090,-1.0567
307.700,9,-39.6722,1.8139,-1.0606
307.717,9,-39.6705,1.8130,-1.0625
307.738,9,-39.6693,1.8095,-1.0662
307.755,9,-39.6691,1.8066,-1.0698
307.770,9,-39.6694,1.8058,-1.0712
307.788,9,-39.6689,1.8051,-1.0728
307.803,9,-39.6675,1.8039,-1.0762
307.816,9,-39.6662,1.8035,-1.0781
307.833,9,-39.6642,1.8038,-1.0801
307.851,9,-39.6606,1.8048,-1.0837
307.867,9,-39.6584,1.8056,-1.0849
307.884,9,-39.6545,1.8052,-1.0882
307.899,9,-39.6526,1.8041,-1.0894
307.917,9,-39.6487,1.8028,-1.0922
307.932,9,-39.6461,1.8024,-1.0934
307.949,9,-39.6410,1.8019,-1.0959
307.965,9,-39.6376,1.8015,-1.0967
307.981,9,-39.6309,1.8005,-1.0991
307.998,9,-39.6270,1.8003,-1.1001
308.014,9,-39.6194,1.7996,-1.1022
308.029,9,-39.6150,1.7994,-1.1034
308.045,9,-39.6105,1.7983,-1.1039
308.062,9,-39.6014,1.7972,-1.1057
308.078,9,-39.5961,1.7966,-1.1067
308.095,9,-39.5858,1.7957,-1.1086
308.112,9,-39.5801,1.7951,-1.1092
308.127,9,-39.5689,1.7935,-1.1107
308.143,9,-39.5625,1.7923,-1.1113
308.158,9,-39.5502,1.7898,-1.1123
308.175,9,-39.5431,1.7888,-1.1130
308.191,9,-39.5297,1.7859,-1.1138
308.210,9,-39.5221,1.7834,-1.1136
308.230,9,-39.5072,1.7802,-1.1141
308.245,9,-39.4920,1.7770,-1.1145
308.261,9,-39.4836,1.7760,-1.1145
308.276,9,-39.4753,1.7747,-1.1143
308.292,9,-39.4592,1.7720,-1.1137
308.307,9,-39.4506,1.7713,-1.1132
308.324,9,-39.4337,1.7704,-1.1124
308.339,9,-39.4253,1.7704,-1.1116
308.355,9,-39.4168,1.7710,-1.1108
308.372,9,-39.3998,1.7723,-1.1088
308.389,9,-39.3823,1.7747,-1.1069
308.404,9,-39.3735,1.7768,-1.1058
308.425,9,-39.3654,1.7783,-1.1047
308.441,9,-39.3493,1.7809,-1.1029
308.456,9,-39.3420,1.7819,-1.1019
308.473,9,-39.3269,1.7840,-1.1004
308.488,9,-39.3192,1.7853,-1.1002
308.504,9,-39.3041,1.7878,-1.0994
308.520,9,-39.2967,1.7893,-1.0994
308.535,9,-39.2820,1.7917,-1.0987
308.550,9,-39.2747,1.7931,-1.0989
308.565,9,-39.2673,1.7947,-1.0992
308.581,9,-39.2522,1.7977,-1.0999
308.596,9,-39.2448,1.7986,-1.1006
308.612,9,-39.2376,1.7994,-1.1009
308.627,9,-39.2226,1.8016,-1.1021
308.642,9,-39.2145,1.8027,-1.1032
308.658,9,-39.1989,1.8041,-1.1045
308.673,9,-39.1907,1.8040,-1.1053
308.692,9,-39.1829,1.8033,-1.1060
308.709,9,-39.1664,1.8029,-1.1077
308.724,9,-39.1495,1.8021,-1.1097
308.739,9,-39.1407,1.8004,-1.1108
308.757,9,-39.1319,1.7980,-1.1121
308.773,9,-39.1151,1.7943,-1.1143
308.788,9,-39.1063,1.7919,-1.1159
308.803,9,-39.0892,1.7880,-1.1189
308.817,9,-39.0805,1.7851,-1.1207
308.832,9,-39.0721,1.7825,-1.1225
308.847,9,-39.0638,1.7798,-1.1244
308.862,9,-39.0468,1.7753,-1.1285
308.876,9,-39.0382,1.7737,-1.1311
308.892,9,-39.0207,1.7709,-1.1361
308.908,9,-39.0117,1.7705,-1.1391
308.922,9,-39.0025,1.7700,-1.1421
308.939,9,-38.9844,1.7690,-1.1481
308.954,9,-38.9748,1.7702,-1.1517
308.969,9,-38.9559,1.7725,-1.1583
308.985,9,-38.9459,1.7751,-1.1619
309.001,9,-38.9364,1.7767,-1.1651
309.017,9,-38.9177,1.7794,-1.1716
309.032,9,-38.9090,1.7801,-1.1747
309.048,9,-38.8916,1.7809,-1.1809
309.064,9,-38.8841,1.7804,-1.1834
309.080,9,-38.8671,1.7812,-1.1887
309.098,9,-38.8584,1.7831,-1.1908
309.115,9,-38.8407,1.7863,-1.1956
309.132,9,-38.8230,1.7890,-1.2000
309.149,9,-38.8145,1.7904,-1.2017
309.168,9,-38.8056,1.7921,-1.2031
309.187,9,-38.7877,1.7949,-1.2065
309.204,9,-38.7694,1.7976,-1.2100
309.219,9,-38.7600,1.7982,-1.2114
309.234,9,-38.7413,1.7996,-1.2144
309.250,9,-38.7316,1.7993,-1.2157
309.265,9,-38.7216,1.7988,-1.2171
309.280,9,-38.7019,1.7978,-1.2201
309.297,9,-38.6919,1.7957,-1.2213
309.313,9,-38.6722,1.7924,-1.2240
309.328,9,-38.6619,1.7894,-1.2251
309.344,9,-38.6512,1.7865,-1.2263
309.360,9,-38.6299,1.7814,-1.2286
309.376,9,-38.6185,1.7783,-1.2298
309.392,9,-38.5966,1.7720,-1.2318
309.407,9,-38.5850,1.7681,-1.2325
309.424,9,-38.5624,1.7618,-1.2341
309.438,9,-38.5507,1.7589,-1.2345
309.459,9,-38.5276,1.7541,-1.2354
309.475,9,-38.5162,1.7524,-1.2354
309.490,9,-38.4930,1.7492,-1.2358
309.505,9,-38.4812,1.7489,-1.2358
309.521,9,-38.4695,1.7494,-1.2358
309.537,9,-38.4460,1.7508,-1.2361
309.552,9,-38.4345,1.7534,-1.2361
309.568,9,-38.4118,1.7563,-1.2365
309.583,9,-38.4008,1.7586,-1.2371
309.598,9,-38.3907,1.7609,-1.2379
309.614,9,-38.3701,1.7643,-1.2393
309.630,9,-38.3606,1.7667,-1.2404
309.647,9,-38.3409,1.7724,-1.2427
309.663,9,-38.3314,1.7761,-1.2446
309.679,9,-38.3118,1.7818,-1.2475
309.694,9,-38.3023,1.7848,-1.2493
309.709,9,-38.2930,1.7875,-1.2510
309.724,9,-38.2739,1.7929,-1.2544
309.741,9,-38.2643,1.7949,-1.2564
309.759,9,-38.2447,1.7984,-1.2601
309.775,9,-38.2351,1.7991,-1.2620
309.790,9,-38.2155,1.8009,-1.2655
309.804,9,-38.2053,1.8006,-1.2673
309.819,9,-38.1951,1.8002,-1.2691
309.834,9,-38.1746,1.7997,-1.2727
309.849,9,-38.1640,1.7981,-1.2745
309.864,9,-38.1536,1.7960,-1.2764
309.879,9,-38.1327,1.7927,-1.2801
309.893,9,-38.1218,1.7899,-1.2821
309.911,9,-38.1110,1.7869,-1.2843
309.927,9,-38.0897,1.7820,-1.2883
309.942,9,-38.0787,1.7786,-1.2906
309.959,9,-38.0569,1.7728,-1.2953
309.975,9,-38.0457,1.7696,-1.2979
309.991,9,-38.0235,1.7644,-1.3031
310.005,9,-38.0123,1.7623,-1.3061
310.020,9,-38.0011,1.7606,-1.3090
310.035,9,-37.9782,1.7572,-1.3152
310.049,9,-37.9664,1.7564,-1.3188
310.065,9,-37.9546,1.7558,-1.3225
310.080,9,-37.9314,1.7545,-1.3293
310.095,9,-37.9192,1.7566,-1.3330
310.111,9,-37.9070,1.7592,-1.3366
310.127,9,-37.8832,1.7624,-1.3433
310.143,9,-37.8714,1.7648,-1.3464
310.160,9,-37.8492,1.7677,-1.3521
310.175,9,-37.8390,1.7682,-1.3543
310.197,9,-37.8185,1.7691,-1.3585
310.217,9,-37.7979,1.7723,-1.3623
310.236,9,-37.7767,1.7778,-1.3656
310.254,9,-37.7660,1.7812,-1.3667
310.276,9,-37.7445,1.7865,-1.3696
310.297,9,-37.7231,1.7916,-1.3721
310.314,9,-37.7020,1.7957,-1.3744
310.329,9,-37.6915,1.7970,-1.3753
310.345,9,-37.6703,1.7997,-1.3773
310.360,9,-37.6594,1.8003,-1.3782
310.378,9,-37.6485,1.8002,-1.3792
310.393,9,-37.6269,1.8006,-1.3812
310.409,9,-37.6159,1.7994,-1.3821
310.424,9,-37.5939,1.7972,-1.3841
310.439,9,-37.5828,1.7945,-1.3851
310.454,9,-37.5717,1.7915,-1.3860
310.470,9,-37.5495,1.7861,-1.3878
310.485,9,-37.5381,1.7822,-1.3884
310.501,9,-37.5153,1.7755,-1.3900
310.515,9,-37.5036,1.7713,-1.3907
310.530,9,-37.4920,1.7673,-1.3913
310.545,9,-37.4686,1.7601,-1.3924
310.560,9,-37.4567,1.7569,-1.3927
310.575,9,-37.4446,1.7544,-1.3928
310.591,9,-37.4205,1.7494,-1.3933
310.605,9,-37.4081,1.7479,-1.3932
310.620,9,-37.3955,1.7471,-1.3930
310.636,9,-37.3714,1.7448,-1.3928
310.652,9,-37.3593,1.7458,-1.3926
310.667,9,-37.3350,1.7475,-1.3922
310.683,9,-37.3227,1.7516,-1.3920
310.698,9,-37.3110,1.7540,-1.3917
310.714,9,-37.2877,1.7572,-1.3918
310.729,9,-37.2774,1.7592,-1.3923
310.744,9,-37.2558,1.7623,-1.3932
310.759,9,-37.2458,1.7640,-1.3943
310.777,9,-37.2359,1.7661,-1.3954
310.793,9,-37.2153,1.7706,-1.3974
310.808,9,-37.2052,1.7733,-1.3986
310.823,9,-37.1850,1.7779,-1.4010
310.838,9,-37.1749,1.7804,-1.4025
310.852,9,-37.1648,1.7829,-1.4040
310.869,9,-37.1446,1.7875,-1.4069
310.883,9,-37.1344,1.7891,-1.4084
310.898,9,-37.1241,1.7903,-1.4099
310.913,9,-37.1037,1.7924,-1.4129
310.928,9,-37.0933,1.7924,-1.4145
310.943,9,-37.0828,1.7920,-1.4160
310.959,9,-37.0619,1.7917,-1.4191
310.974,9,-37.0511,1.7903,-1.4206
310.989,9,-37.0299,1.7884,-1.4238
311.004,9,-37.0191,1.7863,-1.4254
311.018,9,-37.0080,1.7838,-1.4272
311.032,9,-36.9970,1.7814,-1.4289
311.051,9,-36.9746,1.7763,-1.4326
311.074,9,-36.9409,1.7681,-1.4383
311.089,9,-36.9291,1.7647,-1.4406
311.107,9,-36.9174,1.7614,-1.4429
311.123,9,-36.8944,1.7558,-1.4473
311.137,9,-36.8827,1.7534,-1.4499
311.152,9,-36.8712,1.7516,-1.4526
311.168,9,-36.8480,1.7483,-1.4578
311.184,9,-36.8357,1.7473,-1.4608
311.199,9,-36.8118,1.7454,-1.4666
311.213,9,-36.7996,1.7462,-1.4698
311.226,9,-36.7872,1.7476,-1.4729
311.241,9,-36.7745,1.7506,-1.4760
311.256,9,-36.7498,1.7541,-1.4818
311.270,9,-36.7377,1.7566,-1.4845
311.285,9,-36.7264,1.7584,-1.4868
311.299,9,-36.7155,1.7594,-1.4889
311.315,9,-36.6941,1.7606,-1.4932
311.330,9,-36.6846,1.7607,-1.4944
311.346,9,-36.6640,1.7629,-1.4976
311.361,9,-36.6541,1.7652,-1.4987
311.377,9,-36.6439,1.7681,-1.4996
311.393,9,-36.6232,1.7726,-1.5017
311.408,9,-36.6028,1.7775,-1.5034
311.424,9,-36.5927,1.7801,-1.5040
311.439,9,-36.5826,1.7823,-1.5046
311.455,9,-36.5724,1.7843,-1.5051
311.472,9,-36.5523,1.7878,-1.5064
311.488,9,-36.5320,1.7908,-1.5075
311.503,9,-36.5219,1.7914,-1.5078
311.518,9,-36.5117,1.7917,-1.5083
311.534,9,-36.5016,1.7916,-1.5087
311.551,9,-36.4809,1.7918,-1.5096
311.565,9,-36.4703,1.7905,-1.5099
311.581,9,-36.4491,1.7884,-1.5107
311.597,9,-36.4384,1.7862,-1.5110
311.613,9,-36.4171,1.7820,-1.5116
311.628,9,-36.4063,1.7788,-1.5118
311.644,9,-36.3953,1.7752,-1.5118
311.659,9,-36.3736,1.7690,-1.5119
311.678,9,-36.3516,1.7624,-1.5118
311.696,9,-36.3403,1.7591,-1.5114
311.711,9,-36.3179,1.7537,-1.5106
311.725,9,-36.3064,1.7516,-1.5099
311.744,9,-36.2947,1.7499,-1.5089
311.760,9,-36.2721,1.7465,-1.5074
311.778,9,-36.2608,1.7459,-1.5062
311.796,9,-36.2385,1.7445,-1.5043
311.811,9,-36.2160,1.7456,-1.5022
311.826,9,-36.2048,1.7480,-1.5012
311.842,9,-36.1940,1.7503,-1.5002
311.858,9,-36.1727,1.7533,-1.4985
311.873,9,-36.1631,1.7552,-1.4981
311.889,9,-36.1542,1.7564,-1.4978
311.905,9,-36.1349,1.7586,-1.4971
311.920,9,-36.1262,1.7607,-1.4972
311.935,9,-36.1074,1.7648,-1.4971
311.949,9,-36.0984,1.7672,-1.4975
311.965,9,-36.0897,1.7694,-1.4979
311.981,9,-36.0720,1.7737,-1.4987
311.998,9,-36.0635,1.7762,-1.4994
312.014,9,-36.0464,1.7803,-1.5005
312.029,9,-36.0379,1.7819,-1.5012
312.045,9,-36.0206,1.7847,-1.5026
312.059,9,-36.0120,1.7854,-1.5034
312.079,9,-35.9944,1.7866,-1.5050
312.093,9,-35.9855,1.7864,-1.5059
312.107,9,-35.9763,1.7858,-1.5069
312.123,9,-35.9585,1.7851,-1.5086
312.139,9,-35.9495,1.7839,-1.5094
312.153,9,-35.9403,1.7825,-1.5103
312.168,9,-35.9219,1.7798,-1.5123
312.184,9,-35.9124,1.7777,-1.5135
312.199,9,-35.8935,1.7743,-1.5157
312.215,9,-35.8839,1.7718,-1.5170
312.230,9,-35.8743,1.7692,-1.5184
312.245,9,-35.8554,1.7646,-1.5209
312.260,9,-35.8459,1.7622,-1.5224
312.275,9,-35.8364,1.7604,-1.5240
312.289,9,-35.8173,1.7571,-1.5272
312.303,9,-35.8075,1.7561,-1.5292
312.321,9,-35.7977,1.7553,-1.5312
312.336,9,-35.7785,1.7533,-1.5350
312.350,9,-35.7687,1.7527,-1.5370
312.364,9,-35.7594,1.7521,-1.5391
312.378,9,-35.7402,1.7513,-1.5431
312.393,9,-35.7304,1.7527,-1.5453
312.409,9,-35.7208,1.7542,-1.5473
312.423,9,-35.7016,1.7559,-1.5511
312.438,9,-35.6921,1.7573,-1.5527
312.453,9,-35.6827,1.7587,-1.5544
312.469,9,-35.6640,1.7607,-1.5575
312.484,9,-35.6549,1.7616,-1.5586
312.500,9,-35.6367,1.7637,-1.5609
312.516,9,-35.6277,1.7653,-1.5616
312.531,9,-35.6188,1.7669,-1.5623
312.548,9,-35.6007,1.7703,-1.5635
312.562,9,-35.5916,1.7724,-1.5637
312.578,9,-35.5736,1.7762,-1.5645
312.592,9,-35.5649,1.7780,-1.5644
312.612,9,-35.5478,1.7808,-1.5648
312.631,9,-35.5396,1.7815,-1.5646
312.646,9,-35.5227,1.7835,-1.5646
312.662,9,-35.5145,1.7842,-1.5644
312.677,9,-35.4976,1.7860,-1.5640
312.692,9,-35.4892,1.7865,-1.5637
312.708,9,-35.4810,1.7865,-1.5632
312.724,9,-35.4646,1.7865,-1.5626
312.739,9,-35.4568,1.7855,-1.5621
312.755,9,-35.4414,1.7838,-1.5613
312.775,9,-35.4347,1.7815,-1.5606
312.793,9,-35.4203,1.7783,-1.5596
312.812,9,-35.4064,1.7747,-1.5581
312.828,9,-35.3998,1.7731,-1.5571
312.843,9,-35.3932,1.7721,-1.5560
312.859,9,-35.3797,1.7700,-1.5542
312.875,9,-35.3729,1.7692,-1.5529
312.890,9,-35.3593,1.7673,-1.5504
312.907,9,-35.3528,1.7663,-1.5490
312.926,9,-35.3397,1.7646,-1.5461
312.943,9,-35.3330,1.7651,-1.5446
312.959,9,-35.3194,1.7671,-1.5417
312.976,9,-35.3062,1.7691,-1.5388
312.991,9,-35.3003,1.7690,-1.5373
313.010,9,-35.2955,1.7684,-1.5368
313.027,9,-35.2851,1.7683,-1.5349
313.042,9,-35.2804,1.7688,-1.5341
313.057,9,-35.2706,1.7699,-1.5324
313.078,9,-35.2620,1.7717,-1.5313
313.095,9,-35.2579,1.7735,-1.5308
313.110,9,-35.2494,1.7763,-1.5300
313.125,9,-35.2457,1.7780,-1.5300
313.140,9,-35.2379,1.7807,-1.5293
313.156,9,-35.2348,1.7817,-1.5300
313.171,9,-35.2315,1.7825,-1.5298
313.187,9,-35.2282,1.7833,-1.5296
313.204,9,-35.2216,1.7848,-1.5291
313.219,9,-35.2187,1.7850,-1.5291
313.234,9,-35.2127,1.7856,-1.5291
313.249,9,-35.2104,1.7853,-1.5295
313.264,9,-35.2081,1.7849,-1.5295
313.279,9,-35.2036,1.7840,-1.5301
313.293,9,-35.2019,1.7832,-1.5306
313.308,9,-35.2001,1.7827,-1.5309
313.323,9,-35.1966,1.7816,-1.5320
313.337,9,-35.1953,1.7809,-1.5323
313.353,9,-35.1944,1.7800,-1.5330
313.367,9,-35.1918,1.7793,-1.5339
313.382,9,-35.1911,1.7795,-1.5354
313.399,9,-35.1887,1.7799,-1.5364
313.416,9,-35.1878,1.7806,-1.5373
313.432,9,-35.1860,1.7815,-1.5385
313.445,9,-35.1857,1.7821,-1.5393
313.461,9,-35.1853,1.7825,-1.5404
313.476,9,-35.1849,1.7828,-1.5407
313.491,9,-35.1837,1.7830,-1.5416
313.505,9,-35.1832,1.7831,-1.5423
313.520,9,-35.1819,1.7833,-1.5432
313.534,9,-35.1811,1.7834,-1.5433
313.549,9,-35.1802,1.7833,-1.5431
313.562,9,-35.1794,1.7836,-1.5434
313.578,9,-35.1778,1.7841,-1.5433
313.592,9,-35.1772,1.7842,-1.5433
313.607,9,-35.1760,1.7841,-1.5438
313.622,9,-35.1757,1.7839,-1.5436
313.638,9,-35.1755,1.7837,-1.5440
313.653,9,-35.1747,1.7835,-1.5441
313.667,9,-35.1743,1.7835,-1.5437
313.682,9,-35.1740,1.7834,-1.5438
313.698,9,-35.1730,1.7833,-1.5434
313.713,9,-35.1726,1.7833,-1.5436
313.728,9,-35.1725,1.7832,-1.5437
313.744,9,-35.1719,1.7830,-1.5434
313.759,9,-35.1716,1.7828,-1.5426
313.775,9,-35.1712,1.7826,-1.5423
313.790,9,-35.1703,1.7825,-1.5387
313.807,9,-35.1702,1.7824,-1.5384
313.825,9,-35.1700,1.7821,-1.5379
313.840,9,-35.1702,1.7818,-1.5380
313.858,9,-35.1701,1.7817,-1.5377
313.877,9,-35.1700,1.7818,-1.5374
313.895,9,-35.1703,1.7819,-1.5374
313.911,9,-35.1703,1.7819,-1.5371
313.926,9,-35.1704,1.7818,-1.5371
313.942,9,-35.1705,1.7818,-1.5375
313.957,9,-35.1707,1.7817,-1.5372
313.972,9,-35.1708,1.7818,-1.5373
313.987,9,-35.1711,1.7816,-1.5375

# --- Trial 10 start ---
323.656,10,-39.6276,1.8138,-1.0800
323.739,10,-39.6246,1.8107,-1.0814
323.778,10,-39.6241,1.8100,-1.0820
323.795,10,-39.6236,1.8094,-1.0825
323.810,10,-39.6234,1.8093,-1.0826
323.826,10,-39.6232,1.8093,-1.0827
323.840,10,-39.6230,1.8090,-1.0829
323.855,10,-39.6229,1.8088,-1.0830
323.871,10,-39.6226,1.8083,-1.0831
323.886,10,-39.6225,1.8079,-1.0831
323.902,10,-39.6222,1.8076,-1.0832
323.919,10,-39.6221,1.8073,-1.0831
323.941,10,-39.6219,1.8071,-1.0831
323.962,10,-39.6215,1.8072,-1.0830
323.994,10,-39.6206,1.8074,-1.0826
324.007,10,-39.6198,1.8074,-1.0823
324.026,10,-39.6190,1.8072,-1.0819
324.048,10,-39.6180,1.8069,-1.0812
324.071,10,-39.6167,1.8066,-1.0805
324.092,10,-39.6155,1.8064,-1.0796
324.115,10,-39.6139,1.8063,-1.0786
324.137,10,-39.6122,1.8061,-1.0774
324.159,10,-39.6103,1.8059,-1.0762
324.182,10,-39.6083,1.8058,-1.0747
324.204,10,-39.6059,1.8051,-1.0733
324.227,10,-39.6031,1.8049,-1.0718
324.250,10,-39.5996,1.8050,-1.0706
324.272,10,-39.5960,1.8048,-1.0697
324.294,10,-39.5919,1.8046,-1.0690
324.316,10,-39.5876,1.8039,-1.0688
324.338,10,-39.5837,1.8020,-1.0689
324.361,10,-39.5809,1.7986,-1.0694
324.383,10,-39.5803,1.7962,-1.0700
324.403,10,-39.5795,1.7955,-1.0706
324.420,10,-39.5770,1.7948,-1.0715
324.435,10,-39.5759,1.7946,-1.0723
324.450,10,-39.5747,1.7942,-1.0730
324.466,10,-39.5718,1.7936,-1.0744
324.479,10,-39.5701,1.7940,-1.0753
324.494,10,-39.5681,1.7944,-1.0762
324.512,10,-39.5644,1.7949,-1.0781
324.526,10,-39.5625,1.7951,-1.0792
324.541,10,-39.5591,1.7952,-1.0810
324.555,10,-39.5572,1.7954,-1.0823
324.570,10,-39.5554,1.7954,-1.0835
324.586,10,-39.5520,1.7949,-1.0859
324.600,10,-39.5505,1.7941,-1.0874
324.617,10,-39.5477,1.7922,-1.0902
324.632,10,-39.5468,1.7909,-1.0921
324.647,10,-39.5420,1.7944,-1.0956
324.662,10,-39.5378,1.8008,-1.0979
324.680,10,-39.5351,1.8016,-1.0997
324.697,10,-39.5309,1.7996,-1.1029
324.713,10,-39.5295,1.7959,-1.1044
324.731,10,-39.5257,1.7930,-1.1073
324.747,10,-39.5231,1.7932,-1.1081
324.763,10,-39.5172,1.7930,-1.1106
324.779,10,-39.5139,1.7924,-1.1118
324.797,10,-39.5074,1.7903,-1.1142
324.812,10,-39.5008,1.7889,-1.1168
324.828,10,-39.4967,1.7890,-1.1177
324.845,10,-39.4923,1.7893,-1.1185
324.861,10,-39.4843,1.7889,-1.1206
324.881,10,-39.4793,1.7887,-1.1210
324.901,10,-39.4703,1.7883,-1.1224
324.918,10,-39.4607,1.7880,-1.1238
324.936,10,-39.4551,1.7877,-1.1241
324.953,10,-39.4492,1.7872,-1.1244
324.971,10,-39.4429,1.7864,-1.1249
324.987,10,-39.4312,1.7853,-1.1260
325.004,10,-39.4244,1.7840,-1.1263
325.023,10,-39.4114,1.7815,-1.1267
325.039,10,-39.4043,1.7797,-1.1269
325.056,10,-39.3903,1.7763,-1.1271
325.072,10,-39.3826,1.7743,-1.1271
325.089,10,-39.3674,1.7707,-1.1269
325.108,10,-39.3515,1.7664,-1.1260
325.125,10,-39.3427,1.7645,-1.1254
325.142,10,-39.3259,1.7609,-1.1245
325.159,10,-39.3164,1.7598,-1.1237
325.175,10,-39.2983,1.7571,-1.1223
325.195,10,-39.2796,1.7552,-1.1200
325.215,10,-39.2698,1.7553,-1.1186
325.232,10,-39.2511,1.7549,-1.1165
325.248,10,-39.2416,1.7560,-1.1151
325.266,10,-39.2229,1.7582,-1.1124
325.284,10,-39.2041,1.7618,-1.1098
325.300,10,-39.1951,1.7644,-1.1087
325.315,10,-39.1862,1.7674,-1.1080
325.333,10,-39.1694,1.7713,-1.1063
325.349,10,-39.1534,1.7745,-1.1048
325.365,10,-39.1460,1.7759,-1.1047
325.382,10,-39.1384,1.7780,-1.1047
325.400,10,-39.1222,1.7822,-1.1046
325.417,10,-39.1063,1.7860,-1.1047
325.434,10,-39.0986,1.7874,-1.1052
325.451,10,-39.0826,1.7913,-1.1059
325.468,10,-39.0739,1.7934,-1.1069
325.483,10,-39.0574,1.7964,-1.1080
325.498,10,-39.0491,1.7973,-1.1088
325.515,10,-39.0408,1.7977,-1.1095
325.531,10,-39.0237,1.7992,-1.1112
325.548,10,-39.0147,1.7987,-1.1122
325.564,10,-38.9967,1.7987,-1.1142
325.579,10,-38.9875,1.7977,-1.1153
325.595,10,-38.9694,1.7958,-1.1173
325.611,10,-38.9594,1.7938,-1.1186
325.628,10,-38.9397,1.7905,-1.1210
325.643,10,-38.9297,1.7880,-1.1223
325.658,10,-38.9192,1.7851,-1.1234
325.674,10,-38.8990,1.7798,-1.1261
325.689,10,-38.8882,1.7770,-1.1276
325.705,10,-38.8671,1.7720,-1.1308
325.719,10,-38.8563,1.7695,-1.1327
325.740,10,-38.8453,1.7676,-1.1348
325.757,10,-38.8242,1.7640,-1.1385
325.773,10,-38.8028,1.7613,-1.1429
325.788,10,-38.7919,1.7612,-1.1456
325.803,10,-38.7811,1.7612,-1.1484
325.819,10,-38.7596,1.7610,-1.1536
325.834,10,-38.7488,1.7628,-1.1566
325.850,10,-38.7265,1.7665,-1.1624
325.865,10,-38.7157,1.7691,-1.1654
325.883,10,-38.6949,1.7721,-1.1707
325.898,10,-38.6849,1.7736,-1.1732
325.915,10,-38.6649,1.7756,-1.1778
325.930,10,-38.6548,1.7763,-1.1799
325.945,10,-38.6447,1.7773,-1.1819
325.962,10,-38.6243,1.7800,-1.1858
325.978,10,-38.6138,1.7818,-1.1871
325.999,10,-38.5934,1.7845,-1.1899
326.015,10,-38.5830,1.7862,-1.1912
326.032,10,-38.5629,1.7895,-1.1937
326.047,10,-38.5532,1.7912,-1.1947
326.065,10,-38.5334,1.7942,-1.1968
326.080,10,-38.5235,1.7951,-1.1976
326.096,10,-38.5035,1.7968,-1.1995
326.113,10,-38.4930,1.7973,-1.2006
326.130,10,-38.4724,1.7978,-1.2024
326.147,10,-38.4510,1.7977,-1.2041
326.163,10,-38.4398,1.7967,-1.2051
326.180,10,-38.4287,1.7948,-1.2059
326.197,10,-38.4068,1.7921,-1.2076
326.215,10,-38.3959,1.7891,-1.2082
326.232,10,-38.3738,1.7844,-1.2097
326.251,10,-38.3625,1.7812,-1.2102
326.268,10,-38.3399,1.7754,-1.2112
326.290,10,-38.3168,1.7686,-1.2117
326.310,10,-38.2933,1.7626,-1.2120
326.327,10,-38.2695,1.7579,-1.2122
326.343,10,-38.2572,1.7561,-1.2119
326.360,10,-38.2448,1.7548,-1.2114
326.376,10,-38.2209,1.7516,-1.2107
326.392,10,-38.2091,1.7515,-1.2102
326.410,10,-38.1853,1.7516,-1.2095
326.426,10,-38.1734,1.7544,-1.2089
326.444,10,-38.1504,1.7566,-1.2080
326.460,10,-38.1285,1.7588,-1.2074
326.476,10,-38.1182,1.7605,-1.2076
326.493,10,-38.1080,1.7618,-1.2081
326.510,10,-38.0868,1.7644,-1.2087
326.526,10,-38.0766,1.7667,-1.2095
326.544,10,-38.0554,1.7711,-1.2111
326.559,10,-38.0452,1.7733,-1.2124
326.578,10,-38.0247,1.7771,-1.2146
326.599,10,-38.0047,1.7811,-1.2177
326.619,10,-37.9848,1.7849,-1.2211
326.635,10,-37.9748,1.7863,-1.2230
326.651,10,-37.9547,1.7887,-1.2267
326.666,10,-37.9447,1.7887,-1.2289
326.682,10,-37.9247,1.7889,-1.2331
326.698,10,-37.9144,1.7881,-1.2352
326.714,10,-37.9038,1.7867,-1.2377
326.729,10,-37.8829,1.7851,-1.2423
326.745,10,-37.8719,1.7830,-1.2451
326.761,10,-37.8501,1.7792,-1.2502
326.776,10,-37.8390,1.7762,-1.2531
326.792,10,-37.8278,1.7732,-1.2562
326.807,10,-37.8054,1.7681,-1.2622
326.822,10,-37.7941,1.7652,-1.2655
326.837,10,-37.7716,1.7599,-1.2719
326.853,10,-37.7603,1.7570,-1.2755
326.869,10,-37.7489,1.7550,-1.2793
326.885,10,-37.7262,1.7514,-1.2866
326.904,10,-37.7035,1.7487,-1.2946
326.921,10,-37.6919,1.7482,-1.2991
326.937,10,-37.6694,1.7473,-1.3075
326.952,10,-37.6582,1.7489,-1.3120
326.967,10,-37.6471,1.7511,-1.3162
326.983,10,-37.6245,1.7548,-1.3243
326.999,10,-37.6134,1.7574,-1.3282
327.013,10,-37.6028,1.7594,-1.3319
327.031,10,-37.5820,1.7621,-1.3389
327.046,10,-37.5614,1.7642,-1.3454
327.063,10,-37.5519,1.7654,-1.3477
327.083,10,-37.5422,1.7678,-1.3497
327.099,10,-37.5217,1.7720,-1.3549
327.115,10,-37.5012,1.7765,-1.3594
327.131,10,-37.4908,1.7793,-1.3612
327.147,10,-37.4805,1.7820,-1.3631
327.164,10,-37.4600,1.7865,-1.3671
327.179,10,-37.4395,1.7905,-1.3708
327.195,10,-37.4293,1.7916,-1.3725
327.211,10,-37.4190,1.7921,-1.3741
327.228,10,-37.3983,1.7937,-1.3775
327.245,10,-37.3876,1.7933,-1.3790
327.263,10,-37.3661,1.7929,-1.3824
327.280,10,-37.3551,1.7913,-1.3839
327.298,10,-37.3332,1.7883,-1.3870
327.313,10,-37.3220,1.7851,-1.3885
327.330,10,-37.3002,1.7798,-1.3913
327.346,10,-37.2779,1.7736,-1.3941
327.362,10,-37.2665,1.7695,-1.3953
327.378,10,-37.2552,1.7657,-1.3964
327.393,10,-37.2324,1.7587,-1.3987
327.409,10,-37.2206,1.7552,-1.3996
327.426,10,-37.2085,1.7529,-1.4003
327.442,10,-37.1847,1.7486,-1.4020
327.457,10,-37.1725,1.7473,-1.4025
327.473,10,-37.1487,1.7447,-1.4034
327.489,10,-37.1368,1.7445,-1.4036
327.507,10,-37.1134,1.7442,-1.4042
327.523,10,-37.1019,1.7469,-1.4042
327.542,10,-37.0787,1.7493,-1.4046
327.560,10,-37.0571,1.7538,-1.4047
327.576,10,-37.0469,1.7559,-1.4050
327.592,10,-37.0366,1.7578,-1.4056
327.608,10,-37.0159,1.7609,-1.4066
327.624,10,-37.0058,1.7630,-1.4074
327.640,10,-36.9851,1.7679,-1.4091
327.655,10,-36.9751,1.7708,-1.4101
327.670,10,-36.9650,1.7730,-1.4111
327.687,10,-36.9449,1.7773,-1.4130
327.706,10,-36.9248,1.7820,-1.4153
327.723,10,-36.9150,1.7843,-1.4164
327.739,10,-36.8951,1.7881,-1.4188
327.755,10,-36.8850,1.7892,-1.4203
327.772,10,-36.8647,1.7911,-1.4230
327.788,10,-36.8545,1.7912,-1.4244
327.804,10,-36.8338,1.7915,-1.4272
327.818,10,-36.8232,1.7906,-1.4288
327.833,10,-36.8126,1.7890,-1.4305
327.848,10,-36.7913,1.7870,-1.4337
327.865,10,-36.7802,1.7843,-1.4357
327.880,10,-36.7584,1.7803,-1.4393
327.895,10,-36.7475,1.7774,-1.4413
327.911,10,-36.7360,1.7740,-1.4436
327.927,10,-36.7135,1.7683,-1.4479
327.943,10,-36.7020,1.7646,-1.4505
327.957,10,-36.6794,1.7586,-1.4552
327.972,10,-36.6677,1.7558,-1.4580
327.991,10,-36.6559,1.7537,-1.4609
328.006,10,-36.6327,1.7500,-1.4666
328.025,10,-36.6208,1.7494,-1.4697
328.041,10,-36.5974,1.7473,-1.4758
328.055,10,-36.5857,1.7471,-1.4791
328.070,10,-36.5626,1.7468,-1.4855
328.086,10,-36.5509,1.7492,-1.4887
328.101,10,-36.5394,1.7521,-1.4917
328.116,10,-36.5164,1.7559,-1.4977
328.130,10,-36.5053,1.7584,-1.5003
328.147,10,-36.4834,1.7623,-1.5058
328.161,10,-36.4732,1.7636,-1.5080
328.178,10,-36.4634,1.7642,-1.5099
328.195,10,-36.4428,1.7665,-1.5141
328.210,10,-36.4324,1.7685,-1.5158
328.225,10,-36.4117,1.7727,-1.5190
328.240,10,-36.4015,1.7750,-1.5201
328.256,10,-36.3911,1.7775,-1.5211
328.275,10,-36.3703,1.7818,-1.5235
328.295,10,-36.3493,1.7859,-1.5254
328.312,10,-36.3389,1.7872,-1.5261
328.331,10,-36.3181,1.7894,-1.5278
328.350,10,-36.2971,1.7907,-1.5291
328.365,10,-36.2866,1.7905,-1.5297
328.381,10,-36.2656,1.7904,-1.5309
328.397,10,-36.2549,1.7892,-1.5312
328.413,10,-36.2443,1.7874,-1.5315
328.429,10,-36.2230,1.7846,-1.5322
328.445,10,-36.2122,1.7823,-1.5323
328.460,10,-36.1904,1.7782,-1.5326
328.475,10,-36.1794,1.7751,-1.5324
328.491,10,-36.1684,1.7718,-1.5321
328.507,10,-36.1466,1.7657,-1.5317
328.523,10,-36.1357,1.7621,-1.5312
328.538,10,-36.1138,1.7561,-1.5304
328.553,10,-36.1025,1.7535,-1.5296
328.569,10,-36.0800,1.7492,-1.5283
328.584,10,-36.0685,1.7478,-1.5272
328.601,10,-36.0569,1.7470,-1.5260
328.616,10,-36.0342,1.7447,-1.5241
328.632,10,-36.0228,1.7446,-1.5228
328.648,10,-36.0006,1.7433,-1.5205
328.664,10,-35.9901,1.7444,-1.5193
328.680,10,-35.9681,1.7466,-1.5170
328.695,10,-35.9579,1.7488,-1.5160
328.714,10,-35.9482,1.7504,-1.5150
328.730,10,-35.9279,1.7528,-1.5133
328.745,10,-35.9181,1.7548,-1.5126
328.760,10,-35.8981,1.7586,-1.5114
328.776,10,-35.8884,1.7607,-1.5111
328.792,10,-35.8692,1.7644,-1.5105
328.806,10,-35.8602,1.7663,-1.5105
328.823,10,-35.8513,1.7682,-1.5105
328.838,10,-35.8333,1.7721,-1.5102
328.854,10,-35.8250,1.7742,-1.5103
328.871,10,-35.8079,1.7782,-1.5103
328.886,10,-35.7997,1.7799,-1.5104
328.902,10,-35.7915,1.7815,-1.5103
328.918,10,-35.7745,1.7846,-1.5102
328.933,10,-35.7660,1.7854,-1.5100
328.951,10,-35.7489,1.7871,-1.5097
328.966,10,-35.7401,1.7870,-1.5095
328.981,10,-35.7229,1.7871,-1.5091
328.997,10,-35.7139,1.7859,-1.5087
329.012,10,-35.7049,1.7844,-1.5084
329.028,10,-35.6869,1.7814,-1.5077
329.043,10,-35.6775,1.7787,-1.5074
329.060,10,-35.6591,1.7741,-1.5069
329.075,10,-35.6499,1.7708,-1.5069
329.089,10,-35.6407,1.7676,-1.5069
329.105,10,-35.6224,1.7616,-1.5068
329.122,10,-35.6131,1.7581,-1.5071
329.140,10,-35.5938,1.7527,-1.5072
329.156,10,-35.5837,1.7514,-1.5074
329.171,10,-35.5637,1.7485,-1.5079
329.187,10,-35.5536,1.7476,-1.5084
329.203,10,-35.5342,1.7446,-1.5094
329.217,10,-35.5248,1.7431,-1.5102
329.233,10,-35.5157,1.7417,-1.5113
329.249,10,-35.4974,1.7395,-1.5128
329.267,10,-35.4883,1.7409,-1.5136
329.283,10,-35.4700,1.7425,-1.5150
329.297,10,-35.4613,1.7446,-1.5158
329.312,10,-35.4528,1.7467,-1.5163
329.328,10,-35.4357,1.7495,-1.5172
329.343,10,-35.4190,1.7530,-1.5177
329.358,10,-35.4112,1.7558,-1.5174
329.376,10,-35.4040,1.7591,-1.5170
329.392,10,-35.3967,1.7622,-1.5165
329.408,10,-35.3818,1.7679,-1.5156
329.423,10,-35.3749,1.7710,-1.5149
329.442,10,-35.3613,1.7763,-1.5137
329.460,10,-35.3478,1.7811,-1.5123
329.474,10,-35.3415,1.7830,-1.5116
329.489,10,-35.3287,1.7868,-1.5101
329.504,10,-35.3230,1.7877,-1.5093
329.519,10,-35.3173,1.7885,-1.5084
329.535,10,-35.3122,1.7887,-1.5075
329.550,10,-35.3013,1.7898,-1.5061
329.565,10,-35.2966,1.7895,-1.5055
329.581,10,-35.2921,1.7887,-1.5046
329.597,10,-35.2829,1.7877,-1.5032
329.613,10,-35.2749,1.7854,-1.5014
329.629,10,-35.2673,1.7830,-1.4996
329.644,10,-35.2604,1.7804,-1.4983
329.660,10,-35.2545,1.7774,-1.4970
329.680,10,-35.2490,1.7754,-1.4959
329.703,10,-35.2435,1.7774,-1.4944
329.726,10,-35.2377,1.7803,-1.4928
329.748,10,-35.2336,1.7813,-1.4936
329.774,10,-35.2302,1.7812,-1.4919
329.795,10,-35.2271,1.7807,-1.4910
329.810,10,-35.2235,1.7801,-1.4901
329.835,10,-35.2207,1.7797,-1.4892
329.858,10,-35.2172,1.7800,-1.4881
329.881,10,-35.2138,1.7800,-1.4872
329.903,10,-35.2106,1.7798,-1.4868
329.930,10,-35.2080,1.7792,-1.4865
329.951,10,-35.2053,1.7784,-1.4864
329.970,10,-35.2028,1.7780,-1.4862
329.993,10,-35.2000,1.7787,-1.4863
330.013,10,-35.1969,1.7796,-1.4860
330.037,10,-35.1942,1.7795,-1.4857
330.062,10,-35.1924,1.7791,-1.4854
330.083,10,-35.1907,1.7787,-1.4859
330.107,10,-35.1890,1.7784,-1.4861
330.129,10,-35.1886,1.7781,-1.4865
330.147,10,-35.1880,1.7779,-1.4864
330.166,10,-35.1867,1.7775,-1.4862
330.183,10,-35.1862,1.7773,-1.4862
330.202,10,-35.1849,1.7771,-1.4860
330.217,10,-35.1838,1.7771,-1.4859
330.233,10,-35.1835,1.7771,-1.4861
330.247,10,-35.1826,1.7772,-1.4855
330.262,10,-35.1820,1.7772,-1.4842
330.277,10,-35.1818,1.7772,-1.4841
330.293,10,-35.1817,1.7772,-1.4839
330.308,10,-35.1811,1.7771,-1.4834
330.323,10,-35.1811,1.7769,-1.4835
330.339,10,-35.1810,1.7768,-1.4834
330.353,10,-35.1810,1.7767,-1.4832
330.371,10,-35.1810,1.7769,-1.4827
330.386,10,-35.1810,1.7769,-1.4825
