timestamp, HMD_x, HMD_y,HMD_z

# --- Trial 1 start ---
268.775,1,-39.5063,1.7541,-1.0806
268.790,1,-39.5033,1.7537,-1.0792
268.797,1,-39.5006,1.7534,-1.0780
268.805,1,-39.4976,1.7530,-1.0766
268.816,1,-39.4943,1.7525,-1.0751
268.827,1,-39.4912,1.7519,-1.0734
268.839,1,-39.4879,1.7515,-1.0718
268.856,1,-39.4842,1.7510,-1.0701
268.868,1,-39.4807,1.7507,-1.0682
268.875,1,-39.4772,1.7504,-1.0665
268.884,1,-39.4735,1.7502,-1.0645
268.894,1,-39.4696,1.7501,-1.0626
268.907,1,-39.4656,1.7500,-1.0604
268.924,1,-39.4613,1.7498,-1.0582
268.935,1,-39.4572,1.7496,-1.0562
268.948,1,-39.4491,1.7494,-1.0522
268.957,1,-39.4450,1.7493,-1.0502
268.973,1,-39.4408,1.7492,-1.0482
268.984,1,-39.4368,1.7491,-1.0463
268.995,1,-39.4328,1.7487,-1.0443
269.006,1,-39.4289,1.7483,-1.0423
269.017,1,-39.4249,1.7480,-1.0404
269.028,1,-39.4208,1.7478,-1.0385
269.039,1,-39.4167,1.7480,-1.0367
269.050,1,-39.4125,1.7485,-1.0349
269.061,1,-39.4082,1.7493,-1.0332
269.073,1,-39.4040,1.7498,-1.0316
269.084,1,-39.3999,1.7501,-1.0300
269.095,1,-39.3960,1.7503,-1.0284
269.106,1,-39.3920,1.7502,-1.0270
269.117,1,-39.3880,1.7502,-1.0255
269.128,1,-39.3840,1.7501,-1.0242
269.139,1,-39.3800,1.7499,-1.0229
269.151,1,-39.3760,1.7499,-1.0216
269.161,1,-39.3719,1.7500,-1.0205
269.173,1,-39.3679,1.7500,-1.0194
269.184,1,-39.3638,1.7503,-1.0183
269.195,1,-39.3596,1.7505,-1.0172
269.206,1,-39.3554,1.7507,-1.0163
269.217,1,-39.3512,1.7510,-1.0154
269.228,1,-39.3471,1.7512,-1.0146
269.239,1,-39.3429,1.7513,-1.0140
269.250,1,-39.3387,1.7513,-1.0133
269.262,1,-39.3343,1.7513,-1.0127
269.273,1,-39.3300,1.7512,-1.0120
269.286,1,-39.3255,1.7511,-1.0116
269.299,1,-39.3208,1.7509,-1.0112
269.309,1,-39.3162,1.7506,-1.0108
269.318,1,-39.3115,1.7504,-1.0104
269.329,1,-39.3067,1.7499,-1.0102
269.340,1,-39.3017,1.7495,-1.0099
269.351,1,-39.2968,1.7490,-1.0097
269.362,1,-39.2918,1.7485,-1.0096
269.373,1,-39.2866,1.7480,-1.0095
269.384,1,-39.2815,1.7475,-1.0095
269.395,1,-39.2760,1.7469,-1.0096
269.406,1,-39.2706,1.7464,-1.0098
269.417,1,-39.2649,1.7459,-1.0101
269.428,1,-39.2594,1.7453,-1.0104
269.439,1,-39.2538,1.7447,-1.0108
269.450,1,-39.2481,1.7442,-1.0112
269.461,1,-39.2423,1.7435,-1.0118
269.472,1,-39.2364,1.7429,-1.0124
269.484,1,-39.2307,1.7422,-1.0132
269.494,1,-39.2250,1.7416,-1.0139
269.505,1,-39.2192,1.7409,-1.0147
269.516,1,-39.2133,1.7402,-1.0156
269.528,1,-39.2073,1.7396,-1.0166
269.539,1,-39.2012,1.7390,-1.0177
269.550,1,-39.1950,1.7384,-1.0188
269.561,1,-39.1888,1.7380,-1.0201
269.573,1,-39.1826,1.7375,-1.0214
269.583,1,-39.1767,1.7371,-1.0225
269.595,1,-39.1703,1.7367,-1.0240
269.606,1,-39.1640,1.7362,-1.0254
269.617,1,-39.1571,1.7362,-1.0272
269.629,1,-39.1502,1.7366,-1.0288
269.640,1,-39.1430,1.7373,-1.0306
269.652,1,-39.1361,1.7378,-1.0323
269.664,1,-39.1292,1.7384,-1.0341
269.675,1,-39.1222,1.7392,-1.0357
269.687,1,-39.1151,1.7402,-1.0374
269.699,1,-39.1083,1.7413,-1.0390
269.710,1,-39.1013,1.7425,-1.0406
269.722,1,-39.0943,1.7438,-1.0421
269.734,1,-39.0873,1.7452,-1.0435
269.746,1,-39.0805,1.7463,-1.0449
269.758,1,-39.0739,1.7472,-1.0461
269.770,1,-39.0672,1.7480,-1.0473
269.781,1,-39.0606,1.7486,-1.0484
269.793,1,-39.0539,1.7491,-1.0496
269.805,1,-39.0474,1.7496,-1.0505
269.816,1,-39.0411,1.7498,-1.0513
269.828,1,-39.0346,1.7504,-1.0521
269.839,1,-39.0282,1.7511,-1.0528
269.851,1,-39.0217,1.7517,-1.0534
269.862,1,-39.0150,1.7523,-1.0540
269.873,1,-39.0083,1.7530,-1.0545
269.884,1,-39.0017,1.7536,-1.0549
269.896,1,-38.9950,1.7544,-1.0554
269.907,1,-38.9883,1.7550,-1.0557
269.918,1,-38.9816,1.7557,-1.0559
269.929,1,-38.9747,1.7562,-1.0562
269.940,1,-38.9680,1.7566,-1.0564
269.951,1,-38.9613,1.7568,-1.0565
269.963,1,-38.9548,1.7569,-1.0565
269.974,1,-38.9480,1.7569,-1.0566
269.985,1,-38.9412,1.7567,-1.0565
269.996,1,-38.9344,1.7565,-1.0563
270.007,1,-38.9275,1.7562,-1.0561
270.018,1,-38.9208,1.7560,-1.0559
270.029,1,-38.9138,1.7557,-1.0556
270.040,1,-38.9067,1.7552,-1.0553
270.052,1,-38.8995,1.7547,-1.0548
270.062,1,-38.8924,1.7542,-1.0544
270.074,1,-38.8853,1.7536,-1.0537
270.085,1,-38.8781,1.7529,-1.0531
270.095,1,-38.8707,1.7522,-1.0524
270.106,1,-38.8635,1.7514,-1.0516
270.118,1,-38.8561,1.7504,-1.0508
270.129,1,-38.8489,1.7493,-1.0500
270.140,1,-38.8419,1.7481,-1.0491
270.151,1,-38.8346,1.7468,-1.0481
270.162,1,-38.8272,1.7454,-1.0470
270.173,1,-38.8199,1.7441,-1.0459
270.184,1,-38.8126,1.7428,-1.0448
270.195,1,-38.8054,1.7416,-1.0434
270.206,1,-38.7980,1.7405,-1.0421
270.217,1,-38.7905,1.7396,-1.0407
270.228,1,-38.7829,1.7389,-1.0392
270.240,1,-38.7754,1.7382,-1.0377
270.251,1,-38.7678,1.7376,-1.0361
270.262,1,-38.7601,1.7371,-1.0345
270.273,1,-38.7524,1.7370,-1.0329
270.284,1,-38.7447,1.7371,-1.0312
270.295,1,-38.7369,1.7377,-1.0294
270.307,1,-38.7292,1.7385,-1.0277
270.318,1,-38.7217,1.7393,-1.0259
270.329,1,-38.7140,1.7401,-1.0242
270.340,1,-38.7064,1.7409,-1.0225
270.351,1,-38.6987,1.7417,-1.0208
270.362,1,-38.6911,1.7428,-1.0193
270.373,1,-38.6836,1.7438,-1.0177
270.384,1,-38.6763,1.7445,-1.0162
270.395,1,-38.6691,1.7449,-1.0148
270.407,1,-38.6620,1.7451,-1.0135
270.418,1,-38.6548,1.7454,-1.0123
270.429,1,-38.6478,1.7458,-1.0112
270.440,1,-38.6406,1.7465,-1.0102
270.451,1,-38.6335,1.7476,-1.0094
270.462,1,-38.6265,1.7488,-1.0085
270.474,1,-38.6195,1.7500,-1.0078
270.485,1,-38.6123,1.7510,-1.0072
270.496,1,-38.6051,1.7520,-1.0065
270.507,1,-38.5979,1.7533,-1.0059
270.518,1,-38.5907,1.7547,-1.0053
270.529,1,-38.5835,1.7559,-1.0048
270.540,1,-38.5765,1.7570,-1.0043
270.552,1,-38.5693,1.7579,-1.0039
270.563,1,-38.5623,1.7585,-1.0035
270.574,1,-38.5554,1.7589,-1.0031
270.585,1,-38.5485,1.7590,-1.0027
270.595,1,-38.5416,1.7590,-1.0023
270.607,1,-38.5346,1.7589,-1.0019
270.618,1,-38.5275,1.7588,-1.0015
270.629,1,-38.5204,1.7586,-1.0013
270.640,1,-38.5132,1.7583,-1.0010
270.651,1,-38.5059,1.7580,-1.0007
270.662,1,-38.4985,1.7574,-1.0005
270.673,1,-38.4909,1.7567,-1.0003
270.684,1,-38.4834,1.7561,-1.0002
270.696,1,-38.4758,1.7554,-1.0002
270.707,1,-38.4683,1.7546,-1.0002
270.718,1,-38.4606,1.7537,-1.0003
270.729,1,-38.4528,1.7527,-1.0005
270.740,1,-38.4451,1.7515,-1.0007
270.751,1,-38.4374,1.7502,-1.0011
270.763,1,-38.4296,1.7489,-1.0015
270.774,1,-38.4218,1.7475,-1.0020
270.784,1,-38.4141,1.7463,-1.0025
270.795,1,-38.4062,1.7450,-1.0032
270.806,1,-38.3984,1.7439,-1.0040
270.817,1,-38.3904,1.7429,-1.0048
270.828,1,-38.3824,1.7421,-1.0058
270.839,1,-38.3742,1.7415,-1.0068
270.850,1,-38.3661,1.7408,-1.0078
270.862,1,-38.3579,1.7402,-1.0089
270.873,1,-38.3498,1.7394,-1.0101
270.884,1,-38.3418,1.7387,-1.0113
270.895,1,-38.3334,1.7381,-1.0126
270.906,1,-38.3251,1.7381,-1.0141
270.917,1,-38.3166,1.7386,-1.0155
270.928,1,-38.3084,1.7390,-1.0169
270.940,1,-38.3001,1.7394,-1.0184
270.951,1,-38.2917,1.7398,-1.0199
270.962,1,-38.2834,1.7406,-1.0213
270.973,1,-38.2752,1.7416,-1.0226
270.984,1,-38.2671,1.7427,-1.0239
270.995,1,-38.2590,1.7444,-1.0251
271.006,1,-38.2508,1.7463,-1.0262
271.017,1,-38.2427,1.7480,-1.0273
271.029,1,-38.2348,1.7491,-1.0284
271.040,1,-38.2271,1.7498,-1.0293
271.051,1,-38.2193,1.7502,-1.0302
271.062,1,-38.2117,1.7507,-1.0310
271.073,1,-38.2044,1.7513,-1.0315
271.084,1,-38.1970,1.7521,-1.0321
271.095,1,-38.1897,1.7530,-1.0325
271.107,1,-38.1825,1.7539,-1.0329
271.118,1,-38.1754,1.7547,-1.0331
271.128,1,-38.1692,1.7553,-1.0326
271.139,1,-38.1620,1.7560,-1.0327
271.151,1,-38.1547,1.7569,-1.0329
271.162,1,-38.1476,1.7579,-1.0329
271.173,1,-38.1405,1.7589,-1.0330
271.184,1,-38.1333,1.7597,-1.0330
271.195,1,-38.1264,1.7602,-1.0329
271.206,1,-38.1193,1.7607,-1.0329
271.217,1,-38.1124,1.7610,-1.0327
271.228,1,-38.1055,1.7611,-1.0324
271.240,1,-38.0986,1.7613,-1.0321
271.250,1,-38.0916,1.7613,-1.0318
271.262,1,-38.0846,1.7612,-1.0314
271.273,1,-38.0777,1.7610,-1.0311
271.284,1,-38.0708,1.7607,-1.0306
271.295,1,-38.0640,1.7603,-1.0301
271.307,1,-38.0572,1.7597,-1.0294
271.318,1,-38.0503,1.7592,-1.0288
271.328,1,-38.0434,1.7587,-1.0282
271.339,1,-38.0364,1.7580,-1.0275
271.350,1,-38.0294,1.7572,-1.0268
271.361,1,-38.0224,1.7563,-1.0260
271.372,1,-38.0154,1.7554,-1.0252
271.384,1,-38.0084,1.7544,-1.0243
271.394,1,-38.0016,1.7534,-1.0233
271.406,1,-37.9946,1.7523,-1.0224
271.417,1,-37.9877,1.7511,-1.0214
271.428,1,-37.9807,1.7499,-1.0203
271.439,1,-37.9737,1.7487,-1.0191
271.450,1,-37.9667,1.7477,-1.0178
271.461,1,-37.9597,1.7468,-1.0165
271.472,1,-37.9527,1.7462,-1.0151
271.483,1,-37.9455,1.7458,-1.0137
271.494,1,-37.9382,1.7455,-1.0122
271.505,1,-37.9308,1.7454,-1.0107
271.516,1,-37.9235,1.7452,-1.0091
271.528,1,-37.9161,1.7451,-1.0074
271.539,1,-37.9087,1.7452,-1.0058
271.550,1,-37.9011,1.7458,-1.0040
271.561,1,-37.8934,1.7467,-1.0023
271.573,1,-37.8858,1.7479,-1.0006
271.584,1,-37.8782,1.7488,-0.9988
271.595,1,-37.8706,1.7493,-0.9972
271.606,1,-37.8632,1.7498,-0.9955
271.617,1,-37.8557,1.7506,-0.9939
271.627,1,-37.8484,1.7516,-0.9923
271.639,1,-37.8411,1.7529,-0.9908
271.650,1,-37.8339,1.7540,-0.9893
271.661,1,-37.8267,1.7547,-0.9879
271.672,1,-37.8195,1.7553,-0.9867
271.683,1,-37.8125,1.7556,-0.9854
271.695,1,-37.8055,1.7559,-0.9842
271.706,1,-37.7986,1.7564,-0.9831
271.717,1,-37.7913,1.7573,-0.9820
271.729,1,-37.7842,1.7585,-0.9811
271.740,1,-37.7771,1.7596,-0.9803
271.751,1,-37.7699,1.7607,-0.9796
271.762,1,-37.7626,1.7615,-0.9790
271.774,1,-37.7554,1.7623,-0.9784
271.785,1,-37.7482,1.7634,-0.9779
271.796,1,-37.7410,1.7645,-0.9775
271.807,1,-37.7338,1.7655,-0.9772
271.818,1,-37.7267,1.7662,-0.9769
271.829,1,-37.7196,1.7666,-0.9767
271.839,1,-37.7125,1.7667,-0.9765
271.851,1,-37.7054,1.7665,-0.9761
271.861,1,-37.6982,1.7664,-0.9759
271.873,1,-37.6910,1.7659,-0.9757
271.884,1,-37.6836,1.7656,-0.9756
271.895,1,-37.6762,1.7651,-0.9756
271.907,1,-37.6688,1.7647,-0.9755
271.918,1,-37.6615,1.7641,-0.9756
271.928,1,-37.6543,1.7635,-0.9756
271.940,1,-37.6470,1.7630,-0.9758
271.951,1,-37.6396,1.7622,-0.9760
271.962,1,-37.6322,1.7616,-0.9763
271.973,1,-37.6248,1.7609,-0.9768
271.984,1,-37.6173,1.7602,-0.9772
271.995,1,-37.6099,1.7595,-0.9777
272.006,1,-37.6025,1.7586,-0.9781
272.017,1,-37.5952,1.7576,-0.9787
272.028,1,-37.5878,1.7564,-0.9793
272.039,1,-37.5804,1.7550,-0.9800
272.050,1,-37.5731,1.7538,-0.9806
272.062,1,-37.5657,1.7525,-0.9814
272.072,1,-37.5583,1.7513,-0.9823
272.084,1,-37.5508,1.7503,-0.9832
272.095,1,-37.5432,1.7494,-0.9842
272.107,1,-37.5357,1.7488,-0.9852
272.117,1,-37.5282,1.7481,-0.9863
272.128,1,-37.5207,1.7475,-0.9874
272.139,1,-37.5131,1.7467,-0.9887
272.150,1,-37.5055,1.7459,-0.9899
272.162,1,-37.4977,1.7455,-0.9913
272.173,1,-37.4900,1.7453,-0.9926
272.183,1,-37.4823,1.7455,-0.9941
272.194,1,-37.4746,1.7456,-0.9956
272.206,1,-37.4670,1.7459,-0.9972
272.217,1,-37.4593,1.7462,-0.9988
272.228,1,-37.4518,1.7471,-1.0002
272.239,1,-37.4443,1.7480,-1.0017
272.250,1,-37.4368,1.7489,-1.0032
272.262,1,-37.4293,1.7498,-1.0047
272.273,1,-37.4217,1.7510,-1.0060
272.284,1,-37.4142,1.7526,-1.0073
272.295,1,-37.4068,1.7541,-1.0086
272.306,1,-37.3995,1.7554,-1.0099
272.317,1,-37.3922,1.7565,-1.0110
272.328,1,-37.3852,1.7573,-1.0119
272.339,1,-37.3782,1.7580,-1.0131
272.350,1,-37.3713,1.7585,-1.0140
272.362,1,-37.3644,1.7590,-1.0149
272.373,1,-37.3576,1.7596,-1.0157
272.384,1,-37.3509,1.7602,-1.0164
272.395,1,-37.3441,1.7607,-1.0172
272.406,1,-37.3374,1.7612,-1.0178
272.417,1,-37.3308,1.7618,-1.0184
272.428,1,-37.3243,1.7623,-1.0189
272.439,1,-37.3177,1.7630,-1.0194
272.450,1,-37.3111,1.7638,-1.0198
272.461,1,-37.3045,1.7646,-1.0201
272.472,1,-37.2981,1.7653,-1.0203
272.484,1,-37.2917,1.7659,-1.0204
272.494,1,-37.2854,1.7663,-1.0206
272.505,1,-37.2791,1.7665,-1.0208
272.517,1,-37.2728,1.7667,-1.0208
272.527,1,-37.2666,1.7669,-1.0208
272.538,1,-37.2604,1.7668,-1.0208
272.550,1,-37.2543,1.7668,-1.0207
272.561,1,-37.2480,1.7667,-1.0206
272.572,1,-37.2418,1.7666,-1.0203
272.583,1,-37.2356,1.7663,-1.0200
272.594,1,-37.2293,1.7660,-1.0198
272.605,1,-37.2230,1.7656,-1.0193
272.616,1,-37.2166,1.7653,-1.0189
272.628,1,-37.2103,1.7648,-1.0184
272.639,1,-37.2040,1.7643,-1.0179
272.650,1,-37.1976,1.7637,-1.0173
272.661,1,-37.1912,1.7628,-1.0167
272.673,1,-37.1848,1.7620,-1.0161
272.684,1,-37.1785,1.7611,-1.0153
272.695,1,-37.1722,1.7601,-1.0145
272.706,1,-37.1660,1.7591,-1.0136
272.717,1,-37.1597,1.7580,-1.0127
272.728,1,-37.1535,1.7569,-1.0117
272.739,1,-37.1472,1.7559,-1.0107
272.750,1,-37.1408,1.7550,-1.0095
272.761,1,-37.1344,1.7543,-1.0084
272.772,1,-37.1279,1.7537,-1.0072
272.783,1,-37.1214,1.7532,-1.0059
272.794,1,-37.1147,1.7529,-1.0045
272.806,1,-37.1079,1.7526,-1.0031
272.817,1,-37.1014,1.7522,-1.0017
272.828,1,-37.0946,1.7518,-1.0002
272.839,1,-37.0878,1.7518,-0.9986
272.850,1,-37.0810,1.7519,-0.9972
272.861,1,-37.0741,1.7525,-0.9956
272.872,1,-37.0673,1.7531,-0.9940
272.884,1,-37.0605,1.7537,-0.9924
272.894,1,-37.0538,1.7543,-0.9908
272.906,1,-37.0472,1.7550,-0.9892
272.916,1,-37.0406,1.7559,-0.9878
272.928,1,-37.0340,1.7569,-0.9863
272.939,1,-37.0277,1.7579,-0.9849
272.950,1,-37.0214,1.7589,-0.9835
272.961,1,-37.0151,1.7597,-0.9822
272.972,1,-37.0089,1.7604,-0.9809
272.983,1,-37.0027,1.7610,-0.9797
272.994,1,-36.9967,1.7613,-0.9786
273.005,1,-36.9906,1.7617,-0.9774
273.016,1,-36.9844,1.7622,-0.9764
273.028,1,-36.9782,1.7628,-0.9755
273.039,1,-36.9721,1.7636,-0.9746
273.050,1,-36.9659,1.7644,-0.9738
273.061,1,-36.9596,1.7651,-0.9730
273.072,1,-36.9533,1.7656,-0.9723
273.085,1,-36.9471,1.7660,-0.9717
273.095,1,-36.9409,1.7665,-0.9711
273.106,1,-36.9346,1.7671,-0.9705
273.117,1,-36.9285,1.7675,-0.9700
273.128,1,-36.9224,1.7678,-0.9695
273.140,1,-36.9165,1.7678,-0.9690
273.150,1,-36.9106,1.7677,-0.9685
273.161,1,-36.9046,1.7676,-0.9680
273.172,1,-36.8989,1.7673,-0.9676
273.183,1,-36.8931,1.7669,-0.9671
273.194,1,-36.8873,1.7666,-0.9666
273.205,1,-36.8815,1.7663,-0.9661
273.217,1,-36.8757,1.7659,-0.9657
273.228,1,-36.8699,1.7655,-0.9654
273.239,1,-36.8641,1.7651,-0.9650
273.251,1,-36.8583,1.7646,-0.9647
273.262,1,-36.8526,1.7642,-0.9645
273.272,1,-36.8468,1.7639,-0.9642
273.284,1,-36.8412,1.7635,-0.9641
273.295,1,-36.8355,1.7630,-0.9640
273.306,1,-36.8299,1.7626,-0.9639
273.317,1,-36.8244,1.7621,-0.9638
273.329,1,-36.8190,1.7615,-0.9638
273.340,1,-36.8136,1.7609,-0.9639
273.351,1,-36.8083,1.7603,-0.9639
273.362,1,-36.8030,1.7596,-0.9640
273.373,1,-36.7977,1.7588,-0.9643
273.384,1,-36.7925,1.7581,-0.9645
273.395,1,-36.7874,1.7574,-0.9649
273.406,1,-36.7823,1.7567,-0.9652
273.417,1,-36.7772,1.7561,-0.9657
273.428,1,-36.7722,1.7557,-0.9662
273.440,1,-36.7671,1.7554,-0.9669
273.451,1,-36.7620,1.7551,-0.9674
273.461,1,-36.7568,1.7549,-0.9681
273.473,1,-36.7515,1.7548,-0.9690
273.484,1,-36.7464,1.7546,-0.9699
273.495,1,-36.7413,1.7546,-0.9709
273.506,1,-36.7362,1.7548,-0.9719
273.517,1,-36.7312,1.7549,-0.9730
273.528,1,-36.7262,1.7551,-0.9743
273.539,1,-36.7213,1.7553,-0.9756
273.551,1,-36.7164,1.7554,-0.9768
273.562,1,-36.7114,1.7559,-0.9782
273.573,1,-36.7066,1.7565,-0.9796
273.584,1,-36.7017,1.7571,-0.9810
273.595,1,-36.6969,1.7577,-0.9824
273.606,1,-36.6920,1.7584,-0.9838
273.617,1,-36.6871,1.7595,-0.9851
273.628,1,-36.6822,1.7612,-0.9865
273.640,1,-36.6773,1.7627,-0.9877
273.651,1,-36.6724,1.7643,-0.9889
273.662,1,-36.6677,1.7656,-0.9900
273.673,1,-36.6628,1.7669,-0.9912
273.684,1,-36.6581,1.7680,-0.9923
273.695,1,-36.6533,1.7689,-0.9934
273.706,1,-36.6486,1.7697,-0.9943
273.718,1,-36.6439,1.7702,-0.9952
273.728,1,-36.6392,1.7704,-0.9961
273.740,1,-36.6345,1.7706,-0.9970
273.751,1,-36.6297,1.7705,-0.9978
273.762,1,-36.6249,1.7705,-0.9986
273.773,1,-36.6201,1.7705,-0.9993
273.784,1,-36.6152,1.7706,-1.0000
273.795,1,-36.6103,1.7709,-1.0007
273.807,1,-36.6056,1.7711,-1.0013
273.817,1,-36.6009,1.7712,-1.0018
273.829,1,-36.5961,1.7714,-1.0025
273.840,1,-36.5913,1.7715,-1.0030
273.851,1,-36.5865,1.7718,-1.0035
273.862,1,-36.5817,1.7721,-1.0039
273.872,1,-36.5771,1.7724,-1.0044
273.884,1,-36.5726,1.7726,-1.0048
273.894,1,-36.5681,1.7728,-1.0052
273.906,1,-36.5637,1.7728,-1.0054
273.916,1,-36.5591,1.7728,-1.0057
273.928,1,-36.5547,1.7729,-1.0059
273.939,1,-36.5502,1.7728,-1.0061
273.950,1,-36.5457,1.7728,-1.0063
273.962,1,-36.5412,1.7727,-1.0064
273.972,1,-36.5368,1.7726,-1.0065
273.984,1,-36.5323,1.7725,-1.0066
273.995,1,-36.5278,1.7722,-1.0066
274.006,1,-36.5233,1.7719,-1.0067
274.017,1,-36.5188,1.7716,-1.0066
274.028,1,-36.5144,1.7713,-1.0065
274.039,1,-36.5099,1.7708,-1.0064
274.051,1,-36.5055,1.7703,-1.0062
274.062,1,-36.5011,1.7696,-1.0059
274.073,1,-36.4967,1.7689,-1.0056
274.084,1,-36.4924,1.7682,-1.0052
274.095,1,-36.4880,1.7674,-1.0047
274.106,1,-36.4837,1.7667,-1.0043
274.117,1,-36.4795,1.7659,-1.0037
274.128,1,-36.4753,1.7652,-1.0031
274.139,1,-36.4710,1.7646,-1.0024
274.150,1,-36.4667,1.7641,-1.0016
274.162,1,-36.4625,1.7638,-1.0008
274.172,1,-36.4582,1.7634,-1.0000
274.184,1,-36.4540,1.7631,-0.9991
274.195,1,-36.4497,1.7629,-0.9982
274.206,1,-36.4454,1.7626,-0.9972
274.217,1,-36.4410,1.7623,-0.9962
274.228,1,-36.4367,1.7622,-0.9950
274.239,1,-36.4324,1.7620,-0.9939
274.250,1,-36.4280,1.7618,-0.9928
274.261,1,-36.4236,1.7616,-0.9917
274.272,1,-36.4192,1.7614,-0.9905
274.284,1,-36.4147,1.7613,-0.9894
274.295,1,-36.4099,1.7615,-0.9883
274.306,1,-36.4053,1.7618,-0.9872
274.317,1,-36.4006,1.7621,-0.9860
274.328,1,-36.3959,1.7623,-0.9849
274.339,1,-36.3912,1.7625,-0.9838
274.350,1,-36.3865,1.7628,-0.9828
274.361,1,-36.3818,1.7631,-0.9817
274.372,1,-36.3771,1.7636,-0.9807
274.384,1,-36.3725,1.7642,-0.9798
274.394,1,-36.3678,1.7648,-0.9788
274.406,1,-36.3632,1.7655,-0.9780
274.417,1,-36.3587,1.7661,-0.9772
274.428,1,-36.3542,1.7666,-0.9764
274.439,1,-36.3497,1.7670,-0.9756
274.450,1,-36.3453,1.7674,-0.9749
274.462,1,-36.3410,1.7677,-0.9742
274.473,1,-36.3367,1.7679,-0.9736
274.484,1,-36.3325,1.7678,-0.9731
274.495,1,-36.3284,1.7675,-0.9725
274.506,1,-36.3242,1.7672,-0.9721
274.517,1,-36.3200,1.7668,-0.9716
274.528,1,-36.3158,1.7666,-0.9712
274.539,1,-36.3115,1.7666,-0.9709
274.551,1,-36.3073,1.7666,-0.9706
274.562,1,-36.3031,1.7666,-0.9704
274.573,1,-36.2989,1.7666,-0.9702
274.584,1,-36.2947,1.7666,-0.9700
274.594,1,-36.2906,1.7666,-0.9699
274.606,1,-36.2865,1.7667,-0.9697
274.617,1,-36.2825,1.7670,-0.9697
274.628,1,-36.2784,1.7674,-0.9696
274.639,1,-36.2744,1.7679,-0.9696
274.650,1,-36.2705,1.7682,-0.9696
274.662,1,-36.2666,1.7685,-0.9696
274.672,1,-36.2628,1.7687,-0.9697
274.684,1,-36.2590,1.7691,-0.9698
274.695,1,-36.2552,1.7694,-0.9698
274.706,1,-36.2513,1.7697,-0.9700
274.717,1,-36.2475,1.7699,-0.9702
274.728,1,-36.2437,1.7701,-0.9704
274.739,1,-36.2399,1.7702,-0.9706
274.750,1,-36.2359,1.7703,-0.9709
274.761,1,-36.2320,1.7704,-0.9712
274.772,1,-36.2280,1.7705,-0.9715
274.784,1,-36.2240,1.7706,-0.9719
274.794,1,-36.2200,1.7707,-0.9723
274.806,1,-36.2160,1.7707,-0.9729
274.817,1,-36.2120,1.7706,-0.9734
274.828,1,-36.2081,1.7704,-0.9740
274.839,1,-36.2041,1.7702,-0.9747
274.851,1,-36.2003,1.7699,-0.9755
274.861,1,-36.1964,1.7697,-0.9763
274.872,1,-36.1927,1.7693,-0.9772
274.883,1,-36.1890,1.7688,-0.9782
274.894,1,-36.1854,1.7684,-0.9792
274.906,1,-36.1818,1.7678,-0.9804
274.916,1,-36.1782,1.7673,-0.9816
274.927,1,-36.1747,1.7667,-0.9828
274.939,1,-36.1712,1.7662,-0.9842
274.950,1,-36.1679,1.7656,-0.9856
274.961,1,-36.1646,1.7649,-0.9872
274.972,1,-36.1614,1.7643,-0.9888
274.984,1,-36.1581,1.7640,-0.9905
274.994,1,-36.1550,1.7641,-0.9922
275.006,1,-36.1519,1.7640,-0.9939
275.017,1,-36.1490,1.7637,-0.9958
275.028,1,-36.1459,1.7636,-0.9976
275.039,1,-36.1429,1.7640,-0.9995
275.050,1,-36.1399,1.7646,-1.0013
275.061,1,-36.1369,1.7654,-1.0032
275.072,1,-36.1339,1.7664,-1.0049
275.084,1,-36.1309,1.7671,-1.0067
275.095,1,-36.1280,1.7678,-1.0085
275.106,1,-36.1251,1.7685,-1.0103
275.117,1,-36.1223,1.7692,-1.0120
275.128,1,-36.1195,1.7698,-1.0136
275.139,1,-36.1168,1.7703,-1.0152
275.150,1,-36.1141,1.7706,-1.0166
275.161,1,-36.1114,1.7709,-1.0182
275.172,1,-36.1087,1.7709,-1.0196
275.183,1,-36.1060,1.7709,-1.0209
275.194,1,-36.1032,1.7708,-1.0222
275.205,1,-36.1005,1.7706,-1.0234
275.217,1,-36.0977,1.7705,-1.0246
275.228,1,-36.0949,1.7703,-1.0257
275.239,1,-36.0922,1.7702,-1.0268
275.250,1,-36.0894,1.7700,-1.0277
275.261,1,-36.0866,1.7698,-1.0287
275.272,1,-36.0839,1.7698,-1.0296
275.283,1,-36.0812,1.7698,-1.0303
275.294,1,-36.0786,1.7700,-1.0309
275.305,1,-36.0760,1.7702,-1.0316
275.317,1,-36.0734,1.7705,-1.0322
275.328,1,-36.0709,1.7708,-1.0326
275.339,1,-36.0685,1.7711,-1.0330
275.350,1,-36.0660,1.7714,-1.0334
275.362,1,-36.0638,1.7717,-1.0337
275.373,1,-36.0615,1.7721,-1.0339
275.382,1,-36.0592,1.7725,-1.0342
275.393,1,-36.0570,1.7729,-1.0343
275.404,1,-36.0547,1.7733,-1.0345
275.415,1,-36.0523,1.7737,-1.0346
275.427,1,-36.0499,1.7741,-1.0346
275.438,1,-36.0473,1.7745,-1.0346
275.449,1,-36.0448,1.7748,-1.0344
275.460,1,-36.0423,1.7751,-1.0344
275.471,1,-36.0397,1.7754,-1.0342
275.482,1,-36.0370,1.7755,-1.0340
275.494,1,-36.0344,1.7756,-1.0337
275.505,1,-36.0318,1.7755,-1.0334
275.516,1,-36.0291,1.7754,-1.0330
275.527,1,-36.0265,1.7753,-1.0326
275.538,1,-36.0238,1.7750,-1.0322
275.549,1,-36.0212,1.7747,-1.0317
275.560,1,-36.0186,1.7744,-1.0312
275.571,1,-36.0161,1.7741,-1.0307
275.583,1,-36.0135,1.7738,-1.0301
275.594,1,-36.0109,1.7737,-1.0295
275.605,1,-36.0084,1.7735,-1.0289
275.616,1,-36.0057,1.7735,-1.0282
275.627,1,-36.0031,1.7735,-1.0275
275.638,1,-36.0006,1.7735,-1.0267
275.649,1,-35.9980,1.7734,-1.0259
275.660,1,-35.9954,1.7732,-1.0250
275.671,1,-35.9929,1.7731,-1.0241
275.683,1,-35.9904,1.7733,-1.0231
275.693,1,-35.9879,1.7736,-1.0219
275.705,1,-35.9854,1.7737,-1.0208
275.716,1,-35.9830,1.7736,-1.0197
275.727,1,-35.9806,1.7735,-1.0185
275.738,1,-35.9783,1.7733,-1.0172
275.749,1,-35.9760,1.7733,-1.0160
275.760,1,-35.9737,1.7733,-1.0148
275.772,1,-35.9715,1.7733,-1.0134
275.783,1,-35.9693,1.7733,-1.0122
275.794,1,-35.9671,1.7733,-1.0110
275.805,1,-35.9649,1.7734,-1.0098
275.817,1,-35.9627,1.7735,-1.0086
275.827,1,-35.9604,1.7737,-1.0075
275.838,1,-35.9581,1.7738,-1.0063
275.849,1,-35.9559,1.7740,-1.0051
275.860,1,-35.9537,1.7740,-1.0041
275.871,1,-35.9515,1.7740,-1.0030
275.883,1,-35.9494,1.7739,-1.0020
275.894,1,-35.9472,1.7738,-1.0010
275.905,1,-35.9451,1.7739,-1.0001
275.916,1,-35.9430,1.7740,-0.9992
275.927,1,-35.9409,1.7741,-0.9983
275.938,1,-35.9389,1.7742,-0.9974
275.949,1,-35.9368,1.7742,-0.9967
275.960,1,-35.9348,1.7741,-0.9960
275.972,1,-35.9329,1.7741,-0.9953
275.983,1,-35.9309,1.7742,-0.9947
275.994,1,-35.9291,1.7742,-0.9941
276.005,1,-35.9273,1.7742,-0.9935
276.016,1,-35.9255,1.7741,-0.9930
276.028,1,-35.9238,1.7741,-0.9926
276.038,1,-35.9221,1.7740,-0.9922
276.049,1,-35.9203,1.7740,-0.9919
276.061,1,-35.9186,1.7741,-0.9916
276.072,1,-35.9169,1.7743,-0.9913
276.083,1,-35.9151,1.7745,-0.9910
276.094,1,-35.9134,1.7748,-0.9908
276.105,1,-35.9117,1.7751,-0.9908
276.116,1,-35.9100,1.7755,-0.9907
276.127,1,-35.9084,1.7758,-0.9906
276.138,1,-35.9068,1.7762,-0.9906
276.149,1,-35.9053,1.7765,-0.9906
276.160,1,-35.9037,1.7766,-0.9907
276.171,1,-35.9022,1.7768,-0.9907
276.183,1,-35.9006,1.7770,-0.9908
276.194,1,-35.8991,1.7772,-0.9910
276.205,1,-35.8976,1.7773,-0.9911
276.216,1,-35.8962,1.7773,-0.9914
276.227,1,-35.8949,1.7772,-0.9917
276.238,1,-35.8935,1.7772,-0.9920
276.250,1,-35.8923,1.7770,-0.9924
276.261,1,-35.8910,1.7769,-0.9928
276.272,1,-35.8898,1.7768,-0.9933
276.283,1,-35.8886,1.7770,-0.9938
276.294,1,-35.8875,1.7770,-0.9943
276.305,1,-35.8865,1.7769,-0.9950
276.316,1,-35.8854,1.7770,-0.9956
276.327,1,-35.8843,1.7772,-0.9963
276.338,1,-35.8832,1.7774,-0.9969
276.349,1,-35.8822,1.7778,-0.9977
276.360,1,-35.8812,1.7780,-0.9985
276.372,1,-35.8802,1.7782,-0.9993
276.383,1,-35.8793,1.7783,-1.0000
276.394,1,-35.8785,1.7783,-1.0008
276.405,1,-35.8775,1.7784,-1.0016
276.416,1,-35.8767,1.7784,-1.0024
276.427,1,-35.8758,1.7785,-1.0032
276.439,1,-35.8750,1.7785,-1.0040
276.450,1,-35.8740,1.7785,-1.0048
276.460,1,-35.8731,1.7785,-1.0055
276.471,1,-35.8722,1.7785,-1.0064
276.482,1,-35.8714,1.7786,-1.0072
276.493,1,-35.8705,1.7786,-1.0080
276.505,1,-35.8696,1.7788,-1.0088
276.516,1,-35.8688,1.7788,-1.0097
276.527,1,-35.8680,1.7788,-1.0106
276.538,1,-35.8672,1.7788,-1.0115
276.549,1,-35.8663,1.7788,-1.0125
276.560,1,-35.8656,1.7788,-1.0133
276.572,1,-35.8648,1.7788,-1.0142
276.583,1,-35.8640,1.7788,-1.0150
276.594,1,-35.8633,1.7787,-1.0159
276.605,1,-35.8626,1.7787,-1.0168
276.616,1,-35.8619,1.7787,-1.0176
276.627,1,-35.8612,1.7785,-1.0184
276.638,1,-35.8606,1.7784,-1.0192
276.649,1,-35.8600,1.7783,-1.0199
276.661,1,-35.8595,1.7781,-1.0207
276.671,1,-35.8590,1.7779,-1.0214
276.683,1,-35.8585,1.7777,-1.0222
276.694,1,-35.8581,1.7775,-1.0229
276.705,1,-35.8577,1.7773,-1.0237
276.716,1,-35.8574,1.7772,-1.0244
276.727,1,-35.8570,1.7771,-1.0251
276.738,1,-35.8567,1.7771,-1.0257
276.750,1,-35.8564,1.7771,-1.0264
276.761,1,-35.8561,1.7771,-1.0270
276.772,1,-35.8558,1.7772,-1.0276
276.783,1,-35.8557,1.7772,-1.0282
276.794,1,-35.8555,1.7772,-1.0288
276.805,1,-35.8553,1.7773,-1.0295
276.816,1,-35.8551,1.7774,-1.0301
276.827,1,-35.8550,1.7775,-1.0307
276.839,1,-35.8548,1.7775,-1.0314
276.850,1,-35.8546,1.7776,-1.0320
276.861,1,-35.8545,1.7777,-1.0326
276.872,1,-35.8543,1.7777,-1.0332
276.883,1,-35.8541,1.7777,-1.0339
276.894,1,-35.8539,1.7778,-1.0345
276.905,1,-35.8537,1.7778,-1.0352
276.916,1,-35.8536,1.7778,-1.0359
276.927,1,-35.8535,1.7778,-1.0366
276.938,1,-35.8534,1.7779,-1.0372
276.949,1,-35.8532,1.7780,-1.0379
276.960,1,-35.8531,1.7781,-1.0387
276.971,1,-35.8530,1.7782,-1.0394
276.982,1,-35.8528,1.7782,-1.0402
276.993,1,-35.8526,1.7783,-1.0409
277.005,1,-35.8525,1.7784,-1.0417
277.015,1,-35.8523,1.7785,-1.0425
277.027,1,-35.8522,1.7786,-1.0433
277.038,1,-35.8519,1.7787,-1.0441
277.049,1,-35.8517,1.7787,-1.0450
277.060,1,-35.8515,1.7787,-1.0458
277.072,1,-35.8513,1.7787,-1.0466
277.082,1,-35.8510,1.7786,-1.0474
277.093,1,-35.8508,1.7786,-1.0483
277.104,1,-35.8505,1.7785,-1.0491
277.115,1,-35.8502,1.7784,-1.0499
277.126,1,-35.8500,1.7783,-1.0507
277.138,1,-35.8497,1.7783,-1.0515
277.149,1,-35.8494,1.7781,-1.0523
277.160,1,-35.8491,1.7780,-1.0530
277.171,1,-35.8489,1.7779,-1.0537
277.182,1,-35.8487,1.7778,-1.0543
277.193,1,-35.8485,1.7778,-1.0548
277.205,1,-35.8483,1.7777,-1.0554
277.215,1,-35.8481,1.7777,-1.0559
277.227,1,-35.8479,1.7777,-1.0563
277.238,1,-35.8477,1.7777,-1.0567
277.249,1,-35.8476,1.7777,-1.0570
277.260,1,-35.8475,1.7776,-1.0574
277.271,1,-35.8474,1.7776,-1.0577
277.282,1,-35.8473,1.7777,-1.0579
277.293,1,-35.8472,1.7777,-1.0581
277.304,1,-35.8471,1.7778,-1.0583
277.315,1,-35.8470,1.7778,-1.0584
277.326,1,-35.8470,1.7779,-1.0586
277.337,1,-35.8469,1.7779,-1.0587
277.349,1,-35.8469,1.7779,-1.0588
277.360,1,-35.8468,1.7780,-1.0589
277.370,1,-35.8467,1.7780,-1.0590
277.382,1,-35.8467,1.7781,-1.0590
277.394,1,-35.8467,1.7782,-1.0590
277.404,1,-35.8466,1.7782,-1.0590
277.415,1,-35.8466,1.7783,-1.0590
277.426,1,-35.8465,1.7783,-1.0590
277.438,1,-35.8465,1.7784,-1.0589
277.449,1,-35.8464,1.7784,-1.0589
277.460,1,-35.8463,1.7785,-1.0588
277.471,1,-35.8462,1.7785,-1.0588
277.482,1,-35.8461,1.7786,-1.0587
277.493,1,-35.8460,1.7786,-1.0586
277.504,1,-35.8460,1.7786,-1.0585
277.515,1,-35.8459,1.7786,-1.0584
277.526,1,-35.8458,1.7786,-1.0583
277.538,1,-35.8456,1.7787,-1.0582
277.549,1,-35.8455,1.7786,-1.0582
277.560,1,-35.8455,1.7786,-1.0581
277.571,1,-35.8454,1.7785,-1.0581
277.582,1,-35.8454,1.7785,-1.0580
277.593,1,-35.8453,1.7785,-1.0580
277.604,1,-35.8453,1.7784,-1.0579
277.615,1,-35.8452,1.7784,-1.0579
277.627,1,-35.8451,1.7783,-1.0579
277.637,1,-35.8450,1.7783,-1.0579
277.649,1,-35.8450,1.7782,-1.0578
277.660,1,-35.8449,1.7782,-1.0578
277.670,1,-35.8448,1.7782,-1.0577
277.681,1,-35.8448,1.7781,-1.0576
277.693,1,-35.8448,1.7781,-1.0576
277.704,1,-35.8447,1.7781,-1.0575
277.715,1,-35.8448,1.7780,-1.0575
277.726,1,-35.8447,1.7780,-1.0574
277.737,1,-35.8447,1.7780,-1.0574
277.748,1,-35.8447,1.7781,-1.0572
277.760,1,-35.8447,1.7780,-1.0572
277.770,1,-35.8446,1.7779,-1.0571
277.782,1,-35.8446,1.7779,-1.0570
277.793,1,-35.8447,1.7778,-1.0569
277.804,1,-35.8447,1.7778,-1.0569
277.815,1,-35.8447,1.7778,-1.0568
277.827,1,-35.8448,1.7778,-1.0567
277.838,1,-35.8448,1.7778,-1.0566
277.849,1,-35.8448,1.7778,-1.0564
277.860,1,-35.8448,1.7778,-1.0563
277.871,1,-35.8449,1.7778,-1.0562
277.883,1,-35.8449,1.7779,-1.0561
277.893,1,-35.8450,1.7779,-1.0560
277.904,1,-35.8451,1.7779,-1.0559
277.916,1,-35.8451,1.7779,-1.0557
277.927,1,-35.8452,1.7779,-1.0556
277.938,1,-35.8453,1.7779,-1.0556
277.949,1,-35.8454,1.7779,-1.0555
277.960,1,-35.8455,1.7779,-1.0554
277.971,1,-35.8456,1.7780,-1.0553
277.983,1,-35.8457,1.7780,-1.0552
277.993,1,-35.8458,1.7780,-1.0551
278.004,1,-35.8459,1.7781,-1.0551
278.015,1,-35.8460,1.7781,-1.0550
278.027,1,-35.8461,1.7782,-1.0549
278.038,1,-35.8462,1.7782,-1.0549
278.049,1,-35.8463,1.7783,-1.0549
278.060,1,-35.8464,1.7783,-1.0549
278.070,1,-35.8465,1.7783,-1.0549
278.082,1,-35.8466,1.7783,-1.0549
278.092,1,-35.8467,1.7782,-1.0549
278.104,1,-35.8468,1.7782,-1.0549
278.115,1,-35.8468,1.7782,-1.0549
278.126,1,-35.8469,1.7782,-1.0549
278.137,1,-35.8471,1.7782,-1.0549
278.148,1,-35.8472,1.7782,-1.0550
278.159,1,-35.8473,1.7782,-1.0550
278.170,1,-35.8474,1.7782,-1.0551
278.181,1,-35.8475,1.7782,-1.0552
278.192,1,-35.8477,1.7783,-1.0552
278.203,1,-35.8478,1.7783,-1.0553
278.214,1,-35.8480,1.7783,-1.0554
278.226,1,-35.8481,1.7783,-1.0554
278.237,1,-35.8482,1.7783,-1.0556
278.248,1,-35.8484,1.7784,-1.0557
278.259,1,-35.8486,1.7784,-1.0558
278.270,1,-35.8488,1.7784,-1.0559
278.282,1,-35.8489,1.7785,-1.0560
278.292,1,-35.8491,1.7785,-1.0562
278.304,1,-35.8493,1.7784,-1.0563
278.315,1,-35.8495,1.7784,-1.0565
278.326,1,-35.8496,1.7784,-1.0567
278.337,1,-35.8498,1.7783,-1.0569
278.348,1,-35.8500,1.7783,-1.0572
278.359,1,-35.8502,1.7783,-1.0575
278.370,1,-35.8504,1.7782,-1.0578
278.381,1,-35.8506,1.7781,-1.0581
278.392,1,-35.8508,1.7780,-1.0585
278.404,1,-35.8510,1.7779,-1.0589
278.414,1,-35.8513,1.7778,-1.0592
278.426,1,-35.8516,1.7777,-1.0596
278.437,1,-35.8519,1.7775,-1.0600
278.448,1,-35.8522,1.7773,-1.0605
278.459,1,-35.8526,1.7772,-1.0610
278.470,1,-35.8529,1.7770,-1.0615
278.481,1,-35.8533,1.7768,-1.0620
278.492,1,-35.8537,1.7767,-1.0625
278.504,1,-35.8542,1.7765,-1.0631
278.515,1,-35.8546,1.7763,-1.0637
278.526,1,-35.8550,1.7761,-1.0643
278.537,1,-35.8554,1.7759,-1.0650
278.548,1,-35.8558,1.7757,-1.0656
278.560,1,-35.8562,1.7754,-1.0663
278.571,1,-35.8566,1.7751,-1.0670
278.582,1,-35.8569,1.7747,-1.0676
278.593,1,-35.8572,1.7743,-1.0683
278.604,1,-35.8574,1.7740,-1.0689
278.615,1,-35.8576,1.7736,-1.0696
278.627,1,-35.8578,1.7733,-1.0703
278.638,1,-35.8579,1.7729,-1.0710
278.649,1,-35.8581,1.7727,-1.0717
278.660,1,-35.8581,1.7725,-1.0723
278.670,1,-35.8582,1.7724,-1.0730
278.682,1,-35.8582,1.7725,-1.0736
278.693,1,-35.8582,1.7726,-1.0742
278.704,1,-35.8580,1.7729,-1.0747
278.715,1,-35.8579,1.7733,-1.0753
278.726,1,-35.8578,1.7737,-1.0758
278.737,1,-35.8577,1.7741,-1.0762
278.749,1,-35.8576,1.7745,-1.0767
278.759,1,-35.8574,1.7748,-1.0771
278.770,1,-35.8576,1.7751,-1.0776
278.782,1,-35.8575,1.7755,-1.0779
278.793,1,-35.8574,1.7758,-1.0783
278.804,1,-35.8573,1.7760,-1.0787
278.815,1,-35.8571,1.7762,-1.0790
278.826,1,-35.8569,1.7762,-1.0794
278.837,1,-35.8566,1.7763,-1.0797
278.848,1,-35.8562,1.7763,-1.0799
278.859,1,-35.8557,1.7763,-1.0802
278.871,1,-35.8552,1.7763,-1.0805
278.882,1,-35.8545,1.7762,-1.0807
278.893,1,-35.8539,1.7761,-1.0809
278.904,1,-35.8531,1.7760,-1.0810
278.915,1,-35.8523,1.7759,-1.0811
278.926,1,-35.8514,1.7756,-1.0812
278.937,1,-35.8504,1.7755,-1.0813
278.948,1,-35.8493,1.7754,-1.0813
278.959,1,-35.8482,1.7753,-1.0813
278.970,1,-35.8470,1.7751,-1.0811
278.982,1,-35.8458,1.7750,-1.0809
278.992,1,-35.8445,1.7749,-1.0806
279.004,1,-35.8430,1.7748,-1.0803
279.015,1,-35.8415,1.7748,-1.0798
279.026,1,-35.8399,1.7747,-1.0793
279.037,1,-35.8383,1.7747,-1.0787
279.048,1,-35.8367,1.7746,-1.0780
279.059,1,-35.8349,1.7745,-1.0772
279.071,1,-35.8331,1.7744,-1.0764
279.081,1,-35.8313,1.7743,-1.0755
279.092,1,-35.8294,1.7741,-1.0746
279.104,1,-35.8274,1.7739,-1.0735
279.115,1,-35.8254,1.7737,-1.0724
279.126,1,-35.8233,1.7735,-1.0712
279.137,1,-35.8212,1.7733,-1.0701
279.148,1,-35.8189,1.7732,-1.0687
279.159,1,-35.8166,1.7730,-1.0675
279.170,1,-35.8141,1.7729,-1.0660
279.181,1,-35.8117,1.7727,-1.0646
279.192,1,-35.8092,1.7724,-1.0631
279.204,1,-35.8065,1.7721,-1.0615
279.214,1,-35.8037,1.7719,-1.0599
279.226,1,-35.8009,1.7717,-1.0582
279.237,1,-35.7979,1.7713,-1.0565
279.249,1,-35.7949,1.7710,-1.0547
279.260,1,-35.7918,1.7708,-1.0529
279.271,1,-35.7886,1.7705,-1.0511
279.282,1,-35.7852,1.7703,-1.0492
279.293,1,-35.7817,1.7704,-1.0473
279.303,1,-35.7781,1.7707,-1.0453
279.315,1,-35.7745,1.7709,-1.0433
279.326,1,-35.7707,1.7710,-1.0412
279.337,1,-35.7670,1.7712,-1.0391
279.348,1,-35.7630,1.7716,-1.0370
279.359,1,-35.7591,1.7719,-1.0349
279.370,1,-35.7552,1.7721,-1.0328
279.381,1,-35.7512,1.7720,-1.0307
279.392,1,-35.7471,1.7719,-1.0287
279.404,1,-35.7431,1.7717,-1.0266
279.416,1,-35.7392,1.7715,-1.0245
279.426,1,-35.7353,1.7713,-1.0225
279.436,1,-35.7313,1.7711,-1.0205
279.447,1,-35.7274,1.7713,-1.0186
279.458,1,-35.7235,1.7715,-1.0166
279.469,1,-35.7196,1.7718,-1.0148
279.480,1,-35.7158,1.7720,-1.0130
279.492,1,-35.7120,1.7723,-1.0113
279.503,1,-35.7083,1.7725,-1.0096
279.513,1,-35.7047,1.7726,-1.0080
279.525,1,-35.7010,1.7727,-1.0065
279.536,1,-35.6974,1.7726,-1.0051
279.547,1,-35.6938,1.7724,-1.0039
279.558,1,-35.6902,1.7722,-1.0027
279.569,1,-35.6867,1.7718,-1.0017
279.580,1,-35.6831,1.7716,-1.0006
279.591,1,-35.6796,1.7714,-0.9996
279.602,1,-35.6760,1.7713,-0.9987
279.614,1,-35.6725,1.7711,-0.9978
279.624,1,-35.6690,1.7710,-0.9971
279.635,1,-35.6655,1.7710,-0.9963
279.646,1,-35.6620,1.7711,-0.9957
279.657,1,-35.6585,1.7713,-0.9951
279.669,1,-35.6551,1.7714,-0.9946
279.680,1,-35.6517,1.7716,-0.9941
279.691,1,-35.6484,1.7716,-0.9937
279.702,1,-35.6450,1.7716,-0.9934
279.713,1,-35.6417,1.7717,-0.9930
279.724,1,-35.6385,1.7718,-0.9927
279.735,1,-35.6353,1.7718,-0.9924
279.747,1,-35.6321,1.7719,-0.9922
279.758,1,-35.6289,1.7720,-0.9920
279.769,1,-35.6257,1.7721,-0.9919
279.780,1,-35.6225,1.7720,-0.9921
279.791,1,-35.6192,1.7722,-0.9921
279.803,1,-35.6158,1.7724,-0.9921
279.814,1,-35.6124,1.7726,-0.9922
279.825,1,-35.6091,1.7728,-0.9924
279.837,1,-35.6057,1.7729,-0.9925
279.848,1,-35.6023,1.7730,-0.9927
279.859,1,-35.5988,1.7729,-0.9928
279.870,1,-35.5954,1.7729,-0.9931
279.881,1,-35.5919,1.7730,-0.9937
279.892,1,-35.5885,1.7730,-0.9941
279.903,1,-35.5850,1.7731,-0.9946
279.914,1,-35.5814,1.7730,-0.9951
279.925,1,-35.5779,1.7729,-0.9958
279.936,1,-35.5743,1.7726,-0.9964
279.947,1,-35.5707,1.7722,-0.9971
279.958,1,-35.5671,1.7719,-0.9977
279.969,1,-35.5635,1.7715,-0.9984
279.980,1,-35.5599,1.7712,-0.9992
279.991,1,-35.5562,1.7708,-1.0000
280.002,1,-35.5525,1.7704,-1.0011
280.013,1,-35.5488,1.7700,-1.0020
280.025,1,-35.5450,1.7698,-1.0030
280.036,1,-35.5412,1.7693,-1.0040
280.047,1,-35.5374,1.7689,-1.0051
280.057,1,-35.5333,1.7685,-1.0065
280.069,1,-35.5294,1.7681,-1.0077
280.080,1,-35.5254,1.7677,-1.0089
280.091,1,-35.5214,1.7672,-1.0102
280.102,1,-35.5174,1.7666,-1.0118
280.114,1,-35.5134,1.7661,-1.0132
280.125,1,-35.5093,1.7660,-1.0144
280.136,1,-35.5051,1.7659,-1.0159
280.147,1,-35.5010,1.7658,-1.0172
280.158,1,-35.4969,1.7657,-1.0185
280.169,1,-35.4928,1.7656,-1.0200
280.180,1,-35.4886,1.7656,-1.0216
280.192,1,-35.4844,1.7659,-1.0231
280.202,1,-35.4804,1.7664,-1.0246
280.213,1,-35.4764,1.7668,-1.0260
280.224,1,-35.4725,1.7671,-1.0274
280.235,1,-35.4686,1.7674,-1.0288
280.246,1,-35.4646,1.7678,-1.0301
280.258,1,-35.4609,1.7685,-1.0311
280.268,1,-35.4571,1.7691,-1.0322
280.279,1,-35.4532,1.7698,-1.0333
280.290,1,-35.4496,1.7703,-1.0343
280.301,1,-35.4460,1.7707,-1.0352
280.313,1,-35.4425,1.7711,-1.0361
280.324,1,-35.4390,1.7715,-1.0369
280.335,1,-35.4354,1.7717,-1.0376
280.346,1,-35.4320,1.7720,-1.0383
280.357,1,-35.4285,1.7720,-1.0389
280.368,1,-35.4251,1.7719,-1.0394
280.379,1,-35.4218,1.7717,-1.0399
280.391,1,-35.4186,1.7714,-1.0404
280.402,1,-35.4154,1.7711,-1.0407
280.413,1,-35.4122,1.7709,-1.0410
280.424,1,-35.4091,1.7708,-1.0411
280.435,1,-35.4062,1.7707,-1.0413
280.446,1,-35.4032,1.7706,-1.0414
280.457,1,-35.4004,1.7704,-1.0415
280.468,1,-35.3977,1.7703,-1.0416
280.480,1,-35.3949,1.7704,-1.0416
280.491,1,-35.3922,1.7707,-1.0415
280.502,1,-35.3895,1.7711,-1.0415
280.513,1,-35.3869,1.7714,-1.0414
280.524,1,-35.3843,1.7717,-1.0412
280.535,1,-35.3819,1.7719,-1.0412
280.547,1,-35.3794,1.7721,-1.0410
280.558,1,-35.3771,1.7723,-1.0408
280.569,1,-35.3746,1.7725,-1.0405
280.580,1,-35.3722,1.7726,-1.0402
280.592,1,-35.3699,1.7726,-1.0398
280.602,1,-35.3675,1.7727,-1.0395
280.614,1,-35.3652,1.7726,-1.0390
280.624,1,-35.3628,1.7726,-1.0385
280.635,1,-35.3606,1.7725,-1.0379
280.647,1,-35.3583,1.7724,-1.0373
280.658,1,-35.3560,1.7722,-1.0367
280.669,1,-35.3538,1.7718,-1.0359
280.680,1,-35.3516,1.7712,-1.0351
280.691,1,-35.3496,1.7706,-1.0343
280.702,1,-35.3475,1.7699,-1.0333
280.713,1,-35.3455,1.7694,-1.0324
280.724,1,-35.3437,1.7687,-1.0317
280.735,1,-35.3418,1.7684,-1.0305
280.746,1,-35.3400,1.7680,-1.0293
280.757,1,-35.3382,1.7677,-1.0282
280.768,1,-35.3362,1.7678,-1.0269
280.779,1,-35.3342,1.7680,-1.0256
280.790,1,-35.3321,1.7684,-1.0242
280.801,1,-35.3300,1.7689,-1.0227
280.812,1,-35.3279,1.7695,-1.0212
280.824,1,-35.3257,1.7701,-1.0197
280.834,1,-35.3235,1.7708,-1.0182
280.846,1,-35.3213,1.7715,-1.0166
280.857,1,-35.3191,1.7719,-1.0151
280.868,1,-35.3169,1.7723,-1.0135
280.879,1,-35.3146,1.7726,-1.0120
280.890,1,-35.3122,1.7730,-1.0106
280.901,1,-35.3098,1.7731,-1.0090
280.913,1,-35.3074,1.7732,-1.0074
280.924,1,-35.3051,1.7730,-1.0059
280.935,1,-35.3027,1.7728,-1.0044
280.946,1,-35.3004,1.7726,-1.0029
280.957,1,-35.2981,1.7723,-1.0014
280.968,1,-35.2957,1.7718,-1.0004
280.979,1,-35.2933,1.7715,-0.9990
280.990,1,-35.2910,1.7713,-0.9977
281.002,1,-35.2886,1.7712,-0.9965
281.013,1,-35.2862,1.7711,-0.9953
281.024,1,-35.2839,1.7711,-0.9941
281.035,1,-35.2816,1.7711,-0.9930
281.046,1,-35.2797,1.7711,-0.9920
281.057,1,-35.2776,1.7709,-0.9910
281.069,1,-35.2756,1.7708,-0.9902
281.080,1,-35.2736,1.7707,-0.9895
281.091,1,-35.2716,1.7706,-0.9887
281.102,1,-35.2697,1.7704,-0.9878
281.113,1,-35.2678,1.7703,-0.9871
281.125,1,-35.2660,1.7702,-0.9855
281.135,1,-35.2643,1.7701,-0.9849
281.147,1,-35.2626,1.7701,-0.9842
281.157,1,-35.2611,1.7701,-0.9836
281.169,1,-35.2597,1.7703,-0.9831
281.179,1,-35.2584,1.7704,-0.9827
281.191,1,-35.2572,1.7706,-0.9823
281.202,1,-35.2562,1.7709,-0.9819
281.213,1,-35.2552,1.7710,-0.9816
281.224,1,-35.2543,1.7712,-0.9814
281.235,1,-35.2534,1.7714,-0.9812
281.247,1,-35.2525,1.7716,-0.9809
281.258,1,-35.2517,1.7718,-0.9808
281.269,1,-35.2509,1.7719,-0.9806
281.280,1,-35.2502,1.7720,-0.9805
281.291,1,-35.2496,1.7720,-0.9805
281.302,1,-35.2489,1.7720,-0.9804
281.313,1,-35.2484,1.7720,-0.9803
281.325,1,-35.2478,1.7719,-0.9803
281.335,1,-35.2472,1.7719,-0.9806
281.347,1,-35.2466,1.7718,-0.9807
281.357,1,-35.2459,1.7719,-0.9808
281.369,1,-35.2452,1.7720,-0.9809
281.380,1,-35.2446,1.7720,-0.9812
281.391,1,-35.2439,1.7721,-0.9815
281.403,1,-35.2433,1.7725,-0.9819
281.413,1,-35.2427,1.7730,-0.9823
281.425,1,-35.2422,1.7735,-0.9828
281.436,1,-35.2416,1.7738,-0.9833
281.448,1,-35.2411,1.7741,-0.9840
281.458,1,-35.2404,1.7744,-0.9846
281.468,1,-35.2398,1.7748,-0.9854
281.480,1,-35.2391,1.7751,-0.9863
281.491,1,-35.2384,1.7754,-0.9870
281.502,1,-35.2377,1.7757,-0.9877
281.513,1,-35.2370,1.7759,-0.9885
281.524,1,-35.2363,1.7760,-0.9892
281.535,1,-35.2355,1.7761,-0.9900
281.546,1,-35.2350,1.7760,-0.9908
281.558,1,-35.2342,1.7759,-0.9916
281.568,1,-35.2334,1.7759,-0.9923
281.580,1,-35.2327,1.7759,-0.9930
281.591,1,-35.2319,1.7758,-0.9938
281.602,1,-35.2312,1.7757,-0.9945
281.613,1,-35.2306,1.7753,-0.9952
281.624,1,-35.2300,1.7752,-0.9959
281.635,1,-35.2293,1.7750,-0.9965
281.647,1,-35.2287,1.7749,-0.9971
281.658,1,-35.2281,1.7748,-0.9978
281.669,1,-35.2275,1.7746,-0.9984
281.680,1,-35.2269,1.7745,-0.9990
281.691,1,-35.2262,1.7745,-0.9996
281.702,1,-35.2256,1.7745,-1.0001
281.713,1,-35.2250,1.7746,-1.0008
281.724,1,-35.2243,1.7747,-1.0014
281.735,1,-35.2236,1.7749,-1.0019
281.746,1,-35.2230,1.7751,-1.0026
281.758,1,-35.2223,1.7753,-1.0031
281.768,1,-35.2215,1.7755,-1.0037
281.780,1,-35.2208,1.7757,-1.0042
281.791,1,-35.2200,1.7758,-1.0047
281.802,1,-35.2193,1.7760,-1.0052
281.813,1,-35.2186,1.7761,-1.0056
281.824,1,-35.2178,1.7761,-1.0061
281.835,1,-35.2171,1.7761,-1.0066
281.846,1,-35.2165,1.7761,-1.0071
281.858,1,-35.2159,1.7760,-1.0075
281.869,1,-35.2153,1.7760,-1.0080
281.880,1,-35.2147,1.7759,-1.0085
281.891,1,-35.2141,1.7759,-1.0091
281.902,1,-35.2136,1.7758,-1.0096
281.913,1,-35.2131,1.7757,-1.0101
281.925,1,-35.2127,1.7756,-1.0105
281.936,1,-35.2122,1.7755,-1.0111
281.947,1,-35.2118,1.7754,-1.0116
281.958,1,-35.2114,1.7753,-1.0121
281.969,1,-35.2115,1.7752,-1.0131
281.981,1,-35.2112,1.7751,-1.0136
281.992,1,-35.2110,1.7751,-1.0140
282.003,1,-35.2107,1.7751,-1.0145
282.014,1,-35.2102,1.7752,-1.0146
282.025,1,-35.2100,1.7752,-1.0150
282.036,1,-35.2099,1.7752,-1.0153
282.047,1,-35.2094,1.7753,-1.0154
282.058,1,-35.2092,1.7753,-1.0157
282.070,1,-35.2090,1.7754,-1.0160
282.080,1,-35.2088,1.7755,-1.0165
282.092,1,-35.2087,1.7755,-1.0168
282.102,1,-35.2093,1.7758,-1.0174
282.114,1,-35.2092,1.7759,-1.0177
282.125,1,-35.2092,1.7759,-1.0181
282.135,1,-35.2092,1.7759,-1.0185
282.146,1,-35.2092,1.7760,-1.0188
282.157,1,-35.2088,1.7757,-1.0190
282.169,1,-35.2088,1.7758,-1.0193
282.180,1,-35.2088,1.7758,-1.0196
282.191,1,-35.2091,1.7759,-1.0201
282.202,1,-35.2091,1.7760,-1.0204
282.213,1,-35.2091,1.7761,-1.0207
282.224,1,-35.2092,1.7761,-1.0210
282.235,1,-35.2092,1.7761,-1.0213
282.246,1,-35.2092,1.7761,-1.0215
282.258,1,-35.2093,1.7761,-1.0218
282.269,1,-35.2093,1.7761,-1.0220
282.280,1,-35.2093,1.7760,-1.0223
282.291,1,-35.2093,1.7760,-1.0225
282.302,1,-35.2093,1.7759,-1.0227
282.313,1,-35.2093,1.7759,-1.0229
282.324,1,-35.2093,1.7759,-1.0231
282.335,1,-35.2093,1.7758,-1.0232
282.346,1,-35.2092,1.7758,-1.0234
282.357,1,-35.2092,1.7757,-1.0236
282.369,1,-35.2091,1.7757,-1.0237
282.380,1,-35.2095,1.7757,-1.0240
282.391,1,-35.2095,1.7757,-1.0241
282.401,1,-35.2095,1.7757,-1.0243
282.413,1,-35.2095,1.7756,-1.0245
282.424,1,-35.2094,1.7756,-1.0246
282.435,1,-35.2094,1.7756,-1.0247
282.446,1,-35.2094,1.7755,-1.0249
282.458,1,-35.2093,1.7755,-1.0250
282.468,1,-35.2085,1.7755,-1.0247
282.480,1,-35.2084,1.7755,-1.0247
282.491,1,-35.2083,1.7755,-1.0247
282.502,1,-35.2082,1.7756,-1.0248
282.513,1,-35.2081,1.7756,-1.0248
282.526,1,-35.2080,1.7756,-1.0249
282.535,1,-35.2078,1.7756,-1.0250
282.546,1,-35.2077,1.7755,-1.0250
282.558,1,-35.2076,1.7755,-1.0250
282.568,1,-35.2074,1.7755,-1.0251
282.580,1,-35.2072,1.7755,-1.0251
282.590,1,-35.2072,1.7755,-1.0252
282.602,1,-35.2070,1.7755,-1.0252
282.613,1,-35.2068,1.7754,-1.0252
282.624,1,-35.2066,1.7754,-1.0252
282.635,1,-35.2064,1.7754,-1.0252
282.646,1,-35.2062,1.7754,-1.0253
282.657,1,-35.2060,1.7753,-1.0254
282.668,1,-35.2057,1.7753,-1.0254
282.679,1,-35.2055,1.7752,-1.0255
282.690,1,-35.2054,1.7751,-1.0256
282.701,1,-35.2052,1.7751,-1.0257
282.712,1,-35.2050,1.7750,-1.0258
282.723,1,-35.2049,1.7750,-1.0259
282.734,1,-35.2047,1.7749,-1.0260
282.745,1,-35.2046,1.7748,-1.0262
282.756,1,-35.2045,1.7747,-1.0263
282.767,1,-35.2044,1.7747,-1.0265
282.778,1,-35.2043,1.7746,-1.0266
282.790,1,-35.2042,1.7745,-1.0267
282.801,1,-35.2041,1.7744,-1.0269
282.812,1,-35.2041,1.7743,-1.0270
282.823,1,-35.2040,1.7742,-1.0272
282.834,1,-35.2040,1.7742,-1.0273
282.845,1,-35.2040,1.7742,-1.0275
282.856,1,-35.2040,1.7741,-1.0276
282.868,1,-35.2040,1.7741,-1.0278
282.879,1,-35.2041,1.7741,-1.0280
282.890,1,-35.2041,1.7740,-1.0281
282.901,1,-35.2042,1.7740,-1.0283
282.913,1,-35.2043,1.7740,-1.0285
282.924,1,-35.2044,1.7740,-1.0287
282.935,1,-35.2046,1.7740,-1.0289
282.946,1,-35.2047,1.7740,-1.0292
282.958,1,-35.2049,1.7740,-1.0294
282.969,1,-35.2051,1.7741,-1.0298
282.980,1,-35.2053,1.7740,-1.0301
282.992,1,-35.2056,1.7741,-1.0305
283.002,1,-35.2062,1.7742,-1.0319
283.014,1,-35.2065,1.7743,-1.0325
283.025,1,-35.2069,1.7743,-1.0331
283.036,1,-35.2072,1.7743,-1.0339
283.047,1,-35.2076,1.7744,-1.0346
283.058,1,-35.2080,1.7744,-1.0354
283.069,1,-35.2085,1.7744,-1.0363
283.080,1,-35.2088,1.7745,-1.0371
283.091,1,-35.2093,1.7744,-1.0381
283.102,1,-35.2099,1.7744,-1.0394
283.113,1,-35.2105,1.7744,-1.0406
283.124,1,-35.2111,1.7742,-1.0417
283.135,1,-35.2117,1.7742,-1.0430
283.147,1,-35.2123,1.7741,-1.0444
283.157,1,-35.2130,1.7741,-1.0457
283.169,1,-35.2137,1.7740,-1.0472
283.180,1,-35.2145,1.7740,-1.0488
283.191,1,-35.2153,1.7739,-1.0503
283.202,1,-35.2162,1.7738,-1.0519
283.212,1,-35.2170,1.7738,-1.0535
283.224,1,-35.2180,1.7737,-1.0551
283.234,1,-35.2189,1.7736,-1.0567
283.245,1,-35.2203,1.7733,-1.0585
283.257,1,-35.2214,1.7731,-1.0601
283.268,1,-35.2224,1.7729,-1.0616
283.279,1,-35.2232,1.7724,-1.0632
283.290,1,-35.2244,1.7722,-1.0648
283.301,1,-35.2256,1.7721,-1.0664
283.313,1,-35.2268,1.7718,-1.0680
283.324,1,-35.2281,1.7716,-1.0695
283.335,1,-35.2295,1.7713,-1.0710
283.346,1,-35.2309,1.7711,-1.0726
283.357,1,-35.2323,1.7710,-1.0741
283.368,1,-35.2349,1.7708,-1.0760
283.379,1,-35.2361,1.7700,-1.0772
283.390,1,-35.2377,1.7698,-1.0787
283.402,1,-35.2393,1.7695,-1.0799
283.412,1,-35.2408,1.7693,-1.0812
283.423,1,-35.2424,1.7690,-1.0824
283.434,1,-35.2439,1.7688,-1.0834
283.445,1,-35.2455,1.7686,-1.0843
283.456,1,-35.2469,1.7684,-1.0852
283.468,1,-35.2484,1.7682,-1.0860
283.479,1,-35.2498,1.7680,-1.0868
283.490,1,-35.2511,1.7679,-1.0876
283.501,1,-35.2523,1.7678,-1.0877
283.512,1,-35.2535,1.7676,-1.0883
283.523,1,-35.2543,1.7673,-1.0877
283.534,1,-35.2553,1.7673,-1.0881
283.546,1,-35.2563,1.7672,-1.0885
283.557,1,-35.2571,1.7671,-1.0887
283.568,1,-35.2578,1.7671,-1.0889
283.579,1,-35.2584,1.7669,-1.0890
283.590,1,-35.2589,1.7668,-1.0890
283.601,1,-35.2593,1.7667,-1.0889
283.612,1,-35.2596,1.7667,-1.0888
283.623,1,-35.2599,1.7666,-1.0887
283.634,1,-35.2601,1.7666,-1.0885
283.645,1,-35.2602,1.7666,-1.0884
283.657,1,-35.2602,1.7666,-1.0882
283.668,1,-35.2603,1.7667,-1.0879
283.679,1,-35.2603,1.7667,-1.0877
283.690,1,-35.2602,1.7669,-1.0875
283.701,1,-35.2601,1.7669,-1.0873
283.713,1,-35.2600,1.7671,-1.0870
283.723,1,-35.2599,1.7672,-1.0868
283.735,1,-35.2597,1.7673,-1.0867
283.745,1,-35.2596,1.7674,-1.0864
283.757,1,-35.2595,1.7675,-1.0863
283.768,1,-35.2593,1.7676,-1.0861
283.779,1,-35.2592,1.7677,-1.0858
283.790,1,-35.2591,1.7680,-1.0856
283.801,1,-35.2590,1.7681,-1.0855
283.813,1,-35.2588,1.7682,-1.0853
283.825,1,-35.2587,1.7683,-1.0853
283.836,1,-35.2586,1.7684,-1.0849
283.848,1,-35.2584,1.7684,-1.0848
283.859,1,-35.2582,1.7686,-1.0846
283.871,1,-35.2580,1.7687,-1.0845
283.883,1,-35.2578,1.7688,-1.0844
283.895,1,-35.2576,1.7689,-1.0843
283.906,1,-35.2574,1.7690,-1.0842
283.917,1,-35.2572,1.7691,-1.0842
283.929,1,-35.2569,1.7691,-1.0841
283.941,1,-35.2567,1.7691,-1.0840
283.953,1,-35.2564,1.7691,-1.0838
283.964,1,-35.2561,1.7690,-1.0837
283.975,1,-35.2558,1.7689,-1.0836
283.987,1,-35.2556,1.7689,-1.0834
283.998,1,-35.2553,1.7688,-1.0833
284.010,1,-35.2550,1.7687,-1.0831
284.021,1,-35.2547,1.7687,-1.0829
284.032,1,-35.2545,1.7686,-1.0828
284.044,1,-35.2541,1.7684,-1.0829
284.055,1,-35.2538,1.7684,-1.0827
284.066,1,-35.2535,1.7683,-1.0825
284.078,1,-35.2531,1.7682,-1.0822
284.089,1,-35.2528,1.7681,-1.0820
284.100,1,-35.2524,1.7680,-1.0817
284.112,1,-35.2520,1.7679,-1.0814
284.122,1,-35.2516,1.7678,-1.0811
284.133,1,-35.2511,1.7678,-1.0808
284.144,1,-35.2506,1.7677,-1.0805
284.155,1,-35.2501,1.7677,-1.0802
284.166,1,-35.2495,1.7676,-1.0799
284.177,1,-35.2489,1.7675,-1.0796
284.189,1,-35.2483,1.7674,-1.0792
284.200,1,-35.2476,1.7673,-1.0789
284.211,1,-35.2469,1.7671,-1.0785
284.222,1,-35.2463,1.7670,-1.0782
284.233,1,-35.2458,1.7668,-1.0779
284.244,1,-35.2450,1.7668,-1.0785
284.255,1,-35.2445,1.7665,-1.0786
284.266,1,-35.2440,1.7664,-1.0788
284.278,1,-35.2436,1.7663,-1.0785
284.289,1,-35.2434,1.7661,-1.0792
284.300,1,-35.2430,1.7661,-1.0790
284.311,1,-35.2428,1.7661,-1.0792
284.322,1,-35.2426,1.7660,-1.0792
284.333,1,-35.2424,1.7660,-1.0791
284.344,1,-35.2423,1.7659,-1.0791
284.355,1,-35.2423,1.7659,-1.0792
284.367,1,-35.2423,1.7658,-1.0791
284.377,1,-35.2423,1.7657,-1.0791
284.389,1,-35.2425,1.7657,-1.0792
284.400,1,-35.2427,1.7656,-1.0792
284.412,1,-35.2430,1.7656,-1.0796
284.423,1,-35.2434,1.7655,-1.0799
284.434,1,-35.2438,1.7655,-1.0807
284.445,1,-35.2442,1.7654,-1.0814
284.456,1,-35.2447,1.7653,-1.0819
284.467,1,-35.2453,1.7652,-1.0826
284.478,1,-35.2459,1.7651,-1.0832
284.490,1,-35.2465,1.7650,-1.0838
284.501,1,-35.2473,1.7650,-1.0845
284.512,1,-35.2481,1.7648,-1.0852
284.523,1,-35.2490,1.7648,-1.0860
284.534,1,-35.2499,1.7647,-1.0868
284.545,1,-35.2510,1.7647,-1.0878
284.556,1,-35.2520,1.7646,-1.0888
284.568,1,-35.2532,1.7647,-1.0901
284.579,1,-35.2543,1.7647,-1.0913
284.590,1,-35.2555,1.7648,-1.0924
284.601,1,-35.2567,1.7648,-1.0939
284.612,1,-35.2580,1.7649,-1.0954
284.623,1,-35.2593,1.7650,-1.0970
284.634,1,-35.2606,1.7650,-1.0986
284.644,1,-35.2620,1.7651,-1.1004
284.655,1,-35.2634,1.7651,-1.1021
284.666,1,-35.2648,1.7651,-1.1041
284.677,1,-35.2663,1.7650,-1.1061
284.688,1,-35.2677,1.7649,-1.1083
284.699,1,-35.2692,1.7648,-1.1104
284.710,1,-35.2707,1.7646,-1.1126
284.722,1,-35.2723,1.7644,-1.1149
284.733,1,-35.2739,1.7642,-1.1173
284.744,1,-35.2755,1.7639,-1.1200
284.755,1,-35.2772,1.7637,-1.1224
284.766,1,-35.2788,1.7633,-1.1249
284.777,1,-35.2805,1.7629,-1.1275
284.788,1,-35.2822,1.7626,-1.1300
284.799,1,-35.2839,1.7623,-1.1327
284.810,1,-35.2857,1.7620,-1.1356
284.821,1,-35.2874,1.7617,-1.1383
284.832,1,-35.2892,1.7614,-1.1413
284.843,1,-35.2910,1.7611,-1.1442
284.854,1,-35.2928,1.7609,-1.1473
284.865,1,-35.2946,1.7608,-1.1505
284.876,1,-35.2964,1.7605,-1.1538
284.888,1,-35.2981,1.7603,-1.1569
284.899,1,-35.2999,1.7601,-1.1602
284.910,1,-35.3016,1.7600,-1.1635
284.921,1,-35.3033,1.7604,-1.1671
284.932,1,-35.3049,1.7610,-1.1706
284.943,1,-35.3064,1.7614,-1.1740
284.954,1,-35.3081,1.7614,-1.1774
284.966,1,-35.3096,1.7612,-1.1810
284.976,1,-35.3112,1.7609,-1.1844
284.988,1,-35.3127,1.7610,-1.1880
284.999,1,-35.3143,1.7613,-1.1951
285.010,1,-35.3156,1.7617,-1.1980
285.022,1,-35.3168,1.7621,-1.2012
285.033,1,-35.3179,1.7626,-1.2043
285.044,1,-35.3190,1.7630,-1.2076
285.056,1,-35.3199,1.7635,-1.2105
285.067,1,-35.3207,1.7641,-1.2143
285.078,1,-35.3214,1.7646,-1.2169
285.089,1,-35.3220,1.7652,-1.2196
285.100,1,-35.3226,1.7656,-1.2224
285.112,1,-35.3232,1.7661,-1.2250
285.123,1,-35.3238,1.7664,-1.2278
285.134,1,-35.3244,1.7668,-1.2301
285.145,1,-35.3249,1.7672,-1.2323
285.156,1,-35.3253,1.7675,-1.2344
285.167,1,-35.3257,1.7679,-1.2356
285.178,1,-35.3261,1.7681,-1.2374
285.189,1,-35.3265,1.7682,-1.2391
285.201,1,-35.3269,1.7681,-1.2408
285.212,1,-35.3273,1.7680,-1.2422
285.223,1,-35.3277,1.7677,-1.2439
285.234,1,-35.3281,1.7675,-1.2450
285.245,1,-35.3285,1.7672,-1.2460
285.257,1,-35.3288,1.7667,-1.2469
285.267,1,-35.3292,1.7664,-1.2477
285.279,1,-35.3295,1.7661,-1.2484
285.290,1,-35.3299,1.7656,-1.2489
285.301,1,-35.3303,1.7654,-1.2494
285.311,1,-35.3306,1.7652,-1.2492
285.323,1,-35.3309,1.7649,-1.2495
285.334,1,-35.3313,1.7645,-1.2493
285.345,1,-35.3315,1.7642,-1.2493
285.356,1,-35.3318,1.7638,-1.2491
285.367,1,-35.3321,1.7635,-1.2490
285.378,1,-35.3324,1.7632,-1.2488
285.389,1,-35.3327,1.7628,-1.2484
285.400,1,-35.3329,1.7623,-1.2480
285.411,1,-35.3331,1.7619,-1.2477
285.422,1,-35.3331,1.7617,-1.2473
285.433,1,-35.3330,1.7620,-1.2470
285.444,1,-35.3327,1.7626,-1.2468
285.455,1,-35.3322,1.7639,-1.2467
285.467,1,-35.3317,1.7651,-1.2465
285.478,1,-35.3313,1.7658,-1.2458
285.490,1,-35.3309,1.7659,-1.2454
285.501,1,-35.3305,1.7657,-1.2451
285.511,1,-35.3300,1.7655,-1.2448
285.522,1,-35.3296,1.7653,-1.2446
285.533,1,-35.3293,1.7653,-1.2444
285.544,1,-35.3290,1.7651,-1.2443
285.555,1,-35.3288,1.7650,-1.2443
285.566,1,-35.3286,1.7649,-1.2444
285.577,1,-35.3286,1.7649,-1.2446
285.589,1,-35.3284,1.7649,-1.2449
285.600,1,-35.3282,1.7651,-1.2454
285.611,1,-35.3280,1.7651,-1.2460
285.622,1,-35.3278,1.7654,-1.2467
285.633,1,-35.3276,1.7656,-1.2474
285.644,1,-35.3275,1.7656,-1.2482
285.655,1,-35.3276,1.7656,-1.2492
285.666,1,-35.3276,1.7656,-1.2501
285.677,1,-35.3277,1.7656,-1.2508
285.688,1,-35.3279,1.7656,-1.2519
285.700,1,-35.3280,1.7656,-1.2529
285.710,1,-35.3282,1.7655,-1.2541
285.722,1,-35.3284,1.7653,-1.2553
285.733,1,-35.3286,1.7650,-1.2566
285.744,1,-35.3288,1.7649,-1.2579
285.755,1,-35.3288,1.7647,-1.2596
285.766,1,-35.3290,1.7644,-1.2611
285.777,1,-35.3292,1.7643,-1.2628
285.788,1,-35.3295,1.7641,-1.2644
285.800,1,-35.3299,1.7639,-1.2662
285.810,1,-35.3302,1.7638,-1.2681
285.822,1,-35.3306,1.7636,-1.2700
285.833,1,-35.3309,1.7635,-1.2720
285.844,1,-35.3313,1.7634,-1.2741
285.855,1,-35.3317,1.7633,-1.2762
285.867,1,-35.3321,1.7634,-1.2785
285.877,1,-35.3325,1.7633,-1.2805
285.889,1,-35.3329,1.7633,-1.2829
285.900,1,-35.3334,1.7633,-1.2854
285.911,1,-35.3338,1.7633,-1.2880
285.922,1,-35.3343,1.7632,-1.2906
285.933,1,-35.3347,1.7631,-1.2933
285.944,1,-35.3352,1.7631,-1.2960
285.956,1,-35.3358,1.7629,-1.2989
285.967,1,-35.3362,1.7628,-1.3018
285.978,1,-35.3368,1.7627,-1.3045
285.989,1,-35.3373,1.7626,-1.3075
286.000,1,-35.3378,1.7625,-1.3107
286.011,1,-35.3382,1.7626,-1.3143
286.023,1,-35.3386,1.7630,-1.3176
286.033,1,-35.3389,1.7637,-1.3215
286.045,1,-35.3392,1.7645,-1.3249
286.056,1,-35.3396,1.7648,-1.3285
286.067,1,-35.3401,1.7647,-1.3319
286.078,1,-35.3407,1.7644,-1.3356
286.089,1,-35.3412,1.7641,-1.3390
286.101,1,-35.3418,1.7638,-1.3424
286.112,1,-35.3423,1.7635,-1.3462
286.124,1,-35.3428,1.7633,-1.3494
286.136,1,-35.3434,1.7629,-1.3525
286.147,1,-35.3438,1.7627,-1.3555
286.159,1,-35.3441,1.7627,-1.3587
286.170,1,-35.3443,1.7628,-1.3616
286.182,1,-35.3443,1.7630,-1.3643
286.193,1,-35.3444,1.7634,-1.3668
286.205,1,-35.3443,1.7636,-1.3693
286.217,1,-35.3442,1.7639,-1.3716
286.228,1,-35.3442,1.7640,-1.3737
286.240,1,-35.3441,1.7641,-1.3757
286.251,1,-35.3441,1.7642,-1.3776
286.263,1,-35.3440,1.7643,-1.3795
286.275,1,-35.3439,1.7644,-1.3810
286.286,1,-35.3438,1.7646,-1.3825
286.298,1,-35.3437,1.7649,-1.3838
286.309,1,-35.3434,1.7651,-1.3849
286.321,1,-35.3432,1.7652,-1.3858
286.332,1,-35.3429,1.7653,-1.3866
286.343,1,-35.3426,1.7654,-1.3874
286.355,1,-35.3424,1.7654,-1.3885
286.366,1,-35.3422,1.7654,-1.3891
286.377,1,-35.3420,1.7654,-1.3896
286.389,1,-35.3419,1.7652,-1.3901
286.399,1,-35.3418,1.7652,-1.3906
286.411,1,-35.3418,1.7651,-1.3910
286.422,1,-35.3418,1.7649,-1.3913
286.433,1,-35.3418,1.7647,-1.3914
286.444,1,-35.3418,1.7646,-1.3916
286.455,1,-35.3419,1.7644,-1.3917
286.467,1,-35.3420,1.7641,-1.3917
286.478,1,-35.3422,1.7637,-1.3918
286.489,1,-35.3424,1.7633,-1.3917
286.500,1,-35.3426,1.7629,-1.3919
286.512,1,-35.3428,1.7623,-1.3918
286.523,1,-35.3430,1.7616,-1.3917
286.535,1,-35.3430,1.7610,-1.3917
286.547,1,-35.3429,1.7608,-1.3915
286.558,1,-35.3427,1.7608,-1.3914
286.570,1,-35.3423,1.7612,-1.3914
286.582,1,-35.3417,1.7624,-1.3913
286.593,1,-35.3413,1.7634,-1.3913
286.605,1,-35.3410,1.7639,-1.3910
286.616,1,-35.3410,1.7639,-1.3907
286.628,1,-35.3407,1.7637,-1.3903
286.640,1,-35.3406,1.7635,-1.3900
286.651,1,-35.3404,1.7636,-1.3899
286.663,1,-35.3405,1.7636,-1.3898
286.674,1,-35.3404,1.7637,-1.3898
286.686,1,-35.3404,1.7639,-1.3901
286.698,1,-35.3404,1.7642,-1.3904
286.709,1,-35.3402,1.7645,-1.3907
286.721,1,-35.3400,1.7648,-1.3910
286.732,1,-35.3398,1.7651,-1.3917
286.743,1,-35.3395,1.7654,-1.3923
286.754,1,-35.3392,1.7656,-1.3929
286.765,1,-35.3390,1.7657,-1.3937
286.777,1,-35.3388,1.7658,-1.3944
286.788,1,-35.3387,1.7658,-1.3953
286.799,1,-35.3386,1.7657,-1.3961
286.810,1,-35.3385,1.7657,-1.3970
286.822,1,-35.3384,1.7655,-1.3978
286.834,1,-35.3383,1.7654,-1.3992
286.845,1,-35.3382,1.7654,-1.4003
286.857,1,-35.3382,1.7651,-1.4016
286.868,1,-35.3381,1.7649,-1.4029
286.880,1,-35.3379,1.7647,-1.4040
286.892,1,-35.3378,1.7646,-1.4055
286.903,1,-35.3377,1.7644,-1.4069
286.915,1,-35.3377,1.7641,-1.4085
286.927,1,-35.3377,1.7637,-1.4102
286.938,1,-35.3378,1.7634,-1.4119
286.950,1,-35.3378,1.7632,-1.4137
286.961,1,-35.3379,1.7629,-1.4155
286.974,1,-35.3381,1.7627,-1.4176
286.984,1,-35.3382,1.7625,-1.4196
286.996,1,-35.3384,1.7624,-1.4219
287.008,1,-35.3386,1.7624,-1.4241
287.019,1,-35.3388,1.7625,-1.4263
287.031,1,-35.3390,1.7626,-1.4286
287.042,1,-35.3391,1.7627,-1.4309
287.053,1,-35.3393,1.7629,-1.4335
287.065,1,-35.3395,1.7630,-1.4361
287.076,1,-35.3396,1.7635,-1.4387
287.087,1,-35.3397,1.7640,-1.4415
287.099,1,-35.3397,1.7645,-1.4442
287.109,1,-35.3399,1.7648,-1.4471
287.121,1,-35.3400,1.7650,-1.4499
287.132,1,-35.3401,1.7650,-1.4528
287.143,1,-35.3403,1.7650,-1.4557
287.155,1,-35.3404,1.7649,-1.4586
287.166,1,-35.3406,1.7648,-1.4614
287.177,1,-35.3407,1.7647,-1.4644
287.188,1,-35.3407,1.7645,-1.4671
287.200,1,-35.3409,1.7644,-1.4699
287.211,1,-35.3409,1.7643,-1.4727
287.222,1,-35.3410,1.7643,-1.4754
287.233,1,-35.3409,1.7641,-1.4781
287.244,1,-35.3408,1.7641,-1.4807
287.255,1,-35.3408,1.7640,-1.4833
287.266,1,-35.3407,1.7638,-1.4857
287.278,1,-35.3407,1.7637,-1.4883
287.290,1,-35.3406,1.7635,-1.4910
287.301,1,-35.3406,1.7633,-1.4934
287.312,1,-35.3406,1.7632,-1.4958
287.324,1,-35.3405,1.7632,-1.4980
287.335,1,-35.3405,1.7632,-1.5002
287.347,1,-35.3405,1.7632,-1.5022
287.359,1,-35.3405,1.7631,-1.5040
287.370,1,-35.3405,1.7631,-1.5058
287.382,1,-35.3407,1.7631,-1.5076
287.393,1,-35.3408,1.7630,-1.5092
287.405,1,-35.3409,1.7629,-1.5107
287.416,1,-35.3411,1.7627,-1.5122
287.428,1,-35.3413,1.7629,-1.5134
287.440,1,-35.3415,1.7630,-1.5146
287.451,1,-35.3418,1.7631,-1.5157
287.463,1,-35.3422,1.7630,-1.5168
287.475,1,-35.3427,1.7629,-1.5176
287.486,1,-35.3431,1.7628,-1.5184
287.498,1,-35.3437,1.7626,-1.5192
287.509,1,-35.3443,1.7625,-1.5198
287.522,1,-35.3451,1.7622,-1.5203
287.531,1,-35.3457,1.7620,-1.5209
287.542,1,-35.3465,1.7619,-1.5212
287.554,1,-35.3473,1.7618,-1.5217
287.565,1,-35.3481,1.7617,-1.5219
287.576,1,-35.3488,1.7617,-1.5222
287.587,1,-35.3495,1.7617,-1.5222
287.599,1,-35.3503,1.7618,-1.5223
287.610,1,-35.3510,1.7619,-1.5222
287.621,1,-35.3517,1.7620,-1.5222
287.632,1,-35.3523,1.7623,-1.5221
287.644,1,-35.3528,1.7629,-1.5220
287.655,1,-35.3534,1.7635,-1.5219
287.666,1,-35.3539,1.7639,-1.5217
287.677,1,-35.3546,1.7642,-1.5214
287.688,1,-35.3552,1.7644,-1.5212
287.699,1,-35.3559,1.7645,-1.5210
287.711,1,-35.3565,1.7646,-1.5207
287.722,1,-35.3570,1.7648,-1.5204
287.733,1,-35.3575,1.7649,-1.5201
287.744,1,-35.3581,1.7649,-1.5198
287.756,1,-35.3587,1.7649,-1.5196
287.766,1,-35.3591,1.7649,-1.5193
287.777,1,-35.3595,1.7649,-1.5191
287.788,1,-35.3598,1.7650,-1.5187
287.799,1,-35.3601,1.7651,-1.5184
287.811,1,-35.3603,1.7651,-1.5181
287.822,1,-35.3606,1.7652,-1.5178
287.833,1,-35.3609,1.7652,-1.5176
287.845,1,-35.3612,1.7652,-1.5172
287.857,1,-35.3614,1.7651,-1.5168
287.868,1,-35.3616,1.7650,-1.5166
287.880,1,-35.3619,1.7650,-1.5163
287.892,1,-35.3621,1.7649,-1.5159
287.903,1,-35.3623,1.7648,-1.5157
287.915,1,-35.3626,1.7647,-1.5155
287.927,1,-35.3628,1.7647,-1.5152
287.938,1,-35.3630,1.7647,-1.5150
287.950,1,-35.3632,1.7647,-1.5149
287.961,1,-35.3634,1.7647,-1.5146
287.973,1,-35.3637,1.7647,-1.5144
287.985,1,-35.3639,1.7647,-1.5142
287.996,1,-35.3642,1.7647,-1.5138
288.008,1,-35.3644,1.7647,-1.5136
288.019,1,-35.3645,1.7648,-1.5133
288.030,1,-35.3647,1.7650,-1.5133
288.041,1,-35.3648,1.7652,-1.5132
288.053,1,-35.3649,1.7653,-1.5129
288.065,1,-35.3650,1.7654,-1.5127
288.075,1,-35.3652,1.7653,-1.5124
288.087,1,-35.3653,1.7654,-1.5122
288.098,1,-35.3654,1.7654,-1.5120
288.109,1,-35.3654,1.7654,-1.5117
288.120,1,-35.3654,1.7655,-1.5116
288.131,1,-35.3654,1.7656,-1.5115
288.142,1,-35.3655,1.7656,-1.5113
288.153,1,-35.3655,1.7657,-1.5112
288.165,1,-35.3654,1.7658,-1.5111
288.176,1,-35.3655,1.7657,-1.5110
288.187,1,-35.3654,1.7657,-1.5109
288.198,1,-35.3654,1.7658,-1.5109
288.209,1,-35.3653,1.7658,-1.5109
288.220,1,-35.3652,1.7658,-1.5108
288.232,1,-35.3652,1.7658,-1.5108
288.243,1,-35.3651,1.7659,-1.5108
288.254,1,-35.3650,1.7659,-1.5107
288.266,1,-35.3649,1.7659,-1.5107
288.277,1,-35.3648,1.7659,-1.5108
288.289,1,-35.3647,1.7659,-1.5108
288.301,1,-35.3646,1.7660,-1.5109
288.312,1,-35.3645,1.7658,-1.5111
288.323,1,-35.3644,1.7659,-1.5113
288.335,1,-35.3643,1.7659,-1.5113
288.347,1,-35.3642,1.7659,-1.5114
288.358,1,-35.3641,1.7659,-1.5116
288.370,1,-35.3640,1.7658,-1.5118
288.381,1,-35.3639,1.7657,-1.5120
288.393,1,-35.3639,1.7657,-1.5121
288.405,1,-35.3638,1.7657,-1.5123
288.416,1,-35.3637,1.7657,-1.5124
288.428,1,-35.3636,1.7657,-1.5125
288.440,1,-35.3635,1.7657,-1.5127
288.451,1,-35.3635,1.7656,-1.5130
288.462,1,-35.3634,1.7656,-1.5132
288.474,1,-35.3632,1.7656,-1.5134
288.485,1,-35.3631,1.7656,-1.5136
288.497,1,-35.3631,1.7655,-1.5136
288.508,1,-35.3630,1.7655,-1.5137
288.519,1,-35.3630,1.7654,-1.5139
288.531,1,-35.3629,1.7654,-1.5141
288.542,1,-35.3628,1.7654,-1.5142
288.553,1,-35.3628,1.7654,-1.5143
288.564,1,-35.3627,1.7654,-1.5143
288.575,1,-35.3626,1.7654,-1.5144
288.587,1,-35.3625,1.7653,-1.5144
288.598,1,-35.3624,1.7652,-1.5144
288.609,1,-35.3623,1.7652,-1.5144
288.621,1,-35.3622,1.7652,-1.5143
288.632,1,-35.3621,1.7652,-1.5142
288.643,1,-35.3620,1.7652,-1.5143
288.655,1,-35.3620,1.7652,-1.5142
288.666,1,-35.3619,1.7652,-1.5142
288.678,1,-35.3617,1.7651,-1.5141
288.689,1,-35.3616,1.7650,-1.5139
288.701,1,-35.3615,1.7650,-1.5138
288.713,1,-35.3613,1.7650,-1.5136
288.724,1,-35.3611,1.7650,-1.5136
288.736,1,-35.3611,1.7650,-1.5134
288.748,1,-35.3610,1.7650,-1.5134
288.759,1,-35.3609,1.7649,-1.5133
288.771,1,-35.3608,1.7649,-1.5132
288.782,1,-35.3608,1.7647,-1.5131
288.794,1,-35.3608,1.7646,-1.5129
288.805,1,-35.3608,1.7644,-1.5127
288.817,1,-35.3608,1.7641,-1.5126
288.828,1,-35.3609,1.7639,-1.5124
288.840,1,-35.3610,1.7635,-1.5121
288.852,1,-35.3611,1.7631,-1.5118
288.863,1,-35.3613,1.7627,-1.5115
288.875,1,-35.3614,1.7623,-1.5112
288.886,1,-35.3616,1.7617,-1.5109
288.897,1,-35.3618,1.7611,-1.5105
288.909,1,-35.3620,1.7604,-1.5101
288.920,1,-35.3621,1.7597,-1.5097
288.931,1,-35.3623,1.7591,-1.5093
288.942,1,-35.3624,1.7585,-1.5090
288.954,1,-35.3625,1.7579,-1.5086
288.965,1,-35.3628,1.7574,-1.5082
288.976,1,-35.3629,1.7568,-1.5078
288.987,1,-35.3632,1.7562,-1.5073
288.999,1,-35.3634,1.7556,-1.5070
289.010,1,-35.3636,1.7550,-1.5066
289.021,1,-35.3638,1.7543,-1.5062
289.032,1,-35.3640,1.7536,-1.5059
289.044,1,-35.3642,1.7529,-1.5056
289.055,1,-35.3644,1.7523,-1.5053

# --- Trial 2 start ---
307.934,2,-39.4539,1.7235,-1.4218
307.950,2,-39.4524,1.7228,-1.4234
307.957,2,-39.4511,1.7220,-1.4249
307.966,2,-39.4497,1.7212,-1.4264
307.976,2,-39.4483,1.7203,-1.4280
307.988,2,-39.4469,1.7193,-1.4295
308.000,2,-39.4454,1.7181,-1.4310
308.012,2,-39.4440,1.7170,-1.4324
308.030,2,-39.4425,1.7158,-1.4337
308.037,2,-39.4410,1.7146,-1.4349
308.049,2,-39.4396,1.7133,-1.4361
308.067,2,-39.4367,1.7107,-1.4385
308.076,2,-39.4353,1.7091,-1.4396
308.093,2,-39.4338,1.7074,-1.4405
308.108,2,-39.4324,1.7057,-1.4414
308.123,2,-39.4311,1.7037,-1.4424
308.130,2,-39.4299,1.7019,-1.4433
308.139,2,-39.4287,1.6998,-1.4442
308.151,2,-39.4277,1.6975,-1.4451
308.162,2,-39.4267,1.6950,-1.4460
308.174,2,-39.4259,1.6925,-1.4468
308.185,2,-39.4252,1.6899,-1.4477
308.197,2,-39.4244,1.6874,-1.4485
308.209,2,-39.4238,1.6849,-1.4493
308.220,2,-39.4233,1.6825,-1.4501
308.231,2,-39.4230,1.6803,-1.4507
308.242,2,-39.4228,1.6781,-1.4513
308.254,2,-39.4228,1.6760,-1.4518
308.265,2,-39.4229,1.6742,-1.4523
308.276,2,-39.4232,1.6724,-1.4526
308.287,2,-39.4236,1.6709,-1.4529
308.299,2,-39.4241,1.6698,-1.4531
308.310,2,-39.4247,1.6688,-1.4531
308.321,2,-39.4253,1.6681,-1.4530
308.332,2,-39.4258,1.6676,-1.4528
308.343,2,-39.4265,1.6673,-1.4525
308.354,2,-39.4271,1.6675,-1.4520
308.365,2,-39.4277,1.6678,-1.4514
308.376,2,-39.4283,1.6685,-1.4508
308.387,2,-39.4291,1.6696,-1.4499
308.398,2,-39.4298,1.6708,-1.4491
308.409,2,-39.4307,1.6725,-1.4481
308.421,2,-39.4315,1.6745,-1.4470
308.432,2,-39.4323,1.6765,-1.4459
308.442,2,-39.4332,1.6788,-1.4448
308.454,2,-39.4340,1.6813,-1.4436
308.465,2,-39.4349,1.6841,-1.4423
308.476,2,-39.4358,1.6869,-1.4410
308.487,2,-39.4366,1.6899,-1.4396
308.498,2,-39.4374,1.6928,-1.4382
308.510,2,-39.4381,1.6959,-1.4366
308.521,2,-39.4388,1.6991,-1.4350
308.532,2,-39.4395,1.7021,-1.4334
308.543,2,-39.4403,1.7051,-1.4317
308.554,2,-39.4410,1.7081,-1.4299
308.565,2,-39.4417,1.7109,-1.4282
308.576,2,-39.4424,1.7138,-1.4264
308.588,2,-39.4431,1.7165,-1.4244
308.598,2,-39.4440,1.7190,-1.4225
308.610,2,-39.4449,1.7214,-1.4204
308.621,2,-39.4458,1.7237,-1.4184
308.632,2,-39.4467,1.7259,-1.4162
308.643,2,-39.4477,1.7279,-1.4141
308.654,2,-39.4485,1.7299,-1.4120
308.666,2,-39.4496,1.7316,-1.4098
308.677,2,-39.4506,1.7333,-1.4075
308.688,2,-39.4517,1.7347,-1.4053
308.700,2,-39.4527,1.7361,-1.4031
308.712,2,-39.4537,1.7372,-1.4009
308.723,2,-39.4546,1.7383,-1.3987
308.734,2,-39.4557,1.7393,-1.3965
308.745,2,-39.4567,1.7400,-1.3943
308.757,2,-39.4577,1.7405,-1.3920
308.768,2,-39.4587,1.7411,-1.3898
308.779,2,-39.4597,1.7413,-1.3875
308.790,2,-39.4607,1.7415,-1.3852
308.801,2,-39.4616,1.7417,-1.3829
308.812,2,-39.4625,1.7421,-1.3806
308.823,2,-39.4632,1.7425,-1.3782
308.834,2,-39.4640,1.7428,-1.3759
308.846,2,-39.4647,1.7430,-1.3735
308.857,2,-39.4655,1.7432,-1.3711
308.868,2,-39.4660,1.7435,-1.3687
308.879,2,-39.4665,1.7439,-1.3663
308.891,2,-39.4670,1.7443,-1.3639
308.902,2,-39.4675,1.7448,-1.3614
308.914,2,-39.4681,1.7452,-1.3589
308.925,2,-39.4685,1.7455,-1.3564
308.937,2,-39.4690,1.7457,-1.3540
308.949,2,-39.4694,1.7459,-1.3516
308.960,2,-39.4697,1.7460,-1.3491
308.972,2,-39.4700,1.7461,-1.3467
308.983,2,-39.4703,1.7462,-1.3444
308.995,2,-39.4706,1.7463,-1.3421
309.007,2,-39.4708,1.7464,-1.3398
309.018,2,-39.4710,1.7466,-1.3375
309.030,2,-39.4711,1.7467,-1.3353
309.041,2,-39.4714,1.7467,-1.3331
309.053,2,-39.4716,1.7467,-1.3310
309.064,2,-39.4719,1.7467,-1.3288
309.076,2,-39.4722,1.7467,-1.3267
309.087,2,-39.4724,1.7466,-1.3246
309.099,2,-39.4727,1.7465,-1.3226
309.110,2,-39.4730,1.7465,-1.3206
309.121,2,-39.4732,1.7465,-1.3187
309.133,2,-39.4735,1.7464,-1.3168
309.144,2,-39.4737,1.7463,-1.3150
309.159,2,-39.4739,1.7461,-1.3133
309.171,2,-39.4741,1.7461,-1.3116
309.185,2,-39.4741,1.7460,-1.3100
309.198,2,-39.4741,1.7460,-1.3085
309.211,2,-39.4740,1.7460,-1.3054
309.224,2,-39.4737,1.7461,-1.3041
309.236,2,-39.4737,1.7461,-1.3028
309.250,2,-39.4734,1.7461,-1.3016
309.263,2,-39.4730,1.7462,-1.3005
309.276,2,-39.4724,1.7462,-1.2981
309.306,2,-39.4716,1.7462,-1.2973
309.316,2,-39.4706,1.7461,-1.2952
309.325,2,-39.4700,1.7461,-1.2943
309.334,2,-39.4693,1.7461,-1.2933
309.344,2,-39.4686,1.7462,-1.2924
309.353,2,-39.4677,1.7462,-1.2915
309.364,2,-39.4667,1.7463,-1.2907
309.376,2,-39.4658,1.7464,-1.2899
309.387,2,-39.4645,1.7466,-1.2892
309.398,2,-39.4635,1.7466,-1.2885
309.409,2,-39.4622,1.7467,-1.2878
309.421,2,-39.4608,1.7467,-1.2872
309.432,2,-39.4596,1.7467,-1.2865
309.443,2,-39.4582,1.7468,-1.2859
309.454,2,-39.4568,1.7468,-1.2854
309.466,2,-39.4554,1.7467,-1.2848
309.476,2,-39.4539,1.7467,-1.2844
309.488,2,-39.4524,1.7466,-1.2840
309.499,2,-39.4508,1.7465,-1.2836
309.510,2,-39.4490,1.7464,-1.2833
309.520,2,-39.4471,1.7463,-1.2831
309.532,2,-39.4453,1.7462,-1.2827
309.543,2,-39.4434,1.7460,-1.2825
309.554,2,-39.4414,1.7459,-1.2823
309.565,2,-39.4401,1.7457,-1.2819
309.576,2,-39.4376,1.7456,-1.2819
309.587,2,-39.4353,1.7455,-1.2818
309.598,2,-39.4330,1.7454,-1.2818
309.609,2,-39.4306,1.7452,-1.2818
309.620,2,-39.4278,1.7451,-1.2821
309.631,2,-39.4252,1.7449,-1.2822
309.643,2,-39.4227,1.7448,-1.2823
309.653,2,-39.4200,1.7446,-1.2825
309.665,2,-39.4174,1.7445,-1.2827
309.676,2,-39.4145,1.7444,-1.2831
309.688,2,-39.4115,1.7443,-1.2835
309.698,2,-39.4086,1.7442,-1.2839
309.710,2,-39.4054,1.7440,-1.2844
309.721,2,-39.4023,1.7439,-1.2849
309.732,2,-39.3991,1.7438,-1.2854
309.743,2,-39.3958,1.7437,-1.2859
309.754,2,-39.3923,1.7436,-1.2866
309.766,2,-39.3888,1.7434,-1.2871
309.778,2,-39.3853,1.7432,-1.2878
309.788,2,-39.3820,1.7430,-1.2884
309.799,2,-39.3785,1.7428,-1.2891
309.810,2,-39.3751,1.7425,-1.2897
309.821,2,-39.3715,1.7423,-1.2905
309.832,2,-39.3678,1.7421,-1.2912
309.843,2,-39.3642,1.7419,-1.2919
309.854,2,-39.3606,1.7417,-1.2927
309.865,2,-39.3570,1.7415,-1.2936
309.876,2,-39.3532,1.7413,-1.2945
309.888,2,-39.3494,1.7409,-1.2954
309.899,2,-39.3457,1.7407,-1.2963
309.911,2,-39.3419,1.7404,-1.2973
309.922,2,-39.3381,1.7404,-1.2983
309.933,2,-39.3342,1.7405,-1.2994
309.945,2,-39.3303,1.7408,-1.3005
309.957,2,-39.3264,1.7411,-1.3016
309.967,2,-39.3225,1.7413,-1.3027
309.976,2,-39.3186,1.7415,-1.3038
309.988,2,-39.3146,1.7419,-1.3050
309.999,2,-39.3106,1.7424,-1.3062
310.010,2,-39.3066,1.7430,-1.3073
310.022,2,-39.3026,1.7436,-1.3084
310.032,2,-39.2986,1.7441,-1.3096
310.043,2,-39.2945,1.7450,-1.3107
310.055,2,-39.2905,1.7458,-1.3119
310.065,2,-39.2863,1.7466,-1.3131
310.076,2,-39.2823,1.7474,-1.3143
310.088,2,-39.2783,1.7481,-1.3154
310.098,2,-39.2743,1.7488,-1.3165
310.110,2,-39.2703,1.7493,-1.3176
310.121,2,-39.2664,1.7499,-1.3187
310.132,2,-39.2623,1.7503,-1.3197
310.143,2,-39.2582,1.7506,-1.3207
310.154,2,-39.2540,1.7507,-1.3216
310.165,2,-39.2499,1.7507,-1.3225
310.176,2,-39.2457,1.7507,-1.3234
310.188,2,-39.2415,1.7506,-1.3241
310.199,2,-39.2373,1.7504,-1.3248
310.210,2,-39.2330,1.7504,-1.3255
310.221,2,-39.2287,1.7505,-1.3261
310.232,2,-39.2242,1.7506,-1.3266
310.243,2,-39.2199,1.7508,-1.3270
310.254,2,-39.2155,1.7510,-1.3274
310.265,2,-39.2110,1.7514,-1.3278
310.276,2,-39.2064,1.7518,-1.3280
310.287,2,-39.2018,1.7522,-1.3282
310.299,2,-39.1972,1.7526,-1.3284
310.310,2,-39.1924,1.7530,-1.3286
310.321,2,-39.1877,1.7533,-1.3288
310.332,2,-39.1829,1.7535,-1.3290
310.343,2,-39.1781,1.7537,-1.3290
310.355,2,-39.1731,1.7539,-1.3290
310.366,2,-39.1681,1.7539,-1.3290
310.377,2,-39.1630,1.7539,-1.3289
310.388,2,-39.1579,1.7537,-1.3288
310.400,2,-39.1526,1.7535,-1.3288
310.411,2,-39.1473,1.7532,-1.3286
310.422,2,-39.1419,1.7528,-1.3285
310.433,2,-39.1364,1.7523,-1.3282
310.445,2,-39.1310,1.7517,-1.3280
310.455,2,-39.1256,1.7510,-1.3276
310.466,2,-39.1200,1.7503,-1.3273
310.477,2,-39.1144,1.7494,-1.3269
310.488,2,-39.1089,1.7485,-1.3264
310.499,2,-39.1033,1.7475,-1.3259
310.510,2,-39.0975,1.7466,-1.3253
310.521,2,-39.0919,1.7455,-1.3246
310.532,2,-39.0861,1.7444,-1.3239
310.543,2,-39.0803,1.7434,-1.3231
310.554,2,-39.0745,1.7424,-1.3223
310.566,2,-39.0685,1.7414,-1.3214
310.576,2,-39.0626,1.7406,-1.3204
310.588,2,-39.0565,1.7399,-1.3194
310.599,2,-39.0506,1.7392,-1.3184
310.610,2,-39.0445,1.7384,-1.3172
310.621,2,-39.0384,1.7377,-1.3160
310.632,2,-39.0323,1.7372,-1.3148
310.644,2,-39.0260,1.7367,-1.3136
310.655,2,-39.0197,1.7366,-1.3123
310.666,2,-39.0133,1.7367,-1.3111
310.677,2,-39.0069,1.7369,-1.3098
310.688,2,-39.0005,1.7374,-1.3085
310.700,2,-38.9941,1.7380,-1.3073
310.711,2,-38.9877,1.7388,-1.3061
310.722,2,-38.9812,1.7398,-1.3050
310.733,2,-38.9746,1.7412,-1.3038
310.744,2,-38.9682,1.7424,-1.3027
310.755,2,-38.9619,1.7433,-1.3016
310.766,2,-38.9555,1.7442,-1.3005
310.777,2,-38.9492,1.7450,-1.2994
310.788,2,-38.9429,1.7456,-1.2984
310.799,2,-38.9368,1.7460,-1.2974
310.810,2,-38.9305,1.7464,-1.2964
310.822,2,-38.9244,1.7465,-1.2955
310.833,2,-38.9183,1.7467,-1.2946
310.844,2,-38.9121,1.7469,-1.2939
310.855,2,-38.9060,1.7474,-1.2932
310.866,2,-38.8997,1.7477,-1.2925
310.877,2,-38.8934,1.7480,-1.2920
310.889,2,-38.8871,1.7485,-1.2916
310.900,2,-38.8807,1.7489,-1.2912
310.911,2,-38.8744,1.7493,-1.2909
310.922,2,-38.8683,1.7496,-1.2906
310.933,2,-38.8621,1.7498,-1.2904
310.944,2,-38.8559,1.7498,-1.2902
310.955,2,-38.8498,1.7499,-1.2901
310.966,2,-38.8438,1.7499,-1.2899
310.978,2,-38.8377,1.7498,-1.2898
310.989,2,-38.8315,1.7497,-1.2898
311.000,2,-38.8255,1.7496,-1.2898
311.011,2,-38.8195,1.7493,-1.2899
311.022,2,-38.8134,1.7490,-1.2901
311.034,2,-38.8071,1.7487,-1.2903
311.044,2,-38.8008,1.7484,-1.2905
311.056,2,-38.7944,1.7481,-1.2909
311.067,2,-38.7879,1.7477,-1.2912
311.078,2,-38.7814,1.7474,-1.2916
311.089,2,-38.7748,1.7470,-1.2922
311.100,2,-38.7685,1.7466,-1.2927
311.111,2,-38.7618,1.7461,-1.2934
311.122,2,-38.7551,1.7454,-1.2940
311.133,2,-38.7484,1.7447,-1.2948
311.144,2,-38.7417,1.7440,-1.2957
311.155,2,-38.7351,1.7432,-1.2966
311.166,2,-38.7283,1.7423,-1.2976
311.178,2,-38.7216,1.7413,-1.2986
311.189,2,-38.7147,1.7404,-1.2997
311.200,2,-38.7078,1.7394,-1.3008
311.211,2,-38.7011,1.7386,-1.3021
311.222,2,-38.6942,1.7377,-1.3033
311.233,2,-38.6872,1.7369,-1.3048
311.244,2,-38.6803,1.7361,-1.3062
311.255,2,-38.6733,1.7356,-1.3078
311.266,2,-38.6664,1.7350,-1.3093
311.277,2,-38.6595,1.7345,-1.3109
311.289,2,-38.6525,1.7343,-1.3127
311.299,2,-38.6455,1.7341,-1.3145
311.311,2,-38.6384,1.7341,-1.3163
311.322,2,-38.6313,1.7345,-1.3182
311.333,2,-38.6242,1.7351,-1.3201
311.344,2,-38.6170,1.7357,-1.3221
311.356,2,-38.6100,1.7366,-1.3241
311.367,2,-38.6029,1.7376,-1.3261
311.377,2,-38.5959,1.7386,-1.3280
311.388,2,-38.5889,1.7397,-1.3300
311.400,2,-38.5819,1.7408,-1.3318
311.411,2,-38.5750,1.7423,-1.3336
311.422,2,-38.5680,1.7434,-1.3353
311.433,2,-38.5613,1.7444,-1.3370
311.444,2,-38.5545,1.7451,-1.3387
311.455,2,-38.5479,1.7457,-1.3402
311.466,2,-38.5414,1.7460,-1.3417
311.477,2,-38.5348,1.7464,-1.3431
311.488,2,-38.5285,1.7468,-1.3444
311.499,2,-38.5220,1.7473,-1.3456
311.510,2,-38.5157,1.7478,-1.3466
311.521,2,-38.5093,1.7484,-1.3477
311.532,2,-38.5029,1.7491,-1.3486
311.543,2,-38.4964,1.7498,-1.3495
311.554,2,-38.4899,1.7507,-1.3503
311.565,2,-38.4834,1.7516,-1.3510
311.577,2,-38.4770,1.7523,-1.3516
311.588,2,-38.4706,1.7530,-1.3521
311.599,2,-38.4642,1.7535,-1.3527
311.610,2,-38.4579,1.7540,-1.3531
311.621,2,-38.4515,1.7543,-1.3535
311.632,2,-38.4452,1.7547,-1.3539
311.644,2,-38.4386,1.7548,-1.3543
311.654,2,-38.4322,1.7549,-1.3546
311.666,2,-38.4259,1.7550,-1.3549
311.677,2,-38.4194,1.7549,-1.3552
311.688,2,-38.4130,1.7548,-1.3554
311.699,2,-38.4064,1.7546,-1.3556
311.710,2,-38.3999,1.7545,-1.3558
311.721,2,-38.3933,1.7542,-1.3559
311.733,2,-38.3866,1.7539,-1.3561
311.744,2,-38.3801,1.7535,-1.3562
311.755,2,-38.3734,1.7529,-1.3563
311.766,2,-38.3668,1.7524,-1.3564
311.777,2,-38.3602,1.7517,-1.3563
311.789,2,-38.3536,1.7509,-1.3563
311.801,2,-38.3469,1.7501,-1.3562
311.809,2,-38.3403,1.7493,-1.3561
311.821,2,-38.3336,1.7483,-1.3559
311.832,2,-38.3271,1.7473,-1.3556
311.843,2,-38.3204,1.7462,-1.3553
311.854,2,-38.3136,1.7451,-1.3549
311.865,2,-38.3070,1.7441,-1.3544
311.876,2,-38.3003,1.7430,-1.3538
311.887,2,-38.2936,1.7420,-1.3531
311.898,2,-38.2867,1.7410,-1.3524
311.910,2,-38.2796,1.7401,-1.3517
311.920,2,-38.2725,1.7393,-1.3508
311.932,2,-38.2653,1.7386,-1.3499
311.943,2,-38.2580,1.7381,-1.3490
311.954,2,-38.2508,1.7377,-1.3480
311.965,2,-38.2435,1.7375,-1.3470
311.976,2,-38.2360,1.7376,-1.3458
311.988,2,-38.2284,1.7380,-1.3448
311.998,2,-38.2209,1.7383,-1.3436
312.010,2,-38.2135,1.7390,-1.3426
312.021,2,-38.2060,1.7398,-1.3415
312.032,2,-38.1984,1.7410,-1.3404
312.043,2,-38.1911,1.7420,-1.3392
312.054,2,-38.1839,1.7429,-1.3382
312.065,2,-38.1767,1.7434,-1.3372
312.076,2,-38.1695,1.7439,-1.3362
312.087,2,-38.1625,1.7445,-1.3355
312.098,2,-38.1556,1.7447,-1.3346
312.109,2,-38.1494,1.7452,-1.3341
312.120,2,-38.1427,1.7454,-1.3334
312.131,2,-38.1363,1.7459,-1.3329
312.143,2,-38.1296,1.7464,-1.3324
312.153,2,-38.1229,1.7473,-1.3320
312.165,2,-38.1161,1.7483,-1.3316
312.176,2,-38.1092,1.7492,-1.3312
312.187,2,-38.1025,1.7499,-1.3310
312.199,2,-38.0956,1.7506,-1.3308
312.210,2,-38.0887,1.7514,-1.3307
312.221,2,-38.0819,1.7522,-1.3308
312.232,2,-38.0752,1.7530,-1.3307
312.244,2,-38.0685,1.7537,-1.3308
312.255,2,-38.0620,1.7540,-1.3308
312.266,2,-38.0554,1.7543,-1.3308
312.277,2,-38.0488,1.7544,-1.3309
312.288,2,-38.0421,1.7544,-1.3310
312.300,2,-38.0356,1.7543,-1.3312
312.311,2,-38.0289,1.7541,-1.3312
312.322,2,-38.0222,1.7539,-1.3314
312.333,2,-38.0156,1.7536,-1.3315
312.343,2,-38.0088,1.7532,-1.3317
312.355,2,-38.0021,1.7527,-1.3319
312.366,2,-37.9952,1.7522,-1.3322
312.377,2,-37.9884,1.7516,-1.3325
312.388,2,-37.9815,1.7509,-1.3329
312.399,2,-37.9747,1.7501,-1.3333
312.410,2,-37.9679,1.7492,-1.3338
312.421,2,-37.9611,1.7484,-1.3344
312.433,2,-37.9543,1.7474,-1.3351
312.443,2,-37.9478,1.7464,-1.3355
312.454,2,-37.9410,1.7453,-1.3362
312.465,2,-37.9342,1.7442,-1.3371
312.477,2,-37.9274,1.7431,-1.3380
312.488,2,-37.9205,1.7420,-1.3390
312.499,2,-37.9136,1.7410,-1.3401
312.510,2,-37.9067,1.7401,-1.3412
312.521,2,-37.8998,1.7393,-1.3424
312.532,2,-37.8929,1.7387,-1.3437
312.543,2,-37.8858,1.7381,-1.3450
312.554,2,-37.8787,1.7377,-1.3464
312.565,2,-37.8718,1.7372,-1.3479
312.576,2,-37.8646,1.7370,-1.3495
312.587,2,-37.8575,1.7369,-1.3510
312.598,2,-37.8501,1.7369,-1.3528
312.609,2,-37.8428,1.7372,-1.3545
312.621,2,-37.8355,1.7377,-1.3563
312.631,2,-37.8283,1.7382,-1.3582
312.643,2,-37.8209,1.7389,-1.3601
312.654,2,-37.8136,1.7400,-1.3619
312.665,2,-37.8062,1.7412,-1.3638
312.676,2,-37.7990,1.7425,-1.3654
312.687,2,-37.7919,1.7439,-1.3671
312.698,2,-37.7847,1.7454,-1.3687
312.710,2,-37.7778,1.7472,-1.3701
312.721,2,-37.7708,1.7487,-1.3716
312.732,2,-37.7640,1.7502,-1.3730
312.743,2,-37.7570,1.7515,-1.3744
312.754,2,-37.7501,1.7527,-1.3756
312.765,2,-37.7431,1.7536,-1.3770
312.776,2,-37.7363,1.7542,-1.3781
312.787,2,-37.7294,1.7548,-1.3792
312.798,2,-37.7225,1.7552,-1.3802
312.810,2,-37.7157,1.7555,-1.3811
312.821,2,-37.7087,1.7560,-1.3820
312.832,2,-37.7021,1.7563,-1.3824
312.843,2,-37.6952,1.7569,-1.3832
312.855,2,-37.6883,1.7572,-1.3837
312.866,2,-37.6813,1.7577,-1.3844
312.876,2,-37.6743,1.7581,-1.3849
312.888,2,-37.6674,1.7587,-1.3854
312.899,2,-37.6605,1.7591,-1.3858
312.910,2,-37.6535,1.7593,-1.3860
312.921,2,-37.6465,1.7594,-1.3863
312.932,2,-37.6396,1.7595,-1.3865
312.943,2,-37.6325,1.7595,-1.3866
312.954,2,-37.6255,1.7594,-1.3867
312.965,2,-37.6183,1.7592,-1.3867
312.976,2,-37.6112,1.7589,-1.3867
312.987,2,-37.6041,1.7586,-1.3867
312.998,2,-37.5969,1.7582,-1.3865
313.010,2,-37.5896,1.7577,-1.3864
313.021,2,-37.5823,1.7571,-1.3862
313.032,2,-37.5749,1.7563,-1.3861
313.043,2,-37.5676,1.7555,-1.3859
313.055,2,-37.5602,1.7546,-1.3857
313.066,2,-37.5530,1.7536,-1.3854
313.077,2,-37.5457,1.7524,-1.3852
313.088,2,-37.5384,1.7512,-1.3849
313.099,2,-37.5312,1.7498,-1.3846
313.111,2,-37.5241,1.7484,-1.3843
313.121,2,-37.5168,1.7470,-1.3839
313.132,2,-37.5096,1.7456,-1.3834
313.144,2,-37.5023,1.7443,-1.3830
313.155,2,-37.4951,1.7430,-1.3824
313.166,2,-37.4880,1.7418,-1.3818
313.177,2,-37.4808,1.7408,-1.3811
313.188,2,-37.4735,1.7399,-1.3804
313.199,2,-37.4662,1.7391,-1.3795
313.210,2,-37.4587,1.7385,-1.3786
313.221,2,-37.4513,1.7380,-1.3776
313.232,2,-37.4437,1.7376,-1.3766
313.243,2,-37.4360,1.7374,-1.3755
313.254,2,-37.4282,1.7375,-1.3744
313.265,2,-37.4205,1.7378,-1.3731
313.276,2,-37.4126,1.7381,-1.3718
313.288,2,-37.4047,1.7386,-1.3705
313.299,2,-37.3969,1.7391,-1.3692
313.310,2,-37.3890,1.7400,-1.3680
313.321,2,-37.3812,1.7411,-1.3667
313.332,2,-37.3734,1.7425,-1.3656
313.344,2,-37.3657,1.7436,-1.3645
313.355,2,-37.3582,1.7447,-1.3634
313.366,2,-37.3508,1.7455,-1.3624
313.377,2,-37.3434,1.7461,-1.3614
313.388,2,-37.3361,1.7465,-1.3604
313.399,2,-37.3292,1.7468,-1.3595
313.410,2,-37.3222,1.7471,-1.3586
313.421,2,-37.3153,1.7475,-1.3579
313.432,2,-37.3083,1.7482,-1.3572
313.444,2,-37.3013,1.7492,-1.3566
313.454,2,-37.2943,1.7502,-1.3560
313.464,2,-37.2878,1.7511,-1.3549
313.475,2,-37.2809,1.7521,-1.3546
313.486,2,-37.2740,1.7531,-1.3543
313.497,2,-37.2668,1.7543,-1.3541
313.508,2,-37.2598,1.7555,-1.3539
313.519,2,-37.2530,1.7564,-1.3534
313.531,2,-37.2460,1.7571,-1.3533
313.542,2,-37.2390,1.7577,-1.3532
313.553,2,-37.2322,1.7583,-1.3531
313.564,2,-37.2254,1.7585,-1.3531
313.575,2,-37.2187,1.7586,-1.3528
313.586,2,-37.2118,1.7585,-1.3528
313.597,2,-37.2052,1.7583,-1.3527
313.608,2,-37.1985,1.7580,-1.3527
313.619,2,-37.1917,1.7577,-1.3527
313.630,2,-37.1848,1.7573,-1.3527
313.642,2,-37.1778,1.7568,-1.3529
313.653,2,-37.1709,1.7562,-1.3530
313.664,2,-37.1639,1.7555,-1.3532
313.675,2,-37.1567,1.7547,-1.3535
313.686,2,-37.1496,1.7539,-1.3538
313.697,2,-37.1426,1.7529,-1.3542
313.708,2,-37.1355,1.7519,-1.3547
313.719,2,-37.1283,1.7507,-1.3552
313.731,2,-37.1212,1.7494,-1.3555
313.741,2,-37.1140,1.7481,-1.3561
313.753,2,-37.1070,1.7467,-1.3567
313.764,2,-37.0998,1.7454,-1.3574
313.775,2,-37.0927,1.7439,-1.3583
313.786,2,-37.0856,1.7427,-1.3592
313.797,2,-37.0784,1.7416,-1.3602
313.808,2,-37.0712,1.7404,-1.3614
313.820,2,-37.0640,1.7394,-1.3625
313.831,2,-37.0567,1.7386,-1.3639
313.842,2,-37.0492,1.7380,-1.3652
313.853,2,-37.0418,1.7375,-1.3666
313.864,2,-37.0342,1.7371,-1.3681
313.876,2,-37.0265,1.7368,-1.3697
313.886,2,-37.0187,1.7368,-1.3715
313.898,2,-37.0108,1.7372,-1.3733
313.909,2,-37.0030,1.7375,-1.3752
313.919,2,-36.9952,1.7380,-1.3771
313.931,2,-36.9874,1.7386,-1.3791
313.942,2,-36.9795,1.7395,-1.3811
313.953,2,-36.9717,1.7405,-1.3831
313.964,2,-36.9642,1.7416,-1.3851
313.975,2,-36.9568,1.7425,-1.3870
313.986,2,-36.9495,1.7435,-1.3889
313.998,2,-36.9421,1.7448,-1.3906
314.008,2,-36.9350,1.7463,-1.3923
314.020,2,-36.9281,1.7482,-1.3941
314.031,2,-36.9212,1.7498,-1.3958
314.042,2,-36.9145,1.7510,-1.3974
314.053,2,-36.9077,1.7521,-1.3989
314.064,2,-36.9009,1.7531,-1.4004
314.076,2,-36.8942,1.7539,-1.4019
314.086,2,-36.8875,1.7548,-1.4032
314.098,2,-36.8810,1.7556,-1.4043
314.109,2,-36.8744,1.7565,-1.4054
314.120,2,-36.8678,1.7573,-1.4063
314.131,2,-36.8612,1.7580,-1.4072
314.142,2,-36.8545,1.7587,-1.4080
314.154,2,-36.8479,1.7595,-1.4086
314.165,2,-36.8413,1.7605,-1.4091
314.176,2,-36.8348,1.7613,-1.4094
314.187,2,-36.8283,1.7620,-1.4099
314.198,2,-36.8218,1.7625,-1.4102
314.209,2,-36.8155,1.7628,-1.4104
314.221,2,-36.8092,1.7630,-1.4107
314.232,2,-36.8030,1.7632,-1.4109
314.243,2,-36.7967,1.7633,-1.4111
314.255,2,-36.7906,1.7633,-1.4111
314.265,2,-36.7844,1.7633,-1.4112
314.277,2,-36.7782,1.7632,-1.4112
314.288,2,-36.7720,1.7630,-1.4113
314.299,2,-36.7657,1.7629,-1.4112
314.311,2,-36.7595,1.7628,-1.4110
314.321,2,-36.7532,1.7626,-1.4108
314.331,2,-36.7470,1.7623,-1.4105
314.342,2,-36.7407,1.7618,-1.4103
314.354,2,-36.7344,1.7614,-1.4100
314.365,2,-36.7281,1.7608,-1.4096
314.376,2,-36.7218,1.7601,-1.4093
314.387,2,-36.7156,1.7594,-1.4090
314.398,2,-36.7093,1.7586,-1.4086
314.409,2,-36.7031,1.7578,-1.4082
314.420,2,-36.6969,1.7569,-1.4077
314.431,2,-36.6905,1.7559,-1.4072
314.442,2,-36.6842,1.7550,-1.4067
314.454,2,-36.6778,1.7542,-1.4062
314.465,2,-36.6716,1.7534,-1.4056
314.476,2,-36.6653,1.7527,-1.4050
314.487,2,-36.6588,1.7520,-1.4043
314.498,2,-36.6523,1.7515,-1.4036
314.509,2,-36.6457,1.7510,-1.4028
314.520,2,-36.6391,1.7506,-1.4019
314.531,2,-36.6324,1.7503,-1.4011
314.543,2,-36.6258,1.7499,-1.4002
314.554,2,-36.6191,1.7495,-1.3992
314.565,2,-36.6124,1.7492,-1.3983
314.576,2,-36.6057,1.7491,-1.3973
314.587,2,-36.5991,1.7490,-1.3963
314.598,2,-36.5925,1.7492,-1.3953
314.609,2,-36.5861,1.7494,-1.3939
314.620,2,-36.5795,1.7498,-1.3929
314.631,2,-36.5731,1.7505,-1.3918
314.642,2,-36.5664,1.7515,-1.3909
314.653,2,-36.5596,1.7529,-1.3899
314.664,2,-36.5530,1.7543,-1.3891
314.675,2,-36.5465,1.7554,-1.3882
314.687,2,-36.5401,1.7561,-1.3873
314.698,2,-36.5336,1.7565,-1.3866
314.709,2,-36.5272,1.7567,-1.3859
314.720,2,-36.5211,1.7568,-1.3852
314.732,2,-36.5149,1.7568,-1.3846
314.742,2,-36.5087,1.7569,-1.3842
314.753,2,-36.5025,1.7575,-1.3837
314.765,2,-36.4963,1.7583,-1.3833
314.776,2,-36.4901,1.7590,-1.3830
314.787,2,-36.4839,1.7598,-1.3828
314.799,2,-36.4775,1.7604,-1.3825
314.809,2,-36.4712,1.7611,-1.3823
314.821,2,-36.4647,1.7617,-1.3821
314.831,2,-36.4584,1.7625,-1.3819
314.843,2,-36.4522,1.7630,-1.3818
314.855,2,-36.4461,1.7633,-1.3816
314.865,2,-36.4400,1.7635,-1.3814
314.876,2,-36.4339,1.7636,-1.3813
314.887,2,-36.4280,1.7636,-1.3810
314.898,2,-36.4220,1.7635,-1.3808
314.909,2,-36.4161,1.7634,-1.3807
314.920,2,-36.4103,1.7632,-1.3805
314.932,2,-36.4044,1.7629,-1.3804
314.943,2,-36.3986,1.7627,-1.3803
314.954,2,-36.3927,1.7624,-1.3802
314.965,2,-36.3869,1.7621,-1.3802
314.976,2,-36.3810,1.7619,-1.3801
314.987,2,-36.3751,1.7617,-1.3801
314.998,2,-36.3692,1.7614,-1.3802
315.009,2,-36.3633,1.7612,-1.3803
315.020,2,-36.3573,1.7608,-1.3804
315.031,2,-36.3514,1.7604,-1.3806
315.043,2,-36.3454,1.7599,-1.3809
315.053,2,-36.3395,1.7592,-1.3811
315.065,2,-36.3335,1.7585,-1.3814
315.076,2,-36.3276,1.7577,-1.3817
315.087,2,-36.3216,1.7570,-1.3821
315.098,2,-36.3155,1.7563,-1.3825
315.109,2,-36.3095,1.7556,-1.3830
315.120,2,-36.3035,1.7549,-1.3836
315.132,2,-36.2973,1.7544,-1.3842
315.142,2,-36.2911,1.7539,-1.3850
315.154,2,-36.2849,1.7535,-1.3858
315.166,2,-36.2787,1.7530,-1.3867
315.177,2,-36.2725,1.7526,-1.3876
315.187,2,-36.2663,1.7521,-1.3886
315.199,2,-36.2600,1.7517,-1.3896
315.210,2,-36.2537,1.7513,-1.3907
315.221,2,-36.2474,1.7510,-1.3919
315.232,2,-36.2411,1.7509,-1.3931
315.243,2,-36.2348,1.7510,-1.3945
315.254,2,-36.2284,1.7511,-1.3958
315.265,2,-36.2222,1.7513,-1.3972
315.276,2,-36.2160,1.7514,-1.3986
315.287,2,-36.2098,1.7517,-1.4001
315.298,2,-36.2035,1.7523,-1.4015
315.309,2,-36.1973,1.7530,-1.4029
315.320,2,-36.1910,1.7537,-1.4043
315.331,2,-36.1847,1.7546,-1.4057
315.342,2,-36.1783,1.7557,-1.4072
315.353,2,-36.1719,1.7570,-1.4086
315.364,2,-36.1656,1.7585,-1.4099
315.375,2,-36.1592,1.7599,-1.4112
315.386,2,-36.1528,1.7612,-1.4125
315.398,2,-36.1465,1.7624,-1.4137
315.408,2,-36.1401,1.7634,-1.4150
315.420,2,-36.1339,1.7641,-1.4161
315.431,2,-36.1276,1.7646,-1.4172
315.442,2,-36.1214,1.7649,-1.4183
315.453,2,-36.1153,1.7651,-1.4193
315.464,2,-36.1092,1.7652,-1.4202
315.475,2,-36.1031,1.7652,-1.4212
315.487,2,-36.0971,1.7654,-1.4221
315.498,2,-36.0909,1.7654,-1.4230
315.509,2,-36.0850,1.7656,-1.4237
315.520,2,-36.0791,1.7658,-1.4244
315.531,2,-36.0731,1.7659,-1.4251
315.542,2,-36.0672,1.7660,-1.4258
315.554,2,-36.0614,1.7663,-1.4264
315.564,2,-36.0557,1.7667,-1.4269
315.576,2,-36.0501,1.7671,-1.4273
315.587,2,-36.0445,1.7675,-1.4278
315.598,2,-36.0390,1.7679,-1.4283
315.609,2,-36.0336,1.7681,-1.4287
315.620,2,-36.0282,1.7683,-1.4291
315.631,2,-36.0230,1.7684,-1.4294
315.642,2,-36.0177,1.7686,-1.4297
315.653,2,-36.0124,1.7687,-1.4300
315.664,2,-36.0075,1.7687,-1.4287
315.675,2,-36.0025,1.7688,-1.4284
315.686,2,-35.9973,1.7687,-1.4284
315.697,2,-35.9922,1.7685,-1.4286
315.709,2,-35.9871,1.7684,-1.4286
315.720,2,-35.9819,1.7684,-1.4287
315.731,2,-35.9768,1.7682,-1.4286
315.742,2,-35.9717,1.7681,-1.4287
315.753,2,-35.9666,1.7678,-1.4286
315.764,2,-35.9615,1.7674,-1.4286
315.775,2,-35.9566,1.7668,-1.4284
315.786,2,-35.9516,1.7661,-1.4285
315.797,2,-35.9467,1.7654,-1.4283
315.808,2,-35.9418,1.7646,-1.4280
315.820,2,-35.9371,1.7640,-1.4277
315.831,2,-35.9325,1.7632,-1.4274
315.842,2,-35.9280,1.7625,-1.4271
315.853,2,-35.9234,1.7618,-1.4266
315.864,2,-35.9188,1.7613,-1.4262
315.875,2,-35.9142,1.7609,-1.4256
315.886,2,-35.9097,1.7606,-1.4251
315.897,2,-35.9051,1.7602,-1.4246
315.908,2,-35.9006,1.7596,-1.4239
315.919,2,-35.8962,1.7591,-1.4231
315.931,2,-35.8916,1.7587,-1.4223
315.941,2,-35.8872,1.7584,-1.4215
315.953,2,-35.8828,1.7581,-1.4207
315.964,2,-35.8784,1.7577,-1.4199
315.975,2,-35.8741,1.7576,-1.4190
315.986,2,-35.8697,1.7578,-1.4182
315.997,2,-35.8653,1.7583,-1.4174
316.009,2,-35.8608,1.7595,-1.4167
316.020,2,-35.8564,1.7607,-1.4160
316.031,2,-35.8521,1.7617,-1.4153
316.042,2,-35.8480,1.7626,-1.4146
316.053,2,-35.8439,1.7632,-1.4139
316.064,2,-35.8398,1.7638,-1.4132
316.075,2,-35.8357,1.7644,-1.4126
316.087,2,-35.8318,1.7649,-1.4120
316.097,2,-35.8278,1.7651,-1.4114
316.109,2,-35.8240,1.7650,-1.4108
316.120,2,-35.8202,1.7648,-1.4103
316.131,2,-35.8164,1.7645,-1.4098
316.142,2,-35.8125,1.7643,-1.4095
316.153,2,-35.8086,1.7641,-1.4091
316.164,2,-35.8046,1.7640,-1.4088
316.175,2,-35.8005,1.7640,-1.4085
316.186,2,-35.7965,1.7640,-1.4084
316.197,2,-35.7924,1.7641,-1.4082
316.208,2,-35.7884,1.7640,-1.4081
316.219,2,-35.7843,1.7640,-1.4080
316.230,2,-35.7802,1.7643,-1.4080
316.241,2,-35.7761,1.7647,-1.4080
316.252,2,-35.7720,1.7652,-1.4079
316.264,2,-35.7679,1.7656,-1.4080
316.275,2,-35.7638,1.7658,-1.4080
316.286,2,-35.7599,1.7660,-1.4081
316.297,2,-35.7558,1.7662,-1.4081
316.308,2,-35.7518,1.7664,-1.4080
316.319,2,-35.7477,1.7666,-1.4081
316.330,2,-35.7437,1.7668,-1.4080
316.342,2,-35.7396,1.7669,-1.4081
316.353,2,-35.7355,1.7671,-1.4081
316.364,2,-35.7313,1.7673,-1.4083
316.375,2,-35.7270,1.7674,-1.4084
316.386,2,-35.7227,1.7676,-1.4086
316.397,2,-35.7184,1.7677,-1.4089
316.408,2,-35.7140,1.7677,-1.4091
316.420,2,-35.7096,1.7677,-1.4094
316.431,2,-35.7052,1.7676,-1.4097
316.442,2,-35.7009,1.7674,-1.4101
316.453,2,-35.6965,1.7672,-1.4104
316.464,2,-35.6922,1.7669,-1.4110
316.475,2,-35.6879,1.7665,-1.4115
316.486,2,-35.6836,1.7660,-1.4121
316.498,2,-35.6794,1.7654,-1.4128
316.508,2,-35.6752,1.7649,-1.4134
316.519,2,-35.6711,1.7643,-1.4142
316.531,2,-35.6670,1.7637,-1.4148
316.542,2,-35.6630,1.7631,-1.4156
316.553,2,-35.6590,1.7625,-1.4164
316.564,2,-35.6550,1.7620,-1.4172
316.575,2,-35.6512,1.7617,-1.4182
316.587,2,-35.6474,1.7614,-1.4192
316.597,2,-35.6437,1.7610,-1.4202
316.608,2,-35.6399,1.7608,-1.4214
316.620,2,-35.6360,1.7610,-1.4226
316.631,2,-35.6322,1.7614,-1.4237
316.642,2,-35.6284,1.7619,-1.4249
316.653,2,-35.6246,1.7623,-1.4262
316.664,2,-35.6209,1.7626,-1.4276
316.675,2,-35.6172,1.7629,-1.4289
316.686,2,-35.6135,1.7633,-1.4303
316.697,2,-35.6099,1.7638,-1.4317
316.708,2,-35.6063,1.7644,-1.4330
316.719,2,-35.6028,1.7650,-1.4344
316.731,2,-35.5993,1.7656,-1.4359
316.742,2,-35.5959,1.7661,-1.4374
316.753,2,-35.5925,1.7666,-1.4389
316.764,2,-35.5891,1.7672,-1.4404
316.774,2,-35.5856,1.7677,-1.4418
316.786,2,-35.5821,1.7683,-1.4434
316.797,2,-35.5787,1.7688,-1.4448
316.808,2,-35.5753,1.7691,-1.4464
316.819,2,-35.5719,1.7694,-1.4478
316.830,2,-35.5686,1.7695,-1.4493
316.841,2,-35.5652,1.7696,-1.4507
316.853,2,-35.5619,1.7695,-1.4520
316.864,2,-35.5585,1.7694,-1.4535
316.875,2,-35.5553,1.7691,-1.4547
316.886,2,-35.5521,1.7688,-1.4561
316.897,2,-35.5489,1.7684,-1.4573
316.908,2,-35.5459,1.7677,-1.4586
316.920,2,-35.5428,1.7671,-1.4596
316.931,2,-35.5397,1.7666,-1.4606
316.943,2,-35.5366,1.7661,-1.4617
316.954,2,-35.5336,1.7657,-1.4625
316.966,2,-35.5305,1.7652,-1.4635
316.977,2,-35.5276,1.7648,-1.4642
316.989,2,-35.5246,1.7647,-1.4650
317.001,2,-35.5217,1.7647,-1.4656
317.013,2,-35.5187,1.7648,-1.4662
317.024,2,-35.5157,1.7651,-1.4668
317.036,2,-35.5127,1.7654,-1.4672
317.047,2,-35.5098,1.7658,-1.4676
317.059,2,-35.5069,1.7661,-1.4680
317.070,2,-35.5041,1.7665,-1.4682
317.082,2,-35.5013,1.7669,-1.4685
317.093,2,-35.4985,1.7673,-1.4687
317.105,2,-35.4957,1.7676,-1.4673
317.116,2,-35.4930,1.7679,-1.4670
317.128,2,-35.4903,1.7682,-1.4671
317.139,2,-35.4876,1.7684,-1.4670
317.150,2,-35.4848,1.7686,-1.4669
317.162,2,-35.4821,1.7689,-1.4667
317.173,2,-35.4794,1.7691,-1.4665
317.184,2,-35.4768,1.7692,-1.4660
317.196,2,-35.4742,1.7693,-1.4657
317.207,2,-35.4717,1.7692,-1.4654
317.218,2,-35.4693,1.7691,-1.4651
317.229,2,-35.4669,1.7689,-1.4646
317.241,2,-35.4646,1.7686,-1.4643
317.252,2,-35.4623,1.7684,-1.4639
317.263,2,-35.4601,1.7681,-1.4635
317.275,2,-35.4580,1.7678,-1.4630
317.286,2,-35.4559,1.7675,-1.4625
317.297,2,-35.4538,1.7672,-1.4619
317.307,2,-35.4518,1.7670,-1.4613
317.319,2,-35.4496,1.7667,-1.4609
317.330,2,-35.4475,1.7665,-1.4603
317.341,2,-35.4454,1.7664,-1.4596
317.353,2,-35.4432,1.7664,-1.4588
317.364,2,-35.4412,1.7662,-1.4583
317.376,2,-35.4392,1.7661,-1.4574
317.387,2,-35.4371,1.7662,-1.4567
317.399,2,-35.4352,1.7663,-1.4559
317.410,2,-35.4333,1.7665,-1.4551
317.422,2,-35.4314,1.7665,-1.4545
317.434,2,-35.4296,1.7666,-1.4537
317.445,2,-35.4278,1.7666,-1.4530
317.457,2,-35.4260,1.7665,-1.4522
317.469,2,-35.4242,1.7665,-1.4517
317.480,2,-35.4224,1.7666,-1.4510
317.492,2,-35.4207,1.7667,-1.4504
317.503,2,-35.4189,1.7668,-1.4498
317.515,2,-35.4171,1.7669,-1.4492
317.526,2,-35.4155,1.7670,-1.4490
317.538,2,-35.4139,1.7670,-1.4486
317.550,2,-35.4123,1.7669,-1.4482
317.561,2,-35.4107,1.7667,-1.4479
317.573,2,-35.4092,1.7667,-1.4477
317.584,2,-35.4078,1.7667,-1.4475
317.595,2,-35.4065,1.7666,-1.4474
317.606,2,-35.4051,1.7667,-1.4474
317.617,2,-35.4038,1.7669,-1.4474
317.629,2,-35.4025,1.7671,-1.4473
317.640,2,-35.4013,1.7674,-1.4474
317.651,2,-35.3999,1.7677,-1.4474
317.662,2,-35.3987,1.7680,-1.4476
317.673,2,-35.3975,1.7682,-1.4477
317.685,2,-35.3964,1.7684,-1.4478
317.696,2,-35.3954,1.7684,-1.4479
317.707,2,-35.3944,1.7685,-1.4480
317.718,2,-35.3935,1.7684,-1.4481
317.729,2,-35.3926,1.7682,-1.4482
317.741,2,-35.3919,1.7679,-1.4484
317.751,2,-35.3912,1.7676,-1.4485
317.763,2,-35.3906,1.7671,-1.4486
317.773,2,-35.3899,1.7669,-1.4488
317.785,2,-35.3894,1.7667,-1.4490
317.796,2,-35.3888,1.7666,-1.4491
317.807,2,-35.3883,1.7666,-1.4494
317.818,2,-35.3879,1.7667,-1.4498
317.829,2,-35.3874,1.7668,-1.4500
317.840,2,-35.3870,1.7670,-1.4503
317.851,2,-35.3866,1.7673,-1.4506
317.864,2,-35.3862,1.7676,-1.4511
317.875,2,-35.3858,1.7678,-1.4515
317.886,2,-35.3855,1.7679,-1.4519
317.896,2,-35.3852,1.7680,-1.4522
317.907,2,-35.3850,1.7680,-1.4528
317.918,2,-35.3848,1.7681,-1.4533
317.929,2,-35.3845,1.7682,-1.4537
317.940,2,-35.3843,1.7681,-1.4541
317.952,2,-35.3841,1.7682,-1.4545
317.963,2,-35.3839,1.7683,-1.4549
317.973,2,-35.3836,1.7685,-1.4553
317.985,2,-35.3834,1.7687,-1.4556
317.996,2,-35.3831,1.7689,-1.4560
318.007,2,-35.3829,1.7691,-1.4567
318.018,2,-35.3826,1.7693,-1.4571
318.030,2,-35.3823,1.7696,-1.4575
318.042,2,-35.3821,1.7697,-1.4580
318.053,2,-35.3818,1.7698,-1.4583
318.065,2,-35.3817,1.7699,-1.4587
318.077,2,-35.3815,1.7700,-1.4592
318.088,2,-35.3813,1.7702,-1.4594
318.100,2,-35.3812,1.7703,-1.4598
318.111,2,-35.3811,1.7704,-1.4600
318.123,2,-35.3809,1.7705,-1.4603
318.134,2,-35.3807,1.7706,-1.4606
318.146,2,-35.3805,1.7706,-1.4608
318.158,2,-35.3803,1.7707,-1.4611
318.170,2,-35.3801,1.7707,-1.4613
318.181,2,-35.3800,1.7707,-1.4615
318.193,2,-35.3799,1.7706,-1.4617
318.204,2,-35.3798,1.7705,-1.4618

# --- Trial 3 start ---
332.612,3,-39.4713,1.7481,-1.4218
332.627,3,-39.4705,1.7477,-1.4232
332.634,3,-39.4698,1.7472,-1.4246
332.642,3,-39.4690,1.7468,-1.4260
332.653,3,-39.4681,1.7463,-1.4275
332.664,3,-39.4671,1.7458,-1.4290
332.675,3,-39.4662,1.7452,-1.4305
332.690,3,-39.4651,1.7445,-1.4321
332.704,3,-39.4641,1.7438,-1.4337
332.712,3,-39.4630,1.7431,-1.4353
332.727,3,-39.4618,1.7423,-1.4370
332.745,3,-39.4606,1.7413,-1.4386
332.753,3,-39.4586,1.7397,-1.4418
332.761,3,-39.4574,1.7386,-1.4435
332.775,3,-39.4561,1.7372,-1.4451
332.786,3,-39.4549,1.7359,-1.4467
332.797,3,-39.4537,1.7344,-1.4484
332.808,3,-39.4525,1.7327,-1.4500
332.819,3,-39.4513,1.7310,-1.4516
332.831,3,-39.4502,1.7293,-1.4532
332.842,3,-39.4489,1.7274,-1.4549
332.853,3,-39.4477,1.7256,-1.4565
332.864,3,-39.4465,1.7235,-1.4581
332.875,3,-39.4454,1.7214,-1.4596
332.886,3,-39.4442,1.7193,-1.4612
332.897,3,-39.4429,1.7172,-1.4628
332.908,3,-39.4418,1.7150,-1.4643
332.919,3,-39.4406,1.7127,-1.4659
332.930,3,-39.4394,1.7106,-1.4675
332.941,3,-39.4383,1.7085,-1.4691
332.952,3,-39.4374,1.7063,-1.4707
332.964,3,-39.4363,1.7042,-1.4723
332.975,3,-39.4353,1.7021,-1.4738
332.986,3,-39.4342,1.7001,-1.4753
332.997,3,-39.4332,1.6982,-1.4769
333.008,3,-39.4325,1.6963,-1.4784
333.019,3,-39.4316,1.6945,-1.4800
333.031,3,-39.4310,1.6930,-1.4815
333.042,3,-39.4304,1.6915,-1.4831
333.053,3,-39.4299,1.6900,-1.4847
333.064,3,-39.4294,1.6886,-1.4862
333.076,3,-39.4291,1.6874,-1.4878
333.087,3,-39.4288,1.6863,-1.4893
333.098,3,-39.4284,1.6852,-1.4909
333.109,3,-39.4279,1.6844,-1.4924
333.120,3,-39.4276,1.6836,-1.4939
333.131,3,-39.4274,1.6828,-1.4953
333.143,3,-39.4272,1.6822,-1.4967
333.154,3,-39.4272,1.6817,-1.4980
333.165,3,-39.4272,1.6813,-1.4991
333.176,3,-39.4272,1.6810,-1.5002
333.187,3,-39.4270,1.6808,-1.5013
333.199,3,-39.4271,1.6807,-1.5023
333.210,3,-39.4272,1.6806,-1.5032
333.221,3,-39.4273,1.6807,-1.5040
333.232,3,-39.4276,1.6808,-1.5048
333.243,3,-39.4279,1.6810,-1.5055
333.254,3,-39.4282,1.6815,-1.5060
333.265,3,-39.4285,1.6822,-1.5065
333.277,3,-39.4288,1.6829,-1.5069
333.288,3,-39.4293,1.6838,-1.5072
333.299,3,-39.4299,1.6850,-1.5074
333.311,3,-39.4304,1.6865,-1.5075
333.322,3,-39.4310,1.6881,-1.5074
333.333,3,-39.4317,1.6901,-1.5073
333.345,3,-39.4323,1.6920,-1.5071
333.356,3,-39.4330,1.6942,-1.5066
333.367,3,-39.4338,1.6966,-1.5062
333.379,3,-39.4345,1.6993,-1.5057
333.389,3,-39.4352,1.7021,-1.5051
333.400,3,-39.4359,1.7050,-1.5044
333.411,3,-39.4367,1.7081,-1.5036
333.423,3,-39.4374,1.7112,-1.5027
333.434,3,-39.4381,1.7142,-1.5018
333.445,3,-39.4388,1.7172,-1.5008
333.456,3,-39.4394,1.7202,-1.4998
333.467,3,-39.4402,1.7231,-1.4987
333.478,3,-39.4410,1.7259,-1.4975
333.489,3,-39.4420,1.7285,-1.4963
333.500,3,-39.4429,1.7311,-1.4949
333.512,3,-39.4438,1.7336,-1.4935
333.522,3,-39.4447,1.7361,-1.4921
333.533,3,-39.4457,1.7384,-1.4905
333.545,3,-39.4467,1.7405,-1.4889
333.556,3,-39.4475,1.7425,-1.4873
333.567,3,-39.4484,1.7443,-1.4855
333.578,3,-39.4493,1.7458,-1.4838
333.589,3,-39.4502,1.7472,-1.4821
333.600,3,-39.4510,1.7484,-1.4803
333.611,3,-39.4518,1.7496,-1.4786
333.622,3,-39.4525,1.7504,-1.4768
333.633,3,-39.4532,1.7511,-1.4750
333.644,3,-39.4538,1.7517,-1.4733
333.655,3,-39.4544,1.7521,-1.4715
333.666,3,-39.4549,1.7523,-1.4698
333.677,3,-39.4553,1.7525,-1.4680
333.688,3,-39.4557,1.7529,-1.4663
333.700,3,-39.4559,1.7531,-1.4646
333.711,3,-39.4560,1.7533,-1.4629
333.722,3,-39.4561,1.7535,-1.4612
333.733,3,-39.4562,1.7536,-1.4594
333.744,3,-39.4563,1.7538,-1.4577
333.755,3,-39.4563,1.7540,-1.4560
333.766,3,-39.4561,1.7542,-1.4544
333.777,3,-39.4560,1.7544,-1.4526
333.789,3,-39.4557,1.7546,-1.4509
333.800,3,-39.4554,1.7548,-1.4492
333.811,3,-39.4552,1.7550,-1.4474
333.822,3,-39.4547,1.7552,-1.4457
333.833,3,-39.4542,1.7553,-1.4439
333.843,3,-39.4537,1.7554,-1.4422
333.855,3,-39.4531,1.7555,-1.4405
333.866,3,-39.4524,1.7555,-1.4387
333.877,3,-39.4515,1.7556,-1.4370
333.888,3,-39.4505,1.7556,-1.4353
333.899,3,-39.4494,1.7556,-1.4334
333.910,3,-39.4482,1.7555,-1.4316
333.922,3,-39.4469,1.7555,-1.4297
333.933,3,-39.4456,1.7554,-1.4278
333.944,3,-39.4442,1.7552,-1.4258
333.955,3,-39.4427,1.7550,-1.4239
333.966,3,-39.4412,1.7549,-1.4220
333.978,3,-39.4395,1.7546,-1.4199
333.989,3,-39.4378,1.7543,-1.4177
334.001,3,-39.4361,1.7540,-1.4156
334.012,3,-39.4343,1.7536,-1.4134
334.024,3,-39.4324,1.7534,-1.4111
334.036,3,-39.4304,1.7533,-1.4088
334.047,3,-39.4283,1.7532,-1.4066
334.059,3,-39.4261,1.7533,-1.4043
334.071,3,-39.4238,1.7534,-1.4019
334.083,3,-39.4213,1.7537,-1.3996
334.092,3,-39.4188,1.7541,-1.3972
334.104,3,-39.4161,1.7545,-1.3949
334.116,3,-39.4134,1.7546,-1.3925
334.127,3,-39.4107,1.7545,-1.3901
334.139,3,-39.4080,1.7544,-1.3878
334.150,3,-39.4052,1.7542,-1.3854
334.162,3,-39.4024,1.7540,-1.3831
334.174,3,-39.3997,1.7535,-1.3808
334.185,3,-39.3970,1.7530,-1.3786
334.196,3,-39.3943,1.7524,-1.3764
334.208,3,-39.3916,1.7518,-1.3743
334.219,3,-39.3887,1.7512,-1.3723
334.230,3,-39.3858,1.7509,-1.3704
334.242,3,-39.3828,1.7506,-1.3685
334.253,3,-39.3798,1.7503,-1.3667
334.264,3,-39.3767,1.7502,-1.3649
334.275,3,-39.3736,1.7500,-1.3633
334.286,3,-39.3705,1.7500,-1.3618
334.298,3,-39.3674,1.7500,-1.3603
334.310,3,-39.3642,1.7499,-1.3589
334.320,3,-39.3610,1.7499,-1.3577
334.332,3,-39.3579,1.7498,-1.3564
334.343,3,-39.3547,1.7498,-1.3553
334.354,3,-39.3514,1.7498,-1.3542
334.365,3,-39.3481,1.7498,-1.3533
334.376,3,-39.3448,1.7499,-1.3524
334.387,3,-39.3414,1.7500,-1.3515
334.398,3,-39.3380,1.7502,-1.3508
334.409,3,-39.3347,1.7504,-1.3501
334.420,3,-39.3313,1.7508,-1.3493
334.431,3,-39.3278,1.7511,-1.3487
334.442,3,-39.3242,1.7512,-1.3481
334.453,3,-39.3206,1.7514,-1.3477
334.464,3,-39.3171,1.7517,-1.3472
334.476,3,-39.3133,1.7519,-1.3469
334.487,3,-39.3096,1.7519,-1.3465
334.499,3,-39.3058,1.7519,-1.3463
334.510,3,-39.3019,1.7518,-1.3461
334.522,3,-39.2980,1.7517,-1.3459
334.533,3,-39.2940,1.7515,-1.3459
334.544,3,-39.2901,1.7513,-1.3458
334.555,3,-39.2861,1.7511,-1.3459
334.566,3,-39.2819,1.7507,-1.3460
334.576,3,-39.2777,1.7504,-1.3462
334.588,3,-39.2734,1.7500,-1.3466
334.598,3,-39.2691,1.7496,-1.3470
334.609,3,-39.2648,1.7492,-1.3474
334.621,3,-39.2604,1.7488,-1.3479
334.631,3,-39.2560,1.7484,-1.3482
334.642,3,-39.2515,1.7480,-1.3487
334.654,3,-39.2470,1.7477,-1.3491
334.665,3,-39.2423,1.7475,-1.3496
334.676,3,-39.2375,1.7472,-1.3499
334.687,3,-39.2328,1.7469,-1.3504
334.699,3,-39.2280,1.7466,-1.3509
334.710,3,-39.2232,1.7464,-1.3515
334.721,3,-39.2184,1.7462,-1.3521
334.733,3,-39.2136,1.7460,-1.3528
334.743,3,-39.2088,1.7458,-1.3535
334.754,3,-39.2039,1.7456,-1.3544
334.766,3,-39.1990,1.7453,-1.3554
334.776,3,-39.1943,1.7451,-1.3563
334.788,3,-39.1896,1.7447,-1.3574
334.798,3,-39.1848,1.7445,-1.3585
334.810,3,-39.1800,1.7443,-1.3596
334.821,3,-39.1753,1.7443,-1.3608
334.832,3,-39.1705,1.7444,-1.3621
334.843,3,-39.1659,1.7447,-1.3633
334.854,3,-39.1611,1.7453,-1.3646
334.865,3,-39.1564,1.7460,-1.3658
334.876,3,-39.1514,1.7471,-1.3672
334.887,3,-39.1465,1.7483,-1.3685
334.898,3,-39.1416,1.7494,-1.3698
334.909,3,-39.1367,1.7503,-1.3711
334.920,3,-39.1319,1.7510,-1.3724
334.932,3,-39.1271,1.7516,-1.3737
334.943,3,-39.1224,1.7521,-1.3749
334.954,3,-39.1178,1.7525,-1.3760
334.965,3,-39.1131,1.7526,-1.3770
334.976,3,-39.1087,1.7525,-1.3780
334.987,3,-39.1041,1.7523,-1.3790
334.998,3,-39.0996,1.7520,-1.3799
335.009,3,-39.0951,1.7518,-1.3808
335.020,3,-39.0905,1.7518,-1.3815
335.031,3,-39.0858,1.7520,-1.3823
335.042,3,-39.0811,1.7523,-1.3829
335.054,3,-39.0763,1.7525,-1.3836
335.065,3,-39.0716,1.7527,-1.3841
335.076,3,-39.0668,1.7528,-1.3846
335.087,3,-39.0619,1.7532,-1.3850
335.098,3,-39.0570,1.7537,-1.3855
335.109,3,-39.0521,1.7542,-1.3858
335.121,3,-39.0471,1.7548,-1.3860
335.132,3,-39.0422,1.7552,-1.3862
335.143,3,-39.0373,1.7556,-1.3864
335.154,3,-39.0323,1.7559,-1.3865
335.165,3,-39.0273,1.7561,-1.3867
335.176,3,-39.0221,1.7563,-1.3867
335.188,3,-39.0171,1.7564,-1.3867
335.200,3,-39.0120,1.7565,-1.3867
335.210,3,-39.0066,1.7564,-1.3867
335.221,3,-39.0011,1.7564,-1.3867
335.232,3,-38.9957,1.7563,-1.3867
335.243,3,-38.9902,1.7561,-1.3866
335.254,3,-38.9846,1.7558,-1.3864
335.265,3,-38.9788,1.7553,-1.3863
335.276,3,-38.9732,1.7549,-1.3861
335.288,3,-38.9675,1.7543,-1.3859
335.298,3,-38.9618,1.7537,-1.3856
335.309,3,-38.9558,1.7531,-1.3853
335.321,3,-38.9499,1.7523,-1.3849
335.332,3,-38.9440,1.7515,-1.3845
335.343,3,-38.9382,1.7506,-1.3841
335.354,3,-38.9323,1.7497,-1.3836
335.364,3,-38.9263,1.7486,-1.3831
335.376,3,-38.9204,1.7476,-1.3825
335.387,3,-38.9145,1.7465,-1.3818
335.399,3,-38.9085,1.7455,-1.3811
335.409,3,-38.9026,1.7446,-1.3804
335.421,3,-38.8966,1.7437,-1.3795
335.432,3,-38.8905,1.7429,-1.3786
335.443,3,-38.8845,1.7421,-1.3776
335.454,3,-38.8785,1.7414,-1.3766
335.465,3,-38.8722,1.7407,-1.3756
335.476,3,-38.8658,1.7403,-1.3745
335.488,3,-38.8595,1.7402,-1.3733
335.499,3,-38.8531,1.7402,-1.3721
335.510,3,-38.8467,1.7406,-1.3709
335.521,3,-38.8401,1.7411,-1.3698
335.532,3,-38.8335,1.7417,-1.3685
335.543,3,-38.8267,1.7423,-1.3673
335.554,3,-38.8199,1.7433,-1.3660
335.565,3,-38.8130,1.7445,-1.3647
335.577,3,-38.8060,1.7458,-1.3634
335.587,3,-38.7991,1.7469,-1.3622
335.598,3,-38.7922,1.7479,-1.3609
335.609,3,-38.7851,1.7488,-1.3597
335.620,3,-38.7781,1.7496,-1.3586
335.631,3,-38.7712,1.7503,-1.3575
335.643,3,-38.7644,1.7508,-1.3563
335.653,3,-38.7576,1.7511,-1.3553
335.665,3,-38.7509,1.7514,-1.3543
335.676,3,-38.7444,1.7513,-1.3534
335.687,3,-38.7376,1.7514,-1.3526
335.699,3,-38.7309,1.7513,-1.3519
335.709,3,-38.7243,1.7513,-1.3512
335.720,3,-38.7175,1.7514,-1.3506
335.731,3,-38.7108,1.7516,-1.3502
335.742,3,-38.7040,1.7517,-1.3497
335.754,3,-38.6970,1.7518,-1.3493
335.765,3,-38.6902,1.7520,-1.3491
335.776,3,-38.6834,1.7522,-1.3488
335.787,3,-38.6765,1.7523,-1.3487
335.799,3,-38.6700,1.7524,-1.3485
335.809,3,-38.6636,1.7523,-1.3484
335.821,3,-38.6570,1.7522,-1.3484
335.832,3,-38.6506,1.7521,-1.3485
335.843,3,-38.6441,1.7519,-1.3486
335.855,3,-38.6378,1.7516,-1.3487
335.865,3,-38.6314,1.7514,-1.3488
335.877,3,-38.6251,1.7511,-1.3491
335.888,3,-38.6187,1.7507,-1.3494
335.899,3,-38.6122,1.7502,-1.3498
335.910,3,-38.6058,1.7498,-1.3502
335.921,3,-38.5993,1.7493,-1.3507
335.932,3,-38.5927,1.7489,-1.3512
335.943,3,-38.5861,1.7483,-1.3518
335.954,3,-38.5795,1.7478,-1.3524
335.965,3,-38.5729,1.7473,-1.3531
335.976,3,-38.5661,1.7466,-1.3538
335.988,3,-38.5593,1.7460,-1.3546
335.998,3,-38.5525,1.7453,-1.3554
336.010,3,-38.5457,1.7444,-1.3562
336.021,3,-38.5387,1.7435,-1.3571
336.032,3,-38.5317,1.7424,-1.3581
336.043,3,-38.5249,1.7414,-1.3590
336.054,3,-38.5179,1.7403,-1.3601
336.065,3,-38.5109,1.7392,-1.3613
336.077,3,-38.5038,1.7383,-1.3625
336.088,3,-38.4968,1.7373,-1.3638
336.100,3,-38.4897,1.7364,-1.3651
336.110,3,-38.4826,1.7356,-1.3667
336.120,3,-38.4754,1.7349,-1.3682
336.132,3,-38.4682,1.7342,-1.3700
336.143,3,-38.4611,1.7334,-1.3717
336.154,3,-38.4538,1.7328,-1.3737
336.165,3,-38.4464,1.7325,-1.3756
336.176,3,-38.4392,1.7327,-1.3776
336.187,3,-38.4319,1.7330,-1.3798
336.198,3,-38.4248,1.7334,-1.3820
336.209,3,-38.4176,1.7337,-1.3843
336.220,3,-38.4105,1.7344,-1.3865
336.231,3,-38.4034,1.7356,-1.3887
336.242,3,-38.3963,1.7368,-1.3910
336.253,3,-38.3892,1.7382,-1.3931
336.264,3,-38.3819,1.7398,-1.3953
336.276,3,-38.3747,1.7414,-1.3974
336.287,3,-38.3675,1.7429,-1.3995
336.298,3,-38.3604,1.7441,-1.4015
336.309,3,-38.3534,1.7449,-1.4034
336.320,3,-38.3465,1.7455,-1.4051
336.331,3,-38.3396,1.7461,-1.4069
336.342,3,-38.3328,1.7466,-1.4084
336.353,3,-38.3262,1.7471,-1.4097
336.365,3,-38.3196,1.7475,-1.4108
336.376,3,-38.3131,1.7480,-1.4119
336.387,3,-38.3065,1.7485,-1.4129
336.398,3,-38.2998,1.7491,-1.4138
336.409,3,-38.2931,1.7500,-1.4145
336.420,3,-38.2864,1.7510,-1.4151
336.431,3,-38.2797,1.7520,-1.4156
336.442,3,-38.2730,1.7530,-1.4160
336.454,3,-38.2664,1.7538,-1.4164
336.464,3,-38.2598,1.7545,-1.4167
336.476,3,-38.2533,1.7551,-1.4168
336.487,3,-38.2468,1.7555,-1.4170
336.499,3,-38.2401,1.7558,-1.4171
336.510,3,-38.2334,1.7559,-1.4172
336.521,3,-38.2267,1.7559,-1.4174
336.532,3,-38.2199,1.7559,-1.4174
336.544,3,-38.2132,1.7558,-1.4175
336.555,3,-38.2062,1.7556,-1.4175
336.566,3,-38.1993,1.7552,-1.4175
336.577,3,-38.1923,1.7548,-1.4173
336.588,3,-38.1853,1.7543,-1.4173
336.600,3,-38.1782,1.7537,-1.4171
336.611,3,-38.1711,1.7529,-1.4169
336.621,3,-38.1640,1.7521,-1.4167
336.633,3,-38.1567,1.7513,-1.4164
336.644,3,-38.1495,1.7504,-1.4161
336.654,3,-38.1424,1.7494,-1.4158
336.666,3,-38.1352,1.7482,-1.4153
336.677,3,-38.1280,1.7470,-1.4149
336.688,3,-38.1207,1.7457,-1.4144
336.699,3,-38.1134,1.7443,-1.4138
336.710,3,-38.1062,1.7431,-1.4133
336.722,3,-38.0990,1.7418,-1.4126
336.733,3,-38.0918,1.7406,-1.4118
336.743,3,-38.0845,1.7395,-1.4111
336.754,3,-38.0772,1.7386,-1.4103
336.765,3,-38.0699,1.7377,-1.4093
336.776,3,-38.0624,1.7370,-1.4083
336.788,3,-38.0549,1.7365,-1.4072
336.799,3,-38.0472,1.7362,-1.4061
336.810,3,-38.0396,1.7361,-1.4048
336.822,3,-38.0318,1.7361,-1.4035
336.832,3,-38.0239,1.7364,-1.4022
336.844,3,-38.0160,1.7374,-1.4007
336.854,3,-38.0083,1.7382,-1.3994
336.865,3,-38.0005,1.7393,-1.3980
336.877,3,-37.9926,1.7406,-1.3967
336.888,3,-37.9848,1.7420,-1.3954
336.898,3,-37.9770,1.7433,-1.3942
336.910,3,-37.9694,1.7442,-1.3931
336.921,3,-37.9619,1.7451,-1.3920
336.932,3,-37.9544,1.7459,-1.3910
336.943,3,-37.9471,1.7467,-1.3901
336.954,3,-37.9399,1.7474,-1.3893
336.965,3,-37.9329,1.7481,-1.3887
336.976,3,-37.9260,1.7486,-1.3881
336.988,3,-37.9192,1.7491,-1.3878
336.999,3,-37.9122,1.7496,-1.3876
337.009,3,-37.9053,1.7505,-1.3874
337.021,3,-37.8983,1.7513,-1.3873
337.032,3,-37.8913,1.7521,-1.3872
337.043,3,-37.8844,1.7529,-1.3872
337.054,3,-37.8774,1.7536,-1.3873
337.065,3,-37.8705,1.7543,-1.3874
337.076,3,-37.8634,1.7551,-1.3877
337.087,3,-37.8562,1.7558,-1.3879
337.098,3,-37.8491,1.7565,-1.3882
337.109,3,-37.8420,1.7569,-1.3884
337.120,3,-37.8349,1.7572,-1.3887
337.131,3,-37.8279,1.7572,-1.3890
337.143,3,-37.8207,1.7571,-1.3892
337.154,3,-37.8137,1.7570,-1.3895
337.165,3,-37.8066,1.7567,-1.3898
337.176,3,-37.7996,1.7563,-1.3902
337.187,3,-37.7925,1.7559,-1.3905
337.198,3,-37.7854,1.7554,-1.3909
337.210,3,-37.7781,1.7548,-1.3913
337.221,3,-37.7708,1.7543,-1.3918
337.232,3,-37.7634,1.7538,-1.3922
337.243,3,-37.7561,1.7533,-1.3928
337.254,3,-37.7486,1.7528,-1.3933
337.265,3,-37.7411,1.7523,-1.3939
337.277,3,-37.7336,1.7516,-1.3945
337.287,3,-37.7260,1.7508,-1.3951
337.298,3,-37.7185,1.7499,-1.3958
337.310,3,-37.7109,1.7489,-1.3965
337.321,3,-37.7033,1.7478,-1.3972
337.332,3,-37.6957,1.7466,-1.3980
337.343,3,-37.6880,1.7453,-1.3988
337.354,3,-37.6804,1.7440,-1.3997
337.365,3,-37.6728,1.7427,-1.4007
337.376,3,-37.6651,1.7414,-1.4017
337.387,3,-37.6574,1.7402,-1.4029
337.398,3,-37.6496,1.7393,-1.4041
337.409,3,-37.6419,1.7384,-1.4054
337.420,3,-37.6341,1.7377,-1.4068
337.431,3,-37.6263,1.7369,-1.4081
337.442,3,-37.6188,1.7360,-1.4097
337.453,3,-37.6111,1.7352,-1.4112
337.464,3,-37.6033,1.7349,-1.4129
337.476,3,-37.5955,1.7347,-1.4144
337.487,3,-37.5879,1.7351,-1.4161
337.498,3,-37.5802,1.7356,-1.4177
337.509,3,-37.5725,1.7365,-1.4195
337.520,3,-37.5649,1.7375,-1.4211
337.531,3,-37.5571,1.7392,-1.4229
337.543,3,-37.5494,1.7409,-1.4246
337.553,3,-37.5416,1.7425,-1.4262
337.565,3,-37.5338,1.7442,-1.4278
337.576,3,-37.5262,1.7461,-1.4292
337.587,3,-37.5186,1.7478,-1.4307
337.598,3,-37.5111,1.7491,-1.4320
337.609,3,-37.5037,1.7500,-1.4333
337.621,3,-37.4962,1.7509,-1.4346
337.631,3,-37.4890,1.7516,-1.4357
337.643,3,-37.4817,1.7523,-1.4368
337.654,3,-37.4747,1.7530,-1.4377
337.665,3,-37.4676,1.7536,-1.4386
337.676,3,-37.4606,1.7543,-1.4393
337.687,3,-37.4535,1.7549,-1.4400
337.698,3,-37.4465,1.7555,-1.4407
337.709,3,-37.4394,1.7563,-1.4413
337.720,3,-37.4322,1.7571,-1.4419
337.732,3,-37.4251,1.7580,-1.4423
337.743,3,-37.4179,1.7588,-1.4428
337.754,3,-37.4107,1.7595,-1.4432
337.765,3,-37.4036,1.7600,-1.4434
337.776,3,-37.3966,1.7603,-1.4436
337.787,3,-37.3896,1.7606,-1.4438
337.799,3,-37.3826,1.7608,-1.4439
337.810,3,-37.3756,1.7609,-1.4439
337.821,3,-37.3687,1.7610,-1.4439
337.832,3,-37.3619,1.7608,-1.4439
337.843,3,-37.3550,1.7606,-1.4438
337.854,3,-37.3481,1.7603,-1.4438
337.865,3,-37.3411,1.7600,-1.4436
337.876,3,-37.3340,1.7597,-1.4433
337.887,3,-37.3269,1.7594,-1.4431
337.898,3,-37.3197,1.7589,-1.4428
337.909,3,-37.3127,1.7584,-1.4425
337.921,3,-37.3055,1.7577,-1.4422
337.931,3,-37.2984,1.7571,-1.4419
337.942,3,-37.2912,1.7562,-1.4416
337.954,3,-37.2839,1.7553,-1.4413
337.965,3,-37.2766,1.7543,-1.4409
337.976,3,-37.2694,1.7532,-1.4407
337.987,3,-37.2621,1.7520,-1.4403
337.998,3,-37.2548,1.7507,-1.4400
338.009,3,-37.2475,1.7495,-1.4396
338.020,3,-37.2401,1.7482,-1.4392
338.031,3,-37.2327,1.7469,-1.4388
338.042,3,-37.2252,1.7458,-1.4383
338.054,3,-37.2176,1.7449,-1.4377
338.064,3,-37.2100,1.7441,-1.4371
338.076,3,-37.2024,1.7434,-1.4363
338.087,3,-37.1947,1.7428,-1.4356
338.098,3,-37.1868,1.7425,-1.4347
338.109,3,-37.1790,1.7423,-1.4339
338.121,3,-37.1709,1.7424,-1.4329
338.132,3,-37.1629,1.7427,-1.4319
338.142,3,-37.1548,1.7435,-1.4308
338.153,3,-37.1468,1.7444,-1.4297
338.164,3,-37.1386,1.7455,-1.4286
338.176,3,-37.1300,1.7471,-1.4275
338.187,3,-37.1214,1.7489,-1.4263
338.199,3,-37.1130,1.7505,-1.4252
338.211,3,-37.1048,1.7516,-1.4242
338.222,3,-37.0966,1.7525,-1.4233
338.234,3,-37.0884,1.7532,-1.4225
338.245,3,-37.0805,1.7540,-1.4218
338.257,3,-37.0727,1.7547,-1.4214
338.269,3,-37.0651,1.7552,-1.4209
338.280,3,-37.0575,1.7558,-1.4206
338.292,3,-37.0500,1.7564,-1.4205
338.303,3,-37.0423,1.7571,-1.4204
338.315,3,-37.0347,1.7580,-1.4205
338.327,3,-37.0271,1.7589,-1.4205
338.338,3,-37.0196,1.7597,-1.4207
338.350,3,-37.0121,1.7604,-1.4210
338.361,3,-37.0046,1.7611,-1.4213
338.373,3,-36.9971,1.7618,-1.4217
338.384,3,-36.9897,1.7625,-1.4221
338.396,3,-36.9824,1.7631,-1.4226
338.407,3,-36.9751,1.7636,-1.4231
338.420,3,-36.9677,1.7638,-1.4237
338.430,3,-36.9604,1.7639,-1.4242
338.441,3,-36.9531,1.7639,-1.4248
338.453,3,-36.9458,1.7636,-1.4253
338.464,3,-36.9384,1.7633,-1.4259
338.475,3,-36.9310,1.7628,-1.4264
338.486,3,-36.9237,1.7624,-1.4270
338.497,3,-36.9163,1.7619,-1.4274
338.508,3,-36.9089,1.7613,-1.4279
338.520,3,-36.9015,1.7606,-1.4284
338.531,3,-36.8940,1.7599,-1.4290
338.542,3,-36.8866,1.7592,-1.4295
338.553,3,-36.8791,1.7585,-1.4301
338.565,3,-36.8715,1.7577,-1.4308
338.576,3,-36.8640,1.7568,-1.4314
338.587,3,-36.8566,1.7559,-1.4322
338.598,3,-36.8490,1.7548,-1.4329
338.609,3,-36.8416,1.7536,-1.4337
338.620,3,-36.8341,1.7524,-1.4346
338.631,3,-36.8267,1.7510,-1.4355
338.642,3,-36.8192,1.7498,-1.4364
338.653,3,-36.8118,1.7486,-1.4375
338.665,3,-36.8045,1.7474,-1.4387
338.676,3,-36.7971,1.7463,-1.4398
338.687,3,-36.7897,1.7454,-1.4411
338.698,3,-36.7823,1.7445,-1.4423
338.710,3,-36.7751,1.7439,-1.4437
338.720,3,-36.7677,1.7433,-1.4450
338.732,3,-36.7604,1.7430,-1.4464
338.742,3,-36.7532,1.7427,-1.4478
338.753,3,-36.7458,1.7429,-1.4494
338.764,3,-36.7386,1.7431,-1.4508
338.775,3,-36.7314,1.7439,-1.4524
338.786,3,-36.7242,1.7447,-1.4540
338.798,3,-36.7171,1.7456,-1.4554
338.809,3,-36.7099,1.7473,-1.4570
338.820,3,-36.7027,1.7490,-1.4584
338.831,3,-36.6957,1.7507,-1.4599
338.842,3,-36.6887,1.7523,-1.4612
338.853,3,-36.6818,1.7537,-1.4625
338.864,3,-36.6751,1.7549,-1.4637
338.875,3,-36.6684,1.7561,-1.4647
338.886,3,-36.6618,1.7570,-1.4656
338.898,3,-36.6553,1.7578,-1.4664
338.909,3,-36.6489,1.7583,-1.4670
338.920,3,-36.6425,1.7588,-1.4675
338.931,3,-36.6361,1.7593,-1.4680
338.942,3,-36.6297,1.7599,-1.4684
338.953,3,-36.6234,1.7605,-1.4687
338.965,3,-36.6170,1.7611,-1.4688
338.976,3,-36.6106,1.7616,-1.4690
338.987,3,-36.6043,1.7621,-1.4691
338.998,3,-36.5980,1.7628,-1.4692
339.009,3,-36.5917,1.7635,-1.4693
339.020,3,-36.5855,1.7643,-1.4693
339.031,3,-36.5793,1.7648,-1.4694
339.042,3,-36.5732,1.7653,-1.4693
339.053,3,-36.5671,1.7656,-1.4693
339.064,3,-36.5610,1.7659,-1.4692
339.075,3,-36.5549,1.7661,-1.4691
339.086,3,-36.5487,1.7661,-1.4690
339.098,3,-36.5426,1.7661,-1.4688
339.109,3,-36.5364,1.7660,-1.4687
339.120,3,-36.5303,1.7659,-1.4685
339.131,3,-36.5241,1.7655,-1.4684
339.142,3,-36.5179,1.7653,-1.4682
339.153,3,-36.5117,1.7650,-1.4681
339.164,3,-36.5054,1.7647,-1.4678
339.175,3,-36.4992,1.7643,-1.4676
339.186,3,-36.4929,1.7638,-1.4673
339.197,3,-36.4866,1.7632,-1.4670
339.209,3,-36.4803,1.7626,-1.4666
339.220,3,-36.4740,1.7619,-1.4662
339.231,3,-36.4676,1.7612,-1.4659
339.242,3,-36.4613,1.7603,-1.4655
339.253,3,-36.4550,1.7593,-1.4650
339.264,3,-36.4488,1.7583,-1.4645
339.275,3,-36.4424,1.7573,-1.4639
339.286,3,-36.4361,1.7563,-1.4633
339.297,3,-36.4298,1.7554,-1.4626
339.308,3,-36.4235,1.7545,-1.4618
339.319,3,-36.4172,1.7537,-1.4609
339.331,3,-36.4108,1.7530,-1.4599
339.342,3,-36.4044,1.7523,-1.4589
339.353,3,-36.3980,1.7516,-1.4577
339.364,3,-36.3915,1.7509,-1.4565
339.376,3,-36.3850,1.7503,-1.4553
339.387,3,-36.3784,1.7500,-1.4540
339.399,3,-36.3718,1.7500,-1.4527
339.409,3,-36.3652,1.7500,-1.4513
339.420,3,-36.3585,1.7503,-1.4500
339.431,3,-36.3518,1.7508,-1.4486
339.442,3,-36.3453,1.7514,-1.4472
339.453,3,-36.3387,1.7520,-1.4459
339.464,3,-36.3320,1.7530,-1.4446
339.475,3,-36.3255,1.7541,-1.4433
339.486,3,-36.3190,1.7553,-1.4420
339.497,3,-36.3129,1.7561,-1.4408
339.508,3,-36.3067,1.7569,-1.4396
339.520,3,-36.3007,1.7575,-1.4385
339.531,3,-36.2950,1.7579,-1.4375
339.542,3,-36.2894,1.7583,-1.4366
339.553,3,-36.2839,1.7584,-1.4357
339.564,3,-36.2784,1.7587,-1.4348
339.575,3,-36.2730,1.7591,-1.4340
339.586,3,-36.2674,1.7599,-1.4334
339.598,3,-36.2618,1.7608,-1.4328
339.609,3,-36.2561,1.7618,-1.4322
339.620,3,-36.2505,1.7628,-1.4316
339.631,3,-36.2447,1.7636,-1.4312
339.642,3,-36.2389,1.7643,-1.4307
339.653,3,-36.2331,1.7650,-1.4304
339.664,3,-36.2273,1.7657,-1.4300
339.675,3,-36.2215,1.7664,-1.4298
339.687,3,-36.2159,1.7669,-1.4294
339.698,3,-36.2103,1.7672,-1.4292
339.708,3,-36.2048,1.7673,-1.4289
339.720,3,-36.1995,1.7672,-1.4285
339.731,3,-36.1941,1.7670,-1.4283
339.742,3,-36.1886,1.7668,-1.4279
339.753,3,-36.1833,1.7665,-1.4276
339.764,3,-36.1781,1.7663,-1.4273
339.775,3,-36.1729,1.7660,-1.4271
339.786,3,-36.1676,1.7656,-1.4268
339.797,3,-36.1622,1.7652,-1.4266
339.808,3,-36.1568,1.7650,-1.4265
339.819,3,-36.1513,1.7647,-1.4264
339.831,3,-36.1458,1.7646,-1.4263
339.842,3,-36.1402,1.7643,-1.4264
339.853,3,-36.1346,1.7640,-1.4264
339.864,3,-36.1292,1.7637,-1.4265
339.875,3,-36.1238,1.7632,-1.4267
339.886,3,-36.1183,1.7626,-1.4269
339.897,3,-36.1129,1.7620,-1.4273
339.908,3,-36.1076,1.7613,-1.4276
339.920,3,-36.1023,1.7607,-1.4281
339.930,3,-36.0969,1.7600,-1.4285
339.942,3,-36.0915,1.7594,-1.4291
339.953,3,-36.0862,1.7588,-1.4297
339.964,3,-36.0809,1.7581,-1.4304
339.975,3,-36.0756,1.7575,-1.4310
339.986,3,-36.0703,1.7569,-1.4320
339.997,3,-36.0651,1.7565,-1.4328
340.008,3,-36.0598,1.7561,-1.4338
340.019,3,-36.0545,1.7556,-1.4348
340.030,3,-36.0492,1.7551,-1.4359
340.041,3,-36.0439,1.7547,-1.4370
340.052,3,-36.0387,1.7542,-1.4381
340.063,3,-36.0335,1.7537,-1.4394
340.074,3,-36.0283,1.7533,-1.4406
340.085,3,-36.0231,1.7532,-1.4419
340.097,3,-36.0179,1.7534,-1.4432
340.107,3,-36.0126,1.7538,-1.4445
340.119,3,-36.0074,1.7544,-1.4458
340.130,3,-36.0023,1.7551,-1.4470
340.142,3,-35.9972,1.7555,-1.4484
340.153,3,-35.9920,1.7561,-1.4498
340.163,3,-35.9867,1.7572,-1.4511
340.175,3,-35.9814,1.7588,-1.4524
340.186,3,-35.9762,1.7604,-1.4537
340.197,3,-35.9711,1.7617,-1.4548
340.208,3,-35.9659,1.7629,-1.4560
340.219,3,-35.9609,1.7640,-1.4572
340.230,3,-35.9558,1.7650,-1.4584
340.241,3,-35.9509,1.7660,-1.4595
340.252,3,-35.9460,1.7668,-1.4605
340.264,3,-35.9411,1.7673,-1.4614
340.274,3,-35.9363,1.7676,-1.4623
340.286,3,-35.9316,1.7678,-1.4632
340.296,3,-35.9268,1.7677,-1.4642
340.308,3,-35.9221,1.7674,-1.4650
340.319,3,-35.9174,1.7671,-1.4657
340.330,3,-35.9126,1.7669,-1.4664
340.341,3,-35.9080,1.7667,-1.4671
340.353,3,-35.9032,1.7665,-1.4678
340.364,3,-35.8986,1.7663,-1.4684
340.375,3,-35.8940,1.7660,-1.4690
340.386,3,-35.8896,1.7658,-1.4696
340.397,3,-35.8851,1.7656,-1.4701
340.408,3,-35.8807,1.7656,-1.4706
340.419,3,-35.8764,1.7658,-1.4711
340.430,3,-35.8721,1.7660,-1.4715
340.441,3,-35.8679,1.7663,-1.4718
340.453,3,-35.8637,1.7666,-1.4722
340.464,3,-35.8595,1.7669,-1.4725
340.475,3,-35.8553,1.7673,-1.4727
340.486,3,-35.8512,1.7676,-1.4730
340.497,3,-35.8470,1.7679,-1.4732
340.508,3,-35.8428,1.7681,-1.4734
340.519,3,-35.8386,1.7682,-1.4735
340.530,3,-35.8344,1.7683,-1.4736
340.541,3,-35.8302,1.7684,-1.4737
340.552,3,-35.8260,1.7684,-1.4738
340.564,3,-35.8217,1.7684,-1.4738
340.575,3,-35.8174,1.7684,-1.4738
340.585,3,-35.8131,1.7683,-1.4738
340.597,3,-35.8088,1.7681,-1.4737
340.608,3,-35.8045,1.7679,-1.4736
340.619,3,-35.8003,1.7674,-1.4736
340.630,3,-35.7961,1.7670,-1.4734
340.641,3,-35.7920,1.7664,-1.4732
340.653,3,-35.7880,1.7657,-1.4731
340.664,3,-35.7840,1.7649,-1.4729
340.675,3,-35.7802,1.7640,-1.4727
340.686,3,-35.7764,1.7633,-1.4724
340.697,3,-35.7727,1.7625,-1.4720
340.708,3,-35.7692,1.7618,-1.4716
340.719,3,-35.7657,1.7612,-1.4710
340.730,3,-35.7622,1.7607,-1.4704
340.741,3,-35.7587,1.7603,-1.4699
340.752,3,-35.7552,1.7599,-1.4693
340.763,3,-35.7516,1.7597,-1.4686
340.775,3,-35.7481,1.7596,-1.4678
340.786,3,-35.7444,1.7595,-1.4669
340.797,3,-35.7407,1.7594,-1.4661
340.808,3,-35.7369,1.7595,-1.4651
340.819,3,-35.7331,1.7596,-1.4641
340.830,3,-35.7292,1.7597,-1.4632
340.841,3,-35.7252,1.7602,-1.4623
340.853,3,-35.7211,1.7611,-1.4613
340.863,3,-35.7171,1.7619,-1.4603
340.875,3,-35.7131,1.7626,-1.4593
340.886,3,-35.7090,1.7632,-1.4583
340.897,3,-35.7049,1.7639,-1.4574
340.908,3,-35.7008,1.7644,-1.4565
340.919,3,-35.6967,1.7650,-1.4557
340.930,3,-35.6924,1.7657,-1.4548
340.941,3,-35.6883,1.7661,-1.4540
340.952,3,-35.6842,1.7665,-1.4532
340.963,3,-35.6802,1.7666,-1.4526
340.974,3,-35.6761,1.7664,-1.4519
340.985,3,-35.6721,1.7663,-1.4512
340.996,3,-35.6680,1.7659,-1.4507
341.008,3,-35.6639,1.7653,-1.4501
341.019,3,-35.6598,1.7647,-1.4498
341.030,3,-35.6557,1.7640,-1.4493
341.041,3,-35.6516,1.7635,-1.4490
341.052,3,-35.6475,1.7629,-1.4487
341.063,3,-35.6433,1.7624,-1.4483
341.074,3,-35.6392,1.7621,-1.4481
341.085,3,-35.6351,1.7618,-1.4479
341.097,3,-35.6310,1.7616,-1.4479
341.108,3,-35.6269,1.7615,-1.4477
341.119,3,-35.6229,1.7614,-1.4478
341.130,3,-35.6189,1.7613,-1.4477
341.141,3,-35.6151,1.7612,-1.4477
341.153,3,-35.6113,1.7611,-1.4477
341.163,3,-35.6075,1.7611,-1.4476
341.175,3,-35.6039,1.7610,-1.4477
341.186,3,-35.6004,1.7610,-1.4477
341.196,3,-35.5969,1.7610,-1.4478
341.208,3,-35.5935,1.7610,-1.4478
341.219,3,-35.5901,1.7611,-1.4480
341.230,3,-35.5866,1.7613,-1.4483
341.241,3,-35.5831,1.7615,-1.4484
341.252,3,-35.5796,1.7617,-1.4487
341.263,3,-35.5760,1.7619,-1.4489
341.275,3,-35.5724,1.7620,-1.4493
341.286,3,-35.5688,1.7621,-1.4495
341.297,3,-35.5653,1.7621,-1.4499
341.308,3,-35.5618,1.7621,-1.4501
341.319,3,-35.5584,1.7619,-1.4506
341.330,3,-35.5551,1.7617,-1.4509
341.341,3,-35.5519,1.7614,-1.4514
341.352,3,-35.5488,1.7610,-1.4520
341.363,3,-35.5457,1.7606,-1.4524
341.374,3,-35.5427,1.7601,-1.4530
341.385,3,-35.5399,1.7597,-1.4536
341.397,3,-35.5371,1.7592,-1.4542
341.408,3,-35.5346,1.7586,-1.4549
341.419,3,-35.5320,1.7582,-1.4557
341.430,3,-35.5296,1.7578,-1.4564
341.442,3,-35.5272,1.7575,-1.4573
341.453,3,-35.5248,1.7574,-1.4583
341.464,3,-35.5222,1.7577,-1.4592
341.476,3,-35.5198,1.7582,-1.4602
341.487,3,-35.5175,1.7587,-1.4612
341.499,3,-35.5153,1.7592,-1.4625
341.511,3,-35.5130,1.7597,-1.4636
341.522,3,-35.5109,1.7603,-1.4646
341.534,3,-35.5087,1.7608,-1.4659
341.545,3,-35.5064,1.7615,-1.4670
341.557,3,-35.5042,1.7621,-1.4681
341.569,3,-35.5020,1.7630,-1.4693
341.580,3,-35.4998,1.7637,-1.4704
341.592,3,-35.4976,1.7645,-1.4715
341.603,3,-35.4953,1.7654,-1.4725
341.615,3,-35.4931,1.7661,-1.4736
341.626,3,-35.4909,1.7668,-1.4745
341.637,3,-35.4887,1.7674,-1.4757
341.649,3,-35.4865,1.7677,-1.4766
341.661,3,-35.4843,1.7679,-1.4777
341.672,3,-35.4821,1.7680,-1.4788
341.683,3,-35.4799,1.7680,-1.4798
341.695,3,-35.4777,1.7677,-1.4809
341.706,3,-35.4755,1.7675,-1.4819
341.717,3,-35.4734,1.7672,-1.4829
341.729,3,-35.4713,1.7669,-1.4839
341.739,3,-35.4693,1.7665,-1.4849
341.751,3,-35.4673,1.7661,-1.4859
341.762,3,-35.4654,1.7656,-1.4867
341.773,3,-35.4635,1.7651,-1.4876
341.785,3,-35.4616,1.7648,-1.4884
341.796,3,-35.4599,1.7644,-1.4893
341.807,3,-35.4582,1.7641,-1.4901
341.818,3,-35.4565,1.7638,-1.4910
341.830,3,-35.4549,1.7636,-1.4918
341.841,3,-35.4534,1.7636,-1.4926
341.852,3,-35.4520,1.7635,-1.4934
341.863,3,-35.4507,1.7635,-1.4942
341.874,3,-35.4494,1.7636,-1.4949
341.885,3,-35.4483,1.7637,-1.4956
341.896,3,-35.4472,1.7638,-1.4963
341.908,3,-35.4460,1.7640,-1.4969
341.919,3,-35.4450,1.7643,-1.4975
341.930,3,-35.4439,1.7645,-1.4982
341.941,3,-35.4429,1.7648,-1.4987
341.952,3,-35.4418,1.7651,-1.4992
341.963,3,-35.4408,1.7653,-1.4997
341.974,3,-35.4398,1.7655,-1.5002
341.985,3,-35.4388,1.7656,-1.5006
341.996,3,-35.4377,1.7656,-1.5010
342.007,3,-35.4368,1.7656,-1.5013
342.019,3,-35.4358,1.7655,-1.5016
342.030,3,-35.4348,1.7653,-1.5020
342.041,3,-35.4339,1.7651,-1.5024
342.052,3,-35.4330,1.7648,-1.5026
342.063,3,-35.4322,1.7645,-1.5030
342.074,3,-35.4313,1.7642,-1.5032
342.085,3,-35.4303,1.7640,-1.5034
342.097,3,-35.4292,1.7640,-1.5006
342.109,3,-35.4283,1.7640,-1.5007
342.120,3,-35.4274,1.7639,-1.5004
342.132,3,-35.4266,1.7638,-1.5003
342.143,3,-35.4258,1.7637,-1.5003
342.155,3,-35.4250,1.7637,-1.5002
342.167,3,-35.4242,1.7639,-1.5000
342.178,3,-35.4234,1.7642,-1.4998
342.189,3,-35.4225,1.7645,-1.4997
342.200,3,-35.4218,1.7648,-1.4996
342.212,3,-35.4210,1.7651,-1.4993
342.223,3,-35.4202,1.7654,-1.4992
342.235,3,-35.4193,1.7657,-1.4989
342.246,3,-35.4185,1.7661,-1.4987
342.258,3,-35.4177,1.7664,-1.4985
342.270,3,-35.4168,1.7666,-1.4983
342.281,3,-35.4161,1.7667,-1.4982
342.292,3,-35.4152,1.7669,-1.4980
342.303,3,-35.4144,1.7670,-1.4978
342.315,3,-35.4136,1.7670,-1.4975
342.327,3,-35.4129,1.7671,-1.4973
342.337,3,-35.4121,1.7672,-1.4970
342.348,3,-35.4113,1.7672,-1.4968
342.360,3,-35.4105,1.7673,-1.4966
342.371,3,-35.4097,1.7673,-1.4964
342.382,3,-35.4089,1.7673,-1.4962
342.394,3,-35.4081,1.7672,-1.4959
342.405,3,-35.4074,1.7672,-1.4958
342.416,3,-35.4066,1.7671,-1.4957
342.427,3,-35.4059,1.7670,-1.4955
342.439,3,-35.4053,1.7669,-1.4953
342.449,3,-35.4047,1.7668,-1.4952
342.461,3,-35.4041,1.7667,-1.4951
342.472,3,-35.4035,1.7666,-1.4951
342.483,3,-35.4029,1.7665,-1.4950
342.495,3,-35.4024,1.7664,-1.4950
342.505,3,-35.4019,1.7662,-1.4950
342.517,3,-35.4014,1.7662,-1.4952
342.528,3,-35.4009,1.7661,-1.4952
342.539,3,-35.4006,1.7660,-1.4951
342.550,3,-35.4002,1.7660,-1.4952
342.562,3,-35.3998,1.7660,-1.4952
342.573,3,-35.3994,1.7659,-1.4951
342.584,3,-35.3990,1.7659,-1.4951
342.595,3,-35.3987,1.7659,-1.4951
342.606,3,-35.3984,1.7660,-1.4952
342.618,3,-35.3981,1.7661,-1.4950
342.630,3,-35.3977,1.7662,-1.4950
342.642,3,-35.3974,1.7664,-1.4954
342.654,3,-35.3971,1.7664,-1.4954
342.665,3,-35.3968,1.7665,-1.4954
342.676,3,-35.3966,1.7664,-1.4953
342.688,3,-35.3963,1.7663,-1.4952
342.700,3,-35.3961,1.7663,-1.4953
342.711,3,-35.3959,1.7663,-1.4954
342.723,3,-35.3956,1.7663,-1.4953
342.734,3,-35.3954,1.7662,-1.4953
342.746,3,-35.3951,1.7662,-1.4952
342.758,3,-35.3949,1.7663,-1.4952
342.769,3,-35.3947,1.7663,-1.4952
342.781,3,-35.3945,1.7663,-1.4952
342.792,3,-35.3943,1.7663,-1.4951
342.804,3,-35.3941,1.7663,-1.4952
342.815,3,-35.3940,1.7663,-1.4954
342.826,3,-35.3938,1.7663,-1.4954
342.838,3,-35.3937,1.7663,-1.4955
342.849,3,-35.3935,1.7663,-1.4956
342.860,3,-35.3933,1.7663,-1.4956
342.872,3,-35.3932,1.7662,-1.4957
342.883,3,-35.3930,1.7662,-1.4958
342.894,3,-35.3929,1.7662,-1.4960
342.906,3,-35.3928,1.7661,-1.4961
342.916,3,-35.3927,1.7661,-1.4965
342.928,3,-35.3926,1.7660,-1.4966
342.939,3,-35.3925,1.7661,-1.4969
342.950,3,-35.3925,1.7661,-1.4971
342.961,3,-35.3924,1.7661,-1.4972
342.973,3,-35.3924,1.7661,-1.4972
342.984,3,-35.3923,1.7661,-1.4973
342.995,3,-35.3923,1.7661,-1.4974
343.006,3,-35.3923,1.7661,-1.4975
343.018,3,-35.3922,1.7660,-1.4976
343.029,3,-35.3922,1.7660,-1.4976
343.040,3,-35.3922,1.7660,-1.4976
343.051,3,-35.3922,1.7660,-1.4978
343.062,3,-35.3923,1.7659,-1.4978
343.073,3,-35.3923,1.7659,-1.4978
343.085,3,-35.3923,1.7658,-1.4978
343.096,3,-35.3923,1.7658,-1.4979
343.108,3,-35.3924,1.7658,-1.4979
343.120,3,-35.3924,1.7657,-1.4978
343.131,3,-35.3925,1.7656,-1.4978
343.142,3,-35.3925,1.7656,-1.4978
343.155,3,-35.3925,1.7657,-1.4977
343.166,3,-35.3925,1.7657,-1.4977
343.177,3,-35.3926,1.7658,-1.4977
343.189,3,-35.3927,1.7658,-1.4977
343.200,3,-35.3927,1.7658,-1.4978
343.212,3,-35.3928,1.7659,-1.4982
343.224,3,-35.3928,1.7659,-1.4984
343.235,3,-35.3929,1.7660,-1.4986
343.247,3,-35.3930,1.7660,-1.4989
343.258,3,-35.3930,1.7661,-1.4994
343.270,3,-35.3931,1.7661,-1.4999
343.281,3,-35.3932,1.7662,-1.5004
343.293,3,-35.3933,1.7663,-1.5009
343.304,3,-35.3934,1.7663,-1.5016
343.315,3,-35.3936,1.7664,-1.5023
343.326,3,-35.3937,1.7664,-1.5033
343.338,3,-35.3939,1.7664,-1.5042
343.349,3,-35.3940,1.7664,-1.5053
343.360,3,-35.3942,1.7665,-1.5065
343.371,3,-35.3944,1.7665,-1.5080

# --- Trial 4 start ---
357.212,4,-39.5399,1.7311,-1.3955
357.227,4,-39.5383,1.7300,-1.3973
357.235,4,-39.5366,1.7288,-1.3991
357.243,4,-39.5349,1.7276,-1.4008
357.253,4,-39.5333,1.7263,-1.4026
357.268,4,-39.5317,1.7250,-1.4043
357.284,4,-39.5285,1.7222,-1.4077
357.295,4,-39.5268,1.7207,-1.4094
357.310,4,-39.5253,1.7190,-1.4111
357.326,4,-39.5238,1.7172,-1.4127
357.341,4,-39.5226,1.7153,-1.4142
357.350,4,-39.5212,1.7135,-1.4158
357.358,4,-39.5198,1.7117,-1.4173
357.365,4,-39.5185,1.7098,-1.4189
357.375,4,-39.5170,1.7076,-1.4204
357.387,4,-39.5158,1.7052,-1.4218
357.398,4,-39.5146,1.7029,-1.4233
357.409,4,-39.5135,1.7002,-1.4246
357.420,4,-39.5126,1.6976,-1.4258
357.431,4,-39.5116,1.6950,-1.4270
357.443,4,-39.5109,1.6923,-1.4282
357.454,4,-39.5099,1.6896,-1.4293
357.465,4,-39.5092,1.6870,-1.4304
357.476,4,-39.5086,1.6843,-1.4314
357.488,4,-39.5081,1.6818,-1.4324
357.498,4,-39.5077,1.6793,-1.4333
357.510,4,-39.5072,1.6771,-1.4341
357.520,4,-39.5069,1.6751,-1.4349
357.532,4,-39.5067,1.6733,-1.4357
357.543,4,-39.5063,1.6717,-1.4364
357.554,4,-39.5061,1.6703,-1.4369
357.565,4,-39.5060,1.6691,-1.4375
357.576,4,-39.5060,1.6681,-1.4379
357.587,4,-39.5060,1.6673,-1.4382
357.598,4,-39.5061,1.6669,-1.4385
357.609,4,-39.5062,1.6667,-1.4387
357.620,4,-39.5061,1.6666,-1.4388
357.631,4,-39.5062,1.6669,-1.4388
357.643,4,-39.5064,1.6674,-1.4387
357.653,4,-39.5066,1.6682,-1.4385
357.664,4,-39.5069,1.6691,-1.4383
357.675,4,-39.5074,1.6706,-1.4378
357.687,4,-39.5076,1.6723,-1.4374
357.698,4,-39.5077,1.6743,-1.4369
357.709,4,-39.5080,1.6766,-1.4362
357.720,4,-39.5082,1.6791,-1.4355
357.732,4,-39.5087,1.6819,-1.4346
357.742,4,-39.5090,1.6849,-1.4337
357.753,4,-39.5096,1.6882,-1.4325
357.765,4,-39.5101,1.6919,-1.4312
357.776,4,-39.5104,1.6954,-1.4299
357.787,4,-39.5109,1.6993,-1.4284
357.798,4,-39.5112,1.7032,-1.4268
357.809,4,-39.5118,1.7073,-1.4251
357.820,4,-39.5123,1.7113,-1.4233
357.831,4,-39.5130,1.7153,-1.4214
357.843,4,-39.5134,1.7192,-1.4194
357.853,4,-39.5139,1.7229,-1.4174
357.865,4,-39.5145,1.7265,-1.4152
357.876,4,-39.5152,1.7298,-1.4129
357.887,4,-39.5159,1.7329,-1.4106
357.898,4,-39.5166,1.7357,-1.4082
357.909,4,-39.5175,1.7381,-1.4058
357.921,4,-39.5183,1.7402,-1.4033
357.932,4,-39.5190,1.7418,-1.4008
357.943,4,-39.5198,1.7433,-1.3983
357.955,4,-39.5204,1.7444,-1.3956
357.966,4,-39.5210,1.7457,-1.3930
357.977,4,-39.5216,1.7468,-1.3904
357.988,4,-39.5221,1.7473,-1.3876
357.999,4,-39.5225,1.7475,-1.3849
358.010,4,-39.5229,1.7478,-1.3821
358.021,4,-39.5232,1.7478,-1.3794
358.032,4,-39.5236,1.7477,-1.3767
358.043,4,-39.5238,1.7475,-1.3739
358.054,4,-39.5239,1.7474,-1.3712
358.065,4,-39.5240,1.7475,-1.3684
358.076,4,-39.5242,1.7476,-1.3656
358.088,4,-39.5243,1.7476,-1.3628
358.099,4,-39.5244,1.7476,-1.3600
358.110,4,-39.5244,1.7475,-1.3571
358.121,4,-39.5243,1.7474,-1.3543
358.132,4,-39.5241,1.7477,-1.3515
358.143,4,-39.5238,1.7483,-1.3488
358.154,4,-39.5234,1.7488,-1.3461
358.166,4,-39.5229,1.7491,-1.3434
358.177,4,-39.5223,1.7493,-1.3407
358.188,4,-39.5218,1.7494,-1.3382
358.199,4,-39.5213,1.7495,-1.3356
358.210,4,-39.5205,1.7496,-1.3331
358.221,4,-39.5196,1.7497,-1.3305
358.232,4,-39.5187,1.7497,-1.3281
358.243,4,-39.5177,1.7497,-1.3257
358.254,4,-39.5167,1.7498,-1.3233
358.266,4,-39.5155,1.7498,-1.3210
358.277,4,-39.5142,1.7497,-1.3188
358.288,4,-39.5129,1.7497,-1.3166
358.299,4,-39.5116,1.7496,-1.3145
358.310,4,-39.5101,1.7495,-1.3126
358.321,4,-39.5086,1.7493,-1.3107
358.332,4,-39.5072,1.7490,-1.3089
358.343,4,-39.5057,1.7488,-1.3072
358.355,4,-39.5042,1.7485,-1.3054
358.367,4,-39.5026,1.7483,-1.3038
358.376,4,-39.5010,1.7481,-1.3022
358.387,4,-39.4994,1.7479,-1.3006
358.398,4,-39.4977,1.7476,-1.2993
358.409,4,-39.4959,1.7474,-1.2979
358.420,4,-39.4942,1.7472,-1.2967
358.431,4,-39.4925,1.7469,-1.2955
358.442,4,-39.4906,1.7469,-1.2944
358.453,4,-39.4887,1.7468,-1.2935
358.464,4,-39.4868,1.7467,-1.2925
358.475,4,-39.4846,1.7468,-1.2916
358.486,4,-39.4825,1.7468,-1.2908
358.497,4,-39.4803,1.7470,-1.2900
358.509,4,-39.4783,1.7472,-1.2894
358.520,4,-39.4760,1.7472,-1.2887
358.531,4,-39.4737,1.7472,-1.2881
358.542,4,-39.4715,1.7472,-1.2876
358.553,4,-39.4689,1.7472,-1.2872
358.564,4,-39.4665,1.7473,-1.2867
358.575,4,-39.4640,1.7474,-1.2863
358.586,4,-39.4613,1.7474,-1.2859
358.597,4,-39.4585,1.7474,-1.2856
358.609,4,-39.4556,1.7475,-1.2853
358.619,4,-39.4527,1.7475,-1.2850
358.631,4,-39.4496,1.7473,-1.2848
358.642,4,-39.4464,1.7471,-1.2847
358.653,4,-39.4431,1.7468,-1.2846
358.664,4,-39.4398,1.7465,-1.2846
358.675,4,-39.4365,1.7462,-1.2846
358.686,4,-39.4330,1.7458,-1.2848
358.697,4,-39.4294,1.7452,-1.2849
358.709,4,-39.4258,1.7447,-1.2852
358.720,4,-39.4221,1.7443,-1.2855
358.732,4,-39.4182,1.7437,-1.2858
358.742,4,-39.4144,1.7433,-1.2862
358.754,4,-39.4105,1.7428,-1.2868
358.765,4,-39.4067,1.7422,-1.2873
358.776,4,-39.4026,1.7418,-1.2879
358.787,4,-39.3984,1.7413,-1.2886
358.798,4,-39.3943,1.7409,-1.2893
358.810,4,-39.3901,1.7405,-1.2902
358.821,4,-39.3859,1.7401,-1.2911
358.833,4,-39.3814,1.7396,-1.2921
358.842,4,-39.3770,1.7392,-1.2931
358.854,4,-39.3726,1.7388,-1.2942
358.865,4,-39.3681,1.7384,-1.2953
358.876,4,-39.3636,1.7380,-1.2966
358.887,4,-39.3590,1.7376,-1.2979
358.898,4,-39.3545,1.7373,-1.2992
358.910,4,-39.3499,1.7371,-1.3006
358.920,4,-39.3454,1.7370,-1.3019
358.932,4,-39.3407,1.7368,-1.3035
358.943,4,-39.3360,1.7370,-1.3049
358.954,4,-39.3311,1.7374,-1.3065
358.965,4,-39.3262,1.7381,-1.3081
358.976,4,-39.3211,1.7389,-1.3098
358.987,4,-39.3160,1.7397,-1.3114
358.998,4,-39.3110,1.7404,-1.3129
359.010,4,-39.3060,1.7413,-1.3145
359.020,4,-39.3009,1.7421,-1.3161
359.032,4,-39.2958,1.7429,-1.3176
359.043,4,-39.2907,1.7438,-1.3191
359.054,4,-39.2857,1.7448,-1.3206
359.065,4,-39.2808,1.7457,-1.3220
359.076,4,-39.2759,1.7466,-1.3233
359.087,4,-39.2710,1.7473,-1.3246
359.098,4,-39.2661,1.7478,-1.3259
359.109,4,-39.2614,1.7483,-1.3271
359.120,4,-39.2565,1.7487,-1.3282
359.131,4,-39.2516,1.7489,-1.3293
359.142,4,-39.2467,1.7492,-1.3302
359.154,4,-39.2418,1.7494,-1.3311
359.165,4,-39.2370,1.7495,-1.3319
359.176,4,-39.2320,1.7498,-1.3326
359.187,4,-39.2270,1.7502,-1.3333
359.198,4,-39.2220,1.7505,-1.3339
359.209,4,-39.2170,1.7509,-1.3345
359.220,4,-39.2118,1.7515,-1.3349
359.231,4,-39.2066,1.7522,-1.3354
359.243,4,-39.2014,1.7529,-1.3357
359.254,4,-39.1960,1.7535,-1.3359
359.265,4,-39.1906,1.7540,-1.3361
359.277,4,-39.1853,1.7545,-1.3363
359.287,4,-39.1799,1.7548,-1.3364
359.299,4,-39.1745,1.7551,-1.3364
359.310,4,-39.1691,1.7553,-1.3365
359.321,4,-39.1636,1.7552,-1.3364
359.332,4,-39.1581,1.7553,-1.3363
359.343,4,-39.1526,1.7552,-1.3362
359.354,4,-39.1470,1.7550,-1.3361
359.365,4,-39.1414,1.7547,-1.3359
359.376,4,-39.1358,1.7543,-1.3357
359.388,4,-39.1300,1.7539,-1.3354
359.399,4,-39.1242,1.7533,-1.3350
359.410,4,-39.1183,1.7526,-1.3346
359.421,4,-39.1125,1.7517,-1.3342
359.432,4,-39.1068,1.7507,-1.3337
359.443,4,-39.1010,1.7496,-1.3332
359.454,4,-39.0952,1.7482,-1.3325
359.465,4,-39.0895,1.7470,-1.3319
359.476,4,-39.0836,1.7456,-1.3310
359.487,4,-39.0778,1.7443,-1.3302
359.498,4,-39.0718,1.7432,-1.3293
359.509,4,-39.0658,1.7420,-1.3284
359.520,4,-39.0599,1.7410,-1.3273
359.532,4,-39.0539,1.7400,-1.3263
359.543,4,-39.0479,1.7391,-1.3251
359.554,4,-39.0417,1.7384,-1.3239
359.565,4,-39.0355,1.7379,-1.3227
359.576,4,-39.0292,1.7376,-1.3214
359.587,4,-39.0229,1.7373,-1.3201
359.598,4,-39.0164,1.7375,-1.3189
359.609,4,-39.0097,1.7385,-1.3175
359.620,4,-39.0032,1.7394,-1.3161
359.632,4,-38.9967,1.7404,-1.3147
359.643,4,-38.9900,1.7416,-1.3135
359.654,4,-38.9832,1.7431,-1.3122
359.665,4,-38.9765,1.7445,-1.3110
359.676,4,-38.9699,1.7456,-1.3097
359.687,4,-38.9632,1.7467,-1.3086
359.698,4,-38.9565,1.7476,-1.3076
359.709,4,-38.9500,1.7485,-1.3066
359.720,4,-38.9435,1.7493,-1.3056
359.732,4,-38.9372,1.7497,-1.3048
359.742,4,-38.9308,1.7501,-1.3040
359.753,4,-38.9242,1.7504,-1.3033
359.764,4,-38.9177,1.7509,-1.3026
359.776,4,-38.9111,1.7516,-1.3021
359.786,4,-38.9045,1.7523,-1.3016
359.798,4,-38.8976,1.7530,-1.3011
359.809,4,-38.8909,1.7535,-1.3008
359.821,4,-38.8839,1.7542,-1.3006
359.831,4,-38.8770,1.7549,-1.3003
359.842,4,-38.8702,1.7556,-1.3002
359.854,4,-38.8634,1.7562,-1.3000
359.864,4,-38.8566,1.7565,-1.2999
359.876,4,-38.8499,1.7566,-1.2999
359.887,4,-38.8429,1.7566,-1.3001
359.898,4,-38.8361,1.7565,-1.3003
359.909,4,-38.8293,1.7563,-1.3004
359.920,4,-38.8225,1.7559,-1.3005
359.931,4,-38.8159,1.7554,-1.3008
359.942,4,-38.8091,1.7549,-1.3010
359.954,4,-38.8024,1.7543,-1.3012
359.964,4,-38.7956,1.7537,-1.3015
359.976,4,-38.7887,1.7530,-1.3018
359.986,4,-38.7821,1.7523,-1.3021
359.998,4,-38.7753,1.7516,-1.3026
360.009,4,-38.7685,1.7509,-1.3030
360.019,4,-38.7615,1.7503,-1.3035
360.031,4,-38.7545,1.7495,-1.3041
360.042,4,-38.7474,1.7487,-1.3048
360.053,4,-38.7405,1.7478,-1.3055
360.064,4,-38.7334,1.7469,-1.3063
360.075,4,-38.7262,1.7459,-1.3071
360.086,4,-38.7190,1.7448,-1.3080
360.097,4,-38.7115,1.7438,-1.3090
360.108,4,-38.7042,1.7428,-1.3101
360.119,4,-38.6968,1.7417,-1.3112
360.131,4,-38.6895,1.7406,-1.3125
360.142,4,-38.6819,1.7397,-1.3138
360.153,4,-38.6745,1.7388,-1.3153
360.164,4,-38.6671,1.7379,-1.3168
360.176,4,-38.6596,1.7372,-1.3185
360.186,4,-38.6522,1.7365,-1.3202
360.198,4,-38.6448,1.7358,-1.3219
360.209,4,-38.6374,1.7355,-1.3237
360.220,4,-38.6300,1.7354,-1.3256
360.231,4,-38.6224,1.7355,-1.3275
360.243,4,-38.6147,1.7362,-1.3296
360.254,4,-38.6072,1.7369,-1.3315
360.265,4,-38.5996,1.7377,-1.3336
360.276,4,-38.5921,1.7388,-1.3355
360.287,4,-38.5846,1.7399,-1.3375
360.298,4,-38.5772,1.7410,-1.3394
360.309,4,-38.5697,1.7423,-1.3413
360.320,4,-38.5622,1.7441,-1.3431
360.331,4,-38.5548,1.7460,-1.3448
360.342,4,-38.5476,1.7475,-1.3465
360.353,4,-38.5404,1.7488,-1.3481
360.364,4,-38.5332,1.7499,-1.3496
360.375,4,-38.5260,1.7509,-1.3511
360.387,4,-38.5190,1.7517,-1.3524
360.398,4,-38.5121,1.7524,-1.3537
360.408,4,-38.5052,1.7530,-1.3550
360.419,4,-38.4984,1.7535,-1.3561
360.430,4,-38.4915,1.7540,-1.3572
360.442,4,-38.4848,1.7544,-1.3582
360.453,4,-38.4780,1.7548,-1.3592
360.463,4,-38.4712,1.7554,-1.3601
360.475,4,-38.4644,1.7560,-1.3609
360.486,4,-38.4577,1.7567,-1.3617
360.497,4,-38.4509,1.7573,-1.3624
360.508,4,-38.4440,1.7579,-1.3631
360.519,4,-38.4372,1.7583,-1.3637
360.531,4,-38.4303,1.7586,-1.3642
360.542,4,-38.4234,1.7589,-1.3647
360.553,4,-38.4166,1.7591,-1.3651
360.564,4,-38.4097,1.7591,-1.3655
360.575,4,-38.4029,1.7591,-1.3659
360.586,4,-38.3961,1.7589,-1.3662
360.597,4,-38.3892,1.7588,-1.3664
360.608,4,-38.3823,1.7585,-1.3667
360.619,4,-38.3753,1.7582,-1.3669
360.631,4,-38.3683,1.7579,-1.3671
360.642,4,-38.3613,1.7574,-1.3672
360.652,4,-38.3541,1.7569,-1.3672
360.663,4,-38.3469,1.7563,-1.3673
360.675,4,-38.3395,1.7555,-1.3673
360.686,4,-38.3320,1.7546,-1.3673
360.697,4,-38.3247,1.7536,-1.3672
360.708,4,-38.3173,1.7526,-1.3671
360.719,4,-38.3098,1.7514,-1.3670
360.731,4,-38.3024,1.7502,-1.3668
360.741,4,-38.2949,1.7489,-1.3665
360.753,4,-38.2873,1.7475,-1.3662
360.763,4,-38.2797,1.7462,-1.3658
360.775,4,-38.2720,1.7449,-1.3653
360.786,4,-38.2642,1.7436,-1.3647
360.797,4,-38.2565,1.7423,-1.3641
360.808,4,-38.2487,1.7412,-1.3633
360.820,4,-38.2407,1.7403,-1.3625
360.831,4,-38.2327,1.7396,-1.3615
360.842,4,-38.2246,1.7390,-1.3606
360.853,4,-38.2165,1.7386,-1.3595
360.864,4,-38.2084,1.7383,-1.3584
360.875,4,-38.2001,1.7384,-1.3572
360.886,4,-38.1917,1.7391,-1.3559
360.897,4,-38.1835,1.7398,-1.3547
360.908,4,-38.1752,1.7406,-1.3535
360.920,4,-38.1668,1.7416,-1.3523
360.930,4,-38.1585,1.7428,-1.3511
360.942,4,-38.1501,1.7441,-1.3500
360.953,4,-38.1420,1.7452,-1.3491
360.964,4,-38.1340,1.7461,-1.3484
360.975,4,-38.1260,1.7469,-1.3477
360.986,4,-38.1183,1.7478,-1.3472
360.997,4,-38.1106,1.7485,-1.3468
361.008,4,-38.1031,1.7493,-1.3464
361.019,4,-38.0957,1.7501,-1.3460
361.030,4,-38.0884,1.7508,-1.3458
361.041,4,-38.0811,1.7515,-1.3456
361.052,4,-38.0738,1.7524,-1.3453
361.064,4,-38.0665,1.7534,-1.3452
361.075,4,-38.0590,1.7544,-1.3451
361.086,4,-38.0518,1.7552,-1.3451
361.097,4,-38.0443,1.7559,-1.3451
361.108,4,-38.0368,1.7566,-1.3452
361.120,4,-38.0293,1.7576,-1.3453
361.131,4,-38.0219,1.7584,-1.3455
361.142,4,-38.0145,1.7590,-1.3457
361.153,4,-38.0070,1.7594,-1.3459
361.164,4,-37.9995,1.7596,-1.3461
361.175,4,-37.9922,1.7595,-1.3463
361.186,4,-37.9847,1.7594,-1.3465
361.198,4,-37.9773,1.7590,-1.3467
361.208,4,-37.9699,1.7587,-1.3470
361.220,4,-37.9625,1.7582,-1.3473
361.231,4,-37.9550,1.7577,-1.3477
361.242,4,-37.9477,1.7573,-1.3481
361.254,4,-37.9403,1.7568,-1.3485
361.264,4,-37.9329,1.7562,-1.3490
361.275,4,-37.9255,1.7556,-1.3496
361.286,4,-37.9180,1.7550,-1.3503
361.298,4,-37.9104,1.7543,-1.3510
361.309,4,-37.9030,1.7537,-1.3518
361.320,4,-37.8954,1.7529,-1.3526
361.331,4,-37.8878,1.7521,-1.3534
361.342,4,-37.8803,1.7512,-1.3543
361.353,4,-37.8728,1.7502,-1.3552
361.364,4,-37.8653,1.7491,-1.3562
361.375,4,-37.8577,1.7480,-1.3573
361.386,4,-37.8502,1.7467,-1.3584
361.397,4,-37.8427,1.7454,-1.3597
361.409,4,-37.8351,1.7442,-1.3609
361.420,4,-37.8276,1.7430,-1.3623
361.431,4,-37.8200,1.7419,-1.3638
361.442,4,-37.8124,1.7409,-1.3652
361.453,4,-37.8049,1.7400,-1.3668
361.464,4,-37.7973,1.7391,-1.3686
361.475,4,-37.7898,1.7382,-1.3703
361.486,4,-37.7823,1.7374,-1.3722
361.497,4,-37.7746,1.7370,-1.3742
361.509,4,-37.7669,1.7370,-1.3762
361.520,4,-37.7593,1.7372,-1.3784
361.531,4,-37.7516,1.7375,-1.3807
361.542,4,-37.7441,1.7378,-1.3830
361.554,4,-37.7366,1.7387,-1.3853
361.564,4,-37.7293,1.7397,-1.3876
361.575,4,-37.7220,1.7408,-1.3898
361.610,4,-37.7146,1.7437,-1.3918
361.618,4,-37.6994,1.7465,-1.3959
361.627,4,-37.6847,1.7494,-1.3999
361.636,4,-37.6774,1.7508,-1.4016
361.650,4,-37.6701,1.7518,-1.4030
361.662,4,-37.6629,1.7529,-1.4044
361.672,4,-37.6558,1.7540,-1.4058
361.684,4,-37.6490,1.7549,-1.4069
361.694,4,-37.6422,1.7557,-1.4081
361.706,4,-37.6356,1.7565,-1.4091
361.716,4,-37.6289,1.7574,-1.4100
361.728,4,-37.6223,1.7583,-1.4108
361.739,4,-37.6157,1.7592,-1.4116
361.750,4,-37.6089,1.7601,-1.4122
361.761,4,-37.6019,1.7614,-1.4126
361.772,4,-37.5951,1.7626,-1.4131
361.783,4,-37.5881,1.7637,-1.4135
361.794,4,-37.5811,1.7647,-1.4138
361.805,4,-37.5741,1.7656,-1.4140
361.816,4,-37.5670,1.7663,-1.4142
361.827,4,-37.5599,1.7668,-1.4144
361.838,4,-37.5529,1.7670,-1.4144
361.850,4,-37.5457,1.7671,-1.4144
361.861,4,-37.5385,1.7671,-1.4144
361.872,4,-37.5313,1.7669,-1.4143
361.883,4,-37.5241,1.7665,-1.4141
361.894,4,-37.5167,1.7659,-1.4139
361.905,4,-37.5094,1.7653,-1.4137
361.916,4,-37.5019,1.7646,-1.4135
361.927,4,-37.4944,1.7638,-1.4132
361.938,4,-37.4868,1.7629,-1.4129
361.949,4,-37.4792,1.7619,-1.4126
361.960,4,-37.4715,1.7607,-1.4122
361.972,4,-37.4638,1.7596,-1.4118
361.982,4,-37.4560,1.7582,-1.4114
361.994,4,-37.4481,1.7567,-1.4109
362.005,4,-37.4401,1.7551,-1.4104
362.016,4,-37.4322,1.7535,-1.4099
362.027,4,-37.4240,1.7518,-1.4093
362.038,4,-37.4158,1.7504,-1.4086
362.049,4,-37.4076,1.7489,-1.4079
362.061,4,-37.3993,1.7475,-1.4071
362.072,4,-37.3910,1.7461,-1.4062
362.083,4,-37.3827,1.7447,-1.4052
362.094,4,-37.3742,1.7437,-1.4042
362.105,4,-37.3658,1.7427,-1.4030
362.117,4,-37.3573,1.7419,-1.4018
362.128,4,-37.3487,1.7411,-1.4005
362.139,4,-37.3403,1.7405,-1.3990
362.150,4,-37.3316,1.7402,-1.3977
362.161,4,-37.3229,1.7406,-1.3961
362.173,4,-37.3143,1.7413,-1.3945
362.183,4,-37.3057,1.7419,-1.3930
362.195,4,-37.2971,1.7427,-1.3914
362.205,4,-37.2885,1.7435,-1.3899
362.217,4,-37.2798,1.7449,-1.3883
362.228,4,-37.2712,1.7464,-1.3868
362.239,4,-37.2625,1.7481,-1.3853
362.251,4,-37.2541,1.7495,-1.3839
362.263,4,-37.2457,1.7506,-1.3826
362.275,4,-37.2376,1.7516,-1.3813
362.286,4,-37.2293,1.7524,-1.3801
362.298,4,-37.2212,1.7531,-1.3791
362.309,4,-37.2131,1.7538,-1.3781
362.320,4,-37.2053,1.7543,-1.3773
362.331,4,-37.1974,1.7550,-1.3766
362.342,4,-37.1895,1.7559,-1.3760
362.354,4,-37.1819,1.7568,-1.3756
362.364,4,-37.1742,1.7575,-1.3751
362.376,4,-37.1665,1.7582,-1.3748
362.387,4,-37.1589,1.7589,-1.3745
362.398,4,-37.1511,1.7597,-1.3743
362.410,4,-37.1437,1.7605,-1.3744
362.421,4,-37.1362,1.7612,-1.3745
362.430,4,-37.1289,1.7618,-1.3746
362.441,4,-37.1216,1.7620,-1.3749
362.453,4,-37.1143,1.7622,-1.3751
362.464,4,-37.1070,1.7622,-1.3754
362.474,4,-37.0997,1.7622,-1.3757
362.486,4,-37.0924,1.7620,-1.3760
362.497,4,-37.0851,1.7617,-1.3762
362.508,4,-37.0778,1.7613,-1.3765
362.519,4,-37.0705,1.7609,-1.3768
362.530,4,-37.0631,1.7604,-1.3770
362.541,4,-37.0557,1.7596,-1.3773
362.552,4,-37.0481,1.7590,-1.3777
362.563,4,-37.0406,1.7583,-1.3781
362.575,4,-37.0330,1.7576,-1.3787
362.586,4,-37.0257,1.7566,-1.3791
362.597,4,-37.0183,1.7557,-1.3798
362.608,4,-37.0109,1.7547,-1.3805
362.619,4,-37.0035,1.7537,-1.3812
362.630,4,-36.9960,1.7526,-1.3820
362.641,4,-36.9885,1.7514,-1.3828
362.652,4,-36.9811,1.7502,-1.3837
362.663,4,-36.9736,1.7490,-1.3846
362.674,4,-36.9660,1.7478,-1.3856
362.685,4,-36.9584,1.7466,-1.3867
362.697,4,-36.9508,1.7454,-1.3877
362.707,4,-36.9432,1.7443,-1.3889
362.719,4,-36.9356,1.7437,-1.3903
362.730,4,-36.9278,1.7432,-1.3916
362.741,4,-36.9201,1.7426,-1.3930
362.752,4,-36.9124,1.7420,-1.3944
362.763,4,-36.9046,1.7414,-1.3959
362.774,4,-36.8966,1.7411,-1.3975
362.785,4,-36.8887,1.7413,-1.3992
362.797,4,-36.8806,1.7416,-1.4009
362.808,4,-36.8727,1.7420,-1.4026
362.819,4,-36.8649,1.7426,-1.4044
362.831,4,-36.8570,1.7432,-1.4061
362.843,4,-36.8492,1.7442,-1.4079
362.853,4,-36.8414,1.7455,-1.4096
362.864,4,-36.8337,1.7467,-1.4112
362.875,4,-36.8259,1.7482,-1.4127
362.886,4,-36.8182,1.7497,-1.4141
362.897,4,-36.8105,1.7511,-1.4154
362.908,4,-36.8029,1.7524,-1.4166
362.920,4,-36.7953,1.7535,-1.4176
362.931,4,-36.7877,1.7545,-1.4186
362.942,4,-36.7802,1.7552,-1.4195
362.953,4,-36.7730,1.7559,-1.4203
362.964,4,-36.7660,1.7564,-1.4210
362.975,4,-36.7589,1.7569,-1.4217
362.986,4,-36.7519,1.7575,-1.4223
362.997,4,-36.7450,1.7581,-1.4228
363.008,4,-36.7380,1.7588,-1.4233
363.019,4,-36.7310,1.7595,-1.4237
363.030,4,-36.7239,1.7602,-1.4241
363.041,4,-36.7169,1.7610,-1.4244
363.052,4,-36.7098,1.7620,-1.4247
363.063,4,-36.7028,1.7630,-1.4250
363.074,4,-36.6958,1.7638,-1.4252
363.085,4,-36.6890,1.7646,-1.4253
363.096,4,-36.6822,1.7652,-1.4255
363.108,4,-36.6754,1.7656,-1.4256
363.118,4,-36.6687,1.7659,-1.4256
363.129,4,-36.6621,1.7660,-1.4256
363.141,4,-36.6554,1.7662,-1.4256
363.152,4,-36.6488,1.7661,-1.4256
363.163,4,-36.6422,1.7660,-1.4256
363.174,4,-36.6355,1.7658,-1.4255
363.185,4,-36.6288,1.7657,-1.4255
363.196,4,-36.6221,1.7655,-1.4254
363.208,4,-36.6152,1.7652,-1.4253
363.219,4,-36.6082,1.7649,-1.4251
363.230,4,-36.6013,1.7645,-1.4250
363.241,4,-36.5944,1.7638,-1.4249
363.253,4,-36.5874,1.7630,-1.4247
363.264,4,-36.5804,1.7621,-1.4246
363.275,4,-36.5733,1.7611,-1.4243
363.286,4,-36.5664,1.7600,-1.4242
363.297,4,-36.5595,1.7586,-1.4239
363.308,4,-36.5525,1.7572,-1.4236
363.320,4,-36.5455,1.7558,-1.4233
363.331,4,-36.5386,1.7544,-1.4229
363.342,4,-36.5317,1.7531,-1.4225
363.353,4,-36.5247,1.7519,-1.4219
363.364,4,-36.5178,1.7507,-1.4213
363.375,4,-36.5109,1.7498,-1.4206
363.386,4,-36.5040,1.7490,-1.4199
363.397,4,-36.4970,1.7484,-1.4191
363.408,4,-36.4900,1.7480,-1.4182
363.419,4,-36.4827,1.7477,-1.4173
363.430,4,-36.4754,1.7478,-1.4162
363.442,4,-36.4680,1.7480,-1.4151
363.453,4,-36.4606,1.7484,-1.4139
363.464,4,-36.4532,1.7491,-1.4128
363.475,4,-36.4458,1.7499,-1.4116
363.487,4,-36.4382,1.7509,-1.4105
363.498,4,-36.4307,1.7522,-1.4093
363.509,4,-36.4233,1.7538,-1.4083
363.520,4,-36.4160,1.7553,-1.4072
363.531,4,-36.4087,1.7566,-1.4062
363.542,4,-36.4015,1.7578,-1.4052
363.553,4,-36.3943,1.7589,-1.4042
363.564,4,-36.3873,1.7597,-1.4033
363.575,4,-36.3803,1.7605,-1.4025
363.586,4,-36.3735,1.7611,-1.4016
363.597,4,-36.3667,1.7615,-1.4009
363.608,4,-36.3598,1.7619,-1.4002
363.620,4,-36.3531,1.7625,-1.3997
363.630,4,-36.3463,1.7632,-1.3992
363.641,4,-36.3396,1.7641,-1.3988
363.652,4,-36.3329,1.7648,-1.3985
363.663,4,-36.3262,1.7654,-1.3982
363.674,4,-36.3194,1.7658,-1.3982
363.685,4,-36.3126,1.7664,-1.3982
363.696,4,-36.3058,1.7669,-1.3982
363.707,4,-36.2990,1.7676,-1.3983
363.718,4,-36.2924,1.7680,-1.3985
363.729,4,-36.2857,1.7684,-1.3986
363.740,4,-36.2791,1.7685,-1.3988
363.751,4,-36.2725,1.7685,-1.3991
363.762,4,-36.2659,1.7684,-1.3993
363.774,4,-36.2593,1.7681,-1.3996
363.785,4,-36.2527,1.7677,-1.3998
363.796,4,-36.2462,1.7673,-1.4001
363.808,4,-36.2396,1.7668,-1.4004
363.819,4,-36.2332,1.7664,-1.4007
363.830,4,-36.2267,1.7658,-1.4011
363.841,4,-36.2203,1.7653,-1.4016
363.853,4,-36.2138,1.7648,-1.4021
363.864,4,-36.2074,1.7643,-1.4026
363.875,4,-36.2009,1.7639,-1.4031
363.886,4,-36.1946,1.7634,-1.4036
363.897,4,-36.1882,1.7629,-1.4042
363.908,4,-36.1817,1.7623,-1.4049
363.919,4,-36.1754,1.7615,-1.4055
363.930,4,-36.1690,1.7607,-1.4063
363.941,4,-36.1627,1.7598,-1.4071
363.952,4,-36.1564,1.7590,-1.4079
363.964,4,-36.1501,1.7581,-1.4088
363.975,4,-36.1438,1.7573,-1.4098
363.986,4,-36.1375,1.7564,-1.4108
363.997,4,-36.1312,1.7555,-1.4120
364.008,4,-36.1249,1.7548,-1.4131
364.020,4,-36.1186,1.7543,-1.4144
364.030,4,-36.1123,1.7537,-1.4157
364.042,4,-36.1061,1.7531,-1.4172
364.053,4,-36.0997,1.7524,-1.4186
364.064,4,-36.0935,1.7518,-1.4201
364.075,4,-36.0871,1.7513,-1.4218
364.086,4,-36.0808,1.7509,-1.4234
364.097,4,-36.0745,1.7508,-1.4251
364.108,4,-36.0683,1.7508,-1.4268
364.119,4,-36.0623,1.7509,-1.4285
364.131,4,-36.0563,1.7511,-1.4303
364.142,4,-36.0503,1.7515,-1.4321
364.152,4,-36.0443,1.7522,-1.4339
364.164,4,-36.0383,1.7531,-1.4356
364.175,4,-36.0323,1.7542,-1.4373
364.186,4,-36.0263,1.7555,-1.4390
364.197,4,-36.0203,1.7569,-1.4406
364.208,4,-36.0143,1.7584,-1.4421
364.219,4,-36.0085,1.7598,-1.4436
364.230,4,-36.0027,1.7609,-1.4451
364.241,4,-35.9970,1.7620,-1.4465
364.252,4,-35.9914,1.7629,-1.4478
364.263,4,-35.9859,1.7637,-1.4491
364.275,4,-35.9804,1.7643,-1.4502
364.286,4,-35.9750,1.7647,-1.4513
364.297,4,-35.9696,1.7650,-1.4523
364.308,4,-35.9643,1.7653,-1.4534
364.319,4,-35.9590,1.7656,-1.4542
364.331,4,-35.9537,1.7658,-1.4552
364.342,4,-35.9484,1.7661,-1.4560
364.353,4,-35.9432,1.7665,-1.4569
364.364,4,-35.9381,1.7668,-1.4578
364.375,4,-35.9329,1.7672,-1.4585
364.387,4,-35.9278,1.7677,-1.4594
364.397,4,-35.9229,1.7682,-1.4601
364.408,4,-35.9180,1.7686,-1.4608
364.419,4,-35.9132,1.7690,-1.4615
364.430,4,-35.9084,1.7693,-1.4622
364.442,4,-35.9037,1.7695,-1.4629
364.453,4,-35.8991,1.7697,-1.4636
364.462,4,-35.8944,1.7700,-1.4643
364.474,4,-35.8898,1.7701,-1.4650
364.485,4,-35.8852,1.7703,-1.4658
364.496,4,-35.8805,1.7705,-1.4665
364.507,4,-35.8759,1.7706,-1.4673
364.518,4,-35.8713,1.7707,-1.4678
364.529,4,-35.8665,1.7707,-1.4684
364.540,4,-35.8617,1.7706,-1.4689
364.552,4,-35.8571,1.7706,-1.4686
364.563,4,-35.8524,1.7704,-1.4689
364.574,4,-35.8476,1.7702,-1.4690
364.585,4,-35.8427,1.7697,-1.4694
364.596,4,-35.8378,1.7692,-1.4698
364.607,4,-35.8328,1.7685,-1.4701
364.619,4,-35.8278,1.7677,-1.4704
364.629,4,-35.8229,1.7669,-1.4706
364.641,4,-35.8181,1.7661,-1.4707
364.651,4,-35.8132,1.7653,-1.4708
364.662,4,-35.8084,1.7644,-1.4708
364.673,4,-35.8035,1.7636,-1.4706
364.685,4,-35.7987,1.7627,-1.4702
364.695,4,-35.7940,1.7619,-1.4700
364.706,4,-35.7891,1.7612,-1.4698
364.718,4,-35.7843,1.7608,-1.4694
364.729,4,-35.7795,1.7604,-1.4691
364.740,4,-35.7747,1.7600,-1.4686
364.751,4,-35.7698,1.7597,-1.4680
364.762,4,-35.7650,1.7593,-1.4675
364.773,4,-35.7601,1.7590,-1.4669
364.784,4,-35.7551,1.7586,-1.4662
364.796,4,-35.7502,1.7583,-1.4654
364.806,4,-35.7452,1.7581,-1.4646
364.818,4,-35.7402,1.7579,-1.4638
364.829,4,-35.7352,1.7576,-1.4631
364.841,4,-35.7302,1.7575,-1.4623
364.852,4,-35.7252,1.7574,-1.4615
364.863,4,-35.7200,1.7576,-1.4607
364.875,4,-35.7148,1.7583,-1.4601
364.885,4,-35.7096,1.7592,-1.4594
364.897,4,-35.7044,1.7602,-1.4587
364.908,4,-35.6994,1.7609,-1.4581
364.919,4,-35.6943,1.7617,-1.4575
364.930,4,-35.6892,1.7624,-1.4570
364.941,4,-35.6841,1.7632,-1.4566
364.953,4,-35.6790,1.7640,-1.4561
364.964,4,-35.6739,1.7646,-1.4556
364.974,4,-35.6689,1.7649,-1.4552
364.986,4,-35.6639,1.7651,-1.4549
364.997,4,-35.6590,1.7649,-1.4546
365.008,4,-35.6541,1.7648,-1.4543
365.019,4,-35.6492,1.7646,-1.4541
365.030,4,-35.6444,1.7642,-1.4539
365.041,4,-35.6396,1.7638,-1.4538
365.053,4,-35.6349,1.7633,-1.4537
365.063,4,-35.6302,1.7629,-1.4536
365.074,4,-35.6255,1.7624,-1.4537
365.085,4,-35.6209,1.7621,-1.4537
365.096,4,-35.6163,1.7617,-1.4537
365.108,4,-35.6118,1.7614,-1.4538
365.119,4,-35.6073,1.7614,-1.4539
365.130,4,-35.6030,1.7614,-1.4540
365.141,4,-35.5987,1.7615,-1.4541
365.152,4,-35.5944,1.7615,-1.4544
365.163,4,-35.5904,1.7615,-1.4545
365.174,4,-35.5864,1.7616,-1.4548
365.185,4,-35.5825,1.7616,-1.4550
365.196,4,-35.5788,1.7617,-1.4553
365.207,4,-35.5751,1.7618,-1.4557
365.218,4,-35.5715,1.7619,-1.4561
365.229,4,-35.5679,1.7619,-1.4565
365.241,4,-35.5644,1.7621,-1.4568
365.252,4,-35.5609,1.7623,-1.4573
365.263,4,-35.5575,1.7625,-1.4577
365.274,4,-35.5540,1.7627,-1.4583
365.286,4,-35.5506,1.7628,-1.4588
365.297,4,-35.5473,1.7629,-1.4595
365.308,4,-35.5442,1.7628,-1.4600
365.319,4,-35.5412,1.7626,-1.4606
365.330,4,-35.5382,1.7623,-1.4613
365.341,4,-35.5354,1.7618,-1.4619
365.352,4,-35.5329,1.7611,-1.4626
365.363,4,-35.5304,1.7605,-1.4633
365.374,4,-35.5281,1.7598,-1.4639
365.385,4,-35.5260,1.7590,-1.4647
365.396,4,-35.5239,1.7584,-1.4656
365.408,4,-35.5219,1.7579,-1.4665
365.419,4,-35.5200,1.7577,-1.4675
365.430,4,-35.5181,1.7577,-1.4684
365.441,4,-35.5164,1.7579,-1.4694
365.452,4,-35.5147,1.7582,-1.4705
365.463,4,-35.5129,1.7586,-1.4715
365.474,4,-35.5112,1.7593,-1.4728
365.486,4,-35.5095,1.7599,-1.4739
365.496,4,-35.5079,1.7605,-1.4751
365.508,4,-35.5064,1.7611,-1.4766
365.520,4,-35.5048,1.7618,-1.4780
365.531,4,-35.5032,1.7626,-1.4797
365.543,4,-35.5017,1.7636,-1.4812
365.554,4,-35.5002,1.7645,-1.4829
365.566,4,-35.4987,1.7653,-1.4846
365.578,4,-35.4973,1.7660,-1.4863
365.589,4,-35.4960,1.7666,-1.4882
365.601,4,-35.4946,1.7671,-1.4900
365.612,4,-35.4932,1.7674,-1.4919
365.624,4,-35.4918,1.7676,-1.4937
365.636,4,-35.4905,1.7676,-1.4955
365.647,4,-35.4891,1.7676,-1.4975
365.659,4,-35.4877,1.7674,-1.4992
365.671,4,-35.4863,1.7671,-1.5010
365.682,4,-35.4849,1.7669,-1.5027
365.693,4,-35.4834,1.7667,-1.5043
365.705,4,-35.4819,1.7665,-1.5058
365.716,4,-35.4803,1.7663,-1.5073
365.728,4,-35.4787,1.7662,-1.5087
365.739,4,-35.4771,1.7660,-1.5100
365.750,4,-35.4755,1.7660,-1.5113
365.761,4,-35.4739,1.7660,-1.5125
365.772,4,-35.4722,1.7660,-1.5137
365.783,4,-35.4706,1.7660,-1.5148
365.795,4,-35.4692,1.7661,-1.5160
365.806,4,-35.4677,1.7662,-1.5172
365.817,4,-35.4662,1.7663,-1.5184
365.828,4,-35.4647,1.7664,-1.5195
365.839,4,-35.4632,1.7666,-1.5206
365.850,4,-35.4617,1.7667,-1.5220
365.861,4,-35.4601,1.7669,-1.5233
365.873,4,-35.4585,1.7672,-1.5246
365.884,4,-35.4569,1.7674,-1.5258
365.895,4,-35.4553,1.7676,-1.5272
365.907,4,-35.4537,1.7678,-1.5284
365.917,4,-35.4520,1.7679,-1.5297
365.928,4,-35.4503,1.7680,-1.5312
365.939,4,-35.4486,1.7681,-1.5326
365.951,4,-35.4469,1.7680,-1.5339
365.961,4,-35.4452,1.7679,-1.5353
365.973,4,-35.4435,1.7678,-1.5367
365.984,4,-35.4419,1.7676,-1.5380
365.995,4,-35.4402,1.7672,-1.5392
366.006,4,-35.4385,1.7670,-1.5406
366.017,4,-35.4368,1.7666,-1.5419
366.029,4,-35.4352,1.7663,-1.5432
366.040,4,-35.4336,1.7660,-1.5444
366.051,4,-35.4319,1.7657,-1.5457
366.062,4,-35.4303,1.7655,-1.5470
366.073,4,-35.4287,1.7653,-1.5485
366.084,4,-35.4270,1.7651,-1.5498
366.096,4,-35.4254,1.7651,-1.5514
366.107,4,-35.4238,1.7651,-1.5527
366.118,4,-35.4223,1.7651,-1.5540
366.129,4,-35.4208,1.7650,-1.5553
366.140,4,-35.4194,1.7646,-1.5566
366.151,4,-35.4180,1.7642,-1.5574
366.162,4,-35.4168,1.7640,-1.5586
366.174,4,-35.4155,1.7639,-1.5598
366.185,4,-35.4142,1.7639,-1.5608
366.196,4,-35.4130,1.7641,-1.5620
366.207,4,-35.4117,1.7642,-1.5631
366.218,4,-35.4105,1.7645,-1.5644
366.230,4,-35.4093,1.7648,-1.5655
366.241,4,-35.4082,1.7652,-1.5668
366.252,4,-35.4071,1.7653,-1.5680
366.262,4,-35.4061,1.7655,-1.5693
366.273,4,-35.4053,1.7654,-1.5701
366.284,4,-35.4043,1.7654,-1.5713
366.295,4,-35.4036,1.7653,-1.5725
366.306,4,-35.4028,1.7652,-1.5738
366.318,4,-35.4022,1.7650,-1.5749
366.329,4,-35.4015,1.7647,-1.5759
366.340,4,-35.4009,1.7644,-1.5768
366.351,4,-35.4003,1.7640,-1.5777
366.362,4,-35.3997,1.7637,-1.5786
366.373,4,-35.3993,1.7632,-1.5794
366.384,4,-35.3988,1.7628,-1.5803
366.395,4,-35.3984,1.7623,-1.5811
366.406,4,-35.3981,1.7618,-1.5818
366.417,4,-35.3980,1.7612,-1.5826
366.429,4,-35.3980,1.7606,-1.5832
366.440,4,-35.3982,1.7600,-1.5837
366.451,4,-35.3984,1.7595,-1.5843
366.463,4,-35.3990,1.7590,-1.5848
366.474,4,-35.3996,1.7586,-1.5853
366.484,4,-35.4004,1.7582,-1.5857
366.495,4,-35.4013,1.7578,-1.5861
366.506,4,-35.4024,1.7574,-1.5860
366.517,4,-35.4035,1.7569,-1.5861
366.528,4,-35.4046,1.7565,-1.5862
366.539,4,-35.4058,1.7563,-1.5863
366.551,4,-35.4071,1.7561,-1.5863
366.562,4,-35.4083,1.7561,-1.5862
366.572,4,-35.4096,1.7560,-1.5860
366.584,4,-35.4111,1.7560,-1.5857
366.596,4,-35.4126,1.7560,-1.5853
366.607,4,-35.4143,1.7561,-1.5850
366.618,4,-35.4159,1.7562,-1.5847
366.630,4,-35.4177,1.7564,-1.5844
366.641,4,-35.4197,1.7566,-1.5840
366.653,4,-35.4218,1.7567,-1.5838
366.665,4,-35.4241,1.7568,-1.5830
366.676,4,-35.4266,1.7568,-1.5823
366.688,4,-35.4292,1.7569,-1.5816
366.699,4,-35.4318,1.7571,-1.5808
366.711,4,-35.4346,1.7573,-1.5800
366.723,4,-35.4375,1.7574,-1.5791
366.734,4,-35.4406,1.7575,-1.5782
366.746,4,-35.4438,1.7575,-1.5772
366.757,4,-35.4471,1.7576,-1.5761
366.769,4,-35.4505,1.7576,-1.5750
366.780,4,-35.4541,1.7576,-1.5737
366.792,4,-35.4575,1.7576,-1.5726
366.803,4,-35.4612,1.7576,-1.5714
366.815,4,-35.4650,1.7576,-1.5700
366.826,4,-35.4689,1.7577,-1.5687
366.837,4,-35.4727,1.7579,-1.5673
366.849,4,-35.4767,1.7581,-1.5658
366.860,4,-35.4807,1.7584,-1.5643
366.871,4,-35.4846,1.7585,-1.5627
366.883,4,-35.4886,1.7585,-1.5609
366.894,4,-35.4926,1.7582,-1.5591
366.905,4,-35.4966,1.7580,-1.5572
366.916,4,-35.5005,1.7577,-1.5552
366.927,4,-35.5043,1.7574,-1.5532
366.939,4,-35.5080,1.7571,-1.5512
366.950,4,-35.5117,1.7568,-1.5490
366.961,4,-35.5154,1.7566,-1.5471
366.972,4,-35.5191,1.7566,-1.5452
366.984,4,-35.5226,1.7565,-1.5432
366.995,4,-35.5261,1.7565,-1.5413
367.006,4,-35.5296,1.7563,-1.5394
367.017,4,-35.5329,1.7561,-1.5376
367.029,4,-35.5363,1.7559,-1.5357
367.040,4,-35.5397,1.7556,-1.5340
367.051,4,-35.5430,1.7553,-1.5325
367.062,4,-35.5462,1.7552,-1.5310
367.073,4,-35.5492,1.7553,-1.5294
367.084,4,-35.5521,1.7552,-1.5278
367.095,4,-35.5550,1.7554,-1.5263
367.106,4,-35.5576,1.7553,-1.5250
367.117,4,-35.5603,1.7554,-1.5238
367.128,4,-35.5627,1.7557,-1.5227
367.140,4,-35.5650,1.7560,-1.5218
367.151,4,-35.5674,1.7563,-1.5208
367.161,4,-35.5695,1.7568,-1.5200
367.173,4,-35.5715,1.7573,-1.5193
367.184,4,-35.5734,1.7578,-1.5189
367.195,4,-35.5754,1.7583,-1.5184
367.206,4,-35.5772,1.7590,-1.5179
367.217,4,-35.5790,1.7596,-1.5176
367.228,4,-35.5809,1.7603,-1.5173
367.239,4,-35.5826,1.7611,-1.5172
367.250,4,-35.5843,1.7617,-1.5171
367.261,4,-35.5860,1.7622,-1.5170
367.272,4,-35.5876,1.7625,-1.5170
367.283,4,-35.5893,1.7629,-1.5170
367.294,4,-35.5909,1.7631,-1.5170
367.305,4,-35.5926,1.7632,-1.5166
367.316,4,-35.5943,1.7633,-1.5167
367.328,4,-35.5958,1.7633,-1.5167
367.339,4,-35.5974,1.7632,-1.5168
367.350,4,-35.5989,1.7630,-1.5169
367.361,4,-35.6004,1.7628,-1.5172
367.373,4,-35.6018,1.7626,-1.5175
367.383,4,-35.6031,1.7623,-1.5178
367.394,4,-35.6044,1.7620,-1.5182
367.406,4,-35.6057,1.7617,-1.5186
367.417,4,-35.6067,1.7612,-1.5191
367.428,4,-35.6078,1.7608,-1.5195
367.439,4,-35.6086,1.7602,-1.5203
367.451,4,-35.6094,1.7597,-1.5210
367.462,4,-35.6101,1.7592,-1.5218
367.473,4,-35.6108,1.7588,-1.5224

# --- Trial 5 start ---
379.524,5,-39.3203,1.7281,-1.4684
379.539,5,-39.3187,1.7270,-1.4706
379.547,5,-39.3173,1.7261,-1.4727
379.555,5,-39.3157,1.7250,-1.4749
379.567,5,-39.3141,1.7239,-1.4771
379.579,5,-39.3125,1.7226,-1.4792
379.590,5,-39.3108,1.7213,-1.4814
379.608,5,-39.3091,1.7196,-1.4835
379.621,5,-39.3072,1.7179,-1.4858
379.628,5,-39.3055,1.7165,-1.4879
379.640,5,-39.3037,1.7148,-1.4901
379.657,5,-39.3000,1.7114,-1.4946
379.666,5,-39.2981,1.7097,-1.4969
379.683,5,-39.2964,1.7076,-1.4993
379.695,5,-39.2946,1.7057,-1.5016
379.706,5,-39.2929,1.7039,-1.5039
379.717,5,-39.2910,1.7020,-1.5063
379.729,5,-39.2894,1.7002,-1.5085
379.740,5,-39.2875,1.6984,-1.5108
379.752,5,-39.2858,1.6966,-1.5130
379.763,5,-39.2840,1.6948,-1.5152
379.775,5,-39.2823,1.6931,-1.5172
379.786,5,-39.2807,1.6913,-1.5192
379.797,5,-39.2791,1.6895,-1.5211
379.809,5,-39.2777,1.6877,-1.5228
379.820,5,-39.2762,1.6859,-1.5244
379.832,5,-39.2746,1.6841,-1.5259
379.843,5,-39.2732,1.6823,-1.5273
379.854,5,-39.2717,1.6805,-1.5285
379.865,5,-39.2703,1.6787,-1.5297
379.876,5,-39.2689,1.6769,-1.5307
379.887,5,-39.2677,1.6751,-1.5317
379.899,5,-39.2663,1.6734,-1.5325
379.910,5,-39.2650,1.6715,-1.5334
379.921,5,-39.2639,1.6698,-1.5341
379.932,5,-39.2628,1.6682,-1.5348
379.943,5,-39.2618,1.6668,-1.5353
379.954,5,-39.2609,1.6655,-1.5357
379.965,5,-39.2599,1.6642,-1.5361
379.977,5,-39.2591,1.6632,-1.5364
379.988,5,-39.2585,1.6622,-1.5365
379.999,5,-39.2579,1.6612,-1.5367
380.013,5,-39.2575,1.6606,-1.5367
380.022,5,-39.2570,1.6600,-1.5366
380.032,5,-39.2566,1.6596,-1.5365
380.043,5,-39.2562,1.6594,-1.5363
380.055,5,-39.2560,1.6593,-1.5360
380.065,5,-39.2559,1.6592,-1.5356
380.077,5,-39.2558,1.6592,-1.5352
380.088,5,-39.2559,1.6595,-1.5347
380.099,5,-39.2560,1.6600,-1.5340
380.110,5,-39.2560,1.6605,-1.5334
380.121,5,-39.2561,1.6612,-1.5327
380.132,5,-39.2563,1.6621,-1.5319
380.143,5,-39.2568,1.6632,-1.5309
380.154,5,-39.2571,1.6644,-1.5300
380.165,5,-39.2575,1.6659,-1.5289
380.176,5,-39.2580,1.6675,-1.5277
380.188,5,-39.2583,1.6694,-1.5264
380.198,5,-39.2587,1.6713,-1.5251
380.210,5,-39.2591,1.6738,-1.5236
380.220,5,-39.2596,1.6763,-1.5220
380.231,5,-39.2601,1.6789,-1.5203
380.242,5,-39.2608,1.6818,-1.5184
380.254,5,-39.2614,1.6847,-1.5165
380.265,5,-39.2621,1.6880,-1.5144
380.276,5,-39.2628,1.6911,-1.5122
380.287,5,-39.2635,1.6944,-1.5099
380.298,5,-39.2641,1.6979,-1.5074
380.309,5,-39.2649,1.7014,-1.5047
380.321,5,-39.2658,1.7049,-1.5018
380.332,5,-39.2666,1.7084,-1.4989
380.343,5,-39.2673,1.7118,-1.4958
380.354,5,-39.2681,1.7151,-1.4926
380.365,5,-39.2688,1.7182,-1.4894
380.376,5,-39.2696,1.7212,-1.4860
380.388,5,-39.2703,1.7238,-1.4825
380.398,5,-39.2712,1.7264,-1.4789
380.410,5,-39.2719,1.7285,-1.4752
380.421,5,-39.2726,1.7305,-1.4715
380.432,5,-39.2733,1.7322,-1.4677
380.444,5,-39.2738,1.7335,-1.4638
380.455,5,-39.2744,1.7345,-1.4600
380.467,5,-39.2750,1.7354,-1.4559
380.478,5,-39.2755,1.7359,-1.4519
380.490,5,-39.2759,1.7364,-1.4479
380.502,5,-39.2762,1.7366,-1.4439
380.514,5,-39.2765,1.7367,-1.4398
380.526,5,-39.2767,1.7366,-1.4359
380.537,5,-39.2767,1.7364,-1.4318
380.549,5,-39.2767,1.7362,-1.4279
380.561,5,-39.2764,1.7361,-1.4239
380.572,5,-39.2762,1.7361,-1.4201
380.584,5,-39.2757,1.7364,-1.4163
380.596,5,-39.2751,1.7370,-1.4126
380.608,5,-39.2743,1.7378,-1.4089
380.619,5,-39.2733,1.7386,-1.4053
380.632,5,-39.2722,1.7394,-1.4019
380.643,5,-39.2712,1.7399,-1.3985
380.652,5,-39.2703,1.7401,-1.3951
380.664,5,-39.2694,1.7400,-1.3917
380.675,5,-39.2684,1.7398,-1.3885
380.686,5,-39.2674,1.7395,-1.3854
380.698,5,-39.2663,1.7392,-1.3824
380.709,5,-39.2649,1.7390,-1.3796
380.720,5,-39.2636,1.7390,-1.3768
380.732,5,-39.2620,1.7393,-1.3742
380.743,5,-39.2605,1.7395,-1.3717
380.754,5,-39.2589,1.7397,-1.3693
380.766,5,-39.2572,1.7396,-1.3669
380.777,5,-39.2557,1.7395,-1.3647
380.788,5,-39.2540,1.7392,-1.3627
380.799,5,-39.2523,1.7387,-1.3608
380.810,5,-39.2507,1.7384,-1.3589
380.821,5,-39.2489,1.7381,-1.3572
380.832,5,-39.2473,1.7381,-1.3557
380.844,5,-39.2456,1.7383,-1.3545
380.855,5,-39.2437,1.7387,-1.3532
380.866,5,-39.2419,1.7392,-1.3520
380.877,5,-39.2399,1.7398,-1.3511
380.888,5,-39.2378,1.7404,-1.3501
380.899,5,-39.2355,1.7411,-1.3493
380.910,5,-39.2332,1.7417,-1.3485
380.921,5,-39.2310,1.7423,-1.3478
380.932,5,-39.2286,1.7427,-1.3472
380.943,5,-39.2260,1.7431,-1.3467
380.955,5,-39.2233,1.7435,-1.3461
380.966,5,-39.2206,1.7437,-1.3457
380.977,5,-39.2176,1.7438,-1.3454
380.988,5,-39.2148,1.7440,-1.3452
381.000,5,-39.2117,1.7439,-1.3451
381.010,5,-39.2084,1.7439,-1.3453
381.021,5,-39.2051,1.7439,-1.3454
381.033,5,-39.2017,1.7439,-1.3456
381.044,5,-39.1981,1.7437,-1.3462
381.055,5,-39.1945,1.7435,-1.3467
381.066,5,-39.1911,1.7433,-1.3474
381.077,5,-39.1875,1.7429,-1.3482
381.089,5,-39.1839,1.7425,-1.3491
381.100,5,-39.1802,1.7419,-1.3501
381.111,5,-39.1765,1.7414,-1.3511
381.122,5,-39.1728,1.7408,-1.3521
381.133,5,-39.1690,1.7403,-1.3531
381.144,5,-39.1654,1.7398,-1.3541
381.155,5,-39.1615,1.7393,-1.3552
381.166,5,-39.1577,1.7389,-1.3563
381.177,5,-39.1540,1.7385,-1.3575
381.188,5,-39.1501,1.7381,-1.3588
381.199,5,-39.1463,1.7377,-1.3601
381.210,5,-39.1421,1.7376,-1.3615
381.221,5,-39.1378,1.7380,-1.3631
381.232,5,-39.1336,1.7386,-1.3647
381.243,5,-39.1294,1.7394,-1.3664
381.255,5,-39.1251,1.7398,-1.3681
381.265,5,-39.1209,1.7402,-1.3698
381.277,5,-39.1167,1.7408,-1.3715
381.288,5,-39.1123,1.7414,-1.3733
381.299,5,-39.1080,1.7423,-1.3749
381.310,5,-39.1037,1.7433,-1.3766
381.321,5,-39.0993,1.7443,-1.3782
381.332,5,-39.0950,1.7454,-1.3799
381.343,5,-39.0906,1.7465,-1.3814
381.354,5,-39.0864,1.7474,-1.3829
381.365,5,-39.0821,1.7483,-1.3845
381.377,5,-39.0778,1.7490,-1.3859
381.388,5,-39.0736,1.7495,-1.3874
381.399,5,-39.0694,1.7499,-1.3887
381.410,5,-39.0651,1.7502,-1.3901
381.421,5,-39.0609,1.7504,-1.3913
381.432,5,-39.0567,1.7505,-1.3925
381.443,5,-39.0525,1.7504,-1.3936
381.455,5,-39.0481,1.7504,-1.3947
381.466,5,-39.0438,1.7504,-1.3957
381.477,5,-39.0394,1.7506,-1.3966
381.488,5,-39.0350,1.7508,-1.3974
381.499,5,-39.0306,1.7511,-1.3983
381.510,5,-39.0260,1.7515,-1.3990
381.521,5,-39.0215,1.7520,-1.3997
381.532,5,-39.0170,1.7526,-1.4004
381.544,5,-39.0125,1.7530,-1.4009
381.554,5,-39.0079,1.7533,-1.4014
381.566,5,-39.0033,1.7536,-1.4020
381.577,5,-38.9986,1.7537,-1.4024
381.588,5,-38.9939,1.7538,-1.4027
381.599,5,-38.9892,1.7539,-1.4030
381.610,5,-38.9844,1.7539,-1.4032
381.622,5,-38.9796,1.7538,-1.4033
381.632,5,-38.9747,1.7537,-1.4034
381.644,5,-38.9696,1.7536,-1.4034
381.654,5,-38.9645,1.7534,-1.4034
381.665,5,-38.9593,1.7532,-1.4034
381.677,5,-38.9541,1.7530,-1.4032
381.688,5,-38.9488,1.7527,-1.4030
381.699,5,-38.9435,1.7522,-1.4028
381.710,5,-38.9381,1.7517,-1.4026
381.721,5,-38.9327,1.7512,-1.4023
381.732,5,-38.9272,1.7506,-1.4020
381.743,5,-38.9215,1.7499,-1.4017
381.754,5,-38.9158,1.7491,-1.4013
381.766,5,-38.9100,1.7483,-1.4009
381.777,5,-38.9042,1.7474,-1.4004
381.788,5,-38.8985,1.7465,-1.3999
381.799,5,-38.8927,1.7456,-1.3993
381.810,5,-38.8869,1.7447,-1.3987
381.821,5,-38.8810,1.7437,-1.3979
381.832,5,-38.8751,1.7429,-1.3971
381.843,5,-38.8691,1.7421,-1.3963
381.854,5,-38.8632,1.7413,-1.3953
381.866,5,-38.8571,1.7408,-1.3944
381.876,5,-38.8509,1.7404,-1.3932
381.888,5,-38.8446,1.7401,-1.3921
381.899,5,-38.8381,1.7398,-1.3909
381.910,5,-38.8316,1.7397,-1.3896
381.921,5,-38.8248,1.7399,-1.3883
381.932,5,-38.8180,1.7404,-1.3869
381.944,5,-38.8110,1.7411,-1.3854
381.954,5,-38.8042,1.7417,-1.3839
381.965,5,-38.7974,1.7426,-1.3824
381.976,5,-38.7903,1.7438,-1.3809
381.987,5,-38.7834,1.7450,-1.3794
381.998,5,-38.7762,1.7468,-1.3777
382.009,5,-38.7692,1.7483,-1.3760
382.021,5,-38.7623,1.7495,-1.3745
382.031,5,-38.7553,1.7506,-1.3730
382.043,5,-38.7485,1.7514,-1.3716
382.054,5,-38.7416,1.7524,-1.3703
382.064,5,-38.7349,1.7531,-1.3689
382.076,5,-38.7282,1.7538,-1.3676
382.087,5,-38.7216,1.7543,-1.3663
382.098,5,-38.7150,1.7546,-1.3651
382.110,5,-38.7085,1.7549,-1.3640
382.121,5,-38.7021,1.7551,-1.3630
382.132,5,-38.6955,1.7552,-1.3621
382.143,5,-38.6891,1.7553,-1.3613
382.154,5,-38.6828,1.7555,-1.3605
382.165,5,-38.6765,1.7557,-1.3598
382.176,5,-38.6702,1.7558,-1.3592
382.187,5,-38.6640,1.7561,-1.3586
382.198,5,-38.6575,1.7563,-1.3581
382.210,5,-38.6511,1.7568,-1.3576
382.221,5,-38.6448,1.7570,-1.3572
382.232,5,-38.6386,1.7572,-1.3568
382.243,5,-38.6324,1.7572,-1.3564
382.254,5,-38.6262,1.7570,-1.3560
382.265,5,-38.6199,1.7570,-1.3557
382.276,5,-38.6138,1.7568,-1.3554
382.287,5,-38.6075,1.7566,-1.3551
382.298,5,-38.6013,1.7563,-1.3549
382.310,5,-38.5950,1.7562,-1.3547
382.320,5,-38.5887,1.7559,-1.3546
382.331,5,-38.5822,1.7556,-1.3545
382.342,5,-38.5758,1.7553,-1.3544
382.354,5,-38.5692,1.7550,-1.3545
382.365,5,-38.5626,1.7546,-1.3546
382.377,5,-38.5559,1.7542,-1.3548
382.388,5,-38.5493,1.7537,-1.3549
382.399,5,-38.5426,1.7532,-1.3552
382.410,5,-38.5358,1.7527,-1.3555
382.421,5,-38.5290,1.7521,-1.3560
382.432,5,-38.5223,1.7514,-1.3565
382.444,5,-38.5154,1.7507,-1.3570
382.455,5,-38.5087,1.7499,-1.3576
382.466,5,-38.5020,1.7491,-1.3583
382.477,5,-38.4952,1.7482,-1.3591
382.488,5,-38.4885,1.7474,-1.3600
382.499,5,-38.4817,1.7466,-1.3610
382.511,5,-38.4749,1.7458,-1.3621
382.522,5,-38.4682,1.7451,-1.3632
382.533,5,-38.4614,1.7446,-1.3644
382.545,5,-38.4546,1.7440,-1.3657
382.555,5,-38.4478,1.7435,-1.3672
382.566,5,-38.4409,1.7431,-1.3686
382.578,5,-38.4342,1.7427,-1.3701
382.589,5,-38.4273,1.7424,-1.3717
382.600,5,-38.4203,1.7423,-1.3732
382.611,5,-38.4135,1.7426,-1.3747
382.622,5,-38.4064,1.7431,-1.3763
382.633,5,-38.3996,1.7436,-1.3779
382.644,5,-38.3926,1.7441,-1.3795
382.656,5,-38.3854,1.7450,-1.3811
382.667,5,-38.3782,1.7461,-1.3826
382.677,5,-38.3710,1.7471,-1.3840
382.688,5,-38.3637,1.7484,-1.3853
382.700,5,-38.3559,1.7500,-1.3866
382.712,5,-38.3483,1.7516,-1.3879
382.723,5,-38.3406,1.7529,-1.3891
382.735,5,-38.3332,1.7538,-1.3902
382.746,5,-38.3258,1.7544,-1.3913
382.758,5,-38.3184,1.7549,-1.3923
382.769,5,-38.3112,1.7554,-1.3932
382.781,5,-38.3040,1.7560,-1.3940
382.793,5,-38.2968,1.7567,-1.3948
382.804,5,-38.2896,1.7574,-1.3953
382.816,5,-38.2823,1.7582,-1.3959
382.827,5,-38.2748,1.7590,-1.3963
382.839,5,-38.2674,1.7598,-1.3967
382.851,5,-38.2598,1.7606,-1.3970
382.862,5,-38.2523,1.7614,-1.3973
382.874,5,-38.2449,1.7622,-1.3975
382.885,5,-38.2374,1.7628,-1.3976
382.897,5,-38.2300,1.7632,-1.3977
382.908,5,-38.2226,1.7634,-1.3977
382.919,5,-38.2151,1.7634,-1.3978
382.931,5,-38.2076,1.7633,-1.3979
382.942,5,-38.2000,1.7631,-1.3979
382.953,5,-38.1925,1.7628,-1.3979
382.964,5,-38.1850,1.7625,-1.3980
382.975,5,-38.1773,1.7621,-1.3980
382.987,5,-38.1696,1.7615,-1.3980
382.998,5,-38.1617,1.7609,-1.3979
383.009,5,-38.1540,1.7602,-1.3978
383.020,5,-38.1463,1.7595,-1.3976
383.031,5,-38.1386,1.7586,-1.3973
383.042,5,-38.1309,1.7578,-1.3970
383.053,5,-38.1230,1.7567,-1.3966
383.065,5,-38.1152,1.7556,-1.3962
383.076,5,-38.1075,1.7544,-1.3956
383.087,5,-38.0997,1.7529,-1.3950
383.099,5,-38.0919,1.7513,-1.3944
383.110,5,-38.0841,1.7498,-1.3938
383.121,5,-38.0764,1.7484,-1.3930
383.132,5,-38.0685,1.7470,-1.3922
383.143,5,-38.0607,1.7457,-1.3912
383.155,5,-38.0530,1.7444,-1.3902
383.166,5,-38.0455,1.7433,-1.3891
383.177,5,-38.0379,1.7424,-1.3880
383.188,5,-38.0301,1.7417,-1.3868
383.199,5,-38.0223,1.7414,-1.3855
383.210,5,-38.0146,1.7411,-1.3841
383.221,5,-38.0070,1.7409,-1.3826
383.232,5,-37.9992,1.7409,-1.3811
383.243,5,-37.9913,1.7414,-1.3797
383.254,5,-37.9834,1.7423,-1.3781
383.265,5,-37.9756,1.7433,-1.3766
383.277,5,-37.9675,1.7444,-1.3751
383.288,5,-37.9595,1.7455,-1.3737
383.299,5,-37.9514,1.7468,-1.3723
383.310,5,-37.9436,1.7477,-1.3709
383.321,5,-37.9362,1.7484,-1.3697
383.332,5,-37.9289,1.7489,-1.3685
383.343,5,-37.9217,1.7492,-1.3676
383.354,5,-37.9146,1.7495,-1.3667
383.365,5,-37.9076,1.7497,-1.3660
383.376,5,-37.9006,1.7501,-1.3653
383.387,5,-37.8937,1.7505,-1.3649
383.398,5,-37.8868,1.7513,-1.3644
383.409,5,-37.8798,1.7522,-1.3640
383.420,5,-37.8728,1.7533,-1.3637
383.432,5,-37.8658,1.7541,-1.3633
383.443,5,-37.8588,1.7549,-1.3632
383.454,5,-37.8518,1.7558,-1.3631
383.465,5,-37.8448,1.7568,-1.3631
383.476,5,-37.8378,1.7578,-1.3631
383.488,5,-37.8310,1.7587,-1.3631
383.498,5,-37.8241,1.7594,-1.3632
383.510,5,-37.8173,1.7599,-1.3633
383.520,5,-37.8105,1.7602,-1.3635
383.531,5,-37.8036,1.7603,-1.3636
383.543,5,-37.7966,1.7603,-1.3637
383.554,5,-37.7897,1.7603,-1.3638
383.565,5,-37.7827,1.7601,-1.3639
383.576,5,-37.7756,1.7599,-1.3640
383.587,5,-37.7684,1.7596,-1.3643
383.599,5,-37.7612,1.7591,-1.3646
383.610,5,-37.7540,1.7586,-1.3648
383.621,5,-37.7467,1.7581,-1.3652
383.632,5,-37.7397,1.7575,-1.3655
383.643,5,-37.7324,1.7568,-1.3660
383.654,5,-37.7253,1.7561,-1.3665
383.665,5,-37.7180,1.7553,-1.3671
383.677,5,-37.7108,1.7544,-1.3678
383.688,5,-37.7034,1.7535,-1.3686
383.699,5,-37.6961,1.7524,-1.3694
383.710,5,-37.6889,1.7512,-1.3703
383.721,5,-37.6816,1.7501,-1.3712
383.733,5,-37.6743,1.7489,-1.3723
383.744,5,-37.6670,1.7479,-1.3734
383.755,5,-37.6598,1.7469,-1.3747
383.766,5,-37.6525,1.7460,-1.3760
383.777,5,-37.6451,1.7452,-1.3774
383.788,5,-37.6376,1.7446,-1.3790
383.800,5,-37.6302,1.7440,-1.3805
383.811,5,-37.6226,1.7435,-1.3823
383.822,5,-37.6152,1.7430,-1.3839
383.833,5,-37.6077,1.7425,-1.3857
383.844,5,-37.6001,1.7423,-1.3876
383.855,5,-37.5925,1.7424,-1.3895
383.866,5,-37.5849,1.7429,-1.3915
383.877,5,-37.5774,1.7434,-1.3935
383.888,5,-37.5699,1.7441,-1.3957
383.899,5,-37.5623,1.7448,-1.3978
383.910,5,-37.5548,1.7457,-1.4000
383.921,5,-37.5472,1.7468,-1.4021
383.932,5,-37.5397,1.7482,-1.4042
383.943,5,-37.5321,1.7495,-1.4063
383.954,5,-37.5245,1.7511,-1.4082
383.965,5,-37.5169,1.7528,-1.4102
383.977,5,-37.5093,1.7542,-1.4121
383.988,5,-37.5017,1.7553,-1.4140
383.999,5,-37.4941,1.7560,-1.4157
384.010,5,-37.4865,1.7566,-1.4174
384.021,5,-37.4792,1.7571,-1.4189
384.033,5,-37.4716,1.7576,-1.4204
384.043,5,-37.4643,1.7581,-1.4216
384.054,5,-37.4570,1.7586,-1.4229
384.066,5,-37.4496,1.7591,-1.4240
384.076,5,-37.4422,1.7596,-1.4250
384.088,5,-37.4347,1.7600,-1.4260
384.099,5,-37.4273,1.7604,-1.4269
384.110,5,-37.4199,1.7610,-1.4277
384.121,5,-37.4126,1.7616,-1.4285
384.132,5,-37.4052,1.7623,-1.4292
384.143,5,-37.3979,1.7629,-1.4300
384.154,5,-37.3906,1.7634,-1.4306
384.165,5,-37.3834,1.7639,-1.4312
384.176,5,-37.3763,1.7641,-1.4316
384.187,5,-37.3691,1.7643,-1.4321
384.198,5,-37.3620,1.7643,-1.4325
384.209,5,-37.3549,1.7643,-1.4328
384.221,5,-37.3477,1.7642,-1.4331
384.232,5,-37.3405,1.7641,-1.4334
384.243,5,-37.3332,1.7640,-1.4336
384.254,5,-37.3260,1.7637,-1.4338
384.265,5,-37.3187,1.7634,-1.4339
384.277,5,-37.3113,1.7630,-1.4340
384.288,5,-37.3039,1.7626,-1.4341
384.299,5,-37.2964,1.7621,-1.4341
384.310,5,-37.2890,1.7616,-1.4342
384.321,5,-37.2814,1.7609,-1.4342
384.332,5,-37.2739,1.7601,-1.4341
384.343,5,-37.2664,1.7592,-1.4340
384.354,5,-37.2588,1.7583,-1.4339
384.365,5,-37.2513,1.7571,-1.4337
384.376,5,-37.2438,1.7558,-1.4334
384.387,5,-37.2364,1.7546,-1.4332
384.399,5,-37.2289,1.7533,-1.4328
384.410,5,-37.2213,1.7522,-1.4324
384.421,5,-37.2139,1.7512,-1.4318
384.432,5,-37.2065,1.7502,-1.4312
384.443,5,-37.1991,1.7494,-1.4305
384.455,5,-37.1917,1.7486,-1.4298
384.465,5,-37.1843,1.7480,-1.4290
384.476,5,-37.1769,1.7476,-1.4282
384.487,5,-37.1693,1.7473,-1.4273
384.498,5,-37.1617,1.7474,-1.4264
384.510,5,-37.1540,1.7477,-1.4254
384.520,5,-37.1464,1.7480,-1.4244
384.532,5,-37.1388,1.7485,-1.4234
384.543,5,-37.1312,1.7492,-1.4224
384.554,5,-37.1236,1.7500,-1.4214
384.565,5,-37.1160,1.7510,-1.4205
384.576,5,-37.1083,1.7522,-1.4196
384.587,5,-37.1006,1.7537,-1.4188
384.599,5,-37.0930,1.7550,-1.4180
384.610,5,-37.0855,1.7561,-1.4173
384.621,5,-37.0779,1.7568,-1.4167
384.632,5,-37.0705,1.7573,-1.4161
384.643,5,-37.0630,1.7576,-1.4155
384.654,5,-37.0557,1.7578,-1.4149
384.665,5,-37.0484,1.7580,-1.4145
384.676,5,-37.0412,1.7583,-1.4141
384.688,5,-37.0341,1.7588,-1.4140
384.699,5,-37.0270,1.7594,-1.4139
384.709,5,-37.0199,1.7600,-1.4137
384.720,5,-37.0128,1.7604,-1.4137
384.732,5,-37.0057,1.7610,-1.4137
384.742,5,-36.9985,1.7616,-1.4137
384.754,5,-36.9913,1.7624,-1.4139
384.765,5,-36.9842,1.7630,-1.4142
384.776,5,-36.9772,1.7636,-1.4144
384.787,5,-36.9703,1.7640,-1.4146
384.798,5,-36.9634,1.7643,-1.4150
384.809,5,-36.9566,1.7644,-1.4154
384.821,5,-36.9498,1.7644,-1.4158
384.831,5,-36.9431,1.7644,-1.4162
384.842,5,-36.9362,1.7643,-1.4166
384.853,5,-36.9295,1.7641,-1.4170
384.864,5,-36.9227,1.7638,-1.4175
384.875,5,-36.9159,1.7634,-1.4181
384.887,5,-36.9090,1.7630,-1.4187
384.898,5,-36.9022,1.7625,-1.4192
384.909,5,-36.8952,1.7621,-1.4199
384.920,5,-36.8882,1.7616,-1.4207
384.932,5,-36.8812,1.7611,-1.4215
384.943,5,-36.8742,1.7604,-1.4224
384.954,5,-36.8673,1.7597,-1.4234
384.965,5,-36.8603,1.7589,-1.4243
384.976,5,-36.8534,1.7579,-1.4254
384.987,5,-36.8465,1.7570,-1.4264
384.998,5,-36.8395,1.7559,-1.4275
385.009,5,-36.8326,1.7548,-1.4288
385.020,5,-36.8257,1.7537,-1.4300
385.031,5,-36.8187,1.7527,-1.4314
385.042,5,-36.8118,1.7518,-1.4327
385.053,5,-36.8048,1.7509,-1.4342
385.065,5,-36.7979,1.7502,-1.4357
385.076,5,-36.7910,1.7496,-1.4374
385.086,5,-36.7840,1.7489,-1.4390
385.098,5,-36.7770,1.7484,-1.4407
385.109,5,-36.7700,1.7479,-1.4425
385.120,5,-36.7630,1.7476,-1.4443
385.131,5,-36.7559,1.7475,-1.4463
385.142,5,-36.7488,1.7478,-1.4483
385.153,5,-36.7418,1.7480,-1.4503
385.164,5,-36.7348,1.7483,-1.4525
385.175,5,-36.7279,1.7489,-1.4545
385.187,5,-36.7209,1.7498,-1.4566
385.198,5,-36.7141,1.7509,-1.4586
385.209,5,-36.7073,1.7521,-1.4605
385.220,5,-36.7005,1.7538,-1.4623
385.231,5,-36.6937,1.7555,-1.4640
385.242,5,-36.6871,1.7570,-1.4657
385.253,5,-36.6805,1.7584,-1.4673
385.264,5,-36.6740,1.7595,-1.4689
385.275,5,-36.6676,1.7604,-1.4703
385.287,5,-36.6613,1.7611,-1.4716
385.298,5,-36.6551,1.7614,-1.4729
385.309,5,-36.6490,1.7617,-1.4740
385.320,5,-36.6429,1.7619,-1.4751
385.331,5,-36.6368,1.7622,-1.4762
385.342,5,-36.6307,1.7624,-1.4772
385.353,5,-36.6246,1.7628,-1.4781
385.364,5,-36.6185,1.7632,-1.4790
385.375,5,-36.6124,1.7634,-1.4799
385.386,5,-36.6063,1.7637,-1.4806
385.397,5,-36.6001,1.7640,-1.4814
385.408,5,-36.5939,1.7645,-1.4822
385.419,5,-36.5878,1.7650,-1.4829
385.430,5,-36.5818,1.7655,-1.4836
385.441,5,-36.5758,1.7658,-1.4842
385.453,5,-36.5698,1.7661,-1.4848
385.464,5,-36.5639,1.7664,-1.4855
385.476,5,-36.5580,1.7665,-1.4861
385.487,5,-36.5522,1.7666,-1.4867
385.498,5,-36.5464,1.7667,-1.4872
385.510,5,-36.5406,1.7667,-1.4878
385.520,5,-36.5349,1.7667,-1.4883
385.531,5,-36.5292,1.7667,-1.4888
385.543,5,-36.5236,1.7667,-1.4892
385.554,5,-36.5179,1.7666,-1.4895
385.565,5,-36.5121,1.7665,-1.4899
385.576,5,-36.5064,1.7665,-1.4902
385.587,5,-36.5005,1.7663,-1.4905
385.598,5,-36.4947,1.7660,-1.4908
385.610,5,-36.4889,1.7657,-1.4911
385.621,5,-36.4830,1.7651,-1.4913
385.632,5,-36.4771,1.7645,-1.4914
385.643,5,-36.4712,1.7638,-1.4916
385.654,5,-36.4653,1.7631,-1.4917
385.665,5,-36.4594,1.7623,-1.4918
385.676,5,-36.4535,1.7614,-1.4919
385.687,5,-36.4475,1.7606,-1.4919
385.698,5,-36.4416,1.7596,-1.4919
385.710,5,-36.4356,1.7587,-1.4918
385.721,5,-36.4297,1.7578,-1.4916
385.732,5,-36.4237,1.7571,-1.4913
385.742,5,-36.4177,1.7564,-1.4909
385.754,5,-36.4117,1.7558,-1.4904
385.765,5,-36.4056,1.7553,-1.4897
385.776,5,-36.3995,1.7548,-1.4889
385.787,5,-36.3934,1.7544,-1.4882
385.798,5,-36.3873,1.7542,-1.4873
385.809,5,-36.3811,1.7540,-1.4864
385.820,5,-36.3749,1.7540,-1.4854
385.831,5,-36.3686,1.7541,-1.4845
385.842,5,-36.3623,1.7544,-1.4834
385.853,5,-36.3559,1.7548,-1.4823
385.864,5,-36.3495,1.7552,-1.4812
385.876,5,-36.3430,1.7557,-1.4802
385.887,5,-36.3365,1.7564,-1.4792
385.898,5,-36.3299,1.7576,-1.4783
385.909,5,-36.3233,1.7593,-1.4773
385.920,5,-36.3170,1.7607,-1.4764
385.931,5,-36.3107,1.7618,-1.4756
385.942,5,-36.3045,1.7627,-1.4748
385.953,5,-36.2983,1.7635,-1.4741
385.964,5,-36.2922,1.7640,-1.4735
385.976,5,-36.2862,1.7644,-1.4730
385.987,5,-36.2803,1.7646,-1.4725
385.998,5,-36.2743,1.7647,-1.4721
386.009,5,-36.2685,1.7646,-1.4718
386.020,5,-36.2627,1.7646,-1.4715
386.031,5,-36.2568,1.7647,-1.4713
386.042,5,-36.2509,1.7650,-1.4712
386.054,5,-36.2450,1.7653,-1.4711
386.065,5,-36.2390,1.7655,-1.4710
386.076,5,-36.2331,1.7657,-1.4709
386.087,5,-36.2271,1.7659,-1.4709
386.098,5,-36.2213,1.7660,-1.4710
386.110,5,-36.2154,1.7663,-1.4710
386.120,5,-36.2096,1.7667,-1.4710
386.131,5,-36.2040,1.7670,-1.4711
386.143,5,-36.1984,1.7673,-1.4711
386.154,5,-36.1930,1.7674,-1.4712
386.164,5,-36.1876,1.7674,-1.4713
386.176,5,-36.1824,1.7673,-1.4713
386.187,5,-36.1771,1.7672,-1.4714
386.197,5,-36.1720,1.7671,-1.4714
386.209,5,-36.1668,1.7670,-1.4713
386.220,5,-36.1617,1.7669,-1.4713
386.231,5,-36.1567,1.7668,-1.4714
386.242,5,-36.1516,1.7666,-1.4714
386.253,5,-36.1466,1.7665,-1.4714
386.264,5,-36.1415,1.7664,-1.4715
386.275,5,-36.1365,1.7664,-1.4716
386.286,5,-36.1314,1.7662,-1.4719
386.298,5,-36.1263,1.7659,-1.4720
386.309,5,-36.1212,1.7656,-1.4723
386.320,5,-36.1163,1.7651,-1.4725
386.331,5,-36.1113,1.7647,-1.4728
386.342,5,-36.1068,1.7642,-1.4720
386.353,5,-36.1019,1.7637,-1.4724
386.365,5,-36.0971,1.7630,-1.4728
386.375,5,-36.0923,1.7624,-1.4732
386.386,5,-36.0875,1.7616,-1.4738
386.398,5,-36.0829,1.7609,-1.4744
386.409,5,-36.0782,1.7603,-1.4750
386.420,5,-36.0736,1.7598,-1.4757
386.431,5,-36.0690,1.7593,-1.4765
386.442,5,-36.0643,1.7589,-1.4774
386.453,5,-36.0596,1.7585,-1.4783
386.464,5,-36.0550,1.7582,-1.4793
386.475,5,-36.0505,1.7578,-1.4804
386.486,5,-36.0459,1.7574,-1.4815
386.497,5,-36.0414,1.7571,-1.4828
386.509,5,-36.0368,1.7568,-1.4842
386.520,5,-36.0323,1.7566,-1.4856
386.531,5,-36.0278,1.7566,-1.4870
386.542,5,-36.0233,1.7567,-1.4885
386.553,5,-36.0188,1.7570,-1.4901
386.564,5,-36.0142,1.7574,-1.4917
386.575,5,-36.0098,1.7579,-1.4933
386.586,5,-36.0053,1.7584,-1.4951
386.598,5,-36.0007,1.7589,-1.4968
386.609,5,-35.9962,1.7595,-1.4984
386.620,5,-35.9915,1.7604,-1.5001
386.631,5,-35.9869,1.7614,-1.5017
386.642,5,-35.9821,1.7626,-1.5034
386.653,5,-35.9774,1.7638,-1.5050
386.664,5,-35.9726,1.7648,-1.5067
386.675,5,-35.9679,1.7658,-1.5082
386.686,5,-35.9631,1.7666,-1.5097
386.697,5,-35.9582,1.7674,-1.5112
386.709,5,-35.9534,1.7681,-1.5125
386.720,5,-35.9485,1.7686,-1.5139
386.730,5,-35.9436,1.7690,-1.5152
386.741,5,-35.9386,1.7691,-1.5164
386.753,5,-35.9338,1.7690,-1.5176
386.764,5,-35.9287,1.7688,-1.5188
386.776,5,-35.9236,1.7683,-1.5199
386.787,5,-35.9185,1.7678,-1.5211
386.799,5,-35.9134,1.7672,-1.5221
386.811,5,-35.9083,1.7666,-1.5231
386.822,5,-35.9032,1.7661,-1.5241
386.834,5,-35.8981,1.7657,-1.5250
386.845,5,-35.8931,1.7653,-1.5258
386.857,5,-35.8881,1.7651,-1.5266
386.869,5,-35.8832,1.7651,-1.5273
386.881,5,-35.8782,1.7651,-1.5280
386.891,5,-35.8733,1.7652,-1.5286
386.903,5,-35.8685,1.7655,-1.5292
386.915,5,-35.8636,1.7659,-1.5297
386.927,5,-35.8588,1.7662,-1.5301
386.938,5,-35.8540,1.7666,-1.5305
386.950,5,-35.8494,1.7668,-1.5309
386.961,5,-35.8447,1.7671,-1.5312
386.973,5,-35.8401,1.7673,-1.5315
386.984,5,-35.8355,1.7674,-1.5318
386.996,5,-35.8309,1.7675,-1.5320
387.006,5,-35.8262,1.7675,-1.5322
387.018,5,-35.8216,1.7675,-1.5323
387.029,5,-35.8169,1.7675,-1.5324
387.040,5,-35.8122,1.7675,-1.5325
387.052,5,-35.8076,1.7673,-1.5325
387.063,5,-35.8029,1.7672,-1.5325
387.074,5,-35.7983,1.7671,-1.5325
387.086,5,-35.7937,1.7669,-1.5324
387.097,5,-35.7890,1.7666,-1.5323
387.108,5,-35.7844,1.7661,-1.5321
387.119,5,-35.7799,1.7656,-1.5319
387.130,5,-35.7753,1.7650,-1.5317
387.142,5,-35.7708,1.7644,-1.5314
387.153,5,-35.7664,1.7639,-1.5310
387.164,5,-35.7620,1.7633,-1.5306
387.176,5,-35.7576,1.7628,-1.5301
387.186,5,-35.7534,1.7623,-1.5295
387.197,5,-35.7491,1.7618,-1.5289
387.208,5,-35.7446,1.7613,-1.5283
387.220,5,-35.7402,1.7610,-1.5275
387.231,5,-35.7358,1.7607,-1.5268
387.242,5,-35.7313,1.7605,-1.5258
387.253,5,-35.7269,1.7602,-1.5249
387.264,5,-35.7224,1.7598,-1.5235
387.275,5,-35.7179,1.7594,-1.5223
387.286,5,-35.7133,1.7591,-1.5212
387.297,5,-35.7087,1.7588,-1.5200
387.309,5,-35.7041,1.7586,-1.5188
387.320,5,-35.6994,1.7583,-1.5174
387.330,5,-35.6948,1.7578,-1.5161
387.342,5,-35.6902,1.7574,-1.5148
387.353,5,-35.6856,1.7571,-1.5135
387.364,5,-35.6810,1.7570,-1.5121
387.375,5,-35.6763,1.7573,-1.5108
387.386,5,-35.6716,1.7578,-1.5094
387.397,5,-35.6669,1.7587,-1.5081
387.408,5,-35.6622,1.7596,-1.5068
387.420,5,-35.6575,1.7604,-1.5054
387.430,5,-35.6529,1.7612,-1.5042
387.441,5,-35.6482,1.7619,-1.5029
387.452,5,-35.6435,1.7627,-1.5017
387.463,5,-35.6389,1.7635,-1.5004
387.475,5,-35.6344,1.7641,-1.4991
387.486,5,-35.6299,1.7646,-1.4979
387.497,5,-35.6256,1.7650,-1.4968
387.508,5,-35.6214,1.7651,-1.4958
387.519,5,-35.6172,1.7652,-1.4948
387.531,5,-35.6131,1.7652,-1.4939
387.542,5,-35.6089,1.7650,-1.4929
387.553,5,-35.6048,1.7649,-1.4922
387.564,5,-35.6006,1.7647,-1.4914
387.575,5,-35.5965,1.7646,-1.4907
387.586,5,-35.5924,1.7644,-1.4902
387.597,5,-35.5883,1.7642,-1.4896
387.608,5,-35.5841,1.7641,-1.4891
387.620,5,-35.5800,1.7641,-1.4887
387.631,5,-35.5759,1.7641,-1.4882
387.642,5,-35.5718,1.7641,-1.4880
387.653,5,-35.5678,1.7642,-1.4878
387.664,5,-35.5638,1.7644,-1.4878
387.675,5,-35.5599,1.7645,-1.4876
387.687,5,-35.5558,1.7646,-1.4876
387.698,5,-35.5518,1.7646,-1.4875
387.710,5,-35.5478,1.7647,-1.4875
387.721,5,-35.5440,1.7647,-1.4875
387.734,5,-35.5401,1.7646,-1.4875
387.745,5,-35.5363,1.7647,-1.4877
387.756,5,-35.5325,1.7647,-1.4879
387.768,5,-35.5288,1.7647,-1.4882
387.780,5,-35.5250,1.7647,-1.4884
387.791,5,-35.5213,1.7649,-1.4888
387.803,5,-35.5175,1.7650,-1.4892
387.814,5,-35.5137,1.7651,-1.4895
387.826,5,-35.5099,1.7652,-1.4900
387.837,5,-35.5062,1.7652,-1.4905
387.849,5,-35.5027,1.7652,-1.4909
387.861,5,-35.4991,1.7651,-1.4914
387.872,5,-35.4957,1.7650,-1.4920
387.883,5,-35.4923,1.7647,-1.4925
387.894,5,-35.4890,1.7644,-1.4931
387.906,5,-35.4857,1.7642,-1.4938
387.917,5,-35.4826,1.7639,-1.4944
387.929,5,-35.4794,1.7634,-1.4951
387.940,5,-35.4764,1.7630,-1.4959
387.951,5,-35.4734,1.7626,-1.4966
387.963,5,-35.4705,1.7621,-1.4975
387.974,5,-35.4677,1.7616,-1.4984
387.985,5,-35.4650,1.7612,-1.4994
387.997,5,-35.4623,1.7607,-1.5003
388.008,5,-35.4597,1.7603,-1.5013
388.019,5,-35.4571,1.7600,-1.5024
388.030,5,-35.4545,1.7599,-1.5037
388.041,5,-35.4519,1.7600,-1.5049
388.053,5,-35.4494,1.7602,-1.5060
388.064,5,-35.4467,1.7607,-1.5072
388.075,5,-35.4442,1.7612,-1.5084
388.086,5,-35.4415,1.7619,-1.5096
388.098,5,-35.4390,1.7625,-1.5107
388.108,5,-35.4366,1.7631,-1.5120
388.119,5,-35.4341,1.7636,-1.5131
388.130,5,-35.4316,1.7642,-1.5140
388.141,5,-35.4292,1.7648,-1.5150
388.152,5,-35.4268,1.7654,-1.5160
388.163,5,-35.4245,1.7659,-1.5169
388.174,5,-35.4223,1.7663,-1.5178
388.185,5,-35.4201,1.7667,-1.5189
388.197,5,-35.4179,1.7672,-1.5198
388.208,5,-35.4157,1.7676,-1.5206
388.219,5,-35.4134,1.7680,-1.5214
388.231,5,-35.4112,1.7681,-1.5222
388.243,5,-35.4090,1.7682,-1.5230
388.254,5,-35.4069,1.7681,-1.5239
388.266,5,-35.4049,1.7680,-1.5249
388.277,5,-35.4029,1.7677,-1.5257
388.289,5,-35.4010,1.7675,-1.5264
388.301,5,-35.3990,1.7673,-1.5270
388.312,5,-35.3972,1.7672,-1.5277
388.324,5,-35.3953,1.7671,-1.5282
388.335,5,-35.3936,1.7669,-1.5287
388.347,5,-35.3917,1.7670,-1.5292
388.359,5,-35.3900,1.7671,-1.5297
388.370,5,-35.3884,1.7671,-1.5301
388.382,5,-35.3869,1.7670,-1.5306
388.393,5,-35.3854,1.7670,-1.5310
388.405,5,-35.3840,1.7669,-1.5314
388.416,5,-35.3828,1.7669,-1.5318
388.427,5,-35.3816,1.7668,-1.5322
388.439,5,-35.3805,1.7667,-1.5325
388.450,5,-35.3795,1.7666,-1.5328
388.461,5,-35.3787,1.7665,-1.5330
388.472,5,-35.3777,1.7665,-1.5332
388.484,5,-35.3769,1.7663,-1.5333
388.495,5,-35.3762,1.7661,-1.5334
388.506,5,-35.3755,1.7659,-1.5336
388.518,5,-35.3747,1.7658,-1.5336
388.529,5,-35.3741,1.7655,-1.5336
388.540,5,-35.3736,1.7653,-1.5336
388.551,5,-35.3732,1.7648,-1.5335
388.562,5,-35.3728,1.7645,-1.5334
388.573,5,-35.3723,1.7643,-1.5332
388.584,5,-35.3719,1.7644,-1.5330
388.595,5,-35.3715,1.7646,-1.5327
388.607,5,-35.3713,1.7646,-1.5323
388.619,5,-35.3710,1.7646,-1.5320
388.631,5,-35.3708,1.7647,-1.5316
388.642,5,-35.3706,1.7649,-1.5315
388.654,5,-35.3704,1.7654,-1.5312
388.665,5,-35.3702,1.7660,-1.5308
388.677,5,-35.3700,1.7667,-1.5305
388.688,5,-35.3698,1.7674,-1.5302
388.700,5,-35.3697,1.7679,-1.5298
388.712,5,-35.3695,1.7683,-1.5294
388.723,5,-35.3692,1.7686,-1.5290
388.736,5,-35.3689,1.7689,-1.5286
388.747,5,-35.3687,1.7693,-1.5281
388.757,5,-35.3684,1.7695,-1.5276
388.769,5,-35.3681,1.7696,-1.5272
388.781,5,-35.3678,1.7696,-1.5268
388.792,5,-35.3675,1.7695,-1.5263
388.804,5,-35.3672,1.7694,-1.5258
388.815,5,-35.3668,1.7693,-1.5253
388.827,5,-35.3666,1.7692,-1.5248
388.838,5,-35.3663,1.7691,-1.5243
388.849,5,-35.3661,1.7690,-1.5238
388.860,5,-35.3659,1.7687,-1.5233
388.872,5,-35.3658,1.7685,-1.5228
388.883,5,-35.3657,1.7684,-1.5222
388.895,5,-35.3657,1.7683,-1.5218
388.906,5,-35.3657,1.7682,-1.5214
388.917,5,-35.3657,1.7681,-1.5211
388.928,5,-35.3657,1.7681,-1.5207
388.940,5,-35.3658,1.7681,-1.5204

# --- Trial 6 start ---
400.314,6,-39.3060,1.7450,-1.4982
400.330,6,-39.3062,1.7450,-1.4988
400.342,6,-39.3064,1.7451,-1.4994
400.351,6,-39.3065,1.7453,-1.5000
400.359,6,-39.3068,1.7455,-1.5006
400.366,6,-39.3069,1.7458,-1.5013
400.377,6,-39.3070,1.7462,-1.5018
400.388,6,-39.3071,1.7466,-1.5024
400.400,6,-39.3072,1.7470,-1.5030
400.411,6,-39.3073,1.7474,-1.5037
400.441,6,-39.3072,1.7477,-1.5043
400.448,6,-39.3072,1.7483,-1.5057
400.456,6,-39.3070,1.7485,-1.5065
400.465,6,-39.3069,1.7486,-1.5073
400.475,6,-39.3068,1.7487,-1.5082
400.486,6,-39.3065,1.7487,-1.5092
400.497,6,-39.3062,1.7487,-1.5102
400.509,6,-39.3058,1.7487,-1.5112
400.520,6,-39.3053,1.7486,-1.5123
400.531,6,-39.3048,1.7485,-1.5134
400.542,6,-39.3043,1.7485,-1.5145
400.554,6,-39.3038,1.7483,-1.5157
400.565,6,-39.3031,1.7482,-1.5170
400.576,6,-39.3025,1.7480,-1.5183
400.587,6,-39.3018,1.7479,-1.5196
400.598,6,-39.3011,1.7478,-1.5209
400.609,6,-39.3003,1.7478,-1.5223
400.620,6,-39.2994,1.7477,-1.5237
400.631,6,-39.2985,1.7476,-1.5252
400.642,6,-39.2976,1.7474,-1.5267
400.653,6,-39.2967,1.7473,-1.5282
400.664,6,-39.2959,1.7469,-1.5298
400.675,6,-39.2949,1.7466,-1.5313
400.686,6,-39.2939,1.7463,-1.5330
400.697,6,-39.2929,1.7459,-1.5347
400.709,6,-39.2918,1.7454,-1.5366
400.720,6,-39.2908,1.7450,-1.5384
400.731,6,-39.2897,1.7445,-1.5403
400.742,6,-39.2886,1.7439,-1.5421
400.753,6,-39.2875,1.7432,-1.5441
400.765,6,-39.2863,1.7425,-1.5462
400.776,6,-39.2850,1.7418,-1.5482
400.787,6,-39.2836,1.7410,-1.5503
400.798,6,-39.2824,1.7401,-1.5524
400.809,6,-39.2811,1.7389,-1.5545
400.821,6,-39.2799,1.7376,-1.5566
400.832,6,-39.2788,1.7360,-1.5587
400.843,6,-39.2776,1.7343,-1.5607
400.855,6,-39.2764,1.7324,-1.5627
400.866,6,-39.2751,1.7306,-1.5648
400.878,6,-39.2737,1.7286,-1.5668
400.889,6,-39.2724,1.7266,-1.5688
400.899,6,-39.2713,1.7245,-1.5706
400.910,6,-39.2701,1.7222,-1.5725
400.922,6,-39.2690,1.7200,-1.5743
400.933,6,-39.2680,1.7175,-1.5761
400.944,6,-39.2672,1.7151,-1.5779
400.955,6,-39.2664,1.7126,-1.5797
400.966,6,-39.2658,1.7102,-1.5815
400.978,6,-39.2651,1.7079,-1.5832
400.989,6,-39.2646,1.7058,-1.5850
401.000,6,-39.2643,1.7038,-1.5868
401.012,6,-39.2639,1.7019,-1.5885
401.023,6,-39.2637,1.7001,-1.5903
401.034,6,-39.2636,1.6984,-1.5921
401.046,6,-39.2634,1.6967,-1.5938
401.057,6,-39.2632,1.6951,-1.5955
401.068,6,-39.2630,1.6935,-1.5972
401.079,6,-39.2630,1.6921,-1.5988
401.090,6,-39.2629,1.6907,-1.6004
401.101,6,-39.2630,1.6894,-1.6020
401.112,6,-39.2630,1.6881,-1.6034
401.123,6,-39.2629,1.6868,-1.6050
401.134,6,-39.2627,1.6856,-1.6064
401.145,6,-39.2627,1.6843,-1.6077
401.156,6,-39.2628,1.6831,-1.6090
401.167,6,-39.2628,1.6819,-1.6101
401.178,6,-39.2629,1.6809,-1.6112
401.189,6,-39.2631,1.6798,-1.6121
401.200,6,-39.2632,1.6790,-1.6129
401.212,6,-39.2634,1.6783,-1.6135
401.223,6,-39.2637,1.6779,-1.6139
401.234,6,-39.2640,1.6777,-1.6140
401.246,6,-39.2643,1.6778,-1.6141
401.257,6,-39.2648,1.6781,-1.6140
401.268,6,-39.2651,1.6787,-1.6139
401.279,6,-39.2656,1.6794,-1.6137
401.290,6,-39.2660,1.6806,-1.6133
401.302,6,-39.2664,1.6821,-1.6129
401.313,6,-39.2667,1.6836,-1.6124
401.324,6,-39.2672,1.6852,-1.6119
401.335,6,-39.2679,1.6871,-1.6112
401.346,6,-39.2685,1.6890,-1.6105
401.357,6,-39.2691,1.6910,-1.6099
401.369,6,-39.2697,1.6932,-1.6090
401.379,6,-39.2702,1.6954,-1.6081
401.391,6,-39.2708,1.6978,-1.6070
401.402,6,-39.2714,1.7002,-1.6059
401.413,6,-39.2721,1.7024,-1.6047
401.424,6,-39.2727,1.7047,-1.6034
401.435,6,-39.2733,1.7071,-1.6020
401.446,6,-39.2740,1.7096,-1.6003
401.458,6,-39.2746,1.7121,-1.5987
401.468,6,-39.2754,1.7146,-1.5969
401.479,6,-39.2761,1.7171,-1.5951
401.490,6,-39.2769,1.7196,-1.5931
401.501,6,-39.2777,1.7221,-1.5909
401.512,6,-39.2786,1.7245,-1.5889
401.523,6,-39.2795,1.7268,-1.5865
401.534,6,-39.2806,1.7291,-1.5841
401.545,6,-39.2816,1.7314,-1.5816
401.556,6,-39.2827,1.7336,-1.5791
401.567,6,-39.2837,1.7358,-1.5765
401.578,6,-39.2847,1.7379,-1.5739
401.589,6,-39.2856,1.7399,-1.5712
401.600,6,-39.2865,1.7418,-1.5685
401.612,6,-39.2873,1.7434,-1.5657
401.623,6,-39.2883,1.7449,-1.5630
401.634,6,-39.2891,1.7463,-1.5602
401.645,6,-39.2900,1.7476,-1.5573
401.656,6,-39.2910,1.7487,-1.5544
401.667,6,-39.2917,1.7496,-1.5515
401.678,6,-39.2925,1.7503,-1.5486
401.689,6,-39.2931,1.7509,-1.5457
401.701,6,-39.2936,1.7514,-1.5428
401.711,6,-39.2940,1.7517,-1.5398
401.723,6,-39.2943,1.7519,-1.5369
401.734,6,-39.2946,1.7520,-1.5339
401.745,6,-39.2948,1.7521,-1.5310
401.756,6,-39.2949,1.7521,-1.5280
401.767,6,-39.2950,1.7522,-1.5252
401.778,6,-39.2950,1.7521,-1.5223
401.789,6,-39.2948,1.7519,-1.5192
401.800,6,-39.2945,1.7518,-1.5162
401.811,6,-39.2942,1.7516,-1.5131
401.822,6,-39.2939,1.7517,-1.5101
401.834,6,-39.2931,1.7519,-1.5070
401.845,6,-39.2925,1.7522,-1.5039
401.856,6,-39.2918,1.7525,-1.5008
401.866,6,-39.2909,1.7529,-1.4977
401.878,6,-39.2902,1.7532,-1.4944
401.889,6,-39.2893,1.7536,-1.4912
401.900,6,-39.2882,1.7538,-1.4881
401.911,6,-39.2871,1.7539,-1.4850
401.923,6,-39.2861,1.7538,-1.4819
401.933,6,-39.2851,1.7538,-1.4789
401.945,6,-39.2840,1.7536,-1.4759
401.956,6,-39.2830,1.7533,-1.4730
401.967,6,-39.2819,1.7531,-1.4700
401.978,6,-39.2806,1.7528,-1.4672
401.989,6,-39.2793,1.7525,-1.4644
402.000,6,-39.2779,1.7523,-1.4617
402.011,6,-39.2763,1.7521,-1.4591
402.022,6,-39.2747,1.7520,-1.4564
402.033,6,-39.2730,1.7519,-1.4539
402.045,6,-39.2711,1.7520,-1.4513
402.056,6,-39.2693,1.7520,-1.4488
402.067,6,-39.2673,1.7519,-1.4463
402.078,6,-39.2653,1.7519,-1.4437
402.089,6,-39.2631,1.7520,-1.4412
402.101,6,-39.2609,1.7522,-1.4388
402.112,6,-39.2587,1.7523,-1.4364
402.123,6,-39.2564,1.7524,-1.4341
402.134,6,-39.2542,1.7524,-1.4318
402.145,6,-39.2518,1.7525,-1.4296
402.156,6,-39.2495,1.7523,-1.4276
402.167,6,-39.2471,1.7521,-1.4256
402.178,6,-39.2446,1.7518,-1.4237
402.189,6,-39.2420,1.7516,-1.4219
402.200,6,-39.2395,1.7513,-1.4202
402.211,6,-39.2367,1.7511,-1.4186
402.222,6,-39.2340,1.7510,-1.4170
402.233,6,-39.2312,1.7509,-1.4155
402.245,6,-39.2283,1.7509,-1.4142
402.256,6,-39.2253,1.7509,-1.4129
402.269,6,-39.2221,1.7510,-1.4118
402.278,6,-39.2189,1.7511,-1.4106
402.289,6,-39.2156,1.7513,-1.4096
402.300,6,-39.2122,1.7514,-1.4086
402.311,6,-39.2088,1.7514,-1.4077
402.322,6,-39.2054,1.7515,-1.4067
402.333,6,-39.2019,1.7515,-1.4058
402.344,6,-39.1983,1.7514,-1.4050
402.356,6,-39.1947,1.7513,-1.4042
402.367,6,-39.1911,1.7511,-1.4034
402.378,6,-39.1875,1.7510,-1.4027
402.389,6,-39.1837,1.7508,-1.4021
402.400,6,-39.1799,1.7507,-1.4015
402.411,6,-39.1760,1.7505,-1.4010
402.422,6,-39.1722,1.7502,-1.4005
402.433,6,-39.1681,1.7500,-1.4001
402.444,6,-39.1642,1.7497,-1.3996
402.455,6,-39.1602,1.7496,-1.3993
402.466,6,-39.1561,1.7493,-1.3990
402.477,6,-39.1519,1.7490,-1.3988
402.488,6,-39.1477,1.7487,-1.3986
402.499,6,-39.1435,1.7483,-1.3986
402.510,6,-39.1392,1.7480,-1.3987
402.521,6,-39.1351,1.7476,-1.3988
402.533,6,-39.1309,1.7472,-1.3990
402.544,6,-39.1267,1.7468,-1.3993
402.555,6,-39.1227,1.7465,-1.3997
402.566,6,-39.1185,1.7462,-1.4002
402.577,6,-39.1143,1.7459,-1.4008
402.588,6,-39.1102,1.7456,-1.4014
402.599,6,-39.1060,1.7453,-1.4022
402.610,6,-39.1019,1.7452,-1.4030
402.621,6,-39.0979,1.7451,-1.4039
402.632,6,-39.0936,1.7451,-1.4049
402.643,6,-39.0895,1.7452,-1.4059
402.654,6,-39.0851,1.7456,-1.4070
402.665,6,-39.0808,1.7463,-1.4081
402.677,6,-39.0764,1.7472,-1.4093
402.688,6,-39.0719,1.7482,-1.4106
402.700,6,-39.0673,1.7493,-1.4119
402.711,6,-39.0628,1.7503,-1.4132
402.722,6,-39.0583,1.7511,-1.4145
402.733,6,-39.0538,1.7518,-1.4158
402.744,6,-39.0491,1.7525,-1.4170
402.755,6,-39.0443,1.7534,-1.4184
402.767,6,-39.0394,1.7543,-1.4197
402.778,6,-39.0345,1.7552,-1.4211
402.789,6,-39.0296,1.7560,-1.4224
402.800,6,-39.0246,1.7568,-1.4237
402.811,6,-39.0196,1.7577,-1.4250
402.823,6,-39.0144,1.7585,-1.4263
402.833,6,-39.0092,1.7592,-1.4275
402.845,6,-39.0040,1.7597,-1.4287
402.856,6,-38.9988,1.7600,-1.4300
402.866,6,-38.9936,1.7601,-1.4312
402.878,6,-38.9885,1.7601,-1.4322
402.889,6,-38.9832,1.7599,-1.4332
402.900,6,-38.9780,1.7595,-1.4341
402.912,6,-38.9726,1.7592,-1.4351
402.922,6,-38.9673,1.7590,-1.4359
402.933,6,-38.9619,1.7589,-1.4366
402.944,6,-38.9566,1.7588,-1.4373
402.955,6,-38.9513,1.7587,-1.4379
402.966,6,-38.9458,1.7587,-1.4385
402.977,6,-38.9404,1.7588,-1.4390
402.988,6,-38.9349,1.7590,-1.4394
403.000,6,-38.9294,1.7592,-1.4397
403.011,6,-38.9238,1.7594,-1.4400
403.022,6,-38.9182,1.7595,-1.4402
403.033,6,-38.9127,1.7595,-1.4403
403.044,6,-38.9072,1.7595,-1.4404
403.055,6,-38.9016,1.7595,-1.4404
403.066,6,-38.8959,1.7594,-1.4404
403.078,6,-38.8901,1.7592,-1.4403
403.088,6,-38.8843,1.7590,-1.4403
403.099,6,-38.8785,1.7588,-1.4401
403.110,6,-38.8727,1.7584,-1.4399
403.122,6,-38.8666,1.7579,-1.4397
403.133,6,-38.8606,1.7574,-1.4394
403.144,6,-38.8545,1.7568,-1.4391
403.155,6,-38.8482,1.7561,-1.4385
403.167,6,-38.8421,1.7553,-1.4380
403.178,6,-38.8358,1.7544,-1.4374
403.189,6,-38.8296,1.7534,-1.4368
403.200,6,-38.8234,1.7523,-1.4361
403.211,6,-38.8171,1.7512,-1.4353
403.222,6,-38.8106,1.7500,-1.4344
403.233,6,-38.8041,1.7490,-1.4335
403.245,6,-38.7975,1.7481,-1.4324
403.256,6,-38.7912,1.7472,-1.4314
403.267,6,-38.7847,1.7466,-1.4301
403.278,6,-38.7781,1.7460,-1.4288
403.289,6,-38.7715,1.7455,-1.4275
403.300,6,-38.7650,1.7450,-1.4261
403.311,6,-38.7583,1.7446,-1.4247
403.322,6,-38.7517,1.7444,-1.4231
403.333,6,-38.7450,1.7443,-1.4215
403.344,6,-38.7383,1.7443,-1.4199
403.355,6,-38.7313,1.7446,-1.4182
403.366,6,-38.7244,1.7451,-1.4165
403.377,6,-38.7174,1.7458,-1.4148
403.388,6,-38.7104,1.7464,-1.4132
403.399,6,-38.7031,1.7472,-1.4116
403.411,6,-38.6958,1.7481,-1.4100
403.422,6,-38.6885,1.7492,-1.4084
403.433,6,-38.6814,1.7501,-1.4069
403.444,6,-38.6742,1.7508,-1.4054
403.455,6,-38.6673,1.7513,-1.4040
403.466,6,-38.6603,1.7516,-1.4028
403.477,6,-38.6535,1.7519,-1.4015
403.489,6,-38.6469,1.7520,-1.4004
403.500,6,-38.6402,1.7522,-1.3994
403.511,6,-38.6337,1.7524,-1.3985
403.522,6,-38.6273,1.7528,-1.3978
403.533,6,-38.6209,1.7534,-1.3971
403.544,6,-38.6145,1.7541,-1.3967
403.555,6,-38.6081,1.7548,-1.3963
403.566,6,-38.6018,1.7554,-1.3959
403.577,6,-38.5954,1.7559,-1.3958
403.588,6,-38.5891,1.7567,-1.3957
403.600,6,-38.5828,1.7575,-1.3956
403.611,6,-38.5764,1.7583,-1.3956
403.622,6,-38.5701,1.7589,-1.3956
403.633,6,-38.5636,1.7593,-1.3957
403.644,6,-38.5572,1.7596,-1.3958
403.655,6,-38.5508,1.7597,-1.3959
403.666,6,-38.5443,1.7598,-1.3959
403.677,6,-38.5378,1.7596,-1.3959
403.689,6,-38.5313,1.7594,-1.3960
403.700,6,-38.5247,1.7590,-1.3961
403.711,6,-38.5180,1.7585,-1.3962
403.722,6,-38.5113,1.7581,-1.3963
403.734,6,-38.5046,1.7575,-1.3965
403.744,6,-38.4979,1.7570,-1.3966
403.755,6,-38.4912,1.7564,-1.3968
403.766,6,-38.4844,1.7559,-1.3970
403.777,6,-38.4776,1.7554,-1.3973
403.788,6,-38.4706,1.7547,-1.3978
403.799,6,-38.4637,1.7540,-1.3982
403.810,6,-38.4568,1.7534,-1.3985
403.821,6,-38.4498,1.7528,-1.3990
403.833,6,-38.4429,1.7518,-1.3997
403.844,6,-38.4358,1.7509,-1.4004
403.855,6,-38.4288,1.7500,-1.4011
403.866,6,-38.4216,1.7490,-1.4020
403.877,6,-38.4145,1.7480,-1.4029
403.888,6,-38.4074,1.7470,-1.4038
403.899,6,-38.4003,1.7461,-1.4048
403.910,6,-38.3932,1.7452,-1.4059
403.921,6,-38.3862,1.7445,-1.4071
403.932,6,-38.3790,1.7440,-1.4085
403.943,6,-38.3718,1.7435,-1.4098
403.955,6,-38.3646,1.7429,-1.4112
403.966,6,-38.3573,1.7425,-1.4126
403.977,6,-38.3500,1.7422,-1.4142
403.988,6,-38.3425,1.7424,-1.4158
403.999,6,-38.3352,1.7427,-1.4174
404.011,6,-38.3277,1.7433,-1.4190
404.021,6,-38.3203,1.7439,-1.4206
404.032,6,-38.3127,1.7447,-1.4222
404.043,6,-38.3051,1.7457,-1.4238
404.054,6,-38.2976,1.7470,-1.4254
404.066,6,-38.2901,1.7482,-1.4270
404.077,6,-38.2826,1.7494,-1.4286
404.088,6,-38.2751,1.7505,-1.4302
404.099,6,-38.2675,1.7517,-1.4317
404.110,6,-38.2601,1.7528,-1.4332
404.122,6,-38.2528,1.7537,-1.4346
404.132,6,-38.2454,1.7546,-1.4359
404.143,6,-38.2381,1.7552,-1.4371
404.154,6,-38.2308,1.7557,-1.4383
404.166,6,-38.2234,1.7563,-1.4392
404.177,6,-38.2161,1.7569,-1.4401
404.188,6,-38.2087,1.7575,-1.4408
404.200,6,-38.2015,1.7581,-1.4414
404.210,6,-38.1943,1.7587,-1.4420
404.222,6,-38.1869,1.7593,-1.4424
404.233,6,-38.1794,1.7601,-1.4428
404.244,6,-38.1720,1.7610,-1.4431
404.255,6,-38.1645,1.7618,-1.4433
404.267,6,-38.1572,1.7624,-1.4435
404.278,6,-38.1499,1.7629,-1.4436
404.288,6,-38.1425,1.7633,-1.4437
404.300,6,-38.1352,1.7636,-1.4437
404.310,6,-38.1279,1.7637,-1.4436
404.321,6,-38.1206,1.7637,-1.4436
404.332,6,-38.1131,1.7636,-1.4436
404.344,6,-38.1057,1.7634,-1.4435
404.354,6,-38.0981,1.7632,-1.4435
404.365,6,-38.0907,1.7628,-1.4433
404.376,6,-38.0831,1.7624,-1.4432
404.388,6,-38.0756,1.7619,-1.4430
404.399,6,-38.0678,1.7613,-1.4427
404.410,6,-38.0601,1.7606,-1.4424
404.421,6,-38.0523,1.7598,-1.4420
404.432,6,-38.0446,1.7588,-1.4416
404.443,6,-38.0368,1.7577,-1.4411
404.454,6,-38.0292,1.7565,-1.4405
404.466,6,-38.0215,1.7551,-1.4398
404.477,6,-38.0139,1.7538,-1.4391
404.488,6,-38.0061,1.7522,-1.4384
404.499,6,-37.9984,1.7507,-1.4375
404.510,6,-37.9907,1.7492,-1.4366
404.521,6,-37.9830,1.7479,-1.4356
404.532,6,-37.9754,1.7466,-1.4345
404.543,6,-37.9677,1.7453,-1.4334
404.555,6,-37.9601,1.7443,-1.4321
404.566,6,-37.9524,1.7435,-1.4307
404.577,6,-37.9447,1.7428,-1.4294
404.588,6,-37.9370,1.7422,-1.4279
404.599,6,-37.9291,1.7420,-1.4264
404.610,6,-37.9212,1.7420,-1.4248
404.621,6,-37.9132,1.7421,-1.4232
404.632,6,-37.9051,1.7424,-1.4216
404.643,6,-37.8969,1.7432,-1.4200
404.654,6,-37.8888,1.7442,-1.4183
404.665,6,-37.8806,1.7452,-1.4166
404.676,6,-37.8724,1.7462,-1.4150
404.688,6,-37.8641,1.7477,-1.4134
404.699,6,-37.8559,1.7492,-1.4118
404.710,6,-37.8479,1.7504,-1.4102
404.721,6,-37.8398,1.7514,-1.4088
404.732,6,-37.8317,1.7523,-1.4075
404.743,6,-37.8238,1.7533,-1.4062
404.755,6,-37.8161,1.7541,-1.4052
404.765,6,-37.8085,1.7550,-1.4042
404.777,6,-37.8009,1.7558,-1.4034
404.788,6,-37.7935,1.7566,-1.4028
404.799,6,-37.7861,1.7575,-1.4022
404.810,6,-37.7786,1.7586,-1.4017
404.821,6,-37.7712,1.7597,-1.4011
404.832,6,-37.7640,1.7607,-1.4009
404.843,6,-37.7567,1.7616,-1.4004
404.854,6,-37.7494,1.7624,-1.4002
404.865,6,-37.7421,1.7634,-1.4000
404.877,6,-37.7348,1.7644,-1.3999
404.888,6,-37.7275,1.7653,-1.3997
404.899,6,-37.7202,1.7660,-1.3996
404.910,6,-37.7129,1.7664,-1.3996
404.921,6,-37.7056,1.7668,-1.3996
404.933,6,-37.6984,1.7669,-1.3996
404.945,6,-37.6910,1.7668,-1.3996
404.954,6,-37.6837,1.7666,-1.3996
404.965,6,-37.6763,1.7663,-1.3997
404.977,6,-37.6689,1.7658,-1.3998
404.987,6,-37.6614,1.7653,-1.3999
404.999,6,-37.6539,1.7646,-1.4001
405.010,6,-37.6464,1.7640,-1.4002
405.021,6,-37.6388,1.7632,-1.4005
405.032,6,-37.6314,1.7625,-1.4007
405.043,6,-37.6237,1.7618,-1.4010
405.054,6,-37.6160,1.7610,-1.4014
405.065,6,-37.6083,1.7601,-1.4018
405.076,6,-37.6005,1.7593,-1.4022
405.087,6,-37.5928,1.7583,-1.4027
405.098,6,-37.5850,1.7573,-1.4033
405.110,6,-37.5772,1.7561,-1.4039
405.121,6,-37.5695,1.7549,-1.4046
405.132,6,-37.5619,1.7536,-1.4054
405.143,6,-37.5543,1.7524,-1.4062
405.154,6,-37.5467,1.7512,-1.4072
405.165,6,-37.5391,1.7501,-1.4081
405.176,6,-37.5316,1.7491,-1.4092
405.187,6,-37.5240,1.7483,-1.4104
405.198,6,-37.5164,1.7476,-1.4116
405.210,6,-37.5088,1.7471,-1.4130
405.221,6,-37.5011,1.7465,-1.4144
405.232,6,-37.4935,1.7460,-1.4158
405.243,6,-37.4860,1.7454,-1.4172
405.254,6,-37.4784,1.7450,-1.4189
405.265,6,-37.4706,1.7448,-1.4207
405.276,6,-37.4629,1.7451,-1.4224
405.287,6,-37.4550,1.7457,-1.4242
405.298,6,-37.4474,1.7465,-1.4261
405.310,6,-37.4398,1.7471,-1.4280
405.321,6,-37.4321,1.7480,-1.4299
405.333,6,-37.4244,1.7494,-1.4317
405.343,6,-37.4168,1.7508,-1.4335
405.355,6,-37.4092,1.7525,-1.4352
405.365,6,-37.4017,1.7542,-1.4368
405.377,6,-37.3941,1.7558,-1.4383
405.388,6,-37.3866,1.7570,-1.4398
405.399,6,-37.3791,1.7579,-1.4413
405.410,6,-37.3716,1.7585,-1.4425
405.421,6,-37.3641,1.7592,-1.4437
405.432,6,-37.3567,1.7597,-1.4447
405.443,6,-37.3494,1.7604,-1.4456
405.454,6,-37.3420,1.7612,-1.4464
405.465,6,-37.3347,1.7619,-1.4471
405.476,6,-37.3275,1.7625,-1.4477
405.487,6,-37.3203,1.7630,-1.4482
405.498,6,-37.3131,1.7636,-1.4487
405.509,6,-37.3058,1.7641,-1.4491
405.520,6,-37.2986,1.7649,-1.4494
405.532,6,-37.2914,1.7656,-1.4496
405.543,6,-37.2843,1.7663,-1.4498
405.554,6,-37.2771,1.7669,-1.4501
405.565,6,-37.2700,1.7673,-1.4502
405.576,6,-37.2629,1.7678,-1.4504
405.588,6,-37.2558,1.7680,-1.4505
405.598,6,-37.2487,1.7682,-1.4506
405.610,6,-37.2416,1.7682,-1.4507
405.621,6,-37.2345,1.7680,-1.4507
405.632,6,-37.2274,1.7679,-1.4508
405.643,6,-37.2203,1.7677,-1.4508
405.654,6,-37.2133,1.7674,-1.4508
405.665,6,-37.2061,1.7672,-1.4507
405.676,6,-37.1989,1.7668,-1.4506
405.688,6,-37.1917,1.7664,-1.4504
405.699,6,-37.1845,1.7658,-1.4503
405.710,6,-37.1772,1.7652,-1.4501
405.721,6,-37.1699,1.7645,-1.4498
405.733,6,-37.1626,1.7638,-1.4495
405.743,6,-37.1554,1.7630,-1.4492
405.754,6,-37.1481,1.7620,-1.4489
405.765,6,-37.1406,1.7609,-1.4485
405.776,6,-37.1332,1.7598,-1.4481
405.787,6,-37.1258,1.7586,-1.4476
405.798,6,-37.1184,1.7574,-1.4471
405.809,6,-37.1109,1.7561,-1.4464
405.820,6,-37.1035,1.7549,-1.4457
405.831,6,-37.0960,1.7538,-1.4449
405.843,6,-37.0884,1.7527,-1.4440
405.854,6,-37.0808,1.7517,-1.4432
405.865,6,-37.0731,1.7510,-1.4421
405.876,6,-37.0654,1.7503,-1.4411
405.887,6,-37.0576,1.7497,-1.4400
405.898,6,-37.0498,1.7493,-1.4389
405.910,6,-37.0419,1.7492,-1.4377
405.921,6,-37.0340,1.7493,-1.4365
405.932,6,-37.0261,1.7497,-1.4352
405.943,6,-37.0181,1.7506,-1.4339
405.954,6,-37.0102,1.7516,-1.4326
405.965,6,-37.0024,1.7527,-1.4314
405.976,6,-36.9946,1.7541,-1.4303
405.987,6,-36.9868,1.7555,-1.4291
405.998,6,-36.9790,1.7567,-1.4280
406.009,6,-36.9713,1.7582,-1.4271
406.021,6,-36.9635,1.7592,-1.4262
406.032,6,-36.9559,1.7600,-1.4253
406.043,6,-36.9483,1.7603,-1.4247
406.053,6,-36.9408,1.7605,-1.4240
406.065,6,-36.9334,1.7605,-1.4235
406.076,6,-36.9261,1.7604,-1.4232
406.087,6,-36.9187,1.7605,-1.4229
406.098,6,-36.9113,1.7609,-1.4226
406.109,6,-36.9040,1.7614,-1.4224
406.120,6,-36.8968,1.7621,-1.4222
406.131,6,-36.8895,1.7627,-1.4221
406.142,6,-36.8822,1.7631,-1.4220
406.154,6,-36.8749,1.7637,-1.4220
406.165,6,-36.8675,1.7644,-1.4220
406.176,6,-36.8602,1.7652,-1.4221
406.187,6,-36.8529,1.7659,-1.4221
406.198,6,-36.8458,1.7666,-1.4223
406.209,6,-36.8389,1.7671,-1.4224
406.220,6,-36.8318,1.7674,-1.4226
406.231,6,-36.8247,1.7675,-1.4229
406.243,6,-36.8176,1.7674,-1.4232
406.254,6,-36.8107,1.7671,-1.4234
406.265,6,-36.8037,1.7668,-1.4237
406.277,6,-36.7967,1.7665,-1.4240
406.288,6,-36.7897,1.7662,-1.4244
406.299,6,-36.7827,1.7657,-1.4248
406.310,6,-36.7757,1.7653,-1.4251
406.321,6,-36.7686,1.7648,-1.4256
406.332,6,-36.7616,1.7643,-1.4262
406.344,6,-36.7545,1.7637,-1.4268
406.354,6,-36.7475,1.7631,-1.4275
406.365,6,-36.7404,1.7623,-1.4282
406.377,6,-36.7333,1.7614,-1.4290
406.387,6,-36.7263,1.7606,-1.4298
406.399,6,-36.7192,1.7596,-1.4307
406.410,6,-36.7121,1.7585,-1.4317
406.421,6,-36.7051,1.7573,-1.4327
406.432,6,-36.6980,1.7561,-1.4338
406.444,6,-36.6909,1.7550,-1.4349
406.455,6,-36.6839,1.7539,-1.4361
406.466,6,-36.6770,1.7527,-1.4374
406.477,6,-36.6700,1.7516,-1.4387
406.488,6,-36.6630,1.7507,-1.4401
406.499,6,-36.6560,1.7499,-1.4416
406.510,6,-36.6489,1.7492,-1.4431
406.522,6,-36.6418,1.7486,-1.4447
406.532,6,-36.6348,1.7482,-1.4463
406.543,6,-36.6277,1.7480,-1.4480
406.554,6,-36.6207,1.7480,-1.4497
406.566,6,-36.6136,1.7484,-1.4515
406.577,6,-36.6065,1.7489,-1.4533
406.587,6,-36.5995,1.7495,-1.4550
406.599,6,-36.5924,1.7504,-1.4569
406.610,6,-36.5853,1.7515,-1.4587
406.621,6,-36.5782,1.7528,-1.4605
406.633,6,-36.5711,1.7545,-1.4622
406.643,6,-36.5639,1.7563,-1.4640
406.655,6,-36.5568,1.7581,-1.4657
406.666,6,-36.5499,1.7599,-1.4673
406.677,6,-36.5429,1.7616,-1.4688
406.688,6,-36.5360,1.7631,-1.4703
406.699,6,-36.5291,1.7645,-1.4717
406.710,6,-36.5223,1.7656,-1.4730
406.721,6,-36.5155,1.7665,-1.4742
406.733,6,-36.5088,1.7671,-1.4753
406.743,6,-36.5021,1.7676,-1.4764
406.755,6,-36.4953,1.7682,-1.4774
406.766,6,-36.4886,1.7688,-1.4784
406.777,6,-36.4819,1.7694,-1.4792
406.788,6,-36.4753,1.7699,-1.4800
406.799,6,-36.4686,1.7704,-1.4808
406.810,6,-36.4619,1.7711,-1.4815
406.821,6,-36.4552,1.7718,-1.4821
406.832,6,-36.4485,1.7726,-1.4827
406.843,6,-36.4419,1.7734,-1.4832
406.855,6,-36.4353,1.7739,-1.4836
406.866,6,-36.4287,1.7745,-1.4838
406.876,6,-36.4222,1.7748,-1.4841
406.888,6,-36.4156,1.7750,-1.4843
406.898,6,-36.4091,1.7752,-1.4845
406.910,6,-36.4025,1.7752,-1.4845
406.920,6,-36.3960,1.7751,-1.4846
406.932,6,-36.3894,1.7750,-1.4846
406.943,6,-36.3828,1.7749,-1.4846
406.955,6,-36.3763,1.7745,-1.4845
406.967,6,-36.3699,1.7741,-1.4844
406.977,6,-36.3633,1.7737,-1.4843
406.987,6,-36.3566,1.7732,-1.4840
406.999,6,-36.3500,1.7726,-1.4837
407.010,6,-36.3434,1.7719,-1.4834
407.021,6,-36.3368,1.7711,-1.4830
407.032,6,-36.3301,1.7701,-1.4826
407.043,6,-36.3235,1.7692,-1.4822
407.055,6,-36.3169,1.7682,-1.4817
407.066,6,-36.3102,1.7671,-1.4813
407.077,6,-36.3035,1.7659,-1.4807
407.088,6,-36.2969,1.7646,-1.4801
407.099,6,-36.2902,1.7634,-1.4795
407.110,6,-36.2835,1.7621,-1.4788
407.121,6,-36.2768,1.7610,-1.4781
407.132,6,-36.2702,1.7599,-1.4773
407.144,6,-36.2636,1.7588,-1.4765
407.154,6,-36.2570,1.7578,-1.4756
407.165,6,-36.2504,1.7569,-1.4747
407.176,6,-36.2437,1.7562,-1.4737
407.187,6,-36.2370,1.7556,-1.4726
407.199,6,-36.2302,1.7552,-1.4714
407.210,6,-36.2233,1.7550,-1.4703
407.221,6,-36.2165,1.7548,-1.4691
407.232,6,-36.2096,1.7550,-1.4679
407.243,6,-36.2027,1.7555,-1.4668
407.254,6,-36.1959,1.7560,-1.4657
407.265,6,-36.1891,1.7565,-1.4645
407.277,6,-36.1822,1.7572,-1.4634
407.288,6,-36.1753,1.7585,-1.4624
407.299,6,-36.1685,1.7599,-1.4615
407.310,6,-36.1618,1.7614,-1.4605
407.321,6,-36.1552,1.7626,-1.4597
407.332,6,-36.1487,1.7636,-1.4589
407.343,6,-36.1422,1.7643,-1.4581
407.354,6,-36.1358,1.7648,-1.4574
407.365,6,-36.1295,1.7652,-1.4569
407.377,6,-36.1233,1.7654,-1.4563
407.388,6,-36.1171,1.7654,-1.4558
407.398,6,-36.1111,1.7655,-1.4555
407.409,6,-36.1050,1.7659,-1.4552
407.420,6,-36.0988,1.7663,-1.4549
407.431,6,-36.0927,1.7669,-1.4548
407.443,6,-36.0865,1.7675,-1.4547
407.454,6,-36.0803,1.7679,-1.4546
407.465,6,-36.0739,1.7684,-1.4546
407.476,6,-36.0676,1.7690,-1.4546
407.487,6,-36.0613,1.7697,-1.4546
407.498,6,-36.0551,1.7702,-1.4546
407.510,6,-36.0490,1.7706,-1.4548
407.521,6,-36.0430,1.7708,-1.4549
407.532,6,-36.0370,1.7709,-1.4551
407.543,6,-36.0311,1.7709,-1.4553
407.554,6,-36.0252,1.7708,-1.4555
407.565,6,-36.0193,1.7707,-1.4556
407.576,6,-36.0134,1.7705,-1.4558
407.587,6,-36.0074,1.7703,-1.4560
407.598,6,-36.0016,1.7700,-1.4562
407.610,6,-35.9956,1.7697,-1.4564
407.621,6,-35.9897,1.7694,-1.4566
407.632,6,-35.9839,1.7691,-1.4569
407.643,6,-35.9780,1.7688,-1.4572
407.654,6,-35.9721,1.7685,-1.4576
407.665,6,-35.9663,1.7682,-1.4580
407.676,6,-35.9604,1.7678,-1.4585
407.687,6,-35.9545,1.7674,-1.4590
407.698,6,-35.9487,1.7668,-1.4596
407.709,6,-35.9429,1.7662,-1.4602
407.720,6,-35.9371,1.7655,-1.4608
407.732,6,-35.9312,1.7648,-1.4616
407.742,6,-35.9255,1.7640,-1.4624
407.754,6,-35.9196,1.7631,-1.4632
407.765,6,-35.9139,1.7623,-1.4641
407.776,6,-35.9081,1.7615,-1.4650
407.787,6,-35.9023,1.7608,-1.4659
407.798,6,-35.8965,1.7602,-1.4670
407.809,6,-35.8907,1.7597,-1.4682
407.820,6,-35.8849,1.7592,-1.4694
407.831,6,-35.8791,1.7586,-1.4707
407.843,6,-35.8733,1.7581,-1.4721
407.854,6,-35.8676,1.7575,-1.4735
407.865,6,-35.8618,1.7568,-1.4749
407.876,6,-35.8561,1.7564,-1.4763
407.887,6,-35.8505,1.7562,-1.4778
407.899,6,-35.8449,1.7562,-1.4792
407.910,6,-35.8393,1.7562,-1.4808
407.921,6,-35.8339,1.7562,-1.4823
407.932,6,-35.8285,1.7566,-1.4839
407.943,6,-35.8229,1.7572,-1.4856
407.954,6,-35.8175,1.7581,-1.4871
407.965,6,-35.8119,1.7591,-1.4888
407.977,6,-35.8064,1.7604,-1.4904
407.988,6,-35.8007,1.7621,-1.4920
407.999,6,-35.7952,1.7638,-1.4935
408.010,6,-35.7897,1.7651,-1.4950
408.021,6,-35.7843,1.7663,-1.4964
408.032,6,-35.7788,1.7675,-1.4977
408.043,6,-35.7734,1.7685,-1.4991
408.054,6,-35.7681,1.7693,-1.5005
408.065,6,-35.7628,1.7699,-1.5020
408.076,6,-35.7577,1.7702,-1.5033
408.087,6,-35.7525,1.7704,-1.5046
408.098,6,-35.7475,1.7704,-1.5059
408.110,6,-35.7424,1.7704,-1.5070
408.121,6,-35.7373,1.7705,-1.5081
408.132,6,-35.7323,1.7707,-1.5090
408.143,6,-35.7272,1.7708,-1.5100
408.154,6,-35.7222,1.7710,-1.5108
408.166,6,-35.7172,1.7711,-1.5116
408.177,6,-35.7123,1.7713,-1.5123
408.188,6,-35.7075,1.7716,-1.5130
408.199,6,-35.7027,1.7718,-1.5134
408.210,6,-35.6980,1.7720,-1.5139
408.221,6,-35.6934,1.7721,-1.5144
408.232,6,-35.6890,1.7721,-1.5148
408.243,6,-35.6846,1.7721,-1.5153
408.254,6,-35.6803,1.7722,-1.5157
408.265,6,-35.6761,1.7722,-1.5162
408.277,6,-35.6720,1.7722,-1.5165
408.288,6,-35.6677,1.7722,-1.5169
408.298,6,-35.6636,1.7721,-1.5171
408.309,6,-35.6594,1.7721,-1.5173
408.320,6,-35.6554,1.7721,-1.5176
408.332,6,-35.6513,1.7722,-1.5178
408.343,6,-35.6471,1.7722,-1.5180
408.354,6,-35.6430,1.7723,-1.5180
408.365,6,-35.6389,1.7722,-1.5181
408.376,6,-35.6348,1.7721,-1.5179
408.387,6,-35.6307,1.7718,-1.5178
408.398,6,-35.6267,1.7715,-1.5176
408.409,6,-35.6226,1.7711,-1.5174
408.420,6,-35.6187,1.7707,-1.5170
408.431,6,-35.6148,1.7703,-1.5168
408.443,6,-35.6109,1.7697,-1.5166
408.454,6,-35.6071,1.7692,-1.5163
408.465,6,-35.6032,1.7688,-1.5161
408.476,6,-35.5995,1.7683,-1.5156
408.487,6,-35.5958,1.7680,-1.5152
408.498,6,-35.5921,1.7676,-1.5148
408.509,6,-35.5884,1.7673,-1.5142
408.521,6,-35.5849,1.7670,-1.5137
408.532,6,-35.5812,1.7667,-1.5131
408.543,6,-35.5774,1.7664,-1.5126
408.555,6,-35.5737,1.7661,-1.5119
408.567,6,-35.5700,1.7659,-1.5112
408.578,6,-35.5663,1.7656,-1.5105
408.590,6,-35.5626,1.7653,-1.5096
408.602,6,-35.5588,1.7652,-1.5088
408.614,6,-35.5551,1.7649,-1.5078
408.625,6,-35.5513,1.7649,-1.5070
408.636,6,-35.5474,1.7652,-1.5060
408.648,6,-35.5434,1.7660,-1.5054
408.660,6,-35.5395,1.7668,-1.5045
408.671,6,-35.5356,1.7676,-1.5037
408.683,6,-35.5316,1.7682,-1.5029
408.694,6,-35.5276,1.7688,-1.5021
408.706,6,-35.5236,1.7694,-1.5014
408.717,6,-35.5197,1.7699,-1.5007
408.729,6,-35.5159,1.7702,-1.5001
408.740,6,-35.5121,1.7703,-1.4994
408.751,6,-35.5084,1.7703,-1.4988
408.762,6,-35.5047,1.7701,-1.4982
408.774,6,-35.5010,1.7697,-1.4976
408.785,6,-35.4973,1.7693,-1.4971
408.796,6,-35.4937,1.7688,-1.4965
408.808,6,-35.4900,1.7684,-1.4961
408.819,6,-35.4863,1.7680,-1.4955
408.830,6,-35.4827,1.7677,-1.4951
408.841,6,-35.4792,1.7675,-1.4947
408.853,6,-35.4757,1.7673,-1.4944
408.864,6,-35.4721,1.7674,-1.4940
408.875,6,-35.4688,1.7675,-1.4938
408.886,6,-35.4654,1.7678,-1.4935
408.898,6,-35.4621,1.7681,-1.4934
408.909,6,-35.4589,1.7683,-1.4932
408.920,6,-35.4558,1.7686,-1.4932
408.931,6,-35.4529,1.7689,-1.4932
408.942,6,-35.4500,1.7692,-1.4932
408.954,6,-35.4472,1.7694,-1.4932
408.965,6,-35.4446,1.7696,-1.4934
408.976,6,-35.4420,1.7698,-1.4935
408.988,6,-35.4394,1.7698,-1.4936
408.998,6,-35.4368,1.7700,-1.4937
409.009,6,-35.4343,1.7701,-1.4940
409.020,6,-35.4316,1.7702,-1.4942
409.032,6,-35.4292,1.7702,-1.4943
409.044,6,-35.4267,1.7702,-1.4946
409.055,6,-35.4243,1.7703,-1.4950
409.067,6,-35.4220,1.7702,-1.4954
409.079,6,-35.4197,1.7699,-1.4958
409.090,6,-35.4175,1.7697,-1.4961
409.102,6,-35.4154,1.7693,-1.4966
409.113,6,-35.4135,1.7688,-1.4972
409.125,6,-35.4116,1.7684,-1.4977
409.136,6,-35.4097,1.7682,-1.4984
409.148,6,-35.4079,1.7681,-1.4992
409.160,6,-35.4062,1.7680,-1.4999
409.171,6,-35.4045,1.7680,-1.5007
409.183,6,-35.4027,1.7682,-1.5017
409.194,6,-35.4011,1.7684,-1.5026
409.205,6,-35.3994,1.7687,-1.5035
409.217,6,-35.3978,1.7690,-1.5045
409.228,6,-35.3962,1.7693,-1.5055
409.239,6,-35.3945,1.7697,-1.5066
409.251,6,-35.3929,1.7700,-1.5075
409.262,6,-35.3913,1.7705,-1.5085
409.273,6,-35.3897,1.7710,-1.5094
409.285,6,-35.3881,1.7716,-1.5105
409.296,6,-35.3864,1.7721,-1.5114
409.308,6,-35.3848,1.7726,-1.5123
409.319,6,-35.3832,1.7732,-1.5132
409.330,6,-35.3815,1.7737,-1.5140
409.341,6,-35.3799,1.7742,-1.5147
409.353,6,-35.3782,1.7746,-1.5154
409.363,6,-35.3765,1.7751,-1.5163
409.375,6,-35.3748,1.7754,-1.5170
409.386,6,-35.3732,1.7756,-1.5178
409.397,6,-35.3716,1.7757,-1.5184
409.409,6,-35.3700,1.7758,-1.5191
409.420,6,-35.3685,1.7757,-1.5198
409.431,6,-35.3669,1.7756,-1.5204
409.442,6,-35.3654,1.7755,-1.5211
409.453,6,-35.3639,1.7753,-1.5216
409.466,6,-35.3624,1.7751,-1.5222
409.477,6,-35.3610,1.7749,-1.5227
409.488,6,-35.3597,1.7747,-1.5231
409.500,6,-35.3584,1.7745,-1.5236
409.511,6,-35.3571,1.7742,-1.5241
409.523,6,-35.3560,1.7739,-1.5245
409.535,6,-35.3549,1.7739,-1.5248
409.546,6,-35.3538,1.7739,-1.5251
409.558,6,-35.3528,1.7740,-1.5254
409.570,6,-35.3521,1.7740,-1.5257
409.581,6,-35.3512,1.7740,-1.5259
409.593,6,-35.3506,1.7739,-1.5261
409.604,6,-35.3501,1.7738,-1.5268
409.616,6,-35.3498,1.7735,-1.5269
409.627,6,-35.3495,1.7731,-1.5271
409.639,6,-35.3494,1.7728,-1.5273
409.650,6,-35.3493,1.7725,-1.5276
409.662,6,-35.3494,1.7721,-1.5281
409.673,6,-35.3493,1.7718,-1.5283
409.685,6,-35.3492,1.7716,-1.5285
409.696,6,-35.3491,1.7715,-1.5286
409.708,6,-35.3489,1.7713,-1.5287
409.719,6,-35.3487,1.7712,-1.5287
409.730,6,-35.3484,1.7712,-1.5287
409.741,6,-35.3481,1.7712,-1.5286
409.752,6,-35.3479,1.7710,-1.5286
409.764,6,-35.3476,1.7709,-1.5287
409.775,6,-35.3473,1.7709,-1.5286
409.786,6,-35.3471,1.7710,-1.5288
409.797,6,-35.3470,1.7713,-1.5286
409.808,6,-35.3469,1.7714,-1.5286
409.820,6,-35.3469,1.7714,-1.5285
409.831,6,-35.3468,1.7714,-1.5284
409.843,6,-35.3468,1.7715,-1.5282
409.854,6,-35.3468,1.7717,-1.5280
409.866,6,-35.3468,1.7718,-1.5279
409.877,6,-35.3467,1.7720,-1.5277
409.889,6,-35.3463,1.7722,-1.5251
409.901,6,-35.3461,1.7725,-1.5249
409.912,6,-35.3459,1.7727,-1.5246
409.924,6,-35.3457,1.7729,-1.5245
409.936,6,-35.3454,1.7731,-1.5243
409.947,6,-35.3451,1.7734,-1.5244
409.959,6,-35.3450,1.7736,-1.5243
409.970,6,-35.3447,1.7737,-1.5241
409.982,6,-35.3445,1.7737,-1.5241
409.994,6,-35.3442,1.7738,-1.5240
410.005,6,-35.3441,1.7738,-1.5239
410.017,6,-35.3438,1.7738,-1.5239
410.028,6,-35.3437,1.7737,-1.5238
410.039,6,-35.3436,1.7737,-1.5241
410.051,6,-35.3434,1.7737,-1.5242

# --- Trial 7 start ---
426.889,7,-39.3456,1.6124,-1.2877
426.904,7,-39.3449,1.6151,-1.2870
426.912,7,-39.3445,1.6173,-1.2862
426.922,7,-39.3442,1.6200,-1.2853
426.933,7,-39.3437,1.6227,-1.2844
426.943,7,-39.3431,1.6256,-1.2835
426.955,7,-39.3427,1.6285,-1.2826
426.970,7,-39.3424,1.6318,-1.2816
426.988,7,-39.3418,1.6353,-1.2806
426.997,7,-39.3408,1.6413,-1.2787
427.007,7,-39.3404,1.6445,-1.2777
427.025,7,-39.3403,1.6484,-1.2768
427.033,7,-39.3401,1.6517,-1.2758
427.042,7,-39.3401,1.6551,-1.2747
427.053,7,-39.3403,1.6585,-1.2738
427.064,7,-39.3404,1.6618,-1.2728
427.075,7,-39.3406,1.6651,-1.2719
427.086,7,-39.3410,1.6686,-1.2710
427.097,7,-39.3414,1.6718,-1.2700
427.108,7,-39.3423,1.6747,-1.2691
427.119,7,-39.3431,1.6774,-1.2683
427.131,7,-39.3439,1.6802,-1.2675
427.142,7,-39.3448,1.6825,-1.2667
427.153,7,-39.3456,1.6846,-1.2659
427.164,7,-39.3464,1.6866,-1.2652
427.175,7,-39.3475,1.6883,-1.2644
427.186,7,-39.3482,1.6899,-1.2638
427.197,7,-39.3491,1.6913,-1.2631
427.210,7,-39.3498,1.6923,-1.2625
427.221,7,-39.3505,1.6935,-1.2620
427.231,7,-39.3510,1.6943,-1.2614
427.242,7,-39.3516,1.6953,-1.2609
427.253,7,-39.3521,1.6964,-1.2605
427.264,7,-39.3523,1.6973,-1.2601
427.275,7,-39.3525,1.6982,-1.2598
427.286,7,-39.3527,1.6991,-1.2595
427.297,7,-39.3529,1.6999,-1.2593
427.309,7,-39.3532,1.7007,-1.2591
427.320,7,-39.3533,1.7015,-1.2590
427.331,7,-39.3532,1.7022,-1.2589
427.342,7,-39.3531,1.7029,-1.2589
427.353,7,-39.3531,1.7036,-1.2590
427.363,7,-39.3530,1.7043,-1.2591
427.375,7,-39.3530,1.7049,-1.2594
427.386,7,-39.3527,1.7055,-1.2598
427.397,7,-39.3526,1.7061,-1.2601
427.409,7,-39.3524,1.7067,-1.2607
427.419,7,-39.3521,1.7071,-1.2614
427.431,7,-39.3517,1.7075,-1.2621
427.442,7,-39.3513,1.7078,-1.2630
427.453,7,-39.3508,1.7082,-1.2639
427.464,7,-39.3502,1.7084,-1.2651
427.475,7,-39.3496,1.7087,-1.2662
427.487,7,-39.3489,1.7089,-1.2675
427.497,7,-39.3483,1.7091,-1.2688
427.509,7,-39.3475,1.7091,-1.2703
427.520,7,-39.3466,1.7092,-1.2718
427.532,7,-39.3457,1.7091,-1.2733
427.543,7,-39.3449,1.7089,-1.2750
427.554,7,-39.3440,1.7087,-1.2767
427.565,7,-39.3429,1.7085,-1.2786
427.576,7,-39.3417,1.7081,-1.2805
427.587,7,-39.3405,1.7077,-1.2825
427.599,7,-39.3393,1.7071,-1.2845
427.610,7,-39.3380,1.7063,-1.2867
427.621,7,-39.3366,1.7055,-1.2889
427.633,7,-39.3353,1.7045,-1.2911
427.644,7,-39.3337,1.7034,-1.2935
427.655,7,-39.3323,1.7021,-1.2958
427.666,7,-39.3308,1.7008,-1.2982
427.678,7,-39.3293,1.6992,-1.3006
427.689,7,-39.3278,1.6975,-1.3030
427.700,7,-39.3262,1.6956,-1.3054
427.711,7,-39.3249,1.6935,-1.3079
427.722,7,-39.3234,1.6912,-1.3104
427.734,7,-39.3223,1.6887,-1.3128
427.745,7,-39.3211,1.6860,-1.3153
427.756,7,-39.3201,1.6830,-1.3176
427.767,7,-39.3189,1.6800,-1.3200
427.778,7,-39.3179,1.6768,-1.3222
427.789,7,-39.3168,1.6735,-1.3244
427.800,7,-39.3158,1.6703,-1.3266
427.812,7,-39.3150,1.6670,-1.3286
427.823,7,-39.3141,1.6637,-1.3306
427.834,7,-39.3135,1.6606,-1.3325
427.845,7,-39.3127,1.6577,-1.3343
427.856,7,-39.3121,1.6550,-1.3360
427.867,7,-39.3115,1.6525,-1.3376
427.877,7,-39.3107,1.6501,-1.3392
427.889,7,-39.3102,1.6481,-1.3407
427.900,7,-39.3096,1.6465,-1.3421
427.911,7,-39.3092,1.6452,-1.3435
427.922,7,-39.3088,1.6441,-1.3447
427.933,7,-39.3084,1.6432,-1.3458
427.944,7,-39.3083,1.6428,-1.3467
427.955,7,-39.3081,1.6425,-1.3476
427.967,7,-39.3082,1.6426,-1.3483
427.978,7,-39.3082,1.6428,-1.3490
427.989,7,-39.3083,1.6434,-1.3494
428.000,7,-39.3085,1.6443,-1.3497
428.011,7,-39.3087,1.6455,-1.3499
428.022,7,-39.3090,1.6468,-1.3499
428.033,7,-39.3094,1.6484,-1.3497
428.045,7,-39.3099,1.6503,-1.3493
428.056,7,-39.3105,1.6522,-1.3488
428.067,7,-39.3112,1.6543,-1.3481
428.078,7,-39.3118,1.6566,-1.3472
428.089,7,-39.3125,1.6590,-1.3462
428.100,7,-39.3134,1.6618,-1.3448
428.111,7,-39.3143,1.6645,-1.3434
428.122,7,-39.3153,1.6675,-1.3418
428.133,7,-39.3162,1.6705,-1.3399
428.144,7,-39.3172,1.6737,-1.3378
428.155,7,-39.3183,1.6768,-1.3356
428.166,7,-39.3194,1.6800,-1.3331
428.178,7,-39.3208,1.6831,-1.3304
428.189,7,-39.3220,1.6863,-1.3275
428.200,7,-39.3231,1.6895,-1.3245
428.211,7,-39.3243,1.6928,-1.3214
428.222,7,-39.3256,1.6960,-1.3182
428.234,7,-39.3270,1.6991,-1.3150
428.245,7,-39.3283,1.7022,-1.3117
428.256,7,-39.3299,1.7050,-1.3085
428.267,7,-39.3313,1.7079,-1.3053
428.278,7,-39.3330,1.7105,-1.3021
428.289,7,-39.3346,1.7130,-1.2988
428.301,7,-39.3362,1.7155,-1.2955
428.311,7,-39.3380,1.7177,-1.2921
428.321,7,-39.3396,1.7198,-1.2888
428.333,7,-39.3409,1.7215,-1.2856
428.344,7,-39.3424,1.7233,-1.2822
428.355,7,-39.3439,1.7247,-1.2791
428.366,7,-39.3451,1.7263,-1.2759
428.377,7,-39.3465,1.7278,-1.2728
428.388,7,-39.3477,1.7292,-1.2696
428.399,7,-39.3488,1.7305,-1.2666
428.411,7,-39.3500,1.7317,-1.2637
428.422,7,-39.3511,1.7327,-1.2607
428.433,7,-39.3521,1.7339,-1.2578
428.444,7,-39.3529,1.7351,-1.2551
428.455,7,-39.3539,1.7361,-1.2523
428.466,7,-39.3547,1.7369,-1.2497
428.477,7,-39.3557,1.7376,-1.2471
428.488,7,-39.3565,1.7381,-1.2446
428.498,7,-39.3574,1.7386,-1.2421
428.510,7,-39.3580,1.7387,-1.2399
428.521,7,-39.3589,1.7389,-1.2375
428.532,7,-39.3596,1.7390,-1.2353
428.543,7,-39.3602,1.7390,-1.2330
428.555,7,-39.3604,1.7392,-1.2310
428.566,7,-39.3605,1.7395,-1.2292
428.577,7,-39.3603,1.7399,-1.2275
428.588,7,-39.3604,1.7403,-1.2259
428.599,7,-39.3603,1.7406,-1.2243
428.610,7,-39.3599,1.7408,-1.2229
428.620,7,-39.3595,1.7411,-1.2216
428.631,7,-39.3591,1.7414,-1.2204
428.642,7,-39.3586,1.7417,-1.2193
428.654,7,-39.3579,1.7418,-1.2184
428.665,7,-39.3572,1.7421,-1.2174
428.677,7,-39.3563,1.7423,-1.2166
428.689,7,-39.3554,1.7426,-1.2158
428.701,7,-39.3543,1.7429,-1.2151
428.712,7,-39.3532,1.7432,-1.2146
428.724,7,-39.3519,1.7434,-1.2140
428.735,7,-39.3505,1.7436,-1.2136
428.747,7,-39.3490,1.7439,-1.2132
428.759,7,-39.3472,1.7440,-1.2130
428.770,7,-39.3454,1.7442,-1.2128
428.782,7,-39.3434,1.7442,-1.2126
428.794,7,-39.3413,1.7442,-1.2124
428.805,7,-39.3390,1.7442,-1.2123
428.817,7,-39.3366,1.7441,-1.2122
428.828,7,-39.3343,1.7439,-1.2121
428.840,7,-39.3317,1.7437,-1.2120
428.852,7,-39.3291,1.7435,-1.2120
428.864,7,-39.3261,1.7433,-1.2122
428.875,7,-39.3233,1.7430,-1.2123
428.886,7,-39.3204,1.7428,-1.2125
428.898,7,-39.3175,1.7425,-1.2127
428.909,7,-39.3144,1.7421,-1.2129
428.920,7,-39.3114,1.7419,-1.2131
428.932,7,-39.3081,1.7417,-1.2134
428.943,7,-39.3049,1.7416,-1.2137
428.954,7,-39.3017,1.7414,-1.2141
428.965,7,-39.2984,1.7412,-1.2145
428.977,7,-39.2950,1.7410,-1.2150
428.988,7,-39.2916,1.7409,-1.2154
428.999,7,-39.2881,1.7408,-1.2159
429.010,7,-39.2846,1.7406,-1.2165
429.021,7,-39.2811,1.7405,-1.2170
429.032,7,-39.2774,1.7404,-1.2177
429.043,7,-39.2738,1.7405,-1.2182
429.054,7,-39.2701,1.7404,-1.2190
429.066,7,-39.2665,1.7403,-1.2197
429.077,7,-39.2629,1.7402,-1.2205
429.088,7,-39.2593,1.7401,-1.2213
429.099,7,-39.2555,1.7403,-1.2222
429.110,7,-39.2518,1.7406,-1.2231
429.121,7,-39.2478,1.7411,-1.2240
429.132,7,-39.2440,1.7416,-1.2249
429.143,7,-39.2400,1.7422,-1.2259
429.154,7,-39.2360,1.7429,-1.2269
429.165,7,-39.2318,1.7437,-1.2278
429.177,7,-39.2276,1.7447,-1.2289
429.188,7,-39.2235,1.7457,-1.2299
429.199,7,-39.2192,1.7468,-1.2309
429.210,7,-39.2151,1.7478,-1.2319
429.221,7,-39.2109,1.7488,-1.2329
429.232,7,-39.2068,1.7497,-1.2339
429.244,7,-39.2027,1.7505,-1.2348
429.255,7,-39.1986,1.7511,-1.2357
429.264,7,-39.1945,1.7517,-1.2366
429.276,7,-39.1904,1.7522,-1.2375
429.287,7,-39.1863,1.7524,-1.2382
429.298,7,-39.1822,1.7526,-1.2389
429.309,7,-39.1780,1.7528,-1.2396
429.321,7,-39.1739,1.7529,-1.2402
429.332,7,-39.1696,1.7530,-1.2408
429.343,7,-39.1653,1.7530,-1.2414
429.354,7,-39.1610,1.7530,-1.2419
429.366,7,-39.1567,1.7532,-1.2422
429.377,7,-39.1522,1.7534,-1.2426
429.388,7,-39.1479,1.7536,-1.2429
429.399,7,-39.1434,1.7539,-1.2431
429.410,7,-39.1389,1.7543,-1.2434
429.421,7,-39.1343,1.7549,-1.2436
429.432,7,-39.1297,1.7554,-1.2437
429.443,7,-39.1251,1.7560,-1.2437
429.454,7,-39.1204,1.7565,-1.2438
429.466,7,-39.1158,1.7570,-1.2437
429.476,7,-39.1113,1.7574,-1.2437
429.487,7,-39.1064,1.7577,-1.2437
429.498,7,-39.1017,1.7580,-1.2435
429.509,7,-39.0969,1.7581,-1.2433
429.521,7,-39.0921,1.7581,-1.2431
429.532,7,-39.0872,1.7581,-1.2429
429.542,7,-39.0822,1.7581,-1.2426
429.553,7,-39.0770,1.7580,-1.2423
429.565,7,-39.0718,1.7578,-1.2419
429.576,7,-39.0666,1.7575,-1.2415
429.587,7,-39.0612,1.7571,-1.2410
429.598,7,-39.0557,1.7568,-1.2405
429.609,7,-39.0501,1.7563,-1.2400
429.620,7,-39.0446,1.7558,-1.2394
429.631,7,-39.0389,1.7551,-1.2387
429.642,7,-39.0333,1.7544,-1.2378
429.654,7,-39.0277,1.7535,-1.2370
429.665,7,-39.0222,1.7526,-1.2362
429.676,7,-39.0165,1.7517,-1.2353
429.687,7,-39.0109,1.7507,-1.2344
429.698,7,-39.0052,1.7496,-1.2333
429.709,7,-38.9996,1.7485,-1.2323
429.720,7,-38.9939,1.7476,-1.2312
429.732,7,-38.9882,1.7467,-1.2301
429.743,7,-38.9826,1.7459,-1.2289
429.754,7,-38.9768,1.7451,-1.2276
429.765,7,-38.9711,1.7443,-1.2264
429.776,7,-38.9653,1.7436,-1.2250
429.787,7,-38.9594,1.7430,-1.2237
429.798,7,-38.9535,1.7428,-1.2222
429.809,7,-38.9474,1.7428,-1.2207
429.821,7,-38.9411,1.7430,-1.2192
429.832,7,-38.9351,1.7433,-1.2177
429.843,7,-38.9288,1.7437,-1.2162
429.854,7,-38.9226,1.7441,-1.2147
429.865,7,-38.9162,1.7448,-1.2132
429.876,7,-38.9097,1.7460,-1.2118
429.887,7,-38.9032,1.7473,-1.2104
429.898,7,-38.8969,1.7485,-1.2090
429.909,7,-38.8905,1.7495,-1.2077
429.920,7,-38.8841,1.7505,-1.2064
429.931,7,-38.8778,1.7510,-1.2053
429.943,7,-38.8715,1.7516,-1.2041
429.954,7,-38.8652,1.7517,-1.2031
429.965,7,-38.8591,1.7519,-1.2021
429.976,7,-38.8531,1.7518,-1.2012
429.987,7,-38.8470,1.7518,-1.2004
429.998,7,-38.8410,1.7517,-1.1998
430.009,7,-38.8349,1.7518,-1.1990
430.021,7,-38.8287,1.7519,-1.1987
430.032,7,-38.8225,1.7522,-1.1982
430.043,7,-38.8163,1.7525,-1.1978
430.054,7,-38.8101,1.7529,-1.1976
430.065,7,-38.8040,1.7532,-1.1974
430.076,7,-38.7978,1.7537,-1.1972
430.087,7,-38.7917,1.7541,-1.1971
430.098,7,-38.7856,1.7545,-1.1971
430.109,7,-38.7794,1.7547,-1.1971
430.120,7,-38.7734,1.7548,-1.1971
430.131,7,-38.7671,1.7549,-1.1971
430.143,7,-38.7609,1.7548,-1.1973
430.154,7,-38.7547,1.7547,-1.1974
430.165,7,-38.7488,1.7544,-1.1976
430.176,7,-38.7427,1.7541,-1.1977
430.187,7,-38.7365,1.7538,-1.1980
430.198,7,-38.7302,1.7533,-1.1984
430.210,7,-38.7239,1.7529,-1.1987
430.221,7,-38.7176,1.7524,-1.1991
430.231,7,-38.7112,1.7519,-1.1996
430.242,7,-38.7047,1.7513,-1.2002
430.253,7,-38.6983,1.7508,-1.2007
430.265,7,-38.6918,1.7501,-1.2013
430.276,7,-38.6853,1.7494,-1.2020
430.287,7,-38.6787,1.7486,-1.2028
430.299,7,-38.6720,1.7478,-1.2037
430.309,7,-38.6653,1.7470,-1.2046
430.320,7,-38.6586,1.7461,-1.2056
430.331,7,-38.6519,1.7451,-1.2066
430.342,7,-38.6451,1.7441,-1.2078
430.354,7,-38.6381,1.7432,-1.2090
430.365,7,-38.6312,1.7423,-1.2103
430.376,7,-38.6242,1.7415,-1.2116
430.386,7,-38.6173,1.7408,-1.2129
430.398,7,-38.6101,1.7401,-1.2144
430.409,7,-38.6030,1.7394,-1.2159
430.420,7,-38.5960,1.7388,-1.2174
430.431,7,-38.5889,1.7382,-1.2191
430.442,7,-38.5818,1.7376,-1.2207
430.453,7,-38.5747,1.7371,-1.2224
430.464,7,-38.5675,1.7370,-1.2242
430.476,7,-38.5604,1.7372,-1.2261
430.486,7,-38.5531,1.7379,-1.2280
430.498,7,-38.5458,1.7388,-1.2298
430.510,7,-38.5384,1.7399,-1.2317
430.520,7,-38.5310,1.7410,-1.2336
430.531,7,-38.5237,1.7422,-1.2354
430.542,7,-38.5165,1.7436,-1.2371
430.553,7,-38.5093,1.7450,-1.2388
430.564,7,-38.5020,1.7465,-1.2404
430.576,7,-38.4948,1.7481,-1.2418
430.587,7,-38.4876,1.7496,-1.2431
430.598,7,-38.4805,1.7508,-1.2445
430.609,7,-38.4734,1.7518,-1.2456
430.620,7,-38.4663,1.7527,-1.2466
430.631,7,-38.4593,1.7535,-1.2476
430.642,7,-38.4523,1.7542,-1.2484
430.653,7,-38.4453,1.7549,-1.2492
430.664,7,-38.4382,1.7557,-1.2499
430.676,7,-38.4313,1.7564,-1.2504
430.686,7,-38.4244,1.7572,-1.2509
430.698,7,-38.4174,1.7581,-1.2514
430.709,7,-38.4103,1.7590,-1.2517
430.720,7,-38.4033,1.7600,-1.2520
430.732,7,-38.3963,1.7609,-1.2523
430.742,7,-38.3893,1.7617,-1.2525
430.752,7,-38.3822,1.7623,-1.2528
430.764,7,-38.3751,1.7628,-1.2530
430.775,7,-38.3679,1.7631,-1.2533
430.786,7,-38.3607,1.7634,-1.2535
430.797,7,-38.3535,1.7634,-1.2536
430.808,7,-38.3461,1.7632,-1.2537
430.819,7,-38.3388,1.7629,-1.2539
430.830,7,-38.3313,1.7625,-1.2541
430.841,7,-38.3239,1.7621,-1.2542
430.852,7,-38.3163,1.7615,-1.2543
430.863,7,-38.3087,1.7609,-1.2544
430.875,7,-38.3010,1.7602,-1.2545
430.886,7,-38.2933,1.7594,-1.2546
430.897,7,-38.2856,1.7584,-1.2545
430.908,7,-38.2778,1.7574,-1.2546
430.919,7,-38.2700,1.7562,-1.2546
430.930,7,-38.2622,1.7550,-1.2545
430.942,7,-38.2545,1.7536,-1.2543
430.953,7,-38.2466,1.7521,-1.2542
430.964,7,-38.2388,1.7504,-1.2540
430.975,7,-38.2309,1.7488,-1.2539
430.986,7,-38.2231,1.7473,-1.2536
430.997,7,-38.2150,1.7458,-1.2534
431.009,7,-38.2071,1.7445,-1.2529
431.020,7,-38.1991,1.7431,-1.2524
431.032,7,-38.1911,1.7419,-1.2519
431.041,7,-38.1832,1.7408,-1.2514
431.053,7,-38.1751,1.7400,-1.2506
431.064,7,-38.1669,1.7393,-1.2500
431.075,7,-38.1586,1.7387,-1.2492
431.086,7,-38.1503,1.7383,-1.2484
431.097,7,-38.1418,1.7384,-1.2476
431.109,7,-38.1333,1.7387,-1.2467
431.119,7,-38.1248,1.7391,-1.2459
431.131,7,-38.1162,1.7398,-1.2451
431.142,7,-38.1076,1.7407,-1.2442
431.153,7,-38.0990,1.7418,-1.2433
431.164,7,-38.0904,1.7430,-1.2426
431.176,7,-38.0818,1.7446,-1.2419
431.187,7,-38.0732,1.7460,-1.2413
431.198,7,-38.0647,1.7471,-1.2407
431.209,7,-38.0562,1.7481,-1.2402
431.220,7,-38.0478,1.7490,-1.2398
431.232,7,-38.0397,1.7496,-1.2395
431.242,7,-38.0315,1.7502,-1.2391
431.253,7,-38.0237,1.7505,-1.2390
431.265,7,-38.0160,1.7509,-1.2389
431.277,7,-38.0083,1.7515,-1.2388
431.287,7,-38.0004,1.7522,-1.2389
431.296,7,-37.9926,1.7530,-1.2390
431.307,7,-37.9847,1.7539,-1.2393
431.319,7,-37.9769,1.7548,-1.2396
431.330,7,-37.9691,1.7556,-1.2400
431.341,7,-37.9610,1.7564,-1.2406
431.352,7,-37.9533,1.7573,-1.2412
431.363,7,-37.9457,1.7582,-1.2418
431.375,7,-37.9382,1.7588,-1.2423
431.386,7,-37.9307,1.7593,-1.2429
431.396,7,-37.9232,1.7596,-1.2436
431.408,7,-37.9158,1.7598,-1.2442
431.419,7,-37.9084,1.7598,-1.2449
431.430,7,-37.9010,1.7596,-1.2456
431.441,7,-37.8936,1.7593,-1.2463
431.453,7,-37.8862,1.7590,-1.2470
431.463,7,-37.8788,1.7586,-1.2478
431.475,7,-37.8712,1.7581,-1.2487
431.485,7,-37.8636,1.7577,-1.2496
431.497,7,-37.8560,1.7571,-1.2505
431.508,7,-37.8483,1.7565,-1.2515
431.520,7,-37.8406,1.7559,-1.2527
431.530,7,-37.8329,1.7552,-1.2538
431.541,7,-37.8252,1.7544,-1.2549
431.552,7,-37.8177,1.7537,-1.2560
431.563,7,-37.8100,1.7528,-1.2572
431.574,7,-37.8023,1.7518,-1.2586
431.586,7,-37.7945,1.7507,-1.2599
431.597,7,-37.7867,1.7495,-1.2612
431.608,7,-37.7792,1.7483,-1.2626
431.619,7,-37.7716,1.7471,-1.2641
431.630,7,-37.7640,1.7460,-1.2656
431.641,7,-37.7564,1.7450,-1.2671
431.653,7,-37.7490,1.7441,-1.2687
431.663,7,-37.7417,1.7432,-1.2703
431.675,7,-37.7342,1.7425,-1.2720
431.687,7,-37.7267,1.7420,-1.2738
431.697,7,-37.7191,1.7414,-1.2757
431.709,7,-37.7116,1.7408,-1.2777
431.720,7,-37.7041,1.7405,-1.2797
431.731,7,-37.6964,1.7407,-1.2819
431.742,7,-37.6887,1.7413,-1.2841
431.753,7,-37.6811,1.7419,-1.2863
431.764,7,-37.6737,1.7425,-1.2885
431.775,7,-37.6660,1.7435,-1.2909
431.786,7,-37.6584,1.7447,-1.2933
431.797,7,-37.6508,1.7461,-1.2957
431.808,7,-37.6432,1.7473,-1.2979
431.819,7,-37.6357,1.7487,-1.3002
431.830,7,-37.6280,1.7502,-1.3023
431.842,7,-37.6204,1.7519,-1.3044
431.853,7,-37.6128,1.7534,-1.3063
431.864,7,-37.6053,1.7547,-1.3081
431.875,7,-37.5977,1.7558,-1.3098
431.886,7,-37.5902,1.7567,-1.3114
431.897,7,-37.5828,1.7576,-1.3128
431.908,7,-37.5754,1.7585,-1.3142
431.919,7,-37.5680,1.7593,-1.3156
431.931,7,-37.5606,1.7599,-1.3168
431.941,7,-37.5533,1.7604,-1.3178
431.953,7,-37.5460,1.7610,-1.3189
431.964,7,-37.5386,1.7616,-1.3198
431.975,7,-37.5312,1.7624,-1.3209
431.986,7,-37.5238,1.7634,-1.3218
431.997,7,-37.5164,1.7645,-1.3228
432.009,7,-37.5090,1.7653,-1.3237
432.019,7,-37.5015,1.7660,-1.3247
432.031,7,-37.4940,1.7666,-1.3256
432.042,7,-37.4866,1.7670,-1.3265
432.053,7,-37.4792,1.7673,-1.3274
432.064,7,-37.4718,1.7675,-1.3282
432.075,7,-37.4645,1.7675,-1.3291
432.086,7,-37.4571,1.7674,-1.3299
432.097,7,-37.4497,1.7670,-1.3308
432.108,7,-37.4423,1.7665,-1.3317
432.120,7,-37.4349,1.7660,-1.3325
432.130,7,-37.4274,1.7654,-1.3332
432.142,7,-37.4201,1.7648,-1.3339
432.153,7,-37.4127,1.7640,-1.3346
432.164,7,-37.4052,1.7631,-1.3352
432.175,7,-37.3977,1.7620,-1.3358
432.186,7,-37.3902,1.7609,-1.3363
432.197,7,-37.3826,1.7598,-1.3367
432.208,7,-37.3751,1.7585,-1.3371
432.220,7,-37.3676,1.7572,-1.3375
432.230,7,-37.3599,1.7558,-1.3378
432.242,7,-37.3522,1.7544,-1.3381
432.253,7,-37.3445,1.7530,-1.3383
432.264,7,-37.3367,1.7517,-1.3385
432.275,7,-37.3288,1.7505,-1.3386
432.286,7,-37.3208,1.7494,-1.3386
432.298,7,-37.3129,1.7483,-1.3385
432.308,7,-37.3049,1.7473,-1.3384
432.320,7,-37.2968,1.7463,-1.3383
432.331,7,-37.2887,1.7456,-1.3381
432.342,7,-37.2805,1.7450,-1.3378
432.353,7,-37.2723,1.7445,-1.3375
432.364,7,-37.2640,1.7444,-1.3371
432.375,7,-37.2557,1.7444,-1.3367
432.387,7,-37.2473,1.7447,-1.3363
432.398,7,-37.2389,1.7454,-1.3358
432.409,7,-37.2307,1.7461,-1.3354
432.420,7,-37.2224,1.7469,-1.3350
432.431,7,-37.2141,1.7479,-1.3347
432.442,7,-37.2057,1.7495,-1.3343
432.453,7,-37.1974,1.7510,-1.3340
432.464,7,-37.1892,1.7525,-1.3337
432.475,7,-37.1812,1.7536,-1.3334
432.487,7,-37.1730,1.7545,-1.3333
432.497,7,-37.1649,1.7554,-1.3331
432.509,7,-37.1568,1.7562,-1.3331
432.520,7,-37.1488,1.7570,-1.3330
432.531,7,-37.1409,1.7576,-1.3331
432.543,7,-37.1330,1.7582,-1.3332
432.554,7,-37.1252,1.7589,-1.3333
432.565,7,-37.1174,1.7597,-1.3335
432.576,7,-37.1098,1.7606,-1.3338
432.587,7,-37.1021,1.7614,-1.3341
432.598,7,-37.0945,1.7621,-1.3344
432.609,7,-37.0868,1.7627,-1.3348
432.620,7,-37.0790,1.7634,-1.3352
432.631,7,-37.0713,1.7641,-1.3356
432.642,7,-37.0637,1.7645,-1.3361
432.653,7,-37.0560,1.7649,-1.3366
432.664,7,-37.0484,1.7650,-1.3371
432.675,7,-37.0408,1.7650,-1.3377
432.687,7,-37.0332,1.7648,-1.3382
432.698,7,-37.0256,1.7645,-1.3388
432.709,7,-37.0181,1.7643,-1.3393
432.720,7,-37.0106,1.7639,-1.3399
432.731,7,-37.0033,1.7637,-1.3404
432.742,7,-36.9958,1.7633,-1.3410
432.753,7,-36.9884,1.7630,-1.3416
432.764,7,-36.9808,1.7626,-1.3423
432.775,7,-36.9733,1.7622,-1.3430
432.787,7,-36.9657,1.7617,-1.3437
432.798,7,-36.9581,1.7612,-1.3445
432.809,7,-36.9504,1.7606,-1.3454
432.820,7,-36.9429,1.7600,-1.3463
432.831,7,-36.9354,1.7594,-1.3474
432.842,7,-36.9279,1.7586,-1.3484
432.854,7,-36.9205,1.7576,-1.3494
432.864,7,-36.9132,1.7566,-1.3505
432.875,7,-36.9059,1.7555,-1.3517
432.886,7,-36.8987,1.7543,-1.3530
432.898,7,-36.8914,1.7531,-1.3544
432.909,7,-36.8842,1.7520,-1.3557
432.919,7,-36.8771,1.7510,-1.3572
432.930,7,-36.8699,1.7500,-1.3587
432.941,7,-36.8626,1.7491,-1.3604
432.953,7,-36.8553,1.7483,-1.3621
432.964,7,-36.8479,1.7476,-1.3640
432.975,7,-36.8405,1.7469,-1.3659
432.986,7,-36.8331,1.7464,-1.3680
432.998,7,-36.8256,1.7459,-1.3700
433.009,7,-36.8181,1.7457,-1.3720
433.020,7,-36.8106,1.7461,-1.3743
433.031,7,-36.8031,1.7467,-1.3765
433.042,7,-36.7957,1.7474,-1.3786
433.053,7,-36.7883,1.7481,-1.3808
433.064,7,-36.7807,1.7494,-1.3829
433.076,7,-36.7733,1.7508,-1.3849
433.087,7,-36.7658,1.7523,-1.3870
433.098,7,-36.7583,1.7538,-1.3889
433.109,7,-36.7508,1.7553,-1.3908
433.120,7,-36.7432,1.7568,-1.3927
433.131,7,-36.7357,1.7582,-1.3945
433.142,7,-36.7284,1.7593,-1.3961
433.153,7,-36.7210,1.7602,-1.3978
433.165,7,-36.7137,1.7609,-1.3993
433.176,7,-36.7064,1.7616,-1.4008
433.187,7,-36.6992,1.7623,-1.4023
433.198,7,-36.6919,1.7630,-1.4038
433.209,7,-36.6847,1.7636,-1.4051
433.220,7,-36.6776,1.7643,-1.4064
433.231,7,-36.6704,1.7650,-1.4077
433.243,7,-36.6633,1.7657,-1.4089
433.253,7,-36.6561,1.7663,-1.4102
433.265,7,-36.6488,1.7671,-1.4114
433.276,7,-36.6417,1.7680,-1.4124
433.287,7,-36.6344,1.7688,-1.4134
433.299,7,-36.6272,1.7695,-1.4145
433.310,7,-36.6201,1.7699,-1.4154
433.319,7,-36.6129,1.7703,-1.4164
433.331,7,-36.6059,1.7705,-1.4172
433.342,7,-36.5988,1.7707,-1.4181
433.353,7,-36.5917,1.7708,-1.4189
433.364,7,-36.5846,1.7706,-1.4197
433.375,7,-36.5776,1.7704,-1.4205
433.386,7,-36.5705,1.7701,-1.4213
433.397,7,-36.5635,1.7698,-1.4220
433.408,7,-36.5564,1.7693,-1.4227
433.419,7,-36.5493,1.7689,-1.4234
433.430,7,-36.5422,1.7683,-1.4241
433.441,7,-36.5351,1.7677,-1.4247
433.453,7,-36.5280,1.7670,-1.4253
433.464,7,-36.5208,1.7662,-1.4258
433.475,7,-36.5137,1.7652,-1.4263
433.486,7,-36.5066,1.7641,-1.4267
433.497,7,-36.4995,1.7630,-1.4272
433.509,7,-36.4923,1.7617,-1.4275
433.519,7,-36.4852,1.7603,-1.4278
433.530,7,-36.4780,1.7590,-1.4281
433.542,7,-36.4708,1.7576,-1.4282
433.553,7,-36.4635,1.7564,-1.4284
433.564,7,-36.4562,1.7552,-1.4285
433.575,7,-36.4489,1.7542,-1.4285
433.587,7,-36.4416,1.7532,-1.4284
433.598,7,-36.4343,1.7523,-1.4283
433.609,7,-36.4269,1.7515,-1.4282
433.620,7,-36.4195,1.7509,-1.4279
433.631,7,-36.4121,1.7503,-1.4277
433.642,7,-36.4045,1.7499,-1.4273
433.653,7,-36.3969,1.7496,-1.4269
433.664,7,-36.3892,1.7495,-1.4265
433.675,7,-36.3815,1.7497,-1.4259
433.686,7,-36.3737,1.7500,-1.4254
433.697,7,-36.3660,1.7504,-1.4248
433.709,7,-36.3583,1.7509,-1.4242
433.719,7,-36.3505,1.7518,-1.4237
433.731,7,-36.3426,1.7532,-1.4232
433.742,7,-36.3347,1.7546,-1.4227
433.753,7,-36.3269,1.7563,-1.4222
433.764,7,-36.3192,1.7575,-1.4219
433.775,7,-36.3114,1.7587,-1.4215
433.787,7,-36.3038,1.7598,-1.4213
433.797,7,-36.2963,1.7606,-1.4210
433.809,7,-36.2889,1.7614,-1.4209
433.820,7,-36.2817,1.7619,-1.4209
433.831,7,-36.2746,1.7622,-1.4209
433.842,7,-36.2678,1.7625,-1.4211
433.853,7,-36.2609,1.7627,-1.4213
433.864,7,-36.2540,1.7633,-1.4217
433.875,7,-36.2471,1.7638,-1.4220
433.886,7,-36.2403,1.7643,-1.4224
433.897,7,-36.2335,1.7648,-1.4229
433.908,7,-36.2269,1.7652,-1.4233
433.919,7,-36.2202,1.7658,-1.4239
433.930,7,-36.2136,1.7662,-1.4247
433.942,7,-36.2071,1.7666,-1.4254
433.953,7,-36.2009,1.7668,-1.4261
433.964,7,-36.1945,1.7672,-1.4268
433.975,7,-36.1884,1.7674,-1.4276
433.986,7,-36.1823,1.7675,-1.4283
433.997,7,-36.1764,1.7675,-1.4291
434.008,7,-36.1705,1.7674,-1.4298
434.019,7,-36.1647,1.7673,-1.4306
434.031,7,-36.1589,1.7671,-1.4314
434.042,7,-36.1531,1.7670,-1.4322
434.052,7,-36.1472,1.7667,-1.4331
434.063,7,-36.1413,1.7664,-1.4339
434.075,7,-36.1353,1.7662,-1.4348
434.086,7,-36.1294,1.7659,-1.4356
434.097,7,-36.1233,1.7656,-1.4366
434.108,7,-36.1174,1.7652,-1.4375
434.120,7,-36.1114,1.7646,-1.4385
434.131,7,-36.1054,1.7640,-1.4395
434.142,7,-36.0995,1.7633,-1.4406
434.153,7,-36.0936,1.7625,-1.4418
434.164,7,-36.0878,1.7617,-1.4430
434.175,7,-36.0820,1.7609,-1.4442
434.186,7,-36.0764,1.7601,-1.4455
434.197,7,-36.0708,1.7592,-1.4468
434.208,7,-36.0652,1.7584,-1.4482
434.219,7,-36.0596,1.7576,-1.4497
434.231,7,-36.0541,1.7569,-1.4512
434.242,7,-36.0486,1.7563,-1.4529
434.253,7,-36.0430,1.7558,-1.4545
434.264,7,-36.0374,1.7553,-1.4564
434.275,7,-36.0317,1.7549,-1.4582
434.287,7,-36.0263,1.7545,-1.4598
434.297,7,-36.0208,1.7539,-1.4617
434.309,7,-36.0156,1.7534,-1.4635
434.320,7,-36.0102,1.7529,-1.4653
434.330,7,-36.0048,1.7525,-1.4673
434.341,7,-35.9994,1.7527,-1.4692
434.353,7,-35.9940,1.7531,-1.4712
434.364,7,-35.9887,1.7535,-1.4732
434.374,7,-35.9835,1.7537,-1.4753
434.385,7,-35.9783,1.7540,-1.4775
434.397,7,-35.9730,1.7549,-1.4796
434.408,7,-35.9676,1.7562,-1.4817
434.419,7,-35.9622,1.7581,-1.4838
434.430,7,-35.9569,1.7598,-1.4858
434.441,7,-35.9517,1.7616,-1.4877
434.452,7,-35.9465,1.7631,-1.4896
434.464,7,-35.9413,1.7644,-1.4915
434.475,7,-35.9361,1.7656,-1.4933
434.486,7,-35.9309,1.7667,-1.4950
434.497,7,-35.9257,1.7676,-1.4967
434.508,7,-35.9206,1.7683,-1.4982
434.519,7,-35.9156,1.7686,-1.4997
434.530,7,-35.9105,1.7688,-1.5012
434.542,7,-35.9055,1.7687,-1.5025
434.553,7,-35.9005,1.7688,-1.5038
434.564,7,-35.8954,1.7689,-1.5050
434.575,7,-35.8904,1.7689,-1.5063
434.586,7,-35.8853,1.7691,-1.5073
434.597,7,-35.8803,1.7691,-1.5086
434.608,7,-35.8753,1.7693,-1.5097
434.619,7,-35.8704,1.7694,-1.5108
434.630,7,-35.8656,1.7696,-1.5119
434.641,7,-35.8608,1.7699,-1.5127
434.652,7,-35.8562,1.7701,-1.5136
434.664,7,-35.8515,1.7703,-1.5144
434.675,7,-35.8470,1.7703,-1.5154
434.686,7,-35.8426,1.7704,-1.5162
434.697,7,-35.8383,1.7703,-1.5170
434.708,7,-35.8340,1.7703,-1.5178
434.719,7,-35.8297,1.7705,-1.5185
434.731,7,-35.8254,1.7705,-1.5191
434.741,7,-35.8211,1.7706,-1.5197
434.752,7,-35.8168,1.7707,-1.5202
434.764,7,-35.8124,1.7707,-1.5208
434.775,7,-35.8079,1.7707,-1.5214
434.786,7,-35.8034,1.7707,-1.5218
434.797,7,-35.7989,1.7707,-1.5221
434.808,7,-35.7943,1.7705,-1.5224
434.820,7,-35.7896,1.7702,-1.5226
434.830,7,-35.7849,1.7700,-1.5228
434.842,7,-35.7803,1.7695,-1.5231
434.852,7,-35.7758,1.7691,-1.5233
434.863,7,-35.7712,1.7686,-1.5234
434.875,7,-35.7666,1.7681,-1.5235
434.886,7,-35.7621,1.7675,-1.5235
434.897,7,-35.7576,1.7668,-1.5235
434.908,7,-35.7532,1.7661,-1.5234
434.919,7,-35.7487,1.7654,-1.5234
434.930,7,-35.7444,1.7647,-1.5231
434.942,7,-35.7400,1.7641,-1.5229
434.953,7,-35.7356,1.7635,-1.5225
434.964,7,-35.7314,1.7629,-1.5221
434.975,7,-35.7272,1.7624,-1.5216
434.986,7,-35.7230,1.7618,-1.5211
434.997,7,-35.7188,1.7613,-1.5207
435.008,7,-35.7146,1.7608,-1.5200
435.020,7,-35.7105,1.7605,-1.5194
435.030,7,-35.7064,1.7601,-1.5187
435.041,7,-35.7022,1.7599,-1.5179
435.053,7,-35.6979,1.7597,-1.5171
435.064,7,-35.6936,1.7597,-1.5163
435.075,7,-35.6894,1.7596,-1.5155
435.086,7,-35.6850,1.7596,-1.5147
435.098,7,-35.6804,1.7598,-1.5141
435.109,7,-35.6758,1.7602,-1.5133
435.121,7,-35.6712,1.7608,-1.5124
435.133,7,-35.6665,1.7612,-1.5117
435.144,7,-35.6619,1.7617,-1.5110
435.156,7,-35.6573,1.7622,-1.5103
435.167,7,-35.6528,1.7628,-1.5097
435.179,7,-35.6483,1.7634,-1.5090
435.191,7,-35.6438,1.7639,-1.5085
435.202,7,-35.6393,1.7643,-1.5078
435.214,7,-35.6348,1.7645,-1.5073
435.225,7,-35.6304,1.7646,-1.5068
435.237,7,-35.6259,1.7645,-1.5064
435.249,7,-35.6215,1.7644,-1.5059
435.260,7,-35.6172,1.7642,-1.5055
435.272,7,-35.6129,1.7638,-1.5051
435.283,7,-35.6086,1.7635,-1.5047
435.295,7,-35.6043,1.7631,-1.5044
435.306,7,-35.6000,1.7630,-1.5041
435.319,7,-35.5956,1.7631,-1.5038
435.330,7,-35.5913,1.7633,-1.5035
435.339,7,-35.5869,1.7636,-1.5033
435.351,7,-35.5827,1.7642,-1.5030
435.362,7,-35.5785,1.7648,-1.5028
435.373,7,-35.5744,1.7653,-1.5027
435.385,7,-35.5705,1.7658,-1.5025
435.396,7,-35.5666,1.7661,-1.5023
435.407,7,-35.5629,1.7664,-1.5022
435.418,7,-35.5593,1.7666,-1.5021
435.429,7,-35.5558,1.7667,-1.5019
435.440,7,-35.5522,1.7668,-1.5018
435.451,7,-35.5487,1.7668,-1.5019
435.462,7,-35.5452,1.7668,-1.5019
435.473,7,-35.5418,1.7669,-1.5022
435.485,7,-35.5384,1.7670,-1.5023
435.495,7,-35.5348,1.7671,-1.5026
435.506,7,-35.5314,1.7671,-1.5029
435.517,7,-35.5279,1.7671,-1.5033
435.529,7,-35.5246,1.7670,-1.5037
435.540,7,-35.5212,1.7669,-1.5040
435.551,7,-35.5179,1.7667,-1.5045
435.562,7,-35.5146,1.7664,-1.5049
435.573,7,-35.5116,1.7660,-1.5053
435.584,7,-35.5086,1.7655,-1.5057
435.596,7,-35.5057,1.7650,-1.5061
435.606,7,-35.5029,1.7643,-1.5066
435.618,7,-35.5003,1.7637,-1.5071
435.629,7,-35.4978,1.7630,-1.5076
435.640,7,-35.4955,1.7624,-1.5084
435.651,7,-35.4932,1.7620,-1.5088
435.662,7,-35.4912,1.7616,-1.5095
435.674,7,-35.4891,1.7613,-1.5103
435.685,7,-35.4870,1.7613,-1.5111
435.696,7,-35.4849,1.7616,-1.5120
435.707,7,-35.4828,1.7620,-1.5128
435.719,7,-35.4809,1.7625,-1.5136
435.730,7,-35.4788,1.7631,-1.5146
435.741,7,-35.4769,1.7637,-1.5156
435.753,7,-35.4750,1.7643,-1.5166
435.764,7,-35.4730,1.7649,-1.5176
435.775,7,-35.4710,1.7657,-1.5189
435.787,7,-35.4690,1.7666,-1.5199
435.798,7,-35.4672,1.7675,-1.5211
435.810,7,-35.4653,1.7684,-1.5221
435.822,7,-35.4634,1.7693,-1.5232
435.833,7,-35.4616,1.7702,-1.5241
435.845,7,-35.4598,1.7709,-1.5250
435.857,7,-35.4579,1.7716,-1.5259
435.868,7,-35.4560,1.7723,-1.5268
435.880,7,-35.4541,1.7727,-1.5278
435.892,7,-35.4523,1.7729,-1.5286
435.903,7,-35.4505,1.7730,-1.5295
435.915,7,-35.4487,1.7728,-1.5303
435.926,7,-35.4469,1.7726,-1.5311
435.938,7,-35.4451,1.7722,-1.5321
435.950,7,-35.4432,1.7718,-1.5328
435.961,7,-35.4415,1.7715,-1.5335
435.972,7,-35.4398,1.7712,-1.5341
435.983,7,-35.4381,1.7710,-1.5346
435.994,7,-35.4365,1.7708,-1.5352
436.006,7,-35.4348,1.7708,-1.5356
436.017,7,-35.4331,1.7709,-1.5362
436.028,7,-35.4314,1.7713,-1.5365
436.039,7,-35.4297,1.7718,-1.5370
436.050,7,-35.4282,1.7721,-1.5373
436.062,7,-35.4268,1.7723,-1.5377
436.072,7,-35.4255,1.7724,-1.5379
436.084,7,-35.4243,1.7724,-1.5380
436.095,7,-35.4232,1.7724,-1.5383
436.106,7,-35.4222,1.7722,-1.5384
436.117,7,-35.4212,1.7720,-1.5388
436.128,7,-35.4203,1.7719,-1.5389
436.139,7,-35.4194,1.7718,-1.5392
436.151,7,-35.4185,1.7716,-1.5393
436.162,7,-35.4176,1.7715,-1.5393
436.173,7,-35.4166,1.7712,-1.5394
436.184,7,-35.4157,1.7710,-1.5395
436.195,7,-35.4147,1.7710,-1.5398
436.206,7,-35.4138,1.7709,-1.5399
436.217,7,-35.4129,1.7709,-1.5401
436.228,7,-35.4121,1.7707,-1.5402
436.240,7,-35.4113,1.7703,-1.5404
436.251,7,-35.4106,1.7699,-1.5406
436.262,7,-35.4099,1.7695,-1.5407
436.274,7,-35.4091,1.7693,-1.5409
436.285,7,-35.4084,1.7695,-1.5408
436.297,7,-35.4077,1.7698,-1.5407
436.308,7,-35.4071,1.7701,-1.5407
436.320,7,-35.4064,1.7703,-1.5406
436.332,7,-35.4057,1.7705,-1.5404
436.343,7,-35.4050,1.7706,-1.5400
436.355,7,-35.4043,1.7706,-1.5400
436.367,7,-35.4036,1.7707,-1.5397
436.378,7,-35.4030,1.7708,-1.5395
436.390,7,-35.4022,1.7709,-1.5394
436.401,7,-35.4016,1.7709,-1.5392
436.413,7,-35.4009,1.7708,-1.5390
436.424,7,-35.4004,1.7708,-1.5389
436.436,7,-35.3998,1.7708,-1.5387
436.448,7,-35.3991,1.7709,-1.5384
436.459,7,-35.3986,1.7709,-1.5383
436.471,7,-35.3981,1.7709,-1.5380
436.482,7,-35.3976,1.7710,-1.5378
436.494,7,-35.3971,1.7710,-1.5377
436.505,7,-35.3966,1.7711,-1.5375
436.516,7,-35.3962,1.7711,-1.5372
436.528,7,-35.3956,1.7712,-1.5370
436.539,7,-35.3952,1.7711,-1.5369
436.550,7,-35.3947,1.7712,-1.5368
436.562,7,-35.3943,1.7711,-1.5366
436.573,7,-35.3939,1.7710,-1.5367
436.584,7,-35.3935,1.7709,-1.5365
436.595,7,-35.3931,1.7708,-1.5364
436.610,7,-35.3929,1.7706,-1.5363
436.623,7,-35.3925,1.7704,-1.5361
436.636,7,-35.3922,1.7703,-1.5361
436.650,7,-35.3920,1.7702,-1.5359
436.662,7,-35.3915,1.7700,-1.5356
436.675,7,-35.3914,1.7699,-1.5355
436.688,7,-35.3912,1.7698,-1.5353
436.701,7,-35.3911,1.7698,-1.5351
436.714,7,-35.3909,1.7698,-1.5350
436.727,7,-35.3907,1.7697,-1.5349
436.760,7,-35.3906,1.7698,-1.5347

# --- Trial 8 start ---
448.336,8,-39.4371,1.7411,-1.2807
448.351,8,-39.4365,1.7409,-1.2811
448.359,8,-39.4360,1.7408,-1.2815
448.367,8,-39.4353,1.7407,-1.2819
448.378,8,-39.4346,1.7406,-1.2823
448.389,8,-39.4339,1.7404,-1.2827
448.400,8,-39.4332,1.7403,-1.2832
448.411,8,-39.4324,1.7402,-1.2836
448.422,8,-39.4316,1.7401,-1.2841
448.433,8,-39.4308,1.7400,-1.2845
448.448,8,-39.4300,1.7398,-1.2850
448.465,8,-39.4283,1.7395,-1.2860
448.485,8,-39.4274,1.7393,-1.2866
448.497,8,-39.4265,1.7391,-1.2872
448.506,8,-39.4256,1.7390,-1.2878
448.514,8,-39.4247,1.7388,-1.2884
448.522,8,-39.4238,1.7385,-1.2891
448.533,8,-39.4229,1.7382,-1.2898
448.544,8,-39.4220,1.7380,-1.2905
448.555,8,-39.4210,1.7377,-1.2912
448.566,8,-39.4199,1.7374,-1.2920
448.578,8,-39.4189,1.7371,-1.2929
448.588,8,-39.4178,1.7368,-1.2938
448.600,8,-39.4167,1.7365,-1.2947
448.610,8,-39.4156,1.7362,-1.2957
448.621,8,-39.4145,1.7360,-1.2967
448.632,8,-39.4133,1.7357,-1.2978
448.644,8,-39.4120,1.7355,-1.2989
448.655,8,-39.4106,1.7351,-1.3000
448.666,8,-39.4095,1.7349,-1.3011
448.677,8,-39.4081,1.7345,-1.3023
448.688,8,-39.4068,1.7342,-1.3035
448.700,8,-39.4055,1.7338,-1.3047
448.711,8,-39.4041,1.7334,-1.3059
448.722,8,-39.4028,1.7329,-1.3072
448.733,8,-39.4015,1.7324,-1.3085
448.744,8,-39.4002,1.7319,-1.3098
448.755,8,-39.3988,1.7313,-1.3111
448.766,8,-39.3976,1.7308,-1.3123
448.777,8,-39.3962,1.7302,-1.3138
448.788,8,-39.3949,1.7297,-1.3151
448.799,8,-39.3936,1.7292,-1.3164
448.810,8,-39.3921,1.7285,-1.3178
448.822,8,-39.3908,1.7279,-1.3192
448.833,8,-39.3895,1.7272,-1.3206
448.844,8,-39.3881,1.7264,-1.3220
448.855,8,-39.3868,1.7257,-1.3234
448.866,8,-39.3854,1.7249,-1.3248
448.877,8,-39.3840,1.7241,-1.3261
448.889,8,-39.3827,1.7231,-1.3275
448.900,8,-39.3814,1.7221,-1.3289
448.911,8,-39.3800,1.7209,-1.3302
448.922,8,-39.3788,1.7198,-1.3316
448.933,8,-39.3776,1.7186,-1.3329
448.944,8,-39.3764,1.7173,-1.3342
448.955,8,-39.3752,1.7160,-1.3356
448.966,8,-39.3739,1.7146,-1.3369
448.978,8,-39.3727,1.7132,-1.3383
448.989,8,-39.3715,1.7117,-1.3396
449.000,8,-39.3703,1.7102,-1.3409
449.011,8,-39.3692,1.7088,-1.3421
449.022,8,-39.3681,1.7073,-1.3434
449.033,8,-39.3669,1.7059,-1.3447
449.044,8,-39.3658,1.7044,-1.3459
449.056,8,-39.3645,1.7028,-1.3471
449.067,8,-39.3633,1.7014,-1.3483
449.078,8,-39.3621,1.6998,-1.3496
449.089,8,-39.3608,1.6983,-1.3509
449.101,8,-39.3597,1.6969,-1.3522
449.112,8,-39.3585,1.6956,-1.3535
449.123,8,-39.3573,1.6943,-1.3548
449.135,8,-39.3560,1.6929,-1.3561
449.146,8,-39.3547,1.6916,-1.3574
449.157,8,-39.3534,1.6904,-1.3588
449.168,8,-39.3519,1.6891,-1.3601
449.179,8,-39.3507,1.6879,-1.3614
449.190,8,-39.3493,1.6866,-1.3628
449.202,8,-39.3481,1.6853,-1.3641
449.213,8,-39.3468,1.6840,-1.3654
449.223,8,-39.3455,1.6826,-1.3667
449.235,8,-39.3443,1.6812,-1.3680
449.246,8,-39.3430,1.6799,-1.3692
449.257,8,-39.3418,1.6786,-1.3704
449.268,8,-39.3406,1.6772,-1.3715
449.279,8,-39.3395,1.6758,-1.3727
449.290,8,-39.3383,1.6743,-1.3738
449.301,8,-39.3373,1.6728,-1.3747
449.312,8,-39.3364,1.6714,-1.3757
449.323,8,-39.3355,1.6701,-1.3767
449.335,8,-39.3348,1.6687,-1.3776
449.346,8,-39.3340,1.6674,-1.3785
449.357,8,-39.3333,1.6661,-1.3793
449.368,8,-39.3328,1.6648,-1.3800
449.379,8,-39.3323,1.6637,-1.3805
449.390,8,-39.3318,1.6626,-1.3811
449.401,8,-39.3315,1.6616,-1.3817
449.412,8,-39.3312,1.6608,-1.3821
449.424,8,-39.3309,1.6601,-1.3825
449.434,8,-39.3308,1.6594,-1.3828
449.446,8,-39.3308,1.6589,-1.3830
449.457,8,-39.3308,1.6585,-1.3831
449.468,8,-39.3310,1.6583,-1.3831
449.479,8,-39.3312,1.6582,-1.3829
449.491,8,-39.3314,1.6583,-1.3827
449.500,8,-39.3317,1.6586,-1.3824
449.512,8,-39.3321,1.6591,-1.3819
449.523,8,-39.3325,1.6598,-1.3814
449.534,8,-39.3330,1.6605,-1.3808
449.545,8,-39.3336,1.6616,-1.3801
449.556,8,-39.3343,1.6628,-1.3792
449.567,8,-39.3348,1.6643,-1.3783
449.578,8,-39.3356,1.6659,-1.3772
449.589,8,-39.3362,1.6676,-1.3762
449.601,8,-39.3370,1.6694,-1.3749
449.612,8,-39.3378,1.6712,-1.3736
449.623,8,-39.3388,1.6732,-1.3721
449.634,8,-39.3399,1.6753,-1.3706
449.645,8,-39.3410,1.6774,-1.3688
449.656,8,-39.3422,1.6797,-1.3669
449.668,8,-39.3434,1.6821,-1.3650
449.679,8,-39.3447,1.6845,-1.3630
449.690,8,-39.3460,1.6870,-1.3609
449.701,8,-39.3473,1.6895,-1.3587
449.712,8,-39.3488,1.6921,-1.3565
449.723,8,-39.3504,1.6947,-1.3541
449.734,8,-39.3521,1.6974,-1.3517
449.745,8,-39.3536,1.7000,-1.3492
449.756,8,-39.3553,1.7026,-1.3465
449.767,8,-39.3570,1.7052,-1.3439
449.778,8,-39.3588,1.7077,-1.3412
449.789,8,-39.3608,1.7102,-1.3383
449.800,8,-39.3626,1.7125,-1.3354
449.811,8,-39.3646,1.7148,-1.3324
449.822,8,-39.3666,1.7170,-1.3293
449.833,8,-39.3686,1.7190,-1.3262
449.844,8,-39.3706,1.7208,-1.3230
449.856,8,-39.3728,1.7225,-1.3198
449.867,8,-39.3750,1.7242,-1.3166
449.878,8,-39.3772,1.7259,-1.3134
449.890,8,-39.3794,1.7274,-1.3101
449.901,8,-39.3818,1.7289,-1.3069
449.912,8,-39.3841,1.7303,-1.3036
449.923,8,-39.3864,1.7315,-1.3004
449.934,8,-39.3887,1.7327,-1.2973
449.945,8,-39.3909,1.7339,-1.2940
449.956,8,-39.3931,1.7349,-1.2909
449.968,8,-39.3953,1.7359,-1.2876
449.979,8,-39.3972,1.7367,-1.2844
449.990,8,-39.3991,1.7375,-1.2812
450.001,8,-39.4010,1.7381,-1.2780
450.012,8,-39.4028,1.7387,-1.2748
450.023,8,-39.4045,1.7394,-1.2716
450.034,8,-39.4061,1.7400,-1.2685
450.046,8,-39.4078,1.7405,-1.2655
450.057,8,-39.4093,1.7410,-1.2625
450.068,8,-39.4106,1.7414,-1.2595
450.079,8,-39.4118,1.7416,-1.2567
450.091,8,-39.4130,1.7419,-1.2540
450.101,8,-39.4142,1.7419,-1.2512
450.113,8,-39.4154,1.7420,-1.2487
450.124,8,-39.4164,1.7420,-1.2462
450.134,8,-39.4174,1.7421,-1.2439
450.146,8,-39.4183,1.7422,-1.2416
450.157,8,-39.4193,1.7423,-1.2394
450.168,8,-39.4202,1.7424,-1.2373
450.179,8,-39.4208,1.7425,-1.2354
450.190,8,-39.4216,1.7426,-1.2333
450.201,8,-39.4224,1.7426,-1.2315
450.212,8,-39.4229,1.7427,-1.2298
450.223,8,-39.4236,1.7426,-1.2280
450.235,8,-39.4241,1.7426,-1.2264
450.246,8,-39.4245,1.7426,-1.2250
450.257,8,-39.4250,1.7425,-1.2235
450.268,8,-39.4254,1.7426,-1.2222
450.279,8,-39.4259,1.7425,-1.2209
450.290,8,-39.4264,1.7424,-1.2198
450.301,8,-39.4267,1.7424,-1.2187
450.312,8,-39.4271,1.7425,-1.2176
450.323,8,-39.4274,1.7427,-1.2166
450.334,8,-39.4277,1.7429,-1.2157
450.345,8,-39.4277,1.7431,-1.2148
450.357,8,-39.4278,1.7434,-1.2140
450.367,8,-39.4280,1.7436,-1.2131
450.378,8,-39.4279,1.7438,-1.2124
450.389,8,-39.4279,1.7440,-1.2116
450.401,8,-39.4275,1.7443,-1.2110
450.412,8,-39.4273,1.7445,-1.2104
450.423,8,-39.4269,1.7446,-1.2098
450.434,8,-39.4264,1.7448,-1.2093
450.445,8,-39.4257,1.7449,-1.2088
450.456,8,-39.4252,1.7450,-1.2083
450.468,8,-39.4244,1.7451,-1.2080
450.479,8,-39.4236,1.7450,-1.2076
450.490,8,-39.4227,1.7451,-1.2073
450.500,8,-39.4218,1.7451,-1.2070
450.512,8,-39.4208,1.7450,-1.2066
450.523,8,-39.4197,1.7449,-1.2063
450.534,8,-39.4184,1.7448,-1.2061
450.545,8,-39.4172,1.7447,-1.2060
450.556,8,-39.4158,1.7446,-1.2059
450.567,8,-39.4146,1.7446,-1.2057
450.578,8,-39.4131,1.7445,-1.2057
450.589,8,-39.4117,1.7445,-1.2056
450.600,8,-39.4102,1.7445,-1.2057
450.611,8,-39.4085,1.7445,-1.2057
450.622,8,-39.4068,1.7445,-1.2058
450.633,8,-39.4051,1.7445,-1.2059
450.644,8,-39.4032,1.7444,-1.2061
450.655,8,-39.4014,1.7443,-1.2063
450.666,8,-39.3996,1.7442,-1.2065
450.677,8,-39.3975,1.7442,-1.2068
450.688,8,-39.3953,1.7442,-1.2073
450.699,8,-39.3932,1.7442,-1.2077
450.710,8,-39.3911,1.7441,-1.2082
450.722,8,-39.3890,1.7440,-1.2087
450.733,8,-39.3868,1.7439,-1.2092
450.744,8,-39.3845,1.7438,-1.2099
450.755,8,-39.3822,1.7437,-1.2106
450.766,8,-39.3799,1.7436,-1.2113
450.777,8,-39.3776,1.7435,-1.2121
450.788,8,-39.3751,1.7434,-1.2130
450.799,8,-39.3728,1.7434,-1.2137
450.811,8,-39.3703,1.7433,-1.2146
450.822,8,-39.3677,1.7435,-1.2156
450.833,8,-39.3652,1.7437,-1.2166
450.844,8,-39.3627,1.7439,-1.2176
450.855,8,-39.3601,1.7441,-1.2187
450.866,8,-39.3574,1.7443,-1.2199
450.877,8,-39.3548,1.7446,-1.2211
450.889,8,-39.3522,1.7449,-1.2223
450.900,8,-39.3498,1.7454,-1.2235
450.911,8,-39.3471,1.7458,-1.2247
450.922,8,-39.3445,1.7463,-1.2260
450.933,8,-39.3418,1.7469,-1.2273
450.944,8,-39.3391,1.7474,-1.2285
450.955,8,-39.3364,1.7480,-1.2298
450.967,8,-39.3335,1.7486,-1.2312
450.977,8,-39.3307,1.7493,-1.2325
450.988,8,-39.3277,1.7500,-1.2339
451.000,8,-39.3249,1.7506,-1.2352
451.011,8,-39.3221,1.7511,-1.2365
451.022,8,-39.3191,1.7516,-1.2378
451.033,8,-39.3162,1.7520,-1.2392
451.044,8,-39.3132,1.7522,-1.2404
451.055,8,-39.3104,1.7524,-1.2417
451.066,8,-39.3073,1.7525,-1.2430
451.078,8,-39.3043,1.7525,-1.2442
451.088,8,-39.3013,1.7523,-1.2455
451.100,8,-39.2982,1.7521,-1.2466
451.111,8,-39.2951,1.7518,-1.2477
451.122,8,-39.2920,1.7513,-1.2489
451.133,8,-39.2888,1.7509,-1.2499
451.144,8,-39.2856,1.7504,-1.2508
451.155,8,-39.2824,1.7500,-1.2517
451.166,8,-39.2791,1.7499,-1.2525
451.177,8,-39.2757,1.7497,-1.2533
451.188,8,-39.2723,1.7496,-1.2539
451.199,8,-39.2687,1.7495,-1.2545
451.210,8,-39.2651,1.7496,-1.2552
451.222,8,-39.2615,1.7497,-1.2557
451.233,8,-39.2578,1.7500,-1.2562
451.244,8,-39.2543,1.7504,-1.2566
451.255,8,-39.2505,1.7507,-1.2570
451.266,8,-39.2467,1.7510,-1.2573
451.277,8,-39.2430,1.7513,-1.2576
451.288,8,-39.2392,1.7516,-1.2578
451.299,8,-39.2353,1.7519,-1.2580
451.311,8,-39.2313,1.7521,-1.2581
451.322,8,-39.2274,1.7522,-1.2582
451.333,8,-39.2233,1.7522,-1.2582
451.344,8,-39.2189,1.7522,-1.2582
451.355,8,-39.2146,1.7521,-1.2581
451.366,8,-39.2102,1.7520,-1.2580
451.377,8,-39.2057,1.7518,-1.2578
451.389,8,-39.2011,1.7516,-1.2576
451.399,8,-39.1967,1.7515,-1.2572
451.411,8,-39.1920,1.7513,-1.2569
451.422,8,-39.1873,1.7509,-1.2563
451.433,8,-39.1825,1.7504,-1.2559
451.444,8,-39.1777,1.7499,-1.2553
451.455,8,-39.1729,1.7494,-1.2546
451.466,8,-39.1680,1.7488,-1.2539
451.477,8,-39.1633,1.7481,-1.2531
451.488,8,-39.1585,1.7475,-1.2523
451.501,8,-39.1537,1.7469,-1.2512
451.512,8,-39.1488,1.7463,-1.2503
451.520,8,-39.1439,1.7457,-1.2492
451.531,8,-39.1389,1.7451,-1.2481
451.542,8,-39.1340,1.7447,-1.2468
451.553,8,-39.1289,1.7441,-1.2456
451.564,8,-39.1239,1.7436,-1.2442
451.576,8,-39.1188,1.7430,-1.2427
451.587,8,-39.1135,1.7427,-1.2412
451.598,8,-39.1083,1.7425,-1.2397
451.609,8,-39.1030,1.7424,-1.2382
451.620,8,-39.0976,1.7427,-1.2368
451.632,8,-39.0922,1.7431,-1.2352
451.643,8,-39.0867,1.7438,-1.2335
451.654,8,-39.0811,1.7444,-1.2319
451.665,8,-39.0755,1.7455,-1.2303
451.676,8,-39.0697,1.7466,-1.2286
451.687,8,-39.0640,1.7476,-1.2269
451.698,8,-39.0582,1.7485,-1.2253
451.709,8,-39.0524,1.7494,-1.2236
451.721,8,-39.0465,1.7502,-1.2219
451.732,8,-39.0407,1.7509,-1.2203
451.743,8,-39.0348,1.7514,-1.2188
451.754,8,-39.0290,1.7519,-1.2172
451.765,8,-39.0233,1.7521,-1.2158
451.776,8,-39.0177,1.7521,-1.2143
451.788,8,-39.0121,1.7520,-1.2130
451.798,8,-39.0065,1.7520,-1.2116
451.809,8,-39.0009,1.7518,-1.2104
451.820,8,-38.9954,1.7517,-1.2092
451.831,8,-38.9898,1.7518,-1.2081
451.842,8,-38.9840,1.7521,-1.2073
451.853,8,-38.9784,1.7524,-1.2064
451.864,8,-38.9728,1.7527,-1.2056
451.876,8,-38.9671,1.7531,-1.2048
451.887,8,-38.9614,1.7535,-1.2042
451.898,8,-38.9557,1.7539,-1.2035
451.909,8,-38.9499,1.7544,-1.2031
451.921,8,-38.9442,1.7546,-1.2026
451.932,8,-38.9384,1.7548,-1.2021
451.943,8,-38.9326,1.7550,-1.2018
451.955,8,-38.9268,1.7550,-1.2016
451.966,8,-38.9209,1.7549,-1.2013
451.977,8,-38.9149,1.7548,-1.2011
451.988,8,-38.9090,1.7545,-1.2010
451.999,8,-38.9030,1.7543,-1.2010
452.011,8,-38.8968,1.7540,-1.2010
452.021,8,-38.8907,1.7536,-1.2010
452.032,8,-38.8844,1.7533,-1.2011
452.044,8,-38.8783,1.7529,-1.2012
452.055,8,-38.8718,1.7524,-1.2014
452.066,8,-38.8654,1.7518,-1.2017
452.077,8,-38.8590,1.7512,-1.2020
452.088,8,-38.8525,1.7506,-1.2025
452.099,8,-38.8462,1.7500,-1.2029
452.110,8,-38.8397,1.7493,-1.2034
452.121,8,-38.8332,1.7486,-1.2040
452.132,8,-38.8268,1.7478,-1.2046
452.143,8,-38.8201,1.7470,-1.2053
452.154,8,-38.8138,1.7461,-1.2060
452.165,8,-38.8071,1.7451,-1.2069
452.176,8,-38.8007,1.7442,-1.2078
452.188,8,-38.7941,1.7433,-1.2087
452.199,8,-38.7876,1.7424,-1.2097
452.210,8,-38.7810,1.7416,-1.2109
452.221,8,-38.7743,1.7407,-1.2122
452.232,8,-38.7677,1.7401,-1.2135
452.243,8,-38.7610,1.7395,-1.2150
452.254,8,-38.7545,1.7391,-1.2163
452.265,8,-38.7478,1.7389,-1.2179
452.277,8,-38.7409,1.7391,-1.2195
452.288,8,-38.7341,1.7394,-1.2212
452.299,8,-38.7271,1.7400,-1.2230
452.310,8,-38.7202,1.7408,-1.2249
452.321,8,-38.7132,1.7419,-1.2268
452.333,8,-38.7062,1.7431,-1.2287
452.343,8,-38.6992,1.7444,-1.2305
452.354,8,-38.6923,1.7457,-1.2322
452.365,8,-38.6854,1.7470,-1.2339
452.376,8,-38.6785,1.7482,-1.2355
452.387,8,-38.6716,1.7494,-1.2370
452.399,8,-38.6642,1.7505,-1.2388
452.410,8,-38.6573,1.7514,-1.2402
452.421,8,-38.6504,1.7521,-1.2415
452.432,8,-38.6437,1.7528,-1.2429
452.443,8,-38.6370,1.7533,-1.2440
452.454,8,-38.6303,1.7538,-1.2451
452.465,8,-38.6236,1.7544,-1.2461
452.476,8,-38.6168,1.7551,-1.2471
452.487,8,-38.6101,1.7557,-1.2480
452.499,8,-38.6033,1.7562,-1.2488
452.510,8,-38.5965,1.7569,-1.2496
452.521,8,-38.5897,1.7574,-1.2503
452.532,8,-38.5829,1.7581,-1.2510
452.543,8,-38.5761,1.7588,-1.2516
452.555,8,-38.5695,1.7595,-1.2522
452.566,8,-38.5628,1.7600,-1.2527
452.577,8,-38.5562,1.7605,-1.2531
452.588,8,-38.5496,1.7608,-1.2536
452.599,8,-38.5430,1.7610,-1.2540
452.610,8,-38.5363,1.7611,-1.2544
452.621,8,-38.5297,1.7611,-1.2548
452.632,8,-38.5231,1.7610,-1.2550
452.644,8,-38.5165,1.7608,-1.2553
452.654,8,-38.5100,1.7606,-1.2554
452.666,8,-38.5033,1.7603,-1.2556
452.677,8,-38.4965,1.7599,-1.2557
452.688,8,-38.4897,1.7594,-1.2558
452.699,8,-38.4830,1.7589,-1.2559
452.710,8,-38.4762,1.7584,-1.2560
452.721,8,-38.4693,1.7577,-1.2560
452.732,8,-38.4625,1.7570,-1.2559
452.743,8,-38.4555,1.7562,-1.2558
452.754,8,-38.4485,1.7552,-1.2558
452.765,8,-38.4413,1.7541,-1.2557
452.776,8,-38.4343,1.7530,-1.2556
452.787,8,-38.4271,1.7517,-1.2554
452.798,8,-38.4199,1.7504,-1.2552
452.809,8,-38.4126,1.7492,-1.2549
452.820,8,-38.4054,1.7480,-1.2545
452.832,8,-38.3980,1.7469,-1.2540
452.843,8,-38.3906,1.7459,-1.2534
452.854,8,-38.3832,1.7448,-1.2529
452.865,8,-38.3757,1.7437,-1.2522
452.876,8,-38.3681,1.7427,-1.2516
452.887,8,-38.3603,1.7421,-1.2507
452.899,8,-38.3527,1.7415,-1.2498
452.910,8,-38.3449,1.7410,-1.2489
452.920,8,-38.3371,1.7406,-1.2480
452.932,8,-38.3291,1.7407,-1.2471
452.943,8,-38.3212,1.7408,-1.2462
452.954,8,-38.3133,1.7414,-1.2452
452.966,8,-38.3054,1.7419,-1.2443
452.976,8,-38.2976,1.7424,-1.2433
452.987,8,-38.2896,1.7432,-1.2424
452.998,8,-38.2816,1.7445,-1.2416
453.010,8,-38.2736,1.7460,-1.2407
453.021,8,-38.2656,1.7474,-1.2399
453.032,8,-38.2578,1.7486,-1.2392
453.043,8,-38.2499,1.7496,-1.2385
453.054,8,-38.2422,1.7505,-1.2380
453.065,8,-38.2344,1.7513,-1.2375
453.076,8,-38.2268,1.7517,-1.2372
453.087,8,-38.2193,1.7522,-1.2370
453.098,8,-38.2119,1.7525,-1.2368
453.109,8,-38.2045,1.7529,-1.2368
453.120,8,-38.1971,1.7533,-1.2369
453.132,8,-38.1894,1.7539,-1.2373
453.143,8,-38.1820,1.7546,-1.2375
453.154,8,-38.1746,1.7551,-1.2378
453.165,8,-38.1671,1.7556,-1.2382
453.176,8,-38.1596,1.7562,-1.2387
453.187,8,-38.1520,1.7569,-1.2393
453.199,8,-38.1446,1.7576,-1.2399
453.209,8,-38.1372,1.7583,-1.2405
453.221,8,-38.1298,1.7587,-1.2412
453.232,8,-38.1225,1.7590,-1.2418
453.243,8,-38.1150,1.7591,-1.2426
453.254,8,-38.1078,1.7591,-1.2434
453.265,8,-38.1004,1.7590,-1.2441
453.277,8,-38.0931,1.7587,-1.2449
453.288,8,-38.0859,1.7585,-1.2457
453.299,8,-38.0786,1.7581,-1.2465
453.310,8,-38.0713,1.7577,-1.2473
453.321,8,-38.0639,1.7572,-1.2481
453.332,8,-38.0565,1.7567,-1.2490
453.343,8,-38.0491,1.7562,-1.2498
453.354,8,-38.0417,1.7557,-1.2507
453.365,8,-38.0344,1.7552,-1.2517
453.376,8,-38.0270,1.7545,-1.2526
453.387,8,-38.0197,1.7539,-1.2536
453.398,8,-38.0123,1.7532,-1.2547
453.409,8,-38.0048,1.7524,-1.2558
453.420,8,-37.9974,1.7515,-1.2570
453.432,8,-37.9901,1.7507,-1.2581
453.443,8,-37.9828,1.7498,-1.2595
453.453,8,-37.9754,1.7488,-1.2608
453.465,8,-37.9681,1.7478,-1.2623
453.476,8,-37.9607,1.7468,-1.2639
453.487,8,-37.9533,1.7459,-1.2654
453.498,8,-37.9459,1.7451,-1.2671
453.509,8,-37.9386,1.7443,-1.2689
453.520,8,-37.9313,1.7436,-1.2708
453.532,8,-37.9239,1.7430,-1.2727
453.542,8,-37.9165,1.7425,-1.2746
453.553,8,-37.9091,1.7422,-1.2766
453.565,8,-37.9018,1.7419,-1.2785
453.576,8,-37.8946,1.7418,-1.2805
453.587,8,-37.8873,1.7419,-1.2826
453.599,8,-37.8801,1.7424,-1.2846
453.610,8,-37.8730,1.7432,-1.2866
453.621,8,-37.8658,1.7442,-1.2887
453.632,8,-37.8586,1.7456,-1.2906
453.643,8,-37.8514,1.7472,-1.2924
453.653,8,-37.8443,1.7485,-1.2942
453.665,8,-37.8370,1.7499,-1.2959
453.676,8,-37.8298,1.7514,-1.2974
453.687,8,-37.8226,1.7527,-1.2989
453.698,8,-37.8155,1.7540,-1.3003
453.709,8,-37.8085,1.7549,-1.3015
453.720,8,-37.8014,1.7557,-1.3027
453.732,8,-37.7945,1.7563,-1.3038
453.743,8,-37.7876,1.7568,-1.3049
453.754,8,-37.7809,1.7573,-1.3059
453.765,8,-37.7739,1.7578,-1.3069
453.776,8,-37.7669,1.7583,-1.3079
453.787,8,-37.7599,1.7589,-1.3089
453.798,8,-37.7529,1.7594,-1.3098
453.809,8,-37.7459,1.7600,-1.3108
453.820,8,-37.7387,1.7607,-1.3117
453.831,8,-37.7316,1.7615,-1.3125
453.842,8,-37.7243,1.7624,-1.3133
453.853,8,-37.7170,1.7632,-1.3142
453.865,8,-37.7097,1.7639,-1.3150
453.876,8,-37.7024,1.7644,-1.3157
453.887,8,-37.6950,1.7649,-1.3163
453.898,8,-37.6876,1.7651,-1.3170
453.909,8,-37.6802,1.7651,-1.3176
453.921,8,-37.6727,1.7650,-1.3182
453.931,8,-37.6652,1.7647,-1.3188
453.942,8,-37.6576,1.7642,-1.3193
453.954,8,-37.6500,1.7636,-1.3198
453.965,8,-37.6423,1.7628,-1.3203
453.976,8,-37.6347,1.7619,-1.3206
453.987,8,-37.6271,1.7611,-1.3210
453.998,8,-37.6194,1.7601,-1.3214
454.009,8,-37.6117,1.7591,-1.3217
454.020,8,-37.6040,1.7582,-1.3219
454.031,8,-37.5962,1.7570,-1.3220
454.042,8,-37.5882,1.7557,-1.3222
454.054,8,-37.5803,1.7544,-1.3223
454.065,8,-37.5723,1.7530,-1.3224
454.076,8,-37.5643,1.7516,-1.3224
454.087,8,-37.5562,1.7500,-1.3224
454.098,8,-37.5482,1.7484,-1.3223
454.110,8,-37.5401,1.7468,-1.3222
454.121,8,-37.5320,1.7453,-1.3221
454.132,8,-37.5239,1.7438,-1.3219
454.143,8,-37.5157,1.7425,-1.3217
454.154,8,-37.5076,1.7412,-1.3214
454.166,8,-37.4992,1.7403,-1.3210
454.177,8,-37.4909,1.7394,-1.3206
454.188,8,-37.4826,1.7385,-1.3200
454.199,8,-37.4741,1.7378,-1.3194
454.210,8,-37.4656,1.7375,-1.3188
454.221,8,-37.4569,1.7376,-1.3182
454.232,8,-37.4482,1.7378,-1.3175
454.244,8,-37.4395,1.7387,-1.3168
454.255,8,-37.4309,1.7394,-1.3161
454.266,8,-37.4221,1.7404,-1.3154
454.277,8,-37.4133,1.7420,-1.3147
454.288,8,-37.4047,1.7437,-1.3141
454.299,8,-37.3962,1.7454,-1.3136
454.310,8,-37.3878,1.7467,-1.3132
454.322,8,-37.3793,1.7480,-1.3128
454.333,8,-37.3710,1.7491,-1.3124
454.343,8,-37.3628,1.7501,-1.3122
454.354,8,-37.3547,1.7511,-1.3120
454.366,8,-37.3467,1.7519,-1.3119
454.377,8,-37.3388,1.7526,-1.3119
454.388,8,-37.3309,1.7534,-1.3120
454.400,8,-37.3230,1.7543,-1.3122
454.410,8,-37.3152,1.7551,-1.3125
454.421,8,-37.3073,1.7560,-1.3128
454.433,8,-37.2996,1.7567,-1.3131
454.443,8,-37.2918,1.7574,-1.3135
454.454,8,-37.2840,1.7583,-1.3140
454.466,8,-37.2763,1.7591,-1.3145
454.477,8,-37.2687,1.7599,-1.3150
454.488,8,-37.2611,1.7604,-1.3156
454.499,8,-37.2536,1.7609,-1.3161
454.510,8,-37.2461,1.7612,-1.3168
454.521,8,-37.2387,1.7614,-1.3175
454.532,8,-37.2312,1.7615,-1.3182
454.544,8,-37.2239,1.7615,-1.3190
454.555,8,-37.2165,1.7613,-1.3198
454.566,8,-37.2091,1.7610,-1.3206
454.577,8,-37.2018,1.7606,-1.3214
454.588,8,-37.1944,1.7602,-1.3223
454.599,8,-37.1871,1.7596,-1.3232
454.610,8,-37.1796,1.7591,-1.3241
454.622,8,-37.1721,1.7584,-1.3252
454.633,8,-37.1646,1.7577,-1.3263
454.644,8,-37.1570,1.7569,-1.3274
454.654,8,-37.1494,1.7561,-1.3286
454.665,8,-37.1418,1.7552,-1.3298
454.676,8,-37.1342,1.7541,-1.3313
454.687,8,-37.1267,1.7529,-1.3326
454.699,8,-37.1191,1.7516,-1.3341
454.710,8,-37.1116,1.7503,-1.3356
454.721,8,-37.1041,1.7489,-1.3373
454.732,8,-37.0966,1.7475,-1.3389
454.743,8,-37.0891,1.7463,-1.3406
454.753,8,-37.0816,1.7451,-1.3425
454.764,8,-37.0742,1.7439,-1.3444
454.776,8,-37.0667,1.7428,-1.3463
454.787,8,-37.0591,1.7418,-1.3484
454.798,8,-37.0518,1.7410,-1.3504
454.809,8,-37.0443,1.7404,-1.3527
454.820,8,-37.0368,1.7399,-1.3549
454.831,8,-37.0294,1.7393,-1.3572
454.842,8,-37.0217,1.7391,-1.3596
454.853,8,-37.0140,1.7393,-1.3621
454.864,8,-37.0064,1.7400,-1.3645
454.875,8,-36.9987,1.7407,-1.3670
454.886,8,-36.9911,1.7415,-1.3694
454.898,8,-36.9835,1.7424,-1.3718
454.909,8,-36.9758,1.7436,-1.3742
454.920,8,-36.9681,1.7447,-1.3765
454.931,8,-36.9606,1.7459,-1.3788
454.943,8,-36.9530,1.7471,-1.3809
454.954,8,-36.9453,1.7484,-1.3831
454.965,8,-36.9378,1.7498,-1.3850
454.976,8,-36.9303,1.7510,-1.3870
454.987,8,-36.9228,1.7519,-1.3889
454.998,8,-36.9154,1.7527,-1.3908
455.009,8,-36.9079,1.7535,-1.3926
455.020,8,-36.9007,1.7544,-1.3944
455.031,8,-36.8933,1.7553,-1.3961
455.042,8,-36.8860,1.7562,-1.3976
455.054,8,-36.8788,1.7569,-1.3991
455.065,8,-36.8715,1.7577,-1.4006
455.076,8,-36.8644,1.7585,-1.4019
455.088,8,-36.8573,1.7595,-1.4033
455.099,8,-36.8500,1.7605,-1.4046
455.110,8,-36.8428,1.7617,-1.4059
455.121,8,-36.8356,1.7628,-1.4070
455.132,8,-36.8285,1.7637,-1.4081
455.143,8,-36.8215,1.7645,-1.4091
455.154,8,-36.8145,1.7652,-1.4101
455.166,8,-36.8075,1.7657,-1.4110
455.177,8,-36.8005,1.7663,-1.4119
455.188,8,-36.7935,1.7666,-1.4127
455.199,8,-36.7865,1.7668,-1.4135
455.210,8,-36.7795,1.7668,-1.4143
455.221,8,-36.7725,1.7666,-1.4151
455.232,8,-36.7655,1.7663,-1.4159
455.243,8,-36.7585,1.7659,-1.4165
455.254,8,-36.7514,1.7655,-1.4172
455.265,8,-36.7443,1.7649,-1.4177
455.276,8,-36.7371,1.7643,-1.4182
455.287,8,-36.7300,1.7635,-1.4187
455.299,8,-36.7227,1.7625,-1.4191
455.310,8,-36.7155,1.7614,-1.4195
455.321,8,-36.7083,1.7600,-1.4198
455.332,8,-36.7010,1.7587,-1.4202
455.343,8,-36.6938,1.7573,-1.4205
455.354,8,-36.6864,1.7557,-1.4208
455.365,8,-36.6791,1.7540,-1.4211
455.376,8,-36.6717,1.7523,-1.4213
455.387,8,-36.6643,1.7506,-1.4215
455.398,8,-36.6569,1.7491,-1.4216
455.409,8,-36.6493,1.7477,-1.4217
455.420,8,-36.6417,1.7463,-1.4217
455.431,8,-36.6341,1.7452,-1.4216
455.443,8,-36.6265,1.7442,-1.4215
455.454,8,-36.6187,1.7434,-1.4213
455.465,8,-36.6109,1.7428,-1.4210
455.476,8,-36.6030,1.7423,-1.4207
455.487,8,-36.5949,1.7420,-1.4202
455.498,8,-36.5868,1.7420,-1.4198
455.510,8,-36.5785,1.7424,-1.4193
455.521,8,-36.5703,1.7430,-1.4188
455.532,8,-36.5621,1.7441,-1.4181
455.543,8,-36.5538,1.7451,-1.4175
455.555,8,-36.5455,1.7465,-1.4168
455.566,8,-36.5372,1.7484,-1.4160
455.575,8,-36.5291,1.7502,-1.4152
455.587,8,-36.5210,1.7522,-1.4144
455.598,8,-36.5130,1.7539,-1.4137
455.609,8,-36.5051,1.7551,-1.4131
455.620,8,-36.4973,1.7562,-1.4125
455.631,8,-36.4898,1.7570,-1.4122
455.643,8,-36.4823,1.7577,-1.4120
455.653,8,-36.4750,1.7583,-1.4120
455.664,8,-36.4676,1.7586,-1.4120
455.675,8,-36.4604,1.7592,-1.4122
455.686,8,-36.4534,1.7599,-1.4125
455.697,8,-36.4462,1.7608,-1.4128
455.709,8,-36.4392,1.7618,-1.4133
455.720,8,-36.4320,1.7626,-1.4138
455.731,8,-36.4251,1.7633,-1.4145
455.742,8,-36.4180,1.7640,-1.4152
455.753,8,-36.4110,1.7649,-1.4160
455.764,8,-36.4041,1.7656,-1.4169
455.775,8,-36.3972,1.7662,-1.4178
455.786,8,-36.3904,1.7668,-1.4188
455.797,8,-36.3836,1.7671,-1.4198
455.808,8,-36.3769,1.7675,-1.4209
455.819,8,-36.3701,1.7677,-1.4219
455.831,8,-36.3636,1.7677,-1.4230
455.842,8,-36.3569,1.7676,-1.4240
455.853,8,-36.3503,1.7674,-1.4251
455.864,8,-36.3436,1.7672,-1.4261
455.875,8,-36.3370,1.7669,-1.4272
455.886,8,-36.3303,1.7667,-1.4283
455.897,8,-36.3237,1.7664,-1.4295
455.909,8,-36.3170,1.7660,-1.4306
455.920,8,-36.3103,1.7657,-1.4319
455.931,8,-36.3035,1.7653,-1.4332
455.942,8,-36.2967,1.7647,-1.4345
455.954,8,-36.2902,1.7642,-1.4354
455.965,8,-36.2834,1.7635,-1.4368
455.976,8,-36.2767,1.7628,-1.4383
455.987,8,-36.2699,1.7618,-1.4400
455.998,8,-36.2633,1.7607,-1.4416
456.009,8,-36.2567,1.7595,-1.4432
456.020,8,-36.2501,1.7583,-1.4449
456.032,8,-36.2436,1.7571,-1.4467
456.042,8,-36.2372,1.7559,-1.4486
456.054,8,-36.2307,1.7547,-1.4506
456.065,8,-36.2243,1.7534,-1.4527
456.076,8,-36.2179,1.7523,-1.4548
456.087,8,-36.2115,1.7514,-1.4570
456.098,8,-36.2051,1.7506,-1.4592
456.109,8,-36.1988,1.7497,-1.4616
456.120,8,-36.1925,1.7488,-1.4639
456.131,8,-36.1861,1.7480,-1.4664
456.143,8,-36.1798,1.7473,-1.4688
456.154,8,-36.1734,1.7469,-1.4714
456.165,8,-36.1670,1.7469,-1.4738
456.176,8,-36.1608,1.7473,-1.4763
456.188,8,-36.1547,1.7477,-1.4789
456.198,8,-36.1485,1.7479,-1.4815
456.209,8,-36.1423,1.7485,-1.4841
456.220,8,-36.1361,1.7494,-1.4867
456.232,8,-36.1299,1.7504,-1.4892
456.243,8,-36.1237,1.7517,-1.4917
456.254,8,-36.1174,1.7533,-1.4942
456.265,8,-36.1112,1.7549,-1.4966
456.276,8,-36.1051,1.7566,-1.4989
456.287,8,-36.0991,1.7580,-1.5012
456.299,8,-36.0930,1.7592,-1.5034
456.310,8,-36.0870,1.7602,-1.5055
456.320,8,-36.0811,1.7609,-1.5075
456.331,8,-36.0753,1.7617,-1.5096
456.342,8,-36.0695,1.7622,-1.5115
456.353,8,-36.0638,1.7624,-1.5133
456.365,8,-36.0582,1.7625,-1.5150
456.375,8,-36.0525,1.7627,-1.5166
456.387,8,-36.0467,1.7630,-1.5182
456.398,8,-36.0410,1.7634,-1.5197
456.409,8,-36.0353,1.7637,-1.5211
456.420,8,-36.0296,1.7640,-1.5224
456.431,8,-36.0239,1.7644,-1.5236
456.442,8,-36.0182,1.7650,-1.5249
456.453,8,-36.0124,1.7656,-1.5261
456.464,8,-36.0068,1.7662,-1.5272
456.475,8,-36.0012,1.7667,-1.5282
456.487,8,-35.9958,1.7672,-1.5293
456.498,8,-35.9903,1.7676,-1.5302
456.509,8,-35.9850,1.7679,-1.5311
456.520,8,-35.9797,1.7682,-1.5320
456.531,8,-35.9744,1.7684,-1.5329
456.542,8,-35.9692,1.7686,-1.5337
456.553,8,-35.9639,1.7687,-1.5345
456.565,8,-35.9586,1.7688,-1.5353
456.576,8,-35.9533,1.7688,-1.5360
456.587,8,-35.9479,1.7687,-1.5367
456.598,8,-35.9426,1.7686,-1.5373
456.609,8,-35.9373,1.7685,-1.5379
456.620,8,-35.9320,1.7684,-1.5385
456.631,8,-35.9267,1.7681,-1.5390
456.642,8,-35.9214,1.7677,-1.5395
456.653,8,-35.9161,1.7673,-1.5401
456.664,8,-35.9108,1.7667,-1.5405
456.676,8,-35.9056,1.7659,-1.5409
456.687,8,-35.9003,1.7651,-1.5413
456.698,8,-35.8953,1.7641,-1.5416
456.709,8,-35.8901,1.7632,-1.5419
456.720,8,-35.8850,1.7623,-1.5420
456.731,8,-35.8799,1.7613,-1.5422
456.742,8,-35.8749,1.7603,-1.5422
456.753,8,-35.8699,1.7595,-1.5422
456.765,8,-35.8649,1.7587,-1.5420
456.776,8,-35.8600,1.7581,-1.5419
456.787,8,-35.8550,1.7575,-1.5418
456.798,8,-35.8499,1.7571,-1.5414
456.809,8,-35.8449,1.7568,-1.5411
456.820,8,-35.8399,1.7564,-1.5408
456.831,8,-35.8348,1.7563,-1.5403
456.843,8,-35.8296,1.7564,-1.5398
456.854,8,-35.8244,1.7565,-1.5392
456.865,8,-35.8193,1.7567,-1.5386
456.876,8,-35.8141,1.7569,-1.5380
456.887,8,-35.8090,1.7572,-1.5373
456.898,8,-35.8038,1.7575,-1.5367
456.909,8,-35.7986,1.7577,-1.5361
456.920,8,-35.7933,1.7584,-1.5355
456.931,8,-35.7879,1.7595,-1.5350
456.942,8,-35.7826,1.7608,-1.5345
456.953,8,-35.7773,1.7618,-1.5339
456.964,8,-35.7722,1.7625,-1.5334
456.976,8,-35.7670,1.7629,-1.5329
456.987,8,-35.7620,1.7630,-1.5324
456.998,8,-35.7571,1.7627,-1.5320
457.011,8,-35.7522,1.7626,-1.5316
457.020,8,-35.7473,1.7625,-1.5311
457.030,8,-35.7426,1.7621,-1.5308
457.041,8,-35.7379,1.7618,-1.5306
457.052,8,-35.7332,1.7616,-1.5305
457.063,8,-35.7284,1.7615,-1.5304
457.074,8,-35.7236,1.7617,-1.5303
457.085,8,-35.7188,1.7620,-1.5303
457.096,8,-35.7139,1.7623,-1.5303
457.107,8,-35.7092,1.7625,-1.5304
457.118,8,-35.7044,1.7628,-1.5304
457.130,8,-35.6997,1.7631,-1.5306
457.141,8,-35.6950,1.7634,-1.5306
457.152,8,-35.6904,1.7637,-1.5307
457.163,8,-35.6857,1.7640,-1.5308
457.175,8,-35.6812,1.7643,-1.5299
457.187,8,-35.6767,1.7644,-1.5300
457.198,8,-35.6723,1.7644,-1.5302
457.210,8,-35.6680,1.7645,-1.5304
457.221,8,-35.6637,1.7645,-1.5304
457.233,8,-35.6595,1.7646,-1.5306
457.245,8,-35.6552,1.7647,-1.5308
457.256,8,-35.6509,1.7650,-1.5309
457.268,8,-35.6465,1.7651,-1.5312
457.279,8,-35.6421,1.7653,-1.5315
457.291,8,-35.6377,1.7655,-1.5319
457.303,8,-35.6333,1.7657,-1.5323
457.314,8,-35.6288,1.7661,-1.5327
457.326,8,-35.6244,1.7663,-1.5331
457.337,8,-35.6199,1.7663,-1.5337
457.349,8,-35.6154,1.7663,-1.5343
457.360,8,-35.6110,1.7662,-1.5349
457.372,8,-35.6066,1.7661,-1.5354
457.383,8,-35.6024,1.7660,-1.5360
457.395,8,-35.5981,1.7658,-1.5368
457.406,8,-35.5938,1.7655,-1.5375
457.418,8,-35.5897,1.7651,-1.5383
457.429,8,-35.5856,1.7646,-1.5392
457.440,8,-35.5816,1.7640,-1.5400
457.452,8,-35.5777,1.7634,-1.5410
457.463,8,-35.5738,1.7626,-1.5419
457.475,8,-35.5700,1.7619,-1.5428
457.486,8,-35.5663,1.7613,-1.5437
457.497,8,-35.5627,1.7606,-1.5446
457.509,8,-35.5593,1.7600,-1.5455
457.520,8,-35.5559,1.7595,-1.5464
457.531,8,-35.5525,1.7593,-1.5475
457.542,8,-35.5491,1.7593,-1.5484
457.553,8,-35.5457,1.7596,-1.5495
457.564,8,-35.5423,1.7602,-1.5504
457.576,8,-35.5391,1.7611,-1.5513
457.587,8,-35.5359,1.7621,-1.5527
457.598,8,-35.5328,1.7629,-1.5537
457.609,8,-35.5298,1.7639,-1.5548
457.620,8,-35.5267,1.7648,-1.5558
457.631,8,-35.5235,1.7659,-1.5569
457.643,8,-35.5204,1.7669,-1.5579
457.654,8,-35.5174,1.7679,-1.5588
457.666,8,-35.5144,1.7687,-1.5597
457.677,8,-35.5114,1.7694,-1.5606
457.689,8,-35.5085,1.7699,-1.5614
457.701,8,-35.5056,1.7704,-1.5622
457.713,8,-35.5027,1.7708,-1.5630
457.724,8,-35.4998,1.7710,-1.5635
457.735,8,-35.4970,1.7712,-1.5641
457.747,8,-35.4942,1.7710,-1.5645
457.759,8,-35.4914,1.7708,-1.5649
457.770,8,-35.4886,1.7703,-1.5651
457.782,8,-35.4859,1.7696,-1.5652
457.793,8,-35.4833,1.7691,-1.5654
457.805,8,-35.4807,1.7687,-1.5652
457.817,8,-35.4783,1.7685,-1.5651
457.828,8,-35.4760,1.7681,-1.5650
457.839,8,-35.4738,1.7678,-1.5647
457.851,8,-35.4717,1.7675,-1.5642
457.862,8,-35.4697,1.7673,-1.5636
457.873,8,-35.4677,1.7672,-1.5631
457.884,8,-35.4660,1.7672,-1.5622
457.896,8,-35.4644,1.7672,-1.5613
457.907,8,-35.4628,1.7671,-1.5604
457.918,8,-35.4614,1.7669,-1.5592
457.929,8,-35.4601,1.7669,-1.5581
457.940,8,-35.4587,1.7669,-1.5569
457.951,8,-35.4576,1.7670,-1.5555
457.963,8,-35.4565,1.7670,-1.5541
457.974,8,-35.4554,1.7669,-1.5526
457.985,8,-35.4545,1.7668,-1.5509
457.996,8,-35.4535,1.7666,-1.5494
458.008,8,-35.4526,1.7666,-1.5479
458.018,8,-35.4518,1.7663,-1.5461
458.030,8,-35.4511,1.7661,-1.5444
458.041,8,-35.4505,1.7658,-1.5428
458.052,8,-35.4500,1.7653,-1.5409
458.063,8,-35.4496,1.7649,-1.5390
458.074,8,-35.4493,1.7643,-1.5371
458.086,8,-35.4490,1.7638,-1.5350
458.097,8,-35.4490,1.7634,-1.5328
458.109,8,-35.4491,1.7630,-1.5305
458.120,8,-35.4493,1.7627,-1.5282
458.132,8,-35.4496,1.7627,-1.5258
458.143,8,-35.4498,1.7629,-1.5233
458.155,8,-35.4502,1.7636,-1.5208
458.167,8,-35.4505,1.7646,-1.5184
458.178,8,-35.4511,1.7653,-1.5159
458.190,8,-35.4519,1.7656,-1.5135
458.202,8,-35.4527,1.7658,-1.5110
458.214,8,-35.4535,1.7660,-1.5085
458.225,8,-35.4545,1.7661,-1.5059
458.237,8,-35.4556,1.7661,-1.5034
458.248,8,-35.4567,1.7661,-1.5009
458.260,8,-35.4580,1.7660,-1.4984
458.271,8,-35.4592,1.7658,-1.4958
458.282,8,-35.4606,1.7655,-1.4932
458.294,8,-35.4619,1.7654,-1.4905
458.305,8,-35.4632,1.7654,-1.4877
458.317,8,-35.4646,1.7654,-1.4851
458.328,8,-35.4660,1.7654,-1.4824
458.339,8,-35.4673,1.7653,-1.4798
458.351,8,-35.4687,1.7652,-1.4775
458.362,8,-35.4702,1.7650,-1.4748
458.373,8,-35.4716,1.7647,-1.4724
458.385,8,-35.4731,1.7644,-1.4700
458.396,8,-35.4746,1.7641,-1.4677
458.407,8,-35.4761,1.7637,-1.4657
458.418,8,-35.4776,1.7634,-1.4638
458.429,8,-35.4791,1.7629,-1.4616
458.441,8,-35.4805,1.7625,-1.4593
458.452,8,-35.4820,1.7620,-1.4571
458.463,8,-35.4833,1.7618,-1.4548
458.474,8,-35.4847,1.7617,-1.4526
458.485,8,-35.4860,1.7616,-1.4504
458.497,8,-35.4874,1.7614,-1.4482
458.508,8,-35.4888,1.7612,-1.4462
458.519,8,-35.4902,1.7611,-1.4441
458.530,8,-35.4917,1.7611,-1.4421
458.541,8,-35.4932,1.7611,-1.4401
458.552,8,-35.4948,1.7611,-1.4381
458.564,8,-35.4962,1.7611,-1.4360
458.575,8,-35.4978,1.7613,-1.4340
458.586,8,-35.4994,1.7614,-1.4321
458.597,8,-35.5010,1.7616,-1.4302
458.608,8,-35.5026,1.7618,-1.4284
458.619,8,-35.5042,1.7621,-1.4266
458.630,8,-35.5058,1.7625,-1.4249
458.641,8,-35.5072,1.7630,-1.4231
458.652,8,-35.5088,1.7633,-1.4214
458.663,8,-35.5103,1.7636,-1.4199
458.674,8,-35.5118,1.7639,-1.4183
458.686,8,-35.5133,1.7643,-1.4168
458.696,8,-35.5148,1.7646,-1.4153
458.708,8,-35.5163,1.7648,-1.4139
458.719,8,-35.5178,1.7649,-1.4124
458.730,8,-35.5193,1.7651,-1.4110
458.741,8,-35.5208,1.7651,-1.4095
458.752,8,-35.5222,1.7652,-1.4081
458.763,8,-35.5236,1.7653,-1.4068
458.774,8,-35.5250,1.7653,-1.4055
458.785,8,-35.5264,1.7653,-1.4043
458.796,8,-35.5277,1.7653,-1.4031
458.808,8,-35.5291,1.7653,-1.4020
458.818,8,-35.5304,1.7653,-1.4010
458.830,8,-35.5317,1.7653,-1.3999
458.841,8,-35.5330,1.7652,-1.3989
458.852,8,-35.5343,1.7651,-1.3981
458.863,8,-35.5356,1.7648,-1.3975
458.874,8,-35.5369,1.7645,-1.3969
458.885,8,-35.5381,1.7642,-1.3966
458.896,8,-35.5394,1.7637,-1.3963
458.907,8,-35.5404,1.7632,-1.3962
458.919,8,-35.5415,1.7627,-1.3961
458.930,8,-35.5428,1.7622,-1.3960
458.941,8,-35.5438,1.7617,-1.3962
458.952,8,-35.5447,1.7612,-1.3964
458.963,8,-35.5457,1.7607,-1.3966
458.974,8,-35.5464,1.7606,-1.3969
458.985,8,-35.5471,1.7604,-1.3972
458.996,8,-35.5477,1.7602,-1.3974
459.007,8,-35.5479,1.7602,-1.3978
459.018,8,-35.5484,1.7602,-1.3980
459.029,8,-35.5487,1.7603,-1.3984
459.041,8,-35.5489,1.7604,-1.3988
459.052,8,-35.5492,1.7605,-1.3992
459.063,8,-35.5494,1.7605,-1.3997
459.074,8,-35.5496,1.7606,-1.4003
459.085,8,-35.5499,1.7605,-1.4007
459.096,8,-35.5500,1.7603,-1.4013
459.107,8,-35.5502,1.7601,-1.4018
459.119,8,-35.5503,1.7598,-1.4024
459.130,8,-35.5503,1.7596,-1.4030
459.141,8,-35.5502,1.7591,-1.4035
459.151,8,-35.5504,1.7589,-1.4040
459.162,8,-35.5504,1.7583,-1.4047
459.173,8,-35.5505,1.7580,-1.4054
459.184,8,-35.5508,1.7573,-1.4060
459.195,8,-35.5509,1.7568,-1.4067
459.206,8,-35.5509,1.7564,-1.4074
459.217,8,-35.5510,1.7560,-1.4082
459.228,8,-35.5511,1.7555,-1.4090
459.240,8,-35.5511,1.7552,-1.4098
459.251,8,-35.5512,1.7547,-1.4107
459.262,8,-35.5513,1.7543,-1.4116
459.273,8,-35.5513,1.7538,-1.4127
459.284,8,-35.5513,1.7532,-1.4137
459.295,8,-35.5513,1.7527,-1.4147
459.306,8,-35.5513,1.7523,-1.4158
459.317,8,-35.5512,1.7522,-1.4170
459.328,8,-35.5511,1.7520,-1.4182
459.339,8,-35.5510,1.7520,-1.4196
459.350,8,-35.5509,1.7520,-1.4210
459.361,8,-35.5508,1.7521,-1.4223
459.373,8,-35.5508,1.7523,-1.4237
459.383,8,-35.5509,1.7524,-1.4252
459.395,8,-35.5510,1.7526,-1.4266
459.406,8,-35.5511,1.7530,-1.4279
459.417,8,-35.5513,1.7533,-1.4292
459.428,8,-35.5515,1.7535,-1.4308
459.439,8,-35.5518,1.7538,-1.4323
459.450,8,-35.5521,1.7540,-1.4338
459.461,8,-35.5524,1.7542,-1.4354
459.472,8,-35.5528,1.7544,-1.4370
459.484,8,-35.5533,1.7546,-1.4385
459.495,8,-35.5538,1.7549,-1.4400
459.506,8,-35.5542,1.7550,-1.4416
459.517,8,-35.5548,1.7552,-1.4431
459.528,8,-35.5555,1.7554,-1.4448
459.540,8,-35.5561,1.7556,-1.4463
459.551,8,-35.5569,1.7558,-1.4479
459.562,8,-35.5577,1.7560,-1.4492
459.573,8,-35.5587,1.7562,-1.4506
459.585,8,-35.5597,1.7563,-1.4520
459.596,8,-35.5608,1.7564,-1.4533
459.608,8,-35.5619,1.7565,-1.4548
459.619,8,-35.5632,1.7566,-1.4561
459.629,8,-35.5645,1.7568,-1.4575
459.640,8,-35.5660,1.7571,-1.4589
459.651,8,-35.5675,1.7574,-1.4604
459.662,8,-35.5691,1.7577,-1.4618
459.673,8,-35.5707,1.7582,-1.4633
459.684,8,-35.5724,1.7586,-1.4647
459.695,8,-35.5740,1.7589,-1.4660
459.706,8,-35.5757,1.7591,-1.4675
459.718,8,-35.5775,1.7593,-1.4689
459.729,8,-35.5792,1.7596,-1.4703
459.740,8,-35.5810,1.7598,-1.4719
459.751,8,-35.5828,1.7600,-1.4734
459.763,8,-35.5845,1.7601,-1.4748
459.774,8,-35.5862,1.7601,-1.4763
459.785,8,-35.5879,1.7601,-1.4776
459.796,8,-35.5896,1.7600,-1.4790
459.807,8,-35.5913,1.7599,-1.4804
459.818,8,-35.5931,1.7595,-1.4817

# --- Trial 9 start ---
470.412,9,-39.3915,1.7475,-1.1770
470.427,9,-39.3911,1.7473,-1.1780
470.439,9,-39.3908,1.7471,-1.1789
470.458,9,-39.3905,1.7469,-1.1798
470.466,9,-39.3898,1.7466,-1.1817
470.474,9,-39.3895,1.7465,-1.1826
470.487,9,-39.3891,1.7463,-1.1835
470.497,9,-39.3887,1.7462,-1.1844
470.509,9,-39.3884,1.7461,-1.1853
470.519,9,-39.3880,1.7459,-1.1862
470.536,9,-39.3876,1.7458,-1.1871
470.553,9,-39.3869,1.7456,-1.1889
470.570,9,-39.3865,1.7455,-1.1897
470.586,9,-39.3858,1.7454,-1.1914
470.607,9,-39.3854,1.7454,-1.1922
470.615,9,-39.3849,1.7454,-1.1930
470.623,9,-39.3841,1.7454,-1.1947
470.631,9,-39.3831,1.7455,-1.1963
470.647,9,-39.3819,1.7457,-1.1980
470.669,9,-39.3804,1.7456,-1.1998
470.691,9,-39.3787,1.7455,-1.2014
470.713,9,-39.3766,1.7450,-1.2031
470.735,9,-39.3745,1.7442,-1.2048
470.757,9,-39.3720,1.7431,-1.2066
470.780,9,-39.3696,1.7419,-1.2084
470.802,9,-39.3672,1.7404,-1.2105
470.824,9,-39.3646,1.7390,-1.2127
470.846,9,-39.3620,1.7377,-1.2153
470.868,9,-39.3593,1.7369,-1.2177
470.890,9,-39.3566,1.7363,-1.2201
470.913,9,-39.3535,1.7358,-1.2225
470.935,9,-39.3505,1.7350,-1.2248
470.958,9,-39.3474,1.7342,-1.2272
470.980,9,-39.3442,1.7331,-1.2293
471.003,9,-39.3408,1.7315,-1.2313
471.025,9,-39.3375,1.7298,-1.2331
471.048,9,-39.3342,1.7278,-1.2347
471.071,9,-39.3310,1.7252,-1.2361
471.093,9,-39.3283,1.7225,-1.2373
471.115,9,-39.3273,1.7209,-1.2376
471.131,9,-39.3262,1.7195,-1.2379
471.143,9,-39.3250,1.7183,-1.2384
471.154,9,-39.3239,1.7169,-1.2389
471.165,9,-39.3228,1.7156,-1.2393
471.176,9,-39.3217,1.7143,-1.2397
471.187,9,-39.3206,1.7129,-1.2400
471.199,9,-39.3194,1.7116,-1.2403
471.210,9,-39.3185,1.7102,-1.2405
471.221,9,-39.3176,1.7088,-1.2407
471.232,9,-39.3166,1.7074,-1.2409
471.243,9,-39.3157,1.7062,-1.2412
471.254,9,-39.3147,1.7050,-1.2414
471.266,9,-39.3138,1.7038,-1.2416
471.277,9,-39.3130,1.7026,-1.2417
471.288,9,-39.3121,1.7015,-1.2419
471.299,9,-39.3114,1.7005,-1.2420
471.310,9,-39.3106,1.6995,-1.2421
471.321,9,-39.3100,1.6987,-1.2422
471.333,9,-39.3093,1.6979,-1.2424
471.343,9,-39.3085,1.6971,-1.2426
471.355,9,-39.3078,1.6964,-1.2428
471.365,9,-39.3070,1.6958,-1.2430
471.377,9,-39.3063,1.6953,-1.2431
471.388,9,-39.3056,1.6948,-1.2433
471.399,9,-39.3048,1.6942,-1.2435
471.411,9,-39.3040,1.6938,-1.2437
471.422,9,-39.3033,1.6933,-1.2438
471.433,9,-39.3026,1.6929,-1.2439
471.444,9,-39.3020,1.6926,-1.2441
471.456,9,-39.3014,1.6922,-1.2442
471.467,9,-39.3007,1.6920,-1.2443
471.479,9,-39.3001,1.6918,-1.2444
471.490,9,-39.2995,1.6917,-1.2445
471.502,9,-39.2990,1.6917,-1.2446
471.514,9,-39.2985,1.6919,-1.2446
471.535,9,-39.2984,1.6925,-1.2445
471.546,9,-39.2980,1.6929,-1.2445
471.557,9,-39.2977,1.6932,-1.2443
471.569,9,-39.2975,1.6938,-1.2442
471.580,9,-39.2972,1.6944,-1.2439
471.591,9,-39.2969,1.6951,-1.2437
471.602,9,-39.2966,1.6958,-1.2434
471.612,9,-39.2966,1.6966,-1.2429
471.624,9,-39.2966,1.6975,-1.2424
471.635,9,-39.2966,1.6984,-1.2417
471.646,9,-39.2966,1.6995,-1.2410
471.657,9,-39.2967,1.7007,-1.2402
471.669,9,-39.2969,1.7020,-1.2394
471.680,9,-39.2971,1.7034,-1.2385
471.691,9,-39.2973,1.7049,-1.2377
471.702,9,-39.2976,1.7066,-1.2368
471.713,9,-39.2979,1.7082,-1.2358
471.724,9,-39.2982,1.7099,-1.2347
471.735,9,-39.2986,1.7117,-1.2337
471.747,9,-39.2991,1.7135,-1.2325
471.758,9,-39.2996,1.7154,-1.2313
471.768,9,-39.3001,1.7172,-1.2301
471.779,9,-39.3007,1.7191,-1.2287
471.790,9,-39.3013,1.7211,-1.2272
471.801,9,-39.3019,1.7230,-1.2257
471.812,9,-39.3027,1.7248,-1.2242
471.824,9,-39.3034,1.7267,-1.2226
471.835,9,-39.3040,1.7285,-1.2209
471.846,9,-39.3046,1.7302,-1.2192
471.856,9,-39.3053,1.7319,-1.2175
471.868,9,-39.3060,1.7334,-1.2157
471.878,9,-39.3066,1.7348,-1.2140
471.889,9,-39.3072,1.7362,-1.2123
471.900,9,-39.3078,1.7374,-1.2106
471.912,9,-39.3083,1.7386,-1.2090
471.923,9,-39.3088,1.7398,-1.2073
471.934,9,-39.3092,1.7409,-1.2057
471.945,9,-39.3097,1.7419,-1.2041
471.956,9,-39.3102,1.7429,-1.2024
471.967,9,-39.3106,1.7438,-1.2009
471.978,9,-39.3111,1.7445,-1.1994
471.989,9,-39.3117,1.7451,-1.1978
472.000,9,-39.3121,1.7457,-1.1963
472.011,9,-39.3125,1.7463,-1.1947
472.022,9,-39.3128,1.7467,-1.1932
472.033,9,-39.3131,1.7471,-1.1917
472.045,9,-39.3133,1.7475,-1.1902
472.056,9,-39.3133,1.7478,-1.1888
472.067,9,-39.3133,1.7482,-1.1874
472.078,9,-39.3131,1.7485,-1.1861
472.089,9,-39.3128,1.7487,-1.1848
472.100,9,-39.3124,1.7488,-1.1835
472.111,9,-39.3119,1.7489,-1.1822
472.122,9,-39.3114,1.7488,-1.1810
472.134,9,-39.3107,1.7487,-1.1797
472.145,9,-39.3098,1.7484,-1.1785
472.156,9,-39.3090,1.7481,-1.1772
472.167,9,-39.3079,1.7478,-1.1760
472.178,9,-39.3067,1.7477,-1.1748
472.189,9,-39.3053,1.7476,-1.1736
472.201,9,-39.3034,1.7476,-1.1724
472.211,9,-39.3019,1.7476,-1.1712
472.223,9,-39.3001,1.7476,-1.1700
472.234,9,-39.2982,1.7476,-1.1687
472.245,9,-39.2962,1.7476,-1.1675
472.256,9,-39.2940,1.7475,-1.1663
472.267,9,-39.2919,1.7474,-1.1650
472.279,9,-39.2895,1.7472,-1.1637
472.290,9,-39.2871,1.7469,-1.1623
472.301,9,-39.2846,1.7467,-1.1610
472.312,9,-39.2820,1.7464,-1.1597
472.323,9,-39.2793,1.7460,-1.1583
472.334,9,-39.2766,1.7456,-1.1569
472.345,9,-39.2737,1.7452,-1.1555
472.357,9,-39.2706,1.7448,-1.1542
472.368,9,-39.2673,1.7445,-1.1527
472.379,9,-39.2641,1.7441,-1.1512
472.390,9,-39.2608,1.7436,-1.1497
472.401,9,-39.2572,1.7432,-1.1481
472.412,9,-39.2537,1.7426,-1.1466
472.423,9,-39.2501,1.7421,-1.1450
472.434,9,-39.2464,1.7414,-1.1435
472.445,9,-39.2426,1.7409,-1.1420
472.457,9,-39.2386,1.7402,-1.1406
472.468,9,-39.2347,1.7396,-1.1390
472.479,9,-39.2307,1.7390,-1.1376
472.491,9,-39.2266,1.7385,-1.1361
472.502,9,-39.2225,1.7380,-1.1349
472.513,9,-39.2182,1.7377,-1.1335
472.524,9,-39.2139,1.7375,-1.1321
472.535,9,-39.2094,1.7374,-1.1308
472.546,9,-39.2048,1.7375,-1.1295
472.557,9,-39.2000,1.7378,-1.1282
472.569,9,-39.1954,1.7384,-1.1269
472.579,9,-39.1907,1.7390,-1.1256
472.591,9,-39.1859,1.7394,-1.1244
472.602,9,-39.1811,1.7401,-1.1232
472.613,9,-39.1763,1.7410,-1.1220
472.625,9,-39.1714,1.7421,-1.1208
472.635,9,-39.1666,1.7431,-1.1197
472.646,9,-39.1617,1.7441,-1.1186
472.657,9,-39.1568,1.7453,-1.1175
472.668,9,-39.1520,1.7465,-1.1166
472.679,9,-39.1472,1.7476,-1.1156
472.690,9,-39.1424,1.7485,-1.1147
472.701,9,-39.1374,1.7493,-1.1138
472.712,9,-39.1326,1.7498,-1.1129
472.723,9,-39.1278,1.7501,-1.1121
472.734,9,-39.1231,1.7501,-1.1115
472.745,9,-39.1184,1.7502,-1.1108
472.756,9,-39.1137,1.7501,-1.1101
472.768,9,-39.1090,1.7501,-1.1094
472.778,9,-39.1042,1.7503,-1.1087
472.790,9,-39.0994,1.7504,-1.1080
472.801,9,-39.0946,1.7507,-1.1074
472.812,9,-39.0897,1.7510,-1.1067
472.823,9,-39.0848,1.7513,-1.1060
472.834,9,-39.0798,1.7516,-1.1052
472.845,9,-39.0748,1.7521,-1.1044
472.856,9,-39.0697,1.7525,-1.1034
472.867,9,-39.0647,1.7528,-1.1025
472.878,9,-39.0595,1.7530,-1.1013
472.889,9,-39.0543,1.7530,-1.1002
472.900,9,-39.0492,1.7527,-1.0990
472.911,9,-39.0442,1.7524,-1.0977
472.923,9,-39.0390,1.7521,-1.0964
472.934,9,-39.0338,1.7517,-1.0950
472.945,9,-39.0287,1.7513,-1.0935
472.956,9,-39.0235,1.7508,-1.0919
472.968,9,-39.0183,1.7503,-1.0903
472.979,9,-39.0131,1.7496,-1.0887
472.990,9,-39.0078,1.7490,-1.0871
473.001,9,-39.0025,1.7484,-1.0857
473.012,9,-38.9972,1.7477,-1.0844
473.023,9,-38.9918,1.7470,-1.0831
473.035,9,-38.9864,1.7463,-1.0820
473.046,9,-38.9810,1.7455,-1.0810
473.057,9,-38.9756,1.7446,-1.0803
473.068,9,-38.9699,1.7436,-1.0796
473.079,9,-38.9643,1.7425,-1.0792
473.091,9,-38.9585,1.7414,-1.0788
473.101,9,-38.9528,1.7402,-1.0785
473.113,9,-38.9467,1.7390,-1.0784
473.124,9,-38.9408,1.7379,-1.0785
473.135,9,-38.9346,1.7367,-1.0786
473.146,9,-38.9286,1.7355,-1.0790
473.158,9,-38.9232,1.7343,-1.0789
473.169,9,-38.9167,1.7331,-1.0796
473.181,9,-38.9099,1.7321,-1.0806
473.192,9,-38.9032,1.7311,-1.0817
473.204,9,-38.8966,1.7304,-1.0828
473.215,9,-38.8901,1.7296,-1.0839
473.227,9,-38.8834,1.7289,-1.0852
473.239,9,-38.8766,1.7284,-1.0865
473.251,9,-38.8698,1.7283,-1.0878
473.262,9,-38.8629,1.7285,-1.0893
473.274,9,-38.8559,1.7288,-1.0910
473.285,9,-38.8489,1.7290,-1.0927
473.297,9,-38.8417,1.7296,-1.0944
473.309,9,-38.8344,1.7305,-1.0962
473.320,9,-38.8272,1.7316,-1.0981
473.331,9,-38.8199,1.7326,-1.1000
473.342,9,-38.8125,1.7335,-1.1019
473.354,9,-38.8050,1.7348,-1.1038
473.365,9,-38.7979,1.7360,-1.1057
473.377,9,-38.7907,1.7373,-1.1075
473.388,9,-38.7835,1.7387,-1.1094
473.399,9,-38.7763,1.7398,-1.1114
473.411,9,-38.7693,1.7407,-1.1135
473.421,9,-38.7623,1.7417,-1.1155
473.433,9,-38.7552,1.7425,-1.1175
473.444,9,-38.7483,1.7435,-1.1194
473.455,9,-38.7416,1.7443,-1.1213
473.467,9,-38.7348,1.7451,-1.1230
473.478,9,-38.7281,1.7460,-1.1246
473.489,9,-38.7214,1.7467,-1.1261
473.500,9,-38.7147,1.7474,-1.1276
473.511,9,-38.7079,1.7482,-1.1291
473.523,9,-38.7013,1.7490,-1.1305
473.534,9,-38.6946,1.7500,-1.1319
473.545,9,-38.6880,1.7508,-1.1333
473.556,9,-38.6814,1.7514,-1.1346
473.568,9,-38.6748,1.7520,-1.1360
473.578,9,-38.6681,1.7526,-1.1373
473.589,9,-38.6615,1.7529,-1.1386
473.600,9,-38.6548,1.7532,-1.1399
473.611,9,-38.6483,1.7533,-1.1414
473.622,9,-38.6417,1.7534,-1.1428
473.633,9,-38.6349,1.7534,-1.1443
473.644,9,-38.6279,1.7533,-1.1458
473.656,9,-38.6208,1.7531,-1.1474
473.667,9,-38.6137,1.7528,-1.1489
473.678,9,-38.6063,1.7525,-1.1505
473.689,9,-38.5989,1.7521,-1.1521
473.700,9,-38.5914,1.7516,-1.1536
473.711,9,-38.5839,1.7510,-1.1552
473.723,9,-38.5764,1.7502,-1.1567
473.734,9,-38.5688,1.7495,-1.1583
473.745,9,-38.5612,1.7487,-1.1597
473.756,9,-38.5536,1.7478,-1.1612
473.767,9,-38.5459,1.7467,-1.1626
473.778,9,-38.5382,1.7456,-1.1640
473.791,9,-38.5302,1.7443,-1.1654
473.802,9,-38.5225,1.7431,-1.1667
473.812,9,-38.5146,1.7417,-1.1681
473.822,9,-38.5068,1.7404,-1.1693
473.833,9,-38.4990,1.7392,-1.1704
473.844,9,-38.4912,1.7381,-1.1714
473.856,9,-38.4834,1.7371,-1.1724
473.867,9,-38.4754,1.7362,-1.1734
473.878,9,-38.4675,1.7353,-1.1744
473.889,9,-38.4594,1.7346,-1.1754
473.900,9,-38.4512,1.7341,-1.1763
473.911,9,-38.4430,1.7336,-1.1772
473.922,9,-38.4348,1.7332,-1.1779
473.934,9,-38.4265,1.7330,-1.1786
473.944,9,-38.4181,1.7328,-1.1792
473.956,9,-38.4095,1.7331,-1.1798
473.967,9,-38.4010,1.7338,-1.1803
473.978,9,-38.3926,1.7345,-1.1808
473.989,9,-38.3842,1.7354,-1.1812
474.000,9,-38.3758,1.7361,-1.1817
474.011,9,-38.3673,1.7371,-1.1823
474.022,9,-38.3588,1.7384,-1.1828
474.034,9,-38.3500,1.7402,-1.1834
474.044,9,-38.3413,1.7420,-1.1840
474.055,9,-38.3326,1.7435,-1.1846
474.067,9,-38.3240,1.7445,-1.1853
474.078,9,-38.3156,1.7451,-1.1860
474.089,9,-38.3072,1.7456,-1.1867
474.100,9,-38.2989,1.7458,-1.1875
474.111,9,-38.2908,1.7460,-1.1883
474.122,9,-38.2827,1.7464,-1.1891
474.133,9,-38.2746,1.7468,-1.1900
474.144,9,-38.2665,1.7475,-1.1909
474.155,9,-38.2585,1.7484,-1.1919
474.166,9,-38.2503,1.7491,-1.1929
474.177,9,-38.2423,1.7499,-1.1939
474.189,9,-38.2340,1.7505,-1.1950
474.200,9,-38.2258,1.7513,-1.1961
474.211,9,-38.2177,1.7521,-1.1972
474.222,9,-38.2096,1.7529,-1.1983
474.233,9,-38.2017,1.7534,-1.1993
474.244,9,-38.1936,1.7537,-1.2004
474.256,9,-38.1857,1.7539,-1.2014
474.267,9,-38.1777,1.7539,-1.2024
474.278,9,-38.1697,1.7539,-1.2035
474.289,9,-38.1617,1.7538,-1.2045
474.300,9,-38.1537,1.7536,-1.2054
474.311,9,-38.1457,1.7533,-1.2063
474.323,9,-38.1377,1.7530,-1.2073
474.334,9,-38.1295,1.7528,-1.2082
474.345,9,-38.1214,1.7524,-1.2092
474.357,9,-38.1132,1.7519,-1.2103
474.368,9,-38.1051,1.7514,-1.2113
474.378,9,-38.0968,1.7508,-1.2125
474.390,9,-38.0887,1.7500,-1.2136
474.401,9,-38.0805,1.7492,-1.2148
474.412,9,-38.0724,1.7482,-1.2160
474.423,9,-38.0643,1.7471,-1.2172
474.434,9,-38.0563,1.7459,-1.2184
474.445,9,-38.0482,1.7445,-1.2197
474.456,9,-38.0401,1.7430,-1.2211
474.468,9,-38.0320,1.7416,-1.2225
474.478,9,-38.0241,1.7403,-1.2238
474.489,9,-38.0162,1.7390,-1.2252
474.500,9,-38.0082,1.7379,-1.2266
474.511,9,-38.0003,1.7369,-1.2281
474.522,9,-37.9921,1.7361,-1.2296
474.534,9,-37.9839,1.7355,-1.2312
474.545,9,-37.9756,1.7350,-1.2329
474.555,9,-37.9674,1.7346,-1.2345
474.567,9,-37.9590,1.7344,-1.2362
474.577,9,-37.9506,1.7344,-1.2379
474.589,9,-37.9419,1.7352,-1.2398
474.599,9,-37.9334,1.7360,-1.2416
474.610,9,-37.9248,1.7370,-1.2435
474.622,9,-37.9163,1.7382,-1.2453
474.633,9,-37.9078,1.7394,-1.2471
474.644,9,-37.8993,1.7410,-1.2489
474.655,9,-37.8909,1.7427,-1.2507
474.666,9,-37.8825,1.7444,-1.2524
474.677,9,-37.8741,1.7461,-1.2541
474.688,9,-37.8659,1.7477,-1.2557
474.700,9,-37.8577,1.7492,-1.2572
474.710,9,-37.8497,1.7506,-1.2587
474.722,9,-37.8416,1.7518,-1.2600
474.733,9,-37.8336,1.7529,-1.2613
474.744,9,-37.8257,1.7538,-1.2624
474.755,9,-37.8177,1.7546,-1.2635
474.766,9,-37.8100,1.7553,-1.2645
474.777,9,-37.8019,1.7559,-1.2654
474.788,9,-37.7938,1.7567,-1.2662
474.799,9,-37.7860,1.7572,-1.2669
474.811,9,-37.7780,1.7577,-1.2675
474.822,9,-37.7700,1.7583,-1.2681
474.833,9,-37.7620,1.7590,-1.2687
474.844,9,-37.7540,1.7597,-1.2691
474.857,9,-37.7459,1.7604,-1.2696
474.867,9,-37.7379,1.7609,-1.2700
474.877,9,-37.7299,1.7612,-1.2704
474.889,9,-37.7220,1.7613,-1.2706
474.899,9,-37.7141,1.7614,-1.2710
474.911,9,-37.7062,1.7613,-1.2711
474.922,9,-37.6982,1.7611,-1.2714
474.933,9,-37.6903,1.7607,-1.2716
474.944,9,-37.6823,1.7602,-1.2717
474.955,9,-37.6742,1.7597,-1.2718
474.966,9,-37.6661,1.7589,-1.2718
474.978,9,-37.6580,1.7580,-1.2719
474.989,9,-37.6499,1.7572,-1.2719
474.999,9,-37.6420,1.7562,-1.2717
475.011,9,-37.6339,1.7551,-1.2715
475.021,9,-37.6260,1.7541,-1.2713
475.032,9,-37.6178,1.7527,-1.2710
475.044,9,-37.6095,1.7513,-1.2707
475.055,9,-37.6013,1.7497,-1.2702
475.066,9,-37.5931,1.7482,-1.2698
475.077,9,-37.5848,1.7465,-1.2692
475.088,9,-37.5765,1.7449,-1.2686
475.099,9,-37.5682,1.7435,-1.2680
475.110,9,-37.5599,1.7422,-1.2672
475.121,9,-37.5515,1.7411,-1.2663
475.132,9,-37.5430,1.7400,-1.2654
475.143,9,-37.5345,1.7391,-1.2645
475.155,9,-37.5259,1.7384,-1.2635
475.165,9,-37.5173,1.7378,-1.2625
475.177,9,-37.5086,1.7373,-1.2614
475.188,9,-37.4997,1.7374,-1.2602
475.199,9,-37.4909,1.7378,-1.2590
475.210,9,-37.4820,1.7385,-1.2578
475.221,9,-37.4733,1.7395,-1.2566
475.233,9,-37.4646,1.7405,-1.2554
475.244,9,-37.4559,1.7419,-1.2542
475.255,9,-37.4474,1.7433,-1.2530
475.267,9,-37.4390,1.7449,-1.2520
475.278,9,-37.4306,1.7465,-1.2510
475.290,9,-37.4219,1.7482,-1.2501
475.301,9,-37.4132,1.7496,-1.2492
475.313,9,-37.4047,1.7508,-1.2484
475.324,9,-37.3962,1.7518,-1.2477
475.336,9,-37.3878,1.7527,-1.2471
475.348,9,-37.3794,1.7536,-1.2466
475.359,9,-37.3711,1.7545,-1.2463
475.371,9,-37.3628,1.7554,-1.2460
475.382,9,-37.3546,1.7564,-1.2459
475.394,9,-37.3464,1.7572,-1.2458
475.406,9,-37.3381,1.7580,-1.2459
475.417,9,-37.3299,1.7586,-1.2460
475.429,9,-37.3217,1.7593,-1.2462
475.441,9,-37.3133,1.7601,-1.2465
475.453,9,-37.3051,1.7608,-1.2469
475.464,9,-37.2970,1.7613,-1.2472
475.475,9,-37.2889,1.7615,-1.2478
475.487,9,-37.2810,1.7617,-1.2483
475.498,9,-37.2733,1.7617,-1.2488
475.510,9,-37.2655,1.7614,-1.2493
475.521,9,-37.2575,1.7611,-1.2498
475.532,9,-37.2496,1.7606,-1.2504
475.544,9,-37.2417,1.7601,-1.2510
475.555,9,-37.2339,1.7595,-1.2517
475.566,9,-37.2261,1.7589,-1.2524
475.577,9,-37.2183,1.7583,-1.2532
475.589,9,-37.2104,1.7576,-1.2540
475.600,9,-37.2024,1.7568,-1.2549
475.611,9,-37.1944,1.7560,-1.2558
475.622,9,-37.1864,1.7552,-1.2568
475.634,9,-37.1782,1.7543,-1.2578
475.645,9,-37.1701,1.7535,-1.2589
475.656,9,-37.1620,1.7526,-1.2600
475.667,9,-37.1539,1.7516,-1.2612
475.678,9,-37.1457,1.7506,-1.2625
475.689,9,-37.1377,1.7495,-1.2638
475.700,9,-37.1295,1.7483,-1.2653
475.711,9,-37.1214,1.7472,-1.2668
475.723,9,-37.1132,1.7462,-1.2684
475.733,9,-37.1051,1.7452,-1.2700
475.745,9,-37.0969,1.7442,-1.2718
475.756,9,-37.0887,1.7434,-1.2736
475.767,9,-37.0804,1.7427,-1.2756
475.778,9,-37.0721,1.7421,-1.2775
475.789,9,-37.0638,1.7415,-1.2795
475.800,9,-37.0557,1.7410,-1.2816
475.811,9,-37.0475,1.7405,-1.2838
475.822,9,-37.0391,1.7406,-1.2861
475.833,9,-37.0308,1.7409,-1.2884
475.845,9,-37.0225,1.7419,-1.2907
475.856,9,-37.0143,1.7427,-1.2930
475.867,9,-37.0063,1.7437,-1.2954
475.878,9,-36.9982,1.7451,-1.2978
475.889,9,-36.9901,1.7467,-1.3001
475.900,9,-36.9822,1.7484,-1.3024
475.911,9,-36.9743,1.7499,-1.3045
475.922,9,-36.9663,1.7517,-1.3067
475.933,9,-36.9583,1.7536,-1.3087
475.944,9,-36.9503,1.7554,-1.3105
475.955,9,-36.9425,1.7569,-1.3123
475.966,9,-36.9346,1.7581,-1.3140
475.977,9,-36.9267,1.7591,-1.3155
475.989,9,-36.9188,1.7600,-1.3170
476.000,9,-36.9108,1.7610,-1.3184
476.011,9,-36.9030,1.7619,-1.3198
476.022,9,-36.8951,1.7624,-1.3210
476.033,9,-36.8873,1.7630,-1.3221
476.044,9,-36.8795,1.7636,-1.3233
476.055,9,-36.8717,1.7642,-1.3244
476.066,9,-36.8638,1.7648,-1.3254
476.078,9,-36.8561,1.7656,-1.3264
476.089,9,-36.8482,1.7664,-1.3274
476.099,9,-36.8404,1.7670,-1.3283
476.111,9,-36.8326,1.7676,-1.3292
476.121,9,-36.8248,1.7679,-1.3302
476.133,9,-36.8170,1.7683,-1.3310
476.144,9,-36.8091,1.7684,-1.3318
476.155,9,-36.8011,1.7684,-1.3325
476.166,9,-36.7932,1.7683,-1.3333
476.177,9,-36.7852,1.7680,-1.3341
476.188,9,-36.7773,1.7677,-1.3349
476.200,9,-36.7692,1.7672,-1.3356
476.211,9,-36.7610,1.7667,-1.3363
476.222,9,-36.7529,1.7662,-1.3368
476.233,9,-36.7446,1.7658,-1.3373
476.244,9,-36.7362,1.7652,-1.3378
476.255,9,-36.7278,1.7645,-1.3383
476.266,9,-36.7194,1.7638,-1.3387
476.277,9,-36.7108,1.7629,-1.3390
476.288,9,-36.7023,1.7621,-1.3393
476.299,9,-36.6936,1.7611,-1.3396
476.311,9,-36.6850,1.7601,-1.3397
476.322,9,-36.6764,1.7588,-1.3399
476.333,9,-36.6678,1.7574,-1.3400
476.344,9,-36.6591,1.7558,-1.3400
476.355,9,-36.6506,1.7543,-1.3400
476.366,9,-36.6420,1.7529,-1.3398
476.377,9,-36.6335,1.7514,-1.3395
476.389,9,-36.6250,1.7501,-1.3393
476.400,9,-36.6165,1.7489,-1.3389
476.411,9,-36.6079,1.7478,-1.3385
476.422,9,-36.5993,1.7469,-1.3380
476.433,9,-36.5906,1.7461,-1.3376
476.444,9,-36.5819,1.7456,-1.3371
476.455,9,-36.5732,1.7454,-1.3365
476.466,9,-36.5643,1.7457,-1.3360
476.477,9,-36.5555,1.7464,-1.3355
476.489,9,-36.5467,1.7472,-1.3349
476.499,9,-36.5379,1.7483,-1.3345
476.510,9,-36.5291,1.7495,-1.3341
476.522,9,-36.5202,1.7513,-1.3338
476.533,9,-36.5115,1.7530,-1.3335
476.544,9,-36.5029,1.7542,-1.3333
476.555,9,-36.4943,1.7553,-1.3332
476.566,9,-36.4858,1.7560,-1.3332
476.578,9,-36.4775,1.7566,-1.3333
476.589,9,-36.4694,1.7571,-1.3336
476.600,9,-36.4615,1.7576,-1.3339
476.610,9,-36.4538,1.7581,-1.3343
476.622,9,-36.4461,1.7587,-1.3349
476.633,9,-36.4384,1.7594,-1.3355
476.644,9,-36.4307,1.7604,-1.3362
476.655,9,-36.4232,1.7612,-1.3370
476.666,9,-36.4156,1.7620,-1.3378
476.677,9,-36.4082,1.7628,-1.3387
476.688,9,-36.4007,1.7636,-1.3396
476.699,9,-36.3932,1.7646,-1.3406
476.710,9,-36.3859,1.7655,-1.3417
476.722,9,-36.3787,1.7663,-1.3428
476.733,9,-36.3716,1.7669,-1.3439
476.744,9,-36.3646,1.7673,-1.3450
476.755,9,-36.3576,1.7676,-1.3462
476.766,9,-36.3506,1.7678,-1.3473
476.777,9,-36.3436,1.7679,-1.3483
476.788,9,-36.3366,1.7678,-1.3494
476.799,9,-36.3296,1.7676,-1.3505
476.810,9,-36.3225,1.7673,-1.3517
476.821,9,-36.3154,1.7669,-1.3529
476.833,9,-36.3083,1.7664,-1.3543
476.844,9,-36.3011,1.7659,-1.3555
476.855,9,-36.2940,1.7654,-1.3568
476.866,9,-36.2868,1.7648,-1.3582
476.877,9,-36.2795,1.7641,-1.3596
476.889,9,-36.2721,1.7633,-1.3612
476.900,9,-36.2647,1.7625,-1.3627
476.911,9,-36.2574,1.7616,-1.3644
476.922,9,-36.2500,1.7605,-1.3661
476.933,9,-36.2427,1.7595,-1.3677
476.945,9,-36.2354,1.7583,-1.3695
476.956,9,-36.2281,1.7571,-1.3713
476.967,9,-36.2208,1.7557,-1.3732
476.978,9,-36.2135,1.7545,-1.3752
476.989,9,-36.2062,1.7532,-1.3773
477.000,9,-36.1990,1.7520,-1.3794
477.011,9,-36.1917,1.7510,-1.3815
477.022,9,-36.1845,1.7501,-1.3838
477.033,9,-36.1773,1.7492,-1.3862
477.045,9,-36.1701,1.7485,-1.3886
477.056,9,-36.1629,1.7479,-1.3911
477.067,9,-36.1558,1.7472,-1.3936
477.078,9,-36.1487,1.7469,-1.3961
477.089,9,-36.1416,1.7468,-1.3987
477.100,9,-36.1344,1.7474,-1.4012
477.110,9,-36.1274,1.7480,-1.4038
477.121,9,-36.1205,1.7485,-1.4064
477.133,9,-36.1136,1.7491,-1.4090
477.143,9,-36.1066,1.7499,-1.4116
477.155,9,-36.0997,1.7510,-1.4142
477.166,9,-36.0928,1.7524,-1.4167
477.177,9,-36.0860,1.7537,-1.4191
477.188,9,-36.0791,1.7552,-1.4215
477.199,9,-36.0722,1.7569,-1.4238
477.210,9,-36.0655,1.7586,-1.4260
477.221,9,-36.0588,1.7598,-1.4282
477.233,9,-36.0521,1.7608,-1.4303
477.243,9,-36.0453,1.7616,-1.4322
477.254,9,-36.0386,1.7624,-1.4340
477.266,9,-36.0320,1.7630,-1.4357
477.277,9,-36.0254,1.7637,-1.4373
477.288,9,-36.0188,1.7642,-1.4390
477.299,9,-36.0122,1.7648,-1.4405
477.310,9,-36.0057,1.7654,-1.4418
477.322,9,-35.9991,1.7660,-1.4432
477.332,9,-35.9926,1.7667,-1.4445
477.344,9,-35.9860,1.7675,-1.4457
477.355,9,-35.9794,1.7683,-1.4470
477.366,9,-35.9730,1.7692,-1.4481
477.377,9,-35.9665,1.7698,-1.4493
477.388,9,-35.9602,1.7703,-1.4502
477.399,9,-35.9538,1.7708,-1.4512
477.410,9,-35.9475,1.7711,-1.4522
477.422,9,-35.9411,1.7714,-1.4531
477.432,9,-35.9349,1.7716,-1.4540
477.444,9,-35.9287,1.7716,-1.4548
477.456,9,-35.9224,1.7715,-1.4558
477.466,9,-35.9162,1.7715,-1.4567
477.477,9,-35.9099,1.7713,-1.4575
477.488,9,-35.9037,1.7712,-1.4583
477.500,9,-35.8975,1.7709,-1.4590
477.510,9,-35.8912,1.7706,-1.4597
477.521,9,-35.8848,1.7702,-1.4604
477.532,9,-35.8785,1.7697,-1.4610
477.544,9,-35.8721,1.7692,-1.4616
477.555,9,-35.8657,1.7685,-1.4621
477.566,9,-35.8594,1.7678,-1.4626
477.577,9,-35.8530,1.7668,-1.4631
477.588,9,-35.8467,1.7658,-1.4634
477.599,9,-35.8403,1.7646,-1.4637
477.611,9,-35.8340,1.7635,-1.4641
477.622,9,-35.8277,1.7626,-1.4643
477.633,9,-35.8215,1.7616,-1.4646
477.644,9,-35.8153,1.7606,-1.4647
477.655,9,-35.8092,1.7596,-1.4648
477.666,9,-35.8030,1.7586,-1.4648
477.677,9,-35.7969,1.7577,-1.4648
477.688,9,-35.7907,1.7569,-1.4647
477.700,9,-35.7845,1.7563,-1.4645
477.710,9,-35.7783,1.7557,-1.4644
477.721,9,-35.7721,1.7554,-1.4642
477.733,9,-35.7658,1.7551,-1.4640
477.744,9,-35.7596,1.7549,-1.4638
477.755,9,-35.7533,1.7550,-1.4637
477.766,9,-35.7471,1.7553,-1.4635
477.777,9,-35.7408,1.7560,-1.4634
477.788,9,-35.7346,1.7568,-1.4633
477.800,9,-35.7284,1.7582,-1.4632
477.810,9,-35.7224,1.7594,-1.4632
477.822,9,-35.7165,1.7602,-1.4633
477.833,9,-35.7106,1.7608,-1.4635
477.845,9,-35.7048,1.7614,-1.4637
477.856,9,-35.6992,1.7618,-1.4638
477.865,9,-35.6938,1.7622,-1.4640
477.878,9,-35.6885,1.7622,-1.4642
477.887,9,-35.6834,1.7621,-1.4645
477.899,9,-35.6784,1.7619,-1.4647
477.911,9,-35.6736,1.7619,-1.4651
477.920,9,-35.6687,1.7621,-1.4654
477.931,9,-35.6638,1.7625,-1.4659
477.942,9,-35.6589,1.7631,-1.4663
477.954,9,-35.6540,1.7636,-1.4669
477.965,9,-35.6491,1.7641,-1.4672
477.976,9,-35.6443,1.7645,-1.4677
477.987,9,-35.6395,1.7650,-1.4682
477.998,9,-35.6348,1.7655,-1.4687
478.009,9,-35.6301,1.7659,-1.4693
478.020,9,-35.6256,1.7664,-1.4698
478.031,9,-35.6212,1.7667,-1.4705
478.042,9,-35.6169,1.7670,-1.4710
478.053,9,-35.6127,1.7672,-1.4716
478.065,9,-35.6085,1.7673,-1.4722
478.075,9,-35.6042,1.7675,-1.4730
478.087,9,-35.6000,1.7677,-1.4736
478.098,9,-35.5958,1.7679,-1.4742
478.109,9,-35.5916,1.7681,-1.4749
478.120,9,-35.5872,1.7683,-1.4755
478.131,9,-35.5830,1.7684,-1.4763
478.142,9,-35.5788,1.7687,-1.4769
478.154,9,-35.5746,1.7689,-1.4778
478.165,9,-35.5705,1.7690,-1.4786
478.176,9,-35.5664,1.7691,-1.4795
478.187,9,-35.5624,1.7691,-1.4805
478.198,9,-35.5584,1.7689,-1.4814
478.209,9,-35.5546,1.7686,-1.4825
478.221,9,-35.5508,1.7683,-1.4834
478.232,9,-35.5471,1.7679,-1.4845
478.243,9,-35.5436,1.7677,-1.4855
478.254,9,-35.5401,1.7675,-1.4866
478.265,9,-35.5368,1.7672,-1.4877
478.276,9,-35.5335,1.7668,-1.4888
478.287,9,-35.5303,1.7664,-1.4902
478.299,9,-35.5271,1.7660,-1.4914
478.310,9,-35.5240,1.7658,-1.4927
478.321,9,-35.5211,1.7655,-1.4939
478.332,9,-35.5181,1.7651,-1.4952
478.343,9,-35.5151,1.7650,-1.4964
478.354,9,-35.5122,1.7650,-1.4980
478.366,9,-35.5091,1.7654,-1.4996
478.377,9,-35.5060,1.7661,-1.5011
478.389,9,-35.5030,1.7672,-1.5027
478.400,9,-35.5001,1.7680,-1.5042
478.412,9,-35.4972,1.7688,-1.5059
478.424,9,-35.4944,1.7697,-1.5075
478.435,9,-35.4916,1.7707,-1.5091
478.447,9,-35.4887,1.7718,-1.5108
478.459,9,-35.4860,1.7729,-1.5125
478.470,9,-35.4832,1.7739,-1.5142
478.482,9,-35.4804,1.7749,-1.5158
478.493,9,-35.4778,1.7756,-1.5175
478.505,9,-35.4751,1.7763,-1.5191
478.517,9,-35.4723,1.7769,-1.5207
478.528,9,-35.4696,1.7774,-1.5223
478.540,9,-35.4668,1.7778,-1.5239
478.552,9,-35.4641,1.7780,-1.5255
478.563,9,-35.4613,1.7781,-1.5272
478.575,9,-35.4586,1.7782,-1.5287
478.586,9,-35.4560,1.7780,-1.5303
478.597,9,-35.4534,1.7777,-1.5318
478.609,9,-35.4508,1.7773,-1.5333
478.620,9,-35.4482,1.7769,-1.5347
478.632,9,-35.4457,1.7764,-1.5362
478.642,9,-35.4432,1.7760,-1.5376
478.654,9,-35.4408,1.7754,-1.5389
478.665,9,-35.4384,1.7750,-1.5401
478.676,9,-35.4360,1.7747,-1.5412
478.687,9,-35.4338,1.7743,-1.5423
478.699,9,-35.4315,1.7740,-1.5434
478.710,9,-35.4292,1.7738,-1.5444
478.722,9,-35.4270,1.7737,-1.5454
478.734,9,-35.4250,1.7737,-1.5463
478.745,9,-35.4230,1.7738,-1.5472
478.756,9,-35.4212,1.7740,-1.5478
478.768,9,-35.4195,1.7742,-1.5484
478.779,9,-35.4177,1.7744,-1.5490
478.791,9,-35.4161,1.7746,-1.5494
478.803,9,-35.4146,1.7748,-1.5498
478.814,9,-35.4131,1.7750,-1.5503
478.826,9,-35.4117,1.7752,-1.5507
478.837,9,-35.4103,1.7753,-1.5509
478.850,9,-35.4089,1.7754,-1.5512
478.860,9,-35.4077,1.7756,-1.5514
478.872,9,-35.4065,1.7756,-1.5516
478.884,9,-35.4054,1.7755,-1.5517
478.895,9,-35.4043,1.7754,-1.5519
478.907,9,-35.4032,1.7752,-1.5521
478.918,9,-35.4022,1.7751,-1.5522
478.929,9,-35.4013,1.7749,-1.5524
478.941,9,-35.4005,1.7746,-1.5525
478.951,9,-35.3997,1.7745,-1.5526
478.963,9,-35.3989,1.7745,-1.5527
478.974,9,-35.3982,1.7744,-1.5527
478.986,9,-35.3974,1.7744,-1.5526
478.997,9,-35.3966,1.7745,-1.5524
479.009,9,-35.3960,1.7743,-1.5524
479.019,9,-35.3953,1.7742,-1.5522
479.031,9,-35.3945,1.7743,-1.5519
479.042,9,-35.3939,1.7745,-1.5516
479.053,9,-35.3933,1.7747,-1.5513
479.064,9,-35.3928,1.7747,-1.5509
479.075,9,-35.3924,1.7746,-1.5505
479.087,9,-35.3920,1.7744,-1.5501
479.098,9,-35.3916,1.7742,-1.5496
479.109,9,-35.3912,1.7741,-1.5491
479.120,9,-35.3908,1.7740,-1.5486
479.132,9,-35.3903,1.7739,-1.5482
479.143,9,-35.3899,1.7738,-1.5477
479.154,9,-35.3895,1.7737,-1.5473
479.167,9,-35.3891,1.7738,-1.5467
479.178,9,-35.3887,1.7738,-1.5462
479.190,9,-35.3882,1.7739,-1.5455
479.201,9,-35.3878,1.7739,-1.5451
479.213,9,-35.3875,1.7739,-1.5446
479.224,9,-35.3871,1.7740,-1.5442
479.236,9,-35.3870,1.7739,-1.5438
479.248,9,-35.3867,1.7737,-1.5434
479.259,9,-35.3865,1.7737,-1.5430
479.271,9,-35.3863,1.7736,-1.5425
479.282,9,-35.3861,1.7736,-1.5422
479.294,9,-35.3859,1.7736,-1.5417
479.305,9,-35.3858,1.7736,-1.5414
479.317,9,-35.3857,1.7735,-1.5412
479.328,9,-35.3856,1.7735,-1.5409
479.340,9,-35.3855,1.7735,-1.5407
479.351,9,-35.3855,1.7736,-1.5405
479.362,9,-35.3854,1.7737,-1.5403
479.374,9,-35.3854,1.7738,-1.5399
479.385,9,-35.3854,1.7739,-1.5398
479.397,9,-35.3854,1.7739,-1.5396
479.408,9,-35.3854,1.7739,-1.5395

# --- Trial 10 start ---
490.483,10,-39.3531,1.7530,-1.2451
490.498,10,-39.3537,1.7530,-1.2453
490.505,10,-39.3543,1.7532,-1.2457
490.513,10,-39.3548,1.7534,-1.2460
490.524,10,-39.3554,1.7536,-1.2464
490.535,10,-39.3561,1.7539,-1.2467
490.546,10,-39.3566,1.7541,-1.2471
490.565,10,-39.3573,1.7543,-1.2474
490.577,10,-39.3584,1.7547,-1.2482
490.588,10,-39.3589,1.7549,-1.2486
490.601,10,-39.3593,1.7550,-1.2490
490.612,10,-39.3596,1.7552,-1.2494
490.623,10,-39.3600,1.7553,-1.2499
490.634,10,-39.3604,1.7555,-1.2502
490.645,10,-39.3607,1.7556,-1.2507
490.656,10,-39.3610,1.7557,-1.2512
490.667,10,-39.3614,1.7557,-1.2516
490.678,10,-39.3616,1.7558,-1.2521
490.689,10,-39.3619,1.7559,-1.2526
490.700,10,-39.3621,1.7559,-1.2530
490.711,10,-39.3624,1.7560,-1.2535
490.723,10,-39.3627,1.7560,-1.2540
490.734,10,-39.3629,1.7560,-1.2544
490.745,10,-39.3631,1.7562,-1.2549
490.756,10,-39.3634,1.7563,-1.2554
490.767,10,-39.3635,1.7564,-1.2559
490.778,10,-39.3636,1.7565,-1.2564
490.789,10,-39.3637,1.7566,-1.2570
490.801,10,-39.3637,1.7567,-1.2574
490.811,10,-39.3638,1.7568,-1.2579
490.823,10,-39.3638,1.7568,-1.2584
490.834,10,-39.3638,1.7569,-1.2590
490.845,10,-39.3639,1.7569,-1.2595
490.856,10,-39.3638,1.7568,-1.2600
490.867,10,-39.3639,1.7568,-1.2606
490.878,10,-39.3640,1.7568,-1.2611
490.889,10,-39.3641,1.7568,-1.2617
490.900,10,-39.3641,1.7568,-1.2623
490.911,10,-39.3641,1.7569,-1.2630
490.923,10,-39.3641,1.7569,-1.2636
490.933,10,-39.3642,1.7569,-1.2642
490.945,10,-39.3642,1.7570,-1.2648
490.956,10,-39.3642,1.7572,-1.2655
490.967,10,-39.3642,1.7572,-1.2661
490.979,10,-39.3642,1.7572,-1.2666
490.990,10,-39.3642,1.7573,-1.2673
491.001,10,-39.3642,1.7573,-1.2679
491.012,10,-39.3641,1.7573,-1.2685
491.024,10,-39.3641,1.7573,-1.2692
491.035,10,-39.3641,1.7572,-1.2697
491.047,10,-39.3641,1.7571,-1.2702
491.058,10,-39.3639,1.7572,-1.2708
491.070,10,-39.3638,1.7572,-1.2714
491.081,10,-39.3638,1.7572,-1.2719
491.092,10,-39.3638,1.7571,-1.2725
491.103,10,-39.3637,1.7570,-1.2731
491.114,10,-39.3636,1.7570,-1.2736
491.125,10,-39.3636,1.7570,-1.2742
491.136,10,-39.3634,1.7570,-1.2748
491.148,10,-39.3633,1.7570,-1.2753
491.159,10,-39.3632,1.7571,-1.2759
491.170,10,-39.3631,1.7570,-1.2765
491.181,10,-39.3630,1.7570,-1.2769
491.192,10,-39.3629,1.7569,-1.2774
491.203,10,-39.3629,1.7569,-1.2779
491.215,10,-39.3627,1.7569,-1.2785
491.226,10,-39.3626,1.7569,-1.2790
491.237,10,-39.3626,1.7569,-1.2796
491.248,10,-39.3625,1.7569,-1.2801
491.259,10,-39.3625,1.7568,-1.2806
491.270,10,-39.3625,1.7567,-1.2811
491.281,10,-39.3624,1.7567,-1.2817
491.292,10,-39.3623,1.7567,-1.2823
491.303,10,-39.3622,1.7567,-1.2828
491.314,10,-39.3622,1.7567,-1.2834
491.325,10,-39.3621,1.7566,-1.2840
491.336,10,-39.3619,1.7566,-1.2847
491.347,10,-39.3618,1.7565,-1.2853
491.358,10,-39.3616,1.7564,-1.2860
491.369,10,-39.3615,1.7564,-1.2867
491.381,10,-39.3614,1.7563,-1.2874
491.391,10,-39.3611,1.7563,-1.2882
491.403,10,-39.3609,1.7562,-1.2890
491.414,10,-39.3607,1.7561,-1.2898
491.425,10,-39.3605,1.7559,-1.2906
491.436,10,-39.3603,1.7558,-1.2914
491.447,10,-39.3601,1.7557,-1.2923
491.458,10,-39.3598,1.7556,-1.2932
491.470,10,-39.3597,1.7553,-1.2941
491.480,10,-39.3594,1.7552,-1.2951
491.492,10,-39.3590,1.7549,-1.2961
491.503,10,-39.3586,1.7546,-1.2972
491.514,10,-39.3581,1.7542,-1.2983
491.525,10,-39.3577,1.7539,-1.2995
491.536,10,-39.3572,1.7535,-1.3007
491.547,10,-39.3568,1.7532,-1.3018
491.558,10,-39.3563,1.7528,-1.3030
491.569,10,-39.3558,1.7522,-1.3043
491.580,10,-39.3553,1.7516,-1.3056
491.592,10,-39.3549,1.7510,-1.3069
491.602,10,-39.3543,1.7504,-1.3082
491.613,10,-39.3538,1.7498,-1.3096
491.624,10,-39.3532,1.7491,-1.3110
491.636,10,-39.3525,1.7483,-1.3124
491.647,10,-39.3520,1.7476,-1.3139
491.658,10,-39.3515,1.7467,-1.3153
491.669,10,-39.3508,1.7457,-1.3168
491.680,10,-39.3502,1.7447,-1.3184
491.691,10,-39.3496,1.7436,-1.3198
491.703,10,-39.3490,1.7424,-1.3213
491.714,10,-39.3485,1.7410,-1.3227
491.725,10,-39.3479,1.7396,-1.3241
491.736,10,-39.3474,1.7381,-1.3256
491.747,10,-39.3469,1.7365,-1.3270
491.758,10,-39.3464,1.7348,-1.3285
491.769,10,-39.3460,1.7330,-1.3299
491.780,10,-39.3456,1.7311,-1.3314
491.791,10,-39.3452,1.7290,-1.3329
491.802,10,-39.3448,1.7269,-1.3345
491.814,10,-39.3444,1.7246,-1.3361
491.825,10,-39.3441,1.7222,-1.3377
491.835,10,-39.3439,1.7198,-1.3394
491.847,10,-39.3438,1.7174,-1.3410
491.858,10,-39.3437,1.7150,-1.3427
491.869,10,-39.3436,1.7126,-1.3444
491.880,10,-39.3437,1.7102,-1.3461
491.891,10,-39.3438,1.7077,-1.3477
491.902,10,-39.3440,1.7053,-1.3494
491.914,10,-39.3442,1.7030,-1.3510
491.925,10,-39.3445,1.7007,-1.3527
491.936,10,-39.3448,1.6986,-1.3543
491.947,10,-39.3452,1.6964,-1.3559
491.958,10,-39.3456,1.6941,-1.3575
491.969,10,-39.3459,1.6922,-1.3590
491.980,10,-39.3462,1.6903,-1.3605
491.991,10,-39.3465,1.6885,-1.3620
492.003,10,-39.3468,1.6870,-1.3634
492.015,10,-39.3473,1.6856,-1.3647
492.025,10,-39.3477,1.6842,-1.3661
492.034,10,-39.3483,1.6829,-1.3674
492.045,10,-39.3489,1.6816,-1.3687
492.057,10,-39.3494,1.6806,-1.3698
492.068,10,-39.3499,1.6797,-1.3709
492.080,10,-39.3503,1.6789,-1.3720
492.090,10,-39.3507,1.6785,-1.3730
492.102,10,-39.3511,1.6782,-1.3739
492.112,10,-39.3518,1.6782,-1.3746
492.123,10,-39.3524,1.6783,-1.3754
492.134,10,-39.3531,1.6786,-1.3760
492.145,10,-39.3536,1.6791,-1.3765
492.157,10,-39.3541,1.6799,-1.3770
492.167,10,-39.3547,1.6808,-1.3775
492.179,10,-39.3553,1.6818,-1.3778
492.190,10,-39.3559,1.6831,-1.3781
492.201,10,-39.3566,1.6844,-1.3784
492.212,10,-39.3572,1.6859,-1.3786
492.223,10,-39.3579,1.6876,-1.3785
492.234,10,-39.3585,1.6892,-1.3785
492.245,10,-39.3592,1.6912,-1.3784
492.256,10,-39.3597,1.6932,-1.3783
492.267,10,-39.3602,1.6954,-1.3780
492.278,10,-39.3607,1.6977,-1.3775
492.290,10,-39.3611,1.6999,-1.3772
492.301,10,-39.3616,1.7022,-1.3766
492.312,10,-39.3620,1.7045,-1.3760
492.323,10,-39.3625,1.7069,-1.3753
492.334,10,-39.3627,1.7093,-1.3746
492.346,10,-39.3631,1.7118,-1.3737
492.356,10,-39.3634,1.7144,-1.3728
492.368,10,-39.3636,1.7170,-1.3719
492.379,10,-39.3638,1.7196,-1.3708
492.390,10,-39.3639,1.7221,-1.3697
492.401,10,-39.3640,1.7247,-1.3686
492.412,10,-39.3642,1.7274,-1.3674
492.424,10,-39.3642,1.7300,-1.3661
492.435,10,-39.3642,1.7326,-1.3648
492.446,10,-39.3643,1.7352,-1.3634
492.458,10,-39.3643,1.7378,-1.3619
492.469,10,-39.3642,1.7403,-1.3604
492.480,10,-39.3640,1.7425,-1.3589
492.491,10,-39.3638,1.7447,-1.3574
492.502,10,-39.3635,1.7467,-1.3558
492.514,10,-39.3631,1.7487,-1.3543
492.525,10,-39.3626,1.7505,-1.3527
492.536,10,-39.3623,1.7522,-1.3511
492.547,10,-39.3618,1.7537,-1.3495
492.558,10,-39.3614,1.7549,-1.3478
492.569,10,-39.3607,1.7559,-1.3460
492.580,10,-39.3600,1.7568,-1.3443
492.591,10,-39.3593,1.7576,-1.3424
492.602,10,-39.3584,1.7582,-1.3405
492.613,10,-39.3574,1.7586,-1.3385
492.624,10,-39.3565,1.7589,-1.3365
492.635,10,-39.3555,1.7591,-1.3345
492.647,10,-39.3542,1.7591,-1.3324
492.657,10,-39.3530,1.7592,-1.3303
492.668,10,-39.3516,1.7591,-1.3283
492.680,10,-39.3500,1.7591,-1.3261
492.691,10,-39.3483,1.7589,-1.3239
492.702,10,-39.3467,1.7588,-1.3218
492.714,10,-39.3448,1.7586,-1.3196
492.724,10,-39.3431,1.7585,-1.3176
492.736,10,-39.3412,1.7584,-1.3155
492.747,10,-39.3392,1.7582,-1.3134
492.758,10,-39.3372,1.7581,-1.3114
492.768,10,-39.3350,1.7580,-1.3094
492.780,10,-39.3329,1.7580,-1.3074
492.791,10,-39.3307,1.7580,-1.3054
492.802,10,-39.3284,1.7581,-1.3033
492.813,10,-39.3260,1.7581,-1.3013
492.824,10,-39.3235,1.7582,-1.2993
492.835,10,-39.3210,1.7582,-1.2972
492.846,10,-39.3183,1.7581,-1.2950
492.857,10,-39.3157,1.7579,-1.2929
492.868,10,-39.3131,1.7578,-1.2907
492.879,10,-39.3103,1.7577,-1.2885
492.891,10,-39.3076,1.7576,-1.2864
492.902,10,-39.3047,1.7575,-1.2842
492.913,10,-39.3016,1.7574,-1.2821
492.924,10,-39.2984,1.7575,-1.2800
492.935,10,-39.2953,1.7577,-1.2779
492.946,10,-39.2921,1.7580,-1.2758
492.957,10,-39.2888,1.7581,-1.2738
492.969,10,-39.2854,1.7580,-1.2718
492.979,10,-39.2821,1.7580,-1.2698
492.990,10,-39.2788,1.7578,-1.2677
493.001,10,-39.2754,1.7576,-1.2657
493.013,10,-39.2719,1.7574,-1.2638
493.024,10,-39.2682,1.7573,-1.2619
493.035,10,-39.2646,1.7574,-1.2600
493.046,10,-39.2610,1.7574,-1.2582
493.057,10,-39.2573,1.7574,-1.2565
493.068,10,-39.2538,1.7573,-1.2548
493.079,10,-39.2498,1.7573,-1.2532
493.090,10,-39.2460,1.7571,-1.2515
493.102,10,-39.2420,1.7569,-1.2500
493.113,10,-39.2382,1.7566,-1.2484
493.124,10,-39.2343,1.7562,-1.2469
493.135,10,-39.2303,1.7559,-1.2454
493.146,10,-39.2264,1.7555,-1.2440
493.158,10,-39.2221,1.7552,-1.2427
493.168,10,-39.2180,1.7551,-1.2415
493.180,10,-39.2139,1.7551,-1.2403
493.191,10,-39.2097,1.7553,-1.2392
493.202,10,-39.2054,1.7557,-1.2382
493.213,10,-39.2010,1.7560,-1.2373
493.224,10,-39.1966,1.7563,-1.2364
493.235,10,-39.1921,1.7567,-1.2356
493.246,10,-39.1875,1.7572,-1.2349
493.257,10,-39.1830,1.7575,-1.2341
493.268,10,-39.1783,1.7578,-1.2334
493.279,10,-39.1736,1.7580,-1.2328
493.290,10,-39.1689,1.7580,-1.2321
493.301,10,-39.1641,1.7580,-1.2316
493.313,10,-39.1592,1.7579,-1.2310
493.324,10,-39.1543,1.7577,-1.2305
493.335,10,-39.1494,1.7575,-1.2301
493.346,10,-39.1444,1.7572,-1.2298
493.357,10,-39.1394,1.7569,-1.2295
493.368,10,-39.1343,1.7566,-1.2294
493.380,10,-39.1290,1.7564,-1.2293
493.390,10,-39.1237,1.7561,-1.2292
493.402,10,-39.1184,1.7559,-1.2293
493.413,10,-39.1131,1.7556,-1.2293
493.424,10,-39.1076,1.7553,-1.2294
493.435,10,-39.1022,1.7550,-1.2295
493.446,10,-39.0966,1.7546,-1.2297
493.457,10,-39.0910,1.7542,-1.2300
493.468,10,-39.0854,1.7537,-1.2303
493.480,10,-39.0798,1.7533,-1.2307
493.491,10,-39.0739,1.7529,-1.2313
493.502,10,-39.0682,1.7525,-1.2318
493.513,10,-39.0625,1.7521,-1.2324
493.524,10,-39.0567,1.7516,-1.2330
493.535,10,-39.0510,1.7512,-1.2338
493.547,10,-39.0453,1.7508,-1.2346
493.558,10,-39.0396,1.7505,-1.2355
493.569,10,-39.0340,1.7502,-1.2364
493.580,10,-39.0284,1.7499,-1.2375
493.591,10,-39.0227,1.7499,-1.2386
493.602,10,-39.0170,1.7499,-1.2398
493.613,10,-39.0112,1.7502,-1.2412
493.624,10,-39.0053,1.7509,-1.2426
493.635,10,-38.9995,1.7517,-1.2440
493.646,10,-38.9936,1.7528,-1.2456
493.658,10,-38.9877,1.7539,-1.2472
493.668,10,-38.9816,1.7555,-1.2489
493.679,10,-38.9754,1.7570,-1.2505
493.690,10,-38.9693,1.7584,-1.2520
493.701,10,-38.9632,1.7594,-1.2535
493.712,10,-38.9571,1.7603,-1.2548
493.724,10,-38.9510,1.7612,-1.2561
493.735,10,-38.9449,1.7620,-1.2572
493.746,10,-38.9389,1.7626,-1.2582
493.757,10,-38.9329,1.7631,-1.2591
493.768,10,-38.9268,1.7634,-1.2600
493.779,10,-38.9206,1.7637,-1.2608
493.791,10,-38.9145,1.7638,-1.2615
493.802,10,-38.9083,1.7638,-1.2622
493.813,10,-38.9022,1.7639,-1.2627
493.824,10,-38.8961,1.7639,-1.2632
493.835,10,-38.8899,1.7640,-1.2637
493.846,10,-38.8837,1.7640,-1.2641
493.857,10,-38.8772,1.7641,-1.2645
493.869,10,-38.8708,1.7643,-1.2648
493.880,10,-38.8644,1.7646,-1.2650
493.890,10,-38.8581,1.7649,-1.2652
493.902,10,-38.8519,1.7652,-1.2654
493.913,10,-38.8455,1.7654,-1.2655
493.924,10,-38.8392,1.7655,-1.2656
493.935,10,-38.8330,1.7655,-1.2657
493.946,10,-38.8267,1.7654,-1.2657
493.957,10,-38.8204,1.7651,-1.2657
493.969,10,-38.8139,1.7648,-1.2656
493.979,10,-38.8076,1.7646,-1.2655
493.990,10,-38.8011,1.7643,-1.2655
494.001,10,-38.7946,1.7639,-1.2654
494.012,10,-38.7879,1.7633,-1.2653
494.024,10,-38.7810,1.7628,-1.2651
494.035,10,-38.7743,1.7622,-1.2649
494.046,10,-38.7675,1.7616,-1.2647
494.057,10,-38.7607,1.7608,-1.2643
494.068,10,-38.7540,1.7600,-1.2640
494.079,10,-38.7470,1.7592,-1.2636
494.091,10,-38.7400,1.7583,-1.2631
494.101,10,-38.7330,1.7574,-1.2625
494.113,10,-38.7261,1.7563,-1.2619
494.124,10,-38.7192,1.7551,-1.2612
494.135,10,-38.7123,1.7539,-1.2604
494.146,10,-38.7053,1.7528,-1.2596
494.157,10,-38.6982,1.7517,-1.2587
494.168,10,-38.6909,1.7506,-1.2577
494.179,10,-38.6839,1.7497,-1.2566
494.190,10,-38.6771,1.7487,-1.2555
494.201,10,-38.6702,1.7479,-1.2543
494.212,10,-38.6632,1.7471,-1.2531
494.223,10,-38.6561,1.7466,-1.2518
494.234,10,-38.6489,1.7463,-1.2504
494.245,10,-38.6416,1.7462,-1.2490
494.256,10,-38.6343,1.7466,-1.2475
494.268,10,-38.6269,1.7472,-1.2459
494.278,10,-38.6197,1.7477,-1.2443
494.290,10,-38.6123,1.7485,-1.2429
494.301,10,-38.6047,1.7497,-1.2413
494.312,10,-38.5971,1.7514,-1.2398
494.323,10,-38.5897,1.7530,-1.2383
494.334,10,-38.5825,1.7541,-1.2369
494.345,10,-38.5752,1.7550,-1.2355
494.356,10,-38.5681,1.7558,-1.2341
494.367,10,-38.5608,1.7564,-1.2329
494.378,10,-38.5538,1.7570,-1.2317
494.389,10,-38.5467,1.7574,-1.2307
494.401,10,-38.5396,1.7577,-1.2297
494.412,10,-38.5326,1.7582,-1.2288
494.423,10,-38.5255,1.7587,-1.2280
494.434,10,-38.5185,1.7592,-1.2274
494.446,10,-38.5115,1.7599,-1.2267
494.457,10,-38.5044,1.7605,-1.2262
494.468,10,-38.4973,1.7610,-1.2258
494.479,10,-38.4904,1.7615,-1.2255
494.490,10,-38.4833,1.7621,-1.2252
494.501,10,-38.4762,1.7629,-1.2251
494.513,10,-38.4692,1.7635,-1.2250
494.524,10,-38.4622,1.7640,-1.2250
494.534,10,-38.4551,1.7643,-1.2250
494.546,10,-38.4480,1.7645,-1.2251
494.557,10,-38.4409,1.7645,-1.2253
494.568,10,-38.4339,1.7644,-1.2255
494.579,10,-38.4268,1.7641,-1.2257
494.591,10,-38.4197,1.7636,-1.2259
494.601,10,-38.4126,1.7633,-1.2261
494.613,10,-38.4054,1.7627,-1.2264
494.624,10,-38.3983,1.7622,-1.2267
494.635,10,-38.3911,1.7616,-1.2271
494.646,10,-38.3839,1.7611,-1.2275
494.657,10,-38.3764,1.7605,-1.2280
494.668,10,-38.3692,1.7598,-1.2285
494.679,10,-38.3617,1.7591,-1.2290
494.690,10,-38.3542,1.7582,-1.2297
494.701,10,-38.3465,1.7574,-1.2304
494.712,10,-38.3390,1.7566,-1.2311
494.723,10,-38.3313,1.7558,-1.2319
494.734,10,-38.3237,1.7549,-1.2328
494.746,10,-38.3158,1.7540,-1.2338
494.757,10,-38.3080,1.7531,-1.2348
494.768,10,-38.3001,1.7521,-1.2359
494.779,10,-38.2921,1.7510,-1.2370
494.790,10,-38.2841,1.7500,-1.2382
494.801,10,-38.2760,1.7490,-1.2395
494.812,10,-38.2680,1.7481,-1.2408
494.823,10,-38.2600,1.7472,-1.2421
494.834,10,-38.2519,1.7463,-1.2435
494.845,10,-38.2437,1.7455,-1.2448
494.857,10,-38.2353,1.7449,-1.2464
494.868,10,-38.2270,1.7442,-1.2479
494.879,10,-38.2186,1.7437,-1.2496
494.890,10,-38.2102,1.7435,-1.2513
494.901,10,-38.2017,1.7435,-1.2532
494.913,10,-38.1930,1.7439,-1.2551
494.924,10,-38.1843,1.7445,-1.2571
494.934,10,-38.1757,1.7450,-1.2590
494.946,10,-38.1671,1.7458,-1.2612
494.957,10,-38.1585,1.7471,-1.2633
494.968,10,-38.1499,1.7485,-1.2652
494.979,10,-38.1414,1.7499,-1.2672
494.990,10,-38.1331,1.7511,-1.2690
495.001,10,-38.1247,1.7523,-1.2707
495.012,10,-38.1165,1.7533,-1.2724
495.023,10,-38.1084,1.7544,-1.2739
495.035,10,-38.1003,1.7553,-1.2755
495.045,10,-38.0923,1.7562,-1.2768
495.056,10,-38.0843,1.7570,-1.2781
495.067,10,-38.0765,1.7578,-1.2793
495.078,10,-38.0687,1.7586,-1.2804
495.089,10,-38.0610,1.7594,-1.2815
495.100,10,-38.0532,1.7602,-1.2825
495.112,10,-38.0453,1.7610,-1.2834
495.123,10,-38.0376,1.7620,-1.2843
495.134,10,-38.0298,1.7631,-1.2852
495.145,10,-38.0220,1.7643,-1.2860
495.156,10,-38.0142,1.7653,-1.2868
495.179,10,-38.0066,1.7659,-1.2873
495.187,10,-37.9988,1.7665,-1.2880
495.196,10,-37.9833,1.7676,-1.2894
495.204,10,-37.9756,1.7679,-1.2900
495.219,10,-37.9680,1.7677,-1.2903
495.229,10,-37.9601,1.7676,-1.2907
495.241,10,-37.9522,1.7672,-1.2910
495.251,10,-37.9443,1.7670,-1.2914
495.263,10,-37.9363,1.7666,-1.2916
495.274,10,-37.9283,1.7661,-1.2917
495.285,10,-37.9202,1.7655,-1.2919
495.296,10,-37.9121,1.7647,-1.2920
495.307,10,-37.9039,1.7639,-1.2921
495.319,10,-37.8958,1.7629,-1.2920
495.330,10,-37.8876,1.7619,-1.2919
495.341,10,-37.8793,1.7609,-1.2918
495.352,10,-37.8710,1.7597,-1.2916
495.363,10,-37.8627,1.7584,-1.2914
495.374,10,-37.8545,1.7570,-1.2913
495.385,10,-37.8461,1.7556,-1.2910
495.396,10,-37.8378,1.7541,-1.2907
495.407,10,-37.8296,1.7528,-1.2904
495.419,10,-37.8212,1.7516,-1.2900
495.429,10,-37.8129,1.7504,-1.2895
495.440,10,-37.8045,1.7492,-1.2890
495.451,10,-37.7961,1.7480,-1.2884
495.462,10,-37.7876,1.7470,-1.2878
495.474,10,-37.7791,1.7463,-1.2871
495.484,10,-37.7704,1.7458,-1.2863
495.496,10,-37.7618,1.7457,-1.2855
495.507,10,-37.7529,1.7456,-1.2846
495.518,10,-37.7442,1.7454,-1.2837
495.529,10,-37.7353,1.7453,-1.2828
495.540,10,-37.7263,1.7456,-1.2818
495.551,10,-37.7175,1.7467,-1.2809
495.562,10,-37.7087,1.7477,-1.2799
495.574,10,-37.6998,1.7486,-1.2790
495.585,10,-37.6910,1.7496,-1.2782
495.596,10,-37.6821,1.7511,-1.2774
495.607,10,-37.6734,1.7525,-1.2768
495.619,10,-37.6650,1.7538,-1.2762
495.630,10,-37.6567,1.7547,-1.2757
495.641,10,-37.6485,1.7556,-1.2754
495.652,10,-37.6402,1.7564,-1.2752
495.664,10,-37.6322,1.7573,-1.2751
495.675,10,-37.6242,1.7581,-1.2754
495.686,10,-37.6164,1.7588,-1.2757
495.697,10,-37.6084,1.7597,-1.2761
495.709,10,-37.6007,1.7607,-1.2767
495.720,10,-37.5931,1.7618,-1.2773
495.731,10,-37.5855,1.7629,-1.2780
495.742,10,-37.5779,1.7640,-1.2786
495.754,10,-37.5702,1.7653,-1.2792
495.765,10,-37.5627,1.7668,-1.2798
495.777,10,-37.5552,1.7682,-1.2805
495.788,10,-37.5477,1.7693,-1.2812
495.800,10,-37.5402,1.7702,-1.2818
495.811,10,-37.5328,1.7710,-1.2825
495.823,10,-37.5253,1.7715,-1.2832
495.834,10,-37.5177,1.7719,-1.2838
495.845,10,-37.5100,1.7720,-1.2845
495.856,10,-37.5024,1.7720,-1.2852
495.867,10,-37.4946,1.7719,-1.2859
495.879,10,-37.4868,1.7715,-1.2867
495.890,10,-37.4789,1.7710,-1.2875
495.901,10,-37.4709,1.7703,-1.2883
495.912,10,-37.4628,1.7694,-1.2891
495.923,10,-37.4546,1.7685,-1.2900
495.934,10,-37.4462,1.7674,-1.2911
495.945,10,-37.4380,1.7664,-1.2922
495.956,10,-37.4298,1.7655,-1.2933
495.968,10,-37.4214,1.7644,-1.2945
495.979,10,-37.4130,1.7633,-1.2957
495.990,10,-37.4047,1.7620,-1.2970
496.001,10,-37.3964,1.7606,-1.2984
496.012,10,-37.3881,1.7592,-1.2998
496.023,10,-37.3796,1.7578,-1.3013
496.034,10,-37.3712,1.7565,-1.3028
496.046,10,-37.3627,1.7552,-1.3045
496.057,10,-37.3542,1.7540,-1.3063
496.068,10,-37.3457,1.7530,-1.3081
496.077,10,-37.3372,1.7520,-1.3099
496.088,10,-37.3285,1.7512,-1.3120
496.099,10,-37.3198,1.7504,-1.3141
496.110,10,-37.3110,1.7497,-1.3162
496.122,10,-37.3023,1.7490,-1.3186
496.133,10,-37.2935,1.7483,-1.3209
496.144,10,-37.2846,1.7481,-1.3234
496.156,10,-37.2758,1.7484,-1.3259
496.167,10,-37.2669,1.7489,-1.3285
496.177,10,-37.2583,1.7493,-1.3310
496.189,10,-37.2496,1.7498,-1.3338
496.200,10,-37.2409,1.7506,-1.3366
496.211,10,-37.2324,1.7516,-1.3392
496.222,10,-37.2240,1.7526,-1.3418
496.233,10,-37.2157,1.7535,-1.3444
496.244,10,-37.2073,1.7544,-1.3470
496.255,10,-37.1988,1.7557,-1.3495
496.266,10,-37.1904,1.7569,-1.3518
496.277,10,-37.1821,1.7580,-1.3541
496.288,10,-37.1738,1.7586,-1.3562
496.299,10,-37.1655,1.7591,-1.3582
496.310,10,-37.1573,1.7596,-1.3601
496.321,10,-37.1492,1.7602,-1.3618
496.333,10,-37.1410,1.7611,-1.3633
496.343,10,-37.1329,1.7619,-1.3648
496.354,10,-37.1250,1.7628,-1.3660
496.366,10,-37.1169,1.7638,-1.3672
496.377,10,-37.1088,1.7649,-1.3682
496.388,10,-37.1008,1.7661,-1.3692
496.399,10,-37.0928,1.7673,-1.3701
496.411,10,-37.0848,1.7686,-1.3709
496.422,10,-37.0768,1.7696,-1.3717
496.433,10,-37.0686,1.7706,-1.3725
496.444,10,-37.0606,1.7712,-1.3733
496.455,10,-37.0526,1.7718,-1.3740
496.467,10,-37.0447,1.7722,-1.3746
496.478,10,-37.0366,1.7724,-1.3752
496.489,10,-37.0285,1.7725,-1.3759
496.500,10,-37.0206,1.7724,-1.3765
496.511,10,-37.0125,1.7721,-1.3771
496.523,10,-37.0044,1.7718,-1.3776
496.534,10,-36.9965,1.7713,-1.3782
496.545,10,-36.9884,1.7708,-1.3787
496.556,10,-36.9803,1.7701,-1.3792
496.567,10,-36.9722,1.7695,-1.3796
496.578,10,-36.9640,1.7687,-1.3800
496.589,10,-36.9558,1.7678,-1.3804
496.600,10,-36.9475,1.7667,-1.3807
496.611,10,-36.9392,1.7657,-1.3809
496.622,10,-36.9308,1.7645,-1.3812
496.633,10,-36.9225,1.7633,-1.3814
496.644,10,-36.9142,1.7620,-1.3815
496.656,10,-36.9058,1.7604,-1.3817
496.667,10,-36.8974,1.7588,-1.3818
496.678,10,-36.8890,1.7572,-1.3818
496.689,10,-36.8806,1.7556,-1.3819
496.700,10,-36.8722,1.7541,-1.3818
496.711,10,-36.8638,1.7527,-1.3817
496.722,10,-36.8553,1.7514,-1.3816
496.733,10,-36.8467,1.7502,-1.3814
496.745,10,-36.8381,1.7492,-1.3813
496.756,10,-36.8294,1.7485,-1.3810
496.767,10,-36.8208,1.7480,-1.3806
496.778,10,-36.8121,1.7477,-1.3803
496.789,10,-36.8033,1.7477,-1.3799
496.800,10,-36.7944,1.7481,-1.3795
496.811,10,-36.7855,1.7492,-1.3790
496.822,10,-36.7766,1.7501,-1.3785
496.833,10,-36.7678,1.7512,-1.3781
496.844,10,-36.7589,1.7526,-1.3777
496.856,10,-36.7500,1.7544,-1.3773
496.867,10,-36.7413,1.7561,-1.3769
496.877,10,-36.7326,1.7575,-1.3766
496.888,10,-36.7239,1.7586,-1.3764
496.899,10,-36.7152,1.7595,-1.3761
496.911,10,-36.7066,1.7601,-1.3760
496.922,10,-36.6982,1.7607,-1.3760
496.933,10,-36.6900,1.7612,-1.3760
496.945,10,-36.6817,1.7618,-1.3763
496.955,10,-36.6735,1.7626,-1.3764
496.967,10,-36.6654,1.7636,-1.3767
496.978,10,-36.6574,1.7646,-1.3772
496.989,10,-36.6495,1.7655,-1.3776
497.000,10,-36.6415,1.7665,-1.3780
497.011,10,-36.6336,1.7674,-1.3785
497.023,10,-36.6257,1.7685,-1.3790
497.034,10,-36.6177,1.7697,-1.3796
497.045,10,-36.6098,1.7706,-1.3802
497.056,10,-36.6020,1.7714,-1.3809
497.068,10,-36.5943,1.7720,-1.3817
497.079,10,-36.5866,1.7726,-1.3825
497.090,10,-36.5791,1.7729,-1.3833
497.101,10,-36.5714,1.7732,-1.3842
497.112,10,-36.5637,1.7732,-1.3851
497.123,10,-36.5560,1.7730,-1.3861
497.134,10,-36.5483,1.7727,-1.3871
497.145,10,-36.5406,1.7724,-1.3881
497.156,10,-36.5329,1.7720,-1.3892
497.167,10,-36.5253,1.7714,-1.3903
497.178,10,-36.5175,1.7709,-1.3915
497.190,10,-36.5097,1.7704,-1.3927
497.201,10,-36.5020,1.7698,-1.3941
497.212,10,-36.4942,1.7692,-1.3955
497.223,10,-36.4865,1.7686,-1.3969
497.234,10,-36.4787,1.7679,-1.3984
497.246,10,-36.4710,1.7671,-1.4000
497.257,10,-36.4633,1.7661,-1.4015
497.268,10,-36.4557,1.7649,-1.4031
497.279,10,-36.4479,1.7638,-1.4048
497.290,10,-36.4402,1.7627,-1.4065
497.301,10,-36.4325,1.7617,-1.4083
497.312,10,-36.4248,1.7607,-1.4102
497.323,10,-36.4171,1.7599,-1.4122
497.334,10,-36.4094,1.7592,-1.4142
497.346,10,-36.4017,1.7586,-1.4164
497.357,10,-36.3940,1.7580,-1.4186
497.368,10,-36.3863,1.7575,-1.4207
497.379,10,-36.3787,1.7569,-1.4229
497.390,10,-36.3709,1.7566,-1.4252
497.401,10,-36.3630,1.7569,-1.4276
497.412,10,-36.3553,1.7573,-1.4299
497.423,10,-36.3475,1.7580,-1.4323
497.434,10,-36.3398,1.7586,-1.4347
497.445,10,-36.3320,1.7595,-1.4372
497.456,10,-36.3241,1.7607,-1.4396
497.467,10,-36.3163,1.7620,-1.4420
497.478,10,-36.3085,1.7634,-1.4444
497.490,10,-36.3008,1.7647,-1.4467
497.500,10,-36.2930,1.7661,-1.4490
497.512,10,-36.2852,1.7680,-1.4511
497.523,10,-36.2774,1.7700,-1.4532
497.534,10,-36.2697,1.7717,-1.4553
497.545,10,-36.2620,1.7732,-1.4572
497.556,10,-36.2541,1.7745,-1.4591
497.567,10,-36.2463,1.7756,-1.4609
497.579,10,-36.2386,1.7767,-1.4626
497.590,10,-36.2310,1.7776,-1.4642
497.601,10,-36.2235,1.7784,-1.4657
497.612,10,-36.2160,1.7792,-1.4672
497.623,10,-36.2086,1.7799,-1.4685
497.634,10,-36.2012,1.7807,-1.4696
497.645,10,-36.1939,1.7814,-1.4708
497.656,10,-36.1866,1.7822,-1.4718
497.667,10,-36.1793,1.7831,-1.4728
497.678,10,-36.1721,1.7839,-1.4737
497.690,10,-36.1649,1.7846,-1.4745
497.701,10,-36.1576,1.7852,-1.4753
497.712,10,-36.1504,1.7857,-1.4761
497.723,10,-36.1432,1.7861,-1.4769
497.734,10,-36.1360,1.7864,-1.4776
497.745,10,-36.1288,1.7866,-1.4782
497.757,10,-36.1215,1.7866,-1.4788
497.768,10,-36.1144,1.7866,-1.4794
497.779,10,-36.1072,1.7862,-1.4798
497.790,10,-36.1001,1.7858,-1.4803
497.801,10,-36.0929,1.7852,-1.4806
497.812,10,-36.0858,1.7848,-1.4809
497.823,10,-36.0786,1.7842,-1.4813
497.834,10,-36.0715,1.7836,-1.4815
497.845,10,-36.0644,1.7828,-1.4817
497.856,10,-36.0572,1.7819,-1.4818
497.868,10,-36.0501,1.7809,-1.4818
497.880,10,-36.0430,1.7799,-1.4818
497.890,10,-36.0359,1.7789,-1.4819
497.901,10,-36.0287,1.7778,-1.4818
497.912,10,-36.0216,1.7765,-1.4817
497.923,10,-36.0146,1.7751,-1.4815
497.934,10,-36.0075,1.7736,-1.4814
497.945,10,-36.0004,1.7721,-1.4812
497.956,10,-35.9933,1.7708,-1.4809
497.968,10,-35.9861,1.7696,-1.4805
497.978,10,-35.9788,1.7685,-1.4801
497.990,10,-35.9716,1.7674,-1.4796
498.001,10,-35.9642,1.7664,-1.4791
498.012,10,-35.9569,1.7655,-1.4785
498.023,10,-35.9495,1.7647,-1.4780
498.034,10,-35.9421,1.7640,-1.4774
498.045,10,-35.9346,1.7633,-1.4768
498.056,10,-35.9269,1.7630,-1.4761
498.067,10,-35.9194,1.7630,-1.4755
498.079,10,-35.9118,1.7631,-1.4748
498.091,10,-35.9041,1.7636,-1.4740
498.101,10,-35.8965,1.7638,-1.4734
498.110,10,-35.8890,1.7640,-1.4727
498.122,10,-35.8812,1.7645,-1.4722
498.133,10,-35.8736,1.7654,-1.4716
498.144,10,-35.8659,1.7670,-1.4712
498.155,10,-35.8585,1.7684,-1.4707
498.166,10,-35.8511,1.7695,-1.4703
498.178,10,-35.8438,1.7702,-1.4699
498.189,10,-35.8366,1.7707,-1.4696
498.200,10,-35.8293,1.7710,-1.4694
498.211,10,-35.8223,1.7713,-1.4693
498.222,10,-35.8152,1.7717,-1.4692
498.233,10,-35.8082,1.7720,-1.4691
498.244,10,-35.8014,1.7726,-1.4692
498.256,10,-35.7948,1.7734,-1.4694
498.267,10,-35.7883,1.7741,-1.4696
498.278,10,-35.7820,1.7748,-1.4700
498.289,10,-35.7756,1.7754,-1.4704
498.300,10,-35.7693,1.7760,-1.4708
498.310,10,-35.7631,1.7766,-1.4712
498.321,10,-35.7569,1.7771,-1.4717
498.333,10,-35.7508,1.7775,-1.4721
498.344,10,-35.7447,1.7778,-1.4727
498.355,10,-35.7386,1.7782,-1.4731
498.366,10,-35.7324,1.7786,-1.4735
498.377,10,-35.7264,1.7789,-1.4740
498.388,10,-35.7203,1.7792,-1.4747
498.400,10,-35.7143,1.7793,-1.4752
498.410,10,-35.7083,1.7793,-1.4758
498.422,10,-35.7024,1.7792,-1.4763
498.433,10,-35.6965,1.7791,-1.4768
498.444,10,-35.6906,1.7789,-1.4774
498.455,10,-35.6847,1.7787,-1.4780
498.466,10,-35.6789,1.7784,-1.4787
498.478,10,-35.6730,1.7781,-1.4794
498.489,10,-35.6672,1.7777,-1.4803
498.500,10,-35.6613,1.7773,-1.4812
498.512,10,-35.6555,1.7769,-1.4820
498.523,10,-35.6498,1.7765,-1.4829
498.534,10,-35.6438,1.7760,-1.4839
498.546,10,-35.6380,1.7752,-1.4849
498.558,10,-35.6322,1.7744,-1.4859
498.569,10,-35.6265,1.7735,-1.4871
498.581,10,-35.6210,1.7727,-1.4883
498.592,10,-35.6156,1.7721,-1.4895
498.604,10,-35.6104,1.7715,-1.4909
498.616,10,-35.6054,1.7707,-1.4923
498.627,10,-35.6005,1.7698,-1.4937
498.639,10,-35.5957,1.7691,-1.4952
498.651,10,-35.5911,1.7684,-1.4969
498.662,10,-35.5866,1.7680,-1.4985
498.674,10,-35.5822,1.7678,-1.5003
498.685,10,-35.5778,1.7676,-1.5022
498.697,10,-35.5736,1.7677,-1.5040
498.709,10,-35.5693,1.7678,-1.5061
498.721,10,-35.5650,1.7683,-1.5080
498.732,10,-35.5609,1.7688,-1.5101
498.743,10,-35.5569,1.7693,-1.5119
498.754,10,-35.5526,1.7700,-1.5139
498.765,10,-35.5483,1.7712,-1.5158
498.776,10,-35.5441,1.7728,-1.5177
498.788,10,-35.5400,1.7741,-1.5197
498.799,10,-35.5359,1.7749,-1.5215
498.811,10,-35.5319,1.7755,-1.5233
498.822,10,-35.5278,1.7759,-1.5251
498.833,10,-35.5239,1.7762,-1.5268
498.844,10,-35.5200,1.7763,-1.5286
498.855,10,-35.5162,1.7764,-1.5301
498.866,10,-35.5125,1.7761,-1.5314
498.877,10,-35.5088,1.7761,-1.5328
498.888,10,-35.5052,1.7761,-1.5344
498.899,10,-35.5015,1.7762,-1.5355
498.911,10,-35.4979,1.7765,-1.5368
498.922,10,-35.4942,1.7768,-1.5380
498.933,10,-35.4907,1.7772,-1.5391
498.944,10,-35.4872,1.7777,-1.5400
498.955,10,-35.4838,1.7782,-1.5410
498.966,10,-35.4805,1.7789,-1.5419
498.977,10,-35.4773,1.7795,-1.5427
498.988,10,-35.4741,1.7802,-1.5435
498.999,10,-35.4711,1.7807,-1.5441
499.011,10,-35.4682,1.7812,-1.5447
499.022,10,-35.4655,1.7816,-1.5453
499.033,10,-35.4628,1.7819,-1.5458
499.044,10,-35.4602,1.7821,-1.5462
499.055,10,-35.4577,1.7822,-1.5466
499.066,10,-35.4552,1.7822,-1.5469
499.078,10,-35.4530,1.7822,-1.5472
499.089,10,-35.4506,1.7821,-1.5475
499.100,10,-35.4484,1.7820,-1.5477
499.111,10,-35.4463,1.7818,-1.5479
499.123,10,-35.4441,1.7818,-1.5480
499.133,10,-35.4420,1.7816,-1.5482
499.145,10,-35.4400,1.7813,-1.5483
499.156,10,-35.4381,1.7810,-1.5484
499.167,10,-35.4362,1.7805,-1.5484
499.178,10,-35.4344,1.7801,-1.5484
499.189,10,-35.4327,1.7797,-1.5485
499.200,10,-35.4310,1.7792,-1.5485
499.212,10,-35.4293,1.7786,-1.5485
499.224,10,-35.4276,1.7781,-1.5484
499.235,10,-35.4259,1.7777,-1.5484
499.247,10,-35.4243,1.7774,-1.5484
499.258,10,-35.4228,1.7770,-1.5483
499.270,10,-35.4213,1.7765,-1.5481
499.281,10,-35.4199,1.7762,-1.5479
499.293,10,-35.4186,1.7758,-1.5477
499.304,10,-35.4174,1.7758,-1.5475
499.316,10,-35.4163,1.7758,-1.5472
499.328,10,-35.4153,1.7759,-1.5469
499.339,10,-35.4144,1.7760,-1.5466
499.351,10,-35.4136,1.7760,-1.5464
499.362,10,-35.4128,1.7760,-1.5461
499.374,10,-35.4121,1.7760,-1.5459
499.386,10,-35.4115,1.7761,-1.5456
499.397,10,-35.4108,1.7763,-1.5453
499.408,10,-35.4103,1.7764,-1.5450
499.420,10,-35.4099,1.7765,-1.5448
499.431,10,-35.4095,1.7768,-1.5446
499.442,10,-35.4091,1.7769,-1.5444
499.454,10,-35.4087,1.7771,-1.5443
499.465,10,-35.4083,1.7772,-1.5440
499.476,10,-35.4080,1.7773,-1.5437
499.487,10,-35.4076,1.7775,-1.5434
499.498,10,-35.4073,1.7776,-1.5431
499.510,10,-35.4069,1.7778,-1.5430
499.521,10,-35.4067,1.7780,-1.5428
499.532,10,-35.4063,1.7781,-1.5428
499.543,10,-35.4060,1.7784,-1.5425
499.554,10,-35.4056,1.7785,-1.5423
499.565,10,-35.4053,1.7786,-1.5421
499.577,10,-35.4049,1.7786,-1.5418
499.587,10,-35.4045,1.7786,-1.5416
499.599,10,-35.4041,1.7786,-1.5414
499.610,10,-35.4038,1.7785,-1.5413
499.621,10,-35.4034,1.7784,-1.5411
499.632,10,-35.4030,1.7782,-1.5410
499.643,10,-35.4027,1.7781,-1.5409
499.655,10,-35.4024,1.7779,-1.5407
499.666,10,-35.4022,1.7777,-1.5407
499.677,10,-35.4020,1.7775,-1.5405
499.688,10,-35.4018,1.7773,-1.5405
499.699,10,-35.4017,1.7772,-1.5404
499.711,10,-35.4015,1.7771,-1.5404
499.722,10,-35.4014,1.7770,-1.5404
499.734,10,-35.4013,1.7770,-1.5404
499.746,10,-35.4011,1.7770,-1.5405
499.757,10,-35.4010,1.7769,-1.5405
499.769,10,-35.4009,1.7770,-1.5406
499.780,10,-35.4008,1.7770,-1.5405
499.792,10,-35.4007,1.7770,-1.5405
499.804,10,-35.4007,1.7770,-1.5406
499.815,10,-35.4008,1.7770,-1.5406
499.827,10,-35.4008,1.7770,-1.5406
499.839,10,-35.4007,1.7770,-1.5404
499.850,10,-35.4008,1.7770,-1.5404
499.862,10,-35.4008,1.7769,-1.5403
499.874,10,-35.4009,1.7768,-1.5401
499.885,10,-35.4010,1.7768,-1.5401
499.897,10,-35.4011,1.7767,-1.5399
499.908,10,-35.4013,1.7767,-1.5398
499.919,10,-35.4014,1.7767,-1.5397
499.931,10,-35.4016,1.7767,-1.5396
499.942,10,-35.4018,1.7767,-1.5395
499.953,10,-35.4021,1.7767,-1.5394
499.964,10,-35.4024,1.7768,-1.5393
499.976,10,-35.4027,1.7768,-1.5390
499.987,10,-35.4030,1.7769,-1.5388
499.998,10,-35.4033,1.7770,-1.5386
500.009,10,-35.4036,1.7771,-1.5383
500.020,10,-35.4038,1.7772,-1.5381
500.031,10,-35.4041,1.7774,-1.5377
500.043,10,-35.4044,1.7775,-1.5374
500.054,10,-35.4046,1.7776,-1.5371
500.065,10,-35.4048,1.7778,-1.5368
500.077,10,-35.4050,1.7779,-1.5364
500.088,10,-35.4051,1.7780,-1.5361
500.099,10,-35.4053,1.7781,-1.5358
500.111,10,-35.4054,1.7781,-1.5353
500.123,10,-35.4055,1.7781,-1.5348
500.132,10,-35.4056,1.7782,-1.5344
500.142,10,-35.4056,1.7782,-1.5339
500.154,10,-35.4056,1.7782,-1.5335
