timestamp               , trial, HMD_x   , HMD_y , HMD_z

# --- Trial 1 start ---
289.784                 ,     11, -39.7075, 1.7239, -1.0977
289.950                 ,     11, -39.7060, 1.7232, -1.0969
290.003                 ,     11, -39.7053, 1.7232, -1.0966
290.028                 ,     11, -39.7051, 1.7233, -1.0966
290.051                 ,     11, -39.7048, 1.7233, -1.0966
290.076                 ,     11, -39.7046, 1.7232, -1.0965
290.099                 ,     11, -39.7043, 1.7232, -1.0964
290.122                 ,     11, -39.7038, 1.7231, -1.0964
290.146                 ,     11, -39.7035, 1.7232, -1.0963
290.170                 ,     11, -39.7032, 1.7232, -1.0963
290.195                 ,     11, -39.7027, 1.7232, -1.0965
290.218                 ,     11, -39.7022, 1.7231, -1.0968
290.247                 ,     11, -39.7018, 1.7231, -1.0970
290.273                 ,     11, -39.7010, 1.7230, -1.0976
290.296                 ,     11, -39.7002, 1.7229, -1.0982
290.323                 ,     11, -39.6995, 1.7229, -1.0988
290.347                 ,     11, -39.6988, 1.7229, -1.0996
290.374                 ,     11, -39.6978, 1.7230, -1.1005
290.399                 ,     11, -39.6966, 1.7230, -1.1020
290.422                 ,     11, -39.6958, 1.7227, -1.1031
290.445                 ,     11, -39.6953, 1.7227, -1.1039
290.469                 ,     11, -39.6941, 1.7224, -1.1060
290.492                 ,     11, -39.6932, 1.7222, -1.1075
290.516                 ,     11, -39.6924, 1.7220, -1.1091
290.538                 ,     11, -39.6915, 1.7217, -1.1107
290.562                 ,     11, -39.6907, 1.7216, -1.1124
290.585                 ,     11, -39.6892, 1.7213, -1.1151
290.607                 ,     11, -39.6886, 1.7213, -1.1161
290.632                 ,     11, -39.6871, 1.7210, -1.1191
290.657                 ,     11, -39.6857, 1.7206, -1.1212
290.682                 ,     11, -39.6843, 1.7200, -1.1233
290.709                 ,     11, -39.6823, 1.7187, -1.1263
290.737                 ,     11, -39.6809, 1.7173, -1.1281
290.761                 ,     11, -39.6798, 1.7157, -1.1298
290.786                 ,     11, -39.6781, 1.7136, -1.1322
290.810                 ,     11, -39.6771, 1.7124, -1.1336
290.832                 ,     11, -39.6758, 1.7119, -1.1348
290.855                 ,     11, -39.6752, 1.7120, -1.1353
290.878                 ,     11, -39.6739, 1.7120, -1.1363
290.902                 ,     11, -39.6721, 1.7122, -1.1376
290.925                 ,     11, -39.6711, 1.7125, -1.1382
290.948                 ,     11, -39.6701, 1.7127, -1.1387
290.971                 ,     11, -39.6693, 1.7129, -1.1391
290.995                 ,     11, -39.6680, 1.7131, -1.1394
291.017                 ,     11, -39.6675, 1.7131, -1.1392
291.041                 ,     11, -39.6659, 1.7133, -1.1391
291.065                 ,     11, -39.6645, 1.7134, -1.1389
291.090                 ,     11, -39.6630, 1.7135, -1.1383
291.113                 ,     11, -39.6611, 1.7137, -1.1376
291.136                 ,     11, -39.6590, 1.7140, -1.1367
291.160                 ,     11, -39.6568, 1.7144, -1.1354
291.184                 ,     11, -39.6544, 1.7145, -1.1340
291.207                 ,     11, -39.6506, 1.7145, -1.1317
291.229                 ,     11, -39.6493, 1.7142, -1.1305
291.253                 ,     11, -39.6451, 1.7134, -1.1272
291.278                 ,     11, -39.6419, 1.7123, -1.1246
291.303                 ,     11, -39.6385, 1.7109, -1.1217
291.327                 ,     11, -39.6349, 1.7090, -1.1187
291.348                 ,     11, -39.6311, 1.7072, -1.1155
291.371                 ,     11, -39.6268, 1.7055, -1.1122
291.397                 ,     11, -39.6223, 1.7047, -1.1089
291.420                 ,     11, -39.6172, 1.7051, -1.1057
291.447                 ,     11, -39.6090, 1.7052, -1.1009
291.473                 ,     11, -39.6028, 1.7045, -1.0978
291.496                 ,     11, -39.5939, 1.7031, -1.0938
291.519                 ,     11, -39.5906, 1.7026, -1.0931
291.542                 ,     11, -39.5809, 1.7018, -1.0903
291.567                 ,     11, -39.5741, 1.7011, -1.0890
291.591                 ,     11, -39.5669, 1.7006, -1.0882
291.617                 ,     11, -39.5593, 1.7010, -1.0878
291.643                 ,     11, -39.5476, 1.7017, -1.0872
291.664                 ,     11, -39.5394, 1.7023, -1.0875
291.687                 ,     11, -39.5348, 1.7024, -1.0879
291.712                 ,     11, -39.5217, 1.7025, -1.0887
291.736                 ,     11, -39.5125, 1.7021, -1.0897
291.759                 ,     11, -39.5027, 1.7012, -1.0911
291.784                 ,     11, -39.4881, 1.6995, -1.0932
291.807                 ,     11, -39.4781, 1.6979, -1.0952
291.830                 ,     11, -39.4678, 1.6960, -1.0975
291.853                 ,     11, -39.4572, 1.6940, -1.1000
291.875                 ,     11, -39.4461, 1.6922, -1.1030
291.904                 ,     11, -39.4349, 1.6907, -1.1065
291.928                 ,     11, -39.4179, 1.6886, -1.1120
291.953                 ,     11, -39.4068, 1.6877, -1.1165
291.976                 ,     11, -39.4011, 1.6881, -1.1191
292.002                 ,     11, -39.3843, 1.6896, -1.1258
292.026                 ,     11, -39.3726, 1.6920, -1.1304
292.048                 ,     11, -39.3607, 1.6954, -1.1349
292.071                 ,     11, -39.3486, 1.6986, -1.1390
292.095                 ,     11, -39.3370, 1.7008, -1.1428
292.122                 ,     11, -39.3196, 1.7025, -1.1477
292.144                 ,     11, -39.3079, 1.7027, -1.1504
292.166                 ,     11, -39.2960, 1.7031, -1.1528
292.188                 ,     11, -39.2900, 1.7037, -1.1535
292.212                 ,     11, -39.2715, 1.7063, -1.1564
292.235                 ,     11, -39.2590, 1.7083, -1.1579
292.257                 ,     11, -39.2462, 1.7101, -1.1592
292.280                 ,     11, -39.2335, 1.7116, -1.1603
292.303                 ,     11, -39.2210, 1.7124, -1.1614
292.326                 ,     11, -39.2084, 1.7124, -1.1625
292.354                 ,     11, -39.1897, 1.7115, -1.1643
292.379                 ,     11, -39.1774, 1.7105, -1.1652
292.405                 ,     11, -39.1643, 1.7090, -1.1661
292.429                 ,     11, -39.1437, 1.7068, -1.1673
292.455                 ,     11, -39.1290, 1.7049, -1.1677
292.482                 ,     11, -39.1140, 1.7030, -1.1682
292.507                 ,     11, -39.0987, 1.7010, -1.1684
292.531                 ,     11, -39.0757, 1.6979, -1.1684
292.555                 ,     11, -39.0447, 1.6939, -1.1678
292.581                 ,     11, -39.0282, 1.6920, -1.1664
292.609                 ,     11, -39.0114, 1.6904, -1.1646
292.635                 ,     11, -38.9942, 1.6893, -1.1627
292.661                 ,     11, -38.9604, 1.6878, -1.1589
292.689                 ,     11, -38.9422, 1.6906, -1.1559
292.720                 ,     11, -38.9246, 1.6929, -1.1530
292.747                 ,     11, -38.9066, 1.6962, -1.1505
292.772                 ,     11, -38.8708, 1.7018, -1.1458
292.795                 ,     11, -38.8524, 1.7036, -1.1438
292.824                 ,     11, -38.8352, 1.7027, -1.1424
292.848                 ,     11, -38.8184, 1.7020, -1.1413
292.871                 ,     11, -38.8023, 1.7022, -1.1407
292.895                 ,     11, -38.7853, 1.7028, -1.1396
292.920                 ,     11, -38.7684, 1.7034, -1.1388
292.950                 ,     11, -38.7509, 1.7043, -1.1379
292.978                 ,     11, -38.7155, 1.7061, -1.1361
293.002                 ,     11, -38.6974, 1.7062, -1.1355
293.028                 ,     11, -38.6806, 1.7058, -1.1348
293.052                 ,     11, -38.6637, 1.7043, -1.1338
293.076                 ,     11, -38.6468, 1.7027, -1.1328
293.100                 ,     11, -38.6280, 1.7005, -1.1316
293.126                 ,     11, -38.6095, 1.6974, -1.1305
293.150                 ,     11, -38.5913, 1.6938, -1.1295
293.172                 ,     11, -38.5729, 1.6905, -1.1286
293.195                 ,     11, -38.5635, 1.6890, -1.1283
293.221                 ,     11, -38.5365, 1.6857, -1.1272
293.246                 ,     11, -38.5083, 1.6836, -1.1265
293.271                 ,     11, -38.4896, 1.6833, -1.1264
293.296                 ,     11, -38.4712, 1.6836, -1.1264
293.320                 ,     11, -38.4524, 1.6871, -1.1264
293.345                 ,     11, -38.4331, 1.6906, -1.1264
293.368                 ,     11, -38.4050, 1.6952, -1.1260
293.392                 ,     11, -38.3861, 1.6995, -1.1255
293.418                 ,     11, -38.3680, 1.7017, -1.1248
293.443                 ,     11, -38.3507, 1.7013, -1.1237
293.468                 ,     11, -38.3339, 1.7004, -1.1224
293.493                 ,     11, -38.3089, 1.7001, -1.1208
293.516                 ,     11, -38.2923, 1.7009, -1.1194
293.538                 ,     11, -38.2836, 1.7023, -1.1186
293.563                 ,     11, -38.2579, 1.7049, -1.1166
293.586                 ,     11, -38.2408, 1.7069, -1.1153
293.614                 ,     11, -38.2240, 1.7079, -1.1140
293.640                 ,     11, -38.1994, 1.7079, -1.1122
293.665                 ,     11, -38.1834, 1.7067, -1.1110
293.689                 ,     11, -38.1667, 1.7044, -1.1100
293.712                 ,     11, -38.1499, 1.7022, -1.1090
293.737                 ,     11, -38.1332, 1.6997, -1.1080
293.760                 ,     11, -38.1161, 1.6970, -1.1069
293.784                 ,     11, -38.0988, 1.6941, -1.1058
293.809                 ,     11, -38.0725, 1.6905, -1.1040
293.833                 ,     11, -38.0549, 1.6884, -1.1027
293.858                 ,     11, -38.0373, 1.6870, -1.1012
293.882                 ,     11, -38.0193, 1.6860, -1.0996
293.907                 ,     11, -38.0017, 1.6854, -1.0978
293.932                 ,     11, -37.9842, 1.6857, -1.0961
293.956                 ,     11, -37.9664, 1.6873, -1.0945
293.981                 ,     11, -37.9484, 1.6894, -1.0928
294.005                 ,     11, -37.9303, 1.6918, -1.0915
294.028                 ,     11, -37.9030, 1.6946, -1.0900
294.051                 ,     11, -37.8852, 1.6956, -1.0896
294.074                 ,     11, -37.8677, 1.6963, -1.0895
294.100                 ,     11, -37.8510, 1.6969, -1.0898
294.126                 ,     11, -37.8341, 1.6984, -1.0904
294.151                 ,     11, -37.8079, 1.7006, -1.0915
294.176                 ,     11, -37.7906, 1.7024, -1.0928
294.199                 ,     11, -37.7730, 1.7036, -1.0945
294.222                 ,     11, -37.7556, 1.7039, -1.0963
294.247                 ,     11, -37.7384, 1.7030, -1.0984
294.273                 ,     11, -37.7213, 1.7014, -1.1007
294.300                 ,     11, -37.6955, 1.6982, -1.1043
294.325                 ,     11, -37.6785, 1.6952, -1.1071
294.348                 ,     11, -37.6611, 1.6924, -1.1101
294.374                 ,     11, -37.6348, 1.6888, -1.1150
294.397                 ,     11, -37.6170, 1.6865, -1.1187
294.419                 ,     11, -37.5991, 1.6844, -1.1229
294.443                 ,     11, -37.5813, 1.6831, -1.1275
294.466                 ,     11, -37.5636, 1.6817, -1.1322
294.489                 ,     11, -37.5461, 1.6802, -1.1372
294.511                 ,     11, -37.5289, 1.6801, -1.1422
294.533                 ,     11, -37.5114, 1.6819, -1.1472
294.554                 ,     11, -37.5026, 1.6832, -1.1496
294.576                 ,     11, -37.4759, 1.6861, -1.1570
294.602                 ,     11, -37.4579, 1.6888, -1.1617
294.627                 ,     11, -37.4310, 1.6910, -1.1684
294.648                 ,     11, -37.4222, 1.6914, -1.1701
294.671                 ,     11, -37.4044, 1.6928, -1.1738
294.693                 ,     11, -37.3871, 1.6943, -1.1770
294.714                 ,     11, -37.3698, 1.6964, -1.1796
294.737                 ,     11, -37.3526, 1.6984, -1.1820
294.763                 ,     11, -37.3267, 1.7012, -1.1851
294.789                 ,     11, -37.3099, 1.7025, -1.1865
294.812                 ,     11, -37.2932, 1.7029, -1.1878
294.835                 ,     11, -37.2767, 1.7026, -1.1891
294.858                 ,     11, -37.2601, 1.7019, -1.1902
294.880                 ,     11, -37.2433, 1.7008, -1.1913
294.902                 ,     11, -37.2264, 1.6992, -1.1925
294.927                 ,     11, -37.2095, 1.6969, -1.1934
294.949                 ,     11, -37.1926, 1.6942, -1.1941
294.973                 ,     11, -37.1674, 1.6901, -1.1949
294.995                 ,     11, -37.1504, 1.6873, -1.1952
295.019                 ,     11, -37.1335, 1.6850, -1.1952
295.041                 ,     11, -37.1165, 1.6827, -1.1953
295.064                 ,     11, -37.1077, 1.6825, -1.1943
295.087                 ,     11, -37.0817, 1.6803, -1.1932
295.111                 ,     11, -37.0646, 1.6800, -1.1922
295.136                 ,     11, -37.0463, 1.6812, -1.1905
295.161                 ,     11, -37.0292, 1.6826, -1.1892
295.185                 ,     11, -37.0038, 1.6857, -1.1873
295.208                 ,     11, -36.9867, 1.6884, -1.1859
295.230                 ,     11, -36.9693, 1.6907, -1.1848
295.255                 ,     11, -36.9520, 1.6917, -1.1840
295.283                 ,     11, -36.9267, 1.6920, -1.1829
295.306                 ,     11, -36.9101, 1.6916, -1.1823
295.330                 ,     11, -36.8939, 1.6918, -1.1818
295.353                 ,     11, -36.8773, 1.6924, -1.1815
295.376                 ,     11, -36.8607, 1.6930, -1.1813
295.400                 ,     11, -36.8442, 1.6937, -1.1809
295.426                 ,     11, -36.8278, 1.6943, -1.1805
295.451                 ,     11, -36.8034, 1.6948, -1.1801
295.475                 ,     11, -36.7873, 1.6942, -1.1798
295.497                 ,     11, -36.7713, 1.6931, -1.1794
295.519                 ,     11, -36.7632, 1.6921, -1.1791
295.543                 ,     11, -36.7389, 1.6903, -1.1784
295.565                 ,     11, -36.7226, 1.6884, -1.1780
295.588                 ,     11, -36.7063, 1.6860, -1.1775
295.613                 ,     11, -36.6901, 1.6833, -1.1773
295.637                 ,     11, -36.6660, 1.6795, -1.1770
295.659                 ,     11, -36.6499, 1.6774, -1.1770
295.681                 ,     11, -36.6415, 1.6767, -1.1772
295.704                 ,     11, -36.6169, 1.6744, -1.1776
295.726                 ,     11, -36.6003, 1.6734, -1.1781
295.750                 ,     11, -36.5843, 1.6735, -1.1787
295.774                 ,     11, -36.5679, 1.6756, -1.1792
295.796                 ,     11, -36.5516, 1.6774, -1.1797
295.817                 ,     11, -36.5434, 1.6791, -1.1799
295.840                 ,     11, -36.5184, 1.6832, -1.1806
295.863                 ,     11, -36.5015, 1.6858, -1.1809
295.884                 ,     11, -36.4932, 1.6860, -1.1808
295.912                 ,     11, -36.4689, 1.6868, -1.1804
295.934                 ,     11, -36.4531, 1.6870, -1.1799
295.954                 ,     11, -36.4378, 1.6868, -1.1792
295.974                 ,     11, -36.4303, 1.6868, -1.1786
295.995                 ,     11, -36.4146, 1.6878, -1.1775
296.017                 ,     11, -36.3989, 1.6887, -1.1762
296.039                 ,     11, -36.3832, 1.6897, -1.1749
296.063                 ,     11, -36.3598, 1.6909, -1.1726
296.086                 ,     11, -36.3445, 1.6911, -1.1708
296.108                 ,     11, -36.3296, 1.6906, -1.1689
296.132                 ,     11, -36.3145, 1.6897, -1.1668
296.153                 ,     11, -36.2997, 1.6886, -1.1648
296.176                 ,     11, -36.2924, 1.6878, -1.1637
296.197                 ,     11, -36.2776, 1.6865, -1.1616
296.221                 ,     11, -36.2552, 1.6841, -1.1583
296.244                 ,     11, -36.2403, 1.6819, -1.1557
296.269                 ,     11, -36.2254, 1.6799, -1.1532
296.291                 ,     11, -36.2105, 1.6781, -1.1506
296.312                 ,     11, -36.1955, 1.6763, -1.1478
296.334                 ,     11, -36.1807, 1.6747, -1.1450
296.356                 ,     11, -36.1657, 1.6732, -1.1419
296.378                 ,     11, -36.1508, 1.6725, -1.1386
296.402                 ,     11, -36.1360, 1.6728, -1.1354
296.427                 ,     11, -36.1211, 1.6740, -1.1322
296.448                 ,     11, -36.1061, 1.6752, -1.1290
296.470                 ,     11, -36.0910, 1.6775, -1.1259
296.490                 ,     11, -36.0759, 1.6797, -1.1230
296.511                 ,     11, -36.0609, 1.6817, -1.1202
296.531                 ,     11, -36.0458, 1.6826, -1.1179
296.551                 ,     11, -36.0388, 1.6820, -1.1169
296.572                 ,     11, -36.0172, 1.6821, -1.1139
296.594                 ,     11, -36.0034, 1.6820, -1.1124
296.614                 ,     11, -35.9967, 1.6821, -1.1120
296.636                 ,     11, -35.9826, 1.6831, -1.1111
296.658                 ,     11, -35.9686, 1.6841, -1.1104
296.680                 ,     11, -35.9548, 1.6852, -1.1101
296.701                 ,     11, -35.9411, 1.6862, -1.1099
296.723                 ,     11, -35.9276, 1.6868, -1.1099
296.744                 ,     11, -35.9145, 1.6868, -1.1102
296.766                 ,     11, -35.9014, 1.6861, -1.1104
296.787                 ,     11, -35.8883, 1.6848, -1.1106
296.808                 ,     11, -35.8753, 1.6839, -1.1110
296.827                 ,     11, -35.8686, 1.6832, -1.1115
296.849                 ,     11, -35.8553, 1.6819, -1.1124
296.871                 ,     11, -35.8420, 1.6805, -1.1134
296.895                 ,     11, -35.8222, 1.6776, -1.1154
296.915                 ,     11, -35.8158, 1.6765, -1.1162
296.935                 ,     11, -35.8026, 1.6746, -1.1179
296.956                 ,     11, -35.7894, 1.6727, -1.1199
296.977                 ,     11, -35.7698, 1.6697, -1.1233
296.997                 ,     11, -35.7504, 1.6677, -1.1266
297.020                 ,     11, -35.7443, 1.6675, -1.1285
297.042                 ,     11, -35.7321, 1.6673, -1.1312
297.065                 ,     11, -35.7062, 1.6694, -1.1371
297.087                 ,     11, -35.6936, 1.6715, -1.1401
297.120                 ,     11, -35.6808, 1.6765, -1.1433
297.144                 ,     11, -35.6678, 1.6806, -1.1463
297.169                 ,     11, -35.6549, 1.6834, -1.1491
297.194                 ,     11, -35.6424, 1.6840, -1.1517
297.216                 ,     11, -35.6306, 1.6833, -1.1540
297.237                 ,     11, -35.6195, 1.6818, -1.1562
297.259                 ,     11, -35.6084, 1.6804, -1.1582
297.279                 ,     11, -35.5968, 1.6799, -1.1599
297.300                 ,     11, -35.5851, 1.6806, -1.1618
297.323                 ,     11, -35.5730, 1.6820, -1.1635
297.345                 ,     11, -35.5614, 1.6834, -1.1650
297.371                 ,     11, -35.5500, 1.6848, -1.1661
297.393                 ,     11, -35.5391, 1.6858, -1.1671
297.416                 ,     11, -35.5286, 1.6862, -1.1680
297.436                 ,     11, -35.5182, 1.6862, -1.1686
297.459                 ,     11, -35.5079, 1.6859, -1.1692
297.484                 ,     11, -35.4973, 1.6859, -1.1697
297.507                 ,     11, -35.4917, 1.6857, -1.1698
297.531                 ,     11, -35.4811, 1.6850, -1.1699
297.553                 ,     11, -35.4706, 1.6840, -1.1699
297.574                 ,     11, -35.4604, 1.6832, -1.1696
297.594                 ,     11, -35.4555, 1.6827, -1.1693
297.614                 ,     11, -35.4456, 1.6819, -1.1687
297.634                 ,     11, -35.4361, 1.6809, -1.1678
297.655                 ,     11, -35.4314, 1.6803, -1.1670
297.676                 ,     11, -35.4172, 1.6785, -1.1657
297.697                 ,     11, -35.4084, 1.6768, -1.1643
297.718                 ,     11, -35.4002, 1.6759, -1.1629
297.738                 ,     11, -35.3966, 1.6765, -1.1620
297.758                 ,     11, -35.3880, 1.6772, -1.1605
297.778                 ,     11, -35.3795, 1.6785, -1.1589
297.797                 ,     11, -35.3714, 1.6801, -1.1575
297.816                 ,     11, -35.3674, 1.6814, -1.1568
297.835                 ,     11, -35.3598, 1.6827, -1.1556
297.858                 ,     11, -35.3487, 1.6834, -1.1537
297.877                 ,     11, -35.3463, 1.6825, -1.1533
297.897                 ,     11, -35.3439, 1.6818, -1.1530
297.918                 ,     11, -35.3381, 1.6818, -1.1521
297.939                 ,     11, -35.3292, 1.6835, -1.1509
297.960                 ,     11, -35.3266, 1.6846, -1.1509
297.985                 ,     11, -35.3189, 1.6865, -1.1504
298.011                 ,     11, -35.3147, 1.6876, -1.1503
298.037                 ,     11, -35.3118, 1.6877, -1.1507
298.062                 ,     11, -35.3073, 1.6869, -1.1507
298.084                 ,     11, -35.3049, 1.6858, -1.1509
298.105                 ,     11, -35.3044, 1.6852, -1.1510
298.126                 ,     11, -35.3024, 1.6857, -1.1514
298.148                 ,     11, -35.3008, 1.6846, -1.1516
298.173                 ,     11, -35.2990, 1.6826, -1.1521
298.195                 ,     11, -35.2982, 1.6827, -1.1527
298.218                 ,     11, -35.2977, 1.6828, -1.1535
298.239                 ,     11, -35.2976, 1.6827, -1.1537
298.259                 ,     11, -35.2964, 1.6826, -1.1540
298.281                 ,     11, -35.2954, 1.6826, -1.1542
298.304                 ,     11, -35.2943, 1.6823, -1.1547
298.328                 ,     11, -35.2924, 1.6821, -1.1551
298.351                 ,     11, -35.2911, 1.6825, -1.1552
298.371                 ,     11, -35.2904, 1.6829, -1.1555
298.392                 ,     11, -35.2890, 1.6834, -1.1555
298.412                 ,     11, -35.2876, 1.6839, -1.1556
298.437                 ,     11, -35.2864, 1.6845, -1.1558
298.457                 ,     11, -35.2858, 1.6846, -1.1560
298.486                 ,     11, -35.2849, 1.6850, -1.1563
298.512                 ,     11, -35.2833, 1.6855, -1.1568
298.537                 ,     11, -35.2822, 1.6859, -1.1572
298.564                 ,     11, -35.2808, 1.6864, -1.1576
298.588                 ,     11, -35.2797, 1.6869, -1.1578
298.609                 ,     11, -35.2793, 1.6869, -1.1580
298.631                 ,     11, -35.2779, 1.6872, -1.1581
298.653                 ,     11, -35.2772, 1.6872, -1.1581
298.675                 ,     11, -35.2761, 1.6871, -1.1579
298.695                 ,     11, -35.2755, 1.6869, -1.1579
298.714                 ,     11, -35.2749, 1.6868, -1.1575
298.734                 ,     11, -35.2745, 1.6865, -1.1571
298.755                 ,     11, -35.2741, 1.6861, -1.1566
298.774                 ,     11, -35.2739, 1.6858, -1.1560
298.797                 ,     11, -35.2737, 1.6854, -1.1557
298.819                 ,     11, -35.2736, 1.6851, -1.1556
298.840                 ,     11, -35.2736, 1.6847, -1.1553
298.861                 ,     11, -35.2736, 1.6844, -1.1548
298.886                 ,     11, -35.2736, 1.6842, -1.1543

# --- Trial 2 start ---
309.819                 ,     12, -39.7396, 1.7280, -1.1300
309.975                 ,     12, -39.7366, 1.7288, -1.1299
310.025                 ,     12, -39.7348, 1.7288, -1.1296
310.049                 ,     12, -39.7343, 1.7288, -1.1296
310.072                 ,     12, -39.7336, 1.7288, -1.1298
310.095                 ,     12, -39.7329, 1.7288, -1.1300
310.126                 ,     12, -39.7317, 1.7286, -1.1305
310.156                 ,     12, -39.7301, 1.7284, -1.1314
310.187                 ,     12, -39.7286, 1.7280, -1.1327
310.213                 ,     12, -39.7275, 1.7279, -1.1337
310.236                 ,     12, -39.7263, 1.7279, -1.1348
310.260                 ,     12, -39.7250, 1.7279, -1.1360
310.284                 ,     12, -39.7238, 1.7279, -1.1373
310.310                 ,     12, -39.7227, 1.7278, -1.1388
310.337                 ,     12, -39.7200, 1.7277, -1.1415
310.365                 ,     12, -39.7183, 1.7277, -1.1433
310.388                 ,     12, -39.7167, 1.7275, -1.1451
310.412                 ,     12, -39.7150, 1.7273, -1.1468
310.436                 ,     12, -39.7131, 1.7269, -1.1487
310.462                 ,     12, -39.7111, 1.7263, -1.1505
310.487                 ,     12, -39.7092, 1.7251, -1.1522
310.511                 ,     12, -39.7061, 1.7219, -1.1556
310.533                 ,     12, -39.7050, 1.7192, -1.1568
310.564                 ,     12, -39.7042, 1.7163, -1.1577
310.597                 ,     12, -39.7036, 1.7136, -1.1580
310.626                 ,     12, -39.7022, 1.7096, -1.1593
310.656                 ,     12, -39.7018, 1.7093, -1.1595
310.678                 ,     12, -39.7010, 1.7095, -1.1596
310.700                 ,     12, -39.7003, 1.7102, -1.1596
310.724                 ,     12, -39.6998, 1.7115, -1.1592
310.747                 ,     12, -39.6994, 1.7130, -1.1588
310.771                 ,     12, -39.6988, 1.7148, -1.1583
310.794                 ,     12, -39.6985, 1.7159, -1.1577
310.815                 ,     12, -39.6975, 1.7179, -1.1566
310.839                 ,     12, -39.6967, 1.7190, -1.1555
310.862                 ,     12, -39.6953, 1.7206, -1.1538
310.885                 ,     12, -39.6948, 1.7206, -1.1529
310.909                 ,     12, -39.6932, 1.7214, -1.1509
310.938                 ,     12, -39.6920, 1.7215, -1.1492
310.963                 ,     12, -39.6901, 1.7215, -1.1466
310.987                 ,     12, -39.6888, 1.7208, -1.1446
311.013                 ,     12, -39.6870, 1.7200, -1.1426
311.038                 ,     12, -39.6853, 1.7192, -1.1405
311.063                 ,     12, -39.6824, 1.7183, -1.1374
311.091                 ,     12, -39.6800, 1.7173, -1.1352
311.121                 ,     12, -39.6773, 1.7154, -1.1330
311.145                 ,     12, -39.6731, 1.7122, -1.1297
311.168                 ,     12, -39.6711, 1.7102, -1.1287
311.193                 ,     12, -39.6661, 1.7067, -1.1257
311.218                 ,     12, -39.6618, 1.7052, -1.1240
311.245                 ,     12, -39.6569, 1.7040, -1.1225
311.273                 ,     12, -39.6491, 1.7032, -1.1207
311.300                 ,     12, -39.6402, 1.7038, -1.1192
311.327                 ,     12, -39.6336, 1.7046, -1.1186
311.352                 ,     12, -39.6241, 1.7048, -1.1175
311.378                 ,     12, -39.6170, 1.7044, -1.1172
311.404                 ,     12, -39.6098, 1.7037, -1.1170
311.430                 ,     12, -39.5984, 1.7025, -1.1167
311.457                 ,     12, -39.5898, 1.7016, -1.1170
311.488                 ,     12, -39.5803, 1.7008, -1.1176
311.515                 ,     12, -39.5662, 1.6993, -1.1185
311.539                 ,     12, -39.5513, 1.6977, -1.1198
311.566                 ,     12, -39.5403, 1.6969, -1.1213
311.592                 ,     12, -39.5290, 1.6965, -1.1226
311.618                 ,     12, -39.5172, 1.6966, -1.1244
311.642                 ,     12, -39.4999, 1.6969, -1.1271
311.667                 ,     12, -39.4877, 1.6980, -1.1295
311.692                 ,     12, -39.4751, 1.6994, -1.1319
311.718                 ,     12, -39.4625, 1.7014, -1.1344
311.749                 ,     12, -39.4428, 1.7058, -1.1381
311.778                 ,     12, -39.4226, 1.7105, -1.1418
311.803                 ,     12, -39.4090, 1.7135, -1.1441
311.826                 ,     12, -39.3954, 1.7158, -1.1461
311.850                 ,     12, -39.3821, 1.7166, -1.1478
311.873                 ,     12, -39.3693, 1.7161, -1.1491
311.896                 ,     12, -39.3567, 1.7158, -1.1501
311.920                 ,     12, -39.3375, 1.7161, -1.1515
311.943                 ,     12, -39.3243, 1.7168, -1.1518
311.967                 ,     12, -39.3104, 1.7176, -1.1519
311.997                 ,     12, -39.2963, 1.7186, -1.1519
312.025                 ,     12, -39.2821, 1.7191, -1.1519
312.051                 ,     12, -39.2680, 1.7189, -1.1518
312.076                 ,     12, -39.2539, 1.7180, -1.1516
312.099                 ,     12, -39.2329, 1.7163, -1.1512
312.123                 ,     12, -39.2046, 1.7131, -1.1503
312.147                 ,     12, -39.1899, 1.7106, -1.1493
312.170                 ,     12, -39.1749, 1.7081, -1.1483
312.196                 ,     12, -39.1600, 1.7054, -1.1471
312.230                 ,     12, -39.1446, 1.7020, -1.1454
312.258                 ,     12, -39.1141, 1.6969, -1.1421
312.288                 ,     12, -39.0988, 1.6953, -1.1397
312.318                 ,     12, -39.0831, 1.6950, -1.1372
312.345                 ,     12, -39.0516, 1.6947, -1.1323
312.375                 ,     12, -39.0357, 1.6971, -1.1295
312.405                 ,     12, -38.9886, 1.7023, -1.1220
312.436                 ,     12, -38.9660, 1.7077, -1.1189
312.473                 ,     12, -38.9405, 1.7114, -1.1168
312.509                 ,     12, -38.9180, 1.7111, -1.1156
312.542                 ,     12, -38.8955, 1.7093, -1.1156
312.579                 ,     12, -38.8733, 1.7104, -1.1162
312.614                 ,     12, -38.8506, 1.7109, -1.1174
312.641                 ,     12, -38.8269, 1.7122, -1.1188
312.674                 ,     12, -38.8034, 1.7123, -1.1210
312.708                 ,     12, -38.7801, 1.7107, -1.1234
312.741                 ,     12, -38.7567, 1.7074, -1.1259
312.775                 ,     12, -38.7322, 1.7038, -1.1290
312.810                 ,     12, -38.7079, 1.6994, -1.1324
312.844                 ,     12, -38.6835, 1.6945, -1.1362
312.877                 ,     12, -38.6591, 1.6896, -1.1408
312.911                 ,     12, -38.6340, 1.6862, -1.1463
312.945                 ,     12, -38.6081, 1.6847, -1.1527
312.981                 ,     12, -38.5827, 1.6844, -1.1597
313.016                 ,     12, -38.5576, 1.6891, -1.1668
313.047                 ,     12, -38.5358, 1.6921, -1.1724
313.087                 ,     12, -38.5060, 1.7019, -1.1799
313.120                 ,     12, -38.4797, 1.7041, -1.1855
313.148                 ,     12, -38.4633, 1.7020, -1.1884
313.177                 ,     12, -38.4474, 1.7007, -1.1910
313.204                 ,     12, -38.4314, 1.7002, -1.1934
313.230                 ,     12, -38.4144, 1.7013, -1.1957
313.255                 ,     12, -38.3974, 1.7027, -1.1978
313.279                 ,     12, -38.3641, 1.7053, -1.2021
313.304                 ,     12, -38.3485, 1.7065, -1.2037
313.336                 ,     12, -38.3333, 1.7066, -1.2048
313.359                 ,     12, -38.3171, 1.7062, -1.2061
313.385                 ,     12, -38.2994, 1.7054, -1.2076
313.412                 ,     12, -38.2814, 1.7040, -1.2088
313.436                 ,     12, -38.2635, 1.7021, -1.2099
313.459                 ,     12, -38.2288, 1.6986, -1.2122
313.482                 ,     12, -38.2117, 1.6956, -1.2130
313.511                 ,     12, -38.1946, 1.6929, -1.2135
313.534                 ,     12, -38.1770, 1.6908, -1.2137
313.558                 ,     12, -38.1584, 1.6895, -1.2139
313.582                 ,     12, -38.1398, 1.6893, -1.2138
313.607                 ,     12, -38.1212, 1.6911, -1.2135
313.635                 ,     12, -38.1025, 1.6948, -1.2133
313.665                 ,     12, -38.0840, 1.6998, -1.2130
313.694                 ,     12, -38.0475, 1.7071, -1.2128
313.721                 ,     12, -38.0293, 1.7097, -1.2134
313.746                 ,     12, -38.0118, 1.7089, -1.2142
313.770                 ,     12, -37.9952, 1.7068, -1.2150
313.793                 ,     12, -37.9791, 1.7055, -1.2159
313.817                 ,     12, -37.9627, 1.7052, -1.2171
313.841                 ,     12, -37.9291, 1.7048, -1.2195
313.864                 ,     12, -37.9124, 1.7047, -1.2212
313.889                 ,     12, -37.8952, 1.7057, -1.2233
313.913                 ,     12, -37.8780, 1.7059, -1.2254
313.936                 ,     12, -37.8607, 1.7055, -1.2276
313.964                 ,     12, -37.8429, 1.7041, -1.2298
313.993                 ,     12, -37.8253, 1.7018, -1.2319
314.025                 ,     12, -37.8076, 1.6989, -1.2339
314.052                 ,     12, -37.7719, 1.6937, -1.2381
314.075                 ,     12, -37.7542, 1.6902, -1.2403
314.097                 ,     12, -37.7365, 1.6869, -1.2427
314.120                 ,     12, -37.7186, 1.6842, -1.2453
314.142                 ,     12, -37.7007, 1.6825, -1.2481
314.166                 ,     12, -37.6827, 1.6814, -1.2511
314.189                 ,     12, -37.6645, 1.6805, -1.2541
314.212                 ,     12, -37.6470, 1.6810, -1.2572
314.233                 ,     12, -37.6295, 1.6838, -1.2602
314.255                 ,     12, -37.6118, 1.6876, -1.2631
314.278                 ,     12, -37.5940, 1.6919, -1.2656
314.300                 ,     12, -37.5759, 1.6960, -1.2682
314.323                 ,     12, -37.5578, 1.6985, -1.2701
314.348                 ,     12, -37.5406, 1.6992, -1.2715
314.373                 ,     12, -37.5063, 1.7010, -1.2745
314.395                 ,     12, -37.4903, 1.7010, -1.2751
314.425                 ,     12, -37.4742, 1.7024, -1.2752
314.448                 ,     12, -37.4581, 1.7036, -1.2754
314.473                 ,     12, -37.4418, 1.7046, -1.2757
314.500                 ,     12, -37.4256, 1.7049, -1.2760
314.527                 ,     12, -37.4093, 1.7042, -1.2761
314.553                 ,     12, -37.3765, 1.7028, -1.2765
314.577                 ,     12, -37.3600, 1.7002, -1.2765
314.604                 ,     12, -37.3437, 1.6974, -1.2763
314.628                 ,     12, -37.3269, 1.6951, -1.2760
314.658                 ,     12, -37.3099, 1.6925, -1.2752
314.685                 ,     12, -37.2928, 1.6898, -1.2743
314.710                 ,     12, -37.2587, 1.6850, -1.2725
314.732                 ,     12, -37.2416, 1.6826, -1.2711
314.760                 ,     12, -37.2242, 1.6810, -1.2688
314.784                 ,     12, -37.2068, 1.6799, -1.2668
314.808                 ,     12, -37.1896, 1.6803, -1.2646
314.835                 ,     12, -37.1721, 1.6825, -1.2623
314.864                 ,     12, -37.1535, 1.6853, -1.2597
314.888                 ,     12, -37.1354, 1.6885, -1.2574
314.912                 ,     12, -37.1172, 1.6918, -1.2554
314.936                 ,     12, -37.0990, 1.6945, -1.2536
314.963                 ,     12, -37.0807, 1.6951, -1.2523
314.989                 ,     12, -37.0633, 1.6945, -1.2513
315.012                 ,     12, -37.0465, 1.6942, -1.2506
315.034                 ,     12, -37.0292, 1.6946, -1.2502
315.057                 ,     12, -36.9951, 1.6956, -1.2495
315.084                 ,     12, -36.9786, 1.6960, -1.2498
315.113                 ,     12, -36.9623, 1.6970, -1.2504
315.146                 ,     12, -36.9451, 1.6974, -1.2511
315.176                 ,     12, -36.9108, 1.6971, -1.2523
315.204                 ,     12, -36.8933, 1.6951, -1.2531
315.230                 ,     12, -36.8760, 1.6929, -1.2539
315.255                 ,     12, -36.8589, 1.6905, -1.2550
315.280                 ,     12, -36.8419, 1.6876, -1.2562
315.305                 ,     12, -36.8250, 1.6845, -1.2576
315.330                 ,     12, -36.7911, 1.6787, -1.2605
315.353                 ,     12, -36.7741, 1.6757, -1.2626
315.378                 ,     12, -36.7572, 1.6736, -1.2653
315.401                 ,     12, -36.7403, 1.6719, -1.2679
315.423                 ,     12, -36.7321, 1.6725, -1.2696
315.445                 ,     12, -36.7237, 1.6742, -1.2711
315.470                 ,     12, -36.6983, 1.6775, -1.2752
315.493                 ,     12, -36.6730, 1.6823, -1.2794
315.513                 ,     12, -36.6647, 1.6852, -1.2809
315.535                 ,     12, -36.6388, 1.6924, -1.2851
315.556                 ,     12, -36.6301, 1.6938, -1.2862
315.577                 ,     12, -36.6134, 1.6952, -1.2884
315.599                 ,     12, -36.5973, 1.6952, -1.2902
315.624                 ,     12, -36.5817, 1.6944, -1.2915
315.646                 ,     12, -36.5667, 1.6937, -1.2926
315.668                 ,     12, -36.5518, 1.6938, -1.2934
315.691                 ,     12, -36.5366, 1.6946, -1.2942
315.713                 ,     12, -36.5217, 1.6956, -1.2950
315.734                 ,     12, -36.5067, 1.6971, -1.2956
315.756                 ,     12, -36.4996, 1.6978, -1.2959
315.779                 ,     12, -36.4850, 1.6983, -1.2965
315.807                 ,     12, -36.4632, 1.6984, -1.2974
315.834                 ,     12, -36.4489, 1.6973, -1.2979
315.863                 ,     12, -36.4271, 1.6957, -1.2985
315.890                 ,     12, -36.4051, 1.6937, -1.2990
315.916                 ,     12, -36.3904, 1.6914, -1.2989
315.943                 ,     12, -36.3760, 1.6887, -1.2987
315.971                 ,     12, -36.3619, 1.6859, -1.2980
315.997                 ,     12, -36.3340, 1.6808, -1.2964
316.023                 ,     12, -36.3210, 1.6779, -1.2948
316.049                 ,     12, -36.3088, 1.6770, -1.2933
316.071                 ,     12, -36.2962, 1.6787, -1.2920
316.095                 ,     12, -36.2768, 1.6827, -1.2901
316.117                 ,     12, -36.2700, 1.6864, -1.2895
316.141                 ,     12, -36.2568, 1.6896, -1.2884
316.163                 ,     12, -36.2444, 1.6910, -1.2875
316.187                 ,     12, -36.2264, 1.6909, -1.2863
316.211                 ,     12, -36.2156, 1.6888, -1.2860
316.235                 ,     12, -36.2050, 1.6873, -1.2858
316.259                 ,     12, -36.1944, 1.6871, -1.2859
316.285                 ,     12, -36.1777, 1.6885, -1.2859
316.308                 ,     12, -36.1666, 1.6898, -1.2860
316.332                 ,     12, -36.1555, 1.6910, -1.2863
316.355                 ,     12, -36.1450, 1.6916, -1.2867
316.378                 ,     12, -36.1347, 1.6912, -1.2872
316.402                 ,     12, -36.1243, 1.6905, -1.2879
316.427                 ,     12, -36.1137, 1.6899, -1.2887
316.453                 ,     12, -36.0975, 1.6893, -1.2900
316.475                 ,     12, -36.0863, 1.6892, -1.2913
316.497                 ,     12, -36.0807, 1.6890, -1.2923
316.520                 ,     12, -36.0637, 1.6890, -1.2944
316.542                 ,     12, -36.0521, 1.6888, -1.2963
316.565                 ,     12, -36.0462, 1.6887, -1.2975
316.590                 ,     12, -36.0288, 1.6880, -1.3004
316.621                 ,     12, -36.0117, 1.6863, -1.3037
316.646                 ,     12, -36.0006, 1.6845, -1.3062
316.672                 ,     12, -35.9895, 1.6822, -1.3087
316.694                 ,     12, -35.9785, 1.6799, -1.3113
316.716                 ,     12, -35.9678, 1.6781, -1.3137
316.737                 ,     12, -35.9572, 1.6771, -1.3161
316.759                 ,     12, -35.9463, 1.6775, -1.3186
316.782                 ,     12, -35.9354, 1.6788, -1.3210
316.803                 ,     12, -35.9242, 1.6812, -1.3234
316.829                 ,     12, -35.9128, 1.6841, -1.3258
316.855                 ,     12, -35.8959, 1.6876, -1.3293
316.881                 ,     12, -35.8846, 1.6887, -1.3312
316.909                 ,     12, -35.8685, 1.6889, -1.3336
316.934                 ,     12, -35.8578, 1.6882, -1.3346
316.955                 ,     12, -35.8470, 1.6880, -1.3356
316.978                 ,     12, -35.8357, 1.6881, -1.3362
317.001                 ,     12, -35.8245, 1.6890, -1.3367
317.024                 ,     12, -35.8132, 1.6906, -1.3368
317.045                 ,     12, -35.8076, 1.6912, -1.3364
317.072                 ,     12, -35.7909, 1.6919, -1.3359
317.097                 ,     12, -35.7743, 1.6920, -1.3351
317.118                 ,     12, -35.7634, 1.6915, -1.3342
317.140                 ,     12, -35.7580, 1.6907, -1.3333
317.162                 ,     12, -35.7415, 1.6894, -1.3315
317.184                 ,     12, -35.7360, 1.6883, -1.3305
317.207                 ,     12, -35.7251, 1.6870, -1.3287
317.228                 ,     12, -35.7141, 1.6859, -1.3268
317.251                 ,     12, -35.6974, 1.6846, -1.3237
317.272                 ,     12, -35.6917, 1.6842, -1.3224
317.297                 ,     12, -35.6749, 1.6829, -1.3187
317.321                 ,     12, -35.6636, 1.6820, -1.3160
317.344                 ,     12, -35.6523, 1.6809, -1.3132
317.368                 ,     12, -35.6410, 1.6798, -1.3103
317.395                 ,     12, -35.6297, 1.6782, -1.3072
317.422                 ,     12, -35.6130, 1.6753, -1.3026
317.449                 ,     12, -35.6022, 1.6739, -1.2993
317.476                 ,     12, -35.5859, 1.6731, -1.2944
317.500                 ,     12, -35.5754, 1.6740, -1.2912
317.524                 ,     12, -35.5649, 1.6766, -1.2882
317.548                 ,     12, -35.5545, 1.6798, -1.2853
317.574                 ,     12, -35.5389, 1.6836, -1.2813
317.597                 ,     12, -35.5292, 1.6851, -1.2787
317.618                 ,     12, -35.5249, 1.6846, -1.2777
317.642                 ,     12, -35.5117, 1.6838, -1.2740
317.664                 ,     12, -35.5043, 1.6822, -1.2719
317.686                 ,     12, -35.5013, 1.6813, -1.2713
317.708                 ,     12, -35.4900, 1.6808, -1.2689
317.729                 ,     12, -35.4866, 1.6819, -1.2688
317.750                 ,     12, -35.4793, 1.6835, -1.2679
317.770                 ,     12, -35.4723, 1.6849, -1.2672
317.794                 ,     12, -35.4658, 1.6862, -1.2668
317.819                 ,     12, -35.4563, 1.6873, -1.2662
317.845                 ,     12, -35.4508, 1.6874, -1.2661
317.877                 ,     12, -35.4453, 1.6876, -1.2662
317.903                 ,     12, -35.4367, 1.6884, -1.2663
317.925                 ,     12, -35.4308, 1.6888, -1.2665
317.946                 ,     12, -35.4251, 1.6891, -1.2669
317.970                 ,     12, -35.4196, 1.6890, -1.2673
317.992                 ,     12, -35.4146, 1.6885, -1.2677
318.014                 ,     12, -35.4098, 1.6880, -1.2683
318.035                 ,     12, -35.4053, 1.6874, -1.2688
318.055                 ,     12, -35.4008, 1.6871, -1.2693
318.075                 ,     12, -35.3989, 1.6872, -1.2697
318.098                 ,     12, -35.3948, 1.6874, -1.2705
318.123                 ,     12, -35.3887, 1.6879, -1.2716
318.147                 ,     12, -35.3849, 1.6887, -1.2727
318.173                 ,     12, -35.3813, 1.6896, -1.2736
318.201                 ,     12, -35.3760, 1.6905, -1.2748
318.229                 ,     12, -35.3706, 1.6909, -1.2760
318.252                 ,     12, -35.3673, 1.6910, -1.2771
318.275                 ,     12, -35.3640, 1.6912, -1.2781
318.302                 ,     12, -35.3607, 1.6917, -1.2791
318.327                 ,     12, -35.3556, 1.6925, -1.2807
318.352                 ,     12, -35.3522, 1.6933, -1.2819
318.377                 ,     12, -35.3488, 1.6942, -1.2830
318.401                 ,     12, -35.3456, 1.6950, -1.2843
318.423                 ,     12, -35.3424, 1.6960, -1.2854
318.445                 ,     12, -35.3393, 1.6966, -1.2864
318.467                 ,     12, -35.3363, 1.6968, -1.2873
318.489                 ,     12, -35.3350, 1.6965, -1.2877
318.510                 ,     12, -35.3321, 1.6962, -1.2884
318.535                 ,     12, -35.3279, 1.6957, -1.2894
318.556                 ,     12, -35.3268, 1.6956, -1.2894
318.576                 ,     12, -35.3243, 1.6956, -1.2896
318.599                 ,     12, -35.3221, 1.6956, -1.2895
318.621                 ,     12, -35.3200, 1.6958, -1.2893
318.644                 ,     12, -35.3169, 1.6957, -1.2888

# --- Trial 3 start ---
330.297                 ,     13, -39.7101, 1.7265, -1.1719
330.455                 ,     13, -39.7074, 1.7274, -1.1804
330.510                 ,     13, -39.7052, 1.7280, -1.1853
330.539                 ,     13, -39.7037, 1.7284, -1.1881
330.563                 ,     13, -39.7025, 1.7287, -1.1902
330.587                 ,     13, -39.7011, 1.7290, -1.1922
330.614                 ,     13, -39.6988, 1.7293, -1.1954
330.640                 ,     13, -39.6972, 1.7294, -1.1976
330.664                 ,     13, -39.6957, 1.7293, -1.1998
330.688                 ,     13, -39.6939, 1.7291, -1.2020
330.710                 ,     13, -39.6923, 1.7287, -1.2042
330.734                 ,     13, -39.6907, 1.7281, -1.2064
330.757                 ,     13, -39.6891, 1.7274, -1.2087
330.782                 ,     13, -39.6870, 1.7258, -1.2118
330.810                 ,     13, -39.6862, 1.7242, -1.2135
330.839                 ,     13, -39.6853, 1.7216, -1.2160
330.864                 ,     13, -39.6851, 1.7202, -1.2173
330.888                 ,     13, -39.6850, 1.7194, -1.2185
330.913                 ,     13, -39.6853, 1.7192, -1.2195
330.936                 ,     13, -39.6858, 1.7188, -1.2208
330.959                 ,     13, -39.6863, 1.7189, -1.2209
330.986                 ,     13, -39.6875, 1.7189, -1.2216
331.009                 ,     13, -39.6885, 1.7187, -1.2216
331.033                 ,     13, -39.6899, 1.7181, -1.2216
331.057                 ,     13, -39.6908, 1.7175, -1.2211
331.080                 ,     13, -39.6915, 1.7168, -1.2205
331.104                 ,     13, -39.6917, 1.7163, -1.2199
331.129                 ,     13, -39.6926, 1.7149, -1.2186
331.152                 ,     13, -39.6932, 1.7137, -1.2172
331.176                 ,     13, -39.6935, 1.7134, -1.2157
331.200                 ,     13, -39.6936, 1.7134, -1.2140
331.223                 ,     13, -39.6938, 1.7134, -1.2122
331.247                 ,     13, -39.6936, 1.7139, -1.2102
331.271                 ,     13, -39.6932, 1.7143, -1.2081
331.297                 ,     13, -39.6922, 1.7150, -1.2047
331.322                 ,     13, -39.6908, 1.7156, -1.2009
331.345                 ,     13, -39.6900, 1.7155, -1.1992
331.368                 ,     13, -39.6886, 1.7156, -1.1960
331.391                 ,     13, -39.6870, 1.7156, -1.1926
331.416                 ,     13, -39.6844, 1.7157, -1.1874
331.441                 ,     13, -39.6821, 1.7158, -1.1836
331.468                 ,     13, -39.6790, 1.7159, -1.1782
331.494                 ,     13, -39.6764, 1.7157, -1.1744
331.520                 ,     13, -39.6736, 1.7153, -1.1705
331.543                 ,     13, -39.6689, 1.7143, -1.1647
331.567                 ,     13, -39.6654, 1.7129, -1.1607
331.590                 ,     13, -39.6630, 1.7116, -1.1588
331.616                 ,     13, -39.6569, 1.7089, -1.1533
331.642                 ,     13, -39.6521, 1.7082, -1.1502
331.670                 ,     13, -39.6445, 1.7072, -1.1457
331.696                 ,     13, -39.6387, 1.7072, -1.1432
331.722                 ,     13, -39.6324, 1.7081, -1.1409
331.745                 ,     13, -39.6229, 1.7089, -1.1373
331.769                 ,     13, -39.6161, 1.7093, -1.1352
331.793                 ,     13, -39.6088, 1.7092, -1.1332
331.817                 ,     13, -39.6010, 1.7085, -1.1312
331.841                 ,     13, -39.5928, 1.7075, -1.1291
331.867                 ,     13, -39.5803, 1.7058, -1.1263
331.890                 ,     13, -39.5712, 1.7044, -1.1247
331.915                 ,     13, -39.5612, 1.7027, -1.1232
331.950                 ,     13, -39.5454, 1.7007, -1.1210
331.976                 ,     13, -39.5296, 1.6988, -1.1192
332.003                 ,     13, -39.5182, 1.6974, -1.1187
332.029                 ,     13, -39.5015, 1.6955, -1.1180
332.055                 ,     13, -39.4897, 1.6949, -1.1181
332.079                 ,     13, -39.4777, 1.6949, -1.1185
332.104                 ,     13, -39.4653, 1.6957, -1.1192
332.127                 ,     13, -39.4522, 1.6972, -1.1201
332.151                 ,     13, -39.4382, 1.6994, -1.1213
332.174                 ,     13, -39.4239, 1.7020, -1.1226
332.196                 ,     13, -39.4097, 1.7048, -1.1238
332.219                 ,     13, -39.3882, 1.7091, -1.1258
332.241                 ,     13, -39.3739, 1.7113, -1.1272
332.265                 ,     13, -39.3600, 1.7125, -1.1283
332.290                 ,     13, -39.3469, 1.7127, -1.1293
332.315                 ,     13, -39.3255, 1.7132, -1.1307
332.338                 ,     13, -39.3113, 1.7130, -1.1312
332.361                 ,     13, -39.2966, 1.7136, -1.1314
332.385                 ,     13, -39.2891, 1.7143, -1.1312
332.411                 ,     13, -39.2670, 1.7158, -1.1313
332.436                 ,     13, -39.2523, 1.7169, -1.1310
332.464                 ,     13, -39.2304, 1.7181, -1.1307
332.486                 ,     13, -39.2155, 1.7181, -1.1304
332.510                 ,     13, -39.2006, 1.7178, -1.1300
332.535                 ,     13, -39.1855, 1.7171, -1.1296
332.560                 ,     13, -39.1703, 1.7160, -1.1292
332.585                 ,     13, -39.1550, 1.7147, -1.1285
332.609                 ,     13, -39.1395, 1.7130, -1.1280
332.637                 ,     13, -39.1237, 1.7108, -1.1274
332.664                 ,     13, -39.1003, 1.7075, -1.1263
332.688                 ,     13, -39.0843, 1.7051, -1.1254
332.710                 ,     13, -39.0681, 1.7031, -1.1243
332.733                 ,     13, -39.0438, 1.7007, -1.1226
332.756                 ,     13, -39.0274, 1.6998, -1.1214
332.779                 ,     13, -39.0109, 1.7004, -1.1200
332.804                 ,     13, -38.9943, 1.7021, -1.1185
332.827                 ,     13, -38.9778, 1.7044, -1.1170
332.856                 ,     13, -38.9610, 1.7077, -1.1156
332.879                 ,     13, -38.9360, 1.7118, -1.1137
332.904                 ,     13, -38.9105, 1.7153, -1.1121
332.928                 ,     13, -38.8937, 1.7154, -1.1115
332.954                 ,     13, -38.8605, 1.7153, -1.1101
332.978                 ,     13, -38.8445, 1.7142, -1.1100
333.011                 ,     13, -38.8285, 1.7142, -1.1102
333.035                 ,     13, -38.8124, 1.7146, -1.1104
333.060                 ,     13, -38.7962, 1.7151, -1.1109
333.084                 ,     13, -38.7797, 1.7159, -1.1115
333.108                 ,     13, -38.7471, 1.7168, -1.1126
333.136                 ,     13, -38.7317, 1.7163, -1.1137
333.165                 ,     13, -38.7159, 1.7143, -1.1147
333.189                 ,     13, -38.6999, 1.7123, -1.1159
333.213                 ,     13, -38.6828, 1.7101, -1.1172
333.238                 ,     13, -38.6658, 1.7078, -1.1187
333.263                 ,     13, -38.6489, 1.7051, -1.1203
333.289                 ,     13, -38.6150, 1.6993, -1.1237
333.315                 ,     13, -38.5981, 1.6958, -1.1260
333.340                 ,     13, -38.5813, 1.6932, -1.1284
333.363                 ,     13, -38.5636, 1.6917, -1.1311
333.384                 ,     13, -38.5459, 1.6906, -1.1340
333.407                 ,     13, -38.5283, 1.6899, -1.1370
333.431                 ,     13, -38.5112, 1.6911, -1.1401
333.457                 ,     13, -38.4937, 1.6942, -1.1432
333.482                 ,     13, -38.4765, 1.6966, -1.1461
333.506                 ,     13, -38.4503, 1.7011, -1.1504
333.529                 ,     13, -38.4327, 1.7051, -1.1529
333.553                 ,     13, -38.4151, 1.7079, -1.1550
333.575                 ,     13, -38.3976, 1.7094, -1.1567
333.599                 ,     13, -38.3806, 1.7100, -1.1581
333.623                 ,     13, -38.3638, 1.7103, -1.1593
333.648                 ,     13, -38.3471, 1.7109, -1.1600
333.674                 ,     13, -38.3217, 1.7123, -1.1612
333.696                 ,     13, -38.3051, 1.7134, -1.1615
333.720                 ,     13, -38.2882, 1.7146, -1.1620
333.744                 ,     13, -38.2712, 1.7153, -1.1624
333.768                 ,     13, -38.2542, 1.7154, -1.1628
333.792                 ,     13, -38.2374, 1.7145, -1.1631
333.816                 ,     13, -38.2206, 1.7130, -1.1634
333.839                 ,     13, -38.2038, 1.7111, -1.1637
333.862                 ,     13, -38.1783, 1.7084, -1.1640
333.886                 ,     13, -38.1617, 1.7059, -1.1640
333.908                 ,     13, -38.1537, 1.7039, -1.1639
333.933                 ,     13, -38.1284, 1.6994, -1.1636
333.960                 ,     13, -38.1109, 1.6960, -1.1629
333.987                 ,     13, -38.0849, 1.6920, -1.1617
334.011                 ,     13, -38.0674, 1.6896, -1.1606
334.035                 ,     13, -38.0502, 1.6882, -1.1594
334.060                 ,     13, -38.0331, 1.6888, -1.1581
334.084                 ,     13, -38.0160, 1.6904, -1.1569
334.113                 ,     13, -37.9988, 1.6932, -1.1556
334.143                 ,     13, -37.9725, 1.6972, -1.1540
334.168                 ,     13, -37.9460, 1.7007, -1.1527
334.192                 ,     13, -37.9288, 1.7012, -1.1523
334.216                 ,     13, -37.9121, 1.7009, -1.1520
334.240                 ,     13, -37.8872, 1.7006, -1.1515
334.265                 ,     13, -37.8715, 1.7007, -1.1516
334.288                 ,     13, -37.8555, 1.7013, -1.1518
334.315                 ,     13, -37.8393, 1.7022, -1.1521
334.341                 ,     13, -37.8229, 1.7033, -1.1526
334.365                 ,     13, -37.7985, 1.7041, -1.1533
334.389                 ,     13, -37.7821, 1.7045, -1.1538
334.416                 ,     13, -37.7658, 1.7037, -1.1542
334.445                 ,     13, -37.7414, 1.7020, -1.1549
334.473                 ,     13, -37.7254, 1.7000, -1.1553
334.497                 ,     13, -37.7090, 1.6977, -1.1558
334.519                 ,     13, -37.6927, 1.6949, -1.1562
334.542                 ,     13, -37.6764, 1.6919, -1.1568
334.565                 ,     13, -37.6599, 1.6889, -1.1576
334.587                 ,     13, -37.6352, 1.6850, -1.1590
334.608                 ,     13, -37.6268, 1.6842, -1.1599
334.631                 ,     13, -37.6102, 1.6828, -1.1615
334.654                 ,     13, -37.5852, 1.6809, -1.1640
334.676                 ,     13, -37.5770, 1.6814, -1.1651
334.698                 ,     13, -37.5606, 1.6834, -1.1672
334.721                 ,     13, -37.5358, 1.6861, -1.1701
334.744                 ,     13, -37.5276, 1.6888, -1.1712
334.765                 ,     13, -37.5026, 1.6937, -1.1740
334.787                 ,     13, -37.4940, 1.6962, -1.1748
334.810                 ,     13, -37.4686, 1.6998, -1.1770
334.832                 ,     13, -37.4606, 1.6995, -1.1772
334.855                 ,     13, -37.4361, 1.7010, -1.1786
334.882                 ,     13, -37.4204, 1.7008, -1.1788
334.905                 ,     13, -37.4047, 1.7015, -1.1787
334.931                 ,     13, -37.3892, 1.7026, -1.1782
334.959                 ,     13, -37.3738, 1.7037, -1.1776
334.985                 ,     13, -37.3508, 1.7052, -1.1768
335.008                 ,     13, -37.3356, 1.7057, -1.1759
335.030                 ,     13, -37.3204, 1.7056, -1.1749
335.055                 ,     13, -37.3056, 1.7047, -1.1737
335.081                 ,     13, -37.2899, 1.7035, -1.1724
335.111                 ,     13, -37.2657, 1.7018, -1.1704
335.139                 ,     13, -37.2405, 1.6995, -1.1680
335.167                 ,     13, -37.2236, 1.6973, -1.1661
335.194                 ,     13, -37.1980, 1.6942, -1.1632
335.221                 ,     13, -37.1807, 1.6920, -1.1610
335.249                 ,     13, -37.1631, 1.6900, -1.1586
335.276                 ,     13, -37.1372, 1.6873, -1.1551
335.304                 ,     13, -37.1195, 1.6862, -1.1525
335.332                 ,     13, -37.0939, 1.6863, -1.1488
335.359                 ,     13, -37.0765, 1.6875, -1.1461
335.384                 ,     13, -37.0594, 1.6895, -1.1434
335.411                 ,     13, -37.0339, 1.6930, -1.1396
335.436                 ,     13, -37.0166, 1.6963, -1.1374
335.461                 ,     13, -36.9991, 1.6984, -1.1355
335.486                 ,     13, -36.9821, 1.6987, -1.1339
335.509                 ,     13, -36.9569, 1.6991, -1.1318
335.533                 ,     13, -36.9407, 1.6994, -1.1309
335.557                 ,     13, -36.9246, 1.7002, -1.1306
335.584                 ,     13, -36.9086, 1.7007, -1.1306
335.611                 ,     13, -36.8845, 1.7020, -1.1307
335.633                 ,     13, -36.8688, 1.7028, -1.1311
335.656                 ,     13, -36.8610, 1.7028, -1.1317
335.680                 ,     13, -36.8373, 1.7028, -1.1326
335.702                 ,     13, -36.8294, 1.7020, -1.1331
335.724                 ,     13, -36.8136, 1.7008, -1.1339
335.747                 ,     13, -36.7977, 1.6993, -1.1348
335.769                 ,     13, -36.7819, 1.6975, -1.1358
335.791                 ,     13, -36.7661, 1.6951, -1.1370
335.814                 ,     13, -36.7423, 1.6913, -1.1389
335.836                 ,     13, -36.7266, 1.6881, -1.1405
335.858                 ,     13, -36.7188, 1.6863, -1.1416
335.879                 ,     13, -36.7028, 1.6835, -1.1436
335.905                 ,     13, -36.6789, 1.6799, -1.1471
335.930                 ,     13, -36.6628, 1.6784, -1.1500
335.953                 ,     13, -36.6389, 1.6769, -1.1543
335.974                 ,     13, -36.6310, 1.6785, -1.1561
335.996                 ,     13, -36.6071, 1.6803, -1.1608
336.019                 ,     13, -36.5992, 1.6822, -1.1624
336.043                 ,     13, -36.5754, 1.6864, -1.1672
336.064                 ,     13, -36.5674, 1.6883, -1.1686
336.087                 ,     13, -36.5514, 1.6905, -1.1713
336.109                 ,     13, -36.5360, 1.6917, -1.1737
336.132                 ,     13, -36.5207, 1.6920, -1.1758
336.156                 ,     13, -36.4985, 1.6919, -1.1787
336.177                 ,     13, -36.4917, 1.6913, -1.1792
336.200                 ,     13, -36.4774, 1.6913, -1.1807
336.227                 ,     13, -36.4564, 1.6918, -1.1828
336.253                 ,     13, -36.4354, 1.6929, -1.1846
336.277                 ,     13, -36.4286, 1.6937, -1.1852
336.300                 ,     13, -36.4080, 1.6948, -1.1870
336.323                 ,     13, -36.4014, 1.6946, -1.1875
336.347                 ,     13, -36.3814, 1.6942, -1.1891
336.371                 ,     13, -36.3682, 1.6931, -1.1901
336.395                 ,     13, -36.3552, 1.6918, -1.1911
336.419                 ,     13, -36.3356, 1.6901, -1.1926
336.442                 ,     13, -36.3225, 1.6884, -1.1933
336.466                 ,     13, -36.2957, 1.6849, -1.1948
336.489                 ,     13, -36.2822, 1.6827, -1.1950
336.514                 ,     13, -36.2685, 1.6807, -1.1952
336.538                 ,     13, -36.2547, 1.6793, -1.1950
336.561                 ,     13, -36.2410, 1.6782, -1.1947
336.592                 ,     13, -36.2274, 1.6774, -1.1942
336.617                 ,     13, -36.2140, 1.6776, -1.1936
336.642                 ,     13, -36.1870, 1.6786, -1.1922
336.664                 ,     13, -36.1738, 1.6803, -1.1912
336.689                 ,     13, -36.1604, 1.6831, -1.1902
336.715                 ,     13, -36.1471, 1.6868, -1.1894
336.740                 ,     13, -36.1336, 1.6902, -1.1887
336.763                 ,     13, -36.1201, 1.6918, -1.1882
336.785                 ,     13, -36.1070, 1.6916, -1.1880
336.808                 ,     13, -36.0944, 1.6907, -1.1882
336.832                 ,     13, -36.0820, 1.6900, -1.1887
336.855                 ,     13, -36.0690, 1.6898, -1.1893
336.877                 ,     13, -36.0560, 1.6902, -1.1901
336.905                 ,     13, -36.0426, 1.6917, -1.1912
336.928                 ,     13, -36.0289, 1.6929, -1.1923
336.949                 ,     13, -36.0163, 1.6940, -1.1936
336.973                 ,     13, -35.9970, 1.6950, -1.1956
336.994                 ,     13, -35.9904, 1.6946, -1.1966
337.016                 ,     13, -35.9839, 1.6938, -1.1975
337.038                 ,     13, -35.9651, 1.6927, -1.1999
337.060                 ,     13, -35.9521, 1.6916, -1.2017
337.082                 ,     13, -35.9455, 1.6908, -1.2029
337.104                 ,     13, -35.9261, 1.6892, -1.2060
337.126                 ,     13, -35.9193, 1.6880, -1.2076
337.148                 ,     13, -35.9064, 1.6862, -1.2100
337.169                 ,     13, -35.8999, 1.6848, -1.2116
337.193                 ,     13, -35.8811, 1.6816, -1.2156
337.217                 ,     13, -35.8683, 1.6795, -1.2189
337.239                 ,     13, -35.8491, 1.6767, -1.2238
337.261                 ,     13, -35.8428, 1.6763, -1.2259
337.283                 ,     13, -35.8303, 1.6749, -1.2296
337.306                 ,     13, -35.8181, 1.6734, -1.2335
337.328                 ,     13, -35.8000, 1.6729, -1.2392
337.353                 ,     13, -35.7879, 1.6740, -1.2434
337.377                 ,     13, -35.7761, 1.6753, -1.2473
337.401                 ,     13, -35.7640, 1.6787, -1.2514
337.423                 ,     13, -35.7578, 1.6811, -1.2534
337.446                 ,     13, -35.7453, 1.6841, -1.2573
337.469                 ,     13, -35.7329, 1.6863, -1.2610
337.493                 ,     13, -35.7207, 1.6876, -1.2643
337.517                 ,     13, -35.7028, 1.6884, -1.2690
337.539                 ,     13, -35.6915, 1.6880, -1.2716
337.562                 ,     13, -35.6801, 1.6875, -1.2740
337.586                 ,     13, -35.6631, 1.6879, -1.2774
337.609                 ,     13, -35.6519, 1.6891, -1.2793
337.631                 ,     13, -35.6465, 1.6903, -1.2800
337.655                 ,     13, -35.6355, 1.6925, -1.2819
337.676                 ,     13, -35.6248, 1.6950, -1.2838
337.699                 ,     13, -35.6091, 1.6977, -1.2864
337.722                 ,     13, -35.5996, 1.6985, -1.2877
337.745                 ,     13, -35.5953, 1.6980, -1.2879
337.772                 ,     13, -35.5813, 1.6983, -1.2895
337.798                 ,     13, -35.5674, 1.6980, -1.2905
337.824                 ,     13, -35.5588, 1.6970, -1.2908
337.848                 ,     13, -35.5503, 1.6959, -1.2905
337.872                 ,     13, -35.5419, 1.6946, -1.2902
337.892                 ,     13, -35.5337, 1.6930, -1.2896
337.917                 ,     13, -35.5257, 1.6909, -1.2886
337.939                 ,     13, -35.5179, 1.6889, -1.2875
337.960                 ,     13, -35.5103, 1.6872, -1.2861
337.983                 ,     13, -35.5027, 1.6862, -1.2846
338.009                 ,     13, -35.4918, 1.6847, -1.2821
338.031                 ,     13, -35.4847, 1.6842, -1.2802
338.054                 ,     13, -35.4777, 1.6840, -1.2781
338.076                 ,     13, -35.4742, 1.6847, -1.2771
338.099                 ,     13, -35.4637, 1.6853, -1.2741
338.119                 ,     13, -35.4603, 1.6858, -1.2731
338.140                 ,     13, -35.4536, 1.6862, -1.2712
338.160                 ,     13, -35.4471, 1.6862, -1.2693
338.185                 ,     13, -35.4378, 1.6858, -1.2665
338.209                 ,     13, -35.4318, 1.6854, -1.2651
338.235                 ,     13, -35.4260, 1.6853, -1.2638
338.261                 ,     13, -35.4202, 1.6855, -1.2626
338.287                 ,     13, -35.4119, 1.6869, -1.2609
338.312                 ,     13, -35.4065, 1.6885, -1.2602
338.333                 ,     13, -35.4015, 1.6897, -1.2596
338.355                 ,     13, -35.3992, 1.6906, -1.2594
338.377                 ,     13, -35.3943, 1.6915, -1.2590
338.399                 ,     13, -35.3870, 1.6926, -1.2585
338.425                 ,     13, -35.3826, 1.6927, -1.2587
338.451                 ,     13, -35.3783, 1.6925, -1.2588
338.480                 ,     13, -35.3744, 1.6918, -1.2595
338.508                 ,     13, -35.3689, 1.6904, -1.2602
338.537                 ,     13, -35.3646, 1.6880, -1.2612
338.565                 ,     13, -35.3609, 1.6857, -1.2627
338.590                 ,     13, -35.3589, 1.6848, -1.2639
338.617                 ,     13, -35.3568, 1.6856, -1.2653
338.645                 ,     13, -35.3532, 1.6867, -1.2670
338.671                 ,     13, -35.3509, 1.6877, -1.2680
338.698                 ,     13, -35.3475, 1.6884, -1.2697
338.726                 ,     13, -35.3455, 1.6885, -1.2710
338.753                 ,     13, -35.3423, 1.6889, -1.2728
338.781                 ,     13, -35.3404, 1.6890, -1.2740
338.804                 ,     13, -35.3384, 1.6893, -1.2752
338.830                 ,     13, -35.3352, 1.6898, -1.2768
338.854                 ,     13, -35.3334, 1.6899, -1.2780
338.877                 ,     13, -35.3315, 1.6900, -1.2790
338.899                 ,     13, -35.3307, 1.6900, -1.2795
338.926                 ,     13, -35.3280, 1.6901, -1.2811
338.947                 ,     13, -35.3262, 1.6903, -1.2821
338.968                 ,     13, -35.3244, 1.6903, -1.2831
338.994                 ,     13, -35.3227, 1.6906, -1.2838
339.019                 ,     13, -35.3199, 1.6912, -1.2853
339.041                 ,     13, -35.3182, 1.6916, -1.2862
339.062                 ,     13, -35.3174, 1.6918, -1.2867
339.083                 ,     13, -35.3149, 1.6921, -1.2881
339.105                 ,     13, -35.3134, 1.6921, -1.2888
339.131                 ,     13, -35.3121, 1.6917, -1.2893
339.159                 ,     13, -35.3109, 1.6914, -1.2899
339.184                 ,     13, -35.3082, 1.6923, -1.2923
339.206                 ,     13, -35.3075, 1.6918, -1.2924

# --- Trial 4 start ---
352.697                 ,     14, -39.6342, 1.7300, -1.1653
352.854                 ,     14, -39.6304, 1.7291, -1.1639
352.906                 ,     14, -39.6289, 1.7285, -1.1635
352.930                 ,     14, -39.6280, 1.7282, -1.1633
352.952                 ,     14, -39.6275, 1.7280, -1.1633
352.974                 ,     14, -39.6268, 1.7279, -1.1632
353.003                 ,     14, -39.6259, 1.7276, -1.1633
353.026                 ,     14, -39.6254, 1.7274, -1.1634
353.052                 ,     14, -39.6251, 1.7272, -1.1637
353.081                 ,     14, -39.6249, 1.7271, -1.1643
353.109                 ,     14, -39.6245, 1.7271, -1.1648
353.134                 ,     14, -39.6238, 1.7270, -1.1658
353.158                 ,     14, -39.6237, 1.7269, -1.1666
353.182                 ,     14, -39.6235, 1.7268, -1.1675
353.205                 ,     14, -39.6234, 1.7269, -1.1686
353.229                 ,     14, -39.6234, 1.7270, -1.1697
353.253                 ,     14, -39.6234, 1.7271, -1.1708
353.281                 ,     14, -39.6233, 1.7272, -1.1719
353.309                 ,     14, -39.6232, 1.7272, -1.1730
353.335                 ,     14, -39.6234, 1.7272, -1.1751
353.367                 ,     14, -39.6233, 1.7271, -1.1763
353.396                 ,     14, -39.6232, 1.7270, -1.1777
353.424                 ,     14, -39.6230, 1.7271, -1.1802
353.448                 ,     14, -39.6227, 1.7271, -1.1816
353.474                 ,     14, -39.6224, 1.7273, -1.1830
353.499                 ,     14, -39.6218, 1.7274, -1.1846
353.524                 ,     14, -39.6213, 1.7276, -1.1863
353.548                 ,     14, -39.6208, 1.7278, -1.1880
353.572                 ,     14, -39.6200, 1.7280, -1.1897
353.596                 ,     14, -39.6194, 1.7280, -1.1909
353.621                 ,     14, -39.6182, 1.7282, -1.1938
353.644                 ,     14, -39.6172, 1.7283, -1.1959
353.668                 ,     14, -39.6161, 1.7283, -1.1980
353.691                 ,     14, -39.6144, 1.7284, -1.2016
353.715                 ,     14, -39.6129, 1.7284, -1.2041
353.743                 ,     14, -39.6110, 1.7285, -1.2069
353.770                 ,     14, -39.6086, 1.7286, -1.2109
353.794                 ,     14, -39.6066, 1.7286, -1.2139
353.819                 ,     14, -39.6043, 1.7287, -1.2170
353.842                 ,     14, -39.6019, 1.7287, -1.2202
353.867                 ,     14, -39.5981, 1.7288, -1.2251
353.891                 ,     14, -39.5952, 1.7288, -1.2284
353.917                 ,     14, -39.5922, 1.7283, -1.2316
353.942                 ,     14, -39.5891, 1.7270, -1.2349
353.967                 ,     14, -39.5850, 1.7247, -1.2397
353.991                 ,     14, -39.5825, 1.7225, -1.2426
354.017                 ,     14, -39.5806, 1.7201, -1.2451
354.045                 ,     14, -39.5779, 1.7172, -1.2485
354.071                 ,     14, -39.5766, 1.7155, -1.2502
354.095                 ,     14, -39.5757, 1.7141, -1.2517
354.120                 ,     14, -39.5752, 1.7133, -1.2530
354.149                 ,     14, -39.5748, 1.7127, -1.2547
354.177                 ,     14, -39.5750, 1.7129, -1.2554
354.206                 ,     14, -39.5752, 1.7134, -1.2565
354.230                 ,     14, -39.5751, 1.7143, -1.2573
354.254                 ,     14, -39.5752, 1.7150, -1.2571
354.279                 ,     14, -39.5751, 1.7157, -1.2573
354.305                 ,     14, -39.5751, 1.7158, -1.2570
354.333                 ,     14, -39.5749, 1.7157, -1.2566
354.360                 ,     14, -39.5748, 1.7154, -1.2559
354.385                 ,     14, -39.5745, 1.7151, -1.2551
354.409                 ,     14, -39.5742, 1.7150, -1.2542
354.435                 ,     14, -39.5739, 1.7144, -1.2523
354.466                 ,     14, -39.5738, 1.7139, -1.2504
354.498                 ,     14, -39.5734, 1.7136, -1.2472
354.531                 ,     14, -39.5726, 1.7129, -1.2431
354.557                 ,     14, -39.5716, 1.7119, -1.2384
354.583                 ,     14, -39.5704, 1.7112, -1.2348
354.606                 ,     14, -39.5686, 1.7111, -1.2313
354.631                 ,     14, -39.5658, 1.7114, -1.2279
354.654                 ,     14, -39.5626, 1.7119, -1.2245
354.679                 ,     14, -39.5574, 1.7122, -1.2194
354.703                 ,     14, -39.5527, 1.7117, -1.2160
354.727                 ,     14, -39.5476, 1.7097, -1.2125
354.750                 ,     14, -39.5423, 1.7061, -1.2089
354.773                 ,     14, -39.5368, 1.7017, -1.2055
354.796                 ,     14, -39.5306, 1.6985, -1.2026
354.823                 ,     14, -39.5204, 1.6959, -1.1990
354.847                 ,     14, -39.5125, 1.6941, -1.1969
354.874                 ,     14, -39.5036, 1.6936, -1.1953
354.896                 ,     14, -39.4947, 1.6937, -1.1937
354.920                 ,     14, -39.4856, 1.6935, -1.1922
354.943                 ,     14, -39.4763, 1.6927, -1.1906
354.966                 ,     14, -39.4618, 1.6917, -1.1884
354.991                 ,     14, -39.4506, 1.6915, -1.1872
355.019                 ,     14, -39.4386, 1.6908, -1.1862
355.047                 ,     14, -39.4261, 1.6895, -1.1856
355.075                 ,     14, -39.4075, 1.6874, -1.1847
355.103                 ,     14, -39.3881, 1.6852, -1.1845
355.131                 ,     14, -39.3740, 1.6843, -1.1851
355.158                 ,     14, -39.3534, 1.6835, -1.1862
355.186                 ,     14, -39.3388, 1.6841, -1.1881
355.212                 ,     14, -39.3166, 1.6854, -1.1907
355.237                 ,     14, -39.3010, 1.6884, -1.1931
355.260                 ,     14, -39.2924, 1.6915, -1.1945
355.285                 ,     14, -39.2687, 1.6966, -1.1977
355.309                 ,     14, -39.2531, 1.6997, -1.1997
355.333                 ,     14, -39.2384, 1.7016, -1.2011
355.359                 ,     14, -39.2170, 1.7027, -1.2028
355.385                 ,     14, -39.2030, 1.7029, -1.2033
355.409                 ,     14, -39.1888, 1.7044, -1.2037
355.433                 ,     14, -39.1671, 1.7072, -1.2040
355.458                 ,     14, -39.1529, 1.7088, -1.2036
355.490                 ,     14, -39.1389, 1.7099, -1.2030
355.519                 ,     14, -39.1179, 1.7110, -1.2023
355.544                 ,     14, -39.0971, 1.7111, -1.2015
355.568                 ,     14, -39.0830, 1.7104, -1.2008
355.593                 ,     14, -39.0687, 1.7094, -1.2002
355.616                 ,     14, -39.0540, 1.7081, -1.1994
355.640                 ,     14, -39.0394, 1.7063, -1.1984
355.664                 ,     14, -39.0249, 1.7042, -1.1973
355.688                 ,     14, -39.0030, 1.7012, -1.1955
355.712                 ,     14, -38.9886, 1.6988, -1.1939
355.737                 ,     14, -38.9729, 1.6966, -1.1921
355.762                 ,     14, -38.9571, 1.6946, -1.1899
355.786                 ,     14, -38.9415, 1.6930, -1.1874
355.813                 ,     14, -38.9184, 1.6911, -1.1837
355.836                 ,     14, -38.9027, 1.6910, -1.1807
355.862                 ,     14, -38.8869, 1.6939, -1.1779
355.885                 ,     14, -38.8702, 1.6975, -1.1752
355.908                 ,     14, -38.8534, 1.7010, -1.1725
355.934                 ,     14, -38.8286, 1.7049, -1.1690
355.957                 ,     14, -38.8126, 1.7061, -1.1671
355.982                 ,     14, -38.7973, 1.7056, -1.1656
356.007                 ,     14, -38.7822, 1.7047, -1.1645
356.030                 ,     14, -38.7670, 1.7050, -1.1635
356.052                 ,     14, -38.7511, 1.7067, -1.1629
356.074                 ,     14, -38.7346, 1.7086, -1.1625
356.097                 ,     14, -38.7180, 1.7102, -1.1624
356.121                 ,     14, -38.6935, 1.7118, -1.1624
356.144                 ,     14, -38.6770, 1.7117, -1.1629
356.167                 ,     14, -38.6610, 1.7104, -1.1636
356.193                 ,     14, -38.6447, 1.7082, -1.1645
356.220                 ,     14, -38.6281, 1.7061, -1.1657
356.245                 ,     14, -38.6029, 1.7033, -1.1673
356.267                 ,     14, -38.5941, 1.7018, -1.1682
356.292                 ,     14, -38.5682, 1.6984, -1.1707
356.320                 ,     14, -38.5592, 1.6969, -1.1721
356.348                 ,     14, -38.5325, 1.6937, -1.1757
356.372                 ,     14, -38.5149, 1.6926, -1.1785
356.398                 ,     14, -38.4881, 1.6916, -1.1832
356.422                 ,     14, -38.4702, 1.6913, -1.1867
356.446                 ,     14, -38.4525, 1.6917, -1.1902
356.475                 ,     14, -38.4346, 1.6942, -1.1937
356.501                 ,     14, -38.4077, 1.6979, -1.1987
356.530                 ,     14, -38.3799, 1.7030, -1.2032
356.555                 ,     14, -38.3612, 1.7054, -1.2056
356.578                 ,     14, -38.3431, 1.7068, -1.2075
356.604                 ,     14, -38.3254, 1.7077, -1.2088
356.628                 ,     14, -38.3082, 1.7083, -1.2099
356.654                 ,     14, -38.2823, 1.7099, -1.2113
356.681                 ,     14, -38.2652, 1.7107, -1.2116
356.706                 ,     14, -38.2479, 1.7114, -1.2119
356.731                 ,     14, -38.2217, 1.7124, -1.2125
356.754                 ,     14, -38.2043, 1.7126, -1.2127
356.777                 ,     14, -38.1868, 1.7122, -1.2129
356.801                 ,     14, -38.1690, 1.7112, -1.2129
356.824                 ,     14, -38.1513, 1.7094, -1.2127
356.848                 ,     14, -38.1332, 1.7069, -1.2126
356.871                 ,     14, -38.1151, 1.7039, -1.2123
356.895                 ,     14, -38.0971, 1.7005, -1.2117
356.918                 ,     14, -38.0787, 1.6972, -1.2110
356.941                 ,     14, -38.0604, 1.6943, -1.2101
356.965                 ,     14, -38.0325, 1.6906, -1.2086
356.988                 ,     14, -38.0144, 1.6892, -1.2072
357.011                 ,     14, -37.9959, 1.6884, -1.2058
357.036                 ,     14, -37.9768, 1.6892, -1.2043
357.061                 ,     14, -37.9579, 1.6913, -1.2027
357.086                 ,     14, -37.9296, 1.6944, -1.2004
357.113                 ,     14, -37.9108, 1.6977, -1.1991
357.146                 ,     14, -37.8830, 1.7014, -1.1978
357.168                 ,     14, -37.8646, 1.7028, -1.1974
357.190                 ,     14, -37.8561, 1.7024, -1.1975
357.213                 ,     14, -37.8296, 1.7030, -1.1975
357.234                 ,     14, -37.8124, 1.7035, -1.1980
357.257                 ,     14, -37.8038, 1.7038, -1.1986
357.282                 ,     14, -37.7779, 1.7045, -1.1998
357.307                 ,     14, -37.7604, 1.7050, -1.2008
357.330                 ,     14, -37.7433, 1.7053, -1.2020
357.353                 ,     14, -37.7258, 1.7056, -1.2031
357.376                 ,     14, -37.7081, 1.7052, -1.2044
357.403                 ,     14, -37.6643, 1.7033, -1.2076
357.430                 ,     14, -37.6468, 1.7009, -1.2091
357.458                 ,     14, -37.6290, 1.6981, -1.2109
357.484                 ,     14, -37.6112, 1.6948, -1.2128
357.509                 ,     14, -37.5761, 1.6888, -1.2169
357.534                 ,     14, -37.5584, 1.6855, -1.2196
357.567                 ,     14, -37.5405, 1.6839, -1.2230
357.597                 ,     14, -37.5224, 1.6830, -1.2266
357.629                 ,     14, -37.4867, 1.6811, -1.2332
357.656                 ,     14, -37.4690, 1.6849, -1.2368
357.680                 ,     14, -37.4513, 1.6885, -1.2400
357.703                 ,     14, -37.4337, 1.6926, -1.2430
357.726                 ,     14, -37.4160, 1.6962, -1.2457
357.748                 ,     14, -37.3986, 1.6985, -1.2478
357.772                 ,     14, -37.3820, 1.6993, -1.2494
357.795                 ,     14, -37.3492, 1.7003, -1.2525
357.818                 ,     14, -37.3345, 1.6993, -1.2531
357.845                 ,     14, -37.3198, 1.6994, -1.2536
357.868                 ,     14, -37.3045, 1.7003, -1.2543
357.894                 ,     14, -37.2884, 1.7020, -1.2550
357.920                 ,     14, -37.2725, 1.7033, -1.2557
357.948                 ,     14, -37.2565, 1.7037, -1.2562
357.973                 ,     14, -37.2329, 1.7037, -1.2572
357.996                 ,     14, -37.2172, 1.7028, -1.2578
358.020                 ,     14, -37.2014, 1.7011, -1.2583
358.044                 ,     14, -37.1853, 1.6993, -1.2588
358.066                 ,     14, -37.1692, 1.6975, -1.2592
358.090                 ,     14, -37.1530, 1.6950, -1.2594
358.115                 ,     14, -37.1366, 1.6919, -1.2592
358.139                 ,     14, -37.1122, 1.6881, -1.2588
358.161                 ,     14, -37.0959, 1.6857, -1.2579
358.183                 ,     14, -37.0877, 1.6846, -1.2571
358.204                 ,     14, -37.0711, 1.6825, -1.2559
358.226                 ,     14, -37.0545, 1.6812, -1.2545
358.247                 ,     14, -37.0378, 1.6808, -1.2527
358.275                 ,     14, -37.0212, 1.6821, -1.2510
358.299                 ,     14, -36.9964, 1.6835, -1.2484
358.322                 ,     14, -36.9798, 1.6854, -1.2466
358.346                 ,     14, -36.9712, 1.6877, -1.2459
358.372                 ,     14, -36.9457, 1.6911, -1.2440
358.399                 ,     14, -36.9201, 1.6927, -1.2423
358.425                 ,     14, -36.9037, 1.6924, -1.2417
358.448                 ,     14, -36.8876, 1.6921, -1.2414
358.471                 ,     14, -36.8639, 1.6925, -1.2410
358.493                 ,     14, -36.8478, 1.6939, -1.2412
358.514                 ,     14, -36.8397, 1.6949, -1.2417
358.536                 ,     14, -36.8236, 1.6961, -1.2422
358.559                 ,     14, -36.8080, 1.6968, -1.2427
358.592                 ,     14, -36.7850, 1.6964, -1.2439
358.616                 ,     14, -36.7699, 1.6954, -1.2449
358.642                 ,     14, -36.7543, 1.6941, -1.2460
358.669                 ,     14, -36.7304, 1.6924, -1.2477
358.692                 ,     14, -36.7143, 1.6904, -1.2491
358.716                 ,     14, -36.6982, 1.6877, -1.2507
358.742                 ,     14, -36.6822, 1.6845, -1.2523
358.768                 ,     14, -36.6581, 1.6803, -1.2549
358.792                 ,     14, -36.6423, 1.6779, -1.2570
358.817                 ,     14, -36.6264, 1.6762, -1.2593
358.842                 ,     14, -36.6021, 1.6743, -1.2630
358.865                 ,     14, -36.5859, 1.6742, -1.2659
358.888                 ,     14, -36.5779, 1.6759, -1.2675
358.909                 ,     14, -36.5617, 1.6785, -1.2705
358.931                 ,     14, -36.5456, 1.6811, -1.2734
358.953                 ,     14, -36.5296, 1.6845, -1.2761
358.975                 ,     14, -36.5054, 1.6895, -1.2799
358.998                 ,     14, -36.4970, 1.6911, -1.2809
359.019                 ,     14, -36.4809, 1.6928, -1.2830
359.043                 ,     14, -36.4651, 1.6931, -1.2843
359.069                 ,     14, -36.4417, 1.6934, -1.2861
359.095                 ,     14, -36.4267, 1.6931, -1.2865
359.118                 ,     14, -36.4114, 1.6937, -1.2866
359.141                 ,     14, -36.3961, 1.6946, -1.2865
359.167                 ,     14, -36.3728, 1.6958, -1.2863
359.190                 ,     14, -36.3575, 1.6965, -1.2858
359.212                 ,     14, -36.3501, 1.6964, -1.2851
359.240                 ,     14, -36.3279, 1.6960, -1.2837
359.270                 ,     14, -36.3057, 1.6943, -1.2819
359.295                 ,     14, -36.2908, 1.6929, -1.2806
359.318                 ,     14, -36.2760, 1.6916, -1.2792
359.340                 ,     14, -36.2612, 1.6904, -1.2776
359.362                 ,     14, -36.2463, 1.6885, -1.2758
359.383                 ,     14, -36.2314, 1.6866, -1.2738
359.405                 ,     14, -36.2164, 1.6847, -1.2715
359.424                 ,     14, -36.2015, 1.6828, -1.2691
359.445                 ,     14, -36.1867, 1.6808, -1.2664
359.466                 ,     14, -36.1795, 1.6798, -1.2648
359.489                 ,     14, -36.1577, 1.6771, -1.2605
359.510                 ,     14, -36.1432, 1.6757, -1.2574
359.533                 ,     14, -36.1362, 1.6766, -1.2554
359.557                 ,     14, -36.1143, 1.6778, -1.2506
359.582                 ,     14, -36.0995, 1.6802, -1.2473
359.608                 ,     14, -36.0848, 1.6837, -1.2441
359.631                 ,     14, -36.0626, 1.6882, -1.2396
359.652                 ,     14, -36.0550, 1.6894, -1.2385
359.673                 ,     14, -36.0404, 1.6902, -1.2359
359.695                 ,     14, -36.0264, 1.6901, -1.2338
359.719                 ,     14, -36.0127, 1.6897, -1.2319
359.744                 ,     14, -35.9919, 1.6898, -1.2293
359.765                 ,     14, -35.9779, 1.6905, -1.2280
359.788                 ,     14, -35.9637, 1.6914, -1.2272
359.811                 ,     14, -35.9495, 1.6925, -1.2267
359.833                 ,     14, -35.9354, 1.6935, -1.2261
359.856                 ,     14, -35.9216, 1.6937, -1.2258
359.880                 ,     14, -35.9083, 1.6929, -1.2258
359.904                 ,     14, -35.8950, 1.6913, -1.2260
359.927                 ,     14, -35.8817, 1.6902, -1.2262
359.948                 ,     14, -35.8679, 1.6895, -1.2269
359.970                 ,     14, -35.8608, 1.6892, -1.2275
359.991                 ,     14, -35.8466, 1.6884, -1.2285
360.014                 ,     14, -35.8254, 1.6870, -1.2303
360.036                 ,     14, -35.8184, 1.6860, -1.2316
360.058                 ,     14, -35.8046, 1.6846, -1.2335
360.081                 ,     14, -35.7910, 1.6829, -1.2359
360.103                 ,     14, -35.7709, 1.6803, -1.2397
360.126                 ,     14, -35.7580, 1.6784, -1.2427
360.151                 ,     14, -35.7459, 1.6768, -1.2461
360.175                 ,     14, -35.7339, 1.6767, -1.2495
360.199                 ,     14, -35.7151, 1.6782, -1.2548
360.225                 ,     14, -35.7025, 1.6818, -1.2587
360.246                 ,     14, -35.6899, 1.6862, -1.2623
360.268                 ,     14, -35.6773, 1.6901, -1.2658
360.289                 ,     14, -35.6713, 1.6912, -1.2674
360.311                 ,     14, -35.6595, 1.6919, -1.2703
360.333                 ,     14, -35.6485, 1.6913, -1.2727
360.355                 ,     14, -35.6383, 1.6901, -1.2746
360.376                 ,     14, -35.6283, 1.6893, -1.2762
360.400                 ,     14, -35.6184, 1.6897, -1.2776
360.421                 ,     14, -35.6084, 1.6906, -1.2788
360.444                 ,     14, -35.5987, 1.6918, -1.2798
360.471                 ,     14, -35.5844, 1.6935, -1.2812
360.495                 ,     14, -35.5755, 1.6942, -1.2817
360.521                 ,     14, -35.5624, 1.6947, -1.2824
360.546                 ,     14, -35.5544, 1.6945, -1.2821
360.570                 ,     14, -35.5461, 1.6945, -1.2818
360.590                 ,     14, -35.5378, 1.6943, -1.2813
360.612                 ,     14, -35.5339, 1.6938, -1.2809
360.633                 ,     14, -35.5262, 1.6932, -1.2800
360.655                 ,     14, -35.5188, 1.6923, -1.2789
360.677                 ,     14, -35.5117, 1.6912, -1.2776
360.698                 ,     14, -35.5046, 1.6899, -1.2759
360.718                 ,     14, -35.4979, 1.6884, -1.2740
360.740                 ,     14, -35.4913, 1.6868, -1.2720
360.760                 ,     14, -35.4849, 1.6850, -1.2698
360.785                 ,     14, -35.4754, 1.6828, -1.2663
360.808                 ,     14, -35.4694, 1.6823, -1.2638
360.832                 ,     14, -35.4628, 1.6837, -1.2615
360.855                 ,     14, -35.4563, 1.6845, -1.2593
360.875                 ,     14, -35.4530, 1.6852, -1.2583
360.895                 ,     14, -35.4463, 1.6864, -1.2563
360.918                 ,     14, -35.4399, 1.6878, -1.2547
360.940                 ,     14, -35.4339, 1.6888, -1.2529
360.964                 ,     14, -35.4251, 1.6905, -1.2505
360.985                 ,     14, -35.4225, 1.6916, -1.2498
361.006                 ,     14, -35.4169, 1.6934, -1.2483
361.029                 ,     14, -35.4113, 1.6952, -1.2469
361.050                 ,     14, -35.4058, 1.6967, -1.2454
361.072                 ,     14, -35.4008, 1.6973, -1.2443
361.093                 ,     14, -35.3960, 1.6970, -1.2430
361.113                 ,     14, -35.3938, 1.6960, -1.2424
361.135                 ,     14, -35.3870, 1.6948, -1.2407
361.159                 ,     14, -35.3828, 1.6936, -1.2397
361.185                 ,     14, -35.3767, 1.6920, -1.2384
361.210                 ,     14, -35.3735, 1.6908, -1.2381
361.231                 ,     14, -35.3720, 1.6907, -1.2381
361.253                 ,     14, -35.3670, 1.6896, -1.2375
361.277                 ,     14, -35.3661, 1.6899, -1.2379
361.301                 ,     14, -35.3635, 1.6900, -1.2383
361.326                 ,     14, -35.3599, 1.6896, -1.2392
361.350                 ,     14, -35.3578, 1.6893, -1.2402
361.371                 ,     14, -35.3562, 1.6888, -1.2412
361.394                 ,     14, -35.3547, 1.6883, -1.2424
361.417                 ,     14, -35.3535, 1.6879, -1.2435
361.438                 ,     14, -35.3520, 1.6878, -1.2445
361.460                 ,     14, -35.3506, 1.6880, -1.2454
361.484                 ,     14, -35.3493, 1.6884, -1.2465
361.507                 ,     14, -35.3481, 1.6888, -1.2474
361.529                 ,     14, -35.3471, 1.6892, -1.2485
361.551                 ,     14, -35.3462, 1.6896, -1.2496
361.573                 ,     14, -35.3453, 1.6899, -1.2506
361.594                 ,     14, -35.3446, 1.6900, -1.2516
361.617                 ,     14, -35.3434, 1.6904, -1.2530
361.643                 ,     14, -35.3426, 1.6908, -1.2541

# --- Trial 5 start ---
371.335                 ,     15, -39.6732, 1.7270, -1.2006
371.503                 ,     15, -39.6699, 1.7268, -1.1972
371.552                 ,     15, -39.6684, 1.7271, -1.1964
371.581                 ,     15, -39.6679, 1.7272, -1.1964
371.605                 ,     15, -39.6669, 1.7274, -1.1964
371.629                 ,     15, -39.6656, 1.7276, -1.1965
371.653                 ,     15, -39.6645, 1.7275, -1.1968
371.679                 ,     15, -39.6633, 1.7275, -1.1972
371.706                 ,     15, -39.6619, 1.7273, -1.1980
371.734                 ,     15, -39.6607, 1.7270, -1.1990
371.759                 ,     15, -39.6596, 1.7269, -1.2001
371.784                 ,     15, -39.6581, 1.7269, -1.2014
371.808                 ,     15, -39.6565, 1.7270, -1.2029
371.843                 ,     15, -39.6534, 1.7269, -1.2063
371.871                 ,     15, -39.6517, 1.7271, -1.2084
371.895                 ,     15, -39.6498, 1.7272, -1.2106
371.919                 ,     15, -39.6477, 1.7271, -1.2129
371.944                 ,     15, -39.6459, 1.7265, -1.2151
371.970                 ,     15, -39.6422, 1.7253, -1.2194
371.993                 ,     15, -39.6400, 1.7239, -1.2214
372.020                 ,     15, -39.6380, 1.7216, -1.2233
372.047                 ,     15, -39.6362, 1.7192, -1.2248
372.074                 ,     15, -39.6346, 1.7168, -1.2260
372.099                 ,     15, -39.6318, 1.7122, -1.2284
372.122                 ,     15, -39.6310, 1.7098, -1.2289
372.151                 ,     15, -39.6306, 1.7079, -1.2290
372.177                 ,     15, -39.6308, 1.7072, -1.2288
372.204                 ,     15, -39.6307, 1.7075, -1.2285
372.229                 ,     15, -39.6304, 1.7089, -1.2280
372.254                 ,     15, -39.6298, 1.7105, -1.2274
372.280                 ,     15, -39.6289, 1.7126, -1.2263
372.305                 ,     15, -39.6282, 1.7140, -1.2250
372.330                 ,     15, -39.6272, 1.7149, -1.2235
372.354                 ,     15, -39.6259, 1.7158, -1.2210
372.377                 ,     15, -39.6249, 1.7157, -1.2189
372.399                 ,     15, -39.6241, 1.7152, -1.2175
372.421                 ,     15, -39.6226, 1.7150, -1.2149
372.447                 ,     15, -39.6211, 1.7145, -1.2121
372.474                 ,     15, -39.6185, 1.7139, -1.2077
372.499                 ,     15, -39.6156, 1.7132, -1.2031
372.523                 ,     15, -39.6130, 1.7121, -1.1998
372.548                 ,     15, -39.6104, 1.7105, -1.1964
372.572                 ,     15, -39.6077, 1.7083, -1.1932
372.596                 ,     15, -39.6042, 1.7069, -1.1901
372.621                 ,     15, -39.6003, 1.7058, -1.1873
372.646                 ,     15, -39.5937, 1.7043, -1.1835
372.673                 ,     15, -39.5885, 1.7040, -1.1814
372.702                 ,     15, -39.5830, 1.7045, -1.1796
372.733                 ,     15, -39.5717, 1.7046, -1.1755
372.761                 ,     15, -39.5649, 1.7045, -1.1738
372.785                 ,     15, -39.5577, 1.7041, -1.1725
372.811                 ,     15, -39.5500, 1.7035, -1.1713
372.838                 ,     15, -39.5376, 1.7025, -1.1696
372.863                 ,     15, -39.5285, 1.7014, -1.1689
372.890                 ,     15, -39.5145, 1.6992, -1.1679
372.915                 ,     15, -39.5042, 1.6975, -1.1678
372.941                 ,     15, -39.4937, 1.6954, -1.1680
372.966                 ,     15, -39.4831, 1.6936, -1.1683
372.994                 ,     15, -39.4666, 1.6912, -1.1691
373.021                 ,     15, -39.4550, 1.6904, -1.1704
373.045                 ,     15, -39.4432, 1.6902, -1.1719
373.068                 ,     15, -39.4310, 1.6910, -1.1739
373.095                 ,     15, -39.4125, 1.6923, -1.1770
373.120                 ,     15, -39.3999, 1.6944, -1.1795
373.146                 ,     15, -39.3867, 1.6976, -1.1821
373.172                 ,     15, -39.3665, 1.7021, -1.1859
373.201                 ,     15, -39.3523, 1.7057, -1.1884
373.225                 ,     15, -39.3314, 1.7094, -1.1918
373.248                 ,     15, -39.3173, 1.7106, -1.1937
373.272                 ,     15, -39.3033, 1.7103, -1.1954
373.298                 ,     15, -39.2891, 1.7101, -1.1968
373.323                 ,     15, -39.2750, 1.7105, -1.1980
373.346                 ,     15, -39.2533, 1.7119, -1.1997
373.374                 ,     15, -39.2382, 1.7129, -1.2005
373.397                 ,     15, -39.2232, 1.7140, -1.2011
373.423                 ,     15, -39.2079, 1.7147, -1.2015
373.447                 ,     15, -39.1856, 1.7145, -1.2021
373.473                 ,     15, -39.1708, 1.7130, -1.2024
373.499                 ,     15, -39.1557, 1.7108, -1.2024
373.522                 ,     15, -39.1405, 1.7084, -1.2023
373.547                 ,     15, -39.1173, 1.7050, -1.2021
373.573                 ,     15, -39.1009, 1.7022, -1.2016
373.599                 ,     15, -39.0843, 1.6992, -1.2008
373.623                 ,     15, -39.0674, 1.6966, -1.1998
373.647                 ,     15, -39.0424, 1.6933, -1.1983
373.672                 ,     15, -39.0254, 1.6921, -1.1967
373.696                 ,     15, -39.0082, 1.6915, -1.1948
373.721                 ,     15, -38.9910, 1.6916, -1.1927
373.745                 ,     15, -38.9740, 1.6934, -1.1906
373.770                 ,     15, -38.9480, 1.6960, -1.1877
373.796                 ,     15, -38.9317, 1.6984, -1.1860
373.823                 ,     15, -38.9144, 1.7012, -1.1845
373.848                 ,     15, -38.8887, 1.7038, -1.1824
373.873                 ,     15, -38.8718, 1.7043, -1.1815
373.896                 ,     15, -38.8553, 1.7045, -1.1808
373.920                 ,     15, -38.8389, 1.7045, -1.1801
373.945                 ,     15, -38.8223, 1.7050, -1.1797
373.970                 ,     15, -38.7975, 1.7062, -1.1793
373.995                 ,     15, -38.7812, 1.7069, -1.1793
374.022                 ,     15, -38.7645, 1.7074, -1.1795
374.052                 ,     15, -38.7396, 1.7077, -1.1797
374.080                 ,     15, -38.7227, 1.7071, -1.1801
374.108                 ,     15, -38.6973, 1.7056, -1.1807
374.133                 ,     15, -38.6795, 1.7040, -1.1812
374.157                 ,     15, -38.6538, 1.7016, -1.1823
374.181                 ,     15, -38.6365, 1.6989, -1.1833
374.208                 ,     15, -38.6192, 1.6957, -1.1843
374.237                 ,     15, -38.5927, 1.6917, -1.1861
374.262                 ,     15, -38.5743, 1.6895, -1.1878
374.289                 ,     15, -38.5474, 1.6874, -1.1904
374.313                 ,     15, -38.5293, 1.6866, -1.1925
374.339                 ,     15, -38.5113, 1.6860, -1.1945
374.363                 ,     15, -38.4934, 1.6875, -1.1966
374.386                 ,     15, -38.4751, 1.6898, -1.1986
374.413                 ,     15, -38.4566, 1.6930, -1.2004
374.443                 ,     15, -38.4280, 1.6980, -1.2029
374.470                 ,     15, -38.3989, 1.7018, -1.2050
374.493                 ,     15, -38.3798, 1.7033, -1.2058
374.518                 ,     15, -38.3611, 1.7046, -1.2064
374.545                 ,     15, -38.3335, 1.7064, -1.2072
374.570                 ,     15, -38.3153, 1.7076, -1.2072
374.594                 ,     15, -38.2973, 1.7088, -1.2072
374.617                 ,     15, -38.2788, 1.7101, -1.2072
374.639                 ,     15, -38.2695, 1.7106, -1.2070
374.664                 ,     15, -38.2419, 1.7115, -1.2070
374.687                 ,     15, -38.2236, 1.7110, -1.2067
374.714                 ,     15, -38.1960, 1.7096, -1.2064
374.739                 ,     15, -38.1779, 1.7071, -1.2061
374.763                 ,     15, -38.1598, 1.7045, -1.2057
374.787                 ,     15, -38.1317, 1.7008, -1.2051
374.809                 ,     15, -38.1220, 1.6986, -1.2046
374.833                 ,     15, -38.0936, 1.6941, -1.2036
374.857                 ,     15, -38.0841, 1.6924, -1.2031
374.881                 ,     15, -38.0561, 1.6889, -1.2016
374.906                 ,     15, -38.0374, 1.6870, -1.2003
374.931                 ,     15, -38.0189, 1.6858, -1.1988
374.959                 ,     15, -37.9913, 1.6870, -1.1967
374.987                 ,     15, -37.9734, 1.6903, -1.1951
375.013                 ,     15, -37.9459, 1.6952, -1.1932
375.040                 ,     15, -37.9274, 1.6984, -1.1923
375.067                 ,     15, -37.9092, 1.7004, -1.1919
375.093                 ,     15, -37.8824, 1.7022, -1.1916
375.116                 ,     15, -37.8648, 1.7025, -1.1920
375.143                 ,     15, -37.8472, 1.7036, -1.1930
375.169                 ,     15, -37.8206, 1.7056, -1.1943
375.197                 ,     15, -37.8026, 1.7065, -1.1958
375.223                 ,     15, -37.7757, 1.7074, -1.1978
375.248                 ,     15, -37.7579, 1.7068, -1.1993
375.271                 ,     15, -37.7490, 1.7058, -1.2003
375.295                 ,     15, -37.7225, 1.7037, -1.2027
375.320                 ,     15, -37.7048, 1.7012, -1.2045
375.352                 ,     15, -37.6774, 1.6977, -1.2075
375.384                 ,     15, -37.6500, 1.6936, -1.2106
375.411                 ,     15, -37.6224, 1.6895, -1.2142
375.436                 ,     15, -37.6037, 1.6869, -1.2170
375.460                 ,     15, -37.5853, 1.6851, -1.2202
375.484                 ,     15, -37.5665, 1.6838, -1.2234
375.508                 ,     15, -37.5478, 1.6820, -1.2267
375.532                 ,     15, -37.5203, 1.6807, -1.2317
375.556                 ,     15, -37.5023, 1.6842, -1.2351
375.581                 ,     15, -37.4851, 1.6878, -1.2383
375.605                 ,     15, -37.4664, 1.6922, -1.2414
375.632                 ,     15, -37.4471, 1.6955, -1.2440
375.658                 ,     15, -37.4196, 1.6978, -1.2473
375.683                 ,     15, -37.4020, 1.6991, -1.2485
375.708                 ,     15, -37.3848, 1.7000, -1.2497
375.733                 ,     15, -37.3588, 1.7027, -1.2517
375.756                 ,     15, -37.3415, 1.7049, -1.2526
375.779                 ,     15, -37.3244, 1.7070, -1.2535
375.802                 ,     15, -37.3079, 1.7088, -1.2543
375.825                 ,     15, -37.2916, 1.7098, -1.2550
375.850                 ,     15, -37.2757, 1.7096, -1.2558
375.876                 ,     15, -37.2599, 1.7081, -1.2565
375.900                 ,     15, -37.2359, 1.7054, -1.2576
375.924                 ,     15, -37.2199, 1.7030, -1.2582
375.949                 ,     15, -37.2036, 1.7005, -1.2587
375.976                 ,     15, -37.1874, 1.6975, -1.2589
376.001                 ,     15, -37.1630, 1.6934, -1.2589
376.027                 ,     15, -37.1465, 1.6910, -1.2584
376.052                 ,     15, -37.1298, 1.6896, -1.2575
376.076                 ,     15, -37.1130, 1.6888, -1.2562
376.100                 ,     15, -37.0964, 1.6880, -1.2548
376.124                 ,     15, -37.0882, 1.6882, -1.2536
376.148                 ,     15, -37.0634, 1.6890, -1.2513
376.174                 ,     15, -37.0469, 1.6902, -1.2494
376.201                 ,     15, -37.0307, 1.6914, -1.2475
376.228                 ,     15, -37.0062, 1.6938, -1.2449
376.255                 ,     15, -36.9898, 1.6948, -1.2434
376.281                 ,     15, -36.9567, 1.6964, -1.2407
376.303                 ,     15, -36.9403, 1.6966, -1.2397
376.329                 ,     15, -36.9242, 1.6967, -1.2392
376.356                 ,     15, -36.8919, 1.6985, -1.2382
376.380                 ,     15, -36.8754, 1.7002, -1.2384
376.408                 ,     15, -36.8594, 1.7016, -1.2389
376.430                 ,     15, -36.8432, 1.7029, -1.2394
376.452                 ,     15, -36.8268, 1.7034, -1.2401
376.477                 ,     15, -36.8106, 1.7030, -1.2410
376.505                 ,     15, -36.7937, 1.7013, -1.2420
376.530                 ,     15, -36.7767, 1.6993, -1.2431
376.555                 ,     15, -36.7598, 1.6966, -1.2443
376.579                 ,     15, -36.7427, 1.6939, -1.2456
376.603                 ,     15, -36.7093, 1.6886, -1.2483
376.627                 ,     15, -36.6924, 1.6857, -1.2502
376.655                 ,     15, -36.6756, 1.6828, -1.2525
376.682                 ,     15, -36.6586, 1.6804, -1.2548
376.708                 ,     15, -36.6416, 1.6788, -1.2575
376.731                 ,     15, -36.6250, 1.6773, -1.2601
376.755                 ,     15, -36.6083, 1.6771, -1.2626
376.779                 ,     15, -36.5914, 1.6797, -1.2652
376.806                 ,     15, -36.5744, 1.6828, -1.2676
376.831                 ,     15, -36.5573, 1.6864, -1.2698
376.853                 ,     15, -36.5403, 1.6898, -1.2720
376.876                 ,     15, -36.5235, 1.6924, -1.2737
376.896                 ,     15, -36.5065, 1.6940, -1.2752
376.917                 ,     15, -36.4901, 1.6944, -1.2763
376.938                 ,     15, -36.4742, 1.6946, -1.2769
376.960                 ,     15, -36.4670, 1.6944, -1.2767
376.981                 ,     15, -36.4513, 1.6952, -1.2769
377.004                 ,     15, -36.4273, 1.6971, -1.2770
377.028                 ,     15, -36.4112, 1.6982, -1.2767
377.050                 ,     15, -36.3951, 1.6992, -1.2762
377.073                 ,     15, -36.3792, 1.6996, -1.2755
377.095                 ,     15, -36.3636, 1.6994, -1.2746
377.119                 ,     15, -36.3484, 1.6980, -1.2735
377.144                 ,     15, -36.3332, 1.6962, -1.2722
377.168                 ,     15, -36.3100, 1.6941, -1.2703
377.189                 ,     15, -36.2943, 1.6924, -1.2688
377.211                 ,     15, -36.2863, 1.6913, -1.2678
377.234                 ,     15, -36.2630, 1.6885, -1.2652
377.257                 ,     15, -36.2550, 1.6872, -1.2639
377.281                 ,     15, -36.2315, 1.6842, -1.2606
377.307                 ,     15, -36.2158, 1.6823, -1.2579
377.333                 ,     15, -36.1924, 1.6797, -1.2539
377.359                 ,     15, -36.1770, 1.6779, -1.2508
377.382                 ,     15, -36.1619, 1.6766, -1.2475
377.408                 ,     15, -36.1469, 1.6768, -1.2442
377.434                 ,     15, -36.1242, 1.6775, -1.2392
377.459                 ,     15, -36.1091, 1.6798, -1.2358
377.480                 ,     15, -36.1015, 1.6818, -1.2344
377.503                 ,     15, -36.0791, 1.6846, -1.2302
377.526                 ,     15, -36.0718, 1.6852, -1.2294
377.552                 ,     15, -36.0504, 1.6864, -1.2261
377.575                 ,     15, -36.0296, 1.6875, -1.2233
377.599                 ,     15, -36.0161, 1.6887, -1.2221
377.625                 ,     15, -36.0025, 1.6908, -1.2213
377.649                 ,     15, -35.9888, 1.6925, -1.2207
377.674                 ,     15, -35.9752, 1.6937, -1.2202
377.702                 ,     15, -35.9552, 1.6949, -1.2196
377.729                 ,     15, -35.9424, 1.6946, -1.2197
377.755                 ,     15, -35.9296, 1.6937, -1.2196
377.779                 ,     15, -35.9168, 1.6927, -1.2197
377.805                 ,     15, -35.8970, 1.6916, -1.2197
377.830                 ,     15, -35.8838, 1.6908, -1.2201
377.855                 ,     15, -35.8704, 1.6896, -1.2207
377.877                 ,     15, -35.8511, 1.6877, -1.2218
377.902                 ,     15, -35.8379, 1.6856, -1.2231
377.930                 ,     15, -35.8251, 1.6834, -1.2249
377.958                 ,     15, -35.7995, 1.6794, -1.2285
377.982                 ,     15, -35.7869, 1.6769, -1.2311
378.005                 ,     15, -35.7745, 1.6748, -1.2340
378.027                 ,     15, -35.7620, 1.6731, -1.2371
378.046                 ,     15, -35.7498, 1.6734, -1.2403
378.068                 ,     15, -35.7374, 1.6753, -1.2437
378.090                 ,     15, -35.7258, 1.6769, -1.2468
378.114                 ,     15, -35.7141, 1.6806, -1.2500
378.141                 ,     15, -35.7026, 1.6852, -1.2527
378.162                 ,     15, -35.6908, 1.6882, -1.2552
378.184                 ,     15, -35.6792, 1.6903, -1.2574
378.206                 ,     15, -35.6679, 1.6911, -1.2594
378.227                 ,     15, -35.6569, 1.6909, -1.2612
378.250                 ,     15, -35.6466, 1.6898, -1.2626
378.272                 ,     15, -35.6363, 1.6889, -1.2635
378.294                 ,     15, -35.6261, 1.6885, -1.2642
378.315                 ,     15, -35.6157, 1.6894, -1.2648
378.339                 ,     15, -35.6055, 1.6907, -1.2650
378.362                 ,     15, -35.5956, 1.6921, -1.2650
378.384                 ,     15, -35.5859, 1.6936, -1.2648
378.408                 ,     15, -35.5763, 1.6947, -1.2644
378.435                 ,     15, -35.5719, 1.6950, -1.2638
378.461                 ,     15, -35.5578, 1.6960, -1.2629
378.482                 ,     15, -35.5485, 1.6963, -1.2623
378.504                 ,     15, -35.5439, 1.6958, -1.2617
378.526                 ,     15, -35.5349, 1.6952, -1.2607
378.549                 ,     15, -35.5263, 1.6941, -1.2596
378.571                 ,     15, -35.5133, 1.6926, -1.2579
378.593                 ,     15, -35.5095, 1.6916, -1.2570
378.615                 ,     15, -35.5013, 1.6901, -1.2553
378.636                 ,     15, -35.4932, 1.6886, -1.2533
378.658                 ,     15, -35.4853, 1.6873, -1.2514
378.680                 ,     15, -35.4778, 1.6861, -1.2491
378.702                 ,     15, -35.4702, 1.6860, -1.2469
378.728                 ,     15, -35.4587, 1.6866, -1.2437
378.757                 ,     15, -35.4474, 1.6867, -1.2404
378.780                 ,     15, -35.4402, 1.6864, -1.2383
378.804                 ,     15, -35.4335, 1.6863, -1.2367
378.826                 ,     15, -35.4267, 1.6868, -1.2353
378.849                 ,     15, -35.4202, 1.6869, -1.2343
378.871                 ,     15, -35.4135, 1.6871, -1.2334
378.897                 ,     15, -35.4070, 1.6875, -1.2328
378.922                 ,     15, -35.4008, 1.6879, -1.2326
378.944                 ,     15, -35.3917, 1.6886, -1.2321
378.966                 ,     15, -35.3892, 1.6896, -1.2325
378.989                 ,     15, -35.3838, 1.6906, -1.2327
379.011                 ,     15, -35.3758, 1.6918, -1.2330
379.033                 ,     15, -35.3737, 1.6921, -1.2333
379.054                 ,     15, -35.3691, 1.6925, -1.2337
379.076                 ,     15, -35.3650, 1.6925, -1.2343
379.097                 ,     15, -35.3611, 1.6922, -1.2349
379.118                 ,     15, -35.3573, 1.6915, -1.2357
379.141                 ,     15, -35.3540, 1.6903, -1.2365
379.162                 ,     15, -35.3515, 1.6887, -1.2375
379.183                 ,     15, -35.3494, 1.6874, -1.2385
379.204                 ,     15, -35.3474, 1.6864, -1.2396
379.224                 ,     15, -35.3457, 1.6862, -1.2407
379.245                 ,     15, -35.3449, 1.6871, -1.2413
379.266                 ,     15, -35.3431, 1.6876, -1.2422
379.286                 ,     15, -35.3415, 1.6880, -1.2434
379.307                 ,     15, -35.3402, 1.6881, -1.2444
379.327                 ,     15, -35.3389, 1.6879, -1.2456
379.348                 ,     15, -35.3378, 1.6875, -1.2465
379.371                 ,     15, -35.3368, 1.6871, -1.2476
379.394                 ,     15, -35.3356, 1.6872, -1.2490
379.413                 ,     15, -35.3343, 1.6875, -1.2502
379.438                 ,     15, -35.3331, 1.6880, -1.2516
379.458                 ,     15, -35.3325, 1.6884, -1.2522
379.479                 ,     15, -35.3313, 1.6890, -1.2535
379.501                 ,     15, -35.3296, 1.6895, -1.2553
379.526                 ,     15, -35.3287, 1.6895, -1.2562
379.549                 ,     15, -35.3276, 1.6895, -1.2571
379.572                 ,     15, -35.3265, 1.6897, -1.2579
379.594                 ,     15, -35.3253, 1.6897, -1.2586
379.615                 ,     15, -35.3241, 1.6900, -1.2594
379.637                 ,     15, -35.3230, 1.6903, -1.2599
379.658                 ,     15, -35.3226, 1.6902, -1.2600
379.680                 ,     15, -35.3217, 1.6902, -1.2604

# --- Trial 6 start ---  (crashed)

# --- Trial 1 start ---
40.251                  ,     1, -39.5664, 1.7325, -1.0981
40.450                  ,     1, -39.5666, 1.7334, -1.0980
40.504                  ,     1, -39.5667, 1.7332, -1.0978
40.528                  ,     1, -39.5670, 1.7330, -1.0975
40.549                  ,     1, -39.5671, 1.7330, -1.0974
40.574                  ,     1, -39.5672, 1.7328, -1.0971
40.599                  ,     1, -39.5674, 1.7325, -1.0970
40.621                  ,     1, -39.5675, 1.7324, -1.0968
40.650                  ,     1, -39.5675, 1.7323, -1.0967
40.675                  ,     1, -39.5674, 1.7321, -1.0966
40.699                  ,     1, -39.5673, 1.7320, -1.0966
40.722                  ,     1, -39.5671, 1.7319, -1.0966
40.744                  ,     1, -39.5669, 1.7318, -1.0967
40.768                  ,     1, -39.5666, 1.7317, -1.0968
40.791                  ,     1, -39.5662, 1.7318, -1.0971
40.816                  ,     1, -39.5657, 1.7320, -1.0976
40.840                  ,     1, -39.5650, 1.7321, -1.0982
40.864                  ,     1, -39.5643, 1.7321, -1.0988
40.886                  ,     1, -39.5636, 1.7323, -1.0995
40.907                  ,     1, -39.5626, 1.7324, -1.1003
40.930                  ,     1, -39.5617, 1.7326, -1.1013
40.953                  ,     1, -39.5604, 1.7328, -1.1023
40.978                  ,     1, -39.5591, 1.7329, -1.1035
41.002                  ,     1, -39.5577, 1.7328, -1.1046
41.026                  ,     1, -39.5552, 1.7327, -1.1069
41.048                  ,     1, -39.5537, 1.7325, -1.1083
41.073                  ,     1, -39.5524, 1.7323, -1.1097
41.097                  ,     1, -39.5510, 1.7314, -1.1111
41.120                  ,     1, -39.5503, 1.7306, -1.1119
41.142                  ,     1, -39.5496, 1.7298, -1.1127
41.168                  ,     1, -39.5473, 1.7278, -1.1149
41.190                  ,     1, -39.5455, 1.7260, -1.1163
41.211                  ,     1, -39.5436, 1.7243, -1.1176
41.234                  ,     1, -39.5408, 1.7219, -1.1193
41.255                  ,     1, -39.5398, 1.7213, -1.1197
41.277                  ,     1, -39.5379, 1.7202, -1.1206
41.302                  ,     1, -39.5352, 1.7182, -1.1217
41.325                  ,     1, -39.5339, 1.7168, -1.1221
41.348                  ,     1, -39.5327, 1.7154, -1.1224
41.373                  ,     1, -39.5315, 1.7136, -1.1228
41.395                  ,     1, -39.5311, 1.7129, -1.1227
41.418                  ,     1, -39.5313, 1.7130, -1.1225
41.442                  ,     1, -39.5307, 1.7129, -1.1221
41.465                  ,     1, -39.5304, 1.7139, -1.1215
41.487                  ,     1, -39.5303, 1.7148, -1.1208
41.512                  ,     1, -39.5295, 1.7159, -1.1196
41.535                  ,     1, -39.5292, 1.7162, -1.1186
41.558                  ,     1, -39.5284, 1.7168, -1.1166
41.581                  ,     1, -39.5275, 1.7170, -1.1139
41.605                  ,     1, -39.5270, 1.7168, -1.1126
41.631                  ,     1, -39.5258, 1.7166, -1.1091
41.655                  ,     1, -39.5246, 1.7163, -1.1065
41.678                  ,     1, -39.5231, 1.7164, -1.1037
41.701                  ,     1, -39.5217, 1.7163, -1.1007
41.723                  ,     1, -39.5200, 1.7160, -1.0976
41.747                  ,     1, -39.5179, 1.7154, -1.0945
41.771                  ,     1, -39.5154, 1.7142, -1.0914
41.796                  ,     1, -39.5113, 1.7114, -1.0869
41.822                  ,     1, -39.5081, 1.7089, -1.0844
41.847                  ,     1, -39.5041, 1.7079, -1.0820
41.869                  ,     1, -39.4997, 1.7081, -1.0803
41.893                  ,     1, -39.4951, 1.7085, -1.0786
41.916                  ,     1, -39.4900, 1.7092, -1.0771
41.939                  ,     1, -39.4846, 1.7103, -1.0758
41.963                  ,     1, -39.4765, 1.7118, -1.0740
41.985                  ,     1, -39.4733, 1.7124, -1.0738
42.009                  ,     1, -39.4645, 1.7132, -1.0722
42.032                  ,     1, -39.4610, 1.7130, -1.0718
42.057                  ,     1, -39.4510, 1.7131, -1.0706
42.079                  ,     1, -39.4438, 1.7128, -1.0701
42.102                  ,     1, -39.4364, 1.7121, -1.0699
42.126                  ,     1, -39.4247, 1.7108, -1.0696
42.151                  ,     1, -39.4164, 1.7094, -1.0699
42.175                  ,     1, -39.4080, 1.7079, -1.0704
42.198                  ,     1, -39.3992, 1.7065, -1.0713
42.223                  ,     1, -39.3856, 1.7048, -1.0731
42.245                  ,     1, -39.3761, 1.7043, -1.0747
42.269                  ,     1, -39.3662, 1.7042, -1.0769
42.294                  ,     1, -39.3566, 1.7047, -1.0794
42.320                  ,     1, -39.3411, 1.7056, -1.0834
42.343                  ,     1, -39.3354, 1.7065, -1.0857
42.366                  ,     1, -39.3189, 1.7088, -1.0908
42.389                  ,     1, -39.3074, 1.7115, -1.0947
42.411                  ,     1, -39.3009, 1.7138, -1.0970
42.434                  ,     1, -39.2833, 1.7179, -1.1027
42.458                  ,     1, -39.2709, 1.7203, -1.1066
42.481                  ,     1, -39.2587, 1.7219, -1.1102
42.505                  ,     1, -39.2523, 1.7214, -1.1119
42.532                  ,     1, -39.2348, 1.7206, -1.1166
42.557                  ,     1, -39.2234, 1.7197, -1.1193
42.579                  ,     1, -39.2121, 1.7192, -1.1217
42.602                  ,     1, -39.2007, 1.7196, -1.1237
42.627                  ,     1, -39.1832, 1.7207, -1.1266
42.652                  ,     1, -39.1714, 1.7221, -1.1281
42.673                  ,     1, -39.1653, 1.7231, -1.1286
42.697                  ,     1, -39.1476, 1.7245, -1.1309
42.719                  ,     1, -39.1414, 1.7245, -1.1316
42.742                  ,     1, -39.1293, 1.7245, -1.1330
42.765                  ,     1, -39.1108, 1.7241, -1.1351
42.790                  ,     1, -39.0981, 1.7233, -1.1362
42.816                  ,     1, -39.0850, 1.7225, -1.1373
42.840                  ,     1, -39.0717, 1.7214, -1.1383
42.861                  ,     1, -39.0581, 1.7196, -1.1391
42.883                  ,     1, -39.0511, 1.7184, -1.1392
42.906                  ,     1, -39.0305, 1.7159, -1.1400
42.926                  ,     1, -39.0233, 1.7150, -1.1400
42.951                  ,     1, -39.0022, 1.7126, -1.1401
42.972                  ,     1, -38.9951, 1.7119, -1.1397
42.992                  ,     1, -38.9807, 1.7106, -1.1394
43.014                  ,     1, -38.9663, 1.7093, -1.1387
43.035                  ,     1, -38.9519, 1.7082, -1.1376
43.057                  ,     1, -38.9374, 1.7083, -1.1365
43.079                  ,     1, -38.9225, 1.7092, -1.1353
43.100                  ,     1, -38.9080, 1.7099, -1.1340
43.122                  ,     1, -38.8932, 1.7115, -1.1327
43.144                  ,     1, -38.8782, 1.7138, -1.1314
43.164                  ,     1, -38.8631, 1.7160, -1.1302
43.189                  ,     1, -38.8480, 1.7172, -1.1292
43.212                  ,     1, -38.8331, 1.7173, -1.1284
43.234                  ,     1, -38.8185, 1.7166, -1.1278
43.258                  ,     1, -38.8040, 1.7161, -1.1274
43.283                  ,     1, -38.7819, 1.7163, -1.1269
43.305                  ,     1, -38.7672, 1.7171, -1.1268
43.328                  ,     1, -38.7598, 1.7178, -1.1270
43.351                  ,     1, -38.7451, 1.7188, -1.1272
43.373                  ,     1, -38.7303, 1.7197, -1.1275
43.395                  ,     1, -38.7153, 1.7205, -1.1279
43.420                  ,     1, -38.6930, 1.7207, -1.1286
43.444                  ,     1, -38.6781, 1.7198, -1.1292
43.467                  ,     1, -38.6629, 1.7187, -1.1299
43.488                  ,     1, -38.6476, 1.7175, -1.1307
43.509                  ,     1, -38.6321, 1.7159, -1.1315
43.532                  ,     1, -38.6241, 1.7145, -1.1321
43.555                  ,     1, -38.6004, 1.7112, -1.1338
43.580                  ,     1, -38.5843, 1.7084, -1.1353
43.604                  ,     1, -38.5604, 1.7042, -1.1377
43.627                  ,     1, -38.5443, 1.7019, -1.1398
43.649                  ,     1, -38.5360, 1.7014, -1.1411
43.672                  ,     1, -38.5196, 1.7001, -1.1436
43.694                  ,     1, -38.4948, 1.6991, -1.1476
43.717                  ,     1, -38.4865, 1.6997, -1.1494
43.740                  ,     1, -38.4614, 1.7018, -1.1539
43.761                  ,     1, -38.4530, 1.7032, -1.1557
43.784                  ,     1, -38.4279, 1.7056, -1.1602
43.807                  ,     1, -38.4114, 1.7082, -1.1631
43.830                  ,     1, -38.3945, 1.7106, -1.1657
43.852                  ,     1, -38.3860, 1.7111, -1.1668
43.876                  ,     1, -38.3691, 1.7118, -1.1689
43.902                  ,     1, -38.3441, 1.7129, -1.1716
43.925                  ,     1, -38.3278, 1.7133, -1.1730
43.949                  ,     1, -38.3038, 1.7142, -1.1747
43.971                  ,     1, -38.2880, 1.7153, -1.1755
43.993                  ,     1, -38.2722, 1.7164, -1.1762
44.014                  ,     1, -38.2645, 1.7169, -1.1764
44.037                  ,     1, -38.2489, 1.7178, -1.1771
44.060                  ,     1, -38.2254, 1.7187, -1.1779
44.082                  ,     1, -38.2100, 1.7184, -1.1783
44.107                  ,     1, -38.1944, 1.7175, -1.1787
44.128                  ,     1, -38.1787, 1.7162, -1.1791
44.148                  ,     1, -38.1707, 1.7150, -1.1792
44.168                  ,     1, -38.1548, 1.7132, -1.1794
44.190                  ,     1, -38.1389, 1.7110, -1.1795
44.211                  ,     1, -38.1231, 1.7085, -1.1796
44.231                  ,     1, -38.1072, 1.7059, -1.1794
44.256                  ,     1, -38.0910, 1.7032, -1.1790
44.277                  ,     1, -38.0750, 1.7009, -1.1784
44.299                  ,     1, -38.0588, 1.6990, -1.1777
44.319                  ,     1, -38.0423, 1.6975, -1.1767
44.340                  ,     1, -38.0259, 1.6971, -1.1755
44.360                  ,     1, -38.0177, 1.6979, -1.1748
44.381                  ,     1, -38.0012, 1.6988, -1.1736
44.404                  ,     1, -37.9766, 1.7004, -1.1718
44.427                  ,     1, -37.9683, 1.7020, -1.1711
44.450                  ,     1, -37.9434, 1.7049, -1.1694
44.472                  ,     1, -37.9350, 1.7058, -1.1692
44.495                  ,     1, -37.9185, 1.7067, -1.1687
44.516                  ,     1, -37.9021, 1.7068, -1.1685
44.538                  ,     1, -37.8859, 1.7069, -1.1685
44.560                  ,     1, -37.8699, 1.7071, -1.1688
44.581                  ,     1, -37.8539, 1.7079, -1.1693
44.603                  ,     1, -37.8379, 1.7090, -1.1700
44.626                  ,     1, -37.8138, 1.7106, -1.1711
44.648                  ,     1, -37.8057, 1.7114, -1.1718
44.672                  ,     1, -37.7820, 1.7129, -1.1734
44.696                  ,     1, -37.7664, 1.7132, -1.1747
44.718                  ,     1, -37.7588, 1.7127, -1.1757
44.740                  ,     1, -37.7350, 1.7117, -1.1779
44.762                  ,     1, -37.7271, 1.7107, -1.1789
44.784                  ,     1, -37.7111, 1.7092, -1.1809
44.805                  ,     1, -37.6869, 1.7068, -1.1837
44.828                  ,     1, -37.6789, 1.7053, -1.1849
44.852                  ,     1, -37.6547, 1.7018, -1.1883
44.875                  ,     1, -37.6386, 1.6994, -1.1909
44.898                  ,     1, -37.6223, 1.6973, -1.1937
44.920                  ,     1, -37.6062, 1.6959, -1.1969
44.942                  ,     1, -37.5980, 1.6956, -1.1987
44.964                  ,     1, -37.5736, 1.6942, -1.2035
44.989                  ,     1, -37.5573, 1.6949, -1.2067
45.014                  ,     1, -37.5411, 1.6971, -1.2100
45.036                  ,     1, -37.5171, 1.6995, -1.2144
45.059                  ,     1, -37.5013, 1.7022, -1.2171
45.083                  ,     1, -37.4851, 1.7053, -1.2197
45.105                  ,     1, -37.4686, 1.7076, -1.2220
45.126                  ,     1, -37.4523, 1.7088, -1.2239
45.148                  ,     1, -37.4443, 1.7082, -1.2244
45.170                  ,     1, -37.4286, 1.7080, -1.2257
45.191                  ,     1, -37.4131, 1.7076, -1.2268
45.214                  ,     1, -37.3978, 1.7076, -1.2275
45.236                  ,     1, -37.3746, 1.7081, -1.2283
45.258                  ,     1, -37.3670, 1.7084, -1.2281
45.279                  ,     1, -37.3514, 1.7093, -1.2281
45.302                  ,     1, -37.3283, 1.7105, -1.2277
45.324                  ,     1, -37.3128, 1.7108, -1.2271
45.345                  ,     1, -37.3050, 1.7103, -1.2265
45.366                  ,     1, -37.2892, 1.7096, -1.2257
45.386                  ,     1, -37.2736, 1.7084, -1.2248
45.408                  ,     1, -37.2580, 1.7069, -1.2238
45.429                  ,     1, -37.2423, 1.7051, -1.2226
45.449                  ,     1, -37.2342, 1.7040, -1.2219
45.469                  ,     1, -37.2183, 1.7022, -1.2206
45.490                  ,     1, -37.2023, 1.7002, -1.2191
45.511                  ,     1, -37.1861, 1.6983, -1.2175
45.535                  ,     1, -37.1616, 1.6954, -1.2148
45.557                  ,     1, -37.1533, 1.6943, -1.2135
45.578                  ,     1, -37.1367, 1.6926, -1.2113
45.601                  ,     1, -37.1202, 1.6913, -1.2088
45.625                  ,     1, -37.0953, 1.6902, -1.2049
45.650                  ,     1, -37.0784, 1.6915, -1.2020
45.673                  ,     1, -37.0618, 1.6928, -1.1991
45.694                  ,     1, -37.0536, 1.6939, -1.1976
45.716                  ,     1, -37.0369, 1.6960, -1.1949
45.738                  ,     1, -37.0119, 1.6988, -1.1910
45.759                  ,     1, -37.0038, 1.6991, -1.1900
45.784                  ,     1, -36.9794, 1.6996, -1.1868
45.806                  ,     1, -36.9638, 1.6992, -1.1852
45.827                  ,     1, -36.9483, 1.6989, -1.1838
45.848                  ,     1, -36.9407, 1.6991, -1.1835
45.870                  ,     1, -36.9173, 1.7003, -1.1818
45.893                  ,     1, -36.9098, 1.7009, -1.1817
45.917                  ,     1, -36.8866, 1.7022, -1.1807
45.941                  ,     1, -36.8713, 1.7029, -1.1805
45.966                  ,     1, -36.8560, 1.7032, -1.1805
45.988                  ,     1, -36.8407, 1.7030, -1.1806
46.009                  ,     1, -36.8253, 1.7024, -1.1809
46.030                  ,     1, -36.8099, 1.7017, -1.1812
46.052                  ,     1, -36.7944, 1.7006, -1.1816
46.073                  ,     1, -36.7789, 1.6994, -1.1822
46.095                  ,     1, -36.7710, 1.6983, -1.1826
46.117                  ,     1, -36.7474, 1.6957, -1.1835
46.138                  ,     1, -36.7396, 1.6943, -1.1840
46.160                  ,     1, -36.7161, 1.6910, -1.1854
46.182                  ,     1, -36.7081, 1.6899, -1.1861
46.204                  ,     1, -36.6844, 1.6873, -1.1880
46.226                  ,     1, -36.6765, 1.6871, -1.1889
46.252                  ,     1, -36.6524, 1.6860, -1.1914
46.275                  ,     1, -36.6366, 1.6859, -1.1934
46.295                  ,     1, -36.6208, 1.6873, -1.1954
46.317                  ,     1, -36.6128, 1.6889, -1.1964
46.337                  ,     1, -36.5893, 1.6917, -1.1992
46.357                  ,     1, -36.5815, 1.6935, -1.2001
46.378                  ,     1, -36.5659, 1.6964, -1.2019
46.402                  ,     1, -36.5503, 1.6985, -1.2034
46.423                  ,     1, -36.5347, 1.6997, -1.2047
46.445                  ,     1, -36.5194, 1.7004, -1.2057
46.465                  ,     1, -36.5043, 1.7011, -1.2065
46.485                  ,     1, -36.4897, 1.7015, -1.2070
46.506                  ,     1, -36.4753, 1.7021, -1.2073
46.527                  ,     1, -36.4683, 1.7025, -1.2073
46.549                  ,     1, -36.4468, 1.7035, -1.2076
46.571                  ,     1, -36.4328, 1.7041, -1.2076
46.593                  ,     1, -36.4190, 1.7047, -1.2077
46.613                  ,     1, -36.4122, 1.7047, -1.2077
46.633                  ,     1, -36.3984, 1.7048, -1.2077
46.653                  ,     1, -36.3846, 1.7046, -1.2076
46.673                  ,     1, -36.3709, 1.7039, -1.2076
46.693                  ,     1, -36.3639, 1.7031, -1.2076
46.714                  ,     1, -36.3502, 1.7020, -1.2077
46.736                  ,     1, -36.3363, 1.7009, -1.2077
46.758                  ,     1, -36.3225, 1.6996, -1.2075
46.781                  ,     1, -36.3016, 1.6974, -1.2071
46.802                  ,     1, -36.2948, 1.6966, -1.2068
46.825                  ,     1, -36.2810, 1.6953, -1.2061
46.847                  ,     1, -36.2675, 1.6939, -1.2051
46.870                  ,     1, -36.2542, 1.6924, -1.2042
46.892                  ,     1, -36.2409, 1.6909, -1.2031
46.913                  ,     1, -36.2277, 1.6897, -1.2019
46.933                  ,     1, -36.2143, 1.6893, -1.2005
46.956                  ,     1, -36.2011, 1.6901, -1.1990
46.977                  ,     1, -36.1879, 1.6912, -1.1974
46.997                  ,     1, -36.1750, 1.6929, -1.1957
47.018                  ,     1, -36.1685, 1.6943, -1.1949
47.040                  ,     1, -36.1554, 1.6964, -1.1933
47.062                  ,     1, -36.1423, 1.6981, -1.1918
47.084                  ,     1, -36.1294, 1.6989, -1.1906
47.105                  ,     1, -36.1167, 1.6987, -1.1896
47.127                  ,     1, -36.1043, 1.6982, -1.1888
47.148                  ,     1, -36.0919, 1.6977, -1.1882
47.170                  ,     1, -36.0797, 1.6975, -1.1876
47.192                  ,     1, -36.0674, 1.6978, -1.1872
47.218                  ,     1, -36.0489, 1.6994, -1.1868
47.244                  ,     1, -36.0368, 1.7007, -1.1867
47.267                  ,     1, -36.0247, 1.7017, -1.1866
47.288                  ,     1, -36.0127, 1.7023, -1.1866
47.309                  ,     1, -36.0008, 1.7023, -1.1866
47.329                  ,     1, -35.9890, 1.7018, -1.1866
47.350                  ,     1, -35.9831, 1.7011, -1.1866
47.371                  ,     1, -35.9651, 1.7002, -1.1867
47.392                  ,     1, -35.9591, 1.6996, -1.1868
47.414                  ,     1, -35.9410, 1.6982, -1.1869
47.435                  ,     1, -35.9349, 1.6971, -1.1871
47.456                  ,     1, -35.9228, 1.6955, -1.1874
47.476                  ,     1, -35.9108, 1.6937, -1.1879
47.496                  ,     1, -35.8986, 1.6920, -1.1886
47.516                  ,     1, -35.8924, 1.6911, -1.1892
47.537                  ,     1, -35.8802, 1.6897, -1.1902
47.557                  ,     1, -35.8679, 1.6885, -1.1914
47.577                  ,     1, -35.8557, 1.6872, -1.1929
47.598                  ,     1, -35.8433, 1.6862, -1.1945
47.617                  ,     1, -35.8310, 1.6850, -1.1963
47.636                  ,     1, -35.8251, 1.6848, -1.1974
47.656                  ,     1, -35.8129, 1.6851, -1.1994
47.678                  ,     1, -35.8007, 1.6862, -1.2017
47.700                  ,     1, -35.7887, 1.6878, -1.2039
47.722                  ,     1, -35.7766, 1.6903, -1.2060
47.742                  ,     1, -35.7646, 1.6929, -1.2081
47.761                  ,     1, -35.7526, 1.6955, -1.2103
47.780                  ,     1, -35.7466, 1.6965, -1.2114
47.799                  ,     1, -35.7347, 1.6976, -1.2133
47.819                  ,     1, -35.7233, 1.6978, -1.2150
47.839                  ,     1, -35.7124, 1.6967, -1.2167
47.859                  ,     1, -35.7073, 1.6957, -1.2174
47.881                  ,     1, -35.6967, 1.6948, -1.2188
47.902                  ,     1, -35.6861, 1.6941, -1.2203
47.923                  ,     1, -35.6758, 1.6940, -1.2216
47.943                  ,     1, -35.6655, 1.6947, -1.2228
47.965                  ,     1, -35.6555, 1.6957, -1.2237
47.985                  ,     1, -35.6456, 1.6968, -1.2246
48.007                  ,     1, -35.6358, 1.6981, -1.2254
48.027                  ,     1, -35.6310, 1.6989, -1.2255
48.048                  ,     1, -35.6213, 1.7000, -1.2260
48.070                  ,     1, -35.6069, 1.7013, -1.2264
48.091                  ,     1, -35.6023, 1.7011, -1.2261
48.111                  ,     1, -35.5927, 1.7009, -1.2259
48.132                  ,     1, -35.5832, 1.7010, -1.2255
48.153                  ,     1, -35.5738, 1.7010, -1.2248
48.175                  ,     1, -35.5645, 1.7007, -1.2240
48.197                  ,     1, -35.5552, 1.7002, -1.2230
48.221                  ,     1, -35.5462, 1.6995, -1.2217
48.244                  ,     1, -35.5373, 1.6988, -1.2203
48.265                  ,     1, -35.5283, 1.6980, -1.2187
48.285                  ,     1, -35.5196, 1.6971, -1.2168
48.305                  ,     1, -35.5154, 1.6965, -1.2158
48.325                  ,     1, -35.5070, 1.6954, -1.2139
48.345                  ,     1, -35.4985, 1.6943, -1.2118
48.369                  ,     1, -35.4905, 1.6936, -1.2092
48.392                  ,     1, -35.4784, 1.6931, -1.2058
48.413                  ,     1, -35.4745, 1.6940, -1.2047
48.435                  ,     1, -35.4664, 1.6953, -1.2025
48.456                  ,     1, -35.4583, 1.6966, -1.2004
48.477                  ,     1, -35.4505, 1.6977, -1.1984
48.498                  ,     1, -35.4432, 1.6981, -1.1968
48.518                  ,     1, -35.4364, 1.6977, -1.1953
48.537                  ,     1, -35.4338, 1.6971, -1.1947
48.559                  ,     1, -35.4279, 1.6966, -1.1934
48.580                  ,     1, -35.4225, 1.6962, -1.1923
48.601                  ,     1, -35.4173, 1.6964, -1.1914
48.621                  ,     1, -35.4124, 1.6970, -1.1908
48.640                  ,     1, -35.4080, 1.6977, -1.1904
48.660                  ,     1, -35.4060, 1.6982, -1.1905
48.682                  ,     1, -35.3999, 1.6993, -1.1901
48.703                  ,     1, -35.3964, 1.7001, -1.1903
48.723                  ,     1, -35.3949, 1.7004, -1.1906
48.744                  ,     1, -35.3916, 1.7007, -1.1907
48.763                  ,     1, -35.3884, 1.7010, -1.1912
48.782                  ,     1, -35.3870, 1.7010, -1.1915
48.801                  ,     1, -35.3844, 1.7007, -1.1921
48.821                  ,     1, -35.3820, 1.7002, -1.1929
48.841                  ,     1, -35.3802, 1.6994, -1.1938
48.862                  ,     1, -35.3784, 1.6987, -1.1948
48.882                  ,     1, -35.3779, 1.6985, -1.1953
48.902                  ,     1, -35.3764, 1.6987, -1.1962
48.921                  ,     1, -35.3748, 1.6992, -1.1972
48.942                  ,     1, -35.3734, 1.6992, -1.1981
48.960                  ,     1, -35.3719, 1.6990, -1.1991
48.979                  ,     1, -35.3713, 1.6988, -1.1997
49.002                  ,     1, -35.3702, 1.6981, -1.2008
49.026                  ,     1, -35.3686, 1.6964, -1.2021
49.047                  ,     1, -35.3681, 1.6956, -1.2024
49.068                  ,     1, -35.3672, 1.6943, -1.2031
49.089                  ,     1, -35.3663, 1.6932, -1.2038
49.110                  ,     1, -35.3655, 1.6923, -1.2044
49.130                  ,     1, -35.3648, 1.6918, -1.2048
49.153                  ,     1, -35.3641, 1.6920, -1.2052
49.175                  ,     1, -35.3632, 1.6925, -1.2056
49.196                  ,     1, -35.3624, 1.6928, -1.2060
49.216                  ,     1, -35.3615, 1.6933, -1.2063
49.236                  ,     1, -35.3610, 1.6934, -1.2064
49.258                  ,     1, -35.3601, 1.6939, -1.2066
49.282                  ,     1, -35.3592, 1.6942, -1.2067

# --- Trial 2 start ---
60.215                  ,     2, -39.5594, 1.7262, -1.1333
60.367                  ,     2, -39.5561, 1.7252, -1.1389
60.417                  ,     2, -39.5543, 1.7246, -1.1418
60.443                  ,     2, -39.5536, 1.7241, -1.1433
60.465                  ,     2, -39.5531, 1.7237, -1.1441
60.489                  ,     2, -39.5529, 1.7236, -1.1445
60.514                  ,     2, -39.5522, 1.7229, -1.1457
60.539                  ,     2, -39.5519, 1.7224, -1.1465
60.565                  ,     2, -39.5514, 1.7217, -1.1474
60.589                  ,     2, -39.5514, 1.7208, -1.1476
60.613                  ,     2, -39.5516, 1.7201, -1.1475
60.635                  ,     2, -39.5519, 1.7195, -1.1475
60.658                  ,     2, -39.5524, 1.7189, -1.1474
60.681                  ,     2, -39.5533, 1.7184, -1.1471
60.703                  ,     2, -39.5542, 1.7181, -1.1467
60.728                  ,     2, -39.5552, 1.7179, -1.1461
60.750                  ,     2, -39.5560, 1.7178, -1.1456
60.771                  ,     2, -39.5574, 1.7178, -1.1445
60.794                  ,     2, -39.5583, 1.7181, -1.1436
60.816                  ,     2, -39.5589, 1.7183, -1.1429
60.840                  ,     2, -39.5603, 1.7184, -1.1410
60.862                  ,     2, -39.5611, 1.7185, -1.1394
60.887                  ,     2, -39.5620, 1.7185, -1.1374
60.912                  ,     2, -39.5629, 1.7181, -1.1352
60.936                  ,     2, -39.5636, 1.7173, -1.1326
60.958                  ,     2, -39.5642, 1.7169, -1.1299
60.982                  ,     2, -39.5643, 1.7169, -1.1271
61.005                  ,     2, -39.5641, 1.7171, -1.1240
61.028                  ,     2, -39.5635, 1.7175, -1.1209
61.050                  ,     2, -39.5624, 1.7176, -1.1177
61.073                  ,     2, -39.5610, 1.7172, -1.1145
61.096                  ,     2, -39.5595, 1.7161, -1.1114
61.118                  ,     2, -39.5576, 1.7143, -1.1085
61.140                  ,     2, -39.5557, 1.7123, -1.1059
61.164                  ,     2, -39.5533, 1.7113, -1.1035
61.188                  ,     2, -39.5491, 1.7101, -1.1005
61.214                  ,     2, -39.5453, 1.7099, -1.0991
61.240                  ,     2, -39.5411, 1.7106, -1.0980
61.263                  ,     2, -39.5343, 1.7118, -1.0967
61.286                  ,     2, -39.5314, 1.7124, -1.0967
61.309                  ,     2, -39.5236, 1.7131, -1.0960
61.333                  ,     2, -39.5203, 1.7129, -1.0963
61.357                  ,     2, -39.5113, 1.7126, -1.0965
61.380                  ,     2, -39.5046, 1.7119, -1.0970
61.407                  ,     2, -39.4973, 1.7112, -1.0979
61.431                  ,     2, -39.4828, 1.7098, -1.0999
61.455                  ,     2, -39.4744, 1.7092, -1.1017
61.478                  ,     2, -39.4573, 1.7081, -1.1056
61.502                  ,     2, -39.4479, 1.7076, -1.1081
61.530                  ,     2, -39.4380, 1.7071, -1.1115
61.555                  ,     2, -39.4281, 1.7063, -1.1149
61.582                  ,     2, -39.4184, 1.7046, -1.1187
61.606                  ,     2, -39.4088, 1.7027, -1.1224
61.629                  ,     2, -39.3996, 1.7011, -1.1262
61.651                  ,     2, -39.3896, 1.7015, -1.1300
61.675                  ,     2, -39.3793, 1.7027, -1.1340
61.697                  ,     2, -39.3689, 1.7044, -1.1379
61.724                  ,     2, -39.3579, 1.7072, -1.1420
61.751                  ,     2, -39.3366, 1.7111, -1.1496
61.774                  ,     2, -39.3255, 1.7123, -1.1531
61.800                  ,     2, -39.3143, 1.7119, -1.1561
61.822                  ,     2, -39.3026, 1.7112, -1.1589
61.847                  ,     2, -39.2911, 1.7107, -1.1613
61.869                  ,     2, -39.2792, 1.7110, -1.1636
61.892                  ,     2, -39.2669, 1.7123, -1.1655
61.915                  ,     2, -39.2542, 1.7133, -1.1671
61.939                  ,     2, -39.2414, 1.7142, -1.1683
61.961                  ,     2, -39.2350, 1.7150, -1.1687
61.984                  ,     2, -39.2219, 1.7157, -1.1698
62.006                  ,     2, -39.2085, 1.7156, -1.1708
62.030                  ,     2, -39.1895, 1.7147, -1.1718
62.054                  ,     2, -39.1767, 1.7133, -1.1720
62.080                  ,     2, -39.1633, 1.7119, -1.1720
62.103                  ,     2, -39.1433, 1.7100, -1.1720
62.124                  ,     2, -39.1294, 1.7088, -1.1717
62.146                  ,     2, -39.1219, 1.7080, -1.1711
62.167                  ,     2, -39.1076, 1.7066, -1.1703
62.188                  ,     2, -39.0933, 1.7051, -1.1692
62.213                  ,     2, -39.0789, 1.7036, -1.1678
62.239                  ,     2, -39.0572, 1.7015, -1.1654
62.261                  ,     2, -39.0427, 1.7005, -1.1633
62.285                  ,     2, -39.0352, 1.7005, -1.1620
62.308                  ,     2, -39.0134, 1.7010, -1.1588
62.331                  ,     2, -38.9980, 1.7031, -1.1561
62.353                  ,     2, -38.9904, 1.7040, -1.1545
62.380                  ,     2, -38.9675, 1.7069, -1.1508
62.404                  ,     2, -38.9520, 1.7094, -1.1482
62.428                  ,     2, -38.9288, 1.7118, -1.1446
62.449                  ,     2, -38.9209, 1.7113, -1.1436
62.472                  ,     2, -38.9055, 1.7106, -1.1417
62.496                  ,     2, -38.8828, 1.7097, -1.1390
62.520                  ,     2, -38.8678, 1.7085, -1.1377
62.546                  ,     2, -38.8528, 1.7082, -1.1366
62.572                  ,     2, -38.8375, 1.7085, -1.1356
62.595                  ,     2, -38.8145, 1.7090, -1.1342
62.618                  ,     2, -38.7989, 1.7097, -1.1337
62.642                  ,     2, -38.7832, 1.7099, -1.1334
62.664                  ,     2, -38.7753, 1.7094, -1.1333
62.689                  ,     2, -38.7517, 1.7083, -1.1327
62.712                  ,     2, -38.7357, 1.7067, -1.1323
62.736                  ,     2, -38.7273, 1.7057, -1.1322
62.759                  ,     2, -38.7108, 1.7041, -1.1319
62.781                  ,     2, -38.6942, 1.7023, -1.1317
62.803                  ,     2, -38.6775, 1.7002, -1.1316
62.828                  ,     2, -38.6524, 1.6970, -1.1315
62.851                  ,     2, -38.6360, 1.6946, -1.1318
62.876                  ,     2, -38.6185, 1.6928, -1.1323
62.900                  ,     2, -38.6003, 1.6917, -1.1331
62.925                  ,     2, -38.5821, 1.6910, -1.1342
62.948                  ,     2, -38.5640, 1.6907, -1.1355
62.970                  ,     2, -38.5460, 1.6916, -1.1368
62.994                  ,     2, -38.5187, 1.6948, -1.1390
63.017                  ,     2, -38.5005, 1.6976, -1.1403
63.041                  ,     2, -38.4825, 1.7007, -1.1415
63.065                  ,     2, -38.4647, 1.7032, -1.1424
63.086                  ,     2, -38.4472, 1.7046, -1.1429
63.109                  ,     2, -38.4300, 1.7054, -1.1432
63.130                  ,     2, -38.4132, 1.7056, -1.1432
63.152                  ,     2, -38.3967, 1.7065, -1.1431
63.175                  ,     2, -38.3801, 1.7076, -1.1429
63.197                  ,     2, -38.3638, 1.7084, -1.1427
63.218                  ,     2, -38.3558, 1.7088, -1.1425
63.240                  ,     2, -38.3395, 1.7095, -1.1423
63.261                  ,     2, -38.3233, 1.7100, -1.1421
63.283                  ,     2, -38.3070, 1.7102, -1.1420
63.308                  ,     2, -38.2825, 1.7100, -1.1416
63.330                  ,     2, -38.2661, 1.7089, -1.1413
63.351                  ,     2, -38.2579, 1.7079, -1.1412
63.374                  ,     2, -38.2330, 1.7057, -1.1408
63.396                  ,     2, -38.2246, 1.7043, -1.1407
63.418                  ,     2, -38.2077, 1.7021, -1.1403
63.444                  ,     2, -38.1824, 1.6986, -1.1397
63.468                  ,     2, -38.1652, 1.6963, -1.1390
63.491                  ,     2, -38.1479, 1.6944, -1.1382
63.517                  ,     2, -38.1302, 1.6928, -1.1371
63.542                  ,     2, -38.1039, 1.6906, -1.1354
63.566                  ,     2, -38.0862, 1.6903, -1.1339
63.588                  ,     2, -38.0688, 1.6912, -1.1324
63.611                  ,     2, -38.0511, 1.6924, -1.1307
63.635                  ,     2, -38.0336, 1.6942, -1.1291
63.657                  ,     2, -38.0157, 1.6969, -1.1277
63.682                  ,     2, -37.9976, 1.6994, -1.1266
63.710                  ,     2, -37.9707, 1.7016, -1.1253
63.744                  ,     2, -37.9449, 1.7015, -1.1247
63.776                  ,     2, -37.9195, 1.7015, -1.1244
63.808                  ,     2, -37.9025, 1.7021, -1.1246
63.839                  ,     2, -37.8770, 1.7028, -1.1248
63.869                  ,     2, -37.8511, 1.7037, -1.1254
63.900                  ,     2, -37.8255, 1.7039, -1.1264
63.930                  ,     2, -37.7912, 1.7029, -1.1276
63.959                  ,     2, -37.7740, 1.7008, -1.1282
63.997                  ,     2, -37.7394, 1.6969, -1.1297
64.032                  ,     2, -37.7041, 1.6921, -1.1315
64.063                  ,     2, -37.6863, 1.6887, -1.1329
64.092                  ,     2, -37.6685, 1.6861, -1.1344
64.122                  ,     2, -37.6332, 1.6825, -1.1376
64.154                  ,     2, -37.6152, 1.6819, -1.1398
64.184                  ,     2, -37.5972, 1.6825, -1.1420
64.214                  ,     2, -37.5612, 1.6869, -1.1460
64.243                  ,     2, -37.5435, 1.6918, -1.1479
64.273                  ,     2, -37.5254, 1.6965, -1.1495
64.304                  ,     2, -37.4895, 1.7021, -1.1519
64.336                  ,     2, -37.4724, 1.7019, -1.1520
64.366                  ,     2, -37.4383, 1.7028, -1.1524
64.392                  ,     2, -37.4218, 1.7025, -1.1517
64.421                  ,     2, -37.4051, 1.7034, -1.1508
64.450                  ,     2, -37.3887, 1.7038, -1.1499
64.475                  ,     2, -37.3552, 1.7049, -1.1485
64.501                  ,     2, -37.3387, 1.7051, -1.1476
64.533                  ,     2, -37.3221, 1.7042, -1.1468
64.561                  ,     2, -37.3054, 1.7027, -1.1458
64.588                  ,     2, -37.2801, 1.7004, -1.1444
64.614                  ,     2, -37.2631, 1.6985, -1.1435
64.641                  ,     2, -37.2460, 1.6962, -1.1423
64.670                  ,     2, -37.2203, 1.6924, -1.1403
64.700                  ,     2, -37.1946, 1.6887, -1.1381
64.730                  ,     2, -37.1777, 1.6870, -1.1362
64.758                  ,     2, -37.1521, 1.6844, -1.1334
64.786                  ,     2, -37.1353, 1.6836, -1.1313
64.816                  ,     2, -37.1099, 1.6849, -1.1283
64.846                  ,     2, -37.0845, 1.6880, -1.1252
64.877                  ,     2, -37.0590, 1.6929, -1.1221
64.905                  ,     2, -37.0339, 1.6961, -1.1194
64.933                  ,     2, -37.0174, 1.6966, -1.1184
64.960                  ,     2, -37.0018, 1.6960, -1.1176
64.988                  ,     2, -36.9784, 1.6964, -1.1165
65.017                  ,     2, -36.9626, 1.6975, -1.1161
65.046                  ,     2, -36.9388, 1.6985, -1.1157
65.074                  ,     2, -36.9230, 1.6995, -1.1156
65.104                  ,     2, -36.8994, 1.7001, -1.1158
65.133                  ,     2, -36.8762, 1.6997, -1.1161
65.165                  ,     2, -36.8529, 1.6978, -1.1168
65.194                  ,     2, -36.8295, 1.6952, -1.1176
65.221                  ,     2, -36.8141, 1.6926, -1.1183
65.247                  ,     2, -36.7984, 1.6901, -1.1193
65.274                  ,     2, -36.7747, 1.6863, -1.1209
65.301                  ,     2, -36.7589, 1.6834, -1.1225
65.333                  ,     2, -36.7350, 1.6805, -1.1252
65.362                  ,     2, -36.7107, 1.6787, -1.1285
65.387                  ,     2, -36.6943, 1.6781, -1.1312
65.414                  ,     2, -36.6784, 1.6789, -1.1341
65.441                  ,     2, -36.6543, 1.6817, -1.1383
65.469                  ,     2, -36.6388, 1.6846, -1.1410
65.498                  ,     2, -36.6233, 1.6885, -1.1437
65.526                  ,     2, -36.5921, 1.6944, -1.1485
65.552                  ,     2, -36.5766, 1.6967, -1.1503
65.577                  ,     2, -36.5613, 1.6973, -1.1520
65.601                  ,     2, -36.5465, 1.6967, -1.1533
65.627                  ,     2, -36.5244, 1.6965, -1.1550
65.650                  ,     2, -36.5103, 1.6963, -1.1558
65.675                  ,     2, -36.4959, 1.6967, -1.1564
65.697                  ,     2, -36.4815, 1.6974, -1.1570
65.723                  ,     2, -36.4673, 1.6984, -1.1574
65.748                  ,     2, -36.4533, 1.6990, -1.1579
65.773                  ,     2, -36.4252, 1.6994, -1.1589
65.796                  ,     2, -36.4115, 1.6983, -1.1591
65.818                  ,     2, -36.3979, 1.6967, -1.1591
65.843                  ,     2, -36.3840, 1.6947, -1.1590
65.864                  ,     2, -36.3699, 1.6931, -1.1589
65.885                  ,     2, -36.3558, 1.6913, -1.1584
65.908                  ,     2, -36.3418, 1.6889, -1.1576
65.930                  ,     2, -36.3276, 1.6863, -1.1566
65.952                  ,     2, -36.3133, 1.6842, -1.1554
65.978                  ,     2, -36.2990, 1.6823, -1.1536
66.002                  ,     2, -36.2848, 1.6807, -1.1516
66.026                  ,     2, -36.2706, 1.6792, -1.1495
66.049                  ,     2, -36.2568, 1.6781, -1.1474
66.072                  ,     2, -36.2429, 1.6784, -1.1451
66.094                  ,     2, -36.2287, 1.6796, -1.1427
66.116                  ,     2, -36.2145, 1.6810, -1.1403
66.139                  ,     2, -36.2004, 1.6837, -1.1378
66.160                  ,     2, -36.1861, 1.6866, -1.1355
66.182                  ,     2, -36.1790, 1.6885, -1.1344
66.202                  ,     2, -36.1648, 1.6905, -1.1324
66.224                  ,     2, -36.1509, 1.6908, -1.1306
66.246                  ,     2, -36.1374, 1.6901, -1.1290
66.267                  ,     2, -36.1242, 1.6894, -1.1276
66.290                  ,     2, -36.1112, 1.6891, -1.1265
66.314                  ,     2, -36.0984, 1.6896, -1.1255
66.336                  ,     2, -36.0853, 1.6906, -1.1247
66.359                  ,     2, -36.0722, 1.6919, -1.1240
66.380                  ,     2, -36.0592, 1.6935, -1.1235
66.402                  ,     2, -36.0465, 1.6949, -1.1232
66.423                  ,     2, -36.0340, 1.6957, -1.1232
66.448                  ,     2, -36.0157, 1.6959, -1.1234
66.471                  ,     2, -36.0036, 1.6955, -1.1238
66.495                  ,     2, -35.9912, 1.6952, -1.1244
66.517                  ,     2, -35.9851, 1.6946, -1.1251
66.538                  ,     2, -35.9667, 1.6937, -1.1264
66.560                  ,     2, -35.9606, 1.6926, -1.1272
66.582                  ,     2, -35.9424, 1.6904, -1.1293
66.604                  ,     2, -35.9366, 1.6892, -1.1305
66.625                  ,     2, -35.9246, 1.6874, -1.1326
66.645                  ,     2, -35.9126, 1.6856, -1.1350
66.667                  ,     2, -35.9007, 1.6841, -1.1379
66.687                  ,     2, -35.8889, 1.6825, -1.1412
66.707                  ,     2, -35.8771, 1.6810, -1.1447
66.727                  ,     2, -35.8718, 1.6806, -1.1469
66.747                  ,     2, -35.8606, 1.6791, -1.1507
66.767                  ,     2, -35.8492, 1.6786, -1.1547
66.787                  ,     2, -35.8374, 1.6792, -1.1588
66.807                  ,     2, -35.8257, 1.6798, -1.1629
66.826                  ,     2, -35.8198, 1.6814, -1.1650
66.847                  ,     2, -35.8079, 1.6843, -1.1690
66.867                  ,     2, -35.7958, 1.6875, -1.1726
66.888                  ,     2, -35.7836, 1.6904, -1.1762
66.907                  ,     2, -35.7773, 1.6916, -1.1778
66.930                  ,     2, -35.7653, 1.6929, -1.1809
66.952                  ,     2, -35.7534, 1.6925, -1.1839
66.973                  ,     2, -35.7420, 1.6919, -1.1864
66.993                  ,     2, -35.7364, 1.6913, -1.1871
67.014                  ,     2, -35.7253, 1.6911, -1.1890
67.037                  ,     2, -35.7142, 1.6914, -1.1907
67.058                  ,     2, -35.7031, 1.6921, -1.1922
67.081                  ,     2, -35.6923, 1.6930, -1.1934
67.103                  ,     2, -35.6817, 1.6939, -1.1946
67.125                  ,     2, -35.6716, 1.6945, -1.1956
67.147                  ,     2, -35.6617, 1.6947, -1.1965
67.168                  ,     2, -35.6521, 1.6945, -1.1974
67.189                  ,     2, -35.6426, 1.6941, -1.1982
67.212                  ,     2, -35.6331, 1.6938, -1.1988
67.236                  ,     2, -35.6235, 1.6934, -1.1994
67.260                  ,     2, -35.6093, 1.6924, -1.2002
67.283                  ,     2, -35.6001, 1.6914, -1.2004
67.304                  ,     2, -35.5959, 1.6907, -1.2002
67.325                  ,     2, -35.5874, 1.6894, -1.2000
67.347                  ,     2, -35.5793, 1.6880, -1.1994
67.369                  ,     2, -35.5717, 1.6864, -1.1986
67.390                  ,     2, -35.5645, 1.6849, -1.1975
67.410                  ,     2, -35.5576, 1.6836, -1.1962
67.431                  ,     2, -35.5510, 1.6832, -1.1949
67.451                  ,     2, -35.5444, 1.6835, -1.1935
67.471                  ,     2, -35.5412, 1.6842, -1.1926
67.498                  ,     2, -35.5307, 1.6859, -1.1902
67.519                  ,     2, -35.5234, 1.6874, -1.1886
67.542                  ,     2, -35.5162, 1.6883, -1.1869
67.565                  ,     2, -35.5090, 1.6889, -1.1851
67.586                  ,     2, -35.5018, 1.6891, -1.1835
67.606                  ,     2, -35.4948, 1.6887, -1.1820
67.627                  ,     2, -35.4914, 1.6881, -1.1814
67.648                  ,     2, -35.4845, 1.6875, -1.1801
67.670                  ,     2, -35.4776, 1.6869, -1.1791
67.695                  ,     2, -35.4672, 1.6864, -1.1778
67.719                  ,     2, -35.4605, 1.6868, -1.1776
67.740                  ,     2, -35.4537, 1.6881, -1.1774
67.759                  ,     2, -35.4503, 1.6890, -1.1776
67.779                  ,     2, -35.4437, 1.6901, -1.1776
67.799                  ,     2, -35.4372, 1.6913, -1.1777
67.819                  ,     2, -35.4308, 1.6923, -1.1780
67.843                  ,     2, -35.4247, 1.6931, -1.1784
67.863                  ,     2, -35.4184, 1.6938, -1.1788
67.883                  ,     2, -35.4154, 1.6938, -1.1791
67.903                  ,     2, -35.4095, 1.6939, -1.1797
67.923                  ,     2, -35.4038, 1.6937, -1.1804
67.943                  ,     2, -35.3985, 1.6934, -1.1811
67.962                  ,     2, -35.3934, 1.6929, -1.1818
67.980                  ,     2, -35.3915, 1.6924, -1.1824
68.000                  ,     2, -35.3873, 1.6916, -1.1832
68.024                  ,     2, -35.3833, 1.6909, -1.1840
68.048                  ,     2, -35.3799, 1.6901, -1.1850
68.068                  ,     2, -35.3766, 1.6898, -1.1861
68.090                  ,     2, -35.3735, 1.6902, -1.1872
68.111                  ,     2, -35.3705, 1.6907, -1.1886
68.132                  ,     2, -35.3675, 1.6913, -1.1901
68.152                  ,     2, -35.3645, 1.6920, -1.1916
68.173                  ,     2, -35.3632, 1.6923, -1.1929
68.192                  ,     2, -35.3605, 1.6927, -1.1947
68.213                  ,     2, -35.3581, 1.6930, -1.1969
68.234                  ,     2, -35.3558, 1.6933, -1.1991
68.254                  ,     2, -35.3536, 1.6933, -1.2013
68.274                  ,     2, -35.3528, 1.6931, -1.2025
68.294                  ,     2, -35.3509, 1.6930, -1.2049
68.316                  ,     2, -35.3493, 1.6931, -1.2072
68.340                  ,     2, -35.3469, 1.6936, -1.2105
68.363                  ,     2, -35.3455, 1.6943, -1.2129
68.383                  ,     2, -35.3448, 1.6948, -1.2139
68.405                  ,     2, -35.3428, 1.6957, -1.2170
68.425                  ,     2, -35.3424, 1.6959, -1.2178
68.447                  ,     2, -35.3415, 1.6960, -1.2196
68.468                  ,     2, -35.3409, 1.6957, -1.2213
68.492                  ,     2, -35.3408, 1.6949, -1.2228
68.514                  ,     2, -35.3410, 1.6939, -1.2242
68.535                  ,     2, -35.3412, 1.6928, -1.2255
68.555                  ,     2, -35.3415, 1.6919, -1.2266
68.575                  ,     2, -35.3420, 1.6912, -1.2275
68.597                  ,     2, -35.3424, 1.6909, -1.2278
68.617                  ,     2, -35.3430, 1.6904, -1.2286
68.639                  ,     2, -35.3436, 1.6900, -1.2292
68.661                  ,     2, -35.3450, 1.6893, -1.2305

# --- Trial 3 start ---
79.229                  ,     3, -39.6106, 1.7256, -1.1409
79.376                  ,     3, -39.6111, 1.7271, -1.1450
79.425                  ,     3, -39.6112, 1.7272, -1.1464
79.450                  ,     3, -39.6111, 1.7269, -1.1467
79.472                  ,     3, -39.6110, 1.7268, -1.1470
79.495                  ,     3, -39.6111, 1.7266, -1.1472
79.522                  ,     3, -39.6112, 1.7263, -1.1475
79.543                  ,     3, -39.6112, 1.7262, -1.1475
79.568                  ,     3, -39.6112, 1.7262, -1.1477
79.592                  ,     3, -39.6113, 1.7260, -1.1477
79.617                  ,     3, -39.6113, 1.7258, -1.1476
79.642                  ,     3, -39.6114, 1.7256, -1.1476
79.664                  ,     3, -39.6116, 1.7255, -1.1478
79.687                  ,     3, -39.6115, 1.7255, -1.1479
79.711                  ,     3, -39.6114, 1.7257, -1.1480
79.735                  ,     3, -39.6110, 1.7261, -1.1484
79.761                  ,     3, -39.6106, 1.7265, -1.1486
79.782                  ,     3, -39.6097, 1.7271, -1.1491
79.805                  ,     3, -39.6090, 1.7274, -1.1495
79.832                  ,     3, -39.6081, 1.7276, -1.1499
79.856                  ,     3, -39.6071, 1.7278, -1.1503
79.879                  ,     3, -39.6060, 1.7281, -1.1509
79.902                  ,     3, -39.6047, 1.7284, -1.1515
79.925                  ,     3, -39.6034, 1.7286, -1.1521
79.948                  ,     3, -39.6017, 1.7292, -1.1527
79.973                  ,     3, -39.5999, 1.7296, -1.1534
79.994                  ,     3, -39.5980, 1.7298, -1.1541
80.019                  ,     3, -39.5961, 1.7299, -1.1548
80.042                  ,     3, -39.5940, 1.7296, -1.1556
80.066                  ,     3, -39.5918, 1.7289, -1.1563
80.090                  ,     3, -39.5896, 1.7276, -1.1569
80.113                  ,     3, -39.5874, 1.7258, -1.1574
80.136                  ,     3, -39.5857, 1.7238, -1.1577
80.157                  ,     3, -39.5852, 1.7225, -1.1575
80.181                  ,     3, -39.5840, 1.7206, -1.1573
80.202                  ,     3, -39.5829, 1.7192, -1.1567
80.226                  ,     3, -39.5819, 1.7183, -1.1559
80.250                  ,     3, -39.5805, 1.7176, -1.1547
80.272                  ,     3, -39.5796, 1.7181, -1.1535
80.294                  ,     3, -39.5792, 1.7187, -1.1526
80.317                  ,     3, -39.5780, 1.7195, -1.1503
80.341                  ,     3, -39.5772, 1.7201, -1.1484
80.365                  ,     3, -39.5767, 1.7203, -1.1471
80.393                  ,     3, -39.5750, 1.7206, -1.1439
80.419                  ,     3, -39.5735, 1.7202, -1.1403
80.442                  ,     3, -39.5723, 1.7192, -1.1374
80.465                  ,     3, -39.5717, 1.7183, -1.1357
80.488                  ,     3, -39.5694, 1.7177, -1.1314
80.511                  ,     3, -39.5682, 1.7171, -1.1298
80.535                  ,     3, -39.5647, 1.7145, -1.1253
80.563                  ,     3, -39.5620, 1.7115, -1.1225
80.588                  ,     3, -39.5582, 1.7089, -1.1187
80.610                  ,     3, -39.5549, 1.7088, -1.1169
80.633                  ,     3, -39.5524, 1.7095, -1.1163
80.656                  ,     3, -39.5464, 1.7094, -1.1137
80.679                  ,     3, -39.5435, 1.7103, -1.1132
80.701                  ,     3, -39.5386, 1.7111, -1.1119
80.727                  ,     3, -39.5307, 1.7121, -1.1102
80.752                  ,     3, -39.5218, 1.7127, -1.1087
80.776                  ,     3, -39.5150, 1.7126, -1.1079
80.799                  ,     3, -39.5078, 1.7119, -1.1070
80.821                  ,     3, -39.5034, 1.7108, -1.1067
80.845                  ,     3, -39.4956, 1.7094, -1.1061
80.870                  ,     3, -39.4838, 1.7073, -1.1054
80.895                  ,     3, -39.4749, 1.7055, -1.1054
80.920                  ,     3, -39.4613, 1.7026, -1.1058
80.944                  ,     3, -39.4516, 1.7003, -1.1065
80.967                  ,     3, -39.4414, 1.6986, -1.1077
80.990                  ,     3, -39.4306, 1.6973, -1.1095
81.013                  ,     3, -39.4197, 1.6964, -1.1116
81.037                  ,     3, -39.4084, 1.6960, -1.1143
81.062                  ,     3, -39.3970, 1.6957, -1.1174
81.087                  ,     3, -39.3802, 1.6958, -1.1220
81.110                  ,     3, -39.3688, 1.6972, -1.1255
81.134                  ,     3, -39.3566, 1.6993, -1.1290
81.155                  ,     3, -39.3437, 1.7016, -1.1326
81.175                  ,     3, -39.3370, 1.7037, -1.1346
81.203                  ,     3, -39.3174, 1.7073, -1.1401
81.225                  ,     3, -39.3042, 1.7089, -1.1437
81.246                  ,     3, -39.2911, 1.7092, -1.1472
81.268                  ,     3, -39.2784, 1.7085, -1.1504
81.290                  ,     3, -39.2656, 1.7082, -1.1534
81.312                  ,     3, -39.2528, 1.7083, -1.1561
81.335                  ,     3, -39.2399, 1.7092, -1.1586
81.357                  ,     3, -39.2269, 1.7102, -1.1612
81.380                  ,     3, -39.2203, 1.7111, -1.1622
81.405                  ,     3, -39.2009, 1.7124, -1.1658
81.426                  ,     3, -39.1880, 1.7130, -1.1681
81.448                  ,     3, -39.1814, 1.7129, -1.1692
81.472                  ,     3, -39.1616, 1.7128, -1.1726
81.494                  ,     3, -39.1546, 1.7122, -1.1737
81.517                  ,     3, -39.1409, 1.7112, -1.1757
81.540                  ,     3, -39.1270, 1.7101, -1.1777
81.562                  ,     3, -39.1128, 1.7086, -1.1794
81.585                  ,     3, -39.0983, 1.7066, -1.1810
81.608                  ,     3, -39.0839, 1.7045, -1.1823
81.631                  ,     3, -39.0619, 1.7016, -1.1840
81.656                  ,     3, -39.0471, 1.6996, -1.1846
81.681                  ,     3, -39.0320, 1.6979, -1.1849
81.704                  ,     3, -39.0097, 1.6958, -1.1853
81.728                  ,     3, -38.9948, 1.6949, -1.1852
81.750                  ,     3, -38.9807, 1.6948, -1.1850
81.772                  ,     3, -38.9661, 1.6963, -1.1848
81.795                  ,     3, -38.9586, 1.6977, -1.1846
81.818                  ,     3, -38.9353, 1.7004, -1.1842
81.841                  ,     3, -38.9193, 1.7036, -1.1841
81.865                  ,     3, -38.9035, 1.7062, -1.1841
81.888                  ,     3, -38.8881, 1.7074, -1.1846
81.911                  ,     3, -38.8728, 1.7075, -1.1854
81.934                  ,     3, -38.8582, 1.7070, -1.1864
81.957                  ,     3, -38.8438, 1.7063, -1.1877
81.979                  ,     3, -38.8367, 1.7059, -1.1886
82.004                  ,     3, -38.8150, 1.7061, -1.1910
82.027                  ,     3, -38.7932, 1.7065, -1.1938
82.049                  ,     3, -38.7862, 1.7068, -1.1950
82.072                  ,     3, -38.7724, 1.7071, -1.1973
82.095                  ,     3, -38.7587, 1.7070, -1.1998
82.118                  ,     3, -38.7443, 1.7066, -1.2025
82.142                  ,     3, -38.7225, 1.7057, -1.2066
82.164                  ,     3, -38.7152, 1.7049, -1.2083
82.191                  ,     3, -38.6933, 1.7031, -1.2130
82.215                  ,     3, -38.6786, 1.7017, -1.2164
82.238                  ,     3, -38.6637, 1.7001, -1.2200
82.260                  ,     3, -38.6488, 1.6984, -1.2239
82.282                  ,     3, -38.6343, 1.6963, -1.2281
82.303                  ,     3, -38.6195, 1.6943, -1.2325
82.329                  ,     3, -38.6047, 1.6924, -1.2373
82.352                  ,     3, -38.5827, 1.6896, -1.2446
82.374                  ,     3, -38.5756, 1.6887, -1.2475
82.396                  ,     3, -38.5615, 1.6873, -1.2528
82.417                  ,     3, -38.5474, 1.6871, -1.2581
82.439                  ,     3, -38.5335, 1.6886, -1.2633
82.461                  ,     3, -38.5192, 1.6910, -1.2685
82.482                  ,     3, -38.5045, 1.6943, -1.2736
82.505                  ,     3, -38.4897, 1.6973, -1.2785
82.527                  ,     3, -38.4752, 1.6995, -1.2831
82.548                  ,     3, -38.4609, 1.7006, -1.2873
82.569                  ,     3, -38.4474, 1.7004, -1.2911
82.590                  ,     3, -38.4338, 1.6999, -1.2946
82.610                  ,     3, -38.4273, 1.6995, -1.2958
82.632                  ,     3, -38.4134, 1.6999, -1.2988
82.655                  ,     3, -38.3991, 1.7011, -1.3015
82.679                  ,     3, -38.3776, 1.7026, -1.3051
82.701                  ,     3, -38.3704, 1.7031, -1.3059
82.723                  ,     3, -38.3560, 1.7039, -1.3079
82.747                  ,     3, -38.3345, 1.7043, -1.3105
82.770                  ,     3, -38.3201, 1.7037, -1.3117
82.791                  ,     3, -38.3127, 1.7031, -1.3121
82.815                  ,     3, -38.2903, 1.7022, -1.3138
82.839                  ,     3, -38.2754, 1.7010, -1.3143
82.863                  ,     3, -38.2530, 1.6990, -1.3151
82.885                  ,     3, -38.2380, 1.6974, -1.3154
82.908                  ,     3, -38.2298, 1.6962, -1.3154
82.930                  ,     3, -38.2057, 1.6932, -1.3155
82.953                  ,     3, -38.1973, 1.6918, -1.3151
82.974                  ,     3, -38.1810, 1.6896, -1.3147
82.997                  ,     3, -38.1567, 1.6867, -1.3137
83.019                  ,     3, -38.1484, 1.6862, -1.3129
83.041                  ,     3, -38.1319, 1.6856, -1.3118
83.065                  ,     3, -38.1074, 1.6860, -1.3101
83.087                  ,     3, -38.0909, 1.6878, -1.3086
83.110                  ,     3, -38.0828, 1.6900, -1.3077
83.133                  ,     3, -38.0580, 1.6943, -1.3057
83.159                  ,     3, -38.0413, 1.6971, -1.3046
83.184                  ,     3, -38.0249, 1.6985, -1.3038
83.207                  ,     3, -38.0090, 1.6988, -1.3032
83.230                  ,     3, -37.9940, 1.6984, -1.3028
83.253                  ,     3, -37.9709, 1.6986, -1.3022
83.274                  ,     3, -37.9557, 1.6991, -1.3020
83.297                  ,     3, -37.9403, 1.6996, -1.3019
83.321                  ,     3, -37.9249, 1.7003, -1.3019
83.344                  ,     3, -37.9094, 1.7011, -1.3019
83.365                  ,     3, -37.8941, 1.7016, -1.3020
83.389                  ,     3, -37.8788, 1.7017, -1.3020
83.410                  ,     3, -37.8710, 1.7013, -1.3020
83.432                  ,     3, -37.8481, 1.7006, -1.3022
83.454                  ,     3, -37.8402, 1.6998, -1.3024
83.475                  ,     3, -37.8168, 1.6981, -1.3027
83.496                  ,     3, -37.8089, 1.6969, -1.3029
83.519                  ,     3, -37.7854, 1.6938, -1.3036
83.540                  ,     3, -37.7775, 1.6921, -1.3039
83.561                  ,     3, -37.7616, 1.6895, -1.3046
83.582                  ,     3, -37.7455, 1.6872, -1.3055
83.602                  ,     3, -37.7294, 1.6853, -1.3066
83.625                  ,     3, -37.7132, 1.6839, -1.3079
83.645                  ,     3, -37.6968, 1.6829, -1.3094
83.666                  ,     3, -37.6806, 1.6825, -1.3111
83.694                  ,     3, -37.6645, 1.6843, -1.3130
83.716                  ,     3, -37.6478, 1.6865, -1.3147
83.737                  ,     3, -37.6315, 1.6888, -1.3163
83.758                  ,     3, -37.6152, 1.6918, -1.3179
83.778                  ,     3, -37.5987, 1.6950, -1.3192
83.797                  ,     3, -37.5906, 1.6961, -1.3197
83.819                  ,     3, -37.5744, 1.6973, -1.3206
83.841                  ,     3, -37.5585, 1.6975, -1.3212
83.865                  ,     3, -37.5349, 1.6978, -1.3218
83.886                  ,     3, -37.5273, 1.6972, -1.3216
83.909                  ,     3, -37.5040, 1.6973, -1.3215
83.931                  ,     3, -37.4961, 1.6979, -1.3211
83.956                  ,     3, -37.4726, 1.6990, -1.3202
83.979                  ,     3, -37.4571, 1.6998, -1.3194
84.001                  ,     3, -37.4416, 1.7004, -1.3183
84.023                  ,     3, -37.4340, 1.7001, -1.3175
84.046                  ,     3, -37.4188, 1.6996, -1.3162
84.067                  ,     3, -37.4036, 1.6986, -1.3147
84.089                  ,     3, -37.3881, 1.6971, -1.3130
84.110                  ,     3, -37.3726, 1.6953, -1.3112
84.133                  ,     3, -37.3569, 1.6932, -1.3092
84.155                  ,     3, -37.3332, 1.6899, -1.3060
84.178                  ,     3, -37.3171, 1.6874, -1.3034
84.201                  ,     3, -37.3008, 1.6852, -1.3005
84.223                  ,     3, -37.2923, 1.6843, -1.2988
84.245                  ,     3, -37.2757, 1.6824, -1.2955
84.271                  ,     3, -37.2507, 1.6797, -1.2902
84.296                  ,     3, -37.2342, 1.6787, -1.2862
84.319                  ,     3, -37.2093, 1.6781, -1.2801
84.341                  ,     3, -37.2010, 1.6795, -1.2777
84.364                  ,     3, -37.1674, 1.6815, -1.2690
84.386                  ,     3, -37.1507, 1.6846, -1.2645
84.408                  ,     3, -37.1338, 1.6886, -1.2602
84.433                  ,     3, -37.1169, 1.6924, -1.2561
84.458                  ,     3, -37.1003, 1.6945, -1.2526
84.482                  ,     3, -37.0841, 1.6945, -1.2494
84.504                  ,     3, -37.0523, 1.6944, -1.2433
84.527                  ,     3, -37.0375, 1.6931, -1.2413
84.553                  ,     3, -37.0225, 1.6930, -1.2398
84.576                  ,     3, -37.0072, 1.6932, -1.2384
84.600                  ,     3, -36.9914, 1.6937, -1.2374
84.623                  ,     3, -36.9756, 1.6945, -1.2364
84.644                  ,     3, -36.9599, 1.6947, -1.2356
84.667                  ,     3, -36.9443, 1.6943, -1.2351
84.689                  ,     3, -36.9290, 1.6933, -1.2344
84.712                  ,     3, -36.9133, 1.6915, -1.2338
84.734                  ,     3, -36.8975, 1.6898, -1.2332
84.756                  ,     3, -36.8816, 1.6882, -1.2327
84.779                  ,     3, -36.8659, 1.6862, -1.2323
84.801                  ,     3, -36.8499, 1.6838, -1.2319
84.823                  ,     3, -36.8340, 1.6810, -1.2316
84.846                  ,     3, -36.8180, 1.6779, -1.2315
84.868                  ,     3, -36.8100, 1.6762, -1.2318
84.889                  ,     3, -36.8019, 1.6751, -1.2321
84.911                  ,     3, -36.7774, 1.6722, -1.2325
84.933                  ,     3, -36.7609, 1.6712, -1.2331
84.956                  ,     3, -36.7525, 1.6718, -1.2336
84.977                  ,     3, -36.7358, 1.6732, -1.2344
84.999                  ,     3, -36.7193, 1.6758, -1.2352
85.022                  ,     3, -36.7027, 1.6794, -1.2360
85.044                  ,     3, -36.6859, 1.6836, -1.2367
85.065                  ,     3, -36.6693, 1.6877, -1.2374
85.087                  ,     3, -36.6529, 1.6906, -1.2378
85.109                  ,     3, -36.6371, 1.6920, -1.2377
85.133                  ,     3, -36.6223, 1.6916, -1.2373
85.154                  ,     3, -36.6076, 1.6914, -1.2366
85.176                  ,     3, -36.5934, 1.6914, -1.2357
85.199                  ,     3, -36.5717, 1.6923, -1.2344
85.224                  ,     3, -36.5574, 1.6930, -1.2330
85.247                  ,     3, -36.5435, 1.6937, -1.2317
85.270                  ,     3, -36.5226, 1.6944, -1.2299
85.292                  ,     3, -36.5164, 1.6938, -1.2292
85.313                  ,     3, -36.5032, 1.6930, -1.2279
85.335                  ,     3, -36.4897, 1.6925, -1.2266
85.356                  ,     3, -36.4760, 1.6919, -1.2254
85.378                  ,     3, -36.4622, 1.6911, -1.2242
85.399                  ,     3, -36.4484, 1.6901, -1.2230
85.420                  ,     3, -36.4349, 1.6885, -1.2216
85.442                  ,     3, -36.4283, 1.6869, -1.2207
85.463                  ,     3, -36.4151, 1.6845, -1.2190
85.485                  ,     3, -36.4020, 1.6822, -1.2172
85.508                  ,     3, -36.3823, 1.6788, -1.2143
85.529                  ,     3, -36.3761, 1.6773, -1.2130
85.553                  ,     3, -36.3571, 1.6736, -1.2096
85.575                  ,     3, -36.3512, 1.6725, -1.2081
85.597                  ,     3, -36.3389, 1.6715, -1.2055
85.618                  ,     3, -36.3263, 1.6729, -1.2029
85.641                  ,     3, -36.3197, 1.6753, -1.2017
85.662                  ,     3, -36.3001, 1.6789, -1.1981
85.685                  ,     3, -36.2934, 1.6811, -1.1971
85.712                  ,     3, -36.2733, 1.6851, -1.1941
85.733                  ,     3, -36.2600, 1.6865, -1.1925
85.754                  ,     3, -36.2471, 1.6865, -1.1912
85.774                  ,     3, -36.2409, 1.6858, -1.1909
85.795                  ,     3, -36.2281, 1.6857, -1.1901
85.815                  ,     3, -36.2153, 1.6857, -1.1895
85.835                  ,     3, -36.2025, 1.6862, -1.1892
85.856                  ,     3, -36.1895, 1.6870, -1.1891
85.876                  ,     3, -36.1828, 1.6878, -1.1893
85.897                  ,     3, -36.1697, 1.6890, -1.1895
85.917                  ,     3, -36.1566, 1.6898, -1.1899
85.938                  ,     3, -36.1439, 1.6899, -1.1904
85.960                  ,     3, -36.1314, 1.6894, -1.1912
85.981                  ,     3, -36.1189, 1.6886, -1.1920
86.000                  ,     3, -36.1061, 1.6875, -1.1930
86.024                  ,     3, -36.0997, 1.6866, -1.1938
86.044                  ,     3, -36.0867, 1.6853, -1.1950
86.065                  ,     3, -36.0737, 1.6841, -1.1965
86.087                  ,     3, -36.0606, 1.6828, -1.1983
86.108                  ,     3, -36.0477, 1.6813, -1.2004
86.130                  ,     3, -36.0348, 1.6798, -1.2027
86.153                  ,     3, -36.0220, 1.6787, -1.2054
86.174                  ,     3, -36.0092, 1.6774, -1.2084
86.195                  ,     3, -35.9968, 1.6760, -1.2117
86.219                  ,     3, -35.9848, 1.6749, -1.2152
86.241                  ,     3, -35.9668, 1.6739, -1.2204
86.261                  ,     3, -35.9610, 1.6752, -1.2223
86.282                  ,     3, -35.9491, 1.6768, -1.2259
86.304                  ,     3, -35.9373, 1.6792, -1.2292
86.329                  ,     3, -35.9197, 1.6823, -1.2335
86.353                  ,     3, -35.9083, 1.6840, -1.2359
86.374                  ,     3, -35.9030, 1.6844, -1.2366
86.395                  ,     3, -35.8865, 1.6856, -1.2398
86.417                  ,     3, -35.8817, 1.6853, -1.2404
86.438                  ,     3, -35.8713, 1.6861, -1.2420
86.459                  ,     3, -35.8609, 1.6876, -1.2437
86.482                  ,     3, -35.8503, 1.6894, -1.2452
86.506                  ,     3, -35.8344, 1.6919, -1.2472
86.528                  ,     3, -35.8291, 1.6928, -1.2478
86.549                  ,     3, -35.8133, 1.6948, -1.2496
86.568                  ,     3, -35.8029, 1.6957, -1.2507
86.590                  ,     3, -35.7925, 1.6959, -1.2518
86.612                  ,     3, -35.7717, 1.6959, -1.2541
86.634                  ,     3, -35.7616, 1.6945, -1.2552
86.664                  ,     3, -35.7518, 1.6926, -1.2560
86.687                  ,     3, -35.7418, 1.6912, -1.2569
86.708                  ,     3, -35.7313, 1.6899, -1.2575
86.731                  ,     3, -35.7206, 1.6888, -1.2578
86.753                  ,     3, -35.7097, 1.6881, -1.2578
86.774                  ,     3, -35.6985, 1.6875, -1.2577
86.798                  ,     3, -35.6873, 1.6868, -1.2573
86.819                  ,     3, -35.6759, 1.6862, -1.2566
86.842                  ,     3, -35.6648, 1.6851, -1.2556
86.864                  ,     3, -35.6538, 1.6836, -1.2546
86.887                  ,     3, -35.6431, 1.6818, -1.2530
86.909                  ,     3, -35.6328, 1.6804, -1.2515
86.931                  ,     3, -35.6222, 1.6798, -1.2498
86.954                  ,     3, -35.6121, 1.6793, -1.2481
86.975                  ,     3, -35.6021, 1.6801, -1.2463
86.998                  ,     3, -35.5921, 1.6829, -1.2443
87.021                  ,     3, -35.5819, 1.6864, -1.2424
87.044                  ,     3, -35.5717, 1.6897, -1.2405
87.067                  ,     3, -35.5617, 1.6919, -1.2386
87.091                  ,     3, -35.5570, 1.6916, -1.2378
87.112                  ,     3, -35.5527, 1.6907, -1.2371
87.134                  ,     3, -35.5340, 1.6896, -1.2339
87.154                  ,     3, -35.5300, 1.6879, -1.2333
87.174                  ,     3, -35.5264, 1.6869, -1.2329
87.195                  ,     3, -35.5183, 1.6860, -1.2316
87.215                  ,     3, -35.5100, 1.6858, -1.2304
87.236                  ,     3, -35.5020, 1.6864, -1.2292
87.257                  ,     3, -35.4942, 1.6873, -1.2281
87.280                  ,     3, -35.4826, 1.6895, -1.2264
87.301                  ,     3, -35.4794, 1.6910, -1.2260
87.322                  ,     3, -35.4726, 1.6924, -1.2251
87.342                  ,     3, -35.4662, 1.6934, -1.2244
87.363                  ,     3, -35.4635, 1.6935, -1.2240
87.382                  ,     3, -35.4575, 1.6938, -1.2231
87.403                  ,     3, -35.4515, 1.6937, -1.2221
87.424                  ,     3, -35.4461, 1.6931, -1.2214
87.446                  ,     3, -35.4384, 1.6921, -1.2205
87.467                  ,     3, -35.4364, 1.6914, -1.2206
87.489                  ,     3, -35.4317, 1.6905, -1.2204
87.511                  ,     3, -35.4275, 1.6897, -1.2205
87.530                  ,     3, -35.4234, 1.6892, -1.2209
87.551                  ,     3, -35.4220, 1.6892, -1.2215
87.572                  ,     3, -35.4185, 1.6891, -1.2225
87.594                  ,     3, -35.4154, 1.6893, -1.2237
87.618                  ,     3, -35.4108, 1.6898, -1.2257
87.641                  ,     3, -35.4082, 1.6905, -1.2277
87.661                  ,     3, -35.4070, 1.6909, -1.2289
87.682                  ,     3, -35.4046, 1.6913, -1.2311
87.704                  ,     3, -35.4025, 1.6911, -1.2333
87.728                  ,     3, -35.4007, 1.6904, -1.2356
87.748                  ,     3, -35.3989, 1.6894, -1.2378
87.769                  ,     3, -35.3973, 1.6884, -1.2401
87.789                  ,     3, -35.3959, 1.6875, -1.2424
87.809                  ,     3, -35.3944, 1.6869, -1.2445
87.829                  ,     3, -35.3938, 1.6869, -1.2455
87.850                  ,     3, -35.3931, 1.6874, -1.2463
87.871                  ,     3, -35.3915, 1.6881, -1.2482
87.892                  ,     3, -35.3899, 1.6889, -1.2500
87.914                  ,     3, -35.3882, 1.6897, -1.2516
87.935                  ,     3, -35.3867, 1.6902, -1.2532
87.956                  ,     3, -35.3853, 1.6905, -1.2549
87.977                  ,     3, -35.3840, 1.6906, -1.2565
87.996                  ,     3, -35.3826, 1.6905, -1.2578
88.015                  ,     3, -35.3820, 1.6901, -1.2584
88.034                  ,     3, -35.3808, 1.6896, -1.2596
88.054                  ,     3, -35.3798, 1.6891, -1.2605
88.074                  ,     3, -35.3787, 1.6885, -1.2614
88.095                  ,     3, -35.3782, 1.6881, -1.2615
88.116                  ,     3, -35.3767, 1.6872, -1.2626

# --- Trial 4 start ---
98.508                  ,     4, -39.7375, 1.7285, -1.1581
98.655                  ,     4, -39.7367, 1.7292, -1.1600
98.704                  ,     4, -39.7364, 1.7294, -1.1610
98.728                  ,     4, -39.7363, 1.7293, -1.1613
98.750                  ,     4, -39.7359, 1.7293, -1.1619
98.775                  ,     4, -39.7357, 1.7294, -1.1624
98.798                  ,     4, -39.7355, 1.7296, -1.1630
98.822                  ,     4, -39.7348, 1.7297, -1.1643
98.847                  ,     4, -39.7341, 1.7300, -1.1654
98.872                  ,     4, -39.7335, 1.7304, -1.1671
98.895                  ,     4, -39.7326, 1.7304, -1.1686
98.918                  ,     4, -39.7318, 1.7305, -1.1701
98.940                  ,     4, -39.7313, 1.7307, -1.1710
98.963                  ,     4, -39.7304, 1.7307, -1.1727
98.986                  ,     4, -39.7290, 1.7308, -1.1755
99.010                  ,     4, -39.7281, 1.7308, -1.1777
99.032                  ,     4, -39.7270, 1.7307, -1.1799
99.058                  ,     4, -39.7253, 1.7308, -1.1831
99.081                  ,     4, -39.7241, 1.7311, -1.1853
99.105                  ,     4, -39.7230, 1.7310, -1.1876
99.130                  ,     4, -39.7219, 1.7304, -1.1898
99.155                  ,     4, -39.7208, 1.7295, -1.1920
99.180                  ,     4, -39.7196, 1.7274, -1.1950
99.204                  ,     4, -39.7192, 1.7252, -1.1966
99.227                  ,     4, -39.7190, 1.7231, -1.1978
99.250                  ,     4, -39.7185, 1.7215, -1.1986
99.274                  ,     4, -39.7183, 1.7202, -1.1989
99.298                  ,     4, -39.7182, 1.7192, -1.1989
99.320                  ,     4, -39.7182, 1.7190, -1.1985
99.347                  ,     4, -39.7182, 1.7185, -1.1979
99.372                  ,     4, -39.7184, 1.7185, -1.1966
99.397                  ,     4, -39.7186, 1.7192, -1.1952
99.420                  ,     4, -39.7186, 1.7200, -1.1936
99.444                  ,     4, -39.7182, 1.7203, -1.1924
99.467                  ,     4, -39.7178, 1.7206, -1.1895
99.492                  ,     4, -39.7169, 1.7202, -1.1859
99.519                  ,     4, -39.7160, 1.7191, -1.1831
99.543                  ,     4, -39.7149, 1.7183, -1.1800
99.567                  ,     4, -39.7129, 1.7178, -1.1754
99.589                  ,     4, -39.7117, 1.7179, -1.1737
99.612                  ,     4, -39.7095, 1.7176, -1.1703
99.636                  ,     4, -39.7061, 1.7166, -1.1651
99.659                  ,     4, -39.7033, 1.7152, -1.1617
99.682                  ,     4, -39.7003, 1.7132, -1.1585
99.705                  ,     4, -39.6988, 1.7120, -1.1571
99.733                  ,     4, -39.6942, 1.7097, -1.1529
99.755                  ,     4, -39.6906, 1.7085, -1.1505
99.777                  ,     4, -39.6866, 1.7074, -1.1483
99.802                  ,     4, -39.6801, 1.7068, -1.1454
99.824                  ,     4, -39.6772, 1.7074, -1.1450
99.848                  ,     4, -39.6695, 1.7079, -1.1431
99.871                  ,     4, -39.6635, 1.7082, -1.1423
99.894                  ,     4, -39.6571, 1.7082, -1.1419
99.916                  ,     4, -39.6533, 1.7081, -1.1422
99.939                  ,     4, -39.6429, 1.7079, -1.1420
99.961                  ,     4, -39.6386, 1.7076, -1.1425
99.984                  ,     4, -39.6306, 1.7070, -1.1430
100.008                 ,     4, -39.6180, 1.7058, -1.1439
100.031                 ,     4, -39.6088, 1.7049, -1.1450
100.053                 ,     4, -39.6034, 1.7044, -1.1458
100.075                 ,     4, -39.5935, 1.7038, -1.1472
100.096                 ,     4, -39.5829, 1.7035, -1.1490
100.120                 ,     4, -39.5720, 1.7032, -1.1509
100.144                 ,     4, -39.5556, 1.7025, -1.1542
100.168                 ,     4, -39.5442, 1.7021, -1.1567
100.191                 ,     4, -39.5329, 1.7015, -1.1593
100.215                 ,     4, -39.5160, 1.7009, -1.1632
100.239                 ,     4, -39.5051, 1.7015, -1.1658
100.264                 ,     4, -39.4934, 1.7040, -1.1686
100.286                 ,     4, -39.4815, 1.7071, -1.1713
100.309                 ,     4, -39.4698, 1.7105, -1.1738
100.335                 ,     4, -39.4579, 1.7142, -1.1763
100.361                 ,     4, -39.4399, 1.7181, -1.1797
100.384                 ,     4, -39.4279, 1.7186, -1.1815
100.406                 ,     4, -39.4162, 1.7185, -1.1831
100.431                 ,     4, -39.4043, 1.7187, -1.1845
100.455                 ,     4, -39.3925, 1.7190, -1.1856
100.479                 ,     4, -39.3804, 1.7199, -1.1867
100.507                 ,     4, -39.3618, 1.7208, -1.1881
100.533                 ,     4, -39.3495, 1.7213, -1.1888
100.556                 ,     4, -39.3371, 1.7215, -1.1894
100.580                 ,     4, -39.3248, 1.7213, -1.1901
100.605                 ,     4, -39.3122, 1.7201, -1.1908
100.627                 ,     4, -39.2931, 1.7177, -1.1916
100.651                 ,     4, -39.2863, 1.7164, -1.1918
100.676                 ,     4, -39.2665, 1.7138, -1.1924
100.701                 ,     4, -39.2527, 1.7117, -1.1925
100.725                 ,     4, -39.2386, 1.7095, -1.1924
100.749                 ,     4, -39.2242, 1.7074, -1.1921
100.772                 ,     4, -39.2026, 1.7043, -1.1914
100.795                 ,     4, -39.1951, 1.7032, -1.1907
100.818                 ,     4, -39.1730, 1.7006, -1.1891
100.844                 ,     4, -39.1578, 1.6995, -1.1877
100.868                 ,     4, -39.1423, 1.6987, -1.1859
100.891                 ,     4, -39.1272, 1.6983, -1.1839
100.914                 ,     4, -39.1117, 1.6993, -1.1818
100.937                 ,     4, -39.0958, 1.7003, -1.1795
100.959                 ,     4, -39.0725, 1.7018, -1.1762
100.982                 ,     4, -39.0643, 1.7038, -1.1751
101.004                 ,     4, -39.0402, 1.7072, -1.1718
101.026                 ,     4, -39.0316, 1.7082, -1.1708
101.048                 ,     4, -39.0067, 1.7098, -1.1678
101.070                 ,     4, -38.9984, 1.7092, -1.1671
101.092                 ,     4, -38.9822, 1.7088, -1.1656
101.114                 ,     4, -38.9658, 1.7083, -1.1643
101.137                 ,     4, -38.9494, 1.7084, -1.1634
101.160                 ,     4, -38.9242, 1.7093, -1.1624
101.182                 ,     4, -38.9157, 1.7099, -1.1627
101.204                 ,     4, -38.8985, 1.7108, -1.1626
101.226                 ,     4, -38.8814, 1.7116, -1.1629
101.253                 ,     4, -38.8558, 1.7120, -1.1636
101.276                 ,     4, -38.8473, 1.7111, -1.1641
101.298                 ,     4, -38.8219, 1.7096, -1.1653
101.324                 ,     4, -38.8047, 1.7078, -1.1664
101.348                 ,     4, -38.7790, 1.7051, -1.1681
101.371                 ,     4, -38.7617, 1.7026, -1.1696
101.393                 ,     4, -38.7523, 1.7008, -1.1706
101.417                 ,     4, -38.7250, 1.6967, -1.1731
101.439                 ,     4, -38.7066, 1.6944, -1.1750
101.461                 ,     4, -38.6972, 1.6938, -1.1763
101.482                 ,     4, -38.6784, 1.6927, -1.1786
101.506                 ,     4, -38.6596, 1.6923, -1.1810
101.528                 ,     4, -38.6317, 1.6929, -1.1845
101.550                 ,     4, -38.6131, 1.6960, -1.1869
101.573                 ,     4, -38.6036, 1.6987, -1.1879
101.595                 ,     4, -38.5754, 1.7036, -1.1909
101.617                 ,     4, -38.5658, 1.7051, -1.1915
101.640                 ,     4, -38.5379, 1.7084, -1.1935
101.663                 ,     4, -38.5202, 1.7095, -1.1940
101.686                 ,     4, -38.5027, 1.7103, -1.1942
101.708                 ,     4, -38.4856, 1.7113, -1.1943
101.731                 ,     4, -38.4683, 1.7126, -1.1941
101.754                 ,     4, -38.4510, 1.7138, -1.1938
101.776                 ,     4, -38.4338, 1.7150, -1.1934
101.801                 ,     4, -38.4166, 1.7159, -1.1930
101.831                 ,     4, -38.3911, 1.7161, -1.1922
101.855                 ,     4, -38.3741, 1.7152, -1.1915
101.877                 ,     4, -38.3571, 1.7135, -1.1908
101.899                 ,     4, -38.3399, 1.7111, -1.1900
101.922                 ,     4, -38.3227, 1.7086, -1.1891
101.946                 ,     4, -38.3053, 1.7055, -1.1880
101.968                 ,     4, -38.2879, 1.7020, -1.1866
101.990                 ,     4, -38.2703, 1.6985, -1.1851
102.013                 ,     4, -38.2524, 1.6955, -1.1834
102.035                 ,     4, -38.2345, 1.6932, -1.1813
102.058                 ,     4, -38.2162, 1.6916, -1.1790
102.080                 ,     4, -38.1980, 1.6904, -1.1765
102.102                 ,     4, -38.1796, 1.6904, -1.1737
102.125                 ,     4, -38.1612, 1.6914, -1.1709
102.149                 ,     4, -38.1337, 1.6937, -1.1666
102.173                 ,     4, -38.1156, 1.6965, -1.1638
102.193                 ,     4, -38.1063, 1.6984, -1.1625
102.217                 ,     4, -38.0785, 1.7018, -1.1588
102.238                 ,     4, -38.0600, 1.7035, -1.1567
102.260                 ,     4, -38.0509, 1.7035, -1.1561
102.284                 ,     4, -38.0238, 1.7044, -1.1535
102.307                 ,     4, -38.0063, 1.7045, -1.1524
102.328                 ,     4, -37.9886, 1.7053, -1.1513
102.349                 ,     4, -37.9798, 1.7055, -1.1509
102.371                 ,     4, -37.9531, 1.7061, -1.1496
102.395                 ,     4, -37.9353, 1.7064, -1.1490
102.417                 ,     4, -37.9264, 1.7063, -1.1489
102.444                 ,     4, -37.8995, 1.7063, -1.1482
102.469                 ,     4, -37.8818, 1.7052, -1.1477
102.492                 ,     4, -37.8552, 1.7030, -1.1470
102.519                 ,     4, -37.8371, 1.7006, -1.1465
102.541                 ,     4, -37.8189, 1.6979, -1.1461
102.563                 ,     4, -37.8008, 1.6947, -1.1458
102.587                 ,     4, -37.7825, 1.6915, -1.1456
102.611                 ,     4, -37.7642, 1.6886, -1.1455
102.638                 ,     4, -37.7370, 1.6856, -1.1456
102.660                 ,     4, -37.7185, 1.6843, -1.1462
102.682                 ,     4, -37.7000, 1.6830, -1.1467
102.703                 ,     4, -37.6908, 1.6841, -1.1471
102.725                 ,     4, -37.6720, 1.6863, -1.1476
102.747                 ,     4, -37.6533, 1.6890, -1.1480
102.769                 ,     4, -37.6346, 1.6921, -1.1483
102.792                 ,     4, -37.6069, 1.6966, -1.1485
102.814                 ,     4, -37.5978, 1.6972, -1.1480
102.837                 ,     4, -37.5803, 1.6977, -1.1471
102.859                 ,     4, -37.5541, 1.6981, -1.1457
102.883                 ,     4, -37.5375, 1.6979, -1.1441
102.906                 ,     4, -37.5295, 1.6983, -1.1430
102.931                 ,     4, -37.5042, 1.7002, -1.1404
102.957                 ,     4, -37.4872, 1.7020, -1.1382
102.980                 ,     4, -37.4702, 1.7036, -1.1359
103.003                 ,     4, -37.4534, 1.7046, -1.1336
103.025                 ,     4, -37.4281, 1.7055, -1.1302
103.047                 ,     4, -37.4198, 1.7048, -1.1289
103.070                 ,     4, -37.4031, 1.7038, -1.1266
103.096                 ,     4, -37.3782, 1.7016, -1.1231
103.119                 ,     4, -37.3613, 1.6994, -1.1208
103.142                 ,     4, -37.3443, 1.6969, -1.1184
103.165                 ,     4, -37.3275, 1.6942, -1.1160
103.186                 ,     4, -37.3105, 1.6918, -1.1135
103.207                 ,     4, -37.2936, 1.6897, -1.1110
103.229                 ,     4, -37.2768, 1.6880, -1.1082
103.251                 ,     4, -37.2685, 1.6875, -1.1067
103.273                 ,     4, -37.2434, 1.6855, -1.1023
103.294                 ,     4, -37.2266, 1.6852, -1.0991
103.318                 ,     4, -37.2183, 1.6868, -1.0975
103.338                 ,     4, -37.2100, 1.6879, -1.0958
103.457                 ,     4, -37.2048, 1.6889, -1.0947
103.595                 ,     4, -37.0222, 1.7018, -1.0704
103.615                 ,     4, -37.0032, 1.7025, -1.0694
103.637                 ,     4, -36.9710, 1.7028, -1.0678
103.661                 ,     4, -36.9561, 1.7019, -1.0675
103.682                 ,     4, -36.9240, 1.7001, -1.0665
103.705                 ,     4, -36.9079, 1.6983, -1.0665
103.727                 ,     4, -36.8918, 1.6961, -1.0665
103.751                 ,     4, -36.8756, 1.6938, -1.0667
103.774                 ,     4, -36.8596, 1.6916, -1.0671
103.796                 ,     4, -36.8438, 1.6896, -1.0679
103.820                 ,     4, -36.8279, 1.6882, -1.0690
103.844                 ,     4, -36.8123, 1.6866, -1.0702
103.866                 ,     4, -36.7979, 1.6843, -1.0713
103.889                 ,     4, -36.7853, 1.6825, -1.0721
103.911                 ,     4, -36.7737, 1.6824, -1.0724
103.934                 ,     4, -36.7623, 1.6842, -1.0724
103.959                 ,     4, -36.7510, 1.6889, -1.0721
103.985                 ,     4, -36.7404, 1.6928, -1.0718
104.008                 ,     4, -36.7314, 1.6956, -1.0712
104.031                 ,     4, -36.7238, 1.6993, -1.0703
104.053                 ,     4, -36.7170, 1.7020, -1.0692
104.076                 ,     4, -36.7113, 1.7038, -1.0680
104.098                 ,     4, -36.7058, 1.7049, -1.0671
104.123                 ,     4, -36.7011, 1.7046, -1.0664
104.148                 ,     4, -36.6924, 1.7037, -1.0652
104.172                 ,     4, -36.6917, 1.7018, -1.0651
104.195                 ,     4, -36.6909, 1.7005, -1.0649
104.217                 ,     4, -36.6878, 1.6994, -1.0642
104.239                 ,     4, -36.6830, 1.6983, -1.0630
104.259                 ,     4, -36.6820, 1.6987, -1.0623
104.283                 ,     4, -36.6794, 1.6992, -1.0610
104.306                 ,     4, -36.6756, 1.6997, -1.0591
104.327                 ,     4, -36.6736, 1.7002, -1.0574
104.347                 ,     4, -36.6730, 1.7007, -1.0563
104.368                 ,     4, -36.6725, 1.7010, -1.0554
104.389                 ,     4, -36.6700, 1.7013, -1.0528
104.409                 ,     4, -36.6695, 1.7012, -1.0519
104.430                 ,     4, -36.6680, 1.7014, -1.0503
104.454                 ,     4, -36.6659, 1.7015, -1.0479
104.475                 ,     4, -36.6647, 1.7015, -1.0465
104.495                 ,     4, -36.6640, 1.7014, -1.0457
104.514                 ,     4, -36.6635, 1.7014, -1.0451
104.534                 ,     4, -36.6615, 1.7018, -1.0429
104.556                 ,     4, -36.6608, 1.7021, -1.0424
104.576                 ,     4, -36.6588, 1.7024, -1.0407
104.597                 ,     4, -36.6575, 1.7026, -1.0398
104.618                 ,     4, -36.6570, 1.7024, -1.0397
104.641                 ,     4, -36.6558, 1.7019, -1.0391
104.663                 ,     4, -36.6546, 1.7012, -1.0387
104.685                 ,     4, -36.6533, 1.7005, -1.0383
104.708                 ,     4, -36.6518, 1.6998, -1.0381
104.730                 ,     4, -36.6503, 1.6991, -1.0381
104.753                 ,     4, -36.6484, 1.6986, -1.0382
104.774                 ,     4, -36.6463, 1.6981, -1.0385
104.797                 ,     4, -36.6439, 1.6976, -1.0389
104.819                 ,     4, -36.6413, 1.6968, -1.0394
104.840                 ,     4, -36.6383, 1.6959, -1.0400
104.862                 ,     4, -36.6349, 1.6951, -1.0409
104.883                 ,     4, -36.6310, 1.6943, -1.0420
104.906                 ,     4, -36.6248, 1.6934, -1.0439
104.934                 ,     4, -36.6218, 1.6934, -1.0451
104.956                 ,     4, -36.6191, 1.6932, -1.0461
104.978                 ,     4, -36.6118, 1.6922, -1.0486
104.999                 ,     4, -36.6089, 1.6916, -1.0497
105.020                 ,     4, -36.6034, 1.6908, -1.0519
105.041                 ,     4, -36.5977, 1.6902, -1.0543
105.062                 ,     4, -36.5916, 1.6900, -1.0569
105.084                 ,     4, -36.5818, 1.6900, -1.0609
105.106                 ,     4, -36.5777, 1.6903, -1.0625
105.129                 ,     4, -36.5702, 1.6902, -1.0653
105.151                 ,     4, -36.5586, 1.6894, -1.0694
105.175                 ,     4, -36.5505, 1.6877, -1.0719
105.198                 ,     4, -36.5426, 1.6863, -1.0742
105.222                 ,     4, -36.5343, 1.6858, -1.0763
105.248                 ,     4, -36.5215, 1.6849, -1.0791
105.272                 ,     4, -36.5122, 1.6853, -1.0806
105.294                 ,     4, -36.5029, 1.6863, -1.0821
105.318                 ,     4, -36.4930, 1.6872, -1.0836
105.343                 ,     4, -36.4823, 1.6880, -1.0850
105.366                 ,     4, -36.4712, 1.6887, -1.0863
105.387                 ,     4, -36.4598, 1.6888, -1.0875
105.409                 ,     4, -36.4481, 1.6885, -1.0885
105.431                 ,     4, -36.4305, 1.6878, -1.0899
105.451                 ,     4, -36.4184, 1.6867, -1.0906
105.472                 ,     4, -36.4060, 1.6854, -1.0911
105.492                 ,     4, -36.3936, 1.6837, -1.0914
105.512                 ,     4, -36.3809, 1.6820, -1.0916
105.531                 ,     4, -36.3678, 1.6804, -1.0917
105.553                 ,     4, -36.3543, 1.6789, -1.0916
105.574                 ,     4, -36.3407, 1.6775, -1.0913
105.596                 ,     4, -36.3271, 1.6763, -1.0910
105.616                 ,     4, -36.3135, 1.6749, -1.0905
105.639                 ,     4, -36.3001, 1.6738, -1.0898
105.660                 ,     4, -36.2864, 1.6733, -1.0890
105.683                 ,     4, -36.2731, 1.6746, -1.0881
105.705                 ,     4, -36.2591, 1.6776, -1.0876
105.730                 ,     4, -36.2445, 1.6803, -1.0871
105.752                 ,     4, -36.2299, 1.6821, -1.0870
105.772                 ,     4, -36.2157, 1.6829, -1.0869
105.794                 ,     4, -36.2022, 1.6826, -1.0872
105.816                 ,     4, -36.1893, 1.6822, -1.0878
105.839                 ,     4, -36.1767, 1.6819, -1.0886
105.860                 ,     4, -36.1639, 1.6824, -1.0895
105.888                 ,     4, -36.1505, 1.6844, -1.0907
105.911                 ,     4, -36.1373, 1.6861, -1.0918
105.934                 ,     4, -36.1307, 1.6867, -1.0927
105.954                 ,     4, -36.1175, 1.6873, -1.0941
105.976                 ,     4, -36.1046, 1.6873, -1.0956
105.997                 ,     4, -36.0917, 1.6864, -1.0971
106.018                 ,     4, -36.0792, 1.6853, -1.0985
106.038                 ,     4, -36.0731, 1.6844, -1.0994
106.060                 ,     4, -36.0534, 1.6826, -1.1022
106.080                 ,     4, -36.0468, 1.6816, -1.1035
106.100                 ,     4, -36.0337, 1.6799, -1.1059
106.121                 ,     4, -36.0204, 1.6785, -1.1084
106.141                 ,     4, -36.0070, 1.6772, -1.1113
106.162                 ,     4, -35.9937, 1.6759, -1.1144
106.184                 ,     4, -35.9870, 1.6754, -1.1166
106.209                 ,     4, -35.9672, 1.6740, -1.1220
106.233                 ,     4, -35.9475, 1.6725, -1.1280
106.256                 ,     4, -35.9346, 1.6717, -1.1322
106.276                 ,     4, -35.9284, 1.6720, -1.1345
106.296                 ,     4, -35.9156, 1.6727, -1.1387
106.317                 ,     4, -35.9026, 1.6748, -1.1431
106.338                 ,     4, -35.8894, 1.6772, -1.1473
106.361                 ,     4, -35.8826, 1.6797, -1.1494
106.383                 ,     4, -35.8622, 1.6835, -1.1557
106.405                 ,     4, -35.8491, 1.6849, -1.1592
106.426                 ,     4, -35.8427, 1.6849, -1.1607
106.446                 ,     4, -35.8296, 1.6853, -1.1638
106.467                 ,     4, -35.8169, 1.6857, -1.1666
106.488                 ,     4, -35.8040, 1.6865, -1.1690
106.509                 ,     4, -35.7911, 1.6883, -1.1714
106.533                 ,     4, -35.7779, 1.6904, -1.1736
106.554                 ,     4, -35.7649, 1.6922, -1.1755
106.574                 ,     4, -35.7517, 1.6941, -1.1773
106.596                 ,     4, -35.7388, 1.6953, -1.1788
106.616                 ,     4, -35.7262, 1.6958, -1.1802
106.635                 ,     4, -35.7203, 1.6948, -1.1809
106.654                 ,     4, -35.7079, 1.6941, -1.1821
106.674                 ,     4, -35.6955, 1.6934, -1.1830
106.698                 ,     4, -35.6833, 1.6923, -1.1838
106.719                 ,     4, -35.6709, 1.6911, -1.1846
106.738                 ,     4, -35.6585, 1.6900, -1.1849
106.757                 ,     4, -35.6524, 1.6892, -1.1847
106.776                 ,     4, -35.6401, 1.6876, -1.1848
106.798                 ,     4, -35.6280, 1.6860, -1.1845
106.817                 ,     4, -35.6161, 1.6839, -1.1841
106.837                 ,     4, -35.6044, 1.6819, -1.1833
106.857                 ,     4, -35.5988, 1.6807, -1.1826
106.877                 ,     4, -35.5874, 1.6784, -1.1814
106.898                 ,     4, -35.5763, 1.6767, -1.1802
106.918                 ,     4, -35.5655, 1.6764, -1.1790
106.939                 ,     4, -35.5546, 1.6783, -1.1778
106.958                 ,     4, -35.5434, 1.6811, -1.1765
106.979                 ,     4, -35.5378, 1.6840, -1.1760
107.001                 ,     4, -35.5210, 1.6883, -1.1743
107.022                 ,     4, -35.5157, 1.6895, -1.1739
107.043                 ,     4, -35.5054, 1.6906, -1.1729
107.064                 ,     4, -35.4955, 1.6904, -1.1722
107.084                 ,     4, -35.4911, 1.6891, -1.1718
107.105                 ,     4, -35.4818, 1.6881, -1.1711
107.125                 ,     4, -35.4776, 1.6877, -1.1710
107.147                 ,     4, -35.4688, 1.6876, -1.1707
107.167                 ,     4, -35.4600, 1.6879, -1.1705
107.193                 ,     4, -35.4474, 1.6885, -1.1704
107.218                 ,     4, -35.4396, 1.6893, -1.1705
107.242                 ,     4, -35.4323, 1.6898, -1.1704
107.261                 ,     4, -35.4250, 1.6904, -1.1704
107.281                 ,     4, -35.4218, 1.6904, -1.1705
107.304                 ,     4, -35.4150, 1.6906, -1.1706
107.323                 ,     4, -35.4082, 1.6908, -1.1710
107.345                 ,     4, -35.3943, 1.6913, -1.1717
107.367                 ,     4, -35.3879, 1.6913, -1.1725
107.388                 ,     4, -35.3818, 1.6909, -1.1732
107.409                 ,     4, -35.3761, 1.6903, -1.1742
107.430                 ,     4, -35.3708, 1.6894, -1.1753
107.450                 ,     4, -35.3656, 1.6886, -1.1766
107.472                 ,     4, -35.3609, 1.6876, -1.1783
107.496                 ,     4, -35.3567, 1.6869, -1.1801
107.522                 ,     4, -35.3528, 1.6870, -1.1825
107.542                 ,     4, -35.3488, 1.6874, -1.1849
107.563                 ,     4, -35.3447, 1.6885, -1.1875
107.584                 ,     4, -35.3403, 1.6898, -1.1901
107.604                 ,     4, -35.3362, 1.6911, -1.1926
107.625                 ,     4, -35.3322, 1.6924, -1.1953
107.647                 ,     4, -35.3287, 1.6933, -1.1979
107.668                 ,     4, -35.3255, 1.6934, -1.2006
107.691                 ,     4, -35.3225, 1.6930, -1.2034
107.714                 ,     4, -35.3197, 1.6925, -1.2061
107.738                 ,     4, -35.3170, 1.6923, -1.2086
107.761                 ,     4, -35.3145, 1.6922, -1.2107
107.784                 ,     4, -35.3123, 1.6923, -1.2125
107.807                 ,     4, -35.3102, 1.6925, -1.2140
107.832                 ,     4, -35.3097, 1.6924, -1.2143
107.854                 ,     4, -35.3081, 1.6921, -1.2154
107.874                 ,     4, -35.3066, 1.6917, -1.2163
107.893                 ,     4, -35.3052, 1.6916, -1.2170
107.916                 ,     4, -35.3040, 1.6920, -1.2177
107.934                 ,     4, -35.3028, 1.6914, -1.2183
107.953                 ,     4, -35.3025, 1.6906, -1.2183
107.973                 ,     4, -35.3016, 1.6901, -1.2186
107.994                 ,     4, -35.3009, 1.6899, -1.2189
108.014                 ,     4, -35.3004, 1.6894, -1.2191
108.032                 ,     4, -35.3001, 1.6894, -1.2190
108.051                 ,     4, -35.2994, 1.6893, -1.2191
108.069                 ,     4, -35.2988, 1.6892, -1.2190
108.088                 ,     4, -35.2986, 1.6888, -1.2188
108.108                 ,     4, -35.2985, 1.6887, -1.2186
108.129                 ,     4, -35.2979, 1.6879, -1.2182
108.152                 ,     4, -35.2978, 1.6874, -1.2178
108.173                 ,     4, -35.2978, 1.6869, -1.2172
108.195                 ,     4, -35.2979, 1.6866, -1.2167
108.215                 ,     4, -35.2980, 1.6865, -1.2161
108.237                 ,     4, -35.2983, 1.6863, -1.2157
108.258                 ,     4, -35.2986, 1.6863, -1.2154
108.278                 ,     4, -35.2988, 1.6864, -1.2154
108.298                 ,     4, -35.2992, 1.6864, -1.2151
108.318                 ,     4, -35.2997, 1.6865, -1.2147
108.339                 ,     4, -35.3001, 1.6868, -1.2146
108.360                 ,     4, -35.3003, 1.6873, -1.2144
108.379                 ,     4, -35.3004, 1.6878, -1.2143
108.400                 ,     4, -35.3004, 1.6881, -1.2145

# --- Trial 5 start ---
119.581                 ,     5, -39.5357, 1.7278, -1.1500
119.737                 ,     5, -39.5377, 1.7289, -1.1458
119.796                 ,     5, -39.5383, 1.7292, -1.1441
119.821                 ,     5, -39.5380, 1.7293, -1.1439
119.845                 ,     5, -39.5376, 1.7294, -1.1439
119.870                 ,     5, -39.5371, 1.7296, -1.1437
119.893                 ,     5, -39.5365, 1.7298, -1.1438
119.919                 ,     5, -39.5357, 1.7299, -1.1442
119.945                 ,     5, -39.5349, 1.7301, -1.1445
119.969                 ,     5, -39.5337, 1.7303, -1.1451
119.993                 ,     5, -39.5325, 1.7304, -1.1460
120.018                 ,     5, -39.5307, 1.7304, -1.1473
120.041                 ,     5, -39.5293, 1.7304, -1.1485
120.075                 ,     5, -39.5269, 1.7304, -1.1506
120.098                 ,     5, -39.5254, 1.7304, -1.1521
120.122                 ,     5, -39.5236, 1.7304, -1.1538
120.147                 ,     5, -39.5224, 1.7305, -1.1548
120.172                 ,     5, -39.5192, 1.7306, -1.1575
120.196                 ,     5, -39.5157, 1.7307, -1.1604
120.220                 ,     5, -39.5131, 1.7305, -1.1626
120.246                 ,     5, -39.5103, 1.7302, -1.1649
120.271                 ,     5, -39.5073, 1.7293, -1.1670
120.297                 ,     5, -39.5030, 1.7269, -1.1702
120.322                 ,     5, -39.5005, 1.7245, -1.1722
120.346                 ,     5, -39.4995, 1.7230, -1.1730
120.372                 ,     5, -39.4961, 1.7198, -1.1755
120.396                 ,     5, -39.4928, 1.7169, -1.1775
120.419                 ,     5, -39.4908, 1.7157, -1.1786
120.443                 ,     5, -39.4888, 1.7151, -1.1797
120.465                 ,     5, -39.4866, 1.7150, -1.1807
120.489                 ,     5, -39.4844, 1.7155, -1.1816
120.513                 ,     5, -39.4825, 1.7165, -1.1824
120.535                 ,     5, -39.4806, 1.7175, -1.1830
120.557                 ,     5, -39.4787, 1.7186, -1.1834
120.581                 ,     5, -39.4769, 1.7197, -1.1836
120.605                 ,     5, -39.4742, 1.7210, -1.1837
120.629                 ,     5, -39.4724, 1.7213, -1.1833
120.652                 ,     5, -39.4706, 1.7210, -1.1829
120.674                 ,     5, -39.4689, 1.7201, -1.1822
120.697                 ,     5, -39.4673, 1.7184, -1.1813
120.721                 ,     5, -39.4660, 1.7167, -1.1802
120.748                 ,     5, -39.4637, 1.7142, -1.1782
120.776                 ,     5, -39.4619, 1.7131, -1.1765
120.805                 ,     5, -39.4589, 1.7122, -1.1738
120.830                 ,     5, -39.4550, 1.7120, -1.1709
120.855                 ,     5, -39.4519, 1.7118, -1.1689
120.879                 ,     5, -39.4484, 1.7107, -1.1668
120.904                 ,     5, -39.4448, 1.7087, -1.1647
120.932                 ,     5, -39.4391, 1.7054, -1.1620
120.957                 ,     5, -39.4346, 1.7041, -1.1610
120.983                 ,     5, -39.4273, 1.7020, -1.1594
121.009                 ,     5, -39.4213, 1.7010, -1.1587
121.035                 ,     5, -39.4149, 1.7012, -1.1583
121.061                 ,     5, -39.4049, 1.7011, -1.1577
121.092                 ,     5, -39.3974, 1.7005, -1.1576
121.121                 ,     5, -39.3862, 1.6992, -1.1571
121.155                 ,     5, -39.3775, 1.6980, -1.1567
121.183                 ,     5, -39.3598, 1.6957, -1.1563
121.210                 ,     5, -39.3494, 1.6947, -1.1564
121.237                 ,     5, -39.3388, 1.6937, -1.1566
121.268                 ,     5, -39.3229, 1.6924, -1.1571
121.295                 ,     5, -39.3062, 1.6916, -1.1579
121.323                 ,     5, -39.2947, 1.6916, -1.1587
121.349                 ,     5, -39.2770, 1.6917, -1.1600
121.376                 ,     5, -39.2647, 1.6923, -1.1613
121.402                 ,     5, -39.2522, 1.6941, -1.1627
121.431                 ,     5, -39.2329, 1.6968, -1.1648
121.457                 ,     5, -39.2198, 1.6988, -1.1665
121.482                 ,     5, -39.2004, 1.7014, -1.1690
121.514                 ,     5, -39.1873, 1.7023, -1.1706
121.544                 ,     5, -39.1681, 1.7028, -1.1727
121.572                 ,     5, -39.1490, 1.7031, -1.1746
121.599                 ,     5, -39.1357, 1.7038, -1.1759
121.624                 ,     5, -39.1221, 1.7050, -1.1772
121.649                 ,     5, -39.1014, 1.7076, -1.1792
121.673                 ,     5, -39.0872, 1.7093, -1.1804
121.698                 ,     5, -39.0731, 1.7106, -1.1815
121.721                 ,     5, -39.0592, 1.7112, -1.1827
121.746                 ,     5, -39.0454, 1.7109, -1.1840
121.771                 ,     5, -39.0315, 1.7103, -1.1853
121.798                 ,     5, -39.0104, 1.7091, -1.1873
121.821                 ,     5, -38.9961, 1.7079, -1.1888
121.845                 ,     5, -38.9741, 1.7059, -1.1910
121.867                 ,     5, -38.9588, 1.7043, -1.1925
121.889                 ,     5, -38.9508, 1.7033, -1.1933
121.911                 ,     5, -38.9352, 1.7015, -1.1948
121.937                 ,     5, -38.9114, 1.6990, -1.1967
121.960                 ,     5, -38.8949, 1.6974, -1.1978
121.983                 ,     5, -38.8783, 1.6961, -1.1986
122.005                 ,     5, -38.8697, 1.6960, -1.1989
122.027                 ,     5, -38.8528, 1.6954, -1.1994
122.050                 ,     5, -38.8274, 1.6951, -1.2002
122.076                 ,     5, -38.8102, 1.6969, -1.2004
122.103                 ,     5, -38.7924, 1.7010, -1.2008
122.130                 ,     5, -38.7658, 1.7061, -1.2013
122.154                 ,     5, -38.7481, 1.7090, -1.2019
122.177                 ,     5, -38.7393, 1.7090, -1.2023
122.200                 ,     5, -38.7140, 1.7095, -1.2033
122.224                 ,     5, -38.6979, 1.7081, -1.2044
122.247                 ,     5, -38.6823, 1.7073, -1.2055
122.271                 ,     5, -38.6670, 1.7075, -1.2067
122.295                 ,     5, -38.6436, 1.7081, -1.2086
122.319                 ,     5, -38.6275, 1.7083, -1.2102
122.342                 ,     5, -38.6107, 1.7084, -1.2119
122.366                 ,     5, -38.5943, 1.7082, -1.2136
122.389                 ,     5, -38.5780, 1.7075, -1.2154
122.412                 ,     5, -38.5615, 1.7064, -1.2171
122.439                 ,     5, -38.5445, 1.7052, -1.2190
122.467                 ,     5, -38.5192, 1.7029, -1.2218
122.493                 ,     5, -38.5025, 1.7007, -1.2237
122.517                 ,     5, -38.4771, 1.6972, -1.2267
122.544                 ,     5, -38.4601, 1.6946, -1.2290
122.571                 ,     5, -38.4344, 1.6916, -1.2326
122.596                 ,     5, -38.4170, 1.6905, -1.2353
122.622                 ,     5, -38.3998, 1.6896, -1.2382
122.647                 ,     5, -38.3828, 1.6892, -1.2410
122.672                 ,     5, -38.3575, 1.6895, -1.2450
122.698                 ,     5, -38.3407, 1.6925, -1.2475
122.723                 ,     5, -38.3233, 1.6959, -1.2497
122.750                 ,     5, -38.3057, 1.6990, -1.2516
122.778                 ,     5, -38.2793, 1.7025, -1.2539
122.804                 ,     5, -38.2621, 1.7039, -1.2550
122.828                 ,     5, -38.2367, 1.7053, -1.2563
122.852                 ,     5, -38.2202, 1.7063, -1.2568
122.875                 ,     5, -38.2036, 1.7077, -1.2569
122.901                 ,     5, -38.1868, 1.7091, -1.2570
122.928                 ,     5, -38.1613, 1.7106, -1.2571
122.952                 ,     5, -38.1447, 1.7108, -1.2570
122.975                 ,     5, -38.1283, 1.7102, -1.2567
122.999                 ,     5, -38.1116, 1.7087, -1.2563
123.021                 ,     5, -38.0951, 1.7070, -1.2559
123.050                 ,     5, -38.0781, 1.7048, -1.2551
123.076                 ,     5, -38.0527, 1.7017, -1.2539
123.103                 ,     5, -38.0357, 1.6992, -1.2528
123.126                 ,     5, -38.0102, 1.6958, -1.2509
123.150                 ,     5, -37.9926, 1.6937, -1.2491
123.173                 ,     5, -37.9751, 1.6920, -1.2470
123.196                 ,     5, -37.9663, 1.6918, -1.2455
123.217                 ,     5, -37.9487, 1.6908, -1.2429
123.238                 ,     5, -37.9313, 1.6899, -1.2402
123.263                 ,     5, -37.9056, 1.6893, -1.2358
123.285                 ,     5, -37.8881, 1.6903, -1.2326
123.309                 ,     5, -37.8707, 1.6917, -1.2294
123.332                 ,     5, -37.8533, 1.6937, -1.2262
123.354                 ,     5, -37.8355, 1.6960, -1.2231
123.377                 ,     5, -37.8179, 1.6977, -1.2203
123.402                 ,     5, -37.8009, 1.6988, -1.2180
123.428                 ,     5, -37.7756, 1.7001, -1.2147
123.451                 ,     5, -37.7591, 1.7005, -1.2131
123.474                 ,     5, -37.7426, 1.7017, -1.2115
123.496                 ,     5, -37.7342, 1.7027, -1.2111
123.518                 ,     5, -37.7089, 1.7050, -1.2092
123.540                 ,     5, -37.7003, 1.7059, -1.2090
123.567                 ,     5, -37.6746, 1.7078, -1.2080
123.592                 ,     5, -37.6492, 1.7085, -1.2073
123.616                 ,     5, -37.6321, 1.7075, -1.2072
123.639                 ,     5, -37.6237, 1.7059, -1.2075
123.662                 ,     5, -37.6069, 1.7041, -1.2077
123.684                 ,     5, -37.5900, 1.7019, -1.2080
123.707                 ,     5, -37.5644, 1.6983, -1.2088
123.732                 ,     5, -37.5475, 1.6956, -1.2099
123.758                 ,     5, -37.5306, 1.6930, -1.2113
123.779                 ,     5, -37.5139, 1.6908, -1.2128
123.804                 ,     5, -37.4888, 1.6881, -1.2154
123.825                 ,     5, -37.4803, 1.6875, -1.2167
123.847                 ,     5, -37.4637, 1.6863, -1.2187
123.869                 ,     5, -37.4470, 1.6862, -1.2210
123.891                 ,     5, -37.4302, 1.6878, -1.2231
123.914                 ,     5, -37.4137, 1.6900, -1.2253
123.938                 ,     5, -37.3884, 1.6932, -1.2284
123.960                 ,     5, -37.3714, 1.6951, -1.2304
123.983                 ,     5, -37.3550, 1.6966, -1.2320
124.005                 ,     5, -37.3387, 1.6979, -1.2336
124.025                 ,     5, -37.3306, 1.6984, -1.2341
124.048                 ,     5, -37.3062, 1.7002, -1.2360
124.069                 ,     5, -37.2901, 1.7019, -1.2369
124.092                 ,     5, -37.2820, 1.7027, -1.2371
124.117                 ,     5, -37.2580, 1.7046, -1.2381
124.138                 ,     5, -37.2502, 1.7050, -1.2381
124.160                 ,     5, -37.2267, 1.7061, -1.2388
124.181                 ,     5, -37.2189, 1.7057, -1.2388
124.203                 ,     5, -37.1956, 1.7054, -1.2393
124.224                 ,     5, -37.1878, 1.7046, -1.2394
124.244                 ,     5, -37.1720, 1.7035, -1.2398
124.266                 ,     5, -37.1562, 1.7019, -1.2401
124.287                 ,     5, -37.1404, 1.7001, -1.2402
124.307                 ,     5, -37.1326, 1.6987, -1.2401
124.330                 ,     5, -37.1089, 1.6953, -1.2401
124.353                 ,     5, -37.0930, 1.6928, -1.2398
124.377                 ,     5, -37.0769, 1.6905, -1.2394
124.404                 ,     5, -37.0606, 1.6886, -1.2387
124.426                 ,     5, -37.0362, 1.6863, -1.2375
124.448                 ,     5, -37.0281, 1.6861, -1.2368
124.471                 ,     5, -37.0035, 1.6846, -1.2351
124.494                 ,     5, -36.9953, 1.6849, -1.2343
124.515                 ,     5, -36.9707, 1.6852, -1.2325
124.540                 ,     5, -36.9542, 1.6862, -1.2312
124.564                 ,     5, -36.9379, 1.6879, -1.2300
124.586                 ,     5, -36.9214, 1.6899, -1.2289
124.609                 ,     5, -36.9050, 1.6918, -1.2281
124.633                 ,     5, -36.8886, 1.6929, -1.2275
124.655                 ,     5, -36.8727, 1.6934, -1.2273
124.679                 ,     5, -36.8571, 1.6938, -1.2273
124.702                 ,     5, -36.8418, 1.6941, -1.2274
124.726                 ,     5, -36.8263, 1.6953, -1.2277
124.748                 ,     5, -36.8029, 1.6972, -1.2285
124.771                 ,     5, -36.7874, 1.6984, -1.2293
124.792                 ,     5, -36.7796, 1.6988, -1.2302
124.814                 ,     5, -36.7641, 1.6992, -1.2312
124.836                 ,     5, -36.7490, 1.6990, -1.2324
124.859                 ,     5, -36.7262, 1.6976, -1.2341
124.881                 ,     5, -36.7188, 1.6962, -1.2348
124.903                 ,     5, -36.6959, 1.6939, -1.2366
124.926                 ,     5, -36.6806, 1.6919, -1.2381
124.947                 ,     5, -36.6728, 1.6904, -1.2391
124.970                 ,     5, -36.6574, 1.6880, -1.2408
124.992                 ,     5, -36.6421, 1.6856, -1.2429
125.018                 ,     5, -36.6192, 1.6819, -1.2463
125.042                 ,     5, -36.6042, 1.6798, -1.2490
125.064                 ,     5, -36.5889, 1.6782, -1.2520
125.085                 ,     5, -36.5811, 1.6780, -1.2538
125.108                 ,     5, -36.5582, 1.6767, -1.2586
125.131                 ,     5, -36.5505, 1.6778, -1.2606
125.153                 ,     5, -36.5275, 1.6797, -1.2657
125.176                 ,     5, -36.5122, 1.6818, -1.2690
125.197                 ,     5, -36.4969, 1.6844, -1.2723
125.219                 ,     5, -36.4893, 1.6863, -1.2737
125.239                 ,     5, -36.4664, 1.6896, -1.2781
125.260                 ,     5, -36.4590, 1.6901, -1.2790
125.281                 ,     5, -36.4442, 1.6911, -1.2810
125.302                 ,     5, -36.4294, 1.6919, -1.2827
125.322                 ,     5, -36.4149, 1.6924, -1.2840
125.346                 ,     5, -36.4007, 1.6931, -1.2846
125.371                 ,     5, -36.3791, 1.6954, -1.2853
125.392                 ,     5, -36.3718, 1.6965, -1.2851
125.413                 ,     5, -36.3573, 1.6982, -1.2850
125.433                 ,     5, -36.3432, 1.6999, -1.2848
125.453                 ,     5, -36.3292, 1.7010, -1.2843
125.475                 ,     5, -36.3156, 1.7011, -1.2837
125.495                 ,     5, -36.3023, 1.7003, -1.2831
125.515                 ,     5, -36.2959, 1.6992, -1.2826
125.536                 ,     5, -36.2825, 1.6977, -1.2818
125.557                 ,     5, -36.2691, 1.6959, -1.2808
125.579                 ,     5, -36.2557, 1.6942, -1.2797
125.602                 ,     5, -36.2421, 1.6925, -1.2784
125.623                 ,     5, -36.2285, 1.6910, -1.2769
125.645                 ,     5, -36.2147, 1.6895, -1.2751
125.671                 ,     5, -36.1938, 1.6873, -1.2720
125.694                 ,     5, -36.1798, 1.6857, -1.2694
125.716                 ,     5, -36.1660, 1.6841, -1.2665
125.738                 ,     5, -36.1589, 1.6831, -1.2647
125.759                 ,     5, -36.1453, 1.6813, -1.2616
125.782                 ,     5, -36.1249, 1.6792, -1.2567
125.804                 ,     5, -36.1114, 1.6788, -1.2532
125.828                 ,     5, -36.0978, 1.6793, -1.2497
125.851                 ,     5, -36.0842, 1.6805, -1.2462
125.872                 ,     5, -36.0774, 1.6822, -1.2446
125.894                 ,     5, -36.0570, 1.6848, -1.2395
125.915                 ,     5, -36.0502, 1.6857, -1.2380
125.937                 ,     5, -36.0370, 1.6866, -1.2350
125.959                 ,     5, -36.0242, 1.6866, -1.2323
125.980                 ,     5, -36.0116, 1.6865, -1.2298
126.002                 ,     5, -35.9991, 1.6866, -1.2275
126.024                 ,     5, -35.9868, 1.6873, -1.2254
126.045                 ,     5, -35.9742, 1.6885, -1.2236
126.066                 ,     5, -35.9616, 1.6899, -1.2219
126.088                 ,     5, -35.9491, 1.6910, -1.2206
126.108                 ,     5, -35.9368, 1.6919, -1.2196
126.132                 ,     5, -35.9246, 1.6923, -1.2186
126.156                 ,     5, -35.9127, 1.6918, -1.2179
126.177                 ,     5, -35.9070, 1.6911, -1.2176
126.198                 ,     5, -35.8891, 1.6902, -1.2165
126.219                 ,     5, -35.8773, 1.6894, -1.2161
126.239                 ,     5, -35.8719, 1.6889, -1.2162
126.260                 ,     5, -35.8539, 1.6877, -1.2161
126.282                 ,     5, -35.8417, 1.6869, -1.2165
126.305                 ,     5, -35.8297, 1.6860, -1.2168
126.328                 ,     5, -35.8176, 1.6851, -1.2175
126.349                 ,     5, -35.8056, 1.6840, -1.2185
126.371                 ,     5, -35.7995, 1.6831, -1.2195
126.392                 ,     5, -35.7878, 1.6815, -1.2209
126.414                 ,     5, -35.7764, 1.6795, -1.2226
126.436                 ,     5, -35.7651, 1.6776, -1.2244
126.458                 ,     5, -35.7541, 1.6771, -1.2263
126.479                 ,     5, -35.7425, 1.6779, -1.2281
126.500                 ,     5, -35.7309, 1.6795, -1.2299
126.521                 ,     5, -35.7191, 1.6820, -1.2316
126.541                 ,     5, -35.7073, 1.6844, -1.2333
126.560                 ,     5, -35.7016, 1.6857, -1.2339
126.581                 ,     5, -35.6901, 1.6875, -1.2350
126.601                 ,     5, -35.6791, 1.6882, -1.2360
126.622                 ,     5, -35.6683, 1.6880, -1.2367
126.642                 ,     5, -35.6577, 1.6878, -1.2372
126.661                 ,     5, -35.6527, 1.6877, -1.2371
126.682                 ,     5, -35.6422, 1.6881, -1.2373
126.702                 ,     5, -35.6317, 1.6889, -1.2374
126.724                 ,     5, -35.6211, 1.6902, -1.2371
126.744                 ,     5, -35.6108, 1.6916, -1.2369
126.765                 ,     5, -35.6007, 1.6930, -1.2367
126.787                 ,     5, -35.5909, 1.6945, -1.2362
126.807                 ,     5, -35.5813, 1.6956, -1.2357
126.828                 ,     5, -35.5768, 1.6959, -1.2355
126.848                 ,     5, -35.5677, 1.6965, -1.2350
126.871                 ,     5, -35.5587, 1.6968, -1.2343
126.891                 ,     5, -35.5497, 1.6969, -1.2333
126.912                 ,     5, -35.5409, 1.6963, -1.2323
126.934                 ,     5, -35.5326, 1.6953, -1.2310
126.956                 ,     5, -35.5243, 1.6940, -1.2295
126.977                 ,     5, -35.5162, 1.6921, -1.2278
126.999                 ,     5, -35.5083, 1.6904, -1.2257
127.021                 ,     5, -35.5006, 1.6887, -1.2236
127.042                 ,     5, -35.4931, 1.6873, -1.2211
127.063                 ,     5, -35.4856, 1.6868, -1.2186
127.085                 ,     5, -35.4819, 1.6872, -1.2172
127.109                 ,     5, -35.4707, 1.6871, -1.2134
127.133                 ,     5, -35.4634, 1.6880, -1.2106
127.155                 ,     5, -35.4562, 1.6895, -1.2081
127.177                 ,     5, -35.4491, 1.6907, -1.2056
127.199                 ,     5, -35.4421, 1.6915, -1.2032
127.222                 ,     5, -35.4351, 1.6917, -1.2008
127.243                 ,     5, -35.4285, 1.6917, -1.1986
127.266                 ,     5, -35.4221, 1.6920, -1.1968
127.289                 ,     5, -35.4160, 1.6927, -1.1951
127.311                 ,     5, -35.4098, 1.6936, -1.1936
127.332                 ,     5, -35.4037, 1.6945, -1.1922
127.354                 ,     5, -35.3977, 1.6955, -1.1910
127.376                 ,     5, -35.3920, 1.6964, -1.1902
127.397                 ,     5, -35.3866, 1.6972, -1.1893
127.422                 ,     5, -35.3813, 1.6976, -1.1887
127.445                 ,     5, -35.3763, 1.6979, -1.1883
127.467                 ,     5, -35.3714, 1.6980, -1.1879
127.486                 ,     5, -35.3664, 1.6981, -1.1878
127.506                 ,     5, -35.3643, 1.6979, -1.1881
127.527                 ,     5, -35.3577, 1.6976, -1.1883
127.547                 ,     5, -35.3559, 1.6971, -1.1888
127.567                 ,     5, -35.3521, 1.6962, -1.1894
127.586                 ,     5, -35.3486, 1.6954, -1.1901
127.606                 ,     5, -35.3453, 1.6949, -1.1909
127.626                 ,     5, -35.3440, 1.6949, -1.1917
127.647                 ,     5, -35.3392, 1.6951, -1.1932
127.667                 ,     5, -35.3378, 1.6954, -1.1937
127.688                 ,     5, -35.3347, 1.6957, -1.1947
127.710                 ,     5, -35.3317, 1.6955, -1.1956
127.730                 ,     5, -35.3289, 1.6951, -1.1968
127.750                 ,     5, -35.3261, 1.6945, -1.1979
127.770                 ,     5, -35.3249, 1.6940, -1.1985
127.790                 ,     5, -35.3212, 1.6930, -1.2004
127.811                 ,     5, -35.3202, 1.6929, -1.2011
127.830                 ,     5, -35.3182, 1.6927, -1.2022
127.850                 ,     5, -35.3160, 1.6930, -1.2034
127.870                 ,     5, -35.3152, 1.6934, -1.2041
127.895                 ,     5, -35.3122, 1.6938, -1.2059
127.917                 ,     5, -35.3103, 1.6941, -1.2070
127.939                 ,     5, -35.3085, 1.6943, -1.2084
127.959                 ,     5, -35.3077, 1.6941, -1.2090
127.981                 ,     5, -35.3051, 1.6940, -1.2107

# --- Trial 6 start ---
138.427                 ,     6, -39.5097, 1.7245, -1.2031
138.591                 ,     6, -39.5098, 1.7255, -1.2048
138.642                 ,     6, -39.5097, 1.7259, -1.2058
138.665                 ,     6, -39.5094, 1.7260, -1.2061
138.688                 ,     6, -39.5093, 1.7261, -1.2065
138.710                 ,     6, -39.5091, 1.7261, -1.2069
138.737                 ,     6, -39.5090, 1.7260, -1.2075
138.761                 ,     6, -39.5087, 1.7259, -1.2083
138.787                 ,     6, -39.5086, 1.7258, -1.2098
138.812                 ,     6, -39.5082, 1.7257, -1.2110
138.837                 ,     6, -39.5079, 1.7256, -1.2124
138.861                 ,     6, -39.5073, 1.7255, -1.2139
138.886                 ,     6, -39.5070, 1.7255, -1.2156
138.910                 ,     6, -39.5062, 1.7254, -1.2181
138.934                 ,     6, -39.5056, 1.7253, -1.2201
138.960                 ,     6, -39.5048, 1.7253, -1.2221
138.987                 ,     6, -39.5037, 1.7249, -1.2250
139.011                 ,     6, -39.5032, 1.7240, -1.2271
139.034                 ,     6, -39.5024, 1.7224, -1.2290
139.058                 ,     6, -39.5016, 1.7206, -1.2308
139.083                 ,     6, -39.5007, 1.7186, -1.2323
139.107                 ,     6, -39.5001, 1.7164, -1.2337
139.133                 ,     6, -39.4993, 1.7131, -1.2353
139.160                 ,     6, -39.4989, 1.7110, -1.2360
139.184                 ,     6, -39.4986, 1.7091, -1.2366
139.208                 ,     6, -39.4981, 1.7066, -1.2374
139.234                 ,     6, -39.4976, 1.7060, -1.2376
139.257                 ,     6, -39.4969, 1.7063, -1.2378
139.283                 ,     6, -39.4958, 1.7074, -1.2377
139.309                 ,     6, -39.4944, 1.7088, -1.2374
139.336                 ,     6, -39.4923, 1.7111, -1.2367
139.361                 ,     6, -39.4906, 1.7127, -1.2357
139.385                 ,     6, -39.4881, 1.7146, -1.2340
139.415                 ,     6, -39.4845, 1.7168, -1.2310
139.439                 ,     6, -39.4822, 1.7173, -1.2287
139.462                 ,     6, -39.4797, 1.7174, -1.2262
139.486                 ,     6, -39.4771, 1.7175, -1.2234
139.509                 ,     6, -39.4741, 1.7177, -1.2205
139.534                 ,     6, -39.4706, 1.7177, -1.2175
139.556                 ,     6, -39.4671, 1.7175, -1.2144
139.580                 ,     6, -39.4633, 1.7169, -1.2112
139.604                 ,     6, -39.4591, 1.7156, -1.2083
139.628                 ,     6, -39.4508, 1.7123, -1.2026
139.651                 ,     6, -39.4457, 1.7092, -1.2003
139.676                 ,     6, -39.4403, 1.7075, -1.1987
139.700                 ,     6, -39.4342, 1.7067, -1.1973
139.723                 ,     6, -39.4280, 1.7056, -1.1962
139.746                 ,     6, -39.4212, 1.7056, -1.1953
139.771                 ,     6, -39.4138, 1.7063, -1.1947
139.796                 ,     6, -39.4060, 1.7071, -1.1945
139.818                 ,     6, -39.3981, 1.7072, -1.1942
139.841                 ,     6, -39.3896, 1.7068, -1.1940
139.863                 ,     6, -39.3806, 1.7056, -1.1940
139.885                 ,     6, -39.3710, 1.7041, -1.1940
139.909                 ,     6, -39.3608, 1.7023, -1.1943
139.933                 ,     6, -39.3551, 1.7011, -1.1947
139.955                 ,     6, -39.3493, 1.6999, -1.1949
139.979                 ,     6, -39.3279, 1.6964, -1.1960
140.003                 ,     6, -39.3166, 1.6947, -1.1971
140.027                 ,     6, -39.3052, 1.6932, -1.1985
140.050                 ,     6, -39.2936, 1.6921, -1.2003
140.075                 ,     6, -39.2760, 1.6909, -1.2031
140.098                 ,     6, -39.2641, 1.6907, -1.2055
140.122                 ,     6, -39.2517, 1.6914, -1.2083
140.146                 ,     6, -39.2392, 1.6934, -1.2112
140.170                 ,     6, -39.2264, 1.6966, -1.2140
140.195                 ,     6, -39.2130, 1.7002, -1.2167
140.220                 ,     6, -39.1932, 1.7047, -1.2204
140.242                 ,     6, -39.1868, 1.7056, -1.2213
140.268                 ,     6, -39.1666, 1.7073, -1.2245
140.294                 ,     6, -39.1535, 1.7062, -1.2261
140.324                 ,     6, -39.1333, 1.7058, -1.2284
140.347                 ,     6, -39.1195, 1.7065, -1.2297
140.374                 ,     6, -39.1050, 1.7079, -1.2307
140.402                 ,     6, -39.0831, 1.7096, -1.2324
140.433                 ,     6, -39.0686, 1.7106, -1.2330
140.463                 ,     6, -39.0472, 1.7109, -1.2338
140.493                 ,     6, -39.0259, 1.7100, -1.2342
140.520                 ,     6, -39.0113, 1.7089, -1.2342
140.548                 ,     6, -38.9891, 1.7075, -1.2341
140.574                 ,     6, -38.9735, 1.7061, -1.2336
140.601                 ,     6, -38.9502, 1.7039, -1.2328
140.628                 ,     6, -38.9341, 1.7020, -1.2317
140.655                 ,     6, -38.9181, 1.7000, -1.2304
140.698                 ,     6, -38.8942, 1.6974, -1.2278
140.730                 ,     6, -38.8544, 1.6944, -1.2231
140.753                 ,     6, -38.8463, 1.6954, -1.2215
140.775                 ,     6, -38.8301, 1.6967, -1.2189
140.797                 ,     6, -38.8137, 1.6995, -1.2163
140.819                 ,     6, -38.7971, 1.7032, -1.2139
140.843                 ,     6, -38.7803, 1.7070, -1.2115
140.865                 ,     6, -38.7636, 1.7099, -1.2094
140.887                 ,     6, -38.7470, 1.7113, -1.2075
140.912                 ,     6, -38.7229, 1.7111, -1.2049
140.936                 ,     6, -38.7077, 1.7092, -1.2039
140.959                 ,     6, -38.6922, 1.7086, -1.2029
140.981                 ,     6, -38.6763, 1.7089, -1.2021
141.005                 ,     6, -38.6605, 1.7089, -1.2016
141.027                 ,     6, -38.6446, 1.7092, -1.2012
141.049                 ,     6, -38.6286, 1.7098, -1.2011
141.075                 ,     6, -38.6047, 1.7100, -1.2011
141.098                 ,     6, -38.5888, 1.7094, -1.2013
141.121                 ,     6, -38.5734, 1.7083, -1.2016
141.143                 ,     6, -38.5654, 1.7070, -1.2019
141.167                 ,     6, -38.5413, 1.7047, -1.2028
141.188                 ,     6, -38.5330, 1.7034, -1.2035
141.211                 ,     6, -38.5166, 1.7012, -1.2046
141.237                 ,     6, -38.5004, 1.6984, -1.2060
141.263                 ,     6, -38.4758, 1.6947, -1.2085
141.287                 ,     6, -38.4594, 1.6926, -1.2107
141.309                 ,     6, -38.4429, 1.6912, -1.2133
141.332                 ,     6, -38.4343, 1.6907, -1.2151
141.356                 ,     6, -38.4176, 1.6898, -1.2183
141.380                 ,     6, -38.3927, 1.6905, -1.2234
141.406                 ,     6, -38.3678, 1.6942, -1.2288
141.432                 ,     6, -38.3516, 1.6984, -1.2324
141.456                 ,     6, -38.3348, 1.7022, -1.2361
141.481                 ,     6, -38.3182, 1.7044, -1.2396
141.505                 ,     6, -38.2928, 1.7063, -1.2444
141.528                 ,     6, -38.2765, 1.7059, -1.2471
141.551                 ,     6, -38.2606, 1.7053, -1.2496
141.578                 ,     6, -38.2447, 1.7057, -1.2519
141.605                 ,     6, -38.2202, 1.7066, -1.2557
141.629                 ,     6, -38.2041, 1.7074, -1.2581
141.652                 ,     6, -38.1960, 1.7081, -1.2593
141.677                 ,     6, -38.1718, 1.7093, -1.2627
141.700                 ,     6, -38.1558, 1.7097, -1.2649
141.723                 ,     6, -38.1396, 1.7093, -1.2670
141.746                 ,     6, -38.1235, 1.7083, -1.2688
141.769                 ,     6, -38.1069, 1.7070, -1.2705
141.792                 ,     6, -38.0904, 1.7054, -1.2720
141.814                 ,     6, -38.0742, 1.7031, -1.2731
141.837                 ,     6, -38.0498, 1.6994, -1.2746
141.859                 ,     6, -38.0419, 1.6979, -1.2744
141.881                 ,     6, -38.0173, 1.6943, -1.2748
141.911                 ,     6, -38.0010, 1.6922, -1.2741
141.932                 ,     6, -37.9842, 1.6904, -1.2735
141.954                 ,     6, -37.9674, 1.6894, -1.2726
141.977                 ,     6, -37.9506, 1.6895, -1.2715
141.999                 ,     6, -37.9339, 1.6911, -1.2703
142.022                 ,     6, -37.9170, 1.6942, -1.2692
142.045                 ,     6, -37.8911, 1.6997, -1.2675
142.069                 ,     6, -37.8737, 1.7036, -1.2667
142.094                 ,     6, -37.8567, 1.7057, -1.2662
142.118                 ,     6, -37.8401, 1.7056, -1.2658
142.140                 ,     6, -37.8239, 1.7048, -1.2656
142.161                 ,     6, -37.8078, 1.7037, -1.2656
142.183                 ,     6, -37.7915, 1.7033, -1.2659
142.206                 ,     6, -37.7752, 1.7032, -1.2663
142.231                 ,     6, -37.7505, 1.7031, -1.2673
142.256                 ,     6, -37.7339, 1.7037, -1.2684
142.280                 ,     6, -37.7174, 1.7041, -1.2697
142.303                 ,     6, -37.7012, 1.7037, -1.2712
142.327                 ,     6, -37.6848, 1.7024, -1.2729
142.353                 ,     6, -37.6603, 1.6998, -1.2755
142.376                 ,     6, -37.6523, 1.6983, -1.2766
142.402                 ,     6, -37.6277, 1.6948, -1.2799
142.428                 ,     6, -37.6112, 1.6921, -1.2825
142.453                 ,     6, -37.5864, 1.6885, -1.2866
142.476                 ,     6, -37.5615, 1.6856, -1.2913
142.499                 ,     6, -37.5446, 1.6846, -1.2949
142.523                 ,     6, -37.5276, 1.6837, -1.2988
142.546                 ,     6, -37.5109, 1.6826, -1.3029
142.568                 ,     6, -37.4946, 1.6823, -1.3071
142.590                 ,     6, -37.4783, 1.6847, -1.3111
142.613                 ,     6, -37.4534, 1.6884, -1.3167
142.636                 ,     6, -37.4452, 1.6911, -1.3181
142.659                 ,     6, -37.4115, 1.6969, -1.3247
142.681                 ,     6, -37.3947, 1.6991, -1.3270
142.708                 ,     6, -37.3788, 1.6993, -1.3284
142.730                 ,     6, -37.3629, 1.7000, -1.3298
142.753                 ,     6, -37.3461, 1.7006, -1.3309
142.775                 ,     6, -37.3297, 1.7017, -1.3319
142.796                 ,     6, -37.3134, 1.7036, -1.3324
142.819                 ,     6, -37.2968, 1.7056, -1.3328
142.842                 ,     6, -37.2801, 1.7074, -1.3330
142.867                 ,     6, -37.2638, 1.7081, -1.3330
142.892                 ,     6, -37.2473, 1.7076, -1.3329
142.918                 ,     6, -37.2311, 1.7052, -1.3327
142.941                 ,     6, -37.2149, 1.7018, -1.3323
142.963                 ,     6, -37.1987, 1.6982, -1.3319
142.984                 ,     6, -37.1824, 1.6948, -1.3313
143.006                 ,     6, -37.1659, 1.6917, -1.3306
143.028                 ,     6, -37.1490, 1.6887, -1.3295
143.050                 ,     6, -37.1321, 1.6859, -1.3283
143.072                 ,     6, -37.1150, 1.6833, -1.3267
143.091                 ,     6, -37.1062, 1.6825, -1.3253
143.112                 ,     6, -37.0893, 1.6809, -1.3231
143.132                 ,     6, -37.0723, 1.6799, -1.3204
143.155                 ,     6, -37.0552, 1.6798, -1.3173
143.175                 ,     6, -37.0469, 1.6805, -1.3155
143.196                 ,     6, -37.0301, 1.6820, -1.3122
143.218                 ,     6, -37.0045, 1.6845, -1.3074
143.240                 ,     6, -36.9961, 1.6867, -1.3056
143.262                 ,     6, -36.9707, 1.6903, -1.3011
143.284                 ,     6, -36.9540, 1.6922, -1.2983
143.305                 ,     6, -36.9459, 1.6920, -1.2973
143.327                 ,     6, -36.9216, 1.6922, -1.2938
143.349                 ,     6, -36.9059, 1.6920, -1.2922
143.374                 ,     6, -36.8902, 1.6932, -1.2910
143.399                 ,     6, -36.8747, 1.6940, -1.2898
143.423                 ,     6, -36.8593, 1.6945, -1.2888
143.446                 ,     6, -36.8435, 1.6954, -1.2880
143.469                 ,     6, -36.8200, 1.6965, -1.2866
143.493                 ,     6, -36.8045, 1.6967, -1.2861
143.515                 ,     6, -36.7968, 1.6962, -1.2860
143.539                 ,     6, -36.7737, 1.6948, -1.2853
143.561                 ,     6, -36.7660, 1.6933, -1.2854
143.584                 ,     6, -36.7428, 1.6902, -1.2851
143.607                 ,     6, -36.7350, 1.6882, -1.2854
143.628                 ,     6, -36.7194, 1.6854, -1.2857
143.652                 ,     6, -36.6960, 1.6815, -1.2863
143.675                 ,     6, -36.6881, 1.6802, -1.2870
143.698                 ,     6, -36.6642, 1.6769, -1.2886
143.720                 ,     6, -36.6559, 1.6765, -1.2899
143.742                 ,     6, -36.6317, 1.6744, -1.2925
143.765                 ,     6, -36.6156, 1.6739, -1.2947
143.788                 ,     6, -36.5995, 1.6752, -1.2972
143.810                 ,     6, -36.5834, 1.6780, -1.2995
143.832                 ,     6, -36.5754, 1.6805, -1.3008
143.855                 ,     6, -36.5511, 1.6854, -1.3042
143.878                 ,     6, -36.5347, 1.6899, -1.3062
143.900                 ,     6, -36.5185, 1.6933, -1.3080
143.923                 ,     6, -36.5026, 1.6945, -1.3095
143.945                 ,     6, -36.4874, 1.6938, -1.3106
143.966                 ,     6, -36.4725, 1.6924, -1.3113
143.990                 ,     6, -36.4582, 1.6913, -1.3118
144.018                 ,     6, -36.4367, 1.6912, -1.3124
144.042                 ,     6, -36.4222, 1.6924, -1.3123
144.064                 ,     6, -36.4072, 1.6937, -1.3123
144.085                 ,     6, -36.3918, 1.6950, -1.3122
144.106                 ,     6, -36.3769, 1.6961, -1.3118
144.130                 ,     6, -36.3621, 1.6965, -1.3113
144.154                 ,     6, -36.3553, 1.6957, -1.3108
144.180                 ,     6, -36.3334, 1.6947, -1.3099
144.204                 ,     6, -36.3189, 1.6936, -1.3091
144.225                 ,     6, -36.3042, 1.6924, -1.3083
144.247                 ,     6, -36.2893, 1.6910, -1.3073
144.267                 ,     6, -36.2746, 1.6890, -1.3062
144.289                 ,     6, -36.2600, 1.6865, -1.3049
144.310                 ,     6, -36.2452, 1.6840, -1.3033
144.331                 ,     6, -36.2305, 1.6818, -1.3017
144.352                 ,     6, -36.2230, 1.6806, -1.3006
144.375                 ,     6, -36.2011, 1.6778, -1.2976
144.396                 ,     6, -36.1936, 1.6772, -1.2962
144.418                 ,     6, -36.1790, 1.6762, -1.2937
144.440                 ,     6, -36.1643, 1.6767, -1.2911
144.461                 ,     6, -36.1495, 1.6781, -1.2883
144.487                 ,     6, -36.1274, 1.6808, -1.2842
144.512                 ,     6, -36.1128, 1.6843, -1.2817
144.535                 ,     6, -36.0979, 1.6873, -1.2795
144.558                 ,     6, -36.0831, 1.6897, -1.2775
144.580                 ,     6, -36.0686, 1.6906, -1.2756
144.601                 ,     6, -36.0546, 1.6901, -1.2740
144.624                 ,     6, -36.0409, 1.6893, -1.2727
144.647                 ,     6, -36.0270, 1.6892, -1.2717
144.669                 ,     6, -36.0130, 1.6906, -1.2710
144.692                 ,     6, -35.9988, 1.6930, -1.2705
144.713                 ,     6, -35.9850, 1.6947, -1.2699
144.735                 ,     6, -35.9718, 1.6961, -1.2698
144.758                 ,     6, -35.9586, 1.6973, -1.2698
144.780                 ,     6, -35.9457, 1.6979, -1.2700
144.805                 ,     6, -35.9332, 1.6972, -1.2706
144.829                 ,     6, -35.9142, 1.6962, -1.2713
144.850                 ,     6, -35.9080, 1.6953, -1.2718
144.873                 ,     6, -35.8951, 1.6941, -1.2726
144.896                 ,     6, -35.8757, 1.6924, -1.2742
144.918                 ,     6, -35.8627, 1.6906, -1.2758
144.939                 ,     6, -35.8563, 1.6889, -1.2770
144.963                 ,     6, -35.8371, 1.6857, -1.2798
144.985                 ,     6, -35.8309, 1.6845, -1.2814
145.006                 ,     6, -35.8182, 1.6826, -1.2839
145.028                 ,     6, -35.8056, 1.6808, -1.2867
145.050                 ,     6, -35.7930, 1.6792, -1.2898
145.072                 ,     6, -35.7741, 1.6780, -1.2943
145.094                 ,     6, -35.7678, 1.6799, -1.2961
145.119                 ,     6, -35.7486, 1.6840, -1.3007
145.144                 ,     6, -35.7354, 1.6892, -1.3038
145.168                 ,     6, -35.7221, 1.6942, -1.3067
145.190                 ,     6, -35.7156, 1.6965, -1.3080
145.213                 ,     6, -35.6963, 1.7009, -1.3121
145.235                 ,     6, -35.6844, 1.7013, -1.3142
145.257                 ,     6, -35.6732, 1.6997, -1.3159
145.280                 ,     6, -35.6627, 1.6971, -1.3170
145.305                 ,     6, -35.6467, 1.6947, -1.3187
145.325                 ,     6, -35.6420, 1.6944, -1.3185
145.348                 ,     6, -35.6253, 1.6946, -1.3196
145.368                 ,     6, -35.6144, 1.6955, -1.3199
145.388                 ,     6, -35.6089, 1.6967, -1.3198
145.409                 ,     6, -35.5982, 1.6982, -1.3200
145.430                 ,     6, -35.5878, 1.6996, -1.3200
145.451                 ,     6, -35.5777, 1.7004, -1.3197
145.473                 ,     6, -35.5727, 1.7003, -1.3192
145.494                 ,     6, -35.5628, 1.7004, -1.3184
145.516                 ,     6, -35.5529, 1.7003, -1.3175
145.538                 ,     6, -35.5435, 1.6996, -1.3164
145.561                 ,     6, -35.5346, 1.6984, -1.3153
145.581                 ,     6, -35.5258, 1.6972, -1.3137
145.603                 ,     6, -35.5172, 1.6958, -1.3116
145.623                 ,     6, -35.5090, 1.6942, -1.3094
145.645                 ,     6, -35.5008, 1.6928, -1.3070
145.668                 ,     6, -35.4928, 1.6915, -1.3045
145.690                 ,     6, -35.4851, 1.6901, -1.3015
145.713                 ,     6, -35.4776, 1.6886, -1.2985
145.739                 ,     6, -35.4710, 1.6867, -1.2950
145.763                 ,     6, -35.4608, 1.6865, -1.2901
145.785                 ,     6, -35.4541, 1.6876, -1.2869
145.807                 ,     6, -35.4508, 1.6881, -1.2855
145.829                 ,     6, -35.4444, 1.6881, -1.2828
145.851                 ,     6, -35.4383, 1.6889, -1.2806
145.874                 ,     6, -35.4294, 1.6899, -1.2776
145.898                 ,     6, -35.4240, 1.6902, -1.2761
145.925                 ,     6, -35.4191, 1.6906, -1.2748
145.946                 ,     6, -35.4143, 1.6913, -1.2738
145.967                 ,     6, -35.4099, 1.6918, -1.2730
145.988                 ,     6, -35.4056, 1.6923, -1.2723
146.010                 ,     6, -35.4016, 1.6929, -1.2719
146.032                 ,     6, -35.3979, 1.6933, -1.2718
146.056                 ,     6, -35.3944, 1.6936, -1.2719
146.081                 ,     6, -35.3912, 1.6935, -1.2721
146.103                 ,     6, -35.3881, 1.6928, -1.2725
146.124                 ,     6, -35.3856, 1.6917, -1.2730
146.147                 ,     6, -35.3839, 1.6899, -1.2736
146.168                 ,     6, -35.3825, 1.6881, -1.2744
146.190                 ,     6, -35.3816, 1.6860, -1.2753
146.211                 ,     6, -35.3808, 1.6844, -1.2761
146.234                 ,     6, -35.3800, 1.6839, -1.2771
146.254                 ,     6, -35.3790, 1.6840, -1.2780
146.275                 ,     6, -35.3788, 1.6844, -1.2787
146.297                 ,     6, -35.3780, 1.6846, -1.2800
146.319                 ,     6, -35.3773, 1.6848, -1.2812
146.340                 ,     6, -35.3762, 1.6849, -1.2829
146.362                 ,     6, -35.3760, 1.6851, -1.2836
146.387                 ,     6, -35.3751, 1.6854, -1.2852
146.408                 ,     6, -35.3749, 1.6858, -1.2857
146.428                 ,     6, -35.3743, 1.6864, -1.2868
146.448                 ,     6, -35.3737, 1.6872, -1.2877
146.469                 ,     6, -35.3730, 1.6880, -1.2886
146.491                 ,     6, -35.3723, 1.6888, -1.2894
146.516                 ,     6, -35.3715, 1.6897, -1.2902
146.539                 ,     6, -35.3703, 1.6907, -1.2911
146.560                 ,     6, -35.3698, 1.6908, -1.2913
146.580                 ,     6, -35.3690, 1.6914, -1.2917
146.601                 ,     6, -35.3681, 1.6918, -1.2922
146.621                 ,     6, -35.3673, 1.6922, -1.2926
146.641                 ,     6, -35.3670, 1.6922, -1.2927
146.662                 ,     6, -35.3661, 1.6922, -1.2929
146.682                 ,     6, -35.3653, 1.6923, -1.2932
146.703                 ,     6, -35.3646, 1.6922, -1.2933
146.724                 ,     6, -35.3637, 1.6919, -1.2934
146.745                 ,     6, -35.3628, 1.6917, -1.2937
146.763                 ,     6, -35.3622, 1.6913, -1.2938
146.784                 ,     6, -35.3619, 1.6911, -1.2939
146.807                 ,     6, -35.3608, 1.6903, -1.2941
146.832                 ,     6, -35.3602, 1.6901, -1.2945
146.857                 ,     6, -35.3596, 1.6899, -1.2948

# --- Trial 7 start ---
157.162                 ,     7, -39.6484, 1.7273, -1.1703
157.319                 ,     7, -39.6437, 1.7271, -1.1720
157.371                 ,     7, -39.6409, 1.7265, -1.1734
157.395                 ,     7, -39.6399, 1.7266, -1.1741
157.419                 ,     7, -39.6387, 1.7266, -1.1749
157.446                 ,     7, -39.6368, 1.7264, -1.1762
157.469                 ,     7, -39.6363, 1.7263, -1.1769
157.495                 ,     7, -39.6344, 1.7260, -1.1788
157.521                 ,     7, -39.6330, 1.7257, -1.1803
157.548                 ,     7, -39.6310, 1.7255, -1.1827
157.572                 ,     7, -39.6295, 1.7253, -1.1845
157.595                 ,     7, -39.6279, 1.7251, -1.1864
157.619                 ,     7, -39.6263, 1.7249, -1.1884
157.642                 ,     7, -39.6245, 1.7247, -1.1905
157.666                 ,     7, -39.6225, 1.7246, -1.1926
157.689                 ,     7, -39.6204, 1.7244, -1.1948
157.712                 ,     7, -39.6184, 1.7240, -1.1970
157.735                 ,     7, -39.6164, 1.7233, -1.1991
157.760                 ,     7, -39.6135, 1.7219, -1.2021
157.785                 ,     7, -39.6119, 1.7206, -1.2039
157.810                 ,     7, -39.6103, 1.7187, -1.2055
157.837                 ,     7, -39.6081, 1.7158, -1.2075
157.863                 ,     7, -39.6068, 1.7141, -1.2083
157.888                 ,     7, -39.6051, 1.7121, -1.2090
157.912                 ,     7, -39.6047, 1.7119, -1.2086
157.936                 ,     7, -39.6031, 1.7111, -1.2083
157.964                 ,     7, -39.6024, 1.7113, -1.2073
157.991                 ,     7, -39.6010, 1.7117, -1.2056
158.017                 ,     7, -39.6000, 1.7122, -1.2039
158.041                 ,     7, -39.5990, 1.7125, -1.2020
158.065                 ,     7, -39.5977, 1.7127, -1.1998
158.088                 ,     7, -39.5958, 1.7122, -1.1963
158.112                 ,     7, -39.5944, 1.7117, -1.1935
158.136                 ,     7, -39.5926, 1.7112, -1.1906
158.160                 ,     7, -39.5906, 1.7108, -1.1875
158.183                 ,     7, -39.5880, 1.7105, -1.1845
158.208                 ,     7, -39.5852, 1.7102, -1.1815
158.233                 ,     7, -39.5807, 1.7096, -1.1770
158.260                 ,     7, -39.5769, 1.7087, -1.1738
158.283                 ,     7, -39.5730, 1.7071, -1.1706
158.307                 ,     7, -39.5688, 1.7056, -1.1676
158.331                 ,     7, -39.5643, 1.7043, -1.1649
158.355                 ,     7, -39.5574, 1.7028, -1.1609
158.381                 ,     7, -39.5522, 1.7024, -1.1587
158.403                 ,     7, -39.5468, 1.7021, -1.1567
158.427                 ,     7, -39.5410, 1.7018, -1.1549
158.451                 ,     7, -39.5350, 1.7015, -1.1532
158.476                 ,     7, -39.5289, 1.7014, -1.1518
158.500                 ,     7, -39.5192, 1.7008, -1.1501
158.527                 ,     7, -39.5118, 1.7005, -1.1494
158.554                 ,     7, -39.4998, 1.6999, -1.1487
158.577                 ,     7, -39.4952, 1.6996, -1.1488
158.601                 ,     7, -39.4820, 1.6988, -1.1488
158.625                 ,     7, -39.4766, 1.6984, -1.1496
158.648                 ,     7, -39.4623, 1.6976, -1.1507
158.673                 ,     7, -39.4519, 1.6972, -1.1524
158.699                 ,     7, -39.4413, 1.6967, -1.1544
158.721                 ,     7, -39.4252, 1.6964, -1.1575
158.743                 ,     7, -39.4194, 1.6967, -1.1592
158.765                 ,     7, -39.4082, 1.6972, -1.1620
158.789                 ,     7, -39.3968, 1.6985, -1.1651
158.812                 ,     7, -39.3792, 1.7015, -1.1699
158.842                 ,     7, -39.3666, 1.7050, -1.1735
158.864                 ,     7, -39.3540, 1.7087, -1.1770
158.886                 ,     7, -39.3415, 1.7121, -1.1803
158.910                 ,     7, -39.3288, 1.7146, -1.1836
158.935                 ,     7, -39.3100, 1.7168, -1.1880
158.958                 ,     7, -39.2974, 1.7167, -1.1906
158.983                 ,     7, -39.2849, 1.7164, -1.1928
159.010                 ,     7, -39.2659, 1.7167, -1.1960
159.035                 ,     7, -39.2528, 1.7171, -1.1976
159.059                 ,     7, -39.2394, 1.7176, -1.1994
159.083                 ,     7, -39.2260, 1.7178, -1.2010
159.106                 ,     7, -39.2122, 1.7182, -1.2024
159.129                 ,     7, -39.1983, 1.7182, -1.2036
159.153                 ,     7, -39.1847, 1.7177, -1.2046
159.179                 ,     7, -39.1643, 1.7163, -1.2058
159.206                 ,     7, -39.1495, 1.7146, -1.2063
159.229                 ,     7, -39.1343, 1.7127, -1.2066
159.251                 ,     7, -39.1191, 1.7106, -1.2067
159.275                 ,     7, -39.1037, 1.7080, -1.2064
159.298                 ,     7, -39.0807, 1.7044, -1.2060
159.323                 ,     7, -39.0650, 1.7022, -1.2048
159.349                 ,     7, -39.0495, 1.7001, -1.2033
159.376                 ,     7, -39.0266, 1.6975, -1.2007
159.400                 ,     7, -39.0112, 1.6970, -1.1987
159.424                 ,     7, -38.9960, 1.6983, -1.1967
159.449                 ,     7, -38.9803, 1.7012, -1.1947
159.473                 ,     7, -38.9643, 1.7043, -1.1928
159.498                 ,     7, -38.9484, 1.7062, -1.1913
159.524                 ,     7, -38.9251, 1.7076, -1.1894
159.549                 ,     7, -38.9098, 1.7074, -1.1885
159.573                 ,     7, -38.8945, 1.7072, -1.1877
159.600                 ,     7, -38.8712, 1.7080, -1.1866
159.624                 ,     7, -38.8554, 1.7086, -1.1863
159.650                 ,     7, -38.8395, 1.7091, -1.1862
159.676                 ,     7, -38.8157, 1.7097, -1.1860
159.699                 ,     7, -38.7996, 1.7097, -1.1861
159.721                 ,     7, -38.7832, 1.7094, -1.1861
159.743                 ,     7, -38.7667, 1.7084, -1.1862
159.765                 ,     7, -38.7583, 1.7075, -1.1864
159.787                 ,     7, -38.7414, 1.7061, -1.1867
159.811                 ,     7, -38.7241, 1.7047, -1.1871
159.833                 ,     7, -38.6980, 1.7022, -1.1880
159.854                 ,     7, -38.6891, 1.7009, -1.1887
159.877                 ,     7, -38.6627, 1.6976, -1.1904
159.898                 ,     7, -38.6536, 1.6964, -1.1913
159.922                 ,     7, -38.6268, 1.6933, -1.1937
159.945                 ,     7, -38.6088, 1.6920, -1.1959
159.967                 ,     7, -38.5907, 1.6912, -1.1983
159.989                 ,     7, -38.5727, 1.6914, -1.2007
160.012                 ,     7, -38.5547, 1.6931, -1.2033
160.034                 ,     7, -38.5362, 1.6963, -1.2060
160.058                 ,     7, -38.5179, 1.6992, -1.2085
160.081                 ,     7, -38.4992, 1.7024, -1.2109
160.104                 ,     7, -38.4808, 1.7049, -1.2130
160.128                 ,     7, -38.4626, 1.7064, -1.2148
160.151                 ,     7, -38.4449, 1.7071, -1.2162
160.176                 ,     7, -38.4275, 1.7075, -1.2174
160.200                 ,     7, -38.4017, 1.7084, -1.2189
160.223                 ,     7, -38.3845, 1.7095, -1.2194
160.246                 ,     7, -38.3672, 1.7107, -1.2197
160.270                 ,     7, -38.3498, 1.7120, -1.2198
160.296                 ,     7, -38.3327, 1.7129, -1.2196
160.323                 ,     7, -38.3070, 1.7134, -1.2194
160.347                 ,     7, -38.2900, 1.7126, -1.2189
160.372                 ,     7, -38.2726, 1.7109, -1.2182
160.395                 ,     7, -38.2553, 1.7088, -1.2176
160.419                 ,     7, -38.2379, 1.7064, -1.2168
160.444                 ,     7, -38.2201, 1.7036, -1.2157
160.470                 ,     7, -38.1935, 1.6990, -1.2138
160.495                 ,     7, -38.1757, 1.6957, -1.2121
160.519                 ,     7, -38.1578, 1.6930, -1.2102
160.543                 ,     7, -38.1401, 1.6909, -1.2081
160.573                 ,     7, -38.1132, 1.6883, -1.2044
160.598                 ,     7, -38.0957, 1.6879, -1.2016
160.623                 ,     7, -38.0691, 1.6889, -1.1973
160.649                 ,     7, -38.0516, 1.6913, -1.1944
160.672                 ,     7, -38.0337, 1.6942, -1.1916
160.696                 ,     7, -38.0159, 1.6966, -1.1890
160.718                 ,     7, -37.9892, 1.6994, -1.1853
160.743                 ,     7, -37.9715, 1.7003, -1.1834
160.766                 ,     7, -37.9543, 1.7005, -1.1816
160.789                 ,     7, -37.9372, 1.7011, -1.1799
160.812                 ,     7, -37.9199, 1.7022, -1.1783
160.835                 ,     7, -37.9026, 1.7028, -1.1769
160.858                 ,     7, -37.8853, 1.7035, -1.1756
160.880                 ,     7, -37.8682, 1.7042, -1.1743
160.903                 ,     7, -37.8512, 1.7044, -1.1732
160.925                 ,     7, -37.8341, 1.7041, -1.1722
160.949                 ,     7, -37.8171, 1.7031, -1.1712
160.974                 ,     7, -37.8001, 1.7016, -1.1704
160.997                 ,     7, -37.7743, 1.6994, -1.1691
161.018                 ,     7, -37.7656, 1.6979, -1.1688
161.041                 ,     7, -37.7397, 1.6946, -1.1679
161.063                 ,     7, -37.7311, 1.6929, -1.1679
161.086                 ,     7, -37.7053, 1.6892, -1.1677
161.110                 ,     7, -37.6879, 1.6871, -1.1680
161.134                 ,     7, -37.6704, 1.6856, -1.1686
161.160                 ,     7, -37.6527, 1.6843, -1.1694
161.183                 ,     7, -37.6354, 1.6834, -1.1703
161.206                 ,     7, -37.6184, 1.6846, -1.1711
161.229                 ,     7, -37.5922, 1.6878, -1.1722
161.251                 ,     7, -37.5748, 1.6906, -1.1727
161.276                 ,     7, -37.5571, 1.6945, -1.1731
161.300                 ,     7, -37.5393, 1.6972, -1.1731
161.323                 ,     7, -37.5220, 1.6983, -1.1728
161.347                 ,     7, -37.5055, 1.6984, -1.1720
161.371                 ,     7, -37.4894, 1.6986, -1.1707
161.393                 ,     7, -37.4734, 1.6991, -1.1693
161.415                 ,     7, -37.4573, 1.7004, -1.1676
161.440                 ,     7, -37.4407, 1.7022, -1.1654
161.465                 ,     7, -37.4165, 1.7049, -1.1622
161.487                 ,     7, -37.4008, 1.7066, -1.1597
161.509                 ,     7, -37.3929, 1.7069, -1.1581
161.532                 ,     7, -37.3687, 1.7076, -1.1539
161.554                 ,     7, -37.3526, 1.7069, -1.1509
161.578                 ,     7, -37.3365, 1.7052, -1.1477
161.601                 ,     7, -37.3203, 1.7032, -1.1445
161.624                 ,     7, -37.3041, 1.7012, -1.1412
161.648                 ,     7, -37.2877, 1.6991, -1.1378
161.671                 ,     7, -37.2713, 1.6969, -1.1344
161.693                 ,     7, -37.2547, 1.6946, -1.1308
161.716                 ,     7, -37.2383, 1.6924, -1.1273
161.739                 ,     7, -37.2220, 1.6903, -1.1238
161.763                 ,     7, -37.1977, 1.6872, -1.1184
161.786                 ,     7, -37.1821, 1.6853, -1.1149
161.808                 ,     7, -37.1671, 1.6846, -1.1113
161.832                 ,     7, -37.1513, 1.6862, -1.1076
161.855                 ,     7, -37.1347, 1.6887, -1.1040
161.876                 ,     7, -37.1181, 1.6916, -1.1006
161.900                 ,     7, -37.1012, 1.6942, -1.0975
161.926                 ,     7, -37.0845, 1.6955, -1.0950
161.949                 ,     7, -37.0604, 1.6969, -1.0917
161.972                 ,     7, -37.0445, 1.6978, -1.0900
161.994                 ,     7, -37.0368, 1.6985, -1.0897
162.015                 ,     7, -37.0210, 1.6999, -1.0885
162.036                 ,     7, -37.0051, 1.7013, -1.0876
162.058                 ,     7, -36.9890, 1.7027, -1.0870
162.081                 ,     7, -36.9731, 1.7036, -1.0866
162.103                 ,     7, -36.9572, 1.7038, -1.0864
162.124                 ,     7, -36.9416, 1.7032, -1.0864
162.145                 ,     7, -36.9259, 1.7019, -1.0865
162.166                 ,     7, -36.9180, 1.7006, -1.0868
162.188                 ,     7, -36.8942, 1.6982, -1.0872
162.211                 ,     7, -36.8783, 1.6959, -1.0878
162.236                 ,     7, -36.8621, 1.6934, -1.0887
162.259                 ,     7, -36.8458, 1.6910, -1.0899
162.281                 ,     7, -36.8297, 1.6886, -1.0913
162.301                 ,     7, -36.8133, 1.6864, -1.0931
162.330                 ,     7, -36.7972, 1.6848, -1.0954
162.353                 ,     7, -36.7811, 1.6832, -1.0979
162.375                 ,     7, -36.7652, 1.6817, -1.1007
162.398                 ,     7, -36.7414, 1.6809, -1.1050
162.420                 ,     7, -36.7336, 1.6827, -1.1067
162.442                 ,     7, -36.7096, 1.6854, -1.1112
162.466                 ,     7, -36.6933, 1.6887, -1.1144
162.488                 ,     7, -36.6767, 1.6918, -1.1176
162.511                 ,     7, -36.6602, 1.6939, -1.1206
162.533                 ,     7, -36.6522, 1.6941, -1.1218
162.563                 ,     7, -36.6285, 1.6956, -1.1256
162.596                 ,     7, -36.6052, 1.6971, -1.1287
162.620                 ,     7, -36.5821, 1.6994, -1.1315
162.642                 ,     7, -36.5743, 1.7003, -1.1320
162.665                 ,     7, -36.5510, 1.7027, -1.1343
162.687                 ,     7, -36.5356, 1.7043, -1.1354
162.709                 ,     7, -36.5283, 1.7046, -1.1357
162.733                 ,     7, -36.5055, 1.7056, -1.1373
162.754                 ,     7, -36.4980, 1.7050, -1.1376
162.777                 ,     7, -36.4676, 1.7041, -1.1392
162.799                 ,     7, -36.4525, 1.7023, -1.1397
162.821                 ,     7, -36.4375, 1.7003, -1.1400
162.845                 ,     7, -36.4226, 1.6978, -1.1400
162.867                 ,     7, -36.4073, 1.6954, -1.1400
162.890                 ,     7, -36.3919, 1.6932, -1.1398
162.912                 ,     7, -36.3762, 1.6912, -1.1393
162.936                 ,     7, -36.3604, 1.6895, -1.1385
162.959                 ,     7, -36.3448, 1.6880, -1.1377
162.982                 ,     7, -36.3292, 1.6866, -1.1366
163.005                 ,     7, -36.3137, 1.6854, -1.1354
163.027                 ,     7, -36.2907, 1.6848, -1.1338
163.051                 ,     7, -36.2679, 1.6856, -1.1321
163.073                 ,     7, -36.2534, 1.6872, -1.1309
163.098                 ,     7, -36.2384, 1.6904, -1.1300
163.120                 ,     7, -36.2236, 1.6939, -1.1291
163.140                 ,     7, -36.2076, 1.6963, -1.1287
163.161                 ,     7, -36.1917, 1.6970, -1.1284
163.188                 ,     7, -36.1768, 1.6949, -1.1286
163.211                 ,     7, -36.1628, 1.6927, -1.1291
163.235                 ,     7, -36.1491, 1.6914, -1.1297
163.256                 ,     7, -36.1354, 1.6909, -1.1305
163.279                 ,     7, -36.1213, 1.6914, -1.1317
163.301                 ,     7, -36.1141, 1.6922, -1.1326
163.324                 ,     7, -36.1000, 1.6931, -1.1340
163.346                 ,     7, -36.0858, 1.6940, -1.1355
163.368                 ,     7, -36.0788, 1.6941, -1.1367
163.389                 ,     7, -36.0651, 1.6941, -1.1386
163.411                 ,     7, -36.0444, 1.6936, -1.1415
163.434                 ,     7, -36.0308, 1.6926, -1.1437
163.454                 ,     7, -36.0239, 1.6918, -1.1451
163.478                 ,     7, -36.0035, 1.6901, -1.1489
163.501                 ,     7, -35.9898, 1.6883, -1.1519
163.527                 ,     7, -35.9764, 1.6863, -1.1551
163.551                 ,     7, -35.9629, 1.6841, -1.1586
163.574                 ,     7, -35.9431, 1.6811, -1.1639
163.596                 ,     7, -35.9298, 1.6792, -1.1680
163.619                 ,     7, -35.9234, 1.6783, -1.1705
163.641                 ,     7, -35.9038, 1.6756, -1.1766
163.663                 ,     7, -35.8912, 1.6746, -1.1808
163.685                 ,     7, -35.8849, 1.6758, -1.1830
163.706                 ,     7, -35.8720, 1.6772, -1.1872
163.728                 ,     7, -35.8593, 1.6798, -1.1912
163.750                 ,     7, -35.8464, 1.6834, -1.1950
163.772                 ,     7, -35.8333, 1.6868, -1.1987
163.794                 ,     7, -35.8204, 1.6895, -1.2022
163.819                 ,     7, -35.8010, 1.6924, -1.2071
163.843                 ,     7, -35.7886, 1.6923, -1.2098
163.865                 ,     7, -35.7768, 1.6920, -1.2123
163.887                 ,     7, -35.7649, 1.6920, -1.2145
163.909                 ,     7, -35.7529, 1.6926, -1.2164
163.931                 ,     7, -35.7467, 1.6935, -1.2170
163.954                 ,     7, -35.7343, 1.6942, -1.2187
163.975                 ,     7, -35.7221, 1.6952, -1.2199
163.998                 ,     7, -35.7040, 1.6960, -1.2217
164.020                 ,     7, -35.6985, 1.6956, -1.2219
164.051                 ,     7, -35.6872, 1.6950, -1.2226
164.072                 ,     7, -35.6760, 1.6943, -1.2234
164.094                 ,     7, -35.6646, 1.6934, -1.2241
164.117                 ,     7, -35.6532, 1.6923, -1.2247
164.138                 ,     7, -35.6419, 1.6911, -1.2251
164.161                 ,     7, -35.6307, 1.6898, -1.2252
164.183                 ,     7, -35.6192, 1.6885, -1.2249
164.206                 ,     7, -35.6078, 1.6872, -1.2248
164.228                 ,     7, -35.5965, 1.6859, -1.2243
164.248                 ,     7, -35.5853, 1.6845, -1.2237
164.268                 ,     7, -35.5797, 1.6838, -1.2231
164.289                 ,     7, -35.5632, 1.6816, -1.2218
164.310                 ,     7, -35.5523, 1.6799, -1.2206
164.331                 ,     7, -35.5476, 1.6790, -1.2198
164.353                 ,     7, -35.5372, 1.6780, -1.2184
164.375                 ,     7, -35.5215, 1.6766, -1.2159
164.396                 ,     7, -35.5166, 1.6773, -1.2149
164.418                 ,     7, -35.5065, 1.6790, -1.2133
164.439                 ,     7, -35.4962, 1.6816, -1.2116
164.465                 ,     7, -35.4810, 1.6856, -1.2092
164.488                 ,     7, -35.4714, 1.6877, -1.2077
164.510                 ,     7, -35.4622, 1.6885, -1.2063
164.532                 ,     7, -35.4582, 1.6875, -1.2057
164.553                 ,     7, -35.4496, 1.6869, -1.2044
164.574                 ,     7, -35.4413, 1.6857, -1.2032
164.597                 ,     7, -35.4331, 1.6851, -1.2024
164.625                 ,     7, -35.4211, 1.6851, -1.2014
164.650                 ,     7, -35.4134, 1.6864, -1.2013
164.672                 ,     7, -35.4062, 1.6876, -1.2011
164.695                 ,     7, -35.3995, 1.6891, -1.2012
164.716                 ,     7, -35.3930, 1.6906, -1.2014
164.737                 ,     7, -35.3866, 1.6917, -1.2015
164.760                 ,     7, -35.3807, 1.6925, -1.2017
164.783                 ,     7, -35.3750, 1.6930, -1.2020
164.805                 ,     7, -35.3695, 1.6932, -1.2023
164.828                 ,     7, -35.3641, 1.6931, -1.2027
164.850                 ,     7, -35.3590, 1.6926, -1.2031
164.871                 ,     7, -35.3544, 1.6918, -1.2037
164.893                 ,     7, -35.3503, 1.6911, -1.2042
164.915                 ,     7, -35.3466, 1.6905, -1.2050
164.939                 ,     7, -35.3434, 1.6893, -1.2057
164.966                 ,     7, -35.3389, 1.6890, -1.2067
164.989                 ,     7, -35.3377, 1.6898, -1.2072
165.010                 ,     7, -35.3349, 1.6900, -1.2081
165.032                 ,     7, -35.3324, 1.6901, -1.2090
165.054                 ,     7, -35.3286, 1.6904, -1.2102
165.076                 ,     7, -35.3277, 1.6904, -1.2107
165.099                 ,     7, -35.3221, 1.6904, -1.2129
165.122                 ,     7, -35.3202, 1.6903, -1.2138
165.150                 ,     7, -35.3185, 1.6899, -1.2147
165.172                 ,     7, -35.3170, 1.6896, -1.2156
165.195                 ,     7, -35.3159, 1.6898, -1.2163
165.218                 ,     7, -35.3148, 1.6903, -1.2171
165.240                 ,     7, -35.3136, 1.6911, -1.2179
165.262                 ,     7, -35.3123, 1.6918, -1.2187
165.284                 ,     7, -35.3113, 1.6924, -1.2194
165.307                 ,     7, -35.3102, 1.6929, -1.2200
165.331                 ,     7, -35.3093, 1.6931, -1.2206
165.353                 ,     7, -35.3081, 1.6932, -1.2212
165.375                 ,     7, -35.3071, 1.6931, -1.2216
165.397                 ,     7, -35.3063, 1.6929, -1.2221
165.422                 ,     7, -35.3055, 1.6928, -1.2223
165.447                 ,     7, -35.3048, 1.6924, -1.2224
165.469                 ,     7, -35.3044, 1.6919, -1.2225
165.489                 ,     7, -35.3039, 1.6913, -1.2224
165.511                 ,     7, -35.3035, 1.6905, -1.2221
165.535                 ,     7, -35.3031, 1.6898, -1.2219
165.559                 ,     7, -35.3027, 1.6893, -1.2216
165.584                 ,     7, -35.3022, 1.6886, -1.2213
165.608                 ,     7, -35.3019, 1.6882, -1.2213

# --- Trial 8 start ---
175.899                 ,     8, -39.6034, 1.7266, -1.1347
176.058                 ,     8, -39.6043, 1.7268, -1.1351
176.112                 ,     8, -39.6047, 1.7264, -1.1349
176.137                 ,     8, -39.6046, 1.7264, -1.1348
176.160                 ,     8, -39.6047, 1.7264, -1.1348
176.185                 ,     8, -39.6046, 1.7262, -1.1349
176.208                 ,     8, -39.6045, 1.7263, -1.1353
176.239                 ,     8, -39.6044, 1.7261, -1.1356
176.265                 ,     8, -39.6040, 1.7260, -1.1359
176.289                 ,     8, -39.6036, 1.7258, -1.1366
176.313                 ,     8, -39.6035, 1.7258, -1.1373
176.339                 ,     8, -39.6030, 1.7256, -1.1380
176.361                 ,     8, -39.6026, 1.7254, -1.1389
176.385                 ,     8, -39.6020, 1.7254, -1.1399
176.409                 ,     8, -39.6013, 1.7254, -1.1413
176.432                 ,     8, -39.6005, 1.7253, -1.1432
176.457                 ,     8, -39.5996, 1.7251, -1.1455
176.482                 ,     8, -39.5986, 1.7253, -1.1483
176.506                 ,     8, -39.5970, 1.7256, -1.1512
176.530                 ,     8, -39.5952, 1.7259, -1.1546
176.553                 ,     8, -39.5930, 1.7262, -1.1586
176.576                 ,     8, -39.5909, 1.7263, -1.1627
176.598                 ,     8, -39.5886, 1.7262, -1.1672
176.621                 ,     8, -39.5861, 1.7260, -1.1720
176.646                 ,     8, -39.5835, 1.7256, -1.1769
176.670                 ,     8, -39.5808, 1.7251, -1.1818
176.694                 ,     8, -39.5780, 1.7245, -1.1867
176.722                 ,     8, -39.5723, 1.7231, -1.1960
176.746                 ,     8, -39.5693, 1.7218, -1.2002
176.780                 ,     8, -39.5682, 1.7206, -1.2015
176.807                 ,     8, -39.5645, 1.7183, -1.2070
176.832                 ,     8, -39.5609, 1.7163, -1.2118
176.860                 ,     8, -39.5591, 1.7154, -1.2142
176.888                 ,     8, -39.5564, 1.7146, -1.2176
176.915                 ,     8, -39.5550, 1.7148, -1.2195
176.940                 ,     8, -39.5537, 1.7150, -1.2212
176.964                 ,     8, -39.5515, 1.7154, -1.2238
176.988                 ,     8, -39.5505, 1.7160, -1.2252
177.013                 ,     8, -39.5491, 1.7166, -1.2265
177.035                 ,     8, -39.5475, 1.7172, -1.2277
177.058                 ,     8, -39.5465, 1.7177, -1.2280
177.083                 ,     8, -39.5440, 1.7183, -1.2297
177.106                 ,     8, -39.5420, 1.7182, -1.2305
177.129                 ,     8, -39.5400, 1.7175, -1.2311
177.153                 ,     8, -39.5380, 1.7165, -1.2316
177.178                 ,     8, -39.5349, 1.7154, -1.2322
177.204                 ,     8, -39.5326, 1.7146, -1.2320
177.232                 ,     8, -39.5283, 1.7137, -1.2320
177.255                 ,     8, -39.5245, 1.7136, -1.2317
177.278                 ,     8, -39.5205, 1.7133, -1.2313
177.303                 ,     8, -39.5160, 1.7131, -1.2306
177.327                 ,     8, -39.5109, 1.7128, -1.2297
177.352                 ,     8, -39.5055, 1.7121, -1.2287
177.381                 ,     8, -39.4970, 1.7111, -1.2270
177.408                 ,     8, -39.4905, 1.7100, -1.2255
177.434                 ,     8, -39.4832, 1.7092, -1.2239
177.459                 ,     8, -39.4723, 1.7082, -1.2216
177.484                 ,     8, -39.4640, 1.7076, -1.2198
177.511                 ,     8, -39.4552, 1.7068, -1.2177
177.541                 ,     8, -39.4420, 1.7057, -1.2145
177.567                 ,     8, -39.4278, 1.7048, -1.2110
177.594                 ,     8, -39.4175, 1.7041, -1.2083
177.617                 ,     8, -39.4070, 1.7035, -1.2054
177.641                 ,     8, -39.4014, 1.7032, -1.2036
177.676                 ,     8, -39.3854, 1.7017, -1.1985
177.702                 ,     8, -39.3696, 1.6998, -1.1931
177.727                 ,     8, -39.3591, 1.6992, -1.1892
177.750                 ,     8, -39.3485, 1.6996, -1.1855
177.773                 ,     8, -39.3371, 1.7011, -1.1816
177.798                 ,     8, -39.3254, 1.7032, -1.1779
177.820                 ,     8, -39.3073, 1.7061, -1.1723
177.844                 ,     8, -39.2949, 1.7079, -1.1686
177.866                 ,     8, -39.2827, 1.7087, -1.1648
177.889                 ,     8, -39.2766, 1.7083, -1.1631
177.912                 ,     8, -39.2583, 1.7079, -1.1579
177.933                 ,     8, -39.2521, 1.7075, -1.1566
177.959                 ,     8, -39.2336, 1.7074, -1.1523
177.984                 ,     8, -39.2208, 1.7077, -1.1499
178.009                 ,     8, -39.2078, 1.7082, -1.1478
178.036                 ,     8, -39.1946, 1.7086, -1.1459
178.062                 ,     8, -39.1748, 1.7090, -1.1431
178.087                 ,     8, -39.1613, 1.7086, -1.1414
178.110                 ,     8, -39.1477, 1.7077, -1.1398
178.135                 ,     8, -39.1270, 1.7060, -1.1372
178.158                 ,     8, -39.1125, 1.7044, -1.1358
178.183                 ,     8, -39.0977, 1.7026, -1.1346
178.207                 ,     8, -39.0826, 1.7006, -1.1337
178.234                 ,     8, -39.0674, 1.6981, -1.1330
178.257                 ,     8, -39.0445, 1.6944, -1.1322
178.282                 ,     8, -39.0288, 1.6922, -1.1324
178.306                 ,     8, -39.0128, 1.6905, -1.1329
178.329                 ,     8, -38.9966, 1.6892, -1.1338
178.354                 ,     8, -38.9802, 1.6886, -1.1353
178.380                 ,     8, -38.9561, 1.6885, -1.1379
178.406                 ,     8, -38.9405, 1.6904, -1.1399
178.432                 ,     8, -38.9155, 1.6950, -1.1429
178.457                 ,     8, -38.8980, 1.6996, -1.1449
178.480                 ,     8, -38.8803, 1.7031, -1.1467
178.506                 ,     8, -38.8632, 1.7052, -1.1482
178.529                 ,     8, -38.8468, 1.7061, -1.1492
178.555                 ,     8, -38.8225, 1.7066, -1.1501
178.578                 ,     8, -38.8067, 1.7063, -1.1503
178.602                 ,     8, -38.7987, 1.7066, -1.1500
178.626                 ,     8, -38.7744, 1.7078, -1.1499
178.651                 ,     8, -38.7579, 1.7087, -1.1493
178.674                 ,     8, -38.7414, 1.7095, -1.1486
178.701                 ,     8, -38.7167, 1.7102, -1.1473
178.726                 ,     8, -38.7006, 1.7098, -1.1464
178.751                 ,     8, -38.6845, 1.7088, -1.1454
178.776                 ,     8, -38.6596, 1.7071, -1.1438
178.802                 ,     8, -38.6427, 1.7051, -1.1426
178.825                 ,     8, -38.6259, 1.7028, -1.1412
178.849                 ,     8, -38.6174, 1.7011, -1.1403
178.873                 ,     8, -38.5922, 1.6974, -1.1378
178.896                 ,     8, -38.5755, 1.6949, -1.1358
178.920                 ,     8, -38.5589, 1.6925, -1.1334
178.946                 ,     8, -38.5343, 1.6894, -1.1297
178.968                 ,     8, -38.5262, 1.6886, -1.1282
178.990                 ,     8, -38.5018, 1.6869, -1.1243
179.015                 ,     8, -38.4848, 1.6885, -1.1216
179.040                 ,     8, -38.4682, 1.6905, -1.1194
179.065                 ,     8, -38.4510, 1.6934, -1.1174
179.088                 ,     8, -38.4250, 1.6963, -1.1146
179.111                 ,     8, -38.4168, 1.6962, -1.1143
179.137                 ,     8, -38.3922, 1.6968, -1.1126
179.161                 ,     8, -38.3759, 1.6973, -1.1122
179.184                 ,     8, -38.3594, 1.6985, -1.1119
179.207                 ,     8, -38.3424, 1.6997, -1.1118
179.230                 ,     8, -38.3255, 1.7008, -1.1120
179.253                 ,     8, -38.3091, 1.7018, -1.1124
179.276                 ,     8, -38.2848, 1.7026, -1.1132
179.299                 ,     8, -38.2690, 1.7018, -1.1139
179.322                 ,     8, -38.2611, 1.7006, -1.1144
179.347                 ,     8, -38.2357, 1.6986, -1.1158
179.375                 ,     8, -38.2178, 1.6965, -1.1171
179.399                 ,     8, -38.1748, 1.6913, -1.1199
179.422                 ,     8, -38.1569, 1.6877, -1.1217
179.449                 ,     8, -38.1390, 1.6849, -1.1239
179.472                 ,     8, -38.1213, 1.6827, -1.1263
179.499                 ,     8, -38.1030, 1.6816, -1.1292
179.526                 ,     8, -38.0849, 1.6814, -1.1322
179.551                 ,     8, -38.0669, 1.6818, -1.1352
179.577                 ,     8, -38.0317, 1.6840, -1.1406
179.600                 ,     8, -38.0139, 1.6892, -1.1432
179.626                 ,     8, -37.9960, 1.6942, -1.1453
179.653                 ,     8, -37.9782, 1.6968, -1.1469
179.681                 ,     8, -37.9616, 1.6971, -1.1474
179.710                 ,     8, -37.9455, 1.6970, -1.1474
179.737                 ,     8, -37.9126, 1.6983, -1.1480
179.763                 ,     8, -37.8961, 1.7003, -1.1476
179.789                 ,     8, -37.8791, 1.7021, -1.1473
179.815                 ,     8, -37.8622, 1.7031, -1.1469
179.841                 ,     8, -37.8460, 1.7038, -1.1465
179.866                 ,     8, -37.8135, 1.7043, -1.1461
179.889                 ,     8, -37.7978, 1.7027, -1.1457
179.913                 ,     8, -37.7821, 1.7007, -1.1454
179.936                 ,     8, -37.7659, 1.6985, -1.1449
179.958                 ,     8, -37.7495, 1.6963, -1.1444
179.983                 ,     8, -37.7327, 1.6936, -1.1437
180.007                 ,     8, -37.7159, 1.6908, -1.1428
180.031                 ,     8, -37.7075, 1.6891, -1.1421
180.054                 ,     8, -37.6828, 1.6855, -1.1405
180.075                 ,     8, -37.6745, 1.6847, -1.1397
180.098                 ,     8, -37.6499, 1.6819, -1.1377
180.121                 ,     8, -37.6336, 1.6803, -1.1359
180.144                 ,     8, -37.6254, 1.6805, -1.1349
180.166                 ,     8, -37.6090, 1.6819, -1.1331
180.187                 ,     8, -37.5923, 1.6841, -1.1315
180.210                 ,     8, -37.5754, 1.6870, -1.1301
180.233                 ,     8, -37.5500, 1.6902, -1.1283
180.255                 ,     8, -37.5335, 1.6915, -1.1277
180.276                 ,     8, -37.5258, 1.6910, -1.1277
180.299                 ,     8, -37.5104, 1.6908, -1.1275
180.323                 ,     8, -37.4873, 1.6914, -1.1274
180.347                 ,     8, -37.4717, 1.6933, -1.1279
180.369                 ,     8, -37.4636, 1.6946, -1.1285
180.393                 ,     8, -37.4398, 1.6972, -1.1296
180.417                 ,     8, -37.4242, 1.6986, -1.1309
180.440                 ,     8, -37.4011, 1.6997, -1.1328
180.462                 ,     8, -37.3942, 1.6988, -1.1338
180.486                 ,     8, -37.3801, 1.6976, -1.1354
180.509                 ,     8, -37.3659, 1.6960, -1.1370
180.531                 ,     8, -37.3442, 1.6939, -1.1397
180.555                 ,     8, -37.3300, 1.6921, -1.1418
180.578                 ,     8, -37.3148, 1.6901, -1.1443
180.600                 ,     8, -37.2996, 1.6880, -1.1471
180.626                 ,     8, -37.2847, 1.6857, -1.1502
180.653                 ,     8, -37.2625, 1.6826, -1.1553
180.676                 ,     8, -37.2480, 1.6810, -1.1590
180.698                 ,     8, -37.2408, 1.6804, -1.1614
180.721                 ,     8, -37.2268, 1.6791, -1.1654
180.745                 ,     8, -37.2129, 1.6791, -1.1694
180.769                 ,     8, -37.1916, 1.6809, -1.1754
180.793                 ,     8, -37.1772, 1.6836, -1.1795
180.816                 ,     8, -37.1627, 1.6866, -1.1833
180.842                 ,     8, -37.1482, 1.6897, -1.1872
180.867                 ,     8, -37.1266, 1.6925, -1.1925
180.890                 ,     8, -37.1123, 1.6927, -1.1955
180.911                 ,     8, -37.1055, 1.6921, -1.1964
180.934                 ,     8, -37.0916, 1.6923, -1.1986
180.957                 ,     8, -37.0706, 1.6930, -1.2016
180.980                 ,     8, -37.0566, 1.6942, -1.2029
181.004                 ,     8, -37.0422, 1.6958, -1.2039
181.026                 ,     8, -37.0351, 1.6964, -1.2040
181.048                 ,     8, -37.0139, 1.6981, -1.2052
181.071                 ,     8, -37.0069, 1.6982, -1.2050
181.094                 ,     8, -36.9858, 1.6983, -1.2056
181.115                 ,     8, -36.9786, 1.6975, -1.2054
181.139                 ,     8, -36.9573, 1.6960, -1.2053
181.162                 ,     8, -36.9431, 1.6941, -1.2048
181.184                 ,     8, -36.9292, 1.6917, -1.2042
181.206                 ,     8, -36.9155, 1.6893, -1.2032
181.228                 ,     8, -36.9018, 1.6871, -1.2021
181.251                 ,     8, -36.8874, 1.6851, -1.2006
181.276                 ,     8, -36.8659, 1.6826, -1.1983
181.299                 ,     8, -36.8517, 1.6814, -1.1965
181.322                 ,     8, -36.8375, 1.6802, -1.1946
181.342                 ,     8, -36.8232, 1.6789, -1.1924
181.364                 ,     8, -36.8091, 1.6778, -1.1902
181.386                 ,     8, -36.7953, 1.6770, -1.1880
181.409                 ,     8, -36.7814, 1.6774, -1.1858
181.435                 ,     8, -36.7598, 1.6806, -1.1829
181.458                 ,     8, -36.7453, 1.6834, -1.1810
181.480                 ,     8, -36.7310, 1.6859, -1.1795
181.503                 ,     8, -36.7242, 1.6866, -1.1790
181.526                 ,     8, -36.7032, 1.6874, -1.1772
181.548                 ,     8, -36.6969, 1.6869, -1.1771
181.575                 ,     8, -36.6837, 1.6872, -1.1766
181.598                 ,     8, -36.6703, 1.6877, -1.1762
181.620                 ,     8, -36.6568, 1.6891, -1.1761
181.641                 ,     8, -36.6435, 1.6905, -1.1761
181.665                 ,     8, -36.6301, 1.6916, -1.1764
181.687                 ,     8, -36.6165, 1.6925, -1.1769
181.710                 ,     8, -36.5963, 1.6932, -1.1779
181.734                 ,     8, -36.5829, 1.6927, -1.1789
181.761                 ,     8, -36.5560, 1.6914, -1.1808
181.789                 ,     8, -36.5425, 1.6899, -1.1824
181.812                 ,     8, -36.5289, 1.6884, -1.1840
181.836                 ,     8, -36.5152, 1.6867, -1.1857
181.858                 ,     8, -36.5015, 1.6850, -1.1877
181.881                 ,     8, -36.4879, 1.6833, -1.1897
181.903                 ,     8, -36.4741, 1.6815, -1.1920
181.925                 ,     8, -36.4603, 1.6798, -1.1944
181.948                 ,     8, -36.4465, 1.6781, -1.1972
181.972                 ,     8, -36.4331, 1.6767, -1.2001
181.997                 ,     8, -36.4201, 1.6753, -1.2031
182.024                 ,     8, -36.3938, 1.6737, -1.2091
182.050                 ,     8, -36.3810, 1.6764, -1.2125
182.076                 ,     8, -36.3674, 1.6807, -1.2160
182.101                 ,     8, -36.3538, 1.6848, -1.2194
182.125                 ,     8, -36.3402, 1.6882, -1.2226
182.148                 ,     8, -36.3270, 1.6900, -1.2254
182.172                 ,     8, -36.3144, 1.6905, -1.2278
182.193                 ,     8, -36.3025, 1.6903, -1.2299
182.216                 ,     8, -36.2782, 1.6907, -1.2339
182.239                 ,     8, -36.2665, 1.6911, -1.2352
182.267                 ,     8, -36.2544, 1.6930, -1.2362
182.291                 ,     8, -36.2483, 1.6943, -1.2363
182.311                 ,     8, -36.2423, 1.6950, -1.2366
182.331                 ,     8, -36.2305, 1.6958, -1.2375
182.352                 ,     8, -36.2188, 1.6963, -1.2381
182.372                 ,     8, -36.2072, 1.6963, -1.2386
182.392                 ,     8, -36.2016, 1.6959, -1.2386
182.416                 ,     8, -36.1845, 1.6954, -1.2390
182.440                 ,     8, -36.1730, 1.6947, -1.2390
182.459                 ,     8, -36.1614, 1.6940, -1.2388
182.480                 ,     8, -36.1555, 1.6936, -1.2385
182.501                 ,     8, -36.1438, 1.6928, -1.2379
182.522                 ,     8, -36.1320, 1.6921, -1.2372
182.543                 ,     8, -36.1202, 1.6914, -1.2363
182.567                 ,     8, -36.1024, 1.6901, -1.2348
182.590                 ,     8, -36.0905, 1.6891, -1.2335
182.610                 ,     8, -36.0845, 1.6887, -1.2325
182.632                 ,     8, -36.0726, 1.6878, -1.2309
182.652                 ,     8, -36.0606, 1.6867, -1.2290
182.674                 ,     8, -36.0488, 1.6852, -1.2269
182.697                 ,     8, -36.0372, 1.6834, -1.2247
182.720                 ,     8, -36.0197, 1.6822, -1.2214
182.745                 ,     8, -36.0074, 1.6817, -1.2190
182.769                 ,     8, -35.9951, 1.6818, -1.2168
182.792                 ,     8, -35.9826, 1.6841, -1.2147
182.814                 ,     8, -35.9702, 1.6868, -1.2128
182.836                 ,     8, -35.9580, 1.6891, -1.2108
182.863                 ,     8, -35.9459, 1.6907, -1.2090
182.886                 ,     8, -35.9343, 1.6908, -1.2072
182.909                 ,     8, -35.9171, 1.6901, -1.2049
182.930                 ,     8, -35.9119, 1.6884, -1.2043
182.953                 ,     8, -35.9011, 1.6872, -1.2032
182.976                 ,     8, -35.8901, 1.6869, -1.2026
182.997                 ,     8, -35.8789, 1.6876, -1.2018
183.020                 ,     8, -35.8619, 1.6889, -1.2010
183.041                 ,     8, -35.8563, 1.6895, -1.2011
183.066                 ,     8, -35.8397, 1.6908, -1.2011
183.088                 ,     8, -35.8345, 1.6909, -1.2014
183.109                 ,     8, -35.8182, 1.6910, -1.2017
183.132                 ,     8, -35.8073, 1.6902, -1.2023
183.155                 ,     8, -35.7963, 1.6888, -1.2034
183.177                 ,     8, -35.7908, 1.6880, -1.2037
183.199                 ,     8, -35.7742, 1.6866, -1.2045
183.222                 ,     8, -35.7686, 1.6859, -1.2052
183.245                 ,     8, -35.7518, 1.6843, -1.2068
183.266                 ,     8, -35.7403, 1.6830, -1.2084
183.289                 ,     8, -35.7290, 1.6816, -1.2102
183.311                 ,     8, -35.7233, 1.6808, -1.2113
183.334                 ,     8, -35.7065, 1.6790, -1.2145
183.360                 ,     8, -35.6957, 1.6778, -1.2171
183.384                 ,     8, -35.6850, 1.6766, -1.2199
183.409                 ,     8, -35.6742, 1.6755, -1.2229
183.432                 ,     8, -35.6636, 1.6760, -1.2260
183.454                 ,     8, -35.6527, 1.6779, -1.2291
183.474                 ,     8, -35.6419, 1.6801, -1.2321
183.496                 ,     8, -35.6308, 1.6830, -1.2351
183.517                 ,     8, -35.6203, 1.6856, -1.2380
183.538                 ,     8, -35.6099, 1.6872, -1.2408
183.558                 ,     8, -35.6050, 1.6871, -1.2418
183.581                 ,     8, -35.5901, 1.6873, -1.2452
183.602                 ,     8, -35.5857, 1.6864, -1.2460
183.625                 ,     8, -35.5763, 1.6858, -1.2476
183.646                 ,     8, -35.5671, 1.6857, -1.2490
183.668                 ,     8, -35.5533, 1.6865, -1.2510
183.688                 ,     8, -35.5489, 1.6874, -1.2512
183.710                 ,     8, -35.5401, 1.6885, -1.2521
183.731                 ,     8, -35.5315, 1.6897, -1.2529
183.752                 ,     8, -35.5232, 1.6908, -1.2536
183.774                 ,     8, -35.5113, 1.6919, -1.2547
183.797                 ,     8, -35.5040, 1.6923, -1.2553
183.820                 ,     8, -35.4973, 1.6927, -1.2555
183.842                 ,     8, -35.4941, 1.6929, -1.2555
183.865                 ,     8, -35.4837, 1.6936, -1.2556
183.886                 ,     8, -35.4772, 1.6939, -1.2551
183.909                 ,     8, -35.4743, 1.6939, -1.2545
183.932                 ,     8, -35.4647, 1.6942, -1.2535
183.955                 ,     8, -35.4619, 1.6934, -1.2528
183.982                 ,     8, -35.4532, 1.6918, -1.2513
184.008                 ,     8, -35.4453, 1.6895, -1.2493
184.032                 ,     8, -35.4404, 1.6886, -1.2477
184.053                 ,     8, -35.4382, 1.6891, -1.2468
184.077                 ,     8, -35.4305, 1.6891, -1.2444
184.100                 ,     8, -35.4255, 1.6895, -1.2426
184.122                 ,     8, -35.4205, 1.6901, -1.2409
184.144                 ,     8, -35.4182, 1.6903, -1.2402
184.168                 ,     8, -35.4110, 1.6904, -1.2380
184.189                 ,     8, -35.4061, 1.6902, -1.2367
184.212                 ,     8, -35.4040, 1.6897, -1.2363
184.235                 ,     8, -35.3972, 1.6890, -1.2348
184.257                 ,     8, -35.3951, 1.6890, -1.2347
184.280                 ,     8, -35.3888, 1.6892, -1.2339
184.304                 ,     8, -35.3847, 1.6903, -1.2338
184.330                 ,     8, -35.3807, 1.6914, -1.2340
184.352                 ,     8, -35.3770, 1.6922, -1.2344
184.375                 ,     8, -35.3736, 1.6927, -1.2348
184.396                 ,     8, -35.3706, 1.6925, -1.2354
184.418                 ,     8, -35.3677, 1.6920, -1.2361
184.441                 ,     8, -35.3652, 1.6919, -1.2370
184.462                 ,     8, -35.3623, 1.6924, -1.2382
184.486                 ,     8, -35.3599, 1.6916, -1.2394
184.512                 ,     8, -35.3566, 1.6914, -1.2412
184.538                 ,     8, -35.3548, 1.6919, -1.2428
184.564                 ,     8, -35.3533, 1.6915, -1.2443
184.591                 ,     8, -35.3507, 1.6918, -1.2462
184.617                 ,     8, -35.3490, 1.6923, -1.2476
184.639                 ,     8, -35.3464, 1.6926, -1.2497
184.661                 ,     8, -35.3454, 1.6926, -1.2503
184.681                 ,     8, -35.3436, 1.6925, -1.2515
184.701                 ,     8, -35.3430, 1.6923, -1.2520
184.723                 ,     8, -35.3417, 1.6918, -1.2530
184.744                 ,     8, -35.3405, 1.6913, -1.2540
184.766                 ,     8, -35.3387, 1.6905, -1.2553
184.787                 ,     8, -35.3384, 1.6906, -1.2557
184.808                 ,     8, -35.3374, 1.6905, -1.2566
184.830                 ,     8, -35.3365, 1.6906, -1.2573
184.853                 ,     8, -35.3357, 1.6904, -1.2580
184.876                 ,     8, -35.3347, 1.6903, -1.2585
184.900                 ,     8, -35.3332, 1.6902, -1.2594
184.923                 ,     8, -35.3323, 1.6901, -1.2599
184.946                 ,     8, -35.3314, 1.6899, -1.2602
184.965                 ,     8, -35.3310, 1.6897, -1.2603
184.986                 ,     8, -35.3302, 1.6896, -1.2605
185.007                 ,     8, -35.3293, 1.6895, -1.2607

# --- Trial 9 start ---
196.202                 ,     9, -39.5131, 1.7281, -1.1485
196.364                 ,     9, -39.5106, 1.7270, -1.1490
196.414                 ,     9, -39.5093, 1.7268, -1.1497
196.437                 ,     9, -39.5087, 1.7267, -1.1501
196.460                 ,     9, -39.5083, 1.7265, -1.1506
196.485                 ,     9, -39.5073, 1.7263, -1.1515
196.510                 ,     9, -39.5066, 1.7261, -1.1525
196.537                 ,     9, -39.5054, 1.7258, -1.1539
196.563                 ,     9, -39.5044, 1.7260, -1.1551
196.590                 ,     9, -39.5032, 1.7261, -1.1565
196.616                 ,     9, -39.5015, 1.7264, -1.1588
196.642                 ,     9, -39.5001, 1.7268, -1.1606
196.669                 ,     9, -39.4977, 1.7272, -1.1630
196.693                 ,     9, -39.4961, 1.7274, -1.1647
196.720                 ,     9, -39.4946, 1.7273, -1.1663
196.747                 ,     9, -39.4932, 1.7269, -1.1677
196.769                 ,     9, -39.4912, 1.7260, -1.1696
196.795                 ,     9, -39.4892, 1.7248, -1.1711
196.819                 ,     9, -39.4883, 1.7239, -1.1717
196.844                 ,     9, -39.4875, 1.7229, -1.1718
196.871                 ,     9, -39.4863, 1.7214, -1.1722
196.901                 ,     9, -39.4864, 1.7213, -1.1714
196.932                 ,     9, -39.4862, 1.7214, -1.1705
196.960                 ,     9, -39.4863, 1.7213, -1.1690
196.986                 ,     9, -39.4864, 1.7213, -1.1677
197.012                 ,     9, -39.4865, 1.7215, -1.1662
197.039                 ,     9, -39.4862, 1.7214, -1.1646
197.063                 ,     9, -39.4861, 1.7210, -1.1630
197.086                 ,     9, -39.4858, 1.7201, -1.1612
197.111                 ,     9, -39.4853, 1.7186, -1.1578
197.139                 ,     9, -39.4846, 1.7179, -1.1559
197.166                 ,     9, -39.4832, 1.7174, -1.1539
197.193                 ,     9, -39.4815, 1.7165, -1.1518
197.219                 ,     9, -39.4795, 1.7144, -1.1497
197.243                 ,     9, -39.4760, 1.7092, -1.1459
197.267                 ,     9, -39.4740, 1.7049, -1.1444
197.295                 ,     9, -39.4712, 1.7025, -1.1434
197.319                 ,     9, -39.4677, 1.7015, -1.1428
197.343                 ,     9, -39.4638, 1.7011, -1.1423
197.366                 ,     9, -39.4590, 1.7016, -1.1419
197.392                 ,     9, -39.4554, 1.7034, -1.1422
197.419                 ,     9, -39.4496, 1.7044, -1.1422
197.449                 ,     9, -39.4410, 1.7050, -1.1425
197.474                 ,     9, -39.4313, 1.7049, -1.1430
197.500                 ,     9, -39.4240, 1.7042, -1.1438
197.526                 ,     9, -39.4128, 1.7032, -1.1451
197.550                 ,     9, -39.4041, 1.7022, -1.1463
197.576                 ,     9, -39.3952, 1.7012, -1.1478
197.602                 ,     9, -39.3814, 1.6997, -1.1500
197.628                 ,     9, -39.3711, 1.6990, -1.1520
197.654                 ,     9, -39.3607, 1.6982, -1.1542
197.680                 ,     9, -39.3449, 1.6972, -1.1575
197.705                 ,     9, -39.3338, 1.6963, -1.1602
197.730                 ,     9, -39.3225, 1.6953, -1.1631
197.755                 ,     9, -39.3109, 1.6945, -1.1661
197.782                 ,     9, -39.2936, 1.6946, -1.1707
197.808                 ,     9, -39.2815, 1.6966, -1.1740
197.835                 ,     9, -39.2633, 1.7000, -1.1790
197.863                 ,     9, -39.2508, 1.7039, -1.1822
197.888                 ,     9, -39.2385, 1.7070, -1.1852
197.913                 ,     9, -39.2202, 1.7096, -1.1892
197.939                 ,     9, -39.2082, 1.7093, -1.1913
197.964                 ,     9, -39.1965, 1.7091, -1.1933
197.988                 ,     9, -39.1848, 1.7091, -1.1948
198.013                 ,     9, -39.1672, 1.7092, -1.1971
198.036                 ,     9, -39.1613, 1.7096, -1.1974
198.060                 ,     9, -39.1489, 1.7103, -1.1984
198.084                 ,     9, -39.1306, 1.7109, -1.2000
198.108                 ,     9, -39.1185, 1.7112, -1.2007
198.132                 ,     9, -39.1064, 1.7109, -1.2012
198.157                 ,     9, -39.0883, 1.7103, -1.2023
198.181                 ,     9, -39.0756, 1.7094, -1.2029
198.204                 ,     9, -39.0626, 1.7083, -1.2032
198.226                 ,     9, -39.0556, 1.7075, -1.2030
198.250                 ,     9, -39.0421, 1.7060, -1.2028
198.279                 ,     9, -39.0215, 1.7037, -1.2023
198.306                 ,     9, -39.0004, 1.7013, -1.2013
198.332                 ,     9, -38.9857, 1.6995, -1.2001
198.356                 ,     9, -38.9707, 1.6978, -1.1986
198.379                 ,     9, -38.9558, 1.6963, -1.1967
198.403                 ,     9, -38.9408, 1.6951, -1.1946
198.432                 ,     9, -38.9187, 1.6937, -1.1912
198.462                 ,     9, -38.8963, 1.6951, -1.1873
198.487                 ,     9, -38.8809, 1.6970, -1.1846
198.513                 ,     9, -38.8656, 1.6997, -1.1819
198.537                 ,     9, -38.8422, 1.7043, -1.1781
198.560                 ,     9, -38.8262, 1.7079, -1.1757
198.585                 ,     9, -38.8101, 1.7100, -1.1737
198.609                 ,     9, -38.7946, 1.7100, -1.1720
198.633                 ,     9, -38.7797, 1.7094, -1.1705
198.657                 ,     9, -38.7647, 1.7086, -1.1694
198.682                 ,     9, -38.7497, 1.7082, -1.1686
198.708                 ,     9, -38.7267, 1.7084, -1.1676
198.734                 ,     9, -38.7110, 1.7085, -1.1678
198.761                 ,     9, -38.6874, 1.7090, -1.1682
198.788                 ,     9, -38.6716, 1.7089, -1.1693
198.815                 ,     9, -38.6555, 1.7080, -1.1707
198.841                 ,     9, -38.6396, 1.7066, -1.1721
198.868                 ,     9, -38.6151, 1.7047, -1.1745
198.892                 ,     9, -38.5987, 1.7031, -1.1765
198.918                 ,     9, -38.5816, 1.7014, -1.1786
198.943                 ,     9, -38.5644, 1.6990, -1.1809
198.968                 ,     9, -38.5383, 1.6952, -1.1844
198.991                 ,     9, -38.5209, 1.6923, -1.1872
199.017                 ,     9, -38.5036, 1.6897, -1.1902
199.041                 ,     9, -38.4861, 1.6877, -1.1935
199.069                 ,     9, -38.4600, 1.6852, -1.1987
199.095                 ,     9, -38.4433, 1.6845, -1.2023
199.123                 ,     9, -38.4180, 1.6869, -1.2077
199.147                 ,     9, -38.4005, 1.6903, -1.2111
199.172                 ,     9, -38.3827, 1.6954, -1.2146
199.197                 ,     9, -38.3649, 1.6998, -1.2179
199.222                 ,     9, -38.3472, 1.7027, -1.2206
199.245                 ,     9, -38.3221, 1.7054, -1.2243
199.270                 ,     9, -38.3061, 1.7061, -1.2262
199.295                 ,     9, -38.2900, 1.7071, -1.2278
199.321                 ,     9, -38.2738, 1.7085, -1.2290
199.349                 ,     9, -38.2489, 1.7107, -1.2310
199.373                 ,     9, -38.2321, 1.7118, -1.2321
199.397                 ,     9, -38.2155, 1.7122, -1.2329
199.420                 ,     9, -38.1991, 1.7118, -1.2337
199.444                 ,     9, -38.1745, 1.7104, -1.2346
199.467                 ,     9, -38.1583, 1.7078, -1.2349
199.489                 ,     9, -38.1423, 1.7052, -1.2351
199.512                 ,     9, -38.1256, 1.7030, -1.2352
199.537                 ,     9, -38.1086, 1.7007, -1.2349
199.561                 ,     9, -38.0915, 1.6978, -1.2343
199.591                 ,     9, -38.0742, 1.6951, -1.2333
199.618                 ,     9, -38.0483, 1.6915, -1.2316
199.645                 ,     9, -38.0308, 1.6894, -1.2298
199.672                 ,     9, -38.0045, 1.6867, -1.2270
199.696                 ,     9, -37.9873, 1.6858, -1.2248
199.725                 ,     9, -37.9700, 1.6871, -1.2223
199.750                 ,     9, -37.9443, 1.6891, -1.2189
199.776                 ,     9, -37.9270, 1.6930, -1.2165
199.801                 ,     9, -37.8923, 1.6992, -1.2118
199.825                 ,     9, -37.8750, 1.7019, -1.2099
199.847                 ,     9, -37.8581, 1.7025, -1.2084
199.871                 ,     9, -37.8417, 1.7021, -1.2071
199.895                 ,     9, -37.8257, 1.7016, -1.2061
199.921                 ,     9, -37.8096, 1.7017, -1.2054
199.950                 ,     9, -37.7770, 1.7022, -1.2040
199.979                 ,     9, -37.7609, 1.7026, -1.2038
200.009                 ,     9, -37.7446, 1.7033, -1.2036
200.041                 ,     9, -37.7113, 1.7040, -1.2031
200.072                 ,     9, -37.6942, 1.7026, -1.2031
200.101                 ,     9, -37.6605, 1.6995, -1.2027
200.128                 ,     9, -37.6437, 1.6966, -1.2026
200.158                 ,     9, -37.6263, 1.6935, -1.2028
200.188                 ,     9, -37.6092, 1.6905, -1.2032
200.215                 ,     9, -37.5752, 1.6852, -1.2043
200.238                 ,     9, -37.5584, 1.6829, -1.2055
200.263                 ,     9, -37.5414, 1.6813, -1.2070
200.286                 ,     9, -37.5242, 1.6802, -1.2086
200.312                 ,     9, -37.5075, 1.6801, -1.2103
200.336                 ,     9, -37.4906, 1.6832, -1.2119
200.360                 ,     9, -37.4730, 1.6868, -1.2131
200.388                 ,     9, -37.4555, 1.6911, -1.2141
200.414                 ,     9, -37.4287, 1.6967, -1.2154
200.440                 ,     9, -37.4113, 1.6987, -1.2155
200.464                 ,     9, -37.3944, 1.6994, -1.2152
200.487                 ,     9, -37.3780, 1.6998, -1.2143
200.510                 ,     9, -37.3618, 1.6998, -1.2133
200.537                 ,     9, -37.3375, 1.7009, -1.2114
200.563                 ,     9, -37.3211, 1.7025, -1.2097
200.586                 ,     9, -37.3048, 1.7040, -1.2079
200.608                 ,     9, -37.2801, 1.7057, -1.2053
200.631                 ,     9, -37.2721, 1.7054, -1.2041
200.653                 ,     9, -37.2561, 1.7046, -1.2019
200.676                 ,     9, -37.2321, 1.7031, -1.1988
200.699                 ,     9, -37.2162, 1.7006, -1.1965
200.722                 ,     9, -37.2002, 1.6978, -1.1940
200.744                 ,     9, -37.1919, 1.6962, -1.1925
200.768                 ,     9, -37.1672, 1.6930, -1.1885
200.793                 ,     9, -37.1504, 1.6904, -1.1855
200.815                 ,     9, -37.1337, 1.6878, -1.1823
200.840                 ,     9, -37.1168, 1.6855, -1.1787
200.864                 ,     9, -37.1001, 1.6834, -1.1749
200.889                 ,     9, -37.0752, 1.6809, -1.1689
200.913                 ,     9, -37.0590, 1.6802, -1.1646
200.937                 ,     9, -37.0425, 1.6809, -1.1601
200.961                 ,     9, -37.0259, 1.6839, -1.1555
200.985                 ,     9, -37.0091, 1.6876, -1.1509
201.009                 ,     9, -36.9839, 1.6933, -1.1445
201.035                 ,     9, -36.9671, 1.6969, -1.1408
201.060                 ,     9, -36.9501, 1.6984, -1.1374
201.084                 ,     9, -36.9339, 1.6977, -1.1345
201.112                 ,     9, -36.9098, 1.6966, -1.1305
201.135                 ,     9, -36.8941, 1.6964, -1.1286
201.160                 ,     9, -36.8781, 1.6970, -1.1268
201.186                 ,     9, -36.8698, 1.6973, -1.1264
201.214                 ,     9, -36.8452, 1.6987, -1.1240
201.236                 ,     9, -36.8290, 1.6994, -1.1229
201.259                 ,     9, -36.8130, 1.6994, -1.1221
201.288                 ,     9, -36.7971, 1.6986, -1.1215
201.316                 ,     9, -36.7732, 1.6968, -1.1209
201.344                 ,     9, -36.7571, 1.6949, -1.1209
201.370                 ,     9, -36.7325, 1.6924, -1.1210
201.392                 ,     9, -36.7240, 1.6911, -1.1214
201.416                 ,     9, -36.6991, 1.6880, -1.1220
201.440                 ,     9, -36.6822, 1.6858, -1.1232
201.463                 ,     9, -36.6652, 1.6836, -1.1246
201.486                 ,     9, -36.6481, 1.6820, -1.1263
201.512                 ,     9, -36.6312, 1.6807, -1.1282
201.539                 ,     9, -36.6062, 1.6801, -1.1312
201.563                 ,     9, -36.5810, 1.6821, -1.1340
201.586                 ,     9, -36.5639, 1.6859, -1.1360
201.610                 ,     9, -36.5470, 1.6894, -1.1378
201.633                 ,     9, -36.5298, 1.6924, -1.1396
201.657                 ,     9, -36.5129, 1.6940, -1.1410
201.683                 ,     9, -36.4967, 1.6942, -1.1418
201.711                 ,     9, -36.4812, 1.6935, -1.1421
201.736                 ,     9, -36.4581, 1.6932, -1.1424
201.758                 ,     9, -36.4430, 1.6933, -1.1422
201.780                 ,     9, -36.4354, 1.6941, -1.1417
201.804                 ,     9, -36.4124, 1.6958, -1.1411
201.826                 ,     9, -36.4048, 1.6966, -1.1406
201.853                 ,     9, -36.3821, 1.6981, -1.1395
201.877                 ,     9, -36.3599, 1.6989, -1.1382
201.899                 ,     9, -36.3527, 1.6981, -1.1377
201.922                 ,     9, -36.3307, 1.6969, -1.1362
201.946                 ,     9, -36.3159, 1.6950, -1.1352
201.970                 ,     9, -36.2865, 1.6916, -1.1327
201.993                 ,     9, -36.2719, 1.6891, -1.1311
202.017                 ,     9, -36.2571, 1.6864, -1.1291
202.041                 ,     9, -36.2422, 1.6839, -1.1270
202.063                 ,     9, -36.2273, 1.6816, -1.1248
202.086                 ,     9, -36.2123, 1.6799, -1.1223
202.110                 ,     9, -36.1976, 1.6787, -1.1196
202.132                 ,     9, -36.1830, 1.6775, -1.1168
202.158                 ,     9, -36.1686, 1.6765, -1.1137
202.188                 ,     9, -36.1542, 1.6775, -1.1106
202.217                 ,     9, -36.1247, 1.6802, -1.1049
202.242                 ,     9, -36.1095, 1.6835, -1.1022
202.264                 ,     9, -36.0944, 1.6861, -1.0998
202.288                 ,     9, -36.0793, 1.6874, -1.0980
202.312                 ,     9, -36.0650, 1.6874, -1.0967
202.335                 ,     9, -36.0512, 1.6873, -1.0957
202.362                 ,     9, -36.0376, 1.6884, -1.0950
202.387                 ,     9, -36.0236, 1.6903, -1.0946
202.411                 ,     9, -36.0096, 1.6919, -1.0944
202.437                 ,     9, -35.9815, 1.6952, -1.0939
202.460                 ,     9, -35.9681, 1.6964, -1.0945
202.489                 ,     9, -35.9549, 1.6963, -1.0955
202.519                 ,     9, -35.9421, 1.6952, -1.0965
202.547                 ,     9, -35.9229, 1.6932, -1.0982
202.572                 ,     9, -35.9098, 1.6916, -1.0997
202.594                 ,     9, -35.9033, 1.6907, -1.1009
202.617                 ,     9, -35.8902, 1.6898, -1.1027
202.639                 ,     9, -35.8706, 1.6884, -1.1059
202.662                 ,     9, -35.8577, 1.6872, -1.1086
202.683                 ,     9, -35.8454, 1.6861, -1.1115
202.706                 ,     9, -35.8334, 1.6850, -1.1148
202.728                 ,     9, -35.8213, 1.6834, -1.1186
202.749                 ,     9, -35.8037, 1.6811, -1.1240
202.771                 ,     9, -35.7990, 1.6805, -1.1263
202.791                 ,     9, -35.7880, 1.6798, -1.1301
202.814                 ,     9, -35.7772, 1.6807, -1.1340
202.841                 ,     9, -35.7598, 1.6840, -1.1406
202.875                 ,     9, -35.7425, 1.6891, -1.1468
202.902                 ,     9, -35.7259, 1.6925, -1.1528
202.926                 ,     9, -35.7151, 1.6936, -1.1564
202.948                 ,     9, -35.7044, 1.6935, -1.1600
202.969                 ,     9, -35.6996, 1.6920, -1.1613
202.995                 ,     9, -35.6839, 1.6905, -1.1660
203.018                 ,     9, -35.6736, 1.6896, -1.1689
203.040                 ,     9, -35.6636, 1.6900, -1.1716
203.061                 ,     9, -35.6530, 1.6914, -1.1742
203.082                 ,     9, -35.6477, 1.6927, -1.1752
203.103                 ,     9, -35.6317, 1.6948, -1.1787
203.128                 ,     9, -35.6265, 1.6955, -1.1795
203.153                 ,     9, -35.6110, 1.6963, -1.1825
203.177                 ,     9, -35.5957, 1.6961, -1.1854
203.198                 ,     9, -35.5906, 1.6953, -1.1861
203.220                 ,     9, -35.5804, 1.6945, -1.1879
203.242                 ,     9, -35.5700, 1.6934, -1.1896
203.263                 ,     9, -35.5598, 1.6923, -1.1909
203.284                 ,     9, -35.5493, 1.6912, -1.1922
203.306                 ,     9, -35.5388, 1.6902, -1.1934
203.328                 ,     9, -35.5285, 1.6892, -1.1945
203.355                 ,     9, -35.5183, 1.6881, -1.1953
203.379                 ,     9, -35.5032, 1.6862, -1.1967
203.401                 ,     9, -35.4932, 1.6846, -1.1973
203.422                 ,     9, -35.4884, 1.6832, -1.1975
203.445                 ,     9, -35.4738, 1.6809, -1.1981
203.469                 ,     9, -35.4644, 1.6799, -1.1982
203.492                 ,     9, -35.4551, 1.6796, -1.1981
203.514                 ,     9, -35.4459, 1.6804, -1.1980
203.536                 ,     9, -35.4412, 1.6824, -1.1979
203.559                 ,     9, -35.4272, 1.6854, -1.1978
203.582                 ,     9, -35.4226, 1.6873, -1.1979
203.605                 ,     9, -35.4087, 1.6899, -1.1981
203.629                 ,     9, -35.3997, 1.6905, -1.1983
203.655                 ,     9, -35.3866, 1.6902, -1.1989
203.677                 ,     9, -35.3829, 1.6893, -1.1995
203.699                 ,     9, -35.3748, 1.6892, -1.2003
203.724                 ,     9, -35.3628, 1.6894, -1.2015
203.749                 ,     9, -35.3554, 1.6903, -1.2027
203.776                 ,     9, -35.3484, 1.6920, -1.2043
203.801                 ,     9, -35.3380, 1.6941, -1.2065
203.824                 ,     9, -35.3322, 1.6956, -1.2084
203.848                 ,     9, -35.3264, 1.6968, -1.2104
203.870                 ,     9, -35.3209, 1.6970, -1.2123
203.895                 ,     9, -35.3186, 1.6966, -1.2133
203.917                 ,     9, -35.3133, 1.6964, -1.2153
203.940                 ,     9, -35.3110, 1.6958, -1.2165
203.964                 ,     9, -35.3035, 1.6947, -1.2197
203.989                 ,     9, -35.2994, 1.6941, -1.2217
204.017                 ,     9, -35.2937, 1.6930, -1.2246
204.041                 ,     9, -35.2906, 1.6919, -1.2265
204.062                 ,     9, -35.2874, 1.6915, -1.2279
204.086                 ,     9, -35.2846, 1.6914, -1.2293
204.108                 ,     9, -35.2819, 1.6910, -1.2304
204.133                 ,     9, -35.2781, 1.6907, -1.2318
204.157                 ,     9, -35.2758, 1.6904, -1.2326
204.179                 ,     9, -35.2737, 1.6899, -1.2335
204.200                 ,     9, -35.2728, 1.6896, -1.2339
204.222                 ,     9, -35.2708, 1.6891, -1.2346
204.244                 ,     9, -35.2690, 1.6884, -1.2352
204.263                 ,     9, -35.2674, 1.6880, -1.2356
204.285                 ,     9, -35.2658, 1.6880, -1.2356
204.305                 ,     9, -35.2636, 1.6885, -1.2360
204.326                 ,     9, -35.2623, 1.6891, -1.2360
204.347                 ,     9, -35.2610, 1.6898, -1.2366
204.369                 ,     9, -35.2598, 1.6908, -1.2369
204.390                 ,     9, -35.2588, 1.6917, -1.2376
204.411                 ,     9, -35.2577, 1.6925, -1.2377
204.433                 ,     9, -35.2564, 1.6933, -1.2377
204.458                 ,     9, -35.2555, 1.6937, -1.2379
204.482                 ,     9, -35.2545, 1.6940, -1.2377
204.507                 ,     9, -35.2536, 1.6941, -1.2377
204.533                 ,     9, -35.2518, 1.6943, -1.2375
204.555                 ,     9, -35.2511, 1.6940, -1.2372
204.582                 ,     9, -35.2505, 1.6933, -1.2369
204.605                 ,     9, -35.2499, 1.6926, -1.2366
204.630                 ,     9, -35.2493, 1.6921, -1.2364

# --- Trial 10 start ---
215.380                 ,    10, -39.6097, 1.7278, -1.1287
215.543                 ,    10, -39.6084, 1.7273, -1.1277
215.598                 ,    10, -39.6075, 1.7268, -1.1281
215.622                 ,    10, -39.6071, 1.7268, -1.1285
215.646                 ,    10, -39.6067, 1.7268, -1.1291
215.671                 ,    10, -39.6060, 1.7269, -1.1296
215.703                 ,    10, -39.6049, 1.7272, -1.1306
215.734                 ,    10, -39.6037, 1.7274, -1.1318
215.764                 ,    10, -39.6023, 1.7274, -1.1330
215.799                 ,    10, -39.6010, 1.7273, -1.1345
215.824                 ,    10, -39.5998, 1.7272, -1.1356
215.848                 ,    10, -39.5985, 1.7270, -1.1366
215.871                 ,    10, -39.5973, 1.7269, -1.1376
215.898                 ,    10, -39.5953, 1.7267, -1.1393
215.920                 ,    10, -39.5935, 1.7267, -1.1404
215.946                 ,    10, -39.5918, 1.7264, -1.1417
215.970                 ,    10, -39.5902, 1.7258, -1.1429
215.995                 ,    10, -39.5886, 1.7247, -1.1440
216.020                 ,    10, -39.5869, 1.7233, -1.1449
216.045                 ,    10, -39.5847, 1.7210, -1.1465
216.071                 ,    10, -39.5833, 1.7191, -1.1474
216.096                 ,    10, -39.5813, 1.7166, -1.1485
216.121                 ,    10, -39.5800, 1.7150, -1.1491
216.144                 ,    10, -39.5788, 1.7139, -1.1496
216.173                 ,    10, -39.5773, 1.7134, -1.1499
216.201                 ,    10, -39.5750, 1.7131, -1.1502
216.228                 ,    10, -39.5736, 1.7133, -1.1501
216.253                 ,    10, -39.5714, 1.7137, -1.1498
216.276                 ,    10, -39.5701, 1.7143, -1.1492
216.299                 ,    10, -39.5688, 1.7149, -1.1484
216.326                 ,    10, -39.5678, 1.7156, -1.1474
216.352                 ,    10, -39.5660, 1.7162, -1.1456
216.376                 ,    10, -39.5648, 1.7166, -1.1442
216.398                 ,    10, -39.5635, 1.7168, -1.1425
216.422                 ,    10, -39.5619, 1.7166, -1.1406
216.446                 ,    10, -39.5602, 1.7159, -1.1387
216.470                 ,    10, -39.5580, 1.7143, -1.1356
216.494                 ,    10, -39.5567, 1.7135, -1.1334
216.524                 ,    10, -39.5548, 1.7141, -1.1311
216.554                 ,    10, -39.5515, 1.7139, -1.1274
216.584                 ,    10, -39.5479, 1.7134, -1.1237
216.610                 ,    10, -39.5454, 1.7123, -1.1211
216.634                 ,    10, -39.5430, 1.7107, -1.1185
216.659                 ,    10, -39.5406, 1.7088, -1.1160
216.684                 ,    10, -39.5366, 1.7061, -1.1125
216.709                 ,    10, -39.5336, 1.7045, -1.1105
216.736                 ,    10, -39.5300, 1.7036, -1.1089
216.760                 ,    10, -39.5244, 1.7022, -1.1066
216.783                 ,    10, -39.5199, 1.7017, -1.1057
216.806                 ,    10, -39.5154, 1.7015, -1.1050
216.830                 ,    10, -39.5126, 1.7018, -1.1050
216.858                 ,    10, -39.5049, 1.7017, -1.1043
216.886                 ,    10, -39.4964, 1.7017, -1.1040
216.911                 ,    10, -39.4900, 1.7018, -1.1041
216.935                 ,    10, -39.4828, 1.7017, -1.1046
216.959                 ,    10, -39.4719, 1.7012, -1.1054
216.980                 ,    10, -39.4676, 1.7008, -1.1060
217.005                 ,    10, -39.4591, 1.7001, -1.1069
217.029                 ,    10, -39.4462, 1.6991, -1.1084
217.052                 ,    10, -39.4369, 1.6982, -1.1098
217.076                 ,    10, -39.4276, 1.6974, -1.1114
217.100                 ,    10, -39.4177, 1.6967, -1.1133
217.123                 ,    10, -39.4077, 1.6958, -1.1155
217.146                 ,    10, -39.3975, 1.6952, -1.1179
217.169                 ,    10, -39.3872, 1.6946, -1.1205
217.193                 ,    10, -39.3719, 1.6938, -1.1248
217.218                 ,    10, -39.3620, 1.6932, -1.1280
217.244                 ,    10, -39.3517, 1.6941, -1.1316
217.268                 ,    10, -39.3408, 1.6960, -1.1352
217.292                 ,    10, -39.3247, 1.6991, -1.1405
217.319                 ,    10, -39.3132, 1.7029, -1.1441
217.345                 ,    10, -39.3021, 1.7060, -1.1476
217.377                 ,    10, -39.2907, 1.7081, -1.1508
217.402                 ,    10, -39.2739, 1.7101, -1.1552
217.425                 ,    10, -39.2627, 1.7107, -1.1577
217.449                 ,    10, -39.2455, 1.7119, -1.1614
217.472                 ,    10, -39.2335, 1.7130, -1.1633
217.496                 ,    10, -39.2211, 1.7146, -1.1651
217.522                 ,    10, -39.2087, 1.7159, -1.1666
217.549                 ,    10, -39.1898, 1.7175, -1.1688
217.575                 ,    10, -39.1771, 1.7182, -1.1700
217.599                 ,    10, -39.1642, 1.7182, -1.1710
217.623                 ,    10, -39.1515, 1.7177, -1.1719
217.647                 ,    10, -39.1384, 1.7165, -1.1727
217.673                 ,    10, -39.1120, 1.7144, -1.1741
217.700                 ,    10, -39.0983, 1.7126, -1.1743
217.726                 ,    10, -39.0699, 1.7092, -1.1748
217.750                 ,    10, -39.0545, 1.7071, -1.1747
217.774                 ,    10, -39.0390, 1.7050, -1.1741
217.798                 ,    10, -39.0235, 1.7029, -1.1730
217.824                 ,    10, -39.0080, 1.7012, -1.1713
217.848                 ,    10, -38.9921, 1.7000, -1.1693
217.874                 ,    10, -38.9761, 1.6990, -1.1668
217.897                 ,    10, -38.9604, 1.6991, -1.1640
217.924                 ,    10, -38.9441, 1.7016, -1.1609
217.954                 ,    10, -38.9121, 1.7051, -1.1550
217.989                 ,    10, -38.8798, 1.7112, -1.1490
218.020                 ,    10, -38.8633, 1.7142, -1.1461
218.047                 ,    10, -38.8471, 1.7146, -1.1438
218.073                 ,    10, -38.8316, 1.7136, -1.1418
218.097                 ,    10, -38.8165, 1.7126, -1.1402
218.120                 ,    10, -38.8013, 1.7120, -1.1387
218.145                 ,    10, -38.7859, 1.7120, -1.1376
218.177                 ,    10, -38.7549, 1.7121, -1.1353
218.204                 ,    10, -38.7390, 1.7127, -1.1348
218.231                 ,    10, -38.7232, 1.7128, -1.1344
218.256                 ,    10, -38.7072, 1.7124, -1.1342
218.280                 ,    10, -38.6833, 1.7110, -1.1336
218.303                 ,    10, -38.6674, 1.7087, -1.1335
218.327                 ,    10, -38.6516, 1.7065, -1.1337
218.350                 ,    10, -38.6433, 1.7053, -1.1340
218.373                 ,    10, -38.6178, 1.7023, -1.1345
218.396                 ,    10, -38.6003, 1.6995, -1.1354
218.418                 ,    10, -38.5828, 1.6965, -1.1367
218.441                 ,    10, -38.5650, 1.6934, -1.1384
218.466                 ,    10, -38.5471, 1.6910, -1.1405
218.492                 ,    10, -38.5202, 1.6885, -1.1440
218.515                 ,    10, -38.5020, 1.6874, -1.1471
218.538                 ,    10, -38.4839, 1.6866, -1.1505
218.564                 ,    10, -38.4662, 1.6884, -1.1540
218.592                 ,    10, -38.4388, 1.6923, -1.1588
218.616                 ,    10, -38.4207, 1.6961, -1.1618
218.639                 ,    10, -38.4024, 1.7002, -1.1645
218.662                 ,    10, -38.3840, 1.7023, -1.1665
218.688                 ,    10, -38.3661, 1.7022, -1.1678
218.713                 ,    10, -38.3395, 1.7029, -1.1695
218.738                 ,    10, -38.3222, 1.7035, -1.1699
218.762                 ,    10, -38.3051, 1.7049, -1.1702
218.789                 ,    10, -38.2875, 1.7069, -1.1703
218.815                 ,    10, -38.2615, 1.7091, -1.1708
218.839                 ,    10, -38.2444, 1.7103, -1.1712
218.863                 ,    10, -38.2271, 1.7110, -1.1716
218.891                 ,    10, -38.2012, 1.7110, -1.1722
218.920                 ,    10, -38.1839, 1.7093, -1.1722
218.949                 ,    10, -38.1663, 1.7073, -1.1723
218.975                 ,    10, -38.1398, 1.7047, -1.1723
218.999                 ,    10, -38.1216, 1.7020, -1.1719
219.025                 ,    10, -38.1036, 1.6986, -1.1712
219.050                 ,    10, -38.0855, 1.6953, -1.1701
219.075                 ,    10, -38.0583, 1.6915, -1.1680
219.098                 ,    10, -38.0403, 1.6893, -1.1660
219.122                 ,    10, -38.0222, 1.6877, -1.1639
219.145                 ,    10, -38.0039, 1.6873, -1.1615
219.169                 ,    10, -37.9856, 1.6885, -1.1591
219.193                 ,    10, -37.9678, 1.6910, -1.1568
219.222                 ,    10, -37.9412, 1.6952, -1.1534
219.250                 ,    10, -37.9137, 1.6997, -1.1504
219.281                 ,    10, -37.8955, 1.7011, -1.1491
219.315                 ,    10, -37.8693, 1.7011, -1.1475
219.344                 ,    10, -37.8445, 1.7008, -1.1466
219.368                 ,    10, -37.8194, 1.7025, -1.1459
219.391                 ,    10, -37.8025, 1.7038, -1.1457
219.414                 ,    10, -37.7858, 1.7051, -1.1457
219.439                 ,    10, -37.7693, 1.7061, -1.1459
219.464                 ,    10, -37.7530, 1.7065, -1.1462
219.487                 ,    10, -37.7367, 1.7063, -1.1464
219.511                 ,    10, -37.7203, 1.7056, -1.1466
219.534                 ,    10, -37.6954, 1.7041, -1.1471
219.561                 ,    10, -37.6785, 1.7022, -1.1476
219.589                 ,    10, -37.6616, 1.7001, -1.1483
219.617                 ,    10, -37.6359, 1.6966, -1.1497
219.645                 ,    10, -37.6191, 1.6934, -1.1509
219.674                 ,    10, -37.5939, 1.6898, -1.1528
219.703                 ,    10, -37.5772, 1.6884, -1.1544
219.729                 ,    10, -37.5523, 1.6862, -1.1569
219.757                 ,    10, -37.5359, 1.6870, -1.1588
219.789                 ,    10, -37.5107, 1.6908, -1.1615
219.821                 ,    10, -37.4855, 1.6961, -1.1638
219.850                 ,    10, -37.4599, 1.7010, -1.1658
219.878                 ,    10, -37.4431, 1.7026, -1.1664
219.902                 ,    10, -37.4269, 1.7026, -1.1664
219.926                 ,    10, -37.4031, 1.7026, -1.1662
219.952                 ,    10, -37.3960, 1.7014, -1.1653
219.982                 ,    10, -37.3728, 1.7021, -1.1641
220.008                 ,    10, -37.3497, 1.7033, -1.1623
220.037                 ,    10, -37.3345, 1.7042, -1.1606
220.066                 ,    10, -37.3118, 1.7049, -1.1579
220.096                 ,    10, -37.2892, 1.7043, -1.1548
220.126                 ,    10, -37.2740, 1.7028, -1.1524
220.155                 ,    10, -37.2508, 1.7009, -1.1488
220.182                 ,    10, -37.2278, 1.6989, -1.1449
220.209                 ,    10, -37.2124, 1.6970, -1.1421
220.235                 ,    10, -37.1969, 1.6947, -1.1390
220.260                 ,    10, -37.1737, 1.6916, -1.1346
220.291                 ,    10, -37.1587, 1.6894, -1.1312
220.322                 ,    10, -37.1355, 1.6865, -1.1260
220.349                 ,    10, -37.1121, 1.6838, -1.1204
220.374                 ,    10, -37.0964, 1.6823, -1.1162
220.400                 ,    10, -37.0807, 1.6820, -1.1120
220.423                 ,    10, -37.0572, 1.6822, -1.1060
220.448                 ,    10, -37.0412, 1.6842, -1.1020
220.471                 ,    10, -37.0249, 1.6868, -1.0982
220.494                 ,    10, -37.0165, 1.6886, -1.0965
220.519                 ,    10, -36.9925, 1.6901, -1.0915
220.544                 ,    10, -36.9774, 1.6902, -1.0890
220.567                 ,    10, -36.9622, 1.6907, -1.0868
220.592                 ,    10, -36.9396, 1.6915, -1.0837
220.616                 ,    10, -36.9243, 1.6933, -1.0823
220.640                 ,    10, -36.9089, 1.6952, -1.0814
220.662                 ,    10, -36.9010, 1.6961, -1.0815
220.684                 ,    10, -36.8780, 1.6980, -1.0803
220.706                 ,    10, -36.8705, 1.6979, -1.0805
220.729                 ,    10, -36.8476, 1.6979, -1.0802
220.759                 ,    10, -36.8324, 1.6959, -1.0806
220.785                 ,    10, -36.8096, 1.6939, -1.0810
220.809                 ,    10, -36.7941, 1.6923, -1.0816
220.831                 ,    10, -36.7783, 1.6905, -1.0825
220.854                 ,    10, -36.7625, 1.6884, -1.0836
220.876                 ,    10, -36.7465, 1.6859, -1.0848
220.898                 ,    10, -36.7305, 1.6832, -1.0863
220.920                 ,    10, -36.7144, 1.6807, -1.0879
220.945                 ,    10, -36.6985, 1.6786, -1.0897
220.969                 ,    10, -36.6744, 1.6763, -1.0927
220.991                 ,    10, -36.6581, 1.6756, -1.0950
221.013                 ,    10, -36.6420, 1.6754, -1.0975
221.037                 ,    10, -36.6262, 1.6774, -1.1002
221.061                 ,    10, -36.6100, 1.6800, -1.1030
221.083                 ,    10, -36.5943, 1.6825, -1.1055
221.109                 ,    10, -36.5784, 1.6863, -1.1083
221.132                 ,    10, -36.5705, 1.6884, -1.1098
221.154                 ,    10, -36.5548, 1.6904, -1.1126
221.176                 ,    10, -36.5393, 1.6912, -1.1150
221.198                 ,    10, -36.5241, 1.6915, -1.1170
221.220                 ,    10, -36.5088, 1.6920, -1.1187
221.242                 ,    10, -36.4939, 1.6926, -1.1202
221.267                 ,    10, -36.4790, 1.6939, -1.1214
221.292                 ,    10, -36.4566, 1.6958, -1.1231
221.315                 ,    10, -36.4422, 1.6970, -1.1238
221.337                 ,    10, -36.4351, 1.6975, -1.1240
221.360                 ,    10, -36.4133, 1.6989, -1.1252
221.385                 ,    10, -36.3989, 1.6992, -1.1258
221.408                 ,    10, -36.3843, 1.6990, -1.1264
221.431                 ,    10, -36.3693, 1.6982, -1.1270
221.456                 ,    10, -36.3543, 1.6972, -1.1277
221.478                 ,    10, -36.3395, 1.6960, -1.1282
221.500                 ,    10, -36.3244, 1.6945, -1.1286
221.522                 ,    10, -36.3095, 1.6927, -1.1290
221.544                 ,    10, -36.2943, 1.6907, -1.1293
221.566                 ,    10, -36.2791, 1.6888, -1.1295
221.589                 ,    10, -36.2638, 1.6868, -1.1295
221.611                 ,    10, -36.2485, 1.6851, -1.1294
221.633                 ,    10, -36.2331, 1.6835, -1.1292
221.655                 ,    10, -36.2178, 1.6820, -1.1289
221.677                 ,    10, -36.2026, 1.6808, -1.1285
221.700                 ,    10, -36.1875, 1.6809, -1.1279
221.722                 ,    10, -36.1722, 1.6813, -1.1273
221.748                 ,    10, -36.1495, 1.6818, -1.1265
221.772                 ,    10, -36.1343, 1.6840, -1.1262
221.796                 ,    10, -36.1191, 1.6863, -1.1262
221.817                 ,    10, -36.1115, 1.6871, -1.1264
221.841                 ,    10, -36.0887, 1.6883, -1.1269
221.863                 ,    10, -36.0741, 1.6879, -1.1274
221.885                 ,    10, -36.0597, 1.6875, -1.1283
221.910                 ,    10, -36.0458, 1.6875, -1.1294
221.934                 ,    10, -36.0316, 1.6882, -1.1308
221.955                 ,    10, -36.0175, 1.6893, -1.1325
221.978                 ,    10, -36.0035, 1.6907, -1.1343
221.999                 ,    10, -35.9895, 1.6920, -1.1363
222.022                 ,    10, -35.9759, 1.6928, -1.1385
222.047                 ,    10, -35.9555, 1.6932, -1.1419
222.068                 ,    10, -35.9488, 1.6924, -1.1434
222.090                 ,    10, -35.9289, 1.6914, -1.1470
222.112                 ,    10, -35.9157, 1.6902, -1.1497
222.134                 ,    10, -35.9092, 1.6893, -1.1514
222.155                 ,    10, -35.8959, 1.6879, -1.1544
222.177                 ,    10, -35.8829, 1.6863, -1.1574
222.199                 ,    10, -35.8702, 1.6844, -1.1608
222.221                 ,    10, -35.8574, 1.6821, -1.1644
222.244                 ,    10, -35.8448, 1.6802, -1.1682
222.265                 ,    10, -35.8321, 1.6785, -1.1720
222.288                 ,    10, -35.8194, 1.6768, -1.1761
222.311                 ,    10, -35.8069, 1.6754, -1.1801
222.331                 ,    10, -35.7948, 1.6744, -1.1839
222.352                 ,    10, -35.7827, 1.6749, -1.1879
222.375                 ,    10, -35.7766, 1.6755, -1.1902
222.397                 ,    10, -35.7587, 1.6769, -1.1958
222.419                 ,    10, -35.7466, 1.6796, -1.1994
222.440                 ,    10, -35.7348, 1.6824, -1.2027
222.463                 ,    10, -35.7229, 1.6846, -1.2056
222.485                 ,    10, -35.7109, 1.6860, -1.2082
222.507                 ,    10, -35.6930, 1.6870, -1.2121
222.529                 ,    10, -35.6878, 1.6862, -1.2129
222.551                 ,    10, -35.6762, 1.6859, -1.2147
222.573                 ,    10, -35.6649, 1.6862, -1.2161
222.595                 ,    10, -35.6478, 1.6877, -1.2179
222.619                 ,    10, -35.6361, 1.6892, -1.2186
222.642                 ,    10, -35.6251, 1.6907, -1.2191
222.667                 ,    10, -35.6197, 1.6916, -1.2192
222.692                 ,    10, -35.6031, 1.6931, -1.2196
222.716                 ,    10, -35.5872, 1.6932, -1.2197
222.739                 ,    10, -35.5772, 1.6919, -1.2194
222.761                 ,    10, -35.5670, 1.6909, -1.2188
222.784                 ,    10, -35.5461, 1.6891, -1.2178
222.806                 ,    10, -35.5356, 1.6881, -1.2166
222.835                 ,    10, -35.5252, 1.6870, -1.2154
222.857                 ,    10, -35.5148, 1.6861, -1.2139
222.878                 ,    10, -35.5043, 1.6853, -1.2122
222.901                 ,    10, -35.4937, 1.6847, -1.2102
222.921                 ,    10, -35.4831, 1.6838, -1.2082
222.943                 ,    10, -35.4728, 1.6829, -1.2060
222.965                 ,    10, -35.4622, 1.6822, -1.2036
222.988                 ,    10, -35.4521, 1.6813, -1.2012
223.013                 ,    10, -35.4421, 1.6814, -1.1986
223.036                 ,    10, -35.4324, 1.6823, -1.1963
223.059                 ,    10, -35.4229, 1.6839, -1.1937
223.081                 ,    10, -35.4135, 1.6867, -1.1913
223.103                 ,    10, -35.4042, 1.6897, -1.1890
223.126                 ,    10, -35.3952, 1.6919, -1.1868
223.148                 ,    10, -35.3862, 1.6931, -1.1847
223.171                 ,    10, -35.3775, 1.6928, -1.1828
223.193                 ,    10, -35.3691, 1.6915, -1.1810
223.214                 ,    10, -35.3611, 1.6899, -1.1794
223.238                 ,    10, -35.3536, 1.6886, -1.1780
223.258                 ,    10, -35.3461, 1.6883, -1.1769
223.282                 ,    10, -35.3429, 1.6893, -1.1766
223.304                 ,    10, -35.3319, 1.6909, -1.1753
223.329                 ,    10, -35.3254, 1.6930, -1.1747
223.353                 ,    10, -35.3155, 1.6955, -1.1738
223.374                 ,    10, -35.3131, 1.6960, -1.1740
223.398                 ,    10, -35.3074, 1.6960, -1.1738
223.421                 ,    10, -35.2988, 1.6962, -1.1733
223.443                 ,    10, -35.2963, 1.6956, -1.1732
223.464                 ,    10, -35.2914, 1.6945, -1.1731
223.486                 ,    10, -35.2868, 1.6933, -1.1732
223.507                 ,    10, -35.2830, 1.6915, -1.1733
223.529                 ,    10, -35.2798, 1.6895, -1.1734
223.549                 ,    10, -35.2764, 1.6883, -1.1736
223.570                 ,    10, -35.2752, 1.6879, -1.1738
223.592                 ,    10, -35.2704, 1.6868, -1.1740
223.613                 ,    10, -35.2692, 1.6872, -1.1740
223.635                 ,    10, -35.2665, 1.6879, -1.1742
223.657                 ,    10, -35.2624, 1.6882, -1.1745
223.679                 ,    10, -35.2597, 1.6883, -1.1747
223.701                 ,    10, -35.2572, 1.6884, -1.1750
223.723                 ,    10, -35.2561, 1.6886, -1.1755
223.745                 ,    10, -35.2528, 1.6886, -1.1763
223.766                 ,    10, -35.2517, 1.6886, -1.1766
223.787                 ,    10, -35.2497, 1.6887, -1.1772
223.810                 ,    10, -35.2467, 1.6889, -1.1781
223.833                 ,    10, -35.2450, 1.6892, -1.1788
223.854                 ,    10, -35.2443, 1.6896, -1.1791
223.875                 ,    10, -35.2427, 1.6901, -1.1801
223.895                 ,    10, -35.2412, 1.6909, -1.1807
223.915                 ,    10, -35.2397, 1.6913, -1.1812
223.937                 ,    10, -35.2382, 1.6917, -1.1820
