timestamp, trial, HMD_x, HMD_y,HMD_z

# --- Trial 1 start ---
413.211,1,-39.7591,1.6820,-1.2880
413.297,1,-39.7569,1.6819,-1.2877
413.323,1,-39.7562,1.6818,-1.2877
413.339,1,-39.7559,1.6819,-1.2877
413.358,1,-39.7552,1.6819,-1.2876
413.384,1,-39.7546,1.6819,-1.2875
413.401,1,-39.7540,1.6819,-1.2875
413.419,1,-39.7534,1.6819,-1.2875
413.436,1,-39.7531,1.6819,-1.2875
413.451,1,-39.7526,1.6819,-1.2875
413.467,1,-39.7522,1.6817,-1.2877
413.484,1,-39.7518,1.6817,-1.2878
413.510,1,-39.7510,1.6817,-1.2878
413.545,1,-39.7500,1.6818,-1.2880
413.564,1,-39.7497,1.6819,-1.2879
413.580,1,-39.7491,1.6819,-1.2881
413.597,1,-39.7488,1.6819,-1.2881
413.618,1,-39.7481,1.6819,-1.2882
413.634,1,-39.7475,1.6820,-1.2881
413.652,1,-39.7471,1.6821,-1.2881
413.668,1,-39.7465,1.6823,-1.2880
413.684,1,-39.7461,1.6824,-1.2879
413.700,1,-39.7453,1.6827,-1.2878
413.717,1,-39.7449,1.6829,-1.2876
413.740,1,-39.7435,1.6835,-1.2873
413.758,1,-39.7429,1.6838,-1.2871
413.774,1,-39.7418,1.6844,-1.2866
413.789,1,-39.7412,1.6847,-1.2863
413.808,1,-39.7400,1.6852,-1.2855
413.824,1,-39.7394,1.6854,-1.2849
413.844,1,-39.7379,1.6855,-1.2841
413.865,1,-39.7363,1.6858,-1.2830
413.880,1,-39.7349,1.6859,-1.2819
413.896,1,-39.7342,1.6860,-1.2808
413.912,1,-39.7335,1.6859,-1.2800
413.929,1,-39.7321,1.6858,-1.2784
413.946,1,-39.7314,1.6857,-1.2775
413.964,1,-39.7300,1.6857,-1.2757
413.980,1,-39.7292,1.6857,-1.2748
413.997,1,-39.7278,1.6857,-1.2729
414.013,1,-39.7264,1.6856,-1.2710
414.029,1,-39.7258,1.6856,-1.2701
414.045,1,-39.7250,1.6855,-1.2692
414.063,1,-39.7238,1.6851,-1.2676
414.080,1,-39.7230,1.6845,-1.2669
414.096,1,-39.7217,1.6838,-1.2653
414.114,1,-39.7210,1.6831,-1.2648
414.130,1,-39.7196,1.6822,-1.2635
414.146,1,-39.7189,1.6820,-1.2631
414.163,1,-39.7176,1.6815,-1.2621
414.179,1,-39.7170,1.6815,-1.2618
414.196,1,-39.7158,1.6816,-1.2610
414.211,1,-39.7154,1.6817,-1.2607
414.227,1,-39.7144,1.6819,-1.2601
414.244,1,-39.7141,1.6822,-1.2598
414.260,1,-39.7133,1.6824,-1.2592
414.278,1,-39.7130,1.6825,-1.2588
414.297,1,-39.7124,1.6825,-1.2580
414.314,1,-39.7118,1.6824,-1.2572
414.330,1,-39.7116,1.6825,-1.2568
414.346,1,-39.7112,1.6826,-1.2564
414.363,1,-39.7108,1.6825,-1.2556
414.379,1,-39.7106,1.6825,-1.2551
414.396,1,-39.7101,1.6824,-1.2543
414.413,1,-39.7098,1.6824,-1.2541
414.434,1,-39.7091,1.6824,-1.2538
414.453,1,-39.7081,1.6826,-1.2537
414.474,1,-39.7067,1.6830,-1.2539
414.494,1,-39.7053,1.6833,-1.2540
414.511,1,-39.7045,1.6835,-1.2540
414.527,1,-39.7030,1.6835,-1.2541
414.543,1,-39.7023,1.6832,-1.2540
414.558,1,-39.7015,1.6829,-1.2540
414.576,1,-39.6999,1.6826,-1.2539
414.592,1,-39.6991,1.6825,-1.2540
414.609,1,-39.6974,1.6822,-1.2543
414.624,1,-39.6964,1.6819,-1.2546
414.640,1,-39.6946,1.6814,-1.2551
414.656,1,-39.6936,1.6810,-1.2555
414.672,1,-39.6918,1.6798,-1.2561
414.688,1,-39.6908,1.6781,-1.2565
414.705,1,-39.6887,1.6753,-1.2574
414.720,1,-39.6863,1.6797,-1.2583
414.736,1,-39.6849,1.6844,-1.2590
414.754,1,-39.6820,1.6862,-1.2602
414.770,1,-39.6807,1.6848,-1.2606
414.787,1,-39.6782,1.6834,-1.2619
414.803,1,-39.6766,1.6816,-1.2624
414.820,1,-39.6736,1.6807,-1.2637
414.837,1,-39.6715,1.6811,-1.2645
414.854,1,-39.6676,1.6808,-1.2660
414.870,1,-39.6633,1.6795,-1.2675
414.890,1,-39.6611,1.6786,-1.2685
414.909,1,-39.6567,1.6779,-1.2703
414.926,1,-39.6524,1.6773,-1.2720
414.945,1,-39.6497,1.6767,-1.2729
414.964,1,-39.6449,1.6757,-1.2746
414.981,1,-39.6398,1.6746,-1.2764
414.998,1,-39.6369,1.6739,-1.2773
415.015,1,-39.6313,1.6721,-1.2790
415.031,1,-39.6281,1.6708,-1.2796
415.048,1,-39.6218,1.6692,-1.2809
415.064,1,-39.6183,1.6688,-1.2815
415.081,1,-39.6116,1.6675,-1.2827
415.098,1,-39.6077,1.6666,-1.2831
415.115,1,-39.6004,1.6651,-1.2840
415.133,1,-39.5962,1.6649,-1.2845
415.152,1,-39.5879,1.6646,-1.2850
415.171,1,-39.5791,1.6646,-1.2855
415.189,1,-39.5743,1.6648,-1.2853
415.206,1,-39.5646,1.6648,-1.2854
415.222,1,-39.5592,1.6648,-1.2852
415.237,1,-39.5486,1.6645,-1.2851
415.256,1,-39.5429,1.6640,-1.2847
415.274,1,-39.5322,1.6631,-1.2843
415.292,1,-39.5210,1.6619,-1.2838
415.308,1,-39.5151,1.6611,-1.2832
415.324,1,-39.5093,1.6600,-1.2826
415.342,1,-39.4978,1.6580,-1.2814
415.358,1,-39.4918,1.6566,-1.2807
415.376,1,-39.4801,1.6546,-1.2795
415.395,1,-39.4737,1.6534,-1.2786
415.413,1,-39.4618,1.6510,-1.2769
415.432,1,-39.4497,1.6490,-1.2752
415.449,1,-39.4437,1.6485,-1.2742
415.468,1,-39.4311,1.6484,-1.2722
415.490,1,-39.4180,1.6504,-1.2700
415.515,1,-39.3845,1.6563,-1.2651
415.547,1,-39.3694,1.6633,-1.2638
415.570,1,-39.3553,1.6660,-1.2622
415.589,1,-39.3408,1.6680,-1.2613
415.607,1,-39.3257,1.6716,-1.2607
415.630,1,-39.3099,1.6759,-1.2606
415.652,1,-39.2941,1.6798,-1.2605
415.673,1,-39.2780,1.6821,-1.2604
415.694,1,-39.2622,1.6829,-1.2605
415.716,1,-39.2461,1.6826,-1.2605
415.738,1,-39.2305,1.6816,-1.2595
415.759,1,-39.2140,1.6800,-1.2600
415.781,1,-39.1972,1.6779,-1.2609
415.804,1,-39.1800,1.6755,-1.2619
415.827,1,-39.1623,1.6727,-1.2626
415.850,1,-39.1443,1.6700,-1.2645
415.873,1,-39.1267,1.6666,-1.2667
415.894,1,-39.1088,1.6628,-1.2691
415.917,1,-39.0903,1.6604,-1.2719
415.940,1,-39.0724,1.6600,-1.2748
415.962,1,-39.0544,1.6593,-1.2780
415.985,1,-39.0363,1.6587,-1.2810
416.007,1,-39.0270,1.6594,-1.2825
416.022,1,-39.0176,1.6615,-1.2842
416.038,1,-39.0085,1.6642,-1.2857
416.055,1,-38.9902,1.6665,-1.2883
416.071,1,-38.9806,1.6683,-1.2897
416.086,1,-38.9615,1.6710,-1.2924
416.106,1,-38.9413,1.6741,-1.2951
416.124,1,-38.9303,1.6773,-1.2963
416.140,1,-38.9103,1.6818,-1.2985
416.156,1,-38.8998,1.6841,-1.2992
416.173,1,-38.8888,1.6868,-1.2999
416.188,1,-38.8686,1.6909,-1.3015
416.204,1,-38.8583,1.6922,-1.3021
416.223,1,-38.8477,1.6923,-1.3027
416.242,1,-38.8270,1.6928,-1.3042
416.258,1,-38.8066,1.6924,-1.3055
416.275,1,-38.7958,1.6912,-1.3063
416.295,1,-38.7757,1.6889,-1.3076
416.315,1,-38.7550,1.6861,-1.3090
416.330,1,-38.7445,1.6838,-1.3095
416.347,1,-38.7236,1.6799,-1.3105
416.363,1,-38.7134,1.6771,-1.3108
416.381,1,-38.7029,1.6741,-1.3111
416.399,1,-38.6820,1.6693,-1.3115
416.415,1,-38.6614,1.6646,-1.3118
416.432,1,-38.6508,1.6632,-1.3116
416.449,1,-38.6302,1.6606,-1.3115
416.464,1,-38.6196,1.6601,-1.3112
416.481,1,-38.5983,1.6586,-1.3110
416.497,1,-38.5876,1.6585,-1.3106
416.514,1,-38.5769,1.6590,-1.3103
416.531,1,-38.5556,1.6606,-1.3098
416.546,1,-38.5449,1.6634,-1.3096
416.563,1,-38.5236,1.6676,-1.3091
416.588,1,-38.5132,1.6699,-1.3089
416.607,1,-38.4923,1.6727,-1.3087
416.623,1,-38.4820,1.6737,-1.3087
416.638,1,-38.4613,1.6758,-1.3087
416.653,1,-38.4510,1.6773,-1.3088
416.669,1,-38.4407,1.6790,-1.3091
416.688,1,-38.4200,1.6821,-1.3096
416.706,1,-38.3990,1.6858,-1.3103
416.723,1,-38.3884,1.6876,-1.3109
416.740,1,-38.3675,1.6903,-1.3119
416.758,1,-38.3570,1.6909,-1.3124
416.778,1,-38.3258,1.6928,-1.3136
416.794,1,-38.3154,1.6921,-1.3141
416.814,1,-38.3050,1.6911,-1.3147
416.830,1,-38.2843,1.6903,-1.3158
416.848,1,-38.2744,1.6888,-1.3165
416.868,1,-38.2431,1.6853,-1.3187
416.883,1,-38.2328,1.6833,-1.3197
416.898,1,-38.2225,1.6815,-1.3207
416.914,1,-38.2123,1.6795,-1.3218
416.929,1,-38.1914,1.6758,-1.3239
416.944,1,-38.1812,1.6736,-1.3251
416.960,1,-38.1603,1.6694,-1.3276
416.976,1,-38.1499,1.6676,-1.3292
416.992,1,-38.1293,1.6651,-1.3322
417.008,1,-38.1191,1.6648,-1.3340
417.024,1,-38.0986,1.6631,-1.3373
417.040,1,-38.0884,1.6625,-1.3389
417.055,1,-38.0781,1.6626,-1.3407
417.072,1,-38.0576,1.6643,-1.3442
417.087,1,-38.0473,1.6675,-1.3460
417.102,1,-38.0267,1.6711,-1.3496
417.117,1,-38.0167,1.6728,-1.3513
417.132,1,-38.0066,1.6738,-1.3530
417.149,1,-37.9861,1.6753,-1.3562
417.165,1,-37.9757,1.6768,-1.3576
417.182,1,-37.9554,1.6814,-1.3605
417.197,1,-37.9451,1.6842,-1.3617
417.213,1,-37.9349,1.6860,-1.3626
417.228,1,-37.9144,1.6896,-1.3648
417.244,1,-37.9040,1.6918,-1.3656
417.260,1,-37.8836,1.6955,-1.3675
417.277,1,-37.8735,1.6965,-1.3684
417.294,1,-37.8530,1.6984,-1.3700
417.310,1,-37.8423,1.6981,-1.3707
417.326,1,-37.8215,1.6979,-1.3720
417.341,1,-37.8111,1.6965,-1.3725
417.357,1,-37.7905,1.6945,-1.3736
417.373,1,-37.7802,1.6921,-1.3740
417.388,1,-37.7595,1.6885,-1.3748
417.404,1,-37.7493,1.6856,-1.3749
417.425,1,-37.7392,1.6826,-1.3750
417.440,1,-37.7187,1.6781,-1.3754
417.456,1,-37.6982,1.6734,-1.3755
417.472,1,-37.6882,1.6712,-1.3752
417.487,1,-37.6780,1.6697,-1.3748
417.503,1,-37.6576,1.6670,-1.3742
417.519,1,-37.6471,1.6660,-1.3738
417.535,1,-37.6266,1.6638,-1.3731
417.550,1,-37.6161,1.6641,-1.3726
417.565,1,-37.6055,1.6651,-1.3721
417.582,1,-37.5846,1.6674,-1.3713
417.597,1,-37.5741,1.6703,-1.3708
417.614,1,-37.5535,1.6740,-1.3700
417.629,1,-37.5434,1.6765,-1.3695
417.646,1,-37.5332,1.6788,-1.3691
417.665,1,-37.5126,1.6820,-1.3683
417.683,1,-37.4918,1.6845,-1.3676
417.697,1,-37.4814,1.6859,-1.3676
417.714,1,-37.4710,1.6879,-1.3676
417.730,1,-37.4502,1.6915,-1.3675
417.746,1,-37.4400,1.6936,-1.3677
417.762,1,-37.4193,1.6976,-1.3681
417.778,1,-37.4091,1.6992,-1.3685
417.795,1,-37.3887,1.7018,-1.3689
417.811,1,-37.3682,1.7038,-1.3695
417.827,1,-37.3581,1.7039,-1.3698
417.848,1,-37.3481,1.7036,-1.3702
417.865,1,-37.3271,1.7033,-1.3708
417.881,1,-37.3062,1.7026,-1.3715
417.895,1,-37.2958,1.7012,-1.3721
417.911,1,-37.2851,1.6998,-1.3728
417.930,1,-37.2641,1.6974,-1.3741
417.947,1,-37.2536,1.6957,-1.3750
417.968,1,-37.2224,1.6907,-1.3773
417.987,1,-37.2118,1.6880,-1.3784
418.003,1,-37.1908,1.6837,-1.3805
418.019,1,-37.1805,1.6816,-1.3819
418.038,1,-37.1593,1.6786,-1.3845
418.056,1,-37.1489,1.6785,-1.3861
418.071,1,-37.1278,1.6765,-1.3889
418.086,1,-37.1173,1.6756,-1.3906
418.101,1,-37.0965,1.6738,-1.3936
418.121,1,-37.0860,1.6757,-1.3955
418.138,1,-37.0653,1.6792,-1.3989
418.153,1,-37.0552,1.6826,-1.4008
418.171,1,-37.0345,1.6863,-1.4042
418.186,1,-37.0242,1.6880,-1.4060
418.202,1,-37.0139,1.6890,-1.4077
418.218,1,-36.9931,1.6913,-1.4110
418.234,1,-36.9828,1.6932,-1.4125
418.249,1,-36.9621,1.6972,-1.4157
418.265,1,-36.9518,1.6989,-1.4171
418.280,1,-36.9311,1.7021,-1.4198
418.295,1,-36.9212,1.7041,-1.4210
418.311,1,-36.9110,1.7059,-1.4222
418.327,1,-36.8904,1.7086,-1.4245
418.342,1,-36.8802,1.7088,-1.4255
418.358,1,-36.8700,1.7085,-1.4264
418.375,1,-36.8495,1.7085,-1.4284
418.390,1,-36.8391,1.7072,-1.4292
418.406,1,-36.8187,1.7057,-1.4311
418.422,1,-36.8087,1.7037,-1.4317
418.438,1,-36.7882,1.7010,-1.4331
418.452,1,-36.7781,1.6991,-1.4335
418.468,1,-36.7678,1.6970,-1.4337
418.485,1,-36.7471,1.6934,-1.4347
418.502,1,-36.7367,1.6909,-1.4349
418.520,1,-36.7163,1.6862,-1.4354
418.536,1,-36.6958,1.6815,-1.4357
418.551,1,-36.6860,1.6798,-1.4357
418.567,1,-36.6760,1.6787,-1.4357
418.583,1,-36.6556,1.6764,-1.4357
418.598,1,-36.6452,1.6759,-1.4356
418.614,1,-36.6248,1.6741,-1.4355
418.631,1,-36.6145,1.6745,-1.4353
418.648,1,-36.5941,1.6757,-1.4350
418.666,1,-36.5839,1.6788,-1.4348
418.684,1,-36.5638,1.6828,-1.4344
418.700,1,-36.5537,1.6855,-1.4342
418.716,1,-36.5338,1.6894,-1.4338
418.731,1,-36.5240,1.6907,-1.4336
418.746,1,-36.5041,1.6928,-1.4332
418.761,1,-36.4944,1.6935,-1.4332
418.778,1,-36.4846,1.6952,-1.4334
418.794,1,-36.4650,1.6987,-1.4335
418.811,1,-36.4553,1.7006,-1.4338
418.827,1,-36.4360,1.7041,-1.4343
418.842,1,-36.4266,1.7058,-1.4347
418.858,1,-36.4075,1.7085,-1.4353
418.874,1,-36.3983,1.7087,-1.4358
418.894,1,-36.3794,1.7096,-1.4364
418.912,1,-36.3606,1.7098,-1.4371
418.931,1,-36.3512,1.7091,-1.4376
418.948,1,-36.3324,1.7086,-1.4384
418.964,1,-36.3232,1.7077,-1.4391
418.980,1,-36.3046,1.7062,-1.4403
418.995,1,-36.2952,1.7047,-1.4410
419.015,1,-36.2769,1.7016,-1.4427
419.031,1,-36.2678,1.6996,-1.4437
419.046,1,-36.2587,1.6973,-1.4448
419.062,1,-36.2406,1.6934,-1.4467
419.077,1,-36.2316,1.6910,-1.4479
419.092,1,-36.2136,1.6868,-1.4502
419.108,1,-36.2046,1.6851,-1.4515
419.124,1,-36.1865,1.6828,-1.4541
419.138,1,-36.1774,1.6824,-1.4557
419.154,1,-36.1684,1.6815,-1.4570
419.169,1,-36.1504,1.6794,-1.4597
419.183,1,-36.1414,1.6786,-1.4611
419.199,1,-36.1325,1.6788,-1.4626
419.218,1,-36.1145,1.6813,-1.4655
419.238,1,-36.0965,1.6850,-1.4685
419.254,1,-36.0875,1.6871,-1.4701
419.271,1,-36.0696,1.6905,-1.4730
419.289,1,-36.0607,1.6918,-1.4745
419.306,1,-36.0427,1.6942,-1.4771
419.325,1,-36.0245,1.6974,-1.4797
419.342,1,-36.0153,1.6996,-1.4809
419.358,1,-35.9972,1.7029,-1.4833
419.373,1,-35.9882,1.7043,-1.4843
419.389,1,-35.9701,1.7075,-1.4866
419.404,1,-35.9612,1.7095,-1.4875
419.422,1,-35.9524,1.7110,-1.4885
419.438,1,-35.9347,1.7135,-1.4904
419.453,1,-35.9258,1.7141,-1.4913
419.468,1,-35.9172,1.7142,-1.4921
419.487,1,-35.8996,1.7145,-1.4938
419.505,1,-35.8821,1.7145,-1.4953
419.521,1,-35.8736,1.7139,-1.4959
419.536,1,-35.8561,1.7130,-1.4973
419.555,1,-35.8477,1.7116,-1.4977
419.575,1,-35.8305,1.7093,-1.4986
419.592,1,-35.8134,1.7068,-1.4986
419.607,1,-35.8049,1.7049,-1.4988
419.622,1,-35.7965,1.7026,-1.4990
419.637,1,-35.7798,1.6988,-1.4993
419.652,1,-35.7715,1.6966,-1.4994
419.669,1,-35.7632,1.6953,-1.4994
419.683,1,-35.7468,1.6931,-1.4995
419.701,1,-35.7389,1.6924,-1.4994
419.722,1,-35.7227,1.6903,-1.4993
419.741,1,-35.7065,1.6885,-1.4992
419.757,1,-35.6905,1.6883,-1.4990
419.775,1,-35.6828,1.6903,-1.4989
419.797,1,-35.6673,1.6922,-1.4986
419.817,1,-35.6519,1.6948,-1.4985
419.832,1,-35.6444,1.6970,-1.4986
419.848,1,-35.6293,1.6994,-1.4985
419.864,1,-35.6220,1.6998,-1.4986
419.882,1,-35.6073,1.7008,-1.4989
419.899,1,-35.6002,1.7017,-1.4993
419.915,1,-35.5856,1.7038,-1.4998
419.930,1,-35.5786,1.7053,-1.5004
419.945,1,-35.5716,1.7068,-1.5008
419.961,1,-35.5580,1.7096,-1.5016
419.976,1,-35.5513,1.7109,-1.5023
419.992,1,-35.5381,1.7128,-1.5032
420.007,1,-35.5318,1.7138,-1.5037
420.022,1,-35.5255,1.7147,-1.5042
420.037,1,-35.5128,1.7166,-1.5051
420.053,1,-35.5066,1.7174,-1.5055
420.067,1,-35.4942,1.7190,-1.5064
420.082,1,-35.4882,1.7195,-1.5070
420.100,1,-35.4825,1.7195,-1.5078
420.117,1,-35.4706,1.7199,-1.5092
420.134,1,-35.4650,1.7197,-1.5100
420.151,1,-35.4538,1.7191,-1.5113
420.166,1,-35.4428,1.7184,-1.5127
420.183,1,-35.4378,1.7175,-1.5137
420.198,1,-35.4330,1.7166,-1.5145
420.214,1,-35.4283,1.7154,-1.5152
420.229,1,-35.4188,1.7133,-1.5168
420.245,1,-35.4143,1.7119,-1.5176
420.259,1,-35.4055,1.7092,-1.5192
420.274,1,-35.4014,1.7077,-1.5201
420.290,1,-35.3972,1.7065,-1.5209
420.306,1,-35.3887,1.7055,-1.5225
420.322,1,-35.3848,1.7061,-1.5234
420.336,1,-35.3767,1.7061,-1.5250
420.353,1,-35.3732,1.7064,-1.5257
420.367,1,-35.3656,1.7062,-1.5272
420.383,1,-35.3622,1.7066,-1.5281
420.400,1,-35.3586,1.7071,-1.5290
420.416,1,-35.3514,1.7078,-1.5304
420.432,1,-35.3479,1.7085,-1.5316
420.448,1,-35.3408,1.7093,-1.5332
420.463,1,-35.3376,1.7098,-1.5338
420.478,1,-35.3312,1.7107,-1.5352
420.493,1,-35.3285,1.7115,-1.5361
420.515,1,-35.3260,1.7125,-1.5366
420.536,1,-35.3205,1.7136,-1.5374
420.554,1,-35.3151,1.7149,-1.5384
420.569,1,-35.3098,1.7162,-1.5394
420.583,1,-35.3074,1.7168,-1.5395
420.599,1,-35.3025,1.7177,-1.5401
420.614,1,-35.2980,1.7183,-1.5404
420.630,1,-35.2938,1.7187,-1.5409
420.645,1,-35.2897,1.7188,-1.5408
420.668,1,-35.2866,1.7183,-1.5407
420.689,1,-35.2835,1.7176,-1.5405
420.712,1,-35.2809,1.7173,-1.5404
420.734,1,-35.2783,1.7169,-1.5399
420.756,1,-35.2762,1.7163,-1.5396
420.778,1,-35.2741,1.7161,-1.5387
420.800,1,-35.2723,1.7157,-1.5377
420.823,1,-35.2707,1.7152,-1.5370
420.845,1,-35.2695,1.7138,-1.5362
420.868,1,-35.2685,1.7124,-1.5359
420.890,1,-35.2675,1.7111,-1.5352
420.913,1,-35.2666,1.7100,-1.5345
420.934,1,-35.2657,1.7089,-1.5338
420.956,1,-35.2650,1.7082,-1.5327
420.979,1,-35.2644,1.7077,-1.5320
421.001,1,-35.2636,1.7077,-1.5296
421.024,1,-35.2628,1.7083,-1.5285
421.046,1,-35.2623,1.7087,-1.5277
421.069,1,-35.2617,1.7092,-1.5271
421.091,1,-35.2615,1.7095,-1.5269
421.110,1,-35.2613,1.7097,-1.5269
421.127,1,-35.2610,1.7098,-1.5265
421.145,1,-35.2604,1.7100,-1.5256
421.161,1,-35.2597,1.7101,-1.5249
421.177,1,-35.2594,1.7102,-1.5248
421.192,1,-35.2587,1.7104,-1.5242
421.208,1,-35.2584,1.7105,-1.5240
421.224,1,-35.2576,1.7107,-1.5236
421.241,1,-35.2573,1.7109,-1.5237

# --- Trial 2 start --- (removed)

# --- Trial 1 start ---
41.526,1,-39.6848,1.6883,-1.2389
41.645,1,-39.6832,1.6878,-1.2382
41.691,1,-39.6827,1.6876,-1.2380
41.711,1,-39.6823,1.6874,-1.2380
41.728,1,-39.6822,1.6875,-1.2379
41.743,1,-39.6820,1.6875,-1.2379
41.758,1,-39.6819,1.6876,-1.2379
41.775,1,-39.6817,1.6876,-1.2378
41.791,1,-39.6816,1.6876,-1.2378
41.806,1,-39.6815,1.6876,-1.2378
41.824,1,-39.6812,1.6877,-1.2376
41.842,1,-39.6810,1.6877,-1.2376
41.858,1,-39.6810,1.6878,-1.2375
41.873,1,-39.6805,1.6879,-1.2372
41.893,1,-39.6803,1.6880,-1.2370
41.917,1,-39.6801,1.6883,-1.2368
41.939,1,-39.6797,1.6886,-1.2364
41.961,1,-39.6792,1.6892,-1.2357
41.983,1,-39.6785,1.6899,-1.2350
42.005,1,-39.6778,1.6911,-1.2338
42.028,1,-39.6769,1.6921,-1.2327
42.050,1,-39.6757,1.6932,-1.2314
42.072,1,-39.6743,1.6941,-1.2300
42.094,1,-39.6728,1.6951,-1.2284
42.117,1,-39.6708,1.6956,-1.2268
42.139,1,-39.6691,1.6960,-1.2249
42.163,1,-39.6673,1.6961,-1.2234
42.186,1,-39.6655,1.6957,-1.2217
42.208,1,-39.6633,1.6947,-1.2205
42.231,1,-39.6613,1.6922,-1.2192
42.255,1,-39.6597,1.6888,-1.2184
42.276,1,-39.6578,1.6867,-1.2181
42.299,1,-39.6557,1.6874,-1.2181
42.322,1,-39.6534,1.6886,-1.2180
42.345,1,-39.6512,1.6887,-1.2184
42.367,1,-39.6502,1.6892,-1.2187
42.383,1,-39.6491,1.6896,-1.2190
42.400,1,-39.6480,1.6901,-1.2195
42.416,1,-39.6458,1.6906,-1.2201
42.432,1,-39.6447,1.6906,-1.2206
42.448,1,-39.6424,1.6903,-1.2214
42.463,1,-39.6411,1.6900,-1.2214
42.479,1,-39.6386,1.6897,-1.2222
42.495,1,-39.6371,1.6895,-1.2229
42.512,1,-39.6358,1.6892,-1.2241
42.535,1,-39.6315,1.6884,-1.2265
42.552,1,-39.6300,1.6880,-1.2274
42.569,1,-39.6270,1.6874,-1.2289
42.585,1,-39.6256,1.6868,-1.2291
42.604,1,-39.6223,1.6869,-1.2303
42.622,1,-39.6189,1.6865,-1.2322
42.640,1,-39.6173,1.6864,-1.2330
42.656,1,-39.6138,1.6858,-1.2350
42.671,1,-39.6117,1.6854,-1.2363
42.688,1,-39.6080,1.6840,-1.2384
42.703,1,-39.6060,1.6824,-1.2396
42.718,1,-39.6042,1.6795,-1.2409
42.734,1,-39.6009,1.6755,-1.2430
42.750,1,-39.5979,1.6806,-1.2430
42.768,1,-39.5941,1.6854,-1.2455
42.784,1,-39.5916,1.6844,-1.2462
42.800,1,-39.5868,1.6828,-1.2485
42.816,1,-39.5843,1.6820,-1.2494
42.834,1,-39.5794,1.6824,-1.2521
42.850,1,-39.5765,1.6839,-1.2535
42.866,1,-39.5716,1.6843,-1.2556
42.881,1,-39.5686,1.6833,-1.2568
42.897,1,-39.5634,1.6816,-1.2593
42.912,1,-39.5608,1.6799,-1.2602
42.927,1,-39.5581,1.6785,-1.2613
42.943,1,-39.5550,1.6782,-1.2628
42.961,1,-39.5516,1.6786,-1.2641
42.976,1,-39.5452,1.6779,-1.2661
42.990,1,-39.5418,1.6773,-1.2667
43.005,1,-39.5382,1.6767,-1.2672
43.020,1,-39.5315,1.6761,-1.2687
43.037,1,-39.5276,1.6762,-1.2691
43.055,1,-39.5235,1.6766,-1.2694
43.071,1,-39.5154,1.6767,-1.2701
43.090,1,-39.5069,1.6769,-1.2703
43.109,1,-39.5023,1.6770,-1.2705
43.124,1,-39.4932,1.6766,-1.2708
43.140,1,-39.4881,1.6763,-1.2704
43.156,1,-39.4782,1.6759,-1.2701
43.170,1,-39.4729,1.6756,-1.2697
43.186,1,-39.4624,1.6746,-1.2693
43.201,1,-39.4570,1.6739,-1.2689
43.216,1,-39.4514,1.6731,-1.2682
43.231,1,-39.4403,1.6716,-1.2671
43.246,1,-39.4344,1.6707,-1.2665
43.262,1,-39.4229,1.6695,-1.2652
43.277,1,-39.4169,1.6688,-1.2642
43.292,1,-39.4107,1.6681,-1.2633
43.308,1,-39.3988,1.6669,-1.2615
43.324,1,-39.3921,1.6661,-1.2604
43.340,1,-39.3798,1.6648,-1.2584
43.356,1,-39.3737,1.6644,-1.2569
43.371,1,-39.3677,1.6638,-1.2557
43.388,1,-39.3555,1.6631,-1.2533
43.403,1,-39.3490,1.6636,-1.2520
43.419,1,-39.3364,1.6656,-1.2497
43.435,1,-39.3302,1.6675,-1.2483
43.451,1,-39.3239,1.6686,-1.2473
43.467,1,-39.3113,1.6702,-1.2451
43.486,1,-39.3048,1.6708,-1.2442
43.503,1,-39.2919,1.6723,-1.2423
43.520,1,-39.2782,1.6740,-1.2412
43.536,1,-39.2719,1.6760,-1.2401
43.552,1,-39.2585,1.6787,-1.2389
43.571,1,-39.2513,1.6807,-1.2388
43.591,1,-39.2373,1.6835,-1.2380
43.608,1,-39.2236,1.6859,-1.2374
43.627,1,-39.2165,1.6867,-1.2374
43.648,1,-39.2024,1.6881,-1.2368
43.664,1,-39.1877,1.6890,-1.2365
43.680,1,-39.1803,1.6892,-1.2366
43.695,1,-39.1653,1.6895,-1.2362
43.711,1,-39.1579,1.6892,-1.2364
43.730,1,-39.1502,1.6884,-1.2367
43.747,1,-39.1351,1.6873,-1.2369
43.763,1,-39.1198,1.6860,-1.2376
43.780,1,-39.1217,1.6813,-1.2253
43.796,1,-39.1062,1.6795,-1.2258
43.813,1,-39.0982,1.6781,-1.2266
43.829,1,-39.0828,1.6755,-1.2278
43.845,1,-39.0747,1.6735,-1.2288
43.860,1,-39.0664,1.6719,-1.2297
43.877,1,-39.0503,1.6690,-1.2311
43.892,1,-39.0448,1.6687,-1.2283
43.908,1,-39.0295,1.6665,-1.2295
43.924,1,-39.0211,1.6658,-1.2306
43.939,1,-39.0132,1.6656,-1.2315
43.956,1,-38.9965,1.6644,-1.2336
43.971,1,-38.9885,1.6655,-1.2344
43.987,1,-38.9723,1.6674,-1.2368
44.001,1,-38.9641,1.6700,-1.2385
44.016,1,-38.9555,1.6721,-1.2396
44.033,1,-38.9384,1.6766,-1.2422
44.049,1,-38.9298,1.6788,-1.2436
44.066,1,-38.9131,1.6815,-1.2460
44.086,1,-38.8962,1.6834,-1.2483
44.104,1,-38.8876,1.6843,-1.2491
44.119,1,-38.8703,1.6865,-1.2511
44.134,1,-38.8618,1.6876,-1.2518
44.151,1,-38.8530,1.6890,-1.2526
44.167,1,-38.8360,1.6921,-1.2541
44.181,1,-38.8269,1.6936,-1.2548
44.197,1,-38.8095,1.6956,-1.2559
44.216,1,-38.8012,1.6958,-1.2562
44.233,1,-38.7837,1.6963,-1.2572
44.248,1,-38.7753,1.6960,-1.2576
44.263,1,-38.7576,1.6956,-1.2585
44.277,1,-38.7486,1.6947,-1.2587
44.293,1,-38.7388,1.6914,-1.2577
44.307,1,-38.7299,1.6904,-1.2582
44.321,1,-38.7126,1.6886,-1.2589
44.336,1,-38.7035,1.6876,-1.2596
44.351,1,-38.6944,1.6864,-1.2602
44.366,1,-38.6771,1.6835,-1.2601
44.381,1,-38.6674,1.6819,-1.2608
44.396,1,-38.6585,1.6805,-1.2613
44.413,1,-38.6403,1.6778,-1.2618
44.427,1,-38.6322,1.6757,-1.2609
44.442,1,-38.6125,1.6731,-1.2619
44.456,1,-38.6030,1.6735,-1.2618
44.472,1,-38.5943,1.6729,-1.2607
44.486,1,-38.5753,1.6715,-1.2603
44.501,1,-38.5665,1.6714,-1.2596
44.516,1,-38.5565,1.6710,-1.2591
44.531,1,-38.5381,1.6718,-1.2570
44.548,1,-38.5261,1.6772,-1.2591
44.563,1,-38.5054,1.6813,-1.2586
44.578,1,-38.4935,1.6842,-1.2595
44.593,1,-38.4836,1.6880,-1.2594
44.608,1,-38.4644,1.6930,-1.2577
44.624,1,-38.4545,1.6951,-1.2574
44.639,1,-38.4440,1.6958,-1.2582
44.656,1,-38.4249,1.6983,-1.2578
44.673,1,-38.4158,1.6999,-1.2580
44.689,1,-38.3957,1.7025,-1.2566
44.704,1,-38.3861,1.7045,-1.2569
44.720,1,-38.3651,1.7072,-1.2581
44.735,1,-38.3556,1.7089,-1.2586
44.751,1,-38.3466,1.7106,-1.2579
44.767,1,-38.3275,1.7132,-1.2589
44.785,1,-38.3166,1.7133,-1.2600
44.801,1,-38.2974,1.7144,-1.2603
44.817,1,-38.2779,1.7148,-1.2608
44.833,1,-38.2689,1.7148,-1.2609
44.852,1,-38.2595,1.7139,-1.2611
44.868,1,-38.2403,1.7130,-1.2612
44.884,1,-38.2298,1.7114,-1.2623
44.900,1,-38.2107,1.7096,-1.2632
44.916,1,-38.2015,1.7080,-1.2638
44.931,1,-38.1832,1.7053,-1.2642
44.947,1,-38.1737,1.7041,-1.2649
44.963,1,-38.1536,1.7006,-1.2668
44.979,1,-38.1446,1.6988,-1.2677
44.993,1,-38.1352,1.6971,-1.2684
45.009,1,-38.1163,1.6946,-1.2695
45.024,1,-38.1056,1.6942,-1.2713
45.040,1,-38.0865,1.6926,-1.2730
45.055,1,-38.0768,1.6923,-1.2739
45.074,1,-38.0672,1.6925,-1.2750
45.095,1,-38.0380,1.6936,-1.2783
45.115,1,-38.0283,1.6971,-1.2794
45.130,1,-38.0084,1.7013,-1.2817
45.150,1,-37.9988,1.7041,-1.2826
45.169,1,-37.9795,1.7074,-1.2839
45.185,1,-37.9589,1.7100,-1.2861
45.201,1,-37.9497,1.7108,-1.2864
45.219,1,-37.9305,1.7141,-1.2875
45.237,1,-37.9208,1.7163,-1.2874
45.253,1,-37.9009,1.7197,-1.2882
45.269,1,-37.8914,1.7217,-1.2884
45.288,1,-37.8711,1.7252,-1.2887
45.305,1,-37.8515,1.7277,-1.2891
45.324,1,-37.8409,1.7283,-1.2895
45.339,1,-37.8210,1.7297,-1.2896
45.358,1,-37.8114,1.7289,-1.2895
45.375,1,-37.8018,1.7282,-1.2892
45.390,1,-37.7821,1.7279,-1.2890
45.404,1,-37.7724,1.7269,-1.2890
45.419,1,-37.7527,1.7253,-1.2886
45.434,1,-37.7431,1.7243,-1.2881
45.449,1,-37.7232,1.7220,-1.2878
45.467,1,-37.7129,1.7200,-1.2875
45.483,1,-37.7030,1.7181,-1.2870
45.500,1,-37.6821,1.7151,-1.2869
45.516,1,-37.6628,1.7110,-1.2854
45.531,1,-37.6539,1.7094,-1.2846
45.546,1,-37.6438,1.7085,-1.2840
45.562,1,-37.6243,1.7068,-1.2826
45.577,1,-37.6145,1.7061,-1.2817
45.591,1,-37.6048,1.7056,-1.2807
45.606,1,-37.5856,1.7050,-1.2790
45.620,1,-37.5750,1.7063,-1.2782
45.635,1,-37.5652,1.7085,-1.2773
45.651,1,-37.5455,1.7120,-1.2754
45.665,1,-37.5357,1.7144,-1.2746
45.680,1,-37.5255,1.7173,-1.2736
45.694,1,-37.5057,1.7213,-1.2720
45.710,1,-37.4962,1.7228,-1.2711
45.725,1,-37.4873,1.7237,-1.2702
45.741,1,-37.4679,1.7270,-1.2690
45.758,1,-37.4579,1.7298,-1.2689
45.778,1,-37.4386,1.7348,-1.2681
45.797,1,-37.4189,1.7399,-1.2677
45.812,1,-37.4094,1.7422,-1.2676
45.829,1,-37.3901,1.7460,-1.2673
45.843,1,-37.3807,1.7472,-1.2674
45.861,1,-37.3708,1.7483,-1.2672
45.877,1,-37.3515,1.7504,-1.2669
45.892,1,-37.3418,1.7496,-1.2665
45.906,1,-37.3324,1.7493,-1.2660
45.922,1,-37.3127,1.7493,-1.2665
45.937,1,-37.3026,1.7486,-1.2664
45.953,1,-37.2832,1.7474,-1.2666
45.967,1,-37.2738,1.7461,-1.2668
45.982,1,-37.2642,1.7446,-1.2675
45.998,1,-37.2543,1.7429,-1.2679
46.012,1,-37.2348,1.7402,-1.2687
46.027,1,-37.2253,1.7381,-1.2693
46.043,1,-37.2059,1.7346,-1.2707
46.058,1,-37.1958,1.7325,-1.2714
46.074,1,-37.1762,1.7291,-1.2729
46.089,1,-37.1665,1.7280,-1.2740
46.103,1,-37.1566,1.7271,-1.2753
46.119,1,-37.1367,1.7255,-1.2774
46.135,1,-37.1268,1.7254,-1.2785
46.154,1,-37.1066,1.7250,-1.2810
46.172,1,-37.0865,1.7251,-1.2834
46.187,1,-37.0765,1.7274,-1.2849
46.204,1,-37.0663,1.7306,-1.2864
46.219,1,-37.0463,1.7342,-1.2894
46.234,1,-37.0360,1.7372,-1.2908
46.253,1,-37.0262,1.7396,-1.2924
46.272,1,-36.9970,1.7446,-1.2965
46.287,1,-36.9868,1.7457,-1.2976
46.301,1,-36.9772,1.7476,-1.2992
46.317,1,-36.9672,1.7499,-1.3003
46.332,1,-36.9472,1.7538,-1.3027
46.347,1,-36.9373,1.7557,-1.3039
46.363,1,-36.9177,1.7598,-1.3063
46.377,1,-36.9077,1.7616,-1.3071
46.392,1,-36.8981,1.7636,-1.3079
46.407,1,-36.8781,1.7663,-1.3098
46.421,1,-36.8682,1.7667,-1.3109
46.437,1,-36.8586,1.7667,-1.3118
46.452,1,-36.8391,1.7675,-1.3138
46.468,1,-36.8292,1.7668,-1.3145
46.483,1,-36.8192,1.7659,-1.3154
46.498,1,-36.7997,1.7640,-1.3160
46.512,1,-36.7898,1.7624,-1.3165
46.526,1,-36.7799,1.7611,-1.3171
46.541,1,-36.7601,1.7590,-1.3184
46.556,1,-36.7505,1.7574,-1.3189
46.570,1,-36.7408,1.7554,-1.3193
46.585,1,-36.7210,1.7515,-1.3200
46.603,1,-36.7112,1.7488,-1.3201
46.620,1,-36.6917,1.7449,-1.3209
46.635,1,-36.6821,1.7436,-1.3212
46.650,1,-36.6623,1.7414,-1.3216
46.663,1,-36.6526,1.7406,-1.3216
46.680,1,-36.6427,1.7403,-1.3217
46.694,1,-36.6330,1.7398,-1.3216
46.710,1,-36.6130,1.7397,-1.3215
46.728,1,-36.5932,1.7422,-1.3214
46.747,1,-36.5834,1.7463,-1.3212
46.760,1,-36.5736,1.7492,-1.3211
46.775,1,-36.5540,1.7542,-1.3210
46.788,1,-36.5441,1.7569,-1.3210
46.803,1,-36.5348,1.7591,-1.3211
46.819,1,-36.5156,1.7617,-1.3211
46.833,1,-36.5062,1.7625,-1.3213
46.849,1,-36.4971,1.7638,-1.3220
46.866,1,-36.4785,1.7674,-1.3228
46.881,1,-36.4692,1.7692,-1.3234
46.896,1,-36.4506,1.7731,-1.3248
46.911,1,-36.4414,1.7753,-1.3259
46.925,1,-36.4322,1.7770,-1.3269
46.941,1,-36.4138,1.7798,-1.3287
46.955,1,-36.4048,1.7805,-1.3297
46.970,1,-36.3959,1.7812,-1.3305
46.986,1,-36.3779,1.7823,-1.3324
47.000,1,-36.3688,1.7822,-1.3332
47.015,1,-36.3598,1.7821,-1.3342
47.031,1,-36.3419,1.7821,-1.3361
47.047,1,-36.3326,1.7811,-1.3372
47.063,1,-36.3147,1.7800,-1.3394
47.077,1,-36.3057,1.7789,-1.3408
47.096,1,-36.2967,1.7775,-1.3422
47.112,1,-36.2788,1.7757,-1.3446
47.127,1,-36.2699,1.7738,-1.3462
47.142,1,-36.2521,1.7707,-1.3490
47.157,1,-36.2433,1.7689,-1.3506
47.172,1,-36.2345,1.7673,-1.3522
47.187,1,-36.2166,1.7647,-1.3555
47.203,1,-36.2074,1.7643,-1.3574
47.219,1,-36.1890,1.7620,-1.3606
47.235,1,-36.1799,1.7614,-1.3626
47.250,1,-36.1709,1.7609,-1.3647
47.266,1,-36.1529,1.7596,-1.3684
47.282,1,-36.1438,1.7603,-1.3706
47.298,1,-36.1258,1.7624,-1.3750
47.312,1,-36.1169,1.7646,-1.3772
47.327,1,-36.1080,1.7665,-1.3794
47.343,1,-36.0902,1.7697,-1.3836
47.358,1,-36.0815,1.7714,-1.3859
47.374,1,-36.0638,1.7740,-1.3901
47.389,1,-36.0551,1.7753,-1.3921
47.404,1,-36.0462,1.7769,-1.3940
47.419,1,-36.0288,1.7801,-1.3977
47.434,1,-36.0200,1.7816,-1.3993
47.450,1,-36.0112,1.7829,-1.4009
47.466,1,-35.9934,1.7861,-1.4043
47.480,1,-35.9846,1.7882,-1.4059
47.495,1,-35.9673,1.7918,-1.4089
47.510,1,-35.9587,1.7931,-1.4101
47.527,1,-35.9503,1.7937,-1.4114
47.542,1,-35.9334,1.7953,-1.4141
47.558,1,-35.9251,1.7954,-1.4151
47.574,1,-35.9084,1.7958,-1.4175
47.589,1,-35.9000,1.7955,-1.4186
47.609,1,-35.8835,1.7953,-1.4207
47.626,1,-35.8754,1.7947,-1.4214
47.642,1,-35.8591,1.7937,-1.4232
47.657,1,-35.8511,1.7925,-1.4239
47.674,1,-35.8433,1.7912,-1.4246
47.693,1,-35.8273,1.7892,-1.4260
47.707,1,-35.8115,1.7866,-1.4272
47.721,1,-35.8038,1.7847,-1.4276
47.736,1,-35.7962,1.7829,-1.4280
47.750,1,-35.7808,1.7799,-1.4289
47.764,1,-35.7732,1.7790,-1.4290
47.780,1,-35.7658,1.7785,-1.4294
47.799,1,-35.7506,1.7770,-1.4298
47.816,1,-35.7355,1.7760,-1.4301
47.835,1,-35.7280,1.7766,-1.4302
47.853,1,-35.7205,1.7776,-1.4301
47.869,1,-35.7055,1.7797,-1.4302
47.884,1,-35.6909,1.7824,-1.4302
47.898,1,-35.6838,1.7847,-1.4301
47.912,1,-35.6697,1.7882,-1.4302
47.926,1,-35.6558,1.7915,-1.4305
47.941,1,-35.6424,1.7933,-1.4309
47.962,1,-35.6288,1.7927,-1.4310
47.983,1,-35.6160,1.7943,-1.4318
48.005,1,-35.6028,1.7977,-1.4329
48.028,1,-35.5902,1.8007,-1.4341
48.050,1,-35.5779,1.8032,-1.4356
48.072,1,-35.5658,1.8050,-1.4368
48.095,1,-35.5539,1.8071,-1.4381
48.118,1,-35.5422,1.8088,-1.4395
48.140,1,-35.5305,1.8106,-1.4411
48.163,1,-35.5191,1.8119,-1.4426
48.185,1,-35.5081,1.8123,-1.4451
48.207,1,-35.4973,1.8123,-1.4470
48.229,1,-35.4868,1.8123,-1.4492
48.250,1,-35.4765,1.8122,-1.4514
48.274,1,-35.4664,1.8116,-1.4536
48.303,1,-35.4571,1.8101,-1.4559
48.325,1,-35.4477,1.8087,-1.4582
48.347,1,-35.4386,1.8076,-1.4608
48.362,1,-35.4295,1.8070,-1.4633
48.388,1,-35.4205,1.8064,-1.4659
48.409,1,-35.4162,1.8077,-1.4675
48.425,1,-35.4120,1.8088,-1.4688
48.441,1,-35.4078,1.8092,-1.4702
48.457,1,-35.4036,1.8095,-1.4715
48.472,1,-35.3948,1.8102,-1.4741
48.487,1,-35.3863,1.8110,-1.4765
48.501,1,-35.3823,1.8114,-1.4776
48.516,1,-35.3781,1.8118,-1.4784
48.531,1,-35.3741,1.8119,-1.4793
48.547,1,-35.3663,1.8123,-1.4813
48.563,1,-35.3587,1.8125,-1.4839
48.578,1,-35.3551,1.8126,-1.4846
48.594,1,-35.3516,1.8130,-1.4856
48.609,1,-35.3480,1.8133,-1.4864
48.624,1,-35.3448,1.8143,-1.4866
48.639,1,-35.3382,1.8160,-1.4876
48.653,1,-35.3352,1.8172,-1.4877
48.669,1,-35.3294,1.8194,-1.4888
48.684,1,-35.3269,1.8204,-1.4889
48.699,1,-35.3247,1.8208,-1.4896
48.714,1,-35.3225,1.8224,-1.4903
48.731,1,-35.3174,1.8244,-1.4912
48.747,1,-35.3152,1.8252,-1.4908
48.762,1,-35.3103,1.8264,-1.4908
48.777,1,-35.3087,1.8261,-1.4917
48.791,1,-35.3069,1.8259,-1.4915
48.807,1,-35.3050,1.8255,-1.4913
48.824,1,-35.3012,1.8248,-1.4907
48.840,1,-35.2979,1.8238,-1.4904
48.854,1,-35.2966,1.8227,-1.4896
48.869,1,-35.2954,1.8218,-1.4892
48.884,1,-35.2933,1.8207,-1.4889
48.899,1,-35.2925,1.8199,-1.4887
48.914,1,-35.2919,1.8192,-1.4892
48.928,1,-35.2898,1.8183,-1.4886
48.942,1,-35.2888,1.8182,-1.4879
48.955,1,-35.2881,1.8182,-1.4879
48.971,1,-35.2865,1.8184,-1.4869
48.987,1,-35.2853,1.8184,-1.4873
49.007,1,-35.2844,1.8187,-1.4872
49.029,1,-35.2841,1.8186,-1.4885
49.050,1,-35.2837,1.8185,-1.4892
49.073,1,-35.2831,1.8187,-1.4896
49.094,1,-35.2827,1.8188,-1.4896
49.119,1,-35.2826,1.8185,-1.4904
49.139,1,-35.2825,1.8185,-1.4905
49.161,1,-35.2824,1.8181,-1.4903
49.183,1,-35.2822,1.8183,-1.4903
49.204,1,-35.2821,1.8180,-1.4906
49.227,1,-35.2823,1.8181,-1.4911
49.249,1,-35.2822,1.8181,-1.4914
49.272,1,-35.2823,1.8180,-1.4914
49.295,1,-35.2823,1.8181,-1.4913
49.318,1,-35.2825,1.8184,-1.4917
49.340,1,-35.2824,1.8186,-1.4911
49.363,1,-35.2821,1.8184,-1.4909
49.386,1,-35.2818,1.8188,-1.4906
49.414,1,-35.2817,1.8187,-1.4902
49.435,1,-35.2814,1.8186,-1.4896
49.449,1,-35.2815,1.8189,-1.4904
49.468,1,-35.2813,1.8190,-1.4901
49.482,1,-35.2810,1.8191,-1.4899
49.497,1,-35.2809,1.8190,-1.4894
49.513,1,-35.2808,1.8191,-1.4885
49.528,1,-35.2807,1.8191,-1.4882
49.543,1,-35.2807,1.8192,-1.4877
49.559,1,-35.2807,1.8193,-1.4885
49.574,1,-35.2806,1.8195,-1.4881
49.590,1,-35.2807,1.8195,-1.4880
49.604,1,-35.2806,1.8194,-1.4882
49.619,1,-35.2805,1.8194,-1.4879
49.634,1,-35.2803,1.8193,-1.4874
49.650,1,-35.2802,1.8193,-1.4872
49.665,1,-35.2800,1.8194,-1.4858
49.681,1,-35.2798,1.8192,-1.4847
49.697,1,-35.2801,1.8189,-1.4850
49.712,1,-35.2803,1.8187,-1.4845
49.727,1,-35.2803,1.8186,-1.4839
49.743,1,-35.2803,1.8184,-1.4837
49.757,1,-35.2804,1.8185,-1.4834
49.774,1,-35.2805,1.8185,-1.4836
49.788,1,-35.2807,1.8184,-1.4828
49.803,1,-35.2812,1.8183,-1.4833
49.818,1,-35.2812,1.8182,-1.4830
49.834,1,-35.2813,1.8180,-1.4825
49.851,1,-35.2818,1.8178,-1.4836
49.873,1,-35.2821,1.8180,-1.4833
49.896,1,-35.2825,1.8177,-1.4837
49.918,1,-35.2830,1.8176,-1.4831
49.939,1,-35.2834,1.8175,-1.4819
49.962,1,-35.2839,1.8175,-1.4818
49.984,1,-35.2844,1.8173,-1.4813
50.006,1,-35.2849,1.8171,-1.4805
50.029,1,-35.2854,1.8171,-1.4795
50.051,1,-35.2859,1.8174,-1.4791
50.073,1,-35.2866,1.8174,-1.4791
50.095,1,-35.2873,1.8174,-1.4783
50.118,1,-35.2880,1.8174,-1.4778
50.140,1,-35.2887,1.8171,-1.4776
50.161,1,-35.2895,1.8172,-1.4779
50.184,1,-35.2903,1.8170,-1.4775
50.206,1,-35.2910,1.8167,-1.4770
50.235,1,-35.2919,1.8166,-1.4769
50.256,1,-35.2926,1.8164,-1.4764
50.270,1,-35.2933,1.8164,-1.4759
50.296,1,-35.2942,1.8166,-1.4760
50.319,1,-35.2947,1.8168,-1.4763
50.338,1,-35.2951,1.8169,-1.4769
50.355,1,-35.2960,1.8168,-1.4759
50.370,1,-35.2964,1.8166,-1.4764
50.384,1,-35.2973,1.8166,-1.4762
50.398,1,-35.2978,1.8166,-1.4766
50.413,1,-35.2983,1.8166,-1.4767
50.431,1,-35.2986,1.8167,-1.4764
50.449,1,-35.3000,1.8168,-1.4772
50.463,1,-35.3005,1.8167,-1.4773
50.477,1,-35.3010,1.8166,-1.4774
50.495,1,-35.3014,1.8165,-1.4774
50.512,1,-35.3026,1.8164,-1.4784
50.528,1,-35.3037,1.8163,-1.4792
50.542,1,-35.3042,1.8162,-1.4794
50.557,1,-35.3046,1.8159,-1.4791
50.572,1,-35.3050,1.8159,-1.4792
50.587,1,-35.3059,1.8156,-1.4794
50.603,1,-35.3061,1.8154,-1.4793
50.616,1,-35.3065,1.8153,-1.4793
50.631,1,-35.3074,1.8151,-1.4796
50.645,1,-35.3079,1.8149,-1.4805
50.660,1,-35.3083,1.8147,-1.4807
50.676,1,-35.3086,1.8146,-1.4809
50.693,1,-35.3093,1.8144,-1.4816
50.712,1,-35.3099,1.8142,-1.4820
50.730,1,-35.3107,1.8142,-1.4821
50.744,1,-35.3114,1.8141,-1.4827

# --- Trial 2 start ---
63.194,2,-39.4479,1.6924,-1.2664
63.275,2,-39.4463,1.6920,-1.2655
63.315,2,-39.4451,1.6918,-1.2648
63.331,2,-39.4447,1.6918,-1.2645
63.347,2,-39.4445,1.6918,-1.2643
63.363,2,-39.4443,1.6918,-1.2641
63.379,2,-39.4439,1.6917,-1.2638
63.394,2,-39.4437,1.6916,-1.2636
63.413,2,-39.4433,1.6914,-1.2633
63.434,2,-39.4429,1.6915,-1.2629
63.449,2,-39.4428,1.6915,-1.2627
63.464,2,-39.4427,1.6915,-1.2625
63.480,2,-39.4423,1.6917,-1.2620
63.497,2,-39.4418,1.6920,-1.2615
63.511,2,-39.4416,1.6922,-1.2612
63.527,2,-39.4413,1.6924,-1.2608
63.542,2,-39.4410,1.6926,-1.2606
63.559,2,-39.4405,1.6930,-1.2600
63.575,2,-39.4402,1.6933,-1.2597
63.590,2,-39.4398,1.6935,-1.2593
63.606,2,-39.4384,1.6945,-1.2579
63.622,2,-39.4376,1.6950,-1.2571
63.640,2,-39.4368,1.6955,-1.2562
63.661,2,-39.4358,1.6959,-1.2551
63.683,2,-39.4348,1.6963,-1.2539
63.706,2,-39.4337,1.6967,-1.2527
63.728,2,-39.4327,1.6968,-1.2514
63.750,2,-39.4316,1.6965,-1.2504
63.772,2,-39.4305,1.6962,-1.2493
63.794,2,-39.4294,1.6955,-1.2484
63.817,2,-39.4289,1.6940,-1.2471
63.839,2,-39.4279,1.6922,-1.2465
63.861,2,-39.4268,1.6903,-1.2461
63.883,2,-39.4256,1.6885,-1.2459
63.906,2,-39.4244,1.6878,-1.2460
63.928,2,-39.4233,1.6876,-1.2463
63.951,2,-39.4223,1.6880,-1.2468
63.975,2,-39.4213,1.6885,-1.2474
63.997,2,-39.4203,1.6893,-1.2480
64.020,2,-39.4191,1.6906,-1.2488
64.049,2,-39.4182,1.6912,-1.2496
64.072,2,-39.4175,1.6909,-1.2504
64.094,2,-39.4173,1.6906,-1.2510
64.112,2,-39.4164,1.6906,-1.2518
64.127,2,-39.4160,1.6907,-1.2524
64.143,2,-39.4153,1.6905,-1.2533
64.158,2,-39.4149,1.6901,-1.2539
64.173,2,-39.4146,1.6899,-1.2545
64.189,2,-39.4137,1.6899,-1.2556
64.205,2,-39.4131,1.6901,-1.2563
64.220,2,-39.4126,1.6901,-1.2568
64.237,2,-39.4116,1.6904,-1.2582
64.254,2,-39.4103,1.6907,-1.2597
64.270,2,-39.4095,1.6910,-1.2606
64.287,2,-39.4086,1.6911,-1.2615
64.305,2,-39.4070,1.6911,-1.2633
64.321,2,-39.4061,1.6905,-1.2644
64.344,2,-39.4038,1.6877,-1.2672
64.362,2,-39.4031,1.6853,-1.2683
64.379,2,-39.3996,1.6919,-1.2710
64.395,2,-39.3984,1.6970,-1.2724
64.416,2,-39.3954,1.6964,-1.2744
64.436,2,-39.3922,1.6950,-1.2765
64.452,2,-39.3901,1.6944,-1.2777
64.468,2,-39.3864,1.6951,-1.2799
64.484,2,-39.3841,1.6962,-1.2810
64.501,2,-39.3800,1.6967,-1.2832
64.517,2,-39.3774,1.6958,-1.2846
64.532,2,-39.3729,1.6939,-1.2868
64.548,2,-39.3705,1.6920,-1.2878
64.564,2,-39.3681,1.6906,-1.2887
64.581,2,-39.3629,1.6896,-1.2909
64.597,2,-39.3597,1.6897,-1.2918
64.614,2,-39.3536,1.6891,-1.2935
64.630,2,-39.3473,1.6885,-1.2950
64.651,2,-39.3435,1.6885,-1.2955
64.671,2,-39.3395,1.6888,-1.2961
64.687,2,-39.3355,1.6892,-1.2966
64.703,2,-39.3278,1.6896,-1.2975
64.719,2,-39.3234,1.6896,-1.2980
64.736,2,-39.3152,1.6897,-1.2989
64.751,2,-39.3108,1.6893,-1.2991
64.768,2,-39.3017,1.6888,-1.2996
64.785,2,-39.2968,1.6883,-1.2996
64.801,2,-39.2868,1.6873,-1.3001
64.817,2,-39.2815,1.6867,-1.3003
64.832,2,-39.2710,1.6853,-1.3003
64.848,2,-39.2651,1.6845,-1.3002
64.866,2,-39.2538,1.6830,-1.2999
64.881,2,-39.2477,1.6822,-1.2998
64.898,2,-39.2357,1.6809,-1.2997
64.915,2,-39.2292,1.6801,-1.2992
64.933,2,-39.2168,1.6784,-1.2983
64.956,2,-39.2037,1.6767,-1.2975
64.975,2,-39.1903,1.6748,-1.2964
64.993,2,-39.1833,1.6736,-1.2956
65.010,2,-39.1697,1.6716,-1.2943
65.025,2,-39.1625,1.6707,-1.2935
65.043,2,-39.1478,1.6699,-1.2920
65.060,2,-39.1400,1.6708,-1.2913
65.076,2,-39.1252,1.6719,-1.2894
65.092,2,-39.1177,1.6736,-1.2884
65.106,2,-39.1099,1.6749,-1.2875
65.122,2,-39.0941,1.6777,-1.2861
65.138,2,-39.0857,1.6799,-1.2853
65.152,2,-39.0699,1.6829,-1.2836
65.168,2,-39.0618,1.6841,-1.2828
65.183,2,-39.0538,1.6846,-1.2822
65.198,2,-39.0376,1.6861,-1.2811
65.213,2,-39.0293,1.6871,-1.2807
65.228,2,-39.0209,1.6882,-1.2803
65.245,2,-39.0044,1.6908,-1.2796
65.260,2,-38.9960,1.6927,-1.2795
65.276,2,-38.9793,1.6955,-1.2793
65.290,2,-38.9709,1.6958,-1.2791
65.308,2,-38.9625,1.6957,-1.2789
65.327,2,-38.9455,1.6960,-1.2786
65.342,2,-38.9284,1.6962,-1.2784
65.357,2,-38.9196,1.6957,-1.2785
65.373,2,-38.9108,1.6949,-1.2786
65.389,2,-38.8931,1.6932,-1.2785
65.404,2,-38.8840,1.6916,-1.2787
65.419,2,-38.8665,1.6892,-1.2791
65.435,2,-38.8576,1.6877,-1.2797
65.452,2,-38.8486,1.6859,-1.2803
65.469,2,-38.8308,1.6825,-1.2811
65.484,2,-38.8217,1.6804,-1.2819
65.500,2,-38.8037,1.6764,-1.2833
65.516,2,-38.7946,1.6745,-1.2845
65.532,2,-38.7766,1.6711,-1.2863
65.547,2,-38.7678,1.6699,-1.2875
65.564,2,-38.7588,1.6694,-1.2887
65.580,2,-38.7405,1.6675,-1.2911
65.598,2,-38.7312,1.6675,-1.2927
65.615,2,-38.7130,1.6680,-1.2953
65.631,2,-38.6941,1.6711,-1.2981
65.646,2,-38.6845,1.6740,-1.2994
65.661,2,-38.6748,1.6766,-1.3006
65.678,2,-38.6556,1.6799,-1.3030
65.694,2,-38.6463,1.6813,-1.3041
65.711,2,-38.6285,1.6840,-1.3060
65.726,2,-38.6195,1.6856,-1.3069
65.745,2,-38.6007,1.6890,-1.3087
65.764,2,-38.5817,1.6928,-1.3104
65.781,2,-38.5723,1.6948,-1.3110
65.797,2,-38.5629,1.6968,-1.3114
65.815,2,-38.5441,1.7001,-1.3125
65.835,2,-38.5251,1.7022,-1.3135
65.853,2,-38.5062,1.7033,-1.3145
65.870,2,-38.4972,1.7028,-1.3147
65.886,2,-38.4879,1.7025,-1.3150
65.906,2,-38.4687,1.7020,-1.3157
65.925,2,-38.4496,1.7006,-1.3160
65.941,2,-38.4403,1.6992,-1.3162
65.959,2,-38.4213,1.6967,-1.3162
65.977,2,-38.4119,1.6949,-1.3161
66.000,2,-38.3829,1.6896,-1.3160
66.019,2,-38.3638,1.6850,-1.3155
66.035,2,-38.3543,1.6824,-1.3149
66.050,2,-38.3445,1.6806,-1.3145
66.066,2,-38.3250,1.6778,-1.3138
66.083,2,-38.3152,1.6774,-1.3130
66.099,2,-38.2955,1.6755,-1.3120
66.115,2,-38.2859,1.6749,-1.3111
66.132,2,-38.2759,1.6750,-1.3105
66.151,2,-38.2557,1.6766,-1.3094
66.170,2,-38.2353,1.6805,-1.3079
66.186,2,-38.2151,1.6850,-1.3064
66.201,2,-38.2048,1.6885,-1.3057
66.219,2,-38.1945,1.6917,-1.3053
66.235,2,-38.1740,1.6957,-1.3043
66.249,2,-38.1637,1.6966,-1.3038
66.264,2,-38.1536,1.6974,-1.3034
66.279,2,-38.1332,1.7004,-1.3029
66.295,2,-38.1228,1.7025,-1.3030
66.311,2,-38.1023,1.7062,-1.3030
66.327,2,-38.0921,1.7080,-1.3032
66.341,2,-38.0819,1.7095,-1.3034
66.357,2,-38.0614,1.7121,-1.3039
66.372,2,-38.0513,1.7128,-1.3044
66.387,2,-38.0308,1.7142,-1.3051
66.402,2,-38.0206,1.7143,-1.3055
66.417,2,-38.0105,1.7141,-1.3058
66.433,2,-37.9900,1.7139,-1.3065
66.448,2,-37.9798,1.7131,-1.3071
66.463,2,-37.9591,1.7119,-1.3080
66.478,2,-37.9486,1.7104,-1.3088
66.495,2,-37.9382,1.7088,-1.3096
66.510,2,-37.9173,1.7062,-1.3110
66.524,2,-37.9067,1.7044,-1.3120
66.539,2,-37.8965,1.7025,-1.3129
66.556,2,-37.8759,1.6989,-1.3151
66.571,2,-37.8656,1.6969,-1.3162
66.587,2,-37.8449,1.6929,-1.3185
66.601,2,-37.8347,1.6908,-1.3198
66.615,2,-37.8245,1.6894,-1.3213
66.632,2,-37.8039,1.6872,-1.3241
66.647,2,-37.7936,1.6867,-1.3257
66.663,2,-37.7831,1.6861,-1.3272
66.678,2,-37.7627,1.6844,-1.3302
66.694,2,-37.7521,1.6848,-1.3319
66.710,2,-37.7313,1.6865,-1.3352
66.726,2,-37.7210,1.6895,-1.3368
66.742,2,-37.7003,1.6923,-1.3397
66.759,2,-37.6899,1.6941,-1.3412
66.775,2,-37.6693,1.6967,-1.3442
66.790,2,-37.6589,1.6979,-1.3454
66.806,2,-37.6485,1.6998,-1.3465
66.822,2,-37.6280,1.7038,-1.3486
66.838,2,-37.6178,1.7058,-1.3495
66.856,2,-37.5970,1.7099,-1.3514
66.873,2,-37.5866,1.7124,-1.3521
66.888,2,-37.5661,1.7165,-1.3536
66.904,2,-37.5557,1.7177,-1.3542
66.921,2,-37.5353,1.7199,-1.3553
66.937,2,-37.5250,1.7199,-1.3558
66.952,2,-37.5045,1.7204,-1.3568
66.969,2,-37.4944,1.7191,-1.3570
66.985,2,-37.4841,1.7179,-1.3573
67.001,2,-37.4636,1.7164,-1.3579
67.018,2,-37.4535,1.7149,-1.3581
67.034,2,-37.4329,1.7124,-1.3584
67.051,2,-37.4226,1.7104,-1.3583
67.067,2,-37.4019,1.7070,-1.3583
67.084,2,-37.3916,1.7047,-1.3581
67.100,2,-37.3710,1.7005,-1.3578
67.119,2,-37.3504,1.6969,-1.3571
67.138,2,-37.3404,1.6957,-1.3565
67.155,2,-37.3197,1.6935,-1.3557
67.170,2,-37.3093,1.6930,-1.3551
67.186,2,-37.2887,1.6913,-1.3541
67.201,2,-37.2783,1.6912,-1.3535
67.216,2,-37.2679,1.6918,-1.3528
67.232,2,-37.2471,1.6936,-1.3517
67.248,2,-37.2366,1.6965,-1.3513
67.267,2,-37.2159,1.7003,-1.3502
67.285,2,-37.1951,1.7041,-1.3492
67.301,2,-37.1847,1.7057,-1.3489
67.317,2,-37.1744,1.7068,-1.3486
67.337,2,-37.1537,1.7105,-1.3483
67.355,2,-37.1327,1.7147,-1.3483
67.370,2,-37.1225,1.7169,-1.3485
67.386,2,-37.1121,1.7198,-1.3489
67.403,2,-37.0913,1.7246,-1.3494
67.419,2,-37.0809,1.7266,-1.3499
67.435,2,-37.0605,1.7298,-1.3504
67.451,2,-37.0504,1.7305,-1.3508
67.466,2,-37.0299,1.7323,-1.3517
67.481,2,-37.0198,1.7322,-1.3520
67.497,2,-36.9995,1.7325,-1.3529
67.511,2,-36.9892,1.7318,-1.3535
67.528,2,-36.9789,1.7308,-1.3542
67.543,2,-36.9586,1.7297,-1.3554
67.558,2,-36.9484,1.7283,-1.3563
67.572,2,-36.9383,1.7269,-1.3572
67.588,2,-36.9179,1.7240,-1.3590
67.602,2,-36.9074,1.7218,-1.3602
67.618,2,-36.8971,1.7194,-1.3614
67.633,2,-36.8766,1.7152,-1.3635
67.648,2,-36.8662,1.7129,-1.3648
67.663,2,-36.8458,1.7092,-1.3672
67.678,2,-36.8357,1.7080,-1.3687
67.695,2,-36.8256,1.7072,-1.3701
67.710,2,-36.8055,1.7051,-1.3728
67.729,2,-36.7855,1.7033,-1.3757
67.747,2,-36.7756,1.7031,-1.3772
67.761,2,-36.7657,1.7042,-1.3788
67.776,2,-36.7455,1.7070,-1.3820
67.790,2,-36.7357,1.7097,-1.3836
67.805,2,-36.7258,1.7127,-1.3853
67.821,2,-36.7059,1.7161,-1.3885
67.835,2,-36.6959,1.7175,-1.3900
67.851,2,-36.6860,1.7184,-1.3913
67.867,2,-36.6662,1.7211,-1.3942
67.882,2,-36.6566,1.7230,-1.3955
67.898,2,-36.6371,1.7266,-1.3978
67.914,2,-36.6276,1.7284,-1.3987
67.929,2,-36.6181,1.7301,-1.3998
67.945,2,-36.5987,1.7339,-1.4019
67.964,2,-36.5793,1.7372,-1.4039
67.983,2,-36.5602,1.7394,-1.4056
67.998,2,-36.5507,1.7397,-1.4064
68.019,2,-36.5410,1.7395,-1.4071
68.040,2,-36.5123,1.7397,-1.4096
68.059,2,-36.5028,1.7386,-1.4103
68.076,2,-36.4931,1.7376,-1.4108
68.091,2,-36.4742,1.7361,-1.4120
68.107,2,-36.4648,1.7346,-1.4124
68.123,2,-36.4459,1.7320,-1.4131
68.138,2,-36.4368,1.7301,-1.4134
68.155,2,-36.4179,1.7266,-1.4138
68.171,2,-36.4088,1.7241,-1.4138
68.187,2,-36.3901,1.7197,-1.4139
68.202,2,-36.3807,1.7177,-1.4137
68.217,2,-36.3621,1.7145,-1.4136
68.231,2,-36.3527,1.7137,-1.4133
68.248,2,-36.3433,1.7132,-1.4129
68.264,2,-36.3246,1.7112,-1.4124
68.280,2,-36.3153,1.7110,-1.4120
68.296,2,-36.2967,1.7110,-1.4113
68.311,2,-36.2876,1.7125,-1.4107
68.327,2,-36.2783,1.7151,-1.4103
68.343,2,-36.2598,1.7187,-1.4093
68.359,2,-36.2505,1.7211,-1.4089
68.375,2,-36.2321,1.7251,-1.4083
68.392,2,-36.2233,1.7266,-1.4081
68.408,2,-36.2052,1.7288,-1.4075
68.423,2,-36.1963,1.7295,-1.4075
68.439,2,-36.1875,1.7308,-1.4077
68.455,2,-36.1696,1.7337,-1.4078
68.470,2,-36.1608,1.7353,-1.4081
68.486,2,-36.1433,1.7384,-1.4086
68.501,2,-36.1346,1.7400,-1.4092
68.516,2,-36.1261,1.7413,-1.4097
68.531,2,-36.1089,1.7435,-1.4106
68.548,2,-36.1005,1.7441,-1.4112
68.564,2,-36.0835,1.7457,-1.4123
68.579,2,-36.0751,1.7459,-1.4128
68.595,2,-36.0664,1.7458,-1.4135
68.611,2,-36.0493,1.7461,-1.4148
68.627,2,-36.0406,1.7457,-1.4157
68.642,2,-36.0235,1.7452,-1.4174
68.657,2,-36.0150,1.7444,-1.4183
68.678,2,-35.9980,1.7432,-1.4203
68.696,2,-35.9811,1.7413,-1.4224
68.713,2,-35.9726,1.7397,-1.4236
68.728,2,-35.9642,1.7377,-1.4248
68.743,2,-35.9473,1.7347,-1.4270
68.757,2,-35.9391,1.7330,-1.4281
68.772,2,-35.9309,1.7314,-1.4294
68.787,2,-35.9143,1.7291,-1.4319
68.802,2,-35.9061,1.7284,-1.4331
68.819,2,-35.8980,1.7274,-1.4344
68.836,2,-35.8817,1.7251,-1.4369
68.852,2,-35.8653,1.7230,-1.4395
68.866,2,-35.8575,1.7223,-1.4409
68.882,2,-35.8494,1.7227,-1.4423
68.897,2,-35.8417,1.7240,-1.4437
68.913,2,-35.8261,1.7253,-1.4464
68.927,2,-35.8183,1.7266,-1.4478
68.944,2,-35.8029,1.7291,-1.4507
68.963,2,-35.7875,1.7315,-1.4534
68.981,2,-35.7798,1.7321,-1.4547
68.999,2,-35.7644,1.7337,-1.4573
69.015,2,-35.7566,1.7352,-1.4586
69.031,2,-35.7413,1.7376,-1.4611
69.045,2,-35.7337,1.7390,-1.4622
69.060,2,-35.7262,1.7404,-1.4632
69.075,2,-35.7112,1.7432,-1.4654
69.090,2,-35.7039,1.7446,-1.4664
69.105,2,-35.6967,1.7455,-1.4673
69.122,2,-35.6821,1.7473,-1.4691
69.137,2,-35.6749,1.7479,-1.4700
69.152,2,-35.6606,1.7492,-1.4716
69.168,2,-35.6538,1.7493,-1.4721
69.190,2,-35.6400,1.7493,-1.4733
69.208,2,-35.6263,1.7490,-1.4745
69.224,2,-35.6196,1.7484,-1.4748
69.239,2,-35.6061,1.7474,-1.4754
69.254,2,-35.5995,1.7466,-1.4755
69.269,2,-35.5932,1.7455,-1.4757
69.286,2,-35.5804,1.7437,-1.4759
69.305,2,-35.5677,1.7413,-1.4761
69.323,2,-35.5618,1.7395,-1.4758
69.338,2,-35.5493,1.7371,-1.4757
69.354,2,-35.5433,1.7359,-1.4755
69.374,2,-35.5374,1.7349,-1.4752
69.390,2,-35.5254,1.7331,-1.4747
69.407,2,-35.5137,1.7314,-1.4742
69.423,2,-35.5081,1.7308,-1.4737
69.438,2,-35.4966,1.7295,-1.4730
69.453,2,-35.4912,1.7292,-1.4724
69.471,2,-35.4858,1.7297,-1.4718
69.487,2,-35.4749,1.7302,-1.4708
69.501,2,-35.4696,1.7313,-1.4701
69.517,2,-35.4589,1.7328,-1.4690
69.533,2,-35.4537,1.7345,-1.4685
69.547,2,-35.4486,1.7364,-1.4679
69.562,2,-35.4435,1.7378,-1.4673
69.577,2,-35.4332,1.7403,-1.4664
69.593,2,-35.4282,1.7413,-1.4658
69.609,2,-35.4182,1.7431,-1.4648
69.625,2,-35.4135,1.7438,-1.4644
69.641,2,-35.4040,1.7451,-1.4636
69.655,2,-35.3996,1.7453,-1.4635
69.671,2,-35.3953,1.7451,-1.4631
69.688,2,-35.3862,1.7458,-1.4627
69.703,2,-35.3818,1.7464,-1.4625
69.724,2,-35.3731,1.7477,-1.4625
69.743,2,-35.3648,1.7494,-1.4627
69.763,2,-35.3570,1.7511,-1.4629
69.781,2,-35.3536,1.7518,-1.4629
69.797,2,-35.3463,1.7532,-1.4635
69.812,2,-35.3429,1.7541,-1.4639
69.829,2,-35.3359,1.7556,-1.4641
69.845,2,-35.3328,1.7563,-1.4644
69.861,2,-35.3262,1.7574,-1.4647
69.876,2,-35.3233,1.7576,-1.4650
69.891,2,-35.3203,1.7577,-1.4653
69.908,2,-35.3179,1.7575,-1.4663
69.923,2,-35.3121,1.7579,-1.4675
69.938,2,-35.3068,1.7580,-1.4681
69.953,2,-35.3044,1.7578,-1.4689
69.967,2,-35.3023,1.7574,-1.4700
69.982,2,-35.3003,1.7570,-1.4712
69.998,2,-35.2981,1.7569,-1.4716
70.014,2,-35.2937,1.7566,-1.4726
70.029,2,-35.2895,1.7566,-1.4736
70.043,2,-35.2854,1.7566,-1.4746
70.058,2,-35.2818,1.7569,-1.4759
70.074,2,-35.2787,1.7578,-1.4776
70.096,2,-35.2758,1.7584,-1.4786
70.118,2,-35.2731,1.7583,-1.4800
70.140,2,-35.2706,1.7581,-1.4814
70.162,2,-35.2684,1.7578,-1.4827
70.184,2,-35.2662,1.7573,-1.4843
70.205,2,-35.2642,1.7568,-1.4855
70.227,2,-35.2621,1.7563,-1.4863
70.250,2,-35.2606,1.7561,-1.4873
70.273,2,-35.2591,1.7557,-1.4886
70.295,2,-35.2575,1.7558,-1.4891
70.317,2,-35.2559,1.7561,-1.4894
70.340,2,-35.2548,1.7566,-1.4899
70.362,2,-35.2538,1.7564,-1.4900
70.384,2,-35.2530,1.7558,-1.4900
70.407,2,-35.2524,1.7547,-1.4899
70.430,2,-35.2519,1.7533,-1.4897
70.457,2,-35.2514,1.7522,-1.4897
70.479,2,-35.2508,1.7516,-1.4897
70.494,2,-35.2502,1.7512,-1.4891
70.526,2,-35.2497,1.7523,-1.4882
70.547,2,-35.2495,1.7530,-1.4878
70.564,2,-35.2491,1.7536,-1.4872
70.584,2,-35.2485,1.7545,-1.4867
70.599,2,-35.2480,1.7554,-1.4864
70.613,2,-35.2476,1.7559,-1.4858
70.629,2,-35.2470,1.7564,-1.4849
70.643,2,-35.2469,1.7566,-1.4846
70.659,2,-35.2467,1.7566,-1.4844
70.674,2,-35.2466,1.7567,-1.4845
70.690,2,-35.2466,1.7565,-1.4846
70.706,2,-35.2466,1.7562,-1.4843
70.722,2,-35.2463,1.7559,-1.4835
70.737,2,-35.2463,1.7556,-1.4835
70.753,2,-35.2463,1.7555,-1.4834
70.768,2,-35.2463,1.7554,-1.4832
70.783,2,-35.2464,1.7556,-1.4833
70.798,2,-35.2465,1.7556,-1.4831
70.814,2,-35.2466,1.7555,-1.4831
70.829,2,-35.2468,1.7556,-1.4830
70.845,2,-35.2470,1.7558,-1.4832
70.861,2,-35.2471,1.7559,-1.4831
70.876,2,-35.2472,1.7560,-1.4834
70.892,2,-35.2474,1.7562,-1.4838
70.909,2,-35.2475,1.7562,-1.4838
70.930,2,-35.2478,1.7561,-1.4835
70.948,2,-35.2480,1.7562,-1.4838
70.962,2,-35.2482,1.7561,-1.4836
70.983,2,-35.2485,1.7561,-1.4845

# --- Trial 3 start ---
81.674,3,-39.5041,1.6908,-1.3662
81.756,3,-39.5064,1.6909,-1.3643
81.781,3,-39.5072,1.6910,-1.3637
81.805,3,-39.5079,1.6911,-1.3631
81.823,3,-39.5090,1.6912,-1.3624
81.840,3,-39.5098,1.6913,-1.3618
81.860,3,-39.5106,1.6915,-1.3611
81.876,3,-39.5113,1.6918,-1.3606
81.892,3,-39.5120,1.6920,-1.3599
81.910,3,-39.5127,1.6922,-1.3592
81.934,3,-39.5135,1.6924,-1.3584
81.954,3,-39.5143,1.6927,-1.3576
81.976,3,-39.5148,1.6931,-1.3567
81.999,3,-39.5150,1.6932,-1.3558
82.021,3,-39.5151,1.6935,-1.3549
82.043,3,-39.5150,1.6937,-1.3540
82.065,3,-39.5149,1.6938,-1.3530
82.088,3,-39.5147,1.6940,-1.3521
82.111,3,-39.5144,1.6942,-1.3511
82.133,3,-39.5142,1.6946,-1.3501
82.159,3,-39.5139,1.6941,-1.3493
82.182,3,-39.5136,1.6932,-1.3485
82.200,3,-39.5135,1.6917,-1.3479
82.221,3,-39.5134,1.6899,-1.3475
82.243,3,-39.5134,1.6888,-1.3474
82.273,3,-39.5130,1.6901,-1.3480
82.295,3,-39.5126,1.6907,-1.3485
82.313,3,-39.5121,1.6913,-1.3492
82.334,3,-39.5116,1.6920,-1.3498
82.350,3,-39.5112,1.6926,-1.3503
82.367,3,-39.5107,1.6930,-1.3507
82.387,3,-39.5096,1.6936,-1.3520
82.409,3,-39.5093,1.6932,-1.3526
82.427,3,-39.5089,1.6929,-1.3531
82.446,3,-39.5075,1.6929,-1.3547
82.461,3,-39.5069,1.6928,-1.3555
82.476,3,-39.5062,1.6927,-1.3562
82.492,3,-39.5049,1.6924,-1.3576
82.507,3,-39.5041,1.6921,-1.3585
82.522,3,-39.5033,1.6918,-1.3593
82.538,3,-39.5019,1.6913,-1.3608
82.554,3,-39.5010,1.6908,-1.3617
82.569,3,-39.4994,1.6902,-1.3634
82.585,3,-39.4984,1.6896,-1.3644
82.599,3,-39.4974,1.6892,-1.3654
82.615,3,-39.4955,1.6882,-1.3673
82.630,3,-39.4945,1.6872,-1.3684
82.646,3,-39.4925,1.6845,-1.3704
82.661,3,-39.4915,1.6818,-1.3714
82.678,3,-39.4900,1.6829,-1.3727
82.694,3,-39.4861,1.6903,-1.3756
82.710,3,-39.4848,1.6930,-1.3769
82.726,3,-39.4808,1.6931,-1.3785
82.741,3,-39.4793,1.6916,-1.3794
82.758,3,-39.4758,1.6894,-1.3814
82.774,3,-39.4735,1.6881,-1.3821
82.789,3,-39.4713,1.6879,-1.3829
82.806,3,-39.4667,1.6877,-1.3845
82.822,3,-39.4618,1.6868,-1.3861
82.837,3,-39.4588,1.6856,-1.3868
82.856,3,-39.4558,1.6847,-1.3874
82.873,3,-39.4504,1.6842,-1.3888
82.890,3,-39.4471,1.6843,-1.3893
82.906,3,-39.4437,1.6841,-1.3900
82.922,3,-39.4399,1.6840,-1.3900
82.944,3,-39.4294,1.6846,-1.3910
82.963,3,-39.4251,1.6857,-1.3910
82.979,3,-39.4210,1.6860,-1.3909
82.995,3,-39.4128,1.6860,-1.3910
83.011,3,-39.4082,1.6857,-1.3908
83.027,3,-39.3994,1.6855,-1.3906
83.043,3,-39.3945,1.6852,-1.3904
83.063,3,-39.3848,1.6843,-1.3899
83.082,3,-39.3749,1.6829,-1.3891
83.099,3,-39.3694,1.6818,-1.3886
83.121,3,-39.3538,1.6795,-1.3871
83.141,3,-39.3481,1.6786,-1.3862
83.159,3,-39.3369,1.6769,-1.3846
83.174,3,-39.3308,1.6760,-1.3836
83.190,3,-39.3191,1.6742,-1.3818
83.206,3,-39.3128,1.6735,-1.3807
83.227,3,-39.3006,1.6716,-1.3784
83.246,3,-39.2883,1.6696,-1.3758
83.263,3,-39.2819,1.6689,-1.3744
83.280,3,-39.2690,1.6677,-1.3718
83.296,3,-39.2625,1.6673,-1.3703
83.312,3,-39.2495,1.6669,-1.3674
83.327,3,-39.2427,1.6680,-1.3659
83.343,3,-39.2358,1.6696,-1.3646
83.360,3,-39.2221,1.6723,-1.3619
83.377,3,-39.2149,1.6741,-1.3605
83.393,3,-39.2009,1.6763,-1.3578
83.410,3,-39.1936,1.6772,-1.3566
83.426,3,-39.1794,1.6787,-1.3541
83.442,3,-39.1718,1.6796,-1.3532
83.459,3,-39.1570,1.6817,-1.3512
83.475,3,-39.1496,1.6829,-1.3504
83.497,3,-39.1345,1.6860,-1.3491
83.514,3,-39.1195,1.6887,-1.3478
83.532,3,-39.1119,1.6891,-1.3473
83.555,3,-39.0893,1.6903,-1.3456
83.570,3,-39.0814,1.6900,-1.3452
83.587,3,-39.0735,1.6899,-1.3450
83.603,3,-39.0577,1.6898,-1.3444
83.618,3,-39.0496,1.6889,-1.3442
83.633,3,-39.0416,1.6878,-1.3441
83.648,3,-39.0255,1.6859,-1.3439
83.662,3,-39.0171,1.6844,-1.3441
83.678,3,-39.0010,1.6818,-1.3444
83.693,3,-38.9924,1.6803,-1.3448
83.708,3,-38.9839,1.6787,-1.3453
83.725,3,-38.9674,1.6758,-1.3460
83.740,3,-38.9590,1.6740,-1.3467
83.755,3,-38.9508,1.6718,-1.3476
83.771,3,-38.9342,1.6682,-1.3487
83.787,3,-38.9256,1.6668,-1.3498
83.802,3,-38.9087,1.6645,-1.3513
83.816,3,-38.8999,1.6639,-1.3525
83.832,3,-38.8910,1.6637,-1.3537
83.847,3,-38.8735,1.6624,-1.3558
83.863,3,-38.8644,1.6624,-1.3571
83.878,3,-38.8465,1.6630,-1.3593
83.892,3,-38.8373,1.6658,-1.3607
83.908,3,-38.8281,1.6684,-1.3621
83.924,3,-38.8098,1.6716,-1.3644
83.941,3,-38.8004,1.6738,-1.3655
83.957,3,-38.7820,1.6765,-1.3674
83.972,3,-38.7727,1.6770,-1.3683
83.988,3,-38.7634,1.6777,-1.3690
84.003,3,-38.7447,1.6802,-1.3707
84.019,3,-38.7354,1.6821,-1.3712
84.035,3,-38.7165,1.6850,-1.3724
84.051,3,-38.7071,1.6867,-1.3728
84.068,3,-38.6880,1.6903,-1.3739
84.083,3,-38.6786,1.6917,-1.3743
84.099,3,-38.6693,1.6926,-1.3744
84.117,3,-38.6505,1.6941,-1.3750
84.133,3,-38.6409,1.6944,-1.3752
84.150,3,-38.6217,1.6949,-1.3756
84.165,3,-38.6119,1.6942,-1.3758
84.183,3,-38.5927,1.6931,-1.3760
84.198,3,-38.5831,1.6917,-1.3760
84.214,3,-38.5634,1.6897,-1.3761
84.230,3,-38.5536,1.6880,-1.3758
84.245,3,-38.5338,1.6853,-1.3756
84.261,3,-38.5241,1.6832,-1.3752
84.277,3,-38.5146,1.6809,-1.3749
84.294,3,-38.4950,1.6768,-1.3743
84.310,3,-38.4852,1.6745,-1.3738
84.328,3,-38.4655,1.6706,-1.3728
84.344,3,-38.4457,1.6675,-1.3718
84.359,3,-38.4361,1.6666,-1.3710
84.379,3,-38.4261,1.6661,-1.3701
84.395,3,-38.4056,1.6644,-1.3687
84.409,3,-38.3850,1.6635,-1.3671
84.423,3,-38.3744,1.6651,-1.3662
84.439,3,-38.3645,1.6677,-1.3655
84.456,3,-38.3441,1.6715,-1.3642
84.474,3,-38.3333,1.6745,-1.3635
84.489,3,-38.3125,1.6782,-1.3622
84.505,3,-38.3021,1.6795,-1.3617
84.521,3,-38.2817,1.6814,-1.3606
84.536,3,-38.2717,1.6829,-1.3603
84.553,3,-38.2614,1.6850,-1.3601
84.569,3,-38.2405,1.6889,-1.3596
84.584,3,-38.2298,1.6914,-1.3596
84.600,3,-38.2090,1.6959,-1.3598
84.616,3,-38.1985,1.6977,-1.3602
84.633,3,-38.1779,1.7004,-1.3605
84.648,3,-38.1678,1.7009,-1.3607
84.664,3,-38.1471,1.7020,-1.3610
84.679,3,-38.1367,1.7014,-1.3610
84.695,3,-38.1262,1.7005,-1.3611
84.710,3,-38.1059,1.6996,-1.3616
84.726,3,-38.0957,1.6984,-1.3620
84.744,3,-38.0748,1.6965,-1.3626
84.761,3,-38.0641,1.6947,-1.3632
84.780,3,-38.0429,1.6916,-1.3643
84.799,3,-38.0216,1.6880,-1.3654
84.819,3,-38.0110,1.6855,-1.3663
84.837,3,-37.9898,1.6814,-1.3677
84.856,3,-37.9792,1.6789,-1.3686
84.877,3,-37.9471,1.6729,-1.3714
84.897,3,-37.9364,1.6721,-1.3728
84.916,3,-37.9149,1.6704,-1.3751
84.935,3,-37.8934,1.6684,-1.3774
84.961,3,-37.8721,1.6689,-1.3801
84.984,3,-37.8504,1.6733,-1.3828
85.008,3,-37.8184,1.6791,-1.3866
85.026,3,-37.8079,1.6805,-1.3879
85.046,3,-37.7977,1.6816,-1.3891
85.066,3,-37.7767,1.6843,-1.3913
85.084,3,-37.7557,1.6881,-1.3932
85.105,3,-37.7139,1.6950,-1.3969
85.126,3,-37.6931,1.6985,-1.3982
85.150,3,-37.6724,1.7025,-1.3993
85.170,3,-37.6517,1.7046,-1.4003
85.193,3,-37.6311,1.7049,-1.4013
85.221,3,-37.6102,1.7030,-1.4023
85.247,3,-37.5895,1.7007,-1.4033
85.265,3,-37.5685,1.6983,-1.4044
85.285,3,-37.5477,1.6950,-1.4051
85.308,3,-37.5271,1.6907,-1.4058
85.329,3,-37.5062,1.6864,-1.4063
85.349,3,-37.4852,1.6815,-1.4066
85.368,3,-37.4643,1.6762,-1.4068
85.391,3,-37.4433,1.6715,-1.4066
85.414,3,-37.4220,1.6694,-1.4062
85.434,3,-37.4005,1.6680,-1.4058
85.457,3,-37.3791,1.6671,-1.4052
85.480,3,-37.3572,1.6690,-1.4047
85.502,3,-37.3352,1.6755,-1.4043
85.523,3,-37.3130,1.6829,-1.4036
85.546,3,-37.2910,1.6891,-1.4030
85.570,3,-37.2697,1.6925,-1.4025
85.592,3,-37.2483,1.6955,-1.4022
85.613,3,-37.2380,1.6975,-1.4022
85.633,3,-37.2280,1.6996,-1.4025
85.652,3,-37.2067,1.7036,-1.4027
85.673,3,-37.1854,1.7080,-1.4033
85.692,3,-37.1640,1.7110,-1.4036
85.711,3,-37.1429,1.7123,-1.4042
85.731,3,-37.1325,1.7114,-1.4045
85.749,3,-37.1114,1.7112,-1.4050
85.768,3,-37.0903,1.7104,-1.4056
85.787,3,-37.0798,1.7085,-1.4062
85.807,3,-37.0586,1.7060,-1.4070
85.826,3,-37.0375,1.7030,-1.4081
85.847,3,-37.0163,1.6991,-1.4095
85.866,3,-37.0059,1.6962,-1.4104
85.885,3,-36.9848,1.6917,-1.4122
85.905,3,-36.9638,1.6870,-1.4141
85.925,3,-36.9428,1.6822,-1.4163
85.949,3,-36.9218,1.6792,-1.4189
85.972,3,-36.9007,1.6776,-1.4215
85.990,3,-36.8798,1.6755,-1.4241
86.009,3,-36.8693,1.6758,-1.4255
86.028,3,-36.8481,1.6787,-1.4283
86.045,3,-36.8269,1.6841,-1.4312
86.063,3,-36.8164,1.6885,-1.4326
86.081,3,-36.7954,1.6924,-1.4352
86.099,3,-36.7748,1.6952,-1.4377
86.117,3,-36.7649,1.6963,-1.4383
86.139,3,-36.7444,1.6999,-1.4400
86.158,3,-36.7240,1.7039,-1.4414
86.177,3,-36.7139,1.7057,-1.4418
86.197,3,-36.6934,1.7095,-1.4430
86.215,3,-36.6730,1.7131,-1.4439
86.235,3,-36.6525,1.7154,-1.4448
86.253,3,-36.6424,1.7153,-1.4451
86.272,3,-36.6322,1.7151,-1.4455
86.291,3,-36.6223,1.7143,-1.4457
86.310,3,-36.6020,1.7137,-1.4463
86.329,3,-36.5814,1.7121,-1.4469
86.347,3,-36.5607,1.7096,-1.4473
86.366,3,-36.5504,1.7074,-1.4473
86.386,3,-36.5299,1.7038,-1.4474
86.410,3,-36.4990,1.6972,-1.4474
86.431,3,-36.4889,1.6940,-1.4470
86.450,3,-36.4683,1.6892,-1.4464
86.468,3,-36.4480,1.6852,-1.4458
86.485,3,-36.4375,1.6842,-1.4453
86.504,3,-36.4168,1.6817,-1.4443
86.524,3,-36.3960,1.6798,-1.4430
86.542,3,-36.3856,1.6803,-1.4422
86.562,3,-36.3650,1.6825,-1.4407
86.580,3,-36.3445,1.6865,-1.4391
86.598,3,-36.3343,1.6899,-1.4382
86.621,3,-36.3040,1.6967,-1.4361
86.643,3,-36.2841,1.6999,-1.4349
86.661,3,-36.2748,1.7004,-1.4344
86.679,3,-36.2652,1.7018,-1.4341
86.700,3,-36.2362,1.7072,-1.4330
86.723,3,-36.2171,1.7116,-1.4328
86.748,3,-36.1984,1.7157,-1.4330
86.766,3,-36.1891,1.7166,-1.4333
86.785,3,-36.1709,1.7184,-1.4334
86.805,3,-36.1527,1.7199,-1.4335
86.823,3,-36.1345,1.7206,-1.4336
86.842,3,-36.1259,1.7199,-1.4339
86.861,3,-36.1079,1.7193,-1.4343
86.881,3,-36.0898,1.7181,-1.4349
86.899,3,-36.0809,1.7168,-1.4353
86.917,3,-36.0632,1.7150,-1.4362
86.935,3,-36.0545,1.7133,-1.4370
86.953,3,-36.0369,1.7101,-1.4382
86.972,3,-36.0194,1.7061,-1.4396
86.990,3,-36.0106,1.7038,-1.4405
87.008,3,-35.9931,1.6997,-1.4423
87.027,3,-35.9756,1.6968,-1.4444
87.044,3,-35.9669,1.6959,-1.4455
87.059,3,-35.9322,1.6907,-1.4497
87.078,3,-35.9150,1.6886,-1.4523
87.098,3,-35.8981,1.6872,-1.4549
87.119,3,-35.8809,1.6882,-1.4577
87.142,3,-35.8641,1.6934,-1.4607
87.164,3,-35.8474,1.6972,-1.4633
87.186,3,-35.8312,1.7014,-1.4662
87.207,3,-35.8149,1.7041,-1.4690
87.229,3,-35.7984,1.7062,-1.4717
87.251,3,-35.7821,1.7098,-1.4744
87.273,3,-35.7657,1.7128,-1.4764
87.295,3,-35.7499,1.7159,-1.4784
87.317,3,-35.7343,1.7195,-1.4804
87.340,3,-35.7186,1.7223,-1.4820
87.361,3,-35.7032,1.7235,-1.4837
87.384,3,-35.6881,1.7238,-1.4851
87.407,3,-35.6732,1.7237,-1.4865
87.428,3,-35.6586,1.7229,-1.4874
87.451,3,-35.6442,1.7214,-1.4879
87.474,3,-35.6297,1.7196,-1.4885
87.497,3,-35.6154,1.7176,-1.4890
87.527,3,-35.6019,1.7140,-1.4895
87.549,3,-35.5955,1.7112,-1.4895
87.563,3,-35.5821,1.7076,-1.4899
87.578,3,-35.5755,1.7055,-1.4898
87.594,3,-35.5688,1.7039,-1.4898
87.612,3,-35.5625,1.7030,-1.4898
87.628,3,-35.5493,1.7010,-1.4899
87.643,3,-35.5430,1.7001,-1.4897
87.659,3,-35.5304,1.6981,-1.4894
87.674,3,-35.5242,1.6972,-1.4892
87.690,3,-35.5119,1.6963,-1.4888
87.706,3,-35.5060,1.6975,-1.4884
87.721,3,-35.5001,1.6991,-1.4880
87.737,3,-35.4881,1.7013,-1.4873
87.754,3,-35.4825,1.7042,-1.4871
87.773,3,-35.4714,1.7073,-1.4866
87.790,3,-35.4603,1.7089,-1.4857
87.806,3,-35.4553,1.7095,-1.4855
87.823,3,-35.4449,1.7117,-1.4851
87.841,3,-35.4401,1.7122,-1.4850
87.860,3,-35.4303,1.7133,-1.4851
87.876,3,-35.4208,1.7146,-1.4856
87.892,3,-35.4163,1.7155,-1.4859
87.907,3,-35.4118,1.7165,-1.4867
87.924,3,-35.4028,1.7184,-1.4873
87.941,3,-35.3989,1.7195,-1.4877
87.957,3,-35.3907,1.7211,-1.4882
87.972,3,-35.3868,1.7219,-1.4885
87.988,3,-35.3831,1.7228,-1.4887
88.005,3,-35.3755,1.7248,-1.4893
88.022,3,-35.3679,1.7267,-1.4900
88.036,3,-35.3645,1.7275,-1.4904
88.052,3,-35.3612,1.7279,-1.4910
88.068,3,-35.3542,1.7288,-1.4918
88.084,3,-35.3511,1.7289,-1.4923
88.101,3,-35.3449,1.7296,-1.4934
88.115,3,-35.3421,1.7300,-1.4943
88.130,3,-35.3397,1.7299,-1.4955
88.148,3,-35.3343,1.7299,-1.4965
88.164,3,-35.3294,1.7296,-1.4979
88.181,3,-35.3274,1.7291,-1.4986
88.198,3,-35.3229,1.7284,-1.5003
88.213,3,-35.3211,1.7278,-1.5010
88.229,3,-35.3194,1.7273,-1.5016
88.246,3,-35.3154,1.7265,-1.5027
88.262,3,-35.3138,1.7262,-1.5035
88.277,3,-35.3102,1.7257,-1.5047
88.292,3,-35.3089,1.7253,-1.5053
88.308,3,-35.3076,1.7248,-1.5062
88.324,3,-35.3047,1.7240,-1.5072
88.340,3,-35.3021,1.7232,-1.5082
88.356,3,-35.3010,1.7229,-1.5084
88.374,3,-35.3002,1.7226,-1.5087
88.390,3,-35.2978,1.7219,-1.5098
88.406,3,-35.2970,1.7216,-1.5101
88.422,3,-35.2951,1.7211,-1.5109
88.436,3,-35.2943,1.7210,-1.5114
88.451,3,-35.2936,1.7208,-1.5118
88.466,3,-35.2919,1.7204,-1.5126
88.481,3,-35.2913,1.7206,-1.5128
88.497,3,-35.2898,1.7206,-1.5137
88.511,3,-35.2890,1.7209,-1.5142
88.525,3,-35.2883,1.7214,-1.5146
88.545,3,-35.2876,1.7219,-1.5152
88.562,3,-35.2868,1.7220,-1.5156
88.578,3,-35.2853,1.7223,-1.5164
88.593,3,-35.2847,1.7225,-1.5169
88.609,3,-35.2834,1.7228,-1.5175
88.624,3,-35.2829,1.7227,-1.5181
88.643,3,-35.2824,1.7228,-1.5189
88.661,3,-35.2813,1.7229,-1.5193
88.677,3,-35.2802,1.7230,-1.5198
88.691,3,-35.2797,1.7230,-1.5204
88.706,3,-35.2789,1.7231,-1.5214
88.721,3,-35.2784,1.7231,-1.5217
88.737,3,-35.2781,1.7233,-1.5223
88.753,3,-35.2771,1.7235,-1.5229
88.766,3,-35.2768,1.7235,-1.5233
88.781,3,-35.2763,1.7235,-1.5235
88.797,3,-35.2760,1.7237,-1.5240
88.812,3,-35.2752,1.7239,-1.5247
88.827,3,-35.2748,1.7241,-1.5252
88.843,3,-35.2741,1.7242,-1.5257
88.858,3,-35.2735,1.7244,-1.5263
88.875,3,-35.2728,1.7245,-1.5266
88.889,3,-35.2721,1.7244,-1.5271
88.909,3,-35.2716,1.7243,-1.5275

# --- Trial 4 start ---
98.666,4,-39.4085,1.6908,-1.3074
98.747,4,-39.4104,1.6919,-1.3078
98.772,4,-39.4115,1.6924,-1.3081
98.795,4,-39.4116,1.6924,-1.3082
98.813,4,-39.4123,1.6925,-1.3086
98.827,4,-39.4124,1.6925,-1.3088
98.842,4,-39.4126,1.6926,-1.3091
98.857,4,-39.4128,1.6926,-1.3093
98.872,4,-39.4132,1.6926,-1.3096
98.890,4,-39.4134,1.6927,-1.3098
98.907,4,-39.4137,1.6928,-1.3102
98.923,4,-39.4138,1.6929,-1.3104
98.938,4,-39.4142,1.6930,-1.3108
98.954,4,-39.4143,1.6930,-1.3110
98.969,4,-39.4143,1.6931,-1.3112
98.986,4,-39.4146,1.6932,-1.3116
99.004,4,-39.4149,1.6933,-1.3119
99.022,4,-39.4149,1.6934,-1.3120
99.040,4,-39.4150,1.6935,-1.3123
99.054,4,-39.4150,1.6936,-1.3124
99.071,4,-39.4150,1.6939,-1.3125
99.087,4,-39.4149,1.6940,-1.3125
99.106,4,-39.4148,1.6944,-1.3123
99.125,4,-39.4148,1.6948,-1.3122
99.141,4,-39.4147,1.6952,-1.3119
99.156,4,-39.4145,1.6956,-1.3116
99.172,4,-39.4142,1.6961,-1.3111
99.187,4,-39.4141,1.6964,-1.3108
99.203,4,-39.4139,1.6967,-1.3104
99.221,4,-39.4134,1.6973,-1.3097
99.239,4,-39.4127,1.6977,-1.3089
99.256,4,-39.4124,1.6980,-1.3084
99.272,4,-39.4119,1.6985,-1.3073
99.288,4,-39.4115,1.6986,-1.3067
99.305,4,-39.4108,1.6989,-1.3056
99.321,4,-39.4104,1.6989,-1.3049
99.338,4,-39.4098,1.6989,-1.3036
99.354,4,-39.4095,1.6988,-1.3029
99.371,4,-39.4091,1.6988,-1.3022
99.388,4,-39.4084,1.6986,-1.3008
99.403,4,-39.4081,1.6984,-1.2999
99.420,4,-39.4075,1.6982,-1.2982
99.436,4,-39.4072,1.6980,-1.2973
99.453,4,-39.4066,1.6975,-1.2957
99.470,4,-39.4064,1.6972,-1.2948
99.487,4,-39.4059,1.6965,-1.2931
99.505,4,-39.4056,1.6953,-1.2914
99.521,4,-39.4055,1.6944,-1.2906
99.539,4,-39.4052,1.6926,-1.2889
99.555,4,-39.4052,1.6916,-1.2882
99.571,4,-39.4050,1.6903,-1.2869
99.589,4,-39.4048,1.6903,-1.2865
99.605,4,-39.4045,1.6896,-1.2854
99.621,4,-39.4045,1.6892,-1.2851
99.638,4,-39.4043,1.6890,-1.2844
99.658,4,-39.4042,1.6891,-1.2843
99.676,4,-39.4040,1.6891,-1.2837
99.693,4,-39.4039,1.6894,-1.2834
99.711,4,-39.4038,1.6896,-1.2834
99.733,4,-39.4037,1.6898,-1.2832
99.756,4,-39.4035,1.6900,-1.2832
99.772,4,-39.4033,1.6901,-1.2832
99.788,4,-39.4030,1.6902,-1.2833
99.805,4,-39.4026,1.6901,-1.2834
99.821,4,-39.4023,1.6900,-1.2835
99.837,4,-39.4021,1.6899,-1.2837
99.852,4,-39.4017,1.6898,-1.2838
99.868,4,-39.4013,1.6897,-1.2840
99.884,4,-39.4004,1.6897,-1.2843
99.899,4,-39.3999,1.6896,-1.2845
99.914,4,-39.3993,1.6895,-1.2847
99.931,4,-39.3983,1.6894,-1.2851
99.946,4,-39.3977,1.6892,-1.2853
99.962,4,-39.3964,1.6888,-1.2858
99.978,4,-39.3956,1.6887,-1.2860
99.994,4,-39.3939,1.6886,-1.2867
100.014,4,-39.3918,1.6886,-1.2876
100.032,4,-39.3905,1.6888,-1.2884
100.051,4,-39.3880,1.6892,-1.2895
100.068,4,-39.3865,1.6892,-1.2903
100.084,4,-39.3838,1.6887,-1.2917
100.099,4,-39.3824,1.6875,-1.2924
100.116,4,-39.3799,1.6846,-1.2936
100.131,4,-39.3783,1.6835,-1.2944
100.146,4,-39.3756,1.6900,-1.2958
100.161,4,-39.3726,1.6955,-1.2977
100.178,4,-39.3707,1.6944,-1.2985
100.194,4,-39.3671,1.6930,-1.3002
100.210,4,-39.3655,1.6912,-1.3015
100.226,4,-39.3619,1.6895,-1.3035
100.243,4,-39.3599,1.6897,-1.3047
100.262,4,-39.3556,1.6898,-1.3065
100.278,4,-39.3532,1.6889,-1.3077
100.295,4,-39.3489,1.6865,-1.3097
100.314,4,-39.3468,1.6847,-1.3107
100.330,4,-39.3424,1.6823,-1.3130
100.346,4,-39.3400,1.6813,-1.3141
100.363,4,-39.3350,1.6797,-1.3164
100.379,4,-39.3294,1.6785,-1.3183
100.394,4,-39.3260,1.6782,-1.3189
100.410,4,-39.3227,1.6781,-1.3195
100.428,4,-39.3164,1.6774,-1.3209
100.444,4,-39.3127,1.6768,-1.3214
100.460,4,-39.3053,1.6761,-1.3224
100.476,4,-39.3011,1.6762,-1.3227
100.492,4,-39.2932,1.6762,-1.3234
100.509,4,-39.2886,1.6762,-1.3236
100.526,4,-39.2799,1.6754,-1.3240
100.542,4,-39.2751,1.6746,-1.3240
100.559,4,-39.2655,1.6738,-1.3243
100.574,4,-39.2602,1.6736,-1.3245
100.590,4,-39.2549,1.6732,-1.3244
100.607,4,-39.2443,1.6723,-1.3244
100.622,4,-39.2386,1.6718,-1.3243
100.638,4,-39.2273,1.6708,-1.3240
100.655,4,-39.2211,1.6704,-1.3237
100.672,4,-39.2093,1.6691,-1.3230
100.688,4,-39.2028,1.6682,-1.3225
100.705,4,-39.1906,1.6668,-1.3214
100.722,4,-39.1778,1.6654,-1.3204
100.737,4,-39.1712,1.6646,-1.3197
100.757,4,-39.1648,1.6636,-1.3188
100.773,4,-39.1520,1.6623,-1.3172
100.789,4,-39.1452,1.6626,-1.3163
100.806,4,-39.1314,1.6639,-1.3146
100.822,4,-39.1173,1.6665,-1.3129
100.838,4,-39.1102,1.6684,-1.3117
100.854,4,-39.1030,1.6705,-1.3107
100.872,4,-39.0883,1.6742,-1.3089
100.888,4,-39.0810,1.6761,-1.3080
100.906,4,-39.0664,1.6785,-1.3063
100.921,4,-39.0591,1.6789,-1.3055
100.937,4,-39.0447,1.6808,-1.3040
100.953,4,-39.0371,1.6823,-1.3037
100.970,4,-39.0223,1.6853,-1.3025
100.990,4,-39.0145,1.6870,-1.3022
101.011,4,-38.9997,1.6894,-1.3013
101.029,4,-38.9848,1.6911,-1.3006
101.044,4,-38.9699,1.6929,-1.3000
101.059,4,-38.9623,1.6922,-1.3000
101.077,4,-38.9549,1.6914,-1.3000
101.093,4,-38.9398,1.6910,-1.2999
101.109,4,-38.9324,1.6903,-1.3001
101.124,4,-38.9171,1.6892,-1.3006
101.139,4,-38.9092,1.6880,-1.3011
101.154,4,-38.9014,1.6867,-1.3015
101.170,4,-38.8856,1.6847,-1.3026
101.185,4,-38.8777,1.6833,-1.3033
101.199,4,-38.8698,1.6817,-1.3042
101.214,4,-38.8541,1.6785,-1.3059
101.230,4,-38.8461,1.6763,-1.3069
101.246,4,-38.8302,1.6723,-1.3089
101.263,4,-38.8221,1.6704,-1.3101
101.279,4,-38.8056,1.6681,-1.3127
101.294,4,-38.7971,1.6680,-1.3143
101.310,4,-38.7887,1.6675,-1.3158
101.325,4,-38.7719,1.6661,-1.3187
101.341,4,-38.7632,1.6662,-1.3202
101.356,4,-38.7460,1.6669,-1.3234
101.371,4,-38.7372,1.6697,-1.3251
101.388,4,-38.7280,1.6728,-1.3268
101.405,4,-38.7105,1.6765,-1.3298
101.421,4,-38.7015,1.6792,-1.3312
101.436,4,-38.6838,1.6831,-1.3342
101.451,4,-38.6750,1.6846,-1.3354
101.467,4,-38.6661,1.6857,-1.3366
101.483,4,-38.6481,1.6888,-1.3390
101.499,4,-38.6387,1.6906,-1.3399
101.515,4,-38.6202,1.6939,-1.3420
101.530,4,-38.6107,1.6953,-1.3427
101.546,4,-38.6016,1.6969,-1.3434
101.568,4,-38.5829,1.7002,-1.3446
101.586,4,-38.5640,1.7022,-1.3456
101.603,4,-38.5449,1.7035,-1.3465
101.622,4,-38.5364,1.7024,-1.3446
101.642,4,-38.5176,1.7023,-1.3445
101.662,4,-38.4986,1.7008,-1.3446
101.678,4,-38.4888,1.6991,-1.3445
101.694,4,-38.4691,1.6965,-1.3444
101.711,4,-38.4593,1.6942,-1.3441
101.728,4,-38.4399,1.6902,-1.3436
101.744,4,-38.4304,1.6877,-1.3432
101.763,4,-38.4107,1.6829,-1.3421
101.781,4,-38.3908,1.6779,-1.3409
101.796,4,-38.3811,1.6756,-1.3400
101.813,4,-38.3713,1.6739,-1.3388
101.830,4,-38.3512,1.6706,-1.3369
101.845,4,-38.3411,1.6695,-1.3356
101.863,4,-38.3210,1.6668,-1.3334
101.879,4,-38.3109,1.6663,-1.3320
101.895,4,-38.2910,1.6664,-1.3297
101.910,4,-38.2810,1.6689,-1.3283
101.927,4,-38.2607,1.6735,-1.3257
101.943,4,-38.2505,1.6774,-1.3243
101.959,4,-38.2303,1.6822,-1.3217
101.975,4,-38.2203,1.6844,-1.3206
101.990,4,-38.2102,1.6859,-1.3194
102.007,4,-38.1899,1.6888,-1.3174
102.023,4,-38.1799,1.6903,-1.3167
102.039,4,-38.1597,1.6942,-1.3151
102.054,4,-38.1500,1.6962,-1.3147
102.070,4,-38.1298,1.7000,-1.3135
102.086,4,-38.1199,1.7017,-1.3134
102.101,4,-38.1001,1.7045,-1.3125
102.117,4,-38.0902,1.7050,-1.3124
102.132,4,-38.0805,1.7052,-1.3122
102.149,4,-38.0605,1.7061,-1.3117
102.164,4,-38.0504,1.7057,-1.3116
102.179,4,-38.0303,1.7054,-1.3112
102.195,4,-38.0204,1.7043,-1.3111
102.211,4,-38.0103,1.7031,-1.3111
102.228,4,-37.9902,1.7012,-1.3112
102.243,4,-37.9802,1.6996,-1.3116
102.260,4,-37.9599,1.6967,-1.3120
102.276,4,-37.9499,1.6944,-1.3124
102.294,4,-37.9298,1.6904,-1.3132
102.310,4,-37.9196,1.6879,-1.3140
102.326,4,-37.8992,1.6833,-1.3152
102.340,4,-37.8889,1.6811,-1.3161
102.355,4,-37.8787,1.6790,-1.3170
102.371,4,-37.8585,1.6756,-1.3189
102.385,4,-37.8482,1.6748,-1.3201
102.401,4,-37.8281,1.6726,-1.3223
102.415,4,-37.8182,1.6719,-1.3236
102.433,4,-37.8081,1.6715,-1.3248
102.447,4,-37.7877,1.6705,-1.3272
102.462,4,-37.7775,1.6723,-1.3287
102.477,4,-37.7569,1.6754,-1.3315
102.492,4,-37.7467,1.6778,-1.3328
102.507,4,-37.7365,1.6802,-1.3341
102.521,4,-37.7265,1.6819,-1.3354
102.537,4,-37.7064,1.6842,-1.3379
102.553,4,-37.6961,1.6849,-1.3391
102.569,4,-37.6757,1.6878,-1.3415
102.583,4,-37.6656,1.6898,-1.3425
102.598,4,-37.6555,1.6916,-1.3433
102.613,4,-37.6352,1.6947,-1.3450
102.629,4,-37.6253,1.6968,-1.3457
102.644,4,-37.6152,1.6989,-1.3465
102.660,4,-37.5949,1.7020,-1.3481
102.676,4,-37.5847,1.7028,-1.3488
102.693,4,-37.5644,1.7043,-1.3503
102.709,4,-37.5541,1.7040,-1.3510
102.730,4,-37.5339,1.7037,-1.3525
102.751,4,-37.5136,1.7023,-1.3538
102.770,4,-37.4932,1.7003,-1.3550
102.786,4,-37.4831,1.6984,-1.3556
102.802,4,-37.4627,1.6956,-1.3567
102.818,4,-37.4526,1.6934,-1.3572
102.834,4,-37.4425,1.6909,-1.3576
102.851,4,-37.4221,1.6864,-1.3584
102.866,4,-37.4120,1.6836,-1.3588
102.883,4,-37.3915,1.6791,-1.3593
102.898,4,-37.3815,1.6775,-1.3594
102.915,4,-37.3610,1.6746,-1.3597
102.930,4,-37.3505,1.6738,-1.3596
102.950,4,-37.3298,1.6717,-1.3596
102.968,4,-37.3090,1.6707,-1.3596
102.983,4,-37.2984,1.6716,-1.3595
102.998,4,-37.2879,1.6741,-1.3594
103.015,4,-37.2669,1.6777,-1.3593
103.031,4,-37.2565,1.6803,-1.3593
103.047,4,-37.2357,1.6841,-1.3593
103.066,4,-37.2258,1.6861,-1.3595
103.085,4,-37.2055,1.6884,-1.3598
103.101,4,-37.1852,1.6901,-1.3604
103.116,4,-37.1753,1.6911,-1.3611
103.132,4,-37.1655,1.6925,-1.3618
103.148,4,-37.1454,1.6951,-1.3631
103.163,4,-37.1353,1.6968,-1.3640
103.179,4,-37.1151,1.7002,-1.3657
103.194,4,-37.1049,1.7016,-1.3670
103.210,4,-37.0950,1.7024,-1.3681
103.227,4,-37.0751,1.7041,-1.3702
103.243,4,-37.0651,1.7042,-1.3713
103.259,4,-37.0453,1.7046,-1.3735
103.276,4,-37.0352,1.7039,-1.3748
103.294,4,-37.0152,1.7030,-1.3772
103.309,4,-37.0053,1.7017,-1.3786
103.325,4,-36.9851,1.6999,-1.3814
103.341,4,-36.9750,1.6980,-1.3831
103.357,4,-36.9650,1.6963,-1.3848
103.373,4,-36.9448,1.6932,-1.3881
103.388,4,-36.9348,1.6911,-1.3899
103.403,4,-36.9148,1.6871,-1.3934
103.419,4,-36.9048,1.6845,-1.3954
103.434,4,-36.8848,1.6805,-1.3992
103.450,4,-36.8749,1.6791,-1.4013
103.465,4,-36.8648,1.6782,-1.4034
103.480,4,-36.8448,1.6756,-1.4075
103.495,4,-36.8349,1.6744,-1.4097
103.509,4,-36.8251,1.6735,-1.4120
103.524,4,-36.8054,1.6731,-1.4163
103.539,4,-36.7953,1.6752,-1.4187
103.554,4,-36.7852,1.6784,-1.4210
103.570,4,-36.7651,1.6821,-1.4255
103.584,4,-36.7548,1.6846,-1.4277
103.599,4,-36.7446,1.6868,-1.4300
103.614,4,-36.7243,1.6902,-1.4342
103.629,4,-36.7138,1.6919,-1.4362
103.643,4,-36.7036,1.6941,-1.4381
103.659,4,-36.6832,1.6983,-1.4419
103.674,4,-36.6730,1.7004,-1.4436
103.690,4,-36.6530,1.7045,-1.4470
103.705,4,-36.6432,1.7068,-1.4484
103.719,4,-36.6331,1.7087,-1.4498
103.735,4,-36.6135,1.7116,-1.4526
103.750,4,-36.6038,1.7118,-1.4536
103.768,4,-36.5942,1.7117,-1.4547
103.783,4,-36.5746,1.7126,-1.4570
103.801,4,-36.5646,1.7118,-1.4578
103.818,4,-36.5449,1.7111,-1.4598
103.832,4,-36.5352,1.7100,-1.4605
103.848,4,-36.5157,1.7080,-1.4621
103.863,4,-36.5059,1.7062,-1.4625
103.879,4,-36.4964,1.7042,-1.4628
103.896,4,-36.4772,1.7009,-1.4638
103.911,4,-36.4676,1.6985,-1.4640
103.927,4,-36.4483,1.6945,-1.4644
103.942,4,-36.4389,1.6924,-1.4644
103.958,4,-36.4199,1.6883,-1.4644
103.972,4,-36.4106,1.6865,-1.4641
103.990,4,-36.4012,1.6856,-1.4638
104.006,4,-36.3824,1.6830,-1.4634
104.021,4,-36.3729,1.6820,-1.4629
104.036,4,-36.3540,1.6802,-1.4623
104.051,4,-36.3446,1.6805,-1.4618
104.066,4,-36.3350,1.6823,-1.4614
104.083,4,-36.3160,1.6854,-1.4606
104.103,4,-36.2970,1.6895,-1.4596
104.121,4,-36.2875,1.6921,-1.4591
104.137,4,-36.2689,1.6959,-1.4584
104.152,4,-36.2597,1.6973,-1.4581
104.169,4,-36.2506,1.6979,-1.4580
104.189,4,-36.2321,1.7000,-1.4578
104.208,4,-36.2138,1.7028,-1.4580
104.224,4,-36.1954,1.7056,-1.4583
104.239,4,-36.1864,1.7072,-1.4587
104.257,4,-36.1774,1.7087,-1.4593
104.275,4,-36.1593,1.7112,-1.4602
104.290,4,-36.1505,1.7120,-1.4607
104.307,4,-36.1327,1.7136,-1.4615
104.323,4,-36.1237,1.7140,-1.4618
104.340,4,-36.1062,1.7149,-1.4626
104.356,4,-36.0974,1.7146,-1.4629
104.373,4,-36.0797,1.7146,-1.4638
104.387,4,-36.0708,1.7141,-1.4645
104.402,4,-36.0533,1.7133,-1.4658
104.417,4,-36.0447,1.7124,-1.4665
104.435,4,-36.0360,1.7113,-1.4674
104.451,4,-36.0185,1.7093,-1.4691
104.467,4,-36.0099,1.7077,-1.4700
104.483,4,-35.9928,1.7048,-1.4720
104.499,4,-35.9845,1.7027,-1.4729
104.516,4,-35.9676,1.6989,-1.4750
104.531,4,-35.9594,1.6970,-1.4763
104.547,4,-35.9425,1.6941,-1.4786
104.562,4,-35.9342,1.6934,-1.4800
104.578,4,-35.9259,1.6926,-1.4814
104.594,4,-35.9093,1.6903,-1.4841
104.610,4,-35.9010,1.6893,-1.4856
104.625,4,-35.8846,1.6877,-1.4885
104.640,4,-35.8765,1.6883,-1.4901
104.654,4,-35.8685,1.6901,-1.4917
104.670,4,-35.8524,1.6920,-1.4948
104.684,4,-35.8441,1.6939,-1.4964
104.699,4,-35.8363,1.6961,-1.4980
104.714,4,-35.8205,1.6991,-1.5010
104.729,4,-35.8126,1.6998,-1.5024
104.744,4,-35.8047,1.7002,-1.5039
104.760,4,-35.7890,1.7021,-1.5066
104.775,4,-35.7813,1.7037,-1.5077
104.795,4,-35.7661,1.7064,-1.5096
104.814,4,-35.7511,1.7091,-1.5116
104.832,4,-35.7437,1.7108,-1.5124
104.847,4,-35.7288,1.7133,-1.5142
104.862,4,-35.7216,1.7141,-1.5150
104.877,4,-35.7144,1.7145,-1.5156
104.893,4,-35.6999,1.7157,-1.5170
104.908,4,-35.6928,1.7160,-1.5175
104.922,4,-35.6784,1.7165,-1.5185
104.937,4,-35.6714,1.7163,-1.5188
104.954,4,-35.6645,1.7156,-1.5190
104.970,4,-35.6504,1.7148,-1.5195
104.985,4,-35.6434,1.7138,-1.5195
104.999,4,-35.6296,1.7118,-1.5196
105.014,4,-35.6230,1.7102,-1.5194
105.028,4,-35.6164,1.7085,-1.5191
105.044,4,-35.6101,1.7065,-1.5188
105.059,4,-35.5970,1.7029,-1.5182
105.075,4,-35.5908,1.7004,-1.5177
105.090,4,-35.5779,1.6963,-1.5167
105.107,4,-35.5716,1.6948,-1.5162
105.122,4,-35.5653,1.6937,-1.5156
105.138,4,-35.5527,1.6912,-1.5144
105.154,4,-35.5465,1.6900,-1.5137
105.169,4,-35.5343,1.6876,-1.5122
105.184,4,-35.5283,1.6868,-1.5112
105.199,4,-35.5162,1.6851,-1.5093
105.214,4,-35.5103,1.6851,-1.5080
105.232,4,-35.5044,1.6865,-1.5067
105.248,4,-35.4925,1.6874,-1.5045
105.264,4,-35.4867,1.6884,-1.5033
105.279,4,-35.4749,1.6904,-1.5011
105.294,4,-35.4692,1.6927,-1.4999
105.312,4,-35.4637,1.6945,-1.4987
105.329,4,-35.4523,1.6970,-1.4965
105.345,4,-35.4468,1.6983,-1.4953
105.361,4,-35.4358,1.7008,-1.4932
105.376,4,-35.4307,1.7020,-1.4924
105.391,4,-35.4203,1.7039,-1.4905
105.407,4,-35.4153,1.7046,-1.4899
105.422,4,-35.4103,1.7057,-1.4893
105.437,4,-35.4001,1.7082,-1.4880
105.453,4,-35.3951,1.7101,-1.4875
105.469,4,-35.3852,1.7133,-1.4867
105.483,4,-35.3807,1.7145,-1.4865
105.498,4,-35.3762,1.7153,-1.4863
105.514,4,-35.3673,1.7170,-1.4856
105.530,4,-35.3631,1.7177,-1.4855
105.546,4,-35.3593,1.7182,-1.4855
105.561,4,-35.3511,1.7197,-1.4854
105.582,4,-35.3435,1.7207,-1.4855
105.602,4,-35.3362,1.7214,-1.4862
105.621,4,-35.3330,1.7214,-1.4867
105.636,4,-35.3263,1.7219,-1.4877
105.651,4,-35.3235,1.7219,-1.4886
105.667,4,-35.3209,1.7221,-1.4897
105.683,4,-35.3154,1.7222,-1.4905
105.698,4,-35.3133,1.7216,-1.4912
105.714,4,-35.3086,1.7207,-1.4923
105.730,4,-35.3068,1.7200,-1.4930
105.745,4,-35.3026,1.7195,-1.4941
105.760,4,-35.3012,1.7192,-1.4947
105.776,4,-35.2997,1.7192,-1.4959
105.792,4,-35.2965,1.7190,-1.4973
105.808,4,-35.2953,1.7190,-1.4984
105.828,4,-35.2927,1.7191,-1.5002
105.843,4,-35.2916,1.7190,-1.5008
105.858,4,-35.2892,1.7186,-1.5028
105.873,4,-35.2882,1.7182,-1.5035
105.889,4,-35.2859,1.7178,-1.5049
105.904,4,-35.2851,1.7178,-1.5061
105.919,4,-35.2842,1.7177,-1.5066
105.934,4,-35.2824,1.7172,-1.5082
105.947,4,-35.2818,1.7170,-1.5092
105.963,4,-35.2811,1.7168,-1.5099
105.978,4,-35.2796,1.7165,-1.5109
105.994,4,-35.2790,1.7163,-1.5117
106.008,4,-35.2786,1.7160,-1.5127
106.023,4,-35.2772,1.7157,-1.5135
106.038,4,-35.2768,1.7158,-1.5144
106.053,4,-35.2757,1.7161,-1.5155
106.068,4,-35.2752,1.7165,-1.5160
106.084,4,-35.2747,1.7170,-1.5164
106.099,4,-35.2737,1.7177,-1.5173
106.114,4,-35.2732,1.7182,-1.5181
106.129,4,-35.2726,1.7187,-1.5185
106.148,4,-35.2716,1.7194,-1.5196
106.164,4,-35.2704,1.7200,-1.5202
106.178,4,-35.2699,1.7202,-1.5204
106.193,4,-35.2696,1.7201,-1.5210
106.208,4,-35.2692,1.7201,-1.5213
106.223,4,-35.2688,1.7201,-1.5211
106.242,4,-35.2683,1.7200,-1.5220
106.262,4,-35.2677,1.7198,-1.5221
106.278,4,-35.2674,1.7194,-1.5228
106.294,4,-35.2673,1.7192,-1.5233
106.309,4,-35.2672,1.7190,-1.5233
106.326,4,-35.2668,1.7187,-1.5238
106.343,4,-35.2666,1.7187,-1.5236

# --- Trial 5 start ---
116.457,5,-39.5149,1.6936,-1.3666
116.541,5,-39.5170,1.6946,-1.3684
116.581,5,-39.5174,1.6943,-1.3690
116.600,5,-39.5180,1.6941,-1.3695
116.620,5,-39.5183,1.6939,-1.3698
116.637,5,-39.5183,1.6940,-1.3699
116.653,5,-39.5185,1.6939,-1.3701
116.670,5,-39.5186,1.6940,-1.3702
116.685,5,-39.5187,1.6941,-1.3705
116.701,5,-39.5187,1.6943,-1.3706
116.720,5,-39.5186,1.6944,-1.3709
116.739,5,-39.5185,1.6945,-1.3711
116.754,5,-39.5183,1.6945,-1.3710
116.769,5,-39.5182,1.6945,-1.3710
116.786,5,-39.5180,1.6946,-1.3710
116.801,5,-39.5179,1.6948,-1.3709
116.820,5,-39.5175,1.6950,-1.3707
116.837,5,-39.5173,1.6952,-1.3704
116.853,5,-39.5168,1.6956,-1.3698
116.870,5,-39.5165,1.6959,-1.3693
116.888,5,-39.5160,1.6964,-1.3685
116.903,5,-39.5157,1.6967,-1.3680
116.919,5,-39.5150,1.6973,-1.3670
116.935,5,-39.5146,1.6976,-1.3664
116.951,5,-39.5138,1.6981,-1.3653
116.966,5,-39.5134,1.6984,-1.3646
116.982,5,-39.5130,1.6986,-1.3639
116.998,5,-39.5124,1.6989,-1.3625
117.014,5,-39.5121,1.6989,-1.3618
117.030,5,-39.5114,1.6989,-1.3604
117.046,5,-39.5110,1.6989,-1.3595
117.062,5,-39.5103,1.6990,-1.3579
117.077,5,-39.5100,1.6990,-1.3571
117.093,5,-39.5097,1.6990,-1.3562
117.108,5,-39.5092,1.6991,-1.3546
117.125,5,-39.5090,1.6990,-1.3538
117.141,5,-39.5087,1.6988,-1.3522
117.161,5,-39.5083,1.6983,-1.3507
117.179,5,-39.5082,1.6976,-1.3501
117.198,5,-39.5079,1.6960,-1.3489
117.216,5,-39.5076,1.6936,-1.3479
117.231,5,-39.5074,1.6929,-1.3478
117.250,5,-39.5071,1.6934,-1.3478
117.266,5,-39.5066,1.6935,-1.3474
117.281,5,-39.5063,1.6936,-1.3474
117.297,5,-39.5059,1.6934,-1.3475
117.316,5,-39.5054,1.6936,-1.3477
117.335,5,-39.5052,1.6939,-1.3479
117.354,5,-39.5047,1.6946,-1.3480
117.372,5,-39.5040,1.6952,-1.3482
117.388,5,-39.5036,1.6953,-1.3485
117.406,5,-39.5032,1.6951,-1.3487
117.423,5,-39.5024,1.6951,-1.3493
117.438,5,-39.5020,1.6951,-1.3498
117.455,5,-39.5012,1.6949,-1.3508
117.471,5,-39.5006,1.6947,-1.3513
117.487,5,-39.4995,1.6944,-1.3523
117.503,5,-39.4988,1.6942,-1.3530
117.522,5,-39.4974,1.6940,-1.3543
117.537,5,-39.4960,1.6938,-1.3556
117.554,5,-39.4951,1.6938,-1.3565
117.574,5,-39.4940,1.6936,-1.3574
117.593,5,-39.4922,1.6934,-1.3592
117.610,5,-39.4901,1.6931,-1.3610
117.627,5,-39.4890,1.6927,-1.3620
117.644,5,-39.4867,1.6919,-1.3641
117.664,5,-39.4842,1.6904,-1.3662
117.683,5,-39.4817,1.6877,-1.3684
117.699,5,-39.4803,1.6850,-1.3694
117.715,5,-39.4783,1.6863,-1.3707
117.732,5,-39.4751,1.6931,-1.3736
117.747,5,-39.4735,1.6942,-1.3747
117.764,5,-39.4701,1.6933,-1.3769
117.779,5,-39.4684,1.6919,-1.3783
117.796,5,-39.4647,1.6910,-1.3811
117.812,5,-39.4627,1.6913,-1.3824
117.828,5,-39.4588,1.6924,-1.3851
117.843,5,-39.4566,1.6924,-1.3863
117.860,5,-39.4544,1.6916,-1.3877
117.877,5,-39.4501,1.6902,-1.3902
117.893,5,-39.4479,1.6890,-1.3916
117.911,5,-39.4435,1.6877,-1.3943
117.927,5,-39.4385,1.6874,-1.3970
117.943,5,-39.4352,1.6877,-1.3982
117.960,5,-39.4294,1.6875,-1.4005
117.982,5,-39.4258,1.6878,-1.4015
117.999,5,-39.4194,1.6880,-1.4038
118.015,5,-39.4125,1.6882,-1.4058
118.030,5,-39.4084,1.6886,-1.4068
118.046,5,-39.4041,1.6889,-1.4074
118.063,5,-39.3959,1.6891,-1.4092
118.080,5,-39.3916,1.6890,-1.4099
118.096,5,-39.3832,1.6885,-1.4112
118.112,5,-39.3786,1.6882,-1.4118
118.129,5,-39.3693,1.6876,-1.4129
118.145,5,-39.3641,1.6871,-1.4136
118.162,5,-39.3541,1.6861,-1.4147
118.178,5,-39.3487,1.6851,-1.4151
118.194,5,-39.3379,1.6835,-1.4158
118.210,5,-39.3319,1.6828,-1.4161
118.225,5,-39.3206,1.6813,-1.4167
118.242,5,-39.3145,1.6805,-1.4168
118.264,5,-39.3025,1.6785,-1.4167
118.284,5,-39.2901,1.6763,-1.4163
118.302,5,-39.2832,1.6754,-1.4160
118.317,5,-39.2704,1.6735,-1.4154
118.332,5,-39.2637,1.6725,-1.4147
118.348,5,-39.2571,1.6716,-1.4141
118.363,5,-39.2439,1.6697,-1.4127
118.378,5,-39.2367,1.6690,-1.4118
118.393,5,-39.2230,1.6673,-1.4100
118.409,5,-39.2157,1.6665,-1.4089
118.429,5,-39.2086,1.6662,-1.4076
118.445,5,-39.1944,1.6661,-1.4055
118.462,5,-39.1796,1.6678,-1.4034
118.477,5,-39.1720,1.6698,-1.4023
118.493,5,-39.1645,1.6714,-1.4011
118.508,5,-39.1496,1.6739,-1.3990
118.523,5,-39.1423,1.6750,-1.3979
118.538,5,-39.1348,1.6754,-1.3972
118.554,5,-39.1201,1.6761,-1.3954
118.573,5,-39.1053,1.6772,-1.3939
118.590,5,-39.0976,1.6783,-1.3936
118.609,5,-39.0826,1.6802,-1.3926
118.627,5,-39.0670,1.6831,-1.3919
118.641,5,-39.0591,1.6847,-1.3917
118.657,5,-39.0515,1.6856,-1.3914
118.671,5,-39.0361,1.6874,-1.3909
118.688,5,-39.0284,1.6880,-1.3907
118.703,5,-39.0204,1.6884,-1.3907
118.720,5,-39.0047,1.6887,-1.3903
118.735,5,-38.9969,1.6879,-1.3901
118.751,5,-38.9811,1.6873,-1.3901
118.767,5,-38.9730,1.6863,-1.3902
118.782,5,-38.9569,1.6849,-1.3906
118.797,5,-38.9485,1.6834,-1.3910
118.813,5,-38.9404,1.6818,-1.3913
118.829,5,-38.9238,1.6793,-1.3921
118.845,5,-38.9152,1.6774,-1.3926
118.861,5,-38.8983,1.6740,-1.3939
118.877,5,-38.8897,1.6715,-1.3947
118.892,5,-38.8813,1.6694,-1.3954
118.907,5,-38.8728,1.6679,-1.3964
118.925,5,-38.8555,1.6659,-1.3981
118.941,5,-38.8382,1.6646,-1.4002
118.956,5,-38.8296,1.6640,-1.4013
118.977,5,-38.8119,1.6629,-1.4035
118.996,5,-38.7937,1.6637,-1.4059
119.013,5,-38.7843,1.6665,-1.4073
119.029,5,-38.7660,1.6702,-1.4098
119.045,5,-38.7566,1.6728,-1.4110
119.062,5,-38.7380,1.6766,-1.4132
119.081,5,-38.7288,1.6778,-1.4143
119.102,5,-38.7103,1.6799,-1.4164
119.118,5,-38.6916,1.6827,-1.4185
119.134,5,-38.6822,1.6845,-1.4193
119.150,5,-38.6631,1.6875,-1.4210
119.166,5,-38.6533,1.6892,-1.4215
119.181,5,-38.6436,1.6911,-1.4221
119.196,5,-38.6244,1.6944,-1.4234
119.212,5,-38.6147,1.6956,-1.4239
119.227,5,-38.6054,1.6961,-1.4241
119.243,5,-38.5864,1.6974,-1.4250
119.259,5,-38.5766,1.6973,-1.4254
119.275,5,-38.5576,1.6974,-1.4260
119.290,5,-38.5479,1.6964,-1.4262
119.307,5,-38.5288,1.6952,-1.4266
119.324,5,-38.5192,1.6931,-1.4265
119.340,5,-38.4997,1.6903,-1.4266
119.357,5,-38.4897,1.6883,-1.4263
119.373,5,-38.4703,1.6850,-1.4259
119.390,5,-38.4606,1.6828,-1.4255
119.404,5,-38.4510,1.6802,-1.4250
119.422,5,-38.4315,1.6759,-1.4242
119.443,5,-38.4118,1.6717,-1.4229
119.462,5,-38.3920,1.6687,-1.4213
119.480,5,-38.3820,1.6678,-1.4203
119.496,5,-38.3618,1.6658,-1.4185
119.511,5,-38.3515,1.6655,-1.4176
119.526,5,-38.3412,1.6654,-1.4164
119.543,5,-38.3208,1.6657,-1.4145
119.561,5,-38.3003,1.6682,-1.4126
119.579,5,-38.2899,1.6709,-1.4116
119.595,5,-38.2692,1.6745,-1.4096
119.610,5,-38.2587,1.6771,-1.4086
119.625,5,-38.2486,1.6789,-1.4077
119.642,5,-38.2285,1.6809,-1.4057
119.656,5,-38.2183,1.6814,-1.4049
119.671,5,-38.2083,1.6826,-1.4043
119.686,5,-38.1878,1.6855,-1.4029
119.702,5,-38.1777,1.6873,-1.4024
119.717,5,-38.1568,1.6907,-1.4015
119.732,5,-38.1466,1.6925,-1.4015
119.747,5,-38.1362,1.6938,-1.4014
119.762,5,-38.1157,1.6958,-1.4008
119.777,5,-38.1055,1.6961,-1.4007
119.792,5,-38.0955,1.6961,-1.4005
119.808,5,-38.0754,1.6963,-1.4002
119.824,5,-38.0651,1.6958,-1.4003
119.839,5,-38.0448,1.6951,-1.4001
119.854,5,-38.0346,1.6939,-1.4003
119.870,5,-38.0246,1.6928,-1.4005
119.885,5,-38.0044,1.6908,-1.4010
119.900,5,-37.9946,1.6891,-1.4015
119.916,5,-37.9849,1.6875,-1.4020
119.933,5,-37.9649,1.6844,-1.4031
119.948,5,-37.9548,1.6826,-1.4039
119.964,5,-37.9346,1.6791,-1.4053
119.980,5,-37.9245,1.6770,-1.4063
119.997,5,-37.9045,1.6732,-1.4082
120.015,5,-37.8944,1.6719,-1.4095
120.031,5,-37.8744,1.6700,-1.4117
120.046,5,-37.8643,1.6695,-1.4130
120.063,5,-37.8443,1.6678,-1.4155
120.078,5,-37.8344,1.6674,-1.4169
120.094,5,-37.8245,1.6674,-1.4184
120.111,5,-37.8043,1.6690,-1.4213
120.128,5,-37.7943,1.6712,-1.4229
120.144,5,-37.7744,1.6735,-1.4258
120.160,5,-37.7645,1.6749,-1.4273
120.176,5,-37.7448,1.6770,-1.4302
120.192,5,-37.7350,1.6781,-1.4316
120.209,5,-37.7150,1.6815,-1.4342
120.225,5,-37.7049,1.6840,-1.4353
120.241,5,-37.6847,1.6878,-1.4376
120.256,5,-37.6745,1.6897,-1.4385
120.272,5,-37.6543,1.6942,-1.4404
120.292,5,-37.6440,1.6967,-1.4411
120.310,5,-37.6241,1.7000,-1.4426
120.327,5,-37.6040,1.7021,-1.4441
120.347,5,-37.5942,1.7014,-1.4448
120.366,5,-37.5744,1.7013,-1.4463
120.382,5,-37.5545,1.7008,-1.4476
120.397,5,-37.5445,1.6994,-1.4481
120.415,5,-37.5346,1.6976,-1.4486
120.433,5,-37.5148,1.6952,-1.4495
120.449,5,-37.4948,1.6922,-1.4503
120.465,5,-37.4850,1.6903,-1.4505
120.480,5,-37.4752,1.6884,-1.4506
120.496,5,-37.4553,1.6844,-1.4510
120.512,5,-37.4453,1.6820,-1.4510
120.528,5,-37.4255,1.6783,-1.4511
120.542,5,-37.4155,1.6768,-1.4508
120.558,5,-37.4053,1.6758,-1.4505
120.576,5,-37.3853,1.6737,-1.4502
120.592,5,-37.3748,1.6732,-1.4499
120.608,5,-37.3546,1.6723,-1.4495
120.624,5,-37.3445,1.6726,-1.4491
120.640,5,-37.3242,1.6734,-1.4483
120.655,5,-37.3141,1.6756,-1.4480
120.671,5,-37.3040,1.6777,-1.4476
120.687,5,-37.2840,1.6807,-1.4469
120.703,5,-37.2739,1.6833,-1.4466
120.719,5,-37.2537,1.6869,-1.4461
120.734,5,-37.2437,1.6880,-1.4456
120.749,5,-37.2235,1.6902,-1.4452
120.764,5,-37.2135,1.6919,-1.4454
120.779,5,-37.2035,1.6937,-1.4456
120.795,5,-37.1832,1.6969,-1.4458
120.809,5,-37.1731,1.6988,-1.4461
120.824,5,-37.1631,1.7009,-1.4466
120.839,5,-37.1433,1.7044,-1.4473
120.853,5,-37.1333,1.7056,-1.4477
120.868,5,-37.1233,1.7063,-1.4482
120.884,5,-37.1035,1.7078,-1.4489
120.903,5,-37.0935,1.7073,-1.4494
120.919,5,-37.0742,1.7073,-1.4504
120.934,5,-37.0645,1.7065,-1.4510
120.949,5,-37.0447,1.7057,-1.4521
120.968,5,-37.0346,1.7040,-1.4530
120.985,5,-37.0148,1.7019,-1.4544
121.000,5,-37.0048,1.7005,-1.4555
121.013,5,-36.9949,1.6990,-1.4565
121.029,5,-36.9751,1.6960,-1.4586
121.044,5,-36.9654,1.6941,-1.4598
121.060,5,-36.9458,1.6900,-1.4622
121.074,5,-36.9358,1.6877,-1.4636
121.092,5,-36.9259,1.6857,-1.4650
121.107,5,-36.9059,1.6828,-1.4677
121.129,5,-36.8862,1.6809,-1.4707
121.147,5,-36.8764,1.6801,-1.4722
121.163,5,-36.8570,1.6783,-1.4752
121.180,5,-36.8474,1.6790,-1.4767
121.196,5,-36.8280,1.6804,-1.4799
121.211,5,-36.8185,1.6828,-1.4816
121.227,5,-36.7992,1.6863,-1.4847
121.242,5,-36.7895,1.6890,-1.4863
121.258,5,-36.7799,1.6911,-1.4876
121.274,5,-36.7606,1.6939,-1.4904
121.290,5,-36.7505,1.6954,-1.4916
121.306,5,-36.7310,1.6992,-1.4939
121.322,5,-36.7213,1.7015,-1.4949
121.338,5,-36.7116,1.7034,-1.4958
121.355,5,-36.6923,1.7071,-1.4977
121.372,5,-36.6827,1.7093,-1.4985
121.388,5,-36.6637,1.7127,-1.5002
121.402,5,-36.6543,1.7138,-1.5009
121.419,5,-36.6354,1.7157,-1.5021
121.436,5,-36.6262,1.7154,-1.5025
121.453,5,-36.6075,1.7154,-1.5037
121.469,5,-36.5982,1.7148,-1.5042
121.484,5,-36.5793,1.7141,-1.5050
121.499,5,-36.5700,1.7127,-1.5051
121.515,5,-36.5607,1.7113,-1.5053
121.532,5,-36.5420,1.7089,-1.5057
121.547,5,-36.5328,1.7070,-1.5056
121.563,5,-36.5144,1.7039,-1.5057
121.578,5,-36.5053,1.7017,-1.5054
121.594,5,-36.4962,1.6994,-1.5052
121.616,5,-36.4690,1.6935,-1.5045
121.634,5,-36.4600,1.6921,-1.5039
121.651,5,-36.4417,1.6896,-1.5031
121.666,5,-36.4327,1.6890,-1.5023
121.682,5,-36.4236,1.6884,-1.5016
121.699,5,-36.4053,1.6873,-1.5003
121.714,5,-36.3963,1.6872,-1.4996
121.730,5,-36.3784,1.6867,-1.4980
121.749,5,-36.3696,1.6888,-1.4970
121.769,5,-36.3428,1.6915,-1.4944
121.785,5,-36.3339,1.6927,-1.4933
121.803,5,-36.3253,1.6946,-1.4925
121.819,5,-36.3076,1.6973,-1.4907
121.834,5,-36.2985,1.6981,-1.4897
121.850,5,-36.2804,1.6999,-1.4878
121.867,5,-36.2715,1.7015,-1.4872
121.882,5,-36.2626,1.7031,-1.4865
121.898,5,-36.2448,1.7058,-1.4851
121.913,5,-36.2358,1.7075,-1.4846
121.929,5,-36.2182,1.7109,-1.4838
121.943,5,-36.2095,1.7125,-1.4834
121.958,5,-36.2010,1.7135,-1.4831
121.972,5,-36.1835,1.7154,-1.4821
121.987,5,-36.1749,1.7158,-1.4818
122.001,5,-36.1661,1.7160,-1.4814
122.016,5,-36.1488,1.7164,-1.4806
122.035,5,-36.1399,1.7158,-1.4804
122.050,5,-36.1224,1.7160,-1.4797
122.064,5,-36.1133,1.7149,-1.4798
122.079,5,-36.1044,1.7141,-1.4798
122.094,5,-36.0867,1.7129,-1.4797
122.108,5,-36.0778,1.7118,-1.4798
122.126,5,-36.0688,1.7102,-1.4799
122.141,5,-36.0511,1.7076,-1.4800
122.155,5,-36.0422,1.7052,-1.4802
122.171,5,-36.0334,1.7031,-1.4806
122.186,5,-36.0158,1.6997,-1.4811
122.201,5,-36.0071,1.6981,-1.4815
122.216,5,-35.9897,1.6954,-1.4822
122.235,5,-35.9811,1.6944,-1.4828
122.252,5,-35.9639,1.6917,-1.4838
122.267,5,-35.9553,1.6905,-1.4844
122.282,5,-35.9381,1.6885,-1.4854
122.297,5,-35.9297,1.6878,-1.4861
122.312,5,-35.9213,1.6878,-1.4868
122.328,5,-35.9044,1.6885,-1.4881
122.342,5,-35.8963,1.6899,-1.4887
122.361,5,-35.8880,1.6910,-1.4894
122.380,5,-35.8632,1.6946,-1.4915
122.400,5,-35.8551,1.6965,-1.4923
122.415,5,-35.8388,1.6981,-1.4935
122.430,5,-35.8308,1.6985,-1.4941
122.446,5,-35.8226,1.6995,-1.4947
122.462,5,-35.8062,1.7020,-1.4956
122.479,5,-35.7980,1.7035,-1.4959
122.496,5,-35.7818,1.7061,-1.4966
122.516,5,-35.7657,1.7091,-1.4971
122.536,5,-35.7497,1.7124,-1.4974
122.552,5,-35.7420,1.7137,-1.4975
122.567,5,-35.7342,1.7145,-1.4974
122.582,5,-35.7186,1.7160,-1.4975
122.599,5,-35.7109,1.7160,-1.4975
122.613,5,-35.7033,1.7159,-1.4973
122.629,5,-35.6882,1.7162,-1.4972
122.646,5,-35.6807,1.7158,-1.4970
122.661,5,-35.6656,1.7154,-1.4966
122.678,5,-35.6580,1.7147,-1.4964
122.693,5,-35.6429,1.7136,-1.4958
122.708,5,-35.6356,1.7126,-1.4953
122.723,5,-35.6284,1.7115,-1.4948
122.739,5,-35.6137,1.7091,-1.4940
122.754,5,-35.6066,1.7072,-1.4935
122.771,5,-35.5996,1.7052,-1.4928
122.787,5,-35.5854,1.7021,-1.4917
122.801,5,-35.5713,1.6992,-1.4905
122.815,5,-35.5644,1.6979,-1.4899
122.833,5,-35.5579,1.6969,-1.4891
122.849,5,-35.5439,1.6943,-1.4877
122.865,5,-35.5373,1.6931,-1.4867
122.880,5,-35.5237,1.6907,-1.4853
122.895,5,-35.5100,1.6888,-1.4836
122.910,5,-35.4964,1.6886,-1.4821
122.926,5,-35.4833,1.6900,-1.4804
122.946,5,-35.4705,1.6930,-1.4787
122.969,5,-35.4582,1.6976,-1.4772
122.991,5,-35.4463,1.7032,-1.4757
123.014,5,-35.4350,1.7076,-1.4744
123.037,5,-35.4238,1.7099,-1.4733
123.062,5,-35.4130,1.7115,-1.4728
123.084,5,-35.4023,1.7132,-1.4725
123.102,5,-35.3919,1.7154,-1.4720
123.125,5,-35.3823,1.7178,-1.4721
123.152,5,-35.3737,1.7195,-1.4723
123.173,5,-35.3652,1.7204,-1.4721
123.191,5,-35.3571,1.7213,-1.4720
123.214,5,-35.3495,1.7223,-1.4719
123.243,5,-35.3427,1.7230,-1.4721
123.264,5,-35.3360,1.7230,-1.4723
123.280,5,-35.3294,1.7231,-1.4724
123.311,5,-35.3241,1.7231,-1.4736
123.333,5,-35.3189,1.7235,-1.4745
123.351,5,-35.3140,1.7231,-1.4754
123.371,5,-35.3094,1.7226,-1.4763
123.395,5,-35.3082,1.7221,-1.4775
123.410,5,-35.3064,1.7217,-1.4781
123.425,5,-35.3045,1.7213,-1.4784
123.439,5,-35.3026,1.7210,-1.4788
123.455,5,-35.2987,1.7208,-1.4796
123.470,5,-35.2969,1.7211,-1.4803
123.486,5,-35.2935,1.7216,-1.4813
123.501,5,-35.2920,1.7222,-1.4816
123.517,5,-35.2890,1.7227,-1.4825
123.533,5,-35.2878,1.7229,-1.4832
123.549,5,-35.2866,1.7228,-1.4841
123.565,5,-35.2839,1.7227,-1.4847
123.579,5,-35.2830,1.7224,-1.4852
123.595,5,-35.2818,1.7220,-1.4858
123.610,5,-35.2795,1.7214,-1.4867
123.625,5,-35.2786,1.7210,-1.4870
123.640,5,-35.2777,1.7206,-1.4874
123.655,5,-35.2769,1.7202,-1.4885
123.672,5,-35.2750,1.7194,-1.4895
123.688,5,-35.2740,1.7192,-1.4899
123.703,5,-35.2722,1.7187,-1.4904
123.720,5,-35.2713,1.7188,-1.4911
123.739,5,-35.2696,1.7189,-1.4919
123.757,5,-35.2680,1.7191,-1.4930
123.778,5,-35.2672,1.7191,-1.4933
123.798,5,-35.2659,1.7190,-1.4945
123.817,5,-35.2645,1.7187,-1.4951
123.833,5,-35.2640,1.7188,-1.4961
123.848,5,-35.2627,1.7188,-1.4969
123.863,5,-35.2620,1.7189,-1.4972
123.878,5,-35.2613,1.7192,-1.4978
123.893,5,-35.2607,1.7193,-1.4986
123.909,5,-35.2593,1.7194,-1.4997

# --- Trial 6 start ---
134.238,6,-39.5354,1.6915,-1.3385
134.321,6,-39.5371,1.6925,-1.3377
134.349,6,-39.5376,1.6929,-1.3375
134.367,6,-39.5377,1.6930,-1.3373
134.390,6,-39.5382,1.6932,-1.3369
134.407,6,-39.5384,1.6933,-1.3365
134.423,6,-39.5384,1.6933,-1.3362
134.438,6,-39.5386,1.6933,-1.3356
134.454,6,-39.5387,1.6932,-1.3349
134.474,6,-39.5390,1.6932,-1.3341
134.493,6,-39.5391,1.6932,-1.3332
134.508,6,-39.5390,1.6935,-1.3322
134.530,6,-39.5389,1.6939,-1.3311
134.559,6,-39.5386,1.6948,-1.3297
134.580,6,-39.5382,1.6954,-1.3286
134.598,6,-39.5378,1.6959,-1.3273
134.625,6,-39.5372,1.6966,-1.3258
134.646,6,-39.5365,1.6971,-1.3242
134.664,6,-39.5359,1.6974,-1.3226
134.685,6,-39.5354,1.6972,-1.3209
134.715,6,-39.5345,1.6968,-1.3192
134.735,6,-39.5337,1.6971,-1.3177
134.753,6,-39.5328,1.6972,-1.3162
134.775,6,-39.5320,1.6976,-1.3148
134.798,6,-39.5312,1.6975,-1.3136
134.819,6,-39.5305,1.6962,-1.3125
134.841,6,-39.5298,1.6938,-1.3116
134.864,6,-39.5290,1.6906,-1.3109
134.887,6,-39.5282,1.6900,-1.3105
134.910,6,-39.5275,1.6907,-1.3104
134.933,6,-39.5274,1.6908,-1.3108
134.949,6,-39.5271,1.6906,-1.3109
134.964,6,-39.5267,1.6908,-1.3113
134.980,6,-39.5260,1.6911,-1.3114
134.995,6,-39.5257,1.6916,-1.3116
135.011,6,-39.5250,1.6919,-1.3120
135.026,6,-39.5246,1.6918,-1.3122
135.042,6,-39.5243,1.6915,-1.3125
135.059,6,-39.5237,1.6911,-1.3129
135.074,6,-39.5233,1.6909,-1.3133
135.090,6,-39.5225,1.6904,-1.3141
135.105,6,-39.5220,1.6901,-1.3146
135.121,6,-39.5209,1.6895,-1.3156
135.135,6,-39.5202,1.6892,-1.3163
135.154,6,-39.5196,1.6889,-1.3170
135.170,6,-39.5183,1.6882,-1.3184
135.184,6,-39.5176,1.6878,-1.3191
135.200,6,-39.5161,1.6872,-1.3207
135.215,6,-39.5150,1.6871,-1.3216
135.230,6,-39.5139,1.6871,-1.3226
135.246,6,-39.5117,1.6869,-1.3246
135.262,6,-39.5103,1.6867,-1.3257
135.278,6,-39.5079,1.6860,-1.3278
135.294,6,-39.5065,1.6852,-1.3290
135.309,6,-39.5041,1.6832,-1.3314
135.326,6,-39.5031,1.6811,-1.3325
135.341,6,-39.5018,1.6813,-1.3338
135.357,6,-39.4977,1.6887,-1.3369
135.372,6,-39.4963,1.6898,-1.3383
135.389,6,-39.4926,1.6886,-1.3408
135.404,6,-39.4906,1.6874,-1.3423
135.420,6,-39.4884,1.6861,-1.3438
135.436,6,-39.4843,1.6844,-1.3466
135.452,6,-39.4800,1.6829,-1.3493
135.472,6,-39.4772,1.6818,-1.3504
135.492,6,-39.4743,1.6811,-1.3516
135.508,6,-39.4712,1.6809,-1.3528
135.524,6,-39.4658,1.6800,-1.3552
135.540,6,-39.4627,1.6792,-1.3565
135.557,6,-39.4567,1.6780,-1.3590
135.573,6,-39.4532,1.6778,-1.3600
135.588,6,-39.4463,1.6774,-1.3618
135.603,6,-39.4424,1.6783,-1.3626
135.617,6,-39.4382,1.6790,-1.3633
135.633,6,-39.4303,1.6796,-1.3650
135.649,6,-39.4259,1.6795,-1.3656
135.664,6,-39.4214,1.6793,-1.3662
135.680,6,-39.4125,1.6793,-1.3676
135.695,6,-39.4077,1.6791,-1.3681
135.711,6,-39.3981,1.6785,-1.3692
135.726,6,-39.3928,1.6777,-1.3695
135.741,6,-39.3875,1.6769,-1.3698
135.757,6,-39.3769,1.6755,-1.3707
135.773,6,-39.3712,1.6747,-1.3710
135.790,6,-39.3602,1.6731,-1.3715
135.805,6,-39.3541,1.6720,-1.3716
135.821,6,-39.3423,1.6700,-1.3717
135.837,6,-39.3357,1.6689,-1.3716
135.854,6,-39.3230,1.6671,-1.3717
135.870,6,-39.3163,1.6663,-1.3713
135.886,6,-39.3094,1.6653,-1.3708
135.902,6,-39.2961,1.6635,-1.3699
135.917,6,-39.2889,1.6627,-1.3693
135.932,6,-39.2749,1.6614,-1.3683
135.949,6,-39.2678,1.6610,-1.3675
135.964,6,-39.2535,1.6598,-1.3662
135.979,6,-39.2461,1.6593,-1.3652
135.998,6,-39.2384,1.6590,-1.3641
136.013,6,-39.2235,1.6588,-1.3626
136.028,6,-39.2157,1.6597,-1.3614
136.043,6,-39.2005,1.6609,-1.3594
136.058,6,-39.1924,1.6627,-1.3583
136.073,6,-39.1844,1.6647,-1.3575
136.088,6,-39.1686,1.6679,-1.3557
136.104,6,-39.1606,1.6698,-1.3550
136.120,6,-39.1450,1.6725,-1.3533
136.136,6,-39.1371,1.6735,-1.3527
136.151,6,-39.1213,1.6759,-1.3515
136.168,6,-39.1129,1.6777,-1.3513
136.184,6,-39.0961,1.6815,-1.3507
136.198,6,-39.0875,1.6839,-1.3506
136.217,6,-39.0789,1.6862,-1.3505
136.236,6,-39.0620,1.6893,-1.3503
136.251,6,-39.0536,1.6901,-1.3503
136.266,6,-39.0367,1.6914,-1.3501
136.281,6,-39.0284,1.6912,-1.3500
136.297,6,-39.0113,1.6912,-1.3500
136.312,6,-39.0025,1.6903,-1.3504
136.327,6,-38.9939,1.6896,-1.3507
136.344,6,-38.9764,1.6878,-1.3514
136.360,6,-38.9674,1.6861,-1.3518
136.375,6,-38.9497,1.6836,-1.3527
136.390,6,-38.9407,1.6818,-1.3537
136.404,6,-38.9318,1.6802,-1.3546
136.420,6,-38.9137,1.6768,-1.3562
136.435,6,-38.9046,1.6745,-1.3572
136.451,6,-38.8953,1.6724,-1.3582
136.471,6,-38.8767,1.6691,-1.3605
136.489,6,-38.8581,1.6667,-1.3630
136.505,6,-38.8489,1.6660,-1.3644
136.520,6,-38.8302,1.6641,-1.3669
136.536,6,-38.8204,1.6636,-1.3684
136.553,6,-38.8011,1.6628,-1.3712
136.568,6,-38.7912,1.6642,-1.3729
136.584,6,-38.7813,1.6669,-1.3745
136.603,6,-38.7615,1.6708,-1.3776
136.622,6,-38.7414,1.6740,-1.3803
136.639,6,-38.7217,1.6764,-1.3829
136.659,6,-38.7119,1.6768,-1.3839
136.678,6,-38.6922,1.6794,-1.3860
136.693,6,-38.6823,1.6814,-1.3869
136.709,6,-38.6625,1.6846,-1.3885
136.726,6,-38.6522,1.6864,-1.3892
136.742,6,-38.6321,1.6900,-1.3909
136.762,6,-38.6224,1.6916,-1.3915
136.782,6,-38.5922,1.6955,-1.3934
136.799,6,-38.5819,1.6959,-1.3938
136.819,6,-38.5720,1.6953,-1.3941
136.835,6,-38.5518,1.6951,-1.3951
136.853,6,-38.5416,1.6938,-1.3954
136.869,6,-38.5216,1.6923,-1.3961
136.885,6,-38.5114,1.6907,-1.3964
136.901,6,-38.4910,1.6877,-1.3968
136.918,6,-38.4705,1.6843,-1.3970
136.934,6,-38.4602,1.6820,-1.3970
136.951,6,-38.4397,1.6778,-1.3969
136.967,6,-38.4293,1.6750,-1.3965
136.982,6,-38.4190,1.6719,-1.3960
136.999,6,-38.3989,1.6672,-1.3952
137.015,6,-38.3780,1.6634,-1.3943
137.035,6,-38.3678,1.6628,-1.3935
137.054,6,-38.3469,1.6603,-1.3922
137.074,6,-38.3256,1.6595,-1.3904
137.093,6,-38.3150,1.6610,-1.3896
137.108,6,-38.2934,1.6633,-1.3882
137.125,6,-38.2822,1.6674,-1.3874
137.145,6,-38.2604,1.6721,-1.3858
137.165,6,-38.2387,1.6768,-1.3845
137.181,6,-38.2286,1.6787,-1.3840
137.197,6,-38.2074,1.6813,-1.3829
137.213,6,-38.1972,1.6823,-1.3825
137.233,6,-38.1764,1.6858,-1.3817
137.251,6,-38.1554,1.6892,-1.3811
137.268,6,-38.1448,1.6910,-1.3811
137.283,6,-38.1237,1.6947,-1.3811
137.299,6,-38.1134,1.6960,-1.3812
137.317,6,-38.1030,1.6965,-1.3810
137.333,6,-38.0822,1.6980,-1.3809
137.349,6,-38.0716,1.6977,-1.3807
137.365,6,-38.0505,1.6976,-1.3805
137.381,6,-38.0404,1.6966,-1.3803
137.396,6,-38.0297,1.6956,-1.3803
137.411,6,-38.0083,1.6941,-1.3804
137.426,6,-37.9975,1.6926,-1.3806
137.441,6,-37.9762,1.6901,-1.3810
137.457,6,-37.9658,1.6881,-1.3814
137.472,6,-37.9556,1.6861,-1.3818
137.488,6,-37.9341,1.6826,-1.3827
137.504,6,-37.9230,1.6802,-1.3833
137.519,6,-37.9016,1.6761,-1.3844
137.533,6,-37.8909,1.6738,-1.3853
137.552,6,-37.8803,1.6723,-1.3864
137.569,6,-37.8587,1.6698,-1.3881
137.584,6,-37.8481,1.6690,-1.3891
137.600,6,-37.8270,1.6668,-1.3911
137.615,6,-37.8167,1.6659,-1.3921
137.631,6,-37.7956,1.6647,-1.3943
137.650,6,-37.7737,1.6677,-1.3967
137.668,6,-37.7627,1.6711,-1.3978
137.683,6,-37.7518,1.6729,-1.3988
137.702,6,-37.7303,1.6756,-1.4008
137.719,6,-37.7198,1.6766,-1.4016
137.734,6,-37.6985,1.6791,-1.4032
137.748,6,-37.6880,1.6812,-1.4037
137.763,6,-37.6665,1.6855,-1.4047
137.779,6,-37.6559,1.6878,-1.4049
137.795,6,-37.6450,1.6904,-1.4050
137.810,6,-37.6237,1.6952,-1.4057
137.826,6,-37.6130,1.6973,-1.4059
137.842,6,-37.5915,1.7008,-1.4064
137.859,6,-37.5807,1.7010,-1.4067
137.876,6,-37.5594,1.7023,-1.4073
137.890,6,-37.5487,1.7020,-1.4076
137.907,6,-37.5272,1.7012,-1.4081
137.922,6,-37.5166,1.6998,-1.4083
137.938,6,-37.5059,1.6982,-1.4084
137.955,6,-37.4843,1.6954,-1.4087
137.970,6,-37.4734,1.6933,-1.4087
137.987,6,-37.4520,1.6900,-1.4087
138.002,6,-37.4413,1.6876,-1.4083
138.018,6,-37.4200,1.6833,-1.4080
138.035,6,-37.4096,1.6804,-1.4076
138.050,6,-37.3883,1.6757,-1.4071
138.067,6,-37.3776,1.6737,-1.4066
138.083,6,-37.3669,1.6726,-1.4060
138.100,6,-37.3458,1.6704,-1.4049
138.115,6,-37.3352,1.6697,-1.4043
138.132,6,-37.3136,1.6682,-1.4033
138.147,6,-37.3028,1.6684,-1.4027
138.164,6,-37.2811,1.6699,-1.4016
138.180,6,-37.2701,1.6728,-1.4009
138.196,6,-37.2592,1.6757,-1.4002
138.211,6,-37.2375,1.6797,-1.3990
138.227,6,-37.2268,1.6819,-1.3985
138.247,6,-37.2057,1.6849,-1.3975
138.264,6,-37.1847,1.6871,-1.3966
138.280,6,-37.1742,1.6884,-1.3963
138.296,6,-37.1639,1.6905,-1.3964
138.313,6,-37.1430,1.6944,-1.3961
138.329,6,-37.1325,1.6969,-1.3963
138.347,6,-37.1117,1.7009,-1.3967
138.363,6,-37.0911,1.7039,-1.3971
138.378,6,-37.0809,1.7044,-1.3974
138.396,6,-37.0709,1.7044,-1.3977
138.412,6,-37.0506,1.7053,-1.3981
138.428,6,-37.0406,1.7049,-1.3983
138.445,6,-37.0203,1.7044,-1.3988
138.461,6,-37.0102,1.7034,-1.3993
138.477,6,-36.9901,1.7020,-1.4000
138.493,6,-36.9697,1.6998,-1.4010
138.509,6,-36.9594,1.6980,-1.4018
138.525,6,-36.9492,1.6962,-1.4027
138.542,6,-36.9287,1.6926,-1.4042
138.560,6,-36.9184,1.6899,-1.4053
138.577,6,-36.8980,1.6856,-1.4071
138.593,6,-36.8880,1.6835,-1.4083
138.610,6,-36.8677,1.6801,-1.4105
138.624,6,-36.8574,1.6793,-1.4118
138.642,6,-36.8372,1.6775,-1.4145
138.657,6,-36.8272,1.6766,-1.4158
138.672,6,-36.8072,1.6749,-1.4185
138.688,6,-36.7973,1.6749,-1.4200
138.703,6,-36.7873,1.6767,-1.4217
138.720,6,-36.7671,1.6797,-1.4248
138.738,6,-36.7470,1.6836,-1.4278
138.757,6,-36.7368,1.6857,-1.4294
138.773,6,-36.7170,1.6880,-1.4324
138.787,6,-36.7071,1.6890,-1.4337
138.805,6,-36.6972,1.6906,-1.4349
138.820,6,-36.6774,1.6942,-1.4374
138.838,6,-36.6673,1.6964,-1.4384
138.857,6,-36.6475,1.7000,-1.4404
138.871,6,-36.6278,1.7041,-1.4423
138.887,6,-36.6181,1.7066,-1.4431
138.904,6,-36.6081,1.7085,-1.4438
138.919,6,-36.5883,1.7114,-1.4454
138.934,6,-36.5783,1.7119,-1.4460
138.951,6,-36.5687,1.7120,-1.4467
138.968,6,-36.5492,1.7127,-1.4480
138.984,6,-36.5395,1.7119,-1.4485
139.000,6,-36.5201,1.7109,-1.4496
139.016,6,-36.5104,1.7093,-1.4500
139.033,6,-36.4909,1.7065,-1.4507
139.048,6,-36.4812,1.7046,-1.4509
139.065,6,-36.4620,1.7013,-1.4514
139.081,6,-36.4526,1.6991,-1.4514
139.096,6,-36.4335,1.6949,-1.4516
139.111,6,-36.4241,1.6924,-1.4514
139.126,6,-36.4145,1.6903,-1.4513
139.142,6,-36.3954,1.6868,-1.4509
139.158,6,-36.3858,1.6860,-1.4506
139.174,6,-36.3762,1.6852,-1.4502
139.190,6,-36.3570,1.6833,-1.4495
139.205,6,-36.3472,1.6829,-1.4490
139.221,6,-36.3279,1.6824,-1.4481
139.237,6,-36.3182,1.6838,-1.4476
139.253,6,-36.2990,1.6871,-1.4467
139.269,6,-36.2895,1.6896,-1.4462
139.285,6,-36.2704,1.6929,-1.4453
139.301,6,-36.2616,1.6953,-1.4450
139.316,6,-36.2525,1.6971,-1.4446
139.332,6,-36.2340,1.6998,-1.4437
139.348,6,-36.2249,1.7006,-1.4435
139.364,6,-36.2067,1.7032,-1.4429
139.379,6,-36.1979,1.7047,-1.4428
139.395,6,-36.1890,1.7062,-1.4428
139.410,6,-36.1710,1.7093,-1.4426
139.427,6,-36.1621,1.7112,-1.4429
139.443,6,-36.1442,1.7147,-1.4433
139.459,6,-36.1353,1.7160,-1.4436
139.476,6,-36.1178,1.7181,-1.4440
139.491,6,-36.1090,1.7184,-1.4442
139.508,6,-36.0917,1.7192,-1.4446
139.528,6,-36.0830,1.7187,-1.4448
139.549,6,-36.0657,1.7179,-1.4454
139.565,6,-36.0483,1.7168,-1.4462
139.581,6,-36.0397,1.7157,-1.4468
139.598,6,-36.0223,1.7138,-1.4479
139.614,6,-36.0141,1.7123,-1.4486
139.633,6,-35.9968,1.7092,-1.4502
139.651,6,-35.9796,1.7054,-1.4520
139.667,6,-35.9710,1.7030,-1.4530
139.682,6,-35.9624,1.7005,-1.4542
139.699,6,-35.9453,1.6964,-1.4562
139.714,6,-35.9366,1.6948,-1.4575
139.730,6,-35.9197,1.6922,-1.4599
139.746,6,-35.9112,1.6910,-1.4613
139.763,6,-35.8943,1.6882,-1.4637
139.778,6,-35.8860,1.6871,-1.4649
139.793,6,-35.8776,1.6863,-1.4663
139.810,6,-35.8607,1.6861,-1.4691
139.824,6,-35.8523,1.6878,-1.4706
139.839,6,-35.8358,1.6900,-1.4735
139.855,6,-35.8275,1.6922,-1.4749
139.870,6,-35.8194,1.6942,-1.4763
139.885,6,-35.8113,1.6958,-1.4778
139.900,6,-35.7948,1.6982,-1.4805
139.915,6,-35.7867,1.6992,-1.4819
139.930,6,-35.7702,1.7015,-1.4846
139.944,6,-35.7621,1.7031,-1.4858
139.959,6,-35.7540,1.7047,-1.4868
139.974,6,-35.7378,1.7074,-1.4890
139.989,6,-35.7298,1.7087,-1.4898
140.003,6,-35.7219,1.7101,-1.4908
140.018,6,-35.7061,1.7134,-1.4929
140.033,6,-35.6983,1.7150,-1.4937
140.049,6,-35.6907,1.7161,-1.4943
140.064,6,-35.6753,1.7183,-1.4959
140.079,6,-35.6676,1.7188,-1.4965
140.094,6,-35.6602,1.7191,-1.4971
140.109,6,-35.6450,1.7200,-1.4983
140.124,6,-35.6375,1.7200,-1.4987
140.140,6,-35.6226,1.7201,-1.4997
140.154,6,-35.6154,1.7196,-1.5000
140.172,6,-35.6082,1.7189,-1.5002
140.187,6,-35.5936,1.7180,-1.5007
140.202,6,-35.5865,1.7170,-1.5010
140.218,6,-35.5725,1.7152,-1.5015
140.233,6,-35.5656,1.7138,-1.5016
140.249,6,-35.5587,1.7123,-1.5015
140.264,6,-35.5448,1.7097,-1.5016
140.280,6,-35.5381,1.7082,-1.5017
140.299,6,-35.5248,1.7057,-1.5018
140.313,6,-35.5184,1.7044,-1.5016
140.329,6,-35.5052,1.7019,-1.5014
140.343,6,-35.4988,1.7008,-1.5012
140.358,6,-35.4926,1.6998,-1.5010
140.374,6,-35.4800,1.6981,-1.5004
140.390,6,-35.4740,1.6979,-1.4999
140.405,6,-35.4618,1.6978,-1.4992
140.419,6,-35.4561,1.6991,-1.4989
140.437,6,-35.4505,1.7009,-1.4985
140.453,6,-35.4392,1.7032,-1.4978
140.468,6,-35.4338,1.7045,-1.4977
140.482,6,-35.4283,1.7053,-1.4974
140.496,6,-35.4174,1.7068,-1.4970
140.511,6,-35.4122,1.7077,-1.4970
140.525,6,-35.4072,1.7084,-1.4969
140.540,6,-35.3968,1.7096,-1.4966
140.556,6,-35.3921,1.7099,-1.4966
140.571,6,-35.3874,1.7104,-1.4967
140.586,6,-35.3779,1.7119,-1.4969
140.601,6,-35.3735,1.7129,-1.4971
140.617,6,-35.3692,1.7140,-1.4974
140.631,6,-35.3608,1.7156,-1.4982
140.645,6,-35.3569,1.7163,-1.4986
140.660,6,-35.3530,1.7171,-1.4990
140.675,6,-35.3451,1.7189,-1.4998
140.690,6,-35.3415,1.7197,-1.5003
140.705,6,-35.3341,1.7211,-1.5009
140.721,6,-35.3311,1.7215,-1.5016
140.735,6,-35.3281,1.7217,-1.5022
140.750,6,-35.3216,1.7226,-1.5034
140.766,6,-35.3188,1.7226,-1.5039
140.780,6,-35.3161,1.7227,-1.5049
140.796,6,-35.3107,1.7228,-1.5066
140.811,6,-35.3083,1.7223,-1.5075
140.827,6,-35.3033,1.7216,-1.5087
140.842,6,-35.3012,1.7207,-1.5091
140.860,6,-35.2993,1.7205,-1.5098
140.876,6,-35.2950,1.7211,-1.5109
140.891,6,-35.2933,1.7222,-1.5119
140.910,6,-35.2895,1.7235,-1.5129
140.928,6,-35.2860,1.7244,-1.5138
140.941,6,-35.2844,1.7248,-1.5141
140.957,6,-35.2833,1.7252,-1.5146
140.972,6,-35.2820,1.7256,-1.5148
140.987,6,-35.2792,1.7263,-1.5153
141.001,6,-35.2783,1.7262,-1.5157
141.016,6,-35.2760,1.7263,-1.5160
141.031,6,-35.2751,1.7260,-1.5164
141.050,6,-35.2742,1.7256,-1.5167
141.070,6,-35.2721,1.7251,-1.5167
141.085,6,-35.2701,1.7245,-1.5166
141.100,6,-35.2693,1.7240,-1.5170
141.114,6,-35.2685,1.7232,-1.5169
141.129,6,-35.2669,1.7217,-1.5167
141.144,6,-35.2662,1.7206,-1.5164
141.160,6,-35.2648,1.7188,-1.5163
141.174,6,-35.2642,1.7180,-1.5163
141.190,6,-35.2636,1.7179,-1.5161
141.205,6,-35.2630,1.7183,-1.5160
141.221,6,-35.2620,1.7187,-1.5161
141.235,6,-35.2616,1.7193,-1.5160
141.250,6,-35.2608,1.7197,-1.5160
141.265,6,-35.2604,1.7197,-1.5156
141.280,6,-35.2602,1.7197,-1.5155
141.300,6,-35.2596,1.7198,-1.5156
141.320,6,-35.2589,1.7199,-1.5154
141.335,6,-35.2586,1.7197,-1.5155
141.354,6,-35.2578,1.7193,-1.5156
141.372,6,-35.2575,1.7190,-1.5152
141.392,6,-35.2570,1.7187,-1.5152
141.407,6,-35.2565,1.7184,-1.5150
141.422,6,-35.2562,1.7182,-1.5148
141.438,6,-35.2557,1.7181,-1.5150
141.453,6,-35.2555,1.7183,-1.5153
141.468,6,-35.2554,1.7185,-1.5157
141.484,6,-35.2549,1.7188,-1.5157
141.500,6,-35.2547,1.7191,-1.5160
141.514,6,-35.2545,1.7194,-1.5165
141.530,6,-35.2542,1.7194,-1.5166

# --- Trial 7 start ---
151.130,7,-39.4917,1.6914,-1.2711
151.214,7,-39.4922,1.6919,-1.2684
151.249,7,-39.4922,1.6919,-1.2672
151.266,7,-39.4922,1.6918,-1.2665
151.286,7,-39.4920,1.6918,-1.2657
151.302,7,-39.4919,1.6918,-1.2648
151.317,7,-39.4918,1.6918,-1.2643
151.334,7,-39.4917,1.6920,-1.2634
151.350,7,-39.4915,1.6921,-1.2629
151.366,7,-39.4914,1.6922,-1.2624
151.380,7,-39.4910,1.6925,-1.2614
151.395,7,-39.4907,1.6928,-1.2608
151.411,7,-39.4902,1.6933,-1.2597
151.427,7,-39.4899,1.6935,-1.2591
151.443,7,-39.4893,1.6940,-1.2579
151.458,7,-39.4889,1.6942,-1.2572
151.473,7,-39.4886,1.6946,-1.2562
151.490,7,-39.4879,1.6951,-1.2548
151.506,7,-39.4874,1.6954,-1.2541
151.520,7,-39.4869,1.6955,-1.2533
151.537,7,-39.4861,1.6958,-1.2519
151.554,7,-39.4856,1.6960,-1.2511
151.570,7,-39.4846,1.6964,-1.2496
151.586,7,-39.4841,1.6966,-1.2488
151.602,7,-39.4831,1.6970,-1.2473
151.620,7,-39.4824,1.6970,-1.2466
151.636,7,-39.4813,1.6970,-1.2451
151.652,7,-39.4808,1.6969,-1.2444
151.668,7,-39.4798,1.6966,-1.2431
151.684,7,-39.4793,1.6962,-1.2426
151.700,7,-39.4788,1.6957,-1.2421
151.717,7,-39.4779,1.6948,-1.2410
151.732,7,-39.4775,1.6941,-1.2407
151.748,7,-39.4766,1.6930,-1.2399
151.764,7,-39.4762,1.6926,-1.2397
151.780,7,-39.4753,1.6919,-1.2391
151.796,7,-39.4749,1.6916,-1.2390
151.813,7,-39.4740,1.6910,-1.2387
151.828,7,-39.4735,1.6909,-1.2389
151.845,7,-39.4725,1.6909,-1.2390
151.860,7,-39.4719,1.6909,-1.2392
151.876,7,-39.4713,1.6908,-1.2396
151.892,7,-39.4703,1.6908,-1.2400
151.908,7,-39.4699,1.6910,-1.2404
151.923,7,-39.4689,1.6911,-1.2410
151.940,7,-39.4684,1.6912,-1.2414
151.956,7,-39.4675,1.6913,-1.2423
151.971,7,-39.4670,1.6913,-1.2428
151.987,7,-39.4666,1.6912,-1.2434
152.004,7,-39.4657,1.6912,-1.2445
152.021,7,-39.4651,1.6911,-1.2452
152.037,7,-39.4640,1.6911,-1.2465
152.053,7,-39.4634,1.6908,-1.2473
152.073,7,-39.4620,1.6905,-1.2488
152.091,7,-39.4605,1.6903,-1.2504
152.107,7,-39.4596,1.6901,-1.2513
152.123,7,-39.4579,1.6898,-1.2531
152.137,7,-39.4569,1.6897,-1.2541
152.153,7,-39.4558,1.6894,-1.2552
152.171,7,-39.4537,1.6892,-1.2572
152.191,7,-39.4514,1.6890,-1.2595
152.212,7,-39.4488,1.6888,-1.2620
152.230,7,-39.4474,1.6887,-1.2633
152.252,7,-39.4445,1.6883,-1.2659
152.272,7,-39.4415,1.6875,-1.2687
152.288,7,-39.4385,1.6859,-1.2717
152.306,7,-39.4369,1.6836,-1.2734
152.322,7,-39.4353,1.6820,-1.2749
152.343,7,-39.4287,1.6896,-1.2804
152.361,7,-39.4267,1.6904,-1.2821
152.377,7,-39.4220,1.6897,-1.2852
152.393,7,-39.4195,1.6896,-1.2871
152.409,7,-39.4169,1.6896,-1.2889
152.428,7,-39.4121,1.6902,-1.2921
152.446,7,-39.4091,1.6899,-1.2936
152.463,7,-39.4036,1.6889,-1.2966
152.480,7,-39.3977,1.6873,-1.2996
152.496,7,-39.3943,1.6863,-1.3007
152.514,7,-39.3881,1.6856,-1.3034
152.531,7,-39.3846,1.6852,-1.3046
152.548,7,-39.3777,1.6842,-1.3070
152.564,7,-39.3737,1.6838,-1.3081
152.581,7,-39.3658,1.6836,-1.3099
152.597,7,-39.3614,1.6841,-1.3107
152.615,7,-39.3527,1.6841,-1.3124
152.632,7,-39.3478,1.6840,-1.3129
152.651,7,-39.3382,1.6834,-1.3142
152.673,7,-39.3280,1.6826,-1.3151
152.695,7,-39.3174,1.6815,-1.3162
152.712,7,-39.3069,1.6798,-1.3169
152.729,7,-39.3012,1.6784,-1.3170
152.746,7,-39.2899,1.6763,-1.3175
152.763,7,-39.2837,1.6753,-1.3177
152.780,7,-39.2720,1.6731,-1.3179
152.797,7,-39.2657,1.6716,-1.3177
152.818,7,-39.2530,1.6693,-1.3175
152.837,7,-39.2400,1.6676,-1.3173
152.853,7,-39.2332,1.6668,-1.3168
152.870,7,-39.2200,1.6652,-1.3162
152.887,7,-39.2131,1.6645,-1.3154
152.903,7,-39.1995,1.6633,-1.3144
152.920,7,-39.1920,1.6634,-1.3138
152.937,7,-39.1779,1.6637,-1.3124
152.953,7,-39.1705,1.6652,-1.3117
152.970,7,-39.1561,1.6680,-1.3102
152.985,7,-39.1486,1.6706,-1.3094
153.001,7,-39.1338,1.6745,-1.3081
153.017,7,-39.1262,1.6763,-1.3074
153.033,7,-39.1116,1.6790,-1.3061
153.049,7,-39.1045,1.6794,-1.3055
153.066,7,-39.0895,1.6809,-1.3045
153.082,7,-39.0814,1.6821,-1.3045
153.097,7,-39.0736,1.6834,-1.3043
153.113,7,-39.0580,1.6861,-1.3041
153.129,7,-39.0502,1.6876,-1.3041
153.145,7,-39.0344,1.6901,-1.3043
153.162,7,-39.0262,1.6907,-1.3046
153.178,7,-39.0101,1.6918,-1.3047
153.194,7,-39.0019,1.6918,-1.3047
153.210,7,-38.9858,1.6919,-1.3049
153.225,7,-38.9776,1.6914,-1.3053
153.242,7,-38.9691,1.6905,-1.3058
153.258,7,-38.9524,1.6891,-1.3065
153.273,7,-38.9439,1.6875,-1.3071
153.290,7,-38.9270,1.6852,-1.3081
153.304,7,-38.9184,1.6838,-1.3089
153.319,7,-38.9096,1.6822,-1.3099
153.336,7,-38.8924,1.6790,-1.3114
153.351,7,-38.8835,1.6771,-1.3124
153.368,7,-38.8660,1.6730,-1.3143
153.385,7,-38.8572,1.6709,-1.3157
153.401,7,-38.8394,1.6678,-1.3182
153.417,7,-38.8303,1.6668,-1.3196
153.434,7,-38.8125,1.6648,-1.3221
153.450,7,-38.8036,1.6640,-1.3236
153.467,7,-38.7855,1.6626,-1.3266
153.487,7,-38.7762,1.6638,-1.3284
153.506,7,-38.7576,1.6664,-1.3316
153.523,7,-38.7391,1.6712,-1.3348
153.538,7,-38.7298,1.6733,-1.3363
153.554,7,-38.7204,1.6750,-1.3379
153.571,7,-38.7023,1.6776,-1.3408
153.588,7,-38.6933,1.6784,-1.3418
153.608,7,-38.6655,1.6825,-1.3456
153.627,7,-38.6557,1.6847,-1.3465
153.645,7,-38.6365,1.6879,-1.3486
153.662,7,-38.6269,1.6899,-1.3494
153.685,7,-38.6073,1.6927,-1.3511
153.705,7,-38.5875,1.6945,-1.3527
153.724,7,-38.5679,1.6954,-1.3542
153.739,7,-38.5584,1.6947,-1.3546
153.762,7,-38.5388,1.6938,-1.3558
153.781,7,-38.5191,1.6923,-1.3569
153.798,7,-38.4992,1.6904,-1.3578
153.815,7,-38.4894,1.6883,-1.3580
153.832,7,-38.4697,1.6853,-1.3588
153.848,7,-38.4598,1.6830,-1.3586
153.864,7,-38.4496,1.6810,-1.3587
153.881,7,-38.4297,1.6772,-1.3587
153.897,7,-38.4200,1.6747,-1.3584
153.914,7,-38.4002,1.6708,-1.3583
153.930,7,-38.3899,1.6692,-1.3580
153.946,7,-38.3692,1.6666,-1.3576
153.962,7,-38.3588,1.6663,-1.3570
153.978,7,-38.3384,1.6644,-1.3560
153.995,7,-38.3288,1.6646,-1.3546
154.011,7,-38.3185,1.6655,-1.3539
154.027,7,-38.2975,1.6675,-1.3529
154.044,7,-38.2869,1.6708,-1.3522
154.060,7,-38.2660,1.6751,-1.3510
154.076,7,-38.2559,1.6775,-1.3504
154.092,7,-38.2354,1.6809,-1.3496
154.108,7,-38.2253,1.6817,-1.3491
154.124,7,-38.2046,1.6839,-1.3483
154.140,7,-38.1944,1.6855,-1.3482
154.156,7,-38.1739,1.6891,-1.3479
154.172,7,-38.1636,1.6912,-1.3482
154.188,7,-38.1429,1.6950,-1.3483
154.203,7,-38.1328,1.6966,-1.3487
154.218,7,-38.1230,1.6975,-1.3488
154.235,7,-38.1027,1.6994,-1.3492
154.250,7,-38.0925,1.6995,-1.3495
154.267,7,-38.0720,1.7003,-1.3501
154.281,7,-38.0621,1.6999,-1.3503
154.297,7,-38.0519,1.6991,-1.3505
154.314,7,-38.0313,1.6982,-1.3512
154.330,7,-38.0209,1.6972,-1.3517
154.346,7,-38.0003,1.6953,-1.3527
154.361,7,-37.9901,1.6939,-1.3534
154.376,7,-37.9695,1.6909,-1.3546
154.393,7,-37.9589,1.6884,-1.3554
154.408,7,-37.9381,1.6844,-1.3569
154.423,7,-37.9277,1.6818,-1.3580
154.441,7,-37.9171,1.6791,-1.3592
154.460,7,-37.8962,1.6747,-1.3613
154.476,7,-37.8857,1.6731,-1.3627
154.491,7,-37.8650,1.6705,-1.3651
154.506,7,-37.8546,1.6700,-1.3666
154.521,7,-37.8341,1.6678,-1.3690
154.536,7,-37.8237,1.6670,-1.3705
154.551,7,-37.8134,1.6673,-1.3720
154.569,7,-37.7926,1.6694,-1.3750
154.585,7,-37.7823,1.6728,-1.3766
154.601,7,-37.7617,1.6764,-1.3794
154.616,7,-37.7513,1.6784,-1.3808
154.633,7,-37.7306,1.6807,-1.3835
154.651,7,-37.7202,1.6812,-1.3848
154.669,7,-37.6994,1.6838,-1.3875
154.684,7,-37.6888,1.6862,-1.3886
154.707,7,-37.6678,1.6899,-1.3907
154.727,7,-37.6468,1.6937,-1.3926
154.747,7,-37.6258,1.6977,-1.3946
154.762,7,-37.6152,1.6991,-1.3954
154.778,7,-37.5944,1.7014,-1.3970
154.795,7,-37.5839,1.7017,-1.3978
154.810,7,-37.5735,1.7017,-1.3986
154.827,7,-37.5528,1.7017,-1.4001
154.844,7,-37.5424,1.7006,-1.4009
154.860,7,-37.5215,1.6990,-1.4024
154.876,7,-37.5109,1.6973,-1.4031
154.893,7,-37.4897,1.6945,-1.4043
154.909,7,-37.4790,1.6923,-1.4048
154.925,7,-37.4579,1.6887,-1.4060
154.941,7,-37.4472,1.6861,-1.4065
154.959,7,-37.4260,1.6813,-1.4074
154.975,7,-37.4152,1.6786,-1.4077
154.990,7,-37.3943,1.6742,-1.4082
155.007,7,-37.3838,1.6727,-1.4083
155.024,7,-37.3627,1.6697,-1.4086
155.040,7,-37.3518,1.6691,-1.4086
155.057,7,-37.3301,1.6672,-1.4088
155.073,7,-37.3192,1.6674,-1.4086
155.093,7,-37.2973,1.6684,-1.4085
155.112,7,-37.2753,1.6733,-1.4085
155.129,7,-37.2643,1.6764,-1.4084
155.146,7,-37.2424,1.6812,-1.4081
155.167,7,-37.2211,1.6852,-1.4081
155.186,7,-37.2106,1.6862,-1.4081
155.208,7,-37.1895,1.6893,-1.4085
155.226,7,-37.1684,1.6931,-1.4090
155.243,7,-37.1473,1.6966,-1.4097
155.259,7,-37.1367,1.6985,-1.4102
155.275,7,-37.1262,1.7005,-1.4111
155.292,7,-37.1050,1.7039,-1.4122
155.307,7,-37.0945,1.7048,-1.4127
155.325,7,-37.0735,1.7064,-1.4137
155.341,7,-37.0633,1.7061,-1.4141
155.357,7,-37.0425,1.7062,-1.4149
155.373,7,-37.0321,1.7053,-1.4153
155.388,7,-37.0110,1.7043,-1.4163
155.403,7,-37.0011,1.7027,-1.4170
155.418,7,-36.9906,1.7012,-1.4176
155.434,7,-36.9694,1.6984,-1.4188
155.448,7,-36.9591,1.6964,-1.4194
155.463,7,-36.9488,1.6941,-1.4202
155.479,7,-36.9280,1.6897,-1.4217
155.497,7,-36.9074,1.6846,-1.4233
155.516,7,-36.8970,1.6818,-1.4245
155.533,7,-36.8760,1.6779,-1.4266
155.548,7,-36.8656,1.6769,-1.4278
155.565,7,-36.8552,1.6760,-1.4291
155.585,7,-36.8345,1.6734,-1.4314
155.602,7,-36.8137,1.6715,-1.4338
155.617,7,-36.8033,1.6724,-1.4351
155.632,7,-36.7822,1.6746,-1.4376
155.648,7,-36.7716,1.6779,-1.4388
155.668,7,-36.7610,1.6808,-1.4400
155.688,7,-36.7296,1.6859,-1.4437
155.702,7,-36.7194,1.6872,-1.4447
155.719,7,-36.7090,1.6883,-1.4454
155.734,7,-36.6883,1.6914,-1.4473
155.749,7,-36.6781,1.6935,-1.4480
155.765,7,-36.6679,1.6954,-1.4486
155.786,7,-36.6473,1.6990,-1.4499
155.806,7,-36.6267,1.7034,-1.4512
155.826,7,-36.6059,1.7070,-1.4522
155.846,7,-36.5852,1.7093,-1.4531
155.862,7,-36.5750,1.7097,-1.4535
155.878,7,-36.5649,1.7097,-1.4539
155.894,7,-36.5448,1.7100,-1.4546
155.909,7,-36.5350,1.7089,-1.4549
155.925,7,-36.5149,1.7079,-1.4556
155.941,7,-36.5051,1.7065,-1.4558
155.957,7,-36.4851,1.7044,-1.4562
155.972,7,-36.4752,1.7028,-1.4555
155.987,7,-36.4553,1.6996,-1.4557
156.003,7,-36.4454,1.6973,-1.4558
156.020,7,-36.4354,1.6947,-1.4558
156.036,7,-36.4155,1.6900,-1.4557
156.050,7,-36.4055,1.6878,-1.4555
156.065,7,-36.3856,1.6843,-1.4550
156.080,7,-36.3757,1.6837,-1.4543
156.095,7,-36.3657,1.6829,-1.4539
156.111,7,-36.3456,1.6806,-1.4529
156.126,7,-36.3356,1.6803,-1.4523
156.142,7,-36.3257,1.6810,-1.4518
156.158,7,-36.3057,1.6828,-1.4508
156.174,7,-36.2956,1.6857,-1.4502
156.189,7,-36.2758,1.6889,-1.4491
156.205,7,-36.2660,1.6913,-1.4486
156.221,7,-36.2464,1.6949,-1.4476
156.236,7,-36.2368,1.6963,-1.4473
156.252,7,-36.2279,1.6973,-1.4473
156.269,7,-36.2087,1.6997,-1.4468
156.284,7,-36.1992,1.7013,-1.4468
156.300,7,-36.1799,1.7049,-1.4468
156.318,7,-36.1703,1.7075,-1.4471
156.333,7,-36.1511,1.7119,-1.4475
156.348,7,-36.1417,1.7139,-1.4481
156.364,7,-36.1228,1.7169,-1.4486
156.379,7,-36.1135,1.7175,-1.4490
156.396,7,-36.1042,1.7179,-1.4492
156.413,7,-36.0854,1.7189,-1.4497
156.434,7,-36.0666,1.7189,-1.4502
156.454,7,-36.0480,1.7183,-1.4510
156.477,7,-36.0292,1.7166,-1.4521
156.500,7,-36.0103,1.7146,-1.4533
156.515,7,-36.0009,1.7130,-1.4542
156.530,7,-35.9915,1.7111,-1.4551
156.545,7,-35.9727,1.7079,-1.4567
156.560,7,-35.9633,1.7052,-1.4578
156.575,7,-35.9541,1.7028,-1.4588
156.590,7,-35.9355,1.6984,-1.4610
156.610,7,-35.9169,1.6950,-1.4633
156.627,7,-35.9086,1.6942,-1.4646
156.643,7,-35.8904,1.6912,-1.4672
156.659,7,-35.8814,1.6897,-1.4684
156.674,7,-35.8721,1.6882,-1.4698
156.690,7,-35.8540,1.6865,-1.4725
156.707,7,-35.8449,1.6886,-1.4739
156.724,7,-35.8273,1.6913,-1.4765
156.740,7,-35.8185,1.6933,-1.4778
156.755,7,-35.8008,1.6962,-1.4804
156.773,7,-35.7922,1.6982,-1.4818
156.790,7,-35.7749,1.7007,-1.4841
156.804,7,-35.7664,1.7016,-1.4851
156.818,7,-35.7580,1.7027,-1.4862
156.833,7,-35.7413,1.7056,-1.4882
156.849,7,-35.7329,1.7074,-1.4888
156.865,7,-35.7163,1.7103,-1.4903
156.879,7,-35.7083,1.7120,-1.4911
156.897,7,-35.7003,1.7138,-1.4918
156.911,7,-35.6841,1.7166,-1.4933
156.925,7,-35.6763,1.7174,-1.4938
156.940,7,-35.6685,1.7177,-1.4945
156.955,7,-35.6530,1.7188,-1.4957
156.970,7,-35.6454,1.7187,-1.4961
156.984,7,-35.6379,1.7185,-1.4965
156.999,7,-35.6229,1.7184,-1.4976
157.014,7,-35.6156,1.7179,-1.4980
157.029,7,-35.6085,1.7172,-1.4984
157.043,7,-35.5938,1.7162,-1.4989
157.057,7,-35.5868,1.7150,-1.4990
157.072,7,-35.5797,1.7138,-1.4992
157.088,7,-35.5654,1.7119,-1.4996
157.101,7,-35.5586,1.7104,-1.4997
157.119,7,-35.5518,1.7087,-1.4998
157.135,7,-35.5384,1.7058,-1.4997
157.150,7,-35.5318,1.7046,-1.4998
157.166,7,-35.5186,1.7026,-1.4996
157.180,7,-35.5125,1.7019,-1.4994
157.195,7,-35.5063,1.7010,-1.4991
157.210,7,-35.4938,1.6992,-1.4984
157.226,7,-35.4876,1.6988,-1.4979
157.240,7,-35.4818,1.6986,-1.4974
157.256,7,-35.4760,1.6990,-1.4970
157.271,7,-35.4642,1.6998,-1.4960
157.287,7,-35.4587,1.7009,-1.4952
157.303,7,-35.4472,1.7031,-1.4942
157.319,7,-35.4418,1.7046,-1.4939
157.334,7,-35.4310,1.7063,-1.4931
157.350,7,-35.4262,1.7072,-1.4931
157.367,7,-35.4159,1.7087,-1.4923
157.383,7,-35.4112,1.7090,-1.4919
157.399,7,-35.4014,1.7102,-1.4915
157.413,7,-35.3967,1.7107,-1.4912
157.429,7,-35.3922,1.7112,-1.4909
157.445,7,-35.3828,1.7124,-1.4905
157.462,7,-35.3787,1.7132,-1.4905
157.477,7,-35.3700,1.7146,-1.4901
157.492,7,-35.3661,1.7153,-1.4902
157.508,7,-35.3623,1.7159,-1.4903
157.523,7,-35.3544,1.7174,-1.4902
157.537,7,-35.3509,1.7184,-1.4903
157.553,7,-35.3434,1.7201,-1.4908
157.569,7,-35.3399,1.7208,-1.4910
157.584,7,-35.3367,1.7214,-1.4916
157.601,7,-35.3300,1.7227,-1.4922
157.620,7,-35.3236,1.7232,-1.4932
157.639,7,-35.3208,1.7233,-1.4939
157.657,7,-35.3150,1.7237,-1.4951
157.673,7,-35.3124,1.7235,-1.4954
157.689,7,-35.3072,1.7231,-1.4960
157.708,7,-35.3052,1.7224,-1.4968
157.728,7,-35.3006,1.7216,-1.4974
157.744,7,-35.2961,1.7213,-1.4982
157.759,7,-35.2944,1.7213,-1.4996
157.779,7,-35.2903,1.7213,-1.5000
157.796,7,-35.2866,1.7213,-1.5009
157.812,7,-35.2849,1.7213,-1.5010
157.828,7,-35.2834,1.7213,-1.5014
157.844,7,-35.2819,1.7214,-1.5021
157.864,7,-35.2787,1.7217,-1.5029
157.882,7,-35.2758,1.7215,-1.5043
157.898,7,-35.2729,1.7210,-1.5055
157.912,7,-35.2718,1.7204,-1.5064
157.927,7,-35.2704,1.7199,-1.5066
157.943,7,-35.2680,1.7190,-1.5078
157.958,7,-35.2670,1.7185,-1.5084
157.973,7,-35.2649,1.7175,-1.5096
157.987,7,-35.2639,1.7169,-1.5099
158.006,7,-35.2631,1.7166,-1.5106
158.021,7,-35.2613,1.7160,-1.5117
158.036,7,-35.2606,1.7158,-1.5124
158.050,7,-35.2598,1.7155,-1.5128
158.065,7,-35.2591,1.7153,-1.5135
158.084,7,-35.2575,1.7149,-1.5145
158.101,7,-35.2561,1.7148,-1.5155
158.115,7,-35.2555,1.7150,-1.5163
158.131,7,-35.2542,1.7149,-1.5170
158.144,7,-35.2536,1.7148,-1.5174
158.160,7,-35.2532,1.7148,-1.5182
158.179,7,-35.2522,1.7148,-1.5193
158.196,7,-35.2516,1.7148,-1.5197
158.212,7,-35.2507,1.7150,-1.5207
158.226,7,-35.2502,1.7151,-1.5209
158.241,7,-35.2493,1.7152,-1.5214

# --- Trial 8 start ---
168.121,8,-39.7393,1.6936,-1.2992
168.208,8,-39.7380,1.6932,-1.2955
168.233,8,-39.7375,1.6929,-1.2939
168.252,8,-39.7373,1.6929,-1.2934
168.269,8,-39.7368,1.6928,-1.2922
168.288,8,-39.7365,1.6926,-1.2911
168.310,8,-39.7363,1.6924,-1.2905
168.326,8,-39.7359,1.6924,-1.2894
168.341,8,-39.7353,1.6923,-1.2882
168.355,8,-39.7350,1.6922,-1.2876
168.370,8,-39.7348,1.6922,-1.2870
168.385,8,-39.7341,1.6920,-1.2858
168.401,8,-39.7339,1.6920,-1.2852
168.416,8,-39.7333,1.6919,-1.2839
168.432,8,-39.7330,1.6918,-1.2834
168.447,8,-39.7326,1.6916,-1.2827
168.464,8,-39.7319,1.6912,-1.2816
168.484,8,-39.7312,1.6908,-1.2805
168.501,8,-39.7307,1.6903,-1.2801
168.517,8,-39.7299,1.6890,-1.2793
168.533,8,-39.7294,1.6881,-1.2790
168.550,8,-39.7281,1.6873,-1.2784
168.566,8,-39.7272,1.6880,-1.2783
168.583,8,-39.7258,1.6887,-1.2780
168.601,8,-39.7252,1.6887,-1.2780
168.621,8,-39.7239,1.6892,-1.2780
168.639,8,-39.7225,1.6900,-1.2782
168.655,8,-39.7217,1.6905,-1.2783
168.671,8,-39.7201,1.6914,-1.2785
168.686,8,-39.7194,1.6918,-1.2787
168.703,8,-39.7178,1.6923,-1.2791
168.718,8,-39.7171,1.6922,-1.2794
168.733,8,-39.7165,1.6920,-1.2797
168.750,8,-39.7151,1.6919,-1.2804
168.767,8,-39.7145,1.6917,-1.2808
168.784,8,-39.7130,1.6914,-1.2817
168.799,8,-39.7120,1.6911,-1.2822
168.815,8,-39.7103,1.6908,-1.2833
168.832,8,-39.7093,1.6906,-1.2840
168.848,8,-39.7074,1.6903,-1.2852
168.865,8,-39.7064,1.6901,-1.2860
168.882,8,-39.7042,1.6898,-1.2873
168.896,8,-39.7032,1.6894,-1.2879
168.912,8,-39.7018,1.6892,-1.2890
168.929,8,-39.6993,1.6888,-1.2907
168.946,8,-39.6977,1.6885,-1.2918
168.962,8,-39.6950,1.6877,-1.2937
168.977,8,-39.6933,1.6871,-1.2949
168.993,8,-39.6903,1.6857,-1.2970
169.008,8,-39.6887,1.6841,-1.2982
169.024,8,-39.6873,1.6817,-1.2994
169.039,8,-39.6837,1.6816,-1.3018
169.055,8,-39.6813,1.6875,-1.3034
169.071,8,-39.6780,1.6895,-1.3059
169.086,8,-39.6756,1.6879,-1.3071
169.103,8,-39.6736,1.6859,-1.3084
169.119,8,-39.6694,1.6841,-1.3111
169.136,8,-39.6674,1.6834,-1.3123
169.150,8,-39.6631,1.6825,-1.3149
169.166,8,-39.6607,1.6822,-1.3161
169.185,8,-39.6558,1.6810,-1.3187
169.202,8,-39.6530,1.6803,-1.3198
169.218,8,-39.6480,1.6791,-1.3222
169.235,8,-39.6451,1.6786,-1.3232
169.252,8,-39.6393,1.6781,-1.3256
169.268,8,-39.6357,1.6782,-1.3266
169.285,8,-39.6291,1.6778,-1.3286
169.301,8,-39.6252,1.6782,-1.3295
169.318,8,-39.6179,1.6785,-1.3313
169.334,8,-39.6138,1.6787,-1.3320
169.356,8,-39.6016,1.6782,-1.3342
169.376,8,-39.5970,1.6777,-1.3344
169.397,8,-39.5880,1.6770,-1.3356
169.415,8,-39.5789,1.6759,-1.3366
169.432,8,-39.5739,1.6752,-1.3369
169.448,8,-39.5641,1.6738,-1.3376
169.464,8,-39.5587,1.6728,-1.3378
169.482,8,-39.5482,1.6715,-1.3380
169.498,8,-39.5425,1.6706,-1.3378
169.513,8,-39.5313,1.6692,-1.3378
169.530,8,-39.5251,1.6685,-1.3376
169.545,8,-39.5188,1.6679,-1.3372
169.562,8,-39.5065,1.6667,-1.3367
169.578,8,-39.4999,1.6662,-1.3362
169.594,8,-39.4874,1.6649,-1.3353
169.615,8,-39.4747,1.6634,-1.3339
169.634,8,-39.4681,1.6627,-1.3331
169.651,8,-39.4551,1.6611,-1.3316
169.668,8,-39.4418,1.6595,-1.3298
169.684,8,-39.4349,1.6590,-1.3288
169.705,8,-39.4277,1.6598,-1.3279
169.724,8,-39.4064,1.6615,-1.3253
169.742,8,-39.3990,1.6638,-1.3242
169.758,8,-39.3916,1.6657,-1.3234
169.775,8,-39.3772,1.6687,-1.3217
169.792,8,-39.3695,1.6705,-1.3211
169.810,8,-39.3548,1.6729,-1.3197
169.827,8,-39.3474,1.6731,-1.3190
169.844,8,-39.3325,1.6751,-1.3180
169.861,8,-39.3174,1.6776,-1.3176
169.878,8,-39.3095,1.6793,-1.3175
169.894,8,-39.2941,1.6821,-1.3172
169.910,8,-39.2863,1.6833,-1.3172
169.926,8,-39.2785,1.6841,-1.3173
169.943,8,-39.2631,1.6858,-1.3175
169.960,8,-39.2552,1.6861,-1.3176
169.977,8,-39.2394,1.6868,-1.3179
169.993,8,-39.2235,1.6869,-1.3181
170.009,8,-39.2153,1.6864,-1.3184
170.023,8,-39.1832,1.6858,-1.3198
170.045,8,-39.1664,1.6833,-1.3212
170.069,8,-39.1497,1.6807,-1.3224
170.090,8,-39.1327,1.6776,-1.3243
170.112,8,-39.1153,1.6733,-1.3270
170.135,8,-39.0979,1.6681,-1.3298
170.164,8,-39.0805,1.6633,-1.3328
170.185,8,-39.0628,1.6615,-1.3361
170.207,8,-39.0455,1.6604,-1.3394
170.224,8,-39.0278,1.6588,-1.3426
170.245,8,-39.0097,1.6581,-1.3460
170.269,8,-38.9913,1.6623,-1.3498
170.291,8,-38.9727,1.6698,-1.3533
170.312,8,-38.9540,1.6748,-1.3564
170.335,8,-38.9353,1.6797,-1.3597
170.365,8,-38.9164,1.6817,-1.3624
170.387,8,-38.8977,1.6853,-1.3650
170.404,8,-38.8788,1.6887,-1.3673
170.433,8,-38.8590,1.6918,-1.3689
170.455,8,-38.8395,1.6952,-1.3707
170.471,8,-38.8203,1.6975,-1.3726
170.495,8,-38.8012,1.6971,-1.3737
170.525,8,-38.7821,1.6952,-1.3747
170.546,8,-38.7727,1.6928,-1.3749
170.564,8,-38.7531,1.6904,-1.3758
170.585,8,-38.7334,1.6865,-1.3764
170.603,8,-38.7137,1.6827,-1.3767
170.618,8,-38.7036,1.6803,-1.3768
170.635,8,-38.6936,1.6780,-1.3767
170.654,8,-38.6735,1.6734,-1.3766
170.674,8,-38.6536,1.6683,-1.3762
170.693,8,-38.6438,1.6657,-1.3756
170.711,8,-38.6239,1.6621,-1.3749
170.728,8,-38.6035,1.6600,-1.3741
170.745,8,-38.5933,1.6599,-1.3735
170.762,8,-38.5726,1.6583,-1.3722
170.779,8,-38.5621,1.6587,-1.3713
170.796,8,-38.5410,1.6598,-1.3703
170.813,8,-38.5302,1.6631,-1.3696
170.830,8,-38.5090,1.6678,-1.3684
170.846,8,-38.4876,1.6722,-1.3671
170.862,8,-38.4773,1.6747,-1.3665
170.879,8,-38.4671,1.6761,-1.3662
170.895,8,-38.4468,1.6779,-1.3655
170.912,8,-38.4367,1.6789,-1.3653
170.927,8,-38.4164,1.6822,-1.3649
170.942,8,-38.4061,1.6842,-1.3650
170.958,8,-38.3955,1.6864,-1.3653
170.975,8,-38.3746,1.6905,-1.3658
170.992,8,-38.3640,1.6926,-1.3665
171.008,8,-38.3433,1.6953,-1.3672
171.025,8,-38.3332,1.6956,-1.3678
171.041,8,-38.3125,1.6967,-1.3687
171.058,8,-38.3023,1.6958,-1.3691
171.074,8,-38.2819,1.6953,-1.3699
171.090,8,-38.2612,1.6941,-1.3709
171.111,8,-38.2509,1.6920,-1.3715
171.132,8,-38.2403,1.6898,-1.3723
171.147,8,-38.2296,1.6880,-1.3732
171.164,8,-38.2087,1.6848,-1.3747
171.179,8,-38.1982,1.6825,-1.3756
171.195,8,-38.1770,1.6784,-1.3776
171.209,8,-38.1664,1.6759,-1.3787
171.225,8,-38.1560,1.6734,-1.3799
171.241,8,-38.1349,1.6691,-1.3822
171.256,8,-38.1242,1.6673,-1.3836
171.272,8,-38.1032,1.6644,-1.3863
171.290,8,-38.0929,1.6634,-1.3878
171.309,8,-38.0719,1.6610,-1.3908
171.326,8,-38.0509,1.6599,-1.3939
171.341,8,-38.0402,1.6614,-1.3957
171.356,8,-38.0292,1.6643,-1.3976
171.370,8,-38.0076,1.6675,-1.4010
171.386,8,-37.9967,1.6703,-1.4027
171.401,8,-37.9860,1.6720,-1.4043
171.416,8,-37.9647,1.6747,-1.4075
171.431,8,-37.9539,1.6758,-1.4088
171.447,8,-37.9329,1.6796,-1.4117
171.462,8,-37.9226,1.6822,-1.4128
171.480,8,-37.9122,1.6842,-1.4137
171.496,8,-37.8910,1.6881,-1.4160
171.510,8,-37.8807,1.6905,-1.4170
171.526,8,-37.8596,1.6946,-1.4192
171.540,8,-37.8494,1.6962,-1.4200
171.555,8,-37.8390,1.6970,-1.4208
171.571,8,-37.8184,1.6984,-1.4227
171.587,8,-37.8080,1.6980,-1.4236
171.603,8,-37.7872,1.6977,-1.4255
171.618,8,-37.7771,1.6965,-1.4262
171.633,8,-37.7666,1.6952,-1.4269
171.649,8,-37.7459,1.6935,-1.4285
171.665,8,-37.7354,1.6914,-1.4290
171.682,8,-37.7144,1.6886,-1.4304
171.698,8,-37.7040,1.6864,-1.4308
171.714,8,-37.6830,1.6824,-1.4319
171.734,8,-37.6726,1.6797,-1.4323
171.753,8,-37.6519,1.6751,-1.4329
171.769,8,-37.6417,1.6732,-1.4330
171.792,8,-37.6104,1.6687,-1.4336
171.810,8,-37.5997,1.6683,-1.4335
171.828,8,-37.5786,1.6669,-1.4335
171.844,8,-37.5681,1.6671,-1.4334
171.861,8,-37.5470,1.6668,-1.4331
171.875,8,-37.5363,1.6689,-1.4328
171.891,8,-37.5152,1.6725,-1.4327
171.907,8,-37.5048,1.6753,-1.4325
171.923,8,-37.4943,1.6776,-1.4324
171.938,8,-37.4737,1.6813,-1.4323
171.955,8,-37.4638,1.6823,-1.4324
171.973,8,-37.4430,1.6846,-1.4325
171.993,8,-37.4226,1.6882,-1.4332
172.012,8,-37.4120,1.6901,-1.4337
172.029,8,-37.3914,1.6938,-1.4345
172.044,8,-37.3811,1.6960,-1.4350
172.061,8,-37.3603,1.6998,-1.4364
172.076,8,-37.3500,1.7010,-1.4370
172.094,8,-37.3399,1.7015,-1.4376
172.114,8,-37.3090,1.7039,-1.4392
172.129,8,-37.2988,1.7036,-1.4397
172.145,8,-37.2887,1.7029,-1.4401
172.161,8,-37.2680,1.7022,-1.4414
172.178,8,-37.2577,1.7009,-1.4420
172.194,8,-37.2369,1.6989,-1.4434
172.210,8,-37.2266,1.6972,-1.4443
172.227,8,-37.2057,1.6942,-1.4461
172.241,8,-37.1955,1.6920,-1.4471
172.257,8,-37.1851,1.6893,-1.4482
172.274,8,-37.1643,1.6847,-1.4503
172.290,8,-37.1539,1.6822,-1.4515
172.308,8,-37.1328,1.6782,-1.4538
172.323,8,-37.1118,1.6749,-1.4563
172.339,8,-37.1013,1.6740,-1.4577
172.358,8,-37.0909,1.6732,-1.4591
172.373,8,-37.0702,1.6707,-1.4617
172.389,8,-37.0601,1.6706,-1.4633
172.404,8,-37.0392,1.6716,-1.4663
172.418,8,-37.0287,1.6749,-1.4680
172.433,8,-37.0184,1.6777,-1.4694
172.448,8,-36.9978,1.6817,-1.4721
172.462,8,-36.9876,1.6840,-1.4735
172.477,8,-36.9774,1.6856,-1.4747
172.492,8,-36.9674,1.6864,-1.4757
172.506,8,-36.9471,1.6888,-1.4778
172.521,8,-36.9370,1.6907,-1.4786
172.535,8,-36.9169,1.6942,-1.4805
172.549,8,-36.9069,1.6962,-1.4810
172.568,8,-36.8969,1.6982,-1.4817
172.583,8,-36.8769,1.7023,-1.4834
172.598,8,-36.8668,1.7042,-1.4841
172.615,8,-36.8467,1.7070,-1.4853
172.629,8,-36.8367,1.7078,-1.4858
172.645,8,-36.8267,1.7083,-1.4862
172.659,8,-36.8065,1.7094,-1.4873
172.679,8,-36.7861,1.7089,-1.4882
172.694,8,-36.7761,1.7078,-1.4886
172.709,8,-36.7659,1.7065,-1.4890
172.724,8,-36.7456,1.7046,-1.4895
172.738,8,-36.7353,1.7028,-1.4895
172.753,8,-36.7253,1.7009,-1.4894
172.768,8,-36.7153,1.6989,-1.4893
172.784,8,-36.6952,1.6956,-1.4894
172.799,8,-36.6851,1.6932,-1.4891
172.816,8,-36.6650,1.6888,-1.4888
172.831,8,-36.6550,1.6864,-1.4884
172.847,8,-36.6351,1.6826,-1.4877
172.862,8,-36.6251,1.6816,-1.4871
172.877,8,-36.6151,1.6808,-1.4866
172.894,8,-36.5950,1.6785,-1.4856
172.909,8,-36.5849,1.6779,-1.4849
172.925,8,-36.5649,1.6769,-1.4837
172.945,8,-36.5448,1.6793,-1.4824
172.964,8,-36.5351,1.6833,-1.4818
172.981,8,-36.5152,1.6867,-1.4805
172.996,8,-36.5055,1.6892,-1.4801
173.012,8,-36.4958,1.6913,-1.4797
173.032,8,-36.4764,1.6939,-1.4786
173.050,8,-36.4573,1.6962,-1.4778
173.067,8,-36.4477,1.6976,-1.4775
173.082,8,-36.4286,1.7014,-1.4772
173.098,8,-36.4191,1.7031,-1.4772
173.113,8,-36.4097,1.7052,-1.4773
173.129,8,-36.3905,1.7092,-1.4774
173.144,8,-36.3809,1.7107,-1.4776
173.159,8,-36.3624,1.7132,-1.4778
173.176,8,-36.3532,1.7134,-1.4781
173.191,8,-36.3345,1.7148,-1.4783
173.207,8,-36.3249,1.7146,-1.4785
173.222,8,-36.3156,1.7143,-1.4787
173.238,8,-36.2966,1.7140,-1.4789
173.254,8,-36.2872,1.7131,-1.4793
173.270,8,-36.2681,1.7118,-1.4800
173.286,8,-36.2587,1.7104,-1.4805
173.302,8,-36.2493,1.7089,-1.4810
173.318,8,-36.2303,1.7061,-1.4819
173.336,8,-36.2113,1.7024,-1.4830
173.351,8,-36.2020,1.6999,-1.4837
173.367,8,-36.1926,1.6973,-1.4844
173.384,8,-36.1739,1.6930,-1.4857
173.401,8,-36.1646,1.6911,-1.4865
173.416,8,-36.1460,1.6880,-1.4881
173.432,8,-36.1368,1.6872,-1.4890
173.448,8,-36.1184,1.6847,-1.4906
173.464,8,-36.1094,1.6839,-1.4916
173.479,8,-36.1005,1.6831,-1.4925
173.495,8,-36.0825,1.6820,-1.4944
173.511,8,-36.0735,1.6841,-1.4955
173.527,8,-36.0556,1.6861,-1.4977
173.543,8,-36.0468,1.6877,-1.4985
173.559,8,-36.0289,1.6905,-1.5006
173.575,8,-36.0200,1.6924,-1.5017
173.592,8,-36.0022,1.6941,-1.5035
173.607,8,-35.9932,1.6947,-1.5043
173.622,8,-35.9844,1.6963,-1.5052
173.637,8,-35.9662,1.6999,-1.5069
173.652,8,-35.9572,1.7018,-1.5074
173.666,8,-35.9393,1.7047,-1.5085
173.682,8,-35.9305,1.7062,-1.5089
173.700,8,-35.9217,1.7079,-1.5092
173.719,8,-35.9041,1.7107,-1.5098
173.736,8,-35.8865,1.7127,-1.5101
173.750,8,-35.8780,1.7132,-1.5101
173.764,8,-35.8694,1.7135,-1.5101
173.779,8,-35.8607,1.7132,-1.5102
173.795,8,-35.8433,1.7133,-1.5103
173.811,8,-35.8347,1.7131,-1.5103
173.830,8,-35.8173,1.7128,-1.5100
173.848,8,-35.7998,1.7117,-1.5096
173.863,8,-35.7910,1.7103,-1.5093
173.880,8,-35.7734,1.7082,-1.5087
173.894,8,-35.7647,1.7062,-1.5083
173.909,8,-35.7561,1.7040,-1.5078
173.924,8,-35.7391,1.7002,-1.5069
173.939,8,-35.7307,1.6975,-1.5061
173.957,8,-35.7222,1.6947,-1.5055
173.972,8,-35.7051,1.6900,-1.5041
173.987,8,-35.6969,1.6878,-1.5032
174.002,8,-35.6799,1.6838,-1.5017
174.017,8,-35.6713,1.6820,-1.5007
174.032,8,-35.6629,1.6803,-1.4998
174.048,8,-35.6456,1.6770,-1.4979
174.064,8,-35.6367,1.6760,-1.4969
174.080,8,-35.6194,1.6734,-1.4949
174.095,8,-35.6108,1.6722,-1.4938
174.111,8,-35.5935,1.6719,-1.4916
174.127,8,-35.5852,1.6744,-1.4905
174.145,8,-35.5769,1.6762,-1.4892
174.161,8,-35.5602,1.6791,-1.4870
174.176,8,-35.5522,1.6817,-1.4859
174.193,8,-35.5362,1.6853,-1.4837
174.213,8,-35.5210,1.6887,-1.4814
174.233,8,-35.5138,1.6904,-1.4806
174.248,8,-35.4990,1.6935,-1.4788
174.264,8,-35.4920,1.6952,-1.4781
174.280,8,-35.4779,1.6984,-1.4767
174.299,8,-35.4715,1.7003,-1.4762
174.318,8,-35.4580,1.7040,-1.4751
174.332,8,-35.4518,1.7056,-1.4747
174.347,8,-35.4391,1.7079,-1.4735
174.363,8,-35.4334,1.7085,-1.4732
174.379,8,-35.4215,1.7100,-1.4724
174.394,8,-35.4159,1.7104,-1.4720
174.411,8,-35.4106,1.7108,-1.4717
174.428,8,-35.3995,1.7118,-1.4710
174.442,8,-35.3943,1.7119,-1.4711
174.458,8,-35.3894,1.7117,-1.4713
174.475,8,-35.3792,1.7119,-1.4712
174.492,8,-35.3696,1.7119,-1.4712
174.508,8,-35.3655,1.7117,-1.4716
174.523,8,-35.3567,1.7114,-1.4717
174.538,8,-35.3527,1.7110,-1.4719
174.553,8,-35.3490,1.7104,-1.4723
174.569,8,-35.3454,1.7101,-1.4726
174.585,8,-35.3378,1.7098,-1.4733
174.602,8,-35.3305,1.7094,-1.4741
174.616,8,-35.3273,1.7092,-1.4749
174.633,8,-35.3208,1.7086,-1.4766
174.649,8,-35.3145,1.7078,-1.4776
174.664,8,-35.3086,1.7072,-1.4786
174.680,8,-35.3032,1.7069,-1.4800
174.704,8,-35.2982,1.7076,-1.4815
174.725,8,-35.2933,1.7088,-1.4835
174.747,8,-35.2890,1.7103,-1.4869
174.769,8,-35.2850,1.7112,-1.4898
174.791,8,-35.2810,1.7118,-1.4916
174.813,8,-35.2772,1.7124,-1.4938
174.836,8,-35.2734,1.7129,-1.4959
174.858,8,-35.2702,1.7131,-1.4982
174.879,8,-35.2673,1.7128,-1.5001
174.902,8,-35.2647,1.7124,-1.5019
174.924,8,-35.2623,1.7116,-1.5034
174.945,8,-35.2598,1.7113,-1.5053
174.967,8,-35.2574,1.7113,-1.5067
174.990,8,-35.2551,1.7112,-1.5082
175.014,8,-35.2532,1.7110,-1.5096
175.041,8,-35.2516,1.7109,-1.5103
175.063,8,-35.2499,1.7107,-1.5105
175.077,8,-35.2482,1.7105,-1.5109
175.110,8,-35.2468,1.7108,-1.5100
175.131,8,-35.2463,1.7110,-1.5099
175.145,8,-35.2449,1.7111,-1.5098
175.160,8,-35.2444,1.7111,-1.5097
175.176,8,-35.2439,1.7110,-1.5093
175.191,8,-35.2433,1.7109,-1.5091
175.207,8,-35.2429,1.7108,-1.5091
175.222,8,-35.2419,1.7107,-1.5091
175.237,8,-35.2411,1.7105,-1.5093
175.252,8,-35.2409,1.7104,-1.5095
175.267,8,-35.2406,1.7102,-1.5096
175.282,8,-35.2403,1.7099,-1.5095
175.298,8,-35.2398,1.7096,-1.5098
175.314,8,-35.2396,1.7093,-1.5100
175.332,8,-35.2394,1.7093,-1.5101
175.350,8,-35.2389,1.7092,-1.5098
175.370,8,-35.2385,1.7091,-1.5099
175.390,8,-35.2384,1.7092,-1.5101
175.409,8,-35.2380,1.7093,-1.5099
175.428,8,-35.2377,1.7094,-1.5102
175.447,8,-35.2375,1.7096,-1.5102
175.466,8,-35.2370,1.7099,-1.5102

# --- Trial 9 start ---
185.502,9,-39.6945,1.6945,-1.3211
185.592,9,-39.6936,1.6938,-1.3174
185.624,9,-39.6930,1.6934,-1.3156
185.643,9,-39.6927,1.6933,-1.3147
185.658,9,-39.6925,1.6933,-1.3142
185.674,9,-39.6923,1.6932,-1.3138
185.690,9,-39.6920,1.6932,-1.3130
185.704,9,-39.6916,1.6932,-1.3122
185.722,9,-39.6914,1.6934,-1.3118
185.743,9,-39.6907,1.6935,-1.3110
185.759,9,-39.6903,1.6936,-1.3106
185.775,9,-39.6897,1.6937,-1.3098
185.790,9,-39.6894,1.6938,-1.3094
185.806,9,-39.6890,1.6938,-1.3090
185.827,9,-39.6883,1.6937,-1.3082
185.845,9,-39.6875,1.6937,-1.3075
185.860,9,-39.6870,1.6937,-1.3071
185.876,9,-39.6859,1.6937,-1.3064
185.891,9,-39.6853,1.6937,-1.3061
185.909,9,-39.6842,1.6933,-1.3056
185.929,9,-39.6836,1.6925,-1.3056
185.947,9,-39.6824,1.6910,-1.3053
185.963,9,-39.6811,1.6896,-1.3051
185.978,9,-39.6802,1.6898,-1.3054
185.994,9,-39.6794,1.6901,-1.3056
186.011,9,-39.6780,1.6898,-1.3060
186.027,9,-39.6774,1.6895,-1.3064
186.043,9,-39.6759,1.6893,-1.3072
186.058,9,-39.6752,1.6895,-1.3077
186.076,9,-39.6736,1.6901,-1.3085
186.092,9,-39.6728,1.6907,-1.3091
186.109,9,-39.6711,1.6915,-1.3101
186.126,9,-39.6702,1.6916,-1.3106
186.146,9,-39.6684,1.6919,-1.3118
186.164,9,-39.6664,1.6923,-1.3131
186.180,9,-39.6654,1.6925,-1.3139
186.195,9,-39.6632,1.6927,-1.3155
186.210,9,-39.6619,1.6927,-1.3165
186.228,9,-39.6604,1.6925,-1.3175
186.247,9,-39.6577,1.6922,-1.3194
186.266,9,-39.6550,1.6920,-1.3215
186.283,9,-39.6521,1.6915,-1.3237
186.298,9,-39.6504,1.6912,-1.3249
186.314,9,-39.6488,1.6909,-1.3262
186.330,9,-39.6455,1.6902,-1.3286
186.346,9,-39.6435,1.6895,-1.3300
186.363,9,-39.6399,1.6885,-1.3326
186.378,9,-39.6379,1.6877,-1.3340
186.394,9,-39.6360,1.6865,-1.3355
186.410,9,-39.6323,1.6837,-1.3384
186.426,9,-39.6305,1.6819,-1.3399
186.443,9,-39.6251,1.6865,-1.3432
186.458,9,-39.6231,1.6893,-1.3448
186.474,9,-39.6180,1.6903,-1.3475
186.490,9,-39.6155,1.6896,-1.3489
186.507,9,-39.6104,1.6893,-1.3520
186.522,9,-39.6076,1.6889,-1.3533
186.537,9,-39.6049,1.6885,-1.3546
186.555,9,-39.5998,1.6873,-1.3572
186.571,9,-39.5969,1.6858,-1.3585
186.588,9,-39.5912,1.6838,-1.3607
186.607,9,-39.5881,1.6833,-1.3617
186.624,9,-39.5822,1.6822,-1.3637
186.642,9,-39.5758,1.6814,-1.3655
186.658,9,-39.5720,1.6813,-1.3663
186.675,9,-39.5647,1.6808,-1.3678
186.695,9,-39.5603,1.6814,-1.3683
186.715,9,-39.5519,1.6819,-1.3695
186.735,9,-39.5430,1.6820,-1.3705
186.751,9,-39.5337,1.6818,-1.3712
186.768,9,-39.5283,1.6816,-1.3713
186.789,9,-39.5177,1.6811,-1.3717
186.810,9,-39.5067,1.6800,-1.3719
186.827,9,-39.4955,1.6785,-1.3718
186.847,9,-39.4892,1.6776,-1.3717
186.871,9,-39.4767,1.6758,-1.3715
186.891,9,-39.4642,1.6737,-1.3710
186.909,9,-39.4514,1.6713,-1.3701
186.930,9,-39.4380,1.6692,-1.3690
186.950,9,-39.4243,1.6674,-1.3680
186.967,9,-39.4170,1.6664,-1.3672
186.984,9,-39.4100,1.6652,-1.3663
187.001,9,-39.3958,1.6633,-1.3648
187.020,9,-39.3816,1.6617,-1.3632
187.039,9,-39.3672,1.6614,-1.3615
187.056,9,-39.3597,1.6629,-1.3605
187.072,9,-39.3521,1.6648,-1.3596
187.090,9,-39.3368,1.6682,-1.3579
187.109,9,-39.3209,1.6728,-1.3563
187.125,9,-39.3128,1.6760,-1.3554
187.142,9,-39.2970,1.6808,-1.3536
187.158,9,-39.2891,1.6822,-1.3529
187.174,9,-39.2735,1.6848,-1.3515
187.191,9,-39.2652,1.6861,-1.3513
187.207,9,-39.2491,1.6891,-1.3504
187.224,9,-39.2408,1.6909,-1.3503
187.240,9,-39.2250,1.6940,-1.3494
187.256,9,-39.2169,1.6946,-1.3494
187.273,9,-39.2006,1.6952,-1.3491
187.288,9,-39.1923,1.6942,-1.3489
187.310,9,-39.1757,1.6933,-1.3485
187.325,9,-39.1672,1.6929,-1.3487
187.341,9,-39.1503,1.6918,-1.3489
187.356,9,-39.1418,1.6909,-1.3491
187.371,9,-39.1330,1.6895,-1.3494
187.388,9,-39.1158,1.6874,-1.3500
187.404,9,-39.1070,1.6858,-1.3505
187.420,9,-39.0893,1.6831,-1.3514
187.435,9,-39.0803,1.6816,-1.3521
187.451,9,-39.0624,1.6783,-1.3532
187.466,9,-39.0533,1.6758,-1.3541
187.481,9,-39.0443,1.6733,-1.3551
187.497,9,-39.0263,1.6695,-1.3569
187.512,9,-39.0168,1.6682,-1.3583
187.528,9,-38.9986,1.6658,-1.3606
187.544,9,-38.9893,1.6651,-1.3618
187.560,9,-38.9799,1.6644,-1.3634
187.575,9,-38.9613,1.6630,-1.3662
187.591,9,-38.9518,1.6641,-1.3678
187.607,9,-38.9330,1.6669,-1.3706
187.623,9,-38.9236,1.6704,-1.3718
187.639,9,-38.9044,1.6746,-1.3745
187.654,9,-38.8946,1.6766,-1.3757
187.671,9,-38.8846,1.6781,-1.3770
187.686,9,-38.8650,1.6811,-1.3791
187.702,9,-38.8550,1.6833,-1.3801
187.717,9,-38.8349,1.6878,-1.3822
187.731,9,-38.8243,1.6903,-1.3829
187.748,9,-38.8139,1.6927,-1.3836
187.769,9,-38.7939,1.6968,-1.3849
187.788,9,-38.7736,1.6998,-1.3860
187.808,9,-38.7531,1.7011,-1.3870
187.825,9,-38.7326,1.7013,-1.3881
187.842,9,-38.7222,1.6997,-1.3886
187.859,9,-38.7117,1.6985,-1.3890
187.882,9,-38.6807,1.6962,-1.3901
187.900,9,-38.6701,1.6945,-1.3904
187.917,9,-38.6492,1.6916,-1.3909
187.933,9,-38.6390,1.6895,-1.3908
187.950,9,-38.6182,1.6858,-1.3908
187.971,9,-38.5974,1.6819,-1.3907
187.990,9,-38.5868,1.6792,-1.3902
188.007,9,-38.5659,1.6746,-1.3895
188.022,9,-38.5555,1.6724,-1.3891
188.038,9,-38.5448,1.6711,-1.3886
188.056,9,-38.5234,1.6687,-1.3876
188.073,9,-38.5016,1.6668,-1.3865
188.089,9,-38.4911,1.6662,-1.3857
188.107,9,-38.4803,1.6667,-1.3850
188.125,9,-38.4584,1.6684,-1.3839
188.142,9,-38.4362,1.6719,-1.3826
188.159,9,-38.4257,1.6750,-1.3817
188.175,9,-38.4037,1.6790,-1.3805
188.191,9,-38.3931,1.6799,-1.3800
188.207,9,-38.3713,1.6820,-1.3792
188.223,9,-38.3607,1.6834,-1.3790
188.240,9,-38.3502,1.6856,-1.3787
188.256,9,-38.3286,1.6894,-1.3781
188.272,9,-38.3182,1.6914,-1.3780
188.288,9,-38.2966,1.6956,-1.3780
188.304,9,-38.2858,1.6974,-1.3782
188.321,9,-38.2646,1.7002,-1.3780
188.336,9,-38.2539,1.7007,-1.3782
188.352,9,-38.2324,1.7021,-1.3783
188.368,9,-38.2217,1.7016,-1.3784
188.385,9,-38.2003,1.7015,-1.3784
188.401,9,-38.1897,1.7006,-1.3782
188.417,9,-38.1794,1.6997,-1.3786
188.437,9,-38.1582,1.6978,-1.3791
188.457,9,-38.1368,1.6951,-1.3797
188.478,9,-38.1155,1.6916,-1.3805
188.495,9,-38.1048,1.6893,-1.3811
188.511,9,-38.0838,1.6852,-1.3822
188.527,9,-38.0733,1.6825,-1.3830
188.543,9,-38.0520,1.6778,-1.3843
188.559,9,-38.0303,1.6732,-1.3857
188.575,9,-38.0196,1.6720,-1.3867
188.590,9,-38.0087,1.6713,-1.3877
188.607,9,-37.9870,1.6687,-1.3898
188.623,9,-37.9760,1.6676,-1.3909
188.638,9,-37.9541,1.6668,-1.3929
188.654,9,-37.9428,1.6691,-1.3941
188.669,9,-37.9317,1.6722,-1.3952
188.685,9,-37.9097,1.6759,-1.3972
188.700,9,-37.8989,1.6778,-1.3981
188.716,9,-37.8768,1.6805,-1.3998
188.732,9,-37.8660,1.6821,-1.4004
188.746,9,-37.8550,1.6843,-1.4009
188.763,9,-37.8330,1.6887,-1.4020
188.777,9,-37.8222,1.6908,-1.4022
188.793,9,-37.8001,1.6950,-1.4029
188.808,9,-37.7893,1.6975,-1.4029
188.823,9,-37.7783,1.6998,-1.4029
188.840,9,-37.7563,1.7034,-1.4032
188.855,9,-37.7452,1.7040,-1.4034
188.876,9,-37.7234,1.7050,-1.4034
188.892,9,-37.7124,1.7044,-1.4034
188.907,9,-37.6904,1.7039,-1.4030
188.924,9,-37.6796,1.7025,-1.4031
188.941,9,-37.6578,1.7003,-1.4031
188.957,9,-37.6469,1.6981,-1.4029
188.974,9,-37.6250,1.6947,-1.4027
188.995,9,-37.6033,1.6904,-1.4023
189.016,9,-37.5814,1.6852,-1.4018
189.032,9,-37.5706,1.6819,-1.4014
189.048,9,-37.5598,1.6790,-1.4010
189.064,9,-37.5382,1.6745,-1.4002
189.083,9,-37.5274,1.6731,-1.3996
189.104,9,-37.4949,1.6684,-1.3980
189.122,9,-37.4842,1.6675,-1.3973
189.142,9,-37.4734,1.6673,-1.3967
189.160,9,-37.4407,1.6673,-1.3948
189.180,9,-37.4299,1.6713,-1.3941
189.196,9,-37.4081,1.6745,-1.3928
189.211,9,-37.3976,1.6766,-1.3922
189.226,9,-37.3871,1.6784,-1.3918
189.243,9,-37.3659,1.6808,-1.3907
189.258,9,-37.3556,1.6820,-1.3903
189.274,9,-37.3344,1.6855,-1.3896
189.289,9,-37.3240,1.6881,-1.3896
189.307,9,-37.3027,1.6923,-1.3895
189.323,9,-37.2923,1.6949,-1.3898
189.340,9,-37.2712,1.6993,-1.3902
189.356,9,-37.2606,1.7007,-1.3907
189.372,9,-37.2397,1.7033,-1.3911
189.388,9,-37.2293,1.7035,-1.3915
189.404,9,-37.2189,1.7037,-1.3919
189.421,9,-37.1981,1.7042,-1.3924
189.438,9,-37.1773,1.7037,-1.3932
189.454,9,-37.1667,1.7028,-1.3939
189.470,9,-37.1563,1.7017,-1.3946
189.486,9,-37.1353,1.7001,-1.3960
189.502,9,-37.1245,1.6984,-1.3969
189.518,9,-37.1035,1.6954,-1.3985
189.534,9,-37.0932,1.6931,-1.3995
189.552,9,-37.0724,1.6888,-1.4015
189.569,9,-37.0620,1.6860,-1.4028
189.586,9,-37.0409,1.6814,-1.4050
189.601,9,-37.0304,1.6794,-1.4063
189.617,9,-37.0092,1.6766,-1.4089
189.633,9,-36.9988,1.6762,-1.4103
189.650,9,-36.9883,1.6755,-1.4118
189.666,9,-36.9673,1.6731,-1.4144
189.682,9,-36.9567,1.6730,-1.4159
189.699,9,-36.9355,1.6748,-1.4188
189.715,9,-36.9252,1.6784,-1.4203
189.731,9,-36.9041,1.6827,-1.4231
189.747,9,-36.8934,1.6851,-1.4245
189.763,9,-36.8723,1.6884,-1.4274
189.782,9,-36.8511,1.6907,-1.4299
189.801,9,-36.8404,1.6921,-1.4308
189.817,9,-36.8196,1.6963,-1.4327
189.831,9,-36.8092,1.6987,-1.4337
189.847,9,-36.7987,1.7008,-1.4344
189.863,9,-36.7779,1.7049,-1.4362
189.879,9,-36.7674,1.7068,-1.4369
189.900,9,-36.7466,1.7094,-1.4383
189.918,9,-36.7260,1.7109,-1.4395
189.934,9,-36.7156,1.7107,-1.4401
189.949,9,-36.6948,1.7108,-1.4413
189.965,9,-36.6844,1.7098,-1.4418
189.981,9,-36.6739,1.7084,-1.4423
189.996,9,-36.6533,1.7065,-1.4432
190.013,9,-36.6430,1.7045,-1.4435
190.028,9,-36.6224,1.7015,-1.4443
190.043,9,-36.6121,1.6992,-1.4444
190.058,9,-36.6018,1.6970,-1.4445
190.072,9,-36.5916,1.6944,-1.4447
190.088,9,-36.5714,1.6896,-1.4449
190.103,9,-36.5617,1.6871,-1.4448
190.120,9,-36.5414,1.6832,-1.4447
190.135,9,-36.5313,1.6821,-1.4446
190.150,9,-36.5111,1.6799,-1.4444
190.166,9,-36.5011,1.6791,-1.4443
190.182,9,-36.4812,1.6771,-1.4440
190.199,9,-36.4715,1.6775,-1.4440
190.215,9,-36.4513,1.6788,-1.4437
190.230,9,-36.4413,1.6822,-1.4435
190.247,9,-36.4314,1.6857,-1.4432
190.262,9,-36.4115,1.6904,-1.4429
190.277,9,-36.4018,1.6930,-1.4427
190.293,9,-36.3823,1.6965,-1.4425
190.309,9,-36.3727,1.6972,-1.4424
190.325,9,-36.3632,1.6980,-1.4425
190.341,9,-36.3440,1.7010,-1.4427
190.357,9,-36.3342,1.7032,-1.4431
190.373,9,-36.3152,1.7068,-1.4437
190.388,9,-36.3055,1.7090,-1.4444
190.405,9,-36.2863,1.7127,-1.4455
190.420,9,-36.2767,1.7139,-1.4462
190.436,9,-36.2675,1.7145,-1.4470
190.452,9,-36.2489,1.7163,-1.4482
190.468,9,-36.2397,1.7164,-1.4489
190.485,9,-36.2212,1.7171,-1.4500
190.500,9,-36.2119,1.7166,-1.4507
190.516,9,-36.1934,1.7162,-1.4520
190.532,9,-36.1843,1.7151,-1.4528
190.547,9,-36.1751,1.7141,-1.4537
190.564,9,-36.1566,1.7122,-1.4554
190.579,9,-36.1473,1.7106,-1.4564
190.596,9,-36.1288,1.7080,-1.4584
190.612,9,-36.1196,1.7059,-1.4595
190.629,9,-36.1010,1.7019,-1.4618
190.648,9,-36.0823,1.6973,-1.4643
190.668,9,-36.0730,1.6945,-1.4658
190.688,9,-36.0545,1.6902,-1.4686
190.706,9,-36.0360,1.6873,-1.4716
190.723,9,-36.0269,1.6863,-1.4731
190.739,9,-36.0086,1.6833,-1.4760
190.755,9,-35.9996,1.6819,-1.4775
190.770,9,-35.9907,1.6818,-1.4790
190.787,9,-35.9726,1.6828,-1.4820
190.803,9,-35.9636,1.6855,-1.4836
190.820,9,-35.9458,1.6882,-1.4865
190.836,9,-35.9282,1.6906,-1.4894
190.851,9,-35.9197,1.6914,-1.4907
190.872,9,-35.9109,1.6919,-1.4918
190.887,9,-35.8935,1.6941,-1.4943
190.906,9,-35.8850,1.6960,-1.4954
190.923,9,-35.8678,1.6986,-1.4974
190.940,9,-35.8509,1.7016,-1.4994
190.955,9,-35.8424,1.7038,-1.5002
190.973,9,-35.8254,1.7075,-1.5019
190.987,9,-35.8173,1.7089,-1.5024
191.003,9,-35.8091,1.7099,-1.5029
191.019,9,-35.7924,1.7118,-1.5042
191.033,9,-35.7842,1.7124,-1.5046
191.049,9,-35.7677,1.7136,-1.5056
191.063,9,-35.7595,1.7136,-1.5059
191.077,9,-35.7514,1.7135,-1.5063
191.092,9,-35.7431,1.7133,-1.5067
191.108,9,-35.7267,1.7120,-1.5069
191.125,9,-35.7185,1.7109,-1.5069
191.144,9,-35.7025,1.7089,-1.5071
191.161,9,-35.6863,1.7064,-1.5072
191.176,9,-35.6784,1.7040,-1.5070
191.191,9,-35.6705,1.7015,-1.5068
191.211,9,-35.6546,1.6969,-1.5062
191.228,9,-35.6387,1.6924,-1.5059
191.243,9,-35.6310,1.6905,-1.5055
191.258,9,-35.6232,1.6888,-1.5051
191.273,9,-35.6075,1.6853,-1.5042
191.288,9,-35.5996,1.6838,-1.5035
191.306,9,-35.5917,1.6826,-1.5029
191.323,9,-35.5760,1.6800,-1.5016
191.338,9,-35.5602,1.6776,-1.5001
191.352,9,-35.5522,1.6774,-1.4991
191.368,9,-35.5446,1.6791,-1.4984
191.383,9,-35.5293,1.6806,-1.4965
191.400,9,-35.5219,1.6826,-1.4954
191.416,9,-35.5070,1.6860,-1.4933
191.432,9,-35.4997,1.6883,-1.4922
191.447,9,-35.4926,1.6902,-1.4912
191.466,9,-35.4784,1.6935,-1.4893
191.484,9,-35.4645,1.6962,-1.4878
191.500,9,-35.4580,1.6976,-1.4873
191.515,9,-35.4517,1.6992,-1.4868
191.532,9,-35.4388,1.7022,-1.4858
191.549,9,-35.4263,1.7055,-1.4854
191.564,9,-35.4206,1.7074,-1.4857
191.581,9,-35.4152,1.7087,-1.4859
191.596,9,-35.4039,1.7112,-1.4858
191.611,9,-35.3988,1.7118,-1.4859
191.628,9,-35.3883,1.7136,-1.4858
191.642,9,-35.3835,1.7143,-1.4858
191.664,9,-35.3790,1.7149,-1.4862
191.680,9,-35.3695,1.7164,-1.4864
191.696,9,-35.3602,1.7176,-1.4870
191.712,9,-35.3559,1.7180,-1.4874
191.728,9,-35.3473,1.7189,-1.4881
191.745,9,-35.3436,1.7191,-1.4886
191.765,9,-35.3359,1.7198,-1.4896
191.786,9,-35.3288,1.7202,-1.4909
191.803,9,-35.3258,1.7201,-1.4919
191.819,9,-35.3193,1.7199,-1.4931
191.834,9,-35.3133,1.7196,-1.4943
191.849,9,-35.3106,1.7195,-1.4951
191.868,9,-35.3083,1.7195,-1.4963
191.883,9,-35.2998,1.7191,-1.4983
191.899,9,-35.2947,1.7197,-1.4998
191.915,9,-35.2899,1.7223,-1.5013
191.937,9,-35.2857,1.7248,-1.5030
191.960,9,-35.2815,1.7256,-1.5045
191.982,9,-35.2774,1.7264,-1.5064
192.004,9,-35.2735,1.7273,-1.5075
192.026,9,-35.2697,1.7272,-1.5091
192.048,9,-35.2662,1.7265,-1.5105
192.071,9,-35.2628,1.7257,-1.5116
192.093,9,-35.2598,1.7247,-1.5129
192.116,9,-35.2570,1.7234,-1.5145
192.138,9,-35.2543,1.7223,-1.5159
192.160,9,-35.2516,1.7215,-1.5171
192.181,9,-35.2492,1.7209,-1.5179
192.203,9,-35.2467,1.7208,-1.5188
192.225,9,-35.2445,1.7214,-1.5196
192.248,9,-35.2424,1.7221,-1.5210
192.271,9,-35.2405,1.7227,-1.5218
192.293,9,-35.2389,1.7224,-1.5233
192.316,9,-35.2373,1.7218,-1.5241
192.338,9,-35.2358,1.7211,-1.5248
192.361,9,-35.2343,1.7206,-1.5253
192.384,9,-35.2338,1.7200,-1.5250
192.401,9,-35.2332,1.7195,-1.5251
192.416,9,-35.2326,1.7190,-1.5253
192.431,9,-35.2314,1.7184,-1.5254
192.445,9,-35.2304,1.7178,-1.5260
192.459,9,-35.2300,1.7175,-1.5259
192.476,9,-35.2298,1.7174,-1.5261
192.490,9,-35.2294,1.7173,-1.5257
192.506,9,-35.2288,1.7171,-1.5259
192.520,9,-35.2286,1.7171,-1.5259
192.536,9,-35.2284,1.7170,-1.5256

# --- Trial 10 start ---
201.905,10,-39.6551,1.6939,-1.3949
201.989,10,-39.6552,1.6944,-1.3969
202.020,10,-39.6550,1.6944,-1.3974
202.038,10,-39.6549,1.6945,-1.3976
202.068,10,-39.6549,1.6946,-1.3977
202.092,10,-39.6548,1.6945,-1.3976
202.112,10,-39.6547,1.6945,-1.3972
202.130,10,-39.6546,1.6945,-1.3968
202.146,10,-39.6544,1.6944,-1.3962
202.163,10,-39.6544,1.6944,-1.3957
202.179,10,-39.6540,1.6944,-1.3947
202.196,10,-39.6538,1.6944,-1.3940
202.213,10,-39.6534,1.6943,-1.3929
202.230,10,-39.6532,1.6943,-1.3922
202.247,10,-39.6528,1.6943,-1.3909
202.263,10,-39.6525,1.6942,-1.3902
202.281,10,-39.6521,1.6941,-1.3888
202.304,10,-39.6516,1.6941,-1.3873
202.325,10,-39.6511,1.6939,-1.3859
202.343,10,-39.6505,1.6939,-1.3844
202.359,10,-39.6499,1.6932,-1.3839
202.378,10,-39.6495,1.6916,-1.3833
202.399,10,-39.6483,1.6889,-1.3817
202.416,10,-39.6477,1.6890,-1.3815
202.433,10,-39.6470,1.6899,-1.3814
202.450,10,-39.6458,1.6900,-1.3808
202.467,10,-39.6447,1.6899,-1.3807
202.483,10,-39.6441,1.6900,-1.3809
202.501,10,-39.6436,1.6903,-1.3810
202.520,10,-39.6423,1.6913,-1.3810
202.537,10,-39.6408,1.6924,-1.3812
202.553,10,-39.6400,1.6927,-1.3813
202.571,10,-39.6386,1.6931,-1.3815
202.587,10,-39.6379,1.6929,-1.3817
202.605,10,-39.6365,1.6929,-1.3821
202.623,10,-39.6348,1.6929,-1.3827
202.639,10,-39.6337,1.6926,-1.3830
202.656,10,-39.6317,1.6923,-1.3836
202.673,10,-39.6306,1.6919,-1.3841
202.690,10,-39.6284,1.6914,-1.3849
202.713,10,-39.6263,1.6907,-1.3859
202.735,10,-39.6239,1.6900,-1.3868
202.751,10,-39.6225,1.6896,-1.3874
202.770,10,-39.6197,1.6891,-1.3885
202.787,10,-39.6168,1.6886,-1.3898
202.803,10,-39.6152,1.6881,-1.3905
202.820,10,-39.6121,1.6871,-1.3918
202.836,10,-39.6104,1.6863,-1.3927
202.858,10,-39.6070,1.6845,-1.3945
202.878,10,-39.6037,1.6810,-1.3962
202.895,10,-39.6012,1.6832,-1.3973
202.915,10,-39.5966,1.6900,-1.3997
202.933,10,-39.5924,1.6907,-1.4016
202.950,10,-39.5896,1.6890,-1.4024
202.966,10,-39.5850,1.6882,-1.4047
202.982,10,-39.5822,1.6870,-1.4058
203.000,10,-39.5771,1.6868,-1.4080
203.019,10,-39.5743,1.6859,-1.4089
203.038,10,-39.5688,1.6839,-1.4109
203.060,10,-39.5632,1.6817,-1.4128
203.076,10,-39.5577,1.6801,-1.4147
203.093,10,-39.5545,1.6795,-1.4156
203.111,10,-39.5480,1.6784,-1.4172
203.129,10,-39.5439,1.6782,-1.4178
203.145,10,-39.5366,1.6779,-1.4191
203.160,10,-39.5324,1.6783,-1.4196
203.176,10,-39.5279,1.6789,-1.4200
203.192,10,-39.5194,1.6794,-1.4209
203.212,10,-39.5102,1.6795,-1.4215
203.231,10,-39.5008,1.6794,-1.4221
203.248,10,-39.4956,1.6792,-1.4223
203.265,10,-39.4906,1.6786,-1.4224
203.282,10,-39.4805,1.6776,-1.4227
203.299,10,-39.4697,1.6763,-1.4230
203.316,10,-39.4639,1.6754,-1.4228
203.338,10,-39.4524,1.6738,-1.4227
203.357,10,-39.4407,1.6720,-1.4224
203.373,10,-39.4346,1.6708,-1.4218
203.390,10,-39.4221,1.6692,-1.4212
203.406,10,-39.4153,1.6686,-1.4207
203.424,10,-39.4022,1.6671,-1.4196
203.441,10,-39.3886,1.6655,-1.4183
203.461,10,-39.3813,1.6647,-1.4172
203.480,10,-39.3672,1.6636,-1.4156
203.502,10,-39.3526,1.6638,-1.4138
203.521,10,-39.3379,1.6648,-1.4119
203.539,10,-39.3301,1.6672,-1.4108
203.560,10,-39.3147,1.6706,-1.4090
203.581,10,-39.2988,1.6745,-1.4072
203.599,10,-39.2909,1.6765,-1.4063
203.616,10,-39.2755,1.6791,-1.4045
203.632,10,-39.2675,1.6797,-1.4038
203.652,10,-39.2438,1.6831,-1.4021
203.673,10,-39.2355,1.6848,-1.4020
203.690,10,-39.2192,1.6878,-1.4012
203.706,10,-39.2110,1.6898,-1.4013
203.723,10,-39.2024,1.6911,-1.4013
203.742,10,-39.1859,1.6930,-1.4008
203.758,10,-39.1690,1.6944,-1.4005
203.775,10,-39.1606,1.6944,-1.4003
203.792,10,-39.1433,1.6949,-1.4002
203.810,10,-39.1260,1.6945,-1.4001
203.827,10,-39.1170,1.6934,-1.4001
203.843,10,-39.0994,1.6918,-1.4004
203.860,10,-39.0904,1.6903,-1.4009
203.877,10,-39.0726,1.6881,-1.4017
203.894,10,-39.0635,1.6866,-1.4022
203.911,10,-39.0454,1.6833,-1.4031
203.927,10,-39.0363,1.6806,-1.4038
203.947,10,-39.0181,1.6765,-1.4054
203.965,10,-38.9999,1.6730,-1.4073
203.981,10,-38.9908,1.6718,-1.4082
203.997,10,-38.9815,1.6710,-1.4094
204.014,10,-38.9630,1.6688,-1.4114
204.030,10,-38.9538,1.6679,-1.4127
204.046,10,-38.9353,1.6663,-1.4152
204.063,10,-38.9258,1.6675,-1.4164
204.080,10,-38.9069,1.6703,-1.4187
204.096,10,-38.8971,1.6728,-1.4200
204.113,10,-38.8778,1.6757,-1.4225
204.130,10,-38.8683,1.6773,-1.4239
204.147,10,-38.8489,1.6792,-1.4262
204.164,10,-38.8393,1.6803,-1.4272
204.179,10,-38.8197,1.6832,-1.4292
204.194,10,-38.8095,1.6846,-1.4300
204.211,10,-38.7898,1.6875,-1.4318
204.226,10,-38.7800,1.6895,-1.4323
204.242,10,-38.7705,1.6911,-1.4328
204.259,10,-38.7507,1.6937,-1.4339
204.274,10,-38.7407,1.6943,-1.4343
204.291,10,-38.7211,1.6953,-1.4353
204.307,10,-38.7114,1.6949,-1.4355
204.323,10,-38.6918,1.6947,-1.4361
204.340,10,-38.6819,1.6939,-1.4364
204.357,10,-38.6620,1.6927,-1.4368
204.373,10,-38.6520,1.6912,-1.4368
204.389,10,-38.6322,1.6886,-1.4367
204.406,10,-38.6221,1.6865,-1.4364
204.423,10,-38.6020,1.6829,-1.4361
204.439,10,-38.5916,1.6806,-1.4356
204.456,10,-38.5714,1.6762,-1.4348
204.473,10,-38.5614,1.6734,-1.4340
204.490,10,-38.5412,1.6691,-1.4329
204.507,10,-38.5307,1.6679,-1.4321
204.524,10,-38.5102,1.6650,-1.4307
204.542,10,-38.4897,1.6625,-1.4289
204.561,10,-38.4796,1.6620,-1.4279
204.578,10,-38.4587,1.6616,-1.4263
204.594,10,-38.4482,1.6634,-1.4253
204.611,10,-38.4271,1.6665,-1.4235
204.628,10,-38.4167,1.6692,-1.4224
204.646,10,-38.3957,1.6723,-1.4207
204.662,10,-38.3852,1.6737,-1.4201
204.679,10,-38.3645,1.6753,-1.4187
204.695,10,-38.3541,1.6759,-1.4182
204.712,10,-38.3334,1.6786,-1.4172
204.729,10,-38.3231,1.6805,-1.4172
204.746,10,-38.3020,1.6840,-1.4170
204.765,10,-38.2914,1.6860,-1.4172
204.782,10,-38.2599,1.6903,-1.4171
204.805,10,-38.2393,1.6916,-1.4174
204.824,10,-38.2287,1.6915,-1.4178
204.842,10,-38.2076,1.6918,-1.4181
204.857,10,-38.1970,1.6912,-1.4184
204.875,10,-38.1757,1.6901,-1.4188
204.890,10,-38.1653,1.6891,-1.4193
204.907,10,-38.1545,1.6876,-1.4201
204.931,10,-38.1227,1.6841,-1.4218
204.949,10,-38.1122,1.6818,-1.4226
204.969,10,-38.0910,1.6781,-1.4243
204.986,10,-38.0698,1.6740,-1.4263
205.001,10,-38.0593,1.6717,-1.4273
205.019,10,-38.0488,1.6691,-1.4285
205.036,10,-38.0273,1.6654,-1.4308
205.053,10,-38.0057,1.6628,-1.4333
205.070,10,-37.9950,1.6626,-1.4349
205.095,10,-37.9736,1.6609,-1.4374
205.115,10,-37.9521,1.6606,-1.4398
205.133,10,-37.9302,1.6642,-1.4425
205.150,10,-37.9194,1.6681,-1.4439
205.167,10,-37.8978,1.6721,-1.4463
205.184,10,-37.8871,1.6739,-1.4473
205.200,10,-37.8656,1.6770,-1.4494
205.215,10,-37.8548,1.6784,-1.4501
205.231,10,-37.8441,1.6809,-1.4509
205.246,10,-37.8227,1.6852,-1.4526
205.262,10,-37.8120,1.6870,-1.4534
205.279,10,-37.7908,1.6913,-1.4547
205.294,10,-37.7800,1.6939,-1.4552
205.311,10,-37.7585,1.6978,-1.4564
205.327,10,-37.7481,1.6985,-1.4569
205.346,10,-37.7269,1.6999,-1.4581
205.363,10,-37.7165,1.6991,-1.4586
205.382,10,-37.6952,1.6985,-1.4595
205.401,10,-37.6740,1.6966,-1.4603
205.419,10,-37.6530,1.6939,-1.4611
205.435,10,-37.6425,1.6919,-1.4613
205.451,10,-37.6320,1.6898,-1.4613
205.465,10,-37.6107,1.6863,-1.4615
205.482,10,-37.5999,1.6840,-1.4612
205.501,10,-37.5789,1.6796,-1.4609
205.519,10,-37.5684,1.6769,-1.4605
205.536,10,-37.5471,1.6728,-1.4596
205.554,10,-37.5255,1.6697,-1.4585
205.574,10,-37.5041,1.6675,-1.4571
205.592,10,-37.4933,1.6667,-1.4563
205.609,10,-37.4717,1.6652,-1.4550
205.626,10,-37.4609,1.6657,-1.4542
205.643,10,-37.4391,1.6680,-1.4526
205.661,10,-37.4281,1.6720,-1.4519
205.677,10,-37.4066,1.6767,-1.4505
205.695,10,-37.3851,1.6818,-1.4493
205.710,10,-37.3746,1.6834,-1.4489
205.731,10,-37.3536,1.6855,-1.4478
205.748,10,-37.3433,1.6873,-1.4474
205.764,10,-37.3222,1.6914,-1.4469
205.779,10,-37.3118,1.6933,-1.4468
205.797,10,-37.3013,1.6956,-1.4469
205.813,10,-37.2803,1.6999,-1.4471
205.828,10,-37.2697,1.7016,-1.4473
205.845,10,-37.2488,1.7040,-1.4475
205.861,10,-37.2279,1.7058,-1.4478
205.877,10,-37.2175,1.7054,-1.4482
205.893,10,-37.2074,1.7050,-1.4483
205.909,10,-37.1866,1.7045,-1.4487
205.926,10,-37.1757,1.7034,-1.4492
205.943,10,-37.1548,1.7018,-1.4500
205.958,10,-37.1442,1.6999,-1.4507
205.973,10,-37.1232,1.6972,-1.4518
205.989,10,-37.1128,1.6950,-1.4526
206.007,10,-37.1022,1.6926,-1.4535
206.023,10,-37.0818,1.6887,-1.4552
206.038,10,-37.0713,1.6862,-1.4562
206.055,10,-37.0505,1.6818,-1.4582
206.072,10,-37.0401,1.6797,-1.4593
206.090,10,-37.0195,1.6770,-1.4616
206.108,10,-36.9986,1.6753,-1.4640
206.125,10,-36.9884,1.6747,-1.4653
206.142,10,-36.9677,1.6730,-1.4677
206.159,10,-36.9571,1.6742,-1.4690
206.175,10,-36.9362,1.6779,-1.4717
206.191,10,-36.9260,1.6816,-1.4730
206.209,10,-36.9156,1.6845,-1.4741
206.226,10,-36.8945,1.6884,-1.4766
206.241,10,-36.8736,1.6916,-1.4789
206.258,10,-36.8632,1.6926,-1.4796
206.274,10,-36.8424,1.6962,-1.4813
206.290,10,-36.8321,1.6984,-1.4819
206.308,10,-36.8114,1.7020,-1.4832
206.324,10,-36.8011,1.7040,-1.4836
206.340,10,-36.7907,1.7063,-1.4840
206.357,10,-36.7701,1.7098,-1.4849
206.373,10,-36.7599,1.7105,-1.4852
206.388,10,-36.7395,1.7124,-1.4858
206.404,10,-36.7297,1.7123,-1.4861
206.423,10,-36.7095,1.7122,-1.4865
206.441,10,-36.6892,1.7114,-1.4868
206.456,10,-36.6788,1.7100,-1.4869
206.471,10,-36.6686,1.7085,-1.4869
206.488,10,-36.6481,1.7060,-1.4869
206.504,10,-36.6378,1.7035,-1.4863
206.519,10,-36.6278,1.7011,-1.4859
206.535,10,-36.6077,1.6968,-1.4855
206.550,10,-36.5978,1.6939,-1.4850
206.567,10,-36.5776,1.6888,-1.4840
206.583,10,-36.5573,1.6844,-1.4828
206.598,10,-36.5474,1.6832,-1.4820
206.617,10,-36.5375,1.6828,-1.4809
206.639,10,-36.5172,1.6803,-1.4792
206.658,10,-36.4968,1.6784,-1.4774
206.675,10,-36.4765,1.6784,-1.4755
206.691,10,-36.4664,1.6809,-1.4745
206.707,10,-36.4563,1.6838,-1.4736
206.722,10,-36.4363,1.6873,-1.4717
206.738,10,-36.4264,1.6897,-1.4709
206.754,10,-36.4066,1.6937,-1.4693
206.769,10,-36.3969,1.6953,-1.4686
206.785,10,-36.3772,1.6978,-1.4671
206.805,10,-36.3674,1.6989,-1.4666
206.825,10,-36.3477,1.7023,-1.4655
206.845,10,-36.3280,1.7057,-1.4647
206.862,10,-36.3181,1.7072,-1.4646
206.878,10,-36.2985,1.7105,-1.4641
206.893,10,-36.2888,1.7119,-1.4641
206.910,10,-36.2694,1.7142,-1.4638
206.927,10,-36.2599,1.7146,-1.4638
206.943,10,-36.2406,1.7157,-1.4637
206.958,10,-36.2310,1.7156,-1.4637
206.973,10,-36.2117,1.7158,-1.4636
206.989,10,-36.2020,1.7153,-1.4639
207.008,10,-36.1926,1.7141,-1.4643
207.025,10,-36.1733,1.7129,-1.4648
207.041,10,-36.1639,1.7115,-1.4652
207.060,10,-36.1447,1.7091,-1.4660
207.077,10,-36.1254,1.7061,-1.4670
207.093,10,-36.1157,1.7039,-1.4677
207.114,10,-36.0963,1.7000,-1.4690
207.131,10,-36.0770,1.6958,-1.4706
207.147,10,-36.0674,1.6935,-1.4715
207.163,10,-36.0579,1.6915,-1.4725
207.179,10,-36.0386,1.6886,-1.4743
207.195,10,-36.0290,1.6876,-1.4754
207.212,10,-36.0100,1.6853,-1.4774
207.226,10,-36.0007,1.6844,-1.4785
207.243,10,-35.9818,1.6825,-1.4808
207.260,10,-35.9724,1.6820,-1.4821
207.276,10,-35.9533,1.6830,-1.4846
207.292,10,-35.9442,1.6855,-1.4859
207.308,10,-35.9253,1.6874,-1.4881
207.324,10,-35.9159,1.6893,-1.4892
207.339,10,-35.9066,1.6912,-1.4904
207.355,10,-35.8875,1.6940,-1.4924
207.372,10,-35.8779,1.6958,-1.4934
207.388,10,-35.8590,1.6997,-1.4955
207.404,10,-35.8494,1.7021,-1.4962
207.421,10,-35.8304,1.7061,-1.4977
207.438,10,-35.8211,1.7081,-1.4981
207.453,10,-35.8024,1.7124,-1.4994
207.471,10,-35.7932,1.7145,-1.4998
207.486,10,-35.7840,1.7159,-1.5001
207.503,10,-35.7655,1.7182,-1.5009
207.520,10,-35.7563,1.7185,-1.5012
207.536,10,-35.7380,1.7195,-1.5019
207.551,10,-35.7288,1.7190,-1.5022
207.567,10,-35.7106,1.7186,-1.5027
207.583,10,-35.7015,1.7177,-1.5027
207.600,10,-35.6833,1.7162,-1.5028
207.615,10,-35.6743,1.7146,-1.5026
207.631,10,-35.6562,1.7119,-1.5023
207.646,10,-35.6474,1.7100,-1.5019
207.661,10,-35.6385,1.7082,-1.5016
207.679,10,-35.6209,1.7046,-1.5008
207.694,10,-35.6121,1.7022,-1.5002
207.709,10,-35.5946,1.6978,-1.4992
207.725,10,-35.5862,1.6955,-1.4987
207.741,10,-35.5691,1.6917,-1.4977
207.755,10,-35.5607,1.6905,-1.4971
207.775,10,-35.5525,1.6894,-1.4964
207.791,10,-35.5357,1.6861,-1.4952
207.805,10,-35.5274,1.6848,-1.4946
207.826,10,-35.5111,1.6835,-1.4933
207.844,10,-35.4952,1.6844,-1.4920
207.858,10,-35.4876,1.6862,-1.4914
207.874,10,-35.4801,1.6879,-1.4906
207.890,10,-35.4651,1.6908,-1.4895
207.906,10,-35.4579,1.6928,-1.4888
207.924,10,-35.4439,1.6953,-1.4878
207.941,10,-35.4302,1.6973,-1.4869
207.959,10,-35.4239,1.6987,-1.4866
207.976,10,-35.4108,1.7021,-1.4860
207.995,10,-35.4049,1.7042,-1.4859
208.016,10,-35.3931,1.7078,-1.4859
208.033,10,-35.3817,1.7111,-1.4855
208.049,10,-35.3766,1.7125,-1.4856
208.066,10,-35.3662,1.7149,-1.4854
208.087,10,-35.3616,1.7158,-1.4852
208.108,10,-35.3521,1.7178,-1.4853
208.128,10,-35.3428,1.7198,-1.4854
208.147,10,-35.3297,1.7223,-1.4859
208.167,10,-35.3218,1.7229,-1.4869
208.185,10,-35.3141,1.7235,-1.4880
208.199,10,-35.3066,1.7239,-1.4886
208.219,10,-35.3004,1.7239,-1.4903
208.243,10,-35.2947,1.7238,-1.4915
208.265,10,-35.2896,1.7235,-1.4928
208.286,10,-35.2848,1.7231,-1.4943
208.309,10,-35.2804,1.7225,-1.4960
208.332,10,-35.2761,1.7211,-1.4971
208.357,10,-35.2726,1.7198,-1.4984
208.374,10,-35.2691,1.7197,-1.4996
208.396,10,-35.2665,1.7191,-1.5010
208.419,10,-35.2643,1.7181,-1.5017
208.441,10,-35.2621,1.7178,-1.5028
208.463,10,-35.2602,1.7178,-1.5047
208.485,10,-35.2581,1.7180,-1.5056
208.507,10,-35.2560,1.7181,-1.5066
208.532,10,-35.2545,1.7180,-1.5076
208.556,10,-35.2531,1.7175,-1.5085
208.582,10,-35.2518,1.7173,-1.5098
208.598,10,-35.2503,1.7172,-1.5103
208.621,10,-35.2492,1.7171,-1.5110
208.644,10,-35.2488,1.7170,-1.5113
208.663,10,-35.2483,1.7168,-1.5115
208.681,10,-35.2471,1.7167,-1.5120
208.696,10,-35.2459,1.7167,-1.5121
208.715,10,-35.2455,1.7167,-1.5123
208.732,10,-35.2450,1.7164,-1.5126
208.748,10,-35.2441,1.7161,-1.5130
208.764,10,-35.2436,1.7159,-1.5132
208.779,10,-35.2426,1.7157,-1.5130
208.795,10,-35.2417,1.7155,-1.5134
208.809,10,-35.2412,1.7156,-1.5138
208.827,10,-35.2407,1.7158,-1.5136
208.842,10,-35.2396,1.7161,-1.5136
208.857,10,-35.2390,1.7163,-1.5135
208.872,10,-35.2381,1.7167,-1.5141
208.886,10,-35.2374,1.7169,-1.5141
208.900,10,-35.2369,1.7170,-1.5143
208.915,10,-35.2363,1.7171,-1.5143
