C:\Users\Public\Documents\Novel Studio\load_data\2025-12-12\13\loadapp_2025-12-12_15-33-48-861.load
Comment s13h crashed 5
	PRV263-L::heel	PRV263-L::mid	PRV263-L::front	PRV263-L		PRV264-R::front	PRV264-R::mid	PRV264-R::heel	PRV264-R		Notes	
Time[secs]	Force[N]	Force[N]	Force[N]	Force[N]	Time[secs]	Force[N]	Force[N]	Force[N]	Force[N]	Time[secs]	
0.000	109.740	82.460	155.000	347.200	0.000	160.000	74.880	106.880	341.760	0.000		
0.010	109.740	82.460	151.900	344.100	0.010	160.000	77.440	106.880	344.320	0.010		
0.020	112.220	82.460	151.900	346.580	0.020	160.000	77.440	106.880	344.320	0.020		
0.030	112.220	82.460	151.900	346.580	0.030	157.440	77.440	109.440	344.320	0.030		
0.040	109.740	82.460	155.000	347.200	0.040	157.440	74.880	109.440	341.760	0.040		
0.050	112.220	82.460	155.000	349.680	0.050	157.440	77.440	109.440	344.320	0.050		
0.060	112.220	82.460	155.000	349.680	0.060	157.440	74.880	109.440	341.760	0.060		
0.070	109.740	82.460	155.000	347.200	0.070	157.440	74.880	109.440	341.760	0.070		
0.080	112.220	82.460	151.900	346.580	0.080	157.440	77.440	109.440	344.320	0.080		
0.090	112.220	82.460	155.000	349.680	0.090	157.440	74.880	109.440	341.760	0.090		
0.100	112.220	82.460	151.900	346.580	0.100	157.440	74.880	109.440	341.760	0.100		
0.110	112.220	82.460	155.000	349.680	0.110	157.440	74.880	112.000	344.320	0.110		
0.120	112.220	82.460	155.000	349.680	0.120	157.440	77.440	109.440	344.320	0.120		
0.130	112.220	82.460	151.900	346.580	0.130	157.440	74.880	112.000	344.320	0.130		
0.140	109.740	82.460	151.900	344.100	0.140	157.440	74.880	112.000	344.320	0.140		
0.150	112.220	82.460	151.900	346.580	0.150	157.500	74.970	112.140	344.610	0.150		
0.160	112.220	82.460	155.000	349.680	0.160	157.500	77.490	109.620	344.610	0.160		
0.170	112.220	79.980	151.900	344.100	0.170	157.500	77.490	112.140	347.130	0.170		
0.180	109.740	79.980	151.900	341.620	0.180	157.500	74.970	112.140	344.610	0.180		
0.190	112.220	82.460	151.900	346.580	0.190	157.500	74.970	112.140	344.610	0.190		
0.200	112.220	82.460	151.900	346.580	0.200	157.500	77.490	112.140	347.130	0.200		
0.210	112.220	82.460	151.900	346.580	0.210	157.500	77.490	112.140	347.130	0.210		
0.220	112.220	79.980	151.900	344.100	0.220	157.500	74.970	112.140	344.610	0.220		
0.230	112.220	82.460	149.420	344.100	0.230	157.500	74.970	112.140	344.610	0.230		
0.240	112.220	79.980	149.420	341.620	0.240	157.500	77.490	112.140	347.130	0.240		
0.250	109.740	79.980	151.900	341.620	0.250	157.500	77.490	114.660	349.650	0.250		
0.260	112.220	82.460	149.420	344.100	0.260	157.500	77.490	112.140	347.130	0.260		
0.270	112.220	79.980	149.420	341.620	0.270	157.500	77.490	112.140	347.130	0.270		
0.280	112.200	79.800	150.000	342.000	0.280	157.500	74.970	114.660	347.130	0.280		
0.290	112.200	79.800	150.000	342.000	0.290	157.500	77.490	114.660	349.650	0.290		
0.300	112.200	79.800	150.000	342.000	0.300	157.500	77.490	114.660	349.650	0.300		
0.310	112.200	79.800	147.000	339.000	0.310	157.500	77.490	114.660	349.650	0.310		
0.320	112.200	79.800	150.000	342.000	0.320	154.980	77.490	117.180	349.650	0.320		
0.330	112.200	79.800	150.000	342.000	0.330	157.500	77.490	117.180	352.170	0.330		
0.340	112.200	79.800	150.000	342.000	0.340	154.980	74.970	117.180	347.130	0.340		
0.350	112.200	79.800	147.000	339.000	0.350	154.980	74.970	117.180	347.130	0.350		
0.360	112.200	79.800	147.000	339.000	0.360	154.980	74.970	117.180	347.130	0.360		
0.370	112.200	79.800	147.000	339.000	0.370	154.980	74.970	119.700	349.650	0.370		
0.380	112.200	77.400	147.000	336.600	0.380	154.980	77.490	119.700	352.170	0.380		
0.390	112.200	77.400	144.600	334.200	0.390	152.460	77.490	119.700	349.650	0.390		
0.400	112.200	79.800	147.000	339.000	0.400	154.980	77.490	119.700	352.170	0.400		
0.410	112.200	77.400	147.000	336.600	0.410	152.460	74.970	122.220	349.650	0.410		
0.420	112.200	77.400	147.000	336.600	0.420	152.460	74.970	122.220	349.650	0.420		
0.430	112.100	77.290	147.500	336.890	0.430	152.460	74.970	122.220	349.650	0.430		
0.440	112.100	77.290	144.550	333.940	0.440	152.460	74.970	124.740	352.170	0.440		
0.450	112.100	77.290	144.550	333.940	0.450	152.500	74.420	124.440	351.360	0.450		
0.460	114.460	77.290	144.550	336.300	0.460	149.450	74.420	124.440	348.310	0.460		
0.470	114.460	77.290	144.550	336.300	0.470	149.450	74.420	124.440	348.310	0.470		
0.480	114.460	77.290	142.190	333.940	0.480	149.450	74.420	127.490	351.360	0.480		
0.490	114.460	77.290	144.550	336.300	0.490	149.450	74.420	127.490	351.360	0.490		
0.500	114.460	77.290	144.550	336.300	0.500	149.450	74.420	127.490	351.360	0.500		
0.510	114.460	77.290	142.190	333.940	0.510	147.010	74.420	127.490	348.920	0.510		
0.520	114.460	77.290	142.190	333.940	0.520	147.010	74.420	129.930	351.360	0.520		
0.530	114.460	77.290	142.190	333.940	0.530	147.010	74.420	129.930	351.360	0.530		
0.540	114.460	77.290	142.190	333.940	0.540	144.570	71.980	129.930	346.480	0.540		
0.550	117.410	77.290	139.830	334.530	0.550	147.010	71.980	132.370	351.360	0.550		
0.560	117.410	77.290	139.830	334.530	0.560	144.570	71.980	129.930	346.480	0.560		
0.570	117.410	77.290	139.830	334.530	0.570	144.570	71.980	132.370	348.920	0.570		
0.580	117.040	77.280	140.000	334.320	0.580	144.570	74.420	132.370	351.360	0.580		
0.590	117.040	77.280	140.000	334.320	0.590	142.130	71.980	132.370	346.480	0.590		
0.600	117.040	77.280	140.000	334.320	0.600	142.500	72.390	134.520	349.410	0.600		
0.610	117.040	77.280	140.000	334.320	0.610	142.500	72.390	134.520	349.410	0.610		
0.620	117.040	74.480	137.200	328.720	0.620	139.650	72.390	134.520	346.560	0.620		
0.630	119.840	77.280	137.200	334.320	0.630	139.650	72.390	134.520	346.560	0.630		
0.640	119.840	77.280	137.200	334.320	0.640	139.650	72.390	134.520	346.560	0.640		
0.650	119.840	77.280	140.000	337.120	0.650	139.650	72.390	134.520	346.560	0.650		
0.660	119.840	77.280	137.200	334.320	0.660	139.650	72.390	134.520	346.560	0.660		
0.670	119.840	77.280	137.200	334.320	0.670	137.370	69.540	134.520	341.430	0.670		
0.680	122.080	77.280	137.200	336.560	0.680	137.370	72.390	134.520	344.280	0.680		
0.690	122.080	77.280	137.200	336.560	0.690	137.370	69.540	134.520	341.430	0.690		
0.700	122.080	77.280	137.200	336.560	0.700	137.370	69.540	134.520	341.430	0.700		
0.710	122.080	77.280	134.960	334.320	0.710	137.370	69.540	134.520	341.430	0.710		
0.720	124.880	77.280	137.200	339.360	0.720	137.370	69.540	134.520	341.430	0.720		
0.730	124.850	77.000	134.750	336.600	0.730	134.520	69.540	134.520	338.580	0.730		
0.740	124.850	77.000	134.750	336.600	0.740	137.370	69.540	134.520	341.430	0.740		
0.750	124.850	77.000	137.500	339.350	0.750	135.000	69.660	135.000	339.660	0.750		
0.760	127.050	77.000	134.750	338.800	0.760	135.000	69.660	135.000	339.660	0.760		
0.770	127.050	77.000	134.750	338.800	0.770	135.000	69.660	135.000	339.660	0.770		
0.780	127.050	77.000	134.750	338.800	0.780	135.000	69.660	135.000	339.660	0.780		
0.790	127.050	77.000	134.750	338.800	0.790	135.000	67.500	132.300	334.800	0.790		
0.800	129.800	77.000	134.750	341.550	0.800	135.000	67.500	135.000	337.500	0.800		
0.810	129.800	77.000	134.750	341.550	0.810	135.000	67.500	132.300	334.800	0.810		
0.820	132.000	77.000	134.750	343.750	0.820	135.000	67.500	132.300	334.800	0.820		
0.830	132.000	77.000	134.750	343.750	0.830	135.000	67.500	132.300	334.800	0.830		
0.840	132.000	77.000	137.500	346.500	0.840	132.300	67.500	132.300	332.100	0.840		
0.850	132.000	77.000	134.750	343.750	0.850	132.300	64.800	132.300	329.400	0.850		
0.860	134.750	77.000	134.750	346.500	0.860	132.300	64.800	132.300	329.400	0.860		
0.870	134.750	77.000	134.750	346.500	0.870	132.300	64.800	129.600	326.700	0.870		
0.880	134.820	79.380	132.300	346.500	0.880	132.300	64.800	129.600	326.700	0.880		
0.890	137.340	77.490	132.300	347.130	0.890	129.600	64.800	129.600	324.000	0.890		
0.900	137.340	79.380	134.820	351.540	0.900	132.500	64.660	129.850	327.010	0.900		
0.910	139.860	79.380	134.820	354.060	0.910	129.850	64.660	129.850	324.360	0.910		
0.920	139.860	79.380	132.300	351.540	0.920	129.850	62.010	129.850	321.710	0.920		
0.930	139.860	79.380	132.300	351.540	0.930	129.850	62.010	129.850	321.710	0.930		
0.940	142.380	79.380	132.300	354.060	0.940	129.850	64.660	127.200	321.710	0.940		
0.950	142.380	79.380	132.300	354.060	0.950	127.200	62.010	127.200	316.410	0.950		
0.960	144.900	79.380	132.300	356.580	0.960	127.200	59.890	127.200	314.290	0.960		
0.970	147.420	79.380	132.300	359.100	0.970	127.200	59.890	127.200	314.290	0.970		
0.980	149.940	79.380	132.300	361.620	0.980	127.200	59.890	124.550	311.640	0.980		
0.990	152.460	79.380	132.300	364.140	0.990	124.550	59.890	124.550	308.990	0.990		
1.000	152.460	79.380	129.780	361.620	1.000	124.550	59.890	122.430	306.870	1.000		
1.010	154.980	79.380	129.780	364.140	1.010	124.550	59.890	122.430	306.870	1.010		
1.020	157.500	79.380	129.780	366.660	1.020	122.430	59.890	122.430	304.750	1.020		
1.030	157.080	79.560	127.160	363.800	1.030	122.430	57.240	124.550	304.220	1.030		
1.040	159.800	79.560	127.160	366.520	1.040	122.430	59.890	124.550	306.870	1.040		
1.050	161.840	79.560	127.160	368.560	1.050	122.430	57.240	124.550	304.220	1.050		
1.060	161.840	76.840	124.440	363.120	1.060	119.780	57.240	124.550	301.570	1.060		
1.070	164.560	79.560	124.440	368.560	1.070	119.780	57.240	124.550	301.570	1.070		
1.080	164.560	76.840	122.400	363.800	1.080	119.780	57.240	124.550	301.570	1.080		
1.090	167.280	76.840	122.400	366.520	1.090	117.130	57.240	124.550	298.920	1.090		
1.100	167.280	76.840	122.400	366.520	1.100	117.130	57.240	127.200	301.570	1.100		
1.110	167.280	76.840	122.400	366.520	1.110	117.130	57.240	127.200	301.570	1.110		
1.120	167.280	76.840	122.400	366.520	1.120	114.480	54.590	127.200	296.270	1.120		
1.130	170.000	76.840	119.680	366.520	1.130	117.130	57.240	127.200	301.570	1.130		
1.140	170.000	76.840	122.400	369.240	1.140	114.480	54.590	129.850	298.920	1.140		
1.150	170.000	74.800	119.680	364.480	1.150	114.480	54.590	129.850	298.920	1.150		
1.160	170.000	74.800	119.680	364.480	1.160	114.480	57.240	129.850	301.570	1.160		
1.170	170.000	74.800	119.680	364.480	1.170	114.480	54.590	132.500	301.570	1.170		
1.180	170.000	74.800	119.680	364.480	1.180	112.360	54.590	132.500	299.450	1.180		
1.190	170.000	74.800	116.960	361.760	1.190	114.480	54.590	132.500	301.570	1.190		
1.200	170.000	74.800	116.960	361.760	1.200	112.000	54.880	132.160	299.040	1.200		
1.210	170.000	74.800	116.960	361.760	1.210	112.000	54.880	134.960	301.840	1.210		
1.220	170.000	74.800	119.680	364.480	1.220	112.000	54.880	134.960	301.840	1.220		
1.230	170.000	74.800	116.960	361.760	1.230	112.000	54.880	134.960	301.840	1.230		
1.240	170.000	74.800	116.960	361.760	1.240	112.000	54.880	134.960	301.840	1.240		
1.250	170.000	74.800	116.960	361.760	1.250	112.000	54.880	134.960	301.840	1.250		
1.260	170.000	72.080	114.920	357.000	1.260	112.000	54.880	137.200	304.080	1.260		
1.270	170.000	74.800	116.960	361.760	1.270	112.000	57.120	137.200	306.320	1.270		
1.280	167.280	74.800	114.920	357.000	1.280	112.000	57.120	137.200	306.320	1.280		
1.290	167.280	74.800	116.960	359.040	1.290	109.760	57.120	137.200	304.080	1.290		
1.300	170.000	72.080	116.960	359.040	1.300	112.000	57.120	137.200	306.320	1.300		
1.310	167.280	72.080	114.920	354.280	1.310	109.760	54.880	137.200	301.840	1.310		
1.320	167.280	72.080	114.920	354.280	1.320	109.760	54.880	140.000	304.640	1.320		
1.330	167.500	74.370	117.250	359.120	1.330	112.000	54.880	140.000	306.880	1.330		
1.340	167.500	72.360	117.250	357.110	1.340	109.760	57.120	140.000	306.880	1.340		
1.350	164.820	72.360	117.250	354.430	1.350	112.290	57.000	139.650	308.940	1.350		
1.360	164.820	72.360	114.570	351.750	1.360	112.290	57.000	139.650	308.940	1.360		
1.370	167.500	72.360	117.250	357.110	1.370	112.290	57.000	142.500	311.790	1.370		
1.380	164.820	72.360	114.570	351.750	1.380	112.290	57.000	142.500	311.790	1.380		
1.390	164.820	72.360	114.570	351.750	1.390	112.290	57.000	142.500	311.790	1.390		
1.400	164.820	72.360	117.250	354.430	1.400	112.290	57.000	142.500	311.790	1.400		
1.410	164.820	72.360	114.570	351.750	1.410	112.290	57.000	142.500	311.790	1.410		
1.420	164.820	72.360	114.570	351.750	1.420	112.290	57.000	142.500	311.790	1.420		
1.430	162.140	72.360	117.250	351.750	1.430	112.290	57.000	142.500	311.790	1.430		
1.440	162.140	74.370	117.250	353.760	1.440	112.290	57.000	142.500	311.790	1.440		
1.450	162.140	72.360	117.250	351.750	1.450	112.290	57.000	142.500	311.790	1.450		
1.460	162.140	72.360	117.250	351.750	1.460	112.290	57.000	142.500	311.790	1.460		
1.470	162.140	72.360	117.250	351.750	1.470	112.290	57.000	142.500	311.790	1.470		
1.480	162.500	72.150	117.000	351.650	1.480	112.290	59.850	142.500	314.640	1.480		
1.490	159.900	72.150	117.000	349.050	1.490	112.290	59.850	142.500	314.640	1.490		
1.500	159.900	72.150	117.000	349.050	1.500	111.940	57.420	142.100	311.460	1.500		
1.510	159.900	72.150	117.000	349.050	1.510	114.840	59.740	142.100	316.680	1.510		
1.520	159.900	72.150	117.000	349.050	1.520	114.840	57.420	142.100	314.360	1.520		
1.530	159.900	72.150	117.000	349.050	1.530	114.840	59.740	142.100	316.680	1.530		
1.540	157.300	72.150	119.600	349.050	1.540	114.840	59.740	142.100	316.680	1.540		
1.550	157.300	72.150	119.600	349.050	1.550	117.160	59.740	142.100	319.000	1.550		
1.560	157.300	72.150	117.000	346.450	1.560	117.160	59.740	142.100	319.000	1.560		
1.570	157.300	72.150	119.600	349.050	1.570	117.160	59.740	142.100	319.000	1.570		
1.580	154.700	72.150	119.600	346.450	1.580	114.840	59.740	145.000	319.580	1.580		
1.590	154.700	72.150	119.600	346.450	1.590	117.160	59.740	142.100	319.000	1.590		
1.600	154.700	72.150	119.600	346.450	1.600	117.160	62.060	142.100	321.320	1.600		
1.610	152.100	72.150	119.600	343.850	1.610	119.480	62.060	145.000	326.540	1.610		
1.620	152.100	72.150	119.600	343.850	1.620	119.480	62.060	145.000	326.540	1.620		
1.630	152.500	71.980	122.000	346.480	1.630	119.480	62.060	142.100	323.640	1.630		
1.640	149.450	71.980	122.000	343.430	1.640	122.380	62.060	145.000	329.440	1.640		
1.650	147.010	71.980	122.000	340.990	1.650	122.380	64.960	145.000	332.340	1.650		
1.660	147.010	71.980	122.000	340.990	1.660	122.380	62.060	142.100	326.540	1.660		
1.670	147.010	71.980	122.000	340.990	1.670	122.380	64.960	145.000	332.340	1.670		
1.680	144.570	74.420	124.440	343.430	1.680	122.380	62.060	142.100	326.540	1.680		
1.690	144.570	74.420	124.440	343.430	1.690	124.700	64.960	142.100	331.760	1.690		
1.700	142.130	71.980	124.440	338.550	1.700	124.700	64.960	142.100	331.760	1.700		
1.710	142.130	74.420	124.440	340.990	1.710	124.700	64.960	142.100	331.760	1.710		
1.720	139.690	74.420	127.490	341.600	1.720	124.700	64.960	142.100	331.760	1.720		
1.730	139.690	74.420	127.490	341.600	1.730	127.020	67.280	139.780	334.080	1.730		
1.740	139.690	74.420	127.490	341.600	1.740	127.020	67.280	139.780	334.080	1.740		
1.750	137.250	74.420	129.930	341.600	1.750	127.020	64.960	137.460	329.440	1.750		
1.760	137.250	77.470	129.930	344.650	1.760	127.020	64.960	134.560	326.540	1.760		
1.770	137.250	77.470	132.370	347.090	1.770	129.920	67.280	134.560	331.760	1.770		
1.780	137.370	76.950	132.240	346.560	1.780	129.920	67.280	134.560	331.760	1.780		
1.790	137.370	76.950	132.240	346.560	1.790	129.920	67.280	132.240	329.440	1.790		
1.800	137.370	76.950	132.240	346.560	1.800	132.000	64.900	129.800	326.700	1.800		
1.810	137.370	79.800	134.520	351.690	1.810	132.000	67.100	129.800	328.900	1.810		
1.820	137.370	76.950	134.520	348.840	1.820	132.000	67.100	127.050	326.150	1.820		
1.830	137.370	79.800	134.520	351.690	1.830	134.750	67.100	124.850	326.700	1.830		
1.840	137.370	79.800	134.520	351.690	1.840	134.750	64.900	124.850	324.500	1.840		
1.850	137.370	79.800	134.520	351.690	1.850	134.750	67.100	124.850	326.700	1.850		
1.860	137.370	79.800	137.370	354.540	1.860	134.750	64.900	122.100	321.750	1.860		
1.870	137.370	82.080	137.370	356.820	1.870	134.750	67.100	122.100	323.950	1.870		
1.880	137.370	82.080	137.370	356.820	1.880	134.750	64.900	122.100	321.750	1.880		
1.890	137.370	82.080	137.370	356.820	1.890	134.750	67.100	119.900	321.750	1.890		
1.900	137.370	82.080	139.650	359.100	1.900	137.500	64.900	119.900	322.300	1.900		
1.910	137.370	82.080	139.650	359.100	1.910	134.750	67.100	119.900	321.750	1.910		
1.920	137.370	84.930	142.500	364.800	1.920	134.750	64.900	119.900	319.550	1.920		
1.930	137.250	82.350	139.690	359.290	1.930	134.750	67.100	117.150	319.000	1.930		
1.940	137.250	84.790	142.130	364.170	1.940	134.750	64.900	117.150	316.800	1.940		
1.950	134.810	82.350	139.690	356.850	1.950	137.500	64.900	117.150	319.550	1.950		
1.960	137.250	84.790	139.690	361.730	1.960	134.750	64.900	117.150	316.800	1.960		
1.970	137.250	84.790	142.130	364.170	1.970	134.750	64.900	117.150	316.800	1.970		
1.980	137.250	84.790	139.690	361.730	1.980	134.750	64.900	114.950	314.600	1.980		
1.990	137.250	84.790	139.690	361.730	1.990	134.750	64.900	114.950	314.600	1.990		
2.000	137.250	84.790	139.690	361.730	2.000	134.750	64.900	114.950	314.600	2.000		
2.010	139.690	84.790	139.690	364.170	2.010	132.000	64.900	117.150	314.050	2.010		
2.020	142.130	84.790	139.690	366.610	2.020	132.000	62.150	117.150	311.300	2.020		
2.030	142.130	84.790	137.250	364.170	2.030	132.000	62.150	114.950	309.100	2.030		
2.040	144.570	84.790	139.690	369.050	2.040	129.800	62.150	117.150	309.100	2.040		
2.050	147.010	84.790	137.250	369.050	2.050	129.800	62.150	117.150	309.100	2.050		
2.060	149.450	84.790	137.250	371.490	2.060	127.050	59.950	117.150	304.150	2.060		
2.070	152.500	84.790	134.810	372.100	2.070	124.850	59.950	119.900	304.700	2.070		
2.080	154.400	82.400	132.000	368.800	2.080	119.900	57.200	119.900	297.000	2.080		
2.090	156.800	82.400	132.000	371.200	2.090	114.950	55.000	119.900	289.850	2.090		
2.100	160.000	84.800	132.000	376.800	2.100	109.760	49.980	119.560	279.300	2.100		
2.110	164.800	84.800	132.000	381.600	2.110	104.860	49.980	122.500	277.340	2.110		
2.120	167.200	84.800	132.000	384.000	2.120	102.410	47.040	122.500	271.950	2.120		
2.130	169.600	87.200	132.000	388.800	2.130	97.020	44.590	122.500	264.110	2.130		
2.140	172.000	87.200	132.000	391.200	2.140	94.570	42.140	119.560	256.270	2.140		
2.150	176.800	87.200	132.000	396.000	2.150	89.670	39.690	119.560	248.920	2.150		
2.160	180.000	87.200	132.000	399.200	2.160	87.220	37.240	117.110	241.570	2.160		
2.170	182.400	87.200	129.600	399.200	2.170	84.770	37.240	117.110	239.120	2.170		
2.180	187.200	89.600	129.600	406.400	2.180	79.870	34.790	114.660	229.320	2.180		
2.190	189.600	89.600	129.600	408.800	2.190	79.870	32.340	112.210	224.420	2.190		
2.200	194.400	89.600	129.600	413.600	2.200	79.870	32.340	112.210	224.420	2.200		
2.210	196.800	89.600	127.200	413.600	2.210	79.870	32.340	109.760	221.970	2.210		
2.220	200.000	89.600	127.200	416.800	2.220	82.320	32.340	107.310	221.970	2.220		
2.230	204.240	89.240	124.200	417.680	2.230	82.320	34.790	107.310	224.420	2.230		
2.240	207.000	89.240	122.360	418.600	2.240	82.320	32.340	104.860	219.520	2.240		
2.250	209.760	89.240	122.360	421.360	2.250	84.710	32.250	104.920	221.880	2.250		
2.260	214.360	89.240	122.360	425.960	2.260	84.710	34.830	104.920	224.460	2.260		
2.270	217.120	89.240	119.600	425.960	2.270	84.710	34.830	104.920	224.460	2.270		
2.280	221.720	89.240	116.840	427.800	2.280	87.290	37.410	104.920	229.620	2.280		
2.290	224.480	87.400	116.840	428.720	2.290	87.290	37.410	104.920	229.620	2.290		
2.300	227.240	89.240	115.000	431.480	2.300	87.290	37.410	104.920	229.620	2.300		
2.310	230.000	89.240	115.000	434.240	2.310	89.870	37.410	107.500	234.780	2.310		
2.320	230.000	87.400	112.240	429.640	2.320	89.870	37.410	104.920	232.200	2.320		
2.330	230.000	87.400	112.240	429.640	2.330	89.870	37.410	104.920	232.200	2.330		
2.340	230.000	84.640	109.480	424.120	2.340	92.450	37.410	104.920	234.780	2.340		
2.350	230.000	84.640	109.480	424.120	2.350	92.450	37.410	102.340	232.200	2.350		
2.360	227.240	84.640	112.240	424.120	2.360	92.450	37.410	102.340	232.200	2.360		
2.370	224.480	81.880	109.480	415.840	2.370	92.450	37.410	102.340	232.200	2.370		
2.380	225.000	81.900	107.100	414.000	2.380	94.600	39.990	99.760	234.350	2.380		
2.390	222.300	79.200	107.100	408.600	2.390	94.600	39.990	99.760	234.350	2.390		
2.400	219.600	79.200	107.100	405.900	2.400	97.110	42.330	99.600	239.040	2.400		
2.410	216.900	79.200	107.100	403.200	2.410	99.600	44.820	102.090	246.510	2.410		
2.420	214.200	77.400	107.100	398.700	2.420	102.090	44.820	102.090	249.000	2.420		
2.430	212.400	74.700	104.400	391.500	2.430	104.580	47.310	102.090	253.980	2.430		
2.440	209.700	74.700	104.400	388.800	2.440	109.560	49.800	102.090	261.450	2.440		
2.450	207.000	72.000	101.700	380.700	2.450	117.030	52.290	104.580	273.900	2.450		
2.460	204.300	72.000	99.900	376.200	2.460	122.010	57.270	104.580	283.860	2.460		
2.470	199.800	67.500	97.200	364.500	2.470	129.480	59.760	104.580	293.820	2.470		
2.480	197.100	67.500	97.200	361.800	2.480	136.950	64.740	102.090	303.780	2.480		
2.490	191.700	64.800	97.200	353.700	2.490	146.910	69.720	102.090	318.720	2.490		
2.500	187.200	64.800	97.200	349.200	2.500	154.380	72.210	99.600	326.190	2.500		
2.510	180.000	62.100	91.800	333.900	2.510	166.830	79.680	97.110	343.620	2.510		
2.520	171.900	59.400	91.800	323.100	2.520	176.790	84.660	97.110	358.560	2.520		
2.530	165.000	54.780	89.760	309.540	2.530	191.730	89.640	92.130	373.500	2.530		
2.540	157.080	54.780	87.120	298.980	2.540	207.500	94.620	89.640	391.760	2.540		
2.550	149.820	52.140	84.480	286.440	2.550	221.370	98.910	84.780	405.060	2.550		
2.560	141.900	49.500	84.480	275.880	2.560	238.640	106.760	84.780	430.180	2.560		
2.570	134.640	44.880	79.860	259.380	2.570	251.200	111.470	78.500	441.170	2.570		
2.580	127.380	42.240	74.580	244.200	2.580	266.900	116.180	76.930	460.010	2.580		
2.590	119.460	36.960	69.960	226.380	2.590	281.030	119.320	73.790	474.140	2.590		
2.600	109.560	34.980	64.680	209.220	2.600	293.590	124.030	72.220	489.840	2.600		
2.610	102.300	32.340	59.400	194.040	2.610	306.150	127.170	65.940	499.260	2.610		
2.620	92.400	29.700	54.780	176.880	2.620	321.850	131.880	65.940	519.670	2.620		
2.630	82.500	24.420	44.880	151.800	2.630	331.270	133.450	64.370	529.090	2.630		
2.640	71.940	22.440	44.880	139.260	2.640	343.830	136.590	64.370	544.790	2.640		
2.650	59.400	22.440	39.600	121.440	2.650	354.820	141.300	61.230	557.350	2.650		
2.660	46.860	19.800	36.960	103.620	2.660	364.240	141.300	61.230	566.770	2.660		
2.670	36.960	17.160	34.980	89.100	2.670	373.660	149.150	61.230	584.040	2.670		
2.680	27.480	17.400	30.000	74.880	2.680	381.510	152.290	64.370	598.170	2.680		
2.690	17.400	15.000	27.480	59.880	2.690	392.500	157.000	65.940	615.440	2.690		
2.700	7.440	15.000	24.960	47.400	2.700	398.790	160.650	69.930	629.370	2.700		
2.710	0.000	12.480	19.920	32.400	2.710	406.350	168.210	71.820	646.380	2.710		
2.720	0.000	12.480	19.920	32.400	2.720	408.240	173.880	73.710	655.830	2.720		
2.730	0.000	9.960	19.920	29.880	2.730	413.910	175.770	77.490	667.170	2.730		
2.740	0.000	9.960	17.400	27.360	2.740	419.580	179.550	79.380	678.510	2.740		
2.750	0.000	9.960	17.400	27.360	2.750	421.470	181.440	79.380	682.290	2.750		
2.760	0.000	9.960	17.400	27.360	2.760	427.140	183.330	81.270	691.740	2.760		
2.770	0.000	9.960	17.400	27.360	2.770	434.700	187.110	81.270	703.080	2.770		
2.780	0.000	7.440	15.000	22.440	2.780	438.480	189.000	81.270	708.750	2.780		
2.790	0.000	7.440	12.480	19.920	2.790	444.150	189.000	79.380	712.530	2.790		
2.800	0.000	7.440	12.480	19.920	2.800	451.710	190.890	79.380	721.980	2.800		
2.810	0.000	7.440	9.960	17.400	2.810	457.380	190.890	79.380	727.650	2.810		
2.820	0.000	7.440	7.440	14.880	2.820	461.160	189.000	77.490	727.650	2.820		
2.830	0.000	5.000	5.000	10.000	2.830	466.830	187.110	73.710	727.650	2.830		
2.840	0.000	5.000	2.500	7.500	2.840	472.500	187.110	71.820	731.430	2.840		
2.850	0.000	5.000	0.000	5.000	2.850	476.700	186.900	69.300	732.900	2.850		
2.860	0.000	2.500	0.000	2.500	2.860	480.900	184.800	67.200	732.900	2.860		
2.870	0.000	2.500	0.000	2.500	2.870	487.200	180.600	63.000	730.800	2.870		
2.880	0.000	2.500	0.000	2.500	2.880	489.300	178.500	60.900	728.700	2.880		
2.890	0.000	2.500	0.000	2.500	2.890	491.400	176.400	56.700	724.500	2.890		
2.900	0.000	2.500	0.000	2.500	2.900	495.600	174.300	54.600	724.500	2.900		
2.910	0.000	2.500	0.000	2.500	2.910	499.800	168.000	52.500	720.300	2.910		
2.920	0.000	2.500	0.000	2.500	2.920	501.900	168.000	52.500	722.400	2.920		
2.930	0.000	2.500	0.000	2.500	2.930	504.000	163.800	48.300	716.100	2.930		
2.940	0.000	2.500	0.000	2.500	2.940	506.100	161.700	46.200	714.000	2.940		
2.950	0.000	2.500	0.000	2.500	2.950	508.200	159.600	44.100	711.900	2.950		
2.960	0.000	2.500	0.000	2.500	2.960	512.400	159.600	44.100	716.100	2.960		
2.970	0.000	2.500	0.000	2.500	2.970	516.600	157.500	42.000	716.100	2.970		
2.980	0.000	2.500	0.000	2.500	2.980	518.700	153.300	39.900	711.900	2.980		
2.990	0.000	2.500	0.000	2.500	2.990	525.000	151.200	35.700	711.900	2.990		
3.000	0.000	2.500	0.000	2.500	3.000	528.990	148.850	34.350	712.190	3.000		
3.010	0.000	2.500	0.000	2.500	3.010	533.570	146.560	34.350	714.480	3.010		
3.020	0.000	2.500	0.000	2.500	3.020	538.150	146.560	34.350	719.060	3.020		
3.030	0.000	2.500	0.000	2.500	3.030	542.730	144.270	32.060	719.060	3.030		
3.040	0.000	2.500	0.000	2.500	3.040	547.310	141.980	29.770	719.060	3.040		
3.050	0.000	2.500	0.000	2.500	3.050	551.890	139.690	29.770	721.350	3.050		
3.060	0.000	2.500	0.000	2.500	3.060	556.470	137.400	29.770	723.640	3.060		
3.070	0.000	2.500	0.000	2.500	3.070	556.470	130.530	27.480	714.480	3.070		
3.080	0.000	2.500	0.000	2.500	3.080	561.050	128.240	27.480	716.770	3.080		
3.090	0.000	2.500	0.000	2.500	3.090	563.340	125.950	22.900	712.190	3.090		
3.100	0.000	2.500	0.000	2.500	3.100	565.630	123.660	22.900	712.190	3.100		
3.110	0.000	2.500	0.000	2.500	3.110	565.630	119.080	22.900	707.610	3.110		
3.120	0.000	0.000	0.000	0.000	3.120	567.920	116.790	20.610	705.320	3.120		
3.130	0.000	2.400	0.000	2.400	3.130	567.920	112.210	20.610	700.740	3.130		
3.140	0.000	2.400	0.000	2.400	3.140	572.500	109.920	18.320	700.740	3.140		
3.150	0.000	0.000	0.000	0.000	3.150	572.500	103.050	18.320	693.870	3.150		
3.160	0.000	2.400	0.000	2.400	3.160	567.920	98.470	16.030	682.420	3.160		
3.170	0.000	2.400	0.000	2.400	3.170	565.630	93.890	16.030	675.550	3.170		
3.180	0.000	2.400	0.000	2.400	3.180	558.760	91.600	13.740	664.100	3.180		
3.190	2.400	2.400	0.000	4.800	3.190	554.180	87.020	13.740	654.940	3.190		
3.200	12.400	4.800	0.000	17.200	3.200	547.310	84.730	13.740	645.780	3.200		
3.210	22.400	2.400	0.000	24.800	3.210	547.310	77.860	11.450	636.620	3.210		
3.220	32.400	4.800	0.000	37.200	3.220	547.310	75.570	11.450	634.330	3.220		
3.230	42.400	7.200	0.000	49.600	3.230	547.310	73.280	9.160	629.750	3.230		
3.240	52.400	12.400	4.800	69.600	3.240	547.310	68.700	9.160	625.170	3.240		
3.250	62.400	12.400	7.200	82.000	3.250	542.730	66.410	6.870	616.010	3.250		
3.260	77.200	12.400	10.000	99.600	3.260	540.440	61.830	6.870	609.140	3.260		
3.270	100.000	14.800	10.000	124.800	3.270	538.150	57.250	4.580	599.980	3.270		
3.280	124.230	22.140	14.760	161.130	3.280	528.990	50.380	4.580	583.950	3.280		
3.290	146.370	24.600	14.760	185.730	3.290	510.670	43.510	2.290	556.470	3.290		
3.300	164.820	29.520	19.680	214.020	3.300	492.500	39.400	0.000	531.900	3.300		
3.310	177.120	31.980	22.140	231.240	3.310	468.860	33.490	0.000	502.350	3.310		
3.320	189.420	36.900	24.600	250.920	3.320	443.250	29.550	0.000	472.800	3.320		
3.330	199.260	41.820	29.520	270.600	3.330	413.700	23.640	0.000	437.340	3.330		
3.340	209.100	46.740	31.980	287.820	3.340	378.240	15.760	0.000	394.000	3.340		
3.350	218.940	49.200	36.900	305.040	3.350	338.840	9.850	0.000	348.690	3.350		
3.360	226.320	54.120	39.360	319.800	3.360	299.440	5.910	0.000	305.350	3.360		
3.370	237.390	59.040	46.740	343.170	3.370	256.100	3.940	0.000	260.040	3.370		
3.380	249.690	66.420	51.660	367.770	3.380	214.730	0.000	0.000	214.730	3.380		
3.390	261.990	71.340	56.580	389.910	3.390	173.360	0.000	0.000	173.360	3.390		
3.400	276.750	79.950	63.960	420.660	3.400	133.960	0.000	0.000	133.960	3.400		
3.410	291.510	89.790	68.880	450.180	3.410	104.410	0.000	0.000	104.410	3.410		
3.420	307.500	97.170	73.800	478.470	3.420	74.860	0.000	0.000	74.860	3.420		
3.430	322.500	106.500	84.000	513.000	3.430	53.190	0.000	0.000	53.190	3.430		
3.440	337.500	114.000	90.000	541.500	3.440	37.430	0.000	0.000	37.430	3.440		
3.450	349.500	121.500	99.000	570.000	3.450	27.500	0.000	0.000	27.500	3.450		
3.460	360.000	129.000	106.500	595.500	3.460	22.440	0.000	0.000	22.440	3.460		
3.470	367.500	136.500	114.000	618.000	3.470	19.910	0.000	0.000	19.910	3.470		
3.480	372.000	144.000	121.500	637.500	3.480	17.490	0.000	0.000	17.490	3.480		
3.490	375.000	151.500	135.000	661.500	3.490	14.960	0.000	0.000	14.960	3.490		
3.500	375.000	157.500	142.500	675.000	3.500	12.430	0.000	0.000	12.430	3.500		
3.510	369.000	165.000	151.500	685.500	3.510	9.900	0.000	0.000	9.900	3.510		
3.520	357.000	169.500	162.000	688.500	3.520	9.900	0.000	0.000	9.900	3.520		
3.530	342.000	172.500	169.500	684.000	3.530	7.480	0.000	0.000	7.480	3.530		
3.540	322.500	177.000	180.000	679.500	3.540	7.480	0.000	0.000	7.480	3.540		
3.550	301.500	180.000	192.000	673.500	3.550	4.950	0.000	0.000	4.950	3.550		
3.560	279.000	180.000	204.000	663.000	3.560	4.950	0.000	0.000	4.950	3.560		
3.570	256.500	181.500	214.500	652.500	3.570	4.950	0.000	0.000	4.950	3.570		
3.580	234.910	184.210	229.840	648.960	3.580	4.950	0.000	0.000	4.950	3.580		
3.590	216.320	184.210	239.980	640.510	3.590	4.950	0.000	0.000	4.950	3.590		
3.600	199.420	184.210	251.810	635.440	3.600	2.500	0.000	0.000	2.500	3.600		
3.610	184.210	185.900	263.640	633.750	3.610	2.500	0.000	0.000	2.500	3.610		
3.620	169.000	185.900	277.160	632.060	3.620	2.500	0.000	0.000	2.500	3.620		
3.630	157.170	189.280	288.990	635.440	3.630	0.000	0.000	0.000	0.000	3.630		
3.640	143.650	189.280	300.820	633.750	3.640	0.000	0.000	0.000	0.000	3.640		
3.650	131.820	190.970	316.030	638.820	3.650	2.500	0.000	0.000	2.500	3.650		
3.660	121.680	190.970	331.240	643.890	3.660	2.500	0.000	0.000	2.500	3.660		
3.670	109.850	190.970	344.760	645.580	3.670	2.500	0.000	0.000	2.500	3.670		
3.680	99.710	189.280	359.970	648.960	3.680	0.000	0.000	0.000	0.000	3.680		
3.690	89.570	190.970	376.870	657.410	3.690	2.500	0.000	0.000	2.500	3.690		
3.700	79.430	189.280	388.700	657.410	3.700	2.500	0.000	0.000	2.500	3.700		
3.710	70.980	185.900	407.290	664.170	3.710	2.500	0.000	0.000	2.500	3.710		
3.720	64.220	185.900	422.500	672.620	3.720	2.500	0.000	0.000	2.500	3.720		
3.730	56.540	182.470	442.040	681.050	3.730	2.500	0.000	0.000	2.500	3.730		
3.740	48.830	179.900	457.460	686.190	3.740	2.500	0.000	0.000	2.500	3.740		
3.750	46.260	177.330	475.450	699.040	3.750	0.000	0.000	0.000	0.000	3.750		
3.760	43.690	172.190	493.440	709.320	3.760	2.310	0.000	0.000	2.310	3.760		
3.770	38.550	167.050	508.860	714.460	3.770	0.000	0.000	0.000	0.000	3.770		
3.780	35.980	161.910	526.850	724.740	3.780	0.000	0.000	0.000	0.000	3.780		
3.790	33.410	154.200	544.840	732.450	3.790	0.000	0.000	0.000	0.000	3.790		
3.800	30.840	146.490	557.690	735.020	3.800	0.000	0.000	0.000	0.000	3.800		
3.810	25.700	138.780	573.110	737.590	3.810	0.000	0.000	0.000	0.000	3.810		
3.820	20.560	131.070	591.100	742.730	3.820	0.000	0.000	0.000	0.000	3.820		
3.830	15.420	120.790	603.950	740.160	3.830	0.000	0.000	0.000	0.000	3.830		
3.840	10.280	110.510	616.800	737.590	3.840	0.000	0.000	0.000	0.000	3.840		
3.850	7.710	100.230	629.650	737.590	3.850	0.000	0.000	7.260	7.260	3.850		
3.860	5.140	89.950	639.930	735.020	3.860	0.000	0.000	19.800	19.800	3.860		
3.870	2.570	84.810	642.500	729.880	3.870	0.000	0.000	37.290	37.290	3.870		
3.880	0.000	77.400	645.000	722.400	3.880	0.000	0.000	54.780	54.780	3.880		
3.890	0.000	69.660	645.000	714.660	3.890	0.000	0.000	82.500	82.500	3.890		
3.900	0.000	61.920	639.840	701.760	3.900	0.000	0.000	112.140	112.140	3.900		
3.910	0.000	54.180	632.100	686.280	3.910	0.000	0.000	142.400	142.400	3.910		
3.920	0.000	49.020	616.620	665.640	3.920	1.780	1.780	167.320	170.880	3.920		
3.930	0.000	43.860	598.560	642.420	3.930	3.560	3.560	194.020	201.140	3.930		
3.940	0.000	38.700	575.340	614.040	3.940	7.120	7.120	222.500	236.740	3.940		
3.950	0.000	36.120	546.960	583.080	3.950	8.900	12.460	243.860	265.220	3.950		
3.960	0.000	30.960	510.840	541.800	3.960	14.240	14.240	267.000	295.480	3.960		
3.970	0.000	25.800	466.980	492.780	3.970	16.020	21.360	288.360	325.740	3.970		
3.980	0.000	20.640	410.220	430.860	3.980	24.920	33.820	316.840	375.580	3.980		
3.990	0.000	15.480	348.300	363.780	3.990	37.380	44.500	336.420	418.300	3.990		
4.000	0.000	10.320	281.220	291.540	4.000	44.500	51.620	354.220	450.340	4.000		
4.010	0.000	5.160	206.400	211.560	4.010	53.400	58.740	373.800	485.940	4.010		
4.020	0.000	0.000	139.320	139.320	4.020	64.080	65.860	396.940	526.880	4.020		
4.030	0.000	0.000	85.000	85.000	4.030	69.420	76.540	421.860	567.820	4.030		
4.040	0.000	0.000	54.740	54.740	4.040	74.760	81.880	445.000	601.640	4.040		
4.050	0.000	0.000	34.680	34.680	4.050	78.780	88.880	466.620	634.280	4.050		
4.060	0.000	0.000	22.440	22.440	4.060	84.840	94.940	480.760	660.540	4.060		
4.070	0.000	0.000	17.340	17.340	4.070	84.840	96.960	494.900	676.700	4.070		
4.080	0.000	0.000	12.240	12.240	4.080	86.860	98.980	500.960	686.800	4.080		
4.090	0.000	0.000	9.860	9.860	4.090	86.860	101.000	505.000	692.860	4.090		
4.100	0.000	0.000	9.860	9.860	4.100	86.860	101.000	500.960	688.820	4.100		
4.110	0.000	0.000	7.480	7.480	4.110	86.860	101.000	494.900	682.760	4.110		
4.120	0.000	0.000	7.480	7.480	4.120	86.860	101.000	486.820	674.680	4.120		
4.130	0.000	0.000	7.480	7.480	4.130	88.880	101.000	470.660	660.540	4.130		
4.140	0.000	0.000	4.760	4.760	4.140	88.880	101.000	458.540	648.420	4.140		
4.150	0.000	0.000	4.760	4.760	4.150	90.900	103.020	444.400	638.320	4.150		
4.160	0.000	0.000	2.380	2.380	4.160	94.940	103.020	426.220	624.180	4.160		
4.170	0.000	0.000	2.380	2.380	4.170	98.980	107.060	408.040	614.080	4.170		
4.180	0.000	0.000	2.500	2.500	4.180	103.020	107.060	393.900	603.980	4.180		
4.190	0.000	0.000	0.000	0.000	4.190	109.080	111.100	375.720	595.900	4.190		
4.200	0.000	0.000	2.500	2.500	4.200	112.320	113.760	360.000	586.080	4.200		
4.210	0.000	0.000	2.500	2.500	4.210	116.640	116.640	344.160	577.440	4.210		
4.220	0.000	0.000	0.000	0.000	4.220	122.400	119.520	331.200	573.120	4.220		
4.230	0.000	0.000	0.000	0.000	4.230	126.720	123.840	316.800	567.360	4.230		
4.240	0.000	0.000	0.000	0.000	4.240	132.480	126.720	303.840	563.040	4.240		
4.250	0.000	0.000	0.000	0.000	4.250	141.120	132.480	293.760	567.360	4.250		
4.260	0.000	0.000	0.000	0.000	4.260	146.880	136.800	282.240	565.920	4.260		
4.270	0.000	0.000	0.000	0.000	4.270	154.080	139.680	272.160	565.920	4.270		
4.280	0.000	0.000	0.000	0.000	4.280	161.280	144.000	262.080	567.360	4.280		
4.290	0.000	0.000	0.000	0.000	4.290	167.040	146.880	254.880	568.800	4.290		
4.300	0.000	0.000	0.000	0.000	4.300	174.240	151.200	246.240	571.680	4.300		
4.310	0.000	0.000	0.000	0.000	4.310	184.320	156.960	239.040	580.320	4.310		
4.320	0.000	0.000	0.000	0.000	4.320	194.400	161.280	231.840	587.520	4.320		
4.330	0.000	0.000	0.000	0.000	4.330	204.480	167.040	224.640	596.160	4.330		
4.340	0.000	0.000	0.000	0.000	4.340	218.880	171.360	217.440	607.680	4.340		
4.350	0.000	0.000	0.000	0.000	4.350	234.260	179.010	205.530	618.800	4.350		
4.360	0.000	0.000	0.000	0.000	4.360	251.940	183.430	196.690	632.060	4.360		
4.370	0.000	0.000	0.000	0.000	4.370	267.410	185.640	185.640	638.690	4.370		
4.380	0.000	0.000	0.000	0.000	4.380	282.880	192.270	174.590	649.740	4.380		
4.390	0.000	0.000	0.000	0.000	4.390	307.190	194.480	161.330	663.000	4.390		
4.400	0.000	0.000	0.000	0.000	4.400	327.080	196.690	148.070	671.840	4.400		
4.410	0.000	0.000	0.000	0.000	4.410	349.180	198.900	134.810	682.890	4.410		
4.420	0.000	0.000	0.000	0.000	4.420	373.490	196.690	119.340	689.520	4.420		
4.430	0.000	0.000	0.000	0.000	4.430	395.590	196.690	106.080	698.360	4.430		
4.440	0.000	0.000	0.000	0.000	4.440	424.320	192.270	88.400	704.990	4.440		
4.450	0.000	0.000	0.000	0.000	4.450	448.630	185.640	77.350	711.620	4.450		
4.460	0.000	0.000	0.000	0.000	4.460	477.360	179.010	66.300	722.670	4.460		
4.470	0.000	0.000	0.000	0.000	4.470	501.670	172.380	59.670	733.720	4.470		
4.480	0.000	0.000	0.000	0.000	4.480	525.980	156.910	53.040	735.930	4.480		
4.490	0.000	0.000	2.200	2.200	4.490	552.500	143.650	48.620	744.770	4.490		
4.500	0.000	0.000	0.000	0.000	4.500	573.300	129.850	41.650	744.800	4.500		
4.510	0.000	0.000	0.000	0.000	4.510	590.450	115.150	36.750	742.350	4.510		
4.520	6.600	0.000	0.000	6.600	4.520	600.250	102.900	34.300	737.450	4.520		
4.530	31.900	0.000	0.000	31.900	4.530	607.600	88.200	29.400	725.200	4.530		
4.540	51.700	0.000	0.000	51.700	4.540	612.500	80.850	22.050	715.400	4.540		
4.550	69.300	0.000	0.000	69.300	4.550	607.600	68.600	17.150	693.350	4.550		
4.560	94.600	0.000	0.000	94.600	4.560	600.250	58.800	9.800	668.850	4.560		
4.570	122.100	0.000	0.000	122.100	4.570	588.000	51.450	7.350	646.800	4.570		
4.580	154.000	0.000	0.000	154.000	4.580	573.300	44.100	2.450	619.850	4.580		
4.590	189.200	0.000	2.200	191.400	4.590	551.250	39.200	0.000	590.450	4.590		
4.600	220.000	2.200	4.400	226.600	4.600	524.300	34.300	0.000	558.600	4.600		
4.610	249.700	6.600	6.600	262.900	4.610	490.000	31.850	0.000	521.850	4.610		
4.620	275.000	12.100	9.900	297.000	4.620	448.350	24.500	0.000	472.850	4.620		
4.630	294.450	13.650	13.650	321.750	4.630	401.800	22.050	0.000	423.850	4.630		
4.640	308.100	21.450	15.600	345.150	4.640	340.550	17.150	0.000	357.700	4.640		
4.650	319.800	29.250	19.500	368.550	4.650	267.500	11.770	0.000	279.270	4.650		
4.660	331.500	33.150	21.450	386.100	4.660	196.880	9.630	0.000	206.510	4.660		
4.670	341.250	37.050	27.300	405.600	4.670	139.100	4.280	0.000	143.380	4.670		
4.680	354.900	40.950	29.250	425.100	4.680	92.020	0.000	0.000	92.020	4.680		
4.690	368.550	44.850	33.150	446.550	4.690	56.710	0.000	0.000	56.710	4.690		
4.700	390.000	48.750	37.050	475.800	4.700	34.240	0.000	0.000	34.240	4.700		
4.710	405.600	56.550	39.000	501.150	4.710	22.470	0.000	0.000	22.470	4.710		
4.720	427.050	62.400	44.850	534.300	4.720	11.770	0.000	0.000	11.770	4.720		
4.730	440.700	64.350	48.750	553.800	4.730	9.630	0.000	0.000	9.630	4.730		
4.740	458.250	68.250	54.600	581.100	4.740	4.280	0.000	0.000	4.280	4.740		
4.750	471.900	74.100	56.550	602.550	4.750	4.280	0.000	0.000	4.280	4.750		
4.760	481.650	76.050	58.500	616.200	4.760	4.280	0.000	0.000	4.280	4.760		
4.770	487.500	81.900	64.350	633.750	4.770	0.000	0.000	0.000	0.000	4.770		
4.780	485.000	81.480	64.020	630.500	4.780	2.140	0.000	0.000	2.140	4.780		
4.790	479.180	83.420	65.960	628.560	4.790	0.000	0.000	0.000	0.000	4.790		
4.800	471.420	83.420	69.840	624.680	4.800	0.000	0.000	0.000	0.000	4.800		
4.810	461.720	83.420	69.840	614.980	4.810	0.000	0.000	0.000	0.000	4.810		
4.820	452.020	87.300	73.720	613.040	4.820	0.000	0.000	0.000	0.000	4.820		
4.830	442.320	89.240	73.720	605.280	4.830	0.000	0.000	0.000	0.000	4.830		
4.840	430.680	89.240	79.540	599.460	4.840	0.000	0.000	0.000	0.000	4.840		
4.850	419.040	91.180	83.420	593.640	4.850	0.000	0.000	0.000	0.000	4.850		
4.860	407.400	91.180	87.300	585.880	4.860	0.000	0.000	0.000	0.000	4.860		
4.870	393.820	93.120	91.180	578.120	4.870	0.000	0.000	0.000	0.000	4.870		
4.880	382.180	97.000	98.940	578.120	4.880	0.000	0.000	0.000	0.000	4.880		
4.890	368.600	98.940	106.700	574.240	4.890	0.000	0.000	0.000	0.000	4.890		
4.900	356.960	100.880	110.580	568.420	4.900	0.000	0.000	0.000	0.000	4.900		
4.910	343.380	106.700	122.220	572.300	4.910	0.000	0.000	0.000	0.000	4.910		
4.920	331.740	110.580	131.920	574.240	4.920	0.000	0.000	0.000	0.000	4.920		
4.930	318.420	116.580	144.420	579.420	4.930	0.000	0.000	0.000	0.000	4.930		
4.940	304.500	123.540	158.340	586.380	4.940	0.000	0.000	0.000	0.000	4.940		
4.950	292.320	132.240	172.260	596.820	4.950	0.000	0.000	0.000	0.000	4.950		
4.960	278.400	137.460	186.180	602.040	4.960	0.000	0.000	0.000	0.000	4.960		
4.970	264.480	144.420	201.840	610.740	4.970	0.000	0.000	0.000	0.000	4.970		
4.980	248.820	149.640	219.240	617.700	4.980	0.000	0.000	0.000	0.000	4.980		
4.990	231.420	156.600	238.380	626.400	4.990	0.000	0.000	0.000	0.000	4.990		
5.000	214.020	163.560	259.260	636.840	5.000	0.000	0.000	0.000	0.000	5.000		
5.010	194.880	168.780	281.880	645.540	5.010	0.000	0.000	0.000	0.000	5.010		
5.020	174.000	174.000	306.240	654.240	5.020	0.000	0.000	0.000	0.000	5.020		
5.030	156.600	177.480	328.860	662.940	5.030	0.000	0.000	0.000	0.000	5.030		
5.040	139.200	180.960	354.960	675.120	5.040	0.000	0.000	0.000	0.000	5.040		
5.050	118.320	180.960	379.320	678.600	5.050	0.000	0.000	0.000	0.000	5.050		
5.060	100.920	179.220	407.160	687.300	5.060	0.000	0.000	0.000	0.000	5.060		
5.070	83.520	177.480	435.000	696.000	5.070	0.000	0.000	0.000	0.000	5.070		
5.080	70.000	170.000	467.500	707.500	5.080	0.000	0.000	0.000	0.000	5.080		
5.090	57.500	162.500	500.000	720.000	5.090	0.000	0.000	0.000	0.000	5.090		
5.100	50.000	150.000	525.000	725.000	5.100	0.000	0.000	0.000	0.000	5.100		
5.110	45.000	140.000	550.000	735.000	5.110	0.000	0.000	0.000	0.000	5.110		
5.120	40.000	125.000	575.000	740.000	5.120	0.000	0.000	0.000	0.000	5.120		
5.130	35.000	112.500	595.000	742.500	5.130	0.000	0.000	19.110	19.110	5.130		
5.140	32.500	97.500	607.500	737.500	5.140	0.000	0.000	54.390	54.390	5.140		
5.150	25.000	85.000	620.000	730.000	5.150	0.000	0.000	101.430	101.430	5.150		
5.160	17.500	72.500	625.000	715.000	5.160	0.000	0.000	147.000	147.000	5.160		
5.170	12.500	60.000	625.000	697.500	5.170	0.000	0.000	186.690	186.690	5.170		
5.180	10.000	52.500	617.500	680.000	5.180	0.000	1.470	224.910	226.380	5.180		
5.190	5.000	42.500	605.000	652.500	5.190	1.470	4.410	261.660	267.540	5.190		
5.200	0.000	35.000	587.500	622.500	5.200	7.350	7.350	291.060	305.760	5.200		
5.210	0.000	30.000	560.000	590.000	5.210	8.820	11.760	316.050	336.630	5.210		
5.220	0.000	20.000	525.000	545.000	5.220	11.760	14.700	333.690	360.150	5.220		
5.230	0.000	11.460	477.500	488.960	5.230	14.700	22.050	351.330	388.080	5.230		
5.240	0.000	5.730	416.380	422.110	5.240	22.050	26.460	367.500	416.010	5.240		
5.250	0.000	3.820	353.350	357.170	5.250	26.040	39.060	388.740	453.840	5.250		
5.260	0.000	1.910	284.590	286.500	5.260	37.200	48.360	403.620	489.180	5.260		
5.270	0.000	0.000	208.190	208.190	5.270	39.060	55.800	411.060	505.920	5.270		
5.280	0.000	0.000	143.250	143.250	5.280	46.500	66.960	422.220	535.680	5.280		
5.290	0.000	0.000	89.770	89.770	5.290	52.080	70.680	437.100	559.860	5.290		
5.300	0.000	0.000	51.570	51.570	5.300	55.800	79.980	448.260	584.040	5.300		
5.310	0.000	0.000	32.470	32.470	5.310	61.380	87.420	455.700	604.500	5.310		
5.320	0.000	0.000	17.190	17.190	5.320	68.820	94.860	465.000	628.680	5.320		
5.330	0.000	0.000	17.190	17.190	5.330	76.260	104.160	465.000	645.420	5.330		
5.340	0.000	0.000	11.460	11.460	5.340	83.700	113.460	459.420	656.580	5.340		
5.350	0.000	0.000	11.460	11.460	5.350	89.280	120.900	448.260	658.440	5.350		
5.360	0.000	0.000	9.550	9.550	5.360	94.860	126.480	437.100	658.440	5.360		
5.370	0.000	0.000	9.550	9.550	5.370	102.300	132.060	422.220	656.580	5.370		
5.380	0.000	0.000	7.500	7.500	5.380	109.740	135.780	403.620	649.140	5.380		
5.390	0.000	0.000	7.500	7.500	5.390	117.180	143.220	383.160	643.560	5.390		
5.400	0.000	0.000	4.980	4.980	5.400	126.720	149.760	360.000	636.480	5.400		
5.410	0.000	0.000	4.980	4.980	5.410	136.800	154.080	334.080	624.960	5.410		
5.420	0.000	0.000	4.980	4.980	5.420	149.760	159.840	312.480	622.080	5.420		
5.430	0.000	0.000	4.980	4.980	5.430	156.960	161.280	289.440	607.680	5.430		
5.440	0.000	0.000	2.490	2.490	5.440	167.040	164.160	269.280	600.480	5.440		
5.450	0.000	0.000	4.980	4.980	5.450	177.120	167.040	249.120	593.280	5.450		
5.460	0.000	0.000	2.490	2.490	5.460	184.320	167.040	231.840	583.200	5.460		
5.470	0.000	0.000	2.490	2.490	5.470	194.400	167.040	217.440	578.880	5.470		
5.480	0.000	0.000	2.490	2.490	5.480	204.480	167.040	198.720	570.240	5.480		
5.490	0.000	0.000	2.490	2.490	5.490	214.560	164.160	187.200	565.920	5.490		
5.500	0.000	0.000	2.490	2.490	5.500	221.760	164.160	177.120	563.040	5.500		
5.510	0.000	0.000	0.000	0.000	5.510	231.840	161.280	167.040	560.160	5.510		
5.520	0.000	0.000	0.000	0.000	5.520	241.920	161.280	156.960	560.160	5.520		
5.530	0.000	0.000	0.000	0.000	5.530	254.880	161.280	149.760	565.920	5.530		
5.540	0.000	0.000	0.000	0.000	5.540	269.280	164.160	141.120	574.560	5.540		
5.550	0.000	0.000	0.000	0.000	5.550	282.880	163.540	137.020	583.440	5.550		
5.560	0.000	0.000	0.000	0.000	5.560	296.140	165.750	134.810	596.700	5.560		
5.570	0.000	0.000	0.000	0.000	5.570	309.400	165.750	128.180	603.330	5.570		
5.580	0.000	0.000	0.000	0.000	5.580	327.080	172.380	128.180	627.640	5.580		
5.590	0.000	0.000	0.000	0.000	5.590	340.340	174.590	125.970	640.900	5.590		
5.600	0.000	0.000	0.000	0.000	5.600	362.440	176.800	121.550	660.790	5.600		
5.610	0.000	0.000	0.000	0.000	5.610	377.910	181.220	114.920	674.050	5.610		
5.620	0.000	0.000	0.000	0.000	5.620	402.220	183.430	103.870	689.520	5.620		
5.630	0.000	0.000	0.000	0.000	5.630	424.320	181.220	92.820	698.360	5.630		
5.640	0.000	0.000	0.000	0.000	5.640	444.210	181.220	83.980	709.410	5.640		
5.650	0.000	0.000	0.000	0.000	5.650	466.310	176.800	72.930	716.040	5.650		
5.660	0.000	0.000	0.000	0.000	5.660	486.200	167.960	66.300	720.460	5.660		
5.670	0.000	0.000	0.000	0.000	5.670	506.090	163.540	59.670	729.300	5.670		
5.680	0.000	0.000	0.000	0.000	5.680	528.190	154.700	53.040	735.930	5.680		
5.690	0.000	0.000	0.000	0.000	5.690	552.500	145.860	48.620	746.980	5.690		
5.700	0.000	0.000	0.000	0.000	5.700	573.750	135.150	43.350	752.250	5.700		
5.710	0.000	0.000	0.000	0.000	5.710	591.600	127.500	38.250	757.350	5.710		
5.720	0.000	0.000	2.370	2.370	5.720	606.900	117.300	35.700	759.900	5.720		
5.730	0.000	0.000	0.000	0.000	5.730	619.650	107.100	30.600	757.350	5.730		
5.740	0.000	0.000	0.000	0.000	5.740	629.850	96.900	25.500	752.250	5.740		
5.750	4.740	0.000	0.000	4.740	5.750	637.500	86.700	20.400	744.600	5.750		
5.760	22.120	0.000	0.000	22.120	5.760	637.500	79.050	12.750	729.300	5.760		
5.770	39.500	0.000	0.000	39.500	5.770	637.500	68.850	10.200	716.550	5.770		
5.780	62.410	0.000	0.000	62.410	5.780	627.300	61.200	5.100	693.600	5.780		
5.790	89.270	0.000	0.000	89.270	5.790	617.100	53.550	2.550	673.200	5.790		
5.800	122.450	0.000	0.000	122.450	5.800	599.250	48.450	0.000	647.700	5.800		
5.810	157.210	0.000	0.000	157.210	5.810	573.750	43.350	0.000	617.100	5.810		
5.820	197.500	0.000	2.370	199.870	5.820	538.050	38.250	0.000	576.300	5.820		
5.830	246.960	3.360	3.360	253.680	5.830	494.700	33.150	0.000	527.850	5.830		
5.840	287.280	8.400	8.400	304.080	5.840	443.700	33.150	0.000	476.850	5.840		
5.850	320.880	16.800	13.440	351.120	5.850	375.000	30.000	0.000	405.000	5.850		
5.860	346.080	26.880	16.800	389.760	5.860	300.000	24.000	0.000	324.000	5.860		
5.870	364.560	36.960	23.520	425.040	5.870	226.500	16.500	0.000	243.000	5.870		
5.880	374.640	43.680	31.920	450.240	5.880	162.000	7.500	0.000	169.500	5.880		
5.890	379.680	52.080	36.960	468.720	5.890	109.500	1.500	0.000	111.000	5.890		
5.900	384.720	57.120	42.000	483.840	5.900	69.000	0.000	0.000	69.000	5.900		
5.910	386.400	63.840	47.040	497.280	5.910	42.000	0.000	0.000	42.000	5.910		
5.920	391.440	68.880	53.760	514.080	5.920	22.500	0.000	0.000	22.500	5.920		
5.930	396.480	73.920	58.800	529.200	5.930	15.000	0.000	0.000	15.000	5.930		
5.940	401.520	78.960	63.840	544.320	5.940	12.000	0.000	0.000	12.000	5.940		
5.950	406.560	87.360	68.880	562.800	5.950	9.000	0.000	0.000	9.000	5.950		
5.960	414.960	92.400	78.960	586.320	5.960	7.500	0.000	0.000	7.500	5.960		
5.970	420.000	99.120	84.000	603.120	5.970	7.500	0.000	0.000	7.500	5.970		
5.980	422.500	104.780	89.570	616.850	5.980	4.500	0.000	0.000	4.500	5.980		
5.990	422.500	111.540	94.640	628.680	5.990	1.500	0.000	0.000	1.500	5.990		
6.000	419.120	116.610	101.400	637.130	6.000	2.500	0.000	0.000	2.500	6.000		
6.010	417.430	119.990	109.850	647.270	6.010	2.500	0.000	0.000	2.500	6.010		
6.020	412.360	123.370	111.540	647.270	6.020	0.000	0.000	0.000	0.000	6.020		
6.030	402.220	128.440	119.990	650.650	6.030	0.000	0.000	0.000	0.000	6.030		
6.040	392.080	131.820	126.750	650.650	6.040	0.000	0.000	0.000	0.000	6.040		
6.050	378.560	136.890	131.820	647.270	6.050	0.000	0.000	0.000	0.000	6.050		
6.060	363.350	141.960	141.960	647.270	6.060	0.000	0.000	0.000	0.000	6.060		
6.070	351.520	143.650	147.030	642.200	6.070	0.000	0.000	0.000	0.000	6.070		
6.080	336.310	148.720	157.170	642.200	6.080	0.000	0.000	0.000	0.000	6.080		
6.090	321.100	153.790	167.310	642.200	6.090	0.000	0.000	0.000	0.000	6.090		
6.100	304.200	158.860	177.450	640.510	6.100	0.000	0.000	0.000	0.000	6.100		
6.110	288.990	162.240	185.900	637.130	6.110	0.000	0.000	0.000	0.000	6.110		
6.120	273.780	167.310	199.420	640.510	6.120	0.000	0.000	0.000	0.000	6.120		
6.130	256.960	168.960	209.440	635.360	6.130	0.000	0.000	0.000	0.000	6.130		
6.140	241.120	172.480	216.480	630.080	6.140	0.000	0.000	0.000	0.000	6.140		
6.150	228.800	176.000	232.320	637.120	6.150	0.000	0.000	0.000	0.000	6.150		
6.160	214.720	179.520	244.640	638.880	6.160	0.000	0.000	0.000	0.000	6.160		
6.170	198.880	181.280	258.720	638.880	6.170	0.000	0.000	0.000	0.000	6.170		
6.180	184.800	184.800	274.560	644.160	6.180	0.000	0.000	0.000	0.000	6.180		
6.190	172.480	186.560	286.880	645.920	6.190	0.000	0.000	0.000	0.000	6.190		
6.200	156.640	188.320	300.960	645.920	6.200	0.000	0.000	0.000	0.000	6.200		
6.210	140.800	188.320	318.560	647.680	6.210	0.000	0.000	0.000	0.000	6.210		
6.220	126.720	188.320	336.160	651.200	6.220	0.000	0.000	0.000	0.000	6.220		
6.230	109.120	191.840	357.280	658.240	6.230	0.000	0.000	0.000	0.000	6.230		
6.240	93.280	188.320	378.400	660.000	6.240	0.000	0.000	0.000	0.000	6.240		
6.250	80.960	186.560	399.520	667.040	6.250	0.000	0.000	0.000	0.000	6.250		
6.260	68.640	184.800	418.880	672.320	6.260	0.000	0.000	0.000	0.000	6.260		
6.270	61.600	179.520	440.000	681.120	6.270	0.000	0.000	0.000	0.000	6.270		
6.280	52.710	170.680	461.840	685.230	6.280	0.000	0.000	0.000	0.000	6.280		
6.290	47.690	163.150	481.920	692.760	6.290	0.000	0.000	0.000	0.000	6.290		
6.300	42.670	158.130	504.510	705.310	6.300	0.000	0.000	0.000	0.000	6.300		
6.310	37.650	148.090	524.590	710.330	6.310	0.000	0.000	0.000	0.000	6.310		
6.320	35.140	140.560	547.180	722.880	6.320	0.000	0.000	0.000	0.000	6.320		
6.330	32.630	133.030	567.260	732.920	6.330	0.000	0.000	0.000	0.000	6.330		
6.340	27.610	122.990	587.340	737.940	6.340	0.000	0.000	0.000	0.000	6.340		
6.350	22.590	115.460	604.910	742.960	6.350	0.000	0.000	0.000	0.000	6.350		
6.360	17.570	105.420	617.460	740.450	6.360	0.000	0.000	36.570	36.570	6.360		
6.370	10.040	95.380	624.990	730.410	6.370	0.000	0.000	79.500	79.500	6.370		
6.380	7.530	85.340	627.500	720.370	6.380	0.000	0.000	122.430	122.430	6.380		
6.390	5.020	75.300	627.500	707.820	6.390	0.000	0.000	162.180	162.180	6.390		
6.400	0.000	65.260	617.460	682.720	6.400	0.000	1.590	206.700	208.290	6.400		
6.410	0.000	57.730	599.890	657.620	6.410	4.770	4.770	255.990	265.530	6.410		
6.420	0.000	47.690	577.300	624.990	6.420	6.360	9.540	303.690	319.590	6.420		
6.430	0.000	43.000	537.500	580.500	6.430	9.540	17.490	354.570	381.600	6.430		
6.440	0.000	38.700	477.300	516.000	6.440	17.490	28.620	397.500	443.610	6.440		
6.450	0.000	34.400	410.650	445.050	6.450	29.240	56.760	426.560	512.560	6.450		
6.460	0.000	34.400	333.250	367.650	6.460	53.320	84.280	430.000	567.600	6.460		
6.470	0.000	27.950	251.550	279.500	6.470	79.120	106.640	404.200	589.960	6.470		
6.480	0.000	21.500	174.150	195.650	6.480	108.360	129.000	378.400	615.760	6.480		
6.490	0.000	12.900	109.650	122.550	6.490	139.320	146.200	354.320	639.840	6.490		
6.500	0.000	6.450	64.500	70.950	6.500	172.000	161.680	328.520	662.200	6.500		
6.510	4.300	6.450	40.850	51.600	6.510	201.240	172.000	309.600	682.840	6.510		
6.520	4.300	4.300	34.400	43.000	6.520	228.760	182.320	292.400	703.480	6.520		
6.530	4.300	6.450	34.400	45.150	6.530	251.120	184.040	271.760	706.920	6.530		
6.540	4.300	4.300	32.250	40.850	6.540	268.320	184.040	254.560	706.920	6.540		
6.550	4.300	4.300	25.800	34.400	6.550	278.640	187.480	240.800	706.920	6.550		
6.560	4.300	2.150	21.500	27.950	6.560	278.640	184.040	232.200	694.880	6.560		
6.570	4.300	0.000	17.200	21.500	6.570	271.760	177.160	227.040	675.960	6.570		
6.580	4.970	0.000	17.500	22.470	6.580	251.120	168.560	228.760	648.440	6.580		
6.590	2.450	0.000	14.980	17.430	6.590	227.040	161.680	233.920	622.640	6.590		
6.600	2.450	0.000	12.460	14.910	6.600	187.200	143.520	251.680	582.400	6.600		
6.610	2.450	0.000	9.940	12.390	6.610	151.840	128.960	278.720	559.520	6.610		
6.620	2.450	0.000	9.940	12.390	6.620	118.560	114.400	314.080	547.040	6.620		
6.630	2.450	0.000	7.490	9.940	6.630	93.600	99.840	351.520	544.960	6.630		
6.640	2.450	0.000	7.490	9.940	6.640	76.960	87.360	384.800	549.120	6.640		
6.650	2.450	0.000	7.490	9.940	6.650	62.400	74.880	413.920	551.200	6.650		
6.660	2.450	0.000	4.970	7.420	6.660	49.920	66.560	438.880	555.360	6.660		
6.670	0.000	0.000	4.970	4.970	6.670	41.600	62.400	459.680	563.680	6.670		
6.680	0.000	0.000	2.450	2.450	6.680	37.440	54.080	474.240	565.760	6.680		
6.690	0.000	0.000	4.970	4.970	6.690	33.280	52.000	486.720	572.000	6.690		
6.700	0.000	0.000	2.450	2.450	6.700	31.200	45.760	497.120	574.080	6.700		
6.710	0.000	0.000	0.000	0.000	6.710	29.120	45.760	503.360	578.240	6.710		
6.720	0.000	0.000	2.450	2.450	6.720	27.040	45.760	511.680	584.480	6.720		
6.730	0.000	0.000	2.500	2.500	6.730	24.960	45.760	515.840	586.560	6.730		
6.740	0.000	0.000	0.000	0.000	6.740	24.960	45.760	520.000	590.720	6.740		
6.750	0.000	0.000	0.000	0.000	6.750	22.990	48.070	522.500	593.560	6.750		
6.760	0.000	0.000	0.000	0.000	6.760	22.990	48.070	522.500	593.560	6.760		
6.770	0.000	0.000	0.000	0.000	6.770	27.170	48.070	522.500	597.740	6.770		
6.780	0.000	0.000	0.000	0.000	6.780	29.260	52.250	518.320	599.830	6.780		
6.790	0.000	0.000	0.000	0.000	6.790	31.350	52.250	516.230	599.830	6.790		
6.800	0.000	0.000	0.000	0.000	6.800	31.350	54.340	512.050	597.740	6.800		
6.810	0.000	0.000	0.000	0.000	6.810	33.440	56.430	509.960	599.830	6.810		
6.820	0.000	0.000	0.000	0.000	6.820	35.530	58.520	505.780	599.830	6.820		
6.830	0.000	0.000	0.000	0.000	6.830	39.710	60.610	503.690	604.010	6.830		
6.840	0.000	0.000	0.000	0.000	6.840	43.890	66.880	499.510	610.280	6.840		
6.850	0.000	0.000	0.000	0.000	6.850	48.070	71.060	497.420	616.550	6.850		
6.860	0.000	0.000	0.000	0.000	6.860	54.340	77.330	489.060	620.730	6.860		
6.870	0.000	0.000	0.000	0.000	6.870	58.520	81.510	480.700	620.730	6.870		
6.880	0.000	0.000	0.000	0.000	6.880	66.880	85.690	468.160	620.730	6.880		
6.890	0.000	0.000	0.000	0.000	6.890	71.060	94.050	459.800	624.910	6.890		
6.900	0.000	0.000	0.000	0.000	6.900	81.880	103.240	445.000	630.120	6.900		
6.910	0.000	0.000	0.000	0.000	6.910	90.780	112.140	427.200	630.120	6.910		
6.920	0.000	0.000	0.000	0.000	6.920	103.240	121.040	409.400	633.680	6.920		
6.930	0.000	0.000	0.000	0.000	6.930	119.260	129.940	386.260	635.460	6.930		
6.940	0.000	0.000	0.000	0.000	6.940	133.500	138.840	364.900	637.240	6.940		
6.950	0.000	0.000	0.000	0.000	6.950	151.300	149.520	339.980	640.800	6.950		
6.960	0.000	0.000	0.000	0.000	6.960	170.880	158.420	311.500	640.800	6.960		
6.970	0.000	0.000	0.000	0.000	6.970	194.020	169.100	284.800	647.920	6.970		
6.980	0.000	0.000	0.000	0.000	6.980	218.940	174.440	254.540	647.920	6.980		
6.990	0.000	0.000	0.000	0.000	6.990	247.420	181.560	222.500	651.480	6.990		
7.000	0.000	0.000	0.000	0.000	7.000	274.120	183.340	194.020	651.480	7.000		
7.010	0.000	0.000	0.000	0.000	7.010	299.040	183.340	167.320	649.700	7.010		
7.020	0.000	0.000	0.000	0.000	7.020	329.300	181.560	142.400	653.260	7.020		
7.030	0.000	0.000	0.000	0.000	7.030	354.220	179.780	119.260	653.260	7.030		
7.040	0.000	0.000	0.000	0.000	7.040	379.140	170.880	99.680	649.700	7.040		
7.050	0.000	0.000	0.000	0.000	7.050	405.820	161.540	84.710	652.070	7.050		
7.060	7.350	0.000	0.000	7.350	7.060	429.460	149.720	70.920	650.100	7.060		
7.070	22.050	0.000	0.000	22.050	7.070	449.160	135.930	61.070	646.160	7.070		
7.080	42.000	0.000	0.000	42.000	7.080	464.920	124.110	57.130	646.160	7.080		
7.090	67.200	0.000	0.000	67.200	7.090	476.740	112.290	51.220	640.250	7.090		
7.100	94.500	0.000	0.000	94.500	7.100	486.590	98.500	47.280	632.370	7.100		
7.110	124.950	0.000	0.000	124.950	7.110	492.500	86.680	41.370	620.550	7.110		
7.120	157.500	0.000	0.000	157.500	7.120	488.560	76.830	37.430	602.820	7.120		
7.130	192.150	4.200	2.100	198.450	7.130	484.620	66.980	31.520	583.120	7.130		
7.140	217.350	7.350	4.200	228.900	7.140	470.830	53.190	23.640	547.660	7.140		
7.150	239.400	11.550	9.450	260.400	7.150	451.130	47.280	15.760	514.170	7.150		
7.160	254.100	24.150	16.800	295.050	7.160	421.580	39.400	9.850	470.830	7.160		
7.170	262.500	29.400	24.150	316.050	7.170	388.090	33.490	3.940	425.520	7.170		
7.180	271.150	37.400	29.920	338.470	7.180	346.720	29.550	1.970	378.240	7.180		
7.190	284.240	44.880	39.270	368.390	7.190	297.470	21.670	0.000	319.140	7.190		
7.200	299.200	48.620	44.880	392.700	7.200	235.000	14.100	0.000	249.100	7.200		
7.210	316.030	54.230	46.750	417.010	7.210	176.720	6.580	0.000	183.300	7.210		
7.220	330.990	59.840	52.360	443.190	7.220	126.900	4.700	0.000	131.600	7.220		
7.230	349.690	63.580	54.230	467.500	7.230	84.600	0.000	0.000	84.600	7.230		
7.240	366.520	67.320	54.230	488.070	7.240	51.700	0.000	0.000	51.700	7.240		
7.250	387.090	71.060	56.100	514.250	7.250	29.140	0.000	0.000	29.140	7.250		
7.260	405.790	78.540	59.840	544.170	7.260	12.220	0.000	1.880	14.100	7.260		
7.270	426.360	82.280	59.840	568.480	7.270	1.880	0.000	1.880	3.760	7.270		
7.280	439.450	84.150	59.840	583.440	7.280	0.000	0.000	1.880	1.880	7.280		
7.290	450.670	89.760	61.710	602.140	7.290	0.000	0.000	0.000	0.000	7.290		
7.300	458.150	89.760	61.710	609.620	7.300	0.000	0.000	0.000	0.000	7.300		
7.310	463.760	91.630	61.710	617.100	7.310	0.000	0.000	0.000	0.000	7.310		
7.320	467.500	93.500	63.580	624.580	7.320	0.000	0.000	0.000	0.000	7.320		
7.330	465.000	96.720	66.960	628.680	7.330	0.000	0.000	0.000	0.000	7.330		
7.340	461.280	102.300	68.820	632.400	7.340	0.000	0.000	0.000	0.000	7.340		
7.350	455.700	102.300	70.680	628.680	7.350	0.000	0.000	0.000	0.000	7.350		
7.360	451.980	104.160	70.680	626.820	7.360	0.000	0.000	0.000	0.000	7.360		
7.370	440.820	106.020	74.400	621.240	7.370	0.000	0.000	0.000	0.000	7.370		
7.380	433.380	109.740	81.840	624.960	7.380	0.000	0.000	0.000	0.000	7.380		
7.390	425.940	111.600	83.700	621.240	7.390	0.000	0.000	0.000	0.000	7.390		
7.400	414.780	113.460	87.420	615.660	7.400	0.000	0.000	0.000	0.000	7.400		
7.410	403.620	111.600	89.280	604.500	7.410	0.000	0.000	0.000	0.000	7.410		
7.420	392.460	113.460	91.140	597.060	7.420	0.000	0.000	0.000	0.000	7.420		
7.430	381.300	113.460	94.860	589.620	7.430	0.000	0.000	0.000	0.000	7.430		
7.440	372.000	117.180	98.580	587.760	7.440	0.000	0.000	0.000	0.000	7.440		
7.450	360.840	119.040	102.300	582.180	7.450	0.000	0.000	0.000	0.000	7.450		
7.460	353.400	119.040	106.020	578.460	7.460	0.000	0.000	0.000	0.000	7.460		
7.470	344.100	124.620	111.600	580.320	7.470	0.000	0.000	0.000	0.000	7.470		
7.480	335.000	129.980	113.900	578.880	7.480	0.000	0.000	0.000	0.000	7.480		
7.490	324.280	131.320	119.260	574.860	7.490	0.000	0.000	0.000	0.000	7.490		
7.500	316.240	134.000	124.620	574.860	7.500	0.000	0.000	0.000	0.000	7.500		
7.510	312.220	139.360	131.320	582.900	7.510	2.500	0.000	0.000	2.500	7.510		
7.520	304.180	144.720	139.360	588.260	7.520	2.500	0.000	0.000	2.500	7.520		
7.530	297.480	151.420	147.400	596.300	7.530	2.500	0.000	0.000	2.500	7.530		
7.540	289.440	156.780	154.100	600.320	7.540	2.500	0.000	0.000	2.500	7.540		
7.550	281.400	164.820	167.500	613.720	7.550	2.500	0.000	0.000	2.500	7.550		
7.560	274.700	171.520	179.560	625.780	7.560	2.500	0.000	0.000	2.500	7.560		
7.570	263.980	179.560	191.620	635.160	7.570	5.000	0.000	0.000	5.000	7.570		
7.580	254.600	186.260	203.680	644.540	7.580	2.500	0.000	0.000	2.500	7.580		
7.590	239.860	191.620	219.760	651.240	7.590	2.500	0.000	0.000	2.500	7.590		
7.600	222.440	199.660	237.180	659.280	7.600	2.500	0.000	0.000	2.500	7.600		
7.610	209.040	203.680	257.280	670.000	7.610	2.500	0.000	0.000	2.500	7.610		
7.620	191.620	209.040	277.380	678.040	7.620	2.500	0.000	0.000	2.500	7.620		
7.630	171.710	214.080	296.590	682.380	7.630	0.000	0.000	0.000	0.000	7.630		
7.640	153.870	216.310	318.890	689.070	7.640	0.000	0.000	0.000	0.000	7.640		
7.650	136.030	218.540	341.190	695.760	7.650	0.000	0.000	0.000	0.000	7.650		
7.660	115.960	218.540	365.720	700.220	7.660	0.000	0.000	0.000	0.000	7.660		
7.670	98.120	216.310	388.020	702.450	7.670	0.000	0.000	0.000	0.000	7.670		
7.680	80.280	211.850	414.780	706.910	7.680	0.000	0.000	0.000	0.000	7.680		
7.690	69.130	202.930	441.540	713.600	7.690	0.000	0.000	0.000	0.000	7.690		
7.700	57.980	191.780	461.610	711.370	7.700	0.000	0.000	0.000	0.000	7.700		
7.710	51.290	180.630	483.910	715.830	7.710	0.000	0.000	7.120	7.120	7.710		
7.720	46.830	167.250	506.210	720.290	7.720	0.000	0.000	34.710	34.710	7.720		
7.730	37.910	153.870	526.280	718.060	7.730	0.000	0.000	64.970	64.970	7.730		
7.740	33.450	138.260	539.660	711.370	7.740	0.000	0.000	91.670	91.670	7.740		
7.750	28.990	124.880	548.580	702.450	7.750	0.000	0.000	112.140	112.140	7.750		
7.760	22.300	111.500	557.500	691.300	7.760	0.000	0.000	134.390	134.390	7.760		
7.770	13.380	98.120	557.500	669.000	7.770	0.000	0.000	161.980	161.980	7.770		
7.780	8.840	86.190	552.500	647.530	7.780	0.000	1.780	192.240	194.020	7.780		
7.790	4.420	77.350	541.450	623.220	7.790	0.000	4.450	222.500	226.950	7.790		
7.800	2.210	68.510	525.980	596.700	7.800	0.000	4.140	250.470	254.610	7.800		
7.810	0.000	61.880	506.090	567.970	7.810	2.070	6.210	273.240	281.520	7.810		
7.820	0.000	53.040	479.570	532.610	7.820	4.140	12.420	296.010	312.570	7.820		
7.830	0.000	50.830	448.630	499.460	7.830	8.280	14.490	314.640	337.410	7.830		
7.840	0.000	48.620	406.640	455.260	7.840	12.420	18.630	333.270	364.320	7.840		
7.850	0.000	46.410	358.020	404.430	7.850	14.490	26.910	353.970	395.370	7.850		
7.860	0.000	44.200	296.140	340.340	7.860	20.700	33.120	374.670	428.490	7.860		
7.870	0.000	35.360	236.470	271.830	7.870	26.910	43.470	397.440	467.820	7.870		
7.880	0.000	28.730	179.010	207.740	7.880	33.120	53.820	416.070	503.010	7.880		
7.890	0.000	15.470	121.550	137.020	7.890	39.330	57.960	436.770	534.060	7.890		
7.900	0.000	6.630	79.560	86.190	7.900	45.540	66.240	459.540	571.320	7.900		
7.910	0.000	0.000	50.830	50.830	7.910	51.750	74.520	478.170	604.440	7.910		
7.920	0.000	0.000	35.360	35.360	7.920	55.890	78.660	494.730	629.280	7.920		
7.930	0.000	0.000	22.500	22.500	7.930	57.960	84.870	507.150	649.980	7.930		
7.940	0.000	0.000	14.940	14.940	7.940	62.100	86.940	517.500	666.540	7.940		
7.950	0.000	0.000	9.990	9.990	7.950	66.880	91.960	522.500	681.340	7.950		
7.960	0.000	0.000	7.470	7.470	7.960	68.970	94.050	522.500	685.520	7.960		
7.970	0.000	0.000	4.950	4.950	7.970	71.060	94.050	516.230	681.340	7.970		
7.980	0.000	0.000	7.470	7.470	7.980	73.150	96.140	509.960	679.250	7.980		
7.990	0.000	0.000	4.950	4.950	7.990	77.330	98.230	499.510	675.070	7.990		
8.000	0.000	0.000	4.950	4.950	8.000	79.420	102.410	486.970	668.800	8.000		
8.010	0.000	0.000	2.430	2.430	8.010	81.510	102.410	474.430	658.350	8.010		
8.020	0.000	0.000	4.950	4.950	8.020	85.690	104.500	461.890	652.080	8.020		
8.030	0.000	0.000	2.430	2.430	8.030	91.960	104.500	447.260	643.720	8.030		
8.040	0.000	0.000	2.430	2.430	8.040	96.140	106.590	430.540	633.270	8.040		
8.050	0.000	0.000	2.430	2.430	8.050	102.410	108.680	415.910	627.000	8.050		
8.060	0.000	0.000	0.000	0.000	8.060	106.590	108.680	401.280	616.550	8.060		
8.070	0.000	0.000	2.430	2.430	8.070	114.950	110.770	388.740	614.460	8.070		
8.080	0.000	0.000	0.000	0.000	8.080	121.220	114.950	374.110	610.280	8.080		
8.090	0.000	0.000	0.000	0.000	8.090	127.490	117.040	361.570	606.100	8.090		
8.100	0.000	0.000	0.000	0.000	8.100	131.600	119.000	350.000	600.600	8.100		
8.110	0.000	0.000	0.000	0.000	8.110	140.000	121.800	337.400	599.200	8.110		
8.120	0.000	0.000	0.000	0.000	8.120	149.800	127.400	324.800	602.000	8.120		
8.130	0.000	0.000	0.000	0.000	8.130	156.800	131.600	312.200	600.600	8.130		
8.140	0.000	0.000	0.000	0.000	8.140	166.600	134.400	302.400	603.400	8.140		
8.150	0.000	0.000	0.000	0.000	8.150	176.400	140.000	289.800	606.200	8.150		
8.160	0.000	0.000	0.000	0.000	8.160	189.000	144.200	277.200	610.400	8.160		
8.170	0.000	0.000	0.000	0.000	8.170	201.600	149.800	268.800	620.200	8.170		
8.180	0.000	0.000	0.000	0.000	8.180	214.200	154.000	259.000	627.200	8.180		
8.190	0.000	0.000	0.000	0.000	8.190	226.800	162.400	252.000	641.200	8.190		
8.200	0.000	0.000	0.000	0.000	8.200	239.400	166.600	242.200	648.200	8.200		
8.210	0.000	0.000	0.000	0.000	8.210	254.800	172.200	232.400	659.400	8.210		
8.220	0.000	0.000	0.000	0.000	8.220	267.400	176.400	221.200	665.000	8.220		
8.230	0.000	0.000	0.000	0.000	8.230	284.200	184.800	211.400	680.400	8.230		
8.240	0.000	0.000	0.000	0.000	8.240	303.800	186.200	197.400	687.400	8.240		
8.250	0.000	0.000	0.000	0.000	8.250	323.400	189.420	182.490	695.310	8.250		
8.260	0.000	0.000	0.000	0.000	8.260	341.880	191.730	166.320	699.930	8.260		
8.270	0.000	0.000	0.000	0.000	8.270	360.360	191.730	152.460	704.550	8.270		
8.280	0.000	0.000	0.000	0.000	8.280	381.150	191.730	138.600	711.480	8.280		
8.290	0.000	0.000	0.000	0.000	8.290	401.940	187.110	122.430	711.480	8.290		
8.300	0.000	0.000	0.000	0.000	8.300	422.730	182.490	108.570	713.790	8.300		
8.310	0.000	0.000	0.000	0.000	8.310	443.520	175.560	94.710	713.790	8.310		
8.320	0.000	0.000	0.000	0.000	8.320	466.620	168.630	80.850	716.100	8.320		
8.330	0.000	0.000	0.000	0.000	8.330	487.410	159.390	73.920	720.720	8.330		
8.340	0.000	0.000	0.000	0.000	8.340	505.890	147.840	69.300	723.030	8.340		
8.350	0.000	0.000	0.000	0.000	8.350	524.370	136.290	64.680	725.340	8.350		
8.360	0.000	0.000	0.000	0.000	8.360	540.540	124.740	57.750	723.030	8.360		
8.370	0.000	0.000	0.000	0.000	8.370	556.710	110.880	53.130	720.720	8.370		
8.380	6.350	0.000	0.000	6.350	8.380	565.950	101.640	50.820	718.410	8.380		
8.390	19.050	0.000	0.000	19.050	8.390	577.500	87.780	46.200	711.480	8.390		
8.400	36.830	0.000	0.000	36.830	8.400	582.800	75.200	42.300	700.300	8.400		
8.410	62.230	0.000	0.000	62.230	8.410	587.500	65.800	39.950	693.250	8.410		
8.420	81.280	0.000	0.000	81.280	8.420	582.800	58.750	32.900	674.450	8.420		
8.430	104.140	0.000	0.000	104.140	8.430	578.100	49.350	30.550	658.000	8.430		
8.440	132.080	0.000	0.000	132.080	8.440	571.050	42.300	25.850	639.200	8.440		
8.450	161.290	0.000	0.000	161.290	8.450	559.300	35.250	18.800	613.350	8.450		
8.460	191.770	1.270	1.270	194.310	8.460	538.150	28.200	14.100	580.450	8.460		
8.470	222.250	6.350	6.350	234.950	8.470	521.700	23.500	9.400	554.600	8.470		
8.480	246.380	11.430	8.890	266.700	8.480	493.500	16.450	7.050	517.000	8.480		
8.490	269.240	19.050	13.970	302.260	8.490	458.250	11.750	4.700	474.700	8.490		
8.500	287.020	26.670	19.050	332.740	8.500	418.300	9.400	0.000	427.700	8.500		
8.510	302.260	36.830	26.670	365.760	8.510	368.950	7.050	0.000	376.000	8.510		
8.520	317.500	44.450	31.750	393.700	8.520	310.200	4.700	0.000	314.900	8.520		
8.530	331.500	48.750	37.050	417.300	8.530	246.750	2.350	0.000	249.100	8.530		
8.540	347.100	54.600	40.950	442.650	8.540	180.950	0.000	0.000	180.950	8.540		
8.550	364.650	58.500	44.850	468.000	8.550	120.000	0.000	0.000	120.000	8.550		
8.560	378.300	64.350	46.800	489.450	8.560	74.880	0.000	0.000	74.880	8.560		
8.570	395.850	68.250	48.750	512.850	8.570	44.640	0.000	0.000	44.640	8.570		
8.580	413.400	74.100	50.700	538.200	8.580	24.960	0.000	0.000	24.960	8.580		
8.590	430.950	76.050	50.700	557.700	8.590	12.480	0.000	2.400	14.880	8.590		
8.600	446.550	79.950	54.600	581.100	8.600	9.600	0.000	2.400	12.000	8.600		
8.610	462.150	81.900	54.600	598.650	8.610	4.800	0.000	2.400	7.200	8.610		
8.620	471.900	83.850	56.550	612.300	8.620	4.800	0.000	0.000	4.800	8.620		
8.630	481.650	85.800	56.550	624.000	8.630	4.800	0.000	0.000	4.800	8.630		
8.640	487.500	85.800	58.500	631.800	8.640	2.400	0.000	0.000	2.400	8.640		
8.650	487.500	91.650	58.500	637.650	8.650	0.000	0.000	0.000	0.000	8.650		
8.660	487.500	91.650	58.500	637.650	8.660	0.000	0.000	2.400	2.400	8.660		
8.670	481.650	91.650	62.400	635.700	8.670	0.000	0.000	2.400	2.400	8.670		
8.680	472.500	96.390	66.150	635.040	8.680	0.000	0.000	2.400	2.400	8.680		
8.690	453.600	105.840	77.490	636.930	8.690	0.000	0.000	0.000	0.000	8.690		
8.700	434.700	117.180	88.830	640.710	8.700	0.000	0.000	2.500	2.500	8.700		
8.710	413.910	126.630	98.280	638.820	8.710	0.000	0.000	0.000	0.000	8.710		
8.720	389.340	139.860	117.180	646.380	8.720	0.000	0.000	0.000	0.000	8.720		
8.730	364.770	154.980	134.190	653.940	8.730	0.000	0.000	0.000	0.000	8.730		
8.740	336.420	164.430	151.200	652.050	8.740	0.000	0.000	0.000	0.000	8.740		
8.750	309.960	171.990	166.320	648.270	8.750	0.000	0.000	0.000	0.000	8.750		
8.760	281.610	179.550	187.110	648.270	8.760	0.000	0.000	0.000	0.000	8.760		
8.770	257.040	183.330	206.010	646.380	8.770	0.000	0.000	0.000	0.000	8.770		
8.780	232.470	190.890	226.800	650.160	8.780	0.000	0.000	2.500	2.500	8.780		
8.790	209.790	194.670	245.700	650.160	8.790	0.000	0.000	0.000	0.000	8.790		
8.800	183.330	194.670	268.380	646.380	8.800	0.000	0.000	2.500	2.500	8.800		
8.810	160.650	194.670	294.840	650.160	8.810	0.000	0.000	0.000	0.000	8.810		
8.820	141.750	190.890	313.740	646.380	8.820	0.000	0.000	0.000	0.000	8.820		
8.830	127.190	189.980	334.880	652.050	8.830	0.000	0.000	0.000	0.000	8.830		
8.840	114.310	186.760	349.370	650.440	8.840	0.000	0.000	0.000	0.000	8.840		
8.850	104.650	181.930	362.250	648.830	8.850	0.000	0.000	0.000	0.000	8.850		
8.860	96.600	178.710	373.520	648.830	8.860	0.000	0.000	0.000	0.000	8.860		
8.870	88.550	173.880	381.570	644.000	8.870	0.000	0.000	0.000	0.000	8.870		
8.880	83.720	172.270	391.230	647.220	8.880	0.000	0.000	0.000	0.000	8.880		
8.890	78.890	167.440	394.450	640.780	8.890	0.000	0.000	0.000	0.000	8.890		
8.900	74.060	164.220	396.060	634.340	8.900	0.000	0.000	0.000	0.000	8.900		
8.910	72.450	161.000	394.450	627.900	8.910	0.000	0.000	0.000	0.000	8.910		
8.920	69.230	164.220	394.450	627.900	8.920	0.000	0.000	0.000	0.000	8.920		
8.930	69.230	167.440	394.450	631.120	8.930	0.000	0.000	0.000	0.000	8.930		
8.940	66.010	169.050	394.450	629.510	8.940	0.000	0.000	0.000	0.000	8.940		
8.950	64.400	173.880	396.060	634.340	8.950	0.000	0.000	0.000	0.000	8.950		
8.960	64.400	178.710	399.280	642.390	8.960	0.000	0.000	0.000	0.000	8.960		
8.970	61.180	181.930	402.500	645.610	8.970	0.000	0.000	0.000	0.000	8.970		
8.980	61.880	183.820	405.860	651.560	8.980	0.000	0.000	0.000	0.000	8.980		
8.990	58.240	187.460	409.500	655.200	8.990	0.000	0.000	10.000	10.000	8.990		
9.000	56.420	187.460	414.960	658.840	9.000	0.000	0.000	19.980	19.980	9.000		
9.010	54.600	189.280	422.240	666.120	9.010	0.000	0.000	27.000	27.000	9.010		
9.020	50.960	189.280	429.520	669.760	9.020	0.000	0.000	34.560	34.560	9.020		
9.030	50.960	187.460	434.980	673.400	9.030	0.000	2.160	44.820	46.980	9.030		
9.040	49.140	187.460	442.260	678.860	9.040	2.160	2.160	57.240	61.560	9.040		
9.050	43.680	178.360	445.900	667.940	9.050	2.160	2.160	64.800	69.120	9.050		
9.060	41.860	174.720	451.360	667.940	9.060	2.160	2.160	69.660	73.980	9.060		
9.070	38.220	167.440	455.000	660.660	9.070	4.860	2.160	72.360	79.380	9.070		
9.080	36.400	156.520	455.000	647.920	9.080	4.860	4.860	79.920	89.640	9.080		
9.090	34.580	149.240	455.000	638.820	9.090	7.020	7.020	87.480	101.520	9.090		
9.100	29.120	141.960	451.360	622.440	9.100	14.580	9.720	94.500	118.800	9.100		
9.110	23.660	131.040	445.900	600.600	9.110	19.980	12.420	102.060	134.460	9.110		
9.120	18.200	123.760	442.260	584.220	9.120	22.140	14.580	112.320	149.040	9.120		
9.130	13.920	114.840	435.000	563.760	9.130	24.840	17.280	122.040	164.160	9.130		
9.140	12.180	106.140	429.780	548.100	9.140	27.000	19.980	135.000	181.980	9.140		
9.150	8.700	99.180	419.340	527.220	9.150	28.600	21.450	148.720	198.770	9.150		
9.160	3.480	92.220	412.380	508.080	9.160	28.600	24.310	164.450	217.360	9.160		
9.170	3.480	83.520	403.680	490.680	9.170	31.460	27.170	177.320	235.950	9.170		
9.180	1.740	76.560	391.500	469.800	9.180	34.320	28.600	188.760	251.680	9.180		
9.190	1.740	69.600	375.840	447.180	9.190	34.320	28.600	198.770	261.690	9.190		
9.200	0.000	64.380	363.660	428.040	9.200	34.320	34.320	211.640	280.280	9.200		
9.210	0.000	59.160	349.740	408.900	9.210	37.180	37.180	224.510	298.870	9.210		
9.220	0.000	53.940	332.340	386.280	9.220	38.610	38.610	234.520	311.740	9.220		
9.230	0.000	48.720	311.460	360.180	9.230	38.610	41.470	247.390	327.470	9.230		
9.240	0.000	46.980	288.840	335.820	9.240	41.470	41.470	258.830	341.770	9.240		
9.250	0.000	43.500	266.220	309.720	9.250	44.330	47.190	274.560	366.080	9.250		
9.260	0.000	38.280	236.640	274.920	9.260	48.620	51.480	291.720	391.820	9.260		
9.270	0.000	36.540	207.060	243.600	9.270	51.480	57.200	308.880	417.560	9.270		
9.280	0.000	29.400	175.000	204.400	9.280	54.340	61.490	331.760	447.590	9.280		
9.290	0.000	24.500	147.000	171.500	9.290	61.490	67.210	357.500	486.200	9.290		
9.300	0.000	17.500	122.500	140.000	9.300	66.640	76.440	384.160	527.240	9.300		
9.310	0.000	11.900	97.300	109.200	9.310	68.600	78.400	403.760	550.760	9.310		
9.320	0.000	7.000	74.900	81.900	9.320	70.560	86.240	423.360	580.160	9.320		
9.330	0.000	4.900	57.400	62.300	9.330	76.440	88.200	441.000	605.640	9.330		
9.340	0.000	2.100	42.000	44.100	9.340	76.440	92.120	458.640	627.200	9.340		
9.350	2.100	0.000	35.000	37.100	9.350	78.400	96.040	472.360	646.800	9.350		
9.360	2.100	0.000	27.300	29.400	9.360	78.400	99.960	478.240	656.600	9.360		
9.370	2.100	0.000	17.500	19.600	9.370	78.400	99.960	484.120	662.480	9.370		
9.380	2.100	0.000	14.700	16.800	9.380	82.320	99.960	490.000	672.280	9.380		
9.390	2.100	0.000	9.800	11.900	9.390	82.320	99.960	486.080	668.360	9.390		
9.400	2.100	0.000	9.800	11.900	9.400	82.320	96.040	482.160	660.520	9.400		
9.410	2.100	0.000	7.000	9.100	9.410	78.400	96.040	474.320	648.760	9.410		
9.420	0.000	0.000	4.900	4.900	9.420	82.320	94.080	466.480	642.880	9.420		
9.430	2.490	0.000	7.500	9.990	9.430	82.320	94.080	456.680	633.080	9.430		
9.440	0.000	0.000	4.980	4.980	9.440	82.320	92.120	444.920	619.360	9.440		
9.450	2.490	0.000	4.980	7.470	9.450	83.520	93.960	435.000	612.480	9.450		
9.460	0.000	0.000	4.980	4.980	9.460	87.000	93.960	424.560	605.520	9.460		
9.470	0.000	0.000	2.490	2.490	9.470	92.220	99.180	414.120	605.520	9.470		
9.480	0.000	0.000	2.490	2.490	9.480	97.440	100.920	407.160	605.520	9.480		
9.490	0.000	0.000	2.490	2.490	9.490	100.920	104.400	398.460	603.780	9.490		
9.500	0.000	0.000	2.490	2.490	9.500	106.140	106.140	394.980	607.260	9.500		
9.510	0.000	0.000	0.000	0.000	9.510	109.620	111.360	389.760	610.740	9.510		
9.520	0.000	0.000	0.000	0.000	9.520	116.580	114.840	384.540	615.960	9.520		
9.530	0.000	0.000	0.000	0.000	9.530	121.800	118.320	379.320	619.440	9.530		
9.540	0.000	0.000	2.490	2.490	9.540	127.020	123.540	374.100	624.660	9.540		
9.550	0.000	0.000	0.000	0.000	9.550	133.980	127.020	367.140	628.140	9.550		
9.560	0.000	0.000	0.000	0.000	9.560	140.940	132.240	361.920	635.100	9.560		
9.570	0.000	0.000	0.000	0.000	9.570	149.640	139.200	354.960	643.800	9.570		
9.580	0.000	0.000	0.000	0.000	9.580	158.340	144.420	344.520	647.280	9.580		
9.590	0.000	0.000	0.000	0.000	9.590	168.780	151.380	335.820	655.980	9.590		
9.600	0.000	0.000	0.000	0.000	9.600	179.400	159.900	325.000	664.300	9.600		
9.610	0.000	0.000	0.000	0.000	9.610	192.400	166.400	312.000	670.800	9.610		
9.620	0.000	0.000	0.000	0.000	9.620	201.500	174.200	301.600	677.300	9.620		
9.630	0.000	0.000	0.000	0.000	9.630	214.500	179.400	292.500	686.400	9.630		
9.640	0.000	0.000	0.000	0.000	9.640	222.300	184.600	279.500	686.400	9.640		
9.650	0.000	0.000	0.000	0.000	9.650	231.400	192.400	269.100	692.900	9.650		
9.660	0.000	0.000	0.000	0.000	9.660	244.400	195.000	257.400	696.800	9.660		
9.670	0.000	0.000	0.000	0.000	9.670	252.200	196.300	244.400	692.900	9.670		
9.680	0.000	0.000	0.000	0.000	9.680	261.300	198.900	228.800	689.000	9.680		
9.690	0.000	0.000	0.000	0.000	9.690	271.700	201.500	217.100	690.300	9.690		
9.700	0.000	0.000	0.000	0.000	9.700	282.100	201.500	201.500	685.100	9.700		
9.710	0.000	0.000	0.000	0.000	9.710	292.500	198.900	187.200	678.600	9.710		
9.720	0.000	0.000	0.000	0.000	9.720	301.600	198.900	171.600	672.100	9.720		
9.730	4.650	0.000	0.000	4.650	9.730	309.400	195.000	152.100	656.500	9.730		
9.740	9.300	0.000	0.000	9.300	9.740	317.200	192.400	136.500	646.100	9.740		
9.750	16.740	0.000	0.000	16.740	9.750	323.760	183.920	121.600	629.280	9.750		
9.760	26.970	0.000	0.000	26.970	9.760	331.360	179.360	106.400	617.120	9.760		
9.770	37.200	0.000	0.000	37.200	9.770	342.000	176.320	97.280	615.600	9.770		
9.780	56.730	0.000	0.000	56.730	9.780	349.600	171.760	86.640	608.000	9.780		
9.790	79.980	0.000	0.000	79.980	9.790	358.720	161.120	76.000	595.840	9.790		
9.800	106.950	0.000	0.000	106.950	9.800	366.320	153.520	66.880	586.720	9.800		
9.810	136.710	0.000	0.000	136.710	9.810	372.400	147.440	59.280	579.120	9.810		
9.820	161.820	1.860	0.000	163.680	9.820	376.960	136.800	54.720	568.480	9.820		
9.830	186.930	4.650	1.860	193.440	9.830	380.000	126.160	48.640	554.800	9.830		
9.840	204.600	9.300	4.650	218.550	9.840	376.960	117.040	44.080	538.080	9.840		
9.850	219.480	14.880	9.300	243.660	9.850	372.400	104.880	39.520	516.800	9.850		
9.860	226.920	16.740	16.740	260.400	9.860	366.320	97.280	36.480	500.080	9.860		
9.870	232.500	22.320	16.740	271.560	9.870	357.200	89.680	34.960	481.840	9.870		
9.880	236.800	26.640	23.680	287.120	9.880	349.600	79.040	28.880	457.520	9.880		
9.890	239.760	29.600	26.640	296.000	9.890	337.440	71.440	24.320	433.200	9.890		
9.900	244.200	29.600	31.080	304.880	9.900	322.500	61.920	16.770	401.190	9.900		
9.910	248.640	31.080	34.040	313.760	9.910	301.860	56.760	11.610	370.230	9.910		
9.920	256.040	34.040	39.960	330.040	9.920	281.220	51.600	9.030	341.850	9.920		
9.930	264.920	37.000	39.960	341.880	9.930	259.290	49.020	6.450	314.760	9.930		
9.940	273.800	39.960	41.440	355.200	9.940	237.360	43.860	1.290	282.510	9.940		
9.950	284.160	44.400	44.400	372.960	9.950	208.980	39.990	1.290	250.260	9.950		
9.960	297.480	47.360	48.840	393.680	9.960	184.470	34.830	0.000	219.300	9.960		
9.970	309.320	51.800	51.800	412.920	9.970	157.380	32.250	0.000	189.630	9.970		
9.980	321.160	54.760	51.800	427.720	9.980	129.000	24.510	0.000	153.510	9.980		
9.990	334.480	56.240	54.760	445.480	9.990	104.490	16.770	0.000	121.260	9.990		
10.000	346.320	62.160	59.200	467.680	10.000	83.850	11.610	0.000	95.460	10.000		
10.010	356.680	66.600	62.160	485.440	10.010	67.080	6.450	0.000	73.530	10.010		
10.020	370.000	71.040	66.600	507.640	10.020	51.600	3.870	0.000	55.470	10.020		
10.030	383.520	77.080	71.440	532.040	10.030	39.990	0.000	0.000	39.990	10.030		
10.040	396.680	80.840	77.080	554.600	10.040	29.670	0.000	0.000	29.670	10.040		
10.050	409.840	86.480	78.960	575.280	10.050	17.500	0.000	2.450	19.950	10.050		
10.060	421.120	88.360	80.840	590.320	10.060	9.940	0.000	0.000	9.940	10.060		
10.070	432.400	94.000	84.600	611.000	10.070	7.490	0.000	2.450	9.940	10.070		
10.080	441.800	95.880	86.480	624.160	10.080	7.490	0.000	0.000	7.490	10.080		
10.090	451.200	95.880	86.480	633.560	10.090	4.970	0.000	0.000	4.970	10.090		
10.100	458.720	99.640	86.480	644.840	10.100	2.450	0.000	0.000	2.450	10.100		
10.110	464.360	99.640	86.480	650.480	10.110	2.450	0.000	0.000	2.450	10.110		
10.120	470.000	99.640	86.480	656.120	10.120	2.450	0.000	0.000	2.450	10.120		
10.130	470.000	95.880	84.600	650.480	10.130	0.000	0.000	0.000	0.000	10.130		
10.140	470.000	94.000	84.600	648.600	10.140	0.000	0.000	0.000	0.000	10.140		
10.150	466.240	94.000	84.600	644.840	10.150	0.000	0.000	0.000	0.000	10.150		
10.160	462.480	92.120	84.600	639.200	10.160	0.000	0.000	0.000	0.000	10.160		
10.170	458.720	92.120	80.840	631.680	10.170	0.000	0.000	0.000	0.000	10.170		
10.180	452.500	92.310	83.260	628.070	10.180	0.000	0.000	0.000	0.000	10.180		
10.190	443.450	92.310	83.260	619.020	10.190	0.000	0.000	0.000	0.000	10.190		
10.200	441.640	92.310	81.450	615.400	10.200	0.000	0.000	0.000	0.000	10.200		
10.210	439.830	88.690	81.450	609.970	10.210	0.000	0.000	0.000	0.000	10.210		
10.220	436.210	86.880	81.450	604.540	10.220	0.000	0.000	0.000	0.000	10.220		
10.230	434.400	86.880	79.640	600.920	10.230	0.000	0.000	0.000	0.000	10.230		
10.240	436.210	86.880	79.640	602.730	10.240	0.000	0.000	0.000	0.000	10.240		
10.250	436.210	86.880	79.640	602.730	10.250	0.000	0.000	0.000	0.000	10.250		
10.260	439.830	86.880	79.640	606.350	10.260	0.000	0.000	0.000	0.000	10.260		
10.270	441.640	86.880	79.640	608.160	10.270	0.000	0.000	0.000	0.000	10.270		
10.280	441.640	86.880	76.020	604.540	10.280	0.000	0.000	0.000	0.000	10.280		
10.290	441.640	83.260	76.020	600.920	10.290	0.000	0.000	0.000	0.000	10.290		
10.300	443.450	83.260	74.210	600.920	10.300	0.000	0.000	0.000	0.000	10.300		
10.310	447.070	83.260	74.210	604.540	10.310	0.000	0.000	0.000	0.000	10.310		
10.320	448.880	83.260	72.400	604.540	10.320	0.000	0.000	0.000	0.000	10.320		
10.330	451.360	83.720	70.980	606.060	10.330	0.000	0.000	0.000	0.000	10.330		
10.340	455.000	83.720	69.160	607.880	10.340	0.000	0.000	0.000	0.000	10.340		
10.350	455.000	83.720	70.980	609.700	10.350	0.000	0.000	0.000	0.000	10.350		
10.360	455.000	83.720	69.160	607.880	10.360	0.000	0.000	0.000	0.000	10.360		
10.370	455.000	81.900	69.160	606.060	10.370	0.000	0.000	0.000	0.000	10.370		
10.380	455.000	81.900	67.340	604.240	10.380	0.000	0.000	0.000	0.000	10.380		
10.390	455.000	81.900	67.340	604.240	10.390	0.000	0.000	2.100	2.100	10.390		
10.400	451.360	83.720	67.340	602.420	10.400	0.000	0.000	2.100	2.100	10.400		
10.410	449.540	81.900	67.340	598.780	10.410	0.000	0.000	4.620	4.620	10.410		
10.420	444.080	81.900	63.700	589.680	10.420	0.000	0.000	9.660	9.660	10.420		
10.430	436.800	81.900	67.340	586.040	10.430	0.000	0.000	17.220	17.220	10.430		
10.440	429.520	83.720	67.340	580.580	10.440	2.100	2.100	24.780	28.980	10.440		
10.450	422.240	87.360	69.160	578.760	10.450	7.140	4.620	37.380	49.140	10.450		
10.460	409.500	87.360	70.980	567.840	10.460	12.180	7.140	49.980	69.300	10.460		
10.470	396.760	89.180	74.620	560.560	10.470	19.740	12.180	64.680	96.600	10.470		
10.480	385.000	92.400	77.000	554.400	10.480	27.300	14.700	87.360	129.360	10.480		
10.490	366.520	92.400	78.540	537.460	10.490	34.860	19.740	105.000	159.600	10.490		
10.500	346.500	92.400	81.620	520.520	10.500	47.080	26.750	121.980	195.810	10.500		
10.510	326.480	92.400	81.620	500.500	10.510	56.710	34.240	136.960	227.910	10.510		
10.520	304.920	92.400	84.700	482.020	10.520	67.410	39.590	146.590	253.590	10.520		
10.530	278.740	89.320	86.240	454.300	10.530	74.900	44.940	157.290	277.130	10.530		
10.540	251.020	86.240	89.320	426.580	10.540	84.530	52.430	166.920	303.880	10.540		
10.550	226.380	84.700	86.240	397.320	10.550	92.020	59.920	176.550	328.490	10.550		
10.560	198.660	81.620	89.320	369.600	10.560	99.510	67.410	187.250	354.170	10.560		
10.570	172.480	78.540	92.400	343.420	10.570	112.350	74.900	196.880	384.130	10.570		
10.580	144.760	73.920	92.400	311.080	10.580	119.840	82.390	204.370	406.600	10.580		
10.590	117.040	72.380	92.400	281.820	10.590	129.470	92.020	214.000	435.490	10.590		
10.600	89.320	66.220	92.400	247.940	10.600	136.960	97.370	226.840	461.170	10.600		
10.610	69.300	58.520	92.400	220.220	10.610	144.450	104.860	236.470	485.780	10.610		
10.620	53.900	53.900	89.320	197.120	10.620	151.940	112.350	247.170	511.460	10.620		
10.630	42.500	47.260	85.000	174.760	10.630	157.290	119.840	256.800	533.930	10.630		
10.640	37.400	39.780	77.180	154.360	10.640	161.570	127.330	267.500	556.400	10.640		
10.650	32.300	34.680	69.700	136.680	10.650	169.200	134.400	274.800	578.400	10.650		
10.660	27.200	29.920	62.220	119.340	10.660	174.000	139.200	279.600	592.800	10.660		
10.670	22.440	24.820	54.740	102.000	10.670	176.400	144.000	284.400	604.800	10.670		
10.680	17.340	22.440	47.260	87.040	10.680	182.400	150.000	286.800	619.200	10.680		
10.690	14.960	17.340	39.780	72.080	10.690	184.800	154.800	289.200	628.800	10.690		
10.700	14.960	17.340	32.300	64.600	10.700	184.800	157.200	291.600	633.600	10.700		
10.710	12.240	12.240	24.820	49.300	10.710	187.200	159.600	294.000	640.800	10.710		
10.720	12.240	9.860	19.720	41.820	10.720	187.200	159.600	294.000	640.800	10.720		
10.730	12.240	7.480	17.340	37.060	10.730	184.800	162.000	296.400	643.200	10.730		
10.740	9.860	7.480	12.240	29.580	10.740	187.200	162.000	296.400	645.600	10.740		
10.750	9.860	4.760	9.860	24.480	10.750	184.800	164.400	300.000	649.200	10.750		
10.760	9.860	4.760	4.760	19.380	10.760	184.800	164.400	300.000	649.200	10.760		
10.770	9.860	4.760	4.760	19.380	10.770	182.400	166.800	300.000	649.200	10.770		
10.780	10.000	5.000	2.480	17.480	10.780	182.400	166.800	296.400	645.600	10.780		
10.790	10.000	2.480	5.000	17.480	10.790	182.400	166.800	296.400	645.600	10.790		
10.800	7.480	2.480	5.000	14.960	10.800	181.500	166.980	296.450	644.930	10.800		
10.810	7.480	5.000	2.480	14.960	10.810	179.080	166.980	294.030	640.090	10.810		
10.820	7.480	2.480	0.000	9.960	10.820	176.660	166.980	294.030	637.670	10.820		
10.830	7.480	2.480	0.000	9.960	10.830	174.240	166.980	294.030	635.250	10.830		
10.840	7.480	2.480	2.480	12.440	10.840	174.240	166.980	294.030	635.250	10.840		
10.850	7.480	2.480	2.480	12.440	10.850	171.820	166.980	294.030	632.830	10.850		
10.860	7.480	2.480	0.000	9.960	10.860	171.820	166.980	294.030	632.830	10.860		
10.870	7.480	2.480	2.480	12.440	10.870	169.400	164.560	294.030	627.990	10.870		
10.880	7.480	2.480	2.480	12.440	10.880	169.400	162.140	294.030	625.570	10.880		
10.890	7.480	2.480	2.480	12.440	10.890	166.980	159.720	291.610	618.310	10.890		
10.900	7.480	2.480	0.000	9.960	10.900	164.560	154.880	291.610	611.050	10.900		
10.910	7.480	2.480	0.000	9.960	10.910	162.140	148.830	291.610	602.580	10.910		
10.920	7.480	2.480	0.000	9.960	10.920	159.720	143.990	294.030	597.740	10.920		
10.930	7.500	2.500	0.000	10.000	10.930	154.880	136.730	296.450	588.060	10.930		
10.940	7.500	2.500	0.000	10.000	10.940	148.830	127.050	302.500	578.380	10.940		
10.950	7.500	5.000	0.000	12.500	10.950	144.900	117.180	307.440	569.520	10.950		
10.960	7.500	5.000	0.000	12.500	10.960	139.860	109.620	309.960	559.440	10.960		
10.970	7.500	5.000	5.000	17.500	10.970	137.340	102.060	312.480	551.880	10.970		
10.980	12.500	12.500	12.500	37.500	10.980	132.300	97.020	315.000	544.320	10.980		
10.990	30.000	20.000	15.000	65.000	10.990	132.300	94.500	315.000	541.800	10.990		
11.000	47.500	30.000	27.500	105.000	11.000	132.300	89.460	312.480	534.240	11.000		
11.010	50.000	35.000	32.500	117.500	11.010	132.300	86.940	304.920	524.160	11.010		
11.020	55.000	42.500	35.000	132.500	11.020	132.300	84.420	297.360	514.080	11.020		
11.030	72.500	50.000	40.000	162.500	11.030	134.820	81.900	287.280	504.000	11.030		
11.040	95.000	57.500	50.000	202.500	11.040	134.820	76.860	277.200	488.880	11.040		
11.050	107.500	65.000	55.000	227.500	11.050	134.820	74.340	264.600	473.760	11.050		
11.060	117.500	70.000	60.000	247.500	11.060	134.820	69.300	252.000	456.120	11.060		
11.070	125.000	75.000	67.500	267.500	11.070	134.820	69.300	239.400	443.520	11.070		
11.080	127.260	77.490	69.930	274.680	11.080	134.820	64.260	226.800	425.880	11.080		
11.090	129.780	81.900	74.970	286.650	11.090	134.820	64.260	216.720	415.800	11.090		
11.100	132.300	81.900	77.490	291.690	11.100	132.020	62.320	205.000	399.340	11.100		
11.110	134.820	84.420	77.490	296.730	11.110	132.020	59.860	196.800	388.680	11.110		
11.120	137.340	84.420	79.380	301.140	11.120	127.100	57.400	189.420	373.920	11.120		
11.130	139.860	84.420	79.380	303.660	11.130	124.640	57.400	182.040	364.080	11.130		
11.140	139.860	84.420	79.380	303.660	11.140	122.180	57.400	177.120	356.700	11.140		
11.150	139.860	84.420	79.380	303.660	11.150	117.260	52.480	172.200	341.940	11.150		
11.160	139.860	86.940	79.380	306.180	11.160	114.800	52.480	167.280	334.560	11.160		
11.170	142.380	84.420	79.380	306.180	11.170	112.340	49.200	159.900	321.440	11.170		
11.180	142.380	84.420	79.380	306.180	11.180	109.880	49.200	157.440	316.520	11.180		
11.190	144.900	84.420	77.490	306.810	11.190	107.420	46.740	154.980	309.140	11.190		
11.200	147.420	84.420	77.490	309.330	11.200	104.960	46.740	151.700	303.400	11.200		
11.210	149.940	84.420	74.970	309.330	11.210	102.500	46.740	149.240	298.480	11.210		
11.220	157.500	84.420	74.970	316.890	11.220	102.500	44.280	149.240	296.020	11.220		
11.230	161.920	84.480	72.160	318.560	11.230	102.500	44.280	149.240	296.020	11.230		
11.240	167.200	84.480	72.160	323.840	11.240	99.220	44.280	146.780	290.280	11.240		
11.250	172.480	84.480	69.520	326.480	11.250	99.820	44.640	146.940	291.400	11.250		
11.260	176.880	84.480	69.520	330.880	11.260	97.340	42.160	144.460	283.960	11.260		
11.270	182.160	87.120	69.520	338.800	11.270	97.340	42.160	144.460	283.960	11.270		
11.280	187.440	84.480	69.520	341.440	11.280	94.860	42.160	144.460	281.480	11.280		
11.290	191.840	84.480	66.880	343.200	11.290	94.860	42.160	144.460	281.480	11.290		
11.300	199.760	84.480	66.880	351.120	11.300	92.380	42.160	146.940	281.480	11.300		
11.310	202.400	84.480	64.240	351.120	11.310	92.380	42.160	146.940	281.480	11.310		
11.320	206.800	84.480	62.480	353.760	11.320	89.900	42.160	149.420	281.480	11.320		
11.330	212.080	81.840	62.480	356.400	11.330	89.900	42.160	149.420	281.480	11.330		
11.340	214.720	81.840	59.840	356.400	11.340	89.900	42.160	151.900	283.960	11.340		
11.350	217.360	81.840	59.840	359.040	11.350	89.900	44.640	151.900	286.440	11.350		
11.360	217.360	79.200	59.840	356.400	11.360	89.900	44.640	151.900	286.440	11.360		
11.370	220.000	79.200	59.840	359.040	11.370	89.900	44.640	151.900	286.440	11.370		
11.380	217.500	77.430	57.420	352.350	11.380	89.900	44.640	155.000	289.540	11.380		
11.390	217.500	79.170	59.160	355.830	11.390	89.900	47.120	155.000	292.020	11.390		
11.400	217.500	77.430	59.160	354.090	11.400	89.760	44.880	154.360	289.000	11.400		
11.410	214.890	74.820	59.160	348.870	11.410	89.760	44.880	154.360	289.000	11.410		
11.420	214.890	74.820	59.160	348.870	11.420	89.760	46.920	157.080	293.760	11.420		
11.430	212.280	74.820	59.160	346.260	11.430	89.760	46.920	157.080	293.760	11.430		
11.440	212.280	74.820	59.160	346.260	11.440	89.760	46.920	157.080	293.760	11.440		
11.450	209.670	74.820	61.770	346.260	11.450	89.760	46.920	159.800	296.480	11.450		
11.460	209.670	74.820	61.770	346.260	11.460	89.760	46.920	159.800	296.480	11.460		
11.470	207.060	74.820	59.160	341.040	11.470	89.760	46.920	161.840	298.520	11.470		
11.480	207.060	72.210	61.770	341.040	11.480	89.760	46.920	161.840	298.520	11.480		
11.490	207.060	74.820	64.380	346.260	11.490	89.760	46.920	161.840	298.520	11.490		
11.500	204.450	72.210	59.160	335.820	11.500	89.760	46.920	164.560	301.240	11.500		
11.510	204.450	72.210	59.160	335.820	11.510	89.760	49.640	167.280	306.680	11.510		
11.520	204.450	72.210	59.160	335.820	11.520	89.760	49.640	167.280	306.680	11.520		
11.530	205.000	72.160	62.320	339.480	11.530	89.760	49.640	167.280	306.680	11.530		
11.540	205.000	72.160	62.320	339.480	11.540	89.760	46.920	170.000	306.680	11.540		
11.550	205.000	69.700	59.860	334.560	11.550	90.000	49.500	172.500	312.000	11.550		
11.560	205.000	72.160	62.320	339.480	11.560	90.000	47.250	172.500	309.750	11.560		
11.570	201.720	69.700	62.320	333.740	11.570	87.000	47.250	174.750	309.000	11.570		
11.580	201.720	69.700	59.860	331.280	11.580	87.000	47.250	174.750	309.000	11.580		
11.590	201.720	69.700	62.320	333.740	11.590	87.000	47.250	177.000	311.250	11.590		
11.600	205.000	69.700	62.320	337.020	11.600	84.750	47.250	180.000	312.000	11.600		
11.610	201.720	69.700	64.780	336.200	11.610	84.750	47.250	180.000	312.000	11.610		
11.620	205.000	69.700	62.320	337.020	11.620	87.000	47.250	182.250	316.500	11.620		
11.630	201.720	69.700	64.780	336.200	11.630	87.000	47.250	184.500	318.750	11.630		
11.640	201.720	69.700	64.780	336.200	11.640	87.000	49.500	184.500	321.000	11.640		
11.650	201.720	69.700	62.320	333.740	11.650	87.000	49.500	184.500	321.000	11.650		
11.660	201.720	69.700	64.780	336.200	11.660	87.000	52.500	184.500	324.000	11.660		
11.670	199.260	69.700	64.780	333.740	11.670	87.000	49.500	184.500	321.000	11.670		
11.680	197.500	69.520	64.780	331.800	11.680	87.000	49.500	184.500	321.000	11.680		
11.690	194.340	69.520	64.780	328.640	11.690	87.000	49.500	187.500	324.000	11.690		
11.700	194.340	67.150	64.780	326.270	11.700	87.480	51.840	184.680	324.000	11.700		
11.710	194.340	69.520	64.780	328.640	11.710	87.480	51.840	187.110	326.430	11.710		
11.720	189.600	69.520	64.780	323.900	11.720	87.480	49.410	187.110	324.000	11.720		
11.730	189.600	69.520	64.780	323.900	11.730	87.480	49.410	187.110	324.000	11.730		
11.740	189.600	67.150	62.410	319.160	11.740	84.240	51.840	187.110	323.190	11.740		
11.750	187.230	67.150	64.780	319.160	11.750	84.240	49.410	189.540	323.190	11.750		
11.760	184.860	67.150	62.410	314.420	11.760	81.810	49.410	189.540	320.760	11.760		
11.770	184.860	67.150	62.410	314.420	11.770	81.810	49.410	191.970	323.190	11.770		
11.780	184.860	64.780	64.780	314.420	11.780	81.810	49.410	194.400	325.620	11.780		
11.790	184.860	67.150	62.410	314.420	11.790	79.380	49.410	194.400	323.190	11.790		
11.800	182.490	64.780	62.410	309.680	11.800	79.380	49.410	194.400	323.190	11.800		
11.810	184.860	64.780	62.410	312.050	11.810	79.380	49.410	196.830	325.620	11.810		
11.820	184.860	64.780	62.410	312.050	11.820	76.950	49.410	199.260	325.620	11.820		
11.830	185.000	64.380	62.160	311.540	11.830	76.950	49.410	199.260	325.620	11.830		
11.840	185.000	64.380	62.160	311.540	11.840	76.950	49.410	202.500	328.860	11.840		
11.850	185.000	64.380	62.160	311.540	11.850	74.260	47.000	204.920	326.180	11.850		
11.860	185.000	62.160	62.160	309.320	11.860	74.260	47.000	204.920	326.180	11.860		
11.870	185.000	62.160	62.160	309.320	11.870	74.260	47.000	206.800	328.060	11.870		
11.880	185.000	62.160	62.160	309.320	11.880	74.260	47.000	209.620	330.880	11.880		
11.890	185.000	62.160	62.160	309.320	11.890	74.260	47.000	212.440	333.700	11.890		
11.900	185.000	62.160	62.160	309.320	11.900	72.380	47.000	212.440	331.820	11.900		
11.910	185.000	59.940	59.940	304.880	11.910	72.380	49.820	214.320	336.520	11.910		
11.920	185.000	59.940	59.940	304.880	11.920	72.380	47.000	217.140	336.520	11.920		
11.930	182.040	59.940	59.940	301.920	11.930	72.380	49.820	219.960	342.160	11.930		
11.940	182.040	59.940	59.940	301.920	11.940	72.380	49.820	221.840	344.040	11.940		
11.950	179.820	59.940	56.980	296.740	11.950	72.380	49.820	221.840	344.040	11.950		
11.960	176.860	56.980	56.980	290.820	11.960	72.380	51.700	224.660	348.740	11.960		
11.970	174.640	56.980	56.980	288.600	11.970	72.380	51.700	227.480	351.560	11.970		
11.980	172.500	54.510	57.270	284.280	11.980	72.380	54.520	232.180	359.080	11.980		
11.990	169.740	54.510	57.270	281.520	11.990	72.380	57.340	235.000	364.720	11.990		
12.000	166.980	54.510	54.510	276.000	12.000	71.710	59.590	237.350	368.650	12.000		
12.010	162.150	52.440	54.510	269.100	12.010	71.710	59.590	242.400	373.700	12.010		
12.020	159.390	49.680	52.440	261.510	12.020	71.710	61.610	244.420	377.740	12.020		
12.030	154.560	49.680	52.440	256.680	12.030	71.710	64.640	247.450	383.800	12.030		
12.040	152.490	46.920	52.440	251.850	12.040	71.710	66.660	249.470	387.840	12.040		
12.050	146.970	46.920	52.440	246.330	12.050	71.710	69.690	252.500	393.900	12.050		
12.060	139.380	46.920	54.510	240.810	12.060	74.740	69.690	252.500	396.930	12.060		
12.070	134.550	44.850	54.510	233.910	12.070	74.740	71.710	252.500	398.950	12.070		
12.080	129.720	42.090	54.510	226.320	12.080	74.740	74.740	252.500	401.980	12.080		
12.090	122.130	39.330	59.340	220.800	12.090	74.740	74.740	249.470	398.950	12.090		
12.100	119.370	39.330	59.340	218.040	12.100	76.760	76.760	249.470	402.990	12.100		
12.110	117.300	39.330	62.100	218.730	12.110	76.760	79.790	244.420	400.970	12.110		
12.120	114.540	37.260	66.930	218.730	12.120	76.760	79.790	239.370	395.920	12.120		
12.130	112.110	37.370	69.690	219.170	12.130	76.760	79.790	234.320	390.870	12.130		
12.140	114.130	34.340	74.740	223.210	12.140	76.760	79.790	232.300	388.850	12.140		
12.150	117.160	34.340	76.760	228.260	12.150	79.200	79.200	225.000	383.400	12.150		
12.160	122.210	34.340	79.790	236.340	12.160	79.200	79.200	219.600	378.000	12.160		
12.170	127.260	34.340	84.840	246.440	12.170	81.900	79.200	212.400	373.500	12.170		
12.180	134.330	34.340	86.860	255.530	12.180	81.900	79.200	207.000	368.100	12.180		
12.190	144.430	37.370	89.890	271.690	12.190	79.200	77.400	199.800	356.400	12.190		
12.200	154.530	39.390	91.910	285.830	12.200	77.400	77.400	191.700	346.500	12.200		
12.210	166.650	39.390	94.940	300.980	12.210	77.400	72.000	181.800	331.200	12.210		
12.220	179.780	42.420	96.960	319.160	12.220	72.000	69.300	171.900	313.200	12.220		
12.230	194.930	44.440	99.990	339.360	12.230	67.500	64.800	159.300	291.600	12.230		
12.240	209.070	47.470	104.030	360.570	12.240	59.400	59.400	144.900	263.700	12.240		
12.250	222.200	51.510	107.060	380.770	12.250	54.900	54.900	129.600	239.400	12.250		
12.260	237.350	54.540	109.080	400.970	12.260	46.800	46.800	114.300	207.900	12.260		
12.270	252.500	56.560	107.060	416.120	12.270	36.900	42.300	99.900	179.100	12.270		
12.280	268.950	56.100	112.200	437.250	12.280	29.700	36.900	81.900	148.500	12.280		
12.290	287.100	61.050	112.200	460.350	12.290	19.800	29.700	67.500	117.000	12.290		
12.300	301.950	61.050	108.900	471.900	12.300	12.390	22.470	52.500	87.360	12.300		
12.310	318.450	64.350	108.900	491.700	12.310	2.310	14.910	42.420	59.640	12.310		
12.320	334.950	64.350	108.900	508.200	12.320	0.000	7.350	32.340	39.690	12.320		
12.330	346.500	66.000	108.900	521.400	12.330	0.000	2.310	22.470	24.780	12.330		
12.340	359.700	66.000	108.900	534.600	12.340	0.000	0.000	14.910	14.910	12.340		
12.350	369.600	66.000	108.900	544.500	12.350	0.000	0.000	7.350	7.350	12.350		
12.360	376.200	66.000	108.900	551.100	12.360	0.000	0.000	4.830	4.830	12.360		
12.370	386.100	69.300	112.200	567.600	12.370	0.000	0.000	4.830	4.830	12.370		
12.380	394.350	69.300	108.900	572.550	12.380	0.000	0.000	4.830	4.830	12.380		
12.390	400.950	69.300	108.900	579.150	12.390	0.000	0.000	4.830	4.830	12.390		
12.400	405.900	69.300	107.250	582.450	12.400	0.000	0.000	2.310	2.310	12.400		
12.410	409.200	69.300	107.250	585.750	12.410	0.000	0.000	2.310	2.310	12.410		
12.420	412.500	66.000	107.250	585.750	12.420	0.000	0.000	2.310	2.310	12.420		
12.430	414.160	66.800	106.880	587.840	12.430	0.000	0.000	2.310	2.310	12.430		
12.440	417.500	66.800	103.540	587.840	12.440	0.000	0.000	0.000	0.000	12.440		
12.450	417.500	66.800	103.540	587.840	12.450	0.000	0.000	2.450	2.450	12.450		
12.460	417.500	63.460	106.880	587.840	12.460	0.000	0.000	2.450	2.450	12.460		
12.470	414.160	63.460	103.540	581.160	12.470	0.000	0.000	0.000	0.000	12.470		
12.480	414.160	61.790	101.870	577.820	12.480	0.000	0.000	0.000	0.000	12.480		
12.490	414.160	63.460	101.870	579.490	12.490	0.000	0.000	2.450	2.450	12.490		
12.500	414.160	61.790	98.530	574.480	12.500	0.000	0.000	2.450	2.450	12.500		
12.510	412.490	61.790	101.870	576.150	12.510	0.000	0.000	2.450	2.450	12.510		
12.520	412.490	58.450	98.530	569.470	12.520	0.000	0.000	4.900	4.900	12.520		
12.530	409.150	58.450	96.860	564.460	12.530	0.000	0.000	4.900	4.900	12.530		
12.540	407.480	56.780	96.860	561.120	12.540	4.900	0.000	4.900	9.800	12.540		
12.550	407.480	58.450	93.520	559.450	12.550	9.800	0.000	2.450	12.250	12.550		
12.560	402.470	56.780	91.850	551.100	12.560	24.850	0.000	2.450	27.300	12.560		
12.570	399.130	53.440	91.850	544.420	12.570	39.900	2.450	4.900	47.250	12.570		
12.580	395.000	53.720	88.480	537.200	12.580	64.750	4.900	7.350	77.000	12.580		
12.590	388.680	52.140	88.480	529.300	12.590	87.500	9.800	12.250	109.550	12.590		
12.600	382.360	52.140	86.900	521.400	12.600	104.500	14.250	14.250	133.000	12.600		
12.610	371.300	47.400	83.740	502.440	12.610	119.700	21.850	19.950	161.500	12.610		
12.620	361.820	44.240	83.740	489.800	12.620	136.800	32.300	24.700	193.800	12.620		
12.630	346.020	41.080	82.160	469.260	12.630	147.250	47.500	32.300	227.050	12.630		
12.640	328.640	39.500	79.000	447.140	12.640	152.000	67.450	61.750	281.200	12.640		
12.650	311.260	34.760	74.260	420.280	12.650	152.000	79.800	96.900	328.700	12.650		
12.660	292.300	31.600	69.520	393.420	12.660	154.850	89.300	121.600	365.750	12.660		
12.670	268.600	23.700	61.620	353.920	12.670	156.750	95.000	134.900	386.650	12.670		
12.680	237.000	18.960	53.720	309.680	12.680	162.450	96.900	142.500	401.850	12.680		
12.690	206.980	14.220	44.240	265.440	12.690	164.350	99.750	152.000	416.100	12.690		
12.700	172.220	9.480	36.340	218.040	12.700	169.100	107.350	162.450	438.900	12.700		
12.710	139.040	4.740	28.440	172.220	12.710	174.800	114.950	179.550	469.300	12.710		
12.720	107.440	0.000	23.700	131.140	12.720	176.700	121.600	194.750	493.050	12.720		
12.730	80.000	0.000	19.840	99.840	12.730	179.550	129.200	214.700	523.450	12.730		
12.740	57.280	0.000	14.720	72.000	12.740	182.400	136.800	237.500	556.700	12.740		
12.750	42.240	0.000	12.480	54.720	12.750	181.890	143.820	259.440	585.150	12.750		
12.760	34.880	0.000	9.920	44.800	12.760	181.890	152.280	276.360	610.530	12.760		
12.770	27.200	0.000	7.360	34.560	12.770	179.070	156.510	294.690	630.270	12.770		
12.780	19.840	0.000	7.360	27.200	12.780	179.070	162.150	308.790	650.010	12.780		
12.790	14.720	0.000	4.800	19.520	12.790	176.250	164.970	324.300	665.520	12.790		
12.800	12.480	0.000	2.240	14.720	12.800	174.840	164.970	334.170	673.980	12.800		
12.810	9.920	0.000	0.000	9.920	12.810	172.020	166.380	341.220	679.620	12.810		
12.820	9.920	0.000	0.000	9.920	12.820	169.200	166.380	346.860	682.440	12.820		
12.830	9.920	0.000	0.000	9.920	12.830	166.380	166.380	349.680	682.440	12.830		
12.840	7.360	0.000	0.000	7.360	12.840	162.150	164.970	352.500	679.620	12.840		
12.850	7.360	0.000	0.000	7.360	12.850	159.330	164.970	349.680	673.980	12.850		
12.860	7.360	0.000	0.000	7.360	12.860	156.510	162.150	346.860	665.520	12.860		
12.870	7.360	0.000	0.000	7.360	12.870	153.690	159.330	346.860	659.880	12.870		
12.880	7.500	0.000	0.000	7.500	12.880	149.460	156.510	344.040	650.010	12.880		
12.890	7.500	0.000	0.000	7.500	12.890	143.820	153.690	341.220	638.730	12.890		
12.900	7.500	0.000	0.000	7.500	12.900	136.800	152.000	342.000	630.800	12.900		
12.910	4.980	0.000	0.000	4.980	12.910	126.160	147.440	338.960	612.560	12.910		
12.920	7.500	0.000	0.000	7.500	12.920	118.560	144.400	342.000	604.960	12.920		
12.930	4.980	0.000	0.000	4.980	12.930	112.480	141.360	342.000	595.840	12.930		
12.940	7.500	0.000	0.000	7.500	12.940	101.840	133.760	346.560	582.160	12.940		
12.950	4.980	2.490	0.000	7.470	12.950	94.240	132.240	351.120	577.600	12.950		
12.960	4.980	0.000	0.000	4.980	12.960	83.600	126.160	357.200	566.960	12.960		
12.970	4.980	2.490	0.000	7.470	12.970	76.000	121.600	361.760	559.360	12.970		
12.980	4.980	2.490	0.000	7.470	12.980	69.920	117.040	366.320	553.280	12.980		
12.990	4.980	2.490	0.000	7.470	12.990	63.840	112.480	372.400	548.720	12.990		
13.000	4.980	2.490	0.000	7.470	13.000	59.280	106.400	373.920	539.600	13.000		
13.010	2.490	2.490	0.000	4.980	13.010	51.680	104.880	376.960	533.520	13.010		
13.020	4.980	4.980	0.000	9.960	13.020	47.120	98.800	380.000	525.920	13.020		
13.030	14.440	4.560	0.000	19.000	13.030	41.040	94.240	373.920	509.200	13.030		
13.040	19.760	4.560	0.000	24.320	13.040	36.480	89.680	369.360	495.520	13.040		
13.050	19.760	4.560	0.000	24.320	13.050	33.580	84.680	365.000	483.260	13.050		
13.060	17.480	4.560	0.000	22.040	13.060	29.200	81.760	359.160	470.120	13.060		
13.070	17.480	9.880	2.280	29.640	13.070	24.820	78.840	348.940	452.600	13.070		
13.080	14.440	9.880	4.560	28.880	13.080	18.980	77.380	338.720	435.080	13.080		
13.090	17.480	12.160	9.880	39.520	13.090	16.060	71.540	329.960	417.560	13.090		
13.100	24.320	19.760	17.480	61.560	13.100	14.600	71.540	319.740	405.880	13.100		
13.110	34.960	27.360	24.320	86.640	13.110	11.680	68.620	306.600	386.900	13.110		
13.120	49.400	37.240	34.960	121.600	13.120	11.680	64.240	289.080	365.000	13.120		
13.130	74.480	47.120	41.800	163.400	13.130	8.760	59.860	268.640	337.260	13.130		
13.140	109.440	59.280	52.440	221.160	13.140	8.760	56.940	246.740	312.440	13.140		
13.150	142.120	69.920	59.280	271.320	13.150	7.300	51.100	221.920	280.320	13.150		
13.160	169.480	79.800	69.920	319.200	13.160	4.380	46.720	197.100	248.200	13.160		
13.170	190.000	89.680	76.760	356.440	13.170	1.460	43.800	169.360	214.620	13.170		
13.180	206.400	99.600	90.000	396.000	13.180	0.000	36.500	141.620	178.120	13.180		
13.190	217.200	109.200	102.000	428.400	13.190	0.000	32.120	113.880	146.000	13.190		
13.200	226.800	122.400	111.600	460.800	13.200	0.000	24.840	90.000	114.840	13.200		
13.210	231.600	129.600	120.000	481.200	13.210	0.000	17.280	69.840	87.120	13.210		
13.220	236.400	136.800	129.600	502.800	13.220	0.000	7.200	54.720	61.920	13.220		
13.230	244.800	144.000	134.400	523.200	13.230	0.000	4.680	39.960	44.640	13.230		
13.240	252.000	150.000	141.600	543.600	13.240	0.000	0.000	27.360	27.360	13.240		
13.250	261.600	157.200	150.000	568.800	13.250	0.000	0.000	17.280	17.280	13.250		
13.260	272.400	162.000	154.800	589.200	13.260	0.000	0.000	9.720	9.720	13.260		
13.270	277.200	164.400	159.600	601.200	13.270	0.000	0.000	2.160	2.160	13.270		
13.280	284.400	166.800	162.000	613.200	13.280	0.000	0.000	0.000	0.000	13.280		
13.290	289.200	166.800	166.800	622.800	13.290	0.000	0.000	0.000	0.000	13.290		
13.300	294.000	164.400	169.200	627.600	13.300	0.000	0.000	0.000	0.000	13.300		
13.310	300.000	162.000	171.600	633.600	13.310	0.000	0.000	0.000	0.000	13.310		
13.320	300.000	159.600	174.000	633.600	13.320	0.000	0.000	0.000	0.000	13.320		
13.330	300.000	157.200	176.400	633.600	13.330	0.000	0.000	0.000	0.000	13.330		
13.340	296.400	154.800	180.000	631.200	13.340	0.000	0.000	0.000	0.000	13.340		
13.350	296.400	152.400	182.400	631.200	13.350	0.000	0.000	0.000	0.000	13.350		
13.360	296.400	150.000	182.400	628.800	13.360	0.000	0.000	0.000	0.000	13.360		
13.370	294.000	150.000	184.800	628.800	13.370	0.000	0.000	0.000	0.000	13.370		
13.380	291.600	152.400	187.200	631.200	13.380	0.000	0.000	0.000	0.000	13.380		
13.390	286.800	152.400	189.600	628.800	13.390	0.000	0.000	0.000	0.000	13.390		
13.400	282.000	152.400	194.400	628.800	13.400	0.000	0.000	0.000	0.000	13.400		
13.410	274.800	152.400	199.200	626.400	13.410	0.000	0.000	0.000	0.000	13.410		
13.420	270.000	154.800	204.000	628.800	13.420	0.000	0.000	0.000	0.000	13.420		
13.430	264.000	154.800	210.000	628.800	13.430	0.000	0.000	0.000	0.000	13.430		
13.440	259.200	157.200	212.400	628.800	13.440	0.000	0.000	0.000	0.000	13.440		
13.450	256.800	157.200	214.800	628.800	13.450	0.000	0.000	0.000	0.000	13.450		
13.460	254.400	154.800	219.600	628.800	13.460	0.000	0.000	0.000	0.000	13.460		
13.470	252.000	157.200	219.600	628.800	13.470	0.000	0.000	0.000	0.000	13.470		
13.480	252.350	156.560	222.480	631.390	13.480	2.490	0.000	0.000	2.490	13.480		
13.490	252.350	156.560	222.480	631.390	13.490	7.500	0.000	0.000	7.500	13.490		
13.500	254.410	156.560	222.480	633.450	13.500	17.480	0.000	0.000	17.480	13.500		
13.510	254.410	156.560	219.390	630.360	13.510	29.640	2.280	2.280	34.200	13.510		
13.520	257.500	154.500	219.390	631.390	13.520	44.840	4.560	4.560	53.960	13.520		
13.530	257.500	154.500	214.240	626.240	13.530	57.000	6.840	6.840	70.680	13.530		
13.540	254.410	152.440	214.240	621.090	13.540	79.800	12.160	9.880	101.840	13.540		
13.550	249.260	147.290	214.240	610.790	13.550	99.560	17.480	14.440	131.480	13.550		
13.560	244.110	144.200	209.090	597.400	13.560	114.760	22.040	17.480	154.280	13.560		
13.570	236.900	139.050	207.030	582.980	13.570	126.920	29.640	19.760	176.320	13.570		
13.580	226.600	134.930	207.030	568.560	13.580	139.840	37.240	22.040	199.120	13.580		
13.590	214.240	129.780	201.880	545.900	13.590	152.000	44.840	27.360	224.200	13.590		
13.600	199.820	121.540	199.820	521.180	13.600	161.880	54.720	31.920	248.520	13.600		
13.610	184.370	114.330	194.670	493.370	13.610	167.200	64.600	47.120	278.920	13.610		
13.620	169.950	107.120	189.520	466.590	13.620	174.800	72.200	59.280	306.280	13.620		
13.630	152.250	97.500	187.500	437.250	13.630	182.400	79.800	69.920	332.120	13.630		
13.640	132.000	90.000	180.000	402.000	13.640	190.000	84.360	76.760	351.120	13.640		
13.650	114.750	79.500	172.500	366.750	13.650	199.500	89.250	81.900	370.650	13.650		
13.660	97.500	69.750	165.000	332.250	13.660	206.850	96.600	87.150	390.600	13.660		
13.670	79.500	60.000	154.500	294.000	13.670	214.200	99.750	94.500	408.450	13.670		
13.680	64.500	49.500	142.500	256.500	13.680	224.700	107.100	101.850	433.650	13.680		
13.690	52.500	42.000	132.000	226.500	13.690	229.950	114.450	112.350	456.750	13.690		
13.700	39.750	37.500	122.250	199.500	13.700	237.300	121.800	124.950	484.050	13.700		
13.710	32.250	30.000	112.500	174.750	13.710	244.650	132.300	136.500	513.450	13.710		
13.720	24.750	24.750	102.000	151.500	13.720	249.900	136.500	149.100	535.500	13.720		
13.730	19.500	17.250	90.000	126.750	13.730	252.000	147.000	161.700	560.700	13.730		
13.740	15.000	12.000	77.250	104.250	13.740	257.250	154.350	177.450	589.050	13.740		
13.750	9.750	7.500	67.500	84.750	13.750	259.350	159.600	192.150	611.100	13.750		
13.760	7.500	4.500	54.750	66.750	13.760	262.500	166.950	201.600	631.050	13.760		
13.770	4.500	2.250	45.000	51.750	13.770	262.500	169.050	217.350	648.900	13.770		
13.780	2.380	0.000	35.000	37.380	13.780	262.500	174.300	226.800	663.600	13.780		
13.790	0.000	0.000	27.440	27.440	13.790	262.500	177.450	237.300	677.250	13.790		
13.800	0.000	0.000	17.500	17.500	13.800	259.860	179.340	246.440	685.640	13.800		
13.810	0.000	0.000	9.940	9.940	13.810	257.420	179.340	251.320	688.080	13.810		
13.820	0.000	0.000	2.380	2.380	13.820	254.980	179.340	254.980	689.300	13.820		
13.830	0.000	0.000	0.000	0.000	13.830	248.880	176.900	259.860	685.640	13.830		
13.840	0.000	0.000	0.000	0.000	13.840	241.560	174.460	259.860	675.880	13.840		
13.850	0.000	0.000	0.000	0.000	13.850	236.680	172.020	262.300	671.000	13.850		
13.860	0.000	0.000	0.000	0.000	13.860	229.360	169.580	264.740	663.680	13.860		
13.870	0.000	0.000	0.000	0.000	13.870	222.040	164.700	267.180	653.920	13.870		
13.880	0.000	0.000	0.000	0.000	13.880	212.280	159.820	269.620	641.720	13.880		
13.890	0.000	0.000	0.000	0.000	13.890	201.300	157.380	274.500	633.180	13.890		
13.900	0.000	0.000	0.000	0.000	13.900	191.540	152.500	279.380	623.420	13.900		
13.910	0.000	0.000	0.000	0.000	13.910	179.340	146.400	284.260	610.000	13.910		
13.920	0.000	0.000	0.000	0.000	13.920	167.140	139.080	289.140	595.360	13.920		
13.930	0.000	0.000	0.000	0.000	13.930	154.940	134.200	296.460	585.600	13.930		
13.940	11.850	0.000	0.000	11.850	13.940	141.520	126.880	305.000	573.400	13.940		
13.950	26.860	0.000	0.000	26.860	13.950	124.160	119.040	312.320	555.520	13.950		
13.960	32.390	0.000	0.000	32.390	13.960	108.800	108.800	317.440	535.040	13.960		
13.970	34.760	2.370	2.370	39.500	13.970	97.280	104.960	320.000	522.240	13.970		
13.980	41.870	2.370	2.370	46.610	13.980	87.040	97.280	320.000	504.320	13.980		
13.990	54.510	4.740	2.370	61.620	13.990	76.800	89.600	320.000	486.400	13.990		
14.000	71.890	4.740	4.740	81.370	14.000	69.120	81.920	317.440	468.480	14.000		
14.010	92.430	4.740	4.740	101.910	14.010	61.440	76.800	312.320	450.560	14.010		
14.020	109.810	7.110	7.110	124.030	14.020	53.760	69.120	302.080	424.960	14.020		
14.030	127.190	7.110	4.740	139.040	14.030	49.920	64.000	289.280	403.200	14.030		
14.040	146.940	7.110	4.740	158.790	14.040	44.800	58.880	273.920	377.600	14.040		
14.050	161.950	9.480	4.740	176.170	14.050	39.680	53.760	257.280	350.720	14.050		
14.060	179.330	11.850	7.110	198.290	14.060	37.120	49.920	236.800	323.840	14.060		
14.070	197.500	9.480	4.740	211.720	14.070	29.440	44.800	212.480	286.720	14.070		
14.080	214.830	10.850	6.510	232.190	14.080	21.760	42.240	179.200	243.200	14.080		
14.090	232.190	10.850	6.510	249.550	14.090	16.640	37.120	147.200	200.960	14.090		
14.100	249.550	8.680	6.510	264.740	14.100	9.680	29.920	110.000	149.600	14.100		
14.110	269.080	10.850	6.510	286.440	14.110	7.480	24.640	79.640	111.760	14.110		
14.120	292.950	10.850	8.680	312.480	14.120	7.480	17.160	52.360	77.000	14.120		
14.130	323.330	13.020	10.850	347.200	14.130	7.480	12.320	34.760	54.560	14.130		
14.140	358.050	13.020	10.850	381.920	14.140	7.480	9.680	22.440	39.600	14.140		
14.150	394.940	19.530	10.850	425.320	14.150	4.840	7.480	12.320	24.640	14.150		
14.160	427.490	21.700	10.850	460.040	14.160	2.200	4.840	4.840	11.880	14.160		
14.170	455.700	23.870	10.850	490.420	14.170	0.000	0.000	2.200	2.200	14.170		
14.180	481.740	26.040	13.020	520.800	14.180	0.000	0.000	0.000	0.000	14.180		
14.190	503.440	26.040	10.850	540.330	14.190	0.000	0.000	0.000	0.000	14.190		
14.200	520.800	28.210	13.020	562.030	14.200	0.000	0.000	0.000	0.000	14.200		
14.210	531.650	28.210	13.020	572.880	14.210	0.000	0.000	0.000	0.000	14.210		
14.220	542.500	30.380	13.020	585.900	14.220	0.000	0.000	0.000	0.000	14.220		
14.230	548.340	31.080	13.320	592.740	14.230	0.000	0.000	0.000	0.000	14.230		
14.240	555.000	31.080	13.320	599.400	14.240	0.000	0.000	0.000	0.000	14.240		
14.250	555.000	31.080	13.320	599.400	14.250	0.000	0.000	0.000	0.000	14.250		
14.260	555.000	33.300	15.540	603.840	14.260	0.000	0.000	0.000	0.000	14.260		
14.270	550.560	31.080	13.320	594.960	14.270	0.000	0.000	0.000	0.000	14.270		
14.280	546.120	31.080	13.320	590.520	14.280	0.000	0.000	0.000	0.000	14.280		
14.290	539.460	31.080	13.320	583.860	14.290	0.000	0.000	0.000	0.000	14.290		
14.300	530.580	31.080	13.320	574.980	14.300	0.000	0.000	0.000	0.000	14.300		
14.310	523.920	31.080	13.320	568.320	14.310	0.000	0.000	0.000	0.000	14.310		
14.320	512.820	31.080	13.320	557.220	14.320	0.000	0.000	0.000	0.000	14.320		
14.330	503.940	31.080	13.320	548.340	14.330	0.000	0.000	0.000	0.000	14.330		
14.340	492.840	35.520	15.540	543.900	14.340	0.000	0.000	0.000	0.000	14.340		
14.350	481.740	42.180	19.980	543.900	14.350	0.000	0.000	0.000	0.000	14.350		
14.360	470.640	48.840	24.420	543.900	14.360	0.000	0.000	0.000	0.000	14.360		
14.370	457.320	55.500	28.860	541.680	14.370	0.000	0.000	0.000	0.000	14.370		
14.380	442.500	63.720	38.940	545.160	14.380	0.000	0.000	0.000	0.000	14.380		
14.390	428.340	69.030	49.560	546.930	14.390	0.000	0.000	0.000	0.000	14.390		
14.400	415.950	79.650	61.950	557.550	14.400	0.000	0.000	0.000	0.000	14.400		
14.410	401.790	86.730	69.030	557.550	14.410	0.000	0.000	0.000	0.000	14.410		
14.420	385.860	97.350	84.960	568.170	14.420	0.000	0.000	0.000	0.000	14.420		
14.430	371.700	104.430	97.350	573.480	14.430	0.000	0.000	0.000	0.000	14.430		
14.440	354.000	113.280	111.510	578.790	14.440	0.000	0.000	0.000	0.000	14.440		
14.450	334.530	123.900	129.210	587.640	14.450	0.000	0.000	0.000	0.000	14.450		
14.460	313.290	130.980	143.370	587.640	14.460	0.000	0.000	0.000	0.000	14.460		
14.470	292.050	139.830	161.070	592.950	14.470	0.000	0.000	4.480	4.480	14.470		
14.480	267.270	146.910	182.310	596.490	14.480	0.000	0.000	17.360	17.360	14.480		
14.490	244.260	152.220	198.240	594.720	14.490	0.000	0.000	32.480	32.480	14.490		
14.500	221.250	155.760	215.940	592.950	14.500	0.000	0.000	44.800	44.800	14.500		
14.510	196.470	155.760	233.640	585.870	14.510	0.000	0.000	62.160	62.160	14.510		
14.520	171.690	155.760	251.340	578.790	14.520	0.000	0.000	89.600	89.600	14.520		
14.530	141.940	154.020	271.800	567.760	14.530	0.000	2.240	114.800	117.040	14.530		
14.540	119.290	151.000	291.430	561.720	14.540	0.000	2.240	140.000	142.240	14.540		
14.550	93.620	141.940	309.550	545.110	14.550	1.530	4.590	171.360	177.480	14.550		
14.560	72.480	131.370	329.180	533.030	14.560	1.530	6.120	197.370	205.020	14.560		
14.570	57.380	116.270	344.280	517.930	14.570	4.590	12.240	218.790	235.620	14.570		
14.580	49.830	101.170	356.360	507.360	14.580	9.180	13.770	238.680	261.630	14.580		
14.590	42.280	89.090	366.930	498.300	14.590	12.240	19.890	258.570	290.700	14.590		
14.600	34.730	73.990	374.480	483.200	14.600	13.770	26.010	279.990	319.770	14.600		
14.610	27.180	58.890	377.500	463.570	14.610	21.420	32.130	292.230	345.780	14.610		
14.620	19.630	51.340	374.480	445.450	14.620	24.480	33.660	299.880	358.020	14.620		
14.630	12.080	42.280	366.930	421.290	14.630	29.070	39.780	309.060	377.910	14.630		
14.640	6.040	31.710	351.830	389.580	14.640	32.130	41.310	321.300	394.740	14.640		
14.650	0.000	21.140	329.180	350.320	14.650	36.720	47.430	333.540	417.690	14.650		
14.660	0.000	13.590	303.510	317.100	14.660	39.780	48.960	344.250	432.990	14.660		
14.670	0.000	6.040	271.800	277.840	14.670	41.310	53.550	356.490	451.350	14.670		
14.680	0.000	1.820	227.500	229.320	14.680	44.370	56.610	368.730	469.710	14.680		
14.690	0.000	0.000	174.720	174.720	14.690	47.430	61.200	382.500	491.130	14.690		
14.700	0.000	0.000	127.400	127.400	14.700	49.560	63.720	396.480	509.760	14.700		
14.710	0.000	0.000	84.630	84.630	14.710	49.560	67.260	408.870	525.690	14.710		
14.720	0.000	0.000	51.870	51.870	14.720	51.330	70.800	419.490	541.620	14.720		
14.730	0.000	0.000	27.300	27.300	14.730	56.640	74.340	426.570	557.550	14.730		
14.740	0.000	0.000	11.830	11.830	14.740	58.410	76.110	433.650	568.170	14.740		
14.750	0.000	0.000	7.280	7.280	14.750	61.950	79.650	438.960	580.560	14.750		
14.760	0.000	0.000	4.550	4.550	14.760	63.720	81.420	442.500	587.640	14.760		
14.770	0.000	0.000	0.000	0.000	14.770	69.030	84.960	442.500	596.490	14.770		
14.780	0.000	0.000	0.000	0.000	14.780	70.800	86.730	438.960	596.490	14.780		
14.790	0.000	0.000	0.000	0.000	14.790	76.110	88.500	438.960	603.570	14.790		
14.800	0.000	0.000	0.000	0.000	14.800	81.420	92.040	433.650	607.110	14.800		
14.810	0.000	0.000	0.000	0.000	14.810	88.500	93.810	428.340	610.650	14.810		
14.820	0.000	0.000	0.000	0.000	14.820	93.810	99.120	419.490	612.420	14.820		
14.830	0.000	0.000	0.000	0.000	14.830	100.890	100.890	408.870	610.650	14.830		
14.840	0.000	0.000	0.000	0.000	14.840	106.200	106.200	398.250	610.650	14.840		
14.850	0.000	0.000	0.000	0.000	14.850	117.040	112.420	385.000	614.460	14.850		
14.860	0.000	0.000	0.000	0.000	14.860	126.280	117.040	366.520	609.840	14.860		
14.870	0.000	0.000	0.000	0.000	14.870	137.060	121.660	349.580	608.300	14.870		
14.880	0.000	0.000	0.000	0.000	14.880	149.380	126.280	326.480	602.140	14.880		
14.890	0.000	0.000	0.000	0.000	14.890	164.780	132.440	306.460	603.680	14.890		
14.900	0.000	0.000	0.000	0.000	14.900	177.100	137.060	286.440	600.600	14.900		
14.910	0.000	0.000	0.000	0.000	14.910	192.500	141.680	266.420	600.600	14.910		
14.920	0.000	0.000	0.000	0.000	14.920	206.360	146.300	251.020	603.680	14.920		
14.930	0.000	0.000	0.000	0.000	14.930	224.840	152.460	237.160	614.460	14.930		
14.940	0.000	0.000	0.000	0.000	14.940	238.700	157.080	221.760	617.540	14.940		
14.950	0.000	0.000	0.000	0.000	14.950	257.180	161.700	209.440	628.320	14.950		
14.960	0.000	0.000	0.000	0.000	14.960	274.120	164.780	194.040	632.940	14.960		
14.970	0.000	0.000	0.000	0.000	14.970	291.060	169.400	184.800	645.260	14.970		
14.980	0.000	0.000	0.000	0.000	14.980	314.160	172.480	169.400	656.040	14.980		
14.990	0.000	0.000	0.000	0.000	14.990	337.260	177.100	152.460	666.820	14.990		
15.000	0.000	0.000	0.000	0.000	15.000	358.160	176.660	135.520	670.340	15.000		
15.010	0.000	0.000	0.000	0.000	15.010	382.360	174.240	121.000	677.600	15.010		
15.020	0.000	0.000	0.000	0.000	15.020	401.720	171.820	108.900	682.440	15.020		
15.030	0.000	0.000	0.000	0.000	15.030	423.500	169.400	94.380	687.280	15.030		
15.040	0.000	0.000	0.000	0.000	15.040	442.860	164.560	84.700	692.120	15.040		
15.050	0.000	0.000	0.000	0.000	15.050	467.060	157.300	72.600	696.960	15.050		
15.060	0.000	0.000	0.000	0.000	15.060	488.840	145.200	65.340	699.380	15.060		
15.070	0.000	0.000	0.000	0.000	15.070	508.200	133.100	60.500	701.800	15.070		
15.080	0.000	0.000	0.000	0.000	15.080	529.980	123.420	58.080	711.480	15.080		
15.090	0.000	0.000	0.000	0.000	15.090	549.340	113.740	53.240	716.320	15.090		
15.100	4.950	0.000	0.000	4.950	15.100	566.280	101.640	48.400	716.320	15.100		
15.110	12.430	0.000	0.000	12.430	15.110	580.800	94.380	45.980	721.160	15.110		
15.120	27.500	0.000	0.000	27.500	15.120	590.480	82.280	41.140	713.900	15.120		
15.130	45.000	0.000	0.000	45.000	15.130	600.160	72.600	38.720	711.480	15.130		
15.140	67.500	0.000	0.000	67.500	15.140	605.000	62.920	36.300	704.220	15.140		
15.150	95.000	0.000	0.000	95.000	15.150	607.500	51.030	31.590	690.120	15.150		
15.160	122.500	0.000	0.000	122.500	15.160	597.780	41.310	24.300	663.390	15.160		
15.170	145.000	0.000	0.000	145.000	15.170	590.490	36.450	17.010	643.950	15.170		
15.180	167.500	0.000	0.000	167.500	15.180	575.910	31.590	14.580	622.080	15.180		
15.190	185.000	2.500	0.000	187.500	15.190	554.040	21.870	7.290	583.200	15.190		
15.200	202.500	12.500	5.000	220.000	15.200	524.880	17.010	2.430	544.320	15.200		
15.210	220.000	20.000	20.000	260.000	15.210	486.000	12.150	0.000	498.150	15.210		
15.220	230.000	25.000	30.000	285.000	15.220	439.830	7.290	0.000	447.120	15.220		
15.230	242.500	32.500	42.500	317.500	15.230	379.080	4.860	0.000	383.940	15.230		
15.240	257.500	40.000	52.500	350.000	15.240	315.900	2.430	0.000	318.330	15.240		
15.250	275.000	45.000	60.000	380.000	15.250	250.290	0.000	0.000	250.290	15.250		
15.260	295.000	50.000	67.500	412.500	15.260	184.680	0.000	0.000	184.680	15.260		
15.270	312.500	57.500	75.000	445.000	15.270	123.930	0.000	0.000	123.930	15.270		
15.280	330.960	63.840	78.960	473.760	15.280	70.470	0.000	0.000	70.470	15.280		
15.290	349.440	68.880	84.000	502.320	15.290	38.880	0.000	0.000	38.880	15.290		
15.300	369.600	77.280	89.040	535.920	15.300	20.000	0.000	0.000	20.000	15.300		
15.310	384.720	82.320	94.080	561.120	15.310	12.480	0.000	0.000	12.480	15.310		
15.320	396.480	84.000	97.440	577.920	15.320	7.440	0.000	0.000	7.440	15.320		
15.330	406.560	92.400	99.120	598.080	15.330	4.960	0.000	0.000	4.960	15.330		
15.340	414.960	94.080	104.160	613.200	15.340	4.960	0.000	0.000	4.960	15.340		
15.350	420.000	99.120	105.840	624.960	15.350	2.480	0.000	0.000	2.480	15.350		
15.360	420.000	102.480	109.200	631.680	15.360	0.000	0.000	0.000	0.000	15.360		
15.370	416.640	102.480	110.880	630.000	15.370	0.000	0.000	0.000	0.000	15.370		
15.380	414.960	105.840	114.240	635.040	15.380	0.000	0.000	0.000	0.000	15.380		
15.390	409.920	105.840	114.240	630.000	15.390	0.000	0.000	0.000	0.000	15.390		
15.400	401.520	105.840	119.280	626.640	15.400	0.000	0.000	0.000	0.000	15.400		
15.410	394.800	109.200	120.960	624.960	15.410	0.000	0.000	0.000	0.000	15.410		
15.420	384.720	109.200	124.320	618.240	15.420	0.000	0.000	0.000	0.000	15.420		
15.430	375.000	109.500	127.500	612.000	15.430	0.000	0.000	0.000	0.000	15.430		
15.440	361.500	112.500	129.000	603.000	15.440	0.000	0.000	0.000	0.000	15.440		
15.450	349.500	112.500	135.000	597.000	15.450	0.000	0.000	0.000	0.000	15.450		
15.460	337.500	112.500	136.500	586.500	15.460	0.000	0.000	0.000	0.000	15.460		
15.470	327.000	114.000	142.500	583.500	15.470	0.000	0.000	0.000	0.000	15.470		
15.480	315.000	114.000	147.000	576.000	15.480	0.000	0.000	0.000	0.000	15.480		
15.490	304.500	117.000	151.500	573.000	15.490	0.000	0.000	0.000	0.000	15.490		
15.500	292.500	120.000	157.500	570.000	15.500	0.000	0.000	0.000	0.000	15.500		
15.510	279.000	124.500	165.000	568.500	15.510	0.000	0.000	0.000	0.000	15.510		
15.520	270.000	127.500	174.000	571.500	15.520	0.000	0.000	0.000	0.000	15.520		
15.530	259.500	132.000	184.500	576.000	15.530	0.000	0.000	0.000	0.000	15.530		
15.540	247.500	136.500	196.500	580.500	15.540	0.000	0.000	0.000	0.000	15.540		
15.550	234.000	142.500	210.000	586.500	15.550	2.500	0.000	0.000	2.500	15.550		
15.560	222.000	150.000	226.500	598.500	15.560	2.500	0.000	0.000	2.500	15.560		
15.570	210.000	157.500	241.500	609.000	15.570	2.500	0.000	0.000	2.500	15.570		
15.580	196.240	160.560	258.680	615.480	15.580	2.500	0.000	0.000	2.500	15.580		
15.590	182.860	169.480	276.520	628.860	15.590	2.500	0.000	0.000	2.500	15.590		
15.600	169.480	173.940	298.820	642.240	15.600	2.400	0.000	0.000	2.400	15.600		
15.610	153.870	176.170	316.660	646.700	15.610	2.400	0.000	0.000	2.400	15.610		
15.620	140.490	180.630	338.960	660.080	15.620	2.400	0.000	0.000	2.400	15.620		
15.630	124.880	180.630	361.260	666.770	15.630	2.400	0.000	0.000	2.400	15.630		
15.640	111.500	182.860	381.330	675.690	15.640	2.400	0.000	0.000	2.400	15.640		
15.650	95.890	180.630	403.630	680.150	15.650	0.000	0.000	0.000	0.000	15.650		
15.660	80.280	178.400	425.930	684.610	15.660	0.000	0.000	0.000	0.000	15.660		
15.670	66.900	173.940	448.230	689.070	15.670	0.000	0.000	0.000	0.000	15.670		
15.680	55.750	162.790	470.530	689.070	15.680	0.000	0.000	0.000	0.000	15.680		
15.690	49.060	153.870	492.830	695.760	15.690	0.000	0.000	0.000	0.000	15.690		
15.700	44.600	140.490	517.360	702.450	15.700	0.000	0.000	0.000	0.000	15.700		
15.710	37.910	129.340	537.430	704.680	15.710	0.000	0.000	0.000	0.000	15.710		
15.720	33.450	118.190	557.500	709.140	15.720	0.000	0.000	2.400	2.400	15.720		
15.730	28.680	105.160	571.210	705.050	15.730	0.000	0.000	22.400	22.400	15.730		
15.740	23.900	93.210	583.160	700.270	15.740	0.000	0.000	50.000	50.000	15.740		
15.750	16.730	81.260	590.330	688.320	15.750	0.000	0.000	86.400	86.400	15.750		
15.760	11.950	71.700	597.500	681.150	15.760	0.000	0.000	128.640	128.640	15.760		
15.770	9.560	62.140	597.500	669.200	15.770	1.920	0.000	163.200	165.120	15.770		
15.780	4.780	54.970	592.720	652.470	15.780	1.920	1.920	199.680	203.520	15.780		
15.790	2.390	43.020	583.160	628.570	15.790	3.840	3.840	236.160	243.840	15.790		
15.800	0.000	35.850	568.820	604.670	15.800	9.600	5.760	276.480	291.840	15.800		
15.810	0.000	28.680	540.140	568.820	15.810	11.520	11.520	316.800	339.840	15.810		
15.820	0.000	21.510	509.070	530.580	15.820	13.440	13.440	345.600	372.480	15.820		
15.830	0.000	16.730	470.830	487.560	15.830	17.280	19.200	374.400	410.880	15.830		
15.840	0.000	11.950	425.420	437.370	15.840	19.200	26.880	399.360	445.440	15.840		
15.850	0.000	7.170	370.450	377.620	15.850	24.960	34.560	418.560	478.080	15.850		
15.860	0.000	4.780	303.530	308.310	15.860	28.800	42.240	439.680	510.720	15.860		
15.870	0.000	2.390	234.220	236.610	15.870	34.560	51.840	453.120	539.520	15.870		
15.880	0.000	0.000	155.000	155.000	15.880	36.480	59.520	466.560	562.560	15.880		
15.890	0.000	0.000	89.900	89.900	15.890	38.400	67.200	480.000	585.600	15.890		
15.900	0.000	0.000	49.600	49.600	15.900	42.420	70.700	490.860	603.980	15.900		
15.910	0.000	0.000	27.280	27.280	15.910	44.440	76.760	500.960	622.160	15.910		
15.920	0.000	0.000	14.880	14.880	15.920	46.460	84.840	505.000	636.300	15.920		
15.930	0.000	0.000	12.400	12.400	15.930	48.480	88.880	505.000	642.360	15.930		
15.940	0.000	0.000	7.440	7.440	15.940	54.540	96.960	500.960	652.460	15.940		
15.950	0.000	0.000	7.440	7.440	15.950	56.560	101.000	496.920	654.480	15.950		
15.960	0.000	0.000	4.960	4.960	15.960	60.600	109.080	488.840	658.520	15.960		
15.970	0.000	0.000	4.960	4.960	15.970	64.640	111.100	476.720	652.460	15.970		
15.980	0.000	0.000	2.480	2.480	15.980	66.660	117.160	464.600	648.420	15.980		
15.990	0.000	0.000	2.480	2.480	15.990	68.680	121.200	448.440	638.320	15.990		
16.000	0.000	0.000	2.480	2.480	16.000	74.740	127.260	432.280	634.280	16.000		
16.010	0.000	0.000	0.000	0.000	16.010	78.780	129.280	414.100	622.160	16.010		
16.020	0.000	0.000	0.000	0.000	16.020	80.800	133.320	395.920	610.040	16.020		
16.030	0.000	0.000	0.000	0.000	16.030	84.840	139.380	379.760	603.980	16.030		
16.040	0.000	0.000	0.000	0.000	16.040	90.900	141.400	359.560	591.860	16.040		
16.050	0.000	0.000	0.000	0.000	16.050	93.840	146.280	345.000	585.120	16.050		
16.060	0.000	0.000	0.000	0.000	16.060	96.600	149.040	329.820	575.460	16.060		
16.070	0.000	0.000	0.000	0.000	16.070	102.120	151.800	318.780	572.700	16.070		
16.080	0.000	0.000	0.000	0.000	16.080	106.260	154.560	309.120	569.940	16.080		
16.090	0.000	0.000	0.000	0.000	16.090	109.020	157.320	302.220	568.560	16.090		
16.100	0.000	0.000	0.000	0.000	16.100	114.540	161.460	293.940	569.940	16.100		
16.110	0.000	0.000	0.000	0.000	16.110	117.300	164.220	287.040	568.560	16.110		
16.120	0.000	0.000	0.000	0.000	16.120	121.440	166.980	277.380	565.800	16.120		
16.130	0.000	0.000	0.000	0.000	16.130	126.960	172.500	271.860	571.320	16.130		
16.140	0.000	0.000	0.000	0.000	16.140	132.480	173.880	264.960	571.320	16.140		
16.150	0.000	0.000	0.000	0.000	16.150	136.620	176.640	256.680	569.940	16.150		
16.160	0.000	0.000	0.000	0.000	16.160	142.140	182.160	251.160	575.460	16.160		
16.170	0.000	0.000	0.000	0.000	16.170	146.280	184.920	244.260	575.460	16.170		
16.180	0.000	0.000	0.000	0.000	16.180	154.560	189.060	237.360	580.980	16.180		
16.190	0.000	0.000	0.000	0.000	16.190	164.220	191.820	229.080	585.120	16.190		
16.200	0.000	0.000	0.000	0.000	16.200	173.840	198.440	221.400	593.680	16.200		
16.210	0.000	0.000	0.000	0.000	16.210	186.960	205.000	214.840	606.800	16.210		
16.220	0.000	0.000	0.000	0.000	16.220	196.800	209.920	205.000	611.720	16.220		
16.230	0.000	0.000	0.000	0.000	16.230	206.640	214.840	193.520	615.000	16.230		
16.240	0.000	0.000	0.000	0.000	16.240	221.400	219.760	182.040	623.200	16.240		
16.250	0.000	0.000	0.000	0.000	16.250	236.160	226.320	168.920	631.400	16.250		
16.260	0.000	0.000	0.000	0.000	16.260	250.920	229.600	157.440	637.960	16.260		
16.270	0.000	0.000	0.000	0.000	16.270	268.960	234.520	141.040	644.520	16.270		
16.280	0.000	0.000	0.000	0.000	16.280	288.640	234.520	126.280	649.440	16.280		
16.290	0.000	0.000	0.000	0.000	16.290	306.680	234.520	114.800	656.000	16.290		
16.300	0.000	0.000	0.000	0.000	16.300	329.640	231.240	98.400	659.280	16.300		
16.310	0.000	0.000	0.000	0.000	16.310	346.040	231.240	88.560	665.840	16.310		
16.320	0.000	0.000	0.000	0.000	16.320	367.360	224.680	77.080	669.120	16.320		
16.330	0.000	0.000	0.000	0.000	16.330	388.680	216.480	63.960	669.120	16.330		
16.340	0.000	0.000	0.000	0.000	16.340	410.000	206.640	54.120	670.760	16.340		
16.350	0.000	0.000	0.000	0.000	16.350	426.760	191.760	43.240	661.760	16.350		
16.360	0.000	0.000	0.000	0.000	16.360	441.800	178.600	39.480	659.880	16.360		
16.370	0.000	0.000	0.000	0.000	16.370	451.200	169.200	35.720	656.120	16.370		
16.380	0.000	0.000	0.000	0.000	16.380	462.480	154.160	28.200	644.840	16.380		
16.390	26.910	0.000	0.000	26.910	16.390	466.240	141.000	20.680	627.920	16.390		
16.400	54.990	0.000	0.000	54.990	16.400	470.000	131.600	16.920	618.520	16.400		
16.410	74.880	0.000	0.000	74.880	16.410	464.360	118.440	9.400	592.200	16.410		
16.420	97.110	0.000	0.000	97.110	16.420	458.720	107.160	5.640	571.520	16.420		
16.430	132.210	0.000	0.000	132.210	16.430	447.440	99.640	1.880	548.960	16.430		
16.440	171.990	0.000	0.000	171.990	16.440	428.640	92.120	0.000	520.760	16.440		
16.450	211.770	0.000	0.000	211.770	16.450	404.200	84.600	0.000	488.800	16.450		
16.460	251.550	0.000	0.000	251.550	16.460	372.240	78.960	0.000	451.200	16.460		
16.470	292.500	4.680	0.000	297.180	16.470	334.640	71.440	0.000	406.080	16.470		
16.480	329.800	11.640	3.880	345.320	16.480	283.880	63.920	0.000	347.800	16.480		
16.490	353.080	21.340	9.700	384.120	16.490	231.240	54.520	0.000	285.760	16.490		
16.500	368.600	29.100	13.580	411.280	16.500	175.000	42.000	0.000	217.000	16.500		
16.510	378.300	36.860	23.280	438.440	16.510	127.400	32.200	0.000	159.600	16.510		
16.520	386.060	40.740	27.160	453.960	16.520	89.600	19.600	0.000	109.200	16.520		
16.530	393.820	46.560	31.040	471.420	16.530	62.300	9.800	0.000	72.100	16.530		
16.540	407.400	52.380	36.860	496.640	16.540	39.900	2.100	0.000	42.000	16.540		
16.550	419.040	56.260	40.740	516.040	16.550	22.400	2.100	0.000	24.500	16.550		
16.560	430.680	64.020	46.560	541.260	16.560	14.700	0.000	0.000	14.700	16.560		
16.570	444.260	65.960	52.380	562.600	16.570	9.800	0.000	0.000	9.800	16.570		
16.580	453.960	71.780	54.320	580.060	16.580	7.000	0.000	0.000	7.000	16.580		
16.590	465.600	75.660	58.200	599.460	16.590	7.000	0.000	0.000	7.000	16.590		
16.600	477.240	81.480	62.080	620.800	16.600	7.000	0.000	0.000	7.000	16.600		
16.610	485.000	87.300	64.020	636.320	16.610	4.900	0.000	0.000	4.900	16.610		
16.620	485.000	89.240	65.960	640.200	16.620	2.100	0.000	0.000	2.100	16.620		
16.630	485.000	89.240	65.960	640.200	16.630	2.100	0.000	0.000	2.100	16.630		
16.640	479.180	91.180	65.960	636.320	16.640	2.100	0.000	0.000	2.100	16.640		
16.650	473.360	91.180	65.960	630.500	16.650	0.000	0.000	0.000	0.000	16.650		
16.660	469.480	91.180	65.960	626.620	16.660	0.000	0.000	0.000	0.000	16.660		
16.670	461.720	91.180	65.960	618.860	16.670	0.000	0.000	0.000	0.000	16.670		
16.680	455.900	91.180	65.960	613.040	16.680	0.000	0.000	0.000	0.000	16.680		
16.690	448.140	91.180	65.960	605.280	16.690	0.000	0.000	0.000	0.000	16.690		
16.700	442.320	93.120	69.840	605.280	16.700	0.000	0.000	0.000	0.000	16.700		
16.710	434.560	97.000	69.840	601.400	16.710	0.000	0.000	0.000	0.000	16.710		
16.720	424.860	97.000	71.780	593.640	16.720	0.000	0.000	0.000	0.000	16.720		
16.730	411.280	97.000	73.720	582.000	16.730	0.000	0.000	0.000	0.000	16.730		
16.740	401.580	100.880	79.540	582.000	16.740	0.000	0.000	0.000	0.000	16.740		
16.750	389.940	104.760	81.480	576.180	16.750	0.000	0.000	0.000	0.000	16.750		
16.760	378.300	108.640	89.240	576.180	16.760	0.000	0.000	0.000	0.000	16.760		
16.770	366.660	110.580	93.120	570.360	16.770	0.000	0.000	0.000	0.000	16.770		
16.780	357.500	118.690	104.390	580.580	16.780	0.000	0.000	0.000	0.000	16.780		
16.790	344.630	124.410	111.540	580.580	16.790	0.000	0.000	0.000	0.000	16.790		
16.800	331.760	131.560	121.550	584.870	16.800	0.000	0.000	0.000	0.000	16.800		
16.810	318.890	138.710	134.420	592.020	16.810	0.000	0.000	0.000	0.000	16.810		
16.820	307.450	144.430	147.290	599.170	16.820	0.000	0.000	0.000	0.000	16.820		
16.830	291.720	151.580	158.730	602.030	16.830	0.000	0.000	0.000	0.000	16.830		
16.840	277.420	161.590	174.460	613.470	16.840	2.500	0.000	0.000	2.500	16.840		
16.850	258.830	168.740	191.620	619.190	16.850	0.000	0.000	0.000	0.000	16.850		
16.860	241.670	177.320	208.780	627.770	16.860	0.000	0.000	0.000	0.000	16.860		
16.870	224.510	181.610	231.660	637.780	16.870	0.000	0.000	0.000	0.000	16.870		
16.880	207.350	188.760	251.680	647.790	16.880	0.000	0.000	0.000	0.000	16.880		
16.890	184.470	194.480	277.420	656.370	16.890	0.000	0.000	0.000	0.000	16.890		
16.900	161.590	197.340	301.730	660.660	16.900	0.000	0.000	0.000	0.000	16.900		
16.910	141.570	198.770	328.900	669.240	16.910	0.000	0.000	0.000	0.000	16.910		
16.920	118.690	201.630	357.500	677.820	16.920	0.000	0.000	0.000	0.000	16.920		
16.930	97.500	200.000	390.000	687.500	16.930	0.000	0.000	0.000	0.000	16.930		
16.940	82.500	195.000	420.000	697.500	16.940	0.000	0.000	0.000	0.000	16.940		
16.950	65.000	187.500	447.500	700.000	16.950	0.000	0.000	0.000	0.000	16.950		
16.960	55.000	177.500	477.500	710.000	16.960	0.000	0.000	0.000	0.000	16.960		
16.970	47.500	167.500	505.000	720.000	16.970	0.000	0.000	0.000	0.000	16.970		
16.980	42.500	155.000	532.500	730.000	16.980	0.000	0.000	0.000	0.000	16.980		
16.990	35.000	142.500	557.500	735.000	16.990	0.000	0.000	0.000	0.000	16.990		
17.000	32.500	127.500	580.000	740.000	17.000	0.000	0.000	12.300	12.300	17.000		
17.010	22.500	115.000	600.000	737.500	17.010	0.000	0.000	49.200	49.200	17.010		
17.020	17.500	102.500	612.500	732.500	17.020	0.000	0.000	82.410	82.410	17.020		
17.030	10.000	90.000	622.500	722.500	17.030	0.000	0.000	107.010	107.010	17.030		
17.040	5.000	77.500	625.000	707.500	17.040	0.000	0.000	131.610	131.610	17.040		
17.050	2.500	67.500	620.000	690.000	17.050	0.000	0.000	162.360	162.360	17.050		
17.060	0.000	57.500	607.500	665.000	17.060	4.920	0.000	199.260	204.180	17.060		
17.070	0.000	50.000	590.000	640.000	17.070	7.380	2.460	239.850	249.690	17.070		
17.080	0.000	45.000	562.500	607.500	17.080	9.840	4.920	274.290	289.050	17.080		
17.090	0.000	38.250	531.000	569.250	17.090	12.300	9.840	307.500	329.640	17.090		
17.100	0.000	36.000	486.000	522.000	17.100	16.480	14.420	333.720	364.620	17.100		
17.110	0.000	36.000	432.000	468.000	17.110	18.540	20.600	356.380	395.520	17.110		
17.120	0.000	33.750	364.500	398.250	17.120	26.780	28.840	379.040	434.660	17.120		
17.130	0.000	29.250	288.000	317.250	17.130	32.960	41.200	399.640	473.800	17.130		
17.140	0.000	18.000	213.750	231.750	17.140	43.260	53.560	414.060	510.880	17.140		
17.150	0.000	9.000	146.250	155.250	17.150	53.560	63.860	428.480	545.900	17.150		
17.160	0.000	2.250	94.500	96.750	17.160	65.920	72.100	447.020	585.040	17.160		
17.170	0.000	0.000	56.250	56.250	17.170	74.160	76.220	461.440	611.820	17.170		
17.180	0.000	0.000	31.500	31.500	17.180	82.400	82.400	479.980	644.780	17.180		
17.190	0.000	0.000	15.750	15.750	17.190	86.520	86.520	494.400	667.440	17.190		
17.200	0.000	0.000	11.250	11.250	17.200	90.640	88.580	506.760	685.980	17.200		
17.210	0.000	0.000	6.750	6.750	17.210	96.820	90.640	510.880	698.340	17.210		
17.220	0.000	0.000	9.000	9.000	17.220	98.880	90.640	515.000	704.520	17.220		
17.230	0.000	0.000	7.500	7.500	17.230	103.000	96.820	508.820	708.640	17.230		
17.240	0.000	0.000	4.980	4.980	17.240	107.120	96.820	500.580	704.520	17.240		
17.250	0.000	0.000	4.980	4.980	17.250	110.580	97.000	485.000	692.580	17.250		
17.260	0.000	0.000	2.490	2.490	17.260	116.400	98.940	465.600	680.940	17.260		
17.270	0.000	0.000	4.980	4.980	17.270	122.220	98.940	448.140	669.300	17.270		
17.280	0.000	0.000	2.490	2.490	17.280	124.160	97.000	430.680	651.840	17.280		
17.290	0.000	0.000	2.490	2.490	17.290	129.980	97.000	413.220	640.200	17.290		
17.300	0.000	0.000	2.490	2.490	17.300	131.920	97.000	395.760	624.680	17.300		
17.310	0.000	0.000	0.000	0.000	17.310	135.800	98.940	378.300	613.040	17.310		
17.320	0.000	0.000	0.000	0.000	17.320	143.560	98.940	364.720	607.220	17.320		
17.330	0.000	0.000	0.000	0.000	17.330	151.320	100.880	347.260	599.460	17.330		
17.340	0.000	0.000	0.000	0.000	17.340	161.020	104.760	331.740	597.520	17.340		
17.350	0.000	0.000	0.000	0.000	17.350	168.780	108.640	318.160	595.580	17.350		
17.360	0.000	0.000	0.000	0.000	17.360	178.480	110.580	304.580	593.640	17.360		
17.370	0.000	0.000	0.000	0.000	17.370	188.180	116.400	291.000	595.580	17.370		
17.380	0.000	0.000	0.000	0.000	17.380	201.760	122.220	277.420	601.400	17.380		
17.390	0.000	0.000	0.000	0.000	17.390	213.400	124.160	261.900	599.460	17.390		
17.400	0.000	0.000	0.000	0.000	17.400	228.660	131.840	249.260	609.760	17.400		
17.410	0.000	0.000	0.000	0.000	17.410	243.080	135.960	234.840	613.880	17.410		
17.420	0.000	0.000	0.000	0.000	17.420	259.560	142.140	224.540	626.240	17.420		
17.430	0.000	0.000	0.000	0.000	17.430	273.980	144.200	208.060	626.240	17.430		
17.440	0.000	0.000	0.000	0.000	17.440	290.460	148.320	195.700	634.480	17.440		
17.450	0.000	0.000	0.000	0.000	17.450	309.000	154.500	183.340	646.840	17.450		
17.460	0.000	0.000	0.000	0.000	17.460	329.600	156.560	168.920	655.080	17.460		
17.470	0.000	0.000	0.000	0.000	17.470	348.140	158.620	156.560	663.320	17.470		
17.480	0.000	0.000	0.000	0.000	17.480	366.680	160.680	144.200	671.560	17.480		
17.490	0.000	0.000	0.000	0.000	17.490	389.340	160.680	131.840	681.860	17.490		
17.500	0.000	0.000	0.000	0.000	17.500	414.060	160.680	117.420	692.160	17.500		
17.510	0.000	0.000	0.000	0.000	17.510	440.840	158.620	100.940	700.400	17.510		
17.520	0.000	0.000	0.000	0.000	17.520	465.560	154.500	88.580	708.640	17.520		
17.530	0.000	0.000	0.000	0.000	17.530	488.220	146.260	78.280	712.760	17.530		
17.540	0.000	0.000	0.000	0.000	17.540	515.000	138.020	72.100	725.120	17.540		
17.550	0.000	0.000	0.000	0.000	17.550	537.840	126.990	64.740	729.570	17.550		
17.560	0.000	0.000	0.000	0.000	17.560	560.250	112.050	59.760	732.060	17.560		
17.570	0.000	0.000	0.000	0.000	17.570	575.190	99.600	57.270	732.060	17.570		
17.580	0.000	0.000	0.000	0.000	17.580	590.130	87.150	52.290	729.570	17.580		
17.590	4.750	0.000	0.000	4.750	17.590	602.580	77.190	49.800	729.570	17.590		
17.600	17.100	0.000	0.000	17.100	17.600	610.050	67.230	44.820	722.100	17.600		
17.610	32.300	0.000	0.000	32.300	17.610	615.030	54.780	42.330	712.140	17.610		
17.620	52.250	0.000	0.000	52.250	17.620	622.500	47.310	37.350	707.160	17.620		
17.630	84.550	0.000	0.000	84.550	17.630	617.520	37.350	34.860	689.730	17.630		
17.640	116.850	0.000	0.000	116.850	17.640	607.560	32.370	29.880	669.810	17.640		
17.650	154.850	0.000	0.000	154.850	17.650	592.620	22.410	24.900	639.930	17.650		
17.660	196.650	1.900	0.000	198.550	17.660	570.210	14.940	17.430	602.580	17.660		
17.670	237.500	4.750	4.750	247.000	17.670	540.330	12.450	12.450	565.230	17.670		
17.680	274.060	9.650	9.650	293.360	17.680	502.980	7.470	7.470	517.920	17.680		
17.690	306.870	17.370	11.580	335.820	17.690	455.670	4.980	2.490	463.140	17.690		
17.700	328.100	23.160	17.370	368.630	17.700	385.000	1.540	0.000	386.540	17.700		
17.710	351.260	34.740	21.230	407.230	17.710	317.240	0.000	0.000	317.240	17.710		
17.720	366.700	42.460	28.950	438.110	17.720	246.400	0.000	0.000	246.400	17.720		
17.730	382.140	48.250	30.880	461.270	17.730	178.640	0.000	0.000	178.640	17.730		
17.740	399.510	54.040	38.600	492.150	17.740	118.580	0.000	0.000	118.580	17.740		
17.750	411.090	59.830	44.390	515.310	17.750	72.380	0.000	0.000	72.380	17.750		
17.760	426.530	65.620	46.320	538.470	17.760	41.580	0.000	1.540	43.120	17.760		
17.770	438.110	71.410	48.250	557.770	17.770	24.640	0.000	4.620	29.260	17.770		
17.780	451.620	73.340	52.110	577.070	17.780	18.480	0.000	4.620	23.100	17.780		
17.790	463.200	77.200	54.040	594.440	17.790	13.860	0.000	4.620	18.480	17.790		
17.800	470.920	81.060	55.970	607.950	17.800	12.320	0.000	1.540	13.860	17.800		
17.810	478.640	84.920	59.830	623.390	17.810	12.320	0.000	1.540	13.860	17.810		
17.820	482.500	86.850	59.830	629.180	17.820	9.240	0.000	1.540	10.780	17.820		
17.830	480.000	86.400	61.440	627.840	17.830	6.160	0.000	1.540	7.700	17.830		
17.840	474.240	88.320	63.360	625.920	17.840	4.620	0.000	1.540	6.160	17.840		
17.850	466.560	92.160	67.200	625.920	17.850	5.000	0.000	2.500	7.500	17.850		
17.860	458.880	92.160	71.040	622.080	17.860	5.000	0.000	2.500	7.500	17.860		
17.870	447.360	94.080	78.720	620.160	17.870	5.000	0.000	2.500	7.500	17.870		
17.880	435.840	94.080	80.640	610.560	17.880	2.500	0.000	0.000	2.500	17.880		
17.890	424.320	94.080	88.320	606.720	17.890	2.500	0.000	0.000	2.500	17.890		
17.900	410.880	96.000	92.160	599.040	17.900	2.500	0.000	0.000	2.500	17.900		
17.910	399.360	96.000	96.000	591.360	17.910	2.500	0.000	0.000	2.500	17.910		
17.920	391.680	99.840	101.760	593.280	17.920	0.000	0.000	0.000	0.000	17.920		
17.930	378.240	101.760	105.600	585.600	17.930	0.000	0.000	0.000	0.000	17.930		
17.940	368.640	103.680	111.360	583.680	17.940	0.000	0.000	0.000	0.000	17.940		
17.950	357.120	109.440	119.040	585.600	17.950	0.000	0.000	0.000	0.000	17.950		
17.960	349.440	111.360	124.800	585.600	17.960	0.000	0.000	0.000	0.000	17.960		
17.970	339.840	117.120	134.400	591.360	17.970	0.000	0.000	0.000	0.000	17.970		
17.980	329.700	122.460	141.300	593.460	17.980	0.000	0.000	0.000	0.000	17.980		
17.990	318.710	128.740	152.290	599.740	17.990	0.000	0.000	0.000	0.000	17.990		
18.000	309.290	133.450	161.710	604.450	18.000	0.000	0.000	0.000	0.000	18.000		
18.010	299.870	141.300	174.270	615.440	18.010	0.000	0.000	0.000	0.000	18.010		
18.020	288.880	149.150	186.830	624.860	18.020	2.500	0.000	2.500	5.000	18.020		
18.030	276.320	157.000	200.960	634.280	18.030	2.500	0.000	2.500	5.000	18.030		
18.040	263.760	166.420	219.800	649.980	18.040	2.500	0.000	0.000	2.500	18.040		
18.050	246.490	174.270	237.070	657.830	18.050	2.500	0.000	2.500	5.000	18.050		
18.060	232.360	182.120	257.480	671.960	18.060	2.500	0.000	2.500	5.000	18.060		
18.070	213.520	186.830	276.320	676.670	18.070	2.500	0.000	2.500	5.000	18.070		
18.080	196.250	191.540	299.870	687.660	18.080	2.500	0.000	0.000	2.500	18.080		
18.090	178.980	194.680	318.710	692.370	18.090	2.500	0.000	0.000	2.500	18.090		
18.100	158.570	196.250	342.260	697.080	18.100	2.500	0.000	0.000	2.500	18.100		
18.110	139.730	196.250	367.380	703.360	18.110	0.000	0.000	0.000	0.000	18.110		
18.120	119.320	194.680	392.500	706.500	18.120	0.000	0.000	0.000	0.000	18.120		
18.130	99.960	188.020	416.500	704.480	18.130	0.000	0.000	0.000	0.000	18.130		
18.140	78.540	183.260	442.680	704.480	18.140	0.000	0.000	0.000	0.000	18.140		
18.150	66.640	173.740	466.480	706.860	18.150	0.000	0.000	0.000	0.000	18.150		
18.160	59.500	164.220	487.900	711.620	18.160	0.000	0.000	0.000	0.000	18.160		
18.170	52.360	154.700	509.320	716.380	18.170	0.000	0.000	0.000	0.000	18.170		
18.180	45.220	140.420	528.360	714.000	18.180	0.000	0.000	0.000	0.000	18.180		
18.190	40.460	128.520	547.400	716.380	18.190	0.000	0.000	4.600	4.600	18.190		
18.200	35.700	116.620	561.680	714.000	18.200	0.000	0.000	17.250	17.250	18.200		
18.210	30.940	107.100	573.580	711.620	18.210	0.000	0.000	34.500	34.500	18.210		
18.220	23.800	95.200	583.100	702.100	18.220	0.000	0.000	54.050	54.050	18.220		
18.230	19.040	85.680	590.240	694.960	18.230	0.000	0.000	87.400	87.400	18.230		
18.240	11.900	76.160	595.000	683.060	18.240	0.000	0.000	124.200	124.200	18.240		
18.250	9.520	69.020	595.000	673.540	18.250	2.300	0.000	162.150	164.450	18.250		
18.260	4.760	59.500	585.480	649.740	18.260	4.600	2.300	196.650	203.550	18.260		
18.270	0.000	54.740	573.580	628.320	18.270	9.200	4.600	232.300	246.100	18.270		
18.280	0.000	46.620	555.000	601.620	18.280	11.500	9.200	264.500	285.200	18.280		
18.290	0.000	42.180	526.140	568.320	18.290	17.250	14.950	287.500	319.700	18.290		
18.300	0.000	35.520	492.840	528.360	18.300	32.300	28.900	306.000	367.200	18.300		
18.310	0.000	33.300	452.880	486.180	18.310	45.900	37.400	316.200	399.500	18.310		
18.320	0.000	28.860	406.260	435.120	18.320	59.500	42.500	324.700	426.700	18.320		
18.330	0.000	24.420	350.760	375.180	18.330	74.800	49.300	334.900	459.000	18.330		
18.340	0.000	15.540	290.820	306.360	18.340	85.000	56.100	346.800	487.900	18.340		
18.350	0.000	8.880	230.880	239.760	18.350	91.800	61.200	358.700	511.700	18.350		
18.360	0.000	4.440	170.940	175.380	18.360	98.600	66.300	372.300	537.200	18.360		
18.370	0.000	2.220	119.880	122.100	18.370	107.100	71.400	384.200	562.700	18.370		
18.380	0.000	0.000	79.920	79.920	18.380	113.900	76.500	396.100	586.500	18.380		
18.390	0.000	0.000	48.840	48.840	18.390	122.400	81.600	406.300	610.300	18.390		
18.400	0.000	0.000	31.080	31.080	18.400	130.900	88.400	416.500	635.800	18.400		
18.410	0.000	0.000	22.200	22.200	18.410	139.400	93.500	421.600	654.500	18.410		
18.420	0.000	0.000	15.540	15.540	18.420	146.200	98.600	425.000	669.800	18.420		
18.430	0.000	0.000	12.500	12.500	18.430	154.700	102.000	421.600	678.300	18.430		
18.440	0.000	0.000	10.000	10.000	18.440	159.800	103.700	419.900	683.400	18.440		
18.450	0.000	0.000	10.000	10.000	18.450	166.000	106.240	415.000	687.240	18.450		
18.460	0.000	0.000	10.000	10.000	18.460	170.980	109.560	406.700	687.240	18.460		
18.470	0.000	0.000	10.000	10.000	18.470	174.300	109.560	398.400	682.260	18.470		
18.480	0.000	0.000	7.500	7.500	18.480	179.280	109.560	388.440	677.280	18.480		
18.490	0.000	0.000	7.500	7.500	18.490	184.260	111.220	378.480	673.960	18.490		
18.500	0.000	0.000	7.500	7.500	18.500	189.240	111.220	366.860	667.320	18.500		
18.510	0.000	0.000	5.000	5.000	18.510	194.220	111.220	353.580	659.020	18.510		
18.520	0.000	0.000	5.000	5.000	18.520	199.200	111.220	343.620	654.040	18.520		
18.530	0.000	0.000	5.000	5.000	18.530	204.180	114.540	332.000	650.720	18.530		
18.540	0.000	0.000	5.000	5.000	18.540	209.160	114.540	322.040	645.740	18.540		
18.550	0.000	0.000	2.500	2.500	18.550	214.140	114.540	312.080	640.760	18.550		
18.560	0.000	0.000	2.500	2.500	18.560	219.120	116.200	302.120	637.440	18.560		
18.570	0.000	0.000	5.000	5.000	18.570	227.420	119.520	292.160	639.100	18.570		
18.580	0.000	0.000	2.500	2.500	18.580	234.060	121.180	282.200	637.440	18.580		
18.590	0.000	0.000	2.500	2.500	18.590	242.360	124.500	273.900	640.760	18.590		
18.600	0.000	0.000	2.500	2.500	18.600	251.160	127.190	262.430	640.780	18.600		
18.610	0.000	0.000	2.500	2.500	18.610	262.430	132.020	254.380	648.830	18.610		
18.620	0.000	0.000	2.500	2.500	18.620	268.870	132.020	244.720	645.610	18.620		
18.630	0.000	0.000	2.500	2.500	18.630	278.530	133.630	233.450	645.610	18.630		
18.640	0.000	0.000	0.000	0.000	18.640	289.800	138.460	223.790	652.050	18.640		
18.650	0.000	0.000	0.000	0.000	18.650	299.460	141.680	214.130	655.270	18.650		
18.660	0.000	0.000	0.000	0.000	18.660	312.340	141.680	204.470	658.490	18.660		
18.670	0.000	0.000	0.000	0.000	18.670	322.000	146.510	194.810	663.320	18.670		
18.680	0.000	0.000	0.000	0.000	18.680	334.880	149.730	183.540	668.150	18.680		
18.690	0.000	0.000	0.000	0.000	18.690	344.540	149.730	173.880	668.150	18.690		
18.700	0.000	0.000	0.000	0.000	18.700	354.200	151.340	167.440	672.980	18.700		
18.710	0.000	0.000	0.000	0.000	18.710	363.860	154.560	159.390	677.810	18.710		
18.720	0.000	0.000	0.000	0.000	18.720	376.740	154.560	146.510	677.810	18.720		
18.730	0.000	0.000	0.000	0.000	18.730	389.620	154.560	136.850	681.030	18.730		
18.740	0.000	0.000	0.000	0.000	18.740	402.500	154.560	127.190	684.250	18.740		
18.750	0.000	0.000	0.000	0.000	18.750	415.910	148.390	114.950	679.250	18.750		
18.760	0.000	0.000	0.000	0.000	18.760	428.450	146.300	102.410	677.160	18.760		
18.770	2.480	0.000	0.000	2.480	18.770	440.990	144.210	94.050	679.250	18.770		
18.780	4.960	0.000	0.000	4.960	18.780	453.530	137.940	81.510	672.980	18.780		
18.790	7.440	0.000	0.000	7.440	18.790	466.070	133.760	73.150	672.980	18.790		
18.800	14.880	0.000	0.000	14.880	18.800	478.610	127.490	66.880	672.980	18.800		
18.810	22.320	0.000	0.000	22.320	18.810	493.240	117.040	60.610	670.890	18.810		
18.820	32.240	0.000	0.000	32.240	18.820	503.690	106.590	58.520	668.800	18.820		
18.830	47.120	0.000	0.000	47.120	18.830	512.050	98.230	54.340	664.620	18.830		
18.840	64.480	0.000	0.000	64.480	18.840	518.320	89.870	52.250	660.440	18.840		
18.850	94.860	0.000	0.000	94.860	18.850	522.500	79.420	45.980	647.900	18.850		
18.860	124.620	0.000	0.000	124.620	18.860	522.500	68.970	43.890	635.360	18.860		
18.870	155.000	2.480	0.000	157.480	18.870	518.320	58.520	39.710	616.550	18.870		
18.880	183.540	4.830	4.830	193.200	18.880	514.140	52.250	35.530	601.920	18.880		
18.890	206.080	9.660	4.830	220.570	18.890	501.600	43.890	31.350	576.840	18.890		
18.900	228.620	16.100	11.270	255.990	18.900	482.500	34.740	27.020	544.260	18.900		
18.910	244.720	24.150	19.320	288.190	18.910	457.410	27.020	19.300	503.730	18.910		
18.920	255.990	27.370	24.150	307.510	18.920	426.530	21.230	11.580	459.340	18.920		
18.930	268.870	32.200	32.200	333.270	18.930	391.790	13.510	5.790	411.090	18.930		
18.940	284.970	37.030	38.640	360.640	18.940	349.330	5.790	1.930	357.050	18.940		
18.950	299.460	41.860	43.470	384.790	18.950	301.080	5.790	0.000	306.870	18.950		
18.960	312.340	46.690	46.690	405.720	18.960	248.970	1.930	0.000	250.900	18.960		
18.970	326.830	51.520	51.520	429.870	18.970	198.790	0.000	0.000	198.790	18.970		
18.980	341.320	54.740	54.740	450.800	18.980	148.610	0.000	0.000	148.610	18.980		
18.990	357.420	59.570	56.350	473.340	18.990	106.150	0.000	0.000	106.150	18.990		
19.000	373.520	61.180	59.570	494.270	19.000	73.340	0.000	0.000	73.340	19.000		
19.010	389.620	64.400	59.570	513.590	19.010	48.250	0.000	0.000	48.250	19.010		
19.020	402.500	69.230	61.180	532.910	19.020	30.880	0.000	1.930	32.810	19.020		
19.030	417.120	72.160	66.880	556.160	19.030	17.370	0.000	1.930	19.300	19.030		
19.040	425.920	77.440	66.880	570.240	19.040	11.580	0.000	3.860	15.440	19.040		
19.050	431.200	79.200	68.640	579.040	19.050	10.000	0.000	2.480	12.480	19.050		
19.060	436.480	80.960	73.920	591.360	19.060	10.000	0.000	2.480	12.480	19.060		
19.070	440.000	84.480	79.200	603.680	19.070	7.480	0.000	2.480	9.960	19.070		
19.080	440.000	86.240	79.200	605.440	19.080	7.480	0.000	2.480	9.960	19.080		
19.090	440.000	89.760	84.480	614.240	19.090	5.000	0.000	2.480	7.480	19.090		
19.100	434.720	91.520	86.240	612.480	19.100	5.000	0.000	2.480	7.480	19.100		
19.110	429.440	91.520	91.520	612.480	19.110	5.000	0.000	2.480	7.480	19.110		
19.120	425.920	91.520	91.520	608.960	19.120	2.480	0.000	2.480	4.960	19.120		
19.130	422.400	93.280	93.280	608.960	19.130	2.480	0.000	0.000	2.480	19.130		
19.140	417.120	96.800	98.560	612.480	19.140	2.480	0.000	0.000	2.480	19.140		
19.150	411.840	96.800	103.840	612.480	19.150	2.480	0.000	0.000	2.480	19.150		
19.160	406.560	98.560	107.360	612.480	19.160	0.000	0.000	0.000	0.000	19.160		
19.170	401.280	98.560	109.120	608.960	19.170	0.000	0.000	0.000	0.000	19.170		
19.180	397.500	104.940	111.300	613.740	19.180	0.000	0.000	0.000	0.000	19.180		
19.190	391.140	104.940	114.480	610.560	19.190	0.000	0.000	0.000	0.000	19.190		
19.200	386.370	106.530	119.250	612.150	19.200	0.000	0.000	0.000	0.000	19.200		
19.210	381.600	109.710	122.430	613.740	19.210	0.000	0.000	0.000	0.000	19.210		
19.220	378.420	111.300	124.020	613.740	19.220	2.500	0.000	2.500	5.000	19.220		
19.230	376.830	114.480	128.790	620.100	19.230	0.000	0.000	0.000	0.000	19.230		
19.240	372.060	116.070	131.970	620.100	19.240	0.000	0.000	0.000	0.000	19.240		
19.250	368.880	119.250	133.560	621.690	19.250	2.500	0.000	2.500	5.000	19.250		
19.260	364.110	122.430	139.920	626.460	19.260	2.500	0.000	0.000	2.500	19.260		
19.270	359.340	127.200	144.690	631.230	19.270	2.500	0.000	2.500	5.000	19.270		
19.280	351.390	128.790	151.050	631.230	19.280	2.500	0.000	0.000	2.500	19.280		
19.290	343.440	136.740	162.180	642.360	19.290	2.500	0.000	0.000	2.500	19.290		
19.300	333.900	144.690	171.720	650.310	19.300	2.500	0.000	0.000	2.500	19.300		
19.310	319.590	149.460	184.440	653.490	19.310	0.000	0.000	0.000	0.000	19.310		
19.320	306.870	154.230	193.980	655.080	19.320	0.000	0.000	0.000	0.000	19.320		
19.330	289.800	158.400	208.800	657.000	19.330	0.000	0.000	0.000	0.000	19.330		
19.340	273.600	163.800	219.600	657.000	19.340	0.000	0.000	0.000	0.000	19.340		
19.350	257.400	169.200	234.000	660.600	19.350	0.000	0.000	0.000	0.000	19.350		
19.360	241.200	171.000	248.400	660.600	19.360	0.000	0.000	0.000	0.000	19.360		
19.370	225.000	176.400	266.400	667.800	19.370	0.000	0.000	0.000	0.000	19.370		
19.380	207.000	180.000	280.800	667.800	19.380	0.000	0.000	0.000	0.000	19.380		
19.390	189.000	180.000	298.800	667.800	19.390	0.000	0.000	0.000	0.000	19.390		
19.400	169.200	181.800	316.800	667.800	19.400	0.000	0.000	2.350	2.350	19.400		
19.410	151.200	180.000	336.600	667.800	19.410	0.000	0.000	7.050	7.050	19.410		
19.420	135.000	180.000	354.600	669.600	19.420	0.000	0.000	12.220	12.220	19.420		
19.430	113.400	174.600	374.400	662.400	19.430	0.000	0.000	19.740	19.740	19.430		
19.440	97.200	169.200	396.000	662.400	19.440	0.000	0.000	29.610	29.610	19.440		
19.450	81.000	163.800	414.000	658.800	19.450	0.000	0.000	39.950	39.950	19.450		
19.460	72.000	154.800	432.000	658.800	19.460	0.000	0.000	57.340	57.340	19.460		
19.470	64.800	145.800	450.000	660.600	19.470	0.000	0.000	79.900	79.900	19.470		
19.480	56.000	136.000	466.000	658.000	19.480	0.000	0.000	99.640	99.640	19.480		
19.490	52.000	124.000	480.000	656.000	19.490	2.350	0.000	117.500	119.850	19.490		
19.500	46.000	112.000	492.000	650.000	19.500	4.290	1.430	137.280	143.000	19.500		
19.510	42.000	102.000	496.000	640.000	19.510	7.150	4.290	157.300	168.740	19.510		
19.520	40.000	90.000	500.000	630.000	19.520	8.580	4.290	178.750	191.620	19.520		
19.530	34.000	80.000	500.000	614.000	19.530	11.440	8.580	198.770	218.790	19.530		
19.540	32.000	70.000	496.000	598.000	19.540	17.160	14.300	218.790	250.250	19.540		
19.550	24.000	60.000	492.000	576.000	19.550	27.170	21.450	237.380	286.000	19.550		
19.560	20.000	50.000	480.000	550.000	19.560	37.180	27.170	248.820	313.170	19.560		
19.570	12.000	42.000	466.000	520.000	19.570	44.330	31.460	261.690	337.480	19.570		
19.580	10.000	34.000	450.000	494.000	19.580	51.480	37.180	277.420	366.080	19.580		
19.590	6.000	30.000	426.000	462.000	19.590	57.200	38.610	291.720	387.530	19.590		
19.600	2.000	22.000	396.000	420.000	19.600	61.490	44.330	307.450	413.270	19.600		
19.610	0.000	12.000	366.000	378.000	19.610	64.350	48.620	318.890	431.860	19.610		
19.620	0.000	6.000	330.000	336.000	19.620	67.210	51.480	334.620	453.310	19.620		
19.630	0.000	4.520	282.500	287.020	19.630	68.640	57.200	344.630	470.470	19.630		
19.640	0.000	0.000	231.650	231.650	19.640	71.500	58.630	357.500	487.630	19.640		
19.650	0.000	0.000	181.930	181.930	19.650	74.800	66.300	368.900	510.000	19.650		
19.660	0.000	0.000	134.470	134.470	19.660	76.500	71.400	384.200	532.100	19.660		
19.670	0.000	0.000	87.010	87.010	19.670	81.600	76.500	394.400	552.500	19.670		
19.680	0.000	0.000	51.980	51.980	19.680	85.000	85.000	404.600	574.600	19.680		
19.690	4.520	0.000	31.640	36.160	19.690	86.700	88.400	411.400	586.500	19.690		
19.700	4.520	0.000	19.210	23.730	19.700	88.400	93.500	416.500	598.400	19.700		
19.710	4.520	0.000	16.950	21.470	19.710	88.400	102.000	421.600	612.000	19.710		
19.720	4.520	0.000	12.430	16.950	19.720	93.500	107.100	425.000	625.600	19.720		
19.730	4.520	0.000	9.040	13.560	19.730	96.900	113.900	421.600	632.400	19.730		
19.740	4.520	0.000	9.040	13.560	19.740	103.700	122.400	414.800	640.900	19.740		
19.750	2.260	0.000	6.780	9.040	19.750	108.800	129.200	404.600	642.600	19.750		
19.760	4.520	0.000	6.780	11.300	19.760	112.200	134.300	394.400	640.900	19.760		
19.770	2.260	0.000	4.520	6.780	19.770	117.300	136.000	382.500	635.800	19.770		
19.780	2.500	0.000	2.500	5.000	19.780	119.000	141.100	372.300	632.400	19.780		
19.790	2.500	0.000	2.500	5.000	19.790	124.100	144.500	358.700	627.300	19.790		
19.800	2.500	0.000	0.000	2.500	19.800	129.270	148.730	347.500	625.500	19.800		
19.810	2.500	0.000	0.000	2.500	19.810	134.830	151.510	336.380	622.720	19.810		
19.820	0.000	0.000	2.500	2.500	19.820	139.000	154.290	326.650	619.940	19.820		
19.830	0.000	0.000	0.000	0.000	19.830	141.780	157.070	319.700	618.550	19.830		
19.840	0.000	0.000	0.000	0.000	19.840	147.340	157.070	311.360	615.770	19.840		
19.850	0.000	0.000	0.000	0.000	19.850	151.510	159.850	304.410	615.770	19.850		
19.860	0.000	0.000	0.000	0.000	19.860	157.070	161.240	297.460	615.770	19.860		
19.870	0.000	0.000	0.000	0.000	19.870	161.240	161.240	291.900	614.380	19.870		
19.880	0.000	0.000	0.000	0.000	19.880	164.020	164.020	286.340	614.380	19.880		
19.890	0.000	0.000	0.000	0.000	19.890	169.580	166.800	279.390	615.770	19.890		
19.900	0.000	0.000	0.000	0.000	19.900	172.360	166.800	276.610	615.770	19.900		
19.910	0.000	0.000	0.000	0.000	19.910	173.750	166.800	272.440	612.990	19.910		
19.920	0.000	0.000	0.000	0.000	19.920	173.750	166.800	269.660	610.210	19.920		
19.930	0.000	0.000	0.000	0.000	19.930	173.750	164.020	266.880	604.650	19.930		
19.940	0.000	0.000	0.000	0.000	19.940	176.530	166.800	266.880	610.210	19.940		
19.950	0.000	0.000	0.000	0.000	19.950	179.760	166.920	267.500	614.180	19.950		
19.960	0.000	0.000	0.000	0.000	19.960	179.760	172.270	267.500	619.530	19.960		
19.970	0.000	0.000	0.000	0.000	19.970	184.040	172.270	267.500	623.810	19.970		
19.980	0.000	0.000	0.000	0.000	19.980	184.040	174.410	264.290	622.740	19.980		
19.990	0.000	0.000	0.000	0.000	19.990	187.250	176.550	262.150	625.950	19.990		
20.000	0.000	0.000	2.500	2.500	20.000	191.530	181.900	258.940	632.370	20.000		
20.010	0.000	0.000	0.000	0.000	20.010	194.740	184.040	251.450	630.230	20.010		
20.020	2.500	0.000	0.000	2.500	20.020	196.880	184.040	243.960	624.880	20.020		
20.030	0.000	0.000	0.000	0.000	20.030	202.230	189.390	236.470	628.090	20.030		
20.040	0.000	0.000	0.000	0.000	20.040	204.370	189.390	228.980	622.740	20.040		
20.050	0.000	0.000	0.000	0.000	20.050	209.720	194.740	219.350	623.810	20.050		
20.060	0.000	0.000	0.000	0.000	20.060	214.000	194.740	209.720	618.460	20.060		
20.070	0.000	0.000	0.000	0.000	20.070	219.350	196.880	199.020	615.250	20.070		
20.080	0.000	0.000	0.000	0.000	20.080	226.840	196.880	187.250	610.970	20.080		
20.090	4.970	2.130	7.100	14.200	20.090	232.190	196.880	172.270	601.340	20.090		
20.100	7.100	4.970	7.100	19.170	20.100	237.300	199.500	154.350	591.150	20.100		
20.110	17.040	7.100	14.910	39.050	20.110	241.500	197.400	139.650	578.550	20.110		
20.120	29.820	7.100	17.040	53.960	20.120	246.750	194.250	124.950	565.950	20.120		
20.130	44.730	9.940	19.880	74.550	20.130	252.000	189.000	109.200	550.200	20.130		
20.140	62.480	9.940	24.850	97.270	20.140	257.250	181.650	94.500	533.400	20.140		
20.150	77.390	14.910	29.820	122.120	20.150	259.350	177.450	81.900	518.700	20.150		
20.160	94.430	17.040	34.790	146.260	20.160	259.350	166.950	72.450	498.750	20.160		
20.170	107.210	22.010	41.890	171.110	20.170	262.500	159.600	59.850	481.950	20.170		
20.180	122.120	26.980	49.700	198.800	20.180	259.350	147.000	49.350	455.700	20.180		
20.190	134.900	29.820	56.800	221.520	20.190	257.250	134.400	42.000	433.650	20.190		
20.200	146.970	31.950	62.480	241.400	20.200	249.900	124.950	36.750	411.600	20.200		
20.210	161.880	36.920	67.450	266.250	20.210	239.400	114.450	31.500	385.350	20.210		
20.220	177.500	39.760	72.420	289.680	20.220	229.950	101.850	24.150	355.950	20.220		
20.230	194.740	43.680	76.440	314.860	20.230	214.200	92.400	19.950	326.550	20.230		
20.240	211.120	47.320	78.260	336.700	20.240	194.250	79.800	11.550	285.600	20.240		
20.250	227.500	49.140	83.720	360.360	20.250	170.000	67.320	7.480	244.800	20.250		
20.260	245.700	54.600	87.360	387.660	20.260	144.840	57.120	4.760	206.720	20.260		
20.270	263.900	58.240	89.180	411.320	20.270	119.680	46.920	0.000	166.600	20.270		
20.280	283.920	58.240	87.360	429.520	20.280	97.240	39.440	0.000	136.680	20.280		
20.290	303.940	63.700	87.360	455.000	20.290	74.800	31.960	0.000	106.760	20.290		
20.300	325.780	63.700	83.720	473.200	20.300	57.120	24.480	0.000	81.600	20.300		
20.310	351.260	67.340	83.720	502.320	20.310	44.880	17.000	0.000	61.880	20.310		
20.320	371.280	69.160	81.900	522.340	20.320	34.680	9.520	0.000	44.200	20.320		
20.330	391.300	70.980	78.260	540.540	20.330	24.480	7.480	2.040	34.000	20.330		
20.340	409.500	74.620	78.260	562.380	20.340	17.000	4.760	0.000	21.760	20.340		
20.350	424.060	74.620	76.440	575.120	20.350	12.240	4.760	0.000	17.000	20.350		
20.360	442.260	76.440	70.980	589.680	20.360	9.520	4.760	0.000	14.280	20.360		
20.370	455.000	76.440	70.980	602.420	20.370	7.480	4.760	0.000	12.240	20.370		
20.380	465.600	73.720	65.960	605.280	20.380	7.480	2.040	0.000	9.520	20.380		
20.390	477.240	73.720	64.020	614.980	20.390	7.480	2.040	0.000	9.520	20.390		
20.400	481.120	69.840	58.200	609.160	20.400	5.000	0.000	0.000	5.000	20.400		
20.410	485.000	65.960	56.260	607.220	20.410	5.000	0.000	0.000	5.000	20.410		
20.420	485.000	64.020	48.500	597.520	20.420	2.500	0.000	0.000	2.500	20.420		
20.430	481.120	62.080	44.620	587.820	20.430	0.000	0.000	0.000	0.000	20.430		
20.440	479.180	56.260	40.740	576.180	20.440	0.000	0.000	0.000	0.000	20.440		
20.450	473.360	56.260	38.800	568.420	20.450	0.000	0.000	0.000	0.000	20.450		
20.460	471.420	54.320	38.800	564.540	20.460	0.000	0.000	0.000	0.000	20.460		
20.470	469.480	54.320	38.800	562.600	20.470	0.000	0.000	0.000	0.000	20.470		
20.480	463.660	52.380	36.860	552.900	20.480	0.000	0.000	0.000	0.000	20.480		
20.490	463.660	54.320	38.800	556.780	20.490	0.000	0.000	0.000	0.000	20.490		
20.500	461.720	54.320	38.800	554.840	20.500	0.000	0.000	0.000	0.000	20.500		
20.510	459.780	52.380	38.800	550.960	20.510	0.000	0.000	0.000	0.000	20.510		
20.520	459.780	54.320	40.740	554.840	20.520	0.000	0.000	0.000	0.000	20.520		
20.530	460.000	57.040	42.320	559.360	20.530	0.000	0.000	0.000	0.000	20.530		
20.540	456.320	58.880	46.000	561.200	20.540	0.000	0.000	0.000	0.000	20.540		
20.550	454.480	60.720	49.680	564.880	20.550	0.000	0.000	0.000	0.000	20.550		
20.560	448.960	64.400	53.360	566.720	20.560	0.000	0.000	0.000	0.000	20.560		
20.570	447.120	66.240	58.880	572.240	20.570	0.000	0.000	0.000	0.000	20.570		
20.580	441.600	69.920	60.720	572.240	20.580	0.000	0.000	0.000	0.000	20.580		
20.590	436.080	73.600	69.920	579.600	20.590	0.000	0.000	0.000	0.000	20.590		
20.600	432.400	77.280	73.600	583.280	20.600	0.000	0.000	0.000	0.000	20.600		
20.610	426.880	80.960	80.960	588.800	20.610	0.000	0.000	0.000	0.000	20.610		
20.620	421.360	86.480	86.480	594.320	20.620	0.000	0.000	0.000	0.000	20.620		
20.630	415.840	88.320	93.840	598.000	20.630	0.000	0.000	0.000	0.000	20.630		
20.640	408.480	88.320	99.360	596.160	20.640	2.400	0.000	10.000	12.400	20.640		
20.650	401.120	92.000	101.200	594.320	20.650	12.400	4.800	30.000	47.200	20.650		
20.660	391.920	92.000	106.720	590.640	20.660	17.200	7.200	44.800	69.200	20.660		
20.670	379.040	93.840	108.560	581.440	20.670	22.400	10.000	54.800	87.200	20.670		
20.680	360.000	92.160	113.760	565.920	20.680	27.200	14.800	74.800	116.800	20.680		
20.690	339.840	92.160	116.640	548.640	20.690	34.800	20.000	100.000	154.800	20.690		
20.700	316.800	86.400	119.520	522.720	20.700	42.120	21.060	126.360	189.540	20.700		
20.710	292.320	82.080	119.520	493.920	20.710	46.980	25.920	153.900	226.800	20.710		
20.720	264.960	79.200	122.400	466.560	20.720	51.840	29.160	179.820	260.820	20.720		
20.730	236.160	74.880	122.400	433.440	20.730	56.700	34.020	202.500	293.220	20.730		
20.740	207.360	69.120	122.400	398.880	20.740	59.940	38.880	223.560	322.380	20.740		
20.750	180.000	61.920	122.400	364.320	20.750	61.560	42.120	246.240	349.920	20.750		
20.760	146.880	54.720	122.400	324.000	20.760	64.800	46.980	268.920	380.700	20.760		
20.770	116.640	48.960	119.520	285.120	20.770	64.800	51.840	291.600	408.240	20.770		
20.780	93.600	44.640	113.760	252.000	20.780	66.420	53.460	309.420	429.300	20.780		
20.790	76.320	37.440	109.440	223.200	20.790	69.660	59.940	327.240	456.840	20.790		
20.800	59.040	34.560	102.240	195.840	20.800	69.660	61.560	343.440	474.660	20.800		
20.810	46.080	27.360	92.160	165.600	20.810	71.280	64.800	361.260	497.340	20.810		
20.820	38.880	21.600	82.080	142.560	20.820	74.520	69.660	377.460	521.640	20.820		
20.830	34.830	17.280	67.500	119.610	20.830	74.520	71.280	392.040	537.840	20.830		
20.840	32.400	12.420	54.810	99.630	20.840	76.140	74.520	405.000	555.660	20.840		
20.850	27.270	9.990	39.960	77.220	20.850	78.300	78.300	415.860	572.460	20.850		
20.860	22.410	7.290	29.970	59.670	20.860	81.780	81.780	421.080	584.640	20.860		
20.870	17.280	4.860	19.980	42.120	20.870	83.520	83.520	426.300	593.340	20.870		
20.880	14.850	4.860	12.420	32.130	20.880	87.000	87.000	431.520	605.520	20.880		
20.890	14.850	2.430	7.290	24.570	20.890	88.740	88.740	435.000	612.480	20.890		
20.900	12.420	2.430	4.860	19.710	20.900	88.740	92.220	435.000	615.960	20.900		
20.910	12.420	2.430	2.430	17.280	20.910	92.220	92.220	435.000	619.440	20.910		
20.920	12.420	2.430	0.000	14.850	20.920	92.220	92.220	431.520	615.960	20.920		
20.930	12.420	2.430	0.000	14.850	20.930	93.960	92.220	429.780	615.960	20.930		
20.940	9.990	2.430	0.000	12.420	20.940	93.960	88.740	424.560	607.260	20.940		
20.950	9.990	2.430	0.000	12.420	20.950	92.220	88.740	421.080	602.040	20.950		
20.960	12.420	2.430	0.000	14.850	20.960	93.960	88.740	419.340	602.040	20.960		
20.970	9.990	2.430	0.000	12.420	20.970	97.440	88.740	414.120	600.300	20.970		
20.980	9.880	2.470	0.000	12.350	20.980	97.440	83.520	407.160	588.120	20.980		
20.990	9.880	0.000	0.000	9.880	20.990	97.440	83.520	401.940	582.900	20.990		
21.000	9.880	2.470	0.000	12.350	21.000	96.600	82.110	402.500	581.210	21.000		
21.010	7.410	2.470	0.000	9.880	21.010	99.820	78.890	399.280	577.990	21.010		
21.020	9.880	2.470	0.000	12.350	21.020	99.820	78.890	396.060	574.770	21.020		
21.030	7.410	2.470	0.000	9.880	21.030	101.430	82.110	394.450	577.990	21.030		
21.040	7.410	0.000	0.000	7.410	21.040	104.650	82.110	389.620	576.380	21.040		
21.050	7.410	0.000	0.000	7.410	21.050	106.260	82.110	384.790	573.160	21.050		
21.060	7.410	2.470	0.000	9.880	21.060	111.090	83.720	379.960	574.770	21.060		
21.070	7.410	2.470	0.000	9.880	21.070	114.310	83.720	368.690	566.720	21.070		
21.080	7.410	2.470	2.470	12.350	21.080	119.140	86.940	359.030	565.110	21.080		
21.090	7.410	4.940	4.940	17.290	21.090	127.190	88.550	349.370	565.110	21.090		
21.100	7.410	7.410	12.480	27.300	21.100	132.020	88.550	334.880	555.450	21.100		
21.110	9.880	12.480	22.490	44.850	21.110	136.850	88.550	317.170	542.570	21.110		
21.120	24.960	19.890	32.500	77.350	21.120	141.680	88.550	299.460	529.690	21.120		
21.130	60.000	26.400	37.200	123.600	21.130	146.510	88.550	278.530	513.590	21.130		
21.140	84.000	32.400	39.600	156.000	21.140	151.340	83.720	254.380	489.440	21.140		
21.150	102.000	37.200	44.400	183.600	21.150	159.280	79.200	220.000	458.480	21.150		
21.160	120.000	39.600	49.200	208.800	21.160	161.920	72.160	187.440	421.520	21.160		
21.170	132.000	44.400	56.400	232.800	21.170	161.920	66.880	156.640	385.440	21.170		
21.180	139.200	49.200	64.800	253.200	21.180	161.920	59.840	126.720	348.480	21.180		
21.190	150.000	54.000	72.000	276.000	21.190	164.560	54.560	99.440	318.560	21.190		
21.200	162.000	60.000	76.800	298.800	21.200	167.200	44.880	72.160	284.240	21.200		
21.210	176.400	64.800	81.600	322.800	21.210	167.200	36.960	57.200	261.360	21.210		
21.220	199.200	69.600	84.000	352.800	21.220	164.560	27.280	46.640	238.480	21.220		
21.230	222.000	79.200	90.000	391.200	21.230	152.240	22.000	42.240	216.480	21.230		
21.240	244.800	86.400	94.800	426.000	21.240	139.920	16.720	36.960	193.600	21.240		
21.250	264.000	94.800	99.600	458.400	21.250	122.320	12.320	31.680	166.320	21.250		
21.260	284.400	102.000	104.400	490.800	21.260	104.720	7.040	24.640	136.400	21.260		
21.270	300.000	109.200	106.800	516.000	21.270	87.120	4.400	19.360	110.880	21.270		
21.280	319.740	119.720	112.420	551.880	21.280	66.880	0.000	12.320	79.200	21.280		
21.290	331.420	124.100	113.880	569.400	21.290	51.920	0.000	9.680	61.600	21.290		
21.300	341.640	127.020	113.880	582.540	21.300	35.000	0.000	7.420	42.420	21.300		
21.310	348.940	134.320	116.800	600.060	21.310	22.400	0.000	7.420	29.820	21.310		
21.320	354.780	137.240	119.720	611.740	21.320	9.940	0.000	7.420	17.360	21.320		
21.330	359.160	141.620	119.720	620.500	21.330	2.380	0.000	4.900	7.280	21.330		
21.340	365.000	144.540	121.180	630.720	21.340	0.000	0.000	4.900	4.900	21.340		
21.350	365.000	147.460	121.180	633.640	21.350	0.000	0.000	2.380	2.380	21.350		
21.360	365.000	147.460	124.100	636.560	21.360	0.000	0.000	2.380	2.380	21.360		
21.370	362.080	147.460	124.100	633.640	21.370	0.000	0.000	2.380	2.380	21.370		
21.380	359.160	148.920	124.100	632.180	21.380	0.000	0.000	2.380	2.380	21.380		
21.390	351.860	148.920	124.100	624.880	21.390	0.000	0.000	0.000	0.000	21.390		
21.400	347.480	147.460	121.180	616.120	21.400	0.000	0.000	0.000	0.000	21.400		
21.410	344.560	148.920	121.180	614.660	21.410	0.000	0.000	2.380	2.380	21.410		
21.420	341.640	147.460	116.800	605.900	21.420	0.000	0.000	2.380	2.380	21.420		
21.430	337.500	144.450	117.450	599.400	21.430	0.000	0.000	0.000	0.000	21.430		
21.440	334.800	144.450	114.750	594.000	21.440	0.000	0.000	0.000	0.000	21.440		
21.450	334.800	144.450	114.750	594.000	21.450	0.000	0.000	2.340	2.340	21.450		
21.460	332.100	141.750	109.350	583.200	21.460	0.000	0.000	0.000	0.000	21.460		
21.470	334.800	141.750	109.350	585.900	21.470	0.000	0.000	0.000	0.000	21.470		
21.480	334.800	139.050	106.650	580.500	21.480	0.000	0.000	0.000	0.000	21.480		
21.490	337.500	139.050	103.950	580.500	21.490	0.000	0.000	0.000	0.000	21.490		
21.500	337.500	139.050	101.250	577.800	21.500	0.000	0.000	0.000	0.000	21.500		
21.510	334.800	139.050	101.250	575.100	21.510	0.000	0.000	0.000	0.000	21.510		
21.520	334.800	139.050	99.900	573.750	21.520	0.000	0.000	0.000	0.000	21.520		
21.530	334.800	139.050	99.900	573.750	21.530	2.340	0.000	0.000	2.340	21.530		
21.540	332.100	139.050	99.900	571.050	21.540	2.340	0.000	4.860	7.200	21.540		
21.550	329.400	139.050	97.200	565.650	21.550	9.900	2.340	9.900	22.140	21.550		
21.560	326.700	139.050	97.200	562.950	21.560	14.940	4.860	12.420	32.220	21.560		
21.570	321.300	139.050	97.200	557.550	21.570	22.500	4.860	17.460	44.820	21.570		
21.580	317.500	139.700	96.520	553.720	21.580	34.920	9.900	22.500	67.320	21.580		
21.590	312.420	139.700	93.980	546.100	21.590	45.000	12.420	24.840	82.260	21.590		
21.600	304.800	137.160	93.980	535.940	21.600	57.270	14.940	29.880	102.090	21.600		
21.610	294.640	137.160	91.440	523.240	21.610	69.720	19.920	37.350	126.990	21.610		
21.620	284.480	132.080	91.440	508.000	21.620	82.170	27.390	49.800	159.360	21.620		
21.630	271.780	129.540	88.900	490.220	21.630	97.110	34.860	62.250	194.220	21.630		
21.640	256.540	127.000	88.900	472.440	21.640	109.560	44.820	74.700	229.080	21.640		
21.650	238.760	124.460	86.360	449.580	21.650	122.010	54.780	89.640	266.430	21.650		
21.660	222.250	119.380	86.360	427.990	21.660	131.970	62.250	104.580	298.800	21.660		
21.670	201.930	111.760	83.820	397.510	21.670	141.930	72.210	119.520	333.660	21.670		
21.680	176.530	104.140	78.740	359.410	21.680	146.910	79.680	134.460	361.050	21.680		
21.690	154.940	96.520	74.930	326.390	21.690	154.380	87.150	149.400	390.930	21.690		
21.700	132.080	88.900	69.850	290.830	21.700	161.850	92.130	161.850	415.830	21.700		
21.710	109.220	78.740	62.230	250.190	21.710	166.830	99.600	174.300	440.730	21.710		
21.720	88.900	72.390	57.150	218.440	21.720	174.300	102.090	184.260	460.650	21.720		
21.730	70.000	62.440	49.840	182.280	21.730	179.280	109.560	194.220	483.060	21.730		
21.740	52.360	52.360	42.280	147.000	21.740	184.260	112.050	207.500	503.810	21.740		
21.750	42.280	44.800	37.240	124.320	21.750	189.210	116.620	221.340	527.170	21.750		
21.760	32.480	37.240	29.960	99.680	21.760	191.590	121.380	236.810	549.780	21.760		
21.770	22.400	29.960	24.920	77.280	21.770	191.590	124.950	249.900	566.440	21.770		
21.780	14.840	22.400	22.400	59.640	21.780	196.350	127.330	261.800	585.480	21.780		
21.790	7.280	17.360	17.360	42.000	21.790	199.920	132.090	271.320	603.330	21.790		
21.800	4.760	12.320	14.840	31.920	21.800	199.920	134.470	282.030	616.420	21.800		
21.810	4.760	9.800	9.800	24.360	21.810	202.300	136.850	289.170	628.320	21.810		
21.820	2.240	7.280	7.280	16.800	21.820	202.300	136.850	293.930	633.080	21.820		
21.830	2.240	4.760	4.760	11.760	21.830	202.300	139.230	297.500	639.030	21.830		
21.840	2.240	4.760	4.760	11.760	21.840	202.300	139.230	297.500	639.030	21.840		
21.850	2.240	4.760	2.240	9.240	21.850	204.680	139.230	297.500	641.410	21.850		
21.860	0.000	4.760	2.240	7.000	21.860	207.060	139.230	297.500	643.790	21.860		
21.870	0.000	4.760	0.000	4.760	21.870	207.060	139.230	293.930	640.220	21.870		
21.880	0.000	2.500	0.000	2.500	21.880	209.440	139.230	291.550	640.220	21.880		
21.890	0.000	2.500	0.000	2.500	21.890	209.440	139.230	291.550	640.220	21.890		
21.900	0.000	2.500	0.000	2.500	21.900	209.430	139.230	292.500	641.160	21.900		
21.910	0.000	2.500	0.000	2.500	21.910	209.430	139.230	288.990	637.650	21.910		
21.920	0.000	2.500	0.000	2.500	21.920	209.430	139.230	292.500	641.160	21.920		
21.930	0.000	2.500	0.000	2.500	21.930	209.430	139.230	292.500	641.160	21.930		
21.940	0.000	2.500	0.000	2.500	21.940	209.430	139.230	292.500	641.160	21.940		
21.950	0.000	0.000	0.000	0.000	21.950	209.430	136.890	292.500	638.820	21.950		
21.960	0.000	0.000	0.000	0.000	21.960	209.430	136.890	292.500	638.820	21.960		
21.970	0.000	0.000	0.000	0.000	21.970	209.430	136.890	292.500	638.820	21.970		
21.980	0.000	0.000	0.000	0.000	21.980	209.430	136.890	288.990	635.310	21.980		
21.990	0.000	0.000	0.000	0.000	21.990	209.430	136.890	288.990	635.310	21.990		
22.000	0.000	0.000	0.000	0.000	22.000	209.430	136.890	288.990	635.310	22.000		
22.010	0.000	0.000	0.000	0.000	22.010	207.090	136.890	288.990	632.970	22.010		
22.020	0.000	2.500	2.500	5.000	22.020	207.090	136.890	286.650	630.630	22.020		
22.030	0.000	2.160	4.860	7.020	22.030	207.090	136.890	284.310	628.290	22.030		
22.040	0.000	4.860	12.420	17.280	22.040	207.090	134.550	281.970	623.610	22.040		
22.050	0.000	4.860	14.580	19.440	22.050	201.600	132.160	280.000	613.760	22.050		
22.060	0.000	4.860	24.840	29.700	22.060	201.600	129.920	276.640	608.160	22.060		
22.070	2.160	9.720	37.260	49.140	22.070	199.360	126.560	272.160	598.080	22.070		
22.080	4.860	14.580	46.980	66.420	22.080	197.120	124.320	266.560	588.000	22.080		
22.090	7.020	22.140	62.100	91.260	22.090	194.880	119.840	259.840	574.560	22.090		
22.100	12.420	29.700	74.520	116.640	22.100	189.280	114.240	249.760	553.280	22.100		
22.110	32.400	39.960	84.780	157.140	22.110	187.040	109.760	237.440	534.240	22.110		
22.120	54.540	49.680	89.640	193.860	22.120	179.200	101.920	219.520	500.640	22.120		
22.130	69.660	57.240	97.200	224.100	22.130	174.720	91.840	201.600	468.160	22.130		
22.140	79.920	62.100	109.620	251.640	22.140	166.880	84.000	184.800	435.680	22.140		
22.150	82.080	67.500	119.880	269.460	22.150	159.040	77.280	164.640	400.960	22.150		
22.160	87.480	69.660	127.440	284.580	22.160	154.560	69.440	146.720	370.720	22.160		
22.170	89.640	72.360	135.000	297.000	22.170	146.720	61.600	126.560	334.880	22.170		
22.180	94.800	76.800	144.000	315.600	22.180	140.000	54.880	112.000	306.880	22.180		
22.190	102.000	84.000	152.400	338.400	22.190	132.160	49.280	97.440	278.880	22.190		
22.200	111.600	86.400	159.600	357.600	22.200	122.500	42.140	79.870	244.510	22.200		
22.210	124.800	94.800	169.200	388.800	22.210	112.210	37.240	67.130	216.580	22.210		
22.220	139.200	99.600	174.000	412.800	22.220	99.960	29.890	57.330	187.180	22.220		
22.230	157.200	106.800	180.000	444.000	22.230	87.220	24.990	47.040	159.250	22.230		
22.240	174.000	111.600	184.800	470.400	22.240	74.970	19.600	37.240	131.810	22.240		
22.250	194.400	116.400	192.000	502.800	22.250	59.780	14.700	27.440	101.920	22.250		
22.260	212.400	122.400	192.000	526.800	22.260	47.040	12.250	19.600	78.890	22.260		
22.270	231.600	129.600	196.800	558.000	22.270	37.240	9.800	12.250	59.290	22.270		
22.280	249.600	134.400	199.200	583.200	22.280	27.440	7.350	4.900	39.690	22.280		
22.290	264.000	139.200	201.600	604.800	22.290	17.150	4.900	2.450	24.500	22.290		
22.300	277.200	144.000	204.000	625.200	22.300	9.800	4.900	0.000	14.700	22.300		
22.310	289.200	146.400	204.000	639.600	22.310	2.450	2.450	0.000	4.900	22.310		
22.320	300.000	150.000	204.000	654.000	22.320	0.000	2.450	0.000	2.450	22.320		
22.330	305.000	152.500	207.500	665.000	22.330	0.000	2.450	0.000	2.450	22.330		
22.340	310.000	152.500	207.500	670.000	22.340	0.000	0.000	0.000	0.000	22.340		
22.350	310.000	152.500	205.000	667.500	22.350	0.000	2.400	0.000	2.400	22.350		
22.360	312.500	152.500	205.000	670.000	22.360	0.000	0.000	0.000	0.000	22.360		
22.370	312.500	150.000	202.500	665.000	22.370	0.000	0.000	0.000	0.000	22.370		
22.380	310.000	147.500	197.500	655.000	22.380	0.000	0.000	0.000	0.000	22.380		
22.390	307.500	145.000	192.500	645.000	22.390	0.000	0.000	0.000	0.000	22.390		
22.400	307.500	140.000	187.500	635.000	22.400	0.000	0.000	0.000	0.000	22.400		
22.410	307.500	135.000	180.000	622.500	22.410	0.000	0.000	0.000	0.000	22.410		
22.420	307.500	135.000	175.000	617.500	22.420	7.440	2.400	0.000	9.840	22.420		
22.430	307.500	132.500	172.500	612.500	22.430	7.440	4.800	0.000	12.240	22.430		
22.440	305.000	130.000	170.000	605.000	22.440	17.280	7.440	2.400	27.120	22.440		
22.450	302.500	127.500	165.000	595.000	22.450	22.320	7.440	2.400	32.160	22.450		
22.460	302.500	125.000	162.500	590.000	22.460	32.400	7.440	4.800	44.640	22.460		
22.470	300.000	125.000	162.500	587.500	22.470	39.840	12.480	9.840	62.160	22.470		
22.480	300.000	122.400	157.200	579.600	22.480	49.920	14.880	12.480	77.280	22.480		
22.490	296.400	120.000	154.800	571.200	22.490	60.000	22.320	24.960	107.280	22.490		
22.500	294.000	116.400	152.400	562.800	22.500	67.200	27.300	42.420	136.920	22.500		
22.510	291.600	114.000	146.400	552.000	22.510	72.240	32.340	54.600	159.180	22.510		
22.520	289.200	111.600	144.000	544.800	22.520	77.280	37.380	62.160	176.820	22.520		
22.530	284.400	106.800	136.800	528.000	22.530	79.800	39.900	69.720	189.420	22.530		
22.540	277.200	102.000	134.400	513.600	22.540	82.320	39.900	72.240	194.460	22.540		
22.550	270.000	99.600	129.600	499.200	22.550	84.840	44.940	74.760	204.540	22.550		
22.560	259.200	94.800	124.800	478.800	22.560	87.360	44.940	77.280	209.580	22.560		
22.570	252.000	90.000	120.000	462.000	22.570	89.880	47.460	79.800	217.140	22.570		
22.580	244.800	84.000	116.400	445.200	22.580	92.400	49.980	82.320	224.700	22.580		
22.590	236.400	79.200	111.600	427.200	22.590	92.400	49.980	82.320	224.700	22.590		
22.600	229.200	76.800	106.800	412.800	22.600	94.920	49.980	87.360	232.260	22.600		
22.610	224.400	74.400	104.400	403.200	22.610	94.920	52.500	92.400	239.820	22.610		
22.620	219.600	72.000	102.000	393.600	22.620	94.920	52.500	94.920	242.340	22.620		
22.630	215.000	69.660	97.180	381.840	22.630	94.920	54.600	99.960	249.480	22.630		
22.640	209.840	69.660	97.180	376.680	22.640	94.920	54.600	105.000	254.520	22.640		
22.650	207.260	67.080	97.180	371.520	22.650	97.410	57.120	112.200	266.730	22.650		
22.660	204.680	67.080	97.180	368.940	22.660	99.960	59.670	117.300	276.930	22.660		
22.670	202.100	69.660	97.180	368.940	22.670	99.960	59.670	122.400	282.030	22.670		
22.680	196.940	69.660	99.760	366.360	22.680	99.960	59.670	122.400	282.030	22.680		
22.690	194.360	69.660	102.340	366.360	22.690	99.960	59.670	124.950	284.580	22.690		
22.700	191.780	69.660	104.920	366.360	22.700	102.000	62.220	127.500	291.720	22.700		
22.710	189.200	72.240	107.500	368.940	22.710	102.000	62.220	127.500	291.720	22.710		
22.720	187.480	72.240	109.220	368.940	22.720	104.550	64.770	124.950	294.270	22.720		
22.730	187.480	74.820	111.800	374.100	22.730	107.100	64.770	124.950	296.820	22.730		
22.740	184.900	74.820	116.960	376.680	22.740	109.650	64.770	122.400	296.820	22.740		
22.750	182.320	74.820	116.960	374.100	22.750	112.200	64.770	122.400	299.370	22.750		
22.760	179.740	77.400	122.120	379.260	22.760	112.200	64.770	119.850	296.820	22.760		
22.770	177.160	77.400	124.700	379.260	22.770	114.750	64.770	117.300	296.820	22.770		
22.780	177.500	77.390	124.960	379.850	22.780	114.750	64.770	117.300	296.820	22.780		
22.790	174.660	77.390	124.960	377.010	22.790	117.300	67.320	117.300	301.920	22.790		
22.800	171.820	77.390	124.960	374.170	22.800	119.700	67.260	117.420	304.380	22.800		
22.810	171.820	77.390	124.960	374.170	22.810	119.700	67.260	119.700	306.660	22.810		
22.820	169.690	77.390	124.960	372.040	22.820	121.980	69.540	117.420	308.940	22.820		
22.830	166.850	74.550	124.960	366.360	22.830	121.980	69.540	119.700	311.220	22.830		
22.840	164.720	74.550	124.960	364.230	22.840	121.980	69.540	121.980	313.500	22.840		
22.850	161.880	74.550	124.960	361.390	22.850	121.980	69.540	121.980	313.500	22.850		
22.860	159.750	72.420	122.120	354.290	22.860	121.980	72.390	124.830	319.200	22.860		
22.870	159.750	72.420	122.120	354.290	22.870	121.980	72.390	127.110	321.480	22.870		
22.880	156.910	69.580	122.120	348.610	22.880	121.980	72.390	129.960	324.330	22.880		
22.890	154.780	69.580	119.990	344.350	22.890	121.980	72.390	132.240	326.610	22.890		
22.900	154.780	69.580	119.990	344.350	22.900	121.980	72.390	134.520	328.890	22.900		
22.910	154.780	69.580	122.120	346.480	22.910	119.700	72.390	137.370	329.460	22.910		
22.920	151.940	69.580	119.990	341.510	22.920	121.980	72.390	139.650	334.020	22.920		
22.930	152.500	69.540	119.560	341.600	22.930	121.980	74.670	142.500	339.150	22.930		
22.940	149.450	69.540	122.000	340.990	22.940	119.700	74.670	142.500	336.870	22.940		
22.950	149.450	67.100	119.560	336.110	22.950	122.400	75.000	144.600	342.000	22.950		
22.960	147.010	67.100	119.560	333.670	22.960	122.400	77.400	147.000	346.800	22.960		
22.970	147.010	67.100	119.560	333.670	22.970	120.000	77.400	147.000	344.400	22.970		
22.980	147.010	67.100	119.560	333.670	22.980	120.000	77.400	147.000	344.400	22.980		
22.990	144.570	67.100	119.560	331.230	22.990	120.000	77.400	150.000	347.400	22.990		
23.000	144.570	67.100	119.560	331.230	23.000	117.000	77.400	150.000	344.400	23.000		
23.010	142.130	67.100	119.560	328.790	23.010	120.000	77.400	150.000	347.400	23.010		
23.020	142.130	67.100	119.560	328.790	23.020	120.000	75.000	150.000	345.000	23.020		
23.030	142.130	67.100	119.560	328.790	23.030	117.000	77.400	150.000	344.400	23.030		
23.040	142.130	67.100	117.120	326.350	23.040	120.000	77.400	147.000	344.400	23.040		
23.050	139.690	64.660	119.560	323.910	23.050	120.000	77.400	147.000	344.400	23.050		
23.060	139.690	67.100	119.560	326.350	23.060	117.000	75.000	147.000	339.000	23.060		
23.070	139.690	64.660	119.560	323.910	23.070	117.000	75.000	147.000	339.000	23.070		
23.080	139.360	67.000	119.930	326.290	23.080	117.000	75.000	147.000	339.000	23.080		
23.090	142.040	64.990	119.930	326.960	23.090	117.000	75.000	147.000	339.000	23.090		
23.100	144.720	67.000	119.930	331.650	23.100	117.410	74.930	147.500	339.840	23.100		
23.110	144.720	67.000	119.930	331.650	23.110	117.410	71.980	144.550	333.940	23.110		
23.120	147.400	67.000	121.940	336.340	23.120	117.410	71.980	142.190	331.580	23.120		
23.130	149.410	69.680	119.930	339.020	23.130	117.410	71.980	142.190	331.580	23.130		
23.140	152.090	69.680	119.930	341.700	23.140	117.410	71.980	139.830	329.220	23.140		
23.150	154.770	72.360	121.940	349.070	23.150	114.460	69.620	137.470	321.550	23.150		
23.160	157.450	72.360	121.940	351.750	23.160	114.460	69.620	134.520	318.600	23.160		
23.170	157.450	74.370	119.930	351.750	23.170	114.460	67.260	132.160	313.880	23.170		
23.180	159.460	74.370	121.940	355.770	23.180	112.100	64.900	129.800	306.800	23.180		
23.190	162.140	74.370	119.930	356.440	23.190	112.100	64.900	127.440	304.440	23.190		
23.200	162.140	74.370	119.930	356.440	23.200	112.100	64.900	127.440	304.440	23.200		
23.210	164.820	77.050	119.930	361.800	23.210	112.100	61.950	127.440	301.490	23.210		
23.220	167.500	77.050	119.930	364.480	23.220	112.100	61.950	124.490	298.540	23.220		
23.230	167.280	79.560	119.680	366.520	23.230	112.100	61.950	124.490	298.540	23.230		
23.240	167.280	79.560	119.680	366.520	23.240	114.460	61.950	124.490	300.900	23.240		
23.250	170.000	79.560	119.680	369.240	23.250	114.920	62.400	124.800	302.120	23.250		
23.260	170.000	79.560	119.680	369.240	23.260	117.000	65.000	122.200	304.200	23.260		
23.270	167.280	79.560	116.960	363.800	23.270	117.000	62.400	122.200	301.600	23.270		
23.280	170.000	82.280	116.960	369.240	23.280	117.000	62.400	119.600	299.000	23.280		
23.290	170.000	82.280	119.680	371.960	23.290	117.000	65.000	119.600	301.600	23.290		
23.300	170.000	82.280	119.680	371.960	23.300	119.600	62.400	117.000	299.000	23.300		
23.310	170.000	85.000	119.680	374.680	23.310	119.600	65.000	117.000	301.600	23.310		
23.320	170.000	85.000	119.680	374.680	23.320	119.600	62.400	114.920	296.920	23.320		
23.330	170.000	85.000	119.680	374.680	23.330	122.200	65.000	114.920	302.120	23.330		
23.340	167.280	85.000	119.680	371.960	23.340	122.200	65.000	114.920	302.120	23.340		
23.350	167.280	87.040	122.400	376.720	23.350	122.200	65.000	112.320	299.520	23.350		
23.360	164.560	87.040	122.400	374.000	23.360	124.800	67.080	112.320	304.200	23.360		
23.370	164.560	87.040	122.400	374.000	23.370	124.800	67.080	112.320	304.200	23.370		
23.380	162.500	87.100	119.600	369.200	23.380	127.400	67.080	109.720	304.200	23.380		
23.390	162.500	87.100	119.600	369.200	23.390	130.000	67.080	107.120	304.200	23.390		
23.400	159.900	87.100	119.600	366.600	23.400	131.600	69.560	107.160	308.320	23.400		
23.410	159.900	84.500	122.200	366.600	23.410	134.420	69.560	104.340	308.320	23.410		
23.420	157.300	87.100	122.200	366.600	23.420	139.120	69.560	102.460	311.140	23.420		
23.430	157.300	87.100	122.200	366.600	23.430	141.940	72.380	102.460	316.780	23.430		
23.440	154.700	87.100	124.800	366.600	23.440	146.640	72.380	99.640	318.660	23.440		
23.450	152.100	87.100	122.200	361.400	23.450	149.460	74.260	99.640	323.360	23.450		
23.460	149.500	87.100	122.200	358.800	23.460	154.160	74.260	96.820	325.240	23.460		
23.470	146.900	87.100	122.200	356.200	23.470	159.800	74.260	94.940	329.000	23.470		
23.480	144.950	87.100	122.200	354.250	23.480	164.500	77.080	92.120	333.700	23.480		
23.490	142.350	84.500	122.200	349.050	23.490	174.840	79.900	92.120	346.860	23.490		
23.500	139.750	84.500	122.200	346.450	23.500	182.360	81.780	89.300	353.440	23.500		
23.510	134.550	84.500	119.600	338.650	23.510	191.760	84.600	87.420	363.780	23.510		
23.520	131.950	81.900	117.000	330.850	23.520	202.100	87.420	81.780	371.300	23.520		
23.530	125.000	80.000	115.000	320.000	23.530	217.140	89.300	81.780	388.220	23.530		
23.540	122.500	77.500	110.000	310.000	23.540	235.000	92.120	79.900	407.020	23.540		
23.550	117.500	75.000	105.000	297.500	23.550	256.500	96.750	74.250	427.500	23.550		
23.560	110.000	70.000	97.500	277.500	23.560	279.000	99.000	72.000	450.000	23.560		
23.570	105.000	65.000	90.000	260.000	23.570	301.500	101.250	69.750	472.500	23.570		
23.580	97.500	60.000	82.500	240.000	23.580	326.250	103.500	63.000	492.750	23.580		
23.590	92.500	55.000	75.000	222.500	23.590	351.000	103.500	58.500	513.000	23.590		
23.600	85.000	50.000	67.500	202.500	23.600	375.750	103.500	56.250	535.500	23.600		
23.610	75.000	45.000	60.000	180.000	23.610	400.500	103.500	54.000	558.000	23.610		
23.620	65.000	40.000	52.500	157.500	23.620	423.000	101.250	51.750	576.000	23.620		
23.630	55.000	35.000	45.000	135.000	23.630	452.250	99.000	49.500	600.750	23.630		
23.640	45.000	32.500	40.000	117.500	23.640	474.750	99.000	47.250	621.000	23.640		
23.650	35.000	25.000	32.500	92.500	23.650	497.250	94.500	47.250	639.000	23.650		
23.660	25.000	17.500	25.000	67.500	23.660	517.500	92.250	45.000	654.750	23.660		
23.670	15.000	12.500	17.500	45.000	23.670	531.000	92.250	45.000	668.250	23.670		
23.680	7.500	7.500	12.500	27.500	23.680	549.000	90.000	45.000	684.000	23.680		
23.690	0.000	5.000	10.000	15.000	23.690	562.500	90.000	45.000	697.500	23.690		
23.700	0.000	2.500	7.500	10.000	23.700	575.990	84.350	40.970	701.310	23.700		
23.710	0.000	2.500	5.000	7.500	23.710	583.220	84.350	40.970	708.540	23.710		
23.720	0.000	2.500	5.000	7.500	23.720	590.450	81.940	38.560	710.950	23.720		
23.730	0.000	0.000	2.500	2.500	23.730	595.270	79.530	38.560	713.360	23.730		
23.740	0.000	0.000	0.000	0.000	23.740	597.680	79.530	38.560	715.770	23.740		
23.750	0.000	0.000	2.500	2.500	23.750	602.500	77.120	38.560	718.180	23.750		
23.760	0.000	0.000	0.000	0.000	23.760	597.680	77.120	36.150	710.950	23.760		
23.770	0.000	0.000	0.000	0.000	23.770	597.680	77.120	33.740	708.540	23.770		
23.780	0.000	0.000	0.000	0.000	23.780	595.270	74.710	33.740	703.720	23.780		
23.790	0.000	0.000	0.000	0.000	23.790	592.860	74.710	33.740	701.310	23.790		
23.800	0.000	0.000	0.000	0.000	23.800	585.630	74.710	33.740	694.080	23.800		
23.810	0.000	0.000	0.000	0.000	23.810	580.810	74.710	33.740	689.260	23.810		
23.820	0.000	0.000	0.000	0.000	23.820	575.990	74.710	33.740	684.440	23.820		
23.830	0.000	0.000	0.000	0.000	23.830	566.350	74.710	31.330	672.390	23.830		
23.840	0.000	0.000	0.000	0.000	23.840	556.710	74.710	31.330	662.750	23.840		
23.850	0.000	0.000	0.000	0.000	23.850	545.000	76.300	30.520	651.820	23.850		
23.860	0.000	0.000	0.000	0.000	23.860	534.100	76.300	30.520	640.920	23.860		
23.870	0.000	0.000	0.000	0.000	23.870	525.380	80.660	34.880	640.920	23.870		
23.880	0.000	0.000	0.000	0.000	23.880	514.480	82.840	34.880	632.200	23.880		
23.890	0.000	0.000	0.000	0.000	23.890	505.760	87.200	34.880	627.840	23.890		
23.900	0.000	0.000	2.480	2.480	23.900	497.040	91.560	34.880	623.480	23.900		
23.910	0.000	0.000	4.960	4.960	23.910	483.960	98.100	37.060	619.120	23.910		
23.920	0.000	0.000	4.960	4.960	23.920	470.880	106.820	41.420	619.120	23.920		
23.930	0.000	0.000	7.440	7.440	23.930	453.440	115.540	45.780	614.760	23.930		
23.940	0.000	0.000	10.000	10.000	23.940	433.820	122.080	56.680	612.580	23.940		
23.950	2.480	2.480	12.480	17.440	23.950	405.480	126.440	69.760	601.680	23.950		
23.960	7.440	7.440	14.960	29.840	23.960	379.320	128.620	82.840	590.780	23.960		
23.970	20.000	10.000	17.440	47.440	23.970	348.800	130.800	106.820	586.420	23.970		
23.980	39.560	14.620	17.200	71.380	23.980	313.920	132.980	130.800	577.700	23.980		
23.990	59.340	19.780	22.360	101.480	23.990	289.940	132.980	150.420	573.340	23.990		
24.000	77.400	19.780	22.360	119.540	24.000	270.000	131.760	164.160	565.920	24.000		
24.010	94.600	22.360	24.940	141.900	24.010	251.640	127.440	169.560	548.640	24.010		
24.020	109.220	24.940	26.660	160.820	24.020	236.520	119.880	169.560	525.960	24.020		
24.030	119.540	24.940	26.660	171.140	24.030	222.480	112.320	167.400	502.200	24.030		
24.040	127.280	24.940	26.660	178.880	24.040	207.360	104.760	162.000	474.120	24.040		
24.050	134.160	24.940	26.660	185.760	24.050	189.000	93.960	156.600	439.560	24.050		
24.060	139.320	24.940	26.660	190.920	24.060	174.960	87.480	146.880	409.320	24.060		
24.070	144.480	26.660	26.660	197.800	24.070	162.000	76.680	135.000	373.680	24.070		
24.080	152.220	26.660	26.660	205.540	24.080	149.040	69.120	122.040	340.200	24.080		
24.090	161.680	26.660	24.940	213.280	24.090	141.480	64.800	101.520	307.800	24.090		
24.100	177.160	29.240	24.940	231.340	24.100	137.160	59.400	82.080	278.640	24.100		
24.110	194.360	29.240	24.940	248.540	24.110	131.760	51.840	59.400	243.000	24.110		
24.120	215.000	31.820	22.360	269.180	24.120	127.440	44.280	39.960	211.680	24.120		
24.130	246.870	33.760	21.100	301.730	24.130	122.040	36.720	24.840	183.600	24.130		
24.140	278.520	35.870	18.990	333.380	24.140	112.320	29.160	11.880	153.360	24.140		
24.150	314.390	42.200	18.990	375.580	24.150	97.500	24.960	4.680	127.140	24.150		
24.160	352.370	44.310	18.990	415.670	24.160	79.950	17.160	0.000	97.110	24.160		
24.170	386.130	48.530	16.880	451.540	24.170	64.740	12.480	0.000	77.220	24.170		
24.180	419.890	50.640	16.880	487.410	24.180	52.260	9.750	0.000	62.010	24.180		
24.190	447.320	54.860	16.880	519.060	24.190	42.120	7.410	0.000	49.530	24.190		
24.200	470.530	54.860	14.770	540.160	24.200	29.640	4.680	0.000	34.320	24.200		
24.210	489.520	56.970	14.770	561.260	24.210	17.160	2.340	0.000	19.500	24.210		
24.220	504.290	56.970	14.770	576.030	24.220	7.410	2.340	0.000	9.750	24.220		
24.230	516.950	59.080	10.550	586.580	24.230	2.340	2.340	0.000	4.680	24.230		
24.240	521.170	59.080	10.550	590.800	24.240	0.000	2.340	0.000	2.340	24.240		
24.250	527.500	59.080	10.550	597.130	24.250	0.000	0.000	0.000	0.000	24.250		
24.260	527.500	59.080	10.550	597.130	24.260	0.000	0.000	0.000	0.000	24.260		
24.270	523.280	56.970	10.550	590.800	24.270	0.000	2.340	0.000	2.340	24.270		
24.280	520.000	56.160	8.320	584.480	24.280	0.000	0.000	0.000	0.000	24.280		
24.290	511.680	56.160	8.320	576.160	24.290	0.000	0.000	0.000	0.000	24.290		
24.300	505.440	54.080	8.320	567.840	24.300	0.000	0.000	0.000	0.000	24.300		
24.310	497.120	54.080	8.320	559.520	24.310	0.000	0.000	0.000	0.000	24.310		
24.320	488.800	52.000	8.320	549.120	24.320	0.000	0.000	0.000	0.000	24.320		
24.330	480.480	52.000	8.320	540.800	24.330	0.000	0.000	0.000	0.000	24.330		
24.340	474.240	52.000	8.320	534.560	24.340	0.000	0.000	0.000	0.000	24.340		
24.350	465.920	52.000	12.480	530.400	24.350	0.000	0.000	0.000	0.000	24.350		
24.360	461.760	54.080	12.480	528.320	24.360	0.000	0.000	0.000	0.000	24.360		
24.370	455.520	56.160	12.480	524.160	24.370	0.000	0.000	0.000	0.000	24.370		
24.380	449.280	58.240	14.560	522.080	24.380	0.000	0.000	0.000	0.000	24.380		
24.390	443.040	58.240	16.640	517.920	24.390	0.000	0.000	0.000	0.000	24.390		
24.400	438.880	64.480	18.720	522.080	24.400	0.000	0.000	0.000	0.000	24.400		
24.410	430.560	68.640	20.800	520.000	24.410	0.000	0.000	0.000	0.000	24.410		
24.420	426.400	70.720	29.120	526.240	24.420	0.000	0.000	0.000	0.000	24.420		
24.430	422.500	79.430	37.180	539.110	24.430	0.000	0.000	0.000	0.000	24.430		
24.440	414.050	84.500	43.940	542.490	24.440	0.000	0.000	0.000	0.000	24.440		
24.450	407.290	89.570	52.390	549.250	24.450	0.000	0.000	0.000	0.000	24.450		
24.460	398.840	96.330	60.840	556.010	24.460	0.000	0.000	0.000	0.000	24.460		
24.470	392.080	106.470	69.290	567.840	24.470	0.000	0.000	0.000	0.000	24.470		
24.480	381.940	114.920	79.430	576.290	24.480	0.000	0.000	0.000	0.000	24.480		
24.490	371.800	121.680	89.570	583.050	24.490	0.000	0.000	0.000	0.000	24.490		
24.500	359.970	128.440	101.400	589.810	24.500	0.000	0.000	0.000	0.000	24.500		
24.510	346.450	136.890	116.610	599.950	24.510	0.000	0.000	0.000	0.000	24.510		
24.520	329.550	147.030	133.510	610.090	24.520	0.000	0.000	0.000	0.000	24.520		
24.530	310.960	153.790	152.100	616.850	24.530	0.000	0.000	0.000	0.000	24.530		
24.540	294.060	163.930	169.000	626.990	24.540	0.000	0.000	0.000	0.000	24.540		
24.550	272.090	172.380	189.280	633.750	24.550	0.000	0.000	0.000	0.000	24.550		
24.560	248.430	179.140	214.630	642.200	24.560	0.000	0.000	0.000	0.000	24.560		
24.570	229.840	184.210	236.600	650.650	24.570	0.000	0.000	0.000	0.000	24.570		
24.580	199.800	188.700	264.180	652.680	24.580	0.000	0.000	0.000	0.000	24.580		
24.590	175.380	190.920	288.600	654.900	24.590	0.000	0.000	0.000	0.000	24.590		
24.600	153.180	190.920	317.460	661.560	24.600	0.000	0.000	0.000	0.000	24.600		
24.610	130.980	190.920	344.100	666.000	24.610	0.000	0.000	0.000	0.000	24.610		
24.620	106.560	186.480	368.520	661.560	24.620	0.000	0.000	0.000	0.000	24.620		
24.630	86.580	182.040	399.600	668.220	24.630	0.000	0.000	0.000	0.000	24.630		
24.640	71.040	173.160	424.020	668.220	24.640	0.000	0.000	0.000	0.000	24.640		
24.650	62.160	164.280	448.440	674.880	24.650	0.000	0.000	9.900	9.900	24.650		
24.660	53.280	153.180	472.860	679.320	24.660	0.000	0.000	24.420	24.420	24.660		
24.670	48.840	144.300	497.280	690.420	24.670	0.000	0.000	46.860	46.860	24.670		
24.680	42.180	130.980	512.820	685.980	24.680	0.000	0.000	74.580	74.580	24.680		
24.690	35.520	115.440	530.580	681.540	24.690	0.000	0.000	97.020	97.020	24.690		
24.700	31.080	102.120	543.900	677.100	24.700	0.000	0.000	112.200	112.200	24.700		
24.710	26.640	91.020	550.560	668.220	24.710	0.000	0.000	124.740	124.740	24.710		
24.720	19.980	82.140	555.000	657.120	24.720	0.000	1.980	139.920	141.900	24.720		
24.730	11.050	68.510	552.500	632.060	24.730	0.000	4.620	152.460	157.080	24.730		
24.740	8.840	59.670	548.080	616.590	24.740	0.000	7.260	165.000	172.260	24.740		
24.750	4.420	50.830	539.240	594.490	24.750	0.000	6.400	179.200	185.600	24.750		
24.760	2.210	44.200	523.770	570.180	24.760	4.800	11.200	196.800	212.800	24.760		
24.770	0.000	35.360	506.090	541.450	24.770	6.400	16.000	216.000	238.400	24.770		
24.780	0.000	30.940	483.990	514.930	24.780	11.200	22.400	236.800	270.400	24.780		
24.790	0.000	26.520	457.470	483.990	24.790	22.400	32.000	256.000	310.400	24.790		
24.800	0.000	19.890	415.480	435.370	24.800	28.800	36.800	272.000	337.600	24.800		
24.810	0.000	11.050	373.490	384.540	24.810	33.600	41.600	289.600	364.800	24.810		
24.820	0.000	8.840	324.870	333.710	24.820	40.000	46.400	307.200	393.600	24.820		
24.830	0.000	6.630	269.620	276.250	24.830	46.400	54.400	324.800	425.600	24.830		
24.840	0.000	2.210	216.580	218.790	24.840	51.200	59.200	339.200	449.600	24.840		
24.850	0.000	0.000	161.330	161.330	24.850	56.000	64.000	352.000	472.000	24.850		
24.860	0.000	0.000	110.500	110.500	24.860	62.400	73.600	366.400	502.400	24.860		
24.870	0.000	0.000	70.720	70.720	24.870	68.800	80.000	379.200	528.000	24.870		
24.880	0.000	0.000	37.500	37.500	24.880	73.600	86.400	388.800	548.800	24.880		
24.890	0.000	0.000	17.400	17.400	24.890	81.600	94.400	400.000	576.000	24.890		
24.900	0.000	0.000	4.950	4.950	24.900	89.640	101.260	406.700	597.600	24.900		
24.910	0.000	0.000	0.000	0.000	24.910	96.280	109.560	411.680	617.520	24.910		
24.920	0.000	0.000	0.000	0.000	24.920	101.260	116.200	415.000	632.460	24.920		
24.930	0.000	0.000	0.000	0.000	24.930	106.240	121.180	415.000	642.420	24.930		
24.940	0.000	0.000	0.000	0.000	24.940	114.540	126.160	411.680	652.380	24.940		
24.950	0.000	0.000	0.000	0.000	24.950	119.520	129.480	403.380	652.380	24.950		
24.960	0.000	0.000	0.000	0.000	24.960	124.500	134.460	396.740	655.700	24.960		
24.970	0.000	0.000	0.000	0.000	24.970	129.480	136.120	388.440	654.040	24.970		
24.980	0.000	0.000	0.000	0.000	24.980	131.140	139.440	376.820	647.400	24.980		
24.990	0.000	0.000	0.000	0.000	24.990	134.460	141.100	366.860	642.420	24.990		
25.000	0.000	0.000	0.000	0.000	25.000	139.440	141.100	353.580	634.120	25.000		
25.010	0.000	0.000	0.000	0.000	25.010	146.080	144.420	341.960	632.460	25.010		
25.020	0.000	0.000	0.000	0.000	25.020	151.060	144.420	327.020	622.500	25.020		
25.030	0.000	0.000	0.000	0.000	25.030	154.380	146.080	312.080	612.540	25.030		
25.040	0.000	0.000	0.000	0.000	25.040	164.340	149.400	297.140	610.880	25.040		
25.050	0.000	0.000	0.000	0.000	25.050	171.350	151.980	278.630	601.960	25.050		
25.060	0.000	0.000	0.000	0.000	25.060	181.780	151.980	263.730	597.490	25.060		
25.070	0.000	0.000	0.000	0.000	25.070	189.230	156.450	247.340	593.020	25.070		
25.080	0.000	0.000	0.000	0.000	25.080	196.680	156.450	232.440	585.570	25.080		
25.090	0.000	0.000	0.000	0.000	25.090	208.600	159.430	216.050	584.080	25.090		
25.100	0.000	0.000	0.000	0.000	25.100	222.010	163.900	207.110	593.020	25.100		
25.110	0.000	0.000	0.000	0.000	25.110	233.930	169.860	193.700	597.490	25.110		
25.120	0.000	0.000	0.000	0.000	25.120	247.340	171.350	184.760	603.450	25.120		
25.130	0.000	0.000	0.000	0.000	25.130	262.240	174.330	171.350	607.920	25.130		
25.140	0.000	0.000	0.000	0.000	25.140	278.630	178.800	162.410	619.840	25.140		
25.150	0.000	0.000	0.000	0.000	25.150	293.530	181.780	151.980	627.290	25.150		
25.160	0.000	0.000	0.000	0.000	25.160	311.410	184.760	138.570	634.740	25.160		
25.170	0.000	0.000	0.000	0.000	25.170	332.270	186.250	129.630	648.150	25.170		
25.180	0.000	0.000	0.000	0.000	25.180	351.640	186.250	119.200	657.090	25.180		
25.190	0.000	0.000	0.000	0.000	25.190	372.500	186.250	107.280	666.030	25.190		
25.200	0.000	0.000	0.000	0.000	25.200	395.200	185.250	93.860	674.310	25.200		
25.210	0.000	0.000	0.000	0.000	25.210	417.430	182.780	83.980	684.190	25.210		
25.220	0.000	0.000	0.000	0.000	25.220	439.660	177.840	74.100	691.600	25.220		
25.230	0.000	0.000	0.000	0.000	25.230	459.420	172.900	66.690	699.010	25.230		
25.240	0.000	0.000	0.000	0.000	25.240	481.650	165.490	59.280	706.420	25.240		
25.250	0.000	0.000	0.000	0.000	25.250	503.880	158.080	54.340	716.300	25.250		
25.260	0.000	0.000	0.000	0.000	25.260	521.170	148.200	49.400	718.770	25.260		
25.270	0.000	0.000	0.000	0.000	25.270	540.930	138.320	44.460	723.710	25.270		
25.280	0.000	0.000	0.000	0.000	25.280	555.750	130.910	41.990	728.650	25.280		
25.290	0.000	0.000	0.000	0.000	25.290	573.040	121.030	37.050	731.120	25.290		
25.300	0.000	0.000	0.000	0.000	25.300	585.390	108.680	32.110	726.180	25.300		
25.310	5.000	0.000	0.000	5.000	25.310	597.740	101.270	27.170	726.180	25.310		
25.320	12.500	0.000	0.000	12.500	25.320	607.620	88.920	22.230	718.770	25.320		
25.330	24.800	0.000	0.000	24.800	25.330	617.500	81.510	14.820	713.830	25.330		
25.340	44.640	0.000	0.000	44.640	25.340	617.500	71.630	12.350	701.480	25.340		
25.350	66.960	0.000	0.000	66.960	25.350	617.500	61.750	7.410	686.660	25.350		
25.360	96.720	0.000	0.000	96.720	25.360	605.150	54.340	4.940	664.430	25.360		
25.370	128.960	0.000	0.000	128.960	25.370	592.800	46.930	2.470	642.200	25.370		
25.380	162.440	0.000	0.000	162.440	25.380	573.040	41.990	0.000	615.030	25.380		
25.390	192.200	0.000	0.000	192.200	25.390	550.810	37.050	0.000	587.860	25.390		
25.400	217.000	4.960	0.000	221.960	25.400	516.230	32.110	0.000	548.340	25.400		
25.410	239.320	14.880	7.440	261.640	25.410	476.710	27.170	0.000	503.880	25.410		
25.420	256.680	22.320	17.360	296.360	25.420	424.840	22.230	0.000	447.070	25.420		
25.430	266.600	29.760	29.760	326.120	25.430	363.090	17.290	0.000	380.380	25.430		
25.440	276.520	37.200	37.200	350.920	25.440	296.400	14.820	0.000	311.220	25.440		
25.450	283.960	42.160	47.120	373.240	25.450	224.770	9.880	0.000	234.650	25.450		
25.460	296.360	49.600	54.560	400.520	25.460	158.080	4.940	0.000	163.020	25.460		
25.470	310.000	52.080	59.520	421.600	25.470	106.210	2.470	0.000	108.680	25.470		
25.480	325.920	58.800	62.160	446.880	25.480	61.750	0.000	0.000	61.750	25.480		
25.490	341.040	63.840	67.200	472.080	25.490	34.580	0.000	0.000	34.580	25.490		
25.500	359.520	72.240	72.240	504.000	25.500	15.000	0.000	0.000	15.000	25.500		
25.510	374.640	77.280	78.960	530.880	25.510	9.960	0.000	0.000	9.960	25.510		
25.520	389.760	87.360	84.000	561.120	25.520	4.980	0.000	0.000	4.980	25.520		
25.530	401.520	94.080	89.040	584.640	25.530	2.460	0.000	0.000	2.460	25.530		
25.540	409.920	102.480	97.440	609.840	25.540	0.000	0.000	0.000	0.000	25.540		
25.550	414.960	105.840	102.480	623.280	25.550	0.000	0.000	0.000	0.000	25.550		
25.560	420.000	110.880	104.160	635.040	25.560	0.000	0.000	0.000	0.000	25.560		
25.570	414.960	115.920	109.200	640.080	25.570	0.000	0.000	0.000	0.000	25.570		
25.580	409.920	119.280	114.240	643.440	25.580	0.000	0.000	0.000	0.000	25.580		
25.590	401.520	124.320	119.280	645.120	25.590	0.000	0.000	0.000	0.000	25.590		
25.600	389.760	126.000	124.320	640.080	25.600	0.000	0.000	0.000	0.000	25.600		
25.610	379.680	129.360	129.360	638.400	25.610	0.000	0.000	0.000	0.000	25.610		
25.620	369.600	131.040	131.040	631.680	25.620	0.000	0.000	0.000	0.000	25.620		
25.630	357.500	131.560	137.280	626.340	25.630	0.000	0.000	0.000	0.000	25.630		
25.640	344.630	134.420	138.710	617.760	25.640	0.000	0.000	0.000	0.000	25.640		
25.650	331.760	134.420	144.430	610.610	25.650	0.000	0.000	0.000	0.000	25.650		
25.660	318.890	137.280	147.290	603.460	25.660	0.000	0.000	0.000	0.000	25.660		
25.670	307.450	137.280	151.580	596.310	25.670	0.000	0.000	0.000	0.000	25.670		
25.680	297.440	138.710	157.300	593.450	25.680	0.000	0.000	0.000	0.000	25.680		
25.690	284.570	141.570	161.590	587.730	25.690	0.000	0.000	0.000	0.000	25.690		
25.700	271.700	144.430	168.740	584.870	25.700	0.000	0.000	0.000	0.000	25.700		
25.710	258.830	147.290	177.320	583.440	25.710	0.000	0.000	0.000	0.000	25.710		
25.720	247.390	148.720	184.470	580.580	25.720	0.000	0.000	0.000	0.000	25.720		
25.730	234.520	154.440	197.340	586.300	25.730	0.000	0.000	0.000	0.000	25.730		
25.740	221.650	158.730	207.350	587.730	25.740	0.000	0.000	0.000	0.000	25.740		
25.750	208.780	164.450	218.790	592.020	25.750	0.000	0.000	0.000	0.000	25.750		
25.760	197.340	168.740	234.520	600.600	25.760	0.000	0.000	0.000	0.000	25.760		
25.770	184.470	174.460	248.820	607.750	25.770	0.000	0.000	0.000	0.000	25.770		
25.780	169.460	178.620	267.930	616.010	25.780	2.500	0.000	0.000	2.500	25.780		
25.790	153.430	183.200	288.540	625.170	25.790	2.500	0.000	0.000	2.500	25.790		
25.800	141.980	185.490	306.860	634.330	25.800	2.500	0.000	0.000	2.500	25.800		
25.810	125.950	192.360	329.760	648.070	25.810	2.500	0.000	0.000	2.500	25.810		
25.820	114.500	192.360	348.080	654.940	25.820	0.000	0.000	0.000	0.000	25.820		
25.830	100.760	194.650	370.980	666.390	25.830	0.000	0.000	0.000	0.000	25.830		
25.840	89.310	194.650	393.880	677.840	25.840	0.000	0.000	0.000	0.000	25.840		
25.850	75.570	187.780	416.780	680.130	25.850	0.000	0.000	0.000	0.000	25.850		
25.860	66.410	185.490	441.970	693.870	25.860	0.000	0.000	0.000	0.000	25.860		
25.870	59.540	178.620	464.870	703.030	25.870	0.000	0.000	0.000	0.000	25.870		
25.880	54.960	171.750	485.480	712.190	25.880	0.000	0.000	0.000	0.000	25.880		
25.890	45.800	160.300	510.670	716.770	25.890	0.000	0.000	0.000	0.000	25.890		
25.900	41.220	148.850	531.280	721.350	25.900	0.000	0.000	0.000	0.000	25.900		
25.910	36.640	139.690	551.890	728.220	25.910	0.000	0.000	0.000	0.000	25.910		
25.920	32.060	128.240	572.500	732.800	25.920	0.000	0.000	0.000	0.000	25.920		
25.930	24.900	117.030	587.640	729.570	25.930	0.000	0.000	0.000	0.000	25.930		
25.940	19.920	104.580	600.090	724.590	25.940	0.000	0.000	0.000	0.000	25.940		
25.950	12.450	94.620	610.050	717.120	25.950	0.000	0.000	18.500	18.500	25.950		
25.960	9.960	84.660	617.520	712.140	25.960	0.000	0.000	57.350	57.350	25.960		
25.970	4.980	74.700	622.500	702.180	25.970	0.000	0.000	96.200	96.200	25.970		
25.980	2.490	67.230	617.520	687.240	25.980	0.000	0.000	138.750	138.750	25.980		
25.990	0.000	59.760	607.560	667.320	25.990	0.000	0.000	185.000	185.000	25.990		
26.000	0.000	52.290	597.600	649.890	26.000	0.000	0.000	234.950	234.950	26.000		
26.010	0.000	44.820	575.190	620.010	26.010	1.850	3.700	284.900	290.450	26.010		
26.020	0.000	42.330	547.800	590.130	26.020	3.700	7.400	323.750	334.850	26.020		
26.030	0.000	37.350	510.450	547.800	26.030	7.400	9.250	351.500	368.150	26.030		
26.040	0.000	32.370	465.630	498.000	26.040	9.250	14.800	370.000	394.050	26.040		
26.050	0.000	27.390	403.380	430.770	26.050	11.100	18.500	386.650	416.250	26.050		
26.060	0.000	19.920	331.170	351.090	26.060	16.650	24.050	399.600	440.300	26.060		
26.070	0.000	9.960	266.430	276.390	26.070	22.200	31.450	421.800	475.450	26.070		
26.080	0.000	4.500	187.500	192.000	26.080	24.050	38.850	444.000	506.900	26.080		
26.090	0.000	0.000	120.000	120.000	26.090	31.450	49.950	462.500	543.900	26.090		
26.100	0.000	0.000	72.000	72.000	26.100	36.890	56.420	479.570	572.880	26.100		
26.110	0.000	0.000	42.000	42.000	26.110	39.060	67.270	496.930	603.260	26.110		
26.120	0.000	0.000	22.500	22.500	26.120	43.400	71.610	512.120	627.130	26.120		
26.130	0.000	0.000	9.750	9.750	26.130	45.570	73.780	522.970	642.320	26.130		
26.140	0.000	0.000	4.500	4.500	26.140	49.910	78.120	535.990	664.020	26.140		
26.150	0.000	0.000	2.250	2.250	26.150	49.910	78.120	542.500	670.530	26.150		
26.160	0.000	0.000	2.250	2.250	26.160	49.910	82.460	538.160	670.530	26.160		
26.170	0.000	0.000	0.000	0.000	26.170	52.080	84.630	533.820	670.530	26.170		
26.180	0.000	0.000	0.000	0.000	26.180	52.080	84.630	527.310	664.020	26.180		
26.190	0.000	0.000	0.000	0.000	26.190	54.250	86.800	512.120	653.170	26.190		
26.200	0.000	0.000	0.000	0.000	26.200	54.250	88.970	494.760	637.980	26.200		
26.210	0.000	0.000	0.000	0.000	26.210	58.590	91.140	479.570	629.300	26.210		
26.220	0.000	0.000	0.000	0.000	26.220	62.930	93.310	462.210	618.450	26.220		
26.230	0.000	0.000	0.000	0.000	26.230	67.270	99.820	440.510	607.600	26.230		
26.240	0.000	0.000	0.000	0.000	26.240	73.780	104.160	423.150	601.090	26.240		
26.250	0.000	0.000	0.000	0.000	26.250	79.870	105.950	407.500	593.320	26.250		
26.260	0.000	0.000	0.000	0.000	26.260	84.760	112.470	391.200	588.430	26.260		
26.270	0.000	0.000	0.000	0.000	26.270	91.280	117.360	376.530	585.170	26.270		
26.280	0.000	0.000	0.000	0.000	26.280	99.430	118.990	363.490	581.910	26.280		
26.290	0.000	0.000	0.000	0.000	26.290	104.320	127.140	348.820	580.280	26.290		
26.300	0.000	0.000	0.000	0.000	26.300	112.470	128.770	334.150	575.390	26.300		
26.310	0.000	0.000	0.000	0.000	26.310	122.250	133.660	319.480	575.390	26.310		
26.320	0.000	0.000	0.000	0.000	26.320	128.770	138.550	306.440	573.760	26.320		
26.330	0.000	0.000	0.000	0.000	26.330	136.920	146.700	293.400	577.020	26.330		
26.340	0.000	0.000	0.000	0.000	26.340	143.440	149.960	278.730	572.130	26.340		
26.350	0.000	0.000	0.000	0.000	26.350	151.590	154.850	267.320	573.760	26.350		
26.360	0.000	0.000	0.000	0.000	26.360	164.630	159.740	254.280	578.650	26.360		
26.370	0.000	0.000	0.000	0.000	26.370	174.410	164.630	241.240	580.280	26.370		
26.380	0.000	0.000	0.000	0.000	26.380	187.450	166.260	229.830	583.540	26.380		
26.390	0.000	0.000	0.000	0.000	26.390	198.860	174.410	216.790	590.060	26.390		
26.400	0.000	0.000	0.000	0.000	26.400	216.300	176.400	199.500	592.200	26.400		
26.410	0.000	0.000	0.000	0.000	26.410	233.100	184.800	186.900	604.800	26.410		
26.420	0.000	0.000	0.000	0.000	26.420	252.000	184.800	172.200	609.000	26.420		
26.430	0.000	0.000	0.000	0.000	26.430	270.900	189.000	159.600	619.500	26.430		
26.440	0.000	0.000	0.000	0.000	26.440	291.900	193.200	149.100	634.200	26.440		
26.450	0.000	0.000	0.000	0.000	26.450	310.800	197.400	136.500	644.700	26.450		
26.460	0.000	0.000	0.000	0.000	26.460	333.900	197.400	123.900	655.200	26.460		
26.470	0.000	0.000	0.000	0.000	26.470	357.000	197.400	111.300	665.700	26.470		
26.480	0.000	0.000	0.000	0.000	26.480	382.200	193.200	98.700	674.100	26.480		
26.490	0.000	0.000	0.000	0.000	26.490	403.200	189.000	86.100	678.300	26.490		
26.500	0.000	0.000	0.000	0.000	26.500	428.400	184.800	75.600	688.800	26.500		
26.510	0.000	0.000	0.000	0.000	26.510	453.600	176.400	67.200	697.200	26.510		
26.520	0.000	0.000	0.000	0.000	26.520	476.700	165.900	58.800	701.400	26.520		
26.530	0.000	0.000	0.000	0.000	26.530	501.900	157.500	54.600	714.000	26.530		
26.540	0.000	0.000	0.000	0.000	26.540	525.000	147.000	48.300	720.300	26.540		
26.550	0.000	0.000	0.000	0.000	26.550	540.540	133.980	43.890	718.410	26.550		
26.560	0.000	0.000	0.000	0.000	26.560	556.710	122.430	36.960	716.100	26.560		
26.570	2.500	0.000	0.000	2.500	26.570	565.950	108.570	34.650	709.170	26.570		
26.580	20.000	0.000	0.000	20.000	26.580	570.570	99.330	27.720	697.620	26.580		
26.590	50.000	0.000	0.000	50.000	26.590	577.500	85.470	20.790	683.760	26.590		
26.600	82.500	0.000	0.000	82.500	26.600	570.570	76.230	13.860	660.660	26.600		
26.610	110.000	0.000	0.000	110.000	26.610	565.950	69.300	9.240	644.490	26.610		
26.620	140.000	0.000	0.000	140.000	26.620	554.400	62.370	6.930	623.700	26.620		
26.630	172.500	0.000	0.000	172.500	26.630	533.610	53.130	2.310	589.050	26.630		
26.640	212.500	0.000	0.000	212.500	26.640	505.890	48.510	0.000	554.400	26.640		
26.650	252.500	0.000	0.000	252.500	26.650	471.240	43.890	0.000	515.130	26.650		
26.660	287.500	2.500	0.000	290.000	26.660	427.350	41.580	0.000	468.930	26.660		
26.670	312.500	7.500	5.000	325.000	26.670	369.600	39.270	0.000	408.870	26.670		
26.680	333.450	13.650	5.850	352.950	26.680	307.230	34.650	0.000	341.880	26.680		
26.690	349.050	21.450	13.650	384.150	26.690	231.000	25.410	0.000	256.410	26.690		
26.700	364.650	31.200	19.500	415.350	26.700	160.000	14.720	0.000	174.720	26.700		
26.710	378.300	39.000	23.400	440.700	26.710	106.880	7.040	0.000	113.920	26.710		
26.720	393.900	46.800	31.200	471.900	26.720	67.200	0.000	0.000	67.200	26.720		
26.730	409.500	54.600	37.050	501.150	26.730	39.680	0.000	0.000	39.680	26.730		
26.740	427.050	62.400	44.850	534.300	26.740	22.400	0.000	0.000	22.400	26.740		
26.750	444.600	66.300	46.800	557.700	26.750	12.160	0.000	0.000	12.160	26.750		
26.760	458.250	72.150	50.700	581.100	26.760	7.040	0.000	0.000	7.040	26.760		
26.770	471.900	79.950	56.550	608.400	26.770	4.480	0.000	0.000	4.480	26.770		
26.780	481.650	85.800	58.500	625.950	26.780	4.480	0.000	0.000	4.480	26.780		
26.790	487.500	93.600	66.300	647.400	26.790	1.920	0.000	0.000	1.920	26.790		
26.800	487.500	99.450	68.250	655.200	26.800	0.000	0.000	0.000	0.000	26.800		
26.810	475.800	103.350	72.150	651.300	26.810	0.000	0.000	0.000	0.000	26.810		
26.820	466.050	109.200	76.050	651.300	26.820	0.000	0.000	0.000	0.000	26.820		
26.830	447.500	114.560	84.130	646.190	26.830	0.000	0.000	0.000	0.000	26.830		
26.840	426.020	119.930	85.920	631.870	26.840	0.000	0.000	0.000	0.000	26.840		
26.850	406.330	121.720	91.290	619.340	26.850	0.000	0.000	0.000	0.000	26.850		
26.860	386.640	127.090	96.660	610.390	26.860	0.000	0.000	0.000	0.000	26.860		
26.870	366.950	132.460	103.820	603.230	26.870	0.000	0.000	0.000	0.000	26.870		
26.880	349.050	134.250	109.190	592.490	26.880	0.000	0.000	0.000	0.000	26.880		
26.890	329.360	139.620	116.350	585.330	26.890	0.000	0.000	0.000	0.000	26.890		
26.900	313.250	144.990	123.510	581.750	26.900	0.000	0.000	0.000	0.000	26.900		
26.910	298.930	146.780	132.460	578.170	26.910	0.000	0.000	0.000	0.000	26.910		
26.920	284.610	148.570	141.410	574.590	26.920	0.000	0.000	0.000	0.000	26.920		
26.930	268.500	153.940	146.780	569.220	26.930	0.000	0.000	0.000	0.000	26.930		
26.940	254.180	159.310	153.940	567.430	26.940	0.000	0.000	0.000	0.000	26.940		
26.950	243.440	161.100	164.680	569.220	26.950	0.000	0.000	0.000	0.000	26.950		
26.960	230.910	166.470	171.840	569.220	26.960	0.000	0.000	0.000	0.000	26.960		
26.970	218.380	173.630	186.160	578.170	26.970	0.000	0.000	0.000	0.000	26.970		
26.980	206.340	179.190	199.100	584.630	26.980	0.000	0.000	0.000	0.000	26.980		
26.990	193.670	184.620	211.770	590.060	26.990	0.000	0.000	0.000	0.000	26.990		
27.000	181.000	188.240	224.440	593.680	27.000	0.000	0.000	0.000	0.000	27.000		
27.010	168.330	193.670	238.920	600.920	27.010	0.000	0.000	0.000	0.000	27.010		
27.020	157.470	199.100	253.400	609.970	27.020	0.000	0.000	0.000	0.000	27.020		
27.030	144.800	204.530	273.310	622.640	27.030	0.000	0.000	0.000	0.000	27.030		
27.040	128.510	209.960	291.410	629.880	27.040	0.000	0.000	0.000	0.000	27.040		
27.050	114.030	209.960	311.320	635.310	27.050	0.000	0.000	0.000	0.000	27.050		
27.060	101.360	211.770	331.230	644.360	27.060	0.000	0.000	0.000	0.000	27.060		
27.070	86.880	211.770	349.330	647.980	27.070	0.000	0.000	0.000	0.000	27.070		
27.080	76.020	209.960	369.240	655.220	27.080	0.000	0.000	0.000	0.000	27.080		
27.090	66.970	206.340	389.150	662.460	27.090	0.000	0.000	0.000	0.000	27.090		
27.100	56.110	200.910	407.250	664.270	27.100	0.000	0.000	0.000	0.000	27.100		
27.110	52.490	197.290	430.780	680.560	27.110	0.000	0.000	0.000	0.000	27.110		
27.120	43.440	186.430	452.500	682.370	27.120	0.000	0.000	0.000	0.000	27.120		
27.130	38.250	175.500	474.750	688.500	27.130	0.000	0.000	0.000	0.000	27.130		
27.140	33.750	166.500	497.250	697.500	27.140	0.000	0.000	0.000	0.000	27.140		
27.150	29.250	157.500	517.500	704.250	27.150	0.000	0.000	4.950	4.950	27.150		
27.160	22.500	146.250	531.000	699.750	27.160	0.000	0.000	21.450	21.450	27.160		
27.170	15.750	137.250	546.750	699.750	27.170	0.000	0.000	49.500	49.500	27.170		
27.180	9.000	123.750	555.750	688.500	27.180	0.000	0.000	82.500	82.500	27.180		
27.190	6.750	114.750	562.500	684.000	27.190	0.000	0.000	127.050	127.050	27.190		
27.200	2.250	103.500	562.500	668.250	27.200	0.000	0.000	171.600	171.600	27.200		
27.210	0.000	94.500	553.500	648.000	27.210	0.000	0.000	214.500	214.500	27.210		
27.220	0.000	83.250	544.500	627.750	27.220	1.650	1.650	254.100	257.400	27.220		
27.230	0.000	76.500	526.500	603.000	27.230	6.600	4.950	293.700	305.250	27.230		
27.240	0.000	69.750	501.750	571.500	27.240	9.900	9.900	323.400	343.200	27.240		
27.250	0.000	63.000	468.000	531.000	27.250	11.550	14.850	346.500	372.900	27.250		
27.260	0.000	60.750	418.500	479.250	27.260	16.500	19.800	361.350	397.650	27.260		
27.270	0.000	56.250	351.000	407.250	27.270	21.450	26.400	376.200	424.050	27.270		
27.280	0.000	49.280	280.000	329.280	27.280	31.350	39.600	396.000	466.950	27.280		
27.290	0.000	39.200	209.440	248.640	27.290	41.250	49.500	412.500	503.250	27.290		
27.300	0.000	29.120	148.960	178.080	27.300	52.260	62.310	426.120	540.690	27.300		
27.310	0.000	16.800	101.920	118.720	27.310	58.290	68.340	438.180	564.810	27.310		
27.320	0.000	6.720	67.200	73.920	27.320	64.320	74.370	454.260	592.950	27.320		
27.330	0.000	0.000	41.440	41.440	27.330	66.330	76.380	468.330	611.040	27.330		
27.340	0.000	0.000	24.640	24.640	27.340	72.360	84.420	484.410	641.190	27.340		
27.350	0.000	0.000	12.320	12.320	27.350	74.370	88.440	494.460	657.270	27.350		
27.360	0.000	0.000	8.960	8.960	27.360	78.390	94.470	498.480	671.340	27.360		
27.370	0.000	0.000	6.720	6.720	27.370	84.420	98.490	502.500	685.410	27.370		
27.380	0.000	0.000	4.480	4.480	27.380	88.440	100.500	496.470	685.410	27.380		
27.390	0.000	0.000	4.480	4.480	27.390	94.470	106.530	488.430	689.430	27.390		
27.400	0.000	0.000	4.480	4.480	27.400	96.480	110.550	478.380	685.410	27.400		
27.410	0.000	0.000	2.240	2.240	27.410	100.500	114.570	464.310	679.380	27.410		
27.420	0.000	0.000	0.000	0.000	27.420	104.520	114.570	448.230	667.320	27.420		
27.430	0.000	0.000	0.000	0.000	27.430	108.540	116.580	436.170	661.290	27.430		
27.440	0.000	0.000	0.000	0.000	27.440	114.570	118.590	422.100	655.260	27.440		
27.450	0.000	0.000	0.000	0.000	27.450	119.140	122.360	402.500	644.000	27.450		
27.460	0.000	0.000	0.000	0.000	27.460	123.970	123.970	384.790	632.730	27.460		
27.470	0.000	0.000	0.000	0.000	27.470	128.800	128.800	368.690	626.290	27.470		
27.480	0.000	0.000	0.000	0.000	27.480	133.630	132.020	354.200	619.850	27.480		
27.490	0.000	0.000	0.000	0.000	27.490	138.460	133.630	339.710	611.800	27.490		
27.500	0.000	0.000	0.000	0.000	27.500	141.680	133.630	323.610	598.920	27.500		
27.510	0.000	0.000	0.000	0.000	27.510	146.510	136.850	309.120	592.480	27.510		
27.520	0.000	0.000	0.000	0.000	27.520	151.340	138.460	296.240	586.040	27.520		
27.530	0.000	0.000	0.000	0.000	27.530	159.390	141.680	281.750	582.820	27.530		
27.540	0.000	0.000	0.000	0.000	27.540	167.440	144.900	268.870	581.210	27.540		
27.550	0.000	0.000	0.000	0.000	27.550	173.880	146.510	255.990	576.380	27.550		
27.560	0.000	0.000	0.000	0.000	27.560	178.710	151.340	244.720	574.770	27.560		
27.570	0.000	0.000	0.000	0.000	27.570	189.980	154.560	233.450	577.990	27.570		
27.580	0.000	0.000	0.000	0.000	27.580	199.640	156.170	222.180	577.990	27.580		
27.590	0.000	0.000	0.000	0.000	27.590	209.300	161.000	214.130	584.430	27.590		
27.600	0.000	0.000	0.000	0.000	27.600	220.890	167.160	204.970	593.020	27.600		
27.610	0.000	0.000	0.000	0.000	27.610	238.800	171.140	193.030	602.970	27.610		
27.620	0.000	0.000	0.000	0.000	27.620	250.740	179.100	187.060	616.900	27.620		
27.630	0.000	0.000	0.000	0.000	27.630	268.650	183.080	177.110	628.840	27.630		
27.640	0.000	0.000	0.000	0.000	27.640	286.560	189.050	167.160	642.770	27.640		
27.650	0.000	0.000	0.000	0.000	27.650	306.460	193.030	153.230	652.720	27.650		
27.660	0.000	0.000	0.000	0.000	27.660	328.350	197.010	141.290	666.650	27.660		
27.670	0.000	0.000	0.000	0.000	27.670	346.260	199.000	129.350	674.610	27.670		
27.680	0.000	0.000	0.000	0.000	27.680	368.150	199.000	117.410	684.560	27.680		
27.690	0.000	0.000	0.000	0.000	27.690	388.050	199.000	103.480	690.530	27.690		
27.700	0.000	0.000	0.000	0.000	27.700	411.930	199.000	93.530	704.460	27.700		
27.710	0.000	0.000	0.000	0.000	27.710	431.830	191.040	83.580	706.450	27.710		
27.720	0.000	0.000	0.000	0.000	27.720	451.730	183.080	71.640	706.450	27.720		
27.730	0.000	0.000	0.000	0.000	27.730	473.620	177.110	61.690	712.420	27.730		
27.740	0.000	0.000	2.240	2.240	27.740	497.500	163.180	55.720	716.400	27.740		
27.750	0.000	0.000	2.240	2.240	27.750	514.800	151.800	48.400	715.000	27.750		
27.760	0.000	0.000	2.240	2.240	27.760	528.000	138.600	44.000	710.600	27.760		
27.770	0.000	0.000	0.000	0.000	27.770	539.000	123.200	39.600	701.800	27.770		
27.780	12.320	0.000	0.000	12.320	27.780	543.400	112.200	30.800	686.400	27.780		
27.790	34.720	0.000	0.000	34.720	27.790	550.000	101.200	26.400	677.600	27.790		
27.800	59.360	0.000	0.000	59.360	27.800	545.600	88.000	19.800	653.400	27.800		
27.810	84.000	0.000	0.000	84.000	27.810	541.200	79.200	13.200	633.600	27.810		
27.820	112.000	0.000	0.000	112.000	27.820	534.600	68.200	8.800	611.600	27.820		
27.830	142.240	0.000	0.000	142.240	27.830	519.200	61.600	6.600	587.400	27.830		
27.840	176.960	0.000	0.000	176.960	27.840	499.400	57.200	4.400	561.000	27.840		
27.850	217.280	0.000	0.000	217.280	27.850	473.000	48.400	0.000	521.400	27.850		
27.860	254.240	4.480	0.000	258.720	27.860	435.600	44.000	0.000	479.600	27.860		
27.870	280.000	6.720	2.240	288.960	27.870	391.600	41.800	0.000	433.400	27.870		
27.880	303.600	14.720	7.360	325.680	27.880	338.800	39.600	0.000	378.400	27.880		
27.890	322.000	25.760	16.560	364.320	27.890	281.600	30.800	0.000	312.400	27.890		
27.900	334.880	38.640	23.920	397.440	27.900	212.500	22.100	0.000	234.600	27.900		
27.910	344.080	46.000	34.960	425.040	27.910	147.050	11.900	0.000	158.950	27.910		
27.920	353.280	53.360	44.160	450.800	27.920	102.000	4.250	0.000	106.250	27.920		
27.930	366.160	60.720	53.360	480.240	27.930	67.150	0.000	0.000	67.150	27.930		
27.940	380.880	69.920	60.720	511.520	27.940	42.500	0.000	0.000	42.500	27.940		
27.950	397.440	77.280	69.920	544.640	27.950	24.650	0.000	0.000	24.650	27.950		
27.960	414.000	80.960	73.600	568.560	27.960	11.900	0.000	0.000	11.900	27.960		
27.970	428.720	88.320	80.960	598.000	27.970	9.350	0.000	0.000	9.350	27.970		
27.980	441.600	99.360	86.480	627.440	27.980	6.800	0.000	0.000	6.800	27.980		
27.990	450.800	104.880	92.000	647.680	27.990	4.250	0.000	0.000	4.250	27.990		
28.000	460.000	112.240	99.360	671.600	28.000	4.250	0.000	0.000	4.250	28.000		
28.010	460.000	119.600	104.880	684.480	28.010	1.700	0.000	0.000	1.700	28.010		
28.020	456.320	121.440	108.560	686.320	28.020	1.700	0.000	0.000	1.700	28.020		
28.030	447.500	127.090	114.560	689.150	28.030	0.000	0.000	0.000	0.000	28.030		
28.040	434.970	128.880	119.930	683.780	28.040	0.000	0.000	0.000	0.000	28.040		
28.050	422.440	134.250	123.510	680.200	28.050	0.000	0.000	0.000	0.000	28.050		
28.060	404.540	134.250	132.460	671.250	28.060	0.000	0.000	0.000	0.000	28.060		
28.070	388.430	139.620	136.040	664.090	28.070	0.000	0.000	0.000	0.000	28.070		
28.080	374.110	139.620	141.410	655.140	28.080	0.000	0.000	0.000	0.000	28.080		
28.090	359.790	141.410	146.780	647.980	28.090	0.000	0.000	0.000	0.000	28.090		
28.100	343.680	144.990	153.940	642.610	28.100	0.000	0.000	0.000	0.000	28.100		
28.110	331.150	144.990	155.730	631.870	28.110	0.000	0.000	0.000	0.000	28.110		
28.120	318.620	146.780	166.470	631.870	28.120	0.000	0.000	0.000	0.000	28.120		
28.130	306.090	148.570	168.260	622.920	28.130	0.000	0.000	0.000	0.000	28.130		
28.140	289.980	153.940	177.210	621.130	28.140	0.000	0.000	0.000	0.000	28.140		
28.150	277.450	155.730	184.370	617.550	28.150	0.000	0.000	0.000	0.000	28.150		
28.160	264.920	159.310	191.530	615.760	28.160	0.000	0.000	0.000	0.000	28.160		
28.170	252.390	161.100	198.690	612.180	28.170	0.000	0.000	0.000	0.000	28.170		
28.180	238.680	166.920	207.480	613.080	28.180	0.000	0.000	0.000	0.000	28.180		
28.190	229.320	168.480	213.720	611.520	28.190	0.000	0.000	0.000	0.000	28.190		
28.200	219.960	171.600	224.640	616.200	28.200	2.500	0.000	0.000	2.500	28.200		
28.210	209.040	176.280	234.000	619.320	28.210	0.000	0.000	0.000	0.000	28.210		
28.220	199.680	176.280	241.800	617.760	28.220	2.500	0.000	0.000	2.500	28.220		
28.230	188.760	180.960	254.280	624.000	28.230	2.500	0.000	0.000	2.500	28.230		
28.240	180.960	184.080	266.760	631.800	28.240	2.500	2.500	0.000	5.000	28.240		
28.250	171.600	187.200	279.240	638.040	28.250	2.500	0.000	0.000	2.500	28.250		
28.260	162.240	188.760	294.840	645.840	28.260	2.500	0.000	0.000	2.500	28.260		
28.270	154.440	195.000	308.880	658.320	28.270	2.500	0.000	0.000	2.500	28.270		
28.280	143.520	196.560	321.360	661.440	28.280	2.500	0.000	0.000	2.500	28.280		
28.290	137.280	199.680	336.960	673.920	28.290	0.000	0.000	0.000	0.000	28.290		
28.300	126.360	201.240	354.120	681.720	28.300	2.500	0.000	0.000	2.500	28.300		
28.310	113.880	204.360	371.280	689.520	28.310	0.000	0.000	0.000	0.000	28.310		
28.320	101.400	201.240	390.000	692.640	28.320	0.000	0.000	0.000	0.000	28.320		
28.330	88.540	200.380	412.410	701.330	28.330	0.000	0.000	0.000	0.000	28.330		
28.340	79.220	198.050	428.720	705.990	28.340	0.000	0.000	0.000	0.000	28.340		
28.350	69.900	193.390	449.690	712.980	28.350	0.000	0.000	0.000	0.000	28.350		
28.360	60.580	186.400	468.330	715.310	28.360	0.000	0.000	0.000	0.000	28.360		
28.370	53.590	179.410	489.300	722.300	28.370	0.000	0.000	0.000	0.000	28.370		
28.380	51.260	167.760	507.940	726.960	28.380	0.000	0.000	14.300	14.300	28.380		
28.390	44.270	158.440	528.910	731.620	28.390	0.000	0.000	34.100	34.100	28.390		
28.400	41.940	146.790	545.220	733.950	28.400	0.000	0.000	57.200	57.200	28.400		
28.410	37.280	137.470	561.530	736.280	28.410	0.000	0.000	84.700	84.700	28.410		
28.420	30.290	123.490	570.850	724.630	28.420	0.000	0.000	112.200	112.200	28.420		
28.430	25.630	109.510	577.840	712.980	28.430	0.000	0.000	134.200	134.200	28.430		
28.440	18.640	95.530	582.500	696.670	28.440	2.200	0.000	159.500	161.700	28.440		
28.450	11.650	83.880	577.840	673.370	28.450	4.400	0.000	184.800	189.200	28.450		
28.460	9.320	74.560	568.520	652.400	28.460	6.600	2.200	204.600	213.400	28.460		
28.470	4.660	62.910	554.540	622.110	28.470	6.600	4.400	226.600	237.600	28.470		
28.480	2.130	55.380	532.500	590.010	28.480	12.100	6.600	249.700	268.400	28.480		
28.490	0.000	48.990	504.810	553.800	28.490	14.300	12.100	275.000	301.400	28.490		
28.500	0.000	40.470	474.990	515.460	28.500	19.400	21.340	298.760	339.500	28.500		
28.510	0.000	38.340	434.520	472.860	28.510	29.100	34.920	318.160	382.180	28.510		
28.520	0.000	36.210	385.530	421.740	28.520	40.740	40.740	333.680	415.160	28.520		
28.530	0.000	34.080	328.020	362.100	28.530	46.560	48.500	343.380	438.440	28.530		
28.540	0.000	31.950	264.120	296.070	28.540	52.380	54.320	358.900	465.600	28.540		
28.550	0.000	21.300	204.480	225.780	28.550	58.200	62.080	374.420	494.700	28.550		
28.560	0.000	14.910	149.100	164.010	28.560	64.020	64.020	391.880	519.920	28.560		
28.570	0.000	4.260	102.240	106.500	28.570	69.840	69.840	409.340	549.020	28.570		
28.580	0.000	0.000	66.030	66.030	28.580	71.780	71.780	424.860	568.420	28.580		
28.590	0.000	0.000	40.470	40.470	28.590	73.720	75.660	438.440	587.820	28.590		
28.600	0.000	0.000	25.560	25.560	28.600	75.660	79.540	452.020	607.220	28.600		
28.610	2.130	0.000	14.910	17.040	28.610	75.660	81.480	463.660	620.800	28.610		
28.620	0.000	0.000	8.520	8.520	28.620	79.540	83.420	473.360	636.320	28.620		
28.630	0.000	0.000	7.500	7.500	28.630	81.480	87.300	481.120	649.900	28.630		
28.640	0.000	0.000	7.500	7.500	28.640	81.480	87.300	485.000	653.780	28.640		
28.650	0.000	0.000	4.980	4.980	28.650	83.420	89.240	485.000	657.660	28.650		
28.660	0.000	0.000	4.980	4.980	28.660	87.300	89.240	481.120	657.660	28.660		
28.670	0.000	0.000	2.490	2.490	28.670	87.300	89.240	477.240	653.780	28.670		
28.680	0.000	0.000	2.490	2.490	28.680	91.180	89.240	469.480	649.900	28.680		
28.690	0.000	0.000	0.000	0.000	28.690	93.120	89.240	463.660	646.020	28.690		
28.700	0.000	0.000	0.000	0.000	28.700	97.000	89.240	459.780	646.020	28.700		
28.710	0.000	0.000	0.000	0.000	28.710	98.940	89.240	448.140	636.320	28.710		
28.720	0.000	0.000	0.000	0.000	28.720	100.880	91.180	438.440	630.500	28.720		
28.730	0.000	0.000	0.000	0.000	28.730	104.760	91.180	428.740	624.680	28.730		
28.740	0.000	0.000	0.000	0.000	28.740	106.700	91.180	419.040	616.920	28.740		
28.750	0.000	0.000	0.000	0.000	28.750	110.580	91.180	409.340	611.100	28.750		
28.760	0.000	0.000	0.000	0.000	28.760	114.460	93.120	399.640	607.220	28.760		
28.770	0.000	0.000	0.000	0.000	28.770	118.340	97.000	389.940	605.280	28.770		
28.780	0.000	0.000	0.000	0.000	28.780	124.160	97.000	376.360	597.520	28.780		
28.790	0.000	0.000	0.000	0.000	28.790	131.920	100.880	364.720	597.520	28.790		
28.800	0.000	0.000	0.000	0.000	28.800	143.820	109.980	352.500	606.300	28.800		
28.810	0.000	0.000	0.000	0.000	28.810	152.280	114.210	336.990	603.480	28.810		
28.820	0.000	0.000	0.000	0.000	28.820	164.970	119.850	324.300	609.120	28.820		
28.830	0.000	0.000	0.000	0.000	28.830	176.250	126.900	317.250	620.400	28.830		
28.840	0.000	0.000	0.000	0.000	28.840	186.120	133.950	304.560	624.630	28.840		
28.850	0.000	0.000	0.000	0.000	28.850	198.810	139.590	294.690	633.090	28.850		
28.860	0.000	0.000	0.000	0.000	28.860	214.320	146.640	282.000	642.960	28.860		
28.870	0.000	0.000	0.000	0.000	28.870	227.010	152.280	272.130	651.420	28.870		
28.880	0.000	0.000	0.000	0.000	28.880	239.700	159.330	259.440	658.470	28.880		
28.890	0.000	0.000	0.000	0.000	28.890	253.800	164.970	249.570	668.340	28.890		
28.900	0.000	0.000	0.000	0.000	28.900	269.310	169.200	236.880	675.390	28.900		
28.910	0.000	0.000	0.000	0.000	28.910	284.820	174.840	224.190	683.850	28.910		
28.920	0.000	0.000	0.000	0.000	28.920	301.740	176.250	208.680	686.670	28.920		
28.930	0.000	0.000	0.000	0.000	28.930	318.660	179.070	194.580	692.310	28.930		
28.940	0.000	0.000	0.000	0.000	28.940	336.990	179.070	176.250	692.310	28.940		
28.950	0.000	0.000	0.000	0.000	28.950	359.640	179.820	155.400	694.860	28.950		
28.960	0.000	0.000	0.000	0.000	28.960	379.620	179.820	139.860	699.300	28.960		
28.970	0.000	0.000	0.000	0.000	28.970	399.600	173.160	124.320	697.080	28.970		
28.980	0.000	0.000	0.000	0.000	28.980	417.360	168.720	108.780	694.860	28.980		
28.990	0.000	0.000	0.000	0.000	28.990	437.340	162.060	93.240	692.640	28.990		
29.000	0.000	0.000	0.000	0.000	29.000	450.660	153.180	84.360	688.200	29.000		
29.010	2.310	0.000	0.000	2.310	29.010	468.420	142.080	73.260	683.760	29.010		
29.020	4.950	0.000	0.000	4.950	29.020	483.960	130.980	68.820	683.760	29.020		
29.030	12.210	0.000	0.000	12.210	29.030	499.500	122.100	62.160	683.760	29.030		
29.040	22.440	0.000	0.000	22.440	29.040	512.820	108.780	59.940	681.540	29.040		
29.050	34.980	0.000	0.000	34.980	29.050	528.360	95.460	55.500	679.320	29.050		
29.060	54.780	0.000	0.000	54.780	29.060	541.680	84.360	51.060	677.100	29.060		
29.070	82.500	0.000	0.000	82.500	29.070	550.560	73.260	46.620	670.440	29.070		
29.080	113.850	0.000	0.000	113.850	29.080	555.000	62.160	42.180	659.340	29.080		
29.090	143.550	0.000	0.000	143.550	29.090	550.560	51.060	39.960	641.580	29.090		
29.100	179.850	0.000	0.000	179.850	29.100	545.000	41.420	34.880	621.300	29.100		
29.110	214.500	1.650	1.650	217.800	29.110	531.920	30.520	28.340	590.780	29.110		
29.120	244.200	4.950	4.950	254.100	29.120	512.300	23.980	21.800	558.080	29.120		
29.130	267.300	9.900	6.600	283.800	29.130	486.140	17.440	17.440	521.020	29.130		
29.140	288.750	11.550	9.900	310.200	29.140	455.620	8.720	8.720	473.060	29.140		
29.150	306.900	16.500	11.550	334.950	29.150	414.200	6.540	4.360	425.100	29.150		
29.160	321.750	24.750	16.500	363.000	29.160	366.240	4.360	2.180	372.780	29.160		
29.170	336.600	31.350	21.450	389.400	29.170	313.920	0.000	0.000	313.920	29.170		
29.180	346.500	36.300	24.750	407.550	29.180	257.240	0.000	0.000	257.240	29.180		
29.190	361.350	41.250	26.400	429.000	29.190	196.200	0.000	0.000	196.200	29.190		
29.200	379.500	46.200	29.700	455.400	29.200	139.520	0.000	0.000	139.520	29.200		
29.210	394.350	51.150	34.650	480.150	29.210	91.560	0.000	0.000	91.560	29.210		
29.220	412.500	56.100	34.650	503.250	29.220	56.680	0.000	0.000	56.680	29.220		
29.230	431.640	61.380	35.640	528.660	29.230	30.520	0.000	2.180	32.700	29.230		
29.240	447.480	67.320	35.640	550.440	29.240	19.620	0.000	4.360	23.980	29.240		
29.250	461.340	69.300	39.600	570.240	29.250	15.000	0.000	2.460	17.460	29.250		
29.260	473.220	73.260	41.580	588.060	29.260	12.480	0.000	2.460	14.940	29.260		
29.270	481.140	77.220	43.560	601.920	29.270	9.960	0.000	2.460	12.420	29.270		
29.280	489.060	81.180	41.580	611.820	29.280	9.960	0.000	2.460	12.420	29.280		
29.290	495.000	83.160	43.560	621.720	29.290	7.500	0.000	2.460	9.960	29.290		
29.300	495.000	87.120	45.540	627.660	29.300	7.500	0.000	2.460	9.960	29.300		
29.310	495.000	87.120	45.540	627.660	29.310	4.980	0.000	2.460	7.440	29.310		
29.320	491.040	87.120	45.540	623.700	29.320	4.980	0.000	2.460	7.440	29.320		
29.330	487.080	89.100	45.540	621.720	29.330	4.980	0.000	2.460	7.440	29.330		
29.340	483.120	89.100	49.500	621.720	29.340	2.460	0.000	2.460	4.920	29.340		
29.350	477.180	89.100	45.540	611.820	29.350	2.460	0.000	2.460	4.920	29.350		
29.360	469.260	89.100	45.540	603.900	29.360	0.000	0.000	0.000	0.000	29.360		
29.370	461.340	89.100	49.500	599.940	29.370	0.000	0.000	0.000	0.000	29.370		
29.380	455.000	89.180	49.140	593.320	29.380	2.460	0.000	0.000	2.460	29.380		
29.390	445.900	89.180	49.140	584.220	29.390	0.000	0.000	0.000	0.000	29.390		
29.400	442.260	89.180	49.140	580.580	29.400	0.000	0.000	0.000	0.000	29.400		
29.410	436.800	87.360	49.140	573.300	29.410	0.000	0.000	0.000	0.000	29.410		
29.420	431.340	89.180	49.140	569.660	29.420	0.000	0.000	0.000	0.000	29.420		
29.430	425.880	89.180	49.140	564.200	29.430	0.000	0.000	0.000	0.000	29.430		
29.440	424.060	91.000	50.960	566.020	29.440	0.000	0.000	0.000	0.000	29.440		
29.450	418.600	96.460	54.600	569.660	29.450	0.000	0.000	0.000	0.000	29.450		
29.460	414.960	98.280	56.420	569.660	29.460	0.000	0.000	0.000	0.000	29.460		
29.470	411.320	101.920	58.240	571.480	29.470	0.000	0.000	2.500	2.500	29.470		
29.480	405.860	103.740	61.880	571.480	29.480	2.500	0.000	2.500	5.000	29.480		
29.490	402.220	111.020	67.340	580.580	29.490	2.500	0.000	2.500	5.000	29.490		
29.500	396.760	116.480	70.980	584.220	29.500	2.500	0.000	0.000	2.500	29.500		
29.510	385.840	123.760	78.260	587.860	29.510	2.500	0.000	2.500	5.000	29.510		
29.520	378.560	131.040	89.180	598.780	29.520	2.500	0.000	0.000	2.500	29.520		
29.530	367.500	141.120	97.020	605.640	29.530	2.500	0.000	0.000	2.500	29.530		
29.540	357.210	147.000	107.310	611.520	29.540	2.500	0.000	0.000	2.500	29.540		
29.550	346.920	157.290	116.130	620.340	29.550	0.000	0.000	0.000	0.000	29.550		
29.560	333.690	164.640	126.420	624.750	29.560	0.000	0.000	0.000	0.000	29.560		
29.570	318.990	174.930	139.650	633.570	29.570	0.000	0.000	0.000	0.000	29.570		
29.580	304.290	182.280	154.350	640.920	29.580	0.000	0.000	0.000	0.000	29.580		
29.590	286.650	189.630	169.050	645.330	29.590	0.000	0.000	0.000	0.000	29.590		
29.600	269.010	196.980	183.750	649.740	29.600	0.000	0.000	0.000	0.000	29.600		
29.610	251.370	201.390	199.920	652.680	29.610	0.000	0.000	0.000	0.000	29.610		
29.620	233.730	207.270	214.620	655.620	29.620	0.000	0.000	0.000	0.000	29.620		
29.630	216.090	211.680	232.260	660.030	29.630	0.000	0.000	0.000	0.000	29.630		
29.640	194.040	216.090	249.900	660.030	29.640	0.000	0.000	0.000	0.000	29.640		
29.650	174.930	216.090	266.070	657.090	29.650	0.000	0.000	0.000	0.000	29.650		
29.660	154.350	216.090	279.300	649.740	29.660	0.000	0.000	0.000	0.000	29.660		
29.670	136.710	214.620	296.940	648.270	29.670	0.000	0.000	0.000	0.000	29.670		
29.680	116.920	211.720	311.260	639.900	29.680	0.000	0.000	2.460	2.460	29.680		
29.690	101.120	206.980	322.320	630.420	29.690	0.000	0.000	15.000	15.000	29.690		
29.700	86.900	202.240	331.800	620.940	29.700	0.000	0.000	28.980	28.980	29.700		
29.710	77.420	191.180	339.700	608.300	29.710	0.000	0.000	44.160	44.160	29.710		
29.720	66.360	181.700	349.180	597.240	29.720	0.000	0.000	69.000	69.000	29.720		
29.730	56.880	173.800	358.660	589.340	29.730	0.000	0.000	96.600	96.600	29.730		
29.740	52.140	164.320	369.720	586.180	29.740	0.000	0.000	126.960	126.960	29.740		
29.750	44.240	151.680	379.200	575.120	29.750	0.000	0.000	157.320	157.320	29.750		
29.760	39.500	139.040	388.680	567.220	29.760	1.380	1.380	186.300	189.060	29.760		
29.770	34.760	124.820	391.840	551.420	29.770	4.140	6.900	216.660	227.700	29.770		
29.780	28.440	113.760	395.000	537.200	29.780	6.900	6.900	241.500	255.300	29.780		
29.790	22.120	101.120	388.680	511.920	29.790	9.660	12.420	264.960	287.040	29.790		
29.800	17.380	88.480	383.940	489.800	29.800	13.800	16.560	284.280	314.640	29.800		
29.810	9.480	79.000	374.460	462.940	29.810	19.320	24.840	302.220	346.380	29.810		
29.820	6.320	69.520	358.660	434.500	29.820	28.980	34.500	318.780	382.260	29.820		
29.830	4.050	59.400	337.500	400.950	29.830	34.500	38.640	331.200	404.340	29.830		
29.840	0.000	49.950	306.450	356.400	29.840	41.400	44.160	345.000	430.560	29.840		
29.850	0.000	41.850	274.050	315.900	29.850	44.620	52.380	358.900	455.900	29.850		
29.860	0.000	36.450	241.650	278.100	29.860	48.500	54.320	374.420	477.240	29.860		
29.870	0.000	29.700	203.850	233.550	29.870	48.500	56.260	389.940	494.700	29.870		
29.880	0.000	21.600	167.400	189.000	29.880	52.380	58.200	401.580	512.160	29.880		
29.890	0.000	14.850	132.300	147.150	29.890	54.320	62.080	413.220	529.620	29.890		
29.900	0.000	6.750	97.200	103.950	29.900	54.320	65.960	428.740	549.020	29.900		
29.910	0.000	1.350	67.500	68.850	29.910	56.260	69.840	442.320	568.420	29.910		
29.920	0.000	0.000	44.550	44.550	29.920	58.200	71.780	452.020	582.000	29.920		
29.930	1.350	0.000	29.700	31.050	29.930	62.080	73.720	463.660	599.460	29.930		
29.940	4.050	0.000	16.200	20.250	29.940	62.080	75.660	471.420	609.160	29.940		
29.950	1.350	0.000	12.150	13.500	29.950	64.020	79.540	477.240	620.800	29.950		
29.960	4.050	0.000	6.750	10.800	29.960	65.960	81.480	481.120	628.560	29.960		
29.970	1.350	0.000	6.750	8.100	29.970	71.780	83.420	485.000	640.200	29.970		
29.980	2.500	0.000	5.000	7.500	29.980	73.720	87.300	485.000	646.020	29.980		
29.990	2.500	0.000	5.000	7.500	29.990	75.660	89.240	481.120	646.020	29.990		
30.000	2.500	0.000	5.000	7.500	30.000	81.060	90.710	482.500	654.270	30.000		
30.010	2.500	0.000	2.500	5.000	30.010	81.060	90.710	478.640	650.410	30.010		
30.020	0.000	0.000	2.500	2.500	30.020	84.920	94.570	476.710	656.200	30.020		
30.030	0.000	0.000	0.000	0.000	30.030	84.920	94.570	470.920	650.410	30.030		
30.040	0.000	0.000	0.000	0.000	30.040	86.850	94.570	468.990	650.410	30.040		
30.050	0.000	0.000	0.000	0.000	30.050	86.850	94.570	467.060	648.480	30.050		
30.060	0.000	0.000	0.000	0.000	30.060	86.850	94.570	461.270	642.690	30.060		
30.070	0.000	0.000	0.000	0.000	30.070	84.920	90.710	461.270	636.900	30.070		
30.080	0.000	0.000	0.000	0.000	30.080	84.920	90.710	459.340	634.970	30.080		
30.090	0.000	0.000	0.000	0.000	30.090	81.060	90.710	457.410	629.180	30.090		
30.100	0.000	0.000	0.000	0.000	30.100	81.060	88.780	453.550	623.390	30.100		
30.110	0.000	0.000	0.000	0.000	30.110	79.130	88.780	453.550	621.460	30.110		
30.120	0.000	0.000	0.000	0.000	30.120	79.130	86.850	453.550	619.530	30.120		
30.130	0.000	0.000	0.000	0.000	30.130	77.200	86.850	451.620	615.670	30.130		
30.140	0.000	0.000	0.000	0.000	30.140	73.340	86.850	451.620	611.810	30.140		
30.150	0.000	0.000	0.000	0.000	30.150	74.210	86.880	452.500	613.590	30.150		
30.160	0.000	0.000	0.000	0.000	30.160	74.210	86.880	448.880	609.970	30.160		
30.170	0.000	0.000	0.000	0.000	30.170	74.210	88.690	452.500	615.400	30.170		
30.180	0.000	0.000	0.000	0.000	30.180	74.210	88.690	448.880	611.780	30.180		
30.190	0.000	0.000	0.000	0.000	30.190	76.020	92.310	452.500	620.830	30.190		
30.200	0.000	0.000	0.000	0.000	30.200	76.020	94.120	448.880	619.020	30.200		
30.210	0.000	0.000	0.000	0.000	30.210	79.640	94.120	448.880	622.640	30.210		
30.220	0.000	0.000	0.000	0.000	30.220	76.020	95.930	447.070	619.020	30.220		
30.230	0.000	0.000	0.000	0.000	30.230	79.640	99.550	443.450	622.640	30.230		
30.240	0.000	0.000	0.000	0.000	30.240	81.450	101.360	441.640	624.450	30.240		
30.250	0.000	0.000	0.000	0.000	30.250	81.450	104.980	436.210	622.640	30.250		
30.260	0.000	0.000	0.000	0.000	30.260	83.260	104.980	428.970	617.210	30.260		
30.270	0.000	0.000	0.000	0.000	30.270	86.880	106.790	423.540	617.210	30.270		
30.280	2.190	0.000	0.000	2.190	30.280	86.880	106.790	414.490	608.160	30.280		
30.290	2.190	0.000	0.000	2.190	30.290	88.690	108.600	407.250	604.540	30.290		
30.300	4.380	0.000	0.000	4.380	30.300	91.640	112.180	395.000	598.820	30.300		
30.310	7.300	0.000	0.000	7.300	30.310	94.800	113.760	382.360	590.920	30.310		
30.320	12.410	0.000	0.000	12.410	30.320	96.380	116.920	371.300	584.600	30.320		
30.330	16.790	0.000	0.000	16.790	30.330	101.120	118.500	361.820	581.440	30.330		
30.340	19.710	0.000	0.000	19.710	30.340	104.280	118.500	349.180	571.960	30.340		
30.350	29.930	0.000	0.000	29.930	30.350	109.020	121.660	336.540	567.220	30.350		
30.360	42.340	0.000	0.000	42.340	30.360	112.180	124.820	319.160	556.160	30.360		
30.370	62.050	0.000	0.000	62.050	30.370	113.760	124.820	304.940	543.520	30.370		
30.380	82.490	2.190	0.000	84.680	30.380	116.920	126.400	281.240	524.560	30.380		
30.390	109.500	4.380	2.190	116.070	30.390	118.500	124.820	259.120	502.440	30.390		
30.400	137.240	12.410	12.410	162.060	30.400	124.820	124.820	232.260	481.900	30.400		
30.410	159.870	14.600	14.600	189.070	30.410	126.400	124.820	199.080	450.300	30.410		
30.420	182.500	19.710	19.710	221.920	30.420	129.560	118.500	172.220	420.280	30.420		
30.430	201.960	24.480	26.010	252.450	30.430	129.560	116.920	142.200	388.680	30.430		
30.440	218.790	29.070	32.130	279.990	30.440	131.140	112.180	113.760	357.080	30.440		
30.450	234.090	33.660	39.780	307.530	30.450	132.500	104.940	89.570	327.010	30.450		
30.460	249.390	39.780	44.370	333.540	30.460	129.850	96.990	69.960	296.800	30.460		
30.470	264.690	41.310	47.430	353.430	30.470	122.430	87.450	54.590	264.470	30.470		
30.480	279.990	47.430	52.020	379.440	30.480	114.480	77.380	47.170	239.030	30.480		
30.490	296.820	52.020	56.610	405.450	30.490	102.290	67.310	42.400	212.000	30.490		
30.500	312.120	56.610	61.200	429.930	30.500	89.570	59.890	37.100	186.560	30.500		
30.510	324.360	64.260	64.260	452.880	30.510	77.380	49.820	34.980	162.180	30.510		
30.520	336.600	67.320	68.850	472.770	30.520	67.310	44.520	29.680	141.510	30.520		
30.530	348.840	74.970	74.970	498.780	30.530	57.240	37.100	24.910	119.250	30.530		
30.540	359.550	76.500	79.560	515.610	30.540	47.170	29.680	19.610	96.460	30.540		
30.550	367.200	81.090	81.090	529.380	30.550	37.100	24.910	17.490	79.500	30.550		
30.560	374.850	87.210	87.210	549.270	30.560	29.680	22.260	17.490	69.430	30.560		
30.570	382.500	91.800	91.800	566.100	30.570	24.910	17.490	17.490	59.890	30.570		
30.580	391.000	93.500	96.900	581.400	30.580	17.490	14.840	14.840	47.170	30.580		
30.590	396.100	98.600	102.000	596.700	30.590	12.190	12.190	14.840	39.220	30.590		
30.600	404.600	102.000	107.100	613.700	30.600	9.960	9.960	15.000	34.920	30.600		
30.610	411.400	107.100	112.200	630.700	30.610	9.960	9.960	12.480	32.400	30.610		
30.620	416.500	108.800	113.900	639.200	30.620	9.960	9.960	12.480	32.400	30.620		
30.630	421.600	112.200	122.400	656.200	30.630	7.500	9.960	12.480	29.940	30.630		
30.640	421.600	112.200	122.400	656.200	30.640	7.500	7.500	9.960	24.960	30.640		
30.650	425.000	112.200	124.100	661.300	30.650	7.500	7.500	9.960	24.960	30.650		
30.660	421.600	113.900	129.200	664.700	30.660	4.980	4.980	7.500	17.460	30.660		
30.670	421.600	113.900	129.200	664.700	30.670	4.980	7.500	7.500	19.980	30.670		
30.680	416.500	113.900	130.900	661.300	30.680	2.460	4.980	4.980	12.420	30.680		
30.690	411.400	112.200	130.900	654.500	30.690	4.980	2.460	4.980	12.420	30.690		
30.700	409.700	108.800	130.900	649.400	30.700	4.980	2.460	2.460	9.900	30.700		
30.710	404.600	108.800	130.900	644.300	30.710	2.460	2.460	4.980	9.900	30.710		
30.720	399.500	107.100	130.900	637.500	30.720	2.460	2.460	4.980	9.900	30.720		
30.730	395.000	107.440	134.300	636.740	30.730	2.460	2.460	2.460	7.380	30.730		
30.740	388.680	104.280	131.140	624.100	30.740	2.460	2.460	2.460	7.380	30.740		
30.750	387.100	104.280	131.140	622.520	30.750	2.400	2.400	2.400	7.200	30.750		
30.760	382.360	101.120	129.560	613.040	30.760	0.000	0.000	2.400	2.400	30.760		
30.770	379.200	99.540	126.400	605.140	30.770	2.400	2.400	2.400	7.200	30.770		
30.780	376.040	96.380	124.820	597.240	30.780	2.400	2.400	14.880	19.680	30.780		
30.790	374.460	96.380	124.820	595.660	30.790	0.000	2.400	22.080	24.480	30.790		
30.800	371.300	91.640	118.500	581.440	30.800	0.000	2.400	27.360	29.760	30.800		
30.810	369.720	91.640	118.500	579.860	30.810	0.000	2.400	32.160	34.560	30.810		
30.820	366.560	88.480	116.920	571.960	30.820	0.000	4.800	34.560	39.360	30.820		
30.830	364.980	88.480	113.760	567.220	30.830	0.000	4.800	37.440	42.240	30.830		
30.840	361.820	86.900	113.760	562.480	30.840	7.200	7.200	47.040	61.440	30.840		
30.850	357.080	86.900	112.180	556.160	30.850	12.480	9.600	57.120	79.200	30.850		
30.860	353.920	83.740	113.760	551.420	30.860	19.680	14.880	72.480	107.040	30.860		
30.870	346.020	83.740	112.180	541.940	30.870	27.360	19.680	87.360	134.400	30.870		
30.880	340.000	81.600	111.520	533.120	30.880	37.440	24.960	102.240	164.640	30.880		
30.890	329.120	81.600	111.520	522.240	30.890	44.640	29.760	120.000	194.400	30.890		
30.900	316.880	78.880	111.520	507.280	30.900	54.780	36.960	134.640	226.380	30.900		
30.910	304.640	74.800	108.800	488.240	30.910	62.040	42.240	144.540	248.820	30.910		
30.920	289.680	72.080	107.440	469.200	30.920	69.960	44.880	152.460	267.300	30.920		
30.930	272.000	66.640	107.440	446.080	30.930	77.220	52.140	157.080	286.440	30.930		
30.940	254.320	63.920	107.440	425.680	30.940	82.500	54.780	162.360	299.640	30.940		
30.950	239.360	61.200	107.440	408.000	30.950	89.760	62.040	165.000	316.800	30.950		
30.960	224.400	57.120	107.440	388.960	30.960	94.380	64.680	162.360	321.420	30.960		
30.970	206.720	54.400	104.720	365.840	30.970	102.300	69.960	162.360	334.620	30.970		
30.980	194.480	51.680	107.440	353.600	30.980	106.920	71.940	159.720	338.580	30.980		
30.990	179.520	48.960	104.720	333.200	30.990	112.200	74.580	157.080	343.860	30.990		
31.000	164.560	48.960	107.440	320.960	31.000	117.480	79.860	157.080	354.420	31.000		
31.010	152.320	46.240	107.440	306.000	31.010	122.100	82.500	154.440	359.040	31.010		
31.020	138.720	46.240	108.800	293.760	31.020	124.740	87.120	154.440	366.300	31.020		
31.030	129.920	44.660	111.940	286.520	31.030	129.360	87.120	152.460	368.940	31.030		
31.040	124.700	46.980	117.160	288.840	31.040	132.000	92.400	152.460	376.860	31.040		
31.050	117.160	46.980	117.160	281.300	31.050	134.400	94.720	154.880	384.000	31.050		
31.060	111.940	44.660	119.480	276.080	31.060	139.520	97.280	154.880	391.680	31.060		
31.070	109.620	46.980	124.700	281.300	31.070	139.520	99.840	154.880	394.240	31.070		
31.080	104.980	46.980	124.700	276.660	31.080	142.080	104.960	154.880	401.920	31.080		
31.090	102.080	46.980	127.020	276.080	31.090	144.640	106.880	154.880	406.400	31.090		
31.100	99.760	46.980	129.920	276.660	31.100	149.760	106.880	154.880	411.520	31.100		
31.110	97.440	49.880	132.240	279.560	31.110	152.320	109.440	152.320	414.080	31.110		
31.120	97.440	49.880	134.560	281.880	31.120	152.320	109.440	152.320	414.080	31.120		
31.130	94.540	49.880	137.460	281.880	31.130	154.880	112.000	152.320	419.200	31.130		
31.140	92.220	49.880	137.460	279.560	31.140	157.440	112.000	149.760	419.200	31.140		
31.150	92.220	49.880	142.100	284.200	31.150	160.000	114.560	149.760	424.320	31.150		
31.160	92.220	52.200	142.100	286.520	31.160	160.000	114.560	147.200	421.760	31.160		
31.170	89.900	52.200	145.000	287.100	31.170	160.000	114.560	144.640	419.200	31.170		
31.180	87.420	52.080	144.460	283.960	31.180	160.000	114.560	144.640	419.200	31.180		
31.190	87.420	52.080	146.940	286.440	31.190	160.000	112.000	142.080	414.080	31.190		
31.200	84.940	52.080	146.940	283.960	31.200	159.720	112.200	139.920	411.840	31.200		
31.210	84.940	52.080	146.940	283.960	31.210	159.720	112.200	137.280	409.200	31.210		
31.220	84.940	52.080	146.940	283.960	31.220	159.720	112.200	139.920	411.840	31.220		
31.230	84.940	54.560	146.940	286.440	31.230	157.080	112.200	137.280	406.560	31.230		
31.240	84.940	54.560	149.420	288.920	31.240	159.720	112.200	137.280	409.200	31.240		
31.250	84.940	57.040	149.420	291.400	31.250	157.080	112.200	134.640	403.920	31.250		
31.260	84.940	54.560	149.420	288.920	31.260	159.720	109.560	134.640	403.920	31.260		
31.270	84.940	57.040	151.900	293.880	31.270	159.720	109.560	134.640	403.920	31.270		
31.280	84.940	57.040	151.900	293.880	31.280	159.720	109.560	134.640	403.920	31.280		
31.290	87.420	59.520	151.900	298.840	31.290	159.720	109.560	132.000	401.280	31.290		
31.300	89.900	59.520	151.900	301.320	31.300	162.360	106.920	132.000	401.280	31.300		
31.310	89.900	62.000	151.900	303.800	31.310	162.360	106.920	129.360	398.640	31.310		
31.320	89.900	62.000	155.000	306.900	31.320	165.000	106.920	129.360	401.280	31.320		
31.330	89.780	62.310	154.770	306.860	31.330	165.000	104.940	127.380	397.320	31.330		
31.340	92.460	64.990	157.450	314.900	31.340	165.000	104.940	127.380	397.320	31.340		
31.350	92.460	64.990	157.450	314.900	31.350	165.000	104.940	127.380	397.320	31.350		
31.360	92.460	64.990	157.450	314.900	31.360	165.000	102.300	127.380	394.680	31.360		
31.370	94.470	67.000	159.460	320.930	31.370	165.000	102.300	127.380	394.680	31.370		
31.380	94.470	67.000	159.460	320.930	31.380	165.000	102.300	124.740	392.040	31.380		
31.390	94.470	69.680	159.460	323.610	31.390	162.360	99.660	127.380	389.400	31.390		
31.400	94.470	69.680	159.460	323.610	31.400	162.360	99.660	124.740	386.760	31.400		
31.410	97.150	72.360	162.140	331.650	31.410	162.360	99.660	124.740	386.760	31.410		
31.420	97.150	72.360	162.140	331.650	31.420	159.720	97.020	127.380	384.120	31.420		
31.430	97.150	74.370	164.820	336.340	31.430	159.720	97.020	127.380	384.120	31.430		
31.440	97.150	74.370	167.500	339.020	31.440	159.720	94.380	124.740	378.840	31.440		
31.450	97.150	77.050	167.500	341.700	31.450	159.720	94.380	127.380	381.480	31.450		
31.460	99.830	77.050	167.500	344.380	31.460	157.080	92.400	127.380	376.860	31.460		
31.470	99.830	79.730	167.500	347.060	31.470	157.080	92.400	127.380	376.860	31.470		
31.480	99.960	76.840	167.280	344.080	31.480	157.080	92.400	127.380	376.860	31.480		
31.490	99.960	79.560	170.000	349.520	31.490	154.440	92.400	129.360	376.200	31.490		
31.500	99.960	79.560	167.280	346.800	31.500	155.000	89.900	129.580	374.480	31.500		
31.510	102.000	79.560	167.280	348.840	31.510	151.900	89.900	129.580	371.380	31.510		
31.520	102.000	79.560	167.280	348.840	31.520	151.900	89.900	129.580	371.380	31.520		
31.530	102.000	79.560	167.280	348.840	31.530	151.900	89.900	129.580	371.380	31.530		
31.540	102.000	79.560	164.560	346.120	31.540	149.420	87.420	132.060	368.900	31.540		
31.550	104.720	79.560	167.280	351.560	31.550	149.420	89.900	132.060	371.380	31.550		
31.560	104.720	79.560	164.560	348.840	31.560	149.420	89.900	134.540	373.860	31.560		
31.570	104.720	79.560	164.560	348.840	31.570	146.940	87.420	134.540	368.900	31.570		
31.580	104.720	79.560	164.560	348.840	31.580	146.940	87.420	134.540	368.900	31.580		
31.590	107.440	79.560	164.560	351.560	31.590	144.460	89.900	137.020	371.380	31.590		
31.600	107.440	79.560	161.840	348.840	31.600	144.460	87.420	139.500	371.380	31.600		
31.610	107.440	76.840	161.840	346.120	31.610	144.460	89.900	139.500	373.860	31.610		
31.620	107.440	76.840	159.800	344.080	31.620	144.460	89.900	139.500	373.860	31.620		
31.630	106.880	74.880	157.440	339.200	31.630	141.980	89.900	141.980	373.860	31.630		
31.640	106.880	74.880	160.000	341.760	31.640	141.980	89.900	141.980	373.860	31.640		
31.650	104.960	74.880	157.440	337.280	31.650	142.080	89.600	144.640	376.320	31.650		
31.660	104.960	74.880	157.440	337.280	31.660	139.520	89.600	144.640	373.760	31.660		
31.670	104.960	74.880	157.440	337.280	31.670	139.520	89.600	147.200	376.320	31.670		
31.680	104.960	74.880	157.440	337.280	31.680	139.520	89.600	147.200	376.320	31.680		
31.690	104.960	74.880	154.880	334.720	31.690	136.960	87.040	147.200	371.200	31.690		
31.700	104.960	74.880	154.880	334.720	31.700	136.960	87.040	147.200	371.200	31.700		
31.710	104.960	74.880	154.880	334.720	31.710	134.400	87.040	149.760	371.200	31.710		
31.720	106.880	72.320	154.880	334.080	31.720	134.400	87.040	149.760	371.200	31.720		
31.730	106.880	72.320	154.880	334.080	31.730	132.480	87.040	152.320	371.840	31.730		
31.740	106.880	72.320	152.320	331.520	31.740	132.480	87.040	152.320	371.840	31.740		
31.750	106.880	72.320	152.320	331.520	31.750	132.480	87.040	152.320	371.840	31.750		
31.760	106.880	72.320	152.320	331.520	31.760	129.920	87.040	154.880	371.840	31.760		
31.770	109.440	69.760	149.760	328.960	31.770	129.920	87.040	157.440	374.400	31.770		
31.780	109.740	69.620	147.500	326.860	31.780	129.920	87.040	157.440	374.400	31.780		
31.790	109.740	69.620	147.500	326.860	31.790	129.920	87.040	160.000	376.960	31.790		
31.800	109.740	69.620	147.500	326.860	31.800	129.360	87.120	161.920	378.400	31.800		
31.810	109.740	67.260	144.550	321.550	31.810	132.000	89.760	164.560	386.320	31.810		
31.820	109.740	64.900	139.830	314.470	31.820	134.640	89.760	164.560	388.960	31.820		
31.830	109.740	64.900	137.470	312.110	31.830	137.280	94.160	167.200	398.640	31.830		
31.840	109.740	61.950	134.520	306.210	31.840	139.920	96.800	172.480	409.200	31.840		
31.850	107.380	59.590	127.440	294.410	31.850	141.680	96.800	174.240	412.720	31.850		
31.860	107.380	57.230	122.130	286.740	31.860	146.960	102.080	179.520	428.560	31.860		
31.870	104.430	51.920	114.460	270.810	31.870	149.600	104.720	184.800	439.120	31.870		
31.880	102.070	49.560	107.380	259.010	31.880	152.240	107.360	189.200	448.800	31.880		
31.890	97.350	47.200	104.430	248.980	31.890	154.880	111.760	191.840	458.480	31.890		
31.900	92.040	44.840	99.710	236.590	31.900	159.280	117.040	199.760	476.080	31.900		
31.910	84.960	42.480	94.990	222.430	31.910	159.280	119.680	202.400	481.360	31.910		
31.920	77.290	39.530	92.040	208.860	31.920	161.920	122.320	209.440	493.680	31.920		
31.930	69.840	37.440	90.000	197.280	31.930	164.560	126.720	214.720	506.000	31.930		
31.940	62.280	34.920	84.960	182.160	31.940	167.200	132.000	220.000	519.200	31.940		
31.950	54.720	32.400	77.400	164.520	31.950	169.650	134.550	224.640	528.840	31.950		
31.960	47.160	29.880	74.880	151.920	31.960	169.650	136.890	229.320	535.860	31.960		
31.970	42.480	24.840	69.840	137.160	31.970	169.650	139.230	234.000	542.880	31.970		
31.980	34.920	22.320	64.800	122.040	31.980	169.650	141.570	239.850	551.070	31.980		
31.990	29.880	19.800	59.760	109.440	31.990	169.650	143.910	244.530	558.090	31.990		
32.000	24.840	17.280	57.240	99.360	32.000	167.310	147.420	249.210	563.940	32.000		
32.010	17.280	12.240	49.680	79.200	32.010	167.310	149.760	257.400	574.470	32.010		
32.020	14.760	12.240	47.160	74.160	32.020	164.970	154.440	262.080	581.490	32.020		
32.030	12.240	7.200	39.960	59.400	32.030	164.970	154.440	264.420	583.830	32.030		
32.040	12.240	7.200	34.920	54.360	32.040	161.460	156.780	271.440	589.680	32.040		
32.050	9.720	4.680	29.880	44.280	32.050	159.120	159.120	274.950	593.190	32.050		
32.060	9.720	4.680	19.800	34.200	32.060	156.780	159.120	279.630	595.530	32.060		
32.070	7.200	2.160	12.240	21.600	32.070	156.780	161.460	284.310	602.550	32.070		
32.080	7.440	2.480	4.960	14.880	32.080	154.440	164.970	286.650	606.060	32.080		
32.090	7.440	0.000	2.480	9.920	32.090	152.100	167.310	292.500	611.910	32.090		
32.100	4.960	0.000	0.000	4.960	32.100	148.830	166.980	296.450	612.260	32.100		
32.110	4.960	0.000	0.000	4.960	32.110	146.410	166.980	298.870	612.260	32.110		
32.120	7.440	0.000	0.000	7.440	32.120	143.990	166.980	298.870	609.840	32.120		
32.130	4.960	0.000	0.000	4.960	32.130	139.150	166.980	302.500	608.630	32.130		
32.140	7.440	0.000	0.000	7.440	32.140	136.730	166.980	302.500	606.210	32.140		
32.150	7.440	2.480	0.000	9.920	32.150	131.890	166.980	298.870	597.740	32.150		
32.160	4.960	2.480	0.000	7.440	32.160	129.470	164.560	296.450	590.480	32.160		
32.170	7.440	2.480	0.000	9.920	32.170	127.050	162.140	294.030	583.220	32.170		
32.180	4.960	4.960	0.000	9.920	32.180	122.210	162.140	291.610	575.960	32.180		
32.190	4.960	4.960	4.960	14.880	32.190	119.790	157.300	289.190	566.280	32.190		
32.200	4.960	10.000	7.440	22.400	32.200	114.950	154.880	284.350	554.180	32.200		
32.210	7.440	10.000	12.480	29.920	32.210	108.900	152.460	279.510	540.870	32.210		
32.220	4.960	12.480	20.000	37.440	32.220	106.480	146.410	274.670	527.560	32.220		
32.230	7.110	19.750	26.860	53.720	32.230	101.640	143.990	264.990	510.620	32.230		
32.240	7.110	24.490	32.390	63.990	32.240	96.800	139.150	256.520	492.470	32.240		
32.250	7.110	32.390	44.240	83.740	32.250	92.070	131.670	247.500	471.240	32.250		
32.260	14.220	41.870	49.770	105.860	32.260	87.120	126.720	234.630	448.470	32.260		
32.270	22.120	49.770	54.510	126.400	32.270	82.170	121.770	224.730	428.670	32.270		
32.280	37.130	59.250	59.250	155.630	32.280	77.220	114.840	211.860	403.920	32.280		
32.290	52.140	69.520	67.150	188.810	32.290	72.270	104.940	197.010	374.220	32.290		
32.300	71.890	79.790	74.260	225.940	32.300	67.320	97.020	179.190	343.530	32.300		
32.310	94.800	86.900	82.160	263.860	32.310	62.370	89.100	159.390	310.860	32.310		
32.320	114.550	92.430	84.530	291.510	32.320	54.450	77.220	139.590	271.260	32.320		
32.330	131.930	97.170	92.430	321.530	32.330	49.500	69.300	119.790	238.590	32.330		
32.340	146.940	99.540	97.170	343.650	32.340	41.580	59.400	104.940	205.920	32.340		
32.350	164.320	101.910	101.910	368.140	32.350	36.630	52.470	87.120	176.220	32.350		
32.360	179.330	101.910	107.440	388.680	32.360	29.700	41.580	69.300	140.580	32.360		
32.370	197.500	104.280	112.180	413.960	32.370	19.800	34.650	57.420	111.870	32.370		
32.380	217.000	106.950	114.700	438.650	32.380	11.880	26.730	41.580	80.190	32.380		
32.390	237.150	106.950	119.350	463.450	32.390	4.950	16.830	29.700	51.480	32.390		
32.400	257.300	108.500	124.000	489.800	32.400	0.000	7.500	15.000	22.500	32.400		
32.410	277.450	108.500	127.100	513.050	32.410	0.000	0.000	4.980	4.980	32.410		
32.420	299.150	111.600	131.750	542.500	32.420	0.000	0.000	0.000	0.000	32.420		
32.430	316.200	114.700	131.750	562.650	32.430	0.000	0.000	0.000	0.000	32.430		
32.440	336.350	114.700	131.750	582.800	32.440	0.000	0.000	0.000	0.000	32.440		
32.450	348.750	114.700	134.850	598.300	32.450	0.000	0.000	0.000	0.000	32.450		
32.460	361.150	114.700	131.750	607.600	32.460	0.000	0.000	0.000	0.000	32.460		
32.470	373.550	114.700	131.750	620.000	32.470	0.000	0.000	0.000	0.000	32.470		
32.480	381.300	114.700	131.750	627.750	32.480	0.000	0.000	0.000	0.000	32.480		
32.490	384.400	111.600	128.650	624.650	32.490	0.000	0.000	0.000	0.000	32.490		
32.500	387.500	111.600	128.650	627.750	32.500	0.000	0.000	0.000	0.000	32.500		
32.510	387.500	108.500	128.650	624.650	32.510	0.000	0.000	0.000	0.000	32.510		
32.520	387.500	106.950	127.100	621.550	32.520	0.000	0.000	0.000	0.000	32.520		
32.530	385.000	104.720	124.740	614.460	32.530	0.000	0.000	0.000	0.000	32.530		
32.540	385.000	104.720	124.740	614.460	32.540	0.000	0.000	0.000	0.000	32.540		
32.550	381.920	101.640	121.660	605.220	32.550	0.000	0.000	0.000	0.000	32.550		
32.560	378.840	101.640	121.660	602.140	32.560	0.000	0.000	0.000	0.000	32.560		
32.570	377.300	98.560	121.660	597.520	32.570	0.000	0.000	0.000	0.000	32.570		
32.580	374.220	97.020	121.660	592.900	32.580	0.000	0.000	0.000	0.000	32.580		
32.590	371.140	97.020	118.580	586.740	32.590	0.000	0.000	0.000	0.000	32.590		
32.600	366.520	97.020	121.660	585.200	32.600	0.000	0.000	0.000	0.000	32.600		
32.610	364.980	93.940	118.580	577.500	32.610	0.000	0.000	2.480	2.480	32.610		
32.620	361.900	93.940	121.660	577.500	32.620	0.000	0.000	2.480	2.480	32.620		
32.630	358.820	93.940	121.660	574.420	32.630	0.000	0.000	2.480	2.480	32.630		
32.640	354.200	93.940	121.660	569.800	32.640	2.480	0.000	2.480	4.960	32.640		
32.650	351.120	93.940	121.660	566.720	32.650	9.920	0.000	2.480	12.400	32.650		
32.660	351.120	92.400	121.660	565.180	32.660	22.320	0.000	0.000	22.320	32.660		
32.670	349.580	92.400	121.660	563.640	32.670	37.200	2.480	4.960	44.640	32.670		
32.680	345.000	92.460	121.440	558.900	32.680	52.390	4.960	4.960	62.310	32.680		
32.690	339.480	89.700	121.440	550.620	32.690	77.500	12.400	9.920	99.820	32.690		
32.700	329.820	89.700	124.200	543.720	32.700	97.000	22.000	15.000	134.000	32.700		
32.710	318.780	86.940	124.200	529.920	32.710	110.000	32.000	20.000	162.000	32.710		
32.720	304.980	84.180	124.200	513.360	32.720	122.000	50.000	40.000	212.000	32.720		
32.730	287.040	78.660	121.440	487.140	32.730	127.000	67.000	77.000	271.000	32.730		
32.740	264.960	74.520	121.440	460.920	32.740	130.000	80.000	105.000	315.000	32.740		
32.750	241.500	69.000	121.440	431.940	32.750	135.000	87.000	122.000	344.000	32.750		
32.760	213.900	62.100	118.680	394.680	32.760	137.000	90.000	130.000	357.000	32.760		
32.770	184.920	52.440	114.540	351.900	32.770	140.000	95.000	137.000	372.000	32.770		
32.780	151.800	44.160	106.260	302.220	32.780	145.000	100.000	145.000	390.000	32.780		
32.790	118.680	37.260	99.360	255.300	32.790	150.000	105.000	157.000	412.000	32.790		
32.800	86.940	26.220	89.700	202.860	32.800	155.000	112.000	172.000	439.000	32.800		
32.810	59.340	19.320	78.660	157.320	32.810	157.000	117.000	187.000	461.000	32.810		
32.820	41.400	13.800	69.000	124.200	32.820	160.000	125.000	210.000	495.000	32.820		
32.830	29.900	12.420	57.500	99.820	32.830	162.000	132.000	227.000	521.000	32.830		
32.840	24.840	7.360	47.380	79.580	32.840	162.000	140.000	250.000	552.000	32.840		
32.850	17.480	7.360	39.790	64.630	32.850	161.240	147.340	269.660	578.240	32.850		
32.860	12.420	2.300	32.430	47.150	32.860	159.850	154.290	286.340	600.480	32.860		
32.870	12.420	2.300	24.840	39.560	32.870	159.850	157.070	301.630	618.550	32.870		
32.880	9.890	0.000	19.780	29.670	32.880	154.290	161.240	314.140	629.670	32.880		
32.890	7.360	0.000	14.950	22.310	32.890	151.510	164.020	323.870	639.400	32.890		
32.900	7.360	0.000	9.890	17.250	32.900	148.730	164.020	334.990	647.740	32.900		
32.910	4.830	0.000	4.830	9.660	32.910	147.340	169.580	339.160	656.080	32.910		
32.920	2.300	0.000	4.830	7.130	32.920	141.780	172.360	347.500	661.640	32.920		
32.930	2.300	0.000	2.300	4.600	32.930	139.000	172.360	347.500	658.860	32.930		
32.940	0.000	0.000	0.000	0.000	32.940	136.220	169.580	347.500	653.300	32.940		
32.950	0.000	0.000	0.000	0.000	32.950	134.830	169.580	344.720	649.130	32.950		
32.960	0.000	0.000	2.300	2.300	32.960	132.050	169.580	344.720	646.350	32.960		
32.970	0.000	0.000	0.000	0.000	32.970	129.270	166.800	339.160	635.230	32.970		
32.980	0.000	0.000	0.000	0.000	32.980	126.490	166.800	334.990	628.280	32.980		
32.990	0.000	0.000	0.000	0.000	32.990	122.320	164.020	326.650	612.990	32.990		
33.000	0.000	0.000	0.000	0.000	33.000	116.480	161.280	320.000	597.760	33.000		
33.010	0.000	0.000	0.000	0.000	33.010	113.920	160.000	314.880	588.800	33.010		
33.020	0.000	0.000	0.000	0.000	33.020	108.800	157.440	309.760	576.000	33.020		
33.030	0.000	0.000	0.000	0.000	33.030	106.240	154.880	304.640	565.760	33.030		
33.040	0.000	2.500	0.000	2.500	33.040	102.400	152.320	302.080	556.800	33.040		
33.050	0.000	2.500	0.000	2.500	33.050	99.840	149.760	299.520	549.120	33.050		
33.060	0.000	2.500	0.000	2.500	33.060	94.720	149.760	299.520	544.000	33.060		
33.070	0.000	2.500	0.000	2.500	33.070	92.160	147.200	296.960	536.320	33.070		
33.080	0.000	2.500	0.000	2.500	33.080	89.600	147.200	294.400	531.200	33.080		
33.090	0.000	2.500	0.000	2.500	33.090	87.040	144.640	294.400	526.080	33.090		
33.100	0.000	2.500	0.000	2.500	33.100	84.480	142.080	294.400	520.960	33.100		
33.110	0.000	2.500	0.000	2.500	33.110	81.920	139.520	291.840	513.280	33.110		
33.120	0.000	2.500	0.000	2.500	33.120	79.360	139.520	291.840	510.720	33.120		
33.130	0.000	4.960	4.960	9.920	33.130	76.800	136.960	291.840	505.600	33.130		
33.140	0.000	7.440	9.920	17.360	33.140	76.800	131.840	286.720	495.360	33.140		
33.150	0.000	9.920	14.880	24.800	33.150	71.820	132.240	285.000	489.060	33.150		
33.160	2.480	14.880	22.320	39.680	33.160	71.820	126.540	274.740	473.100	33.160		
33.170	4.960	19.840	29.760	54.560	33.170	69.540	124.260	264.480	458.280	33.170		
33.180	9.920	27.280	39.680	76.880	33.180	67.260	121.980	256.500	445.740	33.180		
33.190	12.400	34.720	47.120	94.240	33.190	67.260	117.420	243.960	428.640	33.190		
33.200	22.320	42.160	54.560	119.040	33.200	67.260	114.000	229.140	410.400	33.200		
33.210	34.720	54.560	64.480	153.760	33.210	64.980	109.440	212.040	386.460	33.210		
33.220	54.560	66.960	74.400	195.920	33.220	64.980	104.880	191.520	361.380	33.220		
33.230	77.500	77.500	79.980	234.980	33.230	64.980	96.900	174.420	336.300	33.230		
33.240	99.820	84.940	87.420	272.180	33.240	61.560	92.340	151.620	305.520	33.240		
33.250	119.660	89.900	89.900	299.460	33.250	61.560	84.360	132.240	278.160	33.250		
33.260	139.500	92.380	99.820	331.700	33.260	59.280	79.800	111.720	250.800	33.260		
33.270	155.000	97.340	104.780	357.120	33.270	57.000	71.820	94.620	223.440	33.270		
33.280	167.400	99.900	112.050	379.350	33.280	54.720	64.980	74.100	193.800	33.280		
33.290	179.550	101.250	118.800	399.600	33.290	49.020	54.720	59.280	163.020	33.290		
33.300	194.400	103.950	121.500	419.850	33.300	42.370	47.500	47.500	137.370	33.300		
33.310	209.250	106.650	124.200	440.100	33.310	34.960	37.430	37.430	109.820	33.310		
33.320	224.100	112.050	129.600	465.750	33.320	29.830	32.490	29.830	92.150	33.320		
33.330	236.250	112.050	129.600	477.900	33.330	19.950	22.420	19.950	62.320	33.330		
33.340	253.800	114.750	135.000	503.550	33.340	12.350	12.350	14.820	39.520	33.340		
33.350	270.000	118.800	136.350	525.150	33.350	4.940	7.410	9.880	22.230	33.350		
33.360	284.850	121.500	136.350	542.700	33.360	0.000	2.470	4.940	7.410	33.360		
33.370	299.700	124.200	139.050	562.950	33.370	0.000	0.000	2.470	2.470	33.370		
33.380	311.850	129.600	139.050	580.500	33.380	0.000	0.000	0.000	0.000	33.380		
33.390	321.300	132.300	139.050	592.650	33.390	0.000	0.000	0.000	0.000	33.390		
33.400	329.400	135.000	139.050	603.450	33.400	0.000	0.000	0.000	0.000	33.400		
33.410	332.100	136.350	141.750	610.200	33.410	0.000	0.000	0.000	0.000	33.410		
33.420	337.500	136.350	141.750	615.600	33.420	0.000	0.000	0.000	0.000	33.420		
33.430	340.000	138.720	141.440	620.160	33.430	0.000	0.000	0.000	0.000	33.430		
33.440	337.280	141.440	141.440	620.160	33.440	0.000	0.000	0.000	0.000	33.440		
33.450	334.560	146.880	144.160	625.600	33.450	0.000	0.000	0.000	0.000	33.450		
33.460	331.840	146.880	146.880	625.600	33.460	0.000	0.000	0.000	0.000	33.460		
33.470	329.120	146.880	149.600	625.600	33.470	0.000	0.000	0.000	0.000	33.470		
33.480	326.400	149.600	152.320	628.320	33.480	0.000	0.000	0.000	0.000	33.480		
33.490	322.320	152.320	153.680	628.320	33.490	0.000	0.000	0.000	0.000	33.490		
33.500	316.880	153.680	156.400	626.960	33.500	0.000	0.000	0.000	0.000	33.500		
33.510	311.440	156.400	161.840	629.680	33.510	0.000	0.000	0.000	0.000	33.510		
33.520	307.360	156.400	164.560	628.320	33.520	0.000	0.000	0.000	0.000	33.520		
33.530	301.920	156.400	167.280	625.600	33.530	0.000	0.000	0.000	0.000	33.530		
33.540	296.480	156.400	170.000	622.880	33.540	0.000	0.000	0.000	0.000	33.540		
33.550	293.760	156.400	170.000	620.160	33.550	0.000	0.000	0.000	0.000	33.550		
33.560	292.400	156.400	171.360	620.160	33.560	0.000	0.000	0.000	0.000	33.560		
33.570	289.680	156.400	174.080	620.160	33.570	0.000	0.000	0.000	0.000	33.570		
33.580	290.000	156.600	171.680	618.280	33.580	0.000	0.000	0.000	0.000	33.580		
33.590	290.000	154.280	171.680	615.960	33.590	5.000	0.000	0.000	5.000	33.590		
33.600	290.000	154.280	171.680	615.960	33.600	4.960	0.000	0.000	4.960	33.600		
33.610	286.520	151.960	167.040	605.520	33.610	7.440	0.000	0.000	7.440	33.610		
33.620	290.000	151.960	167.040	609.000	33.620	9.920	2.480	0.000	12.400	33.620		
33.630	286.520	149.640	167.040	603.200	33.630	12.400	4.960	0.000	17.360	33.630		
33.640	284.200	147.320	162.400	593.920	33.640	19.840	7.440	2.480	29.760	33.640		
33.650	281.880	149.640	162.400	593.920	33.650	27.280	12.400	12.400	52.080	33.650		
33.660	279.560	147.320	158.920	585.800	33.660	32.240	14.880	29.760	76.880	33.660		
33.670	274.920	147.320	156.600	578.840	33.670	34.720	17.360	47.430	99.510	33.670		
33.680	269.120	145.000	156.600	570.720	33.680	37.200	22.320	59.830	119.350	33.680		
33.690	259.840	139.200	154.280	553.320	33.690	39.990	24.800	67.270	132.060	33.690		
33.700	251.720	136.880	151.960	540.560	33.700	44.950	24.800	72.230	141.980	33.700		
33.710	238.960	134.560	149.640	523.160	33.710	44.950	27.280	72.230	144.460	33.710		
33.720	229.680	129.920	149.640	509.240	33.720	47.430	29.760	74.710	151.900	33.720		
33.730	217.500	127.020	147.030	491.550	33.730	49.910	29.760	74.710	154.380	33.730		
33.740	207.060	124.410	147.030	478.500	33.740	54.870	34.720	77.500	167.090	33.740		
33.750	197.490	121.800	147.030	466.320	33.750	59.840	34.680	82.280	176.800	33.750		
33.760	187.050	121.800	147.030	455.880	33.760	64.600	39.440	85.000	189.040	33.760		
33.770	177.480	119.190	147.030	443.700	33.770	69.360	42.160	89.760	201.280	33.770		
33.780	167.040	117.450	149.640	434.130	33.780	74.800	44.880	94.520	214.200	33.780		
33.790	157.470	114.840	147.030	419.340	33.790	79.560	49.640	102.000	231.200	33.790		
33.800	147.030	112.230	149.640	408.900	33.800	85.000	52.360	107.440	244.800	33.800		
33.810	134.850	109.620	147.030	391.500	33.810	92.480	59.840	116.960	269.280	33.810		
33.820	124.410	109.620	152.250	386.280	33.820	97.240	61.880	124.440	283.560	33.820		
33.830	112.230	109.620	154.860	376.710	33.830	102.000	67.320	129.880	299.200	33.830		
33.840	101.790	107.010	154.860	363.660	33.840	107.440	72.080	137.360	316.880	33.840		
33.850	89.610	104.400	159.210	353.220	33.850	112.200	74.800	142.120	329.120	33.850		
33.860	74.820	101.790	161.820	338.430	33.860	116.960	79.560	149.600	346.120	33.860		
33.870	61.770	97.440	164.430	323.640	33.870	122.400	82.280	157.080	361.760	33.870		
33.880	46.920	92.460	169.740	309.120	33.880	129.880	87.040	164.560	381.480	33.880		
33.890	37.260	86.940	172.500	296.700	33.890	134.640	92.480	170.000	397.120	33.890		
33.900	26.910	79.350	172.500	278.760	33.900	139.840	96.600	174.800	411.240	33.900		
33.910	19.320	72.450	172.500	264.270	33.910	147.200	102.120	179.400	428.720	33.910		
33.920	12.420	64.860	169.740	247.020	33.920	151.800	106.720	182.160	440.680	33.920		
33.930	6.900	57.270	166.980	231.150	33.930	157.320	112.240	184.920	454.480	33.930		
33.940	4.830	52.440	159.390	216.660	33.940	161.920	115.000	189.520	466.440	33.940		
33.950	2.070	44.850	152.490	199.410	33.950	169.280	119.600	192.280	481.160	33.950		
33.960	0.000	39.330	139.380	178.710	33.960	174.800	124.200	194.120	493.120	33.960		
33.970	0.000	34.500	126.960	161.460	33.970	179.400	129.720	199.640	508.760	33.970		
33.980	0.000	26.910	112.470	139.380	33.980	186.760	137.080	204.240	528.080	33.980		
33.990	0.000	19.320	94.530	113.850	33.990	194.120	141.680	207.000	542.800	33.990		
34.000	0.000	12.420	74.520	86.940	34.000	199.640	147.200	211.600	558.440	34.000		
34.010	0.000	6.900	59.340	66.240	34.010	207.000	154.560	217.120	578.680	34.010		
34.020	0.000	2.070	42.090	44.160	34.020	211.600	159.160	221.720	592.480	34.020		
34.030	0.000	0.000	27.500	27.500	34.030	219.880	164.680	227.240	611.800	34.030		
34.040	0.000	0.000	14.960	14.960	34.040	230.000	172.040	230.000	632.040	34.040		
34.050	0.000	0.000	4.950	4.950	34.050	239.200	179.400	230.000	648.600	34.050		
34.060	0.000	0.000	0.000	0.000	34.060	249.550	187.450	226.550	663.550	34.060		
34.070	0.000	0.000	2.420	2.420	34.070	256.450	192.050	224.250	672.750	34.070		
34.080	0.000	0.000	0.000	0.000	34.080	266.800	194.350	219.650	680.800	34.080		
34.090	0.000	0.000	0.000	0.000	34.090	271.400	196.650	213.900	681.950	34.090		
34.100	0.000	0.000	0.000	0.000	34.100	277.150	198.950	209.300	685.400	34.100		
34.110	0.000	0.000	0.000	0.000	34.110	281.750	202.400	202.400	686.550	34.110		
34.120	0.000	0.000	0.000	0.000	34.120	287.500	204.700	196.650	688.850	34.120		
34.130	0.000	0.000	0.000	0.000	34.130	287.500	202.400	192.050	681.950	34.130		
34.140	0.000	0.000	0.000	0.000	34.140	287.500	202.400	184.000	673.900	34.140		
34.150	0.000	0.000	0.000	0.000	34.150	287.500	202.400	179.400	669.300	34.150		
34.160	0.000	0.000	0.000	0.000	34.160	287.500	202.400	174.800	664.700	34.160		
34.170	0.000	0.000	0.000	0.000	34.170	287.500	198.950	169.050	655.500	34.170		
34.180	0.000	0.000	0.000	0.000	34.180	287.500	198.950	166.750	653.200	34.180		
34.190	0.000	0.000	0.000	0.000	34.190	287.500	196.650	162.150	646.300	34.190		
34.200	0.000	0.000	0.000	0.000	34.200	287.280	194.560	156.560	638.400	34.200		
34.210	0.000	0.000	0.000	0.000	34.210	287.280	194.560	152.000	633.840	34.210		
34.220	0.000	0.000	0.000	0.000	34.220	287.280	194.560	148.960	630.800	34.220		
34.230	0.000	0.000	0.000	0.000	34.230	291.840	194.560	147.440	633.840	34.230		
34.240	0.000	0.000	0.000	0.000	34.240	294.880	194.560	144.400	633.840	34.240		
34.250	0.000	0.000	0.000	0.000	34.250	299.440	194.560	139.840	633.840	34.250		
34.260	0.000	0.000	0.000	0.000	34.260	304.000	194.560	133.760	632.320	34.260		
34.270	0.000	0.000	0.000	0.000	34.270	311.600	196.080	129.200	636.880	34.270		
34.280	0.000	0.000	0.000	0.000	34.280	316.160	196.080	126.160	638.400	34.280		
34.290	0.000	0.000	0.000	0.000	34.290	323.760	196.080	121.600	641.440	34.290		
34.300	0.000	0.000	0.000	0.000	34.300	331.360	196.080	114.000	641.440	34.300		
34.310	0.000	0.000	0.000	0.000	34.310	342.000	196.080	109.440	647.520	34.310		
34.320	0.000	0.000	0.000	0.000	34.320	351.120	196.080	101.840	649.040	34.320		
34.330	0.000	0.000	0.000	0.000	34.330	364.800	199.120	97.280	661.200	34.330		
34.340	0.000	0.000	0.000	0.000	34.340	380.000	199.120	89.680	668.800	34.340		
34.350	0.000	0.000	0.000	0.000	34.350	392.920	196.460	81.510	670.890	34.350		
34.360	0.000	0.000	0.000	0.000	34.360	405.460	194.370	73.150	672.980	34.360		
34.370	0.000	0.000	0.000	0.000	34.370	418.000	192.280	66.880	677.160	34.370		
34.380	0.000	0.000	0.000	0.000	34.380	430.540	186.010	60.610	677.160	34.380		
34.390	0.000	0.000	0.000	0.000	34.390	440.990	181.830	54.340	677.160	34.390		
34.400	0.000	0.000	0.000	0.000	34.400	453.530	173.470	48.070	675.070	34.400		
34.410	0.000	0.000	0.000	0.000	34.410	466.070	167.200	41.800	675.070	34.410		
34.420	0.000	0.000	0.000	0.000	34.420	478.610	158.840	35.530	672.980	34.420		
34.430	2.400	0.000	0.000	2.400	34.430	489.060	150.480	33.440	672.980	34.430		
34.440	9.920	0.000	0.000	9.920	34.440	499.510	142.120	29.260	670.890	34.440		
34.450	14.880	0.000	0.000	14.880	34.450	509.960	133.760	22.990	666.710	34.450		
34.460	24.960	0.000	0.000	24.960	34.460	514.140	123.310	18.810	656.260	34.460		
34.470	40.000	0.000	0.000	40.000	34.470	518.320	117.040	14.630	649.990	34.470		
34.480	67.320	0.000	0.000	67.320	34.480	522.500	106.590	10.450	639.540	34.480		
34.490	92.400	0.000	0.000	92.400	34.490	518.320	96.140	8.360	622.820	34.490		
34.500	112.200	3.960	0.000	116.160	34.500	515.000	86.520	4.120	605.640	34.500		
34.510	132.000	6.600	1.320	139.920	34.510	504.700	78.280	2.060	585.040	34.510		
34.520	151.800	14.520	11.880	178.200	34.520	486.160	72.100	0.000	558.260	34.520		
34.530	171.600	19.800	19.800	211.200	34.530	463.500	65.920	0.000	529.420	34.530		
34.540	188.760	23.760	29.040	241.560	34.540	434.660	59.740	0.000	494.400	34.540		
34.550	209.880	29.040	36.960	275.880	34.550	395.520	55.620	0.000	451.140	34.550		
34.560	227.040	34.320	42.240	303.600	34.560	352.260	49.440	0.000	401.700	34.560		
34.570	246.840	42.240	48.840	337.920	34.570	298.700	43.260	0.000	341.960	34.570		
34.580	264.000	46.200	54.120	364.320	34.580	238.960	37.080	0.000	276.040	34.580		
34.590	282.480	54.120	62.040	398.640	34.590	181.280	26.780	0.000	208.060	34.590		
34.600	299.640	59.400	67.320	426.360	34.600	131.840	16.480	0.000	148.320	34.600		
34.610	314.160	67.320	71.280	452.760	34.610	90.640	6.180	0.000	96.820	34.610		
34.620	330.000	71.280	76.560	477.840	34.620	61.800	0.000	0.000	61.800	34.620		
34.630	343.830	81.640	84.780	510.250	34.630	39.140	0.000	0.000	39.140	34.630		
34.640	356.390	86.350	89.490	532.230	34.640	24.720	0.000	0.000	24.720	34.640		
34.650	367.380	91.060	94.200	552.640	34.650	12.500	0.000	0.000	12.500	34.650		
34.660	373.660	98.910	98.910	571.480	34.660	10.000	0.000	0.000	10.000	34.660		
34.670	381.510	103.620	103.620	588.750	34.670	5.000	0.000	0.000	5.000	34.670		
34.680	386.220	109.900	109.900	606.020	34.680	5.000	0.000	0.000	5.000	34.680		
34.690	392.500	111.470	111.470	615.440	34.690	5.000	0.000	0.000	5.000	34.690		
34.700	392.500	114.610	114.610	621.720	34.700	2.500	0.000	0.000	2.500	34.700		
34.710	392.500	116.180	114.610	623.290	34.710	2.500	0.000	0.000	2.500	34.710		
34.720	389.360	119.320	119.320	628.000	34.720	0.000	0.000	0.000	0.000	34.720		
34.730	381.510	122.460	122.460	626.430	34.730	0.000	0.000	0.000	0.000	34.730		
34.740	376.800	122.460	122.460	621.720	34.740	0.000	0.000	0.000	0.000	34.740		
34.750	368.950	124.030	124.030	617.010	34.750	0.000	0.000	0.000	0.000	34.750		
34.760	361.100	124.030	127.170	612.300	34.760	0.000	0.000	0.000	0.000	34.760		
34.770	348.540	127.170	128.740	604.450	34.770	0.000	0.000	0.000	0.000	34.770		
34.780	337.500	126.900	132.300	596.700	34.780	0.000	0.000	0.000	0.000	34.780		
34.790	324.000	129.600	136.350	589.950	34.790	0.000	0.000	0.000	0.000	34.790		
34.800	311.850	132.300	141.750	585.900	34.800	0.000	0.000	0.000	0.000	34.800		
34.810	302.400	135.000	149.850	587.250	34.810	0.000	0.000	0.000	0.000	34.810		
34.820	288.900	136.350	153.900	579.150	34.820	0.000	0.000	0.000	0.000	34.820		
34.830	276.750	139.050	164.700	580.500	34.830	0.000	0.000	0.000	0.000	34.830		
34.840	264.600	144.450	174.150	583.200	34.840	0.000	0.000	0.000	0.000	34.840		
34.850	252.450	149.850	184.950	587.250	34.850	0.000	0.000	0.000	0.000	34.850		
34.860	238.950	153.900	194.400	587.250	34.860	0.000	0.000	0.000	0.000	34.860		
34.870	226.800	159.300	206.550	592.650	34.870	0.000	0.000	0.000	0.000	34.870		
34.880	214.650	164.700	218.700	598.050	34.880	0.000	0.000	0.000	0.000	34.880		
34.890	199.800	168.750	236.250	604.800	34.890	0.000	0.000	0.000	0.000	34.890		
34.900	186.300	176.850	256.500	619.650	34.900	0.000	0.000	0.000	0.000	34.900		
34.910	171.450	182.250	276.750	630.450	34.910	0.000	0.000	0.000	0.000	34.910		
34.920	159.300	186.300	294.300	639.900	34.920	0.000	0.000	0.000	0.000	34.920		
34.930	142.500	192.500	320.000	655.000	34.930	0.000	0.000	2.500	2.500	34.930		
34.940	127.500	195.000	342.500	665.000	34.940	0.000	0.000	0.000	0.000	34.940		
34.950	112.500	197.500	365.000	675.000	34.950	0.000	0.000	0.000	0.000	34.950		
34.960	97.500	200.000	390.000	687.500	34.960	0.000	0.000	0.000	0.000	34.960		
34.970	80.000	197.500	415.000	692.500	34.970	0.000	0.000	0.000	0.000	34.970		
34.980	67.500	195.000	442.500	705.000	34.980	0.000	0.000	0.000	0.000	34.980		
34.990	55.000	187.500	465.000	707.500	34.990	0.000	0.000	0.000	0.000	34.990		
35.000	47.500	177.500	492.500	717.500	35.000	0.000	0.000	0.000	0.000	35.000		
35.010	40.000	167.500	520.000	727.500	35.010	0.000	0.000	0.000	0.000	35.010		
35.020	35.000	155.000	542.500	732.500	35.020	0.000	0.000	7.290	7.290	35.020		
35.030	30.000	145.000	565.000	740.000	35.030	0.000	0.000	19.440	19.440	35.030		
35.040	22.500	132.500	585.000	740.000	35.040	0.000	0.000	37.260	37.260	35.040		
35.050	17.500	117.500	600.000	735.000	35.050	0.000	0.000	59.940	59.940	35.050		
35.060	10.000	102.500	615.000	727.500	35.060	0.000	0.000	89.910	89.910	35.060		
35.070	5.000	90.000	625.000	720.000	35.070	0.000	0.000	132.030	132.030	35.070		
35.080	0.000	77.500	625.000	702.500	35.080	0.000	0.000	171.720	171.720	35.080		
35.090	0.000	67.500	620.000	687.500	35.090	0.000	2.430	202.500	204.930	35.090		
35.100	0.000	57.500	602.500	660.000	35.100	3.800	3.800	247.000	254.600	35.100		
35.110	0.000	52.500	580.000	632.500	35.110	9.500	5.700	281.200	296.400	35.110		
35.120	0.000	45.000	547.500	592.500	35.120	11.400	11.400	309.700	332.500	35.120		
35.130	0.000	37.500	507.500	545.000	35.130	17.100	19.000	332.500	368.600	35.130		
35.140	0.000	35.000	455.000	490.000	35.140	20.900	26.600	353.400	400.900	35.140		
35.150	0.000	32.500	390.000	422.500	35.150	26.600	36.100	374.300	437.000	35.150		
35.160	0.000	25.000	315.000	340.000	35.160	39.900	49.400	389.500	478.800	35.160		
35.170	0.000	15.000	237.500	252.500	35.170	47.500	57.000	400.900	505.400	35.170		
35.180	0.000	5.000	157.500	162.500	35.180	53.200	60.800	414.200	528.200	35.180		
35.190	0.000	0.000	97.500	97.500	35.190	60.800	68.400	431.300	560.500	35.190		
35.200	0.000	0.000	57.500	57.500	35.200	66.500	74.100	444.600	585.200	35.200		
35.210	0.000	0.000	35.000	35.000	35.210	72.200	79.800	456.000	608.000	35.210		
35.220	0.000	0.000	22.500	22.500	35.220	74.100	83.600	463.600	621.300	35.220		
35.230	0.000	0.000	10.000	10.000	35.230	76.000	89.300	471.200	636.500	35.230		
35.240	0.000	0.000	10.000	10.000	35.240	81.700	91.200	475.000	647.900	35.240		
35.250	0.000	0.000	5.000	5.000	35.250	83.160	96.390	472.500	652.050	35.250		
35.260	0.000	0.000	5.000	5.000	35.260	88.830	102.060	466.830	657.720	35.260		
35.270	0.000	0.000	5.000	5.000	35.270	90.720	103.950	457.380	652.050	35.270		
35.280	0.000	0.000	2.480	2.480	35.280	96.390	105.840	444.150	646.380	35.280		
35.290	0.000	0.000	2.480	2.480	35.290	98.280	109.620	430.920	638.820	35.290		
35.300	0.000	0.000	2.480	2.480	35.300	103.950	113.400	415.800	633.150	35.300		
35.310	0.000	0.000	0.000	0.000	35.310	111.510	117.180	400.680	629.370	35.310		
35.320	0.000	0.000	0.000	0.000	35.320	117.180	119.070	387.450	623.700	35.320		
35.330	0.000	0.000	0.000	0.000	35.330	120.960	124.740	368.550	614.250	35.330		
35.340	0.000	0.000	0.000	0.000	35.340	126.630	126.630	353.430	606.690	35.340		
35.350	0.000	0.000	0.000	0.000	35.350	134.190	128.520	336.420	599.130	35.350		
35.360	0.000	0.000	0.000	0.000	35.360	139.860	134.190	321.300	595.350	35.360		
35.370	0.000	0.000	0.000	0.000	35.370	147.420	134.190	306.180	587.790	35.370		
35.380	0.000	0.000	0.000	0.000	35.380	156.870	139.860	291.060	587.790	35.380		
35.390	0.000	0.000	0.000	0.000	35.390	164.430	141.750	275.940	582.120	35.390		
35.400	0.000	0.000	0.000	0.000	35.400	176.040	146.700	259.170	581.910	35.400		
35.410	0.000	0.000	0.000	0.000	35.410	187.450	149.960	246.130	583.540	35.410		
35.420	0.000	0.000	0.000	0.000	35.420	198.860	154.850	234.720	588.430	35.420		
35.430	0.000	0.000	0.000	0.000	35.430	208.640	156.480	221.680	586.800	35.430		
35.440	0.000	0.000	0.000	0.000	35.440	224.940	161.370	208.640	594.950	35.440		
35.450	0.000	0.000	0.000	0.000	35.450	236.350	164.630	197.230	598.210	35.450		
35.460	0.000	0.000	0.000	0.000	35.460	251.020	169.520	187.450	607.990	35.460		
35.470	0.000	0.000	0.000	0.000	35.470	267.320	171.150	174.410	612.880	35.470		
35.480	0.000	0.000	0.000	0.000	35.480	283.620	174.410	161.370	619.400	35.480		
35.490	0.000	0.000	0.000	0.000	35.490	304.810	176.040	149.960	630.810	35.490		
35.500	0.000	0.000	0.000	0.000	35.500	321.110	179.300	138.550	638.960	35.500		
35.510	0.000	0.000	0.000	0.000	35.510	339.040	180.930	127.140	647.110	35.510		
35.520	0.000	0.000	0.000	0.000	35.520	361.860	180.930	117.360	660.150	35.520		
35.530	0.000	0.000	0.000	0.000	35.530	384.680	180.930	104.320	669.930	35.530		
35.540	0.000	0.000	0.000	0.000	35.540	407.500	180.930	94.540	682.970	35.540		
35.550	0.000	0.000	0.000	0.000	35.550	434.000	176.080	81.840	691.920	35.550		
35.560	0.000	0.000	0.000	0.000	35.560	456.320	171.120	71.920	699.360	35.560		
35.570	0.000	0.000	2.310	2.310	35.570	481.120	166.160	64.480	711.760	35.570		
35.580	0.000	0.000	0.000	0.000	35.580	503.440	158.720	62.000	724.160	35.580		
35.590	0.000	0.000	0.000	0.000	35.590	525.760	148.800	54.560	729.120	35.590		
35.600	0.000	0.000	0.000	0.000	35.600	548.080	138.880	49.600	736.560	35.600		
35.610	0.000	0.000	0.000	0.000	35.610	567.920	128.960	44.640	741.520	35.610		
35.620	0.000	0.000	2.310	2.310	35.620	582.800	116.560	42.160	741.520	35.620		
35.630	0.000	0.000	0.000	0.000	35.630	597.680	106.640	37.200	741.520	35.630		
35.640	0.000	0.000	0.000	0.000	35.640	607.600	96.720	34.720	739.040	35.640		
35.650	2.310	0.000	0.000	2.310	35.650	615.040	86.800	29.760	731.600	35.650		
35.660	24.990	0.000	0.000	24.990	35.660	620.000	76.880	22.320	719.200	35.660		
35.670	52.500	0.000	0.000	52.500	35.670	615.040	64.480	17.360	696.880	35.670		
35.680	84.150	0.000	0.000	84.150	35.680	607.600	59.520	12.400	679.520	35.680		
35.690	117.150	0.000	0.000	117.150	35.690	595.200	49.600	7.440	652.240	35.690		
35.700	148.500	0.000	0.000	148.500	35.700	575.000	43.700	2.300	621.000	35.700		
35.710	189.750	0.000	0.000	189.750	35.710	547.400	36.800	0.000	584.200	35.710		
35.720	226.050	0.000	0.000	226.050	35.720	510.600	34.500	0.000	545.100	35.720		
35.730	262.350	4.950	0.000	267.300	35.730	469.200	29.900	0.000	499.100	35.730		
35.740	288.750	6.600	4.950	300.300	35.740	414.000	23.000	0.000	437.000	35.740		
35.750	308.550	11.550	9.900	330.000	35.750	349.600	18.400	0.000	368.000	35.750		
35.760	323.400	21.450	14.850	359.700	35.760	280.600	11.500	0.000	292.100	35.760		
35.770	336.600	34.650	24.750	396.000	35.770	213.900	6.900	0.000	220.800	35.770		
35.780	346.500	41.250	34.650	422.400	35.780	151.800	2.300	0.000	154.100	35.780		
35.790	356.400	51.150	44.550	452.100	35.790	101.200	0.000	0.000	101.200	35.790		
35.800	374.550	61.050	56.100	491.700	35.800	64.400	0.000	0.000	64.400	35.800		
35.810	391.050	69.300	66.000	526.350	35.810	39.100	0.000	0.000	39.100	35.810		
35.820	412.500	74.250	70.950	557.700	35.820	20.700	0.000	0.000	20.700	35.820		
35.830	429.400	81.700	76.000	587.100	35.830	13.800	0.000	0.000	13.800	35.830		
35.840	446.500	87.400	79.800	613.700	35.840	9.200	0.000	0.000	9.200	35.840		
35.850	459.800	91.200	83.600	634.600	35.850	7.500	0.000	0.000	7.500	35.850		
35.860	469.300	96.900	89.300	655.500	35.860	7.500	0.000	0.000	7.500	35.860		
35.870	475.000	100.700	91.200	666.900	35.870	4.980	0.000	0.000	4.980	35.870		
35.880	475.000	104.500	96.900	676.400	35.880	4.980	0.000	0.000	4.980	35.880		
35.890	467.400	108.300	100.700	676.400	35.890	2.490	0.000	0.000	2.490	35.890		
35.900	454.100	112.100	104.500	670.700	35.900	2.490	0.000	0.000	2.490	35.900		
35.910	440.800	114.000	112.100	666.900	35.910	2.490	0.000	0.000	2.490	35.910		
35.920	423.700	115.900	114.000	653.600	35.920	0.000	0.000	0.000	0.000	35.920		
35.930	406.600	119.700	115.900	642.200	35.930	0.000	0.000	0.000	0.000	35.930		
35.940	389.500	121.600	121.600	632.700	35.940	0.000	0.000	0.000	0.000	35.940		
35.950	368.600	123.500	129.200	621.300	35.950	0.000	0.000	0.000	0.000	35.950		
35.960	351.500	127.300	134.900	613.700	35.960	0.000	0.000	0.000	0.000	35.960		
35.970	334.400	129.200	138.700	602.300	35.970	0.000	0.000	0.000	0.000	35.970		
35.980	319.950	135.000	144.450	599.400	35.980	0.000	0.000	0.000	0.000	35.980		
35.990	303.750	135.000	151.200	589.950	35.990	0.000	0.000	0.000	0.000	35.990		
36.000	291.600	139.050	159.300	589.950	36.000	0.000	0.000	0.000	0.000	36.000		
36.010	276.750	144.450	167.400	588.600	36.010	0.000	0.000	0.000	0.000	36.010		
36.020	264.600	147.150	174.150	585.900	36.020	0.000	0.000	0.000	0.000	36.020		
36.030	252.450	151.200	186.300	589.950	36.030	0.000	0.000	0.000	0.000	36.030		
36.040	238.950	156.600	194.400	589.950	36.040	0.000	0.000	0.000	0.000	36.040		
36.050	226.800	162.000	209.250	598.050	36.050	0.000	0.000	0.000	0.000	36.050		
36.060	214.650	167.400	226.800	608.850	36.060	0.000	0.000	0.000	0.000	36.060		
36.070	202.500	171.450	241.650	615.600	36.070	0.000	0.000	0.000	0.000	36.070		
36.080	189.000	176.850	256.500	622.350	36.080	0.000	0.000	0.000	0.000	36.080		
36.090	176.850	179.550	274.050	630.450	36.090	0.000	0.000	0.000	0.000	36.090		
36.100	164.700	184.950	294.300	643.950	36.100	0.000	0.000	0.000	0.000	36.100		
36.110	151.200	189.000	314.550	654.750	36.110	0.000	0.000	0.000	0.000	36.110		
36.120	139.050	194.400	337.500	670.950	36.120	0.000	0.000	0.000	0.000	36.120		
36.130	120.500	195.210	361.500	677.210	36.130	0.000	0.000	0.000	0.000	36.130		
36.140	106.040	195.210	385.600	686.850	36.140	0.000	0.000	2.500	2.500	36.140		
36.150	89.170	192.800	412.110	694.080	36.150	0.000	0.000	4.640	4.640	36.150		
36.160	77.120	187.980	431.390	696.490	36.160	0.000	0.000	0.000	0.000	36.160		
36.170	62.660	180.750	453.080	696.490	36.170	0.000	0.000	0.000	0.000	36.170		
36.180	53.020	171.110	477.180	701.310	36.180	0.000	0.000	0.000	0.000	36.180		
36.190	45.790	161.470	498.870	706.130	36.190	0.000	0.000	0.000	0.000	36.190		
36.200	40.970	151.830	520.560	713.360	36.200	0.000	0.000	2.320	2.320	36.200		
36.210	36.150	142.190	542.250	720.590	36.210	0.000	0.000	9.280	9.280	36.210		
36.220	33.740	127.730	559.120	720.590	36.220	0.000	0.000	19.720	19.720	36.220		
36.230	28.920	115.680	575.990	720.590	36.230	0.000	0.000	39.440	39.440	36.230		
36.240	21.690	103.630	588.040	713.360	36.240	0.000	0.000	64.960	64.960	36.240		
36.250	14.460	93.990	595.270	703.720	36.250	0.000	0.000	99.760	99.760	36.250		
36.260	9.640	81.940	602.500	694.080	36.260	0.000	0.000	145.000	145.000	36.260		
36.270	4.820	72.300	597.680	674.800	36.270	2.320	0.000	197.200	199.520	36.270		
36.280	2.350	61.100	587.500	650.950	36.280	2.320	2.320	247.080	251.720	36.280		
36.290	0.000	54.050	573.400	627.450	36.290	6.960	4.640	290.000	301.600	36.290		
36.300	0.000	44.650	549.900	594.550	36.300	10.920	10.920	331.240	353.080	36.300		
36.310	0.000	39.950	517.000	556.950	36.310	16.380	16.380	362.180	394.940	36.310		
36.320	0.000	32.900	477.050	509.950	36.320	18.200	23.660	384.020	425.880	36.320		
36.330	0.000	30.550	423.000	453.550	36.330	23.660	36.400	404.040	464.100	36.330		
36.340	0.000	25.850	361.900	387.750	36.340	34.580	49.140	418.600	502.320	36.340		
36.350	0.000	18.800	286.700	305.500	36.350	38.220	56.420	424.060	518.700	36.350		
36.360	0.000	11.750	211.500	223.250	36.360	47.320	67.340	431.340	546.000	36.360		
36.370	0.000	4.700	138.650	143.350	36.370	54.600	76.440	444.080	575.120	36.370		
36.380	0.000	2.350	86.950	89.300	36.380	56.420	81.900	449.540	587.860	36.380		
36.390	0.000	0.000	49.350	49.350	36.390	63.700	91.000	455.000	609.700	36.390		
36.400	0.000	0.000	28.200	28.200	36.400	69.160	101.920	455.000	626.080	36.400		
36.410	0.000	0.000	16.450	16.450	36.410	76.440	111.020	451.360	638.820	36.410		
36.420	0.000	0.000	14.100	14.100	36.420	81.900	121.940	449.540	653.380	36.420		
36.430	0.000	0.000	12.500	12.500	36.430	89.180	131.040	444.080	664.300	36.430		
36.440	0.000	0.000	12.500	12.500	36.440	94.640	138.320	434.980	667.940	36.440		
36.450	0.000	0.000	10.000	10.000	36.450	99.120	146.160	420.000	665.280	36.450		
36.460	0.000	0.000	7.500	7.500	36.460	104.160	151.200	404.880	660.240	36.460		
36.470	0.000	0.000	7.500	7.500	36.470	109.200	156.240	386.400	651.840	36.470		
36.480	0.000	0.000	5.000	5.000	36.480	110.880	161.280	369.600	641.760	36.480		
36.490	0.000	0.000	5.000	5.000	36.490	115.920	164.640	349.440	630.000	36.490		
36.500	0.000	0.000	5.000	5.000	36.500	119.280	166.320	329.280	614.880	36.500		
36.510	0.000	0.000	5.000	5.000	36.510	124.320	169.680	314.160	608.160	36.510		
36.520	0.000	0.000	2.500	2.500	36.520	126.000	171.360	294.000	591.360	36.520		
36.530	0.000	0.000	2.500	2.500	36.530	131.040	174.720	278.880	584.640	36.530		
36.540	0.000	0.000	0.000	0.000	36.540	134.400	174.720	263.760	572.880	36.540		
36.550	0.000	0.000	2.500	2.500	36.550	139.440	176.400	252.000	567.840	36.550		
36.560	0.000	0.000	0.000	0.000	36.560	144.480	179.760	241.920	566.160	36.560		
36.570	0.000	0.000	0.000	0.000	36.570	149.520	181.440	226.800	557.760	36.570		
36.580	0.000	0.000	0.000	0.000	36.580	156.240	181.440	216.720	554.400	36.580		
36.590	0.000	0.000	0.000	0.000	36.590	159.600	181.440	206.640	547.680	36.590		
36.600	0.000	0.000	0.000	0.000	36.600	168.720	182.400	199.120	550.240	36.600		
36.610	0.000	0.000	0.000	0.000	36.610	179.360	182.400	191.520	553.280	36.610		
36.620	0.000	0.000	0.000	0.000	36.620	190.000	182.400	183.920	556.320	36.620		
36.630	0.000	0.000	0.000	0.000	36.630	202.160	183.920	179.360	565.440	36.630		
36.640	0.000	0.000	0.000	0.000	36.640	214.320	186.960	174.800	576.080	36.640		
36.650	0.000	0.000	0.000	0.000	36.650	226.480	191.520	164.160	582.160	36.650		
36.660	0.000	0.000	0.000	0.000	36.660	238.640	194.560	156.560	589.760	36.660		
36.670	0.000	0.000	0.000	0.000	36.670	252.320	196.080	147.440	595.840	36.670		
36.680	0.000	0.000	0.000	0.000	36.680	266.000	202.160	136.800	604.960	36.680		
36.690	0.000	0.000	0.000	0.000	36.690	281.200	203.680	129.200	614.080	36.690		
36.700	0.000	0.000	0.000	0.000	36.700	296.400	206.720	118.560	621.680	36.700		
36.710	0.000	0.000	0.000	0.000	36.710	316.160	203.680	109.440	629.280	36.710		
36.720	0.000	0.000	0.000	0.000	36.720	334.400	203.680	98.800	636.880	36.720		
36.730	0.000	0.000	2.380	2.380	36.730	357.200	203.680	89.680	650.560	36.730		
36.740	0.000	0.000	0.000	0.000	36.740	380.000	199.120	79.040	658.160	36.740		
36.750	0.000	0.000	0.000	0.000	36.750	400.500	195.750	69.750	666.000	36.750		
36.760	0.000	0.000	2.380	2.380	36.760	420.750	191.250	60.750	672.750	36.760		
36.770	0.000	0.000	2.380	2.380	36.770	443.250	184.500	56.250	684.000	36.770		
36.780	0.000	0.000	2.380	2.380	36.780	463.500	173.250	49.500	686.250	36.780		
36.790	0.000	0.000	2.380	2.380	36.790	483.750	164.250	47.250	695.250	36.790		
36.800	0.000	0.000	4.760	4.760	36.800	501.750	153.000	40.500	695.250	36.800		
36.810	0.000	0.000	2.380	2.380	36.810	519.750	141.750	36.000	697.500	36.810		
36.820	0.000	0.000	2.380	2.380	36.820	535.500	130.500	33.750	699.750	36.820		
36.830	0.000	0.000	2.380	2.380	36.830	549.000	119.250	29.250	697.500	36.830		
36.840	4.760	0.000	0.000	4.760	36.840	558.000	108.000	24.750	690.750	36.840		
36.850	27.200	0.000	0.000	27.200	36.850	562.500	99.000	18.000	679.500	36.850		
36.860	57.460	0.000	0.000	57.460	36.860	562.500	90.000	11.250	663.750	36.860		
36.870	85.000	0.000	0.000	85.000	36.870	555.750	78.750	9.000	643.500	36.870		
36.880	119.260	0.000	0.000	119.260	36.880	546.750	72.000	6.750	625.500	36.880		
36.890	151.300	0.000	0.000	151.300	36.890	533.250	63.000	2.250	598.500	36.890		
36.900	192.240	0.000	0.000	192.240	36.900	507.500	56.840	0.000	564.340	36.900		
36.910	231.400	1.780	1.780	234.960	36.910	470.960	50.750	0.000	521.710	36.910		
36.920	268.780	7.120	7.120	283.020	36.920	434.420	46.690	0.000	481.110	36.920		
36.930	297.260	12.460	8.900	318.620	36.930	381.640	40.600	0.000	422.240	36.930		
36.940	318.620	16.020	14.240	348.880	36.940	326.830	36.540	0.000	363.370	36.940		
36.950	339.980	28.480	21.360	389.820	36.950	263.900	32.480	0.000	296.380	36.950		
36.960	352.440	39.160	32.040	423.640	36.960	200.970	18.270	0.000	219.240	36.960		
36.970	364.900	46.280	44.500	455.680	36.970	144.130	12.180	0.000	156.310	36.970		
36.980	379.140	56.960	56.960	493.060	36.980	99.470	2.030	0.000	101.500	36.980		
36.990	393.380	64.080	64.080	521.540	36.990	64.960	0.000	0.000	64.960	36.990		
37.000	411.180	71.200	69.420	551.800	37.000	38.570	0.000	0.000	38.570	37.000		
37.010	428.980	76.540	74.760	580.280	37.010	22.330	0.000	0.000	22.330	37.010		
37.020	445.000	81.880	78.320	605.200	37.020	14.210	0.000	0.000	14.210	37.020		
37.030	460.980	86.680	80.770	628.430	37.030	12.180	0.000	0.000	12.180	37.030		
37.040	476.740	90.620	84.710	652.070	37.040	6.090	0.000	0.000	6.090	37.040		
37.050	486.590	94.560	84.710	665.860	37.050	7.500	0.000	0.000	7.500	37.050		
37.060	492.500	98.500	86.680	677.680	37.060	4.980	0.000	0.000	4.980	37.060		
37.070	492.500	98.500	86.680	677.680	37.070	4.980	0.000	0.000	4.980	37.070		
37.080	488.560	102.440	88.650	679.650	37.080	4.980	0.000	0.000	4.980	37.080		
37.090	478.710	104.410	88.650	671.770	37.090	2.490	0.000	0.000	2.490	37.090		
37.100	466.890	104.410	90.620	661.920	37.100	2.490	0.000	0.000	2.490	37.100		
37.110	449.160	106.380	96.530	652.070	37.110	2.490	0.000	0.000	2.490	37.110		
37.120	431.430	108.350	98.500	638.280	37.120	0.000	0.000	0.000	0.000	37.120		
37.130	411.730	114.260	104.410	630.400	37.130	0.000	0.000	0.000	0.000	37.130		
37.140	388.090	118.200	108.350	614.640	37.140	0.000	0.000	0.000	0.000	37.140		
37.150	372.330	124.110	118.200	614.640	37.150	0.000	0.000	0.000	0.000	37.150		
37.160	354.600	128.050	124.110	606.760	37.160	0.000	0.000	0.000	0.000	37.160		
37.170	336.870	133.960	133.960	604.790	37.170	0.000	0.000	0.000	0.000	37.170		
37.180	319.700	139.000	144.560	603.260	37.180	0.000	0.000	0.000	0.000	37.180		
37.190	304.410	144.560	151.510	600.480	37.190	0.000	0.000	0.000	0.000	37.190		
37.200	289.120	147.340	161.240	597.700	37.200	0.000	0.000	0.000	0.000	37.200		
37.210	273.830	151.510	172.360	597.700	37.210	0.000	0.000	0.000	0.000	37.210		
37.220	261.320	157.070	182.090	600.480	37.220	0.000	0.000	0.000	0.000	37.220		
37.230	247.420	159.850	191.820	599.090	37.230	0.000	0.000	0.000	0.000	37.230		
37.240	234.910	164.020	207.110	606.040	37.240	0.000	0.000	0.000	0.000	37.240		
37.250	222.400	166.800	219.620	608.820	37.250	0.000	0.000	0.000	0.000	37.250		
37.260	207.110	169.580	234.910	611.600	37.260	0.000	0.000	0.000	0.000	37.260		
37.270	194.600	173.750	251.590	619.940	37.270	0.000	0.000	0.000	0.000	37.270		
37.280	184.870	176.530	269.660	631.060	37.280	0.000	0.000	0.000	0.000	37.280		
37.290	172.360	182.090	286.340	640.790	37.290	0.000	0.000	0.000	0.000	37.290		
37.300	157.070	182.090	304.410	643.570	37.300	0.000	0.000	0.000	0.000	37.300		
37.310	144.560	186.260	326.650	657.470	37.310	0.000	0.000	0.000	0.000	37.310		
37.320	132.050	189.040	347.500	668.590	37.320	0.000	0.000	0.000	0.000	37.320		
37.330	116.160	188.760	370.260	675.180	37.330	0.000	0.000	0.000	0.000	37.330		
37.340	101.640	191.180	392.040	684.860	37.340	0.000	0.000	0.000	0.000	37.340		
37.350	89.540	188.760	413.820	692.120	37.350	0.000	0.000	0.000	0.000	37.350		
37.360	77.440	183.920	435.600	696.960	37.360	0.000	0.000	0.000	0.000	37.360		
37.370	62.920	179.080	462.220	704.220	37.370	0.000	0.000	0.000	0.000	37.370		
37.380	55.660	169.400	481.580	706.640	37.380	0.000	0.000	0.000	0.000	37.380		
37.390	48.400	162.140	503.360	713.900	37.390	0.000	0.000	0.000	0.000	37.390		
37.400	43.560	152.460	525.140	721.160	37.400	0.000	0.000	0.000	0.000	37.400		
37.410	38.720	140.360	546.920	726.000	37.410	0.000	0.000	0.000	0.000	37.410		
37.420	36.300	128.260	563.860	728.420	37.420	0.000	0.000	11.960	11.960	37.420		
37.430	31.460	116.160	580.800	728.420	37.430	0.000	0.000	34.960	34.960	37.430		
37.440	24.200	104.060	592.900	721.160	37.440	0.000	0.000	57.040	57.040	37.440		
37.450	16.940	94.380	597.740	709.060	37.450	0.000	0.000	87.400	87.400	37.450		
37.460	12.100	82.280	605.000	699.380	37.460	0.000	0.000	122.360	122.360	37.460		
37.470	7.260	70.180	600.160	677.600	37.470	1.840	0.000	154.560	156.400	37.470		
37.480	2.370	61.620	592.500	656.490	37.480	1.840	1.840	192.280	195.960	37.480		
37.490	0.000	52.140	578.280	630.420	37.490	7.360	4.600	230.000	241.960	37.490		
37.500	0.000	42.660	559.320	601.980	37.500	11.820	9.850	269.890	291.560	37.500		
37.510	0.000	37.920	533.250	571.170	37.510	13.790	13.790	293.530	321.110	37.510		
37.520	0.000	35.550	502.440	537.990	37.520	19.700	15.760	319.140	354.600	37.520		
37.530	0.000	30.810	459.780	490.590	37.530	21.670	25.610	340.810	388.090	37.530		
37.540	0.000	23.700	405.270	428.970	37.540	31.520	39.400	364.450	435.370	37.540		
37.550	0.000	18.960	346.020	364.980	37.550	41.370	49.250	384.150	474.770	37.550		
37.560	0.000	11.850	282.030	293.880	37.560	49.250	59.100	395.970	504.320	37.560		
37.570	0.000	7.110	215.670	222.780	37.570	59.100	66.980	413.700	539.780	37.570		
37.580	0.000	2.370	151.680	154.050	37.580	66.980	74.860	431.430	573.270	37.580		
37.590	0.000	0.000	97.170	97.170	37.590	70.920	78.800	449.160	598.880	37.590		
37.600	0.000	0.000	56.880	56.880	37.600	76.830	86.680	464.920	628.430	37.600		
37.610	0.000	0.000	35.550	35.550	37.610	80.770	90.620	476.740	648.130	37.610		
37.620	0.000	0.000	23.700	23.700	37.620	80.770	96.530	484.620	661.920	37.620		
37.630	0.000	0.000	22.500	22.500	37.630	84.710	98.500	492.500	675.710	37.630		
37.640	0.000	0.000	19.980	19.980	37.640	88.650	104.410	492.500	685.560	37.640		
37.650	0.000	0.000	14.940	14.940	37.650	88.200	105.840	490.000	684.040	37.650		
37.660	0.000	0.000	14.940	14.940	37.660	92.120	109.760	482.160	684.040	37.660		
37.670	0.000	0.000	12.420	12.420	37.670	94.080	109.760	472.360	676.200	37.670		
37.680	0.000	0.000	9.990	9.990	37.680	94.080	109.760	458.640	662.480	37.680		
37.690	0.000	0.000	9.990	9.990	37.690	96.040	111.720	448.840	656.600	37.690		
37.700	0.000	0.000	7.470	7.470	37.700	99.960	111.720	437.080	648.760	37.700		
37.710	0.000	0.000	7.470	7.470	37.710	101.920	113.680	421.400	637.000	37.710		
37.720	0.000	0.000	4.950	4.950	37.720	103.880	113.680	409.640	627.200	37.720		
37.730	0.000	0.000	4.950	4.950	37.730	109.760	115.640	395.920	621.320	37.730		
37.740	0.000	0.000	4.950	4.950	37.740	111.720	115.640	384.160	611.520	37.740		
37.750	0.000	0.000	4.950	4.950	37.750	115.640	119.560	374.360	609.560	37.750		
37.760	0.000	0.000	4.950	4.950	37.760	121.520	119.560	364.560	605.640	37.760		
37.770	0.000	0.000	4.950	4.950	37.770	127.400	119.560	354.760	601.720	37.770		
37.780	0.000	0.000	2.500	2.500	37.780	131.320	123.480	341.040	595.840	37.780		
37.790	0.000	0.000	2.500	2.500	37.790	139.160	129.360	333.200	601.720	37.790		
37.800	0.000	0.000	0.000	0.000	37.800	149.330	131.520	321.950	602.800	37.800		
37.810	0.000	0.000	2.500	2.500	37.810	156.180	139.740	312.360	608.280	37.810		
37.820	0.000	0.000	2.500	2.500	37.820	167.140	143.850	301.400	612.390	37.820		
37.830	0.000	0.000	0.000	0.000	37.830	173.990	149.330	294.550	617.870	37.830		
37.840	0.000	0.000	0.000	0.000	37.840	186.320	154.810	282.220	623.350	37.840		
37.850	0.000	0.000	0.000	0.000	37.850	198.650	161.660	271.260	631.570	37.850		
37.860	0.000	0.000	0.000	0.000	37.860	212.350	167.140	258.930	638.420	37.860		
37.870	0.000	0.000	0.000	0.000	37.870	227.420	173.990	246.600	648.010	37.870		
37.880	0.000	0.000	0.000	0.000	37.880	242.490	179.470	237.010	658.970	37.880		
37.890	0.000	0.000	0.000	0.000	37.890	256.190	184.950	221.940	663.080	37.890		
37.900	0.000	0.000	0.000	0.000	37.900	274.000	189.060	209.610	672.670	37.900		
37.910	0.000	0.000	0.000	0.000	37.910	289.070	191.800	197.280	678.150	37.910		
37.920	0.000	0.000	0.000	0.000	37.920	306.880	194.540	184.950	686.370	37.920		
37.930	0.000	0.000	0.000	0.000	37.930	321.950	197.280	171.250	690.480	37.930		
37.940	0.000	0.000	0.000	0.000	37.940	342.500	197.280	154.810	694.590	37.940		
37.950	0.000	0.000	0.000	0.000	37.950	358.110	194.580	136.620	689.310	37.950		
37.960	0.000	0.000	0.000	0.000	37.960	374.670	188.370	124.200	687.240	37.960		
37.970	0.000	0.000	0.000	0.000	37.970	387.090	184.230	109.710	681.030	37.970		
37.980	0.000	0.000	0.000	0.000	37.980	401.580	178.020	97.290	676.890	37.980		
37.990	0.000	0.000	2.480	2.480	37.990	416.070	171.810	84.870	672.750	37.990		
38.000	0.000	0.000	0.000	0.000	38.000	434.700	161.460	76.590	672.750	38.000		
38.010	0.000	0.000	2.480	2.480	38.010	451.260	153.180	66.240	670.680	38.010		
38.020	0.000	0.000	0.000	0.000	38.020	465.750	146.970	62.100	674.820	38.020		
38.030	2.480	0.000	0.000	2.480	38.030	478.170	136.620	55.890	670.680	38.030		
38.040	12.400	0.000	0.000	12.400	38.040	490.590	126.270	51.750	668.610	38.040		
38.050	29.760	0.000	0.000	29.760	38.050	500.940	115.920	49.680	666.540	38.050		
38.060	49.910	0.000	0.000	49.910	38.060	509.220	105.570	43.470	658.260	38.060		
38.070	77.500	0.000	0.000	77.500	38.070	513.360	93.150	39.330	645.840	38.070		
38.080	112.000	0.000	0.000	112.000	38.080	517.500	80.730	33.120	631.350	38.080		
38.090	144.000	0.000	0.000	144.000	38.090	513.360	74.520	31.050	618.930	38.090		
38.100	179.200	0.000	1.600	180.800	38.100	507.500	60.900	24.360	592.760	38.100		
38.110	209.600	4.800	6.400	220.800	38.110	493.290	54.810	16.240	564.340	38.110		
38.120	228.800	6.400	9.600	244.800	38.120	477.050	48.720	12.180	537.950	38.120		
38.130	241.600	11.200	9.600	262.400	38.130	454.720	40.600	8.120	503.440	38.130		
38.140	254.400	16.000	14.400	284.800	38.140	424.270	38.570	4.060	466.900	38.140		
38.150	267.200	24.000	22.400	313.600	38.150	385.700	34.510	2.030	422.240	38.150		
38.160	276.800	27.200	22.400	326.400	38.160	343.070	32.480	0.000	375.550	38.160		
38.170	291.200	32.000	24.000	347.200	38.170	294.350	26.390	0.000	320.740	38.170		
38.180	308.800	36.800	27.200	372.800	38.180	243.600	18.270	0.000	261.870	38.180		
38.190	331.200	41.600	28.800	401.600	38.190	194.880	12.180	0.000	207.060	38.190		
38.200	353.600	44.800	28.800	427.200	38.200	146.160	8.120	0.000	154.280	38.200		
38.210	376.000	46.400	28.800	451.200	38.210	109.620	4.060	0.000	113.680	38.210		
38.220	400.000	49.600	28.800	478.400	38.220	77.140	0.000	0.000	77.140	38.220		
38.230	424.110	52.260	26.130	502.500	38.230	48.720	0.000	0.000	48.720	38.230		
38.240	444.210	54.270	26.130	524.610	38.240	32.480	0.000	2.030	34.510	38.240		
38.250	458.280	56.280	26.130	540.690	38.250	17.500	0.000	2.450	19.950	38.250		
38.260	474.360	58.290	28.140	560.790	38.260	12.460	0.000	2.450	14.910	38.260		
38.270	484.410	62.310	28.140	574.860	38.270	7.490	0.000	2.450	9.940	38.270		
38.280	492.450	64.320	28.140	584.910	38.280	7.490	0.000	0.000	7.490	38.280		
38.290	496.470	66.330	28.140	590.940	38.290	7.490	0.000	0.000	7.490	38.290		
38.300	502.500	68.340	32.160	603.000	38.300	7.490	0.000	0.000	7.490	38.300		
38.310	502.500	72.360	34.170	609.030	38.310	4.970	0.000	2.450	7.420	38.310		
38.320	498.480	74.370	32.160	605.010	38.320	4.970	0.000	2.450	7.420	38.320		
38.330	494.460	78.390	36.180	609.030	38.330	2.450	0.000	2.450	4.900	38.330		
38.340	488.430	82.410	38.190	609.030	38.340	2.450	0.000	0.000	2.450	38.340		
38.350	478.380	84.420	38.190	600.990	38.350	0.000	0.000	0.000	0.000	38.350		
38.360	468.330	88.440	44.220	600.990	38.360	0.000	0.000	0.000	0.000	38.360		
38.370	456.270	94.470	48.240	598.980	38.370	0.000	0.000	0.000	0.000	38.370		
38.380	442.500	93.810	54.870	591.180	38.380	0.000	0.000	0.000	0.000	38.380		
38.390	426.570	99.120	56.640	582.330	38.390	0.000	0.000	0.000	0.000	38.390		
38.400	415.950	99.120	61.950	577.020	38.400	0.000	0.000	0.000	0.000	38.400		
38.410	403.560	100.890	63.720	568.170	38.410	0.000	0.000	0.000	0.000	38.410		
38.420	396.480	100.890	69.030	566.400	38.420	0.000	0.000	0.000	0.000	38.420		
38.430	389.400	106.200	76.110	571.710	38.430	0.000	0.000	0.000	0.000	38.430		
38.440	382.320	111.510	81.420	575.250	38.440	0.000	0.000	0.000	0.000	38.440		
38.450	373.470	113.280	88.500	575.250	38.450	0.000	0.000	0.000	0.000	38.450		
38.460	366.390	118.590	97.350	582.330	38.460	0.000	0.000	0.000	0.000	38.460		
38.470	359.310	127.440	104.430	591.180	38.470	0.000	0.000	0.000	0.000	38.470		
38.480	352.230	134.520	111.510	598.260	38.480	0.000	0.000	0.000	0.000	38.480		
38.490	341.610	141.600	123.900	607.110	38.490	0.000	0.000	0.000	0.000	38.490		
38.500	330.990	146.910	134.520	612.420	38.500	0.000	0.000	0.000	0.000	38.500		
38.510	318.600	155.760	146.910	621.270	38.510	0.000	0.000	0.000	0.000	38.510		
38.520	306.210	164.610	164.610	635.430	38.520	0.000	0.000	0.000	0.000	38.520		
38.530	291.770	171.150	180.930	643.850	38.530	0.000	0.000	0.000	0.000	38.530		
38.540	278.730	176.040	192.340	647.110	38.540	0.000	0.000	0.000	0.000	38.540		
38.550	267.320	184.190	208.640	660.150	38.550	0.000	0.000	0.000	0.000	38.550		
38.560	251.020	189.080	221.680	661.780	38.560	0.000	0.000	0.000	0.000	38.560		
38.570	236.350	197.230	239.610	673.190	38.570	0.000	0.000	0.000	0.000	38.570		
38.580	218.420	197.230	254.280	669.930	38.580	0.000	0.000	0.000	0.000	38.580		
38.590	203.750	202.120	268.950	674.820	38.590	0.000	0.000	0.000	0.000	38.590		
38.600	187.450	203.750	286.880	678.080	38.600	0.000	0.000	0.000	0.000	38.600		
38.610	166.260	203.750	304.810	674.820	38.610	0.000	0.000	0.000	0.000	38.610		
38.620	149.960	203.750	319.480	673.190	38.620	0.000	0.000	0.000	0.000	38.620		
38.630	132.030	203.750	337.410	673.190	38.630	0.000	0.000	2.500	2.500	38.630		
38.640	114.100	198.860	353.710	666.670	38.640	0.000	0.000	2.500	2.500	38.640		
38.650	94.540	197.230	374.900	666.670	38.650	0.000	0.000	10.000	10.000	38.650		
38.660	79.870	189.080	391.200	660.150	38.660	0.000	0.000	15.000	15.000	38.660		
38.670	68.460	180.930	407.500	656.890	38.670	0.000	0.000	25.000	25.000	38.670		
38.680	56.550	171.600	427.050	655.200	38.680	0.000	0.000	40.000	40.000	38.680		
38.690	48.750	159.900	438.750	647.400	38.690	0.000	0.000	62.500	62.500	38.690		
38.700	44.850	148.200	448.500	641.550	38.700	0.000	0.000	94.250	94.250	38.700		
38.710	39.000	136.500	462.150	637.650	38.710	0.000	0.000	124.700	124.700	38.710		
38.720	33.150	124.800	471.900	629.850	38.720	0.000	1.450	149.350	150.800	38.720		
38.730	31.200	113.100	481.650	625.950	38.730	1.450	4.350	174.000	179.800	38.730		
38.740	23.400	101.400	487.500	612.300	38.740	4.350	7.250	198.650	210.250	38.740		
38.750	15.600	85.800	487.500	588.900	38.750	7.250	8.700	226.200	242.150	38.750		
38.760	11.700	76.050	483.600	571.350	38.760	8.700	11.600	249.400	269.700	38.760		
38.770	5.850	64.350	473.850	544.050	38.770	11.600	14.500	266.800	292.900	38.770		
38.780	3.900	56.550	464.100	524.550	38.780	17.400	18.850	281.300	317.550	38.780		
38.790	1.950	46.800	444.600	493.350	38.790	17.400	24.650	294.350	336.400	38.790		
38.800	0.000	40.950	423.150	464.100	38.800	24.650	34.800	308.850	368.300	38.800		
38.810	0.000	33.150	395.850	429.000	38.810	29.000	36.250	319.000	384.250	38.810		
38.820	0.000	29.250	364.650	393.900	38.820	31.900	42.050	332.050	406.000	38.820		
38.830	0.000	21.930	322.500	344.430	38.830	36.250	44.950	346.550	427.750	38.830		
38.840	0.000	11.610	274.770	286.380	38.840	39.150	49.300	362.500	450.950	38.840		
38.850	0.000	6.450	229.620	236.070	38.850	42.420	54.540	379.760	476.720	38.850		
38.860	0.000	1.290	187.050	188.340	38.860	44.440	58.580	395.920	498.940	38.860		
38.870	0.000	0.000	139.320	139.320	38.870	44.440	60.600	414.100	519.140	38.870		
38.880	0.000	0.000	101.910	101.910	38.880	46.460	66.660	432.280	545.400	38.880		
38.890	0.000	0.000	69.660	69.660	38.890	46.460	68.680	446.420	561.560	38.890		
38.900	0.000	0.000	43.860	43.860	38.900	46.460	74.740	458.540	579.740	38.900		
38.910	1.290	0.000	32.250	33.540	38.910	46.460	74.740	470.660	591.860	38.910		
38.920	1.290	0.000	19.350	20.640	38.920	46.460	76.760	480.760	603.980	38.920		
38.930	1.290	0.000	16.770	18.060	38.930	48.480	78.780	490.860	618.120	38.930		
38.940	1.290	0.000	14.190	15.480	38.940	48.480	80.800	496.920	626.200	38.940		
38.950	1.290	0.000	11.610	12.900	38.950	50.500	84.840	500.960	636.300	38.950		
38.960	1.290	0.000	9.030	10.320	38.960	50.500	84.840	505.000	640.340	38.960		
38.970	0.000	0.000	9.030	9.030	38.970	50.500	84.840	505.000	640.340	38.970		
38.980	0.000	0.000	7.500	7.500	38.980	50.500	84.840	500.960	636.300	38.980		
38.990	0.000	0.000	7.500	7.500	38.990	54.540	86.860	498.940	640.340	38.990		
39.000	0.000	0.000	4.980	4.980	39.000	53.460	87.120	495.000	635.580	39.000		
39.010	0.000	0.000	4.980	4.980	39.010	57.420	87.120	487.080	631.620	39.010		
39.020	0.000	0.000	4.980	4.980	39.020	59.400	87.120	479.160	625.680	39.020		
39.030	0.000	0.000	2.490	2.490	39.030	61.380	87.120	471.240	619.740	39.030		
39.040	0.000	0.000	2.490	2.490	39.040	63.360	83.160	463.320	609.840	39.040		
39.050	0.000	0.000	2.490	2.490	39.050	67.320	87.120	459.360	613.800	39.050		
39.060	0.000	0.000	2.490	2.490	39.060	69.300	83.160	453.420	605.880	39.060		
39.070	0.000	0.000	0.000	0.000	39.070	69.300	83.160	449.460	601.920	39.070		
39.080	0.000	0.000	2.490	2.490	39.080	71.280	83.160	447.480	601.920	39.080		
39.090	0.000	0.000	0.000	0.000	39.090	73.260	83.160	443.520	599.940	39.090		
39.100	0.000	0.000	0.000	0.000	39.100	73.260	83.160	441.540	597.960	39.100		
39.110	0.000	0.000	0.000	0.000	39.110	77.220	87.120	439.560	603.900	39.110		
39.120	0.000	0.000	0.000	0.000	39.120	79.200	87.120	439.560	605.880	39.120		
39.130	0.000	0.000	0.000	0.000	39.130	81.180	89.100	435.600	605.880	39.130		
39.140	0.000	0.000	0.000	0.000	39.140	83.160	91.080	435.600	609.840	39.140		
39.150	0.000	0.000	0.000	0.000	39.150	87.000	93.960	435.000	615.960	39.150		
39.160	0.000	0.000	0.000	0.000	39.160	92.220	99.180	435.000	626.400	39.160		
39.170	0.000	0.000	0.000	0.000	39.170	93.960	100.920	431.520	626.400	39.170		
39.180	0.000	0.000	0.000	0.000	39.180	97.440	106.140	426.300	629.880	39.180		
39.190	0.000	0.000	0.000	0.000	39.190	104.400	111.360	421.080	636.840	39.190		
39.200	0.000	0.000	0.000	0.000	39.200	109.620	116.580	414.120	640.320	39.200		
39.210	0.000	0.000	0.000	0.000	39.210	116.580	123.540	401.940	642.060	39.210		
39.220	0.000	0.000	0.000	0.000	39.220	123.540	128.760	389.760	642.060	39.220		
39.230	0.000	0.000	0.000	0.000	39.230	132.240	133.980	375.840	642.060	39.230		
39.240	0.000	0.000	0.000	0.000	39.240	139.200	139.200	363.660	642.060	39.240		
39.250	0.000	0.000	0.000	0.000	39.250	146.160	144.420	349.740	640.320	39.250		
39.260	0.000	0.000	0.000	0.000	39.260	156.600	149.640	334.080	640.320	39.260		
39.270	0.000	0.000	0.000	0.000	39.270	161.820	151.380	318.420	631.620	39.270		
39.280	0.000	0.000	0.000	0.000	39.280	172.260	154.860	299.280	626.400	39.280		
39.290	0.000	0.000	0.000	0.000	39.290	184.440	156.600	281.880	622.920	39.290		
39.300	0.000	0.000	0.000	0.000	39.300	196.300	162.500	260.000	618.800	39.300		
39.310	1.920	0.000	0.000	1.920	39.310	209.300	162.500	239.200	611.000	39.310		
39.320	9.600	0.000	0.000	9.600	39.320	222.300	163.800	219.700	605.800	39.320		
39.330	19.200	0.000	0.000	19.200	39.330	234.000	163.800	196.300	594.100	39.330		
39.340	34.560	0.000	0.000	34.560	39.340	244.400	163.800	179.400	587.600	39.340		
39.350	54.720	0.000	0.000	54.720	39.350	260.000	163.800	159.900	583.700	39.350		
39.360	79.680	0.000	0.000	79.680	39.360	271.700	162.500	139.100	573.300	39.360		
39.370	106.560	1.920	0.000	108.480	39.370	284.700	159.900	117.000	561.600	39.370		
39.380	137.280	1.920	0.000	139.200	39.380	296.400	154.700	98.800	549.900	39.380		
39.390	171.840	4.800	1.920	178.560	39.390	309.400	144.300	84.500	538.200	39.390		
39.400	199.680	9.600	4.800	214.080	39.400	317.200	133.900	68.900	520.000	39.400		
39.410	221.760	12.480	4.800	239.040	39.410	322.400	124.800	62.400	509.600	39.410		
39.420	240.000	17.280	9.600	266.880	39.420	325.000	111.800	54.600	491.400	39.420		
39.430	259.860	21.960	10.980	292.800	39.430	322.400	98.800	49.400	470.600	39.430		
39.440	270.840	23.790	16.470	311.100	39.440	312.000	87.100	41.600	440.700	39.440		
39.450	287.310	27.450	16.470	331.230	39.450	297.500	74.970	34.510	406.980	39.450		
39.460	301.950	31.110	21.960	355.020	39.460	279.650	66.640	29.750	376.040	39.460		
39.470	316.590	34.770	21.960	373.320	39.470	257.040	57.120	21.420	335.580	39.470		
39.480	331.230	36.600	21.960	389.790	39.480	229.670	49.980	16.660	296.310	39.480		
39.490	345.870	42.090	21.960	409.920	39.490	199.920	41.650	9.520	251.090	39.490		
39.500	362.340	42.090	23.790	428.220	39.500	166.600	34.510	7.140	208.250	39.500		
39.510	376.980	45.750	23.790	446.520	39.510	132.090	29.750	4.760	166.600	39.510		
39.520	391.620	49.410	23.790	464.820	39.520	99.960	21.420	2.380	123.760	39.520		
39.530	406.260	49.410	27.450	483.120	39.530	69.020	11.900	2.380	83.300	39.530		
39.540	420.900	54.900	27.450	503.250	39.540	46.410	4.760	0.000	51.170	39.540		
39.550	433.710	56.730	29.280	519.720	39.550	32.130	2.380	2.380	36.890	39.550		
39.560	446.520	58.560	29.280	534.360	39.560	16.660	0.000	2.380	19.040	39.560		
39.570	457.500	64.050	31.110	552.660	39.570	9.520	0.000	4.760	14.280	39.570		
39.580	465.600	69.840	34.920	570.360	39.580	4.760	0.000	2.380	7.140	39.580		
39.590	473.360	73.720	36.860	583.940	39.590	4.760	0.000	2.380	7.140	39.590		
39.600	479.180	75.660	40.740	595.580	39.600	2.500	0.000	2.500	5.000	39.600		
39.610	481.120	81.480	46.560	609.160	39.610	0.000	0.000	0.000	0.000	39.610		
39.620	485.000	83.420	48.500	616.920	39.620	0.000	0.000	0.000	0.000	39.620		
39.630	485.000	89.240	54.320	628.560	39.630	0.000	0.000	0.000	0.000	39.630		
39.640	479.180	91.180	58.200	628.560	39.640	0.000	0.000	0.000	0.000	39.640		
39.650	477.240	91.180	62.080	630.500	39.650	0.000	0.000	0.000	0.000	39.650		
39.660	471.420	93.120	65.960	630.500	39.660	0.000	0.000	0.000	0.000	39.660		
39.670	463.660	93.120	69.840	626.620	39.670	0.000	0.000	0.000	0.000	39.670		
39.680	455.900	97.000	75.660	628.560	39.680	0.000	0.000	0.000	0.000	39.680		
39.690	444.260	100.880	81.480	626.620	39.690	0.000	0.000	0.000	0.000	39.690		
39.700	434.560	104.760	83.420	622.740	39.700	0.000	0.000	0.000	0.000	39.700		
39.710	424.860	106.700	91.180	622.740	39.710	0.000	0.000	0.000	0.000	39.710		
39.720	411.280	110.580	98.940	620.800	39.720	0.000	0.000	0.000	0.000	39.720		
39.730	400.000	116.800	107.200	624.000	39.730	0.000	0.000	0.000	0.000	39.730		
39.740	387.200	120.000	116.800	624.000	39.740	0.000	0.000	0.000	0.000	39.740		
39.750	376.000	124.800	126.400	627.200	39.750	0.000	0.000	0.000	0.000	39.750		
39.760	366.400	129.600	134.400	630.400	39.760	0.000	0.000	0.000	0.000	39.760		
39.770	353.600	134.400	144.000	632.000	39.770	0.000	0.000	0.000	0.000	39.770		
39.780	347.200	136.000	152.000	635.200	39.780	0.000	0.000	0.000	0.000	39.780		
39.790	336.000	139.200	160.000	635.200	39.790	0.000	0.000	0.000	0.000	39.790		
39.800	326.400	144.000	166.400	636.800	39.800	0.000	0.000	0.000	0.000	39.800		
39.810	320.000	144.000	176.000	640.000	39.810	0.000	0.000	0.000	0.000	39.810		
39.820	308.800	147.200	182.400	638.400	39.820	0.000	0.000	0.000	0.000	39.820		
39.830	302.400	148.800	188.800	640.000	39.830	0.000	0.000	0.000	0.000	39.830		
39.840	291.200	153.600	196.800	641.600	39.840	0.000	0.000	0.000	0.000	39.840		
39.850	284.800	156.800	204.800	646.400	39.850	0.000	0.000	0.000	0.000	39.850		
39.860	280.000	160.000	211.200	651.200	39.860	0.000	0.000	0.000	0.000	39.860		
39.870	272.000	161.600	219.200	652.800	39.870	0.000	0.000	0.000	0.000	39.870		
39.880	264.320	164.020	226.560	654.900	39.880	0.000	0.000	0.000	0.000	39.880		
39.890	259.600	166.380	234.820	660.800	39.890	0.000	0.000	2.500	2.500	39.890		
39.900	254.880	169.920	239.540	664.340	39.900	0.000	0.000	4.700	4.700	39.900		
39.910	248.980	172.280	246.620	667.880	39.910	0.000	0.000	4.700	4.700	39.910		
39.920	241.900	172.280	246.620	660.800	39.920	0.000	0.000	7.050	7.050	39.920		
39.930	237.180	174.640	254.880	666.700	39.930	0.000	0.000	9.870	9.870	39.930		
39.940	228.920	172.280	254.880	656.080	39.940	2.350	2.350	14.570	19.270	39.940		
39.950	221.840	172.280	261.960	656.080	39.950	12.220	2.350	22.090	36.660	39.950		
39.960	212.400	172.280	266.680	651.360	39.960	12.220	4.700	29.610	46.530	39.960		
39.970	201.780	172.280	274.940	649.000	39.970	14.570	7.050	34.780	56.400	39.970		
39.980	189.980	169.920	279.660	639.560	39.980	12.220	7.050	42.300	61.570	39.980		
39.990	179.360	169.920	284.380	633.660	39.990	17.390	7.050	52.170	76.610	39.990		
40.000	166.380	164.020	286.740	617.140	40.000	22.090	9.870	64.860	96.820	40.000		
40.010	152.220	161.660	291.460	605.340	40.010	29.610	14.570	79.900	124.080	40.010		
40.020	136.880	156.940	295.000	588.820	40.020	34.780	17.390	89.770	141.940	40.020		
40.030	124.000	148.800	296.360	569.160	40.030	42.300	22.090	104.810	169.200	40.030		
40.040	109.120	143.840	298.840	551.800	40.040	47.470	24.910	117.500	189.880	40.040		
40.050	96.720	136.400	301.320	534.440	40.050	51.660	29.520	134.070	215.250	40.050		
40.060	81.840	128.960	303.800	514.600	40.060	54.120	31.980	146.370	232.470	40.060		
40.070	71.920	124.000	306.280	502.200	40.070	54.120	34.440	159.900	248.460	40.070		
40.080	59.520	114.080	306.280	479.880	40.080	56.580	36.900	174.660	268.140	40.080		
40.090	52.080	104.160	310.000	466.240	40.090	59.040	39.360	184.500	282.900	40.090		
40.100	47.120	96.720	306.280	450.120	40.100	56.580	41.820	196.800	295.200	40.100		
40.110	42.160	89.280	306.280	437.720	40.110	56.580	41.820	206.640	305.040	40.110		
40.120	39.680	79.360	303.800	422.840	40.120	56.580	44.280	218.940	319.800	40.120		
40.130	37.200	71.920	296.360	405.480	40.130	56.580	46.740	232.470	335.790	40.130		
40.140	34.720	64.480	288.920	388.120	40.140	54.120	49.200	244.770	348.090	40.140		
40.150	29.760	54.560	279.000	363.320	40.150	54.120	49.200	257.070	360.390	40.150		
40.160	24.800	49.600	266.600	341.000	40.160	54.120	51.660	269.370	375.150	40.160		
40.170	19.840	42.160	256.680	318.680	40.170	51.660	54.120	281.670	387.450	40.170		
40.180	14.250	34.200	237.500	285.950	40.180	51.660	54.120	293.970	399.750	40.180		
40.190	12.350	29.450	219.450	261.250	40.190	49.200	54.120	307.500	410.820	40.190		
40.200	9.500	21.850	202.350	233.700	40.200	48.070	56.430	323.950	428.450	40.200		
40.210	6.650	17.100	179.550	203.300	40.210	45.980	54.340	340.670	440.990	40.210		
40.220	6.650	12.350	159.600	178.600	40.220	43.890	54.340	359.480	457.710	40.220		
40.230	1.900	6.650	134.900	143.450	40.230	41.800	54.340	376.200	472.340	40.230		
40.240	1.900	4.750	109.250	115.900	40.240	39.710	54.340	392.920	486.970	40.240		
40.250	1.900	1.900	87.400	91.200	40.250	35.530	54.340	411.730	501.600	40.250		
40.260	1.900	0.000	69.350	71.250	40.260	35.530	54.340	428.450	518.320	40.260		
40.270	1.900	0.000	52.250	54.150	40.270	33.440	54.340	449.350	537.130	40.270		
40.280	4.750	0.000	37.050	41.800	40.280	35.530	54.340	463.980	553.850	40.280		
40.290	4.750	0.000	26.600	31.350	40.290	31.350	56.430	478.610	566.390	40.290		
40.300	4.750	0.000	17.100	21.850	40.300	33.440	56.430	491.150	581.020	40.300		
40.310	4.750	0.000	14.250	19.000	40.310	31.350	56.430	501.600	589.380	40.310		
40.320	4.750	0.000	9.500	14.250	40.320	31.350	56.430	509.960	597.740	40.320		
40.330	2.480	0.000	10.000	12.480	40.330	29.260	56.430	516.230	601.920	40.330		
40.340	2.480	0.000	7.480	9.960	40.340	29.260	54.340	522.500	606.100	40.340		
40.350	5.000	0.000	7.480	12.480	40.350	29.260	54.340	522.500	606.100	40.350		
40.360	2.480	0.000	7.480	9.960	40.360	27.170	48.070	522.500	597.740	40.360		
40.370	2.480	0.000	7.480	9.960	40.370	27.170	45.980	518.320	591.470	40.370		
40.380	2.480	0.000	7.480	9.960	40.380	27.170	45.980	514.140	587.290	40.380		
40.390	2.480	0.000	5.000	7.480	40.390	22.990	43.890	509.960	576.840	40.390		
40.400	2.480	0.000	5.000	7.480	40.400	27.170	41.800	503.690	572.660	40.400		
40.410	2.480	0.000	7.480	9.960	40.410	22.990	39.710	497.420	560.120	40.410		
40.420	2.480	0.000	5.000	7.480	40.420	22.990	35.530	489.060	547.580	40.420		
40.430	2.480	0.000	5.000	7.480	40.430	22.990	35.530	480.700	539.220	40.430		
40.440	2.480	0.000	5.000	7.480	40.440	22.990	33.440	474.430	530.860	40.440		
40.450	2.480	0.000	7.480	9.960	40.450	22.990	35.530	463.980	522.500	40.450		
40.460	5.000	2.480	10.000	17.480	40.460	22.990	35.530	453.530	512.050	40.460		
40.470	10.000	5.000	10.000	25.000	40.470	20.900	33.440	443.080	497.420	40.470		
40.480	41.160	14.700	19.110	74.970	40.480	20.900	35.530	426.360	482.790	40.480		
40.490	69.090	19.110	29.400	117.600	40.490	20.900	35.530	403.370	459.800	40.490		
40.500	82.320	22.050	33.810	138.180	40.500	21.140	34.730	377.500	433.370	40.500		
40.510	94.080	22.050	33.810	149.940	40.510	19.630	34.730	348.810	403.170	40.510		
40.520	122.010	29.400	39.690	191.100	40.520	19.630	31.710	321.630	372.970	40.520		
40.530	151.410	33.810	47.040	232.260	40.530	16.610	31.710	291.430	339.750	40.530		
40.540	174.930	41.160	51.450	267.540	40.540	13.590	28.690	256.700	298.980	40.540		
40.550	194.040	49.980	58.800	302.820	40.550	12.080	27.180	218.950	258.210	40.550		
40.560	214.620	54.390	61.740	330.750	40.560	12.080	24.160	179.690	215.930	40.560		
40.570	233.730	58.800	66.150	358.680	40.570	9.060	19.630	141.940	170.630	40.570		
40.580	258.720	61.740	66.150	386.610	40.580	9.060	16.610	108.720	134.390	40.580		
40.590	283.710	69.090	69.090	421.890	40.590	9.060	13.590	78.520	101.170	40.590		
40.600	314.580	74.970	69.090	458.640	40.600	9.060	12.080	57.380	78.520	40.600		
40.610	341.040	79.380	69.090	489.510	40.610	9.060	9.060	43.790	61.910	40.610		
40.620	367.500	82.320	69.090	518.910	40.620	6.040	6.040	31.710	43.790	40.620		
40.630	391.550	89.770	68.760	550.080	40.630	4.530	4.530	24.160	33.220	40.630		
40.640	410.650	91.680	68.760	571.090	40.640	1.510	4.530	21.140	27.180	40.640		
40.650	425.930	93.590	68.760	588.280	40.650	2.460	2.460	15.000	19.920	40.650		
40.660	441.210	97.410	68.760	607.380	40.660	0.000	2.460	12.480	14.940	40.660		
40.670	450.760	99.320	68.760	618.840	40.670	0.000	2.460	12.480	14.940	40.670		
40.680	462.220	99.320	66.850	628.390	40.680	0.000	0.000	12.480	12.480	40.680		
40.690	466.040	99.320	64.940	630.300	40.690	0.000	2.460	12.480	14.940	40.690		
40.700	471.770	99.320	64.940	636.030	40.700	0.000	0.000	12.480	12.480	40.700		
40.710	473.680	101.230	64.940	639.850	40.710	0.000	2.460	9.960	12.420	40.710		
40.720	477.500	101.230	61.120	639.850	40.720	0.000	0.000	9.960	9.960	40.720		
40.730	477.500	101.230	59.210	637.940	40.730	0.000	0.000	9.960	9.960	40.730		
40.740	473.680	101.230	59.210	634.120	40.740	0.000	0.000	9.960	9.960	40.740		
40.750	471.770	99.320	57.300	628.390	40.750	0.000	0.000	9.960	9.960	40.750		
40.760	466.040	97.410	57.300	620.750	40.760	0.000	0.000	9.960	9.960	40.760		
40.770	462.220	97.410	53.480	613.110	40.770	0.000	0.000	7.500	7.500	40.770		
40.780	455.000	94.640	54.600	604.240	40.780	0.000	0.000	7.500	7.500	40.780		
40.790	451.360	94.640	50.960	596.960	40.790	0.000	0.000	7.500	7.500	40.790		
40.800	444.080	91.000	49.140	584.220	40.800	0.000	0.000	7.500	7.500	40.800		
40.810	442.260	89.180	49.140	580.580	40.810	0.000	0.000	7.500	7.500	40.810		
40.820	434.980	87.360	47.320	569.660	40.820	0.000	0.000	7.500	7.500	40.820		
40.830	429.520	87.360	47.320	564.200	40.830	0.000	0.000	7.500	7.500	40.830		
40.840	425.880	83.720	43.680	553.280	40.840	0.000	0.000	5.000	5.000	40.840		
40.850	422.240	83.720	43.680	549.640	40.850	0.000	0.000	5.000	5.000	40.850		
40.860	416.780	81.900	43.680	542.360	40.860	0.000	0.000	5.000	5.000	40.860		
40.870	411.320	83.720	41.860	536.900	40.870	0.000	0.000	5.000	5.000	40.870		
40.880	405.860	83.720	43.680	533.260	40.880	0.000	0.000	5.000	5.000	40.880		
40.890	402.220	83.720	43.680	529.620	40.890	0.000	0.000	2.500	2.500	40.890		
40.900	398.580	87.360	43.680	529.620	40.900	0.000	0.000	2.500	2.500	40.900		
40.910	396.760	87.360	47.320	531.440	40.910	0.000	0.000	2.500	2.500	40.910		
40.920	396.760	89.180	47.320	533.260	40.920	0.000	0.000	2.500	2.500	40.920		
40.930	397.500	89.040	46.110	532.650	40.930	10.000	2.500	5.000	17.500	40.930		
40.940	394.320	89.040	46.110	529.470	40.940	12.500	2.500	5.000	20.000	40.940		
40.950	391.140	92.220	49.290	532.650	40.950	22.000	7.040	9.680	38.720	40.950		
40.960	389.550	89.040	49.290	527.880	40.960	29.920	9.680	12.320	51.920	40.960		
40.970	384.780	89.040	49.290	523.110	40.970	39.600	12.320	12.320	64.240	40.970		
40.980	378.420	92.220	52.470	523.110	40.980	49.280	16.720	14.960	80.960	40.980		
40.990	368.880	89.040	49.290	507.210	40.990	64.240	22.000	19.360	105.600	40.990		
41.000	359.340	87.450	52.470	499.260	41.000	74.800	29.920	24.640	129.360	41.000		
41.010	346.620	87.450	52.470	486.540	41.010	81.840	42.240	39.600	163.680	41.010		
41.020	332.310	87.450	49.290	469.050	41.020	89.760	51.920	69.520	211.200	41.020		
41.030	316.410	84.270	52.470	453.150	41.030	92.400	59.840	99.440	251.680	41.030		
41.040	302.100	79.500	49.290	430.890	41.040	94.160	64.240	126.720	285.120	41.040		
41.050	281.430	76.320	49.290	407.040	41.050	99.440	69.520	149.600	318.560	41.050		
41.060	255.990	71.550	44.520	372.060	41.060	102.080	72.160	167.200	341.440	41.060		
41.070	232.140	66.780	44.520	343.440	41.070	104.720	77.440	187.440	369.600	41.070		
41.080	200.000	60.000	40.000	300.000	41.080	110.000	79.200	202.400	391.600	41.080		
41.090	164.800	54.400	36.800	256.000	41.090	110.000	81.840	220.000	411.840	41.090		
41.100	134.400	47.200	34.400	216.000	41.100	114.610	84.780	238.640	438.030	41.100		
41.110	107.200	42.400	29.600	179.200	41.110	114.610	86.350	259.050	460.010	41.110		
41.120	82.400	34.400	24.800	141.600	41.120	116.180	91.060	279.460	486.700	41.120		
41.130	60.000	29.600	22.400	112.000	41.130	119.320	94.200	301.440	514.960	41.130		
41.140	42.400	24.800	20.000	87.200	41.140	119.320	98.910	321.850	540.080	41.140		
41.150	27.200	16.800	14.400	58.400	41.150	122.460	102.050	342.260	566.770	41.150		
41.160	14.400	12.000	9.600	36.000	41.160	122.460	103.620	359.530	585.610	41.160		
41.170	7.200	7.200	7.200	21.600	41.170	122.460	106.760	372.090	601.310	41.170		
41.180	0.000	4.800	2.400	7.200	41.180	124.030	109.900	381.510	615.440	41.180		
41.190	0.000	2.400	0.000	2.400	41.190	124.030	109.900	386.220	620.150	41.190		
41.200	0.000	0.000	0.000	0.000	41.200	124.030	109.900	392.500	626.430	41.200		
41.210	0.000	0.000	0.000	0.000	41.210	124.030	111.470	392.500	628.000	41.210		
41.220	0.000	0.000	0.000	0.000	41.220	128.740	109.900	392.500	631.140	41.220		
41.230	0.000	0.000	0.000	0.000	41.230	128.740	111.470	392.500	632.710	41.230		
41.240	0.000	0.000	0.000	0.000	41.240	131.880	111.470	389.360	632.710	41.240		
41.250	0.000	0.000	0.000	0.000	41.250	133.980	112.420	385.000	631.400	41.250		
41.260	0.000	0.000	0.000	0.000	41.260	137.060	113.960	381.920	632.940	41.260		
41.270	0.000	0.000	0.000	0.000	41.270	138.600	113.960	378.840	631.400	41.270		
41.280	0.000	0.000	0.000	0.000	41.280	141.680	117.040	377.300	636.020	41.280		
41.290	0.000	0.000	0.000	0.000	41.290	144.760	117.040	374.220	636.020	41.290		
41.300	0.000	0.000	0.000	0.000	41.300	149.380	118.580	366.520	634.480	41.300		
41.310	0.000	0.000	0.000	0.000	41.310	152.460	121.660	364.980	639.100	41.310		
41.320	0.000	0.000	0.000	0.000	41.320	154.000	121.660	358.820	634.480	41.320		
41.330	0.000	0.000	0.000	0.000	41.330	157.080	121.660	354.200	632.940	41.330		
41.340	0.000	0.000	0.000	0.000	41.340	158.620	126.280	351.120	636.020	41.340		
41.350	0.000	0.000	0.000	0.000	41.350	161.700	126.280	349.580	637.560	41.350		
41.360	0.000	0.000	0.000	0.000	41.360	164.780	129.360	346.500	640.640	41.360		
41.370	0.000	0.000	0.000	0.000	41.370	166.320	129.360	344.960	640.640	41.370		
41.380	0.000	0.000	0.000	0.000	41.380	166.320	129.360	338.800	634.480	41.380		
41.390	0.000	0.000	0.000	0.000	41.390	166.320	132.440	337.260	636.020	41.390		
41.400	0.000	0.000	0.000	0.000	41.400	168.840	131.320	335.000	635.160	41.400		
41.410	0.000	0.000	0.000	0.000	41.410	168.840	134.000	332.320	635.160	41.410		
41.420	0.000	0.000	0.000	0.000	41.420	171.520	134.000	329.640	635.160	41.420		
41.430	0.000	0.000	0.000	0.000	41.430	171.520	134.000	329.640	635.160	41.430		
41.440	0.000	0.000	0.000	0.000	41.440	171.520	136.680	326.960	635.160	41.440		
41.450	0.000	0.000	0.000	0.000	41.450	174.200	136.680	324.280	635.160	41.450		
41.460	0.000	0.000	0.000	0.000	41.460	174.200	136.680	321.600	632.480	41.460		
41.470	0.000	0.000	0.000	0.000	41.470	176.880	136.680	321.600	635.160	41.470		
41.480	0.000	0.000	9.900	9.900	41.480	176.880	136.680	318.920	632.480	41.480		
41.490	0.000	2.420	7.480	9.900	41.490	176.880	136.680	316.240	629.800	41.490		
41.500	0.000	2.420	14.960	17.380	41.500	179.560	136.680	312.220	628.460	41.500		
41.510	0.000	4.950	19.910	24.860	41.510	179.560	134.000	306.860	620.420	41.510		
41.520	0.000	4.950	27.500	32.450	41.520	179.560	131.320	301.500	612.380	41.520		
41.530	1.980	9.900	31.680	43.560	41.530	179.560	131.320	297.480	608.360	41.530		
41.540	4.950	14.850	41.580	61.380	41.540	176.880	129.980	289.440	596.300	41.540		
41.550	9.900	19.800	46.530	76.230	41.550	176.490	122.100	277.500	576.090	41.550		
41.560	29.700	24.750	46.530	100.980	41.560	174.270	116.550	264.180	555.000	41.560		
41.570	54.450	31.680	49.500	135.630	41.570	174.270	112.110	246.420	532.800	41.570		
41.580	77.220	36.630	52.470	166.320	41.580	169.830	104.340	229.770	503.940	41.580		
41.590	97.020	39.600	54.450	191.070	41.590	164.280	96.570	204.240	465.090	41.590		
41.600	111.870	41.580	59.400	212.850	41.600	162.060	89.910	182.040	434.010	41.600		
41.610	124.740	44.550	59.400	228.690	41.610	156.510	79.920	159.840	396.270	41.610		
41.620	139.590	49.500	62.370	251.460	41.620	152.070	72.150	134.310	358.530	41.620		
41.630	157.410	52.470	64.350	274.230	41.630	146.520	62.160	112.110	320.790	41.630		
41.640	179.190	54.450	67.320	300.960	41.640	142.080	56.610	89.910	288.600	41.640		
41.650	201.960	59.400	69.300	330.660	41.650	136.530	49.950	69.930	256.410	41.650		
41.660	221.760	64.350	69.300	355.410	41.660	129.870	42.180	52.170	224.220	41.660		
41.670	247.500	69.300	72.270	389.070	41.670	119.880	34.410	42.180	196.470	41.670		
41.680	271.560	74.460	74.460	420.480	41.680	106.560	29.970	34.410	170.940	41.680		
41.690	294.920	78.840	78.840	452.600	41.690	92.130	24.420	29.970	146.520	41.690		
41.700	313.900	86.140	81.760	481.800	41.700	72.500	17.400	22.330	112.230	41.700		
41.710	331.420	94.900	89.060	515.380	41.710	59.740	14.790	17.400	91.930	41.710		
41.720	344.560	103.660	94.900	543.120	41.720	47.270	9.860	9.860	66.990	41.720		
41.730	354.780	109.500	99.280	563.560	41.730	34.800	7.250	7.250	49.300	41.730		
41.740	359.160	116.800	103.660	579.620	41.740	27.260	7.250	4.930	39.440	41.740		
41.750	365.000	121.180	109.500	595.680	41.750	17.400	4.930	4.930	27.260	41.750		
41.760	365.000	129.940	116.800	611.740	41.760	9.860	4.930	2.320	17.110	41.760		
41.770	362.080	137.240	127.020	626.340	41.770	2.320	2.320	2.320	6.960	41.770		
41.780	356.240	141.620	131.400	629.260	41.780	0.000	2.320	2.320	4.640	41.780		
41.790	351.860	144.540	138.700	635.100	41.790	0.000	2.320	0.000	2.320	41.790		
41.800	347.480	147.460	144.540	639.480	41.800	0.000	2.320	0.000	2.320	41.800		
41.810	338.720	151.840	148.920	639.480	41.810	0.000	0.000	0.000	0.000	41.810		
41.820	329.960	154.760	154.760	639.480	41.820	0.000	0.000	0.000	0.000	41.820		
41.830	320.000	157.440	161.280	638.720	41.830	0.000	2.320	0.000	2.320	41.830		
41.840	309.760	160.000	163.840	633.600	41.840	0.000	0.000	0.000	0.000	41.840		
41.850	302.080	160.000	166.400	628.480	41.850	0.000	0.000	0.000	0.000	41.850		
41.860	294.400	161.280	171.520	627.200	41.860	0.000	0.000	0.000	0.000	41.860		
41.870	286.720	163.840	174.080	624.640	41.870	0.000	0.000	0.000	0.000	41.870		
41.880	279.040	163.840	176.640	619.520	41.880	0.000	0.000	0.000	0.000	41.880		
41.890	273.920	163.840	179.200	616.960	41.890	0.000	0.000	0.000	0.000	41.890		
41.900	268.800	163.840	179.200	611.840	41.900	0.000	0.000	0.000	0.000	41.900		
41.910	262.400	166.400	181.760	610.560	41.910	5.000	2.500	0.000	7.500	41.910		
41.920	259.840	166.400	181.760	608.000	41.920	7.500	5.000	0.000	12.500	41.920		
41.930	254.720	166.400	184.320	605.440	41.930	10.000	5.000	0.000	15.000	41.930		
41.940	252.160	166.400	184.320	602.880	41.940	17.500	5.000	2.500	25.000	41.940		
41.950	247.040	166.400	181.760	595.200	41.950	22.500	7.500	5.000	35.000	41.950		
41.960	244.480	163.840	181.760	590.080	41.960	30.000	10.000	7.500	47.500	41.960		
41.970	241.920	163.840	179.200	584.960	41.970	40.000	15.000	10.000	65.000	41.970		
41.980	237.500	159.600	174.800	571.900	41.980	52.500	20.000	15.000	87.500	41.980		
41.990	234.650	159.600	169.100	563.350	41.990	62.500	27.500	27.500	117.500	41.990		
42.000	231.800	154.850	167.200	553.850	42.000	69.020	34.510	44.030	147.560	42.000		
42.010	224.200	149.150	162.450	535.800	42.010	77.350	39.270	59.500	176.120	42.010		
42.020	216.600	147.250	159.600	523.450	42.020	82.110	44.030	74.970	201.110	42.020		
42.030	204.250	142.500	156.750	503.500	42.030	89.250	52.360	86.870	228.480	42.030		
42.040	191.900	134.900	152.000	478.800	42.040	96.390	59.500	102.340	258.230	42.040		
42.050	174.800	127.300	147.250	449.350	42.050	102.340	64.260	116.620	283.220	42.050		
42.060	156.750	116.850	142.500	416.100	42.060	109.480	71.400	132.090	312.970	42.060		
42.070	139.650	107.350	132.050	379.050	42.070	111.860	79.730	152.320	343.910	42.070		
42.080	119.700	96.900	124.450	341.050	42.080	114.240	84.490	171.360	370.090	42.080		
42.090	99.750	84.550	114.950	299.250	42.090	116.620	91.630	193.970	402.220	42.090		
42.100	79.800	72.200	99.750	251.750	42.100	116.620	99.960	216.580	433.160	42.100		
42.110	64.600	61.750	84.550	210.900	42.110	119.000	104.720	236.810	460.530	42.110		
42.120	49.400	52.250	74.100	175.750	42.120	119.000	111.860	259.420	490.280	42.120		
42.130	35.000	40.000	62.500	137.500	42.130	121.380	119.000	279.650	520.030	42.130		
42.140	27.500	32.500	50.000	110.000	42.140	124.950	124.950	297.500	547.400	42.140		
42.150	15.000	22.500	40.000	77.500	42.150	124.700	129.050	314.650	568.400	42.150		
42.160	7.500	15.000	32.500	55.000	42.160	124.700	134.850	324.800	584.350	42.160		
42.170	0.000	5.000	20.000	25.000	42.170	121.800	136.300	334.950	593.050	42.170		
42.180	0.000	2.500	10.000	12.500	42.180	124.700	136.300	342.200	603.200	42.180		
42.190	0.000	0.000	5.000	5.000	42.190	121.800	139.200	349.450	610.450	42.190		
42.200	0.000	0.000	2.500	2.500	42.200	118.900	139.200	353.800	611.900	42.200		
42.210	0.000	0.000	2.500	2.500	42.210	117.450	139.200	356.700	613.350	42.210		
42.220	0.000	0.000	2.500	2.500	42.220	111.650	139.200	359.600	610.450	42.220		
42.230	0.000	0.000	0.000	0.000	42.230	108.750	136.300	359.600	604.650	42.230		
42.240	0.000	0.000	0.000	0.000	42.240	107.300	134.850	362.500	604.650	42.240		
42.250	0.000	0.000	0.000	0.000	42.250	104.400	134.850	362.500	601.750	42.250		
42.260	0.000	0.000	0.000	0.000	42.260	98.600	131.950	359.600	590.150	42.260		
42.270	0.000	0.000	0.000	0.000	42.270	97.150	129.050	359.600	585.800	42.270		
42.280	0.000	0.000	0.000	0.000	42.280	94.250	126.150	353.800	574.200	42.280		
42.290	0.000	0.000	0.000	0.000	42.290	89.900	124.700	352.350	566.950	42.290		
42.300	0.000	0.000	0.000	0.000	42.300	88.830	121.260	349.680	559.770	42.300		
42.310	0.000	0.000	0.000	0.000	42.310	87.420	121.260	344.040	552.720	42.310		
42.320	0.000	0.000	0.000	0.000	42.320	87.420	121.260	341.220	549.900	42.320		
42.330	0.000	0.000	0.000	0.000	42.330	84.600	119.850	339.810	544.260	42.330		
42.340	0.000	0.000	0.000	0.000	42.340	84.600	119.850	336.990	541.440	42.340		
42.350	0.000	0.000	0.000	0.000	42.350	84.600	119.850	336.990	541.440	42.350		
42.360	0.000	0.000	0.000	0.000	42.360	87.420	119.850	339.810	547.080	42.360		
42.370	0.000	0.000	0.000	0.000	42.370	87.420	119.850	341.220	548.490	42.370		
42.380	0.000	0.000	0.000	0.000	42.380	87.420	119.850	346.860	554.130	42.380		
42.390	0.000	2.450	2.450	4.900	42.390	88.830	124.080	349.680	562.590	42.390		
42.400	0.000	2.450	2.450	4.900	42.400	88.830	124.080	352.500	565.410	42.400		
42.410	4.970	4.970	9.940	19.880	42.410	91.650	126.900	352.500	571.050	42.410		
42.420	17.500	7.490	9.940	34.930	42.420	91.650	126.900	352.500	571.050	42.420		
42.430	37.440	9.720	17.280	64.440	42.430	91.650	126.900	349.680	568.230	42.430		
42.440	52.200	14.760	24.840	91.800	42.440	91.650	124.080	341.220	556.950	42.440		
42.450	59.760	17.280	29.880	106.920	42.450	89.760	124.080	330.000	543.840	42.450		
42.460	64.800	19.800	37.440	122.040	42.460	89.760	121.440	319.440	530.640	42.460		
42.470	64.800	22.320	45.000	132.120	42.470	87.120	118.800	308.880	514.800	42.470		
42.480	62.280	27.360	49.680	139.320	42.480	87.120	117.480	297.000	501.600	42.480		
42.490	59.760	27.360	54.720	141.840	42.490	84.480	112.200	286.440	483.120	42.490		
42.500	57.240	29.880	59.760	146.880	42.500	84.480	109.560	277.200	471.240	42.500		
42.510	54.720	29.880	62.280	146.880	42.510	81.840	106.920	266.640	455.400	42.510		
42.520	54.720	32.400	67.320	154.440	42.520	79.200	101.640	257.400	438.240	42.520		
42.530	52.200	34.920	72.360	159.480	42.530	79.200	99.000	246.840	425.040	42.530		
42.540	52.200	37.440	74.880	164.520	42.540	76.560	96.360	241.560	414.480	42.540		
42.550	49.680	39.960	82.440	172.080	42.550	76.560	93.720	236.280	406.560	42.550		
42.560	52.200	42.480	87.480	182.160	42.560	76.560	92.400	232.320	401.280	42.560		
42.570	52.200	45.000	90.000	187.200	42.570	76.560	89.760	232.320	398.640	42.570		
42.580	57.240	47.170	94.870	199.280	42.580	76.560	87.120	227.040	390.720	42.580		
42.590	59.890	49.820	96.990	206.700	42.590	76.560	84.480	224.400	385.440	42.590		
42.600	64.660	54.590	102.290	221.540	42.600	79.210	81.880	222.500	383.590	42.600		
42.610	72.080	57.240	104.940	234.260	42.610	79.210	81.880	219.830	380.920	42.610		
42.620	77.380	59.890	107.060	244.330	42.620	81.880	79.210	217.160	378.250	42.620		
42.630	84.800	62.010	109.710	256.520	42.630	81.880	79.210	214.490	375.580	42.630		
42.640	92.220	64.660	112.360	269.240	42.640	81.880	79.210	211.820	372.910	42.640		
42.650	99.640	67.310	114.480	281.430	42.650	81.880	79.210	207.370	368.460	42.650		
42.660	107.060	67.310	114.480	288.850	42.660	84.550	77.430	207.370	369.350	42.660		
42.670	112.360	69.960	114.480	296.800	42.670	84.550	77.430	202.030	364.010	42.670		
42.680	119.780	69.960	114.480	304.220	42.680	81.880	77.430	199.360	358.670	42.680		
42.690	122.430	69.960	112.360	304.750	42.690	84.550	74.760	194.910	354.220	42.690		
42.700	124.550	69.960	112.360	306.870	42.700	84.550	74.760	192.240	351.550	42.700		
42.710	129.850	69.960	109.710	309.520	42.710	84.550	72.090	186.900	343.540	42.710		
42.720	132.500	67.310	104.940	304.750	42.720	84.550	72.090	184.230	340.870	42.720		
42.730	134.400	64.800	102.400	301.600	42.730	84.550	69.420	182.450	336.420	42.730		
42.740	140.000	64.800	100.000	304.800	42.740	81.880	69.420	177.110	328.410	42.740		
42.750	144.800	64.800	96.800	306.400	42.750	81.900	67.200	175.000	324.100	42.750		
42.760	149.600	64.800	94.400	308.800	42.760	81.900	64.400	169.400	315.700	42.760		
42.770	152.000	64.800	92.000	308.800	42.770	81.900	62.300	169.400	313.600	42.770		
42.780	160.000	64.800	92.000	316.800	42.780	79.800	62.300	164.500	306.600	42.780		
42.790	164.800	67.200	92.000	324.000	42.790	79.800	59.500	162.400	301.700	42.790		
42.800	169.600	67.200	92.000	328.800	42.800	79.800	57.400	162.400	299.600	42.800		
42.810	174.400	69.600	89.600	333.600	42.810	77.000	54.600	159.600	291.200	42.810		
42.820	180.000	69.600	89.600	339.200	42.820	77.000	52.500	157.500	287.000	42.820		
42.830	184.800	72.000	89.600	346.400	42.830	74.900	52.500	154.700	282.100	42.830		
42.840	189.600	74.400	92.000	356.000	42.840	74.900	49.700	151.900	276.500	42.840		
42.850	194.400	74.400	94.400	363.200	42.850	74.900	46.900	151.900	273.700	42.850		
42.860	196.800	76.800	94.400	368.000	42.860	70.000	46.900	149.800	266.700	42.860		
42.870	200.000	76.800	94.400	371.200	42.870	70.000	44.800	147.000	261.800	42.870		
42.880	204.300	79.200	97.200	380.700	42.880	70.000	42.000	144.900	256.900	42.880		
42.890	207.000	81.900	97.200	386.100	42.890	70.000	42.000	140.000	252.000	42.890		
42.900	209.700	81.900	97.200	388.800	42.900	69.850	39.600	137.500	246.950	42.900		
42.910	212.400	84.600	99.900	396.900	42.910	67.100	39.600	132.000	238.700	42.910		
42.920	214.200	84.600	97.200	396.000	42.920	67.100	37.400	129.800	234.300	42.920		
42.930	214.200	87.300	99.900	401.400	42.930	67.100	37.400	127.050	231.550	42.930		
42.940	216.900	87.300	99.900	404.100	42.940	67.100	37.400	122.100	226.600	42.940		
42.950	219.600	90.000	97.200	406.800	42.950	67.100	37.400	119.900	224.400	42.950		
42.960	219.600	90.000	99.900	409.500	42.960	67.100	34.650	117.150	218.900	42.960		
42.970	222.300	91.800	97.200	411.300	42.970	69.850	34.650	112.200	216.700	42.970		
42.980	222.300	94.500	99.900	416.700	42.980	69.850	34.650	110.000	214.500	42.980		
42.990	222.300	94.500	97.200	414.000	42.990	69.850	34.650	107.250	211.750	42.990		
43.000	225.000	94.500	99.900	419.400	43.000	69.850	34.650	104.500	209.000	43.000		
43.010	225.000	97.200	101.700	423.900	43.010	69.850	34.650	104.500	209.000	43.010		
43.020	225.000	99.900	101.700	426.600	43.020	69.850	34.650	104.500	209.000	43.020		
43.030	225.000	99.900	101.700	426.600	43.030	72.050	34.650	104.500	211.200	43.030		
43.040	222.300	99.900	101.700	423.900	43.040	72.050	34.650	107.250	213.950	43.040		
43.050	222.300	99.900	104.400	426.600	43.050	72.160	34.760	107.360	214.280	43.050		
43.060	222.300	101.700	101.700	425.700	43.060	72.160	34.760	107.360	214.280	43.060		
43.070	219.600	101.700	104.400	425.700	43.070	72.160	37.400	110.000	219.560	43.070		
43.080	216.900	101.700	104.400	423.000	43.080	72.160	37.400	110.000	219.560	43.080		
43.090	216.900	101.700	104.400	423.000	43.090	72.160	37.400	110.000	219.560	43.090		
43.100	216.900	101.700	104.400	423.000	43.100	72.160	37.400	110.000	219.560	43.100		
43.110	214.200	101.700	104.400	420.300	43.110	74.800	37.400	107.360	219.560	43.110		
43.120	214.200	101.700	104.400	420.300	43.120	74.800	37.400	107.360	219.560	43.120		
43.130	212.400	101.700	104.400	418.500	43.130	72.160	37.400	104.720	214.280	43.130		
43.140	212.400	101.700	107.100	421.200	43.140	72.160	37.400	102.080	211.640	43.140		
43.150	212.400	101.700	107.100	421.200	43.150	74.800	37.400	102.080	214.280	43.150		
43.160	212.400	101.700	107.100	421.200	43.160	74.800	37.400	102.080	214.280	43.160		
43.170	212.400	101.700	107.100	421.200	43.170	74.800	37.400	102.080	214.280	43.170		
43.180	212.500	102.000	107.100	421.600	43.180	74.800	37.400	99.880	212.080	43.180		
43.190	209.950	102.000	107.100	419.050	43.190	77.440	39.600	99.880	216.920	43.190		
43.200	209.950	104.550	107.100	421.600	43.200	77.200	40.000	100.000	217.200	43.200		
43.210	209.950	102.000	109.650	421.600	43.210	77.200	40.000	100.000	217.200	43.210		
43.220	207.400	104.550	109.650	421.600	43.220	80.000	40.000	100.000	220.000	43.220		
43.230	209.950	104.550	109.650	424.150	43.230	82.400	40.000	100.000	222.400	43.230		
43.240	207.400	104.550	112.200	424.150	43.240	82.400	40.000	97.200	219.600	43.240		
43.250	207.400	104.550	112.200	424.150	43.250	82.400	40.000	97.200	219.600	43.250		
43.260	207.400	107.100	112.200	426.700	43.260	84.800	40.000	97.200	222.000	43.260		
43.270	204.850	107.100	114.750	426.700	43.270	84.800	42.400	94.800	222.000	43.270		
43.280	204.850	107.100	114.750	426.700	43.280	87.200	40.000	94.800	222.000	43.280		
43.290	204.850	109.650	114.750	429.250	43.290	87.200	42.400	94.800	224.400	43.290		
43.300	202.300	107.100	117.300	426.700	43.300	90.000	42.400	92.400	224.800	43.300		
43.310	202.300	109.650	117.300	429.250	43.310	92.400	44.800	92.400	229.600	43.310		
43.320	199.750	112.200	117.300	429.250	43.320	92.400	42.400	90.000	224.800	43.320		
43.330	197.500	112.180	119.290	428.970	43.330	94.800	44.800	87.200	226.800	43.330		
43.340	194.340	112.180	119.290	425.810	43.340	97.200	44.800	87.200	229.200	43.340		
43.350	194.340	112.180	119.290	425.810	43.350	99.510	44.640	84.630	228.780	43.350		
43.360	191.970	112.180	119.290	423.440	43.360	102.300	44.640	81.840	228.780	43.360		
43.370	189.600	112.180	119.290	421.070	43.370	104.160	47.430	81.840	233.430	43.370		
43.380	189.600	112.180	122.450	424.230	43.380	106.950	47.430	79.980	234.360	43.380		
43.390	187.230	112.180	119.290	418.700	43.390	109.740	49.290	77.190	236.220	43.390		
43.400	184.860	112.180	119.290	416.330	43.400	114.390	49.290	77.190	240.870	43.400		
43.410	179.330	109.810	116.920	406.060	43.410	121.830	52.080	74.400	248.310	43.410		
43.420	179.330	109.810	116.920	406.060	43.420	129.270	54.870	74.400	258.540	43.420		
43.430	174.590	109.810	114.550	398.950	43.430	136.710	56.730	71.610	265.050	43.430		
43.440	169.850	107.440	112.180	389.470	43.440	146.940	59.520	71.610	278.070	43.440		
43.450	167.480	104.280	112.180	383.940	43.450	159.960	64.170	71.610	295.740	43.450		
43.460	161.950	99.540	109.810	371.300	43.460	174.840	66.960	69.750	311.550	43.460		
43.470	157.210	94.800	101.910	353.920	43.470	191.580	69.750	66.960	328.290	43.470		
43.480	152.500	89.670	96.990	339.160	43.480	209.250	71.610	64.170	345.030	43.480		
43.490	147.010	84.790	92.110	323.910	43.490	232.500	77.190	62.310	372.000	43.490		
43.500	139.690	79.910	84.790	304.390	43.500	257.070	79.420	58.520	395.010	43.500		
43.510	132.370	71.980	77.470	281.820	43.510	275.880	81.510	56.430	413.820	43.510		
43.520	124.440	64.660	67.100	256.200	43.520	296.780	83.600	54.340	434.720	43.520		
43.530	117.120	59.780	62.220	239.120	43.530	315.590	85.690	54.340	455.620	43.530		
43.540	107.360	54.900	54.900	217.160	43.540	336.490	85.690	52.250	474.430	43.540		
43.550	94.550	46.970	46.970	188.490	43.550	357.390	89.870	48.070	495.330	43.550		
43.560	82.350	42.090	42.090	166.530	43.560	376.200	91.960	48.070	516.230	43.560		
43.570	71.980	37.210	37.210	146.400	43.570	397.100	94.050	45.980	537.130	43.570		
43.580	59.780	32.330	32.330	124.440	43.580	415.910	96.140	48.070	560.120	43.580		
43.590	46.970	27.450	27.450	101.870	43.590	436.810	98.230	45.980	581.020	43.590		
43.600	39.650	24.400	24.400	88.450	43.600	453.530	102.410	45.980	601.920	43.600		
43.610	29.890	19.520	19.520	68.930	43.610	476.520	104.500	45.980	627.000	43.610		
43.620	21.960	17.080	19.520	58.560	43.620	491.150	108.680	43.890	643.720	43.620		
43.630	12.460	14.980	17.500	44.940	43.630	505.780	110.770	45.980	662.530	43.630		
43.640	7.490	12.460	17.500	37.450	43.640	522.500	114.950	43.890	681.340	43.640		
43.650	4.970	12.460	14.980	32.410	43.650	535.900	119.600	46.000	701.500	43.650		
43.660	2.450	9.940	12.460	24.850	43.660	549.700	121.900	46.000	717.600	43.660		
43.670	2.450	9.940	14.980	27.370	43.670	558.900	124.200	46.000	729.100	43.670		
43.680	0.000	7.490	12.460	19.950	43.680	565.800	128.800	46.000	740.600	43.680		
43.690	0.000	7.490	12.460	19.950	43.690	568.100	133.400	46.000	747.500	43.690		
43.700	0.000	7.490	9.940	17.430	43.700	575.000	135.700	48.300	759.000	43.700		
43.710	0.000	4.970	9.940	14.910	43.710	575.000	140.300	48.300	763.600	43.710		
43.720	0.000	4.970	7.490	12.460	43.720	570.400	144.900	50.600	765.900	43.720		
43.730	0.000	4.970	7.490	12.460	43.730	568.100	144.900	50.600	763.600	43.730		
43.740	0.000	4.970	7.490	12.460	43.740	561.200	147.200	52.900	761.300	43.740		
43.750	0.000	4.970	7.490	12.460	43.750	556.600	149.500	52.900	759.000	43.750		
43.760	0.000	4.970	4.970	9.940	43.760	549.700	149.500	52.900	752.100	43.760		
43.770	0.000	2.450	7.490	9.940	43.770	540.500	151.800	57.500	749.800	43.770		
43.780	0.000	4.960	4.960	9.920	43.780	531.300	149.500	52.900	733.700	43.780		
43.790	0.000	2.480	4.960	7.440	43.790	519.800	149.500	57.500	726.800	43.790		
43.800	0.000	4.960	4.960	9.920	43.800	502.500	150.750	56.280	709.530	43.800		
43.810	0.000	2.480	4.960	7.440	43.810	486.420	154.770	58.290	699.480	43.810		
43.820	0.000	2.480	4.960	7.440	43.820	472.350	158.790	62.310	693.450	43.820		
43.830	0.000	2.480	4.960	7.440	43.830	454.260	158.790	62.310	675.360	43.830		
43.840	0.000	2.480	7.440	9.920	43.840	436.170	160.800	64.320	661.290	43.840		
43.850	0.000	4.960	7.440	12.400	43.850	416.070	160.800	66.330	643.200	43.850		
43.860	0.000	2.480	10.000	12.480	43.860	399.990	164.820	72.360	637.170	43.860		
43.870	0.000	4.960	10.000	14.960	43.870	381.900	166.830	76.380	625.110	43.870		
43.880	0.000	4.960	12.480	17.440	43.880	363.810	166.830	84.420	615.060	43.880		
43.890	4.960	7.440	14.960	27.360	43.890	343.710	170.850	94.470	609.030	43.890		
43.900	10.000	7.440	12.480	29.920	43.900	323.610	170.850	100.500	594.960	43.900		
43.910	12.480	7.440	14.960	34.880	43.910	305.520	176.880	114.570	596.970	43.910		
43.920	20.000	10.000	17.440	47.440	43.920	289.440	176.880	124.620	590.940	43.920		
43.930	26.880	9.600	14.720	51.200	43.930	273.360	178.890	134.670	586.920	43.930		
43.940	34.560	12.160	17.280	64.000	43.940	261.300	178.890	140.700	580.890	43.940		
43.950	42.240	12.160	17.280	71.680	43.950	250.000	180.000	145.000	575.000	43.950		
43.960	52.480	14.720	22.400	89.600	43.960	242.000	180.000	147.000	569.000	43.960		
43.970	59.520	17.280	22.400	99.200	43.970	232.000	177.000	145.000	554.000	43.970		
43.980	69.760	17.280	22.400	109.440	43.980	222.000	172.000	142.000	536.000	43.980		
43.990	77.440	19.840	22.400	119.680	43.990	212.000	170.000	140.000	522.000	43.990		
44.000	87.040	19.840	22.400	129.280	44.000	205.000	165.000	132.000	502.000	44.000		
44.010	97.280	22.400	24.960	144.640	44.010	195.000	160.000	125.000	480.000	44.010		
44.020	104.960	24.960	26.880	156.800	44.020	182.000	150.000	117.000	449.000	44.020		
44.030	114.560	26.880	29.440	170.880	44.030	172.000	145.000	110.000	427.000	44.030		
44.040	122.240	26.880	29.440	178.560	44.040	165.000	137.000	100.000	402.000	44.040		
44.050	134.400	32.000	34.560	200.960	44.050	160.000	135.000	90.000	385.000	44.050		
44.060	147.200	34.560	34.560	216.320	44.060	157.000	127.000	75.000	359.000	44.060		
44.070	160.000	37.120	37.120	234.240	44.070	152.000	120.000	62.000	334.000	44.070		
44.080	173.650	42.280	39.260	255.190	44.080	150.000	110.000	50.000	310.000	44.080		
44.090	188.750	46.810	42.280	277.840	44.090	145.000	100.000	37.000	282.000	44.090		
44.100	203.850	49.830	43.790	297.470	44.100	137.500	87.450	27.500	252.450	44.100		
44.110	218.950	54.360	49.830	323.140	44.110	127.050	74.800	14.850	216.700	44.110		
44.120	237.070	58.890	51.340	347.300	44.120	117.150	64.900	7.150	189.200	44.120		
44.130	253.680	66.440	54.360	374.480	44.130	104.500	55.000	2.200	161.700	44.130		
44.140	271.800	72.480	58.890	403.170	44.140	92.400	42.350	0.000	134.750	44.140		
44.150	286.900	78.520	64.930	430.350	44.150	82.500	37.400	0.000	119.900	44.150		
44.160	303.510	86.070	69.460	459.040	44.160	69.850	29.700	0.000	99.550	44.160		
44.170	318.610	92.110	73.990	484.710	44.170	59.950	22.000	0.000	81.950	44.170		
44.180	333.710	99.660	78.520	511.890	44.180	47.300	12.100	0.000	59.400	44.180		
44.190	348.810	108.720	86.070	543.600	44.190	39.600	7.150	0.000	46.750	44.190		
44.200	359.380	114.760	92.110	566.250	44.200	29.700	4.950	0.000	34.650	44.200		
44.210	369.950	122.310	96.640	588.900	44.210	19.800	0.000	0.000	19.800	44.210		
44.220	377.500	126.840	101.170	605.510	44.220	12.100	0.000	0.000	12.100	44.220		
44.230	383.760	131.040	106.080	620.880	44.230	4.950	0.000	0.000	4.950	44.230		
44.240	386.880	137.280	113.880	638.040	44.240	2.200	0.000	0.000	2.200	44.240		
44.250	390.000	141.960	117.000	648.960	44.250	5.000	0.000	0.000	5.000	44.250		
44.260	386.880	143.520	121.680	652.080	44.260	2.500	0.000	0.000	2.500	44.260		
44.270	383.760	143.520	124.800	652.080	44.270	0.000	0.000	0.000	0.000	44.270		
44.280	382.200	146.640	129.480	658.320	44.280	0.000	0.000	0.000	0.000	44.280		
44.290	374.400	149.760	137.280	661.440	44.290	0.000	0.000	0.000	0.000	44.290		
44.300	366.600	151.320	141.960	659.880	44.300	0.000	0.000	0.000	0.000	44.300		
44.310	354.120	151.320	146.640	652.080	44.310	0.000	0.000	0.000	0.000	44.310		
44.320	338.520	156.000	154.440	648.960	44.320	0.000	0.000	0.000	0.000	44.320		
44.330	321.360	159.120	162.240	642.720	44.330	0.000	0.000	0.000	0.000	44.330		
44.340	304.200	162.240	174.720	641.160	44.340	0.000	0.000	0.000	0.000	44.340		
44.350	283.920	166.920	187.200	638.040	44.350	0.000	0.000	0.000	0.000	44.350		
44.360	266.760	168.480	199.680	634.920	44.360	0.000	0.000	0.000	0.000	44.360		
44.370	251.160	171.600	209.040	631.800	44.370	0.000	0.000	0.000	0.000	44.370		
44.380	234.900	174.960	221.940	631.800	44.380	0.000	0.000	0.000	0.000	44.380		
44.390	221.940	174.960	234.900	631.800	44.390	0.000	0.000	0.000	0.000	44.390		
44.400	208.980	176.580	246.240	631.800	44.400	0.000	0.000	0.000	0.000	44.400		
44.410	196.020	179.820	255.960	631.800	44.410	0.000	0.000	0.000	0.000	44.410		
44.420	186.300	181.440	268.920	636.660	44.420	0.000	0.000	0.000	0.000	44.420		
44.430	174.960	184.680	281.880	641.520	44.430	0.000	0.000	0.000	0.000	44.430		
44.440	163.620	186.300	291.600	641.520	44.440	0.000	0.000	0.000	0.000	44.440		
44.450	153.900	186.300	304.560	644.760	44.450	0.000	0.000	0.000	0.000	44.450		
44.460	144.180	189.540	315.900	649.620	44.460	0.000	0.000	0.000	0.000	44.460		
44.470	134.460	191.160	333.720	659.340	44.470	0.000	0.000	0.000	0.000	44.470		
44.480	124.740	191.160	343.440	659.340	44.480	0.000	0.000	0.000	0.000	44.480		
44.490	113.400	191.160	356.400	660.960	44.490	0.000	0.000	0.000	0.000	44.490		
44.500	103.680	194.400	370.980	669.060	44.500	0.000	0.000	0.000	0.000	44.500		
44.510	97.200	191.160	387.180	675.540	44.510	0.000	0.000	0.000	0.000	44.510		
44.520	87.480	191.160	405.000	683.640	44.520	0.000	0.000	0.000	0.000	44.520		
44.530	78.810	189.570	417.480	685.860	44.530	0.000	0.000	0.000	0.000	44.530		
44.540	72.420	187.440	432.390	692.250	44.540	0.000	0.000	0.000	0.000	44.540		
44.550	63.900	183.180	447.300	694.380	44.550	0.000	0.000	0.000	0.000	44.550		
44.560	55.380	178.920	455.820	690.120	44.560	0.000	0.000	0.000	0.000	44.560		
44.570	51.120	174.660	470.730	696.510	44.570	0.000	0.000	0.000	0.000	44.570		
44.580	46.860	166.140	481.380	694.380	44.580	0.000	0.000	0.000	0.000	44.580		
44.590	40.470	155.490	494.160	690.120	44.590	0.000	0.000	6.800	6.800	44.590		
44.600	36.210	149.100	504.810	690.120	44.600	0.000	0.000	11.900	11.900	44.600		
44.610	34.080	138.450	511.200	683.730	44.610	0.000	0.000	22.100	22.100	44.610		
44.620	29.820	125.670	519.720	675.210	44.620	0.000	0.000	39.950	39.950	44.620		
44.630	23.430	112.890	523.980	660.300	44.630	0.000	0.000	59.500	59.500	44.630		
44.640	17.040	104.370	528.240	649.650	44.640	0.000	0.000	82.450	82.450	44.640		
44.650	10.650	91.590	532.500	634.740	44.650	0.000	1.700	109.650	111.350	44.650		
44.660	8.520	80.940	526.110	615.570	44.660	0.000	4.250	139.400	143.650	44.660		
44.670	6.390	74.550	521.850	602.790	44.670	0.000	6.800	167.450	174.250	44.670		
44.680	2.050	61.500	512.500	576.050	44.680	0.000	9.350	192.100	201.450	44.680		
44.690	0.000	53.300	496.100	549.400	44.690	1.700	11.900	212.500	226.100	44.690		
44.700	0.000	47.150	483.800	530.950	44.700	3.540	14.160	233.640	251.340	44.700		
44.710	0.000	41.000	467.400	508.400	44.710	7.080	15.930	251.340	274.350	44.710		
44.720	0.000	34.850	446.900	481.750	44.720	7.080	19.470	267.270	293.820	44.720		
44.730	0.000	28.700	422.300	451.000	44.730	8.850	24.780	284.970	318.600	44.730		
44.740	0.000	24.600	391.550	416.150	44.740	12.390	28.320	300.900	341.610	44.740		
44.750	0.000	16.400	356.700	373.100	44.750	14.160	33.630	316.830	364.620	44.750		
44.760	0.000	12.300	319.800	332.100	44.760	15.930	42.480	330.990	389.400	44.760		
44.770	0.000	8.200	274.700	282.900	44.770	19.470	46.020	343.380	408.870	44.770		
44.780	0.000	4.100	225.500	229.600	44.780	21.240	51.330	361.080	433.650	44.780		
44.790	0.000	2.050	182.450	184.500	44.790	24.780	56.640	378.780	460.200	44.790		
44.800	0.000	0.000	131.200	131.200	44.800	26.550	58.410	396.480	481.440	44.800		
44.810	0.000	0.000	88.150	88.150	44.810	28.320	67.260	412.410	507.990	44.810		
44.820	0.000	0.000	57.400	57.400	44.820	31.860	74.340	424.800	531.000	44.820		
44.830	0.000	0.000	35.000	35.000	44.830	33.630	81.420	433.650	548.700	44.830		
44.840	0.000	0.000	24.920	24.920	44.840	38.940	86.730	442.500	568.170	44.840		
44.850	0.000	0.000	14.980	14.980	44.850	41.860	91.000	445.900	578.760	44.850		
44.860	0.000	0.000	12.460	12.460	44.860	43.680	96.460	451.360	591.500	44.860		
44.870	0.000	0.000	7.420	7.420	44.870	47.320	101.920	455.000	604.240	44.870		
44.880	0.000	0.000	4.900	4.900	44.880	47.320	103.740	451.360	602.420	44.880		
44.890	0.000	0.000	2.380	2.380	44.890	49.140	107.380	449.540	606.060	44.890		
44.900	0.000	0.000	0.000	0.000	44.900	49.140	107.380	445.900	602.420	44.900		
44.910	0.000	0.000	2.380	2.380	44.910	49.140	107.380	442.260	598.780	44.910		
44.920	0.000	0.000	0.000	0.000	44.920	49.140	107.380	436.800	593.320	44.920		
44.930	0.000	0.000	0.000	0.000	44.930	49.140	107.380	431.340	587.860	44.930		
44.940	0.000	0.000	0.000	0.000	44.940	49.140	107.380	424.060	580.580	44.940		
44.950	0.000	0.000	0.000	0.000	44.950	47.320	103.740	416.780	567.840	44.950		
44.960	0.000	0.000	0.000	0.000	44.960	47.320	103.740	409.500	560.560	44.960		
44.970	0.000	0.000	0.000	0.000	44.970	47.320	103.740	402.220	553.280	44.970		
44.980	0.000	0.000	0.000	0.000	44.980	47.320	103.740	394.940	546.000	44.980		
44.990	0.000	0.000	0.000	0.000	44.990	43.680	103.740	384.020	531.440	44.990		
45.000	0.000	0.000	0.000	0.000	45.000	47.120	104.880	380.000	532.000	45.000		
45.010	0.000	0.000	0.000	0.000	45.010	48.640	106.400	373.920	528.960	45.010		
45.020	0.000	0.000	0.000	0.000	45.020	48.640	106.400	369.360	524.400	45.020		
45.030	0.000	0.000	0.000	0.000	45.030	51.680	109.440	364.800	525.920	45.030		
45.040	0.000	0.000	0.000	0.000	45.040	54.720	112.480	361.760	528.960	45.040		
45.050	0.000	0.000	0.000	0.000	45.050	56.240	117.040	361.760	535.040	45.050		
45.060	0.000	0.000	0.000	0.000	45.060	59.280	118.560	357.200	535.040	45.060		
45.070	0.000	0.000	0.000	0.000	45.070	63.840	118.560	354.160	536.560	45.070		
45.080	0.000	0.000	0.000	0.000	45.080	69.920	121.600	349.600	541.120	45.080		
45.090	0.000	0.000	0.000	0.000	45.090	74.480	126.160	343.520	544.160	45.090		
45.100	0.000	0.000	0.000	0.000	45.100	82.080	129.200	343.520	554.800	45.100		
45.110	0.000	0.000	0.000	0.000	45.110	89.680	133.760	338.960	562.400	45.110		
45.120	0.000	0.000	0.000	0.000	45.120	97.280	141.360	337.440	576.080	45.120		
45.130	0.000	0.000	0.000	0.000	45.130	109.440	148.960	329.840	588.240	45.130		
45.140	0.000	0.000	0.000	0.000	45.140	118.560	156.560	322.240	597.360	45.140		
45.150	0.000	0.000	0.000	0.000	45.150	136.080	166.320	311.850	614.250	45.150		
45.160	0.000	0.000	0.000	0.000	45.160	154.980	175.770	296.730	627.480	45.160		
45.170	0.000	0.000	0.000	0.000	45.170	168.210	187.110	281.610	636.930	45.170		
45.180	0.000	0.000	0.000	0.000	45.180	189.000	194.670	260.820	644.490	45.180		
45.190	0.000	0.000	0.000	0.000	45.190	209.790	202.230	238.140	650.160	45.190		
45.200	0.000	0.000	0.000	0.000	45.200	234.360	209.790	217.350	661.500	45.200		
45.210	0.000	0.000	0.000	0.000	45.210	258.930	217.350	190.890	667.170	45.210		
45.220	0.000	0.000	0.000	0.000	45.220	287.280	219.240	166.320	672.840	45.220		
45.230	0.000	0.000	0.000	0.000	45.230	319.410	221.130	141.750	682.290	45.230		
45.240	0.000	0.000	0.000	0.000	45.240	351.540	221.130	119.070	691.740	45.240		
45.250	0.000	0.000	0.000	0.000	45.250	376.110	217.350	98.280	691.740	45.250		
45.260	0.000	0.000	0.000	0.000	45.260	404.460	209.790	83.160	697.410	45.260		
45.270	0.000	0.000	0.000	0.000	45.270	429.030	198.450	69.930	697.410	45.270		
45.280	0.000	0.000	0.000	0.000	45.280	451.710	187.110	56.700	695.520	45.280		
45.290	0.000	0.000	0.000	0.000	45.290	472.500	173.880	49.140	695.520	45.290		
45.300	0.000	0.000	0.000	0.000	45.300	494.160	159.750	40.470	694.380	45.300		
45.310	0.000	0.000	0.000	0.000	45.310	509.070	146.970	36.210	692.250	45.310		
45.320	14.700	0.000	0.000	14.700	45.320	519.720	134.190	31.950	685.860	45.320		
45.330	34.650	0.000	0.000	34.650	45.330	528.240	121.410	21.300	670.950	45.330		
45.340	49.350	0.000	0.000	49.350	45.340	532.500	108.630	17.040	658.170	45.340		
45.350	67.200	0.000	0.000	67.200	45.350	532.500	95.850	6.390	634.740	45.350		
45.360	87.150	0.000	0.000	87.150	45.360	526.110	87.330	4.260	617.700	45.360		
45.370	114.450	0.000	0.000	114.450	45.370	515.460	76.680	0.000	592.140	45.370		
45.380	144.900	0.000	0.000	144.900	45.380	504.810	68.160	0.000	572.970	45.380		
45.390	177.450	0.000	0.000	177.450	45.390	485.640	61.770	0.000	547.410	45.390		
45.400	210.000	2.100	0.000	212.100	45.400	457.950	55.380	0.000	513.330	45.400		
45.410	239.400	4.200	0.000	243.600	45.410	426.000	48.990	0.000	474.990	45.410		
45.420	262.500	7.350	2.100	271.950	45.420	389.790	46.860	0.000	436.650	45.420		
45.430	283.500	12.250	7.000	302.750	45.430	347.190	40.470	0.000	387.660	45.430		
45.440	299.250	17.500	8.750	325.500	45.440	293.940	36.210	0.000	330.150	45.440		
45.450	309.750	24.500	14.000	348.250	45.450	232.500	29.760	0.000	262.260	45.450		
45.460	318.500	29.750	19.250	367.500	45.460	176.700	19.530	0.000	196.230	45.460		
45.470	329.000	36.750	21.000	386.750	45.470	132.060	9.300	0.000	141.360	45.470		
45.480	341.250	42.000	26.250	409.500	45.480	92.070	1.860	0.000	93.930	45.480		
45.490	353.500	49.000	31.500	434.000	45.490	59.520	0.000	0.000	59.520	45.490		
45.500	369.250	56.000	38.500	463.750	45.500	37.200	0.000	0.000	37.200	45.500		
45.510	385.000	66.500	49.000	500.500	45.510	22.320	0.000	0.000	22.320	45.510		
45.520	399.000	73.500	56.000	528.500	45.520	9.300	0.000	0.000	9.300	45.520		
45.530	411.250	82.250	64.750	558.250	45.530	4.650	0.000	0.000	4.650	45.530		
45.540	421.750	91.000	71.750	584.500	45.540	1.860	0.000	0.000	1.860	45.540		
45.550	428.750	99.750	78.750	607.250	45.550	1.860	0.000	0.000	1.860	45.550		
45.560	434.000	108.500	87.500	630.000	45.560	1.860	0.000	0.000	1.860	45.560		
45.570	437.500	117.250	94.500	649.250	45.570	0.000	0.000	0.000	0.000	45.570		
45.580	432.500	124.560	102.070	659.130	45.580	0.000	0.000	0.000	0.000	45.580		
45.590	422.120	131.480	108.990	662.590	45.590	0.000	0.000	0.000	0.000	45.590		
45.600	413.470	136.670	114.180	664.320	45.600	0.000	0.000	0.000	0.000	45.600		
45.610	404.820	141.860	121.100	667.780	45.610	0.000	0.000	0.000	0.000	45.610		
45.620	389.250	143.590	126.290	659.130	45.620	0.000	0.000	0.000	0.000	45.620		
45.630	377.140	148.780	131.480	657.400	45.630	0.000	0.000	0.000	0.000	45.630		
45.640	363.300	152.240	138.400	653.940	45.640	0.000	0.000	0.000	0.000	45.640		
45.650	351.190	153.970	141.860	647.020	45.650	0.000	0.000	0.000	0.000	45.650		
45.660	337.350	153.970	143.590	634.910	45.660	0.000	0.000	0.000	0.000	45.660		
45.670	323.510	157.430	148.780	629.720	45.670	0.000	0.000	0.000	0.000	45.670		
45.680	309.670	157.430	152.240	619.340	45.680	0.000	0.000	0.000	0.000	45.680		
45.690	299.290	159.160	153.970	612.420	45.690	0.000	0.000	0.000	0.000	45.690		
45.700	287.180	159.160	159.160	605.500	45.700	0.000	0.000	0.000	0.000	45.700		
45.710	273.340	164.350	166.080	603.770	45.710	0.000	0.000	0.000	0.000	45.710		
45.720	264.690	166.080	169.540	600.310	45.720	0.000	0.000	0.000	0.000	45.720		
45.730	254.800	169.400	176.400	600.600	45.730	0.000	0.000	0.000	0.000	45.730		
45.740	245.000	172.200	182.000	599.200	45.740	0.000	0.000	0.000	0.000	45.740		
45.750	233.800	175.000	189.000	597.800	45.750	0.000	0.000	0.000	0.000	45.750		
45.760	226.800	179.200	197.400	603.400	45.760	0.000	0.000	0.000	0.000	45.760		
45.770	214.200	184.800	207.200	606.200	45.770	0.000	0.000	0.000	0.000	45.770		
45.780	204.400	186.200	217.000	607.600	45.780	0.000	0.000	0.000	0.000	45.780		
45.790	194.600	191.800	226.800	613.200	45.790	0.000	0.000	0.000	0.000	45.790		
45.800	182.000	197.400	239.400	618.800	45.800	2.500	0.000	0.000	2.500	45.800		
45.810	169.400	198.800	252.000	620.200	45.810	2.500	0.000	0.000	2.500	45.810		
45.820	156.800	204.400	264.600	625.800	45.820	2.500	0.000	0.000	2.500	45.820		
45.830	144.200	207.200	277.200	628.600	45.830	2.500	0.000	0.000	2.500	45.830		
45.840	131.600	211.400	294.000	637.000	45.840	2.500	0.000	0.000	2.500	45.840		
45.850	119.000	214.200	312.200	645.400	45.850	2.500	0.000	0.000	2.500	45.850		
45.860	105.000	217.000	329.000	651.000	45.860	0.000	0.000	0.000	0.000	45.860		
45.870	89.600	217.000	350.000	656.600	45.870	0.000	0.000	0.000	0.000	45.870		
45.880	75.200	216.200	373.650	665.050	45.880	2.500	0.000	0.000	2.500	45.880		
45.890	63.450	213.850	397.150	674.450	45.890	0.000	0.000	0.000	0.000	45.890		
45.900	54.050	209.150	420.650	683.850	45.900	0.000	0.000	0.000	0.000	45.900		
45.910	44.650	199.750	444.150	688.550	45.910	0.000	0.000	0.000	0.000	45.910		
45.920	39.950	188.000	470.000	697.950	45.920	0.000	0.000	0.000	0.000	45.920		
45.930	32.900	178.600	491.150	702.650	45.930	0.000	0.000	0.000	0.000	45.930		
45.940	28.200	169.200	512.300	709.700	45.940	0.000	0.000	0.000	0.000	45.940		
45.950	21.150	157.450	531.100	709.700	45.950	0.000	0.000	0.000	0.000	45.950		
45.960	16.450	145.700	549.900	712.050	45.960	0.000	0.000	12.210	12.210	45.960		
45.970	9.400	131.600	566.350	707.350	45.970	0.000	0.000	46.620	46.620	45.970		
45.980	4.700	119.850	575.750	700.300	45.980	0.000	0.000	79.920	79.920	45.980		
45.990	2.350	108.100	582.800	693.250	45.990	0.000	0.000	109.890	109.890	45.990		
46.000	0.000	98.700	587.500	686.200	46.000	0.000	0.000	136.530	136.530	46.000		
46.010	0.000	89.300	578.100	667.400	46.010	0.000	0.000	172.050	172.050	46.010		
46.020	0.000	79.900	571.050	650.950	46.020	2.220	2.220	209.790	214.230	46.020		
46.030	0.000	71.040	555.000	626.040	46.030	4.440	4.440	246.420	255.300	46.030		
46.040	0.000	64.380	532.800	597.180	46.040	6.660	6.660	277.500	290.820	46.040		
46.050	0.000	59.940	501.720	561.660	46.050	8.200	12.300	303.400	323.900	46.050		
46.060	0.000	53.280	466.200	519.480	46.060	12.300	14.350	321.850	348.500	46.060		
46.070	0.000	51.060	419.580	470.640	46.070	16.400	16.400	338.250	371.050	46.070		
46.080	0.000	46.620	359.640	406.260	46.080	18.450	24.600	354.650	397.700	46.080		
46.090	0.000	42.180	297.480	339.660	46.090	20.500	28.700	371.050	420.250	46.090		
46.100	0.000	33.300	233.100	266.400	46.100	26.650	36.900	391.550	455.100	46.100		
46.110	0.000	26.640	173.160	199.800	46.110	30.750	43.050	410.000	483.800	46.110		
46.120	0.000	15.540	124.320	139.860	46.120	38.950	53.300	424.350	516.600	46.120		
46.130	0.000	6.660	84.360	91.020	46.130	43.050	61.500	440.750	545.300	46.130		
46.140	0.000	0.000	53.280	53.280	46.140	49.200	69.700	459.200	578.100	46.140		
46.150	0.000	0.000	35.520	35.520	46.150	53.300	73.800	475.600	602.700	46.150		
46.160	0.000	0.000	22.200	22.200	46.160	57.400	79.950	489.950	627.300	46.160		
46.170	0.000	0.000	13.320	13.320	46.170	59.450	82.000	502.250	643.700	46.170		
46.180	0.000	0.000	10.000	10.000	46.180	61.500	86.100	508.400	656.000	46.180		
46.190	0.000	0.000	10.000	10.000	46.190	65.600	88.150	512.500	666.250	46.190		
46.200	0.000	0.000	10.000	10.000	46.200	69.020	97.440	507.500	673.960	46.200		
46.210	0.000	0.000	7.480	7.480	46.210	73.080	99.470	497.350	669.900	46.210		
46.220	0.000	0.000	5.000	5.000	46.220	77.140	101.500	487.200	665.840	46.220		
46.230	0.000	0.000	5.000	5.000	46.230	81.200	105.560	472.990	659.750	46.230		
46.240	0.000	0.000	5.000	5.000	46.240	83.230	109.620	460.810	653.660	46.240		
46.250	0.000	0.000	5.000	5.000	46.250	89.320	111.650	444.570	645.540	46.250		
46.260	0.000	0.000	2.480	2.480	46.260	93.380	115.710	428.330	637.420	46.260		
46.270	0.000	0.000	2.480	2.480	46.270	101.500	119.770	412.090	633.360	46.270		
46.280	0.000	0.000	0.000	0.000	46.280	105.560	123.830	393.820	623.210	46.280		
46.290	0.000	0.000	0.000	0.000	46.290	113.680	129.920	375.550	619.150	46.290		
46.300	0.000	0.000	0.000	0.000	46.300	121.800	131.950	359.310	613.060	46.300		
46.310	0.000	0.000	0.000	0.000	46.310	129.920	133.980	341.040	604.940	46.310		
46.320	0.000	0.000	0.000	0.000	46.320	136.010	138.040	324.800	598.850	46.320		
46.330	0.000	0.000	0.000	0.000	46.330	146.160	144.130	306.530	596.820	46.330		
46.340	0.000	0.000	0.000	0.000	46.340	154.280	146.160	288.260	588.700	46.340		
46.350	0.000	0.000	0.000	0.000	46.350	169.750	154.000	271.250	595.000	46.350		
46.360	0.000	0.000	0.000	0.000	46.360	182.000	157.500	257.250	596.750	46.360		
46.370	0.000	0.000	0.000	0.000	46.370	192.500	161.000	241.500	595.000	46.370		
46.380	0.000	0.000	0.000	0.000	46.380	206.500	164.500	224.000	595.000	46.380		
46.390	0.000	0.000	0.000	0.000	46.390	222.250	169.750	211.750	603.750	46.390		
46.400	0.000	0.000	0.000	0.000	46.400	234.500	171.500	196.000	602.000	46.400		
46.410	0.000	0.000	0.000	0.000	46.410	252.000	175.000	182.000	609.000	46.410		
46.420	0.000	0.000	0.000	0.000	46.420	271.250	176.750	166.250	614.250	46.420		
46.430	0.000	0.000	0.000	0.000	46.430	288.750	178.500	154.000	621.250	46.430		
46.440	0.000	0.000	0.000	0.000	46.440	309.750	176.750	140.000	626.500	46.440		
46.450	0.000	0.000	0.000	0.000	46.450	332.500	178.500	126.000	637.000	46.450		
46.460	0.000	0.000	0.000	0.000	46.460	353.500	178.500	113.750	645.750	46.460		
46.470	0.000	0.000	0.000	0.000	46.470	379.750	178.500	105.000	663.250	46.470		
46.480	0.000	0.000	0.000	0.000	46.480	406.000	178.500	91.000	675.500	46.480		
46.490	0.000	0.000	0.000	0.000	46.490	437.500	175.000	78.750	691.250	46.490		
46.500	0.000	0.000	0.000	0.000	46.500	463.360	166.400	66.560	696.320	46.500		
46.510	0.000	0.000	0.000	0.000	46.510	488.960	158.720	61.440	709.120	46.510		
46.520	0.000	0.000	0.000	0.000	46.520	514.560	151.040	53.760	719.360	46.520		
46.530	0.000	0.000	0.000	0.000	46.530	537.600	140.800	48.640	727.040	46.530		
46.540	0.000	0.000	0.000	0.000	46.540	560.640	130.560	46.080	737.280	46.540		
46.550	0.000	0.000	0.000	0.000	46.550	581.120	120.320	40.960	742.400	46.550		
46.560	0.000	0.000	0.000	0.000	46.560	601.600	110.080	35.840	747.520	46.560		
46.570	0.000	0.000	2.380	2.380	46.570	616.960	102.400	33.280	752.640	46.570		
46.580	0.000	0.000	0.000	0.000	46.580	629.760	92.160	28.160	750.080	46.580		
46.590	7.480	0.000	0.000	7.480	46.590	634.880	81.920	23.040	739.840	46.590		
46.600	24.820	0.000	0.000	24.820	46.600	640.000	74.240	15.360	729.600	46.600		
46.610	52.360	0.000	0.000	52.360	46.610	637.440	64.000	10.240	711.680	46.610		
46.620	85.000	0.000	0.000	85.000	46.620	632.320	56.320	5.120	693.760	46.620		
46.630	131.580	0.000	0.000	131.580	46.630	619.520	48.640	2.560	670.720	46.630		
46.640	177.480	0.000	0.000	177.480	46.640	601.600	40.960	0.000	642.560	46.640		
46.650	224.910	0.000	1.530	226.440	46.650	572.500	36.640	0.000	609.140	46.650		
46.660	272.340	4.590	6.120	283.050	46.660	528.990	32.060	0.000	561.050	46.660		
46.670	309.060	9.180	12.240	330.480	46.670	485.480	27.480	0.000	512.960	46.670		
46.680	336.600	16.830	13.770	367.200	46.680	430.520	22.900	0.000	453.420	46.680		
46.690	356.490	32.130	21.420	410.040	46.690	364.110	18.320	0.000	382.430	46.690		
46.700	367.200	39.780	32.130	439.110	46.700	290.830	16.030	0.000	306.860	46.700		
46.710	368.730	47.430	36.720	452.880	46.710	212.970	11.450	0.000	224.420	46.710		
46.720	371.790	53.550	41.310	466.650	46.720	148.850	4.580	0.000	153.430	46.720		
46.730	374.850	59.670	47.430	481.950	46.730	96.180	2.290	0.000	98.470	46.730		
46.740	374.850	64.260	52.020	491.130	46.740	59.540	0.000	0.000	59.540	46.740		
46.750	376.380	68.850	53.550	498.780	46.750	36.640	0.000	0.000	36.640	46.750		
46.760	379.440	74.970	59.670	514.080	46.760	20.610	0.000	0.000	20.610	46.760		
46.770	382.500	79.560	61.200	523.260	46.770	13.740	0.000	0.000	13.740	46.770		
46.780	387.040	86.920	63.960	537.920	46.780	11.450	0.000	0.000	11.450	46.780		
46.790	391.960	91.840	72.160	555.960	46.790	9.160	0.000	0.000	9.160	46.790		
46.800	398.520	98.400	77.080	574.000	46.800	10.000	0.000	0.000	10.000	46.800		
46.810	403.440	106.600	83.640	593.680	46.810	7.480	0.000	0.000	7.480	46.810		
46.820	406.720	111.520	88.560	606.800	46.820	7.480	0.000	0.000	7.480	46.820		
46.830	410.000	119.720	93.480	623.200	46.830	5.000	0.000	0.000	5.000	46.830		
46.840	410.000	121.360	101.680	633.040	46.840	5.000	0.000	0.000	5.000	46.840		
46.850	406.720	126.280	104.960	637.960	46.850	5.000	0.000	0.000	5.000	46.850		
46.860	401.800	131.200	109.880	642.880	46.860	2.480	0.000	0.000	2.480	46.860		
46.870	393.600	134.480	114.800	642.880	46.870	2.480	0.000	0.000	2.480	46.870		
46.880	383.760	139.400	121.360	644.520	46.880	2.480	0.000	0.000	2.480	46.880		
46.890	369.000	141.040	126.280	636.320	46.890	2.480	0.000	0.000	2.480	46.890		
46.900	354.240	144.320	131.200	629.760	46.900	0.000	0.000	0.000	0.000	46.900		
46.910	341.120	145.960	139.400	626.480	46.910	0.000	0.000	0.000	0.000	46.910		
46.920	326.360	149.240	145.960	621.560	46.920	0.000	0.000	0.000	0.000	46.920		
46.930	311.440	152.320	153.680	617.440	46.930	0.000	0.000	0.000	0.000	46.930		
46.940	299.200	156.400	164.560	620.160	46.940	0.000	0.000	0.000	0.000	46.940		
46.950	286.960	159.120	171.360	617.440	46.950	0.000	0.000	0.000	0.000	46.950		
46.960	274.720	164.560	182.240	621.520	46.960	0.000	0.000	0.000	0.000	46.960		
46.970	262.480	167.280	191.760	621.520	46.970	0.000	0.000	0.000	0.000	46.970		
46.980	251.600	171.360	201.280	624.240	46.980	0.000	0.000	0.000	0.000	46.980		
46.990	239.360	174.080	212.160	625.600	46.990	0.000	0.000	0.000	0.000	46.990		
47.000	229.840	176.800	221.680	628.320	47.000	0.000	0.000	0.000	0.000	47.000		
47.010	216.240	182.240	236.640	635.120	47.010	0.000	0.000	0.000	0.000	47.010		
47.020	204.000	184.960	248.880	637.840	47.020	0.000	0.000	0.000	0.000	47.020		
47.030	189.040	186.320	263.840	639.200	47.030	0.000	0.000	0.000	0.000	47.030		
47.040	176.800	191.760	281.520	650.080	47.040	0.000	0.000	0.000	0.000	47.040		
47.050	161.840	191.760	301.920	655.520	47.050	0.000	0.000	0.000	0.000	47.050		
47.060	144.160	194.480	322.320	660.960	47.060	2.500	0.000	0.000	2.500	47.060		
47.070	129.200	197.200	340.000	666.400	47.070	0.000	0.000	0.000	0.000	47.070		
47.080	110.250	196.000	360.150	666.400	47.080	0.000	0.000	0.000	0.000	47.080		
47.090	95.550	196.000	382.200	673.750	47.090	0.000	0.000	0.000	0.000	47.090		
47.100	80.850	193.550	401.800	676.200	47.100	0.000	0.000	0.000	0.000	47.100		
47.110	68.600	188.650	421.400	678.650	47.110	0.000	0.000	0.000	0.000	47.110		
47.120	58.800	183.750	443.450	686.000	47.120	0.000	0.000	0.000	0.000	47.120		
47.130	51.450	176.400	463.050	690.900	47.130	0.000	0.000	0.000	0.000	47.130		
47.140	46.550	169.050	485.100	700.700	47.140	0.000	0.000	0.000	0.000	47.140		
47.150	41.650	161.700	509.600	712.950	47.150	0.000	0.000	0.000	0.000	47.150		
47.160	36.750	151.900	529.200	717.850	47.160	0.000	0.000	0.000	0.000	47.160		
47.170	31.850	144.550	546.350	722.750	47.170	0.000	0.000	0.000	0.000	47.170		
47.180	26.950	134.750	568.400	730.100	47.180	0.000	0.000	0.000	0.000	47.180		
47.190	19.600	124.950	583.100	727.650	47.190	0.000	0.000	7.200	7.200	47.190		
47.200	14.700	110.250	595.350	720.300	47.200	0.000	0.000	40.000	40.000	47.200		
47.210	9.800	100.450	605.150	715.400	47.210	0.000	0.000	76.800	76.800	47.210		
47.220	7.350	88.200	612.500	708.050	47.220	0.000	0.000	116.800	116.800	47.220		
47.230	2.450	78.400	612.500	693.350	47.230	0.000	0.000	156.800	156.800	47.230		
47.240	0.000	68.600	602.700	671.300	47.240	2.400	0.000	200.000	202.400	47.240		
47.250	0.000	61.250	588.000	649.250	47.250	3.400	1.700	246.500	251.600	47.250		
47.260	0.000	53.900	568.400	622.300	47.260	6.800	3.400	287.300	297.500	47.260		
47.270	0.000	46.550	541.450	588.000	47.270	8.500	8.500	316.200	333.200	47.270		
47.280	0.000	41.650	507.150	548.800	47.280	11.900	11.900	341.700	365.500	47.280		
47.290	0.000	39.200	460.600	499.800	47.290	17.000	17.000	363.800	397.800	47.290		
47.300	0.000	34.300	406.700	441.000	47.300	18.700	22.100	379.100	419.900	47.300		
47.310	0.000	31.850	340.550	372.400	47.310	22.100	32.300	394.400	448.800	47.310		
47.320	0.000	26.950	264.600	291.550	47.320	28.900	49.300	414.800	493.000	47.320		
47.330	0.000	17.150	191.100	208.250	47.330	42.500	64.600	425.000	532.100	47.330		
47.340	0.000	7.350	132.300	139.650	47.340	56.100	85.000	419.900	561.000	47.340		
47.350	0.000	2.450	80.850	83.300	47.350	74.800	102.000	416.500	593.300	47.350		
47.360	0.000	0.000	51.450	51.450	47.360	91.800	122.400	416.500	630.700	47.360		
47.370	0.000	0.000	34.300	34.300	47.370	112.200	139.400	414.800	666.400	47.370		
47.380	0.000	0.000	25.000	25.000	47.380	129.200	149.600	411.400	690.200	47.380		
47.390	0.000	0.000	20.000	20.000	47.390	144.500	159.800	409.700	714.000	47.390		
47.400	0.000	0.000	17.500	17.500	47.400	153.900	168.480	405.000	727.380	47.400		
47.410	0.000	0.000	15.000	15.000	47.410	158.760	171.720	393.660	724.140	47.410		
47.420	0.000	0.000	12.500	12.500	47.420	158.760	174.960	383.940	717.660	47.420		
47.430	0.000	0.000	12.500	12.500	47.430	157.140	174.960	374.220	706.320	47.430		
47.440	0.000	0.000	10.000	10.000	47.440	153.900	171.720	366.120	691.740	47.440		
47.450	0.000	0.000	10.000	10.000	47.450	149.040	166.860	359.640	675.540	47.450		
47.460	0.000	0.000	10.000	10.000	47.460	139.320	158.760	356.400	654.480	47.460		
47.470	0.000	0.000	7.500	7.500	47.470	126.360	152.280	359.640	638.280	47.470		
47.480	0.000	0.000	5.000	5.000	47.480	113.400	140.940	364.500	618.840	47.480		
47.490	0.000	0.000	5.000	5.000	47.490	98.820	131.220	369.360	599.400	47.490		
47.500	0.000	0.000	5.000	5.000	47.500	92.340	126.360	370.980	589.680	47.500		
47.510	0.000	0.000	5.000	5.000	47.510	87.480	126.360	374.220	588.060	47.510		
47.520	0.000	0.000	5.000	5.000	47.520	87.480	126.360	369.360	583.200	47.520		
47.530	0.000	0.000	2.500	2.500	47.530	87.480	129.600	364.500	581.580	47.530		
47.540	0.000	0.000	2.500	2.500	47.540	87.480	134.460	354.780	576.720	47.540		
47.550	0.000	0.000	0.000	0.000	47.550	88.960	139.000	347.500	575.460	47.550		
47.560	0.000	0.000	2.500	2.500	47.560	91.740	141.780	336.380	569.900	47.560		
47.570	0.000	0.000	2.500	2.500	47.570	94.520	147.340	329.430	571.290	47.570		
47.580	0.000	0.000	0.000	0.000	47.580	97.300	151.510	319.700	568.510	47.580		
47.590	0.000	0.000	0.000	0.000	47.590	98.690	157.070	307.190	562.950	47.590		
47.600	0.000	0.000	0.000	0.000	47.600	104.250	161.240	297.460	562.950	47.600		
47.610	0.000	0.000	0.000	0.000	47.610	109.810	166.800	286.340	562.950	47.610		
47.620	0.000	0.000	0.000	0.000	47.620	116.760	172.360	276.610	565.730	47.620		
47.630	0.000	0.000	0.000	0.000	47.630	122.320	176.530	266.880	565.730	47.630		
47.640	0.000	0.000	0.000	0.000	47.640	126.490	182.090	257.150	565.730	47.640		
47.650	0.000	0.000	0.000	0.000	47.650	134.830	186.260	248.810	569.900	47.650		
47.660	0.000	0.000	0.000	0.000	47.660	141.780	191.820	241.860	575.460	47.660		
47.670	0.000	0.000	0.000	0.000	47.670	147.340	197.380	234.910	579.630	47.670		
47.680	0.000	0.000	0.000	0.000	47.680	157.070	201.550	226.570	585.190	47.680		
47.690	0.000	0.000	0.000	0.000	47.690	164.020	201.550	219.620	585.190	47.690		
47.700	0.000	0.000	0.000	0.000	47.700	175.750	207.200	209.050	592.000	47.700		
47.710	0.000	0.000	0.000	0.000	47.710	185.000	210.900	199.800	595.700	47.710		
47.720	0.000	0.000	0.000	0.000	47.720	196.100	214.600	186.850	597.550	47.720		
47.730	0.000	0.000	0.000	0.000	47.730	209.050	216.450	175.750	601.250	47.730		
47.740	0.000	0.000	0.000	0.000	47.740	223.850	216.450	160.950	601.250	47.740		
47.750	0.000	0.000	0.000	0.000	47.750	242.350	218.300	149.850	610.500	47.750		
47.760	0.000	0.000	0.000	0.000	47.760	260.850	216.450	133.200	610.500	47.760		
47.770	0.000	0.000	0.000	0.000	47.770	281.200	210.900	118.400	610.500	47.770		
47.780	0.000	0.000	0.000	0.000	47.780	303.400	207.200	103.600	614.200	47.780		
47.790	0.000	0.000	0.000	0.000	47.790	329.300	201.650	94.350	625.300	47.790		
47.800	0.000	0.000	0.000	0.000	47.800	353.350	192.400	81.400	627.150	47.800		
47.810	0.000	0.000	0.000	0.000	47.810	381.100	181.300	68.450	630.850	47.810		
47.820	0.000	0.000	0.000	0.000	47.820	410.700	172.050	59.200	641.950	47.820		
47.830	0.000	0.000	0.000	0.000	47.830	438.450	159.100	51.800	649.350	47.830		
47.840	6.960	0.000	0.000	6.960	47.840	462.500	149.850	49.950	662.300	47.840		
47.850	13.920	0.000	0.000	13.920	47.850	478.170	132.480	41.400	652.050	47.850		
47.860	26.680	0.000	0.000	26.680	47.860	494.730	117.990	39.330	652.050	47.860		
47.870	44.080	0.000	0.000	44.080	47.870	503.010	105.570	33.120	641.700	47.870		
47.880	71.920	0.000	0.000	71.920	47.880	511.290	93.150	28.980	633.420	47.880		
47.890	104.400	0.000	0.000	104.400	47.890	517.500	84.870	24.840	627.210	47.890		
47.900	139.200	0.000	0.000	139.200	47.900	517.500	72.450	16.560	606.510	47.900		
47.910	179.800	2.320	2.320	184.440	47.910	511.290	62.100	12.420	585.810	47.910		
47.920	214.600	6.960	6.960	228.520	47.920	500.940	51.750	6.210	558.900	47.920		
47.930	242.440	13.920	11.600	267.960	47.930	486.450	43.470	4.140	534.060	47.930		
47.940	264.480	29.000	26.680	320.160	47.940	463.680	37.260	0.000	500.940	47.940		
47.950	277.240	34.800	37.120	349.160	47.950	434.700	31.050	0.000	465.750	47.950		
47.960	281.880	39.440	44.080	365.400	47.960	397.440	24.840	0.000	422.280	47.960		
47.970	290.000	46.400	52.200	388.600	47.970	349.830	16.560	0.000	366.390	47.970		
47.980	299.460	54.740	59.570	413.770	47.980	285.660	8.280	0.000	293.940	47.980		
47.990	309.120	56.350	59.570	425.040	47.990	221.490	4.140	0.000	225.630	47.990		
48.000	322.000	61.180	61.180	444.360	48.000	155.000	0.000	0.000	155.000	48.000		
48.010	331.660	66.010	66.010	463.680	48.010	107.260	0.000	0.000	107.260	48.010		
48.020	344.540	74.060	72.450	491.050	48.020	69.440	0.000	0.000	69.440	48.020		
48.030	357.420	78.890	74.060	510.370	48.030	42.160	0.000	0.000	42.160	48.030		
48.040	368.690	86.940	82.110	537.740	48.040	27.280	0.000	0.000	27.280	48.040		
48.050	381.570	96.600	83.720	561.890	48.050	19.840	0.000	0.000	19.840	48.050		
48.060	391.230	104.650	88.550	584.430	48.060	17.360	0.000	0.000	17.360	48.060		
48.070	399.280	114.310	94.990	608.580	48.070	12.400	0.000	0.000	12.400	48.070		
48.080	402.500	119.140	99.820	621.460	48.080	12.400	0.000	0.000	12.400	48.080		
48.090	402.500	123.970	99.820	626.290	48.090	9.920	0.000	0.000	9.920	48.090		
48.100	402.500	128.800	106.260	637.560	48.100	9.920	0.000	0.000	9.920	48.100		
48.110	399.280	136.850	109.480	645.610	48.110	9.920	0.000	0.000	9.920	48.110		
48.120	394.450	141.680	111.090	647.220	48.120	7.440	0.000	0.000	7.440	48.120		
48.130	387.500	147.250	116.250	651.000	48.130	4.960	0.000	0.000	4.960	48.130		
48.140	376.650	148.800	122.450	647.900	48.140	4.960	0.000	0.000	4.960	48.140		
48.150	367.350	151.900	124.000	643.250	48.150	5.000	0.000	0.000	5.000	48.150		
48.160	356.500	156.550	128.650	641.700	48.160	5.000	0.000	0.000	5.000	48.160		
48.170	344.100	159.650	131.750	635.500	48.170	2.500	0.000	0.000	2.500	48.170		
48.180	331.700	161.200	134.850	627.750	48.180	2.500	0.000	0.000	2.500	48.180		
48.190	322.400	161.200	139.500	623.100	48.190	2.500	0.000	0.000	2.500	48.190		
48.200	310.000	164.300	141.050	615.350	48.200	0.000	0.000	0.000	0.000	48.200		
48.210	296.050	164.300	144.150	604.500	48.210	0.000	0.000	0.000	0.000	48.210		
48.220	283.650	167.400	148.800	599.850	48.220	0.000	0.000	0.000	0.000	48.220		
48.230	271.250	168.950	155.000	595.200	48.230	0.000	0.000	0.000	0.000	48.230		
48.240	261.950	168.950	164.300	595.200	48.240	0.000	0.000	0.000	0.000	48.240		
48.250	254.200	173.600	168.950	596.750	48.250	0.000	0.000	0.000	0.000	48.250		
48.260	246.450	176.700	176.700	599.850	48.260	0.000	0.000	0.000	0.000	48.260		
48.270	238.700	179.800	184.450	602.950	48.270	0.000	0.000	0.000	0.000	48.270		
48.280	229.100	181.700	194.340	605.140	48.280	0.000	0.000	0.000	0.000	48.280		
48.290	221.200	184.860	203.820	609.880	48.290	0.000	0.000	0.000	0.000	48.290		
48.300	214.880	189.600	214.880	619.360	48.300	0.000	0.000	0.000	0.000	48.300		
48.310	206.980	189.600	225.940	622.520	48.310	0.000	0.000	0.000	0.000	48.310		
48.320	199.080	194.340	237.000	630.420	48.320	0.000	0.000	0.000	0.000	48.320		
48.330	191.180	199.080	251.220	641.480	48.330	0.000	0.000	0.000	0.000	48.330		
48.340	181.700	202.240	262.280	646.220	48.340	0.000	0.000	0.000	0.000	48.340		
48.350	172.220	203.820	276.500	652.540	48.350	0.000	0.000	0.000	0.000	48.350		
48.360	161.160	206.980	289.140	657.280	48.360	0.000	0.000	0.000	0.000	48.360		
48.370	151.680	211.720	304.940	668.340	48.370	0.000	0.000	0.000	0.000	48.370		
48.380	137.460	211.720	319.160	668.340	48.380	0.000	0.000	0.000	0.000	48.380		
48.390	124.820	214.880	339.700	679.400	48.390	0.000	0.000	0.000	0.000	48.390		
48.400	112.180	214.880	357.080	684.140	48.400	0.000	0.000	0.000	0.000	48.400		
48.410	99.540	214.880	376.040	690.460	48.410	0.000	0.000	0.000	0.000	48.410		
48.420	83.740	211.720	395.000	690.460	48.420	0.000	0.000	0.000	0.000	48.420		
48.430	74.560	212.030	419.400	705.990	48.430	0.000	0.000	0.000	0.000	48.430		
48.440	62.910	202.710	438.040	703.660	48.440	0.000	0.000	0.000	0.000	48.440		
48.450	55.920	198.050	461.340	715.310	48.450	0.000	0.000	0.000	0.000	48.450		
48.460	51.260	193.390	484.640	729.290	48.460	0.000	0.000	0.000	0.000	48.460		
48.470	46.600	184.070	500.950	731.620	48.470	0.000	0.000	0.000	0.000	48.470		
48.480	39.610	174.750	521.920	736.280	48.480	0.000	0.000	11.770	11.770	48.480		
48.490	37.280	163.100	540.560	740.940	48.490	0.000	0.000	34.240	34.240	48.490		
48.500	30.290	153.780	554.540	738.610	48.500	0.000	0.000	56.710	56.710	48.500		
48.510	23.300	139.800	568.520	731.620	48.510	0.000	0.000	86.670	86.670	48.510		
48.520	16.310	125.820	575.510	717.640	48.520	0.000	0.000	116.630	116.630	48.520		
48.530	11.650	114.170	582.500	708.320	48.530	0.000	0.000	144.450	144.450	48.530		
48.540	6.990	104.850	582.500	694.340	48.540	0.000	0.000	174.410	174.410	48.540		
48.550	4.660	93.200	570.850	668.710	48.550	2.140	2.140	202.230	206.510	48.550		
48.560	0.000	83.880	561.530	645.410	48.560	2.140	4.280	224.700	231.120	48.560		
48.570	0.000	76.890	545.220	622.110	48.570	4.280	4.280	239.680	248.240	48.570		
48.580	0.000	68.640	520.000	588.640	48.580	7.490	7.490	251.450	266.430	48.580		
48.590	0.000	62.400	484.640	547.040	48.590	9.630	11.770	267.500	288.900	48.590		
48.600	0.000	58.240	447.200	505.440	48.600	13.370	17.190	288.410	318.970	48.600		
48.610	0.000	58.240	397.280	455.520	48.610	17.190	21.010	309.420	347.620	48.610		
48.620	0.000	56.160	336.960	393.120	48.620	24.830	32.470	328.520	385.820	48.620		
48.630	0.000	52.000	274.560	326.560	48.630	34.380	42.020	349.530	425.930	48.630		
48.640	0.000	43.680	214.240	257.920	48.640	43.930	49.660	364.810	458.400	48.640		
48.650	0.000	33.280	158.080	191.360	48.650	49.660	57.300	382.000	488.960	48.650		
48.660	0.000	24.960	112.320	137.280	48.660	59.210	64.940	401.100	525.250	48.660		
48.670	0.000	16.640	74.880	91.520	48.670	66.850	70.670	422.110	559.630	48.670		
48.680	0.000	6.240	49.920	56.160	48.680	70.670	78.310	437.390	586.370	48.680		
48.690	0.000	2.080	33.280	35.360	48.690	78.310	84.040	450.760	613.110	48.690		
48.700	0.000	0.000	18.720	18.720	48.700	85.950	89.770	464.130	639.850	48.700		
48.710	0.000	0.000	16.640	16.640	48.710	89.770	97.410	471.770	658.950	48.710		
48.720	0.000	0.000	14.560	14.560	48.720	93.590	101.230	477.500	672.320	48.720		
48.730	0.000	0.000	10.000	10.000	48.730	99.320	103.140	477.500	679.960	48.730		
48.740	0.000	0.000	10.000	10.000	48.740	106.960	108.870	471.770	687.600	48.740		
48.750	0.000	0.000	7.480	7.480	48.750	111.000	114.700	462.500	688.200	48.750		
48.760	0.000	0.000	5.000	5.000	48.760	118.400	114.700	451.400	684.500	48.760		
48.770	0.000	0.000	5.000	5.000	48.770	122.100	114.700	438.450	675.250	48.770		
48.780	0.000	0.000	5.000	5.000	48.780	131.350	116.550	423.650	671.550	48.780		
48.790	0.000	0.000	2.480	2.480	48.790	136.900	116.550	410.700	664.150	48.790		
48.800	0.000	0.000	2.480	2.480	48.800	142.450	116.550	395.900	654.900	48.800		
48.810	0.000	0.000	2.480	2.480	48.810	146.150	116.550	384.800	647.500	48.810		
48.820	0.000	0.000	0.000	0.000	48.820	153.550	118.400	370.000	641.950	48.820		
48.830	0.000	0.000	0.000	0.000	48.830	159.100	118.400	357.050	634.550	48.830		
48.840	0.000	0.000	0.000	0.000	48.840	166.500	118.400	342.250	627.150	48.840		
48.850	0.000	0.000	0.000	0.000	48.850	172.050	118.400	329.300	619.750	48.850		
48.860	0.000	0.000	0.000	0.000	48.860	179.450	122.100	316.350	617.900	48.860		
48.870	0.000	0.000	0.000	0.000	48.870	185.000	122.100	303.400	610.500	48.870		
48.880	0.000	0.000	0.000	0.000	48.880	192.400	123.950	294.150	610.500	48.880		
48.890	0.000	0.000	0.000	0.000	48.890	196.100	125.800	284.900	606.800	48.890		
48.900	0.000	0.000	0.000	0.000	48.900	207.270	129.720	272.130	609.120	48.900		
48.910	0.000	0.000	0.000	0.000	48.910	217.140	131.130	263.670	611.940	48.910		
48.920	0.000	0.000	0.000	0.000	48.920	224.190	133.950	256.620	614.760	48.920		
48.930	0.000	0.000	0.000	0.000	48.930	231.240	136.770	249.570	617.580	48.930		
48.940	0.000	0.000	0.000	0.000	48.940	241.110	143.820	241.110	626.040	48.940		
48.950	0.000	0.000	0.000	0.000	48.950	252.390	146.640	236.880	635.910	48.950		
48.960	0.000	0.000	0.000	0.000	48.960	262.260	152.280	229.830	644.370	48.960		
48.970	0.000	0.000	0.000	0.000	48.970	269.310	153.690	221.370	644.370	48.970		
48.980	0.000	0.000	0.000	0.000	48.980	279.180	159.330	219.960	658.470	48.980		
48.990	0.000	0.000	0.000	0.000	48.990	289.050	166.380	211.500	666.930	48.990		
49.000	0.000	0.000	0.000	0.000	49.000	301.740	169.200	204.450	675.390	49.000		
49.010	0.000	0.000	0.000	0.000	49.010	311.610	174.840	197.400	683.850	49.010		
49.020	0.000	0.000	0.000	0.000	49.020	321.480	176.250	188.940	686.670	49.020		
49.030	0.000	0.000	0.000	0.000	49.030	336.990	181.890	179.070	697.950	49.030		
49.040	0.000	0.000	0.000	0.000	49.040	352.500	184.710	166.380	703.590	49.040		
49.050	0.000	0.000	0.000	0.000	49.050	366.240	183.120	154.780	704.140	49.050		
49.060	0.000	0.000	0.000	0.000	49.060	379.320	183.120	141.700	704.140	49.060		
49.070	0.000	0.000	0.000	0.000	49.070	392.400	183.120	128.620	704.140	49.070		
49.080	0.000	0.000	0.000	0.000	49.080	405.480	180.940	115.540	701.960	49.080		
49.090	0.000	0.000	0.000	0.000	49.090	418.560	176.580	104.640	699.780	49.090		
49.100	0.000	0.000	0.000	0.000	49.100	433.820	172.220	89.380	695.420	49.100		
49.110	0.000	0.000	0.000	0.000	49.110	449.080	165.680	78.480	693.240	49.110		
49.120	0.000	0.000	0.000	0.000	49.120	464.340	156.960	69.760	691.060	49.120		
49.130	0.000	0.000	0.000	0.000	49.130	479.600	146.060	63.220	688.880	49.130		
49.140	2.380	0.000	0.000	2.380	49.140	494.860	139.520	58.860	693.240	49.140		
49.150	9.940	0.000	0.000	9.940	49.150	505.760	126.440	54.500	686.700	49.150		
49.160	19.880	0.000	0.000	19.880	49.160	518.840	115.540	47.960	682.340	49.160		
49.170	35.000	0.000	0.000	35.000	49.170	529.740	106.820	45.780	682.340	49.170		
49.180	61.600	0.000	0.000	61.600	49.180	538.460	95.920	41.420	675.800	49.180		
49.190	84.000	0.000	0.000	84.000	49.190	545.000	82.840	37.060	664.900	49.190		
49.200	109.760	0.000	0.000	109.760	49.200	550.000	74.800	33.000	657.800	49.200		
49.210	136.640	0.000	0.000	136.640	49.210	550.000	63.800	28.600	642.400	49.210		
49.220	164.640	0.000	0.000	164.640	49.220	543.400	57.200	24.200	624.800	49.220		
49.230	187.040	4.480	2.240	193.760	49.230	534.600	46.200	15.400	596.200	49.230		
49.240	204.960	6.720	6.720	218.400	49.240	521.400	41.800	11.000	574.200	49.240		
49.250	219.520	12.320	6.720	238.560	49.250	503.800	37.400	8.800	550.000	49.250		
49.260	227.360	19.040	14.560	260.960	49.260	481.800	30.800	6.600	519.200	49.260		
49.270	234.080	26.880	22.400	283.360	49.270	453.200	26.400	2.200	481.800	49.270		
49.280	237.440	32.480	26.880	296.800	49.280	418.000	22.000	0.000	440.000	49.280		
49.290	241.920	34.720	34.720	311.360	49.290	376.200	15.400	0.000	391.600	49.290		
49.300	252.000	41.440	41.440	334.880	49.300	321.200	13.200	0.000	334.400	49.300		
49.310	264.320	47.040	47.040	358.400	49.310	264.000	8.800	0.000	272.800	49.310		
49.320	280.000	51.520	54.880	386.400	49.320	202.400	6.600	0.000	209.000	49.320		
49.330	295.840	56.760	58.480	411.080	49.330	143.000	2.200	0.000	145.200	49.330		
49.340	314.760	61.920	63.640	440.320	49.340	101.200	0.000	0.000	101.200	49.340		
49.350	333.680	68.800	68.800	471.280	49.350	65.000	0.000	0.000	65.000	49.350		
49.360	356.040	73.960	73.960	503.960	49.360	42.380	0.000	0.000	42.380	49.360		
49.370	374.960	80.840	80.840	536.640	49.370	27.300	0.000	0.000	27.300	49.370		
49.380	392.160	89.440	86.000	567.600	49.380	17.420	0.000	0.000	17.420	49.380		
49.390	404.200	94.600	91.160	589.960	49.390	12.480	0.000	0.000	12.480	49.390		
49.400	414.520	99.760	96.320	610.600	49.400	9.880	0.000	0.000	9.880	49.400		
49.410	419.680	104.920	101.480	626.080	49.410	9.880	0.000	0.000	9.880	49.410		
49.420	424.840	108.360	108.360	641.560	49.420	7.280	0.000	0.000	7.280	49.420		
49.430	430.000	113.520	113.520	657.040	49.430	7.280	0.000	0.000	7.280	49.430		
49.440	426.560	116.960	118.680	662.200	49.440	7.280	0.000	0.000	7.280	49.440		
49.450	424.840	118.680	123.840	667.360	49.450	4.940	0.000	0.000	4.940	49.450		
49.460	419.680	122.120	129.000	670.800	49.460	4.940	0.000	0.000	4.940	49.460		
49.470	411.080	123.840	134.160	669.080	49.470	2.340	0.000	0.000	2.340	49.470		
49.480	402.500	127.190	138.460	668.150	49.480	2.340	0.000	0.000	2.340	49.480		
49.490	389.620	128.800	144.900	663.320	49.490	2.340	0.000	0.000	2.340	49.490		
49.500	376.740	128.800	146.510	652.050	49.500	0.000	0.000	0.000	0.000	49.500		
49.510	363.860	128.800	151.340	644.000	49.510	2.500	0.000	0.000	2.500	49.510		
49.520	350.980	128.800	151.340	631.120	49.520	0.000	0.000	0.000	0.000	49.520		
49.530	339.710	132.020	156.170	627.900	49.530	0.000	0.000	0.000	0.000	49.530		
49.540	328.440	132.020	159.390	619.850	49.540	0.000	0.000	0.000	0.000	49.540		
49.550	318.780	132.020	161.000	611.800	49.550	0.000	0.000	0.000	0.000	49.550		
49.560	312.340	133.630	167.440	613.410	49.560	0.000	0.000	0.000	0.000	49.560		
49.570	304.290	136.850	172.270	613.410	49.570	0.000	0.000	0.000	0.000	49.570		
49.580	296.240	141.680	177.100	615.020	49.580	0.000	0.000	0.000	0.000	49.580		
49.590	291.410	144.900	181.930	618.240	49.590	0.000	0.000	0.000	0.000	49.590		
49.600	286.580	146.510	189.980	623.070	49.600	2.500	0.000	0.000	2.500	49.600		
49.610	281.750	151.340	191.590	624.680	49.610	2.500	0.000	0.000	2.500	49.610		
49.620	276.920	154.560	199.640	631.120	49.620	2.500	0.000	0.000	2.500	49.620		
49.630	268.960	159.080	209.920	637.960	49.630	2.500	0.000	0.000	2.500	49.630		
49.640	262.400	164.000	219.760	646.160	49.640	5.000	2.500	0.000	7.500	49.640		
49.650	254.200	168.920	229.600	652.720	49.650	2.480	0.000	0.000	2.480	49.650		
49.660	246.000	177.120	241.080	664.200	49.660	4.960	2.480	0.000	7.440	49.660		
49.670	236.160	182.040	257.480	675.680	49.670	4.960	0.000	0.000	4.960	49.670		
49.680	229.600	188.600	272.240	690.440	49.680	4.960	0.000	0.000	4.960	49.680		
49.690	216.480	193.520	287.000	697.000	49.690	2.480	0.000	0.000	2.480	49.690		
49.700	206.640	198.440	301.760	706.840	49.700	0.000	0.000	0.000	0.000	49.700		
49.710	191.880	198.440	316.520	706.840	49.710	0.000	0.000	0.000	0.000	49.710		
49.720	177.120	201.720	331.280	710.120	49.720	0.000	0.000	0.000	0.000	49.720		
49.730	159.080	201.720	344.400	705.200	49.730	0.000	0.000	0.000	0.000	49.730		
49.740	144.320	198.440	362.440	705.200	49.740	0.000	0.000	0.000	0.000	49.740		
49.750	126.280	196.800	377.200	700.280	49.750	0.000	0.000	0.000	0.000	49.750		
49.760	106.600	191.880	393.600	692.080	49.760	0.000	2.480	0.000	2.480	49.760		
49.770	88.560	186.960	410.000	685.520	49.770	0.000	0.000	0.000	0.000	49.770		
49.780	73.260	176.220	423.720	673.200	49.780	0.000	2.480	7.440	9.920	49.780		
49.790	63.360	166.320	435.600	665.280	49.790	0.000	2.480	20.000	22.480	49.790		
49.800	53.460	154.440	447.480	655.380	49.800	0.000	4.760	39.270	44.030	49.800		
49.810	49.500	144.540	459.360	653.400	49.810	0.000	4.760	64.260	69.020	49.810		
49.820	43.560	134.640	469.260	647.460	49.820	0.000	7.140	99.960	107.100	49.820		
49.830	39.600	120.780	479.160	639.540	49.830	0.000	9.520	141.610	151.130	49.830		
49.840	33.660	108.900	487.080	629.640	49.840	2.380	11.900	186.830	201.110	49.840		
49.850	29.700	100.980	495.000	625.680	49.850	7.140	16.660	221.340	245.140	49.850		
49.860	19.800	89.100	491.040	599.940	49.860	11.900	24.990	246.330	283.220	49.860		
49.870	13.860	79.200	487.080	580.140	49.870	21.420	32.130	259.420	312.970	49.870		
49.880	11.880	69.300	477.180	558.360	49.880	32.130	36.890	261.800	330.820	49.880		
49.890	5.940	61.380	461.340	528.660	49.890	39.270	39.270	264.180	342.720	49.890		
49.900	1.980	53.460	439.560	495.000	49.900	44.030	46.410	266.560	357.000	49.900		
49.910	0.000	49.500	409.860	459.360	49.910	49.980	49.980	271.320	371.280	49.910		
49.920	0.000	43.560	376.200	419.760	49.920	52.360	52.360	277.270	381.990	49.920		
49.930	0.000	39.600	330.000	369.600	49.930	52.360	54.740	284.410	391.510	49.930		
49.940	0.000	34.320	289.080	323.400	49.940	54.740	59.500	297.500	411.740	49.940		
49.950	0.000	29.040	244.200	273.240	49.950	54.300	61.540	309.510	425.350	49.950		
49.960	0.000	22.440	199.320	221.760	49.960	56.110	66.970	325.800	448.880	49.960		
49.970	0.000	14.520	154.440	168.960	49.970	56.110	72.400	342.090	470.600	49.970		
49.980	0.000	6.600	114.840	121.440	49.980	56.110	76.020	362.000	494.130	49.980		
49.990	0.000	1.320	76.560	77.880	49.990	59.730	79.640	378.290	517.660	49.990		
50.000	0.000	0.000	51.480	51.480	50.000	56.110	83.260	396.390	535.760	50.000		
50.010	1.320	0.000	34.320	35.640	50.010	56.110	86.880	409.060	552.050	50.010		
50.020	1.320	0.000	22.440	23.760	50.020	56.110	88.690	421.730	566.530	50.020		
50.030	1.320	0.000	17.160	18.480	50.030	56.110	92.310	434.400	582.820	50.030		
50.040	1.320	0.000	11.880	13.200	50.040	56.110	94.120	441.640	591.870	50.040		
50.050	1.320	0.000	9.240	10.560	50.050	56.110	99.550	448.880	604.540	50.050		
50.060	0.000	0.000	6.600	6.600	50.060	59.730	101.360	452.500	613.590	50.060		
50.070	0.000	0.000	3.960	3.960	50.070	61.540	104.980	452.500	619.020	50.070		
50.080	0.000	0.000	5.000	5.000	50.080	61.540	104.980	448.880	615.400	50.080		
50.090	0.000	0.000	2.500	2.500	50.090	63.350	106.790	448.880	619.020	50.090		
50.100	0.000	0.000	2.500	2.500	50.100	64.080	108.580	445.000	617.660	50.100		
50.110	0.000	0.000	2.500	2.500	50.110	65.860	108.580	439.660	614.100	50.110		
50.120	0.000	0.000	0.000	0.000	50.120	69.420	108.580	430.760	608.760	50.120		
50.130	0.000	0.000	0.000	0.000	50.130	71.200	112.140	427.200	610.540	50.130		
50.140	0.000	0.000	0.000	0.000	50.140	74.760	108.580	421.860	605.200	50.140		
50.150	0.000	0.000	0.000	0.000	50.150	76.540	108.580	416.520	601.640	50.150		
50.160	0.000	0.000	0.000	0.000	50.160	78.320	106.800	411.180	596.300	50.160		
50.170	0.000	0.000	0.000	0.000	50.170	81.880	106.800	405.840	594.520	50.170		
50.180	0.000	0.000	0.000	0.000	50.180	89.000	106.800	405.840	601.640	50.180		
50.190	0.000	0.000	0.000	0.000	50.190	90.780	106.800	404.060	601.640	50.190		
50.200	0.000	0.000	0.000	0.000	50.200	99.680	103.240	402.280	605.200	50.200		
50.210	0.000	0.000	0.000	0.000	50.210	101.460	103.240	398.720	603.420	50.210		
50.220	0.000	0.000	0.000	0.000	50.220	108.580	103.240	398.720	610.540	50.220		
50.230	0.000	0.000	0.000	0.000	50.230	112.140	103.240	398.720	614.100	50.230		
50.240	0.000	0.000	0.000	0.000	50.240	113.920	106.800	398.720	619.440	50.240		
50.250	0.000	0.000	0.000	0.000	50.250	119.140	106.260	399.280	624.680	50.250		
50.260	0.000	0.000	0.000	0.000	50.260	122.360	109.480	399.280	631.120	50.260		
50.270	0.000	0.000	0.000	0.000	50.270	123.970	109.480	402.500	635.950	50.270		
50.280	0.000	0.000	0.000	0.000	50.280	127.190	111.090	402.500	640.780	50.280		
50.290	0.000	0.000	0.000	0.000	50.290	128.800	114.310	402.500	645.610	50.290		
50.300	0.000	0.000	0.000	0.000	50.300	133.630	115.920	396.060	645.610	50.300		
50.310	0.000	0.000	0.000	0.000	50.310	136.850	122.360	394.450	653.660	50.310		
50.320	0.000	0.000	0.000	0.000	50.320	138.460	122.360	391.230	652.050	50.320		
50.330	0.000	0.000	0.000	0.000	50.330	144.900	127.190	386.400	658.490	50.330		
50.340	0.000	0.000	0.000	0.000	50.340	149.730	128.800	379.960	658.490	50.340		
50.350	0.000	0.000	0.000	0.000	50.350	154.560	132.020	371.910	658.490	50.350		
50.360	0.000	0.000	0.000	0.000	50.360	159.390	133.630	362.250	655.270	50.360		
50.370	0.000	0.000	0.000	0.000	50.370	167.440	138.460	350.980	656.880	50.370		
50.380	0.000	0.000	0.000	0.000	50.380	172.270	141.680	341.320	655.270	50.380		
50.390	0.000	0.000	0.000	0.000	50.390	178.710	144.900	331.660	655.270	50.390		
50.400	0.000	0.000	0.000	0.000	50.400	184.470	147.060	322.500	654.030	50.400		
50.410	0.000	0.000	0.000	0.000	50.410	189.630	149.640	309.600	648.870	50.410		
50.420	0.000	0.000	0.000	0.000	50.420	197.370	149.640	296.700	643.710	50.420		
50.430	0.000	0.000	0.000	0.000	50.430	203.820	152.220	286.380	642.420	50.430		
50.440	0.000	0.000	0.000	0.000	50.440	211.560	154.800	274.770	641.130	50.440		
50.450	0.000	0.000	0.000	0.000	50.450	216.720	154.800	261.870	633.390	50.450		
50.460	0.000	0.000	0.000	0.000	50.460	224.460	157.380	248.970	630.810	50.460		
50.470	7.280	0.000	0.000	7.280	50.470	229.620	157.380	237.360	624.360	50.470		
50.480	12.320	0.000	0.000	12.320	50.480	239.940	159.960	221.880	621.780	50.480		
50.490	22.400	0.000	0.000	22.400	50.490	248.970	157.380	206.400	612.750	50.490		
50.500	35.000	0.000	0.000	35.000	50.500	259.290	157.380	189.630	606.300	50.500		
50.510	52.360	0.000	0.000	52.360	50.510	269.610	157.380	174.150	601.140	50.510		
50.520	70.000	0.000	0.000	70.000	50.520	279.930	154.800	157.380	592.110	50.520		
50.530	92.250	0.000	0.000	92.250	50.530	288.960	152.220	136.740	577.920	50.530		
50.540	116.850	0.000	0.000	116.850	50.540	299.280	147.060	117.390	563.730	50.540		
50.550	143.910	0.000	0.000	143.910	50.550	311.850	139.050	97.200	548.100	50.550		
50.560	174.660	2.460	2.460	179.580	50.560	319.950	129.600	82.350	531.900	50.560		
50.570	199.260	4.920	4.920	209.100	50.570	326.700	121.500	68.850	517.050	50.570		
50.580	218.940	12.300	7.380	238.620	50.580	334.800	109.350	62.100	506.250	50.580		
50.590	234.930	17.220	12.300	264.450	50.590	337.500	97.200	54.000	488.700	50.590		
50.600	247.230	24.600	19.680	291.510	50.600	337.500	89.100	51.300	477.900	50.600		
50.610	254.610	27.060	24.600	306.270	50.610	337.500	79.650	44.550	461.700	50.610		
50.620	259.530	31.980	27.060	318.570	50.620	329.400	68.850	39.150	437.400	50.620		
50.630	266.910	34.440	34.440	335.790	50.630	319.950	62.100	36.450	418.500	50.630		
50.640	276.750	39.360	36.900	353.010	50.640	303.750	54.000	32.400	390.150	50.640		
50.650	289.050	44.280	41.820	375.150	50.650	286.200	47.250	24.300	357.750	50.650		
50.660	296.430	46.740	46.740	389.910	50.660	264.600	41.850	16.200	322.650	50.660		
50.670	307.500	49.200	49.200	405.900	50.670	236.250	36.450	9.450	282.150	50.670		
50.680	315.840	53.760	53.760	423.360	50.680	209.250	29.700	6.750	245.700	50.680		
50.690	325.920	57.120	57.120	440.160	50.690	174.150	21.600	1.350	197.100	50.690		
50.700	336.000	62.160	58.800	456.960	50.700	140.000	14.560	0.000	154.560	50.700		
50.710	346.080	63.840	62.160	472.080	50.710	106.960	7.280	0.000	114.240	50.710		
50.720	356.160	67.200	67.200	490.560	50.720	79.520	2.240	0.000	81.760	50.720		
50.730	364.560	68.880	68.880	502.320	50.730	57.120	0.000	0.000	57.120	50.730		
50.740	371.280	73.920	72.240	517.440	50.740	39.760	0.000	0.000	39.760	50.740		
50.750	381.360	78.960	73.920	534.240	50.750	27.440	0.000	0.000	27.440	50.750		
50.760	389.760	82.320	77.280	549.360	50.760	12.320	0.000	0.000	12.320	50.760		
50.770	396.480	87.360	82.320	566.160	50.770	4.480	0.000	0.000	4.480	50.770		
50.780	401.520	89.040	82.320	572.880	50.780	0.000	0.000	0.000	0.000	50.780		
50.790	409.920	94.080	87.360	591.360	50.790	0.000	0.000	0.000	0.000	50.790		
50.800	411.600	99.120	89.040	599.760	50.800	0.000	0.000	0.000	0.000	50.800		
50.810	416.640	102.480	92.400	611.520	50.810	0.000	0.000	0.000	0.000	50.810		
50.820	420.000	104.160	97.440	621.600	50.820	0.000	0.000	0.000	0.000	50.820		
50.830	422.370	106.020	99.180	627.570	50.830	0.000	0.000	0.000	0.000	50.830		
50.840	424.080	111.150	100.890	636.120	50.840	0.000	0.000	0.000	0.000	50.840		
50.850	427.500	114.570	104.310	646.380	50.850	0.000	0.000	0.000	0.000	50.850		
50.860	424.080	116.280	106.020	646.380	50.860	0.000	0.000	0.000	0.000	50.860		
50.870	418.950	116.280	106.020	641.250	50.870	0.000	0.000	0.000	0.000	50.870		
50.880	413.820	119.700	109.440	642.960	50.880	0.000	0.000	0.000	0.000	50.880		
50.890	408.690	119.700	111.150	639.540	50.890	0.000	0.000	0.000	0.000	50.890		
50.900	403.560	121.410	114.570	639.540	50.900	0.000	0.000	0.000	0.000	50.900		
50.910	396.720	121.410	116.280	634.410	50.910	0.000	0.000	0.000	0.000	50.910		
50.920	391.590	124.830	116.280	632.700	50.920	0.000	0.000	0.000	0.000	50.920		
50.930	384.750	126.540	119.700	630.990	50.930	0.000	0.000	0.000	0.000	50.930		
50.940	379.620	126.540	119.700	625.860	50.940	0.000	0.000	0.000	0.000	50.940		
50.950	374.490	126.540	119.700	620.730	50.950	0.000	0.000	0.000	0.000	50.950		
50.960	371.070	126.540	116.280	613.890	50.960	0.000	0.000	0.000	0.000	50.960		
50.970	371.070	129.960	119.700	620.730	50.970	0.000	0.000	0.000	0.000	50.970		
50.980	366.540	129.630	116.220	612.390	50.980	0.000	0.000	0.000	0.000	50.980		
50.990	366.540	129.630	116.220	612.390	50.990	0.000	0.000	0.000	0.000	50.990		
51.000	366.540	129.630	116.220	612.390	51.000	0.000	0.000	0.000	0.000	51.000		
51.010	366.540	131.120	116.220	613.880	51.010	0.000	0.000	0.000	0.000	51.010		
51.020	366.540	131.120	116.220	613.880	51.020	0.000	0.000	0.000	0.000	51.020		
51.030	366.540	131.120	116.220	613.880	51.030	0.000	0.000	0.000	0.000	51.030		
51.040	366.540	131.120	116.220	613.880	51.040	0.000	0.000	0.000	0.000	51.040		
51.050	369.520	131.120	116.220	616.860	51.050	0.000	0.000	0.000	0.000	51.050		
51.060	369.520	131.120	114.730	615.370	51.060	0.000	0.000	0.000	0.000	51.060		
51.070	369.520	134.100	116.220	619.840	51.070	0.000	0.000	0.000	0.000	51.070		
51.080	372.500	134.100	116.220	622.820	51.080	0.000	0.000	0.000	0.000	51.080		
51.090	369.520	137.080	119.200	625.800	51.090	0.000	0.000	0.000	0.000	51.090		
51.100	366.540	138.570	119.200	624.310	51.100	0.000	0.000	0.000	0.000	51.100		
51.110	362.070	138.570	122.180	622.820	51.110	0.000	0.000	5.000	5.000	51.110		
51.120	356.110	141.550	123.670	621.330	51.120	0.000	0.000	7.500	7.500	51.120		
51.130	352.500	143.820	126.900	623.220	51.130	0.000	0.000	10.000	10.000	51.130		
51.140	341.220	146.640	129.720	617.580	51.140	0.000	2.500	12.500	15.000	51.140		
51.150	331.350	149.460	133.950	614.760	51.150	4.760	2.380	17.340	24.480	51.150		
51.160	321.480	149.460	136.770	607.710	51.160	4.760	2.380	17.340	24.480	51.160		
51.170	311.610	152.280	142.410	606.300	51.170	7.480	4.760	22.440	34.680	51.170		
51.180	298.920	153.690	143.820	596.430	51.180	12.240	7.480	27.200	46.920	51.180		
51.190	286.230	153.690	146.640	586.560	51.190	19.720	9.860	32.300	61.880	51.190		
51.200	276.360	156.510	152.280	585.150	51.200	27.200	12.240	37.400	76.840	51.200		
51.210	263.670	159.330	153.690	576.690	51.210	34.680	14.960	42.500	92.140	51.210		
51.220	252.390	159.330	153.690	565.410	51.220	42.500	17.340	47.260	107.100	51.220		
51.230	239.700	156.510	156.510	552.720	51.230	49.980	19.720	47.260	116.960	51.230		
51.240	227.010	159.330	159.330	545.670	51.240	57.460	19.720	52.360	129.540	51.240		
51.250	217.140	159.330	164.970	541.440	51.250	59.840	24.820	57.460	142.120	51.250		
51.260	207.270	159.330	166.380	532.980	51.260	64.940	24.820	64.940	154.700	51.260		
51.270	194.580	159.330	169.200	523.110	51.270	69.700	29.920	69.700	169.320	51.270		
51.280	182.500	156.950	172.280	511.730	51.280	77.180	29.920	77.180	184.280	51.280		
51.290	169.360	156.950	172.280	498.590	51.290	79.900	34.680	85.000	199.580	51.290		
51.300	159.870	154.760	172.280	486.910	51.300	87.400	37.050	92.150	216.600	51.300		
51.310	147.460	151.840	172.280	471.580	51.310	89.300	41.800	99.750	230.850	51.310		
51.320	134.320	149.650	172.280	456.250	51.320	96.900	47.500	109.250	253.650	51.320		
51.330	121.910	144.540	172.280	438.730	51.330	101.650	49.400	119.700	270.750	51.330		
51.340	107.310	139.430	169.360	416.100	51.340	109.250	57.000	129.200	295.450	51.340		
51.350	94.900	134.320	169.360	398.580	51.350	114.950	59.850	139.650	314.450	51.350		
51.360	82.490	129.940	169.360	381.790	51.360	119.700	67.450	152.000	339.150	51.360		
51.370	72.270	124.830	169.360	366.460	51.370	127.300	72.200	162.450	361.950	51.370		
51.380	59.860	116.800	167.170	343.830	51.380	132.050	79.800	174.800	386.650	51.380		
51.390	51.830	112.420	162.060	326.310	51.390	136.800	84.550	184.300	405.650	51.390		
51.400	44.530	102.200	154.760	301.490	51.400	142.500	89.300	194.750	426.550	51.400		
51.410	37.230	94.900	144.540	276.670	51.410	147.250	96.900	204.250	448.400	51.410		
51.420	32.120	84.680	132.130	248.930	51.420	154.850	101.650	214.700	471.200	51.420		
51.430	22.080	72.220	115.000	209.300	51.430	159.600	107.350	224.200	491.150	51.430		
51.440	14.720	59.800	97.060	171.580	51.440	164.350	114.950	237.500	516.800	51.440		
51.450	9.660	52.440	84.640	146.740	51.450	171.820	119.280	249.920	541.020	51.450		
51.460	7.360	44.620	72.220	124.200	51.460	174.660	124.960	261.280	560.900	51.460		
51.470	7.360	37.260	57.500	102.120	51.470	177.500	129.220	274.060	580.780	51.470		
51.480	4.600	29.900	49.680	84.180	51.480	177.500	132.060	284.000	593.560	51.480		
51.490	4.600	22.080	39.560	66.240	51.490	177.500	134.900	296.780	609.180	51.490		
51.500	2.300	14.720	34.960	51.980	51.500	177.500	136.320	306.720	620.540	51.500		
51.510	4.600	9.660	29.900	44.160	51.510	174.660	139.160	316.660	630.480	51.510		
51.520	2.300	4.600	22.080	28.980	51.520	174.660	139.160	326.600	640.420	51.520		
51.530	2.300	4.600	17.480	24.380	51.530	171.820	142.000	336.540	650.360	51.530		
51.540	2.300	2.300	9.660	14.260	51.540	166.140	139.160	342.220	647.520	51.540		
51.550	2.300	0.000	7.360	9.660	51.550	164.720	139.160	346.480	650.360	51.550		
51.560	0.000	0.000	7.360	7.360	51.560	161.880	136.320	352.160	650.360	51.560		
51.570	0.000	0.000	4.600	4.600	51.570	159.040	136.320	355.000	650.360	51.570		
51.580	0.000	0.000	7.410	7.410	51.580	156.200	134.900	355.000	646.100	51.580		
51.590	0.000	0.000	4.940	4.940	51.590	154.780	132.060	355.000	641.840	51.590		
51.600	0.000	0.000	4.940	4.940	51.600	149.460	131.130	352.500	633.090	51.600		
51.610	0.000	0.000	4.940	4.940	51.610	146.640	126.900	349.680	623.220	51.610		
51.620	0.000	0.000	4.940	4.940	51.620	146.640	124.080	346.860	617.580	51.620		
51.630	0.000	0.000	4.940	4.940	51.630	142.410	124.080	344.040	610.530	51.630		
51.640	0.000	0.000	4.940	4.940	51.640	143.820	121.260	344.040	609.120	51.640		
51.650	4.940	0.000	4.940	9.880	51.650	139.590	121.260	344.040	604.890	51.650		
51.660	14.820	0.000	4.940	19.760	51.660	139.590	119.850	341.220	600.660	51.660		
51.670	19.950	0.000	4.940	24.890	51.670	136.770	119.850	336.990	593.610	51.670		
51.680	27.360	9.880	19.950	57.190	51.680	133.950	117.030	336.990	587.970	51.680		
51.690	27.360	9.880	24.890	62.130	51.690	133.950	117.030	331.350	582.330	51.690		
51.700	24.890	12.350	29.830	67.070	51.700	131.130	117.030	327.120	575.280	51.700		
51.710	27.360	14.820	37.430	79.610	51.710	131.130	114.210	324.300	569.640	51.710		
51.720	32.490	19.950	47.500	99.940	51.720	129.720	114.210	318.660	562.590	51.720		
51.730	34.760	24.640	55.000	114.400	51.730	126.900	111.390	311.610	549.900	51.730		
51.740	37.400	29.920	62.480	129.800	51.740	126.900	109.980	304.560	541.440	51.740		
51.750	37.400	32.120	69.960	139.480	51.750	123.900	107.380	295.000	526.280	51.750		
51.760	37.400	34.760	77.440	149.600	51.760	123.900	107.380	284.380	515.660	51.760		
51.770	37.400	37.400	82.280	157.080	51.770	123.900	103.840	274.940	502.680	51.770		
51.780	39.600	39.600	87.120	166.320	51.780	123.900	103.840	266.680	494.420	51.780		
51.790	39.600	39.600	92.400	171.600	51.790	127.440	103.840	259.600	490.880	51.790		
51.800	42.240	42.240	94.600	179.080	51.800	127.440	101.480	251.340	480.260	51.800		
51.810	42.240	42.240	97.240	181.720	51.810	129.800	101.480	246.620	477.900	51.810		
51.820	44.880	44.880	102.080	191.840	51.820	129.800	101.480	241.900	473.180	51.820		
51.830	44.880	47.080	104.720	196.680	51.830	132.160	101.480	239.540	473.180	51.830		
51.840	44.880	47.080	104.720	196.680	51.840	129.800	101.480	237.180	468.460	51.840		
51.850	47.080	49.720	107.360	204.160	51.850	129.800	99.120	234.820	463.740	51.850		
51.860	47.080	49.720	110.000	206.800	51.860	132.160	99.120	234.820	466.100	51.860		
51.870	49.720	49.720	107.360	206.800	51.870	132.160	101.480	234.820	468.460	51.870		
51.880	52.360	49.720	110.000	212.080	51.880	132.160	99.120	234.820	466.100	51.880		
51.890	52.360	49.720	110.000	212.080	51.890	132.160	99.120	234.820	466.100	51.890		
51.900	52.360	52.360	110.000	214.720	51.900	132.000	99.000	234.300	465.300	51.900		
51.910	52.360	49.720	107.360	209.440	51.910	132.000	99.000	236.500	467.500	51.910		
51.920	55.000	49.720	107.360	212.080	51.920	132.000	102.300	236.500	470.800	51.920		
51.930	52.360	49.720	104.720	206.800	51.930	132.000	99.000	236.500	467.500	51.930		
51.940	55.000	47.080	104.720	206.800	51.940	129.800	99.000	239.800	468.600	51.940		
51.950	55.000	49.720	104.720	209.440	51.950	129.800	99.000	242.000	470.800	51.950		
51.960	55.000	49.720	102.080	206.800	51.960	126.500	96.800	242.000	465.300	51.960		
51.970	52.360	49.720	102.080	204.160	51.970	124.300	96.800	244.200	465.300	51.970		
51.980	55.000	47.080	102.080	204.160	51.980	122.100	94.600	247.500	464.200	51.980		
51.990	55.000	44.880	99.880	199.760	51.990	119.900	94.600	251.900	466.400	51.990		
52.000	55.000	44.880	99.880	199.760	52.000	114.400	92.400	257.400	464.200	52.000		
52.010	55.000	44.880	97.240	197.120	52.010	112.200	89.100	259.600	460.900	52.010		
52.020	57.200	44.880	97.240	199.320	52.020	110.000	86.900	264.000	460.900	52.020		
52.030	57.380	42.180	95.000	194.560	52.030	104.500	84.700	269.500	458.700	52.030		
52.040	59.660	42.180	92.340	194.180	52.040	102.300	82.500	275.000	459.800	52.040		
52.050	59.660	42.180	92.340	194.180	52.050	97.090	79.800	279.300	456.190	52.050		
52.060	62.320	42.180	92.340	196.840	52.060	94.430	79.800	284.620	458.850	52.060		
52.070	62.320	39.900	89.680	191.900	52.070	91.770	77.140	289.940	458.850	52.070		
52.080	62.320	39.900	87.400	189.620	52.080	89.110	77.140	293.930	460.180	52.080		
52.090	62.320	39.900	87.400	189.620	52.090	86.450	77.140	299.250	462.840	52.090		
52.100	64.980	37.240	84.740	186.960	52.100	83.790	74.480	304.570	462.840	52.100		
52.110	64.980	37.240	82.460	184.680	52.110	82.460	71.820	309.890	464.170	52.110		
52.120	64.980	34.960	82.460	182.400	52.120	79.800	71.820	311.220	462.840	52.120		
52.130	64.980	34.960	79.800	179.740	52.130	77.140	71.820	316.540	465.500	52.130		
52.140	64.980	32.300	77.140	174.420	52.140	77.140	69.160	319.200	465.500	52.140		
52.150	64.980	32.300	72.200	169.480	52.150	74.480	69.160	324.520	468.160	52.150		
52.160	67.260	29.640	69.920	166.820	52.160	74.480	69.160	327.180	470.820	52.160		
52.170	67.260	27.360	64.980	159.600	52.170	71.820	69.160	329.840	470.820	52.170		
52.180	70.000	27.300	62.300	159.600	52.180	71.820	69.160	329.840	470.820	52.180		
52.190	70.000	24.850	59.850	154.700	52.190	74.480	69.160	332.500	476.140	52.190		
52.200	72.450	22.400	54.950	149.800	52.200	72.360	69.680	335.000	477.040	52.200		
52.210	74.900	19.950	52.500	147.350	52.210	72.360	69.680	332.320	474.360	52.210		
52.220	77.350	19.950	49.700	147.000	52.220	72.360	69.680	332.320	474.360	52.220		
52.230	82.250	19.950	49.700	151.900	52.230	72.360	69.680	332.320	474.360	52.230		
52.240	82.250	19.950	47.250	149.450	52.240	72.360	69.680	332.320	474.360	52.240		
52.250	84.700	19.950	47.250	151.900	52.250	72.360	69.680	332.320	474.360	52.250		
52.260	84.700	19.950	47.250	151.900	52.260	69.680	69.680	329.640	469.000	52.260		
52.270	84.700	19.950	47.250	151.900	52.270	72.360	72.360	329.640	474.360	52.270		
52.280	87.500	19.950	44.800	152.250	52.280	72.360	69.680	326.960	469.000	52.280		
52.290	87.500	19.950	47.250	154.700	52.290	69.680	69.680	326.960	466.320	52.290		
52.300	87.500	19.950	47.250	154.700	52.300	69.680	69.680	324.280	463.640	52.300		
52.310	87.500	19.950	47.250	154.700	52.310	69.680	67.000	324.280	460.960	52.310		
52.320	87.500	19.950	47.250	154.700	52.320	69.680	69.680	321.600	460.960	52.320		
52.330	87.120	19.800	47.080	154.000	52.330	69.680	67.000	321.600	458.280	52.330		
52.340	89.760	22.440	47.080	159.280	52.340	69.680	69.680	321.600	460.960	52.340		
52.350	92.400	22.440	47.080	161.920	52.350	69.660	67.080	322.500	459.240	52.350		
52.360	92.400	22.440	47.080	161.920	52.360	69.660	67.080	322.500	459.240	52.360		
52.370	94.600	22.440	49.720	166.760	52.370	69.660	67.080	322.500	459.240	52.370		
52.380	97.240	22.440	49.720	169.400	52.380	69.660	67.080	319.920	456.660	52.380		
52.390	97.240	22.440	47.080	166.760	52.390	67.080	67.080	319.920	454.080	52.390		
52.400	99.880	24.640	49.720	174.240	52.400	69.660	67.080	319.920	456.660	52.400		
52.410	102.080	24.640	49.720	176.440	52.410	67.080	67.080	317.340	451.500	52.410		
52.420	102.080	22.440	49.720	174.240	52.420	67.080	64.500	317.340	448.920	52.420		
52.430	104.720	24.640	49.720	179.080	52.430	67.080	64.500	314.760	446.340	52.430		
52.440	107.360	24.640	49.720	181.720	52.440	67.080	61.920	314.760	443.760	52.440		
52.450	110.000	24.640	52.360	187.000	52.450	67.080	64.500	312.180	443.760	52.450		
52.460	110.000	24.640	52.360	187.000	52.460	64.500	61.920	309.600	436.020	52.460		
52.470	110.000	24.640	49.720	184.360	52.470	64.500	61.920	307.020	433.440	52.470		
52.480	112.360	24.910	49.820	187.090	52.480	64.500	61.920	307.020	433.440	52.480		
52.490	114.480	24.910	49.820	189.210	52.490	64.500	59.340	301.860	425.700	52.490		
52.500	114.480	24.910	49.820	189.210	52.500	63.960	59.040	298.890	421.890	52.500		
52.510	117.130	27.030	49.820	193.980	52.510	61.500	56.580	296.430	414.510	52.510		
52.520	119.780	27.030	49.820	196.630	52.520	61.500	56.580	293.970	412.050	52.520		
52.530	122.430	27.030	52.470	201.930	52.530	61.500	54.120	291.510	407.130	52.530		
52.540	124.550	27.030	52.470	204.050	52.540	59.040	56.580	289.050	404.670	52.540		
52.550	127.200	27.030	52.470	206.700	52.550	61.500	54.120	286.590	402.210	52.550		
52.560	129.850	27.030	52.470	209.350	52.560	59.040	54.120	286.590	399.750	52.560		
52.570	129.850	29.680	49.820	209.350	52.570	61.500	54.120	286.590	402.210	52.570		
52.580	132.500	29.680	52.470	214.650	52.580	59.040	54.120	286.590	399.750	52.580		
52.590	132.500	29.680	49.820	212.000	52.590	59.040	54.120	286.590	399.750	52.590		
52.600	132.500	29.680	52.470	214.650	52.600	59.040	54.120	289.050	402.210	52.600		
52.610	129.850	27.030	49.820	206.700	52.610	59.040	54.120	291.510	404.670	52.610		
52.620	129.850	27.030	49.820	206.700	52.620	59.040	56.580	296.430	412.050	52.620		
52.630	125.000	25.000	47.500	197.500	52.630	56.580	56.580	298.890	412.050	52.630		
52.640	122.500	27.500	47.500	197.500	52.640	59.040	56.580	307.500	423.120	52.640		
52.650	115.000	25.000	45.000	185.000	52.650	58.800	58.800	312.480	430.080	52.650		
52.660	110.000	22.500	42.500	175.000	52.660	58.800	62.160	319.200	440.160	52.660		
52.670	100.000	22.500	40.000	162.500	52.670	58.800	63.840	325.920	448.560	52.670		
52.680	92.500	25.000	37.500	155.000	52.680	62.160	67.200	334.320	463.680	52.680		
52.690	80.000	22.500	40.000	142.500	52.690	63.840	68.880	344.400	477.120	52.690		
52.700	67.500	25.000	40.000	132.500	52.700	63.840	72.240	351.120	487.200	52.700		
52.710	55.000	25.000	42.500	122.500	52.710	67.200	77.280	361.200	505.680	52.710		
52.720	40.000	22.500	40.000	102.500	52.720	68.880	78.960	371.280	519.120	52.720		
52.730	27.500	22.500	40.000	90.000	52.730	72.240	82.320	379.680	534.240	52.730		
52.740	17.500	20.000	37.500	75.000	52.740	72.240	84.000	386.400	542.640	52.740		
52.750	12.500	17.500	40.000	70.000	52.750	72.240	87.360	391.440	551.040	52.750		
52.760	7.500	15.000	40.000	62.500	52.760	72.240	89.040	399.840	561.120	52.760		
52.770	5.000	12.500	35.000	52.500	52.770	72.240	89.040	409.920	571.200	52.770		
52.780	2.380	12.460	35.000	49.840	52.780	72.240	92.400	414.960	579.600	52.780		
52.790	2.380	9.940	32.480	44.800	52.790	68.880	92.400	420.000	581.280	52.790		
52.800	2.380	7.420	27.440	37.240	52.800	66.880	93.280	424.160	584.320	52.800		
52.810	2.380	4.900	22.400	29.680	52.810	66.880	93.280	425.920	586.080	52.810		
52.820	0.000	2.380	17.500	19.880	52.820	66.880	93.280	431.200	591.360	52.820		
52.830	0.000	2.380	12.460	14.840	52.830	63.360	96.800	434.720	594.880	52.830		
52.840	0.000	2.380	7.420	9.800	52.840	63.360	93.280	436.480	593.120	52.840		
52.850	0.000	0.000	2.380	2.380	52.850	63.360	96.800	440.000	600.160	52.850		
52.860	0.000	0.000	0.000	0.000	52.860	61.600	96.800	436.480	594.880	52.860		
52.870	0.000	0.000	0.000	0.000	52.870	61.600	96.800	436.480	594.880	52.870		
52.880	0.000	0.000	0.000	0.000	52.880	61.600	96.800	436.480	594.880	52.880		
52.890	0.000	0.000	0.000	0.000	52.890	59.840	96.800	436.480	593.120	52.890		
52.900	0.000	0.000	0.000	0.000	52.900	56.320	98.560	434.720	589.600	52.900		
52.910	0.000	0.000	0.000	0.000	52.910	59.840	98.560	434.720	593.120	52.910		
52.920	0.000	0.000	0.000	0.000	52.920	56.320	98.560	431.200	586.080	52.920		
52.930	0.000	0.000	0.000	0.000	52.930	56.320	98.560	429.440	584.320	52.930		
52.940	0.000	0.000	0.000	0.000	52.940	54.560	98.560	425.920	579.040	52.940		
52.950	0.000	0.000	0.000	0.000	52.950	54.400	98.600	425.000	578.000	52.950		
52.960	0.000	0.000	0.000	0.000	52.960	54.400	96.900	421.600	572.900	52.960		
52.970	0.000	0.000	0.000	0.000	52.970	54.400	96.900	421.600	572.900	52.970		
52.980	0.000	0.000	0.000	0.000	52.980	54.400	96.900	419.900	571.200	52.980		
52.990	0.000	0.000	2.220	2.220	52.990	54.400	96.900	416.500	567.800	52.990		
53.000	0.000	4.810	9.990	14.800	53.000	54.400	93.500	409.700	557.600	53.000		
53.010	0.000	9.990	17.390	27.380	53.010	54.400	93.500	401.200	549.100	53.010		
53.020	2.220	17.390	27.380	46.990	53.020	54.400	88.400	391.000	533.800	53.020		
53.030	14.800	24.790	34.780	74.370	53.030	51.000	85.000	377.400	513.400	53.030		
53.040	32.190	32.190	37.370	101.750	53.040	51.000	81.600	362.100	494.700	53.040		
53.050	52.170	42.180	44.770	139.120	53.050	51.000	74.800	341.700	467.500	53.050		
53.060	72.150	49.950	54.760	176.860	53.060	49.300	69.700	321.300	440.300	53.060		
53.070	92.500	57.350	59.940	209.790	53.070	44.200	64.600	294.100	402.900	53.070		
53.080	112.480	62.160	63.640	238.280	53.080	44.200	56.100	263.500	363.800	53.080		
53.090	131.720	66.600	69.560	267.880	53.090	39.100	49.300	236.300	324.700	53.090		
53.100	146.520	69.560	74.000	290.080	53.100	36.900	41.820	205.000	283.720	53.100		
53.110	167.240	71.040	76.960	315.240	53.110	31.980	36.900	174.660	243.540	53.110		
53.120	185.000	76.960	79.920	341.880	53.120	24.600	31.980	149.240	205.820	53.120		
53.130	201.280	76.960	81.400	359.640	53.130	14.760	24.600	124.640	164.000	53.130		
53.140	222.000	79.920	81.400	383.320	53.140	7.380	19.680	102.500	129.560	53.140		
53.150	241.240	81.400	84.360	407.000	53.150	2.460	14.760	82.000	99.220	53.150		
53.160	264.920	84.360	84.360	433.640	53.160	0.000	12.300	64.780	77.080	53.160		
53.170	284.160	84.360	84.360	452.880	53.170	0.000	9.840	49.200	59.040	53.170		
53.180	306.360	87.320	84.360	478.040	53.180	0.000	7.380	39.360	46.740	53.180		
53.190	328.560	88.800	84.360	501.720	53.190	0.000	4.920	27.060	31.980	53.190		
53.200	344.840	88.800	87.320	520.960	53.200	0.000	2.460	17.220	19.680	53.200		
53.210	359.640	91.760	88.800	540.200	53.210	0.000	2.460	9.840	12.300	53.210		
53.220	370.000	91.760	88.800	550.560	53.220	0.000	2.460	7.380	9.840	53.220		
53.230	381.330	92.340	92.340	566.010	53.230	0.000	2.460	4.920	7.380	53.230		
53.240	391.590	92.340	92.340	576.270	53.240	0.000	2.460	4.920	7.380	53.240		
53.250	398.430	94.050	92.340	584.820	53.250	0.000	0.000	5.000	5.000	53.250		
53.260	403.560	92.340	92.340	588.240	53.260	0.000	0.000	5.000	5.000	53.260		
53.270	408.690	92.340	92.340	593.370	53.270	0.000	0.000	5.000	5.000	53.270		
53.280	412.110	92.340	92.340	596.790	53.280	0.000	0.000	5.000	5.000	53.280		
53.290	413.820	88.920	88.920	591.660	53.290	0.000	0.000	5.000	5.000	53.290		
53.300	417.240	88.920	88.920	595.080	53.300	0.000	0.000	2.500	2.500	53.300		
53.310	418.950	87.210	87.210	593.370	53.310	0.000	0.000	2.500	2.500	53.310		
53.320	422.370	83.790	87.210	593.370	53.320	0.000	0.000	2.500	2.500	53.320		
53.330	424.080	82.080	83.790	589.950	53.330	0.000	0.000	2.500	2.500	53.330		
53.340	427.500	82.080	82.080	591.660	53.340	0.000	0.000	2.500	2.500	53.340		
53.350	427.500	78.660	82.080	588.240	53.350	0.000	0.000	2.500	2.500	53.350		
53.360	427.500	78.660	78.660	584.820	53.360	0.000	0.000	2.500	2.500	53.360		
53.370	424.080	76.950	76.950	577.980	53.370	0.000	0.000	2.500	2.500	53.370		
53.380	424.800	74.340	74.340	573.480	53.380	0.000	0.000	2.500	2.500	53.380		
53.390	421.260	74.340	74.340	569.940	53.390	0.000	0.000	2.500	2.500	53.390		
53.400	421.260	70.800	70.800	562.860	53.400	0.000	0.000	2.490	2.490	53.400		
53.410	421.260	74.340	70.800	566.400	53.410	0.000	0.000	2.490	2.490	53.410		
53.420	421.260	70.800	69.030	561.090	53.420	0.000	0.000	2.490	2.490	53.420		
53.430	421.260	70.800	69.030	561.090	53.430	0.000	0.000	2.490	2.490	53.430		
53.440	421.260	69.030	69.030	559.320	53.440	0.000	0.000	2.490	2.490	53.440		
53.450	421.260	69.030	67.260	557.550	53.450	0.000	0.000	4.980	4.980	53.450		
53.460	424.800	69.030	63.720	557.550	53.460	0.000	0.000	2.490	2.490	53.460		
53.470	426.570	70.800	69.030	566.400	53.470	0.000	0.000	4.980	4.980	53.470		
53.480	431.880	70.800	69.030	571.710	53.480	0.000	0.000	2.490	2.490	53.480		
53.490	431.880	70.800	69.030	571.710	53.490	0.000	0.000	2.490	2.490	53.490		
53.500	437.190	70.800	69.030	577.020	53.500	0.000	0.000	4.980	4.980	53.500		
53.510	438.960	70.800	69.030	578.790	53.510	0.000	0.000	2.490	2.490	53.510		
53.520	442.500	70.800	69.030	582.330	53.520	0.000	0.000	2.490	2.490	53.520		
53.530	441.440	71.200	71.200	583.840	53.530	0.000	0.000	2.490	2.490	53.530		
53.540	445.000	71.200	69.420	585.620	53.540	7.500	0.000	2.490	9.990	53.540		
53.550	445.000	69.420	69.420	583.840	53.550	9.660	0.000	2.070	11.730	53.550		
53.560	441.440	65.860	69.420	576.720	53.560	14.490	0.000	2.070	16.560	53.560		
53.570	439.660	64.080	65.860	569.600	53.570	19.320	0.000	2.070	21.390	53.570		
53.580	434.320	62.300	65.860	562.480	53.580	26.910	2.070	4.830	33.810	53.580		
53.590	427.200	58.740	65.860	551.800	53.590	37.260	4.830	6.900	48.990	53.590		
53.600	416.520	56.960	64.080	537.560	53.600	52.440	9.660	9.660	71.760	53.600		
53.610	405.840	53.400	62.300	521.540	53.610	64.860	14.490	17.250	96.600	53.610		
53.620	396.940	51.620	62.300	510.860	53.620	72.450	19.320	32.430	124.200	53.620		
53.630	380.920	46.280	62.300	489.500	53.630	79.350	26.910	54.510	160.770	53.630		
53.640	366.680	40.940	58.740	466.360	53.640	84.870	34.500	86.940	206.310	53.640		
53.650	348.880	39.160	56.960	445.000	53.650	86.940	39.330	119.370	245.640	53.650		
53.660	329.300	37.380	56.960	423.640	53.660	89.700	46.920	139.380	276.000	53.660		
53.670	309.720	28.480	53.400	391.600	53.670	94.530	49.680	152.490	296.700	53.670		
53.680	280.000	24.640	51.520	356.160	53.680	97.290	54.510	162.150	313.950	53.680		
53.690	246.400	19.040	47.040	312.480	53.690	99.360	57.270	172.500	329.130	53.690		
53.700	219.520	14.560	41.440	275.520	53.700	101.870	61.790	187.040	350.700	53.700		
53.710	189.280	8.960	39.200	237.440	53.710	103.540	66.800	202.070	372.410	53.710		
53.720	162.400	4.480	32.480	199.360	53.720	106.880	71.810	218.770	397.460	53.720		
53.730	132.160	2.240	29.120	163.520	53.730	108.550	76.820	242.150	427.520	53.730		
53.740	104.160	0.000	24.640	128.800	53.740	111.890	81.830	262.190	455.910	53.740		
53.750	73.920	0.000	22.400	96.320	53.750	111.890	88.510	287.240	487.640	53.750		
53.760	51.520	0.000	19.040	70.560	53.760	113.560	93.520	312.290	519.370	53.760		
53.770	36.960	0.000	14.560	51.520	53.770	116.900	101.870	334.000	552.770	53.770		
53.780	29.120	0.000	12.320	41.440	53.780	118.570	106.880	354.040	579.490	53.780		
53.790	19.040	0.000	12.320	31.360	53.790	118.570	111.890	372.410	602.870	53.790		
53.800	14.560	0.000	6.720	21.280	53.800	121.910	116.900	387.440	626.250	53.800		
53.810	8.960	0.000	4.480	13.440	53.810	121.910	118.570	397.460	637.940	53.810		
53.820	6.720	0.000	2.240	8.960	53.820	121.910	121.910	407.480	651.300	53.820		
53.830	7.500	0.000	0.000	7.500	53.830	121.910	123.580	412.490	657.980	53.830		
53.840	4.980	0.000	0.000	4.980	53.840	118.570	123.580	417.500	659.650	53.840		
53.850	4.980	0.000	0.000	4.980	53.850	119.990	126.750	422.500	669.240	53.850		
53.860	4.980	0.000	0.000	4.980	53.860	116.610	126.750	422.500	665.860	53.860		
53.870	2.490	0.000	0.000	2.490	53.870	114.920	126.750	422.500	664.170	53.870		
53.880	2.490	0.000	0.000	2.490	53.880	111.540	126.750	419.120	657.410	53.880		
53.890	2.490	0.000	0.000	2.490	53.890	109.850	126.750	414.050	650.650	53.890		
53.900	2.490	0.000	0.000	2.490	53.900	109.850	126.750	408.980	645.580	53.900		
53.910	0.000	0.000	0.000	0.000	53.910	106.470	126.750	402.220	635.440	53.910		
53.920	0.000	0.000	0.000	0.000	53.920	106.470	123.370	392.080	621.920	53.920		
53.930	0.000	0.000	0.000	0.000	53.930	104.780	126.750	383.630	615.160	53.930		
53.940	0.000	0.000	0.000	0.000	53.940	104.780	123.370	376.870	605.020	53.940		
53.950	0.000	0.000	0.000	0.000	53.950	101.400	123.370	371.800	596.570	53.950		
53.960	0.000	0.000	0.000	0.000	53.960	101.400	123.370	366.730	591.500	53.960		
53.970	0.000	0.000	0.000	0.000	53.970	99.710	123.370	361.660	584.740	53.970		
53.980	0.000	0.000	0.000	0.000	53.980	96.330	121.680	359.970	577.980	53.980		
53.990	0.000	0.000	0.000	0.000	53.990	94.640	121.680	354.900	571.220	53.990		
54.000	0.000	0.000	0.000	0.000	54.000	91.760	121.360	352.240	565.360	54.000		
54.010	0.000	0.000	0.000	0.000	54.010	88.800	119.880	349.280	557.960	54.010		
54.020	0.000	0.000	0.000	0.000	54.020	87.320	119.880	349.280	556.480	54.020		
54.030	0.000	0.000	0.000	0.000	54.030	81.400	116.920	352.240	550.560	54.030		
54.040	0.000	0.000	0.000	0.000	54.040	81.400	116.920	352.240	550.560	54.040		
54.050	0.000	0.000	0.000	0.000	54.050	79.920	113.960	353.720	547.600	54.050		
54.060	0.000	0.000	0.000	0.000	54.060	76.960	113.960	356.680	547.600	54.060		
54.070	0.000	0.000	0.000	0.000	54.070	74.000	112.480	359.640	546.120	54.070		
54.080	0.000	2.500	0.000	2.500	54.080	69.560	109.520	361.120	540.200	54.080		
54.090	0.000	2.500	0.000	2.500	54.090	69.560	109.520	364.080	543.160	54.090		
54.100	0.000	0.000	0.000	0.000	54.100	66.600	109.520	367.040	543.160	54.100		
54.110	0.000	0.000	0.000	0.000	54.110	63.640	106.560	367.040	537.240	54.110		
54.120	0.000	2.500	0.000	2.500	54.120	62.160	103.600	370.000	535.760	54.120		
54.130	0.000	2.250	0.000	2.250	54.130	59.200	102.120	367.040	528.360	54.130		
54.140	0.000	2.250	0.000	2.250	54.140	56.240	102.120	367.040	525.400	54.140		
54.150	2.250	7.500	12.000	21.750	54.150	56.550	101.500	362.500	520.550	54.150		
54.160	12.000	7.500	7.500	27.000	54.160	56.550	98.600	352.350	507.500	54.160		
54.170	32.250	12.000	17.250	61.500	54.170	56.550	98.600	342.200	497.350	54.170		
54.180	49.500	12.000	15.000	76.500	54.180	53.650	97.150	329.150	479.950	54.180		
54.190	69.750	17.250	15.000	102.000	54.190	53.650	97.150	311.750	462.550	54.190		
54.200	94.500	22.500	22.500	139.500	54.200	53.650	94.250	297.250	445.150	54.200		
54.210	112.500	30.000	32.250	174.750	54.210	53.650	89.900	276.950	420.500	54.210		
54.220	127.500	34.500	37.500	199.500	54.220	52.200	87.000	256.650	395.850	54.220		
54.230	139.500	39.750	45.000	224.250	54.230	49.300	81.200	234.900	365.400	54.230		
54.240	150.000	45.000	52.500	247.500	54.240	49.300	76.850	214.600	340.750	54.240		
54.250	159.750	49.500	57.000	266.250	54.250	46.400	72.500	194.300	313.200	54.250		
54.260	172.500	54.750	64.500	291.750	54.260	46.400	66.700	174.000	287.100	54.260		
54.270	187.500	60.000	69.750	317.250	54.270	44.950	62.350	152.250	259.550	54.270		
54.280	201.740	64.680	72.380	338.800	54.280	42.050	56.550	129.050	227.650	54.280		
54.290	217.140	69.300	77.000	363.440	54.290	36.250	49.300	108.750	194.300	54.290		
54.300	234.080	73.920	78.540	386.540	54.300	32.300	42.500	85.000	159.800	54.300		
54.310	251.020	78.540	84.700	414.260	54.310	29.920	34.680	67.320	131.920	54.310		
54.320	269.500	86.240	86.240	441.980	54.320	24.820	27.200	52.360	104.380	54.320		
54.330	286.440	92.400	92.400	471.240	54.330	19.720	19.720	39.780	79.220	54.330		
54.340	304.920	93.940	92.400	491.260	54.340	14.960	14.960	29.920	59.840	54.340		
54.350	318.780	98.560	93.940	511.280	54.350	9.860	9.860	17.340	37.060	54.350		
54.360	331.100	101.640	97.020	529.760	54.360	4.760	4.760	9.860	19.380	54.360		
54.370	344.960	106.260	97.020	548.240	54.370	2.380	2.380	0.000	4.760	54.370		
54.380	357.280	109.340	98.560	565.180	54.380	2.380	0.000	0.000	2.380	54.380		
54.390	366.520	112.420	101.640	580.580	54.390	0.000	0.000	0.000	0.000	54.390		
54.400	374.220	113.960	104.720	592.900	54.400	0.000	0.000	0.000	0.000	54.400		
54.410	381.920	117.040	104.720	603.680	54.410	0.000	0.000	0.000	0.000	54.410		
54.420	385.000	117.040	106.260	608.300	54.420	0.000	0.000	0.000	0.000	54.420		
54.430	386.880	118.560	109.200	614.640	54.430	0.000	0.000	0.000	0.000	54.430		
54.440	390.000	121.680	112.320	624.000	54.440	0.000	0.000	0.000	0.000	54.440		
54.450	390.000	124.800	117.000	631.800	54.450	0.000	0.000	0.000	0.000	54.450		
54.460	383.760	124.800	118.560	627.120	54.460	0.000	0.000	0.000	0.000	54.460		
54.470	382.200	126.360	121.680	630.240	54.470	0.000	0.000	0.000	0.000	54.470		
54.480	374.400	129.480	126.360	630.240	54.480	0.000	0.000	0.000	0.000	54.480		
54.490	369.720	129.480	129.480	628.680	54.490	0.000	0.000	0.000	0.000	54.490		
54.500	361.920	131.040	134.160	627.120	54.500	0.000	0.000	0.000	0.000	54.500		
54.510	357.240	131.040	138.840	627.120	54.510	0.000	0.000	0.000	0.000	54.510		
54.520	349.440	134.160	141.960	625.560	54.520	0.000	0.000	0.000	0.000	54.520		
54.530	344.760	134.160	143.520	622.440	54.530	0.000	0.000	0.000	0.000	54.530		
54.540	338.520	134.160	143.520	616.200	54.540	0.000	0.000	0.000	0.000	54.540		
54.550	333.840	134.160	146.640	614.640	54.550	0.000	0.000	0.000	0.000	54.550		
54.560	332.280	131.040	146.640	609.960	54.560	0.000	0.000	0.000	0.000	54.560		
54.570	329.160	134.160	149.760	613.080	54.570	0.000	0.000	0.000	0.000	54.570		
54.580	327.500	134.930	149.340	611.770	54.580	0.000	0.000	0.000	0.000	54.580		
54.590	327.500	132.310	149.340	609.150	54.590	0.000	0.000	0.000	0.000	54.590		
54.600	327.500	134.930	149.340	611.770	54.600	4.760	2.240	0.000	7.000	54.600		
54.610	327.500	134.930	149.340	611.770	54.610	4.760	2.240	0.000	7.000	54.610		
54.620	324.880	134.930	149.340	609.150	54.620	12.320	4.760	0.000	17.080	54.620		
54.630	324.880	136.240	149.340	610.460	54.630	17.360	7.280	2.240	26.880	54.630		
54.640	322.260	136.240	151.960	610.460	54.640	22.400	9.800	4.760	36.960	54.640		
54.650	317.020	136.240	151.960	605.220	54.650	27.440	12.320	7.280	47.040	54.650		
54.660	311.780	136.240	154.580	602.600	54.660	35.000	19.880	24.920	79.800	54.660		
54.670	309.160	136.240	151.960	597.360	54.670	39.760	24.920	47.320	112.000	54.670		
54.680	301.300	136.240	151.960	589.500	54.680	44.800	24.920	59.920	129.640	54.680		
54.690	294.750	134.930	154.580	584.260	54.690	47.320	24.920	67.480	139.720	54.690		
54.700	284.270	129.690	151.960	565.920	54.700	52.360	27.440	70.000	149.800	54.700		
54.710	273.790	127.070	151.960	552.820	54.710	57.400	27.440	70.000	154.840	54.710		
54.720	262.000	121.830	149.340	533.170	54.720	59.920	29.960	67.480	157.360	54.720		
54.730	250.000	117.000	147.000	514.000	54.730	62.440	27.440	64.960	154.840	54.730		
54.740	242.000	115.000	147.000	504.000	54.740	64.960	32.480	64.960	162.400	54.740		
54.750	235.000	112.000	142.000	489.000	54.750	67.500	32.400	64.800	164.700	54.750		
54.760	227.000	110.000	142.000	479.000	54.760	69.660	34.560	67.500	171.720	54.760		
54.770	220.000	105.000	140.000	465.000	54.770	72.360	37.260	69.660	179.280	54.770		
54.780	212.000	102.000	137.000	451.000	54.780	72.360	37.260	74.520	184.140	54.780		
54.790	205.000	100.000	137.000	442.000	54.790	74.520	39.960	79.920	194.400	54.790		
54.800	197.000	100.000	137.000	434.000	54.800	77.220	42.120	84.780	204.120	54.800		
54.810	190.000	97.000	137.000	424.000	54.810	79.920	44.820	89.640	214.380	54.810		
54.820	185.000	95.000	137.000	417.000	54.820	82.080	46.980	94.500	223.560	54.820		
54.830	180.000	95.000	137.000	412.000	54.830	84.780	49.680	102.060	236.520	54.830		
54.840	175.000	95.000	137.000	407.000	54.840	87.480	52.380	107.460	247.320	54.840		
54.850	172.000	92.000	137.000	401.000	54.850	92.340	54.540	112.320	259.200	54.850		
54.860	167.000	92.000	140.000	399.000	54.860	92.340	57.240	117.180	266.760	54.860		
54.870	162.000	92.000	140.000	394.000	54.870	94.500	59.940	122.040	276.480	54.870		
54.880	157.080	92.400	141.900	391.380	54.880	97.200	59.940	127.440	284.580	54.880		
54.890	149.820	92.400	147.180	389.400	54.890	99.900	62.100	135.000	297.000	54.890		
54.900	141.900	89.760	147.180	378.840	54.900	104.550	67.150	139.400	311.100	54.900		
54.910	134.640	89.760	147.180	371.580	54.910	107.100	67.150	144.500	318.750	54.910		
54.920	127.380	87.120	149.820	364.320	54.920	109.650	69.700	149.600	328.950	54.920		
54.930	119.460	84.480	152.460	356.400	54.930	114.750	72.250	152.150	339.150	54.930		
54.940	112.200	84.480	152.460	349.140	54.940	117.300	74.800	154.700	346.800	54.940		
54.950	102.300	82.500	154.440	339.240	54.950	119.850	77.350	157.250	354.450	54.950		
54.960	94.380	82.500	157.080	333.960	54.960	124.950	77.350	157.250	359.550	54.960		
54.970	84.480	79.860	159.720	324.060	54.970	124.950	79.900	159.800	364.650	54.970		
54.980	74.580	77.220	162.360	314.160	54.980	129.200	79.900	164.900	374.000	54.980		
54.990	67.320	74.580	162.360	304.260	54.990	131.750	85.000	170.000	386.750	54.990		
55.000	57.420	71.940	165.000	294.360	55.000	131.750	85.000	174.250	391.000	55.000		
55.010	46.860	67.320	165.000	279.180	55.010	134.300	89.250	181.900	405.450	55.010		
55.020	39.600	62.040	162.360	264.000	55.020	136.850	89.250	189.550	415.650	55.020		
55.030	32.130	57.330	157.500	246.960	55.030	139.400	94.350	199.750	433.500	55.030		
55.040	24.570	49.770	147.420	221.760	55.040	141.950	96.900	212.500	451.350	55.040		
55.050	19.530	44.730	139.860	204.120	55.050	141.120	99.120	223.440	463.680	55.050		
55.060	11.970	39.690	129.780	181.440	55.060	139.440	102.480	238.560	480.480	55.060		
55.070	9.450	34.650	119.700	163.800	55.070	136.080	104.160	253.680	493.920	55.070		
55.080	6.930	32.130	107.100	146.160	55.080	134.400	104.160	268.800	507.360	55.080		
55.090	4.410	24.570	91.980	120.960	55.090	131.040	105.840	287.280	524.160	55.090		
55.100	1.890	19.530	81.900	103.320	55.100	129.360	105.840	307.440	542.640	55.100		
55.110	0.000	14.490	69.930	84.420	55.110	126.000	109.200	324.240	559.440	55.110		
55.120	0.000	11.970	54.810	66.780	55.120	124.320	109.200	339.360	572.880	55.120		
55.130	0.000	9.450	42.210	51.660	55.130	119.280	110.880	356.160	586.320	55.130		
55.140	0.000	6.930	32.130	39.060	55.140	115.920	114.240	371.280	601.440	55.140		
55.150	0.000	4.410	17.010	21.420	55.150	110.880	114.240	384.720	609.840	55.150		
55.160	0.000	4.410	6.930	11.340	55.160	110.880	114.240	394.800	619.920	55.160		
55.170	0.000	1.890	0.000	1.890	55.170	109.200	114.240	404.880	628.320	55.170		
55.180	0.000	2.500	0.000	2.500	55.180	105.840	114.240	411.600	631.680	55.180		
55.190	0.000	2.500	0.000	2.500	55.190	102.480	114.240	420.000	636.720	55.190		
55.200	0.000	2.500	0.000	2.500	55.200	99.180	111.150	424.080	634.410	55.200		
55.210	0.000	2.500	0.000	2.500	55.210	97.470	111.150	427.500	636.120	55.210		
55.220	0.000	2.500	0.000	2.500	55.220	97.470	109.440	427.500	634.410	55.220		
55.230	0.000	2.500	0.000	2.500	55.230	94.050	109.440	424.080	627.570	55.230		
55.240	0.000	2.500	0.000	2.500	55.240	94.050	106.020	422.370	622.440	55.240		
55.250	0.000	2.500	0.000	2.500	55.250	92.340	106.020	417.240	615.600	55.250		
55.260	0.000	2.500	0.000	2.500	55.260	92.340	104.310	413.820	610.470	55.260		
55.270	0.000	2.500	0.000	2.500	55.270	92.340	104.310	406.980	603.630	55.270		
55.280	0.000	0.000	0.000	0.000	55.280	92.340	104.310	401.850	598.500	55.280		
55.290	0.000	0.000	0.000	0.000	55.290	92.340	104.310	396.720	593.370	55.290		
55.300	0.000	0.000	0.000	0.000	55.300	94.050	104.310	393.300	591.660	55.300		
55.310	0.000	0.000	0.000	0.000	55.310	97.470	104.310	386.460	588.240	55.310		
55.320	0.000	0.000	0.000	0.000	55.320	97.470	104.310	381.330	583.110	55.320		
55.330	0.000	0.000	0.000	0.000	55.330	100.890	106.020	379.620	586.530	55.330		
55.340	0.000	0.000	0.000	0.000	55.340	104.310	109.440	374.490	588.240	55.340		
55.350	0.000	0.000	0.000	0.000	55.350	108.780	111.720	367.500	588.000	55.350		
55.360	0.000	0.000	0.000	0.000	55.360	116.130	114.660	361.620	592.410	55.360		
55.370	0.000	0.000	0.000	0.000	55.370	122.010	119.070	354.270	595.350	55.370		
55.380	0.000	0.000	0.000	0.000	55.380	129.360	122.010	343.980	595.350	55.380		
55.390	0.000	0.000	0.000	0.000	55.390	139.650	129.360	336.630	605.640	55.390		
55.400	0.000	0.000	0.000	0.000	55.400	149.940	136.710	324.870	611.520	55.400		
55.410	0.000	0.000	0.000	0.000	55.410	164.640	141.120	311.640	617.400	55.410		
55.420	0.000	0.000	0.000	0.000	55.420	179.340	149.940	296.940	626.220	55.420		
55.430	0.000	0.000	0.000	0.000	55.430	194.040	154.350	282.240	630.630	55.430		
55.440	0.000	0.000	0.000	0.000	55.440	214.620	161.700	264.600	640.920	55.440		
55.450	0.000	0.000	0.000	0.000	55.450	233.730	169.050	244.020	646.800	55.450		
55.460	0.000	0.000	0.000	0.000	55.460	257.250	176.400	224.910	658.560	55.460		
55.470	0.000	0.000	0.000	0.000	55.470	279.300	182.280	204.330	665.910	55.470		
55.480	0.000	0.000	0.000	0.000	55.480	304.290	183.750	182.280	670.320	55.480		
55.490	0.000	0.000	0.000	0.000	55.490	333.690	186.690	158.760	679.140	55.490		
55.500	0.000	0.000	0.000	0.000	55.500	362.390	184.450	134.540	681.380	55.500		
55.510	0.000	0.000	0.000	0.000	55.510	388.430	182.280	112.840	683.550	55.510		
55.520	0.000	0.000	0.000	0.000	55.520	414.470	173.600	95.480	683.550	55.520		
55.530	7.500	0.000	0.000	7.500	55.530	440.510	164.920	82.460	687.890	55.530		
55.540	15.000	0.000	0.000	15.000	55.540	464.380	151.900	71.610	687.890	55.540		
55.550	27.000	0.000	0.000	27.000	55.550	486.080	136.710	62.930	685.720	55.550		
55.560	45.000	0.000	0.000	45.000	55.560	503.440	123.690	56.420	683.550	55.560		
55.570	69.750	0.000	0.000	69.750	55.570	518.630	110.670	52.080	681.380	55.570		
55.580	99.750	0.000	0.000	99.750	55.580	531.650	95.480	45.570	672.700	55.580		
55.590	129.750	0.000	0.000	129.750	55.590	538.160	84.630	41.230	664.020	55.590		
55.600	154.500	0.000	0.000	154.500	55.600	542.500	71.610	36.890	651.000	55.600		
55.610	172.500	4.500	0.000	177.000	55.610	535.990	60.760	34.720	631.470	55.610		
55.620	187.500	7.500	2.250	197.250	55.620	529.480	52.080	28.210	609.770	55.620		
55.630	201.740	16.940	13.860	232.540	55.630	514.290	41.230	19.530	575.050	55.630		
55.640	214.060	18.480	21.560	254.100	55.640	494.760	36.890	13.020	544.670	55.640		
55.650	226.380	26.180	29.260	281.820	55.650	462.500	29.600	3.700	495.800	55.650		
55.660	241.780	32.340	38.500	312.620	55.660	419.950	22.200	0.000	442.150	55.660		
55.670	257.180	36.960	46.200	340.340	55.670	373.700	14.800	0.000	388.500	55.670		
55.680	274.120	41.580	49.280	364.980	55.680	318.200	9.250	0.000	327.450	55.680		
55.690	289.520	49.280	56.980	395.780	55.690	259.000	3.700	0.000	262.700	55.690		
55.700	304.920	53.900	61.600	420.420	55.700	199.800	1.850	0.000	201.650	55.700		
55.710	317.240	58.520	64.680	440.440	55.710	142.450	0.000	0.000	142.450	55.710		
55.720	331.100	64.680	69.300	465.080	55.720	92.500	0.000	0.000	92.500	55.720		
55.730	346.500	72.380	73.920	492.800	55.730	57.350	0.000	0.000	57.350	55.730		
55.740	358.820	77.000	77.000	512.820	55.740	31.450	0.000	0.000	31.450	55.740		
55.750	369.600	81.620	81.620	532.840	55.750	14.800	0.000	0.000	14.800	55.750		
55.760	377.300	86.240	81.620	545.160	55.760	7.400	0.000	0.000	7.400	55.760		
55.770	385.000	89.320	84.700	559.020	55.770	1.850	0.000	0.000	1.850	55.770		
55.780	389.550	93.810	89.040	572.400	55.780	1.850	0.000	0.000	1.850	55.780		
55.790	394.320	98.580	89.040	581.940	55.790	1.850	0.000	0.000	1.850	55.790		
55.800	397.500	101.760	93.810	593.070	55.800	2.500	0.000	0.000	2.500	55.800		
55.810	397.500	106.530	96.990	601.020	55.810	0.000	0.000	0.000	0.000	55.810		
55.820	394.320	109.710	98.580	602.610	55.820	0.000	0.000	0.000	0.000	55.820		
55.830	391.140	111.300	101.760	604.200	55.830	0.000	0.000	0.000	0.000	55.830		
55.840	386.370	116.070	106.530	608.970	55.840	0.000	0.000	0.000	0.000	55.840		
55.850	378.420	119.250	109.710	607.380	55.850	0.000	0.000	0.000	0.000	55.850		
55.860	372.060	119.250	109.710	601.020	55.860	0.000	0.000	0.000	0.000	55.860		
55.870	364.110	119.250	114.480	597.840	55.870	0.000	0.000	0.000	0.000	55.870		
55.880	354.570	122.430	114.480	591.480	55.880	0.000	0.000	0.000	0.000	55.880		
55.890	343.440	122.430	119.250	585.120	55.890	0.000	0.000	0.000	0.000	55.890		
55.900	333.900	122.430	124.020	580.350	55.900	0.000	0.000	0.000	0.000	55.900		
55.910	324.360	122.430	127.200	573.990	55.910	0.000	0.000	0.000	0.000	55.910		
55.920	314.820	124.020	133.560	572.400	55.920	0.000	0.000	0.000	0.000	55.920		
55.930	303.800	127.400	140.000	571.200	55.930	0.000	0.000	0.000	0.000	55.930		
55.940	291.200	131.600	147.000	569.800	55.940	0.000	0.000	0.000	0.000	55.940		
55.950	280.000	134.400	154.000	568.400	55.950	0.000	0.000	0.000	0.000	55.950		
55.960	268.800	134.400	162.400	565.600	55.960	0.000	0.000	0.000	0.000	55.960		
55.970	261.800	140.000	172.200	574.000	55.970	0.000	0.000	0.000	0.000	55.970		
55.980	252.000	144.200	182.000	578.200	55.980	0.000	0.000	0.000	0.000	55.980		
55.990	242.200	149.800	194.600	586.600	55.990	0.000	0.000	0.000	0.000	55.990		
56.000	233.800	154.000	204.400	592.200	56.000	0.000	0.000	0.000	0.000	56.000		
56.010	224.000	159.600	219.800	603.400	56.010	0.000	0.000	0.000	0.000	56.010		
56.020	214.200	166.600	236.600	617.400	56.020	0.000	0.000	0.000	0.000	56.020		
56.030	201.600	175.000	254.800	631.400	56.030	0.000	0.000	0.000	0.000	56.030		
56.040	186.200	179.200	277.200	642.600	56.040	0.000	0.000	0.000	0.000	56.040		
56.050	169.400	186.200	299.600	655.200	56.050	0.000	0.000	0.000	0.000	56.050		
56.060	149.800	189.000	326.200	665.000	56.060	0.000	0.000	0.000	0.000	56.060		
56.070	128.800	194.600	350.000	673.400	56.070	0.000	0.000	0.000	0.000	56.070		
56.080	105.370	192.750	372.650	670.770	56.080	0.000	0.000	0.000	0.000	56.080		
56.090	89.950	190.180	400.920	681.050	56.090	0.000	0.000	0.000	0.000	56.090		
56.100	71.960	187.610	424.050	683.620	56.100	0.000	0.000	0.000	0.000	56.100		
56.110	59.110	182.470	452.320	693.900	56.110	0.000	0.000	0.000	0.000	56.110		
56.120	48.830	177.330	475.450	701.610	56.120	1.880	0.000	0.000	1.880	56.120		
56.130	43.690	169.620	506.290	719.600	56.130	0.000	0.000	0.000	0.000	56.130		
56.140	38.550	161.910	531.990	732.450	56.140	1.880	0.000	0.000	1.880	56.140		
56.150	33.410	151.630	555.120	740.160	56.150	0.000	0.000	1.880	1.880	56.150		
56.160	28.270	141.350	580.820	750.440	56.160	0.000	0.000	19.740	19.740	56.160		
56.170	20.560	131.070	601.380	753.010	56.170	0.000	0.000	36.660	36.660	56.170		
56.180	12.850	118.220	619.370	750.440	56.180	0.000	0.000	62.040	62.040	56.180		
56.190	5.140	105.370	632.220	742.730	56.190	0.000	0.000	92.120	92.120	56.190		
56.200	2.570	95.090	639.930	737.590	56.200	0.000	0.000	119.380	119.380	56.200		
56.210	0.000	84.810	642.500	727.310	56.210	0.000	0.000	146.640	146.640	56.210		
56.220	0.000	71.960	637.360	709.320	56.220	0.000	1.880	174.840	176.720	56.220		
56.230	0.000	62.250	622.500	684.750	56.230	0.000	4.700	204.920	209.620	56.230		
56.240	0.000	54.780	602.580	657.360	56.240	1.880	6.580	235.000	243.460	56.240		
56.250	0.000	49.800	575.190	624.990	56.250	5.670	9.450	258.930	274.050	56.250		
56.260	0.000	44.820	537.840	582.660	56.260	9.450	13.230	281.610	304.290	56.260		
56.270	0.000	39.840	495.510	535.350	56.270	11.340	17.010	298.620	326.970	56.270		
56.280	0.000	37.350	443.220	480.570	56.280	17.010	20.790	313.740	351.540	56.280		
56.290	0.000	34.860	383.460	418.320	56.290	20.790	28.350	328.860	378.000	56.290		
56.300	0.000	29.880	306.270	336.150	56.300	26.460	35.910	342.090	404.460	56.300		
56.310	0.000	22.410	231.570	253.980	56.310	32.130	41.580	353.430	427.140	56.310		
56.320	0.000	12.450	161.850	174.300	56.320	34.020	47.250	368.550	449.820	56.320		
56.330	0.000	4.980	109.560	114.540	56.330	39.690	51.030	381.780	472.500	56.330		
56.340	0.000	0.000	67.230	67.230	56.340	43.470	58.590	398.790	500.850	56.340		
56.350	0.000	0.000	42.330	42.330	56.350	49.140	62.370	415.800	527.310	56.350		
56.360	0.000	0.000	27.390	27.390	56.360	54.810	66.150	434.700	555.660	56.360		
56.370	0.000	0.000	14.940	14.940	56.370	56.700	71.820	446.040	574.560	56.370		
56.380	0.000	0.000	12.500	12.500	56.380	62.370	77.490	459.270	599.130	56.380		
56.390	0.000	0.000	10.000	10.000	56.390	64.260	79.380	472.500	616.140	56.390		
56.400	0.000	0.000	7.500	7.500	56.400	69.840	81.480	481.120	632.440	56.400		
56.410	0.000	0.000	5.000	5.000	56.410	71.780	83.420	485.000	640.200	56.410		
56.420	0.000	0.000	5.000	5.000	56.420	71.780	87.300	481.120	640.200	56.420		
56.430	0.000	0.000	5.000	5.000	56.430	73.720	87.300	477.240	638.260	56.430		
56.440	0.000	0.000	2.500	2.500	56.440	75.660	89.240	469.480	634.380	56.440		
56.450	0.000	0.000	2.500	2.500	56.450	79.540	89.240	461.720	630.500	56.450		
56.460	0.000	0.000	2.500	2.500	56.460	83.420	91.180	452.020	626.620	56.460		
56.470	0.000	0.000	2.500	2.500	56.470	91.180	97.000	430.680	618.860	56.470		
56.480	0.000	0.000	2.500	2.500	56.480	97.000	98.940	419.040	614.980	56.480		
56.490	0.000	0.000	0.000	0.000	56.490	100.880	100.880	407.400	609.160	56.490		
56.500	0.000	0.000	0.000	0.000	56.500	106.700	106.700	393.820	607.220	56.500		
56.510	0.000	0.000	0.000	0.000	56.510	114.460	108.640	378.300	601.400	56.510		
56.520	0.000	0.000	0.000	0.000	56.520	124.160	114.460	358.900	597.520	56.520		
56.530	0.000	0.000	0.000	0.000	56.530	139.680	124.160	341.440	605.280	56.530		
56.540	0.000	0.000	0.000	0.000	56.540	151.200	129.360	320.880	601.440	56.540		
56.550	0.000	0.000	0.000	0.000	56.550	166.320	136.080	304.080	606.480	56.550		
56.560	0.000	0.000	0.000	0.000	56.560	179.760	139.440	287.280	606.480	56.560		
56.570	0.000	0.000	0.000	0.000	56.570	191.520	146.160	268.800	606.480	56.570		
56.580	0.000	0.000	0.000	0.000	56.580	206.640	151.200	252.000	609.840	56.580		
56.590	0.000	0.000	0.000	0.000	56.590	226.800	156.240	233.520	616.560	56.590		
56.600	0.000	0.000	0.000	0.000	56.600	243.600	161.280	216.720	621.600	56.600		
56.610	0.000	0.000	0.000	0.000	56.610	263.760	166.320	199.920	630.000	56.610		
56.620	0.000	0.000	0.000	0.000	56.620	282.240	169.680	179.760	631.680	56.620		
56.630	0.000	0.000	0.000	0.000	56.630	302.400	171.360	161.280	635.040	56.630		
56.640	0.000	0.000	0.000	0.000	56.640	324.240	171.360	146.160	641.760	56.640		
56.650	0.000	0.000	0.000	0.000	56.650	346.080	171.360	129.360	646.800	56.650		
56.660	0.000	0.000	0.000	0.000	56.660	369.600	171.360	115.920	656.880	56.660		
56.670	0.000	0.000	0.000	0.000	56.670	394.800	171.360	104.160	670.320	56.670		
56.680	0.000	0.000	0.000	0.000	56.680	420.000	169.680	89.040	678.720	56.680		
56.690	0.000	0.000	0.000	0.000	56.690	448.920	159.960	77.400	686.280	56.690		
56.700	0.000	0.000	0.000	0.000	56.700	474.720	157.380	69.660	701.760	56.700		
56.710	0.000	0.000	0.000	0.000	56.710	500.520	147.060	61.920	709.500	56.710		
56.720	0.000	0.000	0.000	0.000	56.720	526.320	136.740	56.760	719.820	56.720		
56.730	0.000	0.000	0.000	0.000	56.730	549.540	129.000	51.600	730.140	56.730		
56.740	0.000	0.000	0.000	0.000	56.740	570.180	118.680	49.020	737.880	56.740		
56.750	0.000	0.000	2.450	2.450	56.750	593.400	105.780	46.440	745.620	56.750		
56.760	0.000	0.000	2.450	2.450	56.760	611.460	92.880	41.280	745.620	56.760		
56.770	0.000	0.000	0.000	0.000	56.770	626.940	85.140	38.700	750.780	56.770		
56.780	0.000	0.000	0.000	0.000	56.780	637.260	77.400	36.120	750.780	56.780		
56.790	4.900	0.000	0.000	4.900	56.790	642.420	67.080	30.960	740.460	56.790		
56.800	24.850	0.000	0.000	24.850	56.800	645.000	56.760	25.800	727.560	56.800		
56.810	52.500	0.000	0.000	52.500	56.810	639.840	46.440	18.060	704.340	56.810		
56.820	87.500	0.000	0.000	87.500	56.820	629.520	38.700	10.320	678.540	56.820		
56.830	130.900	0.000	0.000	130.900	56.830	614.040	33.540	7.740	655.320	56.830		
56.840	173.400	0.000	0.000	173.400	56.840	585.000	25.740	2.340	613.080	56.840		
56.850	215.900	1.700	0.000	217.600	56.850	554.580	21.060	0.000	575.640	56.850		
56.860	256.700	3.400	3.400	263.500	56.860	512.460	16.380	0.000	528.840	56.860		
56.870	289.000	8.500	6.800	304.300	56.870	456.300	11.700	0.000	468.000	56.870		
56.880	309.400	17.000	11.900	338.300	56.880	390.780	7.020	0.000	397.800	56.880		
56.890	324.700	32.300	18.700	375.700	56.890	315.900	4.680	0.000	320.580	56.890		
56.900	334.900	42.500	32.300	409.700	56.900	236.340	2.340	0.000	238.680	56.900		
56.910	340.000	51.000	44.200	435.200	56.910	159.120	0.000	0.000	159.120	56.910		
56.920	348.500	59.500	56.100	464.100	56.920	95.940	0.000	0.000	95.940	56.920		
56.930	362.100	69.700	66.300	498.100	56.930	53.820	0.000	0.000	53.820	56.930		
56.940	379.100	74.800	74.800	528.700	56.940	28.080	0.000	0.000	28.080	56.940		
56.950	394.400	81.600	79.900	555.900	56.950	18.720	0.000	0.000	18.720	56.950		
56.960	411.400	86.700	85.000	583.100	56.960	11.700	0.000	0.000	11.700	56.960		
56.970	425.000	91.800	86.700	603.500	56.970	11.700	0.000	0.000	11.700	56.970		
56.980	437.400	99.000	91.800	628.200	56.980	11.700	0.000	0.000	11.700	56.980		
56.990	446.400	106.200	97.200	649.800	56.990	10.000	0.000	0.000	10.000	56.990		
57.000	450.000	111.600	100.800	662.400	57.000	7.480	0.000	0.000	7.480	57.000		
57.010	446.400	117.000	106.200	669.600	57.010	7.480	0.000	0.000	7.480	57.010		
57.020	439.200	122.400	111.600	673.200	57.020	5.000	0.000	0.000	5.000	57.020		
57.030	426.600	124.200	118.800	669.600	57.030	5.000	0.000	0.000	5.000	57.030		
57.040	412.200	124.200	122.400	658.800	57.040	5.000	0.000	0.000	5.000	57.040		
57.050	394.200	126.000	129.600	649.800	57.050	2.480	0.000	0.000	2.480	57.050		
57.060	374.400	129.600	135.000	639.000	57.060	2.480	0.000	0.000	2.480	57.060		
57.070	356.400	129.600	138.600	624.600	57.070	2.480	0.000	0.000	2.480	57.070		
57.080	338.400	131.400	144.000	613.800	57.080	0.000	0.000	0.000	0.000	57.080		
57.090	324.000	135.000	151.200	610.200	57.090	0.000	0.000	0.000	0.000	57.090		
57.100	306.000	135.000	156.600	597.600	57.100	0.000	0.000	0.000	0.000	57.100		
57.110	291.600	136.800	163.800	592.200	57.110	0.000	0.000	0.000	0.000	57.110		
57.120	279.000	138.600	171.000	588.600	57.120	0.000	0.000	0.000	0.000	57.120		
57.130	264.060	144.180	181.440	589.680	57.130	0.000	0.000	0.000	0.000	57.130		
57.140	249.480	147.420	191.160	588.060	57.140	0.000	0.000	0.000	0.000	57.140		
57.150	236.520	149.040	202.500	588.060	57.150	0.000	0.000	0.000	0.000	57.150		
57.160	226.800	153.900	212.220	592.920	57.160	0.000	0.000	0.000	0.000	57.160		
57.170	217.080	157.140	223.560	597.780	57.170	0.000	0.000	0.000	0.000	57.170		
57.180	204.120	162.000	234.900	601.020	57.180	0.000	0.000	0.000	0.000	57.180		
57.190	194.400	163.620	249.480	607.500	57.190	0.000	0.000	0.000	0.000	57.190		
57.200	184.680	168.480	264.060	617.220	57.200	0.000	0.000	0.000	0.000	57.200		
57.210	174.960	174.960	278.640	628.560	57.210	0.000	0.000	0.000	0.000	57.210		
57.220	163.620	179.820	296.460	639.900	57.220	0.000	0.000	0.000	0.000	57.220		
57.230	149.040	181.440	315.900	646.380	57.230	0.000	0.000	0.000	0.000	57.230		
57.240	139.320	186.300	336.960	662.580	57.240	0.000	0.000	0.000	0.000	57.240		
57.250	124.740	186.300	356.400	667.440	57.250	0.000	0.000	0.000	0.000	57.250		
57.260	108.540	186.300	379.080	673.920	57.260	0.000	0.000	0.000	0.000	57.260		
57.270	93.960	186.300	405.000	685.260	57.270	0.000	0.000	0.000	0.000	57.270		
57.280	77.700	181.300	429.940	688.940	57.280	0.000	0.000	0.000	0.000	57.280		
57.290	64.750	176.120	453.250	694.120	57.290	0.000	0.000	0.000	0.000	57.290		
57.300	56.980	168.350	476.560	701.890	57.300	0.000	0.000	0.000	0.000	57.300		
57.310	51.800	160.580	502.460	714.840	57.310	0.000	0.000	0.000	0.000	57.310		
57.320	44.030	150.220	523.180	717.430	57.320	0.000	0.000	0.000	0.000	57.320		
57.330	38.850	142.450	546.490	727.790	57.330	0.000	0.000	0.000	0.000	57.330		
57.340	33.670	134.680	567.210	735.560	57.340	0.000	0.000	0.000	0.000	57.340		
57.350	31.080	126.910	587.930	745.920	57.350	0.000	0.000	0.000	0.000	57.350		
57.360	23.310	116.550	606.060	745.920	57.360	0.000	0.000	0.000	0.000	57.360		
57.370	18.130	106.190	621.600	745.920	57.370	0.000	0.000	22.000	22.000	57.370		
57.380	10.360	95.830	634.550	740.740	57.380	0.000	0.000	61.600	61.600	57.380		
57.390	5.180	85.470	642.320	732.970	57.390	0.000	0.000	96.800	96.800	57.390		
57.400	2.590	75.110	647.500	725.200	57.400	0.000	0.000	129.800	129.800	57.400		
57.410	0.000	67.340	647.500	714.840	57.410	0.000	2.200	169.400	171.600	57.410		
57.420	0.000	59.570	639.730	699.300	57.420	2.200	4.400	216.700	223.300	57.420		
57.430	0.000	52.290	622.500	674.790	57.430	6.600	6.600	275.000	288.200	57.430		
57.440	0.000	44.820	595.110	639.930	57.440	9.450	11.340	330.750	351.540	57.440		
57.450	0.000	39.840	565.230	605.070	57.450	13.230	13.230	372.330	398.790	57.450		
57.460	0.000	34.860	530.370	565.230	57.460	17.010	20.790	404.460	442.260	57.460		
57.470	0.000	32.370	483.060	515.430	57.470	20.790	26.460	421.470	468.720	57.470		
57.480	0.000	24.900	423.300	448.200	57.480	24.570	34.020	436.590	495.180	57.480		
57.490	0.000	22.410	356.070	378.480	57.490	26.460	39.690	444.150	510.300	57.490		
57.500	0.000	14.940	281.370	296.310	57.500	28.350	49.140	446.040	523.530	57.500		
57.510	0.000	9.960	199.200	209.160	57.510	34.020	54.810	449.820	538.650	57.510		
57.520	0.000	4.980	126.990	131.970	57.520	35.910	62.370	449.820	548.100	57.520		
57.530	0.000	0.000	79.680	79.680	57.530	39.690	66.150	451.710	557.550	57.530		
57.540	0.000	0.000	49.800	49.800	57.540	41.580	71.820	457.380	570.780	57.540		
57.550	0.000	0.000	32.370	32.370	57.550	43.470	77.490	461.160	582.120	57.550		
57.560	0.000	0.000	19.920	19.920	57.560	47.250	81.270	466.830	595.350	57.560		
57.570	0.000	0.000	17.430	17.430	57.570	49.140	88.830	472.500	610.470	57.570		
57.580	0.000	0.000	15.000	15.000	57.580	51.030	94.500	472.500	618.030	57.580		
57.590	0.000	0.000	12.480	12.480	57.590	54.810	96.390	472.500	623.700	57.590		
57.600	0.000	0.000	12.480	12.480	57.600	56.700	98.280	468.720	623.700	57.600		
57.610	0.000	0.000	9.960	9.960	57.610	58.590	103.950	461.160	623.700	57.610		
57.620	0.000	0.000	9.960	9.960	57.620	62.370	105.840	453.600	621.810	57.620		
57.630	0.000	0.000	7.500	7.500	57.630	64.260	109.620	442.260	616.140	57.630		
57.640	0.000	0.000	7.500	7.500	57.640	69.930	117.180	430.920	618.030	57.640		
57.650	0.000	0.000	7.500	7.500	57.650	71.820	119.070	415.800	606.690	57.650		
57.660	0.000	0.000	7.500	7.500	57.660	79.380	124.740	400.680	604.800	57.660		
57.670	0.000	0.000	4.980	4.980	57.670	86.940	128.520	389.340	604.800	57.670		
57.680	0.000	0.000	4.980	4.980	57.680	94.500	134.190	372.330	601.020	57.680		
57.690	0.000	0.000	7.500	7.500	57.690	98.280	141.750	359.100	599.130	57.690		
57.700	0.000	0.000	4.980	4.980	57.700	105.840	147.420	342.090	595.350	57.700		
57.710	0.000	0.000	2.460	2.460	57.710	117.180	151.200	326.970	595.350	57.710		
57.720	0.000	0.000	2.460	2.460	57.720	126.630	156.870	309.960	593.460	57.720		
57.730	0.000	0.000	2.500	2.500	57.730	136.080	160.650	294.840	591.570	57.730		
57.740	0.000	0.000	2.500	2.500	57.740	147.460	166.440	278.860	592.760	57.740		
57.750	0.000	0.000	0.000	0.000	57.750	156.220	172.280	264.260	592.760	57.750		
57.760	0.000	0.000	0.000	0.000	57.760	169.360	172.280	249.660	591.300	57.760		
57.770	0.000	0.000	0.000	0.000	57.770	179.580	179.580	236.520	595.680	57.770		
57.780	0.000	0.000	0.000	0.000	57.780	194.180	182.500	224.840	601.520	57.780		
57.790	0.000	0.000	0.000	0.000	57.790	207.320	186.880	208.780	602.980	57.790		
57.800	0.000	0.000	0.000	0.000	57.800	219.000	189.800	194.180	602.980	57.800		
57.810	0.000	0.000	0.000	0.000	57.810	233.600	191.260	182.500	607.360	57.810		
57.820	0.000	0.000	0.000	0.000	57.820	249.660	194.180	166.440	610.280	57.820		
57.830	0.000	0.000	0.000	0.000	57.830	264.260	194.180	154.760	613.200	57.830		
57.840	0.000	0.000	0.000	0.000	57.840	284.700	197.100	138.700	620.500	57.840		
57.850	0.000	0.000	0.000	0.000	57.850	302.220	197.100	124.100	623.420	57.850		
57.860	0.000	0.000	0.000	0.000	57.860	321.200	198.560	112.420	632.180	57.860		
57.870	0.000	0.000	0.000	0.000	57.870	341.640	197.100	102.200	640.940	57.870		
57.880	0.000	0.000	0.000	0.000	57.880	365.000	194.180	89.060	648.240	57.880		
57.890	0.000	0.000	0.000	0.000	57.890	391.050	189.600	75.840	656.490	57.890		
57.900	0.000	0.000	0.000	0.000	57.900	417.120	184.860	66.360	668.340	57.900		
57.910	0.000	0.000	4.800	4.800	57.910	438.450	177.750	61.620	677.820	57.910		
57.920	0.000	0.000	2.240	2.240	57.920	464.520	173.010	54.510	692.040	57.920		
57.930	0.000	0.000	2.240	2.240	57.930	488.220	165.900	49.770	703.890	57.930		
57.940	0.000	0.000	4.800	4.800	57.940	514.290	156.420	47.400	718.110	57.940		
57.950	0.000	0.000	4.800	4.800	57.950	533.250	149.310	40.290	722.850	57.950		
57.960	0.000	0.000	2.240	2.240	57.960	554.580	139.830	37.920	732.330	57.960		
57.970	0.000	0.000	2.240	2.240	57.970	571.170	125.610	33.180	729.960	57.970		
57.980	0.000	0.000	2.240	2.240	57.980	583.020	113.760	28.440	725.220	57.980		
57.990	0.000	0.000	2.240	2.240	57.990	592.500	104.280	21.330	718.110	57.990		
58.000	17.280	0.000	0.000	17.280	58.000	592.500	92.430	16.590	701.520	58.000		
58.010	47.360	0.000	0.000	47.360	58.010	587.760	80.580	9.480	677.820	58.010		
58.020	80.000	0.000	0.000	80.000	58.020	578.280	73.470	4.740	656.490	58.020		
58.030	114.400	0.000	0.000	114.400	58.030	561.690	63.990	2.370	628.050	58.030		
58.040	149.600	0.000	0.000	149.600	58.040	537.500	55.900	0.000	593.400	58.040		
58.050	197.120	0.000	1.760	198.880	58.050	503.100	51.600	0.000	554.700	58.050		
58.060	244.640	1.760	3.520	249.920	58.060	464.400	49.450	0.000	513.850	58.060		
58.070	286.880	3.520	7.040	297.440	58.070	410.650	43.000	0.000	453.650	58.070		
58.080	329.120	7.040	8.800	344.960	58.080	348.300	40.850	0.000	389.150	58.080		
58.090	359.040	14.080	14.080	387.200	58.090	283.800	36.550	0.000	320.350	58.090		
58.100	381.920	21.120	15.840	418.880	58.100	219.300	27.950	0.000	247.250	58.100		
58.110	396.000	33.440	24.640	454.080	58.110	159.100	17.200	0.000	176.300	58.110		
58.120	404.800	38.720	29.920	473.440	58.120	107.500	6.450	0.000	113.950	58.120		
58.130	408.320	44.000	31.680	484.000	58.130	68.800	2.150	0.000	70.950	58.130		
58.140	413.600	45.760	33.440	492.800	58.140	40.850	0.000	0.000	40.850	58.140		
58.150	422.400	51.040	36.960	510.400	58.150	23.650	0.000	0.000	23.650	58.150		
58.160	431.200	56.320	38.720	526.240	58.160	17.200	0.000	0.000	17.200	58.160		
58.170	440.000	61.600	44.000	545.600	58.170	12.900	0.000	0.000	12.900	58.170		
58.180	448.500	68.250	50.700	567.450	58.180	10.750	0.000	0.000	10.750	58.180		
58.190	458.250	76.050	56.550	590.850	58.190	12.500	0.000	0.000	12.500	58.190		
58.200	469.950	81.900	62.400	614.250	58.200	10.000	0.000	0.000	10.000	58.200		
58.210	479.700	85.800	64.350	629.850	58.210	7.500	0.000	0.000	7.500	58.210		
58.220	483.600	91.650	72.150	647.400	58.220	7.500	0.000	0.000	7.500	58.220		
58.230	487.500	99.450	74.100	661.050	58.230	7.500	0.000	0.000	7.500	58.230		
58.240	487.500	101.400	79.950	668.850	58.240	5.000	0.000	0.000	5.000	58.240		
58.250	481.650	103.350	81.900	666.900	58.250	5.000	0.000	0.000	5.000	58.250		
58.260	475.800	109.200	83.850	668.850	58.260	5.000	0.000	0.000	5.000	58.260		
58.270	466.050	111.150	89.700	666.900	58.270	2.500	0.000	0.000	2.500	58.270		
58.280	454.350	113.100	93.600	661.050	58.280	2.500	0.000	0.000	2.500	58.280		
58.290	438.750	117.000	97.500	653.250	58.290	2.500	0.000	0.000	2.500	58.290		
58.300	421.200	118.950	101.400	641.550	58.300	2.500	0.000	0.000	2.500	58.300		
58.310	403.650	124.800	109.200	637.650	58.310	0.000	0.000	0.000	0.000	58.310		
58.320	386.100	128.700	117.000	631.800	58.320	0.000	0.000	0.000	0.000	58.320		
58.330	367.500	133.770	126.420	627.690	58.330	0.000	0.000	0.000	0.000	58.330		
58.340	349.860	139.650	133.770	623.280	58.340	0.000	0.000	0.000	0.000	58.340		
58.350	332.220	141.120	141.120	614.460	58.350	0.000	0.000	0.000	0.000	58.350		
58.360	316.050	147.000	149.940	612.990	58.360	0.000	0.000	0.000	0.000	58.360		
58.370	299.880	151.410	161.700	612.990	58.370	0.000	0.000	0.000	0.000	58.370		
58.380	283.710	157.290	171.990	612.990	58.380	0.000	0.000	0.000	0.000	58.380		
58.390	269.010	161.700	183.750	614.460	58.390	0.000	0.000	0.000	0.000	58.390		
58.400	254.310	166.110	196.980	617.400	58.400	0.000	0.000	0.000	0.000	58.400		
58.410	241.080	174.930	208.740	624.750	58.410	0.000	0.000	0.000	0.000	58.410		
58.420	226.380	179.340	221.970	627.690	58.420	0.000	0.000	0.000	0.000	58.420		
58.430	211.680	183.750	236.670	632.100	58.430	0.000	0.000	0.000	0.000	58.430		
58.440	196.980	186.690	251.370	635.040	58.440	0.000	0.000	0.000	0.000	58.440		
58.450	182.280	191.100	271.950	645.330	58.450	0.000	0.000	0.000	0.000	58.450		
58.460	164.640	194.040	289.590	648.270	58.460	0.000	0.000	0.000	0.000	58.460		
58.470	147.000	199.920	311.640	658.560	58.470	0.000	0.000	0.000	0.000	58.470		
58.480	126.360	201.690	330.480	658.530	58.480	0.000	0.000	0.000	0.000	58.480		
58.490	111.780	204.120	352.350	668.250	58.490	0.000	0.000	0.000	0.000	58.490		
58.500	97.200	201.690	374.220	673.110	58.500	0.000	0.000	0.000	0.000	58.500		
58.510	80.190	201.690	393.660	675.540	58.510	0.000	0.000	0.000	0.000	58.510		
58.520	68.040	196.830	415.530	680.400	58.520	0.000	0.000	0.000	0.000	58.520		
58.530	58.320	194.400	439.830	692.550	58.530	0.000	0.000	0.000	0.000	58.530		
58.540	53.460	187.110	464.130	704.700	58.540	0.000	0.000	0.000	0.000	58.540		
58.550	46.170	177.390	490.860	714.420	58.550	0.000	0.000	0.000	0.000	58.550		
58.560	41.310	167.670	512.730	721.710	58.560	0.000	0.000	0.000	0.000	58.560		
58.570	36.450	160.380	537.030	733.860	58.570	0.000	0.000	0.000	0.000	58.570		
58.580	29.160	148.230	556.470	733.860	58.580	0.000	0.000	0.000	0.000	58.580		
58.590	24.300	138.510	573.480	736.290	58.590	0.000	0.000	4.640	4.640	58.590		
58.600	19.440	128.790	585.630	733.860	58.600	0.000	0.000	39.440	39.440	58.600		
58.610	12.150	116.640	597.780	726.570	58.610	0.000	0.000	82.360	82.360	58.610		
58.620	9.720	106.920	607.500	724.140	58.620	0.000	0.000	114.840	114.840	58.620		
58.630	2.430	94.770	607.500	704.700	58.630	0.000	0.000	145.000	145.000	58.630		
58.640	0.000	82.620	602.640	685.260	58.640	1.960	1.960	194.040	197.960	58.640		
58.650	0.000	72.900	590.490	663.390	58.650	3.920	1.960	241.080	246.960	58.650		
58.660	0.000	65.610	575.910	641.520	58.660	5.880	3.920	282.240	292.040	58.660		
58.670	0.000	58.320	551.610	609.930	58.670	9.800	9.800	321.440	341.040	58.670		
58.680	0.000	55.890	527.310	583.200	58.680	11.760	11.760	354.760	378.280	58.680		
58.690	0.000	51.030	490.860	541.890	58.690	15.680	13.720	382.200	411.600	58.690		
58.700	0.000	48.600	442.260	490.860	58.700	19.600	21.560	399.840	441.000	58.700		
58.710	0.000	46.170	383.940	430.110	58.710	21.560	27.440	411.600	460.600	58.710		
58.720	0.000	41.310	318.330	359.640	58.720	23.520	31.360	421.400	476.280	58.720		
58.730	0.000	34.020	250.290	284.310	58.730	29.400	37.240	431.200	497.840	58.730		
58.740	0.000	26.730	187.110	213.840	58.740	29.400	41.160	441.000	511.560	58.740		
58.750	0.000	14.580	128.790	143.370	58.750	33.320	49.000	450.800	533.120	58.750		
58.760	0.000	7.290	82.620	89.910	58.760	37.240	54.880	464.520	556.640	58.760		
58.770	0.000	0.000	53.460	53.460	58.770	39.200	58.800	476.280	574.280	58.770		
58.780	0.000	0.000	32.500	32.500	58.780	43.120	66.640	490.000	599.760	58.780		
58.790	0.000	0.000	22.490	22.490	58.790	48.070	71.060	503.690	622.820	58.790		
58.800	0.000	0.000	17.420	17.420	58.800	52.250	77.330	514.140	643.720	58.800		
58.810	0.000	0.000	14.950	14.950	58.810	54.340	81.510	518.320	654.170	58.810		
58.820	0.000	0.000	14.950	14.950	58.820	56.430	81.510	522.500	660.440	58.820		
58.830	0.000	0.000	12.480	12.480	58.830	58.520	83.600	522.500	664.620	58.830		
58.840	0.000	0.000	12.480	12.480	58.840	60.610	83.600	516.230	660.440	58.840		
58.850	0.000	0.000	12.480	12.480	58.850	64.790	83.600	514.140	662.530	58.850		
58.860	0.000	0.000	9.880	9.880	58.860	64.790	83.600	505.780	654.170	58.860		
58.870	0.000	0.000	7.410	7.410	58.870	66.880	83.600	499.510	649.990	58.870		
58.880	0.000	0.000	7.410	7.410	58.880	68.970	83.600	491.150	643.720	58.880		
58.890	0.000	0.000	4.940	4.940	58.890	71.060	85.690	480.700	637.450	58.890		
58.900	0.000	0.000	4.940	4.940	58.900	77.330	85.690	468.160	631.180	58.900		
58.910	0.000	0.000	4.940	4.940	58.910	79.420	91.960	459.800	631.180	58.910		
58.920	0.000	0.000	2.470	2.470	58.920	83.600	91.960	447.260	622.820	58.920		
58.930	0.000	0.000	5.000	5.000	58.930	89.870	94.050	434.720	618.640	58.930		
58.940	0.000	0.000	5.000	5.000	58.940	96.860	96.860	417.500	611.220	58.940		
58.950	0.000	0.000	5.000	5.000	58.950	101.870	101.870	404.140	607.880	58.950		
58.960	0.000	0.000	2.500	2.500	58.960	108.550	106.880	389.110	604.540	58.960		
58.970	0.000	0.000	2.500	2.500	58.970	118.570	108.550	374.080	601.200	58.970		
58.980	0.000	0.000	0.000	0.000	58.980	126.920	113.560	362.390	602.870	58.980		
58.990	0.000	0.000	0.000	0.000	58.990	138.610	121.910	349.030	609.550	58.990		
59.000	0.000	0.000	2.500	2.500	59.000	148.630	126.920	337.340	612.890	59.000		
59.010	0.000	0.000	0.000	0.000	59.010	161.990	133.600	322.310	617.900	59.010		
59.020	0.000	0.000	0.000	0.000	59.020	173.680	138.610	308.950	621.240	59.020		
59.030	0.000	0.000	0.000	0.000	59.030	187.040	143.620	293.920	624.580	59.030		
59.040	0.000	0.000	0.000	0.000	59.040	202.070	151.970	278.890	632.930	59.040		
59.050	0.000	0.000	0.000	0.000	59.050	217.100	158.650	263.860	639.610	59.050		
59.060	0.000	0.000	0.000	0.000	59.060	233.800	163.660	247.160	644.620	59.060		
59.070	0.000	0.000	0.000	0.000	59.070	252.170	172.010	228.790	652.970	59.070		
59.080	0.000	0.000	0.000	0.000	59.080	272.210	173.680	213.760	659.650	59.080		
59.090	0.000	0.000	0.000	0.000	59.090	293.750	180.950	197.400	672.100	59.090		
59.100	0.000	0.000	0.000	0.000	59.100	317.250	183.300	178.600	679.150	59.100		
59.110	0.000	0.000	0.000	0.000	59.110	340.750	185.650	162.150	688.550	59.110		
59.120	0.000	0.000	0.000	0.000	59.120	364.250	188.000	145.700	697.950	59.120		
59.130	0.000	0.000	0.000	0.000	59.130	387.750	188.000	129.250	705.000	59.130		
59.140	0.000	0.000	0.000	0.000	59.140	413.600	185.650	112.800	712.050	59.140		
59.150	0.000	0.000	0.000	0.000	59.150	439.450	183.300	101.050	723.800	59.150		
59.160	0.000	0.000	0.000	0.000	59.160	462.950	176.250	89.300	728.500	59.160		
59.170	0.000	0.000	0.000	0.000	59.170	486.450	169.200	75.200	730.850	59.170		
59.180	0.000	0.000	0.000	0.000	59.180	505.250	159.800	68.150	733.200	59.180		
59.190	0.000	0.000	0.000	0.000	59.190	528.750	145.700	63.450	737.900	59.190		
59.200	0.000	0.000	0.000	0.000	59.200	545.200	133.950	56.400	735.550	59.200		
59.210	0.000	0.000	0.000	0.000	59.210	561.650	122.200	51.700	735.550	59.210		
59.220	0.000	0.000	0.000	0.000	59.220	573.400	108.100	47.000	728.500	59.220		
59.230	16.640	0.000	0.000	16.640	59.230	587.500	94.000	42.300	723.800	59.230		
59.240	37.120	0.000	0.000	37.120	59.240	590.000	77.880	35.400	703.280	59.240		
59.250	56.320	0.000	0.000	56.320	59.250	590.000	70.800	30.680	691.480	59.250		
59.260	81.920	0.000	0.000	81.920	59.260	582.920	61.360	23.600	667.880	59.260		
59.270	108.800	0.000	0.000	108.800	59.270	573.480	54.280	18.880	646.640	59.270		
59.280	144.640	0.000	0.000	144.640	59.280	559.320	47.200	11.800	618.320	59.280		
59.290	184.320	0.000	1.280	185.600	59.290	538.080	42.480	9.440	590.000	59.290		
59.300	221.440	1.280	3.840	226.560	59.300	514.480	35.400	4.720	554.600	59.300		
59.310	252.160	3.840	8.960	264.960	59.310	481.440	33.040	2.360	516.840	59.310		
59.320	276.480	8.960	14.080	299.520	59.320	441.320	30.680	0.000	472.000	59.320		
59.330	291.840	16.640	16.640	325.120	59.330	391.760	23.600	0.000	415.360	59.330		
59.340	302.080	24.320	24.320	350.720	59.340	330.400	18.880	0.000	349.280	59.340		
59.350	309.760	32.000	29.440	371.200	59.350	266.680	11.800	0.000	278.480	59.350		
59.360	314.880	37.120	37.120	389.120	59.360	200.600	7.080	0.000	207.680	59.360		
59.370	320.000	44.800	44.800	409.600	59.370	143.960	2.360	0.000	146.320	59.370		
59.380	329.120	51.040	51.040	431.200	59.380	94.400	0.000	0.000	94.400	59.380		
59.390	339.680	56.320	59.840	455.840	59.390	55.000	0.000	0.000	55.000	59.390		
59.400	348.480	61.600	63.360	473.440	59.400	34.980	0.000	0.000	34.980	59.400		
59.410	360.800	68.640	72.160	501.600	59.410	22.440	0.000	0.000	22.440	59.410		
59.420	378.400	77.440	80.960	536.800	59.420	14.960	0.000	2.420	17.380	59.420		
59.430	394.240	80.960	89.760	564.960	59.430	12.320	0.000	0.000	12.320	59.430		
59.440	404.800	91.520	96.800	593.120	59.440	12.320	0.000	0.000	12.320	59.440		
59.450	417.120	96.800	103.840	617.760	59.450	9.900	0.000	0.000	9.900	59.450		
59.460	425.920	107.360	110.880	644.160	59.460	7.480	0.000	0.000	7.480	59.460		
59.470	434.720	110.880	116.160	661.760	59.470	7.480	0.000	0.000	7.480	59.470		
59.480	440.000	116.160	124.960	681.120	59.480	7.480	0.000	0.000	7.480	59.480		
59.490	440.000	121.440	126.720	688.160	59.490	4.840	0.000	0.000	4.840	59.490		
59.500	434.720	124.960	132.000	691.680	59.500	4.840	0.000	0.000	4.840	59.500		
59.510	425.920	126.720	133.760	686.400	59.510	4.840	0.000	0.000	4.840	59.510		
59.520	417.120	128.480	139.040	684.640	59.520	4.840	0.000	0.000	4.840	59.520		
59.530	402.500	132.020	146.510	681.030	59.530	2.420	0.000	0.000	2.420	59.530		
59.540	386.400	132.020	151.340	669.760	59.540	2.500	0.000	0.000	2.500	59.540		
59.550	371.910	133.630	154.560	660.100	59.550	2.500	0.000	0.000	2.500	59.550		
59.560	357.420	133.630	159.390	650.440	59.560	0.000	0.000	0.000	0.000	59.560		
59.570	341.320	133.630	164.220	639.170	59.570	2.500	0.000	0.000	2.500	59.570		
59.580	326.830	133.630	169.050	629.510	59.580	2.500	0.000	0.000	2.500	59.580		
59.590	312.340	133.630	177.100	623.070	59.590	0.000	0.000	0.000	0.000	59.590		
59.600	299.460	133.630	181.930	615.020	59.600	2.500	0.000	0.000	2.500	59.600		
59.610	286.580	138.460	189.980	615.020	59.610	2.500	0.000	0.000	2.500	59.610		
59.620	273.700	141.680	199.640	615.020	59.620	2.500	0.000	0.000	2.500	59.620		
59.630	264.040	144.900	209.300	618.240	59.630	2.500	0.000	0.000	2.500	59.630		
59.640	251.160	149.730	218.960	619.850	59.640	2.500	0.000	0.000	2.500	59.640		
59.650	239.890	151.340	231.840	623.070	59.650	2.500	0.000	0.000	2.500	59.650		
59.660	228.620	156.170	244.720	629.510	59.660	5.000	0.000	0.000	5.000	59.660		
59.670	217.350	161.000	255.990	634.340	59.670	5.000	0.000	0.000	5.000	59.670		
59.680	205.000	164.000	274.700	643.700	59.680	5.000	0.000	0.000	5.000	59.680		
59.690	190.650	168.100	287.000	645.750	59.690	4.760	0.000	0.000	4.760	59.690		
59.700	178.350	172.200	303.400	653.950	59.700	4.760	0.000	0.000	4.760	59.700		
59.710	166.050	172.200	319.800	658.050	59.710	4.760	0.000	0.000	4.760	59.710		
59.720	155.800	174.250	336.200	666.250	59.720	4.760	2.380	0.000	7.140	59.720		
59.730	141.450	176.300	354.650	672.400	59.730	2.380	0.000	0.000	2.380	59.730		
59.740	129.150	176.300	371.050	676.500	59.740	4.760	0.000	0.000	4.760	59.740		
59.750	118.900	176.300	389.500	684.700	59.750	4.760	0.000	0.000	4.760	59.750		
59.760	104.550	176.300	405.900	686.750	59.760	4.760	0.000	0.000	4.760	59.760		
59.770	92.250	174.250	426.400	692.900	59.770	4.760	0.000	0.000	4.760	59.770		
59.780	82.000	172.200	444.850	699.050	59.780	2.380	0.000	0.000	2.380	59.780		
59.790	71.750	166.050	461.250	699.050	59.790	2.380	0.000	9.860	12.240	59.790		
59.800	61.500	159.900	475.600	697.000	59.800	0.000	0.000	19.720	19.720	59.800		
59.810	53.300	153.750	496.100	703.150	59.810	0.000	0.000	34.680	34.680	59.810		
59.820	51.250	145.550	512.500	709.300	59.820	0.000	0.000	57.460	57.460	59.820		
59.830	45.000	135.000	528.750	708.750	59.830	0.000	0.000	85.000	85.000	59.830		
59.840	38.250	121.500	542.250	702.000	59.840	1.630	0.000	123.880	125.510	59.840		
59.850	36.000	108.000	553.500	697.500	59.850	1.630	0.000	156.480	158.110	59.850		
59.860	31.500	99.000	558.000	688.500	59.860	4.890	0.000	187.450	192.340	59.860		
59.870	27.000	85.500	562.500	675.000	59.870	6.520	1.630	213.530	221.680	59.870		
59.880	18.000	74.250	562.500	654.750	59.880	11.410	4.890	241.240	257.540	59.880		
59.890	13.500	63.000	553.500	630.000	59.890	14.670	6.520	264.060	285.250	59.890		
59.900	9.000	51.750	542.250	603.000	59.900	16.300	9.780	286.880	312.960	59.900		
59.910	6.750	45.000	526.500	578.250	59.910	19.560	14.670	306.440	340.670	59.910		
59.920	2.250	36.000	504.000	542.250	59.920	21.190	19.560	326.000	366.750	59.920		
59.930	0.000	29.250	472.500	501.750	59.930	26.080	24.450	342.300	392.830	59.930		
59.940	0.000	22.500	436.500	459.000	59.940	29.340	29.340	356.970	415.650	59.940		
59.950	0.000	13.500	391.500	405.000	59.950	30.970	34.230	366.750	431.950	59.950		
59.960	0.000	9.000	342.000	351.000	59.960	34.230	37.490	376.530	448.250	59.960		
59.970	0.000	4.500	285.750	290.250	59.970	39.120	42.380	391.200	472.700	59.970		
59.980	0.000	1.780	222.500	224.280	59.980	42.380	47.270	407.500	497.150	59.980		
59.990	0.000	0.000	164.650	164.650	59.990	43.780	51.740	423.870	519.390	59.990		
60.000	0.000	0.000	112.140	112.140	60.000	45.770	53.730	435.810	535.310	60.000		
60.010	0.000	0.000	74.760	74.760	60.010	49.750	59.700	449.740	559.190	60.010		
60.020	0.000	0.000	47.170	47.170	60.020	51.740	63.680	463.670	579.090	60.020		
60.030	0.000	0.000	32.040	32.040	60.030	55.720	65.670	475.610	597.000	60.030		
60.040	0.000	0.000	22.250	22.250	60.040	59.700	71.640	483.570	614.910	60.040		
60.050	0.000	0.000	19.580	19.580	60.050	61.690	75.620	491.530	628.840	60.050		
60.060	0.000	0.000	14.240	14.240	60.060	63.680	79.600	497.500	640.780	60.060		
60.070	0.000	0.000	14.240	14.240	60.070	65.670	81.590	497.500	644.760	60.070		
60.080	0.000	0.000	14.240	14.240	60.080	71.640	83.580	491.530	646.750	60.080		
60.090	0.000	0.000	12.460	12.460	60.090	73.630	89.550	489.540	652.720	60.090		
60.100	0.000	0.000	9.790	9.790	60.100	81.590	91.540	479.590	652.720	60.100		
60.110	0.000	0.000	9.790	9.790	60.110	83.580	93.530	471.630	648.740	60.110		
60.120	0.000	0.000	7.120	7.120	60.120	89.550	99.500	461.680	650.730	60.120		
60.130	0.000	0.000	7.500	7.500	60.130	93.530	99.500	451.730	644.760	60.130		
60.140	0.000	0.000	7.500	7.500	60.140	99.750	101.500	437.500	638.750	60.140		
60.150	0.000	0.000	4.980	4.980	60.150	101.500	101.500	423.500	626.500	60.150		
60.160	0.000	0.000	4.980	4.980	60.160	106.750	101.500	414.750	623.000	60.160		
60.170	0.000	0.000	4.980	4.980	60.170	108.500	105.000	404.250	617.750	60.170		
60.180	0.000	0.000	4.980	4.980	60.180	112.000	105.000	393.750	610.750	60.180		
60.190	0.000	0.000	4.980	4.980	60.190	113.750	106.750	386.750	607.250	60.190		
60.200	0.000	0.000	2.490	2.490	60.200	119.000	108.500	379.750	607.250	60.200		
60.210	0.000	0.000	2.490	2.490	60.210	122.500	112.000	371.000	605.500	60.210		
60.220	0.000	0.000	2.490	2.490	60.220	126.000	113.750	367.500	607.250	60.220		
60.230	0.000	0.000	2.490	2.490	60.230	129.500	117.250	358.750	605.500	60.230		
60.240	0.000	0.000	0.000	0.000	60.240	131.250	119.000	353.500	603.750	60.240		
60.250	0.000	0.000	0.000	0.000	60.250	136.500	122.500	350.000	609.000	60.250		
60.260	0.000	0.000	0.000	0.000	60.260	140.000	124.250	341.250	605.500	60.260		
60.270	0.000	0.000	0.000	0.000	60.270	148.750	129.500	336.000	614.250	60.270		
60.280	0.000	0.000	0.000	0.000	60.280	154.000	134.750	329.000	617.750	60.280		
60.290	0.000	0.000	0.000	0.000	60.290	164.820	139.360	324.280	628.460	60.290		
60.300	0.000	0.000	0.000	0.000	60.300	171.520	142.040	318.920	632.480	60.300		
60.310	0.000	0.000	0.000	0.000	60.310	179.560	147.400	314.900	641.860	60.310		
60.320	0.000	0.000	0.000	0.000	60.320	186.260	148.740	309.540	644.540	60.320		
60.330	0.000	0.000	0.000	0.000	60.330	194.300	154.100	301.500	649.900	60.330		
60.340	0.000	0.000	0.000	0.000	60.340	206.360	159.460	294.800	660.620	60.340		
60.350	0.000	0.000	0.000	0.000	60.350	217.080	164.820	284.080	665.980	60.350		
60.360	0.000	0.000	0.000	0.000	60.360	229.140	168.840	272.020	670.000	60.360		
60.370	0.000	0.000	2.500	2.500	60.370	241.200	174.200	261.300	676.700	60.370		
60.380	0.000	0.000	0.000	0.000	60.380	254.600	176.880	246.560	678.040	60.380		
60.390	0.000	0.000	2.500	2.500	60.390	269.340	179.560	231.820	680.720	60.390		
60.400	0.000	0.000	2.500	2.500	60.400	284.080	182.240	214.400	680.720	60.400		
60.410	0.000	0.000	2.500	2.500	60.410	301.500	182.240	199.660	683.400	60.410		
60.420	0.000	0.000	2.500	2.500	60.420	316.240	184.920	179.560	680.720	60.420		
60.430	0.000	0.000	2.280	2.280	60.430	335.000	184.920	164.820	684.740	60.430		
60.440	0.000	0.000	2.280	2.280	60.440	351.540	179.550	143.640	674.730	60.440		
60.450	0.000	0.000	2.280	2.280	60.450	372.330	175.770	128.520	676.620	60.450		
60.460	0.000	0.000	0.000	0.000	60.460	387.450	171.990	113.400	672.840	60.460		
60.470	0.000	0.000	2.280	2.280	60.470	404.460	166.320	102.060	672.840	60.470		
60.480	9.880	0.000	2.280	12.160	60.480	419.580	158.760	88.830	667.170	60.480		
60.490	22.040	0.000	0.000	22.040	60.490	430.920	149.310	77.490	657.720	60.490		
60.500	39.520	0.000	0.000	39.520	60.500	444.150	139.860	66.150	650.160	60.500		
60.510	57.000	0.000	0.000	57.000	60.510	451.710	128.520	58.590	638.820	60.510		
60.520	74.480	0.000	0.000	74.480	60.520	461.160	119.070	56.700	636.930	60.520		
60.530	91.960	0.000	0.000	91.960	60.530	466.830	109.620	51.030	627.480	60.530		
60.540	117.040	0.000	0.000	117.040	60.540	468.720	98.280	49.140	616.140	60.540		
60.550	142.120	2.280	0.000	144.400	60.550	472.500	86.940	43.470	602.910	60.550		
60.560	167.200	0.000	0.000	167.200	60.560	468.720	79.380	39.690	587.790	60.560		
60.570	190.000	4.560	0.000	194.560	60.570	464.940	69.930	34.020	568.890	60.570		
60.580	211.280	9.730	4.170	225.180	60.580	453.600	62.370	32.130	548.100	60.580		
60.590	226.570	13.900	6.950	247.420	60.590	440.000	54.560	24.640	519.200	60.590		
60.600	239.080	19.460	11.120	269.660	60.600	418.880	45.760	19.360	484.000	60.600		
60.610	248.810	23.630	16.680	289.120	60.610	396.000	42.240	12.320	450.560	60.610		
60.620	257.150	29.190	22.240	308.580	60.620	374.880	38.720	8.800	422.400	60.620		
60.630	261.320	31.970	23.630	316.920	60.630	346.720	33.440	7.040	387.200	60.630		
60.640	266.880	34.750	31.970	333.600	60.640	311.520	31.680	1.760	344.960	60.640		
60.650	276.610	38.920	36.140	351.670	60.650	276.320	26.400	0.000	302.720	60.650		
60.660	284.950	41.700	38.920	365.570	60.660	239.360	19.360	0.000	258.720	60.660		
60.670	291.900	44.480	41.700	378.080	60.670	198.880	14.080	0.000	212.960	60.670		
60.680	301.630	48.650	47.260	397.540	60.680	161.920	8.800	0.000	170.720	60.680		
60.690	309.970	51.430	47.260	408.660	60.690	124.960	7.040	0.000	132.000	60.690		
60.700	322.480	56.990	51.430	430.900	60.700	91.520	1.760	0.000	93.280	60.700		
60.710	334.990	61.160	56.990	453.140	60.710	66.880	0.000	0.000	66.880	60.710		
60.720	347.500	69.500	61.160	478.160	60.720	44.000	0.000	0.000	44.000	60.720		
60.730	359.040	77.440	63.360	499.840	60.730	29.920	0.000	0.000	29.920	60.730		
60.740	369.600	80.960	68.640	519.200	60.740	15.000	0.000	2.460	17.460	60.740		
60.750	378.400	86.240	73.920	538.560	60.750	7.500	0.000	2.460	9.960	60.750		
60.760	392.480	91.520	77.440	561.440	60.760	4.980	0.000	2.460	7.440	60.760		
60.770	401.280	98.560	79.200	579.040	60.770	4.980	0.000	2.460	7.440	60.770		
60.780	411.840	103.840	84.480	600.160	60.780	2.460	0.000	0.000	2.460	60.780		
60.790	418.880	110.880	86.240	616.000	60.790	0.000	0.000	0.000	0.000	60.790		
60.800	425.920	116.160	91.520	633.600	60.800	0.000	0.000	2.460	2.460	60.800		
60.810	434.720	124.960	93.280	652.960	60.810	0.000	0.000	2.460	2.460	60.810		
60.820	436.480	128.480	98.560	663.520	60.820	0.000	0.000	0.000	0.000	60.820		
60.830	440.000	132.000	102.080	674.080	60.830	0.000	0.000	0.000	0.000	60.830		
60.840	440.000	137.280	103.840	681.120	60.840	0.000	0.000	2.460	2.460	60.840		
60.850	436.480	139.040	107.360	682.880	60.850	0.000	0.000	2.460	2.460	60.850		
60.860	429.440	140.800	109.120	679.360	60.860	0.000	0.000	2.460	2.460	60.860		
60.870	422.400	144.320	109.120	675.840	60.870	0.000	0.000	0.000	0.000	60.870		
60.880	412.500	143.550	112.200	668.250	60.880	0.000	0.000	2.460	2.460	60.880		
60.890	396.000	146.850	113.850	656.700	60.890	0.000	0.000	2.500	2.500	60.890		
60.900	386.100	146.850	117.150	650.100	60.900	0.000	0.000	2.500	2.500	60.900		
60.910	376.200	146.850	117.150	640.200	60.910	0.000	0.000	2.500	2.500	60.910		
60.920	366.300	148.500	117.150	631.950	60.920	0.000	0.000	2.500	2.500	60.920		
60.930	356.400	148.500	118.800	623.700	60.930	0.000	0.000	2.500	2.500	60.930		
60.940	349.800	151.800	122.100	623.700	60.940	0.000	0.000	2.500	2.500	60.940		
60.950	344.850	153.450	122.100	620.400	60.950	0.000	0.000	2.500	2.500	60.950		
60.960	339.900	156.750	122.100	618.750	60.960	0.000	0.000	2.500	2.500	60.960		
60.970	334.950	158.400	123.750	617.100	60.970	0.000	0.000	2.500	2.500	60.970		
60.980	330.000	158.400	127.050	615.450	60.980	0.000	0.000	2.500	2.500	60.980		
60.990	323.400	161.700	127.050	612.150	60.990	0.000	0.000	2.500	2.500	60.990		
61.000	318.450	165.000	128.700	612.150	61.000	0.000	0.000	2.500	2.500	61.000		
61.010	313.500	166.650	128.700	608.850	61.010	0.000	0.000	2.500	2.500	61.010		
61.020	308.550	171.600	132.000	612.150	61.020	0.000	0.000	2.500	2.500	61.020		
61.030	305.000	174.460	136.640	616.100	61.030	0.000	0.000	2.500	2.500	61.030		
61.040	298.900	176.900	139.080	614.880	61.040	0.000	0.000	2.500	2.500	61.040		
61.050	294.020	181.780	139.080	614.880	61.050	0.000	0.000	0.000	0.000	61.050		
61.060	291.580	184.220	143.960	619.760	61.060	0.000	0.000	0.000	0.000	61.060		
61.070	286.700	189.100	146.400	622.200	61.070	0.000	0.000	0.000	0.000	61.070		
61.080	284.260	191.540	148.840	624.640	61.080	0.000	0.000	0.000	0.000	61.080		
61.090	279.380	196.420	152.500	628.300	61.090	0.000	0.000	0.000	0.000	61.090		
61.100	274.500	201.300	157.380	633.180	61.100	0.000	0.000	0.000	0.000	61.100		
61.110	269.620	204.960	162.260	636.840	61.110	0.000	0.000	0.000	0.000	61.110		
61.120	264.740	209.840	164.700	639.280	61.120	0.000	0.000	0.000	0.000	61.120		
61.130	259.860	212.280	172.020	644.160	61.130	0.000	0.000	0.000	0.000	61.130		
61.140	251.320	217.160	176.900	645.380	61.140	0.000	0.000	0.000	0.000	61.140		
61.150	246.440	219.600	181.780	647.820	61.150	0.000	0.000	0.000	0.000	61.150		
61.160	236.680	222.040	184.220	642.940	61.160	0.000	0.000	0.000	0.000	61.160		
61.170	226.920	224.480	189.100	640.500	61.170	0.000	0.000	0.000	0.000	61.170		
61.180	214.830	226.920	194.370	636.120	61.180	0.000	0.000	0.000	0.000	61.180		
61.190	207.390	226.920	197.160	631.470	61.190	0.000	0.000	0.000	0.000	61.190		
61.200	197.160	229.710	199.950	626.820	61.200	0.000	0.000	0.000	0.000	61.200		
61.210	186.930	229.710	201.810	618.450	61.210	10.000	2.500	2.500	15.000	61.210		
61.220	176.700	229.710	207.390	613.800	61.220	10.000	2.500	2.500	15.000	61.220		
61.230	164.610	229.710	209.250	603.570	61.230	15.000	5.000	2.500	22.500	61.230		
61.240	154.380	232.500	214.830	601.710	61.240	25.000	10.000	7.500	42.500	61.240		
61.250	142.290	229.710	216.690	588.690	61.250	35.000	12.500	10.000	57.500	61.250		
61.260	129.270	229.710	222.270	581.250	61.260	42.500	17.500	17.500	77.500	61.260		
61.270	119.970	226.920	224.130	571.020	61.270	52.500	27.500	30.000	110.000	61.270		
61.280	109.740	224.130	226.920	560.790	61.280	62.500	37.500	50.000	150.000	61.280		
61.290	96.720	222.270	229.710	548.700	61.290	75.000	42.500	67.500	185.000	61.290		
61.300	84.630	216.690	229.710	531.030	61.300	87.500	50.000	85.000	222.500	61.300		
61.310	74.400	212.040	229.710	516.150	61.310	97.500	57.500	97.500	252.500	61.310		
61.320	64.170	201.810	229.710	495.690	61.320	107.500	62.500	112.500	282.500	61.320		
61.330	51.870	189.280	227.500	468.650	61.330	115.000	70.000	125.000	310.000	61.330		
61.340	39.130	171.990	224.770	435.890	61.340	122.400	74.400	139.200	336.000	61.340		
61.350	34.580	159.250	222.040	415.870	61.350	129.600	79.200	152.400	361.200	61.350		
61.360	27.300	141.960	212.030	381.290	61.360	132.000	84.000	162.000	378.000	61.360		
61.370	19.110	127.400	202.020	348.530	61.370	136.800	90.000	174.000	400.800	61.370		
61.380	11.830	109.200	189.280	310.310	61.380	136.800	97.200	187.200	421.200	61.380		
61.390	7.280	97.370	171.990	276.640	61.390	136.800	102.000	199.200	438.000	61.390		
61.400	4.550	81.900	159.250	245.700	61.400	139.200	104.400	210.000	453.600	61.400		
61.410	1.820	69.160	141.960	212.940	61.410	141.600	109.200	222.000	472.800	61.410		
61.420	0.000	59.150	124.670	183.820	61.420	141.600	114.000	234.000	489.600	61.420		
61.430	0.000	49.140	107.380	156.520	61.430	141.600	120.000	244.800	506.400	61.430		
61.440	0.000	41.860	89.180	131.040	61.440	144.000	122.400	256.800	523.200	61.440		
61.450	0.000	34.580	74.620	109.200	61.450	146.400	127.200	266.400	540.000	61.450		
61.460	0.000	27.300	59.150	86.450	61.460	150.000	129.600	277.200	556.800	61.460		
61.470	0.000	21.840	47.320	69.160	61.470	154.800	132.000	289.200	576.000	61.470		
61.480	0.000	14.980	35.000	49.980	61.480	159.600	136.800	300.000	596.400	61.480		
61.490	0.000	9.940	24.920	34.860	61.490	162.440	138.860	306.540	607.840	61.490		
61.500	0.000	4.900	14.980	19.880	61.500	166.370	141.480	314.400	622.250	61.500		
61.510	0.000	4.900	9.940	14.840	61.510	171.610	144.100	319.640	635.350	61.510		
61.520	0.000	4.900	4.900	9.800	61.520	174.230	144.100	322.260	640.590	61.520		
61.530	0.000	2.380	4.900	7.280	61.530	176.850	144.100	324.880	645.830	61.530		
61.540	0.000	2.380	2.380	4.760	61.540	179.470	146.720	327.500	653.690	61.540		
61.550	0.000	2.380	2.380	4.760	61.550	182.090	146.720	327.500	656.310	61.550		
61.560	0.000	2.380	2.380	4.760	61.560	184.710	149.340	327.500	661.550	61.560		
61.570	0.000	0.000	2.380	2.380	61.570	184.710	146.720	322.260	653.690	61.570		
61.580	0.000	0.000	0.000	0.000	61.580	187.330	146.720	322.260	656.310	61.580		
61.590	0.000	0.000	0.000	0.000	61.590	189.950	146.720	317.020	653.690	61.590		
61.600	0.000	0.000	0.000	0.000	61.600	191.260	146.720	314.400	652.380	61.600		
61.610	0.000	0.000	0.000	0.000	61.610	193.880	146.720	309.160	649.760	61.610		
61.620	0.000	0.000	0.000	0.000	61.620	196.500	146.720	306.540	649.760	61.620		
61.630	0.000	0.000	0.000	0.000	61.630	196.500	144.100	301.300	641.900	61.630		
61.640	0.000	0.000	0.000	0.000	61.640	199.920	146.370	297.500	643.790	61.640		
61.650	0.000	0.000	0.000	0.000	61.650	202.300	146.370	293.930	642.600	61.650		
61.660	0.000	0.000	0.000	0.000	61.660	202.300	146.370	291.550	640.220	61.660		
61.670	0.000	0.000	0.000	0.000	61.670	204.680	143.990	286.790	635.460	61.670		
61.680	0.000	0.000	0.000	0.000	61.680	204.680	143.990	284.410	633.080	61.680		
61.690	0.000	0.000	0.000	0.000	61.690	207.060	143.990	284.410	635.460	61.690		
61.700	0.000	0.000	0.000	0.000	61.700	207.060	143.990	282.030	633.080	61.700		
61.710	0.000	0.000	0.000	0.000	61.710	204.680	143.990	279.650	628.320	61.710		
61.720	0.000	0.000	0.000	0.000	61.720	204.680	143.990	279.650	628.320	61.720		
61.730	0.000	0.000	0.000	0.000	61.730	204.680	141.610	277.270	623.560	61.730		
61.740	0.000	0.000	7.500	7.500	61.740	204.680	141.610	277.270	623.560	61.740		
61.750	0.000	0.000	9.960	9.960	61.750	204.680	139.230	277.270	621.180	61.750		
61.760	0.000	0.000	12.480	12.480	61.760	204.680	139.230	277.270	621.180	61.760		
61.770	2.460	2.460	15.000	19.920	61.770	204.680	136.850	274.890	616.420	61.770		
61.780	4.980	4.980	19.920	29.880	61.780	204.680	136.850	268.940	610.470	61.780		
61.790	4.980	7.470	27.390	39.840	61.790	204.750	134.400	262.500	601.650	61.790		
61.800	17.430	9.960	27.390	54.780	61.800	201.600	129.150	254.100	584.850	61.800		
61.810	37.350	12.450	32.370	82.170	61.810	199.500	124.950	241.500	565.950	61.810		
61.820	62.250	17.430	34.860	114.540	61.820	197.400	119.700	229.950	547.050	61.820		
61.830	82.170	22.410	37.350	141.930	61.830	192.150	114.450	214.200	520.800	61.830		
61.840	97.110	24.900	42.330	164.340	61.840	186.900	107.100	197.400	491.400	61.840		
61.850	112.050	27.390	44.820	184.260	61.850	181.650	96.600	181.650	459.900	61.850		
61.860	124.500	29.880	47.310	201.690	61.860	177.450	89.250	161.700	428.400	61.860		
61.870	134.460	32.370	49.800	216.630	61.870	169.050	81.900	141.750	392.700	61.870		
61.880	144.420	37.350	52.290	234.060	61.880	161.700	72.450	121.800	355.950	61.880		
61.890	156.870	39.840	54.780	251.490	61.890	152.250	61.950	105.000	319.200	61.890		
61.900	171.810	44.820	59.760	276.390	61.900	139.650	52.500	84.000	276.150	61.900		
61.910	186.750	49.800	62.250	298.800	61.910	129.150	44.100	67.200	240.450	61.910		
61.920	207.500	54.780	67.230	329.510	61.920	119.700	39.900	52.500	212.100	61.920		
61.930	229.840	60.840	70.980	361.660	61.930	107.100	29.400	36.750	173.250	61.930		
61.940	251.810	65.910	74.360	392.080	61.940	92.500	22.200	29.970	144.670	61.940		
61.950	273.780	74.360	79.430	427.570	61.950	82.140	19.980	22.200	124.320	61.950		
61.960	297.440	81.120	79.430	457.990	61.960	69.930	14.800	17.390	102.120	61.960		
61.970	319.410	86.190	81.120	486.720	61.970	59.940	12.210	12.210	84.360	61.970		
61.980	341.380	94.640	86.190	522.210	61.980	49.950	7.400	9.990	67.340	61.980		
61.990	361.660	99.710	89.570	550.940	61.990	39.960	7.400	9.990	57.350	61.990		
62.000	378.560	104.780	89.570	572.910	62.000	32.190	4.810	7.400	44.400	62.000		
62.010	393.770	109.850	91.260	594.880	62.010	22.200	2.220	4.810	29.230	62.010		
62.020	403.910	114.920	94.640	613.470	62.020	14.800	2.220	4.810	21.830	62.020		
62.030	412.360	116.610	91.260	620.230	62.030	7.400	2.220	4.810	14.430	62.030		
62.040	417.430	119.990	94.640	632.060	62.040	2.220	2.220	4.810	9.250	62.040		
62.050	419.120	119.990	94.640	633.750	62.050	2.220	2.220	2.220	6.660	62.050		
62.060	422.500	121.680	96.330	640.510	62.060	0.000	2.220	2.220	4.440	62.060		
62.070	419.120	121.680	96.330	637.130	62.070	0.000	0.000	2.220	2.220	62.070		
62.080	417.500	121.910	96.860	636.270	62.080	0.000	2.220	2.220	4.440	62.080		
62.090	412.490	123.580	96.860	632.930	62.090	0.000	0.000	2.420	2.420	62.090		
62.100	407.480	123.580	98.530	629.590	62.100	0.000	2.420	2.420	4.840	62.100		
62.110	399.130	123.580	98.530	621.240	62.110	0.000	0.000	2.420	2.420	62.110		
62.120	394.120	123.580	101.870	619.570	62.120	0.000	0.000	0.000	0.000	62.120		
62.130	387.440	123.580	101.870	612.890	62.130	0.000	0.000	0.000	0.000	62.130		
62.140	382.430	126.920	103.540	612.890	62.140	0.000	0.000	0.000	0.000	62.140		
62.150	377.420	123.580	103.540	604.540	62.150	0.000	0.000	0.000	0.000	62.150		
62.160	372.410	123.580	103.540	599.530	62.160	0.000	0.000	0.000	0.000	62.160		
62.170	367.400	126.920	103.540	597.860	62.170	0.000	0.000	2.420	2.420	62.170		
62.180	359.050	126.920	106.880	592.850	62.180	0.000	0.000	2.420	2.420	62.180		
62.190	354.040	128.590	106.880	589.510	62.190	0.000	0.000	2.420	2.420	62.190		
62.200	349.030	126.920	106.880	582.830	62.200	0.000	2.420	2.420	4.840	62.200		
62.210	344.020	128.590	106.880	579.490	62.210	0.000	2.420	2.420	4.840	62.210		
62.220	339.010	126.920	106.880	572.810	62.220	2.420	7.480	19.910	29.810	62.220		
62.230	335.000	129.980	107.200	572.180	62.230	7.480	12.430	27.500	47.410	62.230		
62.240	329.640	129.980	107.200	566.820	62.240	14.100	16.920	34.780	65.800	62.240		
62.250	326.960	129.980	104.520	561.460	62.250	16.920	19.740	34.780	71.440	62.250		
62.260	318.920	127.300	104.520	550.740	62.260	21.620	21.620	42.300	85.540	62.260		
62.270	312.220	124.620	101.840	538.680	62.270	27.260	27.260	57.340	111.860	62.270		
62.280	306.860	121.940	99.160	527.960	62.280	34.780	34.780	72.380	141.940	62.280		
62.290	298.820	119.260	93.800	511.880	62.290	39.480	39.480	89.300	168.260	62.290		
62.300	289.440	113.900	92.460	495.800	62.300	49.820	44.180	107.160	201.160	62.300		
62.310	277.380	109.880	89.780	477.040	62.310	57.340	51.700	122.200	231.240	62.310		
62.320	261.300	104.520	84.420	450.240	62.320	66.740	62.040	141.940	270.720	62.320		
62.330	246.560	96.480	79.060	422.100	62.330	72.380	69.560	156.980	298.920	62.330		
62.340	226.460	89.780	73.700	389.940	62.340	79.900	77.080	172.020	329.000	62.340		
62.350	203.680	79.060	69.680	352.420	62.350	87.420	81.780	187.060	356.260	62.350		
62.360	186.260	72.360	61.640	320.260	62.360	89.300	87.420	204.920	381.640	62.360		
62.370	167.500	64.320	56.280	288.100	62.370	94.940	94.940	219.960	409.840	62.370		
62.380	145.000	54.520	49.880	249.400	62.380	96.820	99.640	235.000	431.460	62.380		
62.390	127.020	46.980	42.340	216.340	62.390	102.000	106.500	252.000	460.500	62.390		
62.400	107.300	39.440	34.800	181.540	62.400	105.000	112.500	270.000	487.500	62.400		
62.410	92.220	32.480	29.580	154.280	62.410	106.500	114.000	282.000	502.500	62.410		
62.420	77.140	27.260	22.040	126.440	62.420	106.500	120.000	300.000	526.500	62.420		
62.430	62.060	22.040	14.500	98.600	62.430	109.500	121.500	315.000	546.000	62.430		
62.440	49.880	17.400	9.860	77.140	62.440	109.500	124.500	327.000	561.000	62.440		
62.450	37.120	12.180	4.640	53.940	62.450	112.500	127.500	342.000	582.000	62.450		
62.460	27.260	6.960	2.320	36.540	62.460	112.500	129.000	349.500	591.000	62.460		
62.470	17.400	4.640	0.000	22.040	62.470	112.500	132.000	360.000	604.500	62.470		
62.480	9.860	2.320	0.000	12.180	62.480	112.500	132.000	364.500	609.000	62.480		
62.490	4.640	0.000	0.000	4.640	62.490	114.000	132.000	369.000	615.000	62.490		
62.500	4.640	0.000	0.000	4.640	62.500	114.000	132.000	372.000	618.000	62.500		
62.510	2.320	0.000	0.000	2.320	62.510	114.000	129.000	372.000	615.000	62.510		
62.520	2.320	0.000	0.000	2.320	62.520	114.000	129.000	375.000	618.000	62.520		
62.530	2.500	0.000	0.000	2.500	62.530	112.500	127.500	375.000	615.000	62.530		
62.540	2.500	0.000	0.000	2.500	62.540	112.500	127.500	375.000	615.000	62.540		
62.550	0.000	0.000	0.000	0.000	62.550	112.500	124.500	372.000	609.000	62.550		
62.560	0.000	0.000	0.000	0.000	62.560	114.000	124.500	369.000	607.500	62.560		
62.570	0.000	0.000	0.000	0.000	62.570	112.500	124.500	367.500	604.500	62.570		
62.580	0.000	0.000	0.000	0.000	62.580	112.500	121.500	361.500	595.500	62.580		
62.590	0.000	0.000	0.000	0.000	62.590	114.000	121.500	360.000	595.500	62.590		
62.600	0.000	0.000	0.000	0.000	62.600	114.000	120.000	357.000	591.000	62.600		
62.610	0.000	0.000	0.000	0.000	62.610	114.000	121.500	354.000	589.500	62.610		
62.620	0.000	0.000	0.000	0.000	62.620	114.000	120.000	352.500	586.500	62.620		
62.630	0.000	0.000	0.000	0.000	62.630	114.000	120.000	349.500	583.500	62.630		
62.640	0.000	0.000	0.000	0.000	62.640	117.000	120.000	349.500	586.500	62.640		
62.650	0.000	0.000	0.000	0.000	62.650	114.000	117.000	346.500	577.500	62.650		
62.660	0.000	0.000	0.000	0.000	62.660	117.000	117.000	345.000	579.000	62.660		
62.670	0.000	2.500	12.500	15.000	62.670	117.000	114.000	345.000	576.000	62.670		
62.680	0.000	2.220	12.210	14.430	62.680	117.000	114.000	345.000	576.000	62.680		
62.690	0.000	4.810	19.980	24.790	62.690	117.300	114.540	345.000	576.840	62.690		
62.700	0.000	4.810	27.380	32.190	62.700	117.300	111.780	342.240	571.320	62.700		
62.710	2.220	7.400	34.780	44.400	62.710	114.540	109.020	342.240	565.800	62.710		
62.720	2.220	12.210	44.770	59.200	62.720	114.540	106.260	336.720	557.520	62.720		
62.730	7.400	17.390	54.760	79.550	62.730	111.780	104.880	329.820	546.480	62.730		
62.740	12.210	27.380	67.340	106.930	62.740	109.020	102.120	324.300	535.440	62.740		
62.750	29.970	34.780	69.930	134.680	62.750	106.260	93.840	314.640	514.740	62.750		
62.760	47.360	39.960	74.740	162.060	62.760	104.880	92.460	304.980	502.320	62.760		
62.770	62.160	44.770	79.920	186.850	62.770	99.360	84.180	293.940	477.480	62.770		
62.780	74.740	47.360	84.730	206.830	62.780	96.600	78.660	281.520	456.780	62.780		
62.790	82.140	49.950	87.320	219.410	62.790	93.840	77.280	271.860	442.980	62.790		
62.800	87.320	52.170	89.910	229.400	62.800	89.700	69.000	256.680	415.380	62.800		
62.810	89.910	52.170	89.910	231.990	62.810	84.180	66.240	247.020	397.440	62.810		
62.820	89.910	54.760	92.500	237.170	62.820	81.420	62.100	234.600	378.120	62.820		
62.830	92.400	55.000	92.400	239.800	62.830	78.660	59.340	226.320	364.320	62.830		
62.840	92.400	55.000	92.400	239.800	62.840	77.440	59.840	220.000	357.280	62.840		
62.850	97.350	57.200	94.600	249.150	62.850	74.800	57.200	217.360	349.360	62.850		
62.860	99.550	57.200	94.600	251.350	62.860	74.800	59.840	212.080	346.720	62.860		
62.870	104.500	57.200	94.600	256.300	62.870	74.800	59.840	212.080	346.720	62.870		
62.880	107.250	59.950	94.600	261.800	62.880	77.440	59.840	209.440	346.720	62.880		
62.890	112.200	59.950	97.350	269.500	62.890	79.200	62.480	209.440	351.120	62.890		
62.900	117.150	62.150	97.350	276.650	62.900	81.840	64.240	206.800	352.880	62.900		
62.910	119.900	62.150	99.550	281.600	62.910	87.120	66.880	206.800	360.800	62.910		
62.920	124.850	64.900	102.300	292.050	62.920	89.760	69.520	206.800	366.080	62.920		
62.930	129.800	64.900	104.500	299.200	62.930	94.160	69.520	204.160	367.840	62.930		
62.940	132.000	64.900	107.250	304.150	62.940	99.440	72.160	202.400	374.000	62.940		
62.950	134.750	67.100	110.000	311.850	62.950	102.080	74.800	199.760	376.640	62.950		
62.960	137.500	67.100	110.000	314.600	62.960	107.360	77.440	197.120	381.920	62.960		
62.970	137.500	67.100	112.200	316.800	62.970	111.760	77.440	191.840	381.040	62.970		
62.980	137.500	67.100	112.200	316.800	62.980	114.400	79.200	187.440	381.040	62.980		
62.990	137.500	69.850	114.950	322.300	62.990	119.520	79.920	180.000	379.440	62.990		
63.000	137.500	69.850	114.950	322.300	63.000	122.400	82.080	177.120	381.600	63.000		
63.010	132.000	67.100	114.950	314.050	63.010	122.400	82.080	172.080	376.560	63.010		
63.020	127.050	67.100	119.900	314.050	63.020	124.560	82.080	167.040	373.680	63.020		
63.030	122.100	67.100	117.150	306.350	63.030	127.440	82.080	164.880	374.400	63.030		
63.040	119.900	67.100	119.900	306.900	63.040	127.440	82.080	159.840	369.360	63.040		
63.050	114.950	67.100	122.100	304.150	63.050	127.440	82.080	156.960	366.480	63.050		
63.060	110.000	69.850	122.100	301.950	63.060	129.600	82.080	154.800	366.480	63.060		
63.070	104.500	69.850	124.850	299.200	63.070	129.600	82.080	154.800	366.480	63.070		
63.080	104.500	69.850	127.050	301.400	63.080	129.600	82.080	151.920	363.600	63.080		
63.090	102.300	69.850	127.050	299.200	63.090	129.600	82.080	151.920	363.600	63.090		
63.100	102.300	69.850	129.800	301.950	63.100	129.600	82.080	154.800	366.480	63.100		
63.110	102.300	69.850	132.000	304.150	63.110	132.480	82.080	151.920	366.480	63.110		
63.120	104.500	72.050	132.000	308.550	63.120	132.480	84.960	151.920	369.360	63.120		
63.130	104.430	71.980	137.470	313.880	63.130	132.480	84.960	154.800	372.240	63.130		
63.140	104.430	74.930	137.470	316.830	63.140	132.060	84.940	155.000	372.000	63.140		
63.150	107.380	74.930	139.830	322.140	63.150	134.540	84.940	151.900	371.380	63.150		
63.160	107.380	74.930	142.190	324.500	63.160	134.540	84.940	155.000	374.480	63.160		
63.170	107.380	74.930	142.190	324.500	63.170	134.540	84.940	151.900	371.380	63.170		
63.180	107.380	74.930	144.550	326.860	63.180	134.540	84.940	155.000	374.480	63.180		
63.190	107.380	74.930	144.550	326.860	63.190	134.540	84.940	151.900	371.380	63.190		
63.200	107.380	74.930	144.550	326.860	63.200	134.540	84.940	151.900	371.380	63.200		
63.210	107.380	74.930	144.550	326.860	63.210	134.540	84.940	151.900	371.380	63.210		
63.220	107.380	74.930	144.550	326.860	63.220	134.540	84.940	151.900	371.380	63.220		
63.230	104.430	74.930	144.550	323.910	63.230	134.540	84.940	151.900	371.380	63.230		
63.240	104.430	74.930	144.550	323.910	63.240	134.540	84.940	149.420	368.900	63.240		
63.250	104.430	74.930	144.550	323.910	63.250	134.540	84.940	149.420	368.900	63.250		
63.260	102.070	74.930	147.500	324.500	63.260	137.020	84.940	146.940	368.900	63.260		
63.270	102.070	74.930	144.550	321.550	63.270	137.020	84.940	146.940	368.900	63.270		
63.280	102.300	74.400	146.940	323.640	63.280	137.020	84.940	146.940	368.900	63.280		
63.290	99.820	74.400	146.940	321.160	63.290	137.400	84.600	147.000	369.000	63.290		
63.300	102.300	74.400	146.940	323.640	63.300	137.400	84.600	147.000	369.000	63.300		
63.310	102.300	74.400	146.940	323.640	63.310	137.400	84.600	147.000	369.000	63.310		
63.320	102.300	74.400	146.940	323.640	63.320	137.400	84.600	147.000	369.000	63.320		
63.330	99.820	74.400	149.420	323.640	63.330	137.400	87.000	147.000	371.400	63.330		
63.340	102.300	74.400	149.420	326.120	63.340	137.400	87.000	150.000	374.400	63.340		
63.350	102.300	77.500	149.420	329.220	63.350	137.400	84.600	147.000	369.000	63.350		
63.360	102.300	74.400	151.900	328.600	63.360	137.400	84.600	147.000	369.000	63.360		
63.370	99.820	77.500	151.900	329.220	63.370	137.400	84.600	147.000	369.000	63.370		
63.380	99.820	77.500	155.000	332.320	63.380	137.400	84.600	147.000	369.000	63.380		
63.390	99.820	74.400	151.900	326.120	63.390	137.400	84.600	147.000	369.000	63.390		
63.400	99.820	74.400	151.900	326.120	63.400	137.400	84.600	147.000	369.000	63.400		
63.410	99.820	74.400	155.000	329.220	63.410	135.000	84.600	147.000	366.600	63.410		
63.420	99.820	74.400	155.000	329.220	63.420	135.000	84.600	147.000	366.600	63.420		
63.430	99.540	74.970	154.980	329.490	63.430	135.000	84.600	147.000	366.600	63.430		
63.440	99.540	74.970	154.980	329.490	63.440	132.160	82.010	147.500	361.670	63.440		
63.450	99.540	77.490	157.500	334.530	63.450	132.160	82.010	147.500	361.670	63.450		
63.460	99.540	74.970	154.980	329.490	63.460	132.160	82.010	147.500	361.670	63.460		
63.470	99.540	77.490	154.980	332.010	63.470	132.160	82.010	147.500	361.670	63.470		
63.480	102.060	74.970	154.980	332.010	63.480	129.800	79.650	147.500	356.950	63.480		
63.490	102.060	77.490	157.500	337.050	63.490	129.800	79.650	144.550	354.000	63.490		
63.500	104.580	77.490	157.500	339.570	63.500	127.440	79.650	144.550	351.640	63.500		
63.510	107.100	79.380	157.500	343.980	63.510	124.490	77.290	142.190	343.970	63.510		
63.520	107.100	79.380	157.500	343.980	63.520	124.490	74.930	139.830	339.250	63.520		
63.530	112.140	81.900	157.500	351.540	63.530	122.130	71.980	137.470	331.580	63.530		
63.540	114.660	84.420	157.500	356.580	63.540	119.770	69.620	134.520	323.910	63.540		
63.550	119.700	86.940	157.500	364.140	63.550	117.410	69.620	132.160	319.190	63.550		
63.560	122.220	89.460	157.500	369.180	63.560	112.100	67.260	129.800	309.160	63.560		
63.570	127.260	91.980	157.500	376.740	63.570	109.740	64.900	127.440	302.080	63.570		
63.580	132.130	94.900	156.950	383.980	63.580	107.380	61.950	122.130	291.460	63.580		
63.590	134.320	97.090	156.950	388.360	63.590	102.240	57.120	120.000	279.360	63.590		
63.600	139.430	99.280	154.760	393.470	63.600	99.840	54.720	120.000	274.560	63.600		
63.610	144.540	102.200	154.760	401.500	63.610	94.560	52.320	117.120	264.000	63.610		
63.620	149.650	102.200	151.840	403.690	63.620	92.160	49.920	114.720	256.800	63.620		
63.630	154.760	104.390	151.840	410.990	63.630	87.360	47.040	114.720	249.120	63.630		
63.640	156.950	104.390	149.650	410.990	63.640	84.960	44.640	114.720	244.320	63.640		
63.650	162.060	107.310	147.460	416.830	63.650	84.960	44.640	112.320	241.920	63.650		
63.660	164.980	109.500	144.540	419.020	63.660	82.080	44.640	109.920	236.640	63.660		
63.670	169.360	109.500	142.350	421.210	63.670	82.080	42.240	109.920	234.240	63.670		
63.680	174.470	109.500	142.350	426.320	63.680	82.080	42.240	107.040	231.360	63.680		
63.690	174.470	109.500	139.430	423.400	63.690	79.680	42.240	104.640	226.560	63.690		
63.700	177.390	112.420	137.240	427.050	63.700	82.080	39.840	102.240	224.160	63.700		
63.710	179.580	112.420	137.240	429.240	63.710	82.080	39.840	99.840	221.760	63.710		
63.720	182.500	112.420	134.320	429.240	63.720	82.080	39.840	94.560	216.480	63.720		
63.730	184.860	112.180	131.930	428.970	63.730	84.960	39.840	92.160	216.960	63.730		
63.740	187.230	114.550	131.930	433.710	63.740	87.220	37.380	87.220	211.820	63.740		
63.750	189.600	114.550	129.560	433.710	63.750	89.890	37.380	81.880	209.150	63.750		
63.760	189.600	116.920	129.560	436.080	63.760	94.340	39.160	79.210	212.710	63.760		
63.770	191.970	114.550	127.190	433.710	63.770	99.680	37.380	77.430	214.490	63.770		
63.780	191.970	116.920	124.820	433.710	63.780	106.800	37.380	74.760	218.940	63.780		
63.790	194.340	114.550	122.450	431.340	63.790	112.140	37.380	72.090	221.610	63.790		
63.800	194.340	114.550	122.450	431.340	63.800	119.260	37.380	72.090	228.730	63.800		
63.810	197.500	114.550	116.920	428.970	63.810	127.270	39.160	72.090	238.520	63.810		
63.820	197.500	112.180	116.920	426.600	63.820	137.060	39.160	72.090	248.310	63.820		
63.830	194.340	112.180	112.180	418.700	63.830	146.850	44.500	74.760	266.110	63.830		
63.840	194.340	109.810	107.440	411.590	63.840	159.310	49.840	77.430	286.580	63.840		
63.850	189.600	104.280	104.280	398.160	63.850	171.770	54.290	79.210	305.270	63.850		
63.860	184.860	101.910	97.170	383.940	63.860	186.900	62.300	81.880	331.080	63.860		
63.870	176.960	94.800	92.430	364.190	63.870	204.700	66.750	84.550	356.000	63.870		
63.880	165.000	89.760	84.480	339.240	63.880	222.500	74.760	84.550	381.810	63.880		
63.890	154.440	82.500	77.220	314.160	63.890	243.820	78.490	83.500	405.810	63.890		
63.900	144.540	74.580	69.960	289.080	63.900	263.860	86.840	86.840	437.540	63.900		
63.910	129.360	67.320	62.040	258.720	63.910	283.900	91.850	83.500	459.250	63.910		
63.920	117.480	59.400	54.780	231.660	63.920	298.930	96.860	83.500	479.290	63.920		
63.930	99.660	52.140	46.860	198.660	63.930	318.970	103.540	86.840	509.350	63.930		
63.940	82.500	44.880	39.600	166.980	63.940	334.000	111.890	88.510	534.400	63.940		
63.950	64.680	39.600	34.980	139.260	63.950	349.030	118.570	93.520	561.120	63.950		
63.960	46.860	32.340	29.700	108.900	63.960	364.060	126.920	98.530	589.510	63.960		
63.970	34.980	27.060	22.440	84.480	63.970	374.080	136.940	103.540	614.560	63.970		
63.980	22.440	22.440	17.160	62.040	63.980	384.100	143.620	108.550	636.270	63.980		
63.990	11.880	17.160	9.900	38.940	63.990	394.120	148.630	113.560	656.310	63.990		
64.000	4.620	11.880	9.900	26.400	64.000	402.470	156.980	121.910	681.360	64.000		
64.010	0.000	11.880	7.260	19.140	64.010	409.150	158.650	123.580	691.380	64.010		
64.020	0.000	7.260	7.260	14.520	64.020	414.160	163.660	128.590	706.410	64.020		
64.030	0.000	5.000	5.000	10.000	64.030	417.500	167.000	131.930	716.430	64.030		
64.040	0.000	5.000	2.500	7.500	64.040	415.000	169.320	134.460	718.780	64.040		
64.050	0.000	5.000	0.000	5.000	64.050	408.360	169.320	141.100	718.780	64.050		
64.060	0.000	2.500	0.000	2.500	64.060	401.720	169.320	144.420	715.460	64.060		
64.070	0.000	2.500	0.000	2.500	64.070	393.420	169.320	154.380	717.120	64.070		
64.080	0.000	2.500	0.000	2.500	64.080	386.780	169.320	161.020	717.120	64.080		
64.090	0.000	2.500	0.000	2.500	64.090	381.800	170.980	166.000	718.780	64.090		
64.100	0.000	2.500	0.000	2.500	64.100	376.820	170.980	170.980	718.780	64.100		
64.110	0.000	0.000	0.000	0.000	64.110	373.500	170.980	174.300	718.780	64.110		
64.120	0.000	2.500	0.000	2.500	64.120	371.840	170.980	175.960	718.780	64.120		
64.130	0.000	0.000	0.000	0.000	64.130	368.520	169.320	175.960	713.800	64.130		
64.140	0.000	2.500	0.000	2.500	64.140	363.540	169.320	179.280	712.140	64.140		
64.150	0.000	0.000	0.000	0.000	64.150	361.880	169.320	175.960	707.160	64.150		
64.160	0.000	0.000	0.000	0.000	64.160	353.580	166.000	179.280	698.860	64.160		
64.170	0.000	0.000	0.000	0.000	64.170	351.920	164.340	179.280	695.540	64.170		
64.180	0.000	0.000	0.000	0.000	64.180	343.620	161.020	180.940	685.580	64.180		
64.190	0.000	0.000	0.000	0.000	64.190	335.000	162.140	186.260	683.400	64.190		
64.200	0.000	0.000	0.000	0.000	64.200	324.280	156.780	191.620	672.680	64.200		
64.210	0.000	0.000	0.000	0.000	64.210	316.240	156.780	199.660	672.680	64.210		
64.220	0.000	0.000	0.000	0.000	64.220	306.860	154.100	206.360	667.320	64.220		
64.230	0.000	0.000	0.000	0.000	64.230	297.480	154.100	211.720	663.300	64.230		
64.240	0.000	0.000	0.000	0.000	64.240	289.440	151.420	217.080	657.940	64.240		
64.250	0.000	0.000	0.000	0.000	64.250	278.720	148.740	219.760	647.220	64.250		
64.260	0.000	0.000	0.000	0.000	64.260	269.340	148.740	223.780	641.860	64.260		
64.270	0.000	0.000	0.000	0.000	64.270	261.300	147.400	229.140	637.840	64.270		
64.280	0.000	0.000	0.000	0.000	64.280	251.920	144.720	234.500	631.140	64.280		
64.290	0.000	0.000	0.000	0.000	64.290	237.180	139.360	239.860	616.400	64.290		
64.300	0.000	0.000	0.000	0.000	64.300	226.460	136.680	243.880	607.020	64.300		
64.310	2.480	0.000	0.000	2.480	64.310	209.040	129.980	249.240	588.260	64.310		
64.320	10.000	2.480	0.000	12.480	64.320	191.620	121.940	254.600	568.160	64.320		
64.330	11.760	4.900	4.900	21.560	64.330	174.200	113.900	259.960	548.060	64.330		
64.340	14.700	6.860	9.800	31.360	64.340	159.600	105.000	262.500	527.100	64.340		
64.350	27.440	9.800	14.700	51.940	64.350	144.900	96.600	262.500	504.000	64.350		
64.360	37.240	11.760	19.600	68.600	64.360	134.400	89.250	257.250	480.900	64.360		
64.370	51.940	16.660	21.560	90.160	64.370	127.050	84.000	249.900	460.950	64.370		
64.380	71.540	19.600	27.440	118.580	64.380	124.950	79.800	237.300	442.050	64.380		
64.390	92.120	24.500	32.340	148.960	64.390	121.800	76.650	219.450	417.900	64.390		
64.400	111.720	29.400	37.240	178.360	64.400	116.550	69.300	197.400	383.250	64.400		
64.410	132.300	37.240	42.140	211.680	64.410	116.550	61.950	174.300	352.800	64.410		
64.420	151.900	42.140	49.980	244.020	64.420	114.450	56.700	147.000	318.150	64.420		
64.430	174.440	49.980	56.840	281.260	64.430	109.200	49.350	119.700	278.250	64.430		
64.440	192.080	56.840	61.740	310.660	64.440	101.850	42.000	92.400	236.250	64.440		
64.450	211.680	64.680	66.640	343.000	64.450	96.600	34.650	64.050	195.300	64.450		
64.460	227.360	71.540	71.540	370.440	64.460	89.250	27.300	42.000	158.550	64.460		
64.470	245.000	79.380	77.420	401.800	64.470	81.900	19.950	22.050	123.900	64.470		
64.480	261.230	86.070	81.540	428.840	64.480	72.450	11.550	14.700	98.700	64.480		
64.490	279.350	96.640	89.090	465.080	64.490	60.000	4.800	9.840	74.640	64.490		
64.500	297.470	107.210	93.620	498.300	64.500	47.280	2.400	4.800	54.480	64.500		
64.510	314.080	114.760	99.660	528.500	64.510	39.840	0.000	0.000	39.840	64.510		
64.520	326.160	122.310	104.190	552.660	64.520	30.000	0.000	0.000	30.000	64.520		
64.530	336.730	129.860	108.720	575.310	64.530	17.280	0.000	0.000	17.280	64.530		
64.540	347.300	137.410	114.760	599.470	64.540	9.840	0.000	0.000	9.840	64.540		
64.550	354.850	141.940	119.290	616.080	64.550	0.000	0.000	0.000	0.000	64.550		
64.560	362.400	146.470	122.310	631.180	64.560	0.000	0.000	0.000	0.000	64.560		
64.570	369.950	151.000	126.840	647.790	64.570	0.000	0.000	0.000	0.000	64.570		
64.580	374.480	157.040	129.860	661.380	64.580	0.000	0.000	0.000	0.000	64.580		
64.590	377.500	158.550	131.370	667.420	64.590	0.000	0.000	0.000	0.000	64.590		
64.600	377.500	158.550	131.370	667.420	64.600	0.000	0.000	0.000	0.000	64.600		
64.610	377.500	161.570	137.410	676.480	64.610	0.000	0.000	0.000	0.000	64.610		
64.620	374.480	158.550	137.410	670.440	64.620	0.000	0.000	0.000	0.000	64.620		
64.630	370.000	159.840	139.120	668.960	64.630	0.000	0.000	0.000	0.000	64.630		
64.640	361.120	156.880	139.120	657.120	64.640	0.000	0.000	0.000	0.000	64.640		
64.650	353.720	153.920	139.120	646.760	64.650	0.000	0.000	0.000	0.000	64.650		
64.660	346.320	152.440	139.120	637.880	64.660	0.000	0.000	0.000	0.000	64.660		
64.670	337.440	146.520	142.080	626.040	64.670	0.000	0.000	0.000	0.000	64.670		
64.680	324.120	146.520	142.080	612.720	64.680	0.000	0.000	0.000	0.000	64.680		
64.690	313.760	146.520	143.560	603.840	64.690	0.000	0.000	0.000	0.000	64.690		
64.700	304.880	143.560	152.440	600.880	64.700	0.000	0.000	0.000	0.000	64.700		
64.710	294.520	146.520	156.880	597.920	64.710	0.000	0.000	0.000	0.000	64.710		
64.720	279.720	149.480	167.240	596.440	64.720	0.000	0.000	0.000	0.000	64.720		
64.730	266.400	153.920	176.120	596.440	64.730	0.000	0.000	0.000	0.000	64.730		
64.740	256.040	156.880	186.480	599.400	64.740	0.000	0.000	0.000	0.000	64.740		
64.750	244.200	161.320	201.280	606.800	64.750	0.000	0.000	0.000	0.000	64.750		
64.760	229.400	167.240	214.600	611.240	64.760	0.000	0.000	0.000	0.000	64.760		
64.770	214.600	168.720	229.400	612.720	64.770	0.000	0.000	0.000	0.000	64.770		
64.780	199.000	173.130	246.760	618.890	64.780	0.000	0.000	0.000	0.000	64.780		
64.790	183.080	179.100	260.690	622.870	64.790	0.000	0.000	0.000	0.000	64.790		
64.800	171.140	181.090	278.600	630.830	64.800	0.000	0.000	0.000	0.000	64.800		
64.810	157.210	183.080	294.520	634.810	64.810	0.000	0.000	0.000	0.000	64.810		
64.820	147.260	187.060	312.430	646.750	64.820	0.000	0.000	0.000	0.000	64.820		
64.830	133.330	189.050	328.350	650.730	64.830	0.000	0.000	0.000	0.000	64.830		
64.840	123.380	189.050	348.250	660.680	64.840	0.000	0.000	0.000	0.000	64.840		
64.850	111.440	191.040	366.160	668.640	64.850	0.000	0.000	0.000	0.000	64.850		
64.860	99.500	191.040	388.050	678.590	64.860	0.000	0.000	0.000	0.000	64.860		
64.870	89.550	189.050	405.960	684.560	64.870	0.000	0.000	0.000	0.000	64.870		
64.880	79.600	189.050	423.870	692.520	64.880	0.000	0.000	0.000	0.000	64.880		
64.890	69.650	183.080	443.770	696.500	64.890	0.000	0.000	0.000	0.000	64.890		
64.900	59.700	179.100	461.680	700.480	64.900	0.000	0.000	0.000	0.000	64.900		
64.910	51.740	171.140	479.590	702.470	64.910	0.000	0.000	0.000	0.000	64.910		
64.920	45.770	163.180	497.500	706.450	64.920	0.000	0.000	0.000	0.000	64.920		
64.930	41.480	156.160	517.280	714.920	64.930	0.000	0.000	0.000	0.000	64.930		
64.940	39.040	146.400	536.800	722.240	64.940	0.000	0.000	0.000	0.000	64.940		
64.950	34.160	139.080	551.440	724.680	64.950	0.000	0.000	7.470	7.470	64.950		
64.960	31.720	126.880	566.080	724.680	64.960	0.000	0.000	22.410	22.410	64.960		
64.970	24.400	117.120	578.280	719.800	64.970	0.000	0.000	42.330	42.330	64.970		
64.980	19.520	107.360	588.040	714.920	64.980	0.000	0.000	64.740	64.740	64.980		
64.990	14.640	97.600	597.800	710.040	64.990	0.000	0.000	84.660	84.660	64.990		
65.000	9.760	87.840	602.680	700.280	65.000	0.000	0.000	99.600	99.600	65.000		
65.010	7.320	80.520	610.000	697.840	65.010	0.000	0.000	112.050	112.050	65.010		
65.020	4.880	70.760	610.000	685.640	65.020	0.000	0.000	124.500	124.500	65.020		
65.030	2.440	63.440	602.680	668.560	65.030	0.000	0.000	136.950	136.950	65.030		
65.040	0.000	56.120	597.800	653.920	65.040	0.000	2.490	149.400	151.890	65.040		
65.050	0.000	48.800	583.160	631.960	65.050	0.000	2.490	159.360	161.850	65.050		
65.060	0.000	43.920	568.520	612.440	65.060	2.490	4.980	171.810	179.280	65.060		
65.070	0.000	39.040	553.880	592.920	65.070	4.980	7.470	186.750	199.200	65.070		
65.080	0.000	34.080	532.500	566.580	65.080	9.960	12.450	207.500	229.910	65.080		
65.090	0.000	31.950	506.940	538.890	65.090	22.360	24.080	228.760	275.200	65.090		
65.100	0.000	23.430	479.250	502.680	65.100	30.960	29.240	245.960	306.160	65.100		
65.110	0.000	19.170	447.300	466.470	65.110	39.560	36.120	264.880	340.560	65.110		
65.120	0.000	14.910	408.960	423.870	65.120	49.880	41.280	282.080	373.240	65.120		
65.130	0.000	10.650	364.230	374.880	65.130	56.760	49.880	299.280	405.920	65.130		
65.140	0.000	8.520	317.370	325.890	65.140	61.920	53.320	316.480	431.720	65.140		
65.150	0.000	6.390	264.120	270.510	65.150	67.080	58.480	333.680	459.240	65.150		
65.160	0.000	4.260	210.870	215.130	65.160	73.960	67.080	349.160	490.200	65.160		
65.170	0.000	0.000	161.880	161.880	65.170	80.840	72.240	364.640	517.720	65.170		
65.180	0.000	0.000	112.890	112.890	65.180	89.440	79.120	376.680	545.240	65.180		
65.190	0.000	0.000	76.680	76.680	65.190	94.600	86.000	388.720	569.320	65.190		
65.200	0.000	0.000	51.120	51.120	65.200	99.760	91.160	402.480	593.400	65.200		
65.210	0.000	0.000	31.950	31.950	65.210	104.920	99.760	411.080	615.760	65.210		
65.220	0.000	0.000	17.040	17.040	65.220	111.800	106.640	421.400	639.840	65.220		
65.230	0.000	0.000	12.500	12.500	65.230	113.520	111.800	430.000	655.320	65.230		
65.240	0.000	0.000	7.500	7.500	65.240	121.800	118.320	435.000	675.120	65.240		
65.250	0.000	0.000	7.500	7.500	65.250	123.540	123.540	431.520	678.600	65.250		
65.260	0.000	0.000	5.000	5.000	65.260	128.760	128.760	429.780	687.300	65.260		
65.270	0.000	0.000	2.500	2.500	65.270	132.240	132.240	424.560	689.040	65.270		
65.280	0.000	0.000	2.500	2.500	65.280	137.460	133.980	415.860	687.300	65.280		
65.290	0.000	0.000	2.500	2.500	65.290	137.460	137.460	408.900	683.820	65.290		
65.300	0.000	0.000	2.500	2.500	65.300	139.200	139.200	401.940	680.340	65.300		
65.310	0.000	0.000	2.500	2.500	65.310	140.940	139.200	389.760	669.900	65.310		
65.320	0.000	0.000	0.000	0.000	65.320	140.940	140.940	379.320	661.200	65.320		
65.330	0.000	0.000	0.000	0.000	65.330	144.420	139.200	367.140	650.760	65.330		
65.340	0.000	0.000	0.000	0.000	65.340	144.420	139.200	354.960	638.580	65.340		
65.350	0.000	0.000	0.000	0.000	65.350	144.420	139.200	341.040	624.660	65.350		
65.360	0.000	0.000	0.000	0.000	65.360	144.420	139.200	328.860	612.480	65.360		
65.370	0.000	0.000	0.000	0.000	65.370	144.420	139.200	316.680	600.300	65.370		
65.380	0.000	0.000	0.000	0.000	65.380	144.420	137.460	306.240	588.120	65.380		
65.390	0.000	0.000	0.000	0.000	65.390	147.500	139.240	295.000	581.740	65.390		
65.400	0.000	0.000	0.000	0.000	65.400	147.500	141.600	284.380	573.480	65.400		
65.410	0.000	0.000	0.000	0.000	65.410	149.860	141.600	277.300	568.760	65.410		
65.420	0.000	0.000	0.000	0.000	65.420	149.860	143.960	269.040	562.860	65.420		
65.430	0.000	0.000	0.000	0.000	65.430	154.580	147.500	264.320	566.400	65.430		
65.440	0.000	0.000	0.000	0.000	65.440	156.940	149.860	257.240	564.040	65.440		
65.450	0.000	0.000	0.000	0.000	65.450	161.660	154.580	257.240	573.480	65.450		
65.460	0.000	0.000	0.000	0.000	65.460	164.020	156.940	248.980	569.940	65.460		
65.470	0.000	0.000	0.000	0.000	65.470	169.920	161.660	246.620	578.200	65.470		
65.480	0.000	0.000	0.000	0.000	65.480	174.640	164.020	241.900	580.560	65.480		
65.490	0.000	0.000	0.000	0.000	65.490	181.720	169.920	237.180	588.820	65.490		
65.500	0.000	0.000	0.000	0.000	65.500	192.340	177.000	232.460	601.800	65.500		
65.510	0.000	0.000	0.000	0.000	65.510	201.780	181.720	224.200	607.700	65.510		
65.520	0.000	0.000	0.000	0.000	65.520	214.760	186.440	217.120	618.320	65.520		
65.530	0.000	0.000	0.000	0.000	65.530	226.560	194.700	206.500	627.760	65.530		
65.540	0.000	0.000	0.000	0.000	65.540	245.630	200.970	194.880	641.480	65.540		
65.550	0.000	0.000	0.000	0.000	65.550	261.870	203.000	180.670	645.540	65.550		
65.560	0.000	0.000	0.000	0.000	65.560	278.110	209.090	166.460	653.660	65.560		
65.570	0.000	0.000	0.000	0.000	65.570	296.380	213.150	152.250	661.780	65.570		
65.580	0.000	0.000	0.000	0.000	65.580	316.680	213.150	133.980	663.810	65.580		
65.590	0.000	0.000	0.000	0.000	65.590	339.010	217.210	119.770	675.990	65.590		
65.600	0.000	0.000	0.000	0.000	65.600	361.340	213.150	103.530	678.020	65.600		
65.610	0.000	0.000	0.000	0.000	65.610	383.670	211.120	89.320	684.110	65.610		
65.620	0.000	0.000	0.000	0.000	65.620	406.000	203.000	77.140	686.140	65.620		
65.630	0.000	0.000	2.420	2.420	65.630	428.330	196.910	66.990	692.230	65.630		
65.640	0.000	0.000	2.420	2.420	65.640	448.630	186.760	56.840	692.230	65.640		
65.650	0.000	0.000	0.000	0.000	65.650	466.900	176.610	48.720	692.230	65.650		
65.660	2.420	0.000	0.000	2.420	65.660	483.140	164.430	44.660	692.230	65.660		
65.670	27.500	0.000	0.000	27.500	65.670	497.350	148.190	38.570	684.110	65.670		
65.680	52.170	0.000	0.000	52.170	65.680	507.500	133.980	32.480	673.960	65.680		
65.690	69.090	0.000	0.000	69.090	65.690	515.000	119.480	24.720	659.200	65.690		
65.700	91.650	0.000	0.000	91.650	65.700	510.880	107.120	16.480	634.480	65.700		
65.710	121.260	0.000	0.000	121.260	65.710	506.760	94.760	12.360	613.880	65.710		
65.720	153.690	0.000	0.000	153.690	65.720	494.400	86.520	6.180	587.100	65.720		
65.730	191.760	0.000	0.000	191.760	65.730	479.980	76.220	4.120	560.320	65.730		
65.740	227.010	1.410	1.410	229.830	65.740	457.320	67.980	0.000	525.300	65.740		
65.750	259.440	7.050	4.230	270.720	65.750	426.420	61.800	0.000	488.220	65.750		
65.760	284.820	11.280	7.050	303.150	65.760	391.400	55.620	0.000	447.020	65.760		
65.770	304.560	16.920	9.870	331.350	65.770	348.140	51.500	0.000	399.640	65.770		
65.780	318.660	21.150	11.280	351.090	65.780	298.700	47.380	0.000	346.080	65.780		
65.790	329.940	29.610	16.920	376.470	65.790	243.080	41.200	0.000	284.280	65.790		
65.800	339.810	32.430	21.150	393.390	65.800	189.520	32.960	0.000	222.480	65.800		
65.810	344.040	39.480	23.970	407.490	65.810	131.840	24.720	0.000	156.560	65.810		
65.820	352.500	39.480	26.790	418.770	65.820	86.520	14.420	0.000	100.940	65.820		
65.830	359.560	46.280	32.040	437.880	65.830	55.620	4.120	0.000	59.740	65.830		
65.840	368.460	51.620	33.820	453.900	65.840	35.000	0.000	0.000	35.000	65.840		
65.850	379.140	53.400	37.380	469.920	65.850	19.880	0.000	0.000	19.880	65.850		
65.860	391.600	62.300	40.940	494.840	65.860	9.940	0.000	0.000	9.940	65.860		
65.870	402.280	65.860	46.280	514.420	65.870	4.900	0.000	0.000	4.900	65.870		
65.880	411.180	71.200	51.620	534.000	65.880	2.380	0.000	0.000	2.380	65.880		
65.890	421.860	76.540	53.400	551.800	65.890	2.380	0.000	0.000	2.380	65.890		
65.900	428.980	81.880	62.300	573.160	65.900	0.000	0.000	0.000	0.000	65.900		
65.910	436.100	89.000	64.080	589.180	65.910	0.000	0.000	0.000	0.000	65.910		
65.920	441.440	94.340	71.200	606.980	65.920	0.000	0.000	0.000	0.000	65.920		
65.930	445.000	96.120	74.760	615.880	65.930	0.000	0.000	0.000	0.000	65.930		
65.940	445.000	101.460	76.540	623.000	65.940	0.000	0.000	0.000	0.000	65.940		
65.950	441.440	103.240	81.880	626.560	65.950	0.000	0.000	0.000	0.000	65.950		
65.960	439.660	108.580	87.220	635.460	65.960	0.000	0.000	0.000	0.000	65.960		
65.970	434.320	113.920	89.000	637.240	65.970	0.000	0.000	0.000	0.000	65.970		
65.980	425.000	122.400	98.600	646.000	65.980	0.000	0.000	0.000	0.000	65.980		
65.990	416.500	127.500	103.700	647.700	65.990	0.000	0.000	0.000	0.000	65.990		
66.000	404.600	130.900	112.200	647.700	66.000	0.000	0.000	0.000	0.000	66.000		
66.010	391.000	136.000	117.300	644.300	66.010	0.000	0.000	0.000	0.000	66.010		
66.020	377.400	141.100	124.100	642.600	66.020	0.000	0.000	0.000	0.000	66.020		
66.030	363.800	144.500	130.900	639.200	66.030	0.000	0.000	0.000	0.000	66.030		
66.040	346.800	146.200	134.300	627.300	66.040	0.000	0.000	0.000	0.000	66.040		
66.050	329.800	151.300	146.200	627.300	66.050	0.000	0.000	0.000	0.000	66.050		
66.060	311.100	156.400	156.400	623.900	66.060	0.000	0.000	0.000	0.000	66.060		
66.070	297.500	159.800	166.600	623.900	66.070	0.000	0.000	0.000	0.000	66.070		
66.080	282.200	164.900	176.800	623.900	66.080	0.000	0.000	0.000	0.000	66.080		
66.090	263.500	166.600	187.000	617.100	66.090	0.000	0.000	0.000	0.000	66.090		
66.100	249.900	170.000	198.900	618.800	66.100	0.000	0.000	0.000	0.000	66.100		
66.110	234.600	173.400	214.200	622.200	66.110	0.000	0.000	0.000	0.000	66.110		
66.120	219.300	176.800	226.100	622.200	66.120	0.000	0.000	0.000	0.000	66.120		
66.130	200.560	178.760	244.160	623.480	66.130	0.000	0.000	0.000	0.000	66.130		
66.140	187.480	180.940	261.600	630.020	66.140	0.000	0.000	0.000	0.000	66.140		
66.150	172.220	183.120	279.040	634.380	66.150	0.000	0.000	0.000	0.000	66.150		
66.160	156.960	187.480	296.480	640.920	66.160	0.000	0.000	0.000	0.000	66.160		
66.170	139.520	187.480	318.280	645.280	66.170	0.000	0.000	0.000	0.000	66.170		
66.180	126.440	189.660	335.720	651.820	66.180	0.000	0.000	0.000	0.000	66.180		
66.190	111.180	189.660	355.340	656.180	66.190	0.000	0.000	0.000	0.000	66.190		
66.200	95.920	189.660	379.320	664.900	66.200	0.000	0.000	0.000	0.000	66.200		
66.210	80.660	183.120	398.940	662.720	66.210	0.000	0.000	0.000	0.000	66.210		
66.220	69.760	180.940	427.280	677.980	66.220	0.000	0.000	0.000	0.000	66.220		
66.230	58.860	176.580	451.260	686.700	66.230	0.000	0.000	0.000	0.000	66.230		
66.240	52.320	167.860	477.420	697.600	66.240	0.000	0.000	0.000	0.000	66.240		
66.250	45.780	163.500	499.220	708.500	66.250	0.000	0.000	0.000	0.000	66.250		
66.260	41.420	156.960	521.020	719.400	66.260	0.000	0.000	0.000	0.000	66.260		
66.270	39.240	146.060	545.000	730.300	66.270	0.000	0.000	0.000	0.000	66.270		
66.280	33.280	135.680	570.880	739.840	66.280	0.000	0.000	0.000	0.000	66.280		
66.290	28.160	122.880	588.800	739.840	66.290	0.000	0.000	0.000	0.000	66.290		
66.300	23.040	112.640	606.720	742.400	66.300	0.000	0.000	6.560	6.560	66.300		
66.310	15.360	104.960	622.080	742.400	66.310	0.000	0.000	44.280	44.280	66.310		
66.320	10.240	94.720	632.320	737.280	66.320	0.000	0.000	86.920	86.920	66.320		
66.330	5.120	84.480	637.440	727.040	66.330	0.000	0.000	119.720	119.720	66.330		
66.340	2.560	74.240	640.000	716.800	66.340	0.000	0.000	150.880	150.880	66.340		
66.350	0.000	66.560	634.880	701.440	66.350	0.000	1.640	196.800	198.440	66.350		
66.360	0.000	56.320	624.640	680.960	66.360	0.000	1.640	244.360	246.000	66.360		
66.370	0.000	48.640	609.280	657.920	66.370	0.000	6.560	291.920	298.480	66.370		
66.380	0.000	43.520	588.800	632.320	66.380	4.920	9.840	331.280	346.040	66.380		
66.390	0.000	33.280	555.520	588.800	66.390	6.560	14.760	367.360	388.680	66.390		
66.400	0.000	28.160	517.120	545.280	66.400	9.840	19.680	388.680	418.200	66.400		
66.410	0.000	23.040	473.600	496.640	66.410	11.480	24.600	398.520	434.600	66.410		
66.420	0.000	15.360	424.960	440.320	66.420	14.760	29.520	406.720	451.000	66.420		
66.430	0.000	11.520	360.000	371.520	66.430	14.760	34.440	410.000	459.200	66.430		
66.440	0.000	7.200	293.760	300.960	66.440	17.370	42.460	414.950	474.780	66.440		
66.450	0.000	4.320	224.640	228.960	66.450	21.230	46.320	416.880	484.430	66.450		
66.460	0.000	0.000	159.840	159.840	66.460	21.230	52.110	424.600	497.940	66.460		
66.470	0.000	0.000	103.680	103.680	66.470	23.160	59.830	428.460	511.450	66.470		
66.480	0.000	0.000	66.240	66.240	66.480	27.020	63.690	436.180	526.890	66.480		
66.490	0.000	0.000	41.760	41.760	66.490	27.020	69.480	443.900	540.400	66.490		
66.500	0.000	0.000	27.360	27.360	66.500	28.950	73.340	453.550	555.840	66.500		
66.510	0.000	0.000	17.280	17.280	66.510	30.880	79.130	463.200	573.210	66.510		
66.520	0.000	0.000	14.400	14.400	66.520	30.880	84.920	470.920	586.720	66.520		
66.530	0.000	0.000	8.640	8.640	66.530	34.740	86.850	476.710	598.300	66.530		
66.540	0.000	0.000	8.640	8.640	66.540	34.740	88.780	482.500	606.020	66.540		
66.550	0.000	0.000	8.640	8.640	66.550	34.740	90.710	482.500	607.950	66.550		
66.560	0.000	0.000	7.200	7.200	66.560	36.670	96.500	478.640	611.810	66.560		
66.570	0.000	0.000	7.200	7.200	66.570	38.600	98.430	476.710	613.740	66.570		
66.580	0.000	0.000	7.500	7.500	66.580	38.600	102.290	468.990	609.880	66.580		
66.590	0.000	0.000	7.500	7.500	66.590	42.320	104.880	460.000	607.200	66.590		
66.600	0.000	0.000	4.980	4.980	66.600	42.320	106.720	448.960	598.000	66.600		
66.610	0.000	0.000	4.980	4.980	66.610	44.160	112.240	439.760	596.160	66.610		
66.620	0.000	0.000	4.980	4.980	66.620	46.000	114.080	423.200	583.280	66.620		
66.630	0.000	0.000	4.980	4.980	66.630	51.520	115.920	414.000	581.440	66.630		
66.640	0.000	0.000	2.490	2.490	66.640	51.520	119.600	401.120	572.240	66.640		
66.650	0.000	0.000	2.490	2.490	66.650	57.040	123.280	391.920	572.240	66.650		
66.660	0.000	0.000	0.000	0.000	66.660	58.880	126.960	379.040	564.880	66.660		
66.670	0.000	0.000	2.490	2.490	66.670	64.400	132.480	369.840	566.720	66.670		
66.680	0.000	0.000	2.490	2.490	66.680	69.920	134.320	353.280	557.520	66.680		
66.690	0.000	0.000	2.490	2.490	66.690	77.280	136.160	342.240	555.680	66.690		
66.700	0.000	0.000	0.000	0.000	66.700	84.640	139.840	331.200	555.680	66.700		
66.710	0.000	0.000	0.000	0.000	66.710	92.000	141.680	318.320	552.000	66.710		
66.720	0.000	0.000	0.000	0.000	66.720	104.880	143.520	309.120	557.520	66.720		
66.730	0.000	0.000	0.000	0.000	66.730	115.920	147.200	299.920	563.040	66.730		
66.740	0.000	0.000	0.000	0.000	66.740	134.300	154.700	292.400	581.400	66.740		
66.750	0.000	0.000	0.000	0.000	66.750	151.300	159.800	283.900	595.000	66.750		
66.760	0.000	0.000	0.000	0.000	66.760	171.700	164.900	273.700	610.300	66.760		
66.770	0.000	0.000	0.000	0.000	66.770	188.700	173.400	261.800	623.900	66.770		
66.780	0.000	0.000	0.000	0.000	66.780	209.100	178.500	246.500	634.100	66.780		
66.790	0.000	0.000	0.000	0.000	66.790	229.500	183.600	231.200	644.300	66.790		
66.800	0.000	0.000	0.000	0.000	66.800	246.500	192.100	214.200	652.800	66.800		
66.810	0.000	0.000	0.000	0.000	66.810	268.600	193.800	193.800	656.200	66.810		
66.820	0.000	0.000	0.000	0.000	66.820	289.000	198.900	173.400	661.300	66.820		
66.830	0.000	0.000	0.000	0.000	66.830	311.100	198.900	154.700	664.700	66.830		
66.840	0.000	0.000	0.000	0.000	66.840	331.500	198.900	134.300	664.700	66.840		
66.850	0.000	0.000	0.000	0.000	66.850	351.900	198.900	117.300	668.100	66.850		
66.860	0.000	0.000	0.000	0.000	66.860	377.400	197.200	102.000	676.600	66.860		
66.870	0.000	0.000	0.000	0.000	66.870	401.200	192.100	88.400	681.700	66.870		
66.880	0.000	0.000	0.000	0.000	66.880	425.000	187.000	76.500	688.500	66.880		
66.890	0.000	0.000	0.000	0.000	66.890	450.460	178.400	66.900	695.760	66.890		
66.900	0.000	0.000	0.000	0.000	66.900	477.220	169.480	57.980	704.680	66.900		
66.910	0.000	0.000	0.000	0.000	66.910	499.520	158.330	53.520	711.370	66.910		
66.920	0.000	0.000	0.000	0.000	66.920	519.590	149.410	49.060	718.060	66.920		
66.930	0.000	0.000	0.000	0.000	66.930	532.970	136.030	44.600	713.600	66.930		
66.940	2.020	0.000	0.000	2.020	66.940	546.350	127.110	37.910	711.370	66.940		
66.950	12.120	0.000	0.000	12.120	66.950	553.040	113.730	33.450	700.220	66.950		
66.960	32.320	0.000	0.000	32.320	66.960	557.500	100.350	28.990	686.840	66.960		
66.970	59.590	0.000	0.000	59.590	66.970	550.810	91.430	22.300	664.540	66.970		
66.980	94.940	0.000	0.000	94.940	66.980	541.890	78.050	13.380	633.320	66.980		
66.990	132.310	0.000	0.000	132.310	66.990	526.280	71.360	8.920	606.560	66.990		
67.000	166.650	0.000	0.000	166.650	67.000	501.750	64.670	6.690	573.110	67.000		
67.010	207.050	0.000	2.020	209.070	67.010	470.530	57.980	2.230	530.740	67.010		
67.020	252.500	2.020	4.040	258.560	67.020	428.160	53.520	0.000	481.680	67.020		
67.030	296.240	7.360	9.200	312.800	67.030	372.410	49.060	0.000	421.470	67.030		
67.040	323.840	11.040	11.040	345.920	67.040	300.000	44.400	0.000	344.400	67.040		
67.050	345.920	16.560	14.720	377.200	67.050	234.000	37.200	0.000	271.200	67.050		
67.060	362.480	23.920	18.400	404.800	67.060	176.400	30.000	0.000	206.400	67.060		
67.070	371.680	34.960	23.920	430.560	67.070	124.800	16.800	0.000	141.600	67.070		
67.080	379.040	42.320	25.760	447.120	67.080	84.000	7.200	0.000	91.200	67.080		
67.090	386.400	49.680	34.960	471.040	67.090	54.000	0.000	0.000	54.000	67.090		
67.100	391.920	57.040	38.640	487.600	67.100	34.800	0.000	0.000	34.800	67.100		
67.110	401.120	60.720	44.160	506.000	67.110	19.200	0.000	0.000	19.200	67.110		
67.120	412.160	69.920	51.520	533.600	67.120	12.000	0.000	0.000	12.000	67.120		
67.130	419.520	77.280	58.880	555.680	67.130	7.200	0.000	0.000	7.200	67.130		
67.140	428.720	80.960	66.240	575.920	67.140	4.800	0.000	0.000	4.800	67.140		
67.150	439.760	88.320	71.760	599.840	67.150	4.800	0.000	0.000	4.800	67.150		
67.160	448.960	95.680	77.280	621.920	67.160	4.800	0.000	0.000	4.800	67.160		
67.170	460.000	101.200	84.640	645.840	67.170	2.400	0.000	0.000	2.400	67.170		
67.180	465.000	106.020	89.280	660.300	67.180	2.400	0.000	0.000	2.400	67.180		
67.190	461.280	111.600	94.860	667.740	67.190	2.500	0.000	0.000	2.500	67.190		
67.200	459.420	113.460	102.300	675.180	67.200	0.000	0.000	0.000	0.000	67.200		
67.210	453.840	119.040	104.160	677.040	67.210	0.000	0.000	0.000	0.000	67.210		
67.220	446.400	120.900	106.020	673.320	67.220	0.000	0.000	0.000	0.000	67.220		
67.230	433.380	120.900	111.600	665.880	67.230	0.000	0.000	0.000	0.000	67.230		
67.240	422.220	120.900	113.460	656.580	67.240	0.000	0.000	0.000	0.000	67.240		
67.250	409.200	124.620	117.180	651.000	67.250	0.000	0.000	0.000	0.000	67.250		
67.260	394.320	124.620	120.900	639.840	67.260	0.000	0.000	0.000	0.000	67.260		
67.270	379.440	124.620	128.340	632.400	67.270	0.000	0.000	0.000	0.000	67.270		
67.280	364.560	126.480	133.920	624.960	67.280	0.000	0.000	0.000	0.000	67.280		
67.290	349.680	128.340	139.500	617.520	67.290	0.000	0.000	0.000	0.000	67.290		
67.300	331.080	128.340	146.940	606.360	67.300	0.000	0.000	0.000	0.000	67.300		
67.310	316.200	133.920	154.380	604.500	67.310	0.000	0.000	0.000	0.000	67.310		
67.320	303.180	135.780	161.820	600.780	67.320	0.000	0.000	0.000	0.000	67.320		
67.330	289.520	138.600	172.480	600.600	67.330	0.000	0.000	0.000	0.000	67.330		
67.340	278.740	141.680	178.640	599.060	67.340	0.000	0.000	0.000	0.000	67.340		
67.350	269.500	144.760	186.340	600.600	67.350	0.000	0.000	0.000	0.000	67.350		
67.360	258.720	146.300	198.660	603.680	67.360	0.000	0.000	0.000	0.000	67.360		
67.370	246.400	152.460	206.360	605.220	67.370	0.000	0.000	0.000	0.000	67.370		
67.380	237.160	154.000	218.680	609.840	67.380	0.000	0.000	0.000	0.000	67.380		
67.390	226.380	157.080	231.000	614.460	67.390	0.000	0.000	0.000	0.000	67.390		
67.400	214.060	161.700	244.860	620.620	67.400	0.000	0.000	0.000	0.000	67.400		
67.410	201.740	166.320	258.720	626.780	67.410	0.000	0.000	0.000	0.000	67.410		
67.420	189.420	169.400	274.120	632.940	67.420	0.000	0.000	0.000	0.000	67.420		
67.430	174.020	174.020	294.140	642.180	67.430	0.000	0.000	0.000	0.000	67.430		
67.440	158.620	177.100	314.160	649.880	67.440	0.000	0.000	0.000	0.000	67.440		
67.450	144.760	178.640	337.260	660.660	67.450	0.000	0.000	0.000	0.000	67.450		
67.460	129.360	181.720	357.280	668.360	67.460	0.000	0.000	0.000	0.000	67.460		
67.470	112.420	184.800	385.000	682.220	67.470	0.000	0.000	0.000	0.000	67.470		
67.480	93.240	183.960	408.240	685.440	67.480	0.000	0.000	0.000	0.000	67.480		
67.490	80.640	181.440	433.440	695.520	67.490	0.000	0.000	0.000	0.000	67.490		
67.500	70.560	178.920	458.640	708.120	67.500	0.000	0.000	0.000	0.000	67.500		
67.510	60.480	173.880	486.360	720.720	67.510	0.000	0.000	0.000	0.000	67.510		
67.520	52.920	166.320	511.560	730.800	67.520	0.000	0.000	0.000	0.000	67.520		
67.530	47.880	158.760	536.760	743.400	67.530	0.000	0.000	0.000	0.000	67.530		
67.540	42.840	148.680	559.440	750.960	67.540	0.000	0.000	2.340	2.340	67.540		
67.550	37.800	136.080	582.120	756.000	67.550	0.000	0.000	29.250	29.250	67.550		
67.560	32.760	126.000	602.280	761.040	67.560	0.000	0.000	66.690	66.690	67.560		
67.570	30.240	113.400	617.400	761.040	67.570	0.000	0.000	99.450	99.450	67.570		
67.580	22.680	98.280	624.960	745.920	67.580	0.000	0.000	126.360	126.360	67.580		
67.590	17.640	85.680	630.000	733.320	67.590	0.000	0.000	159.120	159.120	67.590		
67.600	10.080	75.600	627.480	713.160	67.600	0.000	0.000	196.560	196.560	67.600		
67.610	7.560	63.000	622.440	693.000	67.610	2.340	2.340	231.660	236.340	67.610		
67.620	5.040	52.920	609.840	667.800	67.620	4.680	4.680	264.420	273.780	67.620		
67.630	2.360	44.840	590.000	637.200	67.630	7.020	7.020	292.500	306.540	67.630		
67.640	0.000	35.400	564.040	599.440	67.640	9.800	11.760	321.440	343.000	67.640		
67.650	0.000	28.320	531.000	559.320	67.650	11.760	13.720	341.040	366.520	67.650		
67.660	0.000	21.240	495.600	516.840	67.660	13.720	19.600	356.720	390.040	67.660		
67.670	0.000	16.520	455.480	472.000	67.670	15.680	23.520	366.520	405.720	67.670		
67.680	0.000	9.440	408.280	417.720	67.680	19.600	29.400	376.320	425.320	67.680		
67.690	0.000	7.080	349.280	356.360	67.690	21.560	33.320	386.120	441.000	67.690		
67.700	0.000	4.720	287.920	292.640	67.700	23.520	39.200	395.920	458.640	67.700		
67.710	0.000	2.360	221.840	224.200	67.710	29.400	47.040	405.720	482.160	67.710		
67.720	0.000	0.000	160.480	160.480	67.720	29.400	49.000	419.440	497.840	67.720		
67.730	0.000	0.000	106.200	106.200	67.730	31.360	56.840	431.200	519.400	67.730		
67.740	0.000	0.000	68.440	68.440	67.740	33.320	60.760	441.000	535.080	67.740		
67.750	0.000	0.000	44.840	44.840	67.750	37.240	64.680	454.720	556.640	67.750		
67.760	0.000	0.000	28.320	28.320	67.760	39.200	70.560	466.480	576.240	67.760		
67.770	0.000	0.000	18.880	18.880	67.770	41.160	74.480	476.280	591.920	67.770		
67.780	0.000	0.000	17.500	17.500	67.780	41.160	78.400	490.000	609.560	67.780		
67.790	0.000	0.000	14.980	14.980	67.790	44.000	82.000	494.000	620.000	67.790		
67.800	0.000	0.000	14.980	14.980	67.800	46.000	84.000	496.000	626.000	67.800		
67.810	0.000	0.000	12.460	12.460	67.810	46.000	86.000	500.000	632.000	67.810		
67.820	0.000	0.000	9.940	9.940	67.820	46.000	86.000	496.000	628.000	67.820		
67.830	0.000	0.000	9.940	9.940	67.830	46.000	86.000	494.000	626.000	67.830		
67.840	0.000	0.000	9.940	9.940	67.840	50.000	86.000	486.000	622.000	67.840		
67.850	0.000	0.000	9.940	9.940	67.850	50.000	90.000	480.000	620.000	67.850		
67.860	0.000	0.000	7.490	7.490	67.860	52.000	92.000	472.000	616.000	67.860		
67.870	0.000	0.000	7.490	7.490	67.870	52.000	92.000	462.000	606.000	67.870		
67.880	0.000	0.000	7.490	7.490	67.880	56.000	94.000	450.000	600.000	67.880		
67.890	0.000	0.000	7.490	7.490	67.890	60.000	96.000	436.000	592.000	67.890		
67.900	0.000	0.000	4.970	4.970	67.900	64.000	100.000	424.000	588.000	67.900		
67.910	0.000	0.000	4.970	4.970	67.910	70.000	102.000	412.000	584.000	67.910		
67.920	0.000	0.000	4.970	4.970	67.920	74.000	106.000	396.000	576.000	67.920		
67.930	0.000	0.000	5.000	5.000	67.930	82.000	106.000	384.000	572.000	67.930		
67.940	0.000	0.000	2.500	2.500	67.940	91.760	112.480	370.000	574.240	67.940		
67.950	0.000	0.000	2.500	2.500	67.950	103.600	116.920	356.680	577.200	67.950		
67.960	0.000	0.000	2.500	2.500	67.960	113.960	119.880	349.280	583.120	67.960		
67.970	0.000	0.000	0.000	0.000	67.970	127.280	124.320	338.920	590.520	67.970		
67.980	0.000	0.000	2.500	2.500	67.980	139.120	131.720	331.520	602.360	67.980		
67.990	0.000	0.000	2.500	2.500	67.990	152.440	134.680	321.160	608.280	67.990		
68.000	0.000	0.000	0.000	0.000	68.000	164.280	142.080	313.760	620.120	68.000		
68.010	0.000	0.000	0.000	0.000	68.010	179.080	149.480	301.920	630.480	68.010		
68.020	0.000	0.000	0.000	0.000	68.020	193.880	156.880	291.560	642.320	68.020		
68.030	0.000	0.000	0.000	0.000	68.030	208.680	159.840	276.760	645.280	68.030		
68.040	0.000	0.000	0.000	0.000	68.040	226.440	167.240	261.960	655.640	68.040		
68.050	0.000	0.000	0.000	0.000	68.050	244.200	171.680	247.160	663.040	68.050		
68.060	0.000	0.000	0.000	0.000	68.060	264.920	174.640	226.440	666.000	68.060		
68.070	0.000	0.000	0.000	0.000	68.070	287.120	179.080	207.200	673.400	68.070		
68.080	0.000	0.000	0.000	0.000	68.080	309.320	182.040	189.440	680.800	68.080		
68.090	0.000	0.000	0.000	0.000	68.090	337.770	187.110	167.670	692.550	68.090		
68.100	0.000	0.000	0.000	0.000	68.100	364.500	184.680	148.230	697.410	68.100		
68.110	0.000	0.000	0.000	0.000	68.110	391.230	182.250	128.790	702.270	68.110		
68.120	0.000	0.000	0.000	0.000	68.120	415.530	179.820	111.780	707.130	68.120		
68.130	0.000	0.000	0.000	0.000	68.130	442.260	170.100	99.630	711.990	68.130		
68.140	0.000	0.000	0.000	0.000	68.140	471.420	162.810	87.480	721.710	68.140		
68.150	0.000	0.000	0.000	0.000	68.150	495.720	153.090	75.330	724.140	68.150		
68.160	0.000	0.000	2.340	2.340	68.160	522.450	143.370	70.470	736.290	68.160		
68.170	0.000	0.000	2.340	2.340	68.170	546.750	133.650	65.610	746.010	68.170		
68.180	0.000	0.000	2.340	2.340	68.180	566.190	121.500	60.750	748.440	68.180		
68.190	0.000	0.000	0.000	0.000	68.190	583.200	109.350	53.460	746.010	68.190		
68.200	9.900	0.000	0.000	9.900	68.200	592.920	97.200	51.030	741.150	68.200		
68.210	24.840	0.000	0.000	24.840	68.210	602.640	82.620	46.170	731.430	68.210		
68.220	45.000	0.000	0.000	45.000	68.220	607.500	70.470	41.310	719.280	68.220		
68.230	71.910	0.000	0.000	71.910	68.230	602.640	58.320	36.450	697.410	68.230		
68.240	99.450	0.000	0.000	99.450	68.240	595.000	49.980	30.940	675.920	68.240		
68.250	128.520	0.000	0.000	128.520	68.250	578.340	38.080	23.800	640.220	68.250		
68.260	162.180	0.000	0.000	162.180	68.260	559.300	33.320	19.040	611.660	68.260		
68.270	198.900	0.000	0.000	198.900	68.270	533.120	28.560	11.900	573.580	68.270		
68.280	237.150	1.530	4.590	243.270	68.280	502.180	21.420	7.140	530.740	68.280		
68.290	269.280	6.120	6.120	281.520	68.290	461.720	16.660	2.380	480.760	68.290		
68.300	301.410	9.180	9.180	319.770	68.300	411.740	11.900	0.000	423.640	68.300		
68.310	324.360	16.830	12.240	353.430	68.310	352.240	9.520	0.000	361.760	68.310		
68.320	339.660	21.420	13.770	374.850	68.320	287.980	7.140	0.000	295.120	68.320		
68.330	351.900	32.130	21.420	405.450	68.330	221.340	2.380	0.000	223.720	68.330		
68.340	361.080	39.780	24.480	425.340	68.340	159.460	0.000	0.000	159.460	68.340		
68.350	367.200	44.370	29.070	440.640	68.350	107.100	0.000	0.000	107.100	68.350		
68.360	374.850	52.020	33.660	460.530	68.360	69.020	0.000	0.000	69.020	68.360		
68.370	382.500	56.610	41.310	480.420	68.370	40.460	0.000	0.000	40.460	68.370		
68.380	393.760	64.400	49.680	507.840	68.380	23.800	0.000	4.760	28.560	68.380		
68.390	401.120	69.920	51.520	522.560	68.390	15.000	0.000	7.500	22.500	68.390		
68.400	414.000	77.280	58.880	550.160	68.400	12.480	0.000	7.500	19.980	68.400		
68.410	421.360	80.960	66.240	568.560	68.410	9.960	0.000	2.460	12.420	68.410		
68.420	434.240	88.320	71.760	594.320	68.420	9.960	0.000	4.980	14.940	68.420		
68.430	443.440	93.840	77.280	614.560	68.430	7.500	0.000	2.460	9.960	68.430		
68.440	450.800	99.360	80.960	631.120	68.440	7.500	0.000	2.460	9.960	68.440		
68.450	456.320	104.880	86.480	647.680	68.450	4.980	0.000	2.460	7.440	68.450		
68.460	460.000	108.560	88.320	656.880	68.460	4.980	0.000	4.980	9.960	68.460		
68.470	456.320	112.240	92.000	660.560	68.470	4.980	0.000	2.460	7.440	68.470		
68.480	454.480	114.080	93.840	662.400	68.480	2.460	0.000	2.460	4.920	68.480		
68.490	447.120	115.920	95.680	658.720	68.490	2.460	0.000	2.460	4.920	68.490		
68.500	439.760	119.600	99.360	658.720	68.500	2.460	0.000	2.460	4.920	68.500		
68.510	428.720	121.440	101.200	651.360	68.510	0.000	0.000	2.460	2.460	68.510		
68.520	415.840	123.280	106.720	645.840	68.520	0.000	0.000	2.460	2.460	68.520		
68.530	402.500	127.190	111.090	640.780	68.530	0.000	0.000	2.460	2.460	68.530		
68.540	386.400	132.020	115.920	634.340	68.540	0.000	0.000	2.500	2.500	68.540		
68.550	373.520	132.020	122.360	627.900	68.550	0.000	0.000	2.500	2.500	68.550		
68.560	362.250	133.630	123.970	619.850	68.560	0.000	0.000	2.500	2.500	68.560		
68.570	349.370	138.460	132.020	619.850	68.570	0.000	0.000	0.000	0.000	68.570		
68.580	336.490	141.680	136.850	615.020	68.580	0.000	0.000	2.500	2.500	68.580		
68.590	323.610	146.510	144.900	615.020	68.590	0.000	0.000	0.000	0.000	68.590		
68.600	313.950	149.730	154.560	618.240	68.600	0.000	0.000	0.000	0.000	68.600		
68.610	301.070	156.170	164.220	621.460	68.610	0.000	0.000	0.000	0.000	68.610		
68.620	291.410	159.390	172.270	623.070	68.620	0.000	0.000	0.000	0.000	68.620		
68.630	281.750	164.220	181.930	627.900	68.630	0.000	0.000	0.000	0.000	68.630		
68.640	268.870	172.270	194.810	635.950	68.640	0.000	0.000	0.000	0.000	68.640		
68.650	254.380	177.100	206.080	637.560	68.650	0.000	0.000	0.000	0.000	68.650		
68.660	241.500	181.930	222.180	645.610	68.660	0.000	0.000	0.000	0.000	68.660		
68.670	228.620	186.760	233.450	648.830	68.670	0.000	0.000	0.000	0.000	68.670		
68.680	213.210	190.440	248.400	652.050	68.680	0.000	0.000	0.000	0.000	68.680		
68.690	198.720	194.580	264.960	658.260	68.690	0.000	0.000	0.000	0.000	68.690		
68.700	186.300	198.720	279.450	664.470	68.700	0.000	0.000	0.000	0.000	68.700		
68.710	171.810	200.790	291.870	664.470	68.710	0.000	0.000	0.000	0.000	68.710		
68.720	157.320	204.930	308.430	670.680	68.720	0.000	0.000	0.000	0.000	68.720		
68.730	140.760	207.000	327.060	674.820	68.730	0.000	0.000	0.000	0.000	68.730		
68.740	126.270	207.000	343.620	676.890	68.740	0.000	0.000	0.000	0.000	68.740		
68.750	111.780	207.000	364.320	683.100	68.750	0.000	0.000	0.000	0.000	68.750		
68.760	93.150	207.000	382.950	683.100	68.760	0.000	0.000	0.000	0.000	68.760		
68.770	80.730	207.000	409.860	697.590	68.770	0.000	0.000	0.000	0.000	68.770		
68.780	72.450	200.790	430.560	703.800	68.780	0.000	0.000	0.000	0.000	68.780		
68.790	62.100	196.650	449.190	707.940	68.790	2.450	0.000	0.000	2.450	68.790		
68.800	55.890	190.440	474.030	720.360	68.800	0.000	0.000	0.000	0.000	68.800		
68.810	51.750	184.230	496.800	732.780	68.810	0.000	0.000	0.000	0.000	68.810		
68.820	43.470	173.880	517.500	734.850	68.820	0.000	0.000	0.000	0.000	68.820		
68.830	40.800	163.200	542.400	746.400	68.830	0.000	0.000	17.500	17.500	68.830		
68.840	36.000	153.600	559.200	748.800	68.840	0.000	0.000	46.190	46.190	68.840		
68.850	31.200	141.600	573.600	746.400	68.850	0.000	0.000	77.480	77.480	68.850		
68.860	24.000	132.000	585.600	741.600	68.860	0.000	0.000	104.300	104.300	68.860		
68.870	16.800	120.000	592.800	729.600	68.870	0.000	0.000	131.120	131.120	68.870		
68.880	12.000	105.600	600.000	717.600	68.880	0.000	0.000	163.900	163.900	68.880		
68.890	9.600	93.600	595.200	698.400	68.890	1.490	1.490	199.660	202.640	68.890		
68.900	4.800	86.400	588.000	679.200	68.900	1.490	1.490	229.460	232.440	68.900		
68.910	2.400	76.800	578.400	657.600	68.910	4.470	4.470	259.260	268.200	68.910		
68.920	0.000	69.600	561.600	631.200	68.920	8.940	7.450	286.080	302.470	68.920		
68.930	0.000	60.000	540.000	600.000	68.930	11.920	11.920	311.410	335.250	68.930		
68.940	0.000	52.800	508.800	561.600	68.940	14.900	16.390	332.270	363.560	68.940		
68.950	0.000	50.400	475.200	525.600	68.950	16.390	19.370	344.190	379.950	68.950		
68.960	0.000	45.600	439.200	484.800	68.960	22.350	23.840	354.620	400.810	68.960		
68.970	0.000	45.600	391.200	436.800	68.970	23.840	29.800	362.070	415.710	68.970		
68.980	0.000	44.540	327.500	372.040	68.980	26.820	37.250	372.500	436.570	68.980		
68.990	0.000	39.300	264.620	303.920	68.990	32.160	42.210	381.900	456.270	68.990		
69.000	0.000	34.060	206.980	241.040	69.000	34.170	46.230	389.940	470.340	69.000		
69.010	0.000	24.890	154.580	179.470	69.010	36.180	48.240	399.990	484.410	69.010		
69.020	0.000	17.030	111.350	128.380	69.020	42.210	56.280	414.060	512.550	69.020		
69.030	0.000	9.170	77.290	86.460	69.030	44.220	62.310	428.130	534.660	69.030		
69.040	0.000	1.310	53.710	55.020	69.040	48.240	66.330	444.210	558.780	69.040		
69.050	0.000	0.000	39.300	39.300	69.050	54.270	72.360	458.280	584.910	69.050		
69.060	0.000	0.000	24.890	24.890	69.060	56.280	76.380	472.350	605.010	69.060		
69.070	0.000	0.000	17.030	17.030	69.070	62.310	82.410	482.400	627.120	69.070		
69.080	0.000	0.000	11.790	11.790	69.080	66.330	84.420	492.450	643.200	69.080		
69.090	0.000	0.000	11.790	11.790	69.090	72.360	86.430	496.470	655.260	69.090		
69.100	0.000	0.000	9.170	9.170	69.100	74.370	88.440	498.480	661.290	69.100		
69.110	0.000	0.000	6.550	6.550	69.110	76.380	92.460	502.500	671.340	69.110		
69.120	0.000	0.000	9.170	9.170	69.120	78.390	94.470	498.480	671.340	69.120		
69.130	0.000	0.000	7.500	7.500	69.130	82.410	96.480	496.470	675.360	69.130		
69.140	0.000	0.000	4.980	4.980	69.140	86.240	96.040	490.000	672.280	69.140		
69.150	0.000	0.000	4.980	4.980	69.150	88.200	99.960	482.160	670.320	69.150		
69.160	0.000	0.000	4.980	4.980	69.160	92.120	99.960	474.320	666.400	69.160		
69.170	0.000	0.000	2.490	2.490	69.170	94.080	99.960	460.600	654.640	69.170		
69.180	0.000	0.000	2.490	2.490	69.180	96.040	101.920	450.800	648.760	69.180		
69.190	0.000	0.000	2.490	2.490	69.190	99.960	103.880	439.040	642.880	69.190		
69.200	0.000	0.000	2.490	2.490	69.200	103.880	105.840	429.240	638.960	69.200		
69.210	0.000	0.000	0.000	0.000	69.210	109.760	109.760	413.560	633.080	69.210		
69.220	0.000	0.000	0.000	0.000	69.220	115.640	113.680	403.760	633.080	69.220		
69.230	0.000	0.000	0.000	0.000	69.230	123.480	115.640	392.000	631.120	69.230		
69.240	0.000	0.000	0.000	0.000	69.240	133.280	121.520	378.280	633.080	69.240		
69.250	0.000	0.000	0.000	0.000	69.250	141.120	127.400	366.520	635.040	69.250		
69.260	0.000	0.000	0.000	0.000	69.260	150.920	131.320	350.840	633.080	69.260		
69.270	0.000	0.000	0.000	0.000	69.270	164.640	137.200	337.120	638.960	69.270		
69.280	0.000	0.000	0.000	0.000	69.280	174.440	139.160	321.440	635.040	69.280		
69.290	0.000	0.000	0.000	0.000	69.290	185.920	141.100	307.100	634.120	69.290		
69.300	0.000	0.000	0.000	0.000	69.300	195.880	146.080	293.820	635.780	69.300		
69.310	0.000	0.000	0.000	0.000	69.310	207.500	149.400	282.200	639.100	69.310		
69.320	0.000	0.000	0.000	0.000	69.320	219.120	151.060	267.260	637.440	69.320		
69.330	0.000	0.000	0.000	0.000	69.330	232.400	156.040	253.980	642.420	69.330		
69.340	0.000	0.000	0.000	0.000	69.340	247.340	159.360	242.360	649.060	69.340		
69.350	0.000	0.000	0.000	0.000	69.350	262.280	164.340	232.400	659.020	69.350		
69.360	0.000	0.000	0.000	0.000	69.360	277.220	166.000	219.120	662.340	69.360		
69.370	0.000	0.000	0.000	0.000	69.370	292.160	169.320	204.180	665.660	69.370		
69.380	0.000	0.000	0.000	0.000	69.380	308.760	174.300	190.900	673.960	69.380		
69.390	0.000	0.000	0.000	0.000	69.390	328.680	174.300	179.280	682.260	69.390		
69.400	0.000	0.000	0.000	0.000	69.400	348.600	175.960	166.000	690.560	69.400		
69.410	0.000	0.000	0.000	0.000	69.410	368.520	175.960	151.060	695.540	69.410		
69.420	0.000	0.000	0.000	0.000	69.420	391.760	179.280	139.440	710.480	69.420		
69.430	0.000	0.000	0.000	0.000	69.430	415.000	175.960	124.500	715.460	69.430		
69.440	0.000	0.000	0.000	0.000	69.440	438.960	174.640	110.920	724.520	69.440		
69.450	0.000	0.000	0.000	0.000	69.450	460.200	169.920	99.120	729.240	69.450		
69.460	0.000	0.000	0.000	0.000	69.460	481.440	160.480	87.320	729.240	69.460		
69.470	0.000	2.480	0.000	2.480	69.470	500.320	153.400	77.880	731.600	69.470		
69.480	0.000	0.000	0.000	0.000	69.480	516.840	143.960	73.160	733.960	69.480		
69.490	0.000	0.000	0.000	0.000	69.490	535.720	134.520	68.440	738.680	69.490		
69.500	0.000	0.000	2.480	2.480	69.500	552.240	120.360	63.720	736.320	69.500		
69.510	4.960	0.000	0.000	4.960	69.510	566.400	108.560	59.000	733.960	69.510		
69.520	17.360	0.000	0.000	17.360	69.520	575.840	94.400	56.640	726.880	69.520		
69.530	37.200	0.000	0.000	37.200	69.530	585.280	84.960	51.920	722.160	69.530		
69.540	64.480	0.000	0.000	64.480	69.540	590.000	70.800	49.560	710.360	69.540		
69.550	94.860	0.000	0.000	94.860	69.550	585.280	59.000	42.480	686.760	69.550		
69.560	122.140	0.000	0.000	122.140	69.560	578.200	49.560	37.760	665.520	69.560		
69.570	155.000	0.000	0.000	155.000	69.570	566.400	37.760	33.040	637.200	69.570		
69.580	194.810	1.610	1.610	198.030	69.580	552.240	30.680	30.680	613.600	69.580		
69.590	228.620	4.830	4.830	238.280	69.590	525.000	21.000	23.100	569.100	69.590		
69.600	262.430	6.440	6.440	275.310	69.600	495.600	14.700	18.900	529.200	69.600		
69.610	286.580	9.660	9.660	305.900	69.610	462.000	8.400	10.500	480.900	69.610		
69.620	305.900	14.490	9.660	330.050	69.620	424.200	6.300	6.300	436.800	69.620		
69.630	318.780	20.930	14.490	354.200	69.630	373.800	4.200	2.100	380.100	69.630		
69.640	328.440	27.370	16.100	371.910	69.640	319.200	2.100	0.000	321.300	69.640		
69.650	336.490	32.200	16.100	384.790	69.650	258.300	0.000	0.000	258.300	69.650		
69.660	341.320	38.640	20.930	400.890	69.660	199.500	0.000	0.000	199.500	69.660		
69.670	349.370	46.690	24.150	420.210	69.670	144.900	0.000	0.000	144.900	69.670		
69.680	357.420	51.520	28.980	437.920	69.680	96.600	0.000	0.000	96.600	69.680		
69.690	362.250	56.350	28.980	447.580	69.690	60.900	0.000	0.000	60.900	69.690		
69.700	371.910	61.180	32.200	465.290	69.700	39.900	0.000	0.000	39.900	69.700		
69.710	384.790	66.010	33.810	484.610	69.710	27.300	0.000	4.200	31.500	69.710		
69.720	402.500	72.450	37.030	511.980	69.720	21.000	0.000	2.100	23.100	69.720		
69.730	417.300	79.950	39.000	536.250	69.730	18.900	0.000	2.100	21.000	69.730		
69.740	430.950	83.850	40.950	555.750	69.740	15.000	0.000	2.460	17.460	69.740		
69.750	446.550	89.700	46.800	583.050	69.750	15.000	0.000	2.460	17.460	69.750		
69.760	458.250	91.650	46.800	596.700	69.760	9.960	0.000	2.460	12.420	69.760		
69.770	469.950	97.500	46.800	614.250	69.770	9.960	0.000	2.460	12.420	69.770		
69.780	479.700	99.450	48.750	627.900	69.780	9.960	0.000	2.460	12.420	69.780		
69.790	481.650	99.450	48.750	629.850	69.790	9.960	0.000	2.460	12.420	69.790		
69.800	487.500	101.400	50.700	639.600	69.800	7.500	0.000	2.460	9.960	69.800		
69.810	487.500	101.400	54.600	643.500	69.810	4.980	0.000	0.000	4.980	69.810		
69.820	481.650	101.400	50.700	633.750	69.820	4.980	0.000	2.460	7.440	69.820		
69.830	475.800	101.400	50.700	627.900	69.830	4.980	0.000	2.460	7.440	69.830		
69.840	469.950	101.400	50.700	622.050	69.840	2.460	0.000	2.460	4.920	69.840		
69.850	458.250	101.400	54.600	614.250	69.850	2.460	0.000	0.000	2.460	69.850		
69.860	448.500	101.400	54.600	604.500	69.860	2.460	0.000	0.000	2.460	69.860		
69.870	438.750	101.400	56.550	596.700	69.870	2.460	0.000	0.000	2.460	69.870		
69.880	427.500	100.890	59.850	588.240	69.880	0.000	0.000	0.000	0.000	69.880		
69.890	417.240	106.020	66.690	589.950	69.890	0.000	0.000	0.000	0.000	69.890		
69.900	406.980	111.150	68.400	586.530	69.900	0.000	0.000	0.000	0.000	69.900		
69.910	396.720	116.280	78.660	591.660	69.910	0.000	0.000	0.000	0.000	69.910		
69.920	389.880	121.410	83.790	595.080	69.920	0.000	0.000	0.000	0.000	69.920		
69.930	381.330	126.540	88.920	596.790	69.930	0.000	0.000	0.000	0.000	69.930		
69.940	374.490	131.670	97.470	603.630	69.940	0.000	0.000	0.000	0.000	69.940		
69.950	365.940	136.800	100.890	603.630	69.950	0.000	0.000	0.000	0.000	69.950		
69.960	359.100	143.640	109.440	612.180	69.960	0.000	0.000	0.000	0.000	69.960		
69.970	348.840	148.770	116.280	613.890	69.970	0.000	0.000	0.000	0.000	69.970		
69.980	342.000	153.900	124.830	620.730	69.980	0.000	0.000	0.000	0.000	69.980		
69.990	331.740	162.450	131.670	625.860	69.990	0.000	0.000	0.000	0.000	69.990		
70.000	321.480	165.870	138.510	625.860	70.000	0.000	0.000	0.000	0.000	70.000		
70.010	311.220	171.000	147.060	629.280	70.010	0.000	0.000	0.000	0.000	70.010		
70.020	299.250	176.130	157.320	632.700	70.020	0.000	0.000	0.000	0.000	70.020		
70.030	286.720	181.760	166.400	634.880	70.030	0.000	0.000	0.000	0.000	70.030		
70.040	276.480	189.440	174.080	640.000	70.040	0.000	0.000	0.000	0.000	70.040		
70.050	266.240	194.560	184.320	645.120	70.050	0.000	0.000	0.000	0.000	70.050		
70.060	254.720	199.680	194.560	648.960	70.060	0.000	0.000	0.000	0.000	70.060		
70.070	244.480	204.800	202.240	651.520	70.070	0.000	0.000	0.000	0.000	70.070		
70.080	234.240	207.360	212.480	654.080	70.080	0.000	0.000	0.000	0.000	70.080		
70.090	221.440	213.760	221.440	656.640	70.090	0.000	0.000	0.000	0.000	70.090		
70.100	212.480	216.320	231.680	660.480	70.100	0.000	0.000	0.000	0.000	70.100		
70.110	199.680	221.440	244.480	665.600	70.110	0.000	0.000	0.000	0.000	70.110		
70.120	189.440	226.560	257.280	673.280	70.120	0.000	0.000	0.000	0.000	70.120		
70.130	176.640	229.120	266.240	672.000	70.130	0.000	0.000	0.000	0.000	70.130		
70.140	163.840	231.680	279.040	674.560	70.140	0.000	0.000	0.000	0.000	70.140		
70.150	149.760	234.240	291.840	675.840	70.150	0.000	0.000	0.000	0.000	70.150		
70.160	134.400	236.800	304.640	675.840	70.160	0.000	0.000	0.000	0.000	70.160		
70.170	121.600	234.240	320.000	675.840	70.170	0.000	0.000	0.000	0.000	70.170		
70.180	106.640	232.200	331.960	670.800	70.180	0.000	2.500	0.000	2.500	70.180		
70.190	94.600	228.760	347.440	670.800	70.190	0.000	0.000	0.000	0.000	70.190		
70.200	80.840	223.600	359.480	663.920	70.200	0.000	1.260	0.000	1.260	70.200		
70.210	73.960	218.440	371.520	663.920	70.210	0.000	1.260	18.900	20.160	70.210		
70.220	63.640	211.560	383.560	658.760	70.220	0.000	0.000	46.620	46.620	70.220		
70.230	56.760	204.680	393.880	655.320	70.230	0.000	0.000	71.820	71.820	70.230		
70.240	46.440	194.360	404.200	645.000	70.240	0.000	0.000	94.500	94.500	70.240		
70.250	41.280	184.040	411.080	636.400	70.250	0.000	0.000	119.700	119.700	70.250		
70.260	34.400	172.000	419.680	626.080	70.260	0.000	1.260	147.420	148.680	70.260		
70.270	29.240	159.960	426.560	615.760	70.270	0.000	1.260	176.400	177.660	70.270		
70.280	22.360	146.200	430.000	598.560	70.280	1.260	1.260	206.640	209.160	70.280		
70.290	17.200	134.160	430.000	581.360	70.290	3.780	3.780	234.360	241.920	70.290		
70.300	8.600	122.120	426.560	557.280	70.300	6.300	6.300	259.560	272.160	70.300		
70.310	6.880	111.800	419.680	538.360	70.310	8.820	8.820	284.760	302.400	70.310		
70.320	3.440	99.760	409.360	512.560	70.320	11.340	13.860	302.400	327.600	70.320		
70.330	0.000	88.920	390.000	478.920	70.330	13.860	16.380	315.000	345.240	70.330		
70.340	0.000	79.560	366.600	446.160	70.340	16.880	18.990	324.940	360.810	70.340		
70.350	0.000	68.640	341.640	410.280	70.350	18.990	23.210	333.380	375.580	70.350		
70.360	0.000	62.400	313.560	375.960	70.360	21.100	29.540	343.930	394.570	70.360		
70.370	0.000	54.600	288.600	343.200	70.370	27.430	33.760	356.590	417.780	70.370		
70.380	0.000	46.800	258.960	305.760	70.380	31.650	42.200	369.250	443.100	70.380		
70.390	0.000	39.000	226.200	265.200	70.390	35.870	44.310	381.910	462.090	70.390		
70.400	0.000	34.320	195.000	229.320	70.400	42.200	48.530	396.680	487.410	70.400		
70.410	0.000	26.520	162.240	188.760	70.410	48.530	54.860	411.450	514.840	70.410		
70.420	0.000	21.840	126.360	148.200	70.420	54.860	56.970	428.330	540.160	70.420		
70.430	0.000	14.040	93.600	107.640	70.430	59.080	63.300	447.320	569.700	70.430		
70.440	0.000	6.240	71.760	78.000	70.440	63.300	65.410	466.310	595.020	70.440		
70.450	0.000	1.560	51.480	53.040	70.450	69.630	71.740	483.190	624.560	70.450		
70.460	4.680	0.000	39.000	43.680	70.460	73.850	73.850	502.180	649.880	70.460		
70.470	4.680	0.000	29.640	34.320	70.470	78.070	75.960	514.840	668.870	70.470		
70.480	4.960	0.000	20.000	24.960	70.480	82.290	78.070	527.500	687.860	70.480		
70.490	4.960	0.000	14.960	19.920	70.490	83.460	79.180	530.720	693.360	70.490		
70.500	4.960	0.000	14.960	19.920	70.500	83.460	81.320	535.000	699.780	70.500		
70.510	2.480	0.000	12.480	14.960	70.510	83.460	79.180	530.720	693.360	70.510		
70.520	4.960	0.000	10.000	14.960	70.520	83.460	79.180	528.580	691.220	70.520		
70.530	2.480	0.000	10.000	12.480	70.530	81.320	77.040	524.300	682.660	70.530		
70.540	4.960	0.000	7.440	12.400	70.540	79.180	74.900	515.740	669.820	70.540		
70.550	2.480	0.000	7.440	9.920	70.550	81.320	70.620	511.460	663.400	70.550		
70.560	2.480	0.000	4.960	7.440	70.560	79.180	68.480	502.900	650.560	70.560		
70.570	2.480	0.000	4.960	7.440	70.570	79.180	68.480	498.620	646.280	70.570		
70.580	2.480	0.000	4.960	7.440	70.580	81.320	66.340	492.200	639.860	70.580		
70.590	2.480	0.000	4.960	7.440	70.590	81.320	66.340	485.780	633.440	70.590		
70.600	2.480	0.000	4.960	7.440	70.600	83.460	66.340	481.500	631.300	70.600		
70.610	2.480	0.000	2.480	4.960	70.610	83.460	66.340	479.360	629.160	70.610		
70.620	2.480	0.000	2.480	4.960	70.620	85.600	68.480	477.220	631.300	70.620		
70.630	0.000	0.000	2.460	2.460	70.630	85.600	66.340	472.940	624.880	70.630		
70.640	2.460	0.000	2.460	4.920	70.640	88.830	69.930	472.500	631.260	70.640		
70.650	0.000	0.000	2.460	2.460	70.650	90.720	69.930	468.720	629.370	70.650		
70.660	2.460	0.000	0.000	2.460	70.660	94.500	71.820	468.720	635.040	70.660		
70.670	0.000	0.000	0.000	0.000	70.670	96.390	71.820	468.720	636.930	70.670		
70.680	0.000	0.000	0.000	0.000	70.680	98.280	73.710	466.830	638.820	70.680		
70.690	0.000	0.000	0.000	0.000	70.690	102.060	77.490	464.940	644.490	70.690		
70.700	2.460	0.000	2.460	4.920	70.700	105.840	79.380	461.160	646.380	70.700		
70.710	0.000	0.000	0.000	0.000	70.710	111.510	79.380	459.270	650.160	70.710		
70.720	0.000	0.000	0.000	0.000	70.720	113.400	83.160	457.380	653.940	70.720		
70.730	0.000	0.000	0.000	0.000	70.730	117.180	83.160	451.710	652.050	70.730		
70.740	0.000	0.000	0.000	0.000	70.740	119.070	86.940	446.040	652.050	70.740		
70.750	0.000	0.000	0.000	0.000	70.750	120.960	86.940	442.260	650.160	70.750		
70.760	7.500	0.000	0.000	7.500	70.760	124.740	86.940	434.700	646.380	70.760		
70.770	15.000	0.000	0.000	15.000	70.770	126.630	86.940	429.030	642.600	70.770		
70.780	17.500	0.000	0.000	17.500	70.780	128.520	86.940	421.470	636.930	70.780		
70.790	17.500	0.000	0.000	17.500	70.790	128.700	89.100	412.500	630.300	70.790		
70.800	20.000	0.000	0.000	20.000	70.800	132.000	89.100	405.900	627.000	70.800		
70.810	20.000	0.000	0.000	20.000	70.810	132.000	89.100	399.300	620.400	70.810		
70.820	20.000	5.000	5.000	30.000	70.820	128.700	89.100	389.400	607.200	70.820		
70.830	22.500	7.500	10.000	40.000	70.830	128.700	87.450	379.500	595.650	70.830		
70.840	25.000	10.000	17.500	52.500	70.840	127.050	87.450	371.250	585.750	70.840		
70.850	30.000	12.500	27.500	70.000	70.850	123.750	84.150	356.400	564.300	70.850		
70.860	37.500	17.500	37.500	92.500	70.860	122.100	84.150	344.850	551.100	70.860		
70.870	50.000	22.500	45.000	117.500	70.870	117.150	79.200	330.000	526.350	70.870		
70.880	62.500	30.000	55.000	147.500	70.880	113.850	75.900	313.500	503.250	70.880		
70.890	80.000	35.000	62.500	177.500	70.890	107.250	70.950	293.700	471.900	70.890		
70.900	95.000	40.000	70.000	205.000	70.900	102.300	66.000	277.200	445.500	70.900		
70.910	110.000	47.500	75.000	232.500	70.910	99.000	64.350	259.050	422.400	70.910		
70.920	125.000	52.500	80.000	257.500	70.920	94.050	59.400	239.250	392.700	70.920		
70.930	142.290	56.610	84.150	283.050	70.930	89.100	54.450	221.100	364.650	70.930		
70.940	156.060	59.670	87.210	302.940	70.940	84.460	52.480	205.000	341.940	70.940		
70.950	169.830	61.200	87.210	318.240	70.950	79.540	46.740	184.500	310.780	70.950		
70.960	182.070	61.200	87.210	330.480	70.960	74.620	44.280	167.280	286.180	70.960		
70.970	194.310	64.260	87.210	345.780	70.970	69.700	41.820	149.240	260.760	70.970		
70.980	209.610	67.320	84.150	361.080	70.980	64.780	36.900	132.020	233.700	70.980		
70.990	221.850	68.850	87.210	377.910	70.990	59.860	36.900	114.800	211.560	70.990		
71.000	237.150	71.910	84.150	393.210	71.000	57.400	31.980	96.760	186.140	71.000		
71.010	252.450	71.910	84.150	408.510	71.010	49.200	31.980	82.000	163.180	71.010		
71.020	272.340	74.970	81.090	428.400	71.020	46.740	27.060	64.780	138.580	71.020		
71.030	289.170	74.970	79.560	443.700	71.030	41.820	24.600	52.480	118.900	71.030		
71.040	312.120	76.500	76.500	465.120	71.040	39.360	19.680	39.360	98.400	71.040		
71.050	336.600	79.560	74.970	491.130	71.050	34.440	17.220	34.440	86.100	71.050		
71.060	361.080	81.090	71.910	514.080	71.060	29.520	14.760	29.520	73.800	71.060		
71.070	382.500	87.210	68.850	538.560	71.070	22.140	12.300	24.600	59.040	71.070		
71.080	403.650	89.700	68.250	561.600	71.080	19.680	9.840	19.680	49.200	71.080		
71.090	423.150	91.650	68.250	583.050	71.090	14.980	7.490	17.500	39.970	71.090		
71.100	438.750	93.600	68.250	600.600	71.100	12.460	7.490	14.980	34.930	71.100		
71.110	452.400	97.500	66.300	616.200	71.110	9.940	4.970	14.980	29.890	71.110		
71.120	462.150	97.500	66.300	625.950	71.120	7.490	4.970	12.460	24.920	71.120		
71.130	469.950	99.450	66.300	635.700	71.130	7.490	4.970	12.460	24.920	71.130		
71.140	475.800	99.450	64.350	639.600	71.140	7.490	4.970	12.460	24.920	71.140		
71.150	479.700	97.500	62.400	639.600	71.150	4.970	2.450	9.940	17.360	71.150		
71.160	483.600	97.500	62.400	643.500	71.160	4.970	4.970	9.940	19.880	71.160		
71.170	483.600	93.600	58.500	635.700	71.170	4.970	2.450	9.940	17.360	71.170		
71.180	487.500	91.650	56.550	635.700	71.180	4.970	4.970	9.940	19.880	71.180		
71.190	483.600	91.650	54.600	629.850	71.190	4.970	2.450	9.940	17.360	71.190		
71.200	483.600	89.700	54.600	627.900	71.200	4.970	2.450	7.490	14.910	71.200		
71.210	479.700	85.800	50.700	616.200	71.210	4.970	2.450	7.490	14.910	71.210		
71.220	473.850	85.800	48.750	608.400	71.220	4.970	2.450	7.490	14.910	71.220		
71.230	472.500	83.160	49.140	604.800	71.230	4.970	2.450	7.490	14.910	71.230		
71.240	464.940	81.270	47.250	593.460	71.240	4.950	2.420	7.480	14.850	71.240		
71.250	459.270	79.380	47.250	585.900	71.250	4.950	0.000	4.950	9.900	71.250		
71.260	453.600	79.380	47.250	580.230	71.260	4.950	2.420	4.950	12.320	71.260		
71.270	451.710	79.380	47.250	578.340	71.270	4.950	2.420	4.950	12.320	71.270		
71.280	449.820	79.380	47.250	576.450	71.280	2.420	0.000	4.950	7.370	71.280		
71.290	449.820	79.380	47.250	576.450	71.290	2.420	0.000	2.420	4.840	71.290		
71.300	446.040	79.380	47.250	572.670	71.300	2.420	0.000	2.420	4.840	71.300		
71.310	446.040	81.270	47.250	574.560	71.310	2.420	0.000	2.420	4.840	71.310		
71.320	444.150	81.270	47.250	572.670	71.320	2.420	0.000	2.420	4.840	71.320		
71.330	444.150	83.160	49.140	576.450	71.330	2.420	0.000	9.900	12.320	71.330		
71.340	444.150	86.940	51.030	582.120	71.340	2.420	0.000	17.490	19.910	71.340		
71.350	442.260	88.830	54.810	585.900	71.350	2.420	0.000	22.440	24.860	71.350		
71.360	438.480	90.720	56.700	585.900	71.360	2.420	0.000	24.970	27.390	71.360		
71.370	434.700	94.500	58.590	587.790	71.370	2.420	2.420	27.500	32.340	71.370		
71.380	427.500	97.470	64.980	589.950	71.380	4.950	2.420	27.500	34.870	71.380		
71.390	417.240	100.890	66.690	584.820	71.390	4.280	2.140	32.100	38.520	71.390		
71.400	406.980	100.890	71.820	579.690	71.400	7.490	4.280	39.590	51.360	71.400		
71.410	393.300	104.310	76.950	574.560	71.410	14.980	7.490	49.220	71.690	71.410		
71.420	381.330	106.020	82.080	569.430	71.420	14.980	9.630	62.060	86.670	71.420		
71.430	365.940	109.440	87.210	562.590	71.430	22.470	11.770	77.040	111.280	71.430		
71.440	347.130	109.440	92.340	548.910	71.440	29.960	17.120	99.510	146.590	71.440		
71.450	326.610	111.150	97.470	535.230	71.450	39.590	22.470	121.980	184.040	71.450		
71.460	304.380	111.150	99.180	514.710	71.460	49.220	29.960	144.450	223.630	71.460		
71.470	273.600	111.150	104.310	489.060	71.470	56.710	34.240	166.920	257.870	71.470		
71.480	244.530	109.440	109.440	463.410	71.480	64.200	39.590	187.250	291.040	71.480		
71.490	212.040	104.310	109.440	425.790	71.490	74.900	47.080	206.510	328.490	71.490		
71.500	181.260	100.890	114.570	396.720	71.500	82.390	52.430	221.490	356.310	71.500		
71.510	147.060	97.470	116.280	360.810	71.510	89.880	59.920	236.470	386.270	71.510		
71.520	116.280	88.920	121.410	326.610	71.520	97.370	67.410	251.450	416.230	71.520		
71.530	87.210	82.110	127.500	296.820	71.530	107.000	74.900	267.500	449.400	71.530		
71.540	62.220	74.970	127.500	264.690	71.540	114.660	82.320	279.300	476.280	71.540		
71.550	47.430	64.770	127.500	239.700	71.550	122.010	91.140	291.060	504.210	71.550		
71.560	42.330	57.120	122.400	221.850	71.560	129.360	94.080	299.880	523.320	71.560		
71.570	34.680	49.980	117.300	201.960	71.570	136.710	101.430	311.640	549.780	71.570		
71.580	32.130	42.330	107.100	181.560	71.580	141.120	107.310	321.930	570.360	71.580		
71.590	27.030	34.680	94.860	156.570	71.590	147.000	114.660	332.220	593.880	71.590		
71.600	22.440	29.580	82.110	134.130	71.600	151.410	119.070	339.570	610.050	71.600		
71.610	17.340	24.990	67.320	109.650	71.610	157.290	124.950	346.920	629.160	71.610		
71.620	14.790	19.890	52.020	86.700	71.620	161.700	129.360	354.270	645.330	71.620		
71.630	14.790	17.340	39.780	71.910	71.630	166.110	133.770	358.680	658.560	71.630		
71.640	14.790	12.240	27.030	54.060	71.640	169.050	136.710	364.560	670.320	71.640		
71.650	12.240	9.690	19.890	41.820	71.650	171.990	139.650	367.500	679.140	71.650		
71.660	12.240	7.140	14.790	34.170	71.660	174.930	144.060	367.500	686.490	71.660		
71.670	12.240	4.590	9.690	26.520	71.670	176.400	144.060	367.500	687.960	71.670		
71.680	9.960	4.980	9.960	24.900	71.680	179.340	147.000	367.500	693.840	71.680		
71.690	9.960	4.980	9.960	24.900	71.690	179.800	146.450	362.500	688.750	71.690		
71.700	9.960	4.980	9.960	24.900	71.700	179.800	145.000	356.700	681.500	71.700		
71.710	7.500	4.980	7.500	19.980	71.710	179.800	145.000	353.800	678.600	71.710		
71.720	9.960	4.980	7.500	22.440	71.720	179.800	145.000	346.550	671.350	71.720		
71.730	7.500	4.980	7.500	19.980	71.730	179.800	142.100	339.300	661.200	71.730		
71.740	7.500	2.460	4.980	14.940	71.740	181.250	139.200	332.050	652.500	71.740		
71.750	7.500	2.460	2.460	12.420	71.750	181.250	139.200	324.800	645.250	71.750		
71.760	7.500	2.460	4.980	14.940	71.760	181.250	136.300	316.100	633.650	71.760		
71.770	7.500	2.460	2.460	12.420	71.770	181.250	136.300	307.400	624.950	71.770		
71.780	4.980	0.000	4.980	9.960	71.780	181.250	134.850	298.700	614.800	71.780		
71.790	4.980	2.460	2.460	9.900	71.790	184.150	134.850	291.450	610.450	71.790		
71.800	4.980	0.000	2.460	7.440	71.800	184.150	131.950	284.200	600.300	71.800		
71.810	4.980	0.000	2.460	7.440	71.810	187.050	129.050	276.950	593.050	71.810		
71.820	15.000	2.460	2.460	19.920	71.820	187.050	129.050	269.700	585.800	71.820		
71.830	19.740	2.100	0.000	21.840	71.830	187.050	129.050	262.450	578.550	71.830		
71.840	24.780	2.100	0.000	26.880	71.840	187.460	126.690	257.500	571.650	71.840		
71.850	34.860	14.700	24.780	74.340	71.850	189.520	126.690	249.260	565.470	71.850		
71.860	32.340	12.180	24.780	69.300	71.860	187.460	126.690	244.110	558.260	71.860		
71.870	34.860	14.700	34.860	84.420	71.870	189.520	124.630	242.050	556.200	71.870		
71.880	42.420	19.740	39.900	102.060	71.880	187.460	121.540	236.900	545.900	71.880		
71.890	52.500	24.780	47.460	124.740	71.890	187.460	121.540	231.750	540.750	71.890		
71.900	64.680	29.820	52.500	147.000	71.900	184.370	119.480	226.600	530.450	71.900		
71.910	74.760	37.380	62.160	174.300	71.910	182.310	114.330	219.390	516.030	71.910		
71.920	82.320	42.420	69.720	194.460	71.920	179.220	112.270	214.240	505.730	71.920		
71.930	89.880	47.460	77.280	214.620	71.930	177.160	107.120	204.970	489.250	71.930		
71.940	94.920	49.980	84.840	229.740	71.940	174.070	101.970	196.730	472.770	71.940		
71.950	97.440	54.600	89.880	241.920	71.950	169.950	99.910	191.580	461.440	71.950		
71.960	102.480	54.600	92.400	249.480	71.960	166.860	96.820	184.370	448.050	71.960		
71.970	105.000	57.120	92.400	254.520	71.970	164.800	91.670	179.220	435.690	71.970		
71.980	104.400	56.880	94.320	255.600	71.980	159.650	89.610	172.010	421.270	71.980		
71.990	107.280	56.880	94.320	258.480	71.990	156.950	84.680	169.360	410.990	71.990		
72.000	109.440	56.880	92.160	258.480	72.000	151.840	82.490	164.980	399.310	72.000		
72.010	109.440	56.880	92.160	258.480	72.010	151.840	79.570	164.980	396.390	72.010		
72.020	114.480	59.760	92.160	266.400	72.020	147.460	79.570	162.060	389.090	72.020		
72.030	117.360	59.760	90.000	267.120	72.030	144.540	77.380	164.980	386.900	72.030		
72.040	122.400	59.760	90.000	272.160	72.040	142.350	74.460	164.980	381.790	72.040		
72.050	127.440	59.760	90.000	277.200	72.050	137.240	72.270	167.170	376.680	72.050		
72.060	134.640	61.920	87.120	283.680	72.060	132.130	69.350	169.360	370.840	72.060		
72.070	141.840	64.800	90.000	296.640	72.070	129.940	67.160	172.280	369.380	72.070		
72.080	149.760	61.920	87.120	298.800	72.080	127.020	67.160	174.470	368.650	72.080		
72.090	156.960	64.800	87.120	308.880	72.090	124.830	64.970	177.390	367.190	72.090		
72.100	164.880	64.800	84.960	314.640	72.100	121.910	64.970	179.580	366.460	72.100		
72.110	172.080	64.800	84.960	321.840	72.110	119.720	62.050	179.580	361.350	72.110		
72.120	180.000	66.960	84.960	331.920	72.120	116.800	62.050	182.500	361.350	72.120		
72.130	184.800	66.990	84.700	336.490	72.130	114.610	59.860	182.500	356.970	72.130		
72.140	189.420	66.990	82.390	338.800	72.140	114.750	60.000	180.000	354.750	72.140		
72.150	189.420	66.990	84.700	341.110	72.150	114.750	57.000	180.000	351.750	72.150		
72.160	189.420	64.680	82.390	336.490	72.160	112.500	57.000	177.000	346.500	72.160		
72.170	192.500	64.680	82.390	339.570	72.170	112.500	57.000	177.000	346.500	72.170		
72.180	189.420	64.680	82.390	336.490	72.180	109.500	54.750	174.750	339.000	72.180		
72.190	189.420	64.680	82.390	336.490	72.190	107.250	54.750	174.750	336.750	72.190		
72.200	189.420	66.990	82.390	338.800	72.200	107.250	52.500	172.500	332.250	72.200		
72.210	189.420	66.990	82.390	338.800	72.210	105.000	52.500	172.500	330.000	72.210		
72.220	189.420	66.990	82.390	338.800	72.220	105.000	52.500	174.750	332.250	72.220		
72.230	189.420	66.990	82.390	338.800	72.230	102.000	52.500	174.750	329.250	72.230		
72.240	189.420	66.990	82.390	338.800	72.240	99.750	52.500	177.000	329.250	72.240		
72.250	189.420	66.990	82.390	338.800	72.250	99.750	49.500	180.000	329.250	72.250		
72.260	189.420	66.990	84.700	341.110	72.260	97.500	49.500	180.000	327.000	72.260		
72.270	189.420	66.990	84.700	341.110	72.270	97.500	49.500	184.500	331.500	72.270		
72.280	190.000	66.880	82.080	338.960	72.280	94.500	49.500	187.500	331.500	72.280		
72.290	190.000	64.600	84.360	338.960	72.290	92.400	49.560	189.840	331.800	72.290		
72.300	190.000	66.880	82.080	338.960	72.300	92.400	47.040	189.840	329.280	72.300		
72.310	190.000	66.880	84.360	341.240	72.310	92.400	49.560	192.360	334.320	72.310		
72.320	186.960	64.600	84.360	335.920	72.320	89.880	49.560	194.880	334.320	72.320		
72.330	186.960	64.600	84.360	335.920	72.330	89.880	47.040	194.880	331.800	72.330		
72.340	186.960	64.600	84.360	335.920	72.340	89.880	47.040	197.400	334.320	72.340		
72.350	186.960	64.600	84.360	335.920	72.350	87.360	47.040	197.400	331.800	72.350		
72.360	186.960	64.600	82.080	333.640	72.360	87.360	44.520	199.920	331.800	72.360		
72.370	186.960	64.600	82.080	333.640	72.370	87.360	47.040	199.920	334.320	72.370		
72.380	186.960	64.600	82.080	333.640	72.380	84.840	47.040	202.440	334.320	72.380		
72.390	184.680	62.320	82.080	329.080	72.390	84.840	44.520	202.440	331.800	72.390		
72.400	184.680	62.320	82.080	329.080	72.400	82.320	44.520	204.960	331.800	72.400		
72.410	184.680	62.320	82.080	329.080	72.410	82.320	44.520	207.480	334.320	72.410		
72.420	184.680	62.320	79.800	326.800	72.420	82.320	44.520	207.480	334.320	72.420		
72.430	182.500	62.050	79.570	324.120	72.430	82.320	47.040	210.000	339.360	72.430		
72.440	182.500	62.050	82.490	327.040	72.440	81.780	44.370	212.280	338.430	72.440		
72.450	182.500	62.050	79.570	324.120	72.450	81.780	44.370	212.280	338.430	72.450		
72.460	182.500	62.050	79.570	324.120	72.460	81.780	46.980	214.890	343.650	72.460		
72.470	179.580	59.860	77.380	316.820	72.470	81.780	46.980	214.890	343.650	72.470		
72.480	179.580	62.050	82.490	324.120	72.480	81.780	46.980	217.500	346.260	72.480		
72.490	179.580	62.050	79.570	321.200	72.490	81.780	46.980	217.500	346.260	72.490		
72.500	177.390	62.050	82.490	321.930	72.500	81.780	46.980	217.500	346.260	72.500		
72.510	174.470	59.860	82.490	316.820	72.510	81.780	46.980	217.500	346.260	72.510		
72.520	177.390	62.050	82.490	321.930	72.520	81.780	46.980	217.500	346.260	72.520		
72.530	174.470	59.860	82.490	316.820	72.530	81.780	46.980	217.500	346.260	72.530		
72.540	174.470	59.860	82.490	316.820	72.540	81.780	46.980	214.890	343.650	72.540		
72.550	174.470	59.860	82.490	316.820	72.550	81.780	46.980	214.890	343.650	72.550		
72.560	174.470	62.050	84.680	321.200	72.560	84.390	49.590	214.890	348.870	72.560		
72.570	172.280	62.050	84.680	319.010	72.570	87.000	49.590	214.890	351.480	72.570		
72.580	175.000	62.300	81.900	319.200	72.580	84.390	49.590	212.280	346.260	72.580		
72.590	175.000	62.300	81.900	319.200	72.590	87.400	49.680	211.600	348.680	72.590		
72.600	175.000	62.300	84.700	322.000	72.600	87.400	49.680	211.600	348.680	72.600		
72.610	175.000	62.300	81.900	319.200	72.610	87.400	52.440	211.600	351.440	72.610		
72.620	172.200	62.300	81.900	316.400	72.620	87.400	49.680	211.600	348.680	72.620		
72.630	172.200	62.300	84.700	319.200	72.630	89.240	52.440	211.600	353.280	72.630		
72.640	172.200	62.300	84.700	319.200	72.640	89.240	52.440	209.760	351.440	72.640		
72.650	172.200	62.300	84.700	319.200	72.650	92.000	54.280	211.600	357.880	72.650		
72.660	172.200	59.500	81.900	313.600	72.660	94.760	57.040	211.600	363.400	72.660		
72.670	169.400	59.500	81.900	310.800	72.670	96.600	59.800	211.600	368.000	72.670		
72.680	167.300	59.500	81.900	308.700	72.680	99.360	61.640	211.600	372.600	72.680		
72.690	164.500	59.500	79.800	303.800	72.690	102.120	64.400	214.360	380.880	72.690		
72.700	162.400	57.400	79.800	299.600	72.700	104.880	67.160	217.120	389.160	72.700		
72.710	154.700	57.400	79.800	291.900	72.710	109.480	69.920	219.880	399.280	72.710		
72.720	149.800	54.600	77.000	281.400	72.720	115.000	74.520	224.480	414.000	72.720		
72.730	142.500	52.440	74.670	269.610	72.730	119.600	79.120	230.000	428.720	72.730		
72.740	137.370	52.440	69.540	259.350	72.740	124.450	86.460	234.490	445.400	72.740		
72.750	127.110	49.590	67.260	243.960	72.750	129.690	91.700	239.730	461.120	72.750		
72.760	119.700	47.310	62.130	229.140	72.760	134.930	94.320	244.970	474.220	72.760		
72.770	109.440	42.180	57.000	208.620	72.770	138.860	102.180	248.900	489.940	72.770		
72.780	102.030	39.900	52.440	194.370	72.780	141.480	107.420	254.140	503.040	72.780		
72.790	92.340	37.050	44.460	173.850	72.790	146.720	111.350	262.000	520.070	72.790		
72.800	82.080	32.490	39.900	154.470	72.800	149.340	116.590	269.860	535.790	72.800		
72.810	69.540	27.360	32.490	129.390	72.810	151.960	119.210	276.410	547.580	72.810		
72.820	59.850	24.510	27.360	111.720	72.820	154.580	124.450	281.650	560.680	72.820		
72.830	47.310	19.950	19.950	87.210	72.830	157.200	129.690	289.510	576.400	72.830		
72.840	37.050	19.950	17.100	74.100	72.840	159.820	132.310	297.370	589.500	72.840		
72.850	29.640	14.820	11.970	56.430	72.850	159.820	136.240	303.920	599.980	72.850		
72.860	22.230	11.970	9.690	43.890	72.860	162.440	138.860	311.780	613.080	72.860		
72.870	11.970	9.690	9.690	31.350	72.870	162.440	141.480	319.640	623.560	72.870		
72.880	7.500	7.500	7.500	22.500	72.880	162.440	144.100	327.500	634.040	72.880		
72.890	4.980	4.980	4.980	14.940	72.890	159.000	147.000	331.500	637.500	72.890		
72.900	2.490	2.490	4.980	9.960	72.900	159.000	150.000	337.500	646.500	72.900		
72.910	2.490	2.490	2.490	7.470	72.910	157.500	150.000	345.000	652.500	72.910		
72.920	0.000	2.490	0.000	2.490	72.920	154.500	150.000	346.500	651.000	72.920		
72.930	0.000	2.490	0.000	2.490	72.930	151.500	150.000	349.500	651.000	72.930		
72.940	0.000	2.490	0.000	2.490	72.940	147.000	150.000	352.500	649.500	72.940		
72.950	0.000	2.490	0.000	2.490	72.950	144.000	147.000	354.000	645.000	72.950		
72.960	0.000	0.000	0.000	0.000	72.960	139.500	147.000	357.000	643.500	72.960		
72.970	0.000	2.490	0.000	2.490	72.970	136.500	144.000	357.000	637.500	72.970		
72.980	0.000	2.490	0.000	2.490	72.980	129.000	142.500	360.000	631.500	72.980		
72.990	0.000	2.490	0.000	2.490	72.990	124.500	136.500	360.000	621.000	72.990		
73.000	0.000	2.490	0.000	2.490	73.000	117.000	135.000	364.500	616.500	73.000		
73.010	0.000	2.490	0.000	2.490	73.010	106.500	132.000	367.500	606.000	73.010		
73.020	0.000	2.490	0.000	2.490	73.020	102.000	129.000	369.000	600.000	73.020		
73.030	0.000	2.400	0.000	2.400	73.030	94.500	127.500	375.000	597.000	73.030		
73.040	0.000	2.400	0.000	2.400	73.040	91.450	124.000	376.650	592.100	73.040		
73.050	0.000	2.400	0.000	2.400	73.050	86.800	122.450	381.300	590.550	73.050		
73.060	0.000	4.950	0.000	4.950	73.060	83.700	119.350	384.400	587.450	73.060		
73.070	0.000	4.950	0.000	4.950	73.070	79.050	119.350	387.500	585.900	73.070		
73.080	0.000	2.400	0.000	2.400	73.080	77.500	116.250	387.500	581.250	73.080		
73.090	0.000	4.950	2.400	7.350	73.090	77.500	116.250	387.500	581.250	73.090		
73.100	0.000	7.500	0.000	7.500	73.100	71.300	114.700	387.500	573.500	73.100		
73.110	0.000	7.500	2.400	9.900	73.110	69.750	114.700	384.400	568.850	73.110		
73.120	0.000	9.900	7.500	17.400	73.120	66.650	108.500	379.750	554.900	73.120		
73.130	0.000	12.450	9.900	22.350	73.130	63.550	106.950	373.550	544.050	73.130		
73.140	0.000	15.000	17.400	32.400	73.140	62.000	102.300	364.250	528.550	73.140		
73.150	0.000	22.500	22.500	45.000	73.150	57.350	96.100	351.850	505.300	73.150		
73.160	7.500	32.400	24.900	64.800	73.160	54.250	94.550	336.350	485.150	73.160		
73.170	17.400	37.500	27.450	82.350	73.170	54.250	89.900	322.400	466.550	73.170		
73.180	26.880	47.040	32.480	106.400	73.180	49.600	83.700	303.800	437.100	73.180		
73.190	36.960	54.880	34.720	126.560	73.190	47.040	79.520	280.000	406.560	73.190		
73.200	51.520	64.960	36.960	153.440	73.200	44.800	71.680	256.480	372.960	73.200		
73.210	71.680	73.920	41.440	187.040	73.210	41.440	67.200	231.840	340.480	73.210		
73.220	104.160	79.520	44.800	228.480	73.220	39.200	59.360	207.200	305.760	73.220		
73.230	132.160	84.000	47.040	263.200	73.230	34.720	51.520	179.200	265.440	73.230		
73.240	154.560	87.360	51.520	293.440	73.240	29.120	44.800	154.560	228.480	73.240		
73.250	174.720	89.600	59.360	323.680	73.250	24.640	39.200	129.920	193.760	73.250		
73.260	189.280	91.840	64.960	346.080	73.260	16.800	32.480	109.760	159.040	73.260		
73.270	207.200	94.080	69.440	370.720	73.270	8.960	29.120	89.600	127.680	73.270		
73.280	221.760	97.440	73.920	393.120	73.280	6.720	24.640	73.920	105.280	73.280		
73.290	237.440	101.920	79.520	418.880	73.290	2.240	19.040	59.360	80.640	73.290		
73.300	249.760	104.160	84.000	437.920	73.300	0.000	14.560	47.040	61.600	73.300		
73.310	264.320	106.400	87.360	458.080	73.310	0.000	12.320	34.720	47.040	73.310		
73.320	280.000	112.000	91.840	483.840	73.320	0.000	8.960	24.640	33.600	73.320		
73.330	296.640	113.760	99.360	509.760	73.330	0.000	6.720	16.800	23.520	73.330		
73.340	312.480	116.640	102.240	531.360	73.340	0.000	7.480	10.000	17.480	73.340		
73.350	324.000	119.520	103.680	547.200	73.350	0.000	5.000	5.000	10.000	73.350		
73.360	334.080	122.400	109.440	565.920	73.360	0.000	7.480	5.000	12.480	73.360		
73.370	341.280	123.840	109.440	574.560	73.370	0.000	5.000	5.000	10.000	73.370		
73.380	349.920	126.720	113.760	590.400	73.380	0.000	5.000	2.480	7.480	73.380		
73.390	354.240	126.720	116.640	597.600	73.390	0.000	5.000	2.480	7.480	73.390		
73.400	357.120	126.720	116.640	600.480	73.400	0.000	5.000	2.480	7.480	73.400		
73.410	357.120	126.720	119.520	603.360	73.410	0.000	2.480	0.000	2.480	73.410		
73.420	360.000	126.720	122.400	609.120	73.420	0.000	2.480	0.000	2.480	73.420		
73.430	360.000	126.720	123.840	610.560	73.430	0.000	2.480	0.000	2.480	73.430		
73.440	360.000	126.720	126.720	613.440	73.440	0.000	2.480	0.000	2.480	73.440		
73.450	360.000	129.600	132.480	622.080	73.450	0.000	5.000	0.000	5.000	73.450		
73.460	360.000	129.600	132.480	622.080	73.460	0.000	2.480	0.000	2.480	73.460		
73.470	360.000	129.600	136.800	626.400	73.470	0.000	2.480	0.000	2.480	73.470		
73.480	360.000	132.480	136.800	629.280	73.480	0.000	2.480	0.000	2.480	73.480		
73.490	354.240	132.480	139.680	626.400	73.490	0.000	2.460	0.000	2.460	73.490		
73.500	351.360	133.920	141.120	626.400	73.500	0.000	0.000	0.000	0.000	73.500		
73.510	347.040	133.920	144.000	624.960	73.510	0.000	0.000	0.000	0.000	73.510		
73.520	344.160	133.920	149.760	627.840	73.520	0.000	0.000	0.000	0.000	73.520		
73.530	336.960	133.920	151.200	622.080	73.530	0.000	0.000	0.000	0.000	73.530		
73.540	334.080	133.920	154.080	622.080	73.540	0.000	0.000	0.000	0.000	73.540		
73.550	329.760	136.800	156.960	623.520	73.550	0.000	2.460	0.000	2.460	73.550		
73.560	326.880	136.800	159.840	623.520	73.560	0.000	0.000	0.000	0.000	73.560		
73.570	324.000	136.800	161.280	622.080	73.570	0.000	0.000	2.460	2.460	73.570		
73.580	319.680	136.800	164.160	620.640	73.580	0.000	0.000	2.460	2.460	73.580		
73.590	319.680	136.800	167.040	623.520	73.590	0.000	0.000	0.000	0.000	73.590		
73.600	316.800	139.680	169.920	626.400	73.600	0.000	0.000	2.460	2.460	73.600		
73.610	313.920	139.680	171.360	624.960	73.610	2.460	2.460	0.000	4.920	73.610		
73.620	312.480	139.680	174.240	626.400	73.620	7.500	2.460	0.000	9.960	73.620		
73.630	307.500	138.990	177.120	623.610	73.630	15.000	2.460	0.000	17.460	73.630		
73.640	301.350	138.990	177.120	617.460	73.640	32.320	4.040	2.020	38.380	73.640		
73.650	293.970	136.530	177.120	607.620	73.650	49.490	9.090	7.070	65.650	73.650		
73.660	286.590	134.070	179.580	600.240	73.660	66.660	12.120	9.090	87.870	73.660		
73.670	274.290	131.610	179.580	585.480	73.670	81.810	17.170	14.140	113.120	73.670		
73.680	261.990	129.150	179.580	570.720	73.680	96.960	24.240	17.170	138.370	73.680		
73.690	247.230	124.230	179.580	551.040	73.690	112.110	34.340	24.240	170.690	73.690		
73.700	228.780	116.850	179.580	525.210	73.700	117.160	49.490	56.560	223.210	73.700		
73.710	209.100	114.390	179.580	503.070	73.710	119.180	61.610	96.960	277.750	73.710		
73.720	184.500	107.010	179.580	471.090	73.720	122.210	74.740	127.260	324.210	73.720		
73.730	159.900	97.170	177.120	434.190	73.730	127.260	81.810	149.480	358.550	73.730		
73.740	134.070	87.330	172.200	393.600	73.740	132.310	84.840	164.630	381.780	73.740		
73.750	109.470	77.490	164.820	351.780	73.750	134.330	89.890	184.830	409.050	73.750		
73.760	82.410	63.960	154.980	301.350	73.760	137.360	94.940	204.020	436.320	73.760		
73.770	59.040	51.660	141.450	252.150	73.770	139.380	102.010	227.250	468.640	73.770		
73.780	37.230	39.780	127.500	204.510	73.780	139.380	112.110	252.500	503.990	73.780		
73.790	29.580	32.130	114.750	176.460	73.790	141.300	116.180	276.320	533.800	73.790		
73.800	22.440	24.990	99.960	147.390	73.800	141.300	122.460	299.870	563.630	73.800		
73.810	14.790	17.340	82.110	114.240	73.810	136.590	124.030	318.710	579.330	73.810		
73.820	9.690	14.790	69.870	94.350	73.820	136.590	128.740	335.980	601.310	73.820		
73.830	7.140	9.690	54.570	71.400	73.830	131.880	131.880	351.680	615.440	73.830		
73.840	4.590	7.140	39.780	51.510	73.840	128.740	133.450	367.380	629.570	73.840		
73.850	2.040	4.590	29.580	36.210	73.850	127.170	136.590	379.940	643.700	73.850		
73.860	0.000	4.590	19.890	24.480	73.860	122.460	136.590	384.650	643.700	73.860		
73.870	0.000	2.040	7.140	9.180	73.870	116.180	136.590	389.360	642.130	73.870		
73.880	0.000	2.040	0.000	2.040	73.880	114.610	136.590	392.500	643.700	73.880		
73.890	0.000	2.040	0.000	2.040	73.890	111.470	136.590	392.500	640.560	73.890		
73.900	0.000	2.040	0.000	2.040	73.900	106.760	136.590	392.500	635.850	73.900		
73.910	0.000	2.040	0.000	2.040	73.910	102.050	133.450	389.360	624.860	73.910		
73.920	0.000	2.040	0.000	2.040	73.920	98.910	133.450	386.220	618.580	73.920		
73.930	0.000	2.490	0.000	2.490	73.930	97.340	131.880	381.510	610.730	73.930		
73.940	0.000	2.490	0.000	2.490	73.940	91.840	129.560	373.920	595.320	73.940		
73.950	0.000	2.490	0.000	2.490	73.950	91.840	126.280	372.280	590.400	73.950		
73.960	0.000	4.980	0.000	4.980	73.960	86.920	126.280	367.360	580.560	73.960		
73.970	0.000	4.980	0.000	4.980	73.970	83.640	124.640	364.080	572.360	73.970		
73.980	0.000	4.980	0.000	4.980	73.980	78.720	121.360	362.440	562.520	73.980		
73.990	0.000	4.980	0.000	4.980	73.990	77.080	119.720	362.440	559.240	73.990		
74.000	0.000	4.980	0.000	4.980	74.000	68.880	114.800	364.080	547.760	74.000		
74.010	0.000	4.980	0.000	4.980	74.010	63.960	111.520	369.000	544.480	74.010		
74.020	0.000	4.980	0.000	4.980	74.020	59.040	109.880	373.920	542.840	74.020		
74.030	0.000	7.500	0.000	7.500	74.030	54.120	106.600	378.840	539.560	74.030		
74.040	0.000	4.980	0.000	4.980	74.040	52.480	101.680	383.760	537.920	74.040		
74.050	0.000	7.500	0.000	7.500	74.050	45.920	98.400	391.960	536.280	74.050		
74.060	0.000	7.500	0.000	7.500	74.060	41.000	96.760	396.880	534.640	74.060		
74.070	0.000	4.980	0.000	4.980	74.070	39.360	91.840	401.800	533.000	74.070		
74.080	0.000	4.800	0.000	4.800	74.080	36.080	88.560	410.000	534.640	74.080		
74.090	0.000	4.800	0.000	4.800	74.090	32.490	83.790	413.820	530.100	74.090		
74.100	0.000	7.200	0.000	7.200	74.100	29.070	82.080	418.950	530.100	74.100		
74.110	0.000	4.800	0.000	4.800	74.110	27.360	76.950	424.080	528.390	74.110		
74.120	0.000	4.800	0.000	4.800	74.120	23.940	71.820	427.500	523.260	74.120		
74.130	0.000	7.200	2.400	9.600	74.130	18.810	66.690	427.500	513.000	74.130		
74.140	0.000	7.200	2.400	9.600	74.140	17.100	64.980	427.500	509.580	74.140		
74.150	0.000	12.480	7.200	19.680	74.150	13.680	61.560	422.370	497.610	74.150		
74.160	0.000	14.880	12.480	27.360	74.160	13.680	59.850	413.820	487.350	74.160		
74.170	7.200	22.080	19.680	48.960	74.170	11.970	54.720	401.850	468.540	74.170		
74.180	19.680	29.760	24.960	74.400	74.180	8.550	49.590	389.880	448.020	74.180		
74.190	39.840	37.440	29.760	107.040	74.190	6.840	46.170	369.360	422.370	74.190		
74.200	64.800	44.640	34.560	144.000	74.200	6.840	44.460	348.840	400.140	74.200		
74.210	92.160	52.320	42.240	186.720	74.210	3.420	41.040	324.900	369.360	74.210		
74.220	120.000	54.720	42.240	216.960	74.220	1.710	35.910	295.830	333.450	74.220		
74.230	141.680	56.980	44.660	243.320	74.230	1.710	34.200	266.760	302.670	74.230		
74.240	158.620	58.520	46.200	263.340	74.240	0.000	29.140	235.000	264.140	74.240		
74.250	178.640	61.600	49.280	289.520	74.250	0.000	27.260	204.920	232.180	74.250		
74.260	194.040	61.600	53.900	309.540	74.260	0.000	24.440	176.720	201.160	74.260		
74.270	209.440	64.680	53.900	328.020	74.270	0.000	21.620	152.280	173.900	74.270		
74.280	226.380	64.680	53.900	344.960	74.280	0.000	16.920	124.080	141.000	74.280		
74.290	246.400	64.680	53.900	364.980	74.290	0.000	16.920	102.460	119.380	74.290		
74.300	266.420	66.220	56.980	389.620	74.300	0.000	14.100	79.900	94.000	74.300		
74.310	286.440	66.220	56.980	409.640	74.310	0.000	12.220	59.220	71.440	74.310		
74.320	304.920	66.220	56.980	428.120	74.320	0.000	9.400	42.300	51.700	74.320		
74.330	321.860	69.300	56.980	448.140	74.330	0.000	9.400	29.140	38.540	74.330		
74.340	338.800	69.300	56.980	465.080	74.340	0.000	6.580	16.920	23.500	74.340		
74.350	357.280	72.380	61.600	491.260	74.350	0.000	4.700	6.580	11.280	74.350		
74.360	371.140	73.920	64.680	509.740	74.360	0.000	4.700	0.000	4.700	74.360		
74.370	385.000	77.000	66.220	528.220	74.370	0.000	4.700	0.000	4.700	74.370		
74.380	396.720	78.300	69.600	544.620	74.380	0.000	4.700	0.000	4.700	74.380		
74.390	403.680	81.780	74.820	560.280	74.390	0.000	2.500	0.000	2.500	74.390		
74.400	414.120	81.780	76.560	572.460	74.400	0.000	2.500	0.000	2.500	74.400		
74.410	419.340	83.520	76.560	579.420	74.410	0.000	2.500	0.000	2.500	74.410		
74.420	424.560	83.520	81.780	589.860	74.420	0.000	2.500	0.000	2.500	74.420		
74.430	426.300	87.000	81.780	595.080	74.430	0.000	2.500	0.000	2.500	74.430		
74.440	429.780	87.000	83.520	600.300	74.440	0.000	2.500	0.000	2.500	74.440		
74.450	431.520	87.000	81.780	600.300	74.450	0.000	2.500	0.000	2.500	74.450		
74.460	435.000	87.000	81.780	603.780	74.460	0.000	2.500	0.000	2.500	74.460		
74.470	435.000	87.000	81.780	603.780	74.470	0.000	2.500	0.000	2.500	74.470		
74.480	431.520	83.520	76.560	591.600	74.480	0.000	2.500	0.000	2.500	74.480		
74.490	435.000	83.520	74.820	593.340	74.490	0.000	2.500	0.000	2.500	74.490		
74.500	431.520	81.780	74.820	588.120	74.500	0.000	2.500	0.000	2.500	74.500		
74.510	431.520	78.300	69.600	579.420	74.510	0.000	2.500	0.000	2.500	74.510		
74.520	429.780	78.300	69.600	577.680	74.520	0.000	2.500	0.000	2.500	74.520		
74.530	430.000	79.120	67.080	576.200	74.530	0.000	2.500	0.000	2.500	74.530		
74.540	426.560	79.120	63.640	569.320	74.540	0.000	2.500	0.000	2.500	74.540		
74.550	426.560	77.400	61.920	565.880	74.550	0.000	2.500	0.000	2.500	74.550		
74.560	426.560	79.120	61.920	567.600	74.560	0.000	2.500	0.000	2.500	74.560		
74.570	424.840	79.120	61.920	565.880	74.570	0.000	2.500	0.000	2.500	74.570		
74.580	421.400	79.120	61.920	562.440	74.580	0.000	2.500	0.000	2.500	74.580		
74.590	421.400	79.120	58.480	559.000	74.590	0.000	2.500	0.000	2.500	74.590		
74.600	421.400	80.840	58.480	560.720	74.600	0.000	2.500	0.000	2.500	74.600		
74.610	421.400	80.840	58.480	560.720	74.610	0.000	2.500	0.000	2.500	74.610		
74.620	421.400	80.840	58.480	560.720	74.620	5.000	2.500	0.000	7.500	74.620		
74.630	421.400	84.280	58.480	564.160	74.630	5.000	2.500	0.000	7.500	74.630		
74.640	421.400	84.280	58.480	564.160	74.640	5.000	2.500	0.000	7.500	74.640		
74.650	421.400	84.280	61.920	567.600	74.650	10.000	5.000	0.000	15.000	74.650		
74.660	421.400	86.000	58.480	565.880	74.660	12.500	5.000	2.500	20.000	74.660		
74.670	419.680	86.000	58.480	564.160	74.670	20.000	7.500	5.000	32.500	74.670		
74.680	415.000	86.320	61.420	562.740	74.680	25.000	10.000	7.500	42.500	74.680		
74.690	408.360	84.660	59.760	552.780	74.690	33.880	16.940	12.100	62.920	74.690		
74.700	403.380	84.660	59.760	547.800	74.700	39.930	19.360	29.040	88.330	74.700		
74.710	396.740	84.660	59.760	541.160	74.710	39.930	26.620	54.450	121.000	74.710		
74.720	386.780	81.340	59.760	527.880	74.720	42.350	29.040	73.810	145.200	74.720		
74.730	376.820	79.680	56.440	512.940	74.730	44.770	33.880	94.380	173.030	74.730		
74.740	363.540	76.360	54.780	494.680	74.740	44.770	36.300	111.320	192.390	74.740		
74.750	346.940	71.380	51.460	469.780	74.750	49.610	39.930	127.050	216.590	74.750		
74.760	327.020	66.400	49.800	443.220	74.760	49.610	42.350	139.150	231.110	74.760		
74.770	303.780	61.420	46.480	411.680	74.770	52.030	44.770	157.300	254.100	74.770		
74.780	282.200	56.440	46.480	385.120	74.780	52.030	47.190	174.240	273.460	74.780		
74.790	257.300	51.460	44.820	353.580	74.790	49.610	49.610	194.810	294.030	74.790		
74.800	227.420	46.480	41.500	315.400	74.800	47.190	49.610	214.170	310.970	74.800		
74.810	195.880	39.840	36.520	272.240	74.810	44.770	52.030	242.000	338.800	74.810		
74.820	164.340	34.860	34.860	234.060	74.820	42.350	54.450	272.250	369.050	74.820		
74.830	127.500	27.030	27.030	181.560	74.830	39.930	56.870	302.500	399.300	74.830		
74.840	92.310	22.440	27.030	141.780	74.840	38.340	59.640	338.670	436.650	74.840		
74.850	62.220	14.790	24.990	102.000	74.850	38.340	59.640	368.490	466.470	74.850		
74.860	37.230	12.240	24.990	74.460	74.860	36.210	61.770	400.440	498.420	74.860		
74.870	19.890	7.140	22.440	49.470	74.870	36.210	63.900	428.130	528.240	74.870		
74.880	12.240	4.590	17.340	34.170	74.880	36.210	66.030	453.690	555.930	74.880		
74.890	7.140	4.590	12.240	23.970	74.890	38.340	66.030	474.990	579.360	74.890		
74.900	2.040	0.000	7.140	9.180	74.900	36.210	66.030	492.030	594.270	74.900		
74.910	2.040	0.000	4.590	6.630	74.910	36.210	68.160	506.940	611.310	74.910		
74.920	0.000	0.000	0.000	0.000	74.920	36.210	68.160	515.460	619.830	74.920		
74.930	0.000	0.000	0.000	0.000	74.930	36.210	68.160	523.980	628.350	74.930		
74.940	0.000	0.000	0.000	0.000	74.940	36.210	68.160	528.240	632.610	74.940		
74.950	0.000	0.000	0.000	0.000	74.950	36.210	66.030	532.500	634.740	74.950		
74.960	0.000	0.000	0.000	0.000	74.960	36.210	66.030	528.240	630.480	74.960		
74.970	0.000	0.000	0.000	0.000	74.970	36.210	66.030	523.980	626.220	74.970		
74.980	0.000	0.000	0.000	0.000	74.980	36.210	63.900	513.330	613.440	74.980		
74.990	0.000	0.000	0.000	0.000	74.990	36.360	60.600	505.000	601.960	74.990		
75.000	0.000	0.000	0.000	0.000	75.000	34.340	60.600	490.860	585.800	75.000		
75.010	0.000	0.000	0.000	0.000	75.010	34.340	58.580	480.760	573.680	75.010		
75.020	0.000	0.000	0.000	0.000	75.020	36.360	58.580	468.640	563.580	75.020		
75.030	0.000	0.000	0.000	0.000	75.030	36.360	58.580	456.520	551.460	75.030		
75.040	0.000	0.000	0.000	0.000	75.040	38.380	58.580	444.400	541.360	75.040		
75.050	0.000	0.000	0.000	0.000	75.050	38.380	58.580	434.300	531.260	75.050		
75.060	0.000	0.000	0.000	0.000	75.060	42.420	64.640	426.220	533.280	75.060		
75.070	0.000	0.000	0.000	0.000	75.070	44.440	64.640	416.120	525.200	75.070		
75.080	0.000	0.000	0.000	0.000	75.080	48.480	68.680	408.040	525.200	75.080		
75.090	0.000	0.000	0.000	0.000	75.090	50.500	70.700	404.000	525.200	75.090		
75.100	0.000	0.000	0.000	0.000	75.100	56.560	76.760	399.960	533.280	75.100		
75.110	0.000	0.000	0.000	0.000	75.110	60.600	80.800	393.900	535.300	75.110		
75.120	0.000	0.000	0.000	0.000	75.120	68.680	86.860	385.820	541.360	75.120		
75.130	0.000	0.000	0.000	0.000	75.130	76.760	96.960	381.780	555.500	75.130		
75.140	0.000	0.000	0.000	0.000	75.140	91.140	106.020	373.860	571.020	75.140		
75.150	0.000	0.000	0.000	0.000	75.150	106.020	119.040	364.560	589.620	75.150		
75.160	0.000	0.000	0.000	0.000	75.160	120.900	128.340	351.540	600.780	75.160		
75.170	0.000	0.000	0.000	0.000	75.170	141.360	141.360	334.800	617.520	75.170		
75.180	0.000	0.000	0.000	0.000	75.180	161.820	154.380	316.200	632.400	75.180		
75.190	0.000	0.000	0.000	0.000	75.190	186.000	167.400	295.740	649.140	75.190		
75.200	0.000	0.000	0.000	0.000	75.200	213.900	176.700	273.420	664.020	75.200		
75.210	0.000	0.000	0.000	0.000	75.210	241.800	186.000	249.240	677.040	75.210		
75.220	0.000	0.000	0.000	0.000	75.220	269.700	193.440	223.200	686.340	75.220		
75.230	0.000	0.000	0.000	0.000	75.230	301.320	197.160	199.020	697.500	75.230		
75.240	0.000	0.000	0.000	0.000	75.240	334.800	197.160	171.120	703.080	75.240		
75.250	0.000	0.000	0.000	0.000	75.250	364.560	197.160	143.220	704.940	75.250		
75.260	0.000	0.000	0.000	0.000	75.260	396.180	189.720	119.040	704.940	75.260		
75.270	0.000	0.000	0.000	0.000	75.270	431.520	176.700	98.580	706.800	75.270		
75.280	4.280	0.000	0.000	4.280	75.280	465.000	161.820	81.840	708.660	75.280		
75.290	14.980	0.000	0.000	14.980	75.290	497.130	140.740	70.370	708.240	75.290		
75.300	26.750	0.000	0.000	26.750	75.300	519.830	127.120	63.560	710.510	75.300		
75.310	44.940	0.000	0.000	44.940	75.310	537.990	108.960	59.020	705.970	75.310		
75.320	62.060	0.000	0.000	62.060	75.320	551.610	95.340	54.480	701.430	75.320		
75.330	89.880	0.000	0.000	89.880	75.330	558.420	83.990	45.400	687.810	75.330		
75.340	116.630	0.000	0.000	116.630	75.340	567.500	68.100	40.860	676.460	75.340		
75.350	139.100	0.000	0.000	139.100	75.350	562.960	59.020	36.320	658.300	75.350		
75.360	154.080	2.140	0.000	156.220	75.360	556.150	49.940	31.780	637.870	75.360		
75.370	169.060	4.280	0.000	173.340	75.370	544.800	40.860	24.970	610.630	75.370		
75.380	187.250	7.490	0.000	194.740	75.380	526.640	34.050	15.890	576.580	75.380		
75.390	206.510	11.770	2.140	220.420	75.390	499.400	29.510	6.810	535.720	75.390		
75.400	232.190	22.470	11.770	266.430	75.400	460.810	20.430	2.270	483.510	75.400		
75.410	249.310	26.750	19.260	295.320	75.410	415.410	13.620	0.000	429.030	75.410		
75.420	267.500	32.100	26.750	326.350	75.420	358.660	6.810	0.000	365.470	75.420		
75.430	290.970	38.430	34.770	364.170	75.430	290.560	4.540	0.000	295.100	75.430		
75.440	309.270	43.920	38.430	391.620	75.440	212.500	0.000	0.000	212.500	75.440		
75.450	329.400	49.410	42.090	420.900	75.450	144.500	0.000	0.000	144.500	75.450		
75.460	349.530	56.730	45.750	452.010	75.460	91.800	0.000	0.000	91.800	75.460		
75.470	366.000	58.560	49.410	473.970	75.470	51.850	0.000	0.000	51.850	75.470		
75.480	386.130	64.050	51.240	501.420	75.480	27.200	0.000	0.000	27.200	75.480		
75.490	404.430	71.370	54.900	530.700	75.490	14.450	0.000	0.000	14.450	75.490		
75.500	419.070	71.370	54.900	545.340	75.500	9.350	0.000	0.000	9.350	75.500		
75.510	433.710	76.860	56.730	567.300	75.510	6.800	0.000	0.000	6.800	75.510		
75.520	444.690	82.350	58.560	585.600	75.520	6.800	0.000	0.000	6.800	75.520		
75.530	452.010	84.180	58.560	594.750	75.530	6.800	0.000	0.000	6.800	75.530		
75.540	457.500	89.670	64.050	611.220	75.540	4.250	0.000	0.000	4.250	75.540		
75.550	457.500	91.500	65.880	614.880	75.550	4.250	0.000	0.000	4.250	75.550		
75.560	457.500	96.990	69.540	624.030	75.560	1.700	0.000	0.000	1.700	75.560		
75.570	452.010	102.480	73.200	627.690	75.570	1.700	0.000	0.000	1.700	75.570		
75.580	445.000	103.240	76.540	624.780	75.580	1.700	0.000	0.000	1.700	75.580		
75.590	436.100	103.240	78.320	617.660	75.590	0.000	0.000	0.000	0.000	75.590		
75.600	423.640	106.800	81.880	612.320	75.600	0.000	0.000	0.000	0.000	75.600		
75.610	411.180	108.580	87.220	606.980	75.610	0.000	0.000	0.000	0.000	75.610		
75.620	398.720	108.580	89.000	596.300	75.620	0.000	0.000	0.000	0.000	75.620		
75.630	384.480	108.580	90.780	583.840	75.630	0.000	0.000	0.000	0.000	75.630		
75.640	368.460	108.580	96.120	573.160	75.640	0.000	0.000	0.000	0.000	75.640		
75.650	356.000	108.580	101.460	566.040	75.650	0.000	0.000	0.000	0.000	75.650		
75.660	341.760	112.140	103.240	557.140	75.660	0.000	0.000	0.000	0.000	75.660		
75.670	329.300	113.920	112.140	555.360	75.670	0.000	0.000	0.000	0.000	75.670		
75.680	313.280	117.480	119.260	550.020	75.680	0.000	0.000	0.000	0.000	75.680		
75.690	300.820	121.040	129.940	551.800	75.690	0.000	0.000	0.000	0.000	75.690		
75.700	288.360	126.380	138.840	553.580	75.700	0.000	0.000	0.000	0.000	75.700		
75.710	275.900	131.720	151.300	558.920	75.710	0.000	0.000	0.000	0.000	75.710		
75.720	267.000	138.840	161.980	567.820	75.720	0.000	0.000	0.000	0.000	75.720		
75.730	250.740	147.260	179.100	577.100	75.730	0.000	0.000	0.000	0.000	75.730		
75.740	236.810	153.230	197.010	587.050	75.740	0.000	0.000	0.000	0.000	75.740		
75.750	224.870	161.190	214.920	600.980	75.750	2.500	0.000	0.000	2.500	75.750		
75.760	210.940	171.140	236.810	618.890	75.760	2.500	0.000	0.000	2.500	75.760		
75.770	197.010	177.110	254.720	628.840	75.770	2.500	0.000	0.000	2.500	75.770		
75.780	181.090	183.080	276.610	640.780	75.780	2.500	0.000	0.000	2.500	75.780		
75.790	167.160	189.050	302.480	658.690	75.790	2.500	0.000	0.000	2.500	75.790		
75.800	151.240	193.030	324.370	668.640	75.800	2.500	0.000	0.000	2.500	75.800		
75.810	133.330	197.010	344.270	674.610	75.810	2.500	0.000	0.000	2.500	75.810		
75.820	117.410	199.000	368.150	684.560	75.820	2.500	0.000	0.000	2.500	75.820		
75.830	101.490	197.010	392.030	690.530	75.830	0.000	0.000	0.000	0.000	75.830		
75.840	81.590	197.010	419.890	698.490	75.840	0.000	0.000	0.000	0.000	75.840		
75.850	65.670	191.040	445.760	702.470	75.850	0.000	0.000	0.000	0.000	75.850		
75.860	55.720	183.080	469.640	708.440	75.860	0.000	0.000	0.000	0.000	75.860		
75.870	49.750	177.110	497.500	724.360	75.870	0.000	0.000	0.000	0.000	75.870		
75.880	42.160	163.680	520.800	726.640	75.880	0.000	0.000	2.500	2.500	75.880		
75.890	37.200	156.240	540.640	734.080	75.890	0.000	0.000	14.200	14.200	75.890		
75.900	32.240	143.840	562.960	739.040	75.900	0.000	0.000	31.240	31.240	75.900		
75.910	24.800	131.440	580.320	736.560	75.910	0.000	0.000	53.960	53.960	75.910		
75.920	17.360	119.040	595.200	731.600	75.920	0.000	0.000	83.780	83.780	75.920		
75.930	12.400	109.120	607.600	729.120	75.930	0.000	0.000	116.440	116.440	75.930		
75.940	7.440	96.720	615.040	719.200	75.940	0.000	0.000	139.160	139.160	75.940		
75.950	4.960	84.320	620.000	709.280	75.950	0.000	0.000	159.040	159.040	75.950		
75.960	0.000	74.400	612.560	686.960	75.960	1.420	0.000	178.920	180.340	75.960		
75.970	0.000	66.960	605.120	672.080	75.970	4.260	1.420	197.380	203.060	75.970		
75.980	0.000	57.040	587.760	644.800	75.980	7.100	4.260	217.260	228.620	75.980		
75.990	0.000	52.080	567.920	620.000	75.990	7.100	7.100	234.300	248.500	75.990		
76.000	0.000	47.120	543.120	590.240	76.000	11.360	9.940	259.860	281.160	76.000		
76.010	0.000	42.160	508.400	550.560	76.010	17.040	14.200	289.680	320.920	76.010		
76.020	0.000	39.680	463.760	503.440	76.020	21.300	24.140	322.340	367.780	76.020		
76.030	0.000	36.570	397.500	434.070	76.030	31.240	36.920	355.000	423.160	76.030		
76.040	0.000	34.980	332.310	367.290	76.040	44.660	46.690	379.610	470.960	76.040		
76.050	0.000	28.620	255.990	284.610	76.050	50.750	56.840	399.910	507.500	76.050		
76.060	0.000	19.080	186.030	205.110	76.060	58.870	64.960	422.240	546.070	76.060		
76.070	0.000	9.540	127.200	136.740	76.070	66.990	69.020	444.570	580.580	76.070		
76.080	0.000	1.590	79.500	81.090	76.080	69.020	77.140	460.810	606.970	76.080		
76.090	0.000	0.000	49.290	49.290	76.090	73.080	79.170	477.050	629.300	76.090		
76.100	0.000	0.000	31.800	31.800	76.100	73.080	81.200	489.230	643.510	76.100		
76.110	0.000	0.000	14.310	14.310	76.110	73.080	83.230	497.350	653.660	76.110		
76.120	0.000	0.000	9.540	9.540	76.120	79.170	87.290	503.440	669.900	76.120		
76.130	0.000	0.000	6.360	6.360	76.130	77.140	87.290	507.500	671.930	76.130		
76.140	0.000	0.000	4.770	4.770	76.140	77.140	89.320	503.440	669.900	76.140		
76.150	0.000	0.000	4.770	4.770	76.150	79.170	89.320	499.380	667.870	76.150		
76.160	0.000	0.000	4.770	4.770	76.160	81.200	89.320	489.230	659.750	76.160		
76.170	0.000	0.000	1.590	1.590	76.170	83.230	91.350	477.050	651.630	76.170		
76.180	0.000	0.000	2.500	2.500	76.180	83.230	93.380	460.810	637.420	76.180		
76.190	0.000	0.000	2.500	2.500	76.190	89.000	96.120	445.000	630.120	76.190		
76.200	0.000	0.000	2.500	2.500	76.200	90.780	96.120	427.200	614.100	76.200		
76.210	0.000	0.000	0.000	0.000	76.210	94.340	96.120	414.740	605.200	76.210		
76.220	0.000	0.000	0.000	0.000	76.220	99.680	99.680	396.940	596.300	76.220		
76.230	0.000	0.000	0.000	0.000	76.230	103.240	101.460	380.920	585.620	76.230		
76.240	0.000	0.000	0.000	0.000	76.240	108.580	103.240	366.680	578.500	76.240		
76.250	0.000	0.000	0.000	0.000	76.250	113.920	106.800	354.220	574.940	76.250		
76.260	0.000	0.000	0.000	0.000	76.260	121.040	112.140	343.540	576.720	76.260		
76.270	0.000	0.000	0.000	0.000	76.270	131.720	117.480	329.300	578.500	76.270		
76.280	0.000	0.000	0.000	0.000	76.280	142.400	121.040	316.840	580.280	76.280		
76.290	0.000	0.000	0.000	0.000	76.290	151.300	129.940	300.820	582.060	76.290		
76.300	0.000	0.000	0.000	0.000	76.300	163.760	133.500	286.580	583.840	76.300		
76.310	0.000	0.000	0.000	0.000	76.310	176.220	138.840	268.780	583.840	76.310		
76.320	0.000	0.000	0.000	0.000	76.320	192.240	145.960	250.980	589.180	76.320		
76.330	0.000	0.000	0.000	0.000	76.330	206.480	154.860	236.740	598.080	76.330		
76.340	0.000	0.000	0.000	0.000	76.340	229.690	158.330	216.310	604.330	76.340		
76.350	0.000	0.000	0.000	0.000	76.350	245.300	167.250	200.700	613.250	76.350		
76.360	0.000	0.000	0.000	0.000	76.360	265.370	171.710	182.860	619.940	76.360		
76.370	0.000	0.000	0.000	0.000	76.370	289.900	176.170	169.480	635.550	76.370		
76.380	0.000	0.000	0.000	0.000	76.380	312.200	180.630	153.870	646.700	76.380		
76.390	0.000	0.000	0.000	0.000	76.390	336.730	182.860	138.260	657.850	76.390		
76.400	0.000	0.000	0.000	0.000	76.400	359.030	187.320	124.880	671.230	76.400		
76.410	0.000	0.000	0.000	0.000	76.410	383.560	187.320	109.270	680.150	76.410		
76.420	0.000	0.000	0.000	0.000	76.420	405.860	187.320	95.890	689.070	76.420		
76.430	0.000	0.000	0.000	0.000	76.430	430.390	182.860	86.970	700.220	76.430		
76.440	0.000	0.000	0.000	0.000	76.440	457.150	178.400	75.820	711.370	76.440		
76.450	0.000	0.000	0.000	0.000	76.450	481.680	171.710	69.130	722.520	76.450		
76.460	0.000	0.000	0.000	0.000	76.460	506.210	160.560	62.440	729.210	76.460		
76.470	0.000	0.000	0.000	0.000	76.470	532.970	151.640	55.750	740.360	76.470		
76.480	0.000	0.000	0.000	0.000	76.480	557.500	138.260	49.060	744.820	76.480		
76.490	0.000	0.000	0.000	0.000	76.490	579.600	123.480	42.840	745.920	76.490		
76.500	0.000	0.000	0.000	0.000	76.500	599.760	110.880	37.800	748.440	76.500		
76.510	0.000	0.000	0.000	0.000	76.510	614.880	98.280	32.760	745.920	76.510		
76.520	0.000	0.000	0.000	0.000	76.520	622.440	88.200	30.240	740.880	76.520		
76.530	0.000	0.000	0.000	0.000	76.530	630.000	78.120	22.680	730.800	76.530		
76.540	0.000	0.000	0.000	0.000	76.540	630.000	70.560	17.640	718.200	76.540		
76.550	2.360	0.000	0.000	2.360	76.550	627.480	63.000	10.080	700.560	76.550		
76.560	34.220	0.000	0.000	34.220	76.560	614.880	55.440	5.040	675.360	76.560		
76.570	71.980	0.000	0.000	71.980	76.570	597.240	47.880	0.000	645.120	76.570		
76.580	107.380	0.000	0.000	107.380	76.580	572.040	45.360	0.000	617.400	76.580		
76.590	143.960	0.000	0.000	143.960	76.590	539.280	40.320	0.000	579.600	76.590		
76.600	189.980	0.000	0.000	189.980	76.600	493.920	40.320	0.000	534.240	76.600		
76.610	244.260	0.000	0.000	244.260	76.610	438.480	37.800	0.000	476.280	76.610		
76.620	295.000	4.720	4.720	304.440	76.620	370.440	35.280	0.000	405.720	76.620		
76.630	344.080	11.220	7.480	362.780	76.630	297.360	32.760	0.000	330.120	76.630		
76.640	374.000	18.700	11.220	403.920	76.640	210.000	26.880	0.000	236.880	76.640		
76.650	388.960	33.660	18.700	441.320	76.650	136.920	14.280	0.000	151.200	76.650		
76.660	394.570	44.880	29.920	469.370	76.660	89.880	4.200	0.000	94.080	76.660		
76.670	396.440	54.230	33.660	484.330	76.670	54.600	0.000	0.000	54.600	76.670		
76.680	405.790	63.580	46.750	516.120	76.680	34.440	0.000	0.000	34.440	76.680		
76.690	418.880	74.800	56.100	549.780	76.690	19.320	0.000	0.000	19.320	76.690		
76.700	431.970	82.280	67.320	581.570	76.700	14.280	0.000	0.000	14.280	76.700		
76.710	439.450	86.020	74.800	600.270	76.710	11.760	0.000	0.000	11.760	76.710		
76.720	448.800	93.500	84.150	626.450	76.720	6.720	0.000	0.000	6.720	76.720		
76.730	456.280	100.980	91.630	648.890	76.730	6.720	0.000	0.000	6.720	76.730		
76.740	461.890	108.460	100.980	671.330	76.740	6.720	0.000	0.000	6.720	76.740		
76.750	467.500	114.070	108.460	690.030	76.750	4.200	0.000	0.000	4.200	76.750		
76.760	461.890	119.680	119.680	701.250	76.760	4.200	0.000	0.000	4.200	76.760		
76.770	450.670	123.420	127.160	701.250	76.770	1.680	0.000	0.000	1.680	76.770		
76.780	435.000	127.020	133.980	696.000	76.780	1.680	0.000	0.000	1.680	76.780		
76.790	414.120	127.020	144.420	685.560	76.790	2.500	0.000	0.000	2.500	76.790		
76.800	391.500	128.760	149.640	669.900	76.800	2.500	0.000	0.000	2.500	76.800		
76.810	368.880	128.760	158.340	655.980	76.810	0.000	0.000	0.000	0.000	76.810		
76.820	346.260	128.760	167.040	642.060	76.820	0.000	0.000	0.000	0.000	76.820		
76.830	328.860	132.240	174.000	635.100	76.830	0.000	0.000	0.000	0.000	76.830		
76.840	309.720	132.240	179.220	621.180	76.840	0.000	0.000	0.000	0.000	76.840		
76.850	292.320	133.980	186.180	612.480	76.850	0.000	0.000	0.000	0.000	76.850		
76.860	276.660	133.980	196.620	607.260	76.860	0.000	0.000	0.000	0.000	76.860		
76.870	261.000	137.460	201.840	600.300	76.870	0.000	0.000	0.000	0.000	76.870		
76.880	247.080	139.200	212.280	598.560	76.880	0.000	0.000	0.000	0.000	76.880		
76.890	231.420	139.200	219.240	589.860	76.890	0.000	0.000	0.000	0.000	76.890		
76.900	219.240	140.940	229.680	589.860	76.900	0.000	0.000	0.000	0.000	76.900		
76.910	207.060	146.160	238.380	591.600	76.910	0.000	0.000	0.000	0.000	76.910		
76.920	194.880	149.640	252.300	596.820	76.920	0.000	0.000	0.000	0.000	76.920		
76.930	183.120	150.420	265.960	599.500	76.930	2.500	0.000	0.000	2.500	76.930		
76.940	172.220	156.960	281.220	610.400	76.940	2.500	0.000	0.000	2.500	76.940		
76.950	161.320	159.140	294.300	614.760	76.950	2.500	0.000	0.000	2.500	76.950		
76.960	150.420	161.320	311.740	623.480	76.960	2.500	0.000	0.000	2.500	76.960		
76.970	139.520	165.680	329.180	634.380	76.970	2.500	0.000	0.000	2.500	76.970		
76.980	128.620	167.860	348.800	645.280	76.980	2.500	0.000	0.000	2.500	76.980		
76.990	115.540	172.220	366.240	654.000	76.990	2.500	0.000	0.000	2.500	76.990		
77.000	106.820	172.220	388.040	667.080	77.000	2.500	0.000	0.000	2.500	77.000		
77.010	93.740	174.400	412.020	680.160	77.010	0.000	0.000	0.000	0.000	77.010		
77.020	80.660	174.400	431.640	686.700	77.020	2.500	0.000	0.000	2.500	77.020		
77.030	71.940	172.220	453.440	697.600	77.030	0.000	0.000	0.000	0.000	77.030		
77.040	61.040	165.680	477.420	704.140	77.040	0.000	0.000	0.000	0.000	77.040		
77.050	54.500	161.320	501.400	717.220	77.050	0.000	0.000	0.000	0.000	77.050		
77.060	45.780	154.780	523.200	723.760	77.060	0.000	0.000	0.000	0.000	77.060		
77.070	43.600	146.060	545.000	734.660	77.070	0.000	0.000	0.000	0.000	77.070		
77.080	36.260	137.270	567.210	740.740	77.080	0.000	0.000	0.000	0.000	77.080		
77.090	33.670	124.320	590.520	748.510	77.090	0.000	0.000	0.000	0.000	77.090		
77.100	28.490	113.960	608.650	751.100	77.100	0.000	0.000	11.480	11.480	77.100		
77.110	23.310	103.600	624.190	751.100	77.110	0.000	0.000	36.080	36.080	77.110		
77.120	15.540	93.240	637.140	745.920	77.120	0.000	0.000	63.960	63.960	77.120		
77.130	7.770	82.880	644.910	735.560	77.130	0.000	0.000	101.680	101.680	77.130		
77.140	5.180	69.930	647.500	722.610	77.140	0.000	0.000	141.040	141.040	77.140		
77.150	2.590	64.750	644.910	712.250	77.150	0.000	0.000	173.840	173.840	77.150		
77.160	0.000	54.390	637.140	691.530	77.160	1.640	0.000	211.560	213.200	77.160		
77.170	0.000	46.620	624.190	670.810	77.170	6.560	4.920	249.280	260.760	77.170		
77.180	0.000	38.850	598.290	637.140	77.180	9.840	6.560	283.720	300.120	77.180		
77.190	0.000	33.670	574.980	608.650	77.190	11.480	9.840	314.880	336.200	77.190		
77.200	0.000	28.490	538.720	567.210	77.200	16.400	16.400	339.480	372.280	77.200		
77.210	0.000	20.720	494.690	515.410	77.210	21.320	24.600	364.080	410.000	77.210		
77.220	0.000	15.540	440.300	455.840	77.220	26.240	34.440	387.040	447.720	77.220		
77.230	0.000	11.840	370.000	381.840	77.230	39.360	49.200	410.000	498.560	77.230		
77.240	0.000	11.840	294.520	306.360	77.240	48.500	58.200	424.860	531.560	77.240		
77.250	0.000	7.400	219.040	226.440	77.250	56.260	65.960	436.500	558.720	77.250		
77.260	0.000	1.480	152.440	153.920	77.260	64.020	73.720	448.140	585.880	77.260		
77.270	0.000	0.000	102.120	102.120	77.270	69.840	79.540	461.720	611.100	77.270		
77.280	0.000	0.000	66.600	66.600	77.280	71.780	83.420	471.420	626.620	77.280		
77.290	0.000	0.000	37.000	37.000	77.290	73.720	87.300	479.180	640.200	77.290		
77.300	0.000	0.000	23.680	23.680	77.300	75.660	89.240	485.000	649.900	77.300		
77.310	0.000	0.000	19.240	19.240	77.310	81.480	93.120	485.000	659.600	77.310		
77.320	0.000	0.000	14.800	14.800	77.320	81.480	97.000	485.000	663.480	77.320		
77.330	0.000	0.000	11.840	11.840	77.330	83.420	98.940	479.180	661.540	77.330		
77.340	0.000	0.000	8.880	8.880	77.340	89.240	100.880	469.480	659.600	77.340		
77.350	0.000	0.000	8.880	8.880	77.350	89.240	104.760	455.900	649.900	77.350		
77.360	0.000	0.000	8.880	8.880	77.360	93.120	104.760	442.320	640.200	77.360		
77.370	0.000	0.000	8.880	8.880	77.370	97.000	104.760	426.800	628.560	77.370		
77.380	0.000	0.000	7.500	7.500	77.380	100.880	106.700	409.340	616.920	77.380		
77.390	0.000	0.000	4.980	4.980	77.390	108.500	108.500	387.500	604.500	77.390		
77.400	0.000	0.000	4.980	4.980	77.400	116.250	111.600	364.250	592.100	77.400		
77.410	0.000	0.000	4.980	4.980	77.410	127.100	114.700	348.750	590.550	77.410		
77.420	0.000	0.000	2.490	2.490	77.420	136.400	119.350	331.700	587.450	77.420		
77.430	0.000	0.000	2.490	2.490	77.430	147.250	122.450	316.200	585.900	77.430		
77.440	0.000	0.000	2.490	2.490	77.440	156.550	127.100	302.250	585.900	77.440		
77.450	0.000	0.000	2.490	2.490	77.450	168.950	128.650	286.750	584.350	77.450		
77.460	0.000	0.000	0.000	0.000	77.460	179.800	134.850	274.350	589.000	77.460		
77.470	0.000	0.000	2.490	2.490	77.470	189.100	139.500	261.950	590.550	77.470		
77.480	0.000	0.000	0.000	0.000	77.480	201.500	144.150	251.100	596.750	77.480		
77.490	0.000	0.000	0.000	0.000	77.490	213.900	148.800	241.800	604.500	77.490		
77.500	0.000	0.000	0.000	0.000	77.500	229.400	156.550	229.400	615.350	77.500		
77.510	0.000	0.000	0.000	0.000	77.510	244.900	161.200	217.000	623.100	77.510		
77.520	0.000	0.000	0.000	0.000	77.520	258.850	167.400	204.600	630.850	77.520		
77.530	0.000	0.000	0.000	0.000	77.530	277.450	172.050	189.100	638.600	77.530		
77.540	0.000	0.000	0.000	0.000	77.540	292.740	173.740	173.740	640.220	77.540		
77.550	0.000	0.000	0.000	0.000	77.550	311.780	176.120	161.840	649.740	77.550		
77.560	0.000	0.000	0.000	0.000	77.560	328.440	176.120	149.940	654.500	77.560		
77.570	0.000	0.000	0.000	0.000	77.570	349.860	178.500	135.660	664.020	77.570		
77.580	0.000	0.000	0.000	0.000	77.580	368.900	178.500	123.760	671.160	77.580		
77.590	0.000	0.000	0.000	0.000	77.590	390.320	176.120	111.860	678.300	77.590		
77.600	0.000	0.000	0.000	0.000	77.600	411.740	173.740	102.340	687.820	77.600		
77.610	0.000	0.000	0.000	0.000	77.610	433.160	168.980	88.060	690.200	77.610		
77.620	0.000	0.000	0.000	0.000	77.620	456.960	166.600	78.540	702.100	77.620		
77.630	0.000	0.000	0.000	0.000	77.630	480.760	159.460	71.400	711.620	77.630		
77.640	0.000	0.000	0.000	0.000	77.640	506.940	149.940	64.260	721.140	77.640		
77.650	0.000	0.000	0.000	0.000	77.650	528.360	140.420	59.500	728.280	77.650		
77.660	0.000	0.000	0.000	0.000	77.660	552.160	130.900	57.120	740.180	77.660		
77.670	0.000	0.000	0.000	0.000	77.670	571.200	121.380	54.740	747.320	77.670		
77.680	0.000	0.000	0.000	0.000	77.680	595.000	109.480	45.220	749.700	77.680		
77.690	0.000	0.000	0.000	0.000	77.690	614.550	96.900	43.350	754.800	77.690		
77.700	0.000	0.000	0.000	0.000	77.700	624.750	86.700	38.250	749.700	77.700		
77.710	0.000	0.000	0.000	0.000	77.710	634.950	76.500	35.700	747.150	77.710		
77.720	6.840	0.000	0.000	6.840	77.720	637.500	66.300	30.600	734.400	77.720		
77.730	21.660	0.000	0.000	21.660	77.730	637.500	56.100	25.500	719.100	77.730		
77.740	42.180	0.000	0.000	42.180	77.740	632.400	48.450	17.850	698.700	77.740		
77.750	67.260	0.000	0.000	67.260	77.750	622.200	40.800	10.200	673.200	77.750		
77.760	96.900	0.000	0.000	96.900	77.760	609.450	33.150	7.650	650.250	77.760		
77.770	129.960	0.000	0.000	129.960	77.770	589.050	30.600	2.550	622.200	77.770		
77.780	164.160	0.000	0.000	164.160	77.780	563.550	22.950	0.000	586.500	77.780		
77.790	199.500	2.280	2.280	204.060	77.790	525.300	17.850	0.000	543.150	77.790		
77.800	231.420	6.840	6.840	245.100	77.800	484.500	12.750	0.000	497.250	77.800		
77.810	262.200	14.820	11.400	288.420	77.810	418.200	10.200	0.000	428.400	77.810		
77.820	285.000	31.920	23.940	340.860	77.820	344.250	7.650	0.000	351.900	77.820		
77.830	304.500	42.000	42.000	388.500	77.830	270.300	5.100	0.000	275.400	77.830		
77.840	315.000	49.000	54.250	418.250	77.840	190.000	2.280	0.000	192.280	77.840		
77.850	329.000	59.500	66.500	455.000	77.850	126.920	0.000	0.000	126.920	77.850		
77.860	344.750	66.500	73.500	484.750	77.860	79.800	0.000	0.000	79.800	77.860		
77.870	362.250	71.750	82.250	516.250	77.870	47.120	0.000	0.000	47.120	77.870		
77.880	379.750	78.750	87.500	546.000	77.880	24.320	0.000	0.000	24.320	77.880		
77.890	397.250	87.500	91.000	575.750	77.890	14.440	0.000	0.000	14.440	77.890		
77.900	409.500	91.000	94.500	595.000	77.900	12.160	0.000	0.000	12.160	77.900		
77.910	420.000	99.750	101.500	621.250	77.910	9.880	0.000	0.000	9.880	77.910		
77.920	428.750	106.750	106.750	642.250	77.920	9.880	0.000	0.000	9.880	77.920		
77.930	437.500	112.000	112.000	661.500	77.930	6.840	0.000	0.000	6.840	77.930		
77.940	437.500	117.250	117.250	672.000	77.940	6.840	0.000	0.000	6.840	77.940		
77.950	437.500	122.500	119.000	679.000	77.950	4.560	0.000	0.000	4.560	77.950		
77.960	428.750	126.000	124.250	679.000	77.960	4.560	0.000	0.000	4.560	77.960		
77.970	420.000	129.500	126.000	675.500	77.970	2.280	0.000	0.000	2.280	77.970		
77.980	405.000	131.220	131.220	667.440	77.980	2.280	0.000	0.000	2.280	77.980		
77.990	388.800	136.080	136.080	660.960	77.990	2.500	0.000	0.000	2.500	77.990		
78.000	370.980	139.320	140.940	651.240	78.000	2.500	0.000	0.000	2.500	78.000		
78.010	354.780	140.940	147.420	643.140	78.010	0.000	0.000	0.000	0.000	78.010		
78.020	336.960	147.420	152.280	636.660	78.020	0.000	0.000	0.000	0.000	78.020		
78.030	319.140	149.040	157.140	625.320	78.030	0.000	0.000	0.000	0.000	78.030		
78.040	301.320	152.280	162.000	615.600	78.040	0.000	0.000	0.000	0.000	78.040		
78.050	286.740	153.900	166.860	607.500	78.050	0.000	0.000	0.000	0.000	78.050		
78.060	268.920	157.140	171.720	597.780	78.060	0.000	0.000	0.000	0.000	78.060		
78.070	254.340	158.760	179.820	592.920	78.070	0.000	0.000	0.000	0.000	78.070		
78.080	241.380	163.620	184.680	589.680	78.080	0.000	0.000	0.000	0.000	78.080		
78.090	228.420	166.860	194.400	589.680	78.090	0.000	0.000	0.000	0.000	78.090		
78.100	217.080	171.720	202.500	591.300	78.100	0.000	0.000	0.000	0.000	78.100		
78.110	207.360	174.960	212.220	594.540	78.110	0.000	0.000	0.000	0.000	78.110		
78.120	196.020	179.820	221.940	597.780	78.120	0.000	0.000	0.000	0.000	78.120		
78.130	186.760	180.670	231.420	598.850	78.130	2.500	0.000	0.000	2.500	78.130		
78.140	176.610	186.760	243.600	606.970	78.140	0.000	0.000	0.000	0.000	78.140		
78.150	166.460	188.790	259.840	615.090	78.150	2.500	0.000	0.000	2.500	78.150		
78.160	156.310	190.820	274.050	621.180	78.160	2.500	0.000	0.000	2.500	78.160		
78.170	146.160	194.880	288.260	629.300	78.170	2.500	0.000	0.000	2.500	78.170		
78.180	136.010	196.910	308.560	641.480	78.180	2.500	0.000	0.000	2.500	78.180		
78.190	125.860	198.940	326.830	651.630	78.190	5.000	0.000	0.000	5.000	78.190		
78.200	115.710	198.940	343.070	657.720	78.200	2.500	0.000	0.000	2.500	78.200		
78.210	105.560	198.940	363.370	667.870	78.210	2.500	0.000	0.000	2.500	78.210		
78.220	93.380	198.940	389.760	682.080	78.220	2.500	0.000	0.000	2.500	78.220		
78.230	79.170	194.880	414.120	688.170	78.230	0.000	0.000	0.000	0.000	78.230		
78.240	69.020	188.790	438.480	696.290	78.240	2.500	0.000	0.000	2.500	78.240		
78.250	58.870	184.730	460.810	704.410	78.250	2.500	0.000	0.000	2.500	78.250		
78.260	54.810	176.610	487.200	718.620	78.260	2.500	0.000	0.000	2.500	78.260		
78.270	48.720	166.460	507.500	722.680	78.270	0.000	0.000	0.000	0.000	78.270		
78.280	45.000	157.500	535.000	737.500	78.280	0.000	0.000	0.000	0.000	78.280		
78.290	40.000	147.500	555.000	742.500	78.290	0.000	0.000	0.000	0.000	78.290		
78.300	35.000	137.500	572.500	745.000	78.300	0.000	0.000	0.000	0.000	78.300		
78.310	30.000	125.000	590.000	745.000	78.310	0.000	0.000	27.360	27.360	78.310		
78.320	25.000	112.500	605.000	742.500	78.320	0.000	0.000	54.720	54.720	78.320		
78.330	17.500	102.500	615.000	735.000	78.330	0.000	0.000	86.400	86.400	78.330		
78.340	12.500	92.500	620.000	725.000	78.340	0.000	0.000	113.760	113.760	78.340		
78.350	7.500	82.500	625.000	715.000	78.350	0.000	0.000	141.120	141.120	78.350		
78.360	5.000	72.500	622.500	700.000	78.360	0.000	0.000	169.920	169.920	78.360		
78.370	0.000	65.000	610.000	675.000	78.370	1.440	0.000	197.280	198.720	78.370		
78.380	0.000	57.500	597.500	655.000	78.380	1.440	1.440	221.760	224.640	78.380		
78.390	0.000	52.500	577.500	630.000	78.390	4.320	4.320	249.120	257.760	78.390		
78.400	0.000	47.500	552.500	600.000	78.400	8.640	7.200	276.480	292.320	78.400		
78.410	0.000	42.500	515.000	557.500	78.410	11.520	8.640	303.840	324.000	78.410		
78.420	0.000	42.500	472.500	515.000	78.420	17.280	14.400	331.200	362.880	78.420		
78.430	0.000	39.120	407.500	446.620	78.430	21.600	21.600	360.000	403.200	78.430		
78.440	0.000	39.120	330.890	370.010	78.440	26.260	34.340	391.880	452.480	78.440		
78.450	0.000	30.970	267.320	298.290	78.450	36.360	46.460	416.120	498.940	78.450		
78.460	0.000	21.190	202.120	223.310	78.460	46.460	56.560	434.300	537.320	78.460		
78.470	0.000	14.670	146.700	161.370	78.470	56.560	64.640	448.440	569.640	78.470		
78.480	0.000	6.520	99.430	105.950	78.480	60.600	68.680	466.620	595.900	78.480		
78.490	0.000	1.630	63.570	65.200	78.490	68.680	76.760	480.760	626.200	78.490		
78.500	0.000	0.000	42.380	42.380	78.500	70.700	80.800	490.860	642.360	78.500		
78.510	0.000	0.000	26.080	26.080	78.510	78.780	86.860	500.960	666.600	78.510		
78.520	0.000	0.000	19.560	19.560	78.520	80.800	90.900	505.000	676.700	78.520		
78.530	0.000	0.000	16.300	16.300	78.530	88.880	96.960	505.000	690.840	78.530		
78.540	0.000	0.000	11.410	11.410	78.540	94.940	103.020	498.940	696.900	78.540		
78.550	0.000	0.000	11.410	11.410	78.550	96.960	103.020	488.840	688.820	78.550		
78.560	0.000	0.000	9.780	9.780	78.560	101.000	109.080	478.740	688.820	78.560		
78.570	0.000	0.000	6.520	6.520	78.570	109.080	111.100	464.600	684.780	78.570		
78.580	0.000	0.000	7.500	7.500	78.580	111.100	117.160	446.420	674.680	78.580		
78.590	0.000	0.000	7.500	7.500	78.590	119.000	113.900	425.000	657.900	78.590		
78.600	0.000	0.000	4.980	4.980	78.600	127.500	119.000	406.300	652.800	78.600		
78.610	0.000	0.000	4.980	4.980	78.610	130.900	122.400	385.900	639.200	78.610		
78.620	0.000	0.000	2.490	2.490	78.620	139.400	122.400	372.300	634.100	78.620		
78.630	0.000	0.000	2.490	2.490	78.630	146.200	122.400	357.000	625.600	78.630		
78.640	0.000	0.000	2.490	2.490	78.640	154.700	124.100	341.700	620.500	78.640		
78.650	0.000	0.000	0.000	0.000	78.650	159.800	127.500	329.800	617.100	78.650		
78.660	0.000	0.000	0.000	0.000	78.660	166.600	127.500	316.200	610.300	78.660		
78.670	0.000	0.000	0.000	0.000	78.670	173.400	130.900	306.000	610.300	78.670		
78.680	0.000	0.000	0.000	0.000	78.680	178.500	130.900	297.500	606.900	78.680		
78.690	0.000	0.000	0.000	0.000	78.690	187.000	134.300	287.300	608.600	78.690		
78.700	0.000	0.000	0.000	0.000	78.700	193.800	136.000	277.100	606.900	78.700		
78.710	0.000	0.000	0.000	0.000	78.710	202.300	139.400	266.900	608.600	78.710		
78.720	0.000	0.000	0.000	0.000	78.720	212.500	141.100	256.700	610.300	78.720		
78.730	0.000	0.000	0.000	0.000	78.730	221.000	144.500	244.800	610.300	78.730		
78.740	0.000	0.000	0.000	0.000	78.740	234.000	148.200	234.000	616.200	78.740		
78.750	0.000	0.000	0.000	0.000	78.750	243.750	152.100	224.250	620.100	78.750		
78.760	0.000	0.000	0.000	0.000	78.760	257.400	154.050	214.500	625.950	78.760		
78.770	0.000	0.000	0.000	0.000	78.770	269.100	159.900	206.700	635.700	78.770		
78.780	0.000	0.000	0.000	0.000	78.780	284.700	163.800	196.950	645.450	78.780		
78.790	0.000	0.000	0.000	0.000	78.790	298.350	169.650	187.200	655.200	78.790		
78.800	0.000	0.000	0.000	0.000	78.800	315.900	171.600	177.450	664.950	78.800		
78.810	0.000	0.000	0.000	0.000	78.810	333.450	173.550	163.800	670.800	78.810		
78.820	0.000	0.000	0.000	0.000	78.820	356.850	177.450	152.100	686.400	78.820		
78.830	0.000	0.000	0.000	0.000	78.830	376.350	177.450	136.500	690.300	78.830		
78.840	0.000	0.000	0.000	0.000	78.840	399.750	177.450	120.900	698.100	78.840		
78.850	0.000	0.000	0.000	0.000	78.850	421.200	173.550	107.250	702.000	78.850		
78.860	0.000	0.000	0.000	0.000	78.860	444.600	165.750	91.650	702.000	78.860		
78.870	0.000	0.000	0.000	0.000	78.870	466.050	161.850	81.900	709.800	78.870		
78.880	0.000	0.000	0.000	0.000	78.880	487.500	152.100	72.150	711.750	78.880		
78.890	0.000	0.000	0.000	0.000	78.890	507.940	137.470	60.580	705.990	78.890		
78.900	0.000	0.000	0.000	0.000	78.900	528.910	123.490	55.920	708.320	78.900		
78.910	2.100	0.000	0.000	2.100	78.910	545.220	111.840	53.590	710.650	78.910		
78.920	7.350	0.000	0.000	7.350	78.920	561.530	97.860	48.930	708.320	78.920		
78.930	19.950	0.000	0.000	19.950	78.930	570.850	86.210	46.600	703.660	78.930		
78.940	34.650	0.000	0.000	34.650	78.940	577.840	76.890	41.940	696.670	78.940		
78.950	54.600	0.000	0.000	54.600	78.950	582.500	62.910	39.610	685.020	78.950		
78.960	84.000	0.000	0.000	84.000	78.960	577.840	55.920	34.950	668.710	78.960		
78.970	119.700	0.000	0.000	119.700	78.970	573.180	46.600	30.290	650.070	78.970		
78.980	157.500	0.000	2.100	159.600	78.980	559.200	39.610	23.300	622.110	78.980		
78.990	192.150	2.100	4.200	198.450	78.990	538.230	34.950	16.310	589.490	78.990		
79.000	221.550	7.350	7.350	236.250	79.000	517.260	27.960	9.320	554.540	79.000		
79.010	244.650	16.800	16.800	278.250	79.010	484.640	23.300	6.990	514.930	79.010		
79.020	262.500	27.300	29.400	319.200	79.020	438.040	16.310	0.000	454.350	79.020		
79.030	272.240	36.080	44.280	352.600	79.030	382.120	11.650	0.000	393.770	79.030		
79.040	282.080	41.000	54.120	377.200	79.040	307.500	7.380	0.000	314.880	79.040		
79.050	291.920	52.480	67.240	411.640	79.050	242.310	4.920	0.000	247.230	79.050		
79.060	306.680	57.400	73.800	437.880	79.060	179.580	2.460	0.000	182.040	79.060		
79.070	319.800	62.320	78.720	460.840	79.070	124.230	0.000	0.000	124.230	79.070		
79.080	331.280	67.240	86.920	485.440	79.080	79.950	0.000	0.000	79.950	79.080		
79.090	346.040	68.880	88.560	503.480	79.090	46.740	0.000	0.000	46.740	79.090		
79.100	359.160	77.080	93.480	529.720	79.100	29.520	0.000	0.000	29.520	79.100		
79.110	372.280	82.000	101.680	555.960	79.110	14.760	0.000	0.000	14.760	79.110		
79.120	383.760	88.560	106.600	578.920	79.120	12.300	0.000	0.000	12.300	79.120		
79.130	393.600	93.480	111.520	598.600	79.130	9.840	0.000	0.000	9.840	79.130		
79.140	398.520	98.400	119.720	616.640	79.140	9.840	0.000	0.000	9.840	79.140		
79.150	406.720	104.960	126.280	637.960	79.150	7.380	0.000	0.000	7.380	79.150		
79.160	410.000	106.600	131.200	647.800	79.160	7.380	0.000	0.000	7.380	79.160		
79.170	406.720	111.520	139.400	657.640	79.170	7.380	0.000	0.000	7.380	79.170		
79.180	405.000	116.640	144.180	665.820	79.180	4.920	0.000	0.000	4.920	79.180		
79.190	398.520	119.880	149.040	667.440	79.190	2.500	0.000	0.000	2.500	79.190		
79.200	392.040	121.500	153.900	667.440	79.200	2.500	0.000	0.000	2.500	79.200		
79.210	382.320	124.740	158.760	665.820	79.210	2.500	0.000	0.000	2.500	79.210		
79.220	374.220	126.360	166.860	667.440	79.220	2.500	0.000	0.000	2.500	79.220		
79.230	361.260	129.600	171.720	662.580	79.230	0.000	0.000	0.000	0.000	79.230		
79.240	351.540	131.220	176.580	659.340	79.240	0.000	0.000	0.000	0.000	79.240		
79.250	341.820	131.220	181.440	654.480	79.250	0.000	0.000	0.000	0.000	79.250		
79.260	328.860	134.460	184.680	648.000	79.260	0.000	0.000	0.000	0.000	79.260		
79.270	319.140	134.460	189.540	643.140	79.270	0.000	0.000	0.000	0.000	79.270		
79.280	311.040	136.080	191.160	638.280	79.280	0.000	0.000	0.000	0.000	79.280		
79.290	301.320	136.080	196.020	633.420	79.290	0.000	0.000	0.000	0.000	79.290		
79.300	291.600	139.320	202.500	633.420	79.300	0.000	0.000	0.000	0.000	79.300		
79.310	281.880	140.940	207.360	630.180	79.310	0.000	0.000	0.000	0.000	79.310		
79.320	272.160	144.180	213.840	630.180	79.320	0.000	0.000	0.000	0.000	79.320		
79.330	262.430	143.440	216.790	622.660	79.330	0.000	0.000	0.000	0.000	79.330		
79.340	254.280	149.960	226.570	630.810	79.340	0.000	0.000	0.000	0.000	79.340		
79.350	246.130	151.590	236.350	634.070	79.350	0.000	0.000	0.000	0.000	79.350		
79.360	239.610	154.850	244.500	638.960	79.360	0.000	0.000	0.000	0.000	79.360		
79.370	229.830	159.740	255.910	645.480	79.370	0.000	0.000	0.000	0.000	79.370		
79.380	218.420	161.370	268.950	648.740	79.380	0.000	0.000	0.000	0.000	79.380		
79.390	208.640	169.520	283.620	661.780	79.390	0.000	0.000	0.000	0.000	79.390		
79.400	197.230	174.410	301.550	673.190	79.400	0.000	0.000	0.000	0.000	79.400		
79.410	184.190	174.410	316.220	674.820	79.410	0.000	0.000	0.000	0.000	79.410		
79.420	174.410	179.300	329.260	682.970	79.420	0.000	0.000	0.000	0.000	79.420		
79.430	159.740	179.300	343.930	682.970	79.430	0.000	0.000	0.000	0.000	79.430		
79.440	146.700	180.930	361.860	689.490	79.440	0.000	0.000	0.000	0.000	79.440		
79.450	133.660	180.930	374.900	689.490	79.450	0.000	0.000	0.000	0.000	79.450		
79.460	122.250	179.300	391.200	692.750	79.460	0.000	0.000	0.000	0.000	79.460		
79.470	105.950	179.300	407.500	692.750	79.470	0.000	0.000	0.000	0.000	79.470		
79.480	90.720	174.960	425.520	691.200	79.480	0.000	0.000	0.000	0.000	79.480		
79.490	82.080	168.480	438.480	689.040	79.490	0.000	0.000	0.000	0.000	79.490		
79.500	69.120	164.160	453.600	686.880	79.500	0.000	0.000	0.000	0.000	79.500		
79.510	60.480	155.520	470.880	686.880	79.510	0.000	0.000	7.020	7.020	79.510		
79.520	56.160	149.040	483.840	689.040	79.520	0.000	0.000	19.890	19.890	79.520		
79.530	51.840	140.400	496.800	689.040	79.530	0.000	0.000	33.930	33.930	79.530		
79.540	45.360	131.760	505.440	682.560	79.540	0.000	0.000	51.480	51.480	79.540		
79.550	41.040	118.800	518.400	678.240	79.550	0.000	0.000	79.560	79.560	79.550		
79.560	38.880	108.000	529.200	676.080	79.560	0.000	0.000	114.660	114.660	79.560		
79.570	34.560	99.360	533.520	667.440	79.570	2.340	0.000	149.760	152.100	79.570		
79.580	32.400	88.560	540.000	660.960	79.580	4.680	2.340	181.350	188.370	79.580		
79.590	25.920	79.920	540.000	645.840	79.590	7.020	4.680	209.430	221.130	79.590		
79.600	19.440	69.120	535.680	624.240	79.600	9.360	7.020	236.340	252.720	79.600		
79.610	12.960	60.480	531.360	604.800	79.610	14.040	9.360	257.400	280.800	79.610		
79.620	10.800	51.840	520.560	583.200	79.620	16.380	16.380	274.950	307.710	79.620		
79.630	6.060	44.440	505.000	555.500	79.630	22.230	19.890	292.500	334.620	79.630		
79.640	4.040	36.360	484.800	525.200	79.640	29.100	29.100	312.340	370.540	79.640		
79.650	2.020	28.280	458.540	488.840	79.650	34.920	34.920	323.980	393.820	79.650		
79.660	0.000	24.240	434.300	458.540	79.660	38.800	38.800	335.620	413.220	79.660		
79.670	0.000	16.160	399.960	416.120	79.670	44.620	44.620	349.200	438.440	79.670		
79.680	0.000	12.120	361.580	373.700	79.680	46.560	46.560	360.840	453.960	79.680		
79.690	0.000	8.080	317.140	325.220	79.690	48.500	52.380	374.420	475.300	79.690		
79.700	0.000	4.040	264.620	268.660	79.700	52.380	54.320	389.940	496.640	79.700		
79.710	0.000	2.020	212.100	214.120	79.710	52.380	56.260	401.580	510.220	79.710		
79.720	0.000	0.000	155.540	155.540	79.720	52.380	62.080	417.100	531.560	79.720		
79.730	0.000	0.000	113.120	113.120	79.730	52.380	62.080	430.680	545.140	79.730		
79.740	0.000	0.000	76.760	76.760	79.740	54.320	65.960	444.260	564.540	79.740		
79.750	0.000	0.000	46.460	46.460	79.750	54.320	69.840	455.900	580.060	79.750		
79.760	2.020	0.000	34.340	36.360	79.760	54.320	71.780	465.600	591.700	79.760		
79.770	2.020	0.000	24.240	26.260	79.770	54.320	73.720	477.240	605.280	79.770		
79.780	0.000	0.000	22.500	22.500	79.780	56.260	75.660	485.000	616.920	79.780		
79.790	0.000	0.000	17.460	17.460	79.790	57.130	78.800	488.560	624.490	79.790		
79.800	0.000	0.000	14.940	14.940	79.800	57.130	78.800	488.560	624.490	79.800		
79.810	0.000	0.000	12.420	12.420	79.810	57.130	78.800	492.500	628.430	79.810		
79.820	0.000	0.000	12.420	12.420	79.820	53.190	78.800	492.500	624.490	79.820		
79.830	0.000	0.000	9.990	9.990	79.830	57.130	78.800	488.560	624.490	79.830		
79.840	0.000	0.000	9.990	9.990	79.840	53.190	78.800	486.590	618.580	79.840		
79.850	0.000	0.000	9.990	9.990	79.850	57.130	76.830	486.590	620.550	79.850		
79.860	0.000	0.000	7.470	7.470	79.860	57.130	76.830	480.680	614.640	79.860		
79.870	0.000	0.000	7.470	7.470	79.870	53.190	76.830	476.740	606.760	79.870		
79.880	0.000	0.000	4.950	4.950	79.880	53.190	74.860	470.830	598.880	79.880		
79.890	0.000	0.000	4.950	4.950	79.890	53.190	70.920	466.890	591.000	79.890		
79.900	0.000	0.000	4.950	4.950	79.900	57.130	70.920	460.980	589.030	79.900		
79.910	0.000	0.000	2.430	2.430	79.910	59.100	68.950	453.100	581.150	79.910		
79.920	0.000	0.000	4.950	4.950	79.920	59.100	68.950	451.130	579.180	79.920		
79.930	0.000	0.000	2.500	2.500	79.930	61.070	68.950	449.160	579.180	79.930		
79.940	0.000	0.000	5.000	5.000	79.940	61.710	67.320	446.930	575.960	79.940		
79.950	0.000	0.000	2.500	2.500	79.950	63.580	67.320	448.800	579.700	79.950		
79.960	0.000	0.000	2.500	2.500	79.960	63.580	67.320	448.800	579.700	79.960		
79.970	0.000	0.000	2.500	2.500	79.970	63.580	69.190	454.410	587.180	79.970		
79.980	0.000	0.000	2.500	2.500	79.980	67.320	69.190	456.280	592.790	79.980		
79.990	0.000	0.000	2.500	2.500	79.990	67.320	69.190	458.150	594.660	79.990		
80.000	0.000	0.000	2.500	2.500	80.000	67.320	71.060	461.890	600.270	80.000		
80.010	0.000	0.000	2.500	2.500	80.010	69.190	71.060	463.760	604.010	80.010		
80.020	0.000	0.000	2.500	2.500	80.020	69.190	74.800	467.500	611.490	80.020		
80.030	0.000	0.000	2.500	2.500	80.030	69.190	74.800	467.500	611.490	80.030		
80.040	0.000	0.000	2.500	2.500	80.040	71.060	76.670	467.500	615.230	80.040		
80.050	0.000	0.000	2.500	2.500	80.050	74.800	78.540	461.890	615.230	80.050		
80.060	0.000	0.000	2.500	2.500	80.060	76.670	82.280	456.280	615.230	80.060		
80.070	0.000	0.000	2.500	2.500	80.070	78.540	84.150	448.800	611.490	80.070		
80.080	0.000	0.000	1.920	1.920	80.080	84.150	86.020	439.450	609.620	80.080		
80.090	0.000	0.000	1.920	1.920	80.090	88.920	88.920	427.500	605.340	80.090		
80.100	0.000	0.000	1.920	1.920	80.100	92.340	88.920	412.110	593.370	80.100		
80.110	0.000	0.000	1.920	1.920	80.110	97.470	92.340	398.430	588.240	80.110		
80.120	0.000	0.000	1.920	1.920	80.120	100.890	94.050	384.750	579.690	80.120		
80.130	4.800	0.000	1.920	6.720	80.130	109.440	99.180	365.940	574.560	80.130		
80.140	12.480	0.000	1.920	14.400	80.140	114.570	100.890	347.130	562.590	80.140		
80.150	19.200	0.000	0.000	19.200	80.150	121.410	104.310	324.900	550.620	80.150		
80.160	31.680	0.000	0.000	31.680	80.160	129.960	104.310	300.960	535.230	80.160		
80.170	47.040	0.000	0.000	47.040	80.170	133.380	106.020	273.600	513.000	80.170		
80.180	69.120	0.000	0.000	69.120	80.180	141.930	106.020	246.240	494.190	80.180		
80.190	106.560	0.000	0.000	106.560	80.190	148.770	106.020	213.750	468.540	80.190		
80.200	151.680	1.920	0.000	153.600	80.200	159.030	104.310	179.550	442.890	80.200		
80.210	196.800	6.720	1.920	205.440	80.210	171.000	99.180	143.640	413.820	80.210		
80.220	240.000	9.600	1.920	251.520	80.220	184.680	94.050	106.020	384.750	80.220		
80.230	282.370	16.830	7.480	306.680	80.230	196.650	83.790	76.950	357.390	80.230		
80.240	314.160	24.310	11.220	349.690	80.240	207.480	72.240	59.640	339.360	80.240		
80.250	336.600	31.790	14.960	383.350	80.250	210.000	62.160	52.080	324.240	80.250		
80.260	360.910	33.660	18.700	413.270	80.260	207.480	54.600	47.040	309.120	80.260		
80.270	379.610	41.140	22.440	443.190	80.270	199.920	44.520	39.480	283.920	80.270		
80.280	394.570	44.880	26.180	465.630	80.280	187.320	36.960	34.440	258.720	80.280		
80.290	405.790	52.360	29.920	488.070	80.290	172.200	29.400	29.400	231.000	80.290		
80.300	417.010	54.230	31.790	503.030	80.300	152.040	21.840	21.840	195.720	80.300		
80.310	424.490	56.100	31.790	512.380	80.310	129.360	16.800	14.280	160.440	80.310		
80.320	431.970	59.840	33.660	525.470	80.320	102.480	11.760	6.720	120.960	80.320		
80.330	439.450	61.710	33.660	534.820	80.330	77.280	9.240	4.200	90.720	80.330		
80.340	446.930	61.710	33.660	542.300	80.340	52.080	6.720	1.680	60.480	80.340		
80.350	456.280	63.580	33.660	553.520	80.350	34.440	4.200	1.680	40.320	80.350		
80.360	461.890	63.580	37.400	562.870	80.360	19.320	4.200	1.680	25.200	80.360		
80.370	467.500	67.320	33.660	568.480	80.370	6.720	4.200	1.680	12.600	80.370		
80.380	471.900	68.250	37.050	577.200	80.380	1.680	4.200	1.680	7.560	80.380		
80.390	475.800	68.250	37.050	581.100	80.390	0.000	5.000	2.500	7.500	80.390		
80.400	481.650	72.150	37.050	590.850	80.400	0.000	2.500	2.500	5.000	80.400		
80.410	483.600	72.150	39.000	594.750	80.410	0.000	5.000	0.000	5.000	80.410		
80.420	487.500	74.100	39.000	600.600	80.420	0.000	2.500	0.000	2.500	80.420		
80.430	487.500	74.100	39.000	600.600	80.430	0.000	2.500	0.000	2.500	80.430		
80.440	487.500	72.150	39.000	598.650	80.440	0.000	2.500	0.000	2.500	80.440		
80.450	487.500	74.100	40.950	602.550	80.450	0.000	2.500	0.000	2.500	80.450		
80.460	487.500	72.150	39.000	598.650	80.460	0.000	2.500	0.000	2.500	80.460		
80.470	483.600	72.150	39.000	594.750	80.470	0.000	2.500	0.000	2.500	80.470		
80.480	481.650	68.250	39.000	588.900	80.480	0.000	2.500	0.000	2.500	80.480		
80.490	479.700	68.250	39.000	586.950	80.490	0.000	2.500	0.000	2.500	80.490		
80.500	473.850	68.250	40.950	583.050	80.500	0.000	2.500	0.000	2.500	80.500		
80.510	471.900	68.250	40.950	581.100	80.510	0.000	2.500	0.000	2.500	80.510		
80.520	466.050	72.150	44.850	583.050	80.520	0.000	2.500	0.000	2.500	80.520		
80.530	462.500	72.150	46.250	580.900	80.530	0.000	2.500	0.000	2.500	80.530		
80.540	456.950	74.000	49.950	580.900	80.540	0.000	2.500	0.000	2.500	80.540		
80.550	453.250	74.000	51.800	579.050	80.550	0.000	2.500	0.000	2.500	80.550		
80.560	449.550	75.850	51.800	577.200	80.560	0.000	2.500	0.000	2.500	80.560		
80.570	445.850	79.550	57.350	582.750	80.570	0.000	2.500	0.000	2.500	80.570		
80.580	444.000	81.400	57.350	582.750	80.580	2.500	5.000	0.000	7.500	80.580		
80.590	442.150	81.400	59.200	582.750	80.590	2.500	2.500	0.000	5.000	80.590		
80.600	442.150	83.250	59.200	584.600	80.600	2.500	5.000	2.500	10.000	80.600		
80.610	436.600	86.950	61.050	584.600	80.610	2.500	5.000	2.500	10.000	80.610		
80.620	434.750	88.800	66.600	590.150	80.620	2.500	2.500	2.500	7.500	80.620		
80.630	431.050	94.350	72.150	597.550	80.630	5.000	5.000	2.500	12.500	80.630		
80.640	427.350	99.900	79.550	606.800	80.640	2.500	2.500	0.000	5.000	80.640		
80.650	421.800	103.600	86.950	612.350	80.650	2.500	5.000	2.500	10.000	80.650		
80.660	414.400	109.150	94.350	617.900	80.660	2.500	2.500	0.000	5.000	80.660		
80.670	407.000	116.550	99.900	623.450	80.670	2.500	2.500	0.000	5.000	80.670		
80.680	397.500	124.020	111.300	632.820	80.680	0.000	2.500	0.000	2.500	80.680		
80.690	386.370	128.790	122.430	637.590	80.690	0.000	1.860	0.000	1.860	80.690		
80.700	376.830	136.740	131.970	645.540	80.700	0.000	1.860	0.000	1.860	80.700		
80.710	364.110	141.510	141.510	647.130	80.710	0.000	4.650	0.000	4.650	80.710		
80.720	351.390	146.280	154.230	651.900	80.720	0.000	1.860	1.860	3.720	80.720		
80.730	338.670	151.050	163.770	653.490	80.730	0.000	1.860	4.650	6.510	80.730		
80.740	324.360	154.230	176.490	655.080	80.740	0.000	1.860	12.090	13.950	80.740		
80.750	308.460	159.000	186.030	653.490	80.750	0.000	0.000	19.530	19.530	80.750		
80.760	290.970	159.000	198.750	648.720	80.760	0.000	0.000	34.410	34.410	80.760		
80.770	271.890	159.000	209.880	640.770	80.770	0.000	0.000	54.870	54.870	80.770		
80.780	251.220	159.000	219.420	629.640	80.780	1.860	1.860	84.630	88.350	80.780		
80.790	232.140	157.410	228.960	618.510	80.790	1.860	1.860	117.180	120.900	80.790		
80.800	209.880	151.050	238.500	599.430	80.800	4.650	4.650	146.940	156.240	80.800		
80.810	184.440	144.690	249.630	578.760	80.810	7.440	7.440	176.700	191.580	80.810		
80.820	159.000	136.740	254.400	550.140	80.820	9.300	7.440	207.390	224.130	80.820		
80.830	132.000	124.300	261.800	518.100	80.830	14.880	12.090	232.500	259.470	80.830		
80.840	110.000	114.400	267.300	491.700	80.840	16.380	14.560	262.080	293.020	80.840		
80.850	86.900	102.300	271.700	460.900	80.850	21.840	18.200	285.740	325.780	80.850		
80.860	69.300	89.100	275.000	433.400	80.860	23.660	27.300	309.400	360.360	80.860		
80.870	59.400	74.800	275.000	409.200	80.870	29.120	29.120	329.420	387.660	80.870		
80.880	55.000	64.900	269.500	389.400	80.880	30.940	34.580	343.980	409.500	80.880		
80.890	49.500	51.700	259.600	360.800	80.890	36.400	36.400	358.540	431.340	80.890		
80.900	44.000	44.000	247.500	335.500	80.900	36.400	41.860	369.460	447.720	80.900		
80.910	39.600	34.100	226.600	300.300	80.910	38.220	43.680	382.200	464.100	80.910		
80.920	37.400	27.500	204.600	269.500	80.920	41.860	47.320	394.940	484.120	80.920		
80.930	31.900	19.800	179.300	231.000	80.930	43.680	49.140	404.040	496.860	80.930		
80.940	27.500	9.900	151.800	189.200	80.940	43.680	49.140	411.320	504.140	80.940		
80.950	22.000	2.200	124.300	148.500	80.950	43.680	50.960	424.060	518.700	80.950		
80.960	16.500	2.200	99.000	117.700	80.960	47.320	50.960	431.340	529.620	80.960		
80.970	14.300	0.000	71.500	85.800	80.970	49.140	54.600	444.080	547.820	80.970		
80.980	12.400	0.000	50.000	62.400	80.980	49.140	56.420	455.000	560.560	80.980		
80.990	12.400	0.000	32.400	44.800	80.990	51.570	57.300	462.220	571.090	80.990		
81.000	12.400	0.000	17.400	29.800	81.000	51.570	59.210	466.040	576.820	81.000		
81.010	10.000	0.000	7.400	17.400	81.010	51.570	59.210	469.860	580.640	81.010		
81.020	10.000	0.000	5.000	15.000	81.020	51.570	61.120	473.680	586.370	81.020		
81.030	10.000	0.000	2.400	12.400	81.030	51.570	61.120	473.680	586.370	81.030		
81.040	10.000	0.000	2.400	12.400	81.040	51.570	59.210	477.500	588.280	81.040		
81.050	7.400	0.000	0.000	7.400	81.050	53.480	61.120	477.500	592.100	81.050		
81.060	7.400	0.000	0.000	7.400	81.060	53.480	61.120	477.500	592.100	81.060		
81.070	7.400	0.000	0.000	7.400	81.070	53.480	59.210	477.500	590.190	81.070		
81.080	7.400	0.000	0.000	7.400	81.080	53.480	59.210	473.680	586.370	81.080		
81.090	7.400	0.000	0.000	7.400	81.090	53.480	59.210	473.680	586.370	81.090		
81.100	7.400	0.000	0.000	7.400	81.100	51.570	57.300	469.860	578.730	81.100		
81.110	7.400	0.000	0.000	7.400	81.110	53.480	57.300	469.860	580.640	81.110		
81.120	7.400	0.000	0.000	7.400	81.120	53.480	57.300	464.130	574.910	81.120		
81.130	7.320	0.000	0.000	7.320	81.130	53.480	57.300	462.220	573.000	81.130		
81.140	7.320	0.000	0.000	7.320	81.140	54.600	56.420	455.000	566.020	81.140		
81.150	4.880	2.440	0.000	7.320	81.150	54.600	56.420	445.900	556.920	81.150		
81.160	7.320	0.000	0.000	7.320	81.160	56.420	56.420	442.260	555.100	81.160		
81.170	7.320	2.440	0.000	9.760	81.170	56.420	56.420	434.980	547.820	81.170		
81.180	4.880	2.440	0.000	7.320	81.180	58.240	56.420	425.880	540.540	81.180		
81.190	7.320	4.880	4.880	17.080	81.190	58.240	58.240	414.960	531.440	81.190		
81.200	7.320	4.880	7.320	19.520	81.200	61.880	56.420	398.580	516.880	81.200		
81.210	9.760	9.760	14.640	34.160	81.210	63.700	56.420	378.560	498.680	81.210		
81.220	12.200	12.200	24.400	48.800	81.220	67.340	58.240	358.540	484.120	81.220		
81.230	24.400	19.520	37.210	81.130	81.230	74.620	58.240	334.880	467.740	81.230		
81.240	52.460	21.960	46.970	121.390	81.240	78.260	58.240	298.480	434.980	81.240		
81.250	82.350	24.400	49.410	156.160	81.250	83.720	56.420	262.080	402.220	81.250		
81.260	119.560	29.890	54.900	204.350	81.260	89.180	54.600	223.860	367.640	81.260		
81.270	152.500	37.210	62.220	251.930	81.270	91.000	50.960	183.820	325.780	81.270		
81.280	179.280	44.820	69.720	293.820	81.280	94.640	49.140	143.780	287.560	81.280		
81.290	199.200	49.800	74.700	323.700	81.290	97.170	42.230	102.500	241.900	81.290		
81.300	217.460	56.440	81.340	355.240	81.300	97.170	37.310	72.160	206.640	81.300		
81.310	237.380	64.740	89.640	391.760	81.310	94.710	29.930	49.610	174.250	81.310		
81.320	257.300	71.380	94.620	423.300	81.320	87.330	27.470	39.770	154.570	81.320		
81.330	278.880	79.680	99.600	458.160	81.330	77.490	19.680	34.850	132.020	81.330		
81.340	302.120	86.320	104.580	493.020	81.340	69.700	17.220	29.930	116.850	81.340		
81.350	323.700	94.620	106.240	524.560	81.350	59.860	14.760	24.600	99.220	81.350		
81.360	343.620	99.600	109.560	552.780	81.360	47.150	12.300	19.680	79.130	81.360		
81.370	358.560	104.580	111.220	574.360	81.370	39.770	7.380	14.760	61.910	81.370		
81.380	373.500	109.560	114.540	597.600	81.380	27.470	7.380	9.840	44.690	81.380		
81.390	386.780	111.220	114.540	612.540	81.390	19.680	4.920	9.840	34.440	81.390		
81.400	396.740	114.540	111.220	622.500	81.400	9.840	4.920	7.380	22.140	81.400		
81.410	406.700	116.200	114.540	637.440	81.410	4.920	4.920	7.380	17.220	81.410		
81.420	415.000	116.200	111.220	642.420	81.420	4.920	4.920	4.920	14.760	81.420		
81.430	419.680	116.960	108.360	645.000	81.430	2.460	4.920	4.920	12.300	81.430		
81.440	424.840	113.520	106.640	645.000	81.440	2.500	5.000	5.000	12.500	81.440		
81.450	430.000	113.520	104.920	648.440	81.450	2.500	5.000	2.500	10.000	81.450		
81.460	430.000	111.800	99.760	641.560	81.460	0.000	2.500	2.500	5.000	81.460		
81.470	430.000	108.360	99.760	638.120	81.470	0.000	2.500	2.500	5.000	81.470		
81.480	426.560	108.360	96.320	631.240	81.480	0.000	2.500	2.500	5.000	81.480		
81.490	424.840	106.640	91.160	622.640	81.490	0.000	2.500	0.000	2.500	81.490		
81.500	419.680	106.640	91.160	617.480	81.500	0.000	2.500	0.000	2.500	81.500		
81.510	414.520	104.920	89.440	608.880	81.510	0.000	2.500	0.000	2.500	81.510		
81.520	405.920	104.920	89.440	600.280	81.520	0.000	2.500	0.000	2.500	81.520		
81.530	402.480	101.480	89.440	593.400	81.530	0.000	2.500	0.000	2.500	81.530		
81.540	393.880	101.480	86.000	581.360	81.540	0.000	2.500	0.000	2.500	81.540		
81.550	387.000	99.760	86.000	572.760	81.550	0.000	0.000	0.000	0.000	81.550		
81.560	381.840	99.760	86.000	567.600	81.560	0.000	0.000	0.000	0.000	81.560		
81.570	376.680	99.760	86.000	562.440	81.570	0.000	0.000	0.000	0.000	81.570		
81.580	372.500	96.850	86.420	555.770	81.580	0.000	0.000	0.000	0.000	81.580		
81.590	366.540	96.850	86.420	549.810	81.590	0.000	2.300	0.000	2.300	81.590		
81.600	363.560	96.850	84.930	545.340	81.600	0.000	2.300	0.000	2.300	81.600		
81.610	362.070	96.850	86.420	545.340	81.610	0.000	2.300	0.000	2.300	81.610		
81.620	359.090	96.850	86.420	542.360	81.620	0.000	2.300	0.000	2.300	81.620		
81.630	359.090	99.830	92.380	551.300	81.630	2.300	2.300	0.000	4.600	81.630		
81.640	356.110	96.850	92.380	545.340	81.640	17.480	4.600	4.600	26.680	81.640		
81.650	354.620	96.850	92.380	543.850	81.650	24.840	7.360	4.600	36.800	81.650		
81.660	351.640	96.850	92.380	540.870	81.660	39.560	12.420	7.360	59.340	81.660		
81.670	348.660	96.850	93.870	539.380	81.670	54.740	14.720	12.420	81.880	81.670		
81.680	344.190	96.850	93.870	534.910	81.680	67.160	19.780	12.420	99.360	81.680		
81.690	333.760	93.870	96.850	524.480	81.690	77.280	22.080	14.720	114.080	81.690		
81.700	326.310	92.380	96.850	515.540	81.700	92.460	32.200	17.480	142.140	81.700		
81.710	314.390	89.400	96.850	500.640	81.710	104.880	39.560	22.080	166.520	81.710		
81.720	299.490	84.930	93.870	478.290	81.720	115.000	57.500	44.620	217.120	81.720		
81.730	285.000	82.080	94.620	461.700	81.730	115.000	72.220	87.400	274.620	81.730		
81.740	266.760	76.380	94.620	437.760	81.740	111.740	81.540	137.410	330.690	81.740		
81.750	249.660	71.820	88.920	410.400	81.750	114.760	89.090	166.100	369.950	81.750		
81.760	229.140	67.260	86.640	383.040	81.760	111.740	89.090	191.770	392.600	81.760		
81.770	207.480	59.280	82.080	348.840	81.770	114.760	92.110	211.400	418.270	81.770		
81.780	178.980	54.720	76.380	310.080	81.780	116.270	93.620	229.520	439.410	81.780		
81.790	151.620	46.740	69.540	267.900	81.790	119.290	93.620	246.130	459.040	81.790		
81.800	121.980	39.900	64.980	226.860	81.800	122.310	96.640	261.230	480.180	81.800		
81.810	94.620	29.640	54.720	178.980	81.810	123.820	99.660	279.350	502.830	81.810		
81.820	71.820	23.940	44.460	140.220	81.820	123.820	101.170	297.470	522.460	81.820		
81.830	52.440	17.100	31.920	101.460	81.830	126.840	104.190	314.080	545.110	81.830		
81.840	39.900	9.120	21.660	70.680	81.840	129.860	107.210	332.200	569.270	81.840		
81.850	29.640	4.560	11.400	45.600	81.850	129.860	108.720	347.300	585.880	81.850		
81.860	21.660	4.560	4.560	30.780	81.860	131.370	111.740	359.380	602.490	81.860		
81.870	14.820	2.280	2.280	19.380	81.870	131.370	114.760	369.950	616.080	81.870		
81.880	10.000	0.000	0.000	10.000	81.880	134.390	114.760	377.500	626.650	81.880		
81.890	10.000	0.000	0.000	10.000	81.890	131.040	113.880	375.960	620.880	81.890		
81.900	7.480	0.000	0.000	7.480	81.900	134.160	112.320	375.960	622.440	81.900		
81.910	2.480	0.000	0.000	2.480	81.910	131.040	109.200	374.400	614.640	81.910		
81.920	0.000	0.000	0.000	0.000	81.920	134.160	109.200	371.280	614.640	81.920		
81.930	0.000	0.000	0.000	0.000	81.930	131.040	109.200	371.280	611.520	81.930		
81.940	0.000	0.000	0.000	0.000	81.940	131.040	106.080	369.720	606.840	81.940		
81.950	0.000	0.000	0.000	0.000	81.950	131.040	104.520	369.720	605.280	81.950		
81.960	0.000	0.000	0.000	0.000	81.960	129.480	104.520	369.720	603.720	81.960		
81.970	0.000	0.000	0.000	0.000	81.970	129.480	101.400	371.280	602.160	81.970		
81.980	0.000	0.000	0.000	0.000	81.980	124.800	101.400	371.280	597.480	81.980		
81.990	0.000	0.000	0.000	0.000	81.990	124.800	99.840	375.960	600.600	81.990		
82.000	0.000	0.000	0.000	0.000	82.000	118.560	96.720	379.080	594.360	82.000		
82.010	0.000	0.000	0.000	0.000	82.010	118.560	93.600	382.200	594.360	82.010		
82.020	0.000	0.000	0.000	0.000	82.020	113.880	93.600	383.760	591.240	82.020		
82.030	0.000	0.000	0.000	0.000	82.030	109.200	92.040	390.000	591.240	82.030		
82.040	0.000	0.000	0.000	0.000	82.040	103.540	88.510	392.450	584.500	82.040		
82.050	0.000	0.000	0.000	0.000	82.050	98.530	86.840	397.460	582.830	82.050		
82.060	0.000	0.000	0.000	0.000	82.060	96.860	83.500	399.130	579.490	82.060		
82.070	0.000	0.000	0.000	0.000	82.070	93.520	81.830	404.140	579.490	82.070		
82.080	0.000	0.000	0.000	0.000	82.080	88.510	78.490	407.480	574.480	82.080		
82.090	0.000	0.000	0.000	0.000	82.090	86.840	78.490	412.490	577.820	82.090		
82.100	0.000	0.000	0.000	0.000	82.100	83.500	76.820	412.490	572.810	82.100		
82.110	0.000	0.000	0.000	0.000	82.110	81.830	73.480	414.160	569.470	82.110		
82.120	0.000	0.000	4.940	4.940	82.120	76.820	71.810	414.160	562.790	82.120		
82.130	0.000	0.000	7.410	7.410	82.130	76.820	71.810	417.500	566.130	82.130		
82.140	0.000	0.000	14.820	14.820	82.140	73.480	68.470	414.160	556.110	82.140		
82.150	0.000	2.470	19.950	22.420	82.150	71.810	66.800	412.490	551.100	82.150		
82.160	4.940	4.940	24.890	34.770	82.160	68.470	63.460	404.140	536.070	82.160		
82.170	47.500	12.350	24.890	84.740	82.170	68.470	61.790	392.450	522.710	82.170		
82.180	116.760	16.680	23.630	157.070	82.180	66.800	58.450	372.410	497.660	82.180		
82.190	144.560	19.460	23.630	187.650	82.190	64.390	52.060	342.500	458.950	82.190		
82.200	151.510	19.460	26.410	197.380	82.200	61.650	49.320	316.470	427.440	82.200		
82.210	151.510	22.240	31.970	205.720	82.210	58.910	43.840	286.330	389.080	82.210		
82.220	147.340	22.240	36.140	205.720	82.220	58.910	39.730	256.190	354.830	82.220		
82.230	144.560	23.630	38.920	207.110	82.230	56.170	34.250	224.680	315.100	82.230		
82.240	144.560	23.630	41.700	209.890	82.240	54.800	28.770	191.800	275.370	82.240		
82.250	151.510	26.410	44.480	222.400	82.250	54.800	27.400	156.180	238.380	82.250		
82.260	166.800	29.190	47.260	243.250	82.260	54.800	21.920	127.410	204.130	82.260		
82.270	189.040	34.750	48.650	272.440	82.270	52.060	19.180	94.530	165.770	82.270		
82.280	214.060	38.920	51.430	304.410	82.280	49.320	13.700	64.390	127.410	82.280		
82.290	244.640	44.480	54.210	343.330	82.290	43.840	12.330	42.470	98.640	82.290		
82.300	276.610	51.430	56.990	385.030	82.300	39.730	9.590	27.400	76.720	82.300		
82.310	311.360	56.990	59.770	428.120	82.310	34.250	6.850	16.440	57.540	82.310		
82.320	347.500	63.940	61.160	472.600	82.320	24.660	4.110	9.590	38.360	82.320		
82.330	384.070	71.640	65.670	521.380	82.330	21.920	4.110	4.110	30.140	82.330		
82.340	413.920	79.600	65.670	559.190	82.340	15.000	4.980	2.460	22.440	82.340		
82.350	439.790	83.580	69.650	593.020	82.350	9.960	2.460	2.460	14.880	82.350		
82.360	455.710	85.570	69.650	610.930	82.360	4.980	2.460	0.000	7.440	82.360		
82.370	471.630	89.550	69.650	630.830	82.370	2.460	2.460	0.000	4.920	82.370		
82.380	483.570	91.540	69.650	644.760	82.380	2.460	2.460	0.000	4.920	82.380		
82.390	491.530	95.520	71.640	658.690	82.390	4.980	2.460	0.000	7.440	82.390		
82.400	497.500	95.520	73.630	666.650	82.400	2.460	2.460	0.000	4.920	82.400		
82.410	493.520	99.500	75.620	668.640	82.410	2.460	2.460	0.000	4.920	82.410		
82.420	485.560	99.500	79.600	664.660	82.420	0.000	2.460	0.000	2.460	82.420		
82.430	475.610	99.500	81.590	656.700	82.430	0.000	2.460	0.000	2.460	82.430		
82.440	461.680	99.500	83.580	644.760	82.440	2.460	2.460	0.000	4.920	82.440		
82.450	445.760	95.520	83.580	624.860	82.450	2.460	2.460	0.000	4.920	82.450		
82.460	431.830	91.540	83.580	606.950	82.460	0.000	2.460	0.000	2.460	82.460		
82.470	413.920	89.550	83.580	587.050	82.470	2.460	2.460	0.000	4.920	82.470		
82.480	397.500	89.040	87.450	573.990	82.480	0.000	2.460	0.000	2.460	82.480		
82.490	381.600	84.270	84.270	550.140	82.490	0.000	1.800	0.000	1.800	82.490		
82.500	368.880	84.270	87.450	540.600	82.500	0.000	1.800	0.000	1.800	82.500		
82.510	356.160	81.090	87.450	524.700	82.510	4.500	7.200	9.900	21.600	82.510		
82.520	349.800	81.090	87.450	518.340	82.520	9.900	11.700	24.300	45.900	82.520		
82.530	341.850	79.500	84.270	505.620	82.530	24.300	19.800	52.200	96.300	82.530		
82.540	337.080	79.500	84.270	500.850	82.540	27.000	19.800	67.500	114.300	82.540		
82.550	329.130	79.500	84.270	492.900	82.550	27.000	22.500	91.800	141.300	82.550		
82.560	319.590	76.320	81.090	477.000	82.560	32.400	27.000	122.400	181.800	82.560		
82.570	308.460	71.550	81.090	461.100	82.570	34.200	29.700	146.700	210.600	82.570		
82.580	297.330	69.960	79.500	446.790	82.580	39.600	36.900	169.200	245.700	82.580		
82.590	281.430	63.600	74.730	419.760	82.590	45.000	39.600	184.500	269.100	82.590		
82.600	267.120	58.830	71.550	397.500	82.600	52.200	45.000	199.800	297.000	82.600		
82.610	251.220	57.240	69.960	378.420	82.610	54.900	45.000	207.000	306.900	82.610		
82.620	236.910	52.470	66.780	356.160	82.620	56.700	49.500	216.900	323.100	82.620		
82.630	220.000	46.640	62.480	329.120	82.630	59.400	52.200	225.000	336.600	82.630		
82.640	206.800	44.880	59.840	311.520	82.640	62.370	57.420	234.630	354.420	82.640		
82.650	191.840	39.600	54.560	286.000	82.650	67.320	59.400	241.560	368.280	82.650		
82.660	179.520	36.960	54.560	271.040	82.660	69.300	62.370	244.530	376.200	82.660		
82.670	169.840	34.320	51.920	256.080	82.670	74.250	67.320	247.500	389.070	82.670		
82.680	156.640	34.320	51.920	242.880	82.680	77.220	69.300	247.500	394.020	82.680		
82.690	146.960	31.680	51.920	230.560	82.690	79.200	72.270	244.530	396.000	82.690		
82.700	137.280	29.920	49.280	216.480	82.700	82.170	72.270	241.560	396.000	82.700		
82.710	129.360	31.680	51.920	212.960	82.710	82.170	74.250	236.610	393.030	82.710		
82.720	124.960	31.680	51.920	208.560	82.720	84.150	74.250	231.660	390.060	82.720		
82.730	119.680	34.320	57.200	211.200	82.730	87.120	77.220	226.710	391.050	82.730		
82.740	114.400	34.320	59.840	208.560	82.740	89.100	77.220	224.730	391.050	82.740		
82.750	111.760	36.960	66.880	215.600	82.750	92.070	79.200	219.780	391.050	82.750		
82.760	110.000	39.600	69.520	219.120	82.760	92.070	79.200	214.830	386.100	82.760		
82.770	107.360	42.240	77.440	227.040	82.770	94.050	82.170	209.880	386.100	82.770		
82.780	104.500	44.550	82.500	231.550	82.780	97.020	82.170	204.930	384.120	82.780		
82.790	104.500	47.300	87.450	239.250	82.790	100.000	84.800	200.000	384.800	82.790		
82.800	102.300	49.500	92.400	244.200	82.800	102.400	84.800	194.400	381.600	82.800		
82.810	102.300	52.250	102.300	256.850	82.810	104.800	87.200	192.000	384.000	82.810		
82.820	102.300	57.200	107.250	266.750	82.820	107.200	84.800	187.200	379.200	82.820		
82.830	102.300	57.200	112.200	271.700	82.830	109.600	84.800	182.400	376.800	82.830		
82.840	104.500	62.150	117.150	283.800	82.840	112.000	84.800	176.800	373.600	82.840		
82.850	104.500	62.150	119.900	286.550	82.850	112.000	84.800	172.000	368.800	82.850		
82.860	110.000	67.100	124.850	301.950	82.860	114.400	84.800	167.200	366.400	82.860		
82.870	110.000	67.100	127.050	304.150	82.870	116.800	84.800	164.800	366.400	82.870		
82.880	112.200	69.850	129.800	311.850	82.880	116.800	82.400	160.000	359.200	82.880		
82.890	114.950	72.050	132.000	319.000	82.890	116.800	82.400	156.800	356.000	82.890		
82.900	117.150	72.050	134.750	323.950	82.900	120.000	80.000	154.400	354.400	82.900		
82.910	117.150	74.800	134.750	326.700	82.910	120.000	80.000	152.000	352.000	82.910		
82.920	119.900	77.000	137.500	334.400	82.920	120.000	76.800	149.600	346.400	82.920		
82.930	119.900	74.800	134.750	329.450	82.930	120.000	76.800	147.200	344.000	82.930		
82.940	122.100	77.000	134.750	333.850	82.940	117.160	74.820	145.000	336.980	82.940		
82.950	122.100	77.000	137.500	336.600	82.950	119.480	74.820	142.100	336.400	82.950		
82.960	124.850	77.000	134.750	336.600	82.960	119.480	74.820	142.100	336.400	82.960		
82.970	124.850	77.000	134.750	336.600	82.970	122.380	74.820	139.780	336.980	82.970		
82.980	127.050	77.000	132.000	336.050	82.980	122.380	74.820	139.780	336.980	82.980		
82.990	129.800	77.000	132.000	338.800	82.990	124.700	74.820	139.780	339.300	82.990		
83.000	132.000	77.000	129.800	338.800	83.000	124.700	77.140	137.460	339.300	83.000		
83.010	132.000	77.000	132.000	341.000	83.010	127.020	74.820	137.460	339.300	83.010		
83.020	134.750	79.750	129.800	344.300	83.020	127.020	77.140	137.460	341.620	83.020		
83.030	134.750	77.000	129.800	341.550	83.030	127.020	74.820	137.460	339.300	83.030		
83.040	134.750	79.750	132.000	346.500	83.040	129.920	77.140	142.100	349.160	83.040		
83.050	137.500	79.750	129.800	347.050	83.050	129.920	74.820	142.100	346.840	83.050		
83.060	137.500	79.750	132.000	349.250	83.060	129.920	77.140	142.100	349.160	83.060		
83.070	137.500	79.750	132.000	349.250	83.070	129.920	77.140	142.100	349.160	83.070		
83.080	137.460	79.460	134.560	351.480	83.080	129.920	77.140	139.780	346.840	83.080		
83.090	137.460	82.360	134.560	354.380	83.090	129.920	77.280	140.000	347.200	83.090		
83.100	134.560	79.460	134.560	348.580	83.100	132.160	77.280	137.200	346.640	83.100		
83.110	134.560	79.460	134.560	348.580	83.110	132.160	77.280	134.960	344.400	83.110		
83.120	132.240	79.460	137.460	349.160	83.120	132.160	77.280	134.960	344.400	83.120		
83.130	132.240	79.460	137.460	349.160	83.130	132.160	74.480	134.960	341.600	83.130		
83.140	129.920	79.460	137.460	346.840	83.140	129.920	74.480	132.160	336.560	83.140		
83.150	129.920	82.360	139.780	352.060	83.150	132.160	74.480	132.160	338.800	83.150		
83.160	127.020	82.360	142.100	351.480	83.160	129.920	74.480	129.920	334.320	83.160		
83.170	127.020	82.360	142.100	351.480	83.170	129.920	74.480	129.920	334.320	83.170		
83.180	127.020	82.360	142.100	351.480	83.180	129.920	74.480	129.920	334.320	83.180		
83.190	127.020	82.360	142.100	351.480	83.190	129.920	74.480	129.920	334.320	83.190		
83.200	127.020	82.360	142.100	351.480	83.200	129.920	72.240	129.920	332.080	83.200		
83.210	129.920	82.360	142.100	354.380	83.210	129.920	74.480	129.920	334.320	83.210		
83.220	129.920	82.360	145.000	357.280	83.220	129.920	72.240	129.920	332.080	83.220		
83.230	131.950	81.900	142.350	356.200	83.230	129.920	74.480	129.920	334.320	83.230		
83.240	131.950	84.500	142.350	358.800	83.240	130.000	72.280	127.400	329.680	83.240		
83.250	134.550	84.500	142.350	361.400	83.250	130.000	72.280	127.400	329.680	83.250		
83.260	137.150	84.500	142.350	364.000	83.260	127.400	69.680	124.800	321.880	83.260		
83.270	139.750	84.500	139.750	364.000	83.270	127.400	69.680	124.800	321.880	83.270		
83.280	142.350	84.500	139.750	366.600	83.280	124.800	69.680	122.200	316.680	83.280		
83.290	144.950	84.500	139.750	369.200	83.290	127.400	69.680	122.200	319.280	83.290		
83.300	146.900	84.500	137.150	368.550	83.300	124.800	69.680	119.600	314.080	83.300		
83.310	149.500	84.500	137.150	371.150	83.310	124.800	67.080	117.000	308.880	83.310		
83.320	152.100	84.500	137.150	373.750	83.320	124.800	67.080	117.000	308.880	83.320		
83.330	154.700	87.100	137.150	378.950	83.330	124.800	65.000	114.920	304.720	83.330		
83.340	154.700	87.100	134.550	376.350	83.340	122.200	65.000	114.920	302.120	83.340		
83.350	157.300	87.100	134.550	378.950	83.350	122.200	65.000	112.320	299.520	83.350		
83.360	159.900	89.700	137.150	386.750	83.360	122.200	62.400	112.320	296.920	83.360		
83.370	162.500	89.700	137.150	389.350	83.370	119.600	62.400	109.720	291.720	83.370		
83.380	162.500	92.300	137.150	391.950	83.380	119.600	59.800	107.120	286.520	83.380		
83.390	162.500	92.300	137.150	391.950	83.390	119.560	62.230	107.310	289.100	83.390		
83.400	162.500	92.300	139.750	394.550	83.400	119.560	59.780	104.860	284.200	83.400		
83.410	162.500	94.900	139.750	397.150	83.410	119.560	59.780	104.860	284.200	83.410		
83.420	159.900	94.900	139.750	394.550	83.420	119.560	59.780	102.410	281.750	83.420		
83.430	159.900	97.500	142.350	399.750	83.430	122.500	59.780	102.410	284.690	83.430		
83.440	159.900	97.500	142.350	399.750	83.440	122.500	59.780	102.410	284.690	83.440		
83.450	157.300	97.500	144.950	399.750	83.450	119.560	57.330	99.960	276.850	83.450		
83.460	157.300	97.500	144.950	399.750	83.460	122.500	59.780	99.960	282.240	83.460		
83.470	157.300	99.450	144.950	401.700	83.470	119.560	59.780	97.020	276.360	83.470		
83.480	157.300	99.450	146.900	403.650	83.480	122.500	57.330	94.570	274.400	83.480		
83.490	157.300	99.450	146.900	403.650	83.490	122.500	57.330	94.570	274.400	83.490		
83.500	157.300	102.050	146.900	406.250	83.500	119.560	54.880	92.120	266.560	83.500		
83.510	159.900	102.050	149.500	411.450	83.510	119.560	54.880	89.670	264.110	83.510		
83.520	159.900	104.650	149.500	414.050	83.520	119.560	54.880	89.670	264.110	83.520		
83.530	159.870	104.390	149.650	413.910	83.530	119.560	54.880	87.220	261.660	83.530		
83.540	162.060	104.390	149.650	416.100	83.540	120.000	52.320	87.360	259.680	83.540		
83.550	162.060	107.310	151.840	421.210	83.550	117.120	52.320	84.960	254.400	83.550		
83.560	164.980	109.500	149.650	424.130	83.560	117.120	52.320	82.080	251.520	83.560		
83.570	164.980	109.500	151.840	426.320	83.570	114.720	49.920	82.080	246.720	83.570		
83.580	164.980	109.500	149.650	424.130	83.580	114.720	49.920	82.080	246.720	83.580		
83.590	167.170	112.420	151.840	431.430	83.590	112.320	49.920	79.680	241.920	83.590		
83.600	167.170	112.420	151.840	431.430	83.600	112.320	47.040	77.280	236.640	83.600		
83.610	167.170	112.420	151.840	431.430	83.610	109.920	47.040	77.280	234.240	83.610		
83.620	169.360	114.610	149.650	433.620	83.620	109.920	47.040	77.280	234.240	83.620		
83.630	172.280	114.610	149.650	436.540	83.630	107.040	47.040	74.880	228.960	83.630		
83.640	174.470	116.800	149.650	440.920	83.640	107.040	44.640	77.280	228.960	83.640		
83.650	177.390	114.610	144.540	436.540	83.650	104.640	44.640	74.880	224.160	83.650		
83.660	179.580	114.610	142.350	436.540	83.660	104.640	44.640	72.480	221.760	83.660		
83.670	182.500	114.610	137.240	434.350	83.670	104.640	42.240	72.480	219.360	83.670		
83.680	184.860	114.660	134.940	434.460	83.680	104.640	42.240	72.480	219.360	83.680		
83.690	187.200	114.660	131.820	433.680	83.690	104.390	39.420	72.270	216.080	83.690		
83.700	189.540	114.660	129.480	433.680	83.700	104.390	37.230	69.350	210.970	83.700		
83.710	191.880	117.000	127.140	436.020	83.710	107.310	37.230	69.350	213.890	83.710		
83.720	191.880	117.000	124.800	433.680	83.720	109.500	37.230	69.350	216.080	83.720		
83.730	191.880	117.000	124.800	433.680	83.730	109.500	34.310	69.350	213.160	83.730		
83.740	195.000	117.000	124.800	436.800	83.740	112.420	34.310	67.160	213.890	83.740		
83.750	195.000	117.000	122.460	434.460	83.750	116.800	37.230	67.160	221.190	83.750		
83.760	191.880	114.660	122.460	429.000	83.760	121.910	37.230	67.160	226.300	83.760		
83.770	191.880	114.660	119.340	425.880	83.770	127.020	37.230	64.970	229.220	83.770		
83.780	191.880	114.660	119.340	425.880	83.780	132.130	37.230	64.970	234.330	83.780		
83.790	187.200	112.320	117.000	416.520	83.790	139.430	39.420	64.970	243.820	83.790		
83.800	187.200	109.980	112.320	409.500	83.800	147.460	42.340	64.970	254.770	83.800		
83.810	181.740	106.860	106.860	395.460	83.810	156.950	47.450	67.160	271.560	83.810		
83.820	177.060	104.520	104.520	386.100	83.820	169.360	49.640	67.160	286.160	83.820		
83.830	172.500	102.120	102.120	376.740	83.830	182.500	54.750	67.160	304.410	83.830		
83.840	164.910	99.360	94.530	358.800	83.840	193.320	59.070	66.230	318.620	83.840		
83.850	159.390	97.290	94.530	351.210	83.850	205.850	60.860	66.230	332.940	83.850		
83.860	152.490	94.530	92.460	339.480	83.860	216.590	64.440	66.230	347.260	83.860		
83.870	142.140	89.700	86.940	318.780	83.870	230.910	69.810	66.230	366.950	83.870		
83.880	134.550	84.870	82.110	301.530	83.880	247.020	73.390	66.230	386.640	83.880		
83.890	124.890	82.110	77.280	284.280	83.890	261.340	76.970	64.440	402.750	83.890		
83.900	114.540	77.280	72.450	264.270	83.900	279.240	84.130	64.440	427.810	83.900		
83.910	102.120	72.450	64.860	239.430	83.910	297.140	85.920	60.860	443.920	83.910		
83.920	89.700	64.860	62.100	216.660	83.920	316.830	91.290	60.860	468.980	83.920		
83.930	74.520	59.340	54.510	188.370	83.930	336.520	98.450	60.860	495.830	83.930		
83.940	59.340	52.440	49.680	161.460	83.940	356.210	102.030	60.860	519.100	83.940		
83.950	46.920	46.920	42.090	135.930	83.950	375.900	109.190	59.070	544.160	83.950		
83.960	34.500	39.330	34.500	108.330	83.960	399.170	114.560	59.070	572.800	83.960		
83.970	22.080	34.500	29.670	86.250	83.970	424.230	121.720	60.860	606.810	83.970		
83.980	12.480	30.000	22.440	64.920	83.980	447.500	127.090	60.860	635.450	83.980		
83.990	4.920	24.960	17.400	47.280	83.990	470.000	133.950	61.100	665.050	83.990		
84.000	0.000	19.920	12.480	32.400	84.000	488.800	141.000	58.750	688.550	84.000		
84.010	0.000	17.400	9.960	27.360	84.010	502.900	143.350	58.750	705.000	84.010		
84.020	0.000	15.000	7.440	22.440	84.020	519.350	148.050	58.750	726.150	84.020		
84.030	0.000	12.480	4.920	17.400	84.030	533.450	150.400	58.750	742.600	84.030		
84.040	0.000	12.480	4.920	17.400	84.040	545.200	157.450	58.750	761.400	84.040		
84.050	0.000	9.960	2.400	12.360	84.050	556.950	159.800	58.750	775.500	84.050		
84.060	0.000	7.440	0.000	7.440	84.060	566.350	162.150	56.400	784.900	84.060		
84.070	0.000	7.440	0.000	7.440	84.070	573.400	162.150	56.400	791.950	84.070		
84.080	0.000	7.440	0.000	7.440	84.080	578.100	162.150	54.050	794.300	84.080		
84.090	0.000	7.440	0.000	7.440	84.090	582.800	159.800	51.700	794.300	84.090		
84.100	0.000	4.920	0.000	4.920	84.100	587.500	159.800	49.350	796.650	84.100		
84.110	0.000	4.920	0.000	4.920	84.110	587.500	157.450	49.350	794.300	84.110		
84.120	0.000	4.920	0.000	4.920	84.120	587.500	150.400	44.650	782.550	84.120		
84.130	0.000	5.000	0.000	5.000	84.130	582.800	148.050	42.300	773.150	84.130		
84.140	0.000	5.000	0.000	5.000	84.140	582.500	142.130	39.610	764.240	84.140		
84.150	0.000	5.000	0.000	5.000	84.150	575.510	139.800	37.280	752.590	84.150		
84.160	0.000	2.500	0.000	2.500	84.160	573.180	137.470	34.950	745.600	84.160		
84.170	0.000	2.500	0.000	2.500	84.170	568.520	130.480	30.290	729.290	84.170		
84.180	0.000	5.000	0.000	5.000	84.180	563.860	130.480	27.960	722.300	84.180		
84.190	0.000	2.500	0.000	2.500	84.190	556.870	128.150	23.300	708.320	84.190		
84.200	0.000	2.500	0.000	2.500	84.200	552.210	128.150	20.970	701.330	84.200		
84.210	0.000	2.500	0.000	2.500	84.210	549.880	128.150	20.970	699.000	84.210		
84.220	0.000	2.500	0.000	2.500	84.220	542.890	128.150	18.640	689.680	84.220		
84.230	0.000	2.500	0.000	2.500	84.230	540.560	128.150	18.640	687.350	84.230		
84.240	0.000	2.500	0.000	2.500	84.240	535.900	130.480	18.640	685.020	84.240		
84.250	0.000	2.500	0.000	2.500	84.250	533.570	130.480	16.310	680.360	84.250		
84.260	0.000	2.500	0.000	2.500	84.260	528.910	130.480	16.310	675.700	84.260		
84.270	0.000	2.500	0.000	2.500	84.270	524.250	130.480	13.980	668.710	84.270		
84.280	0.000	1.890	0.000	1.890	84.280	517.260	130.480	13.980	661.720	84.280		
84.290	0.000	1.890	0.000	1.890	84.290	507.500	131.950	12.180	651.630	84.290		
84.300	0.000	1.890	0.000	1.890	84.300	493.290	131.950	12.180	637.420	84.300		
84.310	0.000	1.890	0.000	1.890	84.310	481.110	129.920	8.120	619.150	84.310		
84.320	0.000	1.890	0.000	1.890	84.320	468.930	129.920	8.120	606.970	84.320		
84.330	0.000	1.890	0.000	1.890	84.330	458.780	125.860	6.090	590.730	84.330		
84.340	0.000	1.890	0.000	1.890	84.340	448.630	123.830	6.090	578.550	84.340		
84.350	0.000	1.890	0.000	1.890	84.350	440.510	121.800	4.060	566.370	84.350		
84.360	4.410	1.890	0.000	6.300	84.360	434.420	119.770	2.030	556.220	84.360		
84.370	19.530	4.410	0.000	23.940	84.370	426.300	111.650	2.030	539.980	84.370		
84.380	39.690	6.930	0.000	46.620	84.380	414.120	105.560	0.000	519.680	84.380		
84.390	57.330	14.490	1.890	73.710	84.390	399.910	99.470	0.000	499.380	84.390		
84.400	79.380	14.490	1.890	95.760	84.400	379.610	91.350	0.000	470.960	84.400		
84.410	114.660	19.530	4.410	138.600	84.410	351.190	81.200	0.000	432.390	84.410		
84.420	157.500	22.050	6.930	186.480	84.420	316.680	71.050	0.000	387.730	84.420		
84.430	204.120	28.350	9.450	241.920	84.430	276.080	58.870	0.000	334.950	84.430		
84.440	238.140	32.130	11.340	281.610	84.440	232.500	49.290	0.000	281.790	84.440		
84.450	272.160	39.690	13.230	325.080	84.450	194.370	41.850	0.000	236.220	84.450		
84.460	302.400	43.470	17.010	362.880	84.460	159.960	31.620	0.000	191.580	84.460		
84.470	328.860	49.140	18.900	396.900	84.470	129.270	24.180	0.000	153.450	84.470		
84.480	353.430	56.700	24.570	434.700	84.480	104.160	14.880	0.000	119.040	84.480		
84.490	376.110	64.260	28.350	468.720	84.490	81.840	7.440	0.000	89.280	84.490		
84.500	398.790	69.930	32.130	500.850	84.500	64.170	4.650	0.000	68.820	84.500		
84.510	419.580	73.710	35.910	529.200	84.510	49.290	1.860	0.000	51.150	84.510		
84.520	436.590	79.380	39.690	555.660	84.520	34.410	0.000	0.000	34.410	84.520		
84.530	449.820	83.160	43.470	576.450	84.530	24.180	0.000	0.000	24.180	84.530		
84.540	459.270	88.830	49.140	597.240	84.540	19.530	0.000	0.000	19.530	84.540		
84.550	466.830	90.720	51.030	608.580	84.550	14.880	0.000	0.000	14.880	84.550		
84.560	468.720	96.390	56.700	621.810	84.560	9.300	0.000	0.000	9.300	84.560		
84.570	472.500	98.280	62.370	633.150	84.570	9.300	0.000	0.000	9.300	84.570		
84.580	470.000	101.520	69.560	641.080	84.580	7.440	0.000	0.000	7.440	84.580		
84.590	462.480	103.400	73.320	639.200	84.590	5.000	0.000	0.000	5.000	84.590		
84.600	454.960	107.160	78.960	641.080	84.600	5.000	0.000	0.000	5.000	84.600		
84.610	443.680	109.040	86.480	639.200	84.610	2.500	0.000	0.000	2.500	84.610		
84.620	428.640	114.680	92.120	635.440	84.620	2.500	0.000	0.000	2.500	84.620		
84.630	409.840	122.200	103.400	635.440	84.630	2.500	0.000	0.000	2.500	84.630		
84.640	387.280	131.600	118.440	637.320	84.640	2.500	0.000	0.000	2.500	84.640		
84.650	360.960	139.120	137.240	637.320	84.650	2.500	0.000	0.000	2.500	84.650		
84.660	336.520	144.760	148.520	629.800	84.660	0.000	0.000	0.000	0.000	84.660		
84.670	313.960	148.520	163.560	626.040	84.670	0.000	0.000	0.000	0.000	84.670		
84.680	285.760	152.280	178.600	616.640	84.680	0.000	0.000	0.000	0.000	84.680		
84.690	263.200	156.040	191.760	611.000	84.690	0.000	0.000	0.000	0.000	84.690		
84.700	246.280	159.800	206.800	612.880	84.700	0.000	0.000	0.000	0.000	84.700		
84.710	229.360	161.680	219.960	611.000	84.710	0.000	0.000	0.000	0.000	84.710		
84.720	214.320	163.560	231.240	609.120	84.720	0.000	0.000	0.000	0.000	84.720		
84.730	199.500	167.200	248.900	615.600	84.730	0.000	0.000	0.000	0.000	84.730		
84.740	186.200	169.100	264.100	619.400	84.740	0.000	0.000	0.000	0.000	84.740		
84.750	174.800	174.800	277.400	627.000	84.750	0.000	0.000	0.000	0.000	84.750		
84.760	161.500	174.800	288.800	625.100	84.760	0.000	0.000	0.000	0.000	84.760		
84.770	152.000	176.700	302.100	630.800	84.770	0.000	0.000	0.000	0.000	84.770		
84.780	142.500	178.600	319.200	640.300	84.780	0.000	0.000	0.000	0.000	84.780		
84.790	131.100	182.400	332.500	646.000	84.790	0.000	0.000	0.000	0.000	84.790		
84.800	121.600	184.300	349.600	655.500	84.800	0.000	0.000	0.000	0.000	84.800		
84.810	112.100	186.200	366.700	665.000	84.810	0.000	0.000	0.000	0.000	84.810		
84.820	100.700	186.200	381.900	668.800	84.820	0.000	0.000	0.000	0.000	84.820		
84.830	89.300	186.200	399.000	674.500	84.830	0.000	0.000	0.000	0.000	84.830		
84.840	81.700	184.300	416.100	682.100	84.840	0.000	0.000	0.000	0.000	84.840		
84.850	68.400	182.400	437.000	687.800	84.850	0.000	0.000	0.000	0.000	84.850		
84.860	58.900	176.700	456.000	691.600	84.860	0.000	0.000	0.000	0.000	84.860		
84.870	53.200	171.000	475.000	699.200	84.870	0.000	0.000	5.000	5.000	84.870		
84.880	49.940	161.170	494.860	705.970	84.880	0.000	0.000	12.500	12.500	84.880		
84.890	43.130	154.360	508.480	705.970	84.890	0.000	0.000	18.760	18.760	84.890		
84.900	38.590	143.010	524.370	705.970	84.900	0.000	0.000	29.480	29.480	84.900		
84.910	34.050	133.930	535.720	703.700	84.910	0.000	0.000	44.220	44.220	84.910		
84.920	31.780	120.310	549.340	701.430	84.920	0.000	1.340	61.640	62.980	84.920		
84.930	24.970	108.960	558.420	692.350	84.930	0.000	1.340	76.380	77.720	84.930		
84.940	18.160	95.340	562.960	676.460	84.940	0.000	4.020	99.160	103.180	84.940		
84.950	11.350	86.260	567.500	665.110	84.950	1.340	4.020	129.980	135.340	84.950		
84.960	9.080	77.180	567.500	653.760	84.960	4.020	9.380	162.140	175.540	84.960		
84.970	6.810	63.560	558.420	628.790	84.970	9.380	14.740	196.980	221.100	84.970		
84.980	2.270	54.480	544.800	601.550	84.980	12.060	18.760	226.460	257.280	84.980		
84.990	0.000	45.400	524.370	569.770	84.990	17.420	24.120	257.280	298.820	84.990		
85.000	0.000	38.590	501.670	540.260	85.000	18.760	32.160	278.720	329.640	85.000		
85.010	0.000	34.050	472.160	506.210	85.010	26.800	36.180	298.820	361.800	85.010		
85.020	0.000	29.510	431.300	460.810	85.020	29.480	44.220	318.920	392.620	85.020		
85.030	0.000	21.420	382.500	403.920	85.030	32.160	49.580	335.000	416.740	85.030		
85.040	0.000	13.770	327.420	341.190	85.040	33.800	54.080	346.450	434.330	85.040		
85.050	0.000	6.120	272.340	278.460	85.050	37.180	59.150	359.970	456.300	85.050		
85.060	0.000	4.590	211.140	215.730	85.060	37.180	60.840	368.420	466.440	85.060		
85.070	0.000	1.530	159.120	160.650	85.070	37.180	65.910	381.940	485.030	85.070		
85.080	0.000	0.000	111.690	111.690	85.080	38.870	69.290	393.770	501.930	85.080		
85.090	0.000	0.000	74.970	74.970	85.090	42.250	74.360	403.910	520.520	85.090		
85.100	0.000	0.000	47.430	47.430	85.100	43.940	79.430	412.360	535.730	85.100		
85.110	0.000	0.000	29.070	29.070	85.110	47.320	84.500	419.120	550.940	85.110		
85.120	0.000	0.000	16.830	16.830	85.120	52.390	89.570	422.500	564.460	85.120		
85.130	0.000	0.000	9.180	9.180	85.130	54.080	96.330	422.500	572.910	85.130		
85.140	0.000	0.000	9.180	9.180	85.140	60.840	101.400	419.120	581.360	85.140		
85.150	0.000	0.000	6.120	6.120	85.150	65.910	106.470	412.360	584.740	85.150		
85.160	0.000	0.000	4.590	4.590	85.160	74.360	114.920	403.910	593.190	85.160		
85.170	0.000	0.000	1.530	1.530	85.170	81.120	119.990	397.150	598.260	85.170		
85.180	0.000	0.000	5.000	5.000	85.180	86.190	123.370	383.630	593.190	85.180		
85.190	0.000	0.000	2.500	2.500	85.190	92.380	129.630	372.500	594.510	85.190		
85.200	0.000	0.000	2.500	2.500	85.200	99.830	134.100	356.110	590.040	85.200		
85.210	0.000	0.000	0.000	0.000	85.210	107.280	137.080	341.210	585.570	85.210		
85.220	0.000	0.000	0.000	0.000	85.220	114.730	141.550	326.310	582.590	85.220		
85.230	0.000	0.000	0.000	0.000	85.230	122.180	144.530	309.920	576.630	85.230		
85.240	0.000	0.000	0.000	0.000	85.240	129.630	146.020	293.530	569.180	85.240		
85.250	0.000	0.000	0.000	0.000	85.250	137.080	149.000	277.140	563.220	85.250		
85.260	0.000	0.000	0.000	0.000	85.260	144.530	149.000	262.240	555.770	85.260		
85.270	0.000	0.000	0.000	0.000	85.270	154.960	151.980	247.340	554.280	85.270		
85.280	0.000	0.000	0.000	0.000	85.280	162.410	154.960	233.930	551.300	85.280		
85.290	0.000	0.000	0.000	0.000	85.290	171.350	156.450	222.010	549.810	85.290		
85.300	0.000	0.000	0.000	0.000	85.300	181.780	159.430	207.110	548.320	85.300		
85.310	0.000	0.000	0.000	0.000	85.310	193.700	163.900	193.700	551.300	85.310		
85.320	0.000	0.000	0.000	0.000	85.320	208.600	166.880	178.800	554.280	85.320		
85.330	0.000	0.000	0.000	0.000	85.330	222.010	169.860	171.350	563.220	85.330		
85.340	0.000	0.000	0.000	0.000	85.340	240.750	171.000	159.750	571.500	85.340		
85.350	0.000	0.000	0.000	0.000	85.350	258.750	171.000	144.000	573.750	85.350		
85.360	0.000	0.000	0.000	0.000	85.360	279.000	175.500	137.250	591.750	85.360		
85.370	0.000	0.000	0.000	0.000	85.370	301.500	180.000	126.000	607.500	85.370		
85.380	0.000	0.000	0.000	0.000	85.380	321.750	182.250	117.000	621.000	85.380		
85.390	0.000	0.000	0.000	0.000	85.390	344.250	184.500	105.750	634.500	85.390		
85.400	0.000	0.000	0.000	0.000	85.400	366.750	186.750	94.500	648.000	85.400		
85.410	0.000	0.000	0.000	0.000	85.410	391.500	184.500	83.250	659.250	85.410		
85.420	0.000	0.000	0.000	0.000	85.420	414.000	182.250	72.000	668.250	85.420		
85.430	0.000	0.000	0.000	0.000	85.430	441.000	173.250	63.000	677.250	85.430		
85.440	0.000	0.000	0.000	0.000	85.440	463.500	166.500	54.000	684.000	85.440		
85.450	0.000	0.000	0.000	0.000	85.450	490.500	157.500	47.250	695.250	85.450		
85.460	0.000	0.000	0.000	0.000	85.460	513.000	148.500	45.000	706.500	85.460		
85.470	0.000	0.000	0.000	0.000	85.470	540.000	137.250	38.250	715.500	85.470		
85.480	0.000	0.000	0.000	0.000	85.480	562.500	123.750	31.500	717.750	85.480		
85.490	0.000	0.000	0.000	0.000	85.490	586.500	112.200	25.500	724.200	85.490		
85.500	0.000	0.000	0.000	0.000	85.500	604.350	99.450	17.850	721.650	85.500		
85.510	0.000	0.000	2.260	2.260	85.510	617.100	89.250	12.750	719.100	85.510		
85.520	0.000	0.000	2.260	2.260	85.520	627.300	76.500	7.650	711.450	85.520		
85.530	0.000	0.000	0.000	0.000	85.530	634.950	66.300	5.100	706.350	85.530		
85.540	4.520	0.000	0.000	4.520	85.540	637.500	58.650	0.000	696.150	85.540		
85.550	27.120	0.000	0.000	27.120	85.550	634.950	48.450	0.000	683.400	85.550		
85.560	54.240	0.000	0.000	54.240	85.560	627.300	43.350	0.000	670.650	85.560		
85.570	89.270	0.000	0.000	89.270	85.570	614.550	35.700	0.000	650.250	85.570		
85.580	129.950	0.000	0.000	129.950	85.580	594.150	30.600	0.000	624.750	85.580		
85.590	169.500	0.000	0.000	169.500	85.590	568.650	25.500	0.000	594.150	85.590		
85.600	212.440	2.260	0.000	214.700	85.600	532.950	17.850	0.000	550.800	85.600		
85.610	249.730	4.520	0.000	254.250	85.610	489.600	12.750	0.000	502.350	85.610		
85.620	282.500	6.780	4.520	293.800	85.620	430.950	10.200	0.000	441.150	85.620		
85.630	309.120	14.720	9.200	333.040	85.630	367.200	7.650	0.000	374.850	85.630		
85.640	329.360	23.920	14.720	368.000	85.640	285.000	6.840	0.000	291.840	85.640		
85.650	342.240	34.960	22.080	399.280	85.650	204.060	2.280	0.000	206.340	85.650		
85.660	351.440	42.320	29.440	423.200	85.660	142.500	0.000	0.000	142.500	85.660		
85.670	362.480	49.680	38.640	450.800	85.670	88.920	0.000	0.000	88.920	85.670		
85.680	373.520	57.040	46.000	476.560	85.680	49.020	0.000	0.000	49.020	85.680		
85.690	388.240	64.400	57.040	509.680	85.690	27.360	0.000	0.000	27.360	85.690		
85.700	404.800	69.920	60.720	535.440	85.700	14.820	0.000	0.000	14.820	85.700		
85.710	419.520	77.280	69.920	566.720	85.710	9.120	0.000	0.000	9.120	85.710		
85.720	434.240	80.960	73.600	588.800	85.720	4.560	0.000	0.000	4.560	85.720		
85.730	447.120	88.320	79.120	614.560	85.730	4.560	0.000	0.000	4.560	85.730		
85.740	456.320	95.680	86.480	638.480	85.740	4.560	0.000	0.000	4.560	85.740		
85.750	460.000	104.880	92.000	656.880	85.750	2.280	0.000	0.000	2.280	85.750		
85.760	460.000	112.240	101.200	673.440	85.760	2.280	0.000	0.000	2.280	85.760		
85.770	448.960	115.920	108.560	673.440	85.770	0.000	0.000	0.000	0.000	85.770		
85.780	440.000	121.440	119.680	681.120	85.780	0.000	0.000	0.000	0.000	85.780		
85.790	425.920	124.960	126.720	677.600	85.790	0.000	0.000	0.000	0.000	85.790		
85.800	413.600	124.960	132.000	670.560	85.800	0.000	0.000	0.000	0.000	85.800		
85.810	399.520	126.720	137.280	663.520	85.810	0.000	0.000	0.000	0.000	85.810		
85.820	387.200	126.720	140.800	654.720	85.820	0.000	0.000	0.000	0.000	85.820		
85.830	371.360	126.720	144.320	642.400	85.830	0.000	0.000	0.000	0.000	85.830		
85.840	357.280	126.720	149.600	633.600	85.840	0.000	0.000	0.000	0.000	85.840		
85.850	344.960	126.720	151.360	623.040	85.850	0.000	0.000	0.000	0.000	85.850		
85.860	329.120	124.960	154.880	608.960	85.860	0.000	0.000	0.000	0.000	85.860		
85.870	316.800	126.720	156.640	600.160	85.870	0.000	0.000	0.000	0.000	85.870		
85.880	304.480	126.720	163.680	594.880	85.880	0.000	0.000	0.000	0.000	85.880		
85.890	292.160	126.720	167.200	586.080	85.890	0.000	0.000	0.000	0.000	85.890		
85.900	279.840	128.480	172.480	580.800	85.900	0.000	0.000	0.000	0.000	85.900		
85.910	265.760	132.000	181.280	579.040	85.910	0.000	0.000	0.000	0.000	85.910		
85.920	253.440	137.280	191.840	582.560	85.920	0.000	0.000	0.000	0.000	85.920		
85.930	241.650	139.620	204.060	585.330	85.930	0.000	0.000	0.000	0.000	85.930		
85.940	227.330	146.780	221.960	596.070	85.940	0.000	0.000	0.000	0.000	85.940		
85.950	214.800	153.940	239.860	608.600	85.950	0.000	0.000	0.000	0.000	85.950		
85.960	198.690	159.310	261.340	619.340	85.960	0.000	0.000	0.000	0.000	85.960		
85.970	186.160	164.680	281.030	631.870	85.970	0.000	0.000	0.000	0.000	85.970		
85.980	173.630	168.260	300.720	642.610	85.980	0.000	0.000	0.000	0.000	85.980		
85.990	159.310	171.840	322.200	653.350	85.990	0.000	2.000	0.000	2.000	85.990		
86.000	146.780	173.630	343.680	664.090	86.000	0.000	2.000	0.000	2.000	86.000		
86.010	132.460	173.630	361.580	667.670	86.010	0.000	2.000	0.000	2.000	86.010		
86.020	116.350	173.630	381.270	671.250	86.020	0.000	5.000	7.000	12.000	86.020		
86.030	98.450	171.840	400.960	671.250	86.030	0.000	7.000	20.000	27.000	86.030		
86.040	82.340	164.680	418.860	665.880	86.040	0.000	10.000	37.000	47.000	86.040		
86.050	64.440	153.940	434.970	653.350	86.050	0.000	12.000	67.000	79.000	86.050		
86.060	51.910	136.040	447.500	635.450	86.060	2.000	25.000	120.000	147.000	86.060		
86.070	44.750	119.930	442.130	606.810	86.070	15.000	45.000	197.000	257.000	86.070		
86.080	33.800	99.710	422.500	556.010	86.080	27.000	60.000	250.000	337.000	86.080		
86.090	27.040	81.120	387.010	495.170	86.090	44.100	79.380	299.880	423.360	86.090		
86.100	16.900	65.910	341.380	424.190	86.100	61.740	91.140	324.870	477.750	86.100		
86.110	8.450	57.460	292.370	358.280	86.110	76.440	107.310	341.040	524.790	86.110		
86.120	1.690	47.320	241.670	290.680	86.120	94.080	119.070	358.680	571.830	86.120		
86.130	0.000	38.870	185.900	224.770	86.130	111.720	132.300	364.560	608.580	86.130		
86.140	0.000	32.110	136.890	169.000	86.140	126.420	141.120	367.500	635.040	86.140		
86.150	0.000	21.970	91.260	113.230	86.150	139.650	149.940	367.500	657.090	86.150		
86.160	0.000	13.520	64.220	77.740	86.160	151.410	157.290	364.560	673.260	86.160		
86.170	0.000	6.760	42.250	49.010	86.170	164.640	164.640	357.210	686.490	86.170		
86.180	0.000	3.380	28.730	32.110	86.180	174.930	169.050	346.920	690.900	86.180		
86.190	0.000	1.690	16.900	18.590	86.190	183.750	176.400	332.220	692.370	86.190		
86.200	0.000	1.690	13.520	15.210	86.200	196.980	182.280	318.990	698.250	86.200		
86.210	0.000	1.690	8.450	10.140	86.210	207.270	183.750	301.350	692.370	86.210		
86.220	0.000	1.690	6.760	8.450	86.220	216.090	186.690	283.710	686.490	86.220		
86.230	0.000	2.480	10.000	12.480	86.230	226.380	186.690	264.600	677.670	86.230		
86.240	0.000	0.000	7.480	7.480	86.240	237.150	186.000	241.800	664.950	86.240		
86.250	0.000	0.000	5.000	5.000	86.250	251.100	186.000	224.750	661.850	86.250		
86.260	0.000	0.000	5.000	5.000	86.260	261.950	184.450	204.600	651.000	86.260		
86.270	0.000	0.000	2.480	2.480	86.270	274.350	181.350	186.000	641.700	86.270		
86.280	0.000	0.000	2.480	2.480	86.280	286.750	179.800	168.950	635.500	86.280		
86.290	0.000	0.000	2.480	2.480	86.290	296.050	179.800	155.000	630.850	86.290		
86.300	0.000	0.000	0.000	0.000	86.300	311.550	176.700	139.500	627.750	86.300		
86.310	0.000	0.000	0.000	0.000	86.310	323.950	173.600	124.000	621.550	86.310		
86.320	0.000	0.000	0.000	0.000	86.320	336.350	172.050	108.500	616.900	86.320		
86.330	0.000	0.000	0.000	0.000	86.330	347.200	167.400	96.100	610.700	86.330		
86.340	0.000	0.000	0.000	0.000	86.340	359.600	164.300	83.700	607.600	86.340		
86.350	0.000	0.000	0.000	0.000	86.350	367.350	159.650	74.400	601.400	86.350		
86.360	0.000	0.000	0.000	0.000	86.360	373.550	156.550	69.750	599.850	86.360		
86.370	0.000	0.000	0.000	0.000	86.370	381.300	151.900	62.000	595.200	86.370		
86.380	0.000	0.000	0.000	0.000	86.380	387.500	151.900	57.350	596.750	86.380		
86.390	0.000	0.000	0.000	0.000	86.390	392.460	150.660	53.940	597.060	86.390		
86.400	0.000	0.000	0.000	0.000	86.400	394.320	148.800	48.360	591.480	86.400		
86.410	0.000	0.000	0.000	0.000	86.410	396.180	146.940	46.500	589.620	86.410		
86.420	0.000	0.000	0.000	0.000	86.420	396.180	148.800	46.500	591.480	86.420		
86.430	0.000	0.000	0.000	0.000	86.430	399.900	148.800	44.640	593.340	86.430		
86.440	0.000	0.000	0.000	0.000	86.440	403.620	150.660	44.640	598.920	86.440		
86.450	0.000	0.000	0.000	0.000	86.450	409.200	154.380	44.640	608.220	86.450		
86.460	0.000	0.000	0.000	0.000	86.460	416.640	154.380	40.920	611.940	86.460		
86.470	0.000	0.000	0.000	0.000	86.470	424.080	154.380	40.920	619.380	86.470		
86.480	0.000	0.000	0.000	0.000	86.480	431.520	154.380	40.920	626.820	86.480		
86.490	0.000	0.000	0.000	0.000	86.490	438.960	154.380	39.060	632.400	86.490		
86.500	0.000	0.000	0.000	0.000	86.500	446.400	154.380	39.060	639.840	86.500		
86.510	0.000	0.000	0.000	0.000	86.510	451.980	150.660	37.200	639.840	86.510		
86.520	0.000	0.000	0.000	0.000	86.520	459.420	146.940	31.620	637.980	86.520		
86.530	0.000	0.000	0.000	0.000	86.530	465.000	141.360	29.760	636.120	86.530		
86.540	0.000	0.000	0.000	0.000	86.540	469.860	135.610	24.830	630.300	86.540		
86.550	0.000	0.000	0.000	0.000	86.550	471.770	131.790	19.100	622.660	86.550		
86.560	0.000	0.000	0.000	0.000	86.560	473.680	126.060	17.190	616.930	86.560		
86.570	4.970	0.000	0.000	4.970	86.570	477.500	118.420	13.370	609.290	86.570		
86.580	12.070	0.000	0.000	12.070	86.580	477.500	110.780	11.460	599.740	86.580		
86.590	22.010	0.000	0.000	22.010	86.590	477.500	106.960	9.550	594.010	86.590		
86.600	39.760	0.000	0.000	39.760	86.600	473.680	99.320	5.730	578.730	86.600		
86.610	64.610	0.000	0.000	64.610	86.610	469.860	89.770	3.820	563.450	86.610		
86.620	94.430	2.130	0.000	96.560	86.620	456.490	82.130	1.910	540.530	86.620		
86.630	127.090	7.100	4.970	139.160	86.630	443.120	74.490	0.000	517.610	86.630		
86.640	154.780	14.910	22.010	191.700	86.640	425.930	66.850	0.000	492.780	86.640		
86.650	166.850	22.010	34.790	223.650	86.650	406.830	59.210	0.000	466.040	86.650		
86.660	174.660	29.820	46.860	251.340	86.660	383.910	51.570	0.000	435.480	86.660		
86.670	177.500	34.790	62.480	274.770	86.670	357.170	43.930	0.000	401.100	86.670		
86.680	184.800	44.800	77.280	306.880	86.680	324.700	38.200	0.000	362.900	86.680		
86.690	187.040	51.520	91.840	330.400	86.690	290.000	32.480	0.000	322.480	86.690		
86.700	189.280	59.360	104.160	352.800	86.700	256.360	26.680	0.000	283.040	86.700		
86.710	197.120	67.200	116.480	380.800	86.710	223.880	19.720	0.000	243.600	86.710		
86.720	201.600	73.920	129.920	405.440	86.720	191.400	11.600	0.000	203.000	86.720		
86.730	211.680	81.760	140.000	433.440	86.730	156.600	9.280	0.000	165.880	86.730		
86.740	221.760	89.600	148.960	460.320	86.740	124.120	4.640	0.000	128.760	86.740		
86.750	231.840	97.440	156.800	486.080	86.750	93.960	2.320	0.000	96.280	86.750		
86.760	244.160	101.920	166.880	512.960	86.760	69.600	0.000	0.000	69.600	86.760		
86.770	254.240	109.760	176.960	540.960	86.770	49.880	0.000	0.000	49.880	86.770		
86.780	262.080	114.240	184.800	561.120	86.780	32.480	0.000	0.000	32.480	86.780		
86.790	269.920	119.840	191.520	581.280	86.790	17.400	0.000	0.000	17.400	86.790		
86.800	274.400	124.320	201.600	600.320	86.800	6.960	0.000	0.000	6.960	86.800		
86.810	276.640	126.560	211.680	614.880	86.810	2.320	0.000	0.000	2.320	86.810		
86.820	280.000	132.160	219.520	631.680	86.820	2.320	0.000	0.000	2.320	86.820		
86.830	281.520	136.620	226.320	644.460	86.830	2.320	0.000	0.000	2.320	86.830		
86.840	281.520	142.140	238.740	662.400	86.840	0.000	0.000	0.000	0.000	86.840		
86.850	278.760	146.280	247.020	672.060	86.850	0.000	0.000	0.000	0.000	86.850		
86.860	274.620	146.280	256.680	677.580	86.860	0.000	0.000	0.000	0.000	86.860		
86.870	269.100	149.040	266.340	684.480	86.870	0.000	0.000	0.000	0.000	86.870		
86.880	262.200	151.800	277.380	691.380	86.880	0.000	0.000	0.000	0.000	86.880		
86.890	253.920	154.560	287.040	695.520	86.890	0.000	0.000	0.000	0.000	86.890		
86.900	244.260	157.320	293.940	695.520	86.900	0.000	0.000	0.000	0.000	86.900		
86.910	234.600	157.320	304.980	696.900	86.910	0.000	0.000	0.000	0.000	86.910		
86.920	224.940	158.700	314.640	698.280	86.920	0.000	0.000	0.000	0.000	86.920		
86.930	213.900	158.700	321.540	694.140	86.930	0.000	0.000	0.000	0.000	86.930		
86.940	204.240	158.700	327.060	690.000	86.940	0.000	0.000	0.000	0.000	86.940		
86.950	194.580	158.700	333.960	687.240	86.950	0.000	0.000	0.000	0.000	86.950		
86.960	186.300	158.700	339.480	684.480	86.960	0.000	0.000	0.000	0.000	86.960		
86.970	176.640	158.700	345.000	680.340	86.970	0.000	0.000	0.000	0.000	86.970		
86.980	169.650	159.500	349.450	678.600	86.980	0.000	0.000	0.000	0.000	86.980		
86.990	162.400	159.500	352.350	674.250	86.990	0.000	0.000	0.000	0.000	86.990		
87.000	153.700	159.500	353.800	667.000	87.000	0.000	0.000	0.000	0.000	87.000		
87.010	149.350	159.500	356.700	665.550	87.010	0.000	0.000	0.000	0.000	87.010		
87.020	142.100	159.500	359.600	661.200	87.020	0.000	0.000	0.000	0.000	87.020		
87.030	139.200	159.500	362.500	661.200	87.030	0.000	0.000	0.000	0.000	87.030		
87.040	134.850	162.400	362.500	659.750	87.040	0.000	0.000	0.000	0.000	87.040		
87.050	131.950	162.400	362.500	656.850	87.050	0.000	0.000	0.000	0.000	87.050		
87.060	129.050	162.400	362.500	653.950	87.060	0.000	0.000	0.000	0.000	87.060		
87.070	129.050	163.850	362.500	655.400	87.070	0.000	0.000	0.000	0.000	87.070		
87.080	129.050	166.750	359.600	655.400	87.080	0.000	0.000	0.000	0.000	87.080		
87.090	129.050	169.650	359.600	658.300	87.090	2.480	4.960	0.000	7.440	87.090		
87.100	129.050	171.100	356.700	656.850	87.100	10.000	7.440	4.960	22.400	87.100		
87.110	129.050	174.000	356.700	659.750	87.110	12.480	7.440	4.960	24.880	87.110		
87.120	129.050	176.900	359.600	665.550	87.120	14.960	4.960	2.480	22.400	87.120		
87.130	127.270	177.320	357.500	662.090	87.130	20.000	7.440	7.440	34.880	87.130		
87.140	121.550	174.460	357.500	653.510	87.140	27.300	9.750	12.480	49.530	87.140		
87.150	121.550	177.320	357.500	656.370	87.150	34.710	14.820	19.890	69.420	87.150		
87.160	118.690	177.320	357.500	653.510	87.160	42.120	17.160	24.960	84.240	87.160		
87.170	118.690	174.460	354.640	647.790	87.170	49.920	22.230	27.300	99.450	87.170		
87.180	114.400	174.460	354.640	643.500	87.180	57.330	24.960	32.370	114.660	87.180		
87.190	111.540	168.740	348.920	629.200	87.190	64.740	27.300	37.440	129.480	87.190		
87.200	107.250	164.450	344.630	616.330	87.200	69.810	32.370	39.780	141.960	87.200		
87.210	101.530	158.730	338.910	599.170	87.210	74.880	34.710	44.850	154.440	87.210		
87.220	98.670	154.440	331.760	584.870	87.220	77.220	34.710	49.920	161.850	87.220		
87.230	94.380	148.720	324.610	567.710	87.230	79.950	39.780	59.670	179.400	87.230		
87.240	88.660	144.430	318.890	551.980	87.240	84.630	42.120	64.740	191.490	87.240		
87.250	84.370	138.710	311.740	534.820	87.250	87.360	47.190	72.150	206.700	87.250		
87.260	78.650	134.420	304.590	517.660	87.260	89.700	49.920	77.220	216.840	87.260		
87.270	74.360	127.270	297.440	499.070	87.270	94.770	52.260	84.630	231.660	87.270		
87.280	69.000	121.900	287.500	478.400	87.280	97.500	57.330	92.430	247.260	87.280		
87.290	64.400	117.300	281.750	463.450	87.290	96.900	57.000	101.460	255.360	87.290		
87.300	59.800	111.550	271.400	442.750	87.300	99.180	59.280	109.440	267.900	87.300		
87.310	57.500	104.650	264.500	426.650	87.310	99.180	59.280	117.420	275.880	87.310		
87.320	51.750	98.900	254.150	404.800	87.320	96.900	61.560	126.540	285.000	87.320		
87.330	49.450	96.600	249.550	395.600	87.330	96.900	61.560	136.800	295.260	87.330		
87.340	47.150	92.000	236.900	376.050	87.340	94.620	61.560	147.060	303.240	87.340		
87.350	47.150	89.700	226.550	363.400	87.350	88.920	61.560	161.880	312.360	87.350		
87.360	44.850	83.950	211.600	340.400	87.360	86.640	64.980	176.700	328.320	87.360		
87.370	44.850	83.950	202.400	331.200	87.370	84.360	64.980	191.520	340.860	87.370		
87.380	47.150	81.650	189.750	318.550	87.380	79.800	67.260	209.760	356.820	87.380		
87.390	47.150	81.650	179.400	308.200	87.390	76.380	67.260	226.860	370.500	87.390		
87.400	47.150	79.350	166.750	293.250	87.400	74.100	67.260	239.400	380.760	87.400		
87.410	44.850	79.350	156.400	280.600	87.410	71.820	67.260	254.220	393.300	87.410		
87.420	41.400	77.050	147.200	265.650	87.420	69.540	67.260	269.040	405.840	87.420		
87.430	39.760	77.280	140.000	257.040	87.430	67.260	67.260	285.000	419.520	87.430		
87.440	34.720	74.480	129.920	239.120	87.440	69.120	69.120	296.960	435.200	87.440		
87.450	29.680	72.240	124.880	226.800	87.450	69.120	71.680	307.200	448.000	87.450		
87.460	22.400	67.200	119.840	209.440	87.460	74.240	74.240	312.320	460.800	87.460		
87.470	12.320	62.160	106.960	181.440	87.470	79.360	79.360	317.440	476.160	87.470		
87.480	7.280	54.880	99.680	161.840	87.480	87.040	84.480	320.000	491.520	87.480		
87.490	4.480	49.840	89.600	143.920	87.490	94.720	89.600	320.000	504.320	87.490		
87.500	2.240	42.000	77.280	121.520	87.500	104.960	94.720	320.000	519.680	87.500		
87.510	0.000	36.960	67.200	104.160	87.510	113.920	99.840	320.000	533.760	87.510		
87.520	0.000	32.480	57.120	89.600	87.520	124.160	106.240	317.440	547.840	87.520		
87.530	0.000	24.640	49.840	74.480	87.530	136.960	111.360	314.880	563.200	87.530		
87.540	0.000	17.360	42.000	59.360	87.540	149.760	119.040	312.320	581.120	87.540		
87.550	0.000	9.520	34.720	44.240	87.550	161.280	124.160	309.760	595.200	87.550		
87.560	0.000	7.280	29.680	36.960	87.560	176.640	131.840	304.640	613.120	87.560		
87.570	0.000	7.280	22.400	29.680	87.570	189.440	136.960	302.080	628.480	87.570		
87.580	0.000	2.450	17.500	19.950	87.580	199.680	142.080	296.960	638.720	87.580		
87.590	0.000	0.000	9.940	9.940	87.590	211.770	143.910	292.500	648.180	87.590		
87.600	0.000	0.000	7.490	7.490	87.600	222.300	149.760	288.990	661.050	87.600		
87.610	0.000	0.000	2.450	2.450	87.610	229.320	152.100	286.650	668.070	87.610		
87.620	0.000	0.000	2.450	2.450	87.620	236.340	156.780	279.630	672.750	87.620		
87.630	0.000	0.000	2.450	2.450	87.630	244.530	159.120	277.290	680.940	87.630		
87.640	0.000	0.000	0.000	0.000	87.640	251.550	159.120	271.440	682.110	87.640		
87.650	0.000	0.000	0.000	0.000	87.650	257.400	161.460	266.760	685.620	87.650		
87.660	0.000	0.000	0.000	0.000	87.660	262.080	159.120	262.080	683.280	87.660		
87.670	0.000	0.000	0.000	0.000	87.670	266.760	159.120	257.400	683.280	87.670		
87.680	0.000	0.000	0.000	0.000	87.680	269.100	159.120	249.210	677.430	87.680		
87.690	0.000	0.000	0.000	0.000	87.690	269.100	156.780	246.870	672.750	87.690		
87.700	0.000	0.000	0.000	0.000	87.700	269.100	154.440	242.190	665.730	87.700		
87.710	0.000	0.000	0.000	0.000	87.710	271.440	154.440	239.850	665.730	87.710		
87.720	0.000	0.000	0.000	0.000	87.720	271.440	154.440	234.000	659.880	87.720		
87.730	0.000	0.000	0.000	0.000	87.730	271.440	149.760	231.660	652.860	87.730		
87.740	0.000	0.000	0.000	0.000	87.740	270.000	149.040	226.800	645.840	87.740		
87.750	0.000	0.000	2.340	2.340	87.750	270.000	146.880	224.640	641.520	87.750		
87.760	0.000	0.000	0.000	0.000	87.760	266.760	144.720	224.640	636.120	87.760		
87.770	0.000	0.000	0.000	0.000	87.770	264.600	141.480	222.480	628.560	87.770		
87.780	0.000	0.000	0.000	0.000	87.780	262.440	139.320	217.080	618.840	87.780		
87.790	0.000	0.000	0.000	0.000	87.790	259.200	139.320	214.920	613.440	87.790		
87.800	0.000	0.000	0.000	0.000	87.800	259.200	137.160	214.920	611.280	87.800		
87.810	14.820	0.000	0.000	14.820	87.810	257.040	135.000	209.520	601.560	87.810		
87.820	32.500	0.000	0.000	32.500	87.820	251.640	129.600	207.360	588.600	87.820		
87.830	42.380	7.280	9.880	59.540	87.830	247.320	127.440	201.960	576.720	87.830		
87.840	37.440	4.940	12.480	54.860	87.840	244.080	122.040	199.800	565.920	87.840		
87.850	39.780	7.280	17.420	64.480	87.850	241.920	119.880	194.400	556.200	87.850		
87.860	52.260	12.480	22.360	87.100	87.860	239.760	116.640	192.240	548.640	87.860		
87.870	65.000	17.420	29.900	112.320	87.870	234.360	112.320	184.680	531.360	87.870		
87.880	84.530	24.490	39.500	148.520	87.880	228.960	106.920	179.280	515.160	87.880		
87.890	97.170	29.230	47.400	173.800	87.890	227.500	101.920	167.440	496.860	87.890		
87.900	109.810	34.760	54.510	199.080	87.900	222.040	97.370	157.430	476.840	87.900		
87.910	119.290	39.500	62.410	221.200	87.910	217.490	91.910	147.420	456.820	87.910		
87.920	129.560	44.240	69.520	243.320	87.920	212.030	87.360	137.410	436.800	87.920		
87.930	137.460	47.400	74.260	259.120	87.930	207.480	81.900	127.400	416.780	87.930		
87.940	144.570	49.770	77.420	271.760	87.940	202.020	77.350	117.390	396.760	87.940		
87.950	152.470	54.510	82.160	289.140	87.950	197.470	74.620	109.200	381.290	87.950		
87.960	157.210	56.880	86.900	300.990	87.960	189.280	69.160	101.920	360.360	87.960		
87.970	161.950	59.250	89.270	310.470	87.970	184.730	64.610	94.640	343.980	87.970		
87.980	167.480	62.410	89.270	319.160	87.980	177.450	59.150	89.180	325.780	87.980		
87.990	174.590	64.780	92.430	331.800	87.990	169.260	59.150	84.630	313.040	87.990		
88.000	182.490	67.150	92.430	342.070	88.000	161.980	54.600	79.170	295.750	88.000		
88.010	189.600	67.150	92.430	349.180	88.010	154.700	51.870	77.350	283.920	88.010		
88.020	197.500	69.520	94.800	361.820	88.020	149.240	49.140	74.620	273.000	88.020		
88.030	204.920	71.940	94.830	371.690	88.030	141.960	47.320	71.890	261.170	88.030		
88.040	211.460	71.940	94.830	378.230	88.040	137.500	44.550	69.850	251.900	88.040		
88.050	219.090	74.120	94.830	388.040	88.050	132.000	42.350	67.100	241.450	88.050		
88.060	224.540	74.120	91.560	390.220	88.060	129.800	42.350	64.900	237.050	88.060		
88.070	232.170	74.120	91.560	397.850	88.070	124.850	39.600	62.150	226.600	88.070		
88.080	236.530	77.390	89.380	403.300	88.080	122.100	39.600	62.150	223.850	88.080		
88.090	241.980	77.390	91.560	410.930	88.090	122.100	37.400	59.950	219.450	88.090		
88.100	247.430	77.390	89.380	414.200	88.100	119.900	37.400	57.200	214.500	88.100		
88.110	251.790	77.390	89.380	418.560	88.110	117.150	37.400	55.000	209.550	88.110		
88.120	257.240	77.390	87.200	421.830	88.120	117.150	37.400	55.000	209.550	88.120		
88.130	261.600	77.390	87.200	426.190	88.130	114.950	34.650	55.000	204.600	88.130		
88.140	261.600	77.390	87.200	426.190	88.140	112.200	34.650	52.250	199.100	88.140		
88.150	267.050	77.390	87.200	431.640	88.150	112.200	34.650	52.250	199.100	88.150		
88.160	269.230	79.570	89.380	438.180	88.160	112.200	34.650	49.500	196.350	88.160		
88.170	272.500	79.570	87.200	439.270	88.170	112.200	34.650	49.500	196.350	88.170		
88.180	274.170	79.920	89.910	444.000	88.180	112.200	34.650	49.500	196.350	88.180		
88.190	274.170	79.920	86.580	440.670	88.190	110.000	32.120	49.720	191.840	88.190		
88.200	274.170	82.140	86.580	442.890	88.200	110.000	32.120	49.720	191.840	88.200		
88.210	277.500	79.920	86.580	444.000	88.210	110.000	29.920	49.720	189.640	88.210		
88.220	274.170	79.920	86.580	440.670	88.220	110.000	27.280	49.720	187.000	88.220		
88.230	277.500	79.920	89.910	447.330	88.230	107.360	27.280	49.720	184.360	88.230		
88.240	277.500	79.920	86.580	444.000	88.240	107.360	27.280	49.720	184.360	88.240		
88.250	277.500	79.920	86.580	444.000	88.250	107.360	24.640	49.720	181.720	88.250		
88.260	277.500	76.590	86.580	440.670	88.260	104.720	27.280	52.360	184.360	88.260		
88.270	277.500	76.590	86.580	440.670	88.270	104.720	27.280	52.360	184.360	88.270		
88.280	277.500	76.590	86.580	440.670	88.280	104.720	27.280	55.000	187.000	88.280		
88.290	277.500	76.590	86.580	440.670	88.290	104.720	27.280	52.360	184.360	88.290		
88.300	277.500	76.590	86.580	440.670	88.300	104.720	29.920	55.000	189.640	88.300		
88.310	277.500	76.590	89.910	444.000	88.310	104.720	27.280	55.000	187.000	88.310		
88.320	274.170	79.920	89.910	444.000	88.320	104.720	29.920	55.000	189.640	88.320		
88.330	275.000	77.000	89.100	441.100	88.330	104.720	27.280	55.000	187.000	88.330		
88.340	271.700	77.000	92.400	441.100	88.340	105.000	29.820	54.600	189.420	88.340		
88.350	271.700	77.000	89.100	437.800	88.350	105.000	29.820	54.600	189.420	88.350		
88.360	269.500	77.000	92.400	438.900	88.360	105.000	29.820	57.120	191.940	88.360		
88.370	269.500	77.000	92.400	438.900	88.370	105.000	32.340	57.120	194.460	88.370		
88.380	267.300	77.000	94.600	438.900	88.380	105.000	29.820	59.640	194.460	88.380		
88.390	264.000	77.000	92.400	433.400	88.390	105.000	29.820	59.640	194.460	88.390		
88.400	264.000	77.000	92.400	433.400	88.400	105.000	32.340	62.160	199.500	88.400		
88.410	261.800	77.000	94.600	433.400	88.410	105.000	32.340	62.160	199.500	88.410		
88.420	261.800	77.000	94.600	433.400	88.420	105.000	32.340	64.680	202.020	88.420		
88.430	259.600	77.000	94.600	431.200	88.430	105.000	32.340	64.680	202.020	88.430		
88.440	259.600	77.000	94.600	431.200	88.440	105.000	32.340	64.680	202.020	88.440		
88.450	259.600	74.800	92.400	426.800	88.450	105.000	32.340	67.200	204.540	88.450		
88.460	259.600	74.800	92.400	426.800	88.460	105.000	34.860	69.720	209.580	88.460		
88.470	257.400	71.500	92.400	421.300	88.470	105.000	34.860	72.240	212.100	88.470		
88.480	260.000	71.760	91.520	423.280	88.480	102.480	34.860	72.240	209.580	88.480		
88.490	256.880	71.760	89.440	418.080	88.490	102.500	34.850	74.620	211.970	88.490		
88.500	260.000	69.680	91.520	421.200	88.500	102.500	34.850	77.490	214.840	88.500		
88.510	260.000	69.680	89.440	419.120	88.510	102.500	34.850	79.950	217.300	88.510		
88.520	260.000	69.680	87.360	417.040	88.520	102.500	34.850	79.950	217.300	88.520		
88.530	260.000	69.680	89.440	419.120	88.530	99.630	34.850	82.410	216.890	88.530		
88.540	260.000	69.680	89.440	419.120	88.540	99.630	34.850	84.870	219.350	88.540		
88.550	260.000	66.560	87.360	413.920	88.550	99.630	34.850	84.870	219.350	88.550		
88.560	260.000	66.560	89.440	416.000	88.560	97.170	34.850	87.330	219.350	88.560		
88.570	260.000	66.560	89.440	416.000	88.570	97.170	32.390	89.790	219.350	88.570		
88.580	256.880	66.560	87.360	410.800	88.580	97.170	34.850	92.250	224.270	88.580		
88.590	256.880	66.560	87.360	410.800	88.590	94.710	32.390	92.250	219.350	88.590		
88.600	254.800	66.560	89.440	410.800	88.600	94.710	32.390	94.710	221.810	88.600		
88.610	254.800	66.560	89.440	410.800	88.610	92.250	32.390	97.170	221.810	88.610		
88.620	251.680	66.560	91.520	409.760	88.620	92.250	32.390	97.170	221.810	88.620		
88.630	252.500	66.660	91.910	411.070	88.630	92.250	32.390	99.630	224.270	88.630		
88.640	252.500	66.660	91.910	411.070	88.640	89.490	32.490	99.750	221.730	88.640		
88.650	249.470	66.660	91.910	408.040	88.650	89.490	32.490	102.030	224.010	88.650		
88.660	249.470	66.660	94.940	411.070	88.660	89.490	32.490	104.880	226.860	88.660		
88.670	247.450	69.690	94.940	412.080	88.670	87.210	32.490	107.160	226.860	88.670		
88.680	247.450	66.660	94.940	409.050	88.680	87.210	32.490	109.440	229.140	88.680		
88.690	244.420	66.660	94.940	406.020	88.690	84.930	29.640	112.290	226.860	88.690		
88.700	244.420	66.660	94.940	406.020	88.700	84.930	29.640	114.570	229.140	88.700		
88.710	242.400	66.660	94.940	404.000	88.710	82.080	29.640	119.700	231.420	88.710		
88.720	242.400	66.660	94.940	404.000	88.720	82.080	29.640	121.980	233.700	88.720		
88.730	239.370	64.640	94.940	398.950	88.730	79.800	29.640	127.110	236.550	88.730		
88.740	237.350	66.660	94.940	398.950	88.740	76.950	27.360	129.960	234.270	88.740		
88.750	237.350	66.660	94.940	398.950	88.750	74.670	27.360	132.240	234.270	88.750		
88.760	234.320	64.640	94.940	393.900	88.760	74.670	27.360	134.520	236.550	88.760		
88.770	232.300	64.640	91.910	388.850	88.770	69.540	24.510	137.370	231.420	88.770		
88.780	232.500	64.170	92.070	388.740	88.780	69.540	24.510	142.500	236.550	88.780		
88.790	229.710	62.310	92.070	384.090	88.790	67.000	24.790	144.720	236.510	88.790		
88.800	229.710	62.310	92.070	384.090	88.800	67.000	24.790	147.400	239.190	88.800		
88.810	229.710	62.310	92.070	384.090	88.810	64.990	24.790	149.410	239.190	88.810		
88.820	226.920	62.310	92.070	381.300	88.820	64.990	22.110	152.090	239.190	88.820		
88.830	226.920	62.310	89.280	378.510	88.830	64.990	22.110	154.770	241.870	88.830		
88.840	224.130	59.520	89.280	372.930	88.840	64.990	22.110	154.770	241.870	88.840		
88.850	224.130	59.520	89.280	372.930	88.850	62.310	22.110	157.450	241.870	88.850		
88.860	224.130	59.520	89.280	372.930	88.860	62.310	22.110	159.460	243.880	88.860		
88.870	224.130	59.520	89.280	372.930	88.870	59.630	22.110	159.460	241.200	88.870		
88.880	222.270	59.520	87.420	369.210	88.880	59.630	22.110	162.140	243.880	88.880		
88.890	222.270	59.520	87.420	369.210	88.890	59.630	22.110	162.140	243.880	88.890		
88.900	222.270	56.730	87.420	366.420	88.900	59.630	22.110	164.820	246.560	88.900		
88.910	219.480	59.520	87.420	366.420	88.910	59.630	22.110	164.820	246.560	88.910		
88.920	219.480	59.520	89.280	368.280	88.920	56.950	22.110	167.500	246.560	88.920		
88.930	220.000	59.840	89.760	369.600	88.930	59.630	22.110	167.500	249.240	88.930		
88.940	220.000	59.840	89.760	369.600	88.940	59.340	22.080	169.740	251.160	88.940		
88.950	220.000	59.840	89.760	369.600	88.950	59.340	22.080	169.740	251.160	88.950		
88.960	217.360	59.840	87.120	364.320	88.960	59.340	22.080	169.740	251.160	88.960		
88.970	217.360	59.840	89.760	366.960	88.970	59.340	22.080	172.500	253.920	88.970		
88.980	217.360	59.840	89.760	366.960	88.980	59.340	22.080	169.740	251.160	88.980		
88.990	214.720	59.840	89.760	364.320	88.990	59.340	22.080	172.500	253.920	88.990		
89.000	214.720	59.840	89.760	364.320	89.000	59.340	22.080	172.500	253.920	89.000		
89.010	214.720	59.840	89.760	364.320	89.010	57.270	22.080	172.500	251.850	89.010		
89.020	214.720	62.480	92.400	369.600	89.020	59.340	22.080	172.500	253.920	89.020		
89.030	214.720	62.480	92.400	369.600	89.030	59.340	22.080	172.500	253.920	89.030		
89.040	212.080	62.480	92.400	366.960	89.040	59.340	24.840	172.500	256.680	89.040		
89.050	212.080	64.240	92.400	368.720	89.050	62.100	24.840	169.740	256.680	89.050		
89.060	212.080	62.480	92.400	366.960	89.060	62.100	24.840	169.740	256.680	89.060		
89.070	209.440	62.480	94.160	366.080	89.070	64.860	24.840	169.740	259.440	89.070		
89.080	210.000	62.160	92.400	364.560	89.080	64.860	26.910	169.740	261.510	89.080		
89.090	210.000	64.680	94.920	369.600	89.090	67.000	27.470	167.500	261.970	89.090		
89.100	207.480	62.160	94.920	364.560	89.100	67.000	27.470	167.500	261.970	89.100		
89.110	207.480	64.680	94.920	367.080	89.110	69.680	29.480	164.820	263.980	89.110		
89.120	207.480	62.160	94.920	364.560	89.120	69.680	29.480	164.820	263.980	89.120		
89.130	207.480	64.680	97.440	369.600	89.130	72.360	29.480	162.140	263.980	89.130		
89.140	207.480	64.680	94.920	367.080	89.140	72.360	29.480	162.140	263.980	89.140		
89.150	207.480	64.680	94.920	367.080	89.150	74.370	32.160	162.140	268.670	89.150		
89.160	207.480	64.680	94.920	367.080	89.160	74.370	32.160	162.140	268.670	89.160		
89.170	207.480	64.680	94.920	367.080	89.170	74.370	32.160	159.460	265.990	89.170		
89.180	204.960	62.160	94.920	362.040	89.180	74.370	32.160	157.450	263.980	89.180		
89.190	204.960	64.680	97.440	367.080	89.190	77.050	32.160	157.450	266.660	89.190		
89.200	204.960	64.680	97.440	367.080	89.200	77.050	34.840	157.450	269.340	89.200		
89.210	204.960	64.680	97.440	367.080	89.210	77.050	32.160	157.450	266.660	89.210		
89.220	202.440	64.680	97.440	364.560	89.220	77.050	34.840	154.770	266.660	89.220		
89.230	201.720	64.780	96.760	363.260	89.230	79.730	34.840	154.770	269.340	89.230		
89.240	205.000	67.240	99.220	371.460	89.240	79.910	34.770	152.500	267.180	89.240		
89.250	201.720	67.240	99.220	368.180	89.250	79.910	37.210	152.500	269.620	89.250		
89.260	201.720	67.240	102.500	371.460	89.260	82.350	34.770	152.500	269.620	89.260		
89.270	201.720	67.240	99.220	368.180	89.270	82.350	37.210	152.500	272.060	89.270		
89.280	201.720	67.240	99.220	368.180	89.280	84.790	37.210	149.450	271.450	89.280		
89.290	199.260	69.700	102.500	371.460	89.290	87.230	37.210	149.450	273.890	89.290		
89.300	199.260	69.700	102.500	371.460	89.300	87.230	39.650	147.010	273.890	89.300		
89.310	199.260	69.700	104.960	373.920	89.310	89.670	39.650	147.010	276.330	89.310		
89.320	196.800	69.700	104.960	371.460	89.320	89.670	39.650	144.570	273.890	89.320		
89.330	196.800	69.700	104.960	371.460	89.330	89.670	39.650	144.570	273.890	89.330		
89.340	196.800	69.700	104.960	371.460	89.340	92.110	42.090	142.130	276.330	89.340		
89.350	196.800	69.700	107.420	373.920	89.350	94.550	39.650	139.690	273.890	89.350		
89.360	196.800	69.700	107.420	373.920	89.360	94.550	42.090	139.690	276.330	89.360		
89.370	194.340	72.160	107.420	373.920	89.370	96.990	42.090	137.250	276.330	89.370		
89.380	195.000	69.420	109.980	374.400	89.380	99.430	42.090	137.250	278.770	89.380		
89.390	195.000	69.420	109.980	374.400	89.390	99.900	44.820	135.000	279.720	89.390		
89.400	191.880	69.420	109.980	371.280	89.400	102.060	44.820	135.000	281.880	89.400		
89.410	191.880	71.760	112.320	375.960	89.410	102.060	44.820	132.300	279.180	89.410		
89.420	191.880	71.760	112.320	375.960	89.420	104.760	44.820	129.600	279.180	89.420		
89.430	191.880	71.760	112.320	375.960	89.430	107.460	44.820	127.440	279.720	89.430		
89.440	191.880	71.760	112.320	375.960	89.440	107.460	44.820	124.740	277.020	89.440		
89.450	191.880	71.760	112.320	375.960	89.450	109.620	46.980	124.740	281.340	89.450		
89.460	191.880	71.760	112.320	375.960	89.460	109.620	46.980	122.040	278.640	89.460		
89.470	191.880	71.760	114.660	378.300	89.470	109.620	46.980	119.880	276.480	89.470		
89.480	195.000	74.880	114.660	384.540	89.480	112.320	46.980	119.880	279.180	89.480		
89.490	195.000	74.880	114.660	384.540	89.490	112.320	46.980	117.180	276.480	89.490		
89.500	195.000	74.880	114.660	384.540	89.500	112.320	46.980	117.180	276.480	89.500		
89.510	195.000	74.880	114.660	384.540	89.510	112.320	46.980	114.480	273.780	89.510		
89.520	195.000	74.880	114.660	384.540	89.520	114.480	46.980	114.480	275.940	89.520		
89.530	194.340	74.260	114.550	383.150	89.530	112.320	46.980	112.320	271.620	89.530		
89.540	194.340	74.260	116.920	385.520	89.540	114.720	47.040	112.320	274.080	89.540		
89.550	194.340	74.260	114.550	383.150	89.550	114.720	47.040	112.320	274.080	89.550		
89.560	197.500	74.260	114.550	386.310	89.560	114.720	47.040	112.320	274.080	89.560		
89.570	194.340	74.260	114.550	383.150	89.570	114.720	47.040	112.320	274.080	89.570		
89.580	197.500	74.260	114.550	386.310	89.580	114.720	47.040	112.320	274.080	89.580		
89.590	197.500	74.260	114.550	386.310	89.590	114.720	47.040	112.320	274.080	89.590		
89.600	197.500	74.260	114.550	386.310	89.600	114.720	47.040	112.320	274.080	89.600		
89.610	197.500	74.260	116.920	388.680	89.610	114.720	47.040	112.320	274.080	89.610		
89.620	194.340	74.260	116.920	385.520	89.620	114.720	47.040	112.320	274.080	89.620		
89.630	194.340	74.260	116.920	385.520	89.630	114.720	47.040	112.320	274.080	89.630		
89.640	194.340	74.260	116.920	385.520	89.640	117.120	47.040	112.320	276.480	89.640		
89.650	191.970	74.260	116.920	383.150	89.650	117.120	49.920	114.720	281.760	89.650		
89.660	191.970	74.260	116.920	383.150	89.660	117.120	49.920	112.320	279.360	89.660		
89.670	191.970	74.260	116.920	383.150	89.670	120.000	47.040	112.320	279.360	89.670		
89.680	190.000	74.480	117.040	381.520	89.680	117.120	49.920	112.320	279.360	89.680		
89.690	190.000	74.480	117.040	381.520	89.690	119.850	49.980	112.200	282.030	89.690		
89.700	190.000	74.480	117.040	381.520	89.700	119.850	49.980	112.200	282.030	89.700		
89.710	190.000	74.480	117.040	381.520	89.710	119.850	49.980	112.200	282.030	89.710		
89.720	186.960	74.480	117.040	378.480	89.720	122.400	52.020	112.200	286.620	89.720		
89.730	186.960	74.480	117.040	378.480	89.730	124.950	52.020	112.200	289.170	89.730		
89.740	186.960	74.480	117.040	378.480	89.740	124.950	52.020	112.200	289.170	89.740		
89.750	184.680	74.480	117.040	376.200	89.750	124.950	52.020	112.200	289.170	89.750		
89.760	184.680	72.200	117.040	373.920	89.760	124.950	52.020	112.200	289.170	89.760		
89.770	184.680	74.480	119.320	378.480	89.770	124.950	52.020	112.200	289.170	89.770		
89.780	184.680	72.200	117.040	373.920	89.780	124.950	54.570	112.200	291.720	89.780		
89.790	182.400	72.200	117.040	371.640	89.790	127.500	54.570	112.200	294.270	89.790		
89.800	182.400	72.200	119.320	373.920	89.800	127.500	54.570	112.200	294.270	89.800		
89.810	182.400	72.200	117.040	371.640	89.810	127.500	54.570	114.750	296.820	89.810		
89.820	179.360	72.200	117.040	368.600	89.820	127.500	54.570	112.200	294.270	89.820		
89.830	180.000	72.000	117.360	369.360	89.830	127.500	54.570	114.750	296.820	89.830		
89.840	180.000	72.000	117.360	369.360	89.840	127.400	54.600	114.920	296.920	89.840		
89.850	180.000	72.000	119.520	371.520	89.850	127.400	54.600	114.920	296.920	89.850		
89.860	177.120	72.000	119.520	368.640	89.860	130.000	54.600	114.920	299.520	89.860		
89.870	177.120	72.000	119.520	368.640	89.870	130.000	54.600	114.920	299.520	89.870		
89.880	177.120	72.000	119.520	368.640	89.880	130.000	54.600	117.000	301.600	89.880		
89.890	177.120	72.000	119.520	368.640	89.890	130.000	57.200	114.920	302.120	89.890		
89.900	174.960	72.000	119.520	366.480	89.900	127.400	54.600	117.000	299.000	89.900		
89.910	174.960	72.000	119.520	366.480	89.910	127.400	54.600	117.000	299.000	89.910		
89.920	174.960	72.000	119.520	366.480	89.920	130.000	54.600	117.000	301.600	89.920		
89.930	174.960	72.000	119.520	366.480	89.930	127.400	54.600	117.000	299.000	89.930		
89.940	174.960	72.000	119.520	366.480	89.940	127.400	54.600	117.000	299.000	89.940		
89.950	174.960	72.000	122.400	369.360	89.950	127.400	54.600	117.000	299.000	89.950		
89.960	172.080	72.000	119.520	363.600	89.960	127.400	54.600	117.000	299.000	89.960		
89.970	172.080	74.880	122.400	369.360	89.970	127.400	54.600	117.000	299.000	89.970		
89.980	172.500	74.520	122.130	369.150	89.980	130.000	54.600	117.000	301.600	89.980		
89.990	172.500	74.520	122.130	369.150	89.990	127.500	54.570	119.850	301.920	89.990		
90.000	172.500	74.520	122.130	369.150	90.000	127.500	54.570	119.850	301.920	90.000		
90.010	172.500	72.450	122.130	367.080	90.010	127.500	54.570	119.850	301.920	90.010		
90.020	172.500	72.450	122.130	367.080	90.020	127.500	54.570	119.850	301.920	90.020		
90.030	172.500	72.450	122.130	367.080	90.030	124.950	54.570	119.850	299.370	90.030		
90.040	169.740	72.450	122.130	364.320	90.040	124.950	54.570	119.850	299.370	90.040		
90.050	172.500	74.520	122.130	369.150	90.050	124.950	54.570	119.850	299.370	90.050		
90.060	169.740	72.450	122.130	364.320	90.060	124.950	54.570	122.400	301.920	90.060		
90.070	172.500	72.450	122.130	367.080	90.070	124.950	54.570	122.400	301.920	90.070		
90.080	172.500	72.450	122.130	367.080	90.080	124.950	52.020	122.400	299.370	90.080		
90.090	172.500	72.450	122.130	367.080	90.090	124.950	52.020	122.400	299.370	90.090		
90.100	172.500	72.450	122.130	367.080	90.100	124.950	52.020	122.400	299.370	90.100		
90.110	172.500	72.450	122.130	367.080	90.110	124.950	54.570	122.400	301.920	90.110		
90.120	172.500	72.450	122.130	367.080	90.120	122.400	52.020	122.400	296.820	90.120		
90.130	172.500	72.450	122.130	367.080	90.130	122.400	52.020	122.400	296.820	90.130		
90.140	172.500	72.450	122.130	367.080	90.140	125.000	55.000	125.000	305.000	90.140		
90.150	172.500	72.450	119.370	364.320	90.150	125.000	55.000	122.500	302.500	90.150		
90.160	172.500	74.520	122.130	369.150	90.160	125.000	55.000	122.500	302.500	90.160		
90.170	172.500	72.450	122.130	367.080	90.170	125.000	52.500	125.000	302.500	90.170		
90.180	169.740	72.450	122.130	364.320	90.180	122.500	52.500	122.500	297.500	90.180		
90.190	169.740	72.450	122.130	364.320	90.190	125.000	55.000	122.500	302.500	90.190		
90.200	169.740	72.450	122.130	364.320	90.200	125.000	52.500	122.500	300.000	90.200		
90.210	169.740	72.450	124.890	367.080	90.210	125.000	52.500	120.000	297.500	90.210		
90.220	169.740	74.520	122.130	366.390	90.220	125.000	52.500	122.500	300.000	90.220		
90.230	169.740	72.450	122.130	364.320	90.230	125.000	52.500	120.000	297.500	90.230		
90.240	169.740	72.450	124.890	367.080	90.240	125.000	52.500	122.500	300.000	90.240		
90.250	169.740	72.450	122.130	364.320	90.250	125.000	52.500	120.000	297.500	90.250		
90.260	169.740	72.450	124.890	367.080	90.260	125.000	55.000	122.500	302.500	90.260		
90.270	169.740	74.520	124.890	369.150	90.270	125.000	55.000	122.500	302.500	90.270		
90.280	170.000	74.800	124.440	369.240	90.280	125.000	52.500	122.500	300.000	90.280		
90.290	170.000	74.800	124.440	369.240	90.290	124.950	54.570	122.400	301.920	90.290		
90.300	170.000	74.800	124.440	369.240	90.300	124.950	52.020	119.850	296.820	90.300		
90.310	170.000	74.800	124.440	369.240	90.310	124.950	54.570	119.850	299.370	90.310		
90.320	170.000	74.800	124.440	369.240	90.320	124.950	52.020	119.850	296.820	90.320		
90.330	170.000	74.800	124.440	369.240	90.330	124.950	54.570	119.850	299.370	90.330		
90.340	170.000	74.800	124.440	369.240	90.340	127.500	54.570	119.850	301.920	90.340		
90.350	167.280	72.080	124.440	363.800	90.350	127.500	52.020	119.850	299.370	90.350		
90.360	167.280	72.080	124.440	363.800	90.360	127.500	52.020	119.850	299.370	90.360		
90.370	170.000	74.800	124.440	369.240	90.370	127.500	54.570	119.850	301.920	90.370		
90.380	170.000	74.800	124.440	369.240	90.380	127.500	54.570	119.850	301.920	90.380		
90.390	170.000	74.800	124.440	369.240	90.390	124.950	52.020	119.850	296.820	90.390		
90.400	170.000	74.800	124.440	369.240	90.400	124.950	54.570	119.850	299.370	90.400		
90.410	170.000	74.800	127.160	371.960	90.410	124.950	54.570	119.850	299.370	90.410		
90.420	170.000	74.800	127.160	371.960	90.420	124.950	52.020	119.850	296.820	90.420		
90.430	169.740	74.520	124.890	369.150	90.430	124.950	52.020	119.850	296.820	90.430		
90.440	169.740	74.520	124.890	369.150	90.440	124.950	52.020	119.850	296.820	90.440		
90.450	169.740	74.520	124.890	369.150	90.450	124.950	52.020	119.850	296.820	90.450		
90.460	169.740	74.520	124.890	369.150	90.460	124.950	52.020	119.850	296.820	90.460		
90.470	169.740	74.520	124.890	369.150	90.470	124.950	52.020	119.850	296.820	90.470		
90.480	169.740	74.520	124.890	369.150	90.480	124.950	52.020	122.400	299.370	90.480		
90.490	169.740	74.520	124.890	369.150	90.490	122.400	52.020	122.400	296.820	90.490		
90.500	169.740	74.520	124.890	369.150	90.500	122.400	52.020	122.400	296.820	90.500		
90.510	169.740	74.520	124.890	369.150	90.510	122.400	52.020	122.400	296.820	90.510		
90.520	169.740	74.520	126.960	371.220	90.520	119.850	52.020	122.400	294.270	90.520		
90.530	169.740	74.520	124.890	369.150	90.530	119.850	52.020	122.400	294.270	90.530		
90.540	172.500	74.520	124.890	371.910	90.540	119.850	49.980	122.400	292.230	90.540		
90.550	172.500	74.520	126.960	373.980	90.550	117.300	49.980	124.950	292.230	90.550		
90.560	172.500	74.520	124.890	371.910	90.560	117.300	49.980	124.950	292.230	90.560		
90.570	172.500	74.520	124.890	371.910	90.570	117.300	49.980	124.950	292.230	90.570		
90.580	174.660	74.550	124.960	374.170	90.580	117.300	49.980	127.500	294.780	90.580		
90.590	174.660	77.390	124.960	377.010	90.590	114.480	49.820	127.200	291.500	90.590		
90.600	174.660	74.550	124.960	374.170	90.600	114.480	49.820	127.200	291.500	90.600		
90.610	174.660	74.550	124.960	374.170	90.610	114.480	49.820	127.200	291.500	90.610		
90.620	174.660	74.550	124.960	374.170	90.620	114.480	47.170	127.200	288.850	90.620		
90.630	174.660	74.550	122.120	371.330	90.630	112.360	47.170	127.200	286.730	90.630		
90.640	177.500	74.550	122.120	374.170	90.640	112.360	47.170	127.200	286.730	90.640		
90.650	177.500	74.550	124.960	377.010	90.650	112.360	47.170	127.200	286.730	90.650		
90.660	177.500	74.550	124.960	377.010	90.660	112.360	47.170	127.200	286.730	90.660		
90.670	177.500	74.550	122.120	374.170	90.670	112.360	47.170	127.200	286.730	90.670		
90.680	177.500	74.550	122.120	374.170	90.680	112.360	47.170	127.200	286.730	90.680		
90.690	177.500	74.550	122.120	374.170	90.690	109.710	47.170	127.200	284.080	90.690		
90.700	177.500	74.550	122.120	374.170	90.700	109.710	44.520	127.200	281.430	90.700		
90.710	177.500	74.550	122.120	374.170	90.710	109.710	44.520	129.850	284.080	90.710		
90.720	177.500	74.550	122.120	374.170	90.720	109.710	44.520	129.850	284.080	90.720		
90.730	177.390	74.460	121.910	373.760	90.730	109.710	44.520	132.500	286.730	90.730		
90.740	179.580	74.460	121.910	375.950	90.740	109.620	44.820	129.600	284.040	90.740		
90.750	179.580	74.460	121.910	375.950	90.750	109.620	44.820	129.600	284.040	90.750		
90.760	179.580	74.460	121.910	375.950	90.760	109.620	44.820	129.600	284.040	90.760		
90.770	179.580	74.460	121.910	375.950	90.770	109.620	44.820	132.300	286.740	90.770		
90.780	179.580	74.460	121.910	375.950	90.780	107.460	42.120	132.300	281.880	90.780		
90.790	179.580	74.460	119.720	373.760	90.790	107.460	44.820	132.300	284.580	90.790		
90.800	179.580	74.460	119.720	373.760	90.800	107.460	42.120	132.300	281.880	90.800		
90.810	179.580	74.460	121.910	375.950	90.810	107.460	42.120	132.300	281.880	90.810		
90.820	179.580	74.460	121.910	375.950	90.820	107.460	42.120	132.300	281.880	90.820		
90.830	182.500	74.460	121.910	378.870	90.830	104.760	42.120	132.300	279.180	90.830		
90.840	182.500	74.460	121.910	378.870	90.840	104.760	42.120	135.000	281.880	90.840		
90.850	182.500	74.460	121.910	378.870	90.850	107.460	42.120	132.300	281.880	90.850		
90.860	182.500	74.460	121.910	378.870	90.860	104.760	42.120	132.300	279.180	90.860		
90.870	182.500	74.460	121.910	378.870	90.870	104.760	42.120	135.000	281.880	90.870		
90.880	182.040	74.740	119.880	376.660	90.880	104.760	42.120	132.300	279.180	90.880		
90.890	182.040	74.740	122.100	378.880	90.890	104.760	44.820	135.000	284.580	90.890		
90.900	182.040	74.740	122.100	378.880	90.900	104.760	42.120	132.300	279.180	90.900		
90.910	182.040	74.740	119.880	376.660	90.910	104.760	42.120	132.300	279.180	90.910		
90.920	182.040	74.740	119.880	376.660	90.920	104.760	42.120	132.300	279.180	90.920		
90.930	185.000	74.740	119.880	379.620	90.930	104.760	42.120	132.300	279.180	90.930		
90.940	182.040	74.740	119.880	376.660	90.940	102.060	42.120	132.300	276.480	90.940		
90.950	182.040	74.740	119.880	376.660	90.950	102.060	42.120	132.300	276.480	90.950		
90.960	182.040	74.740	119.880	376.660	90.960	104.760	39.960	132.300	277.020	90.960		
90.970	182.040	74.740	119.880	376.660	90.970	102.060	39.960	132.300	274.320	90.970		
90.980	182.040	74.740	119.880	376.660	90.980	102.060	39.960	132.300	274.320	90.980		
90.990	182.040	74.740	119.880	376.660	90.990	102.060	42.120	135.000	279.180	90.990		
91.000	185.000	74.740	119.880	379.620	91.000	102.060	42.120	132.300	276.480	91.000		
91.010	185.000	74.740	119.880	379.620	91.010	102.060	39.960	135.000	277.020	91.010		
91.020	185.000	71.780	119.880	376.660	91.020	99.900	39.960	132.300	272.160	91.020		
91.030	184.500	75.000	120.000	379.500	91.030	99.900	39.960	135.000	274.860	91.030		
91.040	184.500	75.000	120.000	379.500	91.040	99.900	39.960	135.000	274.860	91.040		
91.050	184.500	75.000	120.000	379.500	91.050	102.060	42.120	132.300	276.480	91.050		
91.060	184.500	75.000	120.000	379.500	91.060	102.060	39.960	135.000	277.020	91.060		
91.070	187.500	77.250	120.000	384.750	91.070	102.060	39.960	132.300	274.320	91.070		
91.080	184.500	75.000	120.000	379.500	91.080	102.060	39.960	132.300	274.320	91.080		
91.090	187.500	75.000	120.000	382.500	91.090	102.060	39.960	132.300	274.320	91.090		
91.100	187.500	75.000	120.000	382.500	91.100	99.900	42.120	132.300	274.320	91.100		
91.110	187.500	77.250	120.000	384.750	91.110	102.060	42.120	132.300	276.480	91.110		
91.120	187.500	75.000	120.000	382.500	91.120	102.060	42.120	129.600	273.780	91.120		
91.130	187.500	75.000	120.000	382.500	91.130	102.060	39.960	129.600	271.620	91.130		
91.140	187.500	77.250	120.000	384.750	91.140	102.060	42.120	129.600	273.780	91.140		
91.150	187.500	75.000	120.000	382.500	91.150	102.060	42.120	129.600	273.780	91.150		
91.160	187.500	77.250	120.000	384.750	91.160	102.060	42.120	129.600	273.780	91.160		
91.170	187.500	75.000	120.000	382.500	91.170	102.060	42.120	129.600	273.780	91.170		
91.180	186.960	74.480	119.320	380.760	91.180	102.060	42.120	129.600	273.780	91.180		
91.190	186.960	76.760	122.360	386.080	91.190	102.440	42.120	130.000	274.560	91.190		
91.200	190.000	76.760	119.320	386.080	91.200	102.440	42.120	127.400	271.960	91.200		
91.210	186.960	76.760	119.320	383.040	91.210	102.440	42.120	127.400	271.960	91.210		
91.220	186.960	76.760	122.360	386.080	91.220	102.440	39.520	127.400	269.360	91.220		
91.230	186.960	76.760	119.320	383.040	91.230	102.440	42.120	127.400	271.960	91.230		
91.240	190.000	76.760	119.320	386.080	91.240	102.440	39.520	124.800	266.760	91.240		
91.250	190.000	76.760	119.320	386.080	91.250	102.440	42.120	127.400	271.960	91.250		
91.260	190.000	76.760	119.320	386.080	91.260	102.440	39.520	124.800	266.760	91.260		
91.270	190.000	76.760	119.320	386.080	91.270	102.440	39.520	127.400	269.360	91.270		
91.280	190.000	76.760	122.360	389.120	91.280	102.440	39.520	127.400	269.360	91.280		
91.290	190.000	76.760	122.360	389.120	91.290	102.440	39.520	127.400	269.360	91.290		
91.300	190.000	76.760	119.320	386.080	91.300	102.440	42.120	127.400	271.960	91.300		
91.310	190.000	76.760	119.320	386.080	91.310	102.440	39.520	124.800	266.760	91.310		
91.320	190.000	76.760	119.320	386.080	91.320	102.440	39.520	124.800	266.760	91.320		
91.330	189.420	77.000	119.350	385.770	91.330	102.440	39.520	124.800	266.760	91.330		
91.340	192.500	77.000	122.430	391.930	91.340	102.500	40.000	125.000	267.500	91.340		
91.350	189.420	77.000	122.430	388.850	91.350	102.500	40.000	125.000	267.500	91.350		
91.360	192.500	77.000	122.430	391.930	91.360	102.500	40.000	125.000	267.500	91.360		
91.370	192.500	79.310	122.430	394.240	91.370	102.500	40.000	122.500	265.000	91.370		
91.380	192.500	77.000	119.350	388.850	91.380	102.500	40.000	122.500	265.000	91.380		
91.390	192.500	77.000	122.430	391.930	91.390	102.500	40.000	122.500	265.000	91.390		
91.400	192.500	79.310	122.430	394.240	91.400	102.500	40.000	122.500	265.000	91.400		
91.410	192.500	77.000	122.430	391.930	91.410	102.500	40.000	120.000	262.500	91.410		
91.420	192.500	79.310	122.430	394.240	91.420	102.500	40.000	120.000	262.500	91.420		
91.430	192.500	79.310	122.430	394.240	91.430	102.500	40.000	120.000	262.500	91.430		
91.440	192.500	79.310	122.430	394.240	91.440	102.500	40.000	120.000	262.500	91.440		
91.450	192.500	77.000	119.350	388.850	91.450	102.500	40.000	120.000	262.500	91.450		
91.460	192.500	79.310	119.350	391.160	91.460	102.500	37.500	117.500	257.500	91.460		
91.470	192.500	79.310	122.430	394.240	91.470	102.500	40.000	120.000	262.500	91.470		
91.480	194.340	79.790	122.450	396.580	91.480	105.000	40.000	117.500	262.500	91.480		
91.490	194.340	79.790	122.450	396.580	91.490	104.810	39.950	117.500	262.260	91.490		
91.500	194.340	79.790	122.450	396.580	91.500	104.810	39.950	117.500	262.260	91.500		
91.510	194.340	82.160	122.450	398.950	91.510	104.810	39.950	117.500	262.260	91.510		
91.520	194.340	79.790	122.450	396.580	91.520	104.810	39.950	114.680	259.440	91.520		
91.530	194.340	79.790	122.450	396.580	91.530	102.460	39.950	114.680	257.090	91.530		
91.540	194.340	79.790	122.450	396.580	91.540	104.810	39.950	114.680	259.440	91.540		
91.550	194.340	79.790	122.450	396.580	91.550	104.810	39.950	114.680	259.440	91.550		
91.560	197.500	79.790	124.820	402.110	91.560	107.160	39.950	112.330	259.440	91.560		
91.570	194.340	79.790	122.450	396.580	91.570	107.160	39.950	114.680	261.790	91.570		
91.580	194.340	79.790	122.450	396.580	91.580	104.810	39.950	112.330	257.090	91.580		
91.590	194.340	82.160	122.450	398.950	91.590	107.160	39.950	112.330	259.440	91.590		
91.600	194.340	79.790	122.450	396.580	91.600	107.160	39.950	109.980	257.090	91.600		
91.610	194.340	79.790	122.450	396.580	91.610	107.160	42.300	109.980	259.440	91.610		
91.620	194.340	82.160	122.450	398.950	91.620	107.160	39.950	109.980	257.090	91.620		
91.630	197.500	82.160	124.820	404.480	91.630	107.160	39.950	109.980	257.090	91.630		
91.640	197.500	82.160	122.450	402.110	91.640	109.920	42.240	109.920	262.080	91.640		
91.650	194.340	82.160	122.450	398.950	91.650	109.920	42.240	107.040	259.200	91.650		
91.660	194.340	82.160	124.820	401.320	91.660	109.920	42.240	107.040	259.200	91.660		
91.670	194.340	82.160	122.450	398.950	91.670	112.320	42.240	107.040	261.600	91.670		
91.680	197.500	82.160	124.820	404.480	91.680	112.320	42.240	104.640	259.200	91.680		
91.690	194.340	84.530	124.820	403.690	91.690	112.320	42.240	104.640	259.200	91.690		
91.700	194.340	82.160	124.820	401.320	91.700	112.320	42.240	104.640	259.200	91.700		
91.710	194.340	84.530	127.190	406.060	91.710	114.720	44.640	104.640	264.000	91.710		
91.720	194.340	84.530	124.820	403.690	91.720	114.720	44.640	102.240	261.600	91.720		
91.730	191.970	84.530	127.190	403.690	91.730	117.120	44.640	102.240	264.000	91.730		
91.740	191.970	84.530	127.190	403.690	91.740	114.720	44.640	102.240	261.600	91.740		
91.750	191.970	84.530	127.190	403.690	91.750	117.120	44.640	99.840	261.600	91.750		
91.760	191.970	84.530	129.560	406.060	91.760	117.120	44.640	99.840	261.600	91.760		
91.770	189.600	86.900	129.560	406.060	91.770	117.120	44.640	97.440	259.200	91.770		
91.780	190.000	87.400	132.240	409.640	91.780	120.000	44.640	97.440	262.080	91.780		
91.790	190.000	87.400	132.240	409.640	91.790	119.600	44.720	94.640	258.960	91.790		
91.800	186.960	87.400	132.240	406.600	91.800	122.200	44.720	94.640	261.560	91.800		
91.810	186.960	87.400	134.520	408.880	91.810	122.200	44.720	94.640	261.560	91.810		
91.820	184.680	87.400	134.520	406.600	91.820	122.200	47.320	92.040	261.560	91.820		
91.830	184.680	87.400	134.520	406.600	91.830	122.200	44.720	92.040	258.960	91.830		
91.840	182.400	87.400	136.800	406.600	91.840	124.800	44.720	89.960	259.480	91.840		
91.850	182.400	87.400	136.800	406.600	91.850	124.800	44.720	89.960	259.480	91.850		
91.860	182.400	87.400	136.800	406.600	91.860	124.800	47.320	89.960	262.080	91.860		
91.870	182.400	89.680	139.840	411.920	91.870	127.400	44.720	87.360	259.480	91.870		
91.880	179.360	89.680	139.840	408.880	91.880	127.400	47.320	89.960	264.680	91.880		
91.890	179.360	87.400	139.840	406.600	91.890	127.400	47.320	87.360	262.080	91.890		
91.900	179.360	89.680	142.120	411.160	91.900	127.400	47.320	87.360	262.080	91.900		
91.910	177.080	89.680	139.840	406.600	91.910	127.400	47.320	87.360	262.080	91.910		
91.920	177.080	89.680	142.120	408.880	91.920	130.000	47.320	87.360	264.680	91.920		
91.930	177.500	89.460	139.870	406.830	91.930	127.400	47.320	87.360	262.080	91.930		
91.940	177.500	89.460	142.000	408.960	91.940	129.850	47.170	87.450	264.470	91.940		
91.950	177.500	89.460	142.000	408.960	91.950	129.850	47.170	87.450	264.470	91.950		
91.960	177.500	89.460	142.000	408.960	91.960	129.850	47.170	87.450	264.470	91.960		
91.970	177.500	89.460	142.000	408.960	91.970	129.850	49.820	87.450	267.120	91.970		
91.980	177.500	89.460	142.000	408.960	91.980	129.850	47.170	87.450	264.470	91.980		
91.990	177.500	89.460	142.000	408.960	91.990	132.500	47.170	87.450	267.120	91.990		
92.000	177.500	89.460	142.000	408.960	92.000	132.500	47.170	87.450	267.120	92.000		
92.010	177.500	89.460	142.000	408.960	92.010	132.500	47.170	84.800	264.470	92.010		
92.020	177.500	89.460	142.000	408.960	92.020	132.500	49.820	87.450	269.770	92.020		
92.030	177.500	87.330	142.000	406.830	92.030	132.500	47.170	87.450	267.120	92.030		
92.040	177.500	89.460	142.000	408.960	92.040	132.500	47.170	87.450	267.120	92.040		
92.050	177.500	89.460	142.000	408.960	92.050	132.500	47.170	87.450	267.120	92.050		
92.060	177.500	89.460	142.000	408.960	92.060	132.500	47.170	87.450	267.120	92.060		
92.070	177.500	87.330	142.000	406.830	92.070	132.500	49.820	87.450	269.770	92.070		
92.080	177.500	87.330	142.000	406.830	92.080	132.500	49.820	87.450	269.770	92.080		
92.090	177.500	87.330	142.000	406.830	92.090	134.520	49.590	87.210	271.320	92.090		
92.100	177.500	87.330	139.870	404.700	92.100	132.240	49.590	87.210	269.040	92.100		
92.110	177.500	87.330	139.870	404.700	92.110	134.520	49.590	87.210	271.320	92.110		
92.120	177.500	89.460	142.000	408.960	92.120	134.520	49.590	87.210	271.320	92.120		
92.130	177.500	87.330	142.000	406.830	92.130	134.520	49.590	87.210	271.320	92.130		
92.140	177.500	87.330	139.870	404.700	92.140	134.520	49.590	87.210	271.320	92.140		
92.150	177.500	87.330	139.870	404.700	92.150	134.520	49.590	84.930	269.040	92.150		
92.160	177.500	87.330	139.870	404.700	92.160	137.370	52.440	87.210	277.020	92.160		
92.170	177.500	87.330	139.870	404.700	92.170	137.370	52.440	84.930	274.740	92.170		
92.180	174.660	87.330	139.870	401.860	92.180	137.370	52.440	84.930	274.740	92.180		
92.190	174.660	87.330	139.870	401.860	92.190	139.650	49.590	84.930	274.170	92.190		
92.200	174.660	87.330	139.870	401.860	92.200	139.650	52.440	84.930	277.020	92.200		
92.210	174.660	87.330	142.000	403.990	92.210	139.650	52.440	84.930	277.020	92.210		
92.220	171.820	87.330	139.870	399.020	92.220	139.650	52.440	84.930	277.020	92.220		
92.230	172.500	86.940	142.140	401.580	92.230	142.500	52.440	84.930	279.870	92.230		
92.240	172.500	86.940	139.380	398.820	92.240	142.200	52.200	84.600	279.000	92.240		
92.250	172.500	86.940	142.140	401.580	92.250	142.200	52.200	84.600	279.000	92.250		
92.260	172.500	86.940	142.140	401.580	92.260	142.200	54.600	84.600	281.400	92.260		
92.270	169.740	86.940	142.140	398.820	92.270	142.200	52.200	84.600	279.000	92.270		
92.280	169.740	86.940	142.140	398.820	92.280	142.200	54.600	82.200	279.000	92.280		
92.290	169.740	86.940	142.140	398.820	92.290	144.600	54.600	82.200	281.400	92.290		
92.300	166.980	86.940	142.140	396.060	92.300	144.600	54.600	82.200	281.400	92.300		
92.310	166.980	84.870	142.140	393.990	92.310	147.000	52.200	82.200	281.400	92.310		
92.320	166.980	84.870	142.140	393.990	92.320	147.000	54.600	82.200	283.800	92.320		
92.330	164.910	84.870	144.900	394.680	92.330	147.000	54.600	79.800	281.400	92.330		
92.340	164.910	84.870	142.140	391.920	92.340	147.000	54.600	79.800	281.400	92.340		
92.350	164.910	86.940	144.900	396.750	92.350	150.000	54.600	82.200	286.800	92.350		
92.360	164.910	84.870	142.140	391.920	92.360	150.000	57.000	79.800	286.800	92.360		
92.370	162.150	86.940	144.900	393.990	92.370	150.000	57.000	82.200	289.200	92.370		
92.380	162.500	84.500	144.950	391.950	92.380	150.000	57.000	79.800	286.800	92.380		
92.390	162.500	87.100	144.950	394.550	92.390	149.940	57.330	81.900	289.170	92.390		
92.400	159.900	84.500	144.950	389.350	92.400	152.460	57.330	79.380	289.170	92.400		
92.410	159.900	84.500	144.950	389.350	92.410	152.460	57.330	79.380	289.170	92.410		
92.420	159.900	84.500	144.950	389.350	92.420	152.460	57.330	79.380	289.170	92.420		
92.430	157.300	84.500	144.950	386.750	92.430	154.980	57.330	79.380	291.690	92.430		
92.440	157.300	84.500	144.950	386.750	92.440	154.980	57.330	79.380	291.690	92.440		
92.450	157.300	84.500	144.950	386.750	92.450	154.980	57.330	79.380	291.690	92.450		
92.460	157.300	84.500	146.900	388.700	92.460	154.980	57.330	79.380	291.690	92.460		
92.470	157.300	84.500	146.900	388.700	92.470	154.980	57.330	79.380	291.690	92.470		
92.480	157.300	84.500	146.900	388.700	92.480	157.500	57.330	79.380	294.210	92.480		
92.490	157.300	84.500	146.900	388.700	92.490	154.980	59.850	79.380	294.210	92.490		
92.500	157.300	84.500	146.900	388.700	92.500	154.980	57.330	77.490	289.800	92.500		
92.510	157.300	84.500	146.900	388.700	92.510	157.500	59.850	77.490	294.840	92.510		
92.520	157.300	84.500	146.900	388.700	92.520	157.500	59.850	77.490	294.840	92.520		
92.530	157.500	84.420	147.420	389.340	92.530	157.500	59.850	77.490	294.840	92.530		
92.540	157.500	84.420	147.420	389.340	92.540	157.080	59.400	77.220	293.700	92.540		
92.550	157.500	84.420	149.940	391.860	92.550	159.720	59.400	77.220	296.340	92.550		
92.560	157.500	84.420	147.420	389.340	92.560	159.720	59.400	77.220	296.340	92.560		
92.570	154.980	84.420	149.940	389.340	92.570	159.720	59.400	74.580	293.700	92.570		
92.580	154.980	84.420	147.420	386.820	92.580	159.720	59.400	77.220	296.340	92.580		
92.590	154.980	84.420	149.940	389.340	92.590	159.720	59.400	74.580	293.700	92.590		
92.600	154.980	84.420	149.940	389.340	92.600	162.360	59.400	74.580	296.340	92.600		
92.610	154.980	86.940	149.940	391.860	92.610	162.360	59.400	74.580	296.340	92.610		
92.620	154.980	84.420	149.940	389.340	92.620	162.360	59.400	74.580	296.340	92.620		
92.630	154.980	84.420	149.940	389.340	92.630	162.360	59.400	74.580	296.340	92.630		
92.640	152.460	84.420	149.940	386.820	92.640	162.360	59.400	74.580	296.340	92.640		
92.650	152.460	84.420	149.940	386.820	92.650	165.000	59.400	71.940	296.340	92.650		
92.660	152.460	84.420	152.460	389.340	92.660	165.000	59.400	71.940	296.340	92.660		
92.670	152.460	84.420	149.940	386.820	92.670	162.360	59.400	71.940	293.700	92.670		
92.680	149.760	84.480	152.320	386.560	92.680	165.000	59.400	71.940	296.340	92.680		
92.690	149.760	84.480	152.320	386.560	92.690	164.560	59.840	72.080	296.480	92.690		
92.700	149.760	84.480	152.320	386.560	92.700	164.560	59.840	72.080	296.480	92.700		
92.710	149.760	87.040	154.880	391.680	92.710	164.560	59.840	69.360	293.760	92.710		
92.720	147.200	84.480	154.880	386.560	92.720	164.560	59.840	69.360	293.760	92.720		
92.730	147.200	84.480	154.880	386.560	92.730	164.560	59.840	69.360	293.760	92.730		
92.740	147.200	87.040	154.880	389.120	92.740	164.560	59.840	69.360	293.760	92.740		
92.750	147.200	87.040	154.880	389.120	92.750	164.560	59.840	69.360	293.760	92.750		
92.760	147.200	87.040	154.880	389.120	92.760	167.280	59.840	69.360	296.480	92.760		
92.770	147.200	84.480	154.880	386.560	92.770	167.280	59.840	69.360	296.480	92.770		
92.780	147.200	87.040	154.880	389.120	92.780	167.280	59.840	69.360	296.480	92.780		
92.790	144.640	87.040	157.440	389.120	92.790	170.000	59.840	67.320	297.160	92.790		
92.800	144.640	87.040	157.440	389.120	92.800	170.000	61.880	67.320	299.200	92.800		
92.810	144.640	87.040	157.440	389.120	92.810	170.000	59.840	67.320	297.160	92.810		
92.820	144.640	87.040	160.000	391.680	92.820	170.000	59.840	67.320	297.160	92.820		
92.830	144.950	87.100	157.300	389.350	92.830	170.000	61.880	67.320	299.200	92.830		
92.840	144.950	87.100	157.300	389.350	92.840	169.920	59.760	64.800	294.480	92.840		
92.850	144.950	87.100	159.900	391.950	92.850	169.920	61.920	66.960	298.800	92.850		
92.860	142.350	87.100	157.300	386.750	92.860	172.080	59.760	64.800	296.640	92.860		
92.870	144.950	87.100	159.900	391.950	92.870	172.080	61.920	64.800	298.800	92.870		
92.880	144.950	87.100	159.900	391.950	92.880	172.080	61.920	64.800	298.800	92.880		
92.890	144.950	87.100	159.900	391.950	92.890	172.080	61.920	64.800	298.800	92.890		
92.900	144.950	87.100	159.900	391.950	92.900	174.960	61.920	61.920	298.800	92.900		
92.910	144.950	87.100	159.900	391.950	92.910	174.960	61.920	61.920	298.800	92.910		
92.920	142.350	87.100	159.900	389.350	92.920	177.120	61.920	61.920	300.960	92.920		
92.930	142.350	87.100	162.500	391.950	92.930	177.120	61.920	64.800	303.840	92.930		
92.940	142.350	87.100	159.900	389.350	92.940	177.120	64.800	64.800	306.720	92.940		
92.950	139.750	87.100	162.500	389.350	92.950	180.000	64.800	61.920	306.720	92.950		
92.960	142.350	87.100	159.900	389.350	92.960	177.120	64.800	61.920	303.840	92.960		
92.970	139.750	87.100	159.900	386.750	92.970	180.000	64.800	61.920	306.720	92.970		
92.980	139.680	87.120	159.840	386.640	92.980	180.000	64.800	61.920	306.720	92.980		
92.990	136.800	87.120	162.000	385.920	92.990	179.580	67.160	62.050	308.790	92.990		
93.000	136.800	84.960	159.840	381.600	93.000	179.580	64.970	62.050	306.600	93.000		
93.010	136.800	84.960	162.000	383.760	93.010	179.580	64.970	59.860	304.410	93.010		
93.020	136.800	87.120	164.880	388.800	93.020	179.580	64.970	59.860	304.410	93.020		
93.030	134.640	87.120	164.880	386.640	93.030	179.580	64.970	56.940	301.490	93.030		
93.040	134.640	84.960	164.880	384.480	93.040	179.580	64.970	56.940	301.490	93.040		
93.050	134.640	84.960	164.880	384.480	93.050	182.500	64.970	56.940	304.410	93.050		
93.060	132.480	84.960	167.040	384.480	93.060	182.500	64.970	54.750	302.220	93.060		
93.070	132.480	84.960	167.040	384.480	93.070	182.500	64.970	54.750	302.220	93.070		
93.080	132.480	87.120	169.920	389.520	93.080	179.580	64.970	54.750	299.300	93.080		
93.090	132.480	84.960	172.080	389.520	93.090	179.580	64.970	51.830	296.380	93.090		
93.100	129.600	87.120	174.960	391.680	93.100	179.580	64.970	51.830	296.380	93.100		
93.110	132.480	87.120	177.120	396.720	93.110	177.390	62.050	49.640	289.080	93.110		
93.120	129.600	87.120	180.000	396.720	93.120	177.390	62.050	47.450	286.890	93.120		
93.130	129.860	89.440	182.320	401.620	93.130	177.390	59.860	44.530	281.780	93.130		
93.140	129.860	92.020	184.900	406.780	93.140	177.500	54.670	41.890	274.060	93.140		
93.150	129.860	92.020	187.480	409.360	93.150	177.500	51.830	36.920	266.250	93.150		
93.160	132.440	92.020	189.200	413.660	93.160	177.500	46.860	31.950	256.310	93.160		
93.170	132.440	97.180	194.360	423.980	93.170	177.500	44.730	26.980	249.210	93.170		
93.180	134.160	97.180	194.360	425.700	93.180	174.660	39.760	22.010	236.430	93.180		
93.190	136.740	99.760	199.520	436.020	93.190	171.820	36.920	14.910	223.650	93.190		
93.200	139.320	102.340	204.680	446.340	93.200	169.690	31.950	14.910	216.550	93.200		
93.210	139.320	104.920	207.260	451.500	93.210	164.720	29.820	12.070	206.610	93.210		
93.220	144.480	104.920	209.840	459.240	93.220	156.910	24.850	9.940	191.700	93.220		
93.230	147.060	107.500	212.420	466.980	93.230	154.780	22.010	9.940	186.730	93.230		
93.240	147.060	109.220	212.420	468.700	93.240	149.810	22.010	7.100	178.920	93.240		
93.250	149.640	109.220	215.000	473.860	93.250	146.970	19.880	7.100	173.950	93.250		
93.260	152.220	111.800	215.000	479.020	93.260	142.000	19.880	9.940	171.820	93.260		
93.270	152.220	111.800	215.000	479.020	93.270	142.000	17.040	9.940	168.980	93.270		
93.280	154.800	111.800	215.000	481.600	93.280	139.870	17.040	12.070	168.980	93.280		
93.290	154.800	114.380	215.000	484.180	93.290	139.920	19.800	14.520	174.240	93.290		
93.300	157.380	114.380	215.000	486.760	93.300	137.280	19.800	14.520	171.600	93.300		
93.310	159.960	114.380	212.420	486.760	93.310	139.920	22.440	17.160	179.520	93.310		
93.320	159.960	114.380	212.420	486.760	93.320	141.900	22.440	19.800	184.140	93.320		
93.330	159.960	116.960	212.420	489.340	93.330	141.900	22.440	22.440	186.780	93.330		
93.340	161.680	114.380	212.420	488.480	93.340	144.540	24.420	22.440	191.400	93.340		
93.350	159.960	116.960	209.840	486.760	93.350	147.180	24.420	24.420	196.020	93.350		
93.360	159.960	116.960	209.840	486.760	93.360	149.820	27.060	24.420	201.300	93.360		
93.370	159.960	114.380	209.840	484.180	93.370	152.460	29.700	24.420	206.580	93.370		
93.380	157.380	114.380	207.260	479.020	93.380	157.080	29.700	22.440	209.220	93.380		
93.390	157.380	114.380	204.680	476.440	93.390	159.720	32.340	22.440	214.500	93.390		
93.400	154.800	114.380	207.260	476.440	93.400	162.360	34.980	22.440	219.780	93.400		
93.410	152.220	111.800	207.260	471.280	93.410	162.360	36.960	24.420	223.740	93.410		
93.420	149.640	111.800	207.260	468.700	93.420	162.360	39.600	27.060	229.020	93.420		
93.430	147.060	111.800	209.840	468.700	93.430	165.000	42.240	27.060	234.300	93.430		
93.440	144.480	109.220	209.840	463.540	93.440	167.200	41.800	29.640	238.640	93.440		
93.450	139.320	109.220	209.840	458.380	93.450	164.920	47.120	31.920	243.960	93.450		
93.460	136.740	107.500	212.420	456.660	93.460	164.920	47.120	34.960	247.000	93.460		
93.470	134.160	107.500	209.840	451.500	93.470	164.920	47.120	37.240	249.280	93.470		
93.480	129.860	104.920	209.840	444.620	93.480	164.920	49.400	41.800	256.120	93.480		
93.490	124.700	102.340	209.840	436.880	93.490	167.200	52.440	44.840	264.480	93.490		
93.500	119.540	99.760	212.420	431.720	93.500	167.200	54.720	47.120	269.040	93.500		
93.510	114.380	97.180	212.420	423.980	93.510	169.480	57.000	52.440	278.920	93.510		
93.520	109.220	94.600	212.420	416.240	93.520	171.760	59.280	57.000	288.040	93.520		
93.530	102.340	92.020	215.000	409.360	93.530	171.760	62.320	62.320	296.400	93.530		
93.540	94.600	89.440	212.420	396.460	93.540	177.080	66.880	66.880	310.840	93.540		
93.550	86.860	84.280	212.420	383.560	93.550	179.360	69.920	72.200	321.480	93.550		
93.560	79.980	79.980	209.840	369.800	93.560	182.400	74.480	76.760	333.640	93.560		
93.570	72.240	74.820	212.420	359.480	93.570	186.960	76.760	82.080	345.800	93.570		
93.580	64.680	72.240	210.000	346.920	93.580	190.000	82.080	87.400	359.480	93.580		
93.590	54.600	67.200	210.000	331.800	93.590	197.470	87.360	94.640	379.470	93.590		
93.600	47.040	59.640	207.480	314.160	93.600	202.020	91.910	101.920	395.850	93.600		
93.610	42.000	54.600	204.960	301.560	93.610	204.750	94.640	111.930	411.320	93.610		
93.620	34.440	49.560	199.920	283.920	93.620	207.480	101.920	119.210	428.610	93.620		
93.630	31.920	44.520	192.360	268.800	93.630	212.030	107.380	127.400	446.810	93.630		
93.640	26.880	36.960	184.800	248.640	93.640	214.760	109.200	134.680	458.640	93.640		
93.650	21.840	31.920	172.200	225.960	93.650	217.490	114.660	144.690	476.840	93.650		
93.660	16.800	26.880	162.120	205.800	93.660	217.490	119.210	154.700	491.400	93.660		
93.670	14.280	21.840	147.000	183.120	93.670	222.040	121.940	161.980	505.960	93.670		
93.680	11.760	19.320	136.920	168.000	93.680	222.040	124.670	171.990	518.700	93.680		
93.690	11.760	14.280	124.320	150.360	93.690	222.040	129.220	182.000	533.260	93.690		
93.700	9.240	11.760	111.720	132.720	93.700	224.770	134.680	192.010	551.460	93.700		
93.710	6.720	9.240	99.960	115.920	93.710	227.500	137.410	199.290	564.200	93.710		
93.720	4.200	6.720	84.840	95.760	93.720	227.500	139.230	207.480	574.210	93.720		
93.730	2.320	4.930	72.500	79.750	93.730	227.500	141.960	217.490	586.950	93.730		
93.740	2.320	4.930	59.740	66.990	93.740	226.600	147.290	224.540	598.430	93.740		
93.750	0.000	2.320	49.880	52.200	93.750	229.690	149.350	231.750	610.790	93.750		
93.760	0.000	2.320	42.340	44.660	93.760	226.600	152.440	236.900	615.940	93.760		
93.770	0.000	0.000	32.480	32.480	93.770	229.690	154.500	242.050	626.240	93.770		
93.780	0.000	0.000	22.330	22.330	93.780	229.690	154.500	247.200	631.390	93.780		
93.790	0.000	0.000	12.470	12.470	93.790	229.690	156.560	252.350	638.600	93.790		
93.800	0.000	0.000	4.930	4.930	93.800	229.690	159.650	254.410	643.750	93.800		
93.810	0.000	0.000	2.320	2.320	93.810	229.690	159.650	257.500	646.840	93.810		
93.820	0.000	0.000	0.000	0.000	93.820	229.690	159.650	257.500	646.840	93.820		
93.830	0.000	0.000	0.000	0.000	93.830	226.600	159.650	254.410	640.660	93.830		
93.840	0.000	0.000	0.000	0.000	93.840	229.690	159.650	254.410	643.750	93.840		
93.850	0.000	0.000	0.000	0.000	93.850	226.600	156.560	252.350	635.510	93.850		
93.860	0.000	0.000	0.000	0.000	93.860	226.600	156.560	249.260	632.420	93.860		
93.870	0.000	0.000	0.000	0.000	93.870	226.600	154.500	247.200	628.300	93.870		
93.880	0.000	0.000	0.000	0.000	93.880	226.600	152.440	242.050	621.090	93.880		
93.890	0.000	0.000	0.000	0.000	93.890	226.560	151.680	240.000	618.240	93.890		
93.900	0.000	0.000	0.000	0.000	93.900	224.640	149.760	237.120	611.520	93.900		
93.910	0.000	0.000	0.000	0.000	93.910	224.640	149.760	237.120	611.520	93.910		
93.920	0.000	0.000	0.000	0.000	93.920	224.640	146.880	234.240	605.760	93.920		
93.930	0.000	0.000	0.000	0.000	93.930	224.640	146.880	232.320	603.840	93.930		
93.940	0.000	0.000	2.400	2.400	93.940	221.760	146.880	229.440	598.080	93.940		
93.950	2.400	0.000	4.800	7.200	93.950	224.640	144.960	224.640	594.240	93.950		
93.960	4.800	0.000	9.900	14.700	93.960	224.640	144.960	219.840	589.440	93.960		
93.970	7.500	4.800	19.800	32.100	93.970	224.640	142.080	214.080	580.800	93.970		
93.980	19.800	12.300	34.800	66.900	93.980	224.640	137.280	207.360	569.280	93.980		
93.990	30.000	17.400	47.400	94.800	93.990	224.640	132.480	194.880	552.000	93.990		
94.000	30.000	19.800	57.300	107.100	94.000	221.760	126.720	182.400	530.880	94.000		
94.010	30.000	24.900	64.800	119.700	94.010	219.840	121.920	169.920	511.680	94.010		
94.020	34.800	32.400	75.000	142.200	94.020	216.960	114.240	157.440	488.640	94.020		
94.030	44.730	42.210	86.940	173.880	94.030	214.080	106.560	144.960	465.600	94.030		
94.040	54.810	49.770	97.020	201.600	94.040	212.500	96.900	127.500	436.900	94.040		
94.050	64.890	57.330	107.100	229.320	94.050	209.950	89.250	112.200	411.400	94.050		
94.060	74.970	64.890	114.660	254.520	94.060	207.400	82.450	96.900	386.750	94.060		
94.070	84.420	72.450	119.700	276.570	94.070	204.850	77.350	85.000	367.200	94.070		
94.080	94.500	79.380	124.740	298.620	94.080	204.850	69.700	69.700	344.250	94.080		
94.090	102.060	84.420	132.300	318.780	94.090	202.300	59.500	59.500	321.300	94.090		
94.100	109.620	89.460	137.340	336.420	94.100	199.750	54.400	46.750	300.900	94.100		
94.110	114.660	94.500	142.380	351.540	94.110	194.650	49.300	39.950	283.900	94.110		
94.120	119.700	97.020	144.900	361.620	94.120	192.100	44.200	32.300	268.600	94.120		
94.130	127.260	102.060	149.940	379.260	94.130	184.450	37.400	22.100	243.950	94.130		
94.140	132.300	104.580	152.460	389.340	94.140	179.350	32.300	11.900	223.550	94.140		
94.150	137.340	107.100	154.980	399.420	94.150	174.250	24.650	4.250	203.150	94.150		
94.160	142.380	109.620	157.500	409.500	94.160	170.000	19.550	1.700	191.250	94.160		
94.170	147.420	114.660	157.500	419.580	94.170	164.900	14.450	1.700	181.050	94.170		
94.180	154.400	116.800	160.000	431.200	94.180	157.250	11.900	0.000	169.150	94.180		
94.190	160.000	120.000	162.400	442.400	94.190	152.500	9.760	0.000	162.260	94.190		
94.200	164.800	122.400	160.000	447.200	94.200	147.010	9.760	0.000	156.770	94.200		
94.210	172.000	124.800	162.400	459.200	94.210	142.130	4.880	0.000	147.010	94.210		
94.220	174.400	127.200	164.800	466.400	94.220	137.250	4.880	0.000	142.130	94.220		
94.230	180.000	127.200	164.800	472.000	94.230	132.370	4.880	0.000	137.250	94.230		
94.240	184.800	129.600	164.800	479.200	94.240	129.930	2.440	0.000	132.370	94.240		
94.250	187.200	129.600	164.800	481.600	94.250	124.440	2.440	0.000	126.880	94.250		
94.260	189.600	129.600	164.800	484.000	94.260	122.000	2.440	0.000	124.440	94.260		
94.270	192.000	132.000	167.200	491.200	94.270	119.560	0.000	0.000	119.560	94.270		
94.280	194.400	129.600	167.200	491.200	94.280	117.120	0.000	0.000	117.120	94.280		
94.290	194.400	129.600	167.200	491.200	94.290	114.680	0.000	0.000	114.680	94.290		
94.300	196.800	132.000	169.600	498.400	94.300	112.240	0.000	0.000	112.240	94.300		
94.310	200.000	134.400	169.600	504.000	94.310	109.800	0.000	0.000	109.800	94.310		
94.320	200.000	134.400	172.000	506.400	94.320	109.800	0.000	0.000	109.800	94.320		
94.330	199.640	134.320	172.040	506.000	94.330	107.360	0.000	0.000	107.360	94.330		
94.340	202.400	134.320	172.040	508.760	94.340	105.000	0.000	0.000	105.000	94.340		
94.350	202.400	134.320	172.040	508.760	94.350	105.000	2.100	0.000	107.100	94.350		
94.360	204.240	134.320	174.800	513.360	94.360	102.480	2.100	2.100	106.680	94.360		
94.370	207.000	134.320	176.640	517.960	94.370	102.480	4.620	4.620	111.720	94.370		
94.380	207.000	132.480	174.800	514.280	94.380	99.960	4.620	7.140	111.720	94.380		
94.390	209.760	132.480	174.800	517.040	94.390	99.960	4.620	9.660	114.240	94.390		
94.400	214.360	132.480	172.040	518.880	94.400	97.440	4.620	12.180	114.240	94.400		
94.410	217.120	129.720	169.280	516.120	94.410	97.440	4.620	12.180	114.240	94.410		
94.420	217.120	126.960	169.280	513.360	94.420	97.440	4.620	12.180	114.240	94.420		
94.430	221.720	126.960	167.440	516.120	94.430	94.920	4.620	14.700	114.240	94.430		
94.440	224.480	124.200	167.440	516.120	94.440	92.400	7.140	14.700	114.240	94.440		
94.450	227.240	124.200	164.680	516.120	94.450	89.880	7.140	19.740	116.760	94.450		
94.460	227.240	124.200	164.680	516.120	94.460	89.880	7.140	19.740	116.760	94.460		
94.470	230.000	122.360	164.680	517.040	94.470	87.360	7.140	22.260	116.760	94.470		
94.480	229.890	122.220	161.990	514.100	94.480	84.840	7.140	22.260	114.240	94.480		
94.490	229.890	122.220	161.990	514.100	94.490	85.000	7.480	22.440	114.920	94.490		
94.500	229.890	122.220	159.080	511.190	94.500	85.000	7.480	24.820	117.300	94.500		
94.510	226.980	122.220	161.990	511.190	94.510	82.280	7.480	24.820	114.580	94.510		
94.520	226.980	119.310	159.080	505.370	94.520	82.280	9.860	24.820	116.960	94.520		
94.530	224.070	119.310	159.080	502.460	94.530	79.900	9.860	27.200	116.960	94.530		
94.540	224.070	119.310	157.140	500.520	94.540	79.900	7.480	27.200	114.580	94.540		
94.550	224.070	117.370	157.140	498.580	94.550	79.900	7.480	27.200	114.580	94.550		
94.560	226.980	119.310	157.140	503.430	94.560	79.900	9.860	29.920	119.680	94.560		
94.570	229.890	117.370	157.140	504.400	94.570	77.180	9.860	29.920	116.960	94.570		
94.580	229.890	117.370	157.140	504.400	94.580	74.800	7.480	29.920	112.200	94.580		
94.590	231.830	119.310	154.230	505.370	94.590	74.800	7.480	29.920	112.200	94.590		
94.600	236.680	119.310	154.230	510.220	94.600	72.420	7.480	29.920	109.820	94.600		
94.610	239.590	117.370	152.290	509.250	94.610	72.420	7.480	29.920	109.820	94.610		
94.620	242.500	117.370	149.380	509.250	94.620	72.420	7.480	29.920	109.820	94.620		
94.630	246.480	116.480	149.760	512.720	94.630	72.420	7.480	29.920	109.820	94.630		
94.640	249.600	116.480	144.560	510.640	94.640	72.500	7.250	29.870	109.620	94.640		
94.650	251.680	116.480	144.560	512.720	94.650	69.890	7.250	29.870	107.010	94.650		
94.660	251.680	116.480	144.560	512.720	94.660	69.890	7.250	29.870	107.010	94.660		
94.670	254.800	116.480	142.480	513.760	94.670	69.890	4.930	29.870	104.690	94.670		
94.680	254.800	116.480	142.480	513.760	94.680	69.890	4.930	29.870	104.690	94.680		
94.690	254.800	116.480	142.480	513.760	94.690	69.890	7.250	29.870	107.010	94.690		
94.700	254.800	114.400	139.360	508.560	94.700	69.890	4.930	29.870	104.690	94.700		
94.710	254.800	114.400	139.360	508.560	94.710	67.280	7.250	29.870	104.400	94.710		
94.720	256.880	114.400	139.360	510.640	94.720	67.280	7.250	29.870	104.400	94.720		
94.730	256.880	114.400	139.360	510.640	94.730	67.280	4.930	29.870	102.080	94.730		
94.740	260.000	114.400	139.360	513.760	94.740	67.280	7.250	29.870	104.400	94.740		
94.750	260.000	114.400	139.360	513.760	94.750	67.280	7.250	29.870	104.400	94.750		
94.760	260.000	114.400	137.280	511.680	94.760	67.280	4.930	29.870	102.080	94.760		
94.770	260.000	114.400	139.360	513.760	94.770	64.960	4.930	32.480	102.370	94.770		
94.780	260.000	114.400	139.360	513.760	94.780	64.960	7.250	32.480	104.690	94.780		
94.790	260.000	114.400	139.360	513.760	94.790	64.960	7.280	35.000	107.240	94.790		
94.800	256.880	114.400	139.360	510.640	94.800	64.960	7.280	35.000	107.240	94.800		
94.810	256.880	114.400	139.360	510.640	94.810	64.960	7.280	35.000	107.240	94.810		
94.820	256.880	114.400	139.360	510.640	94.820	64.960	4.760	35.000	104.720	94.820		
94.830	256.880	114.400	139.360	510.640	94.830	64.960	7.280	35.000	107.240	94.830		
94.840	254.800	114.400	139.360	508.560	94.840	64.960	4.760	35.000	104.720	94.840		
94.850	254.800	114.400	139.360	508.560	94.850	67.480	7.280	37.240	112.000	94.850		
94.860	254.800	114.400	139.360	508.560	94.860	67.480	7.280	37.240	112.000	94.860		
94.870	251.680	114.400	139.360	505.440	94.870	67.480	7.280	37.240	112.000	94.870		
94.880	251.680	114.400	142.480	508.560	94.880	67.480	9.800	39.760	117.040	94.880		
94.890	251.680	114.400	142.480	508.560	94.890	70.000	9.800	39.760	119.560	94.890		
94.900	251.680	114.400	139.360	505.440	94.900	70.000	9.800	39.760	119.560	94.900		
94.910	251.680	114.400	139.360	505.440	94.910	70.000	12.320	42.280	124.600	94.910		
94.920	251.680	112.320	139.360	503.360	94.920	70.000	9.800	42.280	122.080	94.920		
94.930	250.000	115.000	142.000	507.000	94.930	70.000	12.320	42.280	124.600	94.930		
94.940	247.000	112.000	142.000	501.000	94.940	69.900	12.300	42.300	124.500	94.940		
94.950	247.000	115.000	142.000	504.000	94.950	72.300	12.300	42.300	126.900	94.950		
94.960	247.000	112.000	142.000	501.000	94.960	72.300	12.300	42.300	126.900	94.960		
94.970	245.000	115.000	142.000	502.000	94.970	72.300	12.300	42.300	126.900	94.970		
94.980	242.000	112.000	142.000	496.000	94.980	72.300	12.300	42.300	126.900	94.980		
94.990	242.000	112.000	145.000	499.000	94.990	75.000	12.300	45.000	132.300	94.990		
95.000	240.000	112.000	145.000	497.000	95.000	72.300	12.300	45.000	129.600	95.000		
95.010	237.000	112.000	145.000	494.000	95.010	75.000	15.000	45.000	135.000	95.010		
95.020	237.000	112.000	145.000	494.000	95.020	72.300	15.000	45.000	132.300	95.020		
95.030	237.000	112.000	145.000	494.000	95.030	75.000	15.000	45.000	135.000	95.030		
95.040	235.000	112.000	147.000	494.000	95.040	75.000	15.000	45.000	135.000	95.040		
95.050	235.000	112.000	147.000	494.000	95.050	75.000	15.000	47.400	137.400	95.050		
95.060	235.000	112.000	150.000	497.000	95.060	75.000	15.000	47.400	137.400	95.060		
95.070	232.000	112.000	150.000	494.000	95.070	75.000	15.000	47.400	137.400	95.070		
95.080	230.000	112.240	151.800	494.040	95.080	75.000	17.400	49.800	142.200	95.080		
95.090	230.000	112.240	151.800	494.040	95.090	75.000	15.000	49.800	139.800	95.090		
95.100	227.240	112.240	151.800	491.280	95.100	75.000	17.400	49.800	142.200	95.100		
95.110	227.240	112.240	154.560	494.040	95.110	75.000	17.400	52.500	144.900	95.110		
95.120	224.480	112.240	154.560	491.280	95.120	75.000	17.400	52.500	144.900	95.120		
95.130	224.480	112.240	154.560	491.280	95.130	75.000	17.400	52.500	144.900	95.130		
95.140	221.720	112.240	154.560	488.520	95.140	72.300	17.400	54.900	144.600	95.140		
95.150	221.720	112.240	157.320	491.280	95.150	72.300	17.400	57.300	147.000	95.150		
95.160	219.880	112.240	157.320	489.440	95.160	72.300	17.400	54.900	144.600	95.160		
95.170	219.880	112.240	157.320	489.440	95.170	72.300	17.400	57.300	147.000	95.170		
95.180	217.120	112.240	157.320	486.680	95.180	72.300	17.400	57.300	147.000	95.180		
95.190	214.360	112.240	159.160	485.760	95.190	72.300	17.400	57.300	147.000	95.190		
95.200	214.360	112.240	159.160	485.760	95.200	72.300	17.400	60.000	149.700	95.200		
95.210	211.600	112.240	161.920	485.760	95.210	75.000	19.800	60.000	154.800	95.210		
95.220	211.600	112.240	161.920	485.760	95.220	72.300	19.800	57.300	149.400	95.220		
95.230	210.000	111.720	164.640	486.360	95.230	75.000	19.800	57.300	152.100	95.230		
95.240	207.480	111.720	164.640	483.840	95.240	74.910	19.800	57.420	152.130	95.240		
95.250	207.480	111.720	164.640	483.840	95.250	74.910	19.800	57.420	152.130	95.250		
95.260	204.960	109.200	164.640	478.800	95.260	74.910	19.800	54.780	149.490	95.260		
95.270	204.960	111.720	167.160	483.840	95.270	74.910	19.800	54.780	149.490	95.270		
95.280	204.960	111.720	167.160	483.840	95.280	74.910	19.800	54.780	149.490	95.280		
95.290	202.440	111.720	169.680	483.840	95.290	77.220	22.440	54.780	154.440	95.290		
95.300	202.440	111.720	167.160	481.320	95.300	77.220	22.440	52.470	152.130	95.300		
95.310	199.920	111.720	169.680	481.320	95.310	79.860	22.440	52.470	154.770	95.310		
95.320	199.920	111.720	169.680	481.320	95.320	79.860	22.440	52.470	154.770	95.320		
95.330	199.920	114.240	172.200	486.360	95.330	79.860	22.440	49.830	152.130	95.330		
95.340	199.920	111.720	169.680	481.320	95.340	79.860	22.440	49.830	152.130	95.340		
95.350	197.400	111.720	169.680	478.800	95.350	82.500	22.440	49.830	154.770	95.350		
95.360	197.400	111.720	169.680	478.800	95.360	82.500	22.440	49.830	154.770	95.360		
95.370	197.400	111.720	172.200	481.320	95.370	82.500	22.440	49.830	154.770	95.370		
95.380	196.800	112.000	172.000	480.800	95.380	82.500	22.440	49.830	154.770	95.380		
95.390	200.000	114.400	172.000	486.400	95.390	82.280	22.440	49.980	154.700	95.390		
95.400	200.000	114.400	172.000	486.400	95.400	79.900	22.440	49.980	152.320	95.400		
95.410	200.000	114.400	172.000	486.400	95.410	82.280	22.440	49.980	154.700	95.410		
95.420	196.800	114.400	172.000	483.200	95.420	82.280	22.440	49.980	154.700	95.420		
95.430	200.000	114.400	172.000	486.400	95.430	79.900	24.820	49.980	154.700	95.430		
95.440	196.800	112.000	172.000	480.800	95.440	79.900	24.820	49.980	154.700	95.440		
95.450	196.800	114.400	172.000	483.200	95.450	79.900	24.820	49.980	154.700	95.450		
95.460	200.000	114.400	172.000	486.400	95.460	82.280	24.820	49.980	157.080	95.460		
95.470	196.800	114.400	172.000	483.200	95.470	79.900	24.820	49.980	154.700	95.470		
95.480	196.800	114.400	172.000	483.200	95.480	82.280	24.820	52.360	159.460	95.480		
95.490	196.800	114.400	174.400	485.600	95.490	82.280	24.820	49.980	157.080	95.490		
95.500	196.800	114.400	172.000	483.200	95.500	82.280	24.820	49.980	157.080	95.500		
95.510	194.400	114.400	174.400	483.200	95.510	82.280	24.820	49.980	157.080	95.510		
95.520	194.400	114.400	176.800	485.600	95.520	85.000	24.820	49.980	159.800	95.520		
95.530	195.000	114.660	177.060	486.720	95.530	85.000	24.820	47.260	157.080	95.530		
95.540	191.880	114.660	177.060	483.600	95.540	84.630	24.960	47.190	156.780	95.540		
95.550	191.880	114.660	177.060	483.600	95.550	84.630	24.960	47.190	156.780	95.550		
95.560	191.880	114.660	177.060	483.600	95.560	87.360	27.300	47.190	161.850	95.560		
95.570	189.540	114.660	179.400	483.600	95.570	87.360	24.960	44.850	157.170	95.570		
95.580	189.540	114.660	179.400	483.600	95.580	89.700	24.960	44.850	159.510	95.580		
95.590	187.200	114.660	179.400	481.260	95.590	89.700	24.960	44.850	159.510	95.590		
95.600	187.200	114.660	179.400	481.260	95.600	89.700	24.960	44.850	159.510	95.600		
95.610	187.200	114.660	179.400	481.260	95.610	89.700	24.960	44.850	159.510	95.610		
95.620	184.860	114.660	181.740	481.260	95.620	92.430	24.960	44.850	162.240	95.620		
95.630	184.860	114.660	181.740	481.260	95.630	92.430	24.960	44.850	162.240	95.630		
95.640	184.860	114.660	181.740	481.260	95.640	92.430	24.960	42.120	159.510	95.640		
95.650	184.860	114.660	181.740	481.260	95.650	92.430	24.960	42.120	159.510	95.650		
95.660	184.860	114.660	181.740	481.260	95.660	94.770	24.960	42.120	161.850	95.660		
95.670	184.860	114.660	181.740	481.260	95.670	94.770	24.960	42.120	161.850	95.670		
95.680	185.000	116.920	185.000	486.920	95.680	97.500	24.960	42.120	164.580	95.680		
95.690	185.000	114.700	182.040	481.740	95.690	97.200	24.750	42.300	164.250	95.690		
95.700	185.000	114.700	185.000	484.700	95.700	99.900	27.450	42.300	169.650	95.700		
95.710	182.040	114.700	185.000	481.740	95.710	99.900	27.450	42.300	169.650	95.710		
95.720	182.040	114.700	185.000	481.740	95.720	99.900	24.750	39.600	164.250	95.720		
95.730	182.040	114.700	185.000	481.740	95.730	99.900	24.750	39.600	164.250	95.730		
95.740	179.820	114.700	185.000	479.520	95.740	102.150	27.450	39.600	169.200	95.740		
95.750	182.040	114.700	185.000	481.740	95.750	102.150	27.450	39.600	169.200	95.750		
95.760	179.820	114.700	182.040	476.560	95.760	104.850	24.750	37.350	166.950	95.760		
95.770	179.820	114.700	185.000	479.520	95.770	104.850	27.450	37.350	169.650	95.770		
95.780	179.820	114.700	185.000	479.520	95.780	104.850	27.450	37.350	169.650	95.780		
95.790	179.820	114.700	185.000	479.520	95.790	107.100	27.450	37.350	171.900	95.790		
95.800	179.820	114.700	182.040	476.560	95.800	109.800	27.450	37.350	174.600	95.800		
95.810	179.820	114.700	185.000	479.520	95.810	109.800	27.450	37.350	174.600	95.810		
95.820	179.820	114.700	185.000	479.520	95.820	109.800	27.450	37.350	174.600	95.820		
95.830	179.820	114.700	185.000	479.520	95.830	112.500	27.450	34.650	174.600	95.830		
95.840	179.820	114.700	185.000	479.520	95.840	112.200	27.030	37.230	176.460	95.840		
95.850	179.820	114.700	185.000	479.520	95.850	114.750	27.030	34.680	176.460	95.850		
95.860	179.820	114.700	185.000	479.520	95.860	114.750	27.030	34.680	176.460	95.860		
95.870	179.820	112.480	182.040	474.340	95.870	114.750	27.030	34.680	176.460	95.870		
95.880	179.820	114.700	185.000	479.520	95.880	117.300	27.030	34.680	179.010	95.880		
95.890	179.820	114.700	182.040	476.560	95.890	117.300	27.030	34.680	179.010	95.890		
95.900	179.820	114.700	182.040	476.560	95.900	119.850	29.580	34.680	184.110	95.900		
95.910	179.820	112.480	179.820	472.120	95.910	119.850	27.030	32.130	179.010	95.910		
95.920	179.820	112.480	182.040	474.340	95.920	122.400	29.580	32.130	184.110	95.920		
95.930	179.820	112.480	179.820	472.120	95.930	122.400	27.030	32.130	181.560	95.930		
95.940	179.820	112.480	179.820	472.120	95.940	122.400	29.580	32.130	184.110	95.940		
95.950	179.820	109.520	179.820	469.160	95.950	122.400	29.580	32.130	184.110	95.950		
95.960	179.820	112.480	179.820	472.120	95.960	124.950	27.030	32.130	184.110	95.960		
95.970	179.820	112.480	179.820	472.120	95.970	124.950	29.580	34.680	189.210	95.970		
95.980	180.000	109.440	177.120	466.560	95.980	127.500	29.580	34.680	191.760	95.980		
95.990	177.120	109.440	177.120	463.680	95.990	127.440	29.700	32.400	189.540	95.990		
96.000	180.000	109.440	174.960	464.400	96.000	127.440	29.700	34.560	191.700	96.000		
96.010	180.000	107.280	174.960	462.240	96.010	127.440	29.700	34.560	191.700	96.010		
96.020	180.000	109.440	174.960	464.400	96.020	127.440	29.700	34.560	191.700	96.020		
96.030	180.000	107.280	172.080	459.360	96.030	129.600	32.400	37.260	199.260	96.030		
96.040	180.000	104.400	172.080	456.480	96.040	129.600	32.400	37.260	199.260	96.040		
96.050	180.000	107.280	169.920	457.200	96.050	129.600	32.400	39.960	201.960	96.050		
96.060	180.000	104.400	169.920	454.320	96.060	129.600	34.560	37.260	201.420	96.060		
96.070	180.000	104.400	167.040	451.440	96.070	132.300	34.560	39.960	206.820	96.070		
96.080	180.000	104.400	167.040	451.440	96.080	132.300	34.560	39.960	206.820	96.080		
96.090	180.000	104.400	167.040	451.440	96.090	132.300	34.560	39.960	206.820	96.090		
96.100	180.000	102.240	167.040	449.280	96.100	132.300	34.560	39.960	206.820	96.100		
96.110	180.000	104.400	167.040	451.440	96.110	135.000	34.560	39.960	209.520	96.110		
96.120	180.000	104.400	164.880	449.280	96.120	135.000	37.260	42.120	214.380	96.120		
96.130	180.000	104.400	167.040	451.440	96.130	135.000	37.260	42.120	214.380	96.130		
96.140	180.000	102.240	164.880	447.120	96.140	134.750	37.400	42.350	214.500	96.140		
96.150	180.000	102.240	162.000	444.240	96.150	134.750	37.400	42.350	214.500	96.150		
96.160	180.000	102.240	162.000	444.240	96.160	134.750	37.400	42.350	214.500	96.160		
96.170	180.000	99.360	162.000	441.360	96.170	134.750	37.400	44.550	216.700	96.170		
96.180	177.120	99.360	159.840	436.320	96.180	134.750	37.400	42.350	214.500	96.180		
96.190	177.120	102.240	159.840	439.200	96.190	134.750	37.400	44.550	216.700	96.190		
96.200	177.120	99.360	162.000	438.480	96.200	134.750	39.600	44.550	218.900	96.200		
96.210	177.120	99.360	159.840	436.320	96.210	134.750	37.400	44.550	216.700	96.210		
96.220	177.120	99.360	162.000	438.480	96.220	134.750	39.600	44.550	218.900	96.220		
96.230	177.120	99.360	159.840	436.320	96.230	134.750	39.600	47.300	221.650	96.230		
96.240	174.960	97.200	159.840	432.000	96.240	134.750	39.600	47.300	221.650	96.240		
96.250	174.960	97.200	162.000	434.160	96.250	134.750	37.400	47.300	219.450	96.250		
96.260	174.960	97.200	162.000	434.160	96.260	137.500	39.600	47.300	224.400	96.260		
96.270	174.960	97.200	159.840	432.000	96.270	134.750	37.400	47.300	219.450	96.270		
96.280	175.000	97.300	159.600	431.900	96.280	137.500	39.600	47.300	224.400	96.280		
96.290	172.200	97.300	159.600	429.100	96.290	134.540	37.200	47.120	218.860	96.290		
96.300	172.200	97.300	162.400	431.900	96.300	137.020	39.680	47.120	223.820	96.300		
96.310	169.400	97.300	162.400	429.100	96.310	137.020	39.680	47.120	223.820	96.310		
96.320	169.400	97.300	162.400	429.100	96.320	139.500	39.680	47.120	226.300	96.320		
96.330	169.400	97.300	162.400	429.100	96.330	141.980	39.680	47.120	228.780	96.330		
96.340	169.400	94.500	162.400	426.300	96.340	141.980	39.680	44.640	226.300	96.340		
96.350	167.300	97.300	162.400	427.000	96.350	141.980	39.680	47.120	228.780	96.350		
96.360	167.300	94.500	162.400	424.200	96.360	144.460	39.680	47.120	231.260	96.360		
96.370	167.300	94.500	162.400	424.200	96.370	144.460	42.160	44.640	231.260	96.370		
96.380	167.300	94.500	162.400	424.200	96.380	146.940	42.160	44.640	233.740	96.380		
96.390	164.500	94.500	162.400	421.400	96.390	146.940	42.160	44.640	233.740	96.390		
96.400	164.500	94.500	164.500	423.500	96.400	149.420	42.160	47.120	238.700	96.400		
96.410	164.500	94.500	162.400	421.400	96.410	151.900	42.160	47.120	241.180	96.410		
96.420	164.500	94.500	162.400	421.400	96.420	155.000	42.160	44.640	241.800	96.420		
96.430	165.000	92.400	162.360	419.760	96.430	155.000	42.160	44.640	241.800	96.430		
96.440	165.000	92.400	162.360	419.760	96.440	154.980	42.210	44.730	241.920	96.440		
96.450	165.000	92.400	162.360	419.760	96.450	154.980	42.210	44.730	241.920	96.450		
96.460	165.000	92.400	162.360	419.760	96.460	154.980	42.210	44.730	241.920	96.460		
96.470	165.000	92.400	159.720	417.120	96.470	154.980	44.730	44.730	244.440	96.470		
96.480	165.000	92.400	162.360	419.760	96.480	154.980	44.730	47.250	246.960	96.480		
96.490	165.000	92.400	159.720	417.120	96.490	157.500	42.210	47.250	246.960	96.490		
96.500	165.000	92.400	159.720	417.120	96.500	157.500	44.730	47.250	249.480	96.500		
96.510	165.000	89.760	159.720	414.480	96.510	154.980	42.210	47.250	244.440	96.510		
96.520	162.360	89.760	159.720	411.840	96.520	154.980	42.210	47.250	244.440	96.520		
96.530	162.360	89.760	159.720	411.840	96.530	154.980	42.210	47.250	244.440	96.530		
96.540	165.000	89.760	159.720	414.480	96.540	154.980	42.210	47.250	244.440	96.540		
96.550	165.000	89.760	159.720	414.480	96.550	157.500	42.210	47.250	246.960	96.550		
96.560	165.000	89.760	157.080	411.840	96.560	154.980	42.210	47.250	244.440	96.560		
96.570	165.000	89.760	157.080	411.840	96.570	154.980	42.210	47.250	244.440	96.570		
96.580	165.000	89.760	157.080	411.840	96.580	154.980	42.210	47.250	244.440	96.580		
96.590	165.000	89.760	157.080	411.840	96.590	155.000	42.160	49.600	246.760	96.590		
96.600	165.000	87.120	154.440	406.560	96.600	155.000	42.160	49.600	246.760	96.600		
96.610	165.000	87.120	154.440	406.560	96.610	155.000	42.160	49.600	246.760	96.610		
96.620	165.000	87.120	154.440	406.560	96.620	155.000	44.640	49.600	249.240	96.620		
96.630	165.000	87.120	152.460	404.580	96.630	155.000	42.160	52.080	249.240	96.630		
96.640	165.000	87.120	154.440	406.560	96.640	155.000	44.640	54.560	254.200	96.640		
96.650	162.360	87.120	152.460	401.940	96.650	155.000	44.640	54.560	254.200	96.650		
96.660	162.360	87.120	152.460	401.940	96.660	155.000	44.640	57.040	256.680	96.660		
96.670	162.360	84.480	152.460	399.300	96.670	155.000	44.640	57.040	256.680	96.670		
96.680	162.360	84.480	152.460	399.300	96.680	155.000	47.120	59.520	261.640	96.680		
96.690	159.720	84.480	149.820	394.020	96.690	151.900	47.120	62.000	261.020	96.690		
96.700	159.720	84.480	149.820	394.020	96.700	155.000	47.120	64.480	266.600	96.700		
96.710	159.720	82.500	149.820	392.040	96.710	151.900	47.120	66.960	265.980	96.710		
96.720	157.080	82.500	149.820	389.400	96.720	151.900	47.120	69.440	268.460	96.720		
96.730	155.000	82.460	146.940	384.400	96.730	149.420	47.120	71.920	268.460	96.730		
96.740	151.900	82.460	146.940	381.300	96.740	150.000	49.800	77.400	277.200	96.740		
96.750	149.420	79.980	146.940	376.340	96.750	147.000	49.800	79.800	276.600	96.750		
96.760	149.420	79.980	146.940	376.340	96.760	147.000	52.200	84.600	283.800	96.760		
96.770	146.940	77.500	146.940	371.380	96.770	144.600	52.200	87.000	283.800	96.770		
96.780	144.460	77.500	146.940	368.900	96.780	144.600	52.200	90.000	286.800	96.780		
96.790	141.980	77.500	146.940	366.420	96.790	144.600	54.600	92.400	291.600	96.790		
96.800	139.500	77.500	144.460	361.460	96.800	142.200	52.200	94.800	289.200	96.800		
96.810	139.500	77.500	146.940	363.940	96.810	144.600	54.600	97.200	296.400	96.810		
96.820	139.500	77.500	144.460	361.460	96.820	142.200	54.600	99.600	296.400	96.820		
96.830	134.540	74.400	144.460	353.400	96.830	142.200	54.600	105.000	301.800	96.830		
96.840	132.060	74.400	144.460	350.920	96.840	139.800	54.600	107.400	301.800	96.840		
96.850	132.060	74.400	146.940	353.400	96.850	139.800	57.000	112.200	309.000	96.850		
96.860	129.580	74.400	144.460	348.440	96.860	139.800	57.000	114.600	311.400	96.860		
96.870	127.100	74.400	146.940	348.440	96.870	137.400	57.000	117.000	311.400	96.870		
96.880	127.020	72.500	145.000	344.520	96.880	135.000	57.000	120.000	312.000	96.880		
96.890	124.700	72.500	145.000	342.200	96.890	134.640	57.420	122.100	314.160	96.890		
96.900	122.380	72.500	145.000	339.880	96.900	132.000	57.420	127.380	316.800	96.900		
96.910	122.380	72.500	145.000	339.880	96.910	132.000	57.420	127.380	316.800	96.910		
96.920	122.380	72.500	142.100	336.980	96.920	129.360	57.420	132.000	318.780	96.920		
96.930	119.480	69.600	142.100	331.180	96.930	129.360	54.780	134.640	318.780	96.930		
96.940	119.480	69.600	142.100	331.180	96.940	127.380	54.780	137.280	319.440	96.940		
96.950	117.160	69.600	142.100	328.860	96.950	124.740	54.780	139.920	319.440	96.950		
96.960	117.160	69.600	139.780	326.540	96.960	122.100	54.780	141.900	318.780	96.960		
96.970	117.160	69.600	139.780	326.540	96.970	122.100	54.780	147.180	324.060	96.970		
96.980	117.160	69.600	139.780	326.540	96.980	119.460	54.780	149.820	324.060	96.980		
96.990	114.840	67.280	139.780	321.900	96.990	117.480	52.140	152.460	322.080	96.990		
97.000	114.840	67.280	139.780	321.900	97.000	114.840	52.140	157.080	324.060	97.000		
97.010	114.840	67.280	139.780	321.900	97.010	114.840	52.140	159.720	326.700	97.010		
97.020	114.840	67.280	137.460	319.580	97.020	112.200	52.140	162.360	326.700	97.020		
97.030	114.950	67.100	137.500	319.550	97.030	109.560	52.140	165.000	326.700	97.030		
97.040	112.200	64.900	134.750	311.850	97.040	107.160	52.440	169.480	329.080	97.040		
97.050	112.200	67.100	137.500	316.800	97.050	107.160	49.400	169.480	326.040	97.050		
97.060	112.200	67.100	134.750	314.050	97.060	104.880	49.400	171.760	326.040	97.060		
97.070	112.200	64.900	134.750	311.850	97.070	101.840	49.400	174.800	326.040	97.070		
97.080	112.200	64.900	134.750	311.850	97.080	104.880	49.400	177.080	331.360	97.080		
97.090	112.200	64.900	134.750	311.850	97.090	101.840	49.400	177.080	328.320	97.090		
97.100	110.000	64.900	134.750	309.650	97.100	99.560	49.400	179.360	328.320	97.100		
97.110	110.000	64.900	134.750	309.650	97.110	99.560	49.400	179.360	328.320	97.110		
97.120	110.000	64.900	134.750	309.650	97.120	99.560	49.400	179.360	328.320	97.120		
97.130	107.250	64.900	134.750	306.900	97.130	99.560	49.400	182.400	331.360	97.130		
97.140	107.250	62.150	134.750	304.150	97.140	97.280	49.400	184.680	331.360	97.140		
97.150	104.500	62.150	134.750	301.400	97.150	97.280	47.120	186.960	331.360	97.150		
97.160	104.500	62.150	134.750	301.400	97.160	97.280	49.400	186.960	333.640	97.160		
97.170	104.500	62.150	134.750	301.400	97.170	97.280	49.400	190.000	336.680	97.170		
97.180	104.430	61.950	137.470	303.850	97.180	97.280	49.400	190.000	336.680	97.180		
97.190	102.070	61.950	134.520	298.540	97.190	94.920	49.560	192.360	336.840	97.190		
97.200	102.070	61.950	134.520	298.540	97.200	94.920	49.560	194.880	339.360	97.200		
97.210	102.070	61.950	137.470	301.490	97.210	92.400	49.560	197.400	339.360	97.210		
97.220	99.710	61.950	137.470	299.130	97.220	94.920	49.560	197.400	341.880	97.220		
97.230	99.710	61.950	137.470	299.130	97.230	92.400	49.560	199.920	341.880	97.230		
97.240	97.350	59.590	137.470	294.410	97.240	92.400	49.560	199.920	341.880	97.240		
97.250	94.990	61.950	137.470	294.410	97.250	92.400	49.560	202.440	344.400	97.250		
97.260	94.990	61.950	139.830	296.770	97.260	89.880	49.560	202.440	341.880	97.260		
97.270	89.680	59.590	139.830	289.100	97.270	89.880	49.560	202.440	341.880	97.270		
97.280	87.320	61.950	139.830	289.100	97.280	89.880	49.560	202.440	341.880	97.280		
97.290	84.960	59.590	142.190	286.740	97.290	92.400	49.560	204.960	346.920	97.290		
97.300	82.010	61.950	144.550	288.510	97.300	92.400	49.560	204.960	346.920	97.300		
97.310	79.650	59.590	147.500	286.740	97.310	89.880	52.080	207.480	349.440	97.310		
97.320	74.930	61.950	147.500	284.380	97.320	92.400	52.080	207.480	351.960	97.320		
97.330	69.300	59.290	149.380	277.970	97.330	92.400	52.080	210.000	354.480	97.330		
97.340	66.990	62.370	154.770	284.130	97.340	92.070	52.470	211.860	356.400	97.340		
97.350	62.370	62.370	157.080	281.820	97.350	94.050	54.450	214.830	363.330	97.350		
97.360	56.980	59.290	159.390	275.660	97.360	94.050	54.450	214.830	363.330	97.360		
97.370	52.360	59.290	164.780	276.430	97.370	94.050	54.450	216.810	365.310	97.370		
97.380	46.970	59.290	167.090	273.350	97.380	97.020	57.420	219.780	374.220	97.380		
97.390	42.350	59.290	172.480	274.120	97.390	94.050	57.420	219.780	371.250	97.390		
97.400	36.960	56.980	174.790	268.730	97.400	94.050	59.400	221.760	375.210	97.400		
97.410	34.650	56.980	179.410	271.040	97.410	97.020	59.400	224.730	381.150	97.410		
97.420	29.260	54.670	184.800	268.730	97.420	99.990	62.370	226.710	389.070	97.420		
97.430	24.640	52.360	187.110	264.110	97.430	99.990	62.370	229.680	392.040	97.430		
97.440	22.330	52.360	189.420	264.110	97.440	99.990	64.350	231.660	396.000	97.440		
97.450	16.940	46.970	192.500	256.410	97.450	101.970	67.320	236.610	405.900	97.450		
97.460	14.630	46.970	192.500	254.100	97.460	101.970	67.320	239.580	408.870	97.460		
97.470	14.630	44.660	192.500	251.790	97.470	101.970	69.300	244.530	415.800	97.470		
97.480	12.000	39.750	187.500	239.250	97.480	104.940	72.270	247.500	424.710	97.480		
97.490	9.750	34.500	184.500	228.750	97.490	104.960	74.240	254.720	433.920	97.490		
97.500	7.500	32.250	180.000	219.750	97.500	106.240	76.800	259.840	442.880	97.500		
97.510	4.500	30.000	172.500	207.000	97.510	108.800	81.920	264.960	455.680	97.510		
97.520	2.250	27.000	165.000	194.250	97.520	111.360	84.480	271.360	467.200	97.520		
97.530	2.250	24.750	152.250	179.250	97.530	111.360	89.600	273.920	474.880	97.530		
97.540	0.000	19.500	139.500	159.000	97.540	113.920	92.160	279.040	485.120	97.540		
97.550	0.000	15.000	129.750	144.750	97.550	116.480	94.720	286.720	497.920	97.550		
97.560	0.000	12.000	114.750	126.750	97.560	119.040	99.840	289.280	508.160	97.560		
97.570	0.000	9.750	102.000	111.750	97.570	121.600	104.960	296.960	523.520	97.570		
97.580	0.000	7.500	84.750	92.250	97.580	124.160	106.240	302.080	532.480	97.580		
97.590	0.000	4.500	67.500	72.000	97.590	126.720	111.360	304.640	542.720	97.590		
97.600	0.000	2.250	49.500	51.750	97.600	129.280	116.480	309.760	555.520	97.600		
97.610	0.000	2.250	34.500	36.750	97.610	134.400	119.040	312.320	565.760	97.610		
97.620	0.000	0.000	24.750	24.750	97.620	136.960	124.160	317.440	578.560	97.620		
97.630	0.000	0.000	7.500	7.500	97.630	139.520	126.720	320.000	586.240	97.630		
97.640	0.000	0.000	0.000	0.000	97.640	144.480	129.000	322.500	595.980	97.640		
97.650	0.000	0.000	0.000	0.000	97.650	147.060	134.160	322.500	603.720	97.650		
97.660	0.000	0.000	0.000	0.000	97.660	149.640	136.740	322.500	608.880	97.660		
97.670	0.000	0.000	0.000	0.000	97.670	149.640	136.740	319.920	606.300	97.670		
97.680	0.000	0.000	0.000	0.000	97.680	149.640	139.320	317.340	606.300	97.680		
97.690	0.000	0.000	0.000	0.000	97.690	152.220	139.320	314.760	606.300	97.690		
97.700	0.000	0.000	0.000	0.000	97.700	152.220	139.320	312.180	603.720	97.700		
97.710	0.000	0.000	0.000	0.000	97.710	152.220	141.900	307.020	601.140	97.710		
97.720	0.000	0.000	0.000	0.000	97.720	154.800	139.320	304.440	598.560	97.720		
97.730	0.000	0.000	0.000	0.000	97.730	154.800	141.900	301.860	598.560	97.730		
97.740	0.000	0.000	0.000	0.000	97.740	154.800	139.320	296.700	590.820	97.740		
97.750	0.000	0.000	0.000	0.000	97.750	154.800	139.320	291.540	585.660	97.750		
97.760	0.000	0.000	0.000	0.000	97.760	157.380	139.320	288.960	585.660	97.760		
97.770	0.000	0.000	0.000	0.000	97.770	157.380	139.320	283.800	580.500	97.770		
97.780	0.000	0.000	0.000	0.000	97.780	159.960	141.900	281.220	583.080	97.780		
97.790	0.000	0.000	0.000	0.000	97.790	159.040	142.240	280.000	581.280	97.790		
97.800	0.000	0.000	0.000	0.000	97.800	162.400	142.240	276.640	581.280	97.800		
97.810	0.000	0.000	0.000	0.000	97.810	162.400	142.240	274.400	579.040	97.810		
97.820	0.000	0.000	0.000	0.000	97.820	164.640	142.240	274.400	581.280	97.820		
97.830	0.000	0.000	0.000	0.000	97.830	166.880	142.240	274.400	583.520	97.830		
97.840	0.000	0.000	0.000	0.000	97.840	166.880	144.480	272.160	583.520	97.840		
97.850	0.000	0.000	0.000	0.000	97.850	172.480	144.480	272.160	589.120	97.850		
97.860	0.000	0.000	0.000	0.000	97.860	172.480	146.720	269.920	589.120	97.860		
97.870	0.000	0.000	0.000	0.000	97.870	174.720	148.960	269.920	593.600	97.870		
97.880	0.000	0.000	0.000	0.000	97.880	176.960	148.960	266.560	592.480	97.880		
97.890	0.000	0.000	0.000	0.000	97.890	181.440	152.320	266.560	600.320	97.890		
97.900	0.000	0.000	0.000	0.000	97.900	184.800	154.560	264.320	603.680	97.900		
97.910	0.000	0.000	0.000	0.000	97.910	187.040	156.800	262.080	605.920	97.910		
97.920	0.000	0.000	0.000	0.000	97.920	191.520	159.040	259.840	610.400	97.920		
97.930	0.000	0.000	0.000	0.000	97.930	194.880	162.400	256.480	613.760	97.930		
97.940	0.000	0.000	0.000	0.000	97.940	198.880	164.980	249.730	613.590	97.940		
97.950	0.000	0.000	0.000	0.000	97.950	204.530	164.980	247.470	616.980	97.950		
97.960	0.000	0.000	0.000	0.000	97.960	206.790	167.240	241.820	615.850	97.960		
97.970	0.000	0.000	0.000	0.000	97.970	212.440	169.500	237.300	619.240	97.970		
97.980	0.000	0.000	0.000	0.000	97.980	216.960	171.760	229.390	618.110	97.980		
97.990	0.000	0.000	0.000	0.000	97.990	221.480	174.020	221.480	616.980	97.990		
98.000	0.000	0.000	0.000	0.000	98.000	229.390	174.020	214.700	618.110	98.000		
98.010	0.000	0.000	0.000	0.000	98.010	233.910	177.410	206.790	618.110	98.010		
98.020	0.000	0.000	0.000	0.000	98.020	241.820	177.410	196.620	615.850	98.020		
98.030	2.400	0.000	0.000	2.400	98.030	247.470	179.670	186.450	613.590	98.030		
98.040	7.360	0.000	0.000	7.360	98.040	254.250	177.410	174.020	605.680	98.040		
98.050	17.440	2.400	0.000	19.840	98.050	262.160	177.410	161.590	601.160	98.050		
98.060	29.920	0.000	0.000	29.920	98.060	266.680	174.020	146.900	587.600	98.060		
98.070	40.000	0.000	0.000	40.000	98.070	276.850	174.020	132.210	583.080	98.070		
98.080	49.140	0.000	0.000	49.140	98.080	282.500	169.500	116.390	568.390	98.080		
98.090	59.150	0.000	0.000	59.150	98.090	291.600	167.400	99.900	558.900	98.090		
98.100	69.160	0.000	0.000	69.160	98.100	299.700	162.000	86.400	548.100	98.100		
98.110	79.170	1.820	0.000	80.990	98.110	303.750	156.600	74.250	534.600	98.110		
98.120	89.180	1.820	0.000	91.000	98.120	311.850	151.200	62.100	525.150	98.120		
98.130	101.920	1.820	0.000	103.740	98.130	317.250	144.450	51.300	513.000	98.130		
98.140	117.390	1.820	0.000	119.210	98.140	324.000	136.350	41.850	502.200	98.140		
98.150	129.220	4.550	0.000	133.770	98.150	329.400	129.600	33.750	492.750	98.150		
98.160	147.420	7.280	0.000	154.700	98.160	332.100	121.500	27.000	480.600	98.160		
98.170	161.980	7.280	0.000	169.260	98.170	334.800	114.750	18.900	468.450	98.170		
98.180	177.450	9.100	0.000	186.550	98.180	337.500	103.950	12.150	453.600	98.180		
98.190	189.280	11.830	0.000	201.110	98.190	337.500	97.200	6.750	441.450	98.190		
98.200	204.750	17.290	0.000	222.040	98.200	334.800	86.400	1.350	422.550	98.200		
98.210	217.490	21.840	7.280	246.610	98.210	332.100	79.650	0.000	411.750	98.210		
98.220	227.500	24.570	9.100	261.170	98.220	324.000	68.850	0.000	392.850	98.220		
98.230	236.600	26.600	11.200	274.400	98.230	317.250	62.100	0.000	379.350	98.230		
98.240	246.400	29.400	16.800	292.600	98.240	305.000	54.900	0.000	359.900	98.240		
98.250	252.000	32.200	22.400	306.600	98.250	291.580	46.360	0.000	337.940	98.250		
98.260	259.000	35.000	23.800	317.800	98.260	279.380	41.480	0.000	320.860	98.260		
98.270	264.600	36.400	29.400	330.400	98.270	264.740	36.600	0.000	301.340	98.270		
98.280	268.800	39.200	29.400	337.400	98.280	246.440	31.720	0.000	278.160	98.280		
98.290	274.400	42.000	32.200	348.600	98.290	226.920	26.840	0.000	253.760	98.290		
98.300	280.000	44.800	35.000	359.800	98.300	204.960	21.960	0.000	226.920	98.300		
98.310	284.200	46.200	36.400	366.800	98.310	184.220	14.640	0.000	198.860	98.310		
98.320	289.800	49.000	39.200	378.000	98.320	159.820	12.200	0.000	172.020	98.320		
98.330	299.600	51.800	42.000	393.400	98.330	136.640	4.880	0.000	141.520	98.330		
98.340	309.400	54.600	44.800	408.800	98.340	114.680	2.440	0.000	117.120	98.340		
98.350	322.000	58.800	49.000	429.800	98.350	93.940	0.000	0.000	93.940	98.350		
98.360	334.600	67.200	54.600	456.400	98.360	71.980	0.000	0.000	71.980	98.360		
98.370	350.000	71.400	57.400	478.800	98.370	54.900	0.000	0.000	54.900	98.370		
98.380	363.810	76.020	61.540	501.370	98.380	41.480	0.000	0.000	41.480	98.380		
98.390	378.290	81.450	66.970	526.710	98.390	27.500	0.000	0.000	27.500	98.390		
98.400	394.580	88.690	72.400	555.670	98.400	14.960	0.000	0.000	14.960	98.400		
98.410	409.060	94.120	74.210	577.390	98.410	4.950	0.000	0.000	4.950	98.410		
98.420	421.730	99.550	76.020	597.300	98.420	0.000	0.000	0.000	0.000	98.420		
98.430	430.780	104.980	81.450	617.210	98.430	0.000	0.000	0.000	0.000	98.430		
98.440	439.830	106.790	83.260	629.880	98.440	0.000	0.000	0.000	0.000	98.440		
98.450	447.070	112.220	86.880	646.170	98.450	0.000	0.000	0.000	0.000	98.450		
98.460	448.880	112.220	86.880	647.980	98.460	0.000	0.000	0.000	0.000	98.460		
98.470	452.500	114.030	88.690	655.220	98.470	0.000	0.000	0.000	0.000	98.470		
98.480	452.500	114.030	92.310	658.840	98.480	0.000	0.000	0.000	0.000	98.480		
98.490	448.880	114.030	88.690	651.600	98.490	0.000	0.000	0.000	0.000	98.490		
98.500	443.450	114.030	88.690	646.170	98.500	0.000	0.000	0.000	0.000	98.500		
98.510	436.210	114.030	88.690	638.930	98.510	0.000	0.000	0.000	0.000	98.510		
98.520	430.780	112.220	88.690	631.690	98.520	0.000	0.000	0.000	0.000	98.520		
98.530	425.000	112.200	91.800	629.000	98.530	0.000	0.000	0.000	0.000	98.530		
98.540	419.900	108.800	91.800	620.500	98.540	0.000	0.000	0.000	0.000	98.540		
98.550	411.400	108.800	88.400	608.600	98.550	0.000	0.000	0.000	0.000	98.550		
98.560	406.300	108.800	88.400	603.500	98.560	0.000	0.000	0.000	0.000	98.560		
98.570	404.600	108.800	88.400	601.800	98.570	0.000	0.000	0.000	0.000	98.570		
98.580	399.500	108.800	91.800	600.100	98.580	0.000	0.000	0.000	0.000	98.580		
98.590	399.500	108.800	91.800	600.100	98.590	0.000	0.000	0.000	0.000	98.590		
98.600	396.100	112.200	93.500	601.800	98.600	0.000	0.000	0.000	0.000	98.600		
98.610	396.100	113.900	93.500	603.500	98.610	0.000	0.000	0.000	0.000	98.610		
98.620	396.100	113.900	96.900	606.900	98.620	0.000	0.000	0.000	0.000	98.620		
98.630	396.100	117.300	98.600	612.000	98.630	0.000	0.000	0.000	0.000	98.630		
98.640	396.100	117.300	98.600	612.000	98.640	0.000	0.000	0.000	0.000	98.640		
98.650	396.100	122.400	102.000	620.500	98.650	0.000	0.000	0.000	0.000	98.650		
98.660	396.100	122.400	102.000	620.500	98.660	0.000	0.000	0.000	0.000	98.660		
98.670	394.400	122.400	102.000	618.800	98.670	0.000	0.000	0.000	0.000	98.670		
98.680	395.000	124.820	104.280	624.100	98.680	0.000	0.000	0.000	0.000	98.680		
98.690	391.840	124.820	107.440	624.100	98.690	0.000	0.000	0.000	0.000	98.690		
98.700	391.840	126.400	109.020	627.260	98.700	0.000	0.000	0.000	0.000	98.700		
98.710	388.680	126.400	109.020	624.100	98.710	0.000	0.000	0.000	0.000	98.710		
98.720	387.100	129.560	109.020	625.680	98.720	0.000	0.000	0.000	0.000	98.720		
98.730	383.940	129.560	112.180	625.680	98.730	0.000	0.000	0.000	0.000	98.730		
98.740	383.940	129.560	112.180	625.680	98.740	0.000	0.000	0.000	0.000	98.740		
98.750	383.940	131.140	113.760	628.840	98.750	0.000	0.000	0.000	0.000	98.750		
98.760	382.360	131.140	113.760	627.260	98.760	2.500	0.000	0.000	2.500	98.760		
98.770	379.200	131.140	113.760	624.100	98.770	2.500	0.000	0.000	2.500	98.770		
98.780	379.200	134.300	116.920	630.420	98.780	0.000	0.000	0.000	0.000	98.780		
98.790	376.040	131.140	116.920	624.100	98.790	2.500	0.000	0.000	2.500	98.790		
98.800	374.460	131.140	116.920	622.520	98.800	5.000	0.000	0.000	5.000	98.800		
98.810	371.300	131.140	116.920	619.360	98.810	5.000	0.000	0.000	5.000	98.810		
98.820	366.560	131.140	116.920	614.620	98.820	7.500	0.000	0.000	7.500	98.820		
98.830	362.500	131.950	114.550	609.000	98.830	12.500	0.000	0.000	12.500	98.830		
98.840	356.700	129.050	117.450	603.200	98.840	17.480	0.000	0.000	17.480	98.840		
98.850	352.350	129.050	118.900	600.300	98.850	17.480	0.000	4.940	22.420	98.850		
98.860	343.650	129.050	121.800	594.500	98.860	19.760	0.000	14.820	34.580	98.860		
98.870	336.400	129.050	121.800	587.250	98.870	27.360	0.000	22.420	49.780	98.870		
98.880	326.250	129.050	121.800	577.100	98.880	34.960	2.280	29.640	66.880	98.880		
98.890	316.100	126.150	126.150	568.400	98.890	42.180	4.940	34.960	82.080	98.890		
98.900	307.400	126.150	126.150	559.700	98.900	49.780	9.880	39.900	99.560	98.900		
98.910	297.250	124.700	129.050	551.000	98.910	57.380	12.160	44.840	114.380	98.910		
98.920	281.300	124.700	131.950	537.950	98.920	64.980	14.820	47.500	127.300	98.920		
98.930	269.700	121.800	134.850	526.350	98.930	72.200	17.480	52.440	142.120	98.930		
98.940	253.750	121.800	136.300	511.850	98.940	77.140	19.760	54.720	151.620	98.940		
98.950	242.150	118.900	139.200	500.250	98.950	82.460	22.420	57.380	162.260	98.950		
98.960	229.100	117.450	142.100	488.650	98.960	84.740	24.700	62.320	171.760	98.960		
98.970	217.500	114.550	145.000	477.050	98.970	89.680	27.360	64.980	182.020	98.970		
98.980	205.000	114.800	149.240	469.040	98.980	95.000	32.300	67.260	194.560	98.980		
98.990	189.420	112.340	149.240	451.000	98.990	97.470	34.770	72.390	204.630	98.990		
99.000	179.580	109.880	151.700	441.160	99.000	99.750	37.050	74.670	211.470	99.000		
99.010	169.740	109.880	157.440	437.060	99.010	102.030	39.900	76.950	218.880	99.010		
99.020	159.900	107.420	162.360	429.680	99.020	107.160	42.180	82.080	231.420	99.020		
99.030	149.240	107.420	162.360	419.020	99.030	109.440	44.460	87.210	241.110	99.030		
99.040	139.400	104.960	164.820	409.180	99.040	109.440	47.310	89.490	246.240	99.040		
99.050	132.020	102.500	167.280	401.800	99.050	114.570	49.590	94.620	258.780	99.050		
99.060	122.180	102.500	169.740	394.420	99.060	114.570	52.440	102.030	269.040	99.060		
99.070	114.800	99.220	169.740	383.760	99.070	117.420	54.720	107.160	279.300	99.070		
99.080	107.420	94.300	172.200	373.920	99.080	119.700	57.000	112.290	288.990	99.080		
99.090	99.220	94.300	172.200	365.720	99.090	119.700	57.000	119.700	296.400	99.090		
99.100	91.840	91.840	174.660	358.340	99.100	121.980	59.850	124.830	306.660	99.100		
99.110	86.920	91.840	177.120	355.880	99.110	121.980	59.850	129.960	311.790	99.110		
99.120	82.000	89.380	177.120	348.500	99.120	124.830	62.130	134.520	321.480	99.120		
99.130	74.550	87.330	177.500	339.380	99.130	124.830	62.130	142.500	329.460	99.130		
99.140	72.420	84.490	177.500	334.410	99.140	124.320	64.680	147.000	336.000	99.140		
99.150	67.450	82.360	177.500	327.310	99.150	124.320	67.200	152.040	343.560	99.150		
99.160	64.610	82.360	177.500	324.470	99.160	126.840	69.720	157.080	353.640	99.160		
99.170	59.640	79.520	174.660	313.820	99.170	124.320	69.720	162.120	356.160	99.170		
99.180	56.800	77.390	174.660	308.850	99.180	124.320	72.240	167.160	363.720	99.180		
99.190	54.670	74.550	171.820	301.040	99.190	126.840	72.240	172.200	371.280	99.190		
99.200	51.830	74.550	171.820	298.200	99.200	124.320	72.240	174.720	371.280	99.200		
99.210	49.700	72.420	169.690	291.810	99.210	124.320	74.760	179.760	378.840	99.210		
99.220	46.860	72.420	166.850	286.130	99.220	126.840	74.760	184.800	386.400	99.220		
99.230	46.860	69.580	166.850	283.290	99.230	124.320	77.280	189.840	391.440	99.230		
99.240	44.730	67.450	164.720	276.900	99.240	124.320	77.280	194.880	396.480	99.240		
99.250	41.890	67.450	161.880	271.220	99.250	124.320	77.280	197.400	399.000	99.250		
99.260	39.760	62.480	159.750	261.990	99.260	124.320	79.800	202.440	406.560	99.260		
99.270	39.760	62.480	156.910	259.150	99.270	124.320	79.800	204.960	409.080	99.270		
99.280	37.200	59.520	155.000	251.720	99.280	124.320	79.800	210.000	414.120	99.280		
99.290	37.200	59.520	151.900	248.620	99.290	124.450	81.700	214.700	420.850	99.290		
99.300	34.720	59.520	149.420	243.660	99.300	127.300	84.550	214.700	426.550	99.300		
99.310	34.720	57.040	146.940	238.700	99.310	127.300	84.550	216.600	428.450	99.310		
99.320	34.720	54.560	144.460	233.740	99.320	127.300	84.550	219.450	431.300	99.320		
99.330	32.240	54.560	141.980	228.780	99.330	127.300	87.400	222.300	437.000	99.330		
99.340	29.760	54.560	137.020	221.340	99.340	129.200	87.400	224.200	440.800	99.340		
99.350	27.280	52.080	137.020	216.380	99.350	129.200	87.400	227.050	443.650	99.350		
99.360	24.800	49.600	132.060	206.460	99.360	129.200	89.300	227.050	445.550	99.360		
99.370	24.800	49.600	132.060	206.460	99.370	129.200	89.300	229.900	448.400	99.370		
99.380	24.800	47.120	129.580	201.500	99.380	129.200	89.300	229.900	448.400	99.380		
99.390	24.800	47.120	124.620	196.540	99.390	132.050	89.300	231.800	453.150	99.390		
99.400	24.800	44.640	124.620	194.060	99.400	132.050	92.150	231.800	456.000	99.400		
99.410	24.800	44.640	119.660	189.100	99.410	132.050	92.150	234.650	458.850	99.410		
99.420	22.320	42.160	117.180	181.660	99.420	132.050	95.000	234.650	461.700	99.420		
99.430	22.080	42.320	115.000	179.400	99.430	134.900	95.000	237.500	467.400	99.430		
99.440	22.080	39.560	115.000	176.640	99.440	134.640	94.860	236.640	466.140	99.440		
99.450	22.080	39.560	112.240	173.880	99.450	134.640	96.900	239.700	471.240	99.450		
99.460	22.080	37.260	109.940	169.280	99.460	136.680	96.900	239.700	473.280	99.460		
99.470	22.080	37.260	107.180	166.520	99.470	136.680	96.900	239.700	473.280	99.470		
99.480	22.080	37.260	107.180	166.520	99.480	136.680	99.960	241.740	478.380	99.480		
99.490	22.080	37.260	104.880	164.220	99.490	136.680	99.960	241.740	478.380	99.490		
99.500	22.080	37.260	104.880	164.220	99.500	136.680	99.960	241.740	478.380	99.500		
99.510	22.080	34.960	102.120	159.160	99.510	139.740	99.960	244.800	484.500	99.510		
99.520	22.080	34.960	99.820	156.860	99.520	139.740	102.000	246.840	488.580	99.520		
99.530	22.080	34.960	97.060	154.100	99.530	139.740	102.000	246.840	488.580	99.530		
99.540	19.780	32.200	94.760	146.740	99.540	139.740	102.000	246.840	488.580	99.540		
99.550	22.080	32.200	94.760	149.040	99.550	139.740	102.000	249.900	491.640	99.550		
99.560	22.080	32.200	92.460	146.740	99.560	139.740	104.040	251.940	495.720	99.560		
99.570	19.780	32.200	92.460	144.440	99.570	139.740	104.040	251.940	495.720	99.570		
99.580	19.980	29.970	92.500	142.450	99.580	141.780	104.040	255.000	500.820	99.580		
99.590	19.980	29.970	89.910	139.860	99.590	142.480	104.000	254.800	501.280	99.590		
99.600	19.980	29.970	89.910	139.860	99.600	142.480	107.120	254.800	504.400	99.600		
99.610	17.390	29.970	87.320	134.680	99.610	142.480	107.120	254.800	504.400	99.610		
99.620	17.390	29.970	87.320	134.680	99.620	142.480	107.120	254.800	504.400	99.620		
99.630	17.390	29.970	87.320	134.680	99.630	144.560	107.120	254.800	506.480	99.630		
99.640	17.390	29.970	87.320	134.680	99.640	144.560	109.200	251.680	505.440	99.640		
99.650	17.390	27.380	87.320	132.090	99.650	146.640	109.200	251.680	507.520	99.650		
99.660	17.390	29.970	87.320	134.680	99.660	146.640	112.320	251.680	510.640	99.660		
99.670	14.800	27.380	87.320	129.500	99.670	146.640	112.320	251.680	510.640	99.670		
99.680	14.800	29.970	87.320	132.090	99.680	146.640	112.320	251.680	510.640	99.680		
99.690	14.800	27.380	84.730	126.910	99.690	146.640	112.320	251.680	510.640	99.690		
99.700	14.800	27.380	84.730	126.910	99.700	146.640	112.320	254.800	513.760	99.700		
99.710	14.800	27.380	84.730	126.910	99.710	146.640	112.320	256.880	515.840	99.710		
99.720	14.800	27.380	84.730	126.910	99.720	146.640	112.320	256.880	515.840	99.720		
99.730	14.850	27.390	82.500	124.740	99.730	144.560	109.200	260.000	513.760	99.730		
99.740	12.210	27.390	82.500	122.100	99.740	144.780	111.720	262.200	518.700	99.740		
99.750	14.850	24.750	82.500	122.100	99.750	144.780	109.440	264.480	518.700	99.750		
99.760	12.210	27.390	79.860	119.460	99.760	142.500	109.440	264.480	516.420	99.760		
99.770	14.850	24.750	79.860	119.460	99.770	142.500	109.440	266.760	518.700	99.770		
99.780	12.210	24.750	79.860	116.820	99.780	139.080	109.440	269.040	517.560	99.780		
99.790	12.210	24.750	77.220	114.180	99.790	139.080	109.440	272.460	520.980	99.790		
99.800	12.210	24.750	77.220	114.180	99.800	136.800	109.440	274.740	520.980	99.800		
99.810	12.210	22.440	74.910	109.560	99.810	139.080	109.440	274.740	523.260	99.810		
99.820	12.210	22.440	72.270	106.920	99.820	139.080	109.440	277.020	525.540	99.820		
99.830	12.210	22.440	72.270	106.920	99.830	139.080	109.440	277.020	525.540	99.830		
99.840	12.210	22.440	69.960	104.610	99.840	139.080	109.440	279.300	527.820	99.840		
99.850	12.210	22.440	69.960	104.610	99.850	139.080	109.440	279.300	527.820	99.850		
99.860	12.210	22.440	69.960	104.610	99.860	136.800	109.440	281.580	527.820	99.860		
99.870	12.210	22.440	69.960	104.610	99.870	139.080	109.440	281.580	530.100	99.870		
99.880	12.480	22.360	65.000	99.840	99.880	139.080	109.440	285.000	533.520	99.880		
99.890	12.480	19.760	65.000	97.240	99.890	139.200	109.040	284.200	532.440	99.890		
99.900	12.480	22.360	65.000	99.840	99.900	139.200	109.040	284.200	532.440	99.900		
99.910	12.480	19.760	65.000	97.240	99.910	139.200	111.360	284.200	534.760	99.910		
99.920	9.880	19.760	62.400	92.040	99.920	139.200	111.360	286.520	537.080	99.920		
99.930	12.480	19.760	62.400	94.640	99.930	141.520	111.360	286.520	539.400	99.930		
99.940	9.880	19.760	62.400	92.040	99.940	141.520	111.360	286.520	539.400	99.940		
99.950	9.880	19.760	59.800	89.440	99.950	141.520	111.360	290.000	542.880	99.950		
99.960	9.880	19.760	59.800	89.440	99.960	141.520	111.360	286.520	539.400	99.960		
99.970	9.880	19.760	59.800	89.440	99.970	141.520	111.360	290.000	542.880	99.970		
99.980	7.280	19.760	59.800	86.840	99.980	145.000	111.360	286.520	542.880	99.980		
99.990	7.280	19.760	57.460	84.500	99.990	145.000	111.360	286.520	542.880	99.990		
100.000	7.280	17.420	57.460	82.160	100.000	145.000	111.360	286.520	542.880	100.000		
100.010	7.280	17.420	54.860	79.560	100.010	141.520	111.360	286.520	539.400	100.010		
100.020	7.280	19.760	54.860	81.900	100.020	141.520	111.360	284.200	537.080	100.020		
100.030	7.480	17.380	55.000	79.860	100.030	145.000	111.360	286.520	542.880	100.030		
100.040	7.480	17.380	55.000	79.860	100.040	141.360	111.600	288.920	541.880	100.040		
100.050	7.480	17.380	52.360	77.220	100.050	143.840	111.600	291.400	546.840	100.050		
100.060	7.480	17.380	52.360	77.220	100.060	141.360	111.600	291.400	544.360	100.060		
100.070	7.480	17.380	52.360	77.220	100.070	141.360	114.080	293.880	549.320	100.070		
100.080	7.480	17.380	52.360	77.220	100.080	141.360	111.600	293.880	546.840	100.080		
100.090	7.480	17.380	52.360	77.220	100.090	138.880	109.120	296.360	544.360	100.090		
100.100	7.480	17.380	49.940	74.800	100.100	138.880	111.600	298.840	549.320	100.100		
100.110	7.480	17.380	49.940	74.800	100.110	138.880	111.600	298.840	549.320	100.110		
100.120	7.480	17.380	47.300	72.160	100.120	136.400	109.120	301.320	546.840	100.120		
100.130	7.480	17.380	49.940	74.800	100.130	136.400	109.120	301.320	546.840	100.130		
100.140	7.480	17.380	49.940	74.800	100.140	136.400	111.600	301.320	549.320	100.140		
100.150	7.480	14.960	47.300	69.740	100.150	136.400	111.600	303.800	551.800	100.150		
100.160	7.480	17.380	47.300	72.160	100.160	136.400	109.120	303.800	549.320	100.160		
100.170	7.480	14.960	47.300	69.740	100.170	133.920	109.120	306.280	549.320	100.170		
100.180	7.410	14.820	44.840	67.070	100.180	133.920	109.120	310.000	553.040	100.180		
100.190	7.410	14.820	47.500	69.730	100.190	135.000	110.000	310.000	555.000	100.190		
100.200	7.410	14.820	44.840	67.070	100.200	135.000	110.000	310.000	555.000	100.200		
100.210	7.410	14.820	42.370	64.600	100.210	135.000	110.000	312.500	557.500	100.210		
100.220	7.410	14.820	44.840	67.070	100.220	135.000	110.000	312.500	557.500	100.220		
100.230	7.410	14.820	44.840	67.070	100.230	132.500	110.000	312.500	555.000	100.230		
100.240	7.410	14.820	44.840	67.070	100.240	132.500	110.000	312.500	555.000	100.240		
100.250	7.410	14.820	42.370	64.600	100.250	132.500	110.000	312.500	555.000	100.250		
100.260	7.410	14.820	44.840	67.070	100.260	132.500	107.500	312.500	552.500	100.260		
100.270	7.410	14.820	44.840	67.070	100.270	132.500	110.000	312.500	555.000	100.270		
100.280	7.410	14.820	42.370	64.600	100.280	132.500	110.000	312.500	555.000	100.280		
100.290	7.410	14.820	42.370	64.600	100.290	132.500	110.000	312.500	555.000	100.290		
100.300	7.410	14.820	42.370	64.600	100.300	132.500	110.000	312.500	555.000	100.300		
100.310	7.410	14.820	42.370	64.600	100.310	132.500	110.000	312.500	555.000	100.310		
100.320	7.410	14.820	42.370	64.600	100.320	135.000	110.000	312.500	557.500	100.320		
100.330	7.480	14.960	42.500	64.940	100.330	135.000	110.000	312.500	557.500	100.330		
100.340	7.480	14.960	42.500	64.940	100.340	135.000	110.000	312.500	557.500	100.340		
100.350	7.480	14.960	42.500	64.940	100.350	135.000	110.000	312.500	557.500	100.350		
100.360	7.480	14.960	39.950	62.390	100.360	135.000	110.000	312.500	557.500	100.360		
100.370	7.480	14.960	39.950	62.390	100.370	135.000	110.000	312.500	557.500	100.370		
100.380	7.480	14.960	39.950	62.390	100.380	135.000	110.000	312.500	557.500	100.380		
100.390	7.480	14.960	42.500	64.940	100.390	135.000	110.000	312.500	557.500	100.390		
100.400	7.480	14.960	39.950	62.390	100.400	135.000	112.500	312.500	560.000	100.400		
100.410	7.480	14.960	39.950	62.390	100.410	137.500	110.000	310.000	557.500	100.410		
100.420	7.480	14.960	39.950	62.390	100.420	137.500	112.500	310.000	560.000	100.420		
100.430	7.480	14.960	39.950	62.390	100.430	137.500	112.500	310.000	560.000	100.430		
100.440	7.480	14.960	39.950	62.390	100.440	140.000	112.500	310.000	562.500	100.440		
100.450	7.480	14.960	37.400	59.840	100.450	140.000	112.500	310.000	562.500	100.450		
100.460	7.480	14.960	39.950	62.390	100.460	140.000	112.500	310.000	562.500	100.460		
100.470	7.480	14.960	39.950	62.390	100.470	140.000	112.500	307.500	560.000	100.470		
100.480	7.480	14.960	39.950	62.390	100.480	140.000	112.500	310.000	562.500	100.480		
100.490	7.480	14.960	39.950	62.390	100.490	138.880	111.600	306.280	556.760	100.490		
100.500	7.480	14.960	39.950	62.390	100.500	138.880	111.600	306.280	556.760	100.500		
100.510	4.930	14.960	39.950	59.840	100.510	138.880	111.600	306.280	556.760	100.510		
100.520	4.930	14.960	37.400	57.290	100.520	138.880	111.600	306.280	556.760	100.520		
100.530	4.930	14.960	39.950	59.840	100.530	138.880	111.600	306.280	556.760	100.530		
100.540	7.480	14.960	39.950	62.390	100.540	138.880	111.600	306.280	556.760	100.540		
100.550	4.930	14.960	39.950	59.840	100.550	138.880	111.600	306.280	556.760	100.550		
100.560	4.930	14.960	37.400	57.290	100.560	138.880	111.600	306.280	556.760	100.560		
100.570	4.930	14.960	39.950	59.840	100.570	138.880	111.600	306.280	556.760	100.570		
100.580	7.480	14.960	39.950	62.390	100.580	138.880	111.600	306.280	556.760	100.580		
100.590	7.480	14.960	39.950	62.390	100.590	138.880	111.600	306.280	556.760	100.590		
100.600	4.930	14.960	37.400	57.290	100.600	138.880	111.600	306.280	556.760	100.600		
100.610	7.480	14.960	39.950	62.390	100.610	138.880	111.600	310.000	560.480	100.610		
100.620	7.480	14.960	42.500	64.940	100.620	138.880	111.600	306.280	556.760	100.620		
100.630	7.380	17.460	39.960	64.800	100.630	138.880	111.600	306.280	556.760	100.630		
100.640	7.380	17.460	42.480	67.320	100.640	138.990	111.930	307.500	558.420	100.640		
100.650	7.380	17.460	42.480	67.320	100.650	138.990	111.930	307.500	558.420	100.650		
100.660	7.380	17.460	42.480	67.320	100.660	138.990	111.930	307.500	558.420	100.660		
100.670	7.380	17.460	42.480	67.320	100.670	138.990	111.930	307.500	558.420	100.670		
100.680	7.380	17.460	42.480	67.320	100.680	138.990	111.930	303.810	554.730	100.680		
100.690	7.380	14.940	45.000	67.320	100.690	138.990	111.930	303.810	554.730	100.690		
100.700	7.380	14.940	42.480	64.800	100.700	138.990	111.930	303.810	554.730	100.700		
100.710	7.380	17.460	42.480	67.320	100.710	138.990	111.930	303.810	554.730	100.710		
100.720	7.380	17.460	42.480	67.320	100.720	138.990	111.930	303.810	554.730	100.720		
100.730	7.380	17.460	45.000	69.840	100.730	141.450	111.930	303.810	557.190	100.730		
100.740	7.380	17.460	42.480	67.320	100.740	138.990	111.930	303.810	554.730	100.740		
100.750	7.380	17.460	45.000	69.840	100.750	138.990	111.930	303.810	554.730	100.750		
100.760	7.380	17.460	42.480	67.320	100.760	138.990	109.470	303.810	552.270	100.760		
100.770	7.380	17.460	42.480	67.320	100.770	138.990	109.470	303.810	552.270	100.770		
100.780	7.380	17.460	42.480	67.320	100.780	138.990	109.470	303.810	552.270	100.780		
100.790	7.380	17.460	42.480	67.320	100.790	138.990	111.930	307.500	558.420	100.790		
100.800	7.380	17.460	45.000	69.840	100.800	138.990	111.930	303.810	554.730	100.800		
100.810	7.380	17.460	42.480	67.320	100.810	138.990	109.470	303.810	552.270	100.810		
100.820	9.900	17.460	45.000	72.360	100.820	138.990	109.470	303.810	552.270	100.820		
100.830	7.380	17.460	45.000	69.840	100.830	138.990	109.470	303.810	552.270	100.830		
100.840	9.900	17.460	42.480	69.840	100.840	138.990	111.930	303.810	554.730	100.840		
100.850	7.380	17.460	42.480	67.320	100.850	138.990	111.930	303.810	554.730	100.850		
100.860	7.380	17.460	42.480	67.320	100.860	138.990	111.930	303.810	554.730	100.860		
100.870	9.900	17.460	42.480	69.840	100.870	138.990	111.930	303.810	554.730	100.870		
100.880	9.900	17.460	42.480	69.840	100.880	138.990	109.470	303.810	552.270	100.880		
100.890	7.380	17.460	42.480	67.320	100.890	138.990	111.930	303.810	554.730	100.890		
100.900	9.900	17.460	45.000	72.360	100.900	141.450	109.470	301.350	552.270	100.900		
100.910	7.380	17.460	45.000	69.840	100.910	141.450	111.930	303.810	557.190	100.910		
100.920	9.900	19.980	45.000	74.880	100.920	141.450	111.930	303.810	557.190	100.920		
100.930	9.880	17.480	44.840	72.200	100.930	141.450	111.930	301.350	554.730	100.930		
100.940	7.410	17.480	44.840	69.730	100.940	141.570	111.320	302.500	555.390	100.940		
100.950	7.410	17.480	44.840	69.730	100.950	141.570	111.320	302.500	555.390	100.950		
100.960	9.880	19.950	44.840	74.670	100.960	141.570	111.320	302.500	555.390	100.960		
100.970	9.880	17.480	44.840	72.200	100.970	141.570	111.320	302.500	555.390	100.970		
100.980	9.880	19.950	44.840	74.670	100.980	141.570	111.320	302.500	555.390	100.980		
100.990	9.880	19.950	44.840	74.670	100.990	141.570	111.320	302.500	555.390	100.990		
101.000	9.880	17.480	44.840	72.200	101.000	141.570	111.320	302.500	555.390	101.000		
101.010	9.880	19.950	47.500	77.330	101.010	141.570	114.950	302.500	559.020	101.010		
101.020	9.880	17.480	44.840	72.200	101.020	141.570	111.320	302.500	555.390	101.020		
101.030	9.880	19.950	47.500	77.330	101.030	143.990	111.320	298.870	554.180	101.030		
101.040	9.880	17.480	44.840	72.200	101.040	143.990	111.320	298.870	554.180	101.040		
101.050	9.880	17.480	44.840	72.200	101.050	143.990	111.320	298.870	554.180	101.050		
101.060	9.880	17.480	44.840	72.200	101.060	143.990	111.320	298.870	554.180	101.060		
101.070	9.880	19.950	44.840	74.670	101.070	143.990	114.950	296.450	555.390	101.070		
101.080	9.880	19.950	44.840	74.670	101.080	143.990	114.950	296.450	555.390	101.080		
101.090	9.880	17.480	44.840	72.200	101.090	146.370	114.240	297.500	558.110	101.090		
101.100	9.880	19.950	44.840	74.670	101.100	146.370	114.240	293.930	554.540	101.100		
101.110	9.880	19.950	44.840	74.670	101.110	146.370	114.240	293.930	554.540	101.110		
101.120	9.880	19.950	44.840	74.670	101.120	149.940	116.620	293.930	560.490	101.120		
101.130	7.410	17.480	44.840	69.730	101.130	149.940	116.620	293.930	560.490	101.130		
101.140	9.880	17.480	42.370	69.730	101.140	149.940	116.620	293.930	560.490	101.140		
101.150	7.410	19.950	47.500	74.860	101.150	152.320	116.620	291.550	560.490	101.150		
101.160	9.880	17.480	44.840	72.200	101.160	152.320	119.000	291.550	562.870	101.160		
101.170	9.880	17.480	44.840	72.200	101.170	152.320	119.000	291.550	562.870	101.170		
101.180	9.880	19.950	44.840	74.670	101.180	152.320	116.620	291.550	560.490	101.180		
101.190	7.410	19.950	44.840	72.200	101.190	152.320	119.000	293.930	565.250	101.190		
101.200	7.410	19.950	44.840	72.200	101.200	152.320	119.000	293.930	565.250	101.200		
101.210	7.410	19.950	44.840	72.200	101.210	152.320	116.620	293.930	562.870	101.210		
101.220	7.410	19.950	44.840	72.200	101.220	152.320	119.000	293.930	565.250	101.220		
101.230	7.410	17.480	44.840	69.730	101.230	152.320	116.620	293.930	562.870	101.230		
101.240	7.410	19.950	44.840	72.200	101.240	152.320	119.000	297.500	568.820	101.240		
101.250	7.410	17.480	44.840	69.730	101.250	152.320	119.000	297.500	568.820	101.250		
101.260	4.940	17.480	47.500	69.920	101.260	152.320	116.620	297.500	566.440	101.260		
101.270	7.410	17.480	44.840	69.730	101.270	152.320	116.620	297.500	566.440	101.270		
101.280	7.410	17.480	44.840	69.730	101.280	149.940	116.620	297.500	564.060	101.280		
101.290	7.410	17.480	44.840	69.730	101.290	152.320	119.000	297.500	568.820	101.290		
101.300	7.410	17.480	44.840	69.730	101.300	149.940	116.620	297.500	564.060	101.300		
101.310	7.410	17.480	44.840	69.730	101.310	149.940	116.620	293.930	560.490	101.310		
101.320	4.940	17.480	44.840	67.260	101.320	149.940	119.000	297.500	566.440	101.320		
101.330	4.940	17.480	44.840	67.260	101.330	152.320	116.620	297.500	566.440	101.330		
101.340	7.410	17.480	44.840	69.730	101.340	149.940	116.620	293.930	560.490	101.340		
101.350	4.940	17.480	44.840	67.260	101.350	149.940	116.620	297.500	564.060	101.350		
101.360	4.940	17.480	47.500	69.920	101.360	149.940	116.620	293.930	560.490	101.360		
101.370	4.940	17.480	44.840	67.260	101.370	149.940	116.620	293.930	560.490	101.370		
101.380	4.940	17.480	44.840	67.260	101.380	152.320	116.620	293.930	562.870	101.380		
101.390	7.410	19.950	44.840	72.200	101.390	152.220	116.820	295.000	564.040	101.390		
101.400	4.940	17.480	44.840	67.260	101.400	152.220	116.820	295.000	564.040	101.400		
101.410	4.940	17.480	44.840	67.260	101.410	152.220	119.180	295.000	566.400	101.410		
101.420	4.940	17.480	44.840	67.260	101.420	152.220	119.180	295.000	566.400	101.420		
101.430	4.940	19.950	44.840	69.730	101.430	152.220	116.820	295.000	564.040	101.430		
101.440	7.410	17.480	44.840	69.730	101.440	152.220	119.180	295.000	566.400	101.440		
101.450	4.940	17.480	47.500	69.920	101.450	154.580	119.180	295.000	568.760	101.450		
101.460	4.940	17.480	44.840	67.260	101.460	152.220	119.180	295.000	566.400	101.460		
101.470	7.410	17.480	44.840	69.730	101.470	152.220	116.820	295.000	564.040	101.470		
101.480	4.940	17.480	44.840	67.260	101.480	152.220	119.180	295.000	566.400	101.480		
101.490	4.940	17.480	44.840	67.260	101.490	154.580	116.820	291.460	562.860	101.490		
101.500	4.940	19.950	47.500	72.390	101.500	154.580	119.180	291.460	565.220	101.500		
101.510	4.940	17.480	44.840	67.260	101.510	154.580	119.180	291.460	565.220	101.510		
101.520	4.940	17.480	44.840	67.260	101.520	154.580	119.180	291.460	565.220	101.520		
101.530	4.860	17.460	45.000	67.320	101.530	156.940	119.180	291.460	567.580	101.530		
101.540	4.860	17.460	45.000	67.320	101.540	154.580	121.540	291.460	567.580	101.540		
101.550	4.860	17.460	45.000	67.320	101.550	154.580	121.540	291.460	567.580	101.550		
101.560	4.860	17.460	45.000	67.320	101.560	156.940	121.540	289.100	567.580	101.560		
101.570	2.340	17.460	42.480	62.280	101.570	156.940	119.180	291.460	567.580	101.570		
101.580	4.860	14.940	45.000	64.800	101.580	156.940	121.540	291.460	569.940	101.580		
101.590	4.860	14.940	42.480	62.280	101.590	154.580	121.540	291.460	567.580	101.590		
101.600	4.860	17.460	42.480	64.800	101.600	154.580	121.540	295.000	571.120	101.600		
101.610	4.860	17.460	42.480	64.800	101.610	154.580	119.180	295.000	568.760	101.610		
101.620	4.860	17.460	42.480	64.800	101.620	154.580	121.540	295.000	571.120	101.620		
101.630	4.860	17.460	42.480	64.800	101.630	154.580	121.540	295.000	571.120	101.630		
101.640	4.860	17.460	42.480	64.800	101.640	154.580	121.540	295.000	571.120	101.640		
101.650	4.860	14.940	42.480	62.280	101.650	152.220	121.540	295.000	568.760	101.650		
101.660	4.860	17.460	42.480	64.800	101.660	152.220	119.180	295.000	566.400	101.660		
101.670	4.860	17.460	39.960	62.280	101.670	152.220	121.540	295.000	568.760	101.670		
101.680	2.380	14.960	39.950	57.290	101.680	152.220	119.180	295.000	566.400	101.680		
101.690	4.930	17.340	42.500	64.770	101.690	152.320	121.380	293.930	567.630	101.690		
101.700	4.930	17.340	39.950	62.220	101.700	152.320	119.000	293.930	565.250	101.700		
101.710	4.930	17.340	39.950	62.220	101.710	152.320	119.000	293.930	565.250	101.710		
101.720	4.930	14.960	39.950	59.840	101.720	149.940	119.000	293.930	562.870	101.720		
101.730	4.930	17.340	42.500	64.770	101.730	149.940	119.000	293.930	562.870	101.730		
101.740	4.930	17.340	42.500	64.770	101.740	152.320	119.000	291.550	562.870	101.740		
101.750	4.930	17.340	42.500	64.770	101.750	149.940	119.000	291.550	560.490	101.750		
101.760	4.930	14.960	42.500	62.390	101.760	152.320	119.000	293.930	565.250	101.760		
101.770	4.930	14.960	42.500	62.390	101.770	152.320	119.000	293.930	565.250	101.770		
101.780	4.930	17.340	42.500	64.770	101.780	149.940	119.000	293.930	562.870	101.780		
101.790	4.930	14.960	42.500	62.390	101.790	149.940	119.000	293.930	562.870	101.790		
101.800	4.930	17.340	42.500	64.770	101.800	149.940	119.000	293.930	562.870	101.800		
101.810	4.930	17.340	42.500	64.770	101.810	149.940	116.620	293.930	560.490	101.810		
101.820	4.930	17.340	42.500	64.770	101.820	149.940	119.000	297.500	566.440	101.820		
101.830	4.930	17.340	42.500	64.770	101.830	149.940	119.000	297.500	566.440	101.830		
101.840	4.930	14.960	42.500	62.390	101.840	148.840	119.560	296.460	564.860	101.840		
101.850	4.930	14.960	42.500	62.390	101.850	148.840	117.120	296.460	562.420	101.850		
101.860	4.930	17.340	42.500	64.770	101.860	146.400	117.120	296.460	559.980	101.860		
101.870	4.930	14.960	42.500	62.390	101.870	148.840	117.120	296.460	562.420	101.870		
101.880	2.380	14.960	42.500	59.840	101.880	148.840	117.120	298.900	564.860	101.880		
101.890	4.930	17.340	42.500	64.770	101.890	146.400	114.680	298.900	559.980	101.890		
101.900	2.380	17.340	42.500	62.220	101.900	146.400	117.120	298.900	562.420	101.900		
101.910	2.380	14.960	42.500	59.840	101.910	146.400	114.680	298.900	559.980	101.910		
101.920	2.380	17.340	42.500	62.220	101.920	146.400	114.680	298.900	559.980	101.920		
101.930	2.380	14.960	42.500	59.840	101.930	146.400	114.680	301.340	562.420	101.930		
101.940	2.380	14.960	39.950	57.290	101.940	143.960	114.680	301.340	559.980	101.940		
101.950	2.380	14.960	42.500	59.840	101.950	143.960	114.680	301.340	559.980	101.950		
101.960	2.380	14.960	42.500	59.840	101.960	143.960	112.240	301.340	557.540	101.960		
101.970	2.380	17.340	39.950	59.670	101.970	143.960	112.240	305.000	561.200	101.970		
101.980	2.340	14.940	42.480	59.760	101.980	143.960	112.240	305.000	561.200	101.980		
101.990	2.340	17.460	42.480	62.280	101.990	143.910	111.930	303.810	559.650	101.990		
102.000	4.860	17.460	42.480	64.800	102.000	143.910	114.390	303.810	562.110	102.000		
102.010	4.860	17.460	42.480	64.800	102.010	143.910	111.930	303.810	559.650	102.010		
102.020	4.860	14.940	42.480	62.280	102.020	143.910	114.390	303.810	562.110	102.020		
102.030	4.860	17.460	42.480	64.800	102.030	143.910	114.390	303.810	562.110	102.030		
102.040	4.860	17.460	45.000	67.320	102.040	143.910	114.390	303.810	562.110	102.040		
102.050	4.860	17.460	42.480	64.800	102.050	143.910	111.930	303.810	559.650	102.050		
102.060	2.340	17.460	42.480	62.280	102.060	143.910	111.930	303.810	559.650	102.060		
102.070	4.860	17.460	42.480	64.800	102.070	143.910	111.930	303.810	559.650	102.070		
102.080	4.860	17.460	42.480	64.800	102.080	143.910	111.930	303.810	559.650	102.080		
102.090	4.860	17.460	42.480	64.800	102.090	143.910	111.930	303.810	559.650	102.090		
102.100	4.860	17.460	42.480	64.800	102.100	143.910	111.930	307.500	563.340	102.100		
102.110	4.860	17.460	42.480	64.800	102.110	141.450	111.930	307.500	560.880	102.110		
102.120	4.860	17.460	42.480	64.800	102.120	141.450	111.930	307.500	560.880	102.120		
102.130	4.930	17.340	42.500	64.770	102.130	143.910	111.930	307.500	563.340	102.130		
102.140	4.930	17.340	42.500	64.770	102.140	142.500	112.500	307.500	562.500	102.140		
102.150	4.930	17.340	42.500	64.770	102.150	142.500	112.500	307.500	562.500	102.150		
102.160	7.480	17.340	42.500	67.320	102.160	142.500	112.500	310.000	565.000	102.160		
102.170	4.930	17.340	42.500	64.770	102.170	142.500	110.000	310.000	562.500	102.170		
102.180	4.930	17.340	39.950	62.220	102.180	142.500	112.500	310.000	565.000	102.180		
102.190	7.480	17.340	42.500	67.320	102.190	140.000	112.500	310.000	562.500	102.190		
102.200	7.480	17.340	42.500	67.320	102.200	140.000	110.000	310.000	560.000	102.200		
102.210	4.930	17.340	42.500	64.770	102.210	140.000	110.000	310.000	560.000	102.210		
102.220	4.930	17.340	42.500	64.770	102.220	140.000	110.000	312.500	562.500	102.220		
102.230	7.480	19.890	42.500	69.870	102.230	140.000	110.000	310.000	560.000	102.230		
102.240	4.930	17.340	39.950	62.220	102.240	140.000	110.000	310.000	560.000	102.240		
102.250	7.480	17.340	42.500	67.320	102.250	137.500	107.500	310.000	555.000	102.250		
102.260	7.480	17.340	42.500	67.320	102.260	137.500	110.000	312.500	560.000	102.260		
102.270	7.480	17.340	42.500	67.320	102.270	137.500	107.500	312.500	557.500	102.270		
102.280	7.480	17.340	42.500	67.320	102.280	137.500	107.500	312.500	557.500	102.280		
102.290	7.480	19.890	42.500	69.870	102.290	136.500	106.600	312.000	555.100	102.290		
102.300	7.480	17.340	42.500	67.320	102.300	136.500	106.600	312.000	555.100	102.300		
102.310	7.480	19.890	42.500	69.870	102.310	133.900	106.600	314.600	555.100	102.310		
102.320	7.480	19.890	42.500	69.870	102.320	133.900	104.000	314.600	552.500	102.320		
102.330	7.480	19.890	42.500	69.870	102.330	133.900	104.000	314.600	552.500	102.330		
102.340	7.480	19.890	42.500	69.870	102.340	131.300	104.000	314.600	549.900	102.340		
102.350	7.480	17.340	42.500	67.320	102.350	133.900	101.400	317.200	552.500	102.350		
102.360	7.480	19.890	42.500	69.870	102.360	131.300	101.400	317.200	549.900	102.360		
102.370	9.860	19.890	42.500	72.250	102.370	130.000	101.400	317.200	548.600	102.370		
102.380	7.480	17.340	39.950	64.770	102.380	130.000	101.400	317.200	548.600	102.380		
102.390	9.860	17.340	39.950	67.150	102.390	130.000	101.400	319.800	551.200	102.390		
102.400	9.860	19.890	42.500	72.250	102.400	127.400	98.800	319.800	546.000	102.400		
102.410	7.480	19.890	42.500	69.870	102.410	127.400	98.800	322.400	548.600	102.410		
102.420	7.480	17.340	42.500	67.320	102.420	124.800	97.500	322.400	544.700	102.420		
102.430	9.860	19.890	39.950	69.700	102.430	124.800	97.500	325.000	547.300	102.430		
102.440	9.860	17.340	39.950	67.150	102.440	121.260	97.290	327.120	545.670	102.440		
102.450	9.860	17.340	39.950	67.150	102.450	121.260	97.290	327.120	545.670	102.450		
102.460	7.480	17.340	39.950	64.770	102.460	119.850	94.470	329.940	544.260	102.460		
102.470	9.860	17.340	39.950	67.150	102.470	117.030	94.470	331.350	542.850	102.470		
102.480	9.860	19.890	42.500	72.250	102.480	117.030	94.470	331.350	542.850	102.480		
102.490	9.860	17.340	39.950	67.150	102.490	117.030	91.650	336.990	545.670	102.490		
102.500	9.860	17.340	39.950	67.150	102.500	114.210	91.650	339.810	545.670	102.500		
102.510	9.860	17.340	37.400	64.600	102.510	111.390	88.830	339.810	540.030	102.510		
102.520	9.860	17.340	37.400	64.600	102.520	109.980	88.830	341.220	540.030	102.520		
102.530	9.860	17.340	34.850	62.050	102.530	109.980	87.420	344.040	541.440	102.530		
102.540	9.860	17.340	34.850	62.050	102.540	107.160	88.830	346.860	542.850	102.540		
102.550	9.860	14.960	32.470	57.290	102.550	107.160	87.420	346.860	541.440	102.550		
102.560	9.860	14.960	29.920	54.740	102.560	104.340	87.420	349.680	541.440	102.560		
102.570	9.860	14.960	24.990	49.810	102.570	104.340	87.420	352.500	544.260	102.570		
102.580	9.990	14.940	22.500	47.430	102.580	104.340	87.420	352.500	544.260	102.580		
102.590	9.990	14.940	22.500	47.430	102.590	104.390	87.230	354.640	546.260	102.590		
102.600	9.990	12.420	19.980	42.390	102.600	104.390	87.230	354.640	546.260	102.600		
102.610	9.990	14.940	17.460	42.390	102.610	104.390	87.230	354.640	546.260	102.610		
102.620	9.990	12.420	14.940	37.350	102.620	104.390	88.660	354.640	547.690	102.620		
102.630	9.990	12.420	14.940	37.350	102.630	104.390	87.230	357.500	549.120	102.630		
102.640	9.990	12.420	14.940	37.350	102.640	104.390	88.660	357.500	550.550	102.640		
102.650	9.990	12.420	14.940	37.350	102.650	104.390	88.660	357.500	550.550	102.650		
102.660	9.990	12.420	14.940	37.350	102.660	107.250	91.520	354.640	553.410	102.660		
102.670	9.990	12.420	14.940	37.350	102.670	107.250	91.520	354.640	553.410	102.670		
102.680	9.990	12.420	12.420	34.830	102.680	108.680	91.520	354.640	554.840	102.680		
102.690	9.990	9.990	12.420	32.400	102.690	108.680	94.380	354.640	557.700	102.690		
102.700	9.990	9.990	9.990	29.970	102.700	111.540	94.380	354.640	560.560	102.700		
102.710	9.990	12.420	12.420	34.830	102.710	111.540	94.380	354.640	560.560	102.710		
102.720	7.470	9.990	9.990	27.450	102.720	111.540	97.240	354.640	563.420	102.720		
102.730	7.480	10.000	10.000	27.480	102.730	111.540	97.240	354.640	563.420	102.730		
102.740	7.480	10.000	10.000	27.480	102.740	113.760	96.480	354.240	564.480	102.740		
102.750	7.480	10.000	10.000	27.480	102.750	112.320	96.480	354.240	563.040	102.750		
102.760	7.480	10.000	7.480	24.960	102.760	112.320	96.480	354.240	563.040	102.760		
102.770	7.480	10.000	7.480	24.960	102.770	112.320	96.480	357.120	565.920	102.770		
102.780	5.000	10.000	7.480	22.480	102.780	112.320	96.480	357.120	565.920	102.780		
102.790	5.000	10.000	7.480	22.480	102.790	112.320	96.480	357.120	565.920	102.790		
102.800	5.000	10.000	7.480	22.480	102.800	112.320	93.600	357.120	563.040	102.800		
102.810	5.000	10.000	7.480	22.480	102.810	109.440	93.600	357.120	560.160	102.810		
102.820	5.000	10.000	7.480	22.480	102.820	112.320	96.480	360.000	568.800	102.820		
102.830	5.000	10.000	5.000	20.000	102.830	109.440	93.600	360.000	563.040	102.830		
102.840	5.000	10.000	7.480	22.480	102.840	112.320	93.600	360.000	565.920	102.840		
102.850	5.000	10.000	7.480	22.480	102.850	109.440	93.600	360.000	563.040	102.850		
102.860	5.000	10.000	7.480	22.480	102.860	109.440	92.160	360.000	561.600	102.860		
102.870	5.000	10.000	7.480	22.480	102.870	109.440	92.160	360.000	561.600	102.870		
102.880	5.000	10.000	7.500	22.500	102.880	109.440	92.160	360.000	561.600	102.880		
102.890	5.000	10.000	7.500	22.500	102.890	109.500	91.980	359.160	560.640	102.890		
102.900	5.000	10.000	7.500	22.500	102.900	109.500	91.980	359.160	560.640	102.900		
102.910	5.000	10.000	7.500	22.500	102.910	106.580	91.980	359.160	557.720	102.910		
102.920	5.000	10.000	7.500	22.500	102.920	106.580	91.980	362.080	560.640	102.920		
102.930	7.500	10.000	7.500	25.000	102.930	109.500	91.980	359.160	560.640	102.930		
102.940	5.000	10.000	10.000	25.000	102.940	106.580	89.060	359.160	554.800	102.940		
102.950	7.500	12.500	10.000	30.000	102.950	106.580	91.980	362.080	560.640	102.950		
102.960	5.000	10.000	7.500	22.500	102.960	106.580	91.980	359.160	557.720	102.960		
102.970	5.000	10.000	10.000	25.000	102.970	106.580	89.060	359.160	554.800	102.970		
102.980	5.000	10.000	7.500	22.500	102.980	106.580	89.060	362.080	557.720	102.980		
102.990	7.500	10.000	7.500	25.000	102.990	103.660	89.060	359.160	551.880	102.990		
103.000	5.000	10.000	10.000	25.000	103.000	103.660	89.060	362.080	554.800	103.000		
103.010	5.000	10.000	7.500	22.500	103.010	103.660	89.060	362.080	554.800	103.010		
103.020	7.500	10.000	10.000	27.500	103.020	103.660	89.060	365.000	557.720	103.020		
103.030	5.000	10.000	10.000	25.000	103.030	102.200	86.140	365.000	553.340	103.030		
103.040	7.500	10.000	10.000	27.500	103.040	99.540	86.900	366.560	553.000	103.040		
103.050	5.000	10.000	10.000	25.000	103.050	99.540	83.740	369.720	553.000	103.050		
103.060	5.000	10.000	7.500	22.500	103.060	96.380	83.740	371.300	551.420	103.060		
103.070	5.000	12.500	10.000	27.500	103.070	94.800	82.160	374.460	551.420	103.070		
103.080	5.000	10.000	7.500	22.500	103.080	91.640	82.160	376.040	549.840	103.080		
103.090	5.000	10.000	7.500	22.500	103.090	88.480	82.160	382.360	553.000	103.090		
103.100	5.000	10.000	7.500	22.500	103.100	88.480	79.000	382.360	549.840	103.100		
103.110	5.000	10.000	10.000	25.000	103.110	86.900	79.000	383.940	549.840	103.110		
103.120	5.000	10.000	7.500	22.500	103.120	83.740	77.420	387.100	548.260	103.120		
103.130	5.000	10.000	7.500	22.500	103.130	83.740	77.420	388.680	549.840	103.130		
103.140	5.000	10.000	7.500	22.500	103.140	82.160	77.420	388.680	548.260	103.140		
103.150	5.000	10.000	7.500	22.500	103.150	82.160	77.420	391.840	551.420	103.150		
103.160	5.000	10.000	7.500	22.500	103.160	82.160	77.420	391.840	551.420	103.160		
103.170	5.000	10.000	5.000	20.000	103.170	79.000	77.420	395.000	551.420	103.170		
103.180	5.000	10.000	5.000	20.000	103.180	79.000	77.420	395.000	551.420	103.180		
103.190	5.000	10.000	5.000	20.000	103.190	76.800	76.800	393.600	547.200	103.190		
103.200	5.000	10.000	5.000	20.000	103.200	80.000	76.800	396.800	553.600	103.200		
103.210	5.000	10.000	5.000	20.000	103.210	76.800	76.800	396.800	550.400	103.210		
103.220	5.000	7.480	5.000	17.480	103.220	76.800	76.800	396.800	550.400	103.220		
103.230	5.000	7.480	5.000	17.480	103.230	76.800	76.800	396.800	550.400	103.230		
103.240	5.000	7.480	2.480	14.960	103.240	76.800	76.800	396.800	550.400	103.240		
103.250	5.000	7.480	2.480	14.960	103.250	80.000	80.000	400.000	560.000	103.250		
103.260	5.000	7.480	2.480	14.960	103.260	76.800	76.800	400.000	553.600	103.260		
103.270	5.000	10.000	2.480	17.480	103.270	80.000	80.000	400.000	560.000	103.270		
103.280	5.000	10.000	2.480	17.480	103.280	80.000	80.000	396.800	556.800	103.280		
103.290	5.000	7.480	2.480	14.960	103.290	80.000	80.000	396.800	556.800	103.290		
103.300	5.000	7.480	2.480	14.960	103.300	80.000	76.800	396.800	553.600	103.300		
103.310	5.000	7.480	2.480	14.960	103.310	80.000	80.000	393.600	553.600	103.310		
103.320	5.000	7.480	2.480	14.960	103.320	80.000	80.000	393.600	553.600	103.320		
103.330	5.000	10.000	2.480	17.480	103.330	80.000	80.000	392.000	552.000	103.330		
103.340	5.000	7.480	2.480	14.960	103.340	81.500	79.870	391.200	552.570	103.340		
103.350	5.000	10.000	2.480	17.480	103.350	79.870	79.870	391.200	550.940	103.350		
103.360	2.480	10.000	2.480	14.960	103.360	81.500	79.870	391.200	552.570	103.360		
103.370	2.480	10.000	5.000	17.480	103.370	81.500	79.870	391.200	552.570	103.370		
103.380	5.000	10.000	5.000	20.000	103.380	81.500	79.870	391.200	552.570	103.380		
103.390	2.480	10.000	5.000	17.480	103.390	81.500	79.870	391.200	552.570	103.390		
103.400	2.480	10.000	5.000	17.480	103.400	79.870	79.870	391.200	550.940	103.400		
103.410	2.480	10.000	5.000	17.480	103.410	81.500	79.870	394.460	555.830	103.410		
103.420	2.480	10.000	5.000	17.480	103.420	79.870	81.500	394.460	555.830	103.420		
103.430	2.480	10.000	5.000	17.480	103.430	79.870	81.500	394.460	555.830	103.430		
103.440	2.480	10.000	7.480	19.960	103.440	79.870	79.870	399.350	559.090	103.440		
103.450	2.480	10.000	5.000	17.480	103.450	79.870	79.870	399.350	559.090	103.450		
103.460	2.480	10.000	5.000	17.480	103.460	76.610	81.500	400.980	559.090	103.460		
103.470	0.000	10.000	5.000	15.000	103.470	76.610	79.870	407.500	563.980	103.470		
103.480	0.000	7.480	5.000	12.480	103.480	76.610	79.870	407.500	563.980	103.480		
103.490	0.000	7.480	5.000	12.480	103.490	76.360	81.340	408.360	566.060	103.490		
103.500	0.000	10.000	5.000	15.000	103.500	74.700	81.340	408.360	564.400	103.500		
103.510	0.000	10.000	5.000	15.000	103.510	74.700	81.340	411.680	567.720	103.510		
103.520	0.000	7.480	5.000	12.480	103.520	76.360	81.340	411.680	569.380	103.520		
103.530	0.000	7.480	2.480	9.960	103.530	74.700	81.340	411.680	567.720	103.530		
103.540	0.000	7.480	2.480	9.960	103.540	74.700	81.340	415.000	571.040	103.540		
103.550	0.000	7.480	2.480	9.960	103.550	74.700	81.340	415.000	571.040	103.550		
103.560	0.000	5.000	0.000	5.000	103.560	74.700	81.340	415.000	571.040	103.560		
103.570	0.000	7.480	0.000	7.480	103.570	74.700	81.340	415.000	571.040	103.570		
103.580	0.000	5.000	0.000	5.000	103.580	74.700	84.660	415.000	574.360	103.580		
103.590	0.000	5.000	0.000	5.000	103.590	74.700	81.340	415.000	571.040	103.590		
103.600	0.000	5.000	0.000	5.000	103.600	74.700	81.340	415.000	571.040	103.600		
103.610	0.000	5.000	0.000	5.000	103.610	74.700	84.660	415.000	574.360	103.610		
103.620	0.000	5.000	0.000	5.000	103.620	74.700	84.660	415.000	574.360	103.620		
103.630	0.000	5.000	0.000	5.000	103.630	74.700	84.660	415.000	574.360	103.630		
103.640	0.000	2.500	0.000	2.500	103.640	74.360	86.190	417.430	577.980	103.640		
103.650	0.000	5.000	0.000	5.000	103.650	76.050	86.190	417.430	579.670	103.650		
103.660	0.000	5.000	0.000	5.000	103.660	76.050	89.570	417.430	583.050	103.660		
103.670	0.000	2.500	0.000	2.500	103.670	76.050	89.570	417.430	583.050	103.670		
103.680	0.000	2.500	0.000	2.500	103.680	79.430	91.260	417.430	588.120	103.680		
103.690	0.000	2.500	0.000	2.500	103.690	79.430	91.260	417.430	588.120	103.690		
103.700	0.000	2.500	0.000	2.500	103.700	79.430	91.260	417.430	588.120	103.700		
103.710	0.000	2.500	0.000	2.500	103.710	79.430	91.260	417.430	588.120	103.710		
103.720	0.000	2.500	0.000	2.500	103.720	79.430	91.260	417.430	588.120	103.720		
103.730	0.000	2.500	0.000	2.500	103.730	79.430	94.640	417.430	591.500	103.730		
103.740	0.000	2.500	0.000	2.500	103.740	81.120	94.640	419.120	594.880	103.740		
103.750	0.000	2.500	0.000	2.500	103.750	81.120	94.640	419.120	594.880	103.750		
103.760	0.000	2.500	0.000	2.500	103.760	81.120	94.640	422.500	598.260	103.760		
103.770	0.000	2.500	0.000	2.500	103.770	81.120	94.640	422.500	598.260	103.770		
103.780	0.000	2.500	0.000	2.500	103.780	81.120	94.640	419.120	594.880	103.780		
103.790	0.000	2.500	0.000	2.500	103.790	82.320	92.400	420.000	594.720	103.790		
103.800	0.000	2.500	0.000	2.500	103.800	82.320	92.400	420.000	594.720	103.800		
103.810	0.000	2.500	0.000	2.500	103.810	82.320	92.400	414.960	589.680	103.810		
103.820	0.000	2.500	0.000	2.500	103.820	78.960	92.400	414.960	586.320	103.820		
103.830	0.000	2.500	0.000	2.500	103.830	82.320	89.040	411.600	582.960	103.830		
103.840	0.000	2.500	0.000	2.500	103.840	78.960	89.040	411.600	579.600	103.840		
103.850	0.000	2.500	0.000	2.500	103.850	78.960	89.040	409.920	577.920	103.850		
103.860	0.000	2.500	0.000	2.500	103.860	78.960	87.360	411.600	577.920	103.860		
103.870	0.000	2.500	0.000	2.500	103.870	78.960	87.360	411.600	577.920	103.870		
103.880	0.000	2.500	0.000	2.500	103.880	82.320	87.360	411.600	581.280	103.880		
103.890	0.000	2.500	0.000	2.500	103.890	82.320	89.040	411.600	582.960	103.890		
103.900	0.000	2.500	0.000	2.500	103.900	82.320	89.040	411.600	582.960	103.900		
103.910	0.000	2.500	0.000	2.500	103.910	84.000	89.040	409.920	582.960	103.910		
103.920	0.000	2.500	0.000	2.500	103.920	84.000	92.400	409.920	586.320	103.920		
103.930	0.000	2.380	0.000	2.380	103.930	87.360	92.400	406.560	586.320	103.930		
103.940	0.000	2.380	0.000	2.380	103.940	89.100	92.340	405.000	586.440	103.940		
103.950	0.000	2.380	0.000	2.380	103.950	89.100	92.340	405.000	586.440	103.950		
103.960	0.000	2.380	0.000	2.380	103.960	92.340	93.960	405.000	591.300	103.960		
103.970	0.000	0.000	0.000	0.000	103.970	93.960	92.340	401.760	588.060	103.970		
103.980	4.900	2.380	0.000	7.280	103.980	93.960	93.960	398.520	586.440	103.980		
103.990	9.940	2.380	0.000	12.320	103.990	97.200	93.960	393.660	584.820	103.990		
104.000	12.460	4.900	0.000	17.360	104.000	97.200	93.960	388.800	579.960	104.000		
104.010	17.500	4.900	0.000	22.400	104.010	97.200	93.960	383.940	575.100	104.010		
104.020	19.880	7.420	0.000	27.300	104.020	98.820	93.960	379.080	571.860	104.020		
104.030	19.880	9.940	0.000	29.820	104.030	102.060	93.960	374.220	570.240	104.030		
104.040	19.880	9.940	0.000	29.820	104.040	103.680	97.200	369.360	570.240	104.040		
104.050	22.400	9.940	2.380	34.720	104.050	103.680	93.960	361.260	558.900	104.050		
104.060	27.440	14.980	7.420	49.840	104.060	106.920	93.960	351.540	552.420	104.060		
104.070	35.000	14.980	12.460	62.440	104.070	106.920	93.960	341.820	542.700	104.070		
104.080	40.000	22.400	20.000	82.400	104.080	106.920	92.340	328.860	528.120	104.080		
104.090	44.800	24.800	24.800	94.400	104.090	106.680	88.900	317.500	513.080	104.090		
104.100	50.000	30.000	32.400	112.400	104.100	109.220	86.360	307.340	502.920	104.100		
104.110	54.800	32.400	37.200	124.400	104.110	109.220	83.820	292.100	485.140	104.110		
104.120	57.200	37.200	42.400	136.800	104.120	109.220	81.280	281.940	472.440	104.120		
104.130	62.400	40.000	47.200	149.600	104.130	109.220	81.280	269.240	459.740	104.130		
104.140	67.200	42.400	54.800	164.400	104.140	109.220	77.470	256.540	443.230	104.140		
104.150	70.000	44.800	57.200	172.000	104.150	109.220	74.930	246.380	430.530	104.150		
104.160	74.800	47.200	62.400	184.400	104.160	109.220	72.390	237.490	419.100	104.160		
104.170	77.200	52.400	64.800	194.400	104.170	109.220	72.390	227.330	408.940	104.170		
104.180	82.400	54.800	70.000	207.200	104.180	109.220	69.850	219.710	398.780	104.180		
104.190	87.200	60.000	72.400	219.600	104.190	106.680	67.310	212.090	386.080	104.190		
104.200	90.000	62.400	74.800	227.200	104.200	106.680	64.770	204.470	375.920	104.200		
104.210	94.800	62.400	80.000	237.200	104.210	106.680	62.230	199.390	368.300	104.210		
104.220	100.000	64.800	82.400	247.200	104.220	104.140	62.230	194.310	360.680	104.220		
104.230	104.920	67.100	84.790	256.810	104.230	106.680	59.690	186.690	353.060	104.230		
104.240	107.360	67.100	87.230	261.690	104.240	104.390	56.940	182.500	343.830	104.240		
104.250	112.240	69.540	87.230	269.010	104.250	104.390	56.940	177.390	338.720	104.250		
104.260	114.680	69.540	89.670	273.890	104.260	104.390	56.940	172.280	333.610	104.260		
104.270	119.560	71.980	87.230	278.770	104.270	104.390	54.750	167.170	326.310	104.270		
104.280	122.000	71.980	89.670	283.650	104.280	102.200	54.750	164.980	321.930	104.280		
104.290	127.490	71.980	92.110	291.580	104.290	102.200	51.830	159.870	313.900	104.290		
104.300	132.370	74.420	92.110	298.900	104.300	102.200	51.830	154.760	308.790	104.300		
104.310	134.810	74.420	94.550	303.780	104.310	102.200	51.830	151.840	305.870	104.310		
104.320	139.690	77.470	94.550	311.710	104.320	102.200	49.640	149.650	301.490	104.320		
104.330	142.130	77.470	96.990	316.590	104.330	102.200	49.640	147.460	299.300	104.330		
104.340	147.010	79.910	99.430	326.350	104.340	102.200	49.640	144.540	296.380	104.340		
104.350	149.450	79.910	99.430	328.790	104.350	104.390	49.640	142.350	296.380	104.350		
104.360	152.500	79.910	102.480	334.890	104.360	104.390	49.640	139.430	293.460	104.360		
104.370	152.500	79.910	102.480	334.890	104.370	104.390	49.640	137.240	291.270	104.370		
104.380	155.000	82.460	104.780	342.240	104.380	104.390	49.640	137.240	291.270	104.380		
104.390	155.000	82.460	104.780	342.240	104.390	104.920	49.410	137.250	291.580	104.390		
104.400	155.000	82.460	104.780	342.240	104.400	104.920	49.410	137.250	291.580	104.400		
104.410	155.000	82.460	107.260	344.720	104.410	104.920	52.460	137.250	294.630	104.410		
104.420	155.000	82.460	107.260	344.720	104.420	107.360	52.460	137.250	297.070	104.420		
104.430	155.000	82.460	107.260	344.720	104.430	107.360	52.460	139.690	299.510	104.430		
104.440	151.900	82.460	107.260	341.620	104.440	109.800	52.460	139.690	301.950	104.440		
104.450	151.900	82.460	109.740	344.100	104.450	109.800	52.460	139.690	301.950	104.450		
104.460	149.420	79.980	109.740	339.140	104.460	109.800	52.460	142.130	304.390	104.460		
104.470	149.420	79.980	109.740	339.140	104.470	109.800	52.460	142.130	304.390	104.470		
104.480	146.940	79.980	109.740	336.660	104.480	109.800	52.460	142.130	304.390	104.480		
104.490	146.940	79.980	109.740	336.660	104.490	109.800	52.460	144.570	306.830	104.490		
104.500	146.940	79.980	109.740	336.660	104.500	109.800	52.460	147.010	309.270	104.500		
104.510	144.460	77.500	112.220	334.180	104.510	109.800	52.460	149.450	311.710	104.510		
104.520	144.460	77.500	112.220	334.180	104.520	107.360	52.460	152.500	312.320	104.520		
104.530	142.100	77.140	111.940	331.180	104.530	107.360	52.460	152.500	312.320	104.530		
104.540	142.100	77.140	111.940	331.180	104.540	107.250	52.000	157.300	316.550	104.540		
104.550	139.780	77.140	111.940	328.860	104.550	107.250	52.000	157.300	316.550	104.550		
104.560	139.780	74.820	111.940	326.540	104.560	107.250	52.000	157.300	316.550	104.560		
104.570	139.780	77.140	114.840	331.760	104.570	107.250	52.000	159.900	319.150	104.570		
104.580	142.100	77.140	114.840	334.080	104.580	104.650	52.000	162.500	319.150	104.580		
104.590	142.100	77.140	117.160	336.400	104.590	104.650	49.400	162.500	316.550	104.590		
104.600	142.100	74.820	114.840	331.760	104.600	104.650	49.400	162.500	316.550	104.600		
104.610	142.100	77.140	114.840	334.080	104.610	104.650	49.400	159.900	313.950	104.610		
104.620	142.100	77.140	114.840	334.080	104.620	104.650	49.400	162.500	316.550	104.620		
104.630	145.000	77.140	117.160	339.300	104.630	104.650	49.400	159.900	313.950	104.630		
104.640	145.000	77.140	117.160	339.300	104.640	102.050	49.400	159.900	311.350	104.640		
104.650	145.000	77.140	119.480	341.620	104.650	102.050	49.400	159.900	311.350	104.650		
104.660	145.000	79.460	119.480	343.940	104.660	102.050	49.400	157.300	308.750	104.660		
104.670	145.000	77.140	122.380	344.520	104.670	104.650	49.400	154.700	308.750	104.670		
104.680	147.500	79.650	119.770	346.920	104.680	104.650	49.400	154.700	308.750	104.680		
104.690	144.550	79.650	119.770	343.970	104.690	107.360	49.410	152.500	309.270	104.690		
104.700	144.550	77.290	119.770	341.610	104.700	107.360	52.460	152.500	312.320	104.700		
104.710	147.500	79.650	119.770	346.920	104.710	107.360	49.410	149.450	306.220	104.710		
104.720	147.500	79.650	119.770	346.920	104.720	109.800	52.460	147.010	309.270	104.720		
104.730	144.550	79.650	119.770	343.970	104.730	109.800	49.410	147.010	306.220	104.730		
104.740	144.550	79.650	119.770	343.970	104.740	112.240	52.460	144.570	309.270	104.740		
104.750	144.550	79.650	119.770	343.970	104.750	112.240	52.460	142.130	306.830	104.750		
104.760	144.550	79.650	119.770	343.970	104.760	112.240	52.460	139.690	304.390	104.760		
104.770	142.190	79.650	119.770	341.610	104.770	114.680	52.460	137.250	304.390	104.770		
104.780	144.550	79.650	117.410	341.610	104.780	117.120	52.460	137.250	306.830	104.780		
104.790	142.190	79.650	117.410	339.250	104.790	117.120	52.460	134.810	304.390	104.790		
104.800	144.550	79.650	117.410	341.610	104.800	117.120	52.460	134.810	304.390	104.800		
104.810	144.550	77.290	117.410	339.250	104.810	119.560	52.460	132.370	304.390	104.810		
104.820	144.550	79.650	114.460	338.660	104.820	119.560	52.460	132.370	304.390	104.820		
104.830	144.570	79.910	117.120	341.600	104.830	119.560	52.460	129.930	301.950	104.830		
104.840	147.010	77.470	114.680	339.160	104.840	119.560	52.460	129.930	301.950	104.840		
104.850	144.570	79.910	114.680	339.160	104.850	119.560	52.460	127.490	299.510	104.850		
104.860	147.010	79.910	114.680	341.600	104.860	119.560	52.460	127.490	299.510	104.860		
104.870	147.010	79.910	117.120	344.040	104.870	119.560	52.460	127.490	299.510	104.870		
104.880	147.010	79.910	114.680	341.600	104.880	119.560	52.460	127.490	299.510	104.880		
104.890	149.450	79.910	117.120	346.480	104.890	117.120	49.410	127.490	294.020	104.890		
104.900	152.500	79.910	117.120	349.530	104.900	117.120	52.460	129.930	299.510	104.900		
104.910	152.500	79.910	117.120	349.530	104.910	117.120	49.410	129.930	296.460	104.910		
104.920	152.500	79.910	117.120	349.530	104.920	117.120	49.410	132.370	298.900	104.920		
104.930	152.500	79.910	117.120	349.530	104.930	114.680	52.460	137.250	304.390	104.930		
104.940	152.500	79.910	117.120	349.530	104.940	114.680	49.410	139.690	303.780	104.940		
104.950	152.500	79.910	117.120	349.530	104.950	114.680	52.460	144.570	311.710	104.950		
104.960	152.500	79.910	117.120	349.530	104.960	112.240	49.410	147.010	308.660	104.960		
104.970	152.500	79.910	117.120	349.530	104.970	112.240	49.410	149.450	311.100	104.970		
104.980	155.000	79.980	117.180	352.160	104.980	109.800	49.410	152.500	311.710	104.980		
104.990	155.000	77.500	114.700	347.200	104.990	107.030	49.280	154.770	311.080	104.990		
105.000	155.000	77.500	117.180	349.680	105.000	107.030	49.280	157.080	313.390	105.000		
105.010	155.000	77.500	114.700	347.200	105.010	107.030	46.970	159.390	313.390	105.010		
105.020	155.000	74.400	112.220	341.620	105.020	104.720	46.970	162.470	314.160	105.020		
105.030	155.000	77.500	114.700	347.200	105.030	104.720	46.970	164.780	316.470	105.030		
105.040	155.000	74.400	112.220	341.620	105.040	102.410	46.970	167.090	316.470	105.040		
105.050	155.000	71.920	109.740	336.660	105.050	99.330	46.970	169.400	315.700	105.050		
105.060	155.000	71.920	109.740	336.660	105.060	99.330	46.970	172.480	318.780	105.060		
105.070	155.000	71.920	109.740	336.660	105.070	97.020	46.970	174.790	318.780	105.070		
105.080	151.900	69.440	107.260	328.600	105.080	97.020	46.970	179.410	323.400	105.080		
105.090	151.900	69.440	107.260	328.600	105.090	94.710	46.970	179.410	321.090	105.090		
105.100	151.900	66.960	104.780	323.640	105.100	94.710	44.660	184.800	324.170	105.100		
105.110	149.420	66.960	102.300	318.680	105.110	94.710	46.970	187.110	328.790	105.110		
105.120	149.420	64.480	102.300	316.200	105.120	94.710	46.970	189.420	331.100	105.120		
105.130	147.500	64.900	99.710	312.110	105.130	94.710	46.970	192.500	334.180	105.130		
105.140	147.500	64.900	99.710	312.110	105.140	94.300	46.740	191.880	332.920	105.140		
105.150	144.550	64.900	99.710	309.160	105.150	94.300	46.740	194.340	335.380	105.150		
105.160	144.550	61.950	97.350	303.850	105.160	94.300	44.280	194.340	332.920	105.160		
105.170	142.190	61.950	99.710	303.850	105.170	94.300	44.280	196.800	335.380	105.170		
105.180	139.830	61.950	99.710	301.490	105.180	94.300	44.280	196.800	335.380	105.180		
105.190	139.830	61.950	99.710	301.490	105.190	91.840	44.280	196.800	332.920	105.190		
105.200	137.470	61.950	99.710	299.130	105.200	91.840	46.740	196.800	335.380	105.200		
105.210	137.470	61.950	99.710	299.130	105.210	91.840	44.280	199.260	335.380	105.210		
105.220	137.470	61.950	99.710	299.130	105.220	91.840	46.740	199.260	337.840	105.220		
105.230	137.470	61.950	99.710	299.130	105.230	91.840	44.280	199.260	335.380	105.230		
105.240	139.830	61.950	99.710	301.490	105.240	91.840	46.740	201.720	340.300	105.240		
105.250	137.470	61.950	99.710	299.130	105.250	91.840	44.280	201.720	337.840	105.250		
105.260	137.470	61.950	99.710	299.130	105.260	91.840	44.280	201.720	337.840	105.260		
105.270	139.830	61.950	99.710	301.490	105.270	91.840	46.740	205.000	343.580	105.270		
105.280	139.780	62.060	99.760	301.600	105.280	91.840	44.280	205.000	341.120	105.280		
105.290	139.780	59.740	97.440	296.960	105.290	92.220	44.370	204.450	341.040	105.290		
105.300	142.100	62.060	99.760	303.920	105.300	89.610	44.370	204.450	338.430	105.300		
105.310	142.100	62.060	97.440	301.600	105.310	89.610	44.370	204.450	338.430	105.310		
105.320	142.100	59.740	97.440	299.280	105.320	89.610	44.370	207.060	341.040	105.320		
105.330	142.100	59.740	94.540	296.380	105.330	87.000	44.370	207.060	338.430	105.330		
105.340	142.100	59.740	92.220	294.060	105.340	87.000	41.760	207.060	335.820	105.340		
105.350	142.100	57.420	92.220	291.740	105.350	87.000	41.760	207.060	335.820	105.350		
105.360	145.000	57.420	92.220	294.640	105.360	84.390	41.760	209.670	335.820	105.360		
105.370	142.100	57.420	92.220	291.740	105.370	84.390	41.760	212.280	338.430	105.370		
105.380	142.100	57.420	89.900	289.420	105.380	81.780	41.760	212.280	335.820	105.380		
105.390	142.100	57.420	89.900	289.420	105.390	81.780	41.760	214.890	338.430	105.390		
105.400	145.000	57.420	87.000	289.420	105.400	81.780	41.760	214.890	338.430	105.400		
105.410	142.100	57.420	89.900	289.420	105.410	81.780	41.760	214.890	338.430	105.410		
105.420	145.000	57.420	89.900	292.320	105.420	81.780	41.760	217.500	341.040	105.420		
105.430	142.500	57.000	87.210	286.710	105.430	81.780	41.760	214.890	338.430	105.430		
105.440	142.500	57.000	87.210	286.710	105.440	81.840	42.240	217.360	341.440	105.440		
105.450	142.500	54.720	87.210	284.430	105.450	81.840	42.240	217.360	341.440	105.450		
105.460	142.500	54.720	87.210	284.430	105.460	81.840	42.240	217.360	341.440	105.460		
105.470	142.500	54.720	87.210	284.430	105.470	81.840	42.240	220.000	344.080	105.470		
105.480	142.500	54.720	87.210	284.430	105.480	81.840	42.240	220.000	344.080	105.480		
105.490	142.500	54.720	87.210	284.430	105.490	81.840	44.880	220.000	346.720	105.490		
105.500	139.650	54.720	89.490	283.860	105.500	81.840	42.240	220.000	344.080	105.500		
105.510	139.650	54.720	89.490	283.860	105.510	81.840	42.240	220.000	344.080	105.510		
105.520	139.650	57.000	87.210	283.860	105.520	81.840	42.240	220.000	344.080	105.520		
105.530	139.650	57.000	87.210	283.860	105.530	81.840	42.240	220.000	344.080	105.530		
105.540	139.650	57.000	89.490	286.140	105.540	81.840	42.240	220.000	344.080	105.540		
105.550	139.650	57.000	89.490	286.140	105.550	81.840	42.240	217.360	341.440	105.550		
105.560	137.370	57.000	89.490	283.860	105.560	81.840	42.240	220.000	344.080	105.560		
105.570	137.370	54.720	89.490	281.580	105.570	81.840	42.240	220.000	344.080	105.570		
105.580	137.200	57.120	89.600	283.920	105.580	81.840	42.240	220.000	344.080	105.580		
105.590	137.200	57.120	89.600	283.920	105.590	81.780	41.760	217.500	341.040	105.590		
105.600	137.200	57.120	89.600	283.920	105.600	81.780	44.370	217.500	343.650	105.600		
105.610	137.200	57.120	92.400	286.720	105.610	81.780	44.370	217.500	343.650	105.610		
105.620	137.200	57.120	92.400	286.720	105.620	84.390	44.370	217.500	346.260	105.620		
105.630	140.000	59.920	92.400	292.320	105.630	84.390	41.760	214.890	341.040	105.630		
105.640	137.200	59.920	92.400	289.520	105.640	84.390	44.370	214.890	343.650	105.640		
105.650	137.200	59.920	92.400	289.520	105.650	87.000	44.370	214.890	346.260	105.650		
105.660	137.200	59.920	94.640	291.760	105.660	87.000	44.370	212.280	343.650	105.660		
105.670	137.200	59.920	94.640	291.760	105.670	87.000	46.980	209.670	343.650	105.670		
105.680	137.200	62.160	97.440	296.800	105.680	87.000	44.370	209.670	341.040	105.680		
105.690	137.200	62.160	97.440	296.800	105.690	87.000	44.370	204.450	335.820	105.690		
105.700	137.200	62.160	99.680	299.040	105.700	89.610	44.370	204.450	338.430	105.700		
105.710	137.200	64.960	99.680	301.840	105.710	89.610	44.370	199.230	333.210	105.710		
105.720	137.200	64.960	102.480	304.640	105.720	89.610	44.370	197.490	331.470	105.720		
105.730	137.370	64.980	104.880	307.230	105.730	92.220	44.370	194.880	331.470	105.730		
105.740	137.370	67.260	104.880	309.510	105.740	92.400	44.660	192.500	329.560	105.740		
105.750	137.370	67.260	104.880	309.510	105.750	92.400	44.660	189.420	326.480	105.750		
105.760	137.370	67.260	107.160	311.790	105.760	92.400	46.970	187.110	326.480	105.760		
105.770	137.370	67.260	107.160	311.790	105.770	92.400	44.660	184.800	321.860	105.770		
105.780	139.650	67.260	107.160	314.070	105.780	94.710	46.970	182.490	324.170	105.780		
105.790	139.650	67.260	109.440	316.350	105.790	94.710	46.970	182.490	324.170	105.790		
105.800	139.650	67.260	107.160	314.070	105.800	94.710	46.970	179.410	321.090	105.800		
105.810	139.650	69.540	109.440	318.630	105.810	94.710	46.970	179.410	321.090	105.810		
105.820	139.650	69.540	109.440	318.630	105.820	94.710	46.970	179.410	321.090	105.820		
105.830	139.650	69.540	109.440	318.630	105.830	94.710	44.660	179.410	318.780	105.830		
105.840	139.650	69.540	109.440	318.630	105.840	97.020	46.970	179.410	323.400	105.840		
105.850	142.500	69.540	109.440	321.480	105.850	97.020	46.970	179.410	323.400	105.850		
105.860	139.650	67.260	109.440	316.350	105.860	97.020	46.970	182.490	326.480	105.860		
105.870	139.650	67.260	109.440	316.350	105.870	97.020	46.970	182.490	326.480	105.870		
105.880	140.000	70.000	112.000	322.000	105.880	97.020	46.970	182.490	326.480	105.880		
105.890	140.000	70.000	109.760	319.760	105.890	96.940	47.360	182.040	326.340	105.890		
105.900	140.000	70.000	109.760	319.760	105.900	96.940	47.360	182.040	326.340	105.900		
105.910	140.000	70.000	112.000	322.000	105.910	96.940	49.580	182.040	328.560	105.910		
105.920	137.200	70.000	112.000	319.200	105.920	96.940	49.580	185.000	331.520	105.920		
105.930	137.200	70.000	109.760	316.960	105.930	99.900	47.360	182.040	329.300	105.930		
105.940	137.200	70.000	112.000	319.200	105.940	99.900	49.580	182.040	331.520	105.940		
105.950	134.960	70.000	112.000	316.960	105.950	99.900	49.580	182.040	331.520	105.950		
105.960	134.960	70.000	114.800	319.760	105.960	99.900	47.360	179.820	327.080	105.960		
105.970	132.160	70.000	114.800	316.960	105.970	99.900	49.580	182.040	331.520	105.970		
105.980	132.160	70.000	114.800	316.960	105.980	99.900	49.580	182.040	331.520	105.980		
105.990	132.160	70.000	114.800	316.960	105.990	102.120	49.580	182.040	333.740	105.990		
106.000	129.920	70.000	114.800	314.720	106.000	99.900	49.580	182.040	331.520	106.000		
106.010	127.120	70.000	114.800	311.920	106.010	99.900	49.580	182.040	331.520	106.010		
106.020	127.120	70.000	117.040	314.160	106.020	102.120	49.580	182.040	333.740	106.020		
106.030	127.500	69.870	117.300	314.670	106.030	102.120	49.580	182.040	333.740	106.030		
106.040	127.500	69.870	114.750	312.120	106.040	102.000	49.500	184.500	336.000	106.040		
106.050	124.950	69.870	117.300	312.120	106.050	102.000	49.500	184.500	336.000	106.050		
106.060	124.950	69.870	117.300	312.120	106.060	102.000	52.500	184.500	339.000	106.060		
106.070	124.950	69.870	119.850	314.670	106.070	102.000	52.500	187.500	342.000	106.070		
106.080	124.950	69.870	117.300	312.120	106.080	102.000	52.500	184.500	339.000	106.080		
106.090	122.400	69.870	117.300	309.570	106.090	102.000	52.500	187.500	342.000	106.090		
106.100	122.400	69.870	117.300	309.570	106.100	105.000	52.500	187.500	345.000	106.100		
106.110	122.400	69.870	117.300	309.570	106.110	105.000	52.500	187.500	345.000	106.110		
106.120	122.400	69.870	119.850	312.120	106.120	105.000	52.500	187.500	345.000	106.120		
106.130	122.400	69.870	119.850	312.120	106.130	105.000	52.500	184.500	342.000	106.130		
106.140	119.850	69.870	119.850	309.570	106.140	105.000	52.500	184.500	342.000	106.140		
106.150	119.850	69.870	119.850	309.570	106.150	105.000	54.750	187.500	347.250	106.150		
106.160	119.850	69.870	119.850	309.570	106.160	107.250	52.500	184.500	344.250	106.160		
106.170	117.300	69.870	119.850	307.020	106.170	107.250	52.500	184.500	344.250	106.170		
106.180	117.110	69.580	119.560	306.250	106.180	107.250	54.750	184.500	346.500	106.180		
106.190	117.110	69.580	122.500	309.190	106.190	107.200	54.400	184.800	346.400	106.190		
106.200	114.660	69.580	122.500	306.740	106.200	107.200	54.400	184.800	346.400	106.200		
106.210	114.660	69.580	119.560	303.800	106.210	107.200	54.400	187.200	348.800	106.210		
106.220	114.660	69.580	122.500	306.740	106.220	107.200	54.400	187.200	348.800	106.220		
106.230	114.660	67.130	119.560	301.350	106.230	107.200	54.400	189.600	351.200	106.230		
106.240	112.210	67.130	119.560	298.900	106.240	107.200	54.400	189.600	351.200	106.240		
106.250	112.210	67.130	122.500	301.840	106.250	107.200	54.400	192.000	353.600	106.250		
106.260	112.210	69.580	119.560	301.350	106.260	107.200	54.400	194.400	356.000	106.260		
106.270	112.210	67.130	119.560	298.900	106.270	107.200	54.400	194.400	356.000	106.270		
106.280	109.760	67.130	119.560	296.450	106.280	104.800	54.400	194.400	353.600	106.280		
106.290	109.760	67.130	119.560	296.450	106.290	104.800	56.800	196.800	358.400	106.290		
106.300	109.760	67.130	119.560	296.450	106.300	104.800	56.800	196.800	358.400	106.300		
106.310	109.760	67.130	119.560	296.450	106.310	104.800	56.800	200.000	361.600	106.310		
106.320	107.310	67.130	117.110	291.550	106.320	104.800	54.400	200.000	359.200	106.320		
106.330	107.040	64.800	114.720	286.560	106.330	104.800	54.400	200.000	359.200	106.330		
106.340	107.040	67.200	117.120	291.360	106.340	104.580	54.780	201.690	361.050	106.340		
106.350	107.040	67.200	117.120	291.360	106.350	104.580	57.270	201.690	363.540	106.350		
106.360	107.040	64.800	117.120	288.960	106.360	104.580	54.780	201.690	361.050	106.360		
106.370	107.040	64.800	117.120	288.960	106.370	104.580	54.780	204.180	363.540	106.370		
106.380	107.040	64.800	117.120	288.960	106.380	104.580	57.270	204.180	366.030	106.380		
106.390	104.640	64.800	117.120	286.560	106.390	104.580	54.780	201.690	361.050	106.390		
106.400	104.640	64.800	117.120	286.560	106.400	104.580	57.270	204.180	366.030	106.400		
106.410	104.640	64.800	117.120	286.560	106.410	104.580	57.270	204.180	366.030	106.410		
106.420	102.240	64.800	117.120	284.160	106.420	104.580	57.270	204.180	366.030	106.420		
106.430	104.640	64.800	117.120	286.560	106.430	104.580	57.270	204.180	366.030	106.430		
106.440	104.640	64.800	120.000	289.440	106.440	104.580	57.270	207.500	369.350	106.440		
106.450	102.240	62.400	117.120	281.760	106.450	104.580	57.270	207.500	369.350	106.450		
106.460	102.240	64.800	117.120	284.160	106.460	104.580	54.780	207.500	366.860	106.460		
106.470	102.240	62.400	117.120	281.760	106.470	104.580	57.270	207.500	369.350	106.470		
106.480	102.460	64.860	117.500	284.820	106.480	104.580	54.780	207.500	366.860	106.480		
106.490	102.460	64.860	117.500	284.820	106.490	105.000	54.600	207.480	367.080	106.490		
106.500	102.460	64.860	117.500	284.820	106.500	105.000	57.120	207.480	369.600	106.500		
106.510	102.460	62.040	117.500	282.000	106.510	105.000	54.600	207.480	367.080	106.510		
106.520	102.460	62.040	117.500	282.000	106.520	102.480	54.600	210.000	367.080	106.520		
106.530	102.460	62.040	117.500	282.000	106.530	102.480	54.600	210.000	367.080	106.530		
106.540	102.460	62.040	117.500	282.000	106.540	102.480	54.600	210.000	367.080	106.540		
106.550	99.640	62.040	117.500	279.180	106.550	102.480	54.600	210.000	367.080	106.550		
106.560	99.640	62.040	114.680	276.360	106.560	105.000	54.600	210.000	369.600	106.560		
106.570	102.460	62.040	117.500	282.000	106.570	102.480	54.600	210.000	367.080	106.570		
106.580	102.460	62.040	117.500	282.000	106.580	105.000	54.600	210.000	369.600	106.580		
106.590	102.460	62.040	117.500	282.000	106.590	105.000	54.600	210.000	369.600	106.590		
106.600	102.460	62.040	117.500	282.000	106.600	102.480	54.600	210.000	367.080	106.600		
106.610	102.460	62.040	117.500	282.000	106.610	102.480	54.600	210.000	367.080	106.610		
106.620	102.460	62.040	114.680	279.180	106.620	102.480	54.600	210.000	367.080	106.620		
106.630	102.460	62.040	117.500	282.000	106.630	102.480	54.600	210.000	367.080	106.630		
106.640	102.460	62.040	117.500	282.000	106.640	102.000	54.400	209.950	366.350	106.640		
106.650	102.460	62.040	117.500	282.000	106.650	102.000	54.400	212.500	368.900	106.650		
106.660	102.460	64.860	117.500	284.820	106.660	102.000	54.400	209.950	366.350	106.660		
106.670	102.460	62.040	117.500	282.000	106.670	102.000	54.400	212.500	368.900	106.670		
106.680	102.460	62.040	117.500	282.000	106.680	102.000	54.400	209.950	366.350	106.680		
106.690	102.460	62.040	117.500	282.000	106.690	102.000	54.400	212.500	368.900	106.690		
106.700	99.640	62.040	117.500	279.180	106.700	102.000	54.400	212.500	368.900	106.700		
106.710	102.460	62.040	117.500	282.000	106.710	102.000	54.400	212.500	368.900	106.710		
106.720	99.640	62.040	117.500	279.180	106.720	102.000	54.400	212.500	368.900	106.720		
106.730	102.460	62.040	117.500	282.000	106.730	102.000	54.400	212.500	368.900	106.730		
106.740	102.460	62.040	117.500	282.000	106.740	102.000	54.400	212.500	368.900	106.740		
106.750	99.640	62.040	117.500	279.180	106.750	102.000	54.400	212.500	368.900	106.750		
106.760	99.640	62.040	117.500	279.180	106.760	102.000	54.400	212.500	368.900	106.760		
106.770	99.640	64.860	117.500	282.000	106.770	102.000	54.400	212.500	368.900	106.770		
106.780	99.840	62.400	117.120	279.360	106.780	102.000	54.400	212.500	368.900	106.780		
106.790	99.840	64.800	117.120	281.760	106.790	102.000	54.400	212.500	368.900	106.790		
106.800	97.440	62.400	117.120	276.960	106.800	102.000	54.400	212.500	368.900	106.800		
106.810	97.440	64.800	120.000	282.240	106.810	102.000	51.850	212.500	366.350	106.810		
106.820	97.440	62.400	117.120	276.960	106.820	99.450	54.400	212.500	366.350	106.820		
106.830	97.440	62.400	120.000	279.840	106.830	102.000	51.850	212.500	366.350	106.830		
106.840	97.440	62.400	120.000	279.840	106.840	102.000	51.850	212.500	366.350	106.840		
106.850	97.440	62.400	120.000	279.840	106.850	99.450	51.850	212.500	363.800	106.850		
106.860	97.440	62.400	117.120	276.960	106.860	102.000	54.400	212.500	368.900	106.860		
106.870	97.440	64.800	120.000	282.240	106.870	96.900	51.850	212.500	361.250	106.870		
106.880	97.440	64.800	120.000	282.240	106.880	99.450	51.850	212.500	363.800	106.880		
106.890	99.840	62.400	120.000	282.240	106.890	99.450	51.850	212.500	363.800	106.890		
106.900	99.840	64.800	120.000	284.640	106.900	99.450	51.850	212.500	363.800	106.900		
106.910	99.840	64.800	117.120	281.760	106.910	99.450	51.850	212.500	363.800	106.910		
106.920	99.840	64.800	117.120	281.760	106.920	96.900	51.850	212.500	361.250	106.920		
106.930	102.240	64.800	117.120	284.160	106.930	99.450	51.850	212.500	363.800	106.930		
106.940	102.240	62.400	114.720	279.360	106.940	96.900	51.850	209.950	358.700	106.940		
106.950	104.640	64.800	117.120	286.560	106.950	96.900	49.300	209.950	356.150	106.950		
106.960	104.640	64.800	117.120	286.560	106.960	96.900	49.300	212.500	358.700	106.960		
106.970	104.640	64.800	117.120	286.560	106.970	96.900	49.300	209.950	356.150	106.970		
106.980	107.040	64.800	117.120	288.960	106.980	96.900	49.300	209.950	356.150	106.980		
106.990	107.040	64.800	117.120	288.960	106.990	96.900	49.300	209.950	356.150	106.990		
107.000	107.040	64.800	114.720	286.560	107.000	94.350	51.850	209.950	356.150	107.000		
107.010	107.040	64.800	117.120	288.960	107.010	94.350	49.300	207.400	351.050	107.010		
107.020	107.040	64.800	117.120	288.960	107.020	94.350	49.300	207.400	351.050	107.020		
107.030	109.920	67.200	117.120	294.240	107.030	96.900	49.300	207.400	353.600	107.030		
107.040	107.040	67.200	120.000	294.240	107.040	96.900	49.300	207.400	353.600	107.040		
107.050	109.920	67.200	117.120	294.240	107.050	96.900	49.300	207.400	353.600	107.050		
107.060	109.920	67.200	117.120	294.240	107.060	96.900	51.850	204.850	353.600	107.060		
107.070	109.920	67.200	120.000	297.120	107.070	96.900	49.300	204.850	351.050	107.070		
107.080	110.000	67.500	117.500	295.000	107.080	96.900	51.850	204.850	353.600	107.080		
107.090	110.000	67.500	120.000	297.500	107.090	96.760	49.200	205.000	350.960	107.090		
107.100	110.000	67.500	120.000	297.500	107.100	99.220	52.480	205.000	356.700	107.100		
107.110	110.000	67.500	122.500	300.000	107.110	99.220	52.480	201.720	353.420	107.110		
107.120	107.500	67.500	122.500	297.500	107.120	96.760	52.480	201.720	350.960	107.120		
107.130	107.500	67.500	122.500	297.500	107.130	99.220	49.200	201.720	350.140	107.130		
107.140	107.500	67.500	122.500	297.500	107.140	99.220	52.480	201.720	353.420	107.140		
107.150	107.500	67.500	122.500	297.500	107.150	99.220	49.200	201.720	350.140	107.150		
107.160	107.500	67.500	122.500	297.500	107.160	99.220	52.480	199.260	350.960	107.160		
107.170	107.500	70.000	125.000	302.500	107.170	99.220	52.480	199.260	350.960	107.170		
107.180	107.500	70.000	122.500	300.000	107.180	99.220	52.480	199.260	350.960	107.180		
107.190	107.500	70.000	125.000	302.500	107.190	99.220	49.200	199.260	347.680	107.190		
107.200	107.500	67.500	125.000	300.000	107.200	99.220	49.200	199.260	347.680	107.200		
107.210	107.500	70.000	125.000	302.500	107.210	102.500	52.480	199.260	354.240	107.210		
107.220	107.500	70.000	125.000	302.500	107.220	99.220	52.480	199.260	350.960	107.220		
107.230	104.550	67.320	124.950	296.820	107.230	102.500	52.480	199.260	354.240	107.230		
107.240	107.100	69.870	124.950	301.920	107.240	102.400	52.000	200.000	354.400	107.240		
107.250	104.550	69.870	124.950	299.370	107.250	102.400	52.000	200.000	354.400	107.250		
107.260	104.550	69.870	124.950	299.370	107.260	102.400	52.000	200.000	354.400	107.260		
107.270	104.550	69.870	124.950	299.370	107.270	102.400	52.000	200.000	354.400	107.270		
107.280	104.550	69.870	124.950	299.370	107.280	102.400	52.000	200.000	354.400	107.280		
107.290	104.550	69.870	127.500	301.920	107.290	102.400	52.000	200.000	354.400	107.290		
107.300	104.550	67.320	124.950	296.820	107.300	102.400	52.000	200.000	354.400	107.300		
107.310	104.550	67.320	124.950	296.820	107.310	102.400	52.000	196.800	351.200	107.310		
107.320	104.550	69.870	124.950	299.370	107.320	104.800	52.000	196.800	353.600	107.320		
107.330	102.000	67.320	124.950	294.270	107.330	104.800	52.000	196.800	353.600	107.330		
107.340	104.550	69.870	124.950	299.370	107.340	104.800	52.000	196.800	353.600	107.340		
107.350	102.000	67.320	124.950	294.270	107.350	104.800	52.000	196.800	353.600	107.350		
107.360	102.000	67.320	124.950	294.270	107.360	104.800	54.400	196.800	356.000	107.360		
107.370	102.000	69.870	124.950	296.820	107.370	104.800	52.000	196.800	353.600	107.370		
107.380	102.000	69.870	127.500	299.370	107.380	107.200	54.400	196.800	358.400	107.380		
107.390	102.000	69.870	127.500	299.370	107.390	104.280	54.510	197.500	356.290	107.390		
107.400	102.000	69.870	127.500	299.370	107.400	104.280	54.510	197.500	356.290	107.400		
107.410	102.000	69.870	124.950	296.820	107.410	107.440	54.510	197.500	359.450	107.410		
107.420	102.000	69.870	127.500	299.370	107.420	107.440	54.510	197.500	359.450	107.420		
107.430	102.000	69.870	127.500	299.370	107.430	107.440	54.510	197.500	359.450	107.430		
107.440	102.000	69.870	127.500	299.370	107.440	107.440	54.510	197.500	359.450	107.440		
107.450	99.960	67.320	127.500	294.780	107.450	107.440	54.510	194.340	356.290	107.450		
107.460	99.960	69.870	127.500	297.330	107.460	107.440	54.510	194.340	356.290	107.460		
107.470	99.960	67.320	127.500	294.780	107.470	107.440	54.510	194.340	356.290	107.470		
107.480	99.960	67.320	127.500	294.780	107.480	107.440	54.510	194.340	356.290	107.480		
107.490	99.960	69.870	127.500	297.330	107.490	109.810	54.510	191.970	356.290	107.490		
107.500	99.960	67.320	127.500	294.780	107.500	109.810	54.510	194.340	358.660	107.500		
107.510	99.960	69.870	127.500	297.330	107.510	109.810	54.510	191.970	356.290	107.510		
107.520	99.960	69.870	127.500	297.330	107.520	109.810	56.880	191.970	358.660	107.520		
107.530	99.640	69.960	129.850	299.450	107.530	109.810	54.510	191.970	356.290	107.530		
107.540	99.640	69.960	129.850	299.450	107.540	109.340	54.670	192.500	356.510	107.540		
107.550	99.640	69.960	129.850	299.450	107.550	109.340	56.980	189.420	355.740	107.550		
107.560	99.640	69.960	127.200	296.800	107.560	109.340	56.980	189.420	355.740	107.560		
107.570	99.640	69.960	129.850	299.450	107.570	109.340	56.980	189.420	355.740	107.570		
107.580	99.640	69.960	129.850	299.450	107.580	112.420	56.980	187.110	356.510	107.580		
107.590	99.640	69.960	129.850	299.450	107.590	112.420	56.980	187.110	356.510	107.590		
107.600	99.640	69.960	129.850	299.450	107.600	112.420	59.290	187.110	358.820	107.600		
107.610	99.640	69.960	132.500	302.100	107.610	112.420	59.290	184.800	356.510	107.610		
107.620	99.640	72.080	132.500	304.220	107.620	112.420	59.290	184.800	356.510	107.620		
107.630	99.640	72.080	132.500	304.220	107.630	114.730	59.290	182.490	356.510	107.630		
107.640	99.640	72.080	132.500	304.220	107.640	114.730	59.290	182.490	356.510	107.640		
107.650	99.640	72.080	132.500	304.220	107.650	114.730	59.290	182.490	356.510	107.650		
107.660	99.640	72.080	132.500	304.220	107.660	117.040	59.290	179.410	355.740	107.660		
107.670	99.640	72.080	132.500	304.220	107.670	117.040	59.290	179.410	355.740	107.670		
107.680	99.550	72.050	132.000	303.600	107.680	117.040	62.370	179.410	358.820	107.680		
107.690	99.550	72.050	132.000	303.600	107.690	119.520	59.760	180.000	359.280	107.690		
107.700	97.350	72.050	132.000	301.400	107.700	119.520	61.920	180.000	361.440	107.700		
107.710	97.350	72.050	134.750	304.150	107.710	119.520	61.920	177.120	358.560	107.710		
107.720	97.350	72.050	134.750	304.150	107.720	122.400	61.920	177.120	361.440	107.720		
107.730	97.350	72.050	134.750	304.150	107.730	122.400	61.920	177.120	361.440	107.730		
107.740	97.350	74.800	134.750	306.900	107.740	122.400	61.920	177.120	361.440	107.740		
107.750	94.600	72.050	134.750	301.400	107.750	122.400	64.800	174.960	362.160	107.750		
107.760	97.350	72.050	134.750	304.150	107.760	124.560	61.920	174.960	361.440	107.760		
107.770	94.600	72.050	137.500	304.150	107.770	122.400	61.920	177.120	361.440	107.770		
107.780	94.600	72.050	137.500	304.150	107.780	122.400	61.920	174.960	359.280	107.780		
107.790	92.400	72.050	137.500	301.950	107.790	122.400	61.920	177.120	361.440	107.790		
107.800	94.600	72.050	137.500	304.150	107.800	122.400	61.920	174.960	359.280	107.800		
107.810	94.600	72.050	134.750	301.400	107.810	122.400	61.920	177.120	361.440	107.810		
107.820	94.600	72.050	137.500	304.150	107.820	124.560	61.920	177.120	363.600	107.820		
107.830	94.600	72.050	137.500	304.150	107.830	122.400	61.920	177.120	361.440	107.830		
107.840	94.600	72.050	137.500	304.150	107.840	122.120	62.480	177.500	362.100	107.840		
107.850	94.600	72.050	137.500	304.150	107.850	124.960	62.480	177.500	364.940	107.850		
107.860	94.600	72.050	137.500	304.150	107.860	122.120	62.480	177.500	362.100	107.860		
107.870	94.600	72.050	137.500	304.150	107.870	124.960	62.480	177.500	364.940	107.870		
107.880	94.600	72.050	137.500	304.150	107.880	122.120	62.480	177.500	362.100	107.880		
107.890	94.600	72.050	137.500	304.150	107.890	122.120	59.640	177.500	359.260	107.890		
107.900	94.600	72.050	137.500	304.150	107.900	124.960	62.480	177.500	364.940	107.900		
107.910	94.600	72.050	137.500	304.150	107.910	124.960	62.480	177.500	364.940	107.910		
107.920	94.600	72.050	137.500	304.150	107.920	122.120	62.480	177.500	362.100	107.920		
107.930	94.600	72.050	137.500	304.150	107.930	124.960	64.610	177.500	367.070	107.930		
107.940	92.400	69.850	137.500	299.750	107.940	124.960	62.480	177.500	364.940	107.940		
107.950	92.400	69.850	134.750	297.000	107.950	124.960	64.610	174.660	364.230	107.950		
107.960	92.400	69.850	137.500	299.750	107.960	124.960	64.610	174.660	364.230	107.960		
107.970	92.400	69.850	134.750	297.000	107.970	127.090	64.610	177.500	369.200	107.970		
107.980	92.400	72.050	137.500	301.950	107.980	127.090	64.610	174.660	366.360	107.980		
107.990	92.400	72.050	137.500	301.950	107.990	127.090	64.610	174.660	366.360	107.990		
108.000	89.650	69.850	137.500	297.000	108.000	127.090	64.610	174.660	366.360	108.000		
108.010	89.650	69.850	134.750	294.250	108.010	129.930	64.610	174.660	369.200	108.010		
108.020	89.650	69.850	134.750	294.250	108.020	129.930	67.450	174.660	372.040	108.020		
108.030	89.650	69.850	137.500	297.000	108.030	129.930	64.610	174.660	369.200	108.030		
108.040	89.650	72.050	137.500	299.200	108.040	129.930	67.450	174.660	372.040	108.040		
108.050	89.650	69.850	137.500	297.000	108.050	129.930	67.450	174.660	372.040	108.050		
108.060	87.450	69.850	134.750	292.050	108.060	129.930	67.450	174.660	372.040	108.060		
108.070	89.650	69.850	134.750	294.250	108.070	132.060	67.450	174.660	374.170	108.070		
108.080	89.650	69.850	137.500	297.000	108.080	129.930	67.450	174.660	372.040	108.080		
108.090	87.450	69.850	134.750	292.050	108.090	132.060	67.450	174.660	374.170	108.090		
108.100	87.450	69.850	134.750	292.050	108.100	132.060	67.450	177.500	377.010	108.100		
108.110	87.450	69.850	134.750	292.050	108.110	132.060	67.450	174.660	374.170	108.110		
108.120	87.450	69.850	134.750	292.050	108.120	132.060	67.450	177.500	377.010	108.120		
108.130	87.480	69.660	135.000	292.140	108.130	132.060	67.450	174.660	374.170	108.130		
108.140	84.780	69.660	135.000	289.440	108.140	132.130	67.160	177.390	376.680	108.140		
108.150	84.780	67.500	135.000	287.280	108.150	132.130	69.350	177.390	378.870	108.150		
108.160	84.780	69.660	135.000	289.440	108.160	132.130	67.160	177.390	376.680	108.160		
108.170	84.780	67.500	135.000	287.280	108.170	132.130	67.160	177.390	376.680	108.170		
108.180	84.780	69.660	135.000	289.440	108.180	132.130	67.160	177.390	376.680	108.180		
108.190	84.780	69.660	135.000	289.440	108.190	132.130	67.160	179.580	378.870	108.190		
108.200	84.780	67.500	135.000	287.280	108.200	132.130	67.160	177.390	376.680	108.200		
108.210	84.780	69.660	135.000	289.440	108.210	132.130	67.160	177.390	376.680	108.210		
108.220	84.780	67.500	135.000	287.280	108.220	129.940	67.160	177.390	374.490	108.220		
108.230	84.780	69.660	135.000	289.440	108.230	129.940	67.160	179.580	376.680	108.230		
108.240	84.780	69.660	135.000	289.440	108.240	132.130	67.160	179.580	378.870	108.240		
108.250	84.780	69.660	135.000	289.440	108.250	129.940	67.160	179.580	376.680	108.250		
108.260	84.780	69.660	135.000	289.440	108.260	129.940	67.160	179.580	376.680	108.260		
108.270	84.780	67.500	135.000	287.280	108.270	129.940	67.160	182.500	379.600	108.270		
108.280	84.780	67.500	132.300	284.580	108.280	129.940	67.160	179.580	376.680	108.280		
108.290	84.780	69.660	135.000	289.440	108.290	127.020	67.160	182.500	376.680	108.290		
108.300	87.480	69.660	132.300	289.440	108.300	129.940	67.160	182.500	379.600	108.300		
108.310	84.780	67.500	132.300	284.580	108.310	129.940	67.160	182.500	379.600	108.310		
108.320	87.480	69.660	135.000	292.140	108.320	129.940	67.160	182.500	379.600	108.320		
108.330	84.780	69.660	135.000	289.440	108.330	127.020	67.160	182.500	376.680	108.330		
108.340	87.480	69.660	135.000	292.140	108.340	127.020	67.160	182.500	376.680	108.340		
108.350	87.480	69.660	135.000	292.140	108.350	127.020	64.970	182.500	374.490	108.350		
108.360	87.480	69.660	135.000	292.140	108.360	127.020	67.160	182.500	376.680	108.360		
108.370	87.480	69.660	135.000	292.140	108.370	127.020	64.970	182.500	374.490	108.370		
108.380	87.480	69.660	135.000	292.140	108.380	124.830	64.970	182.500	372.300	108.380		
108.390	84.780	69.660	135.000	289.440	108.390	127.020	64.970	182.500	374.490	108.390		
108.400	84.780	69.660	135.000	289.440	108.400	124.830	64.970	182.500	372.300	108.400		
108.410	87.480	69.660	135.000	292.140	108.410	124.830	64.970	182.500	372.300	108.410		
108.420	87.480	69.660	135.000	292.140	108.420	127.020	64.970	182.500	374.490	108.420		
108.430	87.450	69.850	134.750	292.050	108.430	124.830	64.970	182.500	372.300	108.430		
108.440	87.450	69.850	134.750	292.050	108.440	124.320	64.380	182.040	370.740	108.440		
108.450	87.450	69.850	137.500	294.800	108.450	124.320	62.160	182.040	368.520	108.450		
108.460	89.650	69.850	134.750	294.250	108.460	122.100	62.160	182.040	366.300	108.460		
108.470	89.650	69.850	134.750	294.250	108.470	122.100	62.160	182.040	366.300	108.470		
108.480	89.650	69.850	134.750	294.250	108.480	122.100	62.160	182.040	366.300	108.480		
108.490	89.650	69.850	134.750	294.250	108.490	122.100	62.160	185.000	369.260	108.490		
108.500	89.650	69.850	134.750	294.250	108.500	122.100	62.160	185.000	369.260	108.500		
108.510	89.650	69.850	134.750	294.250	108.510	119.880	62.160	185.000	367.040	108.510		
108.520	89.650	69.850	134.750	294.250	108.520	119.880	62.160	185.000	367.040	108.520		
108.530	92.400	69.850	134.750	297.000	108.530	119.880	59.940	185.000	364.820	108.530		
108.540	92.400	69.850	134.750	297.000	108.540	119.880	59.940	185.000	364.820	108.540		
108.550	92.400	69.850	132.000	294.250	108.550	119.880	59.940	185.000	364.820	108.550		
108.560	92.400	69.850	134.750	297.000	108.560	116.920	59.940	185.000	361.860	108.560		
108.570	92.400	69.850	134.750	297.000	108.570	116.920	59.940	185.000	361.860	108.570		
108.580	92.340	69.660	132.300	294.300	108.580	116.920	59.940	185.000	361.860	108.580		
108.590	94.500	69.660	132.300	296.460	108.590	116.920	59.940	185.000	361.860	108.590		
108.600	94.500	69.660	132.300	296.460	108.600	116.920	56.980	185.000	358.900	108.600		
108.610	94.500	69.660	132.300	296.460	108.610	116.920	56.980	185.000	358.900	108.610		
108.620	97.200	69.660	135.000	301.860	108.620	116.920	56.980	182.040	355.940	108.620		
108.630	97.200	69.660	135.000	301.860	108.630	116.920	56.980	182.040	355.940	108.630		
108.640	97.200	69.660	129.600	296.460	108.640	114.700	56.980	182.040	353.720	108.640		
108.650	99.900	72.360	132.300	304.560	108.650	114.700	56.980	182.040	353.720	108.650		
108.660	99.900	72.360	132.300	304.560	108.660	114.700	56.980	182.040	353.720	108.660		
108.670	99.900	72.360	132.300	304.560	108.670	114.700	56.980	182.040	353.720	108.670		
108.680	102.060	72.360	132.300	306.720	108.680	114.700	56.980	182.040	353.720	108.680		
108.690	102.060	69.660	132.300	304.020	108.690	116.920	56.980	182.040	355.940	108.690		
108.700	104.760	69.660	129.600	304.020	108.700	114.700	54.760	182.040	351.500	108.700		
108.710	104.760	72.360	129.600	306.720	108.710	114.700	56.980	182.040	353.720	108.710		
108.720	104.760	69.660	129.600	304.020	108.720	114.700	56.980	182.040	353.720	108.720		
108.730	107.120	72.280	130.000	309.400	108.730	114.700	56.980	182.040	353.720	108.730		
108.740	107.120	69.680	130.000	306.800	108.740	114.610	56.940	182.500	354.050	108.740		
108.750	107.120	72.280	130.000	309.400	108.750	114.610	56.940	182.500	354.050	108.750		
108.760	107.120	69.680	127.400	304.200	108.760	114.610	54.750	182.500	351.860	108.760		
108.770	107.120	69.680	130.000	306.800	108.770	116.800	56.940	182.500	356.240	108.770		
108.780	107.120	69.680	130.000	306.800	108.780	116.800	54.750	179.580	351.130	108.780		
108.790	107.120	69.680	127.400	304.200	108.790	116.800	54.750	179.580	351.130	108.790		
108.800	107.120	72.280	127.400	306.800	108.800	116.800	56.940	179.580	353.320	108.800		
108.810	104.520	69.680	130.000	304.200	108.810	116.800	56.940	179.580	353.320	108.810		
108.820	104.520	69.680	130.000	304.200	108.820	116.800	54.750	177.390	348.940	108.820		
108.830	104.520	69.680	130.000	304.200	108.830	116.800	56.940	177.390	351.130	108.830		
108.840	104.520	69.680	130.000	304.200	108.840	116.800	56.940	177.390	351.130	108.840		
108.850	104.520	72.280	130.000	306.800	108.850	116.800	56.940	177.390	351.130	108.850		
108.860	104.520	72.280	130.000	306.800	108.860	116.800	56.940	177.390	351.130	108.860		
108.870	104.520	72.280	130.000	306.800	108.870	116.800	56.940	177.390	351.130	108.870		
108.880	104.500	72.050	132.000	308.550	108.880	119.720	56.940	174.470	351.130	108.880		
108.890	104.500	72.050	129.800	306.350	108.890	119.700	57.400	175.000	352.100	108.890		
108.900	104.500	72.050	132.000	308.550	108.900	119.700	57.400	172.200	349.300	108.900		
108.910	104.500	72.050	132.000	308.550	108.910	119.700	57.400	172.200	349.300	108.910		
108.920	104.500	72.050	132.000	308.550	108.920	122.500	57.400	172.200	352.100	108.920		
108.930	104.500	72.050	132.000	308.550	108.930	119.700	57.400	169.400	346.500	108.930		
108.940	104.500	74.800	134.750	314.050	108.940	122.500	57.400	169.400	349.300	108.940		
108.950	104.500	74.800	134.750	314.050	108.950	122.500	57.400	167.300	347.200	108.950		
108.960	104.500	74.800	134.750	314.050	108.960	122.500	57.400	167.300	347.200	108.960		
108.970	107.250	74.800	134.750	316.800	108.970	122.500	57.400	164.500	344.400	108.970		
108.980	107.250	74.800	134.750	316.800	108.980	124.600	57.400	162.400	344.400	108.980		
108.990	107.250	74.800	137.500	319.550	108.990	124.600	57.400	162.400	344.400	108.990		
109.000	107.250	74.800	137.500	319.550	109.000	127.400	59.500	159.600	346.500	109.000		
109.010	107.250	74.800	134.750	316.800	109.010	127.400	59.500	157.500	344.400	109.010		
109.020	107.250	77.000	137.500	321.750	109.020	127.400	59.500	157.500	344.400	109.020		
109.030	107.160	76.950	137.370	321.480	109.030	127.400	59.500	154.700	341.600	109.030		
109.040	107.160	76.950	137.370	321.480	109.040	127.100	57.040	155.000	339.140	109.040		
109.050	109.440	76.950	137.370	323.760	109.050	127.100	57.040	151.900	336.040	109.050		
109.060	107.160	76.950	139.650	323.760	109.060	129.580	59.520	151.900	341.000	109.060		
109.070	107.160	76.950	139.650	323.760	109.070	129.580	59.520	151.900	341.000	109.070		
109.080	107.160	76.950	139.650	323.760	109.080	129.580	59.520	151.900	341.000	109.080		
109.090	107.160	76.950	139.650	323.760	109.090	129.580	59.520	151.900	341.000	109.090		
109.100	107.160	76.950	142.500	326.610	109.100	129.580	59.520	151.900	341.000	109.100		
109.110	107.160	76.950	139.650	323.760	109.110	129.580	59.520	149.420	338.520	109.110		
109.120	107.160	76.950	139.650	323.760	109.120	129.580	59.520	151.900	341.000	109.120		
109.130	107.160	76.950	142.500	326.610	109.130	132.060	59.520	149.420	341.000	109.130		
109.140	107.160	76.950	139.650	323.760	109.140	132.060	59.520	151.900	343.480	109.140		
109.150	107.160	76.950	142.500	326.610	109.150	132.060	59.520	151.900	343.480	109.150		
109.160	107.160	76.950	142.500	326.610	109.160	132.060	59.520	155.000	346.580	109.160		
109.170	107.160	76.950	142.500	326.610	109.170	132.060	59.520	151.900	343.480	109.170		
109.180	107.160	76.950	142.500	326.610	109.180	132.060	59.520	155.000	346.580	109.180		
109.190	107.160	79.800	142.500	329.460	109.190	131.950	59.800	152.100	343.850	109.190		
109.200	107.160	79.800	142.500	329.460	109.200	131.950	62.400	154.700	349.050	109.200		
109.210	107.160	76.950	142.500	326.610	109.210	131.950	59.800	154.700	346.450	109.210		
109.220	107.160	76.950	139.650	323.760	109.220	131.950	59.800	154.700	346.450	109.220		
109.230	107.160	76.950	139.650	323.760	109.230	131.950	59.800	154.700	346.450	109.230		
109.240	107.160	76.950	142.500	326.610	109.240	131.950	62.400	157.300	351.650	109.240		
109.250	104.880	74.670	142.500	322.050	109.250	130.000	62.400	157.300	349.700	109.250		
109.260	104.880	76.950	142.500	324.330	109.260	130.000	62.400	157.300	349.700	109.260		
109.270	102.030	74.670	139.650	316.350	109.270	130.000	59.800	157.300	347.100	109.270		
109.280	102.030	74.670	139.650	316.350	109.280	130.000	62.400	159.900	352.300	109.280		
109.290	99.750	74.670	139.650	314.070	109.290	130.000	59.800	157.300	347.100	109.290		
109.300	99.750	74.670	142.500	316.920	109.300	130.000	59.800	159.900	349.700	109.300		
109.310	99.750	74.670	139.650	314.070	109.310	130.000	59.800	159.900	349.700	109.310		
109.320	97.470	72.390	139.650	309.510	109.320	130.000	59.800	159.900	349.700	109.320		
109.330	94.640	72.240	140.000	306.880	109.330	130.000	62.400	162.500	354.900	109.330		
109.340	94.640	72.240	137.200	304.080	109.340	129.360	59.400	162.360	351.120	109.340		
109.350	94.640	72.240	137.200	304.080	109.350	129.360	59.400	162.360	351.120	109.350		
109.360	94.640	72.240	140.000	306.880	109.360	129.360	62.040	165.000	356.400	109.360		
109.370	94.640	72.240	137.200	304.080	109.370	129.360	62.040	165.000	356.400	109.370		
109.380	94.640	72.240	137.200	304.080	109.380	129.360	62.040	165.000	356.400	109.380		
109.390	94.640	72.240	137.200	304.080	109.390	129.360	62.040	165.000	356.400	109.390		
109.400	94.640	72.240	140.000	306.880	109.400	129.360	62.040	165.000	356.400	109.400		
109.410	97.440	72.240	137.200	306.880	109.410	129.360	62.040	165.000	356.400	109.410		
109.420	97.440	72.240	137.200	306.880	109.420	129.360	62.040	165.000	356.400	109.420		
109.430	97.440	72.240	137.200	306.880	109.430	129.360	62.040	165.000	356.400	109.430		
109.440	97.440	74.480	137.200	309.120	109.440	129.360	62.040	165.000	356.400	109.440		
109.450	97.440	74.480	140.000	311.920	109.450	129.360	62.040	165.000	356.400	109.450		
109.460	99.680	74.480	140.000	314.160	109.460	129.360	62.040	165.000	356.400	109.460		
109.470	99.680	74.480	140.000	314.160	109.470	129.360	59.400	165.000	353.760	109.470		
109.480	99.680	74.480	140.000	314.160	109.480	129.360	59.400	165.000	353.760	109.480		
109.490	99.680	74.480	137.200	311.360	109.490	129.980	62.310	164.820	357.110	109.490		
109.500	99.680	74.480	140.000	314.160	109.500	129.980	62.310	164.820	357.110	109.500		
109.510	99.680	74.480	140.000	314.160	109.510	129.980	59.630	164.820	354.430	109.510		
109.520	99.680	74.480	140.000	314.160	109.520	129.980	59.630	164.820	354.430	109.520		
109.530	102.480	74.480	140.000	316.960	109.530	129.980	59.630	164.820	354.430	109.530		
109.540	99.680	74.480	140.000	314.160	109.540	129.980	59.630	162.140	351.750	109.540		
109.550	102.480	74.480	137.200	314.160	109.550	129.980	62.310	164.820	357.110	109.550		
109.560	102.480	74.480	140.000	316.960	109.560	127.300	62.310	167.500	357.110	109.560		
109.570	102.480	74.480	137.200	314.160	109.570	129.980	62.310	164.820	357.110	109.570		
109.580	102.480	74.480	137.200	314.160	109.580	129.980	62.310	164.820	357.110	109.580		
109.590	99.680	74.480	137.200	311.360	109.590	131.990	62.310	164.820	359.120	109.590		
109.600	99.680	74.480	137.200	311.360	109.600	129.980	62.310	164.820	357.110	109.600		
109.610	99.680	72.240	137.200	309.120	109.610	129.980	62.310	164.820	357.110	109.610		
109.620	99.680	74.480	137.200	311.360	109.620	131.990	62.310	164.820	359.120	109.620		
109.630	99.680	74.480	137.200	311.360	109.630	129.980	64.990	164.820	359.790	109.630		
109.640	99.680	74.480	137.200	311.360	109.640	131.950	62.400	162.500	356.850	109.640		
109.650	99.680	72.240	137.200	309.120	109.650	131.950	62.400	162.500	356.850	109.650		
109.660	99.680	74.480	137.200	311.360	109.660	131.950	62.400	159.900	354.250	109.660		
109.670	99.680	74.480	137.200	311.360	109.670	131.950	65.000	159.900	356.850	109.670		
109.680	97.440	74.480	137.200	309.120	109.680	131.950	62.400	159.900	354.250	109.680		
109.690	97.440	74.480	137.200	309.120	109.690	131.950	62.400	159.900	354.250	109.690		
109.700	97.440	74.480	137.200	309.120	109.700	134.550	65.000	159.900	359.450	109.700		
109.710	97.440	74.480	140.000	311.920	109.710	134.550	65.000	157.300	356.850	109.710		
109.720	97.440	74.480	137.200	309.120	109.720	134.550	65.000	154.700	354.250	109.720		
109.730	97.440	74.480	137.200	309.120	109.730	134.550	65.000	157.300	356.850	109.730		
109.740	97.440	74.480	137.200	309.120	109.740	134.550	65.000	154.700	354.250	109.740		
109.750	97.440	74.480	140.000	311.920	109.750	134.550	65.000	154.700	354.250	109.750		
109.760	97.440	74.480	140.000	311.920	109.760	134.550	65.000	154.700	354.250	109.760		
109.770	94.640	74.480	140.000	309.120	109.770	137.150	65.000	152.100	354.250	109.770		
109.780	94.800	75.000	142.200	312.000	109.780	137.150	65.000	152.100	354.250	109.780		
109.790	94.800	75.000	139.800	309.600	109.790	137.400	64.800	150.000	352.200	109.790		
109.800	94.800	77.400	142.200	314.400	109.800	139.800	64.800	150.000	354.600	109.800		
109.810	94.800	77.400	144.600	316.800	109.810	139.800	64.800	150.000	354.600	109.810		
109.820	94.800	77.400	144.600	316.800	109.820	139.800	64.800	150.000	354.600	109.820		
109.830	94.800	77.400	142.200	314.400	109.830	142.200	64.800	150.000	357.000	109.830		
109.840	94.800	77.400	144.600	316.800	109.840	142.200	64.800	147.000	354.000	109.840		
109.850	94.800	77.400	144.600	316.800	109.850	142.200	67.200	147.000	356.400	109.850		
109.860	94.800	77.400	147.000	319.200	109.860	142.200	67.200	144.600	354.000	109.860		
109.870	94.800	77.400	150.000	322.200	109.870	144.600	67.200	144.600	356.400	109.870		
109.880	94.800	77.400	147.000	319.200	109.880	144.600	67.200	144.600	356.400	109.880		
109.890	94.800	77.400	150.000	322.200	109.890	144.600	67.200	142.200	354.000	109.890		
109.900	92.400	77.400	147.000	316.800	109.900	147.000	67.200	142.200	356.400	109.900		
109.910	92.400	77.400	147.000	316.800	109.910	147.000	67.200	142.200	356.400	109.910		
109.920	92.400	77.400	150.000	319.800	109.920	147.000	67.200	139.800	354.000	109.920		
109.930	92.400	77.400	147.000	316.800	109.930	147.000	67.200	139.800	354.000	109.930		
109.940	92.400	77.400	147.000	316.800	109.940	149.940	67.410	139.860	357.210	109.940		
109.950	92.400	79.800	150.000	322.200	109.950	149.940	69.930	139.860	359.730	109.950		
109.960	92.400	77.400	150.000	319.800	109.960	152.460	69.930	137.340	359.730	109.960		
109.970	92.400	77.400	150.000	319.800	109.970	152.460	69.930	137.340	359.730	109.970		
109.980	92.400	77.400	150.000	319.800	109.980	152.460	69.930	137.340	359.730	109.980		
109.990	92.400	79.800	150.000	322.200	109.990	154.980	69.930	134.820	359.730	109.990		
110.000	92.400	77.400	147.000	316.800	110.000	154.980	69.930	134.820	359.730	110.000		
110.010	92.400	77.400	150.000	319.800	110.010	154.980	69.930	134.820	359.730	110.010		
110.020	92.400	79.800	150.000	322.200	110.020	157.500	69.930	134.820	362.250	110.020		
110.030	92.400	79.800	150.000	322.200	110.030	157.500	69.930	134.820	362.250	110.030		
110.040	92.400	79.800	150.000	322.200	110.040	157.500	69.930	134.820	362.250	110.040		
110.050	92.400	77.400	147.000	316.800	110.050	157.500	69.930	134.820	362.250	110.050		
110.060	92.400	79.800	150.000	322.200	110.060	157.500	69.930	132.300	359.730	110.060		
110.070	92.400	77.400	147.000	316.800	110.070	157.500	69.930	132.300	359.730	110.070		
110.080	92.040	79.650	147.500	319.190	110.080	157.500	69.930	132.300	359.730	110.080		
110.090	92.040	77.290	147.500	316.830	110.090	157.500	69.930	132.300	359.730	110.090		
110.100	94.990	77.290	147.500	319.780	110.100	157.500	69.930	129.780	357.210	110.100		
110.110	92.040	79.650	147.500	319.190	110.110	157.500	69.930	129.780	357.210	110.110		
110.120	94.990	77.290	147.500	319.780	110.120	157.500	69.930	129.780	357.210	110.120		
110.130	94.990	77.290	144.550	316.830	110.130	157.500	69.930	127.260	354.690	110.130		
110.140	94.990	77.290	144.550	316.830	110.140	157.500	69.930	129.780	357.210	110.140		
110.150	94.990	77.290	144.550	316.830	110.150	157.500	69.930	129.780	357.210	110.150		
110.160	97.350	79.650	144.550	321.550	110.160	157.500	67.410	127.260	352.170	110.160		
110.170	97.350	79.650	144.550	321.550	110.170	154.980	69.930	127.260	352.170	110.170		
110.180	99.710	79.650	147.500	326.860	110.180	154.980	67.410	127.260	349.650	110.180		
110.190	99.710	79.650	144.550	323.910	110.190	157.500	69.930	129.780	357.210	110.190		
110.200	99.710	77.290	144.550	321.550	110.200	157.500	69.930	129.780	357.210	110.200		
110.210	99.710	79.650	144.550	323.910	110.210	154.980	67.410	129.780	352.170	110.210		
110.220	102.070	79.650	142.190	323.910	110.220	154.980	67.410	127.260	349.650	110.220		
110.230	102.080	79.460	142.100	323.640	110.230	157.500	67.410	127.260	352.170	110.230		
110.240	104.980	79.460	145.000	329.440	110.240	157.440	67.200	124.800	349.440	110.240		
110.250	104.980	79.460	142.100	326.540	110.250	157.440	67.200	124.800	349.440	110.250		
110.260	104.980	79.460	142.100	326.540	110.260	157.440	67.200	122.240	346.880	110.260		
110.270	107.300	82.360	145.000	334.660	110.270	157.440	67.200	122.240	346.880	110.270		
110.280	107.300	82.360	142.100	331.760	110.280	157.440	67.200	122.240	346.880	110.280		
110.290	107.300	82.360	142.100	331.760	110.290	157.440	67.200	122.240	346.880	110.290		
110.300	107.300	82.360	142.100	331.760	110.300	157.440	67.200	119.680	344.320	110.300		
110.310	107.300	82.360	142.100	331.760	110.310	160.000	67.200	119.680	346.880	110.310		
110.320	109.620	82.360	142.100	334.080	110.320	160.000	67.200	117.120	344.320	110.320		
110.330	109.620	82.360	142.100	334.080	110.330	160.000	64.640	117.120	341.760	110.330		
110.340	109.620	82.360	142.100	334.080	110.340	160.000	67.200	117.120	344.320	110.340		
110.350	109.620	82.360	142.100	334.080	110.350	160.000	67.200	117.120	344.320	110.350		
110.360	109.620	82.360	139.780	331.760	110.360	160.000	67.200	114.560	341.760	110.360		
110.370	111.940	82.360	139.780	334.080	110.370	160.000	67.200	114.560	341.760	110.370		
110.380	112.290	82.080	139.650	334.020	110.380	160.000	67.200	114.560	341.760	110.380		
110.390	112.290	82.080	142.500	336.870	110.390	161.840	67.320	114.920	344.080	110.390		
110.400	112.290	82.080	139.650	334.020	110.400	161.840	67.320	114.920	344.080	110.400		
110.410	112.290	82.080	139.650	334.020	110.410	161.840	67.320	112.200	341.360	110.410		
110.420	112.290	82.080	139.650	334.020	110.420	164.560	67.320	112.200	344.080	110.420		
110.430	112.290	82.080	139.650	334.020	110.430	164.560	67.320	112.200	344.080	110.430		
110.440	109.440	82.080	142.500	334.020	110.440	164.560	67.320	112.200	344.080	110.440		
110.450	109.440	82.080	142.500	334.020	110.450	164.560	67.320	112.200	344.080	110.450		
110.460	109.440	82.080	142.500	334.020	110.460	167.280	67.320	109.480	344.080	110.460		
110.470	109.440	82.080	142.500	334.020	110.470	167.280	67.320	109.480	344.080	110.470		
110.480	109.440	82.080	142.500	334.020	110.480	167.280	67.320	107.440	342.040	110.480		
110.490	109.440	82.080	139.650	331.170	110.490	170.000	67.320	107.440	344.760	110.490		
110.500	109.440	82.080	142.500	334.020	110.500	167.280	67.320	107.440	342.040	110.500		
110.510	109.440	82.080	142.500	334.020	110.510	170.000	67.320	107.440	344.760	110.510		
110.520	109.440	82.080	142.500	334.020	110.520	170.000	67.320	104.720	342.040	110.520		
110.530	109.620	84.680	145.000	339.300	110.530	170.000	67.320	104.720	342.040	110.530		
110.540	109.620	84.680	145.000	339.300	110.540	170.000	67.320	104.720	342.040	110.540		
110.550	111.940	82.360	142.100	336.400	110.550	170.000	67.320	104.720	342.040	110.550		
110.560	109.620	82.360	142.100	334.080	110.560	170.000	67.320	104.720	342.040	110.560		
110.570	109.620	82.360	142.100	334.080	110.570	170.000	64.600	104.720	339.320	110.570		
110.580	111.940	82.360	145.000	339.300	110.580	170.000	67.320	104.720	342.040	110.580		
110.590	111.940	84.680	142.100	338.720	110.590	170.000	64.600	104.720	339.320	110.590		
110.600	111.940	84.680	142.100	338.720	110.600	170.000	64.600	102.000	336.600	110.600		
110.610	114.840	84.680	142.100	341.620	110.610	167.280	64.600	102.000	333.880	110.610		
110.620	114.840	84.680	142.100	341.620	110.620	170.000	64.600	102.000	336.600	110.620		
110.630	114.840	84.680	142.100	341.620	110.630	167.280	64.600	102.000	333.880	110.630		
110.640	114.840	84.680	142.100	341.620	110.640	167.280	64.600	102.000	333.880	110.640		
110.650	114.840	84.680	142.100	341.620	110.650	167.280	67.320	102.000	336.600	110.650		
110.660	117.160	87.000	142.100	346.260	110.660	170.000	64.600	102.000	336.600	110.660		
110.670	114.840	84.680	142.100	341.620	110.670	167.280	64.600	102.000	333.880	110.670		
110.680	117.410	84.960	142.190	344.560	110.680	167.280	64.600	102.000	333.880	110.680		
110.690	117.410	87.320	142.190	346.920	110.690	170.000	64.600	99.960	334.560	110.690		
110.700	117.410	87.320	144.550	349.280	110.700	167.280	61.880	99.960	329.120	110.700		
110.710	117.410	87.320	142.190	346.920	110.710	167.280	64.600	99.960	331.840	110.710		
110.720	117.410	87.320	144.550	349.280	110.720	167.280	64.600	99.960	331.840	110.720		
110.730	114.460	87.320	144.550	346.330	110.730	170.000	64.600	99.960	334.560	110.730		
110.740	114.460	87.320	144.550	346.330	110.740	167.280	61.880	97.240	326.400	110.740		
110.750	114.460	87.320	144.550	346.330	110.750	170.000	61.880	97.240	329.120	110.750		
110.760	114.460	87.320	144.550	346.330	110.760	170.000	61.880	94.520	326.400	110.760		
110.770	114.460	89.680	147.500	351.640	110.770	170.000	61.880	94.520	326.400	110.770		
110.780	114.460	87.320	147.500	349.280	110.780	170.000	61.880	94.520	326.400	110.780		
110.790	114.460	87.320	147.500	349.280	110.790	170.000	61.880	92.480	324.360	110.790		
110.800	114.460	87.320	147.500	349.280	110.800	170.000	61.880	92.480	324.360	110.800		
110.810	114.460	89.680	147.500	351.640	110.810	170.000	59.840	92.480	322.320	110.810		
110.820	114.460	89.680	147.500	351.640	110.820	170.000	61.880	92.480	324.360	110.820		
110.830	114.600	90.000	150.000	354.600	110.830	170.000	59.840	89.760	319.600	110.830		
110.840	114.600	90.000	147.000	351.600	110.840	170.000	61.880	89.760	321.640	110.840		
110.850	114.600	90.000	147.000	351.600	110.850	170.000	59.840	89.760	319.600	110.850		
110.860	117.000	90.000	150.000	357.000	110.860	170.000	59.840	89.760	319.600	110.860		
110.870	117.000	92.400	147.000	356.400	110.870	170.000	59.840	89.760	319.600	110.870		
110.880	117.000	92.400	147.000	356.400	110.880	170.000	59.840	89.760	319.600	110.880		
110.890	117.000	92.400	147.000	356.400	110.890	170.000	59.840	89.760	319.600	110.890		
110.900	117.000	92.400	147.000	356.400	110.900	170.000	59.840	89.760	319.600	110.900		
110.910	120.000	92.400	147.000	359.400	110.910	170.000	59.840	89.760	319.600	110.910		
110.920	120.000	92.400	147.000	359.400	110.920	170.000	59.840	89.760	319.600	110.920		
110.930	120.000	94.800	147.000	361.800	110.930	170.000	59.840	89.760	319.600	110.930		
110.940	117.000	92.400	147.000	356.400	110.940	170.000	59.840	89.760	319.600	110.940		
110.950	117.000	92.400	150.000	359.400	110.950	170.000	59.840	89.760	319.600	110.950		
110.960	120.000	94.800	150.000	364.800	110.960	170.000	59.840	89.760	319.600	110.960		
110.970	117.000	92.400	147.000	356.400	110.970	170.000	59.840	89.760	319.600	110.970		
110.980	117.000	92.400	147.000	356.400	110.980	170.000	59.840	89.760	319.600	110.980		
110.990	117.000	92.400	150.000	359.400	110.990	170.000	61.880	89.760	321.640	110.990		
111.000	120.000	92.400	147.000	359.400	111.000	167.280	59.840	89.760	316.880	111.000		
111.010	117.000	92.400	147.000	356.400	111.010	170.000	59.840	87.040	316.880	111.010		
111.020	120.000	92.400	150.000	362.400	111.020	170.000	61.880	87.040	318.920	111.020		
111.030	117.000	94.800	150.000	361.800	111.030	170.000	59.840	87.040	316.880	111.030		
111.040	120.000	94.800	150.000	364.800	111.040	170.000	59.840	87.040	316.880	111.040		
111.050	117.000	92.400	147.000	356.400	111.050	170.000	59.840	87.040	316.880	111.050		
111.060	117.000	92.400	147.000	356.400	111.060	170.000	59.840	87.040	316.880	111.060		
111.070	117.000	92.400	150.000	359.400	111.070	170.000	59.840	87.040	316.880	111.070		
111.080	117.000	92.400	150.000	359.400	111.080	167.280	59.840	87.040	314.160	111.080		
111.090	120.000	92.400	150.000	362.400	111.090	170.000	59.840	89.760	319.600	111.090		
111.100	120.000	92.400	150.000	362.400	111.100	170.000	59.840	87.040	316.880	111.100		
111.110	120.000	92.400	150.000	362.400	111.110	167.280	59.840	87.040	314.160	111.110		
111.120	117.000	92.400	147.000	356.400	111.120	167.280	59.840	89.760	316.880	111.120		
111.130	120.000	92.400	150.000	362.400	111.130	167.280	59.840	89.760	316.880	111.130		
111.140	120.000	92.400	147.000	359.400	111.140	167.500	59.630	89.780	316.910	111.140		
111.150	120.000	92.400	150.000	362.400	111.150	167.500	59.630	89.780	316.910	111.150		
111.160	120.000	90.000	150.000	360.000	111.160	167.500	59.630	92.460	319.590	111.160		
111.170	120.000	90.000	150.000	360.000	111.170	167.500	59.630	92.460	319.590	111.170		
111.180	120.000	90.000	150.000	360.000	111.180	167.500	59.630	94.470	321.600	111.180		
111.190	120.000	90.000	147.000	357.000	111.190	167.500	62.310	94.470	324.280	111.190		
111.200	117.000	90.000	147.000	354.000	111.200	167.500	59.630	94.470	321.600	111.200		
111.210	117.000	90.000	147.000	354.000	111.210	167.500	62.310	94.470	324.280	111.210		
111.220	117.000	90.000	147.000	354.000	111.220	167.500	62.310	97.150	326.960	111.220		
111.230	117.000	90.000	147.000	354.000	111.230	164.820	62.310	97.150	324.280	111.230		
111.240	117.000	87.000	147.000	351.000	111.240	164.820	62.310	97.150	324.280	111.240		
111.250	117.000	87.000	147.000	351.000	111.250	164.820	62.310	99.830	326.960	111.250		
111.260	117.000	87.000	147.000	351.000	111.260	164.820	62.310	99.830	326.960	111.260		
111.270	117.000	87.000	147.000	351.000	111.270	164.820	62.310	101.840	328.970	111.270		
111.280	117.410	84.960	144.550	346.920	111.280	162.140	62.310	101.840	326.290	111.280		
111.290	117.410	84.960	147.500	349.870	111.290	165.000	62.040	104.940	331.980	111.290		
111.300	117.410	84.960	144.550	346.920	111.300	162.360	62.040	106.920	331.320	111.300		
111.310	117.410	84.960	144.550	346.920	111.310	162.360	62.040	106.920	331.320	111.310		
111.320	117.410	84.960	144.550	346.920	111.320	162.360	62.040	109.560	333.960	111.320		
111.330	117.410	82.010	142.190	341.610	111.330	159.720	62.040	109.560	331.320	111.330		
111.340	117.410	82.010	142.190	341.610	111.340	159.720	62.040	109.560	331.320	111.340		
111.350	117.410	82.010	142.190	341.610	111.350	159.720	62.040	112.200	333.960	111.350		
111.360	117.410	82.010	142.190	341.610	111.360	157.080	62.040	114.840	333.960	111.360		
111.370	119.770	82.010	139.830	341.610	111.370	157.080	62.040	117.480	336.600	111.370		
111.380	117.410	79.650	139.830	336.890	111.380	154.440	62.040	117.480	333.960	111.380		
111.390	117.410	79.650	139.830	336.890	111.390	154.440	62.040	119.460	335.940	111.390		
111.400	117.410	79.650	137.470	334.530	111.400	152.460	59.400	122.100	333.960	111.400		
111.410	117.410	79.650	137.470	334.530	111.410	149.820	59.400	124.740	333.960	111.410		
111.420	117.410	79.650	134.520	331.580	111.420	149.820	62.040	127.380	339.240	111.420		
111.430	117.180	77.220	135.000	329.400	111.430	147.180	59.400	129.360	335.940	111.430		
111.440	119.880	77.220	135.000	332.100	111.440	147.500	59.590	132.160	339.250	111.440		
111.450	119.880	77.220	135.000	332.100	111.450	144.550	59.590	134.520	338.660	111.450		
111.460	119.880	77.220	132.300	329.400	111.460	142.190	59.590	137.470	339.250	111.460		
111.470	119.880	74.520	132.300	326.700	111.470	142.190	59.590	137.470	339.250	111.470		
111.480	119.880	74.520	132.300	326.700	111.480	139.830	59.590	139.830	339.250	111.480		
111.490	117.180	74.520	129.600	321.300	111.490	139.830	59.590	142.190	341.610	111.490		
111.500	119.880	74.520	129.600	324.000	111.500	137.470	59.590	144.550	341.610	111.500		
111.510	119.880	74.520	129.600	324.000	111.510	137.470	59.590	144.550	341.610	111.510		
111.520	119.880	74.520	129.600	324.000	111.520	134.520	59.590	144.550	338.660	111.520		
111.530	119.880	74.520	127.440	321.840	111.530	134.520	57.230	144.550	336.300	111.530		
111.540	119.880	74.520	129.600	324.000	111.540	134.520	59.590	147.500	341.610	111.540		
111.550	122.040	74.520	129.600	326.160	111.550	134.520	57.230	144.550	336.300	111.550		
111.560	122.040	74.520	129.600	326.160	111.560	134.520	59.590	147.500	341.610	111.560		
111.570	122.040	74.520	129.600	326.160	111.570	134.520	59.590	147.500	341.610	111.570		
111.580	122.200	74.880	130.000	327.080	111.580	134.520	59.590	147.500	341.610	111.580		
111.590	122.200	74.880	130.000	327.080	111.590	134.520	57.230	144.550	336.300	111.590		
111.600	122.200	74.880	127.400	324.480	111.600	137.470	57.230	144.550	339.250	111.600		
111.610	122.200	74.880	127.400	324.480	111.610	134.520	57.230	144.550	336.300	111.610		
111.620	122.200	74.880	127.400	324.480	111.620	134.520	59.590	144.550	338.660	111.620		
111.630	122.200	74.880	127.400	324.480	111.630	134.520	59.590	144.550	338.660	111.630		
111.640	119.600	74.880	127.400	321.880	111.640	137.470	59.590	144.550	341.610	111.640		
111.650	122.200	74.880	127.400	324.480	111.650	134.520	57.230	144.550	336.300	111.650		
111.660	122.200	74.880	130.000	327.080	111.660	137.470	57.230	144.550	339.250	111.660		
111.670	122.200	74.880	130.000	327.080	111.670	134.520	57.230	144.550	336.300	111.670		
111.680	122.200	74.880	130.000	327.080	111.680	137.470	57.230	144.550	339.250	111.680		
111.690	122.200	74.880	127.400	324.480	111.690	137.470	59.590	147.500	344.560	111.690		
111.700	122.200	74.880	127.400	324.480	111.700	134.520	57.230	147.500	339.250	111.700		
111.710	122.200	74.880	127.400	324.480	111.710	134.520	57.230	144.550	336.300	111.710		
111.720	122.200	74.880	127.400	324.480	111.720	132.160	57.230	147.500	336.890	111.720		
111.730	122.200	74.880	130.000	327.080	111.730	132.160	57.230	147.500	336.890	111.730		
111.740	124.800	72.280	127.400	324.480	111.740	131.950	57.200	146.900	336.050	111.740		
111.750	124.800	72.280	127.400	324.480	111.750	130.000	57.200	149.500	336.700	111.750		
111.760	124.800	72.280	127.400	324.480	111.760	130.000	54.600	149.500	334.100	111.760		
111.770	124.800	72.280	127.400	324.480	111.770	130.000	54.600	152.100	336.700	111.770		
111.780	124.800	72.280	127.400	324.480	111.780	127.400	54.600	152.100	334.100	111.780		
111.790	124.800	72.280	124.800	321.880	111.790	124.800	54.600	154.700	334.100	111.790		
111.800	127.400	72.280	124.800	324.480	111.800	124.800	54.600	154.700	334.100	111.800		
111.810	127.400	72.280	124.800	324.480	111.810	124.800	52.000	154.700	331.500	111.810		
111.820	127.400	72.280	124.800	324.480	111.820	124.800	52.000	157.300	334.100	111.820		
111.830	127.400	72.280	124.800	324.480	111.830	122.200	52.000	157.300	331.500	111.830		
111.840	127.400	69.680	122.200	319.280	111.840	122.200	52.000	159.900	334.100	111.840		
111.850	127.400	69.680	122.200	319.280	111.850	122.200	54.600	159.900	336.700	111.850		
111.860	127.400	69.680	119.600	316.680	111.860	119.600	52.000	162.500	334.100	111.860		
111.870	130.000	72.280	122.200	324.480	111.870	119.600	52.000	162.500	334.100	111.870		
111.880	127.500	69.870	119.850	317.220	111.880	119.600	52.000	162.500	334.100	111.880		
111.890	127.500	69.870	119.850	317.220	111.890	116.900	52.500	162.400	331.800	111.890	End measurement	
111.900	127.500	69.870	122.400	319.770	111.900	116.900	49.700	164.500	331.100	111.900		
111.910	127.500	69.870	119.850	317.220	111.910	116.900	49.700	164.500	331.100	111.910		
111.920	127.500	69.870	119.850	317.220	111.920	114.800	49.700	167.300	331.800	111.920		
111.930	127.500	69.870	119.850	317.220	111.930	114.800	49.700	167.300	331.800	111.930		
111.940	127.500	69.870	119.850	317.220	111.940	114.800	49.700	169.400	333.900	111.940		
111.950	127.500	69.870	119.850	317.220	111.950	114.800	49.700	169.400	333.900	111.950		
111.960	127.500	69.870	119.850	317.220	111.960	114.800	52.500	172.200	339.500	111.960		
111.970	124.950	67.320	119.850	312.120	111.970	114.800	49.700	172.200	336.700	111.970		
111.980	124.950	67.320	119.850	312.120	111.980	112.000	49.700	172.200	333.900	111.980		
111.990	124.950	67.320	119.850	312.120	111.990	112.000	49.700	172.200	333.900	111.990		
112.000	124.950	67.320	119.850	312.120	112.000	112.000	49.700	175.000	336.700	112.000		
112.010	124.950	69.870	122.400	317.220	112.010	112.000	49.700	175.000	336.700	112.010		
112.020	124.950	67.320	119.850	312.120	112.020	112.000	49.700	175.000	336.700	112.020		
112.030	125.000	67.500	120.000	312.500	112.030	112.000	49.700	175.000	336.700	112.030		
112.040	122.500	67.500	120.000	310.000	112.040	112.480	49.400	177.080	338.960	112.040		
112.050	122.500	67.500	117.500	307.500	112.050	109.440	49.400	177.080	335.920	112.050		
112.060	122.500	67.500	117.500	307.500	112.060	109.440	49.400	177.080	335.920	112.060		
112.070	122.500	65.000	117.500	305.000	112.070	109.440	49.400	179.360	338.200	112.070		
112.080	122.500	65.000	117.500	305.000	112.080	109.440	49.400	179.360	338.200	112.080		
112.090	122.500	67.500	117.500	307.500	112.090	109.440	49.400	179.360	338.200	112.090		
112.100	122.500	65.000	117.500	305.000	112.100	109.440	49.400	182.400	341.240	112.100		
112.110	122.500	67.500	117.500	307.500	112.110	109.440	49.400	184.680	343.520	112.110		
112.120	122.500	65.000	117.500	305.000	112.120	109.440	49.400	184.680	343.520	112.120		
112.130	122.500	65.000	117.500	305.000	112.130	109.440	49.400	186.960	345.800	112.130		
112.140	122.500	65.000	117.500	305.000	112.140	107.160	49.400	184.680	341.240	112.140		
112.150	122.500	67.500	117.500	307.500	112.150	107.160	49.400	186.960	343.520	112.150		
112.160	122.500	65.000	117.500	305.000	112.160	104.880	49.400	190.000	344.280	112.160		
112.170	120.000	65.000	115.000	300.000	112.170	107.160	49.400	190.000	346.560	112.170		
112.180	120.000	64.800	117.120	301.920	112.180	104.880	49.400	190.000	344.280	112.180		
112.190	120.000	64.800	114.720	299.520	112.190	104.800	49.600	189.600	344.000	112.190		
112.200	120.000	64.800	114.720	299.520	112.200	104.800	49.600	192.000	346.400	112.200		
112.210	120.000	62.400	114.720	297.120	112.210	102.400	49.600	192.000	344.000	112.210		
112.220	120.000	64.800	114.720	299.520	112.220	102.400	49.600	192.000	344.000	112.220		
112.230	117.120	64.800	114.720	296.640	112.230	102.400	47.200	192.000	341.600	112.230		
112.240	117.120	64.800	114.720	296.640	112.240	100.000	47.200	194.400	341.600	112.240		
112.250	117.120	62.400	114.720	294.240	112.250	102.400	47.200	194.400	344.000	112.250		
112.260	117.120	64.800	114.720	296.640	112.260	102.400	47.200	196.800	346.400	112.260		
112.270	117.120	64.800	114.720	296.640	112.270	100.000	47.200	196.800	344.000	112.270		
112.280	117.120	64.800	114.720	296.640	112.280	100.000	47.200	196.800	344.000	112.280		
112.290	117.120	64.800	114.720	296.640	112.290	100.000	47.200	200.000	347.200	112.290		
112.300	120.000	64.800	114.720	299.520	112.300	100.000	47.200	200.000	347.200	112.300		
112.310	120.000	64.800	114.720	299.520	112.310	100.000	47.200	200.000	347.200	112.310		
112.320	120.000	64.800	114.720	299.520	112.320	100.000	47.200	200.000	347.200	112.320		
112.330	122.200	65.000	114.920	302.120	112.330	100.000	44.800	200.000	344.800	112.330		
112.340	122.200	65.000	114.920	302.120	112.340	100.000	47.200	200.000	347.200	112.340		
112.350	122.200	65.000	114.920	302.120	112.350	100.000	47.200	200.000	347.200	112.350		
112.360	124.800	65.000	114.920	304.720	112.360	100.000	47.200	196.800	344.000	112.360		
112.370	122.200	65.000	114.920	302.120	112.370	100.000	47.200	196.800	344.000	112.370		
112.380	124.800	65.000	114.920	304.720	112.380	102.400	47.200	196.800	346.400	112.380		
112.390	124.800	65.000	114.920	304.720	112.390	102.400	44.800	196.800	344.000	112.390		
112.400	124.800	65.000	114.920	304.720	112.400	102.400	44.800	194.400	341.600	112.400		
112.410	127.400	65.000	112.320	304.720	112.410	102.400	47.200	194.400	344.000	112.410		
112.420	127.400	65.000	112.320	304.720	112.420	102.400	44.800	192.000	339.200	112.420		
112.430	127.400	65.000	112.320	304.720	112.430	102.400	44.800	192.000	339.200	112.430		
112.440	127.400	65.000	112.320	304.720	112.440	102.400	47.200	189.600	339.200	112.440		
112.450	130.000	65.000	114.920	309.920	112.450	102.400	44.800	189.600	336.800	112.450		
112.460	130.000	67.080	112.320	309.400	112.460	102.400	44.800	189.600	336.800	112.460		
112.470	130.000	67.080	112.320	309.400	112.470	102.400	44.800	189.600	336.800	112.470		
112.480	129.960	67.260	112.290	309.510	112.480	102.400	44.800	189.600	336.800	112.480		
112.490	132.240	64.980	112.290	309.510	112.490	99.560	44.840	190.000	334.400	112.490		
112.500	132.240	64.980	112.290	309.510	112.500	99.560	41.800	186.960	328.320	112.500		
112.510	132.240	67.260	112.290	311.790	112.510	99.560	41.800	186.960	328.320	112.510		
112.520	132.240	67.260	112.290	311.790	112.520	97.280	41.800	186.960	326.040	112.520		
112.530	132.240	64.980	109.440	306.660	112.530	97.280	41.800	186.960	326.040	112.530		
112.540	134.520	67.260	112.290	314.070	112.540	97.280	41.800	186.960	326.040	112.540		
112.550	134.520	67.260	112.290	314.070	112.550	97.280	39.520	186.960	323.760	112.550		
112.560	134.520	67.260	112.290	314.070	112.560	95.000	39.520	186.960	321.480	112.560		
112.570	137.370	67.260	112.290	316.920	112.570	95.000	39.520	184.680	319.200	112.570		
112.580	137.370	67.260	112.290	316.920	112.580	91.960	39.520	186.960	318.440	112.580		
112.590	139.650	69.540	112.290	321.480	112.590	91.960	39.520	184.680	316.160	112.590		
112.600	139.650	67.260	112.290	319.200	112.600	95.000	39.520	184.680	319.200	112.600		
112.610	139.650	67.260	112.290	319.200	112.610	91.960	39.520	184.680	316.160	112.610		
112.620	142.500	69.540	112.290	324.330	112.620	95.000	39.520	184.680	319.200	112.620		
112.630	142.190	69.620	112.100	323.910	112.630	91.960	39.520	184.680	316.160	112.630		
112.640	142.190	69.620	114.460	326.270	112.640	91.980	39.420	182.500	313.900	112.640		
112.650	144.550	69.620	114.460	328.630	112.650	91.980	39.420	179.580	310.980	112.650		
112.660	144.550	69.620	114.460	328.630	112.660	94.900	39.420	177.390	311.710	112.660		
112.670	144.550	71.980	114.460	330.990	112.670	94.900	39.420	177.390	311.710	112.670		
112.680	144.550	71.980	114.460	330.990	112.680	97.090	39.420	174.470	310.980	112.680		
112.690	144.550	71.980	114.460	330.990	112.690	97.090	39.420	172.280	308.790	112.690		
112.700	144.550	71.980	114.460	330.990	112.700	97.090	39.420	167.170	303.680	112.700		
112.710	144.550	71.980	117.410	333.940	112.710	99.280	42.340	167.170	308.790	112.710		
112.720	147.500	71.980	117.410	336.890	112.720	102.200	42.340	164.980	309.520	112.720		
112.730	147.500	74.930	119.770	342.200	112.730	102.200	42.340	162.060	306.600	112.730		
112.740	147.500	74.930	119.770	342.200	112.740	102.200	44.530	159.870	306.600	112.740		
112.750	147.500	74.930	122.130	344.560	112.750	104.390	44.530	159.870	308.790	112.750		
112.760	144.550	74.930	122.130	341.610	112.760	104.390	44.530	156.950	305.870	112.760		
112.770	144.550	74.930	122.130	341.610	112.770	107.310	44.530	154.760	306.600	112.770		
112.780	145.000	77.140	122.380	344.520	112.780	107.310	44.530	154.760	306.600	112.780		
112.790	145.000	77.140	122.380	344.520	112.790	107.260	47.120	155.000	309.380	112.790		
112.800	145.000	77.140	124.700	346.840	112.800	107.260	47.120	151.900	306.280	112.800		
112.810	142.100	77.140	124.700	343.940	112.810	107.260	44.640	151.900	303.800	112.810		
112.820	145.000	77.140	124.700	346.840	112.820	109.740	44.640	149.420	303.800	112.820		
112.830	145.000	77.140	124.700	346.840	112.830	107.260	47.120	149.420	303.800	112.830		
112.840	145.000	77.140	124.700	346.840	112.840	107.260	47.120	149.420	303.800	112.840		
112.850	145.000	79.460	124.700	349.160	112.850	109.740	47.120	149.420	306.280	112.850		
112.860	145.000	77.140	127.020	349.160	112.860	109.740	47.120	146.940	303.800	112.860		
112.870	145.000	79.460	124.700	349.160	112.870	112.220	47.120	146.940	306.280	112.870		
112.880	145.000	77.140	124.700	346.840	112.880	112.220	49.600	146.940	308.760	112.880		
112.890	145.000	79.460	127.020	351.480	112.890	112.220	49.600	146.940	308.760	112.890		
112.900	145.000	77.140	127.020	349.160	112.900	114.700	49.600	146.940	311.240	112.900		
112.910	145.000	79.460	127.020	351.480	112.910	114.700	49.600	144.460	308.760	112.910		
112.920	142.100	79.460	127.020	348.580	112.920	114.700	49.600	144.460	308.760	112.920		
