timestamp, trial, HMD_x, HMD_y,HMD_z

# --- Trial 1 start ---
63.404,1,-39.6581,1.8855,-1.2439
63.449,1,-39.6598,1.8858,-1.2436
63.465,1,-39.6604,1.8861,-1.2431
63.481,1,-39.6612,1.8862,-1.2427
63.499,1,-39.6613,1.8863,-1.2423
63.507,1,-39.6615,1.8864,-1.2419
63.516,1,-39.6616,1.8865,-1.2415
63.527,1,-39.6619,1.8866,-1.2410
63.538,1,-39.6620,1.8866,-1.2405
63.563,1,-39.6622,1.8866,-1.2400
63.576,1,-39.6626,1.8868,-1.2391
63.593,1,-39.6631,1.8869,-1.2383
63.602,1,-39.6632,1.8871,-1.2378
63.618,1,-39.6633,1.8873,-1.2371
63.630,1,-39.6633,1.8876,-1.2365
63.641,1,-39.6634,1.8879,-1.2357
63.653,1,-39.6633,1.8881,-1.2348
63.665,1,-39.6635,1.8883,-1.2342
63.676,1,-39.6634,1.8886,-1.2335
63.687,1,-39.6634,1.8889,-1.2326
63.699,1,-39.6633,1.8890,-1.2320
63.710,1,-39.6632,1.8891,-1.2315
63.721,1,-39.6630,1.8892,-1.2310
63.733,1,-39.6629,1.8894,-1.2306
63.744,1,-39.6627,1.8895,-1.2303
63.755,1,-39.6626,1.8898,-1.2300
63.766,1,-39.6627,1.8900,-1.2297
63.777,1,-39.6627,1.8902,-1.2294
63.788,1,-39.6627,1.8903,-1.2291
63.800,1,-39.6628,1.8904,-1.2288
63.811,1,-39.6629,1.8905,-1.2286
63.822,1,-39.6628,1.8906,-1.2282
63.834,1,-39.6629,1.8908,-1.2278
63.846,1,-39.6629,1.8909,-1.2274
63.856,1,-39.6629,1.8911,-1.2271
63.866,1,-39.6630,1.8912,-1.2267
63.878,1,-39.6630,1.8913,-1.2265
63.889,1,-39.6630,1.8915,-1.2262
63.900,1,-39.6630,1.8916,-1.2259
63.911,1,-39.6630,1.8918,-1.2256
63.922,1,-39.6629,1.8919,-1.2253
63.934,1,-39.6629,1.8921,-1.2250
63.945,1,-39.6628,1.8923,-1.2248
63.956,1,-39.6627,1.8924,-1.2245
63.967,1,-39.6625,1.8924,-1.2243
63.978,1,-39.6623,1.8925,-1.2240
63.989,1,-39.6620,1.8925,-1.2238
64.000,1,-39.6618,1.8926,-1.2235
64.012,1,-39.6617,1.8925,-1.2232
64.022,1,-39.6615,1.8925,-1.2230
64.034,1,-39.6614,1.8925,-1.2229
64.045,1,-39.6613,1.8924,-1.2229
64.056,1,-39.6612,1.8923,-1.2228
64.067,1,-39.6611,1.8921,-1.2228
64.078,1,-39.6611,1.8919,-1.2227
64.090,1,-39.6610,1.8918,-1.2227
64.101,1,-39.6609,1.8918,-1.2228
64.113,1,-39.6607,1.8917,-1.2229
64.124,1,-39.6606,1.8916,-1.2229
64.136,1,-39.6605,1.8917,-1.2230
64.147,1,-39.6603,1.8916,-1.2230
64.158,1,-39.6602,1.8915,-1.2229
64.170,1,-39.6600,1.8915,-1.2228
64.180,1,-39.6597,1.8914,-1.2227
64.192,1,-39.6595,1.8913,-1.2226
64.203,1,-39.6593,1.8913,-1.2225
64.214,1,-39.6593,1.8911,-1.2222
64.225,1,-39.6591,1.8910,-1.2221
64.237,1,-39.6590,1.8908,-1.2220
64.248,1,-39.6588,1.8906,-1.2220
64.259,1,-39.6587,1.8905,-1.2219
64.270,1,-39.6586,1.8902,-1.2219
64.281,1,-39.6586,1.8900,-1.2219
64.292,1,-39.6585,1.8898,-1.2219
64.303,1,-39.6584,1.8895,-1.2219
64.314,1,-39.6584,1.8892,-1.2219
64.325,1,-39.6583,1.8890,-1.2218
64.336,1,-39.6582,1.8887,-1.2218
64.347,1,-39.6580,1.8884,-1.2218
64.358,1,-39.6579,1.8881,-1.2218
64.370,1,-39.6577,1.8877,-1.2218
64.381,1,-39.6576,1.8874,-1.2218
64.392,1,-39.6574,1.8871,-1.2219
64.403,1,-39.6573,1.8868,-1.2221
64.414,1,-39.6572,1.8865,-1.2223
64.424,1,-39.6570,1.8862,-1.2225
64.435,1,-39.6568,1.8860,-1.2228
64.446,1,-39.6565,1.8857,-1.2230
64.457,1,-39.6562,1.8854,-1.2232
64.468,1,-39.6562,1.8852,-1.2233
64.479,1,-39.6561,1.8848,-1.2236
64.490,1,-39.6557,1.8846,-1.2237
64.502,1,-39.6555,1.8844,-1.2239
64.513,1,-39.6553,1.8842,-1.2241
64.524,1,-39.6551,1.8840,-1.2243
64.535,1,-39.6549,1.8837,-1.2245
64.546,1,-39.6547,1.8835,-1.2247
64.557,1,-39.6544,1.8835,-1.2248
64.569,1,-39.6540,1.8834,-1.2250
64.580,1,-39.6537,1.8835,-1.2251
64.591,1,-39.6520,1.8833,-1.2251
64.602,1,-39.6491,1.8861,-1.2248
64.613,1,-39.6487,1.8861,-1.2248
64.624,1,-39.6485,1.8858,-1.2246
64.635,1,-39.6482,1.8857,-1.2246
64.646,1,-39.6477,1.8852,-1.2247
64.657,1,-39.6474,1.8850,-1.2247
64.669,1,-39.6548,1.8832,-1.2250
64.680,1,-39.6548,1.8831,-1.2248
64.691,1,-39.6547,1.8823,-1.2247
64.702,1,-39.6545,1.8820,-1.2247
64.713,1,-39.6542,1.8818,-1.2245
64.724,1,-39.6534,1.8816,-1.2246
64.735,1,-39.6531,1.8815,-1.2244
64.746,1,-39.6520,1.8807,-1.2243
64.757,1,-39.6516,1.8806,-1.2240
64.769,1,-39.6504,1.8805,-1.2243
64.780,1,-39.6496,1.8802,-1.2240
64.791,1,-39.6488,1.8806,-1.2240
64.802,1,-39.6482,1.8803,-1.2238
64.813,1,-39.6475,1.8804,-1.2240
64.824,1,-39.6467,1.8802,-1.2239
64.835,1,-39.6460,1.8801,-1.2237
64.847,1,-39.6452,1.8800,-1.2238
64.857,1,-39.6445,1.8799,-1.2237
64.868,1,-39.6436,1.8797,-1.2237
64.880,1,-39.6428,1.8795,-1.2235
64.891,1,-39.6421,1.8793,-1.2235
64.901,1,-39.6414,1.8791,-1.2233
64.912,1,-39.6407,1.8789,-1.2233
64.923,1,-39.6402,1.8787,-1.2230
64.934,1,-39.6396,1.8785,-1.2228
64.946,1,-39.6391,1.8782,-1.2226
64.964,1,-39.6386,1.8780,-1.2225
64.974,1,-39.6380,1.8778,-1.2223
64.983,1,-39.6376,1.8776,-1.2222
64.992,1,-39.6370,1.8774,-1.2221
65.000,1,-39.6363,1.8772,-1.2219
65.012,1,-39.6358,1.8771,-1.2218
65.023,1,-39.6351,1.8770,-1.2216
65.034,1,-39.6345,1.8769,-1.2213
65.045,1,-39.6338,1.8769,-1.2211
65.056,1,-39.6332,1.8770,-1.2208
65.068,1,-39.6327,1.8771,-1.2206
65.079,1,-39.6322,1.8771,-1.2204
65.090,1,-39.6317,1.8773,-1.2200
65.101,1,-39.6312,1.8773,-1.2198
65.112,1,-39.6308,1.8775,-1.2193
65.123,1,-39.6302,1.8776,-1.2188
65.134,1,-39.6297,1.8779,-1.2184
65.145,1,-39.6292,1.8782,-1.2179
65.157,1,-39.6288,1.8785,-1.2173
65.168,1,-39.6284,1.8787,-1.2169
65.179,1,-39.6280,1.8789,-1.2163
65.190,1,-39.6278,1.8792,-1.2158
65.201,1,-39.6274,1.8794,-1.2154
65.212,1,-39.6271,1.8796,-1.2149
65.223,1,-39.6268,1.8798,-1.2145
65.234,1,-39.6265,1.8801,-1.2141
65.245,1,-39.6262,1.8803,-1.2136
65.256,1,-39.6259,1.8805,-1.2132
65.267,1,-39.6257,1.8806,-1.2129
65.278,1,-39.6254,1.8809,-1.2125
65.289,1,-39.6250,1.8811,-1.2122
65.301,1,-39.6246,1.8814,-1.2120
65.312,1,-39.6243,1.8816,-1.2117
65.324,1,-39.6241,1.8818,-1.2114
65.336,1,-39.6238,1.8819,-1.2112
65.347,1,-39.6235,1.8820,-1.2110
65.359,1,-39.6234,1.8822,-1.2109
65.370,1,-39.6233,1.8823,-1.2107
65.382,1,-39.6232,1.8823,-1.2105
65.395,1,-39.6231,1.8824,-1.2104
65.405,1,-39.6231,1.8824,-1.2103
65.417,1,-39.6231,1.8824,-1.2102
65.429,1,-39.6232,1.8824,-1.2101
65.441,1,-39.6234,1.8825,-1.2100
65.452,1,-39.6235,1.8825,-1.2100
65.464,1,-39.6238,1.8826,-1.2100
65.475,1,-39.6239,1.8827,-1.2100
65.487,1,-39.6243,1.8828,-1.2100
65.498,1,-39.6245,1.8830,-1.2101
65.510,1,-39.6249,1.8831,-1.2101
65.521,1,-39.6252,1.8833,-1.2101
65.533,1,-39.6256,1.8836,-1.2101
65.545,1,-39.6259,1.8838,-1.2102
65.556,1,-39.6263,1.8841,-1.2102
65.568,1,-39.6267,1.8843,-1.2103
65.579,1,-39.6271,1.8845,-1.2103
65.591,1,-39.6276,1.8848,-1.2103
65.602,1,-39.6282,1.8850,-1.2103
65.613,1,-39.6287,1.8853,-1.2103
65.624,1,-39.6291,1.8856,-1.2103
65.635,1,-39.6296,1.8858,-1.2102
65.646,1,-39.6300,1.8861,-1.2102
65.658,1,-39.6304,1.8864,-1.2102
65.669,1,-39.6309,1.8867,-1.2101
65.680,1,-39.6314,1.8870,-1.2101
65.691,1,-39.6318,1.8873,-1.2100
65.702,1,-39.6323,1.8877,-1.2100
65.713,1,-39.6328,1.8880,-1.2098
65.725,1,-39.6332,1.8883,-1.2098
65.736,1,-39.6337,1.8886,-1.2097
65.746,1,-39.6341,1.8890,-1.2097
65.757,1,-39.6345,1.8892,-1.2097
65.769,1,-39.6349,1.8895,-1.2096
65.780,1,-39.6353,1.8898,-1.2097
65.791,1,-39.6356,1.8900,-1.2098
65.802,1,-39.6360,1.8903,-1.2099
65.813,1,-39.6364,1.8905,-1.2100
65.824,1,-39.6368,1.8907,-1.2101
65.835,1,-39.6371,1.8910,-1.2104
65.847,1,-39.6375,1.8913,-1.2106
65.859,1,-39.6379,1.8915,-1.2109
65.870,1,-39.6383,1.8916,-1.2111
65.879,1,-39.6388,1.8917,-1.2113
65.891,1,-39.6392,1.8919,-1.2115
65.902,1,-39.6397,1.8921,-1.2117
65.913,1,-39.6402,1.8923,-1.2119
65.924,1,-39.6406,1.8925,-1.2120
65.935,1,-39.6411,1.8927,-1.2122
65.946,1,-39.6416,1.8927,-1.2122
65.957,1,-39.6422,1.8928,-1.2124
65.968,1,-39.6427,1.8930,-1.2125
65.979,1,-39.6432,1.8931,-1.2127
65.990,1,-39.6437,1.8932,-1.2129
66.002,1,-39.6443,1.8932,-1.2131
66.012,1,-39.6449,1.8933,-1.2132
66.024,1,-39.6454,1.8933,-1.2134
66.035,1,-39.6459,1.8933,-1.2137
66.046,1,-39.6465,1.8933,-1.2140
66.057,1,-39.6470,1.8933,-1.2143
66.068,1,-39.6476,1.8934,-1.2147
66.079,1,-39.6481,1.8935,-1.2150
66.090,1,-39.6486,1.8936,-1.2153
66.101,1,-39.6491,1.8937,-1.2157
66.112,1,-39.6496,1.8937,-1.2159
66.123,1,-39.6502,1.8937,-1.2162
66.134,1,-39.6508,1.8938,-1.2165
66.145,1,-39.6513,1.8939,-1.2167
66.157,1,-39.6517,1.8940,-1.2170
66.168,1,-39.6522,1.8941,-1.2173
66.179,1,-39.6527,1.8940,-1.2176
66.190,1,-39.6532,1.8941,-1.2178
66.201,1,-39.6537,1.8941,-1.2180
66.211,1,-39.6543,1.8941,-1.2183
66.222,1,-39.6548,1.8942,-1.2185
66.234,1,-39.6554,1.8943,-1.2188
66.245,1,-39.6558,1.8944,-1.2190
66.256,1,-39.6563,1.8944,-1.2192
66.267,1,-39.6568,1.8944,-1.2194
66.278,1,-39.6571,1.8944,-1.2196
66.290,1,-39.6575,1.8945,-1.2197
66.301,1,-39.6579,1.8945,-1.2199
66.312,1,-39.6581,1.8945,-1.2201
66.323,1,-39.6584,1.8945,-1.2202
66.334,1,-39.6586,1.8945,-1.2205
66.345,1,-39.6589,1.8945,-1.2206
66.356,1,-39.6591,1.8943,-1.2208
66.367,1,-39.6592,1.8942,-1.2210
66.378,1,-39.6594,1.8940,-1.2212
66.389,1,-39.6596,1.8938,-1.2214
66.401,1,-39.6596,1.8935,-1.2216
66.412,1,-39.6596,1.8931,-1.2218
66.423,1,-39.6596,1.8926,-1.2221
66.434,1,-39.6596,1.8922,-1.2224
66.444,1,-39.6595,1.8917,-1.2226
66.456,1,-39.6594,1.8912,-1.2230
66.468,1,-39.6594,1.8905,-1.2232
66.478,1,-39.6593,1.8899,-1.2236
66.489,1,-39.6591,1.8891,-1.2239
66.501,1,-39.6588,1.8884,-1.2243
66.512,1,-39.6585,1.8874,-1.2247
66.523,1,-39.6583,1.8864,-1.2250
66.534,1,-39.6580,1.8852,-1.2254
66.545,1,-39.6577,1.8841,-1.2257
66.557,1,-39.6574,1.8827,-1.2260
66.568,1,-39.6570,1.8812,-1.2263
66.579,1,-39.6567,1.8798,-1.2267
66.590,1,-39.6561,1.8784,-1.2270
66.602,1,-39.6556,1.8770,-1.2273
66.613,1,-39.6550,1.8757,-1.2276
66.624,1,-39.6545,1.8744,-1.2278
66.635,1,-39.6538,1.8733,-1.2279
66.646,1,-39.6532,1.8723,-1.2279
66.657,1,-39.6525,1.8713,-1.2280
66.668,1,-39.6519,1.8704,-1.2279
66.679,1,-39.6512,1.8696,-1.2278
66.690,1,-39.6506,1.8689,-1.2276
66.701,1,-39.6499,1.8683,-1.2273
66.713,1,-39.6494,1.8679,-1.2269
66.724,1,-39.6489,1.8675,-1.2265
66.735,1,-39.6484,1.8672,-1.2259
66.746,1,-39.6478,1.8671,-1.2254
66.757,1,-39.6472,1.8671,-1.2248
66.768,1,-39.6465,1.8672,-1.2242
66.780,1,-39.6458,1.8674,-1.2236
66.791,1,-39.6450,1.8676,-1.2229
66.801,1,-39.6443,1.8678,-1.2223
66.813,1,-39.6435,1.8680,-1.2216
66.824,1,-39.6427,1.8682,-1.2208
66.835,1,-39.6419,1.8683,-1.2200
66.846,1,-39.6412,1.8684,-1.2192
66.857,1,-39.6404,1.8684,-1.2184
66.868,1,-39.6396,1.8684,-1.2176
66.879,1,-39.6388,1.8683,-1.2167
66.891,1,-39.6379,1.8681,-1.2159
66.902,1,-39.6370,1.8678,-1.2150
66.912,1,-39.6361,1.8676,-1.2141
66.924,1,-39.6351,1.8675,-1.2132
66.934,1,-39.6341,1.8673,-1.2123
66.946,1,-39.6331,1.8671,-1.2115
66.956,1,-39.6322,1.8669,-1.2107
66.968,1,-39.6312,1.8664,-1.2099
66.979,1,-39.6304,1.8659,-1.2092
66.990,1,-39.6297,1.8653,-1.2084
67.001,1,-39.6291,1.8647,-1.2077
67.012,1,-39.6286,1.8642,-1.2071
67.023,1,-39.6281,1.8637,-1.2066
67.034,1,-39.6275,1.8636,-1.2061
67.045,1,-39.6269,1.8637,-1.2056
67.056,1,-39.6262,1.8638,-1.2051
67.068,1,-39.6257,1.8639,-1.2047
67.079,1,-39.6253,1.8640,-1.2043
67.090,1,-39.6249,1.8640,-1.2039
67.101,1,-39.6246,1.8640,-1.2037
67.112,1,-39.6244,1.8642,-1.2036
67.124,1,-39.6242,1.8645,-1.2036
67.134,1,-39.6241,1.8648,-1.2036
67.145,1,-39.6241,1.8651,-1.2036
67.156,1,-39.6240,1.8654,-1.2038
67.168,1,-39.6240,1.8657,-1.2040
67.178,1,-39.6239,1.8661,-1.2042
67.189,1,-39.6237,1.8664,-1.2045
67.201,1,-39.6236,1.8667,-1.2050
67.212,1,-39.6235,1.8671,-1.2054
67.222,1,-39.6233,1.8674,-1.2058
67.234,1,-39.6230,1.8676,-1.2063
67.245,1,-39.6228,1.8678,-1.2068
67.256,1,-39.6225,1.8679,-1.2074
67.268,1,-39.6223,1.8680,-1.2080
67.279,1,-39.6220,1.8681,-1.2086
67.290,1,-39.6216,1.8682,-1.2093
67.301,1,-39.6214,1.8682,-1.2101
67.312,1,-39.6210,1.8682,-1.2110
67.323,1,-39.6207,1.8681,-1.2118
67.334,1,-39.6204,1.8679,-1.2127
67.345,1,-39.6200,1.8678,-1.2137
67.356,1,-39.6196,1.8674,-1.2147
67.367,1,-39.6191,1.8671,-1.2157
67.378,1,-39.6186,1.8667,-1.2168
67.389,1,-39.6180,1.8662,-1.2179
67.401,1,-39.6175,1.8656,-1.2192
67.412,1,-39.6169,1.8650,-1.2204
67.423,1,-39.6163,1.8644,-1.2217
67.435,1,-39.6157,1.8638,-1.2231
67.445,1,-39.6153,1.8634,-1.2247
67.456,1,-39.6145,1.8643,-1.2263
67.468,1,-39.6122,1.8671,-1.2277
67.479,1,-39.6102,1.8700,-1.2291
67.490,1,-39.6085,1.8714,-1.2306
67.501,1,-39.6073,1.8721,-1.2323
67.513,1,-39.6058,1.8725,-1.2340
67.523,1,-39.6047,1.8721,-1.2358
67.534,1,-39.6034,1.8716,-1.2375
67.545,1,-39.6020,1.8716,-1.2394
67.556,1,-39.6006,1.8720,-1.2412
67.567,1,-39.5989,1.8724,-1.2431
67.578,1,-39.5973,1.8727,-1.2450
67.589,1,-39.5955,1.8729,-1.2468
67.600,1,-39.5939,1.8727,-1.2486
67.611,1,-39.5923,1.8720,-1.2504
67.623,1,-39.5906,1.8712,-1.2523
67.634,1,-39.5888,1.8705,-1.2541
67.645,1,-39.5866,1.8702,-1.2560
67.656,1,-39.5843,1.8702,-1.2578
67.667,1,-39.5817,1.8704,-1.2594
67.679,1,-39.5791,1.8706,-1.2608
67.690,1,-39.5765,1.8708,-1.2622
67.701,1,-39.5740,1.8707,-1.2636
67.712,1,-39.5714,1.8704,-1.2650
67.723,1,-39.5688,1.8702,-1.2664
67.734,1,-39.5660,1.8699,-1.2677
67.745,1,-39.5633,1.8697,-1.2690
67.756,1,-39.5604,1.8694,-1.2702
67.767,1,-39.5574,1.8692,-1.2713
67.779,1,-39.5544,1.8689,-1.2722
67.790,1,-39.5516,1.8688,-1.2730
67.801,1,-39.5484,1.8687,-1.2739
67.812,1,-39.5453,1.8688,-1.2749
67.823,1,-39.5420,1.8689,-1.2756
67.834,1,-39.5385,1.8691,-1.2764
67.845,1,-39.5350,1.8692,-1.2769
67.856,1,-39.5313,1.8693,-1.2775
67.868,1,-39.5274,1.8695,-1.2780
67.879,1,-39.5234,1.8697,-1.2784
67.890,1,-39.5194,1.8699,-1.2788
67.900,1,-39.5152,1.8701,-1.2791
67.912,1,-39.5110,1.8702,-1.2792
67.923,1,-39.5069,1.8703,-1.2793
67.934,1,-39.5022,1.8702,-1.2793
67.945,1,-39.4976,1.8701,-1.2793
67.956,1,-39.4925,1.8700,-1.2790
67.967,1,-39.4874,1.8699,-1.2790
67.979,1,-39.4823,1.8696,-1.2788
67.990,1,-39.4768,1.8693,-1.2785
68.001,1,-39.4714,1.8689,-1.2780
68.012,1,-39.4657,1.8685,-1.2774
68.023,1,-39.4599,1.8681,-1.2769
68.035,1,-39.4541,1.8674,-1.2763
68.045,1,-39.4481,1.8668,-1.2757
68.057,1,-39.4421,1.8659,-1.2750
68.068,1,-39.4358,1.8651,-1.2742
68.079,1,-39.4295,1.8643,-1.2732
68.090,1,-39.4234,1.8635,-1.2722
68.101,1,-39.4171,1.8625,-1.2710
68.112,1,-39.4106,1.8612,-1.2696
68.123,1,-39.4042,1.8600,-1.2684
68.134,1,-39.3979,1.8586,-1.2670
68.145,1,-39.3915,1.8573,-1.2655
68.157,1,-39.3853,1.8558,-1.2637
68.168,1,-39.3790,1.8543,-1.2620
68.179,1,-39.3728,1.8530,-1.2604
68.190,1,-39.3667,1.8519,-1.2585
68.201,1,-39.3606,1.8511,-1.2568
68.212,1,-39.3545,1.8503,-1.2547
68.223,1,-39.3484,1.8500,-1.2527
68.234,1,-39.3423,1.8500,-1.2506
68.245,1,-39.3361,1.8502,-1.2484
68.256,1,-39.3300,1.8509,-1.2462
68.267,1,-39.3238,1.8521,-1.2440
68.278,1,-39.3175,1.8534,-1.2417
68.290,1,-39.3113,1.8548,-1.2395
68.301,1,-39.3053,1.8560,-1.2372
68.312,1,-39.2992,1.8574,-1.2350
68.323,1,-39.2932,1.8588,-1.2328
68.334,1,-39.2871,1.8602,-1.2306
68.345,1,-39.2811,1.8618,-1.2287
68.356,1,-39.2752,1.8631,-1.2266
68.368,1,-39.2693,1.8642,-1.2247
68.378,1,-39.2634,1.8651,-1.2228
68.390,1,-39.2575,1.8657,-1.2209
68.401,1,-39.2515,1.8663,-1.2192
68.412,1,-39.2456,1.8669,-1.2175
68.423,1,-39.2394,1.8676,-1.2161
68.434,1,-39.2330,1.8684,-1.2147
68.445,1,-39.2265,1.8692,-1.2133
68.457,1,-39.2199,1.8697,-1.2121
68.468,1,-39.2134,1.8700,-1.2108
68.479,1,-39.2067,1.8703,-1.2097
68.490,1,-39.2000,1.8707,-1.2087
68.501,1,-39.1932,1.8711,-1.2077
68.512,1,-39.1864,1.8713,-1.2069
68.523,1,-39.1796,1.8715,-1.2062
68.534,1,-39.1727,1.8715,-1.2056
68.545,1,-39.1658,1.8715,-1.2049
68.556,1,-39.1586,1.8714,-1.2044
68.567,1,-39.1513,1.8712,-1.2040
68.579,1,-39.1440,1.8708,-1.2037
68.590,1,-39.1366,1.8704,-1.2036
68.601,1,-39.1291,1.8699,-1.2036
68.612,1,-39.1214,1.8693,-1.2035
68.623,1,-39.1137,1.8686,-1.2035
68.634,1,-39.1059,1.8678,-1.2035
68.645,1,-39.0979,1.8669,-1.2037
68.656,1,-39.0897,1.8659,-1.2041
68.668,1,-39.0815,1.8650,-1.2045
68.679,1,-39.0734,1.8639,-1.2050
68.690,1,-39.0651,1.8628,-1.2055
68.701,1,-39.0567,1.8616,-1.2059
68.712,1,-39.0481,1.8604,-1.2065
68.723,1,-39.0394,1.8589,-1.2073
68.734,1,-39.0306,1.8572,-1.2081
68.745,1,-39.0219,1.8554,-1.2091
68.756,1,-39.0131,1.8533,-1.2102
68.767,1,-39.0046,1.8513,-1.2114
68.778,1,-38.9959,1.8493,-1.2127
68.789,1,-38.9872,1.8473,-1.2142
68.800,1,-38.9784,1.8455,-1.2159
68.812,1,-38.9695,1.8439,-1.2177
68.823,1,-38.9606,1.8426,-1.2195
68.834,1,-38.9515,1.8414,-1.2214
68.846,1,-38.9424,1.8404,-1.2235
68.856,1,-38.9334,1.8396,-1.2256
68.867,1,-38.9244,1.8392,-1.2277
68.878,1,-38.9150,1.8394,-1.2300
68.890,1,-38.9054,1.8402,-1.2323
68.901,1,-38.8959,1.8408,-1.2345
68.912,1,-38.8865,1.8415,-1.2369
68.923,1,-38.8772,1.8424,-1.2392
68.934,1,-38.8680,1.8438,-1.2414
68.945,1,-38.8588,1.8455,-1.2436
68.956,1,-38.8498,1.8477,-1.2456
68.967,1,-38.8408,1.8500,-1.2478
68.978,1,-38.8315,1.8521,-1.2498
68.989,1,-38.8223,1.8541,-1.2518
69.000,1,-38.8134,1.8556,-1.2534
69.011,1,-38.8045,1.8566,-1.2550
69.022,1,-38.7959,1.8571,-1.2564
69.034,1,-38.7875,1.8577,-1.2578
69.045,1,-38.7791,1.8583,-1.2590
69.056,1,-38.7703,1.8593,-1.2601
69.067,1,-38.7615,1.8603,-1.2612
69.078,1,-38.7528,1.8615,-1.2620
69.089,1,-38.7440,1.8624,-1.2625
69.100,1,-38.7352,1.8632,-1.2631
69.111,1,-38.7266,1.8635,-1.2633
69.123,1,-38.7179,1.8637,-1.2635
69.134,1,-38.7090,1.8640,-1.2635
69.144,1,-38.7004,1.8643,-1.2635
69.156,1,-38.6915,1.8647,-1.2632
69.166,1,-38.6828,1.8649,-1.2627
69.178,1,-38.6737,1.8651,-1.2622
69.189,1,-38.6645,1.8652,-1.2615
69.200,1,-38.6554,1.8652,-1.2610
69.211,1,-38.6464,1.8650,-1.2602
69.222,1,-38.6373,1.8648,-1.2595
69.233,1,-38.6282,1.8644,-1.2587
69.244,1,-38.6190,1.8639,-1.2577
69.255,1,-38.6097,1.8634,-1.2567
69.265,1,-38.6004,1.8627,-1.2556
69.276,1,-38.5909,1.8618,-1.2544
69.288,1,-38.5814,1.8609,-1.2533
69.299,1,-38.5720,1.8597,-1.2520
69.310,1,-38.5623,1.8585,-1.2508
69.321,1,-38.5528,1.8571,-1.2494
69.332,1,-38.5429,1.8555,-1.2479
69.343,1,-38.5333,1.8539,-1.2463
69.354,1,-38.5234,1.8521,-1.2447
69.366,1,-38.5135,1.8501,-1.2432
69.376,1,-38.5037,1.8480,-1.2416
69.387,1,-38.4939,1.8453,-1.2399
69.399,1,-38.4844,1.8426,-1.2381
69.410,1,-38.4747,1.8398,-1.2361
69.421,1,-38.4651,1.8369,-1.2342
69.432,1,-38.4554,1.8345,-1.2323
69.444,1,-38.4456,1.8323,-1.2305
69.455,1,-38.4360,1.8299,-1.2285
69.466,1,-38.4263,1.8277,-1.2265
69.477,1,-38.4168,1.8257,-1.2244
69.488,1,-38.4071,1.8240,-1.2224
69.499,1,-38.3976,1.8227,-1.2203
69.510,1,-38.3877,1.8222,-1.2183
69.522,1,-38.3780,1.8220,-1.2162
69.533,1,-38.3683,1.8219,-1.2143
69.544,1,-38.3589,1.8225,-1.2125
69.554,1,-38.3493,1.8233,-1.2107
69.566,1,-38.3398,1.8247,-1.2087
69.577,1,-38.3304,1.8266,-1.2068
69.588,1,-38.3207,1.8283,-1.2049
69.599,1,-38.3113,1.8302,-1.2034
69.610,1,-38.3019,1.8316,-1.2019
69.621,1,-38.2928,1.8329,-1.2005
69.633,1,-38.2836,1.8339,-1.1990
69.644,1,-38.2750,1.8349,-1.1977
69.655,1,-38.2662,1.8358,-1.1967
69.666,1,-38.2578,1.8372,-1.1957
69.677,1,-38.2488,1.8388,-1.1950
69.688,1,-38.2397,1.8408,-1.1945
69.700,1,-38.2301,1.8430,-1.1941
69.711,1,-38.2208,1.8447,-1.1936
69.722,1,-38.2115,1.8464,-1.1931
69.733,1,-38.2019,1.8480,-1.1926
69.745,1,-38.1928,1.8495,-1.1924
69.755,1,-38.1835,1.8509,-1.1923
69.767,1,-38.1742,1.8522,-1.1922
69.778,1,-38.1650,1.8532,-1.1923
69.789,1,-38.1558,1.8541,-1.1925
69.800,1,-38.1468,1.8545,-1.1925
69.810,1,-38.1378,1.8549,-1.1926
69.821,1,-38.1294,1.8551,-1.1926
69.833,1,-38.1204,1.8549,-1.1927
69.843,1,-38.1115,1.8549,-1.1928
69.855,1,-38.1024,1.8545,-1.1929
69.866,1,-38.0932,1.8540,-1.1930
69.876,1,-38.0841,1.8535,-1.1931
69.887,1,-38.0748,1.8527,-1.1931
69.899,1,-38.0654,1.8518,-1.1932
69.911,1,-38.0557,1.8508,-1.1934
69.922,1,-38.0462,1.8499,-1.1936
69.933,1,-38.0366,1.8488,-1.1937
69.942,1,-38.0271,1.8476,-1.1939
69.953,1,-38.0172,1.8462,-1.1942
69.964,1,-38.0072,1.8446,-1.1942
69.976,1,-37.9971,1.8429,-1.1945
69.987,1,-37.9870,1.8410,-1.1947
69.998,1,-37.9771,1.8388,-1.1951
70.009,1,-37.9670,1.8367,-1.1955
70.020,1,-37.9571,1.8345,-1.1959
70.031,1,-37.9469,1.8326,-1.1965
70.043,1,-37.9367,1.8309,-1.1972
70.054,1,-37.9266,1.8292,-1.1977
70.065,1,-37.9162,1.8279,-1.1984
70.077,1,-37.9059,1.8267,-1.1993
70.088,1,-37.8954,1.8256,-1.2004
70.098,1,-37.8853,1.8246,-1.2013
70.110,1,-37.8750,1.8241,-1.2025
70.121,1,-37.8646,1.8241,-1.2036
70.131,1,-37.8540,1.8248,-1.2049
70.143,1,-37.8433,1.8257,-1.2061
70.154,1,-37.8330,1.8265,-1.2074
70.165,1,-37.8225,1.8275,-1.2090
70.176,1,-37.8121,1.8286,-1.2102
70.187,1,-37.8020,1.8299,-1.2115
70.198,1,-37.7925,1.8311,-1.2127
70.210,1,-37.7826,1.8322,-1.2138
70.220,1,-37.7731,1.8330,-1.2148
70.232,1,-37.7640,1.8336,-1.2158
70.243,1,-37.7547,1.8342,-1.2166
70.254,1,-37.7455,1.8348,-1.2175
70.265,1,-37.7365,1.8358,-1.2181
70.276,1,-37.7274,1.8371,-1.2187
70.287,1,-37.7183,1.8387,-1.2192
70.298,1,-37.7091,1.8404,-1.2199
70.309,1,-37.6997,1.8420,-1.2203
70.321,1,-37.6902,1.8434,-1.2206
70.332,1,-37.6809,1.8445,-1.2207
70.343,1,-37.6718,1.8456,-1.2207
70.354,1,-37.6624,1.8465,-1.2206
70.366,1,-37.6533,1.8476,-1.2204
70.377,1,-37.6440,1.8486,-1.2203
70.389,1,-37.6346,1.8495,-1.2199
70.400,1,-37.6252,1.8502,-1.2196
70.411,1,-37.6158,1.8508,-1.2193
70.422,1,-37.6067,1.8509,-1.2187
70.433,1,-37.5973,1.8509,-1.2183
70.445,1,-37.5881,1.8508,-1.2178
70.456,1,-37.5790,1.8505,-1.2174
70.466,1,-37.5698,1.8499,-1.2169
70.477,1,-37.5606,1.8494,-1.2164
70.489,1,-37.5512,1.8486,-1.2159
70.499,1,-37.5417,1.8477,-1.2154
70.511,1,-37.5319,1.8466,-1.2148
70.522,1,-37.5224,1.8455,-1.2143
70.533,1,-37.5127,1.8443,-1.2138
70.544,1,-37.5030,1.8430,-1.2132
70.555,1,-37.4931,1.8415,-1.2126
70.566,1,-37.4831,1.8399,-1.2119
70.577,1,-37.4733,1.8380,-1.2111
70.588,1,-37.4633,1.8361,-1.2103
70.599,1,-37.4534,1.8340,-1.2095
70.611,1,-37.4435,1.8316,-1.2087
70.622,1,-37.4335,1.8291,-1.2079
70.633,1,-37.4236,1.8265,-1.2071
70.643,1,-37.4136,1.8242,-1.2062
70.655,1,-37.4036,1.8222,-1.2052
70.666,1,-37.3936,1.8201,-1.2039
70.677,1,-37.3837,1.8181,-1.2028
70.688,1,-37.3734,1.8164,-1.2015
70.699,1,-37.3631,1.8149,-1.2004
70.710,1,-37.3528,1.8132,-1.1992
70.721,1,-37.3422,1.8118,-1.1979
70.732,1,-37.3319,1.8109,-1.1965
70.743,1,-37.3215,1.8101,-1.1950
70.755,1,-37.3110,1.8097,-1.1936
70.765,1,-37.3005,1.8095,-1.1922
70.777,1,-37.2899,1.8102,-1.1908
70.788,1,-37.2796,1.8110,-1.1895
70.798,1,-37.2690,1.8124,-1.1882
70.809,1,-37.2585,1.8140,-1.1868
70.821,1,-37.2481,1.8161,-1.1855
70.832,1,-37.2377,1.8181,-1.1842
70.842,1,-37.2276,1.8201,-1.1830
70.854,1,-37.2173,1.8221,-1.1819
70.865,1,-37.2071,1.8241,-1.1810
70.876,1,-37.1973,1.8261,-1.1802
70.888,1,-37.1874,1.8281,-1.1796
70.898,1,-37.1776,1.8300,-1.1790
70.910,1,-37.1677,1.8320,-1.1787
70.921,1,-37.1575,1.8341,-1.1785
70.933,1,-37.1473,1.8362,-1.1784
70.943,1,-37.1372,1.8380,-1.1784
70.954,1,-37.1273,1.8396,-1.1785
70.966,1,-37.1175,1.8410,-1.1786
70.976,1,-37.1079,1.8423,-1.1788
70.988,1,-37.0980,1.8434,-1.1792
70.999,1,-37.0882,1.8444,-1.1796
71.010,1,-37.0783,1.8453,-1.1800
71.021,1,-37.0684,1.8459,-1.1805
71.032,1,-37.0587,1.8463,-1.1811
71.043,1,-37.0490,1.8466,-1.1817
71.054,1,-37.0391,1.8465,-1.1824
71.066,1,-37.0293,1.8463,-1.1831
71.077,1,-37.0196,1.8460,-1.1838
71.088,1,-37.0099,1.8455,-1.1845
71.099,1,-37.0002,1.8449,-1.1852
71.110,1,-36.9904,1.8443,-1.1860
71.122,1,-36.9805,1.8434,-1.1867
71.133,1,-36.9706,1.8426,-1.1875
71.144,1,-36.9607,1.8416,-1.1883
71.155,1,-36.9508,1.8406,-1.1892
71.166,1,-36.9408,1.8394,-1.1901
71.177,1,-36.9307,1.8384,-1.1910
71.189,1,-36.9205,1.8372,-1.1918
71.200,1,-36.9104,1.8357,-1.1928
71.210,1,-36.9004,1.8339,-1.1937
71.222,1,-36.8904,1.8320,-1.1947
71.232,1,-36.8807,1.8297,-1.1960
71.243,1,-36.8710,1.8273,-1.1972
71.254,1,-36.8612,1.8251,-1.1986
71.265,1,-36.8516,1.8231,-1.1999
71.276,1,-36.8418,1.8213,-1.2015
71.287,1,-36.8322,1.8195,-1.2030
71.299,1,-36.8225,1.8178,-1.2046
71.310,1,-36.8125,1.8163,-1.2064
71.321,1,-36.8026,1.8150,-1.2083
71.332,1,-36.7927,1.8143,-1.2103
71.343,1,-36.7825,1.8142,-1.2124
71.354,1,-36.7721,1.8151,-1.2146
71.365,1,-36.7617,1.8160,-1.2168
71.376,1,-36.7515,1.8169,-1.2191
71.388,1,-36.7413,1.8182,-1.2212
71.398,1,-36.7312,1.8200,-1.2234
71.410,1,-36.7209,1.8220,-1.2258
71.421,1,-36.7106,1.8239,-1.2281
71.432,1,-36.7007,1.8255,-1.2301
71.443,1,-36.6909,1.8267,-1.2322
71.454,1,-36.6815,1.8275,-1.2342
71.466,1,-36.6726,1.8280,-1.2358
71.476,1,-36.6638,1.8284,-1.2375
71.488,1,-36.6548,1.8288,-1.2388
71.499,1,-36.6461,1.8292,-1.2401
71.510,1,-36.6371,1.8300,-1.2415
71.521,1,-36.6280,1.8312,-1.2426
71.532,1,-36.6189,1.8325,-1.2439
71.543,1,-36.6095,1.8338,-1.2449
71.554,1,-36.6001,1.8349,-1.2457
71.565,1,-36.5909,1.8359,-1.2463
71.576,1,-36.5816,1.8367,-1.2469
71.587,1,-36.5724,1.8377,-1.2473
71.598,1,-36.5631,1.8387,-1.2477
71.610,1,-36.5541,1.8397,-1.2479
71.621,1,-36.5451,1.8405,-1.2481
71.632,1,-36.5360,1.8416,-1.2480
71.643,1,-36.5269,1.8424,-1.2480
71.654,1,-36.5179,1.8429,-1.2480
71.665,1,-36.5087,1.8434,-1.2483
71.676,1,-36.4997,1.8436,-1.2483
71.688,1,-36.4906,1.8438,-1.2485
71.698,1,-36.4817,1.8437,-1.2485
71.709,1,-36.4725,1.8436,-1.2486
71.720,1,-36.4635,1.8434,-1.2487
71.731,1,-36.4542,1.8428,-1.2488
71.743,1,-36.4451,1.8422,-1.2489
71.754,1,-36.4357,1.8414,-1.2490
71.765,1,-36.4264,1.8406,-1.2490
71.776,1,-36.4169,1.8395,-1.2491
71.787,1,-36.4077,1.8384,-1.2490
71.798,1,-36.3981,1.8369,-1.2491
71.810,1,-36.3887,1.8352,-1.2490
71.821,1,-36.3790,1.8333,-1.2489
71.832,1,-36.3695,1.8314,-1.2488
71.843,1,-36.3598,1.8291,-1.2487
71.855,1,-36.3503,1.8265,-1.2486
71.865,1,-36.3410,1.8238,-1.2485
71.876,1,-36.3316,1.8212,-1.2484
71.888,1,-36.3220,1.8190,-1.2483
71.899,1,-36.3125,1.8169,-1.2480
71.909,1,-36.3029,1.8148,-1.2477
71.921,1,-36.2933,1.8129,-1.2474
71.934,1,-36.2835,1.8110,-1.2472
71.945,1,-36.2739,1.8093,-1.2468
71.955,1,-36.2643,1.8078,-1.2464
71.964,1,-36.2545,1.8069,-1.2460
71.975,1,-36.2449,1.8061,-1.2456
71.986,1,-36.2353,1.8054,-1.2453
71.998,1,-36.2257,1.8052,-1.2449
72.009,1,-36.2162,1.8055,-1.2446
72.020,1,-36.2068,1.8061,-1.2442
72.031,1,-36.1975,1.8076,-1.2438
72.042,1,-36.1881,1.8092,-1.2436
72.053,1,-36.1787,1.8112,-1.2433
72.064,1,-36.1697,1.8128,-1.2431
72.075,1,-36.1607,1.8143,-1.2431
72.086,1,-36.1519,1.8156,-1.2432
72.098,1,-36.1430,1.8169,-1.2434
72.109,1,-36.1343,1.8182,-1.2437
72.120,1,-36.1256,1.8197,-1.2441
72.131,1,-36.1172,1.8216,-1.2446
72.143,1,-36.1087,1.8238,-1.2453
72.154,1,-36.1001,1.8260,-1.2460
72.165,1,-36.0921,1.8283,-1.2469
72.176,1,-36.0836,1.8302,-1.2478
72.187,1,-36.0752,1.8319,-1.2488
72.198,1,-36.0668,1.8336,-1.2498
72.209,1,-36.0584,1.8355,-1.2508
72.221,1,-36.0501,1.8372,-1.2519
72.231,1,-36.0417,1.8388,-1.2531
72.243,1,-36.0337,1.8402,-1.2543
72.254,1,-36.0256,1.8411,-1.2556
72.265,1,-36.0175,1.8420,-1.2568
72.276,1,-36.0095,1.8425,-1.2580
72.287,1,-36.0016,1.8429,-1.2593
72.298,1,-35.9938,1.8429,-1.2605
72.309,1,-35.9860,1.8428,-1.2617
72.320,1,-35.9782,1.8426,-1.2631
72.331,1,-35.9705,1.8423,-1.2644
72.342,1,-35.9626,1.8418,-1.2659
72.353,1,-35.9548,1.8414,-1.2672
72.365,1,-35.9468,1.8408,-1.2686
72.375,1,-35.9388,1.8402,-1.2700
72.387,1,-35.9309,1.8394,-1.2715
72.397,1,-35.9229,1.8384,-1.2729
72.409,1,-35.9149,1.8374,-1.2744
72.420,1,-35.9070,1.8361,-1.2761
72.431,1,-35.8992,1.8344,-1.2778
72.442,1,-35.8916,1.8322,-1.2793
72.453,1,-35.8839,1.8299,-1.2811
72.465,1,-35.8766,1.8277,-1.2831
72.476,1,-35.8691,1.8258,-1.2849
72.487,1,-35.8617,1.8241,-1.2868
72.498,1,-35.8545,1.8225,-1.2892
72.509,1,-35.8473,1.8210,-1.2914
72.521,1,-35.8401,1.8194,-1.2937
72.532,1,-35.8328,1.8179,-1.2961
72.543,1,-35.8256,1.8167,-1.2986
72.554,1,-35.8184,1.8156,-1.3013
72.566,1,-35.8113,1.8146,-1.3039
72.576,1,-35.8039,1.8144,-1.3070
72.588,1,-35.7965,1.8150,-1.3097
72.599,1,-35.7895,1.8153,-1.3122
72.610,1,-35.7824,1.8153,-1.3150
72.621,1,-35.7755,1.8153,-1.3177
72.632,1,-35.7687,1.8155,-1.3203
72.643,1,-35.7617,1.8161,-1.3231
72.654,1,-35.7547,1.8171,-1.3259
72.665,1,-35.7478,1.8186,-1.3285
72.676,1,-35.7411,1.8201,-1.3312
72.688,1,-35.7344,1.8213,-1.3338
72.699,1,-35.7278,1.8222,-1.3365
72.710,1,-35.7212,1.8230,-1.3390
72.721,1,-35.7149,1.8237,-1.3410
72.732,1,-35.7085,1.8245,-1.3432
72.743,1,-35.7021,1.8253,-1.3453
72.755,1,-35.6960,1.8262,-1.3474
72.766,1,-35.6897,1.8273,-1.3493
72.777,1,-35.6836,1.8283,-1.3515
72.788,1,-35.6773,1.8295,-1.3533
72.799,1,-35.6710,1.8306,-1.3550
72.810,1,-35.6646,1.8317,-1.3566
72.821,1,-35.6583,1.8328,-1.3582
72.832,1,-35.6518,1.8340,-1.3597
72.843,1,-35.6456,1.8352,-1.3611
72.854,1,-35.6393,1.8365,-1.3626
72.866,1,-35.6331,1.8376,-1.3639
72.877,1,-35.6270,1.8385,-1.3652
72.888,1,-35.6208,1.8394,-1.3664
72.899,1,-35.6147,1.8401,-1.3678
72.910,1,-35.6085,1.8409,-1.3689
72.921,1,-35.6025,1.8414,-1.3702
72.932,1,-35.5966,1.8418,-1.3714
72.943,1,-35.5906,1.8420,-1.3725
72.955,1,-35.5846,1.8422,-1.3738
72.967,1,-35.5785,1.8424,-1.3749
72.978,1,-35.5724,1.8424,-1.3760
72.990,1,-35.5662,1.8425,-1.3770
73.001,1,-35.5600,1.8425,-1.3780
73.013,1,-35.5539,1.8424,-1.3789
73.025,1,-35.5478,1.8420,-1.3799
73.037,1,-35.5417,1.8415,-1.3808
73.048,1,-35.5356,1.8407,-1.3817
73.060,1,-35.5295,1.8399,-1.3825
73.071,1,-35.5234,1.8389,-1.3831
73.083,1,-35.5174,1.8379,-1.3838
73.094,1,-35.5114,1.8369,-1.3844
73.106,1,-35.5054,1.8362,-1.3849
73.117,1,-35.4995,1.8356,-1.3853
73.129,1,-35.4937,1.8350,-1.3856
73.140,1,-35.4878,1.8345,-1.3860
73.152,1,-35.4821,1.8338,-1.3862
73.164,1,-35.4764,1.8330,-1.3863
73.175,1,-35.4708,1.8323,-1.3863
73.186,1,-35.4654,1.8315,-1.3862
73.198,1,-35.4600,1.8307,-1.3860
73.209,1,-35.4547,1.8301,-1.3859
73.220,1,-35.4496,1.8295,-1.3857
73.231,1,-35.4445,1.8294,-1.3855
73.242,1,-35.4393,1.8297,-1.3852
73.254,1,-35.4339,1.8307,-1.3850
73.265,1,-35.4286,1.8312,-1.3845
73.276,1,-35.4236,1.8313,-1.3842
73.287,1,-35.4186,1.8310,-1.3839
73.298,1,-35.4139,1.8308,-1.3836
73.309,1,-35.4092,1.8310,-1.3833
73.321,1,-35.4046,1.8312,-1.3830
73.332,1,-35.3997,1.8316,-1.3825
73.344,1,-35.3950,1.8320,-1.3820
73.355,1,-35.3905,1.8321,-1.3818
73.367,1,-35.3861,1.8323,-1.3816
73.379,1,-35.3816,1.8326,-1.3813
73.390,1,-35.3772,1.8330,-1.3811
73.402,1,-35.3729,1.8334,-1.3810
73.413,1,-35.3685,1.8339,-1.3809
73.425,1,-35.3641,1.8346,-1.3808
73.437,1,-35.3599,1.8352,-1.3809
73.448,1,-35.3556,1.8358,-1.3809
73.460,1,-35.3516,1.8364,-1.3811
73.472,1,-35.3477,1.8371,-1.3813
73.483,1,-35.3439,1.8377,-1.3814
73.495,1,-35.3400,1.8383,-1.3816
73.506,1,-35.3362,1.8388,-1.3818
73.518,1,-35.3326,1.8392,-1.3821
73.529,1,-35.3289,1.8396,-1.3823
73.541,1,-35.3257,1.8399,-1.3828
73.552,1,-35.3223,1.8403,-1.3832
73.564,1,-35.3191,1.8406,-1.3837
73.575,1,-35.3159,1.8408,-1.3844
73.586,1,-35.3127,1.8409,-1.3850
73.597,1,-35.3097,1.8410,-1.3856
73.609,1,-35.3066,1.8411,-1.3862
73.620,1,-35.3036,1.8411,-1.3869
73.632,1,-35.3007,1.8409,-1.3878
73.643,1,-35.2980,1.8406,-1.3887
73.654,1,-35.2955,1.8402,-1.3897
73.665,1,-35.2929,1.8397,-1.3906
73.677,1,-35.2905,1.8392,-1.3915
73.688,1,-35.2879,1.8388,-1.3923
73.700,1,-35.2857,1.8384,-1.3936
73.712,1,-35.2836,1.8379,-1.3945
73.724,1,-35.2816,1.8374,-1.3957
73.735,1,-35.2799,1.8368,-1.3968
73.747,1,-35.2783,1.8363,-1.3978
73.758,1,-35.2767,1.8360,-1.3988
73.770,1,-35.2753,1.8364,-1.3998
73.781,1,-35.2738,1.8373,-1.4011
73.793,1,-35.2724,1.8385,-1.4026
73.805,1,-35.2710,1.8398,-1.4040
73.816,1,-35.2698,1.8409,-1.4058
73.828,1,-35.2683,1.8421,-1.4071
73.840,1,-35.2672,1.8431,-1.4091
73.851,1,-35.2658,1.8442,-1.4103
73.863,1,-35.2644,1.8452,-1.4116
73.874,1,-35.2632,1.8459,-1.4129
73.885,1,-35.2619,1.8466,-1.4141
73.897,1,-35.2607,1.8470,-1.4154
73.909,1,-35.2595,1.8472,-1.4165
73.920,1,-35.2584,1.8474,-1.4182
73.931,1,-35.2571,1.8474,-1.4190
73.943,1,-35.2558,1.8473,-1.4202
73.954,1,-35.2545,1.8472,-1.4211
73.967,1,-35.2532,1.8472,-1.4223
73.976,1,-35.2518,1.8470,-1.4232
73.988,1,-35.2504,1.8469,-1.4240
73.999,1,-35.2491,1.8469,-1.4248
74.010,1,-35.2476,1.8468,-1.4256
74.021,1,-35.2463,1.8465,-1.4264
74.033,1,-35.2450,1.8464,-1.4271
74.045,1,-35.2438,1.8462,-1.4280
74.056,1,-35.2426,1.8460,-1.4286
74.068,1,-35.2416,1.8458,-1.4297
74.080,1,-35.2405,1.8457,-1.4303
74.091,1,-35.2395,1.8455,-1.4308
74.103,1,-35.2387,1.8454,-1.4319
74.115,1,-35.2378,1.8454,-1.4324
74.126,1,-35.2370,1.8453,-1.4332
74.137,1,-35.2363,1.8453,-1.4340
74.149,1,-35.2355,1.8453,-1.4344
74.161,1,-35.2348,1.8453,-1.4348
74.172,1,-35.2341,1.8454,-1.4351
74.184,1,-35.2334,1.8455,-1.4354
74.195,1,-35.2327,1.8455,-1.4357
74.207,1,-35.2321,1.8455,-1.4359
74.219,1,-35.2316,1.8457,-1.4358
74.230,1,-35.2310,1.8458,-1.4359
74.242,1,-35.2306,1.8459,-1.4363
74.253,1,-35.2300,1.8460,-1.4364
74.264,1,-35.2294,1.8460,-1.4365
74.275,1,-35.2288,1.8461,-1.4365
74.287,1,-35.2283,1.8461,-1.4365
74.299,1,-35.2277,1.8462,-1.4362
74.309,1,-35.2272,1.8461,-1.4362
74.321,1,-35.2267,1.8462,-1.4363
74.332,1,-35.2260,1.8461,-1.4363
74.344,1,-35.2255,1.8461,-1.4364
74.356,1,-35.2250,1.8462,-1.4363
74.367,1,-35.2244,1.8463,-1.4361
74.378,1,-35.2238,1.8464,-1.4359
74.390,1,-35.2232,1.8464,-1.4356
74.402,1,-35.2226,1.8465,-1.4349
74.414,1,-35.2220,1.8466,-1.4344
74.425,1,-35.2214,1.8467,-1.4340
74.437,1,-35.2208,1.8468,-1.4333
74.448,1,-35.2203,1.8469,-1.4326
74.460,1,-35.2199,1.8470,-1.4317

# --- Trial 2 start ---
83.406,2,-39.6583,1.8912,-1.1621
83.422,2,-39.6579,1.8910,-1.1619
83.431,2,-39.6575,1.8907,-1.1618
83.440,2,-39.6571,1.8905,-1.1615
83.448,2,-39.6567,1.8903,-1.1611
83.459,2,-39.6562,1.8900,-1.1605
83.470,2,-39.6557,1.8901,-1.1598
83.481,2,-39.6549,1.8906,-1.1590
83.506,2,-39.6538,1.8922,-1.1577
83.516,2,-39.6523,1.8931,-1.1560
83.524,2,-39.6516,1.8934,-1.1550
83.534,2,-39.6508,1.8934,-1.1538
83.545,2,-39.6501,1.8934,-1.1526
83.556,2,-39.6494,1.8934,-1.1514
83.567,2,-39.6484,1.8935,-1.1502
83.581,2,-39.6477,1.8935,-1.1488
83.598,2,-39.6470,1.8936,-1.1476
83.607,2,-39.6464,1.8930,-1.1463
83.615,2,-39.6458,1.8925,-1.1451
83.623,2,-39.6452,1.8920,-1.1438
83.634,2,-39.6445,1.8915,-1.1426
83.645,2,-39.6438,1.8910,-1.1414
83.656,2,-39.6430,1.8908,-1.1401
83.667,2,-39.6420,1.8908,-1.1390
83.678,2,-39.6410,1.8907,-1.1378
83.689,2,-39.6401,1.8904,-1.1369
83.701,2,-39.6393,1.8899,-1.1358
83.712,2,-39.6384,1.8893,-1.1349
83.723,2,-39.6376,1.8887,-1.1340
83.734,2,-39.6367,1.8886,-1.1332
83.745,2,-39.6357,1.8887,-1.1326
83.756,2,-39.6348,1.8890,-1.1320
83.767,2,-39.6339,1.8890,-1.1316
83.778,2,-39.6331,1.8890,-1.1312
83.789,2,-39.6322,1.8890,-1.1309
83.800,2,-39.6312,1.8889,-1.1307
83.812,2,-39.6303,1.8888,-1.1306
83.823,2,-39.6293,1.8888,-1.1305
83.834,2,-39.6283,1.8887,-1.1305
83.845,2,-39.6275,1.8886,-1.1305
83.857,2,-39.6265,1.8883,-1.1305
83.867,2,-39.6257,1.8880,-1.1306
83.878,2,-39.6249,1.8876,-1.1307
83.890,2,-39.6240,1.8873,-1.1309
83.901,2,-39.6231,1.8869,-1.1312
83.912,2,-39.6223,1.8865,-1.1315
83.923,2,-39.6214,1.8860,-1.1317
83.934,2,-39.6205,1.8854,-1.1321
83.946,2,-39.6199,1.8848,-1.1325
83.957,2,-39.6191,1.8842,-1.1329
83.968,2,-39.6183,1.8836,-1.1333
83.979,2,-39.6175,1.8829,-1.1337
83.990,2,-39.6167,1.8823,-1.1343
84.002,2,-39.6159,1.8817,-1.1348
84.013,2,-39.6151,1.8811,-1.1354
84.024,2,-39.6142,1.8805,-1.1360
84.035,2,-39.6134,1.8799,-1.1366
84.046,2,-39.6125,1.8793,-1.1372
84.057,2,-39.6117,1.8787,-1.1378
84.070,2,-39.6107,1.8784,-1.1386
84.081,2,-39.6097,1.8779,-1.1393
84.091,2,-39.6088,1.8775,-1.1400
84.103,2,-39.6079,1.8771,-1.1407
84.114,2,-39.6070,1.8766,-1.1415
84.125,2,-39.6062,1.8765,-1.1424
84.136,2,-39.6049,1.8776,-1.1434
84.147,2,-39.6028,1.8812,-1.1442
84.159,2,-39.6009,1.8845,-1.1450
84.170,2,-39.5991,1.8862,-1.1458
84.182,2,-39.5976,1.8868,-1.1471
84.193,2,-39.5961,1.8872,-1.1482
84.204,2,-39.5945,1.8872,-1.1493
84.215,2,-39.5927,1.8875,-1.1506
84.226,2,-39.5908,1.8877,-1.1520
84.237,2,-39.5891,1.8879,-1.1533
84.249,2,-39.5872,1.8882,-1.1548
84.260,2,-39.5851,1.8884,-1.1562
84.271,2,-39.5830,1.8884,-1.1577
84.282,2,-39.5810,1.8880,-1.1592
84.293,2,-39.5788,1.8872,-1.1608
84.304,2,-39.5767,1.8863,-1.1626
84.316,2,-39.5745,1.8853,-1.1643
84.327,2,-39.5721,1.8846,-1.1660
84.338,2,-39.5697,1.8837,-1.1677
84.349,2,-39.5673,1.8831,-1.1695
84.360,2,-39.5649,1.8825,-1.1715
84.371,2,-39.5625,1.8820,-1.1734
84.382,2,-39.5602,1.8816,-1.1754
84.393,2,-39.5577,1.8812,-1.1776
84.404,2,-39.5552,1.8809,-1.1798
84.415,2,-39.5526,1.8804,-1.1819
84.426,2,-39.5501,1.8799,-1.1838
84.438,2,-39.5474,1.8794,-1.1860
84.449,2,-39.5448,1.8790,-1.1882
84.460,2,-39.5422,1.8786,-1.1905
84.471,2,-39.5395,1.8782,-1.1929
84.482,2,-39.5368,1.8778,-1.1952
84.493,2,-39.5342,1.8772,-1.1976
84.504,2,-39.5314,1.8767,-1.2000
84.515,2,-39.5287,1.8761,-1.2023
84.527,2,-39.5259,1.8755,-1.2046
84.538,2,-39.5231,1.8748,-1.2069
84.549,2,-39.5202,1.8741,-1.2095
84.560,2,-39.5174,1.8735,-1.2120
84.571,2,-39.5143,1.8729,-1.2145
84.582,2,-39.5111,1.8723,-1.2168
84.593,2,-39.5078,1.8716,-1.2192
84.604,2,-39.5044,1.8709,-1.2216
84.615,2,-39.5010,1.8701,-1.2239
84.627,2,-39.4974,1.8692,-1.2263
84.637,2,-39.4938,1.8683,-1.2285
84.648,2,-39.4901,1.8676,-1.2309
84.660,2,-39.4863,1.8668,-1.2329
84.671,2,-39.4823,1.8661,-1.2349
84.682,2,-39.4783,1.8654,-1.2369
84.693,2,-39.4741,1.8649,-1.2387
84.704,2,-39.4695,1.8644,-1.2406
84.715,2,-39.4648,1.8640,-1.2423
84.726,2,-39.4600,1.8640,-1.2440
84.737,2,-39.4551,1.8640,-1.2456
84.748,2,-39.4500,1.8642,-1.2471
84.759,2,-39.4447,1.8643,-1.2487
84.770,2,-39.4393,1.8645,-1.2501
84.781,2,-39.4338,1.8649,-1.2515
84.793,2,-39.4281,1.8652,-1.2529
84.803,2,-39.4221,1.8656,-1.2542
84.814,2,-39.4163,1.8659,-1.2555
84.825,2,-39.4102,1.8661,-1.2567
84.836,2,-39.4038,1.8664,-1.2579
84.847,2,-39.3976,1.8664,-1.2590
84.858,2,-39.3910,1.8663,-1.2601
84.869,2,-39.3845,1.8661,-1.2612
84.881,2,-39.3778,1.8656,-1.2622
84.891,2,-39.3711,1.8650,-1.2632
84.903,2,-39.3642,1.8642,-1.2640
84.914,2,-39.3574,1.8634,-1.2649
84.925,2,-39.3503,1.8624,-1.2656
84.937,2,-39.3433,1.8612,-1.2662
84.948,2,-39.3362,1.8599,-1.2668
84.959,2,-39.3291,1.8583,-1.2672
84.971,2,-39.3220,1.8566,-1.2675
84.982,2,-39.3151,1.8548,-1.2676
84.993,2,-39.3079,1.8531,-1.2676
85.004,2,-39.3007,1.8515,-1.2677
85.014,2,-39.2935,1.8502,-1.2676
85.025,2,-39.2861,1.8491,-1.2674
85.037,2,-39.2786,1.8480,-1.2670
85.048,2,-39.2710,1.8470,-1.2667
85.057,2,-39.2632,1.8462,-1.2662
85.069,2,-39.2553,1.8460,-1.2656
85.079,2,-39.2474,1.8460,-1.2650
85.091,2,-39.2392,1.8465,-1.2642
85.102,2,-39.2311,1.8469,-1.2635
85.113,2,-39.2231,1.8474,-1.2628
85.124,2,-39.2153,1.8482,-1.2620
85.136,2,-39.2076,1.8494,-1.2612
85.147,2,-39.2001,1.8506,-1.2603
85.158,2,-39.1924,1.8520,-1.2597
85.169,2,-39.1849,1.8533,-1.2590
85.180,2,-39.1774,1.8542,-1.2586
85.191,2,-39.1700,1.8549,-1.2584
85.202,2,-39.1627,1.8553,-1.2582
85.213,2,-39.1555,1.8559,-1.2582
85.224,2,-39.1482,1.8567,-1.2583
85.235,2,-39.1408,1.8580,-1.2585
85.247,2,-39.1334,1.8594,-1.2589
85.257,2,-39.1262,1.8607,-1.2594
85.268,2,-39.1190,1.8620,-1.2601
85.280,2,-39.1118,1.8631,-1.2608
85.291,2,-39.1041,1.8644,-1.2616
85.303,2,-39.0963,1.8656,-1.2625
85.314,2,-39.0885,1.8666,-1.2635
85.326,2,-39.0807,1.8676,-1.2645
85.338,2,-39.0728,1.8684,-1.2657
85.350,2,-39.0648,1.8692,-1.2671
85.361,2,-39.0568,1.8696,-1.2684
85.372,2,-39.0488,1.8699,-1.2696
85.384,2,-39.0407,1.8700,-1.2707
85.396,2,-39.0325,1.8701,-1.2719
85.407,2,-39.0242,1.8701,-1.2733
85.419,2,-39.0157,1.8699,-1.2745
85.431,2,-39.0071,1.8695,-1.2758
85.443,2,-38.9983,1.8688,-1.2770
85.454,2,-38.9895,1.8681,-1.2782
85.466,2,-38.9805,1.8671,-1.2794
85.478,2,-38.9713,1.8661,-1.2807
85.489,2,-38.9620,1.8650,-1.2821
85.502,2,-38.9526,1.8637,-1.2834
85.513,2,-38.9429,1.8624,-1.2849
85.525,2,-38.9334,1.8606,-1.2863
85.536,2,-38.9239,1.8590,-1.2878
85.547,2,-38.9144,1.8567,-1.2893
85.558,2,-38.9049,1.8545,-1.2910
85.569,2,-38.8953,1.8521,-1.2930
85.580,2,-38.8858,1.8498,-1.2949
85.591,2,-38.8763,1.8478,-1.2970
85.603,2,-38.8669,1.8458,-1.2990
85.614,2,-38.8572,1.8440,-1.3012
85.625,2,-38.8475,1.8422,-1.3035
85.636,2,-38.8376,1.8407,-1.3060
85.648,2,-38.8275,1.8398,-1.3086
85.658,2,-38.8172,1.8389,-1.3113
85.670,2,-38.8066,1.8390,-1.3142
85.681,2,-38.7958,1.8397,-1.3171
85.692,2,-38.7850,1.8405,-1.3200
85.703,2,-38.7744,1.8411,-1.3229
85.714,2,-38.7636,1.8420,-1.3260
85.726,2,-38.7528,1.8433,-1.3290
85.737,2,-38.7421,1.8446,-1.3320
85.748,2,-38.7314,1.8463,-1.3349
85.759,2,-38.7208,1.8477,-1.3379
85.770,2,-38.7107,1.8490,-1.3406
85.781,2,-38.7005,1.8501,-1.3436
85.792,2,-38.6906,1.8509,-1.3463
85.804,2,-38.6808,1.8518,-1.3489
85.814,2,-38.6711,1.8525,-1.3513
85.826,2,-38.6615,1.8531,-1.3536
85.837,2,-38.6518,1.8538,-1.3558
85.848,2,-38.6421,1.8548,-1.3578
85.859,2,-38.6323,1.8563,-1.3598
85.870,2,-38.6223,1.8581,-1.3616
85.881,2,-38.6122,1.8597,-1.3632
85.892,2,-38.6021,1.8610,-1.3649
85.903,2,-38.5920,1.8622,-1.3663
85.915,2,-38.5821,1.8631,-1.3674
85.925,2,-38.5721,1.8641,-1.3685
85.936,2,-38.5621,1.8651,-1.3694
85.948,2,-38.5521,1.8662,-1.3702
85.960,2,-38.5423,1.8669,-1.3710
85.970,2,-38.5323,1.8675,-1.3718
85.981,2,-38.5223,1.8678,-1.3723
85.993,2,-38.5124,1.8679,-1.3728
86.003,2,-38.5023,1.8677,-1.3731
86.015,2,-38.4924,1.8673,-1.3733
86.026,2,-38.4828,1.8666,-1.3733
86.037,2,-38.4729,1.8662,-1.3736
86.047,2,-38.4628,1.8656,-1.3738
86.059,2,-38.4526,1.8647,-1.3739
86.070,2,-38.4425,1.8638,-1.3740
86.081,2,-38.4320,1.8626,-1.3739
86.092,2,-38.4217,1.8613,-1.3736
86.103,2,-38.4113,1.8600,-1.3734
86.113,2,-38.4008,1.8585,-1.3731
86.124,2,-38.3902,1.8568,-1.3727
86.135,2,-38.3795,1.8551,-1.3724
86.147,2,-38.3690,1.8530,-1.3719
86.158,2,-38.3583,1.8507,-1.3712
86.169,2,-38.3475,1.8484,-1.3705
86.180,2,-38.3369,1.8457,-1.3697
86.191,2,-38.3263,1.8431,-1.3690
86.202,2,-38.3157,1.8406,-1.3681
86.213,2,-38.3048,1.8381,-1.3670
86.225,2,-38.2941,1.8359,-1.3658
86.235,2,-38.2834,1.8339,-1.3644
86.247,2,-38.2728,1.8321,-1.3631
86.258,2,-38.2620,1.8305,-1.3616
86.269,2,-38.2512,1.8293,-1.3601
86.280,2,-38.2405,1.8285,-1.3585
86.291,2,-38.2296,1.8279,-1.3570
86.302,2,-38.2190,1.8281,-1.3554
86.313,2,-38.2081,1.8283,-1.3538
86.324,2,-38.1977,1.8290,-1.3522
86.335,2,-38.1871,1.8297,-1.3507
86.347,2,-38.1767,1.8314,-1.3494
86.357,2,-38.1662,1.8335,-1.3481
86.369,2,-38.1557,1.8357,-1.3469
86.380,2,-38.1452,1.8381,-1.3455
86.391,2,-38.1349,1.8402,-1.3445
86.402,2,-38.1251,1.8418,-1.3435
86.414,2,-38.1150,1.8429,-1.3429
86.425,2,-38.1051,1.8439,-1.3422
86.436,2,-38.0953,1.8448,-1.3418
86.447,2,-38.0853,1.8462,-1.3415
86.458,2,-38.0754,1.8477,-1.3410
86.470,2,-38.0656,1.8494,-1.3409
86.481,2,-38.0559,1.8511,-1.3408
86.492,2,-38.0459,1.8527,-1.3409
86.504,2,-38.0360,1.8541,-1.3411
86.514,2,-38.0260,1.8554,-1.3412
86.526,2,-38.0160,1.8567,-1.3415
86.537,2,-38.0060,1.8579,-1.3418
86.548,2,-37.9963,1.8589,-1.3421
86.559,2,-37.9866,1.8599,-1.3424
86.570,2,-37.9767,1.8606,-1.3428
86.581,2,-37.9668,1.8610,-1.3433
86.592,2,-37.9568,1.8612,-1.3437
86.603,2,-37.9470,1.8613,-1.3439
86.615,2,-37.9371,1.8610,-1.3442
86.626,2,-37.9274,1.8605,-1.3444
86.637,2,-37.9176,1.8599,-1.3447
86.648,2,-37.9077,1.8592,-1.3449
86.659,2,-37.8978,1.8583,-1.3451
86.670,2,-37.8877,1.8573,-1.3452
86.681,2,-37.8776,1.8562,-1.3453
86.692,2,-37.8675,1.8548,-1.3453
86.703,2,-37.8574,1.8533,-1.3454
86.714,2,-37.8475,1.8516,-1.3455
86.725,2,-37.8373,1.8497,-1.3456
86.736,2,-37.8271,1.8475,-1.3457
86.747,2,-37.8167,1.8452,-1.3458
86.758,2,-37.8063,1.8425,-1.3459
86.769,2,-37.7960,1.8397,-1.3462
86.780,2,-37.7856,1.8369,-1.3466
86.791,2,-37.7752,1.8342,-1.3469
86.803,2,-37.7648,1.8319,-1.3473
86.814,2,-37.7543,1.8298,-1.3477
86.824,2,-37.7439,1.8278,-1.3482
86.836,2,-37.7334,1.8259,-1.3488
86.847,2,-37.7227,1.8244,-1.3496
86.858,2,-37.7119,1.8230,-1.3503
86.869,2,-37.7011,1.8219,-1.3511
86.880,2,-37.6902,1.8213,-1.3520
86.892,2,-37.6792,1.8216,-1.3530
86.903,2,-37.6681,1.8226,-1.3541
86.914,2,-37.6570,1.8239,-1.3552
86.925,2,-37.6461,1.8249,-1.3564
86.936,2,-37.6354,1.8261,-1.3574
86.947,2,-37.6247,1.8274,-1.3584
86.958,2,-37.6142,1.8293,-1.3592
86.969,2,-37.6039,1.8310,-1.3601
86.981,2,-37.5937,1.8325,-1.3609
86.992,2,-37.5841,1.8339,-1.3615
87.003,2,-37.5746,1.8347,-1.3621
87.014,2,-37.5653,1.8349,-1.3625
87.025,2,-37.5562,1.8351,-1.3627
87.036,2,-37.5473,1.8355,-1.3628
87.047,2,-37.5382,1.8366,-1.3628
87.058,2,-37.5290,1.8382,-1.3628
87.069,2,-37.5197,1.8402,-1.3627
87.080,2,-37.5105,1.8420,-1.3626
87.091,2,-37.5011,1.8435,-1.3623
87.102,2,-37.4917,1.8448,-1.3619
87.113,2,-37.4823,1.8459,-1.3614
87.125,2,-37.4726,1.8471,-1.3609
87.135,2,-37.4629,1.8484,-1.3602
87.147,2,-37.4533,1.8495,-1.3595
87.158,2,-37.4438,1.8505,-1.3587
87.169,2,-37.4341,1.8511,-1.3578
87.180,2,-37.4247,1.8515,-1.3569
87.191,2,-37.4151,1.8519,-1.3560
87.202,2,-37.4057,1.8521,-1.3547
87.214,2,-37.3961,1.8520,-1.3536
87.225,2,-37.3866,1.8519,-1.3524
87.236,2,-37.3771,1.8516,-1.3512
87.247,2,-37.3675,1.8511,-1.3500
87.258,2,-37.3578,1.8504,-1.3490
87.269,2,-37.3481,1.8495,-1.3478
87.280,2,-37.3381,1.8483,-1.3466
87.291,2,-37.3281,1.8472,-1.3454
87.302,2,-37.3183,1.8460,-1.3442
87.313,2,-37.3083,1.8444,-1.3431
87.324,2,-37.2985,1.8426,-1.3419
87.335,2,-37.2884,1.8407,-1.3406
87.346,2,-37.2785,1.8385,-1.3395
87.357,2,-37.2690,1.8359,-1.3383
87.368,2,-37.2594,1.8330,-1.3370
87.379,2,-37.2501,1.8304,-1.3357
87.391,2,-37.2407,1.8278,-1.3344
87.402,2,-37.2316,1.8253,-1.3330
87.413,2,-37.2224,1.8232,-1.3316
87.424,2,-37.2132,1.8214,-1.3301
87.436,2,-37.2040,1.8200,-1.3287
87.446,2,-37.1950,1.8188,-1.3271
87.457,2,-37.1860,1.8177,-1.3255
87.469,2,-37.1771,1.8170,-1.3239
87.480,2,-37.1679,1.8167,-1.3223
87.491,2,-37.1591,1.8165,-1.3207
87.502,2,-37.1503,1.8161,-1.3191
87.513,2,-37.1415,1.8162,-1.3175
87.524,2,-37.1327,1.8166,-1.3161
87.535,2,-37.1238,1.8176,-1.3146
87.547,2,-37.1146,1.8190,-1.3132
87.558,2,-37.1053,1.8205,-1.3117
87.569,2,-37.0961,1.8224,-1.3103
87.580,2,-37.0868,1.8239,-1.3091
87.592,2,-37.0772,1.8254,-1.3080
87.602,2,-37.0679,1.8271,-1.3071
87.614,2,-37.0581,1.8292,-1.3063
87.625,2,-37.0488,1.8319,-1.3057
87.636,2,-37.0389,1.8347,-1.3051
87.647,2,-37.0291,1.8376,-1.3047
87.658,2,-37.0193,1.8403,-1.3046
87.669,2,-37.0095,1.8432,-1.3045
87.680,2,-36.9994,1.8461,-1.3046
87.691,2,-36.9892,1.8489,-1.3048
87.702,2,-36.9791,1.8514,-1.3050
87.713,2,-36.9691,1.8535,-1.3051
87.724,2,-36.9592,1.8553,-1.3052
87.735,2,-36.9494,1.8564,-1.3052
87.747,2,-36.9398,1.8572,-1.3052
87.758,2,-36.9301,1.8574,-1.3053
87.769,2,-36.9203,1.8573,-1.3052
87.781,2,-36.9104,1.8570,-1.3052
87.792,2,-36.9005,1.8564,-1.3053
87.803,2,-36.8907,1.8559,-1.3054
87.813,2,-36.8806,1.8553,-1.3055
87.825,2,-36.8704,1.8544,-1.3058
87.836,2,-36.8600,1.8534,-1.3062
87.847,2,-36.8500,1.8524,-1.3065
87.858,2,-36.8397,1.8511,-1.3069
87.869,2,-36.8294,1.8498,-1.3074
87.880,2,-36.8189,1.8481,-1.3080
87.891,2,-36.8082,1.8463,-1.3086
87.903,2,-36.7978,1.8444,-1.3093
87.914,2,-36.7872,1.8421,-1.3101
87.925,2,-36.7766,1.8396,-1.3111
87.936,2,-36.7662,1.8369,-1.3122
87.948,2,-36.7559,1.8344,-1.3132
87.958,2,-36.7456,1.8323,-1.3144
87.969,2,-36.7353,1.8306,-1.3156
87.981,2,-36.7249,1.8290,-1.3170
87.992,2,-36.7147,1.8275,-1.3184
88.003,2,-36.7049,1.8260,-1.3201
88.014,2,-36.6947,1.8245,-1.3219
88.025,2,-36.6848,1.8232,-1.3238
88.036,2,-36.6749,1.8220,-1.3258
88.047,2,-36.6651,1.8215,-1.3279
88.059,2,-36.6552,1.8218,-1.3302
88.070,2,-36.6452,1.8228,-1.3325
88.081,2,-36.6353,1.8242,-1.3348
88.092,2,-36.6256,1.8256,-1.3372
88.104,2,-36.6160,1.8273,-1.3397
88.115,2,-36.6063,1.8295,-1.3421
88.125,2,-36.5964,1.8317,-1.3445
88.136,2,-36.5866,1.8333,-1.3468
88.147,2,-36.5770,1.8342,-1.3490
88.159,2,-36.5679,1.8346,-1.3513
88.170,2,-36.5588,1.8347,-1.3534
88.180,2,-36.5496,1.8348,-1.3554
88.191,2,-36.5404,1.8351,-1.3575
88.202,2,-36.5312,1.8357,-1.3593
88.214,2,-36.5219,1.8368,-1.3607
88.225,2,-36.5127,1.8380,-1.3623
88.236,2,-36.5032,1.8390,-1.3637
88.247,2,-36.4941,1.8398,-1.3650
88.258,2,-36.4849,1.8405,-1.3662
88.269,2,-36.4759,1.8412,-1.3672
88.280,2,-36.4669,1.8420,-1.3682
88.291,2,-36.4579,1.8429,-1.3690
88.302,2,-36.4491,1.8437,-1.3698
88.313,2,-36.4402,1.8446,-1.3705
88.324,2,-36.4315,1.8453,-1.3711
88.335,2,-36.4226,1.8458,-1.3715
88.346,2,-36.4139,1.8462,-1.3719
88.357,2,-36.4053,1.8464,-1.3722
88.369,2,-36.3968,1.8464,-1.3724
88.379,2,-36.3881,1.8463,-1.3727
88.391,2,-36.3795,1.8462,-1.3728
88.402,2,-36.3709,1.8459,-1.3729
88.413,2,-36.3621,1.8457,-1.3730
88.424,2,-36.3532,1.8453,-1.3730
88.435,2,-36.3443,1.8449,-1.3728
88.446,2,-36.3351,1.8444,-1.3728
88.458,2,-36.3259,1.8438,-1.3727
88.469,2,-36.3167,1.8431,-1.3726
88.480,2,-36.3075,1.8423,-1.3725
88.491,2,-36.2982,1.8410,-1.3721
88.503,2,-36.2896,1.8394,-1.3720
88.514,2,-36.2805,1.8377,-1.3716
88.525,2,-36.2714,1.8355,-1.3712
88.537,2,-36.2623,1.8331,-1.3709
88.547,2,-36.2532,1.8310,-1.3705
88.559,2,-36.2443,1.8293,-1.3702
88.570,2,-36.2350,1.8277,-1.3697
88.580,2,-36.2260,1.8261,-1.3692
88.591,2,-36.2169,1.8246,-1.3687
88.602,2,-36.2078,1.8230,-1.3682
88.613,2,-36.1985,1.8217,-1.3677
88.624,2,-36.1894,1.8204,-1.3671
88.635,2,-36.1802,1.8191,-1.3667
88.646,2,-36.1712,1.8183,-1.3663
88.657,2,-36.1621,1.8179,-1.3659
88.669,2,-36.1531,1.8176,-1.3655
88.679,2,-36.1444,1.8172,-1.3651
88.690,2,-36.1357,1.8169,-1.3646
88.701,2,-36.1272,1.8167,-1.3643
88.713,2,-36.1187,1.8169,-1.3637
88.724,2,-36.1104,1.8173,-1.3632
88.735,2,-36.1022,1.8181,-1.3628
88.746,2,-36.0940,1.8192,-1.3623
88.757,2,-36.0861,1.8205,-1.3619
88.768,2,-36.0780,1.8215,-1.3616
88.780,2,-36.0701,1.8225,-1.3613
88.791,2,-36.0624,1.8233,-1.3611
88.802,2,-36.0545,1.8241,-1.3609
88.813,2,-36.0468,1.8252,-1.3609
88.824,2,-36.0392,1.8264,-1.3609
88.835,2,-36.0317,1.8282,-1.3610
88.846,2,-36.0239,1.8300,-1.3612
88.858,2,-36.0164,1.8318,-1.3616
88.869,2,-36.0086,1.8336,-1.3620
88.879,2,-36.0008,1.8354,-1.3624
88.891,2,-35.9930,1.8372,-1.3629
88.902,2,-35.9853,1.8390,-1.3635
88.913,2,-35.9776,1.8406,-1.3643
88.924,2,-35.9700,1.8422,-1.3650
88.935,2,-35.9625,1.8436,-1.3658
88.946,2,-35.9550,1.8447,-1.3666
88.958,2,-35.9475,1.8457,-1.3675
88.969,2,-35.9402,1.8464,-1.3683
88.980,2,-35.9328,1.8468,-1.3691
88.991,2,-35.9256,1.8472,-1.3699
89.003,2,-35.9184,1.8472,-1.3707
89.013,2,-35.9113,1.8472,-1.3715
89.024,2,-35.9043,1.8470,-1.3723
89.035,2,-35.8972,1.8468,-1.3731
89.047,2,-35.8900,1.8465,-1.3738
89.057,2,-35.8826,1.8460,-1.3745
89.068,2,-35.8752,1.8456,-1.3752
89.080,2,-35.8676,1.8451,-1.3759
89.091,2,-35.8602,1.8446,-1.3766
89.101,2,-35.8526,1.8438,-1.3775
89.113,2,-35.8452,1.8427,-1.3784
89.124,2,-35.8377,1.8414,-1.3794
89.135,2,-35.8304,1.8397,-1.3804
89.146,2,-35.8231,1.8380,-1.3814
89.157,2,-35.8159,1.8364,-1.3826
89.168,2,-35.8086,1.8350,-1.3837
89.179,2,-35.8015,1.8339,-1.3849
89.190,2,-35.7943,1.8327,-1.3863
89.202,2,-35.7871,1.8318,-1.3878
89.212,2,-35.7798,1.8309,-1.3894
89.223,2,-35.7724,1.8303,-1.3910
89.235,2,-35.7649,1.8297,-1.3928
89.246,2,-35.7574,1.8290,-1.3945
89.257,2,-35.7500,1.8281,-1.3965
89.268,2,-35.7428,1.8271,-1.3984
89.279,2,-35.7358,1.8264,-1.4002
89.290,2,-35.7286,1.8265,-1.4023
89.301,2,-35.7213,1.8269,-1.4044
89.313,2,-35.7139,1.8274,-1.4064
89.323,2,-35.7067,1.8277,-1.4086
89.335,2,-35.6992,1.8288,-1.4106
89.345,2,-35.6917,1.8301,-1.4127
89.357,2,-35.6842,1.8312,-1.4147
89.368,2,-35.6768,1.8318,-1.4167
89.379,2,-35.6696,1.8323,-1.4187
89.390,2,-35.6627,1.8327,-1.4206
89.401,2,-35.6555,1.8332,-1.4226
89.412,2,-35.6487,1.8335,-1.4243
89.423,2,-35.6420,1.8336,-1.4261
89.435,2,-35.6355,1.8334,-1.4276
89.445,2,-35.6291,1.8331,-1.4291
89.457,2,-35.6226,1.8329,-1.4306
89.468,2,-35.6159,1.8330,-1.4319
89.479,2,-35.6092,1.8336,-1.4331
89.491,2,-35.6022,1.8344,-1.4343
89.502,2,-35.5953,1.8353,-1.4353
89.513,2,-35.5883,1.8361,-1.4361
89.524,2,-35.5814,1.8366,-1.4369
89.535,2,-35.5747,1.8369,-1.4377
89.547,2,-35.5681,1.8373,-1.4382
89.558,2,-35.5615,1.8377,-1.4385
89.568,2,-35.5549,1.8382,-1.4388
89.580,2,-35.5480,1.8389,-1.4388
89.592,2,-35.5411,1.8395,-1.4388
89.603,2,-35.5343,1.8399,-1.4389
89.615,2,-35.5274,1.8402,-1.4388
89.626,2,-35.5207,1.8404,-1.4387
89.639,2,-35.5141,1.8403,-1.4383
89.649,2,-35.5075,1.8404,-1.4380
89.661,2,-35.5009,1.8403,-1.4376
89.673,2,-35.4943,1.8401,-1.4372
89.685,2,-35.4878,1.8400,-1.4366
89.696,2,-35.4813,1.8398,-1.4361
89.708,2,-35.4748,1.8397,-1.4354
89.719,2,-35.4684,1.8394,-1.4346
89.731,2,-35.4621,1.8389,-1.4338
89.742,2,-35.4557,1.8383,-1.4330
89.754,2,-35.4495,1.8376,-1.4321
89.765,2,-35.4433,1.8366,-1.4310
89.776,2,-35.4375,1.8354,-1.4299
89.788,2,-35.4316,1.8338,-1.4287
89.799,2,-35.4259,1.8320,-1.4276
89.811,2,-35.4203,1.8305,-1.4265
89.822,2,-35.4150,1.8292,-1.4252
89.834,2,-35.4096,1.8284,-1.4237
89.845,2,-35.4041,1.8278,-1.4223
89.856,2,-35.3989,1.8271,-1.4207
89.867,2,-35.3936,1.8264,-1.4192
89.878,2,-35.3884,1.8258,-1.4176
89.890,2,-35.3834,1.8253,-1.4159
89.901,2,-35.3784,1.8250,-1.4141
89.913,2,-35.3734,1.8250,-1.4122
89.923,2,-35.3686,1.8248,-1.4105
89.935,2,-35.3640,1.8247,-1.4088
89.946,2,-35.3593,1.8251,-1.4071
89.957,2,-35.3548,1.8257,-1.4054
89.969,2,-35.3505,1.8260,-1.4038
89.980,2,-35.3461,1.8263,-1.4022
89.991,2,-35.3422,1.8267,-1.4005
90.003,2,-35.3381,1.8277,-1.3991
90.014,2,-35.3340,1.8289,-1.3977
90.026,2,-35.3300,1.8301,-1.3962
90.038,2,-35.3262,1.8312,-1.3949
90.049,2,-35.3226,1.8324,-1.3938
90.062,2,-35.3191,1.8336,-1.3929
90.073,2,-35.3156,1.8348,-1.3919
90.084,2,-35.3123,1.8362,-1.3910
90.096,2,-35.3090,1.8375,-1.3903
90.107,2,-35.3059,1.8386,-1.3894
90.119,2,-35.3030,1.8401,-1.3891
90.131,2,-35.2999,1.8415,-1.3885
90.144,2,-35.2973,1.8428,-1.3890
90.154,2,-35.2945,1.8438,-1.3885
90.166,2,-35.2919,1.8445,-1.3882
90.177,2,-35.2896,1.8451,-1.3880
90.189,2,-35.2873,1.8455,-1.3877
90.200,2,-35.2852,1.8457,-1.3880
90.211,2,-35.2831,1.8458,-1.3879
90.223,2,-35.2811,1.8458,-1.3879
90.234,2,-35.2792,1.8457,-1.3877
90.245,2,-35.2777,1.8454,-1.3881
90.257,2,-35.2761,1.8449,-1.3881
90.268,2,-35.2746,1.8444,-1.3881
90.279,2,-35.2733,1.8438,-1.3884
90.291,2,-35.2719,1.8431,-1.3884
90.302,2,-35.2704,1.8425,-1.3887
90.313,2,-35.2691,1.8419,-1.3888
90.325,2,-35.2679,1.8412,-1.3890
90.336,2,-35.2668,1.8406,-1.3893
90.348,2,-35.2660,1.8402,-1.3896
90.360,2,-35.2651,1.8401,-1.3897
90.371,2,-35.2644,1.8400,-1.3900
90.383,2,-35.2638,1.8399,-1.3904
90.395,2,-35.2632,1.8400,-1.3907
90.406,2,-35.2628,1.8403,-1.3912
90.418,2,-35.2623,1.8407,-1.3917
90.429,2,-35.2618,1.8414,-1.3921
90.441,2,-35.2613,1.8420,-1.3923
90.453,2,-35.2609,1.8426,-1.3927
90.464,2,-35.2604,1.8432,-1.3931
90.476,2,-35.2599,1.8437,-1.3935
90.487,2,-35.2596,1.8442,-1.3941
90.499,2,-35.2591,1.8446,-1.3944
90.511,2,-35.2587,1.8449,-1.3948
90.522,2,-35.2582,1.8451,-1.3952
90.533,2,-35.2577,1.8453,-1.3956
90.545,2,-35.2572,1.8455,-1.3960
90.556,2,-35.2566,1.8455,-1.3964
90.568,2,-35.2561,1.8455,-1.3972
90.579,2,-35.2555,1.8454,-1.3978
90.590,2,-35.2548,1.8454,-1.3981
90.601,2,-35.2541,1.8453,-1.3985
90.613,2,-35.2533,1.8451,-1.3989
90.624,2,-35.2526,1.8450,-1.3994
90.636,2,-35.2518,1.8447,-1.3997
90.647,2,-35.2512,1.8444,-1.4001
90.659,2,-35.2507,1.8441,-1.4004
90.671,2,-35.2500,1.8438,-1.4006
90.682,2,-35.2494,1.8435,-1.4009
90.694,2,-35.2490,1.8432,-1.4011
90.706,2,-35.2484,1.8430,-1.4014
90.717,2,-35.2481,1.8430,-1.4025
90.728,2,-35.2476,1.8429,-1.4028
90.740,2,-35.2471,1.8429,-1.4030
90.752,2,-35.2465,1.8429,-1.4033
90.763,2,-35.2460,1.8429,-1.4036
90.775,2,-35.2455,1.8431,-1.4038
90.787,2,-35.2450,1.8432,-1.4039
90.798,2,-35.2445,1.8434,-1.4042
90.810,2,-35.2440,1.8436,-1.4044
90.821,2,-35.2435,1.8438,-1.4048

# --- Trial 3 start ---
101.308,3,-39.6852,1.8855,-1.2355
101.324,3,-39.6841,1.8856,-1.2362
101.332,3,-39.6832,1.8856,-1.2370
101.340,3,-39.6822,1.8855,-1.2377
101.350,3,-39.6812,1.8856,-1.2384
101.362,3,-39.6801,1.8857,-1.2393
101.372,3,-39.6790,1.8858,-1.2401
101.384,3,-39.6777,1.8857,-1.2411
101.409,3,-39.6764,1.8857,-1.2421
101.418,3,-39.6742,1.8856,-1.2440
101.427,3,-39.6732,1.8854,-1.2451
101.437,3,-39.6721,1.8853,-1.2461
101.448,3,-39.6710,1.8851,-1.2473
101.461,3,-39.6699,1.8848,-1.2485
101.478,3,-39.6677,1.8843,-1.2508
101.489,3,-39.6666,1.8839,-1.2520
101.503,3,-39.6655,1.8836,-1.2534
101.514,3,-39.6643,1.8833,-1.2547
101.525,3,-39.6632,1.8829,-1.2561
101.536,3,-39.6620,1.8826,-1.2576
101.548,3,-39.6607,1.8822,-1.2592
101.559,3,-39.6595,1.8818,-1.2608
101.570,3,-39.6583,1.8812,-1.2623
101.581,3,-39.6571,1.8807,-1.2641
101.592,3,-39.6561,1.8800,-1.2657
101.603,3,-39.6551,1.8792,-1.2673
101.614,3,-39.6541,1.8781,-1.2692
101.625,3,-39.6533,1.8772,-1.2711
101.636,3,-39.6524,1.8772,-1.2731
101.648,3,-39.6498,1.8809,-1.2752
101.660,3,-39.6475,1.8853,-1.2769
101.670,3,-39.6448,1.8889,-1.2788
101.681,3,-39.6428,1.8907,-1.2809
101.692,3,-39.6410,1.8913,-1.2835
101.703,3,-39.6390,1.8911,-1.2855
101.714,3,-39.6371,1.8909,-1.2876
101.726,3,-39.6352,1.8903,-1.2897
101.736,3,-39.6334,1.8899,-1.2918
101.748,3,-39.6315,1.8902,-1.2940
101.759,3,-39.6296,1.8904,-1.2960
101.770,3,-39.6275,1.8905,-1.2981
101.781,3,-39.6257,1.8902,-1.3001
101.792,3,-39.6240,1.8892,-1.3020
101.804,3,-39.6223,1.8876,-1.3041
101.815,3,-39.6204,1.8864,-1.3063
101.826,3,-39.6185,1.8855,-1.3084
101.837,3,-39.6164,1.8853,-1.3106
101.849,3,-39.6140,1.8854,-1.3126
101.860,3,-39.6116,1.8855,-1.3147
101.871,3,-39.6092,1.8851,-1.3167
101.882,3,-39.6070,1.8846,-1.3187
101.893,3,-39.6049,1.8838,-1.3208
101.905,3,-39.6028,1.8829,-1.3230
101.915,3,-39.6007,1.8822,-1.3250
101.927,3,-39.5986,1.8813,-1.3269
101.939,3,-39.5965,1.8804,-1.3286
101.950,3,-39.5943,1.8795,-1.3302
101.961,3,-39.5919,1.8786,-1.3320
101.973,3,-39.5896,1.8780,-1.3336
101.984,3,-39.5870,1.8778,-1.3353
101.995,3,-39.5843,1.8779,-1.3368
102.007,3,-39.5813,1.8782,-1.3383
102.023,3,-39.5781,1.8781,-1.3393
102.034,3,-39.5751,1.8778,-1.3407
102.043,3,-39.5720,1.8773,-1.3418
102.051,3,-39.5689,1.8768,-1.3431
102.062,3,-39.5657,1.8762,-1.3443
102.072,3,-39.5625,1.8755,-1.3452
102.083,3,-39.5592,1.8749,-1.3462
102.094,3,-39.5557,1.8745,-1.3471
102.105,3,-39.5522,1.8739,-1.3478
102.116,3,-39.5486,1.8734,-1.3485
102.128,3,-39.5447,1.8728,-1.3490
102.139,3,-39.5408,1.8723,-1.3496
102.152,3,-39.5365,1.8721,-1.3501
102.161,3,-39.5324,1.8717,-1.3507
102.172,3,-39.5280,1.8715,-1.3511
102.183,3,-39.5235,1.8713,-1.3514
102.194,3,-39.5188,1.8712,-1.3513
102.205,3,-39.5138,1.8710,-1.3514
102.216,3,-39.5088,1.8708,-1.3514
102.227,3,-39.5037,1.8705,-1.3515
102.238,3,-39.4985,1.8702,-1.3514
102.250,3,-39.4932,1.8699,-1.3516
102.261,3,-39.4879,1.8696,-1.3516
102.272,3,-39.4824,1.8692,-1.3513
102.284,3,-39.4766,1.8688,-1.3510
102.296,3,-39.4707,1.8683,-1.3506
102.307,3,-39.4649,1.8680,-1.3504
102.317,3,-39.4589,1.8674,-1.3500
102.328,3,-39.4528,1.8667,-1.3495
102.339,3,-39.4467,1.8661,-1.3491
102.350,3,-39.4404,1.8654,-1.3484
102.362,3,-39.4339,1.8647,-1.3478
102.372,3,-39.4274,1.8639,-1.3471
102.383,3,-39.4210,1.8630,-1.3463
102.395,3,-39.4144,1.8620,-1.3454
102.406,3,-39.4079,1.8609,-1.3445
102.417,3,-39.4015,1.8595,-1.3433
102.428,3,-39.3952,1.8581,-1.3421
102.439,3,-39.3891,1.8567,-1.3405
102.450,3,-39.3829,1.8555,-1.3392
102.461,3,-39.3767,1.8543,-1.3375
102.472,3,-39.3704,1.8534,-1.3359
102.483,3,-39.3642,1.8524,-1.3340
102.494,3,-39.3580,1.8518,-1.3321
102.505,3,-39.3519,1.8516,-1.3300
102.516,3,-39.3455,1.8519,-1.3279
102.527,3,-39.3392,1.8525,-1.3257
102.539,3,-39.3329,1.8530,-1.3235
102.550,3,-39.3266,1.8540,-1.3211
102.561,3,-39.3203,1.8552,-1.3188
102.572,3,-39.3138,1.8571,-1.3164
102.584,3,-39.3075,1.8590,-1.3139
102.595,3,-39.3009,1.8616,-1.3116
102.607,3,-39.2944,1.8643,-1.3095
102.617,3,-39.2878,1.8665,-1.3073
102.629,3,-39.2811,1.8685,-1.3054
102.640,3,-39.2746,1.8699,-1.3034
102.651,3,-39.2682,1.8708,-1.3014
102.662,3,-39.2619,1.8712,-1.2996
102.673,3,-39.2556,1.8716,-1.2979
102.684,3,-39.2493,1.8722,-1.2962
102.696,3,-39.2429,1.8727,-1.2948
102.707,3,-39.2362,1.8734,-1.2936
102.718,3,-39.2294,1.8742,-1.2924
102.729,3,-39.2226,1.8746,-1.2913
102.740,3,-39.2158,1.8749,-1.2901
102.751,3,-39.2090,1.8747,-1.2892
102.763,3,-39.2021,1.8745,-1.2883
102.774,3,-39.1951,1.8744,-1.2876
102.785,3,-39.1881,1.8745,-1.2868
102.796,3,-39.1809,1.8746,-1.2862
102.807,3,-39.1738,1.8746,-1.2856
102.818,3,-39.1665,1.8748,-1.2851
102.829,3,-39.1593,1.8748,-1.2845
102.840,3,-39.1518,1.8748,-1.2841
102.851,3,-39.1443,1.8747,-1.2837
102.862,3,-39.1366,1.8745,-1.2833
102.874,3,-39.1290,1.8744,-1.2829
102.884,3,-39.1212,1.8740,-1.2823
102.896,3,-39.1134,1.8737,-1.2818
102.907,3,-39.1055,1.8731,-1.2813
102.918,3,-39.0975,1.8727,-1.2808
102.929,3,-39.0891,1.8721,-1.2804
102.940,3,-39.0808,1.8714,-1.2800
102.951,3,-39.0723,1.8707,-1.2797
102.962,3,-39.0638,1.8697,-1.2792
102.973,3,-39.0551,1.8687,-1.2789
102.984,3,-39.0462,1.8675,-1.2786
102.995,3,-39.0373,1.8663,-1.2783
103.006,3,-39.0282,1.8649,-1.2783
103.017,3,-39.0191,1.8634,-1.2781
103.028,3,-39.0098,1.8617,-1.2783
103.039,3,-39.0006,1.8597,-1.2782
103.051,3,-38.9913,1.8577,-1.2783
103.062,3,-38.9819,1.8554,-1.2785
103.073,3,-38.9725,1.8534,-1.2788
103.084,3,-38.9629,1.8515,-1.2794
103.095,3,-38.9534,1.8496,-1.2799
103.106,3,-38.9439,1.8479,-1.2806
103.117,3,-38.9342,1.8462,-1.2814
103.128,3,-38.9246,1.8444,-1.2822
103.140,3,-38.9149,1.8430,-1.2831
103.151,3,-38.9050,1.8419,-1.2841
103.162,3,-38.8949,1.8412,-1.2855
103.174,3,-38.8848,1.8404,-1.2867
103.185,3,-38.8746,1.8404,-1.2881
103.196,3,-38.8643,1.8411,-1.2896
103.207,3,-38.8541,1.8420,-1.2911
103.218,3,-38.8439,1.8428,-1.2928
103.228,3,-38.8340,1.8438,-1.2943
103.240,3,-38.8238,1.8452,-1.2959
103.251,3,-38.8136,1.8480,-1.2975
103.262,3,-38.8032,1.8511,-1.2990
103.273,3,-38.7928,1.8540,-1.3004
103.284,3,-38.7826,1.8564,-1.3016
103.295,3,-38.7728,1.8579,-1.3030
103.307,3,-38.7631,1.8584,-1.3042
103.317,3,-38.7536,1.8586,-1.3055
103.329,3,-38.7443,1.8585,-1.3065
103.340,3,-38.7350,1.8587,-1.3072
103.352,3,-38.7257,1.8595,-1.3078
103.362,3,-38.7167,1.8606,-1.3081
103.373,3,-38.7074,1.8619,-1.3086
103.384,3,-38.6982,1.8629,-1.3089
103.395,3,-38.6889,1.8636,-1.3092
103.407,3,-38.6796,1.8642,-1.3095
103.418,3,-38.6704,1.8646,-1.3095
103.429,3,-38.6611,1.8651,-1.3094
103.440,3,-38.6519,1.8657,-1.3090
103.451,3,-38.6426,1.8664,-1.3089
103.462,3,-38.6333,1.8670,-1.3086
103.473,3,-38.6240,1.8675,-1.3084
103.485,3,-38.6147,1.8678,-1.3082
103.495,3,-38.6054,1.8679,-1.3079
103.507,3,-38.5961,1.8678,-1.3075
103.520,3,-38.5867,1.8676,-1.3070
103.529,3,-38.5775,1.8675,-1.3066
103.539,3,-38.5681,1.8671,-1.3062
103.550,3,-38.5587,1.8666,-1.3059
103.561,3,-38.5491,1.8659,-1.3055
103.572,3,-38.5397,1.8650,-1.3051
103.583,3,-38.5300,1.8640,-1.3046
103.594,3,-38.5204,1.8627,-1.3042
103.605,3,-38.5107,1.8614,-1.3036
103.616,3,-38.5010,1.8598,-1.3031
103.628,3,-38.4907,1.8580,-1.3025
103.640,3,-38.4804,1.8560,-1.3019
103.651,3,-38.4702,1.8539,-1.3012
103.663,3,-38.4601,1.8513,-1.3005
103.674,3,-38.4499,1.8487,-1.2996
103.686,3,-38.4396,1.8463,-1.2987
103.698,3,-38.4295,1.8442,-1.2976
103.709,3,-38.4193,1.8421,-1.2964
103.721,3,-38.4090,1.8401,-1.2952
103.732,3,-38.3987,1.8383,-1.2940
103.744,3,-38.3883,1.8368,-1.2926
103.756,3,-38.3780,1.8353,-1.2913
103.767,3,-38.3677,1.8341,-1.2900
103.779,3,-38.3574,1.8331,-1.2886
103.790,3,-38.3469,1.8330,-1.2872
103.802,3,-38.3364,1.8334,-1.2859
103.814,3,-38.3261,1.8340,-1.2846
103.825,3,-38.3161,1.8345,-1.2833
103.836,3,-38.3060,1.8356,-1.2819
103.848,3,-38.2963,1.8372,-1.2806
103.859,3,-38.2863,1.8395,-1.2793
103.870,3,-38.2763,1.8421,-1.2780
103.882,3,-38.2662,1.8442,-1.2768
103.893,3,-38.2564,1.8462,-1.2757
103.905,3,-38.2467,1.8477,-1.2747
103.916,3,-38.2371,1.8490,-1.2738
103.927,3,-38.2278,1.8500,-1.2729
103.939,3,-38.2184,1.8509,-1.2720
103.950,3,-38.2091,1.8522,-1.2715
103.961,3,-38.1996,1.8538,-1.2709
103.973,3,-38.1899,1.8558,-1.2707
103.984,3,-38.1803,1.8575,-1.2705
103.995,3,-38.1708,1.8589,-1.2703
104.007,3,-38.1614,1.8601,-1.2702
104.018,3,-38.1518,1.8610,-1.2701
104.029,3,-38.1422,1.8619,-1.2701
104.040,3,-38.1328,1.8626,-1.2700
104.051,3,-38.1235,1.8632,-1.2701
104.062,3,-38.1141,1.8636,-1.2702
104.073,3,-38.1048,1.8639,-1.2704
104.084,3,-38.0956,1.8637,-1.2706
104.095,3,-38.0863,1.8637,-1.2708
104.107,3,-38.0772,1.8634,-1.2710
104.117,3,-38.0679,1.8631,-1.2712
104.128,3,-38.0589,1.8626,-1.2714
104.140,3,-38.0496,1.8621,-1.2716
104.150,3,-38.0406,1.8616,-1.2718
104.161,3,-38.0312,1.8611,-1.2720
104.172,3,-38.0219,1.8603,-1.2721
104.184,3,-38.0123,1.8596,-1.2724
104.195,3,-38.0027,1.8587,-1.2725
104.206,3,-37.9931,1.8577,-1.2728
104.217,3,-37.9831,1.8566,-1.2730
104.228,3,-37.9734,1.8553,-1.2732
104.239,3,-37.9635,1.8540,-1.2734
104.249,3,-37.9536,1.8525,-1.2735
104.261,3,-37.9436,1.8507,-1.2738
104.272,3,-37.9335,1.8488,-1.2741
104.283,3,-37.9233,1.8467,-1.2744
104.294,3,-37.9130,1.8445,-1.2747
104.305,3,-37.9029,1.8428,-1.2751
104.318,3,-37.8924,1.8414,-1.2755
104.328,3,-37.8821,1.8400,-1.2759
104.339,3,-37.8715,1.8387,-1.2764
104.350,3,-37.8610,1.8375,-1.2770
104.360,3,-37.8505,1.8363,-1.2776
104.372,3,-37.8400,1.8353,-1.2783
104.383,3,-37.8295,1.8342,-1.2791
104.394,3,-37.8192,1.8333,-1.2799
104.405,3,-37.8089,1.8332,-1.2808
104.416,3,-37.7985,1.8337,-1.2818
104.428,3,-37.7880,1.8346,-1.2830
104.439,3,-37.7778,1.8351,-1.2840
104.450,3,-37.7679,1.8356,-1.2851
104.461,3,-37.7581,1.8364,-1.2862
104.472,3,-37.7484,1.8380,-1.2872
104.483,3,-37.7386,1.8397,-1.2882
104.494,3,-37.7291,1.8415,-1.2893
104.506,3,-37.7196,1.8428,-1.2902
104.517,3,-37.7100,1.8436,-1.2911
104.528,3,-37.7007,1.8441,-1.2918
104.539,3,-37.6912,1.8446,-1.2926
104.550,3,-37.6817,1.8453,-1.2932
104.561,3,-37.6725,1.8462,-1.2937
104.572,3,-37.6631,1.8476,-1.2941
104.583,3,-37.6539,1.8490,-1.2943
104.594,3,-37.6447,1.8502,-1.2947
104.606,3,-37.6357,1.8510,-1.2948
104.616,3,-37.6267,1.8517,-1.2949
104.628,3,-37.6177,1.8523,-1.2948
104.638,3,-37.6085,1.8530,-1.2947
104.649,3,-37.5994,1.8537,-1.2945
104.661,3,-37.5905,1.8544,-1.2943
104.672,3,-37.5814,1.8551,-1.2943
104.683,3,-37.5726,1.8558,-1.2941
104.694,3,-37.5635,1.8562,-1.2940
104.706,3,-37.5543,1.8565,-1.2937
104.716,3,-37.5452,1.8565,-1.2935
104.728,3,-37.5361,1.8565,-1.2934
104.739,3,-37.5272,1.8563,-1.2933
104.750,3,-37.5181,1.8561,-1.2933
104.761,3,-37.5089,1.8557,-1.2932
104.772,3,-37.4997,1.8552,-1.2931
104.783,3,-37.4906,1.8544,-1.2929
104.794,3,-37.4813,1.8536,-1.2928
104.805,3,-37.4717,1.8525,-1.2927
104.816,3,-37.4621,1.8515,-1.2926
104.828,3,-37.4525,1.8504,-1.2921
104.839,3,-37.4427,1.8490,-1.2919
104.850,3,-37.4329,1.8474,-1.2918
104.862,3,-37.4231,1.8456,-1.2915
104.872,3,-37.4133,1.8435,-1.2913
104.884,3,-37.4039,1.8412,-1.2909
104.895,3,-37.3942,1.8389,-1.2906
104.906,3,-37.3845,1.8369,-1.2903
104.918,3,-37.3748,1.8350,-1.2899
104.928,3,-37.3650,1.8332,-1.2895
104.940,3,-37.3553,1.8315,-1.2891
104.951,3,-37.3454,1.8300,-1.2887
104.962,3,-37.3355,1.8286,-1.2882
104.973,3,-37.3254,1.8275,-1.2876
104.984,3,-37.3154,1.8266,-1.2871
104.995,3,-37.3053,1.8257,-1.2866
105.006,3,-37.2951,1.8250,-1.2860
105.016,3,-37.2851,1.8246,-1.2855
105.028,3,-37.2751,1.8248,-1.2849
105.039,3,-37.2650,1.8251,-1.2843
105.050,3,-37.2552,1.8253,-1.2838
105.061,3,-37.2455,1.8257,-1.2832
105.072,3,-37.2358,1.8265,-1.2827
105.083,3,-37.2262,1.8279,-1.2821
105.094,3,-37.2165,1.8295,-1.2817
105.105,3,-37.2068,1.8310,-1.2813
105.116,3,-37.1974,1.8324,-1.2809
105.128,3,-37.1881,1.8338,-1.2807
105.139,3,-37.1787,1.8351,-1.2805
105.150,3,-37.1694,1.8363,-1.2805
105.161,3,-37.1601,1.8375,-1.2804
105.173,3,-37.1508,1.8388,-1.2805
105.184,3,-37.1416,1.8404,-1.2806
105.195,3,-37.1324,1.8421,-1.2807
105.206,3,-37.1232,1.8439,-1.2810
105.217,3,-37.1140,1.8453,-1.2814
105.228,3,-37.1048,1.8468,-1.2817
105.239,3,-37.0956,1.8481,-1.2821
105.250,3,-37.0864,1.8494,-1.2825
105.261,3,-37.0773,1.8507,-1.2831
105.272,3,-37.0680,1.8519,-1.2836
105.284,3,-37.0588,1.8529,-1.2842
105.294,3,-37.0496,1.8538,-1.2848
105.306,3,-37.0404,1.8545,-1.2853
105.317,3,-37.0313,1.8549,-1.2858
105.328,3,-37.0222,1.8552,-1.2864
105.339,3,-37.0130,1.8552,-1.2869
105.350,3,-37.0039,1.8550,-1.2874
105.361,3,-36.9947,1.8546,-1.2879
105.372,3,-36.9856,1.8540,-1.2883
105.383,3,-36.9765,1.8534,-1.2887
105.395,3,-36.9672,1.8527,-1.2892
105.406,3,-36.9578,1.8520,-1.2897
105.416,3,-36.9486,1.8510,-1.2902
105.428,3,-36.9390,1.8500,-1.2907
105.439,3,-36.9294,1.8489,-1.2912
105.450,3,-36.9199,1.8476,-1.2918
105.461,3,-36.9105,1.8462,-1.2924
105.473,3,-36.9009,1.8443,-1.2932
105.484,3,-36.8914,1.8425,-1.2938
105.493,3,-36.8817,1.8403,-1.2945
105.505,3,-36.8722,1.8378,-1.2953
105.516,3,-36.8627,1.8355,-1.2961
105.527,3,-36.8532,1.8334,-1.2969
105.538,3,-36.8437,1.8317,-1.2977
105.549,3,-36.8343,1.8300,-1.2987
105.560,3,-36.8249,1.8283,-1.2996
105.571,3,-36.8154,1.8266,-1.3007
105.582,3,-36.8059,1.8250,-1.3018
105.593,3,-36.7963,1.8237,-1.3029
105.605,3,-36.7865,1.8225,-1.3043
105.615,3,-36.7769,1.8216,-1.3056
105.627,3,-36.7670,1.8216,-1.3070
105.638,3,-36.7572,1.8220,-1.3083
105.649,3,-36.7474,1.8227,-1.3097
105.660,3,-36.7376,1.8235,-1.3111
105.671,3,-36.7281,1.8241,-1.3124
105.682,3,-36.7185,1.8251,-1.3136
105.694,3,-36.7089,1.8268,-1.3148
105.705,3,-36.6994,1.8286,-1.3161
105.716,3,-36.6902,1.8303,-1.3172
105.727,3,-36.6812,1.8317,-1.3183
105.738,3,-36.6723,1.8328,-1.3194
105.749,3,-36.6639,1.8338,-1.3205
105.760,3,-36.6552,1.8346,-1.3216
105.771,3,-36.6467,1.8355,-1.3226
105.782,3,-36.6381,1.8364,-1.3235
105.793,3,-36.6297,1.8375,-1.3244
105.804,3,-36.6209,1.8389,-1.3252
105.815,3,-36.6121,1.8406,-1.3261
105.827,3,-36.6031,1.8423,-1.3269
105.838,3,-36.5940,1.8440,-1.3274
105.849,3,-36.5850,1.8452,-1.3279
105.861,3,-36.5758,1.8464,-1.3284
105.872,3,-36.5669,1.8475,-1.3288
105.883,3,-36.5579,1.8486,-1.3292
105.894,3,-36.5488,1.8496,-1.3296
105.905,3,-36.5399,1.8504,-1.3298
105.916,3,-36.5308,1.8511,-1.3301
105.927,3,-36.5217,1.8515,-1.3303
105.939,3,-36.5126,1.8516,-1.3304
105.950,3,-36.5034,1.8516,-1.3306
105.961,3,-36.4942,1.8512,-1.3307
105.972,3,-36.4851,1.8506,-1.3307
105.983,3,-36.4760,1.8499,-1.3308
105.994,3,-36.4671,1.8489,-1.3308
106.005,3,-36.4579,1.8478,-1.3308
106.016,3,-36.4486,1.8467,-1.3307
106.028,3,-36.4393,1.8456,-1.3306
106.038,3,-36.4300,1.8444,-1.3306
106.049,3,-36.4207,1.8430,-1.3304
106.060,3,-36.4113,1.8417,-1.3303
106.071,3,-36.4019,1.8401,-1.3302
106.083,3,-36.3926,1.8385,-1.3300
106.093,3,-36.3834,1.8366,-1.3298
106.105,3,-36.3742,1.8347,-1.3294
106.115,3,-36.3648,1.8325,-1.3291
106.127,3,-36.3556,1.8300,-1.3287
106.138,3,-36.3465,1.8275,-1.3283
106.149,3,-36.3373,1.8251,-1.3278
106.160,3,-36.3280,1.8231,-1.3274
106.171,3,-36.3188,1.8212,-1.3269
106.183,3,-36.3093,1.8196,-1.3262
106.194,3,-36.3000,1.8181,-1.3257
106.205,3,-36.2904,1.8169,-1.3249
106.216,3,-36.2808,1.8156,-1.3242
106.227,3,-36.2713,1.8143,-1.3235
106.238,3,-36.2617,1.8134,-1.3226
106.249,3,-36.2522,1.8127,-1.3217
106.260,3,-36.2427,1.8125,-1.3209
106.272,3,-36.2334,1.8123,-1.3200
106.282,3,-36.2240,1.8121,-1.3190
106.294,3,-36.2149,1.8124,-1.3181
106.305,3,-36.2056,1.8129,-1.3172
106.316,3,-36.1965,1.8136,-1.3163
106.327,3,-36.1875,1.8146,-1.3154
106.339,3,-36.1785,1.8163,-1.3146
106.350,3,-36.1695,1.8180,-1.3137
106.360,3,-36.1605,1.8196,-1.3129
106.372,3,-36.1517,1.8213,-1.3123
106.383,3,-36.1431,1.8229,-1.3117
106.394,3,-36.1347,1.8244,-1.3113
106.405,3,-36.1264,1.8259,-1.3109
106.416,3,-36.1181,1.8273,-1.3107
106.427,3,-36.1098,1.8287,-1.3105
106.438,3,-36.1014,1.8302,-1.3104
106.449,3,-36.0932,1.8320,-1.3103
106.460,3,-36.0848,1.8337,-1.3103
106.471,3,-36.0765,1.8354,-1.3105
106.482,3,-36.0683,1.8369,-1.3106
106.493,3,-36.0601,1.8382,-1.3108
106.505,3,-36.0519,1.8395,-1.3110
106.515,3,-36.0438,1.8406,-1.3113
106.527,3,-36.0359,1.8418,-1.3117
106.538,3,-36.0278,1.8429,-1.3119
106.549,3,-36.0198,1.8438,-1.3122
106.560,3,-36.0118,1.8446,-1.3125
106.572,3,-36.0039,1.8452,-1.3128
106.582,3,-35.9961,1.8456,-1.3131
106.594,3,-35.9882,1.8459,-1.3134
106.605,3,-35.9805,1.8459,-1.3136
106.616,3,-35.9728,1.8458,-1.3140
106.627,3,-35.9652,1.8455,-1.3142
106.638,3,-35.9575,1.8453,-1.3145
106.649,3,-35.9497,1.8450,-1.3148
106.660,3,-35.9418,1.8446,-1.3151
106.671,3,-35.9339,1.8442,-1.3154
106.683,3,-35.9261,1.8437,-1.3157
106.694,3,-35.9182,1.8431,-1.3161
106.705,3,-35.9103,1.8425,-1.3164
106.716,3,-35.9023,1.8417,-1.3169
106.727,3,-35.8944,1.8407,-1.3173
106.738,3,-35.8864,1.8395,-1.3177
106.750,3,-35.8786,1.8380,-1.3181
106.761,3,-35.8708,1.8364,-1.3187
106.772,3,-35.8631,1.8348,-1.3193
106.783,3,-35.8555,1.8335,-1.3199
106.794,3,-35.8478,1.8323,-1.3206
106.805,3,-35.8403,1.8312,-1.3214
106.816,3,-35.8328,1.8299,-1.3223
106.827,3,-35.8254,1.8288,-1.3233
106.839,3,-35.8178,1.8278,-1.3244
106.850,3,-35.8103,1.8270,-1.3255
106.861,3,-35.8028,1.8264,-1.3268
106.871,3,-35.7954,1.8256,-1.3281
106.883,3,-35.7882,1.8248,-1.3298
106.894,3,-35.7809,1.8245,-1.3313
106.905,3,-35.7736,1.8247,-1.3329
106.916,3,-35.7663,1.8253,-1.3345
106.927,3,-35.7590,1.8258,-1.3360
106.938,3,-35.7518,1.8261,-1.3377
106.949,3,-35.7446,1.8265,-1.3393
106.961,3,-35.7374,1.8276,-1.3411
106.971,3,-35.7300,1.8290,-1.3427
106.983,3,-35.7229,1.8302,-1.3442
106.994,3,-35.7157,1.8310,-1.3458
107.005,3,-35.7087,1.8314,-1.3472
107.016,3,-35.7017,1.8316,-1.3487
107.027,3,-35.6947,1.8316,-1.3501
107.039,3,-35.6878,1.8313,-1.3515
107.050,3,-35.6810,1.8309,-1.3527
107.060,3,-35.6745,1.8304,-1.3535
107.071,3,-35.6676,1.8303,-1.3545
107.082,3,-35.6608,1.8306,-1.3556
107.092,3,-35.6538,1.8313,-1.3565
107.104,3,-35.6466,1.8321,-1.3574
107.115,3,-35.6394,1.8329,-1.3580
107.126,3,-35.6323,1.8335,-1.3584
107.137,3,-35.6252,1.8341,-1.3590
107.149,3,-35.6182,1.8349,-1.3593
107.159,3,-35.6113,1.8358,-1.3597
107.170,3,-35.6044,1.8368,-1.3598
107.181,3,-35.5976,1.8378,-1.3599
107.192,3,-35.5907,1.8388,-1.3599
107.203,3,-35.5838,1.8399,-1.3599
107.215,3,-35.5771,1.8408,-1.3597
107.226,3,-35.5704,1.8416,-1.3596
107.237,3,-35.5637,1.8424,-1.3593
107.248,3,-35.5570,1.8430,-1.3591
107.260,3,-35.5503,1.8435,-1.3590
107.271,3,-35.5435,1.8440,-1.3588
107.281,3,-35.5368,1.8442,-1.3586
107.293,3,-35.5302,1.8443,-1.3582
107.304,3,-35.5238,1.8441,-1.3575
107.315,3,-35.5173,1.8439,-1.3569
107.326,3,-35.5109,1.8435,-1.3563
107.337,3,-35.5045,1.8428,-1.3557
107.348,3,-35.4980,1.8418,-1.3550
107.359,3,-35.4917,1.8403,-1.3543
107.370,3,-35.4854,1.8387,-1.3535
107.381,3,-35.4792,1.8368,-1.3528
107.393,3,-35.4731,1.8348,-1.3519
107.404,3,-35.4670,1.8329,-1.3510
107.415,3,-35.4613,1.8311,-1.3501
107.426,3,-35.4555,1.8295,-1.3491
107.437,3,-35.4499,1.8279,-1.3481
107.449,3,-35.4441,1.8264,-1.3470
107.460,3,-35.4385,1.8249,-1.3460
107.471,3,-35.4330,1.8237,-1.3450
107.482,3,-35.4275,1.8232,-1.3441
107.493,3,-35.4213,1.8239,-1.3431
107.505,3,-35.4153,1.8251,-1.3420
107.517,3,-35.4093,1.8256,-1.3411
107.528,3,-35.4034,1.8257,-1.3401
107.540,3,-35.3979,1.8258,-1.3395
107.552,3,-35.3925,1.8260,-1.3386
107.563,3,-35.3872,1.8265,-1.3378
107.574,3,-35.3820,1.8275,-1.3370
107.586,3,-35.3770,1.8284,-1.3363
107.598,3,-35.3722,1.8296,-1.3358
107.609,3,-35.3673,1.8306,-1.3353
107.621,3,-35.3628,1.8315,-1.3351
107.633,3,-35.3580,1.8325,-1.3348
107.644,3,-35.3532,1.8334,-1.3347
107.656,3,-35.3486,1.8345,-1.3346
107.668,3,-35.3442,1.8357,-1.3346
107.679,3,-35.3402,1.8369,-1.3349
107.691,3,-35.3362,1.8380,-1.3351
107.702,3,-35.3323,1.8392,-1.3356
107.713,3,-35.3283,1.8402,-1.3359
107.725,3,-35.3245,1.8411,-1.3361
107.737,3,-35.3208,1.8420,-1.3366
107.748,3,-35.3172,1.8428,-1.3371
107.759,3,-35.3136,1.8436,-1.3376
107.770,3,-35.3103,1.8442,-1.3382
107.781,3,-35.3071,1.8448,-1.3387
107.793,3,-35.3040,1.8451,-1.3394
107.804,3,-35.3011,1.8453,-1.3402
107.815,3,-35.2982,1.8454,-1.3409
107.827,3,-35.2953,1.8454,-1.3416
107.839,3,-35.2925,1.8453,-1.3423
107.850,3,-35.2899,1.8449,-1.3432
107.861,3,-35.2875,1.8445,-1.3439
107.873,3,-35.2853,1.8439,-1.3450
107.884,3,-35.2832,1.8431,-1.3461
107.896,3,-35.2810,1.8425,-1.3473
107.908,3,-35.2788,1.8418,-1.3484
107.919,3,-35.2768,1.8410,-1.3496
107.931,3,-35.2749,1.8404,-1.3508
107.942,3,-35.2731,1.8403,-1.3518
107.954,3,-35.2712,1.8409,-1.3531
107.966,3,-35.2693,1.8414,-1.3544
107.978,3,-35.2675,1.8419,-1.3562
107.989,3,-35.2657,1.8423,-1.3575
108.001,3,-35.2637,1.8428,-1.3591
108.013,3,-35.2618,1.8432,-1.3604
108.024,3,-35.2601,1.8435,-1.3616
108.035,3,-35.2584,1.8439,-1.3628
108.047,3,-35.2568,1.8441,-1.3641
108.058,3,-35.2551,1.8443,-1.3652
108.070,3,-35.2535,1.8443,-1.3664
108.080,3,-35.2518,1.8442,-1.3675
108.092,3,-35.2503,1.8441,-1.3684
108.104,3,-35.2489,1.8439,-1.3695
108.115,3,-35.2474,1.8439,-1.3706
108.126,3,-35.2460,1.8438,-1.3716
108.137,3,-35.2445,1.8439,-1.3725
108.148,3,-35.2432,1.8438,-1.3734
108.160,3,-35.2417,1.8437,-1.3741
108.171,3,-35.2402,1.8435,-1.3749
108.183,3,-35.2390,1.8436,-1.3766
108.194,3,-35.2376,1.8437,-1.3774
108.206,3,-35.2362,1.8437,-1.3782
108.218,3,-35.2348,1.8439,-1.3786
108.229,3,-35.2336,1.8439,-1.3792
108.241,3,-35.2327,1.8438,-1.3805
108.253,3,-35.2313,1.8437,-1.3808
108.264,3,-35.2303,1.8436,-1.3816
108.275,3,-35.2292,1.8435,-1.3820
108.287,3,-35.2282,1.8434,-1.3824
108.299,3,-35.2273,1.8433,-1.3827
108.310,3,-35.2263,1.8431,-1.3831
108.322,3,-35.2255,1.8430,-1.3835
108.333,3,-35.2248,1.8428,-1.3843
108.345,3,-35.2234,1.8422,-1.3825
108.356,3,-35.2223,1.8429,-1.3819
108.370,3,-35.2215,1.8428,-1.3821
108.382,3,-35.2206,1.8426,-1.3823
108.391,3,-35.2197,1.8425,-1.3825
108.403,3,-35.2190,1.8424,-1.3828
108.414,3,-35.2182,1.8424,-1.3830
108.425,3,-35.2174,1.8423,-1.3831
108.437,3,-35.2165,1.8423,-1.3833
108.449,3,-35.2156,1.8423,-1.3834
108.460,3,-35.2146,1.8423,-1.3836
108.472,3,-35.2137,1.8428,-1.3835
108.483,3,-35.2128,1.8428,-1.3835
108.495,3,-35.2120,1.8428,-1.3836
108.506,3,-35.2111,1.8428,-1.3840
108.518,3,-35.2102,1.8427,-1.3841

# --- Trial 4 start ---
117.134,4,-39.6238,1.8837,-1.1888
117.150,4,-39.6243,1.8831,-1.1889
117.158,4,-39.6247,1.8827,-1.1888
117.167,4,-39.6251,1.8825,-1.1888
117.176,4,-39.6257,1.8822,-1.1885
117.187,4,-39.6261,1.8819,-1.1886
117.199,4,-39.6265,1.8815,-1.1889
117.210,4,-39.6269,1.8812,-1.1891
117.221,4,-39.6271,1.8809,-1.1894
117.239,4,-39.6272,1.8808,-1.1899
117.247,4,-39.6274,1.8807,-1.1903
117.255,4,-39.6276,1.8805,-1.1907
117.265,4,-39.6279,1.8805,-1.1912
117.277,4,-39.6279,1.8805,-1.1917
117.288,4,-39.6281,1.8806,-1.1922
117.315,4,-39.6282,1.8808,-1.1930
117.325,4,-39.6285,1.8810,-1.1941
117.333,4,-39.6285,1.8812,-1.1948
117.343,4,-39.6284,1.8815,-1.1954
117.353,4,-39.6282,1.8817,-1.1961
117.365,4,-39.6279,1.8820,-1.1967
117.376,4,-39.6277,1.8821,-1.1974
117.387,4,-39.6274,1.8822,-1.1981
117.398,4,-39.6272,1.8821,-1.1987
117.409,4,-39.6269,1.8820,-1.1994
117.421,4,-39.6266,1.8819,-1.2001
117.431,4,-39.6262,1.8817,-1.2008
117.443,4,-39.6259,1.8814,-1.2015
117.454,4,-39.6256,1.8812,-1.2022
117.465,4,-39.6252,1.8809,-1.2029
117.476,4,-39.6248,1.8805,-1.2038
117.487,4,-39.6244,1.8801,-1.2045
117.498,4,-39.6239,1.8797,-1.2053
117.509,4,-39.6235,1.8793,-1.2062
117.521,4,-39.6231,1.8788,-1.2071
117.532,4,-39.6227,1.8784,-1.2081
117.543,4,-39.6223,1.8780,-1.2090
117.554,4,-39.6220,1.8775,-1.2101
117.565,4,-39.6216,1.8770,-1.2111
117.576,4,-39.6215,1.8765,-1.2123
117.587,4,-39.6211,1.8775,-1.2136
117.598,4,-39.6196,1.8807,-1.2147
117.609,4,-39.6178,1.8862,-1.2158
117.620,4,-39.6162,1.8897,-1.2169
117.631,4,-39.6150,1.8915,-1.2182
117.642,4,-39.6140,1.8923,-1.2195
117.653,4,-39.6131,1.8919,-1.2209
117.664,4,-39.6123,1.8914,-1.2223
117.676,4,-39.6112,1.8907,-1.2236
117.687,4,-39.6101,1.8904,-1.2252
117.698,4,-39.6088,1.8908,-1.2267
117.709,4,-39.6074,1.8913,-1.2283
117.720,4,-39.6057,1.8919,-1.2299
117.732,4,-39.6041,1.8916,-1.2314
117.742,4,-39.6027,1.8907,-1.2330
117.754,4,-39.6012,1.8890,-1.2345
117.765,4,-39.5999,1.8869,-1.2362
117.777,4,-39.5984,1.8852,-1.2380
117.787,4,-39.5969,1.8838,-1.2397
117.798,4,-39.5953,1.8826,-1.2415
117.809,4,-39.5935,1.8817,-1.2433
117.820,4,-39.5916,1.8808,-1.2451
117.832,4,-39.5899,1.8800,-1.2470
117.843,4,-39.5879,1.8799,-1.2490
117.854,4,-39.5859,1.8804,-1.2512
117.865,4,-39.5837,1.8810,-1.2533
117.877,4,-39.5814,1.8815,-1.2554
117.888,4,-39.5792,1.8815,-1.2573
117.899,4,-39.5769,1.8814,-1.2593
117.911,4,-39.5746,1.8809,-1.2613
117.922,4,-39.5722,1.8808,-1.2634
117.933,4,-39.5697,1.8809,-1.2656
117.944,4,-39.5671,1.8810,-1.2678
117.955,4,-39.5645,1.8810,-1.2701
117.967,4,-39.5617,1.8805,-1.2723
117.977,4,-39.5588,1.8799,-1.2744
117.989,4,-39.5556,1.8788,-1.2766
118.000,4,-39.5527,1.8777,-1.2788
118.011,4,-39.5494,1.8770,-1.2809
118.022,4,-39.5461,1.8764,-1.2831
118.032,4,-39.5424,1.8762,-1.2852
118.044,4,-39.5385,1.8757,-1.2874
118.055,4,-39.5346,1.8750,-1.2893
118.066,4,-39.5305,1.8740,-1.2911
118.077,4,-39.5263,1.8729,-1.2931
118.088,4,-39.5218,1.8720,-1.2950
118.100,4,-39.5174,1.8712,-1.2968
118.110,4,-39.5127,1.8710,-1.2986
118.121,4,-39.5078,1.8707,-1.3002
118.133,4,-39.5028,1.8706,-1.3018
118.144,4,-39.4976,1.8702,-1.3031
118.155,4,-39.4923,1.8700,-1.3045
118.167,4,-39.4868,1.8697,-1.3059
118.177,4,-39.4812,1.8694,-1.3072
118.188,4,-39.4756,1.8691,-1.3086
118.200,4,-39.4697,1.8688,-1.3098
118.211,4,-39.4639,1.8685,-1.3109
118.222,4,-39.4580,1.8680,-1.3121
118.233,4,-39.4518,1.8676,-1.3130
118.244,4,-39.4455,1.8671,-1.3140
118.255,4,-39.4387,1.8667,-1.3150
118.266,4,-39.4321,1.8662,-1.3159
118.277,4,-39.4254,1.8656,-1.3169
118.288,4,-39.4184,1.8649,-1.3177
118.299,4,-39.4114,1.8640,-1.3186
118.311,4,-39.4041,1.8630,-1.3194
118.322,4,-39.3967,1.8621,-1.3202
118.333,4,-39.3891,1.8610,-1.3209
118.344,4,-39.3811,1.8600,-1.3216
118.355,4,-39.3733,1.8590,-1.3221
118.366,4,-39.3653,1.8578,-1.3225
118.377,4,-39.3575,1.8568,-1.3230
118.388,4,-39.3494,1.8557,-1.3234
118.399,4,-39.3412,1.8547,-1.3235
118.410,4,-39.3327,1.8538,-1.3238
118.421,4,-39.3242,1.8531,-1.3237
118.432,4,-39.3155,1.8523,-1.3238
118.443,4,-39.3067,1.8517,-1.3235
118.454,4,-39.2982,1.8512,-1.3230
118.465,4,-39.2895,1.8509,-1.3226
118.481,4,-39.2809,1.8509,-1.3220
118.497,4,-39.2719,1.8514,-1.3213
118.510,4,-39.2545,1.8515,-1.3201
118.523,4,-39.2460,1.8520,-1.3191
118.535,4,-39.2376,1.8526,-1.3182
118.548,4,-39.2294,1.8536,-1.3173
118.561,4,-39.2211,1.8551,-1.3163
118.575,4,-39.2129,1.8570,-1.3154
118.588,4,-39.1962,1.8600,-1.3137
118.618,4,-39.1880,1.8615,-1.3129
118.627,4,-39.1717,1.8636,-1.3116
118.638,4,-39.1635,1.8647,-1.3112
118.648,4,-39.1554,1.8658,-1.3110
118.657,4,-39.1475,1.8668,-1.3107
118.667,4,-39.1394,1.8676,-1.3106
118.677,4,-39.1315,1.8683,-1.3106
118.686,4,-39.1237,1.8688,-1.3105
118.697,4,-39.1159,1.8689,-1.3108
118.709,4,-39.1082,1.8687,-1.3112
118.720,4,-39.1005,1.8686,-1.3118
118.731,4,-39.0926,1.8687,-1.3125
118.742,4,-39.0847,1.8687,-1.3132
118.754,4,-39.0766,1.8686,-1.3139
118.765,4,-39.0686,1.8685,-1.3147
118.776,4,-39.0605,1.8683,-1.3153
118.787,4,-39.0524,1.8682,-1.3162
118.798,4,-39.0443,1.8679,-1.3171
118.809,4,-39.0362,1.8678,-1.3181
118.820,4,-39.0281,1.8676,-1.3191
118.831,4,-39.0200,1.8673,-1.3200
118.842,4,-39.0116,1.8671,-1.3209
118.853,4,-39.0032,1.8667,-1.3217
118.864,4,-38.9946,1.8662,-1.3226
118.875,4,-38.9859,1.8657,-1.3235
118.886,4,-38.9771,1.8653,-1.3245
118.898,4,-38.9681,1.8648,-1.3255
118.908,4,-38.9590,1.8642,-1.3265
118.920,4,-38.9499,1.8633,-1.3275
118.931,4,-38.9408,1.8623,-1.3283
118.942,4,-38.9313,1.8612,-1.3293
118.953,4,-38.9218,1.8598,-1.3303
118.964,4,-38.9122,1.8581,-1.3313
118.976,4,-38.9024,1.8561,-1.3325
118.986,4,-38.8928,1.8541,-1.3337
118.997,4,-38.8830,1.8518,-1.3350
119.009,4,-38.8732,1.8496,-1.3364
119.020,4,-38.8633,1.8479,-1.3378
119.031,4,-38.8532,1.8463,-1.3392
119.042,4,-38.8432,1.8447,-1.3408
119.053,4,-38.8330,1.8431,-1.3425
119.064,4,-38.8229,1.8415,-1.3444
119.075,4,-38.8127,1.8400,-1.3461
119.086,4,-38.8024,1.8387,-1.3481
119.098,4,-38.7924,1.8377,-1.3499
119.109,4,-38.7820,1.8375,-1.3520
119.120,4,-38.7715,1.8378,-1.3540
119.132,4,-38.7611,1.8386,-1.3563
119.142,4,-38.7509,1.8390,-1.3585
119.153,4,-38.7408,1.8398,-1.3606
119.165,4,-38.7305,1.8416,-1.3629
119.175,4,-38.7203,1.8432,-1.3650
119.186,4,-38.7101,1.8453,-1.3672
119.197,4,-38.6998,1.8472,-1.3692
119.209,4,-38.6898,1.8487,-1.3711
119.220,4,-38.6797,1.8499,-1.3731
119.231,4,-38.6698,1.8507,-1.3747
119.243,4,-38.6600,1.8516,-1.3762
119.255,4,-38.6505,1.8525,-1.3775
119.265,4,-38.6406,1.8539,-1.3787
119.277,4,-38.6306,1.8558,-1.3798
119.288,4,-38.6204,1.8579,-1.3809
119.299,4,-38.6103,1.8597,-1.3816
119.310,4,-38.6001,1.8612,-1.3823
119.321,4,-38.5899,1.8625,-1.3828
119.332,4,-38.5797,1.8638,-1.3832
119.343,4,-38.5694,1.8652,-1.3835
119.354,4,-38.5591,1.8666,-1.3837
119.366,4,-38.5489,1.8678,-1.3838
119.376,4,-38.5386,1.8688,-1.3839
119.387,4,-38.5285,1.8697,-1.3838
119.398,4,-38.5184,1.8703,-1.3836
119.409,4,-38.5083,1.8707,-1.3835
119.420,4,-38.4981,1.8708,-1.3832
119.432,4,-38.4881,1.8707,-1.3830
119.443,4,-38.4779,1.8705,-1.3826
119.454,4,-38.4677,1.8701,-1.3824
119.465,4,-38.4575,1.8695,-1.3820
119.476,4,-38.4472,1.8687,-1.3814
119.487,4,-38.4367,1.8677,-1.3808
119.499,4,-38.4264,1.8664,-1.3801
119.510,4,-38.4158,1.8651,-1.3795
119.521,4,-38.4054,1.8637,-1.3788
119.532,4,-38.3950,1.8621,-1.3782
119.543,4,-38.3846,1.8603,-1.3775
119.554,4,-38.3743,1.8581,-1.3767
119.565,4,-38.3638,1.8557,-1.3759
119.577,4,-38.3535,1.8531,-1.3749
119.587,4,-38.3432,1.8501,-1.3740
119.598,4,-38.3329,1.8474,-1.3731
119.609,4,-38.3227,1.8448,-1.3720
119.621,4,-38.3124,1.8424,-1.3708
119.632,4,-38.3024,1.8400,-1.3697
119.643,4,-38.2920,1.8378,-1.3684
119.655,4,-38.2818,1.8356,-1.3669
119.668,4,-38.2713,1.8335,-1.3655
119.681,4,-38.2609,1.8317,-1.3641
119.693,4,-38.2505,1.8306,-1.3627
119.706,4,-38.2298,1.8291,-1.3597
119.718,4,-38.2195,1.8295,-1.3580
119.731,4,-38.2092,1.8306,-1.3564
119.743,4,-38.1988,1.8319,-1.3549
119.753,4,-38.1883,1.8334,-1.3534
119.763,4,-38.1779,1.8349,-1.3520
119.775,4,-38.1674,1.8371,-1.3507
119.786,4,-38.1571,1.8391,-1.3493
119.797,4,-38.1473,1.8410,-1.3481
119.808,4,-38.1374,1.8425,-1.3469
119.819,4,-38.1276,1.8440,-1.3460
119.830,4,-38.1178,1.8455,-1.3451
119.841,4,-38.1078,1.8470,-1.3443
119.852,4,-38.0978,1.8492,-1.3437
119.863,4,-38.0877,1.8515,-1.3431
119.874,4,-38.0777,1.8540,-1.3427
119.885,4,-38.0677,1.8562,-1.3423
119.896,4,-38.0577,1.8582,-1.3420
119.908,4,-38.0477,1.8600,-1.3418
119.919,4,-38.0376,1.8617,-1.3418
119.930,4,-38.0275,1.8632,-1.3416
119.941,4,-38.0174,1.8645,-1.3416
119.952,4,-38.0075,1.8656,-1.3414
119.964,4,-37.9976,1.8663,-1.3414
119.975,4,-37.9877,1.8666,-1.3414
119.986,4,-37.9779,1.8668,-1.3414
119.997,4,-37.9680,1.8666,-1.3415
120.008,4,-37.9582,1.8662,-1.3416
120.019,4,-37.9482,1.8659,-1.3415
120.030,4,-37.9383,1.8651,-1.3414
120.041,4,-37.9283,1.8643,-1.3414
120.053,4,-37.9186,1.8635,-1.3414
120.064,4,-37.9085,1.8624,-1.3414
120.075,4,-37.8984,1.8612,-1.3415
120.086,4,-37.8882,1.8600,-1.3415
120.097,4,-37.8780,1.8586,-1.3415
120.108,4,-37.8677,1.8572,-1.3416
120.119,4,-37.8575,1.8556,-1.3416
120.130,4,-37.8472,1.8540,-1.3418
120.141,4,-37.8368,1.8522,-1.3420
120.152,4,-37.8264,1.8502,-1.3424
120.163,4,-37.8160,1.8479,-1.3427
120.174,4,-37.8058,1.8455,-1.3430
120.186,4,-37.7955,1.8431,-1.3434
120.196,4,-37.7851,1.8410,-1.3439
120.208,4,-37.7747,1.8392,-1.3445
120.219,4,-37.7644,1.8375,-1.3451
120.230,4,-37.7541,1.8358,-1.3459
120.242,4,-37.7440,1.8343,-1.3469
120.253,4,-37.7336,1.8331,-1.3479
120.265,4,-37.7229,1.8322,-1.3491
120.277,4,-37.7123,1.8315,-1.3504
120.288,4,-37.7017,1.8313,-1.3517
120.299,4,-37.6909,1.8321,-1.3532
120.310,4,-37.6802,1.8335,-1.3547
120.321,4,-37.6694,1.8348,-1.3561
120.332,4,-37.6590,1.8357,-1.3577
120.343,4,-37.6485,1.8368,-1.3592
120.354,4,-37.6380,1.8384,-1.3606
120.366,4,-37.6276,1.8399,-1.3620
120.376,4,-37.6171,1.8413,-1.3633
120.387,4,-37.6071,1.8427,-1.3645
120.399,4,-37.5972,1.8439,-1.3658
120.410,4,-37.5878,1.8446,-1.3668
120.420,4,-37.5780,1.8453,-1.3678
120.432,4,-37.5684,1.8459,-1.3686
120.443,4,-37.5589,1.8469,-1.3694
120.454,4,-37.5490,1.8483,-1.3700
120.465,4,-37.5393,1.8499,-1.3706
120.476,4,-37.5295,1.8516,-1.3712
120.487,4,-37.5197,1.8532,-1.3716
120.498,4,-37.5099,1.8546,-1.3720
120.510,4,-37.5002,1.8559,-1.3722
120.522,4,-37.4907,1.8569,-1.3725
120.531,4,-37.4809,1.8581,-1.3727
120.542,4,-37.4711,1.8592,-1.3727
120.553,4,-37.4613,1.8603,-1.3726
120.564,4,-37.4518,1.8611,-1.3725
120.575,4,-37.4419,1.8618,-1.3724
120.586,4,-37.4321,1.8621,-1.3723
120.597,4,-37.4223,1.8622,-1.3720
120.608,4,-37.4126,1.8620,-1.3718
120.619,4,-37.4026,1.8618,-1.3715
120.631,4,-37.3927,1.8613,-1.3712
120.641,4,-37.3828,1.8607,-1.3709
120.653,4,-37.3727,1.8598,-1.3705
120.664,4,-37.3628,1.8588,-1.3702
120.675,4,-37.3529,1.8576,-1.3699
120.686,4,-37.3428,1.8562,-1.3696
120.697,4,-37.3326,1.8548,-1.3692
120.708,4,-37.3224,1.8532,-1.3687
120.719,4,-37.3123,1.8513,-1.3682
120.730,4,-37.3020,1.8493,-1.3676
120.742,4,-37.2919,1.8471,-1.3671
120.753,4,-37.2818,1.8445,-1.3665
120.764,4,-37.2717,1.8418,-1.3658
120.775,4,-37.2615,1.8390,-1.3652
120.786,4,-37.2513,1.8363,-1.3645
120.797,4,-37.2412,1.8339,-1.3638
120.809,4,-37.2312,1.8314,-1.3629
120.820,4,-37.2211,1.8291,-1.3620
120.831,4,-37.2111,1.8269,-1.3611
120.842,4,-37.2009,1.8248,-1.3602
120.852,4,-37.1907,1.8229,-1.3592
120.864,4,-37.1805,1.8214,-1.3581
120.875,4,-37.1702,1.8200,-1.3571
120.886,4,-37.1597,1.8193,-1.3560
120.897,4,-37.1493,1.8188,-1.3550
120.909,4,-37.1389,1.8188,-1.3539
120.920,4,-37.1287,1.8192,-1.3532
120.931,4,-37.1183,1.8200,-1.3525
120.942,4,-37.1082,1.8217,-1.3518
120.954,4,-37.0979,1.8240,-1.3511
120.966,4,-37.0877,1.8267,-1.3505
120.976,4,-37.0775,1.8292,-1.3500
120.988,4,-37.0673,1.8316,-1.3497
120.998,4,-37.0573,1.8338,-1.3494
121.009,4,-37.0474,1.8360,-1.3491
121.021,4,-37.0376,1.8378,-1.3489
121.031,4,-37.0278,1.8395,-1.3490
121.043,4,-37.0179,1.8412,-1.3490
121.054,4,-37.0083,1.8430,-1.3492
121.065,4,-36.9985,1.8450,-1.3494
121.076,4,-36.9887,1.8468,-1.3497
121.087,4,-36.9789,1.8483,-1.3503
121.098,4,-36.9692,1.8496,-1.3508
121.109,4,-36.9595,1.8508,-1.3514
121.121,4,-36.9498,1.8518,-1.3520
121.132,4,-36.9403,1.8528,-1.3526
121.143,4,-36.9307,1.8535,-1.3532
121.153,4,-36.9213,1.8542,-1.3537
121.165,4,-36.9118,1.8546,-1.3544
121.176,4,-36.9025,1.8547,-1.3550
121.187,4,-36.8931,1.8548,-1.3557
121.198,4,-36.8838,1.8545,-1.3564
121.209,4,-36.8745,1.8541,-1.3571
121.220,4,-36.8652,1.8535,-1.3577
121.231,4,-36.8560,1.8530,-1.3583
121.242,4,-36.8466,1.8523,-1.3588
121.253,4,-36.8371,1.8517,-1.3595
121.265,4,-36.8277,1.8511,-1.3597
121.276,4,-36.8181,1.8502,-1.3604
121.287,4,-36.8083,1.8494,-1.3610
121.298,4,-36.7988,1.8484,-1.3618
121.309,4,-36.7890,1.8473,-1.3626
121.320,4,-36.7793,1.8460,-1.3634
121.332,4,-36.7694,1.8447,-1.3644
121.343,4,-36.7597,1.8432,-1.3654
121.353,4,-36.7501,1.8415,-1.3663
121.365,4,-36.7404,1.8395,-1.3672
121.376,4,-36.7309,1.8372,-1.3683
121.387,4,-36.7214,1.8348,-1.3695
121.398,4,-36.7118,1.8328,-1.3707
121.409,4,-36.7023,1.8309,-1.3720
121.420,4,-36.6929,1.8290,-1.3732
121.431,4,-36.6834,1.8271,-1.3745
121.442,4,-36.6738,1.8252,-1.3761
121.453,4,-36.6643,1.8235,-1.3776
121.464,4,-36.6547,1.8220,-1.3794
121.475,4,-36.6453,1.8211,-1.3812
121.487,4,-36.6357,1.8209,-1.3831
121.497,4,-36.6257,1.8215,-1.3850
121.509,4,-36.6159,1.8224,-1.3871
121.520,4,-36.6061,1.8228,-1.3891
121.531,4,-36.5965,1.8238,-1.3913
121.542,4,-36.5868,1.8250,-1.3933
121.553,4,-36.5771,1.8264,-1.3953
121.564,4,-36.5676,1.8279,-1.3974
121.575,4,-36.5582,1.8295,-1.3993
121.586,4,-36.5489,1.8308,-1.4011
121.597,4,-36.5399,1.8316,-1.4028
121.608,4,-36.5311,1.8321,-1.4044
121.620,4,-36.5225,1.8322,-1.4058
121.631,4,-36.5138,1.8324,-1.4070
121.642,4,-36.5054,1.8327,-1.4082
121.653,4,-36.4969,1.8334,-1.4093
121.665,4,-36.4884,1.8345,-1.4104
121.676,4,-36.4797,1.8360,-1.4114
121.687,4,-36.4709,1.8374,-1.4126
121.698,4,-36.4621,1.8387,-1.4135
121.709,4,-36.4533,1.8399,-1.4138
121.720,4,-36.4446,1.8409,-1.4144
121.731,4,-36.4361,1.8421,-1.4150
121.743,4,-36.4275,1.8433,-1.4154
121.754,4,-36.4189,1.8446,-1.4158
121.765,4,-36.4102,1.8458,-1.4162
121.776,4,-36.4016,1.8470,-1.4165
121.787,4,-36.3930,1.8478,-1.4168
121.798,4,-36.3844,1.8485,-1.4171
121.810,4,-36.3758,1.8489,-1.4172
121.821,4,-36.3672,1.8491,-1.4175
121.832,4,-36.3586,1.8492,-1.4177
121.843,4,-36.3501,1.8491,-1.4178
121.854,4,-36.3416,1.8490,-1.4181
121.865,4,-36.3329,1.8487,-1.4183
121.876,4,-36.3243,1.8482,-1.4186
121.887,4,-36.3156,1.8478,-1.4188
121.898,4,-36.3069,1.8471,-1.4191
121.909,4,-36.2981,1.8464,-1.4193
121.920,4,-36.2892,1.8455,-1.4195
121.931,4,-36.2804,1.8445,-1.4198
121.943,4,-36.2714,1.8433,-1.4201
121.953,4,-36.2625,1.8418,-1.4203
121.964,4,-36.2536,1.8401,-1.4204
121.976,4,-36.2446,1.8383,-1.4206
121.986,4,-36.2358,1.8361,-1.4207
121.998,4,-36.2270,1.8338,-1.4208
122.009,4,-36.2182,1.8316,-1.4208
122.020,4,-36.2094,1.8297,-1.4208
122.031,4,-36.2007,1.8279,-1.4208
122.042,4,-36.1920,1.8260,-1.4206
122.053,4,-36.1833,1.8242,-1.4204
122.065,4,-36.1745,1.8226,-1.4202
122.075,4,-36.1656,1.8211,-1.4198
122.086,4,-36.1567,1.8195,-1.4195
122.098,4,-36.1478,1.8178,-1.4191
122.109,4,-36.1391,1.8163,-1.4186
122.120,4,-36.1304,1.8154,-1.4181
122.131,4,-36.1216,1.8151,-1.4176
122.142,4,-36.1127,1.8154,-1.4170
122.153,4,-36.1041,1.8156,-1.4162
122.164,4,-36.0955,1.8155,-1.4154
122.175,4,-36.0871,1.8157,-1.4148
122.186,4,-36.0785,1.8160,-1.4142
122.197,4,-36.0700,1.8167,-1.4136
122.209,4,-36.0615,1.8179,-1.4130
122.219,4,-36.0530,1.8194,-1.4125
122.231,4,-36.0447,1.8212,-1.4119
122.242,4,-36.0363,1.8227,-1.4115
122.253,4,-36.0280,1.8240,-1.4111
122.264,4,-36.0197,1.8252,-1.4108
122.275,4,-36.0114,1.8263,-1.4105
122.286,4,-36.0030,1.8275,-1.4103
122.298,4,-35.9947,1.8289,-1.4102
122.309,4,-35.9864,1.8304,-1.4101
122.320,4,-35.9780,1.8323,-1.4102
122.331,4,-35.9698,1.8339,-1.4103
122.342,4,-35.9614,1.8354,-1.4104
122.354,4,-35.9531,1.8368,-1.4105
122.364,4,-35.9447,1.8382,-1.4106
122.375,4,-35.9364,1.8395,-1.4107
122.387,4,-35.9281,1.8408,-1.4109
122.398,4,-35.9198,1.8421,-1.4111
122.408,4,-35.9120,1.8432,-1.4113
122.420,4,-35.9038,1.8442,-1.4114
122.431,4,-35.8957,1.8450,-1.4116
122.442,4,-35.8875,1.8455,-1.4118
122.453,4,-35.8797,1.8459,-1.4119
122.464,4,-35.8717,1.8461,-1.4121
122.475,4,-35.8639,1.8463,-1.4123
122.486,4,-35.8560,1.8464,-1.4125
122.498,4,-35.8480,1.8464,-1.4128
122.508,4,-35.8402,1.8464,-1.4131
122.519,4,-35.8323,1.8463,-1.4133
122.531,4,-35.8244,1.8461,-1.4136
122.543,4,-35.8164,1.8458,-1.4140
122.553,4,-35.8084,1.8455,-1.4143
122.564,4,-35.8004,1.8451,-1.4146
122.575,4,-35.7923,1.8445,-1.4149
122.586,4,-35.7844,1.8438,-1.4155
122.597,4,-35.7763,1.8430,-1.4158
122.609,4,-35.7683,1.8419,-1.4162
122.620,4,-35.7601,1.8405,-1.4167
122.631,4,-35.7521,1.8389,-1.4171
122.642,4,-35.7444,1.8372,-1.4178
122.653,4,-35.7365,1.8355,-1.4184
122.664,4,-35.7287,1.8340,-1.4191
122.675,4,-35.7208,1.8328,-1.4198
122.686,4,-35.7129,1.8316,-1.4206
122.697,4,-35.7050,1.8303,-1.4214
122.708,4,-35.6971,1.8290,-1.4222
122.719,4,-35.6892,1.8278,-1.4233
122.730,4,-35.6813,1.8267,-1.4243
122.741,4,-35.6734,1.8257,-1.4255
122.752,4,-35.6655,1.8251,-1.4266
122.764,4,-35.6577,1.8247,-1.4280
122.775,4,-35.6499,1.8249,-1.4294
122.786,4,-35.6421,1.8249,-1.4307
122.797,4,-35.6344,1.8252,-1.4322
122.808,4,-35.6267,1.8263,-1.4336
122.820,4,-35.6188,1.8280,-1.4351
122.830,4,-35.6110,1.8303,-1.4364
122.842,4,-35.6033,1.8320,-1.4377
122.853,4,-35.5960,1.8330,-1.4390
122.864,4,-35.5889,1.8335,-1.4404
122.875,4,-35.5819,1.8338,-1.4415
122.886,4,-35.5750,1.8338,-1.4427
122.896,4,-35.5682,1.8339,-1.4438
122.908,4,-35.5617,1.8339,-1.4443
122.919,4,-35.5553,1.8339,-1.4451
122.931,4,-35.5486,1.8342,-1.4459
122.942,4,-35.5420,1.8347,-1.4467
122.954,4,-35.5352,1.8355,-1.4472
122.966,4,-35.5284,1.8365,-1.4476
122.977,4,-35.5216,1.8373,-1.4477
122.989,4,-35.5149,1.8380,-1.4478
123.000,4,-35.5083,1.8389,-1.4475
123.012,4,-35.5019,1.8398,-1.4472
123.023,4,-35.4956,1.8408,-1.4467
123.035,4,-35.4893,1.8417,-1.4461
123.047,4,-35.4834,1.8428,-1.4456
123.059,4,-35.4774,1.8437,-1.4449
123.070,4,-35.4715,1.8446,-1.4442
123.081,4,-35.4655,1.8453,-1.4436
123.093,4,-35.4598,1.8459,-1.4429
123.105,4,-35.4540,1.8464,-1.4420
123.117,4,-35.4484,1.8467,-1.4410
123.128,4,-35.4429,1.8470,-1.4402
123.139,4,-35.4373,1.8471,-1.4393
123.151,4,-35.4319,1.8472,-1.4383
123.162,4,-35.4261,1.8478,-1.4371
123.173,4,-35.4207,1.8479,-1.4360
123.184,4,-35.4152,1.8479,-1.4348
123.196,4,-35.4097,1.8478,-1.4336
123.208,4,-35.4046,1.8474,-1.4324
123.218,4,-35.3993,1.8468,-1.4311
123.230,4,-35.3942,1.8458,-1.4298
123.241,4,-35.3891,1.8446,-1.4286
123.252,4,-35.3843,1.8434,-1.4272
123.263,4,-35.3794,1.8424,-1.4257
123.274,4,-35.3749,1.8415,-1.4242
123.285,4,-35.3704,1.8407,-1.4227
123.297,4,-35.3661,1.8395,-1.4212
123.308,4,-35.3621,1.8383,-1.4196
123.319,4,-35.3582,1.8370,-1.4180
123.330,4,-35.3543,1.8360,-1.4164
123.342,4,-35.3505,1.8352,-1.4147
123.353,4,-35.3466,1.8355,-1.4131
123.364,4,-35.3425,1.8366,-1.4114
123.376,4,-35.3384,1.8381,-1.4099
123.386,4,-35.3344,1.8391,-1.4084
123.398,4,-35.3304,1.8396,-1.4068
123.409,4,-35.3268,1.8395,-1.4052
123.421,4,-35.3233,1.8389,-1.4037
123.433,4,-35.3200,1.8383,-1.4023
123.444,4,-35.3169,1.8379,-1.4007
123.455,4,-35.3138,1.8383,-1.3995
123.467,4,-35.3108,1.8388,-1.3983
123.479,4,-35.3081,1.8394,-1.3974
123.490,4,-35.3052,1.8397,-1.3964
123.502,4,-35.3023,1.8399,-1.3955
123.514,4,-35.2993,1.8403,-1.3949
123.526,4,-35.2965,1.8406,-1.3942
123.537,4,-35.2938,1.8411,-1.3936
123.548,4,-35.2914,1.8417,-1.3934
123.560,4,-35.2891,1.8422,-1.3932
123.572,4,-35.2870,1.8426,-1.3933
123.584,4,-35.2852,1.8429,-1.3933
123.595,4,-35.2832,1.8433,-1.3932
123.606,4,-35.2816,1.8437,-1.3933
123.618,4,-35.2798,1.8443,-1.3933
123.629,4,-35.2781,1.8449,-1.3936
123.641,4,-35.2766,1.8454,-1.3938
123.652,4,-35.2751,1.8457,-1.3940
123.663,4,-35.2738,1.8460,-1.3948
123.674,4,-35.2724,1.8463,-1.3949
123.686,4,-35.2710,1.8465,-1.3951
123.697,4,-35.2696,1.8467,-1.3954
123.708,4,-35.2682,1.8469,-1.3956
123.720,4,-35.2670,1.8470,-1.3958
123.731,4,-35.2659,1.8469,-1.3960
123.743,4,-35.2648,1.8469,-1.3962
123.755,4,-35.2637,1.8466,-1.3963
123.766,4,-35.2626,1.8462,-1.3965
123.778,4,-35.2615,1.8457,-1.3971
123.790,4,-35.2605,1.8452,-1.3978
123.801,4,-35.2595,1.8448,-1.3981
123.813,4,-35.2587,1.8443,-1.3985
123.824,4,-35.2580,1.8437,-1.3992
123.836,4,-35.2573,1.8431,-1.3996
123.848,4,-35.2566,1.8426,-1.4004
123.859,4,-35.2559,1.8422,-1.4008
123.871,4,-35.2552,1.8421,-1.4014
123.883,4,-35.2545,1.8424,-1.4018
123.894,4,-35.2537,1.8427,-1.4025
123.906,4,-35.2529,1.8428,-1.4030
123.917,4,-35.2522,1.8429,-1.4037
123.929,4,-35.2514,1.8434,-1.4044
123.941,4,-35.2507,1.8441,-1.4054
123.952,4,-35.2496,1.8448,-1.4059
123.963,4,-35.2489,1.8455,-1.4068
123.974,4,-35.2479,1.8461,-1.4074
123.985,4,-35.2471,1.8465,-1.4083
123.997,4,-35.2462,1.8468,-1.4091
124.008,4,-35.2453,1.8470,-1.4099
124.019,4,-35.2445,1.8474,-1.4108
124.031,4,-35.2435,1.8475,-1.4114
124.042,4,-35.2426,1.8477,-1.4121
124.053,4,-35.2416,1.8479,-1.4127
124.064,4,-35.2408,1.8481,-1.4140
124.076,4,-35.2398,1.8481,-1.4147
124.086,4,-35.2390,1.8481,-1.4159
124.097,4,-35.2379,1.8482,-1.4166
124.109,4,-35.2369,1.8483,-1.4175
124.121,4,-35.2360,1.8485,-1.4184
124.133,4,-35.2349,1.8485,-1.4192
124.144,4,-35.2339,1.8486,-1.4200
124.156,4,-35.2329,1.8486,-1.4209
124.167,4,-35.2319,1.8485,-1.4217
124.179,4,-35.2310,1.8484,-1.4225
124.191,4,-35.2301,1.8484,-1.4233
124.202,4,-35.2292,1.8482,-1.4242
124.214,4,-35.2283,1.8482,-1.4250
124.225,4,-35.2275,1.8482,-1.4261
124.237,4,-35.2266,1.8480,-1.4268
124.249,4,-35.2257,1.8480,-1.4274
124.261,4,-35.2249,1.8479,-1.4282
124.272,4,-35.2242,1.8479,-1.4289
124.284,4,-35.2235,1.8478,-1.4296
124.295,4,-35.2228,1.8480,-1.4301
124.307,4,-35.2220,1.8480,-1.4305
124.318,4,-35.2212,1.8480,-1.4310
124.330,4,-35.2205,1.8480,-1.4311
124.341,4,-35.2198,1.8480,-1.4315
124.352,4,-35.2192,1.8482,-1.4316
124.363,4,-35.2185,1.8483,-1.4315

# --- Trial 5 start ---
132.416,5,-39.7144,1.8813,-1.2266
132.432,5,-39.7132,1.8816,-1.2278
132.441,5,-39.7123,1.8819,-1.2288
132.449,5,-39.7113,1.8822,-1.2299
132.458,5,-39.7103,1.8825,-1.2309
132.469,5,-39.7093,1.8827,-1.2321
132.480,5,-39.7082,1.8829,-1.2333
132.491,5,-39.7072,1.8831,-1.2346
132.502,5,-39.7061,1.8833,-1.2360
132.513,5,-39.7048,1.8835,-1.2375
132.525,5,-39.7036,1.8835,-1.2390
132.542,5,-39.7024,1.8836,-1.2405
132.550,5,-39.7013,1.8836,-1.2420
132.559,5,-39.7001,1.8837,-1.2434
132.581,5,-39.6987,1.8836,-1.2451
132.593,5,-39.6959,1.8838,-1.2482
132.610,5,-39.6929,1.8840,-1.2513
132.619,5,-39.6913,1.8841,-1.2529
132.635,5,-39.6895,1.8842,-1.2545
132.646,5,-39.6879,1.8842,-1.2561
132.658,5,-39.6860,1.8841,-1.2578
132.670,5,-39.6841,1.8838,-1.2595
132.679,5,-39.6822,1.8836,-1.2611
132.690,5,-39.6803,1.8834,-1.2628
132.701,5,-39.6784,1.8831,-1.2645
132.713,5,-39.6766,1.8826,-1.2662
132.724,5,-39.6746,1.8823,-1.2680
132.735,5,-39.6726,1.8818,-1.2697
132.746,5,-39.6705,1.8814,-1.2715
132.757,5,-39.6683,1.8808,-1.2734
132.768,5,-39.6661,1.8803,-1.2753
132.780,5,-39.6638,1.8798,-1.2773
132.791,5,-39.6616,1.8793,-1.2793
132.802,5,-39.6594,1.8788,-1.2814
132.813,5,-39.6570,1.8783,-1.2836
132.824,5,-39.6546,1.8778,-1.2858
132.834,5,-39.6521,1.8773,-1.2882
132.846,5,-39.6496,1.8764,-1.2906
132.857,5,-39.6474,1.8754,-1.2930
132.868,5,-39.6451,1.8749,-1.2957
132.879,5,-39.6424,1.8768,-1.2983
132.890,5,-39.6389,1.8803,-1.3008
132.901,5,-39.6350,1.8852,-1.3032
132.912,5,-39.6314,1.8877,-1.3057
132.923,5,-39.6277,1.8890,-1.3083
132.934,5,-39.6246,1.8893,-1.3111
132.945,5,-39.6216,1.8884,-1.3139
132.957,5,-39.6186,1.8874,-1.3165
132.968,5,-39.6156,1.8863,-1.3192
132.979,5,-39.6126,1.8858,-1.3220
132.990,5,-39.6096,1.8857,-1.3247
133.001,5,-39.6063,1.8856,-1.3272
133.013,5,-39.6030,1.8854,-1.3298
133.024,5,-39.5995,1.8847,-1.3322
133.035,5,-39.5961,1.8834,-1.3347
133.046,5,-39.5926,1.8820,-1.3372
133.057,5,-39.5890,1.8805,-1.3399
133.068,5,-39.5854,1.8795,-1.3423
133.080,5,-39.5814,1.8787,-1.3447
133.091,5,-39.5771,1.8783,-1.3470
133.102,5,-39.5728,1.8779,-1.3491
133.113,5,-39.5683,1.8778,-1.3511
133.124,5,-39.5639,1.8776,-1.3530
133.136,5,-39.5595,1.8770,-1.3548
133.147,5,-39.5550,1.8763,-1.3565
133.158,5,-39.5505,1.8753,-1.3581
133.170,5,-39.5459,1.8741,-1.3595
133.181,5,-39.5411,1.8728,-1.3608
133.192,5,-39.5362,1.8718,-1.3620
133.203,5,-39.5314,1.8708,-1.3630
133.215,5,-39.5264,1.8700,-1.3640
133.226,5,-39.5214,1.8693,-1.3649
133.236,5,-39.5162,1.8686,-1.3658
133.248,5,-39.5108,1.8680,-1.3664
133.259,5,-39.5054,1.8672,-1.3668
133.270,5,-39.4996,1.8667,-1.3671
133.281,5,-39.4936,1.8661,-1.3671
133.292,5,-39.4874,1.8660,-1.3672
133.303,5,-39.4811,1.8659,-1.3672
133.314,5,-39.4748,1.8657,-1.3673
133.326,5,-39.4683,1.8656,-1.3671
133.337,5,-39.4616,1.8655,-1.3669
133.348,5,-39.4547,1.8655,-1.3664
133.359,5,-39.4476,1.8654,-1.3660
133.370,5,-39.4406,1.8654,-1.3655
133.382,5,-39.4333,1.8655,-1.3649
133.392,5,-39.4258,1.8655,-1.3642
133.403,5,-39.4181,1.8653,-1.3635
133.415,5,-39.4104,1.8651,-1.3626
133.425,5,-39.4025,1.8647,-1.3617
133.437,5,-39.3946,1.8643,-1.3606
133.448,5,-39.3864,1.8639,-1.3596
133.459,5,-39.3783,1.8634,-1.3584
133.470,5,-39.3701,1.8626,-1.3571
133.481,5,-39.3619,1.8618,-1.3559
133.492,5,-39.3539,1.8606,-1.3543
133.503,5,-39.3459,1.8593,-1.3528
133.514,5,-39.3379,1.8580,-1.3512
133.525,5,-39.3299,1.8567,-1.3493
133.536,5,-39.3219,1.8556,-1.3475
133.547,5,-39.3138,1.8542,-1.3454
133.559,5,-39.3059,1.8530,-1.3435
133.570,5,-39.2983,1.8517,-1.3414
133.581,5,-39.2904,1.8513,-1.3393
133.592,5,-39.2823,1.8514,-1.3371
133.603,5,-39.2740,1.8520,-1.3348
133.614,5,-39.2658,1.8526,-1.3326
133.625,5,-39.2578,1.8532,-1.3303
133.636,5,-39.2497,1.8543,-1.3282
133.648,5,-39.2416,1.8558,-1.3259
133.659,5,-39.2335,1.8578,-1.3237
133.670,5,-39.2253,1.8600,-1.3216
133.682,5,-39.2173,1.8622,-1.3195
133.693,5,-39.2093,1.8638,-1.3177
133.704,5,-39.2013,1.8650,-1.3162
133.714,5,-39.1935,1.8659,-1.3147
133.725,5,-39.1857,1.8666,-1.3134
133.737,5,-39.1781,1.8672,-1.3122
133.748,5,-39.1705,1.8678,-1.3114
133.759,5,-39.1630,1.8684,-1.3107
133.770,5,-39.1556,1.8689,-1.3104
133.781,5,-39.1482,1.8693,-1.3101
133.792,5,-39.1406,1.8696,-1.3099
133.803,5,-39.1328,1.8697,-1.3098
133.814,5,-39.1253,1.8700,-1.3095
133.825,5,-39.1175,1.8702,-1.3095
133.837,5,-39.1098,1.8704,-1.3097
133.848,5,-39.1021,1.8705,-1.3100
133.859,5,-39.0943,1.8705,-1.3105
133.870,5,-39.0865,1.8704,-1.3109
133.881,5,-39.0785,1.8702,-1.3113
133.892,5,-39.0705,1.8701,-1.3118
133.903,5,-39.0625,1.8698,-1.3121
133.914,5,-39.0544,1.8696,-1.3127
133.926,5,-39.0462,1.8693,-1.3133
133.937,5,-39.0380,1.8691,-1.3140
133.948,5,-39.0296,1.8686,-1.3146
133.959,5,-39.0212,1.8682,-1.3151
133.970,5,-39.0126,1.8677,-1.3156
133.981,5,-39.0039,1.8671,-1.3161
133.992,5,-38.9948,1.8664,-1.3168
134.004,5,-38.9857,1.8656,-1.3174
134.015,5,-38.9765,1.8649,-1.3182
134.025,5,-38.9673,1.8639,-1.3189
134.036,5,-38.9579,1.8627,-1.3195
134.048,5,-38.9484,1.8611,-1.3202
134.058,5,-38.9392,1.8593,-1.3207
134.070,5,-38.9297,1.8571,-1.3214
134.080,5,-38.9204,1.8549,-1.3223
134.092,5,-38.9107,1.8527,-1.3233
134.103,5,-38.9012,1.8507,-1.3243
134.114,5,-38.8917,1.8488,-1.3254
134.125,5,-38.8820,1.8470,-1.3265
134.136,5,-38.8725,1.8452,-1.3277
134.147,5,-38.8628,1.8435,-1.3290
134.158,5,-38.8530,1.8421,-1.3305
134.170,5,-38.8430,1.8410,-1.3323
134.181,5,-38.8331,1.8403,-1.3340
134.192,5,-38.8230,1.8403,-1.3357
134.203,5,-38.8126,1.8412,-1.3376
134.214,5,-38.8020,1.8427,-1.3395
134.225,5,-38.7915,1.8439,-1.3416
134.236,5,-38.7808,1.8457,-1.3438
134.247,5,-38.7703,1.8475,-1.3458
134.259,5,-38.7598,1.8496,-1.3483
134.270,5,-38.7498,1.8513,-1.3505
134.281,5,-38.7399,1.8531,-1.3527
134.292,5,-38.7301,1.8546,-1.3548
134.303,5,-38.7205,1.8557,-1.3569
134.314,5,-38.7112,1.8565,-1.3589
134.325,5,-38.7021,1.8567,-1.3608
134.336,5,-38.6931,1.8571,-1.3626
134.347,5,-38.6841,1.8578,-1.3643
134.359,5,-38.6750,1.8588,-1.3659
134.370,5,-38.6659,1.8602,-1.3674
134.381,5,-38.6566,1.8617,-1.3689
134.392,5,-38.6474,1.8631,-1.3703
134.403,5,-38.6382,1.8641,-1.3716
134.414,5,-38.6292,1.8648,-1.3727
134.425,5,-38.6203,1.8656,-1.3736
134.436,5,-38.6114,1.8664,-1.3744
134.447,5,-38.6026,1.8675,-1.3751
134.458,5,-38.5937,1.8684,-1.3758
134.469,5,-38.5844,1.8695,-1.3764
134.480,5,-38.5752,1.8703,-1.3768
134.492,5,-38.5656,1.8711,-1.3772
134.503,5,-38.5562,1.8716,-1.3775
134.514,5,-38.5467,1.8717,-1.3778
134.525,5,-38.5375,1.8718,-1.3782
134.536,5,-38.5282,1.8717,-1.3783
134.548,5,-38.5189,1.8715,-1.3785
134.558,5,-38.5095,1.8712,-1.3787
134.570,5,-38.5002,1.8707,-1.3788
134.580,5,-38.4906,1.8699,-1.3789
134.591,5,-38.4807,1.8691,-1.3789
134.603,5,-38.4710,1.8684,-1.3790
134.613,5,-38.4612,1.8672,-1.3792
134.624,5,-38.4515,1.8661,-1.3793
134.636,5,-38.4413,1.8648,-1.3794
134.647,5,-38.4313,1.8634,-1.3795
134.658,5,-38.4212,1.8618,-1.3794
134.669,5,-38.4110,1.8599,-1.3793
134.681,5,-38.4004,1.8580,-1.3791
134.693,5,-38.3897,1.8558,-1.3790
134.703,5,-38.3791,1.8537,-1.3787
134.713,5,-38.3685,1.8515,-1.3785
134.725,5,-38.3577,1.8491,-1.3782
134.735,5,-38.3472,1.8469,-1.3777
134.747,5,-38.3365,1.8450,-1.3771
134.758,5,-38.3257,1.8431,-1.3766
134.769,5,-38.3147,1.8413,-1.3760
134.780,5,-38.3039,1.8398,-1.3753
134.791,5,-38.2929,1.8385,-1.3747
134.802,5,-38.2820,1.8371,-1.3740
134.813,5,-38.2710,1.8360,-1.3734
134.825,5,-38.2601,1.8356,-1.3727
134.835,5,-38.2493,1.8356,-1.3718
134.847,5,-38.2385,1.8358,-1.3710
134.857,5,-38.2278,1.8363,-1.3703
134.869,5,-38.2170,1.8373,-1.3695
134.880,5,-38.2064,1.8389,-1.3689
134.891,5,-38.1958,1.8406,-1.3682
134.902,5,-38.1853,1.8428,-1.3677
134.913,5,-38.1748,1.8447,-1.3671
134.924,5,-38.1644,1.8464,-1.3666
134.935,5,-38.1540,1.8477,-1.3662
134.946,5,-38.1435,1.8489,-1.3659
134.957,5,-38.1333,1.8502,-1.3657
134.968,5,-38.1231,1.8516,-1.3654
134.979,5,-38.1128,1.8533,-1.3654
134.990,5,-38.1024,1.8553,-1.3654
135.002,5,-38.0920,1.8572,-1.3655
135.013,5,-38.0815,1.8589,-1.3657
135.024,5,-38.0711,1.8604,-1.3660
135.035,5,-38.0608,1.8618,-1.3663
135.046,5,-38.0505,1.8629,-1.3665
135.057,5,-38.0403,1.8640,-1.3668
135.069,5,-38.0303,1.8649,-1.3671
135.080,5,-38.0203,1.8655,-1.3676
135.091,5,-38.0102,1.8660,-1.3681
135.103,5,-38.0002,1.8663,-1.3685
135.114,5,-37.9901,1.8663,-1.3691
135.125,5,-37.9800,1.8661,-1.3696
135.136,5,-37.9698,1.8658,-1.3700
135.147,5,-37.9598,1.8654,-1.3703
135.158,5,-37.9499,1.8650,-1.3708
135.169,5,-37.9397,1.8644,-1.3713
135.180,5,-37.9296,1.8637,-1.3718
135.192,5,-37.9193,1.8630,-1.3723
135.202,5,-37.9091,1.8622,-1.3728
135.213,5,-37.8989,1.8611,-1.3732
135.225,5,-37.8884,1.8600,-1.3738
135.236,5,-37.8779,1.8587,-1.3743
135.246,5,-37.8674,1.8574,-1.3749
135.258,5,-37.8567,1.8562,-1.3757
135.269,5,-37.8458,1.8547,-1.3764
135.280,5,-37.8350,1.8531,-1.3771
135.291,5,-37.8241,1.8511,-1.3779
135.302,5,-37.8135,1.8489,-1.3787
135.313,5,-37.8028,1.8466,-1.3796
135.324,5,-37.7922,1.8445,-1.3806
135.336,5,-37.7816,1.8427,-1.3817
135.347,5,-37.7709,1.8409,-1.3829
135.358,5,-37.7605,1.8390,-1.3841
135.369,5,-37.7500,1.8372,-1.3853
135.380,5,-37.7395,1.8357,-1.3866
135.391,5,-37.7287,1.8345,-1.3880
135.402,5,-37.7180,1.8336,-1.3895
135.413,5,-37.7074,1.8332,-1.3912
135.425,5,-37.6966,1.8334,-1.3929
135.436,5,-37.6859,1.8340,-1.3947
135.447,5,-37.6750,1.8347,-1.3967
135.458,5,-37.6643,1.8353,-1.3984
135.469,5,-37.6536,1.8365,-1.4004
135.480,5,-37.6430,1.8384,-1.4023
135.492,5,-37.6323,1.8407,-1.4041
135.502,5,-37.6216,1.8432,-1.4059
135.513,5,-37.6112,1.8450,-1.4075
135.524,5,-37.6010,1.8460,-1.4091
135.536,5,-37.5911,1.8464,-1.4106
135.547,5,-37.5812,1.8462,-1.4119
135.558,5,-37.5715,1.8464,-1.4131
135.569,5,-37.5617,1.8468,-1.4141
135.580,5,-37.5520,1.8478,-1.4150
135.591,5,-37.5424,1.8493,-1.4158
135.602,5,-37.5326,1.8508,-1.4166
135.613,5,-37.5231,1.8521,-1.4173
135.624,5,-37.5133,1.8531,-1.4178
135.635,5,-37.5034,1.8540,-1.4184
135.646,5,-37.4935,1.8548,-1.4187
135.658,5,-37.4835,1.8558,-1.4190
135.669,5,-37.4736,1.8567,-1.4194
135.680,5,-37.4639,1.8576,-1.4196
135.691,5,-37.4541,1.8583,-1.4198
135.702,5,-37.4444,1.8587,-1.4197
135.714,5,-37.4346,1.8589,-1.4196
135.724,5,-37.4248,1.8590,-1.4195
135.736,5,-37.4150,1.8589,-1.4193
135.747,5,-37.4052,1.8586,-1.4191
135.758,5,-37.3954,1.8581,-1.4189
135.769,5,-37.3857,1.8573,-1.4187
135.780,5,-37.3759,1.8567,-1.4185
135.791,5,-37.3662,1.8558,-1.4183
135.802,5,-37.3562,1.8550,-1.4180
135.813,5,-37.3462,1.8539,-1.4177
135.824,5,-37.3361,1.8528,-1.4175
135.835,5,-37.3259,1.8515,-1.4171
135.846,5,-37.3158,1.8502,-1.4169
135.857,5,-37.3056,1.8486,-1.4166
135.869,5,-37.2953,1.8468,-1.4163
135.880,5,-37.2849,1.8448,-1.4160
135.891,5,-37.2747,1.8426,-1.4156
135.902,5,-37.2645,1.8399,-1.4152
135.913,5,-37.2543,1.8372,-1.4147
135.924,5,-37.2440,1.8347,-1.4143
135.936,5,-37.2340,1.8325,-1.4138
135.947,5,-37.2240,1.8303,-1.4132
135.958,5,-37.2140,1.8282,-1.4126
135.969,5,-37.2039,1.8263,-1.4120
135.981,5,-37.1936,1.8246,-1.4113
135.992,5,-37.1833,1.8230,-1.4105
136.003,5,-37.1729,1.8215,-1.4096
136.014,5,-37.1625,1.8202,-1.4088
136.025,5,-37.1521,1.8195,-1.4079
136.036,5,-37.1418,1.8197,-1.4071
136.047,5,-37.1315,1.8197,-1.4062
136.058,5,-37.1213,1.8201,-1.4053
136.069,5,-37.1112,1.8206,-1.4045
136.080,5,-37.1011,1.8215,-1.4037
136.091,5,-37.0910,1.8226,-1.4029
136.102,5,-37.0809,1.8242,-1.4023
136.113,5,-37.0709,1.8262,-1.4016
136.124,5,-37.0609,1.8282,-1.4010
136.135,5,-37.0512,1.8298,-1.4006
136.146,5,-37.0414,1.8311,-1.4001
136.157,5,-37.0317,1.8324,-1.3999
136.168,5,-37.0218,1.8336,-1.3996
136.179,5,-37.0120,1.8349,-1.3996
136.191,5,-37.0023,1.8366,-1.3995
136.202,5,-36.9924,1.8384,-1.3996
136.213,5,-36.9826,1.8401,-1.4000
136.225,5,-36.9728,1.8417,-1.4005
136.236,5,-36.9630,1.8432,-1.4009
136.246,5,-36.9531,1.8447,-1.4013
136.258,5,-36.9434,1.8461,-1.4020
136.269,5,-36.9335,1.8474,-1.4025
136.280,5,-36.9237,1.8486,-1.4033
136.291,5,-36.9145,1.8495,-1.4041
136.302,5,-36.9049,1.8503,-1.4050
136.313,5,-36.8954,1.8508,-1.4059
136.324,5,-36.8858,1.8512,-1.4068
136.335,5,-36.8763,1.8512,-1.4078
136.347,5,-36.8669,1.8512,-1.4087
136.357,5,-36.8575,1.8510,-1.4096
136.368,5,-36.8481,1.8506,-1.4106
136.380,5,-36.8388,1.8501,-1.4115
136.391,5,-36.8296,1.8495,-1.4124
136.402,5,-36.8201,1.8489,-1.4133
136.414,5,-36.8108,1.8482,-1.4142
136.425,5,-36.8010,1.8475,-1.4150
136.435,5,-36.7913,1.8467,-1.4160
136.447,5,-36.7816,1.8459,-1.4169
136.458,5,-36.7717,1.8448,-1.4179
136.469,5,-36.7617,1.8438,-1.4190
136.480,5,-36.7517,1.8424,-1.4200
136.491,5,-36.7418,1.8407,-1.4211
136.502,5,-36.7319,1.8388,-1.4222
136.513,5,-36.7219,1.8365,-1.4235
136.524,5,-36.7120,1.8345,-1.4247
136.535,5,-36.7021,1.8328,-1.4261
136.546,5,-36.6923,1.8314,-1.4274
136.557,5,-36.6823,1.8298,-1.4289
136.569,5,-36.6723,1.8282,-1.4305
136.580,5,-36.6623,1.8268,-1.4320
136.591,5,-36.6523,1.8256,-1.4338
136.602,5,-36.6421,1.8244,-1.4357
136.613,5,-36.6318,1.8237,-1.4377
136.624,5,-36.6214,1.8235,-1.4397
136.635,5,-36.6108,1.8240,-1.4420
136.646,5,-36.6004,1.8246,-1.4443
136.658,5,-36.5900,1.8253,-1.4466
136.669,5,-36.5798,1.8266,-1.4489
136.680,5,-36.5694,1.8282,-1.4512
136.691,5,-36.5591,1.8302,-1.4536
136.702,5,-36.5487,1.8321,-1.4558
136.714,5,-36.5384,1.8337,-1.4580
136.725,5,-36.5284,1.8348,-1.4601
136.736,5,-36.5185,1.8356,-1.4620
136.747,5,-36.5089,1.8362,-1.4639
136.758,5,-36.4995,1.8366,-1.4655
136.769,5,-36.4901,1.8369,-1.4669
136.780,5,-36.4808,1.8373,-1.4682
136.791,5,-36.4715,1.8381,-1.4695
136.802,5,-36.4621,1.8393,-1.4706
136.813,5,-36.4526,1.8406,-1.4717
136.825,5,-36.4432,1.8420,-1.4726
136.835,5,-36.4338,1.8431,-1.4732
136.846,5,-36.4243,1.8442,-1.4739
136.857,5,-36.4149,1.8450,-1.4743
136.869,5,-36.4056,1.8459,-1.4746
136.880,5,-36.3962,1.8469,-1.4749
136.891,5,-36.3869,1.8479,-1.4750
136.902,5,-36.3776,1.8488,-1.4750
136.914,5,-36.3681,1.8496,-1.4751
136.924,5,-36.3589,1.8500,-1.4750
136.935,5,-36.3496,1.8503,-1.4748
136.947,5,-36.3405,1.8504,-1.4744
136.957,5,-36.3312,1.8504,-1.4741
136.969,5,-36.3219,1.8501,-1.4737
136.979,5,-36.3127,1.8498,-1.4734
136.991,5,-36.3033,1.8492,-1.4730
137.001,5,-36.2941,1.8485,-1.4726
137.013,5,-36.2848,1.8476,-1.4721
137.024,5,-36.2755,1.8466,-1.4715
137.035,5,-36.2660,1.8455,-1.4709
137.046,5,-36.2565,1.8444,-1.4703
137.057,5,-36.2471,1.8431,-1.4696
137.068,5,-36.2375,1.8415,-1.4690
137.079,5,-36.2279,1.8398,-1.4682
137.090,5,-36.2185,1.8379,-1.4674
137.101,5,-36.2089,1.8358,-1.4665
137.113,5,-36.1995,1.8334,-1.4656
137.124,5,-36.1900,1.8307,-1.4646
137.135,5,-36.1805,1.8282,-1.4636
137.146,5,-36.1709,1.8260,-1.4625
137.157,5,-36.1613,1.8239,-1.4614
137.168,5,-36.1520,1.8218,-1.4601
137.180,5,-36.1426,1.8198,-1.4588
137.190,5,-36.1330,1.8182,-1.4574
137.202,5,-36.1234,1.8165,-1.4560
137.213,5,-36.1139,1.8148,-1.4545
137.224,5,-36.1045,1.8130,-1.4529
137.235,5,-36.0952,1.8112,-1.4513
137.246,5,-36.0860,1.8103,-1.4496
137.257,5,-36.0768,1.8103,-1.4480
137.269,5,-36.0678,1.8104,-1.4463
137.280,5,-36.0590,1.8105,-1.4447
137.291,5,-36.0504,1.8105,-1.4431
137.302,5,-36.0415,1.8110,-1.4416
137.313,5,-36.0327,1.8121,-1.4401
137.324,5,-36.0240,1.8137,-1.4386
137.335,5,-36.0153,1.8152,-1.4372
137.346,5,-36.0068,1.8168,-1.4358
137.358,5,-35.9984,1.8181,-1.4347
137.368,5,-35.9899,1.8191,-1.4337
137.379,5,-35.9815,1.8202,-1.4327
137.390,5,-35.9729,1.8215,-1.4318
137.402,5,-35.9643,1.8233,-1.4312
137.413,5,-35.9557,1.8253,-1.4306
137.424,5,-35.9472,1.8274,-1.4301
137.435,5,-35.9387,1.8295,-1.4297
137.446,5,-35.9302,1.8315,-1.4293
137.457,5,-35.9217,1.8335,-1.4290
137.468,5,-35.9133,1.8353,-1.4288
137.480,5,-35.9048,1.8371,-1.4285
137.490,5,-35.8965,1.8387,-1.4283
137.502,5,-35.8880,1.8402,-1.4281
137.513,5,-35.8798,1.8413,-1.4281
137.524,5,-35.8717,1.8421,-1.4281
137.535,5,-35.8638,1.8426,-1.4278
137.546,5,-35.8558,1.8430,-1.4278
137.557,5,-35.8480,1.8430,-1.4276
137.568,5,-35.8401,1.8428,-1.4276
137.579,5,-35.8324,1.8426,-1.4276
137.590,5,-35.8246,1.8423,-1.4275
137.601,5,-35.8168,1.8422,-1.4274
137.612,5,-35.8089,1.8424,-1.4273
137.624,5,-35.8012,1.8415,-1.4272
137.635,5,-35.7932,1.8411,-1.4271
137.646,5,-35.7851,1.8405,-1.4271
137.657,5,-35.7771,1.8399,-1.4270
137.669,5,-35.7690,1.8390,-1.4270
137.679,5,-35.7610,1.8380,-1.4269
137.690,5,-35.7532,1.8367,-1.4268
137.701,5,-35.7454,1.8352,-1.4266
137.712,5,-35.7376,1.8334,-1.4267
137.723,5,-35.7300,1.8315,-1.4268
137.734,5,-35.7222,1.8300,-1.4269
137.745,5,-35.7143,1.8286,-1.4269
137.756,5,-35.7067,1.8275,-1.4270
137.767,5,-35.6989,1.8264,-1.4272
137.779,5,-35.6911,1.8253,-1.4275
137.790,5,-35.6833,1.8243,-1.4278
137.802,5,-35.6751,1.8233,-1.4282
137.814,5,-35.6670,1.8224,-1.4287
137.824,5,-35.6593,1.8214,-1.4293
137.836,5,-35.6512,1.8207,-1.4299
137.848,5,-35.6430,1.8205,-1.4308
137.859,5,-35.6350,1.8203,-1.4316
137.871,5,-35.6271,1.8200,-1.4326
137.883,5,-35.6193,1.8199,-1.4336
137.894,5,-35.6115,1.8211,-1.4347
137.905,5,-35.6033,1.8231,-1.4357
137.917,5,-35.5951,1.8255,-1.4366
137.929,5,-35.5870,1.8274,-1.4376
137.940,5,-35.5791,1.8285,-1.4385
137.952,5,-35.5714,1.8290,-1.4396
137.964,5,-35.5638,1.8290,-1.4405
137.975,5,-35.5565,1.8287,-1.4412
137.987,5,-35.5494,1.8283,-1.4419
137.999,5,-35.5425,1.8279,-1.4424
138.010,5,-35.5360,1.8281,-1.4428
138.021,5,-35.5292,1.8289,-1.4431
138.033,5,-35.5226,1.8299,-1.4432
138.044,5,-35.5163,1.8307,-1.4432
138.055,5,-35.5100,1.8314,-1.4432
138.066,5,-35.5037,1.8320,-1.4429
138.078,5,-35.4975,1.8327,-1.4424
138.089,5,-35.4913,1.8337,-1.4419
138.100,5,-35.4852,1.8351,-1.4412
138.112,5,-35.4793,1.8365,-1.4406
138.123,5,-35.4736,1.8378,-1.4398
138.135,5,-35.4681,1.8391,-1.4393
138.145,5,-35.4627,1.8402,-1.4384
138.157,5,-35.4575,1.8411,-1.4376
138.168,5,-35.4522,1.8418,-1.4366
138.180,5,-35.4471,1.8424,-1.4356
138.192,5,-35.4419,1.8430,-1.4348
138.203,5,-35.4366,1.8435,-1.4340
138.215,5,-35.4314,1.8438,-1.4332
138.226,5,-35.4263,1.8440,-1.4325
138.238,5,-35.4213,1.8440,-1.4320
138.250,5,-35.4163,1.8441,-1.4315
138.261,5,-35.4112,1.8438,-1.4309
138.273,5,-35.4063,1.8436,-1.4304
138.284,5,-35.4014,1.8431,-1.4297
138.296,5,-35.3966,1.8425,-1.4291
138.308,5,-35.3920,1.8415,-1.4284
138.319,5,-35.3873,1.8405,-1.4277
138.331,5,-35.3826,1.8396,-1.4269
138.342,5,-35.3780,1.8389,-1.4262
138.354,5,-35.3734,1.8386,-1.4255
138.366,5,-35.3689,1.8383,-1.4246
138.377,5,-35.3646,1.8378,-1.4237
138.388,5,-35.3604,1.8371,-1.4224
138.399,5,-35.3564,1.8365,-1.4214
138.411,5,-35.3524,1.8360,-1.4202
138.422,5,-35.3485,1.8356,-1.4190
138.433,5,-35.3447,1.8353,-1.4177
138.445,5,-35.3410,1.8351,-1.4164
138.456,5,-35.3372,1.8351,-1.4149
138.468,5,-35.3337,1.8354,-1.4137
138.479,5,-35.3302,1.8357,-1.4122
138.490,5,-35.3267,1.8360,-1.4107
138.501,5,-35.3232,1.8363,-1.4094
138.512,5,-35.3198,1.8366,-1.4079
138.524,5,-35.3166,1.8369,-1.4064
138.535,5,-35.3133,1.8373,-1.4049
138.546,5,-35.3102,1.8376,-1.4034
138.557,5,-35.3072,1.8377,-1.4020
138.568,5,-35.3043,1.8376,-1.4004
138.580,5,-35.3014,1.8375,-1.3990
138.592,5,-35.2987,1.8375,-1.3975
138.604,5,-35.2959,1.8376,-1.3961
138.614,5,-35.2932,1.8377,-1.3948
138.626,5,-35.2908,1.8379,-1.3935
138.638,5,-35.2882,1.8381,-1.3923
138.650,5,-35.2859,1.8384,-1.3912
138.662,5,-35.2836,1.8388,-1.3901
138.673,5,-35.2816,1.8393,-1.3894
138.685,5,-35.2797,1.8399,-1.3884
138.696,5,-35.2776,1.8407,-1.3873
138.708,5,-35.2758,1.8414,-1.3863
138.720,5,-35.2740,1.8420,-1.3853
138.731,5,-35.2723,1.8425,-1.3844
138.744,5,-35.2708,1.8429,-1.3833
138.756,5,-35.2693,1.8432,-1.3822
138.766,5,-35.2681,1.8434,-1.3811
138.777,5,-35.2669,1.8435,-1.3801
138.789,5,-35.2658,1.8436,-1.3794
138.800,5,-35.2647,1.8437,-1.3785
138.811,5,-35.2638,1.8436,-1.3778
138.823,5,-35.2629,1.8435,-1.3769
138.834,5,-35.2619,1.8432,-1.3761
138.845,5,-35.2611,1.8429,-1.3753
138.856,5,-35.2603,1.8424,-1.3745
138.868,5,-35.2596,1.8419,-1.3739
138.879,5,-35.2591,1.8414,-1.3735
138.890,5,-35.2584,1.8410,-1.3728
138.902,5,-35.2578,1.8407,-1.3723
138.913,5,-35.2571,1.8406,-1.3717
138.924,5,-35.2566,1.8407,-1.3709
138.935,5,-35.2558,1.8411,-1.3705
138.946,5,-35.2551,1.8412,-1.3701
138.957,5,-35.2545,1.8412,-1.3701
138.969,5,-35.2537,1.8411,-1.3698
138.981,5,-35.2529,1.8415,-1.3698
138.992,5,-35.2521,1.8420,-1.3698
139.004,5,-35.2514,1.8424,-1.3700
139.015,5,-35.2506,1.8427,-1.3700
139.027,5,-35.2498,1.8430,-1.3704
139.039,5,-35.2489,1.8431,-1.3706
139.050,5,-35.2482,1.8432,-1.3711
139.062,5,-35.2473,1.8432,-1.3712
139.074,5,-35.2464,1.8432,-1.3716
139.085,5,-35.2457,1.8430,-1.3720
139.097,5,-35.2448,1.8429,-1.3724
139.108,5,-35.2442,1.8428,-1.3729
139.120,5,-35.2433,1.8427,-1.3733
139.131,5,-35.2424,1.8426,-1.3738
139.143,5,-35.2415,1.8426,-1.3741
139.155,5,-35.2406,1.8426,-1.3745
139.166,5,-35.2397,1.8426,-1.3750
139.177,5,-35.2389,1.8426,-1.3754
139.189,5,-35.2381,1.8423,-1.3759
139.200,5,-35.2372,1.8423,-1.3762
139.211,5,-35.2364,1.8423,-1.3767
139.223,5,-35.2356,1.8423,-1.3769
139.234,5,-35.2348,1.8423,-1.3772
139.245,5,-35.2341,1.8423,-1.3776
139.256,5,-35.2335,1.8422,-1.3778
139.267,5,-35.2329,1.8422,-1.3781
139.279,5,-35.2323,1.8421,-1.3783
139.290,5,-35.2317,1.8421,-1.3784
139.301,5,-35.2312,1.8422,-1.3788
139.312,5,-35.2306,1.8422,-1.3789
139.323,5,-35.2300,1.8423,-1.3791
139.334,5,-35.2294,1.8424,-1.3792
139.346,5,-35.2288,1.8425,-1.3794
139.357,5,-35.2283,1.8425,-1.3795
139.369,5,-35.2277,1.8426,-1.3795
139.380,5,-35.2271,1.8427,-1.3796
139.392,5,-35.2265,1.8427,-1.3795
139.403,5,-35.2261,1.8426,-1.3798
139.415,5,-35.2256,1.8426,-1.3797
139.427,5,-35.2252,1.8427,-1.3800
139.438,5,-35.2247,1.8427,-1.3800

# --- Trial 6 start ---
147.421,6,-39.6289,1.8818,-1.3918
147.436,6,-39.6289,1.8816,-1.3912
147.444,6,-39.6289,1.8813,-1.3906
147.453,6,-39.6289,1.8811,-1.3899
147.468,6,-39.6290,1.8809,-1.3890
147.482,6,-39.6290,1.8806,-1.3877
147.509,6,-39.6287,1.8803,-1.3868
147.518,6,-39.6286,1.8799,-1.3853
147.527,6,-39.6285,1.8796,-1.3838
147.543,6,-39.6285,1.8794,-1.3829
147.559,6,-39.6284,1.8793,-1.3821
147.569,6,-39.6283,1.8793,-1.3813
147.587,6,-39.6282,1.8792,-1.3804
147.597,6,-39.6281,1.8791,-1.3796
147.620,6,-39.6278,1.8789,-1.3772
147.630,6,-39.6277,1.8788,-1.3765
147.654,6,-39.6275,1.8791,-1.3750
147.664,6,-39.6270,1.8790,-1.3743
147.678,6,-39.6266,1.8792,-1.3736
147.690,6,-39.6262,1.8793,-1.3731
147.700,6,-39.6260,1.8793,-1.3725
147.711,6,-39.6257,1.8791,-1.3720
147.722,6,-39.6254,1.8789,-1.3715
147.734,6,-39.6251,1.8787,-1.3710
147.745,6,-39.6248,1.8785,-1.3706
147.756,6,-39.6244,1.8784,-1.3704
147.767,6,-39.6238,1.8785,-1.3701
147.779,6,-39.6232,1.8786,-1.3699
147.790,6,-39.6225,1.8786,-1.3698
147.801,6,-39.6219,1.8786,-1.3697
147.812,6,-39.6212,1.8783,-1.3697
147.824,6,-39.6204,1.8783,-1.3697
147.835,6,-39.6195,1.8783,-1.3699
147.846,6,-39.6187,1.8783,-1.3701
147.857,6,-39.6178,1.8784,-1.3704
147.868,6,-39.6169,1.8784,-1.3707
147.879,6,-39.6160,1.8785,-1.3712
147.890,6,-39.6150,1.8785,-1.3717
147.901,6,-39.6140,1.8786,-1.3723
147.912,6,-39.6131,1.8785,-1.3729
147.924,6,-39.6121,1.8784,-1.3736
147.935,6,-39.6110,1.8783,-1.3743
147.945,6,-39.6098,1.8782,-1.3750
147.956,6,-39.6086,1.8782,-1.3758
147.968,6,-39.6073,1.8781,-1.3767
147.979,6,-39.6060,1.8781,-1.3775
147.991,6,-39.6048,1.8780,-1.3783
148.001,6,-39.6034,1.8780,-1.3791
148.013,6,-39.6018,1.8779,-1.3800
148.024,6,-39.6003,1.8777,-1.3809
148.035,6,-39.5987,1.8775,-1.3819
148.047,6,-39.5971,1.8772,-1.3829
148.058,6,-39.5955,1.8768,-1.3839
148.069,6,-39.5938,1.8762,-1.3850
148.080,6,-39.5923,1.8758,-1.3862
148.092,6,-39.5906,1.8752,-1.3874
148.103,6,-39.5888,1.8746,-1.3886
148.115,6,-39.5870,1.8739,-1.3899
148.126,6,-39.5853,1.8733,-1.3912
148.137,6,-39.5836,1.8726,-1.3927
148.149,6,-39.5819,1.8719,-1.3942
148.161,6,-39.5801,1.8711,-1.3957
148.172,6,-39.5783,1.8704,-1.3973
148.184,6,-39.5765,1.8694,-1.3989
148.195,6,-39.5747,1.8686,-1.4006
148.207,6,-39.5727,1.8676,-1.4023
148.219,6,-39.5711,1.8666,-1.4042
148.230,6,-39.5692,1.8667,-1.4063
148.241,6,-39.5666,1.8686,-1.4081
148.252,6,-39.5635,1.8719,-1.4096
148.264,6,-39.5605,1.8741,-1.4112
148.274,6,-39.5576,1.8751,-1.4131
148.286,6,-39.5551,1.8755,-1.4150
148.297,6,-39.5526,1.8756,-1.4171
148.307,6,-39.5499,1.8755,-1.4191
148.318,6,-39.5473,1.8751,-1.4213
148.329,6,-39.5446,1.8749,-1.4234
148.340,6,-39.5419,1.8752,-1.4255
148.351,6,-39.5390,1.8755,-1.4276
148.362,6,-39.5361,1.8754,-1.4296
148.373,6,-39.5332,1.8747,-1.4318
148.385,6,-39.5305,1.8737,-1.4340
148.396,6,-39.5278,1.8725,-1.4363
148.407,6,-39.5249,1.8713,-1.4386
148.418,6,-39.5220,1.8705,-1.4408
148.429,6,-39.5187,1.8703,-1.4429
148.440,6,-39.5152,1.8702,-1.4449
148.451,6,-39.5116,1.8703,-1.4470
148.462,6,-39.5079,1.8701,-1.4489
148.473,6,-39.5043,1.8699,-1.4509
148.484,6,-39.5007,1.8694,-1.4529
148.496,6,-39.4970,1.8689,-1.4549
148.506,6,-39.4931,1.8684,-1.4568
148.518,6,-39.4892,1.8679,-1.4584
148.528,6,-39.4852,1.8673,-1.4601
148.540,6,-39.4807,1.8667,-1.4617
148.551,6,-39.4762,1.8663,-1.4633
148.562,6,-39.4715,1.8659,-1.4648
148.573,6,-39.4667,1.8657,-1.4662
148.584,6,-39.4617,1.8654,-1.4677
148.596,6,-39.4566,1.8652,-1.4690
148.606,6,-39.4512,1.8652,-1.4700
148.618,6,-39.4456,1.8652,-1.4707
148.629,6,-39.4399,1.8653,-1.4717
148.640,6,-39.4339,1.8655,-1.4726
148.651,6,-39.4280,1.8657,-1.4734
148.663,6,-39.4218,1.8658,-1.4742
148.673,6,-39.4156,1.8660,-1.4748
148.685,6,-39.4091,1.8663,-1.4753
148.696,6,-39.4023,1.8664,-1.4757
148.707,6,-39.3955,1.8665,-1.4762
148.718,6,-39.3885,1.8664,-1.4766
148.730,6,-39.3813,1.8663,-1.4769
148.740,6,-39.3742,1.8659,-1.4774
148.752,6,-39.3669,1.8654,-1.4778
148.763,6,-39.3594,1.8647,-1.4780
148.774,6,-39.3519,1.8638,-1.4781
148.785,6,-39.3442,1.8628,-1.4779
148.796,6,-39.3363,1.8616,-1.4779
148.807,6,-39.3285,1.8602,-1.4778
148.818,6,-39.3206,1.8587,-1.4777
148.830,6,-39.3128,1.8570,-1.4774
148.841,6,-39.3052,1.8552,-1.4770
148.852,6,-39.2972,1.8531,-1.4765
148.863,6,-39.2895,1.8510,-1.4758
148.875,6,-39.2815,1.8491,-1.4750
148.886,6,-39.2735,1.8474,-1.4741
148.895,6,-39.2656,1.8457,-1.4734
148.906,6,-39.2576,1.8443,-1.4724
148.917,6,-39.2497,1.8429,-1.4712
148.928,6,-39.2418,1.8418,-1.4700
148.939,6,-39.2338,1.8413,-1.4687
148.950,6,-39.2255,1.8412,-1.4675
148.961,6,-39.2169,1.8419,-1.4660
148.973,6,-39.2086,1.8427,-1.4644
148.984,6,-39.2001,1.8435,-1.4629
148.995,6,-39.1918,1.8447,-1.4613
149.006,6,-39.1836,1.8462,-1.4596
149.018,6,-39.1757,1.8482,-1.4579
149.028,6,-39.1677,1.8501,-1.4563
149.039,6,-39.1597,1.8526,-1.4549
149.051,6,-39.1517,1.8551,-1.4533
149.061,6,-39.1436,1.8572,-1.4521
149.072,6,-39.1357,1.8588,-1.4507
149.084,6,-39.1281,1.8599,-1.4496
149.095,6,-39.1207,1.8605,-1.4485
149.105,6,-39.1131,1.8613,-1.4476
149.117,6,-39.1055,1.8624,-1.4469
149.128,6,-39.0979,1.8634,-1.4464
149.139,6,-39.0903,1.8645,-1.4459
149.150,6,-39.0827,1.8654,-1.4456
149.161,6,-39.0750,1.8660,-1.4452
149.172,6,-39.0674,1.8665,-1.4450
149.183,6,-39.0598,1.8670,-1.4449
149.195,6,-39.0520,1.8675,-1.4450
149.206,6,-39.0443,1.8679,-1.4450
149.217,6,-39.0365,1.8682,-1.4452
149.228,6,-39.0287,1.8686,-1.4453
149.239,6,-39.0208,1.8687,-1.4456
149.250,6,-39.0128,1.8688,-1.4461
149.262,6,-39.0049,1.8689,-1.4463
149.273,6,-38.9969,1.8690,-1.4467
149.284,6,-38.9887,1.8691,-1.4470
149.296,6,-38.9804,1.8691,-1.4474
149.307,6,-38.9719,1.8691,-1.4476
149.319,6,-38.9635,1.8689,-1.4476
149.330,6,-38.9549,1.8687,-1.4478
149.341,6,-38.9463,1.8682,-1.4478
149.352,6,-38.9374,1.8678,-1.4480
149.363,6,-38.9283,1.8675,-1.4483
149.374,6,-38.9191,1.8668,-1.4485
149.385,6,-38.9096,1.8661,-1.4487
149.397,6,-38.9003,1.8651,-1.4486
149.408,6,-38.8909,1.8639,-1.4487
149.419,6,-38.8816,1.8626,-1.4487
149.430,6,-38.8721,1.8612,-1.4489
149.441,6,-38.8625,1.8593,-1.4492
149.452,6,-38.8530,1.8572,-1.4495
149.463,6,-38.8435,1.8551,-1.4500
149.474,6,-38.8341,1.8529,-1.4503
149.485,6,-38.8247,1.8511,-1.4507
149.496,6,-38.8154,1.8493,-1.4511
149.507,6,-38.8059,1.8478,-1.4516
149.518,6,-38.7962,1.8462,-1.4522
149.529,6,-38.7865,1.8450,-1.4528
149.546,6,-38.7762,1.8445,-1.4538
149.557,6,-38.7661,1.8440,-1.4545
149.567,6,-38.7558,1.8441,-1.4554
149.577,6,-38.7454,1.8447,-1.4562
149.585,6,-38.7348,1.8457,-1.4571
149.595,6,-38.7241,1.8470,-1.4582
149.605,6,-38.7134,1.8482,-1.4591
149.616,6,-38.7025,1.8500,-1.4603
149.627,6,-38.6916,1.8520,-1.4614
149.638,6,-38.6808,1.8543,-1.4623
149.650,6,-38.6698,1.8568,-1.4634
149.661,6,-38.6589,1.8593,-1.4642
149.672,6,-38.6480,1.8615,-1.4651
149.683,6,-38.6370,1.8636,-1.4661
149.695,6,-38.6261,1.8651,-1.4667
149.706,6,-38.6153,1.8664,-1.4674
149.716,6,-38.6046,1.8669,-1.4676
149.728,6,-38.5941,1.8674,-1.4680
149.739,6,-38.5836,1.8678,-1.4681
149.750,6,-38.5730,1.8683,-1.4682
149.761,6,-38.5622,1.8692,-1.4682
149.772,6,-38.5513,1.8697,-1.4677
149.783,6,-38.5405,1.8700,-1.4674
149.794,6,-38.5297,1.8698,-1.4666
149.805,6,-38.5189,1.8695,-1.4659
149.816,6,-38.5080,1.8692,-1.4650
149.827,6,-38.4971,1.8688,-1.4638
149.838,6,-38.4861,1.8685,-1.4628
149.849,6,-38.4751,1.8680,-1.4616
149.861,6,-38.4641,1.8673,-1.4602
149.871,6,-38.4528,1.8665,-1.4588
149.882,6,-38.4419,1.8656,-1.4572
149.894,6,-38.4308,1.8646,-1.4556
149.905,6,-38.4197,1.8634,-1.4539
149.916,6,-38.4086,1.8623,-1.4522
149.927,6,-38.3974,1.8610,-1.4504
149.938,6,-38.3861,1.8596,-1.4485
149.950,6,-38.3746,1.8580,-1.4466
149.960,6,-38.3635,1.8564,-1.4447
149.972,6,-38.3523,1.8546,-1.4428
149.983,6,-38.3411,1.8528,-1.4409
149.994,6,-38.3298,1.8509,-1.4389
150.005,6,-38.3185,1.8489,-1.4371
150.016,6,-38.3073,1.8470,-1.4350
150.027,6,-38.2959,1.8448,-1.4330
150.038,6,-38.2848,1.8422,-1.4306
150.049,6,-38.2735,1.8394,-1.4284
150.060,6,-38.2624,1.8362,-1.4263
150.071,6,-38.2515,1.8333,-1.4241
150.082,6,-38.2404,1.8304,-1.4218
150.093,6,-38.2295,1.8277,-1.4194
150.104,6,-38.2185,1.8251,-1.4170
150.116,6,-38.2075,1.8227,-1.4145
150.127,6,-38.1965,1.8207,-1.4120
150.139,6,-38.1852,1.8189,-1.4095
150.150,6,-38.1738,1.8179,-1.4069
150.162,6,-38.1623,1.8173,-1.4042
150.173,6,-38.1511,1.8172,-1.4016
150.185,6,-38.1400,1.8177,-1.3990
150.195,6,-38.1290,1.8190,-1.3964
150.206,6,-38.1178,1.8207,-1.3939
150.218,6,-38.1064,1.8234,-1.3915
150.229,6,-38.0951,1.8267,-1.3892
150.240,6,-38.0839,1.8294,-1.3870
150.251,6,-38.0730,1.8318,-1.3848
150.262,6,-38.0625,1.8337,-1.3828
150.273,6,-38.0523,1.8351,-1.3811
150.284,6,-38.0423,1.8363,-1.3797
150.295,6,-38.0325,1.8376,-1.3786
150.306,6,-38.0223,1.8395,-1.3776
150.317,6,-38.0120,1.8418,-1.3768
150.328,6,-38.0020,1.8444,-1.3759
150.339,6,-37.9919,1.8468,-1.3752
150.351,6,-37.9821,1.8489,-1.3746
150.362,6,-37.9722,1.8508,-1.3742
150.373,6,-37.9620,1.8524,-1.3740
150.384,6,-37.9518,1.8539,-1.3738
150.395,6,-37.9417,1.8554,-1.3736
150.406,6,-37.9318,1.8566,-1.3734
150.418,6,-37.9218,1.8573,-1.3732
150.429,6,-37.9120,1.8579,-1.3732
150.440,6,-37.9024,1.8580,-1.3730
150.451,6,-37.8923,1.8580,-1.3731
150.462,6,-37.8825,1.8580,-1.3730
150.473,6,-37.8726,1.8578,-1.3729
150.484,6,-37.8626,1.8574,-1.3728
150.495,6,-37.8527,1.8568,-1.3726
150.506,6,-37.8425,1.8559,-1.3724
150.516,6,-37.8325,1.8550,-1.3722
150.528,6,-37.8220,1.8538,-1.3720
150.539,6,-37.8116,1.8526,-1.3719
150.550,6,-37.8009,1.8512,-1.3719
150.561,6,-37.7903,1.8497,-1.3718
150.572,6,-37.7795,1.8480,-1.3716
150.584,6,-37.7688,1.8461,-1.3716
150.595,6,-37.7580,1.8440,-1.3715
150.606,6,-37.7475,1.8415,-1.3716
150.617,6,-37.7369,1.8388,-1.3717
150.628,6,-37.7267,1.8360,-1.3720
150.639,6,-37.7162,1.8335,-1.3722
150.650,6,-37.7057,1.8312,-1.3725
150.662,6,-37.6952,1.8291,-1.3728
150.673,6,-37.6846,1.8271,-1.3731
150.684,6,-37.6741,1.8253,-1.3736
150.695,6,-37.6636,1.8236,-1.3742
150.706,6,-37.6531,1.8224,-1.3749
150.717,6,-37.6424,1.8214,-1.3757
150.729,6,-37.6316,1.8208,-1.3765
150.740,6,-37.6210,1.8209,-1.3774
150.750,6,-37.6100,1.8222,-1.3784
150.762,6,-37.5988,1.8237,-1.3793
150.773,6,-37.5881,1.8250,-1.3804
150.784,6,-37.5773,1.8263,-1.3815
150.794,6,-37.5666,1.8282,-1.3826
150.806,6,-37.5557,1.8308,-1.3837
150.818,6,-37.5449,1.8332,-1.3847
150.828,6,-37.5341,1.8355,-1.3856
150.839,6,-37.5234,1.8375,-1.3865
150.851,6,-37.5130,1.8388,-1.3874
150.862,6,-37.5031,1.8398,-1.3881
150.873,6,-37.4930,1.8405,-1.3888
150.884,6,-37.4832,1.8414,-1.3894
150.897,6,-37.4734,1.8428,-1.3896
150.909,6,-37.4633,1.8447,-1.3898
150.918,6,-37.4532,1.8466,-1.3898
150.928,6,-37.4430,1.8483,-1.3899
150.938,6,-37.4330,1.8497,-1.3898
150.949,6,-37.4230,1.8509,-1.3895
150.961,6,-37.4130,1.8522,-1.3891
150.972,6,-37.4030,1.8532,-1.3886
150.983,6,-37.3930,1.8543,-1.3880
150.994,6,-37.3831,1.8554,-1.3874
151.005,6,-37.3733,1.8564,-1.3867
151.016,6,-37.3632,1.8571,-1.3858
151.027,6,-37.3531,1.8576,-1.3849
151.038,6,-37.3433,1.8577,-1.3838
151.049,6,-37.3334,1.8575,-1.3825
151.060,6,-37.3233,1.8572,-1.3815
151.071,6,-37.3132,1.8567,-1.3804
151.082,6,-37.3031,1.8561,-1.3792
151.093,6,-37.2929,1.8554,-1.3780
151.104,6,-37.2827,1.8544,-1.3767
151.115,6,-37.2722,1.8534,-1.3754
151.126,6,-37.2619,1.8520,-1.3740
151.137,6,-37.2519,1.8506,-1.3727
151.149,6,-37.2415,1.8490,-1.3713
151.159,6,-37.2311,1.8472,-1.3699
151.171,6,-37.2206,1.8452,-1.3685
151.182,6,-37.2101,1.8431,-1.3672
151.193,6,-37.1994,1.8406,-1.3656
151.204,6,-37.1891,1.8382,-1.3641
151.215,6,-37.1787,1.8350,-1.3624
151.227,6,-37.1682,1.8321,-1.3609
151.238,6,-37.1578,1.8292,-1.3593
151.249,6,-37.1473,1.8268,-1.3576
151.260,6,-37.1369,1.8246,-1.3560
151.271,6,-37.1264,1.8224,-1.3543
151.282,6,-37.1160,1.8204,-1.3525
151.294,6,-37.1054,1.8184,-1.3507
151.305,6,-37.0948,1.8167,-1.3488
151.317,6,-37.0841,1.8154,-1.3468
151.328,6,-37.0733,1.8145,-1.3450
151.339,6,-37.0626,1.8144,-1.3433
151.350,6,-37.0519,1.8146,-1.3415
151.362,6,-37.0413,1.8152,-1.3397
151.373,6,-37.0309,1.8163,-1.3380
151.384,6,-37.0204,1.8182,-1.3363
151.395,6,-37.0101,1.8203,-1.3345
151.407,6,-36.9996,1.8231,-1.3328
151.417,6,-36.9891,1.8259,-1.3312
151.429,6,-36.9787,1.8286,-1.3296
151.439,6,-36.9686,1.8308,-1.3281
151.450,6,-36.9584,1.8329,-1.3266
151.462,6,-36.9483,1.8348,-1.3255
151.472,6,-36.9382,1.8365,-1.3243
151.484,6,-36.9282,1.8383,-1.3233
151.495,6,-36.9180,1.8402,-1.3225
151.506,6,-36.9078,1.8423,-1.3217
151.518,6,-36.8980,1.8444,-1.3211
151.529,6,-36.8879,1.8464,-1.3206
151.540,6,-36.8778,1.8482,-1.3201
151.551,6,-36.8678,1.8499,-1.3197
151.562,6,-36.8578,1.8515,-1.3195
151.573,6,-36.8478,1.8527,-1.3192
151.584,6,-36.8380,1.8538,-1.3192
151.595,6,-36.8283,1.8547,-1.3189
151.606,6,-36.8183,1.8553,-1.3190
151.618,6,-36.8084,1.8557,-1.3190
151.629,6,-36.7984,1.8559,-1.3190
151.640,6,-36.7886,1.8559,-1.3192
151.651,6,-36.7786,1.8556,-1.3194
151.662,6,-36.7687,1.8552,-1.3197
151.673,6,-36.7587,1.8547,-1.3199
151.684,6,-36.7487,1.8539,-1.3202
151.695,6,-36.7389,1.8531,-1.3204
151.706,6,-36.7289,1.8521,-1.3206
151.717,6,-36.7190,1.8510,-1.3209
151.728,6,-36.7088,1.8498,-1.3211
151.739,6,-36.6986,1.8485,-1.3215
151.751,6,-36.6883,1.8470,-1.3218
151.761,6,-36.6780,1.8455,-1.3221
151.772,6,-36.6678,1.8439,-1.3225
151.784,6,-36.6575,1.8419,-1.3228
151.795,6,-36.6473,1.8398,-1.3232
151.806,6,-36.6371,1.8373,-1.3236
151.817,6,-36.6271,1.8348,-1.3242
151.828,6,-36.6171,1.8324,-1.3248
151.839,6,-36.6073,1.8304,-1.3254
151.851,6,-36.5976,1.8286,-1.3261
151.862,6,-36.5880,1.8267,-1.3269
151.873,6,-36.5785,1.8248,-1.3278
151.883,6,-36.5688,1.8232,-1.3289
151.894,6,-36.5589,1.8220,-1.3299
151.906,6,-36.5489,1.8214,-1.3313
151.917,6,-36.5389,1.8215,-1.3327
151.928,6,-36.5286,1.8223,-1.3342
151.939,6,-36.5186,1.8233,-1.3357
151.950,6,-36.5087,1.8238,-1.3374
151.961,6,-36.4990,1.8243,-1.3391
151.972,6,-36.4892,1.8252,-1.3408
151.983,6,-36.4796,1.8266,-1.3425
151.994,6,-36.4700,1.8280,-1.3441
152.005,6,-36.4606,1.8296,-1.3457
152.017,6,-36.4513,1.8310,-1.3471
152.028,6,-36.4419,1.8320,-1.3486
152.039,6,-36.4327,1.8327,-1.3500
152.050,6,-36.4241,1.8327,-1.3514
152.062,6,-36.4152,1.8327,-1.3527
152.073,6,-36.4062,1.8331,-1.3535
152.084,6,-36.3971,1.8342,-1.3545
152.095,6,-36.3880,1.8357,-1.3553
152.106,6,-36.3788,1.8374,-1.3561
152.117,6,-36.3699,1.8391,-1.3567
152.128,6,-36.3608,1.8404,-1.3572
152.139,6,-36.3516,1.8416,-1.3576
152.150,6,-36.3424,1.8430,-1.3578
152.161,6,-36.3332,1.8444,-1.3579
152.173,6,-36.3240,1.8459,-1.3578
152.184,6,-36.3148,1.8473,-1.3577
152.195,6,-36.3056,1.8486,-1.3573
152.206,6,-36.2966,1.8496,-1.3571
152.217,6,-36.2876,1.8503,-1.3568
152.228,6,-36.2787,1.8509,-1.3564
152.239,6,-36.2698,1.8513,-1.3560
152.250,6,-36.2608,1.8513,-1.3555
152.261,6,-36.2519,1.8514,-1.3550
152.272,6,-36.2429,1.8512,-1.3547
152.283,6,-36.2341,1.8510,-1.3542
152.294,6,-36.2253,1.8504,-1.3538
152.305,6,-36.2165,1.8497,-1.3534
152.316,6,-36.2075,1.8491,-1.3527
152.328,6,-36.1986,1.8481,-1.3522
152.339,6,-36.1895,1.8470,-1.3518
152.350,6,-36.1804,1.8459,-1.3513
152.361,6,-36.1713,1.8444,-1.3509
152.372,6,-36.1626,1.8428,-1.3505
152.383,6,-36.1536,1.8408,-1.3500
152.394,6,-36.1447,1.8382,-1.3495
152.406,6,-36.1358,1.8355,-1.3491
152.417,6,-36.1268,1.8328,-1.3484
152.428,6,-36.1178,1.8305,-1.3479
152.439,6,-36.1088,1.8286,-1.3473
152.450,6,-36.0999,1.8267,-1.3467
152.461,6,-36.0911,1.8250,-1.3462
152.472,6,-36.0821,1.8233,-1.3455
152.484,6,-36.0731,1.8215,-1.3448
152.495,6,-36.0640,1.8198,-1.3440
152.506,6,-36.0550,1.8177,-1.3432
152.518,6,-36.0461,1.8158,-1.3425
152.529,6,-36.0371,1.8146,-1.3417
152.539,6,-36.0282,1.8143,-1.3409
152.550,6,-36.0197,1.8140,-1.3402
152.562,6,-36.0111,1.8134,-1.3394
152.573,6,-36.0028,1.8131,-1.3386
152.584,6,-35.9944,1.8127,-1.3379
152.595,6,-35.9862,1.8130,-1.3373
152.606,6,-35.9778,1.8137,-1.3366
152.616,6,-35.9696,1.8155,-1.3360
152.628,6,-35.9614,1.8174,-1.3354
152.639,6,-35.9534,1.8190,-1.3349
152.650,6,-35.9453,1.8206,-1.3344
152.661,6,-35.9372,1.8222,-1.3341
152.672,6,-35.9291,1.8238,-1.3338
152.683,6,-35.9211,1.8253,-1.3335
152.694,6,-35.9130,1.8267,-1.3334
152.706,6,-35.9050,1.8285,-1.3334
152.717,6,-35.8971,1.8306,-1.3335
152.728,6,-35.8892,1.8327,-1.3337
152.739,6,-35.8813,1.8348,-1.3339
152.750,6,-35.8733,1.8369,-1.3343
152.762,6,-35.8652,1.8388,-1.3345
152.772,6,-35.8572,1.8407,-1.3347
152.783,6,-35.8492,1.8424,-1.3350
152.794,6,-35.8413,1.8440,-1.3352
152.806,6,-35.8334,1.8456,-1.3355
152.816,6,-35.8255,1.8469,-1.3357
152.827,6,-35.8178,1.8478,-1.3361
152.839,6,-35.8100,1.8486,-1.3363
152.850,6,-35.8022,1.8489,-1.3365
152.861,6,-35.7944,1.8493,-1.3367
152.872,6,-35.7867,1.8493,-1.3370
152.883,6,-35.7790,1.8492,-1.3372
152.894,6,-35.7714,1.8490,-1.3375
152.905,6,-35.7638,1.8487,-1.3379
152.917,6,-35.7561,1.8482,-1.3382
152.928,6,-35.7485,1.8477,-1.3384
152.939,6,-35.7406,1.8471,-1.3386
152.950,6,-35.7329,1.8463,-1.3391
152.961,6,-35.7251,1.8457,-1.3393
152.972,6,-35.7173,1.8449,-1.3397
152.983,6,-35.7096,1.8440,-1.3401
152.994,6,-35.7017,1.8429,-1.3406
153.006,6,-35.6940,1.8414,-1.3412
153.016,6,-35.6862,1.8398,-1.3416
153.027,6,-35.6787,1.8376,-1.3422
153.039,6,-35.6711,1.8358,-1.3428
153.049,6,-35.6637,1.8343,-1.3435
153.061,6,-35.6562,1.8332,-1.3442
153.072,6,-35.6489,1.8319,-1.3450
153.083,6,-35.6418,1.8306,-1.3460
153.094,6,-35.6347,1.8293,-1.3469
153.105,6,-35.6275,1.8280,-1.3479
153.116,6,-35.6203,1.8268,-1.3491
153.127,6,-35.6130,1.8257,-1.3504
153.138,6,-35.6058,1.8249,-1.3517
153.149,6,-35.5986,1.8244,-1.3531
153.160,6,-35.5914,1.8247,-1.3547
153.172,6,-35.5842,1.8250,-1.3564
153.183,6,-35.5772,1.8250,-1.3580
153.194,6,-35.5702,1.8248,-1.3597
153.205,6,-35.5634,1.8252,-1.3614
153.216,6,-35.5564,1.8264,-1.3629
153.227,6,-35.5495,1.8277,-1.3644
153.238,6,-35.5427,1.8292,-1.3659
153.249,6,-35.5360,1.8301,-1.3674
153.260,6,-35.5295,1.8305,-1.3690
153.271,6,-35.5230,1.8305,-1.3705
153.282,6,-35.5166,1.8304,-1.3719
153.293,6,-35.5104,1.8302,-1.3733
153.305,6,-35.5040,1.8298,-1.3745
153.315,6,-35.4979,1.8295,-1.3756
153.327,6,-35.4919,1.8294,-1.3768
153.338,6,-35.4859,1.8299,-1.3780
153.349,6,-35.4798,1.8308,-1.3792
153.360,6,-35.4737,1.8316,-1.3801
153.372,6,-35.4676,1.8324,-1.3810
153.383,6,-35.4616,1.8330,-1.3817
153.394,6,-35.4556,1.8336,-1.3823
153.405,6,-35.4498,1.8345,-1.3829
153.417,6,-35.4439,1.8356,-1.3835
153.428,6,-35.4381,1.8366,-1.3838
153.440,6,-35.4323,1.8378,-1.3842
153.451,6,-35.4267,1.8389,-1.3847
153.463,6,-35.4212,1.8399,-1.3850
153.475,6,-35.4156,1.8408,-1.3854
153.487,6,-35.4103,1.8416,-1.3858
153.498,6,-35.4051,1.8422,-1.3861
153.510,6,-35.4001,1.8427,-1.3863
153.521,6,-35.3952,1.8432,-1.3867
153.533,6,-35.3902,1.8436,-1.3871
153.545,6,-35.3855,1.8436,-1.3874
153.556,6,-35.3806,1.8438,-1.3877
153.568,6,-35.3759,1.8437,-1.3880
153.579,6,-35.3712,1.8436,-1.3882
153.591,6,-35.3667,1.8433,-1.3884
153.603,6,-35.3624,1.8428,-1.3887
153.614,6,-35.3583,1.8421,-1.3889
153.625,6,-35.3544,1.8412,-1.3889
153.636,6,-35.3505,1.8401,-1.3889
153.648,6,-35.3468,1.8390,-1.3890
153.659,6,-35.3431,1.8380,-1.3888
153.671,6,-35.3395,1.8372,-1.3887
153.682,6,-35.3359,1.8365,-1.3885
153.693,6,-35.3325,1.8359,-1.3884
153.704,6,-35.3292,1.8354,-1.3880
153.716,6,-35.3260,1.8349,-1.3880
153.727,6,-35.3226,1.8347,-1.3876
153.738,6,-35.3193,1.8347,-1.3872
153.750,6,-35.3160,1.8350,-1.3868
153.761,6,-35.3128,1.8354,-1.3864
153.772,6,-35.3098,1.8363,-1.3863
153.783,6,-35.3067,1.8373,-1.3858
153.795,6,-35.3037,1.8382,-1.3854
153.806,6,-35.3008,1.8388,-1.3850
153.817,6,-35.2981,1.8390,-1.3846
153.828,6,-35.2954,1.8389,-1.3842
153.840,6,-35.2928,1.8386,-1.3837
153.852,6,-35.2902,1.8387,-1.3833
153.863,6,-35.2876,1.8390,-1.3830
153.874,6,-35.2854,1.8395,-1.3841
153.886,6,-35.2829,1.8399,-1.3839
153.898,6,-35.2807,1.8404,-1.3841
153.909,6,-35.2782,1.8405,-1.3840
153.921,6,-35.2759,1.8406,-1.3839
153.932,6,-35.2735,1.8408,-1.3838
153.945,6,-35.2712,1.8411,-1.3837
153.956,6,-35.2692,1.8414,-1.3839
153.967,6,-35.2671,1.8420,-1.3840
153.979,6,-35.2650,1.8428,-1.3841
153.991,6,-35.2630,1.8436,-1.3845
154.002,6,-35.2609,1.8445,-1.3846
154.014,6,-35.2588,1.8454,-1.3846
154.025,6,-35.2570,1.8460,-1.3849
154.037,6,-35.2552,1.8465,-1.3850
154.048,6,-35.2533,1.8469,-1.3851
154.059,6,-35.2517,1.8473,-1.3856
154.071,6,-35.2500,1.8475,-1.3857
154.082,6,-35.2484,1.8477,-1.3858
154.094,6,-35.2467,1.8477,-1.3860
154.105,6,-35.2452,1.8477,-1.3861
154.116,6,-35.2438,1.8477,-1.3866
154.127,6,-35.2423,1.8475,-1.3867
154.139,6,-35.2409,1.8472,-1.3869
154.150,6,-35.2397,1.8466,-1.3879
154.161,6,-35.2383,1.8461,-1.3882
154.172,6,-35.2369,1.8457,-1.3884
154.183,6,-35.2355,1.8452,-1.3887
154.195,6,-35.2342,1.8449,-1.3892
154.207,6,-35.2330,1.8444,-1.3899
154.218,6,-35.2319,1.8440,-1.3902
154.230,6,-35.2307,1.8438,-1.3906
154.241,6,-35.2295,1.8438,-1.3910
154.253,6,-35.2284,1.8439,-1.3915
154.265,6,-35.2272,1.8443,-1.3920
154.276,6,-35.2260,1.8448,-1.3924
154.287,6,-35.2250,1.8451,-1.3939
154.300,6,-35.2237,1.8456,-1.3944
154.311,6,-35.2224,1.8462,-1.3950
154.322,6,-35.2211,1.8468,-1.3955
154.334,6,-35.2199,1.8472,-1.3958
154.346,6,-35.2187,1.8474,-1.3963
154.357,6,-35.2175,1.8477,-1.3971
154.369,6,-35.2164,1.8477,-1.3976
154.380,6,-35.2152,1.8476,-1.3980
154.392,6,-35.2141,1.8476,-1.3983
154.404,6,-35.2130,1.8474,-1.3987
154.415,6,-35.2121,1.8472,-1.3997
154.426,6,-35.2111,1.8470,-1.4000
154.437,6,-35.2100,1.8470,-1.4003
154.448,6,-35.2089,1.8467,-1.4007
154.460,6,-35.2078,1.8466,-1.4011
154.471,6,-35.2067,1.8466,-1.4014
154.482,6,-35.2055,1.8465,-1.4017
154.494,6,-35.2044,1.8466,-1.4017
154.506,6,-35.2034,1.8466,-1.4020
154.517,6,-35.2023,1.8465,-1.4022
154.529,6,-35.2014,1.8465,-1.4027
154.540,6,-35.2004,1.8464,-1.4028
154.552,6,-35.1994,1.8463,-1.4029
154.563,6,-35.1984,1.8462,-1.4029
154.575,6,-35.1975,1.8460,-1.4027
154.587,6,-35.1966,1.8458,-1.4028
154.599,6,-35.1958,1.8456,-1.4033
154.610,6,-35.1951,1.8455,-1.4032
154.622,6,-35.1942,1.8454,-1.4031
154.633,6,-35.1933,1.8453,-1.4027
154.644,6,-35.1926,1.8452,-1.4024
154.656,6,-35.1918,1.8452,-1.4021
154.667,6,-35.1911,1.8452,-1.4018
154.680,6,-35.1904,1.8453,-1.4015
154.691,6,-35.1898,1.8454,-1.4012
154.702,6,-35.1892,1.8454,-1.4007
154.713,6,-35.1888,1.8453,-1.4010
154.725,6,-35.1882,1.8455,-1.4005
154.737,6,-35.1877,1.8455,-1.4000
154.748,6,-35.1872,1.8456,-1.3994
154.759,6,-35.1868,1.8457,-1.3988
154.770,6,-35.1865,1.8457,-1.3989
154.781,6,-35.1861,1.8458,-1.3983
154.793,6,-35.1857,1.8459,-1.3976
154.804,6,-35.1854,1.8460,-1.3968
154.815,6,-35.1851,1.8462,-1.3960
154.827,6,-35.1848,1.8463,-1.3951
154.838,6,-35.1845,1.8463,-1.3942

# --- Trial 7 start ---
163.912,7,-39.4771,1.8814,-1.1629
163.928,7,-39.4769,1.8813,-1.1624
163.937,7,-39.4765,1.8813,-1.1622
163.945,7,-39.4762,1.8813,-1.1619
163.954,7,-39.4760,1.8811,-1.1617
163.965,7,-39.4757,1.8809,-1.1615
163.976,7,-39.4755,1.8806,-1.1614
163.988,7,-39.4751,1.8802,-1.1612
163.999,7,-39.4747,1.8800,-1.1611
164.021,7,-39.4741,1.8796,-1.1613
164.031,7,-39.4729,1.8797,-1.1616
164.040,7,-39.4722,1.8800,-1.1617
164.054,7,-39.4714,1.8807,-1.1621
164.064,7,-39.4707,1.8810,-1.1624
164.075,7,-39.4698,1.8810,-1.1628
164.086,7,-39.4690,1.8810,-1.1632
164.099,7,-39.4682,1.8812,-1.1638
164.117,7,-39.4668,1.8816,-1.1649
164.127,7,-39.4662,1.8818,-1.1657
164.142,7,-39.4658,1.8819,-1.1665
164.153,7,-39.4652,1.8821,-1.1674
164.164,7,-39.4647,1.8820,-1.1681
164.175,7,-39.4643,1.8820,-1.1690
164.186,7,-39.4637,1.8817,-1.1698
164.197,7,-39.4633,1.8816,-1.1708
164.208,7,-39.4629,1.8816,-1.1717
164.220,7,-39.4623,1.8817,-1.1726
164.231,7,-39.4615,1.8819,-1.1735
164.242,7,-39.4608,1.8820,-1.1744
164.253,7,-39.4598,1.8820,-1.1753
164.264,7,-39.4588,1.8819,-1.1762
164.275,7,-39.4579,1.8817,-1.1771
164.287,7,-39.4570,1.8815,-1.1781
164.298,7,-39.4560,1.8811,-1.1791
164.309,7,-39.4549,1.8805,-1.1800
164.320,7,-39.4539,1.8801,-1.1809
164.331,7,-39.4527,1.8796,-1.1818
164.342,7,-39.4516,1.8791,-1.1828
164.353,7,-39.4504,1.8784,-1.1837
164.365,7,-39.4493,1.8777,-1.1847
164.375,7,-39.4481,1.8770,-1.1859
164.387,7,-39.4470,1.8764,-1.1872
164.398,7,-39.4459,1.8758,-1.1883
164.409,7,-39.4447,1.8752,-1.1896
164.420,7,-39.4435,1.8745,-1.1910
164.431,7,-39.4422,1.8735,-1.1922
164.443,7,-39.4409,1.8728,-1.1938
164.453,7,-39.4396,1.8720,-1.1953
164.465,7,-39.4383,1.8711,-1.1973
164.476,7,-39.4372,1.8717,-1.1992
164.487,7,-39.4342,1.8756,-1.2009
164.498,7,-39.4317,1.8793,-1.2023
164.509,7,-39.4294,1.8811,-1.2041
164.521,7,-39.4269,1.8820,-1.2060
164.532,7,-39.4250,1.8817,-1.2082
164.543,7,-39.4232,1.8810,-1.2100
164.554,7,-39.4211,1.8803,-1.2122
164.565,7,-39.4193,1.8796,-1.2145
164.577,7,-39.4171,1.8791,-1.2169
164.588,7,-39.4148,1.8791,-1.2195
164.600,7,-39.4121,1.8797,-1.2220
164.611,7,-39.4093,1.8800,-1.2243
164.623,7,-39.4067,1.8797,-1.2268
164.634,7,-39.4043,1.8784,-1.2296
164.644,7,-39.4019,1.8771,-1.2323
164.656,7,-39.3995,1.8753,-1.2352
164.666,7,-39.3970,1.8746,-1.2381
164.678,7,-39.3943,1.8738,-1.2409
164.689,7,-39.3912,1.8736,-1.2437
164.700,7,-39.3882,1.8736,-1.2465
164.711,7,-39.3850,1.8732,-1.2495
164.722,7,-39.3822,1.8727,-1.2524
164.733,7,-39.3793,1.8720,-1.2553
164.744,7,-39.3763,1.8711,-1.2582
164.755,7,-39.3733,1.8703,-1.2612
164.767,7,-39.3699,1.8695,-1.2639
164.778,7,-39.3667,1.8686,-1.2663
164.789,7,-39.3632,1.8678,-1.2690
164.800,7,-39.3596,1.8671,-1.2716
164.811,7,-39.3561,1.8665,-1.2743
164.822,7,-39.3524,1.8662,-1.2771
164.833,7,-39.3485,1.8657,-1.2796
164.845,7,-39.3443,1.8651,-1.2822
164.856,7,-39.3402,1.8644,-1.2846
164.867,7,-39.3360,1.8636,-1.2868
164.878,7,-39.3315,1.8628,-1.2889
164.889,7,-39.3271,1.8621,-1.2911
164.900,7,-39.3223,1.8616,-1.2933
164.911,7,-39.3176,1.8611,-1.2953
164.923,7,-39.3126,1.8608,-1.2974
164.934,7,-39.3073,1.8607,-1.2993
164.945,7,-39.3017,1.8605,-1.3008
164.955,7,-39.2961,1.8605,-1.3022
164.967,7,-39.2902,1.8605,-1.3037
164.977,7,-39.2844,1.8605,-1.3052
164.989,7,-39.2783,1.8607,-1.3068
165.000,7,-39.2723,1.8607,-1.3084
165.011,7,-39.2661,1.8607,-1.3097
165.022,7,-39.2597,1.8604,-1.3106
165.033,7,-39.2532,1.8602,-1.3116
165.044,7,-39.2465,1.8598,-1.3125
165.055,7,-39.2397,1.8595,-1.3135
165.067,7,-39.2327,1.8590,-1.3144
165.078,7,-39.2257,1.8586,-1.3153
165.089,7,-39.2184,1.8581,-1.3161
165.098,7,-39.2111,1.8573,-1.3170
165.110,7,-39.2036,1.8567,-1.3177
165.121,7,-39.1957,1.8555,-1.3183
165.132,7,-39.1878,1.8545,-1.3188
165.143,7,-39.1795,1.8532,-1.3195
165.155,7,-39.1715,1.8518,-1.3200
165.166,7,-39.1633,1.8501,-1.3203
165.177,7,-39.1553,1.8482,-1.3204
165.188,7,-39.1474,1.8462,-1.3205
165.199,7,-39.1394,1.8441,-1.3205
165.210,7,-39.1313,1.8422,-1.3201
165.221,7,-39.1230,1.8403,-1.3197
165.233,7,-39.1147,1.8388,-1.3190
165.244,7,-39.1065,1.8374,-1.3185
165.255,7,-39.0981,1.8359,-1.3176
165.266,7,-39.0896,1.8353,-1.3168
165.277,7,-39.0807,1.8352,-1.3160
165.288,7,-39.0717,1.8357,-1.3150
165.299,7,-39.0620,1.8370,-1.3141
165.310,7,-39.0528,1.8381,-1.3130
165.321,7,-39.0436,1.8394,-1.3119
165.332,7,-39.0346,1.8409,-1.3108
165.343,7,-39.0257,1.8430,-1.3094
165.354,7,-39.0167,1.8452,-1.3083
165.365,7,-39.0078,1.8475,-1.3072
165.376,7,-38.9988,1.8500,-1.3061
165.388,7,-38.9896,1.8524,-1.3052
165.399,7,-38.9806,1.8542,-1.3044
165.410,7,-38.9719,1.8553,-1.3036
165.421,7,-38.9634,1.8558,-1.3028
165.432,7,-38.9551,1.8561,-1.3023
165.443,7,-38.9470,1.8563,-1.3021
165.454,7,-38.9386,1.8571,-1.3021
165.465,7,-38.9301,1.8580,-1.3021
165.477,7,-38.9218,1.8591,-1.3020
165.488,7,-38.9132,1.8600,-1.3020
165.500,7,-38.9051,1.8605,-1.3020
165.511,7,-38.8969,1.8612,-1.3022
165.521,7,-38.8886,1.8617,-1.3025
165.533,7,-38.8803,1.8624,-1.3028
165.544,7,-38.8717,1.8632,-1.3033
165.555,7,-38.8633,1.8639,-1.3038
165.565,7,-38.8548,1.8644,-1.3042
165.577,7,-38.8466,1.8647,-1.3044
165.588,7,-38.8380,1.8649,-1.3050
165.599,7,-38.8292,1.8650,-1.3056
165.611,7,-38.8206,1.8650,-1.3061
165.621,7,-38.8116,1.8652,-1.3068
165.633,7,-38.8027,1.8651,-1.3074
165.644,7,-38.7935,1.8648,-1.3079
165.655,7,-38.7844,1.8642,-1.3083
165.667,7,-38.7752,1.8635,-1.3088
165.678,7,-38.7658,1.8629,-1.3094
165.689,7,-38.7568,1.8620,-1.3100
165.700,7,-38.7473,1.8611,-1.3108
165.710,7,-38.7378,1.8600,-1.3115
165.721,7,-38.7282,1.8589,-1.3119
165.733,7,-38.7183,1.8575,-1.3126
165.744,7,-38.7085,1.8558,-1.3130
165.755,7,-38.6985,1.8541,-1.3138
165.766,7,-38.6885,1.8521,-1.3145
165.778,7,-38.6786,1.8499,-1.3156
165.789,7,-38.6689,1.8477,-1.3165
165.800,7,-38.6589,1.8454,-1.3174
165.811,7,-38.6491,1.8434,-1.3183
165.822,7,-38.6394,1.8413,-1.3192
165.833,7,-38.6295,1.8396,-1.3202
165.844,7,-38.6197,1.8378,-1.3214
165.855,7,-38.6096,1.8365,-1.3228
165.866,7,-38.5997,1.8353,-1.3241
165.877,7,-38.5897,1.8342,-1.3255
165.888,7,-38.5792,1.8334,-1.3271
165.900,7,-38.5687,1.8327,-1.3286
165.912,7,-38.5580,1.8329,-1.3303
165.923,7,-38.5470,1.8340,-1.3321
165.935,7,-38.5360,1.8354,-1.3338
165.946,7,-38.5254,1.8366,-1.3355
165.958,7,-38.5148,1.8382,-1.3371
165.969,7,-38.5036,1.8414,-1.3387
165.981,7,-38.4928,1.8442,-1.3400
165.993,7,-38.4819,1.8468,-1.3413
166.004,7,-38.4712,1.8484,-1.3426
166.016,7,-38.4608,1.8494,-1.3439
166.028,7,-38.4507,1.8499,-1.3449
166.039,7,-38.4408,1.8504,-1.3456
166.051,7,-38.4308,1.8510,-1.3465
166.063,7,-38.4210,1.8522,-1.3469
166.074,7,-38.4107,1.8538,-1.3474
166.085,7,-38.4006,1.8555,-1.3479
166.097,7,-38.3904,1.8569,-1.3482
166.108,7,-38.3803,1.8578,-1.3484
166.119,7,-38.3705,1.8588,-1.3486
166.131,7,-38.3603,1.8597,-1.3487
166.142,7,-38.3504,1.8605,-1.3485
166.153,7,-38.3405,1.8612,-1.3487
166.164,7,-38.3302,1.8620,-1.3488
166.176,7,-38.3199,1.8627,-1.3488
166.187,7,-38.3097,1.8628,-1.3487
166.198,7,-38.2999,1.8630,-1.3484
166.209,7,-38.2898,1.8627,-1.3483
166.220,7,-38.2800,1.8622,-1.3480
166.231,7,-38.2702,1.8616,-1.3479
166.243,7,-38.2603,1.8611,-1.3479
166.254,7,-38.2502,1.8605,-1.3480
166.265,7,-38.2400,1.8595,-1.3479
166.276,7,-38.2301,1.8585,-1.3476
166.287,7,-38.2199,1.8572,-1.3473
166.298,7,-38.2097,1.8560,-1.3471
166.309,7,-38.1994,1.8543,-1.3468
166.320,7,-38.1889,1.8529,-1.3468
166.332,7,-38.1787,1.8512,-1.3465
166.342,7,-38.1685,1.8491,-1.3463
166.353,7,-38.1583,1.8469,-1.3460
166.365,7,-38.1481,1.8441,-1.3456
166.376,7,-38.1381,1.8412,-1.3450
166.387,7,-38.1276,1.8383,-1.3445
166.398,7,-38.1171,1.8359,-1.3442
166.409,7,-38.1065,1.8335,-1.3436
166.420,7,-38.0958,1.8315,-1.3431
166.431,7,-38.0854,1.8294,-1.3425
166.442,7,-38.0748,1.8275,-1.3417
166.453,7,-38.0640,1.8258,-1.3411
166.464,7,-38.0530,1.8243,-1.3404
166.475,7,-38.0418,1.8234,-1.3398
166.487,7,-38.0304,1.8229,-1.3390
166.498,7,-38.0193,1.8225,-1.3383
166.509,7,-38.0081,1.8224,-1.3376
166.520,7,-37.9971,1.8230,-1.3368
166.532,7,-37.9861,1.8245,-1.3360
166.543,7,-37.9749,1.8265,-1.3354
166.554,7,-37.9636,1.8288,-1.3349
166.565,7,-37.9525,1.8311,-1.3343
166.576,7,-37.9417,1.8327,-1.3338
166.587,7,-37.9311,1.8339,-1.3333
166.598,7,-37.9210,1.8347,-1.3329
166.609,7,-37.9109,1.8355,-1.3328
166.620,7,-37.9009,1.8367,-1.3329
166.631,7,-37.8906,1.8385,-1.3329
166.642,7,-37.8804,1.8407,-1.3329
166.654,7,-37.8699,1.8434,-1.3333
166.665,7,-37.8594,1.8457,-1.3336
166.676,7,-37.8489,1.8476,-1.3340
166.687,7,-37.8387,1.8492,-1.3342
166.698,7,-37.8283,1.8508,-1.3346
166.710,7,-37.8177,1.8522,-1.3348
166.721,7,-37.8069,1.8538,-1.3354
166.732,7,-37.7966,1.8551,-1.3358
166.743,7,-37.7863,1.8561,-1.3364
166.754,7,-37.7761,1.8568,-1.3370
166.765,7,-37.7661,1.8572,-1.3376
166.776,7,-37.7562,1.8573,-1.3383
166.788,7,-37.7464,1.8571,-1.3389
166.799,7,-37.7366,1.8571,-1.3396
166.809,7,-37.7267,1.8568,-1.3401
166.821,7,-37.7167,1.8564,-1.3407
166.832,7,-37.7066,1.8558,-1.3413
166.843,7,-37.6969,1.8548,-1.3417
166.854,7,-37.6865,1.8540,-1.3423
166.865,7,-37.6764,1.8529,-1.3430
166.876,7,-37.6660,1.8518,-1.3438
166.887,7,-37.6554,1.8506,-1.3447
166.899,7,-37.6450,1.8491,-1.3455
166.910,7,-37.6345,1.8476,-1.3463
166.921,7,-37.6242,1.8457,-1.3471
166.932,7,-37.6140,1.8436,-1.3481
166.943,7,-37.6037,1.8412,-1.3491
166.954,7,-37.5939,1.8387,-1.3502
166.965,7,-37.5839,1.8364,-1.3516
166.976,7,-37.5739,1.8345,-1.3529
166.987,7,-37.5638,1.8328,-1.3542
166.998,7,-37.5541,1.8310,-1.3556
167.009,7,-37.5442,1.8291,-1.3571
167.020,7,-37.5341,1.8276,-1.3589
167.031,7,-37.5238,1.8263,-1.3606
167.043,7,-37.5136,1.8253,-1.3625
167.054,7,-37.5036,1.8248,-1.3644
167.064,7,-37.4938,1.8245,-1.3664
167.075,7,-37.4835,1.8249,-1.3685
167.087,7,-37.4732,1.8261,-1.3705
167.099,7,-37.4630,1.8272,-1.3727
167.109,7,-37.4528,1.8284,-1.3749
167.120,7,-37.4425,1.8305,-1.3773
167.132,7,-37.4322,1.8330,-1.3795
167.143,7,-37.4219,1.8357,-1.3814
167.154,7,-37.4118,1.8377,-1.3834
167.165,7,-37.4018,1.8392,-1.3853
167.176,7,-37.3920,1.8401,-1.3874
167.187,7,-37.3821,1.8408,-1.3891
167.199,7,-37.3727,1.8415,-1.3909
167.210,7,-37.3633,1.8422,-1.3925
167.220,7,-37.3541,1.8432,-1.3939
167.232,7,-37.3445,1.8448,-1.3953
167.243,7,-37.3349,1.8464,-1.3966
167.254,7,-37.3252,1.8481,-1.3979
167.265,7,-37.3155,1.8496,-1.3992
167.276,7,-37.3056,1.8508,-1.4003
167.287,7,-37.2957,1.8519,-1.4015
167.299,7,-37.2860,1.8530,-1.4024
167.309,7,-37.2763,1.8540,-1.4033
167.320,7,-37.2665,1.8549,-1.4042
167.331,7,-37.2567,1.8557,-1.4050
167.342,7,-37.2468,1.8564,-1.4058
167.354,7,-37.2370,1.8567,-1.4066
167.365,7,-37.2271,1.8569,-1.4074
167.376,7,-37.2173,1.8568,-1.4082
167.387,7,-37.2076,1.8564,-1.4088
167.398,7,-37.1980,1.8559,-1.4095
167.409,7,-37.1882,1.8553,-1.4102
167.420,7,-37.1783,1.8545,-1.4108
167.431,7,-37.1684,1.8538,-1.4114
167.442,7,-37.1584,1.8526,-1.4120
167.453,7,-37.1483,1.8514,-1.4126
167.464,7,-37.1383,1.8499,-1.4130
167.475,7,-37.1283,1.8482,-1.4135
167.486,7,-37.1182,1.8465,-1.4140
167.497,7,-37.1081,1.8445,-1.4144
167.508,7,-37.0979,1.8424,-1.4148
167.520,7,-37.0875,1.8401,-1.4151
167.531,7,-37.0772,1.8376,-1.4154
167.542,7,-37.0668,1.8345,-1.4157
167.553,7,-37.0566,1.8318,-1.4159
167.565,7,-37.0461,1.8293,-1.4162
167.576,7,-37.0355,1.8271,-1.4164
167.587,7,-37.0250,1.8249,-1.4164
167.598,7,-37.0145,1.8227,-1.4163
167.609,7,-37.0039,1.8207,-1.4163
167.620,7,-36.9933,1.8188,-1.4161
167.631,7,-36.9827,1.8171,-1.4159
167.642,7,-36.9722,1.8155,-1.4156
167.653,7,-36.9615,1.8143,-1.4153
167.664,7,-36.9508,1.8139,-1.4151
167.675,7,-36.9401,1.8137,-1.4147
167.686,7,-36.9296,1.8135,-1.4143
167.697,7,-36.9193,1.8138,-1.4138
167.708,7,-36.9089,1.8146,-1.4133
167.720,7,-36.8985,1.8157,-1.4128
167.731,7,-36.8880,1.8172,-1.4123
167.742,7,-36.8776,1.8192,-1.4119
167.753,7,-36.8675,1.8207,-1.4114
167.764,7,-36.8574,1.8220,-1.4110
167.776,7,-36.8474,1.8230,-1.4107
167.787,7,-36.8376,1.8242,-1.4105
167.798,7,-36.8279,1.8256,-1.4104
167.809,7,-36.8179,1.8273,-1.4103
167.820,7,-36.8079,1.8296,-1.4104
167.831,7,-36.7979,1.8319,-1.4106
167.842,7,-36.7882,1.8341,-1.4108
167.853,7,-36.7785,1.8361,-1.4111
167.864,7,-36.7689,1.8380,-1.4113
167.876,7,-36.7591,1.8398,-1.4116
167.886,7,-36.7494,1.8417,-1.4118
167.897,7,-36.7397,1.8435,-1.4121
167.908,7,-36.7301,1.8452,-1.4124
167.919,7,-36.7204,1.8466,-1.4127
167.931,7,-36.7107,1.8479,-1.4131
167.942,7,-36.7011,1.8489,-1.4135
167.953,7,-36.6918,1.8495,-1.4137
167.964,7,-36.6823,1.8501,-1.4140
167.975,7,-36.6730,1.8503,-1.4142
167.987,7,-36.6640,1.8505,-1.4146
167.998,7,-36.6547,1.8505,-1.4148
168.009,7,-36.6456,1.8503,-1.4151
168.020,7,-36.6364,1.8499,-1.4152
168.032,7,-36.6272,1.8494,-1.4154
168.042,7,-36.6180,1.8488,-1.4155
168.054,7,-36.6086,1.8480,-1.4157
168.064,7,-36.5992,1.8472,-1.4160
168.075,7,-36.5899,1.8462,-1.4162
168.086,7,-36.5804,1.8451,-1.4166
168.098,7,-36.5712,1.8435,-1.4169
168.109,7,-36.5619,1.8417,-1.4173
168.120,7,-36.5525,1.8392,-1.4177
168.131,7,-36.5435,1.8370,-1.4182
168.142,7,-36.5342,1.8350,-1.4187
168.153,7,-36.5250,1.8334,-1.4193
168.165,7,-36.5159,1.8319,-1.4200
168.175,7,-36.5069,1.8302,-1.4207
168.187,7,-36.4979,1.8283,-1.4216
168.198,7,-36.4889,1.8264,-1.4226
168.209,7,-36.4800,1.8247,-1.4237
168.220,7,-36.4708,1.8233,-1.4249
168.231,7,-36.4618,1.8218,-1.4262
168.242,7,-36.4529,1.8206,-1.4276
168.254,7,-36.4439,1.8201,-1.4291
168.265,7,-36.4348,1.8204,-1.4306
168.276,7,-36.4257,1.8209,-1.4321
168.287,7,-36.4167,1.8214,-1.4336
168.298,7,-36.4076,1.8223,-1.4351
168.309,7,-36.3986,1.8238,-1.4365
168.320,7,-36.3895,1.8257,-1.4379
168.331,7,-36.3805,1.8270,-1.4393
168.342,7,-36.3716,1.8277,-1.4406
168.353,7,-36.3631,1.8281,-1.4420
168.365,7,-36.3545,1.8284,-1.4432
168.376,7,-36.3461,1.8288,-1.4444
168.387,7,-36.3377,1.8293,-1.4455
168.398,7,-36.3293,1.8299,-1.4464
168.409,7,-36.3207,1.8310,-1.4473
168.420,7,-36.3120,1.8324,-1.4482
168.432,7,-36.3033,1.8340,-1.4490
168.443,7,-36.2945,1.8357,-1.4497
168.454,7,-36.2858,1.8370,-1.4504
168.465,7,-36.2770,1.8383,-1.4509
168.476,7,-36.2682,1.8395,-1.4514
168.487,7,-36.2596,1.8408,-1.4518
168.499,7,-36.2511,1.8420,-1.4521
168.510,7,-36.2426,1.8432,-1.4524
168.521,7,-36.2343,1.8443,-1.4526
168.532,7,-36.2260,1.8452,-1.4529
168.543,7,-36.2177,1.8461,-1.4531
168.554,7,-36.2096,1.8468,-1.4533
168.564,7,-36.2014,1.8473,-1.4534
168.576,7,-36.1932,1.8477,-1.4535
168.587,7,-36.1851,1.8480,-1.4535
168.598,7,-36.1769,1.8482,-1.4535
168.609,7,-36.1688,1.8481,-1.4535
168.620,7,-36.1606,1.8480,-1.4534
168.631,7,-36.1524,1.8477,-1.4534
168.641,7,-36.1443,1.8474,-1.4533
168.652,7,-36.1362,1.8467,-1.4531
168.663,7,-36.1280,1.8459,-1.4529
168.674,7,-36.1197,1.8449,-1.4528
168.686,7,-36.1115,1.8436,-1.4525
168.696,7,-36.1033,1.8421,-1.4522
168.708,7,-36.0951,1.8401,-1.4519
168.719,7,-36.0869,1.8379,-1.4514
168.730,7,-36.0788,1.8356,-1.4509
168.741,7,-36.0708,1.8333,-1.4503
168.752,7,-36.0625,1.8317,-1.4498
168.763,7,-36.0543,1.8300,-1.4490
168.775,7,-36.0461,1.8284,-1.4483
168.786,7,-36.0381,1.8267,-1.4474
168.797,7,-36.0299,1.8251,-1.4465
168.808,7,-36.0218,1.8236,-1.4455
168.819,7,-36.0136,1.8220,-1.4444
168.830,7,-36.0055,1.8203,-1.4432
168.841,7,-35.9976,1.8183,-1.4420
168.852,7,-35.9897,1.8166,-1.4409
168.864,7,-35.9819,1.8154,-1.4396
168.875,7,-35.9740,1.8153,-1.4384
168.886,7,-35.9662,1.8152,-1.4371
168.897,7,-35.9586,1.8146,-1.4359
168.908,7,-35.9510,1.8139,-1.4346
168.919,7,-35.9435,1.8133,-1.4333
168.930,7,-35.9358,1.8138,-1.4320
168.941,7,-35.9281,1.8152,-1.4308
168.952,7,-35.9204,1.8169,-1.4296
168.963,7,-35.9128,1.8186,-1.4283
168.974,7,-35.9051,1.8200,-1.4272
168.985,7,-35.8976,1.8212,-1.4259
168.997,7,-35.8900,1.8223,-1.4249
169.008,7,-35.8823,1.8233,-1.4238
169.019,7,-35.8746,1.8242,-1.4229
169.031,7,-35.8669,1.8253,-1.4220
169.042,7,-35.8595,1.8266,-1.4213
169.054,7,-35.8517,1.8280,-1.4206
169.065,7,-35.8440,1.8298,-1.4200
169.075,7,-35.8361,1.8314,-1.4194
169.087,7,-35.8284,1.8329,-1.4189
169.098,7,-35.8205,1.8345,-1.4183
169.109,7,-35.8127,1.8360,-1.4177
169.121,7,-35.8050,1.8375,-1.4172
169.134,7,-35.7973,1.8390,-1.4167
169.142,7,-35.7897,1.8404,-1.4162
169.152,7,-35.7825,1.8415,-1.4155
169.163,7,-35.7748,1.8426,-1.4149
169.175,7,-35.7671,1.8435,-1.4143
169.186,7,-35.7595,1.8442,-1.4137
169.198,7,-35.7520,1.8447,-1.4132
169.210,7,-35.7446,1.8451,-1.4127
169.221,7,-35.7372,1.8455,-1.4122
169.233,7,-35.7297,1.8456,-1.4117
169.244,7,-35.7224,1.8458,-1.4107
169.256,7,-35.7151,1.8458,-1.4101
169.268,7,-35.7076,1.8458,-1.4095
169.279,7,-35.7001,1.8457,-1.4091
169.291,7,-35.6926,1.8454,-1.4086
169.303,7,-35.6852,1.8450,-1.4082
169.314,7,-35.6777,1.8442,-1.4079
169.326,7,-35.6703,1.8433,-1.4075
169.337,7,-35.6631,1.8420,-1.4072
169.349,7,-35.6559,1.8405,-1.4070
169.361,7,-35.6490,1.8391,-1.4068
169.372,7,-35.6424,1.8379,-1.4065
169.384,7,-35.6356,1.8369,-1.4064
169.395,7,-35.6291,1.8359,-1.4064
169.406,7,-35.6228,1.8348,-1.4065
169.418,7,-35.6166,1.8335,-1.4067
169.429,7,-35.6103,1.8323,-1.4070
169.440,7,-35.6042,1.8310,-1.4073
169.452,7,-35.5981,1.8300,-1.4077
169.463,7,-35.5922,1.8291,-1.4081
169.474,7,-35.5863,1.8286,-1.4086
169.485,7,-35.5804,1.8287,-1.4092
169.496,7,-35.5744,1.8292,-1.4097
169.507,7,-35.5684,1.8305,-1.4103
169.518,7,-35.5623,1.8320,-1.4109
169.529,7,-35.5563,1.8332,-1.4114
169.541,7,-35.5505,1.8339,-1.4119
169.551,7,-35.5446,1.8341,-1.4124
169.563,7,-35.5390,1.8338,-1.4129
169.574,7,-35.5336,1.8334,-1.4135
169.585,7,-35.5284,1.8332,-1.4140
169.596,7,-35.5232,1.8330,-1.4145
169.607,7,-35.5181,1.8330,-1.4148
169.618,7,-35.5131,1.8334,-1.4152
169.630,7,-35.5079,1.8340,-1.4155
169.641,7,-35.5028,1.8347,-1.4157
169.653,7,-35.4976,1.8354,-1.4158
169.664,7,-35.4926,1.8362,-1.4157
169.676,7,-35.4875,1.8371,-1.4157
169.686,7,-35.4824,1.8381,-1.4157
169.698,7,-35.4774,1.8394,-1.4157
169.708,7,-35.4724,1.8407,-1.4156
169.720,7,-35.4674,1.8420,-1.4154
169.731,7,-35.4625,1.8432,-1.4152
169.742,7,-35.4576,1.8443,-1.4150
169.753,7,-35.4528,1.8453,-1.4147
169.764,7,-35.4481,1.8462,-1.4145
169.775,7,-35.4434,1.8468,-1.4145
169.787,7,-35.4386,1.8474,-1.4144
169.798,7,-35.4339,1.8479,-1.4143
169.810,7,-35.4292,1.8481,-1.4140
169.822,7,-35.4246,1.8481,-1.4138
169.833,7,-35.4200,1.8481,-1.4136
169.845,7,-35.4156,1.8479,-1.4132
169.857,7,-35.4112,1.8476,-1.4130
169.869,7,-35.4069,1.8472,-1.4126
169.880,7,-35.4025,1.8467,-1.4122
169.892,7,-35.3984,1.8460,-1.4119
169.903,7,-35.3943,1.8452,-1.4114
169.915,7,-35.3903,1.8445,-1.4108
169.932,7,-35.3863,1.8438,-1.4100
169.943,7,-35.3824,1.8436,-1.4094
169.951,7,-35.3787,1.8433,-1.4087
169.962,7,-35.3752,1.8429,-1.4080
169.971,7,-35.3717,1.8425,-1.4073
169.983,7,-35.3682,1.8423,-1.4067
169.994,7,-35.3648,1.8423,-1.4060
170.006,7,-35.3614,1.8426,-1.4051
170.017,7,-35.3580,1.8431,-1.4042
170.029,7,-35.3547,1.8442,-1.4033
170.040,7,-35.3514,1.8450,-1.4024
170.051,7,-35.3482,1.8452,-1.4015
170.063,7,-35.3452,1.8450,-1.4006
170.074,7,-35.3425,1.8445,-1.3998
170.086,7,-35.3398,1.8444,-1.3990
170.097,7,-35.3372,1.8446,-1.3983
170.108,7,-35.3346,1.8451,-1.3977
170.120,7,-35.3321,1.8457,-1.3974
170.131,7,-35.3296,1.8462,-1.3971
170.142,7,-35.3272,1.8465,-1.3967
170.153,7,-35.3246,1.8469,-1.3963
170.165,7,-35.3222,1.8473,-1.3959
170.177,7,-35.3197,1.8479,-1.3955
170.187,7,-35.3173,1.8486,-1.3950
170.198,7,-35.3148,1.8496,-1.3946
170.209,7,-35.3123,1.8505,-1.3942
170.221,7,-35.3100,1.8512,-1.3940
170.233,7,-35.3080,1.8517,-1.3945
170.245,7,-35.3057,1.8520,-1.3942
170.256,7,-35.3035,1.8521,-1.3938
170.268,7,-35.3014,1.8522,-1.3936
170.279,7,-35.2995,1.8522,-1.3935
170.292,7,-35.2975,1.8519,-1.3933
170.303,7,-35.2957,1.8516,-1.3931
170.314,7,-35.2940,1.8509,-1.3929
170.326,7,-35.2924,1.8501,-1.3927
170.338,7,-35.2909,1.8493,-1.3929
170.350,7,-35.2894,1.8484,-1.3927
170.361,7,-35.2881,1.8474,-1.3928
170.373,7,-35.2868,1.8465,-1.3928
170.385,7,-35.2856,1.8456,-1.3927
170.395,7,-35.2846,1.8449,-1.3932
170.407,7,-35.2835,1.8444,-1.3932
170.418,7,-35.2827,1.8441,-1.3933
170.430,7,-35.2818,1.8442,-1.3933
170.441,7,-35.2808,1.8446,-1.3933
170.453,7,-35.2799,1.8452,-1.3938
170.463,7,-35.2790,1.8458,-1.3938
170.475,7,-35.2781,1.8465,-1.3939
170.486,7,-35.2772,1.8469,-1.3938
170.497,7,-35.2766,1.8473,-1.3939
170.509,7,-35.2758,1.8476,-1.3937
170.519,7,-35.2751,1.8479,-1.3938
170.531,7,-35.2743,1.8482,-1.3936
170.543,7,-35.2737,1.8484,-1.3933
170.555,7,-35.2732,1.8485,-1.3931
170.566,7,-35.2727,1.8486,-1.3928
170.578,7,-35.2721,1.8487,-1.3925
170.589,7,-35.2716,1.8487,-1.3921
170.601,7,-35.2710,1.8487,-1.3916
170.613,7,-35.2704,1.8487,-1.3910
170.624,7,-35.2699,1.8488,-1.3904
170.636,7,-35.2693,1.8489,-1.3896
170.647,7,-35.2688,1.8490,-1.3888
170.659,7,-35.2682,1.8492,-1.3882
170.670,7,-35.2678,1.8493,-1.3875
170.683,7,-35.2673,1.8494,-1.3865
170.694,7,-35.2667,1.8494,-1.3853
170.706,7,-35.2663,1.8495,-1.3841
170.717,7,-35.2659,1.8494,-1.3830
170.728,7,-35.2655,1.8495,-1.3816
170.740,7,-35.2650,1.8496,-1.3803
170.751,7,-35.2648,1.8498,-1.3786
170.762,7,-35.2645,1.8499,-1.3769
170.774,7,-35.2641,1.8499,-1.3751
170.784,7,-35.2639,1.8499,-1.3731
170.796,7,-35.2636,1.8500,-1.3711
170.807,7,-35.2635,1.8500,-1.3688
170.819,7,-35.2635,1.8501,-1.3667
170.830,7,-35.2635,1.8500,-1.3644
170.842,7,-35.2635,1.8499,-1.3620

# --- Trial 8 start ---
179.293,8,-39.5270,1.8730,-1.2259
179.310,8,-39.5280,1.8728,-1.2247
179.318,8,-39.5286,1.8730,-1.2235
179.327,8,-39.5293,1.8733,-1.2224
179.341,8,-39.5299,1.8737,-1.2213
179.358,8,-39.5310,1.8739,-1.2192
179.370,8,-39.5315,1.8735,-1.2183
179.384,8,-39.5319,1.8728,-1.2175
179.396,8,-39.5322,1.8725,-1.2167
179.408,8,-39.5324,1.8724,-1.2160
179.426,8,-39.5320,1.8730,-1.2154
179.442,8,-39.5320,1.8735,-1.2150
179.451,8,-39.5323,1.8738,-1.2138
179.460,8,-39.5324,1.8738,-1.2134
179.477,8,-39.5325,1.8739,-1.2132
179.488,8,-39.5326,1.8742,-1.2129
179.499,8,-39.5327,1.8745,-1.2127
179.511,8,-39.5327,1.8748,-1.2126
179.522,8,-39.5328,1.8751,-1.2126
179.534,8,-39.5329,1.8754,-1.2126
179.545,8,-39.5330,1.8756,-1.2126
179.557,8,-39.5329,1.8758,-1.2125
179.568,8,-39.5329,1.8761,-1.2125
179.579,8,-39.5327,1.8764,-1.2125
179.590,8,-39.5325,1.8767,-1.2125
179.601,8,-39.5322,1.8770,-1.2125
179.613,8,-39.5319,1.8771,-1.2124
179.624,8,-39.5315,1.8771,-1.2123
179.635,8,-39.5310,1.8770,-1.2122
179.646,8,-39.5305,1.8769,-1.2122
179.657,8,-39.5298,1.8765,-1.2122
179.668,8,-39.5291,1.8764,-1.2121
179.680,8,-39.5283,1.8762,-1.2121
179.691,8,-39.5276,1.8760,-1.2120
179.702,8,-39.5268,1.8758,-1.2120
179.713,8,-39.5259,1.8756,-1.2120
179.724,8,-39.5250,1.8754,-1.2121
179.736,8,-39.5240,1.8752,-1.2123
179.747,8,-39.5230,1.8751,-1.2126
179.758,8,-39.5219,1.8751,-1.2129
179.769,8,-39.5208,1.8749,-1.2133
179.780,8,-39.5197,1.8748,-1.2136
179.791,8,-39.5185,1.8746,-1.2141
179.802,8,-39.5172,1.8742,-1.2146
179.813,8,-39.5159,1.8740,-1.2153
179.824,8,-39.5146,1.8738,-1.2161
179.836,8,-39.5131,1.8736,-1.2171
179.847,8,-39.5116,1.8732,-1.2181
179.858,8,-39.5100,1.8730,-1.2191
179.869,8,-39.5085,1.8727,-1.2203
179.880,8,-39.5069,1.8722,-1.2217
179.892,8,-39.5052,1.8736,-1.2232
179.903,8,-39.5021,1.8769,-1.2246
179.913,8,-39.4992,1.8807,-1.2258
179.925,8,-39.4963,1.8824,-1.2271
179.936,8,-39.4939,1.8828,-1.2289
179.947,8,-39.4918,1.8829,-1.2307
179.958,8,-39.4891,1.8825,-1.2326
179.969,8,-39.4867,1.8823,-1.2344
179.980,8,-39.4840,1.8818,-1.2366
179.991,8,-39.4815,1.8818,-1.2387
180.002,8,-39.4791,1.8819,-1.2408
180.014,8,-39.4765,1.8816,-1.2428
180.025,8,-39.4740,1.8812,-1.2447
180.037,8,-39.4717,1.8800,-1.2469
180.048,8,-39.4694,1.8787,-1.2488
180.060,8,-39.4672,1.8772,-1.2509
180.071,8,-39.4648,1.8760,-1.2532
180.082,8,-39.4623,1.8753,-1.2553
180.093,8,-39.4597,1.8749,-1.2575
180.104,8,-39.4569,1.8749,-1.2593
180.115,8,-39.4540,1.8750,-1.2612
180.126,8,-39.4513,1.8749,-1.2632
180.137,8,-39.4486,1.8749,-1.2651
180.148,8,-39.4457,1.8749,-1.2673
180.159,8,-39.4428,1.8749,-1.2694
180.170,8,-39.4397,1.8749,-1.2714
180.181,8,-39.4365,1.8750,-1.2733
180.192,8,-39.4333,1.8748,-1.2750
180.204,8,-39.4298,1.8744,-1.2767
180.214,8,-39.4264,1.8737,-1.2785
180.226,8,-39.4230,1.8728,-1.2805
180.237,8,-39.4195,1.8715,-1.2823
180.248,8,-39.4161,1.8701,-1.2842
180.259,8,-39.4124,1.8693,-1.2859
180.270,8,-39.4082,1.8690,-1.2874
180.281,8,-39.4037,1.8688,-1.2889
180.292,8,-39.3992,1.8683,-1.2900
180.303,8,-39.3948,1.8676,-1.2914
180.314,8,-39.3902,1.8664,-1.2925
180.326,8,-39.3855,1.8653,-1.2938
180.337,8,-39.3807,1.8647,-1.2948
180.348,8,-39.3757,1.8642,-1.2957
180.359,8,-39.3703,1.8640,-1.2963
180.370,8,-39.3649,1.8641,-1.2967
180.381,8,-39.3591,1.8641,-1.2973
180.392,8,-39.3534,1.8643,-1.2978
180.403,8,-39.3475,1.8645,-1.2983
180.414,8,-39.3415,1.8646,-1.2985
180.425,8,-39.3354,1.8646,-1.2987
180.436,8,-39.3291,1.8646,-1.2988
180.448,8,-39.3226,1.8645,-1.2987
180.459,8,-39.3160,1.8644,-1.2987
180.469,8,-39.3093,1.8644,-1.2987
180.481,8,-39.3021,1.8640,-1.2985
180.492,8,-39.2951,1.8637,-1.2985
180.503,8,-39.2881,1.8631,-1.2981
180.514,8,-39.2810,1.8625,-1.2979
180.526,8,-39.2736,1.8616,-1.2974
180.536,8,-39.2661,1.8605,-1.2970
180.547,8,-39.2585,1.8597,-1.2964
180.559,8,-39.2507,1.8584,-1.2957
180.570,8,-39.2429,1.8573,-1.2951
180.581,8,-39.2352,1.8560,-1.2942
180.592,8,-39.2273,1.8545,-1.2932
180.604,8,-39.2196,1.8528,-1.2922
180.615,8,-39.2120,1.8511,-1.2910
180.625,8,-39.2043,1.8495,-1.2898
180.637,8,-39.1966,1.8480,-1.2882
180.648,8,-39.1891,1.8466,-1.2867
180.659,8,-39.1817,1.8452,-1.2850
180.670,8,-39.1744,1.8438,-1.2832
180.681,8,-39.1672,1.8427,-1.2814
180.692,8,-39.1598,1.8423,-1.2796
180.703,8,-39.1519,1.8427,-1.2779
180.715,8,-39.1442,1.8436,-1.2759
180.725,8,-39.1365,1.8443,-1.2741
180.736,8,-39.1287,1.8456,-1.2721
180.748,8,-39.1210,1.8471,-1.2701
180.759,8,-39.1132,1.8490,-1.2682
180.770,8,-39.1056,1.8513,-1.2661
180.781,8,-39.0978,1.8540,-1.2641
180.792,8,-39.0899,1.8568,-1.2623
180.803,8,-39.0819,1.8595,-1.2606
180.814,8,-39.0741,1.8615,-1.2588
180.825,8,-39.0665,1.8630,-1.2570
180.836,8,-39.0589,1.8640,-1.2555
180.847,8,-39.0516,1.8648,-1.2539
180.858,8,-39.0442,1.8655,-1.2528
180.869,8,-39.0367,1.8665,-1.2519
180.881,8,-39.0293,1.8673,-1.2513
180.892,8,-39.0221,1.8680,-1.2505
180.903,8,-39.0151,1.8683,-1.2497
180.914,8,-39.0080,1.8684,-1.2491
180.925,8,-39.0008,1.8683,-1.2486
180.937,8,-38.9938,1.8682,-1.2483
180.948,8,-38.9866,1.8683,-1.2480
180.959,8,-38.9794,1.8685,-1.2477
180.970,8,-38.9721,1.8688,-1.2475
180.981,8,-38.9646,1.8692,-1.2474
180.992,8,-38.9573,1.8694,-1.2473
181.003,8,-38.9500,1.8696,-1.2472
181.014,8,-38.9425,1.8699,-1.2472
181.026,8,-38.9346,1.8703,-1.2475
181.037,8,-38.9269,1.8706,-1.2476
181.048,8,-38.9190,1.8710,-1.2477
181.059,8,-38.9112,1.8710,-1.2476
181.070,8,-38.9032,1.8710,-1.2476
181.081,8,-38.8952,1.8709,-1.2475
181.092,8,-38.8869,1.8706,-1.2476
181.103,8,-38.8785,1.8702,-1.2479
181.114,8,-38.8699,1.8695,-1.2481
181.125,8,-38.8614,1.8690,-1.2484
181.137,8,-38.8527,1.8680,-1.2485
181.148,8,-38.8440,1.8670,-1.2488
181.159,8,-38.8354,1.8659,-1.2491
181.170,8,-38.8267,1.8644,-1.2493
181.181,8,-38.8178,1.8630,-1.2498
181.192,8,-38.8089,1.8612,-1.2502
181.203,8,-38.8001,1.8595,-1.2507
181.214,8,-38.7911,1.8575,-1.2512
181.226,8,-38.7820,1.8554,-1.2518
181.237,8,-38.7728,1.8535,-1.2526
181.248,8,-38.7637,1.8515,-1.2532
181.260,8,-38.7543,1.8499,-1.2542
181.271,8,-38.7450,1.8483,-1.2552
181.280,8,-38.7356,1.8469,-1.2562
181.291,8,-38.7262,1.8456,-1.2575
181.302,8,-38.7169,1.8444,-1.2586
181.313,8,-38.7074,1.8434,-1.2599
181.324,8,-38.6978,1.8427,-1.2614
181.335,8,-38.6882,1.8423,-1.2628
181.346,8,-38.6783,1.8431,-1.2646
181.358,8,-38.6686,1.8438,-1.2661
181.368,8,-38.6588,1.8450,-1.2678
181.379,8,-38.6492,1.8461,-1.2693
181.391,8,-38.6395,1.8479,-1.2710
181.402,8,-38.6298,1.8499,-1.2725
181.413,8,-38.6200,1.8523,-1.2740
181.424,8,-38.6103,1.8545,-1.2756
181.435,8,-38.6009,1.8565,-1.2769
181.446,8,-38.5917,1.8578,-1.2782
181.458,8,-38.5826,1.8588,-1.2792
181.468,8,-38.5736,1.8595,-1.2802
181.480,8,-38.5646,1.8599,-1.2812
181.491,8,-38.5557,1.8607,-1.2819
181.502,8,-38.5466,1.8619,-1.2827
181.513,8,-38.5375,1.8634,-1.2833
181.524,8,-38.5283,1.8651,-1.2838
181.536,8,-38.5191,1.8665,-1.2844
181.547,8,-38.5100,1.8674,-1.2845
181.557,8,-38.5008,1.8683,-1.2846
181.569,8,-38.4915,1.8693,-1.2847
181.580,8,-38.4820,1.8704,-1.2848
181.591,8,-38.4728,1.8714,-1.2846
181.602,8,-38.4634,1.8723,-1.2843
181.613,8,-38.4540,1.8732,-1.2840
181.624,8,-38.4449,1.8736,-1.2834
181.636,8,-38.4355,1.8739,-1.2829
181.647,8,-38.4263,1.8740,-1.2824
181.658,8,-38.4170,1.8741,-1.2818
181.669,8,-38.4077,1.8737,-1.2811
181.681,8,-38.3984,1.8733,-1.2804
181.692,8,-38.3890,1.8729,-1.2796
181.703,8,-38.3798,1.8719,-1.2787
181.714,8,-38.3703,1.8711,-1.2778
181.725,8,-38.3609,1.8700,-1.2770
181.737,8,-38.3512,1.8691,-1.2764
181.747,8,-38.3416,1.8679,-1.2757
181.759,8,-38.3320,1.8666,-1.2748
181.770,8,-38.3224,1.8652,-1.2740
181.781,8,-38.3128,1.8633,-1.2731
181.792,8,-38.3031,1.8615,-1.2722
181.803,8,-38.2934,1.8594,-1.2712
181.814,8,-38.2835,1.8571,-1.2703
181.825,8,-38.2735,1.8545,-1.2695
181.836,8,-38.2637,1.8519,-1.2686
181.848,8,-38.2536,1.8495,-1.2677
181.859,8,-38.2436,1.8472,-1.2666
181.870,8,-38.2334,1.8451,-1.2655
181.881,8,-38.2232,1.8431,-1.2645
181.892,8,-38.2129,1.8413,-1.2635
181.903,8,-38.2023,1.8399,-1.2622
181.914,8,-38.1920,1.8384,-1.2611
181.926,8,-38.1817,1.8371,-1.2599
181.936,8,-38.1713,1.8362,-1.2588
181.947,8,-38.1608,1.8357,-1.2576
181.959,8,-38.1505,1.8355,-1.2566
181.969,8,-38.1401,1.8356,-1.2555
181.980,8,-38.1298,1.8366,-1.2545
181.992,8,-38.1196,1.8380,-1.2535
182.003,8,-38.1094,1.8395,-1.2525
182.014,8,-38.0993,1.8418,-1.2516
182.025,8,-38.0895,1.8441,-1.2507
182.036,8,-38.0798,1.8460,-1.2500
182.047,8,-38.0702,1.8478,-1.2495
182.058,8,-38.0607,1.8493,-1.2488
182.069,8,-38.0514,1.8508,-1.2483
182.081,8,-38.0423,1.8524,-1.2477
182.092,8,-38.0333,1.8541,-1.2474
182.103,8,-38.0243,1.8560,-1.2470
182.114,8,-38.0155,1.8583,-1.2469
182.125,8,-38.0063,1.8605,-1.2469
182.136,8,-37.9971,1.8625,-1.2469
182.147,8,-37.9879,1.8642,-1.2468
182.158,8,-37.9789,1.8657,-1.2467
182.169,8,-37.9700,1.8669,-1.2467
182.180,8,-37.9609,1.8681,-1.2465
182.192,8,-37.9520,1.8692,-1.2464
182.203,8,-37.9429,1.8700,-1.2463
182.214,8,-37.9339,1.8705,-1.2461
182.225,8,-37.9248,1.8709,-1.2460
182.236,8,-37.9158,1.8709,-1.2457
182.247,8,-37.9068,1.8706,-1.2454
182.258,8,-37.8980,1.8703,-1.2449
182.269,8,-37.8891,1.8698,-1.2446
182.280,8,-37.8799,1.8694,-1.2444
182.291,8,-37.8708,1.8689,-1.2442
182.303,8,-37.8615,1.8682,-1.2440
182.314,8,-37.8521,1.8676,-1.2439
182.325,8,-37.8428,1.8669,-1.2437
182.336,8,-37.8331,1.8661,-1.2437
182.347,8,-37.8236,1.8653,-1.2436
182.358,8,-37.8137,1.8644,-1.2437
182.370,8,-37.8040,1.8634,-1.2439
182.380,8,-37.7942,1.8623,-1.2441
182.392,8,-37.7843,1.8612,-1.2445
182.403,8,-37.7745,1.8598,-1.2448
182.414,8,-37.7646,1.8582,-1.2453
182.425,8,-37.7547,1.8565,-1.2459
182.436,8,-37.7450,1.8546,-1.2465
182.447,8,-37.7352,1.8526,-1.2474
182.459,8,-37.7255,1.8509,-1.2483
182.470,8,-37.7158,1.8493,-1.2493
182.480,8,-37.7061,1.8478,-1.2503
182.491,8,-37.6964,1.8462,-1.2514
182.503,8,-37.6867,1.8447,-1.2526
182.514,8,-37.6769,1.8436,-1.2539
182.525,8,-37.6671,1.8426,-1.2553
182.536,8,-37.6573,1.8416,-1.2566
182.547,8,-37.6476,1.8406,-1.2581
182.558,8,-37.6378,1.8403,-1.2595
182.570,8,-37.6278,1.8408,-1.2610
182.581,8,-37.6180,1.8414,-1.2623
182.591,8,-37.6083,1.8419,-1.2638
182.602,8,-37.5986,1.8422,-1.2653
182.613,8,-37.5891,1.8427,-1.2668
182.624,8,-37.5798,1.8437,-1.2682
182.635,8,-37.5704,1.8453,-1.2696
182.646,8,-37.5610,1.8470,-1.2710
182.658,8,-37.5519,1.8485,-1.2722
182.669,8,-37.5429,1.8493,-1.2736
182.680,8,-37.5338,1.8500,-1.2750
182.692,8,-37.5247,1.8503,-1.2763
182.702,8,-37.5157,1.8508,-1.2777
182.714,8,-37.5068,1.8517,-1.2788
182.724,8,-37.4978,1.8529,-1.2799
182.736,8,-37.4887,1.8546,-1.2810
182.747,8,-37.4796,1.8562,-1.2821
182.758,8,-37.4704,1.8576,-1.2833
182.769,8,-37.4613,1.8586,-1.2843
182.780,8,-37.4523,1.8597,-1.2851
182.791,8,-37.4432,1.8606,-1.2861
182.802,8,-37.4341,1.8614,-1.2871
182.813,8,-37.4251,1.8622,-1.2880
182.824,8,-37.4160,1.8629,-1.2888
182.835,8,-37.4068,1.8635,-1.2896
182.846,8,-37.3975,1.8640,-1.2904
182.858,8,-37.3883,1.8643,-1.2910
182.868,8,-37.3789,1.8644,-1.2915
182.880,8,-37.3693,1.8644,-1.2917
182.891,8,-37.3600,1.8642,-1.2921
182.902,8,-37.3507,1.8637,-1.2924
182.913,8,-37.3413,1.8633,-1.2925
182.924,8,-37.3317,1.8624,-1.2925
182.935,8,-37.3221,1.8615,-1.2924
182.946,8,-37.3126,1.8603,-1.2920
182.957,8,-37.3029,1.8591,-1.2916
182.969,8,-37.2933,1.8578,-1.2910
182.979,8,-37.2835,1.8564,-1.2905
182.991,8,-37.2736,1.8548,-1.2898
183.003,8,-37.2638,1.8529,-1.2890
183.013,8,-37.2540,1.8511,-1.2882
183.024,8,-37.2441,1.8489,-1.2874
183.035,8,-37.2343,1.8464,-1.2865
183.047,8,-37.2245,1.8439,-1.2857
183.058,8,-37.2146,1.8411,-1.2849
183.069,8,-37.2046,1.8389,-1.2841
183.080,8,-37.1948,1.8369,-1.2833
183.091,8,-37.1847,1.8350,-1.2824
183.103,8,-37.1746,1.8332,-1.2814
183.114,8,-37.1645,1.8315,-1.2806
183.124,8,-37.1545,1.8299,-1.2796
183.135,8,-37.1444,1.8281,-1.2787
183.147,8,-37.1343,1.8265,-1.2778
183.158,8,-37.1241,1.8254,-1.2770
183.169,8,-37.1140,1.8247,-1.2760
183.180,8,-37.1042,1.8242,-1.2750
183.191,8,-37.0943,1.8239,-1.2742
183.202,8,-37.0846,1.8236,-1.2735
183.213,8,-37.0748,1.8237,-1.2726
183.224,8,-37.0651,1.8241,-1.2720
183.235,8,-37.0553,1.8251,-1.2713
183.246,8,-37.0454,1.8267,-1.2707
183.257,8,-37.0357,1.8280,-1.2701
183.268,8,-37.0260,1.8295,-1.2698
183.280,8,-37.0167,1.8307,-1.2695
183.292,8,-37.0072,1.8318,-1.2693
183.303,8,-36.9977,1.8329,-1.2693
183.314,8,-36.9884,1.8343,-1.2691
183.330,8,-36.9789,1.8365,-1.2692
183.340,8,-36.9696,1.8384,-1.2692
183.348,8,-36.9598,1.8403,-1.2693
183.357,8,-36.9501,1.8424,-1.2695
183.368,8,-36.9402,1.8444,-1.2698
183.380,8,-36.9304,1.8465,-1.2704
183.391,8,-36.9206,1.8485,-1.2709
183.403,8,-36.9109,1.8505,-1.2715
183.415,8,-36.9012,1.8522,-1.2723
183.426,8,-36.8917,1.8537,-1.2731
183.438,8,-36.8822,1.8549,-1.2738
183.449,8,-36.8727,1.8560,-1.2745
183.461,8,-36.8631,1.8567,-1.2754
183.473,8,-36.8536,1.8571,-1.2762
183.484,8,-36.8440,1.8574,-1.2770
183.495,8,-36.8344,1.8575,-1.2778
183.507,8,-36.8248,1.8576,-1.2787
183.519,8,-36.8152,1.8573,-1.2794
183.531,8,-36.8055,1.8568,-1.2802
183.542,8,-36.7958,1.8562,-1.2810
183.554,8,-36.7862,1.8554,-1.2816
183.565,8,-36.7765,1.8544,-1.2824
183.577,8,-36.7668,1.8533,-1.2831
183.588,8,-36.7573,1.8522,-1.2839
183.599,8,-36.7477,1.8508,-1.2848
183.610,8,-36.7382,1.8492,-1.2855
183.622,8,-36.7290,1.8473,-1.2863
183.633,8,-36.7198,1.8451,-1.2871
183.644,8,-36.7106,1.8428,-1.2881
183.656,8,-36.7015,1.8405,-1.2891
183.667,8,-36.6925,1.8385,-1.2901
183.678,8,-36.6837,1.8366,-1.2913
183.689,8,-36.6749,1.8348,-1.2925
183.700,8,-36.6662,1.8329,-1.2938
183.711,8,-36.6574,1.8310,-1.2952
183.722,8,-36.6488,1.8294,-1.2968
183.733,8,-36.6398,1.8281,-1.2985
183.744,8,-36.6310,1.8270,-1.3003
183.756,8,-36.6223,1.8258,-1.3022
183.766,8,-36.6136,1.8247,-1.3041
183.778,8,-36.6048,1.8246,-1.3062
183.789,8,-36.5958,1.8251,-1.3083
183.800,8,-36.5870,1.8256,-1.3104
183.811,8,-36.5784,1.8256,-1.3124
183.822,8,-36.5701,1.8255,-1.3147
183.834,8,-36.5617,1.8260,-1.3169
183.845,8,-36.5532,1.8269,-1.3191
183.856,8,-36.5446,1.8278,-1.3213
183.868,8,-36.5363,1.8289,-1.3234
183.879,8,-36.5282,1.8295,-1.3255
183.890,8,-36.5202,1.8302,-1.3276
183.901,8,-36.5122,1.8309,-1.3296
183.913,8,-36.5040,1.8316,-1.3313
183.924,8,-36.4958,1.8325,-1.3330
183.935,8,-36.4876,1.8339,-1.3347
183.947,8,-36.4792,1.8354,-1.3362
183.957,8,-36.4710,1.8370,-1.3379
183.969,8,-36.4626,1.8386,-1.3393
183.980,8,-36.4544,1.8399,-1.3408
183.991,8,-36.4460,1.8412,-1.3421
184.002,8,-36.4376,1.8426,-1.3434
184.013,8,-36.4291,1.8438,-1.3446
184.024,8,-36.4208,1.8450,-1.3457
184.036,8,-36.4125,1.8462,-1.3467
184.047,8,-36.4042,1.8473,-1.3477
184.058,8,-36.3960,1.8481,-1.3486
184.069,8,-36.3879,1.8488,-1.3495
184.080,8,-36.3798,1.8494,-1.3501
184.091,8,-36.3717,1.8498,-1.3508
184.103,8,-36.3635,1.8503,-1.3514
184.113,8,-36.3554,1.8505,-1.3520
184.125,8,-36.3472,1.8507,-1.3526
184.135,8,-36.3391,1.8506,-1.3532
184.147,8,-36.3307,1.8505,-1.3537
184.157,8,-36.3225,1.8504,-1.3541
184.169,8,-36.3140,1.8501,-1.3545
184.180,8,-36.3054,1.8497,-1.3548
184.191,8,-36.2967,1.8491,-1.3551
184.202,8,-36.2880,1.8484,-1.3555
184.213,8,-36.2793,1.8476,-1.3557
184.225,8,-36.2705,1.8464,-1.3559
184.235,8,-36.2619,1.8451,-1.3560
184.247,8,-36.2531,1.8435,-1.3561
184.258,8,-36.2444,1.8416,-1.3561
184.269,8,-36.2357,1.8396,-1.3561
184.280,8,-36.2270,1.8374,-1.3561
184.291,8,-36.2181,1.8354,-1.3560
184.302,8,-36.2092,1.8338,-1.3559
184.313,8,-36.2003,1.8324,-1.3558
184.325,8,-36.1913,1.8311,-1.3555
184.336,8,-36.1825,1.8298,-1.3552
184.347,8,-36.1736,1.8286,-1.3549
184.358,8,-36.1646,1.8276,-1.3546
184.369,8,-36.1557,1.8264,-1.3542
184.380,8,-36.1470,1.8251,-1.3536
184.391,8,-36.1381,1.8241,-1.3530
184.402,8,-36.1294,1.8236,-1.3524
184.413,8,-36.1208,1.8231,-1.3518
184.424,8,-36.1124,1.8222,-1.3511
184.435,8,-36.1042,1.8213,-1.3504
184.446,8,-36.0959,1.8206,-1.3497
184.457,8,-36.0876,1.8201,-1.3490
184.468,8,-36.0794,1.8200,-1.3482
184.479,8,-36.0713,1.8199,-1.3475
184.490,8,-36.0632,1.8204,-1.3468
184.502,8,-36.0552,1.8214,-1.3461
184.513,8,-36.0473,1.8223,-1.3455
184.524,8,-36.0393,1.8234,-1.3449
184.535,8,-36.0314,1.8244,-1.3442
184.546,8,-36.0236,1.8254,-1.3437
184.558,8,-36.0160,1.8264,-1.3433
184.569,8,-36.0083,1.8274,-1.3428
184.580,8,-36.0007,1.8285,-1.3427
184.591,8,-35.9931,1.8297,-1.3427
184.602,8,-35.9856,1.8311,-1.3428
184.613,8,-35.9780,1.8324,-1.3430
184.624,8,-35.9703,1.8337,-1.3434
184.635,8,-35.9626,1.8348,-1.3438
184.646,8,-35.9550,1.8360,-1.3443
184.657,8,-35.9473,1.8373,-1.3448
184.668,8,-35.9398,1.8386,-1.3454
184.679,8,-35.9323,1.8399,-1.3458
184.690,8,-35.9248,1.8410,-1.3464
184.701,8,-35.9173,1.8419,-1.3470
184.713,8,-35.9098,1.8427,-1.3476
184.723,8,-35.9023,1.8434,-1.3482
184.735,8,-35.8950,1.8438,-1.3488
184.746,8,-35.8876,1.8443,-1.3493
184.757,8,-35.8804,1.8446,-1.3499
184.768,8,-35.8732,1.8448,-1.3505
184.780,8,-35.8659,1.8449,-1.3511
184.790,8,-35.8587,1.8448,-1.3516
184.801,8,-35.8515,1.8446,-1.3522
184.812,8,-35.8442,1.8442,-1.3527
184.824,8,-35.8370,1.8436,-1.3532
184.835,8,-35.8296,1.8428,-1.3540
184.846,8,-35.8225,1.8419,-1.3546
184.857,8,-35.8152,1.8407,-1.3553
184.868,8,-35.8081,1.8394,-1.3560
184.879,8,-35.8008,1.8376,-1.3568
184.890,8,-35.7937,1.8358,-1.3575
184.901,8,-35.7866,1.8340,-1.3583
184.912,8,-35.7794,1.8324,-1.3592
184.923,8,-35.7723,1.8311,-1.3601
184.934,8,-35.7652,1.8298,-1.3611
184.945,8,-35.7582,1.8285,-1.3621
184.956,8,-35.7510,1.8272,-1.3632
184.967,8,-35.7439,1.8262,-1.3644
184.978,8,-35.7366,1.8254,-1.3656
184.990,8,-35.7292,1.8247,-1.3668
185.001,8,-35.7219,1.8244,-1.3680
185.012,8,-35.7146,1.8241,-1.3694
185.023,8,-35.7073,1.8244,-1.3708
185.034,8,-35.6997,1.8250,-1.3725
185.045,8,-35.6924,1.8254,-1.3739
185.057,8,-35.6850,1.8259,-1.3753
185.068,8,-35.6775,1.8271,-1.3767
185.079,8,-35.6701,1.8278,-1.3781
185.090,8,-35.6628,1.8282,-1.3793
185.101,8,-35.6557,1.8283,-1.3805
185.112,8,-35.6488,1.8283,-1.3817
185.123,8,-35.6419,1.8286,-1.3827
185.134,8,-35.6351,1.8289,-1.3838
185.145,8,-35.6285,1.8292,-1.3846
185.157,8,-35.6220,1.8294,-1.3853
185.168,8,-35.6154,1.8294,-1.3859
185.179,8,-35.6088,1.8293,-1.3867
185.190,8,-35.6023,1.8294,-1.3872
185.201,8,-35.5956,1.8298,-1.3877
185.212,8,-35.5889,1.8305,-1.3880
185.223,8,-35.5821,1.8314,-1.3881
185.235,8,-35.5754,1.8322,-1.3883
185.246,8,-35.5686,1.8330,-1.3882
185.257,8,-35.5620,1.8336,-1.3881
185.268,8,-35.5553,1.8342,-1.3877
185.279,8,-35.5489,1.8350,-1.3874
185.290,8,-35.5424,1.8360,-1.3868
185.301,8,-35.5360,1.8371,-1.3862
185.312,8,-35.5297,1.8383,-1.3855
185.323,8,-35.5232,1.8393,-1.3848
185.334,8,-35.5168,1.8403,-1.3840
185.345,8,-35.5103,1.8412,-1.3830
185.357,8,-35.5039,1.8420,-1.3820
185.368,8,-35.4975,1.8428,-1.3808
185.379,8,-35.4911,1.8433,-1.3797
185.390,8,-35.4849,1.8439,-1.3786
185.401,8,-35.4786,1.8444,-1.3774
185.412,8,-35.4724,1.8446,-1.3760
185.423,8,-35.4662,1.8447,-1.3746
185.435,8,-35.4599,1.8446,-1.3731
185.446,8,-35.4535,1.8443,-1.3714
185.458,8,-35.4474,1.8436,-1.3697
185.470,8,-35.4413,1.8427,-1.3679
185.481,8,-35.4354,1.8416,-1.3661
185.492,8,-35.4295,1.8401,-1.3642
185.504,8,-35.4237,1.8386,-1.3621
185.516,8,-35.4182,1.8368,-1.3599
185.527,8,-35.4126,1.8353,-1.3576
185.539,8,-35.4071,1.8339,-1.3553
185.550,8,-35.4019,1.8321,-1.3529
185.562,8,-35.3967,1.8305,-1.3506
185.574,8,-35.3915,1.8288,-1.3481
185.585,8,-35.3864,1.8273,-1.3458
185.597,8,-35.3811,1.8265,-1.3435
185.608,8,-35.3758,1.8268,-1.3412
185.620,8,-35.3705,1.8271,-1.3390
185.632,8,-35.3655,1.8267,-1.3370
185.643,8,-35.3608,1.8259,-1.3353
185.655,8,-35.3562,1.8251,-1.3336
185.666,8,-35.3518,1.8248,-1.3319
185.678,8,-35.3477,1.8251,-1.3307
185.688,8,-35.3437,1.8259,-1.3294
185.700,8,-35.3399,1.8270,-1.3283
185.711,8,-35.3362,1.8282,-1.3274
185.722,8,-35.3326,1.8294,-1.3266
185.733,8,-35.3289,1.8306,-1.3260
185.744,8,-35.3255,1.8321,-1.3256
185.756,8,-35.3220,1.8338,-1.3253
185.767,8,-35.3187,1.8356,-1.3250
185.778,8,-35.3155,1.8374,-1.3252
185.789,8,-35.3125,1.8393,-1.3253
185.801,8,-35.3096,1.8412,-1.3255
185.812,8,-35.3067,1.8429,-1.3257
185.823,8,-35.3040,1.8444,-1.3258
185.834,8,-35.3013,1.8455,-1.3260
185.845,8,-35.2989,1.8462,-1.3262
185.857,8,-35.2963,1.8468,-1.3264
185.868,8,-35.2939,1.8471,-1.3266
185.879,8,-35.2915,1.8474,-1.3268
185.890,8,-35.2892,1.8474,-1.3268
185.901,8,-35.2871,1.8472,-1.3268
185.913,8,-35.2850,1.8468,-1.3268
185.925,8,-35.2832,1.8462,-1.3269
185.936,8,-35.2814,1.8457,-1.3269
185.948,8,-35.2797,1.8453,-1.3273
185.960,8,-35.2781,1.8447,-1.3272
185.971,8,-35.2766,1.8442,-1.3272
185.983,8,-35.2755,1.8437,-1.3275
185.994,8,-35.2745,1.8432,-1.3277
186.006,8,-35.2735,1.8427,-1.3277
186.017,8,-35.2726,1.8422,-1.3278
186.029,8,-35.2719,1.8419,-1.3278
186.040,8,-35.2713,1.8416,-1.3280
186.052,8,-35.2709,1.8415,-1.3287
186.064,8,-35.2703,1.8420,-1.3289
186.075,8,-35.2698,1.8429,-1.3292
186.087,8,-35.2692,1.8437,-1.3294
186.098,8,-35.2687,1.8442,-1.3297
186.110,8,-35.2681,1.8447,-1.3301
186.121,8,-35.2675,1.8451,-1.3309
186.133,8,-35.2668,1.8456,-1.3313
186.143,8,-35.2662,1.8461,-1.3317
186.155,8,-35.2657,1.8466,-1.3322
186.167,8,-35.2651,1.8471,-1.3325
186.178,8,-35.2647,1.8475,-1.3328
186.189,8,-35.2642,1.8478,-1.3330
186.200,8,-35.2636,1.8480,-1.3332
186.212,8,-35.2632,1.8482,-1.3333
186.223,8,-35.2627,1.8485,-1.3332
186.234,8,-35.2623,1.8488,-1.3335
186.245,8,-35.2618,1.8491,-1.3335
186.256,8,-35.2618,1.8496,-1.3347
186.268,8,-35.2613,1.8498,-1.3345
186.279,8,-35.2610,1.8498,-1.3344
186.290,8,-35.2605,1.8499,-1.3342
186.302,8,-35.2601,1.8499,-1.3339
186.313,8,-35.2597,1.8498,-1.3337
186.325,8,-35.2593,1.8495,-1.3333
186.336,8,-35.2590,1.8490,-1.3330
186.348,8,-35.2586,1.8483,-1.3325
186.360,8,-35.2584,1.8475,-1.3319
186.372,8,-35.2582,1.8468,-1.3313
186.383,8,-35.2582,1.8461,-1.3306
186.395,8,-35.2582,1.8455,-1.3298
186.407,8,-35.2584,1.8447,-1.3290
186.419,8,-35.2587,1.8439,-1.3282
186.430,8,-35.2590,1.8430,-1.3273
186.441,8,-35.2596,1.8420,-1.3263
186.453,8,-35.2603,1.8408,-1.3254
186.465,8,-35.2612,1.8394,-1.3245
186.476,8,-35.2621,1.8381,-1.3235
186.488,8,-35.2632,1.8368,-1.3226
186.498,8,-35.2640,1.8356,-1.3217
186.510,8,-35.2663,1.8339,-1.3213
186.521,8,-35.2679,1.8330,-1.3210
186.533,8,-35.2694,1.8322,-1.3204
186.544,8,-35.2708,1.8319,-1.3199
186.555,8,-35.2723,1.8318,-1.3196
186.567,8,-35.2739,1.8315,-1.3194
186.578,8,-35.2755,1.8312,-1.3192
186.589,8,-35.2772,1.8308,-1.3195
186.600,8,-35.2790,1.8300,-1.3195

# --- Trial 9 start ---
196.862,9,-39.6971,1.8714,-1.2546
196.878,9,-39.6967,1.8718,-1.2549
196.886,9,-39.6963,1.8722,-1.2552
196.894,9,-39.6959,1.8725,-1.2554
196.904,9,-39.6954,1.8729,-1.2558
196.915,9,-39.6949,1.8732,-1.2562
196.927,9,-39.6943,1.8735,-1.2566
196.937,9,-39.6937,1.8736,-1.2571
196.949,9,-39.6928,1.8739,-1.2573
196.960,9,-39.6920,1.8740,-1.2577
196.972,9,-39.6912,1.8742,-1.2580
196.989,9,-39.6902,1.8743,-1.2583
197.000,9,-39.6892,1.8745,-1.2585
197.014,9,-39.6873,1.8748,-1.2590
197.038,9,-39.6859,1.8747,-1.2592
197.047,9,-39.6837,1.8750,-1.2598
197.056,9,-39.6825,1.8750,-1.2601
197.071,9,-39.6811,1.8750,-1.2605
197.082,9,-39.6796,1.8750,-1.2607
197.093,9,-39.6781,1.8749,-1.2612
197.104,9,-39.6765,1.8747,-1.2615
197.115,9,-39.6750,1.8745,-1.2619
197.127,9,-39.6734,1.8743,-1.2623
197.138,9,-39.6718,1.8741,-1.2627
197.149,9,-39.6703,1.8739,-1.2633
197.160,9,-39.6686,1.8736,-1.2637
197.171,9,-39.6670,1.8734,-1.2644
197.182,9,-39.6652,1.8730,-1.2650
197.194,9,-39.6635,1.8727,-1.2657
197.205,9,-39.6617,1.8724,-1.2664
197.216,9,-39.6600,1.8719,-1.2672
197.227,9,-39.6583,1.8714,-1.2681
197.239,9,-39.6566,1.8709,-1.2690
197.249,9,-39.6549,1.8703,-1.2699
197.261,9,-39.6532,1.8696,-1.2709
197.272,9,-39.6517,1.8688,-1.2720
197.283,9,-39.6504,1.8680,-1.2732
197.294,9,-39.6483,1.8694,-1.2746
197.305,9,-39.6453,1.8728,-1.2757
197.316,9,-39.6423,1.8771,-1.2764
197.328,9,-39.6395,1.8799,-1.2776
197.339,9,-39.6371,1.8813,-1.2789
197.350,9,-39.6347,1.8814,-1.2804
197.361,9,-39.6327,1.8811,-1.2819
197.371,9,-39.6305,1.8801,-1.2835
197.383,9,-39.6285,1.8794,-1.2851
197.394,9,-39.6263,1.8786,-1.2869
197.405,9,-39.6243,1.8787,-1.2885
197.416,9,-39.6216,1.8795,-1.2904
197.427,9,-39.6190,1.8799,-1.2921
197.438,9,-39.6167,1.8798,-1.2939
197.451,9,-39.6145,1.8785,-1.2958
197.462,9,-39.6124,1.8775,-1.2976
197.471,9,-39.6102,1.8763,-1.2997
197.483,9,-39.6079,1.8756,-1.3016
197.494,9,-39.6053,1.8754,-1.3036
197.505,9,-39.6023,1.8758,-1.3053
197.516,9,-39.5991,1.8763,-1.3071
197.528,9,-39.5959,1.8762,-1.3090
197.539,9,-39.5930,1.8759,-1.3107
197.550,9,-39.5903,1.8752,-1.3125
197.561,9,-39.5875,1.8744,-1.3144
197.572,9,-39.5847,1.8738,-1.3161
197.583,9,-39.5818,1.8732,-1.3178
197.594,9,-39.5787,1.8728,-1.3192
197.606,9,-39.5755,1.8722,-1.3205
197.617,9,-39.5723,1.8717,-1.3219
197.628,9,-39.5690,1.8711,-1.3234
197.639,9,-39.5656,1.8703,-1.3247
197.650,9,-39.5621,1.8696,-1.3262
197.662,9,-39.5584,1.8688,-1.3275
197.672,9,-39.5546,1.8681,-1.3286
197.683,9,-39.5504,1.8675,-1.3295
197.694,9,-39.5462,1.8669,-1.3304
197.705,9,-39.5417,1.8662,-1.3312
197.716,9,-39.5372,1.8656,-1.3319
197.728,9,-39.5328,1.8650,-1.3326
197.739,9,-39.5282,1.8645,-1.3332
197.750,9,-39.5232,1.8642,-1.3336
197.761,9,-39.5181,1.8640,-1.3339
197.772,9,-39.5126,1.8637,-1.3340
197.783,9,-39.5070,1.8636,-1.3342
197.794,9,-39.5015,1.8635,-1.3343
197.805,9,-39.4958,1.8633,-1.3346
197.816,9,-39.4900,1.8631,-1.3347
197.827,9,-39.4842,1.8630,-1.3346
197.839,9,-39.4780,1.8627,-1.3345
197.850,9,-39.4718,1.8625,-1.3343
197.861,9,-39.4651,1.8621,-1.3340
197.872,9,-39.4585,1.8617,-1.3336
197.884,9,-39.4518,1.8612,-1.3333
197.895,9,-39.4449,1.8606,-1.3329
197.906,9,-39.4380,1.8598,-1.3325
197.917,9,-39.4310,1.8588,-1.3320
197.928,9,-39.4237,1.8579,-1.3314
197.939,9,-39.4164,1.8568,-1.3308
197.950,9,-39.4087,1.8557,-1.3300
197.962,9,-39.4011,1.8544,-1.3290
197.973,9,-39.3934,1.8532,-1.3283
197.984,9,-39.3859,1.8518,-1.3272
197.995,9,-39.3784,1.8502,-1.3260
198.006,9,-39.3711,1.8485,-1.3245
198.018,9,-39.3635,1.8470,-1.3231
198.028,9,-39.3558,1.8457,-1.3216
198.040,9,-39.3482,1.8444,-1.3200
198.051,9,-39.3407,1.8435,-1.3183
198.062,9,-39.3331,1.8427,-1.3166
198.073,9,-39.3256,1.8420,-1.3147
198.083,9,-39.3180,1.8419,-1.3128
198.094,9,-39.3102,1.8423,-1.3109
198.105,9,-39.3024,1.8435,-1.3089
198.117,9,-39.2946,1.8445,-1.3067
198.127,9,-39.2870,1.8456,-1.3046
198.139,9,-39.2793,1.8473,-1.3023
198.150,9,-39.2717,1.8488,-1.2999
198.161,9,-39.2643,1.8505,-1.2976
198.172,9,-39.2568,1.8529,-1.2955
198.183,9,-39.2495,1.8555,-1.2935
198.194,9,-39.2419,1.8582,-1.2914
198.205,9,-39.2344,1.8604,-1.2896
198.216,9,-39.2271,1.8621,-1.2877
198.227,9,-39.2198,1.8631,-1.2859
198.238,9,-39.2127,1.8637,-1.2843
198.249,9,-39.2058,1.8641,-1.2829
198.261,9,-39.1989,1.8649,-1.2817
198.271,9,-39.1918,1.8660,-1.2806
198.283,9,-39.1848,1.8672,-1.2795
198.294,9,-39.1777,1.8684,-1.2785
198.305,9,-39.1706,1.8693,-1.2776
198.316,9,-39.1637,1.8700,-1.2766
198.328,9,-39.1567,1.8704,-1.2759
198.338,9,-39.1497,1.8710,-1.2752
198.349,9,-39.1426,1.8717,-1.2747
198.361,9,-39.1354,1.8724,-1.2742
198.372,9,-39.1282,1.8732,-1.2736
198.383,9,-39.1210,1.8736,-1.2730
198.394,9,-39.1137,1.8741,-1.2726
198.405,9,-39.1065,1.8745,-1.2721
198.417,9,-39.0991,1.8747,-1.2717
198.428,9,-39.0917,1.8749,-1.2714
198.439,9,-39.0843,1.8750,-1.2710
198.450,9,-39.0768,1.8750,-1.2706
198.462,9,-39.0693,1.8749,-1.2699
198.473,9,-39.0617,1.8747,-1.2695
198.484,9,-39.0539,1.8743,-1.2690
198.495,9,-39.0460,1.8739,-1.2685
198.506,9,-39.0380,1.8734,-1.2683
198.518,9,-39.0299,1.8729,-1.2679
198.529,9,-39.0216,1.8724,-1.2676
198.540,9,-39.0134,1.8717,-1.2670
198.551,9,-39.0049,1.8708,-1.2666
198.562,9,-38.9963,1.8698,-1.2663
198.573,9,-38.9876,1.8687,-1.2659
198.584,9,-38.9788,1.8674,-1.2659
198.595,9,-38.9702,1.8658,-1.2655
198.606,9,-38.9613,1.8641,-1.2654
198.618,9,-38.9526,1.8620,-1.2652
198.628,9,-38.9437,1.8603,-1.2652
198.639,9,-38.9348,1.8587,-1.2652
198.650,9,-38.9259,1.8573,-1.2653
198.661,9,-38.9169,1.8559,-1.2655
198.673,9,-38.9079,1.8545,-1.2657
198.684,9,-38.8990,1.8531,-1.2662
198.695,9,-38.8900,1.8518,-1.2666
198.706,9,-38.8809,1.8504,-1.2670
198.717,9,-38.8719,1.8495,-1.2676
198.728,9,-38.8628,1.8489,-1.2682
198.739,9,-38.8535,1.8489,-1.2689
198.750,9,-38.8441,1.8496,-1.2697
198.761,9,-38.8350,1.8503,-1.2705
198.773,9,-38.8258,1.8517,-1.2713
198.784,9,-38.8166,1.8536,-1.2720
198.795,9,-38.8073,1.8558,-1.2727
198.806,9,-38.7981,1.8577,-1.2732
198.817,9,-38.7888,1.8592,-1.2738
198.828,9,-38.7799,1.8605,-1.2744
198.839,9,-38.7710,1.8614,-1.2750
198.851,9,-38.7623,1.8621,-1.2753
198.862,9,-38.7539,1.8624,-1.2754
198.872,9,-38.7455,1.8627,-1.2756
198.884,9,-38.7370,1.8633,-1.2756
198.895,9,-38.7284,1.8642,-1.2756
198.906,9,-38.7197,1.8654,-1.2757
198.917,9,-38.7108,1.8667,-1.2756
198.928,9,-38.7019,1.8678,-1.2754
198.939,9,-38.6927,1.8686,-1.2751
198.950,9,-38.6838,1.8694,-1.2745
198.961,9,-38.6747,1.8702,-1.2741
198.972,9,-38.6657,1.8711,-1.2735
198.984,9,-38.6563,1.8721,-1.2731
198.995,9,-38.6471,1.8727,-1.2725
199.006,9,-38.6376,1.8733,-1.2718
199.017,9,-38.6281,1.8737,-1.2711
199.028,9,-38.6188,1.8737,-1.2703
199.039,9,-38.6093,1.8736,-1.2695
199.051,9,-38.6000,1.8733,-1.2687
199.062,9,-38.5905,1.8728,-1.2679
199.073,9,-38.5808,1.8722,-1.2672
199.085,9,-38.5712,1.8714,-1.2663
199.096,9,-38.5616,1.8705,-1.2655
199.106,9,-38.5522,1.8695,-1.2644
199.117,9,-38.5426,1.8684,-1.2635
199.129,9,-38.5329,1.8671,-1.2626
199.139,9,-38.5230,1.8657,-1.2616
199.150,9,-38.5131,1.8643,-1.2608
199.162,9,-38.5033,1.8627,-1.2598
199.173,9,-38.4935,1.8608,-1.2587
199.184,9,-38.4834,1.8586,-1.2577
199.195,9,-38.4736,1.8561,-1.2565
199.206,9,-38.4636,1.8534,-1.2553
199.217,9,-38.4537,1.8509,-1.2542
199.228,9,-38.4438,1.8487,-1.2532
199.240,9,-38.4337,1.8466,-1.2521
199.251,9,-38.4237,1.8446,-1.2510
199.261,9,-38.4139,1.8427,-1.2499
199.273,9,-38.4039,1.8412,-1.2488
199.284,9,-38.3937,1.8398,-1.2478
199.295,9,-38.3835,1.8387,-1.2468
199.306,9,-38.3733,1.8382,-1.2458
199.318,9,-38.3630,1.8383,-1.2448
199.328,9,-38.3527,1.8386,-1.2437
199.340,9,-38.3425,1.8388,-1.2427
199.351,9,-38.3326,1.8392,-1.2417
199.361,9,-38.3224,1.8399,-1.2408
199.372,9,-38.3124,1.8409,-1.2401
199.384,9,-38.3022,1.8426,-1.2395
199.394,9,-38.2923,1.8444,-1.2389
199.405,9,-38.2825,1.8464,-1.2382
199.417,9,-38.2726,1.8484,-1.2377
199.428,9,-38.2630,1.8500,-1.2371
199.439,9,-38.2531,1.8515,-1.2368
199.450,9,-38.2433,1.8530,-1.2365
199.462,9,-38.2334,1.8549,-1.2364
199.474,9,-38.2235,1.8570,-1.2363
199.484,9,-38.2139,1.8592,-1.2361
199.493,9,-38.2039,1.8616,-1.2362
199.504,9,-38.1942,1.8637,-1.2363
199.516,9,-38.1843,1.8657,-1.2365
199.526,9,-38.1743,1.8675,-1.2369
199.538,9,-38.1645,1.8690,-1.2372
199.549,9,-38.1546,1.8705,-1.2375
199.560,9,-38.1446,1.8717,-1.2379
199.571,9,-38.1350,1.8728,-1.2382
199.582,9,-38.1251,1.8736,-1.2388
199.593,9,-38.1155,1.8741,-1.2392
199.604,9,-38.1056,1.8744,-1.2400
199.615,9,-38.0957,1.8742,-1.2406
199.626,9,-38.0858,1.8739,-1.2413
199.638,9,-38.0759,1.8733,-1.2419
199.649,9,-38.0661,1.8726,-1.2424
199.660,9,-38.0565,1.8716,-1.2430
199.670,9,-38.0465,1.8708,-1.2438
199.682,9,-38.0364,1.8697,-1.2445
199.693,9,-38.0263,1.8686,-1.2455
199.704,9,-38.0162,1.8674,-1.2464
199.715,9,-38.0060,1.8661,-1.2473
199.726,9,-37.9958,1.8647,-1.2481
199.737,9,-37.9854,1.8631,-1.2492
199.748,9,-37.9751,1.8614,-1.2502
199.759,9,-37.9648,1.8597,-1.2513
199.770,9,-37.9546,1.8577,-1.2524
199.781,9,-37.9442,1.8553,-1.2536
199.792,9,-37.9340,1.8527,-1.2548
199.803,9,-37.9238,1.8502,-1.2561
199.814,9,-37.9135,1.8479,-1.2575
199.825,9,-37.9032,1.8461,-1.2590
199.837,9,-37.8931,1.8443,-1.2605
199.848,9,-37.8830,1.8426,-1.2620
199.860,9,-37.8727,1.8408,-1.2636
199.871,9,-37.8624,1.8393,-1.2653
199.882,9,-37.8522,1.8380,-1.2670
199.894,9,-37.8420,1.8370,-1.2689
199.905,9,-37.8315,1.8369,-1.2709
199.916,9,-37.8211,1.8376,-1.2730
199.927,9,-37.8106,1.8390,-1.2751
199.939,9,-37.8003,1.8405,-1.2775
199.951,9,-37.7908,1.8418,-1.2796
199.962,9,-37.7809,1.8437,-1.2818
199.972,9,-37.7709,1.8454,-1.2840
199.983,9,-37.7611,1.8471,-1.2862
199.995,9,-37.7516,1.8489,-1.2883
200.006,9,-37.7421,1.8505,-1.2903
200.017,9,-37.7327,1.8518,-1.2923
200.027,9,-37.7236,1.8529,-1.2940
200.039,9,-37.7144,1.8537,-1.2958
200.050,9,-37.7053,1.8545,-1.2974
200.061,9,-37.6958,1.8556,-1.2989
200.072,9,-37.6864,1.8570,-1.3003
200.083,9,-37.6770,1.8587,-1.3017
200.094,9,-37.6676,1.8604,-1.3030
200.104,9,-37.6585,1.8620,-1.3044
200.115,9,-37.6491,1.8633,-1.3055
200.126,9,-37.6398,1.8646,-1.3063
200.138,9,-37.6303,1.8658,-1.3071
200.149,9,-37.6207,1.8670,-1.3079
200.160,9,-37.6112,1.8682,-1.3086
200.171,9,-37.6017,1.8693,-1.3092
200.182,9,-37.5922,1.8701,-1.3098
200.194,9,-37.5826,1.8709,-1.3103
200.205,9,-37.5731,1.8712,-1.3107
200.216,9,-37.5636,1.8715,-1.3111
200.227,9,-37.5541,1.8715,-1.3114
200.238,9,-37.5444,1.8713,-1.3117
200.249,9,-37.5349,1.8710,-1.3120
200.260,9,-37.5252,1.8702,-1.3121
200.271,9,-37.5155,1.8694,-1.3123
200.282,9,-37.5059,1.8682,-1.3124
200.293,9,-37.4963,1.8670,-1.3124
200.304,9,-37.4865,1.8657,-1.3125
200.315,9,-37.4767,1.8643,-1.3125
200.326,9,-37.4667,1.8628,-1.3126
200.338,9,-37.4567,1.8611,-1.3125
200.349,9,-37.4466,1.8592,-1.3124
200.359,9,-37.4369,1.8571,-1.3123
200.371,9,-37.4268,1.8547,-1.3121
200.382,9,-37.4168,1.8519,-1.3119
200.393,9,-37.4067,1.8491,-1.3117
200.404,9,-37.3966,1.8465,-1.3115
200.415,9,-37.3864,1.8442,-1.3112
200.427,9,-37.3761,1.8422,-1.3108
200.439,9,-37.3661,1.8402,-1.3104
200.450,9,-37.3558,1.8383,-1.3100
200.461,9,-37.3456,1.8364,-1.3096
200.472,9,-37.3351,1.8347,-1.3091
200.482,9,-37.3247,1.8331,-1.3086
200.494,9,-37.3142,1.8315,-1.3080
200.505,9,-37.3037,1.8305,-1.3074
200.516,9,-37.2931,1.8301,-1.3068
200.527,9,-37.2826,1.8302,-1.3062
200.538,9,-37.2722,1.8302,-1.3058
200.549,9,-37.2619,1.8302,-1.3054
200.560,9,-37.2516,1.8305,-1.3049
200.571,9,-37.2414,1.8314,-1.3046
200.582,9,-37.2315,1.8324,-1.3042
200.594,9,-37.2213,1.8340,-1.3040
200.604,9,-37.2114,1.8358,-1.3036
200.615,9,-37.2016,1.8376,-1.3034
200.626,9,-37.1917,1.8393,-1.3033
200.638,9,-37.1821,1.8408,-1.3034
200.649,9,-37.1723,1.8422,-1.3034
200.660,9,-37.1625,1.8436,-1.3037
200.671,9,-37.1527,1.8452,-1.3041
200.682,9,-37.1429,1.8471,-1.3044
200.693,9,-37.1333,1.8493,-1.3050
200.704,9,-37.1235,1.8514,-1.3057
200.715,9,-37.1137,1.8534,-1.3066
200.726,9,-37.1038,1.8552,-1.3074
200.737,9,-37.0940,1.8568,-1.3083
200.748,9,-37.0841,1.8585,-1.3092
200.760,9,-37.0742,1.8599,-1.3102
200.771,9,-37.0643,1.8612,-1.3113
200.782,9,-37.0545,1.8623,-1.3123
200.793,9,-37.0446,1.8631,-1.3134
200.804,9,-37.0348,1.8636,-1.3145
200.816,9,-37.0252,1.8637,-1.3155
200.827,9,-37.0155,1.8637,-1.3166
200.838,9,-37.0060,1.8634,-1.3176
200.849,9,-36.9964,1.8626,-1.3186
200.861,9,-36.9866,1.8620,-1.3196
200.872,9,-36.9769,1.8610,-1.3206
200.883,9,-36.9672,1.8600,-1.3216
200.894,9,-36.9575,1.8589,-1.3226
200.905,9,-36.9479,1.8576,-1.3237
200.916,9,-36.9382,1.8563,-1.3245
200.928,9,-36.9282,1.8549,-1.3255
200.939,9,-36.9181,1.8534,-1.3259
200.949,9,-36.9084,1.8519,-1.3268
200.960,9,-36.8984,1.8502,-1.3277
200.972,9,-36.8890,1.8485,-1.3288
200.983,9,-36.8790,1.8463,-1.3297
200.994,9,-36.8692,1.8439,-1.3307
201.005,9,-36.8593,1.8413,-1.3319
201.016,9,-36.8496,1.8389,-1.3330
201.027,9,-36.8395,1.8370,-1.3342
201.038,9,-36.8295,1.8353,-1.3354
201.050,9,-36.8196,1.8335,-1.3368
201.060,9,-36.8097,1.8317,-1.3381
201.071,9,-36.7998,1.8301,-1.3396
201.083,9,-36.7896,1.8288,-1.3413
201.094,9,-36.7794,1.8276,-1.3430
201.105,9,-36.7692,1.8272,-1.3448
201.116,9,-36.7589,1.8273,-1.3466
201.127,9,-36.7487,1.8278,-1.3486
201.138,9,-36.7386,1.8284,-1.3507
201.150,9,-36.7287,1.8289,-1.3528
201.160,9,-36.7188,1.8298,-1.3549
201.172,9,-36.7089,1.8308,-1.3571
201.182,9,-36.6991,1.8320,-1.3591
201.194,9,-36.6891,1.8331,-1.3607
201.205,9,-36.6794,1.8344,-1.3623
201.216,9,-36.6698,1.8353,-1.3642
201.227,9,-36.6603,1.8361,-1.3661
201.239,9,-36.6513,1.8369,-1.3679
201.249,9,-36.6422,1.8375,-1.3695
201.261,9,-36.6329,1.8380,-1.3710
201.271,9,-36.6236,1.8387,-1.3725
201.283,9,-36.6143,1.8399,-1.3739
201.294,9,-36.6050,1.8415,-1.3752
201.305,9,-36.5956,1.8432,-1.3764
201.316,9,-36.5863,1.8447,-1.3775
201.327,9,-36.5769,1.8460,-1.3785
201.338,9,-36.5676,1.8473,-1.3795
201.349,9,-36.5583,1.8485,-1.3803
201.360,9,-36.5490,1.8498,-1.3810
201.371,9,-36.5397,1.8513,-1.3817
201.382,9,-36.5305,1.8526,-1.3823
201.393,9,-36.5212,1.8538,-1.3829
201.405,9,-36.5119,1.8550,-1.3829
201.416,9,-36.5026,1.8559,-1.3834
201.426,9,-36.4934,1.8566,-1.3839
201.437,9,-36.4841,1.8569,-1.3844
201.448,9,-36.4749,1.8572,-1.3847
201.459,9,-36.4656,1.8571,-1.3849
201.471,9,-36.4566,1.8569,-1.3853
201.482,9,-36.4474,1.8565,-1.3858
201.495,9,-36.4384,1.8561,-1.3862
201.505,9,-36.4293,1.8553,-1.3865
201.515,9,-36.4202,1.8546,-1.3869
201.526,9,-36.4110,1.8537,-1.3873
201.537,9,-36.4017,1.8528,-1.3877
201.549,9,-36.3924,1.8516,-1.3881
201.559,9,-36.3830,1.8503,-1.3886
201.570,9,-36.3737,1.8486,-1.3888
201.581,9,-36.3643,1.8468,-1.3890
201.593,9,-36.3549,1.8447,-1.3893
201.604,9,-36.3454,1.8425,-1.3895
201.615,9,-36.3362,1.8401,-1.3897
201.626,9,-36.3269,1.8380,-1.3898
201.637,9,-36.3177,1.8360,-1.3899
201.648,9,-36.3087,1.8342,-1.3900
201.659,9,-36.2995,1.8322,-1.3901
201.670,9,-36.2905,1.8304,-1.3900
201.681,9,-36.2812,1.8287,-1.3898
201.692,9,-36.2719,1.8270,-1.3896
201.703,9,-36.2625,1.8251,-1.3894
201.715,9,-36.2533,1.8233,-1.3891
201.726,9,-36.2441,1.8221,-1.3888
201.741,9,-36.2349,1.8218,-1.3885
201.752,9,-36.2258,1.8215,-1.3880
201.765,9,-36.2169,1.8209,-1.3876
201.777,9,-36.2080,1.8204,-1.3872
201.789,9,-36.1993,1.8204,-1.3867
201.801,9,-36.1905,1.8208,-1.3863
201.813,9,-36.1819,1.8218,-1.3859
201.825,9,-36.1645,1.8234,-1.3852
201.850,9,-36.1563,1.8256,-1.3851
201.859,9,-36.1392,1.8275,-1.3846
201.867,9,-36.1309,1.8286,-1.3844
201.880,9,-36.1225,1.8297,-1.3843
201.890,9,-36.1143,1.8308,-1.3844
201.901,9,-36.1062,1.8321,-1.3845
201.912,9,-36.0980,1.8338,-1.3848
201.923,9,-36.0898,1.8359,-1.3852
201.934,9,-36.0815,1.8377,-1.3855
201.945,9,-36.0733,1.8395,-1.3859
201.957,9,-36.0651,1.8410,-1.3863
201.967,9,-36.0568,1.8426,-1.3866
201.979,9,-36.0486,1.8440,-1.3870
201.990,9,-36.0404,1.8456,-1.3874
202.001,9,-36.0321,1.8471,-1.3877
202.012,9,-36.0239,1.8484,-1.3881
202.024,9,-36.0160,1.8494,-1.3884
202.034,9,-36.0080,1.8503,-1.3887
202.045,9,-36.0000,1.8509,-1.3890
202.057,9,-35.9920,1.8513,-1.3893
202.068,9,-35.9839,1.8515,-1.3895
202.079,9,-35.9760,1.8517,-1.3898
202.090,9,-35.9680,1.8517,-1.3900
202.102,9,-35.9602,1.8516,-1.3903
202.113,9,-35.9523,1.8514,-1.3905
202.124,9,-35.9445,1.8510,-1.3909
202.135,9,-35.9364,1.8507,-1.3911
202.146,9,-35.9283,1.8502,-1.3914
202.157,9,-35.9200,1.8496,-1.3918
202.168,9,-35.9118,1.8489,-1.3921
202.179,9,-35.9036,1.8482,-1.3924
202.190,9,-35.8953,1.8472,-1.3928
202.201,9,-35.8872,1.8457,-1.3933
202.213,9,-35.8789,1.8438,-1.3938
202.224,9,-35.8709,1.8416,-1.3944
202.235,9,-35.8628,1.8396,-1.3950
202.246,9,-35.8548,1.8379,-1.3956
202.257,9,-35.8467,1.8366,-1.3963
202.268,9,-35.8387,1.8355,-1.3971
202.280,9,-35.8309,1.8342,-1.3981
202.291,9,-35.8229,1.8328,-1.3991
202.302,9,-35.8150,1.8315,-1.4001
202.313,9,-35.8070,1.8302,-1.4012
202.324,9,-35.7989,1.8289,-1.4025
202.335,9,-35.7908,1.8278,-1.4039
202.346,9,-35.7827,1.8271,-1.4053
202.358,9,-35.7748,1.8272,-1.4069
202.369,9,-35.7668,1.8269,-1.4085
202.381,9,-35.7590,1.8264,-1.4103
202.392,9,-35.7511,1.8262,-1.4121
202.403,9,-35.7433,1.8267,-1.4137
202.415,9,-35.7355,1.8279,-1.4154
202.426,9,-35.7278,1.8292,-1.4169
202.438,9,-35.7203,1.8298,-1.4185
202.449,9,-35.7129,1.8301,-1.4201
202.460,9,-35.7057,1.8305,-1.4218
202.471,9,-35.6986,1.8309,-1.4233
202.482,9,-35.6916,1.8312,-1.4245
202.493,9,-35.6847,1.8316,-1.4258
202.504,9,-35.6779,1.8319,-1.4270
202.515,9,-35.6714,1.8322,-1.4282
202.527,9,-35.6649,1.8329,-1.4292
202.537,9,-35.6586,1.8339,-1.4301
202.549,9,-35.6520,1.8351,-1.4309
202.560,9,-35.6456,1.8360,-1.4318
202.571,9,-35.6392,1.8369,-1.4325
202.582,9,-35.6329,1.8379,-1.4329
202.593,9,-35.6265,1.8389,-1.4335
202.604,9,-35.6202,1.8401,-1.4341
202.615,9,-35.6138,1.8411,-1.4345
202.626,9,-35.6077,1.8421,-1.4349
202.637,9,-35.6016,1.8431,-1.4352
202.649,9,-35.5952,1.8439,-1.4355
202.661,9,-35.5888,1.8447,-1.4358
202.672,9,-35.5823,1.8453,-1.4359
202.684,9,-35.5761,1.8455,-1.4359
202.695,9,-35.5698,1.8456,-1.4359
202.706,9,-35.5636,1.8457,-1.4360
202.718,9,-35.5577,1.8457,-1.4360
202.730,9,-35.5516,1.8457,-1.4360
202.742,9,-35.5457,1.8457,-1.4357
202.753,9,-35.5396,1.8456,-1.4354
202.765,9,-35.5335,1.8454,-1.4354
202.776,9,-35.5275,1.8452,-1.4350
202.788,9,-35.5215,1.8447,-1.4347
202.800,9,-35.5156,1.8440,-1.4344
202.812,9,-35.5097,1.8430,-1.4340
202.823,9,-35.5040,1.8419,-1.4336
202.835,9,-35.4982,1.8407,-1.4331
202.846,9,-35.4927,1.8393,-1.4326
202.857,9,-35.4872,1.8380,-1.4321
202.869,9,-35.4820,1.8368,-1.4316
202.880,9,-35.4769,1.8358,-1.4309
202.891,9,-35.4718,1.8349,-1.4302
202.903,9,-35.4667,1.8340,-1.4294
202.914,9,-35.4618,1.8331,-1.4285
202.925,9,-35.4569,1.8321,-1.4275
202.936,9,-35.4518,1.8311,-1.4264
202.948,9,-35.4471,1.8303,-1.4253
202.959,9,-35.4423,1.8297,-1.4241
202.970,9,-35.4375,1.8296,-1.4228
202.981,9,-35.4326,1.8301,-1.4217
202.992,9,-35.4277,1.8314,-1.4203
203.004,9,-35.4229,1.8326,-1.4189
203.015,9,-35.4182,1.8333,-1.4175
203.027,9,-35.4136,1.8335,-1.4162
203.037,9,-35.4092,1.8334,-1.4149
203.048,9,-35.4051,1.8332,-1.4135
203.059,9,-35.4011,1.8331,-1.4122
203.071,9,-35.3973,1.8332,-1.4109
203.082,9,-35.3936,1.8334,-1.4097
203.093,9,-35.3899,1.8336,-1.4085
203.104,9,-35.3866,1.8337,-1.4073
203.116,9,-35.3829,1.8341,-1.4060
203.127,9,-35.3793,1.8345,-1.4050
203.139,9,-35.3757,1.8350,-1.4040
203.150,9,-35.3722,1.8357,-1.4030
203.162,9,-35.3688,1.8366,-1.4021
203.174,9,-35.3655,1.8377,-1.4015
203.185,9,-35.3622,1.8386,-1.4006
203.197,9,-35.3589,1.8397,-1.4002
203.209,9,-35.3557,1.8409,-1.3996
203.220,9,-35.3526,1.8420,-1.3992
203.232,9,-35.3496,1.8431,-1.3987
203.244,9,-35.3467,1.8440,-1.3983
203.255,9,-35.3439,1.8449,-1.3981
203.267,9,-35.3412,1.8455,-1.3979
203.278,9,-35.3386,1.8460,-1.3978
203.290,9,-35.3360,1.8463,-1.3976
203.301,9,-35.3336,1.8465,-1.3978
203.312,9,-35.3313,1.8466,-1.3978
203.324,9,-35.3291,1.8463,-1.3979
203.336,9,-35.3269,1.8463,-1.3982
203.347,9,-35.3248,1.8460,-1.3984
203.358,9,-35.3229,1.8456,-1.3987
203.370,9,-35.3209,1.8453,-1.3989
203.380,9,-35.3189,1.8447,-1.3992
203.392,9,-35.3169,1.8441,-1.3995
203.404,9,-35.3152,1.8436,-1.4005
203.415,9,-35.3133,1.8431,-1.4008
203.426,9,-35.3118,1.8425,-1.4013
203.437,9,-35.3101,1.8420,-1.4016
203.448,9,-35.3086,1.8420,-1.4020
203.459,9,-35.3072,1.8421,-1.4029
203.471,9,-35.3058,1.8426,-1.4033
203.482,9,-35.3043,1.8430,-1.4037
203.493,9,-35.3030,1.8436,-1.4041
203.505,9,-35.3017,1.8442,-1.4046
203.518,9,-35.3003,1.8451,-1.4051
203.527,9,-35.2990,1.8460,-1.4055
203.539,9,-35.2976,1.8467,-1.4060
203.549,9,-35.2963,1.8473,-1.4065
203.561,9,-35.2952,1.8479,-1.4076
203.572,9,-35.2939,1.8485,-1.4081
203.584,9,-35.2928,1.8488,-1.4090
203.595,9,-35.2917,1.8492,-1.4096
203.607,9,-35.2906,1.8492,-1.4100
203.618,9,-35.2897,1.8492,-1.4110
203.631,9,-35.2886,1.8490,-1.4113
203.642,9,-35.2876,1.8487,-1.4116
203.654,9,-35.2867,1.8485,-1.4122
203.665,9,-35.2856,1.8483,-1.4125
203.677,9,-35.2846,1.8479,-1.4129
203.688,9,-35.2835,1.8477,-1.4130
203.700,9,-35.2824,1.8477,-1.4134
203.712,9,-35.2813,1.8476,-1.4136
203.723,9,-35.2802,1.8475,-1.4140
203.735,9,-35.2791,1.8473,-1.4143
203.746,9,-35.2780,1.8472,-1.4145
203.758,9,-35.2770,1.8471,-1.4146
203.770,9,-35.2760,1.8470,-1.4150
203.781,9,-35.2750,1.8469,-1.4151
203.792,9,-35.2741,1.8468,-1.4152
203.803,9,-35.2732,1.8466,-1.4154
203.814,9,-35.2724,1.8465,-1.4162
203.826,9,-35.2716,1.8463,-1.4163
203.837,9,-35.2708,1.8461,-1.4164
203.848,9,-35.2699,1.8460,-1.4164
203.859,9,-35.2691,1.8458,-1.4164
203.871,9,-35.2683,1.8458,-1.4163
203.882,9,-35.2675,1.8457,-1.4163
203.893,9,-35.2667,1.8457,-1.4163
203.904,9,-35.2659,1.8457,-1.4162

# --- Trial 10 start ---
212.278,10,-39.6232,1.8781,-1.1749
212.294,10,-39.6225,1.8784,-1.1754
212.309,10,-39.6217,1.8785,-1.1760
212.318,10,-39.6200,1.8786,-1.1770
212.328,10,-39.6194,1.8785,-1.1777
212.342,10,-39.6188,1.8782,-1.1786
212.359,10,-39.6184,1.8781,-1.1796
212.367,10,-39.6178,1.8780,-1.1805
212.375,10,-39.6172,1.8780,-1.1816
212.390,10,-39.6166,1.8780,-1.1828
212.406,10,-39.6151,1.8780,-1.1851
212.415,10,-39.6142,1.8779,-1.1864
212.431,10,-39.6133,1.8780,-1.1878
212.441,10,-39.6125,1.8782,-1.1891
212.453,10,-39.6116,1.8783,-1.1906
212.463,10,-39.6107,1.8783,-1.1920
212.474,10,-39.6099,1.8784,-1.1935
212.486,10,-39.6088,1.8784,-1.1950
212.497,10,-39.6077,1.8783,-1.1966
212.508,10,-39.6066,1.8783,-1.1982
212.519,10,-39.6053,1.8783,-1.1998
212.530,10,-39.6041,1.8781,-1.2016
212.541,10,-39.6028,1.8780,-1.2034
212.553,10,-39.6015,1.8780,-1.2052
212.564,10,-39.6001,1.8779,-1.2071
212.575,10,-39.5987,1.8778,-1.2091
212.586,10,-39.5971,1.8777,-1.2112
212.597,10,-39.5955,1.8776,-1.2134
212.609,10,-39.5938,1.8774,-1.2156
212.620,10,-39.5921,1.8772,-1.2179
212.631,10,-39.5903,1.8769,-1.2203
212.642,10,-39.5886,1.8766,-1.2227
212.653,10,-39.5868,1.8760,-1.2253
212.664,10,-39.5851,1.8755,-1.2279
212.676,10,-39.5832,1.8747,-1.2306
212.687,10,-39.5815,1.8739,-1.2333
212.698,10,-39.5797,1.8731,-1.2363
212.709,10,-39.5779,1.8721,-1.2392
212.720,10,-39.5763,1.8707,-1.2424
212.732,10,-39.5747,1.8692,-1.2455
212.742,10,-39.5734,1.8671,-1.2487
212.754,10,-39.5725,1.8648,-1.2520
212.765,10,-39.5715,1.8639,-1.2557
212.776,10,-39.5682,1.8664,-1.2590
212.787,10,-39.5654,1.8695,-1.2620
212.798,10,-39.5622,1.8718,-1.2653
212.809,10,-39.5597,1.8726,-1.2689
212.820,10,-39.5575,1.8728,-1.2724
212.832,10,-39.5554,1.8723,-1.2758
212.843,10,-39.5530,1.8718,-1.2791
212.853,10,-39.5507,1.8712,-1.2824
212.864,10,-39.5484,1.8710,-1.2857
212.876,10,-39.5461,1.8713,-1.2890
212.887,10,-39.5435,1.8716,-1.2921
212.898,10,-39.5410,1.8718,-1.2954
212.909,10,-39.5384,1.8715,-1.2985
212.921,10,-39.5362,1.8706,-1.3015
212.932,10,-39.5337,1.8693,-1.3045
212.944,10,-39.5311,1.8683,-1.3076
212.955,10,-39.5285,1.8675,-1.3106
212.966,10,-39.5256,1.8671,-1.3136
212.977,10,-39.5227,1.8668,-1.3164
212.987,10,-39.5196,1.8665,-1.3191
212.998,10,-39.5165,1.8658,-1.3215
213.010,10,-39.5136,1.8652,-1.3240
213.021,10,-39.5107,1.8642,-1.3263
213.032,10,-39.5077,1.8636,-1.3286
213.043,10,-39.5047,1.8629,-1.3308
213.054,10,-39.5013,1.8626,-1.3328
213.065,10,-39.4980,1.8621,-1.3346
213.076,10,-39.4946,1.8616,-1.3363
213.088,10,-39.4911,1.8611,-1.3379
213.099,10,-39.4874,1.8609,-1.3394
213.110,10,-39.4836,1.8607,-1.3409
213.121,10,-39.4798,1.8607,-1.3422
213.132,10,-39.4758,1.8608,-1.3436
213.143,10,-39.4716,1.8608,-1.3446
213.154,10,-39.4674,1.8609,-1.3457
213.166,10,-39.4631,1.8610,-1.3465
213.176,10,-39.4587,1.8610,-1.3474
213.187,10,-39.4541,1.8609,-1.3480
213.199,10,-39.4495,1.8608,-1.3487
213.209,10,-39.4448,1.8609,-1.3491
213.221,10,-39.4399,1.8608,-1.3497
213.231,10,-39.4350,1.8607,-1.3500
213.243,10,-39.4297,1.8605,-1.3502
213.254,10,-39.4243,1.8604,-1.3505
213.265,10,-39.4185,1.8602,-1.3510
213.276,10,-39.4127,1.8599,-1.3512
213.287,10,-39.4067,1.8596,-1.3514
213.298,10,-39.4006,1.8591,-1.3516
213.309,10,-39.3944,1.8584,-1.3515
213.321,10,-39.3880,1.8577,-1.3514
213.332,10,-39.3814,1.8567,-1.3511
213.343,10,-39.3746,1.8558,-1.3510
213.354,10,-39.3676,1.8548,-1.3508
213.365,10,-39.3606,1.8539,-1.3507
213.377,10,-39.3534,1.8527,-1.3503
213.388,10,-39.3465,1.8516,-1.3498
213.400,10,-39.3392,1.8505,-1.3492
213.410,10,-39.3321,1.8494,-1.3484
213.421,10,-39.3249,1.8484,-1.3478
213.432,10,-39.3176,1.8474,-1.3470
213.444,10,-39.3101,1.8466,-1.3459
213.455,10,-39.3026,1.8457,-1.3447
213.466,10,-39.2953,1.8449,-1.3434
213.477,10,-39.2880,1.8444,-1.3421
213.488,10,-39.2807,1.8440,-1.3406
213.499,10,-39.2734,1.8437,-1.3391
213.510,10,-39.2660,1.8435,-1.3377
213.521,10,-39.2588,1.8435,-1.3360
213.532,10,-39.2511,1.8439,-1.3343
213.543,10,-39.2436,1.8448,-1.3324
213.554,10,-39.2360,1.8457,-1.3305
213.565,10,-39.2285,1.8469,-1.3286
213.577,10,-39.2210,1.8481,-1.3267
213.588,10,-39.2135,1.8500,-1.3251
213.599,10,-39.2059,1.8520,-1.3232
213.610,10,-39.1981,1.8543,-1.3213
213.621,10,-39.1905,1.8567,-1.3196
213.632,10,-39.1830,1.8591,-1.3177
213.645,10,-39.1752,1.8611,-1.3161
213.655,10,-39.1675,1.8628,-1.3146
213.665,10,-39.1600,1.8640,-1.3133
213.676,10,-39.1526,1.8648,-1.3120
213.687,10,-39.1455,1.8650,-1.3109
213.698,10,-39.1382,1.8653,-1.3098
213.709,10,-39.1310,1.8654,-1.3089
213.720,10,-39.1237,1.8659,-1.3081
213.731,10,-39.1163,1.8661,-1.3076
213.742,10,-39.1089,1.8659,-1.3072
213.753,10,-39.1015,1.8658,-1.3067
213.765,10,-39.0941,1.8655,-1.3066
213.776,10,-39.0865,1.8652,-1.3064
213.788,10,-39.0788,1.8650,-1.3063
213.798,10,-39.0710,1.8649,-1.3063
213.809,10,-39.0628,1.8646,-1.3065
213.821,10,-39.0547,1.8648,-1.3067
213.832,10,-39.0466,1.8648,-1.3069
213.843,10,-39.0383,1.8648,-1.3072
213.854,10,-39.0302,1.8647,-1.3075
213.865,10,-39.0221,1.8645,-1.3076
213.876,10,-39.0137,1.8644,-1.3080
213.887,10,-39.0054,1.8642,-1.3085
213.899,10,-38.9969,1.8640,-1.3089
213.910,10,-38.9883,1.8635,-1.3094
213.921,10,-38.9798,1.8630,-1.3099
213.932,10,-38.9712,1.8622,-1.3103
213.943,10,-38.9624,1.8613,-1.3107
213.954,10,-38.9536,1.8604,-1.3112
213.964,10,-38.9446,1.8594,-1.3118
213.975,10,-38.9356,1.8584,-1.3125
213.987,10,-38.9264,1.8571,-1.3132
213.998,10,-38.9172,1.8557,-1.3138
214.009,10,-38.9078,1.8540,-1.3144
214.020,10,-38.8986,1.8523,-1.3151
214.031,10,-38.8892,1.8505,-1.3158
214.042,10,-38.8798,1.8484,-1.3167
214.053,10,-38.8706,1.8464,-1.3175
214.064,10,-38.8612,1.8443,-1.3185
214.075,10,-38.8517,1.8422,-1.3195
214.087,10,-38.8422,1.8404,-1.3206
214.097,10,-38.8326,1.8386,-1.3217
214.108,10,-38.8229,1.8370,-1.3230
214.119,10,-38.8130,1.8355,-1.3241
214.131,10,-38.8032,1.8343,-1.3255
214.142,10,-38.7931,1.8334,-1.3269
214.153,10,-38.7831,1.8327,-1.3286
214.164,10,-38.7730,1.8324,-1.3303
214.175,10,-38.7629,1.8329,-1.3319
214.186,10,-38.7524,1.8336,-1.3337
214.197,10,-38.7420,1.8347,-1.3353
214.208,10,-38.7320,1.8356,-1.3371
214.220,10,-38.7217,1.8372,-1.3389
214.231,10,-38.7116,1.8385,-1.3406
214.242,10,-38.7015,1.8404,-1.3424
214.253,10,-38.6917,1.8424,-1.3440
214.264,10,-38.6818,1.8441,-1.3455
214.275,10,-38.6721,1.8455,-1.3468
214.286,10,-38.6623,1.8465,-1.3482
214.298,10,-38.6527,1.8469,-1.3492
214.309,10,-38.6431,1.8473,-1.3503
214.320,10,-38.6337,1.8479,-1.3511
214.331,10,-38.6242,1.8489,-1.3517
214.342,10,-38.6145,1.8503,-1.3524
214.353,10,-38.6047,1.8522,-1.3528
214.364,10,-38.5948,1.8539,-1.3532
214.376,10,-38.5846,1.8553,-1.3534
214.387,10,-38.5746,1.8564,-1.3535
214.398,10,-38.5648,1.8574,-1.3535
214.410,10,-38.5550,1.8582,-1.3533
214.421,10,-38.5451,1.8592,-1.3531
214.432,10,-38.5353,1.8601,-1.3529
214.443,10,-38.5253,1.8606,-1.3524
214.454,10,-38.5152,1.8610,-1.3520
214.465,10,-38.5050,1.8613,-1.3515
214.477,10,-38.4949,1.8611,-1.3508
214.488,10,-38.4849,1.8608,-1.3500
214.499,10,-38.4747,1.8603,-1.3491
214.510,10,-38.4647,1.8596,-1.3483
214.521,10,-38.4546,1.8587,-1.3474
214.532,10,-38.4444,1.8578,-1.3466
214.543,10,-38.4342,1.8567,-1.3456
214.555,10,-38.4237,1.8554,-1.3445
214.566,10,-38.4132,1.8539,-1.3434
214.577,10,-38.4028,1.8524,-1.3423
214.588,10,-38.3923,1.8505,-1.3410
214.599,10,-38.3816,1.8487,-1.3397
214.610,10,-38.3710,1.8468,-1.3385
214.621,10,-38.3603,1.8448,-1.3372
214.633,10,-38.3496,1.8425,-1.3358
214.644,10,-38.3390,1.8399,-1.3343
214.655,10,-38.3282,1.8370,-1.3328
214.666,10,-38.3176,1.8343,-1.3313
214.677,10,-38.3066,1.8317,-1.3295
214.688,10,-38.2960,1.8296,-1.3278
214.699,10,-38.2854,1.8274,-1.3261
214.710,10,-38.2745,1.8254,-1.3242
214.721,10,-38.2636,1.8237,-1.3223
214.732,10,-38.2526,1.8220,-1.3203
214.743,10,-38.2414,1.8208,-1.3183
214.754,10,-38.2300,1.8199,-1.3162
214.765,10,-38.2187,1.8195,-1.3140
214.776,10,-38.2076,1.8195,-1.3120
214.787,10,-38.1965,1.8198,-1.3098
214.798,10,-38.1855,1.8205,-1.3078
214.810,10,-38.1743,1.8225,-1.3056
214.821,10,-38.1631,1.8245,-1.3035
214.832,10,-38.1516,1.8274,-1.3015
214.843,10,-38.1405,1.8298,-1.2995
214.854,10,-38.1295,1.8321,-1.2978
214.865,10,-38.1188,1.8340,-1.2960
214.876,10,-38.1087,1.8358,-1.2943
214.887,10,-38.0984,1.8374,-1.2928
214.898,10,-38.0883,1.8392,-1.2915
214.910,10,-38.0780,1.8412,-1.2906
214.921,10,-38.0678,1.8434,-1.2898
214.931,10,-38.0573,1.8459,-1.2892
214.942,10,-38.0471,1.8481,-1.2886
214.953,10,-38.0369,1.8499,-1.2881
214.964,10,-38.0266,1.8515,-1.2878
214.975,10,-38.0164,1.8528,-1.2876
214.987,10,-38.0063,1.8540,-1.2875
214.998,10,-37.9959,1.8553,-1.2875
215.009,10,-37.9857,1.8564,-1.2876
215.020,10,-37.9754,1.8571,-1.2878
215.031,10,-37.9652,1.8575,-1.2880
215.043,10,-37.9552,1.8577,-1.2883
215.053,10,-37.9452,1.8578,-1.2886
215.065,10,-37.9351,1.8574,-1.2889
215.076,10,-37.9249,1.8570,-1.2894
215.087,10,-37.9147,1.8562,-1.2898
215.097,10,-37.9044,1.8555,-1.2903
215.108,10,-37.8942,1.8542,-1.2908
215.120,10,-37.8836,1.8529,-1.2915
215.131,10,-37.8730,1.8516,-1.2921
215.142,10,-37.8622,1.8500,-1.2928
215.153,10,-37.8514,1.8485,-1.2936
215.165,10,-37.8405,1.8468,-1.2944
215.176,10,-37.8297,1.8451,-1.2951
215.187,10,-37.8191,1.8434,-1.2958
215.198,10,-37.8083,1.8414,-1.2966
215.208,10,-37.7979,1.8394,-1.2973
215.219,10,-37.7873,1.8372,-1.2981
215.231,10,-37.7767,1.8347,-1.2989
215.242,10,-37.7662,1.8322,-1.2998
215.253,10,-37.7558,1.8296,-1.3007
215.264,10,-37.7452,1.8272,-1.3017
215.275,10,-37.7347,1.8251,-1.3027
215.286,10,-37.7241,1.8234,-1.3039
215.297,10,-37.7134,1.8218,-1.3051
215.308,10,-37.7027,1.8205,-1.3065
215.320,10,-37.6918,1.8194,-1.3080
215.331,10,-37.6809,1.8184,-1.3096
215.342,10,-37.6700,1.8176,-1.3113
215.353,10,-37.6594,1.8168,-1.3130
215.364,10,-37.6484,1.8170,-1.3151
215.375,10,-37.6372,1.8176,-1.3171
215.387,10,-37.6260,1.8187,-1.3191
215.397,10,-37.6150,1.8194,-1.3212
215.408,10,-37.6041,1.8201,-1.3231
215.419,10,-37.5933,1.8209,-1.3250
215.431,10,-37.5824,1.8222,-1.3268
215.442,10,-37.5714,1.8231,-1.3285
215.453,10,-37.5609,1.8238,-1.3301
215.464,10,-37.5505,1.8243,-1.3316
215.476,10,-37.5405,1.8246,-1.3329
215.487,10,-37.5308,1.8248,-1.3340
215.498,10,-37.5210,1.8252,-1.3349
215.509,10,-37.5112,1.8260,-1.3356
215.520,10,-37.5012,1.8273,-1.3362
215.531,10,-37.4911,1.8289,-1.3367
215.542,10,-37.4811,1.8306,-1.3371
215.553,10,-37.4710,1.8324,-1.3375
215.564,10,-37.4609,1.8341,-1.3377
215.575,10,-37.4508,1.8358,-1.3377
215.586,10,-37.4409,1.8374,-1.3376
215.597,10,-37.4308,1.8390,-1.3373
215.608,10,-37.4206,1.8404,-1.3372
215.619,10,-37.4105,1.8417,-1.3368
215.631,10,-37.4001,1.8428,-1.3365
215.641,10,-37.3899,1.8438,-1.3361
215.653,10,-37.3795,1.8445,-1.3357
215.663,10,-37.3688,1.8449,-1.3352
215.676,10,-37.3582,1.8451,-1.3346
215.688,10,-37.3475,1.8451,-1.3340
215.697,10,-37.3366,1.8450,-1.3335
215.707,10,-37.3256,1.8446,-1.3328
215.718,10,-37.3147,1.8440,-1.3322
215.729,10,-37.3042,1.8428,-1.3313
215.740,10,-37.2930,1.8415,-1.3305
215.751,10,-37.2817,1.8400,-1.3296
215.763,10,-37.2703,1.8383,-1.3286
215.774,10,-37.2589,1.8366,-1.3275
215.785,10,-37.2476,1.8344,-1.3262
215.796,10,-37.2364,1.8323,-1.3249
215.807,10,-37.2251,1.8300,-1.3236
215.818,10,-37.2139,1.8276,-1.3222
215.829,10,-37.2026,1.8250,-1.3205
215.841,10,-37.1914,1.8221,-1.3189
215.852,10,-37.1800,1.8194,-1.3171
215.863,10,-37.1687,1.8169,-1.3154
215.874,10,-37.1575,1.8146,-1.3135
215.886,10,-37.1466,1.8123,-1.3115
215.897,10,-37.1354,1.8102,-1.3095
215.908,10,-37.1244,1.8084,-1.3076
215.919,10,-37.1135,1.8067,-1.3055
215.930,10,-37.1027,1.8051,-1.3034
215.941,10,-37.0919,1.8041,-1.3013
215.952,10,-37.0811,1.8032,-1.2993
215.964,10,-37.0706,1.8029,-1.2975
215.975,10,-37.0602,1.8026,-1.2956
215.986,10,-37.0500,1.8032,-1.2940
215.997,10,-37.0400,1.8043,-1.2926
216.008,10,-37.0298,1.8058,-1.2912
216.019,10,-37.0197,1.8079,-1.2901
216.030,10,-37.0097,1.8098,-1.2888
216.041,10,-36.9999,1.8118,-1.2877
216.052,10,-36.9904,1.8134,-1.2867
216.063,10,-36.9809,1.8149,-1.2860
216.074,10,-36.9714,1.8165,-1.2853
216.085,10,-36.9620,1.8183,-1.2846
216.097,10,-36.9523,1.8202,-1.2843
216.108,10,-36.9426,1.8224,-1.2840
216.119,10,-36.9329,1.8246,-1.2837
216.131,10,-36.9233,1.8267,-1.2835
216.142,10,-36.9136,1.8287,-1.2835
216.153,10,-36.9038,1.8307,-1.2833
216.164,10,-36.8938,1.8327,-1.2833
216.175,10,-36.8840,1.8345,-1.2832
216.186,10,-36.8742,1.8363,-1.2831
216.198,10,-36.8647,1.8377,-1.2831
216.209,10,-36.8552,1.8390,-1.2829
216.220,10,-36.8457,1.8400,-1.2829
216.231,10,-36.8365,1.8409,-1.2827
216.242,10,-36.8273,1.8415,-1.2827
216.252,10,-36.8179,1.8422,-1.2826
216.264,10,-36.8085,1.8426,-1.2827
216.275,10,-36.7993,1.8429,-1.2827
216.286,10,-36.7898,1.8430,-1.2827
216.297,10,-36.7804,1.8429,-1.2828
216.309,10,-36.7709,1.8427,-1.2828
216.320,10,-36.7613,1.8422,-1.2829
216.330,10,-36.7517,1.8417,-1.2831
216.342,10,-36.7422,1.8411,-1.2832
216.353,10,-36.7328,1.8403,-1.2834
216.364,10,-36.7232,1.8392,-1.2837
216.375,10,-36.7138,1.8380,-1.2839
216.386,10,-36.7042,1.8367,-1.2842
216.397,10,-36.6946,1.8350,-1.2845
216.408,10,-36.6849,1.8330,-1.2850
216.419,10,-36.6753,1.8308,-1.2855
216.431,10,-36.6655,1.8284,-1.2860
216.441,10,-36.6558,1.8263,-1.2867
216.453,10,-36.6460,1.8242,-1.2874
216.464,10,-36.6362,1.8224,-1.2883
216.475,10,-36.6266,1.8207,-1.2891
216.486,10,-36.6169,1.8189,-1.2900
216.497,10,-36.6074,1.8172,-1.2911
216.509,10,-36.5976,1.8157,-1.2923
216.520,10,-36.5878,1.8144,-1.2934
216.531,10,-36.5782,1.8131,-1.2945
216.542,10,-36.5686,1.8119,-1.2959
216.553,10,-36.5591,1.8112,-1.2974
216.564,10,-36.5491,1.8119,-1.2991
216.575,10,-36.5392,1.8129,-1.3006
216.586,10,-36.5293,1.8142,-1.3021
216.597,10,-36.5197,1.8149,-1.3036
216.609,10,-36.5103,1.8159,-1.3051
216.619,10,-36.5010,1.8173,-1.3065
216.631,10,-36.4915,1.8192,-1.3080
216.642,10,-36.4819,1.8209,-1.3095
216.653,10,-36.4727,1.8226,-1.3108
216.664,10,-36.4637,1.8238,-1.3121
216.675,10,-36.4550,1.8248,-1.3134
216.686,10,-36.4462,1.8257,-1.3146
216.697,10,-36.4374,1.8265,-1.3157
216.708,10,-36.4284,1.8276,-1.3167
216.719,10,-36.4194,1.8289,-1.3177
216.730,10,-36.4103,1.8305,-1.3186
216.742,10,-36.4010,1.8322,-1.3195
216.753,10,-36.3918,1.8337,-1.3203
216.764,10,-36.3827,1.8350,-1.3209
216.775,10,-36.3733,1.8363,-1.3215
216.786,10,-36.3642,1.8375,-1.3219
216.797,10,-36.3550,1.8388,-1.3223
216.809,10,-36.3459,1.8400,-1.3226
216.819,10,-36.3367,1.8413,-1.3230
216.830,10,-36.3276,1.8423,-1.3234
216.842,10,-36.3186,1.8432,-1.3236
216.853,10,-36.3095,1.8439,-1.3239
216.864,10,-36.3005,1.8444,-1.3242
216.875,10,-36.2917,1.8447,-1.3244
216.887,10,-36.2828,1.8449,-1.3245
216.897,10,-36.2739,1.8451,-1.3247
216.909,10,-36.2653,1.8449,-1.3248
216.920,10,-36.2566,1.8448,-1.3251
216.930,10,-36.2479,1.8444,-1.3253
216.942,10,-36.2390,1.8438,-1.3256
216.953,10,-36.2301,1.8433,-1.3255
216.964,10,-36.2211,1.8426,-1.3257
216.975,10,-36.2121,1.8417,-1.3259
216.986,10,-36.2033,1.8408,-1.3260
216.997,10,-36.1945,1.8396,-1.3262
217.008,10,-36.1856,1.8383,-1.3264
217.019,10,-36.1768,1.8368,-1.3267
217.030,10,-36.1679,1.8350,-1.3269
217.041,10,-36.1591,1.8331,-1.3271
217.052,10,-36.1503,1.8309,-1.3272
217.064,10,-36.1413,1.8290,-1.3275
217.075,10,-36.1322,1.8274,-1.3277
217.086,10,-36.1232,1.8257,-1.3281
217.097,10,-36.1143,1.8241,-1.3284
217.108,10,-36.1053,1.8226,-1.3285
217.119,10,-36.0963,1.8211,-1.3287
217.130,10,-36.0873,1.8199,-1.3288
217.142,10,-36.0782,1.8184,-1.3290
217.153,10,-36.0693,1.8169,-1.3290
217.164,10,-36.0606,1.8150,-1.3292
217.175,10,-36.0518,1.8133,-1.3294
217.186,10,-36.0431,1.8122,-1.3296
217.197,10,-36.0343,1.8118,-1.3298
217.209,10,-36.0255,1.8118,-1.3300
217.220,10,-36.0168,1.8117,-1.3301
217.231,10,-36.0084,1.8112,-1.3303
217.242,10,-35.9999,1.8111,-1.3304
217.253,10,-35.9915,1.8116,-1.3305
217.264,10,-35.9829,1.8125,-1.3309
217.275,10,-35.9745,1.8139,-1.3309
217.286,10,-35.9662,1.8155,-1.3312
217.297,10,-35.9579,1.8167,-1.3313
217.308,10,-35.9496,1.8179,-1.3316
217.319,10,-35.9414,1.8190,-1.3320
217.331,10,-35.9331,1.8200,-1.3324
217.341,10,-35.9250,1.8211,-1.3329
217.353,10,-35.9170,1.8223,-1.3332
217.364,10,-35.9087,1.8237,-1.3338
217.375,10,-35.9005,1.8256,-1.3346
217.386,10,-35.8923,1.8274,-1.3353
217.397,10,-35.8840,1.8291,-1.3362
217.408,10,-35.8757,1.8307,-1.3370
217.419,10,-35.8674,1.8322,-1.3379
217.431,10,-35.8591,1.8337,-1.3387
217.441,10,-35.8507,1.8351,-1.3397
217.453,10,-35.8426,1.8365,-1.3406
217.464,10,-35.8345,1.8376,-1.3415
217.475,10,-35.8264,1.8387,-1.3424
217.486,10,-35.8184,1.8396,-1.3433
217.497,10,-35.8103,1.8403,-1.3442
217.508,10,-35.8023,1.8409,-1.3451
217.519,10,-35.7942,1.8413,-1.3461
217.530,10,-35.7863,1.8416,-1.3470
217.541,10,-35.7784,1.8419,-1.3479
217.553,10,-35.7708,1.8420,-1.3489
217.564,10,-35.7628,1.8421,-1.3499
217.575,10,-35.7551,1.8419,-1.3508
217.586,10,-35.7472,1.8416,-1.3518
217.598,10,-35.7393,1.8412,-1.3529
217.608,10,-35.7312,1.8409,-1.3541
217.619,10,-35.7233,1.8404,-1.3551
217.631,10,-35.7155,1.8396,-1.3563
217.641,10,-35.7075,1.8387,-1.3575
217.652,10,-35.6995,1.8374,-1.3589
217.664,10,-35.6915,1.8357,-1.3604
217.675,10,-35.6837,1.8338,-1.3618
217.685,10,-35.6761,1.8319,-1.3629
217.697,10,-35.6685,1.8301,-1.3645
217.709,10,-35.6610,1.8287,-1.3660
217.718,10,-35.6534,1.8274,-1.3677
217.730,10,-35.6461,1.8261,-1.3694
217.740,10,-35.6387,1.8247,-1.3711
217.752,10,-35.6312,1.8233,-1.3730
217.764,10,-35.6234,1.8220,-1.3752
217.775,10,-35.6158,1.8207,-1.3773
217.787,10,-35.6082,1.8197,-1.3796
217.798,10,-35.6005,1.8190,-1.3818
217.810,10,-35.5930,1.8188,-1.3841
217.821,10,-35.5855,1.8188,-1.3864
217.834,10,-35.5783,1.8189,-1.3889
217.845,10,-35.5710,1.8193,-1.3914
217.857,10,-35.5637,1.8205,-1.3938
217.868,10,-35.5561,1.8220,-1.3962
217.880,10,-35.5487,1.8236,-1.3986
217.891,10,-35.5415,1.8244,-1.4008
217.903,10,-35.5345,1.8250,-1.4035
217.914,10,-35.5275,1.8255,-1.4057
217.926,10,-35.5209,1.8259,-1.4078
217.938,10,-35.5142,1.8264,-1.4098
217.949,10,-35.5079,1.8268,-1.4117
217.960,10,-35.5016,1.8271,-1.4135
217.972,10,-35.4955,1.8277,-1.4152
217.983,10,-35.4893,1.8286,-1.4169
217.994,10,-35.4829,1.8297,-1.4183
218.006,10,-35.4766,1.8309,-1.4197
218.017,10,-35.4706,1.8319,-1.4208
218.028,10,-35.4644,1.8328,-1.4219
218.040,10,-35.4584,1.8339,-1.4229
218.051,10,-35.4524,1.8350,-1.4237
218.062,10,-35.4466,1.8362,-1.4246
218.073,10,-35.4409,1.8373,-1.4253
218.084,10,-35.4352,1.8383,-1.4262
218.096,10,-35.4297,1.8393,-1.4267
218.107,10,-35.4242,1.8402,-1.4274
218.118,10,-35.4188,1.8412,-1.4277
218.129,10,-35.4136,1.8418,-1.4280
218.141,10,-35.4084,1.8425,-1.4281
218.152,10,-35.4035,1.8430,-1.4283
218.163,10,-35.3987,1.8433,-1.4285
218.174,10,-35.3940,1.8436,-1.4285
218.185,10,-35.3895,1.8438,-1.4286
218.197,10,-35.3850,1.8439,-1.4285
218.208,10,-35.3807,1.8438,-1.4283
218.219,10,-35.3767,1.8437,-1.4281
218.231,10,-35.3730,1.8432,-1.4278
218.241,10,-35.3697,1.8426,-1.4275
218.253,10,-35.3665,1.8417,-1.4271
218.264,10,-35.3635,1.8407,-1.4267
218.275,10,-35.3605,1.8399,-1.4262
218.286,10,-35.3577,1.8391,-1.4257
218.298,10,-35.3550,1.8384,-1.4248
218.309,10,-35.3523,1.8380,-1.4241
218.321,10,-35.3495,1.8379,-1.4232
218.332,10,-35.3467,1.8379,-1.4223
218.344,10,-35.3442,1.8379,-1.4219
218.355,10,-35.3416,1.8377,-1.4210
218.367,10,-35.3391,1.8376,-1.4199
218.379,10,-35.3364,1.8379,-1.4188
218.390,10,-35.3338,1.8388,-1.4176
218.402,10,-35.3312,1.8395,-1.4163
218.414,10,-35.3287,1.8396,-1.4149
218.425,10,-35.3265,1.8393,-1.4137
218.437,10,-35.3244,1.8384,-1.4125
218.449,10,-35.3223,1.8374,-1.4111
218.460,10,-35.3203,1.8366,-1.4097
218.472,10,-35.3183,1.8361,-1.4081
218.483,10,-35.3163,1.8357,-1.4066
218.495,10,-35.3144,1.8355,-1.4052
218.506,10,-35.3127,1.8354,-1.4036
218.517,10,-35.3108,1.8353,-1.4020
218.529,10,-35.3090,1.8353,-1.4002
218.541,10,-35.3071,1.8353,-1.3982
218.552,10,-35.3052,1.8354,-1.3962
218.563,10,-35.3033,1.8357,-1.3942
218.574,10,-35.3015,1.8359,-1.3921
218.585,10,-35.2998,1.8361,-1.3900
218.596,10,-35.2981,1.8364,-1.3878
218.608,10,-35.2968,1.8364,-1.3858
218.619,10,-35.2952,1.8368,-1.3835
218.630,10,-35.2935,1.8369,-1.3812
218.641,10,-35.2921,1.8374,-1.3785
218.653,10,-35.2905,1.8377,-1.3757
218.664,10,-35.2892,1.8380,-1.3728
218.676,10,-35.2879,1.8381,-1.3698
218.689,10,-35.2869,1.8380,-1.3660
218.698,10,-35.2858,1.8380,-1.3628
218.711,10,-35.2859,1.8384,-1.3622
218.721,10,-35.2854,1.8383,-1.3590
218.732,10,-35.2849,1.8381,-1.3558
218.743,10,-35.2848,1.8377,-1.3526
