C:\Users\Public\Documents\Novel Studio\load_data\2025-12-09\3\loadapp_2025-12-09_16-21-52-189.load
Comment S3 
heavy
(crashed)
	PRW260-R::front	PRW260-R::mid	PRW260-R::heel	PRW260-R		PRW261-L::heel	PRW261-L::mid	PRW261-L::front	PRW261-L		Notes	
Time[secs]	Force[N]	Force[N]	Force[N]	Force[N]	Time[secs]	Force[N]	Force[N]	Force[N]	Force[N]	Time[secs]	
0.000	42.400	74.730	129.850	246.980	0.000	162.360	74.580	94.380	331.320	0.000		
0.010	42.400	74.730	129.850	246.980	0.010	162.360	77.220	94.380	333.960	0.010		
0.020	42.400	74.730	129.850	246.980	0.020	162.360	77.220	94.380	333.960	0.020		
0.030	42.400	77.380	129.850	249.630	0.030	162.360	77.220	94.380	333.960	0.030		
0.040	42.400	77.380	129.850	249.630	0.040	162.360	77.220	94.380	333.960	0.040		
0.050	42.400	74.730	129.850	246.980	0.050	162.360	74.580	94.380	331.320	0.050		
0.060	42.400	77.380	129.850	249.630	0.060	162.360	74.580	92.400	329.340	0.060		
0.070	42.400	74.730	129.850	246.980	0.070	162.360	74.580	94.380	331.320	0.070		
0.080	42.400	72.080	129.850	244.330	0.080	162.360	74.580	94.380	331.320	0.080		
0.090	42.400	74.730	129.850	246.980	0.090	165.000	74.580	92.400	331.980	0.090		
0.100	39.750	74.730	129.850	244.330	0.100	162.360	74.580	94.380	331.320	0.100		
0.110	39.750	74.730	132.500	246.980	0.110	162.360	74.580	92.400	329.340	0.110		
0.120	39.750	74.730	129.850	244.330	0.120	165.000	74.580	92.400	331.980	0.120		
0.130	39.750	74.730	132.500	246.980	0.130	162.360	74.580	92.400	329.340	0.130		
0.140	39.750	77.380	129.850	246.980	0.140	165.000	74.580	92.400	331.980	0.140		
0.150	39.750	74.730	132.500	246.980	0.150	162.360	74.580	92.400	329.340	0.150		
0.160	39.750	77.380	132.500	249.630	0.160	162.360	74.580	92.400	329.340	0.160		
0.170	39.750	74.730	132.500	246.980	0.170	162.360	74.580	92.400	329.340	0.170		
0.180	39.750	74.730	132.500	246.980	0.180	165.000	74.580	94.380	333.960	0.180		
0.190	39.750	74.730	132.500	246.980	0.190	165.000	74.580	94.380	333.960	0.190		
0.200	39.750	77.380	132.500	249.630	0.200	162.360	74.580	92.400	329.340	0.200		
0.210	39.750	74.730	132.500	246.980	0.210	165.000	74.580	92.400	331.980	0.210		
0.220	39.750	74.730	132.500	246.980	0.220	165.000	77.220	92.400	334.620	0.220		
0.230	42.400	74.730	129.850	246.980	0.230	162.360	77.220	94.380	333.960	0.230		
0.240	39.750	77.380	132.500	249.630	0.240	162.360	74.580	94.380	331.320	0.240		
0.250	39.750	77.380	132.500	249.630	0.250	162.360	77.220	92.400	331.980	0.250		
0.260	42.400	74.730	129.850	246.980	0.260	162.360	77.220	92.400	331.980	0.260		
0.270	39.750	77.380	132.500	249.630	0.270	162.360	74.580	92.400	329.340	0.270		
0.280	42.400	77.380	129.850	249.630	0.280	162.360	74.580	94.380	331.320	0.280		
0.290	39.750	77.380	129.850	246.980	0.290	162.360	74.580	92.400	329.340	0.290		
0.300	42.400	77.380	129.850	249.630	0.300	162.500	77.350	94.900	334.750	0.300		
0.310	39.750	77.380	129.850	246.980	0.310	162.500	74.750	92.300	329.550	0.310		
0.320	39.750	77.380	129.850	246.980	0.320	162.500	74.750	92.300	329.550	0.320		
0.330	39.750	77.380	129.850	246.980	0.330	162.500	74.750	92.300	329.550	0.330		
0.340	42.400	77.380	129.850	249.630	0.340	162.500	77.350	94.900	334.750	0.340		
0.350	39.750	77.380	132.500	249.630	0.350	162.500	74.750	94.900	332.150	0.350		
0.360	39.750	77.380	129.850	246.980	0.360	159.900	74.750	94.900	329.550	0.360		
0.370	42.400	77.380	129.850	249.630	0.370	159.900	74.750	94.900	329.550	0.370		
0.380	39.750	77.380	129.850	246.980	0.380	159.900	77.350	94.900	332.150	0.380		
0.390	42.400	77.380	129.850	249.630	0.390	159.900	74.750	94.900	329.550	0.390		
0.400	42.400	74.730	129.850	246.980	0.400	159.900	74.750	94.900	329.550	0.400		
0.410	42.400	77.380	129.850	249.630	0.410	159.900	77.350	94.900	332.150	0.410		
0.420	42.120	77.480	130.000	249.600	0.420	159.900	77.350	94.900	332.150	0.420		
0.430	42.120	77.480	130.000	249.600	0.430	159.900	77.350	94.900	332.150	0.430		
0.440	42.120	77.480	130.000	249.600	0.440	157.300	77.350	94.900	329.550	0.440		
0.450	42.120	74.880	130.000	247.000	0.450	157.500	77.490	97.020	332.010	0.450		
0.460	42.120	77.480	130.000	249.600	0.460	157.500	77.490	97.020	332.010	0.460		
0.470	42.120	77.480	127.400	247.000	0.470	154.980	77.490	97.020	329.490	0.470		
0.480	42.120	77.480	127.400	247.000	0.480	154.980	77.490	97.020	329.490	0.480		
0.490	42.120	77.480	127.400	247.000	0.490	154.980	77.490	97.020	329.490	0.490		
0.500	42.120	77.480	127.400	247.000	0.500	152.460	79.380	102.060	333.900	0.500		
0.510	44.720	77.480	127.400	249.600	0.510	152.460	79.380	99.540	331.380	0.510		
0.520	42.120	77.480	127.400	247.000	0.520	152.460	79.380	99.540	331.380	0.520		
0.530	44.720	77.480	127.400	249.600	0.530	149.940	79.380	102.060	331.380	0.530		
0.540	44.720	77.480	124.800	247.000	0.540	149.940	79.380	99.540	328.860	0.540		
0.550	44.720	79.560	124.800	249.080	0.550	149.940	79.380	102.060	331.380	0.550		
0.560	44.720	77.480	127.400	249.600	0.560	149.940	79.380	102.060	331.380	0.560		
0.570	42.330	79.560	127.500	249.390	0.570	149.940	79.380	102.060	331.380	0.570		
0.580	44.880	79.560	124.950	249.390	0.580	147.420	79.380	102.060	328.860	0.580		
0.590	44.880	82.110	124.950	251.940	0.590	147.420	79.380	102.060	328.860	0.590		
0.600	44.880	82.110	124.950	251.940	0.600	147.500	79.650	104.430	331.580	0.600		
0.610	44.880	82.110	124.950	251.940	0.610	147.500	79.650	102.070	329.220	0.610		
0.620	44.880	82.110	124.950	251.940	0.620	144.550	79.650	102.070	326.270	0.620		
0.630	47.430	82.110	124.950	254.490	0.630	144.550	79.650	104.430	328.630	0.630		
0.640	44.880	82.110	124.950	251.940	0.640	144.550	79.650	104.430	328.630	0.640		
0.650	44.880	84.660	124.950	254.490	0.650	142.190	79.650	102.070	323.910	0.650		
0.660	44.880	82.110	122.400	249.390	0.660	142.190	79.650	104.430	326.270	0.660		
0.670	47.430	82.110	122.400	251.940	0.670	142.190	79.650	104.430	326.270	0.670		
0.680	47.430	84.660	122.400	254.490	0.680	144.550	82.010	104.430	330.990	0.680		
0.690	47.430	84.660	124.950	257.040	0.690	142.190	79.650	104.430	326.270	0.690		
0.700	44.880	84.660	124.950	254.490	0.700	142.190	79.650	104.430	326.270	0.700		
0.710	44.880	84.660	122.400	251.940	0.710	142.190	79.650	104.430	326.270	0.710		
0.720	45.000	85.000	125.000	255.000	0.720	142.190	79.650	104.430	326.270	0.720		
0.730	47.500	85.000	125.000	257.500	0.730	139.830	79.650	104.430	323.910	0.730		
0.740	47.500	85.000	125.000	257.500	0.740	139.830	82.010	107.380	329.220	0.740		
0.750	47.500	85.000	125.000	257.500	0.750	140.000	82.320	106.960	329.280	0.750		
0.760	47.500	85.000	122.500	255.000	0.760	140.000	79.520	106.960	326.480	0.760		
0.770	47.500	85.000	122.500	255.000	0.770	137.200	82.320	106.960	326.480	0.770		
0.780	50.000	85.000	122.500	257.500	0.780	137.200	82.320	106.960	326.480	0.780		
0.790	47.500	85.000	122.500	255.000	0.790	137.200	79.520	104.720	321.440	0.790		
0.800	47.500	85.000	122.500	255.000	0.800	137.200	79.520	106.960	323.680	0.800		
0.810	47.500	85.000	122.500	255.000	0.810	137.200	79.520	106.960	323.680	0.810		
0.820	47.500	85.000	122.500	255.000	0.820	137.200	79.520	106.960	323.680	0.820		
0.830	45.000	85.000	125.000	255.000	0.830	137.200	79.520	106.960	323.680	0.830		
0.840	47.500	85.000	125.000	257.500	0.840	137.200	79.520	106.960	323.680	0.840		
0.850	47.500	85.000	125.000	257.500	0.850	137.200	79.520	106.960	323.680	0.850		
0.860	47.500	85.000	125.000	257.500	0.860	134.960	79.520	106.960	321.440	0.860		
0.870	47.320	84.760	124.800	256.880	0.870	137.200	82.320	106.960	326.480	0.870		
0.880	47.320	84.760	124.800	256.880	0.880	137.200	79.520	106.960	323.680	0.880		
0.890	44.720	84.760	124.800	254.280	0.890	137.200	79.520	106.960	323.680	0.890		
0.900	47.320	84.760	124.800	256.880	0.900	137.370	79.800	107.160	324.330	0.900		
0.910	47.320	84.760	124.800	256.880	0.910	137.370	79.800	104.880	322.050	0.910		
0.920	47.320	84.760	124.800	256.880	0.920	139.650	79.800	107.160	326.610	0.920		
0.930	47.320	84.760	127.400	259.480	0.930	139.650	79.800	107.160	326.610	0.930		
0.940	44.720	84.760	127.400	256.880	0.940	139.650	76.950	102.030	318.630	0.940		
0.950	47.320	84.760	127.400	259.480	0.950	142.500	76.950	102.030	321.480	0.950		
0.960	47.320	84.760	127.400	259.480	0.960	139.650	79.800	104.880	324.330	0.960		
0.970	44.720	84.760	127.400	256.880	0.970	142.500	79.800	104.880	327.180	0.970		
0.980	47.320	84.760	127.400	259.480	0.980	142.500	79.800	102.030	324.330	0.980		
0.990	44.720	82.160	127.400	254.280	0.990	142.500	76.950	102.030	321.480	0.990		
1.000	44.720	84.760	130.000	259.480	1.000	142.500	76.950	99.750	319.200	1.000		
1.010	44.720	84.760	130.000	259.480	1.010	142.500	76.950	99.750	319.200	1.010		
1.020	44.460	82.080	129.960	256.500	1.020	142.500	76.950	102.030	321.480	1.020		
1.030	44.460	82.080	129.960	256.500	1.030	142.500	76.950	99.750	319.200	1.030		
1.040	42.180	82.080	129.960	254.220	1.040	142.500	76.950	99.750	319.200	1.040		
1.050	42.180	82.080	132.240	256.500	1.050	144.950	77.350	99.450	321.750	1.050		
1.060	42.180	82.080	132.240	256.500	1.060	144.950	74.750	97.500	317.200	1.060		
1.070	42.180	84.930	134.520	261.630	1.070	146.900	74.750	97.500	319.150	1.070		
1.080	42.180	84.930	134.520	261.630	1.080	146.900	74.750	97.500	319.150	1.080		
1.090	42.180	82.080	137.370	261.630	1.090	146.900	74.750	94.900	316.550	1.090		
1.100	39.900	82.080	137.370	259.350	1.100	149.500	74.750	94.900	319.150	1.100		
1.110	39.900	82.080	137.370	259.350	1.110	149.500	72.150	94.900	316.550	1.110		
1.120	39.900	82.080	137.370	259.350	1.120	152.100	72.150	94.900	319.150	1.120		
1.130	39.900	82.080	139.650	261.630	1.130	152.100	74.750	92.300	319.150	1.130		
1.140	39.900	82.080	139.650	261.630	1.140	154.700	72.150	89.700	316.550	1.140		
1.150	37.050	82.080	142.500	261.630	1.150	154.700	72.150	89.700	316.550	1.150		
1.160	37.050	82.080	142.500	261.630	1.160	157.300	72.150	89.700	319.150	1.160		
1.170	37.170	82.010	142.190	261.370	1.170	159.900	69.550	87.100	316.550	1.170		
1.180	37.170	82.010	144.550	263.730	1.180	159.900	69.550	87.100	316.550	1.180		
1.190	34.810	82.010	144.550	261.370	1.190	162.500	69.550	87.100	319.150	1.190		
1.200	34.810	82.010	144.550	261.370	1.200	164.500	70.000	87.500	322.000	1.200		
1.210	34.810	82.010	144.550	261.370	1.210	164.500	70.000	81.900	316.400	1.210		
1.220	34.810	82.010	144.550	261.370	1.220	167.300	67.200	81.900	316.400	1.220		
1.230	34.810	79.650	144.550	259.010	1.230	167.300	67.200	81.900	316.400	1.230		
1.240	34.810	79.650	144.550	259.010	1.240	167.300	67.200	81.900	316.400	1.240		
1.250	34.810	79.650	144.550	259.010	1.250	167.300	64.400	79.800	311.500	1.250		
1.260	32.450	79.650	144.550	256.650	1.260	169.400	64.400	79.800	313.600	1.260		
1.270	32.450	82.010	144.550	259.010	1.270	172.200	64.400	79.800	316.400	1.270		
1.280	32.450	79.650	147.500	259.600	1.280	172.200	64.400	77.000	313.600	1.280		
1.290	32.450	79.650	144.550	256.650	1.290	172.200	67.200	79.800	319.200	1.290		
1.300	32.450	79.650	144.550	256.650	1.300	172.200	64.400	77.000	313.600	1.300		
1.310	32.450	79.650	144.550	256.650	1.310	175.000	64.400	77.000	316.400	1.310		
1.320	32.450	82.010	144.550	259.010	1.320	172.200	64.400	77.000	313.600	1.320		
1.330	32.450	79.650	144.550	256.650	1.330	172.200	64.400	77.000	313.600	1.330		
1.340	32.450	79.650	147.500	259.600	1.340	172.200	64.400	74.900	311.500	1.340		
1.350	32.450	82.010	144.550	259.010	1.350	172.500	64.860	77.280	314.640	1.350		
1.360	32.450	82.010	147.500	261.960	1.360	172.500	64.860	77.280	314.640	1.360		
1.370	32.450	82.010	144.550	259.010	1.370	172.500	66.930	77.280	316.710	1.370		
1.380	32.450	82.010	144.550	259.010	1.380	172.500	64.860	77.280	314.640	1.380		
1.390	32.450	82.010	144.550	259.010	1.390	172.500	64.860	77.280	314.640	1.390		
1.400	32.450	82.010	144.550	259.010	1.400	172.500	64.860	77.280	314.640	1.400		
1.410	32.450	82.010	144.550	259.010	1.410	169.740	64.860	77.280	311.880	1.410		
1.420	32.450	84.960	142.190	259.600	1.420	169.740	66.930	79.350	316.020	1.420		
1.430	34.810	84.960	144.550	264.320	1.430	166.980	66.930	77.280	311.190	1.430		
1.440	34.810	84.960	142.190	261.960	1.440	166.980	66.930	79.350	313.260	1.440		
1.450	34.810	84.960	142.190	261.960	1.450	166.980	66.930	79.350	313.260	1.450		
1.460	34.810	84.960	142.190	261.960	1.460	164.910	66.930	82.110	313.950	1.460		
1.470	34.770	84.930	142.500	262.200	1.470	164.910	66.930	82.110	313.950	1.470		
1.480	34.770	84.930	142.500	262.200	1.480	164.910	69.690	84.870	319.470	1.480		
1.490	34.770	84.930	142.500	262.200	1.490	162.150	69.690	84.870	316.710	1.490		
1.500	34.770	84.930	142.500	262.200	1.500	160.000	69.760	84.480	314.240	1.500		
1.510	37.050	84.930	139.650	261.630	1.510	160.000	72.320	87.040	319.360	1.510		
1.520	34.770	84.930	139.650	259.350	1.520	157.440	72.320	89.600	319.360	1.520		
1.530	34.770	84.930	139.650	259.350	1.530	154.880	72.320	89.600	316.800	1.530		
1.540	34.770	84.930	137.370	257.070	1.540	152.320	72.320	89.600	314.240	1.540		
1.550	37.050	84.930	139.650	261.630	1.550	152.320	74.880	92.160	319.360	1.550		
1.560	37.050	84.930	137.370	259.350	1.560	152.320	74.880	94.720	321.920	1.560		
1.570	37.050	84.930	137.370	259.350	1.570	149.760	74.880	94.720	319.360	1.570		
1.580	37.050	84.930	137.370	259.350	1.580	149.760	74.880	97.280	321.920	1.580		
1.590	37.050	84.930	137.370	259.350	1.590	149.760	77.440	99.840	327.040	1.590		
1.600	37.050	84.930	137.370	259.350	1.600	147.200	77.440	97.280	321.920	1.600		
1.610	37.050	82.080	137.370	256.500	1.610	147.200	77.440	99.840	324.480	1.610		
1.620	37.260	82.080	135.000	254.340	1.620	147.200	77.440	99.840	324.480	1.620		
1.630	37.260	84.780	135.000	257.040	1.630	144.640	80.000	102.400	327.040	1.630		
1.640	37.260	82.080	135.000	254.340	1.640	142.080	80.000	102.400	324.480	1.640		
1.650	37.260	82.080	135.000	254.340	1.650	142.500	82.080	107.160	331.740	1.650		
1.660	37.260	82.080	132.300	251.640	1.660	139.650	82.080	107.160	328.890	1.660		
1.670	39.960	82.080	132.300	254.340	1.670	139.650	82.080	107.160	328.890	1.670		
1.680	39.960	84.780	132.300	257.040	1.680	137.370	84.930	109.440	331.740	1.680		
1.690	39.960	82.080	132.300	254.340	1.690	134.520	84.930	112.290	331.740	1.690		
1.700	37.260	82.080	129.600	248.940	1.700	134.520	87.210	112.290	334.020	1.700		
1.710	39.960	82.080	129.600	251.640	1.710	134.520	87.210	114.570	336.300	1.710		
1.720	39.960	79.920	129.600	249.480	1.720	132.240	84.930	114.570	331.740	1.720		
1.730	39.960	79.920	129.600	249.480	1.730	132.240	87.210	114.570	334.020	1.730		
1.740	39.960	79.920	129.600	249.480	1.740	132.240	87.210	117.420	336.870	1.740		
1.750	39.960	79.920	129.600	249.480	1.750	129.960	87.210	117.420	334.590	1.750		
1.760	39.960	82.080	129.600	251.640	1.760	129.960	89.490	119.700	339.150	1.760		
1.770	39.520	79.560	130.000	249.080	1.770	129.960	89.490	117.420	336.870	1.770		
1.780	39.520	79.560	127.400	246.480	1.780	129.960	89.490	119.700	339.150	1.780		
1.790	42.120	79.560	130.000	251.680	1.790	127.110	89.490	119.700	336.300	1.790		
1.800	39.520	79.560	130.000	249.080	1.800	127.500	89.760	119.850	337.110	1.800		
1.810	39.520	79.560	127.400	246.480	1.810	127.500	89.760	119.850	337.110	1.810		
1.820	42.120	82.160	130.000	254.280	1.820	127.500	89.760	119.850	337.110	1.820		
1.830	42.120	79.560	127.400	249.080	1.830	127.500	89.760	119.850	337.110	1.830		
1.840	39.520	79.560	127.400	246.480	1.840	127.500	89.760	119.850	337.110	1.840		
1.850	39.520	79.560	127.400	246.480	1.850	127.500	87.210	119.850	334.560	1.850		
1.860	42.120	79.560	127.400	249.080	1.860	127.500	87.210	117.300	332.010	1.860		
1.870	42.120	79.560	127.400	249.080	1.870	127.500	87.210	117.300	332.010	1.870		
1.880	42.120	79.560	124.800	246.480	1.880	127.500	87.210	117.300	332.010	1.880		
1.890	42.120	82.160	127.400	251.680	1.890	124.950	87.210	117.300	329.460	1.890		
1.900	42.120	79.560	127.400	249.080	1.900	124.950	87.210	117.300	329.460	1.900		
1.910	42.120	82.160	127.400	251.680	1.910	127.500	87.210	117.300	332.010	1.910		
1.920	42.120	82.160	127.400	251.680	1.920	127.500	87.210	117.300	332.010	1.920		
1.930	44.720	82.160	127.400	254.280	1.930	124.950	87.210	117.300	329.460	1.930		
1.940	44.720	82.160	127.400	254.280	1.940	124.950	87.210	117.300	329.460	1.940		
1.950	42.120	82.160	127.400	251.680	1.950	125.000	87.500	117.500	330.000	1.950		
1.960	44.720	82.160	130.000	256.880	1.960	125.000	87.500	117.500	330.000	1.960		
1.970	44.720	82.160	127.400	254.280	1.970	125.000	85.000	115.000	325.000	1.970		
1.980	44.720	82.160	127.400	254.280	1.980	125.000	87.500	117.500	330.000	1.980		
1.990	44.720	84.760	127.400	256.880	1.990	125.000	85.000	115.000	325.000	1.990		
2.000	44.720	84.760	127.400	256.880	2.000	125.000	87.500	115.000	327.500	2.000		
2.010	44.720	84.760	127.400	256.880	2.010	125.000	85.000	117.500	327.500	2.010		
2.020	44.720	84.760	127.400	256.880	2.020	125.000	85.000	115.000	325.000	2.020		
2.030	47.320	87.360	127.400	262.080	2.030	125.000	82.500	112.500	320.000	2.030		
2.040	44.720	84.760	124.800	254.280	2.040	122.500	85.000	112.500	320.000	2.040		
2.050	47.320	84.760	124.800	256.880	2.050	122.500	82.500	112.500	317.500	2.050		
2.060	47.320	84.760	124.800	256.880	2.060	122.500	82.500	112.500	317.500	2.060		
2.070	50.000	87.500	125.000	262.500	2.070	122.500	82.500	112.500	317.500	2.070		
2.080	47.500	87.500	125.000	260.000	2.080	120.000	82.500	112.500	315.000	2.080		
2.090	50.000	87.500	125.000	262.500	2.090	120.000	82.500	112.500	315.000	2.090		
2.100	50.000	87.500	125.000	262.500	2.100	120.000	82.080	112.320	314.400	2.100		
2.110	52.500	90.000	125.000	267.500	2.110	117.120	82.080	112.320	311.520	2.110		
2.120	50.000	87.500	122.500	260.000	2.120	117.120	82.080	112.320	311.520	2.120		
2.130	50.000	90.000	125.000	265.000	2.130	117.120	82.080	114.720	313.920	2.130		
2.140	52.500	90.000	122.500	265.000	2.140	117.120	82.080	112.320	311.520	2.140		
2.150	52.500	90.000	122.500	265.000	2.150	114.720	82.080	112.320	309.120	2.150		
2.160	52.500	92.500	122.500	267.500	2.160	114.720	82.080	114.720	311.520	2.160		
2.170	55.000	92.500	122.500	270.000	2.170	114.720	82.080	114.720	311.520	2.170		
2.180	55.000	90.000	120.000	265.000	2.180	112.320	82.080	114.720	309.120	2.180		
2.190	55.000	92.500	120.000	267.500	2.190	112.320	82.080	114.720	309.120	2.190		
2.200	55.000	90.000	120.000	265.000	2.200	112.320	82.080	114.720	309.120	2.200		
2.210	55.000	92.500	122.500	270.000	2.210	114.720	82.080	114.720	311.520	2.210		
2.220	54.880	89.670	119.560	264.110	2.220	112.320	82.080	114.720	309.120	2.220		
2.230	57.330	89.670	119.560	266.560	2.230	112.320	82.080	112.320	306.720	2.230		
2.240	57.330	92.120	119.560	269.010	2.240	112.320	82.080	112.320	306.720	2.240		
2.250	57.330	89.670	122.500	269.500	2.250	112.320	82.080	114.720	309.120	2.250		
2.260	57.330	89.670	119.560	266.560	2.260	112.320	84.960	114.720	312.000	2.260		
2.270	57.330	89.670	119.560	266.560	2.270	112.320	84.960	117.120	314.400	2.270		
2.280	57.330	89.670	119.560	266.560	2.280	109.920	84.960	114.720	309.600	2.280		
2.290	57.330	89.670	119.560	266.560	2.290	112.320	84.960	117.120	314.400	2.290		
2.300	57.330	89.670	119.560	266.560	2.300	109.920	84.960	117.120	312.000	2.300		
2.310	57.330	89.670	117.110	264.110	2.310	109.920	84.960	120.000	314.880	2.310		
2.320	57.330	89.670	117.110	264.110	2.320	109.920	87.360	117.120	314.400	2.320		
2.330	57.330	89.670	117.110	264.110	2.330	109.920	84.960	120.000	314.880	2.330		
2.340	57.330	89.670	117.110	264.110	2.340	109.920	87.360	120.000	317.280	2.340		
2.350	59.780	87.220	117.110	264.110	2.350	107.040	87.360	117.120	311.520	2.350		
2.360	57.330	87.220	119.560	264.110	2.360	109.920	87.360	117.120	314.400	2.360		
2.370	57.340	87.420	117.500	262.260	2.370	107.040	84.960	117.120	309.120	2.370		
2.380	59.690	87.420	117.500	264.610	2.380	109.920	87.360	120.000	317.280	2.380		
2.390	57.340	87.420	117.500	262.260	2.390	109.920	84.960	120.000	314.880	2.390		
2.400	57.340	87.420	117.500	262.260	2.400	109.760	87.220	117.110	314.090	2.400		
2.410	57.340	87.420	117.500	262.260	2.410	109.760	87.220	117.110	314.090	2.410		
2.420	57.340	87.420	117.500	262.260	2.420	109.760	87.220	117.110	314.090	2.420		
2.430	57.340	87.420	117.500	262.260	2.430	109.760	84.770	114.660	309.190	2.430		
2.440	57.340	84.600	117.500	259.440	2.440	112.210	84.770	117.110	314.090	2.440		
2.450	57.340	87.420	117.500	262.260	2.450	112.210	87.220	114.660	314.090	2.450		
2.460	57.340	84.600	117.500	259.440	2.460	114.660	87.220	114.660	316.540	2.460		
2.470	57.340	84.600	117.500	259.440	2.470	114.660	87.220	117.110	318.990	2.470		
2.480	57.340	84.600	117.500	259.440	2.480	117.110	87.220	114.660	318.990	2.480		
2.490	57.340	84.600	117.500	259.440	2.490	117.110	87.220	114.660	318.990	2.490		
2.500	54.990	82.250	117.500	254.740	2.500	117.110	87.220	114.660	318.990	2.500		
2.510	57.340	84.600	117.500	259.440	2.510	119.560	87.220	114.660	321.440	2.510		
2.520	55.000	82.500	120.000	257.500	2.520	119.560	84.770	112.210	316.540	2.520		
2.530	55.000	82.500	120.000	257.500	2.530	119.560	87.220	112.210	318.990	2.530		
2.540	52.500	82.500	120.000	255.000	2.540	122.500	84.770	112.210	319.480	2.540		
2.550	55.000	82.500	120.000	257.500	2.550	124.740	84.780	109.620	319.140	2.550		
2.560	55.000	82.500	120.000	257.500	2.560	124.740	84.780	109.620	319.140	2.560		
2.570	52.500	80.000	120.000	252.500	2.570	124.740	84.780	109.620	319.140	2.570		
2.580	55.000	80.000	120.000	255.000	2.580	127.440	84.780	109.620	321.840	2.580		
2.590	52.500	80.000	122.500	255.000	2.590	127.440	84.780	109.620	321.840	2.590		
2.600	52.500	80.000	122.500	255.000	2.600	129.600	84.780	107.460	321.840	2.600		
2.610	52.500	80.000	122.500	255.000	2.610	129.600	84.780	107.460	321.840	2.610		
2.620	52.500	80.000	122.500	255.000	2.620	129.600	82.080	104.760	316.440	2.620		
2.630	52.500	80.000	125.000	257.500	2.630	132.300	84.780	107.460	324.540	2.630		
2.640	50.000	77.500	122.500	250.000	2.640	132.300	84.780	107.460	324.540	2.640		
2.650	50.000	80.000	125.000	255.000	2.650	132.300	82.080	104.760	319.140	2.650		
2.660	50.000	80.000	125.000	255.000	2.660	132.300	84.780	107.460	324.540	2.660		
2.670	49.680	77.220	124.740	251.640	2.670	132.300	84.780	107.460	324.540	2.670		
2.680	49.680	77.220	124.740	251.640	2.680	135.000	84.780	107.460	327.240	2.680		
2.690	46.980	77.220	124.740	248.940	2.690	135.000	84.780	104.760	324.540	2.690		
2.700	49.680	77.220	124.740	251.640	2.700	134.520	82.010	104.430	320.960	2.700		
2.710	46.980	74.520	127.440	248.940	2.710	137.470	84.960	104.430	326.860	2.710		
2.720	46.980	74.520	127.440	248.940	2.720	137.470	82.010	104.430	323.910	2.720		
2.730	46.980	74.520	127.440	248.940	2.730	139.830	82.010	104.430	326.270	2.730		
2.740	46.980	74.520	127.440	248.940	2.740	139.830	82.010	102.070	323.910	2.740		
2.750	44.820	74.520	129.600	248.940	2.750	142.190	82.010	102.070	326.270	2.750		
2.760	44.820	77.220	129.600	251.640	2.760	142.190	79.650	99.710	321.550	2.760		
2.770	44.820	74.520	132.300	251.640	2.770	144.550	82.010	99.710	326.270	2.770		
2.780	42.120	74.520	129.600	246.240	2.780	144.550	79.650	99.710	323.910	2.780		
2.790	42.120	74.520	132.300	248.940	2.790	147.500	79.650	97.350	324.500	2.790		
2.800	42.120	72.360	132.300	246.780	2.800	147.500	77.290	97.350	322.140	2.800		
2.810	42.120	74.520	135.000	251.640	2.810	147.500	79.650	97.350	324.500	2.810		
2.820	42.350	72.050	134.750	249.150	2.820	147.500	79.650	97.350	324.500	2.820		
2.830	42.350	74.800	132.000	249.150	2.830	147.500	79.650	97.350	324.500	2.830		
2.840	42.350	72.050	134.750	249.150	2.840	147.500	77.290	97.350	322.140	2.840		
2.850	42.350	74.800	134.750	251.900	2.850	150.000	79.800	97.200	327.000	2.850		
2.860	42.350	74.800	134.750	251.900	2.860	147.000	79.800	97.200	324.000	2.860		
2.870	42.350	74.800	134.750	251.900	2.870	147.000	77.400	97.200	321.600	2.870		
2.880	42.350	74.800	134.750	251.900	2.880	147.000	79.800	97.200	324.000	2.880		
2.890	42.350	74.800	134.750	251.900	2.890	147.000	77.400	97.200	321.600	2.890		
2.900	42.350	74.800	134.750	251.900	2.900	147.000	77.400	94.800	319.200	2.900		
2.910	42.350	77.000	134.750	254.100	2.910	147.000	77.400	97.200	321.600	2.910		
2.920	42.350	77.000	134.750	254.100	2.920	147.000	77.400	97.200	321.600	2.920		
2.930	42.350	77.000	134.750	254.100	2.930	147.000	77.400	94.800	319.200	2.930		
2.940	39.600	77.000	137.500	254.100	2.940	147.000	77.400	94.800	319.200	2.940		
2.950	42.350	77.000	134.750	254.100	2.950	147.000	77.400	97.200	321.600	2.950		
2.960	42.350	77.000	137.500	256.850	2.960	147.000	77.400	97.200	321.600	2.960		
2.970	42.350	77.000	134.750	254.100	2.970	147.000	77.400	97.200	321.600	2.970		
2.980	42.350	77.000	134.750	254.100	2.980	147.000	75.000	94.800	316.800	2.980		
2.990	42.350	77.000	137.500	256.850	2.990	147.000	77.400	97.200	321.600	2.990		
3.000	42.350	77.000	134.750	254.100	3.000	147.500	77.290	97.350	322.140	3.000		
3.010	42.350	77.000	134.750	254.100	3.010	147.500	77.290	94.990	319.780	3.010		
3.020	42.350	77.000	137.500	256.850	3.020	147.500	77.290	97.350	322.140	3.020		
3.030	42.350	77.000	137.500	256.850	3.030	144.550	77.290	97.350	319.190	3.030		
3.040	42.350	79.750	137.500	259.600	3.040	144.550	79.650	97.350	321.550	3.040		
3.050	42.350	79.750	137.500	259.600	3.050	144.550	77.290	99.710	321.550	3.050		
3.060	42.350	77.000	137.500	256.850	3.060	144.550	77.290	97.350	319.190	3.060		
3.070	42.350	77.000	137.500	256.850	3.070	142.190	77.290	97.350	316.830	3.070		
3.080	42.350	77.000	137.500	256.850	3.080	144.550	77.290	97.350	319.190	3.080		
3.090	42.350	79.750	137.500	259.600	3.090	142.190	77.290	97.350	316.830	3.090		
3.100	42.350	79.750	137.500	259.600	3.100	144.550	77.290	97.350	319.190	3.100		
3.110	42.350	79.750	134.750	256.850	3.110	142.190	77.290	97.350	316.830	3.110		
3.120	42.350	79.750	137.500	259.600	3.120	142.190	77.290	97.350	316.830	3.120		
3.130	42.350	79.750	134.750	256.850	3.130	142.190	77.290	97.350	316.830	3.130		
3.140	42.350	79.750	134.750	256.850	3.140	142.190	77.290	97.350	316.830	3.140		
3.150	42.350	79.750	134.750	256.850	3.150	142.100	77.140	97.440	316.680	3.150		
3.160	42.350	82.500	134.750	259.600	3.160	142.100	77.140	97.440	316.680	3.160		
3.170	39.600	79.750	134.750	254.100	3.170	145.000	77.140	97.440	319.580	3.170		
3.180	42.350	82.500	134.750	259.600	3.180	145.000	79.460	99.760	324.220	3.180		
3.190	42.350	82.500	134.750	259.600	3.190	145.000	79.460	99.760	324.220	3.190		
3.200	42.350	82.500	134.750	259.600	3.200	142.100	77.140	99.760	319.000	3.200		
3.210	42.350	79.750	132.000	254.100	3.210	145.000	79.460	99.760	324.220	3.210		
3.220	42.350	82.500	132.000	256.850	3.220	145.000	79.460	99.760	324.220	3.220		
3.230	39.600	79.750	132.000	251.350	3.230	142.100	79.460	99.760	321.320	3.230		
3.240	39.600	82.500	132.000	254.100	3.240	142.100	79.460	99.760	321.320	3.240		
3.250	39.600	82.500	132.000	254.100	3.250	142.100	79.460	99.760	321.320	3.250		
3.260	42.350	82.500	132.000	256.850	3.260	139.780	79.460	99.760	319.000	3.260		
3.270	39.750	82.150	132.500	254.400	3.270	142.100	79.460	99.760	321.320	3.270		
3.280	42.400	82.150	132.500	257.050	3.280	139.780	79.460	99.760	319.000	3.280		
3.290	39.750	82.150	132.500	254.400	3.290	139.780	79.460	99.760	319.000	3.290		
3.300	39.750	79.500	132.500	251.750	3.300	142.100	79.460	102.080	323.640	3.300		
3.310	42.400	82.150	132.500	257.050	3.310	142.100	79.460	102.080	323.640	3.310		
3.320	42.400	82.150	129.850	254.400	3.320	142.100	79.460	102.080	323.640	3.320		
3.330	39.750	82.150	132.500	254.400	3.330	142.100	82.360	102.080	326.540	3.330		
3.340	39.750	82.150	132.500	254.400	3.340	142.100	79.460	102.080	323.640	3.340		
3.350	39.750	82.150	132.500	254.400	3.350	142.100	79.460	102.080	323.640	3.350		
3.360	39.750	82.150	132.500	254.400	3.360	142.100	79.460	102.080	323.640	3.360		
3.370	39.750	82.150	132.500	254.400	3.370	142.100	82.360	102.080	326.540	3.370		
3.380	39.750	82.150	132.500	254.400	3.380	145.000	79.460	99.760	324.220	3.380		
3.390	39.750	82.150	132.500	254.400	3.390	145.000	79.460	102.080	326.540	3.390		
3.400	39.750	82.150	132.500	254.400	3.400	145.000	82.360	102.080	329.440	3.400		
3.410	39.750	82.150	132.500	254.400	3.410	145.000	79.460	102.080	326.540	3.410		
3.420	39.750	82.150	129.850	251.750	3.420	145.000	79.460	102.080	326.540	3.420		
3.430	37.100	82.150	132.500	251.750	3.430	145.000	82.360	102.080	329.440	3.430		
3.440	37.100	82.150	132.500	251.750	3.440	145.000	82.360	102.080	329.440	3.440		
3.450	39.750	82.150	129.850	251.750	3.450	142.100	82.360	102.080	326.540	3.450		
3.460	37.100	79.500	132.500	249.100	3.460	145.000	82.360	104.980	332.340	3.460		
3.470	37.100	79.500	129.850	246.450	3.470	145.000	82.360	104.980	332.340	3.470		
3.480	37.100	82.150	129.850	249.100	3.480	145.000	82.360	104.980	332.340	3.480		
3.490	39.750	79.500	129.850	249.100	3.490	142.100	84.680	104.980	331.760	3.490		
3.500	39.750	79.500	129.850	249.100	3.500	142.100	82.360	104.980	329.440	3.500		
3.510	39.750	79.500	129.850	249.100	3.510	145.000	84.680	104.980	334.660	3.510		
3.520	37.100	79.500	129.850	246.450	3.520	145.000	84.680	107.300	336.980	3.520		
3.530	37.100	79.500	129.850	246.450	3.530	142.100	84.680	107.300	334.080	3.530		
3.540	37.100	77.380	129.850	244.330	3.540	142.100	84.680	107.300	334.080	3.540		
3.550	39.750	79.500	129.850	249.100	3.550	142.100	84.680	107.300	334.080	3.550		
3.560	37.100	79.500	129.850	246.450	3.560	142.100	84.680	107.300	334.080	3.560		
3.570	37.440	79.560	127.400	244.400	3.570	142.100	84.680	107.300	334.080	3.570		
3.580	37.440	79.560	130.000	247.000	3.580	142.100	87.000	109.620	338.720	3.580		
3.590	37.440	77.480	130.000	244.920	3.590	142.100	87.000	107.300	336.400	3.590		
3.600	37.440	77.480	127.400	242.320	3.600	142.500	87.210	109.440	339.150	3.600		
3.610	37.440	77.480	127.400	242.320	3.610	142.500	87.210	109.440	339.150	3.610		
3.620	37.440	77.480	127.400	242.320	3.620	142.500	89.490	112.290	344.280	3.620		
3.630	37.440	77.480	127.400	242.320	3.630	142.500	87.210	112.290	342.000	3.630		
3.640	37.440	77.480	127.400	242.320	3.640	142.500	89.490	114.570	346.560	3.640		
3.650	37.440	77.480	127.400	242.320	3.650	142.500	89.490	114.570	346.560	3.650		
3.660	37.440	74.880	124.800	237.120	3.660	142.500	89.490	114.570	346.560	3.660		
3.670	37.440	74.880	124.800	237.120	3.670	142.500	92.340	117.420	352.260	3.670		
3.680	37.440	74.880	124.800	237.120	3.680	142.500	92.340	117.420	352.260	3.680		
3.690	37.440	74.880	124.800	237.120	3.690	142.500	92.340	117.420	352.260	3.690		
3.700	37.440	74.880	124.800	237.120	3.700	142.500	92.340	119.700	354.540	3.700		
3.710	37.440	74.880	124.800	237.120	3.710	139.650	92.340	119.700	351.690	3.710		
3.720	37.240	74.970	122.500	234.710	3.720	142.500	92.340	121.980	356.820	3.720		
3.730	37.240	72.030	119.560	228.830	3.730	139.650	94.620	121.980	356.250	3.730		
3.740	37.240	72.030	119.560	228.830	3.740	139.650	94.620	121.980	356.250	3.740		
3.750	37.240	72.030	122.500	231.770	3.750	140.000	94.640	122.080	356.720	3.750		
3.760	37.240	74.970	119.560	231.770	3.760	140.000	94.640	124.880	359.520	3.760		
3.770	37.240	72.030	119.560	228.830	3.770	140.000	94.640	122.080	356.720	3.770		
3.780	37.240	72.030	119.560	228.830	3.780	140.000	94.640	122.080	356.720	3.780		
3.790	37.240	72.030	117.110	226.380	3.790	140.000	94.640	122.080	356.720	3.790		
3.800	37.240	72.030	119.560	228.830	3.800	140.000	94.640	124.880	359.520	3.800		
3.810	37.240	72.030	119.560	228.830	3.810	140.000	94.640	124.880	359.520	3.810		
3.820	37.240	72.030	117.110	226.380	3.820	140.000	94.640	124.880	359.520	3.820		
3.830	37.240	72.030	117.110	226.380	3.830	140.000	97.440	124.880	362.320	3.830		
3.840	37.240	72.030	117.110	226.380	3.840	140.000	97.440	127.120	364.560	3.840		
3.850	37.240	72.030	117.110	226.380	3.850	137.200	97.440	127.120	361.760	3.850		
3.860	37.240	72.030	117.110	226.380	3.860	137.200	97.440	127.120	361.760	3.860		
3.870	37.130	72.380	114.680	224.190	3.870	137.200	97.440	129.920	364.560	3.870		
3.880	39.950	74.730	117.500	232.180	3.880	134.960	97.440	129.920	362.320	3.880		
3.890	39.950	72.380	114.680	227.010	3.890	132.160	99.680	132.160	364.000	3.890		
3.900	39.950	72.380	112.330	224.660	3.900	132.370	99.430	134.810	366.610	3.900		
3.910	39.950	74.730	114.680	229.360	3.910	129.930	99.430	134.810	364.170	3.910		
3.920	42.300	72.380	112.330	227.010	3.920	129.930	99.430	134.810	364.170	3.920		
3.930	42.300	72.380	109.980	224.660	3.930	127.490	102.480	137.250	367.220	3.930		
3.940	42.300	74.730	109.980	227.010	3.940	124.440	102.480	139.690	366.610	3.940		
3.950	42.300	74.730	109.980	227.010	3.950	122.000	102.480	139.690	364.170	3.950		
3.960	42.300	74.730	107.160	224.190	3.960	122.000	102.480	142.130	366.610	3.960		
3.970	44.650	74.730	107.160	226.540	3.970	119.560	102.480	142.130	364.170	3.970		
3.980	44.650	74.730	104.810	224.190	3.980	119.560	102.480	144.570	366.610	3.980		
3.990	47.470	72.380	104.810	224.660	3.990	117.120	104.920	147.010	369.050	3.990		
4.000	47.470	74.730	102.460	224.660	4.000	117.120	104.920	147.010	369.050	4.000		
4.010	47.470	74.730	102.460	224.660	4.010	114.680	104.920	149.450	369.050	4.010		
4.020	47.200	74.800	100.000	222.000	4.020	114.680	104.920	149.450	369.050	4.020		
4.030	50.000	74.800	97.200	222.000	4.030	112.240	104.920	152.500	369.660	4.030		
4.040	50.000	74.800	97.200	222.000	4.040	112.240	104.920	152.500	369.660	4.040		
4.050	52.400	77.200	97.200	226.800	4.050	109.850	104.650	154.700	369.200	4.050		
4.060	52.400	77.200	94.800	224.400	4.060	107.250	104.650	154.700	366.600	4.060		
4.070	54.800	77.200	94.800	226.800	4.070	104.650	104.650	154.700	364.000	4.070		
4.080	57.200	77.200	92.400	226.800	4.080	104.650	104.650	157.300	366.600	4.080		
4.090	57.200	80.000	90.000	227.200	4.090	104.650	104.650	157.300	366.600	4.090		
4.100	60.000	80.000	90.000	230.000	4.100	102.050	104.650	157.300	364.000	4.100		
4.110	60.000	80.000	87.200	227.200	4.110	104.650	104.650	159.900	369.200	4.110		
4.120	62.400	80.000	87.200	229.600	4.120	102.050	104.650	159.900	366.600	4.120		
4.130	62.400	80.000	84.800	227.200	4.130	102.050	104.650	159.900	366.600	4.130		
4.140	62.400	80.000	84.800	227.200	4.140	102.050	104.650	157.300	364.000	4.140		
4.150	64.800	80.000	82.400	227.200	4.150	102.050	104.650	159.900	366.600	4.150		
4.160	64.800	80.000	82.400	227.200	4.160	102.050	104.650	162.500	369.200	4.160		
4.170	64.940	79.900	85.000	229.840	4.170	104.650	104.650	159.900	369.200	4.170		
4.180	64.940	79.900	85.000	229.840	4.180	102.050	104.650	159.900	366.600	4.180		
4.190	64.940	79.900	85.000	229.840	4.190	104.650	104.650	157.300	366.600	4.190		
4.200	64.940	79.900	82.280	227.120	4.200	104.960	104.960	160.000	369.920	4.200		
4.210	67.320	79.900	82.280	229.500	4.210	104.960	104.960	160.000	369.920	4.210		
4.220	67.320	79.900	82.280	229.500	4.220	102.400	104.960	160.000	367.360	4.220		
4.230	67.320	79.900	82.280	229.500	4.230	102.400	102.400	157.440	362.240	4.230		
4.240	67.320	79.900	82.280	229.500	4.240	102.400	104.960	157.440	364.800	4.240		
4.250	67.320	79.900	79.900	227.120	4.250	104.960	104.960	157.440	367.360	4.250		
4.260	67.320	79.900	79.900	227.120	4.260	104.960	102.400	157.440	364.800	4.260		
4.270	67.320	79.900	82.280	229.500	4.270	104.960	104.960	154.880	364.800	4.270		
4.280	67.320	82.280	79.900	229.500	4.280	104.960	102.400	157.440	364.800	4.280		
4.290	67.320	82.280	82.280	231.880	4.290	104.960	104.960	157.440	367.360	4.290		
4.300	67.320	82.280	79.900	229.500	4.300	102.400	102.400	157.440	362.240	4.300		
4.310	69.700	82.280	79.900	231.880	4.310	102.400	102.400	157.440	362.240	4.310		
4.320	67.200	82.250	79.800	229.250	4.320	102.400	102.400	154.880	359.680	4.320		
4.330	70.000	82.250	79.800	232.050	4.330	102.400	102.400	154.880	359.680	4.330		
4.340	70.000	82.250	77.350	229.600	4.340	104.960	102.400	154.880	362.240	4.340		
4.350	67.200	82.250	79.800	229.250	4.350	102.480	99.430	152.500	354.410	4.350		
4.360	67.200	82.250	77.350	226.800	4.360	104.920	102.480	152.500	359.900	4.360		
4.370	67.200	79.800	79.800	226.800	4.370	104.920	102.480	152.500	359.900	4.370		
4.380	67.200	82.250	79.800	229.250	4.380	107.360	99.430	149.450	356.240	4.380		
4.390	64.750	82.250	82.250	229.250	4.390	107.360	99.430	149.450	356.240	4.390		
4.400	67.200	82.250	82.250	231.700	4.400	109.800	99.430	144.570	353.800	4.400		
4.410	64.750	84.700	82.250	231.700	4.410	109.800	99.430	144.570	353.800	4.410		
4.420	64.750	82.250	84.700	231.700	4.420	112.240	99.430	144.570	356.240	4.420		
4.430	62.300	82.250	84.700	229.250	4.430	114.680	96.990	142.130	353.800	4.430		
4.440	62.300	84.700	87.500	234.500	4.440	114.680	96.990	137.250	348.920	4.440		
4.450	62.300	84.700	87.500	234.500	4.450	117.120	94.550	137.250	348.920	4.450		
4.460	62.300	84.700	87.500	234.500	4.460	119.560	94.550	134.810	348.920	4.460		
4.470	62.350	82.130	87.290	231.770	4.470	122.000	94.550	132.370	348.920	4.470		
4.480	59.770	82.130	89.870	231.770	4.480	124.440	94.550	129.930	348.920	4.480		
4.490	59.770	82.130	89.870	231.770	4.490	127.490	92.110	127.490	347.090	4.490		
4.500	59.770	82.130	92.450	234.350	4.500	129.800	92.400	124.850	347.050	4.500		
4.510	57.190	82.130	92.450	231.770	4.510	132.000	89.650	124.850	346.500	4.510		
4.520	57.190	82.130	94.600	233.920	4.520	132.000	92.400	124.850	349.250	4.520		
4.530	57.190	82.130	94.600	233.920	4.530	132.000	89.650	124.850	346.500	4.530		
4.540	57.190	84.710	94.600	236.500	4.540	132.000	89.650	119.900	341.550	4.540		
4.550	57.190	82.130	97.180	236.500	4.550	132.000	89.650	119.900	341.550	4.550		
4.560	54.610	82.130	99.760	236.500	4.560	134.750	89.650	119.900	344.300	4.560		
4.570	54.610	82.130	99.760	236.500	4.570	134.750	89.650	119.900	344.300	4.570		
4.580	54.610	84.710	102.340	241.660	4.580	134.750	89.650	119.900	344.300	4.580		
4.590	54.610	84.710	102.340	241.660	4.590	137.500	89.650	117.150	344.300	4.590		
4.600	52.460	84.710	104.920	242.090	4.600	137.500	89.650	119.900	347.050	4.600		
4.610	52.460	84.710	107.500	244.670	4.610	137.500	87.450	119.900	344.850	4.610		
4.620	52.440	82.340	104.880	239.660	4.620	137.500	89.650	119.900	347.050	4.620		
4.630	52.440	82.340	107.180	241.960	4.630	137.500	89.650	117.150	344.300	4.630		
4.640	52.440	82.340	107.180	241.960	4.640	137.500	87.450	117.150	342.100	4.640		
4.650	52.440	82.340	107.180	241.960	4.650	139.830	87.320	117.410	344.560	4.650		
4.660	49.680	82.340	107.180	239.200	4.660	139.830	89.680	117.410	346.920	4.660		
4.670	49.680	82.340	109.940	241.960	4.670	139.830	87.320	117.410	344.560	4.670		
4.680	49.680	82.340	109.940	241.960	4.680	142.190	89.680	117.410	349.280	4.680		
4.690	49.680	82.340	109.940	241.960	4.690	142.190	84.960	114.460	341.610	4.690		
4.700	49.680	82.340	109.940	241.960	4.700	144.550	87.320	114.460	346.330	4.700		
4.710	49.680	82.340	112.240	244.260	4.710	144.550	87.320	114.460	346.330	4.710		
4.720	47.380	79.580	112.240	239.200	4.720	144.550	87.320	112.100	343.970	4.720		
4.730	49.680	82.340	112.240	244.260	4.730	144.550	87.320	114.460	346.330	4.730		
4.740	47.380	79.580	115.000	241.960	4.740	147.500	87.320	112.100	346.920	4.740		
4.750	47.380	79.580	115.000	241.960	4.750	147.500	87.320	112.100	346.920	4.750		
4.760	47.380	82.340	115.000	244.720	4.760	147.500	87.320	109.740	344.560	4.760		
4.770	44.650	82.250	114.680	241.580	4.770	147.500	87.320	112.100	346.920	4.770		
4.780	47.470	82.250	117.500	247.220	4.780	147.500	87.320	112.100	346.920	4.780		
4.790	44.650	82.250	117.500	244.400	4.790	147.500	87.320	112.100	346.920	4.790		
4.800	44.650	79.900	114.680	239.230	4.800	147.500	87.320	112.100	346.920	4.800		
4.810	47.470	79.900	117.500	244.870	4.810	147.500	87.320	112.100	346.920	4.810		
4.820	44.650	79.900	117.500	242.050	4.820	147.500	87.320	112.100	346.920	4.820		
4.830	44.650	79.900	117.500	242.050	4.830	147.500	87.320	114.460	349.280	4.830		
4.840	47.470	79.900	117.500	244.870	4.840	144.550	87.320	114.460	346.330	4.840		
4.850	44.650	79.900	117.500	242.050	4.850	144.550	89.680	114.460	348.690	4.850		
4.860	44.650	77.080	114.680	236.410	4.860	144.550	89.680	114.460	348.690	4.860		
4.870	44.650	79.900	114.680	239.230	4.870	144.550	87.320	114.460	346.330	4.870		
4.880	44.650	77.080	114.680	236.410	4.880	144.550	87.320	117.410	349.280	4.880		
4.890	47.470	77.080	112.330	236.880	4.890	144.550	87.320	114.460	346.330	4.890		
4.900	44.650	77.080	112.330	234.060	4.900	142.190	89.680	114.460	346.330	4.900		
4.910	44.650	77.080	112.330	234.060	4.910	144.550	89.680	117.410	351.640	4.910		
4.920	45.000	77.400	112.500	234.900	4.920	142.190	89.680	117.410	349.280	4.920		
4.930	45.000	77.400	112.500	234.900	4.930	142.190	89.680	117.410	349.280	4.930		
4.940	45.000	77.400	112.500	234.900	4.940	142.190	89.680	117.410	349.280	4.940		
4.950	45.000	77.400	112.500	234.900	4.950	142.500	89.490	117.420	349.410	4.950		
4.960	45.000	74.700	112.500	232.200	4.960	142.500	92.340	119.700	354.540	4.960		
4.970	45.000	74.700	112.500	232.200	4.970	142.500	92.340	119.700	354.540	4.970		
4.980	45.000	74.700	112.500	232.200	4.980	139.650	92.340	119.700	351.690	4.980		
4.990	45.000	74.700	112.500	232.200	4.990	142.500	92.340	119.700	354.540	4.990		
5.000	45.000	74.700	112.500	232.200	5.000	142.500	92.340	121.980	356.820	5.000		
5.010	45.000	74.700	112.500	232.200	5.010	139.650	94.620	121.980	356.250	5.010		
5.020	45.000	74.700	109.800	229.500	5.020	142.500	94.620	121.980	359.100	5.020		
5.030	45.000	72.450	112.500	229.950	5.030	142.500	92.340	121.980	356.820	5.030		
5.040	45.000	74.700	112.500	232.200	5.040	142.500	94.620	121.980	359.100	5.040		
5.050	42.300	74.700	112.500	229.500	5.050	142.500	94.620	121.980	359.100	5.050		
5.060	45.000	74.700	112.500	232.200	5.060	139.650	94.620	124.830	359.100	5.060		
5.070	44.620	74.980	112.240	231.840	5.070	139.650	94.620	124.830	359.100	5.070		
5.080	44.620	74.980	109.940	229.540	5.080	139.650	94.620	124.830	359.100	5.080		
5.090	42.320	74.980	112.240	229.540	5.090	139.650	94.620	121.980	356.250	5.090		
5.100	44.620	74.980	112.240	231.840	5.100	139.650	92.340	121.980	353.970	5.100		
5.110	44.620	74.980	112.240	231.840	5.110	139.650	92.340	119.700	351.690	5.110		
5.120	44.620	74.980	112.240	231.840	5.120	142.500	92.340	121.980	356.820	5.120		
5.130	44.620	74.980	112.240	231.840	5.130	142.500	94.620	119.700	356.820	5.130		
5.140	42.320	74.980	112.240	229.540	5.140	142.500	92.340	121.980	356.820	5.140		
5.150	44.620	74.980	112.240	231.840	5.150	142.500	92.340	121.980	356.820	5.150		
5.160	44.620	77.280	112.240	234.140	5.160	142.500	92.340	117.420	352.260	5.160		
5.170	44.620	77.280	115.000	236.900	5.170	142.500	89.490	117.420	349.410	5.170		
5.180	44.620	77.280	115.000	236.900	5.180	142.500	92.340	117.420	352.260	5.180		
5.190	44.620	77.280	115.000	236.900	5.190	142.500	92.340	117.420	352.260	5.190		
5.200	44.620	77.280	115.000	236.900	5.200	142.500	89.490	117.420	349.410	5.200		
5.210	44.620	77.280	115.000	236.900	5.210	142.500	89.490	117.420	349.410	5.210		
5.220	44.820	77.220	114.480	236.520	5.220	142.500	89.490	117.420	349.410	5.220		
5.230	44.820	77.220	114.480	236.520	5.230	142.500	87.210	117.420	347.130	5.230		
5.240	44.820	77.220	117.180	239.220	5.240	142.500	89.490	114.570	346.560	5.240		
5.250	44.820	77.220	114.480	236.520	5.250	142.500	87.210	114.570	344.280	5.250		
5.260	44.820	77.220	117.180	239.220	5.260	142.500	87.210	114.570	344.280	5.260		
5.270	44.820	77.220	117.180	239.220	5.270	139.650	87.210	114.570	341.430	5.270		
5.280	44.820	79.920	119.880	244.620	5.280	142.500	87.210	114.570	344.280	5.280		
5.290	44.820	79.920	119.880	244.620	5.290	139.650	84.930	114.570	339.150	5.290		
5.300	44.820	79.920	122.040	246.780	5.300	139.650	84.930	109.440	334.020	5.300		
5.310	44.820	82.080	124.740	251.640	5.310	139.650	82.080	109.440	331.170	5.310		
5.320	42.120	82.080	127.440	251.640	5.320	139.650	82.080	107.160	328.890	5.320		
5.330	42.120	82.080	129.600	253.800	5.330	139.650	79.800	107.160	326.610	5.330		
5.340	42.120	84.780	129.600	256.500	5.340	139.650	79.800	104.880	324.330	5.340		
5.350	39.960	84.780	132.300	257.040	5.350	137.370	76.950	104.880	319.200	5.350		
5.360	39.960	84.780	135.000	259.740	5.360	139.650	76.950	102.030	318.630	5.360		
5.370	39.680	87.040	139.520	266.240	5.370	137.370	74.670	99.750	311.790	5.370		
5.380	37.120	89.600	142.080	268.800	5.380	137.370	72.390	97.470	307.230	5.380		
5.390	37.120	87.040	144.640	268.800	5.390	134.520	72.390	94.620	301.530	5.390		
5.400	37.120	89.600	147.200	273.920	5.400	137.360	69.360	94.520	301.240	5.400		
5.410	37.120	89.600	152.320	279.040	5.410	137.360	69.360	94.520	301.240	5.410		
5.420	37.120	92.160	154.880	284.160	5.420	137.360	67.320	92.480	297.160	5.420		
5.430	37.120	89.600	154.880	281.600	5.430	137.360	64.600	87.040	289.000	5.430		
5.440	34.560	92.160	157.440	284.160	5.440	137.360	64.600	87.040	289.000	5.440		
5.450	37.120	89.600	157.440	284.160	5.450	137.360	64.600	85.000	286.960	5.450		
5.460	34.560	89.600	160.000	284.160	5.460	137.360	61.880	85.000	284.240	5.460		
5.470	34.560	89.600	160.000	284.160	5.470	139.400	64.600	82.280	286.280	5.470		
5.480	34.560	87.040	160.000	281.600	5.480	142.120	61.880	79.560	283.560	5.480		
5.490	34.560	87.040	160.000	281.600	5.490	146.880	61.880	79.560	288.320	5.490		
5.500	32.000	87.040	160.000	279.040	5.500	146.880	61.880	76.840	285.600	5.500		
5.510	32.000	87.040	160.000	279.040	5.510	152.320	61.880	74.800	289.000	5.510		
5.520	32.000	84.480	160.000	276.480	5.520	157.080	61.880	72.080	291.040	5.520		
5.530	32.000	84.480	160.000	276.480	5.530	161.840	64.600	72.080	298.520	5.530		
5.540	29.440	81.920	154.880	266.240	5.540	170.000	64.600	72.080	306.680	5.540		
5.550	29.440	80.000	152.320	261.760	5.550	179.550	66.690	71.820	318.060	5.550		
5.560	29.440	80.000	147.200	256.640	5.560	191.520	71.820	68.400	331.740	5.560		
5.570	29.440	77.440	136.960	243.840	5.570	201.780	71.820	68.400	342.000	5.570		
5.580	29.440	74.880	127.360	231.680	5.580	217.170	76.950	71.820	365.940	5.580		
5.590	29.440	67.200	112.000	208.640	5.590	229.140	82.080	73.530	384.750	5.590		
5.600	32.000	64.640	92.160	188.800	5.600	241.110	87.210	73.530	401.850	5.600		
5.610	34.560	56.960	72.320	163.840	5.610	254.790	88.920	76.950	420.660	5.610		
5.620	37.120	47.360	47.360	131.840	5.620	268.470	94.050	76.950	439.470	5.620		
5.630	39.680	37.120	29.440	106.240	5.630	287.280	100.890	78.660	466.830	5.630		
5.640	44.800	24.960	12.160	81.920	5.640	309.510	109.440	82.080	501.030	5.640		
5.650	42.240	17.280	4.480	64.000	5.650	333.450	119.700	82.080	535.230	5.650		
5.660	39.680	14.720	1.920	56.320	5.660	359.100	126.540	83.790	569.430	5.660		
5.670	30.000	9.960	0.000	39.960	5.670	384.750	133.380	82.080	600.210	5.670		
5.680	19.920	7.440	0.000	27.360	5.680	406.980	141.930	78.660	627.570	5.680		
5.690	9.960	4.920	0.000	14.880	5.690	427.500	143.640	78.660	649.800	5.690		
5.700	0.000	2.400	0.000	2.400	5.700	442.130	152.150	76.970	671.250	5.700		
5.710	0.000	0.000	0.000	0.000	5.710	447.500	155.730	82.340	685.570	5.710		
5.720	0.000	0.000	0.000	0.000	5.720	447.500	159.310	82.340	689.150	5.720		
5.730	0.000	0.000	0.000	0.000	5.730	443.920	164.680	84.130	692.730	5.730		
5.740	0.000	0.000	0.000	0.000	5.740	436.760	164.680	84.130	685.570	5.740		
5.750	0.000	0.000	0.000	0.000	5.750	424.230	164.680	85.920	674.830	5.750		
5.760	0.000	0.000	0.000	0.000	5.760	409.910	159.310	85.920	655.140	5.760		
5.770	0.000	0.000	0.000	0.000	5.770	393.800	155.730	85.920	635.450	5.770		
5.780	0.000	0.000	2.400	2.400	5.780	374.110	152.150	89.500	615.760	5.780		
5.790	0.000	0.000	2.400	2.400	5.790	354.420	148.570	85.920	588.910	5.790		
5.800	0.000	0.000	2.400	2.400	5.800	334.730	146.780	89.500	571.010	5.800		
5.810	0.000	0.000	2.400	2.400	5.810	316.830	144.990	91.290	553.110	5.810		
5.820	0.000	0.000	2.500	2.500	5.820	298.930	141.410	91.290	531.630	5.820		
5.830	0.000	0.000	2.500	2.500	5.830	286.400	141.410	96.660	524.470	5.830		
5.840	0.000	0.000	2.500	2.500	5.840	279.240	141.410	98.450	519.100	5.840		
5.850	0.000	0.000	5.000	5.000	5.850	277.500	146.520	104.340	528.360	5.850		
5.860	0.000	0.000	2.500	2.500	5.860	274.170	149.850	109.890	533.910	5.860		
5.870	0.000	0.000	2.500	2.500	5.870	271.950	152.070	114.330	538.350	5.870		
5.880	0.000	0.000	5.000	5.000	5.880	271.950	154.290	116.550	542.790	5.880		
5.890	0.000	0.000	2.500	2.500	5.890	269.730	156.510	122.100	548.340	5.890		
5.900	0.000	0.000	5.000	5.000	5.900	266.400	159.840	126.540	552.780	5.900		
5.910	0.000	2.500	5.000	7.500	5.910	264.180	159.840	129.870	553.890	5.910		
5.920	0.000	0.000	5.000	5.000	5.920	261.960	162.060	134.310	558.330	5.920		
5.930	0.000	0.000	5.000	5.000	5.930	256.410	159.840	134.310	550.560	5.930		
5.940	0.000	2.500	5.000	7.500	5.940	249.750	159.840	139.860	549.450	5.940		
5.950	0.000	0.000	2.500	2.500	5.950	244.200	156.510	139.860	540.570	5.950		
5.960	0.000	0.000	2.500	2.500	5.960	239.760	156.510	142.080	538.350	5.960		
5.970	0.000	2.160	2.160	4.320	5.970	239.760	156.510	142.080	538.350	5.970		
5.980	2.160	0.000	0.000	2.160	5.980	236.430	156.510	142.080	535.020	5.980		
5.990	2.160	2.160	2.160	6.480	5.990	236.430	156.510	142.080	535.020	5.990		
6.000	4.320	2.160	0.000	6.480	6.000	239.800	156.960	139.520	536.280	6.000		
6.010	6.480	2.160	0.000	8.640	6.010	241.980	154.780	137.340	534.100	6.010		
6.020	9.720	0.000	0.000	9.720	6.020	249.610	151.510	131.890	533.010	6.020		
6.030	11.880	0.000	0.000	11.880	6.030	253.970	149.330	126.440	529.740	6.030		
6.040	14.040	0.000	0.000	14.040	6.040	261.600	147.150	122.080	530.830	6.040		
6.050	141.480	11.880	4.320	157.680	6.050	267.050	144.970	114.450	526.470	6.050		
6.060	171.720	24.840	0.000	196.560	6.060	272.500	139.520	109.000	521.020	6.060		
6.070	209.520	44.280	0.000	253.800	6.070	272.500	134.070	102.460	509.030	6.070		
6.080	251.640	93.960	2.160	347.760	6.080	264.870	126.440	99.190	490.500	6.080		
6.090	270.000	179.280	21.600	470.880	6.090	241.980	114.450	89.380	445.810	6.090		
6.100	262.440	214.920	44.280	521.640	6.100	207.100	94.830	81.750	383.680	6.100		
6.110	270.000	204.120	46.440	520.560	6.110	154.780	74.120	71.940	300.840	6.110		
6.120	279.510	176.660	36.300	492.470	6.120	97.010	52.320	64.310	213.640	6.120		
6.130	289.190	164.560	31.460	485.210	6.130	49.050	34.880	52.320	136.250	6.130		
6.140	296.450	164.560	29.040	490.050	6.140	37.060	23.980	39.240	100.280	6.140		
6.150	302.500	166.980	29.040	498.520	6.150	32.500	17.420	27.430	77.350	6.150		
6.160	298.870	174.240	29.040	502.150	6.160	29.900	9.880	14.950	54.730	6.160		
6.170	296.450	181.500	33.880	511.830	6.170	24.960	7.410	4.940	37.310	6.170		
6.180	289.190	189.970	36.300	515.460	6.180	22.490	7.410	0.000	29.900	6.180		
6.190	279.510	192.390	42.350	514.250	6.190	19.890	4.940	0.000	24.830	6.190		
6.200	267.410	197.230	47.190	511.830	6.200	19.890	7.410	0.000	27.300	6.200		
6.210	254.100	197.230	52.030	503.360	6.210	22.490	7.410	0.000	29.900	6.210		
6.220	242.000	199.650	54.450	496.100	6.220	19.890	4.940	0.000	24.830	6.220		
6.230	232.320	197.230	56.870	486.420	6.230	22.490	4.940	0.000	27.430	6.230		
6.240	219.010	189.970	59.290	468.270	6.240	22.490	4.940	0.000	27.430	6.240		
6.250	211.750	186.340	61.710	459.800	6.250	22.490	4.940	0.000	27.430	6.250		
6.260	202.070	183.920	61.710	447.700	6.260	22.490	4.940	0.000	27.430	6.260		
6.270	189.720	182.280	66.960	438.960	6.270	19.890	4.940	0.000	24.830	6.270		
6.280	184.140	182.280	69.750	436.170	6.280	19.890	4.940	0.000	24.830	6.280		
6.290	174.840	182.280	74.400	431.520	6.290	19.890	4.940	0.000	24.830	6.290		
6.300	169.260	182.280	77.190	428.730	6.300	20.000	4.960	0.000	24.960	6.300		
6.310	161.820	184.140	81.840	427.800	6.310	20.000	4.960	0.000	24.960	6.310		
6.320	159.960	186.930	87.420	434.310	6.320	20.000	4.960	0.000	24.960	6.320		
6.330	157.170	191.580	89.280	438.030	6.330	17.440	4.960	0.000	22.400	6.330		
6.340	159.960	197.160	92.070	449.190	6.340	17.440	4.960	0.000	22.400	6.340		
6.350	164.610	207.390	92.070	464.070	6.350	17.440	4.960	0.000	22.400	6.350		
6.360	172.050	214.830	92.070	478.950	6.360	17.440	4.960	0.000	22.400	6.360		
6.370	182.280	219.480	92.070	493.830	6.370	17.440	4.960	0.000	22.400	6.370		
6.380	191.580	226.920	89.280	507.780	6.380	17.440	4.960	0.000	22.400	6.380		
6.390	204.600	229.710	84.630	518.940	6.390	14.960	4.960	0.000	19.920	6.390		
6.400	216.690	232.500	79.980	529.170	6.400	14.960	4.960	0.000	19.920	6.400		
6.410	229.710	229.710	71.610	531.030	6.410	14.960	4.960	0.000	19.920	6.410		
6.420	247.390	224.900	58.820	531.110	6.420	14.960	4.960	0.000	19.920	6.420		
6.430	266.420	216.250	48.440	531.110	6.430	14.960	4.960	0.000	19.920	6.430		
6.440	283.720	205.870	39.790	529.380	6.440	14.960	4.960	0.000	19.920	6.440		
6.450	301.020	193.760	29.410	524.190	6.450	15.000	4.980	0.000	19.980	6.450		
6.460	323.510	174.730	22.490	520.730	6.460	15.000	4.980	0.000	19.980	6.460		
6.470	344.270	157.430	12.110	513.810	6.470	12.480	4.980	0.000	17.460	6.470		
6.480	361.570	141.860	6.920	510.350	6.480	15.000	4.980	0.000	19.980	6.480		
6.490	378.870	121.100	3.460	503.430	6.490	15.000	4.980	0.000	19.980	6.490		
6.500	390.980	112.450	1.730	505.160	6.500	12.480	4.980	0.000	17.460	6.500		
6.510	404.820	96.880	0.000	501.700	6.510	15.000	4.980	0.000	19.980	6.510		
6.520	416.930	84.770	0.000	501.700	6.520	12.480	4.980	0.000	17.460	6.520		
6.530	422.120	70.930	0.000	493.050	6.530	15.000	4.980	0.000	19.980	6.530		
6.540	429.040	62.280	0.000	491.320	6.540	12.480	4.980	0.000	17.460	6.540		
6.550	429.040	51.900	0.000	480.940	6.550	12.480	7.500	0.000	19.980	6.550		
6.560	432.500	44.980	0.000	477.480	6.560	12.480	7.500	0.000	19.980	6.560		
6.570	432.500	36.330	0.000	468.830	6.570	12.480	7.500	0.000	19.980	6.570		
6.580	429.040	31.140	0.000	460.180	6.580	12.480	7.500	0.000	19.980	6.580		
6.590	427.310	24.220	0.000	451.530	6.590	12.480	4.980	0.000	17.460	6.590		
6.600	423.850	17.300	0.000	441.150	6.600	12.500	5.000	0.000	17.500	6.600		
6.610	422.120	12.110	0.000	434.230	6.610	12.500	5.000	0.000	17.500	6.610		
6.620	418.660	8.650	0.000	427.310	6.620	12.500	5.000	0.000	17.500	6.620		
6.630	416.930	6.920	0.000	423.850	6.630	12.500	5.000	0.000	17.500	6.630		
6.640	411.740	3.460	0.000	415.200	6.640	12.500	7.500	0.000	20.000	6.640		
6.650	408.280	1.730	0.000	410.010	6.650	12.500	7.500	0.000	20.000	6.650		
6.660	406.550	0.000	0.000	406.550	6.660	12.500	7.500	0.000	20.000	6.660		
6.670	401.360	0.000	0.000	401.360	6.670	12.500	7.500	0.000	20.000	6.670		
6.680	399.630	0.000	0.000	399.630	6.680	12.500	7.500	0.000	20.000	6.680		
6.690	396.170	0.000	0.000	396.170	6.690	12.500	5.000	0.000	17.500	6.690		
6.700	394.440	0.000	0.000	394.440	6.700	12.500	5.000	0.000	17.500	6.700		
6.710	394.440	0.000	0.000	394.440	6.710	12.500	7.500	0.000	20.000	6.710		
6.720	397.460	0.000	0.000	397.460	6.720	12.500	5.000	0.000	17.500	6.720		
6.730	399.130	0.000	0.000	399.130	6.730	12.500	5.000	0.000	17.500	6.730		
6.740	402.470	0.000	0.000	402.470	6.740	12.500	5.000	0.000	17.500	6.740		
6.750	407.480	0.000	0.000	407.480	6.750	10.800	4.320	0.000	15.120	6.750		
6.760	414.160	0.000	0.000	414.160	6.760	10.800	4.320	0.000	15.120	6.760		
6.770	417.500	0.000	0.000	417.500	6.770	10.800	2.160	0.000	12.960	6.770		
6.780	417.500	0.000	0.000	417.500	6.780	10.800	2.160	0.000	12.960	6.780		
6.790	414.160	0.000	0.000	414.160	6.790	12.960	4.320	0.000	17.280	6.790		
6.800	404.140	0.000	0.000	404.140	6.800	38.880	4.320	0.000	43.200	6.800		
6.810	392.450	0.000	0.000	392.450	6.810	155.520	8.640	0.000	164.160	6.810		
6.820	374.080	0.000	0.000	374.080	6.820	261.360	6.480	0.000	267.840	6.820		
6.830	347.360	0.000	0.000	347.360	6.830	311.040	6.480	0.000	317.520	6.830		
6.840	308.950	0.000	0.000	308.950	6.840	343.440	8.640	0.000	352.080	6.840		
6.850	258.850	0.000	0.000	258.850	6.850	393.120	8.640	0.000	401.760	6.850		
6.860	202.070	0.000	0.000	202.070	6.860	440.640	19.440	2.160	462.240	6.860		
6.870	135.000	0.000	0.000	135.000	6.870	479.520	28.080	4.320	511.920	6.870		
6.880	84.780	0.000	0.000	84.780	6.880	514.080	45.360	8.640	568.080	6.880		
6.890	46.980	0.000	0.000	46.980	6.890	540.000	66.960	17.280	624.240	6.890		
6.900	22.140	0.000	0.000	22.140	6.900	556.600	87.400	20.700	664.700	6.900		
6.910	7.020	0.000	0.000	7.020	6.910	568.100	98.900	25.300	692.300	6.910		
6.920	2.160	0.000	2.160	4.320	6.920	575.000	110.400	29.900	715.300	6.920		
6.930	0.000	0.000	2.160	2.160	6.930	570.400	121.900	34.500	726.800	6.930		
6.940	0.000	0.000	2.160	2.160	6.940	563.500	128.800	36.800	729.100	6.940		
6.950	0.000	0.000	2.160	2.160	6.950	542.800	138.000	41.400	722.200	6.950		
6.960	0.000	0.000	2.160	2.160	6.960	519.800	149.500	46.000	715.300	6.960		
6.970	0.000	0.000	2.160	2.160	6.970	483.000	156.400	50.600	690.000	6.970		
6.980	0.000	0.000	0.000	0.000	6.980	446.200	165.600	59.800	671.600	6.980		
6.990	0.000	0.000	0.000	0.000	6.990	407.100	172.500	66.700	646.300	6.990		
7.000	0.000	0.000	0.000	0.000	7.000	363.400	177.100	71.300	611.800	7.000		
7.010	0.000	0.000	0.000	0.000	7.010	322.000	181.700	78.200	581.900	7.010		
7.020	0.000	0.000	0.000	0.000	7.020	280.600	184.000	82.800	547.400	7.020		
7.030	0.000	0.000	0.000	0.000	7.030	241.500	186.300	94.300	522.100	7.030		
7.040	0.000	0.000	0.000	0.000	7.040	207.000	186.300	98.900	492.200	7.040		
7.050	0.000	0.000	0.000	0.000	7.050	164.560	192.390	111.320	468.270	7.050		
7.060	0.000	0.000	0.000	0.000	7.060	131.890	194.810	122.210	448.910	7.060		
7.070	0.000	0.000	0.000	0.000	7.070	104.060	197.230	131.890	433.180	7.070		
7.080	0.000	0.000	0.000	0.000	7.080	84.700	194.810	139.150	418.660	7.080		
7.090	0.000	0.000	0.000	0.000	7.090	68.970	197.230	146.410	412.610	7.090		
7.100	0.000	0.000	0.000	0.000	7.100	54.450	194.810	157.300	406.560	7.100		
7.110	0.000	0.000	0.000	0.000	7.110	44.770	192.390	166.980	404.140	7.110		
7.120	0.000	0.000	0.000	0.000	7.120	36.300	189.970	176.660	402.930	7.120		
7.130	0.000	0.000	0.000	0.000	7.130	31.460	183.920	183.920	399.300	7.130		
7.140	0.000	0.000	0.000	0.000	7.140	24.200	181.500	194.810	400.510	7.140		
7.150	0.000	0.000	0.000	0.000	7.150	16.940	179.080	206.910	402.930	7.150		
7.160	0.000	0.000	0.000	0.000	7.160	12.100	174.240	219.010	405.350	7.160		
7.170	0.000	0.000	0.000	0.000	7.170	9.680	171.820	239.580	421.080	7.170		
7.180	0.000	0.000	0.000	0.000	7.180	7.260	169.400	269.830	446.490	7.180		
7.190	0.000	0.000	0.000	0.000	7.190	7.260	164.560	302.500	474.320	7.190		
7.200	0.000	0.000	0.000	0.000	7.200	3.360	157.920	342.720	504.000	7.200		
7.210	0.000	0.000	0.000	0.000	7.210	0.000	151.200	393.120	544.320	7.210		
7.220	0.000	0.000	0.000	0.000	7.220	0.000	144.480	446.880	591.360	7.220		
7.230	0.000	0.000	0.000	0.000	7.230	0.000	134.400	507.360	641.760	7.230		
7.240	0.000	0.000	0.000	0.000	7.240	0.000	124.320	564.480	688.800	7.240		
7.250	0.000	0.000	0.000	0.000	7.250	0.000	114.240	628.320	742.560	7.250		
7.260	2.500	0.000	0.000	2.500	7.260	0.000	104.160	685.440	789.600	7.260		
7.270	5.000	0.000	0.000	5.000	7.270	0.000	94.080	735.840	829.920	7.270		
7.280	2.500	0.000	0.000	2.500	7.280	0.000	84.000	779.520	863.520	7.280		
7.290	5.000	0.000	0.000	5.000	7.290	0.000	70.560	813.120	883.680	7.290		
7.300	2.500	0.000	0.000	2.500	7.300	0.000	60.480	833.280	893.760	7.300		
7.310	2.500	0.000	0.000	2.500	7.310	0.000	47.040	840.000	887.040	7.310		
7.320	0.000	0.000	4.220	4.220	7.320	0.000	43.680	836.640	880.320	7.320		
7.330	0.000	2.110	29.540	31.650	7.330	0.000	36.960	816.480	853.440	7.330		
7.340	0.000	4.220	82.290	86.510	7.340	0.000	26.880	779.520	806.400	7.340		
7.350	0.000	4.220	126.600	130.820	7.350	0.000	17.340	722.500	739.840	7.350		
7.360	0.000	6.330	158.250	164.580	7.360	0.000	11.560	647.360	658.920	7.360		
7.370	0.000	10.550	196.230	206.780	7.370	0.000	0.000	554.880	554.880	7.370		
7.380	0.000	14.770	248.980	263.750	7.380	0.000	0.000	447.950	447.950	7.380		
7.390	0.000	21.100	308.060	329.160	7.390	0.000	0.000	332.350	332.350	7.390		
7.400	0.000	35.870	373.470	409.340	7.400	0.000	0.000	219.640	219.640	7.400		
7.410	0.000	54.860	434.660	489.520	7.410	0.000	0.000	130.050	130.050	7.410		
7.420	0.000	78.070	481.080	559.150	7.420	0.000	0.000	72.250	72.250	7.420		
7.430	2.110	103.390	508.510	614.010	7.430	0.000	0.000	40.460	40.460	7.430		
7.440	4.220	130.820	523.280	658.320	7.440	0.000	0.000	23.120	23.120	7.440		
7.450	6.330	149.810	527.500	683.640	7.450	0.000	0.000	17.340	17.340	7.450		
7.460	8.440	162.470	521.170	692.080	7.460	0.000	0.000	17.340	17.340	7.460		
7.470	12.060	168.840	502.500	683.400	7.470	0.000	0.000	17.340	17.340	7.470		
7.480	16.080	168.840	474.360	659.280	7.480	0.000	0.000	14.450	14.450	7.480		
7.490	22.110	168.840	444.210	635.160	7.490	0.000	0.000	14.450	14.450	7.490		
7.500	26.130	170.850	412.050	609.030	7.500	0.000	0.000	10.000	10.000	7.500		
7.510	34.170	176.880	375.870	586.920	7.510	0.000	0.000	10.000	10.000	7.510		
7.520	42.210	180.900	341.700	564.810	7.520	0.000	0.000	7.480	7.480	7.520		
7.530	52.260	180.900	301.500	534.660	7.530	0.000	0.000	7.480	7.480	7.530		
7.540	58.290	180.900	261.300	500.490	7.540	0.000	0.000	5.000	5.000	7.540		
7.550	68.340	180.900	223.110	472.350	7.550	0.000	0.000	5.000	5.000	7.550		
7.560	78.390	178.890	190.950	448.230	7.560	0.000	0.000	2.480	2.480	7.560		
7.570	88.440	176.880	156.780	422.100	7.570	0.000	0.000	5.000	5.000	7.570		
7.580	100.500	170.850	126.630	397.980	7.580	0.000	0.000	2.480	2.480	7.580		
7.590	114.570	166.830	100.500	381.900	7.590	0.000	0.000	2.480	2.480	7.590		
7.600	126.630	160.800	76.380	363.810	7.600	0.000	0.000	0.000	0.000	7.600		
7.610	138.690	154.770	54.270	347.730	7.610	0.000	0.000	0.000	0.000	7.610		
7.620	152.040	146.610	39.820	338.470	7.620	0.000	0.000	0.000	0.000	7.620		
7.630	164.710	135.750	28.960	329.420	7.630	0.000	0.000	0.000	0.000	7.630		
7.640	177.380	128.510	21.720	327.610	7.640	0.000	0.000	0.000	0.000	7.640		
7.650	188.240	119.460	14.480	322.180	7.650	0.000	0.000	0.000	0.000	7.650		
7.660	206.340	112.220	7.240	325.800	7.660	0.000	0.000	0.000	0.000	7.660		
7.670	224.440	104.980	3.620	333.040	7.670	0.000	0.000	0.000	0.000	7.670		
7.680	240.730	95.930	1.810	338.470	7.680	0.000	0.000	0.000	0.000	7.680		
7.690	262.450	88.690	1.810	352.950	7.690	0.000	0.000	0.000	0.000	7.690		
7.700	285.980	86.880	0.000	372.860	7.700	0.000	0.000	0.000	0.000	7.700		
7.710	309.510	81.450	0.000	390.960	7.710	0.000	0.000	0.000	0.000	7.710		
7.720	336.660	79.640	0.000	416.300	7.720	0.000	0.000	0.000	0.000	7.720		
7.730	369.240	76.020	0.000	445.260	7.730	0.000	2.490	0.000	2.490	7.730		
7.740	396.390	68.780	0.000	465.170	7.740	0.000	4.980	2.490	7.470	7.740		
7.750	423.540	66.970	0.000	490.510	7.750	0.000	4.980	0.000	4.980	7.750		
7.760	452.500	56.110	0.000	508.610	7.760	0.000	4.980	0.000	4.980	7.760		
7.770	478.170	49.680	0.000	527.850	7.770	0.000	7.500	2.490	9.990	7.770		
7.780	496.800	41.400	0.000	538.200	7.780	0.000	4.980	2.490	7.470	7.780		
7.790	509.220	33.120	0.000	542.340	7.790	0.000	4.980	2.490	7.470	7.790		
7.800	517.500	26.910	0.000	544.410	7.800	0.000	2.310	0.000	2.310	7.800		
7.810	513.360	18.630	0.000	531.990	7.810	0.000	0.000	0.000	0.000	7.810		
7.820	500.940	12.420	0.000	513.360	7.820	13.860	4.620	0.000	18.480	7.820		
7.830	478.170	4.140	0.000	482.310	7.830	94.710	4.620	0.000	99.330	7.830		
7.840	449.190	0.000	0.000	449.190	7.840	189.420	4.620	0.000	194.040	7.840		
7.850	403.650	0.000	0.000	403.650	7.850	256.410	2.310	0.000	258.720	7.850		
7.860	345.690	0.000	0.000	345.690	7.860	321.090	4.620	0.000	325.710	7.860		
7.870	279.450	0.000	0.000	279.450	7.870	392.700	6.930	0.000	399.630	7.870		
7.880	200.790	0.000	0.000	200.790	7.880	448.140	11.550	0.000	459.690	7.880		
7.890	111.780	0.000	0.000	111.780	7.890	498.960	18.480	2.310	519.750	7.890		
7.900	49.680	0.000	0.000	49.680	7.900	547.470	39.270	6.930	593.670	7.900		
7.910	18.630	0.000	0.000	18.630	7.910	568.260	57.750	11.550	637.560	7.910		
7.920	5.000	0.000	0.000	5.000	7.920	577.500	87.780	18.480	683.760	7.920		
7.930	2.500	2.500	2.500	7.500	7.930	570.570	122.430	25.410	718.410	7.930		
7.940	0.000	2.500	5.000	7.500	7.940	554.400	154.770	39.270	748.440	7.940		
7.950	0.000	2.500	5.000	7.500	7.950	527.500	181.460	54.860	763.820	7.950		
7.960	0.000	0.000	2.500	2.500	7.960	493.740	196.230	75.960	765.930	7.960		
7.970	0.000	0.000	2.500	2.500	7.970	462.090	206.780	94.950	763.820	7.970		
7.980	0.000	0.000	2.500	2.500	7.980	419.890	211.000	111.830	742.720	7.980		
7.990	0.000	0.000	2.500	2.500	7.990	375.580	213.110	128.710	717.400	7.990		
8.000	0.000	0.000	0.000	0.000	8.000	329.160	213.110	145.590	687.860	8.000		
8.010	0.000	0.000	0.000	0.000	8.010	276.410	208.890	166.690	651.990	8.010		
8.020	0.000	0.000	0.000	0.000	8.020	229.990	198.340	183.570	611.900	8.020		
8.030	0.000	0.000	0.000	0.000	8.030	181.460	183.570	200.450	565.480	8.030		
8.040	0.000	0.000	2.500	2.500	8.040	139.260	170.910	221.550	531.720	8.040		
8.050	0.000	0.000	0.000	0.000	8.050	103.390	156.140	236.320	495.850	8.050		
8.060	0.000	0.000	0.000	0.000	8.060	75.960	139.260	251.090	466.310	8.060		
8.070	0.000	0.000	0.000	0.000	8.070	56.970	122.380	263.750	443.100	8.070		
8.080	0.000	0.000	0.000	0.000	8.080	42.200	105.500	276.410	424.110	8.080		
8.090	0.000	0.000	0.000	0.000	8.090	31.650	90.730	286.960	409.340	8.090		
8.100	0.000	0.000	0.000	0.000	8.100	23.100	78.540	295.680	397.320	8.100		
8.110	0.000	0.000	0.000	0.000	8.110	13.860	69.300	304.920	388.080	8.110		
8.120	0.000	0.000	0.000	0.000	8.120	6.930	57.750	311.850	376.530	8.120		
8.130	0.000	0.000	0.000	0.000	8.130	4.620	53.130	318.780	376.530	8.130		
8.140	0.000	0.000	0.000	0.000	8.140	2.310	48.510	328.020	378.840	8.140		
8.150	0.000	0.000	0.000	0.000	8.150	0.000	46.200	341.880	388.080	8.150		
8.160	0.000	0.000	0.000	0.000	8.160	0.000	43.890	355.740	399.630	8.160		
8.170	0.000	0.000	0.000	0.000	8.170	0.000	43.890	376.530	420.420	8.170		
8.180	0.000	0.000	0.000	0.000	8.180	0.000	41.580	397.320	438.900	8.180		
8.190	0.000	0.000	0.000	0.000	8.190	0.000	41.580	418.110	459.690	8.190		
8.200	0.000	2.500	0.000	2.500	8.200	0.000	41.580	445.830	487.410	8.200		
8.210	0.000	2.500	0.000	2.500	8.210	0.000	41.580	478.170	519.750	8.210		
8.220	0.000	2.040	0.000	2.040	8.220	0.000	41.580	510.510	552.090	8.220		
8.230	2.040	2.040	0.000	4.080	8.230	0.000	39.270	542.850	582.120	8.230		
8.240	2.040	2.040	0.000	4.080	8.240	0.000	39.270	577.500	616.770	8.240		
8.250	2.040	4.590	0.000	6.630	8.250	0.000	39.000	615.000	654.000	8.250		
8.260	2.040	4.590	0.000	6.630	8.260	0.000	36.000	651.000	687.000	8.260		
8.270	7.140	4.590	0.000	11.730	8.270	0.000	33.000	681.000	714.000	8.270		
8.280	4.590	7.140	0.000	11.730	8.280	0.000	30.000	708.000	738.000	8.280		
8.290	7.140	4.590	0.000	11.730	8.290	0.000	27.000	732.000	759.000	8.290		
8.300	4.590	7.140	0.000	11.730	8.300	0.000	18.000	744.000	762.000	8.300		
8.310	2.040	4.590	0.000	6.630	8.310	0.000	15.000	750.000	765.000	8.310		
8.320	2.040	4.590	0.000	6.630	8.320	0.000	9.000	741.000	750.000	8.320		
8.330	2.040	4.590	0.000	6.630	8.330	0.000	6.000	726.000	732.000	8.330		
8.340	2.040	2.040	0.000	4.080	8.340	0.000	0.000	702.000	702.000	8.340		
8.350	0.000	12.240	22.440	34.680	8.350	0.000	0.000	660.000	660.000	8.350		
8.360	0.000	17.340	127.500	144.840	8.360	0.000	0.000	615.000	615.000	8.360		
8.370	0.000	18.960	237.000	255.960	8.370	0.000	0.000	552.000	552.000	8.370		
8.380	0.000	23.700	312.840	336.540	8.380	0.000	0.000	465.000	465.000	8.380		
8.390	2.370	30.810	419.490	452.670	8.390	0.000	0.000	366.000	366.000	8.390		
8.400	4.740	42.660	504.810	552.210	8.400	0.000	0.000	255.000	255.000	8.400		
8.410	7.110	61.620	549.840	618.570	8.410	0.000	0.000	167.280	167.280	8.410		
8.420	11.850	99.540	580.650	692.040	8.420	0.000	0.000	96.900	96.900	8.420		
8.430	16.590	149.310	592.500	758.400	8.430	0.000	0.000	57.120	57.120	8.430		
8.440	30.810	203.820	568.800	803.430	8.440	0.000	0.000	34.680	34.680	8.440		
8.450	56.880	241.740	526.140	824.760	8.450	0.000	0.000	26.520	26.520	8.450		
8.460	85.320	267.810	464.520	817.650	8.460	0.000	0.000	22.440	22.440	8.460		
8.470	116.130	289.140	398.160	803.430	8.470	0.000	0.000	17.340	17.340	8.470		
8.480	144.570	300.990	336.540	782.100	8.480	0.000	0.000	14.280	14.280	8.480		
8.490	168.270	305.730	286.770	760.770	8.490	0.000	0.000	12.240	12.240	8.490		
8.500	194.340	303.360	241.740	739.440	8.500	0.000	0.000	14.280	14.280	8.500		
8.510	213.300	293.880	194.340	701.520	8.510	0.000	0.000	12.240	12.240	8.510		
8.520	234.950	276.860	152.400	664.210	8.520	0.000	0.000	9.180	9.180	8.520		
8.530	251.460	261.620	119.380	632.460	8.530	0.000	0.000	9.180	9.180	8.530		
8.540	266.700	238.760	91.440	596.900	8.540	0.000	0.000	9.180	9.180	8.540		
8.550	276.860	212.090	67.310	556.260	8.550	0.000	0.000	7.500	7.500	8.550		
8.560	292.100	186.690	46.990	525.780	8.560	0.000	0.000	7.500	7.500	8.560		
8.570	302.260	158.750	34.290	495.300	8.570	0.000	0.000	4.980	4.980	8.570		
8.580	312.420	137.160	24.130	473.710	8.580	0.000	0.000	4.980	4.980	8.580		
8.590	314.960	116.840	16.510	448.310	8.590	0.000	0.000	4.980	4.980	8.590		
8.600	317.500	101.600	11.430	430.530	8.600	0.000	0.000	4.980	4.980	8.600		
8.610	317.500	83.820	3.810	405.130	8.610	0.000	0.000	4.980	4.980	8.610		
8.620	314.960	74.930	1.270	391.160	8.620	0.000	0.000	2.490	2.490	8.620		
8.630	309.880	67.310	1.270	378.460	8.630	0.000	0.000	0.000	0.000	8.630		
8.640	307.340	59.690	0.000	367.030	8.640	0.000	0.000	2.490	2.490	8.640		
8.650	302.260	52.070	0.000	354.330	8.650	0.000	0.000	0.000	0.000	8.650		
8.660	302.260	49.530	0.000	351.790	8.660	0.000	0.000	0.000	0.000	8.660		
8.670	296.660	43.680	0.000	340.340	8.670	0.000	0.000	0.000	0.000	8.670		
8.680	294.840	41.860	0.000	336.700	8.680	0.000	0.000	0.000	0.000	8.680		
8.690	291.200	38.220	0.000	329.420	8.690	0.000	0.000	0.000	0.000	8.690		
8.700	291.200	36.400	0.000	327.600	8.700	0.000	0.000	0.000	0.000	8.700		
8.710	291.200	34.580	0.000	325.780	8.710	0.000	0.000	0.000	0.000	8.710		
8.720	294.840	34.580	0.000	329.420	8.720	0.000	0.000	0.000	0.000	8.720		
8.730	298.480	30.940	0.000	329.420	8.730	0.000	0.000	0.000	0.000	8.730		
8.740	311.220	29.120	0.000	340.340	8.740	0.000	0.000	0.000	0.000	8.740		
8.750	329.420	27.300	0.000	356.720	8.750	0.000	0.000	0.000	0.000	8.750		
8.760	354.900	23.660	0.000	378.560	8.760	0.000	0.000	0.000	0.000	8.760		
8.770	376.740	23.660	0.000	400.400	8.770	0.000	0.000	0.000	0.000	8.770		
8.780	398.580	23.660	0.000	422.240	8.780	0.000	2.500	2.500	5.000	8.780		
8.790	416.780	21.840	0.000	438.620	8.790	0.000	5.000	2.500	7.500	8.790		
8.800	436.800	21.840	0.000	458.640	8.800	0.000	5.000	2.500	7.500	8.800		
8.810	455.000	21.840	0.000	476.840	8.810	0.000	5.000	2.500	7.500	8.810		
8.820	470.830	19.700	0.000	490.530	8.820	0.000	5.000	2.500	7.500	8.820		
8.830	480.680	15.760	0.000	496.440	8.830	0.000	5.000	5.000	10.000	8.830		
8.840	488.560	11.820	0.000	500.380	8.840	0.000	2.500	2.500	5.000	8.840		
8.850	492.500	9.850	0.000	502.350	8.850	0.000	1.880	0.000	1.880	8.850		
8.860	488.560	5.910	0.000	494.470	8.860	0.000	3.760	0.000	3.760	8.860		
8.870	480.680	3.940	0.000	484.620	8.870	43.240	11.280	0.000	54.520	8.870		
8.880	464.920	0.000	0.000	464.920	8.880	118.440	9.400	0.000	127.840	8.880		
8.890	441.280	0.000	0.000	441.280	8.890	178.600	5.640	0.000	184.240	8.890		
8.900	409.760	0.000	0.000	409.760	8.900	231.240	5.640	0.000	236.880	8.900		
8.910	368.390	0.000	0.000	368.390	8.910	298.920	11.280	0.000	310.200	8.910		
8.920	323.080	0.000	0.000	323.080	8.920	351.560	13.160	0.000	364.720	8.920		
8.930	263.980	0.000	0.000	263.980	8.930	394.800	20.680	0.000	415.480	8.930		
8.940	198.970	0.000	0.000	198.970	8.940	434.280	39.480	3.760	477.520	8.940		
8.950	139.870	0.000	0.000	139.870	8.950	458.720	63.920	13.160	535.800	8.950		
8.960	86.680	0.000	0.000	86.680	8.960	470.000	95.880	24.440	590.320	8.960		
8.970	47.500	0.000	0.000	47.500	8.970	462.480	131.600	35.720	629.800	8.970		
8.980	29.830	0.000	0.000	29.830	8.980	443.680	161.680	56.400	661.760	8.980		
8.990	17.480	2.470	0.000	19.950	8.990	424.880	184.240	84.600	693.720	8.990		
9.000	7.410	2.470	0.000	9.880	9.000	391.840	202.240	113.760	707.840	9.000		
9.010	4.940	4.940	2.470	12.350	9.010	361.820	216.460	142.200	720.480	9.010		
9.020	4.940	2.470	0.000	7.410	9.020	328.640	225.940	167.480	722.060	9.020		
9.030	4.940	2.470	0.000	7.410	9.030	293.880	232.260	191.180	717.320	9.030		
9.040	2.470	0.000	0.000	2.470	9.040	255.960	233.840	216.460	706.260	9.040		
9.050	2.470	2.470	0.000	4.940	9.050	219.620	225.940	237.000	682.560	9.050		
9.060	2.470	2.470	0.000	4.940	9.060	178.540	219.620	259.120	657.280	9.060		
9.070	0.000	2.470	0.000	2.470	9.070	143.780	206.980	281.240	632.000	9.070		
9.080	0.000	2.470	0.000	2.470	9.080	109.020	191.180	304.940	605.140	9.080		
9.090	0.000	2.470	0.000	2.470	9.090	83.740	176.960	322.320	583.020	9.090		
9.100	0.000	2.470	0.000	2.470	9.100	66.360	161.160	341.280	568.800	9.100		
9.110	0.000	0.000	0.000	0.000	9.110	52.140	142.200	357.080	551.420	9.110		
9.120	0.000	0.000	0.000	0.000	9.120	39.500	126.400	371.300	537.200	9.120		
9.130	0.000	2.500	0.000	2.500	9.130	31.600	112.180	382.360	526.140	9.130		
9.140	0.000	2.500	0.000	2.500	9.140	23.700	96.380	395.000	515.080	9.140		
9.150	0.000	2.500	0.000	2.500	9.150	15.760	86.680	401.880	504.320	9.150		
9.160	0.000	2.500	0.000	2.500	9.160	11.820	76.830	403.850	492.500	9.160		
9.170	0.000	0.000	0.000	0.000	9.170	5.910	68.950	409.760	484.620	9.170		
9.180	0.000	2.500	0.000	2.500	9.180	3.940	63.040	413.700	480.680	9.180		
9.190	0.000	2.500	0.000	2.500	9.190	1.970	59.100	415.670	476.740	9.190		
9.200	0.000	2.500	0.000	2.500	9.200	0.000	53.190	421.580	474.770	9.200		
9.210	0.000	2.500	0.000	2.500	9.210	0.000	49.250	421.580	470.830	9.210		
9.220	0.000	2.500	0.000	2.500	9.220	0.000	43.340	427.490	470.830	9.220		
9.230	0.000	2.500	0.000	2.500	9.230	0.000	43.340	429.460	472.800	9.230		
9.240	0.000	2.500	0.000	2.500	9.240	0.000	41.370	433.400	474.770	9.240		
9.250	0.000	2.500	0.000	2.500	9.250	0.000	37.430	439.310	476.740	9.250		
9.260	0.000	2.500	0.000	2.500	9.260	0.000	37.430	447.190	484.620	9.260		
9.270	0.000	0.000	0.000	0.000	9.270	0.000	33.490	460.980	494.470	9.270		
9.280	0.000	2.490	0.000	2.490	9.280	0.000	33.490	474.770	508.260	9.280		
9.290	0.000	2.490	0.000	2.490	9.290	0.000	33.490	492.500	525.990	9.290		
9.300	0.000	2.490	0.000	2.490	9.300	0.000	34.320	506.880	541.200	9.300		
9.310	0.000	2.490	0.000	2.490	9.310	0.000	34.320	522.720	557.040	9.310		
9.320	0.000	2.490	0.000	2.490	9.320	0.000	31.680	538.560	570.240	9.320		
9.330	2.490	4.980	0.000	7.470	9.330	0.000	29.040	554.400	583.440	9.330		
9.340	2.490	4.980	0.000	7.470	9.340	0.000	26.400	567.600	594.000	9.340		
9.350	2.490	4.980	0.000	7.470	9.350	0.000	23.760	586.080	609.840	9.350		
9.360	2.490	4.980	0.000	7.470	9.360	0.000	21.120	601.920	623.040	9.360		
9.370	2.490	7.500	0.000	9.990	9.370	0.000	18.480	617.760	636.240	9.370		
9.380	2.490	7.500	0.000	9.990	9.380	0.000	18.480	633.600	652.080	9.380		
9.390	2.490	4.980	0.000	7.470	9.390	0.000	15.840	649.440	665.280	9.390		
9.400	2.490	4.980	0.000	7.470	9.400	0.000	13.200	654.720	667.920	9.400		
9.410	0.000	7.500	0.000	7.500	9.410	0.000	10.560	660.000	670.560	9.410		
9.420	0.000	7.000	0.000	7.000	9.420	0.000	7.920	657.360	665.280	9.420		
9.430	0.000	14.000	8.750	22.750	9.430	0.000	5.280	654.720	660.000	9.430		
9.440	0.000	19.250	52.500	71.750	9.440	0.000	2.640	644.160	646.800	9.440		
9.450	0.000	21.000	119.000	140.000	9.450	0.000	5.000	625.000	630.000	9.450		
9.460	0.000	21.000	166.250	187.250	9.460	0.000	2.500	597.500	600.000	9.460		
9.470	0.000	26.250	217.000	243.250	9.470	0.000	0.000	565.000	565.000	9.470		
9.480	1.750	31.500	281.750	315.000	9.480	0.000	0.000	525.000	525.000	9.480		
9.490	1.750	38.500	336.000	376.250	9.490	0.000	0.000	475.000	475.000	9.490		
9.500	3.500	52.500	381.500	437.500	9.500	0.000	0.000	412.500	412.500	9.500		
9.510	7.000	71.750	414.750	493.500	9.510	0.000	0.000	342.500	342.500	9.510		
9.520	8.750	94.500	432.250	535.500	9.520	0.000	0.000	270.000	270.000	9.520		
9.530	14.000	119.000	437.500	570.500	9.530	0.000	0.000	197.500	197.500	9.530		
9.540	17.500	147.000	432.250	596.750	9.540	0.000	0.000	132.500	132.500	9.540		
9.550	29.750	178.500	420.000	628.250	9.550	0.000	0.000	90.000	90.000	9.550		
9.560	49.000	204.750	404.250	658.000	9.560	0.000	0.000	60.000	60.000	9.560		
9.570	72.000	225.000	375.000	672.000	9.570	0.000	0.000	35.000	35.000	9.570		
9.580	87.000	237.000	349.500	673.500	9.580	0.000	0.000	27.500	27.500	9.580		
9.590	105.000	247.500	322.500	675.000	9.590	0.000	0.000	20.000	20.000	9.590		
9.600	117.000	255.000	294.000	666.000	9.600	0.000	0.000	15.000	15.000	9.600		
9.610	129.000	259.500	264.000	652.500	9.610	0.000	0.000	12.480	12.480	9.610		
9.620	142.500	256.500	240.000	639.000	9.620	0.000	0.000	12.480	12.480	9.620		
9.630	157.500	256.500	211.500	625.500	9.630	0.000	0.000	12.480	12.480	9.630		
9.640	169.500	252.000	187.500	609.000	9.640	0.000	0.000	9.960	9.960	9.640		
9.650	184.500	244.500	162.000	591.000	9.650	0.000	0.000	9.960	9.960	9.650		
9.660	195.000	234.000	142.500	571.500	9.660	0.000	0.000	7.500	7.500	9.660		
9.670	204.000	225.000	121.500	550.500	9.670	0.000	0.000	7.500	7.500	9.670		
9.680	211.500	211.500	105.000	528.000	9.680	0.000	0.000	4.980	4.980	9.680		
9.690	219.000	202.500	90.000	511.500	9.690	0.000	0.000	7.500	7.500	9.690		
9.700	229.500	192.000	76.500	498.000	9.700	0.000	0.000	4.980	4.980	9.700		
9.710	234.000	181.500	67.500	483.000	9.710	0.000	0.000	4.980	4.980	9.710		
9.720	241.230	171.570	56.760	469.560	9.720	0.000	0.000	2.460	2.460	9.720		
9.730	246.390	161.250	49.020	456.660	9.730	0.000	0.000	2.460	2.460	9.730		
9.740	248.970	154.800	43.860	447.630	9.740	0.000	0.000	2.460	2.460	9.740		
9.750	254.130	149.640	39.990	443.760	9.750	0.000	0.000	2.500	2.500	9.750		
9.760	259.290	147.060	37.410	443.760	9.760	0.000	0.000	0.000	0.000	9.760		
9.770	264.450	141.900	34.830	441.180	9.770	0.000	0.000	0.000	0.000	9.770		
9.780	269.610	139.320	34.830	443.760	9.780	0.000	0.000	0.000	0.000	9.780		
9.790	277.350	136.740	32.250	446.340	9.790	0.000	0.000	0.000	0.000	9.790		
9.800	281.220	136.740	29.670	447.630	9.800	0.000	0.000	0.000	0.000	9.800		
9.810	286.380	136.740	27.090	450.210	9.810	0.000	0.000	0.000	0.000	9.810		
9.820	291.540	136.740	21.930	450.210	9.820	0.000	0.000	0.000	0.000	9.820		
9.830	299.280	136.740	21.930	457.950	9.830	0.000	0.000	0.000	0.000	9.830		
9.840	307.020	139.320	21.930	468.270	9.840	0.000	0.000	0.000	0.000	9.840		
9.850	314.760	139.320	21.930	476.010	9.850	0.000	0.000	0.000	0.000	9.850		
9.860	322.500	141.900	21.930	486.330	9.860	0.000	0.000	0.000	0.000	9.860		
9.870	330.890	143.440	21.190	495.520	9.870	0.000	0.000	0.000	0.000	9.870		
9.880	339.040	141.810	19.560	500.410	9.880	0.000	0.000	0.000	0.000	9.880		
9.890	348.820	138.550	19.560	506.930	9.890	0.000	0.000	0.000	0.000	9.890		
9.900	356.970	138.550	16.300	511.820	9.900	0.000	0.000	0.000	0.000	9.900		
9.910	366.750	133.660	14.670	515.080	9.910	0.000	0.000	0.000	0.000	9.910		
9.920	374.900	127.140	9.780	511.820	9.920	0.000	0.000	0.000	0.000	9.920		
9.930	376.530	118.990	9.780	505.300	9.930	0.000	2.500	0.000	2.500	9.930		
9.940	384.680	112.470	6.520	503.670	9.940	0.000	2.500	2.500	5.000	9.940		
9.950	389.570	101.060	4.890	495.520	9.950	0.000	2.500	0.000	2.500	9.950		
9.960	391.200	94.540	4.890	490.630	9.960	0.000	2.500	0.000	2.500	9.960		
9.970	396.090	86.390	1.630	484.110	9.970	0.000	2.500	0.000	2.500	9.970		
9.980	400.980	79.870	1.630	482.480	9.980	0.000	2.500	2.500	5.000	9.980		
9.990	404.240	71.720	0.000	475.960	9.990	0.000	2.500	2.500	5.000	9.990		
10.000	407.500	63.570	0.000	471.070	10.000	0.000	2.500	2.500	5.000	10.000		
10.010	407.500	57.050	0.000	464.550	10.010	0.000	2.500	0.000	2.500	10.010		
10.020	405.000	51.840	0.000	456.840	10.020	0.000	2.500	0.000	2.500	10.020		
10.030	401.760	43.740	0.000	445.500	10.030	0.000	0.000	0.000	0.000	10.030		
10.040	401.760	38.880	0.000	440.640	10.040	0.000	0.000	0.000	0.000	10.040		
10.050	398.520	37.260	0.000	435.780	10.050	0.000	0.000	0.000	0.000	10.050		
10.060	401.760	34.020	0.000	435.780	10.060	1.690	3.380	0.000	5.070	10.060		
10.070	401.760	29.160	0.000	430.920	10.070	27.040	6.760	0.000	33.800	10.070		
10.080	398.520	24.300	0.000	422.820	10.080	60.840	8.450	0.000	69.290	10.080		
10.090	396.900	19.440	0.000	416.340	10.090	94.640	6.760	0.000	101.400	10.090		
10.100	387.180	14.580	0.000	401.760	10.100	123.370	8.450	0.000	131.820	10.100		
10.110	374.220	11.340	0.000	385.560	10.110	158.860	11.830	0.000	170.690	10.110		
10.120	361.260	9.720	0.000	370.980	10.120	204.490	13.520	0.000	218.010	10.120		
10.130	341.820	6.480	0.000	348.300	10.130	246.740	16.900	0.000	263.640	10.130		
10.140	319.140	4.860	0.000	324.000	10.140	292.370	21.970	0.000	314.340	10.140		
10.150	291.600	1.620	0.000	293.220	10.150	339.690	32.110	3.380	375.180	10.150		
10.160	262.440	0.000	0.000	262.440	10.160	373.490	43.940	8.450	425.880	10.160		
10.170	225.000	0.000	0.000	225.000	10.170	402.220	60.840	13.520	476.580	10.170		
10.180	194.400	0.000	0.000	194.400	10.180	414.050	79.430	18.590	512.070	10.180		
10.190	162.000	0.000	0.000	162.000	10.190	422.500	94.640	27.040	544.180	10.190		
10.200	132.300	0.000	0.000	132.300	10.200	422.500	114.920	37.180	574.600	10.200		
10.210	99.900	0.000	0.000	99.900	10.210	419.120	128.440	43.940	591.500	10.210		
10.220	69.300	0.000	0.000	69.300	10.220	414.050	143.650	57.460	615.160	10.220		
10.230	49.500	0.000	0.000	49.500	10.230	407.290	157.170	70.980	635.440	10.230		
10.240	34.200	1.800	0.000	36.000	10.240	393.770	163.930	84.500	642.200	10.240		
10.250	22.500	1.800	1.800	26.100	10.250	381.940	169.000	94.640	645.580	10.250		
10.260	14.400	1.800	1.800	18.000	10.260	368.420	172.380	104.780	645.580	10.260		
10.270	9.900	1.800	1.800	13.500	10.270	356.590	172.380	109.850	638.820	10.270		
10.280	7.200	1.800	1.800	10.800	10.280	344.760	172.380	111.540	628.680	10.280		
10.290	7.200	0.000	1.800	9.000	10.290	326.170	169.000	116.610	611.780	10.290		
10.300	4.500	0.000	0.000	4.500	10.300	310.960	167.310	119.990	598.260	10.300		
10.310	1.800	1.800	1.800	5.400	10.310	297.440	162.240	119.990	579.670	10.310		
10.320	2.500	0.000	2.500	5.000	10.320	282.230	157.170	119.990	559.390	10.320		
10.330	2.500	2.500	2.500	7.500	10.330	272.090	157.170	121.680	550.940	10.330		
10.340	0.000	2.500	2.500	5.000	10.340	258.570	152.100	121.680	532.350	10.340		
10.350	2.500	2.500	2.500	7.500	10.350	247.500	149.490	121.770	518.760	10.350		
10.360	2.500	0.000	2.500	5.000	10.360	241.560	152.460	126.720	520.740	10.360		
10.370	5.000	0.000	2.500	7.500	10.370	236.610	152.460	129.690	518.760	10.370		
10.380	2.500	0.000	2.500	5.000	10.380	234.630	157.410	134.640	526.680	10.380		
10.390	2.500	2.500	2.500	7.500	10.390	234.630	159.390	136.620	530.640	10.390		
10.400	2.500	2.500	2.500	7.500	10.400	234.630	164.340	141.570	540.540	10.400		
10.410	0.000	2.500	2.500	5.000	10.410	236.610	169.290	146.520	552.420	10.410		
10.420	0.000	2.500	2.500	5.000	10.420	239.580	174.240	152.460	566.280	10.420		
10.430	2.500	2.500	2.500	7.500	10.430	239.580	179.190	159.390	578.160	10.430		
10.440	2.500	2.500	2.500	7.500	10.440	241.560	184.140	162.360	588.060	10.440		
10.450	0.000	0.000	0.000	0.000	10.450	241.560	189.090	169.290	599.940	10.450		
10.460	2.500	0.000	2.500	5.000	10.460	241.560	192.060	172.260	605.880	10.460		
10.470	0.000	2.500	0.000	2.500	10.470	239.580	197.010	179.190	615.780	10.470		
10.480	0.000	2.500	0.000	2.500	10.480	234.630	197.010	184.140	615.780	10.480		
10.490	0.000	2.500	0.000	2.500	10.490	229.680	199.980	187.110	616.770	10.490		
10.500	0.000	2.500	0.000	2.500	10.500	224.540	199.820	194.670	619.030	10.500		
10.510	0.000	2.500	0.000	2.500	10.510	217.330	201.880	199.820	619.030	10.510		
10.520	0.000	2.500	0.000	2.500	10.520	212.180	201.880	201.880	615.940	10.520		
10.530	0.000	2.500	0.000	2.500	10.530	207.030	201.880	207.030	615.940	10.530		
10.540	0.000	2.500	0.000	2.500	10.540	199.820	199.820	212.180	611.820	10.540		
10.550	0.000	0.000	0.000	0.000	10.550	191.580	199.820	217.330	608.730	10.550		
10.560	0.000	0.000	0.000	0.000	10.560	184.370	196.730	219.390	600.490	10.560		
10.570	0.000	2.500	0.000	2.500	10.570	179.220	196.730	222.480	598.430	10.570		
10.580	0.000	2.500	0.000	2.500	10.580	172.010	196.730	226.600	595.340	10.580		
10.590	0.000	0.000	0.000	0.000	10.590	164.800	194.670	231.750	591.220	10.590		
10.600	2.500	2.500	2.500	7.500	10.600	156.560	191.580	239.990	588.130	10.600		
10.610	0.000	0.000	0.000	0.000	10.610	152.440	191.580	244.110	588.130	10.610		
10.620	0.000	0.000	2.400	2.400	10.620	144.200	189.520	247.200	580.920	10.620		
10.630	0.000	0.000	0.000	0.000	10.630	139.050	189.520	252.350	580.920	10.630		
10.640	0.000	0.000	2.400	2.400	10.640	136.990	189.520	257.500	584.010	10.640		
10.650	0.000	0.000	0.000	0.000	10.650	131.890	189.660	259.420	580.970	10.650		
10.660	0.000	0.000	2.400	2.400	10.660	131.890	187.480	264.870	584.240	10.660		
10.670	0.000	0.000	0.000	0.000	10.670	129.710	189.660	264.870	584.240	10.670		
10.680	0.000	0.000	0.000	0.000	10.680	129.710	189.660	267.050	586.420	10.680		
10.690	9.920	2.400	2.400	14.720	10.690	126.440	191.840	272.500	590.780	10.690		
10.700	4.960	4.960	4.960	14.880	10.700	126.440	187.480	269.230	583.150	10.700		
10.710	9.920	9.920	9.920	29.760	10.710	122.080	187.480	272.500	582.060	10.710		
10.720	9.920	14.880	17.440	42.240	10.720	116.630	184.210	269.230	570.070	10.720		
10.730	7.360	17.440	24.960	49.760	10.730	114.450	179.850	272.500	566.800	10.730		
10.740	12.480	24.960	32.480	69.920	10.740	106.820	172.220	269.230	548.270	10.740		
10.750	17.440	29.920	37.440	84.800	10.750	102.460	166.770	267.050	536.280	10.750		
10.760	24.960	34.880	40.000	99.840	10.760	97.010	162.410	264.870	524.290	10.760		
10.770	32.340	39.690	42.140	114.170	10.770	89.380	154.780	261.600	505.760	10.770		
10.780	34.790	42.140	44.590	121.520	10.780	81.750	147.150	253.970	482.870	10.780		
10.790	39.690	44.590	47.040	131.320	10.790	74.120	137.340	249.610	461.070	10.790		
10.800	42.140	47.040	49.980	139.160	10.800	69.580	129.360	245.000	443.940	10.800		
10.810	44.590	49.980	52.430	147.000	10.810	64.680	122.500	237.160	424.340	10.810		
10.820	44.590	52.430	57.330	154.350	10.820	61.740	114.660	232.260	408.660	10.820		
10.830	47.040	57.330	59.780	164.150	10.830	59.780	111.720	227.360	398.860	10.830		
10.840	49.980	59.780	64.680	174.440	10.840	59.780	109.760	219.520	389.060	10.840		
10.850	49.980	62.230	72.030	184.240	10.850	59.780	106.820	214.620	381.220	10.850		
10.860	49.980	64.680	77.420	192.080	10.860	59.780	104.860	206.780	371.420	10.860		
10.870	47.040	67.130	84.770	198.940	10.870	61.740	101.920	199.920	363.580	10.870		
10.880	47.040	72.030	94.570	213.640	10.880	66.640	101.920	189.140	357.700	10.880		
10.890	44.590	74.970	104.860	224.420	10.890	69.580	99.960	184.240	353.780	10.890		
10.900	44.590	79.870	114.660	239.120	10.900	74.480	99.960	174.440	348.880	10.900		
10.910	42.140	82.320	122.500	246.960	10.910	79.380	97.020	166.600	343.000	10.910		
10.920	39.600	82.500	129.360	251.460	10.920	82.320	94.080	159.740	336.140	10.920		
10.930	39.600	84.480	137.280	261.360	10.930	87.220	94.080	151.900	333.200	10.930		
10.940	36.960	87.120	139.920	264.000	10.940	92.120	89.180	144.060	325.360	10.940		
10.950	36.960	87.120	144.540	268.620	10.950	94.500	87.480	135.000	316.980	10.950		
10.960	34.980	87.120	147.180	269.280	10.960	97.200	84.780	132.300	314.280	10.960		
10.970	34.980	87.120	149.820	271.920	10.970	97.200	84.780	127.440	309.420	10.970		
10.980	34.980	84.480	152.460	271.920	10.980	99.900	84.780	122.040	306.720	10.980		
10.990	32.340	87.120	154.440	273.900	10.990	102.060	79.920	119.880	301.860	10.990		
11.000	32.340	87.120	157.080	276.540	11.000	102.060	79.920	114.480	296.460	11.000		
11.010	32.340	87.120	159.720	279.180	11.010	102.060	79.920	112.320	294.300	11.010		
11.020	29.700	89.760	159.720	279.180	11.020	102.060	79.920	114.480	296.460	11.020		
11.030	29.700	87.120	162.360	279.180	11.030	102.060	77.220	114.480	293.760	11.030		
11.040	29.700	87.120	162.360	279.180	11.040	99.900	77.220	112.320	289.440	11.040		
11.050	29.700	89.760	165.000	284.460	11.050	102.060	77.220	112.320	291.600	11.050		
11.060	29.700	89.760	165.000	284.460	11.060	102.060	77.220	109.620	288.900	11.060		
11.070	29.600	87.200	164.800	281.600	11.070	104.760	74.520	109.620	288.900	11.070		
11.080	29.600	89.600	164.800	284.000	11.080	104.760	74.520	107.460	286.740	11.080		
11.090	29.600	87.200	164.800	281.600	11.090	107.460	74.520	107.460	289.440	11.090		
11.100	29.600	89.600	167.200	286.400	11.100	107.460	72.360	102.060	281.880	11.100		
11.110	27.200	89.600	167.200	284.000	11.110	109.620	72.360	102.060	284.040	11.110		
11.120	27.200	89.600	169.600	286.400	11.120	112.320	72.360	99.900	284.580	11.120		
11.130	27.200	89.600	172.000	288.800	11.130	117.180	69.660	94.500	281.340	11.130		
11.140	27.200	92.000	174.400	293.600	11.140	119.880	69.660	89.640	279.180	11.140		
11.150	24.800	92.000	176.800	293.600	11.150	124.740	67.500	84.780	277.020	11.150		
11.160	24.800	94.400	180.000	299.200	11.160	127.440	67.500	79.920	274.860	11.160		
11.170	22.400	94.400	184.800	301.600	11.170	129.600	64.800	79.920	274.320	11.170		
11.180	20.000	96.800	189.600	306.400	11.180	129.600	62.100	74.520	266.220	11.180		
11.190	20.000	96.800	192.000	308.800	11.190	132.300	62.100	72.360	266.760	11.190		
11.200	16.800	100.000	196.800	313.600	11.200	132.300	62.100	69.660	264.060	11.200		
11.210	16.800	96.800	200.000	313.600	11.210	135.000	59.940	67.500	262.440	11.210		
11.220	14.140	99.990	204.020	318.150	11.220	135.000	57.240	67.500	259.740	11.220		
11.230	14.140	102.010	207.050	323.200	11.230	132.300	57.240	62.100	251.640	11.230		
11.240	12.120	102.010	212.100	326.230	11.240	132.300	54.540	62.100	248.940	11.240		
11.250	12.120	102.010	214.120	328.250	11.250	130.000	54.600	62.400	247.000	11.250		
11.260	9.090	102.010	219.170	330.270	11.260	127.400	52.000	62.400	241.800	11.260		
11.270	9.090	104.030	222.200	335.320	11.270	124.800	52.000	59.800	236.600	11.270		
11.280	7.070	107.060	224.220	338.350	11.280	122.200	49.920	59.800	231.920	11.280		
11.290	7.070	104.030	227.250	338.350	11.290	119.600	49.920	59.800	229.320	11.290		
11.300	4.040	107.060	229.270	340.370	11.300	119.600	47.320	57.200	224.120	11.300		
11.310	4.040	107.060	234.320	345.420	11.310	117.000	47.320	57.200	221.520	11.310		
11.320	2.020	107.060	237.350	346.430	11.320	117.000	47.320	57.200	221.520	11.320		
11.330	4.040	109.080	239.370	352.490	11.330	114.920	47.320	57.200	219.440	11.330		
11.340	2.020	112.110	247.450	361.580	11.340	112.320	44.720	54.600	211.640	11.340		
11.350	2.020	112.110	247.450	361.580	11.350	112.320	42.120	52.000	206.440	11.350		
11.360	2.020	112.110	252.500	366.630	11.360	109.720	42.120	52.000	203.840	11.360		
11.370	2.060	114.330	254.410	370.800	11.370	107.120	42.120	54.600	203.840	11.370		
11.380	0.000	112.270	257.500	369.770	11.380	107.120	42.120	52.000	201.240	11.380		
11.390	0.000	114.330	257.500	371.830	11.390	104.520	39.520	52.000	196.040	11.390		
11.400	0.000	114.330	254.410	368.740	11.400	104.520	39.780	52.260	196.560	11.400		
11.410	2.060	114.330	252.350	368.740	11.410	106.860	39.780	52.260	198.900	11.410		
11.420	2.060	114.330	249.260	365.650	11.420	109.980	42.120	54.600	206.700	11.420		
11.430	2.060	114.330	244.110	360.500	11.430	112.320	44.460	54.600	211.380	11.430		
11.440	4.120	114.330	239.990	358.440	11.440	114.660	44.460	54.600	213.720	11.440		
11.450	4.120	114.330	231.750	350.200	11.450	117.000	46.800	56.940	220.740	11.450		
11.460	7.210	112.270	224.540	344.020	11.460	122.460	49.920	56.940	229.320	11.460		
11.470	7.210	109.180	214.240	330.630	11.470	129.480	54.600	59.280	243.360	11.470		
11.480	9.270	104.030	204.970	318.270	11.480	137.280	59.280	62.400	258.960	11.480		
11.490	12.360	99.910	191.580	303.850	11.490	147.420	64.740	64.740	276.900	11.490		
11.500	9.270	94.760	177.160	281.190	11.500	156.780	71.760	69.420	297.960	11.500		
11.510	9.270	86.520	159.650	255.440	11.510	166.920	79.560	77.220	323.700	11.510		
11.520	9.720	77.220	135.000	221.940	11.520	174.720	89.700	84.240	348.660	11.520		
11.530	9.720	67.500	109.620	186.840	11.530	184.860	99.840	92.040	376.740	11.530		
11.540	9.720	54.540	82.080	146.340	11.540	195.000	109.980	99.840	404.820	11.540		
11.550	9.720	42.120	57.240	109.080	11.550	212.280	124.440	104.920	441.640	11.550		
11.560	14.580	32.400	34.560	81.540	11.560	231.800	139.080	109.800	480.680	11.560		
11.570	14.580	22.140	22.140	58.860	11.570	248.880	152.500	117.120	518.500	11.570		
11.580	14.580	14.580	17.280	46.440	11.580	267.180	164.700	122.000	553.880	11.580		
11.590	12.420	12.420	12.420	37.260	11.590	281.820	174.460	124.440	580.720	11.590		
11.600	7.020	9.720	9.720	26.460	11.600	289.140	181.780	126.880	597.800	11.600		
11.610	2.160	7.020	9.720	18.900	11.610	296.460	189.100	131.760	617.320	11.610		
11.620	0.000	7.020	9.720	16.740	11.620	301.340	191.540	131.760	624.640	11.620		
11.630	0.000	4.860	9.720	14.580	11.630	305.000	193.980	131.760	630.740	11.630		
11.640	0.000	7.020	9.720	16.740	11.640	305.000	191.540	131.760	628.300	11.640		
11.650	0.000	4.860	7.020	11.880	11.650	301.340	193.980	129.320	624.640	11.650		
11.660	0.000	4.860	7.020	11.880	11.660	298.900	193.980	126.880	619.760	11.660		
11.670	0.000	2.460	7.500	9.960	11.670	294.020	191.540	126.880	612.440	11.670		
11.680	0.000	4.980	7.500	12.480	11.680	286.700	189.100	124.440	600.240	11.680		
11.690	0.000	4.980	7.500	12.480	11.690	279.380	186.660	119.560	585.600	11.690		
11.700	0.000	4.980	4.980	9.960	11.700	272.500	184.210	119.900	576.610	11.700		
11.710	0.000	4.980	7.500	12.480	11.710	264.870	184.210	116.630	565.710	11.710		
11.720	0.000	4.980	7.500	12.480	11.720	257.240	182.030	114.450	553.720	11.720		
11.730	0.000	7.500	4.980	12.480	11.730	251.790	182.030	112.270	546.090	11.730		
11.740	0.000	7.500	4.980	12.480	11.740	244.160	182.030	112.270	538.460	11.740		
11.750	2.460	7.500	4.980	14.940	11.750	239.800	182.030	109.000	530.830	11.750		
11.760	0.000	9.960	4.980	14.940	11.760	234.350	182.030	109.000	525.380	11.760		
11.770	0.000	9.960	2.460	12.420	11.770	232.170	184.210	109.000	525.380	11.770		
11.780	2.460	9.960	2.460	14.880	11.780	229.990	187.480	109.000	526.470	11.780		
11.790	2.460	12.480	2.460	17.400	11.790	224.540	187.480	109.000	521.020	11.790		
11.800	0.000	12.480	2.460	14.940	11.800	222.360	189.660	106.820	518.840	11.800		
11.810	2.460	15.000	0.000	17.460	11.810	222.360	187.480	106.820	516.660	11.810		
11.820	4.950	14.850	0.000	19.800	11.820	219.090	187.480	104.640	511.210	11.820		
11.830	4.950	16.830	0.000	21.780	11.830	216.910	187.480	102.460	506.850	11.830		
11.840	6.930	16.830	0.000	23.760	11.840	214.730	182.030	99.190	495.950	11.840		
11.850	6.930	16.830	0.000	23.760	11.850	210.000	179.760	94.920	484.680	11.850		
11.860	19.800	24.750	0.000	44.550	11.860	202.440	174.720	89.880	467.040	11.860		
11.870	39.600	31.680	0.000	71.280	11.870	194.880	169.680	87.360	451.920	11.870		
11.880	67.320	39.600	0.000	106.920	11.880	182.280	159.600	82.320	424.200	11.880		
11.890	97.020	54.450	0.000	151.470	11.890	164.640	152.040	74.760	391.440	11.890		
11.900	129.690	72.270	0.000	201.960	11.900	147.000	141.960	69.720	358.680	11.900		
11.910	159.390	97.020	0.000	256.410	11.910	129.360	129.360	59.640	318.360	11.910		
11.920	187.110	124.740	0.000	311.850	11.920	114.240	119.280	57.120	290.640	11.920		
11.930	206.910	149.490	1.980	358.380	11.930	97.440	106.680	52.080	256.200	11.930		
11.940	224.730	172.260	6.930	403.920	11.940	82.320	92.400	47.040	221.760	11.940		
11.950	239.580	189.090	11.880	440.550	11.950	64.680	77.280	42.000	183.960	11.950		
11.960	247.500	204.930	21.780	474.210	11.960	49.560	57.120	31.920	138.600	11.960		
11.970	256.320	224.640	41.760	522.720	11.970	34.440	42.000	24.360	100.800	11.970		
11.980	266.400	244.800	56.160	567.360	11.980	26.880	34.440	14.280	75.600	11.980		
11.990	272.160	256.320	64.800	593.280	11.990	16.800	29.400	9.240	55.440	11.990		
12.000	279.360	264.960	64.800	609.120	12.000	10.000	25.000	5.000	40.000	12.000		
12.010	286.560	264.960	59.040	610.560	12.010	5.000	15.000	5.000	25.000	12.010		
12.020	293.760	256.320	51.840	601.920	12.020	5.000	12.500	5.000	22.500	12.020		
12.030	299.520	249.120	41.760	590.400	12.030	5.000	12.500	2.500	20.000	12.030		
12.040	306.720	239.040	31.680	577.440	12.040	5.000	10.000	2.500	17.500	12.040		
12.050	312.480	228.960	24.480	565.920	12.050	2.500	7.500	2.500	12.500	12.050		
12.060	321.120	218.880	17.280	557.280	12.060	2.500	7.500	0.000	10.000	12.060		
12.070	326.880	207.360	11.520	545.760	12.070	2.500	5.000	0.000	7.500	12.070		
12.080	334.080	197.280	8.640	540.000	12.080	0.000	5.000	0.000	5.000	12.080		
12.090	341.280	187.200	7.200	535.680	12.090	0.000	5.000	0.000	5.000	12.090		
12.100	349.920	177.120	4.320	531.360	12.100	0.000	5.000	0.000	5.000	12.100		
12.110	360.000	167.040	1.440	528.480	12.110	0.000	5.000	0.000	5.000	12.110		
12.120	368.420	158.860	0.000	527.280	12.120	0.000	5.000	0.000	5.000	12.120		
12.130	373.490	152.100	0.000	525.590	12.130	0.000	5.000	0.000	5.000	12.130		
12.140	381.940	141.960	0.000	523.900	12.140	0.000	5.000	0.000	5.000	12.140		
12.150	388.700	131.820	0.000	520.520	12.150	0.000	5.000	0.000	5.000	12.150		
12.160	393.770	123.370	0.000	517.140	12.160	0.000	5.000	0.000	5.000	12.160		
12.170	398.840	114.920	0.000	513.760	12.170	0.000	5.000	0.000	5.000	12.170		
12.180	403.910	104.780	0.000	508.690	12.180	0.000	5.000	0.000	5.000	12.180		
12.190	408.980	96.330	0.000	505.310	12.190	0.000	2.500	0.000	2.500	12.190		
12.200	414.050	86.190	0.000	500.240	12.200	0.000	2.500	0.000	2.500	12.200		
12.210	417.430	79.430	0.000	496.860	12.210	0.000	2.500	0.000	2.500	12.210		
12.220	422.500	70.980	0.000	493.480	12.220	0.000	2.500	0.000	2.500	12.220		
12.230	422.500	64.220	0.000	486.720	12.230	0.000	2.500	0.000	2.500	12.230		
12.240	422.500	59.150	0.000	481.650	12.240	0.000	2.500	0.000	2.500	12.240		
12.250	419.120	52.390	0.000	471.510	12.250	0.000	2.500	0.000	2.500	12.250		
12.260	419.120	47.320	0.000	466.440	12.260	0.000	2.500	0.000	2.500	12.260		
12.270	417.500	41.750	0.000	459.250	12.270	0.000	2.500	0.000	2.500	12.270		
12.280	412.490	36.740	0.000	449.230	12.280	0.000	0.000	0.000	0.000	12.280		
12.290	409.150	31.730	0.000	440.880	12.290	0.000	2.500	0.000	2.500	12.290		
12.300	402.470	26.720	0.000	429.190	12.300	0.000	0.000	0.000	0.000	12.300		
12.310	394.120	18.370	0.000	412.490	12.310	0.000	0.000	0.000	0.000	12.310		
12.320	384.100	13.360	0.000	397.460	12.320	0.000	0.000	0.000	0.000	12.320		
12.330	374.080	8.350	0.000	382.430	12.330	0.000	0.000	0.000	0.000	12.330		
12.340	367.400	6.680	0.000	374.080	12.340	0.000	0.000	0.000	0.000	12.340		
12.350	352.370	3.340	1.670	357.380	12.350	0.000	0.000	0.000	0.000	12.350		
12.360	342.350	1.670	0.000	344.020	12.360	0.000	0.000	0.000	0.000	12.360		
12.370	332.330	0.000	1.670	334.000	12.370	0.000	0.000	0.000	0.000	12.370		
12.380	323.980	0.000	1.670	325.650	12.380	0.000	0.000	0.000	0.000	12.380		
12.390	318.970	0.000	1.670	320.640	12.390	0.000	0.000	0.000	0.000	12.390		
12.400	318.970	0.000	1.670	320.640	12.400	0.000	0.000	0.000	0.000	12.400		
12.410	318.970	0.000	1.670	320.640	12.410	0.000	0.000	0.000	0.000	12.410		
12.420	324.480	0.000	1.560	326.040	12.420	0.000	0.000	0.000	0.000	12.420		
12.430	329.160	0.000	1.560	330.720	12.430	0.000	0.000	0.000	0.000	12.430		
12.440	333.840	0.000	1.560	335.400	12.440	0.000	0.000	0.000	0.000	12.440		
12.450	344.760	0.000	1.560	346.320	12.450	0.000	0.000	0.000	0.000	12.450		
12.460	354.120	0.000	1.560	355.680	12.460	1.940	0.000	0.000	1.940	12.460		
12.470	363.480	0.000	1.560	365.040	12.470	1.940	0.000	0.000	1.940	12.470		
12.480	375.960	0.000	1.560	377.520	12.480	1.940	0.000	0.000	1.940	12.480		
12.490	382.200	0.000	1.560	383.760	12.490	1.940	0.000	0.000	1.940	12.490		
12.500	386.880	0.000	1.560	388.440	12.500	1.940	0.000	0.000	1.940	12.500		
12.510	390.000	0.000	1.560	391.560	12.510	1.940	0.000	0.000	1.940	12.510		
12.520	390.000	0.000	1.560	391.560	12.520	4.850	0.000	0.000	4.850	12.520		
12.530	383.760	0.000	1.560	385.320	12.530	4.850	0.000	0.000	4.850	12.530		
12.540	375.960	0.000	1.560	377.520	12.540	27.160	1.940	0.000	29.100	12.540		
12.550	363.480	0.000	1.560	365.040	12.550	84.390	9.700	0.000	94.090	12.550		
12.560	341.640	0.000	1.560	343.200	12.560	152.290	14.550	1.940	168.780	12.560		
12.570	315.000	0.000	1.260	316.260	12.570	192.060	9.700	1.940	203.700	12.570		
12.580	277.200	0.000	1.260	278.460	12.580	206.610	9.700	0.000	216.310	12.580		
12.590	234.360	0.000	1.260	235.620	12.590	242.500	14.550	0.000	257.050	12.590		
12.600	183.960	0.000	1.260	185.220	12.600	292.320	18.270	4.060	314.650	12.600		
12.610	137.340	0.000	1.260	138.600	12.610	339.010	28.420	8.120	375.550	12.610		
12.620	89.460	0.000	1.260	90.720	12.620	381.640	38.570	12.180	432.390	12.620		
12.630	51.660	0.000	1.260	52.920	12.630	418.180	54.810	16.240	489.230	12.630		
12.640	23.940	0.000	3.780	27.720	12.640	450.660	69.020	22.330	542.010	12.640		
12.650	6.300	0.000	3.780	10.080	12.650	472.990	83.230	26.390	582.610	12.650		
12.660	0.000	0.000	6.300	6.300	12.660	493.290	99.470	32.480	625.240	12.660		
12.670	0.000	0.000	8.820	8.820	12.670	503.440	113.680	36.540	653.660	12.670		
12.680	0.000	0.000	8.820	8.820	12.680	507.500	131.950	44.660	684.110	12.680		
12.690	0.000	0.000	8.820	8.820	12.690	503.440	146.160	48.720	698.320	12.690		
12.700	0.000	0.000	6.300	6.300	12.700	491.260	164.430	60.900	716.590	12.700		
12.710	0.000	0.000	6.300	6.300	12.710	470.960	178.640	73.080	722.680	12.710		
12.720	0.000	0.000	5.000	5.000	12.720	444.570	194.880	89.320	728.770	12.720		
12.730	0.000	0.000	5.000	5.000	12.730	412.090	203.000	103.530	718.620	12.730		
12.740	0.000	0.000	5.000	5.000	12.740	373.520	209.090	119.770	702.380	12.740		
12.750	0.000	0.000	5.000	5.000	12.750	332.500	216.790	134.330	683.620	12.750		
12.760	0.000	0.000	2.500	2.500	12.760	289.940	219.450	148.960	658.350	12.760		
12.770	0.000	0.000	2.500	2.500	12.770	254.030	222.110	162.260	638.400	12.770		
12.780	0.000	0.000	2.500	2.500	12.780	219.450	224.770	174.230	618.450	12.780		
12.790	0.000	0.000	2.500	2.500	12.790	184.870	227.430	186.200	598.500	12.790		
12.800	0.000	0.000	2.500	2.500	12.800	151.620	227.430	199.500	578.550	12.800		
12.810	0.000	0.000	2.500	2.500	12.810	119.700	227.430	208.810	555.940	12.810		
12.820	0.000	0.000	2.500	2.500	12.820	94.430	224.770	219.450	538.650	12.820		
12.830	0.000	0.000	2.500	2.500	12.830	71.820	224.770	228.760	525.350	12.830		
12.840	0.000	2.500	2.500	5.000	12.840	57.190	222.110	236.740	516.040	12.840		
12.850	0.000	2.500	2.500	5.000	12.850	46.550	216.790	244.720	508.060	12.850		
12.860	0.000	2.500	2.500	5.000	12.860	37.240	211.470	251.370	500.080	12.860		
12.870	0.000	0.000	0.000	0.000	12.870	26.600	207.480	256.690	490.770	12.870		
12.880	0.000	2.500	2.500	5.000	12.880	17.290	199.500	267.330	484.120	12.880		
12.890	0.000	2.500	2.500	5.000	12.890	9.310	188.860	271.320	469.490	12.890		
12.900	0.000	2.500	2.500	5.000	12.900	0.000	180.600	281.220	461.820	12.900		
12.910	0.000	2.500	2.500	5.000	12.910	0.000	167.700	286.380	454.080	12.910		
12.920	0.000	0.000	0.000	0.000	12.920	0.000	162.540	296.700	459.240	12.920		
12.930	0.000	2.500	2.500	5.000	12.930	0.000	154.800	307.020	461.820	12.930		
12.940	0.000	0.000	0.000	0.000	12.940	0.000	147.060	317.340	464.400	12.940		
12.950	0.000	0.000	0.000	0.000	12.950	0.000	139.320	335.400	474.720	12.950		
12.960	0.000	0.000	0.000	0.000	12.960	0.000	126.420	358.620	485.040	12.960		
12.970	0.000	0.000	0.000	0.000	12.970	0.000	118.680	389.580	508.260	12.970		
12.980	2.500	0.000	0.000	2.500	12.980	0.000	105.780	420.540	526.320	12.980		
12.990	2.500	0.000	0.000	2.500	12.990	0.000	98.040	459.240	557.280	12.990		
13.000	2.500	2.500	0.000	5.000	13.000	0.000	92.880	495.360	588.240	13.000		
13.010	2.500	0.000	0.000	2.500	13.010	0.000	87.720	539.220	626.940	13.010		
13.020	4.920	1.640	0.000	6.560	13.020	0.000	82.560	575.340	657.900	13.020		
13.030	4.920	1.640	0.000	6.560	13.030	0.000	79.980	611.460	691.440	13.030		
13.040	6.560	1.640	0.000	8.200	13.040	0.000	72.240	645.000	717.240	13.040		
13.050	6.560	1.640	0.000	8.200	13.050	0.000	66.930	680.940	747.870	13.050		
13.060	9.840	0.000	0.000	9.840	13.060	0.000	61.110	707.130	768.240	13.060		
13.070	9.840	1.640	0.000	11.480	13.070	0.000	55.290	721.680	776.970	13.070		
13.080	9.840	1.640	0.000	11.480	13.080	0.000	49.470	727.500	776.970	13.080		
13.090	9.840	1.640	0.000	11.480	13.090	0.000	43.650	721.680	765.330	13.090		
13.100	9.840	0.000	0.000	9.840	13.100	0.000	37.830	701.310	739.140	13.100		
13.110	9.840	0.000	0.000	9.840	13.110	0.000	34.920	669.300	704.220	13.110		
13.120	1.640	6.560	31.160	39.360	13.120	0.000	32.010	628.560	660.570	13.120		
13.130	0.000	9.840	116.440	126.280	13.130	0.000	26.190	567.450	593.640	13.130		
13.140	0.000	11.480	221.400	232.880	13.140	0.000	17.460	491.790	509.250	13.140		
13.150	0.000	14.760	301.760	316.520	13.150	0.000	11.640	398.670	410.310	13.150		
13.160	0.000	21.320	410.000	431.320	13.160	0.000	0.000	299.730	299.730	13.160		
13.170	0.000	34.190	533.890	568.080	13.170	0.000	0.000	197.880	197.880	13.170		
13.180	2.630	49.970	607.530	660.130	13.180	0.000	0.000	122.220	122.220	13.180		
13.190	2.630	71.010	646.980	720.620	13.190	0.000	0.000	72.750	72.750	13.190		
13.200	2.630	99.940	657.500	760.070	13.200	0.000	0.000	45.000	45.000	13.200		
13.210	5.260	126.240	644.350	775.850	13.210	0.000	0.000	29.880	29.880	13.210		
13.220	7.890	149.910	620.680	778.480	13.220	0.000	0.000	22.500	22.500	13.220		
13.230	13.150	178.840	591.750	783.740	13.230	0.000	0.000	17.460	17.460	13.230		
13.240	23.670	205.140	557.560	786.370	13.240	0.000	0.000	12.420	12.420	13.240		
13.250	34.190	228.810	515.480	778.480	13.250	0.000	0.000	14.940	14.940	13.250		
13.260	47.340	252.480	473.400	773.220	13.260	0.000	0.000	12.420	12.420	13.260		
13.270	60.490	265.630	423.430	749.550	13.270	0.000	0.000	12.420	12.420	13.270		
13.280	81.530	273.520	376.090	731.140	13.280	0.000	0.000	9.900	9.900	13.280		
13.290	99.940	278.780	328.750	707.470	13.290	0.000	0.000	12.420	12.420	13.290		
13.300	113.090	273.520	278.780	665.390	13.300	0.000	0.000	9.900	9.900	13.300		
13.310	128.870	268.260	231.440	628.570	13.310	0.000	0.000	9.900	9.900	13.310		
13.320	144.450	258.940	184.040	587.430	13.320	0.000	0.000	9.900	9.900	13.320		
13.330	159.430	247.170	142.310	548.910	13.330	0.000	0.000	7.380	7.380	13.330		
13.340	172.270	232.190	109.140	513.600	13.340	0.000	0.000	7.380	7.380	13.340		
13.350	184.040	217.210	79.180	480.430	13.350	0.000	0.000	7.500	7.500	13.350		
13.360	196.880	202.230	59.920	459.030	13.360	0.000	0.000	4.980	4.980	13.360		
13.370	209.720	184.040	44.940	438.700	13.370	0.000	0.000	4.980	4.980	13.370		
13.380	219.350	166.920	34.240	420.510	13.380	0.000	0.000	4.980	4.980	13.380		
13.390	228.980	151.940	24.610	405.530	13.390	0.000	0.000	4.980	4.980	13.390		
13.400	239.680	136.960	17.120	393.760	13.400	0.000	0.000	0.000	0.000	13.400		
13.410	247.170	124.120	9.630	380.920	13.410	0.000	0.000	2.490	2.490	13.410		
13.420	251.450	112.350	7.490	371.290	13.420	0.000	0.000	0.000	0.000	13.420		
13.430	256.800	101.650	4.280	362.730	13.430	0.000	0.000	2.490	2.490	13.430		
13.440	258.940	92.020	2.140	353.100	13.440	0.000	0.000	2.490	2.490	13.440		
13.450	262.150	82.390	2.140	346.680	13.450	0.000	0.000	0.000	0.000	13.450		
13.460	267.500	74.900	0.000	342.400	13.460	0.000	0.000	0.000	0.000	13.460		
13.470	271.560	65.700	0.000	337.260	13.470	0.000	0.000	0.000	0.000	13.470		
13.480	278.130	61.320	0.000	339.450	13.480	0.000	0.000	0.000	0.000	13.480		
13.490	289.080	59.130	0.000	348.210	13.490	0.000	0.000	0.000	0.000	13.490		
13.500	302.220	56.940	0.000	359.160	13.500	0.000	0.000	0.000	0.000	13.500		
13.510	319.740	56.940	0.000	376.680	13.510	0.000	0.000	0.000	0.000	13.510		
13.520	339.450	56.940	0.000	396.390	13.520	0.000	0.000	0.000	0.000	13.520		
13.530	361.350	56.940	0.000	418.290	13.530	0.000	0.000	0.000	0.000	13.530		
13.540	389.820	56.940	0.000	446.760	13.540	0.000	0.000	0.000	0.000	13.540		
13.550	413.910	54.750	0.000	468.660	13.550	0.000	0.000	0.000	0.000	13.550		
13.560	442.380	54.750	0.000	497.130	13.560	0.000	0.000	2.500	2.500	13.560		
13.570	466.470	50.370	0.000	516.840	13.570	0.000	0.000	2.500	2.500	13.570		
13.580	490.560	45.990	0.000	536.550	13.580	0.000	0.000	2.500	2.500	13.580		
13.590	514.650	43.800	0.000	558.450	13.590	0.000	0.000	2.500	2.500	13.590		
13.600	534.360	37.230	0.000	571.590	13.600	0.000	0.000	0.000	0.000	13.600		
13.610	547.500	28.470	0.000	575.970	13.610	0.000	0.000	0.000	0.000	13.610		
13.620	555.000	22.200	0.000	577.200	13.620	0.000	0.000	0.000	0.000	13.620		
13.630	548.340	13.320	0.000	561.660	13.630	0.000	0.000	0.000	0.000	13.630		
13.640	537.240	6.660	0.000	543.900	13.640	10.000	12.500	0.000	22.500	13.640		
13.650	519.480	2.220	0.000	521.700	13.650	71.400	8.400	0.000	79.800	13.650		
13.660	488.400	0.000	0.000	488.400	13.660	134.400	4.200	0.000	138.600	13.660		
13.670	446.220	0.000	0.000	446.220	13.670	176.400	4.200	0.000	180.600	13.670		
13.680	390.720	0.000	0.000	390.720	13.680	231.000	6.300	0.000	237.300	13.680		
13.690	328.560	0.000	0.000	328.560	13.690	306.600	8.400	0.000	315.000	13.690		
13.700	261.960	0.000	0.000	261.960	13.700	371.700	16.800	0.000	388.500	13.700		
13.710	193.140	0.000	0.000	193.140	13.710	441.000	31.500	2.100	474.600	13.710		
13.720	128.760	0.000	0.000	128.760	13.720	491.400	56.700	10.500	558.600	13.720		
13.730	75.480	0.000	0.000	75.480	13.730	518.700	84.000	16.800	619.500	13.730		
13.740	44.400	0.000	0.000	44.400	13.740	525.000	111.300	27.300	663.600	13.740		
13.750	26.640	2.220	0.000	28.860	13.750	518.700	138.600	35.700	693.000	13.750		
13.760	11.100	4.440	0.000	15.540	13.760	506.100	163.800	48.300	718.200	13.760		
13.770	10.000	5.000	2.480	17.480	13.770	489.300	180.600	63.000	732.900	13.770		
13.780	7.480	2.480	0.000	9.960	13.780	464.100	193.200	81.900	739.200	13.780		
13.790	7.480	5.000	0.000	12.480	13.790	434.700	203.700	98.700	737.100	13.790		
13.800	5.000	2.480	0.000	7.480	13.800	387.500	212.350	122.450	722.300	13.800		
13.810	5.000	5.000	0.000	10.000	13.810	339.450	213.900	141.050	694.400	13.810		
13.820	2.480	2.480	0.000	4.960	13.820	296.050	213.900	156.550	666.500	13.820		
13.830	2.480	2.480	0.000	4.960	13.830	257.300	212.350	172.050	641.700	13.830		
13.840	2.480	2.480	0.000	4.960	13.840	218.550	206.150	186.000	610.700	13.840		
13.850	0.000	2.480	0.000	2.480	13.850	181.350	199.950	199.950	581.250	13.850		
13.860	2.480	2.480	0.000	4.960	13.860	147.250	186.000	213.900	547.150	13.860		
13.870	0.000	2.480	0.000	2.480	13.870	114.700	176.700	226.300	517.700	13.870		
13.880	0.000	5.000	0.000	5.000	13.880	86.800	167.400	241.800	496.000	13.880		
13.890	0.000	2.480	0.000	2.480	13.890	66.650	155.000	254.200	475.850	13.890		
13.900	0.000	2.480	0.000	2.480	13.900	49.600	144.150	269.700	463.450	13.900		
13.910	0.000	2.480	0.000	2.480	13.910	37.200	131.750	279.000	447.950	13.910		
13.920	0.000	2.500	0.000	2.500	13.920	29.450	119.350	291.400	440.200	13.920		
13.930	0.000	5.000	0.000	5.000	13.930	18.600	106.950	303.800	429.350	13.930		
13.940	0.000	2.500	0.000	2.500	13.940	12.400	96.100	314.650	423.150	13.940		
13.950	0.000	2.500	0.000	2.500	13.950	4.860	87.480	323.190	415.530	13.950		
13.960	0.000	5.000	0.000	5.000	13.960	2.430	77.760	332.910	413.100	13.960		
13.970	0.000	2.500	0.000	2.500	13.970	0.000	70.470	347.490	417.960	13.970		
13.980	0.000	5.000	0.000	5.000	13.980	0.000	68.040	357.210	425.250	13.980		
13.990	0.000	2.500	0.000	2.500	13.990	0.000	63.180	369.360	432.540	13.990		
14.000	0.000	2.500	0.000	2.500	14.000	0.000	60.750	381.510	442.260	14.000		
14.010	0.000	2.500	0.000	2.500	14.010	0.000	58.320	396.090	454.410	14.010		
14.020	0.000	2.500	0.000	2.500	14.020	0.000	55.890	415.530	471.420	14.020		
14.030	0.000	5.000	0.000	5.000	14.030	0.000	55.890	439.830	495.720	14.030		
14.040	0.000	5.000	0.000	5.000	14.040	0.000	51.030	459.270	510.300	14.040		
14.050	0.000	2.500	0.000	2.500	14.050	0.000	53.460	483.570	537.030	14.050		
14.060	0.000	2.500	0.000	2.500	14.060	0.000	51.030	512.730	563.760	14.060		
14.070	0.000	2.250	0.000	2.250	14.070	0.000	48.600	541.890	590.490	14.070		
14.080	0.000	4.500	0.000	4.500	14.080	0.000	46.170	571.050	617.220	14.080		
14.090	2.250	4.500	0.000	6.750	14.090	0.000	46.170	607.500	653.670	14.090		
14.100	0.000	4.500	0.000	4.500	14.100	0.000	42.000	642.000	684.000	14.100		
14.110	2.250	7.500	0.000	9.750	14.110	0.000	39.000	669.000	708.000	14.110		
14.120	4.500	7.500	0.000	12.000	14.120	0.000	36.000	696.000	732.000	14.120		
14.130	4.500	7.500	0.000	12.000	14.130	0.000	33.000	720.000	753.000	14.130		
14.140	4.500	4.500	0.000	9.000	14.140	0.000	30.000	735.000	765.000	14.140		
14.150	2.250	4.500	0.000	6.750	14.150	0.000	21.000	744.000	765.000	14.150		
14.160	2.250	4.500	0.000	6.750	14.160	0.000	15.000	750.000	765.000	14.160		
14.170	0.000	4.500	0.000	4.500	14.170	0.000	9.000	744.000	753.000	14.170		
14.180	0.000	7.500	4.500	12.000	14.180	0.000	6.000	735.000	741.000	14.180		
14.190	0.000	12.000	34.500	46.500	14.190	0.000	3.000	714.000	717.000	14.190		
14.200	0.000	15.000	117.000	132.000	14.200	0.000	0.000	684.000	684.000	14.200		
14.210	0.000	17.250	187.500	204.750	14.210	0.000	0.000	636.000	636.000	14.210		
14.220	0.000	19.040	249.900	268.940	14.220	0.000	0.000	570.000	570.000	14.220		
14.230	2.380	23.800	328.440	354.620	14.230	0.000	0.000	495.000	495.000	14.230		
14.240	2.380	33.320	402.220	437.920	14.240	0.000	0.000	411.000	411.000	14.240		
14.250	4.760	45.220	461.720	511.700	14.250	0.000	0.000	300.000	300.000	14.250		
14.260	7.140	64.260	514.080	585.480	14.260	0.000	0.000	196.800	196.800	14.260		
14.270	7.140	85.680	554.540	647.360	14.270	0.000	0.000	120.000	120.000	14.270		
14.280	9.520	114.240	578.340	702.100	14.280	0.000	0.000	69.600	69.600	14.280		
14.290	9.520	140.420	595.000	744.940	14.290	0.000	0.000	44.400	44.400	14.290		
14.300	11.900	166.600	595.000	773.500	14.300	0.000	0.000	30.000	30.000	14.300		
14.310	16.660	190.400	583.100	790.160	14.310	0.000	0.000	24.000	24.000	14.310		
14.320	21.420	214.200	564.060	799.680	14.320	0.000	0.000	16.800	16.800	14.320		
14.330	28.560	233.240	530.740	792.540	14.330	0.000	0.000	14.400	14.400	14.330		
14.340	40.460	249.900	490.280	780.640	14.340	0.000	0.000	14.400	14.400	14.340		
14.350	54.740	259.420	442.680	756.840	14.350	0.000	0.000	14.400	14.400	14.350		
14.360	69.020	264.180	390.320	723.520	14.360	0.000	0.000	12.000	12.000	14.360		
14.370	81.740	261.300	335.000	678.040	14.370	0.000	0.000	12.000	12.000	14.370		
14.380	93.800	259.960	284.080	637.840	14.380	0.000	0.000	12.000	12.000	14.380		
14.390	104.520	254.600	239.860	598.980	14.390	0.000	0.000	9.600	9.600	14.390		
14.400	116.580	246.560	191.620	554.760	14.400	0.000	0.000	7.500	7.500	14.400		
14.410	131.320	234.500	151.420	517.240	14.410	0.000	0.000	7.500	7.500	14.410		
14.420	142.040	226.460	116.580	485.080	14.420	0.000	0.000	7.500	7.500	14.420		
14.430	154.100	219.760	89.780	463.640	14.430	0.000	0.000	7.500	7.500	14.430		
14.440	167.500	209.040	69.680	446.220	14.440	0.000	0.000	4.980	4.980	14.440		
14.450	176.880	202.340	52.260	431.480	14.450	0.000	0.000	4.980	4.980	14.450		
14.460	186.260	194.300	41.540	422.100	14.460	0.000	0.000	4.980	4.980	14.460		
14.470	199.660	186.260	34.840	420.760	14.470	0.000	0.000	2.490	2.490	14.470		
14.480	211.720	179.560	29.480	420.760	14.480	0.000	0.000	2.490	2.490	14.480		
14.490	222.440	171.520	18.760	412.720	14.490	0.000	0.000	2.490	2.490	14.490		
14.500	231.820	167.500	14.740	414.060	14.500	0.000	0.000	0.000	0.000	14.500		
14.510	243.880	159.460	6.700	410.040	14.510	0.000	0.000	2.490	2.490	14.510		
14.520	254.030	154.710	5.730	414.470	14.520	0.000	0.000	2.490	2.490	14.520		
14.530	263.580	147.070	1.910	412.560	14.530	0.000	0.000	0.000	0.000	14.530		
14.540	271.220	139.430	1.910	412.560	14.540	0.000	0.000	0.000	0.000	14.540		
14.550	280.770	133.700	0.000	414.470	14.550	0.000	0.000	0.000	0.000	14.550		
14.560	288.410	129.880	0.000	418.290	14.560	0.000	0.000	0.000	0.000	14.560		
14.570	299.870	122.240	0.000	422.110	14.570	0.000	0.000	0.000	0.000	14.570		
14.580	311.330	116.510	0.000	427.840	14.580	0.000	0.000	0.000	0.000	14.580		
14.590	326.610	114.600	0.000	441.210	14.590	0.000	0.000	0.000	0.000	14.590		
14.600	339.980	108.870	0.000	448.850	14.600	0.000	0.000	0.000	0.000	14.600		
14.610	357.170	106.960	0.000	464.130	14.610	0.000	0.000	0.000	0.000	14.610		
14.620	374.360	103.140	0.000	477.500	14.620	0.000	0.000	0.000	0.000	14.620		
14.630	397.280	99.320	0.000	496.600	14.630	0.000	0.000	0.000	0.000	14.630		
14.640	424.020	99.320	0.000	523.340	14.640	0.000	0.000	0.000	0.000	14.640		
14.650	454.580	93.590	0.000	548.170	14.650	0.000	0.000	0.000	0.000	14.650		
14.660	477.500	89.770	0.000	567.270	14.660	0.000	0.000	2.500	2.500	14.660		
14.670	503.980	83.620	0.000	587.600	14.670	0.000	2.500	2.500	5.000	14.670		
14.680	522.060	74.580	0.000	596.640	14.680	0.000	2.500	2.500	5.000	14.680		
14.690	542.400	65.540	0.000	607.940	14.690	0.000	0.000	0.000	0.000	14.690		
14.700	553.700	56.500	0.000	610.200	14.700	0.000	0.000	1.770	1.770	14.700		
14.710	565.000	47.460	0.000	612.460	14.710	0.000	0.000	0.000	0.000	14.710		
14.720	565.000	38.420	0.000	603.420	14.720	0.000	0.000	0.000	0.000	14.720		
14.730	565.000	31.640	0.000	596.640	14.730	3.540	7.080	0.000	10.620	14.730		
14.740	555.960	20.340	0.000	576.300	14.740	38.940	8.850	0.000	47.790	14.740		
14.750	542.400	13.560	0.000	555.960	14.750	88.500	7.080	0.000	95.580	14.750		
14.760	513.020	6.780	0.000	519.800	14.760	122.130	3.540	0.000	125.670	14.760		
14.770	479.120	2.260	0.000	481.380	14.770	152.220	7.080	0.000	159.300	14.770		
14.780	433.920	0.000	0.000	433.920	14.780	196.470	7.080	0.000	203.550	14.780		
14.790	386.460	0.000	0.000	386.460	14.790	249.570	8.850	0.000	258.420	14.790		
14.800	320.920	0.000	0.000	320.920	14.800	299.130	12.390	0.000	311.520	14.800		
14.810	255.380	0.000	0.000	255.380	14.810	359.310	26.550	0.000	385.860	14.810		
14.820	180.000	0.000	0.000	180.000	14.820	407.100	51.330	7.080	465.510	14.820		
14.830	114.480	0.000	0.000	114.480	14.830	433.650	74.340	19.470	527.460	14.830		
14.840	74.880	0.000	0.000	74.880	14.840	442.500	99.120	28.320	569.940	14.840		
14.850	46.800	0.000	0.000	46.800	14.850	445.000	129.940	49.840	624.780	14.850		
14.860	34.560	2.160	0.000	36.720	14.860	434.320	149.520	71.200	655.040	14.860		
14.870	24.480	2.160	0.000	26.640	14.870	414.740	167.320	94.340	676.400	14.870		
14.880	17.280	4.320	0.000	21.600	14.880	389.820	183.340	117.480	690.640	14.880		
14.890	14.400	4.320	0.000	18.720	14.890	364.900	195.800	142.400	703.100	14.890		
14.900	12.240	2.160	0.000	14.400	14.900	334.640	208.260	161.980	704.880	14.900		
14.910	9.360	4.320	0.000	13.680	14.910	304.380	217.160	183.340	704.880	14.910		
14.920	7.200	4.320	0.000	11.520	14.920	274.120	218.940	204.700	697.760	14.920		
14.930	7.200	4.320	0.000	11.520	14.930	242.080	217.160	222.500	681.740	14.930		
14.940	7.200	4.320	0.000	11.520	14.940	208.260	213.600	238.520	660.380	14.940		
14.950	4.320	2.160	0.000	6.480	14.950	176.220	206.480	256.320	639.020	14.950		
14.960	4.320	2.160	0.000	6.480	14.960	142.400	195.800	275.900	614.100	14.960		
14.970	5.000	2.500	0.000	7.500	14.970	112.140	183.340	293.700	589.180	14.970		
14.980	5.000	2.500	0.000	7.500	14.980	83.660	170.880	309.720	564.260	14.980		
14.990	5.000	2.500	0.000	7.500	14.990	64.080	158.420	323.960	546.460	14.990		
15.000	2.500	2.500	0.000	5.000	15.000	45.000	142.200	343.800	531.000	15.000		
15.010	2.500	2.500	0.000	5.000	15.010	34.200	131.400	356.400	522.000	15.010		
15.020	2.500	2.500	0.000	5.000	15.020	27.000	117.000	363.600	507.600	15.020		
15.030	2.500	2.500	0.000	5.000	15.030	19.800	104.400	374.400	498.600	15.030		
15.040	0.000	2.500	0.000	2.500	15.040	10.800	97.200	381.600	489.600	15.040		
15.050	2.500	2.500	0.000	5.000	15.050	3.600	90.000	387.000	480.600	15.050		
15.060	2.500	2.500	0.000	5.000	15.060	1.800	81.000	392.400	475.200	15.060		
15.070	0.000	2.500	0.000	2.500	15.070	0.000	73.800	396.000	469.800	15.070		
15.080	0.000	2.500	0.000	2.500	15.080	0.000	68.400	401.400	469.800	15.080		
15.090	0.000	2.500	0.000	2.500	15.090	0.000	64.800	405.000	469.800	15.090		
15.100	0.000	2.500	0.000	2.500	15.100	0.000	61.200	408.600	469.800	15.100		
15.110	0.000	2.500	0.000	2.500	15.110	0.000	59.400	414.000	473.400	15.110		
15.120	0.000	2.490	0.000	2.490	15.120	0.000	55.800	421.200	477.000	15.120		
15.130	0.000	4.980	0.000	4.980	15.130	0.000	54.000	432.000	486.000	15.130		
15.140	0.000	4.980	0.000	4.980	15.140	0.000	54.000	450.000	504.000	15.140		
15.150	0.000	2.490	0.000	2.490	15.150	0.000	50.220	468.720	518.940	15.150		
15.160	0.000	2.490	0.000	2.490	15.160	0.000	47.430	485.460	532.890	15.160		
15.170	0.000	4.980	0.000	4.980	15.170	0.000	47.430	504.990	552.420	15.170		
15.180	0.000	2.490	0.000	2.490	15.180	0.000	47.430	524.520	571.950	15.180		
15.190	2.490	4.980	0.000	7.470	15.190	0.000	47.430	538.470	585.900	15.190		
15.200	2.490	2.490	0.000	4.980	15.200	0.000	44.640	552.420	597.060	15.200		
15.210	4.980	4.980	0.000	9.960	15.210	0.000	41.850	571.950	613.800	15.210		
15.220	2.490	4.980	0.000	7.470	15.220	0.000	39.060	588.690	627.750	15.220		
15.230	4.980	7.500	0.000	12.480	15.230	0.000	39.060	611.010	650.070	15.230		
15.240	7.500	7.500	0.000	15.000	15.240	0.000	36.270	630.540	666.810	15.240		
15.250	7.500	7.500	0.000	15.000	15.250	0.000	36.270	650.070	686.340	15.250		
15.260	7.500	7.500	0.000	15.000	15.260	0.000	33.480	669.600	703.080	15.260		
15.270	3.780	3.780	0.000	7.560	15.270	0.000	30.690	680.760	711.450	15.270		
15.280	1.890	5.670	0.000	7.560	15.280	0.000	25.110	694.710	719.820	15.280		
15.290	1.890	5.670	0.000	7.560	15.290	0.000	22.320	697.500	719.820	15.290		
15.300	1.890	3.780	0.000	5.670	15.300	0.000	16.800	700.000	716.800	15.300		
15.310	0.000	11.340	3.780	15.120	15.310	0.000	14.000	694.400	708.400	15.310		
15.320	0.000	18.900	24.570	43.470	15.320	0.000	11.200	683.200	694.400	15.320		
15.330	0.000	20.790	73.710	94.500	15.330	0.000	8.400	666.400	674.800	15.330		
15.340	0.000	20.790	128.520	149.310	15.340	0.000	5.600	644.000	649.600	15.340		
15.350	0.000	20.790	173.880	194.670	15.350	0.000	2.800	610.400	613.200	15.350		
15.360	1.890	26.460	232.470	260.820	15.360	0.000	0.000	562.800	562.800	15.360		
15.370	3.780	32.130	298.620	334.530	15.370	0.000	0.000	506.800	506.800	15.370		
15.380	3.780	39.690	359.100	402.570	15.380	0.000	0.000	431.200	431.200	15.380		
15.390	5.670	56.700	415.800	478.170	15.390	0.000	0.000	350.000	350.000	15.390		
15.400	11.340	77.490	453.600	542.430	15.400	0.000	0.000	263.200	263.200	15.400		
15.410	13.230	98.280	472.500	584.010	15.410	0.000	0.000	182.000	182.000	15.410		
15.420	17.280	128.640	480.000	625.920	15.420	0.000	0.000	112.000	112.000	15.420		
15.430	24.960	159.360	480.000	664.320	15.430	0.000	0.000	64.400	64.400	15.430		
15.440	28.800	184.320	474.240	687.360	15.440	0.000	0.000	42.000	42.000	15.440		
15.450	42.240	201.600	460.800	704.640	15.450	0.000	0.000	30.000	30.000	15.450		
15.460	53.760	211.200	443.520	708.480	15.460	0.000	0.000	22.440	22.440	15.460		
15.470	67.200	220.800	422.400	710.400	15.470	0.000	0.000	19.920	19.920	15.470		
15.480	76.800	228.480	389.760	695.040	15.480	0.000	0.000	15.000	15.000	15.480		
15.490	92.160	240.000	357.120	689.280	15.490	0.000	0.000	12.480	12.480	15.490		
15.500	103.680	243.840	320.640	668.160	15.500	0.000	0.000	12.480	12.480	15.500		
15.510	117.120	245.760	286.080	648.960	15.510	0.000	0.000	12.480	12.480	15.510		
15.520	132.480	245.760	251.520	629.760	15.520	0.000	0.000	12.480	12.480	15.520		
15.530	145.920	243.840	216.960	606.720	15.530	0.000	0.000	9.960	9.960	15.530		
15.540	161.280	236.160	184.320	581.760	15.540	0.000	0.000	9.960	9.960	15.540		
15.550	176.640	224.640	149.760	551.040	15.550	0.000	0.000	9.960	9.960	15.550		
15.560	193.920	211.200	119.040	524.160	15.560	0.000	0.000	9.960	9.960	15.560		
15.570	211.500	201.630	91.650	504.780	15.570	0.000	0.000	9.960	9.960	15.570		
15.580	224.190	191.760	74.730	490.680	15.580	0.000	0.000	7.440	7.440	15.580		
15.590	241.110	176.250	56.400	473.760	15.590	0.000	0.000	7.440	7.440	15.590		
15.600	253.800	166.380	46.530	466.710	15.600	0.000	0.000	7.500	7.500	15.600		
15.610	266.490	153.690	36.660	456.840	15.610	0.000	0.000	4.980	4.980	15.610		
15.620	276.360	143.820	29.610	449.790	15.620	0.000	0.000	4.980	4.980	15.620		
15.630	289.050	136.770	21.150	446.970	15.630	0.000	0.000	4.980	4.980	15.630		
15.640	301.740	129.720	16.920	448.380	15.640	0.000	0.000	2.490	2.490	15.640		
15.650	311.610	121.260	11.280	444.150	15.650	0.000	0.000	2.490	2.490	15.650		
15.660	318.660	114.210	7.050	439.920	15.660	0.000	0.000	2.490	2.490	15.660		
15.670	327.120	107.160	7.050	441.330	15.670	0.000	0.000	2.490	2.490	15.670		
15.680	329.940	101.520	4.230	435.690	15.680	0.000	0.000	0.000	0.000	15.680		
15.690	336.990	98.700	4.230	439.920	15.690	0.000	0.000	0.000	0.000	15.690		
15.700	344.040	97.290	1.410	442.740	15.700	0.000	0.000	2.490	2.490	15.700		
15.710	352.500	91.650	1.410	445.560	15.710	0.000	0.000	0.000	0.000	15.710		
15.720	362.480	88.320	0.000	450.800	15.720	0.000	0.000	0.000	0.000	15.720		
15.730	371.680	84.640	0.000	456.320	15.730	0.000	0.000	0.000	0.000	15.730		
15.740	379.040	80.960	0.000	460.000	15.740	0.000	0.000	0.000	0.000	15.740		
15.750	386.400	80.960	0.000	467.360	15.750	0.000	0.000	0.000	0.000	15.750		
15.760	391.920	79.120	0.000	471.040	15.760	0.000	0.000	0.000	0.000	15.760		
15.770	397.440	77.280	0.000	474.720	15.770	0.000	0.000	0.000	0.000	15.770		
15.780	401.120	73.600	0.000	474.720	15.780	0.000	0.000	2.500	2.500	15.780		
15.790	406.640	73.600	0.000	480.240	15.790	0.000	0.000	0.000	0.000	15.790		
15.800	414.000	71.760	0.000	485.760	15.800	0.000	0.000	0.000	0.000	15.800		
15.810	421.360	71.760	0.000	493.120	15.810	0.000	0.000	2.500	2.500	15.810		
15.820	432.400	69.920	0.000	502.320	15.820	0.000	0.000	2.500	2.500	15.820		
15.830	439.760	69.920	0.000	509.680	15.830	0.000	0.000	0.000	0.000	15.830		
15.840	447.120	66.240	0.000	513.360	15.840	0.000	2.500	0.000	2.500	15.840		
15.850	454.480	64.400	0.000	518.880	15.850	0.000	2.500	2.500	5.000	15.850		
15.860	460.000	58.880	0.000	518.880	15.860	0.000	2.500	2.500	5.000	15.860		
15.870	466.050	56.550	0.000	522.600	15.870	0.000	2.500	2.500	5.000	15.870		
15.880	471.900	50.700	0.000	522.600	15.880	0.000	2.500	2.500	5.000	15.880		
15.890	475.800	46.800	0.000	522.600	15.890	0.000	2.500	5.000	7.500	15.890		
15.900	479.700	44.850	0.000	524.550	15.900	0.000	1.280	1.280	2.560	15.900		
15.910	483.600	40.950	0.000	524.550	15.910	0.000	1.280	1.280	2.560	15.910		
15.920	487.500	37.050	0.000	524.550	15.920	0.000	1.280	1.280	2.560	15.920		
15.930	487.500	33.150	0.000	520.650	15.930	0.000	3.840	1.280	5.120	15.930		
15.940	487.500	29.250	0.000	516.750	15.940	0.000	3.840	1.280	5.120	15.940		
15.950	483.600	21.450	0.000	505.050	15.950	0.000	3.840	0.000	3.840	15.950		
15.960	481.650	15.600	0.000	497.250	15.960	3.840	6.400	1.280	11.520	15.960		
15.970	475.800	11.700	0.000	487.500	15.970	21.760	6.400	0.000	28.160	15.970		
15.980	471.900	9.750	0.000	481.650	15.980	52.480	3.840	0.000	56.320	15.980		
15.990	462.150	5.850	0.000	468.000	15.990	94.720	3.840	0.000	98.560	15.990		
16.000	446.550	3.900	0.000	450.450	16.000	149.760	6.400	0.000	156.160	16.000		
16.010	430.950	1.950	0.000	432.900	16.010	199.680	8.960	0.000	208.640	16.010		
16.020	407.500	0.000	0.000	407.500	16.020	247.040	11.520	0.000	258.560	16.020		
16.030	379.790	0.000	0.000	379.790	16.030	286.720	16.640	0.000	303.360	16.030		
16.040	348.820	0.000	0.000	348.820	16.040	320.000	21.760	0.000	341.760	16.040		
16.050	316.220	0.000	0.000	316.220	16.050	349.450	34.800	8.700	392.950	16.050		
16.060	278.730	0.000	0.000	278.730	16.060	362.500	52.200	14.500	429.200	16.060		
16.070	249.390	0.000	0.000	249.390	16.070	356.700	72.500	26.100	455.300	16.070		
16.080	211.900	0.000	0.000	211.900	16.080	346.550	91.350	36.250	474.150	16.080		
16.090	174.410	0.000	0.000	174.410	16.090	334.950	111.650	56.550	503.150	16.090		
16.100	143.440	0.000	0.000	143.440	16.100	324.800	126.150	73.950	524.900	16.100		
16.110	117.360	0.000	0.000	117.360	16.110	319.000	136.300	89.900	545.200	16.110		
16.120	94.540	0.000	0.000	94.540	16.120	316.100	149.350	101.500	566.950	16.120		
16.130	71.720	0.000	0.000	71.720	16.130	314.650	156.600	111.650	582.900	16.130		
16.140	57.050	0.000	0.000	57.050	16.140	308.850	162.400	118.900	590.150	16.140		
16.150	42.380	0.000	0.000	42.380	16.150	301.600	169.650	129.050	600.300	16.150		
16.160	34.230	1.630	0.000	35.860	16.160	291.450	169.650	134.850	595.950	16.160		
16.170	27.500	2.420	0.000	29.920	16.170	281.300	171.100	139.200	591.600	16.170		
16.180	22.440	2.420	0.000	24.860	16.180	271.150	174.000	142.100	587.250	16.180		
16.190	17.490	2.420	0.000	19.910	16.190	266.800	171.100	145.000	582.900	16.190		
16.200	12.430	2.420	0.000	14.850	16.200	262.500	172.200	147.000	581.700	16.200		
16.210	12.430	2.420	0.000	14.850	16.210	259.350	172.200	149.100	580.650	16.210		
16.220	12.430	2.420	0.000	14.850	16.220	257.250	169.050	147.000	573.300	16.220		
16.230	12.430	2.420	0.000	14.850	16.230	257.250	166.950	147.000	571.200	16.230		
16.240	9.900	2.420	0.000	12.320	16.240	257.250	164.850	144.900	567.000	16.240		
16.250	9.900	2.420	0.000	12.320	16.250	257.250	161.700	144.900	563.850	16.250		
16.260	9.900	2.420	0.000	12.320	16.260	254.100	161.700	141.750	557.550	16.260		
16.270	9.900	2.420	0.000	12.320	16.270	252.000	161.700	141.750	555.450	16.270		
16.280	7.480	4.950	0.000	12.430	16.280	252.000	161.700	139.650	553.350	16.280		
16.290	7.480	2.420	0.000	9.900	16.290	252.000	161.700	139.650	553.350	16.290		
16.300	7.480	2.420	0.000	9.900	16.300	252.000	161.700	139.650	553.350	16.300		
16.310	9.900	4.950	0.000	14.850	16.310	252.000	161.700	139.650	553.350	16.310		
16.320	7.500	2.490	0.000	9.990	16.320	252.000	164.850	139.650	556.500	16.320		
16.330	7.500	4.980	0.000	12.480	16.330	252.000	164.850	139.650	556.500	16.330		
16.340	7.500	2.490	0.000	9.990	16.340	257.250	166.950	139.650	563.850	16.340		
16.350	7.500	2.490	0.000	9.990	16.350	259.350	166.950	139.650	565.950	16.350		
16.360	7.500	2.490	0.000	9.990	16.360	259.350	169.050	139.650	568.050	16.360		
16.370	4.980	4.980	0.000	9.960	16.370	262.500	169.050	139.650	571.200	16.370		
16.380	4.980	4.980	0.000	9.960	16.380	262.500	172.200	141.750	576.450	16.380		
16.390	4.980	2.490	0.000	7.470	16.390	259.350	174.300	144.900	578.550	16.390		
16.400	7.500	2.490	0.000	9.990	16.400	257.250	177.450	149.100	583.800	16.400		
16.410	7.500	2.490	0.000	9.990	16.410	257.250	181.650	152.250	591.150	16.410		
16.420	7.500	2.490	0.000	9.990	16.420	254.100	184.800	157.500	596.400	16.420		
16.430	7.500	2.490	0.000	9.990	16.430	252.000	186.900	159.600	598.500	16.430		
16.440	4.980	2.490	0.000	7.470	16.440	249.900	189.000	164.850	603.750	16.440		
16.450	4.980	2.490	0.000	7.470	16.450	244.650	192.150	166.950	603.750	16.450		
16.460	4.980	2.490	0.000	7.470	16.460	239.400	194.250	174.300	607.950	16.460		
16.470	4.950	2.400	0.000	7.350	16.470	234.150	197.400	179.550	611.100	16.470		
16.480	7.500	4.950	0.000	12.450	16.480	224.700	199.500	186.900	611.100	16.480		
16.490	7.500	4.950	0.000	12.450	16.490	217.350	201.600	194.250	613.200	16.490		
16.500	7.500	4.950	0.000	12.450	16.500	207.050	204.020	207.050	618.120	16.500		
16.510	7.500	2.400	0.000	9.900	16.510	196.950	202.000	212.100	611.050	16.510		
16.520	7.500	4.950	0.000	12.450	16.520	186.850	204.020	219.170	610.040	16.520		
16.530	7.500	4.950	0.000	12.450	16.530	179.780	202.000	229.270	611.050	16.530		
16.540	7.500	4.950	0.000	12.450	16.540	174.730	202.000	234.320	611.050	16.540		
16.550	7.500	4.950	0.000	12.450	16.550	166.650	202.000	239.370	608.020	16.550		
16.560	7.500	4.950	0.000	12.450	16.560	159.580	196.950	247.450	603.980	16.560		
16.570	9.900	7.500	0.000	17.400	16.570	151.500	194.930	249.470	595.900	16.570		
16.580	12.450	7.500	0.000	19.950	16.580	144.430	186.850	252.500	583.780	16.580		
16.590	12.450	4.950	0.000	17.400	16.590	137.360	181.800	252.500	571.660	16.590		
16.600	17.400	4.950	0.000	22.350	16.600	127.260	174.730	249.470	551.460	16.600		
16.610	37.500	4.950	0.000	42.450	16.610	119.180	164.630	249.470	533.280	16.610		
16.620	71.910	1.530	0.000	73.440	16.620	109.080	156.550	244.420	510.050	16.620		
16.630	108.630	1.530	0.000	110.160	16.630	102.010	144.430	239.370	485.810	16.630		
16.640	123.930	1.530	0.000	125.460	16.640	91.910	134.330	234.320	460.560	16.640		
16.650	143.820	1.530	0.000	145.350	16.650	81.900	122.400	225.000	429.300	16.650		
16.660	171.360	6.120	0.000	177.480	16.660	74.700	112.500	216.900	404.100	16.660		
16.670	197.370	9.180	0.000	206.550	16.670	64.800	101.700	204.300	370.800	16.670		
16.680	229.500	12.240	0.000	241.740	16.680	54.900	90.000	199.800	344.700	16.680		
16.690	257.040	13.770	0.000	270.810	16.690	49.500	81.900	189.900	321.300	16.690		
16.700	286.110	16.830	0.000	302.940	16.700	39.600	72.000	177.300	288.900	16.700		
16.710	313.650	19.890	0.000	333.540	16.710	34.200	64.800	167.400	266.400	16.710		
16.720	333.540	24.480	0.000	358.020	16.720	29.700	56.700	159.300	245.700	16.720		
16.730	348.840	29.070	0.000	377.910	16.730	22.500	46.800	146.700	216.000	16.730		
16.740	361.080	33.660	0.000	394.740	16.740	17.100	39.600	135.000	191.700	16.740		
16.750	371.790	39.780	0.000	411.570	16.750	11.700	34.200	122.400	168.300	16.750		
16.760	382.500	44.370	0.000	426.870	16.760	7.200	29.700	109.800	146.700	16.760		
16.770	392.040	48.600	0.000	440.640	16.770	4.500	22.500	97.200	124.200	16.770		
16.780	393.660	53.460	0.000	447.120	16.780	1.800	14.400	84.600	100.800	16.780		
16.790	401.760	59.940	0.000	461.700	16.790	0.000	9.900	74.700	84.600	16.790		
16.800	405.000	66.420	0.000	471.420	16.800	0.000	4.800	60.000	64.800	16.800		
16.810	405.000	71.280	0.000	476.280	16.810	0.000	2.400	49.920	52.320	16.810		
16.820	405.000	81.000	0.000	486.000	16.820	0.000	0.000	34.800	34.800	16.820		
16.830	398.520	89.100	0.000	487.620	16.830	0.000	0.000	27.360	27.360	16.830		
16.840	396.900	98.820	1.620	497.340	16.840	0.000	0.000	17.280	17.280	16.840		
16.850	392.040	108.540	1.620	502.200	16.850	0.000	0.000	7.440	7.440	16.850		
16.860	387.180	116.640	4.860	508.680	16.860	0.000	0.000	2.400	2.400	16.860		
16.870	382.320	126.360	1.620	510.300	16.870	0.000	0.000	0.000	0.000	16.870		
16.880	379.080	134.460	1.620	515.160	16.880	0.000	0.000	0.000	0.000	16.880		
16.890	374.220	140.940	4.860	520.020	16.890	0.000	0.000	0.000	0.000	16.890		
16.900	369.360	149.040	4.860	523.260	16.900	0.000	0.000	0.000	0.000	16.900		
16.910	364.500	153.900	4.860	523.260	16.910	0.000	0.000	0.000	0.000	16.910		
16.920	360.000	159.840	4.320	524.160	16.920	0.000	0.000	0.000	0.000	16.920		
16.930	354.240	161.280	7.200	522.720	16.930	0.000	0.000	0.000	0.000	16.930		
16.940	349.920	164.160	7.200	521.280	16.940	0.000	0.000	0.000	0.000	16.940		
16.950	347.040	167.040	7.200	521.280	16.950	0.000	0.000	0.000	0.000	16.950		
16.960	344.160	167.040	7.200	518.400	16.960	0.000	0.000	0.000	0.000	16.960		
16.970	341.280	169.920	7.200	518.400	16.970	0.000	0.000	0.000	0.000	16.970		
16.980	341.280	169.920	8.640	519.840	16.980	0.000	0.000	0.000	0.000	16.980		
16.990	339.840	167.040	8.640	515.520	16.990	0.000	0.000	0.000	0.000	16.990		
17.000	339.840	167.040	7.200	514.080	17.000	0.000	0.000	0.000	0.000	17.000		
17.010	339.840	164.160	7.200	511.200	17.010	0.000	0.000	0.000	0.000	17.010		
17.020	336.960	164.160	7.200	508.320	17.020	0.000	0.000	0.000	0.000	17.020		
17.030	334.080	167.040	8.640	509.760	17.030	0.000	0.000	0.000	0.000	17.030		
17.040	334.080	167.040	8.640	509.760	17.040	0.000	0.000	0.000	0.000	17.040		
17.050	331.200	169.920	8.640	509.760	17.050	0.000	0.000	0.000	0.000	17.050		
17.060	329.760	171.360	8.640	509.760	17.060	0.000	0.000	0.000	0.000	17.060		
17.070	325.000	176.800	9.100	510.900	17.070	0.000	0.000	0.000	0.000	17.070		
17.080	322.400	182.000	11.700	516.100	17.080	0.000	0.000	0.000	0.000	17.080		
17.090	322.400	184.600	14.300	521.300	17.090	0.000	0.000	0.000	0.000	17.090		
17.100	317.200	189.800	14.300	521.300	17.100	0.000	0.000	0.000	0.000	17.100		
17.110	314.600	195.000	16.900	526.500	17.110	0.000	2.500	0.000	2.500	17.110		
17.120	309.400	201.500	19.500	530.400	17.120	0.000	2.500	0.000	2.500	17.120		
17.130	304.200	206.700	22.100	533.000	17.130	0.000	2.500	0.000	2.500	17.130		
17.140	296.400	214.500	24.700	535.600	17.140	0.000	0.000	0.000	0.000	17.140		
17.150	289.900	222.300	29.900	542.100	17.150	2.500	2.500	0.000	5.000	17.150		
17.160	276.900	227.500	33.800	538.200	17.160	2.500	2.500	0.000	5.000	17.160		
17.170	266.500	231.400	39.000	536.900	17.170	2.500	2.500	0.000	5.000	17.170		
17.180	252.200	239.200	49.400	540.800	17.180	2.500	2.500	0.000	5.000	17.180		
17.190	234.000	244.400	59.800	538.200	17.190	2.500	2.500	0.000	5.000	17.190		
17.200	217.100	249.600	71.500	538.200	17.200	2.500	2.500	0.000	5.000	17.200		
17.210	198.900	252.200	87.100	538.200	17.210	5.000	2.500	0.000	7.500	17.210		
17.220	184.370	254.410	101.970	540.750	17.220	5.000	2.500	0.000	7.500	17.220		
17.230	172.010	254.410	119.480	545.900	17.230	5.000	2.500	0.000	7.500	17.230		
17.240	159.650	257.500	131.840	548.990	17.240	5.000	2.500	0.000	7.500	17.240		
17.250	149.350	257.500	147.290	554.140	17.250	4.800	2.400	0.000	7.200	17.250		
17.260	136.990	254.410	159.650	551.050	17.260	4.800	2.400	0.000	7.200	17.260		
17.270	129.780	249.260	172.010	551.050	17.270	7.440	2.400	0.000	9.840	17.270		
17.280	119.480	247.200	184.370	551.050	17.280	7.440	2.400	0.000	9.840	17.280		
17.290	112.270	242.050	196.730	551.050	17.290	4.800	2.400	0.000	7.200	17.290		
17.300	104.030	239.990	207.030	551.050	17.300	4.800	2.400	0.000	7.200	17.300		
17.310	99.910	236.900	217.330	554.140	17.310	4.800	2.400	0.000	7.200	17.310		
17.320	94.760	231.750	224.540	551.050	17.320	4.800	4.800	0.000	9.600	17.320		
17.330	91.670	231.750	229.690	553.110	17.330	4.800	7.440	2.400	14.640	17.330		
17.340	91.670	231.750	231.750	555.170	17.340	7.440	9.840	4.800	22.080	17.340		
17.350	91.670	229.690	229.690	551.050	17.350	22.320	9.840	4.800	36.960	17.350		
17.360	89.610	226.600	224.540	540.750	17.360	37.440	12.480	7.440	57.360	17.360		
17.370	89.890	222.500	219.830	532.220	17.370	47.280	14.880	14.880	77.040	17.370		
17.380	89.890	214.490	211.820	516.200	17.380	54.960	14.880	19.920	89.760	17.380		
17.390	89.890	209.150	204.700	503.740	17.390	60.000	17.280	22.320	99.600	17.390		
17.400	87.220	199.360	194.910	481.490	17.400	61.880	17.000	29.920	108.800	17.400		
17.410	84.550	192.240	186.900	463.690	17.410	64.600	19.720	31.960	116.280	17.410		
17.420	84.550	184.230	177.110	445.890	17.420	67.320	22.440	34.680	124.440	17.420		
17.430	81.880	177.110	167.320	426.310	17.430	69.360	24.480	37.400	131.240	17.430		
17.440	81.880	169.990	159.310	411.180	17.440	74.800	27.200	42.160	144.160	17.440		
17.450	79.210	164.650	152.190	396.050	17.450	82.280	29.920	46.920	159.120	17.450		
17.460	77.430	154.860	144.180	376.470	17.460	89.760	31.960	49.640	171.360	17.460		
17.470	74.760	149.520	137.060	361.340	17.470	99.960	37.400	54.400	191.760	17.470		
17.480	74.760	142.400	129.940	347.100	17.480	109.480	42.160	59.840	211.480	17.480		
17.490	69.420	134.390	121.930	325.740	17.490	122.400	46.920	67.320	236.640	17.490		
17.500	66.750	129.940	117.480	314.170	17.500	131.920	52.360	72.080	256.360	17.500		
17.510	62.300	121.930	109.470	293.700	17.510	144.840	59.840	76.840	281.520	17.510		
17.520	62.100	115.000	102.120	279.220	17.520	154.360	64.600	82.280	301.240	17.520		
17.530	59.800	109.940	97.060	266.800	17.530	161.840	69.360	87.040	318.240	17.530		
17.540	54.740	102.120	87.400	244.260	17.540	170.000	76.840	94.520	341.360	17.540		
17.550	52.440	92.460	79.580	224.480	17.550	179.270	87.360	104.650	371.280	17.550		
17.560	49.680	84.640	69.920	204.240	17.560	187.460	97.370	114.660	399.490	17.560		
17.570	47.380	77.280	59.800	184.460	17.570	194.740	107.380	119.210	421.330	17.570		
17.580	47.380	69.920	49.680	166.980	17.580	204.750	114.660	129.220	448.630	17.580		
17.590	42.320	59.800	39.560	141.680	17.590	212.030	124.670	137.410	474.110	17.590		
17.600	42.320	52.440	32.200	126.960	17.600	217.490	131.950	144.690	494.130	17.600		
17.610	37.260	44.620	22.080	103.960	17.610	222.040	139.230	154.700	515.970	17.610		
17.620	34.960	39.560	12.420	86.940	17.620	224.770	149.240	161.980	535.990	17.620		
17.630	29.900	34.960	7.360	72.220	17.630	227.500	154.700	171.990	554.190	17.630		
17.640	19.780	27.140	4.600	51.520	17.640	227.500	161.980	179.270	568.750	17.640		
17.650	12.420	22.080	4.600	39.100	17.650	227.500	169.260	187.460	584.220	17.650		
17.660	4.600	17.480	2.300	24.380	17.660	224.770	171.990	194.740	591.500	17.660		
17.670	0.000	10.000	5.000	15.000	17.670	222.040	177.450	202.020	601.510	17.670		
17.680	0.000	10.000	2.480	12.480	17.680	219.310	179.270	207.480	606.060	17.680		
17.690	0.000	7.480	2.480	9.960	17.690	214.760	179.270	214.760	608.790	17.690		
17.700	0.000	7.480	2.480	9.960	17.700	209.250	179.490	216.690	605.430	17.700		
17.710	0.000	7.480	2.480	9.960	17.710	207.390	179.490	219.480	606.360	17.710		
17.720	0.000	7.480	2.480	9.960	17.720	201.810	179.490	222.270	603.570	17.720		
17.730	0.000	7.480	2.480	9.960	17.730	197.160	179.490	224.130	600.780	17.730		
17.740	0.000	7.480	2.480	9.960	17.740	191.580	176.700	224.130	592.410	17.740		
17.750	0.000	7.480	2.480	9.960	17.750	186.930	174.840	224.130	585.900	17.750		
17.760	0.000	7.480	2.480	9.960	17.760	182.280	174.840	226.920	584.040	17.760		
17.770	0.000	5.000	2.480	7.480	17.770	179.490	174.840	226.920	581.250	17.770		
17.780	0.000	5.000	2.480	7.480	17.780	176.700	172.050	226.920	575.670	17.780		
17.790	0.000	5.000	2.480	7.480	17.790	174.840	172.050	229.710	576.600	17.790		
17.800	0.000	2.480	2.480	4.960	17.800	172.050	172.050	229.710	573.810	17.800		
17.810	2.480	2.480	0.000	4.960	17.810	169.260	172.050	232.500	573.810	17.810		
17.820	4.800	2.400	0.000	7.200	17.820	169.260	172.050	232.500	573.810	17.820		
17.830	9.840	2.400	0.000	12.240	17.830	169.260	169.260	229.710	568.230	17.830		
17.840	12.480	2.400	0.000	14.880	17.840	167.400	172.050	229.710	569.160	17.840		
17.850	17.280	4.800	0.000	22.080	17.850	167.440	169.280	230.000	566.720	17.850		
17.860	19.920	7.440	2.400	29.760	17.860	164.680	167.440	227.240	559.360	17.860		
17.870	27.360	9.840	2.400	39.600	17.870	164.680	164.680	227.240	556.600	17.870		
17.880	32.400	14.880	2.400	49.680	17.880	161.920	164.680	224.480	551.080	17.880		
17.890	32.400	22.320	9.840	64.560	17.890	159.160	159.160	221.720	540.040	17.890		
17.900	34.800	32.400	22.320	89.520	17.900	157.320	157.320	217.120	531.760	17.900		
17.910	34.800	39.840	32.400	107.040	17.910	151.800	149.960	211.600	513.360	17.910		
17.920	37.440	47.280	42.480	127.200	17.920	147.200	141.680	207.000	495.880	17.920		
17.930	37.440	52.320	47.280	137.040	17.930	141.680	137.080	202.400	481.160	17.930		
17.940	37.440	54.960	54.960	147.360	17.940	137.080	129.720	194.120	460.920	17.940		
17.950	37.440	57.360	57.360	152.160	17.950	132.480	122.360	186.760	441.600	17.950		
17.960	37.440	60.000	60.000	157.440	17.960	126.960	115.000	176.640	418.600	17.960		
17.970	37.380	59.640	62.160	159.180	17.970	122.360	109.480	172.040	403.880	17.970		
17.980	39.900	62.160	64.680	166.740	17.980	119.600	104.880	167.440	391.920	17.980		
17.990	37.380	62.160	69.720	169.260	17.990	116.840	102.120	161.920	380.880	17.990		
18.000	37.380	62.160	72.240	171.780	18.000	114.660	97.020	157.500	369.180	18.000		
18.010	37.380	64.680	77.280	179.340	18.010	117.180	94.500	154.980	366.660	18.010		
18.020	37.380	67.200	79.800	184.380	18.020	117.180	94.500	152.460	364.140	18.020		
18.030	37.380	69.720	84.840	191.940	18.030	114.660	94.500	152.460	361.620	18.030		
18.040	37.380	72.240	87.360	196.980	18.040	117.180	91.980	149.940	359.100	18.040		
18.050	39.900	72.240	89.880	202.020	18.050	117.180	91.980	149.940	359.100	18.050		
18.060	37.380	74.760	92.400	204.540	18.060	117.180	94.500	149.940	361.620	18.060		
18.070	39.900	74.760	94.920	209.580	18.070	117.180	94.500	147.420	359.100	18.070		
18.080	39.900	74.760	97.440	212.100	18.080	119.700	94.500	147.420	361.620	18.080		
18.090	39.900	77.280	99.960	217.140	18.090	119.700	91.980	147.420	359.100	18.090		
18.100	37.380	77.280	102.480	217.140	18.100	119.700	94.500	147.420	361.620	18.100		
18.110	37.380	77.280	105.000	219.660	18.110	122.220	94.500	144.900	361.620	18.110		
18.120	37.410	77.400	104.920	219.730	18.120	122.220	91.980	144.900	359.100	18.120		
18.130	34.830	74.820	104.920	214.570	18.130	122.220	91.980	142.380	356.580	18.130		
18.140	34.830	77.400	104.920	217.150	18.140	124.740	94.500	139.860	359.100	18.140		
18.150	34.830	74.820	104.920	214.570	18.150	127.100	92.380	139.500	358.980	18.150		
18.160	34.830	74.820	104.920	214.570	18.160	127.100	92.380	139.500	358.980	18.160		
18.170	32.250	74.820	107.500	214.570	18.170	127.100	92.380	137.020	356.500	18.170		
18.180	34.830	72.240	107.500	214.570	18.180	129.580	92.380	137.020	358.980	18.180		
18.190	32.250	74.820	107.500	214.570	18.190	129.580	92.380	137.020	358.980	18.190		
18.200	32.250	72.240	107.500	211.990	18.200	129.580	92.380	137.020	358.980	18.200		
18.210	32.250	72.240	107.500	211.990	18.210	129.580	92.380	137.020	358.980	18.210		
18.220	32.250	72.240	107.500	211.990	18.220	127.100	94.860	141.980	363.940	18.220		
18.230	32.250	72.240	107.500	211.990	18.230	124.620	94.860	139.500	358.980	18.230		
18.240	32.250	74.820	107.500	214.570	18.240	124.620	94.860	141.980	361.460	18.240		
18.250	32.250	72.240	107.500	211.990	18.250	122.140	94.860	144.460	361.460	18.250		
18.260	34.830	72.240	107.500	214.570	18.260	119.660	94.860	146.940	361.460	18.260		
18.270	34.860	74.760	105.000	214.620	18.270	119.660	97.340	146.940	363.940	18.270		
18.280	34.860	72.240	105.000	212.100	18.280	117.180	97.340	151.900	366.420	18.280		
18.290	34.860	72.240	102.480	209.580	18.290	114.700	97.340	155.000	367.040	18.290		
18.300	34.860	72.240	102.480	209.580	18.300	109.900	99.400	157.500	366.800	18.300		
18.310	34.860	72.240	102.480	209.580	18.310	107.100	99.400	159.600	366.100	18.310		
18.320	37.380	72.240	99.960	209.580	18.320	105.000	102.200	162.400	369.600	18.320		
18.330	37.380	72.240	99.960	209.580	18.330	102.200	102.200	167.300	371.700	18.330		
18.340	34.860	72.240	97.440	204.540	18.340	99.400	102.200	167.300	368.900	18.340		
18.350	37.380	72.240	97.440	207.060	18.350	97.300	99.400	167.300	364.000	18.350		
18.360	34.860	72.240	97.440	204.540	18.360	94.500	99.400	169.400	363.300	18.360		
18.370	37.380	72.240	97.440	207.060	18.370	94.500	102.200	172.200	368.900	18.370		
18.380	37.380	72.240	97.440	207.060	18.380	94.500	102.200	175.000	371.700	18.380		
18.390	37.380	72.240	97.440	207.060	18.390	92.400	102.200	175.000	369.600	18.390		
18.400	37.380	74.760	99.960	212.100	18.400	92.400	102.200	172.200	366.800	18.400		
18.410	37.380	72.240	97.440	207.060	18.410	92.400	102.200	175.000	369.600	18.410		
18.420	40.000	72.500	97.500	210.000	18.420	92.400	99.400	175.000	366.800	18.420		
18.430	37.500	75.000	100.000	212.500	18.430	92.400	102.200	175.000	369.600	18.430		
18.440	37.500	75.000	100.000	212.500	18.440	94.500	99.400	172.200	366.100	18.440		
18.450	37.500	75.000	100.000	212.500	18.450	94.530	99.360	172.500	366.390	18.450		
18.460	37.500	75.000	100.000	212.500	18.460	94.530	99.360	169.740	363.630	18.460		
18.470	37.500	75.000	102.500	215.000	18.470	94.530	99.360	169.740	363.630	18.470		
18.480	37.500	75.000	105.000	217.500	18.480	94.530	97.290	164.910	356.730	18.480		
18.490	37.500	77.500	105.000	220.000	18.490	94.530	97.290	164.910	356.730	18.490		
18.500	37.500	77.500	107.500	222.500	18.500	97.290	94.530	162.150	353.970	18.500		
18.510	37.500	77.500	110.000	225.000	18.510	97.290	92.460	159.390	349.140	18.510		
18.520	37.500	80.000	112.500	230.000	18.520	97.290	89.700	154.560	341.550	18.520		
18.530	37.500	80.000	115.000	232.500	18.530	99.360	86.940	146.970	333.270	18.530		
18.540	37.500	82.500	117.500	237.500	18.540	102.120	84.870	144.900	331.890	18.540		
18.550	37.500	85.000	120.000	242.500	18.550	104.880	82.110	137.310	324.300	18.550		
18.560	37.500	87.500	125.000	250.000	18.560	106.950	79.350	134.550	320.850	18.560		
18.570	39.600	87.450	127.050	254.100	18.570	109.710	77.280	129.720	316.710	18.570		
18.580	42.350	92.400	129.800	264.550	18.580	112.470	72.450	122.130	307.050	18.580		
18.590	42.350	92.400	132.000	266.750	18.590	114.540	69.690	117.300	301.530	18.590		
18.600	42.350	94.600	134.750	271.700	18.600	114.920	67.080	109.720	291.720	18.600		
18.610	44.550	97.350	134.750	276.650	18.610	114.920	65.000	109.720	289.640	18.610		
18.620	44.550	99.550	134.750	278.850	18.620	114.920	62.400	104.520	281.840	18.620		
18.630	47.300	102.300	134.750	284.350	18.630	114.920	59.800	99.840	274.560	18.630		
18.640	49.500	104.500	137.500	291.500	18.640	114.920	57.200	97.240	269.360	18.640		
18.650	52.250	104.500	134.750	291.500	18.650	117.000	54.600	94.640	266.240	18.650		
18.660	52.250	107.250	132.000	291.500	18.660	117.000	52.000	89.960	258.960	18.660		
18.670	55.000	107.250	129.800	292.050	18.670	119.600	52.000	89.960	261.560	18.670		
18.680	55.000	110.000	127.050	292.050	18.680	117.000	52.000	87.360	256.360	18.680		
18.690	57.200	110.000	124.850	292.050	18.690	117.000	52.000	87.360	256.360	18.690		
18.700	57.200	110.000	119.900	287.100	18.700	117.000	52.000	89.960	258.960	18.700		
18.710	59.950	107.250	114.950	282.150	18.710	117.000	54.600	89.960	261.560	18.710		
18.720	59.640	105.000	105.000	269.640	18.720	119.600	57.200	94.640	271.440	18.720		
18.730	64.680	102.480	97.440	264.600	18.730	124.800	59.800	97.240	281.840	18.730		
18.740	67.200	102.480	87.360	257.040	18.740	130.000	62.400	99.840	292.240	18.740		
18.750	69.720	97.440	74.760	241.920	18.750	138.550	68.460	101.060	308.070	18.750		
18.760	74.760	89.880	59.640	224.280	18.760	154.850	74.980	105.950	335.780	18.760		
18.770	79.800	82.320	44.940	207.060	18.770	166.260	81.500	112.470	360.230	18.770		
18.780	84.840	72.240	32.340	189.420	18.780	184.190	91.280	117.360	392.830	18.780		
18.790	89.880	59.640	19.740	169.260	18.790	202.120	104.320	122.250	428.690	18.790		
18.800	92.400	47.460	7.140	147.000	18.800	221.680	112.470	123.880	458.030	18.800		
18.810	92.400	37.380	4.620	134.400	18.810	244.500	123.880	123.880	492.260	18.810		
18.820	84.840	27.300	2.100	114.240	18.820	268.950	133.660	123.880	526.490	18.820		
18.830	74.760	22.260	0.000	97.020	18.830	288.510	141.810	122.250	552.570	18.830		
18.840	59.640	17.220	0.000	76.860	18.840	311.330	149.960	118.990	580.280	18.840		
18.850	42.420	12.180	0.000	54.600	18.850	334.150	154.850	114.100	603.100	18.850		
18.860	24.780	7.140	0.000	31.920	18.860	353.710	159.740	112.470	625.920	18.860		
18.870	10.000	5.000	0.000	15.000	18.870	371.640	161.370	104.320	637.330	18.870		
18.880	0.000	5.000	0.000	5.000	18.880	391.200	164.630	96.170	652.000	18.880		
18.890	0.000	5.000	0.000	5.000	18.890	407.500	161.370	89.650	658.520	18.890		
18.900	2.480	2.480	0.000	4.960	18.900	419.680	159.960	84.280	663.920	18.900		
18.910	2.480	2.480	0.000	4.960	18.910	426.560	154.800	77.400	658.760	18.910		
18.920	2.480	5.000	0.000	7.480	18.920	430.000	149.640	72.240	651.880	18.920		
18.930	0.000	2.480	0.000	2.480	18.930	426.560	139.320	67.080	632.960	18.930		
18.940	0.000	2.480	0.000	2.480	18.940	424.840	134.160	63.640	622.640	18.940		
18.950	0.000	2.480	0.000	2.480	18.950	419.680	129.000	58.480	607.160	18.950		
18.960	0.000	2.480	0.000	2.480	18.960	414.520	122.120	56.760	593.400	18.960		
18.970	0.000	2.480	0.000	2.480	18.970	409.360	116.960	56.760	583.080	18.970		
18.980	0.000	2.480	0.000	2.480	18.980	404.200	111.800	51.600	567.600	18.980		
18.990	0.000	2.480	0.000	2.480	18.990	397.320	108.360	51.600	557.280	18.990		
19.000	0.000	0.000	0.000	0.000	19.000	388.720	104.920	49.880	543.520	19.000		
19.010	0.000	2.480	0.000	2.480	19.010	383.560	104.920	49.880	538.360	19.010		
19.020	0.000	2.500	0.000	2.500	19.020	378.400	99.760	49.880	528.040	19.020		
19.030	0.000	0.000	0.000	0.000	19.030	374.960	99.760	46.440	521.160	19.030		
19.040	0.000	2.500	0.000	2.500	19.040	369.800	96.320	46.440	512.560	19.040		
19.050	0.000	0.000	0.000	0.000	19.050	365.000	96.360	46.720	508.080	19.050		
19.060	0.000	0.000	0.000	0.000	19.060	359.160	96.360	49.640	505.160	19.060		
19.070	0.000	0.000	0.000	0.000	19.070	356.240	96.360	49.640	502.240	19.070		
19.080	0.000	0.000	0.000	0.000	19.080	351.860	99.280	51.100	502.240	19.080		
19.090	0.000	0.000	0.000	0.000	19.090	348.940	102.200	54.020	505.160	19.090		
19.100	2.500	0.000	0.000	2.500	19.100	347.480	103.660	59.860	511.000	19.100		
19.110	2.500	0.000	0.000	2.500	19.110	344.560	106.580	59.860	511.000	19.110		
19.120	5.000	0.000	0.000	5.000	19.120	341.640	109.500	64.240	515.380	19.120		
19.130	2.500	0.000	0.000	2.500	19.130	338.720	113.880	68.620	521.220	19.130		
19.140	2.500	0.000	0.000	2.500	19.140	334.340	116.800	74.460	525.600	19.140		
19.150	5.000	0.000	0.000	5.000	19.150	321.200	121.180	81.760	524.140	19.150		
19.160	5.000	0.000	0.000	5.000	19.160	306.600	127.020	89.060	522.680	19.160		
19.170	3.440	1.720	0.000	5.160	19.170	286.160	137.240	103.660	527.060	19.170		
19.180	6.880	1.720	0.000	8.600	19.180	259.880	144.540	121.180	525.600	19.180		
19.190	8.600	1.720	0.000	10.320	19.190	233.600	151.840	137.240	522.680	19.190		
19.200	12.040	0.000	0.000	12.040	19.200	204.960	156.800	156.800	518.560	19.200		
19.210	13.760	1.720	0.000	15.480	19.210	172.480	162.400	176.960	511.840	19.210		
19.220	13.760	1.720	0.000	15.480	19.220	142.240	159.040	197.120	498.400	19.220		
19.230	17.200	0.000	0.000	17.200	19.230	104.160	154.560	213.920	472.640	19.230		
19.240	80.840	0.000	0.000	80.840	19.240	69.440	144.480	234.080	448.000	19.240		
19.250	178.880	8.600	0.000	187.480	19.250	41.440	129.920	252.000	423.360	19.250		
19.260	204.680	17.200	0.000	221.880	19.260	26.880	104.160	269.920	400.960	19.260		
19.270	264.880	24.080	0.000	288.960	19.270	14.560	81.760	280.000	376.320	19.270		
19.280	344.000	44.720	0.000	388.720	19.280	2.240	61.600	280.000	343.840	19.280		
19.290	381.840	53.320	0.000	435.160	19.290	0.000	44.800	264.320	309.120	19.290		
19.300	411.080	67.080	0.000	478.160	19.300	0.000	29.120	237.440	266.560	19.300		
19.310	430.000	80.840	1.720	512.560	19.310	0.000	16.800	199.360	216.160	19.310		
19.320	443.450	101.360	3.620	548.430	19.320	0.000	6.720	162.400	169.120	19.320		
19.330	452.500	126.700	7.240	586.440	19.330	0.000	0.000	119.840	119.840	19.330		
19.340	452.500	152.040	9.050	613.590	19.340	0.000	0.000	81.760	81.760	19.340		
19.350	447.070	181.000	14.480	642.550	19.350	0.000	0.000	52.500	52.500	19.350		
19.360	434.400	200.910	19.910	655.220	19.360	4.830	0.000	29.820	34.650	19.360		
19.370	428.970	209.960	21.720	660.650	19.370	7.350	0.000	14.910	22.260	19.370		
19.380	430.780	206.340	21.720	658.840	19.380	4.830	0.000	7.350	12.180	19.380		
19.390	434.400	193.670	19.910	647.980	19.390	4.830	0.000	7.350	12.180	19.390		
19.400	439.830	177.380	14.480	631.690	19.400	4.830	0.000	4.830	9.660	19.400		
19.410	441.640	159.280	10.860	611.780	19.410	4.830	0.000	4.830	9.660	19.410		
19.420	441.640	144.800	9.050	595.490	19.420	2.310	0.000	2.310	4.620	19.420		
19.430	439.830	124.890	7.240	571.960	19.430	2.310	0.000	0.000	2.310	19.430		
19.440	436.210	106.790	3.620	546.620	19.440	2.310	0.000	2.310	4.620	19.440		
19.450	428.970	95.930	3.620	528.520	19.450	2.310	0.000	0.000	2.310	19.450		
19.460	421.730	83.260	1.810	506.800	19.460	2.310	0.000	0.000	2.310	19.460		
19.470	412.500	74.250	0.000	486.750	19.470	2.310	0.000	0.000	2.310	19.470		
19.480	404.250	66.000	0.000	470.250	19.480	2.310	0.000	0.000	2.310	19.480		
19.490	394.350	59.400	0.000	453.750	19.490	2.310	0.000	0.000	2.310	19.490		
19.500	389.400	54.450	0.000	443.850	19.500	2.500	0.000	0.000	2.500	19.500		
19.510	384.450	49.500	0.000	433.950	19.510	0.000	0.000	0.000	0.000	19.510		
19.520	379.500	46.200	0.000	425.700	19.520	0.000	0.000	0.000	0.000	19.520		
19.530	374.550	41.250	0.000	415.800	19.530	0.000	0.000	0.000	0.000	19.530		
19.540	371.250	39.600	0.000	410.850	19.540	0.000	0.000	0.000	0.000	19.540		
19.550	371.250	36.300	0.000	407.550	19.550	0.000	0.000	0.000	0.000	19.550		
19.560	371.250	34.650	0.000	405.900	19.560	0.000	2.500	0.000	2.500	19.560		
19.570	376.200	34.650	0.000	410.850	19.570	0.000	2.500	0.000	2.500	19.570		
19.580	381.150	31.350	0.000	412.500	19.580	0.000	2.500	0.000	2.500	19.580		
19.590	384.450	26.400	0.000	410.850	19.590	0.000	2.500	0.000	2.500	19.590		
19.600	389.400	24.750	0.000	414.150	19.600	0.000	2.500	0.000	2.500	19.600		
19.610	396.000	21.450	0.000	417.450	19.610	0.000	0.000	0.000	0.000	19.610		
19.620	403.920	18.700	0.000	422.620	19.620	0.000	0.000	0.000	0.000	19.620		
19.630	413.270	18.700	0.000	431.970	19.630	0.000	0.000	0.000	0.000	19.630		
19.640	420.750	16.830	0.000	437.580	19.640	0.000	0.000	0.000	0.000	19.640		
19.650	428.230	14.960	0.000	443.190	19.650	0.000	2.500	0.000	2.500	19.650		
19.660	433.840	14.960	0.000	448.800	19.660	0.000	0.000	0.000	0.000	19.660		
19.670	435.710	14.960	0.000	450.670	19.670	0.000	0.000	0.000	0.000	19.670		
19.680	441.320	11.220	0.000	452.540	19.680	0.000	2.500	0.000	2.500	19.680		
19.690	443.190	9.350	0.000	452.540	19.690	0.000	2.500	0.000	2.500	19.690		
19.700	448.800	9.350	0.000	458.150	19.700	0.000	2.500	0.000	2.500	19.700		
19.710	454.410	9.350	0.000	463.760	19.710	0.000	2.500	0.000	2.500	19.710		
19.720	456.280	7.480	0.000	463.760	19.720	0.000	2.500	0.000	2.500	19.720		
19.730	456.280	3.740	0.000	460.020	19.730	0.000	2.500	0.000	2.500	19.730		
19.740	458.150	3.740	0.000	461.890	19.740	0.000	2.500	0.000	2.500	19.740		
19.750	463.760	1.870	0.000	465.630	19.750	0.000	2.500	0.000	2.500	19.750		
19.760	467.500	0.000	0.000	467.500	19.760	0.000	0.000	0.000	0.000	19.760		
19.770	468.720	0.000	0.000	468.720	19.770	0.000	2.500	0.000	2.500	19.770		
19.780	468.720	0.000	0.000	468.720	19.780	0.000	2.500	0.000	2.500	19.780		
19.790	472.500	0.000	0.000	472.500	19.790	0.000	2.500	0.000	2.500	19.790		
19.800	468.720	0.000	0.000	468.720	19.800	0.000	0.000	0.000	0.000	19.800		
19.810	468.720	0.000	0.000	468.720	19.810	0.000	1.980	0.000	1.980	19.810		
19.820	464.940	0.000	0.000	464.940	19.820	0.000	0.000	0.000	0.000	19.820		
19.830	461.160	0.000	0.000	461.160	19.830	0.000	0.000	0.000	0.000	19.830		
19.840	461.160	0.000	0.000	461.160	19.840	1.980	0.000	0.000	1.980	19.840		
19.850	457.380	0.000	0.000	457.380	19.850	0.000	0.000	0.000	0.000	19.850		
19.860	453.600	0.000	0.000	453.600	19.860	1.980	0.000	0.000	1.980	19.860		
19.870	451.710	0.000	0.000	451.710	19.870	1.980	0.000	0.000	1.980	19.870		
19.880	446.040	0.000	0.000	446.040	19.880	11.880	1.980	0.000	13.860	19.880		
19.890	442.260	0.000	0.000	442.260	19.890	46.530	6.930	0.000	53.460	19.890		
19.900	434.700	0.000	0.000	434.700	19.900	97.020	9.900	0.000	106.920	19.900		
19.910	421.470	0.000	0.000	421.470	19.910	131.670	9.900	0.000	141.570	19.910		
19.920	400.000	0.000	0.000	400.000	19.920	159.390	6.930	0.000	166.320	19.920		
19.930	366.400	0.000	0.000	366.400	19.930	194.040	9.900	0.000	203.940	19.930		
19.940	329.600	0.000	0.000	329.600	19.940	247.500	9.900	0.000	257.400	19.940		
19.950	286.400	0.000	0.000	286.400	19.950	305.520	14.070	0.000	319.590	19.950		
19.960	236.800	0.000	0.000	236.800	19.960	365.820	22.110	2.010	389.940	19.960		
19.970	184.000	0.000	0.000	184.000	19.970	416.070	36.180	6.030	458.280	19.970		
19.980	129.600	0.000	0.000	129.600	19.980	456.270	56.280	12.060	524.610	19.980		
19.990	81.600	0.000	0.000	81.600	19.990	482.400	74.370	18.090	574.860	19.990		
20.000	49.600	0.000	0.000	49.600	20.000	496.470	94.470	28.140	619.080	20.000		
20.010	28.800	0.000	0.000	28.800	20.010	502.500	110.550	36.180	649.230	20.010		
20.020	16.000	0.000	1.600	17.600	20.020	498.480	126.630	46.230	671.340	20.020		
20.030	9.600	0.000	1.600	11.200	20.030	492.450	138.690	56.280	687.420	20.030		
20.040	9.600	0.000	1.600	11.200	20.040	478.380	156.780	72.360	707.520	20.040		
20.050	6.400	0.000	0.000	6.400	20.050	462.300	168.840	84.420	715.560	20.050		
20.060	4.800	0.000	1.600	6.400	20.060	438.180	176.880	98.490	713.550	20.060		
20.070	5.000	0.000	0.000	5.000	20.070	412.050	184.920	110.550	707.520	20.070		
20.080	2.500	0.000	0.000	2.500	20.080	381.900	188.940	124.620	695.460	20.080		
20.090	2.500	0.000	0.000	2.500	20.090	345.720	196.980	140.700	683.400	20.090		
20.100	0.000	0.000	0.000	0.000	20.100	306.940	199.660	162.410	669.010	20.100		
20.110	0.000	0.000	0.000	0.000	20.110	263.730	199.660	181.780	645.170	20.110		
20.120	0.000	0.000	0.000	0.000	20.120	222.010	193.700	204.130	619.840	20.120		
20.130	0.000	0.000	0.000	0.000	20.130	181.780	186.250	224.990	593.020	20.130		
20.140	0.000	0.000	0.000	0.000	20.140	144.530	178.800	247.340	570.670	20.140		
20.150	0.000	0.000	0.000	0.000	20.150	114.730	166.880	263.730	545.340	20.150		
20.160	0.000	0.000	0.000	0.000	20.160	84.930	154.960	281.610	521.500	20.160		
20.170	0.000	0.000	0.000	0.000	20.170	59.600	141.550	296.510	497.660	20.170		
20.180	0.000	0.000	0.000	0.000	20.180	41.720	129.630	314.390	485.740	20.180		
20.190	0.000	0.000	0.000	0.000	20.190	31.290	114.730	326.310	472.330	20.190		
20.200	0.000	0.000	0.000	0.000	20.200	22.350	99.830	336.740	458.920	20.200		
20.210	0.000	0.000	0.000	0.000	20.210	14.900	89.400	347.170	451.470	20.210		
20.220	0.000	0.000	0.000	0.000	20.220	7.450	78.970	354.620	441.040	20.220		
20.230	0.000	0.000	0.000	0.000	20.230	7.450	71.520	363.560	442.530	20.230		
20.240	0.000	0.000	0.000	0.000	20.240	1.490	64.070	372.500	438.060	20.240		
20.250	0.000	0.000	0.000	0.000	20.250	0.000	62.400	380.640	443.040	20.250		
20.260	0.000	0.000	0.000	0.000	20.260	0.000	56.160	390.000	446.160	20.260		
20.270	0.000	0.000	0.000	0.000	20.270	0.000	53.040	405.600	458.640	20.270		
20.280	0.000	0.000	0.000	0.000	20.280	0.000	49.920	424.320	474.240	20.280		
20.290	0.000	0.000	0.000	0.000	20.290	0.000	49.920	443.040	492.960	20.290		
20.300	0.000	0.000	0.000	0.000	20.300	0.000	49.920	468.000	517.920	20.300		
20.310	0.000	0.000	0.000	0.000	20.310	0.000	49.920	499.200	549.120	20.310		
20.320	0.000	0.000	0.000	0.000	20.320	0.000	49.920	530.400	580.320	20.320		
20.330	0.000	0.000	0.000	0.000	20.330	0.000	49.920	564.720	614.640	20.330		
20.340	0.000	0.000	0.000	0.000	20.340	0.000	49.920	602.160	652.080	20.340		
20.350	0.000	0.000	0.000	0.000	20.350	0.000	49.920	639.600	689.520	20.350		
20.360	0.000	0.000	0.000	0.000	20.360	0.000	46.800	677.040	723.840	20.360		
20.370	0.000	0.000	0.000	0.000	20.370	0.000	46.800	711.360	758.160	20.370		
20.380	0.000	0.000	0.000	0.000	20.380	0.000	43.680	748.800	792.480	20.380		
20.390	0.000	0.000	0.000	0.000	20.390	0.000	37.440	780.000	817.440	20.390		
20.400	0.000	0.000	0.000	0.000	20.400	0.000	35.640	803.520	839.160	20.400		
20.410	0.000	0.000	1.450	1.450	20.410	0.000	32.400	810.000	842.400	20.410		
20.420	0.000	4.350	21.750	26.100	20.420	0.000	22.680	803.520	826.200	20.420		
20.430	0.000	8.700	81.200	89.900	20.430	0.000	16.200	787.320	803.520	20.430		
20.440	0.000	7.250	129.050	136.300	20.440	0.000	9.720	754.920	764.640	20.440		
20.450	0.000	8.700	152.250	160.950	20.450	0.000	6.480	709.560	716.040	20.450		
20.460	0.000	11.600	184.150	195.750	20.460	0.000	0.000	654.480	654.480	20.460		
20.470	0.000	21.750	236.350	258.100	20.470	0.000	0.000	583.200	583.200	20.470		
20.480	0.000	39.150	291.450	330.600	20.480	0.000	0.000	495.720	495.720	20.480		
20.490	0.000	72.500	329.150	401.650	20.490	0.000	0.000	395.280	395.280	20.490		
20.500	8.700	114.550	352.350	475.600	20.500	0.000	0.000	294.840	294.840	20.500		
20.510	24.650	142.100	362.500	529.250	20.510	0.000	0.000	194.400	194.400	20.510		
20.520	41.180	166.140	355.000	562.320	20.520	0.000	0.000	119.880	119.880	20.520		
20.530	59.640	188.860	346.480	594.980	20.530	0.000	0.000	64.800	64.800	20.530		
20.540	73.840	208.740	333.700	616.280	20.540	0.000	0.000	38.880	38.880	20.540		
20.550	89.460	221.520	316.660	627.640	20.550	0.000	0.000	27.500	27.500	20.550		
20.560	106.500	231.460	299.620	637.580	20.560	0.000	0.000	19.910	19.910	20.560		
20.570	122.120	241.400	279.740	643.260	20.570	0.000	0.000	14.960	14.960	20.570		
20.580	136.320	247.080	259.860	643.260	20.580	0.000	0.000	12.430	12.430	20.580		
20.590	154.780	249.920	234.300	639.000	20.590	0.000	0.000	12.430	12.430	20.590		
20.600	166.140	247.080	208.740	621.960	20.600	0.000	0.000	12.430	12.430	20.600		
20.610	181.760	241.400	181.760	604.920	20.610	0.000	0.000	9.900	9.900	20.610		
20.620	194.540	231.460	156.200	582.200	20.620	0.000	0.000	12.430	12.430	20.620		
20.630	207.320	217.260	132.060	556.640	20.630	0.000	0.000	7.480	7.480	20.630		
20.640	221.520	198.800	103.660	523.980	20.640	0.000	0.000	7.480	7.480	20.640		
20.650	234.300	177.500	79.520	491.320	20.650	0.000	0.000	7.480	7.480	20.650		
20.660	247.080	156.200	62.480	465.760	20.660	0.000	0.000	4.950	4.950	20.660		
20.670	257.420	131.760	43.920	433.100	20.670	0.000	0.000	2.420	2.420	20.670		
20.680	264.740	114.680	31.720	411.140	20.680	0.000	0.000	2.420	2.420	20.680		
20.690	272.060	93.940	21.960	387.960	20.690	0.000	0.000	2.420	2.420	20.690		
20.700	274.500	81.740	14.640	370.880	20.700	0.000	0.000	2.500	2.500	20.700		
20.710	276.940	71.980	9.760	358.680	20.710	0.000	0.000	2.500	2.500	20.710		
20.720	279.380	62.220	7.320	348.920	20.720	0.000	0.000	2.500	2.500	20.720		
20.730	279.380	54.900	4.880	339.160	20.730	0.000	0.000	0.000	0.000	20.730		
20.740	281.820	48.800	4.880	335.500	20.740	0.000	0.000	0.000	0.000	20.740		
20.750	281.820	43.920	2.440	328.180	20.750	0.000	0.000	0.000	0.000	20.750		
20.760	281.820	36.600	0.000	318.420	20.760	0.000	0.000	0.000	0.000	20.760		
20.770	284.260	34.160	0.000	318.420	20.770	0.000	0.000	0.000	0.000	20.770		
20.780	289.140	31.720	0.000	320.860	20.780	0.000	0.000	0.000	0.000	20.780		
20.790	294.020	26.840	0.000	320.860	20.790	0.000	0.000	0.000	0.000	20.790		
20.800	296.460	24.400	0.000	320.860	20.800	0.000	0.000	0.000	0.000	20.800		
20.810	305.000	19.520	0.000	324.520	20.810	0.000	0.000	0.000	0.000	20.810		
20.820	313.020	15.540	0.000	328.560	20.820	0.000	0.000	0.000	0.000	20.820		
20.830	333.000	15.540	0.000	348.540	20.830	0.000	0.000	0.000	0.000	20.830		
20.840	352.980	15.540	0.000	368.520	20.840	0.000	0.000	0.000	0.000	20.840		
20.850	377.400	15.540	0.000	392.940	20.850	0.000	0.000	0.000	0.000	20.850		
20.860	401.820	15.540	0.000	417.360	20.860	0.000	0.000	0.000	0.000	20.860		
20.870	424.020	15.540	0.000	439.560	20.870	0.000	2.400	0.000	2.400	20.870		
20.880	448.440	13.320	0.000	461.760	20.880	0.000	2.400	0.000	2.400	20.880		
20.890	470.640	11.100	0.000	481.740	20.890	0.000	2.400	0.000	2.400	20.890		
20.900	492.840	11.100	0.000	503.940	20.900	0.000	2.400	2.400	4.800	20.900		
20.910	512.820	8.880	0.000	521.700	20.910	0.000	4.800	2.400	7.200	20.910		
20.920	530.580	4.440	0.000	535.020	20.920	0.000	2.400	2.400	4.800	20.920		
20.930	546.120	2.220	0.000	548.340	20.930	0.000	2.400	2.400	4.800	20.930		
20.940	555.000	0.000	0.000	555.000	20.940	0.000	2.400	0.000	2.400	20.940		
20.950	555.000	0.000	0.000	555.000	20.950	4.800	4.800	0.000	9.600	20.950		
20.960	550.560	0.000	0.000	550.560	20.960	40.000	9.600	0.000	49.600	20.960		
20.970	535.000	0.000	0.000	535.000	20.970	107.200	4.800	0.000	112.000	20.970		
20.980	513.600	0.000	0.000	513.600	20.980	156.800	4.800	0.000	161.600	20.980		
20.990	479.360	0.000	0.000	479.360	20.990	200.000	9.600	0.000	209.600	20.990		
21.000	432.280	0.000	0.000	432.280	21.000	264.550	14.800	0.000	279.350	21.000		
21.010	372.360	0.000	0.000	372.360	21.010	323.750	22.200	0.000	345.950	21.010		
21.020	306.020	0.000	0.000	306.020	21.020	384.800	44.400	9.250	438.450	21.020		
21.030	239.680	0.000	0.000	239.680	21.030	431.050	75.850	22.200	529.100	21.030		
21.040	169.060	0.000	0.000	169.060	21.040	456.950	109.150	37.000	603.100	21.040		
21.050	109.140	0.000	0.000	109.140	21.050	462.500	144.300	53.650	660.450	21.050		
21.060	64.200	0.000	0.000	64.200	21.060	458.800	175.750	81.400	715.950	21.060		
21.070	34.240	0.000	0.000	34.240	21.070	436.600	201.650	109.150	747.400	21.070		
21.080	17.120	0.000	2.140	19.260	21.080	401.450	218.300	136.900	756.650	21.080		
21.090	10.700	0.000	4.280	14.980	21.090	364.450	229.400	160.950	754.800	21.090		
21.100	8.560	0.000	2.140	10.700	21.100	329.300	236.800	179.450	745.550	21.100		
21.110	6.420	0.000	2.140	8.560	21.110	294.150	238.650	199.800	732.600	21.110		
21.120	5.000	0.000	2.500	7.500	21.120	257.150	238.650	216.450	712.250	21.120		
21.130	2.500	0.000	2.500	5.000	21.130	214.600	236.800	236.800	688.200	21.130		
21.140	0.000	0.000	2.500	2.500	21.140	175.750	225.700	253.450	654.900	21.140		
21.150	0.000	0.000	2.500	2.500	21.150	136.500	219.700	269.100	625.300	21.150		
21.160	0.000	0.000	2.500	2.500	21.160	106.600	206.700	279.500	592.800	21.160		
21.170	0.000	0.000	0.000	0.000	21.170	81.900	195.000	292.500	569.400	21.170		
21.180	0.000	0.000	0.000	0.000	21.180	62.400	179.400	301.600	543.400	21.180		
21.190	0.000	0.000	0.000	0.000	21.190	49.400	163.800	309.400	522.600	21.190		
21.200	0.000	0.000	0.000	0.000	21.200	36.400	149.500	314.600	500.500	21.200		
21.210	0.000	0.000	0.000	0.000	21.210	29.900	133.900	319.800	483.600	21.210		
21.220	0.000	0.000	0.000	0.000	21.220	19.500	122.200	322.400	464.100	21.220		
21.230	0.000	0.000	0.000	0.000	21.230	11.700	109.200	319.800	440.700	21.230		
21.240	0.000	0.000	0.000	0.000	21.240	3.900	98.800	317.200	419.900	21.240		
21.250	0.000	0.000	0.000	0.000	21.250	1.300	89.700	317.200	408.200	21.250		
21.260	0.000	0.000	0.000	0.000	21.260	0.000	84.500	319.800	404.300	21.260		
21.270	0.000	0.000	0.000	0.000	21.270	0.000	76.700	314.600	391.300	21.270		
21.280	0.000	0.000	0.000	0.000	21.280	0.000	71.500	319.800	391.300	21.280		
21.290	0.000	0.000	0.000	0.000	21.290	0.000	66.300	325.000	391.300	21.290		
21.300	0.000	0.000	0.000	0.000	21.300	0.000	61.950	330.400	392.350	21.300		
21.310	0.000	0.000	0.000	0.000	21.310	0.000	59.000	342.200	401.200	21.310		
21.320	0.000	0.000	0.000	0.000	21.320	0.000	56.050	354.000	410.050	21.320		
21.330	0.000	0.000	0.000	0.000	21.330	0.000	53.100	368.750	421.850	21.330		
21.340	0.000	0.000	0.000	0.000	21.340	0.000	53.100	392.350	445.450	21.340		
21.350	0.000	0.000	0.000	0.000	21.350	0.000	53.100	415.950	469.050	21.350		
21.360	0.000	0.000	0.000	0.000	21.360	0.000	53.100	442.500	495.600	21.360		
21.370	0.000	0.000	0.000	0.000	21.370	0.000	56.050	474.950	531.000	21.370		
21.380	0.000	0.000	0.000	0.000	21.380	0.000	53.100	507.400	560.500	21.380		
21.390	0.000	0.000	0.000	0.000	21.390	0.000	56.050	542.800	598.850	21.390		
21.400	0.000	0.000	0.000	0.000	21.400	0.000	56.050	581.150	637.200	21.400		
21.410	0.000	2.500	0.000	2.500	21.410	0.000	56.050	619.500	675.550	21.410		
21.420	2.020	2.020	0.000	4.040	21.420	0.000	56.050	663.750	719.800	21.420		
21.430	2.020	2.020	0.000	4.040	21.430	0.000	53.100	702.100	755.200	21.430		
21.440	2.020	2.020	0.000	4.040	21.440	0.000	50.150	737.500	787.650	21.440		
21.450	2.020	0.000	0.000	2.020	21.450	0.000	44.800	768.000	812.800	21.450		
21.460	2.020	0.000	0.000	2.020	21.460	0.000	44.800	787.200	832.000	21.460		
21.470	0.000	0.000	0.000	0.000	21.470	0.000	35.200	800.000	835.200	21.470		
21.480	0.000	0.000	0.000	0.000	21.480	0.000	32.000	800.000	832.000	21.480		
21.490	0.000	0.000	0.000	0.000	21.490	0.000	25.600	793.600	819.200	21.490		
21.500	0.000	7.070	4.040	11.110	21.500	0.000	19.200	774.400	793.600	21.500		
21.510	0.000	12.120	42.420	54.540	21.510	0.000	9.600	748.800	758.400	21.510		
21.520	0.000	14.140	99.990	114.130	21.520	0.000	9.600	713.600	723.200	21.520		
21.530	0.000	12.120	129.280	141.400	21.530	0.000	3.200	662.400	665.600	21.530		
21.540	0.000	14.140	154.530	168.670	21.540	0.000	0.000	608.000	608.000	21.540		
21.550	0.000	22.220	196.950	219.170	21.550	0.000	0.000	544.000	544.000	21.550		
21.560	0.000	29.290	252.500	281.790	21.560	0.000	0.000	467.200	467.200	21.560		
21.570	1.480	48.840	301.920	352.240	21.570	0.000	0.000	380.800	380.800	21.570		
21.580	4.440	76.960	337.440	418.840	21.580	0.000	0.000	288.000	288.000	21.580		
21.590	8.880	109.520	359.640	478.040	21.590	0.000	0.000	192.000	192.000	21.590		
21.600	19.240	142.080	370.000	531.320	21.600	0.000	0.000	115.000	115.000	21.600		
21.610	37.000	171.680	370.000	578.680	21.610	0.000	0.000	67.160	67.160	21.610		
21.620	56.240	196.840	359.640	612.720	21.620	0.000	0.000	44.620	44.620	21.620		
21.630	74.000	219.040	344.840	637.880	21.630	0.000	0.000	29.900	29.900	21.630		
21.640	91.760	239.760	328.560	660.080	21.640	0.000	0.000	24.840	24.840	21.640		
21.650	109.520	256.040	306.360	671.920	21.650	0.000	0.000	19.780	19.780	21.650		
21.660	127.280	266.400	279.720	673.400	21.660	0.000	0.000	17.480	17.480	21.660		
21.670	146.520	276.760	248.640	671.920	21.670	0.000	0.000	17.480	17.480	21.670		
21.680	168.720	279.720	214.600	663.040	21.680	0.000	0.000	14.720	14.720	21.680		
21.690	192.400	273.800	179.080	645.280	21.690	0.000	0.000	14.720	14.720	21.690		
21.700	208.680	266.400	146.520	621.600	21.700	0.000	0.000	14.720	14.720	21.700		
21.710	226.440	251.600	116.920	594.960	21.710	0.000	0.000	12.420	12.420	21.710		
21.720	246.280	231.870	83.840	561.990	21.720	0.000	0.000	12.420	12.420	21.720		
21.730	262.000	212.220	61.570	535.790	21.730	0.000	0.000	9.660	9.660	21.730		
21.740	276.410	189.950	44.540	510.900	21.740	0.000	0.000	9.660	9.660	21.740		
21.750	289.510	168.990	31.440	489.940	21.750	0.000	0.000	10.000	10.000	21.750		
21.760	299.990	149.340	22.270	471.600	21.760	0.000	0.000	7.480	7.480	21.760		
21.770	306.540	132.310	14.410	453.260	21.770	0.000	0.000	7.480	7.480	21.770		
21.780	311.780	119.210	6.550	437.540	21.780	0.000	0.000	5.000	5.000	21.780		
21.790	319.640	107.420	3.930	430.990	21.790	0.000	0.000	7.480	7.480	21.790		
21.800	324.880	94.320	1.310	420.510	21.800	0.000	0.000	5.000	5.000	21.800		
21.810	324.880	86.460	0.000	411.340	21.810	0.000	0.000	5.000	5.000	21.810		
21.820	327.500	77.290	0.000	404.790	21.820	0.000	0.000	5.000	5.000	21.820		
21.830	324.880	69.430	0.000	394.310	21.830	0.000	0.000	2.480	2.480	21.830		
21.840	327.500	64.190	0.000	391.690	21.840	0.000	0.000	0.000	0.000	21.840		
21.850	327.500	58.950	0.000	386.450	21.850	0.000	0.000	2.480	2.480	21.850		
21.860	324.880	52.400	0.000	377.280	21.860	0.000	0.000	2.480	2.480	21.860		
21.870	321.860	48.070	0.000	369.930	21.870	0.000	0.000	2.480	2.480	21.870		
21.880	321.860	45.980	0.000	367.840	21.880	0.000	0.000	2.480	2.480	21.880		
21.890	326.040	43.890	0.000	369.930	21.890	0.000	0.000	2.480	2.480	21.890		
21.900	328.130	41.800	0.000	369.930	21.900	0.000	0.000	0.000	0.000	21.900		
21.910	338.580	41.800	0.000	380.380	21.910	0.000	0.000	0.000	0.000	21.910		
21.920	351.120	39.710	0.000	390.830	21.920	0.000	0.000	0.000	0.000	21.920		
21.930	363.660	39.710	0.000	403.370	21.930	0.000	2.490	0.000	2.490	21.930		
21.940	376.200	35.530	0.000	411.730	21.940	0.000	2.490	0.000	2.490	21.940		
21.950	392.920	35.530	0.000	428.450	21.950	0.000	2.490	2.490	4.980	21.950		
21.960	413.820	33.440	0.000	447.260	21.960	0.000	2.490	0.000	2.490	21.960		
21.970	436.810	33.440	0.000	470.250	21.970	0.000	4.980	2.490	7.470	21.970		
21.980	459.800	33.440	0.000	493.240	21.980	0.000	4.980	2.490	7.470	21.980		
21.990	480.700	33.440	0.000	514.140	21.990	0.000	7.500	4.980	12.480	21.990		
22.000	501.600	29.260	0.000	530.860	22.000	0.000	4.980	2.490	7.470	22.000		
22.010	522.500	22.990	0.000	545.490	22.010	0.000	4.980	4.980	9.960	22.010		
22.020	539.000	15.400	0.000	554.400	22.020	0.000	4.980	4.980	9.960	22.020		
22.030	545.600	8.800	0.000	554.400	22.030	0.000	2.490	2.490	4.980	22.030		
22.040	550.000	4.400	0.000	554.400	22.040	0.000	4.980	2.490	7.470	22.040		
22.050	550.000	2.200	0.000	552.200	22.050	24.450	11.410	0.000	35.860	22.050		
22.060	541.200	0.000	0.000	541.200	22.060	76.610	9.780	0.000	86.390	22.060		
22.070	528.000	0.000	0.000	528.000	22.070	118.990	6.520	0.000	125.510	22.070		
22.080	506.000	0.000	0.000	506.000	22.080	151.590	6.520	0.000	158.110	22.080		
22.090	477.400	0.000	0.000	477.400	22.090	189.080	9.780	0.000	198.860	22.090		
22.100	433.400	0.000	0.000	433.400	22.100	229.830	11.410	0.000	241.240	22.100		
22.110	387.200	0.000	0.000	387.200	22.110	262.430	16.300	0.000	278.730	22.110		
22.120	338.800	0.000	0.000	338.800	22.120	288.510	24.450	0.000	312.960	22.120		
22.130	281.600	0.000	0.000	281.600	22.130	319.480	44.010	9.780	373.270	22.130		
22.140	215.600	0.000	0.000	215.600	22.140	343.930	66.830	19.560	430.320	22.140		
22.150	147.400	0.000	0.000	147.400	22.150	361.860	89.650	30.970	482.480	22.150		
22.160	94.600	0.000	0.000	94.600	22.160	384.680	114.100	47.270	546.050	22.160		
22.170	55.000	0.000	0.000	55.000	22.170	400.980	133.660	63.570	598.210	22.170		
22.180	32.340	0.000	0.000	32.340	22.180	407.500	151.590	79.870	638.960	22.180		
22.190	17.380	2.420	2.420	22.220	22.190	399.350	166.260	96.170	661.780	22.190		
22.200	9.900	2.420	2.420	14.740	22.200	377.500	184.220	116.270	677.990	22.200		
22.210	9.900	0.000	0.000	9.900	22.210	354.850	199.320	141.940	696.110	22.210		
22.220	9.900	0.000	2.420	12.320	22.220	326.160	209.890	158.550	694.600	22.220		
22.230	7.480	0.000	2.420	9.900	22.230	302.000	214.420	179.690	696.110	22.230		
22.240	7.480	2.420	2.420	12.320	22.240	268.780	214.420	199.320	682.520	22.240		
22.250	4.840	2.420	2.420	9.680	22.250	238.580	209.890	217.440	665.910	22.250		
22.260	4.840	0.000	0.000	4.840	22.260	209.890	206.870	234.050	650.810	22.260		
22.270	2.420	0.000	0.000	2.420	22.270	176.670	196.300	249.150	622.120	22.270		
22.280	2.420	2.420	0.000	4.840	22.280	146.470	184.220	267.270	597.960	22.280		
22.290	2.420	2.420	2.420	7.260	22.290	119.290	172.140	286.900	578.330	22.290		
22.300	0.000	2.420	0.000	2.420	22.300	96.640	158.550	298.980	554.170	22.300		
22.310	0.000	2.420	0.000	2.420	22.310	77.010	149.490	317.100	543.600	22.310		
22.320	0.000	2.500	0.000	2.500	22.320	58.890	131.370	333.710	523.970	22.320		
22.330	0.000	2.500	0.000	2.500	22.330	46.810	116.270	348.810	511.890	22.330		
22.340	0.000	2.500	0.000	2.500	22.340	36.240	101.170	362.400	499.810	22.340		
22.350	0.000	2.500	0.000	2.500	22.350	30.660	85.410	374.490	490.560	22.350		
22.360	0.000	2.500	0.000	2.500	22.360	24.090	78.840	385.440	488.370	22.360		
22.370	0.000	2.500	0.000	2.500	22.370	19.710	72.270	394.200	486.180	22.370		
22.380	0.000	0.000	0.000	0.000	22.380	13.140	63.510	402.960	479.610	22.380		
22.390	0.000	2.500	0.000	2.500	22.390	10.950	59.130	413.910	483.990	22.390		
22.400	0.000	0.000	0.000	0.000	22.400	8.760	56.940	424.860	490.560	22.400		
22.410	0.000	2.500	0.000	2.500	22.410	8.760	50.370	431.430	490.560	22.410		
22.420	0.000	2.500	0.000	2.500	22.420	6.570	48.180	442.380	497.130	22.420		
22.430	0.000	0.000	0.000	0.000	22.430	4.380	45.990	453.330	503.700	22.430		
22.440	0.000	0.000	0.000	0.000	22.440	4.380	45.990	466.470	516.840	22.440		
22.450	0.000	2.500	0.000	2.500	22.450	2.190	43.800	481.800	527.790	22.450		
22.460	0.000	0.000	0.000	0.000	22.460	2.190	41.610	497.130	540.930	22.460		
22.470	0.000	2.420	0.000	2.420	22.470	0.000	41.610	514.650	556.260	22.470		
22.480	0.000	2.420	0.000	2.420	22.480	0.000	39.420	529.980	569.400	22.480		
22.490	0.000	0.000	0.000	0.000	22.490	0.000	39.420	547.500	586.920	22.490		
22.500	0.000	0.000	0.000	0.000	22.500	0.000	35.620	567.180	602.800	22.500		
22.510	0.000	2.420	0.000	2.420	22.510	0.000	35.620	586.360	621.980	22.510		
22.520	0.000	2.420	0.000	2.420	22.520	0.000	35.620	602.800	638.420	22.520		
22.530	0.000	2.420	0.000	2.420	22.530	0.000	32.880	621.980	654.860	22.530		
22.540	2.420	2.420	0.000	4.840	22.540	0.000	32.880	635.680	668.560	22.540		
22.550	2.420	2.420	0.000	4.840	22.550	0.000	30.140	652.120	682.260	22.550		
22.560	2.420	4.950	0.000	7.370	22.560	0.000	27.400	663.080	690.480	22.560		
22.570	2.420	4.950	0.000	7.370	22.570	0.000	21.920	676.780	698.700	22.570		
22.580	2.420	4.950	0.000	7.370	22.580	0.000	16.440	682.260	698.700	22.580		
22.590	0.000	4.950	0.000	4.950	22.590	0.000	13.700	685.000	698.700	22.590		
22.600	0.000	7.480	2.420	9.900	22.600	0.000	10.960	679.520	690.480	22.600		
22.610	0.000	12.430	27.500	39.930	22.610	0.000	8.220	668.560	676.780	22.610		
22.620	0.000	16.200	90.000	106.200	22.620	0.000	5.480	652.120	657.600	22.620		
22.630	0.000	21.600	145.800	167.400	22.630	0.000	2.740	621.980	624.720	22.630		
22.640	0.000	27.000	194.400	221.400	22.640	0.000	0.000	583.620	583.620	22.640		
22.650	1.800	34.200	248.400	284.400	22.650	0.000	0.000	535.000	535.000	22.650		
22.660	1.800	46.800	315.000	363.600	22.660	0.000	0.000	477.220	477.220	22.660		
22.670	3.600	61.200	369.000	433.800	22.670	0.000	0.000	417.300	417.300	22.670		
22.680	3.600	84.600	405.000	493.200	22.680	0.000	0.000	346.680	346.680	22.680		
22.690	7.200	109.800	428.400	545.400	22.690	0.000	0.000	271.780	271.780	22.690		
22.700	9.000	135.000	441.000	585.000	22.700	0.000	0.000	194.740	194.740	22.700		
22.710	10.800	158.400	450.000	619.200	22.710	0.000	0.000	130.540	130.540	22.710		
22.720	19.800	180.000	446.400	646.200	22.720	0.000	0.000	81.320	81.320	22.720		
22.730	27.000	199.800	437.400	664.200	22.730	0.000	0.000	49.220	49.220	22.730		
22.740	39.600	214.200	424.800	678.600	22.740	0.000	2.140	32.100	34.240	22.740		
22.750	48.600	228.600	405.000	682.200	22.750	0.000	2.140	21.400	23.540	22.750		
22.760	64.800	241.200	374.400	680.400	22.760	0.000	2.140	17.120	19.260	22.760		
22.770	81.600	254.320	340.000	675.920	22.770	0.000	0.000	14.980	14.980	22.770		
22.780	93.840	259.760	308.720	662.320	22.780	0.000	0.000	10.700	10.700	22.780		
22.790	107.440	262.480	278.800	648.720	22.790	0.000	2.140	14.980	17.120	22.790		
22.800	116.960	259.760	248.880	625.600	22.800	0.000	0.000	10.000	10.000	22.800		
22.810	129.200	254.320	218.960	602.480	22.810	0.000	0.000	10.000	10.000	22.810		
22.820	138.720	246.160	189.040	573.920	22.820	0.000	0.000	7.480	7.480	22.820		
22.830	149.600	239.360	161.840	550.800	22.830	0.000	0.000	10.000	10.000	22.830		
22.840	159.120	229.840	137.360	526.320	22.840	0.000	2.480	7.480	9.960	22.840		
22.850	170.000	216.240	114.240	500.480	22.850	0.000	0.000	7.480	7.480	22.850		
22.860	182.240	209.440	93.840	485.520	22.860	2.480	0.000	5.000	7.480	22.860		
22.870	191.760	199.920	78.880	470.560	22.870	0.000	0.000	7.480	7.480	22.870		
22.880	201.280	189.040	66.640	456.960	22.880	0.000	2.480	5.000	7.480	22.880		
22.890	212.160	182.240	54.400	448.800	22.890	2.480	2.480	5.000	9.960	22.890		
22.900	224.400	171.360	44.880	440.640	22.900	0.000	2.480	5.000	7.480	22.900		
22.910	231.200	164.560	36.720	432.480	22.910	0.000	2.480	2.480	4.960	22.910		
22.920	241.500	159.000	31.500	432.000	22.920	0.000	2.480	2.480	4.960	22.920		
22.930	249.000	151.500	27.000	427.500	22.930	0.000	0.000	0.000	0.000	22.930		
22.940	255.000	150.000	22.500	427.500	22.940	0.000	2.480	0.000	2.480	22.940		
22.950	264.000	144.000	16.500	424.500	22.950	0.000	2.500	0.000	2.500	22.950		
22.960	274.500	142.500	12.000	429.000	22.960	0.000	2.500	0.000	2.500	22.960		
22.970	282.000	136.500	12.000	430.500	22.970	0.000	2.500	0.000	2.500	22.970		
22.980	292.500	136.500	12.000	441.000	22.980	0.000	2.500	0.000	2.500	22.980		
22.990	301.500	135.000	9.000	445.500	22.990	0.000	2.500	0.000	2.500	22.990		
23.000	312.000	135.000	9.000	456.000	23.000	0.000	2.500	0.000	2.500	23.000		
23.010	322.500	132.000	9.000	463.500	23.010	0.000	2.500	0.000	2.500	23.010		
23.020	331.500	132.000	7.500	471.000	23.020	0.000	2.500	0.000	2.500	23.020		
23.030	339.000	132.000	7.500	478.500	23.030	0.000	2.500	0.000	2.500	23.030		
23.040	352.500	135.000	4.500	492.000	23.040	0.000	2.500	0.000	2.500	23.040		
23.050	361.500	132.000	7.500	501.000	23.050	0.000	2.500	0.000	2.500	23.050		
23.060	375.000	129.000	4.500	508.500	23.060	0.000	2.500	0.000	2.500	23.060		
23.070	384.300	124.440	1.830	510.570	23.070	0.000	2.500	0.000	2.500	23.070		
23.080	397.110	120.780	1.830	519.720	23.080	0.000	5.000	0.000	5.000	23.080		
23.090	404.430	113.460	0.000	517.890	23.090	0.000	5.000	0.000	5.000	23.090		
23.100	411.750	109.800	0.000	521.550	23.100	0.000	4.860	2.160	7.020	23.100		
23.110	419.070	104.310	0.000	523.380	23.110	0.000	7.020	2.160	9.180	23.110		
23.120	426.390	96.990	0.000	523.380	23.120	0.000	7.020	0.000	7.020	23.120		
23.130	431.880	89.670	0.000	521.550	23.130	0.000	7.020	0.000	7.020	23.130		
23.140	439.200	82.350	0.000	521.550	23.140	0.000	4.860	0.000	4.860	23.140		
23.150	446.520	73.200	0.000	519.720	23.150	0.000	4.860	0.000	4.860	23.150		
23.160	448.350	65.880	0.000	514.230	23.160	0.000	4.860	0.000	4.860	23.160		
23.170	453.840	58.560	0.000	512.400	23.170	0.000	4.860	0.000	4.860	23.170		
23.180	457.500	49.410	0.000	506.910	23.180	0.000	4.860	0.000	4.860	23.180		
23.190	457.500	43.920	0.000	501.420	23.190	2.160	4.860	0.000	7.020	23.190		
23.200	452.010	36.600	0.000	488.610	23.200	22.140	9.720	0.000	31.860	23.200		
23.210	448.350	31.110	0.000	479.460	23.210	52.380	12.420	0.000	64.800	23.210		
23.220	440.000	24.640	0.000	464.640	23.220	82.080	9.720	0.000	91.800	23.220		
23.230	425.920	14.080	0.000	440.000	23.230	107.460	9.720	0.000	117.180	23.230		
23.240	411.840	8.800	0.000	420.640	23.240	135.000	9.720	0.000	144.720	23.240		
23.250	394.240	3.520	0.000	397.760	23.250	169.060	11.060	0.000	180.120	23.250		
23.260	374.880	1.760	0.000	376.640	23.260	199.080	14.220	0.000	213.300	23.260		
23.270	352.000	0.000	0.000	352.000	23.270	229.100	17.380	0.000	246.480	23.270		
23.280	323.840	0.000	0.000	323.840	23.280	263.860	23.700	0.000	287.560	23.280		
23.290	293.920	0.000	0.000	293.920	23.290	293.880	36.340	4.740	334.960	23.290		
23.300	262.240	0.000	0.000	262.240	23.300	316.000	52.140	11.060	379.200	23.300		
23.310	228.800	0.000	0.000	228.800	23.310	334.960	64.780	17.380	417.120	23.310		
23.320	188.320	0.000	0.000	188.320	23.320	346.020	77.420	23.700	447.140	23.320		
23.330	149.600	0.000	0.000	149.600	23.330	361.820	91.640	34.760	488.220	23.330		
23.340	109.120	0.000	0.000	109.120	23.340	376.040	104.280	47.400	527.720	23.340		
23.350	73.920	0.000	0.000	73.920	23.350	387.100	118.500	61.620	567.220	23.350		
23.360	45.760	0.000	0.000	45.760	23.360	395.000	131.140	74.260	600.400	23.360		
23.370	30.000	0.000	0.000	30.000	23.370	395.000	143.780	86.900	625.680	23.370		
23.380	17.400	2.400	0.000	19.800	23.380	387.100	156.420	104.280	647.800	23.380		
23.390	9.960	4.920	2.400	17.280	23.390	379.200	169.060	116.920	665.180	23.390		
23.400	7.440	4.920	0.000	12.360	23.400	365.000	173.740	129.940	668.680	23.400		
23.410	4.920	2.400	0.000	7.320	23.410	348.940	182.500	137.240	668.680	23.410		
23.420	7.440	2.400	0.000	9.840	23.420	334.340	183.960	147.460	665.760	23.420		
23.430	4.920	2.400	0.000	7.320	23.430	319.740	183.960	156.220	659.920	23.430		
23.440	2.400	2.400	0.000	4.800	23.440	302.220	183.960	159.140	645.320	23.440		
23.450	2.400	4.920	0.000	7.320	23.450	286.160	182.500	164.980	633.640	23.450		
23.460	2.400	2.400	2.400	7.200	23.460	271.560	179.580	166.440	617.580	23.460		
23.470	2.400	2.400	0.000	4.800	23.470	256.960	173.740	169.360	600.060	23.470		
23.480	2.400	2.400	0.000	4.800	23.480	239.440	169.360	173.740	582.540	23.480		
23.490	0.000	2.400	0.000	2.400	23.490	226.300	169.360	176.660	572.320	23.490		
23.500	2.400	2.400	0.000	4.800	23.500	214.620	164.980	179.580	559.180	23.500		
23.510	0.000	4.920	0.000	4.920	23.510	201.480	162.060	183.960	547.500	23.510		
23.520	0.000	2.500	0.000	2.500	23.520	189.800	162.060	189.800	541.660	23.520		
23.530	0.000	5.000	0.000	5.000	23.530	179.580	162.060	194.180	535.820	23.530		
23.540	0.000	5.000	0.000	5.000	23.540	172.280	162.060	201.480	535.820	23.540		
23.550	0.000	5.000	0.000	5.000	23.550	162.400	162.400	207.200	532.000	23.550		
23.560	0.000	5.000	0.000	5.000	23.560	154.000	163.800	217.000	534.800	23.560		
23.570	0.000	2.500	0.000	2.500	23.570	149.800	166.600	221.200	537.600	23.570		
23.580	0.000	5.000	0.000	5.000	23.580	144.200	169.400	232.400	546.000	23.580		
23.590	0.000	5.000	0.000	5.000	23.590	140.000	172.200	239.400	551.600	23.590		
23.600	0.000	5.000	0.000	5.000	23.600	137.200	175.000	249.200	561.400	23.600		
23.610	0.000	5.000	0.000	5.000	23.610	134.400	176.400	256.200	567.000	23.610		
23.620	0.000	5.000	0.000	5.000	23.620	131.600	179.200	268.800	579.600	23.620		
23.630	0.000	5.000	0.000	5.000	23.630	127.400	182.000	277.200	586.600	23.630		
23.640	0.000	5.000	0.000	5.000	23.640	124.600	184.800	289.800	599.200	23.640		
23.650	0.000	5.000	0.000	5.000	23.650	116.200	184.800	302.400	603.400	23.650		
23.660	0.000	5.000	0.000	5.000	23.660	112.000	184.800	312.200	609.000	23.660		
23.670	0.000	4.980	0.000	4.980	23.670	106.400	184.800	324.800	616.000	23.670		
23.680	0.000	4.980	0.000	4.980	23.680	96.600	182.000	338.800	617.400	23.680		
23.690	0.000	4.980	0.000	4.980	23.690	92.400	179.200	350.000	621.600	23.690		
23.700	0.000	4.980	0.000	4.980	23.700	85.600	171.200	363.800	620.600	23.700		
23.710	0.000	4.980	0.000	4.980	23.710	79.180	166.920	376.640	622.740	23.710		
23.720	0.000	4.980	0.000	4.980	23.720	70.620	158.360	387.340	616.320	23.720		
23.730	0.000	2.490	0.000	2.490	23.730	66.340	154.080	398.040	618.460	23.730		
23.740	0.000	4.980	0.000	4.980	23.740	59.920	149.800	406.600	616.320	23.740		
23.750	2.490	4.980	0.000	7.470	23.750	55.640	141.240	421.580	618.460	23.750		
23.760	2.490	4.980	0.000	7.470	23.760	51.360	139.100	434.420	624.880	23.760		
23.770	2.490	4.980	0.000	7.470	23.770	49.220	134.820	447.260	631.300	23.770		
23.780	2.490	4.980	0.000	7.470	23.780	47.080	130.540	455.820	633.440	23.780		
23.790	2.490	4.980	0.000	7.470	23.790	44.940	128.400	470.800	644.140	23.790		
23.800	2.490	4.980	0.000	7.470	23.800	40.660	126.260	481.500	648.420	23.800		
23.810	2.490	7.500	0.000	9.990	23.810	38.520	121.980	496.480	656.980	23.810		
23.820	2.100	7.140	0.000	9.240	23.820	34.240	115.560	507.180	656.980	23.820		
23.830	2.100	4.620	0.000	6.720	23.830	32.100	109.140	522.160	663.400	23.830		
23.840	2.100	7.140	0.000	9.240	23.840	23.540	104.860	535.000	663.400	23.840		
23.850	4.620	7.140	0.000	11.760	23.850	18.320	98.470	547.310	664.100	23.850		
23.860	2.100	7.140	0.000	9.240	23.860	16.030	93.890	556.470	666.390	23.860		
23.870	2.100	4.620	0.000	6.720	23.870	13.740	89.310	563.340	666.390	23.870		
23.880	0.000	4.620	0.000	4.620	23.880	11.450	82.440	567.920	661.810	23.880		
23.890	0.000	4.620	0.000	4.620	23.890	9.160	75.570	572.500	657.230	23.890		
23.900	0.000	4.620	0.000	4.620	23.900	6.870	68.700	572.500	648.070	23.900		
23.910	0.000	7.140	2.100	9.240	23.910	4.580	64.120	572.500	641.200	23.910		
23.920	0.000	9.660	9.660	19.320	23.920	4.580	57.250	572.500	634.330	23.920		
23.930	0.000	12.180	29.820	42.000	23.930	2.290	50.380	565.630	618.300	23.930		
23.940	0.000	14.700	52.500	67.200	23.940	0.000	45.800	556.470	602.270	23.940		
23.950	0.000	17.220	77.280	94.500	23.950	0.000	41.220	547.310	588.530	23.950		
23.960	0.000	19.740	105.000	124.740	23.960	0.000	38.930	531.280	570.210	23.960		
23.970	0.000	21.600	142.200	163.800	23.970	0.000	36.640	512.960	549.600	23.970		
23.980	0.000	27.000	174.600	201.600	23.980	0.000	32.060	492.350	524.410	23.980		
23.990	1.800	27.000	207.000	235.800	23.990	0.000	27.480	471.740	499.220	23.990		
24.000	1.800	28.800	235.800	266.400	24.000	0.000	19.360	440.000	459.360	24.000		
24.010	1.800	34.200	270.000	306.000	24.010	0.000	14.080	408.320	422.400	24.010		
24.020	3.600	41.400	302.400	347.400	24.020	0.000	12.320	381.920	394.240	24.020		
24.030	3.600	48.600	331.200	383.400	24.030	0.000	8.800	348.480	357.280	24.030		
24.040	3.600	55.800	356.400	415.800	24.040	0.000	7.040	316.800	323.840	24.040		
24.050	7.200	64.800	374.400	446.400	24.050	0.000	3.520	281.600	285.120	24.050		
24.060	7.200	72.000	387.000	466.200	24.060	0.000	1.760	246.400	248.160	24.060		
24.070	7.200	81.000	396.000	484.200	24.070	0.000	0.000	209.440	209.440	24.070		
24.080	9.000	90.000	408.600	507.600	24.080	0.000	0.000	174.240	174.240	24.080		
24.090	9.000	97.200	421.200	527.400	24.090	0.000	0.000	139.040	139.040	24.090		
24.100	9.000	104.400	433.800	547.200	24.100	0.000	0.000	109.120	109.120	24.100		
24.110	9.000	111.600	450.000	570.600	24.110	0.000	0.000	80.960	80.960	24.110		
24.120	11.820	118.200	464.920	594.940	24.120	0.000	0.000	59.840	59.840	24.120		
24.130	11.820	126.080	474.770	612.670	24.130	0.000	0.000	42.240	42.240	24.130		
24.140	11.820	131.990	480.680	624.490	24.140	1.760	0.000	29.920	31.680	24.140		
24.150	11.820	135.930	488.560	636.310	24.150	4.970	0.000	17.500	22.470	24.150		
24.160	13.790	141.840	492.500	648.130	24.160	4.970	0.000	12.460	17.430	24.160		
24.170	13.790	143.810	492.500	650.100	24.170	4.970	0.000	9.940	14.910	24.170		
24.180	13.790	145.780	488.560	648.130	24.180	4.970	0.000	7.490	12.460	24.180		
24.190	13.790	145.780	486.590	646.160	24.190	4.970	0.000	7.490	12.460	24.190		
24.200	13.790	145.780	478.710	638.280	24.200	4.970	0.000	7.490	12.460	24.200		
24.210	13.790	145.780	470.830	630.400	24.210	4.970	0.000	7.490	12.460	24.210		
24.220	13.790	145.780	464.920	624.490	24.220	4.970	0.000	4.970	9.940	24.220		
24.230	13.790	143.810	451.130	608.730	24.230	4.970	0.000	4.970	9.940	24.230		
24.240	13.790	141.840	443.250	598.880	24.240	4.970	0.000	2.450	7.420	24.240		
24.250	13.790	139.870	433.400	587.060	24.250	7.490	0.000	4.970	12.460	24.250		
24.260	13.790	135.930	423.550	573.270	24.260	7.490	0.000	2.450	9.940	24.260		
24.270	13.360	136.940	417.500	567.800	24.270	4.970	0.000	0.000	4.970	24.270		
24.280	13.360	136.940	409.150	559.450	24.280	7.490	0.000	2.450	9.940	24.280		
24.290	13.360	138.610	407.480	559.450	24.290	4.970	0.000	0.000	4.970	24.290		
24.300	13.360	138.610	402.470	554.440	24.300	5.000	0.000	0.000	5.000	24.300		
24.310	16.700	143.620	402.470	562.790	24.310	5.000	2.500	0.000	7.500	24.310		
24.320	16.700	148.630	402.470	567.800	24.320	5.000	0.000	0.000	5.000	24.320		
24.330	18.370	153.640	402.470	574.480	24.330	5.000	0.000	0.000	5.000	24.330		
24.340	18.370	158.650	402.470	579.490	24.340	5.000	2.500	0.000	7.500	24.340		
24.350	21.710	167.000	402.470	591.180	24.350	5.000	2.500	0.000	7.500	24.350		
24.360	23.380	168.670	399.130	591.180	24.360	5.000	2.500	0.000	7.500	24.360		
24.370	26.720	173.680	402.470	602.870	24.370	5.000	0.000	0.000	5.000	24.370		
24.380	28.390	177.020	402.470	607.880	24.380	5.000	0.000	0.000	5.000	24.380		
24.390	28.390	178.690	402.470	609.550	24.390	5.000	0.000	0.000	5.000	24.390		
24.400	31.730	182.030	404.140	617.900	24.400	2.500	0.000	0.000	2.500	24.400		
24.410	33.400	182.030	404.140	619.570	24.410	5.000	0.000	0.000	5.000	24.410		
24.420	34.020	184.680	405.000	623.700	24.420	2.500	0.000	0.000	2.500	24.420		
24.430	34.020	184.680	401.760	620.460	24.430	2.500	0.000	0.000	2.500	24.430		
24.440	34.020	186.300	398.520	618.840	24.440	2.500	2.500	0.000	5.000	24.440		
24.450	37.260	186.300	396.900	620.460	24.450	2.490	0.000	0.000	2.490	24.450		
24.460	37.260	186.300	393.660	617.220	24.460	2.490	0.000	0.000	2.490	24.460		
24.470	37.260	186.300	388.800	612.360	24.470	2.490	0.000	0.000	2.490	24.470		
24.480	38.880	186.300	387.180	612.360	24.480	4.980	0.000	0.000	4.980	24.480		
24.490	38.880	189.540	382.320	610.740	24.490	4.980	0.000	0.000	4.980	24.490		
24.500	42.120	186.300	377.460	605.880	24.500	2.490	0.000	0.000	2.490	24.500		
24.510	42.120	186.300	370.980	599.400	24.510	2.490	0.000	0.000	2.490	24.510		
24.520	43.740	186.300	366.120	596.160	24.520	4.980	0.000	0.000	4.980	24.520		
24.530	43.740	184.680	361.260	589.680	24.530	4.980	0.000	0.000	4.980	24.530		
24.540	46.980	184.680	356.400	588.060	24.540	4.980	0.000	0.000	4.980	24.540		
24.550	46.980	181.440	351.540	579.960	24.550	2.490	0.000	0.000	2.490	24.550		
24.560	46.980	181.440	349.920	578.340	24.560	2.490	0.000	0.000	2.490	24.560		
24.570	44.480	182.090	347.500	574.070	24.570	2.490	0.000	0.000	2.490	24.570		
24.580	44.480	179.310	344.720	568.510	24.580	4.980	0.000	0.000	4.980	24.580		
24.590	47.260	182.090	344.720	574.070	24.590	7.500	2.490	2.490	12.480	24.590		
24.600	47.260	179.310	341.940	568.510	24.600	12.320	2.200	7.480	22.000	24.600		
24.610	44.480	179.310	339.160	562.950	24.610	17.160	4.840	9.680	31.680	24.610		
24.620	47.260	179.310	334.990	561.560	24.620	24.640	7.480	12.320	44.440	24.620		
24.630	47.260	173.750	329.430	550.440	24.630	32.120	7.480	12.320	51.920	24.630		
24.640	47.260	173.750	323.870	544.880	24.640	39.600	9.680	14.960	64.240	24.640		
24.650	44.480	169.580	319.700	533.760	24.650	47.080	12.320	19.800	79.200	24.650		
24.660	44.480	166.800	311.360	522.640	24.660	55.000	14.960	19.800	89.760	24.660		
24.670	44.480	161.240	304.410	510.130	24.670	59.840	14.960	22.440	97.240	24.670		
24.680	44.480	159.850	297.460	501.790	24.680	67.320	17.160	24.640	109.120	24.680		
24.690	44.480	154.290	286.340	485.110	24.690	72.160	19.800	27.280	119.240	24.690		
24.700	41.700	148.730	276.610	467.040	24.700	79.640	19.800	27.280	126.720	24.700		
24.710	41.700	141.780	266.880	450.360	24.710	87.120	19.800	27.280	134.200	24.710		
24.720	42.230	136.990	257.500	436.720	24.720	94.600	22.440	29.920	146.960	24.720		
24.730	39.140	131.840	247.200	418.180	24.730	102.080	24.640	32.120	158.840	24.730		
24.740	39.140	126.690	236.900	402.730	24.740	110.000	29.920	37.400	177.320	24.740		
24.750	39.140	121.540	229.690	390.370	24.750	117.000	32.500	39.650	189.150	24.750		
24.760	37.080	119.480	222.480	379.040	24.760	124.800	34.450	44.850	204.100	24.760		
24.770	37.080	117.420	214.240	368.740	24.770	131.950	39.650	49.400	221.000	24.770		
24.780	33.990	112.270	207.030	353.290	24.780	137.150	42.250	52.000	231.400	24.780		
24.790	33.990	109.180	201.880	345.050	24.790	142.350	44.850	54.600	241.800	24.790		
24.800	33.990	107.120	196.730	337.840	24.800	146.900	47.450	59.800	254.150	24.800		
24.810	33.990	104.030	189.520	327.540	24.810	149.500	49.400	59.800	258.700	24.810		
24.820	31.930	104.030	187.460	323.420	24.820	154.700	52.000	65.000	271.700	24.820		
24.830	33.990	99.910	182.310	316.210	24.830	154.700	52.000	65.000	271.700	24.830		
24.840	33.990	99.910	179.220	313.120	24.840	157.300	54.600	66.950	278.850	24.840		
24.850	31.930	99.910	177.160	309.000	24.850	157.300	54.600	69.550	281.450	24.850		
24.860	33.990	96.820	177.160	307.970	24.860	159.900	54.600	69.550	284.050	24.860		
24.870	32.200	97.300	175.000	304.500	24.870	159.900	57.200	72.150	289.250	24.870		
24.880	32.200	94.500	172.200	298.900	24.880	162.500	57.200	72.150	291.850	24.880		
24.890	32.200	94.500	169.400	296.100	24.890	162.500	57.200	72.150	291.850	24.890		
24.900	32.200	92.400	167.300	291.900	24.900	164.430	59.940	74.520	298.890	24.900		
24.910	32.200	89.600	164.500	286.300	24.910	166.860	59.940	72.090	298.890	24.910		
24.920	35.000	89.600	162.400	287.000	24.920	169.290	59.940	72.090	301.320	24.920		
24.930	35.000	89.600	162.400	287.000	24.930	171.720	62.370	74.520	308.610	24.930		
24.940	32.200	87.500	159.600	279.300	24.940	174.960	62.370	74.520	311.850	24.940		
24.950	35.000	84.700	157.500	277.200	24.950	174.960	62.370	74.520	311.850	24.950		
24.960	35.000	84.700	154.700	274.400	24.960	179.820	62.370	72.090	314.280	24.960		
24.970	37.100	81.900	154.700	273.700	24.970	182.250	62.370	72.090	316.710	24.970		
24.980	35.000	79.800	151.900	266.700	24.980	187.110	64.800	74.520	326.430	24.980		
24.990	37.100	77.000	147.000	261.100	24.990	189.540	64.800	72.090	326.430	24.990		
25.000	37.100	74.900	144.900	256.900	25.000	194.400	67.230	72.090	333.720	25.000		
25.010	37.100	72.100	142.100	251.300	25.010	196.830	67.230	72.090	336.150	25.010		
25.020	37.400	69.850	137.500	244.750	25.020	199.260	67.230	72.090	338.580	25.020		
25.030	37.400	69.850	137.500	244.750	25.030	199.260	67.230	72.090	338.580	25.030		
25.040	37.400	69.850	134.750	242.000	25.040	202.500	67.230	72.090	341.820	25.040		
25.050	37.400	69.850	134.750	242.000	25.050	204.700	69.420	72.090	346.210	25.050		
25.060	37.400	69.850	134.750	242.000	25.060	207.370	69.420	72.090	348.880	25.060		
25.070	39.600	67.100	132.000	238.700	25.070	209.150	69.420	72.090	350.660	25.070		
25.080	37.400	67.100	132.000	236.500	25.080	211.820	69.420	72.090	353.330	25.080		
25.090	39.600	67.100	129.800	236.500	25.090	214.490	72.090	72.090	358.670	25.090		
25.100	37.400	67.100	129.800	234.300	25.100	217.160	74.760	74.760	366.680	25.100		
25.110	39.600	67.100	129.800	236.500	25.110	219.830	74.760	74.760	369.350	25.110		
25.120	39.600	67.100	129.800	236.500	25.120	219.830	77.430	77.430	374.690	25.120		
25.130	37.400	67.100	127.050	231.550	25.130	219.830	77.430	79.210	376.470	25.130		
25.140	37.400	67.100	127.050	231.550	25.140	222.500	79.210	81.880	383.590	25.140		
25.150	37.400	64.900	124.850	227.150	25.150	222.500	79.210	79.210	380.920	25.150		
25.160	34.650	67.100	124.850	226.600	25.160	222.500	79.210	79.210	380.920	25.160		
25.170	34.790	67.130	122.500	224.420	25.170	222.500	81.880	81.880	386.260	25.170		
25.180	34.790	64.680	119.560	219.030	25.180	222.500	81.880	84.550	388.930	25.180		
25.190	32.340	64.680	117.110	214.130	25.190	222.500	81.880	84.550	388.930	25.190		
25.200	34.790	64.680	114.660	214.130	25.200	222.500	81.880	84.550	388.930	25.200		
25.210	34.790	64.680	114.660	214.130	25.210	222.500	81.880	84.550	388.930	25.210		
25.220	32.340	64.680	112.210	209.230	25.220	219.830	81.880	84.550	386.260	25.220		
25.230	32.340	62.230	112.210	206.780	25.230	217.160	79.210	87.220	383.590	25.230		
25.240	32.340	64.680	112.210	209.230	25.240	217.160	84.550	87.220	388.930	25.240		
25.250	32.340	64.680	112.210	209.230	25.250	211.820	84.550	89.890	386.260	25.250		
25.260	32.340	64.680	112.210	209.230	25.260	209.150	84.550	91.670	385.370	25.260		
25.270	32.340	64.680	114.660	211.680	25.270	207.370	87.220	94.340	388.930	25.270		
25.280	34.790	69.580	117.110	221.480	25.280	202.030	87.220	97.010	386.260	25.280		
25.290	34.790	69.580	117.110	221.480	25.290	196.690	87.220	97.010	380.920	25.290		
25.300	34.790	69.580	117.110	221.480	25.300	194.910	87.220	99.680	381.810	25.300		
25.310	34.790	72.030	119.560	226.380	25.310	189.570	87.220	99.680	376.470	25.310		
25.320	37.440	74.880	119.600	231.920	25.320	184.230	87.220	102.350	373.800	25.320		
25.330	37.440	77.480	122.200	237.120	25.330	182.450	87.220	99.680	369.350	25.330		
25.340	37.440	77.480	122.200	237.120	25.340	179.780	84.550	102.350	366.680	25.340		
25.350	37.440	79.560	124.800	241.800	25.350	175.000	84.700	102.200	361.900	25.350		
25.360	37.440	79.560	124.800	241.800	25.360	172.200	84.700	102.200	359.100	25.360		
25.370	37.440	82.160	124.800	244.400	25.370	169.400	81.900	99.400	350.700	25.370		
25.380	37.440	82.160	124.800	244.400	25.380	169.400	81.900	102.200	353.500	25.380		
25.390	42.120	84.760	127.400	254.280	25.390	167.300	81.900	102.200	351.400	25.390		
25.400	42.120	84.760	127.400	254.280	25.400	164.500	79.800	97.300	341.600	25.400		
25.410	42.120	87.360	127.400	256.880	25.410	162.400	79.800	99.400	341.600	25.410		
25.420	44.720	89.960	127.400	262.080	25.420	162.400	77.000	97.300	336.700	25.420		
25.430	44.720	92.040	127.400	264.160	25.430	162.400	77.000	97.300	336.700	25.430		
25.440	47.320	94.640	130.000	271.960	25.440	162.400	74.900	94.500	331.800	25.440		
25.450	47.320	94.640	127.400	269.360	25.450	162.400	74.900	92.400	329.700	25.450		
25.460	49.920	97.240	127.400	274.560	25.460	162.400	72.100	92.400	326.900	25.460		
25.470	50.000	100.000	125.000	275.000	25.470	164.500	72.100	89.600	326.200	25.470		
25.480	52.500	100.000	122.500	275.000	25.480	167.300	72.100	87.500	326.900	25.480		
25.490	52.500	100.000	120.000	272.500	25.490	169.400	72.100	89.600	331.100	25.490		
25.500	55.000	100.000	117.500	272.500	25.500	169.860	71.820	84.360	326.040	25.500		
25.510	52.500	100.000	115.000	267.500	25.510	172.140	71.820	86.640	330.600	25.510		
25.520	52.500	97.500	110.000	260.000	25.520	174.420	71.820	82.080	328.320	25.520		
25.530	52.500	95.000	107.500	255.000	25.530	178.980	71.820	84.360	335.160	25.530		
25.540	50.000	92.500	102.500	245.000	25.540	184.680	71.820	82.080	338.580	25.540		
25.550	50.000	90.000	97.500	237.500	25.550	189.240	76.380	84.360	349.980	25.550		
25.560	50.000	85.000	90.000	225.000	25.560	194.940	79.800	86.640	361.380	25.560		
25.570	47.500	80.000	80.000	207.500	25.570	201.780	82.080	86.640	370.500	25.570		
25.580	47.500	72.500	67.500	187.500	25.580	207.480	86.640	88.920	383.040	25.580		
25.590	42.500	62.500	55.000	160.000	25.590	216.600	92.340	94.620	403.560	25.590		
25.600	40.000	50.000	40.000	130.000	25.600	226.860	99.180	96.900	422.940	25.600		
25.610	42.500	40.000	27.500	110.000	25.610	241.680	107.160	101.460	450.300	25.610		
25.620	40.000	29.920	14.880	84.800	25.620	254.220	117.420	109.440	481.080	25.620		
25.630	37.440	22.400	12.480	72.320	25.630	272.460	129.960	117.420	519.840	25.630		
25.640	32.480	17.440	7.360	57.280	25.640	285.000	139.080	124.260	548.340	25.640		
25.650	27.360	12.480	7.360	47.200	25.650	291.610	152.460	131.890	575.960	25.650		
25.660	20.000	9.920	7.360	37.280	25.660	296.450	162.140	136.730	595.320	25.660		
25.670	17.440	7.360	7.360	32.160	25.670	302.500	169.400	143.990	615.890	25.670		
25.680	12.480	4.960	7.360	24.800	25.680	302.500	176.660	148.830	627.990	25.680		
25.690	7.360	4.960	7.360	19.680	25.690	302.500	181.500	154.880	638.880	25.690		
25.700	2.400	4.960	7.360	14.720	25.700	298.870	183.920	159.720	642.510	25.700		
25.710	0.000	4.960	7.360	12.320	25.710	294.030	186.340	164.560	644.930	25.710		
25.720	0.000	4.960	7.360	12.320	25.720	284.350	189.970	166.980	641.300	25.720		
25.730	0.000	4.960	7.360	12.320	25.730	277.090	192.390	171.820	641.300	25.730		
25.740	0.000	4.960	7.360	12.320	25.740	261.360	192.390	179.080	632.830	25.740		
25.750	0.000	7.360	7.360	14.720	25.750	246.840	192.390	183.920	623.150	25.750		
25.760	0.000	7.360	7.360	14.720	25.760	232.320	192.390	189.970	614.680	25.760		
25.770	0.000	7.490	7.490	14.980	25.770	216.590	192.390	197.230	606.210	25.770		
25.780	2.450	7.490	7.490	17.430	25.780	199.650	189.970	204.490	594.110	25.780		
25.790	2.450	9.940	4.970	17.360	25.790	183.920	192.390	214.170	590.480	25.790		
25.800	0.000	9.940	4.970	14.910	25.800	171.600	194.480	221.520	587.600	25.800		
25.810	2.450	9.940	4.970	17.360	25.810	159.120	196.560	231.920	587.600	25.810		
25.820	2.450	12.460	4.970	19.880	25.820	149.760	199.680	239.200	588.640	25.820		
25.830	2.450	12.460	4.970	19.880	25.830	139.360	201.760	246.480	587.600	25.830		
25.840	2.450	12.460	4.970	19.880	25.840	130.000	201.760	254.800	586.560	25.840		
25.850	2.450	12.460	2.450	17.360	25.850	121.680	201.760	256.880	580.320	25.850		
25.860	2.450	14.980	2.450	19.880	25.860	116.480	201.760	256.880	575.120	25.860		
25.870	4.970	14.980	2.450	22.400	25.870	112.320	201.760	260.000	574.080	25.870		
25.880	4.970	14.980	2.450	22.400	25.880	107.120	196.560	256.880	560.560	25.880		
25.890	4.970	14.980	2.450	22.400	25.890	104.000	194.480	256.880	555.360	25.890		
25.900	7.490	14.980	0.000	22.470	25.900	101.920	194.480	254.800	551.200	25.900		
25.910	7.490	17.500	0.000	24.990	25.910	99.840	192.400	246.480	538.720	25.910		
25.920	6.600	17.160	0.000	23.760	25.920	99.840	187.200	242.320	529.360	25.920		
25.930	9.240	14.520	0.000	23.760	25.930	96.720	182.000	234.000	512.720	25.930		
25.940	22.440	19.800	0.000	42.240	25.940	96.720	179.920	226.720	503.360	25.940		
25.950	36.960	23.760	0.000	60.720	25.950	97.180	172.000	215.000	484.180	25.950		
25.960	67.320	31.680	0.000	99.000	25.960	94.600	164.260	202.100	460.960	25.960		
25.970	99.000	39.600	0.000	138.600	25.970	92.020	154.800	184.900	431.720	25.970		
25.980	134.640	46.200	0.000	180.840	25.980	89.440	144.480	166.840	400.760	25.980		
25.990	166.320	59.400	0.000	225.720	25.990	84.280	134.160	149.640	368.080	25.990		
26.000	199.320	73.920	0.000	273.240	26.000	81.700	122.120	124.700	328.520	26.000		
26.010	229.680	92.400	0.000	322.080	26.010	77.400	109.220	102.340	288.960	26.010		
26.020	257.400	109.560	0.000	366.960	26.020	74.820	97.180	81.700	253.700	26.020		
26.030	277.200	124.080	0.000	401.280	26.030	72.240	79.980	61.920	214.140	26.030		
26.040	297.000	137.280	0.000	434.280	26.040	64.500	64.500	47.300	176.300	26.040		
26.050	314.160	149.160	0.000	463.320	26.050	56.760	47.300	36.980	141.040	26.050		
26.060	330.000	162.360	0.000	492.360	26.060	47.300	34.400	24.940	106.640	26.060		
26.070	341.040	174.720	1.680	517.440	26.070	39.560	24.940	14.620	79.120	26.070		
26.080	349.440	184.800	3.360	537.600	26.080	36.980	19.780	9.460	66.220	26.080		
26.090	359.520	194.880	6.720	561.120	26.090	31.820	14.620	4.300	50.740	26.090		
26.100	361.200	201.600	8.400	571.200	26.100	22.500	7.470	0.000	29.970	26.100		
26.110	366.240	204.960	8.400	579.600	26.110	12.420	4.950	0.000	17.370	26.110		
26.120	369.600	201.600	11.760	582.960	26.120	7.470	2.430	0.000	9.900	26.120		
26.130	374.640	199.920	11.760	586.320	26.130	4.950	2.430	0.000	7.380	26.130		
26.140	379.680	194.880	11.760	586.320	26.140	4.950	0.000	0.000	4.950	26.140		
26.150	384.720	186.480	11.760	582.960	26.150	4.950	0.000	0.000	4.950	26.150		
26.160	391.440	176.400	8.400	576.240	26.160	4.950	2.430	0.000	7.380	26.160		
26.170	399.840	164.640	6.720	571.200	26.170	2.430	0.000	0.000	2.430	26.170		
26.180	404.880	149.520	3.360	557.760	26.180	4.950	0.000	0.000	4.950	26.180		
26.190	409.920	131.040	1.680	542.640	26.190	4.950	0.000	0.000	4.950	26.190		
26.200	414.960	115.920	1.680	532.560	26.200	2.430	0.000	0.000	2.430	26.200		
26.210	420.000	104.160	1.680	525.840	26.210	4.950	0.000	0.000	4.950	26.210		
26.220	424.840	86.000	0.000	510.840	26.220	2.430	0.000	0.000	2.430	26.220		
26.230	426.560	73.960	0.000	500.520	26.230	2.430	0.000	0.000	2.430	26.230		
26.240	430.000	61.920	0.000	491.920	26.240	2.430	0.000	0.000	2.430	26.240		
26.250	430.000	51.600	0.000	481.600	26.250	2.500	0.000	0.000	2.500	26.250		
26.260	430.000	46.440	0.000	476.440	26.260	2.500	0.000	0.000	2.500	26.260		
26.270	430.000	36.120	0.000	466.120	26.270	2.500	0.000	0.000	2.500	26.270		
26.280	426.560	30.960	0.000	457.520	26.280	2.500	0.000	0.000	2.500	26.280		
26.290	424.840	24.080	0.000	448.920	26.290	5.000	0.000	0.000	5.000	26.290		
26.300	421.400	17.200	0.000	438.600	26.300	2.500	0.000	0.000	2.500	26.300		
26.310	419.680	12.040	0.000	431.720	26.310	2.500	0.000	0.000	2.500	26.310		
26.320	416.240	6.880	0.000	423.120	26.320	2.500	0.000	0.000	2.500	26.320		
26.330	414.520	3.440	0.000	417.960	26.330	2.500	0.000	0.000	2.500	26.330		
26.340	411.080	1.720	0.000	412.800	26.340	2.500	0.000	0.000	2.500	26.340		
26.350	409.360	0.000	0.000	409.360	26.350	2.500	0.000	0.000	2.500	26.350		
26.360	409.360	0.000	0.000	409.360	26.360	5.000	0.000	0.000	5.000	26.360		
26.370	409.360	0.000	0.000	409.360	26.370	5.000	0.000	0.000	5.000	26.370		
26.380	409.360	0.000	0.000	409.360	26.380	5.000	0.000	0.000	5.000	26.380		
26.390	411.080	0.000	0.000	411.080	26.390	5.000	0.000	0.000	5.000	26.390		
26.400	414.520	0.000	0.000	414.520	26.400	4.850	0.000	0.000	4.850	26.400		
26.410	416.240	0.000	0.000	416.240	26.410	4.850	0.000	0.000	4.850	26.410		
26.420	419.680	0.000	0.000	419.680	26.420	4.850	0.000	0.000	4.850	26.420		
26.430	426.560	0.000	0.000	426.560	26.430	6.790	0.000	0.000	6.790	26.430		
26.440	430.000	0.000	0.000	430.000	26.440	11.640	0.000	0.000	11.640	26.440		
26.450	430.000	0.000	0.000	430.000	26.450	22.310	0.000	0.000	22.310	26.450		
26.460	430.000	0.000	0.000	430.000	26.460	29.100	0.000	0.000	29.100	26.460		
26.470	424.840	0.000	0.000	424.840	26.470	46.560	0.000	0.000	46.560	26.470		
26.480	419.680	0.000	0.000	419.680	26.480	64.990	0.000	0.000	64.990	26.480		
26.490	411.080	0.000	0.000	411.080	26.490	84.390	0.000	0.000	84.390	26.490		
26.500	399.040	0.000	0.000	399.040	26.500	106.700	0.000	0.000	106.700	26.500		
26.510	378.400	0.000	0.000	378.400	26.510	131.920	1.940	0.000	133.860	26.510		
26.520	350.000	0.000	0.000	350.000	26.520	161.990	1.940	0.000	163.930	26.520		
26.530	322.000	0.000	0.000	322.000	26.530	196.910	6.790	0.000	203.700	26.530		
26.540	287.000	0.000	0.000	287.000	26.540	242.500	9.700	0.000	252.200	26.540		
26.550	249.200	0.000	0.000	249.200	26.550	311.060	20.600	0.000	331.660	26.550		
26.560	207.200	0.000	0.000	207.200	26.560	387.280	37.080	0.000	424.360	26.560		
26.570	162.400	0.000	0.000	162.400	26.570	438.780	53.560	2.060	494.400	26.570		
26.580	127.400	0.000	0.000	127.400	26.580	479.980	72.100	8.240	560.320	26.580		
26.590	93.800	0.000	0.000	93.800	26.590	500.580	88.580	16.480	605.640	26.590		
26.600	67.200	0.000	0.000	67.200	26.600	510.880	100.940	20.600	632.420	26.600		
26.610	46.200	0.000	0.000	46.200	26.610	515.000	119.480	28.840	663.320	26.610		
26.620	32.200	0.000	1.400	33.600	26.620	504.700	138.020	39.140	681.860	26.620		
26.630	23.800	0.000	0.000	23.800	26.630	486.160	158.620	47.380	692.160	26.630		
26.640	19.600	0.000	0.000	19.600	26.640	461.440	177.160	53.560	692.160	26.640		
26.650	14.000	0.000	0.000	14.000	26.650	434.660	193.640	63.860	692.160	26.650		
26.660	11.200	0.000	0.000	11.200	26.660	405.820	203.940	72.100	681.860	26.660		
26.670	7.500	0.000	0.000	7.500	26.670	374.920	212.180	78.280	665.380	26.670		
26.680	7.500	0.000	0.000	7.500	26.680	348.140	218.360	86.520	653.020	26.680		
26.690	7.500	0.000	0.000	7.500	26.690	325.480	222.480	90.640	638.600	26.690		
26.700	4.980	0.000	0.000	4.980	26.700	307.500	226.320	99.630	633.450	26.700		
26.710	2.490	0.000	0.000	2.490	26.710	291.510	226.320	104.550	622.380	26.710		
26.720	2.490	0.000	0.000	2.490	26.720	276.750	228.780	109.470	615.000	26.720		
26.730	2.490	0.000	0.000	2.490	26.730	261.990	226.320	111.930	600.240	26.730		
26.740	0.000	0.000	0.000	0.000	26.740	249.690	226.320	114.390	590.400	26.740		
26.750	0.000	0.000	0.000	0.000	26.750	234.930	223.860	116.850	575.640	26.750		
26.760	0.000	0.000	0.000	0.000	26.760	221.400	218.940	119.310	559.650	26.760		
26.770	0.000	0.000	0.000	0.000	26.770	209.100	218.940	129.150	557.190	26.770		
26.780	0.000	0.000	0.000	0.000	26.780	199.260	218.940	138.990	557.190	26.780		
26.790	0.000	0.000	0.000	0.000	26.790	189.420	221.400	148.830	559.650	26.790		
26.800	0.000	0.000	0.000	0.000	26.800	177.120	223.860	162.360	563.340	26.800		
26.810	0.000	0.000	0.000	0.000	26.810	164.820	226.320	177.120	568.260	26.810		
26.820	0.000	0.000	0.000	0.000	26.820	146.370	228.780	194.340	569.490	26.820		
26.830	0.000	0.000	0.000	0.000	26.830	131.610	226.320	206.640	564.570	26.830		
26.840	0.000	0.000	0.000	0.000	26.840	114.390	228.780	226.320	569.490	26.840		
26.850	0.000	0.000	0.000	0.000	26.850	93.070	224.730	242.890	560.690	26.850		
26.860	0.000	0.000	0.000	0.000	26.860	81.720	222.460	263.320	567.500	26.860		
26.870	0.000	0.000	0.000	0.000	26.870	68.100	213.380	279.210	560.690	26.870		
26.880	0.000	0.000	0.000	0.000	26.880	56.750	206.570	297.370	560.690	26.880		
26.890	0.000	0.000	0.000	0.000	26.890	52.210	197.490	315.530	565.230	26.890		
26.900	0.000	0.000	0.000	0.000	26.900	43.130	186.140	335.960	565.230	26.900		
26.910	0.000	0.000	0.000	0.000	26.910	36.320	177.060	358.660	572.040	26.910		
26.920	0.000	0.000	0.000	0.000	26.920	31.780	167.980	383.630	583.390	26.920		
26.930	0.000	0.000	0.000	0.000	26.930	24.970	158.900	408.600	592.470	26.930		
26.940	0.000	0.000	0.000	0.000	26.940	15.890	145.280	433.570	594.740	26.940		
26.950	0.000	0.000	0.000	0.000	26.950	11.350	138.470	456.270	606.090	26.950		
26.960	0.000	0.000	0.000	0.000	26.960	9.080	127.120	483.510	619.710	26.960		
26.970	0.000	0.000	0.000	0.000	26.970	4.540	115.770	510.750	631.060	26.970		
26.980	0.000	0.000	0.000	0.000	26.980	2.270	108.960	537.990	649.220	26.980		
26.990	0.000	0.000	0.000	0.000	26.990	0.000	102.150	567.500	669.650	26.990		
27.000	0.000	0.000	0.000	0.000	27.000	0.000	94.380	594.880	689.260	27.000		
27.010	0.000	0.000	0.000	0.000	27.010	0.000	85.800	620.620	706.420	27.010		
27.020	2.500	0.000	0.000	2.500	27.020	0.000	80.080	646.360	726.440	27.020		
27.030	2.500	0.000	0.000	2.500	27.030	0.000	71.500	669.240	740.740	27.030		
27.040	2.500	0.000	0.000	2.500	27.040	0.000	65.780	689.260	755.040	27.040		
27.050	0.000	0.000	0.000	0.000	27.050	0.000	57.200	703.560	760.760	27.050		
27.060	0.000	0.000	0.000	0.000	27.060	0.000	54.340	712.140	766.480	27.060		
27.070	0.000	0.000	0.000	0.000	27.070	0.000	45.760	715.000	760.760	27.070		
27.080	0.000	0.000	5.000	5.000	27.080	0.000	40.040	712.140	752.180	27.080		
27.090	0.000	2.500	22.500	25.000	27.090	0.000	37.180	697.840	735.020	27.090		
27.100	0.000	2.500	67.500	70.000	27.100	0.000	25.740	677.820	703.560	27.100		
27.110	0.000	5.000	125.000	130.000	27.110	0.000	20.020	652.080	672.100	27.110		
27.120	0.000	9.900	182.160	192.060	27.120	0.000	14.300	614.900	629.200	27.120		
27.130	0.000	15.840	235.620	251.460	27.130	0.000	5.720	560.560	566.280	27.130		
27.140	0.000	25.740	304.920	330.660	27.140	0.000	2.860	491.920	494.780	27.140		
27.150	0.000	41.580	366.300	407.880	27.150	0.000	0.000	400.000	400.000	27.150		
27.160	1.980	61.380	415.800	479.160	27.160	0.000	0.000	312.000	312.000	27.160		
27.170	3.960	87.120	451.440	542.520	27.170	0.000	0.000	224.000	224.000	27.170		
27.180	3.960	110.880	477.180	592.020	27.180	0.000	0.000	148.800	148.800	27.180		
27.190	5.940	134.640	487.080	627.660	27.190	0.000	0.000	89.600	89.600	27.190		
27.200	9.900	154.440	495.000	659.340	27.200	0.000	0.000	54.400	54.400	27.200		
27.210	13.860	172.260	495.000	681.120	27.210	0.000	0.000	33.600	33.600	27.210		
27.220	15.840	188.100	489.060	693.000	27.220	0.000	0.000	19.200	19.200	27.220		
27.230	23.760	209.880	473.220	706.860	27.230	0.000	0.000	16.000	16.000	27.230		
27.240	31.680	221.760	451.440	704.880	27.240	0.000	0.000	11.200	11.200	27.240		
27.250	35.640	233.640	429.660	698.940	27.250	0.000	0.000	6.400	6.400	27.250		
27.260	43.560	239.580	403.920	687.060	27.260	0.000	0.000	9.600	9.600	27.260		
27.270	54.760	244.200	370.000	668.960	27.270	0.000	0.000	9.600	9.600	27.270		
27.280	62.160	244.200	337.440	643.800	27.280	0.000	0.000	9.600	9.600	27.280		
27.290	69.560	241.240	304.880	615.680	27.290	0.000	0.000	4.800	4.800	27.290		
27.300	79.920	233.840	266.400	580.160	27.300	0.000	0.000	5.000	5.000	27.300		
27.310	88.800	229.400	229.400	547.600	27.310	0.000	0.000	5.000	5.000	27.310		
27.320	102.120	219.040	196.840	518.000	27.320	0.000	0.000	2.500	2.500	27.320		
27.330	109.520	211.640	167.240	488.400	27.330	0.000	0.000	2.500	2.500	27.330		
27.340	116.920	204.240	139.120	460.280	27.340	0.000	0.000	2.500	2.500	27.340		
27.350	127.280	193.880	116.920	438.080	27.350	0.000	0.000	2.500	2.500	27.350		
27.360	134.680	189.440	99.160	423.280	27.360	0.000	0.000	0.000	0.000	27.360		
27.370	142.080	185.000	84.360	411.440	27.370	0.000	0.000	0.000	0.000	27.370		
27.380	149.480	179.080	71.040	399.600	27.380	0.000	0.000	0.000	0.000	27.380		
27.390	159.840	174.640	59.200	393.680	27.390	0.000	0.000	0.000	0.000	27.390		
27.400	167.240	168.720	51.800	387.760	27.400	0.000	0.000	0.000	0.000	27.400		
27.410	176.120	168.720	44.400	389.240	27.410	0.000	0.000	0.000	0.000	27.410		
27.420	187.040	167.000	38.410	392.450	27.420	0.000	0.000	0.000	0.000	27.420		
27.430	197.060	163.660	36.740	397.460	27.430	0.000	0.000	0.000	0.000	27.430		
27.440	203.740	163.660	31.730	399.130	27.440	0.000	0.000	0.000	0.000	27.440		
27.450	212.090	161.990	26.720	400.800	27.450	0.000	0.000	0.000	0.000	27.450		
27.460	218.770	161.990	23.380	404.140	27.460	0.000	0.000	0.000	0.000	27.460		
27.470	227.120	161.990	18.370	407.480	27.470	0.000	0.000	0.000	0.000	27.470		
27.480	238.810	163.660	16.700	419.170	27.480	0.000	0.000	0.000	0.000	27.480		
27.490	253.840	163.660	16.700	434.200	27.490	0.000	0.000	0.000	0.000	27.490		
27.500	272.210	168.670	16.700	457.580	27.500	0.000	0.000	0.000	0.000	27.500		
27.510	292.250	173.680	13.360	479.290	27.510	0.000	0.000	0.000	0.000	27.510		
27.520	313.960	173.680	11.690	499.330	27.520	0.000	0.000	0.000	0.000	27.520		
27.530	337.340	173.680	8.350	519.370	27.530	0.000	2.500	0.000	2.500	27.530		
27.540	359.050	173.680	6.680	539.410	27.540	0.000	2.500	0.000	2.500	27.540		
27.550	387.440	168.670	3.340	559.450	27.550	0.000	5.000	0.000	5.000	27.550		
27.560	417.500	158.650	0.000	576.150	27.560	0.000	5.000	2.500	7.500	27.560		
27.570	448.230	140.490	0.000	588.720	27.570	0.000	5.000	2.500	7.500	27.570		
27.580	479.450	129.340	0.000	608.790	27.580	0.000	5.000	0.000	5.000	27.580		
27.590	508.440	109.270	0.000	617.710	27.590	0.000	5.000	2.500	7.500	27.590		
27.600	528.510	91.430	0.000	619.940	27.600	0.000	1.790	0.000	1.790	27.600		
27.610	546.350	73.590	0.000	619.940	27.610	0.000	1.790	0.000	1.790	27.610		
27.620	553.040	55.750	0.000	608.790	27.620	0.000	0.000	0.000	0.000	27.620		
27.630	557.500	44.600	0.000	602.100	27.630	7.160	3.580	0.000	10.740	27.630		
27.640	548.580	28.990	0.000	577.570	27.640	32.220	7.160	0.000	39.380	27.640		
27.650	532.970	17.840	0.000	550.810	27.650	76.970	10.740	0.000	87.710	27.650		
27.660	506.210	8.920	0.000	515.130	27.660	114.560	7.160	0.000	121.720	27.660		
27.670	466.070	0.000	0.000	466.070	27.670	139.620	8.950	0.000	148.570	27.670		
27.680	410.320	0.000	0.000	410.320	27.680	179.000	10.740	0.000	189.740	27.680		
27.690	347.880	0.000	0.000	347.880	27.690	234.490	16.110	0.000	250.600	27.690		
27.700	285.440	0.000	0.000	285.440	27.700	304.300	26.850	1.790	332.940	27.700		
27.710	220.770	0.000	0.000	220.770	27.710	374.110	46.540	8.950	429.600	27.710		
27.720	147.500	0.000	0.000	147.500	27.720	417.070	73.390	21.480	511.940	27.720		
27.730	92.040	0.000	0.000	92.040	27.730	438.550	94.870	28.640	562.060	27.730		
27.740	57.230	0.000	0.000	57.230	27.740	447.500	116.350	35.800	599.650	27.740		
27.750	39.530	0.000	0.000	39.530	27.750	445.000	149.520	51.620	646.140	27.750		
27.760	27.140	0.000	0.000	27.140	27.760	427.200	170.880	65.860	663.940	27.760		
27.770	14.750	2.360	2.360	19.470	27.770	405.840	192.240	83.660	681.740	27.770		
27.780	12.390	2.360	2.360	17.110	27.780	380.920	211.820	108.580	701.320	27.780		
27.790	9.440	2.360	2.360	14.160	27.790	352.440	229.620	129.940	712.000	27.790		
27.800	7.080	2.360	2.360	11.800	27.800	323.960	242.080	151.300	717.340	27.800		
27.810	7.080	0.000	0.000	7.080	27.810	291.920	249.200	167.320	708.440	27.810		
27.820	4.720	2.360	0.000	7.080	27.820	256.320	256.320	181.560	694.200	27.820		
27.830	2.360	2.360	0.000	4.720	27.830	224.280	256.320	195.800	676.400	27.830		
27.840	2.360	2.360	2.360	7.080	27.840	188.680	256.320	206.480	651.480	27.840		
27.850	0.000	2.360	2.360	4.720	27.850	156.640	250.980	213.600	621.220	27.850		
27.860	0.000	2.360	0.000	2.360	27.860	129.940	247.420	218.940	596.300	27.860		
27.870	0.000	0.000	0.000	0.000	27.870	101.460	242.080	222.500	566.040	27.870		
27.880	0.000	0.000	0.000	0.000	27.880	81.880	231.400	224.280	537.560	27.880		
27.890	0.000	2.500	0.000	2.500	27.890	64.080	218.940	224.280	507.300	27.890		
27.900	0.000	0.000	0.000	0.000	27.900	52.470	206.700	224.190	483.360	27.900		
27.910	0.000	2.500	0.000	2.500	27.910	39.750	197.160	224.190	461.100	27.910		
27.920	0.000	2.500	0.000	2.500	27.920	31.800	184.440	224.190	440.430	27.920		
27.930	0.000	2.500	0.000	2.500	27.930	22.260	171.720	224.190	418.170	27.930		
27.940	0.000	2.500	0.000	2.500	27.940	14.310	159.000	227.370	400.680	27.940		
27.950	0.000	2.500	0.000	2.500	27.950	9.540	149.460	228.960	387.960	27.950		
27.960	0.000	2.500	0.000	2.500	27.960	4.770	136.740	238.500	380.010	27.960		
27.970	0.000	2.500	0.000	2.500	27.970	1.590	124.020	249.630	375.240	27.970		
27.980	0.000	2.500	0.000	2.500	27.980	0.000	114.480	262.350	376.830	27.980		
27.990	0.000	2.500	0.000	2.500	27.990	0.000	104.940	276.660	381.600	27.990		
28.000	0.000	2.500	0.000	2.500	28.000	0.000	96.990	294.150	391.140	28.000		
28.010	0.000	2.500	0.000	2.500	28.010	0.000	92.220	319.590	411.810	28.010		
28.020	0.000	2.500	0.000	2.500	28.020	0.000	87.450	338.670	426.120	28.020		
28.030	0.000	2.500	0.000	2.500	28.030	0.000	87.450	367.290	454.740	28.030		
28.040	0.000	2.500	0.000	2.500	28.040	0.000	87.450	397.500	484.950	28.040		
28.050	0.000	2.500	0.000	2.500	28.050	0.000	90.000	435.000	525.000	28.050		
28.060	0.000	2.500	0.000	2.500	28.060	0.000	90.000	474.000	564.000	28.060		
28.070	0.000	2.500	0.000	2.500	28.070	0.000	90.000	510.000	600.000	28.070		
28.080	0.000	2.500	0.000	2.500	28.080	0.000	93.000	549.000	642.000	28.080		
28.090	2.500	5.000	0.000	7.500	28.090	0.000	90.000	585.000	675.000	28.090		
28.100	2.500	5.000	0.000	7.500	28.100	0.000	90.000	621.000	711.000	28.100		
28.110	2.500	5.000	0.000	7.500	28.110	0.000	87.000	660.000	747.000	28.110		
28.120	5.000	5.000	0.000	10.000	28.120	0.000	81.000	690.000	771.000	28.120		
28.130	5.000	5.000	0.000	10.000	28.130	0.000	75.000	717.000	792.000	28.130		
28.140	2.500	5.000	0.000	7.500	28.140	0.000	69.000	735.000	804.000	28.140		
28.150	2.500	5.000	0.000	7.500	28.150	0.000	60.000	747.000	807.000	28.150		
28.160	0.000	5.000	0.000	5.000	28.160	0.000	57.000	750.000	807.000	28.160		
28.170	0.000	3.620	0.000	3.620	28.170	0.000	48.000	738.000	786.000	28.170		
28.180	0.000	10.860	9.050	19.910	28.180	0.000	42.000	720.000	762.000	28.180		
28.190	0.000	16.290	39.820	56.110	28.190	0.000	36.000	690.000	726.000	28.190		
28.200	0.000	19.910	81.450	101.360	28.200	0.000	28.380	645.000	673.380	28.200		
28.210	0.000	19.910	114.030	133.940	28.210	0.000	20.640	598.560	619.200	28.210		
28.220	0.000	19.910	141.180	161.090	28.220	0.000	12.900	544.380	557.280	28.220		
28.230	1.810	23.530	179.190	204.530	28.230	0.000	5.160	482.460	487.620	28.230		
28.240	1.810	28.960	237.110	267.880	28.240	0.000	2.580	405.060	407.640	28.240		
28.250	1.810	34.390	291.410	327.610	28.250	0.000	0.000	319.920	319.920	28.250		
28.260	1.810	48.870	343.900	394.580	28.260	0.000	0.000	237.360	237.360	28.260		
28.270	3.620	68.780	383.720	456.120	28.270	0.000	0.000	159.960	159.960	28.270		
28.280	7.240	88.690	416.300	512.230	28.280	0.000	0.000	95.460	95.460	28.280		
28.290	7.240	108.600	436.210	552.050	28.290	0.000	0.000	59.340	59.340	28.290		
28.300	10.860	133.940	447.070	591.870	28.300	0.000	0.000	38.700	38.700	28.300		
28.310	21.720	157.470	452.500	631.690	28.310	0.000	0.000	25.800	25.800	28.310		
28.320	34.200	169.200	450.000	653.400	28.320	0.000	0.000	18.060	18.060	28.320		
28.330	48.600	176.400	433.800	658.800	28.330	0.000	0.000	12.900	12.900	28.330		
28.340	64.800	183.600	415.800	664.200	28.340	0.000	0.000	10.320	10.320	28.340		
28.350	77.400	190.800	394.200	662.400	28.350	0.000	0.000	12.500	12.500	28.350		
28.360	91.800	194.400	370.800	657.000	28.360	0.000	0.000	10.000	10.000	28.360		
28.370	104.400	196.200	343.800	644.400	28.370	0.000	0.000	12.500	12.500	28.370		
28.380	113.400	190.800	315.000	619.200	28.380	0.000	0.000	10.000	10.000	28.380		
28.390	126.000	187.200	280.800	594.000	28.390	0.000	0.000	10.000	10.000	28.390		
28.400	138.600	181.800	248.400	568.800	28.400	0.000	0.000	7.500	7.500	28.400		
28.410	149.400	176.400	216.000	541.800	28.410	0.000	0.000	7.500	7.500	28.410		
28.420	158.400	169.200	183.600	511.200	28.420	0.000	0.000	5.000	5.000	28.420		
28.430	171.000	162.000	156.600	489.600	28.430	0.000	0.000	5.000	5.000	28.430		
28.440	183.600	154.800	129.600	468.000	28.440	0.000	0.000	5.000	5.000	28.440		
28.450	194.400	145.800	109.800	450.000	28.450	0.000	0.000	5.000	5.000	28.450		
28.460	203.400	136.800	91.800	432.000	28.460	0.000	0.000	2.500	2.500	28.460		
28.470	217.140	129.360	73.920	420.420	28.470	0.000	0.000	2.500	2.500	28.470		
28.480	229.460	118.580	61.600	409.640	28.480	0.000	0.000	0.000	0.000	28.480		
28.490	238.700	112.420	52.360	403.480	28.490	0.000	0.000	2.500	2.500	28.490		
28.500	249.480	104.720	41.580	395.780	28.500	0.000	0.000	0.000	0.000	28.500		
28.510	261.800	97.020	33.880	392.700	28.510	2.490	2.490	0.000	4.980	28.510		
28.520	271.040	93.940	29.260	394.240	28.520	0.000	2.490	0.000	2.490	28.520		
28.530	281.820	86.240	21.560	389.620	28.530	0.000	0.000	0.000	0.000	28.530		
28.540	294.140	81.620	13.860	389.620	28.540	0.000	0.000	0.000	0.000	28.540		
28.550	304.920	77.000	9.240	391.160	28.550	0.000	2.490	0.000	2.490	28.550		
28.560	317.240	73.920	6.160	397.320	28.560	0.000	2.490	0.000	2.490	28.560		
28.570	329.560	69.300	6.160	405.020	28.570	0.000	0.000	0.000	0.000	28.570		
28.580	341.880	66.220	4.620	412.720	28.580	0.000	0.000	0.000	0.000	28.580		
28.590	354.200	64.680	4.620	423.500	28.590	0.000	0.000	0.000	0.000	28.590		
28.600	369.600	61.600	1.540	432.740	28.600	0.000	2.490	0.000	2.490	28.600		
28.610	385.000	58.520	0.000	443.520	28.610	0.000	4.980	0.000	4.980	28.610		
28.620	403.970	53.730	0.000	457.700	28.620	0.000	4.980	0.000	4.980	28.620		
28.630	421.880	51.740	0.000	473.620	28.630	0.000	4.980	2.490	7.470	28.630		
28.640	439.790	49.750	0.000	489.540	28.640	0.000	7.500	2.490	9.990	28.640		
28.650	455.710	41.790	0.000	497.500	28.650	0.000	7.200	1.440	8.640	28.650		
28.660	469.640	35.820	0.000	505.460	28.660	0.000	7.200	1.440	8.640	28.660		
28.670	481.580	33.830	0.000	515.410	28.670	0.000	7.200	1.440	8.640	28.670		
28.680	489.540	25.870	0.000	515.410	28.680	0.000	4.320	1.440	5.760	28.680		
28.690	493.520	19.900	0.000	513.420	28.690	0.000	4.320	1.440	5.760	28.690		
28.700	497.500	11.940	0.000	509.440	28.700	0.000	4.320	1.440	5.760	28.700		
28.710	493.520	3.980	0.000	497.500	28.710	11.520	8.640	0.000	20.160	28.710		
28.720	485.560	1.990	0.000	487.550	28.720	44.640	11.520	0.000	56.160	28.720		
28.730	473.620	0.000	0.000	473.620	28.730	92.160	8.640	0.000	100.800	28.730		
28.740	453.720	0.000	0.000	453.720	28.740	122.400	8.640	0.000	131.040	28.740		
28.750	423.870	0.000	0.000	423.870	28.750	146.880	8.640	0.000	155.520	28.750		
28.760	378.100	0.000	0.000	378.100	28.760	184.320	11.520	0.000	195.840	28.760		
28.770	325.000	0.000	0.000	325.000	28.770	236.160	14.400	0.000	250.560	28.770		
28.780	269.100	0.000	0.000	269.100	28.780	293.760	21.600	0.000	315.360	28.780		
28.790	214.500	0.000	0.000	214.500	28.790	360.000	38.880	4.320	403.200	28.790		
28.800	157.300	0.000	0.000	157.300	28.800	416.250	68.450	18.500	503.200	28.800		
28.810	104.000	0.000	0.000	104.000	28.810	445.850	94.350	29.600	569.800	28.810		
28.820	66.300	0.000	0.000	66.300	28.820	458.800	116.550	37.000	612.350	28.820		
28.830	41.600	0.000	0.000	41.600	28.830	462.500	144.300	51.800	658.600	28.830		
28.840	27.300	1.300	1.300	29.900	28.840	453.250	160.950	68.450	682.650	28.840		
28.850	16.900	3.900	1.300	22.100	28.850	436.600	175.750	86.950	699.300	28.850		
28.860	9.100	3.900	3.900	16.900	28.860	416.250	186.850	101.750	704.850	28.860		
28.870	9.100	1.300	3.900	14.300	28.870	395.900	194.250	118.400	708.550	28.870		
28.880	9.100	1.300	1.300	11.700	28.880	373.700	201.650	131.350	706.700	28.880		
28.890	6.500	1.300	1.300	9.100	28.890	349.650	207.200	144.300	701.150	28.890		
28.900	6.500	1.300	1.300	9.100	28.900	321.900	207.200	157.250	686.350	28.900		
28.910	6.500	3.900	1.300	11.700	28.910	294.150	203.500	164.650	662.300	28.910		
28.920	5.000	5.000	5.000	15.000	28.920	264.550	199.800	173.900	638.250	28.920		
28.930	5.000	5.000	5.000	15.000	28.930	236.800	192.400	181.300	610.500	28.930		
28.940	5.000	2.500	2.500	10.000	28.940	209.050	185.000	188.700	582.750	28.940		
28.950	5.000	2.500	2.500	10.000	28.950	178.640	172.480	194.040	545.160	28.950		
28.960	5.000	2.500	2.500	10.000	28.960	157.080	166.320	204.820	528.220	28.960		
28.970	5.000	2.500	0.000	7.500	28.970	133.980	158.620	214.060	506.660	28.970		
28.980	2.500	2.500	2.500	7.500	28.980	113.960	152.460	221.760	488.180	28.980		
28.990	2.500	2.500	2.500	7.500	28.990	97.020	146.300	231.000	474.320	28.990		
29.000	2.500	2.500	0.000	5.000	29.000	84.700	141.680	244.860	471.240	29.000		
29.010	2.500	2.500	0.000	5.000	29.010	69.300	137.060	257.180	463.540	29.010		
29.020	2.500	2.500	2.500	7.500	29.020	58.520	132.440	271.040	462.000	29.020		
29.030	2.500	2.500	2.500	7.500	29.030	52.360	126.280	281.820	460.460	29.030		
29.040	0.000	2.500	0.000	2.500	29.040	41.580	124.740	297.220	463.540	29.040		
29.050	0.000	5.000	2.500	7.500	29.050	38.500	121.660	311.080	471.240	29.050		
29.060	0.000	2.500	2.500	5.000	29.060	33.880	118.580	326.480	478.940	29.060		
29.070	0.000	2.490	0.000	2.490	29.070	32.340	117.040	346.500	495.880	29.070		
29.080	0.000	2.490	0.000	2.490	29.080	26.180	117.040	364.980	508.200	29.080		
29.090	0.000	2.490	0.000	2.490	29.090	18.480	112.420	385.000	515.900	29.090		
29.100	0.000	2.490	0.000	2.490	29.100	12.950	108.780	409.220	530.950	29.100		
29.110	2.490	2.490	0.000	4.980	29.110	10.360	106.190	427.350	543.900	29.110		
29.120	0.000	2.490	0.000	2.490	29.120	7.770	103.600	448.070	559.440	29.120		
29.130	0.000	2.490	0.000	2.490	29.130	7.770	101.010	471.380	580.160	29.130		
29.140	0.000	2.490	0.000	2.490	29.140	2.590	98.420	492.100	593.110	29.140		
29.150	0.000	4.980	0.000	4.980	29.150	2.590	95.830	512.820	611.240	29.150		
29.160	0.000	4.980	0.000	4.980	29.160	0.000	88.060	536.130	624.190	29.160		
29.170	4.980	4.980	0.000	9.960	29.170	0.000	82.880	559.440	642.320	29.170		
29.180	4.980	4.980	0.000	9.960	29.180	0.000	77.700	577.570	655.270	29.180		
29.190	2.490	7.500	0.000	9.990	29.190	0.000	72.520	593.110	665.630	29.190		
29.200	4.980	7.500	0.000	12.480	29.200	0.000	67.340	613.830	681.170	29.200		
29.210	4.980	7.500	0.000	12.480	29.210	0.000	56.980	626.780	683.760	29.210		
29.220	3.600	7.200	1.800	12.600	29.220	0.000	51.800	639.730	691.530	29.220		
29.230	3.600	3.600	0.000	7.200	29.230	0.000	44.030	644.910	688.940	29.230		
29.240	1.800	3.600	0.000	5.400	29.240	0.000	38.850	647.500	686.350	29.240		
29.250	0.000	9.000	9.000	18.000	29.250	0.000	33.410	642.500	675.910	29.250		
29.260	0.000	16.200	41.400	57.600	29.260	0.000	28.270	632.220	660.490	29.260		
29.270	0.000	19.800	99.000	118.800	29.270	0.000	23.130	614.230	637.360	29.270		
29.280	0.000	21.600	151.200	172.800	29.280	0.000	15.420	588.530	603.950	29.280		
29.290	1.800	23.400	189.000	214.200	29.290	0.000	10.280	552.550	562.830	29.290		
29.300	1.800	27.000	241.200	270.000	29.300	0.000	5.140	514.000	519.140	29.300		
29.310	3.600	36.000	304.200	343.800	29.310	0.000	0.000	457.460	457.460	29.310		
29.320	7.200	48.600	360.000	415.800	29.320	0.000	0.000	393.210	393.210	29.320		
29.330	9.000	66.600	396.000	471.600	29.330	0.000	0.000	321.250	321.250	29.330		
29.340	10.800	91.800	424.800	527.400	29.340	0.000	0.000	236.440	236.440	29.340		
29.350	10.800	122.400	441.000	574.200	29.350	0.000	0.000	161.910	161.910	29.350		
29.360	16.200	151.200	450.000	617.400	29.360	0.000	0.000	97.660	97.660	29.360		
29.370	27.000	180.000	450.000	657.000	29.370	0.000	0.000	61.680	61.680	29.370		
29.380	39.600	201.600	437.400	678.600	29.380	0.000	0.000	35.980	35.980	29.380		
29.390	54.000	221.400	415.800	691.200	29.390	0.000	0.000	23.130	23.130	29.390		
29.400	72.000	235.800	387.000	694.800	29.400	2.480	0.000	20.000	22.480	29.400		
29.410	90.000	248.400	349.200	687.600	29.410	0.000	0.000	14.960	14.960	29.410		
29.420	106.200	257.400	315.000	678.600	29.420	2.480	0.000	10.000	12.480	29.420		
29.430	122.400	261.000	280.800	664.200	29.430	2.480	0.000	12.480	14.960	29.430		
29.440	136.800	264.600	248.400	649.800	29.440	2.480	0.000	12.480	14.960	29.440		
29.450	151.200	266.400	219.600	637.200	29.450	0.000	0.000	10.000	10.000	29.450		
29.460	167.400	259.200	189.000	615.600	29.460	2.480	0.000	10.000	12.480	29.460		
29.470	180.000	253.800	162.000	595.800	29.470	2.480	0.000	10.000	12.480	29.470		
29.480	190.800	241.200	135.000	567.000	29.480	2.480	0.000	10.000	12.480	29.480		
29.490	203.400	234.000	113.400	550.800	29.490	2.480	0.000	7.440	9.920	29.490		
29.500	214.200	221.400	93.600	529.200	29.500	2.480	0.000	7.440	9.920	29.500		
29.510	226.800	208.800	77.400	513.000	29.510	2.480	0.000	4.960	7.440	29.510		
29.520	236.280	196.680	62.040	495.000	29.520	2.480	0.000	4.960	7.440	29.520		
29.530	241.560	187.440	48.840	477.840	29.530	2.480	0.000	4.960	7.440	29.530		
29.540	252.120	176.880	39.600	468.600	29.540	2.480	0.000	2.480	4.960	29.540		
29.550	257.400	166.320	34.320	458.040	29.550	2.500	0.000	2.500	5.000	29.550		
29.560	264.000	157.080	29.040	450.120	29.560	0.000	0.000	2.500	2.500	29.560		
29.570	269.280	151.800	23.760	444.840	29.570	2.500	0.000	0.000	2.500	29.570		
29.580	277.200	143.880	17.160	438.240	29.580	0.000	2.500	2.500	5.000	29.580		
29.590	282.480	139.920	11.880	434.280	29.590	0.000	0.000	0.000	0.000	29.590		
29.600	289.080	132.000	9.240	430.320	29.600	0.000	0.000	0.000	0.000	29.600		
29.610	291.720	126.720	9.240	427.680	29.610	2.500	0.000	0.000	2.500	29.610		
29.620	299.640	124.080	6.600	430.320	29.620	0.000	0.000	0.000	0.000	29.620		
29.630	306.240	118.800	6.600	431.640	29.630	0.000	0.000	0.000	0.000	29.630		
29.640	314.160	117.480	3.960	435.600	29.640	0.000	0.000	0.000	0.000	29.640		
29.650	322.080	114.840	3.960	440.880	29.650	0.000	0.000	0.000	0.000	29.650		
29.660	330.000	114.840	3.960	448.800	29.660	0.000	0.000	0.000	0.000	29.660		
29.670	338.200	112.100	3.800	454.100	29.670	0.000	0.000	0.000	0.000	29.670		
29.680	349.600	112.100	1.900	463.600	29.680	0.000	2.500	0.000	2.500	29.680		
29.690	361.000	108.300	1.900	471.200	29.690	0.000	2.500	0.000	2.500	29.690		
29.700	372.400	108.300	1.900	482.600	29.700	0.000	2.380	0.000	2.380	29.700		
29.710	381.900	108.300	0.000	490.200	29.710	0.000	2.380	2.380	4.760	29.710		
29.720	393.300	106.400	1.900	501.600	29.720	0.000	2.380	2.380	4.760	29.720		
29.730	404.700	104.500	0.000	509.200	29.730	0.000	4.930	2.380	7.310	29.730		
29.740	414.200	100.700	0.000	514.900	29.740	0.000	4.930	2.380	7.310	29.740		
29.750	427.500	98.800	0.000	526.300	29.750	0.000	4.930	2.380	7.310	29.750		
29.760	437.000	95.000	0.000	532.000	29.760	0.000	4.930	2.380	7.310	29.760		
29.770	448.400	89.300	0.000	537.700	29.770	0.000	4.930	4.930	9.860	29.770		
29.780	456.000	81.700	0.000	537.700	29.780	0.000	2.380	4.930	7.310	29.780		
29.790	467.400	74.100	0.000	541.500	29.790	0.000	4.930	2.380	7.310	29.790		
29.800	471.200	66.500	0.000	537.700	29.800	0.000	2.380	2.380	4.760	29.800		
29.810	475.000	57.000	0.000	532.000	29.810	0.000	2.380	2.380	4.760	29.810		
29.820	472.500	49.140	0.000	521.640	29.820	0.000	2.380	0.000	2.380	29.820		
29.830	466.830	43.470	0.000	510.300	29.830	14.960	9.860	0.000	24.820	29.830		
29.840	461.160	35.910	0.000	497.070	29.840	42.500	12.410	0.000	54.910	29.840		
29.850	451.710	32.130	0.000	483.840	29.850	78.520	9.060	0.000	87.580	29.850		
29.860	436.590	24.570	0.000	461.160	29.860	104.190	9.060	0.000	113.250	29.860		
29.870	419.580	18.900	0.000	438.480	29.870	129.860	12.080	0.000	141.940	29.870		
29.880	396.900	11.340	0.000	408.240	29.880	169.120	12.080	0.000	181.200	29.880		
29.890	368.550	5.670	0.000	374.220	29.890	211.400	13.590	0.000	224.990	29.890		
29.900	338.310	3.780	0.000	342.090	29.900	256.700	21.140	0.000	277.840	29.900		
29.910	306.180	0.000	0.000	306.180	29.910	306.530	39.260	9.060	354.850	29.910		
29.920	272.160	0.000	0.000	272.160	29.920	347.300	61.910	21.140	430.350	29.920		
29.930	234.360	0.000	0.000	234.360	29.930	366.930	77.010	27.180	471.120	29.930		
29.940	187.110	0.000	0.000	187.110	29.940	371.460	92.110	34.730	498.300	29.940		
29.950	141.750	0.000	0.000	141.750	29.950	377.500	108.720	46.810	533.030	29.950		
29.960	94.500	0.000	0.000	94.500	29.960	377.500	131.370	64.930	573.800	29.960		
29.970	57.500	0.000	0.000	57.500	29.970	374.480	149.490	84.560	608.530	29.970		
29.980	39.790	0.000	0.000	39.790	29.980	366.930	161.570	101.170	629.670	29.980		
29.990	27.370	2.300	0.000	29.670	29.990	354.850	173.650	119.290	647.790	29.990		
30.000	17.480	2.300	2.300	22.080	30.000	332.500	186.200	136.990	655.690	30.000		
30.010	14.950	2.300	2.300	19.550	30.010	309.890	196.840	151.620	658.350	30.010		
30.020	12.420	2.300	2.300	17.020	30.020	287.280	204.820	171.570	663.670	30.020		
30.030	9.890	2.300	2.300	14.490	30.030	267.330	211.470	182.210	661.010	30.030		
30.040	7.360	2.300	0.000	9.660	30.040	247.380	216.790	196.840	661.010	30.040		
30.050	7.360	2.300	2.300	11.960	30.050	224.770	219.450	208.810	653.030	30.050		
30.060	7.360	2.300	2.300	11.960	30.060	207.480	216.790	216.790	641.060	30.060		
30.070	4.830	2.300	2.300	9.430	30.070	186.200	216.790	224.770	627.760	30.070		
30.080	4.830	2.300	2.300	9.430	30.080	166.250	214.130	231.420	611.800	30.080		
30.090	4.830	0.000	2.300	7.130	30.090	146.300	211.470	239.400	597.170	30.090		
30.100	4.830	2.300	2.300	9.430	30.100	131.670	208.810	244.720	585.200	30.100		
30.110	4.830	2.300	0.000	7.130	30.110	114.380	207.480	251.370	573.230	30.110		
30.120	5.000	2.500	0.000	7.500	30.120	99.750	204.820	256.690	561.260	30.120		
30.130	5.000	2.500	2.500	10.000	30.130	86.450	202.160	264.670	553.280	30.130		
30.140	5.000	0.000	0.000	5.000	30.140	77.140	199.500	271.320	547.960	30.140		
30.150	2.500	2.500	0.000	5.000	30.150	67.050	196.680	277.140	540.870	30.150		
30.160	2.500	2.500	0.000	5.000	30.160	61.090	192.210	281.610	534.910	30.160		
30.170	2.500	2.500	0.000	5.000	30.170	56.620	189.230	286.080	531.930	30.170		
30.180	2.500	2.500	2.500	7.500	30.180	49.170	186.250	292.040	527.460	30.180		
30.190	2.500	2.500	0.000	5.000	30.190	44.700	184.760	296.510	525.970	30.190		
30.200	2.500	0.000	0.000	2.500	30.200	41.720	184.760	303.960	530.440	30.200		
30.210	2.500	0.000	0.000	2.500	30.210	38.740	181.780	311.410	531.930	30.210		
30.220	2.500	0.000	0.000	2.500	30.220	34.270	178.800	314.390	527.460	30.220		
30.230	2.500	0.000	0.000	2.500	30.230	31.290	177.310	324.820	533.420	30.230		
30.240	2.500	0.000	0.000	2.500	30.240	26.820	174.330	332.270	533.420	30.240		
30.250	0.000	2.500	0.000	2.500	30.250	22.350	171.350	339.720	533.420	30.250		
30.260	0.000	2.500	0.000	2.500	30.260	16.390	169.860	344.190	530.440	30.260		
30.270	2.500	2.500	0.000	5.000	30.270	16.390	166.880	354.620	537.890	30.270		
30.280	2.500	2.500	0.000	5.000	30.280	16.390	163.900	362.070	542.360	30.280		
30.290	0.000	0.000	0.000	0.000	30.290	14.900	159.430	372.500	546.830	30.290		
30.300	2.500	2.500	0.000	5.000	30.300	12.900	150.500	380.550	543.950	30.300		
30.310	0.000	2.500	0.000	2.500	30.310	12.900	144.050	391.300	548.250	30.310		
30.320	2.500	2.500	0.000	5.000	30.320	12.900	139.750	402.050	554.700	30.320		
30.330	2.500	2.500	0.000	5.000	30.330	12.900	135.450	417.100	565.450	30.330		
30.340	2.500	2.500	0.000	5.000	30.340	10.750	133.300	425.700	569.750	30.340		
30.350	5.000	2.500	0.000	7.500	30.350	12.900	133.300	438.600	584.800	30.350		
30.360	5.000	2.500	0.000	7.500	30.360	10.750	133.300	449.350	593.400	30.360		
30.370	5.000	2.500	0.000	7.500	30.370	10.750	133.300	462.250	606.300	30.370		
30.380	5.000	2.500	0.000	7.500	30.380	10.750	135.450	473.000	619.200	30.380		
30.390	5.000	5.000	0.000	10.000	30.390	10.750	133.300	483.750	627.800	30.390		
30.400	5.000	2.500	0.000	7.500	30.400	8.600	133.300	496.650	638.550	30.400		
30.410	5.000	2.500	0.000	7.500	30.410	6.450	131.150	511.700	649.300	30.410		
30.420	5.000	2.400	0.000	7.400	30.420	6.450	126.850	522.450	655.750	30.420		
30.430	5.000	2.400	0.000	7.400	30.430	4.300	120.400	531.050	655.750	30.430		
30.440	5.000	2.400	0.000	7.400	30.440	4.300	116.100	537.500	657.900	30.440		
30.450	2.400	0.000	0.000	2.400	30.450	2.220	108.780	543.900	654.900	30.450		
30.460	5.000	2.400	0.000	7.400	30.460	0.000	104.340	546.120	650.460	30.460		
30.470	2.400	2.400	0.000	4.800	30.470	0.000	99.900	550.560	650.460	30.470		
30.480	5.000	0.000	0.000	5.000	30.480	0.000	91.020	555.000	646.020	30.480		
30.490	2.400	2.400	0.000	4.800	30.490	0.000	86.580	555.000	641.580	30.490		
30.500	2.400	2.400	0.000	4.800	30.500	0.000	79.920	550.560	630.480	30.500		
30.510	2.400	2.400	0.000	4.800	30.510	0.000	73.260	546.120	619.380	30.510		
30.520	2.400	2.400	0.000	4.800	30.520	0.000	68.820	543.900	612.720	30.520		
30.530	0.000	5.000	5.000	10.000	30.530	0.000	64.380	541.680	606.060	30.530		
30.540	0.000	10.000	15.000	25.000	30.540	0.000	59.940	532.800	592.740	30.540		
30.550	0.000	12.400	30.000	42.400	30.550	0.000	55.500	526.140	581.640	30.550		
30.560	0.000	15.000	50.000	65.000	30.560	0.000	51.060	517.260	568.320	30.560		
30.570	0.000	14.900	67.050	81.950	30.570	0.000	48.840	506.160	555.000	30.570		
30.580	0.000	14.900	86.420	101.320	30.580	0.000	44.400	492.840	537.240	30.580		
30.590	0.000	16.390	114.730	131.120	30.590	0.000	42.180	481.740	523.920	30.590		
30.600	0.000	22.350	144.530	166.880	30.600	0.000	37.200	465.000	502.200	30.600		
30.610	0.000	26.820	178.800	205.620	30.610	0.000	33.480	446.400	479.880	30.610		
30.620	1.490	34.270	211.580	247.340	30.620	0.000	31.620	425.940	457.560	30.620		
30.630	4.470	44.700	239.890	289.060	30.630	0.000	29.760	403.620	433.380	30.630		
30.640	4.470	53.640	259.260	317.370	30.640	0.000	24.180	373.860	398.040	30.640		
30.650	7.450	64.070	277.140	348.660	30.650	0.000	18.600	338.520	357.120	30.650		
30.660	8.940	77.480	289.060	375.480	30.660	0.000	14.880	299.460	314.340	30.660		
30.670	8.940	86.420	306.940	402.300	30.670	0.000	9.300	258.540	267.840	30.670		
30.680	14.900	101.320	326.310	442.530	30.680	0.000	7.440	219.480	226.920	30.680		
30.690	16.390	116.220	341.210	473.820	30.690	0.000	3.720	178.560	182.280	30.690		
30.700	22.350	126.650	359.090	508.090	30.700	0.000	1.860	139.500	141.360	30.700		
30.710	23.840	137.080	372.500	533.420	30.710	0.000	0.000	102.300	102.300	30.710		
30.720	26.400	146.850	384.450	557.700	30.720	0.000	0.000	74.400	74.400	30.720		
30.730	31.350	153.450	394.350	579.150	30.730	0.000	0.000	52.080	52.080	30.730		
30.740	34.650	158.400	400.950	594.000	30.740	0.000	0.000	37.200	37.200	30.740		
30.750	34.650	165.000	405.900	605.550	30.750	0.000	0.000	27.500	27.500	30.750		
30.760	36.300	166.650	409.200	612.150	30.760	2.420	0.000	19.910	22.330	30.760		
30.770	36.300	169.950	412.500	618.750	30.770	2.420	0.000	14.960	17.380	30.770		
30.780	36.300	169.950	409.200	615.450	30.780	2.420	0.000	12.430	14.850	30.780		
30.790	36.300	169.950	409.200	615.450	30.790	2.420	0.000	9.900	12.320	30.790		
30.800	36.300	166.650	404.250	607.200	30.800	2.420	0.000	9.900	12.320	30.800		
30.810	36.300	161.700	399.300	597.300	30.810	2.420	0.000	9.900	12.320	30.810		
30.820	36.300	161.700	394.350	592.350	30.820	2.420	0.000	9.900	12.320	30.820		
30.830	34.650	156.750	384.450	575.850	30.830	2.420	0.000	7.480	9.900	30.830		
30.840	34.650	153.450	376.200	564.300	30.840	2.420	0.000	7.480	9.900	30.840		
30.850	36.300	151.800	366.300	554.400	30.850	2.420	0.000	7.480	9.900	30.850		
30.860	36.300	148.500	356.400	541.200	30.860	2.420	0.000	7.480	9.900	30.860		
30.870	38.920	148.730	347.500	535.150	30.870	2.420	0.000	4.950	7.370	30.870		
30.880	38.920	147.340	336.380	522.640	30.880	2.420	0.000	4.950	7.370	30.880		
30.890	41.700	144.560	329.430	515.690	30.890	2.420	0.000	2.420	4.840	30.890		
30.900	41.700	144.560	323.870	510.130	30.900	2.500	0.000	5.000	7.500	30.900		
30.910	41.700	147.340	319.700	508.740	30.910	2.500	0.000	2.500	5.000	30.910		
30.920	44.480	148.730	316.920	510.130	30.920	5.000	0.000	2.500	7.500	30.920		
30.930	47.260	151.510	316.920	515.690	30.930	2.500	0.000	0.000	2.500	30.930		
30.940	47.260	154.290	316.920	518.470	30.940	2.500	0.000	0.000	2.500	30.940		
30.950	47.260	157.070	319.700	524.030	30.950	2.500	0.000	0.000	2.500	30.950		
30.960	48.650	159.850	322.480	530.980	30.960	2.500	0.000	0.000	2.500	30.960		
30.970	51.430	161.240	322.480	535.150	30.970	2.500	0.000	0.000	2.500	30.970		
30.980	51.430	164.020	323.870	539.320	30.980	2.500	0.000	0.000	2.500	30.980		
30.990	54.210	169.580	326.650	550.440	30.990	2.500	0.000	0.000	2.500	30.990		
31.000	54.210	172.360	326.650	553.220	31.000	2.500	0.000	0.000	2.500	31.000		
31.010	56.990	173.750	329.430	560.170	31.010	2.500	0.000	0.000	2.500	31.010		
31.020	56.760	176.880	330.000	563.640	31.020	2.500	0.000	0.000	2.500	31.020		
31.030	56.760	176.880	330.000	563.640	31.030	2.500	0.000	0.000	2.500	31.030		
31.040	56.760	179.520	330.000	566.280	31.040	2.500	0.000	0.000	2.500	31.040		
31.050	59.400	182.160	330.000	571.560	31.050	2.500	0.000	0.000	2.500	31.050		
31.060	56.760	184.800	327.360	568.920	31.060	2.500	0.000	0.000	2.500	31.060		
31.070	59.400	184.800	324.720	568.920	31.070	0.000	0.000	0.000	0.000	31.070		
31.080	62.040	187.440	319.440	568.920	31.080	2.500	0.000	0.000	2.500	31.080		
31.090	62.040	187.440	316.800	566.280	31.090	2.500	0.000	0.000	2.500	31.090		
31.100	64.680	187.440	308.880	561.000	31.100	2.500	0.000	0.000	2.500	31.100		
31.110	64.680	187.440	304.920	557.040	31.110	0.000	0.000	0.000	0.000	31.110		
31.120	64.680	184.800	299.640	549.120	31.120	2.500	0.000	0.000	2.500	31.120		
31.130	67.320	187.440	294.360	549.120	31.130	2.500	2.500	0.000	5.000	31.130		
31.140	69.960	187.440	286.440	543.840	31.140	2.500	2.500	0.000	5.000	31.140		
31.150	71.280	188.760	279.840	539.880	31.150	0.000	2.500	0.000	2.500	31.150		
31.160	73.920	188.760	274.560	537.240	31.160	0.000	2.500	0.000	2.500	31.160		
31.170	77.040	191.530	267.500	536.070	31.170	0.000	5.000	0.000	5.000	31.170		
31.180	79.180	189.390	256.800	525.370	31.180	2.500	5.000	0.000	7.500	31.180		
31.190	82.390	189.390	249.310	521.090	31.190	2.500	2.500	0.000	5.000	31.190		
31.200	84.530	189.390	243.960	517.880	31.200	0.000	4.250	0.000	4.250	31.200		
31.210	84.530	189.390	236.470	510.390	31.210	1.700	4.250	0.000	5.950	31.210		
31.220	84.530	187.250	228.980	500.760	31.220	4.250	6.800	0.000	11.050	31.220		
31.230	86.670	187.250	226.840	500.760	31.230	9.350	9.350	0.000	18.700	31.230		
31.240	86.670	187.250	219.350	493.270	31.240	17.000	11.900	0.000	28.900	31.240		
31.250	86.670	184.040	214.000	484.710	31.250	29.750	14.450	0.000	44.200	31.250		
31.260	86.670	181.900	209.720	478.290	31.260	46.750	19.550	0.000	66.300	31.260		
31.270	86.670	176.550	202.230	465.450	31.270	74.800	27.200	6.800	108.800	31.270		
31.280	84.530	172.270	196.880	453.680	31.280	112.200	34.850	11.900	158.950	31.280		
31.290	82.390	164.780	187.250	434.420	31.290	144.500	37.400	17.000	198.900	31.290		
31.300	79.180	157.290	174.410	410.880	31.300	162.350	37.400	19.550	219.300	31.300		
31.310	77.040	144.450	157.290	378.780	31.310	176.800	39.950	22.100	238.850	31.310		
31.320	79.920	132.300	135.000	347.220	31.320	187.000	42.500	27.200	256.700	31.320		
31.330	79.920	119.880	114.480	314.280	31.330	197.200	46.750	32.300	276.250	31.330		
31.340	82.080	109.620	94.500	286.200	31.340	212.500	51.850	34.850	299.200	31.340		
31.350	84.780	97.200	77.220	259.200	31.350	231.000	56.980	41.580	329.560	31.350		
31.360	84.780	84.780	62.100	231.660	31.360	246.400	61.600	44.660	352.660	31.360		
31.370	84.780	77.220	49.680	211.680	31.370	264.880	66.220	46.200	377.300	31.370		
31.380	82.080	67.500	39.960	189.540	31.380	278.740	72.380	49.280	400.400	31.380		
31.390	82.080	57.240	29.700	169.020	31.390	297.220	77.000	53.900	428.120	31.390		
31.400	79.920	49.680	19.980	149.580	31.400	314.160	84.700	53.900	452.760	31.400		
31.410	74.520	42.120	14.580	131.220	31.410	331.100	89.320	56.980	477.400	31.410		
31.420	69.660	37.260	9.720	116.640	31.420	344.960	93.940	58.520	497.420	31.420		
31.430	64.800	34.560	9.720	109.080	31.430	357.280	98.560	61.600	517.440	31.430		
31.440	54.540	29.700	7.020	91.260	31.440	364.980	101.640	58.520	525.140	31.440		
31.450	49.680	24.840	7.020	81.540	31.450	371.140	104.720	61.600	537.460	31.450		
31.460	42.120	19.980	4.860	66.960	31.460	377.300	106.260	61.600	545.160	31.460		
31.470	35.000	14.980	4.900	54.880	31.470	381.920	109.340	61.600	552.860	31.470		
31.480	24.920	12.460	4.900	42.280	31.480	381.920	106.260	64.680	552.860	31.480		
31.490	19.880	9.940	2.380	32.200	31.490	385.000	109.340	64.680	559.020	31.490		
31.500	17.500	9.940	4.900	32.340	31.500	384.780	114.480	66.780	566.040	31.500		
31.510	9.940	7.420	2.380	19.740	31.510	386.370	116.070	69.960	572.400	31.510		
31.520	9.940	4.900	2.380	17.220	31.520	386.370	116.070	69.960	572.400	31.520		
31.530	7.420	4.900	2.380	14.700	31.530	389.550	119.250	69.960	578.760	31.530		
31.540	7.420	4.900	2.380	14.700	31.540	389.550	119.250	69.960	578.760	31.540		
31.550	4.900	4.900	2.380	12.180	31.550	391.140	122.430	69.960	583.530	31.550		
31.560	4.900	4.900	0.000	9.800	31.560	394.320	124.020	69.960	588.300	31.560		
31.570	4.900	2.380	2.380	9.660	31.570	394.320	127.200	71.550	593.070	31.570		
31.580	4.900	4.900	2.380	12.180	31.580	394.320	128.790	71.550	594.660	31.580		
31.590	4.900	2.380	0.000	7.280	31.590	397.500	128.790	71.550	597.840	31.590		
31.600	4.900	2.380	2.380	9.660	31.600	397.500	128.790	69.960	596.250	31.600		
31.610	4.900	2.380	0.000	7.280	31.610	397.500	131.970	69.960	599.430	31.610		
31.620	5.000	2.500	2.500	10.000	31.620	397.500	131.970	66.780	596.250	31.620		
31.630	5.000	0.000	0.000	5.000	31.630	397.500	131.970	66.780	596.250	31.630		
31.640	5.000	2.500	0.000	7.500	31.640	394.320	131.970	63.600	589.890	31.640		
31.650	5.000	0.000	0.000	5.000	31.650	388.680	131.140	64.780	584.600	31.650		
31.660	5.000	0.000	0.000	5.000	31.660	387.100	131.140	61.620	579.860	31.660		
31.670	5.000	0.000	0.000	5.000	31.670	383.940	131.140	61.620	576.700	31.670		
31.680	5.000	0.000	0.000	5.000	31.680	382.360	131.140	58.460	571.960	31.680		
31.690	5.000	0.000	0.000	5.000	31.690	379.200	131.140	58.460	568.800	31.690		
31.700	5.000	0.000	0.000	5.000	31.700	376.040	131.140	58.460	565.640	31.700		
31.710	5.000	0.000	0.000	5.000	31.710	374.460	131.140	58.460	564.060	31.710		
31.720	5.000	0.000	0.000	5.000	31.720	374.460	134.300	58.460	567.220	31.720		
31.730	5.000	0.000	0.000	5.000	31.730	376.040	134.300	58.460	568.800	31.730		
31.740	5.000	0.000	0.000	5.000	31.740	376.040	134.300	58.460	568.800	31.740		
31.750	5.000	0.000	0.000	5.000	31.750	379.200	134.300	58.460	571.960	31.750		
31.760	5.000	0.000	0.000	5.000	31.760	383.940	137.460	58.460	579.860	31.760		
31.770	5.000	0.000	2.500	7.500	31.770	387.100	137.460	58.460	583.020	31.770		
31.780	5.000	0.000	2.500	7.500	31.780	391.840	137.460	61.620	590.920	31.780		
31.790	5.000	0.000	2.500	7.500	31.790	395.000	137.460	58.460	590.920	31.790		
31.800	5.000	0.000	2.500	7.500	31.800	402.470	133.600	58.450	594.520	31.800		
31.810	5.000	0.000	2.500	7.500	31.810	407.480	133.600	56.780	597.860	31.810		
31.820	5.000	0.000	2.500	7.500	31.820	409.150	131.930	53.440	594.520	31.820		
31.830	5.000	0.000	2.500	7.500	31.830	414.160	131.930	53.440	599.530	31.830		
31.840	5.000	0.000	2.500	7.500	31.840	417.500	131.930	53.440	602.870	31.840		
31.850	5.000	0.000	2.500	7.500	31.850	417.500	128.590	53.440	599.530	31.850		
31.860	5.000	0.000	2.500	7.500	31.860	417.500	128.590	51.770	597.860	31.860		
31.870	5.000	0.000	2.500	7.500	31.870	414.160	128.590	51.770	594.520	31.870		
31.880	5.000	0.000	2.500	7.500	31.880	412.490	131.930	53.440	597.860	31.880		
31.890	5.000	0.000	2.500	7.500	31.890	407.480	128.590	53.440	589.510	31.890		
31.900	5.000	0.000	2.500	7.500	31.900	404.140	131.930	53.440	589.510	31.900		
31.910	5.000	0.000	5.000	10.000	31.910	399.130	131.930	56.780	587.840	31.910		
31.920	4.620	2.310	2.310	9.240	31.920	392.450	133.600	61.790	587.840	31.920		
31.930	4.620	0.000	2.310	6.930	31.930	384.100	133.600	61.790	579.490	31.930		
31.940	6.930	4.620	4.620	16.170	31.940	377.420	136.940	66.800	581.160	31.940		
31.950	9.240	6.930	6.930	23.100	31.950	367.500	136.710	74.970	579.180	31.950		
31.960	12.320	14.630	16.940	43.890	31.960	354.270	139.650	79.380	573.300	31.960		
31.970	12.320	22.330	34.650	69.300	31.970	339.570	136.710	83.790	560.070	31.970		
31.980	12.320	29.260	52.360	93.940	31.980	318.990	136.710	89.670	545.370	31.980		
31.990	14.630	36.960	69.300	120.890	31.990	291.060	132.300	94.080	517.440	31.990		
32.000	16.940	42.350	82.390	141.680	32.000	261.660	124.950	99.960	486.570	32.000		
32.010	19.250	46.970	97.020	163.240	32.010	226.380	114.660	104.370	445.410	32.010		
32.020	22.330	54.670	109.340	186.340	32.020	186.690	104.370	111.720	402.780	32.020		
32.030	22.330	62.370	127.050	211.750	32.030	144.060	83.790	116.130	343.980	32.030		
32.040	26.950	69.300	144.760	241.010	32.040	101.430	66.150	126.420	294.000	32.040		
32.050	26.950	79.310	167.090	273.350	32.050	66.150	44.100	129.360	239.610	32.050		
32.060	26.950	89.320	192.500	308.770	32.060	49.980	32.340	132.300	214.620	32.060		
32.070	29.190	107.030	229.350	365.570	32.070	41.160	19.110	126.420	186.690	32.070		
32.080	31.970	122.320	261.320	415.610	32.080	39.690	14.700	116.130	170.520	32.080		
32.090	34.750	136.220	291.900	462.870	32.090	36.750	7.350	101.430	145.530	32.090		
32.100	36.140	154.290	316.920	507.350	32.100	34.680	4.760	85.000	124.440	32.100		
32.110	41.700	166.800	332.210	540.710	32.110	32.300	0.000	69.700	102.000	32.110		
32.120	47.260	176.530	341.940	565.730	32.120	29.920	0.000	49.980	79.900	32.120		
32.130	51.430	186.260	347.500	585.190	32.130	24.820	0.000	32.300	57.120	32.130		
32.140	54.210	191.820	344.720	590.750	32.140	22.440	0.000	19.720	42.160	32.140		
32.150	59.770	198.770	341.940	600.480	32.150	22.440	0.000	9.860	32.300	32.150		
32.160	61.160	201.550	336.380	599.090	32.160	22.440	0.000	0.000	22.440	32.160		
32.170	66.720	204.330	329.430	600.480	32.170	22.440	0.000	0.000	22.440	32.170		
32.180	69.500	204.330	314.140	587.970	32.180	22.440	0.000	0.000	22.440	32.180		
32.190	73.670	207.110	294.680	575.460	32.190	19.720	0.000	0.000	19.720	32.190		
32.200	79.230	204.330	276.610	560.170	32.200	19.720	0.000	0.000	19.720	32.200		
32.210	86.180	204.330	257.150	547.660	32.210	19.720	0.000	0.000	19.720	32.210		
32.220	92.150	202.350	237.500	532.000	32.220	17.340	0.000	0.000	17.340	32.220		
32.230	92.150	199.500	222.300	513.950	32.230	17.340	0.000	0.000	17.340	32.230		
32.240	96.900	202.350	209.950	509.200	32.240	14.960	0.000	0.000	14.960	32.240		
32.250	99.750	199.500	202.350	501.600	32.250	15.000	0.000	0.000	15.000	32.250		
32.260	101.650	202.350	196.650	500.650	32.260	15.000	2.460	0.000	17.460	32.260		
32.270	104.500	202.350	194.750	501.600	32.270	12.480	2.460	0.000	14.940	32.270		
32.280	104.500	207.100	194.750	506.350	32.280	12.480	2.460	0.000	14.940	32.280		
32.290	104.500	211.850	194.750	511.100	32.290	12.480	2.460	0.000	14.940	32.290		
32.300	104.500	214.700	196.650	515.850	32.300	12.480	2.460	0.000	14.940	32.300		
32.310	104.500	216.600	199.500	520.600	32.310	12.480	2.460	0.000	14.940	32.310		
32.320	104.500	219.450	202.350	526.300	32.320	12.480	2.460	0.000	14.940	32.320		
32.330	104.500	222.300	207.100	533.900	32.330	9.960	0.000	0.000	9.960	32.330		
32.340	107.350	227.050	209.950	544.350	32.340	9.960	0.000	0.000	9.960	32.340		
32.350	107.350	229.900	211.850	549.100	32.350	9.960	0.000	0.000	9.960	32.350		
32.360	109.250	234.650	211.850	555.750	32.360	12.480	0.000	0.000	12.480	32.360		
32.370	112.110	239.370	209.070	560.550	32.370	9.960	0.000	0.000	9.960	32.370		
32.380	112.110	242.400	207.050	561.560	32.380	9.960	0.000	0.000	9.960	32.380		
32.390	117.160	242.400	204.020	563.580	32.390	9.960	0.000	0.000	9.960	32.390		
32.400	119.180	244.420	196.950	560.550	32.400	10.000	0.000	0.000	10.000	32.400		
32.410	119.180	247.450	191.900	558.530	32.410	10.000	0.000	0.000	10.000	32.410		
32.420	124.230	247.450	189.880	561.560	32.420	10.000	0.000	0.000	10.000	32.420		
32.430	127.260	249.470	184.830	561.560	32.430	10.000	0.000	0.000	10.000	32.430		
32.440	129.280	249.470	176.750	555.500	32.440	10.000	2.480	0.000	12.480	32.440		
32.450	134.330	252.500	171.700	558.530	32.450	10.000	0.000	0.000	10.000	32.450		
32.460	137.360	252.500	164.630	554.490	32.460	10.000	2.480	0.000	12.480	32.460		
32.470	139.380	252.500	156.550	548.430	32.470	10.000	2.480	0.000	12.480	32.470		
32.480	142.410	252.500	151.500	546.410	32.480	10.000	5.000	0.000	15.000	32.480		
32.490	142.410	252.500	147.460	542.370	32.490	7.480	5.000	0.000	12.480	32.490		
32.500	144.430	252.500	142.410	539.340	32.500	7.480	5.000	0.000	12.480	32.500		
32.510	147.460	252.500	134.330	534.290	32.510	7.480	5.000	0.000	12.480	32.510		
32.520	147.000	250.000	130.000	527.000	32.520	7.480	7.480	0.000	14.960	32.520		
32.530	147.000	247.000	125.000	519.000	32.530	7.480	7.480	0.000	14.960	32.530		
32.540	147.000	242.000	120.000	509.000	32.540	7.480	7.480	0.000	14.960	32.540		
32.550	147.000	242.000	115.000	504.000	32.550	9.620	11.840	2.220	23.680	32.550		
32.560	145.000	240.000	112.000	497.000	32.560	11.840	14.800	7.400	34.040	32.560		
32.570	147.000	237.000	107.000	491.000	32.570	11.840	19.980	14.800	46.620	32.570		
32.580	142.000	235.000	107.000	484.000	32.580	11.840	24.420	22.200	58.460	32.580		
32.590	140.000	232.000	102.000	474.000	32.590	14.800	29.600	37.000	81.400	32.590		
32.600	135.000	225.000	100.000	460.000	32.600	17.020	37.000	49.580	103.600	32.600		
32.610	130.000	217.000	97.000	444.000	32.610	29.600	44.400	64.380	138.380	32.610		
32.620	120.000	207.000	92.000	419.000	32.620	49.580	56.980	84.360	190.920	32.620		
32.630	110.000	197.000	90.000	397.000	32.630	71.780	71.780	99.900	243.460	32.630		
32.640	100.000	185.000	85.000	370.000	32.640	89.540	84.360	114.700	288.600	32.640		
32.650	92.000	170.000	75.000	337.000	32.650	102.120	96.940	129.500	328.560	32.650		
32.660	80.000	157.000	67.000	304.000	32.660	109.520	109.520	147.260	366.300	32.660		
32.670	72.390	142.500	57.000	271.890	32.670	112.480	116.920	159.840	389.240	32.670		
32.680	64.980	127.110	47.310	239.400	32.680	114.700	127.280	174.640	416.620	32.680		
32.690	54.720	114.570	37.050	206.340	32.690	116.920	132.460	185.000	434.380	32.690		
32.700	47.310	104.880	29.640	181.830	32.700	124.740	139.590	192.060	456.390	32.700		
32.710	39.900	92.340	19.950	152.190	32.710	129.690	146.520	199.980	476.190	32.710		
32.720	32.490	82.080	9.690	124.260	32.720	134.640	152.460	206.910	494.010	32.720		
32.730	24.510	72.390	4.560	101.460	32.730	141.570	157.410	211.860	510.840	32.730		
32.740	17.100	64.980	2.280	84.360	32.740	146.520	164.340	219.780	530.640	32.740		
32.750	11.970	54.720	0.000	66.690	32.750	152.460	169.290	224.730	546.480	32.750		
32.760	9.690	47.310	0.000	57.000	32.760	157.410	174.240	229.680	561.330	32.760		
32.770	7.410	37.050	0.000	44.460	32.770	159.390	179.190	231.660	570.240	32.770		
32.780	4.560	32.490	0.000	37.050	32.780	164.340	184.140	239.580	588.060	32.780		
32.790	4.560	22.230	0.000	26.790	32.790	164.340	187.110	241.560	593.010	32.790		
32.800	4.560	14.820	0.000	19.380	32.800	167.310	189.090	241.560	597.960	32.800		
32.810	2.280	7.410	0.000	9.690	32.810	169.290	192.060	247.500	608.850	32.810		
32.820	2.490	7.500	0.000	9.990	32.820	172.260	192.060	244.530	608.850	32.820		
32.830	2.490	4.980	0.000	7.470	32.830	174.240	194.040	241.560	609.840	32.830		
32.840	2.490	4.980	0.000	7.470	32.840	177.210	194.040	241.560	612.810	32.840		
32.850	2.490	4.980	0.000	7.470	32.850	179.550	191.900	237.500	608.950	32.850		
32.860	2.490	2.490	0.000	4.980	32.860	179.550	191.900	237.500	608.950	32.860		
32.870	0.000	2.490	0.000	2.490	32.870	179.550	190.000	234.650	604.200	32.870		
32.880	4.980	0.000	0.000	4.980	32.880	182.400	190.000	234.650	607.050	32.880		
32.890	2.490	0.000	0.000	2.490	32.890	182.400	190.000	234.650	607.050	32.890		
32.900	2.490	0.000	0.000	2.490	32.900	182.400	187.150	231.800	601.350	32.900		
32.910	2.490	0.000	0.000	2.490	32.910	184.300	190.000	229.900	604.200	32.910		
32.920	2.490	0.000	0.000	2.490	32.920	187.150	190.000	229.900	607.050	32.920		
32.930	2.490	0.000	0.000	2.490	32.930	191.900	190.000	224.200	606.100	32.930		
32.940	2.490	0.000	0.000	2.490	32.940	196.650	187.150	222.300	606.100	32.940		
32.950	2.490	0.000	0.000	2.490	32.950	204.250	187.150	214.700	606.100	32.950		
32.960	2.490	0.000	0.000	2.490	32.960	211.850	184.300	207.100	603.250	32.960		
32.970	2.420	0.000	0.000	2.420	32.970	219.450	184.300	202.350	606.100	32.970		
32.980	0.000	0.000	0.000	0.000	32.980	227.050	182.400	191.900	601.350	32.980		
32.990	2.420	0.000	0.000	2.420	32.990	234.650	182.400	187.150	604.200	32.990		
33.000	2.420	0.000	0.000	2.420	33.000	241.980	182.040	184.260	608.280	33.000		
33.010	2.420	0.000	0.000	2.420	33.010	249.750	182.040	182.040	613.830	33.010		
33.020	2.420	0.000	0.000	2.420	33.020	251.970	179.820	179.820	611.610	33.020		
33.030	0.000	0.000	0.000	0.000	33.030	256.410	179.820	176.490	612.720	33.030		
33.040	2.420	0.000	0.000	2.420	33.040	261.960	176.490	172.050	610.500	33.040		
33.050	2.420	0.000	0.000	2.420	33.050	264.180	174.270	169.830	608.280	33.050		
33.060	2.420	0.000	0.000	2.420	33.060	269.730	172.050	166.500	608.280	33.060		
33.070	2.420	0.000	0.000	2.420	33.070	271.950	169.830	162.060	603.840	33.070		
33.080	0.000	0.000	0.000	0.000	33.080	274.170	164.280	156.510	594.960	33.080		
33.090	2.420	0.000	2.420	4.840	33.090	274.170	159.840	152.070	586.080	33.090		
33.100	7.480	12.430	14.960	34.870	33.100	277.500	154.290	146.520	578.310	33.100		
33.110	7.480	17.490	27.500	52.470	33.110	274.170	146.520	139.860	560.550	33.110		
33.120	7.150	24.750	37.400	69.300	33.120	269.730	139.860	134.310	543.900	33.120		
33.130	12.100	29.700	47.300	89.100	33.130	261.960	129.870	126.540	518.370	33.130		
33.140	17.050	34.650	55.000	106.700	33.140	251.970	119.880	119.880	491.730	33.140		
33.150	22.000	39.600	62.150	123.750	33.150	240.000	109.440	109.440	458.880	33.150		
33.160	27.500	44.550	67.100	139.150	33.160	224.640	99.840	101.760	426.240	33.160		
33.170	29.700	49.500	74.800	154.000	33.170	214.080	92.160	94.080	400.320	33.170		
33.180	34.650	52.250	79.750	166.650	33.180	204.480	84.480	89.280	378.240	33.180		
33.190	37.400	57.200	87.450	182.050	33.190	196.800	79.680	87.360	363.840	33.190		
33.200	37.400	62.150	97.350	196.900	33.200	192.000	79.680	84.480	356.160	33.200		
33.210	39.600	64.900	104.500	209.000	33.210	189.120	74.880	81.600	345.600	33.210		
33.220	42.350	69.850	112.200	224.400	33.220	189.120	74.880	81.600	345.600	33.220		
33.230	42.350	72.050	119.900	234.300	33.230	189.120	72.000	81.600	342.720	33.230		
33.240	42.350	74.800	127.050	244.200	33.240	192.000	74.880	81.600	348.480	33.240		
33.250	42.350	79.750	132.000	254.100	33.250	192.000	72.000	81.600	345.600	33.250		
33.260	42.350	82.500	137.500	262.350	33.260	192.000	72.000	79.680	343.680	33.260		
33.270	44.660	82.360	139.780	266.800	33.270	189.120	69.120	79.680	337.920	33.270		
33.280	44.660	84.680	142.100	271.440	33.280	184.320	67.200	81.600	333.120	33.280		
33.290	42.340	82.360	142.100	266.800	33.290	182.400	67.200	79.680	329.280	33.290		
33.300	44.660	82.360	142.100	269.120	33.300	177.500	62.480	77.390	317.370	33.300		
33.310	44.660	82.360	142.100	269.120	33.310	171.820	62.480	77.390	311.690	33.310		
33.320	42.340	79.460	139.780	261.580	33.320	171.820	62.480	77.390	311.690	33.320		
33.330	42.340	77.140	139.780	259.260	33.330	169.690	59.640	74.550	303.880	33.330		
33.340	39.440	77.140	137.460	254.040	33.340	166.850	59.640	77.390	303.880	33.340		
33.350	39.440	74.820	137.460	251.720	33.350	164.720	56.800	74.550	296.070	33.350		
33.360	39.440	74.820	137.460	251.720	33.360	164.720	56.800	74.550	296.070	33.360		
33.370	37.120	74.820	137.460	249.400	33.370	164.720	56.800	74.550	296.070	33.370		
33.380	37.120	74.820	139.780	251.720	33.380	166.850	56.800	72.420	296.070	33.380		
33.390	37.120	74.820	139.780	251.720	33.390	169.690	56.800	74.550	301.040	33.390		
33.400	39.440	74.820	142.100	256.360	33.400	169.690	56.800	74.550	301.040	33.400		
33.410	37.120	74.820	145.000	256.940	33.410	171.820	56.800	74.550	303.170	33.410		
33.420	36.850	74.370	147.400	258.620	33.420	174.660	56.800	74.550	306.010	33.420		
33.430	36.850	74.370	147.400	258.620	33.430	174.660	56.800	72.420	303.880	33.430		
33.440	36.850	74.370	149.410	260.630	33.440	174.660	56.800	72.420	303.880	33.440		
33.450	36.850	74.370	152.090	263.310	33.450	172.500	57.270	72.450	302.220	33.450		
33.460	36.850	74.370	152.090	263.310	33.460	172.500	54.510	72.450	299.460	33.460		
33.470	34.840	74.370	154.770	263.980	33.470	172.500	54.510	72.450	299.460	33.470		
33.480	34.840	77.050	154.770	266.660	33.480	169.740	54.510	69.690	293.940	33.480		
33.490	34.840	77.050	157.450	269.340	33.490	169.740	54.510	69.690	293.940	33.490		
33.500	34.840	77.050	159.460	271.350	33.500	169.740	54.510	69.690	293.940	33.500		
33.510	34.840	77.050	159.460	271.350	33.510	169.740	54.510	69.690	293.940	33.510		
33.520	32.160	77.050	162.140	271.350	33.520	169.740	52.440	69.690	291.870	33.520		
33.530	32.160	77.050	164.820	274.030	33.530	169.740	52.440	66.930	289.110	33.530		
33.540	32.160	77.050	164.820	274.030	33.540	172.500	52.440	66.930	291.870	33.540		
33.550	29.480	77.050	164.820	271.350	33.550	172.500	54.510	66.930	293.940	33.550		
33.560	32.160	74.370	167.500	274.030	33.560	172.500	54.510	66.930	293.940	33.560		
33.570	29.640	76.760	167.200	273.600	33.570	172.500	54.510	66.930	293.940	33.570		
33.580	29.640	79.800	169.480	278.920	33.580	169.740	54.510	64.860	289.110	33.580		
33.590	29.640	76.760	169.480	275.880	33.590	169.740	52.440	64.860	287.040	33.590		
33.600	27.360	79.800	171.760	278.920	33.600	169.920	51.840	66.960	288.720	33.600		
33.610	27.360	79.800	171.760	278.920	33.610	169.920	51.840	64.800	286.560	33.610		
33.620	27.360	79.800	177.080	284.240	33.620	172.080	51.840	64.800	288.720	33.620		
33.630	24.320	79.800	179.360	283.480	33.630	172.080	51.840	61.920	285.840	33.630		
33.640	22.040	76.760	182.400	281.200	33.640	174.960	51.840	59.760	286.560	33.640		
33.650	19.760	79.800	182.400	281.960	33.650	174.960	51.840	59.760	286.560	33.650		
33.660	19.760	76.760	184.680	281.200	33.660	177.120	51.840	56.880	285.840	33.660		
33.670	17.480	79.800	186.960	284.240	33.670	177.120	51.840	56.880	285.840	33.670		
33.680	17.480	76.760	186.960	281.200	33.680	180.000	51.840	56.880	288.720	33.680		
33.690	17.480	76.760	190.000	284.240	33.690	177.120	51.840	56.880	285.840	33.690		
33.700	17.480	76.760	186.960	281.200	33.700	177.120	51.840	56.880	285.840	33.700		
33.710	17.480	76.760	190.000	284.240	33.710	177.120	51.840	54.720	283.680	33.710		
33.720	16.740	77.190	189.720	283.650	33.720	177.120	54.720	54.720	286.560	33.720		
33.730	16.740	79.980	189.720	286.440	33.730	174.960	51.840	54.720	281.520	33.730		
33.740	16.740	77.190	189.720	283.650	33.740	177.120	51.840	56.880	285.840	33.740		
33.750	16.740	77.190	189.720	283.650	33.750	177.500	54.670	56.800	288.970	33.750		
33.760	14.880	77.190	191.580	283.650	33.760	177.500	51.830	54.670	284.000	33.760		
33.770	14.880	77.190	194.370	286.440	33.770	177.500	51.830	54.670	284.000	33.770		
33.780	14.880	79.980	197.160	292.020	33.780	177.500	51.830	54.670	284.000	33.780		
33.790	12.090	79.980	199.950	292.020	33.790	174.660	51.830	54.670	281.160	33.790		
33.800	12.090	79.980	201.810	293.880	33.800	174.660	51.830	51.830	278.320	33.800		
33.810	9.300	81.840	207.390	298.530	33.810	171.820	51.830	51.830	275.480	33.810		
33.820	9.300	81.840	212.040	303.180	33.820	171.820	49.700	49.700	271.220	33.820		
33.830	7.440	84.630	216.690	308.760	33.830	169.690	46.860	46.860	263.410	33.830		
33.840	4.650	87.420	222.270	314.340	33.840	169.690	46.860	46.860	263.410	33.840		
33.850	4.650	89.280	229.710	323.640	33.850	166.850	46.860	44.730	258.440	33.850		
33.860	1.860	89.280	232.500	323.640	33.860	164.720	44.730	39.760	249.210	33.860		
33.870	1.980	89.100	239.580	330.660	33.870	164.720	44.730	39.760	249.210	33.870		
33.880	1.980	89.100	241.560	332.640	33.880	161.880	41.890	36.920	240.690	33.880		
33.890	0.000	92.070	244.530	336.600	33.890	161.880	41.890	34.790	238.560	33.890		
33.900	0.000	89.100	247.500	336.600	33.900	159.160	39.560	32.200	230.920	33.900		
33.910	1.980	92.070	247.500	341.550	33.910	157.320	39.560	32.200	229.080	33.910		
33.920	1.980	89.100	247.500	338.580	33.920	154.560	39.560	29.440	223.560	33.920		
33.930	1.980	89.100	247.500	338.580	33.930	154.560	39.560	24.840	218.960	33.930		
33.940	4.950	92.070	244.530	341.550	33.940	154.560	39.560	24.840	218.960	33.940		
33.950	4.950	94.050	241.560	340.560	33.950	154.560	39.560	24.840	218.960	33.950		
33.960	9.900	99.990	234.630	344.520	33.960	154.560	39.560	24.840	218.960	33.960		
33.970	16.830	101.970	221.760	340.560	33.970	154.560	36.800	24.840	216.200	33.970		
33.980	21.780	106.920	204.930	333.630	33.980	159.160	39.560	24.840	223.560	33.980		
33.990	29.700	106.920	187.110	323.730	33.990	164.680	39.560	22.080	226.320	33.990		
34.000	36.630	109.890	169.290	315.810	34.000	169.280	39.560	22.080	230.920	34.000		
34.010	44.550	106.920	149.490	300.960	34.010	179.400	42.320	24.840	246.560	34.010		
34.020	54.880	102.410	122.500	279.790	34.020	192.280	46.920	24.840	264.040	34.020		
34.030	62.230	94.570	94.570	251.370	34.030	209.760	52.440	26.680	288.880	34.030		
34.040	69.580	82.320	69.580	221.480	34.040	230.000	57.040	29.440	316.480	34.040		
34.050	79.870	67.130	44.590	191.590	34.050	259.960	64.020	34.920	358.900	34.050		
34.060	89.670	49.980	24.990	164.640	34.060	289.060	73.720	34.920	397.700	34.060		
34.070	97.020	34.790	12.250	144.060	34.070	323.980	83.420	38.800	446.200	34.070		
34.080	97.020	27.440	4.900	129.360	34.080	356.960	93.120	38.800	488.880	34.080		
34.090	92.120	19.600	0.000	111.720	34.090	386.060	104.760	40.740	531.560	34.090		
34.100	79.870	12.250	0.000	92.120	34.100	411.280	110.580	44.620	566.480	34.100		
34.110	64.680	9.800	0.000	74.480	34.110	430.680	116.400	44.620	591.700	34.110		
34.120	49.980	4.900	0.000	54.880	34.120	448.140	122.220	46.560	616.920	34.120		
34.130	32.340	2.450	0.000	34.790	34.130	461.720	126.100	46.560	634.380	34.130		
34.140	14.700	0.000	0.000	14.700	34.140	471.420	129.980	46.560	647.960	34.140		
34.150	7.350	0.000	0.000	7.350	34.150	481.120	131.920	46.560	659.600	34.150		
34.160	4.900	0.000	0.000	4.900	34.160	485.000	131.920	48.500	665.420	34.160		
34.170	4.980	0.000	0.000	4.980	34.170	485.000	131.920	48.500	665.420	34.170		
34.180	4.980	0.000	0.000	4.980	34.180	481.120	129.980	46.560	657.660	34.180		
34.190	7.500	0.000	0.000	7.500	34.190	477.240	126.100	46.560	649.900	34.190		
34.200	4.980	0.000	0.000	4.980	34.200	467.500	121.550	44.880	633.930	34.200		
34.210	7.500	0.000	0.000	7.500	34.210	456.280	119.680	46.750	622.710	34.210		
34.220	4.980	0.000	0.000	4.980	34.220	446.930	114.070	41.140	602.140	34.220		
34.230	4.980	0.000	0.000	4.980	34.230	435.710	108.460	41.140	585.310	34.230		
34.240	4.980	0.000	0.000	4.980	34.240	428.230	106.590	41.140	575.960	34.240		
34.250	4.980	0.000	0.000	4.980	34.250	418.880	100.980	39.270	559.130	34.250		
34.260	4.980	0.000	0.000	4.980	34.260	411.400	99.110	41.140	551.650	34.260		
34.270	4.980	0.000	0.000	4.980	34.270	405.790	97.240	39.270	542.300	34.270		
34.280	4.980	0.000	0.000	4.980	34.280	398.310	97.240	39.270	534.820	34.280		
34.290	2.490	0.000	0.000	2.490	34.290	394.570	97.240	41.140	532.950	34.290		
34.300	4.980	0.000	0.000	4.980	34.300	388.960	97.240	41.140	527.340	34.300		
34.310	4.980	0.000	2.490	7.470	34.310	387.090	93.500	41.140	521.730	34.310		
34.320	5.000	0.000	0.000	5.000	34.320	383.350	93.500	44.880	521.730	34.320		
34.330	2.480	0.000	0.000	2.480	34.330	381.480	97.240	44.880	523.600	34.330		
34.340	5.000	0.000	0.000	5.000	34.340	381.480	97.240	44.880	523.600	34.340		
34.350	5.000	0.000	0.000	5.000	34.350	380.000	97.280	47.120	524.400	34.350		
34.360	5.000	0.000	2.480	7.480	34.360	376.960	97.280	47.120	521.360	34.360		
34.370	5.000	0.000	0.000	5.000	34.370	376.960	98.800	48.640	524.400	34.370		
34.380	5.000	0.000	0.000	5.000	34.380	373.920	98.800	48.640	521.360	34.380		
34.390	5.000	0.000	0.000	5.000	34.390	376.960	98.800	48.640	524.400	34.390		
34.400	5.000	0.000	0.000	5.000	34.400	373.920	98.800	48.640	521.360	34.400		
34.410	7.480	0.000	0.000	7.480	34.410	376.960	101.840	51.680	530.480	34.410		
34.420	7.480	0.000	0.000	7.480	34.420	376.960	101.840	51.680	530.480	34.420		
34.430	7.480	0.000	0.000	7.480	34.430	376.960	101.840	51.680	530.480	34.430		
34.440	7.480	0.000	0.000	7.480	34.440	376.960	104.880	54.720	536.560	34.440		
34.450	7.480	0.000	0.000	7.480	34.450	380.000	106.400	54.720	541.120	34.450		
34.460	10.000	0.000	0.000	10.000	34.460	380.000	106.400	59.280	545.680	34.460		
34.470	8.280	0.000	0.000	8.280	34.470	380.000	109.440	62.320	551.760	34.470		
34.480	12.420	0.000	0.000	12.420	34.480	376.960	112.480	62.320	551.760	34.480		
34.490	12.420	0.000	0.000	12.420	34.490	373.920	114.000	62.320	550.240	34.490		
34.500	14.490	0.000	0.000	14.490	34.500	367.500	116.130	66.150	549.780	34.500		
34.510	16.560	0.000	0.000	16.560	34.510	357.210	119.070	69.090	545.370	34.510		
34.520	18.630	0.000	0.000	18.630	34.520	343.980	119.070	72.030	535.080	34.520		
34.530	28.980	0.000	0.000	28.980	34.530	324.870	116.130	74.970	515.970	34.530		
34.540	190.440	0.000	0.000	190.440	34.540	296.940	114.660	79.380	490.980	34.540		
34.550	200.790	14.490	0.000	215.280	34.550	258.720	107.310	82.320	448.350	34.550		
34.560	260.820	14.490	0.000	275.310	34.560	208.740	97.020	82.320	388.080	34.560		
34.570	362.250	24.840	0.000	387.090	34.570	151.410	76.440	76.440	304.290	34.570		
34.580	424.350	37.260	0.000	461.610	34.580	91.140	57.330	72.030	220.500	34.580		
34.590	453.330	43.470	0.000	496.800	34.590	47.040	36.750	64.680	148.470	34.590		
34.600	486.450	51.750	0.000	538.200	34.600	33.810	24.990	51.450	110.250	34.600		
34.610	517.500	62.100	0.000	579.600	34.610	32.340	16.170	36.750	85.260	34.610		
34.620	547.400	69.020	0.000	616.420	34.620	26.460	11.760	22.050	60.270	34.620		
34.630	568.820	71.400	0.000	640.220	34.630	24.990	1.470	4.410	30.870	34.630		
34.640	580.720	71.400	0.000	652.120	34.640	22.050	1.470	0.000	23.520	34.640		
34.650	590.240	66.640	0.000	656.880	34.650	20.000	2.480	0.000	22.480	34.650		
34.660	595.000	57.120	0.000	652.120	34.660	17.440	0.000	0.000	17.440	34.660		
34.670	587.860	49.980	0.000	637.840	34.670	20.000	0.000	0.000	20.000	34.670		
34.680	578.340	40.460	0.000	618.800	34.680	17.440	0.000	0.000	17.440	34.680		
34.690	561.680	33.320	0.000	595.000	34.690	20.000	0.000	0.000	20.000	34.690		
34.700	542.640	28.560	0.000	571.200	34.700	20.000	0.000	0.000	20.000	34.700		
34.710	521.220	21.420	0.000	542.640	34.710	20.000	0.000	0.000	20.000	34.710		
34.720	504.560	19.040	0.000	523.600	34.720	17.440	0.000	0.000	17.440	34.720		
34.730	485.520	14.280	0.000	499.800	34.730	17.440	0.000	0.000	17.440	34.730		
34.740	466.480	11.900	0.000	478.380	34.740	17.440	0.000	0.000	17.440	34.740		
34.750	449.820	9.520	0.000	459.340	34.750	17.440	0.000	0.000	17.440	34.750		
34.760	430.780	7.140	0.000	437.920	34.760	14.960	0.000	0.000	14.960	34.760		
34.770	416.240	1.720	0.000	417.960	34.770	14.960	0.000	0.000	14.960	34.770		
34.780	404.200	1.720	0.000	405.920	34.780	14.960	0.000	0.000	14.960	34.780		
34.790	397.320	0.000	0.000	397.320	34.790	14.960	0.000	0.000	14.960	34.790		
34.800	392.160	0.000	0.000	392.160	34.800	12.480	0.000	0.000	12.480	34.800		
34.810	388.720	0.000	0.000	388.720	34.810	12.480	0.000	0.000	12.480	34.810		
34.820	392.160	0.000	0.000	392.160	34.820	15.000	2.460	0.000	17.460	34.820		
34.830	392.160	0.000	0.000	392.160	34.830	15.000	2.460	0.000	17.460	34.830		
34.840	393.880	0.000	0.000	393.880	34.840	12.480	0.000	0.000	12.480	34.840		
34.850	397.320	0.000	0.000	397.320	34.850	12.480	0.000	0.000	12.480	34.850		
34.860	399.040	0.000	0.000	399.040	34.860	12.480	0.000	0.000	12.480	34.860		
34.870	404.200	0.000	0.000	404.200	34.870	12.480	0.000	0.000	12.480	34.870		
34.880	409.360	0.000	0.000	409.360	34.880	12.480	0.000	0.000	12.480	34.880		
34.890	416.240	0.000	0.000	416.240	34.890	12.480	0.000	0.000	12.480	34.890		
34.900	424.840	0.000	0.000	424.840	34.900	12.480	0.000	0.000	12.480	34.900		
34.910	430.000	0.000	0.000	430.000	34.910	12.480	0.000	0.000	12.480	34.910		
34.920	437.370	0.000	0.000	437.370	34.920	12.480	0.000	0.000	12.480	34.920		
34.930	441.030	0.000	0.000	441.030	34.930	12.480	0.000	0.000	12.480	34.930		
34.940	444.690	0.000	0.000	444.690	34.940	12.480	0.000	0.000	12.480	34.940		
34.950	441.030	0.000	0.000	441.030	34.950	10.000	0.000	0.000	10.000	34.950		
34.960	441.030	0.000	0.000	441.030	34.960	10.000	0.000	0.000	10.000	34.960		
34.970	439.200	0.000	0.000	439.200	34.970	10.000	0.000	0.000	10.000	34.970		
34.980	439.200	0.000	0.000	439.200	34.980	10.000	0.000	0.000	10.000	34.980		
34.990	441.030	0.000	0.000	441.030	34.990	10.000	0.000	0.000	10.000	34.990		
35.000	446.520	0.000	0.000	446.520	35.000	10.000	0.000	0.000	10.000	35.000		
35.010	452.010	0.000	0.000	452.010	35.010	10.000	0.000	0.000	10.000	35.010		
35.020	453.840	0.000	0.000	453.840	35.020	10.000	0.000	0.000	10.000	35.020		
35.030	457.500	0.000	0.000	457.500	35.030	10.000	0.000	0.000	10.000	35.030		
35.040	457.500	0.000	0.000	457.500	35.040	10.000	0.000	0.000	10.000	35.040		
35.050	457.500	0.000	0.000	457.500	35.050	10.000	2.480	0.000	12.480	35.050		
35.060	453.840	0.000	0.000	453.840	35.060	10.000	0.000	0.000	10.000	35.060		
35.070	455.000	0.000	0.000	455.000	35.070	10.000	2.480	0.000	12.480	35.070		
35.080	449.540	0.000	0.000	449.540	35.080	10.000	0.000	0.000	10.000	35.080		
35.090	445.900	0.000	0.000	445.900	35.090	10.000	0.000	0.000	10.000	35.090		
35.100	444.080	0.000	0.000	444.080	35.100	8.880	2.220	0.000	11.100	35.100		
35.110	438.620	0.000	0.000	438.620	35.110	8.880	2.220	0.000	11.100	35.110		
35.120	431.340	0.000	0.000	431.340	35.120	11.100	2.220	0.000	13.320	35.120		
35.130	425.880	0.000	0.000	425.880	35.130	11.100	2.220	0.000	13.320	35.130		
35.140	416.780	0.000	0.000	416.780	35.140	11.100	2.220	0.000	13.320	35.140		
35.150	405.860	0.000	0.000	405.860	35.150	11.100	0.000	0.000	11.100	35.150		
35.160	398.580	0.000	0.000	398.580	35.160	11.100	2.220	0.000	13.320	35.160		
35.170	385.840	0.000	0.000	385.840	35.170	28.860	4.440	0.000	33.300	35.170		
35.180	369.460	0.000	0.000	369.460	35.180	148.740	11.100	2.220	162.060	35.180		
35.190	351.260	0.000	0.000	351.260	35.190	261.960	11.100	2.220	275.280	35.190		
35.200	325.780	0.000	0.000	325.780	35.200	324.120	6.660	0.000	330.780	35.200		
35.210	289.380	0.000	0.000	289.380	35.210	388.500	8.880	0.000	397.380	35.210		
35.220	232.500	0.000	0.000	232.500	35.220	457.320	8.880	0.000	466.200	35.220		
35.230	172.050	0.000	0.000	172.050	35.230	510.600	22.200	2.220	535.020	35.230		
35.240	117.180	0.000	0.000	117.180	35.240	555.000	35.520	6.660	597.180	35.240		
35.250	71.610	0.000	0.000	71.610	35.250	577.840	65.240	11.650	654.730	35.250		
35.260	39.990	0.000	0.000	39.990	35.260	582.500	100.190	23.300	705.990	35.260		
35.270	26.970	0.000	0.000	26.970	35.270	570.850	132.810	30.290	733.950	35.270		
35.280	19.530	0.000	1.860	21.390	35.280	556.870	167.760	41.940	766.570	35.280		
35.290	14.880	0.000	1.860	16.740	35.290	528.910	200.380	62.910	792.200	35.290		
35.300	12.090	0.000	0.000	12.090	35.300	491.630	223.680	88.540	803.850	35.300		
35.310	12.090	0.000	0.000	12.090	35.310	452.020	242.320	116.500	810.840	35.310		
35.320	12.090	0.000	0.000	12.090	35.320	407.750	251.640	146.790	806.180	35.320		
35.330	9.300	0.000	0.000	9.300	35.330	361.150	256.300	172.420	789.870	35.330		
35.340	7.440	0.000	0.000	7.440	35.340	319.210	256.300	200.380	775.890	35.340		
35.350	7.440	0.000	0.000	7.440	35.350	270.280	251.640	221.350	743.270	35.350		
35.360	7.440	0.000	0.000	7.440	35.360	226.010	242.320	244.650	712.980	35.360		
35.370	7.500	0.000	0.000	7.500	35.370	184.070	228.340	265.620	678.030	35.370		
35.380	4.980	0.000	0.000	4.980	35.380	139.800	212.030	291.250	643.080	35.380		
35.390	7.500	0.000	0.000	7.500	35.390	104.850	191.060	312.220	608.130	35.390		
35.400	2.490	0.000	0.000	2.490	35.400	74.620	169.260	336.700	580.580	35.400		
35.410	2.490	0.000	0.000	2.490	35.410	50.960	147.420	351.260	549.640	35.410		
35.420	2.490	0.000	0.000	2.490	35.420	36.400	127.400	369.460	533.260	35.420		
35.430	2.490	0.000	0.000	2.490	35.430	29.120	107.380	378.560	515.060	35.430		
35.440	2.490	0.000	0.000	2.490	35.440	18.200	91.000	389.480	498.680	35.440		
35.450	0.000	0.000	0.000	0.000	35.450	10.920	76.440	396.760	484.120	35.450		
35.460	2.490	0.000	0.000	2.490	35.460	3.640	63.700	404.040	471.380	35.460		
35.470	0.000	0.000	0.000	0.000	35.470	1.820	54.600	409.500	465.920	35.470		
35.480	0.000	0.000	0.000	0.000	35.480	0.000	47.320	414.960	462.280	35.480		
35.490	0.000	0.000	0.000	0.000	35.490	0.000	38.220	422.240	460.460	35.490		
35.500	0.000	0.000	0.000	0.000	35.500	0.000	34.580	425.880	460.460	35.500		
35.510	0.000	0.000	0.000	0.000	35.510	0.000	29.120	431.340	460.460	35.510		
35.520	0.000	0.000	0.000	0.000	35.520	0.000	23.660	434.980	458.640	35.520		
35.530	2.480	0.000	0.000	2.480	35.530	0.000	18.200	444.080	462.280	35.530		
35.540	0.000	0.000	0.000	0.000	35.540	0.000	14.560	455.000	469.560	35.540		
35.550	0.000	0.000	0.000	0.000	35.550	0.000	8.580	466.180	474.760	35.550		
35.560	2.480	0.000	0.000	2.480	35.560	0.000	8.580	480.480	489.060	35.560		
35.570	2.480	0.000	0.000	2.480	35.570	0.000	5.720	494.780	500.500	35.570		
35.580	2.480	0.000	0.000	2.480	35.580	0.000	5.720	514.800	520.520	35.580		
35.590	2.480	0.000	0.000	2.480	35.590	0.000	5.720	534.820	540.540	35.590		
35.600	2.480	0.000	0.000	2.480	35.600	0.000	2.860	554.840	557.700	35.600		
35.610	5.000	0.000	0.000	5.000	35.610	0.000	2.860	583.440	586.300	35.610		
35.620	5.000	0.000	0.000	5.000	35.620	0.000	2.860	609.180	612.040	35.620		
35.630	5.000	0.000	0.000	5.000	35.630	0.000	2.860	634.920	637.780	35.630		
35.640	10.000	0.000	0.000	10.000	35.640	0.000	2.860	654.940	657.800	35.640		
35.650	10.000	0.000	0.000	10.000	35.650	0.000	0.000	677.820	677.820	35.650		
35.660	10.000	0.000	0.000	10.000	35.660	0.000	2.860	694.980	697.840	35.660		
35.670	8.760	0.000	0.000	8.760	35.670	0.000	0.000	712.140	712.140	35.670		
35.680	6.570	0.000	0.000	6.570	35.680	0.000	0.000	715.000	715.000	35.680		
35.690	2.190	4.380	19.710	26.280	35.690	0.000	0.000	709.280	709.280	35.690		
35.700	0.000	4.380	89.790	94.170	35.700	0.000	0.000	695.000	695.000	35.700		
35.710	0.000	8.760	186.150	194.910	35.710	0.000	0.000	667.200	667.200	35.710		
35.720	0.000	10.950	258.420	269.370	35.720	0.000	0.000	625.500	625.500	35.720		
35.730	0.000	15.330	321.930	337.260	35.730	0.000	0.000	569.900	569.900	35.730		
35.740	0.000	24.090	394.200	418.290	35.740	0.000	0.000	497.620	497.620	35.740		
35.750	2.190	39.420	462.090	503.700	35.750	0.000	0.000	405.880	405.880	35.750		
35.760	4.380	59.130	505.890	569.400	35.760	0.000	0.000	297.460	297.460	35.760		
35.770	6.570	81.030	534.360	621.960	35.770	0.000	0.000	200.160	200.160	35.770		
35.780	6.570	109.500	547.500	663.570	35.780	0.000	0.000	119.540	119.540	35.780		
35.790	8.760	133.590	543.120	685.470	35.790	0.000	0.000	69.500	69.500	35.790		
35.800	13.140	162.060	529.980	705.180	35.800	0.000	0.000	38.920	38.920	35.800		
35.810	21.900	186.150	501.510	709.560	35.810	0.000	0.000	22.240	22.240	35.810		
35.820	37.400	209.440	467.500	714.340	35.820	0.000	0.000	22.240	22.240	35.820		
35.830	52.360	226.270	426.360	704.990	35.830	0.000	0.000	16.680	16.680	35.830		
35.840	69.190	241.230	387.090	697.510	35.840	0.000	0.000	11.120	11.120	35.840		
35.850	84.150	252.450	344.080	680.680	35.850	0.000	0.000	12.500	12.500	35.850		
35.860	100.980	259.930	301.070	661.980	35.860	0.000	0.000	12.500	12.500	35.860		
35.870	119.680	261.800	259.930	641.410	35.870	0.000	0.000	12.500	12.500	35.870		
35.880	138.380	259.930	216.920	615.230	35.880	0.000	0.000	10.000	10.000	35.880		
35.890	160.820	254.320	175.780	590.920	35.890	0.000	0.000	10.000	10.000	35.890		
35.900	183.260	244.970	138.380	566.610	35.900	0.000	0.000	7.500	7.500	35.900		
35.910	203.830	226.270	100.980	531.080	35.910	0.000	0.000	7.500	7.500	35.910		
35.920	226.270	209.440	76.670	512.380	35.920	0.000	0.000	7.500	7.500	35.920		
35.930	246.840	187.000	54.230	488.070	35.930	0.000	0.000	5.000	5.000	35.930		
35.940	261.800	164.560	39.270	465.630	35.940	0.000	0.000	2.500	2.500	35.940		
35.950	276.760	143.990	26.180	446.930	35.950	0.000	0.000	2.500	2.500	35.950		
35.960	289.850	123.420	18.700	431.970	35.960	0.000	0.000	2.500	2.500	35.960		
35.970	298.980	107.210	12.080	418.270	35.970	0.000	0.000	2.500	2.500	35.970		
35.980	309.550	92.110	6.040	407.700	35.980	0.000	0.000	2.500	2.500	35.980		
35.990	311.060	78.520	4.530	394.110	35.990	0.000	0.000	0.000	0.000	35.990		
36.000	317.100	69.460	1.510	388.070	36.000	0.000	0.000	0.000	0.000	36.000		
36.010	318.610	58.890	0.000	377.500	36.010	0.000	0.000	0.000	0.000	36.010		
36.020	324.650	51.340	0.000	375.990	36.020	0.000	0.000	0.000	0.000	36.020		
36.030	326.160	46.810	0.000	372.970	36.030	0.000	0.000	0.000	0.000	36.030		
36.040	329.180	42.280	0.000	371.460	36.040	0.000	0.000	0.000	0.000	36.040		
36.050	329.180	39.260	0.000	368.440	36.050	0.000	0.000	0.000	0.000	36.050		
36.060	329.180	36.240	0.000	365.420	36.060	0.000	0.000	0.000	0.000	36.060		
36.070	332.200	34.730	0.000	366.930	36.070	0.000	0.000	0.000	0.000	36.070		
36.080	336.730	31.710	0.000	368.440	36.080	0.000	0.000	0.000	0.000	36.080		
36.090	344.280	27.180	0.000	371.460	36.090	0.000	0.000	0.000	0.000	36.090		
36.100	362.400	24.160	0.000	386.560	36.100	0.000	0.000	0.000	0.000	36.100		
36.110	377.500	21.140	0.000	398.640	36.110	0.000	0.000	0.000	0.000	36.110		
36.120	392.920	20.900	0.000	413.820	36.120	0.000	0.000	0.000	0.000	36.120		
36.130	413.820	18.810	0.000	432.630	36.130	0.000	0.000	0.000	0.000	36.130		
36.140	430.540	18.810	0.000	449.350	36.140	0.000	0.000	2.500	2.500	36.140		
36.150	453.530	18.810	0.000	472.340	36.150	0.000	0.000	1.860	1.860	36.150		
36.160	472.340	16.720	0.000	489.060	36.160	0.000	0.000	1.860	1.860	36.160		
36.170	491.150	14.630	0.000	505.780	36.170	0.000	0.000	1.860	1.860	36.170		
36.180	503.690	10.450	0.000	514.140	36.180	0.000	0.000	1.860	1.860	36.180		
36.190	516.230	8.360	0.000	524.590	36.190	0.000	0.000	3.720	3.720	36.190		
36.200	522.500	6.270	0.000	528.770	36.200	0.000	0.000	1.860	1.860	36.200		
36.210	522.500	4.180	0.000	526.680	36.210	0.000	0.000	1.860	1.860	36.210		
36.220	514.140	0.000	0.000	514.140	36.220	0.000	0.000	0.000	0.000	36.220		
36.230	497.420	0.000	0.000	497.420	36.230	44.640	3.720	0.000	48.360	36.230		
36.240	474.430	0.000	0.000	474.430	36.240	124.620	3.720	0.000	128.340	36.240		
36.250	443.080	0.000	0.000	443.080	36.250	191.580	11.160	0.000	202.740	36.250		
36.260	392.920	0.000	0.000	392.920	36.260	256.680	18.600	0.000	275.280	36.260		
36.270	325.000	0.000	0.000	325.000	36.270	344.100	39.060	3.720	386.880	36.270		
36.280	254.800	0.000	0.000	254.800	36.280	424.080	76.260	18.600	518.940	36.280		
36.290	184.600	0.000	0.000	184.600	36.290	465.000	120.900	33.480	619.380	36.290		
36.300	122.200	0.000	0.000	122.200	36.300	472.500	171.990	49.140	693.630	36.300		
36.310	74.100	0.000	0.000	74.100	36.310	451.710	213.570	73.710	738.990	36.310		
36.320	39.000	0.000	0.000	39.000	36.320	415.800	245.700	102.060	763.560	36.320		
36.330	24.700	3.900	0.000	28.600	36.330	366.660	260.820	132.300	759.780	36.330		
36.340	16.900	3.900	0.000	20.800	36.340	319.410	266.490	164.430	750.330	36.340		
36.350	14.300	3.900	0.000	18.200	36.350	275.940	260.820	194.670	731.430	36.350		
36.360	9.100	3.900	0.000	13.000	36.360	236.250	251.370	213.570	701.190	36.360		
36.370	6.500	3.900	0.000	10.400	36.370	202.230	238.140	234.360	674.730	36.370		
36.380	3.900	1.300	0.000	5.200	36.380	173.880	224.910	253.260	652.050	36.380		
36.390	3.900	1.300	0.000	5.200	36.390	149.310	209.790	268.380	627.480	36.390		
36.400	1.300	0.000	0.000	1.300	36.400	136.080	198.450	281.610	616.140	36.400		
36.410	1.300	1.300	0.000	2.600	36.410	126.630	190.890	291.060	608.580	36.410		
36.420	2.500	2.500	0.000	5.000	36.420	117.180	183.330	304.290	604.800	36.420		
36.430	5.000	2.500	0.000	7.500	36.430	105.840	173.880	313.740	593.460	36.430		
36.440	5.000	0.000	0.000	5.000	36.440	96.390	164.430	323.190	584.010	36.440		
36.450	5.000	2.500	0.000	7.500	36.450	84.000	143.500	336.000	563.500	36.450		
36.460	5.000	2.500	0.000	7.500	36.460	73.500	129.500	346.500	549.500	36.460		
36.470	5.000	2.500	0.000	7.500	36.470	64.750	113.750	357.000	535.500	36.470		
36.480	5.000	2.500	0.000	7.500	36.480	56.000	99.750	367.500	523.250	36.480		
36.490	5.000	2.500	0.000	7.500	36.490	49.000	87.500	371.000	507.500	36.490		
36.500	2.500	2.500	0.000	5.000	36.500	43.750	71.750	376.250	491.750	36.500		
36.510	2.500	2.500	0.000	5.000	36.510	42.000	61.250	376.250	479.500	36.510		
36.520	2.500	0.000	0.000	2.500	36.520	38.500	56.000	376.250	470.750	36.520		
36.530	2.500	0.000	0.000	2.500	36.530	36.750	52.500	376.250	465.500	36.530		
36.540	0.000	0.000	0.000	0.000	36.540	36.750	49.000	385.000	470.750	36.540		
36.550	2.500	0.000	0.000	2.500	36.550	35.000	47.250	388.500	470.750	36.550		
36.560	0.000	0.000	0.000	0.000	36.560	35.000	43.750	397.250	476.000	36.560		
36.570	0.000	0.000	0.000	0.000	36.570	31.500	43.750	409.500	484.750	36.570		
36.580	0.000	2.500	0.000	2.500	36.580	29.750	43.750	421.750	495.250	36.580		
36.590	0.000	0.000	0.000	0.000	36.590	24.500	43.750	437.500	505.750	36.590		
36.600	0.000	0.000	0.000	0.000	36.600	19.280	40.970	448.260	508.510	36.600		
36.610	2.500	0.000	0.000	2.500	36.610	16.870	40.970	460.310	518.150	36.610		
36.620	0.000	0.000	0.000	0.000	36.620	16.870	40.970	474.770	532.610	36.620		
36.630	0.000	2.500	0.000	2.500	36.630	14.460	38.560	484.410	537.430	36.630		
36.640	0.000	2.500	0.000	2.500	36.640	12.050	38.560	496.460	547.070	36.640		
36.650	0.000	0.000	0.000	0.000	36.650	12.050	36.150	510.920	559.120	36.650		
36.660	0.000	2.500	0.000	2.500	36.660	9.640	36.150	522.970	568.760	36.660		
36.670	0.000	2.500	0.000	2.500	36.670	7.230	33.740	537.430	578.400	36.670		
36.680	0.000	0.000	0.000	0.000	36.680	4.820	33.740	551.890	590.450	36.680		
36.690	0.000	0.000	0.000	0.000	36.690	4.820	31.330	561.530	597.680	36.690		
36.700	0.000	2.500	0.000	2.500	36.700	2.410	26.510	575.990	604.910	36.700		
36.710	0.000	0.000	0.000	0.000	36.710	0.000	21.690	583.220	604.910	36.710		
36.720	0.000	0.000	0.000	0.000	36.720	0.000	16.870	590.450	607.320	36.720		
36.730	0.000	0.000	0.000	0.000	36.730	0.000	14.460	597.680	612.140	36.730		
36.740	0.000	0.000	0.000	0.000	36.740	0.000	14.460	602.500	616.960	36.740		
36.750	0.000	0.000	0.000	0.000	36.750	0.000	9.800	605.150	614.950	36.750		
36.760	0.000	0.000	0.000	0.000	36.760	0.000	7.350	605.150	612.500	36.760		
36.770	0.000	0.000	0.000	0.000	36.770	0.000	4.900	612.500	617.400	36.770		
36.780	0.000	0.000	0.000	0.000	36.780	0.000	2.450	607.600	610.050	36.780		
36.790	0.000	0.000	0.000	0.000	36.790	0.000	0.000	605.150	605.150	36.790		
36.800	0.000	0.000	0.000	0.000	36.800	0.000	0.000	602.700	602.700	36.800		
36.810	0.000	0.000	0.000	0.000	36.810	0.000	0.000	597.800	597.800	36.810		
36.820	0.000	0.000	0.000	0.000	36.820	0.000	0.000	588.000	588.000	36.820		
36.830	0.000	2.500	0.000	2.500	36.830	0.000	0.000	578.200	578.200	36.830		
36.840	0.000	2.500	0.000	2.500	36.840	0.000	0.000	568.400	568.400	36.840		
36.850	0.000	2.500	0.000	2.500	36.850	0.000	0.000	556.150	556.150	36.850		
36.860	0.000	2.500	0.000	2.500	36.860	0.000	0.000	539.000	539.000	36.860		
36.870	0.000	4.020	9.380	13.400	36.870	0.000	0.000	526.750	526.750	36.870		
36.880	0.000	6.700	21.440	28.140	36.880	0.000	0.000	504.700	504.700	36.880		
36.890	0.000	9.380	46.900	56.280	36.890	0.000	0.000	477.750	477.750	36.890		
36.900	0.000	17.420	84.420	101.840	36.900	0.000	0.000	442.500	442.500	36.900		
36.910	0.000	21.440	127.300	148.740	36.910	0.000	0.000	408.870	408.870	36.910		
36.920	0.000	32.160	186.260	218.420	36.920	0.000	0.000	366.390	366.390	36.920		
36.930	0.000	52.260	246.560	298.820	36.930	0.000	0.000	316.830	316.830	36.930		
36.940	4.020	76.380	292.120	372.520	36.940	0.000	0.000	258.420	258.420	36.940		
36.950	6.700	107.200	321.600	435.500	36.950	0.000	0.000	196.470	196.470	36.950		
36.960	18.760	144.720	335.000	498.480	36.960	0.000	0.000	139.830	139.830	36.960		
36.970	44.220	186.260	335.000	565.480	36.970	0.000	0.000	92.040	92.040	36.970		
36.980	73.700	226.460	321.600	621.760	36.980	0.000	0.000	56.640	56.640	36.980		
36.990	107.200	259.960	297.480	664.640	36.990	0.000	0.000	33.630	33.630	36.990		
37.000	139.360	284.080	266.660	690.100	37.000	0.000	0.000	24.780	24.780	37.000		
37.010	174.200	297.480	226.460	698.140	37.010	0.000	0.000	15.930	15.930	37.010		
37.020	214.500	297.440	178.750	690.690	37.020	0.000	0.000	12.390	12.390	37.020		
37.030	251.680	287.430	138.710	677.820	37.030	0.000	0.000	8.850	8.850	37.030		
37.040	281.710	264.550	101.530	647.790	37.040	0.000	0.000	8.850	8.850	37.040		
37.050	307.450	231.660	71.500	610.610	37.050	0.000	0.000	7.500	7.500	37.050		
37.060	331.760	194.480	51.480	577.720	37.060	0.000	0.000	4.980	4.980	37.060		
37.070	347.490	154.440	37.180	539.110	37.070	0.000	0.000	4.980	4.980	37.070		
37.080	357.500	117.260	28.600	503.360	37.080	0.000	0.000	4.980	4.980	37.080		
37.090	357.500	91.520	21.450	470.470	37.090	2.490	0.000	2.490	4.980	37.090		
37.100	348.920	71.500	17.160	437.580	37.100	2.490	0.000	2.490	4.980	37.100		
37.110	337.480	58.630	11.440	407.550	37.110	4.980	0.000	2.490	7.470	37.110		
37.120	321.750	48.620	11.440	381.810	37.120	4.980	0.000	0.000	4.980	37.120		
37.130	298.870	41.470	11.440	351.780	37.130	4.980	0.000	0.000	4.980	37.130		
37.140	271.700	31.460	11.440	314.600	37.140	4.980	0.000	0.000	4.980	37.140		
37.150	238.810	24.310	8.580	271.700	37.150	4.980	0.000	0.000	4.980	37.150		
37.160	217.360	18.590	11.440	247.390	37.160	4.980	0.000	0.000	4.980	37.160		
37.170	195.000	14.820	9.360	219.180	37.170	2.490	0.000	0.000	2.490	37.170		
37.180	179.400	12.480	9.360	201.240	37.180	0.000	0.000	0.000	0.000	37.180		
37.190	169.260	12.480	12.480	194.220	37.190	0.000	0.000	2.490	2.490	37.190		
37.200	159.900	9.360	9.360	178.620	37.200	1.840	0.000	3.680	5.520	37.200		
37.210	152.100	9.360	9.360	170.820	37.210	0.000	0.000	7.360	7.360	37.210		
37.220	147.420	9.360	7.020	163.800	37.220	0.000	0.000	11.040	11.040	37.220		
37.230	134.940	9.360	7.020	151.320	37.230	3.680	3.680	34.960	42.320	37.230		
37.240	124.800	12.480	7.020	144.300	37.240	9.200	3.680	66.240	79.120	37.240		
37.250	104.520	12.480	7.020	124.020	37.250	16.560	3.680	115.920	136.160	37.250		
37.260	81.900	12.480	7.020	101.400	37.260	16.560	9.200	182.160	207.920	37.260		
37.270	64.740	12.480	7.020	84.240	37.270	9.200	9.200	246.560	264.960	37.270		
37.280	49.920	12.480	7.020	69.420	37.280	14.720	11.040	309.120	334.880	37.280		
37.290	37.440	12.480	7.020	56.940	37.290	16.560	11.040	356.960	384.560	37.290		
37.300	27.300	9.360	7.020	43.680	37.300	18.400	14.720	401.120	434.240	37.300		
37.310	17.160	7.020	9.360	33.540	37.310	18.400	14.720	432.400	465.520	37.310		
37.320	7.410	4.940	9.880	22.230	37.320	18.400	14.720	450.800	483.920	37.320		
37.330	0.000	4.940	9.880	14.820	37.330	18.400	14.720	460.000	493.120	37.330		
37.340	0.000	2.470	9.880	12.350	37.340	22.080	14.720	460.000	496.800	37.340		
37.350	0.000	0.000	7.410	7.410	37.350	23.400	10.800	450.000	484.200	37.350		
37.360	0.000	0.000	7.410	7.410	37.360	23.400	10.800	432.000	466.200	37.360		
37.370	0.000	0.000	7.410	7.410	37.370	23.400	9.000	419.400	451.800	37.370		
37.380	0.000	0.000	4.940	4.940	37.380	23.400	9.000	412.200	444.600	37.380		
37.390	0.000	0.000	4.940	4.940	37.390	23.400	9.000	399.600	432.000	37.390		
37.400	0.000	0.000	2.470	2.470	37.400	23.400	9.000	392.400	424.800	37.400		
37.410	4.940	0.000	2.470	7.410	37.410	23.400	7.200	383.400	414.000	37.410		
37.420	7.410	0.000	2.470	9.880	37.420	21.600	7.200	374.400	403.200	37.420		
37.430	12.480	0.000	4.940	17.420	37.430	21.600	7.200	361.800	390.600	37.430		
37.440	17.420	0.000	4.940	22.360	37.440	21.600	7.200	347.400	376.200	37.440		
37.450	24.960	0.000	4.940	29.900	37.450	21.600	3.600	329.400	354.600	37.450		
37.460	32.500	0.000	7.410	39.910	37.460	21.600	3.600	306.000	331.200	37.460		
37.470	39.600	2.400	4.800	46.800	37.470	21.600	3.600	286.200	311.400	37.470		
37.480	45.000	2.400	2.400	49.800	37.480	23.400	3.600	266.400	293.400	37.480		
37.490	49.800	2.400	0.000	52.200	37.490	21.600	1.800	253.800	277.200	37.490		
37.500	60.000	2.400	0.000	62.400	37.500	21.780	4.950	244.530	271.260	37.500		
37.510	69.600	4.800	0.000	74.400	37.510	21.780	4.950	244.530	271.260	37.510		
37.520	79.800	7.200	0.000	87.000	37.520	21.780	6.930	244.530	273.240	37.520		
37.530	90.000	7.200	0.000	97.200	37.530	21.780	6.930	247.500	276.210	37.530		
37.540	102.000	9.600	0.000	111.600	37.540	24.750	6.930	247.500	279.180	37.540		
37.550	112.200	9.600	0.000	121.800	37.550	21.780	9.900	244.530	276.210	37.550		
37.560	122.400	9.600	0.000	132.000	37.560	21.780	9.900	239.580	271.260	37.560		
37.570	132.000	9.600	0.000	141.600	37.570	24.750	6.930	231.660	263.340	37.570		
37.580	137.400	12.000	0.000	149.400	37.580	24.750	6.930	224.730	256.410	37.580		
37.590	142.200	12.000	0.000	154.200	37.590	24.750	6.930	214.830	246.510	37.590		
37.600	147.000	12.000	0.000	159.000	37.600	26.730	4.950	204.930	236.610	37.600		
37.610	150.000	15.000	0.000	165.000	37.610	24.750	4.950	199.980	229.680	37.610		
37.620	157.320	14.720	0.000	172.040	37.620	24.750	4.950	197.010	226.710	37.620		
37.630	159.160	11.960	0.000	171.120	37.630	24.750	4.950	192.060	221.760	37.630		
37.640	161.920	14.720	0.000	176.640	37.640	24.750	6.930	189.090	220.770	37.640		
37.650	164.680	11.960	0.000	176.640	37.650	24.420	7.400	185.000	216.820	37.650		
37.660	167.440	14.720	1.840	184.000	37.660	24.420	7.400	176.860	208.680	37.660		
37.670	169.280	14.720	1.840	185.840	37.670	24.420	4.440	169.460	198.320	37.670		
37.680	174.800	11.960	0.000	186.760	37.680	24.420	4.440	159.840	188.700	37.680		
37.690	176.640	14.720	0.000	191.360	37.690	24.420	2.220	152.440	179.080	37.690		
37.700	184.920	14.720	0.000	199.640	37.700	22.200	2.220	139.860	164.280	37.700		
37.710	192.280	14.720	0.000	207.000	37.710	24.420	2.220	127.280	153.920	37.710		
37.720	199.640	17.480	0.000	217.120	37.720	22.200	0.000	119.880	142.080	37.720		
37.730	207.000	17.480	0.000	224.480	37.730	22.200	2.220	112.480	136.900	37.730		
37.740	214.360	17.480	0.000	231.840	37.740	22.200	0.000	109.520	131.720	37.740		
37.750	221.720	19.320	0.000	241.040	37.750	22.200	2.220	109.520	133.940	37.750		
37.760	230.000	19.320	0.000	249.320	37.760	19.980	4.440	107.300	131.720	37.760		
37.770	241.300	21.590	0.000	262.890	37.770	19.980	4.440	104.340	128.760	37.770		
37.780	248.920	24.130	0.000	273.050	37.780	17.020	4.440	102.120	123.580	37.780		
37.790	259.080	26.670	0.000	285.750	37.790	17.020	7.400	99.900	124.320	37.790		
37.800	269.240	29.210	0.000	298.450	37.800	17.480	9.880	95.000	122.360	37.800		
37.810	279.400	29.210	0.000	308.610	37.810	14.820	9.880	89.680	114.380	37.810		
37.820	287.020	29.210	0.000	316.230	37.820	14.820	9.880	84.740	109.440	37.820		
37.830	292.100	29.210	0.000	321.310	37.830	12.160	9.880	79.800	101.840	37.830		
37.840	297.180	31.750	0.000	328.930	37.840	14.820	7.220	72.200	94.240	37.840		
37.850	299.720	31.750	0.000	331.470	37.850	14.820	7.220	69.920	91.960	37.850		
37.860	302.260	34.290	0.000	336.550	37.860	12.160	7.220	69.920	89.300	37.860		
37.870	302.260	34.290	0.000	336.550	37.870	14.820	7.220	69.920	91.960	37.870		
37.880	304.800	34.290	0.000	339.090	37.880	14.820	9.880	74.860	99.560	37.880		
37.890	309.880	36.830	0.000	346.710	37.890	12.160	9.880	79.800	101.840	37.890		
37.900	312.420	36.830	0.000	349.250	37.900	12.160	9.880	79.800	101.840	37.900		
37.910	317.500	36.830	0.000	354.330	37.910	14.820	9.880	82.460	107.160	37.910		
37.920	318.860	38.740	0.000	357.600	37.920	14.820	9.880	79.800	104.500	37.920		
37.930	318.860	37.250	0.000	356.110	37.930	14.820	9.880	77.140	101.840	37.930		
37.940	318.860	37.250	0.000	356.110	37.940	17.480	9.880	72.200	99.560	37.940		
37.950	317.370	37.250	0.000	354.620	37.950	14.850	9.990	67.500	92.340	37.950		
37.960	317.370	38.740	0.000	356.110	37.960	14.850	7.290	62.370	84.510	37.960		
37.970	317.370	37.250	0.000	354.620	37.970	14.850	7.290	59.940	82.080	37.970		
37.980	318.860	38.740	0.000	357.600	37.980	14.850	7.290	54.810	76.950	37.980		
37.990	326.310	41.720	0.000	368.030	37.990	14.850	4.860	52.380	72.090	37.990		
38.000	333.760	41.720	0.000	375.480	38.000	14.850	4.860	47.250	66.960	38.000		
38.010	339.720	44.700	0.000	384.420	38.010	12.420	4.860	44.820	62.100	38.010		
38.020	347.170	46.190	0.000	393.360	38.020	12.420	4.860	39.960	57.240	38.020		
38.030	354.620	49.170	0.000	403.790	38.030	9.990	4.860	32.400	47.250	38.030		
38.040	359.090	52.150	0.000	411.240	38.040	9.990	4.860	19.980	34.830	38.040		
38.050	366.540	53.640	0.000	420.180	38.050	7.290	7.290	9.990	24.570	38.050		
38.060	372.500	56.620	0.000	429.120	38.060	4.860	4.860	0.000	9.720	38.060		
38.070	379.090	61.790	1.670	442.550	38.070	4.860	4.860	0.000	9.720	38.070		
38.080	387.440	66.800	0.000	454.240	38.080	4.860	0.000	0.000	4.860	38.080		
38.090	392.450	71.810	0.000	464.260	38.090	4.860	0.000	0.000	4.860	38.090		
38.100	399.130	76.820	1.670	477.620	38.100	4.980	0.000	0.000	4.980	38.100		
38.110	407.480	81.830	1.670	490.980	38.110	4.980	0.000	0.000	4.980	38.110		
38.120	412.490	88.510	1.670	502.670	38.120	4.980	0.000	0.000	4.980	38.120		
38.130	414.160	91.850	3.340	509.350	38.130	4.980	0.000	0.000	4.980	38.130		
38.140	417.500	96.860	3.340	517.700	38.140	4.980	0.000	0.000	4.980	38.140		
38.150	417.500	98.530	3.340	519.370	38.150	4.980	0.000	0.000	4.980	38.150		
38.160	414.160	101.870	3.340	519.370	38.160	4.980	0.000	0.000	4.980	38.160		
38.170	404.140	103.540	6.680	514.360	38.170	2.490	0.000	0.000	2.490	38.170		
38.180	394.120	106.880	6.680	507.680	38.180	2.490	0.000	0.000	2.490	38.180		
38.190	384.100	111.890	8.350	504.340	38.190	2.490	0.000	0.000	2.490	38.190		
38.200	374.080	118.570	8.350	501.000	38.200	2.490	0.000	0.000	2.490	38.200		
38.210	369.070	126.920	11.690	507.680	38.210	2.490	0.000	0.000	2.490	38.210		
38.220	360.000	133.920	14.400	508.320	38.220	2.490	0.000	0.000	2.490	38.220		
38.230	351.360	144.000	18.720	514.080	38.230	0.000	0.000	2.490	2.490	38.230		
38.240	344.160	151.200	21.600	516.960	38.240	0.000	0.000	7.500	7.500	38.240		
38.250	334.080	159.840	27.360	521.280	38.250	0.000	0.000	12.320	12.320	38.250		
38.260	324.000	161.280	31.680	516.960	38.260	2.200	2.200	17.160	21.560	38.260		
38.270	309.600	164.160	37.440	511.200	38.270	2.200	7.480	19.800	29.480	38.270		
38.280	286.560	164.160	38.880	489.600	38.280	9.680	12.320	24.640	46.640	38.280		
38.290	264.960	167.040	46.080	478.080	38.290	34.760	19.800	22.440	77.000	38.290		
38.300	234.720	167.040	56.160	457.920	38.300	55.000	27.280	29.920	112.200	38.300		
38.310	207.360	167.040	66.240	440.640	38.310	69.960	29.920	34.760	134.640	38.310		
38.320	177.120	167.040	79.200	423.360	38.320	74.800	29.920	34.760	139.480	38.320		
38.330	151.200	167.040	96.480	414.720	38.330	77.440	32.120	34.760	144.320	38.330		
38.340	129.600	164.160	113.760	407.520	38.340	82.280	29.920	32.120	144.320	38.340		
38.350	106.560	159.840	133.920	400.320	38.350	87.120	29.920	32.120	149.160	38.350		
38.360	86.400	156.960	156.960	400.320	38.360	92.400	32.120	29.920	154.440	38.360		
38.370	67.280	149.640	182.120	399.040	38.370	94.600	29.920	27.280	151.800	38.370		
38.380	52.200	141.520	206.480	400.200	38.380	102.080	32.120	24.640	158.840	38.380		
38.390	39.440	132.240	223.880	395.560	38.390	110.000	29.920	22.440	162.360	38.390		
38.400	29.000	121.800	242.440	393.240	38.400	114.660	31.980	19.500	166.140	38.400		
38.410	19.720	111.360	256.360	387.440	38.410	117.000	31.980	19.500	168.480	38.410		
38.420	13.920	102.080	266.800	382.800	38.420	122.460	31.980	17.160	171.600	38.420		
38.430	6.960	91.640	274.920	373.520	38.430	127.140	34.320	17.160	178.620	38.430		
38.440	6.960	84.680	279.560	371.200	38.440	131.820	34.320	14.820	180.960	38.440		
38.450	6.960	76.560	284.200	367.720	38.450	139.620	31.980	12.480	184.080	38.450		
38.460	4.640	69.600	284.200	358.440	38.460	147.420	31.980	9.360	188.760	38.460		
38.470	4.640	64.960	290.000	359.600	38.470	156.780	31.980	4.680	193.440	38.470		
38.480	2.320	59.160	290.000	351.480	38.480	164.580	31.980	7.020	203.580	38.480		
38.490	2.320	56.840	286.520	345.680	38.490	174.720	34.320	4.680	213.720	38.490		
38.500	2.320	54.520	286.520	343.360	38.500	181.740	31.980	4.680	218.400	38.500		
38.510	2.320	49.880	290.000	342.200	38.510	189.540	31.980	2.340	223.860	38.510		
38.520	1.920	49.920	293.760	345.600	38.520	195.000	29.640	0.000	224.640	38.520		
38.530	0.000	46.080	301.440	347.520	38.530	195.000	27.300	2.340	224.640	38.530		
38.540	1.920	49.920	311.040	362.880	38.540	195.000	24.960	0.000	219.960	38.540		
38.550	0.000	49.920	320.640	370.560	38.550	190.000	19.760	0.000	209.760	38.550		
38.560	0.000	49.920	334.080	384.000	38.560	179.360	14.440	0.000	193.800	38.560		
38.570	0.000	49.920	345.600	395.520	38.570	167.200	12.160	0.000	179.360	38.570		
38.580	0.000	51.840	360.960	412.800	38.580	152.000	12.160	0.000	164.160	38.580		
38.590	0.000	53.760	376.320	430.080	38.590	139.840	9.880	0.000	149.720	38.590		
38.600	0.000	55.680	393.600	449.280	38.600	124.640	6.840	0.000	131.480	38.600		
38.610	0.000	59.520	410.880	470.400	38.610	104.880	6.840	0.000	111.720	38.610		
38.620	0.000	63.360	428.160	491.520	38.620	87.400	4.560	0.000	91.960	38.620		
38.630	0.000	67.200	447.360	514.560	38.630	72.200	2.280	0.000	74.480	38.630		
38.640	0.000	67.200	458.880	526.080	38.640	57.000	2.280	0.000	59.280	38.640		
38.650	0.000	69.120	472.320	541.440	38.650	41.800	2.280	0.000	44.080	38.650		
38.660	0.000	69.120	480.000	549.120	38.660	31.920	2.280	0.000	34.200	38.660		
38.670	0.000	68.680	486.820	555.500	38.670	22.040	2.280	0.000	24.320	38.670		
38.680	0.000	68.680	490.860	559.540	38.680	19.760	0.000	0.000	19.760	38.680		
38.690	0.000	68.680	496.920	565.600	38.690	14.440	0.000	0.000	14.440	38.690		
38.700	0.000	68.680	498.940	567.620	38.700	15.000	0.000	0.000	15.000	38.700		
38.710	0.000	70.700	500.960	571.660	38.710	12.300	0.000	0.000	12.300	38.710		
38.720	0.000	70.700	500.960	571.660	38.720	9.900	0.000	0.000	9.900	38.720		
38.730	0.000	68.680	500.960	569.640	38.730	9.900	0.000	0.000	9.900	38.730		
38.740	0.000	70.700	500.960	571.660	38.740	9.900	0.000	0.000	9.900	38.740		
38.750	0.000	70.700	505.000	575.700	38.750	7.500	0.000	0.000	7.500	38.750		
38.760	0.000	74.740	500.960	575.700	38.760	7.500	0.000	0.000	7.500	38.760		
38.770	0.000	74.740	500.960	575.700	38.770	7.500	0.000	0.000	7.500	38.770		
38.780	0.000	74.740	498.940	573.680	38.780	7.500	2.400	0.000	9.900	38.780		
38.790	0.000	74.740	496.920	571.660	38.790	7.500	2.400	0.000	9.900	38.790		
38.800	0.000	74.740	490.860	565.600	38.800	4.800	2.400	0.000	7.200	38.800		
38.810	0.000	74.740	484.800	559.540	38.810	4.800	4.800	15.000	24.600	38.810		
38.820	0.000	71.820	472.500	544.320	38.820	0.000	4.800	19.800	24.600	38.820		
38.830	0.000	71.820	461.160	532.980	38.830	0.000	12.300	47.400	59.700	38.830		
38.840	0.000	66.150	446.040	512.190	38.840	0.000	17.400	75.000	92.400	38.840		
38.850	0.000	62.370	427.140	489.510	38.850	1.980	24.750	111.870	138.600	38.850		
38.860	0.000	56.700	400.680	457.380	38.860	4.950	36.630	131.670	173.250	38.860		
38.870	0.000	51.030	374.220	425.250	38.870	6.930	52.470	149.490	208.890	38.870		
38.880	0.000	43.470	343.980	387.450	38.880	14.850	77.220	162.360	254.430	38.880		
38.890	0.000	39.690	311.850	351.540	38.890	49.500	119.790	169.290	338.580	38.890		
38.900	0.000	32.130	279.720	311.850	38.900	106.920	149.490	164.340	420.750	38.900		
38.910	1.890	24.570	245.700	272.160	38.910	146.520	159.390	157.410	463.320	38.910		
38.920	3.780	17.010	213.570	234.360	38.920	167.310	157.410	149.490	474.210	38.920		
38.930	3.780	9.450	179.550	192.780	38.930	179.190	154.440	141.570	475.200	38.930		
38.940	3.780	3.780	149.310	156.870	38.940	187.110	149.490	134.640	471.240	38.940		
38.950	3.780	1.890	126.630	132.300	38.950	194.040	146.520	126.720	467.280	38.950		
38.960	1.890	0.000	103.950	105.840	38.960	204.930	146.520	121.770	473.220	38.960		
38.970	2.450	0.000	87.500	89.950	38.970	216.810	146.520	119.790	483.120	38.970		
38.980	2.450	0.000	74.900	77.350	38.980	231.660	146.520	111.870	490.050	38.980		
38.990	2.450	0.000	62.300	64.750	38.990	247.500	146.520	109.890	503.910	38.990		
39.000	0.000	0.000	54.950	54.950	39.000	263.670	145.860	100.980	510.510	39.000		
39.010	0.000	0.000	44.800	44.800	39.010	282.370	145.860	99.110	527.340	39.010		
39.020	0.000	0.000	37.450	37.450	39.020	299.200	149.600	97.240	546.040	39.020		
39.030	0.000	0.000	32.200	32.200	39.030	314.160	149.600	91.630	555.390	39.030		
39.040	0.000	0.000	22.400	22.400	39.040	330.990	145.860	86.020	562.870	39.040		
39.050	0.000	0.000	17.500	17.500	39.050	342.210	145.860	78.540	566.610	39.050		
39.060	0.000	0.000	12.250	12.250	39.060	357.170	143.990	74.800	575.960	39.060		
39.070	0.000	0.000	9.800	9.800	39.070	372.130	142.120	67.320	581.570	39.070		
39.080	0.000	0.000	7.350	7.350	39.080	388.960	138.380	59.840	587.180	39.080		
39.090	0.000	0.000	4.900	4.900	39.090	403.920	136.510	54.230	594.660	39.090		
39.100	0.000	0.000	2.450	2.450	39.100	418.880	130.900	46.750	596.530	39.100		
39.110	0.000	0.000	2.450	2.450	39.110	433.840	129.030	46.750	609.620	39.110		
39.120	0.000	0.000	2.460	2.460	39.120	446.930	127.160	41.140	615.230	39.120		
39.130	0.000	0.000	2.460	2.460	39.130	456.280	121.550	33.660	611.490	39.130		
39.140	2.460	0.000	2.460	4.920	39.140	467.500	115.940	33.660	617.100	39.140		
39.150	0.000	0.000	2.460	2.460	39.150	471.200	108.300	26.600	606.100	39.150		
39.160	0.000	0.000	2.460	2.460	39.160	475.000	104.500	20.900	600.400	39.160		
39.170	2.460	0.000	2.460	4.920	39.170	475.000	98.800	17.100	590.900	39.170		
39.180	2.460	0.000	2.460	4.920	39.180	475.000	96.900	13.300	585.200	39.180		
39.190	2.460	0.000	2.460	4.920	39.190	475.000	91.200	11.400	577.600	39.190		
39.200	2.460	0.000	2.460	4.920	39.200	471.200	89.300	11.400	571.900	39.200		
39.210	4.980	0.000	0.000	4.980	39.210	469.300	87.400	9.500	566.200	39.210		
39.220	4.980	0.000	0.000	4.980	39.220	467.400	83.600	11.400	562.400	39.220		
39.230	4.980	0.000	0.000	4.980	39.230	461.700	83.600	9.500	554.800	39.230		
39.240	7.500	0.000	0.000	7.500	39.240	456.000	83.600	9.500	549.100	39.240		
39.250	7.500	0.000	0.000	7.500	39.250	454.100	83.600	9.500	547.200	39.250		
39.260	15.000	2.460	0.000	17.460	39.260	446.500	81.700	9.500	537.700	39.260		
39.270	24.700	7.220	0.000	31.920	39.270	438.900	81.700	5.700	526.300	39.270		
39.280	32.300	12.160	0.000	44.460	39.280	431.300	81.700	9.500	522.500	39.280		
39.290	39.900	29.640	4.940	74.480	39.290	419.900	79.800	9.500	509.200	39.290		
39.300	49.780	44.840	22.420	117.040	39.300	405.000	76.140	6.480	487.620	39.300		
39.310	52.440	57.380	39.900	149.720	39.310	387.180	74.520	9.720	471.420	39.310		
39.320	52.440	62.320	52.440	167.200	39.320	366.120	66.420	4.860	437.400	39.320		
39.330	54.720	67.260	62.320	184.300	39.330	343.440	64.800	6.480	414.720	39.330		
39.340	57.380	69.920	69.920	197.220	39.340	324.000	59.940	1.620	385.560	39.340		
39.350	57.380	72.200	74.860	204.440	39.350	304.560	53.460	1.620	359.640	39.350		
39.360	54.720	72.200	77.140	204.060	39.360	283.500	51.840	1.620	336.960	39.360		
39.370	57.380	74.860	82.460	214.700	39.370	268.920	46.980	1.620	317.520	39.370		
39.380	57.380	77.140	84.740	219.260	39.380	254.340	43.740	1.620	299.700	39.380		
39.390	57.380	79.800	87.400	224.580	39.390	246.240	43.740	1.620	291.600	39.390		
39.400	57.380	82.460	89.680	229.520	39.400	236.520	42.120	1.620	280.260	39.400		
39.410	57.380	84.740	95.000	237.120	39.410	228.420	42.120	1.620	272.160	39.410		
39.420	57.200	87.120	97.240	241.560	39.420	226.800	42.120	4.860	273.780	39.420		
39.430	59.840	89.760	102.080	251.680	39.430	223.560	42.120	1.620	267.300	39.430		
39.440	59.840	92.400	104.720	256.960	39.440	221.940	38.880	4.860	265.680	39.440		
39.450	62.480	94.600	107.360	264.440	39.450	216.900	39.600	1.800	258.300	39.450		
39.460	62.480	97.240	107.360	267.080	39.460	216.900	42.300	4.500	263.700	39.460		
39.470	62.480	97.240	110.000	269.720	39.470	216.900	42.300	4.500	263.700	39.470		
39.480	64.680	97.240	110.000	271.920	39.480	214.200	42.300	7.200	263.700	39.480		
39.490	64.680	99.880	110.000	274.560	39.490	212.400	42.300	7.200	261.900	39.490		
39.500	64.680	97.240	107.360	269.280	39.500	209.700	42.300	7.200	259.200	39.500		
39.510	67.320	97.240	107.360	271.920	39.510	207.000	42.300	9.900	259.200	39.510		
39.520	67.320	97.240	104.720	269.280	39.520	207.000	45.000	11.700	263.700	39.520		
39.530	64.680	97.240	104.720	266.640	39.530	207.000	45.000	11.700	263.700	39.530		
39.540	67.320	94.600	104.720	266.640	39.540	209.700	45.000	11.700	266.400	39.540		
39.550	67.320	94.600	104.720	266.640	39.550	212.400	45.000	9.900	267.300	39.550		
39.560	64.680	94.600	104.720	264.000	39.560	214.200	45.000	9.900	269.100	39.560		
39.570	67.200	94.920	105.000	267.120	39.570	216.900	46.800	11.700	275.400	39.570		
39.580	64.680	92.400	105.000	262.080	39.580	222.300	46.800	11.700	280.800	39.580		
39.590	64.680	92.400	105.000	262.080	39.590	225.000	49.500	9.900	284.400	39.590		
39.600	62.160	89.880	105.000	257.040	39.600	226.920	49.290	9.300	285.510	39.600		
39.610	62.160	89.880	105.000	257.040	39.610	229.710	49.290	12.090	291.090	39.610		
39.620	59.640	87.360	105.000	252.000	39.620	229.710	49.290	12.090	291.090	39.620		
39.630	59.640	84.840	105.000	249.480	39.630	229.710	49.290	12.090	291.090	39.630		
39.640	59.640	84.840	105.000	249.480	39.640	229.710	49.290	12.090	291.090	39.640		
39.650	57.120	84.840	102.480	244.440	39.650	232.500	52.080	12.090	296.670	39.650		
39.660	57.120	82.320	102.480	241.920	39.660	232.500	52.080	14.880	299.460	39.660		
39.670	54.600	82.320	102.480	239.400	39.670	232.500	52.080	14.880	299.460	39.670		
39.680	54.600	79.800	102.480	236.880	39.680	232.500	54.870	16.740	304.110	39.680		
39.690	54.600	77.280	99.960	231.840	39.690	232.500	54.870	16.740	304.110	39.690		
39.700	52.500	77.280	99.960	229.740	39.700	229.710	56.730	19.530	305.970	39.700		
39.710	52.500	74.760	99.960	227.220	39.710	229.710	56.730	22.320	308.760	39.710		
39.720	52.460	77.400	99.760	229.620	39.720	229.710	56.730	24.180	310.620	39.720		
39.730	52.460	74.820	99.760	227.040	39.730	229.710	59.520	26.970	316.200	39.730		
39.740	49.880	72.240	99.760	221.880	39.740	229.710	59.520	26.970	316.200	39.740		
39.750	47.300	72.240	99.760	219.300	39.750	231.540	62.220	26.520	320.280	39.750		
39.760	47.300	72.240	99.760	219.300	39.760	231.540	59.160	29.580	320.280	39.760		
39.770	44.720	72.240	99.760	216.720	39.770	234.600	59.160	26.520	320.280	39.770		
39.780	44.720	69.660	102.340	216.720	39.780	236.640	59.160	26.520	322.320	39.780		
39.790	44.720	67.080	102.340	214.140	39.790	239.700	62.220	24.480	326.400	39.790		
39.800	42.140	67.080	102.340	211.560	39.800	241.740	62.220	24.480	328.440	39.800		
39.810	42.140	64.930	104.920	211.990	39.810	244.800	62.220	24.480	331.500	39.810		
39.820	39.990	64.930	104.920	209.840	39.820	244.800	62.220	24.480	331.500	39.820		
39.830	39.990	62.350	104.920	207.260	39.830	246.840	62.220	24.480	333.540	39.830		
39.840	37.410	62.350	107.500	207.260	39.840	246.840	62.220	24.480	333.540	39.840		
39.850	37.410	59.770	107.500	204.680	39.850	249.900	62.220	22.440	334.560	39.850		
39.860	34.830	62.350	107.500	204.680	39.860	249.900	62.220	22.440	334.560	39.860		
39.870	34.960	59.800	109.940	204.700	39.870	251.940	62.220	24.480	338.640	39.870		
39.880	34.960	59.800	109.940	204.700	39.880	255.000	62.220	22.440	339.660	39.880		
39.890	34.960	59.800	109.940	204.700	39.890	255.000	62.220	19.380	336.600	39.890		
39.900	32.200	59.800	112.240	204.240	39.900	256.480	64.960	19.040	340.480	39.900		
39.910	32.200	59.800	112.240	204.240	39.910	259.840	64.960	19.040	343.840	39.910		
39.920	32.200	57.500	112.240	201.940	39.920	262.080	64.960	16.800	343.840	39.920		
39.930	29.900	57.500	112.240	199.640	39.930	262.080	61.600	19.040	342.720	39.930		
39.940	29.900	57.500	115.000	202.400	39.940	264.320	64.960	19.040	348.320	39.940		
39.950	29.900	54.740	115.000	199.640	39.950	264.320	61.600	14.560	340.480	39.950		
39.960	27.140	54.740	115.000	196.880	39.960	266.560	61.600	16.800	344.960	39.960		
39.970	27.140	54.740	112.240	194.120	39.970	266.560	64.960	16.800	348.320	39.970		
39.980	27.140	54.740	115.000	196.880	39.980	269.920	61.600	14.560	346.080	39.980		
39.990	27.140	54.740	115.000	196.880	39.990	272.160	64.960	14.560	351.680	39.990		
40.000	27.140	54.740	115.000	196.880	40.000	272.160	64.960	14.560	351.680	40.000		
40.010	27.140	54.740	115.000	196.880	40.010	274.400	61.600	12.320	348.320	40.010		
40.020	27.360	54.720	117.120	199.200	40.020	274.400	61.600	14.560	350.560	40.020		
40.030	27.360	54.720	117.120	199.200	40.030	276.640	61.600	12.320	350.560	40.030		
40.040	27.360	54.720	117.120	199.200	40.040	280.000	61.600	8.960	350.560	40.040		
40.050	27.360	54.720	117.120	199.200	40.050	281.970	62.010	9.360	353.340	40.050		
40.060	27.360	54.720	117.120	199.200	40.060	281.970	62.010	9.360	353.340	40.060		
40.070	24.960	52.320	117.120	194.400	40.070	284.310	62.010	9.360	355.680	40.070		
40.080	24.960	52.320	117.120	194.400	40.080	286.650	62.010	9.360	358.020	40.080		
40.090	24.960	52.320	117.120	194.400	40.090	286.650	62.010	7.020	355.680	40.090		
40.100	22.080	52.320	117.120	191.520	40.100	286.650	59.670	7.020	353.340	40.100		
40.110	24.960	54.720	117.120	196.800	40.110	286.650	59.670	4.680	351.000	40.110		
40.120	22.080	52.320	117.120	191.520	40.120	288.990	59.670	4.680	353.340	40.120		
40.130	24.960	52.320	120.000	197.280	40.130	288.990	59.670	4.680	353.340	40.130		
40.140	22.080	52.320	117.120	191.520	40.140	288.990	62.010	7.020	358.020	40.140		
40.150	22.080	52.320	117.120	191.520	40.150	292.500	59.670	4.680	356.850	40.150		
40.160	24.960	52.320	120.000	197.280	40.160	288.990	59.670	7.020	355.680	40.160		
40.170	22.050	52.430	117.110	191.590	40.170	292.500	59.670	7.020	359.190	40.170		
40.180	22.050	52.430	117.110	191.590	40.180	292.500	59.670	7.020	359.190	40.180		
40.190	22.050	52.430	119.560	194.040	40.190	288.990	59.670	4.680	353.340	40.190		
40.200	22.050	52.430	119.560	194.040	40.200	291.600	60.000	4.800	356.400	40.200		
40.210	22.050	52.430	119.560	194.040	40.210	291.600	60.000	4.800	356.400	40.210		
40.220	22.050	52.430	119.560	194.040	40.220	294.000	60.000	4.800	358.800	40.220		
40.230	22.050	52.430	119.560	194.040	40.230	294.000	60.000	4.800	358.800	40.230		
40.240	22.050	52.430	119.560	194.040	40.240	296.400	60.000	2.400	358.800	40.240		
40.250	19.600	52.430	122.500	194.530	40.250	296.400	56.400	2.400	355.200	40.250		
40.260	22.050	52.430	119.560	194.040	40.260	296.400	56.400	2.400	355.200	40.260		
40.270	22.050	52.430	122.500	196.980	40.270	300.000	56.400	0.000	356.400	40.270		
40.280	19.600	52.430	122.500	194.530	40.280	300.000	56.400	2.400	358.800	40.280		
40.290	22.050	52.430	122.500	196.980	40.290	300.000	56.400	0.000	356.400	40.290		
40.300	22.050	52.430	122.500	196.980	40.300	300.000	56.400	2.400	358.800	40.300		
40.310	22.050	52.430	119.560	194.040	40.310	300.000	56.400	2.400	358.800	40.310		
40.320	20.000	52.500	122.500	195.000	40.320	300.000	56.400	2.400	358.800	40.320		
40.330	22.500	52.500	120.000	195.000	40.330	300.000	56.400	2.400	358.800	40.330		
40.340	22.500	50.000	120.000	192.500	40.340	300.000	60.000	2.400	362.400	40.340		
40.350	22.500	52.500	120.000	195.000	40.350	298.870	56.870	2.420	358.160	40.350		
40.360	22.500	52.500	120.000	195.000	40.360	302.500	56.870	2.420	361.790	40.360		
40.370	22.500	52.500	122.500	197.500	40.370	298.870	56.870	0.000	355.740	40.370		
40.380	20.000	52.500	122.500	195.000	40.380	298.870	56.870	2.420	358.160	40.380		
40.390	22.500	52.500	122.500	197.500	40.390	298.870	56.870	0.000	355.740	40.390		
40.400	22.500	52.500	122.500	197.500	40.400	298.870	56.870	2.420	358.160	40.400		
40.410	20.000	50.000	122.500	192.500	40.410	298.870	54.450	0.000	353.320	40.410		
40.420	22.500	52.500	122.500	197.500	40.420	298.870	54.450	0.000	353.320	40.420		
40.430	22.500	52.500	122.500	197.500	40.430	298.870	52.030	0.000	350.900	40.430		
40.440	22.500	52.500	122.500	197.500	40.440	298.870	54.450	0.000	353.320	40.440		
40.450	22.500	52.500	125.000	200.000	40.450	298.870	54.450	0.000	353.320	40.450		
40.460	20.000	52.500	125.000	197.500	40.460	298.870	52.030	0.000	350.900	40.460		
40.470	19.610	52.470	127.200	199.280	40.470	302.500	52.030	0.000	354.530	40.470		
40.480	19.610	54.590	127.200	201.400	40.480	302.500	52.030	0.000	354.530	40.480		
40.490	19.610	54.590	129.850	204.050	40.490	302.500	52.030	0.000	354.530	40.490		
40.500	17.490	52.470	129.850	199.810	40.500	303.800	49.600	0.000	353.400	40.500		
40.510	19.610	54.590	129.850	204.050	40.510	306.280	49.600	0.000	355.880	40.510		
40.520	19.610	54.590	132.500	206.700	40.520	310.000	49.600	0.000	359.600	40.520		
40.530	17.490	54.590	132.500	204.580	40.530	310.000	49.600	0.000	359.600	40.530		
40.540	17.490	54.590	132.500	204.580	40.540	310.000	49.600	0.000	359.600	40.540		
40.550	17.490	52.470	132.500	202.460	40.550	306.280	49.600	0.000	355.880	40.550		
40.560	17.490	54.590	132.500	204.580	40.560	306.280	49.600	0.000	355.880	40.560		
40.570	17.490	52.470	129.850	199.810	40.570	306.280	49.600	0.000	355.880	40.570		
40.580	17.490	54.590	129.850	201.930	40.580	306.280	49.600	0.000	355.880	40.580		
40.590	19.610	52.470	129.850	201.930	40.590	306.280	49.600	0.000	355.880	40.590		
40.600	19.610	54.590	129.850	204.050	40.600	306.280	49.600	0.000	355.880	40.600		
40.610	19.610	54.590	129.850	204.050	40.610	303.800	49.600	0.000	353.400	40.610		
40.620	19.890	54.570	127.500	201.960	40.620	303.800	52.080	0.000	355.880	40.620		
40.630	22.440	52.020	127.500	201.960	40.630	303.800	52.080	0.000	355.880	40.630		
40.640	19.890	52.020	127.500	199.410	40.640	303.800	52.080	0.000	355.880	40.640		
40.650	22.440	54.570	127.500	204.510	40.650	305.000	52.460	0.000	357.460	40.650		
40.660	19.890	54.570	127.500	201.960	40.660	305.000	52.460	0.000	357.460	40.660		
40.670	22.440	54.570	127.500	204.510	40.670	305.000	54.900	0.000	359.900	40.670		
40.680	22.440	54.570	124.950	201.960	40.680	305.000	54.900	2.440	362.340	40.680		
40.690	22.440	54.570	124.950	201.960	40.690	305.000	54.900	4.880	364.780	40.690		
40.700	22.440	54.570	124.950	201.960	40.700	301.340	54.900	2.440	358.680	40.700		
40.710	24.990	54.570	122.400	201.960	40.710	298.900	54.900	4.880	358.680	40.710		
40.720	24.990	54.570	119.850	199.410	40.720	296.460	57.340	4.880	358.680	40.720		
40.730	24.990	52.020	119.850	196.860	40.730	296.460	59.780	4.880	361.120	40.730		
40.740	24.990	52.020	119.850	196.860	40.740	296.460	59.780	4.880	361.120	40.740		
40.750	24.990	52.020	119.850	196.860	40.750	291.580	59.780	7.320	358.680	40.750		
40.760	24.990	52.020	117.300	194.310	40.760	291.580	59.780	7.320	358.680	40.760		
40.770	24.910	52.170	117.500	194.580	40.770	291.580	62.220	7.320	361.120	40.770		
40.780	24.910	52.170	117.500	194.580	40.780	289.140	62.220	9.760	361.120	40.780		
40.790	24.910	52.170	117.500	194.580	40.790	291.580	62.220	9.760	363.560	40.790		
40.800	24.910	52.170	114.680	191.760	40.800	290.000	59.160	6.960	356.120	40.800		
40.810	24.910	52.170	114.680	191.760	40.810	290.000	61.480	9.280	360.760	40.810		
40.820	24.910	52.170	114.680	191.760	40.820	286.520	61.480	9.280	357.280	40.820		
40.830	24.910	52.170	112.330	189.410	40.830	286.520	61.480	9.280	357.280	40.830		
40.840	27.260	49.820	112.330	189.410	40.840	286.520	64.960	11.600	363.080	40.840		
40.850	24.910	52.170	114.680	191.760	40.850	286.520	64.960	11.600	363.080	40.850		
40.860	24.910	49.820	112.330	187.060	40.860	286.520	64.960	11.600	363.080	40.860		
40.870	24.910	49.820	112.330	187.060	40.870	286.520	64.960	13.920	365.400	40.870		
40.880	24.910	52.170	112.330	189.410	40.880	284.200	64.960	11.600	360.760	40.880		
40.890	24.910	49.820	112.330	187.060	40.890	284.200	64.960	11.600	360.760	40.890		
40.900	24.910	52.170	114.680	191.760	40.900	286.520	64.960	13.920	365.400	40.900		
40.910	24.910	49.820	114.680	189.410	40.910	286.520	64.960	11.600	363.080	40.910		
40.920	24.960	49.920	114.920	189.800	40.920	290.000	64.960	11.600	366.560	40.920		
40.930	24.960	49.920	114.920	189.800	40.930	290.000	64.960	11.600	366.560	40.930		
40.940	22.360	49.920	114.920	187.200	40.940	290.000	64.960	11.600	366.560	40.940		
40.950	22.360	49.920	117.000	189.280	40.950	291.400	62.000	12.400	365.800	40.950		
40.960	22.360	49.920	114.920	187.200	40.960	293.880	62.000	9.920	365.800	40.960		
40.970	22.360	52.000	117.000	191.360	40.970	293.880	62.000	9.920	365.800	40.970		
40.980	19.760	49.920	117.000	186.680	40.980	298.840	62.000	9.920	370.760	40.980		
40.990	17.160	47.320	119.600	184.080	40.990	298.840	62.000	7.440	368.280	40.990		
41.000	17.160	47.320	119.600	184.080	41.000	301.320	62.000	7.440	370.760	41.000		
41.010	17.160	47.320	119.600	184.080	41.010	303.800	59.520	4.960	368.280	41.010		
41.020	14.560	49.920	122.200	186.680	41.020	303.800	59.520	4.960	368.280	41.020		
41.030	14.560	47.320	124.800	186.680	41.030	306.280	59.520	4.960	370.760	41.030		
41.040	14.560	49.920	124.800	189.280	41.040	306.280	57.040	2.480	365.800	41.040		
41.050	12.480	47.320	127.400	187.200	41.050	306.280	57.040	4.960	368.280	41.050		
41.060	12.480	47.320	130.000	189.800	41.060	306.280	57.040	2.480	365.800	41.060		
41.070	12.160	47.360	132.480	192.000	41.070	306.280	57.040	4.960	368.280	41.070		
41.080	12.160	47.360	134.400	193.920	41.080	310.000	57.040	2.480	369.520	41.080		
41.090	12.160	47.360	134.400	193.920	41.090	306.280	54.560	4.960	365.800	41.090		
41.100	12.160	49.920	136.960	199.040	41.100	310.000	54.560	2.480	367.040	41.100		
41.110	9.600	49.920	136.960	196.480	41.110	306.280	54.560	2.480	363.320	41.110		
41.120	9.600	49.920	139.520	199.040	41.120	306.280	54.560	2.480	363.320	41.120		
41.130	12.160	49.920	142.080	204.160	41.130	306.280	52.080	0.000	358.360	41.130		
41.140	9.600	49.920	142.080	201.600	41.140	303.800	52.080	0.000	355.880	41.140		
41.150	9.600	49.920	144.640	204.160	41.150	303.800	52.080	0.000	355.880	41.150		
41.160	9.600	52.480	147.200	209.280	41.160	303.800	49.600	0.000	353.400	41.160		
41.170	9.600	49.920	149.760	209.280	41.170	303.800	52.080	0.000	355.880	41.170		
41.180	7.040	52.480	152.320	211.840	41.180	303.800	52.080	0.000	355.880	41.180		
41.190	7.040	52.480	154.880	214.400	41.190	301.320	49.600	0.000	350.920	41.190		
41.200	4.480	52.480	157.440	214.400	41.200	301.320	49.600	0.000	350.920	41.200		
41.210	7.040	52.480	160.000	219.520	41.210	301.320	49.600	0.000	350.920	41.210		
41.220	4.560	52.440	159.600	216.600	41.220	301.320	49.600	0.000	350.920	41.220		
41.230	4.560	54.720	164.920	224.200	41.230	298.840	47.120	0.000	345.960	41.230		
41.240	4.560	52.440	164.920	221.920	41.240	298.840	47.120	0.000	345.960	41.240		
41.250	2.280	52.440	167.200	221.920	41.250	300.000	46.800	0.000	346.800	41.250		
41.260	2.280	52.440	169.480	224.200	41.260	300.000	46.800	0.000	346.800	41.260		
41.270	2.280	52.440	169.480	224.200	41.270	296.400	44.400	0.000	340.800	41.270		
41.280	2.280	52.440	171.760	226.480	41.280	296.400	44.400	0.000	340.800	41.280		
41.290	2.280	52.440	174.800	229.520	41.290	294.000	44.400	0.000	338.400	41.290		
41.300	2.280	52.440	177.080	231.800	41.300	296.400	44.400	0.000	340.800	41.300		
41.310	0.000	52.440	179.360	231.800	41.310	296.400	44.400	0.000	340.800	41.310		
41.320	0.000	52.440	182.400	234.840	41.320	294.000	42.000	0.000	336.000	41.320		
41.330	0.000	52.440	184.680	237.120	41.330	294.000	42.000	0.000	336.000	41.330		
41.340	0.000	52.440	186.960	239.400	41.340	294.000	42.000	0.000	336.000	41.340		
41.350	0.000	49.400	186.960	236.360	41.350	294.000	42.000	0.000	336.000	41.350		
41.360	0.000	52.440	190.000	242.440	41.360	291.600	42.000	0.000	333.600	41.360		
41.370	0.000	52.200	191.700	243.900	41.370	291.600	42.000	0.000	333.600	41.370		
41.380	0.000	52.200	194.400	246.600	41.380	289.200	39.600	0.000	328.800	41.380		
41.390	0.000	52.200	194.400	246.600	41.390	289.200	39.600	0.000	328.800	41.390		
41.400	0.000	49.500	197.100	246.600	41.400	290.000	39.440	0.000	329.440	41.400		
41.410	0.000	49.500	199.800	249.300	41.410	290.000	39.440	0.000	329.440	41.410		
41.420	0.000	49.500	202.500	252.000	41.420	286.520	37.120	0.000	323.640	41.420		
41.430	0.000	49.500	204.300	253.800	41.430	286.520	37.120	0.000	323.640	41.430		
41.440	0.000	49.500	204.300	253.800	41.440	286.520	37.120	0.000	323.640	41.440		
41.450	0.000	46.800	209.700	256.500	41.450	286.520	37.120	0.000	323.640	41.450		
41.460	0.000	46.800	212.400	259.200	41.460	286.520	37.120	0.000	323.640	41.460		
41.470	0.000	46.800	214.200	261.000	41.470	286.520	37.120	0.000	323.640	41.470		
41.480	0.000	46.800	216.900	263.700	41.480	286.520	34.800	0.000	321.320	41.480		
41.490	0.000	46.800	219.600	266.400	41.490	284.200	34.800	0.000	319.000	41.490		
41.500	0.000	46.800	222.300	269.100	41.500	284.200	32.480	0.000	316.680	41.500		
41.510	0.000	46.800	225.000	271.800	41.510	284.200	32.480	0.000	316.680	41.510		
41.520	0.000	44.880	227.460	272.340	41.520	281.880	26.680	0.000	308.560	41.520		
41.530	0.000	44.880	229.500	274.380	41.530	281.880	24.360	0.000	306.240	41.530		
41.540	0.000	46.920	229.500	276.420	41.540	279.560	24.360	0.000	303.920	41.540		
41.550	0.000	44.880	231.540	276.420	41.550	277.500	24.420	0.000	301.920	41.550		
41.560	0.000	44.880	231.540	276.420	41.560	277.500	24.420	0.000	301.920	41.560		
41.570	0.000	44.880	234.600	279.480	41.570	277.500	24.420	0.000	301.920	41.570		
41.580	0.000	44.880	236.640	281.520	41.580	277.500	22.200	0.000	299.700	41.580		
41.590	0.000	44.880	239.700	284.580	41.590	274.170	22.200	0.000	296.370	41.590		
41.600	0.000	46.920	241.740	288.660	41.600	274.170	24.420	0.000	298.590	41.600		
41.610	0.000	46.920	244.800	291.720	41.610	271.950	22.200	0.000	294.150	41.610		
41.620	0.000	46.920	246.840	293.760	41.620	271.950	22.200	0.000	294.150	41.620		
41.630	0.000	46.920	249.900	296.820	41.630	269.730	22.200	0.000	291.930	41.630		
41.640	0.000	46.920	251.940	298.860	41.640	266.400	22.200	0.000	288.600	41.640		
41.650	0.000	46.920	251.940	298.860	41.650	264.180	19.980	0.000	284.160	41.650		
41.660	0.000	44.880	255.000	299.880	41.660	261.960	19.980	0.000	281.940	41.660		
41.670	0.000	47.200	259.600	306.800	41.670	259.740	19.980	0.000	279.720	41.670		
41.680	0.000	47.200	264.320	311.520	41.680	256.410	19.980	0.000	276.390	41.680		
41.690	0.000	47.200	266.680	313.880	41.690	254.190	19.980	0.000	274.170	41.690		
41.700	0.000	47.200	271.400	318.600	41.700	252.500	17.170	0.000	269.670	41.700		
41.710	0.000	47.200	274.940	322.140	41.710	249.470	17.170	0.000	266.640	41.710		
41.720	0.000	47.200	279.660	326.860	41.720	249.470	17.170	0.000	266.640	41.720		
41.730	0.000	47.200	282.020	329.220	41.730	247.450	17.170	0.000	264.620	41.730		
41.740	0.000	47.200	286.740	333.940	41.740	244.420	17.170	0.000	261.590	41.740		
41.750	0.000	47.200	289.100	336.300	41.750	242.400	14.140	0.000	256.540	41.750		
41.760	0.000	47.200	291.460	338.660	41.760	239.370	14.140	0.000	253.510	41.760		
41.770	0.000	47.200	291.460	338.660	41.770	239.370	14.140	0.000	253.510	41.770		
41.780	0.000	49.560	295.000	344.560	41.780	237.350	14.140	0.000	251.490	41.780		
41.790	0.000	47.200	291.460	338.660	41.790	234.320	12.120	0.000	246.440	41.790		
41.800	0.000	47.200	291.460	338.660	41.800	232.300	12.120	0.000	244.420	41.800		
41.810	0.000	49.560	289.100	338.660	41.810	232.300	14.140	0.000	246.440	41.810		
41.820	0.000	49.880	290.000	339.880	41.820	229.270	14.140	0.000	243.410	41.820		
41.830	0.000	52.200	290.000	342.200	41.830	229.270	17.170	0.000	246.440	41.830		
41.840	0.000	52.200	290.000	342.200	41.840	227.250	14.140	0.000	241.390	41.840		
41.850	0.000	54.520	286.520	341.040	41.850	227.500	14.560	0.000	242.060	41.850		
41.860	0.000	56.840	284.200	341.040	41.860	227.500	17.290	0.000	244.790	41.860		
41.870	0.000	59.160	281.880	341.040	41.870	224.770	17.290	0.000	242.060	41.870		
41.880	0.000	59.160	281.880	341.040	41.880	224.770	17.290	0.000	242.060	41.880		
41.890	0.000	59.160	277.240	336.400	41.890	222.040	19.110	0.000	241.150	41.890		
41.900	0.000	61.480	274.920	336.400	41.900	219.310	19.110	0.000	238.420	41.900		
41.910	0.000	64.960	271.440	336.400	41.910	219.310	19.110	0.000	238.420	41.910		
41.920	0.000	67.280	266.800	334.080	41.920	219.310	19.110	0.000	238.420	41.920		
41.930	0.000	69.600	264.480	334.080	41.930	219.310	19.110	0.000	238.420	41.930		
41.940	0.000	71.920	259.840	331.760	41.940	219.310	19.110	0.000	238.420	41.940		
41.950	0.000	74.240	256.360	330.600	41.950	217.490	24.570	0.000	242.060	41.950		
41.960	2.320	74.240	256.360	332.920	41.960	217.490	21.840	0.000	239.330	41.960		
41.970	2.020	76.760	252.500	331.280	41.970	217.490	24.570	0.000	242.060	41.970		
41.980	2.020	76.760	249.470	328.250	41.980	214.760	24.570	0.000	239.330	41.980		
41.990	2.020	76.760	247.450	326.230	41.990	214.760	27.300	0.000	242.060	41.990		
42.000	2.020	79.790	244.420	326.230	42.000	212.500	27.200	1.700	241.400	42.000		
42.010	4.040	79.790	239.370	323.200	42.010	209.950	27.200	1.700	238.850	42.010		
42.020	4.040	79.790	237.350	321.180	42.020	207.400	32.300	6.800	246.500	42.020		
42.030	7.070	79.790	232.300	319.160	42.030	204.850	32.300	6.800	243.950	42.030		
42.040	7.070	79.790	232.300	319.160	42.040	199.750	32.300	11.900	243.950	42.040		
42.050	9.090	79.790	229.270	318.150	42.050	197.200	34.850	14.450	246.500	42.050		
42.060	9.090	79.790	227.250	316.130	42.060	194.650	34.850	19.550	249.050	42.060		
42.070	9.090	79.790	224.220	313.100	42.070	192.100	34.850	22.100	249.050	42.070		
42.080	12.120	79.790	222.200	314.110	42.080	189.550	37.400	24.650	251.600	42.080		
42.090	9.090	79.790	222.200	311.080	42.090	189.550	37.400	24.650	251.600	42.090		
42.100	12.120	79.790	222.200	314.110	42.100	187.000	37.400	29.750	254.150	42.100		
42.110	9.090	79.790	219.170	308.050	42.110	184.450	37.400	29.750	251.600	42.110		
42.120	9.680	79.200	220.000	308.880	42.120	184.450	37.400	32.300	254.150	42.120		
42.130	12.320	77.440	217.360	307.120	42.130	181.900	39.950	32.300	254.150	42.130		
42.140	12.320	77.440	217.360	307.120	42.140	179.350	39.950	34.850	254.150	42.140		
42.150	12.320	77.440	217.360	307.120	42.150	180.000	39.600	37.440	257.040	42.150		
42.160	12.320	77.440	212.080	301.840	42.160	180.000	39.600	37.440	257.040	42.160		
42.170	12.320	77.440	212.080	301.840	42.170	177.120	39.600	39.600	256.320	42.170		
42.180	12.320	77.440	209.440	299.200	42.180	177.120	39.600	39.600	256.320	42.180		
42.190	14.960	77.440	206.800	299.200	42.190	177.120	39.600	39.600	256.320	42.190		
42.200	14.960	74.800	204.160	293.920	42.200	177.120	42.480	39.600	259.200	42.200		
42.210	16.720	77.440	202.400	296.560	42.210	177.120	42.480	42.480	262.080	42.210		
42.220	19.360	77.440	199.760	296.560	42.220	177.120	42.480	42.480	262.080	42.220		
42.230	19.360	77.440	194.480	291.280	42.230	177.120	42.480	44.640	264.240	42.230		
42.240	22.000	74.800	191.840	288.640	42.240	177.120	44.640	44.640	266.400	42.240		
42.250	24.640	74.800	189.200	288.640	42.250	177.120	42.480	44.640	264.240	42.250		
42.260	27.280	77.440	187.440	292.160	42.260	177.120	44.640	46.800	268.560	42.260		
42.270	29.600	74.740	185.000	289.340	42.270	177.120	44.640	46.800	268.560	42.270		
42.280	27.380	74.740	179.820	281.940	42.280	177.120	44.640	46.800	268.560	42.280		
42.290	29.600	74.740	176.860	281.200	42.290	177.120	44.640	46.800	268.560	42.290		
42.300	29.600	74.740	176.860	281.200	42.300	175.000	46.900	46.900	268.800	42.300		
42.310	29.600	76.960	174.640	281.200	42.310	175.000	46.900	49.700	271.600	42.310		
42.320	29.600	74.740	174.640	278.980	42.320	175.000	46.900	49.700	271.600	42.320		
42.330	29.600	74.740	172.420	276.760	42.330	175.000	46.900	49.700	271.600	42.330		
42.340	31.820	74.740	172.420	278.980	42.340	172.200	46.900	49.700	268.800	42.340		
42.350	31.820	74.740	169.460	276.020	42.350	172.200	46.900	52.500	271.600	42.350		
42.360	31.820	74.740	167.240	273.800	42.360	172.200	46.900	52.500	271.600	42.360		
42.370	31.820	76.960	169.460	278.240	42.370	172.200	46.900	49.700	268.800	42.370		
42.380	34.780	74.740	167.240	276.760	42.380	172.200	49.700	54.600	276.500	42.380		
42.390	31.820	76.960	169.460	278.240	42.390	172.200	49.700	52.500	274.400	42.390		
42.400	31.820	76.960	167.240	276.020	42.400	172.200	49.700	52.500	274.400	42.400		
42.410	31.820	74.740	167.240	273.800	42.410	175.000	49.700	54.600	279.300	42.410		
42.420	34.840	74.370	167.500	276.710	42.420	172.200	49.700	52.500	274.400	42.420		
42.430	34.840	77.050	167.500	279.390	42.430	172.200	49.700	54.600	276.500	42.430		
42.440	32.160	74.370	167.500	274.030	42.440	172.200	49.700	54.600	276.500	42.440		
42.450	34.840	74.370	164.820	274.030	42.450	172.080	46.800	54.720	273.600	42.450		
42.460	34.840	74.370	167.500	276.710	42.460	172.080	49.680	54.720	276.480	42.460		
42.470	32.160	74.370	164.820	271.350	42.470	172.080	49.680	54.720	276.480	42.470		
42.480	32.160	74.370	164.820	271.350	42.480	172.080	49.680	51.840	273.600	42.480		
42.490	32.160	72.360	164.820	269.340	42.490	174.960	49.680	54.720	279.360	42.490		
42.500	34.840	74.370	164.820	274.030	42.500	174.960	49.680	54.720	279.360	42.500		
42.510	32.160	74.370	164.820	271.350	42.510	174.960	49.680	54.720	279.360	42.510		
42.520	32.160	74.370	164.820	271.350	42.520	174.960	49.680	54.720	279.360	42.520		
42.530	34.840	74.370	164.820	274.030	42.530	174.960	49.680	51.840	276.480	42.530		
42.540	34.840	74.370	164.820	274.030	42.540	174.960	49.680	51.840	276.480	42.540		
42.550	34.840	74.370	164.820	274.030	42.550	174.960	46.800	51.840	273.600	42.550		
42.560	34.840	74.370	164.820	274.030	42.560	177.120	46.800	51.840	275.760	42.560		
42.570	34.450	74.750	162.500	271.700	42.570	177.120	46.800	51.840	275.760	42.570		
42.580	34.450	74.750	162.500	271.700	42.580	177.120	46.800	51.840	275.760	42.580		
42.590	34.450	74.750	162.500	271.700	42.590	180.000	46.800	51.840	278.640	42.590		
42.600	32.500	72.150	162.500	267.150	42.600	180.000	47.250	52.500	279.750	42.600		
42.610	32.500	74.750	162.500	269.750	42.610	180.000	49.500	52.500	282.000	42.610		
42.620	32.500	72.150	162.500	267.150	42.620	182.250	47.250	52.500	282.000	42.620		
42.630	32.500	74.750	162.500	269.750	42.630	180.000	47.250	49.500	276.750	42.630		
42.640	34.450	74.750	162.500	271.700	42.640	182.250	47.250	49.500	279.000	42.640		
42.650	32.500	74.750	162.500	269.750	42.650	182.250	47.250	49.500	279.000	42.650		
42.660	34.450	72.150	162.500	269.100	42.660	182.250	47.250	52.500	282.000	42.660		
42.670	32.500	74.750	162.500	269.750	42.670	184.500	47.250	52.500	284.250	42.670		
42.680	32.500	72.150	162.500	267.150	42.680	184.500	47.250	49.500	281.250	42.680		
42.690	34.450	74.750	162.500	271.700	42.690	184.500	47.250	52.500	284.250	42.690		
42.700	32.500	72.150	162.500	267.150	42.700	184.500	47.250	49.500	281.250	42.700		
42.710	32.500	72.150	162.500	267.150	42.710	184.500	47.250	49.500	281.250	42.710		
42.720	32.340	71.940	162.360	266.640	42.720	187.500	47.250	49.500	284.250	42.720		
42.730	32.340	71.940	162.360	266.640	42.730	187.500	47.250	49.500	284.250	42.730		
42.740	32.340	71.940	165.000	269.280	42.740	187.500	47.250	49.500	284.250	42.740		
42.750	32.340	69.960	162.360	264.660	42.750	184.500	47.250	49.500	281.250	42.750		
42.760	34.980	71.940	162.360	269.280	42.760	187.500	47.250	49.500	284.250	42.760		
42.770	32.340	71.940	162.360	266.640	42.770	184.500	45.000	49.500	279.000	42.770		
42.780	32.340	71.940	159.720	264.000	42.780	187.500	45.000	49.500	282.000	42.780		
42.790	34.980	71.940	162.360	269.280	42.790	187.500	47.250	49.500	284.250	42.790		
42.800	32.340	71.940	162.360	266.640	42.800	187.500	47.250	49.500	284.250	42.800		
42.810	32.340	71.940	162.360	266.640	42.810	187.500	47.250	49.500	284.250	42.810		
42.820	34.980	71.940	162.360	269.280	42.820	187.500	45.000	47.250	279.750	42.820		
42.830	32.340	71.940	162.360	266.640	42.830	187.500	45.000	49.500	282.000	42.830		
42.840	32.340	71.940	165.000	269.280	42.840	187.500	45.000	49.500	282.000	42.840		
42.850	32.340	71.940	162.360	266.640	42.850	187.500	47.250	49.500	284.250	42.850		
42.860	32.340	74.580	162.360	269.280	42.860	187.500	45.000	47.250	279.750	42.860		
42.870	32.340	71.940	165.000	269.280	42.870	187.500	45.000	47.250	279.750	42.870		
42.880	32.340	71.940	162.360	266.640	42.880	187.500	45.000	47.250	279.750	42.880		
42.890	32.340	74.580	162.360	269.280	42.890	187.500	45.000	47.250	279.750	42.890		
42.900	32.340	71.940	162.360	266.640	42.900	187.110	44.660	46.970	278.740	42.900		
42.910	32.340	71.940	162.360	266.640	42.910	187.110	46.970	46.970	281.050	42.910		
42.920	32.340	71.940	162.360	266.640	42.920	187.110	44.660	46.970	278.740	42.920		
42.930	32.340	71.940	162.360	266.640	42.930	187.110	44.660	49.280	281.050	42.930		
42.940	32.340	71.940	162.360	266.640	42.940	187.110	46.970	49.280	283.360	42.940		
42.950	32.340	71.940	162.360	266.640	42.950	187.110	44.660	46.970	278.740	42.950		
42.960	32.340	71.940	162.360	266.640	42.960	187.110	44.660	46.970	278.740	42.960		
42.970	32.340	71.940	162.360	266.640	42.970	187.110	46.970	49.280	283.360	42.970		
42.980	32.340	71.940	162.360	266.640	42.980	187.110	44.660	46.970	278.740	42.980		
42.990	32.340	71.940	162.360	266.640	42.990	189.420	46.970	49.280	285.670	42.990		
43.000	32.340	71.940	162.360	266.640	43.000	187.110	46.970	46.970	281.050	43.000		
43.010	32.340	71.940	162.360	266.640	43.010	189.420	46.970	46.970	283.360	43.010		
43.020	32.340	71.940	162.360	266.640	43.020	189.420	46.970	46.970	283.360	43.020		
43.030	32.340	71.940	162.360	266.640	43.030	189.420	44.660	46.970	281.050	43.030		
43.040	32.340	71.940	162.360	266.640	43.040	192.500	46.970	46.970	286.440	43.040		
43.050	32.340	71.940	162.360	266.640	43.050	190.000	47.120	49.400	286.520	43.050		
43.060	32.340	71.940	162.360	266.640	43.060	190.000	47.120	49.400	286.520	43.060		
43.070	32.340	71.940	162.360	266.640	43.070	190.000	47.120	47.120	284.240	43.070		
43.080	32.340	71.940	162.360	266.640	43.080	190.000	47.120	47.120	284.240	43.080		
43.090	32.340	71.940	165.000	269.280	43.090	190.000	47.120	47.120	284.240	43.090		
43.100	32.340	71.940	162.360	266.640	43.100	190.000	44.840	47.120	281.960	43.100		
43.110	32.340	71.940	162.360	266.640	43.110	186.960	44.840	47.120	278.920	43.110		
43.120	34.980	71.940	165.000	271.920	43.120	190.000	44.840	47.120	281.960	43.120		
43.130	32.340	71.940	165.000	269.280	43.130	190.000	47.120	47.120	284.240	43.130		
43.140	32.340	71.940	162.360	266.640	43.140	186.960	44.840	47.120	278.920	43.140		
43.150	32.340	71.940	165.000	269.280	43.150	186.960	47.120	47.120	281.200	43.150		
43.160	32.340	71.940	162.360	266.640	43.160	190.000	44.840	47.120	281.960	43.160		
43.170	32.160	72.360	162.140	266.660	43.170	186.960	47.120	47.120	281.200	43.170		
43.180	32.160	72.360	162.140	266.660	43.180	186.960	47.120	49.400	283.480	43.180		
43.190	32.160	72.360	162.140	266.660	43.190	186.960	44.840	47.120	278.920	43.190		
43.200	32.160	72.360	164.820	269.340	43.200	189.600	47.400	49.770	286.770	43.200		
43.210	32.160	72.360	162.140	266.660	43.210	189.600	47.400	47.400	284.400	43.210		
43.220	32.160	72.360	164.820	269.340	43.220	189.600	44.240	47.400	281.240	43.220		
43.230	32.160	72.360	162.140	266.660	43.230	189.600	47.400	47.400	284.400	43.230		
43.240	32.160	72.360	162.140	266.660	43.240	191.970	47.400	47.400	286.770	43.240		
43.250	32.160	72.360	164.820	269.340	43.250	191.970	47.400	47.400	286.770	43.250		
43.260	32.160	72.360	164.820	269.340	43.260	191.970	49.770	47.400	289.140	43.260		
43.270	32.160	72.360	164.820	269.340	43.270	191.970	47.400	47.400	286.770	43.270		
43.280	32.160	72.360	164.820	269.340	43.280	191.970	47.400	47.400	286.770	43.280		
43.290	32.160	72.360	164.820	269.340	43.290	194.340	49.770	47.400	291.510	43.290		
43.300	32.160	74.370	167.500	274.030	43.300	194.340	47.400	44.240	285.980	43.300		
43.310	32.160	72.360	167.500	272.020	43.310	197.500	49.770	47.400	294.670	43.310		
43.320	32.160	72.360	167.500	272.020	43.320	197.500	47.400	47.400	292.300	43.320		
43.330	32.160	72.360	167.500	272.020	43.330	197.500	49.770	44.240	291.510	43.330		
43.340	32.160	72.360	167.500	272.020	43.340	197.500	47.400	44.240	289.140	43.340		
43.350	32.160	72.360	167.500	272.020	43.350	199.260	49.200	44.280	292.740	43.350		
43.360	29.480	72.360	164.820	266.660	43.360	199.260	49.200	46.740	295.200	43.360		
43.370	32.160	72.360	164.820	269.340	43.370	201.720	49.200	44.280	295.200	43.370		
43.380	32.160	72.360	164.820	269.340	43.380	201.720	49.200	46.740	297.660	43.380		
43.390	32.160	72.360	164.820	269.340	43.390	201.720	49.200	44.280	295.200	43.390		
43.400	32.160	69.680	162.140	263.980	43.400	201.720	49.200	44.280	295.200	43.400		
43.410	32.160	69.680	162.140	263.980	43.410	201.720	49.200	46.740	297.660	43.410		
43.420	32.160	69.680	162.140	263.980	43.420	201.720	49.200	46.740	297.660	43.420		
43.430	32.160	69.680	162.140	263.980	43.430	201.720	49.200	44.280	295.200	43.430		
43.440	32.160	69.680	159.460	261.300	43.440	205.000	49.200	44.280	298.480	43.440		
43.450	29.480	69.680	159.460	258.620	43.450	201.720	49.200	46.740	297.660	43.450		
43.460	29.480	69.680	159.460	258.620	43.460	201.720	49.200	44.280	295.200	43.460		
43.470	32.130	67.410	157.500	257.040	43.470	201.720	49.200	46.740	297.660	43.470		
43.480	32.130	67.410	157.500	257.040	43.480	201.720	49.200	46.740	297.660	43.480		
43.490	29.610	67.410	157.500	254.520	43.490	205.000	49.200	44.280	298.480	43.490		
43.500	29.610	67.410	157.500	254.520	43.500	202.440	49.560	47.040	299.040	43.500		
43.510	29.610	67.410	154.980	252.000	43.510	204.960	52.080	47.040	304.080	43.510		
43.520	27.090	67.410	154.980	249.480	43.520	204.960	49.560	44.520	299.040	43.520		
43.530	27.090	67.410	154.980	249.480	43.530	204.960	49.560	47.040	301.560	43.530		
43.540	29.610	67.410	154.980	252.000	43.540	204.960	49.560	44.520	299.040	43.540		
43.550	27.090	67.410	154.980	249.480	43.550	207.480	52.080	47.040	306.600	43.550		
43.560	27.090	67.410	154.980	249.480	43.560	207.480	49.560	44.520	301.560	43.560		
43.570	27.090	67.410	154.980	249.480	43.570	207.480	49.560	44.520	301.560	43.570		
43.580	27.090	67.410	154.980	249.480	43.580	210.000	49.560	44.520	304.080	43.580		
43.590	27.090	67.410	154.980	249.480	43.590	210.000	52.080	47.040	309.120	43.590		
43.600	27.090	67.410	157.500	252.000	43.600	207.480	49.560	44.520	301.560	43.600		
43.610	24.570	64.890	154.980	244.440	43.610	210.000	52.080	42.000	304.080	43.610		
43.620	24.800	64.480	155.000	244.280	43.620	210.000	52.080	44.520	306.600	43.620		
43.630	24.800	64.480	155.000	244.280	43.630	210.000	49.560	44.520	304.080	43.630		
43.640	27.280	64.480	155.000	246.760	43.640	210.000	52.080	44.520	306.600	43.640		
43.650	24.800	64.480	155.000	244.280	43.650	210.000	52.080	44.520	306.600	43.650		
43.660	24.800	64.480	155.000	244.280	43.660	207.480	49.560	44.520	301.560	43.660		
43.670	24.800	64.480	151.900	241.180	43.670	207.480	49.560	47.040	304.080	43.670		
43.680	24.800	64.480	151.900	241.180	43.680	207.480	52.080	44.520	304.080	43.680		
43.690	24.800	64.480	151.900	241.180	43.690	207.480	52.080	44.520	304.080	43.690		
43.700	24.800	64.480	151.900	241.180	43.700	207.480	49.560	44.520	301.560	43.700		
43.710	27.280	64.480	151.900	243.660	43.710	207.480	52.080	47.040	306.600	43.710		
43.720	24.800	64.480	151.900	241.180	43.720	207.480	52.080	47.040	306.600	43.720		
43.730	27.280	64.480	149.420	241.180	43.730	207.480	52.080	47.040	306.600	43.730		
43.740	24.800	64.480	149.420	238.700	43.740	207.480	52.080	49.560	309.120	43.740		
43.750	27.280	66.960	149.420	243.660	43.750	207.480	52.080	47.040	306.600	43.750		
43.760	27.280	64.480	149.420	241.180	43.760	207.480	52.080	49.560	309.120	43.760		
43.770	29.500	64.900	147.500	241.900	43.770	207.480	52.080	49.560	309.120	43.770		
43.780	29.500	64.900	147.500	241.900	43.780	207.480	52.080	47.040	306.600	43.780		
43.790	29.500	64.900	144.550	238.950	43.790	204.960	52.080	47.040	304.080	43.790		
43.800	29.500	64.900	144.550	238.950	43.800	207.480	52.080	49.560	309.120	43.800		
43.810	29.500	64.900	144.550	238.950	43.810	207.480	52.080	49.560	309.120	43.810		
43.820	32.450	64.900	144.550	241.900	43.820	207.480	52.080	49.560	309.120	43.820		
43.830	32.450	64.900	144.550	241.900	43.830	207.480	52.080	49.560	309.120	43.830		
43.840	32.450	64.900	144.550	241.900	43.840	207.480	54.600	49.560	311.640	43.840		
43.850	29.500	64.900	147.500	241.900	43.850	210.000	54.600	49.560	314.160	43.850		
43.860	32.450	64.900	144.550	241.900	43.860	207.480	52.080	52.080	311.640	43.860		
43.870	29.500	67.260	144.550	241.310	43.870	207.480	52.080	49.560	309.120	43.870		
43.880	32.450	64.900	144.550	241.900	43.880	210.000	54.600	52.080	316.680	43.880		
43.890	29.500	64.900	147.500	241.900	43.890	210.000	54.600	52.080	316.680	43.890		
43.900	29.500	67.260	147.500	244.260	43.900	207.480	54.600	49.560	311.640	43.900		
43.910	29.500	67.260	147.500	244.260	43.910	210.000	54.600	52.080	316.680	43.910		
43.920	29.500	67.260	147.500	244.260	43.920	207.480	54.600	52.080	314.160	43.920		
43.930	32.450	67.260	147.500	247.210	43.930	207.480	54.600	52.080	314.160	43.930		
43.940	32.450	67.260	144.550	244.260	43.940	207.480	54.600	54.600	316.680	43.940		
43.950	29.500	64.900	144.550	238.950	43.950	207.500	54.780	52.290	314.570	43.950		
43.960	32.450	67.260	144.550	244.260	43.960	207.500	54.780	52.290	314.570	43.960		
43.970	32.450	67.260	144.550	244.260	43.970	204.180	52.290	49.800	306.270	43.970		
43.980	32.450	67.260	144.550	244.260	43.980	204.180	52.290	52.290	308.760	43.980		
43.990	32.450	67.260	144.550	244.260	43.990	207.500	54.780	49.800	312.080	43.990		
44.000	32.450	67.260	144.550	244.260	44.000	204.180	52.290	52.290	308.760	44.000		
44.010	32.450	64.900	144.550	241.900	44.010	204.180	54.780	52.290	311.250	44.010		
44.020	32.450	64.900	142.190	239.540	44.020	204.180	54.780	52.290	311.250	44.020		
44.030	32.450	64.900	142.190	239.540	44.030	204.180	54.780	52.290	311.250	44.030		
44.040	32.450	67.260	142.190	241.900	44.040	204.180	57.270	54.780	316.230	44.040		
44.050	32.450	67.260	142.190	241.900	44.050	201.690	54.780	54.780	311.250	44.050		
44.060	34.810	67.260	139.830	241.900	44.060	201.690	57.270	54.780	313.740	44.060		
44.070	34.720	67.200	140.000	241.920	44.070	199.200	57.270	57.270	313.740	44.070		
44.080	34.720	67.200	140.000	241.920	44.080	196.710	57.270	57.270	311.250	44.080		
44.090	34.720	67.200	137.200	239.120	44.090	194.220	59.760	59.760	313.740	44.090		
44.100	34.720	67.200	137.200	239.120	44.100	192.500	59.290	59.290	311.080	44.100		
44.110	34.720	67.200	137.200	239.120	44.110	192.500	62.370	62.370	317.240	44.110		
44.120	36.960	70.000	134.960	241.920	44.120	189.420	62.370	64.680	316.470	44.120		
44.130	36.960	70.000	134.960	241.920	44.130	187.110	62.370	64.680	314.160	44.130		
44.140	36.960	70.000	134.960	241.920	44.140	187.110	64.680	66.990	318.780	44.140		
44.150	36.960	70.000	134.960	241.920	44.150	184.800	62.370	66.990	314.160	44.150		
44.160	36.960	72.240	134.960	244.160	44.160	184.800	64.680	66.990	316.470	44.160		
44.170	36.960	72.240	134.960	244.160	44.170	182.490	66.990	69.300	318.780	44.170		
44.180	36.960	70.000	132.160	239.120	44.180	182.490	64.680	69.300	316.470	44.180		
44.190	39.760	70.000	132.160	241.920	44.190	182.490	64.680	69.300	316.470	44.190		
44.200	39.760	70.000	132.160	241.920	44.200	179.410	64.680	69.300	313.390	44.200		
44.210	39.760	70.000	129.920	239.680	44.210	179.410	66.990	72.380	318.780	44.210		
44.220	39.520	72.280	130.000	241.800	44.220	179.410	66.990	72.380	318.780	44.220		
44.230	42.120	72.280	130.000	244.400	44.230	177.100	66.990	72.380	316.470	44.230		
44.240	39.520	72.280	127.400	239.200	44.240	177.100	66.990	74.690	318.780	44.240		
44.250	39.520	72.280	124.800	236.600	44.250	175.000	67.200	74.900	317.100	44.250		
44.260	42.120	72.280	124.800	239.200	44.260	175.000	70.000	77.000	322.000	44.260		
44.270	42.120	72.280	124.800	239.200	44.270	175.000	70.000	77.000	322.000	44.270		
44.280	42.120	72.280	124.800	239.200	44.280	172.200	70.000	77.000	319.200	44.280		
44.290	42.120	74.880	122.200	239.200	44.290	172.200	70.000	79.800	322.000	44.290		
44.300	42.120	74.880	122.200	239.200	44.300	169.400	72.100	79.800	321.300	44.300		
44.310	44.720	74.880	122.200	241.800	44.310	167.300	72.100	84.700	324.100	44.310		
44.320	44.720	74.880	119.600	239.200	44.320	167.300	74.900	87.500	329.700	44.320		
44.330	44.720	74.880	119.600	239.200	44.330	167.300	74.900	87.500	329.700	44.330		
44.340	44.720	74.880	119.600	239.200	44.340	164.500	74.900	89.600	329.000	44.340		
44.350	44.720	74.880	119.600	239.200	44.350	164.500	77.000	89.600	331.100	44.350		
44.360	47.320	74.880	119.600	241.800	44.360	164.500	74.900	89.600	329.000	44.360		
44.370	47.470	74.730	117.500	239.700	44.370	164.500	74.900	89.600	329.000	44.370		
44.380	47.470	74.730	117.500	239.700	44.380	164.500	77.000	89.600	331.100	44.380		
44.390	44.650	74.730	117.500	236.880	44.390	167.300	77.000	92.400	336.700	44.390		
44.400	47.470	74.730	114.680	236.880	44.400	167.500	77.050	92.460	337.010	44.400		
44.410	47.470	74.730	114.680	236.880	44.410	167.500	77.050	92.460	337.010	44.410		
44.420	47.470	74.730	112.330	234.530	44.420	164.820	77.050	92.460	334.330	44.420		
44.430	47.470	74.730	112.330	234.530	44.430	164.820	77.050	92.460	334.330	44.430		
44.440	47.470	72.380	112.330	232.180	44.440	162.140	77.050	92.460	331.650	44.440		
44.450	44.650	72.380	112.330	229.360	44.450	162.140	77.050	92.460	331.650	44.450		
44.460	47.470	74.730	112.330	234.530	44.460	159.460	74.370	92.460	326.290	44.460		
44.470	47.470	72.380	109.980	229.830	44.470	159.460	77.050	92.460	328.970	44.470		
44.480	47.470	72.380	109.980	229.830	44.480	159.460	77.050	94.470	330.980	44.480		
44.490	47.470	72.380	109.980	229.830	44.490	159.460	77.050	92.460	328.970	44.490		
44.500	47.470	74.730	109.980	232.180	44.500	159.460	74.370	92.460	326.290	44.500		
44.510	47.470	72.380	109.980	229.830	44.510	159.460	74.370	92.460	326.290	44.510		
44.520	47.250	74.700	112.500	234.450	44.520	159.460	74.370	89.780	323.610	44.520		
44.530	47.250	74.700	112.500	234.450	44.530	159.460	74.370	92.460	326.290	44.530		
44.540	47.250	74.700	112.500	234.450	44.540	159.460	74.370	89.780	323.610	44.540		
44.550	47.250	74.700	112.500	234.450	44.550	159.460	74.370	92.460	326.290	44.550		
44.560	47.250	77.400	112.500	237.150	44.560	159.460	72.360	87.100	318.920	44.560		
44.570	47.250	74.700	112.500	234.450	44.570	159.460	72.360	89.780	321.600	44.570		
44.580	47.250	74.700	112.500	234.450	44.580	159.460	72.360	87.100	318.920	44.580		
44.590	49.950	77.400	112.500	239.850	44.590	162.140	72.360	87.100	321.600	44.590		
44.600	49.950	74.700	112.500	237.150	44.600	162.140	72.360	87.100	321.600	44.600		
44.610	49.950	77.400	112.500	239.850	44.610	162.140	72.360	84.420	318.920	44.610		
44.620	49.950	77.400	112.500	239.850	44.620	164.820	72.360	87.100	324.280	44.620		
44.630	49.950	77.400	112.500	239.850	44.630	164.820	72.360	84.420	321.600	44.630		
44.640	49.950	77.400	112.500	239.850	44.640	164.820	72.360	84.420	321.600	44.640		
44.650	52.200	79.650	112.500	244.350	44.650	164.820	69.680	84.420	318.920	44.650		
44.660	52.200	79.650	112.500	244.350	44.660	167.500	72.360	84.420	324.280	44.660		
44.670	52.360	77.440	110.000	239.800	44.670	164.820	69.680	84.420	318.920	44.670		
44.680	52.360	79.640	110.000	242.000	44.680	164.820	69.680	84.420	318.920	44.680		
44.690	52.360	79.640	110.000	242.000	44.690	164.820	72.360	84.420	321.600	44.690		
44.700	55.000	79.640	110.000	244.640	44.700	165.000	71.940	84.480	321.420	44.700		
44.710	55.000	79.640	107.360	242.000	44.710	165.000	71.940	84.480	321.420	44.710		
44.720	55.000	79.640	107.360	242.000	44.720	165.000	71.940	87.120	324.060	44.720		
44.730	55.000	79.640	107.360	242.000	44.730	165.000	71.940	87.120	324.060	44.730		
44.740	55.000	79.640	107.360	242.000	44.740	165.000	74.580	87.120	326.700	44.740		
44.750	55.000	79.640	107.360	242.000	44.750	165.000	71.940	87.120	324.060	44.750		
44.760	55.000	79.640	107.360	242.000	44.760	162.360	71.940	87.120	321.420	44.760		
44.770	55.000	77.440	107.360	239.800	44.770	162.360	74.580	87.120	324.060	44.770		
44.780	55.000	79.640	107.360	242.000	44.780	159.720	71.940	89.760	321.420	44.780		
44.790	55.000	79.640	104.720	239.360	44.790	159.720	74.580	89.760	324.060	44.790		
44.800	55.000	79.640	104.720	239.360	44.800	157.080	74.580	92.400	324.060	44.800		
44.810	57.200	79.640	107.360	244.200	44.810	154.440	74.580	89.760	318.780	44.810		
44.820	54.600	79.800	105.000	239.400	44.820	154.440	74.580	89.760	318.780	44.820		
44.830	57.120	79.800	105.000	241.920	44.830	152.460	74.580	92.400	319.440	44.830		
44.840	57.120	79.800	105.000	241.920	44.840	152.460	74.580	92.400	319.440	44.840		
44.850	57.120	79.800	105.000	241.920	44.850	150.000	75.000	92.400	317.400	44.850		
44.860	57.120	82.320	105.000	244.440	44.860	150.000	75.000	94.800	319.800	44.860		
44.870	57.120	79.800	105.000	241.920	44.870	150.000	77.400	94.800	322.200	44.870		
44.880	57.120	79.800	105.000	241.920	44.880	150.000	75.000	92.400	317.400	44.880		
44.890	57.120	79.800	102.480	239.400	44.890	150.000	77.400	97.200	324.600	44.890		
44.900	57.120	79.800	105.000	241.920	44.900	150.000	77.400	94.800	322.200	44.900		
44.910	57.120	79.800	105.000	241.920	44.910	147.000	77.400	97.200	321.600	44.910		
44.920	57.120	79.800	102.480	239.400	44.920	147.000	77.400	97.200	321.600	44.920		
44.930	57.120	79.800	102.480	239.400	44.930	147.000	77.400	99.600	324.000	44.930		
44.940	59.640	79.800	102.480	241.920	44.940	144.600	77.400	99.600	321.600	44.940		
44.950	57.120	79.800	102.480	239.400	44.950	144.600	79.800	99.600	324.000	44.950		
44.960	57.120	82.320	102.480	241.920	44.960	142.200	79.800	102.000	324.000	44.960		
44.970	59.860	82.410	102.500	244.770	44.970	142.200	79.800	102.000	324.000	44.970		
44.980	59.860	82.410	102.500	244.770	44.980	142.200	79.800	105.000	327.000	44.980		
44.990	59.860	82.410	99.630	241.900	44.990	142.200	79.800	102.000	324.000	44.990		
45.000	59.860	82.410	99.630	241.900	45.000	142.500	82.080	104.880	329.460	45.000		
45.010	59.860	82.410	99.630	241.900	45.010	139.650	79.800	104.880	324.330	45.010		
45.020	59.860	82.410	97.170	239.440	45.020	139.650	82.080	107.160	328.890	45.020		
45.030	62.320	79.950	97.170	239.440	45.030	139.650	82.080	109.440	331.170	45.030		
45.040	62.320	79.950	97.170	239.440	45.040	139.650	82.080	109.440	331.170	45.040		
45.050	62.320	79.950	94.710	236.980	45.050	137.370	84.930	112.290	334.590	45.050		
45.060	62.320	79.950	94.710	236.980	45.060	137.370	84.930	114.570	336.870	45.060		
45.070	62.320	79.950	92.250	234.520	45.070	134.520	87.210	114.570	336.300	45.070		
45.080	62.320	79.950	92.250	234.520	45.080	132.240	87.210	117.420	336.870	45.080		
45.090	62.320	79.950	92.250	234.520	45.090	129.960	87.210	119.700	336.870	45.090		
45.100	62.320	79.950	92.250	234.520	45.100	129.960	87.210	119.700	336.870	45.100		
45.110	62.320	79.950	89.790	232.060	45.110	127.110	87.210	121.980	336.300	45.110		
45.120	62.280	77.400	90.000	229.680	45.120	124.830	87.210	121.980	334.020	45.120		
45.130	62.280	77.400	87.480	227.160	45.130	124.830	87.210	124.830	336.870	45.130		
45.140	64.800	77.400	87.480	229.680	45.140	124.830	87.210	124.830	336.870	45.140		
45.150	64.800	77.400	87.480	229.680	45.150	122.040	87.480	124.740	334.260	45.150		
45.160	64.800	77.400	87.480	229.680	45.160	122.040	89.640	124.740	336.420	45.160		
45.170	64.800	79.920	87.480	232.200	45.170	122.040	87.480	127.440	336.960	45.170		
45.180	64.800	77.400	87.480	229.680	45.180	122.040	87.480	127.440	336.960	45.180		
45.190	64.800	79.920	87.480	232.200	45.190	122.040	89.640	127.440	339.120	45.190		
45.200	64.800	77.400	87.480	229.680	45.200	119.880	89.640	129.600	339.120	45.200		
45.210	64.800	77.400	84.960	227.160	45.210	119.880	89.640	129.600	339.120	45.210		
45.220	64.800	77.400	84.960	227.160	45.220	122.040	89.640	132.300	343.980	45.220		
45.230	64.800	77.400	84.960	227.160	45.230	122.040	89.640	129.600	341.280	45.230		
45.240	64.800	77.400	84.960	227.160	45.240	122.040	89.640	129.600	341.280	45.240		
45.250	67.320	77.400	82.440	227.160	45.250	122.040	92.340	132.300	346.680	45.250		
45.260	67.320	77.400	82.440	227.160	45.260	122.040	92.340	132.300	346.680	45.260		
45.270	67.320	77.220	82.500	227.040	45.270	122.040	92.340	135.000	349.380	45.270		
45.280	67.320	77.220	82.500	227.040	45.280	122.040	94.500	132.300	348.840	45.280		
45.290	67.320	77.220	82.500	227.040	45.290	122.040	94.500	135.000	351.540	45.290		
45.300	67.320	77.220	82.500	227.040	45.300	121.980	92.340	134.520	348.840	45.300		
45.310	67.320	77.220	79.860	224.400	45.310	119.700	94.620	137.370	351.690	45.310		
45.320	67.320	77.220	79.860	224.400	45.320	121.980	94.620	134.520	351.120	45.320		
45.330	67.320	77.220	79.860	224.400	45.330	119.700	94.620	137.370	351.690	45.330		
45.340	67.320	77.220	79.860	224.400	45.340	121.980	94.620	137.370	353.970	45.340		
45.350	67.320	77.220	77.220	221.760	45.350	119.700	94.620	137.370	351.690	45.350		
45.360	67.320	77.220	79.860	224.400	45.360	121.980	94.620	134.520	351.120	45.360		
45.370	69.960	74.910	77.220	222.090	45.370	119.700	94.620	137.370	351.690	45.370		
45.380	69.960	74.910	77.220	222.090	45.380	119.700	94.620	137.370	351.690	45.380		
45.390	69.960	74.910	74.910	219.780	45.390	117.420	94.620	137.370	349.410	45.390		
45.400	67.320	77.220	77.220	221.760	45.400	117.420	92.340	137.370	347.130	45.400		
45.410	67.320	77.220	77.220	221.760	45.410	114.570	94.620	137.370	346.560	45.410		
45.420	69.760	77.440	77.440	224.640	45.420	114.570	94.620	137.370	346.560	45.420		
45.430	69.760	74.880	77.440	222.080	45.430	114.570	94.620	139.650	348.840	45.430		
45.440	69.760	77.440	77.440	224.640	45.440	114.570	97.470	142.500	354.540	45.440		
45.450	69.760	77.440	77.440	224.640	45.450	112.290	97.470	139.650	349.410	45.450		
45.460	72.320	77.440	77.440	227.200	45.460	112.290	97.470	139.650	349.410	45.460		
45.470	72.320	77.440	77.440	227.200	45.470	112.290	97.470	139.650	349.410	45.470		
45.480	72.320	77.440	77.440	227.200	45.480	112.290	97.470	142.500	352.260	45.480		
45.490	72.320	77.440	77.440	227.200	45.490	109.440	97.470	142.500	349.410	45.490		
45.500	69.760	80.000	77.440	227.200	45.500	109.440	97.470	142.500	349.410	45.500		
45.510	72.320	80.000	77.440	229.760	45.510	107.160	97.470	142.500	347.130	45.510		
45.520	72.320	80.000	77.440	229.760	45.520	107.160	97.470	142.500	347.130	45.520		
45.530	74.880	80.000	74.880	229.760	45.530	107.160	97.470	142.500	347.130	45.530		
45.540	74.880	80.000	77.440	232.320	45.540	104.880	97.470	142.500	344.850	45.540		
45.550	74.880	80.000	74.880	229.760	45.550	104.880	97.470	142.500	344.850	45.550		
45.560	74.880	80.000	74.880	229.760	45.560	104.880	94.620	142.500	342.000	45.560		
45.570	74.910	79.860	74.910	229.680	45.570	104.880	94.620	142.500	342.000	45.570		
45.580	74.910	79.860	74.910	229.680	45.580	104.880	94.620	142.500	342.000	45.580		
45.590	74.910	79.860	72.270	227.040	45.590	104.880	94.620	139.650	339.150	45.590		
45.600	77.220	79.860	72.270	229.350	45.600	104.980	97.440	142.100	344.520	45.600		
45.610	77.220	77.220	72.270	226.710	45.610	104.980	97.440	145.000	347.420	45.610		
45.620	77.220	79.860	72.270	229.350	45.620	104.980	97.440	142.100	344.520	45.620		
45.630	77.220	79.860	69.960	227.040	45.630	104.980	97.440	142.100	344.520	45.630		
45.640	77.220	79.860	69.960	227.040	45.640	104.980	97.440	142.100	344.520	45.640		
45.650	79.860	79.860	69.960	229.680	45.650	104.980	97.440	139.780	342.200	45.650		
45.660	77.220	77.220	69.960	224.400	45.660	107.300	97.440	139.780	344.520	45.660		
45.670	79.860	79.860	69.960	229.680	45.670	107.300	97.440	139.780	344.520	45.670		
45.680	79.860	79.860	69.960	229.680	45.680	107.300	97.440	139.780	344.520	45.680		
45.690	79.860	79.860	69.960	229.680	45.690	109.620	97.440	139.780	346.840	45.690		
45.700	82.500	77.220	69.960	229.680	45.700	109.620	97.440	139.780	346.840	45.700		
45.710	82.500	79.860	69.960	232.320	45.710	109.620	94.540	139.780	343.940	45.710		
45.720	82.500	79.860	69.960	232.320	45.720	109.620	97.440	139.780	346.840	45.720		
45.730	82.500	79.860	69.960	232.320	45.730	107.300	94.540	137.460	339.300	45.730		
45.740	82.500	77.220	69.960	229.680	45.740	107.300	94.540	137.460	339.300	45.740		
45.750	82.500	79.860	69.960	232.320	45.750	107.250	94.600	137.500	339.350	45.750		
45.760	79.860	79.860	69.960	229.680	45.760	110.000	92.400	134.750	337.150	45.760		
45.770	82.500	79.860	69.960	232.320	45.770	110.000	92.400	134.750	337.150	45.770		
45.780	79.860	79.860	69.960	229.680	45.780	110.000	92.400	134.750	337.150	45.780		
45.790	79.860	79.860	69.960	229.680	45.790	110.000	92.400	134.750	337.150	45.790		
45.800	79.860	79.860	72.270	231.990	45.800	112.200	92.400	134.750	339.350	45.800		
45.810	79.860	79.860	72.270	231.990	45.810	112.200	92.400	132.000	336.600	45.810		
45.820	79.860	79.860	72.270	231.990	45.820	112.200	92.400	134.750	339.350	45.820		
45.830	77.220	82.500	74.910	234.630	45.830	112.200	89.650	132.000	333.850	45.830		
45.840	77.220	82.500	72.270	231.990	45.840	112.200	89.650	132.000	333.850	45.840		
45.850	79.860	82.500	74.910	237.270	45.850	112.200	89.650	132.000	333.850	45.850		
45.860	79.860	82.500	74.910	237.270	45.860	112.200	89.650	129.800	331.650	45.860		
45.870	79.860	79.860	74.910	234.630	45.870	112.200	89.650	129.800	331.650	45.870		
45.880	79.860	79.860	74.910	234.630	45.880	112.200	89.650	129.800	331.650	45.880		
45.890	79.860	79.860	74.910	234.630	45.890	112.200	92.400	129.800	334.400	45.890		
45.900	79.860	79.860	72.270	231.990	45.900	112.360	89.570	129.850	331.780	45.900		
45.910	79.860	79.860	74.910	234.630	45.910	112.360	89.570	129.850	331.780	45.910		
45.920	79.860	82.500	74.910	237.270	45.920	112.360	89.570	127.200	329.130	45.920		
45.930	79.860	79.860	74.910	234.630	45.930	112.360	89.570	129.850	331.780	45.930		
45.940	79.860	79.860	72.270	231.990	45.940	112.360	89.570	129.850	331.780	45.940		
45.950	79.860	82.500	74.910	237.270	45.950	112.360	92.220	132.500	337.080	45.950		
45.960	79.860	82.500	74.910	237.270	45.960	112.360	89.570	132.500	334.430	45.960		
45.970	82.500	82.500	74.910	239.910	45.970	112.360	92.220	127.200	331.780	45.970		
45.980	79.860	79.860	74.910	234.630	45.980	112.360	89.570	129.850	331.780	45.980		
45.990	79.860	82.500	74.910	237.270	45.990	112.360	89.570	129.850	331.780	45.990		
46.000	79.860	82.500	72.270	234.630	46.000	114.480	89.570	129.850	333.900	46.000		
46.010	82.500	82.500	74.910	239.910	46.010	112.360	89.570	129.850	331.780	46.010		
46.020	82.500	82.500	74.910	239.910	46.020	114.480	92.220	129.850	336.550	46.020		
46.030	82.500	79.860	72.270	234.630	46.030	114.480	92.220	129.850	336.550	46.030		
46.040	82.500	82.500	72.270	237.270	46.040	114.480	89.570	129.850	333.900	46.040		
46.050	82.500	79.860	72.270	234.630	46.050	117.000	89.960	127.400	334.360	46.050		
46.060	79.860	82.500	72.270	234.630	46.060	117.000	89.960	130.000	336.960	46.060		
46.070	82.500	82.500	72.270	237.270	46.070	117.000	89.960	130.000	336.960	46.070		
46.080	82.500	79.860	72.270	234.630	46.080	117.000	89.960	130.000	336.960	46.080		
46.090	82.500	79.860	74.910	237.270	46.090	119.600	89.960	127.400	336.960	46.090		
46.100	79.860	79.860	74.910	234.630	46.100	119.600	89.960	127.400	336.960	46.100		
46.110	79.860	79.860	74.910	234.630	46.110	119.600	89.960	127.400	336.960	46.110		
46.120	82.500	79.860	74.910	237.270	46.120	122.200	89.960	127.400	339.560	46.120		
46.130	82.500	79.860	74.910	237.270	46.130	122.200	89.960	124.800	336.960	46.130		
46.140	79.860	79.860	74.910	234.630	46.140	122.200	87.360	124.800	334.360	46.140		
46.150	79.860	79.860	74.910	234.630	46.150	122.200	89.960	124.800	336.960	46.150		
46.160	79.860	79.860	74.910	234.630	46.160	122.200	87.360	124.800	334.360	46.160		
46.170	77.220	82.500	77.220	236.940	46.170	122.200	87.360	122.200	331.760	46.170		
46.180	79.860	82.500	77.220	239.580	46.180	124.800	87.360	119.600	331.760	46.180		
46.190	77.220	79.860	77.220	234.300	46.190	124.800	87.360	119.600	331.760	46.190		
46.200	79.860	79.860	79.860	239.580	46.200	124.550	87.450	119.780	331.780	46.200		
46.210	77.220	79.860	77.220	234.300	46.210	127.200	87.450	119.780	334.430	46.210		
46.220	77.220	79.860	79.860	236.940	46.220	127.200	84.800	117.130	329.130	46.220		
46.230	77.220	79.860	79.860	236.940	46.230	127.200	84.800	117.130	329.130	46.230		
46.240	77.220	79.860	79.860	236.940	46.240	127.200	84.800	117.130	329.130	46.240		
46.250	77.220	79.860	79.860	236.940	46.250	129.850	84.800	119.780	334.430	46.250		
46.260	77.220	79.860	79.860	236.940	46.260	129.850	82.150	114.480	326.480	46.260		
46.270	77.220	79.860	79.860	236.940	46.270	129.850	84.800	114.480	329.130	46.270		
46.280	77.220	79.860	79.860	236.940	46.280	129.850	82.150	114.480	326.480	46.280		
46.290	77.220	79.860	79.860	236.940	46.290	129.850	82.150	114.480	326.480	46.290		
46.300	74.910	79.860	79.860	234.630	46.300	132.500	84.800	114.480	331.780	46.300		
46.310	74.910	82.500	79.860	237.270	46.310	132.500	84.800	112.360	329.660	46.310		
46.320	74.800	79.900	82.280	236.980	46.320	132.500	82.150	112.360	327.010	46.320		
46.330	74.800	79.900	82.280	236.980	46.330	132.500	84.800	114.480	331.780	46.330		
46.340	74.800	82.280	82.280	239.360	46.340	132.500	84.800	112.360	329.660	46.340		
46.350	74.800	79.900	79.900	234.600	46.350	132.160	82.320	112.000	326.480	46.350		
46.360	74.800	79.900	79.900	234.600	46.360	132.160	82.320	112.000	326.480	46.360		
46.370	74.800	82.280	82.280	239.360	46.370	132.160	82.320	109.760	324.240	46.370		
46.380	74.800	79.900	82.280	236.980	46.380	134.960	82.320	112.000	329.280	46.380		
46.390	74.800	79.900	82.280	236.980	46.390	134.960	82.320	112.000	329.280	46.390		
46.400	72.420	79.900	82.280	234.600	46.400	134.960	82.320	112.000	329.280	46.400		
46.410	72.420	79.900	82.280	234.600	46.410	134.960	82.320	112.000	329.280	46.410		
46.420	72.420	79.900	85.000	237.320	46.420	137.200	82.320	112.000	331.520	46.420		
46.430	69.700	79.900	82.280	231.880	46.430	137.200	82.320	112.000	331.520	46.430		
46.440	72.420	79.900	82.280	234.600	46.440	137.200	84.560	112.000	333.760	46.440		
46.450	72.420	79.900	82.280	234.600	46.450	137.200	82.320	109.760	329.280	46.450		
46.460	72.420	79.900	82.280	234.600	46.460	137.200	84.560	112.000	333.760	46.460		
46.470	72.420	79.900	82.280	234.600	46.470	140.000	82.320	112.000	334.320	46.470		
46.480	72.420	79.900	82.280	234.600	46.480	140.000	82.320	109.760	332.080	46.480		
46.490	72.420	77.180	82.280	231.880	46.490	140.000	82.320	109.760	332.080	46.490		
46.500	72.420	79.900	82.280	234.600	46.500	139.500	84.940	112.220	336.660	46.500		
46.510	72.420	77.180	82.280	231.880	46.510	139.500	84.940	112.220	336.660	46.510		
46.520	69.700	77.180	82.280	229.160	46.520	141.980	82.460	112.220	336.660	46.520		
46.530	69.700	77.180	82.280	229.160	46.530	141.980	84.940	109.740	336.660	46.530		
46.540	69.700	77.180	82.280	229.160	46.540	144.460	84.940	109.740	339.140	46.540		
46.550	69.700	77.180	85.000	231.880	46.550	144.460	84.940	109.740	339.140	46.550		
46.560	69.700	77.180	82.280	229.160	46.560	144.460	84.940	107.260	336.660	46.560		
46.570	69.700	77.180	85.000	231.880	46.570	144.460	84.940	109.740	339.140	46.570		
46.580	69.700	77.180	85.000	231.880	46.580	146.940	82.460	107.260	336.660	46.580		
46.590	69.700	77.180	85.000	231.880	46.590	146.940	82.460	107.260	336.660	46.590		
46.600	69.700	77.180	85.000	231.880	46.600	149.420	82.460	107.260	339.140	46.600		
46.610	67.320	77.180	85.000	229.500	46.610	149.420	82.460	104.780	336.660	46.610		
46.620	69.840	74.880	82.440	227.160	46.620	151.900	82.460	104.780	339.140	46.620		
46.630	67.320	77.400	84.960	229.680	46.630	155.000	82.460	104.780	342.240	46.630		
46.640	67.320	74.880	84.960	227.160	46.640	155.000	79.980	102.300	337.280	46.640		
46.650	67.320	74.880	84.960	227.160	46.650	154.770	79.730	101.840	336.340	46.650		
46.660	67.320	74.880	84.960	227.160	46.660	157.450	79.730	101.840	339.020	46.660		
46.670	67.320	77.400	87.480	232.200	46.670	157.450	79.730	99.830	337.010	46.670		
46.680	67.320	77.400	87.480	232.200	46.680	157.450	79.730	99.830	337.010	46.680		
46.690	64.800	77.400	87.480	229.680	46.690	159.460	79.730	99.830	339.020	46.690		
46.700	64.800	77.400	87.480	229.680	46.700	159.460	79.730	97.150	336.340	46.700		
46.710	64.800	77.400	90.000	232.200	46.710	159.460	79.730	99.830	339.020	46.710		
46.720	64.800	77.400	90.000	232.200	46.720	159.460	77.050	97.150	333.660	46.720		
46.730	64.800	77.400	90.000	232.200	46.730	162.140	77.050	94.470	333.660	46.730		
46.740	64.800	74.880	90.000	229.680	46.740	162.140	77.050	97.150	336.340	46.740		
46.750	64.800	74.880	90.000	229.680	46.750	162.140	74.370	94.470	330.980	46.750		
46.760	62.280	77.400	90.000	229.680	46.760	162.140	74.370	94.470	330.980	46.760		
46.770	64.980	74.860	89.680	229.520	46.770	164.820	74.370	94.470	333.660	46.770		
46.780	62.320	74.860	92.340	229.520	46.780	164.820	74.370	92.460	331.650	46.780		
46.790	62.320	77.140	92.340	231.800	46.790	167.500	74.370	92.460	334.330	46.790		
46.800	62.320	77.140	92.340	231.800	46.800	167.300	74.900	92.400	334.600	46.800		
46.810	62.320	74.860	92.340	229.520	46.810	167.300	74.900	92.400	334.600	46.810		
46.820	62.320	74.860	92.340	229.520	46.820	169.400	74.900	92.400	336.700	46.820		
46.830	62.320	74.860	92.340	229.520	46.830	169.400	74.900	92.400	336.700	46.830		
46.840	62.320	74.860	92.340	229.520	46.840	169.400	72.100	89.600	331.100	46.840		
46.850	62.320	72.200	92.340	226.860	46.850	169.400	72.100	89.600	331.100	46.850		
46.860	62.320	74.860	92.340	229.520	46.860	169.400	72.100	89.600	331.100	46.860		
46.870	62.320	74.860	92.340	229.520	46.870	172.200	72.100	89.600	333.900	46.870		
46.880	62.320	74.860	92.340	229.520	46.880	172.200	72.100	87.500	331.800	46.880		
46.890	59.660	72.200	92.340	224.200	46.890	172.200	72.100	89.600	333.900	46.890		
46.900	59.660	74.860	95.000	229.520	46.900	172.200	72.100	89.600	333.900	46.900		
46.910	59.660	74.860	95.000	229.520	46.910	172.200	72.100	89.600	333.900	46.910		
46.920	59.660	74.860	95.000	229.520	46.920	172.200	72.100	89.600	333.900	46.920		
46.930	59.660	74.860	95.000	229.520	46.930	172.200	74.900	89.600	336.700	46.930		
46.940	59.660	74.860	95.000	229.520	46.940	175.000	74.900	89.600	339.500	46.940		
46.950	59.660	74.860	95.000	229.520	46.950	174.640	74.740	89.540	338.920	46.950		
46.960	59.660	74.860	95.000	229.520	46.960	174.640	74.740	87.320	336.700	46.960		
46.970	59.660	74.860	95.000	229.520	46.970	174.640	71.780	87.320	333.740	46.970		
46.980	59.660	74.860	95.000	229.520	46.980	174.640	71.780	89.540	335.960	46.980		
46.990	59.660	74.860	95.000	229.520	46.990	176.860	71.780	87.320	335.960	46.990		
47.000	59.660	74.860	92.340	226.860	47.000	174.640	74.740	87.320	336.700	47.000		
47.010	59.660	72.200	92.340	224.200	47.010	176.860	71.780	87.320	335.960	47.010		
47.020	57.380	72.200	92.340	221.920	47.020	179.820	74.740	87.320	341.880	47.020		
47.030	57.380	72.200	92.340	221.920	47.030	179.820	74.740	89.540	344.100	47.030	End measurement	
47.040	57.380	72.200	95.000	224.580	47.040	179.820	74.740	87.320	341.880	47.040		
47.050	57.380	72.200	95.000	224.580	47.050	179.820	74.740	87.320	341.880	47.050		
47.060	57.380	72.200	95.000	224.580	47.060	182.040	74.740	89.540	346.320	47.060		
47.070	57.400	72.160	94.710	224.270	47.070	185.000	74.740	87.320	347.060	47.070		
47.080	57.400	69.700	94.710	221.810	47.080	185.000	74.740	87.320	347.060	47.080		
47.090	57.400	72.160	94.710	224.270	47.090	185.000	74.740	87.320	347.060	47.090		
47.100	57.400	72.160	94.710	224.270	47.100	184.800	72.380	84.700	341.880	47.100		
47.110	54.940	72.160	94.710	221.810	47.110	187.110	74.690	87.010	348.810	47.110		
47.120	54.940	72.160	97.170	224.270	47.120	187.110	72.380	84.700	344.190	47.120		
47.130	54.940	69.700	97.170	221.810	47.130	187.110	72.380	84.700	344.190	47.130		
47.140	52.480	69.700	97.170	219.350	47.140	187.110	72.380	84.700	344.190	47.140		
47.150	54.940	69.700	97.170	221.810	47.150	187.110	72.380	84.700	344.190	47.150		
47.160	52.480	69.700	97.170	219.350	47.160	189.420	72.380	84.700	346.500	47.160		
47.170	52.480	69.700	99.630	221.810	47.170	189.420	69.300	82.390	341.110	47.170		
47.180	52.480	69.700	99.630	221.810	47.180	192.500	72.380	82.390	347.270	47.180		
47.190	49.610	69.700	102.500	221.810	47.190	192.500	69.300	82.390	344.190	47.190		
47.200	52.480	69.700	102.500	224.680	47.200	192.500	72.380	82.390	347.270	47.200		
47.210	49.610	69.700	102.500	221.810	47.210	192.500	69.300	82.390	344.190	47.210		
47.220	49.610	69.700	102.500	221.810	47.220	192.500	69.300	82.390	344.190	47.220		
47.230	49.610	69.700	102.500	221.810	47.230	192.500	69.300	82.390	344.190	47.230		
47.240	49.610	69.700	102.500	221.810	47.240	192.500	69.300	82.390	344.190	47.240		
47.250	49.610	69.700	102.500	221.810	47.250	191.880	69.420	79.560	340.860	47.250		
47.260	52.480	67.240	102.500	222.220	47.260	191.880	67.080	81.900	340.860	47.260		
47.270	52.480	69.700	102.500	224.680	47.270	191.880	69.420	81.900	343.200	47.270		
47.280	49.610	67.240	102.500	219.350	47.280	191.880	69.420	81.900	343.200	47.280		
47.290	49.610	69.700	102.500	221.810	47.290	191.880	69.420	79.560	340.860	47.290		
47.300	49.610	69.700	102.500	221.810	47.300	191.880	69.420	79.560	340.860	47.300		
47.310	49.610	69.700	102.500	221.810	47.310	191.880	69.420	79.560	340.860	47.310		
47.320	49.610	69.700	102.500	221.810	47.320	191.880	69.420	81.900	343.200	47.320		
47.330	49.610	69.700	102.500	221.810	47.330	191.880	69.420	79.560	340.860	47.330		
47.340	52.480	69.700	102.500	224.680	47.340	191.880	69.420	81.900	343.200	47.340		
47.350	52.480	69.700	99.630	221.810	47.350	191.880	69.420	79.560	340.860	47.350		
47.360	52.480	69.700	99.630	221.810	47.360	195.000	69.420	79.560	343.980	47.360		
47.370	50.000	70.000	100.000	220.000	47.370	195.000	69.420	79.560	343.980	47.370		
47.380	52.400	70.000	100.000	222.400	47.380	191.880	69.420	79.560	340.860	47.380		
47.390	54.800	70.000	100.000	224.800	47.390	191.880	69.420	79.560	340.860	47.390		
47.400	52.400	70.000	100.000	222.400	47.400	191.880	69.420	79.560	340.860	47.400		
47.410	52.400	70.000	100.000	222.400	47.410	195.000	69.420	79.560	343.980	47.410		
47.420	52.400	70.000	100.000	222.400	47.420	195.000	69.420	79.560	343.980	47.420		
47.430	52.400	70.000	100.000	222.400	47.430	195.000	69.420	79.560	343.980	47.430		
47.440	52.400	70.000	100.000	222.400	47.440	195.000	69.420	79.560	343.980	47.440		
47.450	52.400	70.000	100.000	222.400	47.450	195.000	69.420	79.560	343.980	47.450		
47.460	52.400	70.000	100.000	222.400	47.460	195.000	69.420	79.560	343.980	47.460		
47.470	52.400	70.000	100.000	222.400	47.470	195.000	71.760	81.900	348.660	47.470		
47.480	52.400	70.000	100.000	222.400	47.480	195.000	69.420	81.900	346.320	47.480		
47.490	52.400	70.000	100.000	222.400	47.490	195.000	69.420	81.900	346.320	47.490		
47.500	54.800	70.000	97.200	222.000	47.500	195.000	69.420	79.560	343.980	47.500		
47.510	52.400	70.000	97.200	219.600	47.510	195.000	69.420	79.560	343.980	47.510		
47.520	52.480	69.700	97.170	219.350	47.520	195.000	71.760	81.900	348.660	47.520		
47.530	52.480	69.700	97.170	219.350	47.530	195.000	71.760	81.900	348.660	47.530		
47.540	52.480	69.700	99.630	221.810	47.540	195.000	69.420	81.900	346.320	47.540		
47.550	52.480	69.700	97.170	219.350	47.550	194.340	71.890	82.160	348.390	47.550		
47.560	52.480	69.700	97.170	219.350	47.560	194.340	69.520	79.790	343.650	47.560		
47.570	52.480	69.700	97.170	219.350	47.570	194.340	69.520	82.160	346.020	47.570		
47.580	52.480	67.240	99.630	219.350	47.580	197.500	69.520	79.790	346.810	47.580		
47.590	52.480	69.700	99.630	221.810	47.590	194.340	69.520	79.790	343.650	47.590		
47.600	52.480	69.700	99.630	221.810	47.600	197.500	69.520	79.790	346.810	47.600		
47.610	52.480	67.240	99.630	219.350	47.610	197.500	69.520	79.790	346.810	47.610		
47.620	52.480	67.240	99.630	219.350	47.620	197.500	69.520	79.790	346.810	47.620		
47.630	52.480	67.240	99.630	219.350	47.630	197.500	69.520	79.790	346.810	47.630		
47.640	49.610	67.240	99.630	216.480	47.640	197.500	69.520	79.790	346.810	47.640		
47.650	49.610	67.240	99.630	216.480	47.650	197.500	69.520	79.790	346.810	47.650		
47.660	49.610	67.240	102.500	219.350	47.660	197.500	69.520	79.790	346.810	47.660		
47.670	52.500	67.200	102.480	222.180	47.670	197.500	69.520	79.790	346.810	47.670		
47.680	49.980	67.200	102.480	219.660	47.680	197.500	69.520	79.790	346.810	47.680		
47.690	49.980	67.200	102.480	219.660	47.690	197.500	69.520	79.790	346.810	47.690		
47.700	49.980	67.200	102.480	219.660	47.700	196.800	69.600	80.000	346.400	47.700		
47.710	49.980	67.200	102.480	219.660	47.710	196.800	69.600	80.000	346.400	47.710		
47.720	49.980	67.200	102.480	219.660	47.720	196.800	69.600	80.000	346.400	47.720		
47.730	49.980	67.200	105.000	222.180	47.730	196.800	69.600	80.000	346.400	47.730		
47.740	49.980	67.200	105.000	222.180	47.740	196.800	67.200	80.000	344.000	47.740		
47.750	47.460	67.200	105.000	219.660	47.750	196.800	69.600	76.800	343.200	47.750		
47.760	47.460	67.200	105.000	219.660	47.760	200.000	69.600	76.800	346.400	47.760		
47.770	47.460	67.200	105.000	219.660	47.770	200.000	69.600	80.000	349.600	47.770		
47.780	47.460	67.200	105.000	219.660	47.780	200.000	69.600	76.800	346.400	47.780		
47.790	47.460	64.680	105.000	217.140	47.790	196.800	69.600	76.800	343.200	47.790		
47.800	47.460	67.200	105.000	219.660	47.800	196.800	67.200	76.800	340.800	47.800		
47.810	47.460	67.200	105.000	219.660	47.810	196.800	69.600	76.800	343.200	47.810		
47.820	47.460	67.200	105.000	219.660	47.820	196.800	69.600	80.000	346.400	47.820		
47.830	47.460	64.680	105.000	217.140	47.830	200.000	69.600	76.800	346.400	47.830		
47.840	47.460	64.680	105.000	217.140	47.840	196.800	69.600	76.800	343.200	47.840		
47.850	47.460	67.200	105.000	219.660	47.850	200.000	69.600	80.000	349.600	47.850		
47.860	47.460	67.200	105.000	219.660	47.860	200.000	69.600	76.800	346.400	47.860		
47.870	47.460	67.200	105.000	219.660	47.870	200.000	69.600	80.000	349.600	47.870		
47.880	47.460	67.200	105.000	219.660	47.880	200.000	69.600	76.800	346.400	47.880		
47.890	47.460	64.680	105.000	217.140	47.890	196.800	69.600	76.800	343.200	47.890		
47.900	47.460	67.200	105.000	219.660	47.900	196.800	69.600	76.800	343.200	47.900		
47.910	47.460	67.200	105.000	219.660	47.910	200.000	69.600	76.800	346.400	47.910		
47.920	47.460	64.680	105.000	217.140	47.920	200.000	69.600	80.000	349.600	47.920		
47.930	47.460	67.200	105.000	219.660	47.930	200.000	69.600	80.000	349.600	47.930		
47.940	47.460	64.680	105.000	217.140	47.940	200.000	69.600	76.800	346.400	47.940		
47.950	47.460	64.680	102.480	214.620	47.950	200.000	69.600	76.800	346.400	47.950		
47.960	47.460	67.200	105.000	219.660	47.960	200.000	69.600	76.800	346.400	47.960		
47.970	47.460	67.200	105.000	219.660	47.970	200.000	69.600	76.800	346.400	47.970		
47.980	47.460	67.200	105.000	219.660	47.980	200.000	69.600	76.800	346.400	47.980		
47.990	47.460	67.200	105.000	219.660	47.990	200.000	69.600	76.800	346.400	47.990		
48.000	47.460	64.680	105.000	217.140	48.000	200.000	69.600	76.800	346.400	48.000		
48.010	47.460	64.680	105.000	217.140	48.010	200.000	69.600	76.800	346.400	48.010		
48.020	44.940	64.680	105.000	214.620	48.020	200.000	69.600	76.800	346.400	48.020		
48.030	44.940	67.200	105.000	217.140	48.030	200.000	69.600	76.800	346.400	48.030		
48.040	47.460	64.680	105.000	217.140	48.040	200.000	69.600	76.800	346.400	48.040		
48.050	44.940	64.680	105.000	214.620	48.050	200.000	69.600	76.800	346.400	48.050		
48.060	44.940	64.680	105.000	214.620	48.060	196.800	67.200	76.800	340.800	48.060		
48.070	47.460	64.680	105.000	217.140	48.070	196.800	67.200	74.400	338.400	48.070		
48.080	47.460	64.680	105.000	217.140	48.080	196.800	67.200	76.800	340.800	48.080		
48.090	44.940	64.680	105.000	214.620	48.090	196.800	67.200	76.800	340.800	48.090		
48.100	44.940	64.680	105.000	214.620	48.100	196.800	67.200	74.400	338.400	48.100		
48.110	44.940	64.680	105.000	214.620	48.110	196.800	69.600	76.800	343.200	48.110		
48.120	45.000	62.100	104.850	211.950	48.120	196.800	67.200	74.400	338.400	48.120		
48.130	45.000	64.800	104.850	214.650	48.130	196.800	69.600	76.800	343.200	48.130		
48.140	42.300	64.800	107.100	214.200	48.140	196.800	67.200	76.800	340.800	48.140		
48.150	42.300	64.800	107.100	214.200	48.150	196.800	69.700	77.080	343.580	48.150		
48.160	45.000	62.100	107.100	214.200	48.160	199.260	69.700	77.080	346.040	48.160		
48.170	45.000	62.100	107.100	214.200	48.170	196.800	69.700	77.080	343.580	48.170		
48.180	42.300	62.100	107.100	211.500	48.180	199.260	69.700	77.080	346.040	48.180		
48.190	42.300	64.800	109.800	216.900	48.190	201.720	69.700	77.080	348.500	48.190		
48.200	39.600	64.800	112.500	216.900	48.200	201.720	69.700	77.080	348.500	48.200		
48.210	39.600	64.800	112.500	216.900	48.210	201.720	69.700	77.080	348.500	48.210		
48.220	42.300	64.800	109.800	216.900	48.220	205.000	72.160	79.540	356.700	48.220		
48.230	39.600	64.800	112.500	216.900	48.230	205.000	69.700	77.080	351.780	48.230		
48.240	42.300	64.800	112.500	219.600	48.240	205.000	72.160	77.080	354.240	48.240		
48.250	42.300	62.100	112.500	216.900	48.250	205.000	69.700	77.080	351.780	48.250		
48.260	42.300	64.800	112.500	219.600	48.260	205.000	69.700	77.080	351.780	48.260		
48.270	42.300	62.100	109.800	214.200	48.270	205.000	72.160	74.620	351.780	48.270		
48.280	42.300	62.100	109.800	214.200	48.280	205.000	72.160	77.080	354.240	48.280		
48.290	42.300	62.100	109.800	214.200	48.290	205.000	72.160	77.080	354.240	48.290		
48.300	42.300	64.800	109.800	216.900	48.300	204.180	72.210	77.190	353.580	48.300		
48.310	42.300	64.800	112.500	219.600	48.310	207.500	72.210	77.190	356.900	48.310		
48.320	42.300	64.800	112.500	219.600	48.320	204.180	72.210	77.190	353.580	48.320		
48.330	42.300	64.800	109.800	216.900	48.330	204.180	72.210	77.190	353.580	48.330		
48.340	42.300	62.100	109.800	214.200	48.340	204.180	72.210	77.190	353.580	48.340		
48.350	45.000	62.100	109.800	216.900	48.350	204.180	72.210	79.680	356.070	48.350		
48.360	42.300	62.100	109.800	214.200	48.360	204.180	72.210	79.680	356.070	48.360		
48.370	42.300	62.100	109.800	214.200	48.370	204.180	72.210	79.680	356.070	48.370		
48.380	45.000	64.800	109.800	219.600	48.380	204.180	74.700	79.680	358.560	48.380		
48.390	45.000	62.100	109.800	216.900	48.390	204.180	74.700	79.680	358.560	48.390		
48.400	45.000	62.100	107.100	214.200	48.400	204.180	72.210	79.680	356.070	48.400		
48.410	42.300	64.800	107.100	214.200	48.410	204.180	72.210	79.680	356.070	48.410		
48.420	44.720	64.930	107.500	217.150	48.420	201.690	72.210	79.680	353.580	48.420		
48.430	44.720	64.930	107.500	217.150	48.430	201.690	72.210	79.680	353.580	48.430		
48.440	42.140	64.930	107.500	214.570	48.440	201.690	72.210	79.680	353.580	48.440		
48.450	44.720	64.930	107.500	217.150	48.450	205.000	72.160	79.540	356.700	48.450		
48.460	44.720	64.930	107.500	217.150	48.460	201.720	72.160	82.000	355.880	48.460		
48.470	44.720	62.350	107.500	214.570	48.470	201.720	72.160	79.540	353.420	48.470		
48.480	44.720	62.350	107.500	214.570	48.480	201.720	72.160	79.540	353.420	48.480		
48.490	44.720	62.350	107.500	214.570	48.490	201.720	72.160	82.000	355.880	48.490		
48.500	44.720	62.350	107.500	214.570	48.500	201.720	72.160	79.540	353.420	48.500		
48.510	44.720	62.350	104.920	211.990	48.510	201.720	72.160	79.540	353.420	48.510		
48.520	44.720	62.350	107.500	214.570	48.520	205.000	72.160	79.540	356.700	48.520		
48.530	44.720	62.350	107.500	214.570	48.530	205.000	72.160	77.080	354.240	48.530		
48.540	42.140	62.350	104.920	209.410	48.540	201.720	72.160	79.540	353.420	48.540		
48.550	42.140	62.350	104.920	209.410	48.550	201.720	72.160	79.540	353.420	48.550		
48.560	42.140	62.350	107.500	211.990	48.560	201.720	72.160	77.080	350.960	48.560		
48.570	45.000	62.100	107.100	214.200	48.570	201.720	72.160	79.540	353.420	48.570		
48.580	45.000	62.100	107.100	214.200	48.580	201.720	72.160	82.000	355.880	48.580		
48.590	42.300	62.100	107.100	211.500	48.590	201.720	72.160	79.540	353.420	48.590		
48.600	42.300	62.100	109.800	214.200	48.600	202.500	72.090	76.950	351.540	48.600		
48.610	42.300	64.800	109.800	216.900	48.610	202.500	72.090	79.380	353.970	48.610		
48.620	42.300	62.100	109.800	214.200	48.620	202.500	72.090	79.380	353.970	48.620		
48.630	42.300	62.100	109.800	214.200	48.630	199.260	69.660	79.380	348.300	48.630		
48.640	42.300	64.800	109.800	216.900	48.640	202.500	69.660	76.950	349.110	48.640		
48.650	42.300	64.800	109.800	216.900	48.650	199.260	69.660	76.950	345.870	48.650		
48.660	42.300	64.800	109.800	216.900	48.660	199.260	69.660	76.950	345.870	48.660		
48.670	45.000	64.800	112.500	222.300	48.670	199.260	69.660	76.950	345.870	48.670		
48.680	45.000	64.800	112.500	222.300	48.680	196.830	69.660	74.520	341.010	48.680		
48.690	45.000	64.800	112.500	222.300	48.690	199.260	69.660	76.950	345.870	48.690		
48.700	45.000	64.800	112.500	222.300	48.700	196.830	67.230	76.950	341.010	48.700		
48.710	45.000	67.500	112.500	225.000	48.710	196.830	69.660	76.950	343.440	48.710		
48.720					48.720	196.830	69.660	76.950	343.440	48.720		
48.730					48.730	196.830	67.230	74.520	338.580	48.730		
