timestamp, HMD_x, HMD_y,HMD_z
# --- Trial 1 start ---
474.450,1,-39.5719,1.7809,-1.4652
474.489,1,-39.5718,1.7807,-1.4652
474.506,1,-39.5717,1.7806,-1.4652
474.518,1,-39.5717,1.7805,-1.4652
474.534,1,-39.5715,1.7804,-1.4652
474.547,1,-39.5715,1.7804,-1.4651
474.560,1,-39.5715,1.7804,-1.4651
474.574,1,-39.5714,1.7804,-1.4650
474.587,1,-39.5714,1.7804,-1.4649
474.601,1,-39.5711,1.7804,-1.4648
474.631,1,-39.5711,1.7804,-1.4646
474.653,1,-39.5710,1.7803,-1.4645
474.673,1,-39.5709,1.7802,-1.4644
474.684,1,-39.5708,1.7802,-1.4643
474.696,1,-39.5708,1.7802,-1.4643
474.708,1,-39.5707,1.7801,-1.4642
474.722,1,-39.5705,1.7801,-1.4641
474.738,1,-39.5702,1.7800,-1.4639
474.757,1,-39.5700,1.7799,-1.4636
474.772,1,-39.5697,1.7798,-1.4634
474.791,1,-39.5692,1.7796,-1.4630
474.806,1,-39.5688,1.7793,-1.4626
474.823,1,-39.5684,1.7791,-1.4622
474.845,1,-39.5679,1.7788,-1.4617
474.867,1,-39.5671,1.7785,-1.4610
474.889,1,-39.5661,1.7782,-1.4602
474.911,1,-39.5650,1.7773,-1.4592
474.934,1,-39.5635,1.7765,-1.4577
474.955,1,-39.5616,1.7752,-1.4557
474.989,1,-39.5591,1.7740,-1.4529
475.011,1,-39.5563,1.7735,-1.4503
475.023,1,-39.5538,1.7733,-1.4479
475.044,1,-39.5507,1.7734,-1.4448
475.067,1,-39.5472,1.7735,-1.4414
475.102,1,-39.5426,1.7741,-1.4374
475.122,1,-39.5383,1.7741,-1.4338
475.134,1,-39.5341,1.7737,-1.4303
475.155,1,-39.5298,1.7720,-1.4265
475.190,1,-39.5256,1.7681,-1.4223
475.211,1,-39.5211,1.7653,-1.4181
475.223,1,-39.5165,1.7635,-1.4142
475.257,1,-39.5107,1.7642,-1.4099
475.277,1,-39.5053,1.7636,-1.4058
475.289,1,-39.5022,1.7639,-1.4038
475.304,1,-39.4991,1.7647,-1.4019
475.315,1,-39.4961,1.7653,-1.4001
475.328,1,-39.4933,1.7655,-1.3984
475.340,1,-39.4906,1.7655,-1.3965
475.352,1,-39.4879,1.7654,-1.3948
475.365,1,-39.4851,1.7653,-1.3931
475.377,1,-39.4821,1.7653,-1.3917
475.390,1,-39.4760,1.7652,-1.3887
475.402,1,-39.4726,1.7650,-1.3877
475.415,1,-39.4692,1.7644,-1.3869
475.428,1,-39.4663,1.7633,-1.3862
475.439,1,-39.4634,1.7619,-1.3854
475.452,1,-39.4606,1.7605,-1.3848
475.465,1,-39.4577,1.7591,-1.3843
475.476,1,-39.4549,1.7579,-1.3839
475.488,1,-39.4522,1.7564,-1.3837
475.500,1,-39.4470,1.7537,-1.3831
475.512,1,-39.4449,1.7521,-1.3834
475.526,1,-39.4430,1.7507,-1.3837
475.539,1,-39.4412,1.7498,-1.3842
475.550,1,-39.4394,1.7490,-1.3846
475.562,1,-39.4376,1.7483,-1.3850
475.576,1,-39.4358,1.7479,-1.3859
475.588,1,-39.4342,1.7475,-1.3868
475.601,1,-39.4306,1.7466,-1.3880
475.612,1,-39.4289,1.7467,-1.3890
475.627,1,-39.4272,1.7470,-1.3901
475.638,1,-39.4256,1.7472,-1.3912
475.653,1,-39.4243,1.7472,-1.3924
475.666,1,-39.4230,1.7471,-1.3936
475.681,1,-39.4204,1.7468,-1.3960
475.694,1,-39.4194,1.7466,-1.3974
475.707,1,-39.4184,1.7464,-1.3988
475.720,1,-39.4174,1.7462,-1.4003
475.733,1,-39.4165,1.7461,-1.4020
475.748,1,-39.4157,1.7459,-1.4037
475.759,1,-39.4148,1.7455,-1.4053
475.771,1,-39.4142,1.7449,-1.4070
475.782,1,-39.4137,1.7441,-1.4087
475.795,1,-39.4134,1.7432,-1.4107
475.806,1,-39.4131,1.7421,-1.4126
475.819,1,-39.4131,1.7410,-1.4148
475.832,1,-39.4129,1.7395,-1.4170
475.844,1,-39.4131,1.7376,-1.4193
475.857,1,-39.4130,1.7347,-1.4238
475.869,1,-39.4107,1.7368,-1.4263
475.883,1,-39.4078,1.7429,-1.4284
475.895,1,-39.4065,1.7455,-1.4307
475.906,1,-39.4057,1.7461,-1.4335
475.918,1,-39.4041,1.7457,-1.4361
475.930,1,-39.4025,1.7457,-1.4385
475.942,1,-39.4007,1.7467,-1.4408
475.953,1,-39.3984,1.7477,-1.4430
475.965,1,-39.3964,1.7491,-1.4455
475.977,1,-39.3948,1.7510,-1.4481
475.989,1,-39.3910,1.7530,-1.4528
476.002,1,-39.3890,1.7530,-1.4550
476.015,1,-39.3866,1.7525,-1.4572
476.027,1,-39.3842,1.7522,-1.4597
476.038,1,-39.3816,1.7519,-1.4620
476.050,1,-39.3790,1.7519,-1.4644
476.061,1,-39.3765,1.7519,-1.4667
476.073,1,-39.3739,1.7517,-1.4688
476.085,1,-39.3713,1.7511,-1.4709
476.096,1,-39.3683,1.7500,-1.4729
476.108,1,-39.3651,1.7491,-1.4750
476.120,1,-39.3615,1.7479,-1.4771
476.133,1,-39.3547,1.7467,-1.4815
476.155,1,-39.3464,1.7452,-1.4854
476.178,1,-39.3376,1.7428,-1.4883
476.200,1,-39.3279,1.7406,-1.4912
476.212,1,-39.3229,1.7404,-1.4928
476.226,1,-39.3175,1.7398,-1.4939
476.237,1,-39.3120,1.7394,-1.4952
476.249,1,-39.3062,1.7382,-1.4958
476.261,1,-39.3003,1.7373,-1.4968
476.272,1,-39.2943,1.7361,-1.4975
476.283,1,-39.2880,1.7351,-1.4981
476.295,1,-39.2814,1.7342,-1.4992
476.308,1,-39.2748,1.7334,-1.4997
476.321,1,-39.2677,1.7321,-1.5000
476.333,1,-39.2604,1.7307,-1.5003
476.345,1,-39.2462,1.7275,-1.5006
476.358,1,-39.2381,1.7255,-1.5004
476.371,1,-39.2303,1.7237,-1.5002
476.384,1,-39.2219,1.7217,-1.4997
476.396,1,-39.2135,1.7198,-1.4992
476.409,1,-39.2054,1.7178,-1.4986
476.421,1,-39.1971,1.7159,-1.4978
476.433,1,-39.1883,1.7135,-1.4965
476.445,1,-39.1712,1.7100,-1.4947
476.456,1,-39.1618,1.7089,-1.4937
476.470,1,-39.1523,1.7081,-1.4922
476.482,1,-39.1426,1.7070,-1.4905
476.494,1,-39.1328,1.7058,-1.4883
476.506,1,-39.1226,1.7049,-1.4865
476.518,1,-39.1123,1.7042,-1.4840
476.530,1,-39.1017,1.7044,-1.4819
476.542,1,-39.0910,1.7046,-1.4795
476.554,1,-39.0799,1.7054,-1.4772
476.566,1,-39.0688,1.7061,-1.4747
476.578,1,-39.0471,1.7068,-1.4696
476.589,1,-39.0359,1.7078,-1.4667
476.604,1,-39.0238,1.7100,-1.4638
476.616,1,-39.0113,1.7131,-1.4614
476.629,1,-38.9990,1.7163,-1.4586
476.641,1,-38.9872,1.7183,-1.4558
476.654,1,-38.9758,1.7195,-1.4530
476.665,1,-38.9645,1.7208,-1.4505
476.678,1,-38.9425,1.7233,-1.4451
476.689,1,-38.9320,1.7244,-1.4428
476.704,1,-38.9215,1.7258,-1.4408
476.715,1,-38.9110,1.7271,-1.4391
476.727,1,-38.9010,1.7280,-1.4372
476.739,1,-38.8911,1.7290,-1.4357
476.751,1,-38.8813,1.7299,-1.4342
476.763,1,-38.8716,1.7314,-1.4332
476.776,1,-38.8616,1.7337,-1.4326
476.788,1,-38.8520,1.7359,-1.4319
476.800,1,-38.8323,1.7401,-1.4307
476.814,1,-38.8229,1.7419,-1.4305
476.831,1,-38.8133,1.7439,-1.4307
476.844,1,-38.7942,1.7474,-1.4299
476.856,1,-38.7843,1.7495,-1.4303
476.870,1,-38.7742,1.7510,-1.4309
476.881,1,-38.7643,1.7522,-1.4311
476.893,1,-38.7546,1.7524,-1.4311
476.904,1,-38.7446,1.7523,-1.4314
476.915,1,-38.7350,1.7515,-1.4316
476.927,1,-38.7250,1.7506,-1.4321
476.938,1,-38.7150,1.7494,-1.4325
476.949,1,-38.7044,1.7481,-1.4333
476.960,1,-38.6941,1.7463,-1.4339
476.972,1,-38.6838,1.7438,-1.4345
476.984,1,-38.6731,1.7412,-1.4353
476.996,1,-38.6626,1.7383,-1.4360
477.008,1,-38.6518,1.7356,-1.4370
477.020,1,-38.6407,1.7326,-1.4382
477.032,1,-38.6294,1.7300,-1.4395
477.043,1,-38.6180,1.7271,-1.4408
477.055,1,-38.5953,1.7215,-1.4432
477.066,1,-38.5834,1.7189,-1.4448
477.081,1,-38.5714,1.7165,-1.4465
477.093,1,-38.5595,1.7145,-1.4484
477.105,1,-38.5473,1.7126,-1.4503
477.117,1,-38.5348,1.7111,-1.4525
477.128,1,-38.5223,1.7098,-1.4546
477.141,1,-38.5096,1.7087,-1.4566
477.153,1,-38.4970,1.7079,-1.4586
477.167,1,-38.4712,1.7071,-1.4630
477.189,1,-38.4443,1.7086,-1.4680
477.199,1,-38.4308,1.7094,-1.4705
477.214,1,-38.4176,1.7104,-1.4729
477.225,1,-38.4041,1.7117,-1.4754
477.237,1,-38.3904,1.7140,-1.4776
477.248,1,-38.3769,1.7169,-1.4797
477.260,1,-38.3635,1.7197,-1.4819
477.279,1,-38.3373,1.7246,-1.4860
477.300,1,-38.3121,1.7286,-1.4890
477.310,1,-38.3003,1.7300,-1.4902
477.325,1,-38.2886,1.7317,-1.4913
477.336,1,-38.2770,1.7334,-1.4925
477.347,1,-38.2654,1.7352,-1.4937
477.358,1,-38.2542,1.7370,-1.4946
477.369,1,-38.2430,1.7388,-1.4954
477.381,1,-38.2320,1.7408,-1.4960
477.393,1,-38.2207,1.7430,-1.4966
477.404,1,-38.2097,1.7452,-1.4970
477.415,1,-38.1986,1.7474,-1.4975
477.427,1,-38.1875,1.7495,-1.4980
477.440,1,-38.1762,1.7512,-1.4983
477.452,1,-38.1653,1.7526,-1.4986
477.465,1,-38.1540,1.7537,-1.4991
477.478,1,-38.1318,1.7559,-1.4997
477.489,1,-38.1204,1.7562,-1.5001
477.503,1,-38.1090,1.7561,-1.5004
477.516,1,-38.0976,1.7560,-1.5010
477.527,1,-38.0865,1.7551,-1.5012
477.540,1,-38.0752,1.7538,-1.5014
477.553,1,-38.0641,1.7520,-1.5015
477.565,1,-38.0525,1.7506,-1.5017
477.577,1,-38.0410,1.7488,-1.5018
477.589,1,-38.0182,1.7460,-1.5021
477.600,1,-38.0066,1.7440,-1.5020
477.614,1,-37.9950,1.7416,-1.5017
477.626,1,-37.9836,1.7392,-1.5013
477.638,1,-37.9720,1.7372,-1.5008
477.650,1,-37.9602,1.7354,-1.5003
477.665,1,-37.9483,1.7338,-1.4997
477.677,1,-37.9240,1.7307,-1.4987
477.689,1,-37.9117,1.7294,-1.4978
477.703,1,-37.8992,1.7285,-1.4968
477.714,1,-37.8868,1.7274,-1.4957
477.726,1,-37.8741,1.7267,-1.4949
477.740,1,-37.8614,1.7261,-1.4939
477.752,1,-37.8488,1.7262,-1.4931
477.765,1,-37.8362,1.7267,-1.4924
477.777,1,-37.8234,1.7278,-1.4917
477.790,1,-37.7983,1.7294,-1.4902
477.802,1,-37.7859,1.7311,-1.4898
477.815,1,-37.7736,1.7330,-1.4896
477.826,1,-37.7612,1.7344,-1.4893
477.838,1,-37.7489,1.7365,-1.4897
477.851,1,-37.7367,1.7384,-1.4902
477.864,1,-37.7251,1.7401,-1.4910
477.876,1,-37.7133,1.7421,-1.4921
477.888,1,-37.7019,1.7441,-1.4934
477.900,1,-37.6788,1.7480,-1.4957
477.913,1,-37.6676,1.7505,-1.4980
477.925,1,-37.6564,1.7529,-1.5002
477.938,1,-37.6451,1.7555,-1.5027
477.949,1,-37.6341,1.7578,-1.5051
477.961,1,-37.6233,1.7595,-1.5077
477.975,1,-37.6125,1.7609,-1.5106
477.988,1,-37.6017,1.7623,-1.5134
478.000,1,-37.5802,1.7649,-1.5187
478.012,1,-37.5700,1.7654,-1.5215
478.025,1,-37.5598,1.7653,-1.5245
478.038,1,-37.5494,1.7651,-1.5275
478.051,1,-37.5390,1.7647,-1.5306
478.063,1,-37.5286,1.7640,-1.5338
478.075,1,-37.5180,1.7631,-1.5372
478.087,1,-37.5073,1.7618,-1.5405
478.099,1,-37.4860,1.7596,-1.5472
478.111,1,-37.4753,1.7575,-1.5507
478.125,1,-37.4647,1.7551,-1.5545
478.137,1,-37.4539,1.7529,-1.5583
478.149,1,-37.4432,1.7507,-1.5621
478.161,1,-37.4322,1.7483,-1.5661
478.174,1,-37.4214,1.7460,-1.5702
478.186,1,-37.4105,1.7437,-1.5743
478.198,1,-37.3996,1.7415,-1.5786
478.210,1,-37.3778,1.7373,-1.5872
478.222,1,-37.3668,1.7355,-1.5921
478.237,1,-37.3557,1.7339,-1.5971
478.248,1,-37.3446,1.7324,-1.6020
478.259,1,-37.3333,1.7313,-1.6070
478.272,1,-37.3221,1.7304,-1.6121
478.283,1,-37.3107,1.7297,-1.6173
478.296,1,-37.2993,1.7293,-1.6226
478.309,1,-37.2880,1.7293,-1.6279
478.321,1,-37.2764,1.7301,-1.6334
478.334,1,-37.2531,1.7320,-1.6439
478.355,1,-37.2300,1.7355,-1.6544
478.377,1,-37.2074,1.7394,-1.6642
478.399,1,-37.1857,1.7431,-1.6730
478.422,1,-37.1650,1.7468,-1.6806
478.434,1,-37.1546,1.7488,-1.6840
478.449,1,-37.1442,1.7512,-1.6872
478.461,1,-37.1340,1.7535,-1.6902
478.472,1,-37.1237,1.7558,-1.6932
478.484,1,-37.1135,1.7583,-1.6958
478.495,1,-37.1035,1.7606,-1.6983
478.507,1,-37.0938,1.7629,-1.7005
478.520,1,-37.0841,1.7649,-1.7026
478.531,1,-37.0742,1.7666,-1.7046
478.542,1,-37.0646,1.7681,-1.7065
478.553,1,-37.0549,1.7695,-1.7083
478.564,1,-37.0452,1.7706,-1.7100
478.575,1,-37.0356,1.7716,-1.7116
478.586,1,-37.0260,1.7722,-1.7131
478.598,1,-37.0164,1.7725,-1.7145
478.609,1,-37.0068,1.7726,-1.7159
478.621,1,-36.9971,1.7724,-1.7172
478.631,1,-36.9874,1.7719,-1.7184
478.642,1,-36.9777,1.7713,-1.7196
478.654,1,-36.9581,1.7697,-1.7218
478.665,1,-36.9484,1.7683,-1.7226
478.685,1,-36.9383,1.7659,-1.7229
478.696,1,-36.9282,1.7640,-1.7235
478.708,1,-36.9179,1.7621,-1.7241
478.719,1,-36.9076,1.7600,-1.7244
478.730,1,-36.8971,1.7580,-1.7247
478.741,1,-36.8865,1.7562,-1.7248
478.752,1,-36.8758,1.7544,-1.7248
478.762,1,-36.8649,1.7527,-1.7248
478.775,1,-36.8542,1.7509,-1.7246
478.786,1,-36.8432,1.7492,-1.7243
478.797,1,-36.8319,1.7477,-1.7239
478.809,1,-36.8207,1.7467,-1.7235
478.820,1,-36.8093,1.7458,-1.7229
478.831,1,-36.7982,1.7453,-1.7223
478.844,1,-36.7866,1.7451,-1.7215
478.859,1,-36.7635,1.7448,-1.7199
478.871,1,-36.7514,1.7454,-1.7190
478.884,1,-36.7395,1.7459,-1.7179
478.894,1,-36.7276,1.7465,-1.7167
478.905,1,-36.7156,1.7477,-1.7156
478.917,1,-36.7034,1.7497,-1.7143
478.928,1,-36.6916,1.7514,-1.7131
478.939,1,-36.6799,1.7530,-1.7119
478.951,1,-36.6683,1.7546,-1.7108
478.962,1,-36.6567,1.7562,-1.7099
478.974,1,-36.6452,1.7579,-1.7091
478.987,1,-36.6340,1.7597,-1.7084
478.999,1,-36.6229,1.7612,-1.7078
479.013,1,-36.6009,1.7641,-1.7069
479.027,1,-36.5904,1.7656,-1.7068
479.040,1,-36.5799,1.7674,-1.7069
479.052,1,-36.5699,1.7692,-1.7070
479.065,1,-36.5599,1.7709,-1.7074
479.078,1,-36.5396,1.7743,-1.7076
479.090,1,-36.5299,1.7762,-1.7081
479.102,1,-36.5203,1.7782,-1.7087
479.114,1,-36.5108,1.7800,-1.7092
479.126,1,-36.5013,1.7817,-1.7098
479.138,1,-36.4917,1.7831,-1.7104
479.149,1,-36.4822,1.7843,-1.7109
479.160,1,-36.4725,1.7854,-1.7115
479.172,1,-36.4629,1.7864,-1.7121
479.183,1,-36.4529,1.7872,-1.7126
479.196,1,-36.4430,1.7876,-1.7132
479.207,1,-36.4330,1.7880,-1.7137
479.219,1,-36.4231,1.7876,-1.7144
479.230,1,-36.4133,1.7870,-1.7151
479.243,1,-36.4033,1.7857,-1.7158
479.255,1,-36.3834,1.7840,-1.7173
479.265,1,-36.3733,1.7823,-1.7181
479.281,1,-36.3631,1.7799,-1.7191
479.292,1,-36.3530,1.7778,-1.7200
479.303,1,-36.3429,1.7758,-1.7208
479.315,1,-36.3327,1.7735,-1.7218
479.326,1,-36.3228,1.7714,-1.7228
479.337,1,-36.3127,1.7694,-1.7238
479.348,1,-36.3025,1.7674,-1.7249
479.360,1,-36.2923,1.7656,-1.7260
479.371,1,-36.2821,1.7637,-1.7272
479.385,1,-36.2717,1.7621,-1.7284
479.402,1,-36.2511,1.7590,-1.7309
479.422,1,-36.2303,1.7565,-1.7335
479.433,1,-36.2198,1.7558,-1.7350
479.446,1,-36.2093,1.7551,-1.7364
479.457,1,-36.1987,1.7545,-1.7379
479.469,1,-36.1882,1.7542,-1.7394
479.488,1,-36.1671,1.7538,-1.7424
479.510,1,-36.1460,1.7548,-1.7457
479.521,1,-36.1352,1.7561,-1.7473
479.535,1,-36.1246,1.7578,-1.7489
479.547,1,-36.1143,1.7594,-1.7505
479.558,1,-36.1038,1.7613,-1.7520
479.569,1,-36.0934,1.7633,-1.7535
479.582,1,-36.0831,1.7653,-1.7547
479.593,1,-36.0733,1.7671,-1.7558
479.605,1,-36.0635,1.7687,-1.7567
479.618,1,-36.0538,1.7700,-1.7574
479.630,1,-36.0441,1.7714,-1.7581
479.641,1,-36.0346,1.7729,-1.7584
479.653,1,-36.0253,1.7743,-1.7586
479.664,1,-36.0163,1.7753,-1.7586
479.677,1,-35.9983,1.7774,-1.7588
479.688,1,-35.9899,1.7781,-1.7583
479.703,1,-35.9817,1.7788,-1.7574
479.714,1,-35.9737,1.7795,-1.7566
479.724,1,-35.9657,1.7800,-1.7558
479.735,1,-35.9580,1.7804,-1.7550
479.746,1,-35.9505,1.7807,-1.7542
479.757,1,-35.9430,1.7812,-1.7534
479.768,1,-35.9355,1.7817,-1.7527
479.779,1,-35.9280,1.7826,-1.7518
479.791,1,-35.9204,1.7834,-1.7511
479.802,1,-35.9128,1.7841,-1.7503
479.813,1,-35.9055,1.7847,-1.7494
479.824,1,-35.8983,1.7850,-1.7488
479.835,1,-35.8911,1.7850,-1.7476
479.848,1,-35.8838,1.7847,-1.7464
479.860,1,-35.8766,1.7841,-1.7449
479.873,1,-35.8695,1.7831,-1.7433
479.885,1,-35.8627,1.7821,-1.7420
479.896,1,-35.8558,1.7810,-1.7403
479.906,1,-35.8488,1.7796,-1.7386
479.918,1,-35.8418,1.7778,-1.7366
479.928,1,-35.8349,1.7760,-1.7346
479.939,1,-35.8278,1.7741,-1.7324
479.951,1,-35.8207,1.7721,-1.7302
479.963,1,-35.8135,1.7704,-1.7278
479.974,1,-35.8061,1.7687,-1.7253
479.986,1,-35.7987,1.7673,-1.7228
479.996,1,-35.7912,1.7659,-1.7201
480.008,1,-35.7837,1.7646,-1.7172
480.019,1,-35.7690,1.7620,-1.7115
480.031,1,-35.7616,1.7609,-1.7083
480.046,1,-35.7539,1.7601,-1.7048
480.057,1,-35.7462,1.7593,-1.7013
480.068,1,-35.7383,1.7587,-1.6978
480.079,1,-35.7304,1.7583,-1.6942
480.090,1,-35.7222,1.7582,-1.6906
480.101,1,-35.7140,1.7582,-1.6867
480.113,1,-35.7059,1.7580,-1.6830
480.126,1,-35.6978,1.7576,-1.6792
480.143,1,-35.6817,1.7569,-1.6713
480.166,1,-35.6654,1.7581,-1.6635
480.176,1,-35.6574,1.7590,-1.6594
480.190,1,-35.6499,1.7595,-1.6555
480.202,1,-35.6422,1.7603,-1.6517
480.214,1,-35.6343,1.7619,-1.6480
480.225,1,-35.6262,1.7645,-1.6443
480.236,1,-35.6178,1.7677,-1.6406
480.248,1,-35.6099,1.7702,-1.6372
480.260,1,-35.6021,1.7721,-1.6339
480.277,1,-35.5867,1.7753,-1.6278
480.298,1,-35.5715,1.7788,-1.6220
480.310,1,-35.5640,1.7804,-1.6195
480.323,1,-35.5567,1.7817,-1.6172
480.335,1,-35.5495,1.7828,-1.6153
480.347,1,-35.5424,1.7839,-1.6131
480.358,1,-35.5355,1.7849,-1.6112
480.369,1,-35.5287,1.7856,-1.6092
480.380,1,-35.5222,1.7862,-1.6075
480.391,1,-35.5158,1.7865,-1.6059
480.403,1,-35.5097,1.7867,-1.6044
480.415,1,-35.5036,1.7870,-1.6029
480.426,1,-35.4976,1.7873,-1.6017
480.437,1,-35.4915,1.7876,-1.6002
480.449,1,-35.4857,1.7878,-1.5988
480.460,1,-35.4799,1.7879,-1.5977
480.473,1,-35.4744,1.7880,-1.5967
480.484,1,-35.4692,1.7877,-1.5957
480.496,1,-35.4642,1.7873,-1.5948
480.508,1,-35.4594,1.7868,-1.5941
480.520,1,-35.4550,1.7862,-1.5934
480.533,1,-35.4457,1.7855,-1.5918
480.544,1,-35.4417,1.7850,-1.5913
480.558,1,-35.4382,1.7843,-1.5909
480.570,1,-35.4347,1.7836,-1.5906
480.581,1,-35.4317,1.7829,-1.5910
480.592,1,-35.4285,1.7824,-1.5910
480.604,1,-35.4259,1.7819,-1.5912
480.616,1,-35.4232,1.7816,-1.5913
480.627,1,-35.4210,1.7814,-1.5919
480.639,1,-35.4188,1.7812,-1.5923
480.651,1,-35.4167,1.7811,-1.5929
480.664,1,-35.4148,1.7809,-1.5937
480.677,1,-35.4109,1.7806,-1.5952
480.688,1,-35.4094,1.7808,-1.5961
480.702,1,-35.4081,1.7809,-1.5971
480.714,1,-35.4071,1.7810,-1.5980
480.725,1,-35.4060,1.7810,-1.5990
480.736,1,-35.4054,1.7812,-1.6005
480.747,1,-35.4044,1.7815,-1.6014
480.759,1,-35.4036,1.7817,-1.6024
480.770,1,-35.4031,1.7822,-1.6038
480.781,1,-35.4023,1.7826,-1.6050
480.793,1,-35.4016,1.7831,-1.6061
480.805,1,-35.4008,1.7837,-1.6072
480.817,1,-35.4001,1.7845,-1.6082
480.829,1,-35.3994,1.7852,-1.6091
480.841,1,-35.3989,1.7858,-1.6100
480.854,1,-35.3973,1.7869,-1.6119
480.867,1,-35.3966,1.7873,-1.6126
480.883,1,-35.3957,1.7878,-1.6133
480.894,1,-35.3949,1.7882,-1.6142
480.907,1,-35.3940,1.7887,-1.6150
480.918,1,-35.3930,1.7892,-1.6156
480.930,1,-35.3920,1.7897,-1.6161
480.941,1,-35.3912,1.7900,-1.6166
480.952,1,-35.3904,1.7901,-1.6171
480.964,1,-35.3887,1.7903,-1.6181
480.977,1,-35.3880,1.7901,-1.6185
480.991,1,-35.3872,1.7900,-1.6188
481.003,1,-35.3864,1.7900,-1.6191
481.014,1,-35.3856,1.7898,-1.6194
481.025,1,-35.3849,1.7895,-1.6197
481.037,1,-35.3842,1.7892,-1.6200
481.048,1,-35.3835,1.7889,-1.6202
481.059,1,-35.3829,1.7887,-1.6203
481.071,1,-35.3821,1.7886,-1.6205
481.083,1,-35.3815,1.7884,-1.6206

# --- Trial 2 start ---
490.355,2,-39.5593,1.7696,-1.4615
490.390,2,-39.5585,1.7693,-1.4606
490.413,2,-39.5574,1.7688,-1.4594
490.430,2,-39.5568,1.7683,-1.4586
490.449,2,-39.5563,1.7678,-1.4579
490.460,2,-39.5560,1.7676,-1.4575
490.474,2,-39.5557,1.7676,-1.4571
490.486,2,-39.5555,1.7675,-1.4568
490.507,2,-39.5549,1.7676,-1.4561
490.518,2,-39.5546,1.7676,-1.4557
490.542,2,-39.5541,1.7674,-1.4548
490.563,2,-39.5530,1.7672,-1.4530
490.581,2,-39.5525,1.7669,-1.4519
490.603,2,-39.5516,1.7666,-1.4504
490.625,2,-39.5496,1.7669,-1.4486
490.647,2,-39.5469,1.7674,-1.4466
490.669,2,-39.5438,1.7673,-1.4445
490.692,2,-39.5402,1.7666,-1.4421
490.714,2,-39.5358,1.7655,-1.4398
490.737,2,-39.5307,1.7638,-1.4376
490.759,2,-39.5244,1.7621,-1.4357
490.781,2,-39.5171,1.7608,-1.4345
490.804,2,-39.5088,1.7589,-1.4341
490.826,2,-39.5002,1.7570,-1.4343
490.848,2,-39.4917,1.7560,-1.4351
490.870,2,-39.4833,1.7553,-1.4365
490.892,2,-39.4747,1.7540,-1.4385
490.915,2,-39.4661,1.7528,-1.4409
490.937,2,-39.4585,1.7516,-1.4436
490.959,2,-39.4519,1.7501,-1.4462
490.983,2,-39.4455,1.7492,-1.4492
491.004,2,-39.4390,1.7482,-1.4521
491.026,2,-39.4325,1.7474,-1.4556
491.060,2,-39.4265,1.7465,-1.4598
491.082,2,-39.4204,1.7457,-1.4637
491.092,2,-39.4175,1.7453,-1.4659
491.107,2,-39.4146,1.7449,-1.4683
491.119,2,-39.4117,1.7445,-1.4708
491.130,2,-39.4088,1.7439,-1.4733
491.140,2,-39.4058,1.7432,-1.4758
491.152,2,-39.4029,1.7424,-1.4786
491.163,2,-39.3999,1.7414,-1.4813
491.174,2,-39.3969,1.7402,-1.4842
491.185,2,-39.3943,1.7385,-1.4871
491.197,2,-39.3919,1.7366,-1.4899
491.208,2,-39.3898,1.7347,-1.4928
491.219,2,-39.3866,1.7348,-1.4958
491.231,2,-39.3818,1.7380,-1.4989
491.243,2,-39.3779,1.7410,-1.5017
491.254,2,-39.3746,1.7413,-1.5046
491.266,2,-39.3713,1.7398,-1.5076
491.278,2,-39.3674,1.7387,-1.5104
491.290,2,-39.3637,1.7391,-1.5130
491.302,2,-39.3592,1.7403,-1.5153
491.312,2,-39.3551,1.7420,-1.5175
491.324,2,-39.3514,1.7436,-1.5197
491.336,2,-39.3476,1.7445,-1.5216
491.347,2,-39.3439,1.7445,-1.5235
491.358,2,-39.3397,1.7439,-1.5252
491.369,2,-39.3358,1.7434,-1.5267
491.381,2,-39.3316,1.7431,-1.5280
491.392,2,-39.3273,1.7430,-1.5294
491.403,2,-39.3189,1.7428,-1.5327
491.414,2,-39.3143,1.7424,-1.5339
491.429,2,-39.3093,1.7420,-1.5348
491.442,2,-39.3038,1.7410,-1.5355
491.453,2,-39.2983,1.7397,-1.5366
491.465,2,-39.2925,1.7383,-1.5375
491.480,2,-39.2870,1.7366,-1.5383
491.496,2,-39.2811,1.7351,-1.5391
491.508,2,-39.2751,1.7337,-1.5397
491.519,2,-39.2689,1.7321,-1.5401
491.530,2,-39.2623,1.7303,-1.5405
491.542,2,-39.2557,1.7284,-1.5409
491.554,2,-39.2486,1.7267,-1.5412
491.565,2,-39.2416,1.7249,-1.5413
491.576,2,-39.2343,1.7233,-1.5411
491.588,2,-39.2269,1.7214,-1.5409
491.599,2,-39.2190,1.7191,-1.5403
491.611,2,-39.2110,1.7170,-1.5398
491.622,2,-39.2026,1.7148,-1.5388
491.634,2,-39.1940,1.7130,-1.5382
491.646,2,-39.1854,1.7110,-1.5373
491.657,2,-39.1767,1.7092,-1.5365
491.669,2,-39.1678,1.7069,-1.5352
491.680,2,-39.1587,1.7046,-1.5338
491.692,2,-39.1494,1.7022,-1.5321
491.704,2,-39.1396,1.7001,-1.5304
491.715,2,-39.1207,1.6962,-1.5273
491.727,2,-39.1100,1.6947,-1.5253
491.741,2,-39.0988,1.6943,-1.5232
491.752,2,-39.0877,1.6931,-1.5209
491.764,2,-39.0765,1.6921,-1.5183
491.775,2,-39.0650,1.6911,-1.5155
491.786,2,-39.0532,1.6906,-1.5128
491.797,2,-39.0411,1.6908,-1.5101
491.808,2,-39.0287,1.6914,-1.5071
491.820,2,-39.0160,1.6923,-1.5045
491.831,2,-39.0033,1.6931,-1.5014
491.843,2,-38.9902,1.6946,-1.4982
491.855,2,-38.9767,1.6964,-1.4947
491.867,2,-38.9629,1.6989,-1.4914
491.878,2,-38.9488,1.7017,-1.4881
491.889,2,-38.9351,1.7042,-1.4848
491.900,2,-38.9217,1.7064,-1.4820
491.913,2,-38.9087,1.7077,-1.4788
491.925,2,-38.8963,1.7087,-1.4760
491.938,2,-38.8716,1.7105,-1.4700
491.951,2,-38.8599,1.7112,-1.4679
491.963,2,-38.8482,1.7123,-1.4657
491.975,2,-38.8363,1.7141,-1.4639
491.987,2,-38.8249,1.7156,-1.4621
491.999,2,-38.8136,1.7168,-1.4605
492.010,2,-38.8025,1.7177,-1.4590
492.022,2,-38.7916,1.7192,-1.4580
492.034,2,-38.7805,1.7213,-1.4571
492.045,2,-38.7696,1.7237,-1.4565
492.057,2,-38.7588,1.7264,-1.4563
492.069,2,-38.7481,1.7287,-1.4559
492.080,2,-38.7374,1.7307,-1.4554
492.092,2,-38.7268,1.7327,-1.4553
492.104,2,-38.7054,1.7366,-1.4545
492.115,2,-38.6946,1.7384,-1.4547
492.129,2,-38.6837,1.7396,-1.4549
492.140,2,-38.6729,1.7404,-1.4552
492.152,2,-38.6618,1.7410,-1.4558
492.163,2,-38.6510,1.7408,-1.4561
492.175,2,-38.6403,1.7401,-1.4563
492.186,2,-38.6295,1.7390,-1.4568
492.197,2,-38.6186,1.7378,-1.4573
492.208,2,-38.6076,1.7362,-1.4578
492.218,2,-38.5966,1.7346,-1.4584
492.229,2,-38.5854,1.7328,-1.4589
492.241,2,-38.5742,1.7306,-1.4597
492.252,2,-38.5630,1.7280,-1.4605
492.263,2,-38.5517,1.7254,-1.4615
492.274,2,-38.5400,1.7230,-1.4628
492.285,2,-38.5285,1.7205,-1.4640
492.296,2,-38.5165,1.7184,-1.4654
492.306,2,-38.5047,1.7159,-1.4668
492.318,2,-38.4928,1.7136,-1.4684
492.330,2,-38.4807,1.7113,-1.4699
492.340,2,-38.4686,1.7095,-1.4716
492.352,2,-38.4563,1.7079,-1.4736
492.363,2,-38.4442,1.7066,-1.4756
492.373,2,-38.4316,1.7058,-1.4779
492.384,2,-38.4191,1.7050,-1.4801
492.396,2,-38.4064,1.7045,-1.4824
492.407,2,-38.3937,1.7045,-1.4849
492.417,2,-38.3808,1.7044,-1.4873
492.429,2,-38.3676,1.7052,-1.4899
492.440,2,-38.3547,1.7061,-1.4926
492.451,2,-38.3416,1.7070,-1.4952
492.462,2,-38.3288,1.7080,-1.4977
492.473,2,-38.3156,1.7097,-1.5001
492.485,2,-38.3023,1.7127,-1.5025
492.495,2,-38.2894,1.7153,-1.5046
492.506,2,-38.2766,1.7183,-1.5066
492.518,2,-38.2641,1.7211,-1.5089
492.536,2,-38.2383,1.7267,-1.5124
492.559,2,-38.2134,1.7323,-1.5145
492.571,2,-38.2012,1.7349,-1.5153
492.593,2,-38.1773,1.7404,-1.5166
492.615,2,-38.1533,1.7462,-1.5174
492.625,2,-38.1415,1.7491,-1.5174
492.640,2,-38.1301,1.7515,-1.5171
492.651,2,-38.1190,1.7536,-1.5169
492.663,2,-38.1073,1.7555,-1.5166
492.675,2,-38.0960,1.7571,-1.5165
492.687,2,-38.0844,1.7587,-1.5160
492.697,2,-38.0727,1.7603,-1.5161
492.709,2,-38.0611,1.7613,-1.5158
492.720,2,-38.0493,1.7621,-1.5155
492.733,2,-38.0376,1.7622,-1.5150
492.744,2,-38.0256,1.7621,-1.5144
492.756,2,-38.0136,1.7620,-1.5139
492.767,2,-38.0015,1.7611,-1.5133
492.779,2,-37.9893,1.7600,-1.5128
492.791,2,-37.9771,1.7581,-1.5120
492.802,2,-37.9647,1.7561,-1.5112
492.813,2,-37.9525,1.7537,-1.5102
492.826,2,-37.9274,1.7493,-1.5083
492.837,2,-37.9146,1.7464,-1.5072
492.851,2,-37.9016,1.7434,-1.5060
492.862,2,-37.8884,1.7405,-1.5047
492.874,2,-37.8753,1.7377,-1.5033
492.885,2,-37.8622,1.7351,-1.5019
492.897,2,-37.8489,1.7326,-1.5002
492.909,2,-37.8352,1.7306,-1.4986
492.921,2,-37.8214,1.7291,-1.4968
492.933,2,-37.8074,1.7279,-1.4950
492.946,2,-37.7936,1.7268,-1.4932
492.957,2,-37.7797,1.7259,-1.4913
492.970,2,-37.7656,1.7253,-1.4893
492.981,2,-37.7374,1.7241,-1.4855
492.992,2,-37.7232,1.7240,-1.4836
493.008,2,-37.7088,1.7248,-1.4817
493.021,2,-37.6940,1.7268,-1.4800
493.033,2,-37.6798,1.7290,-1.4782
493.045,2,-37.6659,1.7312,-1.4766
493.057,2,-37.6525,1.7327,-1.4751
493.069,2,-37.6391,1.7344,-1.4739
493.080,2,-37.6258,1.7362,-1.4728
493.091,2,-37.6130,1.7383,-1.4720
493.103,2,-37.5867,1.7419,-1.4703
493.115,2,-37.5744,1.7442,-1.4700
493.128,2,-37.5620,1.7469,-1.4699
493.140,2,-37.5498,1.7497,-1.4700
493.151,2,-37.5377,1.7528,-1.4704
493.162,2,-37.5254,1.7561,-1.4706
493.174,2,-37.5130,1.7596,-1.4712
493.186,2,-37.5009,1.7630,-1.4719
493.198,2,-37.4890,1.7662,-1.4726
493.208,2,-37.4771,1.7691,-1.4735
493.220,2,-37.4652,1.7718,-1.4743
493.231,2,-37.4534,1.7742,-1.4751
493.242,2,-37.4413,1.7762,-1.4758
493.253,2,-37.4293,1.7780,-1.4768
493.264,2,-37.4173,1.7795,-1.4776
493.275,2,-37.4056,1.7803,-1.4786
493.286,2,-37.3935,1.7811,-1.4795
493.298,2,-37.3815,1.7812,-1.4805
493.308,2,-37.3694,1.7810,-1.4816
493.319,2,-37.3572,1.7805,-1.4827
493.330,2,-37.3450,1.7794,-1.4837
493.340,2,-37.3328,1.7781,-1.4849
493.351,2,-37.3205,1.7761,-1.4862
493.362,2,-37.3083,1.7741,-1.4874
493.373,2,-37.2959,1.7717,-1.4886
493.384,2,-37.2835,1.7691,-1.4901
493.395,2,-37.2710,1.7664,-1.4916
493.406,2,-37.2585,1.7636,-1.4931
493.418,2,-37.2458,1.7608,-1.4948
493.436,2,-37.2202,1.7556,-1.4980
493.458,2,-37.1943,1.7510,-1.5018
493.468,2,-37.1812,1.7490,-1.5038
493.483,2,-37.1678,1.7471,-1.5060
493.494,2,-37.1545,1.7455,-1.5082
493.505,2,-37.1409,1.7441,-1.5106
493.526,2,-37.1135,1.7419,-1.5156
493.547,2,-37.0862,1.7408,-1.5207
493.557,2,-37.0726,1.7403,-1.5234
493.572,2,-37.0589,1.7406,-1.5262
493.584,2,-37.0448,1.7423,-1.5289
493.595,2,-37.0308,1.7444,-1.5314
493.606,2,-37.0172,1.7464,-1.5337
493.617,2,-37.0036,1.7484,-1.5359
493.628,2,-36.9903,1.7505,-1.5380
493.639,2,-36.9771,1.7527,-1.5399
493.650,2,-36.9642,1.7550,-1.5415
493.662,2,-36.9516,1.7572,-1.5430
493.673,2,-36.9392,1.7593,-1.5442
493.685,2,-36.9269,1.7617,-1.5453
493.696,2,-36.9151,1.7641,-1.5459
493.707,2,-36.9035,1.7666,-1.5466
493.718,2,-36.8921,1.7692,-1.5471
493.730,2,-36.8808,1.7720,-1.5472
493.741,2,-36.8697,1.7749,-1.5473
493.752,2,-36.8587,1.7776,-1.5473
493.763,2,-36.8479,1.7803,-1.5472
493.774,2,-36.8370,1.7827,-1.5470
493.785,2,-36.8261,1.7850,-1.5467
493.796,2,-36.8153,1.7870,-1.5462
493.807,2,-36.8044,1.7886,-1.5459
493.819,2,-36.7936,1.7902,-1.5456
493.830,2,-36.7827,1.7914,-1.5453
493.841,2,-36.7718,1.7921,-1.5448
493.852,2,-36.7608,1.7926,-1.5444
493.863,2,-36.7498,1.7925,-1.5439
493.875,2,-36.7387,1.7919,-1.5434
493.886,2,-36.7277,1.7910,-1.5429
493.897,2,-36.7165,1.7898,-1.5423
493.908,2,-36.7053,1.7881,-1.5417
493.919,2,-36.6939,1.7860,-1.5408
493.931,2,-36.6827,1.7835,-1.5400
493.944,2,-36.6714,1.7807,-1.5390
493.955,2,-36.6600,1.7777,-1.5379
493.968,2,-36.6485,1.7745,-1.5369
493.980,2,-36.6368,1.7712,-1.5357
493.992,2,-36.6252,1.7680,-1.5345
494.003,2,-36.6019,1.7619,-1.5320
494.014,2,-36.5903,1.7589,-1.5307
494.029,2,-36.5782,1.7562,-1.5291
494.040,2,-36.5664,1.7538,-1.5276
494.052,2,-36.5543,1.7517,-1.5257
494.063,2,-36.5420,1.7499,-1.5238
494.074,2,-36.5294,1.7484,-1.5219
494.085,2,-36.5171,1.7469,-1.5200
494.096,2,-36.5045,1.7463,-1.5178
494.108,2,-36.4919,1.7459,-1.5155
494.119,2,-36.4793,1.7455,-1.5134
494.130,2,-36.4668,1.7455,-1.5110
494.141,2,-36.4543,1.7455,-1.5087
494.153,2,-36.4419,1.7464,-1.5063
494.165,2,-36.4294,1.7482,-1.5039
494.177,2,-36.4172,1.7503,-1.5017
494.188,2,-36.4053,1.7520,-1.4996
494.199,2,-36.3932,1.7538,-1.4975
494.211,2,-36.3812,1.7558,-1.4955
494.222,2,-36.3692,1.7580,-1.4936
494.233,2,-36.3573,1.7601,-1.4919
494.244,2,-36.3456,1.7621,-1.4905
494.256,2,-36.3341,1.7640,-1.4891
494.267,2,-36.3227,1.7662,-1.4880
494.278,2,-36.3113,1.7686,-1.4871
494.289,2,-36.2999,1.7710,-1.4861
494.300,2,-36.2890,1.7736,-1.4855
494.311,2,-36.2780,1.7760,-1.4849
494.323,2,-36.2674,1.7785,-1.4847
494.334,2,-36.2569,1.7811,-1.4847
494.345,2,-36.2465,1.7836,-1.4846
494.356,2,-36.2363,1.7861,-1.4848
494.367,2,-36.2261,1.7882,-1.4850
494.378,2,-36.2158,1.7901,-1.4852
494.388,2,-36.2055,1.7918,-1.4854
494.400,2,-36.1953,1.7928,-1.4858
494.411,2,-36.1850,1.7939,-1.4860
494.422,2,-36.1749,1.7944,-1.4863
494.433,2,-36.1649,1.7947,-1.4865
494.443,2,-36.1547,1.7945,-1.4868
494.455,2,-36.1444,1.7937,-1.4871
494.466,2,-36.1342,1.7927,-1.4875
494.481,2,-36.1136,1.7901,-1.4882
494.503,2,-36.0931,1.7851,-1.4888
494.512,2,-36.0829,1.7827,-1.4892
494.527,2,-36.0728,1.7790,-1.4899
494.538,2,-36.0626,1.7760,-1.4907
494.549,2,-36.0524,1.7731,-1.4915
494.561,2,-36.0421,1.7703,-1.4924
494.572,2,-36.0315,1.7677,-1.4934
494.583,2,-36.0209,1.7654,-1.4946
494.594,2,-36.0104,1.7631,-1.4959
494.606,2,-35.9998,1.7608,-1.4973
494.625,2,-35.9791,1.7562,-1.5009
494.646,2,-35.9576,1.7523,-1.5046
494.657,2,-35.9467,1.7505,-1.5065
494.671,2,-35.9357,1.7487,-1.5088
494.682,2,-35.9246,1.7469,-1.5108
494.694,2,-35.9136,1.7450,-1.5130
494.705,2,-35.9026,1.7433,-1.5153
494.716,2,-35.8918,1.7418,-1.5174
494.727,2,-35.8808,1.7404,-1.5197
494.739,2,-35.8698,1.7391,-1.5219
494.750,2,-35.8586,1.7379,-1.5243
494.761,2,-35.8476,1.7372,-1.5266
494.772,2,-35.8361,1.7366,-1.5290
494.783,2,-35.8249,1.7360,-1.5312
494.794,2,-35.8136,1.7352,-1.5336
494.805,2,-35.8023,1.7344,-1.5359
494.817,2,-35.7914,1.7332,-1.5380
494.828,2,-35.7804,1.7323,-1.5401
494.840,2,-35.7693,1.7325,-1.5423
494.851,2,-35.7580,1.7342,-1.5441
494.862,2,-35.7470,1.7361,-1.5460
494.873,2,-35.7361,1.7383,-1.5478
494.884,2,-35.7250,1.7404,-1.5495
494.895,2,-35.7142,1.7422,-1.5512
494.906,2,-35.7032,1.7443,-1.5526
494.917,2,-35.6925,1.7468,-1.5541
494.929,2,-35.6819,1.7494,-1.5552
494.940,2,-35.6719,1.7518,-1.5565
494.952,2,-35.6627,1.7539,-1.5574
494.964,2,-35.6536,1.7560,-1.5582
494.976,2,-35.6455,1.7580,-1.5587
494.988,2,-35.6373,1.7604,-1.5591
495.000,2,-35.6296,1.7628,-1.5597
495.011,2,-35.6222,1.7652,-1.5602
495.023,2,-35.6153,1.7676,-1.5606
495.036,2,-35.6088,1.7700,-1.5610
495.050,2,-35.5948,1.7748,-1.5616
495.061,2,-35.5885,1.7773,-1.5617
495.073,2,-35.5822,1.7797,-1.5617
495.084,2,-35.5760,1.7819,-1.5618
495.095,2,-35.5702,1.7836,-1.5620
495.106,2,-35.5645,1.7851,-1.5620
495.118,2,-35.5596,1.7861,-1.5631
495.129,2,-35.5546,1.7866,-1.5637
495.141,2,-35.5495,1.7869,-1.5638
495.152,2,-35.5449,1.7867,-1.5644
495.164,2,-35.5399,1.7868,-1.5644
495.175,2,-35.5352,1.7864,-1.5640
495.187,2,-35.5306,1.7861,-1.5636
495.199,2,-35.5261,1.7858,-1.5633
495.211,2,-35.5217,1.7853,-1.5628
495.222,2,-35.5175,1.7848,-1.5623
495.233,2,-35.5134,1.7841,-1.5617
495.244,2,-35.5098,1.7833,-1.5610
495.256,2,-35.5061,1.7825,-1.5603
495.267,2,-35.5029,1.7818,-1.5599
495.278,2,-35.4996,1.7812,-1.5590
495.289,2,-35.4966,1.7807,-1.5581
495.301,2,-35.4937,1.7802,-1.5573
495.312,2,-35.4910,1.7798,-1.5562
495.323,2,-35.4885,1.7795,-1.5554
495.335,2,-35.4859,1.7792,-1.5542
495.346,2,-35.4834,1.7787,-1.5531
495.357,2,-35.4807,1.7784,-1.5517
495.368,2,-35.4782,1.7780,-1.5506
495.379,2,-35.4759,1.7777,-1.5494
495.390,2,-35.4734,1.7778,-1.5480
495.401,2,-35.4711,1.7781,-1.5468
495.412,2,-35.4689,1.7786,-1.5454
495.423,2,-35.4667,1.7791,-1.5441
495.434,2,-35.4648,1.7795,-1.5427
495.445,2,-35.4629,1.7800,-1.5412
495.456,2,-35.4611,1.7804,-1.5396
495.467,2,-35.4592,1.7809,-1.5380
495.478,2,-35.4575,1.7815,-1.5365
495.489,2,-35.4558,1.7823,-1.5350
495.501,2,-35.4541,1.7830,-1.5335
495.511,2,-35.4523,1.7838,-1.5319
495.522,2,-35.4506,1.7845,-1.5302
495.533,2,-35.4488,1.7853,-1.5286
495.543,2,-35.4469,1.7861,-1.5269
495.555,2,-35.4452,1.7869,-1.5253
495.566,2,-35.4434,1.7875,-1.5236
495.577,2,-35.4416,1.7880,-1.5220
495.588,2,-35.4398,1.7884,-1.5204
495.599,2,-35.4380,1.7889,-1.5188
495.610,2,-35.4363,1.7892,-1.5170
495.621,2,-35.4346,1.7896,-1.5153
495.631,2,-35.4329,1.7898,-1.5138
495.641,2,-35.4314,1.7899,-1.5123
495.652,2,-35.4299,1.7899,-1.5107
495.662,2,-35.4284,1.7899,-1.5092
495.673,2,-35.4270,1.7898,-1.5078
495.684,2,-35.4255,1.7897,-1.5063
495.694,2,-35.4242,1.7895,-1.5050
495.706,2,-35.4230,1.7893,-1.5038
495.717,2,-35.4217,1.7892,-1.5025
495.728,2,-35.4205,1.7890,-1.5013
495.739,2,-35.4192,1.7888,-1.5002
495.750,2,-35.4180,1.7886,-1.4992

# --- Trial 3 start ---
502.904,3,-39.5356,1.7684,-1.4525
502.938,3,-39.5341,1.7682,-1.4512
502.956,3,-39.5325,1.7681,-1.4499
502.969,3,-39.5313,1.7679,-1.4485
502.987,3,-39.5306,1.7679,-1.4475
502.999,3,-39.5292,1.7678,-1.4459
503.010,3,-39.5286,1.7676,-1.4450
503.037,3,-39.5273,1.7670,-1.4431
503.056,3,-39.5261,1.7665,-1.4410
503.066,3,-39.5256,1.7664,-1.4399
503.079,3,-39.5249,1.7662,-1.4389
503.090,3,-39.5241,1.7663,-1.4378
503.101,3,-39.5232,1.7662,-1.4366
503.112,3,-39.5222,1.7662,-1.4355
503.123,3,-39.5211,1.7660,-1.4343
503.134,3,-39.5200,1.7658,-1.4331
503.147,3,-39.5188,1.7654,-1.4319
503.160,3,-39.5174,1.7652,-1.4307
503.172,3,-39.5159,1.7650,-1.4296
503.183,3,-39.5142,1.7648,-1.4283
503.194,3,-39.5125,1.7645,-1.4271
503.205,3,-39.5104,1.7640,-1.4259
503.216,3,-39.5083,1.7637,-1.4248
503.227,3,-39.5061,1.7633,-1.4237
503.238,3,-39.5039,1.7631,-1.4227
503.249,3,-39.5014,1.7627,-1.4218
503.261,3,-39.4987,1.7623,-1.4209
503.271,3,-39.4960,1.7617,-1.4200
503.282,3,-39.4930,1.7610,-1.4192
503.292,3,-39.4901,1.7601,-1.4185
503.304,3,-39.4870,1.7589,-1.4179
503.315,3,-39.4838,1.7578,-1.4174
503.327,3,-39.4808,1.7570,-1.4172
503.338,3,-39.4774,1.7567,-1.4169
503.350,3,-39.4739,1.7566,-1.4169
503.361,3,-39.4704,1.7563,-1.4169
503.372,3,-39.4671,1.7558,-1.4169
503.385,3,-39.4638,1.7549,-1.4172
503.396,3,-39.4604,1.7542,-1.4175
503.407,3,-39.4573,1.7538,-1.4180
503.419,3,-39.4540,1.7535,-1.4184
503.430,3,-39.4508,1.7531,-1.4189
503.441,3,-39.4476,1.7526,-1.4196
503.453,3,-39.4445,1.7520,-1.4202
503.464,3,-39.4414,1.7515,-1.4209
503.475,3,-39.4383,1.7510,-1.4218
503.487,3,-39.4351,1.7506,-1.4227
503.497,3,-39.4319,1.7503,-1.4236
503.509,3,-39.4287,1.7500,-1.4248
503.521,3,-39.4222,1.7494,-1.4268
503.532,3,-39.4189,1.7492,-1.4279
503.547,3,-39.4155,1.7489,-1.4292
503.559,3,-39.4123,1.7485,-1.4305
503.571,3,-39.4092,1.7481,-1.4319
503.583,3,-39.4061,1.7477,-1.4334
503.595,3,-39.4031,1.7472,-1.4349
503.607,3,-39.4000,1.7470,-1.4366
503.619,3,-39.3967,1.7468,-1.4382
503.631,3,-39.3902,1.7465,-1.4415
503.642,3,-39.3868,1.7463,-1.4435
503.657,3,-39.3834,1.7460,-1.4457
503.668,3,-39.3801,1.7456,-1.4479
503.680,3,-39.3770,1.7451,-1.4503
503.691,3,-39.3741,1.7441,-1.4527
503.702,3,-39.3710,1.7436,-1.4552
503.713,3,-39.3667,1.7450,-1.4578
503.725,3,-39.3620,1.7477,-1.4602
503.736,3,-39.3576,1.7502,-1.4629
503.747,3,-39.3538,1.7509,-1.4656
503.759,3,-39.3494,1.7501,-1.4686
503.771,3,-39.3452,1.7495,-1.4713
503.782,3,-39.3408,1.7500,-1.4738
503.794,3,-39.3359,1.7506,-1.4762
503.807,3,-39.3316,1.7515,-1.4786
503.818,3,-39.3274,1.7518,-1.4811
503.829,3,-39.3232,1.7514,-1.4835
503.841,3,-39.3188,1.7507,-1.4861
503.852,3,-39.3144,1.7497,-1.4887
503.863,3,-39.3100,1.7487,-1.4914
503.874,3,-39.3051,1.7480,-1.4941
503.886,3,-39.2956,1.7468,-1.4997
503.897,3,-39.2904,1.7461,-1.5029
503.912,3,-39.2852,1.7452,-1.5064
503.924,3,-39.2800,1.7442,-1.5096
503.935,3,-39.2742,1.7431,-1.5131
503.947,3,-39.2685,1.7418,-1.5163
503.959,3,-39.2628,1.7408,-1.5195
503.970,3,-39.2569,1.7398,-1.5229
503.981,3,-39.2509,1.7390,-1.5260
503.993,3,-39.2447,1.7381,-1.5289
504.004,3,-39.2384,1.7371,-1.5313
504.017,3,-39.2318,1.7360,-1.5336
504.029,3,-39.2249,1.7351,-1.5354
504.041,3,-39.2179,1.7337,-1.5369
504.053,3,-39.2107,1.7327,-1.5384
504.065,3,-39.1966,1.7308,-1.5416
504.076,3,-39.1891,1.7294,-1.5426
504.090,3,-39.1810,1.7276,-1.5426
504.101,3,-39.1730,1.7260,-1.5429
504.113,3,-39.1649,1.7240,-1.5427
504.124,3,-39.1566,1.7222,-1.5427
504.135,3,-39.1478,1.7204,-1.5425
504.146,3,-39.1388,1.7189,-1.5422
504.157,3,-39.1297,1.7170,-1.5414
504.168,3,-39.1202,1.7151,-1.5404
504.179,3,-39.1104,1.7132,-1.5396
504.190,3,-39.1005,1.7112,-1.5383
504.201,3,-39.0906,1.7098,-1.5372
504.212,3,-39.0802,1.7087,-1.5358
504.223,3,-39.0699,1.7078,-1.5346
504.234,3,-39.0593,1.7068,-1.5329
504.245,3,-39.0486,1.7057,-1.5311
504.257,3,-39.0375,1.7051,-1.5290
504.268,3,-39.0264,1.7042,-1.5268
504.278,3,-39.0150,1.7038,-1.5245
504.289,3,-39.0031,1.7040,-1.5221
504.301,3,-38.9911,1.7048,-1.5197
504.312,3,-38.9792,1.7054,-1.5171
504.323,3,-38.9669,1.7063,-1.5142
504.334,3,-38.9545,1.7071,-1.5113
504.346,3,-38.9422,1.7082,-1.5082
504.357,3,-38.9294,1.7102,-1.5054
504.369,3,-38.9166,1.7128,-1.5026
504.380,3,-38.9041,1.7149,-1.4998
504.391,3,-38.8922,1.7161,-1.4969
504.403,3,-38.8800,1.7172,-1.4942
504.414,3,-38.8684,1.7185,-1.4916
504.426,3,-38.8571,1.7198,-1.4891
504.437,3,-38.8460,1.7213,-1.4869
504.449,3,-38.8357,1.7224,-1.4850
504.461,3,-38.8253,1.7237,-1.4834
504.473,3,-38.8155,1.7246,-1.4817
504.484,3,-38.8060,1.7257,-1.4803
504.496,3,-38.7964,1.7271,-1.4792
504.508,3,-38.7872,1.7288,-1.4781
504.519,3,-38.7778,1.7311,-1.4773
504.531,3,-38.7586,1.7355,-1.4755
504.543,3,-38.7494,1.7386,-1.4752
504.557,3,-38.7404,1.7412,-1.4747
504.568,3,-38.7312,1.7433,-1.4742
504.579,3,-38.7222,1.7453,-1.4737
504.591,3,-38.7129,1.7473,-1.4736
504.604,3,-38.7036,1.7492,-1.4736
504.616,3,-38.6940,1.7508,-1.4737
504.628,3,-38.6843,1.7521,-1.4739
504.640,3,-38.6746,1.7526,-1.4740
504.651,3,-38.6650,1.7529,-1.4742
504.662,3,-38.6553,1.7531,-1.4744
504.674,3,-38.6456,1.7525,-1.4747
504.687,3,-38.6259,1.7521,-1.4754
504.697,3,-38.6158,1.7510,-1.4760
504.712,3,-38.6053,1.7498,-1.4771
504.724,3,-38.5947,1.7482,-1.4778
504.734,3,-38.5841,1.7467,-1.4786
504.746,3,-38.5733,1.7448,-1.4794
504.757,3,-38.5622,1.7431,-1.4804
504.768,3,-38.5513,1.7416,-1.4816
504.780,3,-38.5403,1.7399,-1.4826
504.791,3,-38.5290,1.7382,-1.4841
504.802,3,-38.5180,1.7362,-1.4854
504.813,3,-38.5069,1.7343,-1.4868
504.825,3,-38.4957,1.7322,-1.4883
504.836,3,-38.4843,1.7305,-1.4898
504.847,3,-38.4725,1.7290,-1.4920
504.859,3,-38.4609,1.7275,-1.4940
504.871,3,-38.4491,1.7265,-1.4963
504.882,3,-38.4373,1.7255,-1.4986
504.893,3,-38.4254,1.7248,-1.5010
504.905,3,-38.4135,1.7243,-1.5036
504.917,3,-38.4011,1.7245,-1.5064
504.929,3,-38.3886,1.7250,-1.5092
504.940,3,-38.3762,1.7256,-1.5119
504.952,3,-38.3640,1.7260,-1.5149
504.963,3,-38.3520,1.7267,-1.5176
504.975,3,-38.3395,1.7283,-1.5205
504.986,3,-38.3276,1.7301,-1.5229
504.997,3,-38.3155,1.7322,-1.5255
505.009,3,-38.2913,1.7361,-1.5306
505.021,3,-38.2793,1.7389,-1.5328
505.035,3,-38.2676,1.7413,-1.5346
505.047,3,-38.2561,1.7433,-1.5362
505.058,3,-38.2447,1.7452,-1.5374
505.069,3,-38.2339,1.7468,-1.5383
505.081,3,-38.2228,1.7488,-1.5390
505.092,3,-38.2118,1.7510,-1.5398
505.104,3,-38.2009,1.7535,-1.5402
505.115,3,-38.1905,1.7558,-1.5405
505.127,3,-38.1800,1.7578,-1.5405
505.139,3,-38.1699,1.7596,-1.5402
505.150,3,-38.1597,1.7616,-1.5399
505.161,3,-38.1493,1.7637,-1.5397
505.172,3,-38.1388,1.7657,-1.5394
505.186,3,-38.1284,1.7675,-1.5390
505.198,3,-38.1179,1.7688,-1.5384
505.209,3,-38.0967,1.7715,-1.5377
505.220,3,-38.0861,1.7722,-1.5371
505.234,3,-38.0754,1.7718,-1.5362
505.246,3,-38.0646,1.7716,-1.5356
505.257,3,-38.0535,1.7711,-1.5350
505.268,3,-38.0425,1.7700,-1.5342
505.278,3,-38.0318,1.7684,-1.5334
505.290,3,-38.0208,1.7661,-1.5324
505.301,3,-38.0098,1.7634,-1.5313
505.312,3,-37.9986,1.7606,-1.5302
505.323,3,-37.9870,1.7574,-1.5290
505.334,3,-37.9755,1.7541,-1.5278
505.346,3,-37.9637,1.7510,-1.5266
505.357,3,-37.9522,1.7476,-1.5252
505.368,3,-37.9404,1.7443,-1.5237
505.379,3,-37.9285,1.7413,-1.5222
505.390,3,-37.9165,1.7383,-1.5202
505.401,3,-37.9041,1.7356,-1.5183
505.412,3,-37.8919,1.7332,-1.5164
505.422,3,-37.8793,1.7308,-1.5142
505.434,3,-37.8666,1.7288,-1.5120
505.445,3,-37.8539,1.7273,-1.5099
505.456,3,-37.8410,1.7261,-1.5075
505.467,3,-37.8281,1.7255,-1.5051
505.479,3,-37.8149,1.7250,-1.5025
505.490,3,-37.8016,1.7253,-1.4998
505.501,3,-37.7879,1.7260,-1.4971
505.511,3,-37.7744,1.7270,-1.4943
505.523,3,-37.7609,1.7283,-1.4914
505.535,3,-37.7472,1.7307,-1.4884
505.546,3,-37.7343,1.7324,-1.4855
505.557,3,-37.7214,1.7340,-1.4828
505.568,3,-37.7085,1.7356,-1.4802
505.580,3,-37.6957,1.7373,-1.4778
505.591,3,-37.6837,1.7390,-1.4757
505.602,3,-37.6717,1.7405,-1.4737
505.614,3,-37.6597,1.7421,-1.4720
505.627,3,-37.6481,1.7436,-1.4705
505.639,3,-37.6365,1.7455,-1.4693
505.651,3,-37.6249,1.7476,-1.4682
505.662,3,-37.6134,1.7497,-1.4671
505.673,3,-37.6022,1.7518,-1.4663
505.687,3,-37.5791,1.7565,-1.4646
505.701,3,-37.5680,1.7591,-1.4643
505.713,3,-37.5570,1.7616,-1.4641
505.725,3,-37.5456,1.7639,-1.4639
505.736,3,-37.5343,1.7660,-1.4637
505.748,3,-37.5230,1.7679,-1.4637
505.760,3,-37.5117,1.7696,-1.4637
505.772,3,-37.5004,1.7710,-1.4637
505.783,3,-37.4891,1.7721,-1.4639
505.795,3,-37.4777,1.7729,-1.4641
505.807,3,-37.4663,1.7734,-1.4644
505.819,3,-37.4546,1.7736,-1.4649
505.831,3,-37.4316,1.7743,-1.4658
505.842,3,-37.4200,1.7734,-1.4664
505.856,3,-37.4084,1.7721,-1.4674
505.868,3,-37.3966,1.7703,-1.4683
505.880,3,-37.3848,1.7685,-1.4694
505.891,3,-37.3731,1.7663,-1.4706
505.903,3,-37.3612,1.7640,-1.4718
505.915,3,-37.3491,1.7614,-1.4732
505.928,3,-37.3370,1.7587,-1.4746
505.940,3,-37.3247,1.7560,-1.4760
505.952,3,-37.3127,1.7533,-1.4776
505.963,3,-37.3003,1.7508,-1.4792
505.975,3,-37.2876,1.7483,-1.4812
505.986,3,-37.2624,1.7435,-1.4848
505.998,3,-37.2498,1.7413,-1.4869
506.011,3,-37.2369,1.7396,-1.4892
506.025,3,-37.2239,1.7382,-1.4916
506.038,3,-37.2109,1.7369,-1.4941
506.050,3,-37.1979,1.7358,-1.4966
506.061,3,-37.1846,1.7351,-1.4991
506.073,3,-37.1716,1.7345,-1.5016
506.085,3,-37.1585,1.7341,-1.5043
506.096,3,-37.1455,1.7342,-1.5069
506.107,3,-37.1323,1.7349,-1.5096
506.118,3,-37.1061,1.7363,-1.5147
506.131,3,-37.0932,1.7385,-1.5171
506.144,3,-37.0803,1.7408,-1.5195
506.156,3,-37.0676,1.7432,-1.5216
506.167,3,-37.0551,1.7455,-1.5235
506.179,3,-37.0430,1.7473,-1.5252
506.190,3,-37.0310,1.7491,-1.5269
506.202,3,-37.0192,1.7511,-1.5282
506.215,3,-37.0075,1.7534,-1.5294
506.227,3,-36.9960,1.7558,-1.5304
506.239,3,-36.9848,1.7581,-1.5312
506.250,3,-36.9739,1.7604,-1.5319
506.262,3,-36.9634,1.7627,-1.5323
506.273,3,-36.9529,1.7651,-1.5327
506.289,3,-36.9317,1.7698,-1.5337
506.309,3,-36.9105,1.7738,-1.5339
506.330,3,-36.8898,1.7772,-1.5340
506.341,3,-36.8792,1.7785,-1.5339
506.356,3,-36.8689,1.7793,-1.5337
506.367,3,-36.8584,1.7800,-1.5335
506.379,3,-36.8477,1.7801,-1.5333
506.389,3,-36.8372,1.7802,-1.5330
506.401,3,-36.8266,1.7795,-1.5327
506.411,3,-36.8160,1.7786,-1.5322
506.423,3,-36.8055,1.7772,-1.5317
506.435,3,-36.7949,1.7754,-1.5312
506.446,3,-36.7842,1.7736,-1.5306
506.457,3,-36.7737,1.7715,-1.5299
506.468,3,-36.7631,1.7690,-1.5291
506.479,3,-36.7523,1.7664,-1.5283
506.491,3,-36.7416,1.7636,-1.5274
506.502,3,-36.7305,1.7605,-1.5264
506.513,3,-36.7194,1.7576,-1.5253
506.524,3,-36.7083,1.7548,-1.5241
506.536,3,-36.6970,1.7521,-1.5228
506.546,3,-36.6855,1.7496,-1.5214
506.558,3,-36.6742,1.7471,-1.5199
506.569,3,-36.6628,1.7449,-1.5184
506.581,3,-36.6511,1.7428,-1.5168
506.593,3,-36.6394,1.7410,-1.5152
506.604,3,-36.6275,1.7397,-1.5134
506.615,3,-36.6157,1.7388,-1.5115
506.626,3,-36.6036,1.7381,-1.5095
506.638,3,-36.5913,1.7378,-1.5075
506.648,3,-36.5791,1.7377,-1.5054
506.660,3,-36.5668,1.7381,-1.5031
506.672,3,-36.5547,1.7384,-1.5008
506.683,3,-36.5425,1.7391,-1.4985
506.695,3,-36.5301,1.7406,-1.4961
506.707,3,-36.5061,1.7436,-1.4916
506.718,3,-36.4945,1.7459,-1.4893
506.734,3,-36.4831,1.7488,-1.4870
506.745,3,-36.4711,1.7517,-1.4850
506.756,3,-36.4592,1.7544,-1.4829
506.767,3,-36.4473,1.7572,-1.4810
506.779,3,-36.4358,1.7600,-1.4793
506.790,3,-36.4242,1.7623,-1.4778
506.802,3,-36.4130,1.7645,-1.4768
506.813,3,-36.4020,1.7669,-1.4757
506.824,3,-36.3911,1.7694,-1.4747
506.836,3,-36.3802,1.7716,-1.4740
506.847,3,-36.3694,1.7738,-1.4733
506.858,3,-36.3587,1.7759,-1.4729
506.870,3,-36.3482,1.7780,-1.4728
506.881,3,-36.3380,1.7802,-1.4728
506.894,3,-36.3277,1.7822,-1.4728
506.906,3,-36.3177,1.7840,-1.4730
506.918,3,-36.3077,1.7854,-1.4733
506.929,3,-36.2978,1.7867,-1.4736
506.940,3,-36.2879,1.7878,-1.4738
506.952,3,-36.2679,1.7900,-1.4744
506.963,3,-36.2581,1.7904,-1.4749
506.978,3,-36.2481,1.7902,-1.4755
506.989,3,-36.2381,1.7898,-1.4760
507.001,3,-36.2281,1.7891,-1.4767
507.013,3,-36.2179,1.7881,-1.4773
507.024,3,-36.2078,1.7866,-1.4781
507.037,3,-36.1973,1.7851,-1.4787
507.049,3,-36.1869,1.7831,-1.4795
507.062,3,-36.1765,1.7811,-1.4804
507.074,3,-36.1558,1.7773,-1.4822
507.086,3,-36.1457,1.7749,-1.4834
507.099,3,-36.1351,1.7725,-1.4847
507.111,3,-36.1245,1.7703,-1.4861
507.122,3,-36.1137,1.7681,-1.4874
507.134,3,-36.1030,1.7660,-1.4889
507.145,3,-36.0922,1.7639,-1.4903
507.158,3,-36.0816,1.7619,-1.4919
507.170,3,-36.0709,1.7601,-1.4936
507.182,3,-36.0602,1.7583,-1.4954
507.193,3,-36.0495,1.7568,-1.4973
507.205,3,-36.0388,1.7553,-1.4992
507.219,3,-36.0281,1.7540,-1.5012
507.232,3,-36.0066,1.7510,-1.5050
507.244,3,-35.9961,1.7499,-1.5069
507.256,3,-35.9853,1.7489,-1.5090
507.267,3,-35.9744,1.7482,-1.5110
507.279,3,-35.9638,1.7478,-1.5130
507.291,3,-35.9531,1.7473,-1.5150
507.302,3,-35.9425,1.7468,-1.5169
507.314,3,-35.9319,1.7470,-1.5188
507.325,3,-35.9213,1.7482,-1.5206
507.337,3,-35.9109,1.7499,-1.5223
507.349,3,-35.9007,1.7516,-1.5240
507.360,3,-35.8905,1.7536,-1.5256
507.372,3,-35.8801,1.7555,-1.5271
507.383,3,-35.8697,1.7577,-1.5284
507.394,3,-35.8594,1.7597,-1.5296
507.405,3,-35.8493,1.7617,-1.5306
507.417,3,-35.8393,1.7636,-1.5315
507.428,3,-35.8294,1.7655,-1.5322
507.439,3,-35.8200,1.7673,-1.5330
507.450,3,-35.8104,1.7692,-1.5333
507.460,3,-35.8009,1.7711,-1.5335
507.472,3,-35.7919,1.7729,-1.5335
507.483,3,-35.7830,1.7748,-1.5332
507.495,3,-35.7744,1.7767,-1.5328
507.506,3,-35.7659,1.7786,-1.5324
507.517,3,-35.7576,1.7804,-1.5319
507.528,3,-35.7496,1.7818,-1.5313
507.539,3,-35.7415,1.7831,-1.5305
507.550,3,-35.7339,1.7844,-1.5298
507.560,3,-35.7262,1.7857,-1.5292
507.572,3,-35.7184,1.7870,-1.5284
507.583,3,-35.7108,1.7883,-1.5277
507.594,3,-35.7030,1.7895,-1.5268
507.606,3,-35.6955,1.7901,-1.5261
507.617,3,-35.6880,1.7906,-1.5254
507.628,3,-35.6806,1.7907,-1.5246
507.639,3,-35.6731,1.7905,-1.5237
507.650,3,-35.6659,1.7900,-1.5228
507.660,3,-35.6587,1.7896,-1.5219
507.672,3,-35.6517,1.7888,-1.5210
507.683,3,-35.6447,1.7880,-1.5200
507.694,3,-35.6381,1.7872,-1.5190
507.707,3,-35.6313,1.7863,-1.5177
507.718,3,-35.6243,1.7854,-1.5163
507.729,3,-35.6176,1.7844,-1.5149
507.740,3,-35.6108,1.7832,-1.5134
507.750,3,-35.6042,1.7820,-1.5118
507.761,3,-35.5976,1.7807,-1.5100
507.772,3,-35.5913,1.7796,-1.5082
507.783,3,-35.5851,1.7785,-1.5064
507.794,3,-35.5790,1.7775,-1.5044
507.806,3,-35.5668,1.7757,-1.5004
507.817,3,-35.5608,1.7751,-1.4980
507.834,3,-35.5549,1.7746,-1.4953
507.845,3,-35.5490,1.7742,-1.4927
507.856,3,-35.5431,1.7737,-1.4901
507.867,3,-35.5372,1.7733,-1.4874
507.879,3,-35.5312,1.7733,-1.4847
507.889,3,-35.5252,1.7734,-1.4819
507.901,3,-35.5192,1.7738,-1.4792
507.912,3,-35.5130,1.7748,-1.4762
507.923,3,-35.5069,1.7760,-1.4734
507.934,3,-35.5007,1.7778,-1.4705
507.946,3,-35.4949,1.7792,-1.4677
507.957,3,-35.4891,1.7803,-1.4649
507.968,3,-35.4832,1.7815,-1.4622
507.981,3,-35.4777,1.7830,-1.4598
507.998,3,-35.4663,1.7856,-1.4550
508.019,3,-35.4554,1.7882,-1.4510
508.041,3,-35.4449,1.7901,-1.4473
508.053,3,-35.4397,1.7908,-1.4456
508.066,3,-35.4347,1.7914,-1.4441
508.078,3,-35.4298,1.7919,-1.4428
508.089,3,-35.4251,1.7925,-1.4415
508.100,3,-35.4208,1.7930,-1.4404
508.112,3,-35.4167,1.7932,-1.4395
508.123,3,-35.4129,1.7932,-1.4387
508.135,3,-35.4092,1.7931,-1.4381
508.146,3,-35.4054,1.7932,-1.4374
508.156,3,-35.4019,1.7932,-1.4369
508.168,3,-35.3987,1.7932,-1.4364
508.179,3,-35.3954,1.7932,-1.4360
508.191,3,-35.3927,1.7929,-1.4359
508.202,3,-35.3899,1.7926,-1.4356
508.214,3,-35.3874,1.7921,-1.4357
508.226,3,-35.3853,1.7915,-1.4356
508.237,3,-35.3833,1.7907,-1.4356
508.248,3,-35.3815,1.7899,-1.4357
508.260,3,-35.3798,1.7892,-1.4358
508.272,3,-35.3784,1.7885,-1.4359
508.283,3,-35.3771,1.7879,-1.4361
508.294,3,-35.3761,1.7873,-1.4362
508.307,3,-35.3751,1.7869,-1.4366
508.318,3,-35.3727,1.7858,-1.4372
508.330,3,-35.3717,1.7854,-1.4376
508.344,3,-35.3712,1.7849,-1.4387
508.356,3,-35.3704,1.7846,-1.4392
508.368,3,-35.3695,1.7845,-1.4398
508.379,3,-35.3688,1.7847,-1.4406
508.390,3,-35.3682,1.7849,-1.4412
508.401,3,-35.3678,1.7850,-1.4419
508.412,3,-35.3675,1.7851,-1.4427
508.423,3,-35.3672,1.7852,-1.4435
508.435,3,-35.3670,1.7854,-1.4443
508.446,3,-35.3667,1.7857,-1.4450
508.458,3,-35.3664,1.7859,-1.4459
508.468,3,-35.3663,1.7861,-1.4470
508.479,3,-35.3661,1.7863,-1.4479
508.491,3,-35.3659,1.7865,-1.4488
508.502,3,-35.3657,1.7866,-1.4498
508.513,3,-35.3654,1.7870,-1.4507
508.523,3,-35.3649,1.7873,-1.4515
508.534,3,-35.3645,1.7876,-1.4526
508.545,3,-35.3640,1.7878,-1.4535
508.556,3,-35.3636,1.7880,-1.4546
508.566,3,-35.3632,1.7882,-1.4556
508.578,3,-35.3627,1.7884,-1.4566
508.589,3,-35.3624,1.7886,-1.4576
508.600,3,-35.3620,1.7887,-1.4585
508.611,3,-35.3616,1.7888,-1.4595
508.622,3,-35.3613,1.7888,-1.4605
508.633,3,-35.3610,1.7888,-1.4615
508.644,3,-35.3607,1.7887,-1.4624
508.655,3,-35.3604,1.7886,-1.4633
508.666,3,-35.3601,1.7884,-1.4642
508.678,3,-35.3599,1.7883,-1.4651
508.689,3,-35.3597,1.7882,-1.4660
508.699,3,-35.3595,1.7881,-1.4668
508.711,3,-35.3594,1.7879,-1.4676
508.722,3,-35.3593,1.7879,-1.4685
508.732,3,-35.3593,1.7878,-1.4694
508.744,3,-35.3593,1.7878,-1.4703

# --- Trial 4 start ---
515.877,4,-39.5365,1.7686,-1.4825
515.911,4,-39.5348,1.7682,-1.4798
515.927,4,-39.5322,1.7677,-1.4758
515.953,4,-39.5305,1.7677,-1.4732
515.975,4,-39.5288,1.7673,-1.4705
515.995,4,-39.5270,1.7668,-1.4679
516.006,4,-39.5262,1.7666,-1.4666
516.018,4,-39.5253,1.7663,-1.4653
516.038,4,-39.5235,1.7660,-1.4626
516.059,4,-39.5210,1.7656,-1.4600
516.070,4,-39.5196,1.7655,-1.4586
516.084,4,-39.5181,1.7650,-1.4574
516.105,4,-39.5151,1.7638,-1.4549
516.125,4,-39.5114,1.7625,-1.4525
516.135,4,-39.5092,1.7619,-1.4513
516.150,4,-39.5067,1.7613,-1.4502
516.161,4,-39.5041,1.7608,-1.4492
516.172,4,-39.5014,1.7602,-1.4482
516.184,4,-39.4986,1.7596,-1.4472
516.195,4,-39.4956,1.7591,-1.4465
516.206,4,-39.4924,1.7585,-1.4458
516.217,4,-39.4892,1.7579,-1.4452
516.229,4,-39.4857,1.7574,-1.4448
516.240,4,-39.4821,1.7570,-1.4446
516.251,4,-39.4785,1.7567,-1.4445
516.262,4,-39.4751,1.7562,-1.4443
516.273,4,-39.4718,1.7555,-1.4444
516.284,4,-39.4686,1.7546,-1.4445
516.295,4,-39.4653,1.7535,-1.4447
516.306,4,-39.4620,1.7525,-1.4449
516.317,4,-39.4586,1.7517,-1.4452
516.328,4,-39.4552,1.7511,-1.4455
516.339,4,-39.4516,1.7504,-1.4460
516.351,4,-39.4481,1.7497,-1.4466
516.362,4,-39.4444,1.7490,-1.4473
516.373,4,-39.4408,1.7483,-1.4479
516.384,4,-39.4371,1.7478,-1.4486
516.396,4,-39.4334,1.7472,-1.4495
516.407,4,-39.4296,1.7466,-1.4502
516.417,4,-39.4259,1.7459,-1.4512
516.429,4,-39.4220,1.7451,-1.4520
516.441,4,-39.4181,1.7444,-1.4530
516.451,4,-39.4141,1.7436,-1.4540
516.462,4,-39.4100,1.7427,-1.4552
516.474,4,-39.4060,1.7417,-1.4563
516.485,4,-39.4020,1.7406,-1.4574
516.496,4,-39.3980,1.7396,-1.4587
516.507,4,-39.3939,1.7386,-1.4599
516.518,4,-39.3899,1.7377,-1.4613
516.529,4,-39.3859,1.7366,-1.4627
516.541,4,-39.3818,1.7357,-1.4643
516.552,4,-39.3778,1.7348,-1.4659
516.562,4,-39.3735,1.7341,-1.4675
516.573,4,-39.3694,1.7334,-1.4694
516.584,4,-39.3651,1.7329,-1.4713
516.595,4,-39.3608,1.7324,-1.4734
516.606,4,-39.3565,1.7320,-1.4756
516.618,4,-39.3523,1.7315,-1.4779
516.628,4,-39.3480,1.7310,-1.4803
516.640,4,-39.3436,1.7303,-1.4829
516.651,4,-39.3394,1.7294,-1.4855
516.661,4,-39.3352,1.7285,-1.4881
516.672,4,-39.3303,1.7290,-1.4910
516.684,4,-39.3243,1.7312,-1.4938
516.695,4,-39.3187,1.7334,-1.4963
516.707,4,-39.3132,1.7345,-1.4991
516.718,4,-39.3074,1.7349,-1.5020
516.729,4,-39.3016,1.7354,-1.5049
516.741,4,-39.2954,1.7364,-1.5076
516.752,4,-39.2889,1.7379,-1.5102
516.763,4,-39.2828,1.7396,-1.5126
516.774,4,-39.2771,1.7409,-1.5153
516.786,4,-39.2715,1.7413,-1.5178
516.797,4,-39.2662,1.7412,-1.5201
516.809,4,-39.2607,1.7407,-1.5224
516.820,4,-39.2555,1.7403,-1.5245
516.832,4,-39.2501,1.7401,-1.5265
516.844,4,-39.2445,1.7402,-1.5283
516.856,4,-39.2390,1.7405,-1.5303
516.868,4,-39.2332,1.7410,-1.5320
516.879,4,-39.2272,1.7413,-1.5336
516.890,4,-39.2211,1.7416,-1.5349
516.901,4,-39.2148,1.7416,-1.5364
516.912,4,-39.2084,1.7414,-1.5376
516.924,4,-39.2020,1.7413,-1.5388
516.936,4,-39.1894,1.7409,-1.5413
516.947,4,-39.1825,1.7408,-1.5422
516.961,4,-39.1756,1.7402,-1.5428
516.974,4,-39.1686,1.7394,-1.5432
516.985,4,-39.1615,1.7382,-1.5438
516.997,4,-39.1542,1.7368,-1.5441
517.008,4,-39.1467,1.7357,-1.5446
517.020,4,-39.1393,1.7345,-1.5446
517.032,4,-39.1316,1.7335,-1.5448
517.045,4,-39.1240,1.7321,-1.5447
517.056,4,-39.1161,1.7304,-1.5442
517.067,4,-39.1081,1.7289,-1.5438
517.079,4,-39.0999,1.7271,-1.5430
517.090,4,-39.0914,1.7255,-1.5424
517.102,4,-39.0829,1.7237,-1.5415
517.113,4,-39.0742,1.7223,-1.5406
517.126,4,-39.0568,1.7188,-1.5384
517.137,4,-39.0476,1.7169,-1.5368
517.151,4,-39.0382,1.7146,-1.5345
517.162,4,-39.0289,1.7127,-1.5326
517.173,4,-39.0193,1.7108,-1.5304
517.185,4,-39.0095,1.7089,-1.5281
517.196,4,-38.9995,1.7076,-1.5259
517.207,4,-38.9891,1.7062,-1.5231
517.219,4,-38.9786,1.7053,-1.5204
517.229,4,-38.9680,1.7042,-1.5173
517.241,4,-38.9571,1.7040,-1.5141
517.252,4,-38.9462,1.7038,-1.5111
517.264,4,-38.9351,1.7038,-1.5077
517.275,4,-38.9237,1.7045,-1.5045
517.287,4,-38.9122,1.7054,-1.5009
517.298,4,-38.9006,1.7068,-1.4974
517.309,4,-38.8886,1.7085,-1.4937
517.321,4,-38.8770,1.7104,-1.4900
517.333,4,-38.8657,1.7118,-1.4865
517.345,4,-38.8544,1.7133,-1.4833
517.359,4,-38.8437,1.7143,-1.4803
517.373,4,-38.8222,1.7164,-1.4742
517.385,4,-38.8121,1.7176,-1.4715
517.396,4,-38.8019,1.7191,-1.4691
517.407,4,-38.7918,1.7207,-1.4669
517.418,4,-38.7819,1.7221,-1.4649
517.429,4,-38.7718,1.7241,-1.4632
517.440,4,-38.7618,1.7257,-1.4613
517.451,4,-38.7518,1.7278,-1.4597
517.462,4,-38.7419,1.7301,-1.4587
517.473,4,-38.7321,1.7324,-1.4574
517.485,4,-38.7224,1.7349,-1.4566
517.495,4,-38.7127,1.7373,-1.4562
517.505,4,-38.7027,1.7398,-1.4557
517.517,4,-38.6928,1.7416,-1.4552
517.528,4,-38.6828,1.7433,-1.4548
517.539,4,-38.6729,1.7448,-1.4546
517.550,4,-38.6630,1.7458,-1.4543
517.561,4,-38.6531,1.7465,-1.4544
517.573,4,-38.6430,1.7472,-1.4546
517.583,4,-38.6329,1.7473,-1.4547
517.594,4,-38.6228,1.7469,-1.4549
517.605,4,-38.6125,1.7460,-1.4553
517.616,4,-38.6022,1.7450,-1.4556
517.627,4,-38.5915,1.7434,-1.4561
517.639,4,-38.5810,1.7416,-1.4565
517.650,4,-38.5700,1.7403,-1.4573
517.661,4,-38.5590,1.7384,-1.4580
517.672,4,-38.5476,1.7365,-1.4591
517.684,4,-38.5365,1.7342,-1.4599
517.694,4,-38.5250,1.7319,-1.4610
517.705,4,-38.5136,1.7294,-1.4621
517.717,4,-38.5019,1.7270,-1.4635
517.728,4,-38.4900,1.7250,-1.4650
517.738,4,-38.4781,1.7229,-1.4666
517.750,4,-38.4659,1.7212,-1.4684
517.760,4,-38.4537,1.7193,-1.4701
517.772,4,-38.4414,1.7174,-1.4719
517.783,4,-38.4291,1.7156,-1.4738
517.794,4,-38.4167,1.7142,-1.4758
517.806,4,-38.4040,1.7132,-1.4782
517.817,4,-38.3915,1.7125,-1.4805
517.828,4,-38.3787,1.7122,-1.4829
517.839,4,-38.3659,1.7120,-1.4853
517.850,4,-38.3530,1.7117,-1.4877
517.861,4,-38.3400,1.7119,-1.4901
517.873,4,-38.3269,1.7120,-1.4925
517.884,4,-38.3132,1.7134,-1.4953
517.895,4,-38.2997,1.7152,-1.4977
517.906,4,-38.2860,1.7177,-1.5002
517.918,4,-38.2728,1.7200,-1.5025
517.929,4,-38.2599,1.7220,-1.5046
517.940,4,-38.2469,1.7240,-1.5065
517.951,4,-38.2343,1.7256,-1.5081
517.963,4,-38.2220,1.7272,-1.5097
517.981,4,-38.2107,1.7287,-1.5107
517.995,4,-38.1870,1.7320,-1.5135
518.006,4,-38.1759,1.7341,-1.5142
518.018,4,-38.1647,1.7366,-1.5149
518.029,4,-38.1538,1.7391,-1.5155
518.041,4,-38.1427,1.7418,-1.5158
518.052,4,-38.1316,1.7448,-1.5163
518.063,4,-38.1202,1.7480,-1.5164
518.075,4,-38.1092,1.7509,-1.5165
518.087,4,-38.0983,1.7536,-1.5163
518.098,4,-38.0873,1.7562,-1.5162
518.111,4,-38.0764,1.7582,-1.5158
518.127,4,-38.0537,1.7623,-1.5156
518.147,4,-38.0307,1.7650,-1.5150
518.158,4,-38.0193,1.7656,-1.5146
518.173,4,-38.0078,1.7652,-1.5140
518.184,4,-37.9963,1.7645,-1.5135
518.195,4,-37.9846,1.7635,-1.5129
518.207,4,-37.9726,1.7621,-1.5124
518.218,4,-37.9606,1.7604,-1.5117
518.230,4,-37.9485,1.7581,-1.5111
518.242,4,-37.9365,1.7554,-1.5104
518.253,4,-37.9248,1.7524,-1.5095
518.264,4,-37.9130,1.7493,-1.5086
518.275,4,-37.9007,1.7463,-1.5076
518.286,4,-37.8883,1.7434,-1.5067
518.298,4,-37.8757,1.7406,-1.5056
518.310,4,-37.8629,1.7381,-1.5045
518.321,4,-37.8499,1.7356,-1.5032
518.333,4,-37.8371,1.7333,-1.5018
518.344,4,-37.8241,1.7311,-1.5003
518.356,4,-37.8109,1.7292,-1.4988
518.367,4,-37.7977,1.7276,-1.4972
518.379,4,-37.7843,1.7261,-1.4955
518.390,4,-37.7706,1.7250,-1.4938
518.401,4,-37.7570,1.7241,-1.4920
518.412,4,-37.7433,1.7233,-1.4901
518.423,4,-37.7298,1.7229,-1.4883
518.434,4,-37.7162,1.7228,-1.4865
518.446,4,-37.7025,1.7233,-1.4847
518.457,4,-37.6887,1.7248,-1.4828
518.469,4,-37.6616,1.7268,-1.4791
518.479,4,-37.6479,1.7285,-1.4772
518.495,4,-37.6343,1.7306,-1.4755
518.506,4,-37.6210,1.7324,-1.4738
518.517,4,-37.6078,1.7342,-1.4723
518.529,4,-37.5948,1.7360,-1.4713
518.539,4,-37.5824,1.7375,-1.4705
518.551,4,-37.5701,1.7393,-1.4700
518.561,4,-37.5578,1.7413,-1.4694
518.573,4,-37.5458,1.7438,-1.4692
518.583,4,-37.5339,1.7462,-1.4690
518.595,4,-37.5221,1.7488,-1.4691
518.606,4,-37.5104,1.7517,-1.4693
518.617,4,-37.4989,1.7545,-1.4696
518.628,4,-37.4875,1.7573,-1.4700
518.639,4,-37.4763,1.7600,-1.4705
518.650,4,-37.4653,1.7625,-1.4710
518.661,4,-37.4540,1.7648,-1.4714
518.673,4,-37.4428,1.7668,-1.4719
518.684,4,-37.4313,1.7688,-1.4724
518.694,4,-37.4200,1.7704,-1.4729
518.706,4,-37.4085,1.7717,-1.4735
518.717,4,-37.3970,1.7728,-1.4741
518.728,4,-37.3855,1.7735,-1.4746
518.738,4,-37.3738,1.7736,-1.4752
518.750,4,-37.3621,1.7732,-1.4758
518.761,4,-37.3501,1.7724,-1.4764
518.772,4,-37.3382,1.7712,-1.4771
518.783,4,-37.3262,1.7696,-1.4779
518.794,4,-37.3141,1.7678,-1.4788
518.805,4,-37.3019,1.7653,-1.4796
518.816,4,-37.2896,1.7627,-1.4806
518.828,4,-37.2772,1.7597,-1.4816
518.838,4,-37.2648,1.7571,-1.4826
518.849,4,-37.2522,1.7542,-1.4838
518.861,4,-37.2397,1.7516,-1.4850
518.873,4,-37.2271,1.7490,-1.4863
518.884,4,-37.2144,1.7464,-1.4876
518.895,4,-37.2016,1.7438,-1.4891
518.906,4,-37.1886,1.7414,-1.4906
518.917,4,-37.1756,1.7392,-1.4921
518.928,4,-37.1624,1.7376,-1.4938
518.940,4,-37.1491,1.7362,-1.4956
518.952,4,-37.1358,1.7351,-1.4976
518.963,4,-37.1227,1.7339,-1.4994
518.976,4,-37.1093,1.7333,-1.5014
518.989,4,-37.0960,1.7327,-1.5034
519.000,4,-37.0827,1.7324,-1.5056
519.012,4,-37.0694,1.7323,-1.5077
519.023,4,-37.0559,1.7335,-1.5098
519.035,4,-37.0425,1.7352,-1.5118
519.046,4,-37.0293,1.7366,-1.5138
519.057,4,-37.0163,1.7387,-1.5157
519.070,4,-36.9904,1.7418,-1.5193
519.081,4,-36.9778,1.7439,-1.5206
519.094,4,-36.9658,1.7458,-1.5216
519.107,4,-36.9537,1.7477,-1.5227
519.120,4,-36.9419,1.7496,-1.5233
519.132,4,-36.9303,1.7518,-1.5238
519.143,4,-36.9187,1.7542,-1.5242
519.156,4,-36.9073,1.7566,-1.5245
519.168,4,-36.8963,1.7589,-1.5245
519.179,4,-36.8851,1.7615,-1.5245
519.191,4,-36.8741,1.7640,-1.5243
519.202,4,-36.8518,1.7687,-1.5242
519.214,4,-36.8411,1.7707,-1.5237
519.228,4,-36.8306,1.7724,-1.5230
519.239,4,-36.8199,1.7739,-1.5225
519.251,4,-36.8089,1.7753,-1.5220
519.262,4,-36.7980,1.7763,-1.5215
519.273,4,-36.7869,1.7772,-1.5209
519.284,4,-36.7758,1.7777,-1.5202
519.296,4,-36.7647,1.7776,-1.5196
519.308,4,-36.7535,1.7772,-1.5189
519.320,4,-36.7421,1.7762,-1.5183
519.332,4,-36.7308,1.7749,-1.5176
519.343,4,-36.7195,1.7733,-1.5168
519.355,4,-36.7081,1.7715,-1.5159
519.366,4,-36.6967,1.7691,-1.5149
519.379,4,-36.6851,1.7663,-1.5138
519.394,4,-36.6621,1.7610,-1.5116
519.405,4,-36.6502,1.7575,-1.5103
519.417,4,-36.6382,1.7543,-1.5092
519.429,4,-36.6260,1.7511,-1.5078
519.440,4,-36.6136,1.7481,-1.5061
519.452,4,-36.6011,1.7452,-1.5045
519.463,4,-36.5885,1.7425,-1.5027
519.475,4,-36.5761,1.7398,-1.5008
519.487,4,-36.5635,1.7374,-1.4987
519.498,4,-36.5510,1.7353,-1.4965
519.510,4,-36.5382,1.7336,-1.4944
519.522,4,-36.5256,1.7323,-1.4922
519.533,4,-36.5127,1.7311,-1.4898
519.545,4,-36.4997,1.7307,-1.4874
519.556,4,-36.4862,1.7305,-1.4849
519.567,4,-36.4729,1.7303,-1.4823
519.579,4,-36.4600,1.7304,-1.4798
519.590,4,-36.4471,1.7310,-1.4772
519.602,4,-36.4210,1.7329,-1.4720
519.613,4,-36.4082,1.7354,-1.4695
519.628,4,-36.3958,1.7379,-1.4669
519.639,4,-36.3829,1.7404,-1.4643
519.650,4,-36.3702,1.7430,-1.4620
519.660,4,-36.3576,1.7456,-1.4597
519.672,4,-36.3451,1.7482,-1.4578
519.683,4,-36.3330,1.7506,-1.4558
519.694,4,-36.3212,1.7528,-1.4542
519.705,4,-36.3098,1.7549,-1.4530
519.716,4,-36.2984,1.7572,-1.4518
519.727,4,-36.2873,1.7596,-1.4510
519.739,4,-36.2764,1.7620,-1.4502
519.750,4,-36.2656,1.7645,-1.4496
519.761,4,-36.2550,1.7669,-1.4493
519.772,4,-36.2445,1.7694,-1.4490
519.783,4,-36.2342,1.7719,-1.4489
519.794,4,-36.2239,1.7742,-1.4488
519.805,4,-36.2138,1.7765,-1.4489
519.816,4,-36.2037,1.7784,-1.4490
519.827,4,-36.1937,1.7800,-1.4491
519.839,4,-36.1836,1.7815,-1.4493
519.849,4,-36.1737,1.7828,-1.4493
519.861,4,-36.1639,1.7836,-1.4495
519.872,4,-36.1539,1.7842,-1.4496
519.883,4,-36.1440,1.7847,-1.4498
519.894,4,-36.1341,1.7847,-1.4500
519.905,4,-36.1244,1.7842,-1.4503
519.916,4,-36.1146,1.7835,-1.4507
519.927,4,-36.1049,1.7823,-1.4512
519.938,4,-36.0951,1.7811,-1.4516
519.949,4,-36.0854,1.7794,-1.4520
519.961,4,-36.0754,1.7777,-1.4526
519.972,4,-36.0656,1.7759,-1.4533
519.983,4,-36.0555,1.7738,-1.4540
519.994,4,-36.0455,1.7716,-1.4547
520.005,4,-36.0354,1.7695,-1.4555
520.016,4,-36.0254,1.7671,-1.4564
520.027,4,-36.0153,1.7647,-1.4575
520.038,4,-36.0053,1.7623,-1.4586
520.049,4,-35.9952,1.7599,-1.4597
520.062,4,-35.9851,1.7574,-1.4610
520.079,4,-35.9646,1.7524,-1.4637
520.102,4,-35.9438,1.7478,-1.4668
520.113,4,-35.9332,1.7459,-1.4685
520.128,4,-35.9223,1.7444,-1.4702
520.147,4,-35.9115,1.7430,-1.4721
520.162,4,-35.8905,1.7395,-1.4754
520.174,4,-35.8799,1.7380,-1.4771
520.185,4,-35.8693,1.7370,-1.4791
520.195,4,-35.8586,1.7360,-1.4809
520.207,4,-35.8478,1.7353,-1.4828
520.219,4,-35.8373,1.7344,-1.4848
520.230,4,-35.8269,1.7333,-1.4867
520.242,4,-35.8165,1.7324,-1.4886
520.254,4,-35.8061,1.7329,-1.4905
520.265,4,-35.7959,1.7343,-1.4922
520.276,4,-35.7856,1.7358,-1.4940
520.288,4,-35.7754,1.7381,-1.4956
520.300,4,-35.7649,1.7406,-1.4972
520.311,4,-35.7544,1.7428,-1.4987
520.322,4,-35.7437,1.7454,-1.5001
520.333,4,-35.7330,1.7481,-1.5014
520.345,4,-35.7226,1.7507,-1.5023
520.356,4,-35.7127,1.7532,-1.5032
520.368,4,-35.7031,1.7556,-1.5040
520.378,4,-35.6940,1.7578,-1.5047
520.390,4,-35.6853,1.7599,-1.5050
520.401,4,-35.6767,1.7621,-1.5052
520.412,4,-35.6685,1.7643,-1.5052
520.424,4,-35.6604,1.7665,-1.5050
520.435,4,-35.6442,1.7708,-1.5050
520.447,4,-35.6371,1.7726,-1.5048
520.461,4,-35.6302,1.7745,-1.5041
520.472,4,-35.6230,1.7768,-1.5037
520.484,4,-35.6157,1.7791,-1.5030
520.495,4,-35.6083,1.7814,-1.5023
520.506,4,-35.6013,1.7834,-1.5016
520.516,4,-35.5943,1.7851,-1.5008
520.528,4,-35.5877,1.7864,-1.5000
520.539,4,-35.5811,1.7875,-1.4991
520.550,4,-35.5748,1.7881,-1.4982
520.562,4,-35.5686,1.7885,-1.4972
520.574,4,-35.5627,1.7887,-1.4962
520.585,4,-35.5569,1.7889,-1.4951
520.596,4,-35.5514,1.7889,-1.4939
520.607,4,-35.5463,1.7887,-1.4926
520.619,4,-35.5411,1.7885,-1.4912
520.630,4,-35.5363,1.7882,-1.4899
520.642,4,-35.5315,1.7878,-1.4884
520.655,4,-35.5270,1.7874,-1.4870
520.668,4,-35.5228,1.7869,-1.4855
520.679,4,-35.5186,1.7863,-1.4840
520.689,4,-35.5100,1.7852,-1.4810
520.700,4,-35.5066,1.7844,-1.4795
520.716,4,-35.5038,1.7838,-1.4781
520.726,4,-35.5007,1.7832,-1.4767
520.738,4,-35.4976,1.7827,-1.4751
520.750,4,-35.4950,1.7820,-1.4735
520.761,4,-35.4920,1.7817,-1.4720
520.772,4,-35.4892,1.7817,-1.4706
520.782,4,-35.4865,1.7820,-1.4691
520.794,4,-35.4839,1.7826,-1.4676
520.805,4,-35.4816,1.7831,-1.4664
520.816,4,-35.4792,1.7835,-1.4650
520.827,4,-35.4772,1.7840,-1.4639
520.838,4,-35.4752,1.7847,-1.4628
520.849,4,-35.4731,1.7855,-1.4618
520.860,4,-35.4711,1.7864,-1.4607
520.871,4,-35.4691,1.7872,-1.4597
520.882,4,-35.4671,1.7880,-1.4586
520.893,4,-35.4653,1.7886,-1.4577
520.905,4,-35.4635,1.7890,-1.4568
520.916,4,-35.4618,1.7894,-1.4560
520.927,4,-35.4601,1.7899,-1.4552
520.938,4,-35.4583,1.7904,-1.4544
520.949,4,-35.4566,1.7908,-1.4537
520.961,4,-35.4550,1.7912,-1.4529
520.979,4,-35.4516,1.7918,-1.4516
521.001,4,-35.4485,1.7920,-1.4508
521.012,4,-35.4468,1.7923,-1.4503
521.026,4,-35.4451,1.7924,-1.4502
521.038,4,-35.4434,1.7928,-1.4499
521.048,4,-35.4417,1.7929,-1.4497
521.060,4,-35.4401,1.7929,-1.4495
521.072,4,-35.4385,1.7928,-1.4494
521.090,4,-35.4354,1.7925,-1.4494
521.112,4,-35.4325,1.7922,-1.4496
521.124,4,-35.4311,1.7919,-1.4498
521.138,4,-35.4297,1.7917,-1.4500
521.151,4,-35.4284,1.7914,-1.4502
521.162,4,-35.4271,1.7912,-1.4504
521.173,4,-35.4257,1.7910,-1.4506
521.185,4,-35.4244,1.7907,-1.4509
521.196,4,-35.4231,1.7903,-1.4511
521.207,4,-35.4219,1.7900,-1.4514
521.219,4,-35.4208,1.7896,-1.4519
521.230,4,-35.4197,1.7892,-1.4523
521.241,4,-35.4187,1.7889,-1.4527
521.252,4,-35.4177,1.7886,-1.4531
521.263,4,-35.4166,1.7885,-1.4537
521.276,4,-35.4155,1.7883,-1.4541
521.287,4,-35.4145,1.7882,-1.4545
521.299,4,-35.4134,1.7880,-1.4549
521.310,4,-35.4125,1.7879,-1.4554
521.322,4,-35.4116,1.7878,-1.4559
521.333,4,-35.4108,1.7878,-1.4563
521.344,4,-35.4101,1.7878,-1.4567
521.355,4,-35.4094,1.7877,-1.4571
521.367,4,-35.4088,1.7876,-1.4576
521.380,4,-35.4074,1.7873,-1.4584
521.390,4,-35.4069,1.7872,-1.4588
521.405,4,-35.4063,1.7870,-1.4594
521.418,4,-35.4058,1.7869,-1.4597
521.433,4,-35.4054,1.7869,-1.4603
521.444,4,-35.4049,1.7869,-1.4607

# --- Trial 5 start ---
528.515,5,-39.5212,1.7665,-1.4484
528.549,5,-39.5208,1.7663,-1.4486
528.572,5,-39.5204,1.7659,-1.4488
528.590,5,-39.5202,1.7657,-1.4490
528.609,5,-39.5198,1.7655,-1.4492
528.619,5,-39.5196,1.7654,-1.4492
528.634,5,-39.5195,1.7653,-1.4492
528.645,5,-39.5193,1.7652,-1.4492
528.657,5,-39.5191,1.7651,-1.4492
528.667,5,-39.5189,1.7651,-1.4491
528.679,5,-39.5187,1.7651,-1.4491
528.693,5,-39.5185,1.7650,-1.4490
528.712,5,-39.5180,1.7650,-1.4487
528.723,5,-39.5179,1.7650,-1.4484
528.734,5,-39.5176,1.7650,-1.4481
528.744,5,-39.5173,1.7650,-1.4478
528.756,5,-39.5169,1.7651,-1.4474
528.767,5,-39.5164,1.7652,-1.4470
528.778,5,-39.5158,1.7654,-1.4465
528.789,5,-39.5152,1.7655,-1.4459
528.800,5,-39.5145,1.7656,-1.4452
528.811,5,-39.5137,1.7656,-1.4446
528.822,5,-39.5128,1.7657,-1.4438
528.832,5,-39.5117,1.7656,-1.4429
528.844,5,-39.5104,1.7655,-1.4420
528.856,5,-39.5091,1.7652,-1.4409
528.867,5,-39.5077,1.7649,-1.4399
528.878,5,-39.5061,1.7645,-1.4388
528.889,5,-39.5047,1.7640,-1.4376
528.900,5,-39.5030,1.7636,-1.4366
528.912,5,-39.5010,1.7631,-1.4354
528.923,5,-39.4990,1.7626,-1.4344
528.934,5,-39.4967,1.7620,-1.4333
528.945,5,-39.4945,1.7614,-1.4323
528.957,5,-39.4921,1.7606,-1.4314
528.969,5,-39.4896,1.7599,-1.4306
528.980,5,-39.4872,1.7591,-1.4298
528.990,5,-39.4845,1.7582,-1.4291
529.001,5,-39.4816,1.7575,-1.4285
529.013,5,-39.4785,1.7567,-1.4280
529.023,5,-39.4753,1.7560,-1.4275
529.034,5,-39.4721,1.7554,-1.4271
529.046,5,-39.4689,1.7552,-1.4268
529.057,5,-39.4657,1.7550,-1.4266
529.068,5,-39.4627,1.7547,-1.4265
529.079,5,-39.4596,1.7543,-1.4264
529.090,5,-39.4565,1.7539,-1.4265
529.101,5,-39.4534,1.7535,-1.4266
529.112,5,-39.4503,1.7531,-1.4268
529.123,5,-39.4472,1.7528,-1.4271
529.134,5,-39.4440,1.7524,-1.4275
529.144,5,-39.4408,1.7521,-1.4280
529.157,5,-39.4374,1.7519,-1.4285
529.167,5,-39.4341,1.7517,-1.4291
529.179,5,-39.4307,1.7514,-1.4297
529.189,5,-39.4272,1.7512,-1.4305
529.201,5,-39.4237,1.7509,-1.4313
529.213,5,-39.4201,1.7507,-1.4323
529.224,5,-39.4167,1.7504,-1.4333
529.235,5,-39.4132,1.7501,-1.4344
529.246,5,-39.4099,1.7495,-1.4356
529.257,5,-39.4065,1.7490,-1.4368
529.268,5,-39.4031,1.7484,-1.4381
529.279,5,-39.3998,1.7477,-1.4395
529.290,5,-39.3966,1.7472,-1.4409
529.301,5,-39.3933,1.7467,-1.4424
529.312,5,-39.3900,1.7463,-1.4440
529.324,5,-39.3867,1.7460,-1.4458
529.334,5,-39.3832,1.7456,-1.4475
529.346,5,-39.3799,1.7451,-1.4495
529.357,5,-39.3766,1.7445,-1.4515
529.368,5,-39.3734,1.7435,-1.4536
529.379,5,-39.3703,1.7426,-1.4558
529.390,5,-39.3664,1.7429,-1.4582
529.401,5,-39.3616,1.7453,-1.4604
529.412,5,-39.3575,1.7470,-1.4626
529.423,5,-39.3538,1.7477,-1.4650
529.434,5,-39.3493,1.7477,-1.4675
529.446,5,-39.3450,1.7474,-1.4700
529.457,5,-39.3406,1.7479,-1.4724
529.468,5,-39.3358,1.7485,-1.4746
529.479,5,-39.3312,1.7498,-1.4769
529.490,5,-39.3270,1.7509,-1.4793
529.502,5,-39.3227,1.7515,-1.4816
529.517,5,-39.3188,1.7512,-1.4838
529.528,5,-39.3147,1.7507,-1.4860
529.540,5,-39.3105,1.7502,-1.4880
529.551,5,-39.3062,1.7500,-1.4900
529.562,5,-39.3015,1.7501,-1.4919
529.573,5,-39.2971,1.7503,-1.4939
529.586,5,-39.2882,1.7505,-1.4978
529.597,5,-39.2835,1.7506,-1.4992
529.612,5,-39.2785,1.7502,-1.5007
529.623,5,-39.2737,1.7497,-1.5021
529.634,5,-39.2687,1.7493,-1.5037
529.645,5,-39.2639,1.7489,-1.5050
529.657,5,-39.2591,1.7488,-1.5065
529.668,5,-39.2541,1.7486,-1.5076
529.680,5,-39.2491,1.7485,-1.5084
529.698,5,-39.2387,1.7482,-1.5100
529.720,5,-39.2275,1.7480,-1.5111
529.731,5,-39.2216,1.7480,-1.5113
529.745,5,-39.2152,1.7484,-1.5114
529.757,5,-39.2092,1.7484,-1.5114
529.768,5,-39.2029,1.7479,-1.5113
529.780,5,-39.1966,1.7470,-1.5108
529.791,5,-39.1902,1.7461,-1.5103
529.803,5,-39.1833,1.7449,-1.5096
529.820,5,-39.1697,1.7432,-1.5086
529.842,5,-39.1546,1.7405,-1.5064
529.854,5,-39.1471,1.7387,-1.5052
529.867,5,-39.1393,1.7368,-1.5039
529.879,5,-39.1314,1.7346,-1.5023
529.890,5,-39.1235,1.7328,-1.5010
529.901,5,-39.1157,1.7308,-1.4995
529.913,5,-39.1077,1.7291,-1.4979
529.925,5,-39.0994,1.7272,-1.4960
529.937,5,-39.0910,1.7251,-1.4940
529.948,5,-39.0823,1.7232,-1.4920
529.960,5,-39.0733,1.7213,-1.4896
529.973,5,-39.0641,1.7199,-1.4876
529.984,5,-39.0549,1.7186,-1.4852
529.997,5,-39.0366,1.7161,-1.4808
530.007,5,-39.0269,1.7151,-1.4781
530.022,5,-39.0172,1.7142,-1.4751
530.034,5,-39.0073,1.7133,-1.4721
530.046,5,-38.9973,1.7130,-1.4692
530.057,5,-38.9868,1.7131,-1.4663
530.069,5,-38.9761,1.7135,-1.4632
530.081,5,-38.9654,1.7141,-1.4600
530.093,5,-38.9545,1.7149,-1.4566
530.105,5,-38.9431,1.7169,-1.4533
530.117,5,-38.9316,1.7189,-1.4497
530.128,5,-38.9202,1.7205,-1.4462
530.139,5,-38.9085,1.7222,-1.4429
530.151,5,-38.8970,1.7237,-1.4395
530.161,5,-38.8857,1.7251,-1.4362
530.172,5,-38.8746,1.7264,-1.4330
530.184,5,-38.8638,1.7276,-1.4301
530.195,5,-38.8535,1.7285,-1.4273
530.207,5,-38.8324,1.7302,-1.4218
530.230,5,-38.8122,1.7313,-1.4173
530.253,5,-38.7920,1.7323,-1.4132
530.264,5,-38.7822,1.7330,-1.4115
530.280,5,-38.7729,1.7339,-1.4103
530.297,5,-38.7536,1.7361,-1.4073
530.319,5,-38.7350,1.7382,-1.4054
530.329,5,-38.7260,1.7388,-1.4049
530.344,5,-38.7171,1.7392,-1.4046
530.356,5,-38.7084,1.7396,-1.4043
530.366,5,-38.6991,1.7402,-1.4040
530.378,5,-38.6899,1.7407,-1.4040
530.388,5,-38.6805,1.7411,-1.4042
530.400,5,-38.6707,1.7419,-1.4049
530.412,5,-38.6611,1.7421,-1.4052
530.423,5,-38.6515,1.7419,-1.4056
530.434,5,-38.6419,1.7417,-1.4062
530.444,5,-38.6321,1.7411,-1.4069
530.456,5,-38.6226,1.7406,-1.4080
530.467,5,-38.6127,1.7396,-1.4091
530.478,5,-38.6029,1.7383,-1.4102
530.489,5,-38.5929,1.7366,-1.4112
530.500,5,-38.5828,1.7351,-1.4124
530.511,5,-38.5725,1.7333,-1.4138
530.523,5,-38.5620,1.7315,-1.4152
530.534,5,-38.5515,1.7299,-1.4170
530.551,5,-38.5408,1.7276,-1.4188
530.565,5,-38.5198,1.7237,-1.4222
530.579,5,-38.5090,1.7211,-1.4240
530.593,5,-38.4980,1.7187,-1.4261
530.608,5,-38.4867,1.7168,-1.4285
530.623,5,-38.4645,1.7129,-1.4329
530.643,5,-38.4413,1.7098,-1.4380
530.665,5,-38.4177,1.7072,-1.4431
530.681,5,-38.4054,1.7067,-1.4459
530.697,5,-38.3926,1.7068,-1.4490
530.731,5,-38.3675,1.7074,-1.4547
530.744,5,-38.3304,1.7088,-1.4629
530.764,5,-38.3051,1.7130,-1.4680
530.785,5,-38.2805,1.7177,-1.4726
530.796,5,-38.2683,1.7203,-1.4746
530.810,5,-38.2566,1.7226,-1.4760
530.823,5,-38.2452,1.7248,-1.4774
530.834,5,-38.2344,1.7266,-1.4787
530.846,5,-38.2236,1.7287,-1.4796
530.858,5,-38.2128,1.7309,-1.4804
530.870,5,-38.2025,1.7332,-1.4810
530.882,5,-38.1927,1.7354,-1.4813
530.894,5,-38.1830,1.7376,-1.4812
530.906,5,-38.1733,1.7401,-1.4811
530.917,5,-38.1637,1.7426,-1.4810
530.930,5,-38.1538,1.7454,-1.4808
530.941,5,-38.1340,1.7503,-1.4805
530.952,5,-38.1241,1.7524,-1.4800
530.967,5,-38.1140,1.7542,-1.4794
530.979,5,-38.1040,1.7557,-1.4787
530.990,5,-38.0936,1.7571,-1.4781
531.002,5,-38.0829,1.7583,-1.4774
531.014,5,-38.0725,1.7590,-1.4769
531.026,5,-38.0620,1.7593,-1.4762
531.039,5,-38.0513,1.7591,-1.4753
531.055,5,-38.0310,1.7583,-1.4736
531.075,5,-38.0096,1.7561,-1.4716
531.096,5,-37.9878,1.7530,-1.4696
531.107,5,-37.9768,1.7508,-1.4684
531.122,5,-37.9657,1.7481,-1.4669
531.133,5,-37.9548,1.7456,-1.4655
531.144,5,-37.9436,1.7432,-1.4640
531.156,5,-37.9325,1.7408,-1.4625
531.167,5,-37.9211,1.7386,-1.4609
531.179,5,-37.9097,1.7366,-1.4595
531.190,5,-37.8983,1.7346,-1.4578
531.202,5,-37.8869,1.7326,-1.4560
531.214,5,-37.8754,1.7309,-1.4541
531.227,5,-37.8634,1.7297,-1.4521
531.238,5,-37.8513,1.7290,-1.4500
531.250,5,-37.8392,1.7285,-1.4481
531.263,5,-37.8145,1.7277,-1.4440
531.274,5,-37.8016,1.7279,-1.4419
531.288,5,-37.7881,1.7291,-1.4394
531.299,5,-37.7746,1.7301,-1.4370
531.310,5,-37.7614,1.7315,-1.4346
531.322,5,-37.7480,1.7336,-1.4322
531.334,5,-37.7350,1.7358,-1.4298
531.345,5,-37.7221,1.7378,-1.4277
531.356,5,-37.7094,1.7397,-1.4257
531.367,5,-37.6969,1.7416,-1.4239
531.377,5,-37.6846,1.7432,-1.4221
531.389,5,-37.6726,1.7449,-1.4205
531.400,5,-37.6606,1.7465,-1.4193
531.411,5,-37.6487,1.7482,-1.4183
531.422,5,-37.6372,1.7501,-1.4176
531.433,5,-37.6254,1.7523,-1.4168
531.444,5,-37.6139,1.7547,-1.4165
531.456,5,-37.6028,1.7567,-1.4162
531.466,5,-37.5915,1.7589,-1.4162
531.477,5,-37.5803,1.7611,-1.4163
531.488,5,-37.5691,1.7635,-1.4168
531.499,5,-37.5582,1.7657,-1.4172
531.510,5,-37.5473,1.7677,-1.4177
531.522,5,-37.5367,1.7694,-1.4185
531.536,5,-37.5261,1.7708,-1.4194
531.548,5,-37.5154,1.7722,-1.4203
531.559,5,-37.5046,1.7736,-1.4211
531.570,5,-37.4937,1.7748,-1.4220
531.581,5,-37.4826,1.7759,-1.4230
531.592,5,-37.4717,1.7766,-1.4240
531.603,5,-37.4605,1.7770,-1.4250
531.613,5,-37.4495,1.7770,-1.4260
531.624,5,-37.4384,1.7768,-1.4270
531.635,5,-37.4272,1.7760,-1.4280
531.645,5,-37.4161,1.7751,-1.4292
531.656,5,-37.4048,1.7739,-1.4305
531.666,5,-37.3934,1.7725,-1.4318
531.677,5,-37.3820,1.7707,-1.4333
531.688,5,-37.3705,1.7686,-1.4347
531.700,5,-37.3590,1.7662,-1.4362
531.711,5,-37.3473,1.7637,-1.4378
531.722,5,-37.3356,1.7611,-1.4395
531.733,5,-37.3238,1.7586,-1.4412
531.745,5,-37.3119,1.7563,-1.4430
531.755,5,-37.2999,1.7540,-1.4449
531.767,5,-37.2877,1.7517,-1.4470
531.778,5,-37.2755,1.7496,-1.4489
531.790,5,-37.2632,1.7477,-1.4510
531.801,5,-37.2510,1.7459,-1.4531
531.812,5,-37.2387,1.7445,-1.4553
531.823,5,-37.2264,1.7431,-1.4575
531.834,5,-37.2140,1.7422,-1.4599
531.845,5,-37.2015,1.7412,-1.4621
531.857,5,-37.1889,1.7409,-1.4645
531.868,5,-37.1762,1.7404,-1.4669
531.880,5,-37.1637,1.7402,-1.4692
531.890,5,-37.1509,1.7408,-1.4716
531.901,5,-37.1382,1.7425,-1.4738
531.912,5,-37.1257,1.7443,-1.4759
531.923,5,-37.1135,1.7460,-1.4778
531.934,5,-37.1014,1.7477,-1.4797
531.945,5,-37.0892,1.7498,-1.4815
531.956,5,-37.0771,1.7517,-1.4830
531.967,5,-37.0653,1.7535,-1.4844
531.979,5,-37.0536,1.7551,-1.4855
531.990,5,-37.0422,1.7566,-1.4865
532.002,5,-37.0309,1.7585,-1.4872
532.013,5,-37.0198,1.7603,-1.4878
532.024,5,-37.0088,1.7624,-1.4882
532.035,5,-36.9982,1.7645,-1.4883
532.046,5,-36.9875,1.7666,-1.4884
532.057,5,-36.9769,1.7689,-1.4884
532.068,5,-36.9667,1.7712,-1.4881
532.079,5,-36.9566,1.7736,-1.4878
532.091,5,-36.9467,1.7756,-1.4873
532.103,5,-36.9365,1.7776,-1.4868
532.115,5,-36.9266,1.7794,-1.4863
532.126,5,-36.9166,1.7810,-1.4858
532.138,5,-36.9063,1.7825,-1.4855
532.149,5,-36.8961,1.7839,-1.4849
532.161,5,-36.8856,1.7850,-1.4845
532.171,5,-36.8751,1.7854,-1.4840
532.182,5,-36.8646,1.7859,-1.4835
532.193,5,-36.8539,1.7857,-1.4829
532.205,5,-36.8433,1.7855,-1.4822
532.216,5,-36.8324,1.7848,-1.4815
532.227,5,-36.8216,1.7835,-1.4808
532.240,5,-36.8106,1.7818,-1.4798
532.252,5,-36.7891,1.7792,-1.4781
532.263,5,-36.7782,1.7766,-1.4769
532.278,5,-36.7670,1.7738,-1.4757
532.290,5,-36.7559,1.7711,-1.4745
532.302,5,-36.7447,1.7686,-1.4732
532.313,5,-36.7335,1.7662,-1.4717
532.324,5,-36.7223,1.7639,-1.4702
532.335,5,-36.7110,1.7616,-1.4686
532.346,5,-36.6997,1.7595,-1.4670
532.357,5,-36.6883,1.7576,-1.4653
532.369,5,-36.6768,1.7559,-1.4635
532.380,5,-36.6654,1.7543,-1.4619
532.392,5,-36.6538,1.7528,-1.4601
532.403,5,-36.6422,1.7515,-1.4582
532.414,5,-36.6305,1.7508,-1.4561
532.425,5,-36.6188,1.7502,-1.4541
532.436,5,-36.6074,1.7499,-1.4521
532.447,5,-36.5958,1.7503,-1.4501
532.458,5,-36.5843,1.7513,-1.4480
532.468,5,-36.5731,1.7524,-1.4458
532.480,5,-36.5618,1.7536,-1.4438
532.491,5,-36.5506,1.7547,-1.4419
532.502,5,-36.5392,1.7563,-1.4400
532.513,5,-36.5280,1.7583,-1.4380
532.523,5,-36.5169,1.7601,-1.4363
532.533,5,-36.5059,1.7616,-1.4346
532.545,5,-36.4952,1.7628,-1.4333
532.555,5,-36.4845,1.7639,-1.4321
532.566,5,-36.4738,1.7655,-1.4310
532.577,5,-36.4633,1.7675,-1.4301
532.588,5,-36.4528,1.7696,-1.4296
532.599,5,-36.4425,1.7716,-1.4291
532.610,5,-36.4324,1.7734,-1.4288
532.621,5,-36.4223,1.7754,-1.4287
532.632,5,-36.4123,1.7775,-1.4288
532.643,5,-36.4025,1.7798,-1.4291
532.655,5,-36.3928,1.7819,-1.4295
532.665,5,-36.3831,1.7838,-1.4298
532.677,5,-36.3736,1.7854,-1.4304
532.688,5,-36.3640,1.7869,-1.4310
532.700,5,-36.3544,1.7882,-1.4315
532.710,5,-36.3447,1.7893,-1.4321
532.721,5,-36.3350,1.7901,-1.4328
532.732,5,-36.3251,1.7906,-1.4335
532.744,5,-36.3153,1.7909,-1.4343
532.754,5,-36.3055,1.7912,-1.4352
532.766,5,-36.2956,1.7909,-1.4361
532.777,5,-36.2858,1.7902,-1.4369
532.788,5,-36.2760,1.7891,-1.4381
532.799,5,-36.2663,1.7878,-1.4393
532.810,5,-36.2565,1.7862,-1.4404
532.822,5,-36.2468,1.7844,-1.4417
532.833,5,-36.2369,1.7827,-1.4431
532.843,5,-36.2271,1.7809,-1.4445
532.855,5,-36.2171,1.7791,-1.4460
532.866,5,-36.2070,1.7772,-1.4476
532.877,5,-36.1970,1.7754,-1.4493
532.888,5,-36.1869,1.7736,-1.4510
532.899,5,-36.1767,1.7718,-1.4529
532.911,5,-36.1665,1.7700,-1.4550
532.921,5,-36.1563,1.7681,-1.4569
532.933,5,-36.1461,1.7664,-1.4591
532.944,5,-36.1359,1.7648,-1.4613
532.954,5,-36.1258,1.7634,-1.4635
532.966,5,-36.1157,1.7621,-1.4658
532.978,5,-36.1055,1.7608,-1.4682
532.989,5,-36.0952,1.7598,-1.4706
533.001,5,-36.0848,1.7591,-1.4731
533.013,5,-36.0745,1.7588,-1.4756
533.024,5,-36.0642,1.7588,-1.4782
533.035,5,-36.0540,1.7592,-1.4807
533.046,5,-36.0438,1.7599,-1.4832
533.058,5,-36.0338,1.7610,-1.4856
533.069,5,-36.0237,1.7625,-1.4880
533.081,5,-36.0136,1.7641,-1.4903
533.092,5,-36.0036,1.7659,-1.4924
533.103,5,-35.9939,1.7677,-1.4943
533.115,5,-35.9843,1.7691,-1.4961
533.126,5,-35.9750,1.7703,-1.4976
533.138,5,-35.9657,1.7715,-1.4989
533.149,5,-35.9565,1.7727,-1.5003
533.161,5,-35.9475,1.7741,-1.5013
533.171,5,-35.9385,1.7755,-1.5022
533.183,5,-35.9299,1.7769,-1.5028
533.195,5,-35.9214,1.7781,-1.5033
533.206,5,-35.9129,1.7792,-1.5037
533.216,5,-35.9048,1.7804,-1.5038
533.227,5,-35.8966,1.7816,-1.5038
533.238,5,-35.8887,1.7827,-1.5035
533.250,5,-35.8810,1.7836,-1.5032
533.261,5,-35.8734,1.7846,-1.5027
533.274,5,-35.8579,1.7865,-1.5019
533.285,5,-35.8503,1.7874,-1.5010
533.300,5,-35.8430,1.7881,-1.4999
533.310,5,-35.8355,1.7887,-1.4990
533.321,5,-35.8281,1.7891,-1.4981
533.332,5,-35.8206,1.7893,-1.4971
533.344,5,-35.8131,1.7892,-1.4959
533.356,5,-35.8055,1.7889,-1.4945
533.368,5,-35.7981,1.7883,-1.4931
533.381,5,-35.7908,1.7874,-1.4916
533.392,5,-35.7833,1.7866,-1.4900
533.403,5,-35.7761,1.7856,-1.4886
533.414,5,-35.7687,1.7844,-1.4871
533.425,5,-35.7612,1.7833,-1.4855
533.436,5,-35.7537,1.7821,-1.4840
533.448,5,-35.7463,1.7809,-1.4825
533.459,5,-35.7388,1.7797,-1.4809
533.470,5,-35.7314,1.7784,-1.4793
533.481,5,-35.7241,1.7772,-1.4777
533.493,5,-35.7166,1.7759,-1.4761
533.504,5,-35.7093,1.7746,-1.4743
533.516,5,-35.7020,1.7734,-1.4726
533.527,5,-35.6946,1.7721,-1.4706
533.538,5,-35.6872,1.7709,-1.4686
533.549,5,-35.6799,1.7698,-1.4665
533.563,5,-35.6652,1.7679,-1.4623
533.575,5,-35.6577,1.7674,-1.4601
533.587,5,-35.6500,1.7673,-1.4577
533.598,5,-35.6426,1.7669,-1.4554
533.609,5,-35.6353,1.7664,-1.4531
533.621,5,-35.6280,1.7660,-1.4507
533.632,5,-35.6209,1.7658,-1.4483
533.643,5,-35.6138,1.7657,-1.4460
533.654,5,-35.6068,1.7660,-1.4438
533.665,5,-35.5995,1.7674,-1.4416
533.676,5,-35.5924,1.7690,-1.4395
533.687,5,-35.5854,1.7708,-1.4373
533.698,5,-35.5787,1.7717,-1.4353
533.709,5,-35.5724,1.7725,-1.4337
533.720,5,-35.5661,1.7732,-1.4320
533.731,5,-35.5600,1.7743,-1.4306
533.743,5,-35.5538,1.7759,-1.4291
533.753,5,-35.5479,1.7775,-1.4281
533.764,5,-35.5419,1.7790,-1.4269
533.775,5,-35.5358,1.7805,-1.4259
533.786,5,-35.5299,1.7820,-1.4250
533.797,5,-35.5238,1.7839,-1.4240
533.808,5,-35.5178,1.7858,-1.4231
533.819,5,-35.5120,1.7874,-1.4225
533.830,5,-35.5064,1.7885,-1.4218
533.842,5,-35.5009,1.7894,-1.4213
533.853,5,-35.4957,1.7902,-1.4208
533.864,5,-35.4905,1.7907,-1.4202
533.875,5,-35.4855,1.7913,-1.4198
533.886,5,-35.4807,1.7915,-1.4195
533.897,5,-35.4758,1.7917,-1.4191
533.908,5,-35.4710,1.7917,-1.4187
533.920,5,-35.4664,1.7917,-1.4183
533.930,5,-35.4619,1.7915,-1.4180
533.941,5,-35.4576,1.7910,-1.4177
533.953,5,-35.4536,1.7904,-1.4176
533.965,5,-35.4496,1.7895,-1.4174
533.976,5,-35.4461,1.7885,-1.4175
533.987,5,-35.4428,1.7875,-1.4175
533.998,5,-35.4398,1.7863,-1.4175
534.009,5,-35.4370,1.7853,-1.4176
534.021,5,-35.4347,1.7844,-1.4179
534.032,5,-35.4321,1.7836,-1.4181
534.042,5,-35.4300,1.7830,-1.4184
534.053,5,-35.4280,1.7826,-1.4188
534.065,5,-35.4259,1.7821,-1.4191
534.076,5,-35.4241,1.7818,-1.4196
534.087,5,-35.4222,1.7817,-1.4203
534.098,5,-35.4204,1.7818,-1.4210
534.110,5,-35.4188,1.7820,-1.4219
534.122,5,-35.4172,1.7825,-1.4228
534.132,5,-35.4159,1.7829,-1.4245
534.144,5,-35.4145,1.7835,-1.4256
534.155,5,-35.4132,1.7841,-1.4269
534.166,5,-35.4119,1.7848,-1.4282
534.177,5,-35.4106,1.7853,-1.4294
534.188,5,-35.4093,1.7860,-1.4308
534.200,5,-35.4082,1.7866,-1.4322
534.211,5,-35.4071,1.7871,-1.4337
534.222,5,-35.4060,1.7876,-1.4351
534.234,5,-35.4049,1.7880,-1.4366
534.245,5,-35.4039,1.7884,-1.4380
534.257,5,-35.4029,1.7887,-1.4394
534.268,5,-35.4018,1.7890,-1.4407
534.281,5,-35.4007,1.7892,-1.4420
534.293,5,-35.3997,1.7895,-1.4434
534.304,5,-35.3986,1.7897,-1.4446
534.316,5,-35.3976,1.7898,-1.4459
534.327,5,-35.3966,1.7900,-1.4473
534.338,5,-35.3956,1.7901,-1.4485
534.349,5,-35.3945,1.7901,-1.4497
534.360,5,-35.3935,1.7901,-1.4510
534.372,5,-35.3925,1.7901,-1.4521
534.383,5,-35.3914,1.7900,-1.4532
534.394,5,-35.3904,1.7899,-1.4544
534.404,5,-35.3893,1.7898,-1.4555
534.415,5,-35.3883,1.7898,-1.4566
534.426,5,-35.3874,1.7897,-1.4575
534.437,5,-35.3864,1.7896,-1.4585
534.448,5,-35.3855,1.7893,-1.4595
534.460,5,-35.3846,1.7891,-1.4604
534.471,5,-35.3839,1.7889,-1.4614
534.482,5,-35.3831,1.7886,-1.4623
534.494,5,-35.3824,1.7883,-1.4630
534.505,5,-35.3818,1.7880,-1.4638
534.516,5,-35.3811,1.7877,-1.4644
534.531,5,-35.3799,1.7873,-1.4658
534.551,5,-35.3791,1.7872,-1.4669
534.562,5,-35.3786,1.7870,-1.4673
534.577,5,-35.3782,1.7870,-1.4677
534.588,5,-35.3778,1.7870,-1.4681
534.600,5,-35.3775,1.7869,-1.4684
534.611,5,-35.3772,1.7869,-1.4685
534.622,5,-35.3770,1.7869,-1.4690
534.633,5,-35.3767,1.7870,-1.4693

# --- Trial 6 start ---
541.531,6,-39.6475,1.7677,-1.4289
541.565,6,-39.6476,1.7678,-1.4287
541.579,6,-39.6480,1.7677,-1.4285
541.589,6,-39.6481,1.7676,-1.4285
541.599,6,-39.6482,1.7676,-1.4285
541.610,6,-39.6482,1.7675,-1.4285
541.625,6,-39.6481,1.7675,-1.4286
541.642,6,-39.6479,1.7673,-1.4287
541.664,6,-39.6475,1.7672,-1.4288
541.683,6,-39.6470,1.7673,-1.4288
541.694,6,-39.6466,1.7674,-1.4287
541.706,6,-39.6462,1.7676,-1.4286
541.717,6,-39.6458,1.7676,-1.4284
541.728,6,-39.6453,1.7676,-1.4282
541.742,6,-39.6448,1.7676,-1.4278
541.760,6,-39.6437,1.7677,-1.4271
541.775,6,-39.6429,1.7677,-1.4266
541.794,6,-39.6413,1.7677,-1.4253
541.808,6,-39.6404,1.7676,-1.4245
541.818,6,-39.6385,1.7675,-1.4231
541.828,6,-39.6367,1.7673,-1.4216
541.845,6,-39.6342,1.7670,-1.4197
541.867,6,-39.6313,1.7660,-1.4173
541.889,6,-39.6280,1.7648,-1.4148
541.912,6,-39.6239,1.7632,-1.4124
541.934,6,-39.6194,1.7611,-1.4101
541.956,6,-39.6145,1.7590,-1.4079
541.979,6,-39.6085,1.7573,-1.4060
542.001,6,-39.6023,1.7555,-1.4046
542.023,6,-39.5952,1.7538,-1.4036
542.045,6,-39.5875,1.7529,-1.4027
542.068,6,-39.5797,1.7532,-1.4026
542.090,6,-39.5722,1.7527,-1.4029
542.112,6,-39.5648,1.7514,-1.4033
542.135,6,-39.5572,1.7502,-1.4041
542.157,6,-39.5493,1.7489,-1.4051
542.179,6,-39.5413,1.7478,-1.4064
542.202,6,-39.5328,1.7466,-1.4079
542.224,6,-39.5239,1.7454,-1.4098
542.246,6,-39.5155,1.7441,-1.4120
542.268,6,-39.5073,1.7421,-1.4146
542.290,6,-39.4991,1.7405,-1.4177
542.312,6,-39.4949,1.7404,-1.4200
542.326,6,-39.4906,1.7400,-1.4220
542.339,6,-39.4863,1.7394,-1.4239
542.350,6,-39.4822,1.7387,-1.4260
542.360,6,-39.4781,1.7380,-1.4281
542.371,6,-39.4741,1.7372,-1.4303
542.382,6,-39.4696,1.7373,-1.4327
542.393,6,-39.4639,1.7395,-1.4352
542.405,6,-39.4587,1.7419,-1.4376
542.416,6,-39.4536,1.7429,-1.4402
542.427,6,-39.4479,1.7435,-1.4429
542.438,6,-39.4420,1.7440,-1.4456
542.449,6,-39.4363,1.7449,-1.4479
542.460,6,-39.4302,1.7462,-1.4504
542.472,6,-39.4245,1.7480,-1.4529
542.483,6,-39.4189,1.7496,-1.4555
542.494,6,-39.4134,1.7505,-1.4580
542.505,6,-39.4082,1.7511,-1.4605
542.516,6,-39.4029,1.7512,-1.4628
542.527,6,-39.3976,1.7510,-1.4649
542.538,6,-39.3920,1.7511,-1.4671
542.549,6,-39.3863,1.7510,-1.4691
542.560,6,-39.3805,1.7511,-1.4712
542.571,6,-39.3747,1.7511,-1.4731
542.582,6,-39.3690,1.7512,-1.4748
542.593,6,-39.3630,1.7512,-1.4765
542.605,6,-39.3569,1.7508,-1.4778
542.617,6,-39.3506,1.7501,-1.4794
542.629,6,-39.3442,1.7496,-1.4808
542.640,6,-39.3377,1.7495,-1.4822
542.651,6,-39.3311,1.7493,-1.4834
542.662,6,-39.3247,1.7492,-1.4844
542.673,6,-39.3182,1.7486,-1.4854
542.684,6,-39.3114,1.7477,-1.4860
542.696,6,-39.3044,1.7467,-1.4868
542.707,6,-39.2974,1.7460,-1.4874
542.723,6,-39.2900,1.7455,-1.4879
542.738,6,-39.2824,1.7450,-1.4882
542.750,6,-39.2750,1.7442,-1.4885
542.761,6,-39.2674,1.7432,-1.4885
542.772,6,-39.2597,1.7425,-1.4885
542.783,6,-39.2518,1.7414,-1.4882
542.795,6,-39.2438,1.7406,-1.4880
542.806,6,-39.2356,1.7396,-1.4878
542.817,6,-39.2274,1.7386,-1.4871
542.829,6,-39.2189,1.7376,-1.4866
542.840,6,-39.2105,1.7362,-1.4858
542.850,6,-39.2017,1.7347,-1.4849
542.862,6,-39.1928,1.7328,-1.4838
542.873,6,-39.1839,1.7312,-1.4827
542.884,6,-39.1745,1.7295,-1.4816
542.894,6,-39.1651,1.7277,-1.4805
542.906,6,-39.1554,1.7261,-1.4793
542.916,6,-39.1455,1.7242,-1.4778
542.927,6,-39.1356,1.7222,-1.4763
542.938,6,-39.1252,1.7200,-1.4747
542.949,6,-39.1148,1.7178,-1.4729
542.961,6,-39.1038,1.7159,-1.4711
542.971,6,-39.0931,1.7140,-1.4693
542.984,6,-39.0818,1.7125,-1.4674
542.994,6,-39.0706,1.7107,-1.4654
543.005,6,-39.0590,1.7090,-1.4631
543.016,6,-39.0473,1.7074,-1.4609
543.027,6,-39.0354,1.7062,-1.4584
543.038,6,-39.0234,1.7051,-1.4558
543.049,6,-39.0112,1.7045,-1.4533
543.061,6,-38.9985,1.7042,-1.4508
543.071,6,-38.9856,1.7050,-1.4482
543.083,6,-38.9726,1.7065,-1.4452
543.102,6,-38.9471,1.7085,-1.4396
543.124,6,-38.9222,1.7104,-1.4345
543.134,6,-38.9100,1.7113,-1.4320
543.149,6,-38.8982,1.7129,-1.4298
543.160,6,-38.8867,1.7137,-1.4276
543.171,6,-38.8758,1.7143,-1.4257
543.183,6,-38.8658,1.7145,-1.4240
543.194,6,-38.8556,1.7148,-1.4225
543.205,6,-38.8460,1.7155,-1.4215
543.225,6,-38.8265,1.7184,-1.4197
543.246,6,-38.8075,1.7230,-1.4188
543.268,6,-38.7891,1.7283,-1.4188
543.279,6,-38.7804,1.7311,-1.4193
543.294,6,-38.7715,1.7338,-1.4200
543.305,6,-38.7629,1.7363,-1.4207
543.316,6,-38.7539,1.7386,-1.4213
543.327,6,-38.7451,1.7409,-1.4220
543.339,6,-38.7362,1.7429,-1.4227
543.351,6,-38.7274,1.7447,-1.4236
543.362,6,-38.7187,1.7465,-1.4246
543.380,6,-38.7098,1.7473,-1.4259
543.393,6,-38.6920,1.7497,-1.4276
543.403,6,-38.6833,1.7496,-1.4287
543.416,6,-38.6747,1.7490,-1.4299
543.427,6,-38.6660,1.7484,-1.4311
543.438,6,-38.6572,1.7477,-1.4322
543.449,6,-38.6482,1.7467,-1.4337
543.460,6,-38.6389,1.7456,-1.4353
543.472,6,-38.6297,1.7442,-1.4369
543.482,6,-38.6202,1.7424,-1.4384
543.494,6,-38.6108,1.7405,-1.4401
543.505,6,-38.6012,1.7383,-1.4419
543.516,6,-38.5916,1.7361,-1.4437
543.528,6,-38.5819,1.7338,-1.4459
543.539,6,-38.5720,1.7315,-1.4481
543.549,6,-38.5623,1.7290,-1.4504
543.561,6,-38.5523,1.7265,-1.4529
543.571,6,-38.5422,1.7241,-1.4554
543.583,6,-38.5318,1.7216,-1.4580
543.595,6,-38.5213,1.7195,-1.4606
543.606,6,-38.5108,1.7179,-1.4637
543.617,6,-38.5002,1.7163,-1.4668
543.628,6,-38.4897,1.7149,-1.4699
543.639,6,-38.4789,1.7135,-1.4730
543.649,6,-38.4682,1.7124,-1.4762
543.663,6,-38.4571,1.7116,-1.4795
543.676,6,-38.4459,1.7111,-1.4828
543.688,6,-38.4350,1.7109,-1.4862
543.699,6,-38.4237,1.7108,-1.4898
543.710,6,-38.4125,1.7113,-1.4932
543.725,6,-38.3901,1.7128,-1.4999
543.746,6,-38.3673,1.7167,-1.5065
543.758,6,-38.3558,1.7192,-1.5096
543.770,6,-38.3445,1.7214,-1.5124
543.782,6,-38.3334,1.7237,-1.5152
543.793,6,-38.3225,1.7256,-1.5177
543.804,6,-38.3123,1.7273,-1.5199
543.815,6,-38.3020,1.7289,-1.5220
543.827,6,-38.2921,1.7305,-1.5236
543.846,6,-38.2724,1.7341,-1.5266
543.867,6,-38.2537,1.7381,-1.5287
543.878,6,-38.2446,1.7403,-1.5295
543.893,6,-38.2355,1.7428,-1.5298
543.904,6,-38.2266,1.7454,-1.5303
543.915,6,-38.2174,1.7479,-1.5306
543.926,6,-38.2084,1.7502,-1.5309
543.938,6,-38.1992,1.7524,-1.5310
543.948,6,-38.1898,1.7545,-1.5311
543.960,6,-38.1805,1.7564,-1.5312
543.971,6,-38.1713,1.7582,-1.5311
543.983,6,-38.1623,1.7597,-1.5311
543.993,6,-38.1531,1.7609,-1.5310
544.004,6,-38.1439,1.7617,-1.5308
544.016,6,-38.1345,1.7620,-1.5305
544.026,6,-38.1250,1.7622,-1.5302
544.037,6,-38.1154,1.7623,-1.5298
544.048,6,-38.1058,1.7617,-1.5292
544.059,6,-38.0959,1.7609,-1.5291
544.070,6,-38.0863,1.7597,-1.5285
544.082,6,-38.0764,1.7582,-1.5278
544.093,6,-38.0666,1.7563,-1.5270
544.104,6,-38.0566,1.7543,-1.5262
544.114,6,-38.0465,1.7521,-1.5254
544.126,6,-38.0364,1.7496,-1.5244
544.136,6,-38.0261,1.7472,-1.5234
544.148,6,-38.0157,1.7449,-1.5222
544.159,6,-38.0052,1.7428,-1.5211
544.171,6,-37.9945,1.7406,-1.5197
544.181,6,-37.9834,1.7385,-1.5183
544.193,6,-37.9725,1.7364,-1.5169
544.204,6,-37.9610,1.7345,-1.5151
544.215,6,-37.9498,1.7331,-1.5135
544.227,6,-37.9385,1.7321,-1.5118
544.237,6,-37.9271,1.7313,-1.5100
544.248,6,-37.9155,1.7308,-1.5081
544.260,6,-37.9037,1.7306,-1.5061
544.271,6,-37.8918,1.7303,-1.5041
544.282,6,-37.8799,1.7301,-1.5019
544.294,6,-37.8681,1.7301,-1.4998
544.304,6,-37.8564,1.7303,-1.4977
544.315,6,-37.8445,1.7315,-1.4957
544.326,6,-37.8326,1.7325,-1.4936
544.338,6,-37.8210,1.7341,-1.4915
544.348,6,-37.8095,1.7354,-1.4896
544.361,6,-37.7981,1.7369,-1.4878
544.372,6,-37.7865,1.7385,-1.4861
544.383,6,-37.7750,1.7405,-1.4845
544.394,6,-37.7638,1.7422,-1.4831
544.404,6,-37.7530,1.7435,-1.4820
544.415,6,-37.7424,1.7447,-1.4811
544.426,6,-37.7320,1.7459,-1.4803
544.437,6,-37.7215,1.7475,-1.4795
544.448,6,-37.7111,1.7492,-1.4790
544.459,6,-37.7009,1.7508,-1.4786
544.470,6,-37.6908,1.7523,-1.4785
544.481,6,-37.6809,1.7540,-1.4786
544.492,6,-37.6711,1.7557,-1.4788
544.503,6,-37.6615,1.7578,-1.4791
544.514,6,-37.6519,1.7597,-1.4794
544.526,6,-37.6424,1.7616,-1.4800
544.537,6,-37.6329,1.7634,-1.4805
544.548,6,-37.6232,1.7652,-1.4811
544.559,6,-37.6135,1.7670,-1.4817
544.578,6,-37.6038,1.7686,-1.4824
544.591,6,-37.5845,1.7716,-1.4835
544.602,6,-37.5749,1.7726,-1.4841
544.623,6,-37.5553,1.7736,-1.4854
544.644,6,-37.5353,1.7735,-1.4868
544.655,6,-37.5250,1.7727,-1.4877
544.670,6,-37.5147,1.7715,-1.4886
544.681,6,-37.5044,1.7698,-1.4894
544.693,6,-37.4941,1.7679,-1.4903
544.704,6,-37.4838,1.7660,-1.4912
544.716,6,-37.4731,1.7635,-1.4922
544.727,6,-37.4624,1.7611,-1.4933
544.737,6,-37.4519,1.7586,-1.4944
544.749,6,-37.4412,1.7561,-1.4955
544.759,6,-37.4305,1.7535,-1.4967
544.770,6,-37.4197,1.7509,-1.4979
544.782,6,-37.4086,1.7481,-1.4993
544.793,6,-37.3975,1.7458,-1.5008
544.804,6,-37.3863,1.7436,-1.5023
544.815,6,-37.3749,1.7415,-1.5040
544.826,6,-37.3635,1.7398,-1.5058
544.837,6,-37.3521,1.7380,-1.5076
544.848,6,-37.3405,1.7365,-1.5095
544.859,6,-37.3291,1.7352,-1.5114
544.870,6,-37.3175,1.7340,-1.5133
544.880,6,-37.3056,1.7331,-1.5154
544.893,6,-37.2938,1.7327,-1.5175
544.903,6,-37.2818,1.7326,-1.5197
544.914,6,-37.2697,1.7327,-1.5219
544.925,6,-37.2575,1.7337,-1.5242
544.937,6,-37.2453,1.7351,-1.5264
544.947,6,-37.2333,1.7365,-1.5287
544.959,6,-37.2214,1.7385,-1.5309
544.970,6,-37.2096,1.7404,-1.5328
544.982,6,-37.1980,1.7429,-1.5346
544.993,6,-37.1866,1.7449,-1.5362
545.004,6,-37.1756,1.7467,-1.5377
545.015,6,-37.1647,1.7483,-1.5391
545.025,6,-37.1542,1.7498,-1.5402
545.037,6,-37.1436,1.7514,-1.5412
545.048,6,-37.1333,1.7533,-1.5419
545.059,6,-37.1231,1.7551,-1.5424
545.070,6,-37.1132,1.7568,-1.5429
545.081,6,-37.1034,1.7584,-1.5432
545.093,6,-37.0938,1.7602,-1.5431
545.104,6,-37.0842,1.7621,-1.5431
545.115,6,-37.0749,1.7639,-1.5429
545.126,6,-37.0657,1.7658,-1.5427
545.137,6,-37.0565,1.7673,-1.5423
545.148,6,-37.0473,1.7688,-1.5419
545.159,6,-37.0380,1.7702,-1.5414
545.171,6,-37.0287,1.7715,-1.5408
545.181,6,-37.0193,1.7727,-1.5403
545.193,6,-37.0100,1.7734,-1.5396
545.204,6,-37.0006,1.7742,-1.5390
545.215,6,-36.9912,1.7744,-1.5383
545.227,6,-36.9817,1.7745,-1.5376
545.237,6,-36.9721,1.7741,-1.5368
545.249,6,-36.9625,1.7735,-1.5359
545.259,6,-36.9530,1.7727,-1.5351
545.270,6,-36.9436,1.7716,-1.5342
545.281,6,-36.9338,1.7702,-1.5332
545.293,6,-36.9240,1.7683,-1.5321
545.303,6,-36.9140,1.7668,-1.5310
545.315,6,-36.9039,1.7647,-1.5297
545.325,6,-36.8936,1.7626,-1.5284
545.336,6,-36.8833,1.7605,-1.5270
545.347,6,-36.8728,1.7584,-1.5255
545.360,6,-36.8621,1.7562,-1.5239
545.378,6,-36.8515,1.7541,-1.5220
545.392,6,-36.8306,1.7502,-1.5185
545.412,6,-36.8094,1.7467,-1.5146
545.422,6,-36.7984,1.7454,-1.5125
545.437,6,-36.7873,1.7445,-1.5103
545.448,6,-36.7761,1.7437,-1.5081
545.459,6,-36.7649,1.7431,-1.5058
545.471,6,-36.7538,1.7426,-1.5035
545.482,6,-36.7423,1.7423,-1.5011
545.493,6,-36.7309,1.7424,-1.4987
545.504,6,-36.7196,1.7428,-1.4961
545.515,6,-36.7084,1.7432,-1.4937
545.526,6,-36.6974,1.7443,-1.4913
545.537,6,-36.6864,1.7455,-1.4887
545.548,6,-36.6755,1.7468,-1.4863
545.559,6,-36.6647,1.7481,-1.4839
545.570,6,-36.6538,1.7498,-1.4816
545.581,6,-36.6430,1.7517,-1.4795
545.592,6,-36.6321,1.7535,-1.4773
545.603,6,-36.6216,1.7552,-1.4755
545.614,6,-36.6113,1.7565,-1.4739
545.626,6,-36.6013,1.7578,-1.4726
545.637,6,-36.5912,1.7594,-1.4713
545.648,6,-36.5811,1.7612,-1.4703
545.659,6,-36.5712,1.7633,-1.4694
545.670,6,-36.5614,1.7651,-1.4687
545.683,6,-36.5519,1.7667,-1.4681
545.697,6,-36.5426,1.7683,-1.4678
545.708,6,-36.5331,1.7701,-1.4676
545.719,6,-36.5239,1.7718,-1.4676
545.730,6,-36.5149,1.7735,-1.4676
545.741,6,-36.5058,1.7750,-1.4677
545.752,6,-36.4968,1.7763,-1.4679
545.763,6,-36.4879,1.7775,-1.4681
545.775,6,-36.4789,1.7787,-1.4682
545.786,6,-36.4699,1.7798,-1.4684
545.798,6,-36.4608,1.7808,-1.4687
545.812,6,-36.4426,1.7825,-1.4691
545.833,6,-36.4246,1.7831,-1.4699
545.844,6,-36.4155,1.7831,-1.4703
545.858,6,-36.4063,1.7825,-1.4709
545.878,6,-36.3878,1.7814,-1.4720
545.900,6,-36.3691,1.7791,-1.4733
545.910,6,-36.3596,1.7778,-1.4741
545.925,6,-36.3501,1.7761,-1.4750
545.937,6,-36.3407,1.7746,-1.4760
545.947,6,-36.3313,1.7732,-1.4770
545.958,6,-36.3220,1.7717,-1.4780
545.970,6,-36.3125,1.7700,-1.4792
545.981,6,-36.3032,1.7684,-1.4804
545.992,6,-36.2937,1.7669,-1.4817
546.003,6,-36.2843,1.7654,-1.4829
546.015,6,-36.2749,1.7641,-1.4844
546.026,6,-36.2653,1.7629,-1.4860
546.037,6,-36.2558,1.7617,-1.4876
546.049,6,-36.2462,1.7609,-1.4893
546.059,6,-36.2366,1.7602,-1.4911
546.071,6,-36.2267,1.7597,-1.4929
546.081,6,-36.2169,1.7594,-1.4947
546.092,6,-36.2068,1.7594,-1.4966
546.103,6,-36.1968,1.7593,-1.4984
546.115,6,-36.1868,1.7595,-1.5005
546.126,6,-36.1769,1.7599,-1.5025
546.137,6,-36.1670,1.7609,-1.5045
546.148,6,-36.1571,1.7623,-1.5066
546.159,6,-36.1474,1.7636,-1.5085
546.170,6,-36.1379,1.7652,-1.5104
546.182,6,-36.1283,1.7670,-1.5122
546.193,6,-36.1189,1.7688,-1.5139
546.204,6,-36.1094,1.7708,-1.5155
546.216,6,-36.1001,1.7727,-1.5168
546.227,6,-36.0911,1.7743,-1.5181
546.238,6,-36.0822,1.7756,-1.5191
546.249,6,-36.0735,1.7770,-1.5200
546.261,6,-36.0648,1.7783,-1.5207
546.273,6,-36.0563,1.7797,-1.5211
546.284,6,-36.0478,1.7809,-1.5215
546.295,6,-36.0396,1.7820,-1.5218
546.305,6,-36.0316,1.7830,-1.5218
546.316,6,-36.0238,1.7841,-1.5217
546.327,6,-36.0160,1.7853,-1.5212
546.338,6,-36.0085,1.7865,-1.5207
546.349,6,-36.0011,1.7875,-1.5201
546.359,6,-35.9936,1.7883,-1.5193
546.371,6,-35.9863,1.7893,-1.5185
546.382,6,-35.9787,1.7903,-1.5175
546.393,6,-35.9713,1.7912,-1.5167
546.405,6,-35.9639,1.7919,-1.5156
546.416,6,-35.9564,1.7925,-1.5146
546.427,6,-35.9488,1.7929,-1.5135
546.439,6,-35.9412,1.7931,-1.5123
546.450,6,-35.9337,1.7931,-1.5113
546.461,6,-35.9260,1.7929,-1.5101
546.472,6,-35.9182,1.7922,-1.5089
546.483,6,-35.9106,1.7915,-1.5076
546.494,6,-35.9028,1.7905,-1.5062
546.505,6,-35.8950,1.7895,-1.5048
546.516,6,-35.8873,1.7882,-1.5034
546.527,6,-35.8795,1.7869,-1.5020
546.539,6,-35.8716,1.7856,-1.5005
546.549,6,-35.8637,1.7843,-1.4989
546.560,6,-35.8559,1.7829,-1.4972
546.572,6,-35.8478,1.7815,-1.4953
546.584,6,-35.8397,1.7799,-1.4934
546.595,6,-35.8317,1.7782,-1.4915
546.606,6,-35.8235,1.7766,-1.4894
546.617,6,-35.8153,1.7749,-1.4874
546.627,6,-35.8070,1.7733,-1.4851
546.639,6,-35.7987,1.7717,-1.4830
546.649,6,-35.7904,1.7703,-1.4807
546.661,6,-35.7820,1.7689,-1.4784
546.673,6,-35.7738,1.7675,-1.4760
546.684,6,-35.7657,1.7662,-1.4736
546.696,6,-35.7575,1.7649,-1.4711
546.707,6,-35.7492,1.7639,-1.4686
546.718,6,-35.7408,1.7629,-1.4661
546.730,6,-35.7324,1.7620,-1.4634
546.741,6,-35.7240,1.7614,-1.4607
546.751,6,-35.7155,1.7615,-1.4580
546.762,6,-35.7071,1.7618,-1.4552
546.774,6,-35.6990,1.7623,-1.4523
546.784,6,-35.6907,1.7628,-1.4495
546.794,6,-35.6824,1.7637,-1.4466
546.805,6,-35.6741,1.7652,-1.4438
546.815,6,-35.6660,1.7671,-1.4409
546.825,6,-35.6578,1.7691,-1.4382
546.836,6,-35.6497,1.7712,-1.4355
546.847,6,-35.6417,1.7729,-1.4329
546.858,6,-35.6337,1.7746,-1.4305
546.869,6,-35.6257,1.7765,-1.4280
546.881,6,-35.6178,1.7783,-1.4256
546.892,6,-35.6102,1.7800,-1.4235
546.902,6,-35.6026,1.7815,-1.4213
546.914,6,-35.5953,1.7827,-1.4195
546.924,6,-35.5881,1.7838,-1.4177
546.936,6,-35.5810,1.7850,-1.4162
546.947,6,-35.5739,1.7865,-1.4146
546.959,6,-35.5667,1.7878,-1.4131
546.970,6,-35.5600,1.7889,-1.4118
546.981,6,-35.5534,1.7898,-1.4107
546.992,6,-35.5471,1.7903,-1.4096
547.003,6,-35.5411,1.7907,-1.4087
547.015,6,-35.5354,1.7911,-1.4080
547.026,6,-35.5294,1.7915,-1.4071
547.037,6,-35.5239,1.7918,-1.4063
547.048,6,-35.5184,1.7920,-1.4057
547.058,6,-35.5128,1.7920,-1.4052
547.069,6,-35.5079,1.7915,-1.4045
547.080,6,-35.5031,1.7911,-1.4039
547.091,6,-35.4983,1.7906,-1.4034
547.102,6,-35.4937,1.7900,-1.4029
547.113,6,-35.4896,1.7894,-1.4026
547.124,6,-35.4854,1.7887,-1.4022
547.136,6,-35.4815,1.7879,-1.4019
547.148,6,-35.4781,1.7869,-1.4017
547.159,6,-35.4751,1.7860,-1.4016
547.170,6,-35.4720,1.7850,-1.4015
547.181,6,-35.4692,1.7842,-1.4013
547.192,6,-35.4668,1.7835,-1.4015
547.203,6,-35.4643,1.7829,-1.4014
547.214,6,-35.4621,1.7826,-1.4015
547.225,6,-35.4600,1.7823,-1.4018
547.236,6,-35.4579,1.7820,-1.4020
547.247,6,-35.4559,1.7818,-1.4025
547.258,6,-35.4541,1.7816,-1.4031
547.270,6,-35.4524,1.7814,-1.4037
547.281,6,-35.4507,1.7815,-1.4043
547.292,6,-35.4488,1.7816,-1.4049
547.303,6,-35.4471,1.7817,-1.4057
547.315,6,-35.4455,1.7819,-1.4066
547.325,6,-35.4439,1.7819,-1.4075
547.338,6,-35.4424,1.7821,-1.4085
547.348,6,-35.4409,1.7824,-1.4095
547.359,6,-35.4393,1.7828,-1.4106
547.370,6,-35.4378,1.7834,-1.4116
547.382,6,-35.4364,1.7838,-1.4127
547.393,6,-35.4349,1.7843,-1.4138
547.405,6,-35.4334,1.7848,-1.4149
547.416,6,-35.4321,1.7852,-1.4161
547.427,6,-35.4307,1.7856,-1.4173
547.438,6,-35.4293,1.7859,-1.4184
547.449,6,-35.4279,1.7862,-1.4195
547.460,6,-35.4265,1.7863,-1.4207
547.471,6,-35.4251,1.7865,-1.4218
547.482,6,-35.4237,1.7867,-1.4230
547.493,6,-35.4223,1.7869,-1.4242
547.504,6,-35.4208,1.7870,-1.4254
547.515,6,-35.4194,1.7871,-1.4266
547.525,6,-35.4180,1.7871,-1.4277
547.537,6,-35.4166,1.7872,-1.4289
547.548,6,-35.4153,1.7873,-1.4303
547.560,6,-35.4139,1.7874,-1.4314
547.571,6,-35.4126,1.7874,-1.4326
547.582,6,-35.4113,1.7874,-1.4339
547.593,6,-35.4100,1.7873,-1.4351
547.604,6,-35.4087,1.7872,-1.4363
547.615,6,-35.4076,1.7872,-1.4374
547.626,6,-35.4066,1.7870,-1.4385
547.637,6,-35.4055,1.7869,-1.4397
547.648,6,-35.4045,1.7868,-1.4408
547.659,6,-35.4035,1.7867,-1.4419
547.671,6,-35.4026,1.7865,-1.4431
547.681,6,-35.4017,1.7864,-1.4442

# --- Trial 7 start ---
554.514,7,-39.6705,1.7689,-1.4700
554.549,7,-39.6697,1.7684,-1.4691
554.566,7,-39.6684,1.7678,-1.4678
554.589,7,-39.6675,1.7677,-1.4667
554.608,7,-39.6667,1.7675,-1.4657
554.634,7,-39.6659,1.7671,-1.4644
554.654,7,-39.6651,1.7669,-1.4631
554.664,7,-39.6647,1.7668,-1.4624
554.677,7,-39.6642,1.7669,-1.4616
554.688,7,-39.6638,1.7670,-1.4609
554.710,7,-39.6629,1.7669,-1.4592
554.720,7,-39.6624,1.7669,-1.4583
554.743,7,-39.6614,1.7665,-1.4563
554.753,7,-39.6603,1.7662,-1.4544
554.766,7,-39.6589,1.7658,-1.4523
554.784,7,-39.6570,1.7655,-1.4498
554.806,7,-39.6544,1.7651,-1.4472
554.828,7,-39.6511,1.7643,-1.4442
554.850,7,-39.6472,1.7633,-1.4412
554.872,7,-39.6431,1.7622,-1.4385
554.895,7,-39.6381,1.7608,-1.4361
554.917,7,-39.6327,1.7592,-1.4340
554.939,7,-39.6273,1.7569,-1.4323
554.962,7,-39.6218,1.7544,-1.4314
554.984,7,-39.6156,1.7526,-1.4307
555.006,7,-39.6091,1.7516,-1.4307
555.029,7,-39.6029,1.7512,-1.4312
555.051,7,-39.5971,1.7505,-1.4320
555.073,7,-39.5908,1.7504,-1.4331
555.095,7,-39.5846,1.7502,-1.4348
555.118,7,-39.5791,1.7502,-1.4368
555.140,7,-39.5734,1.7502,-1.4388
555.162,7,-39.5673,1.7503,-1.4413
555.185,7,-39.5614,1.7504,-1.4441
555.207,7,-39.5554,1.7504,-1.4472
555.229,7,-39.5497,1.7499,-1.4503
555.251,7,-39.5470,1.7493,-1.4523
555.265,7,-39.5442,1.7488,-1.4543
555.277,7,-39.5414,1.7483,-1.4561
555.288,7,-39.5385,1.7479,-1.4581
555.299,7,-39.5357,1.7473,-1.4601
555.311,7,-39.5329,1.7466,-1.4622
555.321,7,-39.5302,1.7457,-1.4644
555.333,7,-39.5275,1.7449,-1.4667
555.344,7,-39.5247,1.7441,-1.4690
555.355,7,-39.5220,1.7432,-1.4714
555.366,7,-39.5194,1.7420,-1.4738
555.378,7,-39.5170,1.7406,-1.4762
555.389,7,-39.5139,1.7405,-1.4789
555.399,7,-39.5101,1.7417,-1.4813
555.410,7,-39.5051,1.7475,-1.4835
555.421,7,-39.5016,1.7488,-1.4859
555.432,7,-39.4982,1.7485,-1.4887
555.444,7,-39.4943,1.7470,-1.4914
555.455,7,-39.4901,1.7460,-1.4940
555.467,7,-39.4856,1.7468,-1.4963
555.478,7,-39.4809,1.7480,-1.4986
555.489,7,-39.4764,1.7502,-1.5009
555.500,7,-39.4726,1.7521,-1.5035
555.511,7,-39.4687,1.7530,-1.5058
555.522,7,-39.4647,1.7530,-1.5077
555.533,7,-39.4606,1.7525,-1.5097
555.544,7,-39.4567,1.7517,-1.5115
555.556,7,-39.4524,1.7516,-1.5134
555.567,7,-39.4476,1.7520,-1.5152
555.578,7,-39.4432,1.7522,-1.5170
555.590,7,-39.4386,1.7524,-1.5187
555.602,7,-39.4339,1.7524,-1.5201
555.614,7,-39.4288,1.7521,-1.5215
555.625,7,-39.4238,1.7514,-1.5229
555.637,7,-39.4186,1.7508,-1.5239
555.649,7,-39.4134,1.7503,-1.5249
555.662,7,-39.4084,1.7500,-1.5258
555.677,7,-39.4029,1.7497,-1.5265
555.689,7,-39.3978,1.7492,-1.5267
555.701,7,-39.3922,1.7482,-1.5270
555.712,7,-39.3867,1.7471,-1.5271
555.725,7,-39.3809,1.7461,-1.5271
555.737,7,-39.3752,1.7454,-1.5272
555.749,7,-39.3693,1.7445,-1.5271
555.760,7,-39.3633,1.7435,-1.5268
555.772,7,-39.3573,1.7424,-1.5264
555.783,7,-39.3510,1.7411,-1.5259
555.794,7,-39.3444,1.7398,-1.5252
555.808,7,-39.3311,1.7371,-1.5247
555.822,7,-39.3238,1.7361,-1.5240
555.841,7,-39.3091,1.7331,-1.5221
555.863,7,-39.2939,1.7285,-1.5194
555.886,7,-39.2779,1.7236,-1.5166
555.908,7,-39.2612,1.7194,-1.5137
555.919,7,-39.2528,1.7172,-1.5121
555.933,7,-39.2435,1.7150,-1.5102
555.944,7,-39.2347,1.7124,-1.5081
555.956,7,-39.2252,1.7104,-1.5060
555.968,7,-39.2157,1.7087,-1.5040
555.980,7,-39.2060,1.7073,-1.5018
555.992,7,-39.1957,1.7066,-1.4997
556.003,7,-39.1854,1.7059,-1.4972
556.015,7,-39.1749,1.7053,-1.4946
556.031,7,-39.1540,1.7034,-1.4893
556.052,7,-39.1322,1.7032,-1.4836
556.063,7,-39.1208,1.7043,-1.4809
556.078,7,-39.1091,1.7060,-1.4779
556.089,7,-39.0972,1.7079,-1.4748
556.101,7,-39.0851,1.7100,-1.4714
556.113,7,-39.0731,1.7120,-1.4683
556.124,7,-39.0613,1.7136,-1.4654
556.135,7,-39.0498,1.7149,-1.4627
556.147,7,-39.0386,1.7167,-1.4601
556.158,7,-39.0277,1.7180,-1.4576
556.169,7,-39.0174,1.7194,-1.4553
556.182,7,-39.0074,1.7202,-1.4530
556.194,7,-38.9977,1.7212,-1.4510
556.205,7,-38.9880,1.7221,-1.4493
556.217,7,-38.9783,1.7232,-1.4475
556.228,7,-38.9686,1.7247,-1.4462
556.239,7,-38.9590,1.7262,-1.4448
556.250,7,-38.9494,1.7281,-1.4436
556.261,7,-38.9401,1.7302,-1.4426
556.272,7,-38.9312,1.7321,-1.4415
556.283,7,-38.9223,1.7342,-1.4408
556.294,7,-38.9133,1.7361,-1.4401
556.305,7,-38.9042,1.7385,-1.4397
556.316,7,-38.8952,1.7405,-1.4392
556.327,7,-38.8862,1.7426,-1.4388
556.338,7,-38.8773,1.7446,-1.4385
556.349,7,-38.8685,1.7460,-1.4381
556.360,7,-38.8595,1.7477,-1.4380
556.371,7,-38.8504,1.7491,-1.4379
556.382,7,-38.8413,1.7502,-1.4379
556.393,7,-38.8318,1.7512,-1.4381
556.404,7,-38.8225,1.7516,-1.4381
556.415,7,-38.8132,1.7517,-1.4383
556.426,7,-38.8039,1.7512,-1.4383
556.437,7,-38.7946,1.7508,-1.4384
556.448,7,-38.7851,1.7499,-1.4387
556.459,7,-38.7754,1.7486,-1.4391
556.471,7,-38.7657,1.7472,-1.4396
556.482,7,-38.7559,1.7451,-1.4401
556.494,7,-38.7461,1.7425,-1.4406
556.504,7,-38.7363,1.7398,-1.4410
556.515,7,-38.7262,1.7372,-1.4416
556.526,7,-38.7159,1.7345,-1.4426
556.537,7,-38.7055,1.7319,-1.4433
556.547,7,-38.6951,1.7295,-1.4444
556.559,7,-38.6845,1.7268,-1.4456
556.570,7,-38.6734,1.7243,-1.4467
556.581,7,-38.6624,1.7216,-1.4480
556.592,7,-38.6513,1.7194,-1.4494
556.603,7,-38.6400,1.7174,-1.4511
556.613,7,-38.6286,1.7157,-1.4528
556.624,7,-38.6170,1.7144,-1.4547
556.636,7,-38.6052,1.7133,-1.4566
556.647,7,-38.5935,1.7123,-1.4586
556.658,7,-38.5815,1.7117,-1.4608
556.669,7,-38.5695,1.7113,-1.4630
556.682,7,-38.5575,1.7113,-1.4653
556.693,7,-38.5455,1.7116,-1.4677
556.704,7,-38.5335,1.7118,-1.4702
556.715,7,-38.5215,1.7130,-1.4729
556.727,7,-38.5094,1.7145,-1.4754
556.738,7,-38.4974,1.7162,-1.4779
556.749,7,-38.4855,1.7180,-1.4803
556.760,7,-38.4738,1.7200,-1.4826
556.772,7,-38.4620,1.7222,-1.4848
556.783,7,-38.4503,1.7246,-1.4869
556.795,7,-38.4392,1.7267,-1.4887
556.806,7,-38.4286,1.7282,-1.4903
556.818,7,-38.4182,1.7296,-1.4918
556.829,7,-38.4079,1.7309,-1.4932
556.840,7,-38.3978,1.7326,-1.4943
556.852,7,-38.3773,1.7362,-1.4968
556.863,7,-38.3675,1.7386,-1.4975
556.877,7,-38.3580,1.7409,-1.4979
556.888,7,-38.3486,1.7430,-1.4983
556.899,7,-38.3393,1.7451,-1.4986
556.911,7,-38.3299,1.7472,-1.4987
556.922,7,-38.3203,1.7495,-1.4988
556.933,7,-38.3108,1.7517,-1.4988
556.945,7,-38.3014,1.7539,-1.4989
556.956,7,-38.2921,1.7558,-1.4988
556.968,7,-38.2827,1.7573,-1.4987
556.981,7,-38.2733,1.7585,-1.4984
556.993,7,-38.2639,1.7594,-1.4980
557.004,7,-38.2545,1.7598,-1.4975
557.015,7,-38.2450,1.7603,-1.4971
557.027,7,-38.2354,1.7604,-1.4968
557.040,7,-38.2160,1.7605,-1.4959
557.062,7,-38.1961,1.7584,-1.4948
557.084,7,-38.1757,1.7554,-1.4934
557.095,7,-38.1654,1.7533,-1.4925
557.110,7,-38.1548,1.7511,-1.4916
557.129,7,-38.1338,1.7466,-1.4894
557.151,7,-38.1125,1.7413,-1.4869
557.163,7,-38.1015,1.7390,-1.4857
557.177,7,-38.0904,1.7366,-1.4840
557.187,7,-38.0792,1.7346,-1.4825
557.199,7,-38.0679,1.7326,-1.4806
557.210,7,-38.0566,1.7307,-1.4787
557.221,7,-38.0452,1.7292,-1.4767
557.233,7,-38.0332,1.7283,-1.4745
557.245,7,-38.0212,1.7278,-1.4723
557.256,7,-38.0089,1.7277,-1.4699
557.267,7,-37.9964,1.7279,-1.4675
557.279,7,-37.9837,1.7283,-1.4648
557.291,7,-37.9708,1.7287,-1.4621
557.303,7,-37.9581,1.7292,-1.4593
557.314,7,-37.9455,1.7300,-1.4566
557.325,7,-37.9327,1.7312,-1.4539
557.337,7,-37.9200,1.7328,-1.4511
557.347,7,-37.9074,1.7346,-1.4484
557.358,7,-37.8951,1.7359,-1.4457
557.369,7,-37.8831,1.7374,-1.4431
557.380,7,-37.8710,1.7389,-1.4406
557.391,7,-37.8588,1.7405,-1.4383
557.402,7,-37.8468,1.7421,-1.4362
557.414,7,-37.8352,1.7436,-1.4344
557.425,7,-37.8239,1.7450,-1.4329
557.436,7,-37.8129,1.7468,-1.4314
557.447,7,-37.8018,1.7486,-1.4299
557.457,7,-37.7909,1.7507,-1.4288
557.469,7,-37.7801,1.7527,-1.4276
557.485,7,-37.7587,1.7570,-1.4258
557.507,7,-37.7378,1.7617,-1.4246
557.517,7,-37.7275,1.7639,-1.4243
557.532,7,-37.7172,1.7659,-1.4240
557.543,7,-37.7071,1.7676,-1.4237
557.554,7,-37.6967,1.7691,-1.4233
557.565,7,-37.6864,1.7703,-1.4230
557.577,7,-37.6760,1.7714,-1.4226
557.596,7,-37.6550,1.7731,-1.4221
557.618,7,-37.6340,1.7730,-1.4217
557.628,7,-37.6236,1.7725,-1.4216
557.642,7,-37.6128,1.7715,-1.4217
557.653,7,-37.6021,1.7708,-1.4217
557.665,7,-37.5915,1.7697,-1.4219
557.676,7,-37.5806,1.7684,-1.4221
557.688,7,-37.5697,1.7667,-1.4224
557.698,7,-37.5588,1.7651,-1.4227
557.709,7,-37.5478,1.7632,-1.4230
557.721,7,-37.5367,1.7615,-1.4234
557.732,7,-37.5256,1.7596,-1.4240
557.743,7,-37.5145,1.7575,-1.4245
557.754,7,-37.5033,1.7554,-1.4252
557.765,7,-37.4920,1.7531,-1.4260
557.776,7,-37.4808,1.7510,-1.4268
557.787,7,-37.4694,1.7489,-1.4277
557.798,7,-37.4581,1.7469,-1.4285
557.810,7,-37.4467,1.7450,-1.4295
557.821,7,-37.4351,1.7436,-1.4307
557.834,7,-37.4234,1.7426,-1.4321
557.849,7,-37.4117,1.7418,-1.4334
557.860,7,-37.3998,1.7413,-1.4348
557.872,7,-37.3880,1.7409,-1.4363
557.883,7,-37.3641,1.7400,-1.4391
557.895,7,-37.3521,1.7399,-1.4407
557.909,7,-37.3402,1.7404,-1.4424
557.920,7,-37.3282,1.7413,-1.4441
557.931,7,-37.3161,1.7429,-1.4456
557.942,7,-37.3040,1.7448,-1.4471
557.954,7,-37.2922,1.7462,-1.4485
557.965,7,-37.2805,1.7480,-1.4498
557.976,7,-37.2691,1.7496,-1.4510
557.988,7,-37.2578,1.7512,-1.4519
557.999,7,-37.2468,1.7527,-1.4527
558.009,7,-37.2358,1.7539,-1.4534
558.021,7,-37.2252,1.7551,-1.4539
558.032,7,-37.2144,1.7567,-1.4542
558.044,7,-37.2040,1.7587,-1.4542
558.055,7,-37.1938,1.7606,-1.4542
558.067,7,-37.1837,1.7626,-1.4540
558.078,7,-37.1739,1.7644,-1.4537
558.091,7,-37.1642,1.7666,-1.4529
558.104,7,-37.1544,1.7687,-1.4523
558.115,7,-37.1447,1.7708,-1.4516
558.128,7,-37.1347,1.7727,-1.4508
558.139,7,-37.1148,1.7764,-1.4494
558.151,7,-37.1049,1.7778,-1.4485
558.164,7,-37.0948,1.7789,-1.4476
558.176,7,-37.0849,1.7798,-1.4467
558.188,7,-37.0748,1.7805,-1.4456
558.199,7,-37.0648,1.7808,-1.4447
558.210,7,-37.0545,1.7808,-1.4437
558.222,7,-37.0442,1.7805,-1.4426
558.233,7,-37.0337,1.7799,-1.4414
558.245,7,-37.0232,1.7790,-1.4403
558.256,7,-37.0127,1.7779,-1.4392
558.266,7,-37.0021,1.7764,-1.4380
558.277,7,-36.9915,1.7746,-1.4368
558.289,7,-36.9808,1.7728,-1.4355
558.300,7,-36.9700,1.7708,-1.4342
558.311,7,-36.9592,1.7686,-1.4327
558.323,7,-36.9482,1.7664,-1.4312
558.335,7,-36.9370,1.7641,-1.4296
558.346,7,-36.9259,1.7620,-1.4279
558.358,7,-36.9148,1.7598,-1.4261
558.369,7,-36.9036,1.7578,-1.4244
558.381,7,-36.8924,1.7559,-1.4224
558.392,7,-36.8812,1.7542,-1.4204
558.403,7,-36.8699,1.7527,-1.4184
558.414,7,-36.8585,1.7520,-1.4161
558.425,7,-36.8471,1.7513,-1.4140
558.436,7,-36.8355,1.7508,-1.4117
558.447,7,-36.8239,1.7506,-1.4095
558.458,7,-36.8122,1.7507,-1.4072
558.469,7,-36.8004,1.7508,-1.4048
558.482,7,-36.7885,1.7516,-1.4024
558.493,7,-36.7652,1.7525,-1.3977
558.505,7,-36.7534,1.7545,-1.3952
558.519,7,-36.7418,1.7565,-1.3930
558.530,7,-36.7305,1.7580,-1.3909
558.541,7,-36.7190,1.7598,-1.3888
558.552,7,-36.7076,1.7617,-1.3869
558.564,7,-36.6961,1.7634,-1.3852
558.575,7,-36.6849,1.7649,-1.3840
558.586,7,-36.6738,1.7660,-1.3830
558.597,7,-36.6628,1.7669,-1.3825
558.608,7,-36.6518,1.7683,-1.3820
558.619,7,-36.6408,1.7701,-1.3818
558.631,7,-36.6304,1.7720,-1.3819
558.641,7,-36.6196,1.7737,-1.3819
558.653,7,-36.6091,1.7751,-1.3822
558.664,7,-36.5986,1.7767,-1.3826
558.675,7,-36.5881,1.7785,-1.3831
558.686,7,-36.5780,1.7805,-1.3838
558.698,7,-36.5680,1.7821,-1.3846
558.710,7,-36.5581,1.7835,-1.3855
558.720,7,-36.5482,1.7846,-1.3864
558.731,7,-36.5384,1.7855,-1.3874
558.742,7,-36.5287,1.7864,-1.3883
558.754,7,-36.5189,1.7870,-1.3893
558.764,7,-36.5091,1.7875,-1.3903
558.775,7,-36.4992,1.7877,-1.3913
558.787,7,-36.4896,1.7875,-1.3926
558.798,7,-36.4799,1.7871,-1.3937
558.809,7,-36.4702,1.7865,-1.3950
558.821,7,-36.4603,1.7855,-1.3964
558.832,7,-36.4504,1.7842,-1.3977
558.843,7,-36.4405,1.7829,-1.3991
558.854,7,-36.4306,1.7817,-1.4005
558.865,7,-36.4207,1.7796,-1.4020
558.877,7,-36.4106,1.7779,-1.4035
558.888,7,-36.4004,1.7759,-1.4050
558.899,7,-36.3901,1.7741,-1.4065
558.910,7,-36.3796,1.7722,-1.4082
558.922,7,-36.3691,1.7704,-1.4099
558.933,7,-36.3586,1.7685,-1.4116
558.945,7,-36.3480,1.7666,-1.4134
558.962,7,-36.3269,1.7629,-1.4170
558.984,7,-36.3054,1.7593,-1.4209
559.006,7,-36.2838,1.7563,-1.4251
559.028,7,-36.2620,1.7541,-1.4293
559.039,7,-36.2509,1.7536,-1.4315
559.053,7,-36.2397,1.7532,-1.4338
559.065,7,-36.2286,1.7529,-1.4361
559.076,7,-36.2175,1.7530,-1.4384
559.087,7,-36.2063,1.7539,-1.4409
559.098,7,-36.1952,1.7555,-1.4432
559.110,7,-36.1842,1.7571,-1.4454
559.121,7,-36.1735,1.7588,-1.4476
559.132,7,-36.1628,1.7606,-1.4494
559.144,7,-36.1521,1.7626,-1.4512
559.155,7,-36.1415,1.7645,-1.4526
559.165,7,-36.1313,1.7662,-1.4541
559.177,7,-36.1211,1.7677,-1.4554
559.188,7,-36.1111,1.7690,-1.4565
559.198,7,-36.1013,1.7704,-1.4573
559.210,7,-36.0914,1.7719,-1.4581
559.222,7,-36.0821,1.7734,-1.4585
559.240,7,-36.0632,1.7764,-1.4595
559.262,7,-36.0453,1.7792,-1.4595
559.273,7,-36.0364,1.7807,-1.4594
559.286,7,-36.0278,1.7820,-1.4589
559.298,7,-36.0192,1.7832,-1.4584
559.317,7,-36.0023,1.7854,-1.4576
559.339,7,-35.9855,1.7871,-1.4564
559.350,7,-35.9770,1.7877,-1.4557
559.364,7,-35.9686,1.7877,-1.4550
559.376,7,-35.9601,1.7877,-1.4543
559.387,7,-35.9514,1.7874,-1.4537
559.398,7,-35.9428,1.7870,-1.4529
559.417,7,-35.9256,1.7855,-1.4513
559.439,7,-35.9083,1.7830,-1.4493
559.450,7,-35.8997,1.7815,-1.4482
559.472,7,-35.8821,1.7784,-1.4457
559.494,7,-35.8642,1.7752,-1.4429
559.505,7,-35.8552,1.7735,-1.4413
559.519,7,-35.8461,1.7716,-1.4396
559.532,7,-35.8374,1.7697,-1.4377
559.542,7,-35.8285,1.7678,-1.4358
559.553,7,-35.8195,1.7659,-1.4339
559.564,7,-35.8104,1.7637,-1.4318
559.575,7,-35.8013,1.7618,-1.4297
559.586,7,-35.7922,1.7599,-1.4276
559.597,7,-35.7830,1.7581,-1.4254
559.608,7,-35.7740,1.7564,-1.4232
559.619,7,-35.7648,1.7547,-1.4209
559.630,7,-35.7554,1.7532,-1.4185
559.641,7,-35.7461,1.7518,-1.4162
559.652,7,-35.7366,1.7508,-1.4138
559.663,7,-35.7270,1.7501,-1.4114
559.674,7,-35.7176,1.7499,-1.4089
559.686,7,-35.7082,1.7499,-1.4066
559.696,7,-35.6989,1.7503,-1.4042
559.707,7,-35.6896,1.7510,-1.4016
559.719,7,-35.6805,1.7521,-1.3992
559.730,7,-35.6713,1.7537,-1.3967
559.741,7,-35.6625,1.7561,-1.3943
559.752,7,-35.6537,1.7582,-1.3920
559.763,7,-35.6452,1.7603,-1.3899
559.774,7,-35.6365,1.7620,-1.3880
559.786,7,-35.6280,1.7640,-1.3863
559.797,7,-35.6197,1.7662,-1.3849
559.807,7,-35.6113,1.7683,-1.3833
559.818,7,-35.6030,1.7705,-1.3819
559.829,7,-35.5949,1.7724,-1.3807
559.841,7,-35.5871,1.7741,-1.3796
559.853,7,-35.5794,1.7758,-1.3784
559.866,7,-35.5720,1.7774,-1.3775
559.879,7,-35.5648,1.7786,-1.3768
559.890,7,-35.5577,1.7797,-1.3762
559.901,7,-35.5509,1.7804,-1.3757
559.913,7,-35.5445,1.7808,-1.3754
559.924,7,-35.5382,1.7813,-1.3749
559.936,7,-35.5322,1.7816,-1.3746
559.947,7,-35.5261,1.7820,-1.3743
559.958,7,-35.5200,1.7820,-1.3739
559.969,7,-35.5143,1.7820,-1.3736
559.980,7,-35.5087,1.7817,-1.3733
559.992,7,-35.5034,1.7814,-1.3731
560.003,7,-35.4982,1.7810,-1.3729
560.014,7,-35.4938,1.7803,-1.3729
560.026,7,-35.4894,1.7798,-1.3729
560.037,7,-35.4852,1.7794,-1.3731
560.048,7,-35.4810,1.7790,-1.3734
560.060,7,-35.4771,1.7788,-1.3737
560.072,7,-35.4690,1.7785,-1.3742
560.083,7,-35.4656,1.7786,-1.3747
560.098,7,-35.4628,1.7789,-1.3755
560.108,7,-35.4597,1.7791,-1.3761
560.120,7,-35.4569,1.7796,-1.3769
560.131,7,-35.4544,1.7801,-1.3779
560.142,7,-35.4517,1.7806,-1.3789
560.154,7,-35.4494,1.7810,-1.3801
560.164,7,-35.4471,1.7816,-1.3813
560.175,7,-35.4450,1.7821,-1.3825
560.188,7,-35.4431,1.7827,-1.3839
560.199,7,-35.4412,1.7831,-1.3852
560.210,7,-35.4393,1.7836,-1.3866
560.220,7,-35.4374,1.7841,-1.3880
560.232,7,-35.4356,1.7848,-1.3895
560.244,7,-35.4338,1.7856,-1.3910
560.255,7,-35.4320,1.7864,-1.3926
560.267,7,-35.4302,1.7872,-1.3942
560.278,7,-35.4283,1.7880,-1.3958
560.289,7,-35.4266,1.7889,-1.3974
560.300,7,-35.4249,1.7898,-1.3990
560.311,7,-35.4234,1.7905,-1.4007
560.324,7,-35.4219,1.7912,-1.4025
560.340,7,-35.4188,1.7926,-1.4057
560.362,7,-35.4159,1.7938,-1.4088
560.373,7,-35.4146,1.7943,-1.4103
560.387,7,-35.4132,1.7946,-1.4118
560.398,7,-35.4119,1.7949,-1.4134
560.417,7,-35.4091,1.7954,-1.4164
560.439,7,-35.4064,1.7954,-1.4192
560.449,7,-35.4050,1.7953,-1.4207
560.464,7,-35.4039,1.7950,-1.4219
560.475,7,-35.4026,1.7949,-1.4233
560.486,7,-35.4014,1.7947,-1.4248
560.498,7,-35.4002,1.7943,-1.4261
560.510,7,-35.3991,1.7940,-1.4275
560.521,7,-35.3981,1.7936,-1.4287
560.531,7,-35.3970,1.7932,-1.4299
560.542,7,-35.3961,1.7927,-1.4310
560.553,7,-35.3950,1.7923,-1.4321
560.564,7,-35.3940,1.7918,-1.4332
560.576,7,-35.3930,1.7915,-1.4344
560.587,7,-35.3921,1.7912,-1.4353
560.598,7,-35.3911,1.7909,-1.4362
560.608,7,-35.3902,1.7905,-1.4370
560.619,7,-35.3894,1.7902,-1.4377
560.630,7,-35.3886,1.7897,-1.4384
560.641,7,-35.3879,1.7893,-1.4390
560.653,7,-35.3872,1.7889,-1.4395
560.664,7,-35.3866,1.7885,-1.4401
560.675,7,-35.3859,1.7883,-1.4407
560.685,7,-35.3853,1.7881,-1.4412
560.697,7,-35.3848,1.7881,-1.4418
560.709,7,-35.3843,1.7881,-1.4423
560.719,7,-35.3838,1.7882,-1.4427
560.730,7,-35.3834,1.7882,-1.4430
560.742,7,-35.3829,1.7882,-1.4434

# --- Trial 8 start ---
591.974,8,-39.4647,1.7531,-1.4499
592.008,8,-39.4652,1.7531,-1.4501
592.024,8,-39.4658,1.7531,-1.4502
592.035,8,-39.4660,1.7531,-1.4503
592.048,8,-39.4661,1.7531,-1.4503
592.066,8,-39.4663,1.7531,-1.4505
592.077,8,-39.4665,1.7530,-1.4505
592.091,8,-39.4666,1.7530,-1.4506
592.102,8,-39.4667,1.7530,-1.4506
592.114,8,-39.4669,1.7530,-1.4506
592.133,8,-39.4672,1.7528,-1.4506
592.161,8,-39.4676,1.7527,-1.4504
592.179,8,-39.4678,1.7527,-1.4502
592.192,8,-39.4677,1.7528,-1.4500
592.213,8,-39.4679,1.7529,-1.4496
592.223,8,-39.4678,1.7531,-1.4493
592.235,8,-39.4678,1.7532,-1.4489
592.247,8,-39.4678,1.7533,-1.4485
592.262,8,-39.4677,1.7535,-1.4480
592.279,8,-39.4676,1.7539,-1.4469
592.294,8,-39.4674,1.7542,-1.4462
592.305,8,-39.4670,1.7544,-1.4453
592.327,8,-39.4664,1.7553,-1.4428
592.337,8,-39.4659,1.7558,-1.4407
592.360,8,-39.4654,1.7560,-1.4378
592.376,8,-39.4647,1.7560,-1.4347
592.399,8,-39.4639,1.7556,-1.4307
592.422,8,-39.4628,1.7553,-1.4262
592.444,8,-39.4614,1.7550,-1.4215
592.467,8,-39.4600,1.7544,-1.4165
592.489,8,-39.4583,1.7541,-1.4114
592.511,8,-39.4564,1.7543,-1.4065
592.533,8,-39.4543,1.7548,-1.4014
592.556,8,-39.4521,1.7550,-1.3963
592.578,8,-39.4501,1.7545,-1.3913
592.600,8,-39.4476,1.7540,-1.3866
592.623,8,-39.4452,1.7535,-1.3822
592.645,8,-39.4427,1.7522,-1.3780
592.667,8,-39.4395,1.7510,-1.3743
592.690,8,-39.4356,1.7511,-1.3709
592.711,8,-39.4313,1.7524,-1.3681
592.734,8,-39.4276,1.7528,-1.3656
592.755,8,-39.4245,1.7528,-1.3636
592.778,8,-39.4217,1.7533,-1.3622
592.800,8,-39.4188,1.7534,-1.3611
592.823,8,-39.4162,1.7534,-1.3604
592.845,8,-39.4151,1.7537,-1.3605
592.859,8,-39.4140,1.7540,-1.3604
592.872,8,-39.4128,1.7541,-1.3603
592.882,8,-39.4114,1.7541,-1.3602
592.894,8,-39.4102,1.7542,-1.3604
592.904,8,-39.4090,1.7544,-1.3605
592.915,8,-39.4078,1.7545,-1.3607
592.926,8,-39.4065,1.7546,-1.3612
592.937,8,-39.4053,1.7547,-1.3616
592.948,8,-39.4041,1.7548,-1.3623
592.959,8,-39.4029,1.7548,-1.3630
592.970,8,-39.4018,1.7548,-1.3638
592.982,8,-39.4008,1.7546,-1.3647
592.993,8,-39.3999,1.7544,-1.3656
593.004,8,-39.3989,1.7541,-1.3666
593.014,8,-39.3980,1.7538,-1.3677
593.026,8,-39.3972,1.7536,-1.3689
593.036,8,-39.3964,1.7534,-1.3702
593.047,8,-39.3958,1.7531,-1.3716
593.059,8,-39.3952,1.7527,-1.3730
593.070,8,-39.3946,1.7523,-1.3747
593.081,8,-39.3940,1.7517,-1.3765
593.093,8,-39.3934,1.7512,-1.3783
593.103,8,-39.3929,1.7505,-1.3803
593.115,8,-39.3924,1.7497,-1.3825
593.126,8,-39.3918,1.7489,-1.3847
593.137,8,-39.3915,1.7476,-1.3871
593.148,8,-39.3912,1.7460,-1.3894
593.160,8,-39.3910,1.7443,-1.3919
593.171,8,-39.3895,1.7444,-1.3945
593.182,8,-39.3868,1.7479,-1.3969
593.193,8,-39.3854,1.7528,-1.3994
593.204,8,-39.3839,1.7541,-1.4023
593.216,8,-39.3831,1.7537,-1.4051
593.227,8,-39.3816,1.7526,-1.4077
593.237,8,-39.3797,1.7520,-1.4099
593.257,8,-39.3768,1.7533,-1.4123
593.270,8,-39.3743,1.7549,-1.4147
593.282,8,-39.3725,1.7562,-1.4172
593.291,8,-39.3704,1.7569,-1.4198
593.303,8,-39.3685,1.7571,-1.4222
593.315,8,-39.3663,1.7568,-1.4246
593.326,8,-39.3641,1.7562,-1.4270
593.338,8,-39.3618,1.7558,-1.4295
593.349,8,-39.3590,1.7557,-1.4320
593.361,8,-39.3566,1.7554,-1.4346
593.372,8,-39.3539,1.7555,-1.4374
593.383,8,-39.3512,1.7552,-1.4399
593.394,8,-39.3486,1.7548,-1.4423
593.406,8,-39.3458,1.7539,-1.4443
593.417,8,-39.3428,1.7534,-1.4467
593.428,8,-39.3395,1.7530,-1.4491
593.440,8,-39.3363,1.7527,-1.4515
593.451,8,-39.3328,1.7526,-1.4538
593.463,8,-39.3294,1.7524,-1.4559
593.474,8,-39.3258,1.7519,-1.4578
593.485,8,-39.3223,1.7509,-1.4597
593.496,8,-39.3186,1.7502,-1.4616
593.508,8,-39.3148,1.7494,-1.4636
593.520,8,-39.3110,1.7488,-1.4654
593.531,8,-39.3069,1.7486,-1.4675
593.543,8,-39.3028,1.7480,-1.4692
593.554,8,-39.2986,1.7475,-1.4706
593.565,8,-39.2943,1.7467,-1.4719
593.576,8,-39.2898,1.7461,-1.4733
593.587,8,-39.2853,1.7457,-1.4748
593.599,8,-39.2806,1.7453,-1.4760
593.611,8,-39.2713,1.7450,-1.4787
593.622,8,-39.2666,1.7448,-1.4797
593.637,8,-39.2613,1.7448,-1.4804
593.647,8,-39.2562,1.7443,-1.4808
593.658,8,-39.2507,1.7441,-1.4814
593.670,8,-39.2453,1.7438,-1.4820
593.682,8,-39.2395,1.7436,-1.4823
593.693,8,-39.2335,1.7437,-1.4830
593.705,8,-39.2275,1.7435,-1.4833
593.716,8,-39.2215,1.7432,-1.4835
593.728,8,-39.2152,1.7422,-1.4833
593.739,8,-39.2087,1.7415,-1.4832
593.751,8,-39.2019,1.7406,-1.4830
593.763,8,-39.1949,1.7402,-1.4830
593.776,8,-39.1879,1.7392,-1.4826
593.787,8,-39.1808,1.7381,-1.4820
593.798,8,-39.1737,1.7371,-1.4814
593.809,8,-39.1665,1.7359,-1.4808
593.820,8,-39.1591,1.7348,-1.4800
593.832,8,-39.1517,1.7335,-1.4789
593.843,8,-39.1440,1.7321,-1.4777
593.854,8,-39.1363,1.7307,-1.4764
593.865,8,-39.1286,1.7293,-1.4749
593.876,8,-39.1208,1.7280,-1.4733
593.888,8,-39.1130,1.7261,-1.4711
593.899,8,-39.1046,1.7249,-1.4692
593.910,8,-39.0962,1.7237,-1.4675
593.921,8,-39.0874,1.7228,-1.4653
593.932,8,-39.0784,1.7223,-1.4634
593.944,8,-39.0693,1.7217,-1.4611
593.955,8,-39.0603,1.7212,-1.4588
593.966,8,-39.0510,1.7206,-1.4562
593.977,8,-39.0416,1.7206,-1.4536
593.988,8,-39.0320,1.7208,-1.4510
594.000,8,-39.0127,1.7212,-1.4459
594.012,8,-39.0022,1.7226,-1.4432
594.027,8,-38.9917,1.7237,-1.4402
594.037,8,-38.9811,1.7249,-1.4371
594.048,8,-38.9704,1.7264,-1.4337
594.059,8,-38.9597,1.7285,-1.4307
594.070,8,-38.9490,1.7306,-1.4276
594.081,8,-38.9384,1.7326,-1.4247
594.092,8,-38.9280,1.7338,-1.4218
594.104,8,-38.9176,1.7349,-1.4190
594.115,8,-38.9071,1.7362,-1.4163
594.126,8,-38.8971,1.7376,-1.4135
594.137,8,-38.8871,1.7392,-1.4111
594.148,8,-38.8776,1.7402,-1.4089
594.159,8,-38.8682,1.7409,-1.4069
594.171,8,-38.8588,1.7417,-1.4052
594.182,8,-38.8495,1.7424,-1.4034
594.192,8,-38.8400,1.7434,-1.4017
594.204,8,-38.8307,1.7445,-1.4001
594.215,8,-38.8214,1.7462,-1.3990
594.226,8,-38.8121,1.7479,-1.3981
594.245,8,-38.7937,1.7513,-1.3966
594.267,8,-38.7756,1.7535,-1.3958
594.278,8,-38.7665,1.7543,-1.3955
594.294,8,-38.7575,1.7545,-1.3956
594.305,8,-38.7483,1.7551,-1.3958
594.315,8,-38.7391,1.7555,-1.3958
594.326,8,-38.7300,1.7558,-1.3962
594.345,8,-38.7111,1.7552,-1.3966
594.366,8,-38.6922,1.7527,-1.3974
594.377,8,-38.6826,1.7513,-1.3979
594.391,8,-38.6729,1.7491,-1.3989
594.403,8,-38.6629,1.7473,-1.3999
594.414,8,-38.6530,1.7457,-1.4006
594.425,8,-38.6426,1.7431,-1.4017
594.436,8,-38.6319,1.7407,-1.4029
594.448,8,-38.6212,1.7381,-1.4040
594.459,8,-38.6102,1.7356,-1.4054
594.470,8,-38.5994,1.7331,-1.4069
594.482,8,-38.5883,1.7308,-1.4086
594.493,8,-38.5771,1.7284,-1.4105
594.504,8,-38.5658,1.7260,-1.4123
594.515,8,-38.5542,1.7237,-1.4143
594.527,8,-38.5428,1.7213,-1.4164
594.538,8,-38.5310,1.7194,-1.4186
594.549,8,-38.5192,1.7176,-1.4210
594.560,8,-38.5067,1.7166,-1.4238
594.571,8,-38.4945,1.7156,-1.4265
594.582,8,-38.4822,1.7150,-1.4293
594.593,8,-38.4698,1.7146,-1.4321
594.604,8,-38.4573,1.7142,-1.4351
594.615,8,-38.4446,1.7140,-1.4382
594.626,8,-38.4318,1.7141,-1.4414
594.637,8,-38.4190,1.7144,-1.4447
594.648,8,-38.4059,1.7156,-1.4482
594.659,8,-38.3929,1.7172,-1.4516
594.670,8,-38.3799,1.7194,-1.4549
594.682,8,-38.3671,1.7217,-1.4582
594.692,8,-38.3546,1.7236,-1.4611
594.704,8,-38.3423,1.7259,-1.4641
594.715,8,-38.3300,1.7281,-1.4668
594.726,8,-38.3182,1.7305,-1.4694
594.738,8,-38.3069,1.7325,-1.4717
594.748,8,-38.2958,1.7344,-1.4739
594.761,8,-38.2854,1.7363,-1.4757
594.774,8,-38.2749,1.7390,-1.4775
594.787,8,-38.2642,1.7418,-1.4791
594.798,8,-38.2533,1.7449,-1.4807
594.809,8,-38.2427,1.7479,-1.4821
594.820,8,-38.2322,1.7510,-1.4833
594.831,8,-38.2215,1.7537,-1.4843
594.842,8,-38.2112,1.7565,-1.4853
594.854,8,-38.2012,1.7591,-1.4862
594.865,8,-38.1908,1.7613,-1.4872
594.876,8,-38.1804,1.7633,-1.4878
594.888,8,-38.1701,1.7652,-1.4885
594.899,8,-38.1599,1.7666,-1.4891
594.911,8,-38.1395,1.7693,-1.4903
594.921,8,-38.1295,1.7697,-1.4908
594.938,8,-38.1194,1.7691,-1.4912
594.949,8,-38.1093,1.7688,-1.4917
594.960,8,-38.0992,1.7679,-1.4920
594.972,8,-38.0887,1.7667,-1.4924
594.983,8,-38.0785,1.7651,-1.4925
594.996,8,-38.0680,1.7634,-1.4927
595.006,8,-38.0574,1.7613,-1.4928
595.018,8,-38.0466,1.7590,-1.4928
595.029,8,-38.0357,1.7565,-1.4929
595.041,8,-38.0250,1.7539,-1.4927
595.052,8,-38.0139,1.7513,-1.4926
595.064,8,-38.0030,1.7486,-1.4922
595.074,8,-37.9919,1.7460,-1.4918
595.086,8,-37.9806,1.7434,-1.4912
595.097,8,-37.9692,1.7410,-1.4906
595.109,8,-37.9577,1.7388,-1.4901
595.120,8,-37.9460,1.7369,-1.4894
595.131,8,-37.9341,1.7350,-1.4886
595.141,8,-37.9219,1.7338,-1.4876
595.152,8,-37.9096,1.7328,-1.4866
595.163,8,-37.8968,1.7324,-1.4855
595.174,8,-37.8842,1.7320,-1.4843
595.185,8,-37.8712,1.7323,-1.4830
595.196,8,-37.8580,1.7329,-1.4817
595.207,8,-37.8443,1.7341,-1.4804
595.218,8,-37.8308,1.7355,-1.4791
595.230,8,-37.8175,1.7370,-1.4776
595.241,8,-37.8039,1.7393,-1.4761
595.251,8,-37.7903,1.7416,-1.4747
595.262,8,-37.7772,1.7439,-1.4734
595.273,8,-37.7641,1.7458,-1.4723
595.283,8,-37.7514,1.7477,-1.4712
595.294,8,-37.7387,1.7491,-1.4703
595.307,8,-37.7264,1.7502,-1.4695
595.322,8,-37.7016,1.7525,-1.4680
595.344,8,-37.6781,1.7560,-1.4676
595.355,8,-37.6663,1.7579,-1.4673
595.369,8,-37.6552,1.7600,-1.4675
595.381,8,-37.6439,1.7621,-1.4675
595.392,8,-37.6329,1.7641,-1.4674
595.403,8,-37.6223,1.7663,-1.4676
595.414,8,-37.6114,1.7683,-1.4678
595.433,8,-37.5898,1.7724,-1.4685
595.455,8,-37.5682,1.7762,-1.4693
595.465,8,-37.5573,1.7777,-1.4697
595.480,8,-37.5464,1.7788,-1.4702
595.492,8,-37.5352,1.7798,-1.4706
595.502,8,-37.5240,1.7803,-1.4711
595.514,8,-37.5127,1.7807,-1.4717
595.524,8,-37.5013,1.7806,-1.4724
595.536,8,-37.4899,1.7799,-1.4731
595.547,8,-37.4786,1.7788,-1.4738
595.559,8,-37.4672,1.7772,-1.4748
595.570,8,-37.4557,1.7755,-1.4758
595.581,8,-37.4441,1.7735,-1.4768
595.592,8,-37.4322,1.7712,-1.4779
595.604,8,-37.4205,1.7687,-1.4792
595.615,8,-37.4088,1.7660,-1.4805
595.627,8,-37.3970,1.7633,-1.4818
595.638,8,-37.3849,1.7603,-1.4833
595.649,8,-37.3728,1.7577,-1.4848
595.661,8,-37.3605,1.7553,-1.4864
595.672,8,-37.3480,1.7528,-1.4881
595.684,8,-37.3354,1.7505,-1.4899
595.696,8,-37.3225,1.7485,-1.4919
595.707,8,-37.3099,1.7466,-1.4938
595.718,8,-37.2971,1.7450,-1.4959
595.730,8,-37.2843,1.7439,-1.4980
595.741,8,-37.2714,1.7427,-1.5002
595.753,8,-37.2583,1.7420,-1.5024
595.766,8,-37.2326,1.7404,-1.5068
595.777,8,-37.2194,1.7409,-1.5092
595.791,8,-37.2058,1.7424,-1.5117
595.804,8,-37.1927,1.7447,-1.5140
595.815,8,-37.1798,1.7470,-1.5164
595.826,8,-37.1672,1.7492,-1.5186
595.838,8,-37.1546,1.7514,-1.5206
595.849,8,-37.1426,1.7533,-1.5226
595.860,8,-37.1307,1.7552,-1.5242
595.871,8,-37.1192,1.7570,-1.5257
595.884,8,-37.1083,1.7586,-1.5268
595.895,8,-37.0972,1.7605,-1.5280
595.908,8,-37.0864,1.7628,-1.5288
595.918,8,-37.0756,1.7653,-1.5294
595.929,8,-37.0649,1.7678,-1.5299
595.940,8,-37.0544,1.7705,-1.5302
595.952,8,-37.0441,1.7730,-1.5303
595.963,8,-37.0341,1.7754,-1.5302
595.974,8,-37.0240,1.7778,-1.5300
595.985,8,-37.0138,1.7799,-1.5300
595.997,8,-37.0036,1.7818,-1.5297
596.009,8,-36.9834,1.7855,-1.5293
596.020,8,-36.9731,1.7868,-1.5290
596.035,8,-36.9630,1.7873,-1.5283
596.046,8,-36.9529,1.7880,-1.5277
596.058,8,-36.9425,1.7881,-1.5271
596.069,8,-36.9322,1.7882,-1.5264
596.079,8,-36.9219,1.7877,-1.5257
596.091,8,-36.9114,1.7869,-1.5248
596.102,8,-36.9010,1.7858,-1.5237
596.114,8,-36.8905,1.7839,-1.5225
596.125,8,-36.8800,1.7820,-1.5213
596.137,8,-36.8694,1.7800,-1.5199
596.148,8,-36.8587,1.7775,-1.5186
596.159,8,-36.8479,1.7749,-1.5172
596.170,8,-36.8371,1.7724,-1.5157
596.182,8,-36.8260,1.7698,-1.5142
596.193,8,-36.8148,1.7675,-1.5126
596.204,8,-36.8033,1.7655,-1.5109
596.215,8,-36.7917,1.7638,-1.5090
596.228,8,-36.7801,1.7622,-1.5072
596.239,8,-36.7680,1.7606,-1.5051
596.250,8,-36.7562,1.7593,-1.5030
596.260,8,-36.7443,1.7583,-1.5008
596.271,8,-36.7324,1.7576,-1.4985
596.281,8,-36.7204,1.7570,-1.4962
596.292,8,-36.7085,1.7567,-1.4937
596.304,8,-36.6963,1.7567,-1.4911
596.319,8,-36.6838,1.7571,-1.4883
596.329,8,-36.6716,1.7574,-1.4857
596.340,8,-36.6595,1.7577,-1.4830
596.350,8,-36.6469,1.7585,-1.4802
596.361,8,-36.6347,1.7595,-1.4775
596.372,8,-36.6224,1.7611,-1.4748
596.383,8,-36.6105,1.7624,-1.4722
596.393,8,-36.5985,1.7635,-1.4696
596.404,8,-36.5867,1.7647,-1.4672
596.415,8,-36.5747,1.7660,-1.4648
596.426,8,-36.5629,1.7677,-1.4626
596.436,8,-36.5512,1.7694,-1.4605
596.447,8,-36.5397,1.7708,-1.4585
596.458,8,-36.5283,1.7723,-1.4568
596.468,8,-36.5169,1.7739,-1.4552
596.479,8,-36.5058,1.7758,-1.4538
596.490,8,-36.4950,1.7778,-1.4526
596.501,8,-36.4842,1.7798,-1.4516
596.513,8,-36.4735,1.7819,-1.4509
596.523,8,-36.4630,1.7840,-1.4503
596.535,8,-36.4527,1.7862,-1.4500
596.546,8,-36.4424,1.7883,-1.4497
596.557,8,-36.4324,1.7903,-1.4496
596.568,8,-36.4222,1.7921,-1.4495
596.579,8,-36.4122,1.7937,-1.4495
596.591,8,-36.4020,1.7951,-1.4494
596.602,8,-36.3918,1.7961,-1.4495
596.613,8,-36.3815,1.7970,-1.4495
596.624,8,-36.3716,1.7977,-1.4496
596.634,8,-36.3614,1.7981,-1.4497
596.647,8,-36.3511,1.7980,-1.4500
596.657,8,-36.3408,1.7977,-1.4502
596.669,8,-36.3306,1.7966,-1.4506
596.679,8,-36.3203,1.7955,-1.4511
596.691,8,-36.3099,1.7936,-1.4515
596.703,8,-36.2994,1.7919,-1.4520
596.713,8,-36.2890,1.7898,-1.4525
596.726,8,-36.2786,1.7877,-1.4530
596.737,8,-36.2679,1.7855,-1.4537
596.747,8,-36.2573,1.7831,-1.4545
596.758,8,-36.2468,1.7805,-1.4553
596.771,8,-36.2362,1.7778,-1.4561
596.783,8,-36.2256,1.7753,-1.4571
596.794,8,-36.2148,1.7729,-1.4580
596.807,8,-36.2041,1.7706,-1.4592
596.818,8,-36.1934,1.7684,-1.4603
596.829,8,-36.1826,1.7665,-1.4615
596.840,8,-36.1718,1.7648,-1.4628
596.851,8,-36.1609,1.7634,-1.4641
596.862,8,-36.1501,1.7623,-1.4656
596.873,8,-36.1390,1.7612,-1.4670
596.884,8,-36.1279,1.7606,-1.4685
596.896,8,-36.1167,1.7602,-1.4700
596.907,8,-36.1057,1.7600,-1.4716
596.919,8,-36.0947,1.7599,-1.4733
596.930,8,-36.0836,1.7605,-1.4749
596.941,8,-36.0728,1.7615,-1.4763
596.952,8,-36.0620,1.7633,-1.4778
596.963,8,-36.0511,1.7651,-1.4792
596.975,8,-36.0404,1.7673,-1.4804
596.986,8,-36.0299,1.7698,-1.4814
596.997,8,-36.0191,1.7720,-1.4824
597.009,8,-35.9980,1.7759,-1.4842
597.019,8,-35.9877,1.7775,-1.4846
597.035,8,-35.9776,1.7787,-1.4848
597.047,8,-35.9675,1.7801,-1.4849
597.057,8,-35.9576,1.7815,-1.4848
597.069,8,-35.9482,1.7829,-1.4844
597.080,8,-35.9388,1.7841,-1.4840
597.092,8,-35.9297,1.7853,-1.4834
597.103,8,-35.9207,1.7865,-1.4828
597.114,8,-35.9118,1.7879,-1.4820
597.126,8,-35.9032,1.7890,-1.4812
597.137,8,-35.8946,1.7901,-1.4802
597.149,8,-35.8862,1.7910,-1.4792
597.160,8,-35.8778,1.7918,-1.4780
597.171,8,-35.8693,1.7927,-1.4769
597.183,8,-35.8611,1.7934,-1.4758
597.194,8,-35.8527,1.7941,-1.4747
597.205,8,-35.8447,1.7944,-1.4738
597.218,8,-35.8363,1.7945,-1.4726
597.229,8,-35.8283,1.7941,-1.4714
597.240,8,-35.8203,1.7936,-1.4703
597.251,8,-35.8122,1.7929,-1.4690
597.262,8,-35.8042,1.7917,-1.4677
597.274,8,-35.7961,1.7904,-1.4664
597.285,8,-35.7881,1.7889,-1.4650
597.296,8,-35.7800,1.7871,-1.4635
597.308,8,-35.7721,1.7850,-1.4621
597.319,8,-35.7639,1.7828,-1.4605
597.330,8,-35.7554,1.7807,-1.4587
597.342,8,-35.7385,1.7765,-1.4553
597.352,8,-35.7299,1.7744,-1.4534
597.368,8,-35.7213,1.7722,-1.4513
597.379,8,-35.7130,1.7700,-1.4492
597.390,8,-35.7043,1.7679,-1.4470
597.402,8,-35.6958,1.7658,-1.4447
597.413,8,-35.6871,1.7639,-1.4423
597.424,8,-35.6786,1.7620,-1.4399
597.435,8,-35.6701,1.7605,-1.4374
597.446,8,-35.6614,1.7592,-1.4349
597.457,8,-35.6525,1.7581,-1.4323
597.468,8,-35.6438,1.7572,-1.4297
597.479,8,-35.6349,1.7567,-1.4270
597.490,8,-35.6259,1.7566,-1.4243
597.502,8,-35.6171,1.7564,-1.4216
597.513,8,-35.6081,1.7566,-1.4187
597.524,8,-35.5994,1.7570,-1.4160
597.535,8,-35.5908,1.7576,-1.4132
597.546,8,-35.5826,1.7585,-1.4106
597.557,8,-35.5742,1.7597,-1.4078
597.568,8,-35.5658,1.7622,-1.4052
597.579,8,-35.5577,1.7650,-1.4028
597.590,8,-35.5495,1.7674,-1.4003
597.602,8,-35.5417,1.7694,-1.3981
597.613,8,-35.5338,1.7711,-1.3961
597.624,8,-35.5262,1.7730,-1.3943
597.635,8,-35.5184,1.7751,-1.3922
597.645,8,-35.5110,1.7772,-1.3907
597.656,8,-35.5033,1.7793,-1.3888
597.668,8,-35.4964,1.7809,-1.3875
597.679,8,-35.4894,1.7825,-1.3864
597.691,8,-35.4827,1.7841,-1.3851
597.702,8,-35.4761,1.7856,-1.3840
597.712,8,-35.4698,1.7870,-1.3830
597.724,8,-35.4637,1.7879,-1.3822
597.735,8,-35.4581,1.7887,-1.3815
597.746,8,-35.4526,1.7892,-1.3810
597.766,8,-35.4419,1.7903,-1.3795
597.788,8,-35.4316,1.7910,-1.3782
597.799,8,-35.4267,1.7913,-1.3777
597.813,8,-35.4223,1.7915,-1.3773
597.824,8,-35.4180,1.7917,-1.3772
597.835,8,-35.4137,1.7918,-1.3769
597.847,8,-35.4098,1.7917,-1.3770
597.860,8,-35.4062,1.7913,-1.3771
597.871,8,-35.4019,1.7914,-1.3767
597.882,8,-35.3992,1.7904,-1.3771
597.894,8,-35.3961,1.7899,-1.3772
597.906,8,-35.3934,1.7893,-1.3777
597.918,8,-35.3907,1.7889,-1.3783
597.929,8,-35.3884,1.7884,-1.3788
597.940,8,-35.3862,1.7878,-1.3794
597.951,8,-35.3841,1.7874,-1.3800
597.964,8,-35.3822,1.7870,-1.3809
597.975,8,-35.3804,1.7867,-1.3819
597.987,8,-35.3785,1.7867,-1.3829
597.999,8,-35.3746,1.7867,-1.3848
598.010,8,-35.3728,1.7871,-1.3859
598.025,8,-35.3719,1.7877,-1.3882
598.036,8,-35.3703,1.7879,-1.3896
598.047,8,-35.3673,1.7883,-1.3926
598.059,8,-35.3644,1.7885,-1.3954
598.075,8,-35.3619,1.7886,-1.3985
598.097,8,-35.3600,1.7890,-1.4019
598.119,8,-35.3582,1.7890,-1.4047
598.153,8,-35.3566,1.7892,-1.4081
598.176,8,-35.3549,1.7889,-1.4111
598.186,8,-35.3532,1.7884,-1.4140
598.208,8,-35.3516,1.7883,-1.4171
598.231,8,-35.3499,1.7888,-1.4200
598.265,8,-35.3486,1.7897,-1.4229
598.287,8,-35.3472,1.7901,-1.4255
598.298,8,-35.3458,1.7906,-1.4280
598.319,8,-35.3448,1.7910,-1.4303
598.343,8,-35.3437,1.7915,-1.4324
598.363,8,-35.3427,1.7916,-1.4343
598.386,8,-35.3416,1.7917,-1.4360
598.408,8,-35.3404,1.7918,-1.4373
598.430,8,-35.3393,1.7918,-1.4385
598.453,8,-35.3384,1.7916,-1.4394
598.475,8,-35.3375,1.7913,-1.4402
598.497,8,-35.3367,1.7911,-1.4411
598.519,8,-35.3359,1.7909,-1.4420

# --- Trial 9 start ---
605.357,9,-39.5262,1.7758,-1.4124
605.392,9,-39.5261,1.7757,-1.4124
605.407,9,-39.5262,1.7757,-1.4127
605.433,9,-39.5262,1.7755,-1.4129
605.453,9,-39.5260,1.7752,-1.4130
605.473,9,-39.5258,1.7749,-1.4131
605.484,9,-39.5257,1.7748,-1.4130
605.498,9,-39.5256,1.7748,-1.4130
605.509,9,-39.5255,1.7746,-1.4129
605.530,9,-39.5252,1.7745,-1.4126
605.541,9,-39.5249,1.7744,-1.4124
605.563,9,-39.5245,1.7741,-1.4119
605.575,9,-39.5240,1.7739,-1.4113
605.603,9,-39.5232,1.7737,-1.4102
605.614,9,-39.5223,1.7736,-1.4091
605.627,9,-39.5210,1.7738,-1.4077
605.649,9,-39.5192,1.7740,-1.4057
605.671,9,-39.5169,1.7735,-1.4033
605.693,9,-39.5143,1.7730,-1.4010
605.715,9,-39.5108,1.7721,-1.3985
605.737,9,-39.5067,1.7708,-1.3960
605.760,9,-39.5018,1.7695,-1.3937
605.782,9,-39.4958,1.7683,-1.3916
605.804,9,-39.4892,1.7669,-1.3897
605.827,9,-39.4822,1.7643,-1.3884
605.849,9,-39.4743,1.7619,-1.3877
605.872,9,-39.4661,1.7603,-1.3876
605.894,9,-39.4576,1.7604,-1.3883
605.916,9,-39.4496,1.7597,-1.3893
605.938,9,-39.4419,1.7580,-1.3905
605.960,9,-39.4343,1.7568,-1.3919
605.983,9,-39.4271,1.7556,-1.3935
606.005,9,-39.4199,1.7550,-1.3954
606.027,9,-39.4126,1.7545,-1.3974
606.049,9,-39.4056,1.7526,-1.3999
606.071,9,-39.4023,1.7517,-1.4018
606.086,9,-39.3992,1.7511,-1.4034
606.098,9,-39.3961,1.7504,-1.4049
606.108,9,-39.3930,1.7497,-1.4065
606.119,9,-39.3901,1.7489,-1.4082
606.131,9,-39.3874,1.7481,-1.4100
606.141,9,-39.3844,1.7474,-1.4118
606.153,9,-39.3818,1.7466,-1.4138
606.165,9,-39.3793,1.7458,-1.4159
606.176,9,-39.3766,1.7451,-1.4180
606.187,9,-39.3741,1.7442,-1.4204
606.206,9,-39.3692,1.7422,-1.4251
606.227,9,-39.3644,1.7402,-1.4304
606.238,9,-39.3604,1.7418,-1.4330
606.253,9,-39.3562,1.7474,-1.4355
606.264,9,-39.3532,1.7498,-1.4384
606.283,9,-39.3473,1.7498,-1.4442
606.305,9,-39.3405,1.7490,-1.4494
606.316,9,-39.3369,1.7496,-1.4517
606.330,9,-39.3340,1.7515,-1.4536
606.342,9,-39.3314,1.7529,-1.4560
606.361,9,-39.3262,1.7541,-1.4600
606.382,9,-39.3202,1.7540,-1.4640
606.394,9,-39.3170,1.7542,-1.4658
606.407,9,-39.3135,1.7546,-1.4674
606.419,9,-39.3100,1.7551,-1.4691
606.433,9,-39.3063,1.7555,-1.4708
606.447,9,-39.3026,1.7554,-1.4722
606.458,9,-39.2989,1.7550,-1.4736
606.468,9,-39.2947,1.7542,-1.4750
606.480,9,-39.2905,1.7534,-1.4763
606.491,9,-39.2862,1.7525,-1.4778
606.502,9,-39.2820,1.7516,-1.4788
606.514,9,-39.2775,1.7508,-1.4799
606.525,9,-39.2728,1.7501,-1.4807
606.536,9,-39.2681,1.7492,-1.4816
606.549,9,-39.2629,1.7479,-1.4822
606.563,9,-39.2575,1.7466,-1.4828
606.575,9,-39.2523,1.7454,-1.4834
606.586,9,-39.2470,1.7447,-1.4841
606.597,9,-39.2419,1.7434,-1.4845
606.608,9,-39.2363,1.7418,-1.4848
606.620,9,-39.2307,1.7405,-1.4850
606.631,9,-39.2247,1.7387,-1.4850
606.642,9,-39.2185,1.7373,-1.4850
606.653,9,-39.2120,1.7360,-1.4852
606.664,9,-39.2055,1.7345,-1.4850
606.675,9,-39.1988,1.7333,-1.4849
606.686,9,-39.1919,1.7315,-1.4845
606.698,9,-39.1850,1.7295,-1.4838
606.710,9,-39.1778,1.7272,-1.4830
606.721,9,-39.1706,1.7252,-1.4822
606.732,9,-39.1628,1.7231,-1.4815
606.744,9,-39.1552,1.7212,-1.4805
606.754,9,-39.1474,1.7195,-1.4799
606.765,9,-39.1393,1.7174,-1.4787
606.776,9,-39.1311,1.7153,-1.4773
606.787,9,-39.1226,1.7131,-1.4757
606.798,9,-39.1137,1.7113,-1.4742
606.809,9,-39.1048,1.7097,-1.4727
606.820,9,-39.0957,1.7082,-1.4711
606.832,9,-39.0863,1.7070,-1.4696
606.843,9,-39.0768,1.7056,-1.4676
606.854,9,-39.0669,1.7043,-1.4655
606.865,9,-39.0573,1.7030,-1.4635
606.876,9,-39.0471,1.7022,-1.4609
606.887,9,-39.0366,1.7018,-1.4586
606.898,9,-39.0258,1.7018,-1.4563
606.909,9,-39.0146,1.7023,-1.4540
606.920,9,-39.0034,1.7027,-1.4513
606.930,9,-38.9921,1.7028,-1.4485
606.941,9,-38.9806,1.7033,-1.4457
606.952,9,-38.9691,1.7040,-1.4426
606.963,9,-38.9570,1.7057,-1.4397
606.976,9,-38.9441,1.7087,-1.4365
606.987,9,-38.9318,1.7111,-1.4333
606.997,9,-38.9194,1.7133,-1.4304
607.008,9,-38.9077,1.7149,-1.4275
607.020,9,-38.8963,1.7163,-1.4247
607.030,9,-38.8853,1.7172,-1.4218
607.041,9,-38.8750,1.7187,-1.4193
607.052,9,-38.8647,1.7203,-1.4171
607.063,9,-38.8547,1.7215,-1.4148
607.074,9,-38.8450,1.7229,-1.4129
607.086,9,-38.8360,1.7237,-1.4107
607.097,9,-38.8265,1.7249,-1.4086
607.108,9,-38.8175,1.7264,-1.4069
607.119,9,-38.8086,1.7280,-1.4052
607.130,9,-38.7993,1.7306,-1.4039
607.141,9,-38.7900,1.7330,-1.4025
607.152,9,-38.7808,1.7360,-1.4015
607.163,9,-38.7719,1.7385,-1.4006
607.174,9,-38.7630,1.7406,-1.3995
607.185,9,-38.7540,1.7427,-1.3985
607.196,9,-38.7449,1.7442,-1.3978
607.208,9,-38.7356,1.7461,-1.3973
607.219,9,-38.7264,1.7477,-1.3967
607.230,9,-38.7171,1.7492,-1.3965
607.242,9,-38.7078,1.7500,-1.3961
607.253,9,-38.6984,1.7504,-1.3955
607.264,9,-38.6890,1.7504,-1.3951
607.275,9,-38.6798,1.7499,-1.3947
607.286,9,-38.6703,1.7490,-1.3945
607.297,9,-38.6613,1.7479,-1.3944
607.308,9,-38.6518,1.7470,-1.3944
607.320,9,-38.6425,1.7454,-1.3943
607.330,9,-38.6329,1.7438,-1.3943
607.342,9,-38.6230,1.7420,-1.3942
607.353,9,-38.6131,1.7398,-1.3941
607.363,9,-38.6031,1.7379,-1.3943
607.375,9,-38.5929,1.7358,-1.3948
607.386,9,-38.5828,1.7337,-1.3952
607.397,9,-38.5722,1.7318,-1.3959
607.408,9,-38.5617,1.7295,-1.3965
607.419,9,-38.5512,1.7274,-1.3972
607.431,9,-38.5408,1.7252,-1.3977
607.442,9,-38.5303,1.7233,-1.3985
607.453,9,-38.5195,1.7213,-1.3996
607.463,9,-38.5085,1.7194,-1.4005
607.475,9,-38.4973,1.7179,-1.4019
607.486,9,-38.4861,1.7164,-1.4032
607.497,9,-38.4748,1.7151,-1.4045
607.508,9,-38.4634,1.7142,-1.4059
607.519,9,-38.4520,1.7135,-1.4074
607.530,9,-38.4404,1.7130,-1.4090
607.541,9,-38.4286,1.7130,-1.4107
607.552,9,-38.4162,1.7137,-1.4126
607.564,9,-38.4040,1.7142,-1.4144
607.575,9,-38.3916,1.7148,-1.4161
607.586,9,-38.3793,1.7152,-1.4179
607.597,9,-38.3669,1.7160,-1.4197
607.608,9,-38.3542,1.7177,-1.4216
607.619,9,-38.3415,1.7200,-1.4237
607.630,9,-38.3288,1.7228,-1.4256
607.641,9,-38.3164,1.7252,-1.4273
607.652,9,-38.3041,1.7274,-1.4288
607.663,9,-38.2917,1.7299,-1.4303
607.674,9,-38.2795,1.7321,-1.4314
607.686,9,-38.2672,1.7345,-1.4325
607.697,9,-38.2552,1.7363,-1.4336
607.707,9,-38.2433,1.7381,-1.4346
607.718,9,-38.2320,1.7395,-1.4354
607.730,9,-38.2208,1.7410,-1.4359
607.740,9,-38.2092,1.7427,-1.4365
607.752,9,-38.1983,1.7441,-1.4366
607.763,9,-38.1874,1.7457,-1.4369
607.774,9,-38.1764,1.7475,-1.4371
607.785,9,-38.1659,1.7491,-1.4371
607.797,9,-38.1550,1.7509,-1.4371
607.807,9,-38.1441,1.7525,-1.4368
607.819,9,-38.1331,1.7540,-1.4364
607.830,9,-38.1222,1.7552,-1.4360
607.842,9,-38.1112,1.7563,-1.4357
607.853,9,-38.1001,1.7575,-1.4354
607.863,9,-38.0891,1.7582,-1.4351
607.875,9,-38.0777,1.7587,-1.4348
607.886,9,-38.0664,1.7588,-1.4343
607.897,9,-38.0550,1.7585,-1.4338
607.908,9,-38.0435,1.7577,-1.4332
607.920,9,-38.0321,1.7564,-1.4324
607.930,9,-38.0205,1.7551,-1.4318
607.941,9,-38.0087,1.7534,-1.4310
607.952,9,-37.9969,1.7515,-1.4303
607.963,9,-37.9849,1.7493,-1.4295
607.975,9,-37.9728,1.7467,-1.4284
607.986,9,-37.9607,1.7439,-1.4273
607.998,9,-37.9485,1.7410,-1.4260
608.008,9,-37.9361,1.7383,-1.4248
608.020,9,-37.9233,1.7358,-1.4235
608.030,9,-37.9106,1.7334,-1.4221
608.042,9,-37.8978,1.7313,-1.4207
608.053,9,-37.8850,1.7292,-1.4191
608.063,9,-37.8719,1.7275,-1.4173
608.074,9,-37.8587,1.7258,-1.4153
608.086,9,-37.8453,1.7246,-1.4132
608.097,9,-37.8318,1.7238,-1.4111
608.116,9,-37.8178,1.7239,-1.4086
608.129,9,-37.7905,1.7231,-1.4042
608.138,9,-37.7768,1.7232,-1.4017
608.152,9,-37.7632,1.7236,-1.3991
608.163,9,-37.7496,1.7242,-1.3966
608.174,9,-37.7357,1.7254,-1.3941
608.185,9,-37.7218,1.7278,-1.3916
608.196,9,-37.7077,1.7304,-1.3891
608.207,9,-37.6943,1.7323,-1.3869
608.227,9,-37.6676,1.7357,-1.3828
608.248,9,-37.6417,1.7392,-1.3795
608.259,9,-37.6290,1.7410,-1.3784
608.273,9,-37.6168,1.7431,-1.3778
608.285,9,-37.6044,1.7452,-1.3771
608.295,9,-37.5919,1.7472,-1.3764
608.307,9,-37.5799,1.7495,-1.3762
608.318,9,-37.5677,1.7518,-1.3758
608.330,9,-37.5557,1.7544,-1.3758
608.340,9,-37.5438,1.7570,-1.3758
608.352,9,-37.5323,1.7597,-1.3760
608.363,9,-37.5211,1.7622,-1.3763
608.374,9,-37.5099,1.7644,-1.3766
608.385,9,-37.4987,1.7668,-1.3770
608.396,9,-37.4873,1.7689,-1.3771
608.408,9,-37.4758,1.7709,-1.3774
608.418,9,-37.4641,1.7727,-1.3778
608.429,9,-37.4524,1.7743,-1.3782
608.441,9,-37.4407,1.7755,-1.3786
608.451,9,-37.4288,1.7764,-1.3789
608.465,9,-37.4167,1.7765,-1.3794
608.478,9,-37.4046,1.7761,-1.3800
608.488,9,-37.3924,1.7754,-1.3806
608.500,9,-37.3802,1.7741,-1.3812
608.511,9,-37.3682,1.7729,-1.3820
608.523,9,-37.3559,1.7711,-1.3829
608.534,9,-37.3433,1.7688,-1.3837
608.545,9,-37.3308,1.7664,-1.3847
608.557,9,-37.3181,1.7635,-1.3856
608.568,9,-37.3055,1.7607,-1.3868
608.580,9,-37.2927,1.7579,-1.3880
608.590,9,-37.2801,1.7551,-1.3893
608.602,9,-37.2674,1.7525,-1.3907
608.612,9,-37.2545,1.7501,-1.3922
608.623,9,-37.2414,1.7478,-1.3938
608.634,9,-37.2282,1.7457,-1.3955
608.646,9,-37.2148,1.7439,-1.3974
608.657,9,-37.2015,1.7424,-1.3993
608.672,9,-37.1748,1.7393,-1.4033
608.693,9,-37.1477,1.7376,-1.4078
608.715,9,-37.1205,1.7369,-1.4124
608.737,9,-37.0928,1.7373,-1.4173
608.747,9,-37.0788,1.7390,-1.4198
608.762,9,-37.0650,1.7419,-1.4221
608.773,9,-37.0516,1.7439,-1.4242
608.785,9,-37.0385,1.7457,-1.4262
608.796,9,-37.0258,1.7473,-1.4280
608.807,9,-37.0131,1.7490,-1.4295
608.818,9,-37.0009,1.7506,-1.4307
608.830,9,-36.9890,1.7523,-1.4318
608.841,9,-36.9770,1.7542,-1.4328
608.852,9,-36.9654,1.7562,-1.4331
608.863,9,-36.9542,1.7584,-1.4335
608.874,9,-36.9432,1.7607,-1.4336
608.886,9,-36.9322,1.7631,-1.4335
608.897,9,-36.9215,1.7658,-1.4332
608.908,9,-36.9107,1.7686,-1.4328
608.919,9,-36.8998,1.7712,-1.4325
608.930,9,-36.8891,1.7736,-1.4321
608.941,9,-36.8784,1.7758,-1.4316
608.952,9,-36.8678,1.7777,-1.4311
608.963,9,-36.8572,1.7792,-1.4303
608.975,9,-36.8465,1.7807,-1.4298
608.987,9,-36.8359,1.7816,-1.4294
609.004,9,-36.8144,1.7831,-1.4285
609.026,9,-36.7929,1.7829,-1.4276
609.048,9,-36.7713,1.7810,-1.4266
609.058,9,-36.7602,1.7795,-1.4260
609.073,9,-36.7488,1.7775,-1.4254
609.085,9,-36.7373,1.7755,-1.4247
609.095,9,-36.7258,1.7733,-1.4238
609.107,9,-36.7142,1.7711,-1.4229
609.118,9,-36.7026,1.7686,-1.4217
609.129,9,-36.6909,1.7662,-1.4207
609.140,9,-36.6792,1.7639,-1.4196
609.152,9,-36.6675,1.7614,-1.4183
609.163,9,-36.6557,1.7589,-1.4170
609.174,9,-36.6440,1.7565,-1.4155
609.185,9,-36.6324,1.7541,-1.4141
609.196,9,-36.6207,1.7519,-1.4125
609.208,9,-36.6086,1.7499,-1.4108
609.218,9,-36.5968,1.7483,-1.4091
609.229,9,-36.5845,1.7472,-1.4073
609.240,9,-36.5722,1.7464,-1.4055
609.251,9,-36.5597,1.7459,-1.4036
609.263,9,-36.5471,1.7455,-1.4016
609.273,9,-36.5345,1.7455,-1.3995
609.285,9,-36.5220,1.7453,-1.3975
609.295,9,-36.5093,1.7458,-1.3954
609.307,9,-36.4965,1.7471,-1.3933
609.318,9,-36.4837,1.7487,-1.3912
609.330,9,-36.4712,1.7505,-1.3890
609.340,9,-36.4589,1.7517,-1.3871
609.351,9,-36.4467,1.7532,-1.3854
609.362,9,-36.4346,1.7548,-1.3837
609.374,9,-36.4226,1.7568,-1.3821
609.384,9,-36.4106,1.7585,-1.3809
609.395,9,-36.3989,1.7600,-1.3800
609.406,9,-36.3875,1.7615,-1.3794
609.419,9,-36.3759,1.7631,-1.3786
609.429,9,-36.3652,1.7654,-1.3787
609.441,9,-36.3541,1.7676,-1.3786
609.452,9,-36.3434,1.7697,-1.3787
609.462,9,-36.3327,1.7715,-1.3790
609.473,9,-36.3223,1.7735,-1.3795
609.485,9,-36.3121,1.7755,-1.3802
609.496,9,-36.3018,1.7777,-1.3809
609.506,9,-36.2917,1.7799,-1.3819
609.518,9,-36.2818,1.7818,-1.3828
609.529,9,-36.2716,1.7835,-1.3838
609.540,9,-36.2615,1.7850,-1.3848
609.551,9,-36.2514,1.7862,-1.3859
609.562,9,-36.2413,1.7873,-1.3870
609.573,9,-36.2312,1.7881,-1.3880
609.584,9,-36.2211,1.7887,-1.3891
609.596,9,-36.2110,1.7888,-1.3904
609.607,9,-36.2011,1.7886,-1.3917
609.618,9,-36.1912,1.7881,-1.3932
609.629,9,-36.1813,1.7870,-1.3947
609.641,9,-36.1714,1.7857,-1.3963
609.651,9,-36.1616,1.7841,-1.3980
609.662,9,-36.1516,1.7825,-1.3997
609.673,9,-36.1415,1.7806,-1.4015
609.684,9,-36.1315,1.7785,-1.4034
609.695,9,-36.1215,1.7767,-1.4053
609.706,9,-36.1115,1.7745,-1.4075
609.717,9,-36.1014,1.7726,-1.4097
609.728,9,-36.0910,1.7707,-1.4120
609.739,9,-36.0806,1.7689,-1.4145
609.751,9,-36.0702,1.7670,-1.4171
609.762,9,-36.0598,1.7652,-1.4196
609.774,9,-36.0494,1.7636,-1.4223
609.785,9,-36.0390,1.7622,-1.4251
609.796,9,-36.0286,1.7609,-1.4280
609.807,9,-36.0183,1.7596,-1.4308
609.818,9,-36.0079,1.7586,-1.4338
609.829,9,-35.9978,1.7579,-1.4366
609.841,9,-35.9875,1.7574,-1.4395
609.852,9,-35.9772,1.7570,-1.4426
609.863,9,-35.9669,1.7567,-1.4455
609.873,9,-35.9565,1.7563,-1.4484
609.885,9,-35.9467,1.7579,-1.4513
609.896,9,-35.9368,1.7588,-1.4542
609.907,9,-35.9272,1.7599,-1.4569
609.918,9,-35.9175,1.7612,-1.4595
609.929,9,-35.9078,1.7630,-1.4620
609.940,9,-35.8982,1.7650,-1.4643
609.952,9,-35.8889,1.7666,-1.4666
609.963,9,-35.8798,1.7680,-1.4686
609.974,9,-35.8708,1.7693,-1.4703
609.985,9,-35.8618,1.7708,-1.4719
609.997,9,-35.8530,1.7725,-1.4732
610.008,9,-35.8445,1.7743,-1.4744
610.019,9,-35.8361,1.7760,-1.4754
610.030,9,-35.8279,1.7776,-1.4761
610.041,9,-35.8199,1.7792,-1.4769
610.053,9,-35.8122,1.7809,-1.4773
610.064,9,-35.8047,1.7826,-1.4775
610.075,9,-35.7972,1.7841,-1.4778
610.086,9,-35.7898,1.7855,-1.4776
610.098,9,-35.7824,1.7868,-1.4776
610.109,9,-35.7750,1.7880,-1.4774
610.120,9,-35.7677,1.7893,-1.4772
610.132,9,-35.7603,1.7904,-1.4770
610.142,9,-35.7529,1.7913,-1.4766
610.153,9,-35.7456,1.7917,-1.4762
610.164,9,-35.7383,1.7920,-1.4758
610.175,9,-35.7312,1.7921,-1.4752
610.186,9,-35.7240,1.7920,-1.4747
610.197,9,-35.7169,1.7915,-1.4738
610.208,9,-35.7099,1.7910,-1.4731
610.219,9,-35.7028,1.7901,-1.4721
610.230,9,-35.6957,1.7893,-1.4712
610.241,9,-35.6885,1.7884,-1.4701
610.252,9,-35.6814,1.7876,-1.4690
610.263,9,-35.6742,1.7866,-1.4677
610.274,9,-35.6671,1.7856,-1.4664
610.286,9,-35.6601,1.7843,-1.4649
610.297,9,-35.6531,1.7831,-1.4634
610.307,9,-35.6461,1.7816,-1.4617
610.319,9,-35.6390,1.7804,-1.4598
610.330,9,-35.6320,1.7793,-1.4580
610.341,9,-35.6251,1.7783,-1.4561
610.352,9,-35.6181,1.7772,-1.4540
610.364,9,-35.6111,1.7762,-1.4518
610.374,9,-35.6040,1.7753,-1.4496
610.385,9,-35.5968,1.7747,-1.4473
610.396,9,-35.5896,1.7742,-1.4448
610.408,9,-35.5824,1.7737,-1.4423
610.419,9,-35.5754,1.7733,-1.4398
610.430,9,-35.5685,1.7731,-1.4373
610.441,9,-35.5617,1.7730,-1.4347
610.452,9,-35.5552,1.7729,-1.4322
610.463,9,-35.5486,1.7732,-1.4298
610.474,9,-35.5419,1.7745,-1.4273
610.486,9,-35.5353,1.7765,-1.4249
610.500,9,-35.5289,1.7785,-1.4226
610.512,9,-35.5227,1.7796,-1.4203
610.523,9,-35.5165,1.7804,-1.4182
610.534,9,-35.5105,1.7814,-1.4162
610.545,9,-35.5045,1.7825,-1.4144
610.556,9,-35.4986,1.7839,-1.4127
610.567,9,-35.4927,1.7853,-1.4112
610.578,9,-35.4867,1.7867,-1.4098
610.587,9,-35.4808,1.7881,-1.4086
610.598,9,-35.4748,1.7895,-1.4073
610.609,9,-35.4689,1.7910,-1.4062
610.619,9,-35.4629,1.7925,-1.4051
610.630,9,-35.4571,1.7934,-1.4043
610.641,9,-35.4516,1.7941,-1.4035
610.651,9,-35.4463,1.7944,-1.4028
610.662,9,-35.4415,1.7943,-1.4023
610.674,9,-35.4366,1.7946,-1.4019
610.685,9,-35.4318,1.7947,-1.4014
610.696,9,-35.4270,1.7948,-1.4009
610.707,9,-35.4223,1.7951,-1.4004
610.718,9,-35.4178,1.7951,-1.4000
610.729,9,-35.4136,1.7951,-1.3998
610.740,9,-35.4096,1.7950,-1.3996
610.752,9,-35.4057,1.7949,-1.3995
610.762,9,-35.4020,1.7947,-1.3995
610.773,9,-35.3986,1.7944,-1.3996
610.785,9,-35.3954,1.7939,-1.3999
610.796,9,-35.3923,1.7934,-1.4000
610.807,9,-35.3897,1.7927,-1.4003
610.818,9,-35.3873,1.7919,-1.4007
610.829,9,-35.3854,1.7912,-1.4014
610.840,9,-35.3836,1.7907,-1.4018
610.851,9,-35.3818,1.7904,-1.4024
610.863,9,-35.3802,1.7899,-1.4030
610.873,9,-35.3787,1.7894,-1.4039
610.885,9,-35.3770,1.7891,-1.4046
610.896,9,-35.3754,1.7891,-1.4052
610.907,9,-35.3736,1.7893,-1.4060
610.919,9,-35.3721,1.7897,-1.4069
610.929,9,-35.3705,1.7899,-1.4078
610.940,9,-35.3694,1.7903,-1.4094
610.952,9,-35.3681,1.7905,-1.4104
610.962,9,-35.3668,1.7907,-1.4115
610.973,9,-35.3657,1.7908,-1.4126
610.985,9,-35.3647,1.7909,-1.4139
610.996,9,-35.3636,1.7911,-1.4152
611.007,9,-35.3626,1.7913,-1.4164
611.018,9,-35.3618,1.7914,-1.4177
611.029,9,-35.3609,1.7915,-1.4190
611.040,9,-35.3600,1.7917,-1.4203
611.051,9,-35.3592,1.7917,-1.4215
611.062,9,-35.3583,1.7919,-1.4226
611.073,9,-35.3573,1.7921,-1.4237
611.085,9,-35.3564,1.7924,-1.4249
611.095,9,-35.3554,1.7926,-1.4259
611.106,9,-35.3545,1.7928,-1.4269
611.118,9,-35.3535,1.7929,-1.4279
611.128,9,-35.3526,1.7930,-1.4290
611.140,9,-35.3517,1.7931,-1.4299
611.151,9,-35.3509,1.7933,-1.4309
611.170,9,-35.3501,1.7933,-1.4317
611.183,9,-35.3484,1.7933,-1.4336
611.204,9,-35.3470,1.7931,-1.4355
611.225,9,-35.3458,1.7928,-1.4372
611.236,9,-35.3452,1.7926,-1.4380
611.250,9,-35.3447,1.7925,-1.4388
611.262,9,-35.3442,1.7923,-1.4394
611.273,9,-35.3437,1.7921,-1.4399
611.284,9,-35.3432,1.7919,-1.4405
611.296,9,-35.3427,1.7917,-1.4409
611.306,9,-35.3422,1.7916,-1.4414
611.318,9,-35.3418,1.7915,-1.4418
611.329,9,-35.3414,1.7915,-1.4422
611.340,9,-35.3409,1.7914,-1.4425
611.352,9,-35.3406,1.7914,-1.4428
611.362,9,-35.3402,1.7913,-1.4431
611.374,9,-35.3399,1.7912,-1.4433
611.384,9,-35.3396,1.7911,-1.4436
611.395,9,-35.3392,1.7912,-1.4441
611.407,9,-35.3389,1.7911,-1.4443

# --- Trial 10 start ---
618.451,10,-39.5363,1.7742,-1.4654
618.486,10,-39.5351,1.7735,-1.4649
618.501,10,-39.5334,1.7729,-1.4643
618.527,10,-39.5318,1.7726,-1.4638
618.547,10,-39.5305,1.7723,-1.4634
618.559,10,-39.5300,1.7719,-1.4631
618.580,10,-39.5288,1.7712,-1.4626
618.591,10,-39.5282,1.7710,-1.4623
618.605,10,-39.5275,1.7708,-1.4620
618.617,10,-39.5267,1.7707,-1.4616
618.628,10,-39.5261,1.7705,-1.4612
618.646,10,-39.5250,1.7702,-1.4604
618.657,10,-39.5244,1.7699,-1.4598
618.679,10,-39.5233,1.7696,-1.4587
618.690,10,-39.5221,1.7692,-1.4575
618.713,10,-39.5206,1.7692,-1.4559
618.724,10,-39.5192,1.7690,-1.4542
618.746,10,-39.5175,1.7690,-1.4521
618.765,10,-39.5154,1.7690,-1.4500
618.788,10,-39.5129,1.7687,-1.4475
618.810,10,-39.5102,1.7677,-1.4448
618.832,10,-39.5071,1.7672,-1.4419
618.854,10,-39.5032,1.7668,-1.4391
618.876,10,-39.4987,1.7663,-1.4361
618.899,10,-39.4945,1.7656,-1.4333
618.921,10,-39.4899,1.7646,-1.4307
618.955,10,-39.4844,1.7629,-1.4284
618.976,10,-39.4793,1.7608,-1.4262
618.999,10,-39.4743,1.7586,-1.4246
619.020,10,-39.4688,1.7564,-1.4233
619.031,10,-39.4634,1.7543,-1.4222
619.053,10,-39.4580,1.7526,-1.4221
619.076,10,-39.4530,1.7524,-1.4226
619.098,10,-39.4485,1.7517,-1.4237
619.121,10,-39.4436,1.7512,-1.4249
619.143,10,-39.4393,1.7509,-1.4266
619.165,10,-39.4352,1.7506,-1.4287
619.187,10,-39.4332,1.7508,-1.4303
619.201,10,-39.4309,1.7509,-1.4315
619.213,10,-39.4286,1.7509,-1.4328
619.224,10,-39.4264,1.7509,-1.4341
619.235,10,-39.4241,1.7509,-1.4355
619.247,10,-39.4219,1.7509,-1.4369
619.258,10,-39.4197,1.7509,-1.4384
619.269,10,-39.4175,1.7508,-1.4400
619.281,10,-39.4153,1.7508,-1.4416
619.291,10,-39.4131,1.7506,-1.4433
619.302,10,-39.4110,1.7504,-1.4451
619.313,10,-39.4090,1.7501,-1.4468
619.325,10,-39.4071,1.7497,-1.4488
619.337,10,-39.4052,1.7494,-1.4507
619.354,10,-39.4013,1.7488,-1.4545
619.376,10,-39.3973,1.7482,-1.4587
619.387,10,-39.3952,1.7478,-1.4610
619.401,10,-39.3933,1.7471,-1.4635
619.413,10,-39.3914,1.7461,-1.4661
619.423,10,-39.3897,1.7447,-1.4685
619.434,10,-39.3882,1.7430,-1.4710
619.446,10,-39.3865,1.7417,-1.4736
619.457,10,-39.3831,1.7433,-1.4763
619.478,10,-39.3764,1.7521,-1.4812
619.499,10,-39.3721,1.7533,-1.4869
619.509,10,-39.3685,1.7527,-1.4895
619.524,10,-39.3657,1.7534,-1.4917
619.536,10,-39.3619,1.7550,-1.4939
619.547,10,-39.3588,1.7566,-1.4961
619.557,10,-39.3563,1.7589,-1.4986
619.569,10,-39.3536,1.7599,-1.5008
619.580,10,-39.3510,1.7606,-1.5027
619.591,10,-39.3481,1.7609,-1.5051
619.603,10,-39.3450,1.7607,-1.5071
619.615,10,-39.3417,1.7607,-1.5091
619.626,10,-39.3382,1.7614,-1.5111
619.642,10,-39.3344,1.7617,-1.5134
619.656,10,-39.3309,1.7617,-1.5153
619.669,10,-39.3271,1.7615,-1.5172
619.681,10,-39.3230,1.7611,-1.5190
619.691,10,-39.3190,1.7605,-1.5206
619.702,10,-39.3147,1.7597,-1.5224
619.714,10,-39.3104,1.7593,-1.5242
619.725,10,-39.3059,1.7586,-1.5258
619.737,10,-39.3014,1.7580,-1.5274
619.749,10,-39.2966,1.7572,-1.5288
619.760,10,-39.2916,1.7561,-1.5301
619.771,10,-39.2869,1.7546,-1.5313
619.783,10,-39.2817,1.7530,-1.5326
619.795,10,-39.2765,1.7521,-1.5341
619.807,10,-39.2710,1.7510,-1.5351
619.819,10,-39.2655,1.7501,-1.5362
619.831,10,-39.2597,1.7491,-1.5371
619.842,10,-39.2539,1.7481,-1.5379
619.854,10,-39.2424,1.7456,-1.5393
619.866,10,-39.2361,1.7445,-1.5398
619.881,10,-39.2294,1.7438,-1.5405
619.892,10,-39.2227,1.7429,-1.5408
619.903,10,-39.2158,1.7420,-1.5411
619.917,10,-39.2087,1.7405,-1.5410
619.934,10,-39.1943,1.7378,-1.5411
619.955,10,-39.1791,1.7348,-1.5406
619.977,10,-39.1631,1.7317,-1.5401
619.988,10,-39.1548,1.7300,-1.5397
620.002,10,-39.1463,1.7276,-1.5386
620.014,10,-39.1374,1.7255,-1.5377
620.025,10,-39.1288,1.7235,-1.5367
620.037,10,-39.1197,1.7219,-1.5359
620.048,10,-39.1104,1.7201,-1.5346
620.060,10,-39.1013,1.7185,-1.5335
620.071,10,-39.0920,1.7169,-1.5321
620.082,10,-39.0826,1.7150,-1.5305
620.093,10,-39.0730,1.7138,-1.5290
620.105,10,-39.0629,1.7129,-1.5272
620.116,10,-39.0527,1.7128,-1.5256
620.129,10,-39.0423,1.7127,-1.5237
620.140,10,-39.0315,1.7130,-1.5219
620.152,10,-39.0205,1.7136,-1.5198
620.163,10,-39.0097,1.7141,-1.5174
620.174,10,-38.9982,1.7157,-1.5153
620.185,10,-38.9867,1.7175,-1.5130
620.196,10,-38.9744,1.7206,-1.5108
620.207,10,-38.9624,1.7235,-1.5084
620.218,10,-38.9503,1.7265,-1.5061
620.229,10,-38.9386,1.7288,-1.5037
620.240,10,-38.9270,1.7307,-1.5013
620.252,10,-38.9160,1.7319,-1.4991
620.262,10,-38.9053,1.7329,-1.4970
620.273,10,-38.8949,1.7334,-1.4949
620.284,10,-38.8844,1.7342,-1.4930
620.295,10,-38.8745,1.7347,-1.4914
620.306,10,-38.8644,1.7352,-1.4897
620.317,10,-38.8549,1.7354,-1.4881
620.329,10,-38.8451,1.7360,-1.4868
620.340,10,-38.8355,1.7367,-1.4859
620.352,10,-38.8259,1.7379,-1.4851
620.362,10,-38.8157,1.7398,-1.4846
620.373,10,-38.8060,1.7416,-1.4839
620.384,10,-38.7960,1.7436,-1.4836
620.395,10,-38.7863,1.7452,-1.4834
620.406,10,-38.7769,1.7463,-1.4831
620.417,10,-38.7674,1.7475,-1.4832
620.429,10,-38.7579,1.7484,-1.4832
620.438,10,-38.7481,1.7497,-1.4836
620.449,10,-38.7385,1.7506,-1.4837
620.460,10,-38.7287,1.7513,-1.4841
620.471,10,-38.7189,1.7516,-1.4844
620.483,10,-38.7092,1.7512,-1.4844
620.493,10,-38.6994,1.7510,-1.4848
620.503,10,-38.6896,1.7503,-1.4850
620.515,10,-38.6793,1.7493,-1.4856
620.525,10,-38.6692,1.7480,-1.4861
620.536,10,-38.6588,1.7467,-1.4867
620.547,10,-38.6487,1.7446,-1.4872
620.558,10,-38.6386,1.7419,-1.4876
620.569,10,-38.6284,1.7393,-1.4883
620.580,10,-38.6181,1.7363,-1.4889
620.591,10,-38.6078,1.7333,-1.4897
620.603,10,-38.5970,1.7306,-1.4911
620.615,10,-38.5860,1.7278,-1.4923
620.630,10,-38.5748,1.7251,-1.4937
620.642,10,-38.5640,1.7225,-1.4948
620.653,10,-38.5528,1.7200,-1.4962
620.665,10,-38.5413,1.7178,-1.4977
620.676,10,-38.5183,1.7136,-1.5009
620.687,10,-38.5065,1.7117,-1.5028
620.702,10,-38.4946,1.7104,-1.5050
620.713,10,-38.4829,1.7090,-1.5069
620.725,10,-38.4707,1.7080,-1.5090
620.736,10,-38.4586,1.7073,-1.5113
620.747,10,-38.4461,1.7070,-1.5136
620.759,10,-38.4334,1.7071,-1.5162
620.771,10,-38.4206,1.7071,-1.5187
620.782,10,-38.4077,1.7075,-1.5214
620.794,10,-38.3950,1.7082,-1.5239
620.806,10,-38.3819,1.7098,-1.5265
620.817,10,-38.3690,1.7117,-1.5290
620.829,10,-38.3565,1.7137,-1.5313
620.840,10,-38.3438,1.7157,-1.5338
620.852,10,-38.3313,1.7176,-1.5358
620.863,10,-38.3190,1.7197,-1.5377
620.875,10,-38.3072,1.7213,-1.5392
620.886,10,-38.2957,1.7229,-1.5406
620.898,10,-38.2844,1.7242,-1.5417
620.909,10,-38.2616,1.7275,-1.5441
620.921,10,-38.2506,1.7296,-1.5448
620.935,10,-38.2398,1.7322,-1.5452
620.948,10,-38.2292,1.7347,-1.5454
620.961,10,-38.2190,1.7371,-1.5454
620.973,10,-38.2088,1.7396,-1.5454
620.985,10,-38.1983,1.7421,-1.5453
620.997,10,-38.1876,1.7448,-1.5452
621.008,10,-38.1772,1.7472,-1.5451
621.020,10,-38.1664,1.7497,-1.5449
621.031,10,-38.1559,1.7517,-1.5446
621.043,10,-38.1349,1.7557,-1.5441
621.054,10,-38.1244,1.7571,-1.5437
621.069,10,-38.1137,1.7577,-1.5429
621.081,10,-38.1028,1.7582,-1.5423
621.093,10,-38.0918,1.7584,-1.5418
621.104,10,-38.0810,1.7580,-1.5411
621.114,10,-38.0701,1.7572,-1.5404
621.126,10,-38.0592,1.7558,-1.5396
621.138,10,-38.0482,1.7540,-1.5387
621.149,10,-38.0373,1.7520,-1.5377
621.160,10,-38.0260,1.7496,-1.5367
621.173,10,-38.0149,1.7467,-1.5356
621.188,10,-37.9925,1.7415,-1.5335
621.210,10,-37.9695,1.7352,-1.5307
621.232,10,-37.9460,1.7297,-1.5276
621.242,10,-37.9341,1.7273,-1.5260
621.257,10,-37.9213,1.7255,-1.5241
621.268,10,-37.9088,1.7235,-1.5223
621.279,10,-37.8961,1.7220,-1.5202
621.291,10,-37.8833,1.7209,-1.5182
621.301,10,-37.8703,1.7203,-1.5161
621.312,10,-37.8571,1.7202,-1.5138
621.324,10,-37.8436,1.7204,-1.5116
621.335,10,-37.8303,1.7209,-1.5093
621.346,10,-37.8170,1.7214,-1.5072
621.357,10,-37.8034,1.7224,-1.5048
621.368,10,-37.7897,1.7239,-1.5023
621.379,10,-37.7757,1.7263,-1.4998
621.391,10,-37.7620,1.7290,-1.4974
621.401,10,-37.7483,1.7313,-1.4951
621.413,10,-37.7352,1.7332,-1.4929
621.424,10,-37.7220,1.7351,-1.4909
621.435,10,-37.7090,1.7370,-1.4890
621.446,10,-37.6963,1.7389,-1.4872
621.458,10,-37.6836,1.7409,-1.4857
621.468,10,-37.6710,1.7428,-1.4843
621.480,10,-37.6587,1.7447,-1.4832
621.491,10,-37.6467,1.7468,-1.4822
621.502,10,-37.6346,1.7491,-1.4815
621.513,10,-37.6228,1.7514,-1.4809
621.524,10,-37.6111,1.7537,-1.4804
621.535,10,-37.5993,1.7563,-1.4802
621.546,10,-37.5877,1.7588,-1.4800
621.558,10,-37.5762,1.7612,-1.4801
621.569,10,-37.5645,1.7637,-1.4803
621.579,10,-37.5530,1.7659,-1.4806
621.591,10,-37.5415,1.7679,-1.4808
621.602,10,-37.5301,1.7696,-1.4810
621.613,10,-37.5186,1.7709,-1.4813
621.624,10,-37.5071,1.7722,-1.4816
621.636,10,-37.4955,1.7732,-1.4820
621.647,10,-37.4838,1.7738,-1.4824
621.658,10,-37.4722,1.7743,-1.4828
621.669,10,-37.4604,1.7742,-1.4832
621.681,10,-37.4487,1.7733,-1.4837
621.692,10,-37.4369,1.7724,-1.4842
621.703,10,-37.4252,1.7709,-1.4848
621.714,10,-37.4132,1.7690,-1.4856
621.726,10,-37.4011,1.7672,-1.4865
621.736,10,-37.3890,1.7645,-1.4875
621.749,10,-37.3768,1.7618,-1.4885
621.759,10,-37.3646,1.7589,-1.4896
621.771,10,-37.3522,1.7557,-1.4909
621.783,10,-37.3401,1.7526,-1.4921
621.795,10,-37.3276,1.7495,-1.4934
621.806,10,-37.3151,1.7467,-1.4949
621.817,10,-37.3028,1.7443,-1.4964
621.829,10,-37.2901,1.7417,-1.4979
621.841,10,-37.2773,1.7393,-1.4996
621.852,10,-37.2643,1.7372,-1.5014
621.863,10,-37.2514,1.7354,-1.5032
621.875,10,-37.2386,1.7337,-1.5051
621.886,10,-37.2257,1.7326,-1.5072
621.897,10,-37.2127,1.7317,-1.5092
621.908,10,-37.1995,1.7313,-1.5113
621.919,10,-37.1865,1.7311,-1.5133
621.931,10,-37.1731,1.7315,-1.5154
621.944,10,-37.1463,1.7328,-1.5194
621.955,10,-37.1328,1.7348,-1.5213
621.969,10,-37.1196,1.7378,-1.5230
621.980,10,-37.1064,1.7403,-1.5246
621.991,10,-37.0935,1.7425,-1.5261
622.002,10,-37.0809,1.7446,-1.5272
622.015,10,-37.0688,1.7465,-1.5280
622.027,10,-37.0572,1.7482,-1.5286
622.039,10,-37.0451,1.7500,-1.5292
622.050,10,-37.0336,1.7523,-1.5295
622.061,10,-37.0222,1.7548,-1.5296
622.073,10,-37.0112,1.7575,-1.5295
622.085,10,-37.0003,1.7602,-1.5292
622.097,10,-36.9893,1.7632,-1.5287
622.108,10,-36.9786,1.7660,-1.5282
622.119,10,-36.9679,1.7690,-1.5275
622.130,10,-36.9572,1.7718,-1.5269
622.141,10,-36.9465,1.7744,-1.5262
622.152,10,-36.9361,1.7769,-1.5255
622.164,10,-36.9255,1.7792,-1.5246
622.175,10,-36.9044,1.7835,-1.5231
622.186,10,-36.8940,1.7852,-1.5222
622.202,10,-36.8834,1.7860,-1.5211
622.213,10,-36.8728,1.7870,-1.5201
622.225,10,-36.8622,1.7873,-1.5191
622.237,10,-36.8515,1.7867,-1.5181
622.248,10,-36.8406,1.7863,-1.5170
622.260,10,-36.8298,1.7851,-1.5158
622.271,10,-36.8186,1.7835,-1.5146
622.282,10,-36.8075,1.7815,-1.5134
622.293,10,-36.7963,1.7795,-1.5122
622.303,10,-36.7853,1.7770,-1.5109
622.314,10,-36.7741,1.7743,-1.5095
622.325,10,-36.7627,1.7711,-1.5081
622.335,10,-36.7515,1.7683,-1.5068
622.346,10,-36.7401,1.7656,-1.5053
622.356,10,-36.7284,1.7629,-1.5036
622.368,10,-36.7167,1.7605,-1.5020
622.378,10,-36.7048,1.7583,-1.5003
622.389,10,-36.6929,1.7563,-1.4985
622.401,10,-36.6807,1.7545,-1.4964
622.412,10,-36.6684,1.7530,-1.4945
622.422,10,-36.6561,1.7520,-1.4924
622.434,10,-36.6436,1.7512,-1.4904
622.445,10,-36.6311,1.7507,-1.4882
622.456,10,-36.6183,1.7503,-1.4858
622.467,10,-36.6055,1.7499,-1.4835
622.478,10,-36.5928,1.7501,-1.4811
622.489,10,-36.5802,1.7505,-1.4787
622.501,10,-36.5673,1.7520,-1.4762
622.511,10,-36.5547,1.7537,-1.4736
622.522,10,-36.5426,1.7554,-1.4713
622.533,10,-36.5305,1.7567,-1.4690
622.545,10,-36.5183,1.7583,-1.4668
622.555,10,-36.5062,1.7600,-1.4647
622.567,10,-36.4942,1.7615,-1.4626
622.578,10,-36.4826,1.7628,-1.4611
622.589,10,-36.4711,1.7639,-1.4598
622.600,10,-36.4598,1.7654,-1.4590
622.612,10,-36.4487,1.7674,-1.4581
622.622,10,-36.4376,1.7695,-1.4574
622.633,10,-36.4269,1.7718,-1.4571
622.647,10,-36.4161,1.7740,-1.4569
622.660,10,-36.4056,1.7762,-1.4569
622.671,10,-36.3949,1.7785,-1.4569
622.681,10,-36.3844,1.7808,-1.4571
622.693,10,-36.3739,1.7829,-1.4576
622.705,10,-36.3635,1.7848,-1.4581
622.716,10,-36.3532,1.7866,-1.4586
622.728,10,-36.3430,1.7882,-1.4591
622.739,10,-36.3329,1.7895,-1.4597
622.751,10,-36.3226,1.7907,-1.4602
622.762,10,-36.3124,1.7915,-1.4608
622.773,10,-36.3022,1.7922,-1.4613
622.784,10,-36.2922,1.7923,-1.4620
622.795,10,-36.2821,1.7919,-1.4627
622.809,10,-36.2721,1.7913,-1.4635
622.824,10,-36.2520,1.7902,-1.4649
622.838,10,-36.2419,1.7885,-1.4659
622.853,10,-36.2320,1.7864,-1.4670
622.867,10,-36.2118,1.7831,-1.4691
622.882,10,-36.2017,1.7803,-1.4705
622.897,10,-36.1915,1.7776,-1.4720
622.911,10,-36.1711,1.7733,-1.4748
622.927,10,-36.1609,1.7709,-1.4764
622.942,10,-36.1505,1.7687,-1.4782
622.957,10,-36.1300,1.7642,-1.4816
622.971,10,-36.1197,1.7623,-1.4836
623.007,10,-36.1094,1.7615,-1.4859
623.018,10,-36.0782,1.7576,-1.4917
623.030,10,-36.0675,1.7572,-1.4938
623.042,10,-36.0469,1.7561,-1.4978
623.053,10,-36.0368,1.7564,-1.5000
623.068,10,-36.0268,1.7577,-1.5022
623.080,10,-36.0169,1.7591,-1.5043
623.091,10,-36.0070,1.7607,-1.5065
623.103,10,-35.9972,1.7625,-1.5085
623.114,10,-35.9872,1.7647,-1.5103
623.126,10,-35.9773,1.7668,-1.5120
623.137,10,-35.9677,1.7684,-1.5134
623.149,10,-35.9583,1.7699,-1.5147
623.161,10,-35.9491,1.7710,-1.5158
623.173,10,-35.9396,1.7724,-1.5166
623.184,10,-35.9303,1.7740,-1.5172
623.196,10,-35.9212,1.7758,-1.5176
623.210,10,-35.9027,1.7789,-1.5188
623.222,10,-35.8940,1.7800,-1.5187
623.235,10,-35.8854,1.7811,-1.5184
623.247,10,-35.8769,1.7823,-1.5180
623.261,10,-35.8685,1.7835,-1.5174
623.273,10,-35.8603,1.7845,-1.5167
623.286,10,-35.8435,1.7865,-1.5157
623.298,10,-35.8354,1.7873,-1.5148
623.312,10,-35.8273,1.7881,-1.5138
623.323,10,-35.8191,1.7888,-1.5128
623.334,10,-35.8108,1.7893,-1.5120
623.346,10,-35.8025,1.7898,-1.5110
623.357,10,-35.7944,1.7899,-1.5101
623.368,10,-35.7862,1.7898,-1.5092
623.379,10,-35.7782,1.7893,-1.5080
623.390,10,-35.7700,1.7885,-1.5069
623.402,10,-35.7621,1.7874,-1.5056
623.413,10,-35.7541,1.7860,-1.5044
623.424,10,-35.7462,1.7846,-1.5030
623.434,10,-35.7382,1.7832,-1.5017
623.445,10,-35.7302,1.7816,-1.5001
623.456,10,-35.7221,1.7799,-1.4986
623.468,10,-35.7140,1.7783,-1.4970
623.478,10,-35.7059,1.7766,-1.4951
623.489,10,-35.6980,1.7749,-1.4932
623.501,10,-35.6900,1.7731,-1.4913
623.511,10,-35.6820,1.7714,-1.4893
623.522,10,-35.6741,1.7696,-1.4871
623.533,10,-35.6662,1.7680,-1.4849
623.544,10,-35.6583,1.7664,-1.4825
623.555,10,-35.6503,1.7649,-1.4804
623.566,10,-35.6423,1.7638,-1.4779
623.578,10,-35.6341,1.7627,-1.4753
623.588,10,-35.6257,1.7618,-1.4727
623.599,10,-35.6172,1.7611,-1.4700
623.610,10,-35.6089,1.7605,-1.4675
623.622,10,-35.6006,1.7597,-1.4647
623.633,10,-35.5923,1.7593,-1.4621
623.644,10,-35.5842,1.7590,-1.4595
623.656,10,-35.5762,1.7590,-1.4569
623.666,10,-35.5684,1.7592,-1.4545
623.677,10,-35.5605,1.7597,-1.4520
623.689,10,-35.5527,1.7612,-1.4494
623.700,10,-35.5454,1.7628,-1.4470
623.710,10,-35.5380,1.7641,-1.4448
623.722,10,-35.5307,1.7653,-1.4426
623.734,10,-35.5235,1.7668,-1.4407
623.745,10,-35.5164,1.7685,-1.4390
623.755,10,-35.5092,1.7704,-1.4372
623.766,10,-35.5024,1.7726,-1.4357
623.778,10,-35.4957,1.7742,-1.4342
623.788,10,-35.4888,1.7758,-1.4327
623.800,10,-35.4823,1.7771,-1.4314
623.811,10,-35.4757,1.7785,-1.4300
623.822,10,-35.4693,1.7801,-1.4289
623.833,10,-35.4631,1.7814,-1.4278
623.845,10,-35.4571,1.7824,-1.4269
623.856,10,-35.4512,1.7832,-1.4260
623.867,10,-35.4457,1.7837,-1.4253
623.878,10,-35.4403,1.7843,-1.4245
623.890,10,-35.4351,1.7846,-1.4239
623.902,10,-35.4301,1.7849,-1.4233
623.912,10,-35.4251,1.7853,-1.4227
623.924,10,-35.4203,1.7856,-1.4221
623.935,10,-35.4157,1.7859,-1.4218
623.947,10,-35.4112,1.7862,-1.4214
623.958,10,-35.4069,1.7863,-1.4212
623.971,10,-35.4027,1.7863,-1.4210
623.983,10,-35.3989,1.7862,-1.4210
623.995,10,-35.3953,1.7859,-1.4209
624.006,10,-35.3920,1.7855,-1.4210
624.017,10,-35.3888,1.7852,-1.4209
624.028,10,-35.3859,1.7846,-1.4209
624.039,10,-35.3833,1.7839,-1.4211
624.051,10,-35.3811,1.7831,-1.4213
624.062,10,-35.3791,1.7826,-1.4216
624.073,10,-35.3772,1.7822,-1.4219
624.084,10,-35.3754,1.7821,-1.4223
624.096,10,-35.3738,1.7822,-1.4228
624.111,10,-35.3700,1.7825,-1.4240
624.131,10,-35.3662,1.7836,-1.4253
624.142,10,-35.3646,1.7843,-1.4262
624.156,10,-35.3631,1.7849,-1.4274
624.176,10,-35.3602,1.7858,-1.4293
624.197,10,-35.3578,1.7865,-1.4317
624.208,10,-35.3566,1.7869,-1.4329
624.223,10,-35.3557,1.7874,-1.4342
624.234,10,-35.3546,1.7878,-1.4354
624.246,10,-35.3535,1.7882,-1.4368
624.257,10,-35.3522,1.7884,-1.4379
624.268,10,-35.3509,1.7887,-1.4391
624.279,10,-35.3496,1.7891,-1.4402
624.290,10,-35.3482,1.7895,-1.4413
624.301,10,-35.3468,1.7897,-1.4426
624.313,10,-35.3456,1.7897,-1.4436
624.324,10,-35.3444,1.7896,-1.4449
624.336,10,-35.3431,1.7895,-1.4459
624.347,10,-35.3420,1.7893,-1.4470
624.357,10,-35.3408,1.7892,-1.4480
624.368,10,-35.3397,1.7890,-1.4490
624.380,10,-35.3388,1.7888,-1.4500
624.391,10,-35.3379,1.7885,-1.4508
624.402,10,-35.3370,1.7882,-1.4519
624.414,10,-35.3361,1.7880,-1.4529
624.424,10,-35.3352,1.7878,-1.4538
624.436,10,-35.3346,1.7875,-1.4545
624.446,10,-35.3338,1.7873,-1.4552
624.457,10,-35.3331,1.7872,-1.4558
624.468,10,-35.3324,1.7872,-1.4564
624.479,10,-35.3318,1.7873,-1.4570
624.489,10,-35.3312,1.7874,-1.4577
624.501,10,-35.3307,1.7875,-1.4582
624.511,10,-35.3301,1.7877,-1.4587
624.522,10,-35.3296,1.7879,-1.4593
624.534,10,-35.3291,1.7882,-1.4599
624.545,10,-35.3286,1.7884,-1.4604
624.557,10,-35.3283,1.7885,-1.4608
624.567,10,-35.3279,1.7885,-1.4612
624.578,10,-35.3276,1.7885,-1.4616
624.589,10,-35.3274,1.7885,-1.4621
624.600,10,-35.3271,1.7884,-1.4624
624.612,10,-35.3269,1.7885,-1.4629
624.622,10,-35.3267,1.7883,-1.4632
624.634,10,-35.3267,1.7881,-1.4634
624.645,10,-35.3266,1.7880,-1.4638
624.655,10,-35.3266,1.7881,-1.4642
624.665,10,-35.3266,1.7880,-1.4645
624.682,10,-35.3267,1.7882,-1.4647
624.694,10,-35.3268,1.7884,-1.4650
624.705,10,-35.3268,1.7885,-1.4652
624.716,10,-35.3270,1.7886,-1.4654
624.726,10,-35.3271,1.7888,-1.4656
624.737,10,-35.3272,1.7889,-1.4659
624.747,10,-35.3273,1.7890,-1.4661
624.758,10,-35.3276,1.7891,-1.4663
624.769,10,-35.3278,1.7893,-1.4664
624.778,10,-35.3280,1.7895,-1.4666
624.789,10,-35.3282,1.7896,-1.4669
624.799,10,-35.3283,1.7897,-1.4672
624.810,10,-35.3285,1.7898,-1.4676
624.821,10,-35.3286,1.7899,-1.4679
624.832,10,-35.3289,1.7899,-1.4682
624.843,10,-35.3290,1.7898,-1.4685
624.854,10,-35.3292,1.7898,-1.4690
624.865,10,-35.3294,1.7897,-1.4694
624.877,10,-35.3296,1.7894,-1.4699
624.889,10,-35.3298,1.7892,-1.4704
624.899,10,-35.3300,1.7888,-1.4709
624.911,10,-35.3301,1.7885,-1.4715
624.922,10,-35.3303,1.7882,-1.4721
624.933,10,-35.3305,1.7878,-1.4728
624.944,10,-35.3307,1.7875,-1.4734
624.956,10,-35.3308,1.7870,-1.4740
624.967,10,-35.3308,1.7866,-1.4747
624.980,10,-35.3308,1.7862,-1.4753
624.991,10,-35.3308,1.7858,-1.4759
625.002,10,-35.3308,1.7855,-1.4766
625.013,10,-35.3309,1.7850,-1.4774
625.024,10,-35.3309,1.7845,-1.4779
625.035,10,-35.3310,1.7839,-1.4786
625.046,10,-35.3310,1.7833,-1.4793
625.057,10,-35.3311,1.7827,-1.4800
625.068,10,-35.3311,1.7822,-1.4807
625.078,10,-35.3310,1.7818,-1.4816
625.089,10,-35.3310,1.7813,-1.4823
625.100,10,-35.3310,1.7807,-1.4830
625.111,10,-35.3310,1.7801,-1.4838
625.123,10,-35.3309,1.7796,-1.4845
625.134,10,-35.3309,1.7791,-1.4852
625.146,10,-35.3309,1.7787,-1.4859
625.156,10,-35.3308,1.7783,-1.4866
625.167,10,-35.3308,1.7779,-1.4875
625.179,10,-35.3309,1.7775,-1.4884
625.189,10,-35.3310,1.7770,-1.4891
625.201,10,-35.3309,1.7767,-1.4899
625.212,10,-35.3309,1.7765,-1.4908
625.223,10,-35.3309,1.7763,-1.4918
625.234,10,-35.3309,1.7762,-1.4928
625.245,10,-35.3309,1.7761,-1.4938
625.257,10,-35.3308,1.7761,-1.4950