C:\Users\Public\Documents\Novel Studio\load_data\2025-12-17\loadapp_2025-12-17_16-41-30-230.load
Comment s21vh crashed 7
	PRY201-L::heel	PRY201-L::mid	PRY201-L::front	PRY201-L		PRY202-R::front	PRY202-R::mid	PRY202-R::heel	PRY202-R		Notes	
Time[secs]	Force[N]	Force[N]	Force[N]	Force[N]	Time[secs]	Force[N]	Force[N]	Force[N]	Force[N]	Time[secs]	
0.000	225.000	72.000	59.400	356.400	0.000	144.690	137.410	227.500	509.600	0.000		
0.010	225.000	72.000	62.100	359.100	0.010	144.690	137.410	227.500	509.600	0.010		
0.020	225.000	74.700	62.100	361.800	0.020	144.690	139.230	227.500	511.420	0.020		
0.030	225.000	74.700	62.100	361.800	0.030	144.690	137.410	224.770	506.870	0.030		
0.040	225.000	74.700	64.800	364.500	0.040	144.690	137.410	227.500	509.600	0.040		
0.050	225.000	74.700	62.100	361.800	0.050	144.690	137.410	227.500	509.600	0.050		
0.060	225.000	74.700	64.800	364.500	0.060	144.690	137.410	224.770	506.870	0.060		
0.070	225.000	74.700	62.100	361.800	0.070	144.690	137.410	224.770	506.870	0.070		
0.080	225.000	74.700	62.100	361.800	0.080	144.690	137.410	224.770	506.870	0.080		
0.090	225.000	74.700	64.800	364.500	0.090	144.690	137.410	224.770	506.870	0.090		
0.100	225.000	74.700	64.800	364.500	0.100	144.690	139.230	224.770	508.690	0.100		
0.110	225.000	74.700	62.100	361.800	0.110	144.690	137.410	224.770	506.870	0.110		
0.120	225.000	74.700	64.800	364.500	0.120	147.420	137.410	222.040	506.870	0.120		
0.130	225.000	74.700	64.800	364.500	0.130	144.690	137.410	222.040	504.140	0.130		
0.140	225.000	74.700	64.800	364.500	0.140	147.420	137.410	222.040	506.870	0.140		
0.150	225.000	74.700	64.800	364.500	0.150	146.850	139.730	222.500	509.080	0.150		
0.160	225.000	77.400	64.800	367.200	0.160	146.850	139.730	222.500	509.080	0.160		
0.170	222.300	74.700	62.100	359.100	0.170	144.180	137.060	222.500	503.740	0.170		
0.180	225.000	77.400	64.800	367.200	0.180	144.180	137.060	222.500	503.740	0.180		
0.190	225.000	77.400	64.800	367.200	0.190	144.180	137.060	222.500	503.740	0.190		
0.200	225.000	77.400	64.800	367.200	0.200	144.180	137.060	222.500	503.740	0.200		
0.210	225.000	77.400	64.800	367.200	0.210	144.180	137.060	222.500	503.740	0.210		
0.220	225.000	77.400	64.800	367.200	0.220	144.180	137.060	222.500	503.740	0.220		
0.230	225.000	77.400	64.800	367.200	0.230	144.180	137.060	222.500	503.740	0.230		
0.240	225.000	77.400	64.800	367.200	0.240	144.180	137.060	222.500	503.740	0.240		
0.250	225.000	74.700	62.100	361.800	0.250	144.180	134.390	222.500	501.070	0.250		
0.260	224.770	77.350	64.610	366.730	0.260	144.180	137.060	222.500	503.740	0.260		
0.270	227.500	77.350	64.610	369.460	0.270	144.180	137.060	222.500	503.740	0.270		
0.280	227.500	77.350	64.610	369.460	0.280	144.180	137.060	222.500	503.740	0.280		
0.290	227.500	77.350	64.610	369.460	0.290	146.850	137.060	222.500	506.410	0.290		
0.300	227.500	77.350	64.610	369.460	0.300	144.180	137.060	222.500	503.740	0.300		
0.310	227.500	77.350	67.340	372.190	0.310	144.180	137.060	219.830	501.070	0.310		
0.320	227.500	77.350	64.610	369.460	0.320	144.180	137.060	222.500	503.740	0.320		
0.330	227.500	77.350	64.610	369.460	0.330	144.180	137.060	222.500	503.740	0.330		
0.340	227.500	77.350	64.610	369.460	0.340	144.180	137.060	222.500	503.740	0.340		
0.350	227.500	77.350	64.610	369.460	0.350	144.180	134.390	222.500	501.070	0.350		
0.360	227.500	77.350	64.610	369.460	0.360	144.180	134.390	222.500	501.070	0.360		
0.370	227.500	77.350	64.610	369.460	0.370	144.180	134.390	219.830	498.400	0.370		
0.380	227.500	77.350	64.610	369.460	0.380	144.180	134.390	222.500	501.070	0.380		
0.390	227.500	77.350	64.610	369.460	0.390	144.180	134.390	219.830	498.400	0.390		
0.400	227.500	77.350	64.610	369.460	0.400	142.400	134.390	222.500	499.290	0.400		
0.410	226.920	77.190	64.170	368.280	0.410	142.400	134.390	222.500	499.290	0.410		
0.420	226.920	77.190	64.170	368.280	0.420	144.180	134.390	222.500	501.070	0.420		
0.430	229.710	77.190	64.170	371.070	0.430	142.400	134.390	222.500	499.290	0.430		
0.440	226.920	77.190	64.170	368.280	0.440	144.180	131.720	222.500	498.400	0.440		
0.450	229.710	77.190	64.170	371.070	0.450	141.680	132.480	221.720	495.880	0.450		
0.460	229.710	77.190	64.170	371.070	0.460	141.680	132.480	221.720	495.880	0.460		
0.470	229.710	79.980	64.170	373.860	0.470	141.680	132.480	221.720	495.880	0.470		
0.480	229.710	77.190	64.170	371.070	0.480	141.680	132.480	221.720	495.880	0.480		
0.490	229.710	79.980	64.170	373.860	0.490	141.680	132.480	221.720	495.880	0.490		
0.500	229.710	79.980	64.170	373.860	0.500	139.840	132.480	221.720	494.040	0.500		
0.510	232.500	79.980	66.960	379.440	0.510	139.840	132.480	221.720	494.040	0.510		
0.520	232.500	79.980	64.170	376.650	0.520	139.840	129.720	221.720	491.280	0.520		
0.530	232.500	79.980	64.170	376.650	0.530	139.840	129.720	221.720	491.280	0.530		
0.540	232.500	79.980	64.170	376.650	0.540	137.080	129.720	221.720	488.520	0.540		
0.550	232.500	79.980	66.960	379.440	0.550	137.080	126.960	224.480	488.520	0.550		
0.560	232.320	79.680	64.320	376.320	0.560	137.080	126.960	224.480	488.520	0.560		
0.570	234.240	81.600	67.200	383.040	0.570	134.320	126.960	227.240	488.520	0.570		
0.580	232.320	79.680	64.320	376.320	0.580	134.320	126.960	227.240	488.520	0.580		
0.590	234.240	81.600	64.320	380.160	0.590	132.480	124.200	230.000	486.680	0.590		
0.600	234.240	79.680	64.320	378.240	0.600	132.060	124.620	229.710	486.390	0.600		
0.610	234.240	79.680	67.200	381.120	0.610	129.270	121.830	229.710	480.810	0.610		
0.620	234.240	81.600	67.200	383.040	0.620	129.270	121.830	232.500	483.600	0.620		
0.630	237.120	81.600	67.200	385.920	0.630	129.270	119.970	232.500	481.740	0.630		
0.640	237.120	81.600	67.200	385.920	0.640	129.270	121.830	232.500	483.600	0.640		
0.650	237.120	81.600	67.200	385.920	0.650	129.270	119.970	232.500	481.740	0.650		
0.660	237.120	81.600	64.320	383.040	0.660	127.410	119.970	229.710	477.090	0.660		
0.670	240.000	84.480	67.200	391.680	0.670	129.270	119.970	232.500	481.740	0.670		
0.680	240.000	81.600	67.200	388.800	0.680	127.410	119.970	232.500	479.880	0.680		
0.690	240.000	81.600	67.200	388.800	0.690	127.410	117.180	229.710	474.300	0.690		
0.700	237.120	81.600	67.200	385.920	0.700	127.410	117.180	232.500	477.090	0.700		
0.710	236.680	84.390	66.930	388.000	0.710	127.410	117.180	232.500	477.090	0.710		
0.720	239.590	84.390	66.930	390.910	0.720	127.410	117.180	232.500	477.090	0.720		
0.730	239.590	84.390	66.930	390.910	0.730	124.620	117.180	232.500	474.300	0.730		
0.740	236.680	84.390	66.930	388.000	0.740	124.620	114.390	232.500	471.510	0.740		
0.750	236.680	84.390	66.930	388.000	0.750	122.220	114.460	231.830	468.510	0.750		
0.760	239.590	84.390	69.840	393.820	0.760	122.220	114.460	234.740	471.420	0.760		
0.770	239.590	84.390	69.840	393.820	0.770	122.220	111.550	234.740	468.510	0.770		
0.780	239.590	84.390	69.840	393.820	0.780	119.310	111.550	234.740	465.600	0.780		
0.790	239.590	87.300	69.840	396.730	0.790	119.310	109.610	236.680	465.600	0.790		
0.800	242.500	87.300	69.840	399.640	0.800	117.370	109.610	239.590	466.570	0.800		
0.810	239.590	87.300	71.780	398.670	0.810	117.370	109.610	239.590	466.570	0.810		
0.820	242.500	87.300	69.840	399.640	0.820	114.460	109.610	242.500	466.570	0.820		
0.830	239.590	89.240	69.840	398.670	0.830	117.370	106.700	239.590	463.660	0.830		
0.840	239.590	89.240	71.780	400.610	0.840	114.460	106.700	242.500	463.660	0.840		
0.850	239.590	89.240	71.780	400.610	0.850	114.460	106.700	242.500	463.660	0.850		
0.860	240.000	89.280	72.000	401.280	0.860	111.550	106.700	242.500	460.750	0.860		
0.870	240.000	92.160	72.000	404.160	0.870	111.550	104.760	242.500	458.810	0.870		
0.880	237.120	92.160	74.880	404.160	0.880	111.550	104.760	242.500	458.810	0.880		
0.890	237.120	94.080	74.880	406.080	0.890	109.610	104.760	242.500	456.870	0.890		
0.900	237.120	94.080	74.880	406.080	0.900	109.890	101.970	241.560	453.420	0.900		
0.910	234.240	96.960	76.800	408.000	0.910	109.890	101.970	241.560	453.420	0.910		
0.920	234.240	96.960	76.800	408.000	0.920	109.890	99.990	244.530	454.410	0.920		
0.930	234.240	99.840	76.800	410.880	0.930	106.920	99.990	244.530	451.440	0.930		
0.940	234.240	99.840	79.680	413.760	0.940	106.920	99.990	247.500	454.410	0.940		
0.950	232.320	101.760	79.680	413.760	0.950	104.940	99.990	247.500	452.430	0.950		
0.960	232.320	101.760	81.600	415.680	0.960	106.920	99.990	247.500	454.410	0.960		
0.970	232.320	101.760	81.600	415.680	0.970	104.940	97.020	247.500	449.460	0.970		
0.980	232.320	104.640	81.600	418.560	0.980	104.940	97.020	247.500	449.460	0.980		
0.990	232.320	104.640	84.480	421.440	0.990	104.940	97.020	247.500	449.460	0.990		
1.000	232.320	104.640	84.480	421.440	1.000	104.940	94.050	247.500	446.490	1.000		
1.010	230.000	106.720	87.400	424.120	1.010	101.970	94.050	247.500	443.520	1.010		
1.020	230.000	106.720	87.400	424.120	1.020	101.970	94.050	247.500	443.520	1.020		
1.030	230.000	109.480	87.400	426.880	1.030	101.970	94.050	247.500	443.520	1.030		
1.040	230.000	109.480	87.400	426.880	1.040	101.970	94.050	247.500	443.520	1.040		
1.050	230.000	109.480	89.240	428.720	1.050	101.970	94.050	247.500	443.520	1.050		
1.060	227.240	109.480	89.240	425.960	1.060	101.970	94.050	247.500	443.520	1.060		
1.070	227.240	112.240	89.240	428.720	1.070	101.970	94.050	244.530	440.550	1.070		
1.080	227.240	109.480	92.000	428.720	1.080	104.940	94.050	241.560	440.550	1.080		
1.090	227.240	112.240	89.240	428.720	1.090	101.970	94.050	241.560	437.580	1.090		
1.100	227.240	112.240	92.000	431.480	1.100	101.970	94.050	241.560	437.580	1.100		
1.110	227.240	112.240	92.000	431.480	1.110	104.940	97.020	241.560	443.520	1.110		
1.120	227.240	112.240	92.000	431.480	1.120	101.970	94.050	241.560	437.580	1.120		
1.130	224.480	115.000	92.000	431.480	1.130	104.940	94.050	241.560	440.550	1.130		
1.140	224.480	115.000	94.760	434.240	1.140	101.970	94.050	241.560	437.580	1.140		
1.150	224.480	115.000	92.000	431.480	1.150	101.970	94.050	241.560	437.580	1.150		
1.160	224.770	114.660	94.640	434.070	1.160	101.970	94.050	239.580	435.600	1.160		
1.170	224.770	117.390	94.640	436.800	1.170	101.970	94.050	239.580	435.600	1.170		
1.180	224.770	117.390	97.370	439.530	1.180	101.970	94.050	239.580	435.600	1.180		
1.190	224.770	117.390	97.370	439.530	1.190	101.970	94.050	239.580	435.600	1.190		
1.200	224.770	119.210	97.370	441.350	1.200	101.650	95.000	237.500	434.150	1.200		
1.210	227.500	117.390	97.370	442.260	1.210	101.650	92.150	237.500	431.300	1.210		
1.220	227.500	119.210	97.370	444.080	1.220	101.650	92.150	237.500	431.300	1.220		
1.230	227.500	119.210	99.190	445.900	1.230	104.500	92.150	234.650	431.300	1.230		
1.240	224.770	119.210	99.190	443.170	1.240	101.650	92.150	234.650	428.450	1.240		
1.250	227.500	119.210	99.190	445.900	1.250	104.500	95.000	231.800	431.300	1.250		
1.260	227.500	121.940	99.190	448.630	1.260	101.650	92.150	231.800	425.600	1.260		
1.270	224.770	119.210	99.190	443.170	1.270	104.500	92.150	231.800	428.450	1.270		
1.280	224.770	121.940	99.190	445.900	1.280	104.500	92.150	229.900	426.550	1.280		
1.290	224.770	121.940	99.190	445.900	1.290	101.650	95.000	229.900	426.550	1.290		
1.300	224.770	121.940	99.190	445.900	1.300	101.650	92.150	229.900	423.700	1.300		
1.310	225.000	122.400	101.700	449.100	1.310	104.500	95.000	229.900	429.400	1.310		
1.320	225.000	124.200	101.700	450.900	1.320	104.500	95.000	229.900	429.400	1.320		
1.330	225.000	124.200	101.700	450.900	1.330	104.500	95.000	227.050	426.550	1.330		
1.340	225.000	124.200	101.700	450.900	1.340	104.500	95.000	227.050	426.550	1.340		
1.350	222.300	124.200	104.400	450.900	1.350	107.380	94.640	227.500	429.520	1.350		
1.360	222.300	126.900	104.400	453.600	1.360	107.380	94.640	227.500	429.520	1.360		
1.370	222.300	126.900	104.400	453.600	1.370	107.380	94.640	224.770	426.790	1.370		
1.380	219.600	126.900	104.400	450.900	1.380	107.380	94.640	224.770	426.790	1.380		
1.390	219.600	126.900	104.400	450.900	1.390	107.380	94.640	224.770	426.790	1.390		
1.400	219.600	129.600	107.100	456.300	1.400	107.380	97.370	224.770	429.520	1.400		
1.410	219.600	129.600	107.100	456.300	1.410	104.650	94.640	222.040	421.330	1.410		
1.420	216.900	129.600	107.100	453.600	1.420	107.380	94.640	222.040	424.060	1.420		
1.430	216.900	132.300	107.100	456.300	1.430	107.380	94.640	222.040	424.060	1.430		
1.440	216.900	129.600	109.800	456.300	1.440	107.380	94.640	222.040	424.060	1.440		
1.450	216.900	129.600	109.800	456.300	1.450	107.380	97.370	222.040	426.790	1.450		
1.460	214.890	132.240	112.230	459.360	1.460	107.380	94.640	222.040	424.060	1.460		
1.470	217.500	132.240	109.620	459.360	1.470	107.380	97.370	219.310	424.060	1.470		
1.480	214.890	132.240	112.230	459.360	1.480	107.380	94.640	219.310	421.330	1.480		
1.490	214.890	132.240	112.230	459.360	1.490	107.380	94.640	219.310	421.330	1.490		
1.500	214.890	132.240	112.230	459.360	1.500	107.360	96.800	220.000	424.160	1.500		
1.510	214.890	132.240	114.840	461.970	1.510	107.360	96.800	220.000	424.160	1.510		
1.520	212.280	134.850	114.840	461.970	1.520	107.360	94.160	220.000	421.520	1.520		
1.530	214.890	132.240	112.230	459.360	1.530	107.360	96.800	217.360	421.520	1.530		
1.540	212.280	132.240	112.230	456.750	1.540	110.000	96.800	217.360	424.160	1.540		
1.550	212.280	132.240	112.230	456.750	1.550	110.000	96.800	217.360	424.160	1.550		
1.560	212.280	132.240	112.230	456.750	1.560	110.000	99.440	220.000	429.440	1.560		
1.570	212.280	132.240	112.230	456.750	1.570	110.000	96.800	217.360	424.160	1.570		
1.580	212.280	132.240	112.230	456.750	1.580	110.000	99.440	217.360	426.800	1.580		
1.590	212.280	132.240	112.230	456.750	1.590	111.760	99.440	217.360	428.560	1.590		
1.600	212.280	132.240	112.230	456.750	1.600	111.760	99.440	217.360	428.560	1.600		
1.610	210.000	131.880	111.720	453.600	1.610	114.400	102.080	217.360	433.840	1.610		
1.620	210.000	129.360	111.720	451.080	1.620	114.400	102.080	214.720	431.200	1.620		
1.630	210.000	129.360	111.720	451.080	1.630	117.040	102.080	212.080	431.200	1.630		
1.640	210.000	129.360	111.720	451.080	1.640	117.040	104.720	212.080	433.840	1.640		
1.650	210.000	131.880	111.720	453.600	1.650	117.300	104.550	212.500	434.350	1.650		
1.660	207.480	129.360	114.240	451.080	1.660	119.850	104.550	209.950	434.350	1.660		
1.670	207.480	129.360	111.720	448.560	1.670	119.850	104.550	209.950	434.350	1.670		
1.680	207.480	129.360	111.720	448.560	1.680	119.850	107.100	207.400	434.350	1.680		
1.690	204.960	129.360	111.720	446.040	1.690	122.400	107.100	207.400	436.900	1.690		
1.700	204.960	129.360	111.720	446.040	1.700	124.950	109.650	204.850	439.450	1.700		
1.710	204.960	126.840	111.720	443.520	1.710	124.950	112.200	204.850	442.000	1.710		
1.720	204.960	126.840	111.720	443.520	1.720	127.500	112.200	202.300	442.000	1.720		
1.730	202.440	126.840	111.720	441.000	1.730	127.500	112.200	199.750	439.450	1.730		
1.740	202.440	126.840	111.720	441.000	1.740	129.200	114.750	202.300	446.250	1.740		
1.750	202.440	129.360	111.720	443.520	1.750	129.200	114.750	199.750	443.700	1.750		
1.760	202.500	127.170	111.780	441.450	1.760	129.200	114.750	199.750	443.700	1.760		
1.770	199.260	127.170	111.780	438.210	1.770	131.750	114.750	197.200	443.700	1.770		
1.780	199.260	127.170	111.780	438.210	1.780	131.750	117.300	197.200	446.250	1.780		
1.790	199.260	127.170	111.780	438.210	1.790	131.750	117.300	197.200	446.250	1.790		
1.800	199.260	127.170	114.210	440.640	1.800	132.440	116.960	196.940	446.340	1.800		
1.810	196.830	124.740	111.780	433.350	1.810	134.160	116.960	196.940	448.060	1.810		
1.820	196.830	124.740	109.350	430.920	1.820	136.740	119.540	196.940	453.220	1.820		
1.830	196.830	124.740	109.350	430.920	1.830	136.740	119.540	196.940	453.220	1.830		
1.840	196.830	122.310	109.350	428.490	1.840	139.320	122.120	199.520	460.960	1.840		
1.850	194.400	122.310	106.920	423.630	1.850	139.320	122.120	199.520	460.960	1.850		
1.860	194.400	119.880	106.920	421.200	1.860	141.900	124.700	199.520	466.120	1.860		
1.870	191.970	117.450	106.920	416.340	1.870	141.900	127.280	202.100	471.280	1.870		
1.880	191.970	114.210	104.490	410.670	1.880	144.480	129.860	202.100	476.440	1.880		
1.890	191.970	111.780	102.060	405.810	1.890	147.060	132.440	204.680	484.180	1.890		
1.900	189.540	109.350	97.200	396.090	1.900	147.060	134.160	207.260	488.480	1.900		
1.910	191.840	107.360	96.800	396.000	1.910	149.640	136.740	207.260	493.640	1.910		
1.920	191.840	102.080	89.760	383.680	1.920	152.220	136.740	209.840	498.800	1.920		
1.930	191.840	96.800	87.120	375.760	1.930	152.220	139.320	212.420	503.960	1.930		
1.940	194.480	94.160	84.480	373.120	1.940	154.800	141.900	215.000	511.700	1.940		
1.950	197.120	92.400	81.840	371.360	1.950	154.880	144.320	214.720	513.920	1.950		
1.960	197.120	87.120	77.440	361.680	1.960	156.640	146.960	217.360	520.960	1.960		
1.970	199.760	81.840	74.800	356.400	1.970	156.640	149.600	220.000	526.240	1.970		
1.980	204.160	79.200	66.880	350.240	1.980	159.280	152.240	220.000	531.520	1.980		
1.990	206.800	74.800	62.480	344.080	1.990	159.280	154.880	220.000	534.160	1.990		
2.000	212.080	72.160	57.200	341.440	2.000	161.920	154.880	220.000	536.800	2.000		
2.010	214.720	69.520	54.560	338.800	2.010	164.560	156.640	220.000	541.200	2.010		
2.020	217.360	66.880	51.920	336.160	2.020	167.200	159.280	220.000	546.480	2.020		
2.030	217.360	64.240	46.640	328.240	2.030	167.200	161.920	220.000	549.120	2.030		
2.040	220.000	62.480	46.640	329.120	2.040	172.480	164.560	217.360	554.400	2.040		
2.050	220.000	59.840	44.880	324.720	2.050	174.240	167.200	212.080	553.520	2.050		
2.060	222.300	59.850	41.040	323.190	2.060	176.880	169.840	209.440	556.160	2.060		
2.070	224.010	56.430	41.040	321.480	2.070	182.160	172.480	204.160	558.800	2.070		
2.080	227.430	56.430	39.330	323.190	2.080	184.800	172.480	194.480	551.760	2.080		
2.090	234.270	56.430	35.910	326.610	2.090	187.440	174.240	187.440	549.120	2.090		
2.100	239.400	54.720	34.200	328.320	2.100	191.880	174.660	177.120	543.660	2.100		
2.110	246.240	56.430	34.200	336.870	2.110	194.340	177.120	164.820	536.280	2.110		
2.120	256.500	59.850	32.490	348.840	2.120	199.260	174.660	146.780	520.700	2.120		
2.130	268.470	61.560	34.200	364.230	2.130	201.720	169.740	129.560	501.020	2.130		
2.140	282.150	64.980	32.490	379.620	2.140	205.000	167.280	112.340	484.620	2.140		
2.150	295.830	68.400	34.200	398.430	2.150	201.720	157.440	91.840	451.000	2.150		
2.160	316.350	73.530	34.200	424.080	2.160	201.720	149.240	69.700	420.660	2.160		
2.170	336.870	82.080	34.200	453.150	2.170	199.260	136.940	49.200	385.400	2.170		
2.180	364.230	87.210	34.200	485.640	2.180	194.340	122.180	31.980	348.500	2.180		
2.190	396.720	99.180	34.200	530.100	2.190	184.500	109.880	19.680	314.060	2.190		
2.200	427.500	109.440	35.910	572.850	2.200	172.200	94.300	9.840	276.340	2.200		
2.210	461.160	120.960	35.280	617.400	2.210	154.980	82.000	2.460	239.440	2.210		
2.220	493.920	133.560	40.320	667.800	2.220	134.480	69.700	0.000	204.180	2.220		
2.230	524.160	143.640	40.320	708.120	2.230	107.420	62.320	0.000	169.740	2.230		
2.240	551.880	156.240	42.840	750.960	2.240	79.540	54.940	0.000	134.480	2.240		
2.250	574.560	168.840	45.360	788.760	2.250	50.000	45.000	0.000	95.000	2.250		
2.260	594.720	178.920	47.880	821.520	2.260	32.400	37.400	0.000	69.800	2.260		
2.270	609.840	186.480	47.880	844.200	2.270	15.000	27.400	0.000	42.400	2.270		
2.280	622.440	196.560	50.400	869.400	2.280	10.000	20.000	5.000	35.000	2.280		
2.290	630.000	204.120	55.440	889.560	2.290	7.400	17.400	2.400	27.200	2.290		
2.300	630.000	209.160	57.960	897.120	2.300	7.400	17.400	2.400	27.200	2.300		
2.310	622.440	214.200	63.000	899.640	2.310	5.000	12.400	2.400	19.800	2.310		
2.320	609.840	216.720	68.040	894.600	2.320	2.400	10.000	5.000	17.400	2.320		
2.330	592.200	219.240	70.560	882.000	2.330	5.000	10.000	7.400	22.400	2.330		
2.340	574.560	221.760	75.600	871.920	2.340	2.400	10.000	5.000	17.400	2.340		
2.350	554.400	221.760	80.640	856.800	2.350	2.400	10.000	7.400	19.800	2.350		
2.360	535.000	218.280	83.460	836.740	2.360	0.000	7.400	7.400	14.800	2.360		
2.370	511.460	216.140	85.600	813.200	2.370	0.000	5.000	7.400	12.400	2.370		
2.380	494.340	218.280	92.020	804.640	2.380	0.000	5.000	10.000	15.000	2.380		
2.390	479.360	216.140	96.300	791.800	2.390	0.000	5.000	10.000	15.000	2.390		
2.400	464.380	218.280	98.440	781.100	2.400	0.000	4.960	10.000	14.960	2.400		
2.410	453.680	218.280	100.580	772.540	2.410	0.000	2.480	10.000	12.480	2.410		
2.420	442.980	220.420	109.140	772.540	2.420	0.000	2.480	12.480	14.960	2.420		
2.430	434.420	224.700	111.280	770.400	2.430	0.000	2.480	12.480	14.960	2.430		
2.440	423.720	224.700	115.560	763.980	2.440	0.000	2.480	12.480	14.960	2.440		
2.450	417.300	224.700	121.980	763.980	2.450	0.000	2.480	12.480	14.960	2.450		
2.460	406.600	226.840	126.260	759.700	2.460	0.000	2.480	14.960	17.440	2.460		
2.470	395.900	228.980	136.960	761.840	2.470	0.000	0.000	14.960	14.960	2.470		
2.480	383.060	231.120	139.100	753.280	2.480	0.000	2.480	14.960	17.440	2.480		
2.490	374.500	235.400	143.380	753.280	2.490	0.000	2.480	17.440	19.920	2.490		
2.500	363.800	239.680	154.080	757.560	2.500	0.000	2.480	17.440	19.920	2.500		
2.510	352.500	243.930	166.380	762.810	2.510	0.000	2.480	17.440	19.920	2.510		
2.520	339.810	249.570	174.840	764.220	2.520	0.000	2.480	17.440	19.920	2.520		
2.530	329.940	253.800	184.710	768.450	2.530	0.000	2.480	20.000	22.480	2.530		
2.540	318.660	256.620	191.760	767.040	2.540	0.000	2.480	20.000	22.480	2.540		
2.550	311.610	259.440	198.810	769.860	2.550	0.000	2.430	19.440	21.870	2.550		
2.560	304.560	262.260	207.270	774.090	2.560	0.000	2.430	21.870	24.300	2.560		
2.570	298.920	262.260	211.500	772.680	2.570	0.000	2.430	21.870	24.300	2.570		
2.580	291.870	263.670	217.140	772.680	2.580	0.000	2.430	21.870	24.300	2.580		
2.590	284.820	263.670	221.370	769.860	2.590	0.000	2.430	21.870	24.300	2.590		
2.600	276.360	263.670	221.370	761.400	2.600	0.000	2.430	24.300	26.730	2.600		
2.610	272.130	262.260	224.190	758.580	2.610	0.000	2.430	24.300	26.730	2.610		
2.620	266.490	263.670	224.190	754.350	2.620	0.000	2.430	21.870	24.300	2.620		
2.630	263.670	263.670	224.190	751.530	2.630	0.000	2.430	21.870	24.300	2.630		
2.640	266.490	272.130	224.190	762.810	2.640	0.000	2.430	17.010	19.440	2.640		
2.650	274.950	276.360	224.190	775.500	2.650	0.000	7.290	133.650	140.940	2.650		
2.660	267.300	275.000	222.200	764.500	2.660	9.720	70.470	607.500	687.690	2.660		
2.670	251.900	261.800	214.500	728.200	2.670	41.310	99.630	541.890	682.830	2.670		
2.680	226.600	242.000	206.800	675.400	2.680	17.010	43.740	398.520	459.270	2.680		
2.690	206.800	226.600	202.400	635.800	2.690	36.450	75.330	357.210	468.990	2.690		
2.700	192.500	214.500	199.100	606.100	2.700	49.450	79.350	287.500	416.300	2.700		
2.710	177.100	204.600	194.700	576.400	2.710	62.100	74.750	217.350	354.200	2.710		
2.720	161.700	189.200	192.500	543.400	2.720	77.050	79.350	192.050	348.450	2.720		
2.730	144.100	177.100	187.000	508.200	2.730	87.400	83.950	181.700	353.050	2.730		
2.740	129.800	165.000	184.800	479.600	2.740	96.600	92.000	179.400	368.000	2.740		
2.750	114.400	149.600	181.500	445.500	2.750	104.650	98.900	187.450	391.000	2.750		
2.760	102.300	137.500	179.300	419.100	2.760	106.950	106.950	194.350	408.250	2.760		
2.770	92.400	124.300	171.600	388.300	2.770	109.250	109.250	198.950	417.450	2.770		
2.780	82.500	114.400	167.200	364.100	2.780	111.550	111.550	198.950	422.050	2.780		
2.790	77.000	104.500	159.500	341.000	2.790	115.000	115.000	204.700	434.700	2.790		
2.800	74.800	99.000	151.800	325.600	2.800	115.000	117.300	213.900	446.200	2.800		
2.810	72.500	92.220	145.000	309.720	2.810	115.000	121.900	230.000	466.900	2.810		
2.820	74.820	87.000	137.460	299.280	2.820	115.000	126.500	244.950	486.450	2.820		
2.830	77.140	87.000	132.240	296.380	2.830	115.000	132.250	262.200	509.450	2.830		
2.840	79.460	87.000	129.920	296.380	2.840	115.000	139.150	271.400	525.550	2.840		
2.850	82.360	87.000	124.700	294.060	2.850	117.040	144.970	284.620	546.630	2.850		
2.860	84.680	87.000	124.700	296.380	2.860	119.700	146.300	289.940	555.940	2.860		
2.870	84.680	84.680	124.700	294.060	2.870	122.360	151.620	289.940	563.920	2.870		
2.880	82.360	82.360	122.380	287.100	2.880	123.690	154.280	291.270	569.240	2.880		
2.890	77.140	79.460	122.380	278.980	2.890	126.350	159.600	289.940	575.890	2.890		
2.900	72.500	77.140	119.480	269.120	2.900	131.670	162.260	289.940	583.870	2.900		
2.910	67.280	74.820	119.480	261.580	2.910	134.330	164.920	289.940	589.190	2.910		
2.920	62.060	72.500	119.480	254.040	2.920	134.330	168.910	291.270	594.510	2.920		
2.930	59.740	69.600	117.160	246.500	2.930	139.650	171.570	296.590	607.810	2.930		
2.940	52.200	64.960	122.380	239.540	2.940	142.310	176.890	304.570	623.770	2.940		
2.950	44.660	62.060	122.380	229.100	2.950	144.970	179.550	311.220	635.740	2.950		
2.960	37.440	56.940	129.480	223.860	2.960	146.300	184.870	319.200	650.370	2.960		
2.970	31.980	49.920	137.280	219.180	2.970	148.960	188.860	324.520	662.340	2.970		
2.980	27.300	44.460	147.420	219.180	2.980	154.280	196.840	329.840	680.960	2.980		
2.990	24.960	42.120	154.440	221.520	2.990	156.940	199.500	332.500	688.940	2.990		
3.000	19.500	39.780	166.920	226.200	3.000	162.260	204.820	332.500	699.580	3.000		
3.010	19.500	37.440	172.380	229.320	3.010	164.920	207.480	332.500	704.900	3.010		
3.020	17.160	34.320	177.060	228.540	3.020	166.250	208.810	329.840	704.900	3.020		
3.030	17.160	31.980	184.860	234.000	3.030	168.910	211.470	329.840	710.220	3.030		
3.040	14.820	24.960	189.540	229.320	3.040	171.570	214.130	327.180	712.880	3.040		
3.050	12.480	19.500	191.880	223.860	3.050	171.570	214.130	324.520	710.220	3.050		
3.060	12.480	12.480	195.000	219.960	3.060	171.570	216.790	321.860	710.220	3.060		
3.070	9.360	7.020	195.000	211.380	3.070	174.230	216.790	319.200	710.220	3.070		
3.080	9.360	4.680	195.000	209.040	3.080	176.890	219.450	313.880	710.220	3.080		
3.090	7.020	0.000	189.540	196.560	3.090	179.550	222.110	309.890	711.550	3.090		
3.100	4.680	0.000	181.740	186.420	3.100	184.870	224.770	304.570	714.210	3.100		
3.110	2.010	0.000	167.500	169.510	3.110	186.200	224.770	299.250	710.220	3.110		
3.120	0.000	0.000	152.090	152.090	3.120	191.520	228.760	296.590	716.870	3.120		
3.130	0.000	0.000	131.990	131.990	3.130	196.840	231.420	291.270	719.530	3.130		
3.140	0.000	0.000	111.890	111.890	3.140	202.160	236.740	287.280	726.180	3.140		
3.150	0.000	0.000	92.460	92.460	3.150	208.260	243.860	281.240	733.360	3.150		
3.160	0.000	0.000	74.370	74.370	3.160	222.500	250.980	274.120	747.600	3.160		
3.170	0.000	0.000	54.940	54.940	3.170	234.960	259.880	267.000	761.840	3.170		
3.180	2.010	0.000	36.850	38.860	3.180	247.420	267.000	259.880	774.300	3.180		
3.190	4.690	0.000	24.790	29.480	3.190	261.660	275.900	249.200	786.760	3.190		
3.200	4.690	0.000	12.060	16.750	3.200	279.460	286.580	238.520	804.560	3.200		
3.210	4.690	0.000	7.370	12.060	3.210	299.040	297.260	226.060	822.360	3.210		
3.220	4.690	0.000	4.690	9.380	3.220	316.840	300.820	211.820	829.480	3.220		
3.230	4.690	0.000	4.690	9.380	3.230	336.420	306.160	195.800	838.380	3.230		
3.240	2.010	0.000	2.010	4.020	3.240	354.220	309.720	181.560	845.500	3.240		
3.250	2.010	0.000	2.010	4.020	3.250	373.800	311.500	167.320	852.620	3.250		
3.260	2.500	0.000	2.500	5.000	3.260	391.600	309.720	149.520	850.840	3.260		
3.270	2.500	0.000	2.500	5.000	3.270	409.400	309.720	131.720	850.840	3.270		
3.280	0.000	0.000	0.000	0.000	3.280	427.200	300.820	113.920	841.940	3.280		
3.290	2.500	0.000	2.500	5.000	3.290	445.000	297.260	96.120	838.380	3.290		
3.300	0.000	0.000	0.000	0.000	3.300	462.690	288.090	78.570	829.350	3.300		
3.310	0.000	0.000	0.000	0.000	3.310	488.880	276.450	64.020	829.350	3.310		
3.320	0.000	0.000	0.000	0.000	3.320	509.250	264.810	52.380	826.440	3.320		
3.330	0.000	0.000	0.000	0.000	3.330	529.620	253.170	46.560	829.350	3.330		
3.340	0.000	0.000	0.000	0.000	3.340	549.990	241.530	34.920	826.440	3.340		
3.350	0.000	0.000	0.000	0.000	3.350	567.450	226.980	32.010	826.440	3.350		
3.360	0.000	0.000	0.000	0.000	3.360	587.820	212.430	26.190	826.440	3.360		
3.370	0.000	0.000	0.000	0.000	3.370	608.190	197.880	17.460	823.530	3.370		
3.380	0.000	0.000	0.000	0.000	3.380	628.560	186.240	14.550	829.350	3.380		
3.390	0.000	0.000	0.000	0.000	3.390	648.930	174.600	11.640	835.170	3.390		
3.400	0.000	0.000	0.000	0.000	3.400	666.390	162.960	8.730	838.080	3.400		
3.410	0.000	0.000	0.000	0.000	3.410	678.030	151.320	5.820	835.170	3.410		
3.420	0.000	0.000	0.000	0.000	3.420	695.490	139.680	5.820	840.990	3.420		
3.430	0.000	0.000	0.000	0.000	3.430	710.040	130.950	0.000	840.990	3.430		
3.440	0.000	0.000	0.000	0.000	3.440	727.500	122.220	0.000	849.720	3.440		
3.450	0.000	0.000	0.000	0.000	3.450	740.480	113.920	0.000	854.400	3.450		
3.460	0.000	0.000	0.000	0.000	3.460	754.720	106.800	0.000	861.520	3.460		
3.470	0.000	0.000	0.000	0.000	3.470	765.400	99.680	0.000	865.080	3.470		
3.480	0.000	0.000	0.000	0.000	3.480	779.640	96.120	0.000	875.760	3.480		
3.490	0.000	0.000	0.000	0.000	3.490	790.320	89.000	0.000	879.320	3.490		
3.500	0.000	0.000	0.000	0.000	3.500	801.000	85.440	0.000	886.440	3.500		
3.510	0.000	0.000	0.000	0.000	3.510	811.680	81.880	0.000	893.560	3.510		
3.520	0.000	0.000	0.000	0.000	3.520	822.360	74.760	0.000	897.120	3.520		
3.530	0.000	0.000	0.000	0.000	3.530	836.600	71.200	0.000	907.800	3.530		
3.540	0.000	0.000	0.000	0.000	3.540	850.840	67.640	0.000	918.480	3.540		
3.550	20.000	0.000	0.000	20.000	3.550	861.520	64.080	0.000	925.600	3.550		
3.560	59.200	1.600	0.000	60.800	3.560	872.200	56.960	0.000	929.160	3.560		
3.570	96.000	1.600	0.000	97.600	3.570	882.880	53.400	0.000	936.280	3.570		
3.580	129.600	4.800	0.000	134.400	3.580	886.440	49.840	0.000	936.280	3.580		
3.590	161.600	9.600	1.600	172.800	3.590	890.000	39.160	0.000	929.160	3.590		
3.600	201.600	11.200	4.800	217.600	3.600	887.500	35.500	0.000	923.000	3.600		
3.610	246.400	16.000	6.400	268.800	3.610	880.400	31.950	0.000	912.350	3.610		
3.620	299.200	28.800	9.600	337.600	3.620	866.200	21.300	0.000	887.500	3.620		
3.630	352.000	51.200	16.000	419.200	3.630	844.900	14.200	0.000	859.100	3.630		
3.640	388.800	80.000	28.800	497.600	3.640	816.500	7.100	0.000	823.600	3.640		
3.650	400.000	91.200	33.600	524.800	3.650	777.450	0.000	0.000	777.450	3.650		
3.660	392.000	99.200	41.600	532.800	3.660	731.300	0.000	0.000	731.300	3.660		
3.670	382.400	104.000	46.400	532.800	3.670	667.400	0.000	0.000	667.400	3.670		
3.680	376.000	108.800	54.400	539.200	3.680	582.200	0.000	0.000	582.200	3.680		
3.690	382.400	120.000	64.000	566.400	3.690	489.900	0.000	0.000	489.900	3.690		
3.700	396.800	131.200	73.600	601.600	3.700	394.050	0.000	0.000	394.050	3.700		
3.710	416.100	146.300	81.700	644.100	3.710	298.200	0.000	0.000	298.200	3.710		
3.720	438.900	163.400	91.200	693.500	3.720	209.450	0.000	0.000	209.450	3.720		
3.730	456.000	184.300	98.800	739.100	3.730	142.000	0.000	0.000	142.000	3.730		
3.740	469.300	201.400	106.400	777.100	3.740	88.750	0.000	0.000	88.750	3.740		
3.750	475.000	218.500	119.700	813.200	3.750	47.500	0.000	0.000	47.500	3.750		
3.760	475.000	233.700	127.300	836.000	3.760	22.420	0.000	0.000	22.420	3.760		
3.770	469.300	247.000	136.800	853.100	3.770	17.480	0.000	0.000	17.480	3.770		
3.780	463.600	256.500	142.500	862.600	3.780	14.820	0.000	0.000	14.820	3.780		
3.790	456.000	264.100	152.000	872.100	3.790	12.350	0.000	0.000	12.350	3.790		
3.800	446.500	269.800	155.800	872.100	3.800	12.350	0.000	0.000	12.350	3.800		
3.810	433.200	271.700	163.400	868.300	3.810	9.880	0.000	0.000	9.880	3.810		
3.820	421.800	273.600	167.200	862.600	3.820	7.410	0.000	0.000	7.410	3.820		
3.830	404.700	273.600	171.000	849.300	3.830	7.410	0.000	0.000	7.410	3.830		
3.840	389.500	277.400	176.700	843.600	3.840	2.470	0.000	0.000	2.470	3.840		
3.850	368.600	279.300	186.200	834.100	3.850	4.940	0.000	0.000	4.940	3.850		
3.860	344.280	276.330	194.790	815.400	3.860	4.940	0.000	0.000	4.940	3.860		
3.870	326.160	276.330	202.340	804.830	3.870	2.470	0.000	0.000	2.470	3.870		
3.880	303.510	274.820	209.890	788.220	3.880	2.470	0.000	0.000	2.470	3.880		
3.890	283.880	274.820	217.440	776.140	3.890	2.470	0.000	0.000	2.470	3.890		
3.900	264.250	276.330	224.990	765.570	3.900	2.500	0.000	0.000	2.500	3.900		
3.910	244.620	274.820	237.070	756.510	3.910	2.500	0.000	0.000	2.500	3.910		
3.920	229.520	276.330	246.130	751.980	3.920	2.500	0.000	0.000	2.500	3.920		
3.930	209.890	276.330	259.720	745.940	3.930	0.000	0.000	0.000	0.000	3.930		
3.940	194.790	276.330	274.820	745.940	3.940	2.500	0.000	0.000	2.500	3.940		
3.950	179.690	279.350	286.900	745.940	3.950	0.000	0.000	0.000	0.000	3.950		
3.960	166.100	282.370	303.510	751.980	3.960	2.500	0.000	0.000	2.500	3.960		
3.970	154.020	283.880	318.610	756.510	3.970	0.000	0.000	0.000	0.000	3.970		
3.980	141.940	289.920	339.750	771.610	3.980	0.000	0.000	0.000	0.000	3.980		
3.990	131.370	289.920	356.360	777.650	3.990	0.000	0.000	0.000	0.000	3.990		
4.000	119.290	294.450	377.500	791.240	4.000	0.000	0.000	0.000	0.000	4.000		
4.010	110.160	293.760	394.740	798.660	4.010	0.000	0.000	0.000	0.000	4.010		
4.020	100.980	296.820	416.160	813.960	4.020	0.000	0.000	0.000	0.000	4.020		
4.030	88.740	296.820	437.580	823.140	4.030	0.000	0.000	0.000	0.000	4.030		
4.040	79.560	296.820	462.060	838.440	4.040	0.000	0.000	0.000	0.000	4.040		
4.050	67.320	293.760	486.540	847.620	4.050	0.000	0.000	0.000	0.000	4.050		
4.060	58.140	287.640	507.960	853.740	4.060	0.000	0.000	0.000	0.000	4.060		
4.070	52.020	284.580	535.500	872.100	4.070	0.000	0.000	0.000	0.000	4.070		
4.080	42.840	272.340	566.100	881.280	4.080	0.000	0.000	0.000	0.000	4.080		
4.090	39.780	260.100	596.700	896.580	4.090	0.000	0.000	0.000	0.000	4.090		
4.100	30.600	244.800	627.300	902.700	4.100	0.000	0.000	0.000	0.000	4.100		
4.110	24.480	229.500	654.840	908.820	4.110	0.000	0.000	0.000	0.000	4.110		
4.120	18.360	214.200	688.500	921.060	4.120	0.000	0.000	0.000	0.000	4.120		
4.130	12.240	195.840	712.980	921.060	4.130	0.000	0.000	0.000	0.000	4.130		
4.140	12.240	177.480	737.460	927.180	4.140	0.000	0.000	0.000	0.000	4.140		
4.150	9.180	162.180	765.000	936.360	4.150	0.000	0.000	0.000	0.000	4.150		
4.160	6.820	146.630	791.120	944.570	4.160	0.000	0.000	0.000	0.000	4.160		
4.170	3.410	132.990	811.580	947.980	4.170	0.000	0.000	0.000	0.000	4.170		
4.180	3.410	119.350	828.630	951.390	4.180	0.000	0.000	5.000	5.000	4.180		
4.190	0.000	109.120	842.270	951.390	4.190	0.000	5.000	50.000	55.000	4.190		
4.200	0.000	98.890	849.090	947.980	4.200	0.000	12.000	116.000	128.000	4.200		
4.210	0.000	88.660	852.500	941.160	4.210	0.000	14.000	172.000	186.000	4.210		
4.220	0.000	75.020	842.270	917.290	4.220	0.000	14.000	222.000	236.000	4.220		
4.230	0.000	64.790	832.040	896.830	4.230	2.000	20.000	292.000	314.000	4.230		
4.240	0.000	54.560	811.580	866.140	4.240	6.000	26.000	380.000	412.000	4.240		
4.250	0.000	44.330	784.300	828.630	4.250	14.000	42.000	446.000	502.000	4.250		
4.260	0.000	37.510	746.790	784.300	4.260	24.000	70.000	486.000	580.000	4.260		
4.270	0.000	27.280	702.460	729.740	4.270	36.000	90.000	500.000	626.000	4.270		
4.280	0.000	17.050	641.080	658.130	4.280	50.000	94.000	482.000	626.000	4.280		
4.290	0.000	6.820	569.470	576.290	4.290	60.000	96.000	450.000	606.000	4.290		
4.300	0.000	0.000	480.810	480.810	4.300	74.000	104.000	426.000	604.000	4.300		
4.310	0.000	0.000	377.500	377.500	4.310	86.000	116.000	424.000	626.000	4.310		
4.320	0.000	0.000	268.780	268.780	4.320	100.000	130.000	442.000	672.000	4.320		
4.330	0.000	0.000	187.240	187.240	4.330	110.000	144.000	464.000	718.000	4.330		
4.340	0.000	0.000	122.310	122.310	4.340	116.000	156.000	486.000	758.000	4.340		
4.350	0.000	0.000	69.460	69.460	4.350	126.260	171.200	513.600	811.060	4.350		
4.360	0.000	0.000	39.260	39.260	4.360	130.540	186.180	526.440	843.160	4.360		
4.370	0.000	0.000	28.690	28.690	4.370	139.100	196.880	535.000	870.980	4.370		
4.380	0.000	0.000	24.160	24.160	4.380	145.520	209.720	530.720	885.960	4.380		
4.390	0.000	0.000	21.140	21.140	4.390	154.080	216.140	526.440	896.660	4.390		
4.400	0.000	0.000	16.610	16.610	4.400	158.360	220.420	515.740	894.520	4.400		
4.410	0.000	0.000	16.610	16.610	4.410	164.780	226.840	500.760	892.380	4.410		
4.420	0.000	0.000	16.610	16.610	4.420	169.060	231.120	485.780	885.960	4.420		
4.430	0.000	0.000	13.590	13.590	4.430	173.340	233.260	464.380	870.980	4.430		
4.440	0.000	0.000	13.590	13.590	4.440	184.040	239.680	438.700	862.420	4.440		
4.450	0.000	0.000	13.590	13.590	4.450	190.460	241.820	413.020	845.300	4.450		
4.460	0.000	0.000	12.500	12.500	4.460	199.020	246.100	391.620	836.740	4.460		
4.470	0.000	0.000	10.000	10.000	4.470	205.440	250.380	365.940	821.760	4.470		
4.480	0.000	0.000	10.000	10.000	4.480	214.000	254.660	338.120	806.780	4.480		
4.490	0.000	0.000	10.000	10.000	4.490	220.420	256.800	316.720	793.940	4.490		
4.500	0.000	0.000	10.000	10.000	4.500	231.000	261.800	286.440	779.240	4.500		
4.510	0.000	0.000	10.000	10.000	4.510	241.780	264.880	264.880	771.540	4.510		
4.520	0.000	0.000	7.500	7.500	4.520	246.400	266.420	244.860	757.680	4.520		
4.530	0.000	0.000	7.500	7.500	4.530	257.180	269.500	224.840	751.520	4.530		
4.540	0.000	0.000	7.500	7.500	4.540	266.420	274.120	204.820	745.360	4.540		
4.550	0.000	0.000	7.500	7.500	4.550	277.200	277.200	186.340	740.740	4.550		
4.560	0.000	0.000	5.000	5.000	4.560	289.520	281.820	166.320	737.660	4.560		
4.570	0.000	0.000	5.000	5.000	4.570	301.840	286.440	149.380	737.660	4.570		
4.580	0.000	0.000	5.000	5.000	4.580	311.080	289.520	137.060	737.660	4.580		
4.590	0.000	0.000	5.000	5.000	4.590	321.860	294.140	124.740	740.740	4.590		
4.600	0.000	0.000	5.000	5.000	4.600	334.180	297.220	112.420	743.820	4.600		
4.610	0.000	0.000	5.000	5.000	4.610	344.960	298.760	98.560	742.280	4.610		
4.620	0.000	0.000	5.000	5.000	4.620	357.280	301.840	92.400	751.520	4.620		
4.630	0.000	0.000	2.500	2.500	4.630	369.600	304.920	84.700	759.220	4.630		
4.640	0.000	0.000	2.500	2.500	4.640	385.000	309.540	73.920	768.460	4.640		
4.650	0.000	0.000	2.500	2.500	4.650	401.580	314.280	69.840	785.700	4.650		
4.660	0.000	0.000	0.000	0.000	4.660	419.040	314.280	61.110	794.430	4.660		
4.670	0.000	0.000	2.500	2.500	4.670	433.590	314.280	52.380	800.250	4.670		
4.680	0.000	0.000	0.000	0.000	4.680	451.050	311.370	46.560	808.980	4.680		
4.690	0.000	0.000	0.000	0.000	4.690	471.420	308.460	40.740	820.620	4.690		
4.700	0.000	0.000	0.000	0.000	4.700	488.880	302.640	34.920	826.440	4.700		
4.710	0.000	0.000	0.000	0.000	4.710	509.250	296.820	29.100	835.170	4.710		
4.720	0.000	0.000	0.000	0.000	4.720	529.620	282.270	17.460	829.350	4.720		
4.730	0.000	0.000	0.000	0.000	4.730	549.990	276.450	11.640	838.080	4.730		
4.740	0.000	0.000	0.000	0.000	4.740	576.180	264.810	5.820	846.810	4.740		
4.750	0.000	0.000	0.000	0.000	4.750	602.370	250.260	2.910	855.540	4.750		
4.760	0.000	0.000	0.000	0.000	4.760	631.470	235.710	0.000	867.180	4.760		
4.770	0.000	0.000	1.880	1.880	4.770	663.480	218.250	0.000	881.730	4.770		
4.780	0.000	0.000	1.880	1.880	4.780	695.490	200.790	0.000	896.280	4.780		
4.790	0.000	0.000	1.880	1.880	4.790	727.500	186.240	0.000	913.740	4.790		
4.800	13.160	1.880	0.000	15.040	4.800	757.100	167.500	0.000	924.600	4.800		
4.810	50.760	3.760	0.000	54.520	4.810	787.250	150.750	0.000	938.000	4.810		
4.820	95.880	9.400	0.000	105.280	4.820	807.350	134.000	0.000	941.350	4.820		
4.830	141.000	11.280	0.000	152.280	4.830	824.100	117.250	0.000	941.350	4.830		
4.840	191.760	13.160	1.880	206.800	4.840	834.150	107.200	0.000	941.350	4.840		
4.850	246.280	18.800	1.880	266.960	4.850	837.500	90.450	0.000	927.950	4.850		
4.860	312.080	26.320	5.640	344.040	4.860	830.800	77.050	0.000	907.850	4.860		
4.870	379.760	39.480	11.280	430.520	4.870	817.400	67.000	0.000	884.400	4.870		
4.880	436.160	65.800	18.800	520.760	4.880	797.300	56.950	0.000	854.250	4.880		
4.890	470.000	101.520	28.200	599.720	4.890	760.450	43.550	0.000	804.000	4.890		
4.900	464.360	116.560	39.480	620.400	4.900	706.850	33.500	0.000	740.350	4.900		
4.910	440.990	124.490	50.640	616.120	4.910	626.450	20.100	0.000	646.550	4.910		
4.920	430.440	137.150	69.630	637.220	4.920	529.300	10.050	0.000	539.350	4.920		
4.930	440.990	149.810	75.960	666.760	4.930	418.750	0.000	0.000	418.750	4.930		
4.940	455.760	164.580	86.510	706.850	4.940	308.200	0.000	0.000	308.200	4.940		
4.950	481.080	181.460	97.060	759.600	4.950	202.500	0.000	0.000	202.500	4.950		
4.960	504.290	198.340	105.500	808.130	4.960	134.460	0.000	0.000	134.460	4.960		
4.970	519.060	213.110	113.940	846.110	4.970	79.380	0.000	0.000	79.380	4.970		
4.980	527.500	229.990	118.160	875.650	4.980	42.120	0.000	0.000	42.120	4.980		
4.990	527.500	240.540	126.600	894.640	4.990	21.870	0.000	0.000	21.870	4.990		
5.000	521.170	253.200	137.150	911.520	5.000	19.440	0.000	0.000	19.440	5.000		
5.010	508.510	263.750	141.370	913.630	5.010	17.010	0.000	0.000	17.010	5.010		
5.020	491.630	267.970	149.810	909.410	5.020	14.580	0.000	0.000	14.580	5.020		
5.030	470.530	267.970	154.030	892.530	5.030	12.150	0.000	0.000	12.150	5.030		
5.040	451.540	272.190	162.470	886.200	5.040	12.150	0.000	0.000	12.150	5.040		
5.050	426.220	272.190	166.690	865.100	5.050	9.720	0.000	0.000	9.720	5.050		
5.060	397.500	271.890	174.900	844.290	5.060	9.720	0.000	0.000	9.720	5.060		
5.070	372.060	273.480	184.440	829.980	5.070	7.290	0.000	0.000	7.290	5.070		
5.080	341.850	273.480	197.160	812.490	5.080	4.860	0.000	0.000	4.860	5.080		
5.090	314.820	273.480	203.520	791.820	5.090	4.860	0.000	0.000	4.860	5.090		
5.100	286.200	273.480	219.420	779.100	5.100	5.000	0.000	0.000	5.000	5.100		
5.110	259.170	273.480	228.960	761.610	5.110	5.000	0.000	0.000	5.000	5.110		
5.120	233.730	273.480	241.680	748.890	5.120	5.000	0.000	0.000	5.000	5.120		
5.130	206.700	273.480	255.990	736.170	5.130	5.000	0.000	0.000	5.000	5.130		
5.140	181.260	273.480	271.890	726.630	5.140	2.500	0.000	0.000	2.500	5.140		
5.150	162.180	273.480	289.380	725.040	5.150	5.000	0.000	0.000	5.000	5.150		
5.160	141.510	273.480	303.690	718.680	5.160	5.000	0.000	0.000	5.000	5.160		
5.170	124.020	271.890	319.590	715.500	5.170	2.500	0.000	0.000	2.500	5.170		
5.180	109.710	271.890	337.080	718.680	5.180	2.500	0.000	0.000	2.500	5.180		
5.190	93.810	271.890	354.570	720.270	5.190	2.500	0.000	0.000	2.500	5.190		
5.200	84.270	268.710	373.650	726.630	5.200	2.500	0.000	0.000	2.500	5.200		
5.210	72.240	267.890	397.320	737.450	5.210	2.500	0.000	0.000	2.500	5.210		
5.220	63.210	267.890	421.400	752.500	5.220	0.000	0.000	0.000	0.000	5.220		
5.230	54.180	264.880	442.470	761.530	5.230	0.000	0.000	0.000	0.000	5.230		
5.240	48.160	264.880	469.560	782.600	5.240	0.000	0.000	0.000	0.000	5.240		
5.250	42.140	264.880	490.630	797.650	5.250	0.000	0.000	0.000	0.000	5.250		
5.260	39.130	261.870	514.710	815.710	5.260	0.000	0.000	0.000	0.000	5.260		
5.270	33.110	255.850	541.800	830.760	5.270	0.000	0.000	0.000	0.000	5.270		
5.280	30.100	249.830	568.890	848.820	5.280	0.000	0.000	0.000	0.000	5.280		
5.290	24.080	243.810	595.980	863.870	5.290	0.000	0.000	0.000	0.000	5.290		
5.300	18.060	234.780	620.060	872.900	5.300	0.000	0.000	0.000	0.000	5.300		
5.310	12.040	225.750	650.160	887.950	5.310	0.000	0.000	0.000	0.000	5.310		
5.320	12.040	219.730	677.250	909.020	5.320	0.000	0.000	0.000	0.000	5.320		
5.330	9.030	207.690	707.350	924.070	5.330	0.000	0.000	0.000	0.000	5.330		
5.340	6.020	195.650	728.420	930.090	5.340	0.000	0.000	0.000	0.000	5.340		
5.350	3.010	183.610	752.500	939.120	5.350	0.000	0.000	0.000	0.000	5.350		
5.360	0.000	169.500	769.530	939.030	5.360	0.000	0.000	0.000	0.000	5.360		
5.370	0.000	159.330	793.260	952.590	5.370	2.430	0.000	0.000	2.430	5.370		
5.380	0.000	149.160	810.210	959.370	5.380	2.430	0.000	0.000	2.430	5.380		
5.390	0.000	138.990	827.160	966.150	5.390	0.000	2.430	22.500	24.930	5.390		
5.400	0.000	128.820	837.330	966.150	5.400	0.000	9.560	78.870	88.430	5.400		
5.410	0.000	118.650	847.500	966.150	5.410	0.000	14.340	150.570	164.910	5.410		
5.420	0.000	111.870	847.500	959.370	5.420	0.000	16.730	222.270	239.000	5.420		
5.430	0.000	101.700	837.330	939.030	5.430	2.390	21.510	293.970	317.870	5.430		
5.440	0.000	88.140	820.380	908.520	5.440	9.560	28.680	384.790	423.030	5.440		
5.450	0.000	81.360	789.870	871.230	5.450	14.340	43.020	480.390	537.750	5.450		
5.460	0.000	71.190	749.190	820.380	5.460	23.900	78.870	556.870	659.640	5.460		
5.470	0.000	57.630	691.560	749.190	5.470	40.630	119.500	597.500	757.630	5.470		
5.480	0.000	47.460	613.590	661.050	5.480	50.190	121.890	564.040	736.120	5.480		
5.490	0.000	33.900	511.890	545.790	5.490	59.750	119.500	506.680	685.930	5.490		
5.500	0.000	20.340	396.630	416.970	5.500	74.090	124.280	466.050	664.420	5.500		
5.510	0.000	9.990	277.500	287.490	5.510	88.430	133.840	454.100	676.370	5.510		
5.520	0.000	0.000	174.270	174.270	5.520	105.160	150.570	463.660	719.390	5.520		
5.530	0.000	0.000	106.560	106.560	5.530	121.890	169.690	475.610	767.190	5.530		
5.540	0.000	0.000	56.610	56.610	5.540	131.450	186.420	492.340	810.210	5.540		
5.550	0.000	0.000	29.970	29.970	5.550	140.760	208.080	505.920	854.760	5.550		
5.560	0.000	0.000	24.420	24.420	5.560	150.960	226.440	510.000	887.400	5.560		
5.570	0.000	0.000	19.980	19.980	5.570	161.160	238.680	503.880	903.720	5.570		
5.580	0.000	0.000	16.650	16.650	5.580	173.400	248.880	493.680	915.960	5.580		
5.590	0.000	0.000	16.650	16.650	5.590	181.560	257.040	479.400	918.000	5.590		
5.600	0.000	0.000	14.430	14.430	5.600	191.760	259.080	456.960	907.800	5.600		
5.610	0.000	0.000	12.210	12.210	5.610	199.920	261.120	428.400	889.440	5.610		
5.620	0.000	0.000	12.210	12.210	5.620	206.040	261.120	399.840	867.000	5.620		
5.630	0.000	0.000	12.210	12.210	5.630	216.240	259.080	371.280	846.600	5.630		
5.640	0.000	0.000	9.990	9.990	5.640	224.400	255.000	344.760	824.160	5.640		
5.650	0.000	0.000	6.660	6.660	5.650	230.520	255.000	318.240	803.760	5.650		
5.660	0.000	0.000	7.500	7.500	5.660	238.680	248.880	295.800	783.360	5.660		
5.670	0.000	0.000	7.500	7.500	5.670	246.840	246.840	279.480	773.160	5.670		
5.680	0.000	0.000	4.980	4.980	5.680	255.000	238.680	259.080	752.760	5.680		
5.690	0.000	0.000	7.500	7.500	5.690	257.040	236.640	240.720	734.400	5.690		
5.700	0.000	0.000	7.500	7.500	5.700	263.340	234.270	224.010	721.620	5.700		
5.710	0.000	0.000	4.980	4.980	5.710	266.760	229.140	212.040	707.940	5.710		
5.720	0.000	0.000	4.980	4.980	5.720	273.600	227.430	196.650	697.680	5.720		
5.730	0.000	0.000	4.980	4.980	5.730	282.150	224.010	181.260	687.420	5.730		
5.740	0.000	0.000	4.980	4.980	5.740	288.990	222.300	169.290	680.580	5.740		
5.750	0.000	0.000	2.490	2.490	5.750	299.250	218.880	157.320	675.450	5.750		
5.760	0.000	0.000	2.490	2.490	5.760	309.510	218.880	147.060	675.450	5.760		
5.770	0.000	0.000	2.490	2.490	5.770	319.770	218.880	136.800	675.450	5.770		
5.780	0.000	0.000	2.490	2.490	5.780	328.320	218.880	126.540	673.740	5.780		
5.790	0.000	0.000	2.490	2.490	5.790	342.000	222.300	116.280	680.580	5.790		
5.800	0.000	0.000	2.490	2.490	5.800	357.390	222.300	109.440	689.130	5.800		
5.810	0.000	0.000	0.000	0.000	5.810	374.490	224.010	100.890	699.390	5.810		
5.820	0.000	0.000	0.000	0.000	5.820	391.590	227.430	92.340	711.360	5.820		
5.830	0.000	0.000	0.000	0.000	5.830	408.690	229.140	83.790	721.620	5.830		
5.840	0.000	0.000	0.000	0.000	5.840	427.500	229.140	76.950	733.590	5.840		
5.850	0.000	0.000	0.000	0.000	5.850	449.280	227.760	65.520	742.560	5.850		
5.860	0.000	0.000	0.000	0.000	5.860	468.000	227.760	59.280	755.040	5.860		
5.870	0.000	0.000	0.000	0.000	5.870	489.840	230.880	49.920	770.640	5.870		
5.880	0.000	0.000	0.000	0.000	5.880	511.680	227.760	46.800	786.240	5.880		
5.890	0.000	0.000	0.000	0.000	5.890	536.640	224.640	40.560	801.840	5.890		
5.900	0.000	0.000	0.000	0.000	5.900	561.600	221.520	37.440	820.560	5.900		
5.910	0.000	2.500	0.000	2.500	5.910	586.560	212.160	31.200	829.920	5.910		
5.920	0.000	5.000	0.000	5.000	5.920	611.520	199.680	24.960	836.160	5.920		
5.930	0.000	5.000	0.000	5.000	5.930	639.600	187.200	18.720	845.520	5.930		
5.940	0.000	5.000	0.000	5.000	5.940	667.680	165.360	12.480	845.520	5.940		
5.950	0.000	5.000	0.000	5.000	5.950	692.640	149.760	9.360	851.760	5.950		
5.960	21.560	11.760	0.000	33.320	5.960	717.600	134.160	6.240	858.000	5.960		
5.970	64.680	11.760	0.000	76.440	5.970	739.440	112.320	3.120	854.880	5.970		
5.980	111.720	13.720	0.000	125.440	5.980	764.400	96.720	0.000	861.120	5.980		
5.990	166.600	15.680	1.960	184.240	5.990	780.000	84.240	0.000	864.240	5.990		
6.000	231.280	21.560	1.960	254.800	6.000	782.500	65.730	0.000	848.230	6.000		
6.010	299.880	29.400	5.880	335.160	6.010	782.500	56.340	0.000	838.840	6.010		
6.020	358.680	39.200	13.720	411.600	6.020	769.980	43.820	0.000	813.800	6.020		
6.030	417.480	58.800	19.600	495.880	6.030	748.070	34.430	0.000	782.500	6.030		
6.040	450.800	96.040	31.360	578.200	6.040	719.900	21.910	0.000	741.810	6.040		
6.050	464.520	127.400	50.960	642.880	6.050	685.470	15.650	0.000	701.120	6.050		
6.060	446.880	137.200	68.600	652.680	6.060	632.260	6.260	0.000	638.520	6.060		
6.070	437.080	148.960	86.240	672.280	6.070	566.530	0.000	0.000	566.530	6.070		
6.080	446.880	166.600	101.920	715.400	6.080	488.280	0.000	0.000	488.280	6.080		
6.090	464.520	186.200	113.680	764.400	6.090	394.380	0.000	0.000	394.380	6.090		
6.100	490.000	205.800	123.480	819.280	6.100	291.090	0.000	0.000	291.090	6.100		
6.110	510.510	225.420	134.810	870.740	6.110	194.060	0.000	0.000	194.060	6.110		
6.120	528.190	240.890	139.230	908.310	6.120	122.070	0.000	0.000	122.070	6.120		
6.130	543.660	256.360	143.650	943.670	6.130	65.730	0.000	0.000	65.730	6.130		
6.140	552.500	269.620	152.490	974.610	6.140	31.300	0.000	0.000	31.300	6.140		
6.150	552.500	278.460	156.910	987.870	6.150	22.500	0.000	0.000	22.500	6.150		
6.160	545.870	287.300	161.330	994.500	6.160	17.460	0.000	2.430	19.890	6.160		
6.170	530.400	289.510	161.330	981.240	6.170	14.940	0.000	2.430	17.370	6.170		
6.180	514.930	287.300	165.750	967.980	6.180	14.940	0.000	2.430	17.370	6.180		
6.190	488.410	282.880	172.380	943.670	6.190	14.940	0.000	0.000	14.940	6.190		
6.200	466.310	278.460	174.590	919.360	6.200	12.420	0.000	0.000	12.420	6.200		
6.210	444.210	271.830	174.590	890.630	6.210	9.990	0.000	0.000	9.990	6.210		
6.220	419.900	262.990	176.800	859.690	6.220	9.990	0.000	0.000	9.990	6.220		
6.230	393.380	260.780	179.010	833.170	6.230	9.990	0.000	0.000	9.990	6.230		
6.240	371.280	254.150	179.010	804.440	6.240	7.470	0.000	0.000	7.470	6.240		
6.250	349.180	245.310	181.220	775.710	6.250	7.470	0.000	0.000	7.470	6.250		
6.260	327.500	239.730	182.090	749.320	6.260	7.470	0.000	0.000	7.470	6.260		
6.270	303.920	234.490	187.330	725.740	6.270	4.950	0.000	0.000	4.950	6.270		
6.280	286.890	231.870	189.950	708.710	6.280	4.950	0.000	0.000	4.950	6.280		
6.290	269.860	231.870	193.880	695.610	6.290	4.950	0.000	0.000	4.950	6.290		
6.300	256.760	229.250	199.120	685.130	6.300	5.000	0.000	0.000	5.000	6.300		
6.310	244.970	229.250	206.980	681.200	6.310	5.000	0.000	0.000	5.000	6.310		
6.320	231.870	229.250	209.600	670.720	6.320	5.000	0.000	0.000	5.000	6.320		
6.330	221.390	231.870	218.770	672.030	6.330	5.000	0.000	0.000	5.000	6.330		
6.340	214.840	234.490	226.630	675.960	6.340	5.000	0.000	0.000	5.000	6.340		
6.350	206.980	239.730	234.490	681.200	6.350	5.000	0.000	0.000	5.000	6.350		
6.360	201.740	244.970	242.350	689.060	6.360	5.000	0.000	0.000	5.000	6.360		
6.370	199.120	251.520	251.520	702.160	6.370	5.000	0.000	0.000	5.000	6.370		
6.380	196.500	259.380	262.000	717.880	6.380	2.500	0.000	0.000	2.500	6.380		
6.390	191.260	267.240	273.790	732.290	6.390	5.000	0.000	0.000	5.000	6.390		
6.400	187.330	273.790	284.270	745.390	6.400	2.500	0.000	0.000	2.500	6.400		
6.410	181.500	280.500	299.750	761.750	6.410	2.500	0.000	0.000	2.500	6.410		
6.420	176.000	291.500	310.750	778.250	6.420	2.500	0.000	0.000	2.500	6.420		
6.430	167.750	299.750	330.000	797.500	6.430	2.500	0.000	0.000	2.500	6.430		
6.440	159.500	308.000	346.500	814.000	6.440	2.500	0.000	0.000	2.500	6.440		
6.450	148.500	316.250	365.750	830.500	6.450	2.130	0.000	0.000	2.130	6.450		
6.460	137.500	327.250	390.500	855.250	6.460	2.130	0.000	0.000	2.130	6.460		
6.470	126.500	338.250	418.000	882.750	6.470	4.970	0.000	0.000	4.970	6.470		
6.480	112.750	343.750	445.500	902.000	6.480	4.970	0.000	0.000	4.970	6.480		
6.490	101.750	346.500	473.000	921.250	6.490	4.970	0.000	0.000	4.970	6.490		
6.500	82.500	343.750	503.250	929.500	6.500	4.970	0.000	0.000	4.970	6.500		
6.510	68.750	330.000	533.500	932.250	6.510	4.970	0.000	0.000	4.970	6.510		
6.520	55.000	316.250	572.000	943.250	6.520	4.970	2.130	0.000	7.100	6.520		
6.530	41.250	299.750	607.750	948.750	6.530	2.130	0.000	0.000	2.130	6.530		
6.540	33.000	275.000	649.000	957.000	6.540	2.130	0.000	0.000	2.130	6.540		
6.550	27.500	255.750	687.500	970.750	6.550	2.130	0.000	0.000	2.130	6.550		
6.560	18.960	227.520	723.640	970.120	6.560	0.000	7.100	29.820	36.920	6.560		
6.570	12.640	202.240	755.240	970.120	6.570	0.000	14.910	87.330	102.240	6.570		
6.580	6.320	176.960	777.360	960.640	6.580	0.000	19.880	137.030	156.910	6.580		
6.590	3.160	154.840	790.000	948.000	6.590	0.000	19.880	177.500	197.380	6.590		
6.600	0.000	132.720	790.000	922.720	6.600	3.900	23.400	232.050	259.350	6.600		
6.610	0.000	116.920	780.520	897.440	6.610	3.900	29.250	296.400	329.550	6.610		
6.620	0.000	104.280	764.720	869.000	6.620	11.700	40.950	366.600	419.250	6.620		
6.630	0.000	91.640	729.960	821.600	6.630	21.450	62.400	419.250	503.100	6.630		
6.640	0.000	82.160	698.360	780.520	6.640	33.150	89.700	446.550	569.400	6.640		
6.650	0.000	69.520	654.120	723.640	6.650	44.850	93.600	438.750	577.200	6.650		
6.660	0.000	56.880	597.240	654.120	6.660	50.700	93.600	403.650	547.950	6.660		
6.670	0.000	44.240	527.720	571.960	6.670	64.350	93.600	374.400	532.350	6.670		
6.680	0.000	31.600	442.400	474.000	6.680	79.950	103.350	366.600	549.900	6.680		
6.690	0.000	18.960	338.120	357.080	6.690	91.650	117.000	376.350	585.000	6.690		
6.700	0.000	6.320	249.640	255.960	6.700	107.250	128.700	393.900	629.850	6.700		
6.710	0.000	0.000	167.500	167.500	6.710	113.100	144.300	417.300	674.700	6.710		
6.720	0.000	0.000	107.200	107.200	6.720	126.750	169.650	446.550	742.950	6.720		
6.730	0.000	0.000	64.990	64.990	6.730	136.500	191.100	471.900	799.500	6.730		
6.740	0.000	0.000	34.840	34.840	6.740	146.250	208.650	487.500	842.400	6.740		
6.750	0.000	0.000	27.470	27.470	6.750	158.400	225.720	495.000	879.120	6.750		
6.760	0.000	0.000	24.790	24.790	6.760	166.320	239.580	495.000	900.900	6.760		
6.770	2.010	0.000	19.430	21.440	6.770	174.240	247.500	489.060	910.800	6.770		
6.780	2.010	0.000	17.420	19.430	6.780	182.160	253.440	473.220	908.820	6.780		
6.790	2.010	0.000	17.420	19.430	6.790	188.100	257.400	459.360	904.860	6.790		
6.800	2.010	0.000	17.420	19.430	6.800	196.020	261.360	441.540	898.920	6.800		
6.810	2.010	0.000	14.740	16.750	6.810	203.940	263.340	421.740	889.020	6.810		
6.820	2.010	0.000	14.740	16.750	6.820	213.840	267.300	403.920	885.060	6.820		
6.830	2.010	0.000	12.060	14.070	6.830	219.780	267.300	384.120	871.200	6.830		
6.840	2.010	0.000	12.060	14.070	6.840	223.740	267.300	366.300	857.340	6.840		
6.850	2.010	0.000	12.060	14.070	6.850	229.680	267.300	346.500	843.480	6.850		
6.860	2.500	0.000	12.500	15.000	6.860	233.640	263.340	326.700	823.680	6.860		
6.870	2.500	0.000	12.500	15.000	6.870	239.580	259.380	306.900	805.860	6.870		
6.880	2.500	0.000	12.500	15.000	6.880	243.540	257.400	289.080	790.020	6.880		
6.890	2.500	0.000	7.500	10.000	6.890	251.460	253.440	269.280	774.180	6.890		
6.900	2.500	0.000	7.500	10.000	6.900	258.720	249.480	246.400	754.600	6.900		
6.910	2.500	0.000	7.500	10.000	6.910	266.420	246.400	229.460	742.280	6.910		
6.920	2.500	0.000	7.500	10.000	6.920	274.120	244.860	214.060	733.040	6.920		
6.930	0.000	0.000	7.500	7.500	6.930	281.820	241.780	198.660	722.260	6.930		
6.940	2.500	0.000	7.500	10.000	6.940	286.440	241.780	186.340	714.560	6.940		
6.950	0.000	0.000	5.000	5.000	6.950	294.140	238.700	177.100	709.940	6.950		
6.960	0.000	0.000	7.500	7.500	6.960	301.840	237.160	166.320	705.320	6.960		
6.970	0.000	0.000	5.000	5.000	6.970	309.540	237.160	158.620	705.320	6.970		
6.980	0.000	0.000	5.000	5.000	6.980	318.780	238.700	149.380	706.860	6.980		
6.990	0.000	0.000	2.500	2.500	6.990	329.560	241.780	144.760	716.100	6.990		
7.000	0.000	0.000	2.500	2.500	7.000	338.800	244.860	137.060	720.720	7.000		
7.010	0.000	0.000	5.000	5.000	7.010	351.120	246.400	129.360	726.880	7.010		
7.020	0.000	0.000	2.500	2.500	7.020	358.820	246.400	121.660	726.880	7.020		
7.030	0.000	0.000	2.500	2.500	7.030	371.140	249.480	117.040	737.660	7.030		
7.040	0.000	0.000	2.500	2.500	7.040	385.000	249.480	109.340	743.820	7.040		
7.050	0.000	0.000	0.000	0.000	7.050	396.110	249.300	99.720	745.130	7.050		
7.060	0.000	0.000	0.000	0.000	7.060	412.730	252.070	91.410	756.210	7.060		
7.070	0.000	0.000	0.000	0.000	7.070	429.350	252.070	83.100	764.520	7.070		
7.080	0.000	0.000	0.000	0.000	7.080	445.970	254.840	77.560	778.370	7.080		
7.090	0.000	0.000	0.000	0.000	7.090	462.590	254.840	74.790	792.220	7.090		
7.100	0.000	2.500	0.000	2.500	7.100	484.750	254.840	66.480	806.070	7.100		
7.110	0.000	5.000	0.000	5.000	7.110	509.680	254.840	55.400	819.920	7.110		
7.120	0.000	5.000	0.000	5.000	7.120	531.840	246.530	49.860	828.230	7.120		
7.130	0.000	5.000	0.000	5.000	7.130	554.000	235.450	44.320	833.770	7.130		
7.140	0.000	5.000	2.500	7.500	7.140	576.160	224.370	38.780	839.310	7.140		
7.150	0.000	5.000	2.500	7.500	7.150	601.090	210.520	33.240	844.850	7.150		
7.160	16.110	7.160	0.000	23.270	7.160	623.250	193.900	27.700	844.850	7.160		
7.170	59.070	8.950	0.000	68.020	7.170	648.180	177.280	24.930	850.390	7.170		
7.180	103.820	14.320	0.000	118.140	7.180	673.110	152.350	16.620	842.080	7.180		
7.190	152.150	16.110	1.790	170.050	7.190	692.500	127.420	11.080	831.000	7.190		
7.200	204.060	19.690	1.790	225.540	7.200	701.840	104.710	8.490	815.040	7.200		
7.210	261.340	23.270	1.790	286.400	7.210	707.500	84.900	5.660	798.060	7.210		
7.220	318.620	32.220	3.580	354.420	7.220	701.840	73.580	2.830	778.250	7.220		
7.230	368.740	44.750	10.740	424.230	7.230	687.690	62.260	0.000	749.950	7.230		
7.240	417.070	59.070	19.690	495.830	7.240	667.880	48.110	0.000	715.990	7.240		
7.250	443.920	85.920	26.850	556.690	7.250	642.410	42.450	0.000	684.860	7.250		
7.260	447.500	119.930	39.380	606.810	7.260	611.280	31.130	0.000	642.410	7.260		
7.270	422.440	139.620	46.540	608.600	7.270	571.660	22.640	0.000	594.300	7.270		
7.280	406.330	166.470	66.230	639.030	7.280	526.380	14.150	0.000	540.530	7.280		
7.290	400.960	191.530	89.500	681.990	7.290	469.780	5.660	0.000	475.440	7.290		
7.300	406.330	218.380	114.560	739.270	7.300	410.350	0.000	0.000	410.350	7.300		
7.310	414.000	248.400	136.160	798.560	7.310	342.430	0.000	0.000	342.430	7.310		
7.320	428.720	274.160	154.560	857.440	7.320	268.850	0.000	0.000	268.850	7.320		
7.330	439.760	294.400	169.280	903.440	7.330	200.930	0.000	0.000	200.930	7.330		
7.340	448.960	310.960	182.160	942.080	7.340	135.840	0.000	0.000	135.840	7.340		
7.350	456.320	329.360	193.200	978.880	7.350	80.000	0.000	0.000	80.000	7.350		
7.360	460.000	344.080	204.240	1008.320	7.360	44.800	0.000	0.000	44.800	7.360		
7.370	460.000	353.280	213.440	1026.720	7.370	24.960	0.000	0.000	24.960	7.370		
7.380	450.800	362.480	220.800	1034.080	7.380	19.840	0.000	0.000	19.840	7.380		
7.390	441.600	364.320	230.000	1035.920	7.390	14.720	0.000	0.000	14.720	7.390		
7.400	428.720	364.320	233.680	1026.720	7.400	14.720	0.000	4.800	19.520	7.400		
7.410	415.840	364.320	239.200	1019.360	7.410	14.720	0.000	4.800	19.520	7.410		
7.420	404.800	358.800	241.040	1004.640	7.420	12.480	0.000	4.800	17.280	7.420		
7.430	388.240	356.960	241.040	986.240	7.430	12.480	0.000	2.240	14.720	7.430		
7.440	377.200	349.600	239.200	966.000	7.440	9.920	0.000	0.000	9.920	7.440		
7.450	362.480	342.240	239.200	943.920	7.450	9.920	0.000	0.000	9.920	7.450		
7.460	345.000	331.200	237.360	913.560	7.460	9.920	0.000	0.000	9.920	7.460		
7.470	327.060	318.780	231.840	877.680	7.470	7.360	0.000	0.000	7.360	7.470		
7.480	311.880	309.120	226.320	847.320	7.480	9.920	0.000	0.000	9.920	7.480		
7.490	296.700	296.700	219.420	812.820	7.490	7.360	0.000	0.000	7.360	7.490		
7.500	284.280	287.040	213.900	785.220	7.500	7.500	0.000	0.000	7.500	7.500		
7.510	274.620	277.380	207.000	759.000	7.510	7.500	0.000	0.000	7.500	7.510		
7.520	266.340	269.100	201.480	736.920	7.520	7.500	0.000	0.000	7.500	7.520		
7.530	259.440	262.200	194.580	716.220	7.530	4.980	0.000	2.490	7.470	7.530		
7.540	256.680	259.440	191.820	707.940	7.540	4.980	0.000	2.490	7.470	7.540		
7.550	256.680	253.920	189.060	699.660	7.550	7.500	0.000	0.000	7.500	7.550		
7.560	259.440	251.160	184.920	695.520	7.560	4.980	0.000	2.490	7.470	7.560		
7.570	264.960	253.920	184.920	703.800	7.570	4.980	0.000	0.000	4.980	7.570		
7.580	269.100	256.680	182.160	707.940	7.580	7.500	0.000	0.000	7.500	7.580		
7.590	277.380	259.440	184.920	721.740	7.590	4.980	0.000	0.000	4.980	7.590		
7.600	284.280	262.200	184.920	731.400	7.600	4.980	0.000	2.490	7.470	7.600		
7.610	291.400	266.600	184.450	742.450	7.610	4.980	0.000	2.490	7.470	7.610		
7.620	299.150	271.250	184.450	754.850	7.620	7.500	0.000	2.490	9.990	7.620		
7.630	306.900	279.000	186.000	771.900	7.630	7.500	0.000	0.000	7.500	7.630		
7.640	311.550	286.750	193.750	792.050	7.640	7.500	0.000	0.000	7.500	7.640		
7.650	314.650	294.500	196.850	806.000	7.650	7.500	0.000	0.000	7.500	7.650		
7.660	316.200	302.250	199.950	818.400	7.660	7.500	0.000	0.000	7.500	7.660		
7.670	316.200	314.650	212.350	843.200	7.670	7.500	0.000	0.000	7.500	7.670		
7.680	314.650	323.950	217.000	855.600	7.680	10.000	0.000	0.000	10.000	7.680		
7.690	311.550	339.450	226.300	877.300	7.690	10.000	0.000	0.000	10.000	7.690		
7.700	310.000	351.850	237.150	899.000	7.700	12.500	0.000	0.000	12.500	7.700		
7.710	302.250	361.150	246.450	909.850	7.710	10.000	0.000	0.000	10.000	7.710		
7.720	286.750	372.000	257.300	916.050	7.720	10.000	0.000	0.000	10.000	7.720		
7.730	271.250	376.650	271.250	919.150	7.730	10.000	0.000	0.000	10.000	7.730		
7.740	249.550	384.400	283.650	917.600	7.740	7.500	0.000	0.000	7.500	7.740		
7.750	226.300	387.500	296.050	909.850	7.750	7.500	0.000	0.000	7.500	7.750		
7.760	198.550	390.830	315.590	904.970	7.760	7.500	0.000	0.000	7.500	7.760		
7.770	163.020	388.740	334.400	886.160	7.770	7.500	0.000	0.000	7.500	7.770		
7.780	133.760	384.560	353.210	871.530	7.780	5.000	0.000	0.000	5.000	7.780		
7.790	104.500	376.200	376.200	856.900	7.790	2.500	0.000	0.000	2.500	7.790		
7.800	81.510	359.480	403.370	844.360	7.800	0.000	4.620	32.340	36.960	7.800		
7.810	60.610	338.580	428.450	827.640	7.810	0.000	13.860	81.620	95.480	7.810		
7.820	45.980	307.230	453.530	806.740	7.820	0.000	21.560	126.280	147.840	7.820		
7.830	33.440	273.790	478.610	785.840	7.830	0.000	26.180	174.020	200.200	7.830		
7.840	22.990	236.170	501.600	760.760	7.840	1.540	32.340	210.980	244.860	7.840		
7.850	16.720	200.640	514.140	731.500	7.850	9.240	49.280	261.800	320.320	7.850		
7.860	8.360	173.470	522.500	704.330	7.860	29.260	73.920	324.940	428.120	7.860		
7.870	4.180	146.300	518.320	668.800	7.870	38.500	84.700	371.140	494.340	7.870		
7.880	0.000	121.220	512.050	633.270	7.880	52.360	93.940	381.920	528.220	7.880		
7.890	0.000	104.500	491.150	595.650	7.890	64.680	98.560	371.140	534.380	7.890		
7.900	0.000	85.690	461.890	547.580	7.900	77.000	106.260	364.980	548.240	7.900		
7.910	0.000	71.380	415.000	486.380	7.910	86.240	117.040	358.820	562.100	7.910		
7.920	0.000	56.440	366.860	423.300	7.920	97.020	129.360	361.900	588.280	7.920		
7.930	0.000	41.500	312.080	353.580	7.930	109.340	141.680	369.600	620.620	7.930		
7.940	0.000	29.880	249.000	278.880	7.940	118.580	158.620	385.000	662.200	7.940		
7.950	0.000	19.920	184.260	204.180	7.950	132.060	176.700	401.760	710.520	7.950		
7.960	0.000	6.640	129.480	136.120	7.960	141.360	193.440	416.640	751.440	7.960		
7.970	0.000	1.660	84.660	86.320	7.970	150.660	212.040	433.380	796.080	7.970		
7.980	0.000	0.000	51.460	51.460	7.980	163.680	232.500	446.400	842.580	7.980		
7.990	1.660	0.000	31.540	33.200	7.990	174.840	247.380	453.840	876.060	7.990		
8.000	4.980	0.000	21.580	26.560	8.000	184.140	262.260	461.280	907.680	8.000		
8.010	6.640	0.000	16.600	23.240	8.010	193.440	271.560	465.000	930.000	8.010		
8.020	6.640	0.000	11.620	18.260	8.020	197.160	277.140	461.280	935.580	8.020		
8.030	9.960	0.000	11.620	21.580	8.030	204.600	279.000	455.700	939.300	8.030		
8.040	9.960	0.000	9.960	19.920	8.040	206.460	280.860	448.260	935.580	8.040		
8.050	6.640	0.000	9.960	16.600	8.050	208.320	280.860	440.820	930.000	8.050		
8.060	7.480	0.000	10.000	17.480	8.060	213.900	279.000	429.660	922.560	8.060		
8.070	7.480	0.000	10.000	17.480	8.070	213.900	273.420	416.640	903.960	8.070		
8.080	7.480	0.000	7.480	14.960	8.080	215.760	271.560	403.620	890.940	8.080		
8.090	7.480	0.000	10.000	17.480	8.090	215.760	265.980	388.740	870.480	8.090		
8.100	7.480	0.000	7.480	14.960	8.100	217.500	259.500	375.000	852.000	8.100		
8.110	7.480	0.000	7.480	14.960	8.110	217.500	255.000	361.500	834.000	8.110		
8.120	7.480	0.000	5.000	12.480	8.120	217.500	247.500	346.500	811.500	8.120		
8.130	7.480	0.000	7.480	14.960	8.130	217.500	244.500	334.500	796.500	8.130		
8.140	7.480	0.000	7.480	14.960	8.140	217.500	237.000	324.000	778.500	8.140		
8.150	7.480	0.000	5.000	12.480	8.150	214.500	234.000	315.000	763.500	8.150		
8.160	7.480	0.000	5.000	12.480	8.160	211.500	232.500	309.000	753.000	8.160		
8.170	7.480	0.000	5.000	12.480	8.170	211.500	229.500	304.500	745.500	8.170		
8.180	7.480	0.000	5.000	12.480	8.180	210.000	226.500	300.000	736.500	8.180		
8.190	7.480	0.000	2.480	9.960	8.190	211.500	226.500	297.000	735.000	8.190		
8.200	7.480	0.000	5.000	12.480	8.200	214.500	226.500	294.000	735.000	8.200		
8.210	7.500	0.000	5.000	12.500	8.210	214.500	229.500	294.000	738.000	8.210		
8.220	5.000	0.000	2.500	7.500	8.220	217.500	232.500	297.000	747.000	8.220		
8.230	5.000	0.000	2.500	7.500	8.230	219.000	240.000	300.000	759.000	8.230		
8.240	7.500	0.000	5.000	12.500	8.240	222.000	244.500	304.500	771.000	8.240		
8.250	5.000	0.000	5.000	10.000	8.250	226.800	249.750	309.150	785.700	8.250		
8.260	5.000	2.500	5.000	12.500	8.260	232.200	256.500	309.150	797.850	8.260		
8.270	2.500	0.000	5.000	7.500	8.270	234.900	261.900	309.150	805.950	8.270		
8.280	2.500	0.000	5.000	7.500	8.280	241.650	267.300	309.150	818.100	8.280		
8.290	0.000	2.500	5.000	7.500	8.290	249.750	271.350	303.750	824.850	8.290		
8.300	0.000	2.500	5.000	7.500	8.300	253.800	279.450	302.400	835.650	8.300		
8.310	0.000	2.500	5.000	7.500	8.310	259.200	279.450	288.900	827.550	8.310		
8.320	2.500	5.000	2.500	10.000	8.320	267.300	282.150	274.050	823.500	8.320		
8.330	2.500	2.500	2.500	7.500	8.330	271.350	282.150	259.200	812.700	8.330		
8.340	2.500	5.000	2.500	10.000	8.340	282.150	279.450	241.650	803.250	8.340		
8.350	12.500	7.500	0.000	20.000	8.350	288.900	276.750	224.100	789.750	8.350		
8.360	19.600	11.760	1.960	33.320	8.360	299.700	274.050	206.550	780.300	8.360		
8.370	27.440	16.660	1.960	46.060	8.370	311.850	271.350	189.000	772.200	8.370		
8.380	44.100	21.560	0.000	65.660	8.380	324.000	267.300	168.750	760.050	8.380		
8.390	79.380	34.300	1.960	115.640	8.390	337.500	259.200	149.850	746.550	8.390		
8.400	127.400	54.880	16.660	198.940	8.400	349.920	246.240	129.600	725.760	8.400		
8.410	172.480	74.480	44.100	291.060	8.410	354.240	228.960	106.560	689.760	8.410		
8.420	216.580	99.960	64.680	381.220	8.420	360.000	208.800	89.280	658.080	8.420		
8.430	239.120	124.460	87.220	450.800	8.430	357.120	180.000	69.120	606.240	8.430		
8.440	245.000	144.060	106.820	495.880	8.440	347.040	149.760	51.840	548.640	8.440		
8.450	242.060	164.640	127.400	534.100	8.450	339.840	116.640	41.760	498.240	8.450		
8.460	237.160	182.280	147.000	566.440	8.460	329.760	92.160	34.560	456.480	8.460		
8.470	234.220	201.880	166.600	602.700	8.470	316.800	72.000	27.360	416.160	8.470		
8.480	232.260	216.580	184.240	633.080	8.480	299.520	56.160	21.600	377.280	8.480		
8.490	229.320	227.360	196.980	653.660	8.490	282.240	48.960	17.280	348.480	8.490		
8.500	229.320	237.160	209.720	676.200	8.500	264.960	38.880	8.640	312.480	8.500		
8.510	229.140	243.880	217.080	690.100	8.510	244.800	34.560	7.200	286.560	8.510		
8.520	234.500	251.920	223.780	710.200	8.520	221.760	27.360	1.440	250.560	8.520		
8.530	239.860	259.960	229.140	728.960	8.530	197.280	21.600	0.000	218.880	8.530		
8.540	246.560	269.340	237.180	753.080	8.540	174.240	14.400	0.000	188.640	8.540		
8.550	254.600	277.380	239.860	771.840	8.550	150.000	9.600	0.000	159.600	8.550		
8.560	259.960	289.440	249.240	798.640	8.560	124.800	4.800	0.000	129.600	8.560		
8.570	261.300	297.480	254.600	813.380	8.570	102.000	4.800	0.000	106.800	8.570		
8.580	266.660	304.180	261.300	832.140	8.580	79.800	2.400	0.000	82.200	8.580		
8.590	269.340	312.220	266.660	848.220	8.590	62.400	0.000	0.000	62.400	8.590		
8.600	272.020	318.920	272.020	862.960	8.600	45.000	0.000	0.000	45.000	8.600		
8.610	277.380	324.280	278.720	880.380	8.610	30.000	0.000	2.400	32.400	8.610		
8.620	278.720	329.640	281.400	889.760	8.620	15.000	0.000	4.800	19.800	8.620		
8.630	281.400	332.320	284.080	897.800	8.630	7.200	0.000	4.800	12.000	8.630		
8.640	281.400	335.000	284.080	900.480	8.640	4.800	0.000	7.200	12.000	8.640		
8.650	281.400	335.000	284.080	900.480	8.650	4.800	0.000	4.800	9.600	8.650		
8.660	281.400	335.000	286.760	903.160	8.660	4.800	0.000	4.800	9.600	8.660		
8.670	277.380	332.320	284.080	893.780	8.670	2.400	0.000	4.800	7.200	8.670		
8.680	272.020	329.640	284.080	885.740	8.680	2.400	0.000	4.800	7.200	8.680		
8.690	263.980	326.960	284.080	875.020	8.690	2.400	0.000	4.800	7.200	8.690		
8.700	257.280	321.600	284.080	862.960	8.700	2.480	0.000	5.000	7.480	8.700		
8.710	249.240	316.240	284.080	849.560	8.710	0.000	0.000	5.000	5.000	8.710		
8.720	243.880	314.900	281.400	840.180	8.720	0.000	0.000	5.000	5.000	8.720		
8.730	239.860	312.220	281.400	833.480	8.730	0.000	0.000	7.480	7.480	8.730		
8.740	237.180	309.540	281.400	828.120	8.740	0.000	0.000	7.480	7.480	8.740		
8.750	237.180	306.860	277.380	821.420	8.750	0.000	0.000	7.480	7.480	8.750		
8.760	234.500	304.180	277.380	816.060	8.760	0.000	0.000	7.480	7.480	8.760		
8.770	234.500	304.180	277.380	816.060	8.770	0.000	0.000	7.480	7.480	8.770		
8.780	237.180	301.500	272.020	810.700	8.780	0.000	2.480	7.480	9.960	8.780		
8.790	237.180	301.500	269.340	808.020	8.790	0.000	2.480	10.000	12.480	8.790		
8.800	241.200	301.500	269.340	812.040	8.800	0.000	2.480	10.000	12.480	8.800		
8.810	246.380	304.800	266.700	817.880	8.810	0.000	5.000	10.000	15.000	8.810		
8.820	248.920	307.340	266.700	822.960	8.820	0.000	7.480	10.000	17.480	8.820		
8.830	251.460	312.420	269.240	833.120	8.830	0.000	5.000	10.000	15.000	8.830		
8.840	254.000	312.420	269.240	835.660	8.840	0.000	7.480	10.000	17.480	8.840		
8.850	256.540	314.960	269.240	840.740	8.850	0.000	7.050	9.870	16.920	8.850		
8.860	256.540	314.960	269.240	840.740	8.860	0.000	4.700	9.870	14.570	8.860		
8.870	259.080	317.500	269.240	845.820	8.870	0.000	7.050	9.870	16.920	8.870		
8.880	259.080	317.500	269.240	845.820	8.880	0.000	7.050	9.870	16.920	8.880		
8.890	259.080	314.960	269.240	843.280	8.890	0.000	7.050	9.870	16.920	8.890		
8.900	259.080	312.420	266.700	838.200	8.900	0.000	4.700	9.870	14.570	8.900		
8.910	256.540	312.420	269.240	838.200	8.910	0.000	7.050	9.870	16.920	8.910		
8.920	254.000	312.420	269.240	835.660	8.920	0.000	9.870	22.090	31.960	8.920		
8.930	248.920	309.880	271.780	830.580	8.930	0.000	17.390	72.380	89.770	8.930		
8.940	241.300	304.800	271.780	817.880	8.940	29.610	39.950	109.980	179.540	8.940		
8.950	232.410	297.180	269.240	798.830	8.950	22.090	32.430	102.460	156.980	8.950		
8.960	219.650	287.500	266.800	773.950	8.960	27.260	37.130	99.640	164.030	8.960		
8.970	209.300	277.150	264.500	750.950	8.970	44.650	49.820	114.680	209.150	8.970		
8.980	198.950	269.100	262.200	730.250	8.980	59.690	59.690	117.500	236.880	8.980		
8.990	187.450	259.900	256.450	703.800	8.990	74.730	67.210	114.680	256.620	8.990		
9.000	177.100	247.250	254.150	678.500	9.000	87.500	77.000	116.900	281.400	9.000		
9.010	164.450	236.900	251.850	653.200	9.010	99.400	84.700	116.900	301.000	9.010		
9.020	149.500	224.250	249.550	623.300	9.020	109.900	94.500	116.900	321.300	9.020		
9.030	139.150	211.600	244.950	595.700	9.030	119.700	99.400	114.800	333.900	9.030		
9.040	124.200	202.400	247.250	573.850	9.040	127.400	105.000	114.800	347.200	9.040		
9.050	111.550	189.750	244.950	546.250	9.050	134.400	109.900	109.900	354.200	9.050		
9.060	102.350	177.100	241.500	520.950	9.060	140.000	114.800	109.900	364.700	9.060		
9.070	92.000	169.050	239.200	500.250	9.070	144.900	116.900	107.100	368.900	9.070		
9.080	83.950	162.150	236.900	483.000	9.080	151.900	119.700	107.100	378.700	9.080		
9.090	79.350	154.100	236.900	470.350	9.090	154.700	124.600	107.100	386.400	9.090		
9.100	74.750	149.500	236.900	461.150	9.100	159.600	127.400	107.100	394.100	9.100		
9.110	72.380	144.760	235.000	452.140	9.110	164.500	129.500	107.100	401.100	9.110		
9.120	69.560	139.120	232.180	440.860	9.120	167.300	132.300	107.100	406.700	9.120		
9.130	69.560	137.240	229.360	436.160	9.130	172.200	134.400	109.900	416.500	9.130		
9.140	66.740	134.420	227.480	428.640	9.140	175.000	140.000	112.000	427.000	9.140		
9.150	66.740	134.420	227.480	428.640	9.150	179.540	144.760	114.680	438.980	9.150		
9.160	66.740	131.600	224.660	423.000	9.160	184.240	149.460	117.500	451.200	9.160		
9.170	66.740	131.600	221.840	420.180	9.170	187.060	152.280	119.380	458.720	9.170		
9.180	69.560	129.720	219.960	419.240	9.180	191.760	156.980	122.200	470.940	9.180		
9.190	66.740	126.900	217.140	410.780	9.190	197.400	161.680	124.080	483.160	9.190		
9.200	66.740	124.080	214.320	405.140	9.200	199.280	164.500	126.900	490.680	9.200		
9.210	69.560	122.200	209.620	401.380	9.210	206.800	169.200	126.900	502.900	9.210		
9.220	66.740	119.380	206.800	392.920	9.220	212.440	172.020	126.900	511.360	9.220		
9.230	66.740	117.500	202.100	386.340	9.230	214.320	174.840	126.900	516.060	9.230		
9.240	64.860	114.680	197.400	376.940	9.240	219.960	176.720	124.080	520.760	9.240		
9.250	64.860	111.860	194.580	371.300	9.250	224.660	179.540	124.080	528.280	9.250		
9.260	64.680	109.340	192.500	366.520	9.260	227.480	182.360	124.080	533.920	9.260		
9.270	62.370	107.030	189.420	358.820	9.270	232.180	182.360	124.080	538.620	9.270		
9.280	62.370	107.030	187.110	356.510	9.280	232.180	184.240	124.080	540.500	9.280		
9.290	62.370	104.720	187.110	354.200	9.290	235.000	184.240	124.080	543.320	9.290		
9.300	59.290	104.720	184.800	348.810	9.300	235.000	184.240	126.900	546.140	9.300		
9.310	59.290	102.410	182.490	344.190	9.310	232.180	184.240	129.720	546.140	9.310		
9.320	59.290	99.330	179.410	338.030	9.320	229.360	184.240	131.600	545.200	9.320		
9.330	59.290	99.330	177.100	335.720	9.330	227.480	184.240	137.240	548.960	9.330		
9.340	59.290	99.330	179.410	338.030	9.340	224.660	184.240	139.120	548.020	9.340		
9.350	59.290	102.410	177.100	338.800	9.350	219.960	187.060	144.760	551.780	9.350		
9.360	59.290	102.410	179.410	341.110	9.360	217.140	187.060	149.460	553.660	9.360		
9.370	59.290	102.410	182.490	344.190	9.370	214.320	187.060	154.160	555.540	9.370		
9.380	59.290	102.410	184.800	346.500	9.380	212.440	187.060	156.980	556.480	9.380		
9.390	59.290	102.410	184.800	346.500	9.390	209.620	187.060	161.680	558.360	9.390		
9.400	56.980	104.720	184.800	346.500	9.400	204.920	184.240	167.320	556.480	9.400		
9.410	57.000	104.880	184.680	346.560	9.410	202.100	187.060	172.020	561.180	9.410		
9.420	57.000	104.880	184.680	346.560	9.420	199.280	184.240	174.840	558.360	9.420		
9.430	57.000	104.880	186.960	348.840	9.430	194.580	184.240	174.840	553.660	9.430		
9.440	54.720	104.880	184.680	344.280	9.440	194.580	182.360	176.720	553.660	9.440		
9.450	54.720	104.880	184.680	344.280	9.450	189.600	180.000	182.400	552.000	9.450		
9.460	57.000	104.880	184.680	346.560	9.460	187.200	180.000	184.800	552.000	9.460		
9.470	57.000	107.160	182.400	346.560	9.470	182.400	176.800	187.200	546.400	9.470		
9.480	57.000	107.160	182.400	346.560	9.480	180.000	176.800	187.200	544.000	9.480		
9.490	59.280	109.440	179.360	348.080	9.490	180.000	176.800	192.000	548.800	9.490		
9.500	59.280	109.440	179.360	348.080	9.500	176.800	176.800	194.400	548.000	9.500		
9.510	59.280	112.480	182.400	354.160	9.510	174.400	180.000	196.800	551.200	9.510		
9.520	59.280	112.480	182.400	354.160	9.520	172.000	176.800	200.000	548.800	9.520		
9.530	59.280	114.760	186.960	361.000	9.530	172.000	176.800	200.000	548.800	9.530		
9.540	57.000	117.040	186.960	361.000	9.540	172.000	176.800	200.000	548.800	9.540		
9.550	54.720	117.040	190.000	361.760	9.550	172.000	176.800	200.000	548.800	9.550		
9.560	54.560	117.040	194.480	366.080	9.560	174.400	180.000	200.000	554.400	9.560		
9.570	51.920	117.040	197.120	366.080	9.570	174.400	180.000	200.000	554.400	9.570		
9.580	51.920	117.040	197.120	366.080	9.580	174.400	180.000	196.800	551.200	9.580		
9.590	49.280	117.040	199.760	366.080	9.590	176.800	180.000	194.400	551.200	9.590		
9.600	46.640	117.040	202.400	366.080	9.600	177.060	181.740	195.000	553.800	9.600		
9.610	44.880	114.400	202.400	361.680	9.610	179.400	179.400	189.540	548.340	9.610		
9.620	42.240	111.760	206.800	360.800	9.620	179.400	179.400	189.540	548.340	9.620		
9.630	42.240	111.760	209.440	363.440	9.630	181.740	179.400	187.200	548.340	9.630		
9.640	39.600	110.000	209.440	359.040	9.640	181.740	181.740	187.200	550.680	9.640		
9.650	36.960	107.360	212.080	356.400	9.650	179.400	179.400	187.200	546.000	9.650		
9.660	34.320	104.720	214.720	353.760	9.660	184.860	181.740	184.860	551.460	9.660		
9.670	34.320	102.080	214.720	351.120	9.670	184.860	181.740	187.200	553.800	9.670		
9.680	34.320	102.080	217.360	353.760	9.680	184.860	181.740	184.860	551.460	9.680		
9.690	31.680	99.440	220.000	351.120	9.690	187.200	184.860	184.860	556.920	9.690		
9.700	29.920	96.800	220.000	346.720	9.700	189.540	187.200	184.860	561.600	9.700		
9.710	24.920	94.340	222.500	341.760	9.710	189.540	187.200	184.860	561.600	9.710		
9.720	22.250	94.340	219.830	336.420	9.720	189.540	187.200	181.740	558.480	9.720		
9.730	22.250	91.670	219.830	333.750	9.730	191.880	189.540	184.860	566.280	9.730		
9.740	22.250	89.890	219.830	331.970	9.740	191.880	189.540	184.860	566.280	9.740		
9.750	22.250	89.890	219.830	331.970	9.750	191.970	189.540	187.110	568.620	9.750		
9.760	22.250	89.890	219.830	331.970	9.760	191.970	189.540	187.110	568.620	9.760		
9.770	24.920	87.220	217.160	329.300	9.770	191.970	191.970	189.540	573.480	9.770		
9.780	22.250	87.220	219.830	329.300	9.780	191.970	191.970	191.970	575.910	9.780		
9.790	22.250	84.550	217.160	323.960	9.790	191.970	194.400	191.970	578.340	9.790		
9.800	24.920	87.220	219.830	331.970	9.800	191.970	194.400	191.970	578.340	9.800		
9.810	24.920	87.220	214.490	326.630	9.810	191.970	194.400	191.970	578.340	9.810		
9.820	24.920	84.550	214.490	323.960	9.820	194.400	196.830	191.970	583.200	9.820		
9.830	24.920	84.550	211.820	321.290	9.830	194.400	196.830	191.970	583.200	9.830		
9.840	24.920	84.550	211.820	321.290	9.840	196.830	196.830	191.970	585.630	9.840		
9.850	24.920	81.880	211.820	318.620	9.850	196.830	199.260	189.540	585.630	9.850		
9.860	24.360	82.320	210.000	316.680	9.860	199.260	199.260	189.540	588.060	9.860		
9.870	24.360	84.840	207.480	316.680	9.870	199.260	202.500	189.540	591.300	9.870		
9.880	24.360	82.320	207.480	314.160	9.880	199.260	199.260	187.110	585.630	9.880		
9.890	24.360	82.320	204.960	311.640	9.890	202.500	202.500	187.110	592.110	9.890		
9.900	24.360	82.320	204.960	311.640	9.900	201.720	201.720	184.500	587.940	9.900		
9.910	24.360	79.800	204.960	309.120	9.910	205.000	201.720	184.500	591.220	9.910		
9.920	24.360	79.800	202.440	306.600	9.920	201.720	201.720	182.040	585.480	9.920		
9.930	24.360	79.800	199.920	304.080	9.930	205.000	201.720	182.040	588.760	9.930		
9.940	24.360	79.800	202.440	306.600	9.940	205.000	205.000	184.500	594.500	9.940		
9.950	24.360	79.800	199.920	304.080	9.950	205.000	201.720	184.500	591.220	9.950		
9.960	26.880	79.800	202.440	309.120	9.960	205.000	201.720	184.500	591.220	9.960		
9.970	24.360	79.800	199.920	304.080	9.970	205.000	201.720	184.500	591.220	9.970		
9.980	24.360	79.800	202.440	306.600	9.980	205.000	205.000	184.500	594.500	9.980		
9.990	24.360	79.800	202.440	306.600	9.990	205.000	205.000	186.960	596.960	9.990		
10.000	24.360	79.800	199.920	304.080	10.000	205.000	205.000	186.960	596.960	10.000		
10.010	24.900	79.680	201.690	306.270	10.010	205.000	205.000	186.960	596.960	10.010		
10.020	27.390	79.680	201.690	308.760	10.020	205.000	205.000	186.960	596.960	10.020		
10.030	27.390	79.680	199.200	306.270	10.030	201.720	205.000	189.420	596.140	10.030		
10.040	24.900	79.680	201.690	306.270	10.040	201.720	205.000	189.420	596.140	10.040		
10.050	27.390	79.680	199.200	306.270	10.050	202.500	202.500	189.540	594.540	10.050		
10.060	27.390	82.170	204.180	313.740	10.060	202.500	202.500	191.970	596.970	10.060		
10.070	27.390	82.170	204.180	313.740	10.070	199.260	202.500	191.970	593.730	10.070		
10.080	27.390	84.660	204.180	316.230	10.080	199.260	202.500	191.970	593.730	10.080		
10.090	24.900	84.660	204.180	313.740	10.090	196.830	202.500	191.970	591.300	10.090		
10.100	27.390	84.660	204.180	316.230	10.100	196.830	202.500	194.400	593.730	10.100		
10.110	27.390	84.660	207.500	319.550	10.110	196.830	202.500	194.400	593.730	10.110		
10.120	24.900	84.660	207.500	317.060	10.120	196.830	202.500	194.400	593.730	10.120		
10.130	24.900	87.150	207.500	319.550	10.130	194.400	199.260	191.970	585.630	10.130		
10.140	24.900	87.150	207.500	319.550	10.140	194.400	202.500	194.400	591.300	10.140		
10.150	24.900	87.150	207.500	319.550	10.150	194.400	199.260	194.400	588.060	10.150		
10.160	24.650	86.700	207.400	318.750	10.160	194.400	199.260	194.400	588.060	10.160		
10.170	24.650	89.250	207.400	321.300	10.170	194.400	199.260	194.400	588.060	10.170		
10.180	24.650	89.250	207.400	321.300	10.180	194.400	199.260	194.400	588.060	10.180		
10.190	24.650	89.250	207.400	321.300	10.190	194.400	199.260	191.970	585.630	10.190		
10.200	22.100	89.250	209.950	321.300	10.200	194.650	199.750	192.100	586.500	10.200		
10.210	22.100	89.250	209.950	321.300	10.210	194.650	199.750	192.100	586.500	10.210		
10.220	22.100	89.250	209.950	321.300	10.220	194.650	199.750	192.100	586.500	10.220		
10.230	22.100	91.800	212.500	326.400	10.230	194.650	199.750	192.100	586.500	10.230		
10.240	19.550	91.800	212.500	323.850	10.240	194.650	199.750	189.550	583.950	10.240		
10.250	19.550	89.250	212.500	321.300	10.250	197.200	199.750	189.550	586.500	10.250		
10.260	17.000	89.250	212.500	318.750	10.260	197.200	197.200	187.000	581.400	10.260		
10.270	17.000	89.250	212.500	318.750	10.270	197.200	199.750	187.000	583.950	10.270		
10.280	17.000	89.250	209.950	316.200	10.280	199.750	197.200	187.000	583.950	10.280		
10.290	17.000	89.250	212.500	318.750	10.290	202.300	197.200	187.000	586.500	10.290		
10.300	14.450	89.250	212.500	316.200	10.300	204.850	199.750	187.000	591.600	10.300		
10.310	14.280	87.360	210.000	311.640	10.310	207.400	199.750	187.000	594.150	10.310		
10.320	14.280	84.840	207.480	306.600	10.320	209.950	199.750	187.000	596.700	10.320		
10.330	11.760	82.320	204.960	299.040	10.330	212.500	202.300	187.000	601.800	10.330		
10.340	9.240	79.800	202.440	291.480	10.340	212.500	202.300	187.000	601.800	10.340		
10.350	9.240	79.800	197.400	286.440	10.350	214.240	204.970	189.520	608.730	10.350		
10.360	9.240	77.280	189.840	276.360	10.360	219.390	204.970	191.580	615.940	10.360		
10.370	6.720	74.760	184.800	266.280	10.370	219.390	207.030	194.670	621.090	10.370		
10.380	6.720	69.720	172.200	248.640	10.380	222.480	207.030	196.730	626.240	10.380		
10.390	4.200	69.720	162.120	236.040	10.390	222.480	209.090	199.820	631.390	10.390		
10.400	4.200	67.200	152.040	223.440	10.400	224.540	212.180	204.970	641.690	10.400		
10.410	4.200	67.200	139.440	210.840	10.410	226.600	214.240	209.090	649.930	10.410		
10.420	1.680	64.680	126.840	193.200	10.420	231.750	217.330	214.240	663.320	10.420		
10.430	1.680	64.680	111.720	178.080	10.430	231.750	222.480	222.480	676.710	10.430		
10.440	0.000	62.160	97.440	159.600	10.440	234.840	226.600	229.690	691.130	10.440		
10.450	0.000	62.160	79.800	141.960	10.450	236.900	229.690	234.840	701.430	10.450		
10.460	0.000	62.500	62.500	125.000	10.460	236.900	234.840	242.050	713.790	10.460		
10.470	0.000	60.000	50.000	110.000	10.470	239.990	236.900	247.200	724.090	10.470		
10.480	0.000	57.500	37.500	95.000	10.480	242.050	239.990	252.350	734.390	10.480		
10.490	0.000	55.000	30.000	85.000	10.490	247.200	242.050	257.500	746.750	10.490		
10.500	2.500	47.500	20.000	70.000	10.500	247.230	247.230	264.450	758.910	10.500		
10.510	2.500	45.000	12.500	60.000	10.510	249.690	252.150	274.290	776.130	10.510		
10.520	2.500	40.000	5.000	47.500	10.520	249.690	254.610	279.210	783.510	10.520		
10.530	2.500	35.000	2.500	40.000	10.530	252.150	259.530	289.050	800.730	10.530		
10.540	5.000	30.000	0.000	35.000	10.540	252.150	264.450	293.970	810.570	10.540		
10.550	5.000	22.500	0.000	27.500	10.550	254.610	266.910	298.890	820.410	10.550		
10.560	5.000	17.500	0.000	22.500	10.560	254.610	269.370	301.350	825.330	10.560		
10.570	5.000	12.500	0.000	17.500	10.570	259.530	271.830	307.500	838.860	10.570		
10.580	5.000	7.500	0.000	12.500	10.580	261.990	274.290	307.500	843.780	10.580		
10.590	2.500	7.500	0.000	10.000	10.590	261.990	274.290	307.500	843.780	10.590		
10.600	2.500	5.000	0.000	7.500	10.600	261.990	274.290	307.500	843.780	10.600		
10.610	0.000	0.000	0.000	0.000	10.610	264.450	274.290	303.810	842.550	10.610		
10.620	0.000	0.000	0.000	0.000	10.620	264.450	271.830	301.350	837.630	10.620		
10.630	0.000	0.000	0.000	0.000	10.630	264.450	271.830	296.430	832.710	10.630		
10.640	0.000	0.000	0.000	0.000	10.640	266.910	266.910	289.050	822.870	10.640		
10.650	2.500	0.000	0.000	2.500	10.650	266.680	266.680	282.500	815.860	10.650		
10.660	5.000	0.000	0.000	5.000	10.660	266.680	262.160	276.850	805.690	10.660		
10.670	15.000	2.500	5.000	22.500	10.670	266.680	259.900	268.940	795.520	10.670		
10.680	30.000	5.000	7.500	42.500	10.680	266.680	254.250	262.160	783.090	10.680		
10.690	37.500	7.500	17.500	62.500	10.690	266.680	249.730	254.250	770.660	10.690		
10.700	42.500	7.500	20.000	70.000	10.700	262.160	241.820	247.470	751.450	10.700		
10.710	40.000	5.000	25.000	70.000	10.710	262.160	233.910	239.560	735.630	10.710		
10.720	42.500	10.000	32.500	85.000	10.720	256.510	229.390	233.910	719.810	10.720		
10.730	52.500	22.500	47.500	122.500	10.730	251.990	224.870	229.390	706.250	10.730		
10.740	95.000	40.000	52.500	187.500	10.740	249.730	216.960	224.870	691.560	10.740		
10.750	125.000	55.000	52.500	232.500	10.750	244.080	209.050	216.960	670.090	10.750		
10.760	141.040	67.080	51.600	259.720	10.760	237.300	196.620	206.790	640.710	10.760		
10.770	159.960	79.120	58.480	297.560	10.770	224.870	179.670	192.100	596.640	10.770		
10.780	177.160	89.440	61.920	328.520	10.780	212.440	159.330	174.020	545.790	10.780		
10.790	194.360	99.760	61.920	356.040	10.790	198.880	138.990	154.810	492.680	10.790		
10.800	215.000	106.640	63.640	385.280	10.800	190.000	117.040	129.960	437.000	10.800		
10.810	237.360	113.520	63.640	414.520	10.810	184.680	95.000	104.880	384.560	10.810		
10.820	259.720	123.840	68.800	452.360	10.820	177.080	74.480	82.080	333.640	10.820		
10.830	282.080	129.000	68.800	479.880	10.830	169.480	54.720	64.600	288.800	10.830		
10.840	304.440	135.880	68.800	509.120	10.840	159.600	37.240	52.440	249.280	10.840		
10.850	326.800	144.480	67.080	538.360	10.850	149.720	24.320	41.800	215.840	10.850		
10.860	349.160	151.360	67.080	567.600	10.860	142.120	14.440	34.960	191.520	10.860		
10.870	369.800	159.960	67.080	596.840	10.870	132.240	6.840	31.920	171.000	10.870		
10.880	388.720	166.840	67.080	622.640	10.880	122.360	0.000	27.360	149.720	10.880		
10.890	405.920	173.720	67.080	646.720	10.890	109.440	0.000	22.040	131.480	10.890		
10.900	430.000	178.880	63.640	672.520	10.900	95.000	0.000	17.480	112.480	10.900		
10.910	449.190	181.350	64.170	694.710	10.910	84.360	0.000	17.480	101.840	10.910		
10.920	474.300	184.140	61.380	719.820	10.920	74.480	0.000	14.440	88.920	10.920		
10.930	496.620	184.140	58.590	739.350	10.930	64.600	0.000	12.160	76.760	10.930		
10.940	516.150	181.350	58.590	756.090	10.940	54.720	0.000	12.160	66.880	10.940		
10.950	535.680	170.190	53.010	758.880	10.950	45.000	0.000	12.420	57.420	10.950		
10.960	560.790	159.030	47.430	767.250	10.960	39.960	0.000	9.900	49.860	10.960		
10.970	588.690	145.080	44.640	778.410	10.970	32.400	0.000	9.900	42.300	10.970		
10.980	619.380	136.710	36.270	792.360	10.980	24.840	0.000	9.900	34.740	10.980		
10.990	647.280	128.340	30.690	806.310	10.990	17.460	0.000	9.900	27.360	10.990		
11.000	666.810	119.970	25.110	811.890	11.000	9.900	0.000	12.420	22.320	11.000		
11.010	683.550	119.970	25.110	828.630	11.010	4.860	0.000	9.900	14.760	11.010		
11.020	694.710	114.390	27.900	837.000	11.020	2.340	0.000	9.900	12.240	11.020		
11.030	697.500	111.600	27.900	837.000	11.030	0.000	0.000	9.900	9.900	11.030		
11.040	697.500	106.020	27.900	831.420	11.040	0.000	0.000	9.900	9.900	11.040		
11.050	689.130	103.230	27.900	820.260	11.050	0.000	0.000	7.380	7.380	11.050		
11.060	680.000	103.360	29.920	813.280	11.060	0.000	0.000	7.380	7.380	11.060		
11.070	669.120	100.640	29.920	799.680	11.070	0.000	0.000	4.860	4.860	11.070		
11.080	658.240	97.920	29.920	786.080	11.080	0.000	0.000	4.860	4.860	11.080		
11.090	650.080	97.920	29.920	777.920	11.090	0.000	0.000	2.340	2.340	11.090		
11.100	647.360	97.920	27.200	772.480	11.100	0.000	0.000	2.500	2.500	11.100		
11.110	647.360	97.920	29.920	775.200	11.110	0.000	0.000	2.500	2.500	11.110		
11.120	644.640	95.200	24.480	764.320	11.120	0.000	0.000	2.500	2.500	11.120		
11.130	641.920	97.920	21.760	761.600	11.130	0.000	0.000	2.500	2.500	11.130		
11.140	644.640	97.920	19.040	761.600	11.140	0.000	0.000	0.000	0.000	11.140		
11.150	644.640	100.640	19.040	764.320	11.150	0.000	0.000	0.000	0.000	11.150		
11.160	647.360	100.640	19.040	767.040	11.160	0.000	0.000	0.000	0.000	11.160		
11.170	647.360	103.360	16.320	767.040	11.170	0.000	0.000	0.000	0.000	11.170		
11.180	652.800	106.080	16.320	775.200	11.180	0.000	2.500	2.500	5.000	11.180		
11.190	655.520	111.520	16.320	783.360	11.190	0.000	0.000	2.500	2.500	11.190		
11.200	658.240	114.240	16.320	788.800	11.200	0.000	0.000	2.500	2.500	11.200		
11.210	661.740	115.670	16.140	793.550	11.210	0.000	0.000	2.500	2.500	11.210		
11.220	664.430	115.670	16.140	796.240	11.220	0.000	0.000	5.000	5.000	11.220		
11.230	667.120	118.360	18.830	804.310	11.230	0.000	0.000	2.500	2.500	11.230		
11.240	669.810	121.050	16.140	807.000	11.240	0.000	0.000	2.500	2.500	11.240		
11.250	669.810	123.740	18.830	812.380	11.250	0.000	0.000	3.840	3.840	11.250		
11.260	672.500	129.120	18.830	820.450	11.260	0.000	0.000	3.840	3.840	11.260		
11.270	669.810	131.810	16.140	817.760	11.270	0.000	0.000	3.840	3.840	11.270		
11.280	664.430	134.500	18.830	817.760	11.280	0.000	0.000	3.840	3.840	11.280		
11.290	656.360	134.500	16.140	807.000	11.290	0.000	0.000	3.840	3.840	11.290		
11.300	648.290	137.190	18.830	804.310	11.300	0.000	0.000	3.840	3.840	11.300		
11.310	634.840	137.190	18.830	790.860	11.310	0.000	0.000	3.840	3.840	11.310		
11.320	626.770	137.190	21.520	785.480	11.320	0.000	1.280	11.520	12.800	11.320		
11.330	613.320	134.500	18.830	766.650	11.330	0.000	1.280	47.360	48.640	11.330		
11.340	597.180	129.120	16.140	742.440	11.340	0.000	8.960	104.960	113.920	11.340		
11.350	570.280	123.740	16.140	710.160	11.350	8.960	32.000	160.000	200.960	11.350		
11.360	540.000	116.640	12.960	669.600	11.360	8.960	37.120	197.120	243.200	11.360		
11.370	501.120	108.000	12.960	622.080	11.370	11.520	44.800	229.120	285.440	11.370		
11.380	457.920	101.520	10.800	570.240	11.380	16.640	58.880	279.040	354.560	11.380		
11.390	416.880	88.560	8.640	514.080	11.390	19.200	74.240	320.000	413.440	11.390		
11.400	369.360	75.600	4.320	449.280	11.400	23.160	86.850	353.190	463.200	11.400		
11.410	321.840	66.960	2.160	390.960	11.410	27.020	96.500	382.140	505.660	11.410		
11.420	274.320	58.320	0.000	332.640	11.420	30.880	108.080	407.230	546.190	11.420		
11.430	226.800	49.680	0.000	276.480	11.430	38.600	121.590	426.530	586.720	11.430		
11.440	181.440	38.880	0.000	220.320	11.440	46.320	131.240	438.110	615.670	11.440		
11.450	146.880	34.560	0.000	181.440	11.450	54.040	144.750	449.690	648.480	11.450		
11.460	118.800	25.920	0.000	144.720	11.460	63.690	156.330	457.410	677.430	11.460		
11.470	99.360	21.600	0.000	120.960	11.470	73.340	165.980	461.270	700.590	11.470		
11.480	84.240	12.960	0.000	97.200	11.480	81.060	173.700	467.060	721.820	11.480		
11.490	69.120	8.640	0.000	77.760	11.490	86.850	181.420	470.920	739.190	11.490		
11.500	58.320	6.480	0.000	64.800	11.500	90.710	189.140	476.710	756.560	11.500		
11.510	50.000	5.000	0.000	55.000	11.510	96.500	196.860	478.640	772.000	11.510		
11.520	40.000	0.000	0.000	40.000	11.520	102.290	204.580	482.500	789.370	11.520		
11.530	35.000	0.000	0.000	35.000	11.530	108.080	214.230	482.500	804.810	11.530		
11.540	32.400	0.000	0.000	32.400	11.540	113.870	221.950	482.500	818.320	11.540		
11.550	30.000	0.000	0.000	30.000	11.550	120.960	228.480	480.000	829.440	11.550		
11.560	25.000	0.000	0.000	25.000	11.560	128.640	236.160	472.320	837.120	11.560		
11.570	22.400	0.000	0.000	22.400	11.570	134.400	241.920	464.640	840.960	11.570		
11.580	22.400	0.000	0.000	22.400	11.580	142.080	245.760	456.960	844.800	11.580		
11.590	22.400	0.000	0.000	22.400	11.590	149.760	253.440	443.520	846.720	11.590		
11.600	22.400	0.000	0.000	22.400	11.600	153.600	253.440	433.920	840.960	11.600		
11.610	22.400	0.000	0.000	22.400	11.610	159.360	259.200	426.240	844.800	11.610		
11.620	20.000	0.000	0.000	20.000	11.620	163.200	266.880	418.560	848.640	11.620		
11.630	20.000	0.000	0.000	20.000	11.630	170.880	270.720	408.960	850.560	11.630		
11.640	20.000	0.000	0.000	20.000	11.640	176.640	276.480	397.440	850.560	11.640		
11.650	20.000	0.000	0.000	20.000	11.650	184.320	282.240	384.000	850.560	11.650		
11.660	20.000	0.000	0.000	20.000	11.660	192.000	284.160	374.400	850.560	11.660		
11.670	20.000	0.000	0.000	20.000	11.670	195.840	289.920	360.960	846.720	11.670		
11.680	17.440	0.000	0.000	17.440	11.680	203.520	293.760	349.440	846.720	11.680		
11.690	17.440	0.000	0.000	17.440	11.690	213.120	301.440	339.840	854.400	11.690		
11.700	17.440	0.000	0.000	17.440	11.700	224.190	306.870	325.950	857.010	11.700		
11.710	17.440	0.000	0.000	17.440	11.710	233.730	311.640	319.590	864.960	11.710		
11.720	17.440	0.000	0.000	17.440	11.720	241.680	319.590	308.460	869.730	11.720		
11.730	17.440	0.000	0.000	17.440	11.730	251.220	321.180	298.920	871.320	11.730		
11.740	17.440	0.000	0.000	17.440	11.740	263.940	329.130	286.200	879.270	11.740		
11.750	17.440	0.000	0.000	17.440	11.750	273.480	332.310	276.660	882.450	11.750		
11.760	17.440	0.000	0.000	17.440	11.760	286.200	333.900	263.940	884.040	11.760		
11.770	17.440	0.000	0.000	17.440	11.770	298.920	337.080	249.630	885.630	11.770		
11.780	17.440	0.000	0.000	17.440	11.780	311.640	337.080	233.730	882.450	11.780		
11.790	14.960	0.000	0.000	14.960	11.790	324.360	337.080	219.420	880.860	11.790		
11.800	14.960	0.000	0.000	14.960	11.800	338.670	337.080	203.520	879.270	11.800		
11.810	14.620	0.000	0.000	14.620	11.810	354.570	333.900	186.030	874.500	11.810		
11.820	14.620	0.000	0.000	14.620	11.820	367.290	329.130	171.720	868.140	11.820		
11.830	34.830	2.150	0.000	36.980	11.830	381.600	324.360	154.230	860.190	11.830		
11.840	72.240	4.730	0.000	76.970	11.840	397.500	316.410	136.740	850.650	11.840		
11.850	97.180	9.890	0.000	107.070	11.850	413.140	308.720	115.770	837.630	11.850		
11.860	107.500	9.890	0.000	117.390	11.860	429.030	292.830	95.340	817.200	11.860		
11.870	104.920	9.890	0.000	114.810	11.870	444.920	276.940	79.450	801.310	11.870		
11.880	99.760	12.470	0.000	112.230	11.880	460.810	256.510	63.560	780.880	11.880		
11.890	97.180	12.470	0.000	109.650	11.890	478.970	233.810	52.210	764.990	11.890		
11.900	92.450	12.470	2.150	107.070	11.900	499.400	211.110	38.590	749.100	11.900		
11.910	89.870	17.200	4.730	111.800	11.910	515.290	190.680	31.780	737.750	11.910		
11.920	87.290	17.200	12.470	116.960	11.920	533.450	174.790	24.970	733.210	11.920		
11.930	89.870	24.940	22.360	137.170	11.930	547.070	152.090	15.890	715.050	11.930		
11.940	94.600	29.670	32.250	156.520	11.940	558.420	129.390	9.080	696.890	11.940		
11.950	99.760	39.990	44.720	184.470	11.950	562.960	106.690	4.540	674.190	11.950		
11.960	106.400	49.210	59.850	215.460	11.960	567.500	88.530	2.270	658.300	11.960		
11.970	114.380	63.840	71.820	250.040	11.970	560.690	70.370	0.000	631.060	11.970		
11.980	122.360	74.480	83.790	280.630	11.980	553.880	56.750	0.000	610.630	11.980		
11.990	131.670	89.110	99.750	320.530	11.990	537.990	40.860	0.000	578.850	11.990		
12.000	142.310	103.740	114.380	360.430	12.000	510.000	28.560	0.000	538.560	12.000		
12.010	154.280	126.350	131.670	412.300	12.010	479.400	16.320	0.000	495.720	12.010		
12.020	168.910	148.960	154.280	472.150	12.020	438.600	6.120	0.000	444.720	12.020		
12.030	184.870	174.230	174.230	533.330	12.030	391.680	0.000	0.000	391.680	12.030		
12.040	196.840	199.500	196.840	593.180	12.040	336.600	0.000	0.000	336.600	12.040		
12.050	208.810	227.430	219.450	655.690	12.050	277.440	0.000	0.000	277.440	12.050		
12.060	216.790	251.370	242.060	710.220	12.060	214.200	0.000	0.000	214.200	12.060		
12.070	224.770	273.980	267.330	766.080	12.070	153.000	0.000	0.000	153.000	12.070		
12.080	228.760	291.270	287.280	807.310	12.080	104.040	0.000	0.000	104.040	12.080		
12.090	224.770	309.890	311.220	845.880	12.090	71.400	0.000	0.000	71.400	12.090		
12.100	222.110	321.860	332.500	876.470	12.100	44.880	0.000	0.000	44.880	12.100		
12.110	213.900	331.200	349.600	894.700	12.110	26.520	0.000	2.040	28.560	12.110		
12.120	204.700	335.800	368.000	908.500	12.120	18.360	0.000	4.080	22.440	12.120		
12.130	188.600	338.100	386.400	913.100	12.130	14.280	0.000	2.040	16.320	12.130		
12.140	177.100	335.800	402.500	915.400	12.140	6.120	0.000	0.000	6.120	12.140		
12.150	158.700	331.200	416.300	906.200	12.150	7.500	0.000	0.000	7.500	12.150		
12.160	138.000	322.000	434.700	894.700	12.160	4.980	0.000	2.490	7.470	12.160		
12.170	119.600	308.200	448.500	876.300	12.170	2.490	0.000	0.000	2.490	12.170		
12.180	103.500	296.700	462.300	862.500	12.180	2.490	0.000	0.000	2.490	12.180		
12.190	87.400	278.300	478.400	844.100	12.190	0.000	0.000	0.000	0.000	12.190		
12.200	71.300	262.200	494.500	828.000	12.200	0.000	0.000	0.000	0.000	12.200		
12.210	59.800	246.100	510.600	816.500	12.210	0.000	0.000	0.000	0.000	12.210		
12.220	48.300	232.300	529.000	809.600	12.220	0.000	0.000	0.000	0.000	12.220		
12.230	41.400	216.200	542.800	800.400	12.230	0.000	0.000	0.000	0.000	12.230		
12.240	34.500	204.700	558.900	798.100	12.240	0.000	0.000	0.000	0.000	12.240		
12.250	32.200	190.900	575.000	798.100	12.250	0.000	0.000	0.000	0.000	12.250		
12.260	23.310	179.820	589.410	792.540	12.260	0.000	0.000	0.000	0.000	12.260		
12.270	19.980	166.500	609.390	795.870	12.270	0.000	0.000	0.000	0.000	12.270		
12.280	13.320	156.510	622.710	792.540	12.280	0.000	0.000	0.000	0.000	12.280		
12.290	9.990	149.850	639.360	799.200	12.290	0.000	0.000	0.000	0.000	12.290		
12.300	9.990	139.860	656.010	805.860	12.300	0.000	0.000	0.000	0.000	12.300		
12.310	9.990	133.200	669.330	812.520	12.310	0.000	0.000	0.000	0.000	12.310		
12.320	6.660	129.870	689.310	825.840	12.320	0.000	0.000	0.000	0.000	12.320		
12.330	6.660	123.210	705.960	835.830	12.330	0.000	0.000	0.000	0.000	12.330		
12.340	3.330	116.550	722.610	842.490	12.340	0.000	0.000	0.000	0.000	12.340		
12.350	3.330	113.220	742.590	859.140	12.350	0.000	0.000	0.000	0.000	12.350		
12.360	0.000	109.890	762.570	872.460	12.360	0.000	0.000	0.000	0.000	12.360		
12.370	0.000	103.230	779.220	882.450	12.370	0.000	0.000	0.000	0.000	12.370		
12.380	0.000	99.900	799.200	899.100	12.380	0.000	0.000	0.000	0.000	12.380		
12.390	0.000	96.570	815.850	912.420	12.390	0.000	0.000	0.000	0.000	12.390		
12.400	0.000	89.910	832.500	922.410	12.400	0.000	0.000	0.000	0.000	12.400		
12.410	0.000	83.950	846.800	930.750	12.410	0.000	2.500	0.000	2.500	12.410		
12.420	0.000	76.650	861.400	938.050	12.420	0.000	2.500	0.000	2.500	12.420		
12.430	0.000	73.000	872.350	945.350	12.430	0.000	5.000	0.000	5.000	12.430		
12.440	0.000	69.350	886.950	956.300	12.440	0.000	5.000	0.000	5.000	12.440		
12.450	0.000	62.050	894.250	956.300	12.450	0.000	9.960	4.980	14.940	12.450		
12.460	0.000	62.050	905.200	967.250	12.460	0.000	11.620	26.560	38.180	12.460		
12.470	0.000	54.750	912.500	967.250	12.470	0.000	14.940	49.800	64.740	12.470		
12.480	0.000	47.450	912.500	959.950	12.480	0.000	16.600	96.280	112.880	12.480		
12.490	0.000	43.800	908.850	952.650	12.490	0.000	24.900	185.920	210.820	12.490		
12.500	0.000	36.500	894.250	930.750	12.500	1.660	29.880	267.260	298.800	12.500		
12.510	0.000	32.850	879.650	912.500	12.510	9.960	46.480	323.700	380.140	12.510		
12.520	0.000	21.900	854.100	876.000	12.520	26.560	66.400	368.520	461.480	12.520		
12.530	0.000	14.600	817.600	832.200	12.530	39.840	71.380	386.780	498.000	12.530		
12.540	0.000	7.300	773.800	781.100	12.540	46.480	76.360	371.840	494.680	12.540		
12.550	0.000	0.000	708.100	708.100	12.550	56.440	81.340	353.580	491.360	12.550		
12.560	0.000	0.000	635.000	635.000	12.560	69.720	89.640	348.600	507.960	12.560		
12.570	0.000	0.000	543.560	543.560	12.570	81.340	99.600	363.540	544.480	12.570		
12.580	0.000	0.000	449.580	449.580	12.580	91.300	114.540	386.780	592.620	12.580		
12.590	0.000	0.000	345.440	345.440	12.590	101.260	131.140	415.000	647.400	12.590		
12.600	0.000	0.000	248.920	248.920	12.600	109.620	152.250	444.570	706.440	12.600		
12.610	0.000	0.000	167.640	167.640	12.610	119.770	168.490	466.900	755.160	12.610		
12.620	0.000	0.000	106.680	106.680	12.620	125.860	180.670	483.140	789.670	12.620		
12.630	0.000	0.000	58.420	58.420	12.630	136.010	198.940	499.380	834.330	12.630		
12.640	0.000	0.000	30.480	30.480	12.640	144.130	217.210	507.500	868.840	12.640		
12.650	0.000	0.000	20.320	20.320	12.650	152.250	227.360	507.500	887.110	12.650		
12.660	0.000	0.000	17.780	17.780	12.660	158.340	235.480	501.410	895.230	12.660		
12.670	0.000	0.000	12.700	12.700	12.670	164.430	241.570	491.260	897.260	12.670		
12.680	0.000	0.000	12.700	12.700	12.680	170.520	245.630	479.080	895.230	12.680		
12.690	0.000	0.000	10.160	10.160	12.690	176.610	249.690	460.810	887.110	12.690		
12.700	0.000	0.000	7.620	7.620	12.700	186.760	251.720	444.570	883.050	12.700		
12.710	0.000	0.000	7.500	7.500	12.710	190.820	255.780	426.300	872.900	12.710		
12.720	0.000	0.000	7.500	7.500	12.720	198.940	259.840	406.000	864.780	12.720		
12.730	0.000	0.000	7.500	7.500	12.730	200.970	259.840	385.700	846.510	12.730		
12.740	0.000	0.000	7.500	7.500	12.740	207.060	259.840	369.460	836.360	12.740		
12.750	0.000	0.000	4.980	4.980	12.750	208.740	259.860	355.000	823.600	12.750		
12.760	0.000	0.000	2.490	2.490	12.760	211.580	259.860	339.380	810.820	12.760		
12.770	0.000	0.000	4.980	4.980	12.770	214.420	259.860	326.600	800.880	12.770		
12.780	0.000	0.000	2.490	2.490	12.780	217.260	259.860	313.820	790.940	12.780		
12.790	0.000	0.000	2.490	2.490	12.790	218.680	261.280	299.620	779.580	12.790		
12.800	0.000	0.000	2.490	2.490	12.800	221.520	261.280	286.840	769.640	12.800		
12.810	0.000	0.000	2.490	2.490	12.810	224.360	261.280	274.060	759.700	12.810		
12.820	0.000	0.000	0.000	0.000	12.820	228.620	264.120	261.280	754.020	12.820		
12.830	0.000	0.000	2.490	2.490	12.830	234.300	269.800	251.340	755.440	12.830		
12.840	0.000	0.000	0.000	0.000	12.840	239.980	271.220	241.400	752.600	12.840		
12.850	0.000	0.000	0.000	0.000	12.850	244.240	276.900	231.460	752.600	12.850		
12.860	0.000	0.000	0.000	0.000	12.860	249.920	284.000	224.360	758.280	12.860		
12.870	0.000	0.000	0.000	0.000	12.870	257.020	289.680	218.680	765.380	12.870		
12.880	0.000	0.000	0.000	0.000	12.880	264.120	293.940	208.740	766.800	12.880		
12.890	0.000	0.000	0.000	0.000	12.890	274.060	302.460	201.640	778.160	12.890		
12.900	0.000	0.000	0.000	0.000	12.900	283.750	308.720	190.680	783.150	12.900		
12.910	0.000	0.000	0.000	0.000	12.910	292.830	315.530	181.600	789.960	12.910		
12.920	0.000	0.000	0.000	0.000	12.920	306.450	324.610	174.790	805.850	12.920		
12.930	0.000	0.000	0.000	0.000	12.930	317.800	331.420	163.440	812.660	12.930		
12.940	0.000	0.000	0.000	0.000	12.940	333.690	335.960	156.630	826.280	12.940		
12.950	0.000	0.000	0.000	0.000	12.950	349.580	342.770	143.010	835.360	12.950		
12.960	0.000	0.000	0.000	0.000	12.960	365.470	347.310	129.390	842.170	12.960		
12.970	0.000	0.000	0.000	0.000	12.970	388.170	349.580	113.500	851.250	12.970		
12.980	0.000	0.000	0.000	0.000	12.980	410.870	349.580	93.070	853.520	12.980		
12.990	0.000	0.000	0.000	0.000	12.990	433.570	347.310	79.450	860.330	12.990		
13.000	0.000	0.000	0.000	0.000	13.000	456.270	340.500	65.830	862.600	13.000		
13.010	0.000	0.000	0.000	0.000	13.010	481.240	333.690	54.480	869.410	13.010		
13.020	0.000	0.000	0.000	0.000	13.020	508.480	317.800	40.860	867.140	13.020		
13.030	0.000	0.000	0.000	0.000	13.030	537.990	306.450	34.050	878.490	13.030		
13.040	0.000	0.000	0.000	0.000	13.040	567.500	288.290	24.970	880.760	13.040		
13.050	0.000	0.000	0.000	0.000	13.050	599.740	266.900	15.700	882.340	13.050		
13.060	0.000	0.000	0.000	0.000	13.060	631.140	251.200	6.280	888.620	13.060		
13.070	17.030	0.000	0.000	17.030	13.070	659.400	232.360	0.000	891.760	13.070		
13.080	56.330	0.000	0.000	56.330	13.080	687.660	213.520	0.000	901.180	13.080		
13.090	86.460	0.000	0.000	86.460	13.090	712.780	191.540	0.000	904.320	13.090		
13.100	111.350	1.310	0.000	112.660	13.100	737.900	169.560	0.000	907.460	13.100		
13.110	149.340	6.550	0.000	155.890	13.110	759.880	147.580	0.000	907.460	13.110		
13.120	201.740	9.170	1.310	212.220	13.120	772.440	131.880	0.000	904.320	13.120		
13.130	251.520	17.030	3.930	272.480	13.130	785.000	109.900	0.000	894.900	13.130		
13.140	297.370	28.820	11.790	337.980	13.140	785.000	94.200	0.000	879.200	13.140		
13.150	327.500	47.160	14.410	389.070	13.150	775.580	78.500	0.000	854.080	13.150		
13.160	344.960	71.680	24.640	441.280	13.160	756.740	65.940	0.000	822.680	13.160		
13.170	338.240	80.640	33.600	452.480	13.170	725.340	50.240	0.000	775.580	13.170		
13.180	336.000	91.840	47.040	474.880	13.180	681.380	40.820	0.000	722.200	13.180		
13.190	349.440	105.280	58.240	512.960	13.190	615.440	28.260	0.000	643.700	13.190		
13.200	374.080	123.200	69.440	566.720	13.200	517.500	14.490	0.000	531.990	13.200		
13.210	403.200	141.120	78.400	622.720	13.210	409.860	6.210	0.000	416.070	13.210		
13.220	441.280	159.040	87.360	687.680	13.220	304.290	0.000	0.000	304.290	13.220		
13.230	477.120	176.960	91.840	745.920	13.230	209.070	0.000	0.000	209.070	13.230		
13.240	506.240	188.160	94.080	788.480	13.240	134.550	0.000	0.000	134.550	13.240		
13.250	530.880	203.840	98.560	833.280	13.250	78.660	0.000	0.000	78.660	13.250		
13.260	546.560	210.560	100.800	857.920	13.260	41.400	0.000	0.000	41.400	13.260		
13.270	555.520	219.520	103.040	878.080	13.270	18.630	0.000	0.000	18.630	13.270		
13.280	560.000	224.000	103.040	887.040	13.280	16.560	0.000	0.000	16.560	13.280		
13.290	553.280	228.480	105.280	887.040	13.290	12.420	0.000	0.000	12.420	13.290		
13.300	544.320	230.720	109.760	884.800	13.300	8.280	0.000	0.000	8.280	13.300		
13.310	527.500	236.320	116.050	879.870	13.310	8.280	0.000	0.000	8.280	13.310		
13.320	508.510	238.430	122.380	869.320	13.320	6.210	0.000	0.000	6.210	13.320		
13.330	491.630	240.540	124.490	856.660	13.330	6.210	0.000	0.000	6.210	13.330		
13.340	470.530	238.430	128.710	837.670	13.340	2.070	0.000	0.000	2.070	13.340		
13.350	447.320	238.430	132.930	818.680	13.350	2.500	0.000	0.000	2.500	13.350		
13.360	424.110	236.320	137.150	797.580	13.360	2.500	0.000	0.000	2.500	13.360		
13.370	400.900	236.320	141.370	778.590	13.370	2.500	0.000	0.000	2.500	13.370		
13.380	375.580	234.210	145.590	755.380	13.380	2.500	0.000	0.000	2.500	13.380		
13.390	352.370	232.100	151.920	736.390	13.390	0.000	0.000	0.000	0.000	13.390		
13.400	329.160	229.990	154.030	713.180	13.400	0.000	0.000	0.000	0.000	13.400		
13.410	305.950	232.100	162.470	700.520	13.410	0.000	0.000	0.000	0.000	13.410		
13.420	286.960	232.100	166.690	685.750	13.420	0.000	0.000	0.000	0.000	13.420		
13.430	265.860	232.100	173.020	670.980	13.430	0.000	0.000	0.000	0.000	13.430		
13.440	248.980	238.430	185.680	673.090	13.440	0.000	0.000	0.000	0.000	13.440		
13.450	232.100	244.760	194.120	670.980	13.450	0.000	0.000	0.000	0.000	13.450		
13.460	217.280	248.640	206.080	672.000	13.460	0.000	0.000	0.000	0.000	13.460		
13.470	199.360	255.360	217.280	672.000	13.470	0.000	0.000	0.000	0.000	13.470		
13.480	185.920	264.320	230.720	680.960	13.480	0.000	0.000	0.000	0.000	13.480		
13.490	174.720	273.280	246.400	694.400	13.490	0.000	0.000	0.000	0.000	13.490		
13.500	159.040	284.480	264.320	707.840	13.500	0.000	0.000	0.000	0.000	13.500		
13.510	145.600	293.440	284.480	723.520	13.510	0.000	0.000	0.000	0.000	13.510		
13.520	134.400	304.640	306.880	745.920	13.520	0.000	0.000	0.000	0.000	13.520		
13.530	118.720	313.600	331.520	763.840	13.530	0.000	0.000	0.000	0.000	13.530		
13.540	103.040	320.320	358.400	781.760	13.540	0.000	0.000	0.000	0.000	13.540		
13.550	91.840	329.280	385.280	806.400	13.550	0.000	0.000	0.000	0.000	13.550		
13.560	78.400	333.760	421.120	833.280	13.560	0.000	0.000	0.000	0.000	13.560		
13.570	67.200	338.240	454.720	860.160	13.570	0.000	0.000	0.000	0.000	13.570		
13.580	56.000	340.480	488.320	884.800	13.580	0.000	0.000	0.000	0.000	13.580		
13.590	47.040	340.480	524.160	911.680	13.590	0.000	0.000	0.000	0.000	13.590		
13.600	38.080	333.760	560.000	931.840	13.600	0.000	0.000	0.000	0.000	13.600		
13.610	28.890	317.790	597.060	943.740	13.610	0.000	0.000	0.000	0.000	13.610		
13.620	22.470	298.530	632.370	953.370	13.620	0.000	0.000	0.000	0.000	13.620		
13.630	9.630	282.480	664.470	956.580	13.630	0.000	2.500	0.000	2.500	13.630		
13.640	3.210	256.800	699.780	959.790	13.640	0.000	2.500	0.000	2.500	13.640		
13.650	0.000	237.540	725.460	963.000	13.650	0.000	0.000	0.000	0.000	13.650		
13.660	0.000	221.490	751.140	972.630	13.660	0.000	2.090	0.000	2.090	13.660		
13.670	0.000	202.230	773.610	975.840	13.670	0.000	8.360	45.980	54.340	13.670		
13.680	0.000	179.760	789.660	969.420	13.680	0.000	16.720	106.590	123.310	13.680		
13.690	0.000	160.500	802.500	963.000	13.690	0.000	18.810	150.480	169.290	13.690		
13.700	0.000	144.450	802.500	946.950	13.700	0.000	20.900	192.280	213.180	13.700		
13.710	0.000	125.190	792.870	918.060	13.710	0.000	20.900	248.710	269.610	13.710		
13.720	0.000	112.350	776.820	889.170	13.720	0.000	27.170	326.040	353.210	13.720		
13.730	0.000	99.510	744.720	844.230	13.730	4.180	35.530	399.190	438.900	13.730		
13.740	0.000	86.670	706.200	792.870	13.740	8.360	48.070	463.980	520.410	13.740		
13.750	0.000	70.620	651.630	722.250	13.750	16.720	71.060	503.690	591.470	13.750		
13.760	0.000	54.960	572.500	627.460	13.760	27.170	96.140	522.500	645.810	13.760		
13.770	0.000	36.640	458.000	494.640	13.770	35.530	106.590	505.780	647.900	13.770		
13.780	0.000	20.610	348.080	368.690	13.780	48.070	119.130	489.060	656.260	13.780		
13.790	0.000	6.870	247.320	254.190	13.790	66.880	131.670	489.060	687.610	13.790		
13.800	0.000	0.000	164.880	164.880	13.800	84.730	151.140	506.090	741.960	13.800		
13.810	0.000	0.000	100.760	100.760	13.810	96.180	169.460	524.410	790.050	13.810		
13.820	0.000	0.000	57.250	57.250	13.820	105.340	185.490	542.730	833.560	13.820		
13.830	0.000	0.000	29.770	29.770	13.830	114.500	201.520	561.050	877.070	13.830		
13.840	0.000	0.000	20.610	20.610	13.840	123.660	219.840	572.500	916.000	13.840		
13.850	0.000	0.000	18.320	18.320	13.850	130.530	231.290	572.500	934.320	13.850		
13.860	0.000	0.000	13.740	13.740	13.860	137.400	240.450	567.920	945.770	13.860		
13.870	0.000	0.000	13.740	13.740	13.870	144.270	251.900	558.760	954.930	13.870		
13.880	0.000	0.000	11.450	11.450	13.880	148.850	256.480	542.730	948.060	13.880		
13.890	0.000	0.000	11.450	11.450	13.890	153.430	258.770	519.830	932.030	13.890		
13.900	0.000	0.000	9.160	9.160	13.900	158.010	256.480	492.350	906.840	13.900		
13.910	0.000	0.000	10.000	10.000	13.910	164.880	251.900	460.290	877.070	13.910		
13.920	0.000	0.000	10.000	10.000	13.920	169.460	249.610	432.810	851.880	13.920		
13.930	0.000	0.000	10.000	10.000	13.930	174.040	242.740	403.040	819.820	13.930		
13.940	0.000	0.000	10.000	10.000	13.940	176.330	238.160	377.850	792.340	13.940		
13.950	0.000	0.000	7.480	7.480	13.950	179.200	232.400	350.000	761.600	13.950		
13.960	0.000	0.000	7.480	7.480	13.960	182.000	226.800	329.000	737.800	13.960		
13.970	0.000	0.000	7.480	7.480	13.970	184.800	221.200	306.600	712.600	13.970		
13.980	0.000	0.000	7.480	7.480	13.980	186.200	219.800	287.000	693.000	13.980		
13.990	0.000	0.000	5.000	5.000	13.990	189.000	214.200	267.400	670.600	13.990		
14.000	0.000	0.000	5.000	5.000	14.000	194.600	211.400	249.200	655.200	14.000		
14.010	0.000	0.000	5.000	5.000	14.010	198.800	211.400	236.600	646.800	14.010		
14.020	0.000	0.000	5.000	5.000	14.020	204.400	214.200	221.200	639.800	14.020		
14.030	0.000	0.000	5.000	5.000	14.030	211.400	214.200	210.000	635.600	14.030		
14.040	0.000	0.000	2.480	2.480	14.040	221.200	219.800	198.800	639.800	14.040		
14.050	0.000	0.000	2.480	2.480	14.050	232.400	221.200	186.200	639.800	14.050		
14.060	0.000	0.000	2.500	2.500	14.060	245.000	226.800	179.200	651.000	14.060		
14.070	0.000	0.000	0.000	0.000	14.070	259.000	233.800	169.400	662.200	14.070		
14.080	0.000	0.000	0.000	0.000	14.080	271.600	242.200	163.800	677.600	14.080		
14.090	0.000	0.000	0.000	0.000	14.090	287.000	249.200	156.800	693.000	14.090		
14.100	0.000	0.000	0.000	0.000	14.100	305.640	257.530	149.990	713.160	14.100		
14.110	0.000	0.000	0.000	0.000	14.110	325.450	266.020	141.500	732.970	14.110		
14.120	0.000	0.000	0.000	0.000	14.120	345.260	274.510	130.180	749.950	14.120		
14.130	0.000	0.000	0.000	0.000	14.130	365.070	277.340	118.860	761.270	14.130		
14.140	0.000	0.000	0.000	0.000	14.140	390.540	283.000	107.540	781.080	14.140		
14.150	0.000	0.000	0.000	0.000	14.150	416.010	288.660	96.220	800.890	14.150		
14.160	0.000	0.000	0.000	0.000	14.160	441.480	291.490	84.900	817.870	14.160		
14.170	0.000	0.000	0.000	0.000	14.170	469.780	291.490	73.580	834.850	14.170		
14.180	0.000	0.000	0.000	0.000	14.180	503.740	285.830	59.430	849.000	14.180		
14.190	0.000	2.500	0.000	2.500	14.190	537.700	274.510	45.280	857.490	14.190		
14.200	0.000	2.500	0.000	2.500	14.200	571.660	257.530	36.790	865.980	14.200		
14.210	0.000	1.770	0.000	1.770	14.210	605.620	243.380	28.300	877.300	14.210		
14.220	0.000	1.770	1.770	3.540	14.220	642.410	223.570	19.810	885.790	14.220		
14.230	12.390	3.540	0.000	15.930	14.230	676.370	200.930	14.150	891.450	14.230		
14.240	51.330	7.080	0.000	58.410	14.240	707.500	175.460	8.490	891.450	14.240		
14.250	99.120	8.850	0.000	107.970	14.250	738.510	151.410	0.000	889.920	14.250		
14.260	148.680	12.390	1.770	162.840	14.260	757.050	126.690	0.000	883.740	14.260		
14.270	203.550	14.160	3.540	221.250	14.270	769.410	105.060	0.000	874.470	14.270		
14.280	267.270	19.470	7.080	293.820	14.280	772.500	89.610	0.000	862.110	14.280		
14.290	323.910	26.550	12.390	362.850	14.290	766.320	74.160	0.000	840.480	14.290		
14.300	378.780	38.940	14.160	431.880	14.300	753.960	64.890	0.000	818.850	14.300		
14.310	419.490	58.410	21.240	499.140	14.310	732.330	49.440	0.000	781.770	14.310		
14.320	442.500	93.810	31.860	568.170	14.320	701.430	40.170	0.000	741.600	14.320		
14.330	438.960	113.280	42.480	594.720	14.330	658.170	33.990	0.000	692.160	14.330		
14.340	421.260	127.440	56.640	605.340	14.340	599.460	24.720	0.000	624.180	14.340		
14.350	421.260	141.600	70.800	633.660	14.350	522.210	12.360	0.000	534.570	14.350		
14.360	441.780	162.060	86.580	690.420	14.360	426.420	3.090	0.000	429.510	14.360		
14.370	466.200	179.820	99.900	745.920	14.370	330.630	0.000	0.000	330.630	14.370		
14.380	492.840	195.360	108.780	796.980	14.380	234.840	0.000	0.000	234.840	14.380		
14.390	519.480	208.680	111.000	839.160	14.390	148.320	0.000	0.000	148.320	14.390		
14.400	539.460	226.440	119.880	885.780	14.400	80.000	0.000	0.000	80.000	14.400		
14.410	548.340	241.980	124.320	914.640	14.410	40.000	0.000	0.000	40.000	14.410		
14.420	555.000	250.860	130.980	936.840	14.420	19.840	0.000	0.000	19.840	14.420		
14.430	550.560	261.960	133.200	945.720	14.430	19.840	0.000	0.000	19.840	14.430		
14.440	541.680	268.620	142.080	952.380	14.440	14.720	0.000	0.000	14.720	14.440		
14.450	523.920	270.840	144.300	939.060	14.450	12.480	0.000	0.000	12.480	14.450		
14.460	501.720	270.840	148.740	921.300	14.460	12.480	0.000	0.000	12.480	14.460		
14.470	481.740	270.840	153.180	905.760	14.470	7.360	0.000	0.000	7.360	14.470		
14.480	459.540	268.620	155.400	883.560	14.480	7.360	0.000	0.000	7.360	14.480		
14.490	439.560	264.180	159.840	863.580	14.490	4.800	0.000	0.000	4.800	14.490		
14.500	417.360	259.740	162.060	839.160	14.500	4.800	0.000	0.000	4.800	14.500		
14.510	395.000	254.380	161.160	810.540	14.510	2.240	0.000	0.000	2.240	14.510		
14.520	369.720	249.640	167.480	786.840	14.520	2.240	0.000	0.000	2.240	14.520		
14.530	346.020	241.740	167.480	755.240	14.530	2.240	0.000	0.000	2.240	14.530		
14.540	323.900	237.000	169.060	729.960	14.540	2.240	0.000	0.000	2.240	14.540		
14.550	304.940	232.260	173.800	711.000	14.550	2.500	0.000	0.000	2.500	14.550		
14.560	284.400	229.100	176.960	690.460	14.560	2.500	0.000	0.000	2.500	14.560		
14.570	263.860	224.360	178.540	666.760	14.570	0.000	0.000	0.000	0.000	14.570		
14.580	249.640	221.200	184.860	655.700	14.580	2.500	0.000	0.000	2.500	14.580		
14.590	232.260	221.200	191.180	644.640	14.590	0.000	0.000	0.000	0.000	14.590		
14.600	219.620	224.360	199.080	643.060	14.600	0.000	0.000	0.000	0.000	14.600		
14.610	206.980	225.940	206.980	639.900	14.610	0.000	0.000	0.000	0.000	14.610		
14.620	199.080	232.260	216.460	647.800	14.620	0.000	0.000	0.000	0.000	14.620		
14.630	189.600	237.000	229.100	655.700	14.630	0.000	0.000	0.000	0.000	14.630		
14.640	181.700	244.900	244.900	671.500	14.640	0.000	0.000	0.000	0.000	14.640		
14.650	173.800	251.220	259.120	684.140	14.650	0.000	0.000	0.000	0.000	14.650		
14.660	163.200	261.120	274.720	699.040	14.660	0.000	0.000	0.000	0.000	14.660		
14.670	152.320	266.560	291.040	709.920	14.670	0.000	0.000	0.000	0.000	14.670		
14.680	144.160	274.720	310.080	728.960	14.680	0.000	0.000	0.000	0.000	14.680		
14.690	133.280	282.880	337.280	753.440	14.690	0.000	0.000	0.000	0.000	14.690		
14.700	122.400	288.320	356.320	767.040	14.700	0.000	0.000	0.000	0.000	14.700		
14.710	114.240	296.480	383.520	794.240	14.710	0.000	0.000	0.000	0.000	14.710		
14.720	100.640	301.920	416.160	818.720	14.720	0.000	0.000	0.000	0.000	14.720		
14.730	92.480	307.360	443.360	843.200	14.730	0.000	0.000	0.000	0.000	14.730		
14.740	78.880	307.360	473.280	859.520	14.740	0.000	0.000	0.000	0.000	14.740		
14.750	65.280	304.640	505.920	875.840	14.750	0.000	0.000	0.000	0.000	14.750		
14.760	57.120	293.760	538.560	889.440	14.760	0.000	1.880	0.000	1.880	14.760		
14.770	43.520	274.720	576.640	894.880	14.770	0.000	1.880	0.000	1.880	14.770		
14.780	32.640	250.240	612.000	894.880	14.780	1.880	4.700	0.000	6.580	14.780		
14.790	29.920	228.480	647.360	905.760	14.790	0.000	4.700	0.000	4.700	14.790		
14.800	21.760	201.280	680.000	903.040	14.800	0.000	1.880	0.000	1.880	14.800		
14.810	15.950	175.450	714.560	905.960	14.810	0.000	6.580	27.260	33.840	14.810		
14.820	9.570	149.930	743.270	902.770	14.820	0.000	9.400	99.640	109.040	14.820		
14.830	9.570	127.600	771.980	909.150	14.830	0.000	16.920	169.200	186.120	14.830		
14.840	6.380	108.460	787.930	902.770	14.840	0.000	16.920	235.000	251.920	14.840		
14.850	3.190	89.320	797.500	890.010	14.850	2.280	20.520	321.480	344.280	14.850		
14.860	0.000	73.370	791.120	864.490	14.860	4.560	29.640	414.960	449.160	14.860		
14.870	0.000	60.610	778.360	838.970	14.870	11.400	38.760	494.760	544.920	14.870		
14.880	0.000	44.660	756.030	800.690	14.880	15.960	52.440	538.080	606.480	14.880		
14.890	0.000	35.090	714.560	749.650	14.890	22.800	70.680	554.040	647.520	14.890		
14.900	0.000	25.520	663.520	689.040	14.900	34.200	91.200	533.520	658.920	14.900		
14.910	0.000	12.760	599.720	612.480	14.910	43.320	98.040	485.640	627.000	14.910		
14.920	0.000	3.190	526.350	529.540	14.920	61.560	104.880	449.160	615.600	14.920		
14.930	0.000	0.000	446.600	446.600	14.930	82.080	118.560	444.600	645.240	14.930		
14.940	0.000	0.000	357.280	357.280	14.940	98.040	136.800	462.840	697.680	14.940		
14.950	0.000	0.000	267.960	267.960	14.950	114.000	157.320	492.480	763.800	14.950		
14.960	0.000	0.000	177.500	177.500	14.960	123.120	173.280	519.840	816.240	14.960		
14.970	0.000	0.000	102.240	102.240	14.970	134.520	193.800	544.920	873.240	14.970		
14.980	0.000	0.000	56.800	56.800	14.980	143.640	212.040	560.880	916.560	14.980		
14.990	0.000	0.000	34.790	34.790	14.990	152.760	228.000	570.000	950.760	14.990		
15.000	2.130	0.000	31.950	34.080	15.000	160.300	240.450	572.500	973.250	15.000		
15.010	0.000	0.000	26.980	26.980	15.010	167.170	251.900	563.340	982.410	15.010		
15.020	0.000	0.000	26.980	26.980	15.020	174.040	254.190	547.310	975.540	15.020		
15.030	0.000	0.000	22.010	22.010	15.030	176.330	254.190	524.410	954.930	15.030		
15.040	0.000	0.000	19.880	19.880	15.040	180.910	251.900	501.510	934.320	15.040		
15.050	0.000	0.000	17.040	17.040	15.050	183.200	249.610	476.320	909.130	15.050		
15.060	0.000	0.000	14.910	14.910	15.060	185.490	242.740	448.840	877.070	15.060		
15.070	0.000	2.130	14.910	17.040	15.070	187.780	240.450	423.650	851.880	15.070		
15.080	0.000	0.000	12.070	12.070	15.080	192.360	233.580	400.750	826.690	15.080		
15.090	0.000	0.000	12.070	12.070	15.090	192.360	231.290	382.430	806.080	15.090		
15.100	0.000	0.000	12.070	12.070	15.100	194.650	229.000	361.820	785.470	15.100		
15.110	0.000	0.000	12.500	12.500	15.110	194.650	224.420	343.500	762.570	15.110		
15.120	0.000	0.000	10.000	10.000	15.120	196.940	219.840	327.470	744.250	15.120		
15.130	0.000	0.000	7.500	7.500	15.130	196.940	215.260	311.440	723.640	15.130		
15.140	0.000	0.000	10.000	10.000	15.140	199.230	210.680	293.120	703.030	15.140		
15.150	0.000	0.000	7.500	7.500	15.150	199.260	206.640	276.750	682.650	15.150		
15.160	0.000	0.000	10.000	10.000	15.160	199.260	204.180	266.910	670.350	15.160		
15.170	0.000	0.000	7.500	7.500	15.170	201.720	204.180	254.610	660.510	15.170		
15.180	0.000	0.000	10.000	10.000	15.180	209.100	204.180	244.770	658.050	15.180		
15.190	0.000	0.000	7.500	7.500	15.190	214.020	204.180	234.930	653.130	15.190		
15.200	0.000	0.000	7.500	7.500	15.200	218.940	206.640	223.860	649.440	15.200		
15.210	0.000	0.000	7.500	7.500	15.210	226.320	211.560	218.940	656.820	15.210		
15.220	0.000	0.000	5.000	5.000	15.220	237.390	214.020	214.020	665.430	15.220		
15.230	0.000	0.000	2.500	2.500	15.230	242.310	218.940	209.100	670.350	15.230		
15.240	0.000	0.000	5.000	5.000	15.240	249.690	221.400	206.640	677.730	15.240		
15.250	0.000	0.000	2.500	2.500	15.250	257.070	228.780	201.720	687.570	15.250		
15.260	0.000	0.000	2.240	2.240	15.260	266.910	234.930	196.800	698.640	15.260		
15.270	0.000	0.000	2.240	2.240	15.270	279.210	242.310	191.880	713.400	15.270		
15.280	0.000	0.000	2.240	2.240	15.280	293.970	247.230	184.500	725.700	15.280		
15.290	0.000	0.000	2.240	2.240	15.290	307.500	252.150	177.120	736.770	15.290		
15.300	0.000	0.000	0.000	0.000	15.300	326.700	261.900	167.400	756.000	15.300		
15.310	0.000	0.000	2.240	2.240	15.310	345.600	270.000	159.300	774.900	15.310		
15.320	0.000	0.000	2.240	2.240	15.320	369.900	275.400	145.800	791.100	15.320		
15.330	0.000	0.000	2.240	2.240	15.330	391.500	280.800	135.000	807.300	15.330		
15.340	0.000	2.240	2.240	4.480	15.340	410.400	280.800	118.800	810.000	15.340		
15.350	0.000	2.240	2.240	4.480	15.350	437.400	280.800	102.600	820.800	15.350		
15.360	0.000	2.240	2.240	4.480	15.360	464.400	270.000	86.400	820.800	15.360		
15.370	0.000	2.240	2.240	4.480	15.370	491.400	261.900	70.200	823.500	15.370		
15.380	0.000	2.240	2.240	4.480	15.380	523.800	245.700	56.700	826.200	15.380		
15.390	14.840	7.280	0.000	22.120	15.390	556.200	229.500	43.200	828.900	15.390		
15.400	70.000	9.800	0.000	79.800	15.400	591.300	202.500	35.100	828.900	15.400		
15.410	135.850	10.450	0.000	146.300	15.410	621.000	172.800	29.700	823.500	15.410		
15.420	192.280	16.720	0.000	209.000	15.420	645.300	143.100	21.600	810.000	15.420		
15.430	254.980	18.810	2.090	275.880	15.430	666.900	113.400	16.200	796.500	15.430		
15.440	332.310	27.170	2.090	361.570	15.440	675.000	91.800	8.100	774.900	15.440		
15.450	403.370	35.530	10.450	449.350	15.450	675.000	67.500	2.700	745.200	15.450		
15.460	463.980	52.250	16.720	532.950	15.460	661.500	56.700	0.000	718.200	15.460		
15.470	505.780	79.420	20.900	606.100	15.470	639.900	43.200	0.000	683.100	15.470		
15.480	522.500	119.130	35.530	677.160	15.480	607.500	32.400	0.000	639.900	15.480		
15.490	499.510	135.850	43.890	679.250	15.490	569.700	27.000	0.000	596.700	15.490		
15.500	472.340	146.300	58.520	677.160	15.500	518.400	16.200	0.000	534.600	15.500		
15.510	461.890	163.020	77.330	702.240	15.510	453.600	5.400	0.000	459.000	15.510		
15.520	466.070	181.830	94.050	741.950	15.520	383.400	0.000	0.000	383.400	15.520		
15.530	480.700	200.640	110.770	792.110	15.530	305.100	0.000	0.000	305.100	15.530		
15.540	497.420	221.540	123.310	842.270	15.540	229.500	0.000	0.000	229.500	15.540		
15.550	512.050	238.260	131.670	881.980	15.550	156.600	0.000	0.000	156.600	15.550		
15.560	523.980	259.860	140.580	924.420	15.560	91.800	0.000	0.000	91.800	15.560		
15.570	532.500	274.770	151.230	958.500	15.570	48.600	0.000	0.000	48.600	15.570		
15.580	528.240	285.420	159.750	973.410	15.580	24.300	0.000	0.000	24.300	15.580		
15.590	523.980	296.070	166.140	986.190	15.590	18.900	0.000	2.700	21.600	15.590		
15.600	511.200	302.460	168.270	981.930	15.600	17.500	0.000	7.490	24.990	15.600		
15.610	492.030	302.460	176.790	971.280	15.610	12.460	0.000	7.490	19.950	15.610		
15.620	474.990	298.200	178.920	952.110	15.620	9.940	0.000	4.970	14.910	15.620		
15.630	451.560	296.070	181.050	928.680	15.630	9.940	0.000	2.450	12.390	15.630		
15.640	432.390	293.940	183.180	909.510	15.640	9.940	0.000	2.450	12.390	15.640		
15.650	411.090	291.810	189.570	892.470	15.650	7.490	0.000	2.450	9.940	15.650		
15.660	394.050	283.290	189.570	866.910	15.660	7.490	0.000	2.450	9.940	15.660		
15.670	374.880	279.030	191.700	845.610	15.670	4.970	0.000	2.450	7.420	15.670		
15.680	359.970	274.770	191.700	826.440	15.680	4.970	0.000	2.450	7.420	15.680		
15.690	340.800	266.250	191.700	798.750	15.690	4.970	0.000	2.450	7.420	15.690		
15.700	323.760	259.860	193.830	777.450	15.700	4.970	0.000	2.450	7.420	15.700		
15.710	310.000	256.680	194.680	761.360	15.710	2.450	0.000	2.450	4.900	15.710		
15.720	291.400	251.720	194.680	737.800	15.720	4.970	0.000	2.450	7.420	15.720		
15.730	279.000	249.240	194.680	722.920	15.730	4.970	0.000	2.450	7.420	15.730		
15.740	269.080	246.760	197.160	713.000	15.740	4.970	0.000	4.970	9.940	15.740		
15.750	261.640	246.760	199.640	708.040	15.750	5.000	0.000	2.500	7.500	15.750		
15.760	254.200	249.240	202.120	705.560	15.760	2.500	0.000	2.500	5.000	15.760		
15.770	246.760	251.720	207.080	705.560	15.770	2.500	0.000	2.500	5.000	15.770		
15.780	239.320	254.200	214.520	708.040	15.780	2.500	0.000	2.500	5.000	15.780		
15.790	231.880	261.640	221.960	715.480	15.790	0.000	0.000	2.500	2.500	15.790		
15.800	224.440	269.080	231.880	725.400	15.800	2.500	0.000	2.500	5.000	15.800		
15.810	219.480	276.520	244.280	740.280	15.810	2.500	0.000	2.500	5.000	15.810		
15.820	212.040	286.440	256.680	755.160	15.820	0.000	0.000	0.000	0.000	15.820		
15.830	204.600	293.880	266.600	765.080	15.830	2.500	0.000	0.000	2.500	15.830		
15.840	197.160	303.800	276.520	777.480	15.840	0.000	0.000	0.000	0.000	15.840		
15.850	192.200	310.000	286.440	788.640	15.850	0.000	0.000	0.000	0.000	15.850		
15.860	182.860	316.660	298.820	798.340	15.860	0.000	0.000	0.000	0.000	15.860		
15.870	173.940	325.580	314.430	813.950	15.870	0.000	0.000	0.000	0.000	15.870		
15.880	167.250	336.730	327.810	831.790	15.880	0.000	0.000	0.000	0.000	15.880		
15.890	158.330	343.420	341.190	842.940	15.890	0.000	0.000	0.000	0.000	15.890		
15.900	149.410	352.340	359.030	860.780	15.900	2.220	0.000	0.000	2.220	15.900		
15.910	138.260	359.030	374.640	871.930	15.910	2.220	0.000	0.000	2.220	15.910		
15.920	129.340	363.490	392.480	885.310	15.920	2.220	0.000	0.000	2.220	15.920		
15.930	113.730	361.260	408.090	883.080	15.930	2.220	2.220	0.000	4.440	15.930		
15.940	95.890	356.800	425.930	878.620	15.940	2.220	2.220	0.000	4.440	15.940		
15.950	80.280	347.880	446.000	874.160	15.950	2.220	0.000	0.000	2.220	15.950		
15.960	69.130	341.190	463.840	874.160	15.960	2.220	0.000	0.000	2.220	15.960		
15.970	55.750	327.810	486.140	869.700	15.970	2.220	0.000	0.000	2.220	15.970		
15.980	46.830	316.660	508.440	871.930	15.980	0.000	0.000	0.000	0.000	15.980		
15.990	37.910	298.820	532.970	869.700	15.990	0.000	0.000	0.000	0.000	15.990		
16.000	31.220	278.750	557.500	867.470	16.000	0.000	6.660	46.620	53.280	16.000		
16.010	20.480	250.880	583.680	855.040	16.010	0.000	14.430	109.890	124.320	16.010		
16.020	12.800	220.160	606.720	839.680	16.020	0.000	19.980	172.050	192.030	16.020		
16.030	7.680	197.120	624.640	829.440	16.030	2.220	19.980	219.780	241.980	16.030		
16.040	2.560	168.960	632.320	803.840	16.040	2.220	19.980	277.500	299.700	16.040		
16.050	0.000	145.920	640.000	785.920	16.050	3.900	27.300	354.900	386.100	16.050		
16.060	0.000	125.440	640.000	765.440	16.060	9.750	31.200	411.450	452.400	16.060		
16.070	0.000	107.520	629.760	737.280	16.070	13.650	40.950	444.600	499.200	16.070		
16.080	0.000	94.720	609.280	704.000	16.080	19.500	58.500	462.150	540.150	16.080		
16.090	0.000	84.480	581.120	665.600	16.090	29.250	79.950	462.150	571.350	16.090		
16.100	0.000	69.120	540.160	609.280	16.100	40.950	91.650	440.700	573.300	16.100		
16.110	0.000	53.760	488.960	542.720	16.110	56.550	103.350	419.250	579.150	16.110		
16.120	0.000	43.520	430.080	473.600	16.120	81.900	118.950	409.500	610.350	16.120		
16.130	0.000	33.280	368.640	401.920	16.130	101.400	142.350	409.500	653.250	16.130		
16.140	0.000	20.480	299.520	320.000	16.140	120.900	161.850	413.400	696.150	16.140		
16.150	0.000	10.240	220.160	230.400	16.150	142.350	183.300	427.050	752.700	16.150		
16.160	0.000	4.720	147.500	152.220	16.160	156.000	208.650	446.550	811.200	16.160		
16.170	0.000	0.000	94.990	94.990	16.170	171.600	228.150	464.100	863.850	16.170		
16.180	0.000	0.000	59.590	59.590	16.180	183.300	251.550	475.800	910.650	16.180		
16.190	0.000	0.000	34.810	34.810	16.190	196.950	267.150	487.500	951.600	16.190		
16.200	0.000	0.000	24.780	24.780	16.200	205.640	281.300	485.000	971.940	16.200		
16.210	0.000	0.000	22.420	22.420	16.210	217.280	289.060	477.240	983.580	16.210		
16.220	0.000	0.000	17.110	17.110	16.220	223.100	296.820	461.720	981.640	16.220		
16.230	2.360	0.000	14.750	17.110	16.230	230.860	300.700	446.200	977.760	16.230		
16.240	2.360	0.000	14.750	17.110	16.240	236.680	300.700	430.680	968.060	16.240		
16.250	2.360	0.000	12.390	14.750	16.250	242.500	300.700	413.220	956.420	16.250		
16.260	2.360	0.000	12.390	14.750	16.260	244.440	300.700	399.640	944.780	16.260		
16.270	0.000	0.000	12.390	12.390	16.270	246.380	298.760	386.060	931.200	16.270		
16.280	0.000	0.000	9.440	9.440	16.280	246.380	294.880	372.480	913.740	16.280		
16.290	0.000	0.000	9.440	9.440	16.290	246.380	287.120	356.960	890.460	16.290		
16.300	0.000	0.000	9.440	9.440	16.300	244.440	281.300	341.440	867.180	16.300		
16.310	0.000	0.000	7.480	7.480	16.310	242.500	273.540	323.980	840.020	16.310		
16.320	0.000	0.000	10.000	10.000	16.320	242.500	265.780	306.520	814.800	16.320		
16.330	0.000	0.000	10.000	10.000	16.330	238.620	259.960	289.060	787.640	16.330		
16.340	0.000	0.000	7.480	7.480	16.340	238.620	256.080	273.540	768.240	16.340		
16.350	0.000	0.000	7.480	7.480	16.350	241.900	254.880	261.960	758.740	16.350		
16.360	0.000	0.000	7.480	7.480	16.360	241.900	251.340	251.340	744.580	16.360		
16.370	0.000	0.000	5.000	5.000	16.370	244.260	251.340	241.900	737.500	16.370		
16.380	0.000	0.000	5.000	5.000	16.380	244.260	251.340	237.180	732.780	16.380		
16.390	0.000	0.000	5.000	5.000	16.390	246.620	251.340	232.460	730.420	16.390		
16.400	0.000	0.000	5.000	5.000	16.400	248.980	257.240	232.460	738.680	16.400		
16.410	0.000	0.000	7.480	7.480	16.410	251.340	261.960	228.920	742.220	16.410		
16.420	0.000	0.000	5.000	5.000	16.420	254.880	264.320	228.920	748.120	16.420		
16.430	0.000	0.000	5.000	5.000	16.430	259.600	269.040	232.460	761.100	16.430		
16.440	0.000	0.000	5.000	5.000	16.440	261.960	274.940	237.180	774.080	16.440		
16.450	0.000	0.000	2.480	2.480	16.450	264.320	277.300	241.900	783.520	16.450		
16.460	0.000	0.000	4.980	4.980	16.460	266.680	282.020	244.260	792.960	16.460		
16.470	0.000	0.000	4.980	4.980	16.470	269.040	286.740	248.980	804.760	16.470		
16.480	0.000	0.000	4.980	4.980	16.480	271.400	291.460	254.880	817.740	16.480		
16.490	0.000	0.000	7.500	7.500	16.490	274.940	295.000	257.240	827.180	16.490		
16.500	0.000	0.000	4.980	4.980	16.500	277.200	302.400	258.720	838.320	16.500		
16.510	0.000	0.000	4.980	4.980	16.510	278.880	304.080	262.080	845.040	16.510		
16.520	0.000	0.000	4.980	4.980	16.520	283.920	312.480	263.760	860.160	16.520		
16.530	0.000	0.000	7.500	7.500	16.530	288.960	319.200	263.760	871.920	16.530		
16.540	0.000	0.000	4.980	4.980	16.540	297.360	324.240	263.760	885.360	16.540		
16.550	0.000	0.000	4.980	4.980	16.550	302.400	329.280	258.720	890.400	16.550		
16.560	0.000	0.000	4.980	4.980	16.560	312.480	330.960	252.000	895.440	16.560		
16.570	0.000	0.000	7.500	7.500	16.570	319.200	336.000	238.560	893.760	16.570		
16.580	0.000	0.000	4.980	4.980	16.580	329.280	336.000	226.800	892.080	16.580		
16.590	0.000	0.000	4.980	4.980	16.590	341.040	339.360	211.680	892.080	16.590		
16.600	0.000	0.000	4.980	4.980	16.600	351.120	339.360	196.560	887.040	16.600		
16.610	0.000	0.000	4.680	4.680	16.610	366.240	336.000	179.760	882.000	16.610		
16.620	0.000	0.000	4.680	4.680	16.620	381.360	334.320	159.600	875.280	16.620		
16.630	0.000	0.000	4.680	4.680	16.630	399.840	329.280	136.080	865.200	16.630		
16.640	0.000	0.000	4.680	4.680	16.640	420.000	320.880	110.880	851.760	16.640		
16.650	0.000	0.000	4.680	4.680	16.650	444.080	309.880	87.840	841.800	16.650		
16.660	24.570	2.340	2.340	29.250	16.660	466.040	292.800	73.200	832.040	16.660		
16.670	59.670	4.680	0.000	64.350	16.670	485.560	278.160	58.560	822.280	16.670		
16.680	101.790	7.020	0.000	108.810	16.680	512.400	258.640	48.800	819.840	16.680		
16.690	132.210	9.360	0.000	141.570	16.690	531.920	236.680	39.040	807.640	16.690		
16.700	156.780	9.360	2.340	168.480	16.700	553.880	212.280	31.720	797.880	16.700		
16.710	181.350	11.700	0.000	193.050	16.710	570.960	187.880	24.400	783.240	16.710		
16.720	211.770	14.040	2.340	228.150	16.720	590.480	163.480	14.640	768.600	16.720		
16.730	244.530	22.230	4.680	271.440	16.730	602.680	143.960	9.760	756.400	16.730		
16.740	274.950	29.250	7.020	311.220	16.740	610.000	124.440	4.880	739.320	16.740		
16.750	292.500	42.120	11.700	346.320	16.750	610.000	109.800	2.440	722.240	16.750		
16.760	298.870	61.490	18.590	378.950	16.760	602.680	92.720	0.000	695.400	16.760		
16.770	297.440	78.650	24.310	400.400	16.770	590.480	80.520	0.000	671.000	16.770		
16.780	291.720	94.380	41.470	427.570	16.780	575.840	70.760	0.000	646.600	16.780		
16.790	288.860	108.680	57.200	454.740	16.790	553.880	63.440	0.000	617.320	16.790		
16.800	284.570	124.410	71.500	480.480	16.800	525.000	52.500	0.000	577.500	16.800		
16.810	281.710	144.430	88.660	514.800	16.810	483.000	44.100	0.000	527.100	16.810		
16.820	284.570	164.450	108.680	557.700	16.820	443.100	33.600	0.000	476.700	16.820		
16.830	291.720	187.330	124.410	603.460	16.830	396.900	29.400	0.000	426.300	16.830		
16.840	298.870	211.640	144.430	654.940	16.840	344.400	18.900	0.000	363.300	16.840		
16.850	304.590	234.520	161.590	700.700	16.850	283.500	10.500	0.000	294.000	16.850		
16.860	314.600	251.680	174.460	740.740	16.860	224.700	4.200	0.000	228.900	16.860		
16.870	324.610	271.700	187.330	783.640	16.870	165.900	2.100	0.000	168.000	16.870		
16.880	337.480	287.430	197.340	822.250	16.880	119.700	0.000	0.000	119.700	16.880		
16.890	347.490	298.870	204.490	850.850	16.890	84.000	0.000	0.000	84.000	16.890		
16.900	357.500	308.880	208.780	875.160	16.900	56.700	0.000	0.000	56.700	16.900		
16.910	364.800	313.600	211.200	889.600	16.910	35.700	0.000	0.000	35.700	16.910		
16.920	371.200	320.000	214.400	905.600	16.920	23.100	0.000	2.100	25.200	16.920		
16.930	376.000	324.800	214.400	915.200	16.930	16.800	0.000	2.100	18.900	16.930		
16.940	382.400	326.400	211.200	920.000	16.940	14.700	0.000	4.200	18.900	16.940		
16.950	384.000	326.400	211.200	921.600	16.950	10.000	0.000	2.480	12.480	16.950		
16.960	388.800	326.400	206.400	921.600	16.960	10.000	0.000	2.480	12.480	16.960		
16.970	393.600	321.600	200.000	915.200	16.970	7.480	0.000	2.480	9.960	16.970		
16.980	396.800	312.000	187.200	896.000	16.980	7.480	0.000	0.000	7.480	16.980		
16.990	400.000	302.400	176.000	878.400	16.990	5.000	0.000	0.000	5.000	16.990		
17.000	400.000	296.000	164.800	860.800	17.000	5.000	0.000	0.000	5.000	17.000		
17.010	392.000	289.600	160.000	841.600	17.010	5.000	0.000	0.000	5.000	17.010		
17.020	382.400	284.800	148.800	816.000	17.020	2.480	0.000	2.480	4.960	17.020		
17.030	371.200	281.600	147.200	800.000	17.030	2.480	0.000	2.480	4.960	17.030		
17.040	361.600	280.000	144.000	785.600	17.040	2.480	0.000	2.480	4.960	17.040		
17.050	353.600	281.600	142.400	777.600	17.050	0.000	0.000	2.480	2.480	17.050		
17.060	347.200	283.650	141.050	771.900	17.060	2.480	0.000	0.000	2.480	17.060		
17.070	341.000	286.750	139.500	767.250	17.070	2.480	0.000	2.480	4.960	17.070		
17.080	339.450	294.500	139.500	773.450	17.080	2.480	0.000	2.480	4.960	17.080		
17.090	336.350	296.050	139.500	771.900	17.090	0.000	0.000	2.480	2.480	17.090		
17.100	334.800	299.150	139.500	773.450	17.100	0.000	0.000	2.500	2.500	17.100		
17.110	334.800	306.900	139.500	781.200	17.110	0.000	0.000	0.000	0.000	17.110		
17.120	331.700	314.650	144.150	790.500	17.120	0.000	0.000	0.000	0.000	17.120		
17.130	323.950	323.950	148.800	796.700	17.130	0.000	0.000	0.000	0.000	17.130		
17.140	319.300	336.350	156.550	812.200	17.140	0.000	0.000	0.000	0.000	17.140		
17.150	310.000	347.200	167.400	824.600	17.150	0.000	0.000	2.500	2.500	17.150		
17.160	303.800	354.950	173.600	832.350	17.160	0.000	0.000	0.000	0.000	17.160		
17.170	294.500	364.250	181.350	840.100	17.170	0.000	0.000	0.000	0.000	17.170		
17.180	283.650	373.550	189.100	846.300	17.180	0.000	0.000	0.000	0.000	17.180		
17.190	277.450	381.300	193.750	852.500	17.190	0.000	0.000	0.000	0.000	17.190		
17.200	269.700	387.500	201.500	858.700	17.200	0.000	0.000	0.000	0.000	17.200		
17.210	258.420	394.710	207.090	860.220	17.210	0.000	0.000	0.000	0.000	17.210		
17.220	251.340	398.250	212.400	861.990	17.220	0.000	0.000	0.000	0.000	17.220		
17.230	244.260	407.100	219.480	870.840	17.230	0.000	0.000	0.000	0.000	17.230		
17.240	237.180	414.180	226.560	877.920	17.240	0.000	0.000	0.000	0.000	17.240		
17.250	226.560	421.260	231.870	879.690	17.250	0.000	0.000	0.000	0.000	17.250		
17.260	219.480	426.570	238.950	885.000	17.260	0.000	0.000	0.000	0.000	17.260		
17.270	212.400	428.340	244.260	885.000	17.270	0.000	2.460	0.000	2.460	17.270		
17.280	207.090	433.650	249.570	890.310	17.280	0.000	2.460	0.000	2.460	17.280		
17.290	201.780	437.190	251.340	890.310	17.290	0.000	4.980	0.000	4.980	17.290		
17.300	196.470	438.960	256.650	892.080	17.300	0.000	2.460	0.000	2.460	17.300		
17.310	189.390	442.500	258.420	890.310	17.310	0.000	7.500	0.000	7.500	17.310		
17.320	182.310	442.500	258.420	883.230	17.320	0.000	7.500	0.000	7.500	17.320		
17.330	177.000	438.960	261.960	877.920	17.330	0.000	9.960	0.000	9.960	17.330		
17.340	169.920	442.500	263.730	876.150	17.340	0.000	9.960	0.000	9.960	17.340		
17.350	161.070	442.500	263.730	867.300	17.350	0.000	12.480	0.000	12.480	17.350		
17.360	151.890	441.030	263.520	856.440	17.360	0.000	12.480	0.000	12.480	17.360		
17.370	146.400	444.690	263.520	854.610	17.370	0.000	12.480	0.000	12.480	17.370		
17.380	139.080	441.030	267.180	847.290	17.380	0.000	15.000	0.000	15.000	17.380		
17.390	131.760	441.030	267.180	839.970	17.390	2.460	15.000	0.000	17.460	17.390		
17.400	126.270	441.030	263.520	830.820	17.400	1.960	16.660	0.000	18.620	17.400		
17.410	120.780	441.030	263.520	825.330	17.410	1.960	14.700	0.000	16.660	17.410		
17.420	117.120	441.030	261.690	819.840	17.420	1.960	16.660	0.000	18.620	17.420		
17.430	113.460	444.690	263.520	821.670	17.430	1.960	16.660	0.000	18.620	17.430		
17.440	109.800	448.350	263.520	821.670	17.440	4.900	16.660	0.000	21.560	17.440		
17.450	104.310	452.010	267.180	823.500	17.450	1.960	14.700	0.000	16.660	17.450		
17.460	98.820	457.500	270.840	827.160	17.460	1.960	19.600	16.660	38.220	17.460		
17.470	86.010	457.500	270.840	814.350	17.470	4.900	34.300	39.200	78.400	17.470		
17.480	76.860	453.840	276.330	807.030	17.480	14.700	56.840	51.940	123.480	17.480		
17.490	64.050	446.520	274.500	785.070	17.490	24.500	69.580	66.640	160.720	17.490		
17.500	54.900	437.370	276.330	768.600	17.500	32.340	82.320	92.120	206.780	17.500		
17.510	42.250	422.500	273.780	738.530	17.510	39.200	92.120	127.400	258.720	17.510		
17.520	32.110	407.290	272.090	711.490	17.520	44.100	99.960	161.700	305.760	17.520		
17.530	18.590	387.010	263.640	669.240	17.530	51.940	106.820	204.820	363.580	17.530		
17.540	8.450	366.730	256.880	632.060	17.540	51.940	106.820	245.000	403.760	17.540		
17.550	1.690	344.760	248.430	594.880	17.550	53.440	106.880	268.870	429.190	17.550		
17.560	0.000	321.100	239.980	561.080	17.560	53.440	101.870	277.220	432.530	17.560		
17.570	0.000	299.130	231.530	530.660	17.570	58.450	98.530	277.220	434.200	17.570		
17.580	0.000	277.160	221.390	498.550	17.580	63.460	98.530	277.220	439.210	17.580		
17.590	0.000	248.430	209.560	457.990	17.590	68.470	98.530	273.880	440.880	17.590		
17.600	0.000	224.770	199.420	424.190	17.600	71.810	98.530	272.210	442.550	17.600		
17.610	0.000	204.490	190.970	395.460	17.610	73.480	101.870	277.220	452.570	17.610		
17.620	0.000	184.210	179.140	363.350	17.620	78.490	103.540	282.230	464.260	17.620		
17.630	0.000	167.310	172.380	339.690	17.630	78.490	106.880	288.910	474.280	17.630		
17.640	0.000	148.720	167.310	316.030	17.640	81.830	111.890	303.940	497.660	17.640		
17.650	0.000	133.510	153.790	287.300	17.650	83.500	116.900	323.980	524.380	17.650		
17.660	0.000	117.160	145.000	262.160	17.660	83.500	118.570	344.020	546.090	17.660		
17.670	0.000	104.980	127.020	232.000	17.670	86.840	126.920	367.400	581.160	17.670		
17.680	0.000	92.220	111.940	204.160	17.680	88.510	133.600	392.450	614.560	17.680		
17.690	0.000	82.360	94.540	176.900	17.690	91.850	141.950	417.500	651.300	17.690		
17.700	0.000	72.500	79.460	151.960	17.700	96.300	151.940	442.980	691.220	17.700		
17.710	0.000	64.960	64.960	129.920	17.710	98.440	158.360	464.380	721.180	17.710		
17.720	0.000	54.520	49.880	104.400	17.720	104.860	166.920	483.640	755.420	17.720		
17.730	0.000	46.980	37.120	84.100	17.730	104.860	171.200	496.480	772.540	17.730		
17.740	0.000	39.440	24.940	64.380	17.740	109.140	173.340	507.180	789.660	17.740		
17.750	0.000	29.580	14.500	44.080	17.750	109.140	179.760	513.600	802.500	17.750		
17.760	0.000	24.940	9.860	34.800	17.760	111.280	181.900	517.880	811.060	17.760		
17.770	0.000	19.720	6.960	26.680	17.770	109.140	184.040	524.300	817.480	17.770		
17.780	0.000	14.500	4.640	19.140	17.780	109.140	184.040	526.440	819.620	17.780		
17.790	0.000	12.180	4.640	16.820	17.790	109.140	186.180	530.720	826.040	17.790		
17.800	0.000	9.860	2.320	12.180	17.800	109.140	186.180	535.000	830.320	17.800		
17.810	0.000	7.500	0.000	7.500	17.810	107.000	188.320	530.720	826.040	17.810		
17.820	0.000	7.500	2.490	9.990	17.820	109.140	188.320	528.580	826.040	17.820		
17.830	0.000	4.980	2.490	7.470	17.830	107.000	188.320	526.440	821.760	17.830		
17.840	0.000	4.980	0.000	4.980	17.840	109.140	188.320	522.160	819.620	17.840		
17.850	0.000	2.490	0.000	2.490	17.850	109.200	193.200	518.700	821.100	17.850		
17.860	0.000	2.490	0.000	2.490	17.860	109.200	193.200	516.600	819.000	17.860		
17.870	0.000	2.490	0.000	2.490	17.870	111.300	199.500	516.600	827.400	17.870		
17.880	0.000	0.000	0.000	0.000	17.880	113.400	205.800	518.700	837.900	17.880		
17.890	0.000	0.000	0.000	0.000	17.890	115.500	212.100	518.700	846.300	17.890		
17.900	0.000	0.000	0.000	0.000	17.900	121.800	218.400	520.800	861.000	17.900		
17.910	0.000	0.000	0.000	0.000	17.910	128.100	226.800	525.000	879.900	17.910		
17.920	0.000	0.000	0.000	0.000	17.920	136.500	239.400	520.800	896.700	17.920		
17.930	0.000	0.000	0.000	0.000	17.930	147.000	252.000	512.400	911.400	17.930		
17.940	0.000	0.000	0.000	0.000	17.940	161.700	264.600	499.800	926.100	17.940		
17.950	0.000	0.000	0.000	0.000	17.950	172.200	277.200	480.900	930.300	17.950		
17.960	0.000	0.000	0.000	0.000	17.960	189.000	289.800	464.100	942.900	17.960		
17.970	0.000	0.000	0.000	0.000	17.970	205.800	298.200	443.100	947.100	17.970		
17.980	0.000	0.000	0.000	0.000	17.980	218.400	308.700	424.200	951.300	17.980		
17.990	0.000	0.000	0.000	0.000	17.990	233.100	317.100	407.400	957.600	17.990		
18.000	0.000	0.000	0.000	0.000	18.000	249.280	321.440	387.040	957.760	18.000		
18.010	0.000	0.000	0.000	0.000	18.010	262.400	326.360	367.360	956.120	18.010		
18.020	0.000	0.000	0.000	0.000	18.020	273.880	329.640	349.320	952.840	18.020		
18.030	0.000	0.000	0.000	0.000	18.030	287.000	331.280	331.280	949.560	18.030		
18.040	0.000	0.000	0.000	0.000	18.040	298.480	329.640	311.600	939.720	18.040		
18.050	0.000	0.000	0.000	0.000	18.050	309.960	326.360	288.640	924.960	18.050		
18.060	0.000	0.000	0.000	0.000	18.060	324.720	324.720	267.320	916.760	18.060		
18.070	0.000	0.000	0.000	0.000	18.070	334.560	319.800	246.000	900.360	18.070		
18.080	0.000	0.000	4.960	4.960	18.080	346.040	311.600	229.600	887.240	18.080		
18.090	0.000	0.000	7.440	7.440	18.090	355.880	303.400	209.920	869.200	18.090		
18.100	0.000	0.000	20.000	20.000	18.100	372.280	293.560	188.600	854.440	18.100		
18.110	0.000	2.280	27.360	29.640	18.110	382.120	282.080	172.200	836.400	18.110		
18.120	0.000	4.560	41.800	46.360	18.120	391.960	273.880	157.440	823.280	18.120		
18.130	0.000	9.880	54.720	64.600	18.130	398.520	264.040	144.320	806.880	18.130		
18.140	0.000	12.160	64.600	76.760	18.140	410.000	254.200	131.200	795.400	18.140		
18.150	2.280	19.760	76.760	98.800	18.150	416.930	243.930	119.370	780.230	18.150		
18.160	14.440	31.920	84.360	130.720	18.160	422.120	228.360	107.260	757.740	18.160		
18.170	39.520	54.720	95.000	189.240	18.170	427.310	214.520	93.420	735.250	18.170		
18.180	74.480	79.800	104.880	259.160	18.180	429.040	192.030	81.310	702.380	18.180		
18.190	101.840	104.880	114.760	321.480	18.190	432.500	166.080	69.200	667.780	18.190		
18.200	119.320	124.640	124.640	368.600	18.200	432.500	136.670	62.280	631.450	18.200		
18.210	129.960	136.800	136.800	403.560	18.210	423.850	107.260	51.900	583.010	18.210		
18.220	134.520	152.000	152.000	438.520	18.220	411.740	79.580	46.710	538.030	18.220		
18.230	139.840	164.920	164.920	469.680	18.230	389.250	58.820	41.520	489.590	18.230		
18.240	144.400	177.080	177.080	498.560	18.240	361.570	41.520	36.330	439.420	18.240		
18.250	149.720	190.000	190.000	529.720	18.250	332.160	31.140	31.140	394.440	18.250		
18.260	154.440	202.410	198.900	555.750	18.260	295.830	19.030	24.220	339.080	18.260		
18.270	159.120	211.770	209.430	580.320	18.270	256.040	8.650	19.030	283.720	18.270		
18.280	164.970	219.960	216.450	601.380	18.280	216.250	1.730	12.110	230.090	18.280		
18.290	171.990	229.320	224.640	625.950	18.290	179.920	0.000	8.650	188.570	18.290		
18.300	179.010	239.850	229.320	648.180	18.300	137.500	0.000	9.900	147.400	18.300		
18.310	184.860	246.870	236.340	668.070	18.310	104.500	0.000	7.150	111.650	18.310		
18.320	191.880	257.400	244.530	693.810	18.320	77.000	0.000	7.150	84.150	18.320		
18.330	198.900	264.420	246.870	710.190	18.330	57.200	0.000	9.900	67.100	18.330		
18.340	209.430	271.440	251.550	732.420	18.340	39.600	0.000	9.900	49.500	18.340		
18.350	214.110	279.630	253.890	747.630	18.350	27.500	0.000	9.900	37.400	18.350		
18.360	222.300	281.970	253.890	758.160	18.360	19.800	0.000	12.100	31.900	18.360		
18.370	226.980	286.650	257.400	771.030	18.370	17.050	0.000	9.900	26.950	18.370		
18.380	229.320	286.650	257.400	773.370	18.380	12.100	0.000	9.900	22.000	18.380		
18.390	229.320	292.500	259.740	781.560	18.390	12.100	0.000	7.150	19.250	18.390		
18.400	231.660	288.990	262.080	782.730	18.400	9.900	0.000	7.150	17.050	18.400		
18.410	229.360	291.580	262.300	783.240	18.410	7.150	0.000	7.150	14.300	18.410		
18.420	226.920	291.580	262.300	780.800	18.420	7.150	0.000	7.150	14.300	18.420		
18.430	224.480	291.580	267.180	783.240	18.430	4.950	0.000	4.950	9.900	18.430		
18.440	222.040	294.020	267.180	783.240	18.440	4.950	0.000	4.950	9.900	18.440		
18.450	217.160	294.020	272.060	783.240	18.450	4.800	0.000	4.800	9.600	18.450		
18.460	212.280	294.020	274.500	780.800	18.460	2.240	0.000	4.800	7.040	18.460		
18.470	209.840	294.020	276.940	780.800	18.470	2.240	0.000	4.800	7.040	18.470		
18.480	207.400	296.460	284.260	788.120	18.480	4.800	0.000	2.240	7.040	18.480		
18.490	204.960	298.900	289.140	793.000	18.490	2.240	0.000	4.800	7.040	18.490		
18.500	198.860	298.900	291.580	789.340	18.500	2.240	0.000	2.240	4.480	18.500		
18.510	196.420	301.340	296.460	794.220	18.510	7.360	0.000	2.240	9.600	18.510		
18.520	193.980	305.000	301.340	800.320	18.520	19.840	0.000	4.800	24.640	18.520		
18.530	193.980	305.000	301.340	800.320	18.530	27.200	2.240	2.240	31.680	18.530		
18.540	191.540	305.000	301.340	797.880	18.540	37.440	4.800	2.240	44.480	18.540		
18.550	186.660	301.340	305.000	793.000	18.550	42.240	4.800	2.240	49.280	18.550		
18.560	185.000	300.000	307.500	792.500	18.560	54.720	9.920	2.240	66.880	18.560		
18.570	177.500	297.500	307.500	782.500	18.570	62.400	14.720	4.800	81.920	18.570		
18.580	170.000	292.500	312.500	775.000	18.580	74.880	22.400	9.920	107.200	18.580		
18.590	160.000	285.000	312.500	757.500	18.590	80.000	37.440	34.880	152.320	18.590		
18.600	147.500	275.000	312.500	735.000	18.600	89.700	54.600	74.880	219.180	18.600		
18.610	130.000	260.000	310.000	700.000	18.610	99.840	67.080	106.860	273.780	18.610		
18.620	117.500	245.000	310.000	672.500	18.620	102.180	71.760	122.460	296.400	18.620		
18.630	102.500	227.500	310.000	640.000	18.630	106.860	74.880	124.800	306.540	18.630		
18.640	90.000	210.000	302.500	602.500	18.640	112.320	77.220	122.460	312.000	18.640		
18.650	80.000	195.000	295.000	570.000	18.650	119.340	77.220	114.660	311.220	18.650		
18.660	70.000	182.500	290.000	542.500	18.660	124.800	79.560	109.980	314.340	18.660		
18.670	62.500	170.000	282.500	515.000	18.670	129.480	81.900	99.840	311.220	18.670		
18.680	57.500	160.000	275.000	492.500	18.680	137.280	84.240	94.380	315.900	18.680		
18.690	55.000	147.500	265.000	467.500	18.690	144.300	87.360	89.700	321.360	18.690		
18.700	52.500	137.500	252.500	442.500	18.700	152.100	89.700	87.360	329.160	18.700		
18.710	49.400	124.450	237.500	411.350	18.710	159.900	97.500	84.240	341.640	18.710		
18.720	49.400	116.850	219.450	385.700	18.720	172.380	102.180	87.360	361.920	18.720		
18.730	49.400	107.350	204.250	361.000	18.730	181.740	109.980	92.040	383.760	18.730		
18.740	47.500	96.900	191.900	336.300	18.740	195.000	119.340	97.500	411.840	18.740		
18.750	41.800	84.550	179.550	305.900	18.750	211.720	134.000	109.880	455.600	18.750		
18.760	37.050	72.200	167.200	276.450	18.760	226.460	148.740	124.620	499.820	18.760		
18.770	29.450	59.850	152.000	241.300	18.770	241.200	167.500	139.360	548.060	18.770		
18.780	21.850	44.650	136.800	203.300	18.780	259.960	188.940	162.140	611.040	18.780		
18.790	14.250	34.200	121.600	170.050	18.790	274.700	211.720	186.260	672.680	18.790		
18.800	6.650	24.700	104.500	135.850	18.800	286.760	234.500	214.400	735.660	18.800		
18.810	6.650	17.100	84.550	108.300	18.810	297.480	257.280	239.860	794.620	18.810		
18.820	4.750	6.650	61.750	73.150	18.820	304.180	274.700	261.300	840.180	18.820		
18.830	4.750	0.000	47.500	52.250	18.830	309.540	286.760	278.720	875.020	18.830		
18.840	4.750	0.000	34.200	38.950	18.840	312.220	297.480	292.120	901.820	18.840		
18.850	1.900	0.000	24.700	26.600	18.850	314.900	306.860	304.180	925.940	18.850		
18.860	2.500	0.000	12.500	15.000	18.860	314.900	312.220	314.900	942.020	18.860		
18.870	5.000	0.000	5.000	10.000	18.870	314.900	314.900	321.600	951.400	18.870		
18.880	5.000	0.000	0.000	5.000	18.880	312.220	316.240	329.640	958.100	18.880		
18.890	5.000	0.000	0.000	5.000	18.890	306.860	314.900	335.000	956.760	18.890		
18.900	2.500	0.000	0.000	2.500	18.900	302.400	311.850	337.500	951.750	18.900		
18.910	2.500	0.000	0.000	2.500	18.910	297.000	306.450	334.800	938.250	18.910		
18.920	2.500	0.000	0.000	2.500	18.920	291.600	299.700	329.400	920.700	18.920		
18.930	2.500	0.000	0.000	2.500	18.930	288.900	288.900	321.300	899.100	18.930		
18.940	2.500	0.000	0.000	2.500	18.940	282.150	276.750	309.150	868.050	18.940		
18.950	2.500	0.000	0.000	2.500	18.950	274.050	264.600	299.700	838.350	18.950		
18.960	2.500	0.000	0.000	2.500	18.960	267.300	252.450	288.900	808.650	18.960		
18.970	0.000	2.500	0.000	2.500	18.970	253.800	236.250	279.450	769.500	18.970		
18.980	0.000	5.000	0.000	5.000	18.980	244.350	226.800	276.750	747.900	18.980		
18.990	0.000	5.000	0.000	5.000	18.990	234.900	218.700	282.150	735.750	18.990		
19.000	0.000	7.500	0.000	7.500	19.000	224.100	214.650	288.900	727.650	19.000		
19.010	17.380	26.860	0.000	44.240	19.010	217.350	211.950	297.000	726.300	19.010		
19.020	29.230	49.770	4.740	83.740	19.020	211.950	211.950	306.450	730.350	19.020		
19.030	37.130	64.780	4.740	106.650	19.030	206.550	209.250	311.850	727.650	19.030		
19.040	67.150	79.790	9.480	156.420	19.040	202.500	206.550	317.250	726.300	19.040		
19.050	124.820	99.540	17.380	241.740	19.050	196.850	204.470	317.500	718.820	19.050		
19.060	169.850	112.180	24.490	306.520	19.060	189.230	194.310	312.420	695.960	19.060		
19.070	182.490	112.180	34.760	329.430	19.070	181.610	184.150	299.720	665.480	19.070		
19.080	184.860	114.550	44.240	343.650	19.080	173.990	171.450	284.480	629.920	19.080		
19.090	182.490	114.550	56.880	353.920	19.090	163.830	157.480	269.240	590.550	19.090		
19.100	176.960	114.550	64.780	356.290	19.100	157.480	147.320	254.000	558.800	19.100		
19.110	179.330	119.290	69.520	368.140	19.110	147.320	134.620	241.300	523.240	19.110		
19.120	179.330	124.820	74.260	378.410	19.120	139.700	124.460	224.790	488.950	19.120		
19.130	184.860	127.190	79.790	391.840	19.130	132.080	111.760	207.010	450.850	19.130		
19.140	189.600	131.930	82.160	403.690	19.140	124.460	101.600	189.230	415.290	19.140		
19.150	197.500	137.460	82.160	417.120	19.150	119.380	88.900	171.450	379.730	19.150		
19.160	206.500	139.240	87.320	433.060	19.160	111.760	81.280	158.750	351.790	19.160		
19.170	217.120	143.960	87.320	448.400	19.170	104.140	74.930	147.320	326.390	19.170		
19.180	221.840	147.500	89.680	459.020	19.180	99.060	67.310	139.700	306.070	19.180		
19.190	232.460	149.860	92.040	474.360	19.190	93.980	62.230	132.080	288.290	19.190		
19.200	239.540	152.220	92.040	483.800	19.200	87.210	57.120	127.500	271.830	19.200		
19.210	251.340	154.580	94.400	500.320	19.210	82.110	54.570	124.950	261.630	19.210		
19.220	264.320	156.940	94.400	515.660	19.220	79.560	52.020	122.400	253.980	19.220		
19.230	274.940	159.300	92.040	526.280	19.230	82.110	52.020	117.300	251.430	19.230		
19.240	282.020	161.660	92.040	535.720	19.240	82.110	52.020	114.750	248.880	19.240		
19.250	289.100	166.380	92.040	547.520	19.250	84.660	54.570	112.200	251.430	19.250		
19.260	291.460	166.380	92.040	549.880	19.260	87.210	54.570	109.650	251.430	19.260		
19.270	295.000	166.380	92.040	553.420	19.270	87.210	54.570	107.100	248.880	19.270		
19.280	295.000	169.920	94.400	559.320	19.280	89.760	57.120	107.100	253.980	19.280		
19.290	295.000	169.920	94.400	559.320	19.290	89.760	57.120	107.100	253.980	19.290		
19.300	295.000	169.920	94.400	559.320	19.300	89.760	57.120	107.100	253.980	19.300		
19.310	294.800	168.840	96.480	560.120	19.310	92.310	62.220	107.100	261.630	19.310		
19.320	294.800	171.520	99.160	565.480	19.320	92.310	62.220	104.550	259.080	19.320		
19.330	297.480	174.200	101.840	573.520	19.330	94.860	64.770	99.960	259.590	19.330		
19.340	297.480	179.560	101.840	578.880	19.340	97.410	64.770	89.760	251.940	19.340		
19.350	298.820	182.240	107.200	588.260	19.350	99.960	64.680	77.420	242.060	19.350		
19.360	301.500	186.260	109.880	597.640	19.360	97.020	64.680	62.230	223.930	19.360		
19.370	298.820	188.940	111.220	598.980	19.370	97.020	62.230	49.980	209.230	19.370		
19.380	301.500	194.300	116.580	612.380	19.380	94.570	59.780	37.240	191.590	19.380		
19.390	304.180	199.660	119.260	623.100	19.390	94.570	59.780	29.890	184.240	19.390		
19.400	309.540	199.660	121.940	631.140	19.400	94.570	54.880	19.600	169.050	19.400		
19.410	314.900	203.680	121.940	640.520	19.410	99.960	54.880	12.250	167.090	19.410		
19.420	321.600	203.680	124.620	649.900	19.420	102.410	52.430	7.350	162.190	19.420		
19.430	324.280	206.360	121.940	652.580	19.430	109.760	47.040	4.900	161.700	19.430		
19.440	332.320	206.360	124.620	663.300	19.440	114.660	44.590	2.450	161.700	19.440		
19.450	335.000	209.040	124.620	668.660	19.450	117.110	42.140	2.450	161.700	19.450		
19.460	339.160	209.890	123.710	672.760	19.460	117.110	42.140	0.000	159.250	19.460		
19.470	341.940	211.280	126.490	679.710	19.470	122.500	39.690	0.000	162.190	19.470		
19.480	344.720	211.280	123.710	679.710	19.480	119.560	39.690	0.000	159.250	19.480		
19.490	347.500	211.280	122.320	681.100	19.490	119.560	39.690	0.000	159.250	19.490		
19.500	347.500	211.280	122.320	681.100	19.500	119.660	37.200	0.000	156.860	19.500		
19.510	344.720	214.060	122.320	681.100	19.510	119.660	37.200	0.000	156.860	19.510		
19.520	341.940	214.060	123.710	679.710	19.520	119.660	37.200	0.000	156.860	19.520		
19.530	336.380	214.060	123.710	674.150	19.530	119.660	37.200	0.000	156.860	19.530		
19.540	329.430	214.060	123.710	667.200	19.540	117.180	34.720	0.000	151.900	19.540		
19.550	323.870	211.280	126.490	661.640	19.550	119.660	37.200	0.000	156.860	19.550		
19.560	319.700	214.060	126.490	660.250	19.560	122.140	37.200	0.000	159.340	19.560		
19.570	314.140	214.060	126.490	654.690	19.570	124.620	37.200	0.000	161.820	19.570		
19.580	309.970	211.280	129.270	650.520	19.580	129.580	39.680	0.000	169.260	19.580		
19.590	307.190	211.280	126.490	644.960	19.590	132.060	39.680	0.000	171.740	19.590		
19.600	304.410	211.280	129.270	644.960	19.600	137.020	42.160	0.000	179.180	19.600		
19.610	302.500	214.170	131.890	648.560	19.610	144.460	47.120	0.000	191.580	19.610		
19.620	298.870	211.750	131.890	642.510	19.620	146.940	47.120	0.000	194.060	19.620		
19.630	294.030	211.750	131.890	637.670	19.630	151.900	49.600	0.000	201.500	19.630		
19.640	289.190	211.750	134.310	635.250	19.640	155.000	49.600	0.000	204.600	19.640		
19.650	286.770	211.750	134.310	632.830	19.650	159.870	51.830	2.190	213.890	19.650		
19.660	281.930	211.750	136.730	630.410	19.660	159.870	54.750	2.190	216.810	19.660		
19.670	277.090	209.330	136.730	623.150	19.670	162.060	54.750	2.190	219.000	19.670		
19.680	274.670	206.910	134.310	615.890	19.680	162.060	56.940	2.190	221.190	19.680		
19.690	272.250	204.490	136.730	613.470	19.690	164.980	56.940	2.190	224.110	19.690		
19.700	269.830	199.650	134.310	603.790	19.700	167.170	59.860	4.380	231.410	19.700		
19.710	269.830	194.810	134.310	598.950	19.710	169.360	59.860	4.380	233.600	19.710		
19.720	269.830	192.390	131.890	594.110	19.720	172.280	59.860	4.380	236.520	19.720		
19.730	269.830	186.340	131.890	588.060	19.730	172.280	62.050	2.190	236.520	19.730		
19.740	272.250	183.920	129.470	585.640	19.740	177.390	59.860	2.190	239.440	19.740		
19.750	274.670	179.080	127.050	580.800	19.750	179.580	59.860	2.190	241.630	19.750		
19.760	279.680	176.640	126.960	583.280	19.760	179.580	56.940	2.190	238.710	19.760		
19.770	283.360	176.640	123.280	583.280	19.770	182.500	56.940	0.000	239.440	19.770		
19.780	290.720	176.640	123.280	590.640	19.780	179.580	54.750	0.000	234.330	19.780		
19.790	299.920	176.640	123.280	599.840	19.790	179.580	51.830	0.000	231.410	19.790		
19.800	309.120	178.480	121.440	609.040	19.800	180.000	51.840	0.000	231.840	19.800		
19.810	318.320	182.160	121.440	621.920	19.810	177.120	49.680	0.000	226.800	19.810		
19.820	329.360	182.160	121.440	632.960	19.820	172.080	49.680	0.000	221.760	19.820		
19.830	342.240	185.840	119.600	647.680	19.830	164.880	49.680	0.000	214.560	19.830		
19.840	353.280	185.840	115.920	655.040	19.840	151.920	49.680	0.000	201.600	19.840		
19.850	369.840	189.520	112.240	671.600	19.850	132.480	49.680	0.000	182.160	19.850		
19.860	384.560	193.200	114.080	691.840	19.860	112.320	46.800	0.000	159.120	19.860		
19.870	401.120	198.720	114.080	713.920	19.870	84.960	44.640	0.000	129.600	19.870		
19.880	419.520	206.080	114.080	739.680	19.880	56.880	39.600	0.000	96.480	19.880		
19.890	441.600	213.440	115.920	770.960	19.890	27.360	34.560	0.000	61.920	19.890		
19.900	460.000	224.480	115.920	800.400	19.900	7.200	24.480	2.160	33.840	19.900		
19.910	481.500	231.120	119.840	832.460	19.910	2.160	19.440	4.320	25.920	19.910		
19.920	496.480	235.400	119.840	851.720	19.920	0.000	17.280	4.320	21.600	19.920		
19.930	509.320	241.820	115.560	866.700	19.930	0.000	14.400	4.320	18.720	19.930		
19.940	515.740	241.820	113.420	870.980	19.940	0.000	14.400	7.200	21.600	19.940		
19.950	524.300	239.680	111.280	875.260	19.950	0.000	10.000	7.440	17.440	19.950		
19.960	528.580	239.680	104.860	873.120	19.960	0.000	10.000	10.000	20.000	19.960		
19.970	535.000	235.400	100.580	870.980	19.970	0.000	7.440	10.000	17.440	19.970		
19.980	530.720	231.120	96.300	858.140	19.980	0.000	7.440	10.000	17.440	19.980		
19.990	526.440	228.980	94.160	849.580	19.990	0.000	2.480	10.000	12.480	19.990		
20.000	517.880	224.700	89.880	832.460	20.000	0.000	2.480	12.480	14.960	20.000		
20.010	509.320	218.280	89.880	817.480	20.010	0.000	2.480	12.480	14.960	20.010		
20.020	496.480	214.000	83.460	793.940	20.020	0.000	0.000	12.480	12.480	20.020		
20.030	485.780	209.720	83.460	778.960	20.030	0.000	0.000	14.960	14.960	20.030		
20.040	477.220	203.300	83.460	763.980	20.040	0.000	0.000	14.960	14.960	20.040		
20.050	466.520	203.300	79.180	749.000	20.050	0.000	0.000	14.960	14.960	20.050		
20.060	457.500	201.300	82.350	741.150	20.060	0.000	0.000	17.440	17.440	20.060		
20.070	448.350	201.300	78.690	728.340	20.070	0.000	0.000	17.440	17.440	20.070		
20.080	439.200	199.470	82.350	721.020	20.080	0.000	0.000	20.000	20.000	20.080		
20.090	431.880	199.470	84.180	715.530	20.090	0.000	0.000	20.000	20.000	20.090		
20.100	426.390	199.470	84.180	710.040	20.100	0.000	0.000	19.980	19.980	20.100		
20.110	420.900	195.810	86.010	702.720	20.110	0.000	0.000	22.500	22.500	20.110		
20.120	413.580	195.810	84.180	693.570	20.120	0.000	0.000	19.980	19.980	20.120		
20.130	411.750	195.810	84.180	691.740	20.130	0.000	0.000	22.500	22.500	20.130		
20.140	411.750	195.810	86.010	693.570	20.140	0.000	0.000	22.500	22.500	20.140		
20.150	411.750	199.470	86.010	697.230	20.150	0.000	0.000	22.500	22.500	20.150		
20.160	417.240	199.470	84.180	700.890	20.160	0.000	0.000	22.500	22.500	20.160		
20.170	420.900	199.470	84.180	704.550	20.170	0.000	0.000	22.500	22.500	20.170		
20.180	426.390	201.300	84.180	711.870	20.180	0.000	0.000	22.500	22.500	20.180		
20.190	433.710	204.960	84.180	722.850	20.190	0.000	2.430	22.500	24.930	20.190		
20.200	441.030	204.960	84.180	730.170	20.200	0.000	0.000	22.500	22.500	20.200		
20.210	449.400	205.440	81.320	736.160	20.210	0.000	0.000	19.980	19.980	20.210		
20.220	455.820	209.720	85.600	751.140	20.220	0.000	0.000	17.460	17.460	20.220		
20.230	466.520	214.000	83.460	763.980	20.230	0.000	0.000	17.460	17.460	20.230		
20.240	479.360	216.140	83.460	778.960	20.240	0.000	0.000	12.420	12.420	20.240		
20.250	492.200	220.420	89.880	802.500	20.250	0.000	0.000	9.520	9.520	20.250		
20.260	500.760	228.980	92.020	821.760	20.260	0.000	0.000	6.800	6.800	20.260		
20.270	515.740	233.260	92.020	841.020	20.270	0.000	0.000	1.360	1.360	20.270		
20.280	526.440	239.680	94.160	860.280	20.280	0.000	0.000	0.000	0.000	20.280		
20.290	535.000	246.100	96.300	877.400	20.290	116.960	48.960	39.440	205.360	20.290		
20.300	528.580	246.100	98.440	873.120	20.300	34.000	54.400	340.000	428.400	20.300		
20.310	509.320	239.680	96.300	845.300	20.310	34.000	54.400	311.440	399.840	20.310		
20.320	479.360	228.980	94.160	802.500	20.320	9.520	29.920	274.720	314.160	20.320		
20.330	442.980	216.140	94.160	753.280	20.330	6.800	24.480	242.080	273.360	20.330		
20.340	413.020	209.720	94.160	716.900	20.340	14.960	29.920	206.720	251.600	20.340		
20.350	391.620	203.300	94.160	689.080	20.350	19.040	21.760	146.880	187.680	20.350		
20.360	367.500	196.980	97.020	661.500	20.360	19.040	14.960	89.760	123.760	20.360		
20.370	346.920	194.040	99.960	640.920	20.370	19.040	12.240	57.120	88.400	20.370		
20.380	329.280	194.040	101.430	624.750	20.380	21.760	9.520	42.160	73.440	20.380		
20.390	318.990	194.040	104.370	617.400	20.390	19.040	9.520	36.720	65.280	20.390		
20.400	311.640	199.920	108.780	620.340	20.400	22.440	9.900	39.600	71.940	20.400		
20.410	304.290	201.390	114.660	620.340	20.410	22.440	14.520	46.860	83.820	20.410		
20.420	299.880	207.270	116.130	623.280	20.420	17.160	14.520	52.140	83.820	20.420		
20.430	294.000	214.620	122.010	630.630	20.430	11.880	14.520	59.400	85.800	20.430		
20.440	289.590	219.030	126.420	635.040	20.440	9.900	14.520	67.320	91.740	20.440		
20.450	282.240	226.380	133.770	642.390	20.450	7.260	14.520	77.220	99.000	20.450		
20.460	276.360	233.730	139.650	649.740	20.460	4.620	17.160	94.380	116.160	20.460		
20.470	271.950	244.020	147.000	662.970	20.470	4.620	19.800	112.200	136.620	20.470		
20.480	266.070	254.310	157.290	677.670	20.480	1.980	19.800	132.000	153.780	20.480		
20.490	261.660	266.070	169.050	696.780	20.490	4.620	22.440	149.820	176.880	20.490		
20.500	254.310	279.300	179.340	712.950	20.500	1.980	22.440	159.720	184.140	20.500		
20.510	246.390	291.540	189.630	727.560	20.510	1.980	24.420	165.000	191.400	20.510		
20.520	237.360	301.860	201.240	740.460	20.520	1.980	22.440	159.720	184.140	20.520		
20.530	224.460	307.020	214.140	745.620	20.530	1.980	22.440	147.180	171.600	20.530		
20.540	208.980	312.180	224.460	745.620	20.540	4.620	24.420	134.640	163.680	20.540		
20.550	197.370	317.340	234.780	749.490	20.550	12.150	27.450	112.500	152.100	20.550		
20.560	181.890	319.920	243.810	745.620	20.560	19.800	29.700	92.250	141.750	20.560		
20.570	168.990	322.500	254.130	745.620	20.570	27.450	32.400	74.700	134.550	20.570		
20.580	154.800	319.920	259.290	734.010	20.580	32.400	32.400	62.100	126.900	20.580		
20.590	139.320	319.920	269.610	728.850	20.590	42.300	34.650	54.900	131.850	20.590		
20.600	123.840	317.340	279.930	721.110	20.600	49.950	37.350	49.950	137.250	20.600		
20.610	109.650	314.760	288.960	713.370	20.610	54.900	37.350	47.250	139.500	20.610		
20.620	96.750	309.600	294.120	700.470	20.620	59.850	39.600	47.250	146.700	20.620		
20.630	86.430	304.440	304.440	695.310	20.630	64.800	42.300	49.950	157.050	20.630		
20.640	74.820	299.280	312.180	686.280	20.640	72.450	47.250	52.200	171.900	20.640		
20.650	64.500	294.120	317.340	675.960	20.650	74.700	49.950	54.900	179.550	20.650		
20.660	56.760	287.240	326.800	670.800	20.660	79.650	54.900	59.850	194.400	20.660		
20.670	49.880	278.640	337.120	665.640	20.670	82.350	57.150	57.150	196.650	20.670		
20.680	44.720	273.480	347.440	665.640	20.680	87.300	59.850	59.850	207.000	20.680		
20.690	36.120	264.880	356.040	657.040	20.690	94.950	64.800	59.850	219.600	20.690		
20.700	30.960	254.560	364.640	650.160	20.700	102.240	66.240	54.720	223.200	20.700		
20.710	25.800	244.240	374.960	645.000	20.710	106.560	69.120	51.840	227.520	20.710		
20.720	18.920	232.200	381.840	632.960	20.720	116.640	74.880	48.960	240.480	20.720		
20.730	12.040	218.440	388.720	619.200	20.730	129.600	79.200	46.080	254.880	20.730		
20.740	6.880	206.400	392.160	605.440	20.740	144.000	84.960	41.760	270.720	20.740		
20.750	3.440	196.080	402.480	602.000	20.750	156.960	86.400	38.880	282.240	20.750		
20.760	1.720	184.040	405.920	591.680	20.760	174.240	89.280	37.440	300.960	20.760		
20.770	0.000	172.000	411.080	583.080	20.770	194.400	92.160	34.560	321.120	20.770		
20.780	0.000	159.960	419.680	579.640	20.780	214.560	93.600	31.680	339.840	20.780		
20.790	0.000	144.480	424.840	569.320	20.790	231.840	93.600	27.360	352.800	20.790		
20.800	0.000	127.280	430.000	557.280	20.800	252.000	92.160	24.480	368.640	20.800		
20.810	0.000	108.360	430.000	538.360	20.810	276.480	92.160	18.720	387.360	20.810		
20.820	0.000	91.160	424.840	516.000	20.820	302.400	89.280	18.720	410.400	20.820		
20.830	0.000	77.400	416.240	493.640	20.830	329.760	89.280	17.280	436.320	20.830		
20.840	0.000	61.920	402.480	464.400	20.840	360.000	89.280	14.400	463.680	20.840		
20.850	0.000	49.880	378.400	428.280	20.850	391.250	90.770	12.520	494.540	20.850		
20.860	0.000	34.400	350.880	385.280	20.860	422.550	93.900	9.390	525.840	20.860		
20.870	0.000	24.080	314.760	338.840	20.870	456.980	97.030	9.390	563.400	20.870		
20.880	0.000	12.040	268.320	280.360	20.880	488.280	100.160	9.390	597.830	20.880		
20.890	0.000	0.000	218.440	218.440	20.890	519.580	106.420	9.390	635.390	20.890		
20.900	0.000	0.000	172.000	172.000	20.900	554.010	112.680	9.390	676.080	20.900		
20.910	0.000	0.000	129.000	129.000	20.910	588.440	118.940	6.260	713.640	20.910		
20.920	0.000	0.000	91.160	91.160	20.920	619.740	125.200	6.260	751.200	20.920		
20.930	0.000	0.000	61.920	61.920	20.930	644.780	128.330	6.260	779.370	20.930		
20.940	0.000	0.000	41.280	41.280	20.940	672.950	134.590	6.260	813.800	20.940		
20.950	0.000	0.000	24.080	24.080	20.950	697.990	137.720	6.260	841.970	20.950		
20.960	0.000	0.000	17.500	17.500	20.960	719.900	137.720	3.130	860.750	20.960		
20.970	2.450	0.000	14.980	17.430	20.970	744.940	140.850	0.000	885.790	20.970		
20.980	0.000	0.000	9.940	9.940	20.980	766.850	137.720	3.130	907.700	20.980		
20.990	0.000	0.000	9.940	9.940	20.990	782.500	134.590	0.000	917.090	20.990		
21.000	0.000	0.000	7.490	7.490	21.000	796.800	129.480	0.000	926.280	21.000		
21.010	0.000	0.000	4.970	4.970	21.010	806.760	122.840	0.000	929.600	21.010		
21.020	2.450	0.000	4.970	7.420	21.020	816.720	112.880	0.000	929.600	21.020		
21.030	0.000	0.000	4.970	4.970	21.030	823.360	106.240	0.000	929.600	21.030		
21.040	0.000	0.000	2.450	2.450	21.040	826.680	96.280	0.000	922.960	21.040		
21.050	0.000	0.000	2.450	2.450	21.050	826.680	86.320	0.000	913.000	21.050		
21.060	0.000	0.000	2.450	2.450	21.060	830.000	79.680	0.000	909.680	21.060		
21.070	0.000	0.000	0.000	0.000	21.070	830.000	69.720	0.000	899.720	21.070		
21.080	2.450	0.000	2.450	4.900	21.080	826.680	66.400	0.000	893.080	21.080		
21.090	0.000	0.000	0.000	0.000	21.090	826.680	59.760	0.000	886.440	21.090		
21.100	0.000	0.000	0.000	0.000	21.100	820.040	49.800	0.000	869.840	21.100		
21.110	0.000	0.000	0.000	0.000	21.110	816.720	43.160	0.000	859.880	21.110		
21.120	0.000	0.000	0.000	0.000	21.120	816.720	39.840	0.000	856.560	21.120		
21.130	0.000	0.000	0.000	0.000	21.130	813.400	36.520	0.000	849.920	21.130		
21.140	0.000	0.000	0.000	0.000	21.140	813.400	29.880	0.000	843.280	21.140		
21.150	0.000	0.000	0.000	0.000	21.150	811.800	25.830	0.000	837.630	21.150		
21.160	0.000	0.000	0.000	0.000	21.160	815.490	22.140	0.000	837.630	21.160		
21.170	0.000	0.000	0.000	0.000	21.170	819.180	22.140	0.000	841.320	21.170		
21.180	0.000	0.000	0.000	0.000	21.180	822.870	22.140	0.000	845.010	21.180		
21.190	0.000	0.000	0.000	0.000	21.190	826.560	18.450	0.000	845.010	21.190		
21.200	0.000	0.000	0.000	0.000	21.200	833.940	14.760	0.000	848.700	21.200		
21.210	0.000	0.000	0.000	0.000	21.210	841.320	14.760	0.000	856.080	21.210		
21.220	0.000	0.000	0.000	0.000	21.220	852.390	14.760	0.000	867.150	21.220		
21.230	0.000	0.000	0.000	0.000	21.230	863.460	11.070	0.000	874.530	21.230		
21.240	0.000	0.000	0.000	0.000	21.240	870.840	7.380	0.000	878.220	21.240		
21.250	0.000	0.000	0.000	0.000	21.250	881.910	7.380	0.000	889.290	21.250		
21.260	0.000	0.000	0.000	0.000	21.260	892.980	7.380	0.000	900.360	21.260		
21.270	6.920	0.000	0.000	6.920	21.270	904.050	7.380	0.000	911.430	21.270		
21.280	29.410	0.000	0.000	29.410	21.280	911.430	7.380	0.000	918.810	21.280		
21.290	57.090	0.000	0.000	57.090	21.290	922.500	3.690	0.000	926.190	21.290		
21.300	103.800	1.730	0.000	105.530	21.300	930.000	3.720	0.000	933.720	21.300		
21.310	174.730	8.650	0.000	183.380	21.310	926.280	0.000	0.000	926.280	21.310		
21.320	249.120	25.950	3.460	278.530	21.320	918.840	0.000	0.000	918.840	21.320		
21.330	306.210	67.470	22.490	396.170	21.330	896.520	0.000	0.000	896.520	21.330		
21.340	361.570	89.960	36.330	487.860	21.340	870.480	0.000	0.000	870.480	21.340		
21.350	377.140	102.070	46.710	525.920	21.350	825.840	0.000	0.000	825.840	21.350		
21.360	377.140	114.180	58.820	550.140	21.360	762.600	0.000	0.000	762.600	21.360		
21.370	382.330	126.290	69.200	577.820	21.370	684.480	0.000	0.000	684.480	21.370		
21.380	399.630	141.860	79.580	621.070	21.380	584.040	0.000	0.000	584.040	21.380		
21.390	413.470	159.160	89.960	662.590	21.390	472.440	0.000	0.000	472.440	21.390		
21.400	432.500	176.460	96.880	705.840	21.400	357.120	0.000	0.000	357.120	21.400		
21.410	451.200	199.280	107.160	757.640	21.410	249.240	0.000	0.000	249.240	21.410		
21.420	462.480	216.200	116.560	795.240	21.420	159.960	0.000	0.000	159.960	21.420		
21.430	470.000	236.880	124.080	830.960	21.430	81.840	0.000	0.000	81.840	21.430		
21.440	470.000	251.920	133.480	855.400	21.440	37.200	0.000	0.000	37.200	21.440		
21.450	464.360	263.200	141.000	868.560	21.450	25.000	0.000	0.000	25.000	21.450		
21.460	451.200	274.480	152.280	877.960	21.460	22.500	0.000	0.000	22.500	21.460		
21.470	434.280	283.880	163.560	881.720	21.470	20.000	0.000	0.000	20.000	21.470		
21.480	411.720	289.520	174.840	876.080	21.480	15.000	0.000	0.000	15.000	21.480		
21.490	391.040	291.400	186.120	868.560	21.490	12.500	0.000	0.000	12.500	21.490		
21.500	366.600	293.280	197.400	857.280	21.500	12.500	0.000	0.000	12.500	21.500		
21.510	342.160	291.400	204.920	838.480	21.510	10.000	0.000	0.000	10.000	21.510		
21.520	315.840	291.400	216.200	823.440	21.520	10.000	0.000	0.000	10.000	21.520		
21.530	291.400	289.520	229.360	810.280	21.530	7.500	0.000	0.000	7.500	21.530		
21.540	268.840	285.760	240.640	795.240	21.540	7.500	0.000	0.000	7.500	21.540		
21.550	244.400	282.000	248.160	774.560	21.550	7.500	0.000	0.000	7.500	21.550		
21.560	222.360	279.040	263.780	765.180	21.560	7.500	0.000	0.000	7.500	21.560		
21.570	198.380	274.680	279.040	752.100	21.570	7.500	0.000	0.000	7.500	21.570		
21.580	178.760	272.500	292.120	743.380	21.580	7.500	0.000	0.000	7.500	21.580		
21.590	161.320	265.960	307.380	734.660	21.590	5.000	0.000	0.000	5.000	21.590		
21.600	143.880	265.960	324.820	734.660	21.600	5.000	0.000	0.000	5.000	21.600		
21.610	126.440	263.780	342.260	732.480	21.610	5.000	0.000	0.000	5.000	21.610		
21.620	113.360	261.600	359.700	734.660	21.620	5.000	0.000	0.000	5.000	21.620		
21.630	98.100	257.240	383.680	739.020	21.630	2.500	0.000	0.000	2.500	21.630		
21.640	87.200	252.880	405.480	745.560	21.640	2.500	0.000	0.000	2.500	21.640		
21.650	74.120	250.700	429.460	754.280	21.650	2.500	0.000	0.000	2.500	21.650		
21.660	65.400	246.340	451.260	763.000	21.660	5.000	0.000	0.000	5.000	21.660		
21.670	56.680	244.160	473.060	773.900	21.670	2.500	0.000	0.000	2.500	21.670		
21.680	52.320	239.800	497.040	789.160	21.680	2.500	0.000	0.000	2.500	21.680		
21.690	45.780	235.440	521.020	802.240	21.690	2.500	0.000	0.000	2.500	21.690		
21.700	41.420	228.900	545.000	815.320	21.700	2.500	0.000	0.000	2.500	21.700		
21.710	35.800	221.960	569.220	826.980	21.710	2.500	0.000	0.000	2.500	21.710		
21.720	32.220	214.800	597.860	844.880	21.720	2.500	0.000	0.000	2.500	21.720		
21.730	25.060	204.060	622.920	852.040	21.730	2.500	0.000	0.000	2.500	21.730		
21.740	21.480	196.900	651.560	869.940	21.740	2.500	0.000	0.000	2.500	21.740		
21.750	14.320	186.160	673.040	873.520	21.750	2.480	0.000	0.000	2.480	21.750		
21.760	14.320	175.420	701.680	891.420	21.760	0.000	0.000	0.000	0.000	21.760		
21.770	10.740	164.680	726.740	902.160	21.770	0.000	0.000	0.000	0.000	21.770		
21.780	7.160	153.940	748.220	909.320	21.780	0.000	0.000	0.000	0.000	21.780		
21.790	7.160	143.200	773.280	923.640	21.790	2.480	0.000	0.000	2.480	21.790		
21.800	7.160	132.460	798.340	937.960	21.800	0.000	0.000	0.000	0.000	21.800		
21.810	3.580	121.720	819.820	945.120	21.810	0.000	0.000	0.000	0.000	21.810		
21.820	3.580	110.980	841.300	955.860	21.820	0.000	0.000	0.000	0.000	21.820		
21.830	0.000	103.820	859.200	963.020	21.830	0.000	0.000	0.000	0.000	21.830		
21.840	0.000	93.080	877.100	970.180	21.840	0.000	0.000	0.000	0.000	21.840		
21.850	0.000	85.920	895.000	980.920	21.850	0.000	0.000	0.000	0.000	21.850		
21.860	0.000	79.860	900.240	980.100	21.860	0.000	2.480	12.400	14.880	21.860		
21.870	0.000	68.970	907.500	976.470	21.870	0.000	7.440	64.480	71.920	21.870		
21.880	0.000	61.710	903.870	965.580	21.880	0.000	12.400	112.220	124.620	21.880		
21.890	0.000	54.450	889.350	943.800	21.890	0.000	17.360	155.000	172.360	21.890		
21.900	0.000	47.190	874.830	922.020	21.900	0.000	18.360	201.960	220.320	21.900		
21.910	0.000	39.930	856.680	896.610	21.910	2.040	24.480	273.360	299.880	21.910		
21.920	0.000	32.670	827.640	860.310	21.920	6.120	34.680	354.960	395.760	21.920		
21.930	0.000	25.410	784.080	809.490	21.930	12.240	44.880	414.120	471.240	21.930		
21.940	0.000	14.520	733.260	747.780	21.940	22.440	69.360	459.000	550.800	21.940		
21.950	0.000	7.260	667.920	675.180	21.950	36.720	91.800	489.600	618.120	21.950		
21.960	0.000	0.000	588.060	588.060	21.960	51.000	104.040	491.640	646.680	21.960		
21.970	0.000	0.000	479.160	479.160	21.970	63.240	112.200	477.360	652.800	21.970		
21.980	0.000	0.000	359.370	359.370	21.980	73.440	118.320	463.080	654.840	21.980		
21.990	0.000	0.000	254.100	254.100	21.990	89.760	130.560	459.000	679.320	21.990		
22.000	0.000	0.000	166.980	166.980	22.000	102.000	146.880	469.200	718.080	22.000		
22.010	0.000	0.000	100.000	100.000	22.010	112.200	163.200	483.480	758.880	22.010		
22.020	0.000	0.000	52.400	52.400	22.020	122.400	181.560	499.800	803.760	22.020		
22.030	0.000	0.000	24.800	24.800	22.030	128.520	195.840	510.000	834.360	22.030		
22.040	0.000	0.000	17.200	17.200	22.040	136.680	208.080	510.000	854.760	22.040		
22.050	0.000	0.000	12.400	12.400	22.050	144.130	221.270	507.500	872.900	22.050		
22.060	0.000	0.000	10.000	10.000	22.060	152.250	231.420	499.380	883.050	22.060		
22.070	0.000	0.000	7.200	7.200	22.070	156.310	239.540	491.260	887.110	22.070		
22.080	0.000	0.000	7.200	7.200	22.080	164.430	243.600	477.050	885.080	22.080		
22.090	0.000	0.000	7.200	7.200	22.090	170.520	245.630	458.780	874.930	22.090		
22.100	0.000	0.000	4.800	4.800	22.100	174.580	245.630	436.450	856.660	22.100		
22.110	0.000	0.000	4.800	4.800	22.110	180.670	249.690	414.120	844.480	22.110		
22.120	0.000	0.000	2.400	2.400	22.120	186.760	243.600	389.760	820.120	22.120		
22.130	0.000	0.000	2.400	2.400	22.130	196.910	245.630	363.370	805.910	22.130		
22.140	0.000	0.000	0.000	0.000	22.140	207.060	245.630	336.980	789.670	22.140		
22.150	0.000	0.000	0.000	0.000	22.150	217.210	249.690	310.590	777.490	22.150		
22.160	0.000	0.000	0.000	0.000	22.160	229.390	251.720	286.230	767.340	22.160		
22.170	0.000	0.000	0.000	0.000	22.170	239.540	249.690	263.900	753.130	22.170		
22.180	0.000	0.000	0.000	0.000	22.180	251.720	251.720	241.570	745.010	22.180		
22.190	0.000	0.000	0.000	0.000	22.190	263.900	251.720	223.300	738.920	22.190		
22.200	0.000	0.000	0.000	0.000	22.200	276.900	253.500	204.750	735.150	22.200		
22.210	0.000	0.000	0.000	0.000	22.210	288.600	253.500	191.100	733.200	22.210		
22.220	0.000	0.000	0.000	0.000	22.220	302.250	251.550	173.550	727.350	22.220		
22.230	0.000	0.000	0.000	0.000	22.230	313.950	253.500	161.850	729.300	22.230		
22.240	0.000	0.000	0.000	0.000	22.240	329.550	253.500	148.200	731.250	22.240		
22.250	0.000	0.000	0.000	0.000	22.250	341.250	257.400	136.500	735.150	22.250		
22.260	0.000	0.000	0.000	0.000	22.260	356.850	253.500	124.800	735.150	22.260		
22.270	0.000	0.000	0.000	0.000	22.270	372.450	257.400	111.150	741.000	22.270		
22.280	0.000	0.000	0.000	0.000	22.280	390.000	253.500	101.400	744.900	22.280		
22.290	0.000	0.000	0.000	0.000	22.290	401.700	253.500	91.650	746.850	22.290		
22.300	0.000	0.000	0.000	0.000	22.300	417.300	253.500	81.900	752.700	22.300		
22.310	0.000	0.000	0.000	0.000	22.310	434.850	253.500	74.100	762.450	22.310		
22.320	0.000	0.000	0.000	0.000	22.320	448.500	253.500	66.300	768.300	22.320		
22.330	0.000	0.000	0.000	0.000	22.330	466.050	253.500	58.500	778.050	22.330		
22.340	0.000	0.000	0.000	0.000	22.340	487.500	249.600	50.700	787.800	22.340		
22.350	0.000	0.000	0.000	0.000	22.350	510.000	244.800	44.200	799.000	22.350		
22.360	0.000	0.000	0.000	0.000	22.360	530.400	238.000	37.400	805.800	22.360		
22.370	0.000	0.000	0.000	0.000	22.370	554.200	231.200	34.000	819.400	22.370		
22.380	0.000	0.000	0.000	0.000	22.380	578.000	224.400	30.600	833.000	22.380		
22.390	0.000	0.000	0.000	0.000	22.390	601.800	210.800	23.800	836.400	22.390		
22.400	0.000	0.000	0.000	0.000	22.400	629.000	200.600	17.000	846.600	22.400		
22.410	0.000	0.000	0.000	0.000	22.410	656.200	187.000	10.200	853.400	22.410		
22.420	0.000	0.000	0.000	0.000	22.420	680.000	173.400	6.800	860.200	22.420		
22.430	0.000	0.000	0.000	0.000	22.430	707.200	159.800	3.400	870.400	22.430		
22.440	0.000	0.000	0.000	0.000	22.440	731.000	149.600	3.400	884.000	22.440		
22.450	0.000	0.000	2.500	2.500	22.450	754.800	136.000	0.000	890.800	22.450		
22.460	0.000	0.000	1.700	1.700	22.460	782.000	122.400	0.000	904.400	22.460		
22.470	0.000	0.000	0.000	0.000	22.470	805.800	112.200	0.000	918.000	22.470		
22.480	18.700	0.000	0.000	18.700	22.480	829.600	98.600	0.000	928.200	22.480		
22.490	69.700	0.000	0.000	69.700	22.490	850.000	85.000	0.000	935.000	22.490		
22.500	122.400	0.000	0.000	122.400	22.500	863.040	76.560	0.000	939.600	22.500		
22.510	156.400	0.000	0.000	156.400	22.510	870.000	66.120	0.000	936.120	22.510		
22.520	193.800	1.700	0.000	195.500	22.520	863.040	55.680	0.000	918.720	22.520		
22.530	231.200	6.800	0.000	238.000	22.530	856.080	45.240	0.000	901.320	22.530		
22.540	268.600	11.900	0.000	280.500	22.540	842.160	34.800	0.000	876.960	22.540		
22.550	319.600	18.700	3.400	341.700	22.550	817.800	27.840	0.000	845.640	22.550		
22.560	372.300	34.000	6.800	413.100	22.560	789.960	17.400	0.000	807.360	22.560		
22.570	411.400	74.800	18.700	504.900	22.570	751.680	10.440	0.000	762.120	22.570		
22.580	425.000	93.500	28.900	547.400	22.580	702.960	3.480	0.000	706.440	22.580		
22.590	419.900	103.700	42.500	566.100	22.590	636.840	0.000	0.000	636.840	22.590		
22.600	419.900	119.000	56.100	595.000	22.600	546.360	0.000	0.000	546.360	22.600		
22.610	434.000	136.000	70.000	640.000	22.610	445.440	0.000	0.000	445.440	22.610		
22.620	452.000	152.000	82.000	686.000	22.620	337.560	0.000	0.000	337.560	22.620		
22.630	472.000	172.000	90.000	734.000	22.630	236.640	0.000	0.000	236.640	22.630		
22.640	486.000	186.000	100.000	772.000	22.640	149.640	0.000	0.000	149.640	22.640		
22.650	494.000	206.000	110.000	810.000	22.650	82.500	0.000	0.000	82.500	22.650		
22.660	500.000	232.000	120.000	852.000	22.660	42.240	0.000	0.000	42.240	22.660		
22.670	494.000	252.000	134.000	880.000	22.670	27.390	0.000	0.000	27.390	22.670		
22.680	482.000	270.000	150.000	902.000	22.680	24.750	0.000	0.000	24.750	22.680		
22.690	464.000	286.000	166.000	916.000	22.690	19.800	0.000	0.000	19.800	22.690		
22.700	442.000	294.000	176.000	912.000	22.700	17.490	0.000	0.000	17.490	22.700		
22.710	420.000	302.000	192.000	914.000	22.710	17.490	0.000	0.000	17.490	22.710		
22.720	394.000	306.000	204.000	904.000	22.720	14.850	0.000	0.000	14.850	22.720		
22.730	370.000	306.000	216.000	892.000	22.730	12.210	0.000	0.000	12.210	22.730		
22.740	342.000	310.000	224.000	876.000	22.740	12.210	0.000	0.000	12.210	22.740		
22.750	314.000	306.000	240.000	860.000	22.750	9.900	0.000	0.000	9.900	22.750		
22.760	286.880	300.960	246.400	834.240	22.760	7.260	0.000	0.000	7.260	22.760		
22.770	258.720	293.920	258.720	811.360	22.770	7.260	0.000	0.000	7.260	22.770		
22.780	232.320	288.640	269.280	790.240	22.780	7.260	0.000	0.000	7.260	22.780		
22.790	209.440	281.600	279.840	770.880	22.790	7.260	0.000	0.000	7.260	22.790		
22.800	186.560	274.560	288.640	749.760	22.800	7.500	0.000	0.000	7.500	22.800		
22.810	167.200	269.280	299.200	735.680	22.810	7.500	0.000	0.000	7.500	22.810		
22.820	149.600	264.000	311.520	725.120	22.820	4.980	0.000	0.000	4.980	22.820		
22.830	132.000	258.720	322.080	712.800	22.830	4.980	0.000	0.000	4.980	22.830		
22.840	116.160	253.440	334.400	704.000	22.840	7.500	0.000	0.000	7.500	22.840		
22.850	102.080	249.920	348.480	700.480	22.850	4.980	0.000	0.000	4.980	22.850		
22.860	91.520	246.400	366.080	704.000	22.860	4.980	0.000	0.000	4.980	22.860		
22.870	80.960	241.120	381.920	704.000	22.870	4.980	0.000	0.000	4.980	22.870		
22.880	72.160	241.120	399.520	712.800	22.880	4.980	0.000	0.000	4.980	22.880		
22.890	66.880	239.360	418.880	725.120	22.890	4.980	0.000	0.000	4.980	22.890		
22.900	59.840	235.840	440.000	735.680	22.900	4.980	0.000	0.000	4.980	22.900		
22.910	53.120	235.720	461.480	750.320	22.910	4.980	0.000	0.000	4.980	22.910		
22.920	49.800	235.720	484.720	770.240	22.920	4.980	0.000	0.000	4.980	22.920		
22.930	43.160	235.720	504.640	783.520	22.930	2.490	0.000	0.000	2.490	22.930		
22.940	39.840	232.400	527.880	800.120	22.940	2.490	0.000	0.000	2.490	22.940		
22.950	36.520	232.400	554.440	823.360	22.950	2.450	0.000	0.000	2.450	22.950		
22.960	29.880	225.760	577.680	833.320	22.960	2.450	0.000	0.000	2.450	22.960		
22.970	26.560	219.120	607.560	853.240	22.970	0.000	0.000	0.000	0.000	22.970		
22.980	19.920	212.480	637.440	869.840	22.980	0.000	0.000	0.000	0.000	22.980		
22.990	16.600	202.520	667.320	886.440	22.990	2.450	0.000	0.000	2.450	22.990		
23.000	13.280	192.560	693.880	899.720	23.000	0.000	0.000	0.000	0.000	23.000		
23.010	9.960	185.920	720.440	916.320	23.010	0.000	0.000	0.000	0.000	23.010		
23.020	9.960	172.640	750.320	932.920	23.020	0.000	0.000	0.000	0.000	23.020		
23.030	6.640	162.680	776.880	946.200	23.030	0.000	0.000	0.000	0.000	23.030		
23.040	6.640	149.400	803.440	959.480	23.040	0.000	0.000	0.000	0.000	23.040		
23.050	3.320	139.440	830.000	972.760	23.050	0.000	0.000	0.000	0.000	23.050		
23.060	0.000	124.250	852.000	976.250	23.060	2.450	0.000	0.000	2.450	23.060		
23.070	0.000	113.600	869.750	983.350	23.070	0.000	2.450	22.050	24.500	23.070		
23.080	0.000	102.950	880.400	983.350	23.080	0.000	7.350	74.970	82.320	23.080		
23.090	0.000	92.300	887.500	979.800	23.090	0.000	12.250	122.500	134.750	23.090		
23.100	0.000	81.650	887.500	969.150	23.100	0.000	13.320	162.060	175.380	23.100		
23.110	0.000	71.000	873.300	944.300	23.110	2.220	13.320	219.780	235.320	23.110		
23.120	0.000	60.350	859.100	919.450	23.120	4.440	15.540	301.920	321.900	23.120		
23.130	0.000	49.700	830.700	880.400	23.130	8.880	24.420	379.620	412.920	23.130		
23.140	0.000	39.050	791.650	830.700	23.140	13.320	33.300	437.340	483.960	23.140		
23.150	0.000	31.950	745.500	777.450	23.150	22.200	51.060	477.300	550.560	23.150		
23.160	0.000	14.200	685.150	699.350	23.160	33.300	82.140	499.500	614.940	23.160		
23.170	0.000	3.550	607.050	610.600	23.170	53.280	99.900	492.840	646.020	23.170		
23.180	0.000	0.000	507.650	507.650	23.180	68.820	106.560	463.980	639.360	23.180		
23.190	0.000	0.000	394.050	394.050	23.190	91.020	115.440	448.440	654.900	23.190		
23.200	0.000	0.000	291.100	291.100	23.200	108.780	133.200	457.320	699.300	23.200		
23.210	0.000	0.000	187.500	187.500	23.210	124.320	153.180	481.740	759.240	23.210		
23.220	0.000	0.000	109.500	109.500	23.220	135.420	170.940	508.380	814.740	23.220		
23.230	0.000	0.000	54.750	54.750	23.230	144.300	186.480	532.800	863.580	23.230		
23.240	0.000	0.000	27.000	27.000	23.240	153.180	202.020	555.000	910.200	23.240		
23.250	0.000	0.000	19.500	19.500	23.250	160.460	216.960	565.000	942.420	23.250		
23.260	0.000	0.000	15.000	15.000	23.260	171.760	228.260	560.480	960.500	23.260		
23.270	0.000	0.000	15.000	15.000	23.270	176.280	239.560	555.960	971.800	23.270		
23.280	2.250	0.000	12.000	14.250	23.280	183.060	246.340	546.920	976.320	23.280		
23.290	0.000	0.000	12.000	12.000	23.290	189.840	250.860	526.580	967.280	23.290		
23.300	0.000	0.000	9.750	9.750	23.300	196.620	253.120	501.720	951.460	23.300		
23.310	0.000	0.000	7.500	7.500	23.310	201.140	253.120	467.820	922.080	23.310		
23.320	0.000	0.000	7.500	7.500	23.320	207.920	253.120	438.440	899.480	23.320		
23.330	0.000	0.000	4.500	4.500	23.330	214.700	253.120	406.800	874.620	23.330		
23.340	0.000	0.000	7.500	7.500	23.340	219.220	250.860	379.680	849.760	23.340		
23.350	0.000	0.000	4.500	4.500	23.350	223.740	248.600	350.300	822.640	23.350		
23.360	0.000	0.000	2.500	2.500	23.360	228.260	248.600	325.440	802.300	23.360		
23.370	0.000	0.000	2.500	2.500	23.370	230.520	244.080	298.320	772.920	23.370		
23.380	0.000	0.000	2.500	2.500	23.380	237.300	241.820	277.980	757.100	23.380		
23.390	0.000	0.000	0.000	0.000	23.390	241.820	239.560	255.380	736.760	23.390		
23.400	0.000	0.000	0.000	0.000	23.400	244.200	235.950	234.300	714.450	23.400		
23.410	0.000	0.000	0.000	0.000	23.410	249.150	235.950	219.450	704.550	23.410		
23.420	0.000	0.000	0.000	0.000	23.420	257.400	239.250	201.300	697.950	23.420		
23.430	0.000	0.000	0.000	0.000	23.430	264.000	240.900	189.750	694.650	23.430		
23.440	0.000	0.000	0.000	0.000	23.440	272.250	244.200	176.550	693.000	23.440		
23.450	0.000	0.000	0.000	0.000	23.450	282.150	249.150	165.000	696.300	23.450		
23.460	0.000	0.000	0.000	0.000	23.460	293.700	254.100	153.450	701.250	23.460		
23.470	0.000	0.000	0.000	0.000	23.470	306.900	259.050	141.900	707.850	23.470		
23.480	0.000	0.000	0.000	0.000	23.480	318.450	264.000	132.000	714.450	23.480		
23.490	0.000	0.000	0.000	0.000	23.490	331.650	272.250	122.100	726.000	23.490		
23.500	0.000	0.000	0.000	0.000	23.500	346.500	277.200	112.200	735.900	23.500		
23.510	0.000	0.000	0.000	0.000	23.510	361.350	282.150	103.950	747.450	23.510		
23.520	0.000	0.000	0.000	0.000	23.520	376.200	287.100	97.350	760.650	23.520		
23.530	0.000	0.000	0.000	0.000	23.530	394.350	292.050	89.100	775.500	23.530		
23.540	0.000	0.000	0.000	0.000	23.540	412.500	297.000	82.500	792.000	23.540		
23.550	0.000	0.000	0.000	0.000	23.550	430.430	297.990	72.240	800.660	23.550		
23.560	0.000	0.000	0.000	0.000	23.560	454.510	294.980	63.210	812.700	23.560		
23.570	0.000	0.000	0.000	0.000	23.570	472.570	294.980	57.190	824.740	23.570		
23.580	0.000	0.000	0.000	0.000	23.580	493.640	288.960	48.160	830.760	23.580		
23.590	0.000	0.000	0.000	0.000	23.590	514.710	282.940	42.140	839.790	23.590		
23.600	0.000	0.000	0.000	0.000	23.600	538.790	276.920	36.120	851.830	23.600		
23.610	0.000	0.000	0.000	0.000	23.610	559.860	267.890	30.100	857.850	23.610		
23.620	0.000	0.000	0.000	0.000	23.620	586.950	255.850	24.080	866.880	23.620		
23.630	0.000	0.000	0.000	0.000	23.630	611.030	243.810	12.040	866.880	23.630		
23.640	0.000	0.000	2.500	2.500	23.640	635.110	228.760	9.030	872.900	23.640		
23.650	0.000	0.000	0.000	0.000	23.650	665.210	213.710	3.010	881.930	23.650		
23.660	0.000	0.000	0.000	0.000	23.660	689.290	198.660	0.000	887.950	23.660		
23.670	29.700	1.980	0.000	31.680	23.670	707.350	180.600	0.000	887.950	23.670		
23.680	69.300	3.960	0.000	73.260	23.680	731.430	162.540	0.000	893.970	23.680		
23.690	116.820	9.900	0.000	126.720	23.690	752.500	147.490	0.000	899.990	23.690		
23.700	168.300	13.860	0.000	182.160	23.700	764.430	125.870	0.000	890.300	23.700		
23.710	229.680	19.800	0.000	249.480	23.710	767.500	110.520	0.000	878.020	23.710		
23.720	297.000	25.740	0.000	322.740	23.720	767.500	95.170	0.000	862.670	23.720		
23.730	366.300	39.600	3.960	409.860	23.730	752.150	79.820	0.000	831.970	23.730		
23.740	429.660	57.420	11.880	498.960	23.740	739.870	67.540	0.000	807.410	23.740		
23.750	477.180	89.100	21.780	588.060	23.750	712.240	55.260	0.000	767.500	23.750		
23.760	495.000	116.820	31.680	643.500	23.760	672.330	46.050	0.000	718.380	23.760		
23.770	473.220	128.700	43.560	645.480	23.770	617.070	36.840	0.000	653.910	23.770		
23.780	457.380	138.600	59.400	655.380	23.780	549.530	24.560	0.000	574.090	23.780		
23.790	453.420	154.440	73.260	681.120	23.790	466.640	12.280	0.000	478.920	23.790		
23.800	459.360	174.240	91.080	724.680	23.800	365.330	3.070	0.000	368.400	23.800		
23.810	468.860	197.000	106.380	772.240	23.810	260.950	0.000	0.000	260.950	23.810		
23.820	480.680	216.700	122.140	819.520	23.820	171.920	0.000	0.000	171.920	23.820		
23.830	488.560	238.370	131.990	858.920	23.830	107.450	0.000	0.000	107.450	23.830		
23.840	492.500	258.070	145.780	896.350	23.840	61.400	0.000	0.000	61.400	23.840		
23.850	488.560	279.740	159.570	927.870	23.850	27.500	0.000	0.000	27.500	23.850		
23.860	478.710	293.530	171.390	943.630	23.860	19.910	0.000	0.000	19.910	23.860		
23.870	466.890	307.320	183.210	957.420	23.870	19.910	0.000	0.000	19.910	23.870		
23.880	449.160	313.230	193.060	955.450	23.880	17.490	0.000	0.000	17.490	23.880		
23.890	423.550	319.140	206.850	949.540	23.890	14.960	0.000	2.420	17.380	23.890		
23.900	403.850	321.110	214.730	939.690	23.900	14.960	0.000	0.000	14.960	23.900		
23.910	382.180	319.140	220.640	921.960	23.910	12.430	0.000	0.000	12.430	23.910		
23.920	362.480	313.230	226.550	902.260	23.920	9.900	0.000	0.000	9.900	23.920		
23.930	338.840	311.260	234.430	884.530	23.930	9.900	0.000	0.000	9.900	23.930		
23.940	317.170	307.320	238.370	862.860	23.940	9.900	0.000	0.000	9.900	23.940		
23.950	293.530	301.410	244.280	839.220	23.950	9.900	0.000	0.000	9.900	23.950		
23.960	272.000	296.000	249.600	817.600	23.960	7.480	0.000	0.000	7.480	23.960		
23.970	244.800	289.600	256.000	790.400	23.970	4.950	0.000	0.000	4.950	23.970		
23.980	224.000	281.600	264.000	769.600	23.980	4.950	0.000	0.000	4.950	23.980		
23.990	204.800	276.800	268.800	750.400	23.990	4.950	0.000	0.000	4.950	23.990		
24.000	187.200	272.000	276.800	736.000	24.000	5.000	0.000	0.000	5.000	24.000		
24.010	171.200	268.800	284.800	724.800	24.010	5.000	0.000	0.000	5.000	24.010		
24.020	153.600	264.000	291.200	708.800	24.020	5.000	0.000	0.000	5.000	24.020		
24.030	142.400	262.400	302.400	707.200	24.030	5.000	0.000	0.000	5.000	24.030		
24.040	129.600	259.200	313.600	702.400	24.040	5.000	0.000	0.000	5.000	24.040		
24.050	120.000	262.400	326.400	708.800	24.050	5.000	0.000	0.000	5.000	24.050		
24.060	108.800	262.400	339.200	710.400	24.060	2.500	0.000	0.000	2.500	24.060		
24.070	102.400	262.400	353.600	718.400	24.070	2.500	0.000	0.000	2.500	24.070		
24.080	94.400	262.400	369.600	726.400	24.080	2.500	0.000	0.000	2.500	24.080		
24.090	86.400	264.000	384.000	734.400	24.090	2.500	0.000	0.000	2.500	24.090		
24.100	80.000	267.200	400.000	747.200	24.100	2.500	0.000	0.000	2.500	24.100		
24.110	73.250	269.560	418.990	761.800	24.110	0.000	0.000	0.000	0.000	24.110		
24.120	67.390	272.490	439.500	779.380	24.120	0.000	0.000	0.000	0.000	24.120		
24.130	61.530	272.490	457.080	791.100	24.130	0.000	0.000	0.000	0.000	24.130		
24.140	55.670	272.490	480.520	808.680	24.140	0.000	0.000	0.000	0.000	24.140		
24.150	49.810	272.490	503.960	826.260	24.150	0.000	0.000	0.000	0.000	24.150		
24.160	46.880	272.490	521.540	840.910	24.160	0.000	0.000	0.000	0.000	24.160		
24.170	41.020	269.560	544.980	855.560	24.170	0.000	0.000	0.000	0.000	24.170		
24.180	38.090	263.700	565.490	867.280	24.180	0.000	0.000	0.000	0.000	24.180		
24.190	32.230	257.840	586.000	876.070	24.190	0.000	0.000	0.000	0.000	24.190		
24.200	32.230	254.910	606.510	893.650	24.200	0.000	0.000	0.000	0.000	24.200		
24.210	23.440	243.190	629.950	896.580	24.210	0.000	1.950	0.000	1.950	24.210		
24.220	17.580	234.400	653.390	905.370	24.220	1.950	1.950	0.000	3.900	24.220		
24.230	14.650	219.750	682.690	917.090	24.230	1.950	0.000	0.000	1.950	24.230		
24.240	11.720	208.030	706.130	925.880	24.240	1.950	0.000	0.000	1.950	24.240		
24.250	8.790	193.380	732.500	934.670	24.250	1.950	0.000	0.000	1.950	24.250		
24.260	6.460	177.650	755.820	939.930	24.260	1.950	0.000	0.000	1.950	24.260		
24.270	3.230	161.500	778.430	943.160	24.270	0.000	4.550	37.050	41.600	24.270		
24.280	0.000	145.350	794.580	939.930	24.280	0.000	14.950	104.650	119.600	24.280		
24.290	0.000	129.200	804.270	933.470	24.290	0.000	14.950	162.500	177.450	24.290		
24.300	0.000	113.050	807.500	920.550	24.300	0.000	17.200	210.700	227.900	24.300		
24.310	0.000	100.130	801.040	901.170	24.310	2.150	19.350	270.900	292.400	24.310		
24.320	0.000	90.440	791.350	881.790	24.320	6.450	23.650	339.700	369.800	24.320		
24.330	0.000	77.520	771.970	849.490	24.330	10.750	32.250	404.200	447.200	24.330		
24.340	0.000	67.830	739.670	807.500	24.340	17.200	43.000	442.900	503.100	24.340		
24.350	0.000	54.910	694.450	749.360	24.350	25.800	70.950	468.700	565.450	24.350		
24.360	0.000	48.450	642.770	691.220	24.360	38.700	94.600	468.700	602.000	24.360		
24.370	0.000	35.530	578.170	613.700	24.370	53.750	98.900	442.900	595.550	24.370		
24.380	0.000	22.610	497.420	520.030	24.380	68.800	101.050	417.100	586.950	24.380		
24.390	0.000	9.690	406.980	416.670	24.390	86.000	113.950	414.950	614.900	24.390		
24.400	0.000	0.000	306.850	306.850	24.400	107.500	131.150	434.300	672.950	24.400		
24.410	0.000	0.000	215.000	215.000	24.410	118.250	148.350	462.250	728.850	24.410		
24.420	0.000	0.000	136.740	136.740	24.420	126.850	163.400	488.050	778.300	24.420		
24.430	0.000	0.000	84.280	84.280	24.430	133.300	180.600	516.000	829.900	24.430		
24.440	0.000	0.000	47.300	47.300	24.440	141.900	193.500	537.500	872.900	24.440		
24.450	0.000	0.000	24.940	24.940	24.450	149.410	211.850	550.810	912.070	24.450		
24.460	0.000	0.000	17.200	17.200	24.460	153.870	223.000	557.500	934.370	24.460		
24.470	0.000	0.000	14.620	14.620	24.470	158.330	231.920	553.040	943.290	24.470		
24.480	1.720	0.000	14.620	16.340	24.480	160.560	236.380	546.350	943.290	24.480		
24.490	1.720	0.000	14.620	16.340	24.490	167.250	238.610	530.740	936.600	24.490		
24.500	1.720	0.000	12.040	13.760	24.500	169.480	238.610	517.360	925.450	24.500		
24.510	1.720	0.000	12.040	13.760	24.510	171.710	238.610	499.520	909.840	24.510		
24.520	1.720	0.000	9.460	11.180	24.520	173.940	238.610	481.680	894.230	24.520		
24.530	0.000	0.000	9.460	9.460	24.530	176.170	236.380	461.610	874.160	24.530		
24.540	0.000	0.000	6.880	6.880	24.540	176.170	234.150	443.770	854.090	24.540		
24.550	0.000	0.000	4.300	4.300	24.550	176.170	231.920	425.930	834.020	24.550		
24.560	0.000	0.000	4.980	4.980	24.560	178.400	227.460	408.090	813.950	24.560		
24.570	0.000	0.000	4.980	4.980	24.570	180.630	227.460	392.480	800.570	24.570		
24.580	0.000	0.000	7.500	7.500	24.580	180.630	220.770	374.640	776.040	24.580		
24.590	0.000	0.000	4.980	4.980	24.590	182.860	216.310	356.800	755.970	24.590		
24.600	0.000	0.000	2.490	2.490	24.600	182.240	214.880	340.000	737.120	24.600		
24.610	2.490	0.000	2.490	4.980	24.610	184.960	212.160	326.400	723.520	24.610		
24.620	0.000	0.000	2.490	2.490	24.620	184.960	209.440	314.160	708.560	24.620		
24.630	0.000	0.000	2.490	2.490	24.630	189.040	209.440	301.920	700.400	24.630		
24.640	0.000	0.000	0.000	0.000	24.640	191.760	209.440	293.760	694.960	24.640		
24.650	0.000	0.000	0.000	0.000	24.650	194.480	212.160	284.240	690.880	24.650		
24.660	0.000	0.000	0.000	0.000	24.660	201.280	212.160	274.720	688.160	24.660		
24.670	0.000	0.000	2.490	2.490	24.670	204.000	216.240	266.560	686.800	24.670		
24.680	0.000	0.000	0.000	0.000	24.680	214.880	221.680	262.480	699.040	24.680		
24.690	0.000	0.000	0.000	0.000	24.690	224.400	227.120	254.320	705.840	24.690		
24.700	0.000	0.000	0.000	0.000	24.700	231.200	233.920	248.880	714.000	24.700		
24.710	0.000	0.000	0.000	0.000	24.710	239.360	239.360	244.800	723.520	24.710		
24.720	0.000	0.000	0.000	0.000	24.720	248.880	246.160	236.640	731.680	24.720		
24.730	0.000	0.000	0.000	0.000	24.730	262.480	251.600	231.200	745.280	24.730		
24.740	0.000	0.000	0.000	0.000	24.740	272.000	257.040	221.680	750.720	24.740		
24.750	0.000	0.000	0.000	0.000	24.750	286.800	262.900	210.320	760.020	24.750		
24.760	0.000	0.000	0.000	0.000	24.760	298.750	265.290	200.760	764.800	24.760		
24.770	0.000	0.000	0.000	0.000	24.770	313.090	272.460	191.200	776.750	24.770		
24.780	0.000	0.000	0.000	0.000	24.780	329.820	277.240	181.640	788.700	24.780		
24.790	0.000	0.000	0.000	0.000	24.790	344.160	284.410	172.080	800.650	24.790		
24.800	0.000	0.000	0.000	0.000	24.800	363.280	289.190	160.130	812.600	24.800		
24.810	0.000	0.000	0.000	0.000	24.810	387.180	291.580	145.790	824.550	24.810		
24.820	0.000	0.000	0.000	0.000	24.820	408.690	291.580	131.450	831.720	24.820		
24.830	0.000	0.000	0.000	0.000	24.830	430.200	291.580	114.720	836.500	24.830		
24.840	0.000	0.000	0.000	0.000	24.840	454.100	286.800	97.990	838.890	24.840		
24.850	0.000	0.000	0.000	0.000	24.850	478.000	277.240	83.650	838.890	24.850		
24.860	0.000	0.000	0.000	0.000	24.860	506.680	262.900	66.920	836.500	24.860		
24.870	25.800	3.440	0.000	29.240	24.870	532.970	246.170	54.970	834.110	24.870		
24.880	61.920	6.880	0.000	68.800	24.880	566.430	224.660	43.020	834.110	24.880		
24.890	101.480	8.600	0.000	110.080	24.890	597.500	193.590	35.850	826.940	24.890		
24.900	144.480	12.040	0.000	156.520	24.900	629.460	158.710	29.590	817.760	24.900		
24.910	189.200	13.760	0.000	202.960	24.910	650.980	131.810	21.520	804.310	24.910		
24.920	232.200	17.200	0.000	249.400	24.920	667.120	107.600	16.140	790.860	24.920		
24.930	271.760	24.080	1.720	297.560	24.930	672.500	88.770	10.760	772.030	24.930		
24.940	311.320	30.960	6.880	349.160	24.940	669.810	72.630	5.380	747.820	24.940		
24.950	354.320	44.720	12.040	411.080	24.950	661.740	61.870	2.690	726.300	24.950		
24.960	387.000	61.920	18.920	467.840	24.960	642.910	51.110	0.000	694.020	24.960		
24.970	405.920	89.440	29.240	524.600	24.970	624.080	43.040	0.000	667.120	24.970		
24.980	414.520	106.640	39.560	560.720	24.980	594.490	34.970	0.000	629.460	24.980		
24.990	416.240	122.120	56.760	595.120	24.990	559.520	29.590	0.000	589.110	24.990		
25.000	430.000	139.320	68.800	638.120	25.000	511.100	18.830	0.000	529.930	25.000		
25.010	447.260	156.750	83.600	687.610	25.010	459.990	10.760	0.000	470.750	25.010		
25.020	461.890	173.470	96.140	731.500	25.020	387.360	2.690	0.000	390.050	25.020		
25.030	476.520	192.280	108.680	777.480	25.030	314.730	0.000	0.000	314.730	25.030		
25.040	493.240	206.910	117.040	817.190	25.040	239.410	0.000	0.000	239.410	25.040		
25.050	505.780	221.540	123.310	850.630	25.050	157.500	0.000	0.000	157.500	25.050		
25.060	516.230	238.260	131.670	886.160	25.060	102.060	0.000	0.000	102.060	25.060		
25.070	522.500	250.800	137.940	911.240	25.070	62.370	0.000	0.000	62.370	25.070		
25.080	522.500	261.250	146.300	930.050	25.080	34.650	0.000	0.000	34.650	25.080		
25.090	516.230	271.700	154.660	942.590	25.090	17.010	0.000	1.890	18.900	25.090		
25.100	505.780	275.880	158.840	940.500	25.100	14.490	0.000	4.410	18.900	25.100		
25.110	493.240	277.970	163.020	934.230	25.110	14.490	0.000	6.930	21.420	25.110		
25.120	478.610	277.970	167.200	923.780	25.120	11.970	0.000	11.970	23.940	25.120		
25.130	463.980	277.970	169.290	911.240	25.130	9.450	0.000	9.450	18.900	25.130		
25.140	451.440	275.880	171.380	898.700	25.140	9.450	0.000	6.930	16.380	25.140		
25.150	434.720	275.880	175.560	886.160	25.150	9.450	0.000	4.410	13.860	25.150		
25.160	420.000	273.840	179.760	873.600	25.160	4.410	0.000	4.410	8.820	25.160		
25.170	401.520	268.800	181.440	851.760	25.170	4.410	0.000	1.890	6.300	25.170		
25.180	386.400	267.120	181.440	834.960	25.180	4.410	0.000	4.410	8.820	25.180		
25.190	369.600	262.080	181.440	813.120	25.190	4.410	0.000	4.410	8.820	25.190		
25.200	354.480	257.040	181.440	792.960	25.200	2.500	0.000	5.000	7.500	25.200		
25.210	339.360	252.000	184.800	776.160	25.210	2.500	0.000	5.000	7.500	25.210		
25.220	325.920	248.640	186.480	761.040	25.220	2.500	0.000	5.000	7.500	25.220		
25.230	312.480	246.960	189.840	749.280	25.230	2.500	0.000	5.000	7.500	25.230		
25.240	302.400	243.600	189.840	735.840	25.240	2.500	0.000	5.000	7.500	25.240		
25.250	292.320	243.600	194.880	730.800	25.250	2.500	0.000	5.000	7.500	25.250		
25.260	283.920	243.600	196.560	724.080	25.260	2.500	0.000	5.000	7.500	25.260		
25.270	277.200	246.960	199.920	724.080	25.270	0.000	0.000	5.000	5.000	25.270		
25.280	268.800	248.640	204.960	722.400	25.280	2.500	0.000	5.000	7.500	25.280		
25.290	262.080	253.680	211.680	727.440	25.290	2.500	0.000	2.500	5.000	25.290		
25.300	253.680	258.720	216.720	729.120	25.300	0.000	0.000	5.000	5.000	25.300		
25.310	249.600	266.760	226.200	742.560	25.310	0.000	0.000	5.000	5.000	25.310		
25.320	241.800	271.440	237.120	750.360	25.320	0.000	0.000	5.000	5.000	25.320		
25.330	237.120	279.240	246.480	762.840	25.330	0.000	0.000	5.000	5.000	25.330		
25.340	229.320	283.920	254.280	767.520	25.340	0.000	0.000	5.000	5.000	25.340		
25.350	224.640	291.720	263.640	780.000	25.350	0.000	0.000	2.500	2.500	25.350		
25.360	219.960	296.400	274.560	790.920	25.360	2.500	0.000	2.500	5.000	25.360		
25.370	212.160	304.200	282.360	798.720	25.370	2.500	0.000	2.500	5.000	25.370		
25.380	204.360	308.880	294.840	808.080	25.380	2.500	0.000	0.000	2.500	25.380		
25.390	199.680	319.800	304.200	823.680	25.390	2.500	0.000	0.000	2.500	25.390		
25.400	195.000	326.040	316.680	837.720	25.400	2.500	2.500	0.000	5.000	25.400		
25.410	188.760	333.840	332.280	854.880	25.410	5.000	2.500	0.000	7.500	25.410		
25.420	180.960	341.640	344.760	867.360	25.420	5.000	0.000	0.000	5.000	25.420		
25.430	171.600	346.320	357.240	875.160	25.430	5.000	2.500	0.000	7.500	25.430		
25.440	162.240	351.000	374.400	887.640	25.440	5.000	2.500	0.000	7.500	25.440		
25.450	146.640	349.440	390.000	886.080	25.450	5.000	2.500	0.000	7.500	25.450		
25.460	128.380	345.840	406.100	880.320	25.460	2.500	2.500	0.000	5.000	25.460		
25.470	110.040	343.220	432.300	885.560	25.470	2.500	2.500	0.000	5.000	25.470		
25.480	96.940	335.360	450.640	882.940	25.480	2.500	0.000	0.000	2.500	25.480		
25.490	81.220	327.500	476.840	885.560	25.490	2.500	2.500	0.000	5.000	25.490		
25.500	65.500	314.400	500.420	880.320	25.500	0.000	1.590	0.000	1.590	25.500		
25.510	52.400	293.440	531.860	877.700	25.510	0.000	6.360	31.800	38.160	25.510		
25.520	44.540	269.860	560.680	875.080	25.520	0.000	11.130	74.730	85.860	25.520		
25.530	36.680	241.040	586.880	864.600	25.530	0.000	17.490	114.480	131.970	25.530		
25.540	31.440	214.840	610.460	856.740	25.540	0.000	19.080	149.460	168.540	25.540		
25.550	23.580	180.780	636.660	841.020	25.550	0.000	19.080	179.670	198.750	25.550		
25.560	15.720	151.960	649.760	817.440	25.560	1.590	19.080	221.010	241.680	25.560		
25.570	13.100	131.000	655.000	799.100	25.570	4.770	27.030	271.890	303.690	25.570		
25.580	7.860	110.040	649.760	767.660	25.580	9.540	36.570	324.360	370.470	25.580		
25.590	5.240	96.940	639.280	741.460	25.590	22.260	58.830	368.880	449.970	25.590		
25.600	2.620	81.220	615.700	699.540	25.600	39.750	84.270	397.500	521.520	25.600		
25.610	0.000	67.860	585.000	652.860	25.610	52.470	89.040	389.550	531.060	25.610		
25.620	0.000	56.160	545.220	601.380	25.620	62.010	92.220	367.290	521.520	25.620		
25.630	0.000	44.460	498.420	542.880	25.630	74.730	98.580	351.390	524.700	25.630		
25.640	0.000	32.760	442.260	475.020	25.640	87.450	109.710	349.800	546.960	25.640		
25.650	0.000	23.400	381.420	404.820	25.650	101.920	120.640	361.920	584.480	25.650		
25.660	0.000	11.700	308.880	320.580	25.660	112.320	133.120	378.560	624.000	25.660		
25.670	0.000	2.340	231.660	234.000	25.670	118.560	151.840	405.600	676.000	25.670		
25.680	0.000	0.000	156.780	156.780	25.680	128.960	168.480	436.800	734.240	25.680		
25.690	0.000	0.000	93.600	93.600	25.690	137.280	187.200	468.000	792.480	25.690		
25.700	0.000	0.000	56.160	56.160	25.700	143.520	201.760	490.880	836.160	25.700		
25.710	2.340	0.000	32.760	35.100	25.710	151.840	216.320	509.600	877.760	25.710		
25.720	4.680	0.000	21.060	25.740	25.720	156.000	230.880	520.000	906.880	25.720		
25.730	7.020	0.000	16.380	23.400	25.730	166.400	241.280	520.000	927.680	25.730		
25.740	7.020	0.000	11.700	18.720	25.740	170.560	245.440	515.840	931.840	25.740		
25.750	9.360	0.000	11.700	21.060	25.750	178.880	253.760	509.600	942.240	25.750		
25.760	10.000	0.000	10.000	20.000	25.760	183.040	253.760	499.200	936.000	25.760		
25.770	7.480	0.000	10.000	17.480	25.770	189.280	255.840	488.800	933.920	25.770		
25.780	7.480	0.000	10.000	17.480	25.780	193.440	260.000	476.320	929.760	25.780		
25.790	7.480	0.000	10.000	17.480	25.790	199.680	255.840	463.840	919.360	25.790		
25.800	7.480	0.000	7.480	14.960	25.800	204.060	254.180	447.500	905.740	25.800		
25.810	7.480	0.000	7.480	14.960	25.810	209.430	252.390	429.600	891.420	25.810		
25.820	7.480	0.000	5.000	12.480	25.820	211.220	248.810	409.910	869.940	25.820		
25.830	7.480	0.000	7.480	14.960	25.830	214.800	241.650	392.010	848.460	25.830		
25.840	7.480	0.000	2.480	9.960	25.840	216.590	236.280	372.320	825.190	25.840		
25.850	7.480	0.000	5.000	12.480	25.850	218.380	230.910	356.210	805.500	25.850		
25.860	7.480	0.000	5.000	12.480	25.860	221.960	227.330	338.310	787.600	25.860		
25.870	7.480	0.000	5.000	12.480	25.870	223.750	221.960	323.990	769.700	25.870		
25.880	7.480	0.000	5.000	12.480	25.880	223.750	216.590	313.250	753.590	25.880		
25.890	7.480	0.000	2.480	9.960	25.890	223.750	214.800	304.300	742.850	25.890		
25.900	7.480	2.480	5.000	14.960	25.900	223.750	211.220	297.140	732.110	25.900		
25.910	7.500	0.000	2.490	9.990	25.910	227.330	211.220	293.560	732.110	25.910		
25.920	7.500	0.000	2.490	9.990	25.920	227.330	211.220	293.560	732.110	25.920		
25.930	7.500	0.000	2.490	9.990	25.930	227.330	211.220	293.560	732.110	25.930		
25.940	7.500	0.000	2.490	9.990	25.940	223.750	214.800	298.930	737.480	25.940		
25.950	7.500	0.000	2.490	9.990	25.950	224.990	217.440	303.510	745.940	25.950		
25.960	7.500	2.490	2.490	12.480	25.960	224.990	218.950	314.080	758.020	25.960		
25.970	4.980	0.000	2.490	7.470	25.970	221.970	221.970	321.630	765.570	25.970		
25.980	4.980	0.000	4.980	9.960	25.980	221.970	226.500	332.200	780.670	25.980		
25.990	4.980	2.490	2.490	9.960	25.990	221.970	229.520	341.260	792.750	25.990		
26.000	2.490	2.490	2.490	7.470	26.000	218.950	231.030	351.830	801.810	26.000		
26.010	2.490	2.490	2.490	7.470	26.010	218.950	234.050	362.400	815.400	26.010		
26.020	2.490	2.490	2.490	7.470	26.020	214.420	234.050	369.950	818.420	26.020		
26.030	2.490	2.490	0.000	4.980	26.030	211.400	237.070	374.480	822.950	26.030		
26.040	2.490	2.490	2.490	7.470	26.040	209.890	234.050	377.500	821.440	26.040		
26.050	2.490	2.490	0.000	4.980	26.050	206.870	231.030	371.460	809.360	26.050		
26.060	4.950	1.650	0.000	6.600	26.060	206.870	229.520	363.910	800.300	26.060		
26.070	11.550	4.950	0.000	16.500	26.070	206.870	226.500	348.810	782.180	26.070		
26.080	21.450	9.900	0.000	31.350	26.080	209.890	226.500	332.200	768.590	26.080		
26.090	36.300	11.550	0.000	47.850	26.090	217.440	226.500	309.550	753.490	26.090		
26.100	56.100	14.850	0.000	70.950	26.100	224.900	224.900	279.500	729.300	26.100		
26.110	92.400	16.500	0.000	108.900	26.110	234.000	219.700	247.000	700.700	26.110		
26.120	138.600	19.800	0.000	158.400	26.120	249.600	211.900	211.900	673.400	26.120		
26.130	199.650	29.700	1.650	231.000	26.130	261.300	201.500	174.200	637.000	26.130		
26.140	257.400	41.250	6.600	305.250	26.140	276.900	187.200	139.100	603.200	26.140		
26.150	311.850	66.000	14.850	392.700	26.150	292.500	163.800	104.000	560.300	26.150		
26.160	364.650	89.100	29.700	483.450	26.160	304.200	139.100	76.700	520.000	26.160		
26.170	386.100	107.250	36.300	529.650	26.170	317.200	114.400	57.200	488.800	26.170		
26.180	394.350	132.000	49.500	575.850	26.180	325.000	87.100	44.200	456.300	26.180		
26.190	404.250	151.800	61.050	617.100	26.190	314.600	66.300	36.400	417.300	26.190		
26.200	412.500	174.900	79.200	666.600	26.200	299.000	54.600	32.500	386.100	26.200		
26.210	420.000	196.000	94.500	710.500	26.210	276.900	44.200	24.700	345.800	26.210		
26.220	427.000	213.500	106.750	747.250	26.220	254.800	36.400	19.500	310.700	26.220		
26.230	434.000	231.000	117.250	782.250	26.230	228.800	29.900	11.700	270.400	26.230		
26.240	437.500	241.500	124.250	803.250	26.240	204.100	22.100	6.500	232.700	26.240		
26.250	437.500	253.750	131.250	822.500	26.250	175.000	17.500	4.900	197.400	26.250		
26.260	437.500	264.250	141.750	843.500	26.260	144.900	9.800	2.100	156.800	26.260		
26.270	432.250	276.500	148.750	857.500	26.270	116.900	7.000	2.100	126.000	26.270		
26.280	423.500	287.000	161.000	871.500	26.280	89.600	4.900	2.100	96.600	26.280		
26.290	420.000	297.500	171.500	889.000	26.290	64.400	2.100	2.100	68.600	26.290		
26.300	406.000	304.500	178.500	889.000	26.300	44.800	0.000	4.900	49.700	26.300		
26.310	397.250	309.750	187.250	894.250	26.310	24.500	0.000	7.000	31.500	26.310		
26.320	385.000	311.500	194.250	890.750	26.320	11.900	0.000	7.000	18.900	26.320		
26.330	371.000	311.500	201.250	883.750	26.330	9.800	0.000	9.800	19.600	26.330		
26.340	362.250	311.500	206.500	880.250	26.340	4.900	0.000	7.000	11.900	26.340		
26.350	351.750	309.750	210.000	871.500	26.350	4.900	0.000	7.000	11.900	26.350		
26.360	345.000	306.360	211.140	862.500	26.360	4.900	0.000	7.000	11.900	26.360		
26.370	333.960	304.980	211.140	850.080	26.370	2.100	0.000	7.000	9.100	26.370		
26.380	329.820	299.460	213.900	843.180	26.380	2.100	0.000	7.000	9.100	26.380		
26.390	324.300	299.460	213.900	837.660	26.390	2.100	0.000	7.000	9.100	26.390		
26.400	318.780	296.700	216.660	832.140	26.400	0.000	0.000	7.480	7.480	26.400		
26.410	314.640	296.700	216.660	828.000	26.410	0.000	0.000	7.480	7.480	26.410		
26.420	311.880	293.940	219.420	825.240	26.420	0.000	0.000	7.480	7.480	26.420		
26.430	309.120	293.940	219.420	822.480	26.430	0.000	0.000	10.000	10.000	26.430		
26.440	306.360	291.180	219.420	816.960	26.440	0.000	0.000	7.480	7.480	26.440		
26.450	309.120	291.180	219.420	819.720	26.450	0.000	0.000	7.480	7.480	26.450		
26.460	309.120	291.180	216.660	816.960	26.460	0.000	0.000	7.480	7.480	26.460		
26.470	317.400	291.180	213.900	822.480	26.470	0.000	0.000	7.480	7.480	26.470		
26.480	321.540	291.180	211.140	823.860	26.480	0.000	0.000	7.480	7.480	26.480		
26.490	329.820	291.180	209.760	830.760	26.490	0.000	0.000	5.000	5.000	26.490		
26.500	339.480	291.180	207.000	837.660	26.500	0.000	0.000	5.000	5.000	26.500		
26.510	349.530	290.970	201.300	841.800	26.510	0.000	0.000	5.000	5.000	26.510		
26.520	364.170	289.140	193.980	847.290	26.520	0.000	0.000	5.000	5.000	26.520		
26.530	373.320	287.310	186.660	847.290	26.530	0.000	0.000	5.000	5.000	26.530		
26.540	384.300	281.820	184.830	850.950	26.540	0.000	0.000	5.000	5.000	26.540		
26.550	393.450	279.990	173.850	847.290	26.550	0.000	0.000	4.810	4.810	26.550		
26.560	404.430	276.330	168.360	849.120	26.560	0.000	0.000	4.810	4.810	26.560		
26.570	411.750	274.500	164.700	850.950	26.570	0.000	0.000	4.810	4.810	26.570		
26.580	419.070	269.010	159.210	847.290	26.580	0.000	0.000	4.810	4.810	26.580		
26.590	426.390	267.180	153.720	847.290	26.590	0.000	0.000	4.810	4.810	26.590		
26.600	433.710	263.520	148.230	845.460	26.600	0.000	0.000	4.810	4.810	26.600		
26.610	441.030	261.690	144.570	847.290	26.610	0.000	2.220	17.390	19.610	26.610		
26.620	448.350	256.200	139.080	843.630	26.620	0.000	4.810	39.960	44.770	26.620		
26.630	453.840	250.710	133.590	838.140	26.630	0.000	4.810	57.350	62.160	26.630		
26.640	457.500	247.050	126.270	830.820	26.640	4.810	12.210	69.930	86.950	26.640		
26.650	457.500	239.730	126.270	823.500	26.650	9.990	12.210	74.740	96.940	26.650		
26.660	455.000	234.780	118.300	808.080	26.660	9.990	7.400	72.150	89.540	26.660		
26.670	449.540	227.500	116.480	793.520	26.670	12.210	9.990	77.330	99.530	26.670		
26.680	444.080	222.040	114.660	780.780	26.680	17.390	12.210	84.730	114.330	26.680		
26.690	436.800	214.760	111.020	762.580	26.690	22.200	14.800	92.500	129.500	26.690		
26.700	425.880	209.300	107.380	742.560	26.700	24.960	17.280	97.280	139.520	26.700		
26.710	414.960	202.020	103.740	720.720	26.710	26.880	19.840	104.960	151.680	26.710		
26.720	402.220	194.740	103.740	700.700	26.720	29.440	22.400	109.440	161.280	26.720		
26.730	389.480	187.460	101.920	678.860	26.730	32.000	24.960	112.000	168.960	26.730		
26.740	376.740	182.000	98.280	657.020	26.740	34.560	26.880	117.120	178.560	26.740		
26.750	369.460	176.540	98.280	644.280	26.750	37.120	32.000	119.680	188.800	26.750		
26.760	358.540	171.080	96.460	626.080	26.760	39.680	32.000	122.240	193.920	26.760		
26.770	351.260	169.260	96.460	616.980	26.770	42.240	34.560	127.360	204.160	26.770		
26.780	345.800	163.800	96.460	606.060	26.780	44.800	37.120	129.920	211.840	26.780		
26.790	338.520	161.980	94.640	595.140	26.790	44.800	37.120	134.400	216.320	26.790		
26.800	334.880	158.340	94.640	587.860	26.800	47.360	39.680	142.080	229.120	26.800		
26.810	330.000	159.720	93.720	583.440	26.810	49.920	44.800	147.200	241.920	26.810		
26.820	324.720	159.720	93.720	578.160	26.820	52.480	44.800	152.320	249.600	26.820		
26.830	319.440	157.080	93.720	570.240	26.830	54.400	47.360	154.880	256.640	26.830		
26.840	314.160	157.080	96.360	567.600	26.840	56.960	49.920	160.000	266.880	26.840		
26.850	308.880	157.080	96.360	562.320	26.850	60.000	52.000	162.400	274.400	26.850		
26.860	304.920	157.080	96.360	558.360	26.860	62.400	56.800	164.800	284.000	26.860		
26.870	302.280	157.080	96.360	555.720	26.870	64.800	60.000	167.200	292.000	26.870		
26.880	297.000	154.440	99.000	550.440	26.880	67.200	62.400	169.600	299.200	26.880		
26.890	294.360	151.800	96.360	542.520	26.890	69.600	64.800	174.400	308.800	26.890		
26.900	289.080	151.800	96.360	537.240	26.900	72.000	67.200	174.400	313.600	26.900		
26.910	286.440	149.160	93.720	529.320	26.910	74.400	69.600	180.000	324.000	26.910		
26.920	282.480	146.520	93.720	522.720	26.920	74.400	72.000	180.000	326.400	26.920		
26.930	279.840	143.880	93.720	517.440	26.930	76.800	72.000	184.800	333.600	26.930		
26.940	277.200	141.240	93.720	512.160	26.940	76.800	74.400	187.200	338.400	26.940		
26.950	274.560	141.240	92.400	508.200	26.950	80.000	76.800	189.600	346.400	26.950		
26.960	272.500	137.340	91.560	501.400	26.960	80.000	80.000	192.000	352.000	26.960		
26.970	272.500	137.340	89.380	499.220	26.970	80.000	80.000	194.400	354.400	26.970		
26.980	269.230	134.070	89.380	492.680	26.980	80.000	82.400	196.800	359.200	26.980		
26.990	267.050	131.890	87.200	486.140	26.990	82.400	82.400	200.000	364.800	26.990		
27.000	267.050	129.710	83.930	480.690	27.000	81.780	81.780	201.840	365.400	27.000		
27.010	264.870	126.440	83.930	475.240	27.010	81.780	84.390	204.450	370.620	27.010		
27.020	261.600	126.440	83.930	471.970	27.020	81.780	84.390	207.060	373.230	27.020		
27.030	261.600	124.260	83.930	469.790	27.030	84.390	87.000	209.670	381.060	27.030		
27.040	259.420	122.080	81.750	463.250	27.040	84.390	87.000	212.280	383.670	27.040		
27.050	257.240	124.260	83.930	465.430	27.050	84.390	89.610	212.280	386.280	27.050		
27.060	257.240	122.080	81.750	461.070	27.060	84.390	92.220	214.890	391.500	27.060		
27.070	251.790	119.900	81.750	453.440	27.070	87.000	92.220	214.890	394.110	27.070		
27.080	249.610	119.900	81.750	451.260	27.080	87.000	94.830	217.500	399.330	27.080		
27.090	249.610	119.900	81.750	451.260	27.090	89.610	97.440	217.500	404.550	27.090		
27.100	244.160	119.900	81.750	445.810	27.100	89.610	97.440	217.500	404.550	27.100		
27.110	242.500	119.310	82.450	444.260	27.110	92.220	99.180	214.890	406.290	27.110		
27.120	239.590	117.370	82.450	439.410	27.120	92.220	99.180	214.890	406.290	27.120		
27.130	236.680	117.370	84.390	438.440	27.130	97.440	101.790	217.500	416.730	27.130		
27.140	234.740	117.370	82.450	434.560	27.140	97.440	104.400	214.890	416.730	27.140		
27.150	231.830	114.460	84.390	430.680	27.150	96.900	104.500	214.700	416.100	27.150		
27.160	229.890	114.460	84.390	428.740	27.160	99.750	107.350	216.600	423.700	27.160		
27.170	226.980	114.460	84.390	425.830	27.170	99.750	107.350	216.600	423.700	27.170		
27.180	226.980	114.460	82.450	423.890	27.180	96.900	107.350	219.450	423.700	27.180		
27.190	226.980	111.550	82.450	420.980	27.190	99.750	107.350	222.300	429.400	27.190		
27.200	226.980	111.550	82.450	420.980	27.200	96.900	109.250	222.300	428.450	27.200		
27.210	224.070	111.550	82.450	418.070	27.210	99.750	107.350	224.200	431.300	27.210		
27.220	224.070	111.550	82.450	418.070	27.220	99.750	109.250	227.050	436.050	27.220		
27.230	224.070	109.610	79.540	413.220	27.230	99.750	112.100	229.900	441.750	27.230		
27.240	224.070	109.610	79.540	413.220	27.240	99.750	112.100	229.900	441.750	27.240		
27.250	224.070	106.700	79.540	410.310	27.250	99.750	112.100	229.900	441.750	27.250		
27.260	224.770	107.380	77.350	409.500	27.260	99.750	114.950	231.800	446.500	27.260		
27.270	224.770	104.650	77.350	406.770	27.270	99.750	114.950	231.800	446.500	27.270		
27.280	227.500	104.650	77.350	409.500	27.280	99.750	114.950	234.650	449.350	27.280		
27.290	224.770	104.650	74.620	404.040	27.290	99.750	114.950	237.500	452.200	27.290		
27.300	227.500	101.920	74.620	404.040	27.300	100.000	115.000	237.000	452.000	27.300		
27.310	227.500	101.920	71.890	401.310	27.310	100.000	115.000	240.000	455.000	27.310		
27.320	227.500	101.920	71.890	401.310	27.320	100.000	115.000	242.000	457.000	27.320		
27.330	227.500	101.920	74.620	404.040	27.330	97.000	117.000	245.000	459.000	27.330		
27.340	227.500	101.920	71.890	401.310	27.340	97.000	115.000	247.000	459.000	27.340		
27.350	227.500	101.920	71.890	401.310	27.350	97.000	115.000	247.000	459.000	27.350		
27.360	227.500	101.920	74.620	404.040	27.360	95.000	115.000	247.000	457.000	27.360		
27.370	224.770	101.920	71.890	398.580	27.370	95.000	115.000	250.000	460.000	27.370		
27.380	224.770	101.920	71.890	398.580	27.380	97.000	115.000	250.000	462.000	27.380		
27.390	224.770	101.920	71.890	398.580	27.390	95.000	115.000	250.000	460.000	27.390		
27.400	224.770	104.650	71.890	401.310	27.400	95.000	115.000	250.000	460.000	27.400		
27.410	227.500	107.380	74.620	409.500	27.410	95.000	115.000	250.000	460.000	27.410		
27.420	224.770	104.650	71.890	401.310	27.420	92.000	112.000	250.000	454.000	27.420		
27.430	224.770	107.380	74.620	406.770	27.430	92.000	112.000	250.000	454.000	27.430		
27.440	227.500	109.200	74.620	411.320	27.440	90.000	112.000	250.000	452.000	27.440		
27.450	227.500	111.930	74.620	414.050	27.450	89.890	109.080	249.470	448.440	27.450		
27.460	224.770	114.660	74.620	414.050	27.460	89.890	109.080	252.500	451.470	27.460		
27.470	224.770	117.390	77.350	419.510	27.470	89.890	109.080	249.470	448.440	27.470		
27.480	224.770	117.390	77.350	419.510	27.480	89.890	109.080	249.470	448.440	27.480		
27.490	224.770	121.940	79.170	425.880	27.490	89.890	107.060	249.470	446.420	27.490		
27.500	224.770	124.670	79.170	428.610	27.500	86.860	107.060	247.450	441.370	27.500		
27.510	224.770	127.400	79.170	431.340	27.510	86.860	107.060	247.450	441.370	27.510		
27.520	222.040	127.400	79.170	428.610	27.520	86.860	107.060	247.450	441.370	27.520		
27.530	219.310	131.950	81.900	433.160	27.530	86.860	104.030	247.450	438.340	27.530		
27.540	217.490	134.680	79.170	431.340	27.540	84.840	104.030	244.420	433.290	27.540		
27.550	217.490	137.410	81.900	436.800	27.550	84.840	104.030	244.420	433.290	27.550		
27.560	212.500	139.400	79.900	431.800	27.560	86.860	104.030	244.420	435.310	27.560		
27.570	209.950	141.950	82.450	434.350	27.570	84.840	104.030	244.420	433.290	27.570		
27.580	209.950	144.500	79.900	434.350	27.580	84.840	104.030	242.400	431.270	27.580		
27.590	207.400	144.500	82.450	434.350	27.590	84.840	102.010	242.400	429.250	27.590		
27.600	204.850	147.050	79.900	431.800	27.600	84.840	102.010	242.400	429.250	27.600		
27.610	202.300	149.600	82.450	434.350	27.610	84.840	102.010	242.400	429.250	27.610		
27.620	199.750	152.150	79.900	431.800	27.620	84.840	102.010	242.400	429.250	27.620		
27.630	197.200	154.700	79.900	431.800	27.630	84.840	102.010	242.400	429.250	27.630		
27.640	194.650	154.700	79.900	429.250	27.640	86.860	102.010	242.400	431.270	27.640		
27.650	192.100	157.250	82.450	431.800	27.650	86.860	102.010	244.420	433.290	27.650		
27.660	187.000	159.800	79.900	426.700	27.660	86.860	102.010	244.420	433.290	27.660		
27.670	184.450	159.800	79.900	424.150	27.670	86.860	102.010	244.420	433.290	27.670		
27.680	179.350	162.350	82.450	424.150	27.680	86.860	104.030	244.420	435.310	27.680		
27.690	176.800	164.900	82.450	424.150	27.690	86.860	104.030	244.420	435.310	27.690		
27.700	171.700	167.450	82.450	421.600	27.700	89.890	104.030	247.450	441.370	27.700		
27.710	167.280	164.560	82.280	414.120	27.710	89.890	104.030	247.450	441.370	27.710		
27.720	161.840	167.280	82.280	411.400	27.720	91.910	104.030	247.450	443.390	27.720		
27.730	157.080	167.280	79.560	403.920	27.730	91.910	104.030	249.470	445.410	27.730		
27.740	152.320	167.280	79.560	399.160	27.740	91.910	107.060	252.500	451.470	27.740		
27.750	146.880	170.000	82.280	399.160	27.750	94.540	109.210	254.280	458.030	27.750		
27.760	142.120	167.280	82.280	391.680	27.760	94.540	109.210	255.910	459.660	27.760		
27.770	137.360	164.560	76.840	378.760	27.770	96.170	112.470	262.430	471.070	27.770		
27.780	131.920	161.840	74.800	368.560	27.780	99.430	114.100	267.320	480.850	27.780		
27.790	122.400	157.080	72.080	351.560	27.790	101.060	118.990	273.840	493.890	27.790		
27.800	114.920	152.320	67.320	334.560	27.800	104.320	122.250	281.990	508.560	27.800		
27.810	107.440	144.840	59.840	312.120	27.810	109.210	127.140	291.770	528.120	27.810		
27.820	102.000	139.400	52.360	293.760	27.820	112.470	133.660	304.810	550.940	27.820		
27.830	94.520	131.920	46.920	273.360	27.830	114.100	138.550	314.590	567.240	27.830		
27.840	89.760	124.440	37.400	251.600	27.840	118.990	143.440	329.260	591.690	27.840		
27.850	85.000	114.920	27.200	227.120	27.850	122.250	151.590	343.930	617.770	27.850		
27.860	79.800	105.000	17.220	202.020	27.860	122.250	156.480	358.600	637.330	27.860		
27.870	74.760	94.920	9.660	179.340	27.870	123.880	161.370	376.530	661.780	27.870		
27.880	67.200	82.320	2.100	151.620	27.880	123.880	169.520	391.200	684.600	27.880		
27.890	62.160	74.760	0.000	136.920	27.890	123.880	174.410	407.500	705.790	27.890		
27.900	59.640	64.680	0.000	124.320	27.900	126.080	179.270	423.550	728.900	27.900		
27.910	54.600	54.600	0.000	109.200	27.910	124.110	183.210	433.400	740.720	27.910		
27.920	47.460	47.460	0.000	94.920	27.920	124.110	187.150	443.250	754.510	27.920		
27.930	42.420	39.900	0.000	82.320	27.930	124.110	189.120	453.100	766.330	27.930		
27.940	37.380	37.380	0.000	74.760	27.940	124.110	191.090	464.920	780.120	27.940		
27.950	32.340	29.820	0.000	62.160	27.950	126.080	193.060	470.830	789.970	27.950		
27.960	27.300	24.780	0.000	52.080	27.960	124.110	197.000	478.710	799.820	27.960		
27.970	22.260	19.740	0.000	42.000	27.970	124.110	197.000	484.620	805.730	27.970		
27.980	17.220	14.700	0.000	31.920	27.980	124.110	197.000	486.590	807.700	27.980		
27.990	14.700	9.660	0.000	24.360	27.990	124.110	197.000	488.560	809.670	27.990		
28.000	12.180	7.140	0.000	19.320	28.000	124.110	197.000	492.500	813.610	28.000		
28.010	10.000	5.000	0.000	15.000	28.010	124.110	193.060	492.500	809.670	28.010		
28.020	10.000	2.500	0.000	12.500	28.020	124.110	193.060	492.500	809.670	28.020		
28.030	10.000	2.500	0.000	12.500	28.030	124.110	193.060	492.500	809.670	28.030		
28.040	10.000	0.000	0.000	10.000	28.040	124.110	191.090	488.560	803.760	28.040		
28.050	10.000	0.000	0.000	10.000	28.050	124.160	192.060	485.000	801.220	28.050		
28.060	10.000	0.000	0.000	10.000	28.060	124.160	188.180	481.120	793.460	28.060		
28.070	10.000	0.000	0.000	10.000	28.070	124.160	188.180	477.240	789.580	28.070		
28.080	10.000	0.000	0.000	10.000	28.080	126.100	186.240	473.360	785.700	28.080		
28.090	10.000	0.000	2.500	12.500	28.090	126.100	186.240	469.480	781.820	28.090		
28.100	10.000	0.000	2.500	12.500	28.100	126.100	186.240	465.600	777.940	28.100		
28.110	10.000	0.000	2.500	12.500	28.110	126.100	184.300	461.720	772.120	28.110		
28.120	10.000	0.000	5.000	15.000	28.120	129.980	184.300	459.780	774.060	28.120		
28.130	10.000	0.000	2.500	12.500	28.130	129.980	182.360	455.900	768.240	28.130		
28.140	12.500	0.000	5.000	17.500	28.140	129.980	182.360	455.900	768.240	28.140		
28.150	10.000	0.000	5.000	15.000	28.150	126.100	178.480	455.900	760.480	28.150		
28.160	12.160	0.000	4.480	16.640	28.160	129.980	178.480	459.780	768.240	28.160		
28.170	17.280	0.000	7.040	24.320	28.170	126.100	178.480	459.780	764.360	28.170		
28.180	22.400	0.000	7.040	29.440	28.180	126.100	178.480	459.780	764.360	28.180		
28.190	26.880	0.000	7.040	33.920	28.190	126.100	178.480	459.780	764.360	28.190		
28.200	39.680	0.000	7.040	46.720	28.200	126.270	175.680	457.500	759.450	28.200		
28.210	56.960	0.000	7.040	64.000	28.210	124.440	172.020	457.500	753.960	28.210		
28.220	89.600	7.040	17.280	113.920	28.220	120.780	168.360	453.840	742.980	28.220		
28.230	119.680	22.400	26.880	168.960	28.230	120.780	166.530	446.520	733.830	28.230		
28.240	129.920	26.880	26.880	183.680	28.240	120.780	159.210	433.710	713.700	28.240		
28.250	132.480	29.440	26.880	188.800	28.250	120.780	153.720	417.240	691.740	28.250		
28.260	134.400	37.120	32.000	203.520	28.260	120.780	146.400	393.450	660.630	28.260		
28.270	136.960	44.800	37.120	218.880	28.270	118.950	137.250	366.000	622.200	28.270		
28.280	142.080	52.480	42.240	236.800	28.280	120.780	129.930	342.210	592.920	28.280		
28.290	147.200	56.960	47.360	251.520	28.290	120.780	120.780	316.590	558.150	28.290		
28.300	160.000	67.200	54.400	281.600	28.300	120.780	111.630	289.140	521.550	28.300		
28.310	171.700	78.780	60.600	311.080	28.310	120.780	102.480	256.200	479.460	28.310		
28.320	185.840	86.860	68.680	341.380	28.320	124.440	89.670	219.600	433.710	28.320		
28.330	202.000	98.980	74.740	375.720	28.330	126.270	73.200	188.490	387.960	28.330		
28.340	218.160	111.100	78.780	408.040	28.340	124.440	62.220	157.380	344.040	28.340		
28.350	242.400	123.220	84.840	450.460	28.350	124.950	44.880	127.500	297.330	28.350		
28.360	264.620	137.360	88.880	490.860	28.360	122.400	32.130	102.000	256.530	28.360		
28.370	290.880	149.480	90.900	531.260	28.370	114.750	17.340	87.210	219.300	28.370		
28.380	323.200	163.620	96.960	583.780	28.380	104.550	2.040	74.970	181.560	28.380		
28.390	359.560	183.820	98.980	642.360	28.390	97.410	0.000	64.770	162.180	28.390		
28.400	391.880	195.940	101.000	688.820	28.400	87.210	0.000	54.570	141.780	28.400		
28.410	422.180	212.100	103.020	737.300	28.410	74.970	0.000	47.430	122.400	28.410		
28.420	446.420	222.200	107.060	775.680	28.420	64.770	0.000	44.880	109.650	28.420		
28.430	468.640	232.300	107.060	808.000	28.430	52.020	0.000	42.330	94.350	28.430		
28.440	488.840	238.360	107.060	834.260	28.440	42.330	0.000	39.780	82.110	28.440		
28.450	505.000	246.440	103.020	854.460	28.450	37.230	0.000	39.780	77.010	28.450		
28.460	521.560	251.940	106.080	879.580	28.460	29.580	0.000	37.230	66.810	28.460		
28.470	530.400	256.360	101.660	888.420	28.470	24.990	0.000	34.680	59.670	28.470		
28.480	541.450	256.360	101.660	899.470	28.480	19.890	0.000	34.680	54.570	28.480		
28.490	545.870	258.570	99.450	903.890	28.490	14.790	0.000	32.130	46.920	28.490		
28.500	552.500	258.570	97.240	908.310	28.500	9.960	0.000	30.000	39.960	28.500		
28.510	552.500	254.150	92.820	899.470	28.510	7.440	0.000	24.960	32.400	28.510		
28.520	548.080	251.940	90.610	890.630	28.520	4.920	0.000	22.440	27.360	28.520		
28.530	541.450	249.730	88.400	879.580	28.530	2.400	0.000	19.920	22.320	28.530		
28.540	534.820	245.310	86.190	866.320	28.540	4.920	0.000	17.400	22.320	28.540		
28.550	525.980	240.890	86.190	853.060	28.550	2.400	0.000	15.000	17.400	28.550		
28.560	514.930	238.680	86.190	839.800	28.560	2.400	0.000	15.000	17.400	28.560		
28.570	506.090	236.470	83.980	826.540	28.570	2.400	0.000	12.480	14.880	28.570		
28.580	499.460	234.260	83.980	817.700	28.580	2.400	0.000	12.480	14.880	28.580		
28.590	492.830	234.260	83.980	811.070	28.590	0.000	0.000	12.480	12.480	28.590		
28.600	490.620	234.260	86.190	811.070	28.600	0.000	0.000	9.960	9.960	28.600		
28.610	490.880	237.120	87.360	815.360	28.610	0.000	0.000	9.960	9.960	28.610		
28.620	488.800	237.120	89.440	815.360	28.620	0.000	0.000	9.960	9.960	28.620		
28.630	488.800	237.120	89.440	815.360	28.630	0.000	0.000	9.960	9.960	28.630		
28.640	488.800	237.120	89.440	815.360	28.640	0.000	0.000	9.960	9.960	28.640		
28.650	490.880	237.120	89.440	817.440	28.650	0.000	0.000	10.000	10.000	28.650		
28.660	492.960	239.200	89.440	821.600	28.660	0.000	0.000	10.000	10.000	28.660		
28.670	492.960	239.200	89.440	821.600	28.670	0.000	0.000	7.480	7.480	28.670		
28.680	497.120	237.120	87.360	821.600	28.680	0.000	0.000	10.000	10.000	28.680		
28.690	499.200	239.200	89.440	827.840	28.690	0.000	0.000	7.480	7.480	28.690		
28.700	501.280	239.200	87.360	827.840	28.700	0.000	0.000	10.000	10.000	28.700		
28.710	503.360	237.120	83.200	823.680	28.710	0.000	0.000	10.000	10.000	28.710		
28.720	509.600	239.200	81.120	829.920	28.720	0.000	0.000	7.480	7.480	28.720		
28.730	513.760	237.120	79.040	829.920	28.730	0.000	0.000	7.480	7.480	28.730		
28.740	515.840	237.120	79.040	832.000	28.740	0.000	0.000	7.480	7.480	28.740		
28.750	520.000	237.120	76.960	834.080	28.750	0.000	2.480	5.000	7.480	28.750		
28.760	521.170	236.320	75.960	833.450	28.760	0.000	2.480	5.000	7.480	28.760		
28.770	523.280	236.320	73.850	833.450	28.770	0.000	5.000	7.480	12.480	28.770		
28.780	527.500	236.320	73.850	837.670	28.780	0.000	5.000	5.000	10.000	28.780		
28.790	527.500	234.210	71.740	833.450	28.790	0.000	7.480	7.480	14.960	28.790		
28.800	523.280	232.100	71.740	827.120	28.800	0.000	6.840	6.840	13.680	28.800		
28.810	523.280	232.100	69.630	825.010	28.810	0.000	6.840	6.840	13.680	28.810		
28.820	521.170	225.770	69.630	816.570	28.820	0.000	9.880	6.840	16.720	28.820		
28.830	519.060	225.770	69.630	814.460	28.830	0.000	6.840	9.880	16.720	28.830		
28.840	510.620	223.660	65.410	799.690	28.840	0.000	9.880	6.840	16.720	28.840		
28.850	506.400	221.550	63.300	791.250	28.850	0.000	9.880	6.840	16.720	28.850		
28.860	497.960	219.440	65.410	782.810	28.860	0.000	14.440	24.320	38.760	28.860		
28.870	489.520	217.330	63.300	770.150	28.870	0.000	24.320	64.600	88.920	28.870		
28.880	476.860	208.890	63.300	749.050	28.880	12.160	44.840	95.000	152.000	28.880		
28.890	459.980	204.670	59.080	723.730	28.890	9.880	47.120	95.000	152.000	28.890		
28.900	440.990	198.340	59.080	698.410	28.900	12.160	54.720	107.160	174.040	28.900		
28.910	420.000	191.520	57.120	668.640	28.910	22.040	64.600	136.800	223.440	28.910		
28.920	396.480	184.800	53.760	635.040	28.920	31.920	74.480	159.600	266.000	28.920		
28.930	376.320	176.400	48.720	601.440	28.930	41.800	82.080	171.760	295.640	28.930		
28.940	356.160	169.680	47.040	572.880	28.940	47.120	87.400	190.000	324.520	28.940		
28.950	334.320	159.600	43.680	537.600	28.950	56.780	93.520	202.070	352.370	28.950		
28.960	309.120	151.200	38.640	498.960	28.960	63.460	101.870	213.760	379.090	28.960		
28.970	287.280	139.440	33.600	460.320	28.970	71.810	108.550	227.120	407.480	28.970		
28.980	262.080	129.360	33.600	425.040	28.980	76.820	113.560	237.140	427.520	28.980		
28.990	238.560	120.960	28.560	388.080	28.990	83.500	121.910	248.830	454.240	28.990		
29.000	216.720	110.880	23.520	351.120	29.000	88.510	128.590	262.190	479.290	29.000		
29.010	191.520	102.480	21.840	315.840	29.010	93.520	136.940	278.890	509.350	29.010		
29.020	169.680	92.400	16.800	278.880	29.020	98.530	143.620	298.930	541.080	29.020		
29.030	151.200	82.320	11.760	245.280	29.030	101.870	151.970	317.300	571.140	29.030		
29.040	131.040	73.920	8.400	213.360	29.040	103.540	158.650	337.340	599.530	29.040		
29.050	115.920	67.200	3.360	186.480	29.050	108.550	167.000	354.040	629.590	29.050		
29.060	97.500	59.670	2.340	159.510	29.060	113.560	173.680	374.080	661.320	29.060		
29.070	84.630	52.260	0.000	136.890	29.070	118.570	182.030	392.450	693.050	29.070		
29.080	72.150	47.190	0.000	119.340	29.080	123.580	188.710	407.480	719.770	29.080		
29.090	62.400	42.120	0.000	104.520	29.090	131.930	198.730	417.500	748.160	29.090		
29.100	52.260	37.440	0.000	89.700	29.100	136.800	208.620	427.500	772.920	29.100		
29.110	42.120	32.370	0.000	74.490	29.110	147.060	218.880	427.500	793.440	29.110		
29.120	34.710	24.960	0.000	59.670	29.120	153.900	224.010	427.500	805.410	29.120		
29.130	27.300	17.160	0.000	44.460	29.130	162.450	230.850	424.080	817.380	29.130		
29.140	19.890	9.750	0.000	29.640	29.140	169.290	235.980	418.950	824.220	29.140		
29.150	14.820	7.410	0.000	22.230	29.150	174.420	239.400	413.820	827.640	29.150		
29.160	7.410	2.340	0.000	9.750	29.160	179.550	244.530	408.690	832.770	29.160		
29.170	7.410	2.340	0.000	9.750	29.170	186.390	246.240	403.560	836.190	29.170		
29.180	4.680	0.000	0.000	4.680	29.180	191.520	249.660	398.430	839.610	29.180		
29.190	4.680	0.000	0.000	4.680	29.190	198.360	254.790	391.590	844.740	29.190		
29.200	4.680	0.000	0.000	4.680	29.200	203.490	259.920	386.460	849.870	29.200		
29.210	7.480	0.000	0.000	7.480	29.210	208.620	259.920	379.620	848.160	29.210		
29.220	7.480	0.000	0.000	7.480	29.220	213.750	263.340	369.360	846.450	29.220		
29.230	5.000	0.000	0.000	5.000	29.230	222.300	263.340	359.100	844.740	29.230		
29.240	7.480	0.000	0.000	7.480	29.240	224.010	266.760	353.970	844.740	29.240		
29.250	7.480	0.000	0.000	7.480	29.250	229.350	266.880	347.500	843.730	29.250		
29.260	7.480	0.000	0.000	7.480	29.260	229.350	269.660	341.940	840.950	29.260		
29.270	7.480	0.000	0.000	7.480	29.270	232.130	269.660	336.380	838.170	29.270		
29.280	7.480	0.000	0.000	7.480	29.280	234.910	269.660	334.990	839.560	29.280		
29.290	10.000	0.000	0.000	10.000	29.290	234.910	269.660	329.430	834.000	29.290		
29.300	10.000	0.000	0.000	10.000	29.300	234.910	266.880	323.870	825.660	29.300		
29.310	10.000	0.000	0.000	10.000	29.310	234.910	266.880	322.480	824.270	29.310		
29.320	10.000	0.000	0.000	10.000	29.320	234.910	266.880	319.700	821.490	29.320		
29.330	10.000	0.000	0.000	10.000	29.330	232.130	264.100	322.480	818.710	29.330		
29.340	10.000	0.000	0.000	10.000	29.340	232.130	261.320	322.480	815.930	29.340		
29.350	10.000	0.000	0.000	10.000	29.350	229.350	261.320	322.480	813.150	29.350		
29.360	9.900	0.000	0.000	9.900	29.360	223.790	259.930	326.650	810.370	29.360		
29.370	12.150	0.000	0.000	12.150	29.370	222.400	257.150	329.430	808.980	29.370		
29.380	12.150	0.000	0.000	12.150	29.380	216.840	254.370	332.210	803.420	29.380		
29.390	12.150	0.000	0.000	12.150	29.390	214.060	254.370	336.380	804.810	29.390		
29.400	12.150	0.000	0.000	12.150	29.400	211.400	254.800	338.800	805.000	29.400		
29.410	12.150	0.000	0.000	12.150	29.410	210.000	254.800	341.600	806.400	29.410		
29.420	12.150	0.000	0.000	12.150	29.420	211.400	256.200	347.200	814.800	29.420		
29.430	12.150	0.000	0.000	12.150	29.430	210.000	256.200	347.200	813.400	29.430		
29.440	12.150	0.000	0.000	12.150	29.440	211.400	259.000	350.000	820.400	29.440		
29.450	12.150	2.250	0.000	14.400	29.450	214.200	261.800	350.000	826.000	29.450		
29.460	24.750	4.950	0.000	29.700	29.460	217.000	267.400	347.200	831.600	29.460		
29.470	62.100	12.150	0.000	74.250	29.470	221.200	268.800	341.600	831.600	29.470		
29.480	97.200	14.850	0.000	112.050	29.480	232.400	274.400	331.800	838.600	29.480		
29.490	112.500	17.100	0.000	129.600	29.490	239.400	274.400	316.400	830.200	29.490		
29.500	112.500	14.850	0.000	127.350	29.500	246.400	268.800	294.000	809.200	29.500		
29.510	106.480	16.940	0.000	123.420	29.510	256.200	264.600	268.800	789.600	29.510		
29.520	101.640	19.360	0.000	121.000	29.520	268.800	259.000	239.400	767.200	29.520		
29.530	96.800	21.780	2.420	121.000	29.530	281.400	252.000	211.400	744.800	29.530		
29.540	94.380	24.200	4.840	123.420	29.540	294.000	242.200	182.000	718.200	29.540		
29.550	96.800	26.620	7.260	130.680	29.550	311.040	226.800	149.040	686.880	29.550		
29.560	104.060	29.040	9.680	142.780	29.560	327.240	212.220	119.880	659.340	29.560		
29.570	119.790	31.460	14.520	165.770	29.570	338.580	189.540	92.340	620.460	29.570		
29.580	139.150	36.300	16.940	192.390	29.580	351.540	163.620	66.420	581.580	29.580		
29.590	159.720	44.770	21.780	226.270	29.590	369.360	136.080	48.600	554.040	29.590		
29.600	181.500	52.030	26.620	260.150	29.600	382.320	108.540	38.880	529.740	29.600		
29.610	206.910	59.290	31.460	297.660	29.610	396.900	84.240	34.020	515.160	29.610		
29.620	229.900	68.970	39.930	338.800	29.620	405.000	61.560	25.920	492.480	29.620		
29.630	251.680	84.700	47.190	383.570	29.630	405.000	43.740	19.440	468.180	29.630		
29.640	277.090	96.800	52.030	425.920	29.640	393.660	29.160	14.580	437.400	29.640		
29.650	302.500	111.320	59.290	473.110	29.650	374.220	16.200	6.480	396.900	29.650		
29.660	329.800	130.900	69.700	530.400	29.660	341.820	4.860	1.620	348.300	29.660		
29.670	351.900	151.300	76.500	579.700	29.670	301.320	0.000	0.000	301.320	29.670		
29.680	372.300	171.700	85.000	629.000	29.680	255.960	0.000	0.000	255.960	29.680		
29.690	389.300	188.700	93.500	671.500	29.690	208.980	0.000	0.000	208.980	29.690		
29.700	401.200	207.400	103.700	712.300	29.700	155.000	0.000	0.000	155.000	29.700		
29.710	414.800	224.400	112.200	751.400	29.710	117.180	0.000	0.000	117.180	29.710		
29.720	421.600	241.400	122.400	785.400	29.720	87.420	0.000	0.000	87.420	29.720		
29.730	425.000	256.700	130.900	812.600	29.730	66.960	0.000	2.480	69.440	29.730		
29.740	425.000	268.600	141.100	834.700	29.740	47.120	0.000	7.440	54.560	29.740		
29.750	416.500	282.200	149.600	848.300	29.750	32.240	0.000	7.440	39.680	29.750		
29.760	406.300	289.000	161.500	856.800	29.760	27.280	0.000	7.440	34.720	29.760		
29.770	389.300	294.100	166.600	850.000	29.770	22.320	0.000	2.480	24.800	29.770		
29.780	367.200	299.200	178.500	844.900	29.780	17.360	0.000	2.480	19.840	29.780		
29.790	346.800	300.900	188.700	836.400	29.790	14.880	0.000	4.960	19.840	29.790		
29.800	324.700	304.300	198.900	827.900	29.800	14.880	0.000	2.480	17.360	29.800		
29.810	298.920	306.870	209.880	815.670	29.810	12.400	0.000	2.480	14.880	29.810		
29.820	279.840	308.460	221.010	809.310	29.820	12.400	0.000	2.480	14.880	29.820		
29.830	262.350	308.460	232.140	802.950	29.830	9.920	0.000	0.000	9.920	29.830		
29.840	244.860	311.640	241.680	798.180	29.840	7.440	0.000	0.000	7.440	29.840		
29.850	227.370	311.640	251.220	790.230	29.850	7.500	0.000	0.000	7.500	29.850		
29.860	209.880	311.640	262.350	783.870	29.860	4.980	0.000	0.000	4.980	29.860		
29.870	192.390	314.820	271.890	779.100	29.870	2.490	0.000	0.000	2.490	29.870		
29.880	174.900	316.410	286.200	777.510	29.880	4.980	0.000	0.000	4.980	29.880		
29.890	157.410	319.590	302.100	779.100	29.890	2.490	0.000	0.000	2.490	29.890		
29.900	141.510	321.180	319.590	782.280	29.900	2.490	0.000	0.000	2.490	29.900		
29.910	128.790	321.180	329.130	779.100	29.910	2.490	0.000	0.000	2.490	29.910		
29.920	116.070	324.360	346.620	787.050	29.920	2.490	0.000	0.000	2.490	29.920		
29.930	101.760	324.360	360.930	787.050	29.930	2.490	0.000	0.000	2.490	29.930		
29.940	92.220	324.360	381.600	798.180	29.940	0.000	0.000	0.000	0.000	29.940		
29.950	81.090	325.950	397.500	804.540	29.950	0.000	0.000	0.000	0.000	29.950		
29.960	67.760	323.400	415.800	806.960	29.960	0.000	0.000	0.000	0.000	29.960		
29.970	61.600	323.400	437.360	822.360	29.970	0.000	0.000	0.000	0.000	29.970		
29.980	52.360	320.320	458.920	831.600	29.980	0.000	0.000	0.000	0.000	29.980		
29.990	46.200	317.240	477.400	840.840	29.990	0.000	0.000	0.000	0.000	29.990		
30.000	36.960	314.160	502.040	853.160	30.000	0.000	0.000	0.000	0.000	30.000		
30.010	33.880	304.920	523.600	862.400	30.010	0.000	0.000	0.000	0.000	30.010		
30.020	27.720	295.680	548.240	871.640	30.020	0.000	0.000	0.000	0.000	30.020		
30.030	21.560	286.440	569.800	877.800	30.030	0.000	0.000	0.000	0.000	30.030		
30.040	15.400	277.200	600.600	893.200	30.040	0.000	0.000	0.000	0.000	30.040		
30.050	12.320	264.880	625.240	902.440	30.050	0.000	0.000	0.000	0.000	30.050		
30.060	6.160	249.480	656.040	911.680	30.060	0.000	0.000	0.000	0.000	30.060		
30.070	3.080	237.160	686.840	927.080	30.070	0.000	0.000	0.000	0.000	30.070		
30.080	0.000	224.840	714.560	939.400	30.080	0.000	0.000	0.000	0.000	30.080		
30.090	0.000	209.440	742.280	951.720	30.090	0.000	0.000	0.000	0.000	30.090		
30.100	0.000	197.120	770.000	967.120	30.100	0.000	0.000	0.000	0.000	30.100		
30.110	0.000	176.500	794.250	970.750	30.110	0.000	0.000	0.000	0.000	30.110		
30.120	0.000	162.380	822.490	984.870	30.120	0.000	0.000	0.000	0.000	30.120		
30.130	0.000	148.260	843.670	991.930	30.130	0.000	4.930	24.940	29.870	30.130		
30.140	0.000	130.610	864.850	995.460	30.140	0.000	7.250	72.500	79.750	30.140		
30.150	0.000	116.490	878.970	995.460	30.150	0.000	10.650	129.930	140.580	30.150		
30.160	0.000	102.370	882.500	984.870	30.160	0.000	14.910	176.790	191.700	30.160		
30.170	0.000	84.720	882.500	967.220	30.170	4.260	17.040	232.170	253.470	30.170		
30.180	0.000	70.600	868.380	938.980	30.180	2.130	17.040	293.940	313.110	30.180		
30.190	0.000	56.480	847.200	903.680	30.190	6.390	21.300	353.580	381.270	30.190		
30.200	0.000	45.890	811.900	857.790	30.200	8.520	23.430	406.830	438.780	30.200		
30.210	0.000	31.770	769.540	801.310	30.210	14.910	31.950	453.690	500.550	30.210		
30.220	0.000	24.710	716.590	741.300	30.220	14.910	38.340	494.160	547.410	30.220		
30.230	0.000	14.120	645.990	660.110	30.230	19.170	51.120	515.460	585.750	30.230		
30.240	0.000	0.000	564.800	564.800	30.240	21.300	61.770	523.980	607.050	30.240		
30.250	0.000	0.000	469.490	469.490	30.250	23.430	66.030	519.720	609.180	30.250		
30.260	0.000	0.000	362.500	362.500	30.260	23.430	72.420	511.200	607.050	30.260		
30.270	0.000	0.000	262.450	262.450	30.270	29.820	76.680	509.070	615.570	30.270		
30.280	0.000	0.000	181.250	181.250	30.280	31.950	87.330	515.460	634.740	30.280		
30.290	0.000	0.000	118.900	118.900	30.290	36.210	97.980	532.500	666.690	30.290		
30.300	0.000	0.000	76.850	76.850	30.300	44.030	111.370	554.260	709.660	30.300		
30.310	0.000	0.000	44.950	44.950	30.310	51.800	124.320	574.980	751.100	30.310		
30.320	0.000	0.000	26.100	26.100	30.320	56.980	134.680	593.110	784.770	30.320		
30.330	0.000	0.000	21.750	21.750	30.330	62.160	142.450	611.240	815.850	30.330		
30.340	0.000	0.000	17.400	17.400	30.340	64.750	147.630	626.780	839.160	30.340		
30.350	0.000	0.000	14.500	14.500	30.350	69.930	152.810	637.140	859.880	30.350		
30.360	0.000	0.000	14.500	14.500	30.360	69.930	157.990	642.320	870.240	30.360		
30.370	0.000	0.000	11.600	11.600	30.370	69.930	160.580	644.910	875.420	30.370		
30.380	0.000	0.000	11.600	11.600	30.380	69.930	163.170	647.500	880.600	30.380		
30.390	0.000	0.000	8.700	8.700	30.390	72.520	163.170	647.500	883.190	30.390		
30.400	0.000	0.000	8.700	8.700	30.400	72.520	168.350	644.910	885.780	30.400		
30.410	0.000	0.000	10.000	10.000	30.410	72.520	165.760	639.730	878.010	30.410		
30.420	0.000	0.000	7.480	7.480	30.420	72.520	168.350	631.960	872.830	30.420		
30.430	0.000	0.000	5.000	5.000	30.430	69.930	165.760	624.190	859.880	30.430		
30.440	0.000	0.000	5.000	5.000	30.440	69.930	163.170	613.830	846.930	30.440		
30.450	0.000	0.000	5.000	5.000	30.450	65.340	162.140	605.000	832.480	30.450		
30.460	0.000	0.000	5.000	5.000	30.460	65.340	164.560	592.900	822.800	30.460		
30.470	0.000	0.000	5.000	5.000	30.470	65.340	164.560	580.800	810.700	30.470		
30.480	0.000	0.000	2.480	2.480	30.480	67.760	166.980	571.120	805.860	30.480		
30.490	0.000	0.000	5.000	5.000	30.490	67.760	169.400	559.020	796.180	30.490		
30.500	0.000	0.000	2.480	2.480	30.500	72.600	174.240	546.920	793.760	30.500		
30.510	0.000	0.000	2.480	2.480	30.510	77.440	179.080	534.820	791.340	30.510		
30.520	0.000	0.000	2.480	2.480	30.520	82.280	183.920	520.300	786.500	30.520		
30.530	0.000	0.000	0.000	0.000	30.530	89.540	191.180	508.200	788.920	30.530		
30.540	0.000	0.000	0.000	0.000	30.540	94.380	198.440	498.520	791.340	30.540		
30.550	0.000	0.000	0.000	0.000	30.550	104.060	205.700	486.420	796.180	30.550		
30.560	0.000	0.000	0.000	0.000	30.560	111.320	215.380	474.320	801.020	30.560		
30.570	0.000	0.000	0.000	0.000	30.570	123.420	229.900	454.960	808.280	30.570		
30.580	0.000	0.000	0.000	0.000	30.580	135.520	244.420	433.180	813.120	30.580		
30.590	0.000	0.000	0.000	0.000	30.590	147.620	251.680	411.400	810.700	30.590		
30.600	0.000	0.000	0.000	0.000	30.600	161.680	264.880	388.720	815.280	30.600		
30.610	0.000	0.000	0.000	0.000	30.610	172.000	273.480	369.800	815.280	30.610		
30.620	0.000	0.000	0.000	0.000	30.620	184.040	283.800	347.440	815.280	30.620		
30.630	0.000	0.000	0.000	0.000	30.630	196.080	294.120	326.800	817.000	30.630		
30.640	0.000	0.000	0.000	0.000	30.640	206.400	304.440	306.160	817.000	30.640		
30.650	0.000	0.000	0.000	0.000	30.650	218.440	314.760	287.240	820.440	30.650		
30.660	0.000	0.000	0.000	0.000	30.660	233.920	323.360	266.600	823.880	30.660		
30.670	0.000	0.000	0.000	0.000	30.670	249.400	337.120	244.240	830.760	30.670		
30.680	0.000	0.000	0.000	0.000	30.680	268.320	349.160	216.720	834.200	30.680		
30.690	0.000	0.000	0.000	0.000	30.690	295.840	364.640	187.480	847.960	30.690		
30.700	0.000	0.000	0.000	0.000	30.700	319.920	371.520	159.960	851.400	30.700		
30.710	0.000	0.000	0.000	0.000	30.710	344.000	378.400	129.000	851.400	30.710		
30.720	0.000	0.000	0.000	0.000	30.720	371.520	378.400	101.480	851.400	30.720		
30.730	0.000	0.000	0.000	0.000	30.730	399.040	378.400	79.120	856.560	30.730		
30.740	0.000	0.000	0.000	0.000	30.740	430.000	374.960	63.640	868.600	30.740		
30.750	0.000	0.000	2.000	2.000	30.750	461.120	364.180	44.540	869.840	30.750		
30.760	2.000	0.000	0.000	2.000	30.760	489.940	351.080	31.440	872.460	30.760		
30.770	30.000	2.000	0.000	32.000	30.770	521.380	335.360	18.340	875.080	30.770		
30.780	76.000	6.000	0.000	82.000	30.780	547.580	317.020	5.240	869.840	30.780		
30.790	140.000	12.000	0.000	152.000	30.790	576.400	290.820	0.000	867.220	30.790		
30.800	202.000	14.000	2.000	218.000	30.800	599.980	267.240	0.000	867.220	30.800		
30.810	264.000	22.000	4.000	290.000	30.810	620.940	230.560	0.000	851.500	30.810		
30.820	332.000	26.000	6.000	364.000	30.820	639.280	201.740	0.000	841.020	30.820		
30.830	404.000	36.000	14.000	454.000	30.830	649.760	172.920	0.000	822.680	30.830		
30.840	462.000	54.000	20.000	536.000	30.840	655.000	149.340	0.000	804.340	30.840		
30.850	500.000	80.000	24.000	604.000	30.850	649.760	128.380	0.000	778.140	30.850		
30.860	503.800	101.200	30.800	635.800	30.860	631.420	107.420	0.000	738.840	30.860		
30.870	486.200	110.000	37.400	633.600	30.870	599.980	91.700	0.000	691.680	30.870		
30.880	464.200	118.800	41.800	624.800	30.880	550.200	73.360	0.000	623.560	30.880		
30.890	462.000	129.800	55.000	646.800	30.890	482.080	55.020	0.000	537.100	30.890		
30.900	470.800	143.000	66.000	679.800	30.900	382.500	39.780	0.000	422.280	30.900		
30.910	488.400	158.400	74.800	721.600	30.910	272.340	24.480	0.000	296.820	30.910		
30.920	508.200	171.600	81.400	761.200	30.920	186.660	12.240	0.000	198.900	30.920		
30.930	528.000	187.000	88.000	803.000	30.930	123.930	4.590	0.000	128.520	30.930		
30.940	541.200	198.000	94.600	833.800	30.940	76.500	0.000	0.000	76.500	30.940		
30.950	550.000	209.000	101.200	860.200	30.950	39.780	0.000	0.000	39.780	30.950		
30.960	550.000	220.000	103.400	873.400	30.960	19.890	0.000	0.000	19.890	30.960		
30.970	543.400	226.600	110.000	880.000	30.970	16.830	0.000	0.000	16.830	30.970		
30.980	532.400	231.000	114.400	877.800	30.980	13.770	0.000	0.000	13.770	30.980		
30.990	517.000	235.400	121.000	873.400	30.990	12.240	0.000	0.000	12.240	30.990		
31.000	501.600	235.400	123.200	860.200	31.000	9.180	0.000	0.000	9.180	31.000		
31.010	485.000	238.620	129.980	853.600	31.010	9.180	0.000	0.000	9.180	31.010		
31.020	465.600	238.620	131.920	836.140	31.020	9.180	0.000	0.000	9.180	31.020		
31.030	452.020	238.620	133.860	824.500	31.030	6.120	0.000	0.000	6.120	31.030		
31.040	434.560	238.620	139.680	812.860	31.040	4.590	0.000	0.000	4.590	31.040		
31.050	413.220	238.620	141.620	793.460	31.050	5.000	0.000	0.000	5.000	31.050		
31.060	393.820	236.680	143.560	774.060	31.060	5.000	0.000	0.000	5.000	31.060		
31.070	372.480	236.680	149.380	758.540	31.070	5.000	0.000	0.000	5.000	31.070		
31.080	351.140	234.740	153.260	739.140	31.080	5.000	0.000	0.000	5.000	31.080		
31.090	329.800	230.860	159.080	719.740	31.090	2.500	0.000	0.000	2.500	31.090		
31.100	306.520	234.740	164.900	706.160	31.100	5.000	0.000	0.000	5.000	31.100		
31.110	289.060	234.740	170.720	694.520	31.110	2.500	0.000	0.000	2.500	31.110		
31.120	271.600	234.740	174.600	680.940	31.120	2.500	0.000	0.000	2.500	31.120		
31.130	259.960	236.680	182.360	679.000	31.130	2.500	0.000	0.000	2.500	31.130		
31.140	246.380	238.620	188.180	673.180	31.140	2.500	0.000	0.000	2.500	31.140		
31.150	236.680	242.500	194.000	673.180	31.150	2.500	0.000	0.000	2.500	31.150		
31.160	224.200	248.900	207.100	680.200	31.160	2.500	0.000	0.000	2.500	31.160		
31.170	216.600	256.500	216.600	689.700	31.170	2.500	0.000	0.000	2.500	31.170		
31.180	209.000	264.100	226.100	699.200	31.180	0.000	0.000	0.000	0.000	31.180		
31.190	201.400	271.700	239.400	712.500	31.190	2.500	0.000	0.000	2.500	31.190		
31.200	193.800	281.200	248.900	723.900	31.200	0.000	0.000	0.000	0.000	31.200		
31.210	186.200	288.800	262.200	737.200	31.210	0.000	0.000	0.000	0.000	31.210		
31.220	176.700	302.100	279.300	758.100	31.220	0.000	0.000	0.000	0.000	31.220		
31.230	167.200	311.600	296.400	775.200	31.230	0.000	0.000	0.000	0.000	31.230		
31.240	155.800	324.900	313.500	794.200	31.240	0.000	0.000	0.000	0.000	31.240		
31.250	146.300	336.300	336.300	818.900	31.250	0.000	0.000	0.000	0.000	31.250		
31.260	136.800	345.800	359.100	841.700	31.260	0.000	0.000	0.000	0.000	31.260		
31.270	123.500	359.100	385.700	868.300	31.270	0.000	0.000	0.000	0.000	31.270		
31.280	114.000	368.600	412.300	894.900	31.280	0.000	0.000	0.000	0.000	31.280		
31.290	98.800	372.400	440.800	912.000	31.290	0.000	0.000	0.000	0.000	31.290		
31.300	83.600	372.400	475.000	931.000	31.300	0.000	0.000	0.000	0.000	31.300		
31.310	62.400	361.920	511.680	936.000	31.310	0.000	0.000	0.000	0.000	31.310		
31.320	49.920	349.440	546.000	945.360	31.320	0.000	0.000	0.000	0.000	31.320		
31.330	37.440	330.720	583.440	951.600	31.330	0.000	0.000	0.000	0.000	31.330		
31.340	24.960	308.880	617.760	951.600	31.340	0.000	0.000	0.000	0.000	31.340		
31.350	18.720	283.920	655.200	957.840	31.350	0.000	0.000	0.000	0.000	31.350		
31.360	9.360	255.840	689.520	954.720	31.360	0.000	4.020	22.110	26.130	31.360		
31.370	0.000	224.640	723.840	948.480	31.370	0.000	8.040	68.340	76.380	31.370		
31.380	0.000	193.440	751.920	945.360	31.380	0.000	12.060	110.550	122.610	31.380		
31.390	0.000	165.360	767.520	932.880	31.390	0.000	14.070	150.750	164.820	31.390		
31.400	0.000	146.640	776.880	923.520	31.400	2.010	16.080	213.060	231.150	31.400		
31.410	0.000	124.800	780.000	904.800	31.410	4.020	22.110	287.430	313.560	31.410		
31.420	0.000	106.080	767.520	873.600	31.420	12.060	32.160	359.790	404.010	31.420		
31.430	0.000	87.360	745.680	833.040	31.430	18.090	46.230	428.130	492.450	31.430		
31.440	0.000	74.880	702.000	776.880	31.440	32.160	84.420	482.400	598.980	31.440		
31.450	0.000	59.280	655.200	714.480	31.450	46.230	106.530	502.500	655.260	31.450		
31.460	0.000	42.300	587.500	629.800	31.460	54.270	108.540	482.400	645.210	31.460		
31.470	0.000	25.850	498.200	524.050	31.470	64.320	108.540	438.180	611.040	31.470		
31.480	0.000	11.750	404.200	415.950	31.480	76.380	114.570	414.060	605.010	31.480		
31.490	0.000	2.350	303.150	305.500	31.490	88.440	120.600	414.060	623.100	31.490		
31.500	0.000	0.000	211.500	211.500	31.500	100.580	136.960	432.280	669.820	31.500		
31.510	0.000	0.000	136.300	136.300	31.510	109.140	151.940	453.680	714.760	31.510		
31.520	0.000	0.000	84.600	84.600	31.520	115.560	164.780	479.360	759.700	31.520		
31.530	0.000	0.000	47.000	47.000	31.530	124.120	179.760	502.900	806.780	31.530		
31.540	0.000	0.000	28.200	28.200	31.540	128.400	194.740	522.160	845.300	31.540		
31.550	0.000	0.000	21.150	21.150	31.550	134.820	205.440	530.720	870.980	31.550		
31.560	0.000	0.000	16.450	16.450	31.560	141.240	218.280	535.000	894.520	31.560		
31.570	0.000	0.000	16.450	16.450	31.570	145.520	228.980	530.720	905.220	31.570		
31.580	0.000	0.000	14.100	14.100	31.580	151.940	231.120	517.880	900.940	31.580		
31.590	0.000	0.000	14.100	14.100	31.590	154.080	235.400	502.900	892.380	31.590		
31.600	0.000	0.000	11.750	11.750	31.600	158.360	239.680	483.640	881.680	31.600		
31.610	0.000	0.000	10.000	10.000	31.610	166.920	241.820	462.240	870.980	31.610		
31.620	0.000	0.000	10.000	10.000	31.620	171.200	243.960	436.560	851.720	31.620		
31.630	0.000	0.000	10.000	10.000	31.630	179.760	243.960	413.020	836.740	31.630		
31.640	0.000	0.000	7.480	7.480	31.640	186.180	243.960	389.480	819.620	31.640		
31.650	0.000	0.000	10.000	10.000	31.650	194.300	243.600	362.500	800.400	31.650		
31.660	0.000	0.000	10.000	10.000	31.660	198.650	242.150	342.200	783.000	31.660		
31.670	0.000	0.000	7.480	7.480	31.670	207.350	242.150	319.000	768.500	31.670		
31.680	0.000	0.000	7.480	7.480	31.680	214.600	239.250	297.250	751.100	31.680		
31.690	0.000	0.000	5.000	5.000	31.690	218.950	236.350	274.050	729.350	31.690		
31.700	0.000	0.000	5.000	5.000	31.700	226.200	236.350	253.750	716.300	31.700		
31.710	0.000	0.000	7.480	7.480	31.710	236.350	236.350	234.900	707.600	31.710		
31.720	0.000	0.000	5.000	5.000	31.720	246.500	234.900	211.700	693.100	31.720		
31.730	0.000	0.000	5.000	5.000	31.730	259.550	234.900	191.400	685.850	31.730		
31.740	0.000	0.000	5.000	5.000	31.740	271.150	234.900	176.900	682.950	31.740		
31.750	0.000	0.000	2.480	2.480	31.750	284.200	234.900	159.500	678.600	31.750		
31.760	0.000	0.000	2.500	2.500	31.760	297.250	234.900	146.450	678.600	31.760		
31.770	0.000	0.000	0.000	0.000	31.770	314.650	236.350	134.850	685.850	31.770		
31.780	0.000	0.000	2.500	2.500	31.780	329.150	236.350	121.800	687.300	31.780		
31.790	0.000	0.000	2.500	2.500	31.790	346.550	239.250	111.650	697.450	31.790		
31.800	0.000	0.000	2.500	2.500	31.800	369.000	240.000	99.000	708.000	31.800		
31.810	0.000	0.000	0.000	0.000	31.810	390.000	243.000	90.000	723.000	31.810		
31.820	0.000	0.000	0.000	0.000	31.820	411.000	243.000	78.000	732.000	31.820		
31.830	0.000	0.000	0.000	0.000	31.830	435.000	246.000	72.000	753.000	31.830		
31.840	0.000	0.000	0.000	0.000	31.840	459.000	243.000	60.000	762.000	31.840		
31.850	0.000	0.000	0.000	0.000	31.850	483.000	243.000	54.000	780.000	31.850		
31.860	0.000	0.000	0.000	0.000	31.860	510.000	240.000	45.000	795.000	31.860		
31.870	0.000	0.000	0.000	0.000	31.870	540.000	240.000	42.000	822.000	31.870		
31.880	0.000	0.000	0.000	0.000	31.880	570.000	234.000	36.000	840.000	31.880		
31.890	0.000	0.000	0.000	0.000	31.890	603.000	225.000	30.000	858.000	31.890		
31.900	0.000	2.500	0.000	2.500	31.900	636.000	210.000	24.000	870.000	31.900		
31.910	0.000	1.930	0.000	1.930	31.910	666.000	195.000	15.000	876.000	31.910		
31.920	0.000	1.930	0.000	1.930	31.920	696.000	180.000	9.000	885.000	31.920		
31.930	0.000	1.930	1.930	3.860	31.930	723.000	165.000	6.000	894.000	31.930		
31.940	0.000	1.930	1.930	3.860	31.940	750.000	150.000	3.000	903.000	31.940		
31.950	1.930	1.930	0.000	3.860	31.950	776.440	128.310	0.000	904.750	31.950		
31.960	36.670	5.790	0.000	42.460	31.960	792.890	111.860	0.000	904.750	31.960		
31.970	86.850	13.510	0.000	100.360	31.970	809.340	98.700	0.000	908.040	31.970		
31.980	138.960	13.510	0.000	152.470	31.980	819.210	85.540	0.000	904.750	31.980		
31.990	189.140	19.300	1.930	210.370	31.990	822.500	75.670	0.000	898.170	31.990		
32.000	243.180	21.230	3.860	268.270	32.000	815.920	62.510	0.000	878.430	32.000		
32.010	308.800	28.950	9.650	347.400	32.010	802.760	52.640	0.000	855.400	32.010		
32.020	364.770	38.600	13.510	416.880	32.020	783.020	42.770	0.000	825.790	32.020		
32.030	416.880	54.040	19.300	490.220	32.030	753.410	32.900	0.000	786.310	32.030		
32.040	459.340	77.200	23.160	559.700	32.040	717.220	26.320	0.000	743.540	32.040		
32.050	482.500	113.870	38.600	634.970	32.050	664.580	19.740	0.000	684.320	32.050		
32.060	477.120	132.060	51.120	660.300	32.060	598.780	9.870	0.000	608.650	32.060		
32.070	470.730	146.970	66.030	683.730	32.070	516.530	0.000	0.000	516.530	32.070		
32.080	479.250	164.010	83.070	726.330	32.080	417.830	0.000	0.000	417.830	32.080		
32.090	492.030	183.180	97.980	773.190	32.090	315.840	0.000	0.000	315.840	32.090		
32.100	506.940	208.740	112.890	828.570	32.100	207.500	0.000	0.000	207.500	32.100		
32.110	519.720	227.910	125.670	873.300	32.110	122.010	0.000	0.000	122.010	32.110		
32.120	528.240	249.210	136.320	913.770	32.120	64.740	0.000	0.000	64.740	32.120		
32.130	532.500	268.380	149.100	949.980	32.130	32.370	0.000	0.000	32.370	32.130		
32.140	528.240	289.680	159.750	977.670	32.140	22.410	0.000	0.000	22.410	32.140		
32.150	519.720	302.460	170.400	992.580	32.150	19.920	0.000	0.000	19.920	32.150		
32.160	504.810	310.980	181.050	996.840	32.160	17.430	0.000	2.490	19.920	32.160		
32.170	483.510	313.110	189.570	986.190	32.170	17.430	0.000	2.490	19.920	32.170		
32.180	457.950	317.370	195.960	971.280	32.180	14.940	0.000	0.000	14.940	32.180		
32.190	432.390	310.980	202.350	945.720	32.190	12.450	0.000	0.000	12.450	32.190		
32.200	404.700	306.720	208.740	920.160	32.200	12.450	0.000	0.000	12.450	32.200		
32.210	375.000	300.000	214.500	889.500	32.210	9.960	0.000	0.000	9.960	32.210		
32.220	345.000	289.500	217.500	852.000	32.220	9.960	0.000	0.000	9.960	32.220		
32.230	316.500	282.000	222.000	820.500	32.230	9.960	0.000	0.000	9.960	32.230		
32.240	292.500	271.500	225.000	789.000	32.240	7.470	0.000	0.000	7.470	32.240		
32.250	267.000	262.500	232.500	762.000	32.250	7.480	0.000	0.000	7.480	32.250		
32.260	247.500	255.000	237.000	739.500	32.260	7.480	0.000	0.000	7.480	32.260		
32.270	225.000	247.500	240.000	712.500	32.270	10.000	0.000	0.000	10.000	32.270		
32.280	207.000	240.000	247.500	694.500	32.280	7.480	0.000	0.000	7.480	32.280		
32.290	192.000	237.000	252.000	681.000	32.290	7.480	0.000	0.000	7.480	32.290		
32.300	177.000	229.500	256.500	663.000	32.300	7.480	0.000	0.000	7.480	32.300		
32.310	165.000	226.500	264.000	655.500	32.310	7.480	0.000	0.000	7.480	32.310		
32.320	154.500	226.500	274.500	655.500	32.320	7.480	0.000	0.000	7.480	32.320		
32.330	147.000	229.500	285.000	661.500	32.330	5.000	0.000	0.000	5.000	32.330		
32.340	139.500	232.500	294.000	666.000	32.340	7.480	0.000	0.000	7.480	32.340		
32.350	132.000	234.000	304.500	670.500	32.350	5.000	0.000	0.000	5.000	32.350		
32.360	127.500	239.700	318.750	685.950	32.360	5.000	0.000	0.000	5.000	32.360		
32.370	119.850	244.800	331.500	696.150	32.370	5.000	0.000	0.000	5.000	32.370		
32.380	117.300	249.900	349.350	716.550	32.380	5.000	0.000	0.000	5.000	32.380		
32.390	112.200	255.000	364.650	731.850	32.390	5.000	0.000	0.000	5.000	32.390		
32.400	107.100	260.100	379.950	747.150	32.400	4.860	0.000	0.000	4.860	32.400		
32.410	102.000	267.750	400.350	770.100	32.410	2.430	0.000	0.000	2.430	32.410		
32.420	94.350	272.850	418.200	785.400	32.420	2.430	0.000	0.000	2.430	32.420		
32.430	89.250	280.500	441.150	810.900	32.430	0.000	0.000	0.000	0.000	32.430		
32.440	84.150	288.150	471.750	844.050	32.440	2.430	0.000	0.000	2.430	32.440		
32.450	76.500	290.700	497.250	864.450	32.450	2.430	0.000	0.000	2.430	32.450		
32.460	68.850	290.700	520.200	879.750	32.460	2.430	0.000	0.000	2.430	32.460		
32.470	61.200	288.150	545.700	895.050	32.470	2.430	0.000	0.000	2.430	32.470		
32.480	51.000	275.400	576.300	902.700	32.480	2.430	0.000	0.000	2.430	32.480		
32.490	43.350	260.100	606.900	910.350	32.490	2.430	2.430	0.000	4.860	32.490		
32.500	35.700	244.800	637.500	918.000	32.500	2.430	4.860	0.000	7.290	32.500		
32.510	26.000	227.500	669.500	923.000	32.510	2.430	2.430	0.000	4.860	32.510		
32.520	19.500	198.250	705.250	923.000	32.520	2.430	0.000	0.000	2.430	32.520		
32.530	13.000	178.750	741.000	932.750	32.530	0.000	2.430	9.990	12.420	32.530		
32.540	9.750	156.000	767.000	932.750	32.540	0.000	4.860	67.500	72.360	32.540		
32.550	6.500	130.000	789.750	926.250	32.550	0.000	11.280	131.600	142.880	32.550		
32.560	6.500	110.500	806.000	923.000	32.560	0.000	11.280	167.320	178.600	32.560		
32.570	3.250	91.000	812.500	906.750	32.570	0.000	11.280	208.680	219.960	32.570		
32.580	0.000	78.000	806.000	884.000	32.580	1.880	13.160	278.240	293.280	32.580		
32.590	0.000	65.000	789.750	854.750	32.590	5.640	18.800	349.680	374.120	32.590		
32.600	0.000	52.000	767.000	819.000	32.600	11.280	26.320	394.800	432.400	32.600		
32.610	0.000	42.250	731.250	773.500	32.610	18.800	41.360	421.120	481.280	32.610		
32.620	0.000	32.500	685.750	718.250	32.620	39.480	77.080	439.920	556.480	32.620		
32.630	0.000	19.500	630.500	650.000	32.630	62.040	92.120	443.680	597.840	32.630		
32.640	0.000	9.750	562.250	572.000	32.640	78.960	101.520	417.360	597.840	32.640		
32.650	0.000	0.000	481.000	481.000	32.650	103.400	116.560	394.800	614.760	32.650		
32.660	0.000	0.000	385.000	385.000	32.660	124.080	137.240	402.320	663.640	32.660		
32.670	0.000	0.000	291.060	291.060	32.670	141.000	159.800	419.240	720.040	32.670		
32.680	0.000	0.000	201.740	201.740	32.680	159.800	182.360	443.680	785.840	32.680		
32.690	0.000	0.000	129.360	129.360	32.690	171.080	204.920	470.000	846.000	32.690		
32.700	0.000	0.000	78.540	78.540	32.700	181.280	226.600	494.400	902.280	32.700		
32.710	0.000	0.000	41.580	41.580	32.710	189.520	241.020	506.760	937.300	32.710		
32.720	0.000	0.000	32.340	32.340	32.720	199.820	253.380	515.000	968.200	32.720		
32.730	0.000	0.000	26.180	26.180	32.730	206.000	263.680	510.880	980.560	32.730		
32.740	1.540	0.000	21.560	23.100	32.740	212.180	271.920	504.700	988.800	32.740		
32.750	1.540	0.000	21.560	23.100	32.750	218.360	276.040	486.160	980.560	32.750		
32.760	1.540	0.000	16.940	18.480	32.760	226.600	278.100	465.560	970.260	32.760		
32.770	0.000	0.000	18.480	18.480	32.770	234.840	278.100	436.720	949.660	32.770		
32.780	0.000	0.000	16.940	16.940	32.780	241.020	276.040	405.820	922.880	32.780		
32.790	0.000	0.000	13.860	13.860	32.790	247.200	276.040	379.040	902.280	32.790		
32.800	0.000	0.000	13.860	13.860	32.800	251.320	271.920	356.380	879.620	32.800		
32.810	0.000	0.000	12.500	12.500	32.810	257.500	269.860	331.660	859.020	32.810		
32.820	0.000	0.000	10.000	10.000	32.820	261.620	263.680	309.000	834.300	32.820		
32.830	0.000	0.000	12.500	12.500	32.830	265.740	259.560	284.280	809.580	32.830		
32.840	0.000	0.000	10.000	10.000	32.840	269.860	253.380	261.620	784.860	32.840		
32.850	0.000	0.000	10.000	10.000	32.850	274.400	246.400	239.400	760.200	32.850		
32.860	0.000	0.000	10.000	10.000	32.860	277.200	242.200	217.000	736.400	32.860		
32.870	0.000	0.000	10.000	10.000	32.870	280.000	233.800	198.800	712.600	32.870		
32.880	0.000	0.000	10.000	10.000	32.880	284.200	229.600	182.000	695.800	32.880		
32.890	0.000	0.000	10.000	10.000	32.890	287.000	226.800	172.200	686.000	32.890		
32.900	0.000	0.000	10.000	10.000	32.900	289.800	226.800	162.400	679.000	32.900		
32.910	0.000	0.000	10.000	10.000	32.910	294.000	226.800	151.200	672.000	32.910		
32.920	0.000	0.000	7.500	7.500	32.920	299.600	226.800	147.000	673.400	32.920		
32.930	0.000	0.000	7.500	7.500	32.930	303.800	229.600	140.000	673.400	32.930		
32.940	0.000	0.000	7.500	7.500	32.940	312.200	232.400	134.400	679.000	32.940		
32.950	0.000	0.000	5.000	5.000	32.950	316.400	233.800	131.600	681.800	32.950		
32.960	0.000	0.000	7.500	7.500	32.960	324.800	242.200	128.800	695.800	32.960		
32.970	0.000	0.000	4.980	4.980	32.970	331.800	246.400	127.400	705.600	32.970		
32.980	0.000	0.000	2.490	2.490	32.980	341.600	254.800	124.600	721.000	32.980		
32.990	0.000	0.000	2.490	2.490	32.990	350.000	259.000	124.600	733.600	32.990		
33.000	0.000	0.000	2.490	2.490	33.000	361.120	265.960	119.560	746.640	33.000		
33.010	0.000	0.000	4.980	4.980	33.010	373.320	270.840	114.680	758.840	33.010		
33.020	0.000	0.000	2.490	2.490	33.020	385.520	280.600	114.680	780.800	33.020		
33.030	0.000	0.000	0.000	0.000	33.030	397.720	285.480	109.800	793.000	33.030		
33.040	0.000	0.000	0.000	0.000	33.040	414.800	292.800	104.920	812.520	33.040		
33.050	0.000	0.000	0.000	0.000	33.050	427.000	300.120	97.600	824.720	33.050		
33.060	0.000	0.000	0.000	0.000	33.060	441.640	307.440	92.720	841.800	33.060		
33.070	0.000	0.000	2.490	2.490	33.070	456.280	312.320	85.400	854.000	33.070		
33.080	0.000	0.000	2.490	2.490	33.080	473.360	312.320	78.080	863.760	33.080		
33.090	0.000	0.000	0.000	0.000	33.090	490.440	312.320	68.320	871.080	33.090		
33.100	0.000	0.000	0.000	0.000	33.100	514.840	307.440	58.560	880.840	33.100		
33.110	0.000	1.730	0.000	1.730	33.110	536.800	295.240	51.240	883.280	33.110		
33.120	0.000	0.000	1.730	1.730	33.120	558.760	283.040	41.480	883.280	33.120		
33.130	0.000	1.730	0.000	1.730	33.130	583.160	268.400	34.160	885.720	33.130		
33.140	0.000	1.730	0.000	1.730	33.140	610.000	248.880	26.840	885.720	33.140		
33.150	24.220	6.920	0.000	31.140	33.150	637.320	225.600	16.920	879.840	33.150		
33.160	57.090	12.110	0.000	69.200	33.160	662.700	200.220	8.460	871.380	33.160		
33.170	103.800	13.840	0.000	117.640	33.170	682.440	177.660	2.820	862.920	33.170		
33.180	152.240	17.300	0.000	169.540	33.180	696.540	155.100	0.000	851.640	33.180		
33.190	193.760	19.030	1.730	214.520	33.190	705.000	135.360	0.000	840.360	33.190		
33.200	238.740	22.490	3.460	264.690	33.200	705.000	115.620	0.000	820.620	33.200		
33.210	287.180	25.950	8.650	321.780	33.210	702.180	101.520	0.000	803.700	33.210		
33.220	349.460	39.790	12.110	401.360	33.220	690.900	84.600	0.000	775.500	33.220		
33.230	399.630	62.280	19.030	480.940	33.230	671.160	73.320	0.000	744.480	33.230		
33.240	427.310	91.690	29.410	548.410	33.240	642.960	62.040	0.000	705.000	33.240		
33.250	432.500	114.180	39.790	586.470	33.250	609.120	47.940	0.000	657.060	33.250		
33.260	424.270	127.490	56.430	608.190	33.260	564.000	39.480	0.000	603.480	33.260		
33.270	426.360	144.210	73.150	643.720	33.270	496.320	28.200	0.000	524.520	33.270		
33.280	438.900	163.020	89.870	691.790	33.280	411.720	14.100	0.000	425.820	33.280		
33.290	455.620	183.920	104.500	744.040	33.290	329.940	5.640	0.000	335.580	33.290		
33.300	476.520	206.910	119.130	802.560	33.300	230.000	0.000	0.000	230.000	33.300		
33.310	497.420	229.900	129.580	856.900	33.310	154.560	0.000	0.000	154.560	33.310		
33.320	509.960	248.710	142.120	900.790	33.320	96.600	0.000	0.000	96.600	33.320		
33.330	516.230	269.610	154.660	940.500	33.330	54.280	0.000	0.000	54.280	33.330		
33.340	522.500	288.420	167.200	978.120	33.340	26.680	0.000	0.000	26.680	33.340		
33.350	522.500	303.050	175.560	1001.110	33.350	17.480	0.000	0.000	17.480	33.350		
33.360	514.140	311.410	183.920	1009.470	33.360	11.960	0.000	0.000	11.960	33.360		
33.370	503.690	315.590	188.100	1007.380	33.370	9.200	0.000	0.000	9.200	33.370		
33.380	489.060	319.770	196.460	1005.290	33.380	9.200	0.000	1.840	11.040	33.380		
33.390	474.430	319.770	198.550	992.750	33.390	7.360	0.000	1.840	9.200	33.390		
33.400	455.620	315.590	200.640	971.850	33.400	7.360	0.000	0.000	7.360	33.400		
33.410	440.000	313.280	202.400	955.680	33.410	4.600	0.000	0.000	4.600	33.410		
33.420	418.880	311.520	202.400	932.800	33.420	1.840	0.000	0.000	1.840	33.420		
33.430	394.240	304.480	202.400	901.120	33.430	1.840	0.000	0.000	1.840	33.430		
33.440	371.360	299.200	202.400	872.960	33.440	1.840	0.000	0.000	1.840	33.440		
33.450	346.720	292.160	202.400	841.280	33.450	2.500	0.000	0.000	2.500	33.450		
33.460	318.560	286.880	202.400	807.840	33.460	0.000	0.000	0.000	0.000	33.460		
33.470	297.440	281.600	204.160	783.200	33.470	0.000	0.000	0.000	0.000	33.470		
33.480	274.560	279.840	202.400	756.800	33.480	0.000	0.000	0.000	0.000	33.480		
33.490	256.960	276.320	204.160	737.440	33.490	0.000	0.000	0.000	0.000	33.490		
33.500	241.120	279.840	209.440	730.400	33.500	0.000	0.000	0.000	0.000	33.500		
33.510	228.800	276.320	205.920	711.040	33.510	0.000	0.000	0.000	0.000	33.510		
33.520	220.000	279.840	211.200	711.040	33.520	0.000	0.000	0.000	0.000	33.520		
33.530	211.200	281.600	216.480	709.280	33.530	0.000	0.000	0.000	0.000	33.530		
33.540	204.160	288.640	220.000	712.800	33.540	0.000	0.000	0.000	0.000	33.540		
33.550	198.880	292.160	227.040	718.080	33.550	0.000	0.000	0.000	0.000	33.550		
33.560	194.220	298.800	232.400	725.420	33.560	0.000	0.000	0.000	0.000	33.560		
33.570	189.240	308.760	239.040	737.040	33.570	0.000	0.000	0.000	0.000	33.570		
33.580	185.920	317.060	247.340	750.320	33.580	0.000	0.000	0.000	0.000	33.580		
33.590	184.260	323.700	253.980	761.940	33.590	0.000	0.000	0.000	0.000	33.590		
33.600	179.280	332.000	267.260	778.540	33.600	0.000	0.000	0.000	0.000	33.600		
33.610	179.280	341.960	273.900	795.140	33.610	0.000	0.000	0.000	0.000	33.610		
33.620	175.960	348.600	282.200	806.760	33.620	0.000	0.000	0.000	0.000	33.620		
33.630	174.300	361.880	293.820	830.000	33.630	0.000	0.000	0.000	0.000	33.630		
33.640	170.980	368.520	302.120	841.620	33.640	0.000	0.000	0.000	0.000	33.640		
33.650	169.320	381.800	312.080	863.200	33.650	0.000	0.000	0.000	0.000	33.650		
33.660	166.000	388.440	322.040	876.480	33.660	2.500	0.000	0.000	2.500	33.660		
33.670	161.020	396.740	332.000	889.760	33.670	0.000	0.000	0.000	0.000	33.670		
33.680	156.040	406.700	341.960	904.700	33.680	0.000	0.000	0.000	0.000	33.680		
33.690	146.080	411.680	348.600	906.360	33.690	0.000	0.000	0.000	0.000	33.690		
33.700	136.120	415.000	358.560	909.680	33.700	0.000	0.000	0.000	0.000	33.700		
33.710	121.550	415.480	369.070	906.100	33.710	0.000	0.000	0.000	0.000	33.710		
33.720	106.080	415.480	382.330	903.890	33.720	0.000	0.000	0.000	0.000	33.720		
33.730	92.820	415.480	388.960	897.260	33.730	0.000	0.000	0.000	0.000	33.730		
33.740	79.560	413.270	402.220	895.050	33.740	0.000	0.000	0.000	0.000	33.740		
33.750	68.510	408.850	419.900	897.260	33.750	0.000	0.000	0.000	0.000	33.750		
33.760	57.460	402.220	433.160	892.840	33.760	0.000	0.000	0.000	0.000	33.760		
33.770	46.410	391.170	448.630	886.210	33.770	0.000	1.420	4.260	5.680	33.770		
33.780	33.150	375.700	468.520	877.370	33.780	0.000	4.260	36.920	41.180	33.780		
33.790	24.310	358.020	486.200	868.530	33.790	0.000	14.200	72.420	86.620	33.790		
33.800	11.050	333.710	506.090	850.850	33.800	0.000	21.300	119.280	140.580	33.800		
33.810	2.210	304.980	523.770	830.960	33.810	0.000	24.140	174.660	198.800	33.810		
33.820	0.000	276.250	534.820	811.070	33.820	0.000	26.980	198.800	225.780	33.820		
33.830	0.000	249.730	543.660	793.390	33.830	1.420	26.980	221.520	249.920	33.830		
33.840	0.000	223.210	552.500	775.710	33.840	7.100	39.760	261.280	308.140	33.840		
33.850	0.000	196.690	552.500	749.190	33.850	14.200	53.960	309.560	377.720	33.850		
33.860	0.000	170.820	547.500	718.320	33.860	21.300	63.900	339.380	424.580	33.860		
33.870	0.000	151.110	529.980	681.090	33.870	29.820	72.420	346.480	448.720	33.870		
33.880	0.000	131.400	505.890	637.290	33.880	41.180	79.520	346.480	467.180	33.880		
33.890	0.000	113.880	473.040	586.920	33.890	53.960	86.620	355.000	495.580	33.890		
33.900	0.000	96.360	431.430	527.790	33.900	64.200	94.160	368.080	526.440	33.900		
33.910	0.000	78.840	374.490	453.330	33.910	70.620	104.860	383.060	558.540	33.910		
33.920	0.000	63.510	308.790	372.300	33.920	79.180	113.420	404.460	597.060	33.920		
33.930	0.000	43.800	225.570	269.370	33.930	85.600	126.260	425.860	637.720	33.930		
33.940	0.000	28.470	155.490	183.960	33.940	94.160	143.380	451.540	689.080	33.940		
33.950	0.000	15.330	107.310	122.640	33.950	100.580	158.360	477.220	736.160	33.950		
33.960	0.000	6.570	67.890	74.460	33.960	111.280	175.480	496.480	783.240	33.960		
33.970	0.000	2.190	43.800	45.990	33.970	119.840	190.460	513.600	823.900	33.970		
33.980	0.000	2.190	24.090	26.280	33.980	126.260	205.440	524.300	856.000	33.980		
33.990	0.000	0.000	15.330	15.330	33.990	130.540	216.140	530.720	877.400	33.990		
34.000	0.000	0.000	13.140	13.140	34.000	136.960	228.980	535.000	900.940	34.000		
34.010	0.000	0.000	10.000	10.000	34.010	141.240	235.400	535.000	911.640	34.010		
34.020	0.000	0.000	7.480	7.480	34.020	149.800	241.820	528.580	920.200	34.020		
34.030	0.000	0.000	7.480	7.480	34.030	151.940	243.960	522.160	918.060	34.030		
34.040	0.000	0.000	7.480	7.480	34.040	154.080	246.100	513.600	913.780	34.040		
34.050	0.000	0.000	7.480	7.480	34.050	156.780	249.240	502.500	908.520	34.050		
34.060	0.000	0.000	7.480	7.480	34.060	160.800	249.240	488.430	898.470	34.060		
34.070	0.000	0.000	7.480	7.480	34.070	164.820	247.230	472.350	884.400	34.070		
34.080	0.000	0.000	5.000	5.000	34.080	166.830	243.210	454.260	864.300	34.080		
34.090	0.000	0.000	7.480	7.480	34.090	168.840	243.210	436.170	848.220	34.090		
34.100	0.000	0.000	7.480	7.480	34.100	170.850	241.200	416.070	828.120	34.100		
34.110	0.000	0.000	7.480	7.480	34.110	174.870	239.190	395.970	810.030	34.110		
34.120	0.000	0.000	5.000	5.000	34.120	180.900	237.180	375.870	793.950	34.120		
34.130	0.000	0.000	5.000	5.000	34.130	184.920	233.160	355.770	773.850	34.130		
34.140	0.000	0.000	7.480	7.480	34.140	186.930	231.150	339.690	757.770	34.140		
34.150	0.000	0.000	5.000	5.000	34.150	194.970	231.150	321.600	747.720	34.150		
34.160	0.000	0.000	5.000	5.000	34.160	196.980	231.150	303.510	731.640	34.160		
34.170	0.000	0.000	5.000	5.000	34.170	201.000	233.160	291.450	725.610	34.170		
34.180	0.000	0.000	2.500	2.500	34.180	209.040	233.160	279.390	721.590	34.180		
34.190	0.000	0.000	2.500	2.500	34.190	213.060	237.180	267.330	717.570	34.190		
34.200	0.000	0.000	2.500	2.500	34.200	224.990	239.890	256.280	721.160	34.200		
34.210	0.000	0.000	2.500	2.500	34.210	232.440	244.360	248.830	725.630	34.210		
34.220	0.000	0.000	2.500	2.500	34.220	239.890	248.830	239.890	728.610	34.220		
34.230	0.000	0.000	2.500	2.500	34.230	248.830	254.790	232.440	736.060	34.230		
34.240	0.000	0.000	2.500	2.500	34.240	259.260	259.260	226.480	745.000	34.240		
34.250	0.000	0.000	2.500	2.500	34.250	266.710	263.730	216.050	746.490	34.250		
34.260	0.000	0.000	2.500	2.500	34.260	278.630	269.690	208.600	756.920	34.260		
34.270	0.000	0.000	2.500	2.500	34.270	289.060	271.180	196.680	756.920	34.270		
34.280	0.000	0.000	2.500	2.500	34.280	302.470	277.140	189.230	768.840	34.280		
34.290	0.000	0.000	2.500	2.500	34.290	314.390	278.630	178.800	771.820	34.290		
34.300	0.000	0.000	2.500	2.500	34.300	326.310	284.590	174.330	785.230	34.300		
34.310	0.000	0.000	2.460	2.460	34.310	339.720	289.060	169.860	798.640	34.310		
34.320	0.000	0.000	2.460	2.460	34.320	348.660	293.530	166.880	809.070	34.320		
34.330	0.000	0.000	2.460	2.460	34.330	362.070	302.470	163.900	828.440	34.330		
34.340	0.000	0.000	2.460	2.460	34.340	372.500	303.960	156.450	832.910	34.340		
34.350	0.000	2.460	2.460	4.920	34.350	386.400	305.900	149.500	841.800	34.350		
34.360	0.000	0.000	2.460	2.460	34.360	402.500	305.900	135.700	844.100	34.360		
34.370	0.000	0.000	0.000	0.000	34.370	416.300	303.600	124.200	844.100	34.370		
34.380	0.000	0.000	0.000	0.000	34.380	437.000	299.000	115.000	851.000	34.380		
34.390	12.300	7.380	0.000	19.680	34.390	453.100	294.400	98.900	846.400	34.390		
34.400	31.980	9.840	0.000	41.820	34.400	473.800	287.500	82.800	844.100	34.400		
34.410	67.240	12.300	0.000	79.540	34.410	496.800	271.400	71.300	839.500	34.410		
34.420	112.340	14.760	0.000	127.100	34.420	517.500	250.700	59.800	828.000	34.420		
34.430	144.320	17.220	2.460	164.000	34.430	535.900	225.400	46.000	807.300	34.430		
34.440	172.200	19.680	2.460	194.340	34.440	554.300	197.800	39.100	791.200	34.440		
34.450	205.000	24.600	4.920	234.520	34.450	565.800	172.500	34.500	772.800	34.450		
34.460	244.020	34.860	9.960	288.840	34.460	575.000	147.200	29.900	752.100	34.460		
34.470	282.200	49.800	14.940	346.940	34.470	575.000	124.200	20.700	719.900	34.470		
34.480	303.780	71.380	24.900	400.060	34.480	575.000	105.800	16.100	696.900	34.480		
34.490	313.740	84.660	34.860	433.260	34.490	563.500	89.700	9.200	662.400	34.490		
34.500	312.080	91.300	44.820	448.200	34.500	547.500	74.460	4.380	626.340	34.500		
34.510	313.740	101.260	54.780	469.780	34.510	525.600	63.510	2.190	591.300	34.510		
34.520	322.040	114.540	66.400	502.980	34.520	501.510	54.750	0.000	556.260	34.520		
34.530	333.660	126.160	79.680	539.500	34.530	473.040	45.990	0.000	519.030	34.530		
34.540	343.620	136.120	86.320	566.060	34.540	442.380	41.610	0.000	483.990	34.540		
34.550	356.900	149.400	96.280	602.580	34.550	407.340	32.850	0.000	440.190	34.550		
34.560	366.860	159.360	106.240	632.460	34.560	367.920	28.470	0.000	396.390	34.560		
34.570	378.480	174.300	114.540	667.320	34.570	324.120	21.900	0.000	346.020	34.570		
34.580	391.760	185.920	119.520	697.200	34.580	278.130	13.140	0.000	291.270	34.580		
34.590	401.720	199.200	126.160	727.080	34.590	234.330	6.570	0.000	240.900	34.590		
34.600	415.000	212.480	134.460	761.940	34.600	177.390	2.190	0.000	179.580	34.600		
34.610	422.370	224.010	141.930	788.310	34.610	127.020	0.000	0.000	127.020	34.610		
34.620	424.080	235.980	148.770	808.830	34.620	85.410	0.000	0.000	85.410	34.620		
34.630	427.500	244.530	157.320	829.350	34.630	56.940	0.000	0.000	56.940	34.630		
34.640	424.080	254.790	164.160	843.030	34.640	37.230	0.000	0.000	37.230	34.640		
34.650	422.370	261.630	174.420	858.420	34.650	22.500	0.000	2.430	24.930	34.650		
34.660	418.950	268.470	181.260	868.680	34.660	14.940	0.000	4.950	19.890	34.660		
34.670	417.240	273.600	184.680	875.520	34.670	9.990	0.000	7.470	17.460	34.670		
34.680	413.820	277.020	189.810	880.650	34.680	7.470	0.000	7.470	14.940	34.680		
34.690	408.690	277.020	191.520	877.230	34.690	7.470	0.000	7.470	14.940	34.690		
34.700	406.980	278.730	194.940	880.650	34.700	4.950	0.000	4.950	9.900	34.700		
34.710	398.430	277.020	194.940	870.390	34.710	4.950	0.000	2.430	7.380	34.710		
34.720	391.590	277.020	194.940	863.550	34.720	4.950	0.000	2.430	7.380	34.720		
34.730	384.750	273.600	196.650	855.000	34.730	2.430	0.000	2.430	4.860	34.730		
34.740	374.490	268.470	198.360	841.320	34.740	2.430	0.000	4.950	7.380	34.740		
34.750	360.810	266.760	198.360	825.930	34.750	2.430	0.000	4.950	7.380	34.750		
34.760	352.500	262.260	198.810	813.570	34.760	2.430	0.000	4.950	7.380	34.760		
34.770	341.220	259.440	198.810	799.470	34.770	2.430	0.000	4.950	7.380	34.770		
34.780	336.990	256.620	198.810	792.420	34.780	0.000	0.000	4.950	4.950	34.780		
34.790	329.940	256.620	201.630	788.190	34.790	0.000	0.000	2.430	2.430	34.790		
34.800	324.300	253.800	201.630	779.730	34.800	2.500	0.000	2.500	5.000	34.800		
34.810	321.480	259.440	204.450	785.370	34.810	0.000	0.000	2.500	2.500	34.810		
34.820	318.660	259.440	207.270	785.370	34.820	0.000	0.000	2.500	2.500	34.820		
34.830	317.250	262.260	208.680	788.190	34.830	0.000	0.000	2.500	2.500	34.830		
34.840	314.430	262.260	208.680	785.370	34.840	0.000	0.000	2.500	2.500	34.840		
34.850	318.660	263.670	208.680	791.010	34.850	0.000	0.000	2.500	2.500	34.850		
34.860	321.480	269.310	211.500	802.290	34.860	0.000	0.000	2.500	2.500	34.860		
34.870	324.300	272.130	214.320	810.750	34.870	0.000	0.000	2.500	2.500	34.870		
34.880	324.300	276.360	217.140	817.800	34.880	0.000	0.000	2.500	2.500	34.880		
34.890	327.120	284.820	221.370	833.310	34.890	0.000	0.000	2.500	2.500	34.890		
34.900	324.300	286.230	227.010	837.540	34.900	0.000	0.000	2.500	2.500	34.900		
34.910	322.500	291.540	232.200	846.240	34.910	0.000	0.000	2.500	2.500	34.910		
34.920	319.920	296.700	234.780	851.400	34.920	0.000	0.000	2.500	2.500	34.920		
34.930	317.340	301.860	241.230	860.430	34.930	0.000	0.000	0.000	0.000	34.930		
34.940	314.760	304.440	246.390	865.590	34.940	0.000	0.000	0.000	0.000	34.940		
34.950	312.180	309.600	248.970	870.750	34.950	0.000	2.460	0.000	2.460	34.950		
34.960	307.020	312.180	254.130	873.330	34.960	0.000	0.000	0.000	0.000	34.960		
34.970	299.280	314.760	259.290	873.330	34.970	0.000	0.000	0.000	0.000	34.970		
34.980	291.540	314.760	264.450	870.750	34.980	0.000	2.460	0.000	2.460	34.980		
34.990	283.800	317.340	269.610	870.750	34.990	0.000	4.980	0.000	4.980	34.990		
35.000	277.350	317.340	274.770	869.460	35.000	0.000	7.500	0.000	7.500	35.000		
35.010	269.610	317.340	279.930	866.880	35.010	0.000	7.500	0.000	7.500	35.010		
35.020	264.450	317.340	283.800	865.590	35.020	0.000	7.500	0.000	7.500	35.020		
35.030	261.870	319.920	286.380	868.170	35.030	0.000	9.960	0.000	9.960	35.030		
35.040	256.710	322.500	288.960	868.170	35.040	0.000	9.960	0.000	9.960	35.040		
35.050	248.970	322.500	294.120	865.590	35.050	0.000	9.960	0.000	9.960	35.050		
35.060	239.440	324.120	303.680	867.240	35.060	0.000	9.960	0.000	9.960	35.060		
35.070	232.140	327.040	309.520	868.700	35.070	0.000	12.480	0.000	12.480	35.070		
35.080	221.920	324.120	316.820	862.860	35.080	0.000	12.480	0.000	12.480	35.080		
35.090	211.700	324.120	321.200	857.020	35.090	0.000	15.000	4.980	19.980	35.090		
35.100	201.480	324.120	329.960	855.560	35.100	0.000	17.480	19.320	36.800	35.100		
35.110	189.800	321.200	334.340	845.340	35.110	0.000	17.480	32.200	49.680	35.110		
35.120	179.580	319.740	341.640	840.960	35.120	0.000	19.320	46.920	66.240	35.120		
35.130	169.360	313.900	341.640	824.900	35.130	0.000	22.080	64.400	86.480	35.130		
35.140	159.140	309.520	344.560	813.220	35.140	0.000	24.840	77.280	102.120	35.140		
35.150	148.920	306.600	347.480	803.000	35.150	0.000	24.840	87.400	112.240	35.150		
35.160	138.700	302.220	348.940	789.860	35.160	0.000	24.840	102.120	126.960	35.160		
35.170	129.940	296.380	351.860	778.180	35.170	1.840	24.840	115.000	141.680	35.170		
35.180	119.720	289.080	356.240	765.040	35.180	4.600	26.680	139.840	171.120	35.180		
35.190	106.580	284.700	359.160	750.440	35.190	9.200	29.440	164.680	203.320	35.190		
35.200	94.900	274.480	365.000	734.380	35.200	14.720	34.960	182.160	231.840	35.200		
35.210	81.090	261.630	371.790	714.510	35.210	22.080	34.960	194.120	251.160	35.210		
35.220	68.850	246.330	376.380	691.560	35.220	24.840	36.800	204.240	265.880	35.220		
35.230	56.610	234.090	379.440	670.140	35.230	29.440	39.560	214.360	283.360	35.230		
35.240	48.960	218.790	382.500	650.250	35.240	36.330	44.980	243.930	325.240	35.240		
35.250	41.310	203.490	382.500	627.300	35.250	39.790	46.710	261.230	347.730	35.250		
35.260	36.720	189.720	382.500	608.940	35.260	39.790	48.440	276.800	365.030	35.260		
35.270	33.660	177.480	382.500	593.640	35.270	41.520	51.900	292.370	385.790	35.270		
35.280	29.070	163.710	376.380	569.160	35.280	41.520	53.630	304.480	399.630	35.280		
35.290	24.480	151.470	376.380	552.330	35.290	41.520	57.090	316.590	415.200	35.290		
35.300	19.890	142.290	371.790	533.970	35.300	41.520	58.820	323.510	423.850	35.300		
35.310	12.240	128.520	364.140	504.900	35.310	44.980	62.280	333.890	441.150	35.310		
35.320	12.240	119.340	359.550	491.130	35.320	41.520	62.280	344.270	448.070	35.320		
35.330	9.180	111.690	351.900	472.770	35.330	39.790	64.010	351.190	454.990	35.330		
35.340	6.120	100.980	341.190	448.290	35.340	39.790	64.010	361.570	465.370	35.340		
35.350	4.590	94.860	332.010	431.460	35.350	39.790	67.470	377.140	484.400	35.350		
35.360	1.280	87.040	320.000	408.320	35.360	36.330	69.200	390.980	496.510	35.360		
35.370	1.280	79.360	304.640	385.280	35.370	34.600	69.200	411.740	515.540	35.370		
35.380	0.000	74.240	286.720	360.960	35.380	31.140	74.390	432.500	538.030	35.380		
35.390	0.000	66.560	264.960	331.520	35.390	27.540	79.560	455.940	563.040	35.390		
35.400	0.000	58.880	241.920	300.800	35.400	24.480	79.560	483.480	587.520	35.400		
35.410	0.000	53.760	218.880	272.640	35.410	24.480	88.740	511.020	624.240	35.410		
35.420	0.000	49.920	189.440	239.360	35.420	24.480	94.860	538.560	657.900	35.420		
35.430	0.000	42.240	157.440	199.680	35.430	27.540	97.920	572.220	697.680	35.430		
35.440	0.000	37.120	129.280	166.400	35.440	27.540	104.040	599.760	731.340	35.440		
35.450	0.000	32.000	104.960	136.960	35.450	27.540	110.160	630.360	768.060	35.450		
35.460	0.000	24.320	79.360	103.680	35.460	24.480	113.220	657.900	795.600	35.460		
35.470	0.000	16.640	58.880	75.520	35.470	24.480	116.280	682.380	823.140	35.470		
35.480	1.280	11.520	44.800	57.600	35.480	24.480	119.340	706.860	850.680	35.480		
35.490	1.280	8.960	29.440	39.680	35.490	24.480	119.340	725.220	869.040	35.490		
35.500	1.280	3.840	16.640	21.760	35.500	24.480	119.340	743.580	887.400	35.500		
35.510	2.500	5.000	12.500	20.000	35.510	24.480	122.400	755.820	902.700	35.510		
35.520	2.500	5.000	10.000	17.500	35.520	21.420	119.340	761.940	902.700	35.520		
35.530	2.500	2.500	10.000	15.000	35.530	21.420	116.280	765.000	902.700	35.530		
35.540	2.500	2.500	7.500	12.500	35.540	18.300	115.900	762.500	896.700	35.540		
35.550	5.000	2.500	7.500	15.000	35.550	18.300	112.850	753.350	884.500	35.550		
35.560	5.000	0.000	7.500	12.500	35.560	18.300	109.800	747.250	875.350	35.560		
35.570	5.000	0.000	5.000	10.000	35.570	18.300	109.800	735.050	863.150	35.570		
35.580	2.500	0.000	7.500	10.000	35.580	18.300	106.750	732.000	857.050	35.580		
35.590	2.500	0.000	5.000	7.500	35.590	15.250	103.700	722.850	841.800	35.590		
35.600	5.000	0.000	7.500	12.500	35.600	18.300	100.650	716.750	835.700	35.600		
35.610	5.000	0.000	5.000	10.000	35.610	15.250	97.600	710.650	823.500	35.610		
35.620	5.000	0.000	5.000	10.000	35.620	15.250	100.650	710.650	826.550	35.620		
35.630	5.000	0.000	5.000	10.000	35.630	18.300	100.650	710.650	829.600	35.630		
35.640	5.000	0.000	7.500	12.500	35.640	15.250	103.700	713.700	832.650	35.640		
35.650	2.500	0.000	5.000	7.500	35.650	18.300	103.700	713.700	835.700	35.650		
35.660	4.840	0.000	4.840	9.680	35.660	18.300	109.800	716.750	844.850	35.660		
35.670	2.200	0.000	7.480	9.680	35.670	21.350	109.800	716.750	847.900	35.670		
35.680	2.200	0.000	7.480	9.680	35.680	24.400	112.850	713.700	850.950	35.680		
35.690	4.840	0.000	7.480	12.320	35.690	22.800	116.850	712.500	852.150	35.690		
35.700	4.840	0.000	7.480	12.320	35.700	22.800	119.700	709.650	852.150	35.700		
35.710	4.840	0.000	7.480	12.320	35.710	25.650	122.550	706.800	855.000	35.710		
35.720	4.840	0.000	9.680	14.520	35.720	28.500	128.250	703.950	860.700	35.720		
35.730	4.840	0.000	7.480	12.320	35.730	31.350	133.950	701.100	866.400	35.730		
35.740	4.840	0.000	7.480	12.320	35.740	31.350	142.500	695.400	869.250	35.740		
35.750	4.840	0.000	7.480	12.320	35.750	37.050	145.350	689.700	872.100	35.750		
35.760	7.480	0.000	7.480	14.960	35.760	39.900	148.200	678.300	866.400	35.760		
35.770	14.960	0.000	7.480	22.440	35.770	45.600	153.900	669.750	869.250	35.770		
35.780	44.880	7.480	12.320	64.680	35.780	45.600	153.900	652.650	852.150	35.780		
35.790	84.920	14.960	12.320	112.200	35.790	51.300	153.900	632.700	837.900	35.790		
35.800	110.000	22.440	14.960	147.400	35.800	54.150	151.050	604.200	809.400	35.800		
35.810	113.900	24.120	17.420	155.440	35.810	59.850	148.200	570.000	778.050	35.810		
35.820	107.200	24.120	17.420	148.740	35.820	59.850	148.200	538.650	746.700	35.820		
35.830	104.520	26.800	18.760	150.080	35.830	65.550	145.350	507.300	718.200	35.830		
35.840	96.480	29.480	21.440	147.400	35.840	71.820	147.420	472.500	691.740	35.840		
35.850	93.800	32.160	24.120	150.080	35.850	79.380	143.640	438.480	661.500	35.850		
35.860	93.800	36.180	26.800	156.780	35.860	83.160	141.750	404.460	629.370	35.860		
35.870	104.520	46.900	32.160	183.580	35.870	94.500	139.860	366.660	601.020	35.870		
35.880	121.940	54.940	34.840	211.720	35.880	102.060	134.190	328.860	565.110	35.880		
35.890	144.720	67.000	36.180	247.900	35.890	109.620	128.520	291.060	529.200	35.890		
35.900	174.200	76.380	36.180	286.760	35.900	117.180	120.960	253.260	491.400	35.900		
35.910	203.680	87.100	36.180	326.960	35.910	124.740	111.510	217.350	453.600	35.910		
35.920	239.860	96.480	34.840	371.180	35.920	134.190	98.280	175.770	408.240	35.920		
35.930	274.700	109.880	34.840	419.420	35.930	143.640	83.160	139.860	366.660	35.930		
35.940	306.860	129.980	38.860	475.700	35.940	151.200	66.150	105.840	323.190	35.940		
35.950	335.000	144.720	41.540	521.260	35.950	156.870	51.030	86.940	294.840	35.950		
35.960	356.570	164.710	43.440	564.720	35.960	160.650	34.020	71.820	266.490	35.960		
35.970	376.480	184.620	54.300	615.400	35.970	160.650	24.570	64.260	249.480	35.970		
35.980	390.960	204.530	63.350	658.840	35.980	154.980	13.230	62.370	230.580	35.980		
35.990	401.820	224.440	72.400	698.660	35.990	137.500	7.150	57.200	201.850	35.990		
36.000	409.060	244.350	81.450	734.860	36.000	122.100	2.200	55.000	179.300	36.000		
36.010	410.870	258.830	88.690	758.390	36.010	102.300	0.000	52.250	154.550	36.010		
36.020	416.300	271.500	95.930	783.730	36.020	82.500	0.000	47.300	129.800	36.020		
36.030	419.920	282.360	101.360	803.640	36.030	62.150	0.000	44.550	106.700	36.030		
36.040	421.730	291.410	104.980	818.120	36.040	49.500	0.000	44.550	94.050	36.040		
36.050	423.540	302.270	106.790	832.600	36.050	42.350	0.000	42.350	84.700	36.050		
36.060	428.970	309.510	106.790	845.270	36.060	34.650	0.000	42.350	77.000	36.060		
36.070	434.400	314.940	106.790	856.130	36.070	27.500	0.000	39.600	67.100	36.070		
36.080	439.830	316.750	104.980	861.560	36.080	17.050	0.000	39.600	56.650	36.080		
36.090	447.070	318.560	101.360	866.990	36.090	12.100	0.000	39.600	51.700	36.090		
36.100	452.500	318.560	101.360	872.420	36.100	7.150	0.000	39.600	46.750	36.100		
36.110	456.950	318.200	96.200	871.350	36.110	7.150	0.000	37.400	44.550	36.110		
36.120	458.800	316.350	92.500	867.650	36.120	4.950	0.000	34.650	39.600	36.120		
36.130	462.500	310.800	92.500	865.800	36.130	7.150	0.000	34.650	41.800	36.130		
36.140	462.500	308.950	86.950	858.400	36.140	4.900	0.000	35.000	39.900	36.140		
36.150	456.950	307.100	83.250	847.300	36.150	4.900	0.000	35.000	39.900	36.150		
36.160	453.250	303.400	81.400	838.050	36.160	4.900	0.000	35.000	39.900	36.160		
36.170	445.850	303.400	83.250	832.500	36.170	4.900	0.000	32.480	37.380	36.170		
36.180	438.450	303.400	83.250	825.100	36.180	4.900	0.000	29.960	34.860	36.180		
36.190	431.050	303.400	86.950	821.400	36.190	4.900	0.000	27.440	32.340	36.190		
36.200	423.650	303.400	86.950	814.000	36.200	2.380	0.000	24.920	27.300	36.200		
36.210	419.950	303.400	86.950	810.300	36.210	2.380	0.000	24.920	27.300	36.210		
36.220	419.950	303.400	86.950	810.300	36.220	2.380	0.000	22.400	24.780	36.220		
36.230	416.250	303.400	86.950	806.600	36.230	0.000	0.000	22.400	22.400	36.230		
36.240	414.400	303.400	88.800	806.600	36.240	0.000	0.000	22.400	22.400	36.240		
36.250	414.400	301.550	86.950	802.900	36.250	0.000	0.000	22.400	22.400	36.250		
36.260	416.240	301.000	86.000	803.240	36.260	0.000	0.000	22.400	22.400	36.260		
36.270	416.240	301.000	86.000	803.240	36.270	0.000	0.000	19.880	19.880	36.270		
36.280	416.240	301.000	86.000	803.240	36.280	0.000	0.000	22.400	22.400	36.280		
36.290	419.680	301.000	86.000	806.680	36.290	0.000	0.000	22.500	22.500	36.290		
36.300	421.400	299.280	86.000	806.680	36.300	0.000	0.000	22.500	22.500	36.300		
36.310	424.840	299.280	84.280	808.400	36.310	0.000	0.000	22.500	22.500	36.310		
36.320	424.840	299.280	84.280	808.400	36.320	0.000	0.000	22.500	22.500	36.320		
36.330	426.560	301.000	86.000	813.560	36.330	0.000	0.000	22.500	22.500	36.330		
36.340	430.000	299.280	86.000	815.280	36.340	0.000	0.000	22.500	22.500	36.340		
36.350	430.000	299.280	89.440	818.720	36.350	0.000	0.000	22.500	22.500	36.350		
36.360	430.000	299.280	89.440	818.720	36.360	0.000	0.000	19.980	19.980	36.360		
36.370	430.000	301.000	89.440	820.440	36.370	0.000	0.000	19.980	19.980	36.370		
36.380	426.560	301.000	91.160	818.720	36.380	0.000	0.000	19.980	19.980	36.380		
36.390	419.680	306.160	94.600	820.440	36.390	0.000	2.430	19.980	22.410	36.390		
36.400	414.520	309.600	96.320	820.440	36.400	0.000	2.430	17.460	19.890	36.400		
36.410	407.500	311.330	99.430	818.260	36.410	0.000	2.430	19.980	22.410	36.410		
36.420	399.350	314.590	101.060	815.000	36.420	0.000	2.430	19.980	22.410	36.420		
36.430	391.200	316.220	105.950	813.370	36.430	0.000	4.950	19.980	24.930	36.430		
36.440	384.680	316.220	105.950	806.850	36.440	0.000	5.000	17.500	22.500	36.440		
36.450	379.790	316.220	109.210	805.220	36.450	0.000	5.000	20.000	25.000	36.450		
36.460	374.900	314.590	105.950	795.440	36.460	0.000	2.500	17.500	20.000	36.460		
36.470	374.900	316.220	109.210	800.330	36.470	0.000	2.500	15.000	17.500	36.470		
36.480	368.380	314.590	105.950	788.920	36.480	0.000	2.500	15.000	17.500	36.480		
36.490	366.750	311.330	105.950	784.030	36.490	20.000	12.500	15.000	47.500	36.490		
36.500	361.860	311.330	104.320	777.510	36.500	15.000	7.500	20.000	42.500	36.500		
36.510	358.600	306.440	104.320	769.360	36.510	17.500	12.500	17.500	47.500	36.510		
36.520	353.710	306.440	101.060	761.210	36.520	27.500	17.500	32.500	77.500	36.520		
36.530	348.820	304.810	99.430	753.060	36.530	30.000	20.000	47.500	97.500	36.530		
36.540	343.930	301.550	101.060	746.540	36.540	35.000	27.500	67.500	130.000	36.540		
36.550	337.410	299.920	96.170	733.500	36.550	42.500	32.500	90.000	165.000	36.550		
36.560	325.000	292.500	97.500	715.000	36.560	50.000	40.000	110.000	200.000	36.560		
36.570	312.000	289.900	94.900	696.800	36.570	60.000	47.500	122.500	230.000	36.570		
36.580	299.000	279.500	92.300	670.800	36.580	65.000	52.500	125.000	242.500	36.580		
36.590	284.700	274.300	89.700	648.700	36.590	72.210	57.420	124.410	254.040	36.590		
36.600	271.700	266.500	89.700	627.900	36.600	81.780	61.770	121.800	265.350	36.600		
36.610	257.400	261.300	87.100	605.800	36.610	92.220	66.990	117.450	276.660	36.610		
36.620	244.400	257.400	84.500	586.300	36.620	101.790	69.600	112.230	283.620	36.620		
36.630	231.400	252.200	84.500	568.100	36.630	112.230	72.210	104.400	288.840	36.630		
36.640	217.100	247.000	84.500	548.600	36.640	121.800	74.820	99.180	295.800	36.640		
36.650	206.700	244.400	84.500	535.600	36.650	132.240	77.430	94.830	304.500	36.650		
36.660	195.000	241.800	84.500	521.300	36.660	141.810	79.170	89.610	310.590	36.660		
36.670	184.600	239.200	81.900	505.700	36.670	152.250	81.780	87.000	321.030	36.670		
36.680	176.800	234.000	81.900	492.700	36.680	164.430	87.000	87.000	338.430	36.680		
36.690	166.400	228.800	79.300	474.500	36.690	172.260	92.220	87.000	351.480	36.690		
36.700	159.900	227.500	79.300	466.700	36.700	184.440	97.440	89.610	371.490	36.700		
36.710	152.250	217.500	77.430	447.180	36.710	197.490	104.400	94.830	396.720	36.710		
36.720	141.810	209.670	72.210	423.690	36.720	207.060	114.840	101.790	423.690	36.720		
36.730	132.240	201.840	69.600	403.680	36.730	217.500	124.410	109.620	451.530	36.730		
36.740	121.800	189.660	66.990	378.450	36.740	226.460	142.040	124.620	493.120	36.740		
36.750	107.010	177.480	61.770	346.260	36.750	234.500	156.780	139.360	530.640	36.750		
36.760	94.830	164.430	54.810	314.070	36.760	239.860	171.520	159.460	570.840	36.760		
36.770	81.780	149.640	49.590	281.010	36.770	246.560	188.940	182.240	617.740	36.770		
36.780	66.990	134.850	39.150	240.990	36.780	251.920	202.340	202.340	656.600	36.780		
36.790	57.420	117.450	32.190	207.060	36.790	254.600	219.760	223.780	698.140	36.790		
36.800	44.370	99.180	24.360	167.910	36.800	257.280	234.500	243.880	735.660	36.800		
36.810	34.800	79.170	17.400	131.370	36.810	261.300	246.560	266.660	774.520	36.810		
36.820	26.970	61.770	9.570	98.310	36.820	261.300	259.960	284.080	805.340	36.820		
36.830	17.400	49.590	6.960	73.950	36.830	263.980	269.340	301.500	834.820	36.830		
36.840	9.570	41.760	1.740	53.070	36.840	263.980	277.380	314.900	856.260	36.840		
36.850	1.740	32.190	1.740	35.670	36.850	263.980	281.400	324.280	869.660	36.850		
36.860	2.500	25.000	5.000	32.500	36.860	261.300	278.720	329.640	869.660	36.860		
36.870	2.500	20.000	5.000	27.500	36.870	259.960	277.380	332.320	869.660	36.870		
36.880	2.500	15.000	2.500	20.000	36.880	254.600	274.700	335.000	864.300	36.880		
36.890	0.000	12.500	2.500	15.000	36.890	248.820	268.840	331.760	849.420	36.890		
36.900	2.500	10.000	0.000	12.500	36.900	244.530	264.550	328.900	837.980	36.900		
36.910	0.000	10.000	2.500	12.500	36.910	241.670	261.690	327.470	830.830	36.910		
36.920	0.000	7.500	0.000	7.500	36.920	237.380	257.400	327.470	822.250	36.920		
36.930	0.000	5.000	0.000	5.000	36.930	231.660	254.540	327.470	813.670	36.930		
36.940	0.000	5.000	0.000	5.000	36.940	228.800	254.540	328.900	812.240	36.940		
36.950	0.000	5.000	0.000	5.000	36.950	228.800	251.680	328.900	809.380	36.950		
36.960	0.000	2.500	0.000	2.500	36.960	227.370	248.820	328.900	805.090	36.960		
36.970	0.000	2.500	0.000	2.500	36.970	224.510	248.820	331.760	805.090	36.970		
36.980	0.000	0.000	0.000	0.000	36.980	218.790	248.820	334.620	802.230	36.980		
36.990	0.000	2.500	0.000	2.500	36.990	218.790	248.820	338.910	806.520	36.990		
37.000	0.000	2.500	0.000	2.500	37.000	217.360	247.390	341.770	806.520	37.000		
37.010	0.000	2.360	0.000	2.360	37.010	211.640	247.390	347.490	806.520	37.010		
37.020	0.000	2.360	0.000	2.360	37.020	208.780	247.390	351.780	807.950	37.020		
37.030	0.000	2.360	9.440	11.800	37.030	207.350	244.530	357.500	809.380	37.030		
37.040	0.000	9.440	22.420	31.860	37.040	201.480	242.360	362.080	805.920	37.040		
37.050	0.000	17.110	34.810	51.920	37.050	194.180	236.520	365.000	795.700	37.050		
37.060	0.000	27.140	57.230	84.370	37.060	189.800	229.220	365.000	784.020	37.060		
37.070	0.000	39.530	74.930	114.460	37.070	183.960	224.840	362.080	770.880	37.070		
37.080	4.720	64.900	97.350	166.970	37.080	176.660	219.000	359.160	754.820	37.080		
37.090	22.420	97.350	104.430	224.200	37.090	173.740	208.780	351.860	734.380	37.090		
37.100	77.290	127.440	104.430	309.160	37.100	166.440	201.480	341.640	709.560	37.100		
37.110	127.440	144.550	112.100	384.090	37.110	162.060	191.260	324.120	677.440	37.110		
37.120	147.500	144.550	117.410	409.460	37.120	156.220	179.580	303.680	639.480	37.120		
37.130	147.500	137.470	109.740	394.710	37.130	151.840	164.980	278.860	595.680	37.130		
37.140	142.190	132.160	109.740	384.090	37.140	147.460	151.840	254.040	553.340	37.140		
37.150	134.520	127.440	109.740	371.700	37.150	144.540	141.620	236.520	522.680	37.150		
37.160	124.620	122.140	107.260	354.020	37.160	141.620	134.320	221.920	497.860	37.160		
37.170	119.660	117.180	104.780	341.620	37.170	141.620	127.020	207.320	475.960	37.170		
37.180	117.180	117.180	104.780	339.140	37.180	138.700	121.180	194.180	454.060	37.180		
37.190	117.180	117.180	107.260	341.620	37.190	139.830	116.920	182.490	439.240	37.190		
37.200	117.180	117.180	107.260	341.620	37.200	137.460	112.180	174.590	424.230	37.200		
37.210	119.660	122.140	109.740	351.540	37.210	142.200	112.180	169.850	424.230	37.210		
37.220	119.660	122.140	112.220	354.020	37.220	139.830	112.180	167.480	419.490	37.220		
37.230	122.140	127.100	114.700	363.940	37.230	142.200	112.180	169.850	424.230	37.230		
37.240	127.100	127.100	117.180	371.380	37.240	142.200	114.550	172.220	428.970	37.240		
37.250	132.060	132.060	119.660	383.780	37.250	142.200	116.920	176.960	436.080	37.250		
37.260	137.020	137.020	122.140	396.180	37.260	144.570	119.290	179.330	443.190	37.260		
37.270	141.980	139.500	122.140	403.620	37.270	142.200	122.450	184.860	449.510	37.270		
37.280	146.940	144.460	127.100	418.500	37.280	142.200	124.820	189.600	456.620	37.280		
37.290	151.900	146.940	129.580	428.420	37.290	142.200	124.820	194.340	461.360	37.290		
37.300	155.000	151.900	132.060	438.960	37.300	142.200	124.820	197.500	464.520	37.300		
37.310	157.300	154.700	134.550	446.550	37.310	139.830	124.820	197.500	462.150	37.310		
37.320	157.300	157.300	134.550	449.150	37.320	139.830	124.820	197.500	462.150	37.320		
37.330	157.300	157.300	137.150	451.750	37.330	139.830	122.450	194.340	456.620	37.330		
37.340	157.300	157.300	137.150	451.750	37.340	139.370	119.350	192.500	451.220	37.340		
37.350	154.700	154.700	137.150	446.550	37.350	137.060	117.040	187.110	441.210	37.350		
37.360	154.700	154.700	134.550	443.950	37.360	134.750	114.730	184.800	434.280	37.360		
37.370	154.700	152.100	134.550	441.350	37.370	132.440	112.420	179.410	424.270	37.370		
37.380	152.100	154.700	137.150	443.950	37.380	132.440	109.340	177.100	418.880	37.380		
37.390	152.100	154.700	137.150	443.950	37.390	132.440	107.030	174.790	414.260	37.390		
37.400	152.100	154.700	137.150	443.950	37.400	129.360	107.030	172.480	408.870	37.400		
37.410	152.100	157.300	139.750	449.150	37.410	127.050	102.410	169.400	398.860	37.410		
37.420	154.700	157.300	139.750	451.750	37.420	127.050	102.410	167.090	396.550	37.420		
37.430	157.300	159.900	139.750	456.950	37.430	127.050	102.410	162.470	391.930	37.430		
37.440	159.900	159.900	142.350	462.150	37.440	129.360	99.330	157.080	385.770	37.440		
37.450	162.500	159.900	139.750	462.150	37.450	132.440	102.410	154.770	389.620	37.450		
37.460	164.920	161.880	142.120	468.920	37.460	134.750	102.410	147.070	384.230	37.460		
37.470	167.200	164.920	142.120	474.240	37.470	139.370	102.410	142.450	384.230	37.470		
37.480	169.480	164.920	142.120	476.520	37.480	142.450	102.410	134.750	379.610	37.480		
37.490	171.760	167.200	144.400	483.360	37.490	147.000	102.200	129.500	378.700	37.490		
37.500	177.080	164.920	142.120	484.120	37.500	151.900	102.200	122.500	376.600	37.500		
37.510	179.360	167.200	142.120	488.680	37.510	157.500	99.400	114.800	371.700	37.510		
37.520	184.680	169.480	142.120	496.280	37.520	159.600	99.400	109.900	368.900	37.520		
37.530	186.960	171.760	142.120	500.840	37.530	164.500	97.300	102.200	364.000	37.530		
37.540	186.960	174.800	147.440	509.200	37.540	167.300	94.500	97.300	359.100	37.540		
37.550	186.960	177.080	144.400	508.440	37.550	169.400	92.400	92.400	354.200	37.550		
37.560	186.960	179.360	149.720	516.040	37.560	172.200	89.600	87.500	349.300	37.560		
37.570	184.680	182.400	152.000	519.080	37.570	172.200	87.500	81.900	341.600	37.570		
37.580	182.400	184.680	157.320	524.400	37.580	175.000	84.700	79.800	339.500	37.580		
37.590	177.080	186.960	161.880	525.920	37.590	175.000	84.700	77.000	336.700	37.590		
37.600	174.800	190.000	161.880	526.680	37.600	175.000	81.900	74.900	331.800	37.600		
37.610	174.440	192.080	166.600	533.120	37.610	175.000	79.800	72.100	326.900	37.610		
37.620	169.540	194.040	172.480	536.060	37.620	175.000	79.800	70.000	324.800	37.620		
37.630	172.480	199.920	174.440	546.840	37.630	175.000	77.000	67.200	319.200	37.630		
37.640	169.540	199.920	177.380	546.840	37.640	174.660	74.550	64.610	313.820	37.640		
37.650	169.540	204.820	182.280	556.640	37.650	174.660	72.420	62.480	309.560	37.650		
37.660	169.540	206.780	184.240	560.560	37.660	174.660	72.420	59.640	306.720	37.660		
37.670	169.540	209.720	189.140	568.400	37.670	174.660	67.450	56.800	298.910	37.670		
37.680	169.540	214.620	194.040	578.200	37.680	177.500	64.610	51.830	293.940	37.680		
37.690	172.480	219.520	199.920	591.920	37.690	177.500	59.640	46.860	284.000	37.690		
37.700	174.440	227.360	204.820	606.620	37.700	177.500	51.830	41.890	271.220	37.700		
37.710	179.340	232.260	214.620	626.220	37.710	171.820	49.700	39.760	261.280	37.710		
37.720	182.280	237.160	219.520	638.960	37.720	169.690	44.730	36.920	251.340	37.720		
37.730	187.180	239.120	224.420	650.720	37.730	164.720	39.760	34.790	239.270	37.730		
37.740	192.080	242.060	229.320	663.460	37.740	154.780	36.920	29.820	221.520	37.740		
37.750	196.980	245.000	232.260	674.240	37.750	142.000	34.790	24.850	201.640	37.750		
37.760	204.360	249.600	237.120	691.080	37.760	129.930	31.950	19.880	181.760	37.760		
37.770	213.720	257.400	241.800	712.920	37.770	114.310	26.980	14.910	156.200	37.770		
37.780	221.520	258.960	241.800	722.280	37.780	97.270	22.010	12.070	131.350	37.780		
37.790	237.120	263.640	244.920	745.680	37.790	77.500	14.880	7.440	99.820	37.790		
37.800	249.600	266.760	241.800	758.160	37.800	57.350	14.880	7.440	79.670	37.800		
37.810	263.640	271.440	238.680	773.760	37.810	37.200	9.920	4.960	52.080	37.810		
37.820	279.240	276.120	237.120	792.480	37.820	19.840	4.960	4.960	29.760	37.820		
37.830	299.520	283.920	234.000	817.440	37.830	4.960	2.480	4.960	12.400	37.830		
37.840	319.800	291.720	234.000	845.520	37.840	2.480	2.480	4.960	9.920	37.840		
37.850	336.960	294.840	229.320	861.120	37.850	0.000	2.480	4.960	7.440	37.850		
37.860	351.000	296.400	226.200	873.600	37.860	0.000	2.480	2.480	4.960	37.860		
37.870	361.920	296.400	219.960	878.280	37.870	0.000	2.480	4.960	7.440	37.870		
37.880	371.280	296.400	216.840	884.520	37.880	0.000	2.480	4.960	7.440	37.880		
37.890	382.200	294.840	209.040	886.080	37.890	0.000	0.000	7.440	7.440	37.890		
37.900	390.000	288.600	207.480	886.080	37.900	0.000	0.000	4.960	4.960	37.900		
37.910	394.440	287.180	202.410	884.030	37.910	0.000	0.000	7.440	7.440	37.910		
37.920	399.630	281.990	198.950	880.570	37.920	0.000	0.000	7.440	7.440	37.920		
37.930	399.630	273.340	192.030	865.000	37.930	0.000	0.000	7.440	7.440	37.930		
37.940	399.630	266.420	186.840	852.890	37.940	0.000	0.000	7.440	7.440	37.940		
37.950	399.630	259.500	183.380	842.510	37.950	0.000	0.000	7.440	7.440	37.950		
37.960	399.630	250.850	181.650	832.130	37.960	0.000	0.000	10.000	10.000	37.960		
37.970	396.170	243.930	174.730	814.830	37.970	0.000	0.000	10.000	10.000	37.970		
37.980	399.630	233.550	166.080	799.260	37.980	0.000	0.000	10.000	10.000	37.980		
37.990	399.630	228.360	164.350	792.340	37.990	0.000	0.000	10.000	10.000	37.990		
38.000	401.360	221.440	159.160	781.960	38.000	0.000	0.000	10.000	10.000	38.000		
38.010	406.550	214.520	153.970	775.040	38.010	0.000	0.000	12.480	12.480	38.010		
38.020	411.740	209.330	147.050	768.120	38.020	0.000	0.000	12.480	12.480	38.020		
38.030	416.930	202.410	143.590	762.930	38.030	0.000	0.000	12.480	12.480	38.030		
38.040	423.850	197.220	136.670	757.740	38.040	0.000	0.000	14.960	14.960	38.040		
38.050	432.500	188.570	124.560	745.630	38.050	0.000	0.000	14.960	14.960	38.050		
38.060	439.790	181.090	113.430	734.310	38.060	0.000	0.000	17.440	17.440	38.060		
38.070	451.730	173.130	103.480	728.340	38.070	0.000	0.000	17.440	17.440	38.070		
38.080	463.670	169.150	91.540	724.360	38.080	0.000	0.000	20.000	20.000	38.080		
38.090	473.620	167.160	83.580	724.360	38.090	0.000	0.000	19.890	19.890	38.090		
38.100	483.570	161.190	75.620	720.380	38.100	0.000	0.000	22.490	22.490	38.100		
38.110	489.540	161.190	71.640	722.370	38.110	0.000	0.000	22.490	22.490	38.110		
38.120	493.520	161.190	65.670	720.380	38.120	0.000	0.000	22.490	22.490	38.120		
38.130	497.500	157.210	59.700	714.410	38.130	0.000	0.000	24.960	24.960	38.130		
38.140	493.520	157.210	55.720	706.450	38.140	0.000	0.000	27.430	27.430	38.140		
38.150	491.530	151.240	51.740	694.510	38.150	0.000	0.000	27.430	27.430	38.150		
38.160	489.540	151.240	53.730	694.510	38.160	0.000	0.000	27.430	27.430	38.160		
38.170	483.570	149.250	49.750	682.570	38.170	0.000	0.000	27.430	27.430	38.170		
38.180	481.580	147.260	49.750	678.590	38.180	0.000	0.000	29.900	29.900	38.180		
38.190	481.580	149.250	49.750	680.580	38.190	0.000	0.000	29.900	29.900	38.190		
38.200	481.580	149.250	51.740	682.570	38.200	0.000	0.000	29.900	29.900	38.200		
38.210	483.800	151.700	51.250	686.750	38.210	0.000	0.000	32.500	32.500	38.210		
38.220	485.850	153.750	51.250	690.850	38.220	0.000	0.000	32.500	32.500	38.220		
38.230	485.850	155.800	53.300	694.950	38.230	0.000	0.000	32.500	32.500	38.230		
38.240	485.850	159.900	53.300	699.050	38.240	0.000	0.000	30.960	30.960	38.240		
38.250	489.950	161.950	57.400	709.300	38.250	0.000	0.000	29.240	29.240	38.250		
38.260	489.950	164.000	59.450	713.400	38.260	0.000	1.720	30.960	32.680	38.260		
38.270	489.950	166.050	59.450	715.450	38.270	0.000	0.000	30.960	30.960	38.270		
38.280	489.950	168.100	63.550	721.600	38.280	0.000	1.720	30.960	32.680	38.280		
38.290	485.850	168.100	65.600	719.550	38.290	0.000	1.720	29.240	30.960	38.290		
38.300	485.850	172.200	63.550	721.600	38.300	0.000	0.000	25.800	25.800	38.300		
38.310	489.950	174.250	65.600	729.800	38.310	0.000	0.000	25.800	25.800	38.310		
38.320	494.050	176.300	65.600	735.950	38.320	0.000	0.000	24.080	24.080	38.320		
38.330	498.150	178.350	65.600	742.100	38.330	0.000	0.000	18.920	18.920	38.330		
38.340	504.300	184.500	69.700	758.500	38.340	0.000	0.000	13.760	13.760	38.340		
38.350	512.500	188.600	69.700	770.800	38.350	0.000	0.000	6.880	6.880	38.350		
38.360	516.600	193.200	71.400	781.200	38.360	1.720	0.000	0.000	1.720	38.360		
38.370	525.000	199.500	71.400	795.900	38.370	122.120	113.520	347.440	583.080	38.370		
38.380	520.800	199.500	73.500	793.800	38.380	44.720	89.440	430.000	564.160	38.380		
38.390	495.600	191.100	71.400	758.100	38.390	27.200	67.200	400.000	494.400	38.390		
38.400	455.700	174.300	67.200	697.200	38.400	40.000	86.400	392.000	518.400	38.400		
38.410	415.800	159.600	67.200	642.600	38.410	54.400	81.600	321.600	457.600	38.410		
38.420	378.000	147.000	67.200	592.200	38.420	59.200	64.000	219.200	342.400	38.420		
38.430	338.100	136.500	67.200	541.800	38.430	67.200	56.000	164.800	288.000	38.430		
38.440	302.400	126.000	67.200	495.600	38.440	73.600	54.400	142.400	270.400	38.440		
38.450	266.700	119.700	69.300	455.700	38.450	80.000	56.000	136.000	272.000	38.450		
38.460	233.100	111.300	71.400	415.800	38.460	84.800	59.200	136.000	280.000	38.460		
38.470	203.700	105.000	73.500	382.200	38.470	84.800	64.000	142.400	291.200	38.470		
38.480	176.400	100.800	79.800	357.000	38.480	86.400	72.000	153.600	312.000	38.480		
38.490	151.200	96.600	84.000	331.800	38.490	86.400	76.800	166.400	329.600	38.490		
38.500	128.100	96.600	88.200	312.900	38.500	86.400	81.600	182.400	350.400	38.500		
38.510	109.200	96.720	101.920	307.840	38.510	89.600	89.600	196.800	376.000	38.510		
38.520	89.440	96.720	114.400	300.560	38.520	89.600	94.400	209.600	393.600	38.520		
38.530	71.760	94.640	130.000	296.400	38.530	91.200	102.400	227.200	420.800	38.530		
38.540	59.280	91.520	142.480	293.280	38.540	94.380	108.900	242.000	445.280	38.540		
38.550	49.920	89.440	159.120	298.480	38.550	96.800	114.950	256.520	468.270	38.550		
38.560	41.600	84.240	176.800	302.640	38.560	99.220	124.630	272.250	496.100	38.560		
38.570	37.440	82.160	199.680	319.280	38.570	104.060	131.890	286.770	522.720	38.570		
38.580	32.240	74.880	219.440	326.560	38.580	111.320	143.990	296.450	551.760	38.580		
38.590	24.960	69.680	231.920	326.560	38.590	119.790	157.300	302.500	579.590	38.590		
38.600	21.840	64.480	244.400	330.720	38.600	129.470	166.980	302.500	598.950	38.600		
38.610	16.640	57.200	251.680	325.520	38.610	139.150	176.660	296.450	612.260	38.610		
38.620	14.560	49.920	260.000	324.480	38.620	152.460	189.970	294.030	636.460	38.620		
38.630	12.480	41.600	260.000	314.080	38.630	162.140	199.650	286.770	648.560	38.630		
38.640	9.360	34.320	254.800	298.480	38.640	176.660	209.330	279.510	665.500	38.640		
38.650	7.280	29.120	244.400	280.800	38.650	189.970	221.430	269.830	681.230	38.650		
38.660	4.600	17.480	230.000	252.080	38.660	206.910	232.320	258.940	698.170	38.660		
38.670	1.840	9.200	209.760	220.800	38.670	221.430	244.420	249.260	715.110	38.670		
38.680	0.000	1.840	186.760	188.600	38.680	239.580	256.520	237.160	733.260	38.680		
38.690	0.000	0.000	161.920	161.920	38.690	257.280	267.330	223.110	747.720	38.690		
38.700	0.000	0.000	137.080	137.080	38.700	273.360	273.360	213.060	759.780	38.700		
38.710	0.000	0.000	112.240	112.240	38.710	291.450	281.400	201.000	773.850	38.710		
38.720	0.000	0.000	87.400	87.400	38.720	309.540	289.440	190.950	789.930	38.720		
38.730	0.000	0.000	67.160	67.160	38.730	325.620	293.460	178.890	797.970	38.730		
38.740	0.000	0.000	49.680	49.680	38.740	341.700	301.500	166.830	810.030	38.740		
38.750	0.000	0.000	36.800	36.800	38.750	359.790	305.520	156.780	822.090	38.750		
38.760	0.000	0.000	24.840	24.840	38.760	379.890	311.550	140.700	832.140	38.760		
38.770	0.000	0.000	11.960	11.960	38.770	395.970	313.560	128.640	838.170	38.770		
38.780	1.840	0.000	7.360	9.200	38.780	416.070	315.570	116.580	848.220	38.780		
38.790	0.000	0.000	4.600	4.600	38.790	432.150	319.590	104.520	856.260	38.790		
38.800	0.000	0.000	1.840	1.840	38.800	448.230	319.590	92.460	860.280	38.800		
38.810	0.000	0.000	2.500	2.500	38.810	466.320	315.570	82.410	864.300	38.810		
38.820	0.000	0.000	2.500	2.500	38.820	482.400	313.560	68.340	864.300	38.820		
38.830	0.000	0.000	0.000	0.000	38.830	502.500	309.540	62.310	874.350	38.830		
38.840	0.000	0.000	0.000	0.000	38.840	517.980	299.730	49.470	867.180	38.840		
38.850	0.000	0.000	0.000	0.000	38.850	535.440	285.180	40.740	861.360	38.850		
38.860	0.000	0.000	0.000	0.000	38.860	552.900	273.540	34.920	861.360	38.860		
38.870	0.000	0.000	0.000	0.000	38.870	567.450	258.990	26.190	852.630	38.870		
38.880	0.000	0.000	0.000	0.000	38.880	584.910	244.440	17.460	846.810	38.880		
38.890	0.000	0.000	0.000	0.000	38.890	602.370	229.890	11.640	843.900	38.890		
38.900	0.000	0.000	0.000	0.000	38.900	616.920	212.430	2.910	832.260	38.900		
38.910	0.000	0.000	0.000	0.000	38.910	634.380	200.790	0.000	835.170	38.910		
38.920	0.000	0.000	0.000	0.000	38.920	648.930	189.150	0.000	838.080	38.920		
38.930	0.000	0.000	0.000	0.000	38.930	663.480	174.600	0.000	838.080	38.930		
38.940	0.000	0.000	0.000	0.000	38.940	675.120	162.960	0.000	838.080	38.940		
38.950	0.000	0.000	0.000	0.000	38.950	689.670	154.230	0.000	843.900	38.950		
38.960	0.000	0.000	0.000	0.000	38.960	701.310	139.680	0.000	840.990	38.960		
38.970	0.000	0.000	0.000	0.000	38.970	715.860	130.950	0.000	846.810	38.970		
38.980	0.000	0.000	0.000	0.000	38.980	727.500	122.220	0.000	849.720	38.980		
38.990	0.000	0.000	0.000	0.000	38.990	742.500	112.500	0.000	855.000	38.990		
39.000	0.000	0.000	0.000	0.000	39.000	750.000	108.750	0.000	858.750	39.000		
39.010	0.000	0.000	0.000	0.000	39.010	757.500	101.250	0.000	858.750	39.010		
39.020	0.000	0.000	0.000	0.000	39.020	772.500	97.500	0.000	870.000	39.020		
39.030	0.000	0.000	0.000	0.000	39.030	783.750	93.750	0.000	877.500	39.030		
39.040	0.000	0.000	0.000	0.000	39.040	795.000	90.000	0.000	885.000	39.040		
39.050	0.000	0.000	0.000	0.000	39.050	810.000	86.250	0.000	896.250	39.050		
39.060	0.000	0.000	0.000	0.000	39.060	825.000	82.500	0.000	907.500	39.060		
39.070	0.000	0.000	0.000	0.000	39.070	840.000	82.500	0.000	922.500	39.070		
39.080	0.000	0.000	0.000	0.000	39.080	858.750	78.750	0.000	937.500	39.080		
39.090	0.000	0.000	0.000	0.000	39.090	877.500	75.000	0.000	952.500	39.090		
39.100	0.000	0.000	0.000	0.000	39.100	896.250	71.250	0.000	967.500	39.100		
39.110	0.000	0.000	0.000	0.000	39.110	911.250	67.500	0.000	978.750	39.110		
39.120	0.000	0.000	0.000	0.000	39.120	926.250	63.750	0.000	990.000	39.120		
39.130	18.300	0.000	0.000	18.300	39.130	937.500	60.000	0.000	997.500	39.130		
39.140	51.240	0.000	0.000	51.240	39.140	943.710	53.060	0.000	996.770	39.140		
39.150	86.010	0.000	0.000	86.010	39.150	947.500	49.270	0.000	996.770	39.150		
39.160	124.440	1.830	0.000	126.270	39.160	939.920	41.690	0.000	981.610	39.160		
39.170	161.040	3.660	0.000	164.700	39.170	932.340	34.110	0.000	966.450	39.170		
39.180	212.280	9.150	0.000	221.430	39.180	909.600	30.320	0.000	939.920	39.180		
39.190	276.330	21.960	1.830	300.120	39.190	879.280	18.950	0.000	898.230	39.190		
39.200	336.720	38.430	9.150	384.300	39.200	841.380	11.370	0.000	852.750	39.200		
39.210	393.450	71.370	21.960	486.780	39.210	776.950	3.790	0.000	780.740	39.210		
39.220	439.200	102.480	31.110	572.790	39.220	689.780	0.000	0.000	689.780	39.220		
39.230	457.500	113.460	36.600	607.560	39.230	591.240	0.000	0.000	591.240	39.230		
39.240	453.840	120.780	43.920	618.540	39.240	477.540	0.000	0.000	477.540	39.240		
39.250	448.350	129.930	54.900	633.180	39.250	360.050	0.000	0.000	360.050	39.250		
39.260	452.200	138.700	60.800	651.700	39.260	253.930	0.000	0.000	253.930	39.260		
39.270	459.800	153.900	68.400	682.100	39.270	166.760	0.000	0.000	166.760	39.270		
39.280	467.400	161.500	76.000	704.900	39.280	102.330	0.000	0.000	102.330	39.280		
39.290	475.000	174.800	83.600	733.400	39.290	55.000	0.000	0.000	55.000	39.290		
39.300	475.000	190.000	95.000	760.000	39.300	29.920	0.000	0.000	29.920	39.300		
39.310	467.400	209.000	108.300	784.700	39.310	27.500	0.000	0.000	27.500	39.310		
39.320	448.400	231.800	127.300	807.500	39.320	24.860	0.000	0.000	24.860	39.320		
39.330	427.500	256.500	152.000	836.000	39.330	19.800	0.000	0.000	19.800	39.330		
39.340	399.000	281.200	182.400	862.600	39.340	19.800	0.000	0.000	19.800	39.340		
39.350	368.600	302.100	203.300	874.000	39.350	17.380	0.000	0.000	17.380	39.350		
39.360	343.900	313.500	226.100	883.500	39.360	14.960	0.000	0.000	14.960	39.360		
39.370	319.200	324.900	247.000	891.100	39.370	14.960	0.000	0.000	14.960	39.370		
39.380	294.500	328.700	266.000	889.200	39.380	12.320	0.000	0.000	12.320	39.380		
39.390	271.700	328.700	279.300	879.700	39.390	12.320	0.000	0.000	12.320	39.390		
39.400	248.900	328.700	290.700	868.300	39.400	12.320	0.000	0.000	12.320	39.400		
39.410	229.900	326.800	302.100	858.800	39.410	12.320	0.000	0.000	12.320	39.410		
39.420	209.000	324.900	311.600	845.500	39.420	9.900	0.000	0.000	9.900	39.420		
39.430	191.900	319.200	319.200	830.300	39.430	9.900	0.000	0.000	9.900	39.430		
39.440	176.700	317.300	328.700	822.700	39.440	10.000	0.000	0.000	10.000	39.440		
39.450	159.600	311.600	336.300	807.500	39.450	7.480	0.000	0.000	7.480	39.450		
39.460	144.400	305.900	342.000	792.300	39.460	7.480	0.000	0.000	7.480	39.460		
39.470	129.200	302.100	353.400	784.700	39.470	7.480	0.000	0.000	7.480	39.470		
39.480	112.100	294.500	364.800	771.400	39.480	7.480	0.000	0.000	7.480	39.480		
39.490	98.800	288.800	374.300	761.900	39.490	7.480	0.000	0.000	7.480	39.490		
39.500	87.400	285.000	385.700	758.100	39.500	7.480	0.000	0.000	7.480	39.500		
39.510	76.000	281.200	404.700	761.900	39.510	7.480	0.000	0.000	7.480	39.510		
39.520	66.500	277.400	419.900	763.800	39.520	7.480	0.000	0.000	7.480	39.520		
39.530	58.900	273.600	433.200	765.700	39.530	7.480	0.000	0.000	7.480	39.530		
39.540	51.300	269.800	452.200	773.300	39.540	7.480	0.000	0.000	7.480	39.540		
39.550	43.700	266.000	475.000	784.700	39.550	5.000	0.000	0.000	5.000	39.550		
39.560	37.510	259.160	494.450	791.120	39.560	5.000	0.000	0.000	5.000	39.560		
39.570	34.100	259.160	514.910	808.170	39.570	7.480	0.000	0.000	7.480	39.570		
39.580	27.280	252.340	538.780	818.400	39.580	7.480	0.000	0.000	7.480	39.580		
39.590	23.870	248.930	562.650	835.450	39.590	4.480	0.000	0.000	4.480	39.590		
39.600	17.050	242.110	589.930	849.090	39.600	4.480	0.000	0.000	4.480	39.600		
39.610	13.640	235.290	617.210	866.140	39.610	4.480	0.000	0.000	4.480	39.610		
39.620	10.230	225.060	641.080	876.370	39.620	2.240	0.000	0.000	2.240	39.620		
39.630	6.820	218.240	671.770	896.830	39.630	2.240	0.000	0.000	2.240	39.630		
39.640	3.410	208.010	702.460	913.880	39.640	4.480	0.000	0.000	4.480	39.640		
39.650	3.410	197.780	729.740	930.930	39.650	2.240	0.000	0.000	2.240	39.650		
39.660	0.000	187.550	753.610	941.160	39.660	2.240	0.000	0.000	2.240	39.660		
39.670	0.000	177.320	777.480	954.800	39.670	4.480	0.000	0.000	4.480	39.670		
39.680	0.000	160.270	804.760	965.030	39.680	4.480	0.000	0.000	4.480	39.680		
39.690	0.000	146.630	825.220	971.850	39.690	4.480	0.000	0.000	4.480	39.690		
39.700	0.000	139.810	852.500	992.310	39.700	4.480	0.000	2.240	6.720	39.700		
39.710	0.000	125.650	868.780	994.430	39.710	2.240	0.000	42.000	44.240	39.710		
39.720	0.000	111.290	886.730	998.020	39.720	0.000	4.480	92.400	96.880	39.720		
39.730	0.000	96.930	893.910	990.840	39.730	0.000	7.280	140.000	147.280	39.730		
39.740	0.000	89.750	897.500	987.250	39.740	0.000	9.400	193.640	203.040	39.740		
39.750	0.000	78.980	890.320	969.300	39.750	1.880	16.920	259.440	278.240	39.750		
39.760	0.000	64.620	879.550	944.170	39.760	3.760	20.680	329.000	353.440	39.760		
39.770	0.000	57.440	861.600	919.040	39.770	11.280	33.840	391.040	436.160	39.770		
39.780	0.000	46.670	829.290	875.960	39.780	18.800	58.280	441.800	518.880	39.780		
39.790	0.000	39.490	793.390	832.880	39.790	35.720	88.360	470.000	594.080	39.790		
39.800	0.000	28.720	739.540	768.260	39.800	48.880	103.400	464.360	616.640	39.800		
39.810	0.000	14.360	664.150	678.510	39.810	58.280	107.160	432.400	597.840	39.810		
39.820	0.000	7.180	585.170	592.350	39.820	73.320	114.680	402.320	590.320	39.820		
39.830	0.000	0.000	488.240	488.240	39.830	88.360	124.080	383.520	595.960	39.830		
39.840	0.000	0.000	384.130	384.130	39.840	107.160	141.000	381.640	629.800	39.840		
39.850	0.000	0.000	280.020	280.020	39.850	124.080	159.800	389.160	673.040	39.850		
39.860	0.000	0.000	187.500	187.500	39.860	137.240	178.600	404.200	720.040	39.860		
39.870	0.000	0.000	122.250	122.250	39.870	152.280	197.400	417.360	767.040	39.870		
39.880	0.000	0.000	72.000	72.000	39.880	163.560	212.440	426.760	802.760	39.880		
39.890	0.000	0.000	39.750	39.750	39.890	176.460	231.820	432.500	840.780	39.890		
39.900	0.000	0.000	27.000	27.000	39.900	186.840	242.200	432.500	861.540	39.900		
39.910	0.000	0.000	22.500	22.500	39.910	197.220	250.850	429.040	877.110	39.910		
39.920	0.000	0.000	19.500	19.500	39.920	204.140	261.230	418.660	884.030	39.920		
39.930	0.000	0.000	15.000	15.000	39.930	211.060	269.880	406.550	887.490	39.930		
39.940	0.000	0.000	15.000	15.000	39.940	221.440	273.340	385.790	880.570	39.940		
39.950	0.000	0.000	12.000	12.000	39.950	228.360	281.990	366.760	877.110	39.950		
39.960	0.000	0.000	9.750	9.750	39.960	238.740	283.720	339.080	861.540	39.960		
39.970	0.000	0.000	9.750	9.750	39.970	249.120	288.910	314.860	852.890	39.970		
39.980	0.000	0.000	9.750	9.750	39.980	259.500	292.370	292.370	844.240	39.980		
39.990	0.000	0.000	7.500	7.500	39.990	266.420	295.830	266.420	828.670	39.990		
40.000	0.000	0.000	7.500	7.500	40.000	276.800	295.830	243.930	816.560	40.000		
40.010	0.000	0.000	7.500	7.500	40.010	283.720	295.830	221.440	800.990	40.010		
40.020	0.000	0.000	7.500	7.500	40.020	295.830	295.830	198.950	790.610	40.020		
40.030	0.000	0.000	7.500	7.500	40.030	304.480	295.830	176.460	776.770	40.030		
40.040	0.000	0.000	4.980	4.980	40.040	314.420	294.520	157.210	766.150	40.040		
40.050	0.000	0.000	4.980	4.980	40.050	324.370	294.520	133.330	752.220	40.050		
40.060	0.000	0.000	4.980	4.980	40.060	336.310	294.520	117.410	748.240	40.060		
40.070	0.000	0.000	2.490	2.490	40.070	344.270	290.540	99.500	734.310	40.070		
40.080	0.000	0.000	2.490	2.490	40.080	356.210	290.540	85.570	732.320	40.080		
40.090	0.000	0.000	4.980	4.980	40.090	368.150	290.540	75.620	734.310	40.090		
40.100	0.000	0.000	2.490	2.490	40.100	378.100	288.550	65.670	732.320	40.100		
40.110	0.000	0.000	2.490	2.490	40.110	392.030	286.560	59.700	738.290	40.110		
40.120	0.000	0.000	2.490	2.490	40.120	403.970	284.570	49.750	738.290	40.120		
40.130	0.000	0.000	2.490	2.490	40.130	421.880	278.600	43.780	744.260	40.130		
40.140	0.000	0.000	2.490	2.490	40.140	433.820	276.610	35.820	746.250	40.140		
40.150	0.000	0.000	2.490	2.490	40.150	449.740	270.640	31.840	752.220	40.150		
40.160	0.000	0.000	0.000	0.000	40.160	463.670	268.650	23.880	756.200	40.160		
40.170	0.000	0.000	0.000	0.000	40.170	479.590	264.670	15.920	760.180	40.170		
40.180	0.000	0.000	0.000	0.000	40.180	497.500	258.700	11.940	768.140	40.180		
40.190	0.000	0.000	0.000	0.000	40.190	514.960	251.200	6.280	772.440	40.190		
40.200	0.000	0.000	0.000	0.000	40.200	533.800	244.920	3.140	781.860	40.200		
40.210	0.000	0.000	0.000	0.000	40.210	552.640	238.640	0.000	791.280	40.210		
40.220	0.000	0.000	0.000	0.000	40.220	574.620	232.360	0.000	806.980	40.220		
40.230	0.000	0.000	0.000	0.000	40.230	590.320	222.940	0.000	813.260	40.230		
40.240	0.000	0.000	0.000	0.000	40.240	612.300	216.660	0.000	828.960	40.240		
40.250	0.000	0.000	0.000	0.000	40.250	634.280	207.240	0.000	841.520	40.250		
40.260	0.000	0.000	0.000	0.000	40.260	653.120	197.820	0.000	850.940	40.260		
40.270	0.000	0.000	0.000	0.000	40.270	675.100	188.400	0.000	863.500	40.270		
40.280	0.000	0.000	2.500	2.500	40.280	697.080	175.840	0.000	872.920	40.280		
40.290	0.000	0.000	2.500	2.500	40.290	715.920	166.420	0.000	882.340	40.290		
40.300	0.000	0.000	2.500	2.500	40.300	737.900	153.860	0.000	891.760	40.300		
40.310	17.190	1.910	0.000	19.100	40.310	759.880	138.160	0.000	898.040	40.310		
40.320	57.300	3.820	0.000	61.120	40.320	772.440	125.600	0.000	898.040	40.320		
40.330	101.230	1.910	0.000	103.140	40.330	785.000	113.040	0.000	898.040	40.330		
40.340	143.250	5.730	0.000	148.980	40.340	792.500	98.270	0.000	890.770	40.340		
40.350	198.640	11.460	1.910	212.010	40.350	789.330	85.590	0.000	874.920	40.350		
40.360	269.310	17.190	3.820	290.320	40.360	782.990	76.080	0.000	859.070	40.360		
40.370	351.440	34.380	11.460	397.280	40.370	767.140	63.400	0.000	830.540	40.370		
40.380	431.660	68.760	21.010	521.430	40.380	744.950	50.720	0.000	795.670	40.380		
40.390	477.500	118.420	42.020	637.940	40.390	710.080	41.210	0.000	751.290	40.390		
40.400	477.500	135.610	53.480	666.590	40.400	659.360	31.700	0.000	691.060	40.400		
40.410	443.120	141.340	64.940	649.400	40.410	592.790	19.020	0.000	611.810	40.410		
40.420	408.740	147.070	76.400	632.210	40.420	507.200	9.510	0.000	516.710	40.420		
40.430	397.280	162.350	91.680	651.310	40.430	412.100	0.000	0.000	412.100	40.430		
40.440	393.460	175.720	106.960	676.140	40.440	310.660	0.000	0.000	310.660	40.440		
40.450	401.100	196.730	122.240	720.070	40.450	218.730	0.000	0.000	218.730	40.450		
40.460	411.400	221.000	134.300	766.700	40.460	139.480	0.000	0.000	139.480	40.460		
40.470	419.900	241.400	149.600	810.900	40.470	79.250	0.000	0.000	79.250	40.470		
40.480	425.000	263.500	166.600	855.100	40.480	44.380	0.000	0.000	44.380	40.480		
40.490	421.600	283.900	178.500	884.000	40.490	22.500	0.000	0.000	22.500	40.490		
40.500	414.800	299.200	192.100	906.100	40.500	19.980	0.000	0.000	19.980	40.500		
40.510	406.300	314.500	207.400	928.200	40.510	14.940	0.000	0.000	14.940	40.510		
40.520	394.400	321.300	215.900	931.600	40.520	12.420	0.000	0.000	12.420	40.520		
40.530	377.400	326.400	226.100	929.900	40.530	14.940	0.000	0.000	14.940	40.530		
40.540	357.000	326.400	231.200	914.600	40.540	12.420	0.000	0.000	12.420	40.540		
40.550	334.900	326.400	241.400	902.700	40.550	9.990	0.000	0.000	9.990	40.550		
40.560	311.100	326.400	249.900	887.400	40.560	7.470	0.000	0.000	7.470	40.560		
40.570	292.400	326.400	256.700	875.500	40.570	4.950	0.000	0.000	4.950	40.570		
40.580	272.000	321.300	261.800	855.100	40.580	4.950	0.000	0.000	4.950	40.580		
40.590	251.600	319.600	273.700	844.900	40.590	4.950	0.000	0.000	4.950	40.590		
40.600	229.500	316.200	282.200	827.900	40.600	4.950	0.000	0.000	4.950	40.600		
40.610	207.100	313.500	290.700	811.300	40.610	4.950	0.000	0.000	4.950	40.610		
40.620	186.200	309.700	298.300	794.200	40.620	4.950	0.000	0.000	4.950	40.620		
40.630	167.200	304.000	309.700	780.900	40.630	2.430	0.000	0.000	2.430	40.630		
40.640	148.200	298.300	319.200	765.700	40.640	2.500	0.000	0.000	2.500	40.640		
40.650	134.900	296.400	326.800	758.100	40.650	2.500	0.000	0.000	2.500	40.650		
40.660	115.900	290.700	336.300	742.900	40.660	2.500	0.000	0.000	2.500	40.660		
40.670	104.500	286.900	349.600	741.000	40.670	2.500	0.000	0.000	2.500	40.670		
40.680	91.200	281.200	364.800	737.200	40.680	2.500	0.000	0.000	2.500	40.680		
40.690	79.800	279.300	380.000	739.100	40.690	2.500	0.000	0.000	2.500	40.690		
40.700	72.200	277.400	391.400	741.000	40.700	2.500	0.000	0.000	2.500	40.700		
40.710	64.600	273.600	406.600	744.800	40.710	0.000	0.000	0.000	0.000	40.710		
40.720	57.000	269.800	421.800	748.600	40.720	0.000	0.000	0.000	0.000	40.720		
40.730	49.400	269.800	433.200	752.400	40.730	0.000	0.000	0.000	0.000	40.730		
40.740	47.500	269.800	456.000	773.300	40.740	0.000	0.000	0.000	0.000	40.740		
40.750	41.800	266.000	475.000	782.800	40.750	0.000	0.000	0.000	0.000	40.750		
40.760	35.750	263.250	494.000	793.000	40.760	0.000	0.000	0.000	0.000	40.760		
40.770	32.500	263.250	520.000	815.750	40.770	0.000	0.000	0.000	0.000	40.770		
40.780	32.500	263.250	539.500	835.250	40.780	0.000	0.000	0.000	0.000	40.780		
40.790	26.000	260.000	562.250	848.250	40.790	0.000	0.000	0.000	0.000	40.790		
40.800	19.500	253.500	585.000	858.000	40.800	0.000	0.000	0.000	0.000	40.800		
40.810	13.000	247.000	604.500	864.500	40.810	0.000	0.000	0.000	0.000	40.810		
40.820	9.750	240.500	630.500	880.750	40.820	0.000	0.000	0.000	0.000	40.820		
40.830	9.750	237.250	656.500	903.500	40.830	0.000	0.000	0.000	0.000	40.830		
40.840	6.500	227.500	679.250	913.250	40.840	0.000	0.000	0.000	0.000	40.840		
40.850	3.250	214.500	705.250	923.000	40.850	0.000	0.000	0.000	0.000	40.850		
40.860	0.000	204.750	731.250	936.000	40.860	0.000	0.000	0.000	0.000	40.860		
40.870	0.000	191.750	750.750	942.500	40.870	0.000	0.000	0.000	0.000	40.870		
40.880	0.000	178.750	773.500	952.250	40.880	0.000	0.000	0.000	0.000	40.880		
40.890	0.000	165.750	789.750	955.500	40.890	0.000	0.000	0.000	0.000	40.890		
40.900	0.000	152.750	812.500	965.250	40.900	0.000	0.000	0.000	0.000	40.900		
40.910	0.000	140.630	826.630	967.260	40.910	0.000	0.000	34.800	34.800	40.910		
40.920	0.000	126.910	843.780	970.690	40.920	0.000	6.960	94.540	101.500	40.920		
40.930	0.000	116.620	854.070	970.690	40.930	0.000	9.860	145.000	154.860	40.930		
40.940	0.000	106.330	857.500	963.830	40.940	0.000	11.460	181.450	192.910	40.940		
40.950	0.000	92.610	847.210	939.820	40.950	1.910	17.190	231.110	250.210	40.950		
40.960	0.000	82.320	840.350	922.670	40.960	5.730	24.830	305.600	336.160	40.960		
40.970	0.000	72.030	819.770	891.800	40.970	11.460	38.200	368.630	418.290	40.970		
40.980	0.000	61.740	792.330	854.070	40.980	24.830	68.760	416.380	509.970	40.980		
40.990	0.000	54.880	754.600	809.480	40.990	45.840	97.410	441.210	584.460	40.990		
41.000	0.000	44.590	699.720	744.310	41.000	61.120	103.140	431.660	595.920	41.000		
41.010	0.000	34.300	634.550	668.850	41.010	74.490	108.870	399.190	582.550	41.010		
41.020	0.000	20.580	548.800	569.380	41.020	93.590	122.240	383.910	599.740	41.020		
41.030	0.000	10.290	449.330	459.620	41.030	110.780	135.610	385.820	632.210	41.030		
41.040	0.000	0.000	339.570	339.570	41.040	126.060	156.620	404.920	687.600	41.040		
41.050	0.000	0.000	229.810	229.810	41.050	139.430	175.720	424.020	739.170	41.050		
41.060	0.000	0.000	140.000	140.000	41.060	150.890	194.820	443.120	788.830	41.060		
41.070	0.000	0.000	82.320	82.320	41.070	162.350	213.920	464.130	840.400	41.070		
41.080	0.000	2.240	44.800	47.040	41.080	171.900	229.200	477.500	878.600	41.080		
41.090	0.000	0.000	32.480	32.480	41.090	184.320	243.840	480.000	908.160	41.090		
41.100	0.000	0.000	27.440	27.440	41.100	192.000	257.280	476.160	925.440	41.100		
41.110	0.000	0.000	24.640	24.640	41.110	199.680	266.880	468.480	935.040	41.110		
41.120	0.000	0.000	19.600	19.600	41.120	207.360	270.720	453.120	931.200	41.120		
41.130	0.000	0.000	17.360	17.360	41.130	211.200	274.560	435.840	921.600	41.130		
41.140	0.000	0.000	17.360	17.360	41.140	216.960	274.560	414.720	906.240	41.140		
41.150	0.000	0.000	14.560	14.560	41.150	220.800	274.560	389.760	885.120	41.150		
41.160	0.000	0.000	14.560	14.560	41.160	226.560	274.560	364.800	865.920	41.160		
41.170	0.000	0.000	12.320	12.320	41.170	232.320	270.720	339.840	842.880	41.170		
41.180	0.000	0.000	12.320	12.320	41.180	241.920	268.800	314.880	825.600	41.180		
41.190	0.000	0.000	12.320	12.320	41.190	245.760	266.880	286.080	798.720	41.190		
41.200	0.000	0.000	9.520	9.520	41.200	253.440	266.880	264.960	785.280	41.200		
41.210	0.000	0.000	10.000	10.000	41.210	264.960	264.960	241.920	771.840	41.210		
41.220	0.000	0.000	10.000	10.000	41.220	270.720	261.120	218.880	750.720	41.220		
41.230	0.000	0.000	10.000	10.000	41.230	278.400	259.200	199.680	737.280	41.230		
41.240	0.000	0.000	7.480	7.480	41.240	291.560	256.100	177.300	724.960	41.240		
41.250	0.000	0.000	7.480	7.480	41.250	299.440	254.130	163.510	717.080	41.250		
41.260	0.000	0.000	5.000	5.000	41.260	309.290	254.130	149.720	713.140	41.260		
41.270	0.000	0.000	5.000	5.000	41.270	321.110	252.160	135.930	709.200	41.270		
41.280	0.000	0.000	5.000	5.000	41.280	330.960	252.160	124.110	707.230	41.280		
41.290	0.000	0.000	5.000	5.000	41.290	344.750	254.130	114.260	713.140	41.290		
41.300	0.000	0.000	2.480	2.480	41.300	358.540	254.130	102.440	715.110	41.300		
41.310	0.000	0.000	5.000	5.000	41.310	374.300	254.130	90.620	719.050	41.310		
41.320	0.000	0.000	2.480	2.480	41.320	388.090	256.100	84.710	728.900	41.320		
41.330	0.000	0.000	2.480	2.480	41.330	403.850	256.100	74.860	734.810	41.330		
41.340	0.000	0.000	2.480	2.480	41.340	421.580	256.100	68.950	746.630	41.340		
41.350	0.000	0.000	2.480	2.480	41.350	439.310	256.100	61.070	756.480	41.350		
41.360	0.000	0.000	2.500	2.500	41.360	457.040	256.100	57.130	770.270	41.360		
41.370	0.000	0.000	0.000	0.000	41.370	468.860	256.100	49.250	774.210	41.370		
41.380	0.000	0.000	0.000	0.000	41.380	492.500	254.130	43.340	789.970	41.380		
41.390	0.000	0.000	0.000	0.000	41.390	510.190	247.270	37.560	795.020	41.390		
41.400	0.000	0.000	0.000	0.000	41.400	528.970	247.270	34.430	810.670	41.400		
41.410	0.000	0.000	0.000	0.000	41.410	547.750	237.880	31.300	816.930	41.410		
41.420	0.000	0.000	0.000	0.000	41.420	569.660	231.620	21.910	823.190	41.420		
41.430	0.000	0.000	0.000	0.000	41.430	588.440	222.230	18.780	829.450	41.430		
41.440	0.000	0.000	0.000	0.000	41.440	610.350	209.710	9.390	829.450	41.440		
41.450	0.000	0.000	0.000	0.000	41.450	635.390	200.320	6.260	841.970	41.450		
41.460	0.000	0.000	0.000	0.000	41.460	660.430	190.930	6.260	857.620	41.460		
41.470	0.000	0.000	0.000	0.000	41.470	685.470	175.280	0.000	860.750	41.470		
41.480	0.000	0.000	0.000	0.000	41.480	707.380	162.760	0.000	870.140	41.480		
41.490	0.000	0.000	0.000	0.000	41.490	723.030	150.240	0.000	873.270	41.490		
41.500	0.000	0.000	2.500	2.500	41.500	738.680	137.720	0.000	876.400	41.500		
41.510	16.650	3.700	0.000	20.350	41.510	757.460	122.070	0.000	879.530	41.510		
41.520	59.200	7.400	0.000	66.600	41.520	769.980	109.550	0.000	879.530	41.520		
41.530	101.750	9.250	0.000	111.000	41.530	782.500	97.030	0.000	879.530	41.530		
41.540	142.450	11.100	0.000	153.550	41.540	785.000	84.780	0.000	869.780	41.540		
41.550	186.850	14.800	0.000	201.650	41.550	781.860	72.220	0.000	854.080	41.550		
41.560	234.950	18.500	1.850	255.300	41.560	772.440	59.660	0.000	832.100	41.560		
41.570	279.350	24.050	3.700	307.100	41.570	759.880	47.100	0.000	806.980	41.570		
41.580	327.450	33.300	9.250	370.000	41.580	734.760	37.680	0.000	772.440	41.580		
41.590	379.250	51.800	14.800	445.850	41.590	709.640	31.400	0.000	741.040	41.590		
41.600	419.950	88.800	25.900	534.650	41.600	668.820	21.980	0.000	690.800	41.600		
41.610	434.750	111.000	37.000	582.750	41.610	615.440	9.420	0.000	624.860	41.610		
41.620	431.050	123.950	51.800	606.800	41.620	549.500	3.140	0.000	552.640	41.620		
41.630	434.750	138.750	66.600	640.100	41.630	461.580	0.000	0.000	461.580	41.630		
41.640	445.850	153.550	81.400	680.800	41.640	361.100	0.000	0.000	361.100	41.640		
41.650	462.500	168.350	88.800	719.650	41.650	266.900	0.000	0.000	266.900	41.650		
41.660	486.140	187.320	100.350	773.810	41.660	182.120	0.000	0.000	182.120	41.660		
41.670	508.440	202.930	109.270	820.640	41.670	113.040	0.000	0.000	113.040	41.670		
41.680	528.510	214.080	113.730	856.320	41.680	65.940	0.000	0.000	65.940	41.680		
41.690	544.120	229.690	118.190	892.000	41.690	30.000	0.000	0.000	30.000	41.690		
41.700	550.810	240.840	124.880	916.530	41.700	17.400	0.000	0.000	17.400	41.700		
41.710	557.500	251.990	129.340	938.830	41.710	15.000	0.000	0.000	15.000	41.710		
41.720	553.040	258.680	133.800	945.520	41.720	15.000	0.000	0.000	15.000	41.720		
41.730	544.120	263.140	138.260	945.520	41.730	12.480	0.000	0.000	12.480	41.730		
41.740	530.740	263.140	138.260	932.140	41.740	9.960	0.000	0.000	9.960	41.740		
41.750	517.360	260.910	140.490	918.760	41.750	9.960	0.000	0.000	9.960	41.750		
41.760	499.520	258.680	144.950	903.150	41.760	7.440	0.000	0.000	7.440	41.760		
41.770	479.450	256.450	147.180	883.080	41.770	7.440	0.000	0.000	7.440	41.770		
41.780	463.840	251.990	147.180	863.010	41.780	4.920	0.000	0.000	4.920	41.780		
41.790	443.770	245.300	147.180	836.250	41.790	4.920	0.000	0.000	4.920	41.790		
41.800	421.470	238.610	147.180	807.260	41.800	2.400	0.000	0.000	2.400	41.800		
41.810	400.000	233.600	147.200	780.800	41.810	2.400	0.000	0.000	2.400	41.810		
41.820	379.200	227.200	147.200	753.600	41.820	2.400	0.000	0.000	2.400	41.820		
41.830	356.800	224.000	148.800	729.600	41.830	2.400	0.000	0.000	2.400	41.830		
41.840	339.200	222.400	152.000	713.600	41.840	2.500	0.000	0.000	2.500	41.840		
41.850	321.600	222.400	156.800	700.800	41.850	2.500	0.000	0.000	2.500	41.850		
41.860	307.200	222.400	160.000	689.600	41.860	0.000	0.000	0.000	0.000	41.860		
41.870	291.200	224.000	166.400	681.600	41.870	2.500	0.000	0.000	2.500	41.870		
41.880	276.800	227.200	174.400	678.400	41.880	2.500	0.000	0.000	2.500	41.880		
41.890	264.000	232.000	182.400	678.400	41.890	2.500	0.000	0.000	2.500	41.890		
41.900	254.400	240.000	192.000	686.400	41.900	0.000	0.000	0.000	0.000	41.900		
41.910	244.800	246.400	200.000	691.200	41.910	2.500	0.000	0.000	2.500	41.910		
41.920	236.800	251.200	211.200	699.200	41.920	0.000	0.000	0.000	0.000	41.920		
41.930	228.800	262.400	222.400	713.600	41.930	0.000	0.000	0.000	0.000	41.930		
41.940	219.200	268.800	233.600	721.600	41.940	0.000	0.000	0.000	0.000	41.940		
41.950	211.200	280.000	246.400	737.600	41.950	0.000	0.000	0.000	0.000	41.950		
41.960	204.160	292.320	264.480	760.960	41.960	0.000	0.000	0.000	0.000	41.960		
41.970	194.880	301.600	278.400	774.880	41.970	0.000	0.000	0.000	0.000	41.970		
41.980	185.600	313.200	299.280	798.080	41.980	0.000	0.000	0.000	0.000	41.980		
41.990	174.000	322.480	313.200	809.680	41.990	0.000	0.000	0.000	0.000	41.990		
42.000	162.400	329.440	331.760	823.600	42.000	0.000	0.000	0.000	0.000	42.000		
42.010	148.480	338.720	350.320	837.520	42.010	0.000	0.000	0.000	0.000	42.010		
42.020	139.200	343.360	368.880	851.440	42.020	0.000	0.000	0.000	0.000	42.020		
42.030	125.280	350.320	389.760	865.360	42.030	0.000	0.000	0.000	0.000	42.030		
42.040	113.680	354.960	408.320	876.960	42.040	0.000	0.000	0.000	0.000	42.040		
42.050	102.080	357.280	433.840	893.200	42.050	0.000	0.000	0.000	0.000	42.050		
42.060	83.520	350.320	459.360	893.200	42.060	0.000	0.000	0.000	0.000	42.060		
42.070	69.600	343.360	484.880	897.840	42.070	0.000	0.000	0.000	0.000	42.070		
42.080	55.680	336.400	512.720	904.800	42.080	0.000	0.000	0.000	0.000	42.080		
42.090	44.080	322.480	542.880	909.440	42.090	0.000	0.000	0.000	0.000	42.090		
42.100	37.120	306.240	580.000	923.360	42.100	0.000	0.000	0.000	0.000	42.100		
42.110	29.300	287.140	612.370	928.810	42.110	0.000	2.300	22.080	24.380	42.110		
42.120	17.580	263.700	644.600	925.880	42.120	0.000	7.360	69.920	77.280	42.120		
42.130	11.720	237.330	673.900	922.950	42.130	0.000	9.660	115.000	124.660	42.130		
42.140	5.860	210.960	697.340	914.160	42.140	0.000	11.760	154.840	166.600	42.140		
42.150	2.930	184.590	714.920	902.440	42.150	0.000	13.720	205.800	219.520	42.150		
42.160	0.000	161.150	729.570	890.720	42.160	0.000	19.600	260.680	280.280	42.160		
42.170	0.000	134.780	732.500	867.280	42.170	5.880	27.440	319.480	352.800	42.170		
42.180	0.000	117.200	732.500	849.700	42.180	11.760	37.240	368.480	417.480	42.180		
42.190	0.000	99.620	717.850	817.470	42.190	19.600	60.760	403.760	484.120	42.190		
42.200	0.000	84.970	697.340	782.310	42.200	31.360	82.320	417.480	531.160	42.200		
42.210	0.000	70.320	665.110	735.430	42.210	41.160	84.280	401.800	527.240	42.210		
42.220	0.000	58.600	621.160	679.760	42.220	49.000	88.200	378.280	515.480	42.220		
42.230	0.000	43.950	559.630	603.580	42.230	64.680	99.960	374.360	539.000	42.230		
42.240	0.000	32.230	495.170	527.400	42.240	76.440	111.720	384.160	572.320	42.240		
42.250	0.000	17.580	418.990	436.570	42.250	88.200	127.400	405.720	621.320	42.250		
42.260	0.000	6.550	327.500	334.050	42.260	99.960	143.080	439.040	682.080	42.260		
42.270	0.000	0.000	242.350	242.350	42.270	109.760	160.720	466.480	736.960	42.270		
42.280	0.000	0.000	163.750	163.750	42.280	121.520	178.360	490.000	789.880	42.280		
42.290	0.000	0.000	107.420	107.420	42.290	131.200	198.850	506.350	836.400	42.290		
42.300	0.000	0.000	64.190	64.190	42.300	141.450	213.200	512.500	867.150	42.300		
42.310	0.000	0.000	36.680	36.680	42.310	151.700	229.600	512.500	893.800	42.310		
42.320	0.000	0.000	24.890	24.890	42.320	161.950	241.900	504.300	908.150	42.320		
42.330	0.000	0.000	19.650	19.650	42.330	166.050	246.000	492.000	904.050	42.330		
42.340	0.000	0.000	19.650	19.650	42.340	176.300	254.200	473.550	904.050	42.340		
42.350	0.000	0.000	14.410	14.410	42.350	184.500	258.300	457.150	899.950	42.350		
42.360	0.000	0.000	14.410	14.410	42.360	194.750	264.450	436.650	895.850	42.360		
42.370	0.000	0.000	14.410	14.410	42.370	200.900	268.550	416.150	885.600	42.370		
42.380	0.000	0.000	11.790	11.790	42.380	211.150	270.600	393.600	875.350	42.380		
42.390	0.000	0.000	9.170	9.170	42.390	217.300	276.750	373.100	867.150	42.390		
42.400	0.000	0.000	9.170	9.170	42.400	223.450	276.750	354.650	854.850	42.400		
42.410	0.000	0.000	10.000	10.000	42.410	229.600	276.750	336.200	842.550	42.410		
42.420	0.000	0.000	10.000	10.000	42.420	233.700	274.700	313.650	822.050	42.420		
42.430	0.000	0.000	7.480	7.480	42.430	239.850	270.600	293.150	803.600	42.430		
42.440	0.000	0.000	5.000	5.000	42.440	243.820	268.640	271.560	784.020	42.440		
42.450	0.000	0.000	7.480	7.480	42.450	249.660	267.180	249.660	766.500	42.450		
42.460	0.000	0.000	5.000	5.000	42.460	254.040	261.340	229.220	744.600	42.460		
42.470	0.000	0.000	7.480	7.480	42.470	261.340	256.960	208.780	727.080	42.470		
42.480	0.000	0.000	7.480	7.480	42.480	267.180	256.960	194.180	718.320	42.480		
42.490	0.000	0.000	5.000	5.000	42.490	277.400	256.960	176.660	711.020	42.490		
42.500	0.000	0.000	2.480	2.480	42.500	284.700	254.040	162.060	700.800	42.500		
42.510	0.000	0.000	5.000	5.000	42.510	294.920	254.040	148.920	697.880	42.510		
42.520	0.000	0.000	2.480	2.480	42.520	303.680	256.960	137.240	697.880	42.520		
42.530	0.000	0.000	2.480	2.480	42.530	313.900	256.960	129.940	700.800	42.530		
42.540	0.000	0.000	0.000	0.000	42.540	321.200	259.880	121.180	702.260	42.540		
42.550	0.000	0.000	2.480	2.480	42.550	331.420	261.340	113.880	706.640	42.550		
42.560	0.000	0.000	0.000	0.000	42.560	341.640	264.260	106.580	712.480	42.560		
42.570	0.000	0.000	0.000	0.000	42.570	351.860	267.180	102.200	721.240	42.570		
42.580	0.000	0.000	0.000	0.000	42.580	365.000	271.560	96.360	732.920	42.580		
42.590	0.000	0.000	0.000	0.000	42.590	378.140	277.130	90.650	745.920	42.590		
42.600	0.000	0.000	0.000	0.000	42.600	393.680	282.310	85.470	761.460	42.600		
42.610	0.000	0.000	0.000	0.000	42.610	404.040	284.900	77.700	766.640	42.610		
42.620	0.000	0.000	0.000	0.000	42.620	419.580	287.490	72.520	779.590	42.620		
42.630	0.000	0.000	0.000	0.000	42.630	435.120	287.490	67.340	789.950	42.630		
42.640	0.000	0.000	0.000	0.000	42.640	450.660	287.490	62.160	800.310	42.640		
42.650	0.000	0.000	0.000	0.000	42.650	468.790	290.080	56.980	815.850	42.650		
42.660	0.000	0.000	0.000	0.000	42.660	486.920	290.080	51.800	828.800	42.660		
42.670	0.000	0.000	0.000	0.000	42.670	502.460	287.490	46.620	836.570	42.670		
42.680	0.000	2.500	0.000	2.500	42.680	520.590	287.490	41.440	849.520	42.680		
42.690	0.000	5.000	0.000	5.000	42.690	538.720	282.310	36.260	857.290	42.690		
42.700	0.000	5.000	2.500	7.500	42.700	564.620	274.540	31.080	870.240	42.700		
42.710	0.000	4.770	0.000	4.770	42.710	590.520	259.000	23.310	872.830	42.710		
42.720	0.000	4.770	1.590	6.360	42.720	619.010	243.460	15.540	878.010	42.720		
42.730	17.490	6.360	0.000	23.850	42.730	647.500	222.740	7.770	878.010	42.730		
42.740	54.060	6.360	0.000	60.420	42.740	669.900	200.100	5.800	875.800	42.740		
42.750	89.040	6.360	0.000	95.400	42.750	693.100	179.800	0.000	872.900	42.750		
42.760	122.430	9.540	1.590	133.560	42.760	707.600	153.700	0.000	861.300	42.760		
42.770	162.180	11.130	1.590	174.900	42.770	719.200	130.500	0.000	849.700	42.770		
42.780	211.470	17.490	1.590	230.550	42.780	725.000	113.100	0.000	838.100	42.780		
42.790	254.400	19.080	4.770	278.250	42.790	719.200	95.700	0.000	814.900	42.790		
42.800	290.970	23.850	9.540	324.360	42.800	707.600	81.200	0.000	788.800	42.800		
42.810	329.130	34.980	14.310	378.420	42.810	693.100	72.500	0.000	765.600	42.810		
42.820	360.930	46.110	14.310	421.350	42.820	669.900	60.900	0.000	730.800	42.820		
42.830	384.780	71.550	23.850	480.180	42.830	643.800	52.200	0.000	696.000	42.830		
42.840	397.500	96.990	31.800	526.290	42.840	600.300	40.600	0.000	640.900	42.840		
42.850	391.140	111.300	44.520	546.960	42.850	553.900	34.800	0.000	588.700	42.850		
42.860	392.040	126.720	61.380	580.140	42.860	495.900	26.100	0.000	522.000	42.860		
42.870	399.960	140.580	73.260	613.800	42.870	423.400	17.400	0.000	440.800	42.870		
42.880	411.840	158.400	91.080	661.320	42.880	336.400	5.800	0.000	342.200	42.880		
42.890	431.640	176.220	106.920	714.780	42.890	242.500	1.940	0.000	244.440	42.890		
42.900	451.440	196.020	116.820	764.280	42.900	161.990	0.000	0.000	161.990	42.900		
42.910	471.240	215.820	128.700	815.760	42.910	101.850	0.000	0.000	101.850	42.910		
42.920	487.080	235.620	138.600	861.300	42.920	57.230	0.000	0.000	57.230	42.920		
42.930	495.000	259.380	152.460	906.840	42.930	27.160	0.000	0.000	27.160	42.930		
42.940	495.000	273.240	164.340	932.580	42.940	11.640	0.000	0.000	11.640	42.940		
42.950	489.060	287.100	172.260	948.420	42.950	9.700	0.000	0.000	9.700	42.950		
42.960	479.160	297.000	178.200	954.360	42.960	6.790	0.000	0.000	6.790	42.960		
42.970	463.320	304.920	188.100	956.340	42.970	6.790	0.000	0.000	6.790	42.970		
42.980	447.480	310.860	199.980	958.320	42.980	6.790	0.000	0.000	6.790	42.980		
42.990	425.700	316.800	209.880	952.380	42.990	4.850	0.000	0.000	4.850	42.990		
43.000	403.920	318.780	221.760	944.460	43.000	4.850	0.000	0.000	4.850	43.000		
43.010	382.500	324.360	229.500	936.360	43.010	1.940	0.000	0.000	1.940	43.010		
43.020	356.490	324.360	238.680	919.530	43.020	1.940	0.000	0.000	1.940	43.020		
43.030	333.540	321.300	246.330	901.170	43.030	0.000	0.000	0.000	0.000	43.030		
43.040	313.650	321.300	253.980	888.930	43.040	0.000	0.000	0.000	0.000	43.040		
43.050	292.230	313.650	258.570	864.450	43.050	0.000	0.000	0.000	0.000	43.050		
43.060	272.340	309.060	261.630	843.030	43.060	0.000	0.000	0.000	0.000	43.060		
43.070	252.450	301.410	264.690	818.550	43.070	0.000	0.000	0.000	0.000	43.070		
43.080	234.090	299.880	272.340	806.310	43.080	0.000	0.000	0.000	0.000	43.080		
43.090	217.260	292.230	272.340	781.830	43.090	0.000	0.000	0.000	0.000	43.090		
43.100	201.960	286.110	273.870	761.940	43.100	0.000	0.000	0.000	0.000	43.100		
43.110	189.720	284.580	276.930	751.230	43.110	0.000	0.000	0.000	0.000	43.110		
43.120	177.480	281.520	281.520	740.520	43.120	0.000	0.000	0.000	0.000	43.120		
43.130	169.830	281.520	286.110	737.460	43.130	0.000	0.000	0.000	0.000	43.130		
43.140	159.120	284.580	293.760	737.460	43.140	0.000	0.000	0.000	0.000	43.140		
43.150	154.530	286.110	299.880	740.520	43.150	0.000	0.000	0.000	0.000	43.150		
43.160	146.150	288.600	308.950	743.700	43.160	0.000	0.000	0.000	0.000	43.160		
43.170	138.750	294.150	316.350	749.250	43.170	0.000	0.000	0.000	0.000	43.170		
43.180	133.200	296.000	323.750	752.950	43.180	0.000	0.000	0.000	0.000	43.180		
43.190	131.350	301.550	334.850	767.750	43.190	0.000	0.000	0.000	0.000	43.190		
43.200	125.800	303.400	344.100	773.300	43.200	0.000	0.000	0.000	0.000	43.200		
43.210	122.100	308.950	351.500	782.550	43.210	0.000	0.000	0.000	0.000	43.210		
43.220	118.400	314.500	360.750	793.650	43.220	0.000	0.000	0.000	0.000	43.220		
43.230	114.700	318.200	373.700	806.600	43.230	0.000	0.000	0.000	0.000	43.230		
43.240	111.000	323.750	384.800	819.550	43.240	0.000	0.000	0.000	0.000	43.240		
43.250	109.150	329.300	394.050	832.500	43.250	0.000	0.000	0.000	0.000	43.250		
43.260	107.300	336.700	403.300	847.300	43.260	2.500	0.000	0.000	2.500	43.260		
43.270	107.300	344.100	419.950	871.350	43.270	2.500	0.000	0.000	2.500	43.270		
43.280	101.750	351.500	431.050	884.300	43.280	2.500	0.000	0.000	2.500	43.280		
43.290	96.200	353.350	444.000	893.550	43.290	0.000	0.000	0.000	0.000	43.290		
43.300	88.800	358.900	462.500	910.200	43.300	2.500	0.000	0.000	2.500	43.300		
43.310	78.900	355.050	481.290	915.240	43.310	0.000	0.000	0.000	0.000	43.310		
43.320	71.010	352.420	502.330	925.760	43.320	0.000	0.000	0.000	0.000	43.320		
43.330	57.860	341.900	523.370	923.130	43.330	0.000	0.000	0.000	0.000	43.330		
43.340	49.970	328.750	547.040	925.760	43.340	0.000	0.000	0.000	0.000	43.340		
43.350	42.080	315.600	570.710	928.390	43.350	0.000	0.000	0.000	0.000	43.350		
43.360	34.190	297.190	591.750	923.130	43.360	0.000	4.980	26.560	31.540	43.360		
43.370	28.930	273.520	607.530	909.980	43.370	0.000	11.620	69.720	81.340	43.370		
43.380	21.040	244.590	625.940	891.570	43.380	0.000	14.940	129.480	144.420	43.380		
43.390	13.150	215.660	641.720	870.530	43.390	0.000	16.600	175.960	192.560	43.390		
43.400	7.890	189.360	652.240	849.490	43.400	0.000	19.920	219.120	239.040	43.400		
43.410	5.260	165.690	657.500	828.450	43.410	0.000	21.580	268.920	290.500	43.410		
43.420	0.000	142.020	657.500	799.520	43.420	6.640	29.880	328.680	365.200	43.420		
43.430	0.000	120.980	652.240	773.220	43.430	11.620	41.500	373.500	426.620	43.430		
43.440	0.000	102.570	639.090	741.660	43.440	21.580	61.420	403.380	486.380	43.440		
43.450	0.000	92.050	620.680	712.730	43.450	39.840	81.340	415.000	536.180	43.450		
43.460	0.000	77.880	590.000	667.880	43.460	54.780	89.640	398.400	542.820	43.460		
43.470	0.000	66.080	552.240	618.320	43.470	69.720	96.280	376.820	542.820	43.470		
43.480	0.000	56.640	507.400	564.040	43.480	84.660	104.580	366.860	556.100	43.480		
43.490	0.000	47.200	453.120	500.320	43.490	101.400	117.000	374.400	592.800	43.490		
43.500	0.000	35.400	394.120	429.520	43.500	113.100	130.650	386.100	629.850	43.500		
43.510	0.000	25.960	328.040	354.000	43.510	128.700	148.200	403.650	680.550	43.510		
43.520	0.000	14.160	257.240	271.400	43.520	142.350	169.650	427.050	739.050	43.520		
43.530	0.000	7.080	186.440	193.520	43.530	156.000	189.150	448.500	793.650	43.530		
43.540	0.000	0.000	129.800	129.800	43.540	171.600	208.650	466.050	846.300	43.540		
43.550	0.000	0.000	80.240	80.240	43.550	181.350	226.200	479.700	887.250	43.550		
43.560	0.000	0.000	49.560	49.560	43.560	196.950	241.800	487.500	926.250	43.560		
43.570	0.000	0.000	25.960	25.960	43.570	204.750	257.400	483.600	945.750	43.570		
43.580	0.000	0.000	21.240	21.240	43.580	214.500	267.150	479.700	961.350	43.580		
43.590	2.360	0.000	16.520	18.880	43.590	224.250	274.950	469.950	969.150	43.590		
43.600	2.360	0.000	16.520	18.880	43.600	228.150	278.850	456.300	963.300	43.600		
43.610	4.980	0.000	15.000	19.980	43.610	235.950	280.800	444.600	961.350	43.610		
43.620	4.980	0.000	15.000	19.980	43.620	241.800	280.800	429.000	951.600	43.620		
43.630	2.460	0.000	12.480	14.940	43.630	245.700	280.800	409.500	936.000	43.630		
43.640	2.460	0.000	12.480	14.940	43.640	249.550	282.100	387.500	919.150	43.640		
43.650	0.000	0.000	12.480	12.480	43.650	254.200	279.000	367.350	900.550	43.650		
43.660	2.460	0.000	12.480	14.940	43.660	258.850	277.450	344.100	880.400	43.660		
43.670	2.460	0.000	9.960	12.420	43.670	263.500	274.350	322.400	860.250	43.670		
43.680	2.460	0.000	9.960	12.420	43.680	269.700	269.700	299.150	838.550	43.680		
43.690	2.460	0.000	9.960	12.420	43.690	277.450	266.600	274.350	818.400	43.690		
43.700	2.460	0.000	7.500	9.960	43.700	283.650	261.950	246.450	792.050	43.700		
43.710	2.460	0.000	9.960	12.420	43.710	294.500	258.850	224.750	778.100	43.710		
43.720	2.460	0.000	7.500	9.960	43.720	306.900	254.200	199.950	761.050	43.720		
43.730	2.460	0.000	7.500	9.960	43.730	316.200	251.100	184.450	751.750	43.730		
43.740	2.460	0.000	7.500	9.960	43.740	327.050	251.100	168.950	747.100	43.740		
43.750	2.460	0.000	4.980	7.440	43.750	339.450	251.100	159.650	750.200	43.750		
43.760	2.500	0.000	5.000	7.500	43.760	348.750	251.100	148.800	748.650	43.760		
43.770	2.500	0.000	5.000	7.500	43.770	361.150	257.300	141.050	759.500	43.770		
43.780	2.500	0.000	2.500	5.000	43.780	376.650	258.850	136.400	771.900	43.780		
43.790	2.500	0.000	5.000	7.500	43.790	388.240	263.750	132.930	784.920	43.790		
43.800	2.500	0.000	5.000	7.500	43.800	403.010	267.970	128.710	799.690	43.800		
43.810	0.000	0.000	2.500	2.500	43.810	415.670	272.190	126.600	814.460	43.810		
43.820	0.000	0.000	2.500	2.500	43.820	426.220	276.410	122.380	825.010	43.820		
43.830	0.000	0.000	2.500	2.500	43.830	438.880	278.520	118.160	835.560	43.830		
43.840	0.000	0.000	5.000	5.000	43.840	451.540	280.630	113.940	846.110	43.840		
43.850	0.000	0.000	5.000	5.000	43.850	464.200	280.630	109.720	854.550	43.850		
43.860	0.000	0.000	2.500	2.500	43.860	476.860	286.960	105.500	869.320	43.860		
43.870	0.000	0.000	2.500	2.500	43.870	487.410	280.630	101.280	869.320	43.870		
43.880	0.000	0.000	2.500	2.500	43.880	495.850	278.520	94.950	869.320	43.880		
43.890	0.000	2.500	2.500	5.000	43.890	504.290	272.190	88.620	865.100	43.890		
43.900	0.000	2.500	2.500	5.000	43.900	508.510	265.860	82.290	856.660	43.900		
43.910	4.720	7.080	2.360	14.160	43.910	516.950	259.530	73.850	850.330	43.910		
43.920	7.080	12.390	4.720	24.190	43.920	521.170	251.090	65.410	837.670	43.920		
43.930	7.080	17.110	9.440	33.630	43.930	527.500	240.540	61.190	829.230	43.930		
43.940	12.390	24.780	24.780	61.950	43.940	530.000	231.080	57.240	818.320	43.940		
43.950	32.450	32.450	29.500	94.400	43.950	530.000	216.240	50.880	797.120	43.950		
43.960	49.560	44.840	42.480	136.880	43.960	525.760	203.520	46.640	775.920	43.960		
43.970	71.980	61.950	64.900	198.830	43.970	517.280	188.680	44.520	750.480	43.970		
43.980	87.320	77.290	82.010	246.620	43.980	502.440	171.720	38.160	712.320	43.980		
43.990	97.350	89.680	89.680	276.710	43.990	479.120	154.760	33.920	667.800	43.990		
44.000	102.070	97.350	99.710	299.130	44.000	449.440	139.920	31.800	621.160	44.000		
44.010	104.430	107.380	109.740	321.550	44.010	424.000	122.960	25.440	572.400	44.010		
44.020	107.380	117.410	119.770	344.560	44.020	400.680	114.480	21.200	536.360	44.020		
44.030	112.100	124.490	127.440	364.030	44.030	373.120	101.760	16.960	491.840	44.030		
44.040	117.410	134.520	137.470	389.400	44.040	351.920	91.160	10.600	453.680	44.040		
44.050	127.440	147.500	144.550	419.490	44.050	330.720	80.560	8.480	419.760	44.050		
44.060	139.650	156.940	151.620	448.210	44.060	311.640	74.200	6.360	392.200	44.060		
44.070	154.280	168.910	159.600	482.790	44.070	296.800	69.960	4.240	371.000	44.070		
44.080	168.910	182.210	164.920	516.040	44.080	281.960	61.480	2.120	345.560	44.080		
44.090	182.210	194.180	168.910	545.300	44.090	265.000	57.240	0.000	322.240	44.090		
44.100	191.520	204.820	176.890	573.230	44.100	246.980	51.940	0.000	298.920	44.100		
44.110	204.820	214.130	182.210	601.160	44.110	224.720	46.640	0.000	271.360	44.110		
44.120	216.790	227.430	186.200	630.420	44.120	204.580	42.400	0.000	246.980	44.120		
44.130	231.420	236.740	191.520	659.680	44.130	184.440	39.220	0.000	223.660	44.130		
44.140	248.710	248.710	196.840	694.260	44.140	162.180	37.100	0.000	199.280	44.140		
44.150	264.670	259.350	199.500	723.520	44.150	142.040	31.800	0.000	173.840	44.150		
44.160	281.960	271.320	199.500	752.780	44.160	119.780	24.380	0.000	144.160	44.160		
44.170	293.930	281.960	204.820	780.710	44.170	94.340	19.080	0.000	113.420	44.170		
44.180	309.890	291.270	207.480	808.640	44.180	72.080	11.660	0.000	83.740	44.180		
44.190	321.860	299.250	208.810	829.920	44.190	51.940	11.660	0.000	63.600	44.190		
44.200	332.500	307.230	211.470	851.200	44.200	37.100	7.420	2.120	46.640	44.200		
44.210	339.480	314.640	216.660	870.780	44.210	22.260	4.240	4.240	30.740	44.210		
44.220	345.000	321.540	216.660	883.200	44.220	7.420	2.120	4.240	13.780	44.220		
44.230	345.000	327.060	222.180	894.240	44.230	4.240	2.120	4.240	10.600	44.230		
44.240	345.000	329.820	224.940	899.760	44.240	0.000	2.490	4.980	7.470	44.240		
44.250	345.000	329.820	224.940	899.760	44.250	0.000	2.490	4.980	7.470	44.250		
44.260	342.240	329.820	226.320	898.380	44.260	0.000	2.490	7.500	9.990	44.260		
44.270	336.720	327.060	224.940	888.720	44.270	0.000	0.000	4.980	4.980	44.270		
44.280	331.200	324.300	224.940	880.440	44.280	0.000	0.000	4.980	4.980	44.280		
44.290	324.300	324.300	224.940	873.540	44.290	0.000	0.000	7.500	7.500	44.290		
44.300	317.400	321.540	224.940	863.880	44.300	0.000	0.000	7.500	7.500	44.300		
44.310	309.120	318.780	226.320	854.220	44.310	0.000	0.000	7.500	7.500	44.310		
44.320	299.460	317.400	224.940	841.800	44.320	0.000	0.000	7.500	7.500	44.320		
44.330	291.180	314.640	229.080	834.900	44.330	0.000	0.000	7.500	7.500	44.330		
44.340	284.280	314.640	229.080	828.000	44.340	0.000	0.000	7.500	7.500	44.340		
44.350	277.380	314.640	231.840	823.860	44.350	0.000	0.000	7.500	7.500	44.350		
44.360	272.440	314.140	234.910	821.490	44.360	0.000	0.000	4.980	4.980	44.360		
44.370	269.660	314.140	236.300	820.100	44.370	0.000	0.000	7.500	7.500	44.370		
44.380	269.660	316.920	236.300	822.880	44.380	0.000	0.000	4.980	4.980	44.380		
44.390	269.660	319.700	236.300	825.660	44.390	0.000	0.000	4.930	4.930	44.390		
44.400	272.440	323.870	236.300	832.610	44.400	0.000	0.000	4.930	4.930	44.400		
44.410	273.830	326.650	239.080	839.560	44.410	0.000	0.000	4.930	4.930	44.410		
44.420	276.610	329.430	241.860	847.900	44.420	0.000	0.000	4.930	4.930	44.420		
44.430	279.390	334.990	244.640	859.020	44.430	0.000	0.000	4.930	4.930	44.430		
44.440	279.390	336.380	247.420	863.190	44.440	0.000	2.380	4.930	7.310	44.440		
44.450	282.170	339.160	244.640	865.970	44.450	0.000	0.000	4.930	4.930	44.450		
44.460	282.170	341.940	244.640	868.750	44.460	0.000	0.000	4.930	4.930	44.460		
44.470	286.340	344.720	247.420	878.480	44.470	0.000	0.000	2.380	2.380	44.470		
44.480	286.340	344.720	248.810	879.870	44.480	0.000	0.000	4.930	4.930	44.480		
44.490	289.120	347.500	248.810	885.430	44.490	0.000	0.000	4.930	4.930	44.490		
44.500	291.900	347.500	248.810	888.210	44.500	0.000	0.000	19.890	19.890	44.500		
44.510	291.900	347.500	248.810	888.210	44.510	0.000	2.380	34.850	37.230	44.510		
44.520	291.900	344.720	251.590	888.210	44.520	2.380	2.380	42.500	47.260	44.520		
44.530	289.120	344.720	248.810	882.650	44.530	4.930	2.380	42.500	49.810	44.530		
44.540	284.950	341.940	247.420	874.310	44.540	7.250	2.320	42.340	51.910	44.540		
44.550	282.170	339.160	248.810	870.140	44.550	9.860	2.320	42.340	54.520	44.550		
44.560	276.610	336.380	247.420	860.410	44.560	9.860	2.320	39.730	51.910	44.560		
44.570	272.440	332.210	247.420	852.070	44.570	9.860	2.320	44.950	57.130	44.570		
44.580	266.880	329.430	247.420	843.730	44.580	12.470	2.320	47.270	62.060	44.580		
44.590	259.930	323.870	244.640	828.440	44.590	14.790	4.930	49.880	69.600	44.590		
44.600	251.590	319.700	239.080	810.370	44.600	17.400	7.250	52.490	77.140	44.600		
44.610	248.810	314.140	239.080	802.030	44.610	19.720	7.250	52.490	79.460	44.610		
44.620	247.420	309.970	236.300	793.690	44.620	19.720	9.860	57.420	87.000	44.620		
44.630	244.640	307.190	232.130	783.960	44.630	22.330	12.470	57.420	92.220	44.630		
44.640	241.860	298.850	229.350	770.060	44.640	24.940	14.790	59.740	99.470	44.640		
44.650	244.640	291.900	222.400	758.940	44.650	24.940	17.400	59.740	102.080	44.650		
44.660	247.250	287.500	217.350	752.100	44.660	27.260	19.720	64.960	111.940	44.660		
44.670	249.550	279.450	207.000	736.000	44.670	29.870	22.330	67.280	119.480	44.670		
44.680	254.150	271.400	202.400	727.950	44.680	29.870	22.330	72.500	124.700	44.680		
44.690	259.900	266.800	196.650	723.350	44.690	32.160	24.960	74.880	132.000	44.690		
44.700	264.500	262.200	189.750	716.450	44.700	32.160	27.360	79.680	139.200	44.700		
44.710	269.100	256.450	181.700	707.250	44.710	34.560	27.360	84.960	146.880	44.710		
44.720	274.850	251.850	179.400	706.100	44.720	37.440	29.760	89.760	156.960	44.720		
44.730	277.150	247.250	172.500	696.900	44.730	39.840	32.160	94.560	166.560	44.730		
44.740	281.750	239.200	166.750	687.700	44.740	39.840	32.160	99.840	171.840	44.740		
44.750	284.050	236.900	164.450	685.400	44.750	42.240	34.560	102.240	179.040	44.750		
44.760	284.050	234.600	162.150	680.800	44.760	44.640	34.560	107.040	186.240	44.760		
44.770	281.750	230.000	159.850	671.600	44.770	44.640	37.440	109.920	192.000	44.770		
44.780	281.750	226.550	156.400	664.700	44.780	47.040	39.840	112.320	199.200	44.780		
44.790	279.450	221.950	154.100	655.500	44.790	49.920	42.240	112.320	204.480	44.790		
44.800	277.150	219.650	154.100	650.900	44.800	54.720	44.640	114.720	214.080	44.800		
44.810	275.000	214.500	149.600	639.100	44.810	57.120	49.920	117.120	224.160	44.810		
44.820	271.700	212.300	149.600	633.600	44.820	60.000	49.920	117.120	227.040	44.820		
44.830	269.500	206.800	147.400	623.700	44.830	62.400	54.720	120.000	237.120	44.830		
44.840	267.300	204.600	144.100	616.000	44.840	67.310	57.240	122.430	246.980	44.840		
44.850	264.000	202.400	141.900	608.300	44.850	69.960	62.010	122.430	254.400	44.850		
44.860	261.800	196.900	141.900	600.600	44.860	74.730	64.660	122.430	261.820	44.860		
44.870	259.600	196.900	139.700	596.200	44.870	77.380	67.310	124.550	269.240	44.870		
44.880	257.400	194.700	139.700	591.800	44.880	82.150	72.080	124.550	278.780	44.880		
44.890	254.100	192.500	139.700	586.300	44.890	84.800	74.730	124.550	284.080	44.890		
44.900	251.900	189.200	134.200	575.300	44.900	87.450	79.500	127.200	294.150	44.900		
44.910	247.500	187.000	137.500	572.000	44.910	92.220	82.150	127.200	301.570	44.910		
44.920	247.500	187.000	134.200	568.700	44.920	92.220	82.150	127.200	301.570	44.920		
44.930	244.200	184.800	134.200	563.200	44.930	94.870	84.800	129.850	309.520	44.930		
44.940	239.800	181.500	134.200	555.500	44.940	96.990	84.800	129.850	311.640	44.940		
44.950	239.800	181.500	132.000	553.300	44.950	99.640	87.450	129.850	316.940	44.950		
44.960	237.500	179.550	132.050	549.100	44.960	102.290	89.570	132.500	324.360	44.960		
44.970	234.650	179.550	132.050	546.250	44.970	102.290	89.570	132.500	324.360	44.970		
44.980	231.800	176.700	132.050	540.550	44.980	104.940	92.220	132.500	329.660	44.980		
44.990	229.900	176.700	129.200	535.800	44.990	107.060	92.220	132.500	331.780	44.990		
45.000	227.050	176.700	132.050	535.800	45.000	107.060	92.220	132.500	331.780	45.000		
45.010	227.050	176.700	129.200	532.950	45.010	107.060	94.870	132.500	334.430	45.010		
45.020	224.200	174.800	129.200	528.200	45.020	109.710	94.870	132.500	337.080	45.020		
45.030	222.300	174.800	132.050	529.150	45.030	109.710	94.870	132.500	337.080	45.030		
45.040	222.300	176.700	132.050	531.050	45.040	112.360	94.870	132.500	339.730	45.040		
45.050	219.450	176.700	134.900	531.050	45.050	112.360	96.990	129.850	339.200	45.050		
45.060	216.600	176.700	134.900	528.200	45.060	112.360	96.990	129.850	339.200	45.060		
45.070	214.700	176.700	134.900	526.300	45.070	112.360	96.990	127.200	336.550	45.070		
45.080	214.700	179.550	136.800	531.050	45.080	114.480	96.990	127.200	338.670	45.080		
45.090	211.850	182.400	136.800	531.050	45.090	114.480	96.990	124.550	336.020	45.090		
45.100	211.850	182.400	139.650	533.900	45.100	114.480	96.990	124.550	336.020	45.100		
45.110	212.080	184.800	139.920	536.800	45.110	117.130	96.990	124.550	338.670	45.110		
45.120	209.440	184.800	139.920	534.160	45.120	117.130	96.990	124.550	338.670	45.120		
45.130	212.080	189.200	141.680	542.960	45.130	114.480	94.870	122.430	331.780	45.130		
45.140	209.440	189.200	144.320	542.960	45.140	114.720	94.560	120.000	329.280	45.140		
45.150	209.440	191.840	144.320	545.600	45.150	114.720	92.160	120.000	326.880	45.150		
45.160	209.440	194.480	146.960	550.880	45.160	114.720	92.160	120.000	326.880	45.160		
45.170	209.440	197.120	146.960	553.520	45.170	112.320	92.160	117.120	321.600	45.170		
45.180	209.440	199.760	146.960	556.160	45.180	112.320	89.760	117.120	319.200	45.180		
45.190	206.800	202.400	149.600	558.800	45.190	112.320	87.360	114.720	314.400	45.190		
45.200	209.440	204.160	149.600	563.200	45.200	112.320	84.960	114.720	312.000	45.200		
45.210	209.440	206.800	152.240	568.480	45.210	109.920	84.960	114.720	309.600	45.210		
45.220	209.440	212.080	152.240	573.760	45.220	107.040	82.080	114.720	303.840	45.220		
45.230	212.080	214.720	152.240	579.040	45.230	107.040	79.680	112.320	299.040	45.230		
45.240	212.080	214.720	152.240	579.040	45.240	104.640	77.280	112.320	294.240	45.240		
45.250	214.720	220.000	154.880	589.600	45.250	102.240	74.880	109.920	287.040	45.250		
45.260	217.280	222.130	152.290	591.700	45.260	97.440	72.480	109.920	279.840	45.260		
45.270	219.220	224.070	152.290	595.580	45.270	94.560	69.600	109.920	274.080	45.270		
45.280	219.220	226.980	149.380	595.580	45.280	89.760	67.200	112.320	269.280	45.280		
45.290	222.130	229.890	152.290	604.310	45.290	86.940	64.890	112.140	263.970	45.290		
45.300	226.980	229.890	147.440	604.310	45.300	79.380	59.850	112.140	251.370	45.300		
45.310	229.890	231.830	147.440	609.160	45.310	77.490	57.330	114.660	249.480	45.310		
45.320	234.740	231.830	144.530	611.100	45.320	72.450	54.810	117.180	244.440	45.320		
45.330	236.680	234.740	144.530	615.950	45.330	69.930	52.290	117.180	239.400	45.330		
45.340	239.590	236.680	141.620	617.890	45.340	67.410	49.770	122.220	239.400	45.340		
45.350	239.590	236.680	141.620	617.890	45.350	64.890	47.250	124.740	236.880	45.350		
45.360	239.590	239.590	139.680	618.860	45.360	59.850	44.730	127.260	231.840	45.360		
45.370	239.590	236.680	139.680	615.950	45.370	59.850	44.730	129.780	234.360	45.370		
45.380	242.500	239.590	136.770	618.860	45.380	57.330	44.730	134.820	236.880	45.380		
45.390	242.500	239.590	134.830	616.920	45.390	54.810	42.210	137.340	234.360	45.390		
45.400	242.500	239.590	131.920	614.010	45.400	54.810	42.210	142.380	239.400	45.400		
45.410	244.530	239.580	129.690	613.800	45.410	49.770	39.690	144.900	234.360	45.410		
45.420	244.530	236.610	126.720	607.860	45.420	49.770	39.690	149.940	239.400	45.420		
45.430	247.500	236.610	121.770	605.880	45.430	47.250	39.690	157.500	244.440	45.430		
45.440	247.500	234.630	116.820	598.950	45.440	46.400	39.440	164.720	250.560	45.440		
45.450	247.500	234.630	116.820	598.950	45.450	44.080	39.440	171.680	255.200	45.450		
45.460	247.500	234.630	114.840	596.970	45.460	44.080	41.760	179.800	265.640	45.460		
45.470	244.530	231.660	109.890	586.080	45.470	46.400	41.760	186.760	274.920	45.470		
45.480	239.580	229.680	106.920	576.180	45.480	46.400	44.080	194.880	285.360	45.480		
45.490	234.630	226.710	104.940	566.280	45.490	46.400	44.080	201.840	292.320	45.490		
45.500	231.660	224.730	99.990	556.380	45.500	46.400	46.400	209.960	302.760	45.500		
45.510	224.730	221.760	94.050	540.540	45.510	46.400	44.080	216.920	307.400	45.510		
45.520	219.780	214.830	89.100	523.710	45.520	46.400	46.400	223.880	316.680	45.520		
45.530	211.860	209.880	87.120	508.860	45.530	46.400	49.880	234.320	330.600	45.530		
45.540	201.960	204.930	82.170	489.060	45.540	49.880	49.880	242.440	342.200	45.540		
45.550	192.060	197.010	74.250	463.320	45.550	46.400	52.200	251.720	350.320	45.550		
45.560	180.000	187.500	67.500	435.000	45.560	49.880	56.840	264.480	371.200	45.560		
45.570	169.500	182.250	64.500	416.250	45.570	52.200	59.160	277.240	388.600	45.570		
45.580	159.750	172.500	54.750	387.000	45.580	52.200	64.960	290.000	407.160	45.580		
45.590	150.000	165.000	49.500	364.500	45.590	56.840	71.050	306.530	434.420	45.590		
45.600	139.500	157.500	45.000	342.000	45.600	58.870	77.140	324.800	460.810	45.600		
45.610	129.750	147.000	39.750	316.500	45.610	60.900	83.230	343.070	487.200	45.610		
45.620	122.250	139.500	34.500	296.250	45.620	64.960	91.350	361.340	517.650	45.620		
45.630	114.750	129.750	27.000	271.500	45.630	69.020	99.470	379.610	548.100	45.630		
45.640	107.250	117.000	22.500	246.750	45.640	71.050	105.560	399.910	576.520	45.640		
45.650	102.000	107.250	15.000	224.250	45.650	73.080	115.710	416.150	604.940	45.650		
45.660	94.500	97.500	7.500	199.500	45.660	77.140	123.830	434.420	635.390	45.660		
45.670	90.000	87.000	2.250	179.250	45.670	79.170	129.920	448.630	657.720	45.670		
45.680	82.500	77.250	0.000	159.750	45.680	83.230	136.010	464.870	684.110	45.680		
45.690	77.250	67.500	0.000	144.750	45.690	83.230	144.130	477.050	704.410	45.690		
45.700	69.750	60.000	0.000	129.750	45.700	87.290	146.160	483.140	716.590	45.700		
45.710	62.500	52.500	0.000	115.000	45.710	89.320	152.250	493.290	734.860	45.710		
45.720	55.000	45.000	0.000	100.000	45.720	89.320	154.280	501.410	745.010	45.720		
45.730	50.000	42.500	0.000	92.500	45.730	89.320	156.310	507.500	753.130	45.730		
45.740	45.000	37.500	0.000	82.500	45.740	92.250	159.900	512.500	764.650	45.740		
45.750	40.000	32.500	0.000	72.500	45.750	94.300	161.950	508.400	764.650	45.750		
45.760	40.000	27.500	0.000	67.500	45.760	96.350	164.000	506.350	766.700	45.760		
45.770	37.500	20.000	0.000	57.500	45.770	98.400	168.100	502.250	768.750	45.770		
45.780	35.000	12.500	0.000	47.500	45.780	102.500	168.100	494.050	764.650	45.780		
45.790	35.000	10.000	0.000	45.000	45.790	106.600	172.200	485.850	764.650	45.790		
45.800	32.500	5.000	0.000	37.500	45.800	106.600	174.250	479.700	760.550	45.800		
45.810	30.000	5.000	0.000	35.000	45.810	110.700	176.300	469.450	756.450	45.810		
45.820	30.000	0.000	2.500	32.500	45.820	114.800	178.350	461.250	754.400	45.820		
45.830	32.500	0.000	2.500	35.000	45.830	118.900	184.500	451.000	754.400	45.830		
45.840	35.000	0.000	2.500	37.500	45.840	123.000	186.550	444.850	754.400	45.840		
45.850	37.500	0.000	5.000	42.500	45.850	129.150	188.600	434.600	752.350	45.850		
45.860	37.440	0.000	4.680	42.120	45.860	133.250	188.600	424.350	746.200	45.860		
45.870	42.120	0.000	4.680	46.800	45.870	139.400	190.650	414.100	744.150	45.870		
45.880	47.320	0.000	7.280	54.600	45.880	143.500	190.650	401.800	735.950	45.880		
45.890	52.000	0.000	7.280	59.280	45.890	151.900	193.750	387.500	733.150	45.890		
45.900	62.400	0.000	7.280	69.680	45.900	155.000	192.200	372.000	719.200	45.900		
45.910	77.480	0.000	7.280	84.760	45.910	159.650	189.100	356.500	705.250	45.910		
45.920	97.240	14.560	17.160	128.960	45.920	161.200	184.450	341.000	686.650	45.920		
45.930	114.920	32.240	32.240	179.400	45.930	164.300	181.350	327.050	672.700	45.930		
45.940	117.000	39.520	39.520	196.040	45.940	167.400	172.050	306.900	646.350	45.940		
45.950	119.600	54.600	49.920	224.120	45.950	168.950	161.200	282.100	612.250	45.950		
45.960	124.800	69.680	62.400	256.880	45.960	172.050	151.900	257.300	581.250	45.960		
45.970	127.400	79.560	72.280	279.240	45.970	173.600	139.500	229.400	542.500	45.970		
45.980	124.800	89.960	82.160	296.920	45.980	179.800	127.100	201.500	508.400	45.980		
45.990	127.400	99.840	92.040	319.280	45.990	181.350	111.600	173.600	466.550	45.990		
46.000	130.000	109.720	104.520	344.240	46.000	186.000	99.200	147.250	432.450	46.000		
46.010	131.840	121.600	113.920	367.360	46.010	189.100	82.150	119.350	390.600	46.010		
46.020	139.520	134.400	129.280	403.200	46.020	192.200	63.550	99.200	354.950	46.020		
46.030	147.200	147.200	144.640	439.040	46.030	192.200	49.600	82.150	323.950	46.030		
46.040	152.320	160.000	157.440	469.760	46.040	187.500	32.250	67.500	287.250	46.040		
46.050	161.280	176.640	171.520	509.440	46.050	177.000	15.000	57.000	249.000	46.050		
46.060	171.520	189.440	181.760	542.720	46.060	167.250	2.250	47.250	216.750	46.060		
46.070	184.320	207.360	197.120	588.800	46.070	152.250	0.000	42.000	194.250	46.070		
46.080	197.120	221.440	209.920	628.480	46.080	135.000	0.000	42.000	177.000	46.080		
46.090	212.480	241.920	221.440	675.840	46.090	117.000	0.000	37.500	154.500	46.090		
46.100	229.120	259.840	236.800	725.760	46.100	97.500	0.000	34.500	132.000	46.100		
46.110	241.920	273.920	247.040	762.880	46.110	79.500	0.000	32.250	111.750	46.110		
46.120	254.720	289.280	257.280	801.280	46.120	64.500	0.000	27.000	91.500	46.120		
46.130	264.960	299.520	262.400	826.880	46.130	47.250	0.000	22.500	69.750	46.130		
46.140	271.360	309.760	268.800	849.920	46.140	39.750	0.000	19.500	59.250	46.140		
46.150	279.040	320.000	273.920	872.960	46.150	30.000	0.000	17.250	47.250	46.150		
46.160	282.480	324.720	279.840	887.040	46.160	22.500	0.000	17.250	39.750	46.160		
46.170	283.800	330.000	283.800	897.600	46.170	12.000	0.000	17.250	29.250	46.170		
46.180	283.800	330.000	286.440	900.240	46.180	4.500	0.000	17.250	21.750	46.180		
46.190	279.840	330.000	286.440	896.280	46.190	0.000	0.000	15.000	15.000	46.190		
46.200	277.200	330.000	286.440	893.640	46.200	0.000	0.000	15.000	15.000	46.200		
46.210	271.920	324.720	286.440	883.080	46.210	0.000	0.000	12.480	12.480	46.210		
46.220	266.640	322.080	286.440	875.160	46.220	0.000	0.000	9.960	9.960	46.220		
46.230	261.360	314.160	282.480	858.000	46.230	0.000	0.000	9.960	9.960	46.230		
46.240	257.400	311.520	279.840	848.760	46.240	0.000	0.000	9.960	9.960	46.240		
46.250	257.400	306.240	274.560	838.200	46.250	0.000	0.000	9.960	9.960	46.250		
46.260	258.720	306.240	271.920	836.880	46.260	0.000	0.000	7.500	7.500	46.260		
46.270	261.360	306.240	269.280	836.880	46.270	0.000	0.000	7.500	7.500	46.270		
46.280	266.640	306.240	266.640	839.520	46.280	0.000	0.000	7.500	7.500	46.280		
46.290	271.920	308.880	266.640	847.440	46.290	0.000	0.000	4.980	4.980	46.290		
46.300	279.840	308.880	266.640	855.360	46.300	0.000	0.000	7.500	7.500	46.300		
46.310	285.000	312.500	262.500	860.000	46.310	0.000	0.000	7.500	7.500	46.310		
46.320	287.500	312.500	262.500	862.500	46.320	0.000	0.000	7.500	7.500	46.320		
46.330	292.500	312.500	260.000	865.000	46.330	0.000	0.000	7.500	7.500	46.330		
46.340	297.500	312.500	257.500	867.500	46.340	0.000	0.000	7.480	7.480	46.340		
46.350	300.000	312.500	252.500	865.000	46.350	0.000	0.000	7.480	7.480	46.350		
46.360	305.000	310.000	252.500	867.500	46.360	0.000	0.000	10.000	10.000	46.360		
46.370	305.000	310.000	247.500	862.500	46.370	0.000	0.000	10.000	10.000	46.370		
46.380	307.500	310.000	245.000	862.500	46.380	0.000	0.000	10.000	10.000	46.380		
46.390	307.500	310.000	245.000	862.500	46.390	0.000	0.000	10.000	10.000	46.390		
46.400	307.500	310.000	242.500	860.000	46.400	0.000	0.000	10.000	10.000	46.400		
46.410	307.500	310.000	240.000	857.500	46.410	0.000	0.000	7.480	7.480	46.410		
46.420	307.500	307.500	237.500	852.500	46.420	0.000	0.000	10.000	10.000	46.420		
46.430	307.500	307.500	232.500	847.500	46.430	0.000	0.000	7.480	7.480	46.430		
46.440	310.000	305.000	230.000	845.000	46.440	0.000	2.480	7.480	9.960	46.440		
46.450	312.500	300.000	222.500	835.000	46.450	0.000	2.480	5.000	7.480	46.450		
46.460	314.140	294.680	214.060	822.880	46.460	0.000	5.000	5.000	10.000	46.460		
46.470	319.700	289.120	204.330	813.150	46.470	0.000	5.000	5.000	10.000	46.470		
46.480	322.480	284.950	194.600	802.030	46.480	0.000	5.000	5.000	10.000	46.480		
46.490	329.430	276.610	186.260	792.300	46.490	0.000	3.900	3.900	7.800	46.490		
46.500	334.990	272.440	173.750	781.180	46.500	0.000	9.100	27.300	36.400	46.500		
46.510	339.160	261.320	161.240	761.720	46.510	0.000	22.100	54.600	76.700	46.510		
46.520	344.720	254.370	148.730	747.820	46.520	3.900	33.800	76.700	114.400	46.520		
46.530	347.500	244.640	139.000	731.140	46.530	6.500	44.200	109.200	159.900	46.530		
46.540	344.720	232.130	123.710	700.560	46.540	16.900	54.600	146.900	218.400	46.540		
46.550	334.990	219.620	111.200	665.810	46.550	24.700	65.000	179.400	269.100	46.550		
46.560	319.700	204.330	98.690	622.720	46.560	36.400	71.500	196.300	304.200	46.560		
46.570	301.630	191.820	88.960	582.410	46.570	41.600	79.300	209.300	330.200	46.570		
46.580	284.950	179.310	76.450	540.710	46.580	49.400	84.500	224.900	358.800	46.580		
46.590	266.880	166.800	66.720	500.400	46.590	57.200	92.300	239.200	388.700	46.590		
46.600	247.420	154.290	59.770	461.480	46.600	65.000	101.400	257.400	423.800	46.600		
46.610	225.000	142.200	46.800	414.000	46.610	68.900	109.200	276.900	455.000	46.610		
46.620	204.300	126.900	39.600	370.800	46.620	76.700	119.600	299.000	495.300	46.620		
46.630	181.800	114.300	32.400	328.500	46.630	81.900	130.000	325.000	536.900	46.630		
46.640	162.000	99.900	22.500	284.400	46.640	86.210	139.800	351.830	577.840	46.640		
46.650	139.500	87.300	11.700	238.500	46.650	90.870	149.120	382.120	622.110	46.650		
46.660	119.700	72.000	4.500	196.200	46.660	95.530	156.110	407.750	659.390	46.660		
46.670	101.700	62.100	0.000	163.800	46.670	97.860	165.430	435.710	699.000	46.670		
46.680	81.900	52.200	0.000	134.100	46.680	100.190	174.750	463.670	738.610	46.680		
46.690	67.500	46.800	0.000	114.300	46.690	97.860	181.740	489.300	768.900	46.690		
46.700	56.700	42.300	0.000	99.000	46.700	97.860	186.400	507.940	792.200	46.700		
46.710	46.800	36.900	0.000	83.700	46.710	97.860	188.730	528.910	815.500	46.710		
46.720	39.600	32.400	0.000	72.000	46.720	97.860	191.060	538.230	827.150	46.720		
46.730	29.700	24.300	0.000	54.000	46.730	95.530	191.060	549.880	836.470	46.730		
46.740	22.500	19.800	0.000	42.300	46.740	90.870	188.730	556.870	836.470	46.740		
46.750	11.700	9.900	0.000	21.600	46.750	88.540	188.730	566.190	843.460	46.750		
46.760	4.980	7.500	0.000	12.480	46.760	86.210	186.400	570.850	843.460	46.760		
46.770	0.000	2.490	0.000	2.490	46.770	81.550	181.740	577.840	841.130	46.770		
46.780	0.000	0.000	0.000	0.000	46.780	79.220	179.410	582.500	841.130	46.780		
46.790	0.000	0.000	0.000	0.000	46.790	70.840	177.100	586.960	834.900	46.790		
46.800	0.000	0.000	0.000	0.000	46.800	68.310	174.570	592.020	834.900	46.800		
46.810	0.000	0.000	0.000	0.000	46.810	63.250	169.510	592.020	824.780	46.810		
46.820	0.000	0.000	0.000	0.000	46.820	58.190	169.510	594.550	822.250	46.820		
46.830	0.000	0.000	0.000	0.000	46.830	55.660	166.980	597.080	819.720	46.830		
46.840	0.000	0.000	0.000	0.000	46.840	50.600	166.980	602.140	819.720	46.840		
46.850	0.000	0.000	0.000	0.000	46.850	53.130	164.450	607.200	824.780	46.850		
46.860	0.000	0.000	2.490	2.490	46.860	50.600	164.450	609.730	824.780	46.860		
46.870	0.000	0.000	2.490	2.490	46.870	50.600	164.450	614.790	829.840	46.870		
46.880	0.000	0.000	0.000	0.000	46.880	48.070	164.450	617.320	829.840	46.880		
46.890	0.000	0.000	0.000	0.000	46.890	48.070	164.450	619.850	832.370	46.890		
46.900	0.000	0.000	0.000	0.000	46.900	48.070	164.450	619.850	832.370	46.900		
46.910	0.000	0.000	0.000	0.000	46.910	45.540	164.450	624.910	834.900	46.910		
46.920	0.000	0.000	2.400	2.400	46.920	45.540	164.450	629.970	839.960	46.920		
46.930	0.000	0.000	2.400	2.400	46.930	48.070	166.980	632.500	847.550	46.930		
46.940	0.000	0.000	0.000	0.000	46.940	45.540	169.510	632.500	847.550	46.940		
46.950	0.000	0.000	2.400	2.400	46.950	48.070	169.510	632.500	850.080	46.950		
46.960	0.000	0.000	2.400	2.400	46.960	48.070	169.510	632.500	850.080	46.960		
46.970	0.000	0.000	0.000	0.000	46.970	50.600	172.040	627.440	850.080	46.970		
46.980	0.000	0.000	0.000	0.000	46.980	53.130	177.100	622.380	852.610	46.980		
46.990	0.000	0.000	2.400	2.400	46.990	58.190	182.160	612.260	852.610	46.990		
47.000	0.000	0.000	0.000	0.000	47.000	63.250	187.220	604.670	855.140	47.000		
47.010	0.000	0.000	0.000	0.000	47.010	68.310	192.280	592.020	852.610	47.010		
47.020	0.000	0.000	0.000	0.000	47.020	75.900	202.400	574.310	852.610	47.020		
47.030	0.000	0.000	0.000	0.000	47.030	83.490	207.460	561.660	852.610	47.030		
47.040	10.000	2.400	0.000	12.400	47.040	93.610	212.520	543.950	850.080	47.040		
47.050	50.000	7.400	2.400	59.800	47.050	101.200	217.580	523.710	842.490	47.050		
47.060	99.220	16.940	2.420	118.580	47.060	108.790	222.640	495.880	827.310	47.060		
47.070	124.630	21.780	4.840	151.250	47.070	118.910	222.640	455.400	796.950	47.070		
47.080	127.050	24.200	4.840	156.090	47.080	129.030	222.640	412.390	764.060	47.080		
47.090	127.050	26.620	4.840	158.510	47.090	147.000	221.200	350.000	718.200	47.090		
47.100	124.630	31.460	9.680	165.770	47.100	166.600	217.000	280.000	663.600	47.100		
47.110	124.630	36.300	12.100	173.030	47.110	186.200	204.400	219.800	610.400	47.110		
47.120	129.470	42.350	19.360	191.180	47.120	210.000	189.000	159.600	558.600	47.120		
47.130	136.730	49.610	24.200	210.540	47.130	232.400	162.400	99.400	494.200	47.130		
47.140	154.880	59.290	33.880	248.050	47.140	261.800	127.400	61.600	450.800	47.140		
47.150	176.660	68.970	44.770	290.400	47.150	287.000	96.600	46.200	429.800	47.150		
47.160	202.070	87.120	54.450	343.640	47.160	306.600	71.400	36.400	414.400	47.160		
47.170	229.900	106.480	66.550	402.930	47.170	315.000	49.000	32.200	396.200	47.170		
47.180	258.940	129.470	82.280	470.690	47.180	309.400	35.000	22.400	366.800	47.180		
47.190	284.350	154.880	91.960	531.190	47.190	299.600	19.600	14.000	333.200	47.190		
47.200	302.500	176.660	104.060	583.220	47.200	277.200	7.000	7.000	291.200	47.200		
47.210	319.210	201.390	119.190	639.790	47.210	245.000	0.000	1.400	246.400	47.210		
47.220	328.800	224.680	134.260	687.740	47.220	207.200	0.000	0.000	207.200	47.220		
47.230	337.020	246.600	143.850	727.470	47.230	169.400	0.000	0.000	169.400	47.230		
47.240	339.760	267.150	158.920	765.830	47.240	127.500	0.000	0.000	127.500	47.240		
47.250	342.500	286.330	173.990	802.820	47.250	94.860	0.000	0.000	94.860	47.250		
47.260	337.020	301.400	189.060	827.480	47.260	72.420	0.000	2.040	74.460	47.260		
47.270	328.800	316.470	204.130	849.400	47.270	52.020	0.000	7.140	59.160	47.270		
47.280	319.210	327.430	216.460	863.100	47.280	37.230	0.000	12.240	49.470	47.280		
47.290	309.620	334.280	228.790	872.690	47.290	24.990	0.000	14.790	39.780	47.290		
47.300	291.810	337.020	239.750	868.580	47.300	17.340	0.000	9.690	27.030	47.300		
47.310	274.000	339.760	252.080	865.840	47.310	14.790	0.000	4.590	19.380	47.310		
47.320	254.820	334.280	256.190	845.290	47.320	12.240	0.000	4.590	16.830	47.320		
47.330	234.270	328.800	267.150	830.220	47.330	9.690	0.000	7.140	16.830	47.330		
47.340	216.460	321.950	274.000	812.410	47.340	7.140	0.000	4.590	11.730	47.340		
47.350	197.280	313.730	282.220	793.230	47.350	4.590	0.000	4.590	9.180	47.350		
47.360	177.840	307.800	291.840	777.480	47.360	4.590	0.000	2.040	6.630	47.360		
47.370	159.600	303.240	300.960	763.800	47.370	4.590	0.000	2.040	6.630	47.370		
47.380	143.640	298.680	312.360	754.680	47.380	2.040	0.000	0.000	2.040	47.380		
47.390	125.400	296.400	323.760	745.560	47.390	0.000	0.000	0.000	0.000	47.390		
47.400	111.720	294.120	339.720	745.560	47.400	0.000	0.000	0.000	0.000	47.400		
47.410	98.040	289.560	355.680	743.280	47.410	0.000	0.000	0.000	0.000	47.410		
47.420	86.640	289.560	376.200	752.400	47.420	0.000	0.000	0.000	0.000	47.420		
47.430	70.680	285.000	399.000	754.680	47.430	0.000	0.000	0.000	0.000	47.430		
47.440	61.560	278.160	424.080	763.800	47.440	0.000	0.000	0.000	0.000	47.440		
47.450	52.440	271.320	446.880	770.640	47.450	0.000	0.000	0.000	0.000	47.450		
47.460	41.040	266.760	467.400	775.200	47.460	0.000	0.000	0.000	0.000	47.460		
47.470	34.200	259.920	494.760	788.880	47.470	0.000	0.000	0.000	0.000	47.470		
47.480	29.640	250.800	515.280	795.720	47.480	0.000	0.000	0.000	0.000	47.480		
47.490	20.520	243.960	538.080	802.560	47.490	0.000	0.000	0.000	0.000	47.490		
47.500	15.960	239.400	570.000	825.360	47.500	0.000	0.000	0.000	0.000	47.500		
47.510	11.160	230.640	595.200	837.000	47.510	0.000	0.000	0.000	0.000	47.510		
47.520	7.440	223.200	624.960	855.600	47.520	0.000	0.000	0.000	0.000	47.520		
47.530	3.720	212.040	651.000	866.760	47.530	0.000	0.000	0.000	0.000	47.530		
47.540	3.720	204.600	677.040	885.360	47.540	0.000	0.000	0.000	0.000	47.540		
47.550	0.000	193.440	706.800	900.240	47.550	0.000	0.000	0.000	0.000	47.550		
47.560	0.000	182.280	729.120	911.400	47.560	0.000	0.000	0.000	0.000	47.560		
47.570	0.000	174.840	751.440	926.280	47.570	0.000	0.000	0.000	0.000	47.570		
47.580	0.000	163.680	777.480	941.160	47.580	0.000	0.000	0.000	0.000	47.580		
47.590	0.000	152.520	799.800	952.320	47.590	0.000	0.000	0.000	0.000	47.590		
47.600	0.000	141.360	825.840	967.200	47.600	0.000	0.000	0.000	0.000	47.600		
47.610	0.000	133.920	851.880	985.800	47.610	2.480	0.000	0.000	2.480	47.610		
47.620	0.000	122.760	874.200	996.960	47.620	2.480	0.000	0.000	2.480	47.620		
47.630	0.000	111.600	892.800	1004.400	47.630	2.480	2.480	19.840	24.800	47.630		
47.640	0.000	104.160	911.400	1015.560	47.640	0.000	7.440	86.800	94.240	47.640		
47.650	0.000	93.000	930.000	1023.000	47.650	0.000	9.920	151.280	161.200	47.650		
47.660	0.000	83.380	943.710	1027.090	47.660	0.000	9.920	187.240	197.160	47.660		
47.670	0.000	72.010	947.500	1019.510	47.670	0.000	12.400	236.840	249.240	47.670		
47.680	0.000	64.430	943.710	1008.140	47.680	0.000	14.880	310.000	324.880	47.680		
47.690	0.000	56.850	932.340	989.190	47.690	4.740	18.960	383.940	407.640	47.690		
47.700	0.000	45.480	909.600	955.080	47.700	9.480	23.700	433.710	466.890	47.700		
47.710	0.000	34.110	879.280	913.390	47.710	11.850	33.180	476.370	521.400	47.710		
47.720	0.000	26.530	833.800	860.330	47.720	16.590	47.400	497.700	561.690	47.720		
47.730	0.000	11.370	769.370	780.740	47.730	18.960	56.880	504.810	580.650	47.730		
47.740	0.000	3.790	693.570	697.360	47.740	23.700	63.990	488.220	575.910	47.740		
47.750	0.000	0.000	602.610	602.610	47.750	28.440	68.730	466.890	564.060	47.750		
47.760	0.000	0.000	504.070	504.070	47.760	30.810	78.210	452.670	561.690	47.760		
47.770	0.000	0.000	394.160	394.160	47.770	42.660	87.690	457.410	587.760	47.770		
47.780	0.000	0.000	291.830	291.830	47.780	54.510	104.280	474.000	632.790	47.780		
47.790	0.000	0.000	200.870	200.870	47.790	61.620	118.500	497.700	677.820	47.790		
47.800	0.000	0.000	128.860	128.860	47.800	73.470	130.350	528.510	732.330	47.800		
47.810	0.000	0.000	77.500	77.500	47.810	80.580	144.570	556.950	782.100	47.810		
47.820	0.000	0.000	44.950	44.950	47.820	87.690	154.050	575.910	817.650	47.820		
47.830	0.000	0.000	29.760	29.760	47.830	92.430	163.530	592.500	848.460	47.830		
47.840	0.000	0.000	24.800	24.800	47.840	97.600	170.800	600.240	868.640	47.840		
47.850	0.000	0.000	22.320	22.320	47.850	102.480	175.680	605.120	883.280	47.850		
47.860	0.000	0.000	17.360	17.360	47.860	104.920	178.120	610.000	893.040	47.860		
47.870	0.000	0.000	14.880	14.880	47.870	104.920	180.560	605.120	890.600	47.870		
47.880	0.000	0.000	14.880	14.880	47.880	107.360	183.000	600.240	890.600	47.880		
47.890	0.000	0.000	12.400	12.400	47.890	107.360	185.440	590.480	883.280	47.890		
47.900	0.000	0.000	12.400	12.400	47.900	109.800	187.880	580.720	878.400	47.900		
47.910	0.000	0.000	9.920	9.920	47.910	112.240	190.320	566.080	868.640	47.910		
47.920	0.000	0.000	9.920	9.920	47.920	114.680	192.760	549.000	856.440	47.920		
47.930	0.000	0.000	9.920	9.920	47.930	119.560	192.760	531.920	844.240	47.930		
47.940	0.000	0.000	9.920	9.920	47.940	122.000	195.200	514.840	832.040	47.940		
47.950	0.000	0.000	7.440	7.440	47.950	126.880	197.640	492.880	817.400	47.950		
47.960	0.000	0.000	7.500	7.500	47.960	131.760	200.080	473.360	805.200	47.960		
47.970	0.000	0.000	7.500	7.500	47.970	136.640	207.400	451.400	795.440	47.970		
47.980	0.000	0.000	4.980	4.980	47.980	141.520	209.840	429.440	780.800	47.980		
47.990	0.000	0.000	7.500	7.500	47.990	149.040	213.840	405.000	767.880	47.990		
48.000	0.000	0.000	7.500	7.500	48.000	153.900	218.700	383.940	756.540	48.000		
48.010	0.000	0.000	4.980	4.980	48.010	162.000	223.560	366.120	751.680	48.010		
48.020	0.000	0.000	4.980	4.980	48.020	168.480	228.420	349.920	746.820	48.020		
48.030	0.000	0.000	4.980	4.980	48.030	176.580	236.520	336.960	750.060	48.030		
48.040	0.000	0.000	2.490	2.490	48.040	184.680	244.620	324.000	753.300	48.040		
48.050	0.000	0.000	2.490	2.490	48.050	191.160	254.340	311.040	756.540	48.050		
48.060	0.000	0.000	2.490	2.490	48.060	199.260	262.440	301.320	763.020	48.060		
48.070	0.000	0.000	0.000	0.000	48.070	208.980	268.920	289.980	767.880	48.070		
48.080	0.000	0.000	0.000	0.000	48.080	218.700	277.020	277.020	772.740	48.080		
48.090	0.000	0.000	2.490	2.490	48.090	228.420	289.980	264.060	782.460	48.090		
48.100	0.000	0.000	0.000	0.000	48.100	241.380	299.700	251.100	792.180	48.100		
48.110	0.000	0.000	0.000	0.000	48.110	251.100	309.420	239.760	800.280	48.110		
48.120	0.000	0.000	0.000	0.000	48.120	267.300	319.140	226.800	813.240	48.120		
48.130	0.000	0.000	2.500	2.500	48.130	278.640	328.860	212.220	819.720	48.130		
48.140	0.000	0.000	0.000	0.000	48.140	292.900	339.300	194.300	826.500	48.140		
48.150	0.000	0.000	0.000	0.000	48.150	307.400	345.100	176.900	829.400	48.150		
48.160	0.000	0.000	0.000	0.000	48.160	324.800	353.800	156.600	835.200	48.160		
48.170	0.000	0.000	0.000	0.000	48.170	342.200	362.500	136.300	841.000	48.170		
48.180	0.000	0.000	0.000	0.000	48.180	368.300	365.400	113.100	846.800	48.180		
48.190	0.000	0.000	0.000	0.000	48.190	394.400	371.200	92.800	858.400	48.190		
48.200	0.000	0.000	0.000	0.000	48.200	426.300	368.300	75.400	870.000	48.200		
48.210	0.000	0.000	0.000	0.000	48.210	464.000	362.500	58.000	884.500	48.210		
48.220	0.000	0.000	0.000	0.000	48.220	504.600	348.000	43.500	896.100	48.220		
48.230	0.000	0.000	0.000	0.000	48.230	542.300	330.600	31.900	904.800	48.230		
48.240	0.000	0.000	0.000	0.000	48.240	580.000	310.300	17.400	907.700	48.240		
48.250	0.000	0.000	2.500	2.500	48.250	614.800	290.000	11.600	916.400	48.250		
48.260	0.000	0.000	0.000	0.000	48.260	655.400	263.900	2.900	922.200	48.260		
48.270	14.760	0.000	0.000	14.760	48.270	690.200	237.800	0.000	928.000	48.270		
48.280	52.480	0.000	0.000	52.480	48.280	725.000	211.700	0.000	936.700	48.280		
48.290	86.920	0.000	0.000	86.920	48.290	759.920	177.100	0.000	937.020	48.290		
48.300	119.720	4.920	1.640	126.280	48.300	782.460	151.340	0.000	933.800	48.300		
48.310	168.920	6.560	1.640	177.120	48.310	795.340	132.020	0.000	927.360	48.310		
48.320	226.320	14.760	6.560	247.640	48.320	805.000	109.480	0.000	914.480	48.320		
48.330	282.080	21.320	6.560	309.960	48.330	801.780	93.380	0.000	895.160	48.330		
48.340	341.120	36.080	11.480	388.680	48.340	785.680	77.280	0.000	862.960	48.340		
48.350	388.680	72.160	24.600	485.440	48.350	759.920	64.400	0.000	824.320	48.350		
48.360	410.000	101.680	39.360	551.040	48.360	721.280	48.300	0.000	769.580	48.360		
48.370	401.800	111.520	52.480	565.800	48.370	660.100	35.420	0.000	695.520	48.370		
48.380	387.040	119.720	63.960	570.720	48.380	569.940	22.540	0.000	592.480	48.380		
48.390	388.680	134.480	78.720	601.880	48.390	457.240	9.660	0.000	466.900	48.390		
48.400	403.440	145.960	88.560	637.960	48.400	344.540	0.000	0.000	344.540	48.400		
48.410	429.240	164.250	98.550	692.040	48.410	244.720	0.000	0.000	244.720	48.410		
48.420	459.900	179.580	107.310	746.790	48.420	167.440	0.000	0.000	167.440	48.420		
48.430	486.180	194.910	109.500	790.590	48.430	99.820	0.000	0.000	99.820	48.430		
48.440	512.460	205.860	111.690	830.010	48.440	50.000	0.000	0.000	50.000	48.440		
48.450	529.980	214.620	111.690	856.290	48.450	25.000	0.000	0.000	25.000	48.450		
48.460	540.930	219.000	111.690	871.620	48.460	20.000	0.000	0.000	20.000	48.460		
48.470	547.500	221.190	111.690	880.380	48.470	20.000	0.000	0.000	20.000	48.470		
48.480	543.120	219.000	109.500	871.620	48.480	15.000	0.000	0.000	15.000	48.480		
48.490	536.550	219.000	109.500	865.050	48.490	12.400	0.000	0.000	12.400	48.490		
48.500	523.410	214.620	109.500	847.530	48.500	12.400	0.000	0.000	12.400	48.500		
48.510	505.890	212.430	109.500	827.820	48.510	10.000	0.000	0.000	10.000	48.510		
48.520	488.370	208.050	109.500	805.920	48.520	7.400	0.000	0.000	7.400	48.520		
48.530	468.660	203.670	109.500	781.830	48.530	7.400	0.000	0.000	7.400	48.530		
48.540	448.950	201.480	107.310	757.740	48.540	7.400	0.000	0.000	7.400	48.540		
48.550	427.050	199.290	111.690	738.030	48.550	7.400	0.000	0.000	7.400	48.550		
48.560	405.000	194.400	111.780	711.180	48.560	5.000	0.000	0.000	5.000	48.560		
48.570	382.320	194.400	113.400	690.120	48.570	5.000	0.000	0.000	5.000	48.570		
48.580	359.640	194.400	119.880	673.920	48.580	5.000	0.000	0.000	5.000	48.580		
48.590	338.580	194.400	126.360	659.340	48.590	5.000	0.000	0.000	5.000	48.590		
48.600	319.140	196.020	131.220	646.380	48.600	5.000	0.000	0.000	5.000	48.600		
48.610	299.700	199.260	139.320	638.280	48.610	5.000	0.000	0.000	5.000	48.610		
48.620	281.880	204.120	149.040	635.040	48.620	5.000	0.000	0.000	5.000	48.620		
48.630	262.440	208.980	158.760	630.180	48.630	2.500	0.000	0.000	2.500	48.630		
48.640	241.380	217.080	171.720	630.180	48.640	2.500	0.000	0.000	2.500	48.640		
48.650	226.800	223.560	186.300	636.660	48.650	2.500	0.000	0.000	2.500	48.650		
48.660	213.840	231.660	202.500	648.000	48.660	2.500	0.000	0.000	2.500	48.660		
48.670	202.500	239.760	217.080	659.340	48.670	2.500	0.000	0.000	2.500	48.670		
48.680	189.540	246.240	234.900	670.680	48.680	0.000	0.000	0.000	0.000	48.680		
48.690	179.820	255.960	254.340	690.120	48.690	0.000	0.000	0.000	0.000	48.690		
48.700	166.860	267.300	277.020	711.180	48.700	0.000	0.000	0.000	0.000	48.700		
48.710	153.180	276.390	299.700	729.270	48.710	0.000	0.000	0.000	0.000	48.710		
48.720	139.860	286.380	329.670	755.910	48.720	0.000	0.000	0.000	0.000	48.720		
48.730	123.210	289.710	359.640	772.560	48.730	0.000	0.000	0.000	0.000	48.730		
48.740	109.890	299.700	389.610	799.200	48.740	0.000	0.000	0.000	0.000	48.740		
48.750	96.570	303.030	422.910	822.510	48.750	0.000	0.000	0.000	0.000	48.750		
48.760	83.250	309.690	459.540	852.480	48.760	0.000	0.000	0.000	0.000	48.760		
48.770	69.930	309.690	496.170	875.790	48.770	0.000	0.000	0.000	0.000	48.770		
48.780	59.940	306.360	536.130	902.430	48.780	0.000	0.000	0.000	0.000	48.780		
48.790	46.620	299.700	579.420	925.740	48.790	0.000	0.000	0.000	0.000	48.790		
48.800	33.300	279.720	626.040	939.060	48.800	0.000	2.080	0.000	2.080	48.800		
48.810	23.310	253.080	675.990	952.380	48.810	0.000	0.000	0.000	0.000	48.810		
48.820	16.650	229.770	719.280	965.700	48.820	0.000	0.000	0.000	0.000	48.820		
48.830	9.990	203.130	759.240	972.360	48.830	0.000	0.000	0.000	0.000	48.830		
48.840	3.330	179.820	799.200	982.350	48.840	0.000	2.080	16.640	18.720	48.840		
48.850	0.000	153.180	832.500	985.680	48.850	0.000	7.280	76.960	84.240	48.850		
48.860	0.000	128.760	859.560	988.320	48.860	0.000	12.480	139.360	151.840	48.860		
48.870	0.000	107.880	870.000	977.880	48.870	0.000	16.640	194.480	211.120	48.870		
48.880	0.000	90.480	866.520	957.000	48.880	2.080	19.760	260.000	281.840	48.880		
48.890	0.000	76.560	859.560	936.120	48.890	4.020	24.120	349.740	377.880	48.890		
48.900	0.000	62.640	842.160	904.800	48.900	12.060	34.170	426.120	472.350	48.900		
48.910	0.000	52.200	814.320	866.520	48.910	16.080	44.220	466.320	526.620	48.910		
48.920	0.000	41.760	779.520	821.280	48.920	26.130	66.330	488.430	580.890	48.920		
48.930	0.000	31.320	727.320	758.640	48.930	38.190	92.460	488.430	619.080	48.930		
48.940	0.000	17.400	668.160	685.560	48.940	54.270	100.500	466.320	621.090	48.940		
48.950	0.000	6.960	591.600	598.560	48.950	72.360	106.530	438.180	617.070	48.950		
48.960	0.000	0.000	504.600	504.600	48.960	92.460	124.620	434.160	651.240	48.960		
48.970	0.000	0.000	389.760	389.760	48.970	110.550	144.720	446.220	701.490	48.970		
48.980	0.000	0.000	278.400	278.400	48.980	130.650	166.830	466.320	763.800	48.980		
48.990	0.000	0.000	191.400	191.400	48.990	144.720	188.940	486.420	820.080	48.990		
49.000	0.000	0.000	118.320	118.320	49.000	158.790	209.040	498.480	866.310	49.000		
49.010	0.000	0.000	65.000	65.000	49.010	176.880	231.150	502.500	910.530	49.010		
49.020	0.000	0.000	34.840	34.840	49.020	190.950	249.240	496.470	936.660	49.020		
49.030	0.000	0.000	24.960	24.960	49.030	207.030	267.330	486.420	960.780	49.030		
49.040	0.000	0.000	19.760	19.760	49.040	220.660	278.630	467.500	966.790	49.040		
49.050	0.000	0.000	19.760	19.760	49.050	233.750	289.850	441.320	964.920	49.050		
49.060	0.000	0.000	14.820	14.820	49.060	246.840	291.720	411.400	949.960	49.060		
49.070	0.000	0.000	14.820	14.820	49.070	259.930	291.720	379.610	931.260	49.070		
49.080	0.000	0.000	12.480	12.480	49.080	271.150	291.720	345.950	908.820	49.080		
49.090	0.000	0.000	12.480	12.480	49.090	282.370	286.110	314.160	882.640	49.090		
49.100	0.000	0.000	12.480	12.480	49.100	291.720	284.240	284.240	860.200	49.100		
49.110	0.000	0.000	9.880	9.880	49.110	301.070	278.630	256.190	835.890	49.110		
49.120	0.000	0.000	7.280	7.280	49.120	308.550	274.890	231.880	815.320	49.120		
49.130	0.000	0.000	4.940	4.940	49.130	319.770	269.280	205.700	794.750	49.130		
49.140	0.000	0.000	7.280	7.280	49.140	329.120	261.800	181.390	772.310	49.140		
49.150	0.000	0.000	4.940	4.940	49.150	334.730	254.320	160.820	749.870	49.150		
49.160	0.000	0.000	7.500	7.500	49.160	344.080	246.840	143.990	734.910	49.160		
49.170	0.000	0.000	4.980	4.980	49.170	351.560	239.360	123.420	714.340	49.170		
49.180	0.000	0.000	2.490	2.490	49.180	359.040	233.750	108.460	701.250	49.180		
49.190	0.000	0.000	2.490	2.490	49.190	368.880	227.360	92.800	689.040	49.190		
49.200	0.000	0.000	4.980	4.980	49.200	375.840	220.400	81.200	677.440	49.200		
49.210	0.000	0.000	2.490	2.490	49.210	389.760	215.760	71.920	677.440	49.210		
49.220	0.000	0.000	2.490	2.490	49.220	399.040	213.440	64.960	677.440	49.220		
49.230	0.000	0.000	2.490	2.490	49.230	406.000	208.800	55.680	670.480	49.230		
49.240	0.000	0.000	2.490	2.490	49.240	422.240	208.800	48.720	679.760	49.240		
49.250	0.000	0.000	2.490	2.490	49.250	433.840	206.480	46.400	686.720	49.250		
49.260	0.000	0.000	2.490	2.490	49.260	447.760	204.160	41.760	693.680	49.260		
49.270	0.000	0.000	0.000	0.000	49.270	466.320	204.160	37.120	707.600	49.270		
49.280	0.000	0.000	2.490	2.490	49.280	480.240	204.160	34.800	719.200	49.280		
49.290	0.000	0.000	0.000	0.000	49.290	498.800	201.840	32.480	733.120	49.290		
49.300	0.000	0.000	0.000	0.000	49.300	517.360	201.840	25.520	744.720	49.300		
49.310	0.000	0.000	0.000	0.000	49.310	535.920	201.840	20.880	758.640	49.310		
49.320	0.000	0.000	0.000	0.000	49.320	556.800	201.840	16.240	774.880	49.320		
49.330	0.000	0.000	0.000	0.000	49.330	580.000	199.520	13.920	793.440	49.330		
49.340	0.000	0.000	0.000	0.000	49.340	603.570	194.370	10.230	808.170	49.340		
49.350	0.000	0.000	0.000	0.000	49.350	627.440	190.960	6.820	825.220	49.350		
49.360	0.000	0.000	0.000	0.000	49.360	647.900	184.140	6.820	838.860	49.360		
49.370	0.000	0.000	0.000	0.000	49.370	671.770	177.320	0.000	849.090	49.370		
49.380	0.000	0.000	0.000	0.000	49.380	695.640	170.500	0.000	866.140	49.380		
49.390	0.000	0.000	0.000	0.000	49.390	719.510	160.270	0.000	879.780	49.390		
49.400	0.000	0.000	0.000	0.000	49.400	739.970	150.040	0.000	890.010	49.400		
49.410	0.000	2.480	0.000	2.480	49.410	763.840	139.810	0.000	903.650	49.410		
49.420	0.000	2.480	0.000	2.480	49.420	784.300	129.580	0.000	913.880	49.420		
49.430	0.000	2.480	0.000	2.480	49.430	804.760	119.350	0.000	924.110	49.430		
49.440	0.000	0.000	0.000	0.000	49.440	821.810	109.120	0.000	930.930	49.440		
49.450	20.000	7.440	0.000	27.440	49.450	838.860	98.890	0.000	937.750	49.450		
49.460	70.620	10.700	0.000	81.320	49.460	852.500	88.660	0.000	941.160	49.460		
49.470	130.540	14.980	0.000	145.520	49.470	852.500	78.430	0.000	930.930	49.470		
49.480	188.320	19.260	0.000	207.580	49.480	845.680	64.790	0.000	910.470	49.480		
49.490	256.800	23.540	2.140	282.480	49.490	832.500	53.280	0.000	885.780	49.490		
49.500	327.420	29.960	4.280	361.660	49.500	809.190	46.620	0.000	855.810	49.500		
49.510	398.040	40.660	10.700	449.400	49.510	779.220	33.300	0.000	812.520	49.510		
49.520	466.520	59.920	19.260	545.700	49.520	739.260	26.640	0.000	765.900	49.520		
49.530	513.600	96.300	25.680	635.580	49.530	679.320	16.650	0.000	695.970	49.530		
49.540	535.000	134.820	40.660	710.480	49.540	599.400	6.660	0.000	606.060	49.540		
49.550	515.740	149.800	55.640	721.180	49.550	499.500	0.000	0.000	499.500	49.550		
49.560	494.340	160.500	74.900	729.740	49.560	389.610	0.000	0.000	389.610	49.560		
49.570	487.920	179.760	92.020	759.700	49.570	279.720	0.000	0.000	279.720	49.570		
49.580	485.780	199.020	107.000	791.800	49.580	186.480	0.000	0.000	186.480	49.580		
49.590	494.340	224.700	124.120	843.160	49.590	109.890	0.000	0.000	109.890	49.590		
49.600	498.620	246.100	139.100	883.820	49.600	59.940	0.000	0.000	59.940	49.600		
49.610	505.000	270.680	155.540	931.220	49.610	29.970	0.000	0.000	29.970	49.610		
49.620	498.940	290.880	165.640	955.460	49.620	26.640	0.000	0.000	26.640	49.620		
49.630	486.820	311.080	183.820	981.720	49.630	23.310	0.000	0.000	23.310	49.630		
49.640	468.640	323.200	195.940	987.780	49.640	22.500	0.000	0.000	22.500	49.640		
49.650	452.480	333.300	214.120	999.900	49.650	19.980	0.000	0.000	19.980	49.650		
49.660	424.200	339.360	224.220	987.780	49.660	19.980	0.000	0.000	19.980	49.660		
49.670	395.920	341.380	234.320	971.620	49.670	17.460	0.000	0.000	17.460	49.670		
49.680	363.600	337.340	244.420	945.360	49.680	14.940	0.000	0.000	14.940	49.680		
49.690	331.280	329.260	254.520	915.060	49.690	14.940	0.000	0.000	14.940	49.690		
49.700	300.980	319.160	260.580	880.720	49.700	12.420	0.000	0.000	12.420	49.700		
49.710	274.720	309.060	266.640	850.420	49.710	12.420	0.000	0.000	12.420	49.710		
49.720	248.460	298.960	270.680	818.100	49.720	9.990	0.000	0.000	9.990	49.720		
49.730	224.220	288.860	276.740	789.820	49.730	9.990	0.000	0.000	9.990	49.730		
49.740	202.000	278.760	280.780	761.540	49.740	9.990	0.000	0.000	9.990	49.740		
49.750	181.800	268.660	286.840	737.300	49.750	9.990	0.000	0.000	9.990	49.750		
49.760	158.340	259.840	294.350	712.530	49.760	9.990	0.000	0.000	9.990	49.760		
49.770	142.100	251.720	302.470	696.290	49.770	9.990	0.000	0.000	9.990	49.770		
49.780	125.860	245.630	306.530	678.020	49.780	9.990	0.000	0.000	9.990	49.780		
49.790	115.710	239.540	316.680	671.930	49.790	7.500	0.000	0.000	7.500	49.790		
49.800	103.530	235.480	324.800	663.810	49.800	7.500	0.000	0.000	7.500	49.800		
49.810	97.440	233.450	334.950	665.840	49.810	7.500	0.000	0.000	7.500	49.810		
49.820	89.320	231.420	349.160	669.900	49.820	7.500	0.000	0.000	7.500	49.820		
49.830	81.200	231.420	363.370	675.990	49.830	7.500	0.000	0.000	7.500	49.830		
49.840	73.080	233.450	375.550	682.080	49.840	7.500	0.000	0.000	7.500	49.840		
49.850	69.020	235.480	395.850	700.350	49.850	7.500	0.000	0.000	7.500	49.850		
49.860	64.960	241.570	418.180	724.710	49.860	4.980	0.000	0.000	4.980	49.860		
49.870	58.870	243.600	438.480	740.950	49.870	4.980	0.000	0.000	4.980	49.870		
49.880	54.810	245.630	458.780	759.220	49.880	4.980	0.000	0.000	4.980	49.880		
49.890	50.750	251.720	483.140	785.610	49.890	4.980	0.000	0.000	4.980	49.890		
49.900	46.690	253.750	507.500	807.940	49.900	2.490	0.000	0.000	2.490	49.900		
49.910	40.920	252.340	531.960	825.220	49.910	2.490	0.000	0.000	2.490	49.910		
49.920	34.100	252.340	559.240	845.680	49.920	2.490	0.000	0.000	2.490	49.920		
49.930	30.690	252.340	586.520	869.550	49.930	4.980	0.000	0.000	4.980	49.930		
49.940	27.280	252.340	610.390	890.010	49.940	1.820	0.000	0.000	1.820	49.940		
49.950	20.460	242.110	637.670	900.240	49.950	1.820	0.000	0.000	1.820	49.950		
49.960	13.640	235.290	664.950	913.880	49.960	3.640	0.000	0.000	3.640	49.960		
49.970	6.820	221.650	692.230	920.700	49.970	3.640	1.820	0.000	5.460	49.970		
49.980	6.820	208.010	722.920	937.750	49.980	3.640	1.820	0.000	5.460	49.980		
49.990	3.410	194.370	753.610	951.390	49.990	3.640	1.820	0.000	5.460	49.990		
50.000	0.000	177.320	777.480	954.800	50.000	3.640	0.000	0.000	3.640	50.000		
50.010	0.000	163.680	804.760	968.440	50.010	1.820	3.640	7.280	12.740	50.010		
50.020	0.000	146.630	821.810	968.440	50.020	0.000	7.280	56.420	63.700	50.020		
50.030	0.000	132.990	835.450	968.440	50.030	0.000	14.560	109.200	123.760	50.030		
50.040	0.000	119.350	849.090	968.440	50.040	0.000	16.380	154.700	171.080	50.040		
50.050	0.000	102.300	852.500	954.800	50.050	0.000	16.380	203.840	220.220	50.050		
50.060	0.000	87.880	845.000	932.880	50.060	3.640	21.840	291.200	316.680	50.060		
50.070	0.000	74.360	828.100	902.460	50.070	9.100	29.120	384.020	422.240	50.070		
50.080	0.000	64.220	804.440	868.660	50.080	14.560	41.860	455.000	511.420	50.080		
50.090	0.000	57.460	774.020	831.480	50.090	25.920	69.120	511.920	606.960	50.090		
50.100	0.000	47.320	733.460	780.780	50.100	41.040	103.680	540.000	684.720	50.100		
50.110	0.000	37.180	679.380	716.560	50.110	58.320	118.800	531.360	708.480	50.110		
50.120	0.000	27.040	615.160	642.200	50.120	71.280	118.800	488.160	678.240	50.120		
50.130	0.000	16.900	527.280	544.180	50.130	86.400	127.440	453.600	667.440	50.130		
50.140	0.000	3.380	415.740	419.120	50.140	105.840	140.400	444.960	691.200	50.140		
50.150	0.000	0.000	314.340	314.340	50.150	123.120	162.000	451.440	736.560	50.150		
50.160	0.000	0.000	219.700	219.700	50.160	140.400	183.600	466.560	790.560	50.160		
50.170	0.000	0.000	131.820	131.820	50.170	155.520	203.040	483.840	842.400	50.170		
50.180	0.000	0.000	81.120	81.120	50.180	168.480	226.800	498.960	894.240	50.180		
50.190	0.000	0.000	43.940	43.940	50.190	183.600	244.080	505.440	933.120	50.190		
50.200	0.000	0.000	27.040	27.040	50.200	196.560	259.200	503.280	959.040	50.200		
50.210	0.000	0.000	25.000	25.000	50.210	203.040	272.160	496.800	972.000	50.210		
50.220	0.000	0.000	20.000	20.000	50.220	213.840	280.800	483.840	978.480	50.220		
50.230	0.000	0.000	17.500	17.500	50.230	222.480	282.960	464.400	969.840	50.230		
50.240	0.000	0.000	17.500	17.500	50.240	231.000	287.000	437.500	955.500	50.240		
50.250	0.000	0.000	17.500	17.500	50.250	239.750	287.000	409.500	936.250	50.250		
50.260	0.000	0.000	15.000	15.000	50.260	245.000	283.500	381.500	910.000	50.260		
50.270	0.000	0.000	15.000	15.000	50.270	252.000	281.750	353.500	887.250	50.270		
50.280	0.000	0.000	12.500	12.500	50.280	259.000	276.500	327.250	862.750	50.280		
50.290	0.000	0.000	12.500	12.500	50.290	266.000	274.750	301.000	841.750	50.290		
50.300	0.000	0.000	12.500	12.500	50.300	271.250	271.250	276.500	819.000	50.300		
50.310	0.000	0.000	12.500	12.500	50.310	276.500	264.250	253.750	794.500	50.310		
50.320	0.000	0.000	10.000	10.000	50.320	281.750	259.000	234.500	775.250	50.320		
50.330	0.000	0.000	10.000	10.000	50.330	287.000	253.750	213.500	754.250	50.330		
50.340	0.000	0.000	10.000	10.000	50.340	294.000	252.000	196.000	742.000	50.340		
50.350	0.000	0.000	10.000	10.000	50.350	299.250	246.750	182.000	728.000	50.350		
50.360	0.000	0.000	7.480	7.480	50.360	304.500	246.750	166.250	717.500	50.360		
50.370	0.000	0.000	10.000	10.000	50.370	309.750	245.000	157.500	712.250	50.370		
50.380	0.000	0.000	10.000	10.000	50.380	316.750	241.500	143.500	701.750	50.380		
50.390	0.000	0.000	5.000	5.000	50.390	320.880	240.660	133.700	695.240	50.390		
50.400	0.000	0.000	5.000	5.000	50.400	328.520	244.480	126.060	699.060	50.400		
50.410	0.000	0.000	7.480	7.480	50.410	334.250	244.480	118.420	697.150	50.410		
50.420	0.000	0.000	5.000	5.000	50.420	343.800	246.390	114.600	704.790	50.420		
50.430	0.000	0.000	5.000	5.000	50.430	351.440	248.300	108.870	708.610	50.430		
50.440	0.000	0.000	5.000	5.000	50.440	360.990	252.120	103.140	716.250	50.440		
50.450	0.000	0.000	5.000	5.000	50.450	372.450	255.940	101.230	729.620	50.450		
50.460	0.000	0.000	5.000	5.000	50.460	383.910	261.670	97.410	742.990	50.460		
50.470	0.000	0.000	2.480	2.480	50.470	397.280	267.400	93.590	758.270	50.470		
50.480	0.000	0.000	2.480	2.480	50.480	406.830	271.220	89.770	767.820	50.480		
50.490	0.000	0.000	2.480	2.480	50.490	418.290	276.950	85.950	781.190	50.490		
50.500	0.000	0.000	2.480	2.480	50.500	431.660	278.860	82.130	792.650	50.500		
50.510	0.000	0.000	0.000	0.000	50.510	446.940	280.770	76.400	804.110	50.510		
50.520	0.000	0.000	0.000	0.000	50.520	458.400	286.500	70.670	815.570	50.520		
50.530	0.000	0.000	0.000	0.000	50.530	477.500	288.410	66.850	832.760	50.530		
50.540	0.000	0.000	0.000	0.000	50.540	492.240	290.070	61.530	843.840	50.540		
50.550	0.000	0.000	0.000	0.000	50.550	512.750	290.070	52.740	855.560	50.550		
50.560	0.000	0.000	0.000	0.000	50.560	530.330	287.140	49.810	867.280	50.560		
50.570	0.000	0.000	0.000	0.000	50.570	550.840	281.280	41.020	873.140	50.570		
50.580	0.000	0.000	0.000	0.000	50.580	571.350	272.490	35.160	879.000	50.580		
50.590	0.000	0.000	0.000	0.000	50.590	594.790	257.840	32.230	884.860	50.590		
50.600	0.000	0.000	0.000	0.000	50.600	618.230	240.260	23.440	881.930	50.600		
50.610	0.000	2.280	2.280	4.560	50.610	644.600	225.610	14.650	884.860	50.610		
50.620	14.820	7.410	0.000	22.230	50.620	668.040	205.100	8.790	881.930	50.620		
50.630	44.460	9.690	0.000	54.150	50.630	694.410	184.590	2.930	881.930	50.630		
50.640	92.340	17.100	0.000	109.440	50.640	714.920	161.150	0.000	876.070	50.640		
50.650	142.500	17.100	2.280	161.880	50.650	726.640	140.640	0.000	867.280	50.650		
50.660	197.400	24.440	3.760	225.600	50.660	732.500	123.060	0.000	855.560	50.660		
50.670	240.640	24.440	3.760	268.840	50.670	732.500	105.480	0.000	837.980	50.670		
50.680	282.000	31.960	9.400	323.360	50.680	720.780	90.830	0.000	811.610	50.680		
50.690	315.840	39.480	11.280	366.600	50.690	710.000	79.520	0.000	789.520	50.690		
50.700	349.680	47.000	13.160	409.840	50.700	687.280	71.000	0.000	758.280	50.700		
50.710	368.480	62.040	20.680	451.200	50.710	658.880	62.480	0.000	721.360	50.710		
50.720	381.640	86.480	28.200	496.320	50.720	621.960	53.960	0.000	675.920	50.720		
50.730	381.640	101.520	39.480	522.640	50.730	573.680	42.600	0.000	616.280	50.730		
50.740	387.280	116.560	48.880	552.720	50.740	519.720	34.080	0.000	553.800	50.740		
50.750	398.560	139.120	65.800	603.480	50.750	448.720	25.560	0.000	474.280	50.750		
50.760	417.360	159.800	84.600	661.760	50.760	372.040	17.040	0.000	389.080	50.760		
50.770	434.280	184.240	101.520	720.040	50.770	289.680	8.520	0.000	298.200	50.770		
50.780	449.320	208.680	116.560	774.560	50.780	207.320	0.000	0.000	207.320	50.780		
50.790	462.480	236.880	133.480	832.840	50.790	136.320	0.000	0.000	136.320	50.790		
50.800	470.000	263.200	152.280	885.480	50.800	82.360	0.000	0.000	82.360	50.800		
50.810	470.000	291.400	171.080	932.480	50.810	42.600	0.000	0.000	42.600	50.810		
50.820	464.360	308.320	189.880	962.560	50.820	22.720	0.000	0.000	22.720	50.820		
50.830	451.200	323.360	199.280	973.840	50.830	19.880	0.000	0.000	19.880	50.830		
50.840	439.920	334.640	214.320	988.880	50.840	20.000	0.000	0.000	20.000	50.840		
50.850	424.880	344.040	223.720	992.640	50.850	17.440	0.000	0.000	17.440	50.850		
50.860	404.200	345.920	236.880	987.000	50.860	14.960	0.000	0.000	14.960	50.860		
50.870	387.280	349.680	246.280	983.240	50.870	14.960	0.000	0.000	14.960	50.870		
50.880	364.720	345.920	251.920	962.560	50.880	12.480	0.000	0.000	12.480	50.880		
50.890	344.040	344.040	259.440	947.520	50.890	12.480	0.000	0.000	12.480	50.890		
50.900	323.360	342.160	263.200	928.720	50.900	10.000	0.000	0.000	10.000	50.900		
50.910	304.560	336.520	270.720	911.800	50.910	10.000	0.000	0.000	10.000	50.910		
50.920	282.000	329.000	276.360	887.360	50.920	7.440	0.000	0.000	7.440	50.920		
50.930	261.320	321.480	282.000	864.800	50.930	7.440	0.000	0.000	7.440	50.930		
50.940	238.760	313.960	283.880	836.600	50.940	7.440	0.000	0.000	7.440	50.940		
50.950	219.960	306.440	289.520	815.920	50.950	7.440	0.000	0.000	7.440	50.950		
50.960	201.250	299.460	294.630	795.340	50.960	7.440	0.000	0.000	7.440	50.960		
50.970	181.930	291.410	296.240	769.580	50.970	4.960	0.000	0.000	4.960	50.970		
50.980	169.050	286.580	301.070	756.700	50.980	4.960	0.000	0.000	4.960	50.980		
50.990	156.170	284.970	305.900	747.040	50.990	7.500	0.000	0.000	7.500	50.990		
51.000	144.900	278.530	309.120	732.550	51.000	4.980	0.000	0.000	4.980	51.000		
51.010	136.850	276.920	317.170	730.940	51.010	4.980	0.000	0.000	4.980	51.010		
51.020	127.190	278.530	323.610	729.330	51.020	4.980	0.000	0.000	4.980	51.020		
51.030	122.360	278.530	331.660	732.550	51.030	4.980	0.000	0.000	4.980	51.030		
51.040	115.920	281.750	341.320	738.990	51.040	4.980	0.000	0.000	4.980	51.040		
51.050	111.090	284.970	350.980	747.040	51.050	2.490	0.000	0.000	2.490	51.050		
51.060	106.260	286.580	362.250	755.090	51.060	2.490	0.000	0.000	2.490	51.060		
51.070	104.650	294.630	371.910	771.190	51.070	2.490	0.000	0.000	2.490	51.070		
51.080	101.430	299.460	381.570	782.460	51.080	4.980	0.000	0.000	4.980	51.080		
51.090	96.600	301.070	391.230	788.900	51.090	4.980	0.000	0.000	4.980	51.090		
51.100	94.990	305.900	402.500	803.390	51.100	4.980	0.000	0.000	4.980	51.100		
51.110	94.350	313.650	410.550	818.550	51.110	4.980	0.000	0.000	4.980	51.110		
51.120	91.800	318.750	423.300	833.850	51.120	4.980	0.000	0.000	4.980	51.120		
51.130	91.800	326.400	433.500	851.700	51.130	7.500	0.000	0.000	7.500	51.130		
51.140	89.250	334.050	446.250	869.550	51.140	6.600	2.200	0.000	8.800	51.140		
51.150	86.700	336.600	461.550	884.850	51.150	6.600	2.200	0.000	8.800	51.150		
51.160	81.600	341.700	474.300	897.600	51.160	6.600	2.200	0.000	8.800	51.160		
51.170	73.950	339.150	489.600	902.700	51.170	4.400	2.200	0.000	6.600	51.170		
51.180	66.300	336.600	507.450	910.350	51.180	4.400	4.400	0.000	8.800	51.180		
51.190	56.100	328.950	522.750	907.800	51.190	4.400	4.400	0.000	8.800	51.190		
51.200	51.000	323.850	543.150	918.000	51.200	4.400	4.400	0.000	8.800	51.200		
51.210	40.800	313.650	561.000	915.450	51.210	2.200	4.400	2.200	8.800	51.210		
51.220	33.150	298.350	586.500	918.000	51.220	0.000	9.900	24.200	34.100	51.220		
51.230	25.500	280.500	604.350	910.350	51.230	0.000	14.300	57.200	71.500	51.230		
51.240	20.400	257.550	622.200	900.150	51.240	0.000	19.800	94.600	114.400	51.240		
51.250	12.750	234.600	637.500	884.850	51.250	0.000	19.800	129.800	149.600	51.250		
51.260	5.320	207.480	651.700	864.500	51.260	0.000	19.800	167.200	187.000	51.260		
51.270	2.660	183.540	659.680	845.880	51.270	2.200	22.000	220.000	244.200	51.270		
51.280	0.000	162.260	665.000	827.260	51.280	6.600	31.900	275.000	313.500	51.280		
51.290	0.000	138.320	665.000	803.320	51.290	15.840	54.560	322.080	392.480	51.290		
51.300	0.000	119.700	659.680	779.380	51.300	29.920	68.640	344.960	443.520	51.300		
51.310	0.000	103.740	649.040	752.780	51.310	38.720	73.920	339.680	452.320	51.310		
51.320	0.000	90.440	627.760	718.200	51.320	44.000	73.920	311.520	429.440	51.320		
51.330	0.000	82.460	603.820	686.280	51.330	56.320	79.200	292.160	427.680	51.330		
51.340	0.000	69.160	566.580	635.740	51.340	68.640	86.240	286.880	441.760	51.340		
51.350	0.000	55.860	521.360	577.220	51.350	80.960	96.800	286.880	464.640	51.350		
51.360	0.000	45.220	476.140	521.360	51.360	93.280	109.120	297.440	499.840	51.360		
51.370	0.000	39.900	420.280	460.180	51.370	103.840	119.680	306.240	529.760	51.370		
51.380	0.000	29.260	361.760	391.020	51.380	119.680	137.280	323.840	580.800	51.380		
51.390	0.000	18.620	295.260	313.880	51.390	132.000	156.640	348.480	637.120	51.390		
51.400	0.000	7.980	228.760	236.740	51.400	140.800	176.000	376.640	693.440	51.400		
51.410	0.000	0.000	162.500	162.500	51.410	151.360	193.600	399.520	744.480	51.410		
51.420	0.000	0.000	109.850	109.850	51.420	163.680	214.720	422.400	800.800	51.420		
51.430	0.000	0.000	74.750	74.750	51.430	174.240	232.320	440.000	846.560	51.430		
51.440	0.000	0.000	47.450	47.450	51.440	184.620	244.350	447.070	876.040	51.440		
51.450	0.000	0.000	32.500	32.500	51.450	188.240	253.400	452.500	894.140	51.450		
51.460	0.000	0.000	24.700	24.700	51.460	197.290	262.450	448.880	908.620	51.460		
51.470	0.000	0.000	22.100	22.100	51.470	200.910	266.070	447.070	914.050	51.470		
51.480	0.000	0.000	16.900	16.900	51.480	206.340	271.500	441.640	919.480	51.480		
51.490	0.000	0.000	16.900	16.900	51.490	209.960	276.930	439.830	926.720	51.490		
51.500	0.000	0.000	19.500	19.500	51.500	213.580	278.740	430.780	923.100	51.500		
51.510	0.000	0.000	16.900	16.900	51.510	213.580	278.740	423.540	915.860	51.510		
51.520	0.000	0.000	14.950	14.950	51.520	217.200	278.740	414.490	910.430	51.520		
51.530	0.000	0.000	16.900	16.900	51.530	219.010	276.930	401.820	897.760	51.530		
51.540	0.000	0.000	14.950	14.950	51.540	219.010	273.310	387.340	879.660	51.540		
51.550	0.000	0.000	14.950	14.950	51.550	219.010	269.690	371.050	859.750	51.550		
51.560	0.000	0.000	15.000	15.000	51.560	219.010	264.260	358.380	841.650	51.560		
51.570	0.000	0.000	12.480	12.480	51.570	219.010	257.020	343.900	819.930	51.570		
51.580	0.000	0.000	12.480	12.480	51.580	217.200	253.400	331.230	801.830	51.580		
51.590	0.000	0.000	12.480	12.480	51.590	213.720	246.600	319.210	779.530	51.590		
51.600	0.000	0.000	12.480	12.480	51.600	213.720	242.490	309.620	765.830	51.600		
51.610	0.000	0.000	12.480	12.480	51.610	212.350	237.010	301.400	750.760	51.610		
51.620	0.000	0.000	12.480	12.480	51.620	209.610	237.010	298.660	745.280	51.620		
51.630	0.000	0.000	9.960	9.960	51.630	209.610	234.270	297.290	741.170	51.630		
51.640	0.000	0.000	9.960	9.960	51.640	206.870	234.270	298.660	739.800	51.640		
51.650	0.000	0.000	7.500	7.500	51.650	204.130	234.270	301.400	739.800	51.650		
51.660	0.000	0.000	7.500	7.500	51.660	204.130	234.270	306.880	745.280	51.660		
51.670	0.000	0.000	7.500	7.500	51.670	201.390	237.010	313.730	752.130	51.670		
51.680	0.000	0.000	7.500	7.500	51.680	198.650	239.750	319.210	757.610	51.680		
51.690	0.000	0.000	7.500	7.500	51.690	198.650	242.490	327.430	768.570	51.690		
51.700	0.000	0.000	7.500	7.500	51.700	198.650	242.490	331.540	772.680	51.700		
51.710	0.000	0.000	7.500	7.500	51.710	198.650	246.600	337.020	782.270	51.710		
51.720	0.000	0.000	4.980	4.980	51.720	198.650	249.340	339.760	787.750	51.720		
51.730	0.000	0.000	4.980	4.980	51.730	201.390	254.820	342.500	798.710	51.730		
51.740	0.000	0.000	7.500	7.500	51.740	201.550	256.650	343.650	801.850	51.740		
51.750	0.000	0.000	4.980	4.980	51.750	204.450	259.550	346.550	810.550	51.750		
51.760	0.000	0.000	4.980	4.980	51.760	204.450	263.900	349.450	817.800	51.760		
51.770	0.000	0.000	4.980	4.980	51.770	208.800	271.150	353.800	833.750	51.770		
51.780	0.000	0.000	4.980	4.980	51.780	211.700	276.950	356.700	845.350	51.780		
51.790	0.000	0.000	4.980	4.980	51.790	217.500	287.100	362.500	867.100	51.790		
51.800	0.000	0.000	7.500	7.500	51.800	221.850	294.350	362.500	878.700	51.800		
51.810	0.000	0.000	4.980	4.980	51.810	229.100	298.700	356.700	884.500	51.810		
51.820	0.000	0.000	4.980	4.980	51.820	236.350	304.500	346.550	887.400	51.820		
51.830	0.000	0.000	4.980	4.980	51.830	243.600	307.400	334.950	885.950	51.830		
51.840	0.000	0.000	2.490	2.490	51.840	253.750	307.400	314.650	875.800	51.840		
51.850	0.000	0.000	4.980	4.980	51.850	263.900	307.400	294.350	865.650	51.850		
51.860	0.000	0.000	4.720	4.720	51.860	274.050	307.400	274.050	855.500	51.860		
51.870	2.360	2.360	2.360	7.080	51.870	284.200	301.600	252.300	838.100	51.870		
51.880	14.160	2.360	0.000	16.520	51.880	294.350	297.250	229.100	820.700	51.880		
51.890	31.860	4.720	0.000	36.580	51.890	309.960	289.170	202.230	801.360	51.890		
51.900	56.640	7.080	0.000	63.720	51.900	323.190	275.940	171.990	771.120	51.900		
51.910	81.420	7.080	0.000	88.500	51.910	338.310	264.600	141.750	744.660	51.910		
51.920	109.740	9.440	2.360	121.540	51.920	359.100	243.810	111.510	714.420	51.920		
51.930	136.880	11.800	2.360	151.040	51.930	381.780	224.910	86.940	693.630	51.930		
51.940	164.020	14.160	4.720	182.900	51.940	400.680	196.560	64.260	661.500	51.940		
51.950	201.780	24.780	7.080	233.640	51.950	421.470	171.990	49.140	642.600	51.950		
51.960	239.540	36.580	11.800	287.920	51.960	444.150	141.750	39.690	625.590	51.960		
51.970	271.400	64.900	18.880	355.180	51.970	459.270	113.400	32.130	604.800	51.970		
51.980	291.460	81.420	34.220	407.100	51.980	466.830	94.500	26.460	587.790	51.980		
51.990	295.000	84.960	38.940	418.900	51.990	472.500	79.380	18.900	570.780	51.990		
52.000	286.740	89.680	47.200	423.620	52.000	466.830	64.260	11.340	542.430	52.000		
52.010	283.860	97.470	56.430	437.760	52.010	457.380	54.810	9.450	521.640	52.010		
52.020	294.120	106.020	66.690	466.830	52.020	444.150	47.250	5.670	497.070	52.020		
52.030	306.090	116.280	73.530	495.900	52.030	423.360	39.690	1.890	464.940	52.030		
52.040	319.770	126.540	83.790	530.100	52.040	400.000	28.800	0.000	428.800	52.040		
52.050	333.450	136.800	88.920	559.170	52.050	366.400	22.400	0.000	388.800	52.050		
52.060	347.130	143.640	94.050	584.820	52.060	336.000	14.400	0.000	350.400	52.060		
52.070	359.100	157.320	100.890	617.310	52.070	302.400	6.400	0.000	308.800	52.070		
52.080	371.070	169.290	106.020	646.380	52.080	264.000	1.600	0.000	265.600	52.080		
52.090	381.330	184.680	114.570	680.580	52.090	227.200	1.600	0.000	228.800	52.090		
52.100	389.880	196.650	121.410	707.940	52.100	182.400	0.000	0.000	182.400	52.100		
52.110	398.430	212.040	129.960	740.430	52.110	142.400	0.000	0.000	142.400	52.110		
52.120	403.560	222.300	133.380	759.240	52.120	104.000	0.000	0.000	104.000	52.120		
52.130	412.110	229.140	138.510	779.760	52.130	68.800	0.000	0.000	68.800	52.130		
52.140	418.950	239.400	147.060	805.410	52.140	46.400	0.000	0.000	46.400	52.140		
52.150	427.500	246.240	148.770	822.510	52.150	28.800	0.000	4.800	33.600	52.150		
52.160	436.600	253.450	149.850	839.900	52.160	16.000	0.000	6.400	22.400	52.160		
52.170	444.000	257.150	153.550	854.700	52.170	9.600	0.000	6.400	16.000	52.170		
52.180	451.400	264.550	153.550	869.500	52.180	4.800	0.000	9.600	14.400	52.180		
52.190	456.950	266.400	157.250	880.600	52.190	4.980	0.000	7.500	12.480	52.190		
52.200	458.800	268.250	157.250	884.300	52.200	4.980	0.000	7.500	12.480	52.200		
52.210	462.500	268.250	157.250	888.000	52.210	2.490	0.000	4.980	7.470	52.210		
52.220	462.500	266.400	157.250	886.150	52.220	2.490	0.000	4.980	7.470	52.220		
52.230	462.500	264.550	153.550	880.600	52.230	2.490	0.000	4.980	7.470	52.230		
52.240	458.800	259.000	151.700	869.500	52.240	0.000	0.000	4.980	4.980	52.240		
52.250	456.950	253.450	149.850	860.250	52.250	0.000	0.000	7.500	7.500	52.250		
52.260	453.250	249.750	144.300	847.300	52.260	0.000	0.000	7.500	7.500	52.260		
52.270	449.550	242.350	138.750	830.650	52.270	0.000	0.000	4.980	4.980	52.270		
52.280	438.450	234.950	136.900	810.300	52.280	0.000	0.000	4.980	4.980	52.280		
52.290	431.050	231.250	133.200	795.500	52.290	0.000	0.000	4.980	4.980	52.290		
52.300	421.800	229.400	131.350	782.550	52.300	0.000	0.000	4.980	4.980	52.300		
52.310	413.270	226.270	134.640	774.180	52.310	0.000	0.000	4.980	4.980	52.310		
52.320	405.790	226.270	134.640	766.700	52.320	0.000	0.000	4.980	4.980	52.320		
52.330	403.920	228.140	134.640	766.700	52.330	0.000	0.000	4.980	4.980	52.330		
52.340	402.050	231.880	136.510	770.440	52.340	0.000	0.000	5.000	5.000	52.340		
52.350	402.050	233.750	138.380	774.180	52.350	0.000	0.000	5.000	5.000	52.350		
52.360	403.920	237.490	138.380	779.790	52.360	0.000	0.000	5.000	5.000	52.360		
52.370	409.530	239.360	136.510	785.400	52.370	0.000	0.000	2.500	2.500	52.370		
52.380	413.270	241.230	138.380	792.880	52.380	0.000	0.000	5.000	5.000	52.380		
52.390	420.750	244.970	138.380	804.100	52.390	0.000	0.000	2.500	2.500	52.390		
52.400	426.360	244.970	134.640	805.970	52.400	0.000	0.000	2.500	2.500	52.400		
52.410	435.710	246.840	134.640	817.190	52.410	0.000	0.000	2.500	2.500	52.410		
52.420	446.930	246.840	129.030	822.800	52.420	0.000	0.000	2.500	2.500	52.420		
52.430	454.410	246.840	127.160	828.410	52.430	0.000	0.000	0.000	0.000	52.430		
52.440	461.890	248.710	123.420	834.020	52.440	0.000	0.000	2.500	2.500	52.440		
52.450	467.500	246.840	119.680	834.020	52.450	0.000	0.000	0.000	0.000	52.450		
52.460	474.360	247.230	116.580	838.170	52.460	0.000	0.000	0.000	0.000	52.460		
52.470	478.380	249.240	110.550	838.170	52.470	0.000	0.000	0.000	0.000	52.470		
52.480	482.400	247.230	108.540	838.170	52.480	0.000	0.000	0.000	0.000	52.480		
52.490	484.410	247.230	106.530	838.170	52.490	0.000	2.460	0.000	2.460	52.490		
52.500	484.410	243.210	100.500	828.120	52.500	0.000	2.460	0.000	2.460	52.500		
52.510	486.420	241.200	98.490	826.110	52.510	0.000	2.460	0.000	2.460	52.510		
52.520	488.430	239.190	96.480	824.100	52.520	0.000	2.460	0.000	2.460	52.520		
52.530	492.450	239.190	92.460	824.100	52.530	0.000	4.980	0.000	4.980	52.530		
52.540	496.470	239.190	86.430	822.090	52.540	0.000	4.980	0.000	4.980	52.540		
52.550	498.480	239.190	86.430	824.100	52.550	0.000	7.500	0.000	7.500	52.550		
52.560	502.500	239.190	82.410	824.100	52.560	0.000	9.960	0.000	9.960	52.560		
52.570	502.500	239.190	82.410	824.100	52.570	0.000	9.960	0.000	9.960	52.570		
52.580	502.500	241.200	78.390	822.090	52.580	0.000	12.480	0.000	12.480	52.580		
52.590	498.480	239.190	76.380	814.050	52.590	0.000	12.480	0.000	12.480	52.590		
52.600	496.470	239.190	76.380	812.040	52.600	0.000	12.480	0.000	12.480	52.600		
52.610	495.000	235.620	73.260	803.880	52.610	0.000	15.000	0.000	15.000	52.610		
52.620	489.060	233.640	71.280	793.980	52.620	0.000	15.000	0.000	15.000	52.620		
52.630	483.120	233.640	71.280	788.040	52.630	0.000	15.000	2.460	17.460	52.630		
52.640	473.220	229.680	69.300	772.200	52.640	0.000	17.300	1.730	19.030	52.640		
52.650	469.260	229.680	69.300	768.240	52.650	0.000	17.300	1.730	19.030	52.650		
52.660	463.320	229.680	69.300	762.300	52.660	0.000	17.300	3.460	20.760	52.660		
52.670	461.340	225.720	67.320	754.380	52.670	0.000	17.300	3.460	20.760	52.670		
52.680	457.380	225.720	61.380	744.480	52.680	0.000	17.300	3.460	20.760	52.680		
52.690	453.420	223.740	61.380	738.540	52.690	0.000	24.220	34.600	58.820	52.690		
52.700	447.480	223.740	61.380	732.600	52.700	0.000	29.410	76.120	105.530	52.700		
52.710	435.600	221.760	59.400	716.760	52.710	0.000	41.520	147.050	188.570	52.710		
52.720	421.740	215.820	57.420	694.980	52.720	0.000	51.900	250.850	302.750	52.720		
52.730	399.960	211.860	57.420	669.240	52.730	0.000	62.280	340.810	403.090	52.730		
52.740	372.240	205.920	53.460	631.620	52.740	1.730	67.470	390.980	460.180	52.740		
52.750	338.580	199.980	51.480	590.040	52.750	6.920	69.200	416.930	493.050	52.750		
52.760	307.500	194.340	54.120	555.960	52.760	8.650	69.200	429.040	506.890	52.760		
52.770	276.750	186.960	51.660	515.370	52.770	12.110	70.930	432.500	515.540	52.770		
52.780	252.150	182.040	51.660	485.850	52.780	13.840	74.390	423.850	512.080	52.780		
52.790	226.320	174.660	49.200	450.180	52.790	18.630	76.590	414.000	509.220	52.790		
52.800	204.180	169.740	49.200	423.120	52.800	24.840	80.730	414.000	519.570	52.800		
52.810	179.580	164.820	46.740	391.140	52.810	28.980	84.870	422.280	536.130	52.810		
52.820	157.440	157.440	44.280	359.160	52.820	31.050	86.940	428.490	546.480	52.820		
52.830	109.470	148.830	44.280	302.580	52.830	31.050	89.010	436.770	556.830	52.830		
52.840	89.790	146.370	44.280	280.440	52.840	37.260	91.080	447.120	575.460	52.840		
52.850	71.340	143.910	46.740	261.990	52.850	37.260	91.080	453.330	581.670	52.850		
52.860	59.040	141.450	49.200	249.690	52.860	37.260	93.150	461.610	592.020	52.860		
52.870	46.740	138.990	49.200	234.930	52.870	39.330	93.150	469.890	602.370	52.870		
52.880	39.360	136.530	54.120	230.010	52.880	37.260	97.290	478.170	612.720	52.880		
52.890	34.440	134.070	59.040	227.550	52.890	37.260	97.290	486.450	621.000	52.890		
52.900	29.640	130.000	65.000	224.640	52.900	37.260	97.290	496.800	631.350	52.900		
52.910	22.360	124.800	65.000	212.160	52.910	33.120	97.290	503.010	633.420	52.910		
52.920	17.160	119.600	67.080	203.840	52.920	31.050	93.150	511.290	635.490	52.920		
52.930	12.480	117.000	69.680	199.160	52.930	28.980	93.150	517.500	639.630	52.930		
52.940	9.880	112.320	69.680	191.880	52.940	28.380	90.300	521.160	639.840	52.940		
52.950	9.880	107.120	69.680	186.680	52.950	28.380	92.880	526.320	647.580	52.950		
52.960	7.280	104.520	67.080	178.880	52.960	30.960	92.880	534.060	657.900	52.960		
52.970	7.280	97.240	62.400	166.920	52.970	33.540	98.040	539.220	670.800	52.970		
52.980	7.280	89.960	54.600	151.840	52.980	36.120	98.040	549.540	683.700	52.980		
52.990	4.680	77.480	44.720	126.880	52.990	38.700	103.200	562.440	704.340	52.990		
53.000	4.680	67.080	34.840	106.600	53.000	41.280	108.360	572.760	722.400	53.000		
53.010	4.680	57.200	22.360	84.240	53.010	46.440	113.520	585.660	745.620	53.010		
53.020	4.680	44.720	12.480	61.880	53.020	46.440	118.680	601.140	766.260	53.020		
53.030	4.680	32.240	0.000	36.920	53.030	51.600	121.260	614.040	786.900	53.030		
53.040	2.080	24.960	0.000	27.040	53.040	54.180	126.420	626.940	807.540	53.040		
53.050	2.450	17.500	0.000	19.950	53.050	56.760	129.000	637.260	823.020	53.050		
53.060	4.970	14.980	0.000	19.950	53.060	56.760	129.000	645.000	830.760	53.060		
53.070	4.970	14.980	0.000	19.950	53.070	59.340	129.000	645.000	833.340	53.070		
53.080	7.490	17.500	0.000	24.990	53.080	61.920	129.000	645.000	835.920	53.080		
53.090	4.970	12.460	0.000	17.430	53.090	63.750	127.500	637.500	828.750	53.090		
53.100	4.970	9.940	0.000	14.910	53.100	63.750	124.950	629.850	818.550	53.100		
53.110	0.000	9.940	0.000	9.940	53.110	68.850	127.500	627.300	823.650	53.110		
53.120	0.000	7.490	0.000	7.490	53.120	68.850	127.500	624.750	821.100	53.120		
53.130	0.000	7.490	0.000	7.490	53.130	73.950	127.500	622.200	823.650	53.130		
53.140	0.000	4.970	0.000	4.970	53.140	76.500	127.500	612.000	816.000	53.140		
53.150	0.000	2.450	0.000	2.450	53.150	79.050	130.050	606.900	816.000	53.150		
53.160	0.000	2.450	0.000	2.450	53.160	81.600	130.050	599.250	810.900	53.160		
53.170	0.000	2.450	0.000	2.450	53.170	86.700	132.600	589.050	808.350	53.170		
53.180	0.000	0.000	0.000	0.000	53.180	91.800	137.700	583.950	813.450	53.180		
53.190	0.000	0.000	0.000	0.000	53.190	94.350	137.700	576.300	808.350	53.190		
53.200	0.000	0.000	0.000	0.000	53.200	96.900	142.800	568.650	808.350	53.200		
53.210	0.000	0.000	0.000	0.000	53.210	99.450	145.350	561.000	805.800	53.210		
53.220	0.000	0.000	0.000	0.000	53.220	104.550	150.450	550.800	805.800	53.220		
53.230	0.000	0.000	0.000	0.000	53.230	109.650	158.100	538.050	805.800	53.230		
53.240	0.000	0.000	0.000	0.000	53.240	113.940	168.800	527.500	810.240	53.240		
53.250	0.000	0.000	0.000	0.000	53.250	118.160	177.240	516.950	812.350	53.250		
53.260	0.000	0.000	0.000	0.000	53.260	126.600	183.570	504.290	814.460	53.260		
53.270	0.000	0.000	0.000	0.000	53.270	132.930	194.120	493.740	820.790	53.270		
53.280	0.000	0.000	0.000	0.000	53.280	141.370	206.780	481.080	829.230	53.280		
53.290	0.000	0.000	0.000	0.000	53.290	151.920	217.330	468.420	837.670	53.290		
53.300	0.000	0.000	0.000	0.000	53.300	162.470	223.660	453.650	839.780	53.300		
53.310	0.000	0.000	0.000	0.000	53.310	170.910	232.100	434.660	837.670	53.310		
53.320	0.000	0.000	0.000	0.000	53.320	181.460	234.210	415.670	831.340	53.320		
53.330	0.000	0.000	4.960	4.960	53.330	189.900	236.320	398.790	825.010	53.330		
53.340	0.000	2.480	20.000	22.480	53.340	198.340	236.320	379.800	814.460	53.340		
53.350	0.000	1.720	22.360	24.080	53.350	206.780	236.320	360.810	803.910	53.350		
53.360	0.000	12.040	30.960	43.000	53.360	217.330	232.100	341.820	791.250	53.360		
53.370	3.440	25.800	44.720	73.960	53.370	221.550	229.990	320.720	772.260	53.370		
53.380	56.760	49.880	41.280	147.920	53.380	229.990	221.550	293.290	744.830	53.380		
53.390	149.640	73.960	44.720	268.320	53.390	232.050	210.000	262.500	704.550	53.390		
53.400	221.880	91.160	49.880	362.920	53.400	232.050	186.900	226.800	645.750	53.400		
53.410	264.880	101.480	51.600	417.960	53.410	234.150	161.700	184.800	580.650	53.410		
53.420	294.120	108.360	56.760	459.240	53.420	234.150	129.150	134.400	497.700	53.420		
53.430	314.760	113.520	56.760	485.040	53.430	232.050	92.400	94.500	418.950	53.430		
53.440	338.840	123.840	58.480	521.160	53.440	224.700	64.050	69.300	358.050	53.440		
53.450	366.360	134.160	63.640	564.160	53.450	217.350	44.100	59.850	321.300	53.450		
53.460	387.000	144.480	68.800	600.280	53.460	201.600	31.500	54.600	287.700	53.460		
53.470	402.480	154.800	72.240	629.520	53.470	184.800	19.950	47.250	252.000	53.470		
53.480	416.240	161.680	73.960	651.880	53.480	164.850	9.450	42.000	216.300	53.480		
53.490	430.000	168.560	79.120	677.680	53.490	144.900	4.200	36.750	185.850	53.490		
53.500	440.640	174.960	82.080	697.680	53.500	124.950	0.000	31.500	156.450	53.500		
53.510	451.440	177.120	84.240	712.800	53.510	99.750	0.000	27.300	127.050	53.510		
53.520	457.920	179.280	82.080	719.280	53.520	79.800	0.000	24.150	103.950	53.520		
53.530	468.720	181.440	82.080	732.240	53.530	61.950	0.000	19.950	81.900	53.530		
53.540	479.520	183.600	79.920	743.040	53.540	45.000	0.000	17.460	62.460	53.540		
53.550	492.480	183.600	75.600	751.680	53.550	34.920	0.000	14.940	49.860	53.550		
53.560	503.280	185.760	73.440	762.480	53.560	24.840	0.000	14.940	39.780	53.560		
53.570	511.920	185.760	71.280	768.960	53.570	14.940	0.000	14.940	29.880	53.570		
53.580	524.880	185.760	69.120	779.760	53.580	7.380	0.000	12.420	19.800	53.580		
53.590	531.360	185.760	66.960	784.080	53.590	4.860	0.000	12.420	17.280	53.590		
53.600	535.680	185.760	64.800	786.240	53.600	2.340	0.000	12.420	14.760	53.600		
53.610	540.000	185.760	60.480	786.240	53.610	2.340	0.000	12.420	14.760	53.610		
53.620	540.000	185.760	60.480	786.240	53.620	0.000	0.000	9.900	9.900	53.620		
53.630	540.000	185.760	58.320	784.080	53.630	0.000	0.000	9.900	9.900	53.630		
53.640	540.000	185.760	58.320	784.080	53.640	0.000	0.000	9.900	9.900	53.640		
53.650	535.000	186.180	55.640	776.820	53.650	0.000	0.000	7.380	7.380	53.650		
53.660	528.580	186.180	59.920	774.680	53.660	0.000	0.000	9.900	9.900	53.660		
53.670	524.300	188.320	59.920	772.540	53.670	0.000	0.000	9.900	9.900	53.670		
53.680	515.740	190.460	62.060	768.260	53.680	0.000	0.000	9.900	9.900	53.680		
53.690	509.320	194.740	64.200	768.260	53.690	0.000	0.000	9.960	9.960	53.690		
53.700	500.760	199.020	66.340	766.120	53.700	0.000	0.000	9.960	9.960	53.700		
53.710	494.340	199.020	66.340	759.700	53.710	0.000	0.000	9.960	9.960	53.710		
53.720	487.920	201.160	68.480	757.560	53.720	0.000	0.000	9.960	9.960	53.720		
53.730	485.780	203.300	70.620	759.700	53.730	0.000	0.000	9.960	9.960	53.730		
53.740	483.640	209.720	74.900	768.260	53.740	0.000	0.000	12.480	12.480	53.740		
53.750	483.640	209.720	74.900	768.260	53.750	0.000	0.000	12.480	12.480	53.750		
53.760	485.780	214.000	79.180	778.960	53.760	0.000	0.000	12.480	12.480	53.760		
53.770	487.920	214.000	77.040	778.960	53.770	0.000	0.000	12.480	12.480	53.770		
53.780	492.200	216.140	79.180	787.520	53.780	0.000	0.000	12.480	12.480	53.780		
53.790	494.340	218.280	81.320	793.940	53.790	0.000	0.000	12.480	12.480	53.790		
53.800	496.470	221.100	82.410	799.980	53.800	0.000	0.000	15.000	15.000	53.800		
53.810	498.480	223.110	82.410	804.000	53.810	0.000	0.000	15.000	15.000	53.810		
53.820	502.500	227.130	84.420	814.050	53.820	0.000	0.000	15.000	15.000	53.820		
53.830	502.500	227.130	84.420	814.050	53.830	0.000	0.000	15.000	15.000	53.830		
53.840	502.500	227.130	84.420	814.050	53.840	0.000	0.000	14.580	14.580	53.840		
53.850	502.500	223.110	84.420	810.030	53.850	0.000	0.000	12.420	12.420	53.850		
53.860	498.480	223.110	84.420	806.010	53.860	0.000	0.000	12.420	12.420	53.860		
53.870	496.470	221.100	84.420	801.990	53.870	0.000	0.000	12.420	12.420	53.870		
53.880	494.460	221.100	86.430	801.990	53.880	0.000	0.000	9.720	9.720	53.880		
53.890	492.450	219.090	86.430	797.970	53.890	7.020	0.000	17.280	24.300	53.890		
53.900	484.410	219.090	86.430	789.930	53.900	17.280	2.160	32.400	51.840	53.900		
53.910	474.360	213.060	86.430	773.850	53.910	19.980	0.000	39.960	59.940	53.910		
53.920	458.280	211.050	86.430	755.760	53.920	29.700	2.160	44.820	76.680	53.920		
53.930	444.210	207.030	86.430	737.670	53.930	39.960	9.720	54.540	104.220	53.930		
53.940	424.110	203.010	88.440	715.560	53.940	54.540	22.140	74.520	151.200	53.940		
53.950	407.500	198.860	89.650	696.010	53.950	62.100	29.700	97.200	189.000	53.950		
53.960	381.420	189.080	89.650	660.150	53.960	72.360	42.120	117.180	231.660	53.960		
53.970	356.970	180.930	86.390	624.290	53.970	82.080	54.540	129.600	266.220	53.970		
53.980	334.150	171.150	86.390	591.690	53.980	92.340	62.100	135.000	289.440	53.980		
53.990	309.700	164.630	86.390	560.720	53.990	101.430	69.230	136.850	307.510	53.990		
54.000	286.880	154.850	79.870	521.600	54.000	109.480	77.280	136.850	323.610	54.000		
54.010	264.060	146.700	79.870	490.630	54.010	119.140	83.720	138.460	341.320	54.010		
54.020	241.240	136.920	79.870	458.030	54.020	127.190	91.770	144.900	363.860	54.020		
54.030	218.420	127.140	74.980	420.540	54.030	136.850	99.820	146.510	383.180	54.030		
54.040	192.340	114.100	68.460	374.900	54.040	141.680	109.480	156.170	407.330	54.040		
54.050	164.630	101.060	58.680	324.370	54.050	149.730	119.140	169.050	437.920	54.050		
54.060	138.550	89.650	53.790	281.990	54.060	156.170	133.630	191.590	481.390	54.060		
54.070	114.100	74.980	44.010	233.090	54.070	164.220	151.340	217.350	532.910	54.070		
54.080	91.280	61.940	34.230	187.450	54.080	172.270	169.050	246.330	587.650	54.080		
54.090	68.460	48.900	26.080	143.440	54.090	178.710	189.980	281.750	650.440	54.090		
54.100	50.000	37.400	22.400	109.800	54.100	183.540	210.910	317.170	711.620	54.100		
54.110	35.000	25.000	12.400	72.400	54.110	191.590	227.010	349.370	767.970	54.110		
54.120	25.000	12.400	5.000	42.400	54.120	194.810	241.500	376.740	813.050	54.120		
54.130	17.400	5.000	2.400	24.800	54.130	199.640	254.380	402.500	856.520	54.130		
54.140	12.400	2.400	2.400	17.200	54.140	200.910	266.070	423.540	890.520	54.140		
54.150	7.400	0.000	2.400	9.800	54.150	204.530	276.930	439.830	921.290	54.150		
54.160	10.000	0.000	2.400	12.400	54.160	206.340	282.360	448.880	937.580	54.160		
54.170	10.000	0.000	0.000	10.000	54.170	206.340	284.170	452.500	943.010	54.170		
54.180	7.400	0.000	2.400	9.800	54.180	209.960	284.170	447.070	941.200	54.180		
54.190	7.400	0.000	2.400	9.800	54.190	211.770	282.360	439.830	933.960	54.190		
54.200	7.400	0.000	0.000	7.400	54.200	209.960	276.930	427.160	914.050	54.200		
54.210	7.400	0.000	0.000	7.400	54.210	211.770	273.310	414.490	899.570	54.210		
54.220	7.400	0.000	2.400	9.800	54.220	213.580	269.690	396.390	879.660	54.220		
54.230	7.400	0.000	0.000	7.400	54.230	213.580	264.260	381.910	859.750	54.230		
54.240	7.400	0.000	0.000	7.400	54.240	213.580	258.830	369.240	841.650	54.240		
54.250	7.290	0.000	0.000	7.290	54.250	217.200	257.020	354.760	828.980	54.250		
54.260	7.290	0.000	0.000	7.290	54.260	219.010	253.400	338.470	810.880	54.260		
54.270	7.290	0.000	0.000	7.290	54.270	224.440	251.590	325.800	801.830	54.270		
54.280	7.290	0.000	0.000	7.290	54.280	226.250	251.590	318.560	796.400	54.280		
54.290	7.290	0.000	0.000	7.290	54.290	228.790	249.340	309.620	787.750	54.290		
54.300	7.290	0.000	0.000	7.290	54.300	234.270	249.340	304.140	787.750	54.300		
54.310	7.290	0.000	0.000	7.290	54.310	237.010	249.340	301.400	787.750	54.310		
54.320	4.860	0.000	0.000	4.860	54.320	237.010	252.080	301.400	790.490	54.320		
54.330	4.860	0.000	0.000	4.860	54.330	237.010	252.080	304.140	793.230	54.330		
54.340	2.430	4.860	2.430	9.720	54.340	237.010	254.820	309.620	801.450	54.340		
54.350	0.000	9.990	4.860	14.850	54.350	234.270	256.190	316.470	806.930	54.350		
54.360	0.000	19.980	14.850	34.830	54.360	231.530	256.190	321.950	809.670	54.360		
54.370	2.430	29.970	39.960	72.360	54.370	228.790	256.190	331.540	816.520	54.370		
54.380	7.290	34.830	52.380	94.500	54.380	227.420	256.190	339.760	823.370	54.380		
54.390	24.840	44.820	67.500	137.160	54.390	224.680	254.820	342.500	822.000	54.390		
54.400	54.870	59.590	97.350	211.810	54.400	219.200	252.080	339.760	811.040	54.400		
54.410	79.650	69.620	97.350	246.620	54.410	212.350	243.860	334.280	790.490	54.410		
54.420	114.460	82.010	94.990	291.460	54.420	201.390	231.530	327.430	760.350	54.420		
54.430	137.470	89.680	99.710	326.860	54.430	194.540	216.460	316.470	727.470	54.430		
54.440	142.190	89.680	99.710	331.580	54.440	182.400	199.200	300.000	681.600	54.440		
54.450	134.520	84.960	99.710	319.190	54.450	171.600	184.800	284.400	640.800	54.450		
54.460	124.490	82.010	97.350	303.850	54.460	162.000	169.200	270.000	601.200	54.460		
54.470	119.770	79.650	99.710	299.130	54.470	152.400	154.800	254.400	561.600	54.470		
54.480	114.460	79.650	97.350	291.460	54.480	144.000	144.000	244.800	532.800	54.480		
54.490	112.100	79.650	97.350	289.100	54.490	134.400	134.400	240.000	508.800	54.490		
54.500	114.460	79.650	99.710	293.820	54.500	129.600	127.200	234.000	490.800	54.500		
54.510	119.770	79.650	97.350	296.770	54.510	122.400	122.400	234.000	478.800	54.510		
54.520	124.490	79.650	94.990	299.130	54.520	116.400	120.000	236.400	472.800	54.520		
54.530	134.520	82.010	94.990	311.520	54.530	114.000	116.400	247.200	477.600	54.530		
54.540	147.500	82.010	92.040	321.550	54.540	109.200	116.400	254.400	480.000	54.540		
54.550	161.980	79.170	87.360	328.510	54.550	106.800	116.400	264.000	487.200	54.550		
54.560	174.720	77.350	81.900	333.970	54.560	104.400	116.400	272.400	493.200	54.560		
54.570	189.280	77.350	77.350	343.980	54.570	104.400	116.400	279.600	500.400	54.570		
54.580	202.020	74.620	71.890	348.530	54.580	99.600	116.400	286.800	502.800	54.580		
54.590	209.300	74.620	71.890	355.810	54.590	99.960	114.240	291.550	505.750	54.590		
54.600	217.490	77.350	67.340	362.180	54.600	99.960	116.620	293.930	510.510	54.600		
54.610	222.040	77.350	67.340	366.730	54.610	99.960	116.620	297.500	514.080	54.610		
54.620	224.770	79.170	69.160	373.100	54.620	99.960	114.240	297.500	511.700	54.620		
54.630	227.500	81.900	71.890	381.290	54.630	99.960	116.620	293.930	510.510	54.630		
54.640	224.770	84.630	71.890	381.290	54.640	96.390	114.240	293.930	504.560	54.640		
54.650	222.040	84.630	71.890	378.560	54.650	96.390	111.860	291.550	499.800	54.650		
54.660	222.040	81.900	71.890	375.830	54.660	96.390	111.860	291.550	499.800	54.660		
54.670	219.310	81.900	71.890	373.100	54.670	94.010	109.480	289.170	492.660	54.670		
54.680	217.490	81.900	71.890	371.280	54.680	94.010	109.480	286.790	490.280	54.680		
54.690	217.490	77.350	71.890	366.730	54.690	94.010	107.100	286.790	487.900	54.690		
54.700	216.840	76.450	69.500	362.790	54.700	91.630	104.720	284.410	480.760	54.700		
54.710	216.840	73.670	66.720	357.230	54.710	89.250	104.720	284.410	478.380	54.710		
54.720	219.620	73.670	63.940	357.230	54.720	86.870	102.340	284.410	473.620	54.720		
54.730	222.400	72.280	59.770	354.450	54.730	84.490	99.960	286.790	471.240	54.730		
54.740	229.350	69.500	51.430	350.280	54.740	81.270	99.330	288.960	469.560	54.740		
54.750	236.300	66.720	48.650	351.670	54.750	77.400	96.750	291.540	465.690	54.750		
54.760	241.860	66.720	47.260	355.840	54.760	72.240	96.750	299.280	468.270	54.760		
54.770	251.590	66.720	41.700	360.010	54.770	67.080	94.170	307.020	468.270	54.770		
54.780	261.320	66.720	38.920	366.960	54.780	61.920	91.590	314.760	468.270	54.780		
54.790	273.830	66.720	38.920	379.470	54.790	56.760	91.590	322.500	470.850	54.790		
54.800	289.120	69.500	34.750	393.370	54.800	54.180	89.010	322.500	465.690	54.800		
54.810	304.410	72.280	34.750	411.440	54.810	49.020	86.430	322.500	457.950	54.810		
54.820	316.920	72.280	34.750	423.950	54.820	43.860	83.850	314.760	442.470	54.820		
54.830	332.210	73.670	31.970	437.850	54.830	43.860	81.270	301.860	426.990	54.830		
54.840	347.500	73.670	29.190	450.360	54.840	39.990	79.980	279.930	399.900	54.840		
54.850	360.180	75.690	28.710	464.580	54.850	37.410	77.400	246.390	361.200	54.850		
54.860	381.060	78.300	26.100	485.460	54.860	34.830	74.820	206.400	316.050	54.860		
54.870	404.550	80.910	26.100	511.560	54.870	34.830	69.660	157.380	261.870	54.870		
54.880	430.650	86.130	26.100	542.880	54.880	32.250	67.080	104.490	203.820	54.880		
54.890	461.970	93.960	26.100	582.030	54.890	32.500	65.000	57.460	154.960	54.890		
54.900	495.900	101.790	26.100	623.790	54.900	29.900	59.800	24.960	114.660	54.900		
54.910	529.830	112.230	28.710	670.770	54.910	29.900	54.860	9.880	94.640	54.910		
54.920	563.760	120.060	28.710	712.530	54.920	29.900	47.320	4.940	82.160	54.920		
54.930	592.470	127.890	31.320	751.680	54.930	27.300	42.380	0.000	69.680	54.930		
54.940	615.960	133.110	31.320	780.390	54.940	22.360	37.440	0.000	59.800	54.940		
54.950	629.010	138.330	33.930	801.270	54.950	19.760	32.500	0.000	52.260	54.950		
54.960	639.450	140.940	33.930	814.320	54.960	17.420	27.300	0.000	44.720	54.960		
54.970	644.670	143.550	33.930	822.150	54.970	14.820	19.760	0.000	34.580	54.970		
54.980	649.890	143.550	33.930	827.370	54.980	9.880	12.480	0.000	22.360	54.980		
54.990	652.500	146.160	39.150	837.810	54.990	4.940	9.880	0.000	14.820	54.990		
55.000	650.000	143.000	41.600	834.600	55.000	0.000	4.940	0.000	4.940	55.000		
55.010	644.800	143.000	46.800	834.600	55.010	0.000	0.000	0.000	0.000	55.010		
55.020	637.000	143.000	49.400	829.400	55.020	0.000	0.000	0.000	0.000	55.020		
55.030	626.600	140.400	54.600	821.600	55.030	0.000	0.000	0.000	0.000	55.030		
55.040	613.600	137.800	57.200	808.600	55.040	0.000	0.000	0.000	0.000	55.040		
55.050	598.000	135.200	59.800	793.000	55.050	0.000	0.000	0.000	0.000	55.050		
55.060	585.000	132.600	65.000	782.600	55.060	0.000	0.000	0.000	0.000	55.060		
55.070	574.600	130.000	65.000	769.600	55.070	0.000	0.000	0.000	0.000	55.070		
55.080	564.200	132.600	72.800	769.600	55.080	0.000	0.000	0.000	0.000	55.080		
55.090	553.800	135.200	78.000	767.000	55.090	0.000	0.000	0.000	0.000	55.090		
55.100	548.600	137.800	83.200	769.600	55.100	0.000	0.000	0.000	0.000	55.100		
55.110	546.000	140.400	85.800	772.200	55.110	0.000	0.000	0.000	0.000	55.110		
55.120	540.800	143.000	91.000	774.800	55.120	0.000	0.000	0.000	0.000	55.120		
55.130	538.200	143.000	93.600	774.800	55.130	0.000	0.000	0.000	0.000	55.130		
55.140	533.000	145.600	96.200	774.800	55.140	0.000	0.000	0.000	0.000	55.140		
55.150	532.500	149.100	102.240	783.840	55.150	0.000	0.000	0.000	0.000	55.150		
55.160	526.110	149.100	108.630	783.840	55.160	0.000	0.000	0.000	0.000	55.160		
55.170	523.980	149.100	110.760	783.840	55.170	0.000	0.000	0.000	0.000	55.170		
55.180	521.850	149.100	117.150	788.100	55.180	0.000	0.000	0.000	0.000	55.180		
55.190	519.720	151.230	119.280	790.230	55.190	0.000	0.000	0.000	0.000	55.190		
55.200	515.460	151.230	123.540	790.230	55.200	0.000	0.000	0.000	0.000	55.200		
55.210	513.330	151.230	125.670	790.230	55.210	0.000	0.000	2.480	2.480	55.210		
55.220	513.330	151.230	125.670	790.230	55.220	0.000	0.000	2.480	2.480	55.220		
55.230	511.200	151.230	129.930	792.360	55.230	0.000	0.000	2.480	2.480	55.230		
55.240	506.940	151.230	129.930	788.100	55.240	0.000	0.000	2.480	2.480	55.240		
55.250	504.810	151.230	132.060	788.100	55.250	0.000	0.000	5.000	5.000	55.250		
55.260	498.420	153.360	129.930	781.710	55.260	0.000	0.000	5.000	5.000	55.260		
55.270	494.160	151.230	129.930	775.320	55.270	0.000	0.000	5.000	5.000	55.270		
55.280	485.640	151.230	129.930	766.800	55.280	0.000	0.000	5.000	5.000	55.280		
55.290	481.380	149.100	123.540	754.020	55.290	0.000	0.000	7.480	7.480	55.290		
55.300	476.370	148.740	120.600	745.710	55.300	0.000	0.000	7.480	7.480	55.300		
55.310	474.360	144.720	116.580	735.660	55.310	0.000	0.000	7.480	7.480	55.310		
55.320	474.360	140.700	110.550	725.610	55.320	0.000	0.000	10.000	10.000	55.320		
55.330	476.370	136.680	100.500	713.550	55.330	0.000	0.000	10.000	10.000	55.330		
55.340	478.380	134.670	94.470	707.520	55.340	0.000	0.000	10.000	10.000	55.340		
55.350	476.370	128.640	86.430	691.440	55.350	0.000	0.000	12.480	12.480	55.350		
55.360	476.370	128.640	82.410	687.420	55.360	0.000	0.000	14.960	14.960	55.360		
55.370	476.370	126.630	76.380	679.380	55.370	0.000	0.000	14.960	14.960	55.370		
55.380	474.360	128.640	72.360	675.360	55.380	0.000	0.000	14.960	14.960	55.380		
55.390	472.350	126.630	68.340	667.320	55.390	0.000	0.000	14.960	14.960	55.390		
55.400	474.360	128.640	66.330	669.330	55.400	0.000	0.000	17.440	17.440	55.400		
55.410	476.370	128.640	66.330	671.340	55.410	0.000	0.000	17.440	17.440	55.410		
55.420	482.400	130.650	66.330	679.380	55.420	0.000	0.000	17.440	17.440	55.420		
55.430	492.450	130.650	64.320	687.420	55.430	0.000	0.000	20.000	20.000	55.430		
55.440	502.500	134.670	62.310	699.480	55.440	0.000	0.000	20.000	20.000	55.440		
55.450	508.200	136.500	63.000	707.700	55.450	0.000	0.000	20.000	20.000	55.450		
55.460	514.500	138.600	60.900	714.000	55.460	0.000	0.000	20.000	20.000	55.460		
55.470	518.700	140.700	60.900	720.300	55.470	0.000	0.000	20.000	20.000	55.470		
55.480	520.800	144.900	60.900	726.600	55.480	0.000	0.000	20.000	20.000	55.480		
55.490	525.000	147.000	60.900	732.900	55.490	0.000	0.000	18.130	18.130	55.490		
55.500	525.000	149.100	60.900	735.000	55.500	0.000	0.000	18.130	18.130	55.500		
55.510	520.800	151.200	63.000	735.000	55.510	0.000	0.000	15.540	15.540	55.510		
55.520	518.700	157.500	67.200	743.400	55.520	0.000	0.000	15.540	15.540	55.520		
55.530	516.600	159.600	69.300	745.500	55.530	0.000	0.000	15.540	15.540	55.530		
55.540	512.400	161.700	71.400	745.500	55.540	0.000	0.000	12.950	12.950	55.540		
55.550	506.100	165.900	73.500	745.500	55.550	0.000	0.000	10.360	10.360	55.550		
55.560	504.000	168.000	79.800	751.800	55.560	0.000	0.000	7.770	7.770	55.560		
55.570	506.100	176.400	79.800	762.300	55.570	0.000	0.000	2.590	2.590	55.570		
55.580	501.900	176.400	84.000	762.300	55.580	0.000	25.900	225.330	251.230	55.580		
55.590	487.200	176.400	86.100	749.700	55.590	119.140	181.300	647.500	947.940	55.590		
55.600	442.500	159.300	81.420	683.220	55.600	23.310	56.980	453.250	533.540	55.600		
55.610	401.790	143.370	84.960	630.120	55.610	18.130	49.210	365.190	432.530	55.610		
55.620	366.390	134.520	84.960	585.870	55.620	38.850	72.520	354.830	466.200	55.620		
55.630	339.840	123.900	84.960	548.700	55.630	56.980	69.930	274.540	401.450	55.630		
55.640	309.750	113.280	84.960	507.990	55.640	71.890	62.410	184.860	319.160	55.640		
55.650	279.660	104.430	84.960	469.050	55.650	84.530	64.780	154.840	304.150	55.650		
55.660	256.650	97.350	84.960	438.960	55.660	99.540	74.260	149.310	323.110	55.660		
55.670	231.870	88.500	84.960	405.330	55.670	107.440	79.790	144.570	331.800	55.670		
55.680	214.170	81.420	79.650	375.240	55.680	116.920	86.900	142.200	346.020	55.680		
55.690	198.240	76.110	81.420	355.770	55.690	124.820	97.170	144.570	366.560	55.690		
55.700	185.850	74.340	79.650	339.840	55.700	131.930	101.910	144.570	378.410	55.700		
55.710	178.770	70.800	76.110	325.680	55.710	139.830	109.810	146.940	396.580	55.710		
55.720	171.690	70.800	76.110	318.600	55.720	144.570	112.180	149.310	406.060	55.720		
55.730	166.380	69.030	76.110	311.520	55.730	149.310	119.290	154.840	423.440	55.730		
55.740	161.070	69.030	76.110	306.210	55.740	154.840	127.190	161.950	443.980	55.740		
55.750	160.000	72.320	77.440	309.760	55.750	159.580	131.930	172.220	463.730	55.750		
55.760	160.000	72.320	77.440	309.760	55.760	164.320	142.200	182.490	489.010	55.760		
55.770	157.440	72.320	80.000	309.760	55.770	167.480	149.310	189.600	506.390	55.770		
55.780	157.440	74.880	77.440	309.760	55.780	172.220	154.840	197.500	524.560	55.780		
55.790	152.320	72.320	77.440	302.080	55.790	176.960	159.040	201.600	537.600	55.790		
55.800	147.200	72.320	80.000	299.520	55.800	181.440	166.880	204.960	553.280	55.800		
55.810	139.520	72.320	80.000	291.840	55.810	189.280	172.480	204.960	566.720	55.810		
55.820	132.480	72.320	81.920	286.720	55.820	197.120	176.960	199.360	573.440	55.820		
55.830	122.240	69.760	84.480	276.480	55.830	204.960	179.200	194.880	579.040	55.830		
55.840	106.880	64.640	87.040	258.560	55.840	211.680	184.800	189.280	585.760	55.840		
55.850	92.160	64.640	87.040	243.840	55.850	219.520	189.280	189.280	598.080	55.850		
55.860	77.440	56.960	89.600	224.000	55.860	224.000	194.880	194.880	613.760	55.860		
55.870	62.080	49.920	94.720	206.720	55.870	229.600	204.960	201.600	636.160	55.870		
55.880	47.360	42.240	94.720	184.320	55.880	237.440	213.920	211.680	663.040	55.880		
55.890	34.560	32.000	92.160	158.720	55.890	241.920	227.360	221.760	691.040	55.890		
55.900	27.380	22.200	92.500	142.080	55.900	249.760	237.440	227.360	714.560	55.900		
55.910	22.200	14.800	89.910	126.910	55.910	259.840	246.400	229.600	735.840	55.910		
55.920	17.390	7.400	84.730	109.520	55.920	272.160	256.480	231.840	760.480	55.920		
55.930	14.800	2.220	77.330	94.350	55.930	280.000	266.560	231.840	778.400	55.930		
55.940	12.210	0.000	72.150	84.360	55.940	292.160	276.320	227.040	795.520	55.940		
55.950	9.990	0.000	62.160	72.150	55.950	304.480	283.360	221.760	809.600	55.950		
55.960	7.400	0.000	52.170	59.570	55.960	313.280	292.160	216.480	821.920	55.960		
55.970	4.810	0.000	44.770	49.580	55.970	322.080	297.440	209.440	828.960	55.970		
55.980	4.810	0.000	34.780	39.590	55.980	330.880	300.960	204.160	836.000	55.980		
55.990	2.220	0.000	29.970	32.190	55.990	339.680	306.240	198.880	844.800	55.990		
56.000	2.220	0.000	19.980	22.200	56.000	348.480	311.520	193.600	853.600	56.000		
56.010	2.220	0.000	14.800	17.020	56.010	360.800	316.800	186.560	864.160	56.010		
56.020	0.000	0.000	9.990	9.990	56.020	371.360	318.560	176.000	865.920	56.020		
56.030	0.000	0.000	4.810	4.810	56.030	381.920	322.080	168.960	872.960	56.030		
56.040	0.000	0.000	4.810	4.810	56.040	392.480	327.360	161.920	881.760	56.040		
56.050	0.000	0.000	2.500	2.500	56.050	401.280	327.360	151.360	880.000	56.050		
56.060	0.000	0.000	5.000	5.000	56.060	413.600	329.120	139.040	881.760	56.060		
56.070	0.000	0.000	5.000	5.000	56.070	425.920	327.360	126.720	880.000	56.070		
56.080	0.000	0.000	5.000	5.000	56.080	440.000	323.840	110.880	874.720	56.080		
56.090	0.000	0.000	5.000	5.000	56.090	457.200	317.500	96.520	871.220	56.090		
56.100	0.000	0.000	2.500	2.500	56.100	472.440	317.500	83.820	873.760	56.100		
56.110	0.000	0.000	2.500	2.500	56.110	482.600	312.420	71.120	866.140	56.110		
56.120	0.000	0.000	5.000	5.000	56.120	497.840	304.800	63.500	866.140	56.120		
56.130	0.000	0.000	2.500	2.500	56.130	513.080	297.180	53.340	863.600	56.130		
56.140	0.000	0.000	2.500	2.500	56.140	525.780	287.020	48.260	861.060	56.140		
56.150	0.000	0.000	0.000	0.000	56.150	541.020	276.860	38.100	855.980	56.150		
56.160	0.000	0.000	2.500	2.500	56.160	553.720	266.700	33.020	853.440	56.160		
56.170	0.000	0.000	2.500	2.500	56.170	566.420	256.540	27.940	850.900	56.170		
56.180	0.000	0.000	2.500	2.500	56.180	576.580	243.840	20.320	840.740	56.180		
56.190	0.000	0.000	2.500	2.500	56.190	591.820	233.680	15.240	840.740	56.190		
56.200	0.000	0.000	2.500	2.500	56.200	604.520	226.060	7.620	838.200	56.200		
56.210	0.000	0.000	2.500	2.500	56.210	614.680	213.360	5.080	833.120	56.210		
56.220	0.000	0.000	2.500	2.500	56.220	624.840	203.200	2.540	830.580	56.220		
56.230	0.000	0.000	2.500	2.500	56.230	635.000	198.120	0.000	833.120	56.230		
56.240	0.000	0.000	0.000	0.000	56.240	643.550	186.050	0.000	829.600	56.240		
56.250	0.000	0.000	0.000	0.000	56.250	652.700	179.950	0.000	832.650	56.250		
56.260	0.000	0.000	2.500	2.500	56.260	661.850	173.850	0.000	835.700	56.260		
56.270	0.000	0.000	0.000	0.000	56.270	667.950	164.700	0.000	832.650	56.270		
56.280	0.000	0.000	0.000	0.000	56.280	677.100	161.650	0.000	838.750	56.280		
56.290	0.000	0.000	2.500	2.500	56.290	683.200	152.500	0.000	835.700	56.290		
56.300	0.000	0.000	0.000	0.000	56.300	689.300	149.450	0.000	838.750	56.300		
56.310	0.000	0.000	0.000	0.000	56.310	695.400	143.350	0.000	838.750	56.310		
56.320	0.000	0.000	0.000	0.000	56.320	701.500	137.250	0.000	838.750	56.320		
56.330	0.000	0.000	0.000	0.000	56.330	707.600	134.200	0.000	841.800	56.330		
56.340	0.000	0.000	0.000	0.000	56.340	719.800	128.100	0.000	847.900	56.340		
56.350	0.000	0.000	0.000	0.000	56.350	725.900	122.000	0.000	847.900	56.350		
56.360	0.000	0.000	0.000	0.000	56.360	735.050	118.950	0.000	854.000	56.360		
56.370	0.000	0.000	0.000	0.000	56.370	747.250	115.900	0.000	863.150	56.370		
56.380	0.000	0.000	0.000	0.000	56.380	762.500	109.800	0.000	872.300	56.380		
56.390	0.000	0.000	0.000	0.000	56.390	777.490	107.240	0.000	884.730	56.390		
56.400	0.000	0.000	0.000	0.000	56.400	788.980	103.410	0.000	892.390	56.400		
56.410	0.000	0.000	0.000	0.000	56.410	804.300	99.580	0.000	903.880	56.410		
56.420	0.000	0.000	0.000	0.000	56.420	819.620	99.580	0.000	919.200	56.420		
56.430	0.000	0.000	0.000	0.000	56.430	834.940	95.750	0.000	930.690	56.430		
56.440	0.000	0.000	0.000	0.000	56.440	854.090	91.920	0.000	946.010	56.440		
56.450	0.000	0.000	2.470	2.470	56.450	873.240	84.260	0.000	957.500	56.450		
56.460	0.000	0.000	0.000	0.000	56.460	892.390	80.430	0.000	972.820	56.460		
56.470	0.000	0.000	0.000	0.000	56.470	911.540	76.600	0.000	988.140	56.470		
56.480	14.820	0.000	0.000	14.820	56.480	926.860	72.770	0.000	999.630	56.480		
56.490	47.500	0.000	0.000	47.500	56.490	942.180	65.110	0.000	1007.290	56.490		
56.500	78.660	0.000	0.000	78.660	56.500	949.840	57.450	0.000	1007.290	56.500		
56.510	106.020	0.000	0.000	106.020	56.510	957.500	53.620	0.000	1011.120	56.510		
56.520	131.670	0.000	0.000	131.670	56.520	957.500	49.790	0.000	1007.290	56.520		
56.530	157.320	0.000	0.000	157.320	56.530	949.840	42.130	0.000	991.970	56.530		
56.540	194.940	1.710	0.000	196.650	56.540	937.500	33.750	0.000	971.250	56.540		
56.550	239.400	11.970	6.840	258.210	56.550	915.000	26.250	0.000	941.250	56.550		
56.560	283.860	32.490	11.970	328.320	56.560	888.750	15.000	0.000	903.750	56.560		
56.570	324.900	56.430	23.940	405.270	56.570	851.250	7.500	0.000	858.750	56.570		
56.580	348.840	71.820	32.490	453.150	56.580	802.500	0.000	0.000	802.500	56.580		
56.590	353.970	78.660	35.910	468.540	56.590	738.750	0.000	0.000	738.750	56.590		
56.600	357.390	88.920	49.590	495.900	56.600	660.000	0.000	0.000	660.000	56.600		
56.610	365.940	100.890	56.430	523.260	56.610	566.250	0.000	0.000	566.250	56.610		
56.620	384.750	114.570	66.690	566.010	56.620	457.500	0.000	0.000	457.500	56.620		
56.630	403.560	126.540	73.530	603.630	56.630	352.500	0.000	0.000	352.500	56.630		
56.640	427.500	138.510	78.660	644.670	56.640	255.000	0.000	0.000	255.000	56.640		
56.650	450.000	154.000	84.000	688.000	56.650	176.250	0.000	0.000	176.250	56.650		
56.660	472.000	166.000	90.000	728.000	56.660	116.250	0.000	0.000	116.250	56.660		
56.670	486.000	176.000	94.000	756.000	56.670	67.500	0.000	0.000	67.500	56.670		
56.680	496.000	192.000	102.000	790.000	56.680	33.750	0.000	0.000	33.750	56.680		
56.690	500.000	200.000	104.000	804.000	56.690	30.000	0.000	0.000	30.000	56.690		
56.700	500.000	210.000	110.000	820.000	56.700	27.480	0.000	0.000	27.480	56.700		
56.710	494.000	220.000	114.000	828.000	56.710	22.440	0.000	0.000	22.440	56.710		
56.720	486.000	226.000	122.000	834.000	56.720	17.400	0.000	0.000	17.400	56.720		
56.730	476.000	232.000	126.000	834.000	56.730	17.400	0.000	0.000	17.400	56.730		
56.740	464.000	236.000	132.000	832.000	56.740	15.000	0.000	0.000	15.000	56.740		
56.750	450.000	240.000	136.000	826.000	56.750	15.000	0.000	0.000	15.000	56.750		
56.760	432.000	242.000	142.000	816.000	56.760	12.480	0.000	0.000	12.480	56.760		
56.770	414.000	244.000	150.000	808.000	56.770	12.480	0.000	0.000	12.480	56.770		
56.780	396.000	246.000	154.000	796.000	56.780	12.480	0.000	0.000	12.480	56.780		
56.790	374.000	250.000	162.000	786.000	56.790	9.960	0.000	0.000	9.960	56.790		
56.800	351.860	249.660	166.440	767.960	56.800	9.960	0.000	0.000	9.960	56.800		
56.810	334.340	251.120	176.660	762.120	56.810	9.960	0.000	0.000	9.960	56.810		
56.820	313.900	251.120	183.960	748.980	56.820	9.960	0.000	0.000	9.960	56.820		
56.830	294.920	254.040	194.180	743.140	56.830	9.960	0.000	0.000	9.960	56.830		
56.840	274.480	256.960	201.480	732.920	56.840	7.480	0.000	0.000	7.480	56.840		
56.850	256.960	259.880	211.700	728.540	56.850	10.000	0.000	0.000	10.000	56.850		
56.860	239.440	261.340	226.300	727.080	56.860	10.000	0.000	0.000	10.000	56.860		
56.870	221.920	264.260	239.440	725.620	56.870	7.480	0.000	0.000	7.480	56.870		
56.880	204.400	267.180	254.040	725.620	56.880	7.480	0.000	0.000	7.480	56.880		
56.890	191.260	268.640	267.180	727.080	56.890	7.480	0.000	0.000	7.480	56.890		
56.900	176.660	274.480	284.700	735.840	56.900	7.480	0.000	0.000	7.480	56.900		
56.910	164.980	278.860	302.220	746.060	56.910	7.480	0.000	0.000	7.480	56.910		
56.920	151.840	281.780	321.200	754.820	56.920	7.480	0.000	0.000	7.480	56.920		
56.930	137.240	286.160	341.640	765.040	56.930	7.480	0.000	0.000	7.480	56.930		
56.940	124.100	289.080	365.000	778.180	56.940	7.480	0.000	0.000	7.480	56.940		
56.950	106.950	289.800	389.850	786.600	56.950	5.000	0.000	0.000	5.000	56.950		
56.960	96.600	289.800	417.450	803.850	56.960	5.000	0.000	0.000	5.000	56.960		
56.970	79.350	289.800	441.600	810.750	56.970	5.000	0.000	0.000	5.000	56.970		
56.980	69.000	286.350	469.200	824.550	56.980	7.480	0.000	0.000	7.480	56.980		
56.990	58.650	279.450	500.250	838.350	56.990	4.850	0.000	0.000	4.850	56.990		
57.000	48.300	279.450	534.750	862.500	57.000	4.850	0.000	0.000	4.850	57.000		
57.010	41.400	269.100	569.250	879.750	57.010	6.790	0.000	0.000	6.790	57.010		
57.020	34.500	262.200	607.200	903.900	57.020	6.790	0.000	0.000	6.790	57.020		
57.030	27.600	248.400	641.700	917.700	57.030	6.790	0.000	0.000	6.790	57.030		
57.040	20.700	227.700	679.650	928.050	57.040	6.790	0.000	0.000	6.790	57.040		
57.050	13.800	210.450	724.500	948.750	57.050	6.790	0.000	0.000	6.790	57.050		
57.060	6.900	189.750	762.450	959.100	57.060	4.850	0.000	0.000	4.850	57.060		
57.070	6.900	172.500	800.400	979.800	57.070	6.790	0.000	0.000	6.790	57.070		
57.080	3.450	151.800	831.450	986.700	57.080	4.850	0.000	0.000	4.850	57.080		
57.090	0.000	134.550	862.500	997.050	57.090	4.850	0.000	11.640	16.490	57.090		
57.100	0.000	117.150	876.850	994.000	57.100	0.000	1.940	79.540	81.480	57.100		
57.110	0.000	102.950	887.500	990.450	57.110	0.000	4.850	136.770	141.620	57.110		
57.120	0.000	85.200	887.500	972.700	57.120	0.000	6.790	184.300	191.090	57.120		
57.130	0.000	74.550	876.850	951.400	57.130	0.000	11.640	242.500	254.140	57.130		
57.140	0.000	60.350	855.550	915.900	57.140	3.920	23.520	339.080	366.520	57.140		
57.150	0.000	49.700	827.150	876.850	57.150	11.760	41.160	413.560	466.480	57.150		
57.160	0.000	39.050	791.650	830.700	57.160	21.560	68.600	466.480	556.640	57.160		
57.170	0.000	28.400	738.400	766.800	57.170	33.320	94.080	486.080	613.480	57.170		
57.180	0.000	14.200	674.500	688.700	57.180	47.040	103.880	472.360	623.280	57.180		
57.190	0.000	3.550	599.950	603.500	57.190	54.880	103.880	439.040	597.800	57.190		
57.200	0.000	0.000	507.650	507.650	57.200	64.680	103.880	405.720	574.280	57.200		
57.210	0.000	0.000	408.250	408.250	57.210	76.440	113.680	392.000	582.120	57.210		
57.220	0.000	0.000	312.400	312.400	57.220	86.240	123.480	395.920	605.640	57.220		
57.230	0.000	0.000	220.100	220.100	57.230	96.040	139.160	413.560	648.760	57.230		
57.240	0.000	0.000	142.000	142.000	57.240	103.880	148.960	431.200	684.040	57.240		
57.250	0.000	0.000	82.500	82.500	57.250	111.720	164.640	454.720	731.080	57.250		
57.260	0.000	0.000	47.190	47.190	57.260	121.520	176.400	472.360	770.280	57.260		
57.270	0.000	0.000	27.390	27.390	57.270	127.400	192.080	484.120	803.600	57.270		
57.280	0.000	0.000	22.440	22.440	57.280	133.280	201.880	490.000	825.160	57.280		
57.290	0.000	0.000	19.800	19.800	57.290	141.120	211.680	490.000	842.800	57.290		
57.300	0.000	0.000	14.850	14.850	57.300	147.000	219.520	484.120	850.640	57.300		
57.310	0.000	0.000	17.490	17.490	57.310	150.920	223.440	474.320	848.680	57.310		
57.320	0.000	0.000	12.210	12.210	57.320	156.800	229.320	458.640	844.760	57.320		
57.330	0.000	0.000	9.900	9.900	57.330	164.640	231.280	444.920	840.840	57.330		
57.340	0.000	0.000	12.210	12.210	57.340	168.560	237.160	427.280	833.000	57.340		
57.350	0.000	0.000	9.900	9.900	57.350	176.400	241.080	409.640	827.120	57.350		
57.360	0.000	0.000	7.260	7.260	57.360	182.280	245.000	388.080	815.360	57.360		
57.370	0.000	0.000	7.260	7.260	57.370	188.160	246.960	368.480	803.600	57.370		
57.380	0.000	0.000	7.260	7.260	57.380	196.000	250.880	346.920	793.800	57.380		
57.390	0.000	0.000	7.260	7.260	57.390	203.840	254.800	323.400	782.040	57.390		
57.400	0.000	0.000	5.000	5.000	57.400	211.680	256.760	301.840	770.280	57.400		
57.410	0.000	0.000	5.000	5.000	57.410	221.480	256.760	282.240	760.480	57.410		
57.420	0.000	0.000	5.000	5.000	57.420	229.320	256.760	258.720	744.800	57.420		
57.430	0.000	0.000	5.000	5.000	57.430	237.160	256.760	239.120	733.040	57.430		
57.440	0.000	0.000	5.000	5.000	57.440	248.970	262.480	216.160	727.610	57.440		
57.450	0.000	0.000	2.500	2.500	57.450	258.620	262.480	198.790	719.890	57.450		
57.460	0.000	0.000	2.500	2.500	57.460	268.270	262.480	181.420	712.170	57.460		
57.470	0.000	0.000	2.500	2.500	57.470	283.710	264.410	165.980	714.100	57.470		
57.480	0.000	0.000	2.500	2.500	57.480	297.220	264.410	152.470	714.100	57.480		
57.490	0.000	0.000	2.500	2.500	57.490	310.730	266.340	137.030	714.100	57.490		
57.500	0.000	0.000	2.500	2.500	57.500	326.170	266.340	123.520	716.030	57.500		
57.510	0.000	0.000	2.500	2.500	57.510	343.540	266.340	108.080	717.960	57.510		
57.520	0.000	0.000	0.000	0.000	57.520	364.770	266.340	96.500	727.610	57.520		
57.530	0.000	0.000	0.000	0.000	57.530	382.140	266.340	86.850	735.330	57.530		
57.540	0.000	0.000	0.000	0.000	57.540	399.510	264.410	77.200	741.120	57.540		
57.550	0.000	0.000	0.000	0.000	57.550	418.810	262.480	65.620	746.910	57.550		
57.560	0.000	0.000	0.000	0.000	57.560	438.110	262.480	59.830	760.420	57.560		
57.570	0.000	0.000	0.000	0.000	57.570	459.340	256.690	52.110	768.140	57.570		
57.580	0.000	0.000	0.000	0.000	57.580	482.500	254.760	44.390	781.650	57.580		
57.590	0.000	0.000	0.000	0.000	57.590	507.200	247.260	34.870	789.330	57.590		
57.600	0.000	0.000	0.000	0.000	57.600	529.390	240.920	31.700	802.010	57.600		
57.610	0.000	0.000	0.000	0.000	57.610	551.580	234.580	22.190	808.350	57.610		
57.620	0.000	0.000	0.000	0.000	57.620	576.940	225.070	15.850	817.860	57.620		
57.630	0.000	0.000	0.000	0.000	57.630	599.130	215.560	9.510	824.200	57.630		
57.640	0.000	0.000	2.400	2.400	57.640	624.490	202.880	6.340	833.710	57.640		
57.650	0.000	0.000	0.000	0.000	57.650	649.850	193.370	3.170	846.390	57.650		
57.660	0.000	0.000	0.000	0.000	57.660	672.040	180.690	0.000	852.730	57.660		
57.670	0.000	0.000	0.000	0.000	57.670	703.740	164.840	0.000	868.580	57.670		
57.680	2.400	0.000	0.000	2.400	57.680	732.270	145.820	0.000	878.090	57.680		
57.690	37.500	0.000	0.000	37.500	57.690	754.460	133.140	0.000	887.600	57.690		
57.700	88.360	0.000	0.000	88.360	57.700	773.480	117.290	0.000	890.770	57.700		
57.710	141.000	0.000	0.000	141.000	57.710	782.990	101.440	0.000	884.430	57.710		
57.720	191.760	3.760	1.880	197.400	57.720	792.500	88.760	0.000	881.260	57.720		
57.730	251.920	9.400	3.760	265.080	57.730	792.500	72.910	0.000	865.410	57.730		
57.740	319.600	18.800	5.640	344.040	57.740	782.500	59.470	0.000	841.970	57.740		
57.750	383.520	31.960	13.160	428.640	57.750	769.980	46.950	0.000	816.930	57.750		
57.760	436.160	62.040	20.680	518.880	57.760	751.200	34.430	0.000	785.630	57.760		
57.770	466.240	103.400	35.720	605.360	57.770	719.900	25.040	0.000	744.940	57.770		
57.780	462.480	122.200	48.880	633.560	57.780	682.340	12.520	0.000	694.860	57.780		
57.790	432.400	125.960	62.040	620.400	57.790	629.130	3.130	0.000	632.260	57.790		
57.800	413.600	139.120	78.960	631.680	57.800	547.750	0.000	0.000	547.750	57.800		
57.810	417.360	154.160	94.000	665.520	57.810	453.850	0.000	0.000	453.850	57.810		
57.820	428.640	171.080	103.400	703.120	57.820	353.690	0.000	0.000	353.690	57.820		
57.830	449.320	189.880	114.680	753.880	57.830	259.790	0.000	0.000	259.790	57.830		
57.840	470.000	208.680	124.080	802.760	57.840	172.150	0.000	0.000	172.150	57.840		
57.850	484.620	228.520	133.960	847.100	57.850	109.550	0.000	0.000	109.550	57.850		
57.860	492.500	246.250	143.810	882.560	57.860	62.600	0.000	0.000	62.600	57.860		
57.870	492.500	262.010	153.660	908.170	57.870	31.300	0.000	0.000	31.300	57.870		
57.880	486.590	271.860	161.540	919.990	57.880	15.650	0.000	0.000	15.650	57.880		
57.890	476.740	283.680	169.420	929.840	57.890	12.500	0.000	0.000	12.500	57.890		
57.900	459.010	285.650	177.300	921.960	57.900	12.500	0.000	0.000	12.500	57.900		
57.910	439.310	291.560	183.210	914.080	57.910	10.000	0.000	0.000	10.000	57.910		
57.920	413.700	289.590	191.090	894.380	57.920	10.000	0.000	0.000	10.000	57.920		
57.930	388.090	289.590	198.970	876.650	57.930	7.500	0.000	0.000	7.500	57.930		
57.940	364.450	289.590	206.850	860.890	57.940	7.500	0.000	0.000	7.500	57.940		
57.950	338.840	289.590	214.730	843.160	57.950	5.000	0.000	0.000	5.000	57.950		
57.960	311.260	285.650	220.640	817.550	57.960	5.000	0.000	0.000	5.000	57.960		
57.970	283.680	283.680	232.460	799.820	57.970	2.500	0.000	0.000	2.500	57.970		
57.980	262.010	281.710	238.370	782.090	57.980	2.500	0.000	0.000	2.500	57.980		
57.990	236.400	279.740	246.250	762.390	57.990	0.000	0.000	0.000	0.000	57.990		
58.000	211.860	279.180	259.380	750.420	58.000	0.000	0.000	0.000	0.000	58.000		
58.010	186.120	277.200	273.240	736.560	58.010	0.000	0.000	0.000	0.000	58.010		
58.020	168.300	273.240	281.160	722.700	58.020	0.000	0.000	0.000	0.000	58.020		
58.030	152.460	273.240	297.000	722.700	58.030	0.000	0.000	0.000	0.000	58.030		
58.040	134.640	273.240	308.880	716.760	58.040	0.000	0.000	0.000	0.000	58.040		
58.050	118.800	273.240	324.720	716.760	58.050	0.000	0.000	0.000	0.000	58.050		
58.060	104.940	273.240	340.560	718.740	58.060	0.000	0.000	0.000	0.000	58.060		
58.070	93.060	277.200	356.400	726.660	58.070	0.000	0.000	0.000	0.000	58.070		
58.080	81.180	277.200	376.200	734.580	58.080	0.000	0.000	0.000	0.000	58.080		
58.090	71.280	277.200	396.000	744.480	58.090	0.000	0.000	0.000	0.000	58.090		
58.100	63.360	277.200	413.820	754.380	58.100	0.000	0.000	0.000	0.000	58.100		
58.110	57.420	273.240	433.620	764.280	58.110	0.000	0.000	0.000	0.000	58.110		
58.120	49.500	273.240	451.440	774.180	58.120	0.000	0.000	0.000	0.000	58.120		
58.130	43.560	273.240	473.220	790.020	58.130	0.000	0.000	0.000	0.000	58.130		
58.140	39.600	273.240	495.000	807.840	58.140	0.000	0.000	0.000	0.000	58.140		
58.150	34.100	269.390	514.910	818.400	58.150	0.000	0.000	0.000	0.000	58.150		
58.160	30.690	265.980	538.780	835.450	58.160	0.000	0.000	0.000	0.000	58.160		
58.170	23.870	259.160	559.240	842.270	58.170	0.000	0.000	0.000	0.000	58.170		
58.180	17.050	255.750	583.110	855.910	58.180	0.000	0.000	0.000	0.000	58.180		
58.190	13.640	252.340	603.570	869.550	58.190	0.000	0.000	0.000	0.000	58.190		
58.200	10.230	245.520	634.260	890.010	58.200	0.000	0.000	0.000	0.000	58.200		
58.210	6.820	235.290	658.130	900.240	58.210	0.000	0.000	0.000	0.000	58.210		
58.220	3.410	225.060	685.410	913.880	58.220	0.000	0.000	0.000	0.000	58.220		
58.230	0.000	214.830	716.100	930.930	58.230	0.000	0.000	0.000	0.000	58.230		
58.240	0.000	204.600	739.970	944.570	58.240	0.000	0.000	0.000	0.000	58.240		
58.250	0.000	190.960	763.840	954.800	58.250	0.000	0.000	0.000	0.000	58.250		
58.260	0.000	177.320	787.710	965.030	58.260	0.000	0.000	0.000	0.000	58.260		
58.270	0.000	163.680	811.580	975.260	58.270	0.000	0.000	0.000	0.000	58.270		
58.280	0.000	146.630	832.040	978.670	58.280	0.000	0.000	2.040	2.040	58.280		
58.290	0.000	129.580	852.500	982.080	58.290	0.000	0.000	46.920	46.920	58.290		
58.300	0.000	119.000	868.000	987.000	58.300	0.000	4.080	104.040	108.120	58.300		
58.310	0.000	101.500	875.000	976.500	58.310	0.000	4.080	154.020	158.100	58.310		
58.320	0.000	87.500	871.500	959.000	58.320	0.000	7.140	199.920	207.060	58.320		
58.330	0.000	77.000	857.500	934.500	58.330	0.000	12.240	255.000	267.240	58.330		
58.340	0.000	63.000	840.000	903.000	58.340	5.790	19.300	331.960	357.050	58.340		
58.350	0.000	56.000	805.000	861.000	58.350	17.370	36.670	409.160	463.200	58.350		
58.360	0.000	42.000	766.500	808.500	58.360	28.950	77.200	459.340	565.490	58.360		
58.370	0.000	31.500	707.000	738.500	58.370	54.040	104.220	482.500	640.760	58.370		
58.380	0.000	21.000	630.000	651.000	58.380	63.690	108.080	453.550	625.320	58.380		
58.390	0.000	7.000	539.000	546.000	58.390	73.340	111.940	407.230	592.510	58.390		
58.400	0.000	0.000	427.000	427.000	58.400	94.570	119.660	376.350	590.580	58.400		
58.410	0.000	0.000	322.000	322.000	58.410	113.870	137.030	366.700	617.600	58.410		
58.420	0.000	0.000	217.000	217.000	58.420	133.170	156.330	372.490	661.990	58.420		
58.430	0.000	0.000	133.000	133.000	58.430	152.470	175.630	384.070	712.170	58.430		
58.440	0.000	0.000	84.000	84.000	58.440	169.840	198.790	401.440	770.070	58.440		
58.450	0.000	0.000	45.000	45.000	58.450	187.210	221.950	414.950	824.110	58.450		
58.460	0.000	0.000	27.360	27.360	58.460	200.720	241.250	416.880	858.850	58.460		
58.470	0.000	0.000	24.840	24.840	58.470	216.160	256.690	414.950	887.800	58.470		
58.480	0.000	0.000	22.500	22.500	58.480	231.600	274.060	407.230	912.890	58.480		
58.490	0.000	0.000	17.460	17.460	58.490	244.920	287.310	392.500	924.730	58.490		
58.500	0.000	0.000	17.460	17.460	58.500	254.340	292.020	373.660	920.020	58.500		
58.510	0.000	0.000	17.460	17.460	58.510	263.760	296.730	354.820	915.310	58.510		
58.520	0.000	0.000	17.460	17.460	58.520	276.320	299.870	329.700	905.890	58.520		
58.530	0.000	0.000	12.420	12.420	58.530	287.310	301.440	306.150	894.900	58.530		
58.540	0.000	0.000	14.940	14.940	58.540	296.730	299.870	281.030	877.630	58.540		
58.550	0.000	0.000	12.420	12.420	58.550	306.150	296.730	259.050	861.930	58.550		
58.560	0.000	0.000	12.420	12.420	58.560	317.140	293.590	233.930	844.660	58.560		
58.570	0.000	0.000	9.900	9.900	58.570	324.990	292.020	213.520	830.530	58.570		
58.580	0.000	0.000	9.900	9.900	58.580	331.270	284.170	191.540	806.980	58.580		
58.590	0.000	0.000	9.900	9.900	58.590	342.260	276.320	169.560	788.140	58.590		
58.600	0.000	0.000	10.000	10.000	58.600	348.540	268.470	149.150	766.160	58.600		
58.610	0.000	0.000	7.480	7.480	58.610	356.390	262.190	131.880	750.460	58.610		
58.620	0.000	0.000	7.480	7.480	58.620	364.240	254.340	116.180	734.760	58.620		
58.630	0.000	0.000	7.480	7.480	58.630	368.950	249.630	103.620	722.200	58.630		
58.640	0.000	0.000	7.480	7.480	58.640	379.790	242.320	88.540	710.650	58.640		
58.650	0.000	0.000	7.480	7.480	58.650	391.440	235.330	76.890	703.660	58.650		
58.660	0.000	0.000	7.480	7.480	58.660	398.430	230.670	65.240	694.340	58.660		
58.670	0.000	0.000	5.000	5.000	58.670	414.740	228.340	58.250	701.330	58.670		
58.680	0.000	0.000	5.000	5.000	58.680	424.060	223.680	53.590	701.330	58.680		
58.690	0.000	0.000	2.480	2.480	58.690	435.710	221.350	48.930	705.990	58.690		
58.700	0.000	0.000	2.480	2.480	58.700	452.020	219.020	44.270	715.310	58.700		
58.710	0.000	0.000	5.000	5.000	58.710	466.000	216.690	39.610	722.300	58.710		
58.720	0.000	0.000	2.480	2.480	58.720	482.310	214.360	37.280	733.950	58.720		
58.730	0.000	0.000	2.480	2.480	58.730	498.620	214.360	34.950	747.930	58.730		
58.740	0.000	0.000	2.480	2.480	58.740	514.930	212.030	30.290	757.250	58.740		
58.750	0.000	0.000	0.000	0.000	58.750	528.910	212.030	25.630	766.570	58.750		
58.760	0.000	0.000	2.430	2.430	58.760	542.890	207.370	18.640	768.900	58.760		
58.770	0.000	0.000	0.000	0.000	58.770	563.860	202.710	16.310	782.880	58.770		
58.780	0.000	0.000	0.000	0.000	58.780	582.500	198.050	11.650	792.200	58.780		
58.790	0.000	0.000	0.000	0.000	58.790	600.780	193.800	9.690	804.270	58.790		
58.800	0.000	0.000	0.000	0.000	58.800	620.160	187.340	6.460	813.960	58.800		
58.810	0.000	0.000	0.000	0.000	58.810	642.770	180.880	3.230	826.880	58.810		
58.820	0.000	0.000	0.000	0.000	58.820	662.150	174.420	0.000	836.570	58.820		
58.830	0.000	0.000	0.000	0.000	58.830	684.760	167.960	0.000	852.720	58.830		
58.840	0.000	0.000	0.000	0.000	58.840	707.370	161.500	0.000	868.870	58.840		
58.850	0.000	0.000	0.000	0.000	58.850	726.750	151.810	0.000	878.560	58.850		
58.860	0.000	0.000	0.000	0.000	58.860	742.900	142.120	0.000	885.020	58.860		
58.870	0.000	0.000	0.000	0.000	58.870	762.280	132.430	0.000	894.710	58.870		
58.880	29.970	2.430	0.000	32.400	58.880	775.200	119.510	0.000	894.710	58.880		
58.890	67.500	2.430	0.000	69.930	58.890	791.350	109.820	0.000	901.170	58.890		
58.900	111.360	3.840	0.000	115.200	58.900	801.040	96.900	0.000	897.940	58.900		
58.910	159.360	9.600	0.000	168.960	58.910	807.500	90.440	0.000	897.940	58.910		
58.920	216.960	11.520	1.920	230.400	58.920	807.500	74.290	0.000	881.790	58.920		
58.930	276.480	17.280	3.840	297.600	58.930	801.040	64.600	0.000	865.640	58.930		
58.940	334.080	28.800	11.520	374.400	58.940	787.500	56.700	0.000	844.200	58.940		
58.950	391.680	51.840	19.200	462.720	58.950	765.450	47.250	0.000	812.700	58.950		
58.960	435.840	96.000	30.720	562.560	58.960	743.400	37.800	0.000	781.200	58.960		
58.970	453.120	126.720	51.840	631.680	58.970	705.600	28.350	0.000	733.950	58.970		
58.980	439.680	134.400	61.440	635.520	58.980	655.200	18.900	0.000	674.100	58.980		
58.990	422.400	145.920	78.720	647.040	58.990	592.200	9.450	0.000	601.650	58.990		
59.000	422.400	163.200	99.840	685.440	59.000	510.300	0.000	0.000	510.300	59.000		
59.010	432.000	182.400	109.440	723.840	59.010	422.100	0.000	0.000	422.100	59.010		
59.020	447.360	199.680	124.800	771.840	59.020	321.300	0.000	0.000	321.300	59.020		
59.030	460.800	216.960	134.400	812.160	59.030	229.950	0.000	0.000	229.950	59.030		
59.040	480.000	236.160	142.080	858.240	59.040	148.050	0.000	0.000	148.050	59.040		
59.050	486.080	250.880	150.920	887.880	59.050	88.200	0.000	0.000	88.200	59.050		
59.060	490.000	266.560	156.800	913.360	59.060	44.100	0.000	0.000	44.100	59.060		
59.070	486.080	276.360	168.560	931.000	59.070	18.900	0.000	0.000	18.900	59.070		
59.080	478.240	288.120	176.400	942.760	59.080	15.750	0.000	0.000	15.750	59.080		
59.090	464.520	294.000	182.280	940.800	59.090	15.000	0.000	0.000	15.000	59.090		
59.100	444.920	295.960	188.160	929.040	59.100	9.960	0.000	0.000	9.960	59.100		
59.110	423.360	294.000	194.040	911.400	59.110	9.960	0.000	0.000	9.960	59.110		
59.120	401.800	294.000	196.000	891.800	59.120	7.500	0.000	0.000	7.500	59.120		
59.130	378.280	292.040	203.840	874.160	59.130	7.500	0.000	0.000	7.500	59.130		
59.140	360.640	288.120	205.800	854.560	59.140	4.980	0.000	0.000	4.980	59.140		
59.150	341.040	284.200	211.680	836.920	59.150	4.980	0.000	0.000	4.980	59.150		
59.160	323.400	278.320	211.680	813.400	59.160	2.460	0.000	0.000	2.460	59.160		
59.170	303.800	274.400	215.600	793.800	59.170	2.460	0.000	0.000	2.460	59.170		
59.180	284.200	268.520	219.520	772.240	59.180	2.460	0.000	0.000	2.460	59.180		
59.190	266.560	264.600	221.480	752.640	59.190	2.460	0.000	0.000	2.460	59.190		
59.200	249.280	261.440	226.480	737.200	59.200	2.460	0.000	0.000	2.460	59.200		
59.210	234.080	259.920	234.080	728.080	59.210	2.460	0.000	0.000	2.460	59.210		
59.220	218.880	259.920	238.640	717.440	59.220	2.460	0.000	0.000	2.460	59.220		
59.230	206.720	259.920	244.720	711.360	59.230	0.000	0.000	0.000	0.000	59.230		
59.240	196.080	259.920	253.840	709.840	59.240	0.000	0.000	0.000	0.000	59.240		
59.250	183.920	261.440	261.440	706.800	59.250	0.000	0.000	0.000	0.000	59.250		
59.260	176.320	264.480	269.040	709.840	59.260	0.000	0.000	0.000	0.000	59.260		
59.270	168.720	266.000	279.680	714.400	59.270	0.000	0.000	0.000	0.000	59.270		
59.280	161.120	272.080	291.840	725.040	59.280	0.000	0.000	0.000	0.000	59.280		
59.290	152.000	273.600	304.000	729.600	59.290	0.000	0.000	0.000	0.000	59.290		
59.300	144.400	279.680	319.200	743.280	59.300	0.000	0.000	0.000	0.000	59.300		
59.310	133.760	284.240	334.400	752.400	59.310	0.000	0.000	0.000	0.000	59.310		
59.320	126.160	291.840	349.600	767.600	59.320	0.000	0.000	0.000	0.000	59.320		
59.330	118.560	294.880	364.800	778.240	59.330	0.000	0.000	0.000	0.000	59.330		
59.340	112.480	299.440	380.000	791.920	59.340	0.000	0.000	0.000	0.000	59.340		
59.350	104.720	301.840	400.400	806.960	59.350	0.000	0.000	0.000	0.000	59.350		
59.360	95.480	304.920	421.960	822.360	59.360	0.000	0.000	0.000	0.000	59.360		
59.370	86.240	308.000	440.440	834.680	59.370	0.000	0.000	0.000	0.000	59.370		
59.380	77.000	304.920	462.000	843.920	59.380	0.000	0.000	0.000	0.000	59.380		
59.390	67.760	304.920	483.560	856.240	59.390	0.000	0.000	0.000	0.000	59.390		
59.400	61.600	304.920	508.200	874.720	59.400	0.000	0.000	0.000	0.000	59.400		
59.410	52.360	301.840	532.840	887.040	59.410	0.000	0.000	0.000	0.000	59.410		
59.420	43.120	292.600	563.640	899.360	59.420	0.000	0.000	0.000	0.000	59.420		
59.430	33.880	280.280	594.440	908.600	59.430	0.000	0.000	0.000	0.000	59.430		
59.440	27.720	264.880	625.240	917.840	59.440	0.000	0.000	0.000	0.000	59.440		
59.450	21.560	249.480	656.040	927.080	59.450	0.000	0.000	0.000	0.000	59.450		
59.460	12.320	234.080	689.920	936.320	59.460	0.000	0.000	0.000	0.000	59.460		
59.470	6.160	215.600	717.640	939.400	59.470	0.000	0.000	0.000	0.000	59.470		
59.480	6.160	197.120	745.360	948.640	59.480	0.000	0.000	0.000	0.000	59.480		
59.490	0.000	175.560	770.000	945.560	59.490	0.000	1.740	34.800	36.540	59.490		
59.500	0.000	156.480	792.180	948.660	59.500	0.000	6.960	84.390	91.350	59.500		
59.510	0.000	136.920	805.220	942.140	59.510	0.000	12.180	124.410	136.590	59.510		
59.520	0.000	117.360	815.000	932.360	59.520	0.000	12.180	161.820	174.000	59.520		
59.530	0.000	97.800	808.480	906.280	59.530	0.000	14.790	217.500	232.290	59.530		
59.540	0.000	88.020	795.440	883.460	59.540	1.950	21.450	292.500	315.900	59.540		
59.550	0.000	74.980	779.140	854.120	59.550	5.850	29.250	351.000	386.100	59.550		
59.560	0.000	61.940	756.320	818.260	59.560	13.650	46.800	403.650	464.100	59.560		
59.570	0.000	48.900	720.460	769.360	59.570	29.250	76.050	438.750	544.050	59.570		
59.580	0.000	39.120	674.820	713.940	59.580	44.850	91.650	444.600	581.100	59.580		
59.590	0.000	22.820	612.880	635.700	59.590	50.700	89.700	413.400	553.800	59.590		
59.600	0.000	13.040	547.680	560.720	59.600	62.400	89.700	378.300	530.400	59.600		
59.610	0.000	0.000	469.440	469.440	59.610	74.100	97.500	364.650	536.250	59.610		
59.620	0.000	0.000	387.940	387.940	59.620	89.700	107.250	366.600	563.550	59.620		
59.630	0.000	0.000	303.180	303.180	59.630	101.400	120.900	384.150	606.450	59.630		
59.640	0.000	0.000	218.420	218.420	59.640	111.150	138.450	405.600	655.200	59.640		
59.650	0.000	0.000	142.500	142.500	59.650	120.900	154.050	429.000	703.950	59.650		
59.660	0.000	0.000	92.340	92.340	59.660	128.700	171.600	454.350	754.650	59.660		
59.670	0.000	0.000	54.720	54.720	59.670	138.450	191.100	475.800	805.350	59.670		
59.680	0.000	0.000	32.490	32.490	59.680	148.200	208.650	487.500	844.350	59.680		
59.690	0.000	0.000	27.360	27.360	59.690	158.760	223.440	490.000	872.200	59.690		
59.700	0.000	0.000	22.230	22.230	59.700	168.560	237.160	484.120	889.840	59.700		
59.710	0.000	0.000	22.230	22.230	59.710	176.400	245.000	476.280	897.680	59.710		
59.720	0.000	0.000	19.950	19.950	59.720	184.240	248.920	460.600	893.760	59.720		
59.730	0.000	0.000	19.950	19.950	59.730	194.040	254.800	444.920	893.760	59.730		
59.740	0.000	0.000	17.100	17.100	59.740	203.840	260.680	427.280	891.800	59.740		
59.750	0.000	0.000	17.100	17.100	59.750	211.680	264.600	405.720	882.000	59.750		
59.760	0.000	0.000	14.820	14.820	59.760	219.520	266.560	386.120	872.200	59.760		
59.770	0.000	0.000	14.820	14.820	59.770	227.360	266.560	368.480	862.400	59.770		
59.780	0.000	0.000	11.970	11.970	59.780	233.240	268.520	350.840	852.600	59.780		
59.790	0.000	0.000	11.970	11.970	59.790	239.120	266.560	333.200	838.880	59.790		
59.800	0.000	0.000	12.500	12.500	59.800	246.960	264.600	315.560	827.120	59.800		
59.810	0.000	0.000	12.500	12.500	59.810	248.920	260.680	295.960	805.560	59.810		
59.820	0.000	0.000	10.000	10.000	59.820	254.800	258.720	282.240	795.760	59.820		
59.830	0.000	0.000	10.000	10.000	59.830	256.760	254.800	264.600	776.160	59.830		
59.840	0.000	0.000	10.000	10.000	59.840	262.260	249.570	246.750	758.580	59.840		
59.850	0.000	0.000	10.000	10.000	59.850	263.670	243.930	231.240	738.840	59.850		
59.860	0.000	0.000	10.000	10.000	59.860	269.310	239.700	217.140	726.150	59.860		
59.870	0.000	0.000	7.500	7.500	59.870	274.950	236.880	204.450	716.280	59.870		
59.880	0.000	0.000	7.500	7.500	59.880	279.180	234.060	194.580	707.820	59.880		
59.890	0.000	0.000	7.500	7.500	59.890	284.820	231.240	184.710	700.770	59.890		
59.900	0.000	0.000	5.000	5.000	59.900	286.230	231.240	174.840	692.310	59.900		
59.910	0.000	0.000	5.000	5.000	59.910	294.690	229.830	166.380	690.900	59.910		
59.920	0.000	0.000	5.000	5.000	59.920	298.920	231.240	159.330	689.490	59.920		
59.930	0.000	0.000	2.500	2.500	59.930	307.380	229.830	153.690	690.900	59.930		
59.940	0.000	0.000	5.000	5.000	59.940	314.430	231.240	149.460	695.130	59.940		
59.950	0.000	0.000	5.000	5.000	59.950	318.660	234.060	142.410	695.130	59.950		
59.960	0.000	0.000	2.500	2.500	59.960	329.940	236.880	139.590	706.410	59.960		
59.970	0.000	0.000	2.500	2.500	59.970	339.810	241.110	131.130	712.050	59.970		
59.980	0.000	0.000	2.500	2.500	59.980	352.500	241.110	126.900	720.510	59.980		
59.990	0.000	0.000	0.000	0.000	59.990	367.200	244.800	116.960	728.960	59.990		
60.000	0.000	0.000	0.000	0.000	60.000	380.800	247.520	111.520	739.840	60.000		
60.010	0.000	0.000	0.000	0.000	60.010	397.120	255.680	106.080	758.880	60.010		
60.020	0.000	0.000	0.000	0.000	60.020	413.440	261.120	100.640	775.200	60.020		
60.030	0.000	0.000	2.500	2.500	60.030	432.480	263.840	92.480	788.800	60.030		
60.040	0.000	0.000	2.500	2.500	60.040	454.240	266.560	84.320	805.120	60.040		
60.050	0.000	0.000	2.500	2.500	60.050	478.720	266.560	73.440	818.720	60.050		
60.060	0.000	0.000	2.500	2.500	60.060	503.200	261.120	59.840	824.160	60.060		
60.070	0.000	0.000	2.500	2.500	60.070	524.960	252.960	51.680	829.600	60.070		
60.080	0.000	0.000	2.500	2.500	60.080	552.160	244.800	46.240	843.200	60.080		
60.090	2.500	0.000	2.500	5.000	60.090	576.640	228.480	35.360	840.480	60.090		
60.100	43.500	0.000	0.000	43.500	60.100	601.120	214.880	29.920	845.920	60.100		
60.110	88.740	3.480	0.000	92.220	60.110	628.320	193.120	24.480	845.920	60.110		
60.120	123.540	3.480	0.000	127.020	60.120	652.800	174.080	16.320	843.200	60.120		
60.130	163.560	6.960	0.000	170.520	60.130	680.000	146.880	10.880	837.760	60.130		
60.140	217.500	12.180	1.740	231.420	60.140	698.640	122.120	8.520	829.280	60.140		
60.150	269.700	17.400	3.480	290.580	60.150	710.000	96.560	2.840	809.400	60.150		
60.160	309.720	20.880	8.700	339.300	60.160	710.000	82.360	0.000	792.360	60.160		
60.170	351.480	34.800	12.180	398.460	60.170	701.480	68.160	0.000	769.640	60.170		
60.180	386.280	52.200	17.400	455.880	60.180	687.280	56.800	0.000	744.080	60.180		
60.190	408.900	81.780	26.100	516.780	60.190	667.400	45.440	0.000	712.840	60.190		
60.200	414.120	104.400	41.760	560.280	60.200	639.000	36.920	0.000	675.920	60.200		
60.210	408.900	118.320	53.940	581.160	60.210	602.080	28.400	0.000	630.480	60.210		
60.220	408.900	133.980	71.340	614.220	60.220	556.640	19.880	0.000	576.520	60.220		
60.230	421.080	151.380	87.000	659.460	60.230	499.840	11.360	0.000	511.200	60.230		
60.240	435.000	163.560	97.440	696.000	60.240	434.520	2.840	0.000	437.360	60.240		
60.250	450.660	180.670	105.560	736.890	60.250	357.840	0.000	0.000	357.840	60.250		
60.260	470.960	198.940	113.680	783.580	60.260	269.800	0.000	0.000	269.800	60.260		
60.270	487.200	213.150	121.800	822.150	60.270	187.440	0.000	0.000	187.440	60.270		
60.280	499.380	229.390	129.920	858.690	60.280	119.280	0.000	0.000	119.280	60.280		
60.290	507.500	243.600	136.010	887.110	60.290	67.500	0.000	0.000	67.500	60.290		
60.300	507.500	255.780	144.130	907.410	60.300	34.830	0.000	0.000	34.830	60.300		
60.310	501.410	263.900	152.250	917.560	60.310	17.280	0.000	0.000	17.280	60.310		
60.320	493.290	272.020	156.310	921.620	60.320	14.850	0.000	0.000	14.850	60.320		
60.330	481.110	278.110	164.430	923.650	60.330	12.420	0.000	2.430	14.850	60.330		
60.340	468.930	278.110	166.460	913.500	60.340	9.990	0.000	4.860	14.850	60.340		
60.350	454.720	282.170	170.520	907.410	60.350	9.990	0.000	2.430	12.420	60.350		
60.360	440.510	282.170	174.580	897.260	60.360	7.290	0.000	0.000	7.290	60.360		
60.370	426.300	278.110	178.640	883.050	60.370	7.290	0.000	0.000	7.290	60.370		
60.380	412.090	278.110	180.670	870.870	60.380	4.860	0.000	0.000	4.860	60.380		
60.390	393.820	276.080	184.730	854.630	60.390	4.860	0.000	0.000	4.860	60.390		
60.400	375.000	274.500	189.000	838.500	60.400	2.430	0.000	0.000	2.430	60.400		
60.410	357.000	270.000	189.000	816.000	60.410	2.430	0.000	0.000	2.430	60.410		
60.420	339.000	262.500	192.000	793.500	60.420	2.430	0.000	0.000	2.430	60.420		
60.430	322.500	259.500	195.000	777.000	60.430	2.430	0.000	0.000	2.430	60.430		
60.440	304.500	255.000	195.000	754.500	60.440	2.500	0.000	0.000	2.500	60.440		
60.450	289.500	249.000	199.500	738.000	60.450	2.500	0.000	0.000	2.500	60.450		
60.460	274.500	247.500	199.500	721.500	60.460	0.000	0.000	0.000	0.000	60.460		
60.470	262.500	241.500	204.000	708.000	60.470	0.000	0.000	0.000	0.000	60.470		
60.480	252.000	241.500	207.000	700.500	60.480	0.000	0.000	0.000	0.000	60.480		
60.490	244.500	241.500	211.500	697.500	60.490	0.000	0.000	0.000	0.000	60.490		
60.500	240.000	244.500	214.500	699.000	60.500	0.000	0.000	0.000	0.000	60.500		
60.510	232.500	247.500	217.500	697.500	60.510	0.000	0.000	0.000	0.000	60.510		
60.520	229.500	252.000	225.000	706.500	60.520	0.000	0.000	0.000	0.000	60.520		
60.530	225.000	256.500	229.500	711.000	60.530	0.000	0.000	0.000	0.000	60.530		
60.540	222.000	262.500	240.000	724.500	60.540	0.000	0.000	0.000	0.000	60.540		
60.550	219.120	272.240	247.340	738.700	60.550	0.000	0.000	0.000	0.000	60.550		
60.560	217.460	277.220	253.980	748.660	60.560	0.000	0.000	0.000	0.000	60.560		
60.570	214.140	283.860	262.280	760.280	60.570	0.000	0.000	0.000	0.000	60.570		
60.580	212.480	292.160	268.920	773.560	60.580	0.000	0.000	0.000	0.000	60.580		
60.590	209.160	298.800	278.880	786.840	60.590	0.000	0.000	0.000	0.000	60.590		
60.600	207.500	303.780	287.180	798.460	60.600	2.420	0.000	0.000	2.420	60.600		
60.610	204.180	313.740	297.140	815.060	60.610	2.420	0.000	0.000	2.420	60.610		
60.620	204.180	327.020	308.760	839.960	60.620	4.840	0.000	0.000	4.840	60.620		
60.630	199.200	333.660	322.040	854.900	60.630	4.840	0.000	0.000	4.840	60.630		
60.640	194.220	341.960	333.660	869.840	60.640	4.840	0.000	0.000	4.840	60.640		
60.650	184.260	343.620	348.600	876.480	60.650	4.840	0.000	0.000	4.840	60.650		
60.660	174.300	346.940	361.880	883.120	60.660	4.840	0.000	0.000	4.840	60.660		
60.670	159.360	346.940	376.820	883.120	60.670	4.840	0.000	0.000	4.840	60.670		
60.680	144.420	346.940	396.740	888.100	60.680	4.840	0.000	0.000	4.840	60.680		
60.690	126.160	343.620	415.000	884.780	60.690	2.420	0.000	0.000	2.420	60.690		
60.700	111.320	338.800	435.600	885.720	60.700	2.420	0.000	0.000	2.420	60.700		
60.710	91.960	329.120	462.220	883.300	60.710	2.420	0.000	0.000	2.420	60.710		
60.720	72.600	314.600	481.580	868.780	60.720	0.000	2.420	14.960	17.380	60.720		
60.730	58.080	290.400	505.780	854.260	60.730	0.000	7.480	55.000	62.480	60.730		
60.740	43.560	261.360	532.400	837.320	60.740	0.000	12.320	121.440	133.760	60.740		
60.750	36.300	227.480	554.180	817.960	60.750	0.000	12.320	167.200	179.520	60.750		
60.760	29.040	191.180	575.960	796.180	60.760	0.000	14.080	209.440	223.520	60.760		
60.770	24.200	159.720	590.480	774.400	60.770	1.760	19.360	265.760	286.880	60.770		
60.780	16.940	130.680	600.160	747.780	60.780	7.040	29.920	336.160	373.120	60.780		
60.790	12.100	104.060	605.000	721.160	60.790	14.080	44.000	392.480	450.560	60.790		
60.800	9.680	84.700	590.480	684.860	60.800	31.680	80.960	431.200	543.840	60.800		
60.810	4.840	67.760	571.120	643.720	60.810	51.040	103.840	440.000	594.880	60.810		
60.820	2.420	53.240	539.660	595.320	60.820	66.880	110.880	406.560	584.320	60.820		
60.830	0.000	43.560	500.940	544.500	60.830	86.240	121.440	360.800	568.480	60.830		
60.840	0.000	33.880	459.800	493.680	60.840	116.160	139.040	330.880	586.080	60.840		
60.850	0.000	24.150	402.500	426.650	60.850	139.040	154.880	316.800	610.720	60.850		
60.860	0.000	14.490	349.370	363.860	60.860	158.400	172.480	316.800	647.680	60.860		
60.870	0.000	6.440	291.410	297.850	60.870	176.000	188.320	327.360	691.680	60.870		
60.880	0.000	0.000	231.840	231.840	60.880	191.840	204.160	339.680	735.680	60.880		
60.890	0.000	0.000	172.270	172.270	60.890	203.750	218.420	353.710	775.880	60.890		
60.900	0.000	0.000	115.920	115.920	60.900	213.530	234.720	368.380	816.630	60.900		
60.910	0.000	0.000	77.280	77.280	60.910	221.680	249.390	384.680	855.750	60.910		
60.920	0.000	0.000	46.690	46.690	60.920	229.830	262.430	399.350	891.610	60.920		
60.930	0.000	0.000	27.370	27.370	60.930	236.350	268.950	407.500	912.800	60.930		
60.940	1.610	0.000	19.320	20.930	60.940	239.610	277.100	404.240	920.950	60.940		
60.950	1.610	0.000	16.100	17.710	60.950	244.500	278.730	399.350	922.580	60.950		
60.960	4.830	0.000	11.270	16.100	60.960	249.390	278.730	386.310	914.430	60.960		
60.970	4.830	0.000	14.490	19.320	60.970	251.020	278.730	376.530	906.280	60.970		
60.980	4.830	0.000	14.490	19.320	60.980	254.280	277.100	368.380	899.760	60.980		
60.990	1.610	0.000	9.660	11.270	60.990	254.280	273.840	358.600	886.720	60.990		
61.000	2.500	0.000	12.500	15.000	61.000	254.280	272.210	353.710	880.200	61.000		
61.010	2.500	0.000	10.000	12.500	61.010	254.280	268.950	347.190	870.420	61.010		
61.020	0.000	0.000	10.000	10.000	61.020	254.280	267.320	339.040	860.640	61.020		
61.030	0.000	0.000	10.000	10.000	61.030	251.020	262.430	334.150	847.600	61.030		
61.040	2.500	0.000	10.000	12.500	61.040	249.600	257.400	325.000	832.000	61.040		
61.050	2.500	0.000	7.500	10.000	61.050	247.000	249.600	317.200	813.800	61.050		
61.060	2.500	0.000	7.500	10.000	61.060	241.800	244.400	309.400	795.600	61.060		
61.070	2.500	0.000	7.500	10.000	61.070	241.800	239.200	304.200	785.200	61.070		
61.080	2.500	0.000	7.500	10.000	61.080	239.200	236.600	296.400	772.200	61.080		
61.090	2.500	0.000	5.000	7.500	61.090	236.600	234.000	289.900	760.500	61.090		
61.100	2.500	0.000	7.500	10.000	61.100	236.600	228.800	287.300	752.700	61.100		
61.110	2.500	0.000	5.000	7.500	61.110	236.600	228.800	284.700	750.100	61.110		
61.120	0.000	0.000	5.000	5.000	61.120	236.600	228.800	284.700	750.100	61.120		
61.130	0.000	0.000	2.500	2.500	61.130	236.600	228.800	284.700	750.100	61.130		
61.140	0.000	0.000	2.500	2.500	61.140	236.600	228.800	287.300	752.700	61.140		
61.150	0.000	0.000	0.000	0.000	61.150	239.200	234.000	289.900	763.100	61.150		
61.160	0.000	0.000	2.490	2.490	61.160	241.800	236.600	289.900	768.300	61.160		
61.170	0.000	0.000	2.490	2.490	61.170	244.400	239.200	292.500	776.100	61.170		
61.180	0.000	0.000	4.980	4.980	61.180	249.600	244.400	289.900	783.900	61.180		
61.190	0.000	0.000	4.980	4.980	61.190	254.040	249.660	289.080	792.780	61.190		
61.200	0.000	2.490	4.980	7.470	61.200	259.880	254.040	289.080	803.000	61.200		
61.210	0.000	2.490	4.980	7.470	61.210	264.260	259.880	286.160	810.300	61.210		
61.220	0.000	2.490	2.490	4.980	61.220	268.640	264.260	284.700	817.600	61.220		
61.230	0.000	2.490	4.980	7.470	61.230	277.400	267.180	281.780	826.360	61.230		
61.240	0.000	4.980	2.490	7.470	61.240	284.700	271.560	277.400	833.660	61.240		
61.250	0.000	4.980	4.980	9.960	61.250	296.380	274.480	267.180	838.040	61.250		
61.260	0.000	4.980	2.490	7.470	61.260	306.600	277.400	254.040	838.040	61.260		
61.270	0.000	7.500	4.980	12.480	61.270	312.440	271.560	239.440	823.440	61.270		
61.280	0.000	7.500	4.980	12.480	61.280	321.200	267.180	221.920	810.300	61.280		
61.290	0.000	7.500	2.490	9.990	61.290	331.420	264.260	204.400	800.080	61.290		
61.300	4.280	11.770	2.140	18.190	61.300	341.640	256.960	186.880	785.480	61.300		
61.310	14.980	24.610	2.140	41.730	61.310	351.860	251.120	169.360	772.340	61.310		
61.320	24.610	37.450	7.490	69.550	61.320	359.160	242.360	151.840	753.360	61.320		
61.330	44.940	47.080	14.980	107.000	61.330	365.000	232.140	137.240	734.380	61.330		
61.340	77.040	59.920	32.100	169.060	61.340	365.000	211.700	116.800	693.500	61.340		
61.350	109.140	74.900	56.710	240.750	61.350	362.080	191.260	99.280	652.620	61.350		
61.360	142.310	101.650	89.880	333.840	61.360	359.160	172.280	81.760	613.200	61.360		
61.370	179.760	129.470	107.000	416.230	61.370	354.780	148.920	67.160	570.860	61.370		
61.380	196.880	149.800	124.120	470.800	61.380	351.860	124.100	51.100	527.060	61.380		
61.390	206.510	166.920	139.100	512.530	61.390	344.560	102.200	42.340	489.100	61.390		
61.400	214.000	184.040	157.290	555.330	61.400	331.420	81.760	33.580	446.760	61.400		
61.410	226.840	202.230	169.060	598.130	61.410	313.900	68.620	29.200	411.720	61.410		
61.420	241.820	219.350	179.760	640.930	61.420	294.920	56.940	21.900	373.760	61.420		
61.430	254.660	239.680	191.530	685.870	61.430	268.640	49.640	14.600	332.880	61.430		
61.440	267.500	254.660	202.230	724.390	61.440	243.820	43.800	7.300	294.920	61.440		
61.450	282.100	271.700	211.900	765.700	61.450	219.000	36.500	4.380	259.880	61.450		
61.460	296.400	287.300	219.700	803.400	61.460	194.180	32.120	0.000	226.300	61.460		
61.470	306.800	296.400	222.300	825.500	61.470	166.440	26.280	0.000	192.720	61.470		
61.480	317.200	304.200	227.500	848.900	61.480	144.540	18.980	0.000	163.520	61.480		
61.490	322.400	309.400	228.800	860.600	61.490	115.000	14.720	0.000	129.720	61.490		
61.500	325.000	314.600	228.800	868.400	61.500	92.460	12.420	0.000	104.880	61.500		
61.510	325.000	314.600	228.800	868.400	61.510	69.920	7.360	0.000	77.280	61.510		
61.520	325.000	314.600	231.400	871.000	61.520	49.680	4.600	2.300	56.580	61.520		
61.530	325.000	314.600	227.500	867.100	61.530	32.200	4.600	4.600	41.400	61.530		
61.540	325.000	309.400	227.500	861.900	61.540	14.720	2.300	7.360	24.380	61.540		
61.550	325.000	306.800	222.300	854.100	61.550	2.300	2.300	7.360	11.960	61.550		
61.560	325.000	304.200	222.300	851.500	61.560	0.000	0.000	7.360	7.360	61.560		
61.570	325.000	299.000	219.700	843.700	61.570	0.000	0.000	7.360	7.360	61.570		
61.580	325.000	293.800	214.500	833.300	61.580	0.000	0.000	4.600	4.600	61.580		
61.590	322.400	289.900	209.300	821.600	61.590	0.000	2.300	4.600	6.900	61.590		
61.600	323.640	283.620	201.840	809.100	61.600	0.000	0.000	7.360	7.360	61.600		
61.610	327.120	278.400	196.620	802.140	61.610	0.000	0.000	7.360	7.360	61.610		
61.620	328.860	271.440	189.660	789.960	61.620	0.000	0.000	7.360	7.360	61.620		
61.630	334.080	266.220	184.440	784.740	61.630	0.000	0.000	7.360	7.360	61.630		
61.640	341.040	261.000	177.480	779.520	61.640	0.000	0.000	4.980	4.980	61.640		
61.650	349.740	259.260	167.040	776.040	61.650	0.000	0.000	4.980	4.980	61.650		
61.660	358.440	254.040	161.820	774.300	61.660	0.000	0.000	7.500	7.500	61.660		
61.670	367.140	252.300	156.600	776.040	61.670	0.000	0.000	7.500	7.500	61.670		
61.680	375.840	252.300	154.860	783.000	61.680	0.000	0.000	7.500	7.500	61.680		
61.690	384.540	248.820	146.160	779.520	61.690	0.000	0.000	4.980	4.980	61.690		
61.700	394.980	247.080	144.420	786.480	61.700	0.000	0.000	4.980	4.980	61.700		
61.710	403.680	247.080	140.940	791.700	61.710	0.000	0.000	4.980	4.980	61.710		
61.720	414.120	243.600	137.460	795.180	61.720	0.000	0.000	4.980	4.980	61.720		
61.730	426.300	241.860	132.240	800.400	61.730	0.000	0.000	4.980	4.980	61.730		
61.740	435.000	241.860	127.020	803.880	61.740	0.000	0.000	4.980	4.980	61.740		
61.750	443.440	241.040	123.280	807.760	61.750	0.000	0.000	4.980	4.980	61.750		
61.760	450.800	239.200	119.600	809.600	61.760	0.000	0.000	4.980	4.980	61.760		
61.770	456.320	239.200	115.920	811.440	61.770	0.000	0.000	2.490	2.490	61.770		
61.780	460.000	239.200	115.920	815.120	61.780	0.000	0.000	4.980	4.980	61.780		
61.790	456.320	239.200	119.600	815.120	61.790	0.000	0.000	4.940	4.940	61.790		
61.800	450.800	239.200	121.440	811.440	61.800	0.000	0.000	4.940	4.940	61.800		
61.810	447.120	239.200	121.440	807.760	61.810	0.000	0.000	4.940	4.940	61.810		
61.820	443.440	239.200	119.600	802.240	61.820	0.000	0.000	4.940	4.940	61.820		
61.830	439.760	241.040	121.440	802.240	61.830	0.000	0.000	4.940	4.940	61.830		
61.840	434.240	241.040	121.440	796.720	61.840	0.000	2.280	32.300	34.580	61.840		
61.850	423.200	239.200	121.440	783.840	61.850	4.940	7.220	72.200	84.360	61.850		
61.860	412.160	237.360	123.280	772.800	61.860	34.960	22.420	77.140	134.520	61.860		
61.870	397.440	230.000	123.280	750.720	61.870	22.420	14.820	64.980	102.220	61.870		
61.880	380.880	226.320	126.960	734.160	61.880	24.700	19.760	62.320	106.780	61.880		
61.890	366.160	220.800	126.960	713.920	61.890	34.960	27.360	72.200	134.520	61.890		
61.900	352.500	214.320	126.900	693.720	61.900	47.500	39.900	82.460	169.860	61.900		
61.910	334.170	208.680	129.720	672.570	61.910	54.720	44.840	87.400	186.960	61.910		
61.920	318.660	207.270	126.900	652.830	61.920	62.320	52.440	89.680	204.440	61.920		
61.930	301.740	198.810	126.900	627.450	61.930	69.920	59.660	95.000	224.580	61.930		
61.940	289.050	194.580	126.900	610.530	61.940	79.520	70.000	97.440	246.960	61.940		
61.950	276.360	186.120	124.080	586.560	61.950	87.360	77.280	99.680	264.320	61.950		
61.960	262.260	181.890	126.900	571.050	61.960	94.640	82.320	99.680	276.640	61.960		
61.970	249.570	174.840	124.080	548.490	61.970	102.480	89.600	99.680	291.760	61.970		
61.980	234.060	169.200	124.080	527.340	61.980	106.960	94.640	102.480	304.080	61.980		
61.990	227.010	166.380	124.080	517.470	61.990	114.800	97.440	104.720	316.960	61.990		
62.000	217.140	164.970	124.080	506.190	62.000	117.040	102.480	109.760	329.280	62.000		
62.010	211.500	162.150	124.080	497.730	62.010	122.080	104.720	112.000	338.800	62.010		
62.020	207.270	159.330	124.080	490.680	62.020	127.120	109.760	117.040	353.920	62.020		
62.030	201.630	156.510	124.080	482.220	62.030	129.920	112.000	122.080	364.000	62.030		
62.040	201.630	153.690	124.080	479.400	62.040	129.920	114.800	124.880	369.600	62.040		
62.050	201.960	154.020	122.400	478.380	62.050	132.160	114.800	129.920	376.880	62.050		
62.060	201.960	151.980	122.400	476.340	62.060	132.160	117.040	134.960	384.160	62.060		
62.070	204.000	151.980	119.340	475.320	62.070	129.920	117.040	137.200	384.160	62.070		
62.080	204.000	149.940	117.300	471.240	62.080	129.920	117.040	140.000	386.960	62.080		
62.090	207.060	149.940	117.300	474.300	62.090	124.800	117.000	144.950	386.750	62.090		
62.100	209.100	149.940	114.240	473.280	62.100	124.800	117.000	149.500	391.300	62.100		
62.110	212.160	144.840	112.200	469.200	62.110	124.800	117.000	152.100	393.900	62.110		
62.120	214.200	144.840	109.140	468.180	62.120	124.800	117.000	154.700	396.500	62.120		
62.130	217.260	141.780	107.100	466.140	62.130	119.600	114.400	157.300	391.300	62.130		
62.140	222.360	141.780	104.040	468.180	62.140	119.600	114.400	157.300	391.300	62.140		
62.150	227.460	139.740	102.000	469.200	62.150	119.600	112.450	159.900	391.950	62.150		
62.160	231.540	136.680	96.900	465.120	62.160	114.400	112.450	159.900	386.750	62.160		
62.170	239.700	136.680	94.860	471.240	62.170	112.450	109.850	159.900	382.200	62.170		
62.180	246.840	134.640	91.800	473.280	62.180	112.450	107.250	159.900	379.600	62.180		
62.190	255.000	131.580	89.760	476.340	62.190	107.250	104.650	162.500	374.400	62.190		
62.200	264.550	131.560	84.370	480.480	62.200	104.650	102.050	162.500	369.200	62.200		
62.210	274.560	134.420	81.510	490.490	62.210	102.050	97.500	162.500	362.050	62.210		
62.220	284.570	131.560	78.650	494.780	62.220	99.450	94.900	162.500	356.850	62.220		
62.230	291.720	134.420	78.650	504.790	62.230	94.900	92.300	162.500	349.700	62.230		
62.240	298.870	134.420	77.220	510.510	62.240	92.400	87.120	162.360	341.880	62.240		
62.250	307.450	134.420	71.500	513.370	62.250	87.120	82.500	162.360	331.980	62.250		
62.260	314.600	137.280	71.500	523.380	62.260	84.480	79.860	162.360	326.700	62.260		
62.270	321.750	137.280	68.640	527.670	62.270	79.860	77.220	165.000	322.080	62.270		
62.280	331.760	138.710	67.210	537.680	62.280	77.220	74.580	165.000	316.800	62.280		
62.290	337.480	138.710	64.350	540.540	62.290	71.940	71.940	165.000	308.880	62.290		
62.300	341.770	138.710	61.490	541.970	62.300	69.960	69.960	165.000	304.920	62.300		
62.310	347.490	141.570	61.490	550.550	62.310	69.960	67.320	162.360	299.640	62.310		
62.320	351.780	141.570	58.630	551.980	62.320	67.320	64.680	159.720	291.720	62.320		
62.330	354.640	144.430	58.630	557.700	62.330	64.680	64.680	157.080	286.440	62.330		
62.340	357.500	144.430	57.200	559.130	62.340	64.680	62.040	154.440	281.160	62.340		
62.350	354.640	147.290	57.200	559.130	62.350	62.040	59.400	152.460	273.900	62.350		
62.360	357.500	147.290	54.340	559.130	62.360	62.040	57.420	149.820	269.280	62.360		
62.370	354.640	148.720	57.200	560.560	62.370	59.400	57.420	149.820	266.640	62.370		
62.380	354.640	148.720	54.340	557.700	62.380	59.400	57.420	149.820	266.640	62.380		
62.390	354.640	151.580	51.480	557.700	62.390	57.000	54.750	150.000	261.750	62.390		
62.400	354.640	154.440	54.340	563.420	62.400	57.000	54.750	152.250	264.000	62.400		
62.410	354.640	154.440	54.340	563.420	62.410	57.000	52.500	152.250	261.750	62.410		
62.420	351.780	154.440	51.480	557.700	62.420	60.000	54.750	154.500	269.250	62.420		
62.430	351.780	154.440	48.620	554.840	62.430	57.000	54.750	154.500	266.250	62.430		
62.440	348.920	154.440	48.620	551.980	62.440	57.000	54.750	159.750	271.500	62.440		
62.450	347.490	154.440	48.620	550.550	62.450	60.000	54.750	162.000	276.750	62.450		
62.460	341.770	154.440	47.190	543.400	62.460	60.000	57.000	165.000	282.000	62.460		
62.470	337.480	154.440	47.190	539.110	62.470	60.000	57.000	169.500	286.500	62.470		
62.480	331.760	151.580	44.330	527.670	62.480	60.000	60.000	172.500	292.500	62.480		
62.490	327.470	148.720	41.470	517.660	62.490	62.250	60.000	174.750	297.000	62.490		
62.500	325.000	149.500	44.200	518.700	62.500	64.500	62.250	177.000	303.750	62.500		
62.510	319.800	146.900	39.000	505.700	62.510	64.500	64.500	180.000	309.000	62.510		
62.520	312.000	146.900	39.000	497.900	62.520	67.500	64.500	182.250	314.250	62.520		
62.530	309.400	144.300	41.600	495.300	62.530	69.750	67.500	187.500	324.750	62.530		
62.540	304.200	144.300	39.000	487.500	62.540	69.300	69.300	192.500	331.100	62.540		
62.550	296.400	141.700	36.400	474.500	62.550	71.500	69.300	194.700	335.500	62.550		
62.560	292.500	141.700	36.400	470.600	62.560	74.800	74.800	196.900	346.500	62.560		
62.570	287.300	139.100	36.400	462.800	62.570	74.800	77.000	202.400	354.200	62.570		
62.580	279.500	136.500	36.400	452.400	62.580	77.000	79.200	204.600	360.800	62.580		
62.590	271.700	133.900	33.800	439.400	62.590	82.500	84.700	209.000	376.200	62.590		
62.600	266.500	131.300	33.800	431.600	62.600	84.700	86.900	212.300	383.900	62.600		
62.610	260.000	130.000	29.900	419.900	62.610	89.100	89.100	216.700	394.900	62.610		
62.620	249.600	127.400	27.300	404.300	62.620	89.100	92.400	222.200	403.700	62.620		
62.630	244.400	122.200	24.700	391.300	62.630	94.600	96.800	226.600	418.000	62.630		
62.640	236.600	119.600	19.500	375.700	62.640	96.800	102.300	236.500	435.600	62.640		
62.650	230.000	115.000	17.480	362.480	62.650	99.000	106.700	244.200	449.900	62.650		
62.660	224.480	112.240	17.480	354.200	62.660	99.000	110.000	251.900	460.900	62.660		
62.670	214.360	106.720	14.720	335.800	62.670	102.300	114.400	261.800	478.500	62.670		
62.680	207.000	102.120	9.200	318.320	62.680	102.300	119.900	275.000	497.200	62.680		
62.690	196.880	96.600	9.200	302.680	62.690	104.400	124.200	289.800	518.400	62.690		
62.700	186.760	92.000	7.360	286.120	62.700	104.400	129.600	298.800	532.800	62.700		
62.710	176.640	87.400	7.360	271.400	62.710	106.200	135.000	311.400	552.600	62.710		
62.720	164.680	79.120	1.840	245.640	62.720	106.200	138.600	322.200	567.000	62.720		
62.730	151.800	74.520	0.000	226.320	62.730	109.800	144.000	334.800	588.600	62.730		
62.740	139.840	67.160	0.000	207.000	62.740	111.600	149.400	347.400	608.400	62.740		
62.750	124.200	59.800	0.000	184.000	62.750	113.400	156.600	360.000	630.000	62.750		
62.760	112.240	54.280	0.000	166.520	62.760	117.000	162.000	374.400	653.400	62.760		
62.770	96.600	49.680	0.000	146.280	62.770	118.800	169.200	387.000	675.000	62.770		
62.780	84.640	44.160	0.000	128.800	62.780	122.400	174.600	396.000	693.000	62.780		
62.790	71.760	42.320	0.000	114.080	62.790	122.400	181.800	408.600	712.800	62.790		
62.800	62.500	35.000	0.000	97.500	62.800	124.200	183.600	419.400	727.200	62.800		
62.810	50.000	32.500	0.000	82.500	62.810	124.200	189.000	432.000	745.200	62.810		
62.820	42.500	25.000	0.000	67.500	62.820	126.000	194.400	441.000	761.400	62.820		
62.830	37.500	20.000	0.000	57.500	62.830	126.000	199.800	450.000	775.800	62.830		
62.840	30.000	15.000	0.000	45.000	62.840	128.520	202.230	459.270	790.020	62.840		
62.850	25.000	15.000	0.000	40.000	62.850	132.300	204.120	466.830	803.250	62.850		
62.860	17.500	10.000	0.000	27.500	62.860	132.300	209.790	468.720	810.810	62.860		
62.870	10.000	7.500	0.000	17.500	62.870	134.190	209.790	472.500	816.480	62.870		
62.880	7.500	2.500	0.000	10.000	62.880	136.080	211.680	472.500	820.260	62.880		
62.890	7.500	2.500	0.000	10.000	62.890	136.080	211.680	466.830	814.590	62.890		
62.900	7.500	2.500	0.000	10.000	62.900	139.860	211.680	464.940	816.480	62.900		
62.910	7.500	2.500	0.000	10.000	62.910	139.860	209.790	459.270	808.920	62.910		
62.920	7.500	0.000	0.000	7.500	62.920	141.750	209.790	451.710	803.250	62.920		
62.930	7.500	0.000	0.000	7.500	62.930	143.640	209.790	446.040	799.470	62.930		
62.940	7.500	0.000	0.000	7.500	62.940	143.640	206.010	438.480	788.130	62.940		
62.950	7.480	0.000	0.000	7.480	62.950	149.310	209.790	430.920	790.020	62.950		
62.960	9.900	0.000	0.000	9.900	62.960	151.200	209.790	423.360	784.350	62.960		
62.970	7.480	0.000	0.000	7.480	62.970	156.870	209.790	415.800	782.460	62.970		
62.980	9.900	0.000	0.000	9.900	62.980	158.760	209.790	406.350	774.900	62.980		
62.990	7.480	0.000	0.000	7.480	62.990	164.220	210.910	402.500	777.630	62.990		
63.000	9.900	0.000	0.000	9.900	63.000	167.440	210.910	394.450	772.800	63.000		
63.010	9.900	0.000	0.000	9.900	63.010	172.270	214.130	386.400	772.800	63.010		
63.020	9.900	0.000	0.000	9.900	63.020	173.880	217.350	379.960	771.190	63.020		
63.030	9.900	0.000	0.000	9.900	63.030	178.710	217.350	371.910	767.970	63.030		
63.040	9.900	0.000	2.420	12.320	63.040	183.540	218.960	362.250	764.750	63.040		
63.050	9.900	0.000	0.000	9.900	63.050	191.590	222.180	350.980	764.750	63.050		
63.060	9.900	0.000	2.420	12.320	63.060	196.420	222.180	341.320	759.920	63.060		
63.070	12.430	0.000	0.000	12.430	63.070	204.470	223.790	331.660	759.920	63.070		
63.080	19.910	0.000	4.950	24.860	63.080	210.910	227.010	322.000	759.920	63.080		
63.090	27.500	0.000	4.950	32.450	63.090	217.350	227.010	309.120	753.480	63.090		
63.100	44.640	0.000	7.440	52.080	63.100	227.010	227.010	294.630	748.650	63.100		
63.110	62.310	0.000	9.300	71.610	63.110	236.670	223.790	276.920	737.380	63.110		
63.120	99.510	9.300	16.740	125.550	63.120	244.720	222.180	255.990	722.890	63.120		
63.130	136.710	26.970	29.760	193.440	63.130	254.380	214.130	233.450	701.960	63.130		
63.140	144.150	31.620	31.620	207.390	63.140	264.320	201.780	206.500	672.600	63.140		
63.150	144.150	39.990	37.200	221.340	63.150	269.040	184.080	179.360	632.480	63.150		
63.160	149.730	52.080	44.640	246.450	63.160	277.300	164.020	149.860	591.180	63.160		
63.170	157.170	62.310	54.870	274.350	63.170	282.020	141.600	121.540	545.160	63.170		
63.180	159.960	74.400	64.170	298.530	63.180	286.740	119.180	99.120	505.040	63.180		
63.190	167.400	84.630	74.400	326.430	63.190	291.460	96.760	81.420	469.640	63.190		
63.200	179.490	102.300	84.630	366.420	63.200	295.000	74.340	69.620	438.960	63.200		
63.210	191.580	117.180	99.510	408.270	63.210	291.460	49.560	54.280	395.300	63.210		
63.220	204.600	134.850	111.600	451.050	63.220	284.380	29.500	44.840	358.720	63.220		
63.230	219.480	151.590	124.620	495.690	63.230	269.040	11.800	42.480	323.320	63.230		
63.240	232.500	169.260	134.850	536.610	63.240	246.620	2.360	36.580	285.560	63.240		
63.250	241.500	189.060	151.800	582.360	63.250	219.480	0.000	34.220	253.700	63.250		
63.260	253.920	207.000	164.220	625.140	63.260	186.440	0.000	31.860	218.300	63.260		
63.270	266.340	226.320	179.400	672.060	63.270	152.220	0.000	27.140	179.360	63.270		
63.280	278.760	244.260	189.060	712.080	63.280	119.180	0.000	18.880	138.060	63.280		
63.290	293.940	262.200	204.240	760.380	63.290	87.500	0.000	14.700	102.200	63.290		
63.300	306.360	277.380	213.900	797.640	63.300	62.300	0.000	12.250	74.550	63.300		
63.310	318.780	291.180	224.940	834.900	63.310	47.250	0.000	14.700	61.950	63.310		
63.320	329.820	302.220	231.840	863.880	63.320	35.000	0.000	12.250	47.250	63.320		
63.330	339.480	314.640	238.740	892.860	63.330	22.400	0.000	14.700	37.100	63.330		
63.340	345.000	321.540	244.260	910.800	63.340	12.250	0.000	14.700	26.950	63.340		
63.350	345.000	324.300	251.160	920.460	63.350	4.900	0.000	14.700	19.600	63.350		
63.360	345.000	327.060	253.920	925.980	63.360	2.450	0.000	12.250	14.700	63.360		
63.370	339.480	324.300	253.920	917.700	63.370	0.000	0.000	12.250	12.250	63.370		
63.380	336.720	318.780	251.160	906.660	63.380	0.000	0.000	9.800	9.800	63.380		
63.390	333.960	314.640	251.160	899.760	63.390	0.000	0.000	9.800	9.800	63.390		
63.400	332.310	306.870	246.450	885.630	63.400	0.000	0.000	9.800	9.800	63.400		
63.410	329.130	302.100	238.500	869.730	63.410	0.000	0.000	7.350	7.350	63.410		
63.420	329.130	297.330	233.730	860.190	63.420	0.000	0.000	7.350	7.350	63.420		
63.430	332.310	290.970	228.960	852.240	63.430	0.000	0.000	7.350	7.350	63.430		
63.440	332.310	284.610	224.190	841.110	63.440	0.000	0.000	5.000	5.000	63.440		
63.450	333.900	279.840	216.240	829.980	63.450	0.000	0.000	7.480	7.480	63.450		
63.460	337.080	273.480	209.880	820.440	63.460	0.000	0.000	7.480	7.480	63.460		
63.470	341.850	268.710	198.750	809.310	63.470	0.000	0.000	7.480	7.480	63.470		
63.480	346.620	267.120	193.980	807.720	63.480	0.000	0.000	7.480	7.480	63.480		
63.490	351.390	262.350	186.030	799.770	63.490	0.000	2.480	7.480	9.960	63.490		
63.500	360.930	255.990	176.490	793.410	63.500	0.000	2.480	10.000	12.480	63.500		
63.510	372.060	254.400	174.900	801.360	63.510	0.000	2.480	10.000	12.480	63.510		
63.520	378.420	251.220	163.770	793.410	63.520	0.000	2.480	10.000	12.480	63.520		
63.530	386.370	246.450	159.000	791.820	63.530	0.000	2.480	7.480	9.960	63.530		
63.540	397.500	244.860	151.050	793.410	63.540	0.000	5.000	10.000	15.000	63.540		
63.550	406.980	241.110	143.640	791.730	63.550	0.000	5.000	7.480	12.480	63.550		
63.560	413.820	235.980	138.510	788.310	63.560	0.000	5.000	7.480	12.480	63.560		
63.570	422.370	230.850	129.960	783.180	63.570	0.000	7.480	7.480	14.960	63.570		
63.580	427.500	227.430	124.830	779.760	63.580	0.000	10.000	7.480	17.480	63.580		
63.590	427.500	222.300	116.280	766.080	63.590	0.000	9.170	3.930	13.100	63.590		
63.600	427.500	217.170	111.150	755.820	63.600	0.000	11.790	6.550	18.340	63.600		
63.610	422.370	208.620	106.020	737.010	63.610	0.000	19.650	6.550	26.200	63.610		
63.620	417.240	201.780	100.890	719.910	63.620	11.790	44.540	36.680	93.010	63.620		
63.630	403.560	189.810	88.920	682.290	63.630	19.650	64.190	52.400	136.240	63.630		
63.640	386.460	181.260	82.080	649.800	63.640	28.820	83.840	72.050	184.710	63.640		
63.650	364.230	171.000	73.530	608.760	63.650	44.540	108.730	107.420	260.690	63.650		
63.660	338.580	159.030	64.980	562.590	63.660	69.430	136.240	157.200	362.870	63.660		
63.670	300.960	143.640	51.300	495.900	63.670	83.840	157.200	193.880	434.920	63.670		
63.680	259.920	129.960	41.040	430.920	63.680	96.940	174.230	226.630	497.800	63.680		
63.690	217.170	111.150	32.490	360.810	63.690	108.730	191.260	256.760	556.750	63.690		
63.700	170.000	97.240	19.720	286.960	63.700	119.210	206.980	276.410	602.600	63.700		
63.710	131.920	85.000	12.240	229.160	63.710	127.070	218.770	294.750	640.590	63.710		
63.720	107.440	76.840	2.040	186.320	63.720	134.930	234.490	311.780	681.200	63.720		
63.730	87.040	67.320	0.000	154.360	63.730	141.480	246.280	327.500	715.260	63.730		
63.740	74.800	59.840	0.000	134.640	63.740	148.720	258.830	341.770	749.320	63.740		
63.750	64.600	52.360	0.000	116.960	63.750	157.300	267.410	348.920	773.630	63.750		
63.760	54.400	46.920	0.000	101.320	63.760	158.730	277.420	354.640	790.790	63.760		
63.770	44.880	42.160	0.000	87.040	63.770	164.450	284.570	357.500	806.520	63.770		
63.780	34.680	37.400	0.000	72.080	63.780	168.740	291.720	357.500	817.960	63.780		
63.790	27.200	34.680	0.000	61.880	63.790	174.460	298.870	354.640	827.970	63.790		
63.800	19.720	29.920	0.000	49.640	63.800	178.750	307.450	347.490	833.690	63.800		
63.810	12.240	24.480	0.000	36.720	63.810	187.330	311.740	338.910	837.980	63.810		
63.820	4.760	17.000	0.000	21.760	63.820	191.620	317.460	327.470	836.550	63.820		
63.830	2.040	9.520	0.000	11.560	63.830	197.340	321.750	311.740	830.830	63.830		
63.840	0.000	7.480	0.000	7.480	63.840	204.490	324.610	297.440	826.540	63.840		
63.850	0.000	5.000	0.000	5.000	63.850	214.500	331.760	284.570	830.830	63.850		
63.860	0.000	5.000	0.000	5.000	63.860	221.650	337.480	268.840	827.970	63.860		
63.870	0.000	5.000	0.000	5.000	63.870	228.800	338.910	257.400	825.110	63.870		
63.880	0.000	2.500	0.000	2.500	63.880	237.380	347.490	244.530	829.400	63.880		
63.890	0.000	0.000	0.000	0.000	63.890	246.330	348.840	229.500	824.670	63.890		
63.900	0.000	0.000	0.000	0.000	63.900	257.040	354.960	218.790	830.790	63.900		
63.910	0.000	0.000	0.000	0.000	63.910	266.220	359.550	209.610	835.380	63.910		
63.920	0.000	0.000	0.000	0.000	63.920	273.870	361.080	197.370	832.320	63.920		
63.930	0.000	0.000	0.000	0.000	63.930	284.580	367.200	186.660	838.440	63.930		
63.940	0.000	0.000	0.000	0.000	63.940	292.230	368.730	174.420	835.380	63.940		
63.950	0.000	0.000	0.000	0.000	63.950	301.410	368.730	163.710	833.850	63.950		
63.960	0.000	0.000	0.000	0.000	63.960	312.120	371.790	154.530	838.440	63.960		
63.970	0.000	0.000	0.000	0.000	63.970	321.300	371.790	142.290	835.380	63.970		
63.980	0.000	0.000	0.000	0.000	63.980	332.010	374.850	134.640	841.500	63.980		
63.990	0.000	0.000	0.000	0.000	63.990	341.190	374.850	126.990	843.030	63.990		
64.000	0.000	0.000	0.000	0.000	64.000	351.900	374.850	119.340	846.090	64.000		
64.010	0.000	0.000	0.000	0.000	64.010	361.080	371.790	108.630	841.500	64.010		
64.020	0.000	0.000	0.000	0.000	64.020	371.790	368.730	100.980	841.500	64.020		
64.030	0.000	0.000	0.000	0.000	64.030	382.500	367.200	94.860	844.560	64.030		
64.040	0.000	0.000	0.000	0.000	64.040	394.320	360.840	83.700	838.860	64.040		
64.050	0.000	0.000	0.000	0.000	64.050	407.340	357.120	79.980	844.440	64.050		
64.060	4.860	2.160	0.000	7.020	64.060	416.640	351.540	68.820	837.000	64.060		
64.070	19.980	4.860	0.000	24.840	64.070	425.940	344.100	59.520	829.560	64.070		
64.080	39.960	9.720	0.000	49.680	64.080	433.380	334.800	52.080	820.260	64.080		
64.090	77.220	14.580	0.000	91.800	64.090	438.960	323.640	40.920	803.520	64.090		
64.100	109.620	22.140	0.000	131.760	64.100	448.260	308.760	37.200	794.220	64.100		
64.110	124.740	29.700	7.020	161.460	64.110	453.840	292.020	29.760	775.620	64.110		
64.120	127.440	34.560	12.420	174.420	64.120	459.420	269.700	16.740	745.860	64.120		
64.130	132.300	44.820	19.980	197.100	64.130	459.420	241.800	7.440	708.660	64.130		
64.140	135.000	54.540	34.560	224.100	64.140	465.000	213.900	0.000	678.900	64.140		
64.150	142.140	66.240	46.920	255.300	64.150	461.280	186.000	0.000	647.280	64.150		
64.160	151.800	78.660	59.340	289.800	64.160	461.280	159.960	0.000	621.240	64.160		
64.170	166.980	93.840	71.760	332.580	64.170	455.700	132.060	0.000	587.760	64.170		
64.180	182.160	106.260	78.660	367.080	64.180	448.260	109.740	0.000	558.000	64.180		
64.190	198.720	121.440	92.460	412.620	64.190	432.500	84.770	0.000	517.270	64.190		
64.200	213.900	136.620	102.120	452.640	64.200	408.280	67.470	0.000	475.750	64.200		
64.210	234.600	151.800	109.020	495.420	64.210	378.870	48.440	0.000	427.310	64.210		
64.220	251.160	166.980	118.680	536.820	64.220	344.270	36.330	0.000	380.600	64.220		
64.230	269.100	184.920	129.720	583.740	64.230	306.210	25.950	0.000	332.160	64.230		
64.240	287.040	198.720	136.620	622.380	64.240	264.690	13.840	0.000	278.530	64.240		
64.250	302.220	216.660	149.040	667.920	64.250	219.710	6.920	0.000	226.630	64.250		
64.260	317.400	234.600	157.320	709.320	64.260	171.270	0.000	0.000	171.270	64.260		
64.270	331.200	249.780	164.220	745.200	64.270	131.480	0.000	0.000	131.480	64.270		
64.280	339.480	264.960	173.880	778.320	64.280	96.880	0.000	0.000	96.880	64.280		
64.290	345.000	277.380	182.160	804.540	64.290	67.470	0.000	0.000	67.470	64.290		
64.300	347.500	286.340	191.820	825.660	64.300	46.710	0.000	0.000	46.710	64.300		
64.310	344.720	297.460	198.770	840.950	64.310	34.600	0.000	0.000	34.600	64.310		
64.320	341.940	301.630	204.330	847.900	64.320	22.490	0.000	0.000	22.490	64.320		
64.330	339.160	307.190	214.060	860.410	64.330	17.300	0.000	0.000	17.300	64.330		
64.340	334.990	311.360	216.840	863.190	64.340	15.000	0.000	0.000	15.000	64.340		
64.350	326.650	314.140	219.620	860.410	64.350	9.960	0.000	0.000	9.960	64.350		
64.360	319.700	314.140	222.400	856.240	64.360	9.960	0.000	0.000	9.960	64.360		
64.370	309.970	314.140	229.350	853.460	64.370	7.500	0.000	0.000	7.500	64.370		
64.380	297.460	314.140	232.130	843.730	64.380	7.500	0.000	0.000	7.500	64.380		
64.390	284.950	311.360	232.130	828.440	64.390	7.500	0.000	0.000	7.500	64.390		
64.400	269.660	309.970	236.300	815.930	64.400	7.500	0.000	0.000	7.500	64.400		
64.410	257.150	304.410	239.080	800.640	64.410	7.500	0.000	0.000	7.500	64.410		
64.420	247.420	304.410	241.860	793.690	64.420	4.980	0.000	0.000	4.980	64.420		
64.430	236.300	301.630	247.420	785.350	64.430	4.980	0.000	0.000	4.980	64.430		
64.440	226.570	301.630	248.810	777.010	64.440	4.980	0.000	0.000	4.980	64.440		
64.450	219.760	301.760	250.920	772.440	64.450	2.460	0.000	0.000	2.460	64.450		
64.460	211.560	301.760	257.480	770.800	64.460	2.460	0.000	0.000	2.460	64.460		
64.470	205.000	303.400	262.400	770.800	64.470	2.460	0.000	0.000	2.460	64.470		
64.480	198.440	306.680	267.320	772.440	64.480	2.460	0.000	0.000	2.460	64.480		
64.490	191.880	306.680	273.880	772.440	64.490	2.500	0.000	0.000	2.500	64.490		
64.500	183.680	309.960	278.800	772.440	64.500	2.500	0.000	0.000	2.500	64.500		
64.510	178.760	316.520	288.640	783.920	64.510	0.000	0.000	0.000	0.000	64.510		
64.520	172.200	321.440	298.480	792.120	64.520	2.500	0.000	0.000	2.500	64.520		
64.530	164.000	326.360	306.680	797.040	64.530	2.500	0.000	0.000	2.500	64.530		
64.540	150.880	334.560	321.440	806.880	64.540	2.500	0.000	0.000	2.500	64.540		
64.550	139.400	339.480	339.480	818.360	64.550	2.500	0.000	0.000	2.500	64.550		
64.560	126.280	341.120	354.240	821.640	64.560	2.500	0.000	0.000	2.500	64.560		
64.570	111.520	344.400	369.000	824.920	64.570	2.500	0.000	0.000	2.500	64.570		
64.580	98.400	346.040	388.680	833.120	64.580	5.000	0.000	0.000	5.000	64.580		
64.590	83.640	346.040	410.000	839.680	64.590	2.500	0.000	0.000	2.500	64.590		
64.600	67.320	345.780	434.520	847.620	64.600	2.500	0.000	0.000	2.500	64.600		
64.610	55.080	342.720	459.000	856.800	64.610	5.000	0.000	0.000	5.000	64.610		
64.620	42.840	339.660	483.480	865.980	64.620	2.500	0.000	0.000	2.500	64.620		
64.630	36.720	333.540	511.020	881.280	64.630	2.500	2.500	0.000	5.000	64.630		
64.640	27.540	324.360	538.560	890.460	64.640	4.880	2.440	0.000	7.320	64.640		
64.650	18.360	312.120	569.160	899.640	64.650	2.440	2.440	0.000	4.880	64.650		
64.660	9.180	296.820	599.760	905.760	64.660	2.440	2.440	0.000	4.880	64.660		
64.670	0.000	275.400	630.360	905.760	64.670	2.440	2.440	0.000	4.880	64.670		
64.680	0.000	260.100	660.960	921.060	64.680	2.440	2.440	0.000	4.880	64.680		
64.690	0.000	241.740	685.440	927.180	64.690	2.440	2.440	0.000	4.880	64.690		
64.700	0.000	223.380	709.920	933.300	64.700	0.000	7.320	7.320	14.640	64.700		
64.710	0.000	205.020	734.400	939.420	64.710	0.000	9.760	24.400	34.160	64.710		
64.720	0.000	186.660	749.700	936.360	64.720	0.000	24.400	64.660	89.060	64.720		
64.730	0.000	165.240	761.940	927.180	64.730	9.760	43.920	141.520	195.200	64.730		
64.740	0.000	146.880	765.000	911.880	64.740	29.280	67.100	229.360	325.740	64.740		
64.750	0.000	124.640	760.000	884.640	64.750	43.920	79.300	286.700	409.920	64.750		
64.760	0.000	103.360	744.800	848.160	64.760	48.800	81.740	305.000	435.540	64.760		
64.770	0.000	85.120	729.600	814.720	64.770	57.340	81.740	291.580	430.660	64.770		
64.780	0.000	69.920	699.200	769.120	64.780	59.780	84.180	281.820	425.780	64.780		
64.790	0.000	57.760	659.680	717.440	64.790	64.380	83.520	271.440	419.340	64.790		
64.800	0.000	42.560	604.960	647.520	64.800	71.340	88.740	274.920	435.000	64.800		
64.810	0.000	30.400	544.160	574.560	64.810	78.300	97.440	287.100	462.840	64.810		
64.820	0.000	18.240	468.160	486.400	64.820	88.740	109.620	309.720	508.080	64.820		
64.830	0.000	6.080	376.960	383.040	64.830	99.180	123.540	334.080	556.800	64.830		
64.840	0.000	0.000	279.680	279.680	64.840	109.620	140.940	356.700	607.260	64.840		
64.850	0.000	0.000	206.720	206.720	64.850	118.320	158.340	379.320	655.980	64.850		
64.860	0.000	0.000	139.840	139.840	64.860	128.760	177.480	396.720	702.960	64.860		
64.870	0.000	0.000	97.280	97.280	64.870	139.200	194.880	414.120	748.200	64.870		
64.880	0.000	0.000	57.760	57.760	64.880	146.160	207.060	426.300	779.520	64.880		
64.890	0.000	0.000	33.440	33.440	64.890	154.860	219.240	435.000	809.100	64.890		
64.900	0.000	0.000	22.500	22.500	64.900	158.340	226.200	435.000	819.540	64.900		
64.910	0.000	0.000	17.460	17.460	64.910	167.040	234.900	429.780	831.720	64.910		
64.920	0.000	0.000	14.940	14.940	64.920	172.260	238.380	424.560	835.200	64.920		
64.930	0.000	0.000	12.420	12.420	64.930	179.220	247.080	415.860	842.160	64.930		
64.940	0.000	0.000	14.940	14.940	64.940	186.300	255.960	405.000	847.260	64.940		
64.950	0.000	0.000	12.420	12.420	64.950	194.400	262.440	392.040	848.880	64.950		
64.960	0.000	0.000	9.990	9.990	64.960	202.500	264.060	374.220	840.780	64.960		
64.970	0.000	0.000	9.990	9.990	64.970	207.360	268.920	359.640	835.920	64.970		
64.980	0.000	0.000	7.470	7.470	64.980	212.220	272.160	343.440	827.820	64.980		
64.990	0.000	0.000	7.470	7.470	64.990	218.700	272.160	327.240	818.100	64.990		
65.000	0.000	0.000	7.470	7.470	65.000	221.940	268.920	311.040	801.900	65.000		
65.010	0.000	0.000	7.470	7.470	65.010	228.420	268.920	289.980	787.320	65.010		
65.020	0.000	0.000	4.950	4.950	65.020	236.520	268.920	267.300	772.740	65.020		
65.030	0.000	0.000	4.950	4.950	65.030	244.620	267.300	246.240	758.160	65.030		
65.040	0.000	0.000	4.950	4.950	65.040	251.100	267.300	226.800	745.200	65.040		
65.050	0.000	0.000	5.000	5.000	65.050	262.440	264.060	208.980	735.480	65.050		
65.060	0.000	0.000	5.000	5.000	65.060	272.160	264.060	191.160	727.380	65.060		
65.070	0.000	0.000	5.000	5.000	65.070	281.880	264.060	174.960	720.900	65.070		
65.080	0.000	0.000	2.500	2.500	65.080	294.840	264.060	158.760	717.660	65.080		
65.090	0.000	0.000	2.500	2.500	65.090	309.150	261.060	141.980	712.190	65.090		
65.100	0.000	0.000	2.500	2.500	65.100	322.890	261.060	125.950	709.900	65.100		
65.110	0.000	0.000	2.500	2.500	65.110	338.920	261.060	114.500	714.480	65.110		
65.120	0.000	0.000	0.000	0.000	65.120	354.950	261.060	100.760	716.770	65.120		
65.130	0.000	0.000	0.000	0.000	65.130	368.690	261.060	89.310	719.060	65.130		
65.140	0.000	0.000	2.500	2.500	65.140	387.010	261.060	82.440	730.510	65.140		
65.150	0.000	0.000	0.000	0.000	65.150	403.040	263.350	70.990	737.380	65.150		
65.160	0.000	0.000	0.000	0.000	65.160	423.650	263.350	64.120	751.120	65.160		
65.170	0.000	0.000	0.000	0.000	65.170	444.260	263.350	57.250	764.860	65.170		
65.180	0.000	0.000	0.000	0.000	65.180	464.870	263.350	50.380	778.600	65.180		
65.190	0.000	0.000	0.000	0.000	65.190	483.190	258.770	43.510	785.470	65.190		
65.200	0.000	0.000	0.000	0.000	65.200	503.800	256.480	38.930	799.210	65.200		
65.210	0.000	0.000	0.000	0.000	65.210	528.990	249.610	34.350	812.950	65.210		
65.220	0.000	0.000	0.000	0.000	65.220	549.600	240.450	29.770	819.820	65.220		
65.230	0.000	0.000	0.000	0.000	65.230	572.500	233.580	22.900	828.980	65.230		
65.240	0.000	0.000	0.000	0.000	65.240	596.960	219.760	16.400	833.120	65.240		
65.250	0.000	0.000	0.000	0.000	65.250	616.640	213.200	9.840	839.680	65.250		
65.260	0.000	0.000	0.000	0.000	65.260	639.600	206.640	6.560	852.800	65.260		
65.270	0.000	0.000	0.000	0.000	65.270	662.560	196.800	0.000	859.360	65.270		
65.280	0.000	0.000	0.000	0.000	65.280	688.800	186.960	0.000	875.760	65.280		
65.290	0.000	0.000	0.000	0.000	65.290	711.760	173.840	0.000	885.600	65.290		
65.300	0.000	0.000	0.000	0.000	65.300	734.720	164.000	0.000	898.720	65.300		
65.310	0.000	2.240	0.000	2.240	65.310	754.400	154.160	0.000	908.560	65.310		
65.320	12.320	4.760	0.000	17.080	65.320	774.080	141.040	0.000	915.120	65.320		
65.330	35.000	7.280	0.000	42.280	65.330	787.200	131.200	0.000	918.400	65.330		
65.340	70.000	12.320	0.000	82.320	65.340	803.600	118.080	0.000	921.680	65.340		
65.350	111.600	16.740	0.000	128.340	65.350	813.440	108.240	0.000	921.680	65.350		
65.360	150.660	22.320	1.860	174.840	65.360	820.000	98.400	0.000	918.400	65.360		
65.370	199.020	24.180	1.860	225.060	65.370	820.000	91.840	0.000	911.840	65.370		
65.380	262.260	40.920	9.300	312.480	65.380	810.160	78.720	0.000	888.880	65.380		
65.390	327.360	59.520	16.740	403.620	65.390	802.500	67.410	0.000	869.910	65.390		
65.400	375.720	89.280	29.760	494.760	65.400	780.030	57.780	0.000	837.810	65.400		
65.410	407.340	104.160	40.920	552.420	65.410	754.350	51.360	0.000	805.710	65.410		
65.420	409.200	117.180	52.080	578.460	65.420	709.410	41.730	0.000	751.140	65.420		
65.430	396.180	124.620	63.240	584.040	65.430	651.630	32.100	0.000	683.730	65.430		
65.440	396.180	132.060	74.400	602.640	65.440	568.170	22.470	0.000	590.640	65.440		
65.450	401.760	143.220	87.420	632.400	65.450	471.870	9.630	0.000	481.500	65.450		
65.460	416.640	163.680	98.580	678.900	65.460	349.890	0.000	0.000	349.890	65.460		
65.470	433.380	182.280	109.740	725.400	65.470	234.330	0.000	0.000	234.330	65.470		
65.480	451.980	200.880	119.040	771.900	65.480	154.080	0.000	0.000	154.080	65.480		
65.490	465.000	219.480	132.060	816.540	65.490	89.880	0.000	0.000	89.880	65.490		
65.500	470.000	240.640	141.000	851.640	65.500	38.520	0.000	0.000	38.520	65.500		
65.510	466.240	259.440	154.160	879.840	65.510	12.840	0.000	0.000	12.840	65.510		
65.520	458.720	270.720	161.680	891.120	65.520	6.420	0.000	0.000	6.420	65.520		
65.530	449.320	282.000	171.080	902.400	65.530	0.000	0.000	0.000	0.000	65.530		
65.540	434.280	285.760	178.600	898.640	65.540	0.000	0.000	0.000	0.000	65.540		
65.550	417.360	291.400	189.880	898.640	65.550	0.000	0.000	0.000	0.000	65.550		
65.560	396.680	291.400	193.640	881.720	65.560	0.000	0.000	0.000	0.000	65.560		
65.570	376.000	291.400	201.160	868.560	65.570	0.000	0.000	0.000	0.000	65.570		
65.580	353.440	289.520	206.800	849.760	65.580	0.000	0.000	0.000	0.000	65.580		
65.590	329.000	285.760	214.320	829.080	65.590	0.000	0.000	0.000	0.000	65.590		
65.600	304.560	283.880	219.960	808.400	65.600	0.000	0.000	0.000	0.000	65.600		
65.610	282.000	276.360	227.480	785.840	65.610	0.000	0.000	0.000	0.000	65.610		
65.620	259.440	274.480	231.240	765.160	65.620	0.000	0.000	0.000	0.000	65.620		
65.630	238.760	270.720	244.400	753.880	65.630	0.000	0.000	0.000	0.000	65.630		
65.640	219.960	268.840	251.920	740.720	65.640	0.000	0.000	0.000	0.000	65.640		
65.650	199.980	267.300	261.360	728.640	65.650	0.000	0.000	0.000	0.000	65.650		
65.660	184.140	263.340	271.260	718.740	65.660	0.000	0.000	0.000	0.000	65.660		
65.670	166.320	263.340	281.160	710.820	65.670	0.000	0.000	0.000	0.000	65.670		
65.680	152.460	261.360	291.060	704.880	65.680	0.000	0.000	0.000	0.000	65.680		
65.690	138.600	261.360	304.920	704.880	65.690	0.000	0.000	0.000	0.000	65.690		
65.700	126.720	261.360	318.780	706.860	65.700	0.000	0.000	0.000	0.000	65.700		
65.710	114.840	261.360	334.620	710.820	65.710	0.000	0.000	0.000	0.000	65.710		
65.720	104.940	261.360	352.440	718.740	65.720	0.000	0.000	0.000	0.000	65.720		
65.730	93.060	263.340	366.300	722.700	65.730	0.000	0.000	0.000	0.000	65.730		
65.740	87.120	267.300	382.140	736.560	65.740	0.000	0.000	0.000	0.000	65.740		
65.750	79.200	269.280	401.940	750.420	65.750	0.000	0.000	0.000	0.000	65.750		
65.760	71.280	271.260	421.740	764.280	65.760	0.000	0.000	0.000	0.000	65.760		
65.770	63.360	271.260	443.520	778.140	65.770	0.000	0.000	0.000	0.000	65.770		
65.780	57.420	271.260	467.280	795.960	65.780	0.000	0.000	0.000	0.000	65.780		
65.790	45.540	271.260	495.000	811.800	65.790	0.000	0.000	0.000	0.000	65.790		
65.800	37.400	268.600	523.600	829.600	65.800	0.000	0.000	0.000	0.000	65.800		
65.810	34.000	268.600	547.400	850.000	65.810	0.000	0.000	0.000	0.000	65.810		
65.820	27.200	261.800	578.000	867.000	65.820	0.000	0.000	0.000	0.000	65.820		
65.830	20.400	258.400	608.600	887.400	65.830	0.000	0.000	0.000	0.000	65.830		
65.840	13.600	248.200	639.200	901.000	65.840	0.000	1.900	0.000	1.900	65.840		
65.850	6.800	234.600	669.800	911.200	65.850	0.000	1.900	0.000	1.900	65.850		
65.860	3.400	221.000	700.400	924.800	65.860	0.000	1.900	0.000	1.900	65.860		
65.870	0.000	200.600	734.400	935.000	65.870	0.000	1.900	0.000	1.900	65.870		
65.880	0.000	183.600	765.000	948.600	65.880	0.000	3.800	0.000	3.800	65.880		
65.890	0.000	166.600	788.800	955.400	65.890	0.000	3.800	0.000	3.800	65.890		
65.900	0.000	149.600	812.600	962.200	65.900	0.000	1.900	0.000	1.900	65.900		
65.910	0.000	136.000	833.000	969.000	65.910	0.000	3.800	1.900	5.700	65.910		
65.920	0.000	122.400	843.200	965.600	65.920	0.000	9.500	57.000	66.500	65.920		
65.930	0.000	108.800	850.000	958.800	65.930	0.000	17.100	119.700	136.800	65.930		
65.940	0.000	91.800	850.000	941.800	65.940	0.000	19.000	174.800	193.800	65.940		
65.950	0.000	80.640	840.000	920.640	65.950	0.000	20.900	237.500	258.400	65.950		
65.960	0.000	67.200	816.480	883.680	65.960	0.000	28.500	328.700	357.200	65.960		
65.970	0.000	57.120	792.960	850.080	65.970	5.700	49.400	416.100	471.200	65.970		
65.980	0.000	47.040	759.360	806.400	65.980	20.900	83.600	475.000	579.500	65.980		
65.990	0.000	36.960	712.320	749.280	65.990	43.780	109.450	497.500	650.730	65.990		
66.000	0.000	26.880	651.840	678.720	66.000	53.730	111.440	465.660	630.830	66.000		
66.010	0.000	16.800	574.560	591.360	66.010	63.680	109.450	419.890	593.020	66.010		
66.020	0.000	3.360	487.200	490.560	66.020	75.620	117.410	388.050	581.080	66.020		
66.030	0.000	0.000	386.400	386.400	66.030	93.530	129.350	388.050	610.930	66.030		
66.040	0.000	0.000	285.600	285.600	66.040	109.450	143.280	403.970	656.700	66.040		
66.050	0.000	0.000	188.160	188.160	66.050	117.410	161.190	425.860	704.460	66.050		
66.060	0.000	0.000	114.240	114.240	66.060	129.350	179.100	449.740	758.190	66.060		
66.070	0.000	0.000	70.560	70.560	66.070	143.280	199.000	463.670	805.950	66.070		
66.080	0.000	0.000	36.960	36.960	66.080	157.210	218.900	473.620	849.730	66.080		
66.090	0.000	0.000	26.880	26.880	66.090	171.140	238.800	473.620	883.560	66.090		
66.100	0.000	0.000	27.500	27.500	66.100	181.090	256.710	471.630	909.430	66.100		
66.110	0.000	0.000	24.970	24.970	66.110	191.040	266.660	461.680	919.380	66.110		
66.120	0.000	0.000	19.910	19.910	66.120	199.000	276.610	449.740	925.350	66.120		
66.130	0.000	0.000	17.490	17.490	66.130	208.950	278.600	429.840	917.390	66.130		
66.140	0.000	0.000	17.490	17.490	66.140	217.350	284.970	402.500	904.820	66.140		
66.150	0.000	0.000	14.960	14.960	66.150	227.010	286.580	376.740	890.330	66.150		
66.160	0.000	0.000	14.960	14.960	66.160	236.670	289.800	346.150	872.620	66.160		
66.170	0.000	0.000	14.960	14.960	66.170	244.720	289.800	318.780	853.300	66.170		
66.180	0.000	0.000	12.430	12.430	66.180	251.160	289.800	294.630	835.590	66.180		
66.190	0.000	0.000	12.430	12.430	66.190	262.430	286.580	268.870	817.880	66.190		
66.200	0.000	0.000	9.900	9.900	66.200	267.260	284.970	244.720	796.950	66.200		
66.210	0.000	0.000	12.430	12.430	66.210	273.700	281.750	218.960	774.410	66.210		
66.220	0.000	0.000	9.900	9.900	66.220	281.750	281.750	199.640	763.140	66.220		
66.230	0.000	0.000	9.900	9.900	66.230	289.800	276.920	178.710	745.430	66.230		
66.240	0.000	0.000	9.900	9.900	66.240	296.240	273.700	161.000	730.940	66.240		
66.250	0.000	0.000	7.500	7.500	66.250	301.070	272.090	144.900	718.060	66.250		
66.260	0.000	0.000	7.500	7.500	66.260	312.340	268.870	128.800	710.010	66.260		
66.270	0.000	0.000	7.500	7.500	66.270	318.780	268.870	114.310	701.960	66.270		
66.280	0.000	0.000	7.500	7.500	66.280	326.830	267.260	101.430	695.520	66.280		
66.290	0.000	0.000	4.980	4.980	66.290	337.900	265.960	91.560	695.420	66.290		
66.300	0.000	0.000	7.500	7.500	66.300	348.800	263.780	78.480	691.060	66.300		
66.310	0.000	0.000	4.980	4.980	66.310	355.340	263.780	71.940	691.060	66.310		
66.320	0.000	0.000	4.980	4.980	66.320	368.420	265.960	65.400	699.780	66.320		
66.330	0.000	0.000	4.980	4.980	66.330	379.320	265.960	61.040	706.320	66.330		
66.340	0.000	0.000	4.980	4.980	66.340	392.400	265.960	54.500	712.860	66.340		
66.350	0.000	0.000	4.980	4.980	66.350	405.480	268.140	52.320	725.940	66.350		
66.360	0.000	0.000	4.980	4.980	66.360	420.740	268.140	45.780	734.660	66.360		
66.370	0.000	0.000	2.490	2.490	66.370	433.820	272.500	43.600	749.920	66.370		
66.380	0.000	0.000	4.980	4.980	66.380	451.260	272.500	39.240	763.000	66.380		
66.390	0.000	0.000	2.490	2.490	66.390	468.700	272.500	37.060	778.260	66.390		
66.400	0.000	0.000	0.000	0.000	66.400	483.960	272.500	30.520	786.980	66.400		
66.410	0.000	0.000	0.000	0.000	66.410	503.580	268.140	26.160	797.880	66.410		
66.420	0.000	0.000	0.000	0.000	66.420	521.020	265.960	19.620	806.600	66.420		
66.430	0.000	0.000	0.000	0.000	66.430	545.000	263.780	13.080	821.860	66.430		
66.440	0.000	0.000	0.000	0.000	66.440	569.640	254.520	9.090	833.250	66.440		
66.450	0.000	0.000	1.880	1.880	66.450	590.850	248.460	6.060	845.370	66.450		
66.460	0.000	0.000	1.880	1.880	66.460	612.060	242.400	0.000	854.460	66.460		
66.470	0.000	0.000	0.000	0.000	66.470	639.330	227.250	0.000	866.580	66.470		
66.480	0.000	0.000	1.880	1.880	66.480	660.540	215.130	0.000	875.670	66.480		
66.490	0.000	0.000	1.880	1.880	66.490	684.780	199.980	0.000	884.760	66.490		
66.500	19.740	6.580	0.000	26.320	66.500	705.990	184.830	0.000	890.820	66.500		
66.510	59.220	6.580	0.000	65.800	66.510	727.200	169.680	0.000	896.880	66.510		
66.520	111.860	9.400	0.000	121.260	66.520	742.350	151.500	0.000	893.850	66.520		
66.530	169.200	12.220	4.700	186.120	66.530	751.440	133.320	0.000	884.760	66.530		
66.540	235.000	19.740	4.700	259.440	66.540	757.500	115.140	0.000	872.640	66.540		
66.550	305.760	23.520	9.800	339.080	66.550	754.470	99.990	0.000	854.460	66.550		
66.560	378.280	37.240	13.720	429.240	66.560	742.350	81.810	0.000	824.160	66.560		
66.570	439.040	58.800	21.560	519.400	66.570	727.200	69.690	0.000	796.890	66.570		
66.580	478.240	99.960	33.320	611.520	66.580	702.960	57.570	0.000	760.530	66.580		
66.590	490.000	123.480	43.120	656.600	66.590	662.500	42.400	0.000	704.900	66.590		
66.600	464.520	131.320	54.880	650.720	66.600	606.850	37.100	0.000	643.950	66.600		
66.610	439.040	141.120	66.640	646.800	66.610	535.300	23.850	0.000	559.150	66.610		
66.620	429.240	154.840	86.240	670.320	66.620	450.500	13.250	0.000	463.750	66.620		
66.630	439.040	174.440	101.920	715.400	66.630	352.450	5.300	0.000	357.750	66.630		
66.640	454.720	194.040	115.640	764.400	66.640	257.050	0.000	0.000	257.050	66.640		
66.650	466.480	213.640	129.360	809.480	66.650	172.250	0.000	0.000	172.250	66.650		
66.660	478.240	237.160	141.120	856.520	66.660	106.000	0.000	0.000	106.000	66.660		
66.670	484.120	254.800	150.920	889.840	66.670	53.000	0.000	0.000	53.000	66.670		
66.680	484.120	274.400	164.640	923.160	66.680	18.550	0.000	0.000	18.550	66.680		
66.690	476.280	288.120	176.400	940.800	66.690	10.600	0.000	0.000	10.600	66.690		
66.700	465.000	301.320	186.000	952.320	66.700	5.300	0.000	0.000	5.300	66.700		
66.710	444.540	312.480	199.020	956.040	66.710	5.300	0.000	0.000	5.300	66.710		
66.720	424.080	314.340	208.320	946.740	66.720	2.650	0.000	0.000	2.650	66.720		
66.730	399.900	314.340	213.900	928.140	66.730	2.650	0.000	0.000	2.650	66.730		
66.740	375.720	312.480	221.340	909.540	66.740	2.500	0.000	0.000	2.500	66.740		
66.750	357.120	308.760	228.780	894.660	66.750	0.000	0.000	0.000	0.000	66.750		
66.760	334.800	306.900	234.360	876.060	66.760	0.000	0.000	0.000	0.000	66.760		
66.770	314.340	301.320	236.220	851.880	66.770	0.000	0.000	0.000	0.000	66.770		
66.780	292.020	295.740	241.800	829.560	66.780	0.000	0.000	0.000	0.000	66.780		
66.790	265.980	288.300	247.380	801.660	66.790	0.000	0.000	0.000	0.000	66.790		
66.800	243.660	286.440	251.100	781.200	66.800	0.000	0.000	0.000	0.000	66.800		
66.810	226.920	279.000	256.680	762.600	66.810	0.000	0.000	0.000	0.000	66.810		
66.820	208.320	273.420	262.260	744.000	66.820	0.000	0.000	0.000	0.000	66.820		
66.830	191.580	269.700	265.980	727.260	66.830	0.000	0.000	0.000	0.000	66.830		
66.840	176.700	269.700	277.140	723.540	66.840	0.000	0.000	0.000	0.000	66.840		
66.850	161.190	264.670	278.600	704.460	66.850	0.000	0.000	0.000	0.000	66.850		
66.860	149.250	264.670	286.560	700.480	66.860	0.000	0.000	0.000	0.000	66.860		
66.870	137.310	260.690	296.510	694.510	66.870	0.000	0.000	0.000	0.000	66.870		
66.880	127.360	260.690	304.470	692.520	66.880	0.000	0.000	0.000	0.000	66.880		
66.890	117.410	264.670	314.420	696.500	66.890	0.000	0.000	0.000	0.000	66.890		
66.900	109.450	266.660	326.360	702.470	66.900	0.000	0.000	0.000	0.000	66.900		
66.910	101.490	268.650	338.300	708.440	66.910	0.000	0.000	0.000	0.000	66.910		
66.920	93.530	276.610	356.210	726.350	66.920	0.000	0.000	0.000	0.000	66.920		
66.930	89.550	280.590	368.150	738.290	66.930	0.000	0.000	0.000	0.000	66.930		
66.940	81.590	286.560	386.060	754.210	66.940	0.000	0.000	0.000	0.000	66.940		
66.950	75.620	290.540	403.970	770.130	66.950	0.000	0.000	0.000	0.000	66.950		
66.960	69.650	296.510	425.860	792.020	66.960	0.000	0.000	0.000	0.000	66.960		
66.970	61.690	298.500	449.740	809.930	66.970	0.000	0.000	0.000	0.000	66.970		
66.980	53.730	304.470	471.630	829.830	66.980	0.000	0.000	0.000	0.000	66.980		
66.990	49.750	306.460	497.500	853.710	66.990	0.000	0.000	0.000	0.000	66.990		
67.000	41.730	304.950	523.230	869.910	67.000	0.000	0.000	0.000	0.000	67.000		
67.010	32.100	304.950	552.120	889.170	67.010	0.000	0.000	0.000	0.000	67.010		
67.020	28.890	304.950	577.800	911.640	67.020	0.000	0.000	0.000	0.000	67.020		
67.030	22.470	292.110	606.690	921.270	67.030	0.000	0.000	0.000	0.000	67.030		
67.040	12.840	279.270	629.160	921.270	67.040	0.000	0.000	0.000	0.000	67.040		
67.050	6.420	263.220	658.050	927.690	67.050	0.000	2.100	0.000	2.100	67.050		
67.060	0.000	247.170	683.730	930.900	67.060	0.000	0.000	0.000	0.000	67.060		
67.070	0.000	234.330	709.410	943.740	67.070	0.000	0.000	0.000	0.000	67.070		
67.080	0.000	215.070	738.300	953.370	67.080	0.000	0.000	0.000	0.000	67.080		
67.090	0.000	192.600	760.770	953.370	67.090	0.000	4.200	23.100	27.300	67.090		
67.100	0.000	176.550	780.030	956.580	67.100	0.000	10.500	75.600	86.100	67.100		
67.110	0.000	157.290	796.080	953.370	67.110	0.000	14.700	119.700	134.400	67.110		
67.120	0.000	138.030	802.500	940.530	67.120	0.000	14.700	161.700	176.400	67.120		
67.130	0.000	118.770	799.290	918.060	67.130	0.000	16.800	218.400	235.200	67.130		
67.140	0.000	102.720	789.660	892.380	67.140	0.000	21.000	294.000	315.000	67.140		
67.150	0.000	89.320	770.000	859.320	67.150	4.200	31.500	371.700	407.400	67.150		
67.160	0.000	77.000	742.280	819.280	67.160	10.500	46.200	441.000	497.700	67.160		
67.170	0.000	64.680	702.240	766.920	67.170	27.300	92.400	504.000	623.700	67.170		
67.180	0.000	49.280	643.720	693.000	67.180	48.300	115.500	525.000	688.800	67.180		
67.190	0.000	36.960	569.800	606.760	67.190	59.100	114.260	474.770	648.130	67.190		
67.200	0.000	24.640	477.400	502.040	67.200	68.950	114.260	421.580	604.790	67.200		
67.210	0.000	12.320	375.760	388.080	67.210	84.710	126.080	394.000	604.790	67.210		
67.220	0.000	0.000	271.040	271.040	67.220	106.380	139.870	392.030	638.280	67.220		
67.230	0.000	0.000	172.480	172.480	67.230	126.080	161.540	401.880	689.500	67.230		
67.240	0.000	0.000	107.800	107.800	67.240	141.840	181.240	423.550	746.630	67.240		
67.250	0.000	0.000	64.680	64.680	67.250	153.660	200.940	449.160	803.760	67.250		
67.260	0.000	0.000	36.960	36.960	67.260	167.450	220.640	468.860	856.950	67.260		
67.270	0.000	0.000	30.800	30.800	67.270	179.270	236.400	484.620	900.290	67.270		
67.280	0.000	0.000	24.640	24.640	67.280	187.150	248.220	488.560	923.930	67.280		
67.290	0.000	0.000	24.640	24.640	67.290	193.060	258.070	492.500	943.630	67.290		
67.300	0.000	0.000	22.500	22.500	67.300	198.970	271.860	492.500	963.330	67.300		
67.310	0.000	0.000	19.980	19.980	67.310	204.880	273.830	480.680	959.390	67.310		
67.320	0.000	0.000	19.980	19.980	67.320	208.820	275.800	464.920	949.540	67.320		
67.330	0.000	0.000	19.980	19.980	67.330	214.730	279.740	443.250	937.720	67.330		
67.340	0.000	0.000	19.980	19.980	67.340	221.760	282.240	420.000	924.000	67.340		
67.350	0.000	0.000	14.940	14.940	67.350	228.480	282.240	389.760	900.480	67.350		
67.360	0.000	0.000	14.940	14.940	67.360	233.520	282.240	364.560	880.320	67.360		
67.370	0.000	0.000	14.940	14.940	67.370	238.560	277.200	339.360	855.120	67.370		
67.380	0.000	0.000	14.940	14.940	67.380	243.600	273.840	314.160	831.600	67.380		
67.390	0.000	0.000	12.420	12.420	67.390	246.960	268.800	292.320	808.080	67.390		
67.400	0.000	0.000	14.940	14.940	67.400	248.640	263.760	268.800	781.200	67.400		
67.410	0.000	0.000	12.420	12.420	67.410	252.000	258.720	248.640	759.360	67.410		
67.420	0.000	0.000	9.990	9.990	67.420	257.040	253.680	228.480	739.200	67.420		
67.430	0.000	0.000	9.990	9.990	67.430	258.720	248.640	211.680	719.040	67.430		
67.440	0.000	0.000	9.990	9.990	67.440	263.760	246.960	194.880	705.600	67.440		
67.450	0.000	0.000	12.500	12.500	67.450	268.800	241.920	176.400	687.120	67.450		
67.460	0.000	0.000	10.000	10.000	67.460	277.200	241.920	159.600	678.720	67.460		
67.470	0.000	0.000	10.000	10.000	67.470	287.280	241.920	144.480	673.680	67.470		
67.480	0.000	0.000	5.000	5.000	67.480	294.000	241.920	134.400	670.320	67.480		
67.490	0.000	0.000	7.500	7.500	67.490	303.020	244.160	124.260	671.440	67.490		
67.500	0.000	0.000	7.500	7.500	67.500	313.920	244.160	115.540	673.620	67.500		
67.510	0.000	0.000	7.500	7.500	67.510	324.820	248.520	109.000	682.340	67.510		
67.520	0.000	0.000	7.500	7.500	67.520	333.540	252.880	104.640	691.060	67.520		
67.530	0.000	0.000	5.000	5.000	67.530	346.620	259.420	98.100	704.140	67.530		
67.540	0.000	0.000	5.000	5.000	67.540	361.880	263.780	91.560	717.220	67.540		
67.550	0.000	0.000	5.000	5.000	67.550	377.140	268.140	89.380	734.660	67.550		
67.560	0.000	0.000	5.000	5.000	67.560	392.400	276.860	82.840	752.100	67.560		
67.570	0.000	0.000	2.500	2.500	67.570	412.020	281.220	76.300	769.540	67.570		
67.580	0.000	0.000	2.500	2.500	67.580	431.640	283.400	69.760	784.800	67.580		
67.590	0.000	0.000	0.000	0.000	67.590	451.260	285.580	61.040	797.880	67.590		
67.600	0.000	0.000	0.000	0.000	67.600	473.060	292.120	56.680	821.860	67.600		
67.610	0.000	0.000	0.000	0.000	67.610	497.040	289.940	47.960	834.940	67.610		
67.620	0.000	0.000	2.260	2.260	67.620	518.840	285.580	43.600	848.020	67.620		
67.630	0.000	0.000	0.000	0.000	67.630	545.000	281.220	37.060	863.280	67.630		
67.640	0.000	0.000	0.000	0.000	67.640	570.000	270.000	30.000	870.000	67.640		
67.650	0.000	2.260	2.260	4.520	67.650	594.000	255.000	21.000	870.000	67.650		
67.660	0.000	2.260	4.520	6.780	67.660	618.000	243.000	15.000	876.000	67.660		
67.670	0.000	2.260	4.520	6.780	67.670	645.000	225.000	6.000	876.000	67.670		
67.680	6.780	6.780	0.000	13.560	67.680	669.000	210.000	3.000	882.000	67.680		
67.690	39.550	12.430	0.000	51.980	67.690	693.000	192.000	0.000	885.000	67.690		
67.700	79.100	12.430	0.000	91.530	67.700	717.000	171.000	0.000	888.000	67.700		
67.710	124.300	14.690	0.000	138.990	67.710	735.000	150.000	0.000	885.000	67.710		
67.720	171.760	19.210	0.000	190.970	67.720	747.000	132.000	0.000	879.000	67.720		
67.730	227.130	24.860	4.520	256.510	67.730	750.000	114.000	0.000	864.000	67.730		
67.740	282.500	29.380	4.520	316.400	67.740	747.000	102.000	0.000	849.000	67.740		
67.750	346.450	43.050	12.300	401.800	67.750	738.000	90.000	0.000	828.000	67.750		
67.760	399.750	65.600	20.500	485.850	67.760	720.000	75.000	0.000	795.000	67.760		
67.770	430.500	98.400	30.750	559.650	67.770	693.000	66.000	0.000	759.000	67.770		
67.780	434.600	116.850	43.050	594.500	67.780	657.000	57.000	0.000	714.000	67.780		
67.790	422.300	127.100	53.300	602.700	67.790	597.500	40.630	0.000	638.130	67.790		
67.800	418.200	139.400	71.750	629.350	67.800	516.240	31.070	0.000	547.310	67.800		
67.810	428.450	155.800	86.100	670.350	67.810	427.810	19.120	0.000	446.930	67.810		
67.820	446.900	176.300	98.400	721.600	67.820	332.210	9.560	0.000	341.770	67.820		
67.830	469.450	198.850	108.650	776.950	67.830	234.220	2.390	0.000	236.610	67.830		
67.840	489.950	221.400	120.950	832.300	67.840	150.570	0.000	0.000	150.570	67.840		
67.850	506.350	246.000	137.350	889.700	67.850	88.430	0.000	0.000	88.430	67.850		
67.860	512.500	266.500	145.550	924.550	67.860	43.020	0.000	0.000	43.020	67.860		
67.870	512.500	287.000	155.800	955.300	67.870	16.730	0.000	0.000	16.730	67.870		
67.880	502.250	301.350	168.100	971.700	67.880	11.950	0.000	0.000	11.950	67.880		
67.890	489.950	311.600	176.300	977.850	67.890	9.560	0.000	0.000	9.560	67.890		
67.900	472.500	319.410	187.110	979.020	67.900	7.170	0.000	0.000	7.170	67.900		
67.910	451.710	321.300	194.670	967.680	67.910	7.170	0.000	0.000	7.170	67.910		
67.920	429.030	319.410	198.450	946.890	67.920	4.780	0.000	0.000	4.780	67.920		
67.930	406.350	315.630	206.010	927.990	67.930	4.780	0.000	0.000	4.780	67.930		
67.940	387.450	311.850	209.790	909.090	67.940	2.500	0.000	0.000	2.500	67.940		
67.950	366.660	304.290	211.680	882.630	67.950	0.000	0.000	0.000	0.000	67.950		
67.960	343.980	296.730	211.680	852.390	67.960	0.000	0.000	0.000	0.000	67.960		
67.970	321.300	289.170	213.570	824.040	67.970	0.000	0.000	0.000	0.000	67.970		
67.980	298.620	279.720	213.570	791.910	67.980	0.000	0.000	0.000	0.000	67.980		
67.990	281.610	272.160	219.240	773.010	67.990	0.000	0.000	0.000	0.000	67.990		
68.000	258.930	260.820	217.350	737.100	68.000	0.000	0.000	0.000	0.000	68.000		
68.010	238.140	253.260	219.240	710.640	68.010	0.000	0.000	0.000	0.000	68.010		
68.020	224.910	249.480	226.800	701.190	68.020	0.000	0.000	0.000	0.000	68.020		
68.030	209.790	243.810	226.800	680.400	68.030	0.000	0.000	0.000	0.000	68.030		
68.040	196.560	241.920	232.470	670.950	68.040	0.000	0.000	0.000	0.000	68.040		
68.050	187.200	238.680	234.000	659.880	68.050	0.000	0.000	0.000	0.000	68.050		
68.060	179.400	238.680	238.680	656.760	68.060	0.000	0.000	0.000	0.000	68.060		
68.070	171.600	241.800	246.480	659.880	68.070	0.000	0.000	0.000	0.000	68.070		
68.080	168.480	246.480	251.160	666.120	68.080	0.000	0.000	0.000	0.000	68.080		
68.090	163.800	249.600	262.080	675.480	68.090	0.000	0.000	0.000	0.000	68.090		
68.100	162.240	254.280	266.760	683.280	68.100	0.000	0.000	0.000	0.000	68.100		
68.110	159.120	262.080	274.560	695.760	68.110	0.000	0.000	0.000	0.000	68.110		
68.120	159.120	266.760	283.920	709.800	68.120	0.000	0.000	0.000	0.000	68.120		
68.130	156.000	276.120	299.520	731.640	68.130	0.000	0.000	0.000	0.000	68.130		
68.140	154.440	287.040	308.880	750.360	68.140	0.000	0.000	0.000	0.000	68.140		
68.150	151.320	294.840	321.360	767.520	68.150	0.000	0.000	0.000	0.000	68.150		
68.160	146.640	304.200	336.960	787.800	68.160	0.000	0.000	0.000	0.000	68.160		
68.170	143.520	316.680	351.000	811.200	68.170	0.000	0.000	0.000	0.000	68.170		
68.180	137.280	329.160	371.280	837.720	68.180	0.000	0.000	0.000	0.000	68.180		
68.190	131.040	338.520	390.000	859.560	68.190	0.000	0.000	0.000	0.000	68.190		
68.200	120.400	344.400	406.000	870.800	68.200	0.000	0.000	0.000	0.000	68.200		
68.210	112.000	350.000	428.400	890.400	68.210	0.000	0.000	0.000	0.000	68.210		
68.220	100.800	350.000	448.000	898.800	68.220	0.000	2.500	0.000	2.500	68.220		
68.230	86.800	347.200	473.200	907.200	68.230	0.000	5.000	0.000	5.000	68.230		
68.240	72.800	341.600	498.400	912.800	68.240	0.000	3.580	0.000	3.580	68.240		
68.250	58.800	327.600	529.200	915.600	68.250	0.000	3.580	0.000	3.580	68.250		
68.260	44.800	313.600	557.200	915.600	68.260	0.000	3.580	0.000	3.580	68.260		
68.270	33.600	291.200	588.000	912.800	68.270	0.000	10.740	28.640	39.380	68.270		
68.280	22.400	263.200	621.600	907.200	68.280	0.000	16.110	73.390	89.500	68.280		
68.290	16.800	232.400	649.600	898.800	68.290	0.000	21.480	116.350	137.830	68.290		
68.300	8.400	193.200	674.800	876.400	68.300	0.000	21.480	144.990	166.470	68.300		
68.310	0.000	162.400	691.600	854.000	68.310	0.000	21.480	184.370	205.850	68.310		
68.320	0.000	140.000	700.000	840.000	68.320	0.000	23.270	247.020	270.290	68.320		
68.330	0.000	114.800	700.000	814.800	68.330	0.000	28.640	311.460	340.100	68.330		
68.340	0.000	98.000	691.600	789.600	68.340	1.790	32.220	368.740	402.750	68.340		
68.350	0.000	82.460	665.000	747.460	68.350	7.160	46.540	413.490	467.190	68.350		
68.360	0.000	69.160	638.400	707.560	68.360	14.320	69.810	438.550	522.680	68.360		
68.370	0.000	58.520	601.160	659.680	68.370	26.850	89.500	447.500	563.850	68.370		
68.380	0.000	47.880	553.280	601.160	68.380	35.800	96.660	429.600	562.060	68.380		
68.390	0.000	39.900	497.420	537.320	68.390	56.730	106.140	393.450	556.320	68.390		
68.400	0.000	29.260	438.900	468.160	68.400	76.860	120.780	378.810	576.450	68.400		
68.410	0.000	15.960	364.420	380.380	68.410	98.820	140.910	378.810	618.540	68.410		
68.420	0.000	2.660	281.960	284.620	68.420	118.950	161.040	384.300	664.290	68.420		
68.430	0.000	0.000	202.160	202.160	68.430	139.080	184.830	397.110	721.020	68.430		
68.440	0.000	0.000	133.000	133.000	68.440	157.380	206.790	417.240	781.410	68.440		
68.450	0.000	0.000	82.460	82.460	68.450	172.020	226.920	433.710	832.650	68.450		
68.460	0.000	0.000	50.540	50.540	68.460	184.830	248.880	448.350	882.060	68.460		
68.470	0.000	0.000	31.920	31.920	68.470	195.810	267.180	453.840	916.830	68.470		
68.480	0.000	0.000	23.940	23.940	68.480	206.790	279.990	457.500	944.280	68.480		
68.490	0.000	0.000	18.620	18.620	68.490	215.940	289.140	446.520	951.600	68.490		
68.500	0.000	0.000	15.000	15.000	68.500	226.920	294.630	431.880	953.430	68.500		
68.510	0.000	0.000	15.000	15.000	68.510	234.240	298.290	417.240	949.770	68.510		
68.520	0.000	0.000	15.000	15.000	68.520	241.560	301.950	397.110	940.620	68.520		
68.530	0.000	0.000	12.480	12.480	68.530	247.050	298.290	378.810	924.150	68.530		
68.540	0.000	0.000	12.480	12.480	68.540	251.120	299.300	365.000	915.420	68.540		
68.550	0.000	0.000	12.480	12.480	68.550	256.960	296.380	347.480	900.820	68.550		
68.560	0.000	0.000	9.960	9.960	68.560	259.880	294.920	334.340	889.140	68.560		
68.570	0.000	0.000	12.480	12.480	68.570	259.880	289.080	319.740	868.700	68.570		
68.580	0.000	0.000	12.480	12.480	68.580	259.880	284.700	303.680	848.260	68.580		
68.590	0.000	0.000	9.960	9.960	68.590	259.880	277.400	286.160	823.440	68.590		
68.600	0.000	0.000	9.960	9.960	68.600	259.880	271.560	271.560	803.000	68.600		
68.610	0.000	0.000	9.960	9.960	68.610	256.960	264.260	256.960	778.180	68.610		
68.620	0.000	0.000	7.500	7.500	68.620	256.960	261.340	243.820	762.120	68.620		
68.630	0.000	0.000	7.500	7.500	68.630	256.960	256.960	233.600	747.520	68.630		
68.640	0.000	0.000	7.500	7.500	68.640	256.960	251.120	221.920	730.000	68.640		
68.650	0.000	0.000	7.500	7.500	68.650	256.960	249.660	216.080	722.700	68.650		
68.660	0.000	0.000	7.500	7.500	68.660	256.960	249.660	208.780	715.400	68.660		
68.670	0.000	0.000	4.980	4.980	68.670	259.880	249.660	208.780	718.320	68.670		
68.680	0.000	0.000	4.980	4.980	68.680	256.960	249.660	207.320	713.940	68.680		
68.690	0.000	0.000	7.500	7.500	68.690	256.190	252.080	209.610	717.880	68.690		
68.700	0.000	0.000	4.980	4.980	68.700	258.930	256.190	213.720	728.840	68.700		
68.710	0.000	0.000	4.980	4.980	68.710	261.670	261.670	219.200	742.540	68.710		
68.720	0.000	0.000	4.980	4.980	68.720	264.410	267.150	221.940	753.500	68.720		
68.730	0.000	0.000	2.490	2.490	68.730	267.150	271.260	227.420	765.830	68.730		
68.740	0.000	0.000	4.980	4.980	68.740	269.890	276.740	231.530	778.160	68.740		
68.750	0.000	0.000	2.490	2.490	68.750	271.260	284.960	234.270	790.490	68.750		
68.760	0.000	0.000	2.490	2.490	68.760	279.480	291.810	237.010	808.300	68.760		
68.770	0.000	0.000	4.980	4.980	68.770	284.960	298.660	239.750	823.370	68.770		
68.780	0.000	0.000	4.980	4.980	68.780	289.070	304.140	239.750	832.960	68.780		
68.790	0.000	0.000	4.980	4.980	68.790	294.550	309.620	239.750	843.920	68.790		
68.800	0.000	0.000	7.380	7.380	68.800	301.400	316.470	237.010	854.880	68.800		
68.810	0.000	0.000	4.860	4.860	68.810	312.360	324.690	231.530	868.580	68.810		
68.820	0.000	0.000	7.380	7.380	68.820	319.210	331.540	228.790	879.540	68.820		
68.830	0.000	0.000	4.860	4.860	68.830	331.540	342.500	221.940	895.980	68.830		
68.840	0.000	0.000	9.900	9.900	68.840	345.000	350.000	215.000	910.000	68.840		
68.850	0.000	0.000	7.380	7.380	68.850	357.500	350.000	200.000	907.500	68.850		
68.860	0.000	0.000	7.380	7.380	68.860	370.000	350.000	180.000	900.000	68.860		
68.870	0.000	0.000	4.860	4.860	68.870	385.000	345.000	157.500	887.500	68.870		
68.880	0.000	0.000	4.860	4.860	68.880	402.500	337.500	135.000	875.000	68.880		
68.890	0.000	0.000	2.340	2.340	68.890	422.500	330.000	112.500	865.000	68.890		
68.900	0.000	0.000	2.340	2.340	68.900	445.000	315.000	90.000	850.000	68.900		
68.910	0.000	0.000	2.340	2.340	68.910	467.500	300.000	70.000	837.500	68.910		
68.920	0.000	2.340	2.340	4.680	68.920	497.500	277.500	52.500	827.500	68.920		
68.930	19.980	4.860	2.340	27.180	68.930	527.500	250.000	40.000	817.500	68.930		
68.940	45.000	12.420	0.000	57.420	68.940	552.500	225.000	32.500	810.000	68.940		
68.950	87.450	19.080	0.000	106.530	68.950	577.500	202.500	22.500	802.500	68.950		
68.960	146.280	28.620	0.000	174.900	68.960	597.500	177.500	15.000	790.000	68.960		
68.970	192.390	34.980	4.770	232.140	68.970	615.000	155.000	5.000	775.000	68.970		
68.980	249.630	46.110	6.360	302.100	68.980	625.000	135.000	2.500	762.500	68.980		
68.990	325.950	84.270	14.310	424.530	68.990	630.000	115.920	0.000	745.920	68.990		
69.000	381.600	96.990	22.260	500.850	69.000	627.480	103.320	0.000	730.800	69.000		
69.010	397.500	93.810	23.850	515.160	69.010	617.400	90.720	0.000	708.120	69.010		
69.020	394.320	98.580	31.800	524.700	69.020	599.760	80.640	0.000	680.400	69.020		
69.030	386.370	98.580	36.570	521.520	69.030	572.040	70.560	0.000	642.600	69.030		
69.040	378.420	101.760	41.340	521.520	69.040	536.760	60.480	0.000	597.240	69.040		
69.050	368.880	111.300	52.470	532.650	69.050	486.360	50.400	0.000	536.760	69.050		
69.060	368.880	127.200	62.010	558.090	69.060	425.880	37.800	0.000	463.680	69.060		
69.070	373.650	144.690	71.550	589.890	69.070	360.360	30.240	0.000	390.600	69.070		
69.080	386.370	163.770	87.450	637.590	69.080	284.760	20.160	0.000	304.920	69.080		
69.090	397.500	186.030	96.990	680.520	69.090	204.120	10.080	0.000	214.200	69.090		
69.100	407.290	209.560	109.850	726.700	69.100	136.080	2.520	0.000	138.600	69.100		
69.110	412.360	229.840	123.370	765.570	69.110	85.680	0.000	0.000	85.680	69.110		
69.120	419.120	248.430	136.890	804.440	69.120	47.880	0.000	0.000	47.880	69.120		
69.130	422.500	263.640	148.720	834.860	69.130	22.680	0.000	0.000	22.680	69.130		
69.140	419.120	277.160	162.240	858.520	69.140	15.000	0.000	0.000	15.000	69.140		
69.150	414.050	283.920	169.000	866.970	69.150	9.960	0.000	0.000	9.960	69.150		
69.160	407.290	292.370	179.140	878.800	69.160	4.980	0.000	2.460	7.440	69.160		
69.170	397.150	297.440	189.280	883.870	69.170	4.980	0.000	2.460	7.440	69.170		
69.180	381.940	299.130	196.040	877.110	69.180	4.980	0.000	0.000	4.980	69.180		
69.190	366.730	299.130	204.490	870.350	69.190	4.980	0.000	0.000	4.980	69.190		
69.200	354.900	297.440	209.560	861.900	69.200	2.460	0.000	0.000	2.460	69.200		
69.210	339.690	297.440	214.630	851.760	69.210	0.000	0.000	0.000	0.000	69.210		
69.220	331.240	297.440	219.700	848.380	69.220	0.000	0.000	0.000	0.000	69.220		
69.230	324.480	294.060	224.770	843.310	69.230	0.000	0.000	0.000	0.000	69.230		
69.240	319.410	292.370	224.770	836.550	69.240	0.000	0.000	0.000	0.000	69.240		
69.250	314.600	288.860	221.650	825.110	69.250	0.000	0.000	0.000	0.000	69.250		
69.260	314.600	288.860	221.650	825.110	69.260	0.000	0.000	0.000	0.000	69.260		
69.270	311.740	287.430	217.360	816.530	69.270	0.000	0.000	0.000	0.000	69.270		
69.280	314.600	284.570	214.500	813.670	69.280	0.000	0.000	0.000	0.000	69.280		
69.290	317.460	278.850	208.780	805.090	69.290	0.000	0.000	0.000	0.000	69.290		
69.300	318.890	277.420	201.630	797.940	69.300	0.000	0.000	0.000	0.000	69.300		
69.310	324.610	274.560	197.340	796.510	69.310	0.000	0.000	0.000	0.000	69.310		
69.320	327.470	268.840	191.620	787.930	69.320	0.000	0.000	0.000	0.000	69.320		
69.330	331.760	267.410	184.470	783.640	69.330	0.000	0.000	0.000	0.000	69.330		
69.340	337.480	264.550	178.750	780.780	69.340	0.000	0.000	0.000	0.000	69.340		
69.350	338.910	264.550	177.320	780.780	69.350	0.000	0.000	0.000	0.000	69.350		
69.360	344.630	267.410	177.320	789.360	69.360	0.000	0.000	0.000	0.000	69.360		
69.370	348.920	264.550	171.600	785.070	69.370	0.000	0.000	0.000	0.000	69.370		
69.380	351.780	264.550	168.740	785.070	69.380	0.000	0.000	0.000	0.000	69.380		
69.390	357.500	267.410	168.740	793.650	69.390	0.000	0.000	0.000	0.000	69.390		
69.400	361.100	266.900	166.420	794.420	69.400	0.000	0.000	0.000	0.000	69.400		
69.410	367.380	268.470	166.420	802.270	69.410	0.000	0.000	0.000	0.000	69.410		
69.420	368.950	271.610	166.420	806.980	69.420	0.000	0.000	0.000	0.000	69.420		
69.430	372.090	271.610	164.850	808.550	69.430	0.000	0.000	0.000	0.000	69.430		
69.440	376.800	274.750	166.420	817.970	69.440	0.000	0.000	2.450	2.450	69.440		
69.450	379.940	274.750	164.850	819.540	69.450	0.000	0.000	2.450	2.450	69.450		
69.460	381.510	274.750	161.710	817.970	69.460	0.000	0.000	2.450	2.450	69.460		
69.470	381.510	274.750	161.710	817.970	69.470	0.000	0.000	2.450	2.450	69.470		
69.480	379.940	276.320	161.710	817.970	69.480	0.000	0.000	2.450	2.450	69.480		
69.490	379.940	279.460	158.570	817.970	69.490	0.000	2.450	4.970	7.420	69.490		
69.500	379.940	281.030	161.710	822.680	69.500	0.000	4.970	2.450	7.420	69.500		
69.510	381.510	281.030	158.570	821.110	69.510	0.000	7.490	2.450	9.940	69.510		
69.520	386.220	281.030	153.860	821.110	69.520	0.000	7.490	2.450	9.940	69.520		
69.530	389.360	281.030	149.150	819.540	69.530	0.000	9.940	0.000	9.940	69.530		
69.540	392.500	281.030	146.010	819.540	69.540	0.000	12.460	0.000	12.460	69.540		
69.550	392.500	279.460	139.730	811.690	69.550	0.000	12.460	2.450	14.910	69.550		
69.560	386.220	274.750	133.450	794.420	69.560	0.000	14.980	2.450	17.430	69.560		
69.570	381.510	271.610	128.740	781.860	69.570	0.000	14.980	2.450	17.430	69.570		
69.580	373.660	268.470	124.030	766.160	69.580	0.000	17.500	2.450	19.950	69.580		
69.590	367.380	274.750	122.460	764.590	69.590	0.000	16.000	4.000	20.000	69.590		
69.600	361.100	276.320	122.460	759.880	69.600	0.000	14.000	12.000	26.000	69.600		
69.610	348.540	279.460	122.460	750.460	69.610	0.000	16.000	54.000	70.000	69.610		
69.620	334.410	284.170	122.460	741.040	69.620	0.000	14.000	96.000	110.000	69.620		
69.630	318.710	284.170	119.320	722.200	69.630	0.000	20.000	160.000	180.000	69.630		
69.640	299.870	281.030	116.180	697.080	69.640	0.000	30.000	270.000	300.000	69.640		
69.650	271.610	276.320	111.470	659.400	69.650	4.000	44.000	384.000	432.000	69.650		
69.660	238.640	274.750	111.470	624.860	69.660	6.000	56.000	464.000	526.000	69.660		
69.670	200.960	266.900	111.470	579.330	69.670	10.000	64.000	494.000	568.000	69.670		
69.680	164.850	257.480	109.900	532.230	69.680	12.000	70.000	500.000	582.000	69.680		
69.690	136.590	246.490	106.760	489.840	69.690	14.000	72.000	490.000	576.000	69.690		
69.700	107.350	237.500	104.500	449.350	69.700	14.000	72.000	470.000	556.000	69.700		
69.710	81.700	227.050	99.750	408.500	69.710	16.000	72.000	454.000	542.000	69.710		
69.720	59.850	219.450	101.650	380.950	69.720	16.000	72.000	446.000	534.000	69.720		
69.730	44.650	211.850	101.650	358.150	69.730	22.000	74.000	444.000	540.000	69.730		
69.740	34.200	204.250	107.350	345.800	69.740	20.800	76.960	440.960	538.720	69.740		
69.750	21.850	194.750	109.250	325.850	69.750	24.960	79.040	436.800	540.800	69.750		
69.760	12.350	182.400	112.100	306.850	69.760	29.120	83.200	430.560	542.880	69.760		
69.770	1.900	169.100	112.100	283.100	69.770	37.440	89.440	430.560	557.440	69.770		
69.780	0.000	154.850	112.100	266.950	69.780	41.600	93.600	434.720	569.920	69.780		
69.790	0.000	134.900	112.100	247.000	69.790	45.760	99.840	443.040	588.640	69.790		
69.800	0.000	116.850	101.650	218.500	69.800	49.920	104.000	455.520	609.440	69.800		
69.810	0.000	104.500	99.750	204.250	69.810	54.080	108.160	468.000	630.240	69.810		
69.820	0.000	92.150	92.150	184.300	69.820	56.160	114.400	478.400	648.960	69.820		
69.830	0.000	81.700	79.800	161.500	69.830	58.240	118.560	488.800	665.600	69.830		
69.840	0.000	69.350	72.200	141.550	69.840	58.240	124.800	497.120	680.160	69.840		
69.850	0.000	60.000	57.360	117.360	69.850	64.480	131.040	503.360	698.880	69.850		
69.860	0.000	49.920	49.920	99.840	69.860	68.640	133.120	511.680	713.440	69.860		
69.870	0.000	42.480	34.800	77.280	69.870	70.720	139.360	513.760	723.840	69.870		
69.880	0.000	34.800	22.320	57.120	69.880	76.960	145.600	520.000	742.560	69.880		
69.890	0.000	30.000	7.440	37.440	69.890	81.550	153.780	521.920	757.250	69.890		
69.900	0.000	19.920	0.000	19.920	69.900	86.210	160.770	524.250	771.230	69.900		
69.910	0.000	14.880	0.000	14.880	69.910	88.540	165.430	524.250	778.220	69.910		
69.920	0.000	9.840	0.000	9.840	69.920	93.200	172.420	526.580	792.200	69.920		
69.930	0.000	9.840	0.000	9.840	69.930	93.200	174.750	528.910	796.860	69.930		
69.940	0.000	9.840	0.000	9.840	69.940	95.530	174.750	531.240	801.520	69.940		
69.950	0.000	9.840	0.000	9.840	69.950	95.530	177.080	535.900	808.510	69.950		
69.960	0.000	7.440	0.000	7.440	69.960	93.200	177.080	540.560	810.840	69.960		
69.970	0.000	4.800	0.000	4.800	69.970	88.540	174.750	549.880	813.170	69.970		
69.980	0.000	4.800	0.000	4.800	69.980	86.210	177.080	556.870	820.160	69.980		
69.990	0.000	4.800	0.000	4.800	69.990	81.550	174.750	563.860	820.160	69.990		
70.000	0.000	2.500	0.000	2.500	70.000	79.220	177.080	570.850	827.150	70.000		
70.010	0.000	2.500	0.000	2.500	70.010	76.890	179.410	573.180	829.480	70.010		
70.020	0.000	2.500	0.000	2.500	70.020	74.560	181.740	577.840	834.140	70.020		
70.030	0.000	2.500	0.000	2.500	70.030	69.900	184.070	582.500	836.470	70.030		
70.040	0.000	2.500	0.000	2.500	70.040	69.900	188.730	582.500	841.130	70.040		
70.050	0.000	0.000	0.000	0.000	70.050	65.240	193.390	582.500	841.130	70.050		
70.060	0.000	0.000	0.000	0.000	70.060	69.900	195.720	575.510	841.130	70.060		
70.070	0.000	0.000	0.000	0.000	70.070	69.900	200.380	568.520	838.800	70.070		
70.080	0.000	0.000	0.000	0.000	70.080	72.230	207.370	561.530	841.130	70.080		
70.090	0.000	0.000	0.000	0.000	70.090	76.890	214.360	549.880	841.130	70.090		
70.100	0.000	0.000	0.000	0.000	70.100	79.220	221.350	540.560	841.130	70.100		
70.110	0.000	0.000	0.000	0.000	70.110	86.210	230.670	533.570	850.450	70.110		
70.120	0.000	0.000	0.000	0.000	70.120	93.200	242.320	526.580	862.100	70.120		
70.130	2.500	0.000	0.000	2.500	70.130	100.190	249.310	519.590	869.090	70.130		
70.140	0.000	0.000	0.000	0.000	70.140	109.510	260.960	510.270	880.740	70.140		
70.150	2.400	0.000	0.000	2.400	70.150	116.500	267.950	505.610	890.060	70.150		
70.160	2.400	0.000	0.000	2.400	70.160	121.160	277.270	500.950	899.380	70.160		
70.170	2.400	0.000	0.000	2.400	70.170	128.150	284.260	491.630	904.040	70.170		
70.180	2.400	0.000	0.000	2.400	70.180	132.810	291.250	484.640	908.700	70.180		
70.190	2.400	0.000	0.000	2.400	70.190	138.700	294.500	475.000	908.200	70.190		
70.200	2.400	0.000	0.000	2.400	70.200	142.500	294.500	463.600	900.600	70.200		
70.210	0.000	0.000	4.800	4.800	70.210	146.300	294.500	456.000	896.800	70.210		
70.220	0.000	0.000	10.000	10.000	70.220	148.200	290.700	446.500	885.400	70.220		
70.230	0.000	0.000	17.200	17.200	70.230	153.900	290.700	433.200	877.800	70.230		
70.240	0.000	0.000	22.400	22.400	70.240	161.500	290.700	419.900	872.100	70.240		
70.250	2.400	2.400	32.400	37.200	70.250	169.100	290.700	397.100	856.900	70.250		
70.260	2.400	2.400	40.000	44.800	70.260	176.700	286.900	374.300	837.900	70.260		
70.270	4.800	10.000	50.000	64.800	70.270	186.200	281.200	345.800	813.200	70.270		
70.280	44.800	27.200	57.200	129.200	70.280	195.700	273.600	319.200	788.500	70.280		
70.290	100.000	52.400	62.400	214.800	70.290	207.100	264.100	290.700	761.900	70.290		
70.300	143.840	64.480	64.480	272.800	70.300	224.200	254.600	254.600	733.400	70.300		
70.310	192.200	74.400	64.480	331.080	70.310	241.300	237.500	214.700	693.500	70.310		
70.320	221.960	84.320	64.480	370.760	70.320	256.500	218.500	174.800	649.800	70.320		
70.330	226.920	84.320	64.480	375.720	70.330	271.700	195.700	136.800	604.200	70.330		
70.340	229.400	86.800	69.440	385.640	70.340	286.590	169.740	104.550	560.880	70.340		
70.350	239.320	99.200	74.400	412.920	70.350	296.430	143.910	84.870	525.210	70.350		
70.360	249.240	109.120	76.880	435.240	70.360	303.810	116.850	68.880	489.540	70.360		
70.370	259.160	124.000	84.320	467.480	70.370	307.500	94.710	59.040	461.250	70.370		
70.380	266.600	136.400	91.760	494.760	70.380	303.810	73.800	51.660	429.270	70.380		
70.390	276.520	143.840	94.240	514.600	70.390	291.510	59.040	44.280	394.830	70.390		
70.400	283.960	155.000	96.720	535.680	70.400	274.290	46.740	36.900	357.930	70.400		
70.410	293.880	159.960	99.200	553.040	70.410	257.070	36.900	31.980	325.950	70.410		
70.420	301.320	164.920	99.200	565.440	70.420	232.470	29.520	22.140	284.130	70.420		
70.430	306.280	172.360	101.680	580.320	70.430	206.640	19.680	14.760	241.080	70.430		
70.440	310.000	179.800	106.640	596.440	70.440	182.040	12.300	9.840	204.180	70.440		
70.450	307.500	191.880	114.390	613.770	70.450	159.900	7.380	7.380	174.660	70.450		
70.460	303.810	204.180	124.230	632.220	70.460	136.530	4.920	4.920	146.370	70.460		
70.470	301.350	214.020	131.610	646.980	70.470	116.850	2.460	2.460	121.770	70.470		
70.480	298.890	223.860	141.450	664.200	70.480	75.000	0.000	2.400	77.400	70.480		
70.490	293.970	234.930	148.830	677.730	70.490	57.300	0.000	2.400	59.700	70.490		
70.500	289.050	242.310	162.360	693.720	70.500	39.900	0.000	4.800	44.700	70.500		
70.510	281.670	249.690	172.200	703.560	70.510	24.900	0.000	4.800	29.700	70.510		
70.520	276.750	257.070	182.040	715.860	70.520	12.300	0.000	7.500	19.800	70.520		
70.530	269.370	264.450	194.340	728.160	70.530	2.400	0.000	7.500	9.900	70.530		
70.540	259.530	271.830	204.180	735.540	70.540	0.000	0.000	7.500	7.500	70.540		
70.550	249.690	279.210	218.940	747.840	70.550	0.000	0.000	7.500	7.500	70.550		
70.560	239.850	281.670	232.470	753.990	70.560	0.000	0.000	7.500	7.500	70.560		
70.570	232.470	286.590	247.230	766.290	70.570	0.000	0.000	4.800	4.800	70.570		
70.580	218.940	291.510	259.530	769.980	70.580	0.000	0.000	4.800	4.800	70.580		
70.590	209.100	291.510	274.290	774.900	70.590	0.000	0.000	2.400	2.400	70.590		
70.600	198.440	291.920	287.000	777.360	70.600	0.000	0.000	2.400	2.400	70.600		
70.610	186.960	293.560	298.480	779.000	70.610	0.000	0.000	4.800	4.800	70.610		
70.620	177.120	293.560	309.960	780.640	70.620	0.000	0.000	4.800	4.800	70.620		
70.630	167.280	291.920	321.440	780.640	70.630	0.000	0.000	4.960	4.960	70.630		
70.640	159.080	291.920	329.640	780.640	70.640	0.000	0.000	4.960	4.960	70.640		
70.650	154.160	291.920	339.480	785.560	70.650	0.000	0.000	4.960	4.960	70.650		
70.660	149.240	293.560	349.320	792.120	70.660	0.000	0.000	7.360	7.360	70.660		
70.670	144.320	293.560	355.880	793.760	70.670	0.000	0.000	4.960	4.960	70.670		
70.680	139.400	296.840	367.360	803.600	70.680	0.000	0.000	4.960	4.960	70.680		
70.690	136.120	296.840	373.920	806.880	70.690	0.000	0.000	4.960	4.960	70.690		
70.700	134.480	296.840	382.120	813.440	70.700	0.000	0.000	7.360	7.360	70.700		
70.710	131.200	298.480	387.040	816.720	70.710	0.000	0.000	4.960	4.960	70.710		
70.720	126.280	301.760	398.520	826.560	70.720	0.000	0.000	4.960	4.960	70.720		
70.730	124.640	301.760	403.440	829.840	70.730	0.000	0.000	4.960	4.960	70.730		
70.740	121.360	303.400	410.000	834.760	70.740	0.000	0.000	4.960	4.960	70.740		
70.750	118.320	301.020	415.860	835.200	70.750	17.440	0.000	4.960	22.400	70.750		
70.760	114.840	301.020	426.300	842.160	70.760	29.920	2.400	9.920	42.240	70.760		
70.770	111.360	299.280	429.780	840.420	70.770	40.000	7.360	7.360	54.720	70.770		
70.780	106.140	294.060	431.520	831.720	70.780	54.270	17.010	17.010	88.290	70.780		
70.790	100.920	288.840	435.000	824.760	70.790	64.800	29.970	42.120	136.890	70.790		
70.800	93.960	278.400	431.520	803.880	70.800	76.950	46.980	72.090	196.020	70.800		
70.810	88.740	266.220	431.520	786.480	70.810	89.910	59.940	99.630	249.480	70.810		
70.820	78.300	252.300	429.780	760.380	70.820	99.630	67.230	109.350	276.210	70.820		
70.830	69.600	231.420	424.560	725.580	70.830	106.920	72.090	109.350	288.360	70.830		
70.840	59.160	212.280	424.560	696.000	70.840	114.210	72.090	99.630	285.930	70.840		
70.850	52.200	189.660	421.080	662.940	70.850	124.740	74.520	92.340	291.600	70.850		
70.860	46.980	172.260	421.080	640.320	70.860	134.460	74.520	81.810	290.790	70.860		
70.870	38.280	151.380	419.340	609.000	70.870	144.990	76.950	72.090	294.030	70.870		
70.880	34.800	133.980	414.120	582.900	70.880	157.140	81.810	64.800	303.750	70.880		
70.890	29.580	116.580	407.160	553.320	70.890	166.860	84.240	62.370	313.470	70.890		
70.900	23.850	101.760	397.500	523.110	70.900	177.390	87.480	56.700	321.570	70.900		
70.910	19.080	87.450	386.370	492.900	70.910	189.540	92.340	54.270	336.150	70.910		
70.920	14.310	76.320	373.650	464.280	70.920	202.500	97.200	54.270	353.970	70.920		
70.930	14.310	69.960	360.930	445.200	70.930	214.620	103.660	54.020	372.300	70.930		
70.940	11.130	62.010	349.800	422.940	70.940	229.220	113.880	59.860	402.960	70.940		
70.950	9.540	52.470	329.130	391.140	70.950	242.360	124.100	64.240	430.700	70.950		
70.960	9.540	44.520	306.870	360.930	70.960	256.960	137.240	74.460	468.660	70.960		
70.970	9.540	39.750	284.610	333.900	70.970	271.560	154.760	86.140	512.460	70.970		
70.980	6.360	34.980	263.940	305.280	70.980	286.160	172.280	102.200	560.640	70.980		
70.990	6.360	28.620	241.680	276.660	70.990	299.300	191.260	119.720	610.280	70.990		
71.000	6.360	23.850	221.010	251.220	71.000	309.520	208.780	134.320	652.620	71.000		
71.010	6.360	19.080	198.750	224.190	71.010	319.740	226.300	151.840	697.880	71.010		
71.020	6.360	11.130	174.900	192.390	71.020	331.420	242.360	169.360	743.140	71.020		
71.030	4.770	9.540	151.050	165.360	71.030	338.720	256.960	182.500	778.180	71.030		
71.040	4.770	6.360	122.430	133.560	71.040	347.480	268.640	194.180	810.300	71.040		
71.050	2.340	4.680	97.500	104.520	71.050	351.860	281.780	204.400	838.040	71.050		
71.060	2.340	2.340	72.150	76.830	71.060	359.160	289.080	211.700	859.940	71.060		
71.070	2.340	0.000	54.990	57.330	71.070	365.000	294.920	214.620	874.540	71.070		
71.080	2.340	0.000	37.440	39.780	71.080	369.000	300.000	217.500	886.500	71.080		
71.090	2.340	0.000	29.640	31.980	71.090	372.000	300.000	217.500	889.500	71.090		
71.100	4.680	0.000	17.160	21.840	71.100	375.000	300.000	214.500	889.500	71.100		
71.110	4.680	0.000	12.480	17.160	71.110	375.000	297.000	210.000	882.000	71.110		
71.120	2.340	0.000	9.750	12.090	71.120	375.000	294.000	207.000	876.000	71.120		
71.130	2.340	0.000	4.680	7.020	71.130	375.000	292.500	202.500	870.000	71.130		
71.140	0.000	0.000	4.680	4.680	71.140	375.000	286.500	196.500	858.000	71.140		
71.150	0.000	0.000	2.340	2.340	71.150	372.000	282.000	192.000	846.000	71.150		
71.160	0.000	0.000	2.340	2.340	71.160	367.500	274.500	187.500	829.500	71.160		
71.170	0.000	0.000	0.000	0.000	71.170	361.500	270.000	187.500	819.000	71.170		
71.180	0.000	0.000	0.000	0.000	71.180	360.000	270.000	187.500	817.500	71.180		
71.190	0.000	0.000	0.000	0.000	71.190	354.000	264.000	189.000	807.000	71.190		
71.200	0.000	0.000	0.000	0.000	71.200	349.500	262.500	189.000	801.000	71.200		
71.210	0.000	2.460	0.000	2.460	71.210	346.500	259.500	189.000	795.000	71.210		
71.220	0.000	4.920	0.000	4.920	71.220	342.000	255.000	189.000	786.000	71.220		
71.230	0.000	4.920	0.000	4.920	71.230	335.000	249.240	188.940	773.180	71.230		
71.240	0.000	14.760	9.840	24.600	71.240	326.960	243.880	191.620	762.460	71.240		
71.250	0.000	29.520	14.760	44.280	71.250	316.240	239.860	196.980	753.080	71.250		
71.260	0.000	39.360	34.440	73.800	71.260	304.180	234.500	203.680	742.360	71.260		
71.270	2.460	41.820	57.400	101.680	71.270	286.760	226.460	214.400	727.620	71.270		
71.280	7.380	46.740	84.460	138.580	71.280	266.660	217.080	223.780	707.520	71.280		
71.290	9.840	52.480	114.800	177.120	71.290	249.240	209.040	237.180	695.460	71.290		
71.300	14.760	59.860	141.860	216.480	71.300	239.860	203.680	241.200	684.740	71.300		
71.310	19.680	69.700	167.280	256.660	71.310	234.500	199.660	237.180	671.340	71.310		
71.320	27.060	94.300	186.960	308.320	71.320	231.820	194.300	223.780	649.900	71.320		
71.330	52.480	127.100	194.340	373.920	71.330	231.820	184.920	206.360	623.100	71.330		
71.340	79.540	154.980	205.000	439.520	71.340	229.140	171.520	184.920	585.580	71.340		
71.350	94.080	169.120	211.680	474.880	71.350	226.460	156.780	159.460	542.700	71.350		
71.360	94.080	169.120	217.280	480.480	71.360	222.440	139.360	131.320	493.120	71.360		
71.370	87.360	169.120	221.760	478.240	71.370	219.760	129.980	109.880	459.620	71.370		
71.380	81.760	164.640	229.600	476.000	71.380	215.000	111.800	86.860	413.660	71.380		
71.390	73.920	162.400	234.080	470.400	71.390	207.260	99.760	72.240	379.260	71.390		
71.400	71.680	162.400	241.920	476.000	71.400	202.100	89.440	59.340	350.880	71.400		
71.410	69.440	162.400	249.760	481.600	71.410	191.780	81.700	52.460	325.940	71.410		
71.420	67.200	166.880	256.480	490.560	71.420	184.900	74.820	47.300	307.020	71.420		
71.430	69.440	172.480	262.080	504.000	71.430	172.000	69.660	44.720	286.380	71.430		
71.440	73.920	179.200	266.560	519.680	71.440	157.380	64.500	42.140	264.020	71.440		
71.450	79.520	189.280	272.160	540.960	71.450	147.060	59.340	42.140	248.540	71.450		
71.460	89.600	199.360	274.400	563.360	71.460	132.440	56.760	42.140	231.340	71.460		
71.470	99.680	209.440	276.640	585.760	71.470	122.120	54.180	47.300	223.600	71.470		
71.480	109.760	219.520	276.640	605.920	71.480	114.380	54.180	49.880	218.440	71.480		
71.490	116.480	229.600	280.000	626.080	71.490	111.800	54.180	52.460	218.440	71.490		
71.500	127.330	236.810	279.650	643.790	71.500	111.800	56.760	54.180	222.740	71.500		
71.510	134.470	243.950	279.650	658.070	71.510	114.380	54.180	54.180	222.740	71.510		
71.520	136.850	246.330	282.030	665.210	71.520	114.380	54.180	52.460	221.020	71.520		
71.530	139.230	252.280	282.030	673.540	71.530	117.500	57.340	52.170	227.010	71.530		
71.540	141.610	254.660	284.410	680.680	71.540	117.500	52.170	49.820	219.490	71.540		
71.550	141.610	257.040	284.410	683.060	71.550	117.500	54.990	49.820	222.310	71.550		
71.560	141.610	257.040	289.170	687.820	71.560	114.680	52.170	49.820	216.670	71.560		
71.570	141.610	257.040	289.170	687.820	71.570	112.330	52.170	47.470	211.970	71.570		
71.580	139.230	259.420	291.550	690.200	71.580	107.160	49.820	47.470	204.450	71.580		
71.590	136.850	259.420	297.500	693.770	71.590	102.460	47.470	44.650	194.580	71.590		
71.600	136.850	259.420	293.930	690.200	71.600	99.640	47.470	42.300	189.410	71.600		
71.610	136.850	259.420	293.930	690.200	71.610	94.940	42.300	42.300	179.540	71.610		
71.620	134.470	257.040	293.930	685.440	71.620	89.770	42.300	39.950	172.020	71.620		
71.630	136.850	257.040	293.930	687.820	71.630	82.250	39.950	39.950	162.150	71.630		
71.640	136.850	259.420	291.550	687.820	71.640	77.080	37.130	39.950	154.160	71.640		
71.650	139.230	259.740	292.500	691.470	71.650	72.380	37.130	42.300	151.810	71.650		
71.660	141.570	259.740	288.990	690.300	71.660	64.860	37.130	44.650	146.640	71.660		
71.670	147.420	262.080	288.990	698.490	71.670	59.690	37.130	44.650	141.470	71.670		
71.680	149.760	264.420	284.310	698.490	71.680	57.200	34.800	47.200	139.200	71.680		
71.690	154.440	269.100	284.310	707.850	71.690	54.800	34.800	50.000	139.600	71.690		
71.700	156.780	269.100	284.310	710.190	71.700	52.400	34.800	50.000	137.200	71.700		
71.710	161.460	271.440	281.970	714.870	71.710	52.400	37.200	52.400	142.000	71.710		
71.720	164.970	271.440	281.970	718.380	71.720	52.400	40.000	54.800	147.200	71.720		
71.730	169.650	274.950	279.630	724.230	71.730	54.800	42.400	52.400	149.600	71.730		
71.740	169.650	271.440	277.290	718.380	71.740	60.000	47.200	50.000	157.200	71.740		
71.750	171.990	271.440	271.440	714.870	71.750	64.800	50.000	47.200	162.000	71.750		
71.760	174.330	271.440	271.440	717.210	71.760	67.200	54.800	42.400	164.400	71.760		
71.770	174.330	269.100	269.100	712.530	71.770	74.800	60.000	37.200	172.000	71.770		
71.780	176.670	269.100	266.760	712.530	71.780	80.000	62.400	32.400	174.800	71.780		
71.790	176.670	266.760	264.420	707.850	71.790	84.800	67.200	24.800	176.800	71.790		
71.800	174.020	262.160	262.160	698.340	71.800	92.400	70.000	17.200	179.600	71.800		
71.810	174.020	259.900	256.510	690.430	71.810	94.800	74.800	12.400	182.000	71.810		
71.820	171.760	256.510	254.250	682.520	71.820	100.000	77.200	7.200	184.400	71.820		
71.830	174.020	254.250	254.250	682.520	71.830	102.480	79.800	2.100	184.380	71.830		
71.840	177.410	254.250	251.990	683.650	71.840	105.000	77.280	0.000	182.280	71.840		
71.850	179.670	254.250	247.470	681.390	71.850	102.480	77.280	0.000	179.760	71.850		
71.860	181.930	251.990	244.080	678.000	71.860	102.480	74.760	0.000	177.240	71.860		
71.870	189.840	249.730	239.560	679.130	71.870	97.440	72.240	0.000	169.680	71.870		
71.880	196.620	249.730	233.910	680.260	71.880	92.400	67.200	0.000	159.600	71.880		
71.890	206.790	251.990	233.910	692.690	71.890	79.800	62.160	0.000	141.960	71.890		
71.900	216.960	254.250	229.390	700.600	71.900	64.680	59.640	0.000	124.320	71.900		
71.910	227.130	256.510	229.390	713.030	71.910	49.980	54.600	0.000	104.580	71.910		
71.920	244.080	262.160	227.130	733.370	71.920	37.380	49.980	0.000	87.360	71.920		
71.930	264.420	268.940	224.870	758.230	71.930	24.780	44.940	0.000	69.720	71.930		
71.940	282.500	274.590	224.870	781.960	71.940	12.180	39.900	0.000	52.080	71.940		
71.950	304.290	281.750	223.790	809.830	71.950	2.100	32.340	2.100	36.540	71.950		
71.960	326.830	286.580	218.960	832.370	71.960	0.000	22.260	4.620	26.880	71.960		
71.970	344.540	291.410	217.350	853.300	71.970	0.000	19.740	7.140	26.880	71.970		
71.980	362.250	294.630	214.130	871.010	71.980	0.000	17.500	4.970	22.470	71.980		
71.990	373.520	294.630	210.910	879.060	71.990	0.000	17.500	4.970	22.470	71.990		
72.000	389.620	296.240	209.300	895.160	72.000	0.000	14.980	4.970	19.950	72.000		
72.010	396.060	294.630	206.080	896.770	72.010	0.000	12.460	7.490	19.950	72.010		
72.020	402.500	294.630	204.470	901.600	72.020	0.000	12.460	7.490	19.950	72.020		
72.030	402.500	291.410	204.470	898.380	72.030	0.000	9.940	7.490	17.430	72.030		
72.040	402.500	289.800	201.250	893.550	72.040	0.000	7.490	7.490	14.980	72.040		
72.050	396.060	286.580	201.250	883.890	72.050	0.000	4.970	9.940	14.910	72.050		
72.060	389.620	281.750	199.640	871.010	72.060	0.000	4.970	9.940	14.910	72.060		
72.070	384.790	276.920	199.640	861.350	72.070	0.000	4.970	9.940	14.910	72.070		
72.080	373.520	272.090	199.640	845.250	72.080	0.000	2.450	9.940	12.390	72.080		
72.090	363.860	267.260	194.810	825.930	72.090	0.000	2.450	12.460	14.910	72.090		
72.100	355.000	261.280	194.540	810.820	72.100	0.000	0.000	12.460	12.460	72.100		
72.110	343.640	257.020	191.700	792.360	72.110	0.000	0.000	12.460	12.460	72.110		
72.120	333.700	251.340	191.700	776.740	72.120	0.000	0.000	14.980	14.980	72.120		
72.130	323.760	247.080	188.860	759.700	72.130	0.000	0.000	14.940	14.940	72.130		
72.140	313.820	241.400	187.440	742.660	72.140	0.000	0.000	14.940	14.940	72.140		
72.150	306.720	237.140	184.600	728.460	72.150	0.000	0.000	14.940	14.940	72.150		
72.160	299.620	234.300	181.760	715.680	72.160	0.000	0.000	17.460	17.460	72.160		
72.170	291.100	231.460	178.920	701.480	72.170	0.000	0.000	17.460	17.460	72.170		
72.180	289.680	231.460	178.920	700.060	72.180	0.000	0.000	17.460	17.460	72.180		
72.190	284.000	228.620	178.920	691.540	72.190	0.000	0.000	17.460	17.460	72.190		
72.200	281.160	228.620	178.920	688.700	72.200	0.000	0.000	17.460	17.460	72.200		
72.210	279.740	231.460	178.920	690.120	72.210	0.000	0.000	19.980	19.980	72.210		
72.220	276.900	231.460	181.760	690.120	72.220	0.000	0.000	17.460	17.460	72.220		
72.230	276.900	231.460	184.600	692.960	72.230	0.000	0.000	19.980	19.980	72.230		
72.240	281.160	234.300	187.440	702.900	72.240	0.000	0.000	19.980	19.980	72.240		
72.250	287.040	238.740	186.300	712.080	72.250	0.000	0.000	22.500	22.500	72.250		
72.260	291.180	241.500	189.060	721.740	72.260	0.000	0.000	22.500	22.500	72.260		
72.270	296.700	244.260	186.300	727.260	72.270	0.000	0.000	22.500	22.500	72.270		
72.280	302.220	247.020	189.060	738.300	72.280	0.000	0.000	20.500	20.500	72.280		
72.290	306.360	251.160	189.060	746.580	72.290	0.000	0.000	20.500	20.500	72.290		
72.300	309.120	253.920	189.060	752.100	72.300	0.000	0.000	20.500	20.500	72.300		
72.310	311.880	256.680	189.060	757.620	72.310	0.000	0.000	20.500	20.500	72.310		
72.320	317.400	262.200	191.820	771.420	72.320	0.000	0.000	18.450	18.450	72.320		
72.330	318.780	264.960	191.820	775.560	72.330	0.000	0.000	20.500	20.500	72.330		
72.340	324.300	266.340	191.820	782.460	72.340	0.000	0.000	18.450	18.450	72.340		
72.350	327.060	271.860	191.820	790.740	72.350	0.000	0.000	16.400	16.400	72.350		
72.360	331.200	274.620	191.820	797.640	72.360	0.000	0.000	14.350	14.350	72.360		
72.370	336.720	278.760	194.580	810.060	72.370	0.000	0.000	14.350	14.350	72.370		
72.380	339.480	281.520	194.580	815.580	72.380	0.000	0.000	8.200	8.200	72.380		
72.390	345.000	287.040	194.580	826.620	72.390	0.000	0.000	4.100	4.100	72.390		
72.400	350.000	289.800	194.600	834.400	72.400	104.550	133.250	512.500	750.300	72.400		
72.410	331.800	281.400	194.600	807.800	72.410	34.850	69.700	412.050	516.600	72.410		
72.420	306.600	261.800	186.200	754.600	72.420	20.500	51.250	287.000	358.750	72.420		
72.430	277.200	245.000	182.000	704.200	72.430	44.770	84.700	302.500	431.970	72.430		
72.440	254.800	226.800	175.000	656.600	72.440	68.970	99.220	277.090	445.280	72.440		
72.450	233.800	210.000	169.400	613.200	72.450	84.700	91.960	202.070	378.730	72.450		
72.460	211.400	191.800	162.400	565.600	72.460	96.800	87.120	152.460	336.380	72.460		
72.470	186.200	175.000	156.800	518.000	72.470	117.370	89.540	129.470	336.380	72.470		
72.480	166.600	159.600	151.200	477.400	72.480	129.470	89.540	117.370	336.380	72.480		
72.490	147.000	144.200	147.000	438.200	72.490	139.150	91.960	106.480	337.590	72.490		
72.500	128.800	128.800	141.400	399.000	72.500	143.990	96.800	104.060	344.850	72.500		
72.510	112.000	116.200	137.200	365.400	72.510	152.460	101.640	106.480	360.580	72.510		
72.520	96.600	105.000	134.400	336.000	72.520	157.300	106.480	106.480	370.260	72.520		
72.530	86.800	93.800	128.800	309.400	72.530	162.140	114.950	114.950	392.040	72.530		
72.540	74.200	86.800	127.400	288.400	72.540	164.560	124.630	124.630	413.820	72.540		
72.550	62.050	77.380	127.020	266.450	72.550	169.400	134.310	141.570	445.280	72.550		
72.560	51.830	69.350	129.940	251.120	72.560	171.820	146.410	159.720	477.950	72.560		
72.570	42.340	62.050	137.240	241.630	72.570	176.660	162.140	181.500	520.300	72.570		
72.580	32.120	56.940	147.460	236.520	72.580	182.000	176.400	204.400	562.800	72.580		
72.590	24.820	49.640	156.950	231.410	72.590	186.200	191.800	224.000	602.000	72.590		
72.600	19.710	44.530	167.170	231.410	72.600	194.600	204.400	242.200	641.200	72.600		
72.610	14.600	39.420	174.470	228.490	72.610	204.400	219.800	254.800	679.000	72.610		
72.620	12.410	34.310	179.580	226.300	72.620	214.200	232.400	261.800	708.400	72.620		
72.630	9.490	29.930	182.500	221.920	72.630	221.200	245.000	264.600	730.800	72.630		
72.640	9.490	21.900	182.500	213.890	72.640	233.800	254.800	261.800	750.400	72.640		
72.650	7.300	14.600	177.390	199.290	72.650	246.400	261.800	254.800	763.000	72.650		
72.660	4.380	7.300	172.280	183.960	72.660	259.000	268.800	245.000	772.800	72.660		
72.670	2.190	2.190	156.950	161.330	72.670	274.400	277.200	233.800	785.400	72.670		
72.680	0.000	0.000	144.540	144.540	72.680	287.000	281.400	224.000	792.400	72.680		
72.690	0.000	0.000	129.940	129.940	72.690	302.400	289.800	214.200	806.400	72.690		
72.700	0.000	0.000	110.000	110.000	72.700	315.000	296.800	204.400	816.200	72.700		
72.710	0.000	0.000	89.760	89.760	72.710	331.800	303.800	194.600	830.200	72.710		
72.720	0.000	0.000	72.160	72.160	72.720	350.000	309.400	182.000	841.400	72.720		
72.730	0.000	0.000	57.200	57.200	72.730	366.600	310.200	166.850	843.650	72.730		
72.740	0.000	0.000	42.240	42.240	72.740	378.350	317.250	157.450	853.050	72.740		
72.750	0.000	0.000	29.920	29.920	72.750	394.800	319.600	143.350	857.750	72.750		
72.760	0.000	0.000	17.160	17.160	72.760	408.900	321.950	133.950	864.800	72.760		
72.770	0.000	0.000	7.480	7.480	72.770	420.650	324.300	124.550	869.500	72.770		
72.780	2.200	0.000	0.000	2.200	72.780	437.100	326.650	112.800	876.550	72.780		
72.790	2.200	0.000	0.000	2.200	72.790	451.200	326.650	103.400	881.250	72.790		
72.800	2.200	0.000	0.000	2.200	72.800	472.350	326.650	91.650	890.650	72.800		
72.810	0.000	0.000	0.000	0.000	72.810	484.100	324.300	82.250	890.650	72.810		
72.820	0.000	0.000	0.000	0.000	72.820	498.200	321.950	70.500	890.650	72.820		
72.830	0.000	0.000	0.000	0.000	72.830	517.000	314.900	63.450	895.350	72.830		
72.840	0.000	0.000	0.000	0.000	72.840	533.450	305.500	56.400	895.350	72.840		
72.850	0.000	0.000	0.000	0.000	72.850	549.900	296.100	49.350	895.350	72.850		
72.860	0.000	0.000	0.000	0.000	72.860	566.350	286.700	44.650	897.700	72.860		
72.870	0.000	0.000	0.000	0.000	72.870	587.500	270.250	35.250	893.000	72.870		
72.880	0.000	0.000	0.000	0.000	72.880	603.580	254.910	29.300	887.790	72.880		
72.890	0.000	0.000	0.000	0.000	72.890	621.160	240.260	20.510	881.930	72.890		
72.900	0.000	0.000	0.000	0.000	72.900	635.810	225.610	14.650	876.070	72.900		
72.910	0.000	0.000	0.000	0.000	72.910	647.530	210.960	8.790	867.280	72.910		
72.920	0.000	0.000	0.000	0.000	72.920	662.180	199.240	5.860	867.280	72.920		
72.930	0.000	0.000	0.000	0.000	72.930	673.900	184.590	0.000	858.490	72.930		
72.940	0.000	0.000	0.000	0.000	72.940	679.760	169.940	0.000	849.700	72.940		
72.950	0.000	0.000	0.000	0.000	72.950	688.550	158.220	0.000	846.770	72.950		
72.960	0.000	0.000	0.000	0.000	72.960	697.340	149.430	0.000	846.770	72.960		
72.970	0.000	0.000	0.000	0.000	72.970	703.200	137.710	0.000	840.910	72.970		
72.980	0.000	0.000	0.000	0.000	72.980	711.990	125.990	0.000	837.980	72.980		
72.990	0.000	0.000	0.000	0.000	72.990	714.920	120.130	0.000	835.050	72.990		
73.000	0.000	0.000	0.000	0.000	73.000	717.850	111.340	0.000	829.190	73.000		
73.010	0.000	0.000	0.000	0.000	73.010	723.710	108.410	0.000	832.120	73.010		
73.020	0.000	0.000	0.000	0.000	73.020	732.500	99.620	0.000	832.120	73.020		
73.030	0.000	0.000	0.000	0.000	73.030	736.890	94.380	0.000	831.270	73.030		
73.040	0.000	0.000	0.000	0.000	73.040	744.150	94.380	0.000	838.530	73.040		
73.050	0.000	0.000	0.000	0.000	73.050	755.040	90.750	0.000	845.790	73.050		
73.060	0.000	0.000	0.000	0.000	73.060	765.930	87.120	0.000	853.050	73.060		
73.070	0.000	0.000	0.000	0.000	73.070	776.820	87.120	0.000	863.940	73.070		
73.080	0.000	0.000	0.000	0.000	73.080	794.970	83.490	0.000	878.460	73.080		
73.090	0.000	0.000	0.000	0.000	73.090	809.490	79.860	0.000	889.350	73.090		
73.100	0.000	0.000	0.000	0.000	73.100	824.010	79.860	0.000	903.870	73.100		
73.110	0.000	0.000	0.000	0.000	73.110	842.160	76.230	0.000	918.390	73.110		
73.120	0.000	0.000	0.000	0.000	73.120	856.680	72.600	0.000	929.280	73.120		
73.130	0.000	0.000	0.000	0.000	73.130	874.830	68.970	0.000	943.800	73.130		
73.140	25.000	0.000	0.000	25.000	73.140	889.350	65.340	0.000	954.690	73.140		
73.150	58.410	0.000	0.000	58.410	73.150	896.610	61.710	0.000	958.320	73.150		
73.160	88.500	1.770	0.000	90.270	73.160	907.500	54.450	0.000	961.950	73.160		
73.170	123.900	3.540	0.000	127.440	73.170	907.500	50.820	0.000	958.320	73.170		
73.180	152.220	7.080	0.000	159.300	73.180	902.500	46.930	0.000	949.430	73.180		
73.190	189.390	12.390	0.000	201.780	73.190	888.060	39.710	0.000	927.770	73.190		
73.200	238.950	15.930	0.000	254.880	73.200	866.400	32.490	0.000	898.890	73.200		
73.210	299.130	33.630	1.770	334.530	73.210	844.740	21.660	0.000	866.400	73.210		
73.220	355.770	63.720	8.850	428.340	73.220	805.030	10.830	0.000	815.860	73.220		
73.230	396.480	88.500	19.470	504.450	73.230	758.100	3.610	0.000	761.710	73.230		
73.240	419.490	104.430	26.550	550.470	73.240	693.120	0.000	0.000	693.120	73.240		
73.250	426.570	116.820	33.630	577.020	73.250	617.310	0.000	0.000	617.310	73.250		
73.260	428.340	123.900	42.480	594.720	73.260	523.450	0.000	0.000	523.450	73.260		
73.270	431.880	130.980	46.020	608.880	73.270	415.150	0.000	0.000	415.150	73.270		
73.280	437.190	136.290	51.330	624.810	73.280	310.460	0.000	0.000	310.460	73.280		
73.290	442.500	146.910	56.640	646.050	73.290	209.380	0.000	0.000	209.380	73.290		
73.300	454.350	159.900	64.350	678.600	73.300	129.960	0.000	0.000	129.960	73.300		
73.310	466.050	169.650	72.150	707.850	73.310	79.420	0.000	0.000	79.420	73.310		
73.320	479.700	179.400	76.050	735.150	73.320	46.930	0.000	0.000	46.930	73.320		
73.330	483.600	187.200	81.900	752.700	73.330	27.500	0.000	0.000	27.500	73.330		
73.340	487.500	196.950	85.800	770.250	73.340	24.970	0.000	0.000	24.970	73.340		
73.350	483.600	208.650	97.500	789.750	73.350	22.440	0.000	0.000	22.440	73.350		
73.360	479.700	222.300	103.350	805.350	73.360	19.910	0.000	0.000	19.910	73.360		
73.370	469.950	234.000	117.000	820.950	73.370	17.490	0.000	0.000	17.490	73.370		
73.380	456.300	243.750	124.800	824.850	73.380	17.490	0.000	0.000	17.490	73.380		
73.390	444.600	251.550	134.550	830.700	73.390	14.960	0.000	0.000	14.960	73.390		
73.400	429.000	257.400	142.350	828.750	73.400	14.960	0.000	0.000	14.960	73.400		
73.410	411.450	259.350	146.250	817.050	73.410	12.430	0.000	0.000	12.430	73.410		
73.420	393.900	263.250	154.050	811.200	73.420	9.900	0.000	0.000	9.900	73.420		
73.430	376.350	267.150	159.900	803.400	73.430	9.900	0.000	0.000	9.900	73.430		
73.440	356.850	271.050	171.600	799.500	73.440	12.430	0.000	0.000	12.430	73.440		
73.450	337.500	276.750	182.250	796.500	73.450	12.430	0.000	0.000	12.430	73.450		
73.460	314.550	282.150	194.400	791.100	73.460	7.480	0.000	0.000	7.480	73.460		
73.470	294.300	284.850	202.500	781.650	73.470	9.900	0.000	0.000	9.900	73.470		
73.480	276.750	284.850	211.950	773.550	73.480	7.480	0.000	0.000	7.480	73.480		
73.490	259.200	286.200	221.400	766.800	73.490	10.000	0.000	0.000	10.000	73.490		
73.500	241.650	288.900	229.500	760.050	73.500	10.000	0.000	0.000	10.000	73.500		
73.510	229.500	288.900	236.250	754.650	73.510	7.480	0.000	0.000	7.480	73.510		
73.520	214.650	288.900	247.050	750.600	73.520	7.480	0.000	0.000	7.480	73.520		
73.530	202.500	291.600	256.500	750.600	73.530	7.480	0.000	0.000	7.480	73.530		
73.540	186.300	291.600	270.000	747.900	73.540	7.480	0.000	0.000	7.480	73.540		
73.550	174.150	294.300	279.450	747.900	73.550	7.480	0.000	0.000	7.480	73.550		
73.560	162.000	297.000	291.600	750.600	73.560	5.000	0.000	0.000	5.000	73.560		
73.570	149.850	299.700	303.750	753.300	73.570	5.000	0.000	0.000	5.000	73.570		
73.580	139.050	299.700	319.950	758.700	73.580	5.000	0.000	0.000	5.000	73.580		
73.590	126.900	303.750	337.500	768.150	73.590	5.000	0.000	0.000	5.000	73.590		
73.600	112.350	304.950	353.100	770.400	73.600	5.000	0.000	0.000	5.000	73.600		
73.610	102.720	304.950	372.360	780.030	73.610	5.000	0.000	0.000	5.000	73.610		
73.620	89.880	308.160	394.830	792.870	73.620	2.480	0.000	0.000	2.480	73.620		
73.630	80.250	304.950	420.510	805.710	73.630	4.560	0.000	0.000	4.560	73.630		
73.640	67.410	304.950	449.400	821.760	73.640	2.280	0.000	0.000	2.280	73.640		
73.650	57.780	304.950	478.290	841.020	73.650	2.280	0.000	0.000	2.280	73.650		
73.660	48.150	304.950	510.390	863.490	73.660	2.280	0.000	0.000	2.280	73.660		
73.670	38.520	298.530	552.120	889.170	73.670	2.280	0.000	0.000	2.280	73.670		
73.680	32.100	288.900	590.640	911.640	73.680	2.280	0.000	0.000	2.280	73.680		
73.690	25.680	276.060	629.160	930.900	73.690	2.280	0.000	0.000	2.280	73.690		
73.700	22.470	260.010	664.470	946.950	73.700	2.280	0.000	0.000	2.280	73.700		
73.710	16.050	240.750	702.990	959.790	73.710	2.280	0.000	0.000	2.280	73.710		
73.720	9.630	224.700	738.300	972.630	73.720	2.280	0.000	0.000	2.280	73.720		
73.730	6.420	202.230	770.400	979.050	73.730	2.280	0.000	0.000	2.280	73.730		
73.740	3.210	182.970	802.500	988.680	73.740	0.000	0.000	17.100	17.100	73.740		
73.750	0.000	163.090	825.860	988.950	73.750	0.000	2.280	72.390	74.670	73.750		
73.760	0.000	142.270	850.150	992.420	73.760	0.000	4.560	112.290	116.850	73.760		
73.770	0.000	121.450	860.560	982.010	73.770	2.280	4.560	142.500	149.340	73.770		
73.780	0.000	104.100	867.500	971.600	73.780	1.950	5.850	195.000	202.800	73.780		
73.790	0.000	86.750	857.090	943.840	73.790	3.900	11.700	267.150	282.750	73.790		
73.800	0.000	76.340	846.680	923.020	73.800	5.850	19.500	337.350	362.700	73.800		
73.810	0.000	62.460	822.390	884.850	73.810	13.650	33.150	395.850	442.650	73.810		
73.820	0.000	52.050	787.690	839.740	73.820	27.300	66.300	452.400	546.000	73.820		
73.830	0.000	38.170	742.580	780.750	73.830	44.850	93.600	487.500	625.950	73.830		
73.840	0.000	27.760	683.590	711.350	73.840	56.550	103.350	487.500	647.400	73.840		
73.850	0.000	13.880	607.250	621.130	73.850	66.300	109.200	462.150	637.650	73.850		
73.860	0.000	3.470	517.030	520.500	73.860	76.050	113.100	438.750	627.900	73.860		
73.870	0.000	0.000	416.400	416.400	73.870	91.650	120.900	429.000	641.550	73.870		
73.880	0.000	0.000	312.300	312.300	73.880	101.400	134.550	430.950	666.900	73.880		
73.890	0.000	0.000	222.080	222.080	73.890	111.150	146.250	444.600	702.000	73.890		
73.900	0.000	0.000	140.000	140.000	73.900	120.900	161.850	458.250	741.000	73.900		
73.910	0.000	0.000	84.560	84.560	73.910	130.650	177.450	475.800	783.900	73.910		
73.920	0.000	0.000	47.040	47.040	73.920	144.300	191.100	487.500	822.900	73.920		
73.930	0.000	0.000	22.400	22.400	73.930	154.840	205.800	490.000	850.640	73.930		
73.940	0.000	0.000	14.560	14.560	73.940	158.760	215.600	484.120	858.480	73.940		
73.950	0.000	0.000	9.520	9.520	73.950	166.600	223.440	476.280	866.320	73.950		
73.960	0.000	0.000	7.280	7.280	73.960	174.440	231.280	464.520	870.240	73.960		
73.970	0.000	0.000	7.280	7.280	73.970	178.360	233.240	450.800	862.400	73.970		
73.980	0.000	0.000	4.480	4.480	73.980	184.240	237.160	437.080	858.480	73.980		
73.990	0.000	0.000	4.480	4.480	73.990	186.200	239.120	419.440	844.760	73.990		
74.000	0.000	0.000	4.480	4.480	74.000	192.080	241.080	403.760	836.920	74.000		
74.010	0.000	0.000	2.240	2.240	74.010	196.000	245.000	386.120	827.120	74.010		
74.020	0.000	0.000	0.000	0.000	74.020	203.840	246.960	368.480	819.280	74.020		
74.030	0.000	0.000	0.000	0.000	74.030	209.720	250.880	348.880	809.480	74.030		
74.040	0.000	0.000	0.000	0.000	74.040	219.520	254.800	323.400	797.720	74.040		
74.050	0.000	0.000	0.000	0.000	74.050	227.360	258.720	301.840	787.920	74.050		
74.060	0.000	0.000	0.000	0.000	74.060	233.240	258.720	278.320	770.280	74.060		
74.070	0.000	0.000	0.000	0.000	74.070	241.080	258.720	256.760	756.560	74.070		
74.080	0.000	0.000	0.000	0.000	74.080	249.120	261.230	233.550	743.900	74.080		
74.090	0.000	0.000	0.000	0.000	74.090	256.040	264.690	214.520	735.250	74.090		
74.100	0.000	0.000	0.000	0.000	74.100	266.420	264.690	197.220	728.330	74.100		
74.110	0.000	0.000	0.000	0.000	74.110	276.800	266.420	181.650	724.870	74.110		
74.120	0.000	0.000	0.000	0.000	74.120	287.180	269.880	166.080	723.140	74.120		
74.130	0.000	0.000	0.000	0.000	74.130	299.290	271.610	152.240	723.140	74.130		
74.140	0.000	0.000	0.000	0.000	74.140	309.670	273.340	141.860	724.870	74.140		
74.150	0.000	0.000	0.000	0.000	74.150	321.780	276.800	129.750	728.330	74.150		
74.160	0.000	0.000	0.000	0.000	74.160	333.890	278.530	119.370	731.790	74.160		
74.170	0.000	0.000	0.000	0.000	74.170	346.000	281.990	108.990	736.980	74.170		
74.180	0.000	0.000	0.000	0.000	74.180	361.570	283.720	98.610	743.900	74.180		
74.190	0.000	0.000	0.000	0.000	74.190	378.870	288.910	89.960	757.740	74.190		
74.200	0.000	0.000	0.000	0.000	74.200	394.440	288.910	81.310	764.660	74.200		
74.210	0.000	0.000	0.000	0.000	74.210	413.470	288.910	74.390	776.770	74.210		
74.220	0.000	0.000	0.000	0.000	74.220	432.500	288.910	64.010	785.420	74.220		
74.230	0.000	0.000	0.000	0.000	74.230	450.800	283.360	54.740	788.900	74.230		
74.240	0.000	0.000	0.000	0.000	74.240	473.340	276.920	48.300	798.560	74.240		
74.250	0.000	0.000	0.000	0.000	74.250	495.880	270.480	41.860	808.220	74.250		
74.260	0.000	0.000	0.000	0.000	74.260	518.420	267.260	35.420	821.100	74.260		
74.270	0.000	0.000	0.000	0.000	74.270	544.180	257.600	32.200	833.980	74.270		
74.280	0.000	0.000	0.000	0.000	74.280	569.940	247.940	22.540	840.420	74.280		
74.290	0.000	0.000	0.000	0.000	74.290	602.140	238.280	19.320	859.740	74.290		
74.300	0.000	0.000	0.000	0.000	74.300	627.900	222.180	9.660	859.740	74.300		
74.310	0.000	0.000	0.000	0.000	74.310	656.880	209.300	9.660	875.840	74.310		
74.320	0.000	0.000	0.000	0.000	74.320	685.860	193.200	6.440	885.500	74.320		
74.330	0.000	0.000	2.500	2.500	74.330	718.060	177.100	3.220	898.380	74.330		
74.340	0.000	0.000	2.500	2.500	74.340	747.040	154.560	0.000	901.600	74.340		
74.350	19.600	0.000	0.000	19.600	74.350	769.580	141.680	0.000	911.260	74.350		
74.360	68.600	3.920	0.000	72.520	74.360	788.900	122.360	0.000	911.260	74.360		
74.370	121.520	5.880	0.000	127.400	74.370	805.000	106.260	0.000	911.260	74.370		
74.380	172.480	5.880	0.000	178.360	74.380	810.000	87.480	0.000	897.480	74.380		
74.390	223.440	11.760	0.000	235.200	74.390	803.520	74.520	0.000	878.040	74.390		
74.400	282.240	15.680	0.000	297.920	74.400	793.800	61.560	0.000	855.360	74.400		
74.410	341.040	27.440	0.000	368.480	74.410	777.600	48.600	0.000	826.200	74.410		
74.420	395.920	37.240	3.920	437.080	74.420	754.920	35.640	0.000	790.560	74.420		
74.430	439.040	54.880	5.880	499.800	74.430	719.280	25.920	0.000	745.200	74.430		
74.440	472.360	86.240	15.680	574.280	74.440	670.680	16.200	0.000	686.880	74.440		
74.450	482.160	119.560	31.360	633.080	74.450	592.920	3.240	0.000	596.160	74.450		
74.460	472.360	131.320	47.040	650.720	74.460	495.720	0.000	0.000	495.720	74.460		
74.470	468.440	147.000	64.680	680.120	74.470	392.040	0.000	0.000	392.040	74.470		
74.480	474.320	160.720	78.400	713.440	74.480	288.360	0.000	0.000	288.360	74.480		
74.490	490.000	178.360	92.120	760.480	74.490	194.400	0.000	0.000	194.400	74.490		
74.500	507.180	199.020	104.860	811.060	74.500	119.880	0.000	0.000	119.880	74.500		
74.510	522.160	214.000	113.420	849.580	74.510	64.800	0.000	0.000	64.800	74.510		
74.520	530.720	231.120	121.980	883.820	74.520	32.400	0.000	0.000	32.400	74.520		
74.530	535.000	246.100	130.540	911.640	74.530	22.500	0.000	0.000	22.500	74.530		
74.540	530.720	256.800	139.100	926.620	74.540	17.460	0.000	2.430	19.890	74.540		
74.550	524.300	269.640	145.520	939.460	74.550	14.940	0.000	2.430	17.370	74.550		
74.560	509.320	276.060	154.080	939.460	74.560	14.940	0.000	2.430	17.370	74.560		
74.570	492.200	278.200	158.360	928.760	74.570	12.420	0.000	0.000	12.420	74.570		
74.580	466.520	282.480	166.920	915.920	74.580	12.420	0.000	0.000	12.420	74.580		
74.590	440.840	278.200	171.200	890.240	74.590	9.990	0.000	0.000	9.990	74.590		
74.600	419.440	273.920	173.340	866.700	74.600	9.990	0.000	0.000	9.990	74.600		
74.610	398.040	269.640	175.480	843.160	74.610	7.470	0.000	0.000	7.470	74.610		
74.620	376.640	263.220	181.900	821.760	74.620	7.470	0.000	0.000	7.470	74.620		
74.630	353.100	256.800	179.760	789.660	74.630	7.470	0.000	0.000	7.470	74.630		
74.640	333.840	250.380	184.040	768.260	74.640	4.950	0.000	0.000	4.950	74.640		
74.650	312.500	242.500	187.500	742.500	74.650	4.950	0.000	0.000	4.950	74.650		
74.660	292.500	240.000	192.500	725.000	74.660	4.950	0.000	0.000	4.950	74.660		
74.670	275.000	235.000	192.500	702.500	74.670	2.430	0.000	0.000	2.430	74.670		
74.680	260.000	232.500	197.500	690.000	74.680	2.500	0.000	0.000	2.500	74.680		
74.690	245.000	230.000	200.000	675.000	74.690	5.000	0.000	0.000	5.000	74.690		
74.700	232.500	230.000	205.000	667.500	74.700	5.000	0.000	0.000	5.000	74.700		
74.710	222.500	230.000	210.000	662.500	74.710	2.500	0.000	0.000	2.500	74.710		
74.720	212.500	232.500	220.000	665.000	74.720	2.500	0.000	0.000	2.500	74.720		
74.730	205.000	235.000	227.500	667.500	74.730	2.500	0.000	0.000	2.500	74.730		
74.740	200.000	237.500	235.000	672.500	74.740	2.500	0.000	0.000	2.500	74.740		
74.750	192.500	242.500	245.000	680.000	74.750	2.500	0.000	0.000	2.500	74.750		
74.760	187.500	250.000	257.500	695.000	74.760	0.000	0.000	0.000	0.000	74.760		
74.770	182.500	255.000	270.000	707.500	74.770	2.500	0.000	0.000	2.500	74.770		
74.780	175.000	262.500	282.500	720.000	74.780	0.000	0.000	0.000	0.000	74.780		
74.790	167.500	270.000	297.500	735.000	74.790	0.000	0.000	0.000	0.000	74.790		
74.800	156.500	272.310	319.260	748.070	74.800	0.000	0.000	0.000	0.000	74.800		
74.810	147.110	284.830	338.040	769.980	74.810	0.000	0.000	0.000	0.000	74.810		
74.820	137.720	287.960	359.950	785.630	74.820	0.000	0.000	0.000	0.000	74.820		
74.830	125.200	294.220	384.990	804.410	74.830	0.000	0.000	0.000	0.000	74.830		
74.840	115.810	297.350	410.030	823.190	74.840	2.160	0.000	0.000	2.160	74.840		
74.850	103.290	300.480	441.330	845.100	74.850	2.160	0.000	0.000	2.160	74.850		
74.860	93.900	306.740	469.500	870.140	74.860	2.160	0.000	0.000	2.160	74.860		
74.870	81.380	303.610	503.930	888.920	74.870	4.320	0.000	0.000	4.320	74.870		
74.880	65.730	297.350	544.620	907.700	74.880	4.320	0.000	0.000	4.320	74.880		
74.890	56.340	287.960	582.180	926.480	74.890	4.320	0.000	0.000	4.320	74.890		
74.900	43.820	272.310	619.740	935.870	74.900	4.320	0.000	0.000	4.320	74.900		
74.910	34.430	256.660	663.560	954.650	74.910	4.320	0.000	0.000	4.320	74.910		
74.920	28.170	231.620	707.380	967.170	74.920	4.320	0.000	0.000	4.320	74.920		
74.930	21.910	209.710	748.070	979.690	74.930	2.160	0.000	27.000	29.160	74.930		
74.940	18.780	181.540	782.500	982.820	74.940	0.000	2.160	99.360	101.520	74.940		
74.950	10.050	150.750	810.700	971.500	74.950	0.000	4.320	164.160	168.480	74.950		
74.960	6.700	127.300	830.800	964.800	74.960	0.000	6.480	211.680	218.160	74.960		
74.970	6.700	103.850	837.500	948.050	74.970	0.000	9.720	270.000	279.720	74.970		
74.980	6.700	87.100	830.800	924.600	74.980	0.000	13.980	347.170	361.150	74.980		
74.990	0.000	70.350	814.050	884.400	74.990	6.990	18.640	398.430	424.060	74.990		
75.000	0.000	56.950	790.600	847.550	75.000	11.650	27.960	431.050	470.660	75.000		
75.010	0.000	46.900	757.100	804.000	75.010	16.310	44.270	442.700	503.280	75.010		
75.020	0.000	33.500	720.250	753.750	75.020	25.630	62.910	447.360	535.900	75.020		
75.030	0.000	26.800	670.000	696.800	75.030	44.270	83.880	431.050	559.200	75.030		
75.040	0.000	13.400	603.000	616.400	75.040	60.580	95.530	419.400	575.510	75.040		
75.050	0.000	3.350	529.300	532.650	75.050	79.220	109.510	421.730	610.460	75.050		
75.060	0.000	0.000	435.500	435.500	75.060	93.200	123.490	440.370	657.060	75.060		
75.070	0.000	0.000	338.350	338.350	75.070	111.840	139.800	466.000	717.640	75.070		
75.080	0.000	0.000	244.550	244.550	75.080	121.160	153.780	498.620	773.560	75.080		
75.090	0.000	0.000	164.150	164.150	75.090	125.820	172.420	531.240	829.480	75.090		
75.100	0.000	0.000	97.500	97.500	75.100	132.810	184.070	556.870	873.750	75.100		
75.110	0.000	0.000	49.920	49.920	75.110	139.800	195.720	570.850	906.370	75.110		
75.120	0.000	0.000	24.960	24.960	75.120	144.460	202.710	582.500	929.670	75.120		
75.130	2.340	0.000	17.160	19.500	75.130	146.790	214.360	582.500	943.650	75.130		
75.140	4.680	0.000	14.820	19.500	75.140	151.450	216.690	575.510	943.650	75.140		
75.150	2.340	0.000	12.480	14.820	75.150	153.780	221.350	563.860	938.990	75.150		
75.160	2.340	0.000	12.480	14.820	75.160	156.110	223.680	545.220	925.010	75.160		
75.170	2.340	0.000	9.750	12.090	75.170	160.770	223.680	526.580	911.030	75.170		
75.180	2.340	0.000	7.410	9.750	75.180	163.100	226.010	507.940	897.050	75.180		
75.190	2.340	0.000	7.410	9.750	75.190	165.430	228.340	484.640	878.410	75.190		
75.200	2.340	0.000	4.680	7.020	75.200	172.420	230.670	459.010	862.100	75.200		
75.210	2.340	0.000	2.340	4.680	75.210	174.750	230.670	433.380	838.800	75.210		
75.220	2.340	0.000	4.680	7.020	75.220	179.410	230.670	414.740	824.820	75.220		
75.230	2.340	0.000	4.680	7.020	75.230	181.740	230.670	393.770	806.180	75.230		
75.240	2.340	0.000	2.340	4.680	75.240	184.070	230.670	370.470	785.210	75.240		
75.250	2.500	0.000	0.000	2.500	75.250	186.400	230.670	351.830	768.900	75.250		
75.260	2.500	0.000	0.000	2.500	75.260	188.730	230.670	330.860	750.260	75.260		
75.270	2.500	0.000	0.000	2.500	75.270	191.060	230.670	314.550	736.280	75.270		
75.280	2.500	0.000	0.000	2.500	75.280	197.120	231.680	294.400	723.200	75.280		
75.290	2.500	0.000	0.000	2.500	75.290	202.240	231.680	276.480	710.400	75.290		
75.300	0.000	0.000	0.000	0.000	75.300	204.800	234.240	264.960	704.000	75.300		
75.310	2.500	0.000	0.000	2.500	75.310	209.920	236.800	252.160	698.880	75.310		
75.320	0.000	0.000	0.000	0.000	75.320	213.760	239.360	241.920	695.040	75.320		
75.330	0.000	0.000	0.000	0.000	75.330	224.000	244.480	234.240	702.720	75.330		
75.340	0.000	0.000	0.000	0.000	75.340	229.120	252.160	224.000	705.280	75.340		
75.350	0.000	0.000	0.000	0.000	75.350	239.360	257.280	216.320	712.960	75.350		
75.360	0.000	0.000	0.000	0.000	75.360	247.040	264.960	209.920	721.920	75.360		
75.370	0.000	0.000	0.000	0.000	75.370	257.280	271.360	199.680	728.320	75.370		
75.380	0.000	0.000	0.000	0.000	75.380	268.800	279.040	192.000	739.840	75.380		
75.390	0.000	0.000	0.000	0.000	75.390	281.600	289.280	184.320	755.200	75.390		
75.400	0.000	0.000	0.000	0.000	75.400	291.840	296.960	174.080	762.880	75.400		
75.410	0.000	0.000	0.000	0.000	75.410	307.200	304.640	166.400	778.240	75.410		
75.420	0.000	0.000	0.000	0.000	75.420	320.000	312.320	157.440	789.760	75.420		
75.430	0.000	0.000	0.000	0.000	75.430	340.000	318.240	141.440	799.680	75.430		
75.440	0.000	0.000	0.000	0.000	75.440	359.040	326.400	127.840	813.280	75.440		
75.450	0.000	0.000	0.000	0.000	75.450	378.080	331.840	116.960	826.880	75.450		
75.460	0.000	0.000	0.000	0.000	75.460	397.120	337.280	103.360	837.760	75.460		
75.470	0.000	0.000	0.000	0.000	75.470	421.600	340.000	92.480	854.080	75.470		
75.480	0.000	0.000	0.000	0.000	75.480	446.080	340.000	76.160	862.240	75.480		
75.490	0.000	0.000	0.000	0.000	75.490	470.560	334.560	65.280	870.400	75.490		
75.500	0.000	0.000	0.000	0.000	75.500	495.040	323.680	57.120	875.840	75.500		
75.510	0.000	0.000	0.000	0.000	75.510	527.680	307.360	43.520	878.560	75.510		
75.520	0.000	2.500	0.000	2.500	75.520	554.880	293.760	35.360	884.000	75.520		
75.530	0.000	2.500	2.500	5.000	75.530	584.800	272.000	29.920	886.720	75.530		
75.540	12.500	2.500	0.000	15.000	75.540	612.000	250.240	21.760	884.000	75.540		
75.550	50.960	3.920	0.000	54.880	75.550	636.480	228.480	13.600	878.560	75.550		
75.560	96.040	9.800	0.000	105.840	75.560	660.960	201.280	5.440	867.680	75.560		
75.570	139.160	9.800	0.000	148.960	75.570	680.000	174.080	0.000	854.080	75.570		
75.580	182.280	11.760	0.000	194.040	75.580	696.540	143.820	0.000	840.360	75.580		
75.590	231.280	13.720	0.000	245.000	75.590	702.180	121.260	0.000	823.440	75.590		
75.600	282.240	21.560	0.000	303.800	75.600	705.000	104.340	0.000	809.340	75.600		
75.610	329.280	29.400	1.960	360.640	75.610	696.540	87.420	0.000	783.960	75.610		
75.620	386.120	47.040	9.800	442.960	75.620	679.620	73.320	0.000	752.940	75.620		
75.630	431.200	82.320	15.680	529.200	75.630	651.420	59.220	0.000	710.640	75.630		
75.640	450.800	113.680	33.320	597.800	75.640	614.760	47.940	0.000	662.700	75.640		
75.650	446.880	127.400	47.040	621.320	75.650	558.360	33.840	0.000	592.200	75.650		
75.660	444.920	141.120	60.760	646.800	75.660	482.220	22.560	0.000	504.780	75.660		
75.670	454.720	160.720	78.400	693.840	75.670	386.340	11.280	0.000	397.620	75.670		
75.680	468.440	182.280	94.080	744.800	75.680	296.100	0.000	0.000	296.100	75.680		
75.690	490.000	199.920	105.840	795.760	75.690	205.860	0.000	0.000	205.860	75.690		
75.700	509.320	220.420	121.980	851.720	75.700	129.720	0.000	0.000	129.720	75.700		
75.710	524.300	243.960	128.400	896.660	75.710	73.320	0.000	0.000	73.320	75.710		
75.720	530.720	256.800	136.960	924.480	75.720	36.660	0.000	0.000	36.660	75.720		
75.730	535.000	271.780	149.800	956.580	75.730	17.500	0.000	0.000	17.500	75.730		
75.740	528.580	282.480	154.080	965.140	75.740	12.460	0.000	0.000	12.460	75.740		
75.750	515.740	291.040	164.780	971.560	75.750	9.940	0.000	2.450	12.390	75.750		
75.760	500.760	299.600	169.060	969.420	75.760	7.490	0.000	4.970	12.460	75.760		
75.770	481.500	299.600	175.480	956.580	75.770	7.490	0.000	4.970	12.460	75.770		
75.780	457.960	299.600	181.900	939.460	75.780	4.970	0.000	4.970	9.940	75.780		
75.790	434.420	297.460	186.180	918.060	75.790	2.450	0.000	2.450	4.900	75.790		
75.800	410.880	291.040	190.460	892.380	75.800	2.450	0.000	0.000	2.450	75.800		
75.810	389.480	288.900	196.880	875.260	75.810	0.000	0.000	0.000	0.000	75.810		
75.820	368.080	284.620	196.880	849.580	75.820	0.000	0.000	0.000	0.000	75.820		
75.830	346.680	276.060	199.020	821.760	75.830	0.000	0.000	2.450	2.450	75.830		
75.840	323.140	271.780	201.160	796.080	75.840	0.000	0.000	2.450	2.450	75.840		
75.850	298.840	264.120	204.600	767.560	75.850	0.000	0.000	2.450	2.450	75.850		
75.860	276.520	259.160	207.080	742.760	75.860	0.000	0.000	2.450	2.450	75.860		
75.870	259.160	254.200	209.560	722.920	75.870	0.000	0.000	2.450	2.450	75.870		
75.880	239.320	251.720	214.520	705.560	75.880	0.000	0.000	2.500	2.500	75.880		
75.890	224.440	251.720	217.000	693.160	75.890	0.000	0.000	2.500	2.500	75.890		
75.900	212.040	249.240	224.440	685.720	75.900	0.000	0.000	5.000	5.000	75.900		
75.910	197.160	249.240	226.920	673.320	75.910	0.000	0.000	2.500	2.500	75.910		
75.920	189.720	251.720	236.840	678.280	75.920	0.000	0.000	2.500	2.500	75.920		
75.930	179.800	254.200	246.760	680.760	75.930	0.000	0.000	5.000	5.000	75.930		
75.940	174.840	259.160	256.680	690.680	75.940	0.000	0.000	2.500	2.500	75.940		
75.950	167.400	264.120	266.600	698.120	75.950	0.000	0.000	2.500	2.500	75.950		
75.960	162.440	269.080	274.040	705.560	75.960	0.000	0.000	2.500	2.500	75.960		
75.970	159.960	276.520	286.440	722.920	75.970	0.000	0.000	2.500	2.500	75.970		
75.980	155.000	283.960	298.840	737.800	75.980	0.000	0.000	2.500	2.500	75.980		
75.990	151.280	291.400	310.000	752.680	75.990	0.000	0.000	0.000	0.000	75.990		
76.000	146.740	298.540	321.310	766.590	76.000	0.000	0.000	2.500	2.500	76.000		
76.010	141.680	306.130	339.020	786.830	76.010	0.000	0.000	0.000	0.000	76.010		
76.020	134.090	313.720	356.730	804.540	76.020	0.000	0.000	0.000	0.000	76.020		
76.030	126.500	321.310	371.910	819.720	76.030	0.000	0.000	0.000	0.000	76.030		
76.040	118.910	328.900	392.150	839.960	76.040	0.000	0.000	0.000	0.000	76.040		
76.050	113.850	333.960	409.860	857.670	76.050	0.000	0.000	0.000	0.000	76.050		
76.060	106.260	339.020	427.570	872.850	76.060	0.000	0.000	0.000	0.000	76.060		
76.070	98.670	346.610	447.810	893.090	76.070	0.000	0.000	0.000	0.000	76.070		
76.080	88.550	349.140	468.050	905.740	76.080	0.000	0.000	0.000	0.000	76.080		
76.090	75.900	346.610	495.880	918.390	76.090	2.040	0.000	0.000	2.040	76.090		
76.100	63.250	341.550	516.120	920.920	76.100	2.040	0.000	0.000	2.040	76.100		
76.110	55.660	333.960	541.420	931.040	76.110	2.040	0.000	0.000	2.040	76.110		
76.120	43.010	321.310	571.780	936.100	76.120	2.040	0.000	0.000	2.040	76.120		
76.130	37.950	303.600	602.140	943.690	76.130	2.040	0.000	0.000	2.040	76.130		
76.140	30.360	288.420	632.500	951.280	76.140	0.000	2.040	12.240	14.280	76.140		
76.150	20.930	263.120	663.780	947.830	76.150	0.000	4.760	67.320	72.080	76.150		
76.160	14.950	239.200	690.690	944.840	76.160	0.000	12.240	129.880	142.120	76.160		
76.170	8.970	212.290	714.610	935.870	76.170	0.000	12.240	170.000	182.240	76.170		
76.180	5.980	185.380	735.540	926.900	76.180	0.000	11.400	214.700	226.100	76.180		
76.190	2.990	158.470	744.510	905.970	76.190	0.000	13.300	262.200	275.500	76.190		
76.200	0.000	137.540	747.500	885.040	76.200	0.000	20.900	311.600	332.500	76.200		
76.210	0.000	119.600	741.520	861.120	76.210	3.800	26.600	359.100	389.500	76.210		
76.220	0.000	101.660	729.560	831.220	76.220	9.500	39.900	391.400	440.800	76.220		
76.230	0.000	86.710	708.630	795.340	76.230	17.100	57.000	408.500	482.600	76.230		
76.240	0.000	77.740	678.730	756.470	76.240	26.600	76.000	406.600	509.200	76.240		
76.250	0.000	65.780	639.860	705.640	76.250	39.900	81.700	383.800	505.400	76.250		
76.260	0.000	56.810	595.010	651.820	76.260	49.400	87.400	361.000	497.800	76.260		
76.270	0.000	44.850	538.200	583.050	76.270	66.500	96.900	359.100	522.500	76.270		
76.280	0.000	29.900	472.420	502.320	76.280	79.800	108.300	368.600	556.700	76.280		
76.290	0.000	14.950	388.700	403.650	76.290	95.000	123.500	391.400	609.900	76.290		
76.300	0.000	7.200	300.000	307.200	76.300	106.400	138.700	421.800	666.900	76.300		
76.310	0.000	0.000	222.000	222.000	76.310	119.700	155.800	448.400	723.900	76.310		
76.320	0.000	0.000	150.000	150.000	76.320	129.200	176.700	475.000	780.900	76.320		
76.330	0.000	0.000	94.800	94.800	76.330	142.100	198.940	497.350	838.390	76.330		
76.340	0.000	0.000	56.400	56.400	76.340	152.250	213.150	507.500	872.900	76.340		
76.350	0.000	0.000	32.400	32.400	76.350	162.400	227.360	507.500	897.260	76.350		
76.360	0.000	0.000	16.800	16.800	76.360	168.490	239.540	501.410	909.440	76.360		
76.370	0.000	0.000	12.000	12.000	76.370	178.640	245.630	489.230	913.500	76.370		
76.380	2.400	0.000	9.600	12.000	76.380	188.790	255.780	472.990	917.560	76.380		
76.390	2.400	0.000	7.200	9.600	76.390	198.940	265.930	456.750	921.620	76.390		
76.400	2.400	0.000	7.200	9.600	76.400	209.090	274.050	438.480	921.620	76.400		
76.410	2.400	0.000	7.200	9.600	76.410	217.210	278.110	418.180	913.500	76.410		
76.420	2.400	0.000	7.200	9.600	76.420	227.360	284.200	401.940	913.500	76.420		
76.430	2.400	0.000	4.800	7.200	76.430	231.420	286.230	383.670	901.320	76.430		
76.440	2.400	0.000	4.800	7.200	76.440	239.540	288.260	367.430	895.230	76.440		
76.450	2.500	0.000	5.000	7.500	76.450	243.600	288.260	347.130	878.990	76.450		
76.460	2.500	0.000	5.000	7.500	76.460	249.690	286.230	326.830	862.750	76.460		
76.470	0.000	0.000	2.500	2.500	76.470	253.750	284.200	306.530	844.480	76.470		
76.480	2.500	0.000	2.500	5.000	76.480	256.760	279.030	284.270	820.060	76.480		
76.490	2.500	0.000	2.500	5.000	76.490	262.000	273.790	264.620	800.410	76.490		
76.500	2.500	0.000	0.000	2.500	76.500	264.620	267.240	244.970	776.830	76.500		
76.510	2.500	0.000	0.000	2.500	76.510	269.860	264.620	226.630	761.110	76.510		
76.520	2.500	0.000	2.500	5.000	76.520	272.480	259.380	209.600	741.460	76.520		
76.530	2.500	0.000	0.000	2.500	76.530	279.030	256.760	193.880	729.670	76.530		
76.540	2.500	0.000	0.000	2.500	76.540	284.270	254.140	182.090	720.500	76.540		
76.550	2.500	0.000	0.000	2.500	76.550	289.510	254.140	171.610	715.260	76.550		
76.560	2.500	0.000	0.000	2.500	76.560	294.750	254.140	163.750	712.640	76.560		
76.570	2.500	0.000	0.000	2.500	76.570	299.990	254.140	154.580	708.710	76.570		
76.580	2.500	0.000	0.000	2.500	76.580	306.540	254.140	149.340	710.020	76.580		
76.590	0.000	0.000	0.000	0.000	76.590	311.780	254.140	144.100	710.020	76.590		
76.600	0.000	0.000	0.000	0.000	76.600	314.400	256.760	138.860	710.020	76.600		
76.610	0.000	0.000	0.000	0.000	76.610	322.260	259.380	136.240	717.880	76.610		
76.620	0.000	0.000	0.000	0.000	76.620	327.500	262.000	134.930	724.430	76.620		
76.630	0.000	0.000	0.000	0.000	76.630	336.000	266.560	129.920	732.480	76.630		
76.640	0.000	0.000	0.000	0.000	76.640	344.960	271.040	125.440	741.440	76.640		
76.650	0.000	0.000	0.000	0.000	76.650	353.920	275.520	123.200	752.640	76.650		
76.660	0.000	0.000	0.000	0.000	76.660	362.880	280.000	120.960	763.840	76.660		
76.670	0.000	0.000	0.000	0.000	76.670	374.080	286.720	116.480	777.280	76.670		
76.680	0.000	0.000	0.000	0.000	76.680	389.760	291.200	112.000	792.960	76.680		
76.690	0.000	0.000	0.000	0.000	76.690	400.960	295.680	109.760	806.400	76.690		
76.700	0.000	0.000	0.000	0.000	76.700	418.880	302.400	100.800	822.080	76.700		
76.710	0.000	0.000	0.000	0.000	76.710	436.800	306.880	96.320	840.000	76.710		
76.720	0.000	0.000	0.000	0.000	76.720	454.720	311.360	89.600	855.680	76.720		
76.730	0.000	0.000	0.000	0.000	76.730	470.400	311.360	80.640	862.400	76.730		
76.740	0.000	0.000	2.500	2.500	76.740	490.560	306.880	73.920	871.360	76.740		
76.750	0.000	0.000	0.000	0.000	76.750	510.720	304.640	64.960	880.320	76.750		
76.760	0.000	0.000	0.000	0.000	76.760	530.880	293.440	53.760	878.080	76.760		
76.770	0.000	0.000	0.000	0.000	76.770	560.000	284.480	49.280	893.760	76.770		
76.780	19.370	0.000	0.000	19.370	76.780	587.290	264.140	42.150	893.580	76.780		
76.790	59.600	4.470	0.000	64.070	76.790	621.010	236.040	33.720	890.770	76.790		
76.800	96.850	4.470	0.000	101.320	76.800	649.110	205.130	25.290	879.530	76.800		
76.810	123.670	4.470	0.000	128.140	76.810	674.400	177.030	22.480	873.910	76.810		
76.820	156.450	7.450	0.000	163.900	76.820	688.450	148.930	14.050	851.430	76.820		
76.830	199.660	8.940	0.000	208.600	76.830	699.690	126.450	8.430	834.570	76.830		
76.840	232.440	14.900	0.000	247.340	76.840	702.500	106.780	2.810	812.090	76.840		
76.850	256.280	19.370	1.490	277.140	76.850	694.070	89.920	0.000	783.990	76.850		
76.860	286.080	26.820	7.450	320.350	76.860	682.830	73.060	0.000	755.890	76.860		
76.870	321.840	38.740	8.940	369.520	76.870	668.780	64.630	0.000	733.410	76.870		
76.880	351.640	71.520	22.350	445.510	76.880	646.300	53.390	0.000	699.690	76.880		
76.890	372.500	99.830	38.740	511.070	76.890	618.200	44.960	0.000	663.160	76.890		
76.900	387.200	114.400	50.600	552.200	76.900	578.860	36.530	0.000	615.390	76.900		
76.910	398.200	132.000	70.400	600.600	76.910	525.470	25.290	0.000	550.760	76.910		
76.920	413.600	147.400	81.400	642.400	76.920	463.650	19.670	0.000	483.320	76.920		
76.930	433.400	160.600	92.400	686.400	76.930	390.000	9.360	0.000	399.360	76.930		
76.940	455.400	173.800	96.800	726.000	76.940	316.680	1.560	0.000	318.240	76.940		
76.950	479.600	187.000	101.200	767.800	76.950	237.120	0.000	0.000	237.120	76.950		
76.960	499.400	195.800	105.600	800.800	76.960	162.240	0.000	0.000	162.240	76.960		
76.970	519.200	209.000	110.000	838.200	76.970	101.400	0.000	0.000	101.400	76.970		
76.980	534.600	220.000	112.200	866.800	76.980	59.280	0.000	0.000	59.280	76.980		
76.990	543.400	226.600	114.400	884.400	76.990	31.200	0.000	0.000	31.200	76.990		
77.000	550.000	233.200	116.600	899.800	77.000	12.480	0.000	1.560	14.040	77.000		
77.010	545.600	239.800	118.800	904.200	77.010	9.360	0.000	4.680	14.040	77.010		
77.020	541.200	242.000	118.800	902.000	77.020	6.240	0.000	6.240	12.480	77.020		
77.030	534.600	242.000	121.000	897.600	77.030	6.240	0.000	9.360	15.600	77.030		
77.040	525.800	242.000	123.200	891.000	77.040	6.240	0.000	9.360	15.600	77.040		
77.050	515.000	241.020	125.660	881.680	77.050	4.680	0.000	6.240	10.920	77.050		
77.060	504.700	238.960	123.600	867.260	77.060	4.680	0.000	4.680	9.360	77.060		
77.070	492.340	238.960	125.660	856.960	77.070	4.680	0.000	4.680	9.360	77.070		
77.080	479.980	234.840	125.660	840.480	77.080	0.000	0.000	4.980	4.980	77.080		
77.090	465.560	228.660	125.660	819.880	77.090	0.000	0.000	4.980	4.980	77.090		
77.100	451.140	224.540	123.600	799.280	77.100	2.490	0.000	4.980	7.470	77.100		
77.110	436.720	218.360	121.540	776.620	77.110	0.000	0.000	4.980	4.980	77.110		
77.120	422.300	214.240	121.540	758.080	77.120	0.000	0.000	4.980	4.980	77.120		
77.130	405.820	212.180	121.540	739.540	77.130	0.000	0.000	4.980	4.980	77.130		
77.140	395.520	212.180	121.540	729.240	77.140	0.000	0.000	7.500	7.500	77.140		
77.150	387.280	208.060	123.600	718.940	77.150	0.000	0.000	7.500	7.500	77.150		
77.160	379.040	208.060	123.600	710.700	77.160	0.000	0.000	7.500	7.500	77.160		
77.170	370.800	212.180	123.600	706.580	77.170	0.000	0.000	7.500	7.500	77.170		
77.180	368.740	214.240	125.660	708.640	77.180	0.000	0.000	7.500	7.500	77.180		
77.190	366.680	216.300	129.780	712.760	77.190	0.000	0.000	7.500	7.500	77.190		
77.200	362.500	221.850	134.850	719.200	77.200	0.000	0.000	7.500	7.500	77.200		
77.210	359.600	226.200	139.200	725.000	77.210	0.000	0.000	7.500	7.500	77.210		
77.220	356.700	234.900	145.000	736.600	77.220	0.000	0.000	7.500	7.500	77.220		
77.230	353.800	242.150	149.350	745.300	77.230	0.000	0.000	7.500	7.500	77.230		
77.240	352.350	249.400	156.600	758.350	77.240	0.000	0.000	4.980	4.980	77.240		
77.250	346.550	256.650	162.400	765.600	77.250	0.000	0.000	4.980	4.980	77.250		
77.260	342.200	266.800	171.100	780.100	77.260	0.000	0.000	4.980	4.980	77.260		
77.270	334.950	274.050	174.000	783.000	77.270	0.000	0.000	4.980	4.980	77.270		
77.280	326.250	281.300	184.150	791.700	77.280	0.000	0.000	4.980	4.980	77.280		
77.290	319.000	294.350	194.300	807.650	77.290	0.000	0.000	2.490	2.490	77.290		
77.300	307.400	304.500	207.350	819.250	77.300	0.000	0.000	0.000	0.000	77.300		
77.310	301.600	316.100	218.950	836.650	77.310	0.000	0.000	0.000	0.000	77.310		
77.320	294.350	329.150	232.000	855.500	77.320	0.000	0.000	0.000	0.000	77.320		
77.330	281.300	342.200	243.600	867.100	77.330	0.000	0.000	0.000	0.000	77.330		
77.340	271.150	352.350	256.650	880.150	77.340	0.000	0.000	0.000	0.000	77.340		
77.350	250.160	361.080	271.400	882.640	77.350	0.000	2.490	2.490	4.980	77.350		
77.360	231.280	368.160	285.560	885.000	77.360	0.000	0.000	0.000	0.000	77.360		
77.370	205.320	372.880	309.160	887.360	77.370	0.000	2.490	0.000	2.490	77.370		
77.380	179.360	379.960	328.040	887.360	77.380	0.000	0.000	0.000	0.000	77.380		
77.390	151.040	382.320	354.000	887.360	77.390	0.000	1.590	0.000	1.590	77.390		
77.400	127.440	379.960	375.240	882.640	77.400	0.000	0.000	0.000	0.000	77.400		
77.410	101.480	370.520	398.840	870.840	77.410	0.000	1.590	1.590	3.180	77.410		
77.420	77.880	356.360	429.520	863.760	77.420	0.000	6.360	31.800	38.160	77.420		
77.430	61.360	339.840	457.840	859.040	77.430	0.000	11.130	71.550	82.680	77.430		
77.440	47.200	313.880	490.880	851.960	77.440	0.000	17.490	116.070	133.560	77.440		
77.450	35.400	283.200	516.840	835.440	77.450	0.000	17.490	162.180	179.670	77.450		
77.460	28.320	250.160	542.800	821.280	77.460	0.000	19.080	192.390	211.470	77.460		
77.470	21.240	224.200	564.040	809.480	77.470	0.000	22.260	228.960	251.220	77.470		
77.480	14.160	193.520	578.200	785.880	77.480	0.000	23.850	271.890	295.740	77.480		
77.490	7.080	169.920	590.000	767.000	77.490	6.360	36.570	319.590	362.520	77.490		
77.500	4.720	143.960	590.000	738.680	77.500	17.490	54.060	360.930	432.480	77.500		
77.510	0.000	120.360	578.200	698.560	77.510	31.800	81.090	394.320	507.210	77.510		
77.520	0.000	103.840	561.680	665.520	77.520	46.110	89.040	397.500	532.650	77.520		
77.530	0.000	89.680	535.720	625.400	77.530	56.750	93.070	381.360	531.180	77.530		
77.540	0.000	73.160	495.600	568.760	77.540	70.370	102.150	381.360	553.880	77.540		
77.550	0.000	59.000	448.400	507.400	77.550	83.990	111.230	394.980	590.200	77.550		
77.560	0.000	44.840	387.040	431.880	77.560	93.070	124.850	413.140	631.060	77.560		
77.570	0.000	30.680	318.600	349.280	77.570	102.150	136.200	438.110	676.460	77.570		
77.580	0.000	16.520	228.920	245.440	77.580	108.960	152.090	469.890	730.940	77.580		
77.590	0.000	4.720	151.040	155.760	77.590	113.500	165.710	501.670	780.880	77.590		
77.600	0.000	0.000	94.400	94.400	77.600	120.310	183.870	531.180	835.360	77.600		
77.610	0.000	0.000	54.280	54.280	77.610	127.120	197.490	551.610	876.220	77.610		
77.620	0.000	0.000	28.320	28.320	77.620	133.930	211.110	567.500	912.540	77.620		
77.630	4.720	0.000	14.160	18.880	77.630	138.470	224.730	567.500	930.700	77.630		
77.640	4.720	0.000	9.440	14.160	77.640	143.010	231.540	562.960	937.510	77.640		
77.650	7.500	0.000	4.980	12.480	77.650	149.820	236.080	558.420	944.320	77.650		
77.660	7.500	0.000	7.500	15.000	77.660	154.360	240.620	551.610	946.590	77.660		
77.670	7.500	0.000	4.980	12.480	77.670	156.630	247.430	540.260	944.320	77.670		
77.680	7.500	0.000	4.980	12.480	77.680	164.580	248.980	527.500	941.060	77.680		
77.690	7.500	0.000	4.980	12.480	77.690	168.800	251.090	508.510	928.400	77.690		
77.700	7.500	0.000	2.490	9.990	77.700	173.020	251.090	491.630	915.740	77.700		
77.710	7.500	0.000	2.490	9.990	77.710	179.350	251.090	468.420	898.860	77.710		
77.720	4.980	0.000	2.490	7.470	77.720	183.570	251.090	447.320	881.980	77.720		
77.730	4.980	0.000	0.000	4.980	77.730	189.900	248.980	422.000	860.880	77.730		
77.740	7.500	0.000	2.490	9.990	77.740	194.120	246.870	396.680	837.670	77.740		
77.750	7.500	0.000	0.000	7.500	77.750	200.450	244.760	369.250	814.460	77.750		
77.760	7.500	0.000	0.000	7.500	77.760	208.890	240.540	341.820	791.250	77.760		
77.770	7.500	0.000	0.000	7.500	77.770	217.330	238.430	318.610	774.370	77.770		
77.780	7.500	0.000	0.000	7.500	77.780	223.660	238.430	293.290	755.380	77.780		
77.790	4.980	0.000	0.000	4.980	77.790	234.210	236.320	274.300	744.830	77.790		
77.800	5.000	0.000	0.000	5.000	77.800	240.540	236.320	257.420	734.280	77.800		
77.810	5.000	0.000	0.000	5.000	77.810	251.090	236.320	240.540	727.950	77.810		
77.820	5.000	0.000	0.000	5.000	77.820	261.640	238.430	225.770	725.840	77.820		
77.830	5.000	0.000	0.000	5.000	77.830	273.600	241.600	214.400	729.600	77.830		
77.840	5.000	0.000	0.000	5.000	77.840	286.400	244.800	204.800	736.000	77.840		
77.850	5.000	0.000	0.000	5.000	77.850	296.000	246.400	196.800	739.200	77.850		
77.860	5.000	0.000	0.000	5.000	77.860	304.000	246.400	188.800	739.200	77.860		
77.870	5.000	0.000	0.000	5.000	77.870	313.600	251.200	184.000	748.800	77.870		
77.880	5.000	0.000	0.000	5.000	77.880	321.600	254.400	182.400	758.400	77.880		
77.890	5.000	0.000	0.000	5.000	77.890	326.400	256.000	179.200	761.600	77.890		
77.900	2.500	0.000	0.000	2.500	77.900	331.200	259.200	176.000	766.400	77.900		
77.910	2.500	2.500	2.500	7.500	77.910	339.200	264.000	176.000	779.200	77.910		
77.920	2.500	2.500	0.000	5.000	77.920	348.800	272.000	176.000	796.800	77.920		
77.930	0.000	2.500	0.000	2.500	77.930	356.800	280.000	176.000	812.800	77.930		
77.940	0.000	2.500	2.500	5.000	77.940	366.400	286.400	174.400	827.200	77.940		
77.950	0.000	1.350	1.350	2.700	77.950	379.200	291.200	171.200	841.600	77.950		
77.960	0.000	4.050	1.350	5.400	77.960	388.800	291.200	164.800	844.800	77.960		
77.970	1.350	4.050	1.350	6.750	77.970	400.000	291.200	156.800	848.000	77.970		
77.980	6.750	9.450	1.350	17.550	77.980	414.780	286.440	141.360	842.580	77.980		
77.990	16.200	12.150	0.000	28.350	77.990	425.940	284.580	128.340	838.860	77.990		
78.000	27.000	16.200	0.000	43.200	78.000	437.100	277.140	119.040	833.280	78.000		
78.010	47.250	21.600	0.000	68.850	78.010	446.400	265.980	106.020	818.400	78.010		
78.020	94.500	27.000	0.000	121.500	78.020	453.840	254.820	94.860	803.520	78.020		
78.030	156.600	29.700	0.000	186.300	78.030	459.420	234.360	81.840	775.620	78.030		
78.040	214.650	36.450	4.050	255.150	78.040	465.000	212.040	68.820	745.860	78.040		
78.050	270.000	62.100	14.850	346.950	78.050	461.280	184.140	55.800	701.220	78.050		
78.060	319.950	82.350	27.000	429.300	78.060	461.280	156.240	48.360	665.880	78.060		
78.070	337.500	94.500	32.400	464.400	78.070	451.980	128.340	40.920	621.240	78.070		
78.080	317.250	101.250	44.550	463.050	78.080	433.380	104.160	37.200	574.740	78.080		
78.090	291.600	114.750	56.700	463.050	78.090	414.780	87.420	31.620	533.820	78.090		
78.100	274.040	131.440	74.400	479.880	78.100	386.880	70.680	26.040	483.600	78.100		
78.110	261.640	148.800	94.240	504.680	78.110	358.980	63.240	18.600	440.820	78.110		
78.120	259.160	167.400	114.080	540.640	78.120	334.800	52.080	14.880	401.760	78.120		
78.130	261.640	182.280	131.440	575.360	78.130	305.000	46.360	9.760	361.120	78.130		
78.140	269.080	197.160	148.800	615.040	78.140	276.940	39.040	7.320	323.300	78.140		
78.150	276.520	214.520	164.920	655.960	78.150	248.880	34.160	4.880	287.920	78.150		
78.160	281.480	231.880	184.760	698.120	78.160	222.040	31.720	0.000	253.760	78.160		
78.170	283.960	244.280	199.640	727.880	78.170	193.980	24.400	0.000	218.380	78.170		
78.180	283.960	256.680	214.520	755.160	78.180	167.140	19.520	0.000	186.660	78.180		
78.190	286.440	269.080	229.400	784.920	78.190	139.080	14.640	0.000	153.720	78.190		
78.200	288.920	279.000	241.800	809.720	78.200	112.240	12.200	0.000	124.440	78.200		
78.210	291.400	288.920	251.720	832.040	78.210	86.620	9.760	0.000	96.380	78.210		
78.220	293.880	296.360	259.160	849.400	78.220	64.660	7.320	0.000	71.980	78.220		
78.230	296.360	303.800	269.080	869.240	78.230	41.480	4.880	2.440	48.800	78.230		
78.240	298.840	310.000	274.040	882.880	78.240	26.840	2.440	4.880	34.160	78.240		
78.250	302.080	314.880	276.480	893.440	78.250	9.760	2.440	7.320	19.520	78.250		
78.260	304.640	317.440	284.160	906.240	78.260	4.880	2.440	7.320	14.640	78.260		
78.270	304.640	317.440	284.160	906.240	78.270	2.440	2.440	7.320	12.200	78.270		
78.280	302.080	320.000	286.720	908.800	78.280	0.000	2.480	7.480	9.960	78.280		
78.290	296.960	317.440	289.280	903.680	78.290	0.000	0.000	7.480	7.480	78.290		
78.300	291.840	314.880	291.840	898.560	78.300	0.000	0.000	7.480	7.480	78.300		
78.310	284.160	309.760	289.280	883.200	78.310	0.000	0.000	7.480	7.480	78.310		
78.320	276.480	302.080	286.720	865.280	78.320	0.000	0.000	7.480	7.480	78.320		
78.330	271.360	294.400	284.160	849.920	78.330	0.000	0.000	7.480	7.480	78.330		
78.340	264.960	286.720	279.040	830.720	78.340	0.000	0.000	7.480	7.480	78.340		
78.350	262.400	281.600	273.920	817.920	78.350	0.000	0.000	7.480	7.480	78.350		
78.360	259.840	276.480	266.240	802.560	78.360	0.000	0.000	7.480	7.480	78.360		
78.370	259.840	271.360	264.960	796.160	78.370	0.000	0.000	10.000	10.000	78.370		
78.380	262.400	271.360	259.840	793.600	78.380	0.000	0.000	10.000	10.000	78.380		
78.390	264.960	271.360	257.280	793.600	78.390	0.000	0.000	10.000	10.000	78.390		
78.400	269.340	272.020	254.600	795.960	78.400	0.000	0.000	10.000	10.000	78.400		
78.410	274.700	274.700	249.240	798.640	78.410	0.000	0.000	10.000	10.000	78.410		
78.420	278.720	277.380	249.240	805.340	78.420	0.000	0.000	10.000	10.000	78.420		
78.430	284.080	278.720	246.560	809.360	78.430	0.000	0.000	9.900	9.900	78.430		
78.440	292.120	284.080	246.560	822.760	78.440	0.000	0.000	9.900	9.900	78.440		
78.450	298.820	289.440	246.560	834.820	78.450	0.000	0.000	9.900	9.900	78.450		
78.460	306.860	292.120	246.560	845.540	78.460	0.000	0.000	9.900	9.900	78.460		
78.470	314.900	297.480	246.560	858.940	78.470	0.000	0.000	7.380	7.380	78.470		
78.480	321.600	298.820	246.560	866.980	78.480	0.000	0.000	7.380	7.380	78.480		
78.490	326.960	298.820	241.200	866.980	78.490	0.000	0.000	7.380	7.380	78.490		
78.500	329.640	298.820	243.880	872.340	78.500	0.000	2.340	7.380	9.720	78.500		
78.510	332.320	298.820	241.200	872.340	78.510	0.000	2.340	7.380	9.720	78.510		
78.520	335.000	297.480	237.180	869.660	78.520	0.000	2.340	7.380	9.720	78.520		
78.530	335.000	294.800	231.820	861.620	78.530	0.000	4.860	7.380	12.240	78.530		
78.540	335.000	286.760	226.460	848.220	78.540	0.000	4.860	7.380	12.240	78.540		
78.550	335.000	281.400	219.760	836.160	78.550	0.000	7.380	22.500	29.880	78.550		
78.560	329.640	278.720	217.080	825.440	78.560	0.000	9.900	37.440	47.340	78.560		
78.570	326.960	274.700	214.400	816.060	78.570	0.000	9.900	45.000	54.900	78.570		
78.580	321.600	269.340	209.040	799.980	78.580	0.000	17.050	47.300	64.350	78.580		
78.590	316.240	263.980	206.360	786.580	78.590	9.900	29.700	55.000	94.600	78.590		
78.600	312.220	259.960	202.340	774.520	78.600	19.800	37.400	64.900	122.100	78.600		
78.610	304.180	254.600	199.660	758.440	78.610	27.500	42.350	77.000	146.850	78.610		
78.620	297.480	246.560	194.300	738.340	78.620	39.600	55.000	94.600	189.200	78.620		
78.630	284.080	234.500	186.260	704.840	78.630	55.000	69.850	112.200	237.050	78.630		
78.640	277.380	226.460	182.240	686.080	78.640	67.100	77.000	122.100	266.200	78.640		
78.650	263.980	217.080	176.880	657.940	78.650	77.000	87.450	127.050	291.500	78.650		
78.660	249.240	206.360	171.520	627.120	78.660	87.450	97.350	127.050	311.850	78.660		
78.670	237.180	199.660	167.500	604.340	78.670	99.550	104.500	129.800	333.850	78.670		
78.680	222.440	191.620	167.500	581.560	78.680	107.250	110.000	127.050	344.300	78.680		
78.690	209.040	184.920	164.820	558.780	78.690	114.950	114.950	124.850	354.750	78.690		
78.700	197.500	176.960	164.320	538.780	78.700	122.100	119.900	124.850	366.850	78.700		
78.710	182.490	169.850	164.320	516.660	78.710	129.800	124.850	119.900	374.550	78.710		
78.720	172.220	164.320	164.320	500.860	78.720	137.500	129.800	119.900	387.200	78.720		
78.730	159.580	159.580	164.320	483.480	78.730	144.750	132.000	120.000	396.750	78.730		
78.740	149.310	154.840	164.320	468.470	78.740	147.000	137.250	122.250	406.500	78.740		
78.750	139.830	152.470	167.480	459.780	78.750	154.500	139.500	122.250	416.250	78.750		
78.760	131.930	146.940	167.480	446.350	78.760	159.750	142.500	124.500	426.750	78.760		
78.770	124.820	144.570	169.850	439.240	78.770	162.000	147.000	127.500	436.500	78.770		
78.780	116.920	139.830	169.850	426.600	78.780	169.500	150.000	129.750	449.250	78.780		
78.790	114.550	137.460	167.480	419.490	78.790	169.500	154.500	135.000	459.000	78.790		
78.800	112.180	134.300	167.480	413.960	78.800	172.500	154.500	142.500	469.500	78.800		
78.810	109.810	131.930	167.480	409.220	78.810	174.750	159.750	147.000	481.500	78.810		
78.820	107.440	129.560	164.320	401.320	78.820	174.750	162.000	154.500	491.250	78.820		
78.830	104.280	127.190	161.950	393.420	78.830	174.750	165.000	159.750	499.500	78.830		
78.840	104.280	127.190	159.580	391.050	78.840	177.000	167.250	167.250	511.500	78.840		
78.850	102.060	124.740	157.500	384.300	78.850	177.000	167.250	172.500	516.750	78.850		
78.860	102.060	122.220	154.980	379.260	78.860	180.000	169.500	182.250	531.750	78.860		
78.870	99.540	119.700	152.460	371.700	78.870	180.000	174.750	187.500	542.250	78.870		
78.880	97.020	114.660	152.460	364.140	78.880	179.550	176.700	194.750	551.000	78.880		
78.890	97.020	114.660	149.940	361.620	78.890	182.400	179.550	199.500	561.450	78.890		
78.900	91.980	112.140	149.940	354.060	78.900	182.400	182.400	202.350	567.150	78.900		
78.910	89.460	107.100	147.420	343.980	78.910	184.300	182.400	204.250	570.950	78.910		
78.920	86.940	104.580	142.380	333.900	78.920	184.300	187.150	204.250	575.700	78.920		
78.930	84.420	102.060	144.900	331.380	78.930	187.150	190.000	207.100	584.250	78.930		
78.940	77.490	97.020	139.860	314.370	78.940	190.000	191.900	207.100	589.000	78.940		
78.950	77.490	94.500	134.820	306.810	78.950	190.000	194.750	209.950	594.700	78.950		
78.960	74.970	89.460	132.300	296.730	78.960	191.900	194.750	211.850	598.500	78.960		
78.970	72.450	86.940	129.780	289.170	78.970	191.900	196.650	214.700	603.250	78.970		
78.980	69.930	81.900	122.220	274.050	78.980	194.750	199.500	216.600	610.850	78.980		
78.990	69.930	79.380	119.700	269.010	78.990	194.750	202.350	222.300	619.400	78.990		
79.000	67.130	77.420	114.660	259.210	79.000	199.500	204.250	227.050	630.800	79.000		
79.010	64.680	77.420	117.110	259.210	79.010	199.500	209.950	231.800	641.250	79.010		
79.020	62.230	74.970	119.560	256.760	79.020	199.500	211.850	237.500	648.850	79.020		
79.030	59.780	74.970	119.560	254.310	79.030	202.160	214.130	244.720	661.010	79.030		
79.040	54.880	72.030	122.500	249.410	79.040	204.820	219.450	248.710	672.980	79.040		
79.050	52.430	69.580	119.560	241.570	79.050	204.820	219.450	254.030	678.300	79.050		
79.060	49.980	69.580	122.500	242.060	79.060	204.820	219.450	259.350	683.620	79.060		
79.070	47.040	67.130	122.500	236.670	79.070	204.820	222.110	262.010	688.940	79.070		
79.080	44.590	64.680	122.500	231.770	79.080	202.160	222.110	267.330	691.600	79.080		
79.090	42.140	64.680	119.560	226.380	79.090	202.160	222.110	271.320	695.590	79.090		
79.100	42.140	62.230	117.110	221.480	79.100	199.500	222.110	279.300	700.910	79.100		
79.110	39.690	59.780	112.210	211.680	79.110	196.840	222.110	287.280	706.230	79.110		
79.120	39.690	59.780	109.760	209.230	79.120	191.520	222.110	293.930	707.560	79.120		
79.130	39.690	54.880	104.860	199.430	79.130	186.200	219.450	304.570	710.220	79.130		
79.140	39.690	54.880	97.020	191.590	79.140	184.870	219.450	311.220	715.540	79.140		
79.150	42.180	54.760	92.500	189.440	79.150	182.210	219.450	319.200	720.860	79.150		
79.160	44.770	52.170	82.140	179.080	79.160	182.210	219.450	324.520	726.180	79.160		
79.170	47.360	52.170	77.330	176.860	79.170	179.550	219.450	332.500	731.500	79.170		
79.180	52.170	52.170	74.740	179.080	79.180	179.400	219.420	336.720	735.540	79.180		
79.190	57.350	54.760	69.930	182.040	79.190	176.640	219.420	339.480	735.540	79.190		
79.200	62.160	54.760	67.340	184.260	79.200	173.880	216.660	342.240	732.780	79.200		
79.210	67.340	54.760	64.750	186.850	79.210	172.500	216.660	345.000	734.160	79.210		
79.220	72.150	54.760	59.940	186.850	79.220	172.500	213.900	345.000	731.400	79.220		
79.230	74.740	52.170	57.350	184.260	79.230	172.500	211.140	345.000	728.640	79.230		
79.240	77.330	52.170	57.350	186.850	79.240	169.740	209.760	345.000	724.500	79.240		
79.250	82.140	52.170	54.760	189.070	79.250	166.980	209.760	345.000	721.740	79.250		
79.260	82.140	52.170	52.170	186.480	79.260	166.980	207.000	342.240	716.220	79.260		
79.270	82.140	52.170	49.950	184.260	79.270	164.220	204.240	345.000	713.460	79.270		
79.280	84.730	52.170	49.950	186.850	79.280	161.460	201.480	342.240	705.180	79.280		
79.290	84.730	52.170	49.950	186.850	79.290	158.700	201.480	342.240	702.420	79.290		
79.300	85.000	52.360	47.260	184.620	79.300	158.700	198.720	342.240	699.660	79.300		
79.310	85.000	52.360	44.880	182.240	79.310	157.320	197.340	342.240	696.900	79.310		
79.320	85.000	52.360	47.260	184.620	79.320	157.320	197.340	345.000	699.660	79.320		
79.330	82.280	52.360	44.880	179.520	79.330	156.640	194.020	347.100	697.760	79.330		
79.340	82.280	52.360	39.780	174.420	79.340	156.640	194.020	348.880	699.540	79.340		
79.350	79.900	52.360	39.780	172.040	79.350	154.860	194.020	354.220	703.100	79.350		
79.360	79.900	49.980	34.680	164.560	79.360	156.640	194.020	361.340	712.000	79.360		
79.370	77.180	49.980	29.920	157.080	79.370	156.640	195.800	372.020	724.460	79.370		
79.380	74.800	49.980	19.720	144.500	79.380	156.640	195.800	379.140	731.580	79.380		
79.390	72.420	47.260	12.240	131.920	79.390	156.640	199.360	391.600	747.600	79.390		
79.400	69.700	44.880	2.380	116.960	79.400	158.420	204.700	402.280	765.400	79.400		
79.410	67.320	42.500	0.000	109.820	79.410	161.980	206.480	411.180	779.640	79.410		
79.420	62.220	39.780	0.000	102.000	79.420	161.980	206.480	418.300	786.760	79.420		
79.430	59.840	37.400	0.000	97.240	79.430	161.980	208.260	427.200	797.440	79.430		
79.440	57.460	32.300	0.000	89.760	79.440	163.760	211.820	430.760	806.340	79.440		
79.450	55.000	27.500	0.000	82.500	79.450	167.320	211.820	439.660	818.800	79.450		
79.460	52.360	22.440	0.000	74.800	79.460	167.320	211.820	445.000	824.140	79.460		
79.470	47.300	17.380	0.000	64.680	79.470	167.320	211.820	445.000	824.140	79.470		
79.480	44.880	14.960	0.000	59.840	79.480	164.710	211.770	448.880	825.360	79.480		
79.490	42.460	12.320	0.000	54.780	79.490	166.520	209.960	448.880	825.360	79.490		
79.500	39.820	9.900	0.000	49.720	79.500	166.520	209.960	448.880	825.360	79.500		
79.510	34.980	7.480	0.000	42.460	79.510	166.520	209.960	452.500	828.980	79.510		
79.520	32.340	4.840	0.000	37.180	79.520	164.710	206.340	452.500	823.550	79.520		
79.530	29.920	4.840	0.000	34.760	79.530	161.090	204.530	448.880	814.500	79.530		
79.540	24.860	2.420	0.000	27.280	79.540	161.090	200.910	447.070	809.070	79.540		
79.550	19.800	2.420	0.000	22.220	79.550	161.090	199.100	447.070	807.260	79.550		
79.560	19.800	0.000	0.000	19.800	79.560	159.280	197.290	447.070	803.640	79.560		
79.570	17.380	0.000	0.000	17.380	79.570	159.280	197.290	443.450	800.020	79.570		
79.580	14.960	0.000	0.000	14.960	79.580	159.280	193.670	443.450	796.400	79.580		
79.590	14.960	0.000	0.000	14.960	79.590	157.470	193.670	443.450	794.590	79.590		
79.600	15.000	0.000	0.000	15.000	79.600	157.470	191.860	443.450	792.780	79.600		
79.610	17.400	0.000	2.400	19.800	79.610	157.470	191.860	443.450	792.780	79.610		
79.620	17.400	0.000	2.400	19.800	79.620	157.470	188.240	441.640	787.350	79.620		
79.630	17.400	0.000	4.800	22.200	79.630	153.720	186.660	446.520	786.900	79.630		
79.640	17.400	0.000	2.400	19.800	79.640	153.720	186.660	446.520	786.900	79.640		
79.650	17.400	0.000	4.800	22.200	79.650	153.720	186.660	448.350	788.730	79.650		
79.660	17.400	0.000	7.500	24.900	79.660	151.890	184.830	452.010	788.730	79.660		
79.670	17.400	0.000	12.300	29.700	79.670	148.230	184.830	453.840	786.900	79.670		
79.680	17.400	0.000	15.000	32.400	79.680	146.400	181.170	457.500	785.070	79.680		
79.690	17.400	0.000	19.800	37.200	79.690	144.570	179.340	457.500	781.410	79.690		
79.700	22.500	4.800	24.900	52.200	79.700	140.910	175.680	457.500	774.090	79.700		
79.710	32.400	12.300	39.900	84.600	79.710	140.910	173.850	452.010	766.770	79.710		
79.720	39.900	19.800	52.500	112.200	79.720	139.080	166.530	446.520	752.130	79.720		
79.730	42.300	32.400	67.500	142.200	79.730	137.250	161.040	437.370	735.660	79.730		
79.740	69.900	49.800	75.000	194.700	79.740	131.760	153.720	424.560	710.040	79.740		
79.750	93.980	72.390	81.280	247.650	79.750	126.270	144.570	406.260	677.100	79.750		
79.760	109.220	88.900	86.360	284.480	79.760	124.440	133.590	386.130	644.160	79.760		
79.770	116.840	101.600	96.520	314.960	79.770	118.950	120.780	362.340	602.070	79.770		
79.780	121.920	111.760	99.060	332.740	79.780	114.380	106.400	332.500	553.280	79.780		
79.790	127.000	119.380	106.680	353.060	79.790	109.060	89.110	304.570	502.740	79.790		
79.800	137.160	127.000	111.760	375.920	79.800	102.410	77.140	273.980	453.530	79.800		
79.810	147.320	137.160	114.300	398.780	79.810	94.430	61.180	242.060	397.670	79.810		
79.820	158.750	147.320	119.380	425.450	79.820	89.110	46.550	208.810	344.470	79.820		
79.830	173.990	157.480	121.920	453.390	79.830	82.460	31.920	171.570	285.950	79.830		
79.840	196.850	168.910	127.000	492.760	79.840	77.140	17.290	136.990	231.420	79.840		
79.850	217.170	181.610	129.540	528.320	79.850	71.820	3.990	103.740	179.550	79.850		
79.860	238.760	196.850	137.160	572.770	79.860	63.840	0.000	82.460	146.300	79.860		
79.870	264.160	212.090	142.240	618.490	79.870	54.530	0.000	61.180	115.710	79.870		
79.880	292.100	232.410	149.860	674.370	79.880	41.230	0.000	49.210	90.440	79.880		
79.890	317.500	248.920	154.940	721.360	79.890	37.240	0.000	41.230	78.470	79.890		
79.900	342.000	266.000	159.600	767.600	79.900	29.260	0.000	39.900	69.160	79.900		
79.910	366.700	277.400	161.500	805.600	79.910	21.280	0.000	37.240	58.520	79.910		
79.920	385.700	288.800	161.500	836.000	79.920	14.630	0.000	34.580	49.210	79.920		
79.930	408.500	296.400	161.500	866.400	79.930	7.410	0.000	32.500	39.910	79.930		
79.940	429.400	305.900	161.500	896.800	79.940	2.470	0.000	29.900	32.370	79.940		
79.950	444.600	311.600	161.500	917.700	79.950	0.000	0.000	27.430	27.430	79.950		
79.960	459.800	317.300	159.600	936.700	79.960	0.000	0.000	22.490	22.490	79.960		
79.970	469.300	319.200	159.600	948.100	79.970	0.000	0.000	22.490	22.490	79.970		
79.980	475.000	319.200	155.800	950.000	79.980	0.000	0.000	19.890	19.890	79.980		
79.990	475.000	317.300	152.000	944.300	79.990	0.000	0.000	19.890	19.890	79.990		
80.000	475.000	311.600	148.200	934.800	80.000	0.000	0.000	17.420	17.420	80.000		
80.010	469.300	304.000	142.500	915.800	80.010	0.000	0.000	17.420	17.420	80.010		
80.020	461.700	298.300	138.700	898.700	80.020	0.000	0.000	14.950	14.950	80.020		
80.030	454.100	294.500	136.800	885.400	80.030	0.000	0.000	14.950	14.950	80.030		
80.040	446.500	285.000	129.200	860.700	80.040	0.000	0.000	12.480	12.480	80.040		
80.050	435.840	278.400	126.720	840.960	80.050	0.000	0.000	12.480	12.480	80.050		
80.060	428.160	270.720	119.040	817.920	80.060	0.000	0.000	9.880	9.880	80.060		
80.070	424.320	268.800	119.040	812.160	80.070	0.000	0.000	9.880	9.880	80.070		
80.080	422.400	264.960	113.280	800.640	80.080	0.000	0.000	10.000	10.000	80.080		
80.090	422.400	261.120	113.280	796.800	80.090	0.000	0.000	7.480	7.480	80.090		
80.100	422.400	259.200	105.600	787.200	80.100	0.000	0.000	7.480	7.480	80.100		
80.110	424.320	257.280	105.600	787.200	80.110	0.000	0.000	7.480	7.480	80.110		
80.120	428.160	257.280	101.760	787.200	80.120	0.000	0.000	7.480	7.480	80.120		
80.130	435.840	257.280	96.000	789.120	80.130	0.000	0.000	7.480	7.480	80.130		
80.140	441.600	257.280	94.080	792.960	80.140	0.000	0.000	7.480	7.480	80.140		
80.150	451.200	259.200	92.160	802.560	80.150	0.000	0.000	10.000	10.000	80.150		
80.160	458.880	257.280	88.320	804.480	80.160	0.000	0.000	10.000	10.000	80.160		
80.170	466.560	257.280	88.320	812.160	80.170	0.000	0.000	10.000	10.000	80.170		
80.180	472.320	257.280	84.480	814.080	80.180	0.000	0.000	10.000	10.000	80.180		
80.190	480.000	257.280	84.480	821.760	80.190	0.000	0.000	7.480	7.480	80.190		
80.200	483.120	257.400	81.180	821.700	80.200	0.000	0.000	7.480	7.480	80.200		
80.210	489.060	257.400	81.180	827.640	80.210	0.000	0.000	5.000	5.000	80.210		
80.220	491.040	253.440	79.200	823.680	80.220	0.000	0.000	5.000	5.000	80.220		
80.230	495.000	253.440	79.200	827.640	80.230	0.000	2.400	4.800	7.200	80.230		
80.240	495.000	251.460	79.200	825.660	80.240	0.000	2.400	4.800	7.200	80.240		
80.250	491.040	249.480	79.200	819.720	80.250	0.000	2.400	4.800	7.200	80.250		
80.260	487.080	247.500	77.220	811.800	80.260	0.000	2.400	4.800	7.200	80.260		
80.270	481.140	241.560	77.220	799.920	80.270	0.000	2.400	4.800	7.200	80.270		
80.280	477.180	239.580	77.220	793.980	80.280	0.000	2.400	4.800	7.200	80.280		
80.290	469.260	233.640	73.260	776.160	80.290	0.000	2.400	4.800	7.200	80.290		
80.300	459.360	229.680	71.280	760.320	80.300	0.000	2.400	4.800	7.200	80.300		
80.310	451.440	223.740	71.280	746.460	80.310	0.000	4.800	2.400	7.200	80.310		
80.320	447.480	221.760	69.300	738.540	80.320	19.680	17.280	4.800	41.760	80.320		
80.330	441.540	219.780	69.300	730.620	80.330	27.360	29.760	24.960	82.080	80.330		
80.340	431.640	215.820	69.300	716.760	80.340	44.640	47.040	54.720	146.400	80.340		
80.350	420.000	211.680	67.200	698.880	80.350	52.320	64.800	77.280	194.400	80.350		
80.360	404.880	204.960	67.200	677.040	80.360	62.400	82.080	99.840	244.320	80.360		
80.370	384.720	199.920	62.160	646.800	80.370	79.680	99.840	120.000	299.520	80.370		
80.380	361.200	191.520	62.160	614.880	80.380	94.940	114.130	134.330	343.400	80.380		
80.390	339.360	181.440	57.120	577.920	80.390	109.080	127.260	144.430	380.770	80.390		
80.400	315.840	171.360	53.760	540.960	80.400	119.180	134.330	149.480	402.990	80.400		
80.410	292.320	164.640	48.720	505.680	80.410	127.260	144.430	154.530	426.220	80.410		
80.420	263.760	154.560	47.040	465.360	80.420	134.330	149.480	159.580	443.390	80.420		
80.430	238.560	141.120	42.000	421.680	80.430	142.410	156.550	166.650	465.610	80.430		
80.440	213.360	134.400	36.960	384.720	80.440	147.460	161.600	174.730	483.790	80.440		
80.450	194.880	124.320	36.960	356.160	80.450	151.500	171.700	179.780	502.980	80.450		
80.460	171.360	114.240	31.920	317.520	80.460	159.580	176.750	184.830	521.160	80.460		
80.470	154.560	104.160	23.520	282.240	80.470	164.630	184.830	191.900	541.360	80.470		
80.480	134.400	97.440	18.480	250.320	80.480	171.700	194.930	202.000	568.630	80.480		
80.490	115.920	87.360	11.760	215.040	80.490	176.750	204.020	209.070	589.840	80.490		
80.500	100.000	74.800	7.200	182.000	80.500	186.850	214.120	222.200	623.170	80.500		
80.510	84.800	62.400	2.400	149.600	80.510	194.930	227.250	237.350	659.530	80.510		
80.520	70.000	52.400	0.000	122.400	80.520	202.000	237.350	252.500	691.850	80.520		
80.530	57.200	44.800	0.000	102.000	80.530	211.900	249.600	263.900	725.400	80.530		
80.540	47.200	37.200	0.000	84.400	80.540	222.300	261.300	279.500	763.100	80.540		
80.550	40.000	30.000	0.000	70.000	80.550	231.400	274.300	292.500	798.200	80.550		
80.560	32.400	22.400	0.000	54.800	80.560	239.200	284.700	304.200	828.100	80.560		
80.570	24.800	17.200	0.000	42.000	80.570	247.000	292.500	314.600	854.100	80.570		
80.580	17.200	10.000	0.000	27.200	80.580	254.800	299.000	319.800	873.600	80.580		
80.590	12.400	4.800	0.000	17.200	80.590	260.000	306.800	322.400	889.200	80.590		
80.600	7.200	4.800	0.000	12.000	80.600	266.500	309.400	325.000	900.900	80.600		
80.610	4.800	2.400	0.000	7.200	80.610	271.700	312.000	322.400	906.100	80.610		
80.620	4.800	0.000	0.000	4.800	80.620	276.900	314.600	317.200	908.700	80.620		
80.630	4.800	0.000	0.000	4.800	80.630	282.100	312.000	312.000	906.100	80.630		
80.640	2.400	0.000	0.000	2.400	80.640	284.700	312.000	304.200	900.900	80.640		
80.650	5.000	0.000	0.000	5.000	80.650	284.700	309.400	296.400	890.500	80.650		
80.660	5.000	0.000	0.000	5.000	80.660	287.300	304.200	289.900	881.400	80.660		
80.670	5.000	0.000	0.000	5.000	80.670	287.300	301.600	279.500	868.400	80.670		
80.680	5.000	0.000	0.000	5.000	80.680	287.280	293.930	269.990	851.200	80.680		
80.690	5.000	0.000	0.000	5.000	80.690	289.940	291.270	256.690	837.900	80.690		
80.700	5.000	0.000	0.000	5.000	80.700	291.270	287.280	247.380	825.930	80.700		
80.710	5.000	0.000	0.000	5.000	80.710	293.930	284.620	236.740	815.290	80.710		
80.720	5.000	0.000	0.000	5.000	80.720	296.590	281.960	227.430	805.980	80.720		
80.730	5.000	0.000	0.000	5.000	80.730	301.910	279.300	219.450	800.660	80.730		
80.740	5.000	0.000	0.000	5.000	80.740	304.570	279.300	211.470	795.340	80.740		
80.750	5.000	0.000	0.000	5.000	80.750	309.890	279.300	207.480	796.670	80.750		
80.760	5.000	0.000	0.000	5.000	80.760	313.880	276.640	199.500	790.020	80.760		
80.770	5.000	0.000	0.000	5.000	80.770	319.200	276.640	194.180	790.020	80.770		
80.780	5.000	0.000	0.000	5.000	80.780	321.860	276.640	191.520	790.020	80.780		
80.790	5.000	0.000	0.000	5.000	80.790	321.860	273.980	188.860	784.700	80.790		
80.800	1.800	0.000	0.000	1.800	80.800	324.520	276.640	188.860	790.020	80.800		
80.810	7.200	9.900	4.500	21.600	80.810	329.840	276.640	188.860	795.340	80.810		
80.820	19.800	11.700	0.000	31.500	80.820	332.500	276.640	186.200	795.340	80.820		
80.830	62.100	24.300	4.500	90.900	80.830	333.700	276.900	181.760	792.360	80.830		
80.840	122.400	36.900	7.200	166.500	80.840	339.380	269.800	168.980	778.160	80.840		
80.850	164.700	42.300	11.700	218.700	80.850	342.220	257.020	149.100	748.340	80.850		
80.860	180.000	49.500	22.500	252.000	80.860	343.640	239.980	126.380	710.000	80.860		
80.870	180.000	52.200	24.300	256.500	80.870	346.480	218.680	106.500	671.660	80.870		
80.880	174.600	54.900	32.400	261.900	80.880	349.320	198.800	83.780	631.900	80.880		
80.890	171.900	59.400	36.900	268.200	80.890	349.320	177.500	66.740	593.560	80.890		
80.900	171.900	64.800	45.000	281.700	80.900	355.000	151.940	51.120	558.060	80.900		
80.910	177.300	72.000	54.900	304.200	80.910	355.000	126.380	39.760	521.140	80.910		
80.920	189.900	77.400	59.400	326.700	80.920	349.320	103.660	34.080	487.060	80.920		
80.930	207.000	90.000	67.500	364.500	80.930	339.380	82.360	26.980	448.720	80.930		
80.940	225.000	99.900	74.700	399.600	80.940	323.760	63.900	19.880	407.540	80.940		
80.950	246.750	108.500	78.750	434.000	80.950	303.880	49.700	11.360	364.940	80.950		
80.960	269.500	122.500	84.000	476.000	80.960	286.840	36.920	4.260	328.020	80.960		
80.970	294.000	134.750	87.500	516.250	80.970	269.800	26.980	1.420	298.200	80.970		
80.980	318.500	148.750	91.000	558.250	80.980	247.500	16.830	0.000	264.330	80.980		
80.990	341.250	161.000	96.250	598.500	80.990	219.780	6.930	0.000	226.710	80.990		
81.000	367.500	176.750	105.000	649.250	81.000	192.060	0.000	0.000	192.060	81.000		
81.010	388.500	192.500	108.500	689.500	81.010	159.390	0.000	0.000	159.390	81.010		
81.020	404.250	206.500	113.750	724.500	81.020	124.740	0.000	0.000	124.740	81.020		
81.030	420.000	222.250	124.250	766.500	81.030	94.050	0.000	0.000	94.050	81.030		
81.040	432.250	236.250	129.500	798.000	81.040	67.320	0.000	0.000	67.320	81.040		
81.050	437.500	253.750	143.500	834.750	81.050	46.530	0.000	1.980	48.510	81.050		
81.060	437.500	269.500	152.250	859.250	81.060	36.630	0.000	1.980	38.610	81.060		
81.070	432.250	283.500	164.500	880.250	81.070	21.780	0.000	6.930	28.710	81.070		
81.080	421.750	297.500	176.750	896.000	81.080	14.850	0.000	9.900	24.750	81.080		
81.090	406.000	304.500	187.250	897.750	81.090	11.880	0.000	9.900	21.780	81.090		
81.100	384.850	313.250	198.690	896.790	81.100	9.900	0.000	6.930	16.830	81.100		
81.110	361.580	318.620	211.220	891.420	81.110	6.930	0.000	4.950	11.880	81.110		
81.120	334.730	323.990	223.750	882.470	81.120	6.930	0.000	6.930	13.860	81.120		
81.130	306.090	325.780	236.280	868.150	81.130	7.500	0.000	7.500	15.000	81.130		
81.140	279.240	325.780	248.810	853.830	81.140	4.980	0.000	4.980	9.960	81.140		
81.150	248.810	325.780	261.340	835.930	81.150	4.980	0.000	4.980	9.960	81.150		
81.160	221.960	325.780	277.450	825.190	81.160	4.980	0.000	4.980	9.960	81.160		
81.170	191.530	329.360	297.140	818.030	81.170	4.980	0.000	4.980	9.960	81.170		
81.180	164.680	331.150	316.830	812.660	81.180	2.490	0.000	4.980	7.470	81.180		
81.190	139.620	331.150	338.310	809.080	81.190	2.490	0.000	4.980	7.470	81.190		
81.200	116.350	329.360	361.580	807.290	81.200	2.490	0.000	4.980	7.470	81.200		
81.210	98.450	329.360	381.270	809.080	81.210	0.000	0.000	4.980	4.980	81.210		
81.220	82.340	323.990	400.960	807.290	81.220	2.490	0.000	4.980	7.470	81.220		
81.230	66.230	318.620	424.230	809.080	81.230	0.000	0.000	4.980	4.980	81.230		
81.240	57.280	313.250	447.500	818.030	81.240	0.000	0.000	4.980	4.980	81.240		
81.250	45.920	309.960	467.810	823.690	81.250	0.000	0.000	4.980	4.980	81.250		
81.260	37.310	301.350	490.770	829.430	81.260	0.000	0.000	4.980	4.980	81.260		
81.270	34.440	292.740	507.990	835.170	81.270	0.000	0.000	4.980	4.980	81.270		
81.280	28.700	287.000	525.210	840.910	81.280	0.000	0.000	5.000	5.000	81.280		
81.290	22.960	278.390	542.430	843.780	81.290	0.000	0.000	2.500	2.500	81.290		
81.300	17.220	269.780	556.780	843.780	81.300	0.000	0.000	2.500	2.500	81.300		
81.310	11.480	264.040	574.000	849.520	81.310	0.000	0.000	2.500	2.500	81.310		
81.320	8.610	255.430	588.350	852.390	81.320	0.000	0.000	5.000	5.000	81.320		
81.330	5.740	243.950	605.570	855.260	81.330	0.000	0.000	2.500	2.500	81.330		
81.340	2.870	235.340	622.790	861.000	81.340	0.000	0.000	2.500	2.500	81.340		
81.350	0.000	223.860	640.010	863.870	81.350	0.000	0.000	2.500	2.500	81.350		
81.360	0.000	212.380	657.230	869.610	81.360	0.000	0.000	2.500	2.500	81.360		
81.370	0.000	200.900	674.450	875.350	81.370	0.000	0.000	2.500	2.500	81.370		
81.380	0.000	189.420	694.540	883.960	81.380	0.000	0.000	2.500	2.500	81.380		
81.390	0.000	177.940	717.500	895.440	81.390	0.000	0.000	0.000	0.000	81.390		
81.400	0.000	167.580	742.140	909.720	81.400	0.000	0.000	0.000	0.000	81.400		
81.410	0.000	159.600	762.090	921.690	81.410	0.000	0.000	0.000	0.000	81.410		
81.420	0.000	151.620	790.020	941.640	81.420	2.500	0.000	2.500	5.000	81.420		
81.430	0.000	143.640	821.940	965.580	81.430	1.680	0.000	0.000	1.680	81.430		
81.440	0.000	139.650	849.870	989.520	81.440	1.680	0.000	0.000	1.680	81.440		
81.450	0.000	131.670	877.800	1009.470	81.450	3.360	0.000	3.360	6.720	81.450		
81.460	0.000	119.700	901.740	1021.440	81.460	3.360	0.000	3.360	6.720	81.460		
81.470	0.000	111.720	929.670	1041.390	81.470	1.680	0.000	16.800	18.480	81.470		
81.480	0.000	103.740	953.610	1057.350	81.480	1.680	1.680	48.720	52.080	81.480		
81.490	0.000	95.760	973.560	1069.320	81.490	0.000	3.360	94.080	97.440	81.490		
81.500	0.000	83.790	989.520	1073.310	81.500	0.000	3.360	131.040	134.400	81.500		
81.510	0.000	71.820	997.500	1069.320	81.510	0.000	6.720	149.520	156.240	81.510		
81.520	0.000	63.840	993.510	1057.350	81.520	0.000	8.400	181.440	189.840	81.520		
81.530	0.000	51.870	981.540	1033.410	81.530	0.000	13.440	233.520	246.960	81.530		
81.540	0.000	43.890	961.590	1005.480	81.540	1.680	21.840	297.360	320.880	81.540		
81.550	0.000	33.390	927.500	960.890	81.550	6.720	33.600	346.080	386.400	81.550		
81.560	0.000	22.260	882.980	905.240	81.560	11.760	47.040	386.400	445.200	81.560		
81.570	0.000	14.840	827.330	842.170	81.570	18.480	62.160	420.000	500.640	81.570		
81.580	0.000	7.420	764.260	771.680	81.580	24.200	70.400	440.000	534.600	81.580		
81.590	0.000	0.000	686.350	686.350	81.590	26.400	79.200	444.400	550.000	81.590		
81.600	0.000	0.000	593.600	593.600	81.600	30.800	83.600	446.600	561.000	81.600		
81.610	0.000	0.000	493.430	493.430	81.610	30.800	92.400	448.800	572.000	81.610		
81.620	0.000	0.000	382.130	382.130	81.620	37.400	94.600	451.000	583.000	81.620		
81.630	0.000	0.000	274.540	274.540	81.630	37.400	101.200	455.400	594.000	81.630		
81.640	0.000	0.000	192.920	192.920	81.640	39.600	105.600	462.000	607.200	81.640		
81.650	0.000	0.000	129.850	129.850	81.650	44.000	112.200	473.000	629.200	81.650		
81.660	0.000	0.000	89.040	89.040	81.660	46.200	121.000	486.200	653.400	81.660		
81.670	0.000	0.000	55.650	55.650	81.670	48.400	129.800	501.600	679.800	81.670		
81.680	0.000	0.000	33.390	33.390	81.680	55.000	138.600	514.800	708.400	81.680		
81.690	0.000	0.000	29.680	29.680	81.690	57.200	147.400	523.600	728.200	81.690		
81.700	0.000	0.000	25.000	25.000	81.700	61.600	154.000	534.600	750.200	81.700		
81.710	0.000	0.000	20.000	20.000	81.710	63.800	165.000	543.400	772.200	81.710		
81.720	0.000	0.000	20.000	20.000	81.720	68.200	173.800	550.000	792.000	81.720		
81.730	0.000	0.000	17.500	17.500	81.730	77.000	184.800	550.000	811.800	81.730		
81.740	0.000	0.000	15.000	15.000	81.740	83.600	198.000	543.400	825.000	81.740		
81.750	0.000	0.000	12.500	12.500	81.750	92.400	209.000	536.800	838.200	81.750		
81.760	0.000	0.000	12.500	12.500	81.760	103.400	222.200	525.800	851.400	81.760		
81.770	0.000	0.000	12.500	12.500	81.770	112.200	233.200	510.400	855.800	81.770		
81.780	0.000	0.000	10.000	10.000	81.780	123.200	248.600	495.000	866.800	81.780		
81.790	0.000	0.000	10.000	10.000	81.790	136.400	261.800	473.000	871.200	81.790		
81.800	0.000	0.000	10.000	10.000	81.800	149.600	275.000	453.200	877.800	81.800		
81.810	0.000	0.000	10.000	10.000	81.810	160.600	286.000	426.800	873.400	81.810		
81.820	0.000	0.000	10.000	10.000	81.820	176.000	297.000	400.400	873.400	81.820		
81.830	0.000	0.000	10.000	10.000	81.830	189.200	305.800	369.600	864.600	81.830		
81.840	0.000	0.000	7.500	7.500	81.840	206.800	314.600	334.400	855.800	81.840		
81.850	0.000	0.000	7.500	7.500	81.850	220.000	321.200	303.600	844.800	81.850		
81.860	0.000	0.000	7.500	7.500	81.860	233.200	325.600	275.000	833.800	81.860		
81.870	0.000	0.000	7.500	7.500	81.870	248.600	332.200	244.200	825.000	81.870		
81.880	0.000	0.000	7.500	7.500	81.880	266.240	334.880	212.160	813.280	81.880		
81.890	0.000	0.000	4.980	4.980	81.890	278.720	334.880	183.040	796.640	81.890		
81.900	0.000	0.000	4.980	4.980	81.900	297.440	336.960	158.080	792.480	81.900		
81.910	0.000	0.000	4.980	4.980	81.910	314.080	336.960	133.120	784.160	81.910		
81.920	0.000	0.000	4.980	4.980	81.920	328.640	334.880	114.400	777.920	81.920		
81.930	0.000	0.000	2.490	2.490	81.930	347.360	330.720	93.600	771.680	81.930		
81.940	0.000	0.000	4.980	4.980	81.940	364.000	328.640	79.040	771.680	81.940		
81.950	0.000	0.000	4.980	4.980	81.950	384.800	322.400	64.480	771.680	81.950		
81.960	0.000	0.000	2.490	2.490	81.960	403.520	316.160	54.080	773.760	81.960		
81.970	0.000	0.000	2.490	2.490	81.970	424.320	309.920	43.680	777.920	81.970		
81.980	0.000	0.000	4.980	4.980	81.980	440.960	301.600	37.440	780.000	81.980		
81.990	0.000	0.000	2.490	2.490	81.990	461.760	291.200	29.120	782.080	81.990		
82.000	0.000	0.000	0.000	0.000	82.000	480.480	287.040	20.800	788.320	82.000		
82.010	0.000	0.000	0.000	0.000	82.010	499.200	278.720	12.480	790.400	82.010		
82.020	0.000	0.000	0.000	0.000	82.020	520.000	272.480	6.240	798.720	82.020		
82.030	0.000	0.000	0.000	0.000	82.030	545.940	259.490	0.000	805.430	82.030		
82.040	0.000	0.000	0.000	0.000	82.040	569.530	252.750	0.000	822.280	82.040		
82.050	0.000	0.000	0.000	0.000	82.050	596.490	239.270	0.000	835.760	82.050		
82.060	0.000	0.000	0.000	0.000	82.060	623.450	229.160	0.000	852.610	82.060		
82.070	0.000	0.000	0.000	0.000	82.070	653.780	219.050	0.000	872.830	82.070		
82.080	0.000	0.000	0.000	0.000	82.080	687.480	202.200	0.000	889.680	82.080		
82.090	0.000	0.000	0.000	0.000	82.090	714.440	192.090	0.000	906.530	82.090		
82.100	1.890	1.890	0.000	3.780	82.100	744.770	175.240	0.000	920.010	82.100		
82.110	29.610	6.930	0.000	36.540	82.110	771.730	161.760	0.000	933.490	82.110		
82.120	62.370	6.930	0.000	69.300	82.120	798.690	148.280	0.000	946.970	82.120		
82.130	107.100	6.930	0.000	114.030	82.130	822.280	134.800	0.000	957.080	82.130		
82.140	157.500	11.970	1.890	171.360	82.140	832.390	117.950	0.000	950.340	82.140		
82.150	233.450	22.330	4.060	259.840	82.150	842.500	104.470	0.000	946.970	82.150		
82.160	308.560	28.420	8.120	345.100	82.160	835.760	90.990	0.000	926.750	82.160		
82.170	393.820	48.720	18.270	460.810	82.170	822.280	77.510	0.000	899.790	82.170		
82.180	466.900	81.200	28.420	576.520	82.180	795.000	63.600	0.000	858.600	82.180		
82.190	507.500	119.770	44.660	671.930	82.190	744.120	50.880	0.000	795.000	82.190		
82.200	501.410	131.950	48.720	682.080	82.200	677.340	38.160	0.000	715.500	82.200		
82.210	468.930	133.980	56.840	659.750	82.210	588.300	25.440	0.000	613.740	82.210		
82.220	440.510	138.040	66.990	645.540	82.220	477.000	15.900	0.000	492.900	82.220		
82.230	428.330	146.160	79.170	653.660	82.230	359.340	6.360	0.000	365.700	82.230		
82.240	432.390	158.340	87.290	678.020	82.240	251.220	0.000	0.000	251.220	82.240		
82.250	438.480	176.610	99.470	714.560	82.250	162.180	0.000	0.000	162.180	82.250		
82.260	448.630	196.910	113.680	759.220	82.260	95.400	0.000	0.000	95.400	82.260		
82.270	456.750	213.150	123.830	793.730	82.270	44.520	0.000	0.000	44.520	82.270		
82.280	456.750	235.480	136.010	828.240	82.280	15.900	0.000	0.000	15.900	82.280		
82.290	448.630	255.780	154.280	858.690	82.290	9.540	0.000	0.000	9.540	82.290		
82.300	437.500	274.750	166.250	878.500	82.300	9.540	0.000	0.000	9.540	82.300		
82.310	421.750	283.500	178.500	883.750	82.310	3.180	0.000	0.000	3.180	82.310		
82.320	402.500	292.250	192.500	887.250	82.320	3.180	0.000	0.000	3.180	82.320		
82.330	379.750	297.500	201.250	878.500	82.330	2.500	0.000	0.000	2.500	82.330		
82.340	358.750	299.250	213.500	871.500	82.340	2.500	0.000	0.000	2.500	82.340		
82.350	336.000	297.500	222.250	855.750	82.350	0.000	0.000	0.000	0.000	82.350		
82.360	315.000	297.500	231.000	843.500	82.360	0.000	0.000	0.000	0.000	82.360		
82.370	288.750	294.000	239.750	822.500	82.370	0.000	0.000	0.000	0.000	82.370		
82.380	266.000	292.250	248.500	806.750	82.380	0.000	0.000	0.000	0.000	82.380		
82.390	246.750	288.750	259.000	794.500	82.390	0.000	0.000	0.000	0.000	82.390		
82.400	229.250	287.000	266.000	782.250	82.400	0.000	0.000	0.000	0.000	82.400		
82.410	211.750	281.750	280.000	773.500	82.410	0.000	0.000	0.000	0.000	82.410		
82.420	194.250	280.000	287.000	761.250	82.420	0.000	0.000	0.000	0.000	82.420		
82.430	178.500	274.750	294.000	747.250	82.430	0.000	0.000	0.000	0.000	82.430		
82.440	161.000	271.250	306.250	738.500	82.440	0.000	0.000	0.000	0.000	82.440		
82.450	144.780	264.160	317.500	726.440	82.450	0.000	0.000	0.000	0.000	82.450		
82.460	127.000	259.080	330.200	716.280	82.460	0.000	0.000	0.000	0.000	82.460		
82.470	111.760	254.000	342.900	708.660	82.470	0.000	0.000	0.000	0.000	82.470		
82.480	99.060	248.920	355.600	703.580	82.480	0.000	0.000	0.000	0.000	82.480		
82.490	86.360	243.840	373.380	703.580	82.490	0.000	0.000	0.000	0.000	82.490		
82.500	76.200	243.840	393.700	713.740	82.500	0.000	0.000	0.000	0.000	82.500		
82.510	66.040	241.300	416.560	723.900	82.510	0.000	0.000	0.000	0.000	82.510		
82.520	58.420	238.760	434.340	731.520	82.520	0.000	0.000	0.000	0.000	82.520		
82.530	50.800	236.220	459.740	746.760	82.530	0.000	0.000	0.000	0.000	82.530		
82.540	43.180	233.680	485.140	762.000	82.540	0.000	0.000	0.000	0.000	82.540		
82.550	38.100	231.140	515.620	784.860	82.550	0.000	0.000	0.000	0.000	82.550		
82.560	33.020	228.600	546.100	807.720	82.560	0.000	0.000	0.000	0.000	82.560		
82.570	27.940	226.060	574.040	828.040	82.570	0.000	0.000	0.000	0.000	82.570		
82.580	22.860	218.440	604.520	845.820	82.580	0.000	0.000	0.000	0.000	82.580		
82.590	15.240	210.820	635.000	861.060	82.590	0.000	0.000	0.000	0.000	82.590		
82.600	11.010	205.520	667.940	884.470	82.600	0.000	0.000	0.000	0.000	82.600		
82.610	7.340	198.180	700.970	906.490	82.610	0.000	0.000	0.000	0.000	82.610		
82.620	7.340	190.840	730.330	928.510	82.620	0.000	0.000	0.000	0.000	82.620		
82.630	3.670	179.830	763.360	946.860	82.630	0.000	0.000	0.000	0.000	82.630		
82.640	0.000	172.490	796.390	968.880	82.640	0.000	2.420	0.000	2.420	82.640		
82.650	0.000	157.810	822.080	979.890	82.650	0.000	4.840	0.000	4.840	82.650		
82.660	0.000	146.800	847.770	994.570	82.660	0.000	2.420	0.000	2.420	82.660		
82.670	0.000	132.120	877.130	1009.250	82.670	0.000	2.420	0.000	2.420	82.670		
82.680	0.000	124.780	891.810	1016.590	82.680	0.000	0.000	0.000	0.000	82.680		
82.690	0.000	110.100	906.490	1016.590	82.690	0.000	9.680	43.560	53.240	82.690		
82.700	0.000	99.090	913.830	1012.920	82.700	0.000	16.940	116.160	133.100	82.700		
82.710	0.000	88.080	917.500	1005.580	82.710	0.000	21.780	181.500	203.280	82.710		
82.720	0.000	77.070	906.490	983.560	82.720	0.000	24.200	234.740	258.940	82.720		
82.730	0.000	69.730	888.140	957.870	82.730	0.000	31.460	312.180	343.640	82.730		
82.740	0.000	55.050	862.450	917.500	82.740	0.000	36.300	411.400	447.700	82.740		
82.750	0.000	46.480	830.000	876.480	82.750	4.840	48.400	500.940	554.180	82.750		
82.760	0.000	36.520	776.880	813.400	82.760	9.680	67.760	561.440	638.880	82.760		
82.770	0.000	26.560	717.120	743.680	82.770	24.200	111.320	605.000	740.520	82.770		
82.780	0.000	13.280	630.800	644.080	82.780	51.870	140.790	617.500	810.160	82.780		
82.790	0.000	0.000	527.880	527.880	82.790	64.220	145.730	587.860	797.810	82.790		
82.800	0.000	0.000	408.360	408.360	82.800	81.510	153.140	538.460	773.110	82.800		
82.810	0.000	0.000	292.160	292.160	82.810	106.210	170.430	503.880	780.520	82.810		
82.820	0.000	0.000	189.240	189.240	82.820	128.440	190.190	484.120	802.750	82.820		
82.830	0.000	0.000	109.560	109.560	82.830	155.610	217.360	471.770	844.740	82.830		
82.840	0.000	0.000	59.760	59.760	82.840	175.370	239.590	469.300	884.260	82.840		
82.850	0.000	0.000	33.200	33.200	82.850	190.190	256.880	464.360	911.430	82.850		
82.860	0.000	0.000	29.880	29.880	82.860	207.480	271.700	456.950	936.130	82.860		
82.870	0.000	0.000	29.880	29.880	82.870	219.830	281.580	444.600	946.010	82.870		
82.880	0.000	0.000	26.560	26.560	82.880	232.180	291.460	429.780	953.420	82.880		
82.890	0.000	0.000	23.240	23.240	82.890	242.060	296.400	414.960	953.420	82.890		
82.900	0.000	0.000	22.500	22.500	82.900	249.470	301.340	390.260	941.070	82.900		
82.910	0.000	0.000	22.500	22.500	82.910	259.350	296.400	358.150	913.900	82.910		
82.920	0.000	0.000	19.980	19.980	82.920	269.230	293.930	326.040	889.200	82.920		
82.930	0.000	0.000	17.460	17.460	82.930	276.330	283.650	290.970	850.950	82.930		
82.940	0.000	0.000	17.460	17.460	82.940	289.140	276.330	259.860	825.330	82.940		
82.950	0.000	0.000	17.460	17.460	82.950	298.290	269.010	228.750	796.050	82.950		
82.960	0.000	0.000	17.460	17.460	82.960	307.440	259.860	199.470	766.770	82.960		
82.970	0.000	0.000	14.940	14.940	82.970	318.420	250.710	173.850	742.980	82.970		
82.980	0.000	0.000	14.940	14.940	82.980	329.400	243.390	151.890	724.680	82.980		
82.990	0.000	0.000	14.940	14.940	82.990	338.550	236.070	131.760	706.380	82.990		
83.000	0.000	0.000	14.940	14.940	83.000	351.360	228.750	113.460	693.570	83.000		
83.010	0.000	0.000	12.420	12.420	83.010	364.170	221.430	98.820	684.420	83.010		
83.020	0.000	0.000	12.420	12.420	83.020	376.980	214.110	84.180	675.270	83.020		
83.030	0.000	0.000	9.990	9.990	83.030	391.620	208.620	71.370	671.610	83.030		
83.040	0.000	0.000	9.990	9.990	83.040	406.260	201.300	62.220	669.780	83.040		
83.050	0.000	0.000	10.000	10.000	83.050	424.560	195.810	51.240	671.610	83.050		
83.060	0.000	0.000	10.000	10.000	83.060	441.030	192.150	45.750	678.930	83.060		
83.070	0.000	0.000	7.480	7.480	83.070	457.500	186.660	43.920	688.080	83.070		
83.080	0.000	0.000	7.480	7.480	83.080	474.950	179.950	38.350	693.250	83.080		
83.090	0.000	0.000	7.480	7.480	83.090	492.650	179.950	35.400	708.000	83.090		
83.100	0.000	0.000	5.000	5.000	83.100	513.300	179.950	32.450	725.700	83.100		
83.110	0.000	0.000	7.480	7.480	83.110	531.000	174.050	32.450	737.500	83.110		
83.120	0.000	0.000	5.000	5.000	83.120	548.700	171.100	26.550	746.350	83.120		
83.130	0.000	0.000	7.480	7.480	83.130	563.450	168.150	20.650	752.250	83.130		
83.140	0.000	0.000	5.000	5.000	83.140	581.150	165.200	14.750	761.100	83.140		
83.150	0.000	0.000	5.000	5.000	83.150	598.850	162.250	14.750	775.850	83.150		
83.160	0.000	0.000	2.480	2.480	83.160	613.600	159.300	11.800	784.700	83.160		
83.170	0.000	0.000	0.000	0.000	83.170	631.300	153.400	8.850	793.550	83.170		
83.180	0.000	0.000	2.480	2.480	83.180	651.950	150.450	8.850	811.250	83.180		
83.190	0.000	0.000	2.480	2.480	83.190	669.650	147.500	5.900	823.050	83.190		
83.200	0.000	0.000	1.850	1.850	83.200	693.250	141.600	5.900	840.750	83.200		
83.210	0.000	0.000	1.850	1.850	83.210	716.850	135.700	2.950	855.500	83.210		
83.220	0.000	1.850	1.850	3.700	83.220	737.500	129.800	0.000	867.300	83.220		
83.230	0.000	1.850	1.850	3.700	83.230	757.100	117.250	0.000	874.350	83.230		
83.240	0.000	1.850	1.850	3.700	83.240	777.200	110.550	0.000	887.750	83.240		
83.250	0.000	0.000	3.700	3.700	83.250	797.300	103.850	0.000	901.150	83.250		
83.260	0.000	1.850	3.700	5.550	83.260	810.700	97.150	0.000	907.850	83.260		
83.270	14.800	3.700	0.000	18.500	83.270	827.450	87.100	0.000	914.550	83.270		
83.280	64.750	11.100	0.000	75.850	83.280	834.150	80.400	0.000	914.550	83.280		
83.290	125.800	16.650	0.000	142.450	83.290	837.500	70.350	0.000	907.850	83.290		
83.300	194.250	22.200	0.000	216.450	83.300	830.800	60.300	0.000	891.100	83.300		
83.310	259.000	24.050	1.850	284.900	83.310	817.400	53.600	0.000	871.000	83.310		
83.320	331.150	31.450	3.700	366.300	83.320	797.300	46.900	0.000	844.200	83.320		
83.330	394.050	38.850	9.250	442.150	83.330	770.500	36.850	0.000	807.350	83.330		
83.340	462.500	53.650	14.800	530.950	83.340	726.950	26.800	0.000	753.750	83.340		
83.350	519.830	77.180	20.430	617.440	83.350	666.650	16.750	0.000	683.400	83.350		
83.360	549.340	106.690	29.510	685.540	83.360	589.600	6.700	0.000	596.300	83.360		
83.370	551.610	133.930	36.320	721.860	83.370	499.150	0.000	0.000	499.150	83.370		
83.380	537.990	149.820	45.400	733.210	83.380	377.500	0.000	0.000	377.500	83.380		
83.390	533.450	167.980	63.560	764.990	83.390	271.800	0.000	0.000	271.800	83.390		
83.400	537.990	188.410	83.990	810.390	83.400	176.670	0.000	0.000	176.670	83.400		
83.410	549.340	208.840	95.340	853.520	83.410	101.170	0.000	0.000	101.170	83.410		
83.420	560.690	233.810	113.500	908.000	83.420	49.830	0.000	0.000	49.830	83.420		
83.430	567.500	256.510	129.390	953.400	83.430	21.140	0.000	0.000	21.140	83.430		
83.440	567.500	276.940	140.740	985.180	83.440	16.610	0.000	0.000	16.610	83.440		
83.450	558.420	290.560	152.090	1001.070	83.450	13.590	0.000	4.530	18.120	83.450		
83.460	547.070	306.450	163.440	1016.960	83.460	9.060	0.000	4.530	13.590	83.460		
83.470	528.910	313.260	177.060	1019.230	83.470	9.060	0.000	1.510	10.570	83.470		
83.480	503.940	322.340	183.870	1010.150	83.480	9.060	0.000	0.000	9.060	83.480		
83.490	476.700	322.340	190.680	989.720	83.490	4.530	0.000	0.000	4.530	83.490		
83.500	447.500	318.620	198.690	964.810	83.500	4.530	0.000	0.000	4.530	83.500		
83.510	411.700	309.670	204.060	925.430	83.510	4.530	0.000	0.000	4.530	83.510		
83.520	381.270	300.720	205.850	887.840	83.520	1.510	0.000	0.000	1.510	83.520		
83.530	354.420	293.560	205.850	853.830	83.530	2.500	0.000	0.000	2.500	83.530		
83.540	325.780	284.610	211.220	821.610	83.540	2.500	0.000	0.000	2.500	83.540		
83.550	300.720	273.870	211.220	785.810	83.550	0.000	0.000	2.500	2.500	83.550		
83.560	273.870	266.710	214.800	755.380	83.560	0.000	0.000	0.000	0.000	83.560		
83.570	252.390	259.550	218.380	730.320	83.570	0.000	0.000	2.500	2.500	83.570		
83.580	229.120	254.180	223.750	707.050	83.580	0.000	0.000	2.500	2.500	83.580		
83.590	204.060	248.810	230.910	683.780	83.590	0.000	0.000	2.500	2.500	83.590		
83.600	186.160	247.020	236.280	669.460	83.600	0.000	0.000	2.500	2.500	83.600		
83.610	171.840	243.440	243.440	658.720	83.610	0.000	0.000	2.500	2.500	83.610		
83.620	155.730	241.650	252.390	649.770	83.620	0.000	0.000	0.000	0.000	83.620		
83.630	144.990	243.440	261.340	649.770	83.630	0.000	0.000	0.000	0.000	83.630		
83.640	132.460	247.020	273.870	653.350	83.640	0.000	0.000	0.000	0.000	83.640		
83.650	121.370	249.610	283.960	654.940	83.650	0.000	0.000	2.500	2.500	83.650		
83.660	114.500	254.190	299.990	668.680	83.660	0.000	0.000	0.000	0.000	83.660		
83.670	105.340	261.060	313.730	680.130	83.670	0.000	0.000	0.000	0.000	83.670		
83.680	100.760	267.930	327.470	696.160	83.680	0.000	0.000	0.000	0.000	83.680		
83.690	96.180	274.800	341.210	712.190	83.690	0.000	0.000	0.000	0.000	83.690		
83.700	91.600	283.960	359.530	735.090	83.700	0.000	0.000	0.000	0.000	83.700		
83.710	87.020	293.120	377.850	757.990	83.710	0.000	0.000	0.000	0.000	83.710		
83.720	82.440	304.570	403.040	790.050	83.720	0.000	0.000	0.000	0.000	83.720		
83.730	73.280	311.440	425.940	810.660	83.730	0.000	0.000	0.000	0.000	83.730		
83.740	66.410	316.020	448.840	831.270	83.740	0.000	0.000	0.000	0.000	83.740		
83.750	61.830	320.600	474.030	856.460	83.750	0.000	0.000	0.000	0.000	83.750		
83.760	57.250	327.470	496.930	881.650	83.760	0.000	0.000	0.000	0.000	83.760		
83.770	48.090	329.760	519.830	897.680	83.770	0.000	0.000	0.000	0.000	83.770		
83.780	43.510	329.760	542.730	916.000	83.780	0.000	0.000	0.000	0.000	83.780		
83.790	36.640	322.890	572.500	932.030	83.790	0.000	2.500	0.000	2.500	83.790		
83.800	31.000	313.100	604.500	948.600	83.800	0.000	2.500	0.000	2.500	83.800		
83.810	21.700	297.600	632.400	951.700	83.810	0.000	2.500	0.000	2.500	83.810		
83.820	12.400	282.100	657.200	951.700	83.820	0.000	2.500	0.000	2.500	83.820		
83.830	6.200	260.400	688.200	954.800	83.830	0.000	2.310	0.000	2.310	83.830		
83.840	3.100	244.900	713.000	961.000	83.840	0.000	6.930	16.170	23.100	83.840		
83.850	0.000	220.100	737.800	957.900	83.850	0.000	13.860	76.230	90.090	83.850		
83.860	0.000	198.400	753.300	951.700	83.860	0.000	18.480	140.910	159.390	83.860		
83.870	0.000	176.700	771.900	948.600	83.870	0.000	20.790	191.730	212.520	83.870		
83.880	0.000	155.000	775.000	930.000	83.880	0.000	20.790	247.170	267.960	83.880		
83.890	0.000	136.400	768.800	905.200	83.890	0.000	25.410	325.710	351.120	83.890		
83.900	0.000	117.800	759.500	877.300	83.900	0.000	32.340	404.250	436.590	83.900		
83.910	0.000	105.400	734.700	840.100	83.910	4.620	41.580	478.170	524.370	83.910		
83.920	0.000	89.900	706.800	796.700	83.920	11.550	53.130	531.300	595.980	83.920		
83.930	0.000	77.500	657.200	734.700	83.930	18.480	80.850	565.950	665.280	83.930		
83.940	0.000	62.000	592.100	654.100	83.940	27.720	106.260	577.500	711.480	83.940		
83.950	0.000	40.800	510.000	550.800	83.950	41.580	117.810	552.090	711.480	83.950		
83.960	0.000	26.520	399.840	426.360	83.960	55.440	127.050	519.750	702.240	83.960		
83.970	0.000	12.240	295.800	308.040	83.970	73.920	140.910	503.580	718.410	83.970		
83.980	0.000	2.040	206.040	208.080	83.980	93.740	163.500	507.940	765.180	83.980		
83.990	0.000	0.000	134.640	134.640	83.990	113.360	183.120	518.840	815.320	83.990		
84.000	0.000	0.000	81.600	81.600	84.000	128.620	207.100	534.100	869.820	84.000		
84.010	0.000	0.000	44.880	44.880	84.010	141.700	226.720	545.000	913.420	84.010		
84.020	0.000	0.000	26.520	26.520	84.020	154.780	244.160	545.000	943.940	84.020		
84.030	0.000	0.000	22.440	22.440	84.030	163.500	257.240	538.460	959.200	84.030		
84.040	0.000	0.000	18.360	18.360	84.040	174.400	263.780	525.380	963.560	84.040		
84.050	0.000	0.000	16.320	16.320	84.050	180.940	276.860	512.300	970.100	84.050		
84.060	0.000	0.000	16.320	16.320	84.060	191.840	281.220	490.500	963.560	84.060		
84.070	0.000	0.000	16.320	16.320	84.070	196.200	281.220	464.340	941.760	84.070		
84.080	0.000	0.000	14.280	14.280	84.080	204.920	281.220	433.820	919.960	84.080		
84.090	0.000	0.000	14.280	14.280	84.090	209.280	276.860	403.300	889.440	84.090		
84.100	0.000	0.000	12.500	12.500	84.100	213.640	272.500	377.140	863.280	84.100		
84.110	0.000	0.000	12.500	12.500	84.110	218.000	268.140	350.980	837.120	84.110		
84.120	0.000	0.000	12.500	12.500	84.120	224.540	265.960	329.180	819.680	84.120		
84.130	0.000	0.000	12.500	12.500	84.130	231.040	261.440	302.480	794.960	84.130		
84.140	0.000	0.000	10.000	10.000	84.140	237.120	259.920	276.640	773.680	84.140		
84.150	0.000	0.000	10.000	10.000	84.150	244.720	253.840	253.840	752.400	84.150		
84.160	0.000	0.000	10.000	10.000	84.160	249.280	252.320	234.080	735.680	84.160		
84.170	0.000	0.000	10.000	10.000	84.170	256.880	249.280	214.320	720.480	84.170		
84.180	0.000	0.000	7.500	7.500	84.180	266.000	246.240	194.560	706.800	84.180		
84.190	0.000	0.000	10.000	10.000	84.190	273.600	246.240	179.360	699.200	84.190		
84.200	0.000	0.000	7.500	7.500	84.200	287.280	244.720	161.120	693.120	84.200		
84.210	0.000	0.000	7.500	7.500	84.210	296.400	244.720	147.440	688.560	84.210		
84.220	0.000	0.000	7.500	7.500	84.220	311.600	246.240	133.760	691.600	84.220		
84.230	0.000	0.000	7.500	7.500	84.230	322.240	246.240	124.640	693.120	84.230		
84.240	0.000	0.000	5.000	5.000	84.240	337.440	249.280	114.000	700.720	84.240		
84.250	0.000	0.000	5.000	5.000	84.250	351.120	252.320	106.400	709.840	84.250		
84.260	0.000	0.000	5.000	5.000	84.260	366.320	253.840	98.800	718.960	84.260		
84.270	0.000	0.000	2.500	2.500	84.270	380.000	259.920	94.240	734.160	84.270		
84.280	0.000	0.000	5.000	5.000	84.280	399.000	263.340	87.780	750.120	84.280		
84.290	0.000	0.000	2.500	2.500	84.290	414.960	266.000	82.460	763.420	84.290		
84.300	0.000	0.000	2.500	2.500	84.300	430.920	268.660	77.140	776.720	84.300		
84.310	0.000	0.000	0.000	0.000	84.310	449.540	271.320	71.820	792.680	84.310		
84.320	0.000	0.000	2.500	2.500	84.320	462.840	271.320	63.840	798.000	84.320		
84.330	0.000	0.000	0.000	0.000	84.330	478.800	268.660	58.520	805.980	84.330		
84.340	0.000	0.000	0.000	0.000	84.340	497.420	268.660	50.540	816.620	84.340		
84.350	0.000	0.000	0.000	0.000	84.350	516.040	266.000	45.220	827.260	84.350		
84.360	0.000	0.000	0.000	0.000	84.360	534.660	266.000	42.560	843.220	84.360		
84.370	0.000	0.000	0.000	0.000	84.370	555.940	266.000	39.900	861.840	84.370		
84.380	0.000	0.000	0.000	0.000	84.380	579.880	260.680	37.240	877.800	84.380		
84.390	0.000	0.000	0.000	0.000	84.390	598.500	252.700	31.920	883.120	84.390		
84.400	0.000	1.930	0.000	1.930	84.400	622.440	242.060	23.940	888.440	84.400		
84.410	0.000	1.930	0.000	1.930	84.410	643.720	228.760	15.960	888.440	84.410		
84.420	0.000	5.790	0.000	5.790	84.420	665.000	215.460	10.640	891.100	84.420		
84.430	0.000	3.860	0.000	3.860	84.430	688.560	199.320	6.040	893.920	84.430		
84.440	0.000	5.790	0.000	5.790	84.440	709.700	181.200	3.020	893.920	84.440		
84.450	19.300	9.650	0.000	28.950	84.450	727.820	166.100	0.000	893.920	84.450		
84.460	55.970	13.510	0.000	69.480	84.460	742.920	154.020	0.000	896.940	84.460		
84.470	106.150	17.370	0.000	123.520	84.470	751.980	135.900	0.000	887.880	84.470		
84.480	162.120	21.230	1.930	185.280	84.480	755.000	120.800	0.000	875.800	84.480		
84.490	218.090	23.160	1.930	243.180	84.490	751.980	108.720	0.000	860.700	84.490		
84.500	274.060	28.950	3.860	306.870	84.500	739.900	99.660	0.000	839.560	84.500		
84.510	328.100	38.600	9.650	376.350	84.510	724.800	87.580	0.000	812.380	84.510		
84.520	391.790	52.110	13.510	457.410	84.520	706.680	81.540	0.000	788.220	84.520		
84.530	443.900	71.410	21.230	536.540	84.530	676.480	72.480	0.000	748.960	84.530		
84.540	482.500	111.940	30.880	625.320	84.540	631.180	60.400	0.000	691.580	84.540		
84.550	487.080	136.620	43.560	667.260	84.550	567.760	51.340	0.000	619.100	84.550		
84.560	467.280	148.500	49.500	665.280	84.560	495.280	39.260	0.000	534.540	84.560		
84.570	447.480	162.360	61.380	671.220	84.570	410.720	27.180	0.000	437.900	84.570		
84.580	441.540	176.220	77.220	694.980	84.580	305.000	17.080	0.000	322.080	84.580		
84.590	447.480	196.020	93.060	736.560	84.590	217.160	9.760	0.000	226.920	84.590		
84.600	459.360	215.820	110.880	786.060	84.600	141.520	2.440	0.000	143.960	84.600		
84.610	473.220	241.560	128.700	843.480	84.610	84.180	0.000	0.000	84.180	84.610		
84.620	487.080	267.300	146.520	900.900	84.620	43.920	0.000	0.000	43.920	84.620		
84.630	495.000	289.080	162.360	946.440	84.630	19.520	0.000	0.000	19.520	84.630		
84.640	491.040	306.900	174.240	972.180	84.640	14.640	0.000	0.000	14.640	84.640		
84.650	481.140	320.760	184.140	986.040	84.650	12.200	0.000	0.000	12.200	84.650		
84.660	469.260	330.660	194.040	993.960	84.660	7.320	0.000	4.880	12.200	84.660		
84.670	451.440	336.600	203.940	991.980	84.670	9.760	0.000	4.880	14.640	84.670		
84.680	429.660	340.560	209.880	980.100	84.680	7.320	0.000	2.440	9.760	84.680		
84.690	405.900	340.560	213.840	960.300	84.690	7.320	0.000	2.440	9.760	84.690		
84.700	382.500	341.190	218.790	942.480	84.700	4.880	0.000	2.440	7.320	84.700		
84.710	356.490	339.660	224.910	921.060	84.710	4.880	0.000	0.000	4.880	84.710		
84.720	333.540	333.540	226.440	893.520	84.720	2.440	0.000	0.000	2.440	84.720		
84.730	312.120	332.010	229.500	873.630	84.730	2.500	0.000	0.000	2.500	84.730		
84.740	289.170	327.420	231.030	847.620	84.740	2.500	0.000	0.000	2.500	84.740		
84.750	266.220	321.300	234.090	821.610	84.750	2.500	0.000	0.000	2.500	84.750		
84.760	244.800	316.710	238.680	800.190	84.760	0.000	0.000	2.500	2.500	84.760		
84.770	224.910	313.650	241.740	780.300	84.770	0.000	0.000	0.000	0.000	84.770		
84.780	206.550	312.120	244.800	763.470	84.780	0.000	0.000	2.500	2.500	84.780		
84.790	189.720	309.060	249.390	748.170	84.790	0.000	0.000	2.500	2.500	84.790		
84.800	174.420	304.470	252.450	731.340	84.800	0.000	0.000	2.500	2.500	84.800		
84.810	163.710	304.470	257.040	725.220	84.810	0.000	0.000	0.000	0.000	84.810		
84.820	154.530	306.000	258.570	719.100	84.820	0.000	0.000	0.000	0.000	84.820		
84.830	143.820	306.000	261.630	711.450	84.830	0.000	0.000	2.500	2.500	84.830		
84.840	139.230	312.120	266.220	717.570	84.840	0.000	0.000	2.500	2.500	84.840		
84.850	133.650	313.500	268.950	716.100	84.850	0.000	0.000	0.000	0.000	84.850		
84.860	128.700	316.800	277.200	722.700	84.860	0.000	0.000	0.000	0.000	84.860		
84.870	128.700	321.750	282.150	732.600	84.870	0.000	0.000	0.000	0.000	84.870		
84.880	127.050	323.400	288.750	739.200	84.880	0.000	0.000	0.000	0.000	84.880		
84.890	127.050	334.950	293.700	755.700	84.890	0.000	0.000	0.000	0.000	84.890		
84.900	127.050	339.900	301.950	768.900	84.900	0.000	0.000	0.000	0.000	84.900		
84.910	127.050	349.800	313.500	790.350	84.910	0.000	0.000	0.000	0.000	84.910		
84.920	123.750	356.400	323.400	803.550	84.920	0.000	0.000	0.000	0.000	84.920		
84.930	122.100	364.650	334.950	821.700	84.930	0.000	0.000	0.000	0.000	84.930		
84.940	122.100	371.250	344.850	838.200	84.940	0.000	0.000	0.000	0.000	84.940		
84.950	122.100	379.500	354.750	856.350	84.950	0.000	0.000	0.000	0.000	84.950		
84.960	118.800	391.050	366.300	876.150	84.960	0.000	0.000	0.000	0.000	84.960		
84.970	117.150	399.300	379.500	895.950	84.970	0.000	0.000	0.000	0.000	84.970		
84.980	113.850	405.900	391.050	910.800	84.980	0.000	0.000	0.000	0.000	84.980		
84.990	103.950	412.500	405.900	922.350	84.990	0.000	2.500	0.000	2.500	84.990		
85.000	93.480	410.820	420.660	924.960	85.000	0.000	2.500	0.000	2.500	85.000		
85.010	83.640	410.820	435.420	929.880	85.010	0.000	5.000	0.000	5.000	85.010		
85.020	73.800	405.900	452.640	932.340	85.020	0.000	5.000	0.000	5.000	85.020		
85.030	63.960	400.980	472.320	937.260	85.030	0.000	1.740	0.000	1.740	85.030		
85.040	54.120	391.140	489.540	934.800	85.040	0.000	1.740	0.000	1.740	85.040		
85.050	44.280	378.840	506.760	929.880	85.050	0.000	6.960	19.140	26.100	85.050		
85.060	36.900	361.620	526.440	924.960	85.060	0.000	12.180	60.900	73.080	85.060		
85.070	27.060	339.480	543.660	910.200	85.070	0.000	19.140	109.620	128.760	85.070		
85.080	14.760	309.960	563.340	888.060	85.080	0.000	20.880	146.160	167.040	85.080		
85.090	7.380	275.520	580.560	863.460	85.090	0.000	20.880	174.000	194.880	85.090		
85.100	0.000	243.540	592.860	836.400	85.100	0.000	19.140	212.280	231.420	85.100		
85.110	0.000	214.020	605.160	819.180	85.110	0.000	24.360	259.260	283.620	85.110		
85.120	0.000	182.040	610.080	792.120	85.120	1.740	26.100	306.240	334.080	85.120		
85.130	0.000	157.440	615.000	772.440	85.130	3.480	31.320	344.520	379.320	85.130		
85.140	0.000	132.840	605.160	738.000	85.140	8.700	41.760	381.060	431.520	85.140		
85.150	0.000	113.280	590.000	703.280	85.150	12.180	53.940	408.900	475.020	85.150		
85.160	0.000	96.760	564.040	660.800	85.160	24.360	74.820	426.300	525.480	85.160		
85.170	0.000	80.240	528.640	608.880	85.170	41.760	88.740	435.000	565.500	85.170		
85.180	0.000	66.080	488.520	554.600	85.180	57.500	98.900	434.700	591.100	85.180		
85.190	0.000	54.280	436.600	490.880	85.190	71.300	108.100	437.000	616.400	85.190		
85.200	0.000	37.760	375.240	413.000	85.200	87.400	121.900	443.900	653.200	85.200		
85.210	0.000	25.960	309.160	335.120	85.210	98.900	135.700	464.600	699.200	85.210		
85.220	0.000	14.160	226.560	240.720	85.220	115.000	151.800	489.900	756.700	85.220		
85.230	0.000	4.720	155.760	160.480	85.230	121.900	167.900	519.800	809.600	85.230		
85.240	0.000	0.000	106.200	106.200	85.240	131.100	186.300	547.400	864.800	85.240		
85.250	0.000	0.000	68.440	68.440	85.250	135.700	197.800	561.200	894.700	85.250		
85.260	0.000	0.000	44.840	44.840	85.260	144.900	211.600	570.400	926.900	85.260		
85.270	0.000	0.000	25.960	25.960	85.270	149.500	220.800	575.000	945.300	85.270		
85.280	0.000	0.000	23.600	23.600	85.280	156.400	230.000	568.100	954.500	85.280		
85.290	0.000	0.000	18.880	18.880	85.290	161.000	234.600	558.900	954.500	85.290		
85.300	0.000	0.000	17.500	17.500	85.300	163.300	236.900	542.800	943.000	85.300		
85.310	0.000	0.000	14.980	14.980	85.310	163.300	236.900	531.300	931.500	85.310		
85.320	0.000	0.000	14.980	14.980	85.320	165.600	236.900	517.500	920.000	85.320		
85.330	0.000	0.000	14.980	14.980	85.330	169.150	236.810	497.500	903.460	85.330		
85.340	0.000	0.000	12.460	12.460	85.340	169.150	234.820	481.580	885.550	85.340		
85.350	0.000	0.000	12.460	12.460	85.350	169.150	228.850	461.680	859.680	85.350		
85.360	0.000	0.000	9.940	9.940	85.360	171.140	226.860	441.780	839.780	85.360		
85.370	0.000	0.000	12.460	12.460	85.370	171.140	224.870	423.870	819.880	85.370		
85.380	0.000	0.000	9.940	9.940	85.380	171.140	218.900	405.960	796.000	85.380		
85.390	0.000	0.000	9.940	9.940	85.390	173.130	216.910	392.030	782.070	85.390		
85.400	0.000	0.000	12.460	12.460	85.400	173.130	216.910	378.100	768.140	85.400		
85.410	0.000	0.000	9.940	9.940	85.410	177.110	214.920	364.170	756.200	85.410		
85.420	0.000	0.000	9.940	9.940	85.420	181.090	216.910	352.230	750.230	85.420		
85.430	0.000	0.000	7.490	7.490	85.430	183.080	218.900	344.270	746.250	85.430		
85.440	0.000	0.000	9.940	9.940	85.440	189.050	220.890	336.310	746.250	85.440		
85.450	0.000	0.000	10.000	10.000	85.450	193.030	226.860	326.360	746.250	85.450		
85.460	0.000	0.000	7.500	7.500	85.460	204.970	234.820	318.400	758.190	85.460		
85.470	0.000	0.000	7.500	7.500	85.470	210.940	238.800	312.430	762.170	85.470		
85.480	0.000	0.000	7.500	7.500	85.480	222.180	246.330	299.460	767.970	85.480		
85.490	0.000	0.000	7.500	7.500	85.490	231.840	254.380	291.410	777.630	85.490		
85.500	0.000	0.000	5.000	5.000	85.500	244.720	259.210	281.750	785.680	85.500		
85.510	0.000	0.000	7.500	7.500	85.510	254.380	268.870	273.700	796.950	85.510		
85.520	0.000	0.000	7.500	7.500	85.520	264.040	273.700	268.870	806.610	85.520		
85.530	0.000	0.000	7.500	7.500	85.530	276.920	278.530	259.210	814.660	85.530		
85.540	0.000	0.000	7.500	7.500	85.540	286.580	286.580	251.160	824.320	85.540		
85.550	0.000	0.000	10.000	10.000	85.550	299.460	291.410	241.500	832.370	85.550		
85.560	0.000	0.000	10.000	10.000	85.560	309.120	296.240	231.840	837.200	85.560		
85.570	0.000	0.000	10.000	10.000	85.570	322.000	299.460	218.960	840.420	85.570		
85.580	0.000	0.000	10.000	10.000	85.580	336.490	304.290	209.300	850.080	85.580		
85.590	0.000	0.000	12.500	12.500	85.590	350.980	305.900	196.420	853.300	85.590		
85.600	0.000	0.000	9.660	9.660	85.600	368.690	305.900	181.930	856.520	85.600		
85.610	0.000	0.000	9.660	9.660	85.610	381.570	304.290	164.220	850.080	85.610		
85.620	0.000	0.000	9.660	9.660	85.620	402.500	299.460	141.680	843.640	85.620		
85.630	0.000	0.000	9.660	9.660	85.630	425.850	288.150	117.300	831.300	85.630		
85.640	0.000	0.000	9.660	9.660	85.640	451.350	275.400	96.900	823.650	85.640		
85.650	0.000	0.000	9.660	9.660	85.650	479.400	260.100	76.500	816.000	85.650		
85.660	0.000	0.000	6.900	6.900	85.660	507.450	239.700	56.100	803.250	85.660		
85.670	4.140	1.380	6.900	12.420	85.670	535.500	216.750	45.900	798.150	85.670		
85.680	16.560	12.420	4.140	33.120	85.680	563.550	191.250	38.250	793.050	85.680		
85.690	31.740	26.220	6.900	64.860	85.690	591.600	168.300	33.150	793.050	85.690		
85.700	64.860	41.400	9.660	115.920	85.700	617.100	142.800	25.500	785.400	85.700		
85.710	121.440	53.820	12.420	187.680	85.710	632.400	127.500	17.850	777.750	85.710		
85.720	204.240	84.180	31.740	320.160	85.720	637.500	112.200	10.200	759.900	85.720		
85.730	287.040	106.260	52.440	445.740	85.730	629.850	96.900	2.550	729.300	85.730		
85.740	345.000	124.200	64.860	534.060	85.740	612.000	81.600	0.000	693.600	85.740		
85.750	354.480	126.600	69.630	550.710	85.750	581.400	68.850	0.000	650.250	85.750		
85.760	348.150	130.820	75.960	554.930	85.760	538.050	56.100	0.000	594.150	85.760		
85.770	348.150	132.930	84.400	565.480	85.770	489.600	43.350	0.000	532.950	85.770		
85.780	354.480	137.150	88.620	580.250	85.780	425.000	32.300	0.000	457.300	85.780		
85.790	360.810	139.260	94.950	595.020	85.790	340.000	18.700	0.000	358.700	85.790		
85.800	375.580	145.590	99.170	620.340	85.800	256.700	8.500	0.000	265.200	85.800		
85.810	398.790	156.140	103.390	658.320	85.810	176.800	3.400	0.000	180.200	85.810		
85.820	424.110	168.800	109.720	702.630	85.820	113.900	1.700	0.000	115.600	85.820		
85.830	455.760	181.460	116.050	753.270	85.830	71.400	0.000	0.000	71.400	85.830		
85.840	481.080	194.120	116.050	791.250	85.840	42.500	0.000	1.700	44.200	85.840		
85.850	504.290	204.670	122.380	831.340	85.850	23.800	0.000	3.400	27.200	85.850		
85.860	519.060	213.110	124.490	856.660	85.860	17.000	0.000	6.800	23.800	85.860		
85.870	527.500	225.770	130.820	884.090	85.870	11.900	0.000	8.500	20.400	85.870		
85.880	527.500	232.100	132.930	892.530	85.880	8.500	0.000	11.900	20.400	85.880		
85.890	521.170	232.100	137.150	890.420	85.890	6.800	0.000	8.500	15.300	85.890		
85.900	512.500	231.650	139.400	883.550	85.900	3.400	0.000	6.800	10.200	85.900		
85.910	504.300	231.650	139.400	875.350	85.910	3.400	0.000	3.400	6.800	85.910		
85.920	489.950	229.600	141.450	861.000	85.920	1.700	0.000	3.400	5.100	85.920		
85.930	479.700	225.500	141.450	846.650	85.930	2.500	0.000	5.000	7.500	85.930		
85.940	469.450	221.400	139.400	830.250	85.940	2.500	0.000	5.000	7.500	85.940		
85.950	459.200	217.300	139.400	815.900	85.950	0.000	0.000	5.000	5.000	85.950		
85.960	448.950	211.150	137.350	797.450	85.960	0.000	0.000	5.000	5.000	85.960		
85.970	444.850	209.100	131.200	785.150	85.970	0.000	0.000	5.000	5.000	85.970		
85.980	444.850	207.050	127.100	779.000	85.980	0.000	0.000	5.000	5.000	85.980		
85.990	444.850	200.900	120.950	766.700	85.990	0.000	0.000	5.000	5.000	85.990		
86.000	448.950	196.800	114.800	760.550	86.000	0.000	0.000	5.000	5.000	86.000		
86.010	453.050	194.750	106.600	754.400	86.010	0.000	0.000	5.000	5.000	86.010		
86.020	459.200	190.650	102.500	752.350	86.020	0.000	0.000	5.000	5.000	86.020		
86.030	467.400	188.600	96.350	752.350	86.030	0.000	0.000	5.000	5.000	86.030		
86.040	473.550	186.550	86.100	746.200	86.040	0.000	0.000	5.000	5.000	86.040		
86.050	478.970	185.680	82.290	746.940	86.050	0.000	0.000	5.000	5.000	86.050		
86.060	483.190	183.570	75.960	742.720	86.060	0.000	0.000	5.000	5.000	86.060		
86.070	489.520	181.460	73.850	744.830	86.070	0.000	0.000	5.000	5.000	86.070		
86.080	493.740	181.460	69.630	744.830	86.080	0.000	0.000	5.000	5.000	86.080		
86.090	497.960	181.460	65.410	744.830	86.090	0.000	0.000	5.000	5.000	86.090		
86.100	506.400	183.570	65.410	755.380	86.100	0.000	0.000	5.000	5.000	86.100		
86.110	514.840	183.570	65.410	763.820	86.110	0.000	0.000	5.000	5.000	86.110		
86.120	519.060	185.680	63.300	768.040	86.120	0.000	0.000	5.000	5.000	86.120		
86.130	523.280	189.900	63.300	776.480	86.130	0.000	0.000	7.480	7.480	86.130		
86.140	527.500	192.010	63.300	782.810	86.140	0.000	0.000	7.480	7.480	86.140		
86.150	527.500	192.010	63.300	782.810	86.150	0.000	0.000	7.480	7.480	86.150		
86.160	523.280	194.120	65.410	782.810	86.160	0.000	0.000	7.480	7.480	86.160		
86.170	523.280	196.230	69.630	789.140	86.170	0.000	0.000	7.480	7.480	86.170		
86.180	523.280	198.340	71.740	793.360	86.180	0.000	0.000	10.000	10.000	86.180		
86.190	523.280	200.450	73.850	797.580	86.190	0.000	0.000	10.000	10.000	86.190		
86.200	523.980	204.480	76.680	805.140	86.200	0.000	2.480	10.000	12.480	86.200		
86.210	528.240	208.740	76.680	813.660	86.210	0.000	2.480	10.000	12.480	86.210		
86.220	528.240	210.870	78.810	817.920	86.220	0.000	2.480	10.000	12.480	86.220		
86.230	532.500	217.260	80.940	830.700	86.230	0.000	4.680	9.360	14.040	86.230		
86.240	528.240	219.390	80.940	828.570	86.240	0.000	7.020	7.020	14.040	86.240		
86.250	526.110	223.650	83.070	832.830	86.250	0.000	9.360	4.680	14.040	86.250		
86.260	521.850	225.780	87.330	834.960	86.260	0.000	11.700	4.680	16.380	86.260		
86.270	515.460	227.910	89.460	832.830	86.270	0.000	14.040	4.680	18.720	86.270		
86.280	509.070	234.300	91.590	834.960	86.280	0.000	14.040	4.680	18.720	86.280		
86.290	498.420	238.560	93.720	830.700	86.290	0.000	16.380	7.020	23.400	86.290		
86.300	489.900	238.560	95.850	824.310	86.300	0.000	16.380	4.680	21.060	86.300		
86.310	474.990	240.690	97.980	813.660	86.310	0.000	19.890	4.680	24.570	86.310		
86.320	457.950	244.950	97.980	800.880	86.320	0.000	24.570	39.780	64.350	86.320		
86.330	443.040	244.950	95.850	783.840	86.330	2.340	29.250	84.240	115.830	86.330		
86.340	428.130	244.950	95.850	768.930	86.340	0.000	31.590	129.870	161.460	86.340		
86.350	407.500	239.610	96.170	743.280	86.350	0.000	37.440	181.350	218.790	86.350		
86.360	386.310	239.610	96.170	722.090	86.360	4.680	44.460	242.190	291.330	86.360		
86.370	363.490	234.720	94.540	692.750	86.370	7.020	57.330	292.500	356.850	86.370		
86.380	337.410	229.830	89.650	656.890	86.380	17.490	71.550	329.130	418.170	86.380		
86.390	306.440	221.680	86.390	614.510	86.390	27.030	89.040	338.670	454.740	86.390		
86.400	273.840	216.790	84.760	575.390	86.400	34.980	93.810	332.310	461.100	86.400		
86.410	241.240	208.640	81.500	531.380	86.410	41.340	98.580	316.410	456.330	86.410		
86.420	203.750	202.120	79.870	485.740	86.420	54.060	106.530	302.100	462.690	86.420		
86.430	169.520	193.970	74.980	438.470	86.430	69.960	119.250	294.150	483.360	86.430		
86.440	133.660	187.450	74.980	396.090	86.440	81.090	131.970	297.330	510.390	86.440		
86.450	101.060	179.300	71.720	352.080	86.450	93.810	144.690	298.920	537.420	86.450		
86.460	68.460	169.520	68.460	306.440	86.460	109.710	162.180	311.640	583.530	86.460		
86.470	52.160	156.480	66.830	275.470	86.470	122.430	174.900	325.950	623.280	86.470		
86.480	37.490	143.440	61.940	242.870	86.480	131.970	184.440	338.670	655.080	86.480		
86.490	29.340	132.030	58.680	220.050	86.490	136.740	192.390	351.390	680.520	86.490		
86.500	19.780	115.000	54.740	189.520	86.500	141.510	198.750	364.110	704.370	86.500		
86.510	12.420	99.820	49.680	161.920	86.510	146.280	203.520	378.420	728.220	86.510		
86.520	7.360	87.400	44.620	139.380	86.520	151.050	209.880	397.500	758.430	86.520		
86.530	4.600	74.980	34.960	114.540	86.530	156.400	219.300	411.400	787.100	86.530		
86.540	4.600	64.860	24.840	94.300	86.540	161.500	226.100	419.900	807.500	86.540		
86.550	2.300	54.740	19.780	76.820	86.550	164.900	229.500	425.000	819.400	86.550		
86.560	2.300	47.380	12.420	62.100	86.560	170.000	234.600	425.000	829.600	86.560		
86.570	2.300	39.560	4.600	46.460	86.570	171.700	234.600	419.900	826.200	86.570		
86.580	2.300	32.200	2.300	36.800	86.580	176.800	236.300	414.800	827.900	86.580		
86.590	2.300	22.080	0.000	24.380	86.590	178.500	236.300	406.300	821.100	86.590		
86.600	2.300	14.720	0.000	17.020	86.600	181.900	239.700	401.200	822.800	86.600		
86.610	2.300	12.420	0.000	14.720	86.610	183.600	239.700	396.100	819.400	86.610		
86.620	0.000	9.660	0.000	9.660	86.620	188.700	239.700	389.300	817.700	86.620		
86.630	0.000	7.360	0.000	7.360	86.630	192.100	236.300	382.500	810.900	86.630		
86.640	0.000	7.360	0.000	7.360	86.640	193.800	236.300	377.400	807.500	86.640		
86.650	0.000	4.980	0.000	4.980	86.650	197.200	234.600	372.300	804.100	86.650		
86.660	0.000	2.490	0.000	2.490	86.660	197.200	234.600	367.200	799.000	86.660		
86.670	0.000	0.000	0.000	0.000	86.670	197.200	231.200	363.800	792.200	86.670		
86.680	0.000	0.000	2.490	2.490	86.680	199.320	231.030	363.910	794.260	86.680		
86.690	0.000	0.000	2.490	2.490	86.690	199.320	231.030	362.400	792.750	86.690		
86.700	0.000	0.000	2.490	2.490	86.700	202.340	231.030	362.400	795.770	86.700		
86.710	0.000	0.000	4.980	4.980	86.710	202.340	231.030	363.910	797.280	86.710		
86.720	0.000	0.000	2.490	2.490	86.720	199.320	234.050	366.930	800.300	86.720		
86.730	2.490	0.000	4.980	7.470	86.730	202.340	237.070	369.950	809.360	86.730		
86.740	2.490	0.000	4.980	7.470	86.740	202.340	237.070	371.460	810.870	86.740		
86.750	2.490	0.000	4.980	7.470	86.750	202.340	238.580	374.480	815.400	86.750		
86.760	4.980	0.000	4.980	9.960	86.760	202.340	241.600	377.500	821.440	86.760		
86.770	4.980	0.000	4.980	9.960	86.770	206.870	241.600	374.480	822.950	86.770		
86.780	4.980	0.000	7.500	12.480	86.780	206.870	244.620	371.460	822.950	86.780		
86.790	4.980	0.000	7.500	12.480	86.790	209.890	244.620	366.930	821.440	86.790		
86.800	4.690	0.000	7.370	12.060	86.800	211.400	244.620	362.400	818.420	86.800		
86.810	4.690	0.000	12.060	16.750	86.810	214.420	241.600	354.850	810.870	86.810		
86.820	4.690	0.000	17.420	22.110	86.820	214.420	238.580	347.300	800.300	86.820		
86.830	7.370	0.000	22.110	29.480	86.830	217.080	237.180	335.000	789.260	86.830		
86.840	9.380	2.010	32.160	43.550	86.840	219.760	229.140	314.900	763.800	86.840		
86.850	22.110	9.380	52.260	83.750	86.850	223.780	222.440	298.820	745.040	86.850		
86.860	34.840	24.790	79.730	139.360	86.860	226.460	217.080	284.080	727.620	86.860		
86.870	49.580	44.890	92.460	186.930	86.870	229.140	206.360	263.980	699.480	86.870		
86.880	77.050	72.360	99.830	249.240	86.880	234.500	199.660	243.880	678.040	86.880		
86.890	99.830	92.460	107.200	299.490	86.890	239.860	184.920	217.080	641.860	86.890		
86.900	109.880	104.520	117.250	331.650	86.900	241.200	164.820	184.920	590.940	86.900		
86.910	109.880	111.890	129.980	351.750	86.910	243.880	142.040	148.740	534.660	86.910		
86.920	104.520	119.930	142.040	366.490	86.920	246.560	116.580	116.580	479.720	86.920		
86.930	104.520	129.980	157.450	391.950	86.930	249.240	92.460	93.800	435.500	86.930		
86.940	107.200	139.360	167.500	414.060	86.940	249.240	69.680	76.380	395.300	86.940		
86.950	119.260	154.100	176.880	450.240	86.950	246.560	46.900	64.320	357.780	86.950		
86.960	131.320	168.840	188.940	489.100	86.960	239.860	32.160	54.940	326.960	86.960		
86.970	142.040	182.240	196.980	521.260	86.970	229.140	18.760	52.260	300.160	86.970		
86.980	156.780	194.300	206.360	557.440	86.980	215.000	6.880	47.300	269.180	86.980		
86.990	168.840	209.040	214.400	592.280	86.990	196.940	0.000	42.140	239.080	86.990		
87.000	182.240	223.780	226.460	632.480	87.000	174.580	0.000	39.560	214.140	87.000		
87.010	188.940	239.860	237.180	665.980	87.010	149.640	0.000	36.980	186.620	87.010		
87.020	196.980	251.920	249.240	698.140	87.020	127.280	0.000	34.400	161.680	87.020		
87.030	203.680	266.660	263.980	734.320	87.030	104.920	0.000	31.820	136.740	87.030		
87.040	211.720	278.720	278.720	769.160	87.040	81.700	0.000	26.660	108.360	87.040		
87.050	217.080	292.120	292.120	801.320	87.050	61.920	0.000	24.940	86.860	87.050		
87.060	222.440	301.500	301.500	825.440	87.060	49.880	0.000	19.780	69.660	87.060		
87.070	222.440	309.540	314.900	846.880	87.070	42.140	0.000	19.780	61.920	87.070		
87.080	222.440	314.900	324.280	861.620	87.080	34.400	0.000	22.360	56.760	87.080		
87.090	217.080	318.920	335.000	871.000	87.090	26.660	0.000	19.780	46.440	87.090		
87.100	212.160	321.360	344.760	878.280	87.100	19.780	0.000	22.360	42.140	87.100		
87.110	204.360	321.360	351.000	876.720	87.110	9.460	0.000	22.360	31.820	87.110		
87.120	196.560	324.480	361.920	882.960	87.120	9.460	0.000	22.360	31.820	87.120		
87.130	187.200	321.360	369.720	878.280	87.130	7.470	0.000	19.980	27.450	87.130		
87.140	180.960	324.480	374.400	879.840	87.140	4.950	0.000	17.460	22.410	87.140		
87.150	174.720	319.800	379.080	873.600	87.150	4.950	0.000	19.980	24.930	87.150		
87.160	166.920	319.800	382.200	868.920	87.160	4.950	0.000	17.460	22.410	87.160		
87.170	162.240	316.680	383.760	862.680	87.170	2.430	0.000	17.460	19.890	87.170		
87.180	156.000	316.680	386.880	859.560	87.180	2.430	0.000	17.460	19.890	87.180		
87.190	154.440	316.680	390.000	861.120	87.190	2.430	0.000	17.460	19.890	87.190		
87.200	149.760	316.680	390.000	856.440	87.200	2.430	0.000	14.940	17.370	87.200		
87.210	149.760	313.560	386.880	850.200	87.210	0.000	0.000	17.460	17.460	87.210		
87.220	146.640	316.680	390.000	853.320	87.220	0.000	0.000	17.460	17.460	87.220		
87.230	146.640	316.680	390.000	853.320	87.230	0.000	0.000	17.460	17.460	87.230		
87.240	143.520	316.680	390.000	850.200	87.240	0.000	0.000	19.980	19.980	87.240		
87.250	143.520	316.680	390.000	850.200	87.250	0.000	0.000	19.980	19.980	87.250		
87.260	143.520	316.680	386.880	847.080	87.260	0.000	0.000	19.980	19.980	87.260		
87.270	146.640	319.800	390.000	856.440	87.270	0.000	0.000	22.500	22.500	87.270		
87.280	146.640	319.800	386.880	853.320	87.280	0.000	0.000	22.440	22.440	87.280		
87.290	151.320	319.800	382.200	853.320	87.290	0.000	0.000	22.440	22.440	87.290		
87.300	154.440	319.800	375.960	850.200	87.300	0.000	2.380	22.440	24.820	87.300		
87.310	159.120	319.800	366.600	845.520	87.310	0.000	2.380	19.720	22.100	87.310		
87.320	166.920	319.800	363.480	850.200	87.320	0.000	2.380	19.720	22.100	87.320		
87.330	174.720	319.800	354.120	848.640	87.330	0.000	4.760	17.340	22.100	87.330		
87.340	179.400	316.680	346.320	842.400	87.340	0.000	4.760	14.960	19.720	87.340		
87.350	188.760	316.680	338.520	843.960	87.350	0.000	4.760	14.960	19.720	87.350		
87.360	196.560	313.560	329.160	839.280	87.360	0.000	7.480	44.880	52.360	87.360		
87.370	204.360	312.000	319.800	836.160	87.370	0.000	12.240	69.700	81.940	87.370		
87.380	212.160	304.200	307.320	823.680	87.380	19.720	24.820	72.420	116.960	87.380		
87.390	221.520	296.400	291.720	809.640	87.390	9.860	17.340	62.220	89.420	87.390		
87.400	229.680	290.000	277.240	796.920	87.400	14.960	17.340	59.840	92.140	87.400		
87.410	236.640	284.200	266.800	787.640	87.410	22.440	19.720	69.700	111.860	87.410		
87.420	242.440	279.560	259.840	781.840	87.420	32.300	24.820	85.000	142.120	87.420		
87.430	244.760	277.240	251.720	773.720	87.430	39.600	24.640	92.400	156.640	87.430		
87.440	244.760	274.920	249.400	769.080	87.440	39.600	27.280	99.880	166.760	87.440		
87.450	242.440	269.120	244.760	756.320	87.450	44.880	29.920	102.080	176.880	87.450		
87.460	242.440	264.480	238.960	745.880	87.460	44.880	29.920	107.360	182.160	87.460		
87.470	244.760	256.360	234.320	735.440	87.470	47.080	29.920	107.360	184.360	87.470		
87.480	244.760	251.720	227.360	723.840	87.480	47.080	29.920	110.000	187.000	87.480		
87.490	247.080	244.760	219.240	711.080	87.490	47.080	32.120	107.360	186.560	87.490		
87.500	251.720	238.960	212.280	702.960	87.500	47.080	32.120	107.360	186.560	87.500		
87.510	256.360	234.320	204.160	694.840	87.510	47.080	29.920	107.360	184.360	87.510		
87.520	262.160	227.360	194.880	684.400	87.520	47.080	29.920	104.720	181.720	87.520		
87.530	266.800	219.240	184.440	670.480	87.530	47.080	29.920	104.720	181.720	87.530		
87.540	274.920	214.600	174.000	663.520	87.540	47.080	29.920	104.720	181.720	87.540		
87.550	283.650	206.150	164.300	654.100	87.550	47.080	29.920	104.720	181.720	87.550		
87.560	291.400	199.950	155.000	646.350	87.560	47.080	29.920	104.720	181.720	87.560		
87.570	299.150	193.750	147.250	640.150	87.570	47.080	29.920	107.360	184.360	87.570		
87.580	306.900	189.100	139.500	635.500	87.580	47.200	32.450	109.740	189.390	87.580		
87.590	316.200	184.450	131.750	632.400	87.590	47.200	32.450	114.460	194.110	87.590		
87.600	323.950	176.700	124.000	624.650	87.600	47.200	32.450	117.410	197.060	87.600		
87.610	331.700	173.600	116.250	621.550	87.610	47.200	32.450	119.770	199.420	87.610		
87.620	339.450	168.950	108.500	616.900	87.620	47.200	32.450	124.490	204.140	87.620		
87.630	347.200	164.300	103.850	615.350	87.630	47.200	32.450	129.800	209.450	87.630		
87.640	354.950	161.200	96.100	612.250	87.640	47.200	34.810	132.160	214.170	87.640		
87.650	361.150	159.650	91.450	612.250	87.650	47.200	34.810	137.470	219.480	87.650		
87.660	368.900	155.000	83.700	607.600	87.660	47.200	34.810	142.190	224.200	87.660		
87.670	373.550	151.900	77.500	602.950	87.670	47.200	37.170	144.550	228.920	87.670		
87.680	381.300	148.800	74.400	604.500	87.680	47.200	34.810	144.550	226.560	87.680		
87.690	387.500	144.150	66.650	598.300	87.690	47.200	37.170	147.500	231.870	87.690		
87.700	391.200	141.810	63.570	596.580	87.700	47.200	34.810	147.500	229.510	87.700		
87.710	396.090	138.550	58.680	593.320	87.710	47.200	34.810	147.500	229.510	87.710		
87.720	400.980	138.550	57.050	596.580	87.720	47.200	34.810	144.550	226.560	87.720		
87.730	404.240	138.550	57.050	599.840	87.730	44.460	34.770	142.500	221.730	87.730		
87.740	404.240	136.920	53.790	594.950	87.740	44.460	34.770	139.650	218.880	87.740		
87.750	407.500	138.550	53.790	599.840	87.750	44.460	34.770	139.650	218.880	87.750		
87.760	407.500	138.550	53.790	599.840	87.760	44.460	32.490	137.370	214.320	87.760		
87.770	407.500	138.550	53.790	599.840	87.770	44.460	34.770	137.370	216.600	87.770		
87.780	407.500	138.550	52.160	598.210	87.780	47.310	32.490	137.370	217.170	87.780		
87.790	407.500	138.550	53.790	599.840	87.790	47.310	32.490	139.650	219.450	87.790		
87.800	404.240	141.810	57.050	603.100	87.800	47.310	34.770	139.650	221.730	87.800		
87.810	404.240	141.810	57.050	603.100	87.810	47.310	34.770	139.650	221.730	87.810		
87.820	404.240	141.810	57.050	603.100	87.820	47.310	34.770	139.650	221.730	87.820		
87.830	404.240	143.440	58.680	606.360	87.830	44.460	34.770	139.650	218.880	87.830		
87.840	404.240	143.440	58.680	606.360	87.840	47.310	34.770	139.650	221.730	87.840		
87.850	405.000	147.420	59.940	612.360	87.850	44.460	32.490	139.650	216.600	87.850		
87.860	405.000	147.420	59.940	612.360	87.860	47.310	32.490	137.370	217.170	87.860		
87.870	405.000	147.420	61.560	613.980	87.870	44.460	34.770	137.370	216.600	87.870		
87.880	401.760	147.420	61.560	610.740	87.880	47.300	32.450	137.500	217.250	87.880		
87.890	401.760	149.040	64.800	615.600	87.890	47.300	34.650	137.500	219.450	87.890		
87.900	401.760	149.040	64.800	615.600	87.900	47.300	34.650	134.750	216.700	87.900		
87.910	401.760	149.040	64.800	615.600	87.910	47.300	34.650	134.750	216.700	87.910		
87.920	401.760	152.280	64.800	618.840	87.920	49.500	34.650	132.000	216.150	87.920		
87.930	398.520	152.280	66.420	617.220	87.930	47.300	34.650	129.800	211.750	87.930		
87.940	398.520	153.900	66.420	618.840	87.940	47.300	34.650	129.800	211.750	87.940		
87.950	398.520	153.900	69.660	622.080	87.950	47.300	34.650	127.050	209.000	87.950		
87.960	396.900	157.140	69.660	623.700	87.960	49.500	32.450	127.050	209.000	87.960		
87.970	396.900	157.140	71.280	625.320	87.970	47.300	34.650	124.850	206.800	87.970		
87.980	393.660	157.140	71.280	622.080	87.980	47.300	34.650	124.850	206.800	87.980		
87.990	393.660	157.140	71.280	622.080	87.990	49.500	34.650	124.850	209.000	87.990		
88.000	393.300	157.320	71.820	622.440	88.000	47.300	32.450	119.900	199.650	88.000		
88.010	396.720	157.320	71.820	625.860	88.010	49.500	32.450	119.900	201.850	88.010		
88.020	396.720	157.320	73.530	627.570	88.020	49.500	34.650	119.900	204.050	88.020		
88.030	398.430	157.320	71.820	627.570	88.030	52.440	34.960	115.000	202.400	88.030		
88.040	398.430	157.320	73.530	629.280	88.040	52.440	37.260	112.240	201.940	88.040		
88.050	398.430	159.030	71.820	629.280	88.050	54.740	37.260	109.940	201.940	88.050		
88.060	401.850	159.030	73.530	634.410	88.060	57.500	39.560	104.880	201.940	88.060		
88.070	401.850	159.030	73.530	634.410	88.070	57.500	42.320	99.820	199.640	88.070		
88.080	403.560	162.450	71.820	637.830	88.080	59.800	42.320	94.760	196.880	88.080		
88.090	406.980	162.450	73.530	642.960	88.090	62.100	44.620	87.400	194.120	88.090		
88.100	408.690	162.450	73.530	644.670	88.100	64.860	42.320	79.580	186.760	88.100		
88.110	412.110	164.160	73.530	649.800	88.110	64.860	42.320	72.220	179.400	88.110		
88.120	417.240	169.290	76.950	663.480	88.120	64.860	44.620	62.100	171.580	88.120		
88.130	422.370	169.290	76.950	668.610	88.130	69.920	44.620	52.440	166.980	88.130		
88.140	427.500	171.000	76.950	675.450	88.140	72.220	47.380	42.320	161.920	88.140		
88.150	434.970	174.960	75.330	685.260	88.150	77.280	49.680	34.960	161.920	88.150		
88.160	439.830	174.960	75.330	690.120	88.160	77.280	49.680	27.140	154.100	88.160		
88.170	447.120	177.390	75.330	699.840	88.170	74.980	49.680	22.080	146.740	88.170		
88.180	454.410	177.390	72.900	704.700	88.180	72.500	47.270	19.720	139.490	88.180		
88.190	461.700	182.250	72.900	716.850	88.190	62.350	47.270	17.400	127.020	88.190		
88.200	468.990	184.680	75.330	729.000	88.200	52.490	42.340	17.400	112.230	88.200		
88.210	478.710	187.110	75.330	741.150	88.210	39.730	39.730	14.790	94.250	88.210		
88.220	490.860	191.970	77.760	760.590	88.220	22.330	34.800	14.790	71.920	88.220		
88.230	505.440	196.830	77.760	780.030	88.230	9.860	29.870	14.790	54.520	88.230		
88.240	522.450	201.690	77.760	801.900	88.240	2.320	22.330	17.400	42.050	88.240		
88.250	544.320	208.980	77.760	831.060	88.250	2.320	17.400	17.400	37.120	88.250		
88.260	566.190	213.840	72.900	852.930	88.260	2.320	19.720	17.400	39.440	88.260		
88.270	583.200	213.840	70.470	867.510	88.270	0.000	19.720	19.720	39.440	88.270		
88.280	597.780	218.700	68.040	884.520	88.280	0.000	17.400	19.720	37.120	88.280		
88.290	607.500	218.700	63.180	889.380	88.290	0.000	17.400	22.330	39.730	88.290		
88.300	612.560	219.830	66.690	899.080	88.300	0.000	14.790	19.720	34.510	88.300		
88.310	617.500	219.830	61.750	899.080	88.310	0.000	12.470	22.330	34.800	88.310		
88.320	617.500	217.360	61.750	896.610	88.320	0.000	12.470	19.720	32.190	88.320		
88.330	612.560	217.360	64.220	894.140	88.330	0.000	12.480	22.440	34.920	88.330		
88.340	610.090	214.890	61.750	886.730	88.340	0.000	9.960	22.440	32.400	88.340		
88.350	602.680	212.420	61.750	876.850	88.350	0.000	9.960	22.440	32.400	88.350		
88.360	595.270	209.950	61.750	866.970	88.360	0.000	7.440	24.960	32.400	88.360		
88.370	582.920	202.540	61.750	847.210	88.370	0.000	7.440	24.960	32.400	88.370		
88.380	573.040	200.070	64.220	837.330	88.380	0.000	7.440	24.960	32.400	88.380		
88.390	558.220	195.130	61.750	815.100	88.390	0.000	4.920	24.960	29.880	88.390		
88.400	545.870	190.190	61.750	797.810	88.400	0.000	4.920	27.480	32.400	88.400		
88.410	535.990	187.720	61.750	785.460	88.410	0.000	7.440	27.480	34.920	88.410		
88.420	523.640	185.250	61.750	770.640	88.420	0.000	4.920	27.480	32.400	88.420		
88.430	513.760	182.780	61.750	758.290	88.430	0.000	4.920	27.480	32.400	88.430		
88.440	506.350	182.780	64.220	753.350	88.440	0.000	4.920	27.480	32.400	88.440		
88.450	502.500	184.920	64.320	751.740	88.450	0.000	4.920	30.000	34.920	88.450		
88.460	496.470	184.920	64.320	745.710	88.460	0.000	4.920	30.000	34.920	88.460		
88.470	494.460	180.900	66.330	741.690	88.470	0.000	4.920	30.000	34.920	88.470		
88.480	494.460	184.920	66.330	745.710	88.480	0.000	4.950	30.000	34.950	88.480		
88.490	494.460	184.920	68.340	747.720	88.490	0.000	4.950	32.400	37.350	88.490		
88.500	492.450	184.920	66.330	743.700	88.500	0.000	4.950	32.400	37.350	88.500		
88.510	494.460	184.920	68.340	747.720	88.510	0.000	4.950	32.400	37.350	88.510		
88.520	492.450	184.920	68.340	745.710	88.520	0.000	7.500	32.400	39.900	88.520		
88.530	492.450	184.920	68.340	745.710	88.530	0.000	7.500	34.950	42.450	88.530		
88.540	492.450	184.920	68.340	745.710	88.540	0.000	4.950	34.950	39.900	88.540		
88.550	492.450	186.930	68.340	747.720	88.550	0.000	4.950	34.950	39.900	88.550		
88.560	494.460	186.930	72.360	753.750	88.560	0.000	7.500	34.950	42.450	88.560		
88.570	494.460	186.930	72.360	753.750	88.570	0.000	7.500	34.950	42.450	88.570		
88.580	494.460	186.930	68.340	749.730	88.580	0.000	7.500	37.500	45.000	88.580		
88.590	494.460	186.930	72.360	753.750	88.590	0.000	7.500	34.950	42.450	88.590		
88.600	494.500	191.350	70.950	756.800	88.600	0.000	7.500	37.500	45.000	88.600		
88.610	496.650	191.350	70.950	758.950	88.610	0.000	7.500	34.950	42.450	88.610		
88.620	498.800	193.500	73.100	765.400	88.620	0.000	7.500	34.950	42.450	88.620		
88.630	500.950	195.650	73.100	769.700	88.630	0.000	3.660	31.110	34.770	88.630		
88.640	507.400	199.950	77.400	784.750	88.640	0.000	3.660	29.280	32.940	88.640		
88.650	513.850	204.250	79.550	797.650	88.650	0.000	3.660	27.450	31.110	88.650		
88.660	518.150	208.550	81.700	808.400	88.660	0.000	1.830	23.790	25.620	88.660		
88.670	524.600	217.150	83.850	825.600	88.670	0.000	1.830	16.470	18.300	88.670		
88.680	533.200	223.600	88.150	844.950	88.680	0.000	0.000	10.980	10.980	88.680		
88.690	537.500	232.200	92.450	862.150	88.690	137.250	139.080	457.500	733.830	88.690		
88.700	524.600	232.200	96.750	853.550	88.700	36.600	58.560	331.230	426.390	88.700		
88.710	481.600	219.300	94.600	795.500	88.710	16.470	38.430	248.880	303.780	88.710		
88.720	442.900	206.400	94.600	743.900	88.720	31.110	56.730	270.840	358.680	88.720		
88.730	414.950	199.950	94.600	709.500	88.730	36.600	58.560	287.310	382.470	88.730		
88.740	384.850	191.350	94.600	670.800	88.740	49.410	58.560	236.070	344.040	88.740		
88.750	357.500	184.470	94.380	636.350	88.750	56.730	51.240	184.830	292.800	88.750		
88.760	328.900	177.320	97.240	603.460	88.760	64.050	49.410	153.720	267.180	88.760		
88.770	307.450	171.600	98.670	577.720	88.770	71.370	51.240	144.570	267.180	88.770		
88.780	287.430	167.310	97.240	551.980	88.780	79.800	57.000	134.520	271.320	88.780		
88.790	267.410	161.590	98.670	527.670	88.790	84.360	59.280	126.920	270.560	88.790		
88.800	251.680	158.730	101.530	511.940	88.800	91.960	62.320	124.640	278.920	88.800		
88.810	237.380	157.300	101.530	496.210	88.810	97.280	64.600	122.360	284.240	88.810		
88.820	221.650	154.440	101.530	477.620	88.820	101.840	69.920	122.360	294.120	88.820		
88.830	208.780	151.580	104.390	464.750	88.830	107.160	72.200	124.640	304.000	88.830		
88.840	197.340	151.580	104.390	453.310	88.840	109.440	76.760	129.960	316.160	88.840		
88.850	187.330	148.720	107.250	443.300	88.850	112.480	82.080	136.800	331.360	88.850		
88.860	177.320	148.720	108.680	434.720	88.860	117.040	89.680	147.440	354.160	88.860		
88.870	167.310	154.440	111.540	433.290	88.870	119.320	99.560	164.920	383.800	88.870		
88.880	158.730	157.300	118.690	434.720	88.880	122.360	107.160	177.080	406.600	88.880		
88.890	151.580	158.730	124.410	434.720	88.890	126.920	114.760	184.680	426.360	88.890		
88.900	141.570	162.360	129.690	433.620	88.900	132.240	124.640	190.000	446.880	88.900		
88.910	126.720	164.340	134.640	425.700	88.910	142.120	132.240	190.000	464.360	88.910		
88.920	111.870	164.340	141.570	417.780	88.920	152.000	139.840	184.680	476.520	88.920		
88.930	92.070	162.360	149.490	403.920	88.930	166.980	146.410	179.080	492.470	88.930		
88.940	74.250	157.410	157.410	389.070	88.940	176.660	157.300	171.820	505.780	88.940		
88.950	57.420	152.460	167.310	377.190	88.950	189.970	164.560	169.400	523.930	88.950		
88.960	41.580	144.540	179.190	365.310	88.960	199.650	174.240	164.560	538.450	88.960		
88.970	31.680	134.640	194.040	360.360	88.970	214.170	183.920	164.560	562.650	88.970		
88.980	21.780	124.740	209.880	356.400	88.980	227.480	192.390	162.140	582.010	88.980		
88.990	14.850	111.870	221.760	348.480	88.990	237.160	199.650	159.720	596.530	88.990		
89.000	9.900	101.970	231.660	343.530	89.000	246.840	209.330	162.140	618.310	89.000		
89.010	6.930	87.120	241.560	335.610	89.010	254.100	216.590	164.560	635.250	89.010		
89.020	4.950	74.250	247.500	326.700	89.020	264.990	229.900	169.400	664.290	89.020		
89.030	1.980	62.370	244.530	308.880	89.030	272.250	237.160	171.820	681.230	89.030		
89.040	0.000	49.500	239.580	289.080	89.040	279.510	244.420	176.660	700.590	89.040		
89.050	0.000	39.560	230.000	269.560	89.050	286.770	251.680	179.080	717.530	89.050		
89.060	0.000	26.680	214.360	241.040	89.060	294.030	258.940	179.080	732.050	89.060		
89.070	0.000	17.480	196.880	214.360	89.070	302.500	267.410	181.500	751.410	89.070		
89.080	0.000	7.360	176.640	184.000	89.080	308.880	273.240	182.160	764.280	89.080		
89.090	0.000	0.000	149.960	149.960	89.090	316.800	283.140	184.140	784.080	89.090		
89.100	0.000	0.000	124.200	124.200	89.100	324.720	291.060	184.140	799.920	89.100		
89.110	0.000	0.000	94.760	94.760	89.110	334.620	298.980	184.140	817.740	89.110		
89.120	0.000	0.000	67.160	67.160	89.120	346.500	306.900	178.200	831.600	89.120		
89.130	4.600	0.000	46.920	51.520	89.130	356.400	314.820	176.220	847.440	89.130		
89.140	7.360	0.000	29.440	36.800	89.140	366.300	318.780	168.300	853.380	89.140		
89.150	7.360	0.000	14.720	22.080	89.150	376.200	324.720	164.340	865.260	89.150		
89.160	9.200	0.000	9.200	18.400	89.160	388.080	328.680	156.420	873.180	89.160		
89.170	9.200	0.000	4.600	13.800	89.170	403.920	328.680	144.540	877.140	89.170		
89.180	7.360	0.000	4.600	11.960	89.180	419.760	328.680	128.700	877.140	89.180		
89.190	7.360	0.000	4.600	11.960	89.190	433.620	326.700	114.840	875.160	89.190		
89.200	7.500	0.000	2.490	9.990	89.200	453.420	320.760	97.020	871.200	89.200		
89.210	7.500	0.000	2.490	9.990	89.210	473.220	310.860	79.200	863.280	89.210		
89.220	7.500	0.000	2.490	9.990	89.220	495.000	298.980	67.320	861.300	89.220		
89.230	7.500	0.000	0.000	7.500	89.230	514.360	286.440	52.360	853.160	89.230		
89.240	7.500	0.000	0.000	7.500	89.240	532.840	267.960	46.200	847.000	89.240		
89.250	7.500	0.000	2.490	9.990	89.250	557.480	252.560	36.960	847.000	89.250		
89.260	4.980	0.000	0.000	4.980	89.260	572.880	237.160	30.800	840.840	89.260		
89.270	4.980	0.000	0.000	4.980	89.270	594.440	221.760	24.640	840.840	89.270		
89.280	4.980	0.000	0.000	4.980	89.280	619.080	203.280	18.480	840.840	89.280		
89.290	4.980	0.000	0.000	4.980	89.290	637.560	190.960	12.320	840.840	89.290		
89.300	4.980	0.000	0.000	4.980	89.300	656.040	175.560	12.320	843.920	89.300		
89.310	2.490	0.000	0.000	2.490	89.310	674.520	163.240	9.240	847.000	89.310		
89.320	2.490	0.000	0.000	2.490	89.320	696.080	144.760	6.160	847.000	89.320		
89.330	2.490	0.000	0.000	2.490	89.330	714.560	132.440	6.160	853.160	89.330		
89.340	2.490	0.000	0.000	2.490	89.340	729.960	120.120	3.080	853.160	89.340		
89.350	2.500	0.000	0.000	2.500	89.350	745.360	110.880	0.000	856.240	89.350		
89.360	2.500	0.000	0.000	2.500	89.360	754.600	104.720	0.000	859.320	89.360		
89.370	0.000	0.000	0.000	0.000	89.370	770.000	95.480	0.000	865.480	89.370		
89.380	0.000	0.000	0.000	0.000	89.380	778.960	87.360	0.000	866.320	89.380		
89.390	0.000	0.000	0.000	0.000	89.390	793.520	83.720	0.000	877.240	89.390		
89.400	0.000	0.000	0.000	0.000	89.400	804.440	76.440	0.000	880.880	89.400		
89.410	0.000	0.000	0.000	0.000	89.410	811.720	69.160	0.000	880.880	89.410		
89.420	0.000	0.000	0.000	0.000	89.420	822.640	65.520	0.000	888.160	89.420		
89.430	0.000	0.000	0.000	0.000	89.430	837.200	61.880	0.000	899.080	89.430		
89.440	0.000	0.000	0.000	0.000	89.440	844.480	58.240	0.000	902.720	89.440		
89.450	0.000	0.000	0.000	0.000	89.450	859.040	54.600	0.000	913.640	89.450		
89.460	2.500	0.000	2.500	5.000	89.460	866.320	47.320	0.000	913.640	89.460		
89.470	2.500	0.000	0.000	2.500	89.470	877.240	47.320	0.000	924.560	89.470		
89.480	27.500	0.000	2.500	30.000	89.480	891.800	43.680	0.000	935.480	89.480		
89.490	62.500	2.500	0.000	65.000	89.490	899.080	36.400	0.000	935.480	89.490		
89.500	94.050	1.650	0.000	95.700	89.500	902.720	32.760	0.000	935.480	89.500		
89.510	122.100	4.950	0.000	127.050	89.510	910.000	29.120	0.000	939.120	89.510		
89.520	148.500	9.900	1.650	160.050	89.520	906.360	21.840	0.000	928.200	89.520		
89.530	186.450	11.550	1.650	199.650	89.530	902.500	14.440	0.000	916.940	89.530		
89.540	229.350	19.800	6.600	255.750	89.540	891.670	10.830	0.000	902.500	89.540		
89.550	277.200	31.350	11.550	320.100	89.550	873.620	7.220	0.000	880.840	89.550		
89.560	316.800	54.450	21.450	392.700	89.560	844.740	0.000	0.000	844.740	89.560		
89.570	354.750	82.500	34.650	471.900	89.570	812.250	0.000	0.000	812.250	89.570		
89.580	366.300	94.050	44.550	504.900	89.580	761.710	0.000	0.000	761.710	89.580		
89.590	361.350	99.000	51.150	511.500	89.590	696.730	0.000	0.000	696.730	89.590		
89.600	356.400	107.250	59.400	523.050	89.600	610.090	0.000	0.000	610.090	89.600		
89.610	359.700	113.850	69.300	542.850	89.610	516.230	0.000	0.000	516.230	89.610		
89.620	366.300	122.100	75.900	564.300	89.620	404.320	0.000	0.000	404.320	89.620		
89.630	386.100	136.950	84.150	607.200	89.630	299.630	0.000	0.000	299.630	89.630		
89.640	412.500	151.800	92.400	656.700	89.640	209.380	0.000	0.000	209.380	89.640		
89.650	440.000	166.000	96.000	702.000	89.650	137.180	0.000	0.000	137.180	89.650		
89.660	466.000	182.000	102.000	750.000	89.660	79.420	0.000	0.000	79.420	89.660		
89.670	484.000	196.000	110.000	790.000	89.670	36.100	0.000	0.000	36.100	89.670		
89.680	494.000	212.000	114.000	820.000	89.680	30.000	0.000	0.000	30.000	89.680		
89.690	500.000	224.000	120.000	844.000	89.690	24.960	0.000	0.000	24.960	89.690		
89.700	496.000	232.000	126.000	854.000	89.700	22.440	0.000	0.000	22.440	89.700		
89.710	490.000	242.000	134.000	866.000	89.710	17.400	0.000	0.000	17.400	89.710		
89.720	480.000	250.000	142.000	872.000	89.720	17.400	0.000	0.000	17.400	89.720		
89.730	466.000	256.000	150.000	872.000	89.730	15.000	0.000	0.000	15.000	89.730		
89.740	452.000	260.000	152.000	864.000	89.740	12.480	0.000	0.000	12.480	89.740		
89.750	434.000	260.000	160.000	854.000	89.750	9.960	0.000	0.000	9.960	89.750		
89.760	416.000	260.000	162.000	838.000	89.760	9.960	0.000	0.000	9.960	89.760		
89.770	400.000	262.000	170.000	832.000	89.770	9.960	0.000	0.000	9.960	89.770		
89.780	380.000	262.000	174.000	816.000	89.780	9.960	0.000	0.000	9.960	89.780		
89.790	356.000	262.000	182.000	800.000	89.790	7.440	0.000	0.000	7.440	89.790		
89.800	334.400	262.400	187.200	784.000	89.800	7.440	0.000	0.000	7.440	89.800		
89.810	312.000	259.200	193.600	764.800	89.810	7.440	0.000	0.000	7.440	89.810		
89.820	291.200	262.400	201.600	755.200	89.820	7.440	0.000	0.000	7.440	89.820		
89.830	272.000	259.200	211.200	742.400	89.830	7.500	0.000	0.000	7.500	89.830		
89.840	251.200	259.200	222.400	732.800	89.840	7.500	0.000	0.000	7.500	89.840		
89.850	233.600	259.200	232.000	724.800	89.850	7.500	0.000	0.000	7.500	89.850		
89.860	216.000	259.200	241.600	716.800	89.860	7.500	0.000	0.000	7.500	89.860		
89.870	201.600	262.400	259.200	723.200	89.870	7.500	0.000	0.000	7.500	89.870		
89.880	184.000	267.200	276.800	728.000	89.880	4.980	0.000	0.000	4.980	89.880		
89.890	171.200	268.800	294.400	734.400	89.890	4.980	0.000	0.000	4.980	89.890		
89.900	160.000	272.000	313.600	745.600	89.900	4.980	0.000	0.000	4.980	89.900		
89.910	144.000	273.600	331.200	748.800	89.910	4.980	0.000	0.000	4.980	89.910		
89.920	134.400	276.800	353.600	764.800	89.920	4.980	0.000	0.000	4.980	89.920		
89.930	121.600	281.600	376.000	779.200	89.930	4.980	0.000	0.000	4.980	89.930		
89.940	108.800	284.800	400.000	793.600	89.940	4.980	0.000	0.000	4.980	89.940		
89.950	95.480	286.440	429.660	811.580	89.950	2.490	0.000	0.000	2.490	89.950		
89.960	81.840	286.440	456.940	825.220	89.960	4.980	0.000	0.000	4.980	89.960		
89.970	71.610	283.030	484.220	838.860	89.970	4.980	0.000	0.000	4.980	89.970		
89.980	61.380	279.620	514.910	855.910	89.980	2.040	0.000	0.000	2.040	89.980		
89.990	54.560	272.800	542.190	869.550	89.990	2.040	0.000	0.000	2.040	89.990		
90.000	44.330	269.390	579.700	893.420	90.000	2.040	0.000	0.000	2.040	90.000		
90.010	37.510	259.160	606.980	903.650	90.010	2.040	0.000	0.000	2.040	90.010		
90.020	34.100	248.930	641.080	924.110	90.020	2.040	0.000	0.000	2.040	90.020		
90.030	27.280	235.290	671.770	934.340	90.030	2.040	0.000	0.000	2.040	90.030		
90.040	23.870	218.240	705.870	947.980	90.040	2.040	0.000	0.000	2.040	90.040		
90.050	17.050	197.780	739.970	954.800	90.050	2.040	0.000	0.000	2.040	90.050		
90.060	10.230	180.730	767.250	958.210	90.060	0.000	2.040	0.000	2.040	90.060		
90.070	6.820	167.090	797.940	971.850	90.070	0.000	2.040	0.000	2.040	90.070		
90.080	6.820	153.450	825.220	985.490	90.080	0.000	0.000	0.000	0.000	90.080		
90.090	6.820	136.400	852.500	995.720	90.090	0.000	7.480	22.440	29.920	90.090		
90.100	3.580	121.720	869.940	995.240	90.100	0.000	9.520	87.040	96.560	90.100		
90.110	0.000	110.980	884.260	995.240	90.110	0.000	14.960	137.360	152.320	90.110		
90.120	0.000	96.660	895.000	991.660	90.120	0.000	14.960	170.000	184.960	90.120		
90.130	0.000	85.920	887.840	973.760	90.130	2.170	13.020	214.830	230.020	90.130		
90.140	0.000	75.180	880.680	955.860	90.140	2.170	19.530	286.440	308.140	90.140		
90.150	0.000	68.020	869.940	937.960	90.150	6.510	21.700	347.200	375.410	90.150		
90.160	0.000	57.280	848.460	905.740	90.160	8.680	28.210	394.940	431.830	90.160		
90.170	0.000	46.540	812.660	859.200	90.170	13.020	39.060	429.660	481.740	90.170		
90.180	0.000	39.380	766.120	805.500	90.180	19.530	54.250	453.530	527.310	90.180		
90.190	0.000	32.220	701.680	733.900	90.190	26.040	71.610	466.550	564.200	90.190		
90.200	0.000	17.900	633.660	651.560	90.200	34.720	84.630	462.210	581.560	90.200		
90.210	0.000	7.160	544.160	551.320	90.210	45.570	99.820	453.530	598.920	90.210		
90.220	0.000	0.000	436.760	436.760	90.220	58.590	108.500	455.700	622.790	90.220		
90.230	0.000	0.000	336.520	336.520	90.230	71.610	123.690	468.720	664.020	90.230		
90.240	0.000	0.000	239.860	239.860	90.240	82.460	141.050	488.250	711.760	90.240		
90.250	0.000	0.000	150.000	150.000	90.250	93.310	158.410	512.120	763.840	90.250		
90.260	0.000	0.000	84.600	84.600	90.260	99.820	173.600	529.480	802.900	90.260		
90.270	0.000	0.000	49.800	49.800	90.270	106.330	188.790	542.500	837.620	90.270		
90.280	0.000	0.000	32.400	32.400	90.280	116.600	204.600	550.000	871.200	90.280		
90.290	0.000	0.000	27.000	27.000	90.290	121.000	220.000	543.400	884.400	90.290		
90.300	0.000	0.000	22.200	22.200	90.300	129.800	224.400	534.600	888.800	90.300		
90.310	2.400	0.000	19.800	22.200	90.310	134.200	228.800	519.200	882.200	90.310		
90.320	2.400	0.000	19.800	22.200	90.320	138.600	233.200	501.600	873.400	90.320		
90.330	0.000	0.000	17.400	17.400	90.330	143.000	233.200	479.600	855.800	90.330		
90.340	0.000	0.000	15.000	15.000	90.340	149.600	233.200	453.200	836.000	90.340		
90.350	0.000	0.000	12.000	12.000	90.350	154.000	233.200	429.000	816.200	90.350		
90.360	0.000	0.000	12.000	12.000	90.360	160.600	233.200	400.400	794.200	90.360		
90.370	0.000	0.000	9.600	9.600	90.370	169.400	235.400	376.200	781.000	90.370		
90.380	0.000	0.000	9.600	9.600	90.380	178.200	235.400	349.800	763.400	90.380		
90.390	0.000	0.000	9.600	9.600	90.390	191.400	235.400	321.200	748.000	90.390		
90.400	0.000	0.000	10.000	10.000	90.400	204.600	235.400	297.000	737.000	90.400		
90.410	0.000	0.000	10.000	10.000	90.410	220.000	235.400	268.400	723.800	90.410		
90.420	0.000	0.000	7.480	7.480	90.420	233.200	233.200	242.000	708.400	90.420		
90.430	0.000	0.000	10.000	10.000	90.430	249.690	233.450	219.240	702.380	90.430		
90.440	0.000	0.000	7.480	7.480	90.440	263.900	233.450	200.970	698.320	90.440		
90.450	0.000	0.000	7.480	7.480	90.450	278.110	231.420	180.670	690.200	90.450		
90.460	0.000	0.000	7.480	7.480	90.460	296.380	229.390	166.460	692.230	90.460		
90.470	0.000	0.000	7.480	7.480	90.470	310.590	229.390	152.250	692.230	90.470		
90.480	0.000	0.000	5.000	5.000	90.480	328.860	227.360	136.010	692.230	90.480		
90.490	0.000	0.000	5.000	5.000	90.490	343.070	223.300	125.860	692.230	90.490		
90.500	0.000	0.000	2.480	2.480	90.500	361.340	221.270	113.680	696.290	90.500		
90.510	0.000	0.000	5.000	5.000	90.510	379.610	219.240	105.560	704.410	90.510		
90.520	0.000	0.000	5.000	5.000	90.520	395.850	217.210	97.440	710.500	90.520		
90.530	0.000	0.000	2.480	2.480	90.530	416.150	217.210	89.320	722.680	90.530		
90.540	0.000	0.000	2.480	2.480	90.540	438.480	213.150	81.200	732.830	90.540		
90.550	0.000	0.000	2.160	2.160	90.550	460.810	211.120	71.050	742.980	90.550		
90.560	0.000	0.000	0.000	0.000	90.560	483.140	203.000	66.990	753.130	90.560		
90.570	0.000	0.000	0.000	0.000	90.570	507.500	200.970	58.870	767.340	90.570		
90.580	0.000	0.000	0.000	0.000	90.580	527.520	191.540	53.380	772.440	90.580		
90.590	0.000	0.000	0.000	0.000	90.590	552.640	185.260	47.100	785.000	90.590		
90.600	0.000	0.000	0.000	0.000	90.600	580.900	178.980	40.820	800.700	90.600		
90.610	0.000	0.000	0.000	0.000	90.610	602.880	169.560	37.680	810.120	90.610		
90.620	0.000	0.000	2.160	2.160	90.620	631.140	157.000	34.540	822.680	90.620		
90.630	0.000	0.000	0.000	0.000	90.630	653.120	144.440	31.400	828.960	90.630		
90.640	0.000	2.160	0.000	2.160	90.640	678.240	131.880	25.120	835.240	90.640		
90.650	0.000	2.160	0.000	2.160	90.650	703.360	116.180	21.980	841.520	90.650		
90.660	0.000	2.160	0.000	2.160	90.660	728.480	100.480	15.700	844.660	90.660		
90.670	0.000	2.160	2.160	4.320	90.670	747.320	84.780	12.560	844.660	90.670		
90.680	34.920	7.200	0.000	42.120	90.680	766.160	72.220	12.560	850.940	90.680		
90.690	90.000	9.720	0.000	99.720	90.690	778.720	59.660	9.420	847.800	90.690		
90.700	159.390	11.550	0.000	170.940	90.700	785.000	47.100	9.420	841.520	90.700		
90.710	217.140	16.170	0.000	233.310	90.710	778.720	34.540	9.420	822.680	90.710		
90.720	284.130	23.100	0.000	307.230	90.720	772.440	28.260	3.140	803.840	90.720		
90.730	358.050	32.340	4.620	395.010	90.730	755.000	15.100	0.000	770.100	90.730		
90.740	434.280	48.510	11.550	494.340	90.740	724.800	6.040	0.000	730.840	90.740		
90.750	496.650	78.540	20.790	595.980	90.750	694.600	0.000	0.000	694.600	90.750		
90.760	531.300	127.050	34.650	693.000	90.760	649.300	0.000	0.000	649.300	90.760		
90.770	526.680	152.460	48.510	727.650	90.770	585.880	0.000	0.000	585.880	90.770		
90.780	508.200	164.010	64.680	736.890	90.780	510.380	0.000	0.000	510.380	90.780		
90.790	503.580	175.560	78.540	757.680	90.790	419.780	0.000	0.000	419.780	90.790		
90.800	512.820	191.730	87.780	792.330	90.800	326.160	0.000	0.000	326.160	90.800		
90.810	528.990	205.590	99.330	833.910	90.810	235.560	0.000	0.000	235.560	90.810		
90.820	549.780	219.450	101.640	870.870	90.820	157.040	0.000	0.000	157.040	90.820		
90.830	565.950	231.000	106.260	903.210	90.830	90.600	0.000	0.000	90.600	90.830		
90.840	577.500	240.240	115.500	933.240	90.840	45.300	0.000	0.000	45.300	90.840		
90.850	582.500	251.640	118.830	952.970	90.850	27.180	0.000	3.020	30.200	90.850		
90.860	577.840	258.630	123.490	959.960	90.860	24.160	0.000	6.040	30.200	90.860		
90.870	568.520	265.620	130.480	964.620	90.870	18.120	0.000	9.060	27.180	90.870		
90.880	552.210	270.280	132.810	955.300	90.880	17.500	0.000	7.490	24.990	90.880		
90.890	528.910	274.940	142.130	945.980	90.890	14.980	0.000	4.970	19.950	90.890		
90.900	503.280	270.280	144.460	918.020	90.900	14.980	0.000	4.970	19.950	90.900		
90.910	475.320	267.950	149.120	892.390	90.910	12.460	0.000	4.970	17.430	90.910		
90.920	442.700	267.950	156.110	866.760	90.920	9.940	0.000	4.970	14.910	90.920		
90.930	414.740	263.290	158.440	836.470	90.930	9.940	0.000	4.970	14.910	90.930		
90.940	386.780	260.960	163.100	810.840	90.940	9.940	0.000	4.970	14.910	90.940		
90.950	358.820	258.630	167.760	785.210	90.950	7.490	0.000	4.970	12.460	90.950		
90.960	333.190	256.300	174.750	764.240	90.960	7.490	0.000	4.970	12.460	90.960		
90.970	309.890	253.970	181.740	745.600	90.970	4.970	0.000	4.970	9.940	90.970		
90.980	286.590	253.970	188.730	729.290	90.980	4.970	0.000	4.970	9.940	90.980		
90.990	263.290	256.300	195.720	715.310	90.990	4.970	0.000	4.970	9.940	90.990		
91.000	244.240	259.720	209.840	713.800	91.000	4.970	0.000	4.970	9.940	91.000		
91.010	223.600	261.440	215.000	700.040	91.010	4.970	0.000	4.970	9.940	91.010		
91.020	206.400	264.880	221.880	693.160	91.020	4.970	0.000	2.450	7.420	91.020		
91.030	194.360	268.320	233.920	696.600	91.030	5.000	0.000	5.000	10.000	91.030		
91.040	178.880	271.760	244.240	694.880	91.040	5.000	0.000	2.500	7.500	91.040		
91.050	168.560	278.640	254.560	701.760	91.050	5.000	0.000	2.500	7.500	91.050		
91.060	159.960	283.800	271.760	715.520	91.060	2.500	0.000	2.500	5.000	91.060		
91.070	149.640	288.960	283.800	722.400	91.070	5.000	0.000	5.000	10.000	91.070		
91.080	135.880	295.840	301.000	732.720	91.080	2.500	0.000	5.000	7.500	91.080		
91.090	127.280	301.000	321.640	749.920	91.090	2.500	0.000	5.000	7.500	91.090		
91.100	116.960	306.160	342.280	765.400	91.100	5.000	0.000	2.500	7.500	91.100		
91.110	106.640	311.320	364.640	782.600	91.110	2.500	0.000	2.500	5.000	91.110		
91.120	99.760	316.480	383.560	799.800	91.120	2.500	0.000	2.500	5.000	91.120		
91.130	91.160	316.480	405.920	813.560	91.130	2.500	0.000	2.500	5.000	91.130		
91.140	80.840	316.480	430.000	827.320	91.140	2.500	0.000	2.500	5.000	91.140		
91.150	70.000	315.000	455.000	840.000	91.150	5.000	0.000	2.500	7.500	91.150		
91.160	63.000	311.500	483.000	857.500	91.160	5.000	0.000	0.000	5.000	91.160		
91.170	56.000	308.000	511.000	875.000	91.170	5.000	0.000	2.500	7.500	91.170		
91.180	52.500	304.500	542.500	899.500	91.180	4.890	0.000	0.000	4.890	91.180		
91.190	42.000	297.500	570.500	910.000	91.190	6.520	0.000	1.630	8.150	91.190		
91.200	38.500	290.500	602.000	931.000	91.200	6.520	0.000	0.000	6.520	91.200		
91.210	31.500	276.500	637.000	945.000	91.210	9.780	0.000	0.000	9.780	91.210		
91.220	24.500	259.000	679.000	962.500	91.220	9.780	0.000	0.000	9.780	91.220		
91.230	21.000	241.500	714.000	976.500	91.230	9.780	0.000	1.630	11.410	91.230		
91.240	14.000	217.000	745.500	976.500	91.240	9.780	0.000	4.890	14.670	91.240		
91.250	10.500	196.000	780.500	987.000	91.250	9.780	0.000	4.890	14.670	91.250		
91.260	7.000	175.000	808.500	990.500	91.260	4.890	0.000	26.080	30.970	91.260		
91.270	7.000	157.500	836.500	1001.000	91.270	4.890	1.630	96.170	102.690	91.270		
91.280	7.000	129.500	861.000	997.500	91.280	0.000	4.890	166.260	171.150	91.280		
91.290	3.500	108.500	875.000	987.000	91.290	1.630	6.520	211.900	220.050	91.290		
91.300	0.000	91.000	875.000	966.000	91.300	1.630	9.780	267.320	278.730	91.300		
91.310	0.000	77.000	861.000	938.000	91.310	4.890	16.300	339.040	360.230	91.310		
91.320	0.000	59.500	840.000	899.500	91.320	11.410	29.340	407.500	448.250	91.320		
91.330	0.000	49.000	808.500	857.500	91.330	19.200	53.760	456.960	529.920	91.330		
91.340	0.000	38.500	770.000	808.500	91.340	30.720	84.480	480.000	595.200	91.340		
91.350	0.000	28.000	717.500	745.500	91.350	49.920	96.000	468.480	614.400	91.350		
91.360	0.000	17.500	651.000	668.500	91.360	59.520	103.680	439.680	602.880	91.360		
91.370	0.000	7.000	563.500	570.500	91.370	76.800	113.280	410.880	600.960	91.370		
91.380	0.000	0.000	462.000	462.000	91.380	96.000	128.640	399.360	624.000	91.380		
91.390	0.000	0.000	360.500	360.500	91.390	113.280	145.920	397.440	656.640	91.390		
91.400	0.000	0.000	269.500	269.500	91.400	132.480	168.960	407.040	708.480	91.400		
91.410	0.000	0.000	182.000	182.000	91.410	149.760	193.920	416.640	760.320	91.410		
91.420	0.000	0.000	115.500	115.500	91.420	170.880	220.800	424.320	816.000	91.420		
91.430	0.000	0.000	70.000	70.000	91.430	188.160	241.920	424.320	854.400	91.430		
91.440	0.000	0.000	38.500	38.500	91.440	207.360	261.120	418.560	887.040	91.440		
91.450	2.400	2.400	30.000	34.800	91.450	220.800	276.480	410.880	908.160	91.450		
91.460	4.920	2.400	24.960	32.280	91.460	236.160	289.920	399.360	925.440	91.460		
91.470	4.920	0.000	24.960	29.880	91.470	249.600	299.520	382.080	931.200	91.470		
91.480	2.400	0.000	19.920	22.320	91.480	259.550	307.400	362.500	929.450	91.480		
91.490	2.400	2.400	19.920	24.720	91.490	269.700	308.850	342.200	920.750	91.490		
91.500	2.400	2.400	17.400	22.200	91.500	279.850	311.750	319.000	910.600	91.500		
91.510	2.400	2.400	17.400	22.200	91.510	287.100	308.850	297.250	893.200	91.510		
91.520	2.400	0.000	15.000	17.400	91.520	294.350	307.400	274.050	875.800	91.520		
91.530	2.400	0.000	12.480	14.880	91.530	301.600	304.500	256.650	862.750	91.530		
91.540	4.920	2.400	12.480	19.800	91.540	307.400	298.700	234.900	841.000	91.540		
91.550	4.920	0.000	9.960	14.880	91.550	311.750	297.250	214.600	823.600	91.550		
91.560	4.920	0.000	7.440	12.360	91.560	316.100	291.450	191.400	798.950	91.560		
91.570	4.920	2.400	7.440	14.760	91.570	321.900	284.200	174.000	780.100	91.570		
91.580	4.920	2.400	7.440	14.760	91.580	326.250	276.950	156.600	759.800	91.580		
91.590	4.920	2.400	7.440	14.760	91.590	332.050	271.150	136.300	739.500	91.590		
91.600	4.980	2.490	7.500	14.970	91.600	336.400	263.900	121.800	722.100	91.600		
91.610	4.980	0.000	4.980	9.960	91.610	343.650	259.550	108.750	711.950	91.610		
91.620	2.490	0.000	4.980	7.470	91.620	352.350	253.750	97.150	703.250	91.620		
91.630	2.490	2.490	4.980	9.960	91.630	359.640	246.420	86.580	692.640	91.630		
91.640	2.490	2.490	4.980	9.960	91.640	366.300	244.200	79.920	690.420	91.640		
91.650	2.490	2.490	4.980	9.960	91.650	372.960	241.980	73.260	688.200	91.650		
91.660	2.490	0.000	2.490	4.980	91.660	384.060	239.760	68.820	692.640	91.660		
91.670	2.490	2.490	2.490	7.470	91.670	390.720	235.320	64.380	690.420	91.670		
91.680	2.490	0.000	2.490	4.980	91.680	401.820	239.760	59.940	701.520	91.680		
91.690	2.490	2.490	2.490	7.470	91.690	410.700	239.760	55.500	705.960	91.690		
91.700	2.490	0.000	2.490	4.980	91.700	426.240	239.760	55.500	721.500	91.700		
91.710	0.000	2.490	0.000	2.490	91.710	441.780	244.200	51.060	737.040	91.710		
91.720	0.000	0.000	0.000	0.000	91.720	459.540	244.200	48.840	752.580	91.720		
91.730	0.000	0.000	0.000	0.000	91.730	479.520	246.420	48.840	774.780	91.730		
91.740	0.000	0.000	0.000	0.000	91.740	492.840	246.420	46.620	785.880	91.740		
91.750	0.000	0.000	0.000	0.000	91.750	512.820	246.420	44.400	803.640	91.750		
91.760	0.000	0.000	0.000	0.000	91.760	532.800	244.200	39.960	816.960	91.760		
91.770	0.000	0.000	0.000	0.000	91.770	555.000	239.760	35.520	830.280	91.770		
91.780	0.000	0.000	0.000	0.000	91.780	579.600	233.100	34.650	847.350	91.780		
91.790	0.000	0.000	0.000	0.000	91.790	604.800	229.950	31.500	866.250	91.790		
91.800	0.000	0.000	0.000	0.000	91.800	626.850	220.500	25.200	872.550	91.800		
91.810	0.000	0.000	0.000	0.000	91.810	652.050	211.050	22.050	885.150	91.810		
91.820	0.000	2.440	0.000	2.440	91.820	677.250	198.450	15.750	891.450	91.820		
91.830	0.000	2.440	0.000	2.440	91.830	702.450	189.000	12.600	904.050	91.830		
91.840	0.000	4.880	2.440	7.320	91.840	724.500	173.250	9.450	907.200	91.840		
91.850	0.000	2.440	0.000	2.440	91.850	746.550	157.500	9.450	913.500	91.850		
91.860	21.960	7.320	0.000	29.280	91.860	762.300	144.900	6.300	913.500	91.860		
91.870	59.780	7.320	0.000	67.100	91.870	774.900	129.150	3.150	907.200	91.870		
91.880	104.920	9.760	0.000	114.680	91.880	781.200	113.400	0.000	894.600	91.880		
91.890	152.500	12.200	2.440	167.140	91.890	787.500	100.800	0.000	888.300	91.890		
91.900	214.500	19.500	0.000	234.000	91.900	784.350	85.050	0.000	869.400	91.900		
91.910	280.800	23.400	1.950	306.150	91.910	774.900	72.450	0.000	847.350	91.910		
91.920	351.000	37.050	9.750	397.800	91.920	759.150	59.850	0.000	819.000	91.920		
91.930	417.300	56.550	15.600	489.450	91.930	730.000	49.640	0.000	779.640	91.930		
91.940	469.950	101.400	27.300	598.650	91.940	694.960	37.960	0.000	732.920	91.940		
91.950	487.500	130.650	44.850	663.000	91.950	648.240	29.200	0.000	677.440	91.950		
91.960	458.250	144.300	58.500	661.050	91.960	589.840	17.520	0.000	607.360	91.960		
91.970	411.450	169.650	83.850	664.950	91.970	513.920	8.760	0.000	522.680	91.970		
91.980	374.400	204.750	118.950	698.100	91.980	426.320	0.000	0.000	426.320	91.980		
91.990	343.200	239.850	152.100	735.150	91.990	329.960	0.000	0.000	329.960	91.990		
92.000	319.800	269.100	191.100	780.000	92.000	224.840	0.000	0.000	224.840	92.000		
92.010	304.200	298.350	228.150	830.700	92.010	137.240	0.000	0.000	137.240	92.010		
92.020	286.650	323.700	271.050	881.400	92.020	78.840	0.000	0.000	78.840	92.020		
92.030	267.150	339.300	306.150	912.600	92.030	43.800	0.000	2.920	46.720	92.030		
92.040	245.700	356.850	349.050	951.600	92.040	29.200	0.000	5.840	35.040	92.040		
92.050	219.950	363.050	386.900	969.900	92.050	23.360	0.000	5.840	29.200	92.050		
92.060	196.100	365.700	424.000	985.800	92.060	17.520	0.000	5.840	23.360	92.060		
92.070	172.250	357.750	455.800	985.800	92.070	14.600	0.000	2.920	17.520	92.070		
92.080	145.750	349.800	487.600	983.150	92.080	12.500	0.000	7.500	20.000	92.080		
92.090	121.900	331.250	519.400	972.550	92.090	10.000	0.000	7.500	17.500	92.090		
92.100	103.350	312.700	545.900	961.950	92.100	7.500	0.000	7.500	15.000	92.100		
92.110	87.450	291.500	572.400	951.350	92.110	7.500	0.000	7.500	15.000	92.110		
92.120	74.200	265.000	596.250	935.450	92.120	5.000	0.000	7.500	12.500	92.120		
92.130	63.600	238.500	617.450	919.550	92.130	5.000	0.000	7.500	12.500	92.130		
92.140	58.300	214.650	630.700	903.650	92.140	2.500	0.000	7.500	10.000	92.140		
92.150	53.000	193.450	643.950	890.400	92.150	2.500	0.000	7.500	10.000	92.150		
92.160	47.700	174.900	651.900	874.500	92.160	2.500	0.000	7.500	10.000	92.160		
92.170	45.050	161.650	654.550	861.250	92.170	0.000	0.000	7.500	7.500	92.170		
92.180	45.050	148.400	659.850	853.300	92.180	0.000	0.000	7.500	7.500	92.180		
92.190	42.400	137.800	662.500	842.700	92.190	0.000	0.000	7.500	7.500	92.190		
92.200	38.920	130.660	661.640	831.220	92.200	0.000	0.000	5.000	5.000	92.200		
92.210	38.920	125.100	664.420	828.440	92.210	0.000	0.000	7.500	7.500	92.210		
92.220	36.140	119.540	664.420	820.100	92.220	0.000	0.000	5.000	5.000	92.220		
92.230	33.360	113.980	661.640	808.980	92.230	0.000	0.000	7.470	7.470	92.230		
92.240	33.360	111.200	664.420	808.980	92.240	0.000	0.000	7.470	7.470	92.240		
92.250	30.580	105.640	664.420	800.640	92.250	0.000	0.000	7.470	7.470	92.250		
92.260	25.020	105.640	667.200	797.860	92.260	0.000	0.000	4.950	4.950	92.260		
92.270	22.240	102.860	669.980	795.080	92.270	0.000	0.000	7.470	7.470	92.270		
92.280	22.240	100.080	669.980	792.300	92.280	0.000	0.000	4.950	4.950	92.280		
92.290	19.460	100.080	672.760	792.300	92.290	0.000	0.000	4.950	4.950	92.290		
92.300	19.460	100.080	681.100	800.640	92.300	0.000	0.000	4.950	4.950	92.300		
92.310	19.460	100.080	689.440	808.980	92.310	0.000	0.000	4.950	4.950	92.310		
92.320	16.680	100.080	692.220	808.980	92.320	0.000	0.000	2.430	2.430	92.320		
92.330	16.680	100.080	695.000	811.760	92.330	0.000	0.000	0.000	0.000	92.330		
92.340	16.680	97.300	689.440	803.420	92.340	0.000	0.000	0.000	0.000	92.340		
92.350	16.260	97.560	677.500	791.320	92.350	0.000	2.430	4.950	7.380	92.350		
92.360	16.260	94.850	658.530	769.640	92.360	0.000	4.950	17.460	22.410	92.360		
92.370	13.550	92.140	636.850	742.540	92.370	0.000	4.950	22.500	27.450	92.370		
92.380	13.550	92.140	612.460	718.150	92.380	0.000	9.300	31.000	40.300	92.380		
92.390	13.550	89.430	593.490	696.470	92.390	6.200	21.700	49.600	77.500	92.390		
92.400	13.550	86.720	571.810	672.080	92.400	54.250	51.150	102.300	207.700	92.400		
92.410	10.840	84.010	547.420	642.270	92.410	86.800	96.100	193.750	376.650	92.410		
92.420	8.130	81.300	531.160	620.590	92.420	119.350	155.000	274.350	548.700	92.420		
92.430	8.130	75.880	506.770	590.780	92.430	168.950	193.750	286.750	649.450	92.430		
92.440	2.710	67.750	479.670	550.130	92.440	213.900	217.000	266.600	697.500	92.440		
92.450	0.000	62.330	447.150	509.480	92.450	251.100	232.500	237.150	720.750	92.450		
92.460	0.000	54.200	406.500	460.700	92.460	294.500	244.900	218.550	757.950	92.460		
92.470	0.000	46.070	365.850	411.920	92.470	331.700	257.300	209.250	798.250	92.470		
92.480	0.000	37.940	322.490	360.430	92.480	356.500	269.700	201.500	827.700	92.480		
92.490	0.000	29.810	273.710	303.520	92.490	372.000	277.450	204.600	854.050	92.490		
92.500	0.000	24.920	222.500	247.420	92.500	384.400	286.750	213.900	885.050	92.500		
92.510	0.000	14.240	174.440	188.680	92.510	387.500	296.050	224.750	908.300	92.510		
92.520	0.000	7.120	129.940	137.060	92.520	384.400	303.800	237.150	925.350	92.520		
92.530	0.000	1.780	91.670	93.450	92.530	375.000	309.000	255.000	939.000	92.530		
92.540	0.000	0.000	62.300	62.300	92.540	360.000	307.500	270.000	937.500	92.540		
92.550	0.000	0.000	44.500	44.500	92.550	337.500	300.000	282.000	919.500	92.550		
92.560	1.780	0.000	29.370	31.150	92.560	315.000	289.500	292.500	897.000	92.560		
92.570	4.450	0.000	19.580	24.030	92.570	297.000	279.000	300.000	876.000	92.570		
92.580	4.450	0.000	12.460	16.910	92.580	285.000	274.500	301.500	861.000	92.580		
92.590	4.450	0.000	7.120	11.570	92.590	277.500	270.000	300.000	847.500	92.590		
92.600	7.120	0.000	7.120	14.240	92.600	270.000	262.500	297.000	829.500	92.600		
92.610	7.120	0.000	7.120	14.240	92.610	267.000	256.500	294.000	817.500	92.610		
92.620	7.120	0.000	7.120	14.240	92.620	262.500	255.000	292.500	810.000	92.620		
92.630	4.450	0.000	4.450	8.900	92.630	256.500	252.000	286.500	795.000	92.630		
92.640	4.450	0.000	4.450	8.900	92.640	256.500	249.000	285.000	790.500	92.640		
92.650	4.980	0.000	4.980	9.960	92.650	255.000	247.500	279.000	781.500	92.650		
92.660	2.490	0.000	4.980	7.470	92.660	255.000	244.500	277.500	777.000	92.660		
92.670	4.980	0.000	2.490	7.470	92.670	255.000	244.500	271.500	771.000	92.670		
92.680	4.980	0.000	2.490	7.470	92.680	254.880	244.260	266.680	765.820	92.680		
92.690	4.980	0.000	2.490	7.470	92.690	257.240	241.900	261.960	761.100	92.690		
92.700	4.980	0.000	2.490	7.470	92.700	261.960	241.900	254.880	758.740	92.700		
92.710	4.980	0.000	0.000	4.980	92.710	261.960	241.900	248.980	752.840	92.710		
92.720	4.980	0.000	0.000	4.980	92.720	266.680	241.900	244.260	752.840	92.720		
92.730	4.980	0.000	0.000	4.980	92.730	266.680	241.900	241.900	750.480	92.730		
92.740	7.500	2.490	0.000	9.990	92.740	269.040	244.260	241.900	755.200	92.740		
92.750	4.980	0.000	0.000	4.980	92.750	271.400	246.620	241.900	759.920	92.750		
92.760	4.980	2.490	0.000	7.470	92.760	274.940	248.980	244.260	768.180	92.760		
92.770	7.500	2.490	0.000	9.990	92.770	277.300	254.880	244.260	776.440	92.770		
92.780	4.980	2.490	0.000	7.470	92.780	282.020	257.240	246.620	785.880	92.780		
92.790	4.980	2.490	0.000	7.470	92.790	284.380	259.600	246.620	790.600	92.790		
92.800	2.040	2.040	0.000	4.080	92.800	286.740	261.960	246.620	795.320	92.800		
92.810	2.040	2.040	0.000	4.080	92.810	289.100	261.960	246.620	797.680	92.810		
92.820	2.040	2.040	0.000	4.080	92.820	295.000	264.320	244.260	803.580	92.820		
92.830	2.040	2.040	0.000	4.080	92.830	296.430	266.910	242.310	805.650	92.830		
92.840	24.480	7.480	0.000	31.960	92.840	301.350	266.910	239.850	808.110	92.840		
92.850	54.400	9.520	4.760	68.680	92.850	303.810	266.910	234.930	805.650	92.850		
92.860	79.560	12.240	7.480	99.280	92.860	307.500	264.450	228.780	800.730	92.860		
92.870	102.000	37.400	27.200	166.600	92.870	303.810	259.530	221.400	784.740	92.870		
92.880	127.160	31.960	24.480	183.600	92.880	301.350	252.150	216.480	769.980	92.880		
92.890	142.120	34.680	27.200	204.000	92.890	296.430	242.310	209.100	747.840	92.890		
92.900	146.880	42.160	34.680	223.720	92.900	286.590	232.470	204.180	723.240	92.900		
92.910	149.600	49.640	46.920	246.160	92.910	274.290	218.940	201.720	694.950	92.910		
92.920	154.360	54.400	54.400	263.160	92.920	261.990	209.100	201.720	672.810	92.920		
92.930	159.800	57.120	57.120	274.040	92.930	254.610	204.180	199.260	658.050	92.930		
92.940	170.000	64.600	64.600	299.200	92.940	247.230	194.340	199.260	640.830	92.940		
92.950	174.240	69.300	67.320	310.860	92.950	237.390	189.420	196.800	623.610	92.950		
92.960	184.140	74.250	67.320	325.710	92.960	223.860	179.580	194.340	597.780	92.960		
92.970	194.040	77.220	67.320	338.580	92.970	214.020	172.200	194.340	580.560	92.970		
92.980	201.960	82.170	67.320	351.450	92.980	200.000	160.000	194.400	554.400	92.980		
92.990	209.880	82.170	64.350	356.400	92.990	187.200	149.600	194.400	531.200	92.990		
93.000	216.810	82.170	64.350	363.330	93.000	172.000	140.000	192.000	504.000	93.000		
93.010	221.760	84.150	62.370	368.280	93.010	160.000	132.000	192.000	484.000	93.010		
93.020	226.710	84.150	62.370	373.230	93.020	149.600	122.400	189.600	461.600	93.020		
93.030	231.660	87.120	62.370	381.150	93.030	140.000	114.400	187.200	441.600	93.030		
93.040	236.610	84.150	62.370	383.130	93.040	132.000	107.200	187.200	426.400	93.040		
93.050	241.560	87.120	62.370	391.050	93.050	122.400	102.400	184.800	409.600	93.050		
93.060	244.530	87.120	62.370	394.020	93.060	120.000	100.000	182.400	402.400	93.060		
93.070	247.500	89.100	64.350	400.950	93.070	120.000	96.800	180.000	396.800	93.070		
93.080	247.500	92.070	67.320	406.890	93.080	120.000	96.800	174.400	391.200	93.080		
93.090	247.500	94.050	67.320	408.870	93.090	122.400	96.800	172.000	391.200	93.090		
93.100	247.450	91.910	69.690	409.050	93.100	122.400	94.400	172.000	388.800	93.100		
93.110	247.450	96.960	74.740	419.150	93.110	124.800	96.800	172.000	393.600	93.110		
93.120	247.450	99.990	74.740	422.180	93.120	124.800	100.000	172.000	396.800	93.120		
93.130	247.450	102.010	76.760	426.220	93.130	124.890	99.360	169.740	393.990	93.130		
93.140	247.450	102.010	76.760	426.220	93.140	126.960	102.120	172.500	401.580	93.140		
93.150	247.450	104.030	76.760	428.240	93.150	124.890	102.120	169.740	396.750	93.150		
93.160	247.450	104.030	81.810	433.290	93.160	126.960	102.120	172.500	401.580	93.160		
93.170	249.470	107.060	81.810	438.340	93.170	129.720	102.120	169.740	401.580	93.170		
93.180	247.450	109.080	84.840	441.370	93.180	126.960	102.120	169.740	398.820	93.180		
93.190	247.450	109.080	86.860	443.390	93.190	129.720	102.120	169.740	401.580	93.190		
93.200	247.450	112.110	86.860	446.420	93.200	129.720	102.120	169.740	401.580	93.200		
93.210	247.450	112.110	86.860	446.420	93.210	129.720	102.120	166.980	398.820	93.210		
93.220	249.470	112.110	86.860	448.440	93.220	129.720	102.120	166.980	398.820	93.220		
93.230	252.500	112.110	89.890	454.500	93.230	129.720	102.120	166.980	398.820	93.230		
93.240	252.500	112.110	86.860	451.470	93.240	129.720	102.120	166.980	398.820	93.240		
93.250	252.000	112.000	87.360	451.360	93.250	129.720	102.120	166.980	398.820	93.250		
93.260	254.240	109.760	87.360	451.360	93.260	129.720	99.360	169.740	398.820	93.260		
93.270	256.480	109.760	87.360	453.600	93.270	126.960	99.360	169.740	396.060	93.270		
93.280	262.080	109.760	84.000	455.840	93.280	124.820	99.540	172.220	396.580	93.280		
93.290	264.320	106.400	79.520	450.240	93.290	122.450	97.170	172.220	391.840	93.290		
93.300	266.560	106.400	79.520	452.480	93.300	119.290	97.170	174.590	391.050	93.300		
93.310	272.160	106.400	79.520	458.080	93.310	116.920	94.800	176.960	388.680	93.310		
93.320	274.400	104.160	77.280	455.840	93.320	114.550	92.430	176.960	383.940	93.320		
93.330	276.640	104.160	73.920	454.720	93.330	112.180	92.430	179.330	383.940	93.330		
93.340	276.640	101.920	71.680	450.240	93.340	107.440	86.900	179.330	373.670	93.340		
93.350	280.000	104.160	71.680	455.840	93.350	104.280	86.900	182.490	373.670	93.350		
93.360	280.000	101.920	71.680	453.600	93.360	104.280	86.900	184.860	376.040	93.360		
93.370	280.000	101.920	71.680	453.600	93.370	101.910	86.900	187.230	376.040	93.370		
93.380	276.640	101.920	69.440	448.000	93.380	101.910	86.900	189.600	378.410	93.380		
93.390	276.640	99.680	71.680	448.000	93.390	99.540	86.900	191.970	378.410	93.390		
93.400	274.400	101.920	71.680	448.000	93.400	97.170	86.900	194.340	378.410	93.400		
93.410	274.400	99.680	71.680	445.760	93.410	97.170	84.530	197.500	379.200	93.410		
93.420	274.400	99.680	71.680	445.760	93.420	94.800	84.530	197.500	376.830	93.420		
93.430	274.400	99.680	69.440	443.520	93.430	94.760	81.880	199.640	376.280	93.430		
93.440	274.400	99.680	69.440	443.520	93.440	94.760	84.640	202.400	381.800	93.440		
93.450	274.400	99.680	69.440	443.520	93.450	89.240	84.640	204.240	378.120	93.450		
93.460	274.400	97.440	69.440	441.280	93.460	89.240	81.880	207.000	378.120	93.460		
93.470	276.640	97.440	69.440	443.520	93.470	89.240	81.880	209.760	380.880	93.470		
93.480	276.640	97.440	67.200	441.280	93.480	87.400	81.880	209.760	379.040	93.480		
93.490	276.640	97.440	69.440	443.520	93.490	87.400	81.880	214.360	383.640	93.490		
93.500	276.640	97.440	67.200	441.280	93.500	84.640	81.880	214.360	380.880	93.500		
93.510	276.640	97.440	67.200	441.280	93.510	84.640	81.880	217.120	383.640	93.510		
93.520	276.640	97.440	67.200	441.280	93.520	84.640	79.120	219.880	383.640	93.520		
93.530	280.000	97.440	67.200	444.640	93.530	81.880	79.120	221.720	382.720	93.530		
93.540	280.000	94.080	67.200	441.280	93.540	81.880	79.120	221.720	382.720	93.540		
93.550	279.110	97.180	64.410	440.700	93.550	81.880	79.120	227.240	388.240	93.550		
93.560	282.500	97.180	66.670	446.350	93.560	79.120	79.120	227.240	385.480	93.560		
93.570	282.500	97.180	64.410	444.090	93.570	77.280	79.120	230.000	386.400	93.570		
93.580	279.110	97.180	64.410	440.700	93.580	77.280	79.120	230.000	386.400	93.580		
93.590	282.500	97.180	64.410	444.090	93.590	77.280	79.120	230.000	386.400	93.590		
93.600	282.500	97.180	66.670	446.350	93.600	77.280	79.120	230.000	386.400	93.600		
93.610	282.500	97.180	66.670	446.350	93.610	77.280	79.120	230.000	386.400	93.610		
93.620	282.500	97.180	64.410	444.090	93.620	77.280	79.120	227.240	383.640	93.620		
93.630	279.110	97.180	66.670	442.960	93.630	77.280	81.880	227.240	386.400	93.630		
93.640	279.110	97.180	66.670	442.960	93.640	79.120	79.120	227.240	385.480	93.640		
93.650	279.110	94.920	66.670	440.700	93.650	79.120	81.880	227.240	388.240	93.650		
93.660	276.850	94.920	66.670	438.440	93.660	79.120	81.880	224.480	385.480	93.660		
93.670	276.850	97.180	66.670	440.700	93.670	79.120	84.640	224.480	388.240	93.670		
93.680	274.590	97.180	68.930	440.700	93.680	79.120	81.880	224.480	385.480	93.680		
93.690	274.590	97.180	66.670	438.440	93.690	81.880	84.640	224.480	391.000	93.690		
93.700	274.400	97.440	69.440	441.280	93.700	79.120	81.880	224.480	385.480	93.700		
93.710	274.400	97.440	69.440	441.280	93.710	81.880	84.640	224.480	391.000	93.710		
93.720	272.160	99.680	69.440	441.280	93.720	79.120	81.880	224.480	385.480	93.720		
93.730	274.400	99.680	69.440	443.520	93.730	79.200	81.900	225.000	386.100	93.730		
93.740	274.400	99.680	69.440	443.520	93.740	79.200	81.900	222.300	383.400	93.740		
93.750	274.400	99.680	69.440	443.520	93.750	79.200	84.600	222.300	386.100	93.750		
93.760	274.400	99.680	71.680	445.760	93.760	79.200	81.900	222.300	383.400	93.760		
93.770	274.400	99.680	71.680	445.760	93.770	79.200	81.900	222.300	383.400	93.770		
93.780	274.400	101.920	71.680	448.000	93.780	79.200	81.900	222.300	383.400	93.780		
93.790	274.400	101.920	71.680	448.000	93.790	79.200	79.200	222.300	380.700	93.790		
93.800	274.400	101.920	73.920	450.240	93.800	77.400	81.900	222.300	381.600	93.800		
93.810	274.400	101.920	73.920	450.240	93.810	77.400	79.200	219.600	376.200	93.810		
93.820	276.640	101.920	77.280	455.840	93.820	77.400	79.200	219.600	376.200	93.820		
93.830	276.640	101.920	73.920	452.480	93.830	77.400	79.200	219.600	376.200	93.830		
93.840	280.000	104.160	73.920	458.080	93.840	77.400	79.200	219.600	376.200	93.840		
93.850	280.000	105.000	75.000	460.000	93.850	77.400	79.200	219.600	376.200	93.850		
93.860	282.500	105.000	75.000	462.500	93.860	74.700	77.400	219.600	371.700	93.860		
93.870	282.500	105.000	75.000	462.500	93.870	74.700	77.400	219.600	371.700	93.870		
93.880	285.000	107.500	75.000	467.500	93.880	71.890	74.620	219.310	365.820	93.880		
93.890	285.000	107.500	75.000	467.500	93.890	74.620	74.620	219.310	368.550	93.890		
93.900	287.500	107.500	77.500	472.500	93.900	71.890	71.890	217.490	361.270	93.900		
93.910	290.000	107.500	75.000	472.500	93.910	71.890	71.890	219.310	363.090	93.910		
93.920	292.500	107.500	75.000	475.000	93.920	69.160	71.890	217.490	358.540	93.920		
93.930	295.000	110.000	77.500	482.500	93.930	69.160	69.160	217.490	355.810	93.930		
93.940	295.000	112.500	77.500	485.000	93.940	67.340	69.160	219.310	355.810	93.940		
93.950	297.500	112.500	75.000	485.000	93.950	67.340	69.160	219.310	355.810	93.950		
93.960	300.000	112.500	75.000	487.500	93.960	67.340	69.160	219.310	355.810	93.960		
93.970	305.000	112.500	72.500	490.000	93.970	64.610	67.340	219.310	351.260	93.970		
93.980	307.500	112.500	70.000	490.000	93.980	61.880	64.610	222.040	348.530	93.980		
93.990	312.500	112.500	70.000	495.000	93.990	59.150	64.610	224.770	348.530	93.990		
94.000	316.660	112.180	66.740	495.580	94.000	59.150	61.880	227.500	348.530	94.000		
94.010	322.340	112.180	62.480	497.000	94.010	57.330	61.880	227.500	346.710	94.010		
94.020	323.760	112.180	59.640	495.580	94.020	54.600	59.150	227.500	341.250	94.020		
94.030	329.440	112.180	59.640	501.260	94.030	51.940	56.840	229.320	338.100	94.030		
94.040	332.280	112.180	56.800	501.260	94.040	49.980	56.840	229.320	336.140	94.040		
94.050	336.540	112.180	53.960	502.680	94.050	49.980	56.840	232.260	339.080	94.050		
94.060	339.380	112.180	51.120	502.680	94.060	49.980	54.880	229.320	334.180	94.060		
94.070	339.380	112.180	49.700	501.260	94.070	47.040	54.880	232.260	334.180	94.070		
94.080	342.220	112.180	51.120	505.520	94.080	47.040	54.880	232.260	334.180	94.080		
94.090	343.640	112.180	46.860	502.680	94.090	44.100	51.940	234.220	330.260	94.090		
94.100	346.480	113.600	49.700	509.780	94.100	44.100	51.940	234.220	330.260	94.100		
94.110	349.320	113.600	44.020	506.940	94.110	44.100	51.940	234.220	330.260	94.110		
94.120	349.320	113.600	46.860	509.780	94.120	42.140	49.980	237.160	329.280	94.120		
94.130	352.160	112.180	41.180	505.520	94.130	42.140	49.980	239.120	331.240	94.130		
94.140	355.000	113.600	41.180	509.780	94.140	39.200	49.980	239.120	328.300	94.140		
94.150	356.240	112.420	42.340	511.000	94.150	37.240	49.980	242.060	329.280	94.150		
94.160	359.160	113.880	39.420	512.460	94.160	37.240	49.980	242.060	329.280	94.160		
94.170	359.160	112.420	39.420	511.000	94.170	37.240	47.040	245.000	329.280	94.170		
94.180	359.160	113.880	39.420	512.460	94.180	34.880	46.870	247.430	329.180	94.180		
94.190	359.160	113.880	39.420	512.460	94.190	34.880	46.870	247.430	329.180	94.190		
94.200	359.160	112.420	39.420	511.000	94.200	34.880	46.870	249.610	331.360	94.200		
94.210	359.160	113.880	39.420	512.460	94.210	34.880	49.050	249.610	333.540	94.210		
94.220	359.160	112.420	36.500	508.080	94.220	34.880	46.870	251.790	333.540	94.220		
94.230	359.160	112.420	36.500	508.080	94.230	34.880	49.050	251.790	335.720	94.230		
94.240	359.160	112.420	36.500	508.080	94.240	34.880	49.050	253.970	337.900	94.240		
94.250	359.160	109.500	36.500	505.160	94.250	34.880	49.050	253.970	337.900	94.250		
94.260	362.080	109.500	36.500	508.080	94.260	31.610	49.050	257.240	337.900	94.260		
94.270	362.080	109.500	33.580	505.160	94.270	29.430	49.050	259.420	337.900	94.270		
94.280	365.000	106.580	36.500	508.080	94.280	23.980	46.870	261.600	332.450	94.280		
94.290	365.000	106.580	32.120	503.700	94.290	21.800	46.870	264.870	333.540	94.290		
94.300	362.500	104.400	31.900	498.800	94.300	19.620	46.870	267.050	333.540	94.300		
94.310	362.500	101.500	31.900	495.900	94.310	19.620	46.870	269.230	335.720	94.310		
94.320	362.500	101.500	31.900	495.900	94.320	19.620	49.050	272.500	341.170	94.320		
94.330	359.600	101.500	29.000	490.100	94.330	19.890	49.140	274.950	343.980	94.330		
94.340	359.600	98.600	31.900	490.100	94.340	16.380	49.140	277.290	342.810	94.340		
94.350	359.600	98.600	31.900	490.100	94.350	19.890	49.140	279.630	348.660	94.350		
94.360	356.700	98.600	31.900	487.200	94.360	16.380	49.140	281.970	347.490	94.360		
94.370	356.700	98.600	29.000	484.300	94.370	16.380	49.140	281.970	347.490	94.370		
94.380	353.800	97.150	31.900	482.850	94.380	16.380	51.480	284.310	352.170	94.380		
94.390	353.800	97.150	29.000	479.950	94.390	19.890	51.480	286.650	358.020	94.390		
94.400	352.350	97.150	31.900	481.400	94.400	19.890	51.480	286.650	358.020	94.400		
94.410	352.350	94.250	31.900	478.500	94.410	19.890	54.990	288.990	363.870	94.410		
94.420	349.450	97.150	31.900	478.500	94.420	19.890	54.990	292.500	367.380	94.420		
94.430	346.550	94.250	31.900	472.700	94.430	19.890	54.990	292.500	367.380	94.430		
94.440	343.650	94.250	34.800	472.700	94.440	19.890	57.330	292.500	369.720	94.440		
94.450	342.500	94.530	31.510	468.540	94.450	22.230	59.670	292.500	374.400	94.450		
94.460	339.760	94.530	34.250	468.540	94.460	24.570	59.670	292.500	376.740	94.460		
94.470	334.280	94.530	31.510	460.320	94.470	24.570	59.670	292.500	376.740	94.470		
94.480	334.280	91.790	34.250	460.320	94.480	26.680	61.480	290.000	378.160	94.480		
94.490	331.540	91.790	31.510	454.840	94.490	26.680	64.960	290.000	381.640	94.490		
94.500	328.800	91.790	34.250	454.840	94.500	29.000	64.960	290.000	383.960	94.500		
94.510	327.430	91.790	34.250	453.470	94.510	32.480	67.280	286.520	386.280	94.510		
94.520	321.950	89.050	34.250	445.250	94.520	34.800	67.280	284.200	386.280	94.520		
94.530	319.210	89.050	34.250	442.510	94.530	37.120	71.920	281.880	390.920	94.530		
94.540	313.730	89.050	34.250	437.030	94.540	39.440	74.240	279.560	393.240	94.540		
94.550	309.620	89.050	36.990	435.660	94.550	44.080	76.560	277.240	397.880	94.550		
94.560	306.880	91.790	36.990	435.660	94.560	46.400	78.880	274.920	400.200	94.560		
94.570	298.660	89.050	39.730	427.440	94.570	49.880	82.360	271.440	403.680	94.570		
94.580	294.550	89.050	42.470	426.070	94.580	52.200	84.680	269.120	406.000	94.580		
94.590	289.070	89.050	46.580	424.700	94.590	56.840	87.000	269.120	412.960	94.590		
94.600	290.000	91.640	49.880	431.520	94.600	61.480	89.320	266.800	417.600	94.600		
94.610	286.520	89.320	46.400	422.240	94.610	61.480	91.640	264.480	417.600	94.610		
94.620	284.200	91.640	49.880	425.720	94.620	64.960	93.960	262.160	421.080	94.620		
94.630	281.880	89.320	49.880	421.080	94.630	66.560	94.640	260.000	421.200	94.630		
94.640	279.560	89.320	49.880	418.760	94.640	69.680	96.720	256.880	423.280	94.640		
94.650	277.240	89.320	52.200	418.760	94.650	71.760	99.840	254.800	426.400	94.650		
94.660	271.440	89.320	52.200	412.960	94.660	76.960	101.920	251.680	430.560	94.660		
94.670	269.120	89.320	52.200	410.640	94.670	82.160	107.120	251.680	440.960	94.670		
94.680	264.480	87.000	54.520	406.000	94.680	87.360	109.200	249.600	446.160	94.680		
94.690	259.840	87.000	56.840	403.680	94.690	89.440	112.320	246.480	448.240	94.690		
94.700	256.360	87.000	54.520	397.880	94.700	94.640	116.480	242.320	453.440	94.700		
94.710	251.720	87.000	56.840	395.560	94.710	99.840	119.600	239.200	458.640	94.710		
94.720	249.400	87.000	56.840	393.240	94.720	101.920	121.680	234.000	457.600	94.720		
94.730	247.080	84.680	59.160	390.920	94.730	107.120	124.800	231.920	463.840	94.730		
94.740	242.440	84.680	59.160	386.280	94.740	109.200	126.880	231.920	468.000	94.740		
94.750	240.000	84.480	59.520	384.000	94.750	112.320	130.000	229.840	472.160	94.750		
94.760	237.120	84.480	62.400	384.000	94.760	112.320	132.080	229.840	474.240	94.760		
94.770	234.240	81.600	59.520	375.360	94.770	114.400	132.080	226.720	473.200	94.770		
94.780	234.240	84.480	59.520	378.240	94.780	117.180	134.850	226.920	478.950	94.780		
94.790	232.320	81.600	59.520	373.440	94.790	119.970	136.710	226.920	483.600	94.790		
94.800	232.320	79.680	59.520	371.520	94.800	119.970	136.710	224.130	480.810	94.800		
94.810	229.440	79.680	56.640	365.760	94.810	119.970	136.710	224.130	480.810	94.810		
94.820	229.440	79.680	59.520	368.640	94.820	119.970	136.710	224.130	480.810	94.820		
94.830	229.440	79.680	59.520	368.640	94.830	121.830	139.500	224.130	485.460	94.830		
94.840	226.560	79.680	59.520	365.760	94.840	121.830	139.500	224.130	485.460	94.840		
94.850	224.640	79.680	56.640	360.960	94.850	121.830	136.710	224.130	482.670	94.850		
94.860	224.640	79.680	56.640	360.960	94.860	124.620	139.500	224.130	488.250	94.860		
94.870	224.640	76.800	59.520	360.960	94.870	121.830	139.500	224.130	485.460	94.870		
94.880	221.760	76.800	56.640	355.200	94.880	121.830	136.710	226.920	485.460	94.880		
94.890	224.640	76.800	59.520	360.960	94.890	119.970	136.710	226.920	483.600	94.890		
94.900	222.300	76.950	57.000	356.250	94.900	119.970	136.710	229.710	486.390	94.900		
94.910	224.200	76.950	57.000	358.150	94.910	119.970	134.850	232.500	487.320	94.910		
94.920	222.300	76.950	57.000	356.250	94.920	117.180	134.850	232.500	484.530	94.920		
94.930	224.200	76.950	57.000	358.150	94.930	116.630	134.820	234.330	485.780	94.930		
94.940	224.200	76.950	57.000	358.150	94.940	114.490	134.820	234.330	483.640	94.940		
94.950	227.050	76.950	57.000	361.000	94.950	112.350	131.610	236.470	480.430	94.950		
94.960	229.900	76.950	57.000	363.850	94.960	112.350	131.610	239.680	483.640	94.960		
94.970	229.900	74.100	54.150	358.150	94.970	109.140	131.610	241.820	482.570	94.970		
94.980	231.800	74.100	54.150	360.050	94.980	109.140	127.330	243.960	480.430	94.980		
94.990	231.800	74.100	54.150	360.050	94.990	109.140	127.330	243.960	480.430	94.990		
95.000	231.800	76.950	52.250	361.000	95.000	107.000	127.330	247.170	481.500	95.000		
95.010	234.650	74.100	52.250	361.000	95.010	104.860	124.120	249.310	478.290	95.010		
95.020	234.650	74.100	52.250	361.000	95.020	101.650	124.120	251.450	477.220	95.020		
95.030	234.650	74.100	52.250	361.000	95.030	99.510	121.980	254.660	476.150	95.030		
95.040	237.500	74.100	52.250	363.850	95.040	99.510	119.840	256.800	476.150	95.040		
95.050	236.900	74.160	51.500	362.560	95.050	97.370	119.840	262.150	479.360	95.050		
95.060	236.900	72.100	49.440	358.440	95.060	92.020	116.630	264.290	472.940	95.060		
95.070	239.990	72.100	49.440	361.530	95.070	92.020	114.490	267.500	474.010	95.070		
95.080	239.990	72.100	49.440	361.530	95.080	86.460	111.350	272.480	470.290	95.080		
95.090	242.050	72.100	47.380	361.530	95.090	86.460	111.350	276.410	474.220	95.090		
95.100	242.050	72.100	47.380	361.530	95.100	81.220	111.350	279.030	471.600	95.100		
95.110	244.110	72.100	47.380	363.590	95.110	79.910	108.730	281.650	470.290	95.110		
95.120	244.110	72.100	49.440	365.650	95.120	79.910	107.420	284.270	471.600	95.120		
95.130	247.200	69.010	47.380	363.590	95.130	74.670	104.800	289.510	468.980	95.130		
95.140	247.200	72.100	47.380	366.680	95.140	74.670	104.800	292.130	471.600	95.140		
95.150	249.260	72.100	44.290	365.650	95.150	69.430	102.180	297.370	468.980	95.150		
95.160	252.350	72.100	44.290	368.740	95.160	66.810	102.180	299.990	468.980	95.160		
95.170	252.350	72.100	47.380	371.830	95.170	61.570	99.560	303.920	465.050	95.170		
95.180	254.410	72.100	42.230	368.740	95.180	56.330	96.940	309.160	462.430	95.180		
95.190	257.500	72.100	42.230	371.830	95.190	53.710	94.320	314.400	462.430	95.190		
95.200	260.000	70.000	42.500	372.500	95.200	47.160	94.320	317.020	458.500	95.200		
95.210	265.000	72.500	42.500	380.000	95.210	44.540	91.700	322.260	458.500	95.210		
95.220	267.500	70.000	40.000	377.500	95.220	39.300	89.080	327.500	455.880	95.220		
95.230	272.500	70.000	40.000	382.500	95.230	35.000	89.600	331.800	456.400	95.230		
95.240	275.000	70.000	35.000	380.000	95.240	29.400	84.000	337.400	450.800	95.240		
95.250	280.000	70.000	35.000	385.000	95.250	23.800	81.200	341.600	446.600	95.250		
95.260	285.000	72.500	35.000	392.500	95.260	22.400	79.800	344.400	446.600	95.260		
95.270	290.000	70.000	32.500	392.500	95.270	16.800	79.800	344.400	441.000	95.270		
95.280	292.500	70.000	35.000	397.500	95.280	14.000	77.000	347.200	438.200	95.280		
95.290	295.000	70.000	32.500	397.500	95.290	11.200	77.000	350.000	438.200	95.290		
95.300	300.000	70.000	32.500	402.500	95.300	9.800	77.000	350.000	436.800	95.300		
95.310	302.500	72.500	32.500	407.500	95.310	9.800	74.200	350.000	434.000	95.310		
95.320	305.000	72.500	32.500	410.000	95.320	7.000	74.200	347.200	428.400	95.320		
95.330	307.500	75.000	30.000	412.500	95.330	4.200	74.200	344.400	422.800	95.330		
95.340	312.500	75.000	35.000	422.500	95.340	4.200	71.400	344.400	420.000	95.340		
95.350	314.140	73.670	31.970	419.780	95.350	1.400	71.400	341.600	414.400	95.350		
95.360	316.920	76.450	31.970	425.340	95.360	1.400	71.400	338.800	411.600	95.360		
95.370	322.480	76.450	31.970	430.900	95.370	1.400	71.400	337.400	410.200	95.370		
95.380	323.870	76.450	34.750	435.070	95.380	0.000	69.680	335.000	404.680	95.380		
95.390	326.650	79.230	31.970	437.850	95.390	0.000	69.680	329.640	399.320	95.390		
95.400	329.430	79.230	31.970	440.630	95.400	1.340	69.680	326.960	397.980	95.400		
95.410	332.210	82.010	34.750	448.970	95.410	0.000	69.680	324.280	393.960	95.410		
95.420	334.990	79.230	34.750	448.970	95.420	1.340	69.680	321.600	392.620	95.420		
95.430	336.380	84.790	36.140	457.310	95.430	0.000	69.680	318.920	388.600	95.430		
95.440	339.160	84.790	34.750	458.700	95.440	1.340	69.680	316.240	387.260	95.440		
95.450	339.160	84.790	36.140	460.090	95.450	1.340	69.680	312.220	383.240	95.450		
95.460	341.940	86.180	36.140	464.260	95.460	1.340	67.000	306.860	375.200	95.460		
95.470	344.720	86.180	36.140	467.040	95.470	1.340	67.000	301.500	369.840	95.470		
95.480	344.720	88.960	36.140	469.820	95.480	1.340	67.000	298.820	367.160	95.480		
95.490	347.500	88.960	38.920	475.380	95.490	1.340	67.000	294.800	363.140	95.490		
95.500	348.940	91.980	42.340	483.260	95.500	1.340	67.000	289.440	357.780	95.500		
95.510	351.860	94.900	42.340	489.100	95.510	4.020	69.680	284.080	357.780	95.510		
95.520	351.860	94.900	42.340	489.100	95.520	4.020	69.680	281.400	355.100	95.520		
95.530	351.860	94.900	42.340	489.100	95.530	4.440	66.600	277.500	348.540	95.530		
95.540	354.780	96.360	43.800	494.940	95.540	4.440	66.600	271.950	342.990	95.540		
95.550	356.240	96.360	43.800	496.400	95.550	4.440	66.600	266.400	337.440	95.550		
95.560	356.240	99.280	46.720	502.240	95.560	6.660	66.600	261.960	335.220	95.560		
95.570	356.240	102.200	49.640	508.080	95.570	6.660	64.380	259.740	330.780	95.570		
95.580	356.240	103.660	49.640	509.540	95.580	4.440	64.380	254.190	323.010	95.580		
95.590	359.160	103.660	51.100	513.920	95.590	4.440	62.160	251.970	318.570	95.590		
95.600	359.160	106.580	51.100	516.840	95.600	4.440	62.160	249.750	316.350	95.600		
95.610	359.160	106.580	54.020	519.760	95.610	4.440	62.160	246.420	313.020	95.610		
95.620	362.080	109.500	54.020	525.600	95.620	2.220	62.160	244.200	308.580	95.620		
95.630	362.080	112.420	54.020	528.520	95.630	4.440	59.940	241.980	306.360	95.630		
95.640	365.000	112.420	56.940	534.360	95.640	4.440	59.940	236.430	300.810	95.640		
95.650	363.480	113.880	56.160	533.520	95.650	4.440	59.940	234.210	298.590	95.650		
95.660	369.720	113.880	56.160	539.760	95.660	4.440	59.940	231.990	296.370	95.660		
95.670	371.280	117.000	59.280	547.560	95.670	4.440	59.940	229.770	294.150	95.670		
95.680	371.280	117.000	59.280	547.560	95.680	4.550	57.330	227.500	289.380	95.680		
95.690	371.280	117.000	59.280	547.560	95.690	7.280	57.330	222.040	286.650	95.690		
95.700	374.400	118.560	62.400	555.360	95.700	7.280	59.150	219.310	285.740	95.700		
95.710	375.960	118.560	62.400	556.920	95.710	4.550	59.150	217.490	281.190	95.710		
95.720	379.080	118.560	62.400	560.040	95.720	4.550	57.330	214.760	276.640	95.720		
95.730	382.200	121.680	59.280	563.160	95.730	4.550	57.330	212.030	273.910	95.730		
95.740	382.200	124.800	62.400	569.400	95.740	4.550	57.330	207.480	269.360	95.740		
95.750	383.760	124.800	63.960	572.520	95.750	4.550	57.330	204.750	266.630	95.750		
95.760	386.880	126.360	63.960	577.200	95.760	4.550	57.330	202.020	263.900	95.760		
95.770	383.760	126.360	63.960	574.080	95.770	4.550	54.600	199.290	258.440	95.770		
95.780	390.000	126.360	67.080	583.440	95.780	4.550	57.330	197.470	259.350	95.780		
95.790	386.880	129.480	67.080	583.440	95.790	4.550	54.600	192.010	251.160	95.790		
95.800	388.440	131.140	66.400	585.980	95.800	1.820	54.600	189.280	245.700	95.800		
95.810	388.440	131.140	69.720	589.300	95.810	1.820	54.600	187.460	243.880	95.810		
95.820	391.760	131.140	69.720	592.620	95.820	0.000	54.600	187.460	242.060	95.820		
95.830	391.760	134.460	71.380	597.600	95.830	0.000	51.800	185.000	236.800	95.830		
95.840	393.420	136.120	71.380	600.920	95.840	0.000	51.800	182.040	233.840	95.840		
95.850	393.420	136.120	71.380	600.920	95.850	0.000	51.800	182.040	233.840	95.850		
95.860	396.740	136.120	69.720	602.580	95.860	0.000	49.580	179.820	229.400	95.860		
95.870	398.400	136.120	71.380	605.900	95.870	0.000	49.580	176.860	226.440	95.870		
95.880	401.720	136.120	69.720	607.560	95.880	0.000	49.580	176.860	226.440	95.880		
95.890	403.380	139.440	69.720	612.540	95.890	0.000	49.580	176.860	226.440	95.890		
95.900	403.380	139.440	66.400	609.220	95.900	0.000	49.580	174.640	224.220	95.900		
95.910	406.700	139.440	66.400	612.540	95.910	0.000	47.360	174.640	222.000	95.910		
95.920	408.360	139.440	66.400	614.200	95.920	0.000	47.360	174.640	222.000	95.920		
95.930	411.680	139.440	69.720	620.840	95.930	0.000	47.360	172.420	219.780	95.930		
95.940	415.000	139.440	66.400	620.840	95.940	0.000	47.360	172.420	219.780	95.940		
95.950	414.960	139.440	67.200	621.600	95.950	0.000	47.360	169.460	216.820	95.950		
95.960	416.640	141.120	67.200	624.960	95.960	0.000	47.360	169.460	216.820	95.960		
95.970	416.640	141.120	67.200	624.960	95.970	0.000	47.360	167.240	214.600	95.970		
95.980	420.000	144.480	68.880	633.360	95.980	0.000	44.890	167.500	212.390	95.980		
95.990	420.000	144.480	68.880	633.360	95.990	0.000	44.890	167.500	212.390	95.990		
96.000	420.000	146.160	72.240	638.400	96.000	0.000	44.890	164.820	209.710	96.000		
96.010	416.640	146.160	68.880	631.680	96.010	0.000	46.900	164.820	211.720	96.010		
96.020	416.640	149.520	72.240	638.400	96.020	0.000	44.890	162.140	207.030	96.020		
96.030	414.960	149.520	73.920	638.400	96.030	0.000	44.890	159.460	204.350	96.030		
96.040	411.600	151.200	73.920	636.720	96.040	0.000	44.890	159.460	204.350	96.040		
96.050	411.600	154.560	77.280	643.440	96.050	0.000	42.210	157.450	199.660	96.050		
96.060	409.920	156.240	78.960	645.120	96.060	0.000	44.890	154.770	199.660	96.060		
96.070	409.920	159.600	82.320	651.840	96.070	0.000	44.890	152.090	196.980	96.070		
96.080	409.920	161.280	84.000	655.200	96.080	0.000	42.210	149.410	191.620	96.080		
96.090	409.920	161.280	84.000	655.200	96.090	0.000	42.210	149.410	191.620	96.090		
96.100	410.000	164.000	86.920	660.920	96.100	0.000	42.210	147.400	189.610	96.100		
96.110	406.720	164.000	86.920	657.640	96.110	0.000	42.210	144.720	186.930	96.110		
96.120	406.720	164.000	86.920	657.640	96.120	0.000	42.210	142.040	184.250	96.120		
96.130	406.720	167.280	88.560	662.560	96.130	2.280	42.180	142.500	186.960	96.130		
96.140	403.440	168.920	86.920	659.280	96.140	2.280	42.180	139.650	184.110	96.140		
96.150	403.440	168.920	88.560	660.920	96.150	2.280	42.180	137.370	181.830	96.150		
96.160	401.800	172.200	88.560	662.560	96.160	4.560	42.180	134.520	181.260	96.160		
96.170	401.800	173.840	91.840	667.480	96.170	4.560	44.460	134.520	183.540	96.170		
96.180	401.800	173.840	91.840	667.480	96.180	4.560	42.180	132.240	178.980	96.180		
96.190	398.520	178.760	93.480	670.760	96.190	4.560	42.180	129.960	176.700	96.190		
96.200	398.520	178.760	96.760	674.040	96.200	7.410	42.180	127.110	176.700	96.200		
96.210	396.880	182.040	98.400	677.320	96.210	7.410	42.180	124.830	174.420	96.210		
96.220	393.600	183.680	101.680	678.960	96.220	7.410	42.180	124.830	174.420	96.220		
96.230	396.880	183.680	101.680	682.240	96.230	7.410	42.180	119.700	169.290	96.230		
96.240	393.600	186.960	101.680	682.240	96.240	7.410	42.180	119.700	169.290	96.240		
96.250	394.450	186.760	104.650	685.860	96.250	7.410	39.900	117.420	164.730	96.250		
96.260	394.450	191.590	106.260	692.300	96.260	7.410	42.180	114.570	164.160	96.260		
96.270	394.450	191.590	109.480	695.520	96.270	7.410	42.180	112.290	161.880	96.270		
96.280	394.450	191.590	106.260	692.300	96.280	7.480	39.600	110.000	157.080	96.280		
96.290	394.450	194.810	111.090	700.350	96.290	7.480	39.600	110.000	157.080	96.290		
96.300	396.060	196.420	111.090	703.570	96.300	7.480	39.600	107.360	154.440	96.300		
96.310	396.060	196.420	111.090	703.570	96.310	9.680	39.600	104.720	154.000	96.310		
96.320	396.060	196.420	114.310	706.790	96.320	9.680	39.600	104.720	154.000	96.320		
96.330	399.280	199.640	114.310	713.230	96.330	9.680	39.600	102.080	151.360	96.330		
96.340	399.280	201.250	115.920	716.450	96.340	9.680	37.400	99.880	146.960	96.340		
96.350	399.280	204.470	115.920	719.670	96.350	9.680	39.600	99.880	149.160	96.350		
96.360	399.280	201.250	115.920	716.450	96.360	9.680	39.600	97.240	146.520	96.360		
96.370	402.500	204.470	115.920	722.890	96.370	12.320	39.600	97.240	149.160	96.370		
96.380	402.500	204.470	115.920	722.890	96.380	12.320	37.400	97.240	146.960	96.380		
96.390	402.500	204.470	115.920	722.890	96.390	12.320	37.400	94.600	144.320	96.390		
96.400	401.800	201.720	116.440	719.960	96.400	12.320	37.400	94.600	144.320	96.400		
96.410	401.800	201.720	114.800	718.320	96.410	14.960	37.400	92.400	144.760	96.410		
96.420	403.440	201.720	111.520	716.680	96.420	17.160	39.600	92.400	149.160	96.420		
96.430	406.720	201.720	111.520	719.960	96.430	19.950	39.900	87.500	147.350	96.430		
96.440	406.720	198.440	111.520	716.680	96.440	19.950	39.900	87.500	147.350	96.440		
96.450	410.000	198.440	111.520	719.960	96.450	22.400	39.900	84.700	147.000	96.450		
96.460	410.000	198.440	109.880	718.320	96.460	22.400	39.900	82.250	144.550	96.460		
96.470	410.000	198.440	109.880	718.320	96.470	24.850	42.350	82.250	149.450	96.470		
96.480	410.000	198.440	109.880	718.320	96.480	29.750	42.350	79.800	151.900	96.480		
96.490	406.720	196.800	106.600	710.120	96.490	29.750	44.800	77.350	151.900	96.490		
96.500	406.720	196.800	106.600	710.120	96.500	32.200	44.800	74.900	151.900	96.500		
96.510	403.440	193.520	104.960	701.920	96.510	37.450	47.250	74.900	159.600	96.510		
96.520	403.440	191.880	101.680	697.000	96.520	39.900	47.250	70.000	157.150	96.520		
96.530	406.720	191.880	101.680	700.280	96.530	42.350	47.250	67.200	156.800	96.530		
96.540	406.720	188.600	101.680	697.000	96.540	44.800	49.700	64.750	159.250	96.540		
96.550	408.280	188.570	98.610	695.460	96.550	47.250	52.500	62.300	162.050	96.550		
96.560	408.280	188.570	98.610	695.460	96.560	49.700	54.950	59.850	164.500	96.560		
96.570	411.740	186.840	96.880	695.460	96.570	52.500	54.950	57.400	164.850	96.570		
96.580	411.740	186.840	96.880	695.460	96.580	54.720	57.380	54.720	166.820	96.580		
96.590	413.470	186.840	93.420	693.730	96.590	57.380	59.660	49.780	166.820	96.590		
96.600	413.470	183.380	91.690	688.540	96.600	59.660	62.320	47.500	169.480	96.600		
96.610	416.930	183.380	89.960	690.270	96.610	62.320	64.980	42.180	169.480	96.610		
96.620	418.660	181.650	89.960	690.270	96.620	64.980	67.260	37.240	169.480	96.620		
96.630	422.120	179.920	86.500	688.540	96.630	69.920	69.920	34.960	174.800	96.630		
96.640	422.120	179.920	86.500	688.540	96.640	74.860	72.200	29.640	176.700	96.640		
96.650	427.310	181.650	84.770	693.730	96.650	79.800	72.200	24.700	176.700	96.650		
96.660	427.310	181.650	89.960	698.920	96.660	84.740	69.920	19.760	174.420	96.660		
96.670	429.040	181.650	84.770	695.460	96.670	87.400	69.920	14.820	172.140	96.670		
96.680	429.040	179.920	84.770	693.730	96.680	89.680	69.920	12.160	171.760	96.680		
96.690	432.500	181.650	84.770	698.920	96.690	92.340	67.260	7.220	166.820	96.690		
96.700	433.200	182.400	83.600	699.200	96.700	92.340	64.980	4.940	162.260	96.700		
96.710	437.000	184.300	83.600	704.900	96.710	95.000	62.320	4.940	162.260	96.710		
96.720	438.900	186.200	83.600	708.700	96.720	92.340	57.380	2.280	152.000	96.720		
96.730	438.900	186.200	83.600	708.700	96.730	92.500	54.760	0.000	147.260	96.730		
96.740	440.800	190.000	89.300	720.100	96.740	87.320	52.170	0.000	139.490	96.740		
96.750	440.800	191.900	87.400	720.100	96.750	84.730	49.950	0.000	134.680	96.750		
96.760	444.600	191.900	89.300	725.800	96.760	79.920	47.360	0.000	127.280	96.760		
96.770	446.500	193.800	89.300	729.600	96.770	74.740	42.180	0.000	116.920	96.770		
96.780	448.400	199.500	91.200	739.100	96.780	67.340	37.370	0.000	104.710	96.780		
96.790	452.200	201.400	95.000	748.600	96.790	57.350	34.780	0.000	92.130	96.790		
96.800	454.100	207.100	96.900	758.100	96.800	49.950	29.970	0.000	79.920	96.800		
96.810	456.000	210.900	96.900	763.800	96.810	42.180	24.790	0.000	66.970	96.810		
96.820	461.700	216.600	100.700	779.000	96.820	34.780	17.390	0.000	52.170	96.820		
96.830	469.300	222.300	104.500	796.100	96.830	24.790	9.990	0.000	34.780	96.830		
96.840	475.000	226.100	106.400	807.500	96.840	17.390	7.400	2.220	27.010	96.840		
96.850	475.800	234.000	109.200	819.000	96.850	9.990	4.810	4.810	19.610	96.850		
96.860	481.650	239.850	111.150	832.650	96.860	2.220	0.000	4.810	7.030	96.860		
96.870	487.500	243.750	113.100	844.350	96.870	0.000	0.000	4.810	4.810	96.870		
96.880	487.500	249.600	117.000	854.100	96.880	0.000	0.000	7.480	7.480	96.880		
96.890	483.600	251.550	118.950	854.100	96.890	0.000	0.000	5.000	5.000	96.890		
96.900	481.650	257.400	124.800	863.850	96.900	0.000	0.000	7.480	7.480	96.900		
96.910	479.700	259.350	126.750	865.800	96.910	0.000	0.000	5.000	5.000	96.910		
96.920	471.900	259.350	128.700	859.950	96.920	0.000	0.000	5.000	5.000	96.920		
96.930	466.050	261.300	128.700	856.050	96.930	0.000	0.000	7.480	7.480	96.930		
96.940	458.250	261.300	134.550	854.100	96.940	0.000	0.000	7.480	7.480	96.940		
96.950	454.350	263.250	136.500	854.100	96.950	0.000	0.000	7.480	7.480	96.950		
96.960	446.550	261.300	138.450	846.300	96.960	0.000	0.000	5.000	5.000	96.960		
96.970	440.700	263.250	138.450	842.400	96.970	0.000	0.000	7.480	7.480	96.970		
96.980	436.800	263.250	142.350	842.400	96.980	0.000	0.000	7.480	7.480	96.980		
96.990	434.850	263.250	142.350	840.450	96.990	0.000	0.000	7.480	7.480	96.990		
97.000	432.500	266.420	143.590	842.510	97.000	0.000	0.000	7.480	7.480	97.000		
97.010	429.040	266.420	143.590	839.050	97.010	0.000	0.000	10.000	10.000	97.010		
97.020	427.310	266.420	147.050	840.780	97.020	0.000	0.000	10.000	10.000	97.020		
97.030	427.310	266.420	147.050	840.780	97.030	0.000	0.000	10.000	10.000	97.030		
97.040	427.310	269.880	147.050	844.240	97.040	0.000	0.000	10.000	10.000	97.040		
97.050	429.040	269.880	148.780	847.700	97.050	0.000	0.000	10.000	10.000	97.050		
97.060	429.040	271.610	152.240	852.890	97.060	0.000	0.000	10.000	10.000	97.060		
97.070	429.040	273.340	152.240	854.620	97.070	0.000	0.000	10.000	10.000	97.070		
97.080	429.040	273.340	153.970	856.350	97.080	0.000	0.000	10.000	10.000	97.080		
97.090	432.500	273.340	153.970	859.810	97.090	0.000	0.000	7.200	7.200	97.090		
97.100	432.500	273.340	152.240	858.080	97.100	0.000	0.000	32.400	32.400	97.100		
97.110	429.040	276.800	153.970	859.810	97.110	0.000	0.000	80.000	80.000	97.110		
97.120	423.850	273.340	153.970	851.160	97.120	0.000	4.800	100.000	104.800	97.120		
97.130	413.470	269.880	152.240	835.590	97.130	17.200	17.200	82.400	116.800	97.130		
97.140	404.820	266.420	152.240	823.480	97.140	2.400	7.200	60.000	69.600	97.140		
97.150	392.500	262.190	152.290	806.980	97.150	0.000	4.800	50.000	54.800	97.150		
97.160	384.650	259.050	153.860	797.560	97.160	4.800	10.000	57.200	72.000	97.160		
97.170	373.660	257.480	152.290	783.430	97.170	12.400	14.800	70.000	97.200	97.170		
97.180	364.240	251.200	152.290	767.730	97.180	19.500	16.900	79.950	116.350	97.180		
97.190	354.820	249.630	153.860	758.310	97.190	22.100	22.100	89.700	133.900	97.190		
97.200	342.260	244.920	152.290	739.470	97.200	29.900	27.300	97.500	154.700	97.200		
97.210	326.560	237.070	152.290	715.920	97.210	34.450	29.900	104.650	169.000	97.210		
97.220	314.000	232.360	153.860	700.220	97.220	39.650	34.450	107.250	181.350	97.220		
97.230	299.870	224.510	152.290	676.670	97.230	42.250	37.050	112.450	191.750	97.230		
97.240	288.880	221.370	152.290	662.540	97.240	47.450	42.250	117.000	206.700	97.240		
97.250	276.320	219.800	152.290	648.410	97.250	52.000	44.850	122.200	219.050	97.250		
97.260	266.900	213.520	152.290	632.710	97.260	54.600	49.400	131.950	235.950	97.260		
97.270	257.480	211.950	152.290	621.720	97.270	59.800	52.000	137.150	248.950	97.270		
97.280	249.630	208.810	152.290	610.730	97.280	62.400	54.600	142.350	259.350	97.280		
97.290	241.780	207.240	153.860	602.880	97.290	65.000	57.200	149.500	271.700	97.290		
97.300	232.500	204.600	151.590	588.690	97.300	66.950	59.800	154.700	281.450	97.300		
97.310	224.130	201.810	151.590	577.530	97.310	72.150	65.000	157.300	294.450	97.310		
97.320	216.690	199.950	154.380	571.020	97.320	74.750	66.950	162.500	304.200	97.320		
97.330	212.040	197.160	154.380	563.580	97.330	76.950	69.660	164.430	311.040	97.330		
97.340	207.390	194.370	154.380	556.140	97.340	79.380	74.520	169.290	323.190	97.340		
97.350	199.950	191.580	154.380	545.910	97.350	81.810	76.950	174.960	333.720	97.350		
97.360	194.370	191.580	154.380	540.330	97.360	84.240	79.380	179.820	343.440	97.360		
97.370	186.930	189.720	154.380	531.030	97.370	87.480	81.810	184.680	353.970	97.370		
97.380	182.280	186.930	154.380	523.590	97.380	89.910	87.480	187.110	364.500	97.380		
97.390	176.700	184.140	154.380	515.220	97.390	92.340	89.910	189.540	371.790	97.390		
97.400	169.260	182.280	151.590	503.130	97.400	94.770	92.340	194.400	381.510	97.400		
97.410	164.610	182.280	154.380	501.270	97.410	94.770	94.770	194.400	383.940	97.410		
97.420	159.960	176.700	151.590	488.250	97.420	99.630	99.630	196.830	396.090	97.420		
97.430	154.380	176.700	151.590	482.670	97.430	104.490	102.060	196.830	403.380	97.430		
97.440	149.730	176.700	151.590	478.020	97.440	106.920	102.060	196.830	405.810	97.440		
97.450	144.900	172.500	149.730	467.130	97.450	106.920	104.490	199.260	410.670	97.450		
97.460	139.380	169.740	149.730	458.850	97.460	109.350	106.920	202.500	418.770	97.460		
97.470	134.550	166.980	149.730	451.260	97.470	111.780	109.350	202.500	423.630	97.470		
97.480	126.960	166.980	146.970	440.910	97.480	114.240	114.240	204.480	432.960	97.480		
97.490	124.890	162.150	149.730	436.770	97.490	117.120	117.120	207.360	441.600	97.490		
97.500	117.300	162.150	146.970	426.420	97.500	120.000	120.000	212.160	452.160	97.500		
97.510	114.540	159.390	146.970	420.900	97.510	120.000	120.000	212.160	452.160	97.510		
97.520	112.470	159.390	149.730	421.590	97.520	120.000	121.920	214.080	456.000	97.520		
97.530	106.950	159.390	146.970	413.310	97.530	121.920	124.800	216.960	463.680	97.530		
97.540	104.880	157.320	146.970	409.170	97.540	124.800	126.720	219.840	471.360	97.540		
97.550	99.360	154.560	146.970	400.890	97.550	124.800	126.720	221.760	473.280	97.550		
97.560	94.530	152.490	149.730	396.750	97.560	124.800	129.600	224.640	479.040	97.560		
97.570	92.460	149.730	146.970	389.160	97.570	126.720	134.400	226.560	487.680	97.570		
97.580	86.940	149.730	146.970	383.640	97.580	126.720	134.400	229.440	490.560	97.580		
97.590	84.870	146.970	144.900	376.740	97.590	126.720	137.280	234.240	498.240	97.590		
97.600	82.010	147.500	147.500	377.010	97.600	129.600	137.280	234.240	501.120	97.600		
97.610	79.650	144.550	147.500	371.700	97.610	129.600	142.080	237.120	508.800	97.610		
97.620	77.290	144.550	144.550	366.390	97.620	129.600	142.080	240.000	511.680	97.620		
97.630	71.980	142.190	144.550	358.720	97.630	131.890	147.150	244.160	523.200	97.630		
97.640	71.980	139.830	144.550	356.360	97.640	131.890	147.150	247.430	526.470	97.640		
97.650	69.620	134.520	142.190	346.330	97.650	134.070	149.330	249.610	533.010	97.650		
97.660	67.260	137.470	142.190	346.920	97.660	134.070	151.510	249.610	535.190	97.660		
97.670	64.900	134.520	142.190	341.610	97.670	134.070	154.780	251.790	540.640	97.670		
97.680	59.590	129.800	139.830	329.220	97.680	137.340	156.960	257.240	551.540	97.680		
97.690	59.590	129.800	137.470	326.860	97.690	137.340	156.960	257.240	551.540	97.690		
97.700	57.230	127.440	137.470	322.140	97.700	139.520	159.140	259.420	558.080	97.700		
97.710	57.230	124.490	137.470	319.190	97.710	141.700	162.410	261.600	565.710	97.710		
97.720	54.870	124.490	137.470	316.830	97.720	141.700	164.590	261.600	567.890	97.720		
97.730	54.870	122.130	132.160	309.160	97.730	141.700	164.590	264.870	571.160	97.730		
97.740	54.870	119.770	129.800	304.440	97.740	144.970	166.770	267.050	578.790	97.740		
97.750	52.470	119.780	132.500	304.750	97.750	144.970	168.950	269.230	583.150	97.750		
97.760	52.470	117.130	129.850	299.450	97.760	141.700	168.950	272.500	583.150	97.760		
97.770	52.470	117.130	127.200	296.800	97.770	144.970	172.220	272.500	589.690	97.770		
97.780	49.820	114.480	127.200	291.500	97.780	147.400	171.600	275.000	594.000	97.780		
97.790	49.820	112.360	122.430	284.610	97.790	147.400	174.900	275.000	597.300	97.790		
97.800	49.820	112.360	122.430	284.610	97.800	147.400	177.100	275.000	599.500	97.800		
97.810	49.820	109.710	122.430	281.960	97.810	149.600	177.100	275.000	601.700	97.810		
97.820	47.170	109.710	117.130	274.010	97.820	149.600	179.300	275.000	603.900	97.820		
97.830	47.170	107.060	119.780	274.010	97.830	151.800	181.500	275.000	608.300	97.830		
97.840	47.170	107.060	117.130	271.360	97.840	151.800	179.300	275.000	606.100	97.840		
97.850	47.170	107.060	117.130	271.360	97.850	151.800	181.500	271.700	605.000	97.850		
97.860	47.170	107.060	114.480	268.710	97.860	151.800	181.500	271.700	605.000	97.860		
97.870	47.170	104.940	114.480	266.590	97.870	154.000	184.800	271.700	610.500	97.870		
97.880	44.520	107.060	114.480	266.060	97.880	157.300	184.800	269.500	611.600	97.880		
97.890	44.520	104.940	112.360	261.820	97.890	157.300	187.000	271.700	616.000	97.890		
97.900	45.000	104.850	112.500	262.350	97.900	159.500	187.000	269.500	616.000	97.900		
97.910	45.000	104.850	112.500	262.350	97.910	159.500	187.000	269.500	616.000	97.910		
97.920	45.000	107.100	112.500	264.600	97.920	159.500	187.000	267.300	613.800	97.920		
97.930	45.000	102.150	112.500	259.650	97.930	162.000	189.000	270.000	621.000	97.930		
97.940	45.000	102.150	107.100	254.250	97.940	162.000	189.000	266.760	617.760	97.940		
97.950	45.000	104.850	107.100	256.950	97.950	164.160	192.240	266.760	623.160	97.950		
97.960	45.000	102.150	104.850	252.000	97.960	164.160	192.240	266.760	623.160	97.960		
97.970	45.000	102.150	104.850	252.000	97.970	164.160	192.240	266.760	623.160	97.970		
97.980	45.000	102.150	104.850	252.000	97.980	164.160	192.240	266.760	623.160	97.980		
97.990	45.000	102.150	102.150	249.300	97.990	167.400	192.240	266.760	626.400	97.990		
98.000	45.000	102.150	102.150	249.300	98.000	167.400	194.400	270.000	631.800	98.000		
98.010	45.000	102.150	99.900	247.050	98.010	167.400	194.400	266.760	628.560	98.010		
98.020	45.000	104.850	99.900	249.750	98.020	167.400	194.400	266.760	628.560	98.020		
98.030	45.000	104.850	99.900	249.750	98.030	169.560	194.400	266.760	630.720	98.030		
98.040	45.000	102.150	97.200	244.350	98.040	171.720	196.560	266.760	635.040	98.040		
98.050	44.620	102.120	97.060	243.800	98.050	171.720	196.560	264.600	632.880	98.050		
98.060	44.620	102.120	94.760	241.500	98.060	174.960	196.560	264.600	636.120	98.060		
98.070	44.620	102.120	94.760	241.500	98.070	174.960	196.560	262.440	633.960	98.070		
98.080	44.620	102.120	92.460	239.200	98.080	174.300	199.500	262.500	636.300	98.080		
98.090	44.620	102.120	92.460	239.200	98.090	174.300	199.500	262.500	636.300	98.090		
98.100	44.620	104.880	89.700	239.200	98.100	177.450	199.500	259.350	636.300	98.100		
98.110	44.620	104.880	89.700	239.200	98.110	177.450	199.500	259.350	636.300	98.110		
98.120	44.620	104.880	87.400	236.900	98.120	177.450	199.500	257.250	634.200	98.120		
98.130	47.380	107.180	87.400	241.960	98.130	179.550	197.400	257.250	634.200	98.130		
98.140	47.380	107.180	89.700	244.260	98.140	179.550	197.400	254.100	631.050	98.140		
98.150	44.620	109.940	87.400	241.960	98.150	179.550	197.400	254.100	631.050	98.150		
98.160	44.620	109.940	84.640	239.200	98.160	179.550	197.400	254.100	631.050	98.160		
98.170	44.620	112.240	87.400	244.260	98.170	179.550	197.400	254.100	631.050	98.170		
98.180	44.620	112.240	84.640	241.500	98.180	179.550	197.400	254.100	631.050	98.180		
98.190	44.620	115.000	84.640	244.260	98.190	179.550	194.250	254.100	627.900	98.190		
98.200	44.720	114.920	84.760	244.400	98.200	177.450	197.400	257.250	632.100	98.200		
98.210	44.720	117.000	82.160	243.880	98.210	177.450	194.250	259.350	631.050	98.210		
98.220	44.720	119.600	79.560	243.880	98.220	177.450	194.250	259.350	631.050	98.220		
98.230	42.120	119.600	82.160	243.880	98.230	174.000	191.400	262.160	627.560	98.230		
98.240	42.120	122.200	82.160	246.480	98.240	174.000	191.400	262.160	627.560	98.240		
98.250	39.520	124.800	82.160	246.480	98.250	171.680	191.400	262.160	625.240	98.250		
98.260	39.520	124.800	82.160	246.480	98.260	169.360	189.080	264.480	622.920	98.260		
98.270	37.440	127.400	82.160	247.000	98.270	169.360	189.080	264.480	622.920	98.270		
98.280	34.840	127.400	79.560	241.800	98.280	169.360	186.760	266.800	622.920	98.280		
98.290	34.840	130.000	77.480	242.320	98.290	169.360	186.760	266.800	622.920	98.290		
98.300	32.240	130.000	77.480	239.720	98.300	167.040	186.760	269.120	622.920	98.300		
98.310	29.640	130.000	77.480	237.120	98.310	167.040	184.440	269.120	620.600	98.310		
98.320	24.960	130.000	74.880	229.840	98.320	167.040	186.760	271.440	625.240	98.320		
98.330	19.760	130.000	72.280	222.040	98.330	167.040	186.760	274.920	628.720	98.330		
98.340	19.760	124.800	72.280	216.840	98.340	167.040	186.760	277.240	631.040	98.340		
98.350	17.500	125.000	67.500	210.000	98.350	167.040	189.080	279.560	635.680	98.350		
98.360	15.000	120.000	62.500	197.500	98.360	169.360	189.080	284.200	642.640	98.360		
98.370	15.000	117.500	57.500	190.000	98.370	169.360	191.400	290.000	650.760	98.370		
98.380	15.000	115.000	52.500	182.500	98.380	169.500	195.000	294.000	658.500	98.380		
98.390	12.500	112.500	45.000	170.000	98.390	172.500	199.500	300.000	672.000	98.390		
98.400	15.000	105.000	37.500	157.500	98.400	172.500	202.500	304.500	679.500	98.400		
98.410	12.500	100.000	32.500	145.000	98.410	174.000	207.000	309.000	690.000	98.410		
98.420	12.500	92.500	27.500	132.500	98.420	174.000	210.000	315.000	699.000	98.420		
98.430	10.000	87.500	20.000	117.500	98.430	177.000	214.500	322.500	714.000	98.430		
98.440	10.000	77.500	15.000	102.500	98.440	180.000	219.000	327.000	726.000	98.440		
98.450	10.000	70.000	10.000	90.000	98.450	181.500	225.000	334.500	741.000	98.450		
98.460	10.000	60.000	5.000	75.000	98.460	184.500	226.500	342.000	753.000	98.460		
98.470	10.000	52.500	0.000	62.500	98.470	184.500	234.000	346.500	765.000	98.470		
98.480	7.500	45.000	0.000	52.500	98.480	187.500	237.000	354.000	778.500	98.480		
98.490	5.000	35.000	0.000	40.000	98.490	189.000	241.500	360.000	790.500	98.490		
98.500	4.920	30.000	0.000	34.920	98.500	189.000	244.500	367.500	801.000	98.500		
98.510	2.400	24.960	0.000	27.360	98.510	189.000	249.000	372.000	810.000	98.510		
98.520	2.400	19.920	0.000	22.320	98.520	192.000	249.000	375.000	816.000	98.520		
98.530	0.000	12.480	0.000	12.480	98.530	194.560	252.320	380.000	826.880	98.530		
98.540	0.000	9.960	0.000	9.960	98.540	194.560	252.320	376.960	823.840	98.540		
98.550	0.000	7.440	0.000	7.440	98.550	196.080	253.840	376.960	826.880	98.550		
98.560	0.000	7.440	0.000	7.440	98.560	196.080	253.840	372.400	822.320	98.560		
98.570	0.000	2.400	0.000	2.400	98.570	199.120	249.280	366.320	814.720	98.570		
98.580	0.000	0.000	0.000	0.000	98.580	199.120	249.280	364.800	813.200	98.580		
98.590	0.000	0.000	0.000	0.000	98.590	202.160	249.280	357.200	808.640	98.590		
98.600	0.000	0.000	0.000	0.000	98.600	202.160	246.240	351.120	799.520	98.600		
98.610	0.000	0.000	2.400	2.400	98.610	203.680	244.720	343.520	791.920	98.610		
98.620	0.000	0.000	0.000	0.000	98.620	203.680	244.720	337.440	785.840	98.620		
98.630	0.000	0.000	0.000	0.000	98.630	206.720	241.680	331.360	779.760	98.630		
98.640	0.000	0.000	2.400	2.400	98.640	209.760	241.680	326.800	778.240	98.640		
98.650	0.000	0.000	2.150	2.150	98.650	211.280	241.680	322.240	775.200	98.650		
98.660	0.000	0.000	2.150	2.150	98.660	214.320	241.680	316.160	772.160	98.660		
98.670	2.150	0.000	2.150	4.300	98.670	217.360	238.640	311.600	767.600	98.670		
98.680	4.730	2.150	9.890	16.770	98.680	217.000	239.320	310.000	766.320	98.680		
98.690	17.200	2.150	9.890	29.240	98.690	219.480	236.840	303.800	760.120	98.690		
98.700	32.250	4.730	12.470	49.450	98.700	219.480	234.360	298.840	752.680	98.700		
98.710	54.610	9.890	14.620	79.120	98.710	221.960	234.360	291.400	747.720	98.710		
98.720	77.400	19.780	27.090	124.270	98.720	224.440	229.400	281.480	735.320	98.720		
98.730	92.450	27.090	32.250	151.790	98.730	226.920	224.440	266.600	717.960	98.730		
98.740	99.760	29.670	37.410	166.840	98.740	226.920	217.000	251.720	695.640	98.740		
98.750	104.920	37.410	39.990	182.320	98.750	229.400	207.080	234.360	670.840	98.750		
98.760	104.920	42.140	44.720	191.780	98.760	231.880	199.640	217.000	648.520	98.760		
98.770	104.920	44.720	49.880	199.520	98.770	234.360	189.720	202.120	626.200	98.770		
98.780	104.920	49.880	52.460	207.260	98.780	236.840	182.280	184.760	603.880	98.780		
98.790	107.500	52.460	59.770	219.730	98.790	239.320	172.360	169.880	581.560	98.790		
98.800	109.810	56.880	64.780	231.470	98.800	241.800	162.440	157.480	561.720	98.800		
98.810	114.550	62.410	69.520	246.480	98.810	244.280	155.000	141.360	540.640	98.810		
98.820	119.290	67.150	74.260	260.700	98.820	246.760	146.320	128.960	522.040	98.820		
98.830	124.820	71.890	79.790	276.500	98.830	253.970	137.340	114.450	505.760	98.830		
98.840	131.930	79.790	84.530	296.250	98.840	257.240	126.440	99.190	482.870	98.840		
98.850	139.830	84.530	89.270	313.630	98.850	259.420	116.630	91.560	467.610	98.850		
98.860	146.940	94.800	99.540	341.280	98.860	264.870	106.820	83.930	455.620	98.860		
98.870	154.840	101.910	104.280	361.030	98.870	267.050	99.190	77.390	443.630	98.870		
98.880	161.950	107.440	109.810	379.200	98.880	269.230	91.560	69.760	430.550	98.880		
98.890	167.480	112.180	112.180	391.840	98.890	269.230	81.750	64.310	415.290	98.890		
98.900	174.590	116.920	119.290	410.800	98.900	269.230	74.120	59.950	403.300	98.900		
98.910	179.330	124.820	124.820	428.970	98.910	272.500	64.310	54.500	391.310	98.910		
98.920	187.230	129.560	131.930	448.720	98.920	269.230	56.680	49.050	374.960	98.920		
98.930	191.970	131.930	137.460	461.360	98.930	264.870	46.870	44.690	356.430	98.930		
98.940	197.500	139.830	142.200	479.530	98.940	261.600	37.060	41.420	340.080	98.940		
98.950	201.960	143.880	149.160	495.000	98.950	257.240	29.430	37.060	323.730	98.950		
98.960	209.880	149.160	154.440	513.480	98.960	247.430	19.620	37.060	304.110	98.960		
98.970	213.840	157.080	159.720	530.640	98.970	234.350	11.990	34.880	281.220	98.970		
98.980	219.120	162.360	165.000	546.480	98.980	215.000	1.720	31.820	248.540	98.980		
98.990	224.400	168.960	168.960	562.320	98.990	194.360	0.000	29.240	223.600	98.990		
99.000	232.320	176.880	171.600	580.800	99.000	174.580	0.000	24.940	199.520	99.000		
99.010	238.920	182.160	176.880	597.960	99.010	159.960	0.000	19.780	179.740	99.010		
99.020	249.480	188.760	182.160	620.400	99.020	144.480	0.000	19.780	164.260	99.020		
99.030	258.720	196.680	184.800	640.200	99.030	134.160	0.000	17.200	151.360	99.030		
99.040	271.920	207.240	187.440	666.600	99.040	124.700	0.000	14.620	139.320	99.040		
99.050	283.800	213.840	188.760	686.400	99.050	114.380	0.000	14.620	129.000	99.050		
99.060	297.000	221.760	188.760	707.520	99.060	102.340	0.000	12.040	114.380	99.060		
99.070	308.880	227.040	188.760	724.680	99.070	92.020	0.000	12.040	104.060	99.070		
99.080	319.440	234.960	188.760	743.160	99.080	81.700	0.000	12.040	93.740	99.080		
99.090	330.000	241.560	191.400	762.960	99.090	72.240	0.000	9.460	81.700	99.090		
99.100	338.920	247.160	192.400	778.480	99.100	59.340	0.000	9.460	68.800	99.100		
99.110	346.320	251.600	192.400	790.320	99.110	49.880	0.000	6.880	56.760	99.110		
99.120	353.720	259.000	192.400	805.120	99.120	42.140	0.000	6.880	49.020	99.120		
99.130	359.640	261.960	193.880	815.480	99.130	35.000	0.000	7.420	42.420	99.130		
99.140	364.080	264.920	193.880	822.880	99.140	27.440	0.000	7.420	34.860	99.140		
99.150	367.040	266.400	192.400	825.840	99.150	19.880	0.000	7.420	27.300	99.150		
99.160	370.000	266.400	192.400	828.800	99.160	14.980	0.000	7.420	22.400	99.160		
99.170	370.000	269.360	192.400	831.760	99.170	9.940	0.000	9.940	19.880	99.170		
99.180	370.000	269.360	192.400	831.760	99.180	4.900	0.000	9.940	14.840	99.180		
99.190	370.000	269.360	189.440	828.800	99.190	0.000	0.000	7.420	7.420	99.190		
99.200	370.000	266.400	189.440	825.840	99.200	0.000	0.000	7.420	7.420	99.200		
99.210	370.000	264.920	189.440	824.360	99.210	0.000	0.000	9.940	9.940	99.210		
99.220	367.040	264.920	189.440	821.400	99.220	0.000	0.000	7.420	7.420	99.220		
99.230	367.040	264.920	186.480	818.440	99.230	0.000	0.000	7.420	7.420	99.230		
99.240	367.040	264.920	185.000	816.960	99.240	0.000	0.000	4.900	4.900	99.240		
99.250	364.500	262.440	181.440	808.380	99.250	0.000	0.000	4.900	4.900	99.250		
99.260	364.500	262.440	184.680	811.620	99.260	0.000	0.000	4.900	4.900	99.260		
99.270	364.500	259.200	181.440	805.140	99.270	0.000	0.000	4.900	4.900	99.270		
99.280	364.500	255.960	181.440	801.900	99.280	0.000	0.000	5.000	5.000	99.280		
99.290	366.120	255.960	179.820	801.900	99.290	0.000	0.000	2.480	2.480	99.290		
99.300	366.120	255.960	179.820	801.900	99.300	0.000	0.000	2.480	2.480	99.300		
99.310	369.360	254.340	176.580	800.280	99.310	0.000	0.000	5.000	5.000	99.310		
99.320	370.980	254.340	174.960	800.280	99.320	0.000	0.000	2.480	2.480	99.320		
99.330	377.460	254.340	171.720	803.520	99.330	0.000	0.000	5.000	5.000	99.330		
99.340	382.320	254.340	171.720	808.380	99.340	0.000	0.000	5.000	5.000	99.340		
99.350	383.940	251.100	168.480	803.520	99.350	0.000	0.000	5.000	5.000	99.350		
99.360	388.800	251.100	166.860	806.760	99.360	0.000	0.000	5.000	5.000	99.360		
99.370	393.660	251.100	166.860	811.620	99.370	0.000	0.000	7.480	7.480	99.370		
99.380	398.520	249.480	162.000	810.000	99.380	0.000	0.000	7.480	7.480	99.380		
99.390	405.000	249.480	162.000	816.480	99.390	0.000	0.000	7.480	7.480	99.390		
99.400	408.900	247.080	156.600	812.580	99.400	0.000	0.000	10.000	10.000	99.400		
99.410	414.120	247.080	154.860	816.060	99.410	0.000	0.000	7.480	7.480	99.410		
99.420	419.340	247.080	151.380	817.800	99.420	0.000	0.000	10.000	10.000	99.420		
99.430	424.560	243.600	151.380	819.540	99.430	0.000	0.000	9.600	9.600	99.430		
99.440	426.300	243.600	149.640	819.540	99.440	0.000	0.000	9.600	9.600	99.440		
99.450	429.780	247.080	149.640	826.500	99.450	0.000	0.000	9.600	9.600	99.450		
99.460	431.520	247.080	146.160	824.760	99.460	0.000	0.000	12.480	12.480	99.460		
99.470	435.000	247.080	149.640	831.720	99.470	0.000	0.000	42.240	42.240	99.470		
99.480	431.520	243.600	146.160	821.280	99.480	4.800	7.200	79.680	91.680	99.480		
99.490	426.300	241.860	146.160	814.320	99.490	22.080	19.680	94.560	136.320	99.490		
99.500	415.860	236.640	140.940	793.440	99.500	9.600	12.480	67.200	89.280	99.500		
99.510	407.160	231.420	144.420	783.000	99.510	17.280	14.880	52.320	84.480	99.510		
99.520	394.980	226.200	144.420	765.600	99.520	14.880	14.880	49.920	79.680	99.520		
99.530	386.280	220.980	140.940	748.200	99.530	22.080	19.680	60.000	101.760	99.530		
99.540	375.840	219.240	144.420	739.500	99.540	29.760	27.360	74.880	132.000	99.540		
99.550	362.500	208.800	142.100	713.400	99.550	37.440	34.560	92.160	164.160	99.550		
99.560	346.550	204.450	139.200	690.200	99.560	44.640	44.640	109.920	199.200	99.560		
99.570	326.250	194.300	136.300	656.850	99.570	54.720	52.320	120.000	227.040	99.570		
99.580	308.850	184.150	136.300	629.300	99.580	64.860	59.220	129.720	253.800	99.580		
99.590	290.000	174.000	134.850	598.850	99.590	72.380	66.740	137.240	276.360	99.590		
99.600	274.050	166.750	131.950	572.750	99.600	77.080	72.380	146.640	296.100	99.600		
99.610	259.550	159.500	126.150	545.200	99.610	84.600	79.900	154.160	318.660	99.610		
99.620	243.600	149.350	124.700	517.650	99.620	89.300	84.600	161.680	335.580	99.620		
99.630	234.900	142.100	118.900	495.900	99.630	94.940	92.120	169.200	356.260	99.630		
99.640	221.850	131.950	114.550	468.350	99.640	99.640	96.820	176.720	373.180	99.640		
99.650	214.600	126.150	111.650	452.400	99.650	102.460	99.640	182.360	384.460	99.650		
99.660	208.800	118.900	107.300	435.000	99.660	104.340	102.460	189.880	396.680	99.660		
99.670	201.550	114.550	101.500	417.600	99.670	107.160	107.160	194.580	408.900	99.670		
99.680	197.200	108.750	97.150	403.100	99.680	109.980	111.860	202.100	423.940	99.680		
99.690	191.400	104.400	94.250	390.050	99.690	111.860	117.500	209.620	438.980	99.690		
99.700	190.000	99.560	89.680	379.240	99.700	114.680	119.380	219.960	454.020	99.700		
99.710	184.680	97.280	84.360	366.320	99.710	114.680	124.080	227.480	466.240	99.710		
99.720	182.400	91.960	82.080	356.440	99.720	117.500	126.900	235.000	479.400	99.720		
99.730	179.360	89.680	76.760	345.800	99.730	117.000	130.000	241.800	488.800	99.730		
99.740	177.080	87.400	74.480	338.960	99.740	117.000	131.300	249.600	497.900	99.740		
99.750	174.800	84.360	72.200	331.360	99.750	117.000	133.900	260.000	510.900	99.750		
99.760	171.760	79.800	66.880	318.440	99.760	117.000	139.100	266.500	522.600	99.760		
99.770	169.480	76.760	64.600	310.840	99.770	117.000	139.100	274.300	530.400	99.770		
99.780	164.920	74.480	59.280	298.680	99.780	117.000	141.700	282.100	540.800	99.780		
99.790	161.880	72.200	57.000	291.080	99.790	117.000	144.300	289.900	551.200	99.790		
99.800	159.600	69.920	52.440	281.960	99.800	119.600	149.500	293.800	562.900	99.800		
99.810	157.320	69.920	49.400	276.640	99.810	119.600	152.100	296.400	568.100	99.810		
99.820	152.000	64.600	41.800	258.400	99.820	119.600	154.700	301.600	575.900	99.820		
99.830	152.000	64.600	39.520	256.120	99.830	119.600	157.300	306.800	583.700	99.830		
99.840	147.440	62.320	37.240	247.000	99.840	122.200	157.300	309.400	588.900	99.840		
99.850	145.000	62.060	34.800	241.860	99.850	122.200	157.300	314.600	594.100	99.850		
99.860	142.100	59.740	29.580	231.420	99.860	119.600	159.900	319.800	599.300	99.860		
99.870	142.100	59.740	22.040	223.880	99.870	119.600	159.900	325.000	604.500	99.870		
99.880	139.780	57.420	17.400	214.600	99.880	117.360	159.740	329.260	606.360	99.880		
99.890	139.780	57.420	12.180	209.380	99.890	114.100	159.740	337.410	611.250	99.890		
99.900	139.780	57.420	6.960	204.160	99.900	112.470	159.740	343.930	616.140	99.900		
99.910	137.460	57.420	6.960	201.840	99.910	112.470	159.740	352.080	624.290	99.910		
99.920	137.460	54.520	4.640	196.620	99.920	109.210	159.740	356.970	625.920	99.920		
99.930	137.460	54.520	2.320	194.300	99.930	105.950	159.740	363.490	629.180	99.930		
99.940	134.560	52.200	0.000	186.760	99.940	105.950	161.370	368.380	635.700	99.940		
99.950	132.240	49.880	0.000	182.120	99.950	104.320	161.370	376.530	642.220	99.950		
99.960	132.240	49.880	0.000	182.120	99.960	104.320	164.630	381.420	650.370	99.960		
99.970	129.920	46.980	0.000	176.900	99.970	104.320	164.630	384.680	653.630	99.970		
99.980	129.920	44.660	0.000	174.580	99.980	101.060	164.630	389.570	655.260	99.980		
99.990	127.020	44.660	0.000	171.680	99.990	101.060	164.630	394.460	660.150	99.990		
100.000	127.500	42.330	0.000	169.830	100.000	99.430	164.630	396.090	660.150	100.000		
100.010	127.500	39.780	0.000	167.280	100.010	99.430	164.630	400.980	665.040	100.010		
100.020	124.950	39.780	0.000	164.730	100.020	99.430	166.260	407.500	673.190	100.020		
100.030	124.950	37.230	0.000	162.180	100.030	99.360	167.440	408.480	675.280	100.030		
100.040	124.950	34.680	0.000	159.630	100.040	99.360	167.440	414.000	680.800	100.040		
100.050	124.950	32.130	0.000	157.080	100.050	95.680	167.440	415.840	678.960	100.050		
100.060	124.950	29.580	0.000	154.530	100.060	95.680	167.440	421.360	684.480	100.060		
100.070	122.400	27.030	0.000	149.430	100.070	95.680	169.280	423.200	688.160	100.070		
100.080	122.400	24.990	0.000	147.390	100.080	95.680	169.280	428.720	693.680	100.080		
100.090	117.300	19.890	0.000	137.190	100.090	95.680	169.280	432.400	697.360	100.090		
100.100	112.200	19.890	0.000	132.090	100.100	99.360	174.800	434.240	708.400	100.100		
100.110	109.650	17.340	0.000	126.990	100.110	99.360	176.640	439.760	715.760	100.110		
100.120	104.550	14.790	0.000	119.340	100.120	99.360	176.640	441.600	717.600	100.120		
100.130	99.960	14.790	0.000	114.750	100.130	101.200	178.480	447.120	726.800	100.130		
100.140	94.860	12.240	0.000	107.100	100.140	99.360	182.160	448.960	730.480	100.140		
100.150	92.500	12.210	0.000	104.710	100.150	101.200	184.000	450.800	736.000	100.150		
100.160	84.730	9.990	0.000	94.720	100.160	104.880	184.000	456.320	745.200	100.160		
100.170	82.140	9.990	0.000	92.130	100.170	101.200	185.840	460.000	747.040	100.170		
100.180	77.330	7.400	0.000	84.730	100.180	104.500	190.000	461.700	756.200	100.180		
100.190	72.150	7.400	0.000	79.550	100.190	104.500	190.000	463.600	758.100	100.190		
100.200	64.750	4.810	0.000	69.560	100.200	104.500	190.000	469.300	763.800	100.200		
100.210	59.940	2.220	0.000	62.160	100.210	104.500	191.900	471.200	767.600	100.210		
100.220	52.170	2.220	0.000	54.390	100.220	106.400	193.800	471.200	771.400	100.220		
100.230	47.360	0.000	0.000	47.360	100.230	106.400	195.700	475.000	777.100	100.230		
100.240	42.180	0.000	0.000	42.180	100.240	106.400	199.500	475.000	780.900	100.240		
100.250	37.370	0.000	0.000	37.370	100.250	108.300	199.500	475.000	782.800	100.250		
100.260	32.190	0.000	0.000	32.190	100.260	112.100	203.300	475.000	790.400	100.260		
100.270	24.790	0.000	0.000	24.790	100.270	114.000	203.300	475.000	792.300	100.270		
100.280	19.980	0.000	0.000	19.980	100.280	115.900	209.000	471.200	796.100	100.280		
100.290	12.210	0.000	0.000	12.210	100.290	119.700	210.900	467.400	798.000	100.290		
100.300	9.960	0.000	0.000	9.960	100.300	121.600	214.700	463.600	799.900	100.300		
100.310	7.500	0.000	0.000	7.500	100.310	123.500	216.600	459.800	799.900	100.310		
100.320	4.980	0.000	0.000	4.980	100.320	127.300	222.300	456.000	805.600	100.320		
100.330	2.460	0.000	0.000	2.460	100.330	132.130	224.440	452.500	809.070	100.330		
100.340	0.000	0.000	0.000	0.000	100.340	133.940	226.250	448.880	809.070	100.340		
100.350	0.000	0.000	0.000	0.000	100.350	135.750	229.870	443.450	809.070	100.350		
100.360	0.000	0.000	0.000	0.000	100.360	141.180	229.870	439.830	810.880	100.360		
100.370	0.000	0.000	0.000	0.000	100.370	141.180	231.680	434.400	807.260	100.370		
100.380	0.000	0.000	0.000	0.000	100.380	146.610	231.680	428.970	807.260	100.380		
100.390	0.000	0.000	0.000	0.000	100.390	148.420	233.490	423.540	805.450	100.390		
100.400	2.460	0.000	2.460	4.920	100.400	152.040	237.110	419.920	809.070	100.400		
100.410	2.460	0.000	0.000	2.460	100.410	157.470	237.110	409.060	803.640	100.410		
100.420	4.980	0.000	2.460	7.440	100.420	159.280	237.110	401.820	798.210	100.420		
100.430	4.980	0.000	4.980	9.960	100.430	161.090	237.110	394.580	792.780	100.430		
100.440	15.000	4.980	7.500	27.480	100.440	164.710	237.110	387.340	789.160	100.440		
100.450	29.500	7.080	9.440	46.020	100.450	166.520	237.110	374.670	778.300	100.450		
100.460	47.200	12.390	12.390	71.980	100.460	168.330	231.680	363.810	763.820	100.460		
100.470	59.590	19.470	19.470	98.530	100.470	171.950	229.870	349.330	751.150	100.470		
100.480	67.260	24.780	27.140	119.180	100.480	174.230	224.770	332.500	731.500	100.480		
100.490	74.930	24.780	29.500	129.210	100.490	176.890	216.790	313.880	707.560	100.490		
100.500	82.010	32.450	34.810	149.270	100.500	179.550	208.810	299.250	687.610	100.500		
100.510	84.960	34.810	42.480	162.250	100.510	179.550	204.820	281.960	666.330	100.510		
100.520	89.680	39.530	44.840	174.050	100.520	182.210	196.840	267.330	646.380	100.520		
100.530	92.040	44.840	49.560	186.440	100.530	184.870	188.860	248.710	622.440	100.530		
100.540	102.070	49.560	54.870	206.500	100.540	186.200	182.210	231.420	599.830	100.540		
100.550	109.740	54.870	59.590	224.200	100.550	186.200	171.570	214.130	571.900	100.550		
100.560	117.410	59.590	64.900	241.900	100.560	188.860	164.920	202.160	555.940	100.560		
100.570	127.440	64.900	67.260	259.600	100.570	191.520	156.940	184.870	533.330	100.570		
100.580	134.520	69.620	71.980	276.120	100.580	194.180	146.300	168.910	509.390	100.580		
100.590	147.500	74.930	71.980	294.410	100.590	196.840	139.650	154.280	490.770	100.590		
100.600	159.430	81.950	77.480	318.860	100.600	196.840	131.670	142.310	470.820	100.600		
100.610	171.350	89.400	78.970	339.720	100.610	199.500	123.690	126.350	449.540	100.610		
100.620	181.780	93.870	84.930	360.580	100.620	202.160	114.380	114.380	430.920	100.620		
100.630	196.680	101.320	86.420	384.420	100.630	205.000	104.960	102.500	412.460	100.630		
100.640	207.110	107.280	86.420	400.810	100.640	201.720	91.840	89.380	382.940	100.640		
100.650	219.030	114.730	86.420	420.180	100.650	205.000	84.460	82.000	371.460	100.650		
100.660	233.930	119.200	89.400	442.530	100.660	201.720	77.080	77.080	355.880	100.660		
100.670	251.810	126.650	89.400	467.860	100.670	199.260	64.780	67.240	331.280	100.670		
100.680	263.730	131.120	86.420	481.270	100.680	194.340	54.940	62.320	311.600	100.680		
100.690	281.610	137.080	86.420	505.110	100.690	191.880	46.740	57.400	296.020	100.690		
100.700	299.490	141.550	86.420	527.460	100.700	184.500	36.900	49.200	270.600	100.700		
100.710	318.860	146.020	89.400	554.280	100.710	177.120	29.520	44.280	250.920	100.710		
100.720	336.740	151.980	86.420	575.140	100.720	167.280	17.220	36.900	221.400	100.720		
100.730	354.620	159.430	86.420	600.470	100.730	157.440	9.840	31.980	199.260	100.730		
100.740	372.500	166.880	86.420	625.800	100.740	146.780	4.920	29.520	181.220	100.740		
100.750	389.760	170.880	86.400	647.040	100.750	134.480	0.000	24.600	159.080	100.750		
100.760	403.200	178.560	86.400	668.160	100.760	122.180	0.000	19.680	141.860	100.760		
100.770	416.640	184.320	88.320	689.280	100.770	114.800	0.000	17.220	132.020	100.770		
100.780	428.160	188.160	88.320	704.640	100.780	102.500	0.000	14.760	117.260	100.780		
100.790	439.680	193.920	88.320	721.920	100.790	94.710	0.000	12.300	107.010	100.790		
100.800	449.280	201.600	94.080	744.960	100.800	87.330	0.000	12.300	99.630	100.800		
100.810	456.960	207.360	94.080	758.400	100.810	79.950	0.000	9.840	89.790	100.810		
100.820	460.800	209.280	96.000	766.080	100.820	69.700	0.000	9.840	79.540	100.820		
100.830	468.480	216.960	96.000	781.440	100.830	59.860	0.000	7.380	67.240	100.830		
100.840	472.320	218.880	96.000	787.200	100.840	52.480	0.000	7.380	59.860	100.840		
100.850	476.160	224.640	101.760	802.560	100.850	44.690	0.000	4.920	49.610	100.850		
100.860	480.000	226.560	101.760	808.320	100.860	37.310	0.000	4.920	42.230	100.860		
100.870	480.000	228.480	103.680	812.160	100.870	32.390	0.000	4.920	37.310	100.870		
100.880	480.000	228.480	103.680	812.160	100.880	24.600	0.000	4.920	29.520	100.880		
100.890	480.000	232.320	105.600	817.920	100.890	17.220	0.000	2.460	19.680	100.890		
100.900	477.500	231.110	108.870	817.480	100.900	9.840	0.000	2.460	12.300	100.900		
100.910	477.500	231.110	110.780	819.390	100.910	7.380	0.000	4.920	12.300	100.910		
100.920	473.680	231.110	110.780	815.570	100.920	2.460	0.000	4.920	7.380	100.920		
100.930	473.680	234.930	110.780	819.390	100.930	0.000	0.000	2.500	2.500	100.930		
100.940	473.680	234.930	110.780	819.390	100.940	0.000	0.000	2.500	2.500	100.940		
100.950	471.770	234.930	110.780	817.480	100.950	0.000	0.000	2.500	2.500	100.950		
100.960	471.770	234.930	116.510	823.210	100.960	0.000	0.000	2.500	2.500	100.960		
100.970	469.860	234.930	114.600	819.390	100.970	0.000	0.000	2.500	2.500	100.970		
100.980	469.860	234.930	114.600	819.390	100.980	0.000	0.000	0.000	0.000	100.980		
100.990	469.860	231.110	114.600	815.570	100.990	0.000	0.000	0.000	0.000	100.990		
101.000	469.860	231.110	114.600	815.570	101.000	0.000	0.000	0.000	0.000	101.000		
101.010	469.860	231.110	114.600	815.570	101.010	0.000	0.000	0.000	0.000	101.010		
101.020	469.860	229.200	114.600	813.660	101.020	0.000	0.000	0.000	0.000	101.020		
101.030	471.770	229.200	110.780	811.750	101.030	0.000	0.000	0.000	0.000	101.030		
101.040	473.680	229.200	110.780	813.660	101.040	0.000	0.000	0.000	0.000	101.040		
101.050	477.050	227.360	111.650	816.060	101.050	0.000	0.000	0.000	0.000	101.050		
101.060	479.080	227.360	111.650	818.090	101.060	0.000	0.000	0.000	0.000	101.060		
101.070	479.080	227.360	109.620	816.060	101.070	0.000	0.000	0.000	0.000	101.070		
101.080	481.110	223.300	109.620	814.030	101.080	0.000	0.000	0.000	0.000	101.080		
101.090	483.140	223.300	109.620	816.060	101.090	0.000	0.000	0.000	0.000	101.090		
101.100	487.200	221.270	103.530	812.000	101.100	0.000	2.340	0.000	2.340	101.100		
101.110	489.230	221.270	103.530	814.030	101.110	0.000	2.340	0.000	2.340	101.110		
101.120	493.290	219.240	101.500	814.030	101.120	0.000	2.340	0.000	2.340	101.120		
101.130	497.350	217.210	99.470	814.030	101.130	0.000	2.340	0.000	2.340	101.130		
101.140	499.380	217.210	97.440	814.030	101.140	0.000	2.340	2.340	4.680	101.140		
101.150	501.410	213.150	97.440	812.000	101.150	0.000	0.000	0.000	0.000	101.150		
101.160	501.410	211.120	93.380	805.910	101.160	0.000	0.000	2.340	2.340	101.160		
101.170	503.440	211.120	93.380	807.940	101.170	0.000	0.000	2.340	2.340	101.170		
101.180	507.500	211.120	93.380	812.000	101.180	0.000	0.000	2.340	2.340	101.180		
101.190	507.500	211.120	93.380	812.000	101.190	2.340	0.000	2.340	4.680	101.190		
101.200	510.000	212.160	93.840	816.000	101.200	7.280	0.000	39.780	47.060	101.200		
101.210	505.920	208.080	91.800	805.800	101.210	19.760	7.280	65.000	92.040	101.210		
101.220	501.840	204.000	91.800	797.640	101.220	32.500	9.880	57.460	99.840	101.220		
101.230	493.680	201.960	85.680	781.320	101.230	24.840	4.600	44.620	74.060	101.230		
101.240	485.520	195.840	89.760	771.120	101.240	24.840	4.600	37.260	66.700	101.240		
101.250	481.440	193.800	85.680	760.920	101.250	27.140	7.360	32.200	66.700	101.250		
101.260	479.400	191.760	85.680	756.840	101.260	27.140	4.600	29.900	61.640	101.260		
101.270	473.280	189.720	85.680	748.680	101.270	29.900	7.360	29.900	67.160	101.270		
101.280	469.200	189.720	85.680	744.600	101.280	32.200	7.360	27.140	66.700	101.280		
101.290	467.160	185.640	85.680	738.480	101.290	34.960	7.360	29.900	72.220	101.290		
101.300	461.040	183.600	83.640	728.280	101.300	37.260	9.660	32.200	79.120	101.300		
101.310	456.960	179.520	83.640	720.120	101.310	34.960	12.420	37.260	84.640	101.310		
101.320	454.920	177.480	81.600	714.000	101.320	32.200	14.720	54.740	101.660	101.320		
101.330	448.800	173.400	81.600	703.800	101.330	34.960	19.780	74.980	129.720	101.330		
101.340	444.720	169.320	75.480	689.520	101.340	32.200	22.080	87.400	141.680	101.340		
101.350	440.000	163.680	73.920	677.600	101.350	34.960	24.840	99.820	159.620	101.350		
101.360	434.720	161.920	72.160	668.800	101.360	34.960	24.840	107.180	166.980	101.360		
101.370	425.920	156.640	68.640	651.200	101.370	34.960	27.140	115.000	177.100	101.370		
101.380	418.880	154.880	68.640	642.400	101.380	34.560	29.440	119.680	183.680	101.380		
101.390	413.600	149.600	68.640	631.840	101.390	37.120	29.440	124.800	191.360	101.390		
101.400	406.560	149.600	68.640	624.800	101.400	37.120	29.440	127.360	193.920	101.400		
101.410	401.280	146.080	68.640	616.000	101.410	39.680	32.000	132.480	204.160	101.410		
101.420	396.000	144.320	72.160	612.480	101.420	39.680	32.000	134.400	206.080	101.420		
101.430	392.480	140.800	68.640	601.920	101.430	39.680	32.000	136.960	208.640	101.430		
101.440	383.680	140.800	68.640	593.120	101.440	42.240	34.560	139.520	216.320	101.440		
101.450	378.400	139.040	68.640	586.080	101.450	42.240	34.560	142.080	218.880	101.450		
101.460	374.880	139.040	68.640	582.560	101.460	44.800	37.120	142.080	224.000	101.460		
101.470	371.360	137.280	68.640	577.280	101.470	44.800	39.680	144.640	229.120	101.470		
101.480	366.080	133.760	66.880	566.720	101.480	47.360	39.680	144.640	231.680	101.480		
101.490	364.320	133.760	66.880	564.960	101.490	49.920	42.240	147.200	239.360	101.490		
101.500	362.500	134.850	69.600	566.950	101.500	52.480	44.800	152.320	249.600	101.500		
101.510	359.600	131.950	69.600	561.150	101.510	52.480	47.360	154.880	254.720	101.510		
101.520	353.800	134.850	69.600	558.250	101.520	52.480	47.360	160.000	259.840	101.520		
101.530	349.450	131.950	72.500	553.900	101.530	56.800	49.600	164.800	271.200	101.530		
101.540	346.550	131.950	72.500	551.000	101.540	56.800	52.000	167.200	276.000	101.540		
101.550	342.200	131.950	72.500	546.650	101.550	56.800	52.000	172.000	280.800	101.550		
101.560	339.300	129.050	69.600	537.950	101.560	60.000	54.400	174.400	288.800	101.560		
101.570	334.950	126.150	69.600	530.700	101.570	60.000	54.400	176.800	291.200	101.570		
101.580	332.050	126.150	69.600	527.800	101.580	60.000	56.800	180.000	296.800	101.580		
101.590	326.250	124.700	72.500	523.450	101.590	60.000	56.800	180.000	296.800	101.590		
101.600	321.900	124.700	69.600	516.200	101.600	60.000	56.800	182.400	299.200	101.600		
101.610	319.000	121.800	72.500	513.300	101.610	62.400	56.800	184.800	304.000	101.610		
101.620	316.100	118.900	69.600	504.600	101.620	62.400	60.000	187.200	309.600	101.620		
101.630	314.650	117.450	66.700	498.800	101.630	62.400	60.000	189.600	312.000	101.630		
101.640	314.650	118.900	66.700	500.250	101.640	62.400	60.000	192.000	314.400	101.640		
101.650	312.500	117.500	67.500	497.500	101.650	62.400	60.000	192.000	314.400	101.650		
101.660	312.500	117.500	67.500	497.500	101.660	60.000	60.000	196.800	316.800	101.660		
101.670	312.500	115.000	65.000	492.500	101.670	60.000	62.400	200.000	322.400	101.670		
101.680	312.500	115.000	62.500	490.000	101.680	59.630	59.630	202.030	321.290	101.680		
101.690	312.500	115.000	65.000	492.500	101.690	56.960	62.300	204.700	323.960	101.690		
101.700	310.000	112.500	62.500	485.000	101.700	56.960	59.630	207.370	323.960	101.700		
101.710	310.000	112.500	62.500	485.000	101.710	56.960	62.300	209.150	328.410	101.710		
101.720	310.000	112.500	62.500	485.000	101.720	54.290	62.300	211.820	328.410	101.720		
101.730	310.000	112.500	62.500	485.000	101.730	54.290	62.300	214.490	331.080	101.730		
101.740	310.000	112.500	62.500	485.000	101.740	54.290	62.300	217.160	333.750	101.740		
101.750	307.500	110.000	62.500	480.000	101.750	51.620	62.300	219.830	333.750	101.750		
101.760	307.500	110.000	62.500	480.000	101.760	51.620	62.300	219.830	333.750	101.760		
101.770	305.000	112.500	62.500	480.000	101.770	54.290	62.300	219.830	336.420	101.770		
101.780	305.000	112.500	65.000	482.500	101.780	51.620	62.300	219.830	333.750	101.780		
101.790	302.500	112.500	65.000	480.000	101.790	51.620	62.300	219.830	333.750	101.790		
101.800	302.500	114.950	64.130	481.580	101.800	54.290	62.300	219.830	336.420	101.800		
101.810	298.870	114.950	66.550	480.370	101.810	54.290	64.970	222.500	341.760	101.810		
101.820	296.450	117.370	68.970	482.790	101.820	54.290	64.970	219.830	339.090	101.820		
101.830	294.030	119.790	68.970	482.790	101.830	54.560	64.240	220.000	338.800	101.830		
101.840	291.610	119.790	71.390	482.790	101.840	57.200	64.240	220.000	341.440	101.840		
101.850	286.770	122.210	73.810	482.790	101.850	57.200	66.880	217.360	341.440	101.850		
101.860	284.350	122.210	77.440	484.000	101.860	57.200	64.240	217.360	338.800	101.860		
101.870	281.930	124.630	79.860	486.420	101.870	59.840	66.880	214.720	341.440	101.870		
101.880	277.090	127.050	82.280	486.420	101.880	57.200	66.880	214.720	338.800	101.880		
101.890	277.090	127.050	84.700	488.840	101.890	59.840	66.880	214.720	341.440	101.890		
101.900	272.250	129.470	84.700	486.420	101.900	59.840	66.880	214.720	341.440	101.900		
101.910	269.830	129.470	87.120	486.420	101.910	59.840	66.880	212.080	338.800	101.910		
101.920	267.410	131.890	89.540	488.840	101.920	59.840	66.880	212.080	338.800	101.920		
101.930	267.410	131.890	89.540	488.840	101.930	59.840	66.880	214.720	341.440	101.930		
101.940	264.990	131.890	89.540	486.420	101.940	59.840	66.880	214.720	341.440	101.940		
101.950	262.500	132.300	89.250	484.050	101.950	59.840	66.880	214.720	341.440	101.950		
101.960	262.500	132.300	92.400	487.200	101.960	59.840	66.880	214.720	341.440	101.960		
101.970	259.350	134.400	94.500	488.250	101.970	59.840	66.880	214.720	341.440	101.970		
101.980	259.350	134.400	92.400	486.150	101.980	59.340	67.080	215.000	341.420	101.980		
101.990	257.250	134.400	94.500	486.150	101.990	59.340	64.500	215.000	338.840	101.990		
102.000	257.250	134.400	94.500	486.150	102.000	59.340	67.080	215.000	341.420	102.000		
102.010	252.000	136.500	96.600	485.100	102.010	61.920	67.080	212.420	341.420	102.010		
102.020	249.900	139.650	99.750	489.300	102.020	59.340	67.080	212.420	338.840	102.020		
102.030	246.750	139.650	101.850	488.250	102.030	61.920	67.080	212.420	341.420	102.030		
102.040	244.650	141.750	105.000	491.400	102.040	61.920	67.080	209.840	338.840	102.040		
102.050	241.500	141.750	105.000	488.250	102.050	61.920	67.080	209.840	338.840	102.050		
102.060	239.400	144.900	107.100	491.400	102.060	61.920	67.080	209.840	338.840	102.060		
102.070	239.400	144.900	109.200	493.500	102.070	61.920	67.080	207.260	336.260	102.070		
102.080	237.300	147.000	107.100	491.400	102.080	64.500	69.660	209.840	344.000	102.080		
102.090	237.300	147.000	109.200	493.500	102.090	64.500	69.660	207.260	341.420	102.090		
102.100	235.000	146.640	109.980	491.620	102.100	64.500	69.660	207.260	341.420	102.100		
102.110	235.000	146.640	111.860	493.500	102.110	61.920	69.660	207.260	338.840	102.110		
102.120	235.000	146.640	111.860	493.500	102.120	64.500	69.660	207.260	341.420	102.120		
102.130	235.000	146.640	111.860	493.500	102.130	61.770	69.600	209.670	341.040	102.130		
102.140	232.180	146.640	111.860	490.680	102.140	61.770	69.600	209.670	341.040	102.140		
102.150	235.000	146.640	111.860	493.500	102.150	61.770	69.600	212.280	343.650	102.150		
102.160	232.180	146.640	109.980	488.800	102.160	61.770	69.600	212.280	343.650	102.160		
102.170	235.000	146.640	111.860	493.500	102.170	61.770	69.600	212.280	343.650	102.170		
102.180	232.180	146.640	114.680	493.500	102.180	61.770	69.600	212.280	343.650	102.180		
102.190	232.180	146.640	111.860	490.680	102.190	61.770	69.600	212.280	343.650	102.190		
102.200	232.180	146.640	111.860	490.680	102.200	61.770	69.600	214.890	346.260	102.200		
102.210	235.000	146.640	111.860	493.500	102.210	61.770	69.600	214.890	346.260	102.210		
102.220	235.000	146.640	111.860	493.500	102.220	61.770	66.990	214.890	343.650	102.220		
102.230	232.180	144.760	111.860	488.800	102.230	59.160	66.990	217.500	343.650	102.230		
102.240	235.000	144.760	111.860	491.620	102.240	59.160	66.990	217.500	343.650	102.240		
102.250	234.220	144.060	109.760	488.040	102.250	59.160	66.990	217.500	343.650	102.250		
102.260	234.220	144.060	109.760	488.040	102.260	59.160	66.990	217.500	343.650	102.260		
102.270	234.220	142.100	109.760	486.080	102.270	59.160	66.990	217.500	343.650	102.270		
102.280	237.160	144.060	109.760	490.980	102.280	57.420	64.380	217.500	339.300	102.280		
102.290	237.160	144.060	109.760	490.980	102.290	59.160	66.990	217.500	343.650	102.290		
102.300	237.160	144.060	109.760	490.980	102.300	59.160	64.380	217.500	341.040	102.300		
102.310	239.120	144.060	106.820	490.000	102.310	59.160	66.990	217.500	343.650	102.310		
102.320	239.120	144.060	109.760	492.940	102.320	59.160	66.990	217.500	343.650	102.320		
102.330	239.120	144.060	109.760	492.940	102.330	59.160	64.380	214.890	338.430	102.330		
102.340	239.120	144.060	109.760	492.940	102.340	59.160	64.380	214.890	338.430	102.340		
102.350	242.060	144.060	109.760	495.880	102.350	59.160	66.990	214.890	341.040	102.350		
102.360	245.000	144.060	109.760	498.820	102.360	59.160	66.990	214.890	341.040	102.360		
102.370	245.000	147.000	109.760	501.760	102.370	59.160	66.990	212.280	338.430	102.370		
102.380	245.000	144.060	106.820	495.880	102.380	61.770	66.990	212.280	341.040	102.380		
102.390	245.000	147.000	109.760	501.760	102.390	59.160	66.990	209.670	335.820	102.390		
102.400	247.200	147.290	109.180	503.670	102.400	59.160	64.380	209.670	333.210	102.400		
102.410	249.260	147.290	107.120	503.670	102.410	59.160	64.380	207.060	330.600	102.410		
102.420	249.260	147.290	107.120	503.670	102.420	59.160	64.380	207.060	330.600	102.420		
102.430	249.260	149.350	109.180	507.790	102.430	59.860	64.780	205.000	329.640	102.430		
102.440	249.260	149.350	109.180	507.790	102.440	59.860	64.780	201.720	326.360	102.440		
102.450	249.260	147.290	109.180	505.730	102.450	59.860	64.780	201.720	326.360	102.450		
102.460	249.260	149.350	107.120	505.730	102.460	59.860	64.780	201.720	326.360	102.460		
102.470	249.260	149.350	109.180	507.790	102.470	57.400	64.780	201.720	323.900	102.470		
102.480	249.260	149.350	112.270	510.880	102.480	59.860	62.320	201.720	323.900	102.480		
102.490	252.350	149.350	112.270	513.970	102.490	59.860	62.320	201.720	323.900	102.490		
102.500	252.350	149.350	112.270	513.970	102.500	59.860	62.320	199.260	321.440	102.500		
102.510	254.410	152.440	109.180	516.030	102.510	57.400	62.320	199.260	318.980	102.510		
102.520	254.410	149.350	109.180	512.940	102.520	57.400	62.320	199.260	318.980	102.520		
102.530	257.500	149.350	109.180	516.030	102.530	57.400	62.320	199.260	318.980	102.530		
102.540	257.500	149.350	109.180	516.030	102.540	57.400	62.320	199.260	318.980	102.540		
102.550	259.740	152.070	109.890	521.700	102.550	57.400	62.320	196.800	316.520	102.550		
102.560	261.960	149.850	106.560	518.370	102.560	54.940	62.320	199.260	316.520	102.560		
102.570	264.180	152.070	109.890	526.140	102.570	54.940	59.860	196.800	311.600	102.570		
102.580	264.180	152.070	109.890	526.140	102.580	54.510	59.250	197.500	311.260	102.580		
102.590	266.400	152.070	109.890	528.360	102.590	54.510	59.250	194.340	308.100	102.590		
102.600	269.730	152.070	109.890	531.690	102.600	54.510	59.250	194.340	308.100	102.600		
102.610	269.730	152.070	109.890	531.690	102.610	56.880	59.250	194.340	310.470	102.610		
102.620	271.950	152.070	109.890	533.910	102.620	54.510	59.250	191.970	305.730	102.620		
102.630	271.950	152.070	109.890	533.910	102.630	54.510	59.250	191.970	305.730	102.630		
102.640	274.170	152.070	109.890	536.130	102.640	54.510	59.250	189.600	303.360	102.640		
102.650	274.170	152.070	106.560	532.800	102.650	54.510	59.250	189.600	303.360	102.650		
102.660	274.170	154.290	106.560	535.020	102.660	54.510	56.880	187.230	298.620	102.660		
102.670	277.500	152.070	106.560	536.130	102.670	52.140	56.880	187.230	296.250	102.670		
102.680	277.500	154.290	106.560	538.350	102.680	54.510	59.250	187.230	300.990	102.680		
102.690	277.500	152.070	106.560	536.130	102.690	52.140	56.880	184.860	293.880	102.690		
102.700	279.660	154.580	107.380	541.620	102.700	52.140	56.880	184.860	293.880	102.700		
102.710	279.660	154.580	107.380	541.620	102.710	52.140	56.880	182.490	291.510	102.710		
102.720	279.660	154.580	107.380	541.620	102.720	52.140	56.880	182.490	291.510	102.720		
102.730	282.020	154.580	107.380	543.980	102.730	54.750	56.940	182.500	294.190	102.730		
102.740	282.020	156.940	107.380	546.340	102.740	51.830	56.940	182.500	291.270	102.740		
102.750	282.020	154.580	103.840	540.440	102.750	51.830	56.940	179.580	288.350	102.750		
102.760	284.380	154.580	107.380	546.340	102.760	51.830	56.940	179.580	288.350	102.760		
102.770	284.380	154.580	107.380	546.340	102.770	51.830	56.940	179.580	288.350	102.770		
102.780	284.380	154.580	103.840	542.800	102.780	51.830	56.940	179.580	288.350	102.780		
102.790	289.100	154.580	107.380	551.060	102.790	51.830	56.940	179.580	288.350	102.790		
102.800	289.100	154.580	107.380	551.060	102.800	49.640	56.940	179.580	286.160	102.800		
102.810	289.100	154.580	103.840	547.520	102.810	49.640	54.750	179.580	283.970	102.810		
102.820	291.460	154.580	103.840	549.880	102.820	49.640	54.750	179.580	283.970	102.820		
102.830	291.460	154.580	103.840	549.880	102.830	49.640	54.750	179.580	283.970	102.830		
102.840	295.000	154.580	101.480	551.060	102.840	49.640	56.940	179.580	286.160	102.840		
102.850	293.880	155.000	101.680	550.560	102.850	47.450	54.750	179.580	281.780	102.850		
102.860	293.880	151.280	101.680	546.840	102.860	47.450	54.750	179.580	281.780	102.860		
102.870	296.360	151.280	101.680	549.320	102.870	44.530	54.750	179.580	278.860	102.870		
102.880	298.840	155.000	101.680	555.520	102.880	44.530	54.750	179.580	278.860	102.880		
102.890	298.840	151.280	101.680	551.800	102.890	44.530	54.750	179.580	278.860	102.890		
102.900	298.840	151.280	99.200	549.320	102.900	42.340	51.830	182.500	276.670	102.900		
102.910	301.320	151.280	99.200	551.800	102.910	42.340	54.750	182.500	279.590	102.910		
102.920	301.320	151.280	99.200	551.800	102.920	42.340	51.830	182.500	276.670	102.920		
102.930	303.800	151.280	99.200	554.280	102.930	42.340	51.830	182.500	276.670	102.930		
102.940	306.280	151.280	99.200	556.760	102.940	42.340	51.830	182.500	276.670	102.940		
102.950	306.280	151.280	99.200	556.760	102.950	39.420	51.830	182.500	273.750	102.950		
102.960	310.000	151.280	99.200	560.480	102.960	39.420	51.830	182.500	273.750	102.960		
102.970	310.000	151.280	96.720	558.000	102.970	39.420	49.640	182.500	271.560	102.970		
102.980	310.000	151.280	96.720	558.000	102.980	39.420	51.830	182.500	273.750	102.980		
102.990	310.000	151.280	99.200	560.480	102.990	39.420	49.640	182.500	271.560	102.990		
103.000	312.420	154.940	99.060	566.420	103.000	39.420	51.830	182.500	273.750	103.000		
103.010	312.420	152.400	99.060	563.880	103.010	39.420	49.640	179.580	268.640	103.010		
103.020	312.420	154.940	99.060	566.420	103.020	39.420	49.640	177.390	266.450	103.020		
103.030	312.420	152.400	99.060	563.880	103.030	39.760	49.700	174.660	264.120	103.030		
103.040	312.420	154.940	99.060	566.420	103.040	39.760	49.700	177.500	266.960	103.040		
103.050	312.420	154.940	99.060	566.420	103.050	39.760	49.700	174.660	264.120	103.050		
103.060	312.420	157.480	99.060	568.960	103.060	39.760	49.700	171.820	261.280	103.060		
103.070	312.420	157.480	99.060	568.960	103.070	41.890	49.700	171.820	263.410	103.070		
103.080	314.960	157.480	99.060	571.500	103.080	41.890	49.700	171.820	263.410	103.080		
103.090	314.960	157.480	99.060	571.500	103.090	41.890	49.700	169.690	261.280	103.090		
103.100	314.960	158.750	101.600	575.310	103.100	41.890	49.700	166.850	258.440	103.100		
103.110	314.960	158.750	101.600	575.310	103.110	41.890	49.700	166.850	258.440	103.110		
103.120	317.500	158.750	101.600	577.850	103.120	41.890	49.700	164.720	256.310	103.120		
103.130	317.500	161.290	101.600	580.390	103.130	41.890	46.860	164.720	253.470	103.130		
103.140	317.500	158.750	101.600	577.850	103.140	41.890	46.860	161.880	250.630	103.140		
103.150	317.340	161.250	101.910	580.500	103.150	44.730	49.700	161.880	256.310	103.150		
103.160	317.340	159.960	101.910	579.210	103.160	41.890	49.700	161.880	253.470	103.160		
103.170	317.340	161.250	101.910	580.500	103.170	41.890	46.860	161.880	250.630	103.170		
103.180	317.340	161.250	101.910	580.500	103.180	44.850	47.450	159.900	252.200	103.180		
103.190	317.340	161.250	104.490	583.080	103.190	44.850	47.450	159.900	252.200	103.190		
103.200	319.920	163.830	104.490	588.240	103.200	44.850	47.450	159.900	252.200	103.200		
103.210	319.920	161.250	101.910	583.080	103.210	44.850	47.450	159.900	252.200	103.210		
103.220	319.920	161.250	99.330	580.500	103.220	44.850	47.450	159.900	252.200	103.220		
103.230	319.920	161.250	101.910	583.080	103.230	44.850	49.400	162.500	256.750	103.230		
103.240	319.920	161.250	101.910	583.080	103.240	44.850	49.400	159.900	254.150	103.240		
103.250	319.920	161.250	99.330	580.500	103.250	44.850	49.400	159.900	254.150	103.250		
103.260	319.920	161.250	101.910	583.080	103.260	42.250	47.450	159.900	249.600	103.260		
103.270	322.500	161.250	101.910	585.660	103.270	42.250	47.450	159.900	249.600	103.270		
103.280	322.500	161.250	101.910	585.660	103.280	44.850	44.850	157.300	247.000	103.280		
103.290	322.500	161.250	101.910	585.660	103.290	42.250	47.450	159.900	249.600	103.290		
103.300	322.400	162.500	101.400	586.300	103.300	42.250	47.450	157.300	247.000	103.300		
103.310	322.400	163.800	101.400	587.600	103.310	42.250	47.450	157.300	247.000	103.310		
103.320	322.400	163.800	101.400	587.600	103.320	42.250	47.450	157.300	247.000	103.320		
103.330	325.000	163.800	101.400	590.200	103.330	42.160	44.640	155.000	241.800	103.330		
103.340	325.000	163.800	104.000	592.800	103.340	42.160	47.120	155.000	244.280	103.340		
103.350	325.000	166.400	101.400	592.800	103.350	42.160	44.640	151.900	238.700	103.350		
103.360	325.000	166.400	101.400	592.800	103.360	42.160	47.120	151.900	241.180	103.360		
103.370	325.000	166.400	104.000	595.400	103.370	42.160	47.120	151.900	241.180	103.370		
103.380	325.000	169.000	104.000	598.000	103.380	44.640	47.120	149.420	241.180	103.380		
103.390	322.400	169.000	104.000	595.400	103.390	44.640	47.120	149.420	241.180	103.390		
103.400	325.000	169.000	104.000	598.000	103.400	42.160	47.120	146.940	236.220	103.400		
103.410	325.000	171.600	106.600	603.200	103.410	44.640	47.120	146.940	238.700	103.410		
103.420	322.400	171.600	106.600	600.600	103.420	44.640	47.120	144.460	236.220	103.420		
103.430	322.400	171.600	106.600	600.600	103.430	44.640	47.120	144.460	236.220	103.430		
103.440	322.400	174.200	109.200	605.800	103.440	44.640	47.120	144.460	236.220	103.440		
103.450	322.500	174.150	109.650	606.300	103.450	47.120	47.120	141.980	236.220	103.450		
103.460	319.920	176.730	109.650	606.300	103.460	44.640	47.120	141.980	233.740	103.460		
103.470	319.920	176.730	112.230	608.880	103.470	47.120	47.120	139.500	233.740	103.470		
103.480	319.920	176.730	112.230	608.880	103.480	44.550	47.300	137.500	229.350	103.480		
103.490	319.920	176.730	112.230	608.880	103.490	47.300	47.300	137.500	232.100	103.490		
103.500	319.920	179.310	112.230	611.460	103.500	47.300	49.500	137.500	234.300	103.500		
103.510	317.340	179.310	112.230	608.880	103.510	47.300	47.300	134.750	229.350	103.510		
103.520	314.760	181.890	114.810	611.460	103.520	47.300	47.300	132.000	226.600	103.520		
103.530	314.760	181.890	114.810	611.460	103.530	47.300	47.300	132.000	226.600	103.530		
103.540	314.760	181.890	114.810	611.460	103.540	47.300	49.500	129.800	226.600	103.540		
103.550	312.180	184.470	114.810	611.460	103.550	49.500	49.500	129.800	228.800	103.550		
103.560	312.180	184.470	117.390	614.040	103.560	49.500	47.300	127.050	223.850	103.560		
103.570	309.600	184.470	117.390	611.460	103.570	49.500	49.500	127.050	226.050	103.570		
103.580	309.600	184.470	119.970	614.040	103.580	49.500	49.500	124.850	223.850	103.580		
103.590	309.600	187.050	119.970	616.620	103.590	49.500	49.500	124.850	223.850	103.590		
103.600	310.000	187.240	121.520	618.760	103.600	49.500	49.500	122.100	221.100	103.600		
103.610	306.280	187.240	119.040	612.560	103.610	52.250	49.500	122.100	223.850	103.610		
103.620	306.280	187.240	121.520	615.040	103.620	52.250	52.250	122.100	226.600	103.620		
103.630	306.280	187.240	119.040	612.560	103.630	52.430	52.430	122.500	227.360	103.630		
103.640	306.280	187.240	121.520	615.040	103.640	54.880	52.430	119.560	226.870	103.640		
103.650	303.800	187.240	121.520	612.560	103.650	54.880	52.430	119.560	226.870	103.650		
103.660	303.800	187.240	121.520	612.560	103.660	54.880	52.430	119.560	226.870	103.660		
103.670	303.800	189.720	121.520	615.040	103.670	57.330	52.430	117.110	226.870	103.670		
103.680	301.320	189.720	124.000	615.040	103.680	57.330	54.880	117.110	229.320	103.680		
103.690	298.840	189.720	126.480	615.040	103.690	57.330	54.880	114.660	226.870	103.690		
103.700	298.840	192.200	126.480	617.520	103.700	57.330	54.880	112.210	224.420	103.700		
103.710	296.360	192.200	126.480	615.040	103.710	57.330	54.880	112.210	224.420	103.710		
103.720	296.360	192.200	126.480	615.040	103.720	59.780	54.880	109.760	224.420	103.720		
103.730	293.880	194.680	128.960	617.520	103.730	59.780	57.330	109.760	226.870	103.730		
103.740	291.400	194.680	128.960	615.040	103.740	59.780	57.330	109.760	226.870	103.740		
103.750	292.500	196.560	129.870	618.930	103.750	62.230	57.330	107.310	226.870	103.750		
103.760	288.990	194.220	132.210	615.420	103.760	62.230	57.330	107.310	226.870	103.760		
103.770	286.650	194.220	132.210	613.080	103.770	62.230	57.330	107.310	226.870	103.770		
103.780	286.650	196.560	134.550	617.760	103.780	64.930	57.190	107.500	229.620	103.780		
103.790	284.310	198.900	136.890	620.100	103.790	64.930	57.190	104.920	227.040	103.790		
103.800	284.310	196.560	134.550	615.420	103.800	64.930	57.190	104.920	227.040	103.800		
103.810	281.970	198.900	136.890	617.760	103.810	64.930	57.190	104.920	227.040	103.810		
103.820	279.630	198.900	139.230	617.760	103.820	64.930	59.770	104.920	229.620	103.820		
103.830	279.630	202.410	141.570	623.610	103.830	64.930	59.770	104.920	229.620	103.830		
103.840	277.290	202.410	141.570	621.270	103.840	64.930	57.190	102.340	224.460	103.840		
103.850	274.950	202.410	141.570	618.930	103.850	64.930	57.190	102.340	224.460	103.850		
103.860	274.950	202.410	143.910	621.270	103.860	64.930	59.770	102.340	227.040	103.860		
103.870	271.440	204.750	147.420	623.610	103.870	64.930	59.770	102.340	227.040	103.870		
103.880	269.100	204.750	143.910	617.760	103.880	67.080	59.770	102.340	229.190	103.880		
103.890	269.100	204.750	147.420	621.270	103.890	67.080	59.770	102.340	229.190	103.890		
103.900	270.000	204.120	146.880	621.000	103.900	67.080	59.770	102.340	229.190	103.900		
103.910	270.000	207.360	152.280	629.640	103.910	67.080	59.770	102.340	229.190	103.910		
103.920	266.760	207.360	149.040	623.160	103.920	67.080	59.770	99.760	226.610	103.920		
103.930	266.760	207.360	152.280	626.400	103.930	67.200	60.000	100.000	227.200	103.930		
103.940	264.600	207.360	152.280	624.240	103.940	67.200	60.000	100.000	227.200	103.940		
103.950	264.600	207.360	154.440	626.400	103.950	70.000	60.000	100.000	230.000	103.950		
103.960	264.600	209.520	154.440	628.560	103.960	70.000	60.000	100.000	230.000	103.960		
103.970	262.440	209.520	154.440	626.400	103.970	70.000	60.000	100.000	230.000	103.970		
103.980	264.600	209.520	154.440	628.560	103.980	70.000	60.000	100.000	230.000	103.980		
103.990	264.600	209.520	156.600	630.720	103.990	70.000	60.000	100.000	230.000	103.990		
104.000	262.440	209.520	156.600	628.560	104.000	72.400	60.000	97.200	229.600	104.000		
104.010	259.200	209.520	156.600	625.320	104.010	72.400	60.000	97.200	229.600	104.010		
104.020	259.200	211.680	156.600	627.480	104.020	72.400	62.400	100.000	234.800	104.020		
104.030	259.200	209.520	156.600	625.320	104.030	72.400	62.400	97.200	232.000	104.030		
104.040	259.200	209.520	156.600	625.320	104.040	72.400	60.000	97.200	229.600	104.040		
104.050	260.000	209.040	157.040	626.080	104.050	72.400	62.400	100.000	234.800	104.050		
104.060	260.000	209.040	157.040	626.080	104.060	72.400	62.400	100.000	234.800	104.060		
104.070	260.000	206.960	157.040	624.000	104.070	72.400	62.400	100.000	234.800	104.070		
104.080	260.000	209.040	159.120	628.160	104.080	74.760	62.160	99.960	236.880	104.080		
104.090	260.000	206.960	159.120	626.080	104.090	74.760	62.160	99.960	236.880	104.090		
104.100	256.880	206.960	157.040	620.880	104.100	74.760	62.160	99.960	236.880	104.100		
104.110	256.880	206.960	157.040	620.880	104.110	74.760	62.160	99.960	236.880	104.110		
104.120	256.880	206.960	157.040	620.880	104.120	74.760	62.160	99.960	236.880	104.120		
104.130	260.000	204.880	157.040	621.920	104.130	74.760	62.160	99.960	236.880	104.130		
104.140	260.000	206.960	157.040	624.000	104.140	77.280	62.160	99.960	239.400	104.140		
104.150	256.880	204.880	157.040	618.800	104.150	77.280	64.680	102.480	244.440	104.150		
104.160	256.880	204.880	157.040	618.800	104.160	77.280	64.680	99.960	241.920	104.160		
104.170	256.880	204.880	154.960	616.720	104.170	77.280	64.680	102.480	244.440	104.170		
104.180	256.880	201.760	154.960	613.600	104.180	79.800	64.680	102.480	246.960	104.180		
104.190	256.880	204.880	154.960	616.720	104.190	79.800	64.680	102.480	246.960	104.190		
104.200	255.000	201.960	154.020	610.980	104.200	77.280	64.680	105.000	246.960	104.200		
104.210	255.000	201.960	151.980	608.940	104.210	77.280	67.200	105.000	249.480	104.210		
104.220	255.000	201.960	151.980	608.940	104.220	79.800	67.200	105.000	252.000	104.220		
104.230	255.000	199.920	151.980	606.900	104.230	79.980	67.080	104.920	251.980	104.230		
104.240	255.000	199.920	151.980	606.900	104.240	82.130	67.080	104.920	254.130	104.240		
104.250	251.940	199.920	151.980	603.840	104.250	82.130	67.080	104.920	254.130	104.250		
104.260	251.940	196.860	149.940	598.740	104.260	84.710	69.660	107.500	261.870	104.260		
104.270	251.940	196.860	151.980	600.780	104.270	84.710	69.660	104.920	259.290	104.270		
104.280	249.900	194.820	149.940	594.660	104.280	84.710	69.660	104.920	259.290	104.280		
104.290	249.900	194.820	149.940	594.660	104.290	84.710	69.660	104.920	259.290	104.290		
104.300	249.900	194.820	149.940	594.660	104.300	87.290	72.240	107.500	267.030	104.300		
104.310	246.840	194.820	146.880	588.540	104.310	87.290	72.240	107.500	267.030	104.310		
104.320	249.900	194.820	149.940	594.660	104.320	89.870	72.240	107.500	269.610	104.320		
104.330	249.900	194.820	146.880	591.600	104.330	89.870	74.820	107.500	272.190	104.330		
104.340	246.840	191.760	146.880	585.480	104.340	92.450	74.820	107.500	274.770	104.340		
104.350	247.500	192.060	146.520	586.080	104.350	92.450	74.820	107.500	274.770	104.350		
104.360	247.500	192.060	146.520	586.080	104.360	94.600	77.400	107.500	279.500	104.360		
104.370	244.530	192.060	146.520	583.110	104.370	94.600	77.400	107.500	279.500	104.370		
104.380	247.500	189.090	144.540	581.130	104.380	97.290	77.080	107.160	281.530	104.380		
104.390	244.530	189.090	141.570	575.190	104.390	97.290	77.080	104.810	279.180	104.390		
104.400	244.530	187.110	141.570	573.210	104.400	99.640	79.900	104.810	284.350	104.400		
104.410	241.560	187.110	141.570	570.240	104.410	99.640	82.250	104.810	286.700	104.410		
104.420	241.560	189.090	141.570	572.220	104.420	102.460	82.250	104.810	289.520	104.420		
104.430	239.580	187.110	141.570	568.260	104.430	104.810	82.250	107.160	294.220	104.430		
104.440	239.580	187.110	141.570	568.260	104.440	104.810	82.250	104.810	291.870	104.440		
104.450	239.580	184.140	139.590	563.310	104.450	107.160	84.600	107.160	298.920	104.450		
104.460	236.610	184.140	141.570	562.320	104.460	109.980	84.600	104.810	299.390	104.460		
104.470	234.630	184.140	139.590	558.360	104.470	109.980	87.420	107.160	304.560	104.470		
104.480	234.630	184.140	139.590	558.360	104.480	112.330	87.420	107.160	306.910	104.480		
104.490	231.660	184.140	136.620	552.420	104.490	114.680	87.420	107.160	309.260	104.490		
104.500	230.000	182.160	137.080	549.240	104.500	114.680	89.770	107.160	311.610	104.500		
104.510	230.000	182.160	137.080	549.240	104.510	117.500	92.120	109.980	319.600	104.510		
104.520	227.240	182.160	137.080	546.480	104.520	117.500	92.120	109.980	319.600	104.520		
104.530	224.480	182.160	134.320	540.960	104.530	121.980	94.620	109.440	326.040	104.530		
104.540	221.720	179.400	132.480	533.600	104.540	121.980	94.620	109.440	326.040	104.540		
104.550	219.880	179.400	132.480	531.760	104.550	124.830	97.470	109.440	331.740	104.550		
104.560	217.120	179.400	132.480	529.000	104.560	127.110	97.470	109.440	334.020	104.560		
104.570	217.120	179.400	132.480	529.000	104.570	127.110	99.750	112.290	339.150	104.570		
104.580	211.600	176.640	129.720	517.960	104.580	127.110	99.750	112.290	339.150	104.580		
104.590	209.760	176.640	129.720	516.120	104.590	129.960	99.750	112.290	342.000	104.590		
104.600	209.760	176.640	129.720	516.120	104.600	134.520	102.030	112.290	348.840	104.600	End measurement	
104.610	207.000	176.640	126.960	510.600	104.610	134.520	102.030	112.290	348.840	104.610		
104.620	204.240	174.800	126.960	506.000	104.620	137.370	104.880	112.290	354.540	104.620		
104.630	202.400	174.800	126.960	504.160	104.630	137.370	107.160	112.290	356.820	104.630		
104.640	199.640	174.800	124.200	498.640	104.640	139.650	107.160	114.570	361.380	104.640		
104.650	197.500	172.220	124.820	494.540	104.650	139.650	107.160	114.570	361.380	104.650		
104.660	194.340	172.220	122.450	489.010	104.660	142.500	109.440	117.420	369.360	104.660		
104.670	191.970	172.220	122.450	486.640	104.670	142.500	109.440	117.420	369.360	104.670		
104.680	189.600	169.850	119.290	478.740	104.680	144.600	112.200	117.000	373.800	104.680		
104.690	187.230	169.850	122.450	479.530	104.690	144.600	112.200	117.000	373.800	104.690		
104.700	184.860	169.850	119.290	474.000	104.700	147.000	114.600	120.000	381.600	104.700		
104.710	182.490	169.850	119.290	471.630	104.710	147.000	117.000	122.400	386.400	104.710		
104.720	179.330	169.850	116.920	466.100	104.720	147.000	117.000	124.800	388.800	104.720		
104.730	176.960	167.480	116.920	461.360	104.730	147.000	117.000	124.800	388.800	104.730		
104.740	174.590	167.480	114.550	456.620	104.740	147.000	120.000	127.200	394.200	104.740		
104.750	174.590	167.480	114.550	456.620	104.750	147.000	122.400	129.600	399.000	104.750		
104.760	172.220	167.480	112.180	451.880	104.760	147.000	120.000	129.600	396.600	104.760		
104.770	172.220	167.480	112.180	451.880	104.770	147.000	122.400	132.000	401.400	104.770		
104.780	167.480	164.320	112.180	443.980	104.780	147.000	124.800	135.000	406.800	104.780		
104.790	167.480	167.480	109.810	444.770	104.790	147.000	122.400	135.000	404.400	104.790		
104.800	164.820	164.820	109.880	439.520	104.800	150.000	124.800	137.400	412.200	104.800		
104.810	162.140	167.500	107.200	436.840	104.810	150.000	127.200	137.400	414.600	104.810		
104.820	162.140	164.820	107.200	434.160	104.820	150.000	127.200	139.800	417.000	104.820		
104.830	159.460	164.820	107.200	431.480	104.830	149.760	127.360	139.520	416.640	104.830		
104.840	157.450	164.820	104.520	426.790	104.840	149.760	129.920	142.080	421.760	104.840		
104.850	157.450	164.820	104.520	426.790	104.850	149.760	129.920	139.520	419.200	104.850		
104.860	157.450	167.500	101.840	426.790	104.860	152.320	129.920	142.080	424.320	104.860		
104.870	154.770	164.820	104.520	424.110	104.870	152.320	132.480	142.080	426.880	104.870		
104.880	154.770	164.820	101.840	421.430	104.880	154.880	132.480	142.080	429.440	104.880		
104.890	154.770	167.500	101.840	424.110	104.890	154.880	134.400	142.080	431.360	104.890		
104.900	152.090	167.500	101.840	421.430	104.900	154.880	134.400	142.080	431.360	104.900		
104.910	152.090	167.500	99.830	419.420	104.910	157.440	136.960	142.080	436.480	104.910		
104.920	149.410	167.500	97.150	414.060	104.920	157.440	136.960	142.080	436.480	104.920		
104.930	147.400	167.500	97.150	412.050	104.930	157.440	139.520	144.640	441.600	104.930		
104.940	147.400	167.500	97.150	412.050	104.940	157.440	139.520	144.640	441.600	104.940		
104.950	144.840	167.280	94.520	406.640	104.950	160.000	139.520	147.200	446.720	104.950		
104.960	144.840	167.280	97.240	409.360	104.960	160.000	139.520	147.200	446.720	104.960		
104.970	142.120	167.280	94.520	403.920	104.970	160.000	139.520	147.200	446.720	104.970		
104.980	142.120	167.280	92.480	401.880	104.980	159.800	142.120	146.880	448.800	104.980		
104.990	142.120	167.280	92.480	401.880	104.990	159.800	142.120	149.600	451.520	104.990		
105.000	139.400	167.280	92.480	399.160	105.000	159.800	142.120	149.600	451.520	105.000		
105.010	137.360	170.000	89.760	397.120	105.010	159.800	144.840	149.600	454.240	105.010		
105.020	137.360	167.280	89.760	394.400	105.020	161.840	144.840	149.600	456.280	105.020		
105.030	137.360	167.280	89.760	394.400	105.030	161.840	144.840	149.600	456.280	105.030		
105.040	134.640	170.000	89.760	394.400	105.040	161.840	146.880	152.320	461.040	105.040		
105.050	131.920	170.000	89.760	391.680	105.050	164.560	144.840	152.320	461.720	105.050		
105.060	131.920	170.000	87.040	388.960	105.060	164.560	146.880	152.320	463.760	105.060		
105.070	129.880	170.000	87.040	386.920	105.070	164.560	149.600	154.360	468.520	105.070		
105.080	127.160	170.000	87.040	384.200	105.080	167.280	146.880	152.320	466.480	105.080		
105.090	124.440	167.280	85.000	376.720	105.090	167.280	149.600	154.360	471.240	105.090		
105.100	124.620	167.500	84.420	376.540	105.100	167.280	149.600	154.360	471.240	105.100		
105.110	124.620	167.500	84.420	376.540	105.110	167.280	152.320	154.360	473.960	105.110		
105.120	121.940	167.500	84.420	373.860	105.120	170.000	152.320	154.360	476.680	105.120		
105.130	119.930	167.500	84.420	371.850	105.130	169.360	151.840	154.760	475.960	105.130		
105.140	117.250	167.500	82.410	367.160	105.140	169.360	154.760	154.760	478.880	105.140		
105.150	117.250	167.500	82.410	367.160	105.150	172.280	154.760	154.760	481.800	105.150		
105.160	114.570	164.820	82.410	361.800	105.160	172.280	156.950	154.760	483.990	105.160		
105.170	111.890	164.820	82.410	359.120	105.170	174.470	156.950	156.950	488.370	105.170		
105.180	111.890	164.820	79.730	356.440	105.180	174.470	159.870	156.950	491.290	105.180		
105.190	111.890	164.820	79.730	356.440	105.190	174.470	159.870	156.950	491.290	105.190		
105.200	111.890	162.140	79.730	353.760	105.200	174.470	159.870	159.870	494.210	105.200		
105.210	111.890	159.460	79.730	351.080	105.210	177.390	159.870	159.870	497.130	105.210		
105.220	111.890	159.460	79.730	351.080	105.220	177.390	162.060	159.870	499.320	105.220		
105.230	109.880	159.460	79.730	349.070	105.230	177.390	162.060	162.060	501.510	105.230		
105.240	109.880	159.460	79.730	349.070	105.240	179.580	162.060	162.060	503.700	105.240		
105.250	107.100	157.500	81.900	346.500	105.250	179.580	164.980	162.060	506.620	105.250		
105.260	107.100	157.500	81.900	346.500	105.260	179.580	164.980	162.060	506.620	105.260		
105.270	104.580	157.500	81.900	343.980	105.270	182.500	164.980	162.060	509.540	105.270		
105.280	102.060	157.500	81.900	341.460	105.280	182.250	167.250	162.000	511.500	105.280		
105.290	102.060	157.500	81.900	341.460	105.290	182.250	167.250	165.000	514.500	105.290		
105.300	99.540	157.500	81.900	338.940	105.300	182.250	167.250	165.000	514.500	105.300		
105.310	97.020	154.980	81.900	333.900	105.310	182.250	167.250	165.000	514.500	105.310		
105.320	94.500	154.980	79.380	328.860	105.320	180.000	167.250	167.250	514.500	105.320		
105.330	91.980	154.980	79.380	326.340	105.330	182.250	169.500	169.500	521.250	105.330		
105.340	91.980	152.460	77.490	321.930	105.340	182.250	167.250	167.250	516.750	105.340		
105.350	91.980	152.460	79.380	323.820	105.350	182.250	169.500	169.500	521.250	105.350		
105.360	89.460	152.460	77.490	319.410	105.360	182.250	169.500	172.500	524.250	105.360		
105.370	89.460	152.460	79.380	321.300	105.370	182.250	169.500	169.500	521.250	105.370		
105.380	86.940	152.460	77.490	316.890	105.380	184.500	172.500	172.500	529.500	105.380		
105.390	86.940	152.460	74.970	314.370	105.390	184.500	172.500	172.500	529.500	105.390		
105.400	84.420	152.460	77.490	314.370	105.400	184.500	172.500	169.500	526.500	105.400		
105.410	84.420	154.980	74.970	314.370	105.410	187.500	172.500	172.500	532.500	105.410		
105.420	81.900	152.460	77.490	311.850	105.420	187.500	174.750	172.500	534.750	105.420		
105.430	81.900	152.460	74.970	309.330	105.430	187.500	172.500	172.500	532.500	105.430		
105.440	81.900	154.980	77.490	314.370	105.440	187.500	174.750	172.500	534.750	105.440		
105.450	79.380	154.980	74.970	309.330	105.450	187.500	172.500	172.500	532.500	105.450		
105.460	79.380	154.980	72.450	306.810	105.460	184.500	174.750	174.750	534.000	105.460		
105.470	79.380	157.500	74.970	311.850	105.470	187.500	174.750	174.750	537.000	105.470		
105.480	79.380	157.500	72.450	309.330	105.480	184.500	174.750	174.750	534.000	105.480		
105.490	77.490	154.980	72.450	304.920	105.490	187.500	174.750	174.750	537.000	105.490		
105.500	77.490	157.500	74.970	309.960	105.500	184.500	174.750	177.000	536.250	105.500		
105.510	77.490	157.500	72.450	307.440	105.510	187.500	174.750	177.000	539.250	105.510		
105.520	77.490	157.500	72.450	307.440	105.520	187.500	174.750	177.000	539.250	105.520		
105.530	74.970	157.500	72.450	304.920	105.530	184.500	177.000	177.000	538.500	105.530		
105.540	74.970	157.500	72.450	304.920	105.540	187.500	177.000	180.000	544.500	105.540		
105.550	72.450	157.500	72.450	302.400	105.550	184.500	177.000	177.000	538.500	105.550		
105.560	69.930	157.500	69.930	297.360	105.560	187.500	177.000	177.000	541.500	105.560		
105.570	69.930	157.500	69.930	297.360	105.570	187.500	177.000	177.000	541.500	105.570		
105.580	67.410	157.500	69.930	294.840	105.580	189.840	179.760	177.240	546.840	105.580		
105.590	67.410	157.500	69.930	294.840	105.590	189.840	179.760	177.240	546.840	105.590		
105.600	67.410	157.500	69.930	294.840	105.600	189.840	179.760	174.720	544.320	105.600		
105.610	67.410	157.500	69.930	294.840	105.610	192.360	179.760	174.720	546.840	105.610		
105.620	64.890	157.500	72.450	294.840	105.620	192.360	182.280	172.200	546.840	105.620		
105.630	64.890	157.500	69.930	292.320	105.630	194.880	182.280	172.200	549.360	105.630		
105.640	64.890	154.980	72.450	292.320	105.640	197.400	182.280	172.200	551.880	105.640		
105.650	64.890	154.980	69.930	289.800	105.650	197.400	182.280	169.680	549.360	105.650		
105.660	64.890	157.500	69.930	292.320	105.660	199.920	182.280	167.160	549.360	105.660		
105.670	64.890	154.980	72.450	292.320	105.670	202.440	184.800	167.160	554.400	105.670		
105.680	62.370	157.500	74.970	294.840	105.680	204.960	184.800	164.640	554.400	105.680		
105.690					105.690	204.960	184.800	162.120	551.880	105.690		
105.700					105.700	207.480	187.320	162.120	556.920	105.700		
105.710					105.710	210.000	184.800	159.600	554.400	105.710		
