C:\Users\Public\Documents\Novel Studio\load_data\2025-12-17\loadapp_2025-12-17_16-54-02-654.load
Comment s21vh crashed 5
	PRY201-L::heel	PRY201-L::mid	PRY201-L::front	PRY201-L		PRY202-R::front	PRY202-R::mid	PRY202-R::heel	PRY202-R		Notes	
Time[secs]	Force[N]	Force[N]	Force[N]	Force[N]	Time[secs]	Force[N]	Force[N]	Force[N]	Force[N]	Time[secs]	
0.000	382.500	134.640	68.850	585.990	0.000	1.980	16.830	234.630	253.440	0.000		
0.010	382.500	131.580	67.320	581.400	0.010	0.000	16.830	236.610	253.440	0.010		
0.020	382.500	131.580	67.320	581.400	0.020	0.000	16.830	239.580	256.410	0.020		
0.030	382.500	131.580	64.260	578.340	0.030	0.000	16.830	241.560	258.390	0.030		
0.040	382.500	131.580	67.320	581.400	0.040	0.000	16.830	244.530	261.360	0.040		
0.050	379.440	128.520	67.320	575.280	0.050	0.000	16.830	244.530	261.360	0.050		
0.060	376.380	128.520	67.320	572.220	0.060	0.000	16.830	247.500	264.330	0.060		
0.070	376.380	128.520	67.320	572.220	0.070	0.000	16.830	247.500	264.330	0.070		
0.080	376.380	128.520	67.320	572.220	0.080	0.000	16.830	247.500	264.330	0.080		
0.090	374.850	128.520	67.320	570.690	0.090	0.000	14.850	247.500	262.350	0.090		
0.100	374.850	128.520	67.320	570.690	0.100	0.000	14.850	244.530	259.380	0.100		
0.110	375.000	129.000	67.500	571.500	0.110	0.000	16.830	244.530	261.360	0.110		
0.120	372.000	129.000	67.500	568.500	0.120	0.000	16.830	244.530	261.360	0.120		
0.130	372.000	129.000	67.500	568.500	0.130	0.000	14.850	247.500	262.350	0.130		
0.140	372.000	127.500	67.500	567.000	0.140	0.000	14.850	247.500	262.350	0.140		
0.150	369.000	127.500	67.500	564.000	0.150	0.000	16.480	249.260	265.740	0.150		
0.160	369.000	127.500	67.500	564.000	0.160	0.000	16.480	252.350	268.830	0.160		
0.170	369.000	127.500	67.500	564.000	0.170	0.000	19.570	252.350	271.920	0.170		
0.180	367.500	127.500	67.500	562.500	0.180	0.000	19.570	254.410	273.980	0.180		
0.190	367.500	127.500	67.500	562.500	0.190	0.000	19.570	254.410	273.980	0.190		
0.200	364.500	127.500	67.500	559.500	0.200	0.000	19.570	257.500	277.070	0.200		
0.210	361.500	124.500	67.500	553.500	0.210	0.000	19.570	257.500	277.070	0.210		
0.220	361.500	124.500	67.500	553.500	0.220	2.060	21.630	257.500	281.190	0.220		
0.230	357.000	124.500	69.000	550.500	0.230	0.000	24.720	257.500	282.220	0.230		
0.240	354.000	124.500	69.000	547.500	0.240	2.060	26.780	254.410	283.250	0.240		
0.250	352.500	124.500	69.000	546.000	0.250	0.000	29.870	254.410	284.280	0.250		
0.260	350.000	124.600	70.000	544.600	0.260	2.060	29.870	252.350	284.280	0.260		
0.270	347.200	124.600	70.000	541.800	0.270	4.120	31.930	249.260	285.310	0.270		
0.280	344.400	124.600	71.400	540.400	0.280	9.270	33.990	247.200	290.460	0.280		
0.290	338.800	127.400	71.400	537.600	0.290	12.360	37.080	244.110	293.550	0.290		
0.300	337.400	127.400	74.200	539.000	0.300	14.550	39.770	242.500	296.820	0.300		
0.310	331.800	127.400	74.200	533.400	0.310	17.460	39.770	239.590	296.820	0.310		
0.320	329.000	127.400	77.000	533.400	0.320	19.400	39.770	239.590	298.760	0.320		
0.330	324.800	127.400	77.000	529.200	0.330	19.400	41.710	236.680	297.790	0.330		
0.340	322.000	127.400	81.200	530.600	0.340	22.310	41.710	236.680	300.700	0.340		
0.350	316.400	128.800	79.800	525.000	0.350	22.310	44.620	234.740	301.670	0.350		
0.360	316.400	131.600	81.200	529.200	0.360	24.250	46.560	234.740	305.550	0.360		
0.370	315.000	128.800	84.000	527.800	0.370	27.160	46.560	231.830	305.550	0.370		
0.380	312.200	131.600	84.000	527.800	0.380	29.100	46.560	229.890	305.550	0.380		
0.390	306.600	131.600	86.800	525.000	0.390	29.100	46.560	229.890	305.550	0.390		
0.400	303.800	134.400	86.800	525.000	0.400	29.100	49.470	229.890	308.460	0.400		
0.410	304.200	133.900	89.700	527.800	0.410	29.100	49.470	226.980	305.550	0.410		
0.420	304.200	136.500	89.700	530.400	0.420	32.010	46.560	224.070	302.640	0.420		
0.430	304.200	139.100	92.300	535.600	0.430	29.100	46.560	224.070	299.730	0.430		
0.440	306.800	141.700	92.300	540.800	0.440	32.010	46.560	219.220	297.790	0.440		
0.450	309.400	144.300	94.900	548.600	0.450	31.820	44.720	215.000	291.540	0.450		
0.460	314.600	146.900	97.500	559.000	0.460	31.820	44.720	209.840	286.380	0.460		
0.470	317.200	149.500	98.800	565.500	0.470	31.820	42.140	204.680	278.640	0.470		
0.480	319.800	152.100	98.800	570.700	0.480	29.240	42.140	199.520	270.900	0.480		
0.490	322.400	154.700	101.400	578.500	0.490	29.240	39.560	194.360	263.160	0.490		
0.500	322.400	157.300	98.800	578.500	0.500	29.240	39.560	189.200	258.000	0.500		
0.510	322.400	157.300	101.400	581.100	0.510	29.240	39.560	187.480	256.280	0.510		
0.520	322.400	159.900	104.000	586.300	0.520	29.240	36.980	184.900	251.120	0.520		
0.530	325.000	159.900	104.000	588.900	0.530	29.240	36.980	182.320	248.540	0.530		
0.540	322.400	159.900	104.000	586.300	0.540	29.240	36.980	182.320	248.540	0.540		
0.550	322.400	159.900	104.000	586.300	0.550	29.240	36.980	179.740	245.960	0.550		
0.560	322.400	157.300	104.000	583.700	0.560	29.240	36.980	179.740	245.960	0.560		
0.570	325.000	157.300	104.000	586.300	0.570	29.240	36.980	182.320	248.540	0.570		
0.580	322.400	157.300	104.000	583.700	0.580	29.240	39.560	182.320	251.120	0.580		
0.590	322.400	154.700	101.400	578.500	0.590	29.240	39.560	182.320	251.120	0.590		
0.600	319.800	154.700	101.400	575.900	0.600	29.400	39.480	184.800	253.680	0.600		
0.610	317.200	154.700	101.400	573.300	0.610	29.400	42.000	187.320	258.720	0.610		
0.620	317.200	152.100	101.400	570.700	0.620	29.400	42.000	189.840	261.240	0.620		
0.630	314.600	152.100	101.400	568.100	0.630	31.920	44.520	192.360	268.800	0.630		
0.640	312.000	149.500	98.800	560.300	0.640	31.920	44.520	192.360	268.800	0.640		
0.650	309.400	149.500	98.800	557.700	0.650	31.920	47.040	194.880	273.840	0.650		
0.660	309.400	146.900	98.800	555.100	0.660	34.440	47.040	197.400	278.880	0.660		
0.670	306.800	146.900	98.800	552.500	0.670	34.440	47.040	199.920	281.400	0.670		
0.680	304.200	144.300	98.800	547.300	0.680	34.440	52.080	202.440	288.960	0.680		
0.690	301.600	144.300	98.800	544.700	0.690	36.960	52.080	202.440	291.480	0.690		
0.700	301.600	141.700	97.500	540.800	0.700	36.960	52.080	204.960	294.000	0.700		
0.710	300.000	141.600	97.200	538.800	0.710	36.960	54.600	204.960	296.520	0.710		
0.720	296.400	139.200	94.800	530.400	0.720	39.480	57.120	207.480	304.080	0.720		
0.730	294.000	136.800	97.200	528.000	0.730	42.000	59.640	210.000	311.640	0.730		
0.740	291.600	134.400	94.800	520.800	0.740	42.000	59.640	210.000	311.640	0.740		
0.750	289.200	134.400	94.800	518.400	0.750	44.720	61.920	212.420	319.060	0.750		
0.760	286.800	134.400	97.200	518.400	0.760	47.300	64.500	212.420	324.220	0.760		
0.770	284.400	132.000	94.800	511.200	0.770	49.880	64.500	212.420	326.800	0.770		
0.780	282.000	134.400	94.800	511.200	0.780	49.880	67.080	212.420	329.380	0.780		
0.790	279.600	132.000	94.800	506.400	0.790	52.460	69.660	215.000	337.120	0.790		
0.800	277.200	129.600	94.800	501.600	0.800	54.180	72.240	215.000	341.420	0.800		
0.810	274.800	129.600	94.800	499.200	0.810	56.760	77.400	215.000	349.160	0.810		
0.820	272.400	129.600	94.800	496.800	0.820	59.340	77.400	212.420	349.160	0.820		
0.830	270.000	129.600	94.800	494.400	0.830	59.340	77.400	212.420	349.160	0.830		
0.840	270.000	127.200	94.800	492.000	0.840	61.920	79.980	209.840	351.740	0.840		
0.850	270.000	129.600	97.200	496.800	0.850	64.500	79.980	209.840	354.320	0.850		
0.860	267.500	129.470	97.370	494.340	0.860	64.500	81.700	207.260	353.460	0.860		
0.870	267.500	131.610	97.370	496.480	0.870	64.500	81.700	204.680	350.880	0.870		
0.880	267.500	131.610	99.510	498.620	0.880	67.080	81.700	202.100	350.880	0.880		
0.890	267.500	131.610	97.370	496.480	0.890	69.660	81.700	196.940	348.300	0.890		
0.900	264.290	131.610	99.510	495.410	0.900	71.760	81.900	195.000	348.660	0.900		
0.910	264.290	131.610	99.510	495.410	0.910	69.420	84.240	195.000	348.660	0.910		
0.920	264.290	131.610	97.370	493.270	0.920	71.760	84.240	191.880	347.880	0.920		
0.930	262.150	131.610	99.510	493.270	0.930	74.880	84.240	191.880	351.000	0.930		
0.940	262.150	131.610	99.510	493.270	0.940	74.880	84.240	191.880	351.000	0.940		
0.950	262.150	131.610	97.370	491.130	0.950	74.880	87.360	191.880	354.120	0.950		
0.960	262.150	131.610	99.510	493.270	0.960	77.220	87.360	189.540	354.120	0.960		
0.970	262.150	129.470	97.370	488.990	0.970	77.220	89.700	191.880	358.800	0.970		
0.980	262.150	131.610	99.510	493.270	0.980	77.220	89.700	189.540	356.460	0.980		
0.990	258.940	129.470	97.370	485.780	0.990	77.220	89.700	189.540	356.460	0.990		
1.000	258.940	131.610	99.510	490.060	1.000	79.560	89.700	191.880	361.140	1.000		
1.010	260.000	132.080	99.840	491.920	1.010	79.560	89.700	189.540	358.800	1.010		
1.020	256.880	132.080	101.920	490.880	1.020	79.560	89.700	191.880	361.140	1.020		
1.030	254.800	130.000	99.840	484.640	1.030	79.560	92.040	191.880	363.480	1.030		
1.040	254.800	130.000	99.840	484.640	1.040	79.560	89.700	191.880	361.140	1.040		
1.050	254.800	130.000	99.840	484.640	1.050	79.380	92.340	191.970	363.690	1.050		
1.060	254.800	130.000	101.920	486.720	1.060	79.380	92.340	194.400	366.120	1.060		
1.070	251.680	130.000	99.840	481.520	1.070	79.380	92.340	196.830	368.550	1.070		
1.080	251.680	130.000	99.840	481.520	1.080	79.380	92.340	194.400	366.120	1.080		
1.090	249.600	126.880	99.840	476.320	1.090	79.380	92.340	196.830	368.550	1.090		
1.100	249.600	126.880	99.840	476.320	1.100	79.380	92.340	196.830	368.550	1.100		
1.110	249.600	126.880	96.720	473.200	1.110	79.380	94.770	199.260	373.410	1.110		
1.120	246.480	130.000	99.840	476.320	1.120	79.380	94.770	199.260	373.410	1.120		
1.130	244.400	126.880	99.840	471.120	1.130	81.810	94.770	202.500	379.080	1.130		
1.140	244.400	126.880	99.840	471.120	1.140	81.810	97.200	202.500	381.510	1.140		
1.150	242.320	124.800	99.840	466.960	1.150	81.810	97.200	199.260	378.270	1.150		
1.160	242.500	124.160	97.000	463.660	1.160	81.810	99.630	202.500	383.940	1.160		
1.170	239.590	124.160	99.910	463.660	1.170	84.240	99.630	202.500	386.370	1.170		
1.180	239.590	124.160	99.910	463.660	1.180	84.240	99.630	199.260	383.130	1.180		
1.190	239.590	122.220	97.000	458.810	1.190	87.480	102.060	202.500	392.040	1.190		
1.200	236.680	122.220	99.910	458.810	1.200	87.480	102.060	202.500	392.040	1.200		
1.210	236.680	122.220	97.000	455.900	1.210	87.480	102.060	199.260	388.800	1.210		
1.220	236.680	122.220	97.000	455.900	1.220	89.910	102.060	202.500	394.470	1.220		
1.230	236.680	122.220	99.910	458.810	1.230	89.910	104.490	202.500	396.900	1.230		
1.240	234.740	122.220	99.910	456.870	1.240	89.910	104.490	202.500	396.900	1.240		
1.250	234.740	122.220	97.000	453.960	1.250	89.910	104.490	199.260	393.660	1.250		
1.260	234.740	122.220	99.910	456.870	1.260	89.910	104.490	199.260	393.660	1.260		
1.270	231.830	122.220	99.910	453.960	1.270	92.340	104.490	199.260	396.090	1.270		
1.280	231.830	122.220	99.910	453.960	1.280	92.340	106.920	199.260	398.520	1.280		
1.290	229.890	122.220	97.000	449.110	1.290	94.770	106.920	196.830	398.520	1.290		
1.300	229.890	124.160	101.850	455.900	1.300	94.770	106.920	199.260	400.950	1.300		
1.310	230.000	122.360	99.360	451.720	1.310	94.770	109.350	196.830	400.950	1.310		
1.320	227.240	122.360	99.360	448.960	1.320	94.770	109.350	196.830	400.950	1.320		
1.330	227.240	122.360	99.360	448.960	1.330	94.770	109.350	196.830	400.950	1.330		
1.340	227.240	122.360	102.120	451.720	1.340	97.200	109.350	196.830	403.380	1.340		
1.350	224.480	119.600	99.360	443.440	1.350	97.200	109.350	199.260	405.810	1.350		
1.360	224.480	122.360	99.360	446.200	1.360	97.200	109.350	199.260	405.810	1.360		
1.370	224.480	119.600	99.360	443.440	1.370	94.770	109.350	199.260	403.380	1.370		
1.380	224.480	119.600	99.360	443.440	1.380	97.200	111.780	199.260	408.240	1.380		
1.390	224.480	119.600	99.360	443.440	1.390	97.200	111.780	202.500	411.480	1.390		
1.400	224.480	119.600	99.360	443.440	1.400	97.200	111.780	202.500	411.480	1.400		
1.410	224.480	119.600	99.360	443.440	1.410	97.200	111.780	202.500	411.480	1.410		
1.420	221.720	119.600	99.360	440.680	1.420	99.630	114.210	202.500	416.340	1.420		
1.430	221.720	119.600	99.360	440.680	1.430	99.630	114.210	202.500	416.340	1.430		
1.440	221.720	116.840	102.120	440.680	1.440	99.630	114.210	202.500	416.340	1.440		
1.450	219.880	119.600	99.360	438.840	1.450	99.630	114.210	199.260	413.100	1.450		
1.460	220.000	119.680	102.080	441.760	1.460	102.060	114.210	202.500	418.770	1.460		
1.470	220.000	117.040	99.440	436.480	1.470	102.060	117.450	199.260	418.770	1.470		
1.480	220.000	119.680	99.440	439.120	1.480	102.060	117.450	199.260	418.770	1.480		
1.490	220.000	117.040	99.440	436.480	1.490	104.490	119.880	199.260	423.630	1.490		
1.500	220.000	117.040	99.440	436.480	1.500	104.800	120.000	200.000	424.800	1.500		
1.510	217.360	117.040	99.440	433.840	1.510	104.800	120.000	196.800	421.600	1.510		
1.520	220.000	117.040	99.440	436.480	1.520	107.200	120.000	194.400	421.600	1.520		
1.530	217.360	114.400	99.440	431.200	1.530	109.600	122.400	194.400	426.400	1.530		
1.540	217.360	117.040	96.800	431.200	1.540	109.600	122.400	194.400	426.400	1.540		
1.550	217.360	114.400	99.440	431.200	1.550	109.600	122.400	192.000	424.000	1.550		
1.560	214.720	114.400	96.800	425.920	1.560	114.400	124.800	192.000	431.200	1.560		
1.570	214.720	114.400	96.800	425.920	1.570	114.400	124.800	189.600	428.800	1.570		
1.580	214.720	114.400	96.800	425.920	1.580	116.800	127.200	189.600	433.600	1.580		
1.590	214.720	114.400	96.800	425.920	1.590	116.800	127.200	187.200	431.200	1.590		
1.600	214.720	114.400	94.160	423.280	1.600	116.800	127.200	187.200	431.200	1.600		
1.610	215.000	114.380	97.180	426.560	1.610	120.000	127.200	189.600	436.800	1.610		
1.620	215.000	111.800	94.600	421.400	1.620	116.800	127.200	187.200	431.200	1.620		
1.630	215.000	111.800	97.180	423.980	1.630	120.000	129.600	187.200	436.800	1.630		
1.640	215.000	114.380	97.180	426.560	1.640	120.000	132.000	187.200	439.200	1.640		
1.650	212.420	114.380	94.600	421.400	1.650	119.340	131.820	187.200	438.360	1.650		
1.660	212.420	111.800	97.180	421.400	1.660	122.460	131.820	187.200	441.480	1.660		
1.670	212.420	111.800	97.180	421.400	1.670	122.460	134.940	187.200	444.600	1.670		
1.680	212.420	114.380	97.180	423.980	1.680	124.800	134.940	187.200	446.940	1.680		
1.690	209.840	111.800	97.180	418.820	1.690	124.800	134.940	189.540	449.280	1.690		
1.700	209.840	111.800	94.600	416.240	1.700	124.800	134.940	189.540	449.280	1.700		
1.710	207.260	111.800	97.180	416.240	1.710	124.800	134.940	189.540	449.280	1.710		
1.720	207.260	114.380	97.180	418.820	1.720	124.800	137.280	189.540	451.620	1.720		
1.730	207.260	114.380	97.180	418.820	1.730	124.800	134.940	191.880	451.620	1.730		
1.740	204.680	111.800	97.180	413.660	1.740	124.800	134.940	191.880	451.620	1.740		
1.750	204.680	114.380	97.180	416.240	1.750	122.460	134.940	191.880	449.280	1.750		
1.760	205.000	112.340	99.220	416.560	1.760	122.460	134.940	195.000	452.400	1.760		
1.770	201.720	112.340	99.220	413.280	1.770	119.340	134.940	195.000	449.280	1.770		
1.780	201.720	114.800	99.220	415.740	1.780	119.340	131.820	195.000	446.160	1.780		
1.790	201.720	114.800	99.220	415.740	1.790	122.460	131.820	195.000	449.280	1.790		
1.800	199.260	114.800	99.220	413.280	1.800	119.880	132.030	194.400	446.310	1.800		
1.810	196.800	114.800	102.500	414.100	1.810	119.880	132.030	194.400	446.310	1.810		
1.820	196.800	114.800	102.500	414.100	1.820	119.880	132.030	194.400	446.310	1.820		
1.830	194.340	117.260	104.960	416.560	1.830	119.880	129.600	194.400	443.880	1.830		
1.840	194.340	117.260	104.960	416.560	1.840	119.880	129.600	194.400	443.880	1.840		
1.850	191.880	117.260	104.960	414.100	1.850	119.880	129.600	194.400	443.880	1.850		
1.860	189.420	119.720	104.960	414.100	1.860	117.450	129.600	194.400	441.450	1.860		
1.870	191.880	119.720	107.420	419.020	1.870	119.880	129.600	196.830	446.310	1.870		
1.880	189.420	122.180	107.420	419.020	1.880	117.450	127.170	196.830	441.450	1.880		
1.890	189.420	122.180	109.880	421.480	1.890	114.210	127.170	196.830	438.210	1.890		
1.900	186.960	122.180	112.340	421.480	1.900	114.210	127.170	199.260	440.640	1.900		
1.910	187.500	127.500	112.500	427.500	1.910	111.780	127.170	199.260	438.210	1.910		
1.920	184.500	127.500	114.750	426.750	1.920	111.780	127.170	199.260	438.210	1.920		
1.930	184.500	127.500	117.000	429.000	1.930	111.780	127.170	199.260	438.210	1.930		
1.940	184.500	129.750	114.750	429.000	1.940	109.350	124.740	202.500	436.590	1.940		
1.950	184.500	129.750	120.000	434.250	1.950	111.780	124.740	202.500	439.020	1.950		
1.960	182.250	132.000	120.000	434.250	1.960	109.350	124.740	202.500	436.590	1.960		
1.970	180.000	132.000	120.000	432.000	1.970	106.920	124.740	199.260	430.920	1.970		
1.980	180.000	132.000	122.250	434.250	1.980	109.350	122.310	202.500	434.160	1.980		
1.990	177.000	135.000	124.500	436.500	1.990	109.350	122.310	202.500	434.160	1.990		
2.000	177.000	135.000	124.500	436.500	2.000	109.350	122.310	202.500	434.160	2.000		
2.010	177.000	135.000	127.500	439.500	2.010	106.920	122.310	199.260	428.490	2.010		
2.020	177.000	137.250	129.750	444.000	2.020	106.920	119.880	199.260	426.060	2.020		
2.030	174.750	139.500	129.750	444.000	2.030	106.920	122.310	199.260	428.490	2.030		
2.040	174.750	139.500	129.750	444.000	2.040	106.920	119.880	199.260	426.060	2.040		
2.050	172.500	142.500	135.000	450.000	2.050	106.920	119.880	196.830	423.630	2.050		
2.060	172.500	142.140	134.550	449.190	2.060	106.920	119.880	196.830	423.630	2.060		
2.070	172.500	142.140	134.550	449.190	2.070	104.490	119.880	196.830	421.200	2.070		
2.080	169.740	142.140	137.310	449.190	2.080	106.920	117.450	196.830	421.200	2.080		
2.090	166.980	144.900	137.310	449.190	2.090	106.920	117.450	196.830	421.200	2.090		
2.100	166.980	144.900	139.380	451.260	2.100	107.440	116.920	194.340	418.700	2.100		
2.110	166.980	144.900	139.380	451.260	2.110	104.280	116.920	197.500	418.700	2.110		
2.120	164.910	146.970	142.140	454.020	2.120	104.280	116.920	194.340	415.540	2.120		
2.130	164.910	146.970	142.140	454.020	2.130	104.280	116.920	197.500	418.700	2.130		
2.140	162.150	146.970	144.900	454.020	2.140	107.440	116.920	194.340	418.700	2.140		
2.150	162.150	146.970	142.140	451.260	2.150	107.440	116.920	194.340	418.700	2.150		
2.160	159.390	146.970	146.970	453.330	2.160	104.280	116.920	194.340	415.540	2.160		
2.170	159.390	146.970	146.970	453.330	2.170	107.440	116.920	191.970	416.330	2.170		
2.180	159.390	146.970	146.970	453.330	2.180	107.440	116.920	194.340	418.700	2.180		
2.190	159.390	146.970	146.970	453.330	2.190	107.440	116.920	191.970	416.330	2.190		
2.200	159.390	146.970	144.900	451.260	2.200	107.440	116.920	191.970	416.330	2.200		
2.210	160.000	147.200	147.200	454.400	2.210	107.440	116.920	191.970	416.330	2.210		
2.220	160.000	147.200	149.760	456.960	2.220	109.810	116.920	191.970	418.700	2.220		
2.230	157.440	149.760	149.760	456.960	2.230	109.810	119.290	191.970	421.070	2.230		
2.240	157.440	149.760	149.760	456.960	2.240	107.440	119.290	189.600	416.330	2.240		
2.250	157.440	147.200	149.760	454.400	2.250	109.340	119.350	192.500	421.190	2.250		
2.260	157.440	149.760	149.760	456.960	2.260	109.340	119.350	192.500	421.190	2.260		
2.270	157.440	147.200	149.760	454.400	2.270	109.340	119.350	189.420	418.110	2.270		
2.280	154.880	147.200	149.760	451.840	2.280	109.340	119.350	189.420	418.110	2.280		
2.290	157.440	147.200	149.760	454.400	2.290	109.340	119.350	189.420	418.110	2.290		
2.300	154.880	147.200	147.200	449.280	2.300	112.420	122.430	187.110	421.960	2.300		
2.310	154.880	147.200	152.320	454.400	2.310	112.420	122.430	187.110	421.960	2.310		
2.320	154.880	147.200	152.320	454.400	2.320	114.730	122.430	187.110	424.270	2.320		
2.330	154.880	147.200	149.760	451.840	2.330	114.730	124.740	187.110	426.580	2.330		
2.340	154.880	147.200	149.760	451.840	2.340	117.040	124.740	184.800	426.580	2.340		
2.350	152.320	147.200	149.760	449.280	2.350	117.040	124.740	184.800	426.580	2.350		
2.360	152.500	147.010	149.450	448.960	2.360	117.040	124.740	184.800	426.580	2.360		
2.370	152.500	147.010	149.450	448.960	2.370	117.040	124.740	182.490	424.270	2.370		
2.380	152.500	147.010	147.010	446.520	2.380	119.350	124.740	182.490	426.580	2.380		
2.390	152.500	147.010	149.450	448.960	2.390	117.040	127.050	182.490	426.580	2.390		
2.400	149.450	147.010	149.450	445.910	2.400	119.520	127.440	180.000	426.960	2.400		
2.410	149.450	144.570	149.450	443.470	2.410	122.400	127.440	180.000	429.840	2.410		
2.420	149.450	144.570	149.450	443.470	2.420	122.400	127.440	177.120	426.960	2.420		
2.430	152.500	144.570	149.450	446.520	2.430	122.400	129.600	177.120	429.120	2.430		
2.440	152.500	144.570	147.010	444.080	2.440	124.560	129.600	177.120	431.280	2.440		
2.450	152.500	142.130	147.010	441.640	2.450	127.440	129.600	174.960	432.000	2.450		
2.460	152.500	142.130	147.010	441.640	2.460	127.440	129.600	174.960	432.000	2.460		
2.470	152.500	144.570	147.010	444.080	2.470	127.440	132.480	174.960	434.880	2.470		
2.480	149.450	142.130	147.010	438.590	2.480	129.600	132.480	172.080	434.160	2.480		
2.490	149.450	142.130	147.010	438.590	2.490	129.600	132.480	172.080	434.160	2.490		
2.500	152.500	142.130	147.010	441.640	2.500	129.600	132.480	172.080	434.160	2.500		
2.510	151.900	139.500	144.460	435.860	2.510	132.480	132.480	172.080	437.040	2.510		
2.520	151.900	141.980	146.940	440.820	2.520	132.480	132.480	172.080	437.040	2.520		
2.530	151.900	139.500	144.460	435.860	2.530	132.480	134.640	169.920	437.040	2.530		
2.540	151.900	139.500	141.980	433.380	2.540	134.640	134.640	169.920	439.200	2.540		
2.550	151.900	137.020	141.980	430.900	2.550	134.550	134.550	169.740	438.840	2.550		
2.560	155.000	139.500	141.980	436.480	2.560	134.550	134.550	169.740	438.840	2.560		
2.570	151.900	139.500	141.980	433.380	2.570	134.550	134.550	172.500	441.600	2.570		
2.580	155.000	139.500	141.980	436.480	2.580	137.310	137.310	172.500	447.120	2.580		
2.590	155.000	139.500	141.980	436.480	2.590	137.310	137.310	169.740	444.360	2.590		
2.600	155.000	137.020	139.500	431.520	2.600	137.310	137.310	169.740	444.360	2.600		
2.610	155.000	137.020	139.500	431.520	2.610	137.310	139.380	169.740	446.430	2.610		
2.620	155.000	137.020	139.500	431.520	2.620	137.310	139.380	169.740	446.430	2.620		
2.630	155.000	137.020	139.500	431.520	2.630	137.310	137.310	169.740	444.360	2.630		
2.640	155.000	134.540	137.020	426.560	2.640	137.310	137.310	169.740	444.360	2.640		
2.650	155.000	134.540	139.500	429.040	2.650	139.380	137.310	169.740	446.430	2.650		
2.660	154.980	134.820	137.340	427.140	2.660	139.380	139.380	169.740	448.500	2.660		
2.670	154.980	134.820	137.340	427.140	2.670	139.380	139.380	169.740	448.500	2.670		
2.680	157.500	134.820	137.340	429.660	2.680	142.140	139.380	169.740	451.260	2.680		
2.690	154.980	134.820	137.340	427.140	2.690	142.140	142.140	169.740	454.020	2.690		
2.700	154.980	134.820	137.340	427.140	2.700	142.140	139.380	169.740	451.260	2.700		
2.710	154.980	134.820	137.340	427.140	2.710	142.140	139.380	169.740	451.260	2.710		
2.720	154.980	134.820	137.340	427.140	2.720	142.140	139.380	169.740	451.260	2.720		
2.730	152.460	132.300	137.340	422.100	2.730	142.140	142.140	169.740	454.020	2.730		
2.740	152.460	134.820	137.340	424.620	2.740	142.140	142.140	169.740	454.020	2.740		
2.750	152.460	132.300	137.340	422.100	2.750	142.140	142.140	169.740	454.020	2.750		
2.760	152.460	132.300	137.340	422.100	2.760	144.900	142.140	169.740	456.780	2.760		
2.770	152.460	134.820	137.340	424.620	2.770	144.900	142.140	169.740	456.780	2.770		
2.780	152.460	132.300	134.820	419.580	2.780	144.900	142.140	169.740	456.780	2.780		
2.790	154.980	132.300	137.340	424.620	2.790	142.140	142.140	166.980	451.260	2.790		
2.800	154.980	132.300	134.820	422.100	2.800	144.900	142.140	169.740	456.780	2.800		
2.810	154.760	132.130	134.320	421.210	2.810	142.140	142.140	169.740	454.020	2.810		
2.820	154.760	132.130	134.320	421.210	2.820	142.140	142.140	169.740	454.020	2.820		
2.830	156.950	132.130	132.130	421.210	2.830	142.140	142.140	169.740	454.020	2.830		
2.840	156.950	129.940	132.130	419.020	2.840	142.140	139.380	172.500	454.020	2.840		
2.850	159.870	127.020	129.940	416.830	2.850	141.930	141.930	171.810	455.670	2.850		
2.860	159.870	124.830	127.020	411.720	2.860	141.930	144.420	174.300	460.650	2.860		
2.870	162.060	121.910	124.830	408.800	2.870	141.930	141.930	176.790	460.650	2.870		
2.880	164.980	119.720	119.720	404.420	2.880	141.930	144.420	179.280	465.630	2.880		
2.890	167.170	114.610	114.610	396.390	2.890	144.420	146.910	184.260	475.590	2.890		
2.900	169.360	112.420	109.500	391.280	2.900	141.930	146.910	186.750	475.590	2.900		
2.910	172.280	107.310	104.390	383.980	2.910	144.420	149.400	191.730	485.550	2.910		
2.920	177.390	104.390	99.280	381.060	2.920	144.420	151.890	194.220	490.530	2.920		
2.930	179.580	102.200	94.900	376.680	2.930	144.420	154.380	199.200	498.000	2.930		
2.940	182.500	97.090	89.790	369.380	2.940	146.910	154.380	201.690	502.980	2.940		
2.950	182.500	94.900	86.870	364.270	2.950	146.910	159.360	204.180	510.450	2.950		
2.960	182.040	89.540	84.360	355.940	2.960	149.400	161.850	204.180	515.430	2.960		
2.970	185.000	87.320	79.920	352.240	2.970	154.380	166.830	207.500	528.710	2.970		
2.980	182.040	82.140	74.740	338.920	2.980	159.360	171.810	207.500	538.670	2.980		
2.990	182.040	79.920	71.780	333.740	2.990	161.850	174.300	204.180	540.330	2.990		
3.000	179.820	76.960	69.560	326.340	3.000	167.320	176.720	202.100	546.140	3.000		
3.010	174.640	71.780	67.340	313.760	3.010	169.200	179.540	202.100	550.840	3.010		
3.020	172.420	71.780	64.380	308.580	3.020	172.020	182.360	199.280	553.660	3.020		
3.030	172.420	67.340	64.380	304.140	3.030	174.840	182.360	197.400	554.600	3.030		
3.040	169.460	64.380	62.160	296.000	3.040	176.720	182.360	197.400	556.480	3.040		
3.050	169.460	64.380	62.160	296.000	3.050	179.540	182.360	191.760	553.660	3.050		
3.060	169.460	64.380	56.980	290.820	3.060	182.360	182.360	189.880	554.600	3.060		
3.070	167.240	62.160	56.980	286.380	3.070	187.060	184.240	184.240	555.540	3.070		
3.080	169.460	62.160	56.980	288.600	3.080	191.760	184.240	179.540	555.540	3.080		
3.090	169.460	59.940	54.760	284.160	3.090	197.400	184.240	172.020	553.660	3.090		
3.100	172.420	59.940	51.800	284.160	3.100	202.100	187.060	164.500	553.660	3.100		
3.110	174.200	58.960	52.260	285.420	3.110	209.620	187.060	154.160	550.840	3.110		
3.120	179.560	58.960	52.260	290.780	3.120	219.960	184.240	144.760	548.960	3.120		
3.130	184.920	58.960	52.260	296.140	3.130	227.480	182.360	131.600	541.440	3.130		
3.140	188.940	61.640	52.260	302.840	3.140	235.000	179.540	119.380	533.920	3.140		
3.150	196.980	64.320	52.260	313.560	3.150	243.810	174.150	101.910	519.870	3.150		
3.160	203.680	64.320	52.260	320.260	3.160	254.130	166.410	86.430	506.970	3.160		
3.170	214.400	69.680	52.260	336.340	3.170	267.030	159.960	72.240	499.230	3.170		
3.180	226.460	72.360	49.580	348.400	3.180	279.930	149.640	59.340	488.910	3.180		
3.190	239.860	73.700	52.260	365.820	3.190	291.540	134.160	46.440	472.140	3.190		
3.200	251.920	79.060	52.260	383.240	3.200	304.440	119.970	39.990	464.400	3.200		
3.210	266.660	81.740	52.260	400.660	3.210	314.760	104.490	34.830	454.080	3.210		
3.220	284.080	89.780	49.580	423.440	3.220	319.920	91.590	29.670	441.180	3.220		
3.230	298.820	92.460	52.260	443.540	3.230	322.500	79.980	21.930	424.410	3.230		
3.240	316.240	96.480	52.260	464.980	3.240	317.340	67.080	14.190	398.610	3.240		
3.250	335.000	104.520	52.260	491.780	3.250	307.020	56.760	6.450	370.230	3.250		
3.260	352.980	111.000	53.280	517.260	3.260	291.540	49.020	1.290	341.850	3.260		
3.270	372.960	122.100	55.500	550.560	3.270	269.610	41.280	0.000	310.890	3.270		
3.280	397.380	128.760	55.500	581.640	3.280	243.810	34.830	0.000	278.640	3.280		
3.290	419.580	139.860	59.940	619.380	3.290	214.140	29.670	0.000	243.810	3.290		
3.300	441.780	148.740	59.940	650.460	3.300	177.500	19.880	0.000	197.380	3.300		
3.310	463.980	155.400	62.160	681.540	3.310	132.060	14.910	0.000	146.970	3.310		
3.320	483.960	166.500	64.380	714.840	3.320	94.430	7.100	0.000	101.530	3.320		
3.330	501.720	173.160	62.160	737.040	3.330	59.640	4.970	0.000	64.610	3.330		
3.340	521.700	182.040	64.380	768.120	3.340	29.820	2.130	0.000	31.950	3.340		
3.350	532.800	188.700	66.600	788.100	3.350	2.130	0.000	4.970	7.100	3.350		
3.360	543.900	193.140	68.820	805.860	3.360	0.000	0.000	4.970	4.970	3.360		
3.370	550.560	195.360	66.600	812.520	3.370	0.000	0.000	4.970	4.970	3.370		
3.380	555.000	199.800	71.040	825.840	3.380	0.000	0.000	2.130	2.130	3.380		
3.390	555.000	202.020	71.040	828.060	3.390	0.000	0.000	2.130	2.130	3.390		
3.400	548.340	199.800	73.260	821.400	3.400	0.000	0.000	2.130	2.130	3.400		
3.410	545.000	198.380	74.120	817.500	3.410	0.000	0.000	2.130	2.130	3.410		
3.420	536.280	196.200	74.120	806.600	3.420	0.000	0.000	4.970	4.970	3.420		
3.430	531.920	194.020	76.300	802.240	3.430	0.000	0.000	4.970	4.970	3.430		
3.440	523.200	194.020	78.480	795.700	3.440	0.000	0.000	4.970	4.970	3.440		
3.450	521.020	191.840	76.300	789.160	3.450	0.000	0.000	4.970	4.970	3.450		
3.460	518.840	191.840	76.300	786.980	3.460	0.000	0.000	7.490	7.490	3.460		
3.470	518.840	191.840	78.480	789.160	3.470	0.000	0.000	7.490	7.490	3.470		
3.480	518.840	194.020	80.660	793.520	3.480	0.000	0.000	7.490	7.490	3.480		
3.490	518.840	196.200	80.660	795.700	3.490	0.000	0.000	7.490	7.490	3.490		
3.500	516.660	196.200	82.840	795.700	3.500	0.000	0.000	9.940	9.940	3.500		
3.510	514.480	196.200	87.200	797.880	3.510	0.000	0.000	9.940	9.940	3.510		
3.520	512.300	196.200	82.840	791.340	3.520	0.000	0.000	9.940	9.940	3.520		
3.530	505.760	196.200	87.200	789.160	3.530	0.000	0.000	12.460	12.460	3.530		
3.540	499.220	196.200	89.380	784.800	3.540	0.000	0.000	12.460	12.460	3.540		
3.550	490.500	196.200	89.380	776.080	3.550	0.000	0.000	14.980	14.980	3.550		
3.560	485.000	195.940	91.180	772.120	3.560	0.000	0.000	14.980	14.980	3.560		
3.570	477.240	195.940	93.120	766.300	3.570	0.000	0.000	14.980	14.980	3.570		
3.580	471.420	195.940	93.120	760.480	3.580	0.000	0.000	17.500	17.500	3.580		
3.590	463.660	195.940	93.120	752.720	3.590	0.000	0.000	17.500	17.500	3.590		
3.600	459.780	194.000	97.000	750.780	3.600	0.000	0.000	19.920	19.920	3.600		
3.610	453.960	194.000	98.940	746.900	3.610	0.000	0.000	19.920	19.920	3.610		
3.620	452.020	195.940	100.880	748.840	3.620	0.000	0.000	22.440	22.440	3.620		
3.630	446.200	195.940	100.880	743.020	3.630	0.000	0.000	22.440	22.440	3.630		
3.640	444.260	199.820	100.880	744.960	3.640	0.000	0.000	22.440	22.440	3.640		
3.650	442.320	199.820	106.700	748.840	3.650	0.000	0.000	24.960	24.960	3.650		
3.660	438.440	201.760	108.640	748.840	3.660	0.000	0.000	24.960	24.960	3.660		
3.670	436.500	199.820	108.640	744.960	3.670	0.000	0.000	27.480	27.480	3.670		
3.680	434.560	201.760	110.580	746.900	3.680	0.000	0.000	24.960	24.960	3.680		
3.690	430.680	201.760	110.580	743.020	3.690	0.000	0.000	27.480	27.480	3.690		
3.700	428.740	203.700	114.460	746.900	3.700	0.000	0.000	27.480	27.480	3.700		
3.710	430.000	204.680	113.520	748.200	3.710	0.000	0.000	27.480	27.480	3.710		
3.720	424.840	206.400	116.960	748.200	3.720	0.000	0.000	30.000	30.000	3.720		
3.730	424.840	206.400	118.680	749.920	3.730	0.000	0.000	30.000	30.000	3.730		
3.740	421.400	209.840	122.120	753.360	3.740	0.000	0.000	30.000	30.000	3.740		
3.750	419.680	209.840	123.840	753.360	3.750	0.000	0.000	29.120	29.120	3.750		
3.760	416.240	211.560	123.840	751.640	3.760	0.000	0.000	31.200	31.200	3.760		
3.770	414.520	215.000	127.280	756.800	3.770	0.000	0.000	31.200	31.200	3.770		
3.780	414.520	215.000	127.280	756.800	3.780	0.000	0.000	31.200	31.200	3.780		
3.790	411.080	216.720	129.000	756.800	3.790	0.000	0.000	31.200	31.200	3.790		
3.800	409.360	216.720	129.000	755.080	3.800	0.000	0.000	31.200	31.200	3.800		
3.810	409.360	218.440	129.000	756.800	3.810	0.000	2.080	29.120	31.200	3.810		
3.820	409.360	221.880	134.160	765.400	3.820	0.000	0.000	27.040	27.040	3.820		
3.830	411.080	227.040	134.160	772.280	3.830	0.000	0.000	20.800	20.800	3.830		
3.840	411.080	232.200	135.880	779.160	3.840	0.000	0.000	14.560	14.560	3.840		
3.850	404.200	228.760	135.880	768.840	3.850	64.480	131.040	503.360	698.880	3.850		
3.860	382.500	218.790	134.640	735.930	3.860	18.720	93.600	520.000	632.320	3.860		
3.870	348.840	201.960	128.520	679.320	3.870	4.160	54.080	343.200	401.440	3.870		
3.880	327.420	189.720	126.990	644.130	3.880	24.960	81.120	339.040	445.120	3.880		
3.890	301.410	179.010	126.990	607.410	3.890	45.760	91.520	303.680	440.960	3.890		
3.900	276.930	169.830	123.930	570.690	3.900	64.640	81.810	214.120	360.570	3.900		
3.910	249.390	156.060	123.930	529.380	3.910	76.760	76.760	169.680	323.200	3.910		
3.920	221.850	143.820	122.400	488.070	3.920	86.860	79.790	154.530	321.180	3.920		
3.930	197.370	134.640	122.400	454.410	3.930	96.960	84.840	144.430	326.230	3.930		
3.940	177.480	126.990	119.340	423.810	3.940	104.030	89.890	137.360	331.280	3.940		
3.950	159.120	116.280	116.280	391.680	3.950	109.080	94.940	139.380	343.400	3.950		
3.960	143.820	111.690	116.280	371.790	3.960	114.130	99.990	139.380	353.500	3.960		
3.970	134.640	104.040	111.690	350.370	3.970	117.160	102.010	137.360	356.530	3.970		
3.980	126.990	99.450	111.690	338.130	3.980	122.210	107.060	139.380	368.650	3.980		
3.990	119.340	94.860	107.100	321.300	3.990	122.210	109.080	144.430	375.720	3.990		
4.000	114.750	88.740	99.450	302.940	4.000	122.210	117.160	159.580	398.950	4.000		
4.010	114.680	84.600	94.940	294.220	4.010	124.230	124.230	179.780	428.240	4.010		
4.020	114.680	79.900	87.420	282.000	4.020	122.210	134.330	202.000	458.540	4.020		
4.030	117.500	77.080	84.600	279.180	4.030	122.210	144.430	227.250	493.890	4.030		
4.040	114.680	74.730	79.900	269.310	4.040	119.180	149.480	252.500	521.160	4.040		
4.050	112.330	69.560	72.380	254.270	4.050	118.990	159.740	273.840	552.570	4.050		
4.060	104.810	64.860	67.210	236.880	4.060	122.250	166.260	293.400	581.910	4.060		
4.070	94.940	57.340	59.690	211.970	4.070	123.880	176.040	309.700	609.620	4.070		
4.080	79.900	52.170	54.990	187.060	4.080	132.030	189.080	321.110	642.220	4.080		
4.090	62.040	42.300	49.820	154.160	4.090	141.810	202.120	330.890	674.820	4.090		
4.100	42.300	32.430	44.650	119.380	4.100	151.590	218.420	343.930	713.940	4.100		
4.110	29.610	22.090	39.950	91.650	4.110	164.630	236.350	356.970	757.950	4.110		
4.120	22.090	14.570	34.780	71.440	4.120	174.410	254.280	374.900	803.590	4.120		
4.130	17.390	7.050	29.610	54.050	4.130	187.450	273.840	386.310	847.600	4.130		
4.140	14.570	4.700	17.390	36.660	4.140	198.860	293.400	400.980	893.240	4.140		
4.150	12.220	2.350	9.870	24.440	4.150	211.900	311.330	407.500	930.730	4.150		
4.160	12.500	0.000	2.500	15.000	4.160	226.570	326.000	400.980	953.550	4.160		
4.170	10.000	0.000	0.000	10.000	4.170	239.610	339.040	394.460	973.110	4.170		
4.180	7.500	0.000	0.000	7.500	4.180	251.020	348.820	376.530	976.370	4.180		
4.190	7.500	0.000	0.000	7.500	4.190	264.060	353.710	353.710	971.480	4.190		
4.200	7.500	0.000	0.000	7.500	4.200	278.740	362.000	325.800	966.540	4.200		
4.210	7.500	0.000	0.000	7.500	4.210	293.220	367.430	302.270	962.920	4.210		
4.220	7.500	0.000	0.000	7.500	4.220	309.510	371.050	271.500	952.060	4.220		
4.230	7.500	0.000	0.000	7.500	4.230	323.990	374.670	240.730	939.390	4.230		
4.240	7.500	0.000	0.000	7.500	4.240	338.470	374.670	209.960	923.100	4.240		
4.250	7.500	0.000	0.000	7.500	4.250	354.760	374.670	179.190	908.620	4.250		
4.260	7.500	0.000	0.000	7.500	4.260	371.050	369.240	152.040	892.330	4.260		
4.270	5.000	0.000	0.000	5.000	4.270	381.910	363.810	124.890	870.610	4.270		
4.280	2.500	0.000	0.000	2.500	4.280	398.200	358.380	101.360	857.940	4.280		
4.290	2.500	0.000	0.000	2.500	4.290	409.060	351.140	83.260	843.460	4.290		
4.300	2.500	0.000	0.000	2.500	4.300	419.920	343.900	68.780	832.600	4.300		
4.310	0.000	0.000	2.500	2.500	4.310	428.970	338.470	56.110	823.550	4.310		
4.320	0.000	0.000	0.000	0.000	4.320	436.210	331.230	47.060	814.500	4.320		
4.330	0.000	0.000	2.500	2.500	4.330	443.450	323.990	36.200	803.640	4.330		
4.340	0.000	0.000	0.000	0.000	4.340	452.500	316.750	28.960	798.210	4.340		
4.350	0.000	0.000	0.000	0.000	4.350	461.280	305.040	19.840	786.160	4.350		
4.360	0.000	0.000	0.000	0.000	4.360	468.720	295.120	9.920	773.760	4.360		
4.370	0.000	0.000	0.000	0.000	4.370	476.160	287.680	2.480	766.320	4.370		
4.380	0.000	0.000	0.000	0.000	4.380	483.600	277.760	0.000	761.360	4.380		
4.390	0.000	0.000	0.000	0.000	4.390	491.040	270.320	0.000	761.360	4.390		
4.400	0.000	0.000	0.000	0.000	4.400	498.480	260.400	0.000	758.880	4.400		
4.410	0.000	0.000	0.000	0.000	4.410	508.400	248.000	0.000	756.400	4.410		
4.420	0.000	0.000	0.000	0.000	4.420	518.320	238.080	0.000	756.400	4.420		
4.430	0.000	0.000	0.000	0.000	4.430	528.240	228.160	0.000	756.400	4.430		
4.440	0.000	0.000	0.000	0.000	4.440	540.640	218.240	0.000	758.880	4.440		
4.450	0.000	0.000	0.000	0.000	4.450	553.040	205.840	0.000	758.880	4.450		
4.460	0.000	0.000	0.000	0.000	4.460	567.920	195.920	0.000	763.840	4.460		
4.470	0.000	0.000	0.000	0.000	4.470	582.800	190.960	0.000	773.760	4.470		
4.480	0.000	0.000	0.000	0.000	4.480	600.160	183.520	0.000	783.680	4.480		
4.490	0.000	0.000	0.000	0.000	4.490	620.000	178.560	0.000	798.560	4.490		
4.500	0.000	0.000	0.000	0.000	4.500	639.030	171.360	0.000	810.390	4.500		
4.510	0.000	0.000	0.000	0.000	4.510	656.880	164.220	0.000	821.100	4.510		
4.520	2.500	0.000	0.000	2.500	4.520	674.730	160.650	0.000	835.380	4.520		
4.530	2.500	0.000	2.500	5.000	4.530	696.150	157.080	0.000	853.230	4.530		
4.540	2.500	0.000	2.500	5.000	4.540	717.570	153.510	0.000	871.080	4.540		
4.550	5.000	0.000	2.500	7.500	4.550	738.990	149.940	0.000	888.930	4.550		
4.560	2.500	0.000	2.500	5.000	4.560	760.410	142.800	0.000	903.210	4.560		
4.570	2.500	0.000	2.500	5.000	4.570	781.830	139.230	0.000	921.060	4.570		
4.580	2.500	0.000	2.500	5.000	4.580	799.680	135.660	0.000	935.340	4.580		
4.590	2.500	0.000	2.500	5.000	4.590	821.100	132.090	0.000	953.190	4.590		
4.600	2.500	0.000	2.500	5.000	4.600	838.950	124.950	0.000	963.900	4.600		
4.610	6.900	0.000	0.000	6.900	4.610	856.800	124.950	0.000	981.750	4.610		
4.620	28.980	0.000	4.140	33.120	4.620	871.080	117.810	0.000	988.890	4.620		
4.630	53.820	0.000	1.380	55.200	4.630	881.790	110.670	0.000	992.460	4.630		
4.640	78.660	0.000	0.000	78.660	4.640	892.500	103.530	0.000	996.030	4.640		
4.650	109.020	1.380	0.000	110.400	4.650	897.760	94.120	0.000	991.880	4.650		
4.660	144.900	4.140	0.000	149.040	4.660	905.000	86.880	0.000	991.880	4.660		
4.670	179.400	9.660	0.000	189.060	4.670	901.380	76.020	0.000	977.400	4.670		
4.680	216.660	19.320	4.140	240.120	4.680	894.140	65.160	0.000	959.300	4.680		
4.690	249.780	37.260	12.420	299.460	4.690	879.660	54.300	0.000	933.960	4.690		
4.700	269.100	52.440	22.080	343.620	4.700	861.560	47.060	0.000	908.620	4.700		
4.710	278.760	62.100	28.980	369.840	4.710	828.980	36.200	0.000	865.180	4.710		
4.720	287.040	71.760	37.260	396.060	4.720	781.920	25.340	0.000	807.260	4.720		
4.730	299.460	84.180	46.920	430.560	4.730	716.760	14.480	0.000	731.240	4.730		
4.740	317.400	96.600	56.580	470.580	4.740	637.120	7.240	0.000	644.360	4.740		
4.750	345.000	114.540	66.240	525.780	4.750	546.620	0.000	0.000	546.620	4.750		
4.760	379.610	131.950	77.140	588.700	4.760	441.640	0.000	0.000	441.640	4.760		
4.770	408.030	148.190	81.200	637.420	4.770	329.420	0.000	0.000	329.420	4.770		
4.780	440.510	164.430	87.290	692.230	4.780	231.680	0.000	0.000	231.680	4.780		
4.790	468.930	184.730	93.380	747.040	4.790	155.660	0.000	0.000	155.660	4.790		
4.800	489.230	198.940	97.440	785.610	4.800	87.500	0.000	0.000	87.500	4.800		
4.810	501.410	213.150	103.530	818.090	4.810	35.000	0.000	0.000	35.000	4.810		
4.820	507.500	221.270	105.560	834.330	4.820	9.800	0.000	0.000	9.800	4.820		
4.830	507.500	231.420	111.650	850.570	4.830	4.900	0.000	0.000	4.900	4.830		
4.840	499.380	241.570	119.770	860.720	4.840	2.450	0.000	0.000	2.450	4.840		
4.850	487.200	249.690	129.920	866.810	4.850	0.000	0.000	0.000	0.000	4.850		
4.860	466.900	255.780	136.010	858.690	4.860	0.000	0.000	0.000	0.000	4.860		
4.870	448.630	263.900	148.190	860.720	4.870	0.000	0.000	0.000	0.000	4.870		
4.880	424.270	265.930	154.280	844.480	4.880	0.000	0.000	0.000	0.000	4.880		
4.890	399.910	263.900	162.400	826.210	4.890	0.000	0.000	0.000	0.000	4.890		
4.900	375.550	263.900	170.520	809.970	4.900	0.000	0.000	0.000	0.000	4.900		
4.910	351.860	264.260	176.660	792.780	4.910	0.000	0.000	0.000	0.000	4.910		
4.920	329.960	261.340	183.960	775.260	4.920	0.000	0.000	0.000	0.000	4.920		
4.930	303.680	259.880	194.180	757.740	4.930	0.000	0.000	0.000	0.000	4.930		
4.940	281.780	259.880	201.480	743.140	4.940	0.000	0.000	0.000	0.000	4.940		
4.950	259.880	256.960	211.700	728.540	4.950	0.000	0.000	0.000	0.000	4.950		
4.960	236.520	254.040	221.920	712.480	4.960	0.000	0.000	0.000	0.000	4.960		
4.970	216.080	254.040	233.600	703.720	4.970	0.000	0.000	0.000	0.000	4.970		
4.980	197.100	251.120	249.660	697.880	4.980	0.000	0.000	0.000	0.000	4.980		
4.990	179.580	251.120	261.340	692.040	4.990	0.000	0.000	0.000	0.000	4.990		
5.000	162.060	251.120	277.400	690.580	5.000	0.000	0.000	0.000	0.000	5.000		
5.010	148.920	251.120	294.920	694.960	5.010	0.000	0.000	0.000	0.000	5.010		
5.020	137.240	254.040	312.440	703.720	5.020	0.000	0.000	0.000	0.000	5.020		
5.030	127.020	254.040	327.040	708.100	5.030	0.000	0.000	0.000	0.000	5.030		
5.040	116.800	256.960	347.480	721.240	5.040	0.000	0.000	0.000	0.000	5.040		
5.050	106.580	256.960	365.000	728.540	5.050	0.000	0.000	0.000	0.000	5.050		
5.060	96.040	260.680	387.590	744.310	5.060	0.000	0.000	0.000	0.000	5.060		
5.070	85.750	260.680	411.600	758.030	5.070	0.000	0.000	0.000	0.000	5.070		
5.080	75.460	260.680	439.040	775.180	5.080	0.000	0.000	0.000	0.000	5.080		
5.090	65.170	260.680	469.910	795.760	5.090	0.000	0.000	0.000	0.000	5.090		
5.100	54.880	260.680	497.350	812.910	5.100	0.000	0.000	0.000	0.000	5.100		
5.110	48.020	257.250	531.650	836.920	5.110	0.000	0.000	0.000	0.000	5.110		
5.120	41.160	257.250	569.380	867.790	5.120	0.000	0.000	0.000	0.000	5.120		
5.130	34.300	253.820	607.110	895.230	5.130	0.000	0.000	0.000	0.000	5.130		
5.140	27.440	243.530	648.270	919.240	5.140	0.000	0.000	0.000	0.000	5.140		
5.150	20.580	229.810	689.430	939.820	5.150	0.000	0.000	0.000	0.000	5.150		
5.160	17.150	209.230	727.160	953.540	5.160	0.000	0.000	0.000	0.000	5.160		
5.170	6.860	192.080	764.890	963.830	5.170	0.000	0.000	0.000	0.000	5.170		
5.180	6.860	174.930	795.760	977.550	5.180	0.000	0.000	0.000	0.000	5.180		
5.190	6.860	154.350	826.630	987.840	5.190	0.000	0.000	0.000	0.000	5.190		
5.200	3.430	137.200	857.500	998.130	5.200	0.000	0.000	0.000	0.000	5.200		
5.210	0.000	119.790	882.090	1001.880	5.210	0.000	0.000	0.000	0.000	5.210		
5.220	0.000	108.900	896.610	1005.510	5.220	0.000	7.320	27.450	34.770	5.220		
5.230	0.000	94.380	907.500	1001.880	5.230	0.000	9.760	79.910	89.670	5.230		
5.240	0.000	83.490	900.240	983.730	5.240	0.000	17.080	152.500	169.580	5.240		
5.250	0.000	68.970	885.720	954.690	5.250	0.000	16.560	231.840	248.400	5.250		
5.260	0.000	61.710	863.940	925.650	5.260	0.000	18.630	298.080	316.710	5.260		
5.270	0.000	50.820	838.530	889.350	5.270	0.000	28.980	370.530	399.510	5.270		
5.280	0.000	39.930	802.230	842.160	5.280	2.070	41.400	428.490	471.960	5.280		
5.290	0.000	32.670	751.410	784.080	5.290	8.280	66.240	461.610	536.130	5.290		
5.300	0.000	21.780	689.700	711.480	5.300	20.700	84.870	461.610	567.180	5.300		
5.310	0.000	14.520	606.210	620.730	5.310	37.260	97.290	447.120	581.670	5.310		
5.320	0.000	3.630	504.570	508.200	5.320	51.750	103.500	436.770	592.020	5.320		
5.330	0.000	0.000	392.040	392.040	5.330	64.170	115.920	440.910	621.000	5.330		
5.340	0.000	0.000	272.250	272.250	5.340	76.590	128.340	451.260	656.190	5.340		
5.350	0.000	0.000	166.980	166.980	5.350	86.940	144.900	471.960	703.800	5.350		
5.360	0.000	0.000	92.500	92.500	5.360	93.150	159.390	490.590	743.130	5.360		
5.370	0.000	0.000	47.360	47.360	5.370	101.430	175.950	509.220	786.600	5.370		
5.380	0.000	0.000	22.200	22.200	5.380	105.570	188.370	517.500	811.440	5.380		
5.390	0.000	0.000	17.390	17.390	5.390	113.850	200.790	513.360	828.000	5.390		
5.400	0.000	0.000	14.800	14.800	5.400	121.800	217.210	507.500	846.510	5.400		
5.410	0.000	0.000	9.990	9.990	5.410	131.950	223.300	497.350	852.600	5.410		
5.420	0.000	0.000	9.990	9.990	5.420	138.040	231.420	481.110	850.570	5.420		
5.430	0.000	0.000	12.210	12.210	5.430	146.160	235.480	460.810	842.450	5.430		
5.440	0.000	0.000	7.400	7.400	5.440	152.250	235.480	440.510	828.240	5.440		
5.450	0.000	0.000	7.400	7.400	5.450	154.280	233.450	422.240	809.970	5.450		
5.460	0.000	0.000	4.810	4.810	5.460	158.340	233.450	401.940	793.730	5.460		
5.470	0.000	0.000	2.220	2.220	5.470	164.430	231.420	381.640	777.490	5.470		
5.480	0.000	0.000	2.220	2.220	5.480	168.490	229.390	361.340	759.220	5.480		
5.490	0.000	0.000	2.220	2.220	5.490	176.610	223.300	341.040	740.950	5.490		
5.500	0.000	0.000	0.000	0.000	5.500	178.640	221.270	326.830	726.740	5.500		
5.510	0.000	0.000	0.000	0.000	5.510	184.730	219.240	308.560	712.530	5.510		
5.520	0.000	0.000	0.000	0.000	5.520	188.790	217.210	294.350	700.350	5.520		
5.530	0.000	0.000	0.000	0.000	5.530	196.910	213.150	282.170	692.230	5.530		
5.540	0.000	0.000	0.000	0.000	5.540	200.970	211.120	263.900	675.990	5.540		
5.550	0.000	0.000	0.000	0.000	5.550	210.000	210.000	248.640	668.640	5.550		
5.560	0.000	0.000	0.000	0.000	5.560	216.720	206.640	236.880	660.240	5.560		
5.570	0.000	0.000	0.000	0.000	5.570	223.440	204.960	223.440	651.840	5.570		
5.580	0.000	0.000	0.000	0.000	5.580	231.840	204.960	213.360	650.160	5.580		
5.590	0.000	0.000	0.000	0.000	5.590	243.600	206.640	201.600	651.840	5.590		
5.600	0.000	0.000	0.000	0.000	5.600	253.680	204.960	189.840	648.480	5.600		
5.610	0.000	0.000	0.000	0.000	5.610	267.120	206.640	181.440	655.200	5.610		
5.620	0.000	0.000	0.000	0.000	5.620	282.240	210.000	171.360	663.600	5.620		
5.630	0.000	0.000	0.000	0.000	5.630	294.000	211.680	164.640	670.320	5.630		
5.640	0.000	0.000	0.000	0.000	5.640	309.120	213.360	154.560	677.040	5.640		
5.650	0.000	0.000	0.000	0.000	5.650	329.280	213.360	141.120	683.760	5.650		
5.660	0.000	0.000	0.000	0.000	5.660	349.440	213.360	129.360	692.160	5.660		
5.670	0.000	4.180	0.000	4.180	5.670	371.280	211.680	115.920	698.880	5.670		
5.680	0.000	4.180	0.000	4.180	5.680	394.800	210.000	104.160	708.960	5.680		
5.690	0.000	6.270	0.000	6.270	5.690	420.000	201.600	92.400	714.000	5.690		
5.700	0.000	6.270	0.000	6.270	5.700	450.560	189.440	74.240	714.240	5.700		
5.710	0.000	8.360	0.000	8.360	5.710	483.840	168.960	61.440	714.240	5.710		
5.720	8.360	14.630	0.000	22.990	5.720	514.560	145.920	48.640	709.120	5.720		
5.730	27.170	18.810	0.000	45.980	5.730	545.280	117.760	35.840	698.880	5.730		
5.740	56.430	29.260	0.000	85.690	5.740	573.440	92.160	30.720	696.320	5.740		
5.750	114.950	33.440	0.000	148.390	5.750	599.040	69.120	25.600	693.760	5.750		
5.760	194.370	41.800	0.000	236.170	5.760	619.520	48.640	17.920	686.080	5.760		
5.770	319.770	58.520	4.180	382.470	5.770	634.880	33.280	12.800	680.960	5.770		
5.780	426.360	83.600	14.630	524.590	5.780	640.000	20.480	10.240	670.720	5.780		
5.790	491.150	129.580	31.350	652.080	5.790	632.320	10.240	7.680	650.240	5.790		
5.800	522.500	154.660	43.890	721.050	5.800	604.160	0.000	0.000	604.160	5.800		
5.810	526.400	176.960	60.480	763.840	5.810	552.960	0.000	0.000	552.960	5.810		
5.820	535.360	203.840	87.360	826.560	5.820	486.400	0.000	0.000	486.400	5.820		
5.830	539.840	224.000	100.800	864.640	5.830	414.720	0.000	0.000	414.720	5.830		
5.840	544.320	241.920	114.240	900.480	5.840	327.680	0.000	0.000	327.680	5.840		
5.850	555.520	264.320	129.920	949.760	5.850	230.000	0.000	0.000	230.000	5.850		
5.860	560.000	280.000	141.120	981.120	5.860	144.440	0.000	0.000	144.440	5.860		
5.870	555.520	291.200	147.840	994.560	5.870	79.120	0.000	0.000	79.120	5.870		
5.880	546.560	297.920	154.560	999.040	5.880	39.560	0.000	7.360	46.920	5.880		
5.890	533.120	306.880	161.280	1001.280	5.890	14.720	0.000	14.720	29.440	5.890		
5.900	510.720	306.880	168.000	985.600	5.900	9.200	0.000	11.960	21.160	5.900		
5.910	483.840	306.880	172.480	963.200	5.910	7.360	0.000	11.960	19.320	5.910		
5.920	452.480	302.400	179.200	934.080	5.920	4.600	0.000	7.360	11.960	5.920		
5.930	414.400	293.440	181.440	889.280	5.930	1.840	0.000	4.600	6.440	5.930		
5.940	380.800	284.480	185.920	851.200	5.940	0.000	0.000	4.600	4.600	5.940		
5.950	349.440	275.520	190.400	815.360	5.950	0.000	0.000	1.840	1.840	5.950		
5.960	313.950	267.260	196.420	777.630	5.960	0.000	0.000	4.600	4.600	5.960		
5.970	284.970	259.210	199.640	743.820	5.970	0.000	0.000	4.600	4.600	5.970		
5.980	255.990	251.160	206.080	713.230	5.980	0.000	0.000	1.840	1.840	5.980		
5.990	228.620	246.330	217.350	692.300	5.990	0.000	0.000	1.840	1.840	5.990		
6.000	204.470	241.500	223.790	669.760	6.000	0.000	0.000	2.500	2.500	6.000		
6.010	181.930	236.670	233.450	652.050	6.010	0.000	0.000	2.500	2.500	6.010		
6.020	164.220	233.450	246.330	644.000	6.020	0.000	0.000	2.500	2.500	6.020		
6.030	149.730	231.840	255.990	637.560	6.030	0.000	0.000	2.500	2.500	6.030		
6.040	133.630	231.840	273.700	639.170	6.040	0.000	0.000	2.500	2.500	6.040		
6.050	122.360	233.450	291.410	647.220	6.050	0.000	0.000	2.500	2.500	6.050		
6.060	111.090	236.670	312.340	660.100	6.060	0.000	0.000	2.500	2.500	6.060		
6.070	101.430	239.890	331.660	672.980	6.070	0.000	0.000	0.000	0.000	6.070		
6.080	96.600	244.720	357.420	698.740	6.080	0.000	0.000	0.000	0.000	6.080		
6.090	86.940	246.330	376.740	710.010	6.090	0.000	0.000	0.000	0.000	6.090		
6.100	78.890	249.550	402.500	730.940	6.100	0.000	0.000	0.000	0.000	6.100		
6.110	69.800	251.280	429.270	750.350	6.110	0.000	0.000	0.000	0.000	6.110		
6.120	62.820	254.770	457.190	774.780	6.120	0.000	0.000	0.000	0.000	6.120		
6.130	55.840	254.770	488.600	799.210	6.130	0.000	0.000	0.000	0.000	6.130		
6.140	48.860	251.280	520.010	820.150	6.140	0.000	0.000	0.000	0.000	6.140		
6.150	41.880	251.280	554.910	848.070	6.150	0.000	0.000	0.000	0.000	6.150		
6.160	38.390	247.790	586.320	872.500	6.160	0.000	0.000	0.000	0.000	6.160		
6.170	34.900	244.300	624.710	903.910	6.170	0.000	0.000	0.000	0.000	6.170		
6.180	27.920	233.830	663.100	924.850	6.180	0.000	0.000	0.000	0.000	6.180		
6.190	24.430	219.870	694.510	938.810	6.190	0.000	0.000	0.000	0.000	6.190		
6.200	17.450	202.420	732.900	952.770	6.200	0.000	0.000	0.000	0.000	6.200		
6.210	10.470	184.970	764.310	959.750	6.210	0.000	0.000	0.000	0.000	6.210		
6.220	10.470	167.520	795.720	973.710	6.220	0.000	0.000	0.000	0.000	6.220		
6.230	6.980	150.070	827.130	984.180	6.230	0.000	0.000	0.000	0.000	6.230		
6.240	6.980	132.620	848.070	987.670	6.240	0.000	0.000	8.500	8.500	6.240		
6.250	3.490	115.170	872.500	991.160	6.250	0.000	6.800	56.100	62.900	6.250		
6.260	3.510	101.790	877.500	982.800	6.260	0.000	11.900	134.300	146.200	6.260		
6.270	0.000	84.240	866.970	951.210	6.270	0.000	11.900	244.800	256.700	6.270		
6.280	0.000	73.710	856.440	930.150	6.280	0.000	17.000	336.600	353.600	6.280		
6.290	0.000	59.670	831.870	891.540	6.290	1.700	27.200	425.000	453.900	6.290		
6.300	0.000	49.140	800.280	849.420	6.300	11.250	51.750	506.250	569.250	6.300		
6.310	0.000	42.120	761.670	803.790	6.310	24.750	85.500	542.250	652.500	6.310		
6.320	0.000	31.590	709.020	740.610	6.320	45.000	101.250	531.000	677.250	6.320		
6.330	0.000	17.550	649.350	666.900	6.330	54.000	101.250	495.000	650.250	6.330		
6.340	0.000	7.020	572.130	579.150	6.340	63.000	108.000	472.500	643.500	6.340		
6.350	0.000	0.000	477.360	477.360	6.350	76.500	119.250	472.500	668.250	6.350		
6.360	0.000	0.000	379.080	379.080	6.360	85.500	128.250	486.000	699.750	6.360		
6.370	0.000	0.000	284.310	284.310	6.370	94.500	144.000	508.500	747.000	6.370		
6.380	0.000	0.000	196.560	196.560	6.380	96.750	153.000	528.750	778.500	6.380		
6.390	0.000	0.000	126.360	126.360	6.390	101.250	164.250	546.750	812.250	6.390		
6.400	0.000	0.000	70.200	70.200	6.400	105.750	175.500	558.000	839.250	6.400		
6.410	0.000	2.400	37.500	39.900	6.410	112.500	186.750	562.500	861.750	6.410		
6.420	0.000	0.000	30.000	30.000	6.420	114.750	195.750	555.750	866.250	6.420		
6.430	2.400	0.000	27.450	29.850	6.430	119.250	202.500	549.000	870.750	6.430		
6.440	2.400	0.000	22.500	24.900	6.440	123.750	204.750	533.250	861.750	6.440		
6.450	2.400	0.000	19.950	22.350	6.450	127.100	207.050	512.500	846.650	6.450		
6.460	0.000	0.000	17.400	17.400	6.460	131.200	205.000	489.950	826.150	6.460		
6.470	0.000	0.000	17.400	17.400	6.470	133.250	205.000	467.400	805.650	6.470		
6.480	0.000	0.000	17.400	17.400	6.480	139.400	200.900	444.850	785.150	6.480		
6.490	0.000	0.000	15.000	15.000	6.490	143.500	200.900	424.350	768.750	6.490		
6.500	0.000	0.000	12.450	12.450	6.500	149.650	198.850	401.800	750.300	6.500		
6.510	0.000	0.000	12.450	12.450	6.510	151.700	200.900	383.350	735.950	6.510		
6.520	0.000	0.000	9.900	9.900	6.520	155.800	198.850	369.000	723.650	6.520		
6.530	0.000	0.000	9.900	9.900	6.530	161.950	198.850	354.650	715.450	6.530		
6.540	0.000	0.000	7.500	7.500	6.540	164.000	196.800	342.350	703.150	6.540		
6.550	0.000	0.000	7.500	7.500	6.550	168.100	196.800	328.000	692.900	6.550		
6.560	0.000	0.000	7.500	7.500	6.560	174.250	198.850	313.650	686.750	6.560		
6.570	0.000	0.000	7.500	7.500	6.570	176.300	198.850	301.350	676.500	6.570		
6.580	0.000	0.000	7.500	7.500	6.580	184.500	200.900	291.100	676.500	6.580		
6.590	0.000	0.000	7.500	7.500	6.590	188.600	200.900	280.850	670.350	6.590		
6.600	0.000	0.000	4.980	4.980	6.600	199.020	206.460	269.700	675.180	6.600		
6.610	0.000	0.000	4.980	4.980	6.610	206.460	208.320	258.540	673.320	6.610		
6.620	0.000	0.000	4.980	4.980	6.620	215.760	212.040	247.380	675.180	6.620		
6.630	0.000	0.000	2.490	2.490	6.630	226.920	213.900	236.220	677.040	6.630		
6.640	0.000	0.000	2.490	2.490	6.640	239.940	219.480	226.920	686.340	6.640		
6.650	0.000	0.000	2.490	2.490	6.650	251.100	221.340	213.900	686.340	6.650		
6.660	0.000	0.000	2.490	2.490	6.660	265.980	223.200	200.880	690.060	6.660		
6.670	0.000	0.000	2.490	2.490	6.670	286.440	228.780	191.580	706.800	6.670		
6.680	0.000	0.000	2.490	2.490	6.680	303.180	228.780	176.700	708.660	6.680		
6.690	0.000	0.000	0.000	0.000	6.690	323.640	232.500	161.820	717.960	6.690		
6.700	0.000	0.000	0.000	0.000	6.700	349.680	232.500	143.220	725.400	6.700		
6.710	0.000	0.000	0.000	0.000	6.710	375.720	232.500	126.480	734.700	6.710		
6.720	0.000	0.000	0.000	0.000	6.720	403.620	226.920	111.600	742.140	6.720		
6.730	0.000	0.000	0.000	0.000	6.730	433.380	221.340	94.860	749.580	6.730		
6.740	0.000	0.000	0.000	0.000	6.740	465.000	213.900	81.840	760.740	6.740		
6.750	0.000	0.000	0.000	0.000	6.750	499.660	204.680	66.220	770.560	6.750		
6.760	0.000	0.000	0.000	0.000	6.760	532.770	189.630	54.180	776.580	6.760		
6.770	0.000	0.000	0.000	0.000	6.770	568.890	174.580	45.150	788.620	6.770		
6.780	0.000	2.400	0.000	2.400	6.780	605.010	159.530	39.130	803.670	6.780		
6.790	0.000	4.800	0.000	4.800	6.790	638.120	138.460	33.110	809.690	6.790		
6.800	0.000	2.400	0.000	2.400	6.800	668.220	117.390	27.090	812.700	6.800		
6.810	12.000	4.800	0.000	16.800	6.810	701.330	102.340	24.080	827.750	6.810		
6.820	60.000	9.600	0.000	69.600	6.820	725.410	81.270	18.060	824.740	6.820		
6.830	132.000	9.600	0.000	141.600	6.830	746.480	66.220	12.040	824.740	6.830		
6.840	214.800	9.600	0.000	224.400	6.840	752.500	51.170	12.040	815.710	6.840		
6.850	300.000	16.800	4.800	321.600	6.850	746.480	39.130	9.030	794.640	6.850		
6.860	399.740	22.770	7.590	430.100	6.860	734.440	30.100	6.020	770.560	6.860		
6.870	488.290	32.890	10.120	531.300	6.870	716.380	18.060	3.010	737.450	6.870		
6.880	566.720	48.070	15.180	629.970	6.880	692.300	9.030	0.000	701.330	6.880		
6.890	614.790	70.840	22.770	708.400	6.890	662.200	0.000	0.000	662.200	6.890		
6.900	632.500	103.730	27.830	764.060	6.900	607.500	0.000	0.000	607.500	6.900		
6.910	622.380	134.090	37.950	794.420	6.910	537.030	0.000	0.000	537.030	6.910		
6.920	579.370	151.800	45.540	776.710	6.920	459.270	0.000	0.000	459.270	6.920		
6.930	549.010	172.040	60.720	781.770	6.930	364.500	0.000	0.000	364.500	6.930		
6.940	536.360	194.810	78.430	809.600	6.940	264.870	0.000	0.000	264.870	6.940		
6.950	528.770	217.580	98.670	845.020	6.950	177.390	0.000	0.000	177.390	6.950		
6.960	526.240	242.880	116.380	885.500	6.960	106.920	0.000	0.000	106.920	6.960		
6.970	518.650	268.180	136.620	923.450	6.970	55.890	0.000	0.000	55.890	6.970		
6.980	508.530	285.890	151.800	946.220	6.980	21.870	0.000	4.860	26.730	6.980		
6.990	493.350	301.070	166.980	961.400	6.990	9.720	0.000	9.720	19.440	6.990		
7.000	475.640	311.190	179.630	966.460	7.000	7.290	0.000	12.150	19.440	7.000		
7.010	457.500	322.080	192.150	971.730	7.010	4.860	0.000	12.150	17.010	7.010		
7.020	433.710	325.740	201.300	960.750	7.020	2.430	0.000	9.720	12.150	7.020		
7.030	406.260	325.740	214.110	946.110	7.030	0.000	0.000	7.290	7.290	7.030		
7.040	382.470	322.080	221.430	925.980	7.040	0.000	0.000	7.290	7.290	7.040		
7.050	351.360	316.590	226.920	894.870	7.050	0.000	0.000	7.500	7.500	7.050		
7.060	325.740	309.270	234.240	869.250	7.060	0.000	0.000	7.500	7.500	7.060		
7.070	301.950	301.950	239.730	843.630	7.070	0.000	0.000	7.500	7.500	7.070		
7.080	279.990	294.630	243.390	818.010	7.080	0.000	0.000	7.500	7.500	7.080		
7.090	256.200	287.310	248.880	792.390	7.090	0.000	0.000	4.980	4.980	7.090		
7.100	239.730	279.990	254.370	774.090	7.100	0.000	0.000	7.500	7.500	7.100		
7.110	221.430	270.840	254.370	746.640	7.110	0.000	0.000	7.500	7.500	7.110		
7.120	206.790	267.180	261.690	735.660	7.120	0.000	0.000	7.500	7.500	7.120		
7.130	193.980	263.520	263.520	721.020	7.130	0.000	0.000	7.500	7.500	7.130		
7.140	181.170	261.690	270.840	713.700	7.140	0.000	0.000	7.500	7.500	7.140		
7.150	168.360	259.860	276.330	704.550	7.150	0.000	0.000	7.500	7.500	7.150		
7.160	159.570	258.070	283.680	701.320	7.160	0.000	0.000	7.500	7.500	7.160		
7.170	149.720	256.100	291.560	697.380	7.170	0.000	0.000	7.500	7.500	7.170		
7.180	141.840	258.070	301.410	701.320	7.180	0.000	0.000	7.500	7.500	7.180		
7.190	133.960	262.010	311.260	707.230	7.190	0.000	0.000	7.500	7.500	7.190		
7.200	126.080	263.980	321.110	711.170	7.200	0.000	0.000	7.500	7.500	7.200		
7.210	124.110	269.890	334.900	728.900	7.210	0.000	0.000	4.980	4.980	7.210		
7.220	116.230	273.830	344.750	734.810	7.220	0.000	0.000	7.500	7.500	7.220		
7.230	112.290	279.740	358.540	750.570	7.230	0.000	0.000	4.980	4.980	7.230		
7.240	106.380	283.680	372.330	762.390	7.240	0.000	0.000	4.980	4.980	7.240		
7.250	102.440	289.590	386.120	778.150	7.250	0.000	0.000	4.980	4.980	7.250		
7.260	96.530	297.470	405.820	799.820	7.260	0.000	0.000	4.980	4.980	7.260		
7.270	88.650	299.440	427.490	815.580	7.270	0.000	0.000	4.980	4.980	7.270		
7.280	80.770	303.380	447.190	831.340	7.280	0.000	0.000	2.490	2.490	7.280		
7.290	74.860	307.320	466.890	849.070	7.290	0.000	0.000	2.490	2.490	7.290		
7.300	68.950	311.260	492.500	872.710	7.300	0.000	0.000	0.000	0.000	7.300		
7.310	57.120	312.480	517.440	887.040	7.310	0.000	0.000	0.000	0.000	7.310		
7.320	50.400	312.480	544.320	907.200	7.320	0.000	0.000	0.000	0.000	7.320		
7.330	40.320	305.760	571.200	917.280	7.330	0.000	0.000	0.000	0.000	7.330		
7.340	36.960	292.320	601.440	930.720	7.340	0.000	0.000	0.000	0.000	7.340		
7.350	30.240	278.880	631.680	940.800	7.350	0.000	0.000	2.170	2.170	7.350		
7.360	20.160	262.080	668.640	950.880	7.360	0.000	0.000	2.170	2.170	7.360		
7.370	16.800	241.920	702.240	960.960	7.370	0.000	0.000	0.000	0.000	7.370		
7.380	6.720	221.760	732.480	960.960	7.380	0.000	0.000	0.000	0.000	7.380		
7.390	6.720	201.600	769.440	977.760	7.390	0.000	0.000	13.020	13.020	7.390		
7.400	0.000	178.080	799.680	977.760	7.400	0.000	6.510	71.610	78.120	7.400		
7.410	0.000	154.560	819.840	974.400	7.410	0.000	10.850	136.710	147.560	7.410		
7.420	0.000	134.400	836.640	971.040	7.420	0.000	13.020	177.940	190.960	7.420		
7.430	0.000	114.240	840.000	954.240	7.430	0.000	13.020	217.000	230.020	7.430		
7.440	0.000	97.440	833.280	930.720	7.440	0.000	13.020	282.100	295.120	7.440		
7.450	0.000	87.360	819.840	907.200	7.450	0.000	17.360	362.390	379.750	7.450		
7.460	0.000	69.740	792.500	862.240	7.460	0.000	21.700	423.150	444.850	7.460		
7.470	0.000	57.060	748.120	805.180	7.470	2.170	28.210	470.890	501.270	7.470		
7.480	0.000	44.380	697.400	741.780	7.480	6.510	43.400	514.290	564.200	7.480		
7.490	0.000	34.870	634.000	668.870	7.490	13.020	69.440	542.500	624.960	7.490		
7.500	0.000	22.190	542.070	564.260	7.500	25.520	92.800	538.240	656.560	7.500		
7.510	0.000	9.510	437.460	446.970	7.510	37.120	104.400	519.680	661.200	7.510		
7.520	0.000	0.000	329.680	329.680	7.520	51.040	116.000	503.440	670.480	7.520		
7.530	0.000	0.000	231.410	231.410	7.530	69.600	129.920	505.760	705.280	7.530		
7.540	0.000	0.000	145.820	145.820	7.540	83.520	146.160	519.680	749.360	7.540		
7.550	0.000	0.000	88.760	88.760	7.550	102.080	164.720	533.600	800.400	7.550		
7.560	0.000	0.000	44.380	44.380	7.560	113.680	180.960	554.480	849.120	7.560		
7.570	0.000	0.000	28.530	28.530	7.570	122.960	197.200	568.400	888.560	7.570		
7.580	0.000	0.000	22.190	22.190	7.580	132.240	211.120	580.000	923.360	7.580		
7.590	0.000	0.000	22.190	22.190	7.590	136.880	220.400	580.000	937.280	7.590		
7.600	0.000	0.000	15.850	15.850	7.600	146.160	232.000	573.040	951.200	7.600		
7.610	0.000	0.000	15.000	15.000	7.610	153.120	241.280	561.440	955.840	7.610		
7.620	0.000	0.000	15.000	15.000	7.620	162.400	245.920	540.560	948.880	7.620		
7.630	0.000	0.000	15.000	15.000	7.630	169.360	248.240	519.680	937.280	7.630		
7.640	0.000	0.000	12.480	12.480	7.640	174.000	250.560	491.840	916.400	7.640		
7.650	0.000	0.000	12.480	12.480	7.650	178.560	249.240	465.000	892.800	7.650		
7.660	0.000	0.000	9.960	9.960	7.660	186.000	249.240	437.100	872.340	7.660		
7.670	0.000	0.000	12.480	12.480	7.670	189.720	249.240	411.060	850.020	7.670		
7.680	0.000	0.000	9.960	9.960	7.680	193.440	247.380	388.740	829.560	7.680		
7.690	0.000	0.000	7.500	7.500	7.690	199.020	243.660	364.560	807.240	7.690		
7.700	0.000	0.000	9.960	9.960	7.700	200.880	239.940	344.100	784.920	7.700		
7.710	0.000	0.000	7.500	7.500	7.710	200.880	236.220	327.360	764.460	7.710		
7.720	0.000	0.000	7.500	7.500	7.720	204.600	232.500	308.760	745.860	7.720		
7.730	0.000	0.000	7.500	7.500	7.730	206.460	228.780	292.020	727.260	7.730		
7.740	0.000	0.000	4.980	4.980	7.740	208.320	228.780	277.140	714.240	7.740		
7.750	0.000	0.000	4.980	4.980	7.750	212.040	228.780	265.980	706.800	7.750		
7.760	0.000	0.000	5.000	5.000	7.760	215.760	232.500	258.540	706.800	7.760		
7.770	0.000	0.000	5.000	5.000	7.770	219.480	232.500	249.240	701.220	7.770		
7.780	0.000	0.000	2.500	2.500	7.780	223.200	236.220	241.800	701.220	7.780		
7.790	0.000	0.000	2.500	2.500	7.790	232.500	239.940	234.360	706.800	7.790		
7.800	0.000	0.000	2.500	2.500	7.800	236.160	244.360	226.320	706.840	7.800		
7.810	0.000	0.000	2.500	2.500	7.810	244.360	249.280	221.400	715.040	7.810		
7.820	0.000	0.000	2.500	2.500	7.820	249.280	257.480	219.760	726.520	7.820		
7.830	0.000	0.000	0.000	0.000	7.830	257.480	262.400	214.840	734.720	7.830		
7.840	0.000	0.000	2.500	2.500	7.840	262.400	267.320	214.840	744.560	7.840		
7.850	0.000	0.000	0.000	0.000	7.850	272.240	273.880	211.560	757.680	7.850		
7.860	0.000	0.000	0.000	0.000	7.860	282.080	282.080	206.640	770.800	7.860		
7.870	0.000	0.000	0.000	0.000	7.870	291.920	288.640	201.720	782.280	7.870		
7.880	0.000	0.000	0.000	0.000	7.880	303.400	296.840	196.800	797.040	7.880		
7.890	0.000	0.000	0.000	0.000	7.890	314.880	303.400	186.960	805.240	7.890		
7.900	0.000	0.000	0.000	0.000	7.900	331.280	314.880	177.120	823.280	7.900		
7.910	0.000	0.000	0.000	0.000	7.910	350.960	324.720	167.280	842.960	7.910		
7.920	0.000	0.000	0.000	0.000	7.920	369.000	331.280	157.440	857.720	7.920		
7.930	0.000	2.040	0.000	2.040	7.930	388.680	339.480	141.040	869.200	7.930		
7.940	0.000	2.040	0.000	2.040	7.940	410.000	341.120	126.280	877.400	7.940		
7.950	0.000	4.080	0.000	4.080	7.950	432.920	342.500	106.860	882.280	7.950		
7.960	0.000	4.080	0.000	4.080	7.960	454.840	339.760	87.680	882.280	7.960		
7.970	0.000	4.080	2.040	6.120	7.970	482.240	331.540	73.980	887.760	7.970		
7.980	0.000	4.080	2.040	6.120	7.980	512.380	317.840	60.280	890.500	7.980		
7.990	12.240	7.140	0.000	19.380	7.990	539.780	304.140	52.060	895.980	7.990		
8.000	46.920	7.140	0.000	54.060	8.000	569.920	282.220	38.360	890.500	8.000		
8.010	81.600	9.180	0.000	90.780	8.010	597.320	257.560	30.140	885.020	8.010		
8.020	109.140	7.140	0.000	116.280	8.020	624.720	230.160	21.920	876.800	8.020		
8.030	146.880	9.180	0.000	156.060	8.030	646.640	202.760	10.960	860.360	8.030		
8.040	201.960	12.240	2.040	216.240	8.040	665.820	175.360	0.000	841.180	8.040		
8.050	255.000	19.380	4.080	278.460	8.050	679.520	150.700	0.000	830.220	8.050		
8.060	290.540	23.880	5.970	320.390	8.060	685.000	128.780	0.000	813.780	8.060		
8.070	326.360	33.830	13.930	374.120	8.070	682.260	112.340	0.000	794.600	8.070		
8.080	362.180	45.770	15.920	423.870	8.080	671.300	95.900	0.000	767.200	8.080		
8.090	386.060	71.640	23.880	481.580	8.090	654.860	84.940	0.000	739.800	8.090		
8.100	396.010	99.500	35.820	531.330	8.100	625.000	70.000	0.000	695.000	8.100		
8.110	394.020	111.440	49.750	555.210	8.110	587.500	57.500	0.000	645.000	8.110		
8.120	399.990	127.360	63.680	591.030	8.120	540.000	47.500	0.000	587.500	8.120		
8.130	413.920	149.250	79.600	642.770	8.130	475.000	32.500	0.000	507.500	8.130		
8.140	429.840	167.160	91.540	688.540	8.140	400.000	20.000	0.000	420.000	8.140		
8.150	443.770	189.050	103.480	736.300	8.150	312.500	10.000	0.000	322.500	8.150		
8.160	461.680	210.940	117.410	790.030	8.160	225.000	2.500	0.000	227.500	8.160		
8.170	479.590	234.820	127.360	841.770	8.170	150.000	0.000	0.000	150.000	8.170		
8.180	489.540	256.710	139.300	885.550	8.180	92.500	0.000	0.000	92.500	8.180		
8.190	497.500	276.610	149.250	923.360	8.190	45.000	0.000	0.000	45.000	8.190		
8.200	497.500	290.540	159.200	947.240	8.200	15.000	0.000	0.000	15.000	8.200		
8.210	487.500	302.250	169.650	959.400	8.210	10.000	0.000	2.500	12.500	8.210		
8.220	473.850	306.150	177.450	957.450	8.220	7.500	0.000	2.500	10.000	8.220		
8.230	462.150	312.000	181.350	955.500	8.230	5.000	0.000	7.500	12.500	8.230		
8.240	446.550	312.000	189.150	947.700	8.240	2.500	0.000	7.500	10.000	8.240		
8.250	427.050	308.100	191.100	926.250	8.250	2.500	0.000	5.000	7.500	8.250		
8.260	409.500	306.150	198.900	914.550	8.260	2.500	0.000	5.000	7.500	8.260		
8.270	391.950	304.200	200.850	897.000	8.270	0.000	0.000	2.500	2.500	8.270		
8.280	372.450	296.400	204.750	873.600	8.280	0.000	0.000	2.500	2.500	8.280		
8.290	351.000	292.500	206.700	850.200	8.290	0.000	0.000	2.500	2.500	8.290		
8.300	333.450	284.700	206.700	824.850	8.300	0.000	0.000	2.500	2.500	8.300		
8.310	315.900	274.950	206.700	797.550	8.310	0.000	0.000	5.000	5.000	8.310		
8.320	302.250	267.150	206.700	776.100	8.320	0.000	0.000	5.000	5.000	8.320		
8.330	286.650	259.350	206.700	752.700	8.330	0.000	0.000	5.000	5.000	8.330		
8.340	274.950	253.500	206.700	735.150	8.340	0.000	0.000	5.000	5.000	8.340		
8.350	263.250	243.750	200.850	707.850	8.350	0.000	0.000	5.000	5.000	8.350		
8.360	252.000	239.400	201.600	693.000	8.360	0.000	0.000	5.000	5.000	8.360		
8.370	244.440	236.880	204.120	685.440	8.370	0.000	0.000	5.000	5.000	8.370		
8.380	239.400	236.880	206.640	682.920	8.380	0.000	0.000	5.000	5.000	8.380		
8.390	231.840	236.880	206.640	675.360	8.390	0.000	0.000	5.000	5.000	8.390		
8.400	229.320	236.880	211.680	677.880	8.400	0.000	0.000	5.000	5.000	8.400		
8.410	226.800	241.920	216.720	685.440	8.410	0.000	0.000	5.000	5.000	8.410		
8.420	221.760	246.960	221.760	690.480	8.420	0.000	0.000	5.000	5.000	8.420		
8.430	219.240	252.000	231.840	703.080	8.430	0.000	0.000	5.000	5.000	8.430		
8.440	216.720	259.560	239.400	715.680	8.440	0.000	0.000	5.000	5.000	8.440		
8.450	214.200	264.600	246.960	725.760	8.450	0.000	0.000	2.500	2.500	8.450		
8.460	211.680	269.640	254.520	735.840	8.460	0.000	0.000	2.500	2.500	8.460		
8.470	206.640	277.200	264.600	748.440	8.470	0.000	0.000	2.500	2.500	8.470		
8.480	204.120	289.800	277.200	771.120	8.480	0.000	0.000	0.000	0.000	8.480		
8.490	201.600	302.400	292.320	796.320	8.490	0.000	0.000	0.000	0.000	8.490		
8.500	199.080	315.000	309.960	824.040	8.500	0.000	0.000	0.000	0.000	8.500		
8.510	192.410	322.490	327.910	842.810	8.510	0.000	0.000	0.000	0.000	8.510		
8.520	181.570	333.330	349.590	864.490	8.520	2.500	0.000	0.000	2.500	8.520		
8.530	168.020	341.460	368.560	878.040	8.530	0.000	0.000	0.000	0.000	8.530		
8.540	151.760	344.170	390.240	886.170	8.540	0.000	0.000	2.500	2.500	8.540		
8.550	130.080	341.460	417.340	888.880	8.550	0.000	0.000	1.760	1.760	8.550		
8.560	111.110	336.040	447.150	894.300	8.560	0.000	0.000	0.000	0.000	8.560		
8.570	94.850	325.200	474.250	894.300	8.570	0.000	0.000	0.000	0.000	8.570		
8.580	73.170	311.650	501.350	886.170	8.580	0.000	0.000	0.000	0.000	8.580		
8.590	56.910	289.970	536.580	883.460	8.590	0.000	3.520	24.640	28.160	8.590		
8.600	40.650	257.450	574.520	872.620	8.600	0.000	7.040	77.440	84.480	8.600		
8.610	29.810	224.930	607.040	861.780	8.610	0.000	14.080	128.480	142.560	8.610		
8.620	24.390	189.700	636.850	850.940	8.620	0.000	14.080	163.680	177.760	8.620		
8.630	18.970	157.180	658.530	834.680	8.630	0.000	15.840	204.160	220.000	8.630		
8.640	10.840	130.080	672.080	813.000	8.640	0.000	15.840	265.760	281.600	8.640		
8.650	8.130	108.400	677.500	794.030	8.650	3.520	26.400	339.680	369.600	8.650		
8.660	5.340	88.110	667.500	760.950	8.660	12.320	42.240	387.200	441.760	8.660		
8.670	2.670	74.760	648.810	726.240	8.670	36.960	79.200	418.880	535.040	8.670		
8.680	0.000	61.410	622.110	683.520	8.680	59.840	98.560	440.000	598.400	8.680		
8.690	0.000	50.730	582.060	632.790	8.690	73.920	103.840	408.320	586.080	8.690		
8.700	0.000	40.050	534.000	574.050	8.700	94.250	114.550	359.600	568.400	8.700		
8.710	0.000	32.040	475.260	507.300	8.710	121.800	131.950	342.200	595.950	8.710		
8.720	0.000	21.360	413.850	435.210	8.720	142.100	152.250	339.300	633.650	8.720		
8.730	0.000	10.680	341.760	352.440	8.730	162.400	171.100	342.200	675.700	8.730		
8.740	0.000	0.000	267.000	267.000	8.740	179.800	191.400	349.450	720.650	8.740		
8.750	0.000	0.000	184.230	184.230	8.750	197.200	214.600	359.600	771.400	8.750		
8.760	0.000	0.000	112.140	112.140	8.760	217.500	234.900	362.500	814.900	8.760		
8.770	0.000	0.000	69.420	69.420	8.770	236.350	253.750	362.500	852.600	8.770		
8.780	0.000	0.000	40.050	40.050	8.780	253.750	271.150	362.500	887.400	8.780		
8.790	2.670	0.000	26.700	29.370	8.790	271.150	287.100	353.800	912.050	8.790		
8.800	2.670	0.000	18.690	21.360	8.800	290.000	297.250	342.200	929.450	8.800		
8.810	7.500	0.000	15.000	22.500	8.810	304.500	298.700	321.900	925.100	8.810		
8.820	7.500	0.000	12.480	19.980	8.820	321.900	301.600	301.600	925.100	8.820		
8.830	4.980	0.000	12.480	17.460	8.830	334.950	298.700	279.850	913.500	8.830		
8.840	4.980	0.000	12.480	17.460	8.840	343.650	297.250	263.900	904.800	8.840		
8.850	4.980	0.000	9.960	14.940	8.850	357.280	291.060	241.780	890.120	8.850		
8.860	4.980	0.000	9.960	14.940	8.860	364.980	289.520	229.460	883.960	8.860		
8.870	4.980	0.000	9.960	14.940	8.870	371.140	284.900	217.140	873.180	8.870		
8.880	4.980	0.000	7.500	12.480	8.880	374.220	277.200	204.820	856.240	8.880		
8.890	4.980	0.000	7.500	12.480	8.890	377.300	269.500	192.500	839.300	8.890		
8.900	4.980	0.000	7.500	12.480	8.900	378.840	261.800	181.720	822.360	8.900		
8.910	4.980	0.000	7.500	12.480	8.910	378.840	257.180	172.480	808.500	8.910		
8.920	2.460	0.000	7.500	9.960	8.920	381.920	246.400	161.700	790.020	8.920		
8.930	4.980	0.000	4.980	9.960	8.930	385.000	241.780	154.000	780.780	8.930		
8.940	4.980	0.000	4.980	9.960	8.940	385.000	231.000	144.760	760.760	8.940		
8.950	4.980	0.000	4.980	9.960	8.950	385.000	226.380	138.600	749.980	8.950		
8.960	5.000	0.000	5.000	10.000	8.960	385.000	224.840	137.060	746.900	8.960		
8.970	2.500	0.000	5.000	7.500	8.970	385.000	221.760	133.980	740.740	8.970		
8.980	2.500	0.000	2.500	5.000	8.980	381.920	218.680	133.980	734.580	8.980		
8.990	2.500	0.000	2.500	5.000	8.990	378.840	218.680	137.060	734.580	8.990		
9.000	2.500	0.000	2.500	5.000	9.000	380.000	224.960	141.360	746.320	9.000		
9.010	2.500	0.000	5.000	7.500	9.010	376.960	226.480	147.440	750.880	9.010		
9.020	2.500	0.000	2.500	5.000	9.020	376.960	229.520	152.000	758.480	9.020		
9.030	2.500	0.000	0.000	2.500	9.030	373.920	237.120	156.560	767.600	9.030		
9.040	0.000	0.000	2.500	2.500	9.040	373.920	241.680	164.160	779.760	9.040		
9.050	0.000	0.000	0.000	0.000	9.050	376.960	246.240	168.720	791.920	9.050		
9.060	0.000	0.000	0.000	0.000	9.060	376.960	253.840	174.800	805.600	9.060		
9.070	0.000	0.000	0.000	0.000	9.070	376.960	259.920	179.360	816.240	9.070		
9.080	0.000	0.000	0.000	0.000	9.080	373.920	264.480	183.920	822.320	9.080		
9.090	0.000	0.000	0.000	0.000	9.090	373.920	269.040	186.960	829.920	9.090		
9.100	0.000	0.000	0.000	0.000	9.100	372.400	272.080	194.560	839.040	9.100		
9.110	0.000	0.000	0.000	0.000	9.110	369.360	273.600	196.080	839.040	9.110		
9.120	0.000	0.000	0.000	0.000	9.120	364.800	273.600	199.120	837.520	9.120		
9.130	0.000	0.000	0.000	0.000	9.130	358.720	276.640	202.160	837.520	9.130		
9.140	0.000	0.000	0.000	0.000	9.140	357.200	273.600	202.160	832.960	9.140		
9.150	0.000	0.000	0.000	0.000	9.150	352.370	268.870	198.730	819.970	9.150		
9.160	0.000	0.000	0.000	0.000	9.160	344.020	263.860	197.060	804.940	9.160		
9.170	12.200	2.440	0.000	14.640	9.170	339.010	262.190	193.720	794.920	9.170		
9.180	21.960	4.880	0.000	26.840	9.180	339.010	258.850	188.710	786.570	9.180		
9.190	34.160	7.320	0.000	41.480	9.190	342.350	253.840	178.690	774.880	9.190		
9.200	59.780	9.760	0.000	69.540	9.200	349.030	248.830	167.000	764.860	9.200		
9.210	114.680	17.080	0.000	131.760	9.210	357.380	238.810	148.630	744.820	9.210		
9.220	179.340	31.720	4.880	215.940	9.220	367.400	227.120	126.920	721.440	9.220		
9.230	231.800	57.340	21.960	311.100	9.230	377.420	203.740	98.530	679.690	9.230		
9.240	279.380	71.980	31.720	383.080	9.240	392.450	173.680	73.480	639.610	9.240		
9.250	305.000	81.740	36.600	423.340	9.250	404.140	141.950	53.440	599.530	9.250		
9.260	308.800	91.200	46.400	446.400	9.260	414.160	108.550	41.750	564.460	9.260		
9.270	312.000	99.200	54.400	465.600	9.270	417.500	83.500	33.400	534.400	9.270		
9.280	313.600	108.800	64.000	486.400	9.280	407.480	63.460	31.730	502.670	9.280		
9.290	313.600	121.600	73.600	508.800	9.290	389.110	51.770	23.380	464.260	9.290		
9.300	320.000	136.000	84.800	540.800	9.300	360.000	38.880	17.280	416.160	9.300		
9.310	324.800	153.600	94.400	572.800	9.310	321.120	28.800	8.640	358.560	9.310		
9.320	334.400	174.400	108.800	617.600	9.320	286.560	21.600	7.200	315.360	9.320		
9.330	344.000	192.000	121.600	657.600	9.330	252.000	14.400	1.440	267.840	9.330		
9.340	360.000	214.400	134.400	708.800	9.340	217.440	7.200	1.440	226.080	9.340		
9.350	369.600	236.800	148.800	755.200	9.350	180.000	4.320	0.000	184.320	9.350		
9.360	379.200	254.400	161.600	795.200	9.360	144.000	1.440	0.000	145.440	9.360		
9.370	388.800	272.000	171.200	832.000	9.370	109.440	1.440	0.000	110.880	9.370		
9.380	393.600	286.400	182.400	862.400	9.380	79.200	1.440	0.000	80.640	9.380		
9.390	396.800	299.200	193.600	889.600	9.390	48.960	0.000	4.320	53.280	9.390		
9.400	400.000	312.000	204.800	916.800	9.400	27.360	0.000	7.200	34.560	9.400		
9.410	395.000	319.160	214.880	929.040	9.410	11.520	0.000	8.640	20.160	9.410		
9.420	391.840	327.060	221.200	940.100	9.420	8.640	0.000	7.200	15.840	9.420		
9.430	387.100	331.800	225.940	944.840	9.430	7.200	0.000	7.200	14.400	9.430		
9.440	379.200	331.800	232.260	943.260	9.440	4.320	0.000	7.200	11.520	9.440		
9.450	369.720	331.800	233.840	935.360	9.450	5.000	0.000	7.500	12.500	9.450		
9.460	358.660	328.640	237.000	924.300	9.460	2.500	0.000	7.500	10.000	9.460		
9.470	349.180	323.900	237.000	910.080	9.470	2.500	0.000	10.000	12.500	9.470		
9.480	339.700	319.160	233.840	892.700	9.480	0.000	0.000	10.000	10.000	9.480		
9.490	328.640	314.420	232.260	875.320	9.490	0.000	0.000	10.000	10.000	9.490		
9.500	316.000	309.680	233.840	859.520	9.500	0.000	0.000	10.000	10.000	9.500		
9.510	304.940	304.940	233.840	843.720	9.510	0.000	0.000	10.000	10.000	9.510		
9.520	293.880	301.780	232.260	827.920	9.520	0.000	0.000	10.000	10.000	9.520		
9.530	284.400	298.620	237.000	820.020	9.530	0.000	0.000	10.000	10.000	9.530		
9.540	274.920	298.620	238.580	812.120	9.540	0.000	0.000	12.500	12.500	9.540		
9.550	263.860	297.040	241.740	802.640	9.550	0.000	0.000	10.000	10.000	9.550		
9.560	257.040	296.480	244.800	798.320	9.560	0.000	0.000	12.500	12.500	9.560		
9.570	251.600	296.480	246.160	794.240	9.570	0.000	0.000	12.500	12.500	9.570		
9.580	248.880	299.200	248.880	796.960	9.580	0.000	0.000	10.000	10.000	9.580		
9.590	246.160	301.920	251.600	799.680	9.590	0.000	0.000	12.500	12.500	9.590		
9.600	246.160	304.640	257.040	807.840	9.600	0.000	0.000	9.900	9.900	9.600		
9.610	246.160	307.360	259.760	813.280	9.610	0.000	0.000	9.900	9.900	9.610		
9.620	248.880	308.720	259.760	817.360	9.620	0.000	0.000	9.900	9.900	9.620		
9.630	251.600	314.160	263.840	829.600	9.630	0.000	0.000	7.500	7.500	9.630		
9.640	257.040	316.880	263.840	837.760	9.640	0.000	0.000	7.500	7.500	9.640		
9.650	259.760	322.320	269.280	851.360	9.650	0.000	0.000	7.500	7.500	9.650		
9.660	262.480	329.120	272.000	863.600	9.660	0.000	0.000	4.800	4.800	9.660		
9.670	263.840	334.560	277.440	875.840	9.670	0.000	0.000	4.800	4.800	9.670		
9.680	263.840	337.280	278.800	879.920	9.680	0.000	0.000	22.500	22.500	9.680		
9.690	259.760	340.000	284.240	884.000	9.690	0.000	0.000	52.500	52.500	9.690		
9.700	251.600	340.000	286.960	878.560	9.700	19.800	12.300	60.000	92.100	9.700		
9.710	244.350	337.500	286.200	868.050	9.710	32.400	12.300	62.400	107.100	9.710		
9.720	234.900	329.400	284.850	849.150	9.720	19.800	4.800	60.000	84.600	9.720		
9.730	224.100	326.700	286.200	837.000	9.730	24.900	9.900	64.800	99.600	9.730		
9.740	214.650	319.950	284.850	819.450	9.740	30.000	15.000	75.000	120.000	9.740		
9.750	202.500	314.550	288.900	805.950	9.750	39.900	19.740	79.800	139.440	9.750		
9.760	189.000	306.450	288.900	784.350	9.760	47.460	24.780	82.320	154.560	9.760		
9.770	176.850	299.700	288.900	765.450	9.770	52.500	29.820	82.320	164.640	9.770		
9.780	162.000	291.600	288.900	742.500	9.780	57.120	34.860	82.320	174.300	9.780		
9.790	147.150	282.150	286.200	715.500	9.790	64.680	39.900	82.320	186.900	9.790		
9.800	136.350	271.350	286.200	693.900	9.800	67.200	44.940	79.800	191.940	9.800		
9.810	126.900	264.600	284.850	676.350	9.810	69.720	49.980	79.800	199.500	9.810		
9.820	118.800	256.500	282.150	657.450	9.820	74.760	52.500	77.280	204.540	9.820		
9.830	114.750	249.750	276.750	641.250	9.830	77.280	54.600	79.800	211.680	9.830		
9.840	112.050	244.350	274.050	630.450	9.840	79.800	59.640	82.320	221.760	9.840		
9.850	109.350	238.950	270.000	618.300	9.850	82.320	59.640	84.840	226.800	9.850		
9.860	109.180	237.440	265.000	611.620	9.860	87.360	62.160	89.880	239.400	9.860		
9.870	112.360	234.260	256.520	603.140	9.870	89.880	64.680	97.440	252.000	9.870		
9.880	116.600	228.960	246.980	592.540	9.880	92.400	67.200	99.960	259.560	9.880		
9.890	121.900	226.840	239.560	588.300	9.890	97.440	72.240	105.000	274.680	9.890		
9.900	129.320	221.540	232.140	583.000	9.900	102.410	74.690	109.340	286.440	9.900		
9.910	134.620	219.420	224.720	578.760	9.910	104.720	79.310	114.730	298.760	9.910		
9.920	136.740	217.300	217.300	571.340	9.920	112.420	84.700	117.040	314.160	9.920		
9.930	142.040	214.120	212.000	568.160	9.930	114.730	87.010	119.350	321.090	9.930		
9.940	142.040	214.120	209.880	566.040	9.940	119.350	92.400	119.350	331.100	9.940		
9.950	144.160	209.880	202.460	556.500	9.950	124.740	97.020	119.350	341.110	9.950		
9.960	144.160	206.700	197.160	548.020	9.960	132.440	102.410	119.350	354.200	9.960		
9.970	147.340	204.580	191.860	543.780	9.970	137.060	104.720	117.040	358.820	9.970		
9.980	149.460	202.460	189.740	541.660	9.980	147.070	112.420	117.040	376.530	9.980		
9.990	147.340	197.160	182.320	526.820	9.990	157.080	117.040	114.730	388.850	9.990		
10.000	147.340	191.860	179.140	518.340	10.000	164.780	122.430	114.730	401.940	10.000		
10.010	142.500	187.500	174.750	504.750	10.010	172.480	127.050	114.730	414.260	10.010		
10.020	135.000	182.250	172.500	489.750	10.020	179.410	132.440	117.040	428.890	10.020		
10.030	127.500	180.000	169.500	477.000	10.030	187.110	137.060	117.040	441.210	10.030		
10.040	117.000	174.750	172.500	464.250	10.040	192.500	142.450	117.040	451.990	10.040		
10.050	107.250	172.500	172.500	452.250	10.050	199.020	146.590	114.490	460.100	10.050		
10.060	97.500	167.250	172.500	437.250	10.060	209.720	151.940	112.350	474.010	10.060		
10.070	87.000	165.000	174.750	426.750	10.070	214.000	157.290	112.350	483.640	10.070		
10.080	77.250	159.750	172.500	409.500	10.080	221.490	157.290	107.000	485.780	10.080		
10.090	69.750	159.750	174.750	404.250	10.090	228.980	159.430	101.650	490.060	10.090		
10.100	64.500	154.500	174.750	393.750	10.100	236.470	159.430	97.370	493.270	10.100		
10.110	62.250	154.500	174.750	391.500	10.110	241.820	159.430	89.880	491.130	10.110		
10.120	60.000	152.250	174.750	387.000	10.120	247.170	157.290	86.670	491.130	10.120		
10.130	57.000	152.250	174.750	384.000	10.130	249.310	154.080	79.180	482.570	10.130		
10.140	54.750	152.250	169.500	376.500	10.140	254.660	151.940	74.900	481.500	10.140		
10.150	54.750	152.250	167.250	374.250	10.150	256.800	146.590	69.550	472.940	10.150		
10.160	54.560	151.280	162.440	368.280	10.160	258.940	142.310	64.200	465.450	10.160		
10.170	57.040	155.000	155.000	367.040	10.170	262.150	139.100	62.060	463.310	10.170		
10.180	62.000	155.000	148.800	365.800	10.180	262.150	134.820	56.710	453.680	10.180		
10.190	66.960	159.960	143.840	370.760	10.190	267.500	127.330	52.430	447.260	10.190		
10.200	74.400	159.960	138.880	373.240	10.200	268.940	119.780	47.460	436.180	10.200		
10.210	86.800	167.400	133.920	388.120	10.210	274.590	111.870	41.810	428.270	10.210		
10.220	104.160	172.360	128.960	405.480	10.220	276.850	103.960	37.290	418.100	10.220		
10.230	126.480	179.800	128.960	435.240	10.230	279.110	94.920	31.640	405.670	10.230		
10.240	151.280	184.760	126.480	462.520	10.240	282.500	84.750	29.380	396.630	10.240		
10.250	179.800	194.680	126.480	500.960	10.250	282.500	74.580	27.120	384.200	10.250		
10.260	204.600	202.120	124.000	530.720	10.260	274.590	59.890	21.470	355.950	10.260		
10.270	231.880	209.560	124.000	565.440	10.270	264.420	51.980	19.210	335.610	10.270		
10.280	256.680	219.480	124.000	600.160	10.280	249.730	39.550	19.210	308.490	10.280		
10.290	281.480	229.400	121.520	632.400	10.290	231.650	29.380	14.690	275.720	10.290		
10.300	310.000	239.320	119.040	668.360	10.300	209.050	19.210	12.430	240.690	10.300		
10.310	333.380	246.870	118.160	698.410	10.310	181.930	9.040	9.040	200.010	10.310		
10.320	356.590	251.090	113.940	721.620	10.320	154.810	2.260	9.040	166.110	10.320		
10.330	375.580	259.530	109.720	744.830	10.330	129.950	0.000	6.780	136.730	10.330		
10.340	398.790	261.640	103.390	763.820	10.340	107.350	0.000	4.520	111.870	10.340		
10.350	419.890	263.750	97.060	780.700	10.350	85.000	0.000	4.760	89.760	10.350		
10.360	438.880	263.750	86.510	789.140	10.360	64.940	0.000	4.760	69.700	10.360		
10.370	459.980	263.750	82.290	806.020	10.370	47.260	0.000	4.760	52.020	10.370		
10.380	474.750	261.640	73.850	810.240	10.380	32.300	0.000	4.760	37.060	10.380		
10.390	483.190	261.640	69.630	814.460	10.390	19.720	0.000	4.760	24.480	10.390		
10.400	495.850	257.420	63.300	816.570	10.400	9.860	0.000	7.480	17.340	10.400		
10.410	504.290	253.200	61.190	818.680	10.410	2.380	0.000	7.480	9.860	10.410		
10.420	510.620	251.090	56.970	818.680	10.420	0.000	0.000	7.480	7.480	10.420		
10.430	519.060	246.870	50.640	816.570	10.430	0.000	0.000	7.480	7.480	10.430		
10.440	523.280	240.540	48.530	812.350	10.440	0.000	0.000	7.480	7.480	10.440		
10.450	527.500	238.430	46.420	812.350	10.450	0.000	0.000	7.480	7.480	10.450		
10.460	532.170	233.280	41.310	806.760	10.460	0.000	0.000	7.480	7.480	10.460		
10.470	534.600	228.420	41.310	804.330	10.470	0.000	2.380	7.480	9.860	10.470		
10.480	537.030	221.130	38.880	797.040	10.480	0.000	0.000	7.480	7.480	10.480		
10.490	539.460	216.270	38.880	794.610	10.490	0.000	2.380	7.480	9.860	10.490		
10.500	546.750	213.840	36.450	797.040	10.500	0.000	2.500	5.000	7.500	10.500		
10.510	549.180	208.980	38.880	797.040	10.510	0.000	2.500	7.500	10.000	10.510		
10.520	554.040	204.120	36.450	794.610	10.520	0.000	5.000	7.500	12.500	10.520		
10.530	558.900	199.260	36.450	794.610	10.530	0.000	5.000	10.000	15.000	10.530		
10.540	566.190	196.830	36.450	799.470	10.540	0.000	5.000	7.500	12.500	10.540		
10.550	575.910	191.970	36.450	804.330	10.550	0.000	5.000	10.000	15.000	10.550		
10.560	583.200	189.540	36.450	809.190	10.560	0.000	7.500	10.000	17.500	10.560		
10.570	590.490	184.680	36.450	811.620	10.570	0.000	7.500	10.000	17.500	10.570		
10.580	597.780	184.680	36.450	818.910	10.580	0.000	10.000	12.500	22.500	10.580		
10.590	602.640	182.250	36.450	821.340	10.590	0.000	7.500	12.500	20.000	10.590		
10.600	607.500	179.820	34.020	821.340	10.600	0.000	10.000	10.000	20.000	10.600		
10.610	607.500	177.390	34.020	818.910	10.610	0.000	10.000	12.500	22.500	10.610		
10.620	602.640	174.960	34.020	811.620	10.620	0.000	10.000	10.000	20.000	10.620		
10.630	595.350	174.960	34.020	804.330	10.630	0.000	10.000	12.500	22.500	10.630		
10.640	588.060	170.100	34.020	792.180	10.640	0.000	12.500	12.500	25.000	10.640		
10.650	580.770	167.670	31.590	780.030	10.650	0.000	11.280	11.280	22.560	10.650		
10.660	573.480	165.240	29.160	767.880	10.660	0.000	16.920	32.430	49.350	10.660		
10.670	561.330	162.810	26.730	750.870	10.670	0.000	21.150	56.400	77.550	10.670		
10.680	546.750	157.950	21.870	726.570	10.680	0.000	23.970	84.600	108.570	10.680		
10.690	529.740	153.090	21.870	704.700	10.690	0.000	26.790	114.210	141.000	10.690		
10.700	505.440	148.230	21.870	675.540	10.700	1.410	32.430	143.820	177.660	10.700		
10.710	483.570	140.940	19.440	643.950	10.710	9.870	42.300	169.200	221.370	10.710		
10.720	461.700	133.650	17.010	612.360	10.720	19.740	49.350	191.760	260.850	10.720		
10.730	434.970	123.930	14.580	573.480	10.730	26.790	59.220	211.500	297.510	10.730		
10.740	405.810	116.640	12.150	534.600	10.740	36.660	69.090	236.880	342.630	10.740		
10.750	374.220	106.920	9.720	490.860	10.750	42.300	81.780	259.440	383.520	10.750		
10.760	340.000	99.280	4.080	443.360	10.760	43.710	91.650	282.000	417.360	10.760		
10.770	307.360	89.760	6.800	403.920	10.770	46.530	98.700	304.560	449.790	10.770		
10.780	277.440	81.600	1.360	360.400	10.780	52.170	111.390	327.120	490.680	10.780		
10.790	246.160	72.080	0.000	318.240	10.790	56.400	119.850	352.500	528.750	10.790		
10.800	218.960	66.640	0.000	285.600	10.800	59.250	125.610	379.200	564.060	10.800		
10.810	194.480	57.120	0.000	251.600	10.810	63.990	132.720	402.900	599.610	10.810		
10.820	171.360	51.680	0.000	223.040	10.820	66.360	139.830	428.970	635.160	10.820		
10.830	153.680	44.880	0.000	198.560	10.830	68.730	144.570	452.670	665.970	10.830		
10.840	134.640	39.440	0.000	174.080	10.840	68.730	149.310	476.370	694.410	10.840		
10.850	114.240	34.000	0.000	148.240	10.850	71.100	151.680	502.440	725.220	10.850		
10.860	102.000	31.280	0.000	133.280	10.860	71.100	154.050	519.030	744.180	10.860		
10.870	89.760	27.200	0.000	116.960	10.870	71.100	156.420	535.620	763.140	10.870		
10.880	78.880	19.040	0.000	97.920	10.880	71.100	158.790	549.840	779.730	10.880		
10.890	69.360	16.320	0.000	85.680	10.890	71.100	161.160	559.320	791.580	10.890		
10.900	61.200	14.960	0.000	76.160	10.900	71.100	161.160	571.170	803.430	10.900		
10.910	55.000	12.320	0.000	67.320	10.910	71.100	163.530	575.910	810.540	10.910		
10.920	47.300	9.900	0.000	57.200	10.920	71.100	165.900	580.650	817.650	10.920		
10.930	39.820	7.480	0.000	47.300	10.930	71.100	165.900	587.760	824.760	10.930		
10.940	34.980	4.840	0.000	39.820	10.940	68.730	163.530	592.500	824.760	10.940		
10.950	29.920	4.840	0.000	34.760	10.950	67.760	164.560	595.320	827.640	10.950		
10.960	27.500	2.420	0.000	29.920	10.960	65.340	164.560	597.740	827.640	10.960		
10.970	24.860	2.420	0.000	27.280	10.970	62.920	162.140	600.160	825.220	10.970		
10.980	19.800	2.420	0.000	22.220	10.980	60.500	162.140	600.160	822.800	10.980		
10.990	19.800	0.000	0.000	19.800	10.990	60.500	159.720	605.000	825.220	10.990		
11.000	19.800	0.000	0.000	19.800	11.000	58.080	159.720	605.000	822.800	11.000		
11.010	17.380	0.000	0.000	17.380	11.010	55.660	157.300	605.000	817.960	11.010		
11.020	17.380	0.000	0.000	17.380	11.020	55.660	157.300	600.160	813.120	11.020		
11.030	17.380	0.000	0.000	17.380	11.030	53.240	157.300	600.160	810.700	11.030		
11.040	17.380	0.000	0.000	17.380	11.040	53.240	154.880	600.160	808.280	11.040		
11.050	17.380	0.000	0.000	17.380	11.050	50.820	157.300	600.160	808.280	11.050		
11.060	14.960	0.000	0.000	14.960	11.060	50.820	154.880	597.740	803.440	11.060		
11.070	14.960	0.000	0.000	14.960	11.070	50.820	157.300	597.740	805.860	11.070		
11.080	14.960	0.000	0.000	14.960	11.080	50.820	157.300	597.740	805.860	11.080		
11.090	14.960	0.000	0.000	14.960	11.090	48.400	159.720	597.740	805.860	11.090		
11.100	14.960	0.000	0.000	14.960	11.100	47.800	157.740	597.500	803.040	11.100		
11.110	14.960	0.000	0.000	14.960	11.110	50.190	160.130	587.940	798.260	11.110		
11.120	14.960	0.000	0.000	14.960	11.120	57.360	169.690	578.380	805.430	11.120		
11.130	14.960	0.000	0.000	14.960	11.130	64.530	179.250	561.650	805.430	11.130		
11.140	14.960	0.000	0.000	14.960	11.140	69.310	186.420	544.920	800.650	11.140		
11.150	14.960	0.000	0.000	14.960	11.150	78.870	195.980	521.020	795.870	11.150		
11.160	17.340	0.000	0.000	17.340	11.160	88.430	203.150	501.900	793.480	11.160		
11.170	14.960	0.000	0.000	14.960	11.170	95.600	210.320	478.000	783.920	11.170		
11.180	14.960	0.000	0.000	14.960	11.180	112.330	219.880	456.490	788.700	11.180		
11.190	29.920	0.000	0.000	29.920	11.190	126.670	229.440	425.420	781.530	11.190		
11.200	42.500	0.000	2.380	44.880	11.200	141.010	231.830	394.350	767.190	11.200		
11.210	61.050	0.000	1.850	62.900	11.210	160.130	236.610	356.110	752.850	11.210		
11.220	107.300	0.000	1.850	109.150	11.220	184.030	236.610	315.480	736.120	11.220		
11.230	166.500	3.700	3.700	173.900	11.230	207.930	234.220	272.460	714.610	11.230		
11.240	218.300	11.100	3.700	233.100	11.240	231.830	222.270	224.660	678.760	11.240		
11.250	251.600	25.900	7.400	284.900	11.250	259.500	199.500	166.500	625.500	11.250		
11.260	268.250	37.000	14.800	320.050	11.260	286.500	172.500	121.500	580.500	11.260		
11.270	288.600	46.250	16.650	351.500	11.270	315.000	135.000	84.000	534.000	11.270		
11.280	314.500	66.600	25.900	407.000	11.280	337.500	94.500	67.500	499.500	11.280		
11.290	338.550	81.400	33.300	453.250	11.290	357.000	60.000	54.000	471.000	11.290		
11.300	360.750	94.350	38.850	493.950	11.300	369.000	37.500	49.500	456.000	11.300		
11.310	386.650	109.150	44.400	540.200	11.310	375.000	19.500	45.000	439.500	11.310		
11.320	410.700	123.950	51.800	586.450	11.320	369.000	4.500	42.000	415.500	11.320		
11.330	431.050	136.900	53.650	621.600	11.330	352.500	0.000	37.500	390.000	11.330		
11.340	449.550	153.550	61.050	664.150	11.340	322.500	0.000	30.000	352.500	11.340		
11.350	462.500	166.500	66.600	695.600	11.350	282.000	0.000	24.000	306.000	11.350		
11.360	479.080	184.730	73.080	736.890	11.360	234.000	0.000	16.500	250.500	11.360		
11.370	491.260	198.940	81.200	771.400	11.370	181.500	0.000	9.000	190.500	11.370		
11.380	499.380	211.120	83.230	793.730	11.380	132.000	0.000	9.000	141.000	11.380		
11.390	507.500	223.300	91.350	822.150	11.390	91.500	0.000	9.000	100.500	11.390		
11.400	507.500	233.450	101.500	842.450	11.400	62.500	0.000	10.000	72.500	11.400		
11.410	501.410	243.600	105.560	850.570	11.410	37.500	0.000	12.500	50.000	11.410		
11.420	491.260	251.720	113.680	856.660	11.420	25.000	0.000	15.000	40.000	11.420		
11.430	477.050	255.780	121.800	854.630	11.430	22.500	0.000	12.500	35.000	11.430		
11.440	456.750	261.870	131.950	850.570	11.440	17.500	0.000	7.500	25.000	11.440		
11.450	434.420	261.870	138.040	834.330	11.450	12.500	0.000	7.500	20.000	11.450		
11.460	414.120	263.900	146.160	824.180	11.460	12.500	0.000	10.000	22.500	11.460		
11.470	391.790	263.900	154.280	809.970	11.470	10.000	0.000	10.000	20.000	11.470		
11.480	375.550	263.900	158.340	797.790	11.480	7.500	0.000	7.500	15.000	11.480		
11.490	359.310	263.900	166.460	789.670	11.490	7.500	0.000	5.000	12.500	11.490		
11.500	341.040	263.900	170.520	775.460	11.500	2.500	0.000	2.500	5.000	11.500		
11.510	321.480	263.670	179.070	764.220	11.510	2.500	0.000	2.500	5.000	11.510		
11.520	301.740	262.260	188.940	752.940	11.520	0.000	0.000	2.500	2.500	11.520		
11.530	282.000	259.440	197.400	738.840	11.530	0.000	0.000	2.500	2.500	11.530		
11.540	263.670	256.620	207.270	727.560	11.540	0.000	0.000	5.000	5.000	11.540		
11.550	246.750	253.800	214.320	714.870	11.550	0.000	0.000	2.500	2.500	11.550		
11.560	229.830	253.800	224.190	707.820	11.560	0.000	0.000	2.500	2.500	11.560		
11.570	217.140	253.800	231.240	702.180	11.570	0.000	0.000	2.500	2.500	11.570		
11.580	204.450	256.620	241.110	702.180	11.580	0.000	0.000	2.500	2.500	11.580		
11.590	194.580	262.260	253.800	710.640	11.590	0.000	0.000	0.000	0.000	11.590		
11.600	184.710	266.490	269.310	720.510	11.600	0.000	0.000	0.000	0.000	11.600		
11.610	174.840	272.130	284.820	731.790	11.610	0.000	0.000	0.000	0.000	11.610		
11.620	162.150	274.950	296.100	733.200	11.620	0.000	0.000	0.000	0.000	11.620		
11.630	152.280	279.180	314.430	745.890	11.630	0.000	0.000	0.000	0.000	11.630		
11.640	142.410	282.000	331.350	755.760	11.640	0.000	0.000	0.000	0.000	11.640		
11.650	129.720	286.230	352.500	768.450	11.650	0.000	0.000	0.000	0.000	11.650		
11.660	113.600	287.550	372.750	773.900	11.660	0.000	0.000	0.000	0.000	11.660		
11.670	99.400	291.100	404.700	795.200	11.670	0.000	0.000	0.000	0.000	11.670		
11.680	85.200	294.650	436.650	816.500	11.680	0.000	0.000	0.000	0.000	11.680		
11.690	74.550	294.650	472.150	841.350	11.690	0.000	0.000	0.000	0.000	11.690		
11.700	60.350	291.100	504.100	855.550	11.700	0.000	0.000	0.000	0.000	11.700		
11.710	49.700	287.550	546.700	883.950	11.710	0.000	0.000	0.000	0.000	11.710		
11.720	39.050	280.450	585.750	905.250	11.720	0.000	0.000	0.000	0.000	11.720		
11.730	31.950	269.800	624.800	926.550	11.730	0.000	0.000	0.000	0.000	11.730		
11.740	28.400	255.600	670.950	954.950	11.740	0.000	0.000	0.000	0.000	11.740		
11.750	17.750	234.300	717.100	969.150	11.750	0.000	1.950	0.000	1.950	11.750		
11.760	14.200	216.550	759.700	990.450	11.760	0.000	4.550	1.950	6.500	11.760		
11.770	7.100	198.800	798.750	1004.650	11.770	0.000	4.550	1.950	6.500	11.770		
11.780	7.100	177.500	834.250	1018.850	11.780	0.000	4.550	0.000	4.550	11.780		
11.790	3.550	159.750	862.650	1025.950	11.790	0.000	1.950	0.000	1.950	11.790		
11.800	0.000	142.000	887.500	1029.500	11.800	0.000	1.950	7.150	9.100	11.800		
11.810	0.000	121.440	905.280	1026.720	11.810	0.000	7.150	39.650	46.800	11.810		
11.820	0.000	110.400	916.320	1026.720	11.820	0.000	9.750	79.950	89.700	11.820		
11.830	0.000	99.360	920.000	1019.360	11.830	0.000	12.350	130.000	142.350	11.830		
11.840	0.000	88.320	912.640	1000.960	11.840	0.000	9.750	162.500	172.250	11.840		
11.850	0.000	77.280	901.600	978.880	11.850	0.000	8.480	188.680	197.160	11.850		
11.860	0.000	69.920	879.520	949.440	11.860	0.000	10.600	220.480	231.080	11.860		
11.870	0.000	58.880	846.400	905.280	11.870	2.120	14.840	267.120	284.080	11.870		
11.880	0.000	51.520	805.920	857.440	11.880	4.240	19.080	309.520	332.840	11.880		
11.890	0.000	40.480	736.000	776.480	11.890	8.480	29.680	349.800	387.960	11.890		
11.900	0.000	29.440	644.000	673.440	11.900	21.200	57.240	392.200	470.640	11.900		
11.910	0.000	14.720	537.280	552.000	11.910	42.400	84.800	428.240	555.440	11.910		
11.920	0.000	3.680	423.200	426.880	11.920	57.240	99.640	443.080	599.960	11.920		
11.930	0.000	0.000	305.440	305.440	11.930	72.080	114.480	455.800	642.360	11.930		
11.940	0.000	0.000	202.400	202.400	11.940	86.920	133.560	474.880	695.360	11.940		
11.950	0.000	0.000	125.120	125.120	11.950	95.400	154.760	493.960	744.120	11.950		
11.960	0.000	0.000	67.500	67.500	11.960	108.120	173.840	510.920	792.880	11.960		
11.970	0.000	0.000	37.260	37.260	11.970	116.600	190.800	525.760	833.160	11.970		
11.980	0.000	0.000	22.410	22.410	11.980	127.200	209.880	530.000	867.080	11.980		
11.990	0.000	0.000	17.280	17.280	11.990	133.560	220.480	525.760	879.800	11.990		
12.000	0.000	0.000	14.850	14.850	12.000	144.900	233.910	517.500	896.310	12.000		
12.010	0.000	0.000	14.850	14.850	12.010	153.180	244.260	500.940	898.380	12.010		
12.020	0.000	0.000	9.990	9.990	12.020	163.530	248.400	482.310	894.240	12.020		
12.030	0.000	0.000	9.990	9.990	12.030	173.880	250.470	459.540	883.890	12.030		
12.040	0.000	0.000	7.290	7.290	12.040	182.160	254.610	436.770	873.540	12.040		
12.050	0.000	0.000	7.290	7.290	12.050	186.300	248.400	409.860	844.560	12.050		
12.060	0.000	0.000	4.860	4.860	12.060	196.650	248.400	382.950	828.000	12.060		
12.070	0.000	0.000	2.430	2.430	12.070	204.930	246.330	358.110	809.370	12.070		
12.080	0.000	0.000	4.860	4.860	12.080	211.140	242.190	331.200	784.530	12.080		
12.090	0.000	0.000	4.860	4.860	12.090	219.420	238.050	308.430	765.900	12.090		
12.100	0.000	0.000	2.430	2.430	12.100	225.630	233.910	285.660	745.200	12.100		
12.110	0.000	0.000	2.500	2.500	12.110	233.910	229.770	260.820	724.500	12.110		
12.120	0.000	0.000	2.500	2.500	12.120	242.190	223.560	242.190	707.940	12.120		
12.130	0.000	0.000	0.000	0.000	12.130	248.400	219.420	223.560	691.380	12.130		
12.140	0.000	0.000	0.000	0.000	12.140	256.680	213.210	207.000	676.890	12.140		
12.150	0.000	0.000	2.500	2.500	12.150	267.180	214.110	188.490	669.780	12.150		
12.160	0.000	0.000	0.000	0.000	12.160	276.330	212.280	179.340	667.950	12.160		
12.170	0.000	0.000	0.000	0.000	12.170	283.650	212.280	166.530	662.460	12.170		
12.180	0.000	0.000	0.000	0.000	12.180	296.460	212.280	157.380	666.120	12.180		
12.190	0.000	0.000	0.000	0.000	12.190	303.780	212.280	148.230	664.290	12.190		
12.200	0.000	0.000	0.000	0.000	12.200	314.760	212.280	140.910	667.950	12.200		
12.210	0.000	0.000	0.000	0.000	12.210	323.910	214.110	137.250	675.270	12.210		
12.220	0.000	0.000	0.000	0.000	12.220	334.890	219.600	131.760	686.250	12.220		
12.230	0.000	0.000	0.000	0.000	12.230	345.870	221.430	126.270	693.570	12.230		
12.240	0.000	0.000	0.000	0.000	12.240	364.170	226.920	120.780	711.870	12.240		
12.250	0.000	0.000	0.000	0.000	12.250	378.810	226.920	113.460	719.190	12.250		
12.260	0.000	0.000	0.000	0.000	12.260	393.450	228.750	109.800	732.000	12.260		
12.270	0.000	0.000	0.000	0.000	12.270	409.920	234.240	104.310	748.470	12.270		
12.280	0.000	0.000	0.000	0.000	12.280	433.710	234.240	93.330	761.280	12.280		
12.290	0.000	0.000	0.000	0.000	12.290	457.500	239.730	86.010	783.240	12.290		
12.300	0.000	0.000	0.000	0.000	12.300	485.110	244.300	76.780	806.190	12.300		
12.310	0.000	0.000	0.000	0.000	12.310	516.520	244.300	69.800	830.620	12.310		
12.320	0.000	0.000	0.000	0.000	12.320	544.440	244.300	59.330	848.070	12.320		
12.330	0.000	2.340	0.000	2.340	12.330	579.340	237.320	52.350	869.010	12.330		
12.340	0.000	4.680	0.000	4.680	12.340	614.240	223.360	45.370	882.970	12.340		
12.350	0.000	4.680	0.000	4.680	12.350	649.140	209.400	34.900	893.440	12.350		
12.360	0.000	2.340	0.000	2.340	12.360	691.020	188.460	31.410	910.890	12.360		
12.370	0.000	0.000	2.340	2.340	12.370	729.410	167.520	24.430	921.360	12.370		
12.380	12.480	4.680	0.000	17.160	12.380	767.800	146.580	17.450	931.830	12.380		
12.390	52.260	7.410	0.000	59.670	12.390	802.700	125.640	13.960	942.300	12.390		
12.400	97.500	9.750	0.000	107.250	12.400	834.110	104.700	10.470	949.280	12.400		
12.410	133.170	9.650	0.000	142.820	12.410	855.050	83.760	6.980	945.790	12.410		
12.420	169.840	13.510	1.930	185.280	12.420	872.500	69.800	6.980	949.280	12.420		
12.430	218.090	17.370	1.930	237.390	12.430	869.010	55.840	3.490	928.340	12.430		
12.440	272.130	21.230	3.860	297.220	12.440	862.030	41.880	0.000	903.910	12.440		
12.450	322.310	30.880	11.580	364.770	12.450	842.500	33.700	0.000	876.200	12.450		
12.460	364.770	46.320	17.370	428.460	12.460	812.170	23.590	0.000	835.760	12.460		
12.470	395.650	69.480	23.160	488.290	12.470	781.840	13.480	0.000	795.320	12.470		
12.480	407.230	94.570	30.880	532.680	12.480	738.030	3.370	0.000	741.400	12.480		
12.490	399.510	108.080	42.460	550.050	12.490	684.110	0.000	0.000	684.110	12.490		
12.500	393.720	121.590	59.830	575.140	12.500	609.970	0.000	0.000	609.970	12.500		
12.510	403.370	138.960	77.200	619.530	12.510	522.350	0.000	0.000	522.350	12.510		
12.520	420.740	156.330	88.780	665.850	12.520	417.880	0.000	0.000	417.880	12.520		
12.530	441.970	175.630	98.430	716.030	12.530	310.040	0.000	0.000	310.040	12.530		
12.540	463.200	198.790	111.940	773.930	12.540	212.310	0.000	0.000	212.310	12.540		
12.550	482.500	218.090	123.520	824.110	12.550	128.060	0.000	0.000	128.060	12.550		
12.560	488.560	236.400	131.990	856.950	12.560	67.400	0.000	0.000	67.400	12.560		
12.570	492.500	248.220	141.840	882.560	12.570	26.960	0.000	0.000	26.960	12.570		
12.580	488.560	263.980	151.690	904.230	12.580	16.850	0.000	3.370	20.220	12.580		
12.590	478.710	271.860	155.630	906.200	12.590	13.480	0.000	6.740	20.220	12.590		
12.600	466.890	279.740	163.510	910.140	12.600	12.500	0.000	10.000	22.500	12.600		
12.610	451.130	281.710	171.390	904.230	12.610	10.000	0.000	7.500	17.500	12.610		
12.620	433.400	281.710	179.270	894.380	12.620	10.000	0.000	5.000	15.000	12.620		
12.630	413.700	281.710	181.240	876.650	12.630	7.500	0.000	7.500	15.000	12.630		
12.640	392.030	279.740	189.120	860.890	12.640	5.000	0.000	5.000	10.000	12.640		
12.650	368.390	279.740	191.090	839.220	12.650	5.000	0.000	5.000	10.000	12.650		
12.660	348.690	275.800	198.970	823.460	12.660	2.500	0.000	5.000	7.500	12.660		
12.670	323.080	271.860	204.880	799.820	12.670	2.500	0.000	5.000	7.500	12.670		
12.680	301.410	265.950	208.820	776.180	12.680	2.500	0.000	5.000	7.500	12.680		
12.690	279.740	263.980	216.700	760.420	12.690	2.500	0.000	5.000	7.500	12.690		
12.700	262.010	258.070	218.670	738.750	12.700	0.000	0.000	5.000	5.000	12.700		
12.710	241.400	256.700	224.400	722.500	12.710	0.000	0.000	7.500	7.500	12.710		
12.720	224.400	255.000	231.200	710.600	12.720	0.000	0.000	7.500	7.500	12.720		
12.730	209.100	251.600	236.300	697.000	12.730	0.000	0.000	7.500	7.500	12.730		
12.740	193.800	251.600	246.500	691.900	12.740	0.000	0.000	5.000	5.000	12.740		
12.750	181.900	256.700	256.700	695.300	12.750	0.000	0.000	5.000	5.000	12.750		
12.760	170.000	256.700	266.900	693.600	12.760	0.000	0.000	5.000	5.000	12.760		
12.770	159.800	258.400	278.800	697.000	12.770	0.000	0.000	5.000	5.000	12.770		
12.780	149.600	261.800	292.400	703.800	12.780	0.000	0.000	5.000	5.000	12.780		
12.790	141.100	263.500	304.300	708.900	12.790	0.000	0.000	5.000	5.000	12.790		
12.800	130.900	268.600	321.300	720.800	12.800	0.000	0.000	5.000	5.000	12.800		
12.810	122.400	277.100	340.000	739.500	12.810	0.000	0.000	5.000	5.000	12.810		
12.820	113.900	282.200	358.700	754.800	12.820	0.000	0.000	5.000	5.000	12.820		
12.830	103.700	283.900	377.400	765.000	12.830	0.000	0.000	5.000	5.000	12.830		
12.840	96.900	289.000	401.200	787.100	12.840	0.000	0.000	2.500	2.500	12.840		
12.850	86.700	292.400	425.000	804.100	12.850	0.000	0.000	2.500	2.500	12.850		
12.860	76.780	289.670	446.720	813.170	12.860	0.000	0.000	2.500	2.500	12.860		
12.870	69.800	289.670	474.640	834.110	12.870	0.000	0.000	2.500	2.500	12.870		
12.880	59.330	289.670	502.560	851.560	12.880	0.000	0.000	0.000	0.000	12.880		
12.890	52.350	289.670	537.460	879.480	12.890	0.000	0.000	0.000	0.000	12.890		
12.900	41.880	282.690	568.870	893.440	12.900	0.000	0.000	0.000	0.000	12.900		
12.910	34.900	279.200	603.770	917.870	12.910	0.000	0.000	0.000	0.000	12.910		
12.920	31.410	265.240	642.160	938.810	12.920	0.000	0.000	0.000	0.000	12.920		
12.930	24.430	254.770	680.550	959.750	12.930	0.000	0.000	0.000	0.000	12.930		
12.940	17.450	237.320	715.450	970.220	12.940	1.280	1.280	1.280	3.840	12.940		
12.950	10.470	219.870	750.350	980.690	12.950	0.000	1.280	1.280	2.560	12.950		
12.960	6.980	198.930	781.760	987.670	12.960	1.280	0.000	0.000	1.280	12.960		
12.970	3.490	184.970	816.660	1005.120	12.970	0.000	0.000	0.000	0.000	12.970		
12.980	0.000	164.030	844.580	1008.610	12.980	0.000	1.280	16.640	17.920	12.980		
12.990	0.000	146.580	858.540	1005.120	12.990	0.000	3.840	61.440	65.280	12.990		
13.000	0.000	125.640	872.500	998.140	13.000	0.000	8.960	108.800	117.760	13.000		
13.010	0.000	108.500	875.000	983.500	13.010	0.000	11.520	144.640	156.160	13.010		
13.020	0.000	94.500	864.500	959.000	13.020	0.000	14.080	184.320	198.400	13.020		
13.030	0.000	84.000	850.500	934.500	13.030	0.000	19.200	249.600	268.800	13.030		
13.040	0.000	73.500	829.500	903.000	13.040	3.840	24.320	320.000	348.160	13.040		
13.050	0.000	63.000	801.500	864.500	13.050	8.480	33.920	383.720	426.120	13.050		
13.060	0.000	52.500	759.500	812.000	13.060	16.960	50.880	415.520	483.360	13.060		
13.070	0.000	42.000	710.500	752.500	13.070	29.680	76.320	432.480	538.480	13.070		
13.080	0.000	31.500	647.500	679.000	13.080	46.640	91.160	428.240	566.040	13.080		
13.090	0.000	17.500	560.000	577.500	13.090	59.360	93.280	407.040	559.680	13.090		
13.100	0.000	3.500	455.000	458.500	13.100	76.320	103.880	396.440	576.640	13.100		
13.110	0.000	0.000	346.500	346.500	13.110	93.280	118.720	407.040	619.040	13.110		
13.120	0.000	0.000	248.500	248.500	13.120	106.000	133.560	428.240	667.800	13.120		
13.130	0.000	0.000	164.500	164.500	13.130	116.600	148.400	455.800	720.800	13.130		
13.140	0.000	0.000	105.000	105.000	13.140	127.200	167.480	485.480	780.160	13.140		
13.150	0.000	0.000	59.500	59.500	13.150	135.680	188.680	508.800	833.160	13.150		
13.160	0.000	2.470	32.500	34.970	13.160	144.160	209.880	523.640	877.680	13.160		
13.170	0.000	0.000	24.960	24.960	13.170	150.520	220.480	530.000	901.000	13.170		
13.180	0.000	0.000	19.890	19.890	13.180	161.120	233.200	525.760	920.080	13.180		
13.190	0.000	0.000	17.420	17.420	13.190	171.720	245.920	519.400	937.040	13.190		
13.200	0.000	0.000	19.890	19.890	13.200	180.900	257.280	502.500	940.680	13.200		
13.210	0.000	0.000	19.890	19.890	13.210	190.950	261.300	482.400	934.650	13.210		
13.220	0.000	0.000	17.420	17.420	13.220	198.990	263.310	454.260	916.560	13.220		
13.230	0.000	0.000	14.950	14.950	13.230	211.050	269.340	426.120	906.510	13.230		
13.240	0.000	0.000	12.480	12.480	13.240	223.110	269.340	402.000	894.450	13.240		
13.250	0.000	0.000	12.480	12.480	13.250	233.160	269.340	371.850	874.350	13.250		
13.260	0.000	0.000	12.480	12.480	13.260	243.210	267.330	343.710	854.250	13.260		
13.270	0.000	0.000	9.880	9.880	13.270	251.250	263.310	315.570	830.130	13.270		
13.280	0.000	0.000	9.880	9.880	13.280	261.300	261.300	289.440	812.040	13.280		
13.290	0.000	0.000	9.880	9.880	13.290	269.340	257.280	263.310	789.930	13.290		
13.300	0.000	0.000	9.880	9.880	13.300	277.380	249.240	243.210	769.830	13.300		
13.310	0.000	0.000	7.480	7.480	13.310	283.410	243.210	221.100	747.720	13.310		
13.320	0.000	0.000	7.480	7.480	13.320	293.460	237.180	201.000	731.640	13.320		
13.330	0.000	0.000	10.000	10.000	13.330	303.510	231.150	180.900	715.560	13.330		
13.340	0.000	0.000	5.000	5.000	13.340	315.570	227.130	164.820	707.520	13.340		
13.350	0.000	0.000	5.000	5.000	13.350	325.260	222.300	147.420	694.980	13.350		
13.360	0.000	0.000	5.000	5.000	13.360	339.300	215.280	131.040	685.620	13.360		
13.370	0.000	0.000	7.480	7.480	13.370	353.340	212.940	119.340	685.620	13.370		
13.380	0.000	0.000	5.000	5.000	13.380	367.380	210.600	109.980	687.960	13.380		
13.390	0.000	0.000	5.000	5.000	13.390	383.760	210.600	98.280	692.640	13.390		
13.400	0.000	0.000	2.480	2.480	13.400	397.800	208.260	88.920	694.980	13.400		
13.410	0.000	0.000	2.480	2.480	13.410	416.520	208.260	81.900	706.680	13.410		
13.420	0.000	0.000	2.480	2.480	13.420	435.240	205.920	70.200	711.360	13.420		
13.430	0.000	0.000	2.480	2.480	13.430	453.960	205.920	63.180	723.060	13.430		
13.440	0.000	0.000	2.480	2.480	13.440	477.360	203.580	58.500	739.440	13.440		
13.450	0.000	0.000	0.000	0.000	13.450	498.420	198.900	51.480	748.800	13.450		
13.460	0.000	0.000	0.000	0.000	13.460	519.480	196.560	49.140	765.180	13.460		
13.470	0.000	0.000	0.000	0.000	13.470	538.200	194.220	44.460	776.880	13.470		
13.480	0.000	0.000	0.000	0.000	13.480	561.600	189.540	39.780	790.920	13.480		
13.490	0.000	0.000	0.000	0.000	13.490	585.000	180.180	37.440	802.620	13.490		
13.500	0.000	0.000	0.000	0.000	13.500	608.220	176.580	32.700	817.500	13.500		
13.510	0.000	0.000	0.000	0.000	13.510	634.380	166.770	29.430	830.580	13.510		
13.520	0.000	0.000	0.000	0.000	13.520	657.270	160.230	22.890	840.390	13.520		
13.530	0.000	2.500	0.000	2.500	13.530	676.890	150.420	19.620	846.930	13.530		
13.540	0.000	2.500	0.000	2.500	13.540	703.050	140.610	13.080	856.740	13.540		
13.550	0.000	2.500	0.000	2.500	13.550	729.210	130.800	13.080	873.090	13.550		
13.560	0.000	5.000	2.500	7.500	13.560	752.100	114.450	9.810	876.360	13.560		
13.570	0.000	7.500	0.000	7.500	13.570	771.720	104.640	9.810	886.170	13.570		
13.580	30.000	10.000	0.000	40.000	13.580	788.070	94.830	6.540	889.440	13.580		
13.590	67.500	12.500	0.000	80.000	13.590	804.420	81.750	3.270	889.440	13.590		
13.600	125.000	17.500	0.000	142.500	13.600	814.230	71.940	0.000	886.170	13.600		
13.610	193.200	23.100	2.100	218.400	13.610	817.500	65.400	0.000	882.900	13.610		
13.620	277.200	31.500	4.200	312.900	13.620	817.500	55.590	0.000	873.090	13.620		
13.630	363.300	46.200	8.400	417.900	13.630	804.420	49.050	0.000	853.470	13.630		
13.640	441.000	63.000	18.900	522.900	13.640	788.070	39.240	0.000	827.310	13.640		
13.650	495.600	96.600	31.500	623.700	13.650	762.500	33.550	0.000	796.050	13.650		
13.660	525.000	132.300	44.100	701.400	13.660	722.850	27.450	0.000	750.300	13.660		
13.670	516.600	149.100	54.600	720.300	13.670	674.050	18.300	0.000	692.350	13.670		
13.680	487.200	159.600	67.200	714.000	13.680	610.000	9.150	0.000	619.150	13.680		
13.690	466.200	168.000	84.000	718.200	13.690	524.600	0.000	0.000	524.600	13.690		
13.700	464.100	186.900	100.800	751.800	13.700	423.950	0.000	0.000	423.950	13.700		
13.710	472.500	214.200	119.700	806.400	13.710	317.200	0.000	0.000	317.200	13.710		
13.720	483.000	239.400	136.500	858.900	13.720	216.550	0.000	0.000	216.550	13.720		
13.730	491.400	256.200	147.000	894.600	13.730	122.000	0.000	0.000	122.000	13.730		
13.740	493.500	273.000	157.500	924.000	13.740	61.000	0.000	0.000	61.000	13.740		
13.750	493.500	289.800	165.900	949.200	13.750	27.450	0.000	0.000	27.450	13.750		
13.760	492.500	303.380	177.300	973.180	13.760	15.250	0.000	3.050	18.300	13.760		
13.770	480.680	317.170	189.120	986.970	13.770	12.200	0.000	6.100	18.300	13.770		
13.780	466.890	321.110	197.000	985.000	13.780	12.200	0.000	12.200	24.400	13.780		
13.790	449.160	321.110	200.940	971.210	13.790	12.200	0.000	9.150	21.350	13.790		
13.800	427.490	319.140	206.850	953.480	13.800	12.500	0.000	10.000	22.500	13.800		
13.810	401.880	311.260	210.790	923.930	13.810	10.000	0.000	7.500	17.500	13.810		
13.820	378.240	309.290	214.730	902.260	13.820	7.500	0.000	5.000	12.500	13.820		
13.830	356.570	301.410	216.700	874.680	13.830	7.500	0.000	5.000	12.500	13.830		
13.840	330.960	293.530	220.640	845.130	13.840	7.500	0.000	5.000	12.500	13.840		
13.850	307.320	285.650	226.550	819.520	13.850	5.000	0.000	5.000	10.000	13.850		
13.860	285.650	279.740	228.520	793.910	13.860	5.000	0.000	5.000	10.000	13.860		
13.870	265.950	273.830	234.430	774.210	13.870	5.000	0.000	7.500	12.500	13.870		
13.880	248.220	269.890	238.370	756.480	13.880	5.000	0.000	7.500	12.500	13.880		
13.890	234.430	263.980	244.280	742.690	13.890	2.500	0.000	7.500	10.000	13.890		
13.900	218.670	258.070	248.220	724.960	13.900	2.500	0.000	7.500	10.000	13.900		
13.910	203.840	256.620	254.800	715.260	13.910	2.500	0.000	7.500	10.000	13.910		
13.920	189.280	254.800	262.080	706.160	13.920	2.500	0.000	7.500	10.000	13.920		
13.930	178.360	251.160	265.720	695.240	13.930	2.500	0.000	7.500	10.000	13.930		
13.940	169.260	251.160	276.640	697.060	13.940	2.500	0.000	7.500	10.000	13.940		
13.950	158.340	251.160	285.740	695.240	13.950	2.490	0.000	7.500	9.990	13.950		
13.960	151.060	254.800	291.200	697.060	13.960	2.490	0.000	7.500	9.990	13.960		
13.970	143.780	256.620	309.400	709.800	13.970	2.490	0.000	4.980	7.470	13.970		
13.980	134.680	262.080	322.140	718.900	13.980	0.000	0.000	7.500	7.500	13.980		
13.990	129.220	265.720	336.700	731.640	13.990	2.490	0.000	7.500	9.990	13.990		
14.000	121.940	271.180	356.720	749.840	14.000	0.000	0.000	4.980	4.980	14.000		
14.010	114.660	278.460	374.920	768.040	14.010	0.000	0.000	4.980	4.980	14.010		
14.020	107.380	283.920	394.940	786.240	14.020	0.000	0.000	4.980	4.980	14.020		
14.030	98.280	285.740	414.960	798.980	14.030	0.000	0.000	4.980	4.980	14.030		
14.040	94.640	289.380	431.340	815.360	14.040	0.000	0.000	2.490	2.490	14.040		
14.050	87.360	291.200	455.000	833.560	14.050	0.000	0.000	2.490	2.490	14.050		
14.060	77.520	293.930	474.810	846.260	14.060	0.000	0.000	0.000	0.000	14.060		
14.070	71.060	297.160	500.650	868.870	14.070	0.000	0.000	0.000	0.000	14.070		
14.080	64.600	297.160	520.030	881.790	14.080	0.000	0.000	0.000	0.000	14.080		
14.090	58.140	293.930	542.640	894.710	14.090	0.000	0.000	0.000	0.000	14.090		
14.100	51.680	284.240	562.020	897.940	14.100	0.000	0.000	0.000	0.000	14.100		
14.110	41.990	274.550	591.090	907.630	14.110	0.000	1.650	0.000	1.650	14.110		
14.120	35.530	255.170	616.930	907.630	14.120	0.000	1.650	0.000	1.650	14.120		
14.130	32.300	242.250	649.230	923.780	14.130	0.000	4.950	0.000	4.950	14.130		
14.140	22.610	216.410	684.760	923.780	14.140	0.000	4.950	0.000	4.950	14.140		
14.150	16.150	193.800	717.060	927.010	14.150	0.000	1.650	0.000	1.650	14.150		
14.160	9.690	174.420	749.360	933.470	14.160	0.000	4.950	19.800	24.750	14.160		
14.170	9.690	151.810	771.970	933.470	14.170	0.000	9.900	74.250	84.150	14.170		
14.180	6.460	132.430	794.580	933.470	14.180	0.000	16.500	128.700	145.200	14.180		
14.190	3.230	113.050	804.270	920.550	14.190	0.000	16.500	161.700	178.200	14.190		
14.200	0.000	96.900	807.500	904.400	14.200	0.000	16.500	191.400	207.900	14.200		
14.210	0.000	83.720	805.000	888.720	14.210	0.000	16.500	252.450	268.950	14.210		
14.220	0.000	74.060	788.900	862.960	14.220	1.650	24.750	323.400	349.800	14.220		
14.230	0.000	64.400	769.580	833.980	14.230	9.900	29.700	384.450	424.050	14.230		
14.240	0.000	54.740	740.600	795.340	14.240	11.550	41.250	412.500	465.300	14.240		
14.250	0.000	45.080	698.740	743.820	14.250	27.360	68.400	428.640	524.400	14.250		
14.260	0.000	35.420	644.000	679.420	14.260	45.600	86.640	421.800	554.040	14.260		
14.270	0.000	28.980	579.600	608.580	14.270	59.280	88.920	396.720	544.920	14.270		
14.280	0.000	16.100	508.760	524.860	14.280	79.800	98.040	378.480	556.320	14.280		
14.290	0.000	3.220	425.040	428.260	14.290	98.040	114.000	385.320	597.360	14.290		
14.300	0.000	0.000	334.880	334.880	14.300	116.280	134.520	408.120	658.920	14.300		
14.310	0.000	0.000	238.280	238.280	14.310	125.400	152.760	437.760	715.920	14.310		
14.320	0.000	0.000	154.560	154.560	14.320	136.800	171.000	476.520	784.320	14.320		
14.330	0.000	0.000	93.380	93.380	14.330	143.640	193.800	513.000	850.440	14.330		
14.340	0.000	0.000	51.520	51.520	14.340	148.200	212.040	544.920	905.160	14.340		
14.350	0.000	0.000	32.200	32.200	14.350	157.320	225.720	563.160	946.200	14.350		
14.360	0.000	0.000	27.500	27.500	14.360	161.880	239.400	570.000	971.280	14.360		
14.370	0.000	0.000	24.970	24.970	14.370	166.440	246.240	563.160	975.840	14.370		
14.380	2.420	0.000	22.440	24.860	14.380	168.720	248.520	554.040	971.280	14.380		
14.390	2.420	0.000	19.910	22.330	14.390	171.000	248.520	538.080	957.600	14.390		
14.400	2.420	0.000	22.440	24.860	14.400	173.880	244.260	517.500	935.640	14.400		
14.410	2.420	0.000	19.910	22.330	14.410	175.950	244.260	498.870	919.080	14.410		
14.420	0.000	0.000	17.490	17.490	14.420	182.160	242.190	478.170	902.520	14.420		
14.430	0.000	0.000	17.490	17.490	14.430	184.230	242.190	459.540	885.960	14.430		
14.440	0.000	0.000	12.430	12.430	14.440	186.300	238.050	438.840	863.190	14.440		
14.450	0.000	0.000	14.960	14.960	14.450	188.370	235.980	418.140	842.490	14.450		
14.460	0.000	0.000	12.430	12.430	14.460	190.440	233.910	399.510	823.860	14.460		
14.470	0.000	0.000	12.430	12.430	14.470	194.580	231.840	378.810	805.230	14.470		
14.480	0.000	0.000	12.430	12.430	14.480	196.650	225.630	356.040	778.320	14.480		
14.490	0.000	0.000	9.900	9.900	14.490	198.720	223.560	337.410	759.690	14.490		
14.500	0.000	0.000	9.900	9.900	14.500	200.790	219.420	318.780	738.990	14.500		
14.510	0.000	0.000	10.000	10.000	14.510	204.930	217.350	304.290	726.570	14.510		
14.520	0.000	0.000	10.000	10.000	14.520	209.070	213.210	285.660	707.940	14.520		
14.530	0.000	0.000	10.000	10.000	14.530	213.210	211.140	273.240	697.590	14.530		
14.540	0.000	0.000	7.480	7.480	14.540	219.420	211.140	260.820	691.380	14.540		
14.550	0.000	0.000	10.000	10.000	14.550	224.100	211.950	253.800	689.850	14.550		
14.560	0.000	0.000	10.000	10.000	14.560	229.500	214.650	244.350	688.500	14.560		
14.570	0.000	0.000	7.480	7.480	14.570	234.900	214.650	238.950	688.500	14.570		
14.580	0.000	0.000	7.480	7.480	14.580	241.650	218.700	234.900	695.250	14.580		
14.590	0.000	0.000	7.480	7.480	14.590	247.050	221.400	232.200	700.650	14.590		
14.600	0.000	0.000	5.000	5.000	14.600	253.800	226.800	229.500	710.100	14.600		
14.610	0.000	0.000	5.000	5.000	14.610	259.200	232.200	226.800	718.200	14.610		
14.620	0.000	0.000	5.000	5.000	14.620	264.600	236.250	226.800	727.650	14.620		
14.630	0.000	0.000	5.000	5.000	14.630	274.050	241.650	221.400	737.100	14.630		
14.640	0.000	0.000	5.000	5.000	14.640	279.450	244.350	218.700	742.500	14.640		
14.650	0.000	0.000	2.480	2.480	14.650	288.900	249.750	211.950	750.600	14.650		
14.660	0.000	0.000	0.000	0.000	14.660	299.700	253.800	206.550	760.050	14.660		
14.670	0.000	0.000	1.740	1.740	14.670	311.850	259.200	203.850	774.900	14.670		
14.680	0.000	0.000	0.000	0.000	14.680	324.000	264.600	197.100	785.700	14.680		
14.690	0.000	0.000	1.740	1.740	14.690	337.500	271.350	189.000	797.850	14.690		
14.700	0.000	0.000	0.000	0.000	14.700	356.730	275.770	179.630	812.130	14.700		
14.710	0.000	1.740	0.000	1.740	14.710	374.440	275.770	166.980	817.190	14.710		
14.720	0.000	4.350	1.740	6.090	14.720	394.680	278.300	151.800	824.780	14.720		
14.730	0.000	4.350	1.740	6.090	14.730	414.920	275.770	136.620	827.310	14.730		
14.740	0.000	1.740	1.740	3.480	14.740	437.690	273.240	121.440	832.370	14.740		
14.750	14.790	6.960	0.000	21.750	14.750	462.990	265.650	103.730	832.370	14.750		
14.760	41.760	9.570	0.000	51.330	14.760	488.290	255.530	86.020	829.840	14.760		
14.770	77.430	12.180	0.000	89.610	14.770	518.650	235.290	68.310	822.250	14.770		
14.780	114.840	12.180	0.000	127.020	14.780	549.010	209.990	53.130	812.130	14.780		
14.790	161.820	14.790	1.740	178.350	14.790	576.840	177.100	43.010	796.950	14.790		
14.800	217.500	19.140	4.350	240.990	14.800	599.610	144.210	37.950	781.770	14.800		
14.810	272.090	27.040	8.450	307.580	14.810	617.320	111.320	32.890	761.530	14.810		
14.820	326.170	37.180	13.520	376.870	14.820	627.440	86.020	27.830	741.290	14.820		
14.830	373.490	57.460	21.970	452.920	14.830	632.500	65.780	22.770	721.050	14.830		
14.840	408.980	96.330	37.180	542.490	14.840	624.910	48.070	17.710	690.690	14.840		
14.850	422.500	123.370	54.080	599.950	14.850	605.000	38.720	12.100	655.820	14.850		
14.860	412.360	138.580	69.290	620.230	14.860	575.960	29.040	9.680	614.680	14.860		
14.870	402.220	158.860	91.260	652.340	14.870	542.080	19.360	4.840	566.280	14.870		
14.880	398.840	180.830	111.540	691.210	14.880	496.100	12.100	0.000	508.200	14.880		
14.890	397.150	201.110	128.440	726.700	14.890	445.280	2.420	0.000	447.700	14.890		
14.900	397.150	226.460	148.720	772.330	14.900	392.040	0.000	0.000	392.040	14.900		
14.910	397.150	246.740	167.310	811.200	14.910	329.120	0.000	0.000	329.120	14.910		
14.920	397.150	267.020	180.830	845.000	14.920	263.780	0.000	0.000	263.780	14.920		
14.930	398.840	287.300	199.420	885.560	14.930	198.440	0.000	0.000	198.440	14.930		
14.940	402.220	300.820	209.560	912.600	14.940	130.680	0.000	0.000	130.680	14.940		
14.950	398.840	314.340	219.700	932.880	14.950	79.860	0.000	2.420	82.280	14.950		
14.960	397.500	324.360	228.960	950.820	14.960	48.400	0.000	4.840	53.240	14.960		
14.970	391.140	329.130	233.730	954.000	14.970	24.200	0.000	9.680	33.880	14.970		
14.980	381.600	329.130	236.910	947.640	14.980	16.940	0.000	12.100	29.040	14.980		
14.990	372.060	325.950	241.680	939.690	14.990	14.520	0.000	14.520	29.040	14.990		
15.000	364.110	324.360	244.860	933.330	15.000	12.460	0.000	17.500	29.960	15.000		
15.010	351.390	321.180	244.860	917.430	15.010	9.940	0.000	14.980	24.920	15.010		
15.020	343.440	316.410	246.450	906.300	15.020	9.940	0.000	12.460	22.400	15.020		
15.030	333.900	311.640	244.860	890.400	15.030	7.490	0.000	12.460	19.950	15.030		
15.040	324.360	303.690	244.860	872.910	15.040	4.970	0.000	12.460	17.430	15.040		
15.050	311.640	297.330	238.500	847.470	15.050	4.970	0.000	12.460	17.430	15.050		
15.060	303.690	289.380	236.910	829.980	15.060	4.970	0.000	12.460	17.430	15.060		
15.070	297.330	279.840	232.140	809.310	15.070	2.450	0.000	9.940	12.390	15.070		
15.080	289.380	271.890	228.960	790.230	15.080	4.970	0.000	9.940	14.910	15.080		
15.090	286.200	267.120	227.370	780.690	15.090	2.450	0.000	12.460	14.910	15.090		
15.100	281.430	259.170	219.420	760.020	15.100	2.450	0.000	12.460	14.910	15.100		
15.110	279.400	256.540	214.630	750.570	15.110	2.450	0.000	12.460	14.910	15.110		
15.120	276.860	251.460	212.090	740.410	15.120	0.000	0.000	12.460	12.460	15.120		
15.130	274.320	248.920	209.550	732.790	15.130	2.450	0.000	12.460	14.910	15.130		
15.140	274.320	246.380	209.550	730.250	15.140	2.450	0.000	12.460	14.910	15.140		
15.150	274.320	248.920	209.550	732.790	15.150	0.000	0.000	12.500	12.500	15.150		
15.160	276.860	251.460	209.550	737.870	15.160	0.000	0.000	10.000	10.000	15.160		
15.170	281.940	254.000	209.550	745.490	15.170	0.000	0.000	10.000	10.000	15.170		
15.180	284.480	256.540	212.090	753.110	15.180	0.000	0.000	10.000	10.000	15.180		
15.190	289.560	261.620	209.550	760.730	15.190	0.000	0.000	10.000	10.000	15.190		
15.200	297.180	264.160	209.550	770.890	15.200	0.000	0.000	10.000	10.000	15.200		
15.210	302.260	269.240	209.550	781.050	15.210	2.500	0.000	10.000	12.500	15.210		
15.220	307.340	271.780	212.090	791.210	15.220	2.500	0.000	7.500	10.000	15.220		
15.230	312.420	276.860	209.550	798.830	15.230	2.500	0.000	10.000	12.500	15.230		
15.240	314.960	279.400	214.630	808.990	15.240	2.500	0.000	7.500	10.000	15.240		
15.250	317.500	287.020	214.630	819.150	15.250	2.500	0.000	7.500	10.000	15.250		
15.260	321.930	291.060	219.030	832.020	15.260	2.500	0.000	7.500	10.000	15.260		
15.270	326.340	299.880	221.970	848.190	15.270	5.000	0.000	5.000	10.000	15.270		
15.280	332.220	308.700	224.910	865.830	15.280	5.000	0.000	5.000	10.000	15.280		
15.290	333.690	316.050	229.320	879.060	15.290	5.000	0.000	2.500	7.500	15.290		
15.300	332.220	324.870	236.670	893.760	15.300	4.960	2.480	2.480	9.920	15.300		
15.310	326.340	329.280	241.080	896.700	15.310	4.960	0.000	2.480	7.440	15.310		
15.320	314.580	332.220	246.960	893.760	15.320	4.960	0.000	2.480	7.440	15.320		
15.330	296.940	333.690	257.250	887.880	15.330	4.960	2.480	4.960	12.400	15.330		
15.340	276.360	336.630	266.070	879.060	15.340	2.480	2.480	9.920	14.880	15.340		
15.350	254.310	336.630	282.240	873.180	15.350	2.480	4.960	24.800	32.240	15.350		
15.360	232.260	333.690	296.940	862.890	15.360	2.480	4.960	47.120	54.560	15.360		
15.370	207.270	326.340	308.700	842.310	15.370	0.000	7.440	76.880	84.320	15.370		
15.380	174.930	311.640	324.870	811.440	15.380	0.000	7.440	116.560	124.000	15.380		
15.390	141.120	294.000	346.920	782.040	15.390	2.480	9.920	159.960	172.360	15.390		
15.400	111.720	274.890	367.500	754.110	15.400	4.960	12.400	194.680	212.040	15.400		
15.410	81.480	238.620	393.820	713.920	15.410	7.440	14.880	226.920	249.240	15.410		
15.420	58.200	203.700	424.860	686.760	15.420	12.400	22.320	259.160	293.880	15.420		
15.430	44.620	166.840	448.140	659.600	15.430	22.320	42.160	286.440	350.920	15.430		
15.440	36.860	131.920	471.420	640.200	15.440	37.200	57.040	310.000	404.240	15.440		
15.450	31.040	106.700	485.000	622.740	15.450	46.980	66.420	315.900	429.300	15.450		
15.460	27.160	87.300	481.120	595.580	15.460	59.940	76.140	322.380	458.460	15.460		
15.470	21.340	71.780	473.360	566.480	15.470	69.660	87.480	333.720	490.860	15.470		
15.480	17.460	58.200	459.780	535.440	15.480	79.380	98.820	354.780	532.980	15.480		
15.490	11.640	48.500	436.500	496.640	15.490	84.240	111.780	370.980	567.000	15.490		
15.500	9.700	38.800	407.400	455.900	15.500	89.100	124.740	387.180	601.020	15.500		
15.510	5.820	29.100	372.480	407.400	15.510	93.960	131.220	396.900	622.080	15.510		
15.520	1.940	21.340	335.620	358.900	15.520	98.820	140.940	401.760	641.520	15.520		
15.530	0.000	11.640	296.820	308.460	15.530	102.060	152.280	405.000	659.340	15.530		
15.540	0.000	3.880	259.960	263.840	15.540	106.920	158.760	405.000	670.680	15.540		
15.550	0.000	1.940	217.280	219.220	15.550	113.400	166.860	398.520	678.780	15.550		
15.560	0.000	0.000	175.000	175.000	15.560	119.880	174.960	396.900	691.740	15.560		
15.570	0.000	0.000	132.300	132.300	15.570	126.360	186.300	393.660	706.320	15.570		
15.580	0.000	0.000	97.300	97.300	15.580	134.460	194.400	393.660	722.520	15.580		
15.590	2.100	0.000	70.000	72.100	15.590	140.940	204.120	393.660	738.720	15.590		
15.600	4.900	0.000	49.700	54.600	15.600	152.290	216.660	392.500	761.450	15.600		
15.610	7.000	0.000	35.000	42.000	15.610	161.710	224.510	386.220	772.440	15.610		
15.620	9.800	0.000	29.400	39.200	15.620	171.130	232.360	381.510	785.000	15.620		
15.630	9.800	0.000	22.400	32.200	15.630	182.120	238.640	379.940	800.700	15.630		
15.640	9.800	0.000	19.600	29.400	15.640	191.540	244.920	373.660	810.120	15.640		
15.650	7.000	0.000	17.500	24.500	15.650	199.390	249.630	368.950	817.970	15.650		
15.660	7.000	0.000	17.500	24.500	15.660	207.240	254.340	364.240	825.820	15.660		
15.670	9.800	0.000	14.700	24.500	15.670	213.520	257.480	361.100	832.100	15.670		
15.680	9.800	0.000	14.700	24.500	15.680	221.370	257.480	356.390	835.240	15.680		
15.690	9.800	0.000	14.700	24.500	15.690	226.080	259.050	348.540	833.670	15.690		
15.700	9.800	0.000	11.900	21.700	15.700	233.930	259.050	342.260	835.240	15.700		
15.710	10.000	0.000	12.500	22.500	15.710	237.070	257.480	334.410	828.960	15.710		
15.720	10.000	0.000	10.000	20.000	15.720	244.920	257.480	324.990	827.390	15.720		
15.730	10.000	0.000	10.000	20.000	15.730	249.630	254.340	314.000	817.970	15.730		
15.740	10.000	0.000	10.000	20.000	15.740	254.340	251.200	301.440	806.980	15.740		
15.750	10.000	0.000	10.000	20.000	15.750	256.690	248.710	289.940	795.340	15.750		
15.760	10.000	0.000	7.500	17.500	15.760	262.010	247.380	279.300	788.690	15.760		
15.770	10.000	0.000	7.500	17.500	15.770	264.670	242.060	269.990	776.720	15.770		
15.780	10.000	2.500	7.500	20.000	15.780	269.990	239.400	256.690	766.080	15.780		
15.790	10.000	2.500	7.500	20.000	15.790	273.980	236.740	247.380	758.100	15.790		
15.800	10.000	2.500	7.500	20.000	15.800	276.640	234.080	239.400	750.120	15.800		
15.810	10.000	2.500	7.500	20.000	15.810	281.960	231.420	227.430	740.810	15.810		
15.820	10.000	5.000	7.500	22.500	15.820	291.270	231.420	216.790	739.480	15.820		
15.830	10.000	5.000	10.000	25.000	15.830	296.590	231.420	208.810	736.820	15.830		
15.840	10.000	5.000	10.000	25.000	15.840	304.570	231.420	202.160	738.150	15.840		
15.850	10.000	7.500	10.000	27.500	15.850	309.890	231.420	194.180	735.490	15.850		
15.860	9.750	4.500	9.750	24.000	15.860	313.880	231.420	188.860	734.160	15.860		
15.870	9.750	7.500	9.750	27.000	15.870	321.860	231.420	184.870	738.150	15.870		
15.880	9.750	7.500	12.000	29.250	15.880	329.840	231.420	176.890	738.150	15.880		
15.890	9.750	7.500	9.750	27.000	15.890	332.500	228.760	171.570	732.830	15.890		
15.900	9.750	9.750	12.000	31.500	15.900	342.210	231.880	164.560	738.650	15.900		
15.910	12.000	12.000	12.000	36.000	15.910	351.560	226.270	157.080	734.910	15.910		
15.920	15.000	17.250	12.000	44.250	15.920	364.650	224.400	143.990	733.040	15.920		
15.930	19.500	22.500	12.000	54.000	15.930	375.870	218.790	134.640	729.300	15.930		
15.940	24.750	24.750	12.000	61.500	15.940	388.960	209.440	119.680	718.080	15.940		
15.950	32.250	42.000	30.000	104.250	15.950	403.920	198.220	106.590	708.730	15.950		
15.960	64.500	64.500	52.500	181.500	15.960	420.750	188.870	93.500	703.120	15.960		
15.970	135.000	102.000	79.500	316.500	15.970	435.710	172.040	82.280	690.030	15.970		
15.980	177.000	137.250	102.000	416.250	15.980	450.670	145.860	69.190	665.720	15.980		
15.990	187.500	157.500	124.500	469.500	15.990	463.760	114.070	56.100	633.930	15.990		
16.000	169.500	165.000	150.000	484.500	16.000	467.500	78.540	46.750	592.790	16.000		
16.010	148.840	169.580	176.900	495.320	16.010	458.150	54.230	41.140	553.520	16.010		
16.020	139.080	176.900	201.300	517.280	16.020	446.930	33.660	37.400	517.990	16.020		
16.030	139.080	186.660	219.600	545.340	16.030	426.360	22.440	33.660	482.460	16.030		
16.040	143.960	201.300	234.240	579.500	16.040	396.440	9.350	29.920	435.710	16.040		
16.050	154.940	214.720	246.440	616.100	16.050	360.000	1.440	21.600	383.040	16.050		
16.060	167.140	226.920	257.420	651.480	16.060	313.920	0.000	11.520	325.440	16.060		
16.070	181.780	239.120	267.180	688.080	16.070	276.480	0.000	7.200	283.680	16.070		
16.080	196.420	254.980	272.060	723.460	16.080	236.160	0.000	4.320	240.480	16.080		
16.090	212.280	269.620	279.380	761.280	16.090	197.280	0.000	1.440	198.720	16.090		
16.100	226.920	276.940	279.380	783.240	16.100	156.960	0.000	0.000	156.960	16.100		
16.110	236.680	286.700	281.820	805.200	16.110	116.640	0.000	0.000	116.640	16.110		
16.120	246.440	291.580	281.820	819.840	16.120	84.960	0.000	0.000	84.960	16.120		
16.130	259.860	296.460	281.820	838.140	16.130	56.160	0.000	4.320	60.480	16.130		
16.140	267.180	301.340	284.260	852.780	16.140	38.880	0.000	7.200	46.080	16.140		
16.150	272.060	305.000	281.820	858.880	16.150	24.480	0.000	11.520	36.000	16.150		
16.160	281.880	306.180	278.640	866.700	16.160	11.520	0.000	14.400	25.920	16.160		
16.170	291.600	306.180	273.780	871.560	16.170	4.320	0.000	14.400	18.720	16.170		
16.180	301.320	306.180	267.300	874.800	16.180	1.440	0.000	11.520	12.960	16.180		
16.190	309.420	304.560	255.960	869.940	16.190	1.440	0.000	8.640	10.080	16.190		
16.200	319.140	299.700	246.240	865.080	16.200	0.000	0.000	7.480	7.480	16.200		
16.210	328.860	291.600	234.900	855.360	16.210	0.000	0.000	10.000	10.000	16.210		
16.220	338.580	283.500	221.940	844.020	16.220	0.000	0.000	7.480	7.480	16.220		
16.230	346.680	277.020	212.220	835.920	16.230	0.000	0.000	7.480	7.480	16.230		
16.240	359.640	268.920	196.020	824.580	16.240	0.000	0.000	7.480	7.480	16.240		
16.250	369.360	262.440	181.440	813.240	16.250	0.000	0.000	7.480	7.480	16.250		
16.260	382.320	251.100	171.720	805.140	16.260	0.000	0.000	7.480	7.480	16.260		
16.270	388.800	244.620	158.760	792.180	16.270	0.000	0.000	5.000	5.000	16.270		
16.280	393.660	236.520	149.040	779.220	16.280	0.000	0.000	5.000	5.000	16.280		
16.290	398.520	228.420	140.940	767.880	16.290	0.000	0.000	7.480	7.480	16.290		
16.300	405.000	218.700	131.220	754.920	16.300	0.000	0.000	7.480	7.480	16.300		
16.310	406.800	212.400	122.400	741.600	16.310	0.000	0.000	7.480	7.480	16.310		
16.320	412.200	203.400	113.400	729.000	16.320	0.000	0.000	7.480	7.480	16.320		
16.330	415.800	199.800	109.800	725.400	16.330	0.000	0.000	5.000	5.000	16.330		
16.340	419.400	194.400	100.800	714.600	16.340	0.000	0.000	7.480	7.480	16.340		
16.350	424.800	190.800	97.200	712.800	16.350	0.000	0.000	5.000	5.000	16.350		
16.360	428.400	189.000	97.200	714.600	16.360	0.000	0.000	5.000	5.000	16.360		
16.370	433.800	187.200	93.600	714.600	16.370	0.000	0.000	7.480	7.480	16.370		
16.380	437.400	187.200	91.800	716.400	16.380	0.000	0.000	5.000	5.000	16.380		
16.390	439.200	187.200	91.800	718.200	16.390	0.000	0.000	7.480	7.480	16.390		
16.400	444.600	189.000	91.800	725.400	16.400	0.000	0.000	7.480	7.480	16.400		
16.410	446.400	194.400	97.200	738.000	16.410	0.000	0.000	7.480	7.480	16.410		
16.420	450.000	199.800	99.000	748.800	16.420	0.000	0.000	7.480	7.480	16.420		
16.430	450.000	203.400	104.400	757.800	16.430	0.000	0.000	7.480	7.480	16.430		
16.440	450.000	208.800	104.400	763.200	16.440	0.000	0.000	7.480	7.480	16.440		
16.450	446.400	212.400	109.800	768.600	16.450	0.000	2.480	7.480	9.960	16.450		
16.460	443.920	216.590	114.560	775.070	16.460	0.000	2.480	7.480	9.960	16.460		
16.470	443.920	218.380	116.350	778.650	16.470	0.000	5.000	10.000	15.000	16.470		
16.480	443.920	221.960	116.350	782.230	16.480	0.000	7.480	7.480	14.960	16.480		
16.490	443.920	221.960	116.350	782.230	16.490	0.000	10.000	7.480	17.480	16.490		
16.500	447.500	218.380	110.980	776.860	16.500	0.000	13.440	5.760	19.200	16.500		
16.510	447.500	216.590	110.980	775.070	16.510	0.000	13.440	5.760	19.200	16.510		
16.520	447.500	214.800	107.400	769.700	16.520	0.000	17.280	9.600	26.880	16.520		
16.530	443.920	209.430	103.820	757.170	16.530	0.000	19.200	9.600	28.800	16.530		
16.540	443.920	205.850	98.450	748.220	16.540	0.000	19.200	9.600	28.800	16.540		
16.550	443.920	204.060	96.660	744.640	16.550	0.000	21.120	26.880	48.000	16.550		
16.560	436.760	198.690	94.870	730.320	16.560	0.000	28.800	84.480	113.280	16.560		
16.570	426.020	193.320	89.500	708.840	16.570	0.000	36.480	149.760	186.240	16.570		
16.580	413.490	186.160	85.920	685.570	16.580	0.000	46.080	240.000	286.080	16.580		
16.590	392.010	179.000	82.340	653.350	16.590	1.920	67.200	343.680	412.800	16.590		
16.600	366.950	166.470	76.970	610.390	16.600	9.600	84.480	422.400	516.480	16.600		
16.610	342.500	158.920	73.980	575.400	16.610	17.280	99.840	472.320	589.440	16.610		
16.620	316.470	154.810	69.870	541.150	16.620	21.120	101.760	480.000	602.880	16.620		
16.630	291.810	149.330	64.390	505.530	16.630	24.960	101.760	472.320	599.040	16.630		
16.640	267.150	142.480	58.910	468.540	16.640	24.960	99.840	451.200	576.000	16.640		
16.650	234.270	137.000	58.910	430.180	16.650	24.840	93.840	433.320	552.000	16.650		
16.660	198.650	128.780	54.800	382.230	16.660	22.080	91.080	419.520	532.680	16.660		
16.670	167.140	121.930	52.060	341.130	16.670	24.840	88.320	414.000	527.160	16.670		
16.680	134.260	113.710	46.580	294.550	16.680	22.080	85.560	414.000	521.640	16.680		
16.690	101.380	106.860	39.730	247.970	16.690	24.840	85.560	422.280	532.680	16.690		
16.700	73.980	97.270	34.250	205.500	16.700	24.840	88.320	438.840	552.000	16.700		
16.710	52.060	82.200	24.660	158.920	16.710	30.360	96.600	458.160	585.120	16.710		
16.720	42.470	69.870	12.330	124.670	16.720	35.880	104.880	488.520	629.280	16.720		
16.730	31.510	56.170	1.370	89.050	16.730	44.160	118.680	529.920	692.760	16.730		
16.740	27.400	43.840	0.000	71.240	16.740	49.680	129.720	579.600	759.000	16.740		
16.750	19.180	34.250	0.000	53.430	16.750	52.440	140.760	612.720	805.920	16.750		
16.760	14.950	32.500	0.000	47.450	16.760	57.960	154.560	645.840	858.360	16.760		
16.770	12.480	27.430	0.000	39.910	16.770	60.720	162.840	662.400	885.960	16.770		
16.780	12.480	22.490	0.000	34.970	16.780	63.480	171.120	678.960	913.560	16.780		
16.790	12.480	19.890	0.000	32.370	16.790	63.480	173.880	690.000	927.360	16.790		
16.800	9.880	17.420	0.000	27.300	16.800	61.600	176.400	697.200	935.200	16.800		
16.810	9.880	14.950	0.000	24.830	16.810	58.800	173.600	700.000	932.400	16.810		
16.820	7.410	12.480	0.000	19.890	16.820	53.200	170.800	697.200	921.200	16.820		
16.830	4.940	9.880	0.000	14.820	16.830	47.600	168.000	691.600	907.200	16.830		
16.840	2.470	4.940	0.000	7.410	16.840	44.800	165.200	688.800	898.800	16.840		
16.850	2.470	2.470	0.000	4.940	16.850	42.000	162.400	680.400	884.800	16.850		
16.860	2.470	0.000	0.000	2.470	16.860	39.200	156.800	672.000	868.000	16.860		
16.870	2.470	0.000	0.000	2.470	16.870	36.400	154.000	663.600	854.000	16.870		
16.880	2.470	0.000	0.000	2.470	16.880	36.400	148.400	652.400	837.200	16.880		
16.890	4.940	0.000	0.000	4.940	16.890	33.600	145.600	644.000	823.200	16.890		
16.900	4.940	0.000	0.000	4.940	16.900	33.600	140.000	635.600	809.200	16.900		
16.910	4.980	0.000	0.000	4.980	16.910	30.800	140.000	630.000	800.800	16.910		
16.920	4.980	0.000	0.000	4.980	16.920	33.600	137.200	627.200	798.000	16.920		
16.930	4.980	0.000	0.000	4.980	16.930	30.800	137.200	624.400	792.400	16.930		
16.940	4.980	0.000	0.000	4.980	16.940	33.600	137.200	621.600	792.400	16.940		
16.950	4.980	0.000	0.000	4.980	16.950	33.670	137.270	621.600	792.540	16.950		
16.960	7.500	0.000	2.490	9.990	16.960	36.260	142.450	624.190	802.900	16.960		
16.970	7.500	0.000	2.490	9.990	16.970	38.850	142.450	626.780	808.080	16.970		
16.980	7.500	0.000	2.490	9.990	16.980	41.440	147.630	634.550	823.620	16.980		
16.990	7.500	0.000	0.000	7.500	16.990	44.030	152.810	637.140	833.980	16.990		
17.000	7.500	0.000	2.490	9.990	17.000	46.620	157.990	642.320	846.930	17.000		
17.010	7.500	0.000	2.490	9.990	17.010	49.210	163.170	644.910	857.290	17.010		
17.020	7.500	0.000	2.490	9.990	17.020	51.800	168.350	647.500	867.650	17.020		
17.030	7.500	0.000	2.490	9.990	17.030	54.390	173.530	647.500	875.420	17.030		
17.040	4.980	0.000	2.490	7.470	17.040	59.570	176.120	644.910	880.600	17.040		
17.050	4.980	0.000	0.000	4.980	17.050	62.160	181.300	639.730	883.190	17.050		
17.060	4.120	0.000	0.000	4.120	17.060	64.750	183.890	634.550	883.190	17.060		
17.070	12.360	2.060	12.360	26.780	17.070	67.340	186.480	624.190	878.010	17.070		
17.080	39.140	2.060	4.120	45.320	17.080	69.930	189.070	613.830	872.830	17.080		
17.090	77.250	14.420	9.270	100.940	17.090	69.930	186.480	598.290	854.700	17.090		
17.100	131.840	29.870	14.420	176.130	17.100	74.560	186.400	582.500	843.460	17.100		
17.110	152.440	33.990	16.480	202.910	17.110	76.890	181.740	561.530	820.160	17.110		
17.120	149.350	31.930	16.480	197.760	17.120	76.890	174.750	531.240	782.880	17.120		
17.130	142.140	31.930	16.480	190.550	17.130	76.890	160.770	496.290	733.950	17.130		
17.140	139.050	33.990	21.630	194.670	17.140	76.890	149.120	461.340	687.350	17.140		
17.150	142.140	39.140	21.630	202.910	17.150	76.890	137.470	428.720	643.080	17.150		
17.160	149.350	42.230	24.720	216.300	17.160	76.890	123.490	396.100	596.480	17.160		
17.170	166.860	49.440	29.870	246.170	17.170	74.560	114.170	365.810	554.540	17.170		
17.180	191.580	56.650	31.930	280.160	17.180	72.230	100.190	337.850	510.270	17.180		
17.190	222.480	66.950	33.990	323.420	17.190	69.900	88.540	302.900	461.340	17.190		
17.200	257.500	74.160	33.990	365.650	17.200	65.240	74.560	265.620	405.420	17.200		
17.210	297.500	90.000	35.000	422.500	17.210	62.910	60.580	230.670	354.160	17.210		
17.220	332.500	102.500	35.000	470.000	17.220	58.250	46.600	193.390	298.240	17.220		
17.230	372.500	117.500	37.500	527.500	17.230	51.260	30.290	153.780	235.330	17.230		
17.240	420.000	132.500	40.000	592.500	17.240	46.600	16.310	116.500	179.410	17.240		
17.250	470.000	152.500	45.000	667.500	17.250	40.000	4.800	80.000	124.800	17.250		
17.260	512.500	167.500	50.000	730.000	17.260	32.320	0.000	62.400	94.720	17.260		
17.270	550.000	182.500	52.500	785.000	17.270	24.960	0.000	52.480	77.440	17.270		
17.280	577.500	195.000	57.500	830.000	17.280	17.280	0.000	49.920	67.200	17.280		
17.290	600.000	207.500	62.500	870.000	17.290	12.480	0.000	47.360	59.840	17.290		
17.300	615.000	215.000	65.000	895.000	17.300	7.360	0.000	44.800	52.160	17.300		
17.310	622.500	220.000	67.500	910.000	17.310	4.800	0.000	42.240	47.040	17.310		
17.320	625.000	220.000	70.000	915.000	17.320	0.000	0.000	42.240	42.240	17.320		
17.330	622.500	222.500	70.000	915.000	17.330	0.000	0.000	40.000	40.000	17.330		
17.340	615.000	220.000	70.000	905.000	17.340	0.000	0.000	40.000	40.000	17.340		
17.350	605.000	217.500	72.500	895.000	17.350	0.000	0.000	40.000	40.000	17.350		
17.360	592.500	210.930	71.100	874.530	17.360	0.000	0.000	40.000	40.000	17.360		
17.370	578.280	208.560	73.470	860.310	17.370	0.000	0.000	37.440	37.440	17.370		
17.380	566.430	203.820	73.470	843.720	17.380	0.000	0.000	37.440	37.440	17.380		
17.390	554.580	199.080	73.470	827.130	17.390	0.000	0.000	34.880	34.880	17.390		
17.400	540.360	194.340	73.470	808.170	17.400	0.000	2.440	37.210	39.650	17.400		
17.410	528.510	189.600	73.470	791.580	17.410	0.000	2.440	34.770	37.210	17.410		
17.420	519.030	187.230	75.840	782.100	17.420	0.000	2.440	34.770	37.210	17.420		
17.430	514.290	182.490	71.100	767.880	17.430	0.000	4.880	34.770	39.650	17.430		
17.440	509.550	177.750	68.730	756.030	17.440	0.000	4.880	37.210	42.090	17.440		
17.450	511.920	173.010	68.730	753.660	17.450	0.000	4.880	37.210	42.090	17.450		
17.460	511.920	170.640	66.360	748.920	17.460	0.000	4.880	37.210	42.090	17.460		
17.470	514.290	168.270	61.620	744.180	17.470	0.000	4.880	39.650	44.530	17.470		
17.480	516.660	165.900	61.620	744.180	17.480	0.000	4.880	39.650	44.530	17.480		
17.490	521.400	163.530	59.250	744.180	17.490	0.000	4.880	39.650	44.530	17.490		
17.500	523.770	161.160	59.250	744.180	17.500	0.000	4.880	39.650	44.530	17.500		
17.510	527.500	162.470	59.080	749.050	17.510	0.000	9.760	104.920	114.680	17.510		
17.520	523.280	156.140	59.080	738.500	17.520	0.000	12.200	144.570	156.770	17.520		
17.530	519.060	156.140	56.970	732.170	17.530	0.000	19.520	144.570	164.090	17.530		
17.540	519.060	154.030	56.970	730.060	17.540	0.000	27.450	152.500	179.950	17.540		
17.550	514.840	149.810	54.860	719.510	17.550	0.000	22.080	142.080	164.160	17.550		
17.560	510.620	145.590	50.640	706.850	17.560	0.000	22.080	139.200	161.280	17.560		
17.570	506.400	141.370	48.530	696.300	17.570	1.920	29.760	154.560	186.240	17.570		
17.580	504.290	137.150	46.420	687.860	17.580	9.600	31.680	164.160	205.440	17.580		
17.590	493.740	128.710	42.200	664.650	17.590	14.400	34.560	171.840	220.800	17.590		
17.600	487.410	122.380	42.200	651.990	17.600	19.200	37.440	182.400	239.040	17.600		
17.610	478.970	113.940	35.870	628.780	17.610	19.200	42.240	189.120	250.560	17.610		
17.620	470.530	103.390	31.650	605.570	17.620	19.200	44.160	196.800	260.160	17.620		
17.630	462.090	97.060	31.650	590.800	17.630	22.080	47.040	207.360	276.480	17.630		
17.640	453.650	88.620	29.540	571.810	17.640	22.080	51.840	214.080	288.000	17.640		
17.650	447.320	84.400	29.540	561.260	17.650	19.200	51.840	219.840	290.880	17.650		
17.660	440.750	79.950	26.650	547.350	17.660	19.200	51.840	226.560	297.600	17.660		
17.670	436.650	73.800	24.600	535.050	17.670	14.400	54.720	232.320	301.440	17.670		
17.680	436.650	71.750	24.600	533.000	17.680	17.280	54.720	237.120	309.120	17.680		
17.690	434.600	69.700	24.600	528.900	17.690	14.400	56.640	240.000	311.040	17.690		
17.700	434.600	65.600	24.600	524.800	17.700	14.550	57.230	242.500	314.280	17.700		
17.710	436.650	65.600	24.600	526.850	17.710	17.460	57.230	239.590	314.280	17.710		
17.720	440.750	65.600	20.500	526.850	17.720	14.550	59.170	239.590	313.310	17.720		
17.730	448.950	63.550	20.500	533.000	17.730	17.460	57.230	234.740	309.430	17.730		
17.740	453.050	63.550	20.500	537.100	17.740	17.460	57.230	229.890	304.580	17.740		
17.750	461.250	63.550	18.450	543.250	17.750	14.550	57.230	224.070	295.850	17.750		
17.760	471.500	61.500	18.450	551.450	17.760	14.550	57.230	214.370	286.150	17.760		
17.770	479.700	63.550	18.450	561.700	17.770	17.460	59.170	206.610	283.240	17.770		
17.780	489.950	63.550	18.450	571.950	17.780	19.400	62.080	194.970	276.450	17.780		
17.790	498.150	63.550	18.450	580.150	17.790	24.250	66.930	176.540	267.720	17.790		
17.800	512.500	65.600	18.450	596.550	17.800	29.100	71.780	157.140	258.020	17.800		
17.810	523.740	67.080	15.480	606.300	17.810	34.920	74.690	134.830	244.440	17.810		
17.820	536.640	69.660	15.480	621.780	17.820	39.770	74.690	109.610	224.070	17.820		
17.830	549.540	72.240	15.480	637.260	17.830	44.620	76.630	89.240	210.490	17.830		
17.840	562.440	74.820	18.060	655.320	17.840	49.470	74.690	71.780	195.940	17.840		
17.850	572.760	77.400	18.060	668.220	17.850	54.810	72.500	54.810	182.120	17.850		
17.860	588.240	79.980	18.060	686.280	17.860	57.420	69.890	42.340	169.650	17.860		
17.870	601.140	79.980	18.060	699.180	17.870	62.350	67.280	37.410	167.040	17.870		
17.880	614.040	82.560	15.480	712.080	17.880	64.960	62.350	29.870	157.180	17.880		
17.890	624.360	87.720	18.060	730.140	17.890	67.280	59.740	22.330	149.350	17.890		
17.900	632.100	90.300	18.060	740.460	17.900	64.960	54.810	17.400	137.170	17.900		
17.910	634.680	92.880	15.480	743.040	17.910	64.960	52.490	12.470	129.920	17.910		
17.920	637.260	95.460	18.060	750.780	17.920	59.740	47.270	9.860	116.870	17.920		
17.930	639.840	98.040	18.060	755.940	17.930	54.810	44.950	7.250	107.010	17.930		
17.940	642.420	103.200	18.060	763.680	17.940	47.270	42.340	4.930	94.540	17.940		
17.950	645.000	105.780	20.640	771.420	17.950	34.800	37.410	4.930	77.140	17.950		
17.960	642.500	115.650	20.560	778.710	17.960	22.330	34.800	4.930	62.060	17.960		
17.970	637.360	128.500	25.700	791.560	17.970	9.860	29.870	4.930	44.660	17.970		
17.980	629.650	146.490	33.410	809.550	17.980	0.000	19.720	7.250	26.970	17.980		
17.990	621.940	167.050	41.120	830.110	17.990	0.000	14.790	7.250	22.040	17.990		
18.000	616.800	179.900	53.970	850.670	18.000	0.000	14.980	9.940	24.920	18.000		
18.010	611.660	187.610	59.110	858.380	18.010	0.000	14.980	7.490	22.470	18.010		
18.020	606.520	195.320	66.820	868.660	18.020	0.000	14.980	9.940	24.920	18.020		
18.030	601.380	200.460	71.960	873.800	18.030	0.000	14.980	9.940	24.920	18.030		
18.040	593.670	203.030	77.100	873.800	18.040	0.000	12.460	9.940	22.400	18.040		
18.050	585.960	205.600	82.240	873.800	18.050	0.000	12.460	9.940	22.400	18.050		
18.060	583.390	208.170	84.810	876.370	18.060	0.000	12.460	9.940	22.400	18.060		
18.070	580.820	208.170	84.810	873.800	18.070	0.000	9.940	12.460	22.400	18.070		
18.080	575.680	208.170	87.380	871.230	18.080	0.000	9.940	12.460	22.400	18.080		
18.090	573.110	210.740	89.950	873.800	18.090	0.000	7.490	12.460	19.950	18.090		
18.100	567.970	208.170	89.950	866.090	18.100	0.000	7.490	12.460	19.950	18.100		
18.110	565.000	212.440	90.400	867.840	18.110	0.000	7.490	12.460	19.950	18.110		
18.120	558.220	207.920	90.400	856.540	18.120	0.000	4.970	14.980	19.950	18.120		
18.130	551.440	207.920	90.400	849.760	18.130	0.000	4.970	17.500	22.470	18.130		
18.140	546.920	205.660	90.400	842.980	18.140	0.000	4.970	17.500	22.470	18.140		
18.150	542.400	203.400	88.140	833.940	18.150	0.000	4.920	17.400	22.320	18.150		
18.160	535.620	201.140	88.140	824.900	18.160	0.000	4.920	19.920	24.840	18.160		
18.170	531.100	198.880	88.140	818.120	18.170	0.000	4.920	19.920	24.840	18.170		
18.180	524.320	196.620	88.140	809.080	18.180	0.000	2.400	22.440	24.840	18.180		
18.190	519.800	196.620	88.140	804.560	18.190	0.000	4.920	22.440	27.360	18.190		
18.200	513.020	194.360	85.880	793.260	18.200	0.000	2.400	22.440	24.840	18.200		
18.210	506.240	194.360	88.140	788.740	18.210	0.000	2.400	24.960	27.360	18.210		
18.220	501.720	194.360	88.140	784.220	18.220	0.000	4.920	24.960	29.880	18.220		
18.230	494.940	194.360	90.400	779.700	18.230	0.000	2.400	24.960	27.360	18.230		
18.240	485.900	194.360	90.400	770.660	18.240	0.000	2.400	27.480	29.880	18.240		
18.250	479.120	194.360	94.920	768.400	18.250	0.000	2.400	27.480	29.880	18.250		
18.260	472.500	194.670	96.390	763.560	18.260	0.000	2.400	27.480	29.880	18.260		
18.270	461.160	194.670	96.390	752.220	18.270	0.000	2.400	27.480	29.880	18.270		
18.280	457.380	194.670	98.280	750.330	18.280	0.000	2.400	30.000	32.400	18.280		
18.290	451.710	196.560	96.390	744.660	18.290	0.000	2.400	30.000	32.400	18.290		
18.300	451.710	196.560	98.280	746.550	18.300	0.000	4.940	29.900	34.840	18.300		
18.310	451.710	198.450	98.280	748.440	18.310	0.000	4.940	29.900	34.840	18.310		
18.320	449.820	198.450	102.060	750.330	18.320	0.000	4.940	29.900	34.840	18.320		
18.330	449.820	202.230	102.060	754.110	18.330	0.000	2.470	32.500	34.970	18.330		
18.340	449.820	202.230	102.060	754.110	18.340	0.000	4.940	32.500	37.440	18.340		
18.350	451.710	204.120	102.060	757.890	18.350	0.000	4.940	32.500	37.440	18.350		
18.360	453.600	206.010	103.950	763.560	18.360	0.000	4.940	32.500	37.440	18.360		
18.370	459.270	209.790	103.950	773.010	18.370	0.000	4.940	32.500	37.440	18.370		
18.380	461.160	209.790	102.060	773.010	18.380	0.000	4.940	32.500	37.440	18.380		
18.390	466.830	211.680	102.060	780.570	18.390	0.000	4.940	32.500	37.440	18.390		
18.400	472.500	211.680	102.060	786.240	18.400	0.000	7.410	32.500	39.910	18.400		
18.410	474.880	214.120	101.760	790.760	18.410	0.000	4.940	32.500	37.440	18.410		
18.420	477.000	214.120	99.640	790.760	18.420	0.000	4.940	32.500	37.440	18.420		
18.430	481.240	216.240	101.760	799.240	18.430	0.000	7.410	32.500	39.910	18.430		
18.440	483.360	216.240	99.640	799.240	18.440	0.000	4.940	32.500	37.440	18.440		
18.450	485.480	216.240	101.760	803.480	18.450	0.000	4.830	32.200	37.030	18.450		
18.460	489.720	218.360	99.640	807.720	18.460	0.000	4.830	32.200	37.030	18.460		
18.470	491.840	216.240	95.400	803.480	18.470	0.000	4.830	32.200	37.030	18.470		
18.480	493.960	220.480	99.640	814.080	18.480	0.000	4.830	28.980	33.810	18.480		
18.490	496.080	220.480	99.640	816.200	18.490	0.000	4.830	28.980	33.810	18.490		
18.500	498.200	226.840	101.760	826.800	18.500	0.000	4.830	27.370	32.200	18.500		
18.510	506.680	228.960	103.880	839.520	18.510	0.000	4.830	24.150	28.980	18.510		
18.520	510.920	237.440	103.880	852.240	18.520	0.000	4.830	20.930	25.760	18.520		
18.530	519.400	241.680	106.000	867.080	18.530	0.000	1.610	14.490	16.100	18.530		
18.540	523.640	243.800	108.120	875.560	18.540	0.000	1.610	11.270	12.880	18.540		
18.550	530.000	248.040	112.360	890.400	18.550	0.000	0.000	4.830	4.830	18.550		
18.560	525.000	252.000	111.300	888.300	18.560	127.190	104.650	299.460	531.300	18.560		
18.570	499.800	243.600	109.200	852.600	18.570	51.520	86.940	402.500	540.960	18.570		
18.580	474.600	231.000	107.100	812.700	18.580	14.490	38.640	301.070	354.200	18.580		
18.590	449.400	224.700	107.100	781.200	18.590	6.440	24.150	239.890	270.480	18.590		
18.600	428.400	218.400	105.000	751.800	18.600	22.200	39.960	185.000	247.160	18.600		
18.610	415.800	216.300	107.100	739.200	18.610	17.020	24.420	152.440	193.880	18.610		
18.620	401.100	212.100	107.100	720.300	18.620	24.420	22.200	109.520	156.140	18.620		
18.630	384.300	205.800	107.100	697.200	18.630	29.600	17.020	71.780	118.400	18.630		
18.640	371.700	203.700	107.100	682.500	18.640	34.780	14.800	47.360	96.940	18.640		
18.650	363.300	203.700	109.200	676.200	18.650	31.820	9.620	31.820	73.260	18.650		
18.660	363.300	203.700	109.200	676.200	18.660	34.780	9.620	24.420	68.820	18.660		
18.670	363.300	205.800	109.200	678.300	18.670	34.780	9.620	19.980	64.380	18.670		
18.680	367.500	203.700	107.100	678.300	18.680	31.820	9.620	14.800	56.240	18.680		
18.690	369.600	203.700	107.100	680.400	18.690	31.820	9.620	14.800	56.240	18.690		
18.700	371.700	203.700	107.100	682.500	18.700	27.380	11.840	11.840	51.060	18.700		
18.710	373.700	203.500	107.300	684.500	18.710	24.420	11.840	11.840	48.100	18.710		
18.720	381.100	203.500	103.600	688.200	18.720	22.200	11.840	11.840	45.880	18.720		
18.730	392.200	207.200	107.300	706.700	18.730	19.980	14.800	11.840	46.620	18.730		
18.740	403.300	209.050	101.750	714.100	18.740	17.020	17.020	11.840	45.880	18.740		
18.750	419.950	210.900	101.750	732.600	18.750	17.280	19.680	14.880	51.840	18.750		
18.760	431.050	214.600	99.900	745.550	18.760	17.280	22.080	22.080	61.440	18.760		
18.770	444.000	214.600	99.900	758.500	18.770	17.280	27.360	29.760	74.400	18.770		
18.780	453.250	214.600	99.900	767.750	18.780	17.280	32.160	42.240	91.680	18.780		
18.790	458.800	210.900	94.350	764.050	18.790	19.680	34.560	54.720	108.960	18.790		
18.800	458.800	209.050	92.500	760.350	18.800	19.680	39.840	64.800	124.320	18.800		
18.810	462.500	207.200	88.800	758.500	18.810	22.080	42.240	74.880	139.200	18.810		
18.820	453.250	203.500	86.950	743.700	18.820	24.960	47.040	77.280	149.280	18.820		
18.830	444.000	199.800	86.950	730.750	18.830	27.360	49.920	79.680	156.960	18.830		
18.840	427.350	199.800	88.800	715.950	18.840	32.160	52.320	82.080	166.560	18.840		
18.850	403.300	199.800	92.500	695.600	18.850	37.440	54.720	84.960	177.120	18.850		
18.860	372.500	196.680	96.850	666.030	18.860	42.240	60.000	89.760	192.000	18.860		
18.870	339.720	196.680	101.320	637.720	18.870	47.040	67.200	97.440	211.680	18.870		
18.880	302.470	193.700	107.280	603.450	18.880	52.320	74.880	107.040	234.240	18.880		
18.890	259.260	193.700	116.220	569.180	18.890	54.720	79.680	120.000	254.400	18.890		
18.900	214.560	193.700	129.630	537.890	18.900	59.340	89.010	136.740	285.090	18.900		
18.910	166.880	192.210	141.550	500.640	18.910	64.500	96.750	149.640	310.890	18.910		
18.920	114.730	184.760	159.430	458.920	18.920	69.660	107.070	163.830	340.560	18.920		
18.930	67.050	171.350	174.330	412.730	18.930	79.980	121.260	176.730	377.970	18.930		
18.940	44.700	151.980	193.700	390.380	18.940	89.010	134.160	192.210	415.380	18.940		
18.950	29.800	131.120	211.580	372.500	18.950	101.910	152.220	206.400	460.530	18.950		
18.960	19.370	111.750	219.030	350.150	18.960	117.390	174.150	224.460	516.000	18.960		
18.970	11.920	92.380	222.010	326.310	18.970	129.000	192.210	241.230	562.440	18.970		
18.980	4.470	71.520	214.560	290.550	18.980	147.060	216.720	256.710	620.490	18.980		
18.990	1.490	56.620	199.660	257.770	18.990	163.830	239.940	269.610	673.380	18.990		
19.000	0.000	41.720	177.310	219.030	19.000	176.730	256.710	277.350	710.790	19.000		
19.010	0.000	32.400	150.000	182.400	19.010	189.630	274.770	283.800	748.200	19.010		
19.020	0.000	19.800	122.400	142.200	19.020	203.820	291.540	288.960	784.320	19.020		
19.030	0.000	7.200	94.800	102.000	19.030	216.720	307.020	291.540	815.280	19.030		
19.040	0.000	0.000	67.200	67.200	19.040	229.620	322.500	291.540	843.660	19.040		
19.050	2.400	0.000	42.000	44.400	19.050	247.020	336.520	289.980	873.520	19.050		
19.060	2.400	0.000	24.600	27.000	19.060	259.550	349.050	284.610	893.210	19.060		
19.070	4.800	0.000	12.000	16.800	19.070	272.080	363.370	277.450	912.900	19.070		
19.080	7.200	0.000	9.600	16.800	19.080	286.400	374.110	261.340	921.850	19.080		
19.090	4.800	0.000	4.800	9.600	19.090	304.300	384.850	247.020	936.170	19.090		
19.100	4.800	0.000	4.800	9.600	19.100	316.830	388.430	223.750	929.010	19.100		
19.110	4.800	0.000	4.800	9.600	19.110	329.360	392.010	196.900	918.270	19.110		
19.120	4.800	0.000	2.400	7.200	19.120	343.680	392.010	171.840	907.530	19.120		
19.130	2.400	0.000	2.400	4.800	19.130	359.790	386.640	144.990	891.420	19.130		
19.140	4.800	0.000	0.000	4.800	19.140	374.110	381.270	116.350	871.730	19.140		
19.150	4.800	0.000	0.000	4.800	19.150	388.430	375.900	91.290	855.620	19.150		
19.160	2.500	0.000	0.000	2.500	19.160	404.540	363.370	69.810	837.720	19.160		
19.170	2.500	0.000	0.000	2.500	19.170	417.070	354.420	53.700	825.190	19.170		
19.180	2.500	0.000	0.000	2.500	19.180	431.390	343.680	39.380	814.450	19.180		
19.190	2.500	0.000	0.000	2.500	19.190	447.500	331.150	26.850	805.500	19.190		
19.200	2.500	0.000	0.000	2.500	19.200	461.020	315.980	10.360	787.360	19.200		
19.210	2.500	0.000	0.000	2.500	19.210	473.970	300.440	0.000	774.410	19.210		
19.220	2.500	0.000	0.000	2.500	19.220	486.920	287.490	0.000	774.410	19.220		
19.230	0.000	0.000	0.000	0.000	19.230	497.280	277.130	0.000	774.410	19.230		
19.240	0.000	0.000	0.000	0.000	19.240	505.050	264.180	0.000	769.230	19.240		
19.250	0.000	0.000	0.000	0.000	19.250	518.000	253.820	0.000	771.820	19.250		
19.260	0.000	0.000	0.000	0.000	19.260	528.360	243.460	0.000	771.820	19.260		
19.270	0.000	0.000	0.000	0.000	19.270	536.130	235.690	0.000	771.820	19.270		
19.280	0.000	0.000	0.000	0.000	19.280	549.080	227.920	0.000	777.000	19.280		
19.290	0.000	0.000	0.000	0.000	19.290	564.620	220.150	0.000	784.770	19.290		
19.300	0.000	0.000	0.000	0.000	19.300	574.980	214.970	0.000	789.950	19.300		
19.310	0.000	0.000	0.000	0.000	19.310	593.110	204.610	0.000	797.720	19.310		
19.320	0.000	0.000	0.000	0.000	19.320	611.240	196.840	0.000	808.080	19.320		
19.330	0.000	0.000	0.000	0.000	19.330	629.370	186.480	0.000	815.850	19.330		
19.340	0.000	0.000	0.000	0.000	19.340	647.500	178.710	0.000	826.210	19.340		
19.350	0.000	0.000	0.000	0.000	19.350	670.000	167.500	0.000	837.500	19.350		
19.360	0.000	0.000	0.000	0.000	19.360	686.750	160.800	0.000	847.550	19.360		
19.370	0.000	0.000	0.000	0.000	19.370	706.850	157.450	0.000	864.300	19.370		
19.380	0.000	0.000	0.000	0.000	19.380	726.950	150.750	0.000	877.700	19.380		
19.390	0.000	0.000	0.000	0.000	19.390	747.050	144.050	0.000	891.100	19.390		
19.400	0.000	0.000	0.000	0.000	19.400	767.150	137.350	0.000	904.500	19.400		
19.410	22.330	4.620	0.000	26.950	19.410	787.250	130.650	0.000	917.900	19.410		
19.420	66.990	6.930	0.000	73.920	19.420	807.350	120.600	0.000	927.950	19.420		
19.430	124.740	9.240	0.000	133.980	19.430	820.750	117.250	0.000	938.000	19.430		
19.440	157.080	9.240	0.000	166.320	19.440	834.150	107.200	0.000	941.350	19.440		
19.450	192.500	14.630	0.000	207.130	19.450	837.500	97.150	0.000	934.650	19.450		
19.460	247.380	19.530	0.000	266.910	19.460	834.150	87.100	0.000	921.250	19.460		
19.470	308.140	26.040	4.340	338.520	19.470	824.100	77.050	0.000	901.150	19.470		
19.480	373.240	41.230	10.850	425.320	19.480	807.350	70.350	0.000	877.700	19.480		
19.490	431.830	71.610	19.530	522.970	19.490	783.900	63.650	0.000	847.550	19.490		
19.500	468.720	101.990	28.210	598.920	19.500	745.000	50.660	0.000	795.660	19.500		
19.510	477.400	117.180	34.720	629.300	19.510	685.400	44.700	0.000	730.100	19.510		
19.520	466.550	125.860	43.400	635.810	19.520	613.880	32.780	0.000	646.660	19.520		
19.530	455.700	132.370	54.250	642.320	19.530	524.480	26.820	0.000	551.300	19.530		
19.540	451.360	138.880	62.930	653.170	19.540	417.200	14.900	0.000	432.100	19.540		
19.550	453.530	151.900	75.950	681.380	19.550	309.920	2.980	0.000	312.900	19.550		
19.560	468.720	169.260	88.970	726.950	19.560	223.500	0.000	0.000	223.500	19.560		
19.570	490.420	182.280	95.480	768.180	19.570	154.960	0.000	0.000	154.960	19.570		
19.580	512.120	193.130	101.990	807.240	19.580	98.340	0.000	0.000	98.340	19.580		
19.590	529.480	206.150	106.330	841.960	19.590	53.640	0.000	0.000	53.640	19.590		
19.600	542.500	214.830	110.670	868.000	19.600	20.860	0.000	0.000	20.860	19.600		
19.610	550.000	222.200	114.400	886.600	19.610	8.940	0.000	0.000	8.940	19.610		
19.620	550.000	228.800	116.600	895.400	19.620	5.960	0.000	0.000	5.960	19.620		
19.630	545.600	233.200	118.800	897.600	19.630	2.980	0.000	0.000	2.980	19.630		
19.640	541.200	235.400	121.000	897.600	19.640	2.980	0.000	0.000	2.980	19.640		
19.650	534.600	235.400	123.200	893.200	19.650	5.000	0.000	0.000	5.000	19.650		
19.660	521.400	235.400	125.400	882.200	19.660	2.500	0.000	0.000	2.500	19.660		
19.670	508.200	235.400	129.800	873.400	19.670	2.500	0.000	0.000	2.500	19.670		
19.680	490.600	228.800	129.800	849.200	19.680	0.000	0.000	0.000	0.000	19.680		
19.690	473.000	226.600	129.800	829.400	19.690	0.000	0.000	0.000	0.000	19.690		
19.700	459.800	222.200	129.800	811.800	19.700	0.000	0.000	0.000	0.000	19.700		
19.710	444.400	215.600	125.400	785.400	19.710	0.000	0.000	0.000	0.000	19.710		
19.720	429.000	211.200	129.800	770.000	19.720	0.000	0.000	0.000	0.000	19.720		
19.730	415.800	209.000	129.800	754.600	19.730	0.000	0.000	0.000	0.000	19.730		
19.740	404.800	209.000	129.800	743.600	19.740	0.000	0.000	0.000	0.000	19.740		
19.750	393.800	209.000	132.000	734.800	19.750	0.000	0.000	0.000	0.000	19.750		
19.760	382.500	209.610	134.640	726.750	19.760	0.000	0.000	0.000	0.000	19.760		
19.770	374.850	209.610	136.170	720.630	19.770	0.000	0.000	0.000	0.000	19.770		
19.780	367.200	211.140	139.230	717.570	19.780	0.000	0.000	0.000	0.000	19.780		
19.790	359.550	217.260	143.820	720.630	19.790	0.000	0.000	0.000	0.000	19.790		
19.800	354.960	221.850	149.940	726.750	19.800	0.000	0.000	0.000	0.000	19.800		
19.810	347.310	229.500	156.060	732.870	19.810	0.000	0.000	0.000	0.000	19.810		
19.820	341.190	234.090	162.180	737.460	19.820	0.000	0.000	0.000	0.000	19.820		
19.830	336.600	241.740	169.830	748.170	19.830	0.000	0.000	0.000	0.000	19.830		
19.840	328.950	249.390	174.420	752.760	19.840	0.000	0.000	0.000	0.000	19.840		
19.850	321.300	257.040	182.070	760.410	19.850	0.000	0.000	0.000	0.000	19.850		
19.860	313.650	264.690	189.720	768.060	19.860	0.000	0.000	0.000	0.000	19.860		
19.870	306.000	272.340	197.370	775.710	19.870	0.000	0.000	0.000	0.000	19.870		
19.880	296.820	279.990	209.610	786.420	19.880	0.000	0.000	0.000	0.000	19.880		
19.890	286.110	286.110	221.850	794.070	19.890	0.000	0.000	0.000	0.000	19.890		
19.900	273.870	293.760	231.030	798.660	19.900	0.000	0.000	0.000	0.000	19.900		
19.910	262.650	303.450	247.350	813.450	19.910	0.000	0.000	0.000	0.000	19.910		
19.920	252.450	316.200	260.100	828.750	19.920	0.000	0.000	0.000	0.000	19.920		
19.930	242.250	326.400	275.400	844.050	19.930	0.000	0.000	0.000	0.000	19.930		
19.940	229.500	336.600	293.250	859.350	19.940	2.500	0.000	0.000	2.500	19.940		
19.950	214.200	344.250	311.100	869.550	19.950	3.900	1.300	0.000	5.200	19.950		
19.960	196.350	349.350	331.500	877.200	19.960	3.900	1.300	0.000	5.200	19.960		
19.970	170.850	354.450	357.000	882.300	19.970	3.900	1.300	0.000	5.200	19.970		
19.980	147.900	354.450	382.500	884.850	19.980	3.900	3.900	0.000	7.800	19.980		
19.990	124.950	351.900	410.550	887.400	19.990	3.900	1.300	0.000	5.200	19.990		
20.000	99.450	344.250	448.800	892.500	20.000	3.900	1.300	0.000	5.200	20.000		
20.010	76.500	331.500	484.500	892.500	20.010	1.300	0.000	0.000	1.300	20.010		
20.020	56.100	311.100	520.200	887.400	20.020	0.000	3.900	0.000	3.900	20.020		
20.030	40.800	285.600	563.550	889.950	20.030	0.000	9.100	9.100	18.200	20.030		
20.040	33.150	255.000	601.800	889.950	20.040	0.000	14.300	46.800	61.100	20.040		
20.050	25.500	219.300	637.500	882.300	20.050	0.000	19.500	117.000	136.500	20.050		
20.060	19.390	182.820	664.800	867.010	20.060	0.000	22.100	182.000	204.100	20.060		
20.070	13.850	152.350	684.190	850.390	20.070	3.900	29.900	247.000	280.800	20.070		
20.080	5.540	127.420	692.500	825.460	20.080	11.700	46.800	299.000	357.500	20.080		
20.090	2.770	105.260	692.500	800.530	20.090	24.700	62.400	325.000	412.100	20.090		
20.100	0.000	88.640	681.420	770.060	20.100	32.400	66.600	315.000	414.000	20.100		
20.110	0.000	74.790	662.030	736.820	20.110	41.400	68.400	291.600	401.400	20.110		
20.120	0.000	60.940	631.560	692.500	20.120	52.200	73.800	279.000	405.000	20.120		
20.130	0.000	49.860	587.240	637.100	20.130	64.800	84.600	286.200	435.600	20.130		
20.140	0.000	33.240	537.380	570.620	20.140	73.800	97.200	304.200	475.200	20.140		
20.150	0.000	24.930	481.980	506.910	20.150	84.600	109.800	329.400	523.800	20.150		
20.160	0.000	11.080	412.730	423.810	20.160	91.800	122.400	356.400	570.600	20.160		
20.170	0.000	0.000	340.710	340.710	20.170	99.000	136.800	381.600	617.400	20.170		
20.180	0.000	0.000	260.380	260.380	20.180	109.800	149.400	405.000	664.200	20.180		
20.190	0.000	0.000	185.590	185.590	20.190	113.400	167.400	424.800	705.600	20.190		
20.200	0.000	0.000	124.650	124.650	20.200	122.400	180.000	437.400	739.800	20.200		
20.210	0.000	0.000	77.500	77.500	20.210	129.600	190.800	444.600	765.000	20.210		
20.220	0.000	0.000	44.950	44.950	20.220	135.000	199.800	450.000	784.800	20.220		
20.230	2.480	0.000	27.280	29.760	20.230	138.600	208.800	446.400	793.800	20.230		
20.240	4.960	0.000	22.320	27.280	20.240	145.800	214.200	439.200	799.200	20.240		
20.250	4.960	0.000	17.360	22.320	20.250	151.360	218.440	430.000	799.800	20.250		
20.260	4.960	0.000	17.360	22.320	20.260	159.960	227.040	421.400	808.400	20.260		
20.270	4.960	0.000	14.880	19.840	20.270	163.400	232.200	405.920	801.520	20.270		
20.280	4.960	0.000	14.880	19.840	20.280	173.720	237.360	393.880	804.960	20.280		
20.290	4.960	0.000	14.880	19.840	20.290	182.320	240.800	381.840	804.960	20.290		
20.300	2.480	0.000	12.400	14.880	20.300	187.480	244.240	366.360	798.080	20.300		
20.310	2.480	0.000	9.920	12.400	20.310	190.920	245.960	350.880	787.760	20.310		
20.320	2.480	0.000	9.920	12.400	20.320	196.080	245.960	337.120	779.160	20.320		
20.330	2.480	0.000	9.920	12.400	20.330	201.240	244.240	319.920	765.400	20.330		
20.340	2.480	0.000	7.440	9.920	20.340	206.400	244.240	304.440	755.080	20.340		
20.350	2.480	0.000	7.440	9.920	20.350	211.560	244.240	287.240	743.040	20.350		
20.360	2.490	0.000	7.500	9.990	20.360	216.720	240.800	266.600	724.120	20.360		
20.370	2.490	0.000	4.980	7.470	20.370	223.600	239.080	249.400	712.080	20.370		
20.380	2.490	0.000	4.980	7.470	20.380	228.760	233.920	232.200	694.880	20.380		
20.390	2.490	0.000	4.980	7.470	20.390	233.920	232.200	216.720	682.840	20.390		
20.400	2.490	0.000	4.980	7.470	20.400	241.920	226.800	202.230	670.950	20.400		
20.410	2.490	0.000	4.980	7.470	20.410	245.700	226.800	190.890	663.390	20.410		
20.420	2.490	0.000	4.980	7.470	20.420	253.260	224.910	179.550	657.720	20.420		
20.430	2.490	0.000	2.490	4.980	20.430	264.600	224.910	168.210	657.720	20.430		
20.440	0.000	0.000	2.490	2.490	20.440	275.940	228.690	156.870	661.500	20.440		
20.450	0.000	0.000	2.490	2.490	20.450	291.060	228.690	143.640	663.390	20.450		
20.460	0.000	0.000	2.490	2.490	20.460	304.290	228.690	134.190	667.170	20.460		
20.470	0.000	0.000	2.490	2.490	20.470	321.300	228.690	120.960	670.950	20.470		
20.480	0.000	0.000	2.490	2.490	20.480	342.090	228.690	109.620	680.400	20.480		
20.490	0.000	0.000	0.000	0.000	20.490	364.770	228.690	98.280	691.740	20.490		
20.500	0.000	0.000	0.000	0.000	20.500	383.670	226.800	86.940	697.410	20.500		
20.510	0.000	0.000	2.090	2.090	20.510	406.350	224.910	77.490	708.750	20.510		
20.520	0.000	0.000	0.000	0.000	20.520	427.140	221.130	66.150	714.420	20.520		
20.530	0.000	0.000	2.090	2.090	20.530	449.820	217.350	58.590	725.760	20.530		
20.540	0.000	0.000	2.090	2.090	20.540	472.500	211.680	51.030	735.210	20.540		
20.550	0.000	2.090	4.180	6.270	20.550	501.600	203.280	42.240	747.120	20.550		
20.560	0.000	2.090	4.180	6.270	20.560	528.000	192.720	34.320	755.040	20.560		
20.570	0.000	4.180	6.270	10.450	20.570	551.760	176.880	26.400	755.040	20.570		
20.580	2.090	6.270	4.180	12.540	20.580	575.520	155.760	18.480	749.760	20.580		
20.590	27.170	8.360	6.270	41.800	20.590	601.920	137.280	10.560	749.760	20.590		
20.600	66.880	16.720	4.180	87.780	20.600	617.760	113.520	2.640	733.920	20.600		
20.610	133.760	20.900	2.090	156.750	20.610	636.240	92.400	0.000	728.640	20.610		
20.620	246.620	31.350	0.000	277.970	20.620	646.800	73.920	0.000	720.720	20.620		
20.630	372.020	52.250	6.270	430.540	20.630	657.360	55.440	0.000	712.800	20.630		
20.640	461.890	85.690	18.810	566.390	20.640	660.000	39.600	0.000	699.600	20.640		
20.650	522.500	144.210	39.710	706.420	20.650	646.800	26.400	0.000	673.200	20.650		
20.660	540.540	173.250	53.130	766.920	20.660	620.400	15.840	0.000	636.240	20.660		
20.670	533.610	194.040	73.920	801.570	20.670	583.440	2.640	0.000	586.080	20.670		
20.680	547.470	219.450	97.020	863.940	20.680	535.920	0.000	0.000	535.920	20.680		
20.690	556.710	235.620	106.260	898.590	20.690	469.920	0.000	0.000	469.920	20.690		
20.700	563.640	254.100	117.810	935.550	20.700	385.000	0.000	0.000	385.000	20.700		
20.710	570.570	267.960	124.740	963.270	20.710	298.760	0.000	0.000	298.760	20.710		
20.720	577.500	286.440	133.980	997.920	20.720	214.060	0.000	0.000	214.060	20.720		
20.730	568.260	300.300	143.220	1011.780	20.730	138.600	0.000	0.000	138.600	20.730		
20.740	549.780	314.160	154.770	1018.710	20.740	77.000	0.000	0.000	77.000	20.740		
20.750	524.370	325.710	166.320	1016.400	20.750	38.500	0.000	0.000	38.500	20.750		
20.760	489.720	330.330	177.870	997.920	20.760	18.480	0.000	0.000	18.480	20.760		
20.770	452.760	334.950	187.110	974.820	20.770	16.940	1.540	0.000	18.480	20.770		
20.780	415.800	337.260	196.350	949.410	20.780	13.860	0.000	0.000	13.860	20.780		
20.790	381.150	334.950	203.280	919.380	20.790	9.240	0.000	0.000	9.240	20.790		
20.800	348.810	330.330	207.900	887.040	20.800	9.240	0.000	0.000	9.240	20.800		
20.810	314.550	326.700	209.250	850.500	20.810	6.160	0.000	0.000	6.160	20.810		
20.820	284.850	317.250	211.950	814.050	20.820	4.620	0.000	0.000	4.620	20.820		
20.830	259.200	317.250	209.250	785.700	20.830	1.540	0.000	0.000	1.540	20.830		
20.840	236.250	311.850	206.550	754.650	20.840	1.540	0.000	0.000	1.540	20.840		
20.850	217.350	306.450	203.850	727.650	20.850	0.000	0.000	0.000	0.000	20.850		
20.860	199.800	303.750	202.500	706.050	20.860	0.000	0.000	0.000	0.000	20.860		
20.870	184.950	302.400	199.800	687.150	20.870	0.000	0.000	0.000	0.000	20.870		
20.880	171.450	299.700	197.100	668.250	20.880	0.000	0.000	0.000	0.000	20.880		
20.890	162.000	297.000	194.400	653.400	20.890	0.000	0.000	0.000	0.000	20.890		
20.900	153.900	299.700	194.400	648.000	20.900	0.000	0.000	0.000	0.000	20.900		
20.910	149.850	303.750	197.100	650.700	20.910	0.000	0.000	0.000	0.000	20.910		
20.920	147.150	309.150	199.800	656.100	20.920	0.000	0.000	0.000	0.000	20.920		
20.930	144.450	319.950	203.850	668.250	20.930	0.000	0.000	0.000	0.000	20.930		
20.940	144.450	326.700	211.950	683.100	20.940	0.000	0.000	0.000	0.000	20.940		
20.950	147.150	337.500	218.700	703.350	20.950	0.000	0.000	0.000	0.000	20.950		
20.960	146.200	347.440	228.760	722.400	20.960	0.000	0.000	0.000	0.000	20.960		
20.970	146.200	359.480	240.800	746.480	20.970	0.000	0.000	0.000	0.000	20.970		
20.980	144.480	364.640	251.120	760.240	20.980	0.000	0.000	0.000	0.000	20.980		
20.990	144.480	371.520	261.440	777.440	20.990	0.000	0.000	0.000	0.000	20.990		
21.000	141.040	376.680	271.760	789.480	21.000	0.000	0.000	0.000	0.000	21.000		
21.010	139.320	387.000	283.800	810.120	21.010	0.000	0.000	0.000	0.000	21.010		
21.020	134.160	393.880	295.840	823.880	21.020	0.000	0.000	0.000	0.000	21.020		
21.030	129.000	399.040	311.320	839.360	21.030	0.000	0.000	0.000	0.000	21.030		
21.040	122.120	404.200	326.800	853.120	21.040	0.000	0.000	0.000	0.000	21.040		
21.050	111.800	405.920	347.440	865.160	21.050	0.000	0.000	0.000	0.000	21.050		
21.060	104.920	405.920	359.480	870.320	21.060	0.000	0.000	0.000	0.000	21.060		
21.070	91.160	404.200	374.960	870.320	21.070	0.000	0.000	0.000	0.000	21.070		
21.080	84.280	402.480	393.880	880.640	21.080	0.000	0.000	0.000	0.000	21.080		
21.090	72.240	393.880	411.080	877.200	21.090	0.000	0.000	0.000	0.000	21.090		
21.100	63.640	387.000	430.000	880.640	21.100	0.000	0.000	0.000	0.000	21.100		
21.110	53.550	374.850	450.450	878.850	21.110	0.000	0.000	0.000	0.000	21.110		
21.120	44.100	365.400	475.650	885.150	21.120	0.000	0.000	0.000	0.000	21.120		
21.130	34.650	349.650	504.000	888.300	21.130	0.000	0.000	0.000	0.000	21.130		
21.140	28.350	333.900	532.350	894.600	21.140	0.000	5.000	0.000	5.000	21.140		
21.150	18.900	315.000	567.000	900.900	21.150	0.000	4.220	0.000	4.220	21.150		
21.160	9.450	289.800	598.500	897.750	21.160	0.000	2.110	0.000	2.110	21.160		
21.170	3.150	264.600	636.300	904.050	21.170	2.110	2.110	0.000	4.220	21.170		
21.180	0.000	239.400	677.250	916.650	21.180	0.000	2.110	0.000	2.110	21.180		
21.190	0.000	214.200	705.600	919.800	21.190	0.000	2.110	0.000	2.110	21.190		
21.200	0.000	185.850	733.950	919.800	21.200	0.000	2.110	0.000	2.110	21.200		
21.210	0.000	163.800	759.150	922.950	21.210	0.000	2.110	0.000	2.110	21.210		
21.220	0.000	138.600	774.900	913.500	21.220	0.000	6.330	0.000	6.330	21.220		
21.230	0.000	119.700	787.500	907.200	21.230	0.000	14.770	94.950	109.720	21.230		
21.240	0.000	97.650	787.500	885.150	21.240	0.000	18.990	200.450	219.440	21.240		
21.250	0.000	81.900	778.050	859.950	21.250	0.000	21.100	240.540	261.640	21.250		
21.260	0.000	66.880	760.000	826.880	21.260	0.000	21.100	286.960	308.060	21.260		
21.270	0.000	51.680	720.480	772.160	21.270	2.110	31.650	373.470	407.230	21.270		
21.280	0.000	39.520	680.960	720.480	21.280	10.550	48.530	466.310	525.390	21.280		
21.290	0.000	27.360	626.240	653.600	21.290	21.100	82.290	527.500	630.890	21.290		
21.300	0.000	15.200	559.360	574.560	21.300	46.620	115.440	555.000	717.060	21.300		
21.310	0.000	6.080	474.240	480.320	21.310	64.380	126.540	546.120	737.040	21.310		
21.320	0.000	0.000	383.040	383.040	21.320	75.480	135.420	530.580	741.480	21.320		
21.330	0.000	0.000	288.800	288.800	21.330	91.020	144.300	526.140	761.460	21.330		
21.340	0.000	0.000	206.720	206.720	21.340	99.900	153.180	528.360	781.440	21.340		
21.350	0.000	0.000	133.760	133.760	21.350	108.780	166.500	541.680	816.960	21.350		
21.360	0.000	0.000	82.080	82.080	21.360	115.440	179.820	546.120	841.380	21.360		
21.370	0.000	0.000	48.640	48.640	21.370	122.100	188.700	546.120	856.920	21.370		
21.380	0.000	0.000	33.440	33.440	21.380	128.760	195.360	543.900	868.020	21.380		
21.390	0.000	0.000	30.400	30.400	21.390	130.980	204.240	541.680	876.900	21.390		
21.400	0.000	0.000	27.360	27.360	21.400	135.420	208.680	537.240	881.340	21.400		
21.410	4.950	0.000	22.500	27.450	21.410	139.860	213.120	528.360	881.340	21.410		
21.420	2.430	0.000	17.460	19.890	21.420	144.300	219.780	519.480	883.560	21.420		
21.430	2.430	0.000	17.460	19.890	21.430	146.520	222.000	501.720	870.240	21.430		
21.440	2.430	0.000	14.940	17.370	21.440	148.740	219.780	479.520	848.040	21.440		
21.450	2.430	0.000	14.940	17.370	21.450	151.890	219.600	457.500	828.990	21.450		
21.460	2.430	0.000	14.940	17.370	21.460	157.380	215.940	437.370	810.690	21.460		
21.470	2.430	0.000	12.420	14.850	21.470	159.210	214.110	417.240	790.560	21.470		
21.480	2.430	0.000	9.990	12.420	21.480	159.210	208.620	398.940	766.770	21.480		
21.490	2.430	0.000	9.990	12.420	21.490	161.040	206.790	384.300	752.130	21.490		
21.500	2.430	0.000	9.990	12.420	21.500	164.700	204.960	371.490	741.150	21.500		
21.510	2.430	0.000	7.470	9.900	21.510	164.700	204.960	362.340	732.000	21.510		
21.520	2.430	0.000	7.470	9.900	21.520	164.700	201.300	351.360	717.360	21.520		
21.530	2.430	0.000	7.470	9.900	21.530	166.530	199.470	342.210	708.210	21.530		
21.540	2.430	0.000	7.470	9.900	21.540	168.360	195.810	334.890	699.060	21.540		
21.550	2.430	0.000	7.470	9.900	21.550	168.360	195.810	325.740	689.910	21.550		
21.560	2.500	0.000	5.000	7.500	21.560	172.020	195.810	322.080	689.910	21.560		
21.570	2.500	0.000	5.000	7.500	21.570	173.850	195.810	316.590	686.250	21.570		
21.580	2.500	0.000	5.000	7.500	21.580	175.680	201.300	311.100	688.080	21.580		
21.590	2.500	0.000	2.500	5.000	21.590	181.170	204.960	307.440	693.570	21.590		
21.600	2.500	0.000	5.000	7.500	21.600	189.880	208.060	296.940	694.880	21.600		
21.610	0.000	0.000	5.000	5.000	21.610	195.940	214.120	288.860	698.920	21.610		
21.620	2.500	0.000	5.000	7.500	21.620	206.040	218.160	278.760	702.960	21.620		
21.630	0.000	0.000	2.500	2.500	21.630	218.160	226.240	266.640	711.040	21.630		
21.640	2.500	0.000	5.000	7.500	21.640	234.320	232.300	252.500	719.120	21.640		
21.650	0.000	0.000	2.500	2.500	21.650	252.500	236.340	234.320	723.160	21.650		
21.660	0.000	0.000	2.500	2.500	21.660	268.660	244.420	216.140	729.220	21.660		
21.670	0.000	0.000	2.500	2.500	21.670	288.860	248.460	195.940	733.260	21.670		
21.680	0.000	0.000	2.500	2.500	21.680	313.100	254.520	173.720	741.340	21.680		
21.690	0.000	0.000	5.000	5.000	21.690	343.400	254.520	151.500	749.420	21.690		
21.700	0.000	0.000	5.000	5.000	21.700	373.700	254.520	129.280	757.500	21.700		
21.710	0.000	0.000	3.880	3.880	21.710	404.000	254.520	109.080	767.600	21.710		
21.720	0.000	1.940	3.880	5.820	21.720	436.320	252.500	88.880	777.700	21.720		
21.730	0.000	1.940	5.820	7.760	21.730	468.640	248.460	74.740	791.840	21.730		
21.740	0.000	1.940	5.820	7.760	21.740	505.000	244.420	58.580	808.000	21.740		
21.750	0.000	3.880	3.880	7.760	21.750	544.680	229.500	42.840	817.020	21.750		
21.760	0.000	1.940	1.940	3.880	21.760	581.400	217.260	33.660	832.320	21.760		
21.770	0.000	3.880	3.880	7.760	21.770	621.180	195.840	24.480	841.500	21.770		
21.780	9.700	3.880	1.940	15.520	21.780	654.840	174.420	18.360	847.620	21.780		
21.790	31.040	11.640	1.940	44.620	21.790	688.500	149.940	12.240	850.680	21.790		
21.800	73.720	19.400	0.000	93.120	21.800	719.100	131.580	3.060	853.740	21.800		
21.810	161.020	19.400	0.000	180.420	21.810	743.580	110.160	0.000	853.740	21.810		
21.820	248.320	23.280	1.940	273.540	21.820	758.880	91.800	0.000	850.680	21.820		
21.830	331.740	38.800	5.820	376.360	21.830	765.000	76.500	0.000	841.500	21.830		
21.840	417.100	64.020	13.580	494.700	21.840	755.820	67.320	0.000	823.140	21.840		
21.850	485.000	116.400	34.920	636.320	21.850	743.580	52.020	0.000	795.600	21.850		
21.860	502.500	130.650	44.220	677.370	21.860	716.040	39.780	0.000	755.820	21.860		
21.870	454.260	126.630	52.260	633.150	21.870	682.380	30.600	0.000	712.980	21.870		
21.880	406.020	126.630	64.320	596.970	21.880	630.360	21.420	0.000	651.780	21.880		
21.890	391.950	134.670	74.370	600.990	21.890	572.220	9.180	0.000	581.400	21.890		
21.900	399.990	146.730	86.430	633.150	21.900	485.000	1.940	0.000	486.940	21.900		
21.910	418.080	158.790	96.480	673.350	21.910	393.820	0.000	0.000	393.820	21.910		
21.920	446.220	178.890	106.530	731.640	21.920	304.580	0.000	0.000	304.580	21.920		
21.930	468.330	198.990	114.570	781.890	21.930	211.460	0.000	0.000	211.460	21.930		
21.940	484.410	221.100	124.620	830.130	21.940	131.920	0.000	0.000	131.920	21.940		
21.950	488.430	243.210	138.690	870.330	21.950	73.720	0.000	0.000	73.720	21.950		
21.960	486.420	263.310	148.740	898.470	21.960	38.800	0.000	0.000	38.800	21.960		
21.970	478.380	279.390	160.800	918.570	21.970	19.400	0.000	0.000	19.400	21.970		
21.980	464.310	291.450	176.880	932.640	21.980	17.460	0.000	0.000	17.460	21.980		
21.990	442.200	297.480	188.940	928.620	21.990	11.640	0.000	1.940	13.580	21.990		
22.000	414.060	299.490	201.000	914.550	22.000	9.700	0.000	0.000	9.700	22.000		
22.010	390.000	304.200	213.720	907.920	22.010	5.820	0.000	0.000	5.820	22.010		
22.020	363.480	304.200	221.520	889.200	22.020	5.820	0.000	0.000	5.820	22.020		
22.030	344.760	304.200	232.440	881.400	22.030	1.940	0.000	0.000	1.940	22.030		
22.040	324.480	304.200	238.680	867.360	22.040	1.940	0.000	0.000	1.940	22.040		
22.050	304.200	304.200	246.480	854.880	22.050	2.500	0.000	0.000	2.500	22.050		
22.060	283.920	301.080	257.400	842.400	22.060	0.000	0.000	0.000	0.000	22.060		
22.070	266.760	299.520	263.640	829.920	22.070	0.000	0.000	0.000	0.000	22.070		
22.080	249.600	296.400	271.440	817.440	22.080	0.000	0.000	0.000	0.000	22.080		
22.090	229.320	291.720	276.120	797.160	22.090	0.000	0.000	0.000	0.000	22.090		
22.100	212.160	287.040	283.920	783.120	22.100	0.000	0.000	0.000	0.000	22.100		
22.110	195.000	283.920	294.840	773.760	22.110	0.000	0.000	0.000	0.000	22.110		
22.120	176.280	279.240	304.200	759.720	22.120	0.000	0.000	0.000	0.000	22.120		
22.130	162.240	274.560	312.000	748.800	22.130	0.000	0.000	0.000	0.000	22.130		
22.140	143.520	269.880	319.800	733.200	22.140	0.000	0.000	0.000	0.000	22.140		
22.150	129.480	266.760	332.280	728.520	22.150	0.000	0.000	0.000	0.000	22.150		
22.160	115.200	263.680	343.040	721.920	22.160	0.000	0.000	0.000	0.000	22.160		
22.170	102.400	261.120	358.400	721.920	22.170	0.000	0.000	0.000	0.000	22.170		
22.180	92.160	261.120	373.760	727.040	22.180	0.000	0.000	0.000	0.000	22.180		
22.190	84.480	261.120	391.680	737.280	22.190	0.000	0.000	0.000	0.000	22.190		
22.200	76.800	261.120	404.480	742.400	22.200	0.000	0.000	0.000	0.000	22.200		
22.210	69.120	263.680	422.400	755.200	22.210	0.000	0.000	0.000	0.000	22.210		
22.220	61.440	263.680	440.320	765.440	22.220	0.000	0.000	0.000	0.000	22.220		
22.230	56.320	266.240	458.240	780.800	22.230	0.000	0.000	0.000	0.000	22.230		
22.240	51.200	266.240	481.280	798.720	22.240	0.000	0.000	0.000	0.000	22.240		
22.250	46.080	268.800	506.880	821.760	22.250	0.000	0.000	0.000	0.000	22.250		
22.260	40.960	268.800	532.480	842.240	22.260	0.000	0.000	0.000	0.000	22.260		
22.270	38.400	266.240	558.080	862.720	22.270	0.000	0.000	0.000	0.000	22.270		
22.280	33.280	266.240	583.680	883.200	22.280	0.000	0.000	0.000	0.000	22.280		
22.290	30.720	263.680	611.840	906.240	22.290	0.000	0.000	0.000	0.000	22.290		
22.300	23.040	256.000	640.000	919.040	22.300	0.000	0.000	0.000	0.000	22.300		
22.310	19.080	244.860	664.620	928.560	22.310	0.000	0.000	0.000	0.000	22.310		
22.320	12.720	232.140	686.880	931.740	22.320	0.000	0.000	0.000	0.000	22.320		
22.330	9.540	216.240	712.320	938.100	22.330	0.000	0.000	0.000	0.000	22.330		
22.340	6.360	200.340	728.220	934.920	22.340	0.000	0.000	0.000	0.000	22.340		
22.350	3.180	184.440	747.300	934.920	22.350	0.000	0.000	0.000	0.000	22.350		
22.360	3.180	168.540	760.020	931.740	22.360	0.000	0.000	0.000	0.000	22.360		
22.370	0.000	152.640	772.740	925.380	22.370	0.000	3.880	13.580	17.460	22.370		
22.380	0.000	136.740	785.460	922.200	22.380	0.000	9.700	65.960	75.660	22.380		
22.390	0.000	117.660	795.000	912.660	22.390	0.000	17.460	143.560	161.020	22.390		
22.400	0.000	104.940	791.820	896.760	22.400	0.000	17.460	209.520	226.980	22.400		
22.410	0.000	92.220	782.280	874.500	22.410	0.000	17.460	256.080	273.540	22.410		
22.420	0.000	79.500	766.380	845.880	22.420	0.000	19.400	316.220	335.620	22.420		
22.430	0.000	69.960	744.120	814.080	22.430	3.880	27.160	384.120	415.160	22.430		
22.440	0.000	57.240	705.960	763.200	22.440	11.640	38.800	438.440	488.880	22.440		
22.450	0.000	50.880	661.440	712.320	22.450	17.460	62.080	471.420	550.960	22.450		
22.460	0.000	37.760	590.000	627.760	22.460	31.040	97.000	485.000	613.040	22.460		
22.470	0.000	25.960	495.600	521.560	22.470	48.500	110.580	465.600	624.680	22.470		
22.480	0.000	14.160	398.840	413.000	22.480	65.960	124.160	438.440	628.560	22.480		
22.490	0.000	4.720	299.720	304.440	22.490	89.240	141.620	436.500	667.360	22.490		
22.500	0.000	0.000	202.960	202.960	22.500	110.760	164.010	453.690	728.460	22.500		
22.510	0.000	0.000	127.440	127.440	22.510	129.930	187.440	477.120	794.490	22.510		
22.520	0.000	0.000	70.800	70.800	22.520	146.970	210.870	498.420	856.260	22.520		
22.530	0.000	0.000	37.760	37.760	22.530	161.880	234.300	521.850	918.030	22.530		
22.540	0.000	0.000	23.600	23.600	22.540	170.400	251.340	532.500	954.240	22.540		
22.550	2.360	0.000	21.240	23.600	22.550	183.180	266.250	532.500	981.930	22.550		
22.560	2.360	0.000	16.520	18.880	22.560	191.700	276.900	528.240	996.840	22.560		
22.570	2.360	0.000	14.160	16.520	22.570	195.960	283.290	519.720	998.970	22.570		
22.580	2.360	0.000	14.160	16.520	22.580	204.480	291.810	500.550	996.840	22.580		
22.590	2.360	0.000	14.160	16.520	22.590	208.740	291.810	477.120	977.670	22.590		
22.600	2.360	0.000	11.800	14.160	22.600	217.260	289.680	449.430	956.370	22.600		
22.610	2.480	0.000	10.000	12.480	22.610	221.520	285.420	423.870	930.810	22.610		
22.620	2.480	0.000	10.000	12.480	22.620	223.650	281.160	398.310	903.120	22.620		
22.630	2.480	0.000	10.000	12.480	22.630	225.780	276.900	374.880	877.560	22.630		
22.640	2.480	0.000	7.480	9.960	22.640	225.780	266.250	349.320	841.350	22.640		
22.650	2.480	0.000	7.480	9.960	22.650	228.800	260.000	325.000	813.800	22.650		
22.660	2.480	0.000	7.480	9.960	22.660	227.500	252.200	306.800	786.500	22.660		
22.670	2.480	0.000	5.000	7.480	22.670	227.500	247.000	289.900	764.400	22.670		
22.680	2.480	0.000	5.000	7.480	22.680	227.500	239.200	271.700	738.400	22.680		
22.690	2.480	0.000	5.000	7.480	22.690	227.500	236.600	260.000	724.100	22.690		
22.700	2.480	0.000	5.000	7.480	22.700	227.500	231.400	249.600	708.500	22.700		
22.710	2.480	0.000	5.000	7.480	22.710	227.500	228.800	239.200	695.500	22.710		
22.720	2.480	0.000	2.480	4.960	22.720	228.800	228.800	231.400	689.000	22.720		
22.730	2.480	0.000	2.480	4.960	22.730	234.000	231.400	227.500	692.900	22.730		
22.740	0.000	0.000	2.480	2.480	22.740	236.600	231.400	219.700	687.700	22.740		
22.750	0.000	0.000	0.000	0.000	22.750	241.800	236.600	214.500	692.900	22.750		
22.760	0.000	0.000	2.500	2.500	22.760	249.600	241.800	211.900	703.300	22.760		
22.770	2.500	0.000	0.000	2.500	22.770	254.800	247.000	209.300	711.100	22.770		
22.780	0.000	0.000	0.000	0.000	22.780	261.300	254.800	206.700	722.800	22.780		
22.790	0.000	0.000	0.000	0.000	22.790	269.100	261.300	204.100	734.500	22.790		
22.800	0.000	0.000	0.000	0.000	22.800	279.300	269.800	199.500	748.600	22.800		
22.810	0.000	0.000	0.000	0.000	22.810	288.800	277.400	195.700	761.900	22.810		
22.820	0.000	0.000	0.000	0.000	22.820	296.400	281.200	191.900	769.500	22.820		
22.830	0.000	0.000	0.000	0.000	22.830	309.700	286.900	190.000	786.600	22.830		
22.840	0.000	0.000	0.000	0.000	22.840	317.300	294.500	184.300	796.100	22.840		
22.850	0.000	0.000	0.000	0.000	22.850	324.900	298.300	178.600	801.800	22.850		
22.860	0.000	0.000	0.000	0.000	22.860	336.300	305.900	176.700	818.900	22.860		
22.870	0.000	0.000	0.000	0.000	22.870	349.600	313.500	174.800	837.900	22.870		
22.880	0.000	0.000	0.000	0.000	22.880	361.000	321.100	169.100	851.200	22.880		
22.890	0.000	0.000	0.000	0.000	22.890	376.200	328.700	161.500	866.400	22.890		
22.900	0.000	2.500	0.000	2.500	22.900	393.300	332.500	146.300	872.100	22.900		
22.910	0.000	1.330	0.000	1.330	22.910	414.200	332.500	129.200	875.900	22.910		
22.920	0.000	1.330	0.000	1.330	22.920	431.300	326.800	112.100	870.200	22.920		
22.930	0.000	1.330	0.000	1.330	22.930	452.200	321.100	95.000	868.300	22.930		
22.940	0.000	0.000	0.000	0.000	22.940	475.000	311.600	76.000	862.600	22.940		
22.950	0.000	0.000	0.000	0.000	22.950	502.330	294.560	57.860	854.750	22.950		
22.960	14.630	1.330	0.000	15.960	22.960	523.370	276.150	47.340	846.860	22.960		
22.970	43.890	6.650	0.000	50.540	22.970	552.300	252.480	34.190	838.970	22.970		
22.980	83.790	9.310	0.000	93.100	22.980	578.600	223.550	26.300	828.450	22.980		
22.990	122.360	9.310	0.000	131.670	22.990	604.900	197.250	18.410	820.560	22.990		
23.000	154.280	14.630	0.000	168.910	23.000	623.310	165.690	7.890	796.890	23.000		
23.010	186.200	17.290	1.330	204.820	23.010	641.720	139.390	0.000	781.110	23.010		
23.020	216.790	21.280	1.330	239.400	23.020	654.870	115.720	0.000	770.590	23.020		
23.030	259.350	31.920	6.650	297.920	23.030	657.500	97.310	0.000	754.810	23.030		
23.040	296.590	46.550	11.970	355.110	23.040	649.610	78.900	0.000	728.510	23.040		
23.050	332.500	79.800	26.600	438.900	23.050	639.090	68.380	0.000	707.470	23.050		
23.060	353.190	98.820	42.090	494.100	23.060	618.050	57.860	0.000	675.910	23.060		
23.070	364.170	109.800	56.730	530.700	23.070	597.010	47.340	0.000	644.350	23.070		
23.080	373.320	126.270	73.200	572.790	23.080	562.820	39.450	0.000	602.270	23.080		
23.090	386.130	144.570	89.670	620.370	23.090	523.370	31.560	0.000	554.930	23.090		
23.100	404.430	161.040	96.990	662.460	23.100	467.500	18.700	0.000	486.200	23.100		
23.110	420.900	179.340	111.630	711.870	23.110	403.920	9.350	0.000	413.270	23.110		
23.120	437.370	201.300	120.780	759.450	23.120	330.990	1.870	0.000	332.860	23.120		
23.130	446.520	223.260	137.250	807.030	23.130	254.320	0.000	0.000	254.320	23.130		
23.140	452.010	243.390	151.890	847.290	23.140	179.520	0.000	0.000	179.520	23.140		
23.150	457.500	269.010	166.530	893.040	23.150	114.070	0.000	0.000	114.070	23.150		
23.160	453.840	287.310	181.170	922.320	23.160	69.190	0.000	0.000	69.190	23.160		
23.170	446.520	298.290	193.980	938.790	23.170	39.270	0.000	0.000	39.270	23.170		
23.180	437.370	309.270	206.790	953.430	23.180	22.440	0.000	0.000	22.440	23.180		
23.190	420.900	316.590	215.940	953.430	23.190	16.830	0.000	0.000	16.830	23.190		
23.200	409.920	322.080	226.920	958.920	23.200	14.960	0.000	0.000	14.960	23.200		
23.210	392.500	324.990	233.930	951.420	23.210	9.350	0.000	0.000	9.350	23.210		
23.220	376.800	324.990	238.640	940.430	23.220	9.350	0.000	0.000	9.350	23.220		
23.230	361.100	324.990	241.780	927.870	23.230	9.350	0.000	0.000	9.350	23.230		
23.240	343.830	324.990	249.630	918.450	23.240	7.480	0.000	0.000	7.480	23.240		
23.250	326.560	318.710	251.200	896.470	23.250	5.000	0.000	0.000	5.000	23.250		
23.260	309.290	314.000	254.340	877.630	23.260	5.000	0.000	0.000	5.000	23.260		
23.270	292.020	309.290	257.480	858.790	23.270	5.000	0.000	0.000	5.000	23.270		
23.280	274.750	304.580	257.480	836.810	23.280	2.500	0.000	0.000	2.500	23.280		
23.290	257.480	296.730	259.050	813.260	23.290	2.500	0.000	0.000	2.500	23.290		
23.300	241.780	293.590	262.190	797.560	23.300	2.500	0.000	0.000	2.500	23.300		
23.310	226.080	292.020	263.760	781.860	23.310	0.000	0.000	0.000	0.000	23.310		
23.320	216.660	288.880	263.760	769.300	23.320	0.000	0.000	0.000	0.000	23.320		
23.330	207.240	287.310	266.900	761.450	23.330	0.000	0.000	0.000	0.000	23.330		
23.340	199.390	287.310	268.470	755.170	23.340	0.000	0.000	0.000	0.000	23.340		
23.350	194.680	284.170	268.470	747.320	23.350	0.000	0.000	0.000	0.000	23.350		
23.360	186.480	287.120	272.320	745.920	23.360	0.000	0.000	0.000	0.000	23.360		
23.370	185.000	288.600	276.760	750.360	23.370	0.000	0.000	0.000	0.000	23.370		
23.380	179.080	294.520	279.720	753.320	23.380	0.000	0.000	0.000	0.000	23.380		
23.390	176.120	297.480	284.160	757.760	23.390	0.000	0.000	0.000	0.000	23.390		
23.400	174.640	301.920	288.600	765.160	23.400	0.000	0.000	0.000	0.000	23.400		
23.410	171.680	309.320	294.520	775.520	23.410	0.000	0.000	0.000	0.000	23.410		
23.420	168.720	313.760	301.920	784.400	23.420	0.000	0.000	0.000	0.000	23.420		
23.430	167.240	319.680	306.360	793.280	23.430	0.000	0.000	0.000	0.000	23.430		
23.440	167.240	324.120	313.760	805.120	23.440	0.000	0.000	0.000	0.000	23.440		
23.450	161.320	328.560	319.680	809.560	23.450	2.490	0.000	0.000	2.490	23.450		
23.460	159.840	337.440	327.080	824.360	23.460	2.490	0.000	0.000	2.490	23.460		
23.470	156.880	344.840	334.480	836.200	23.470	2.490	0.000	0.000	2.490	23.470		
23.480	153.920	349.280	344.840	848.040	23.480	4.980	0.000	0.000	4.980	23.480		
23.490	152.440	359.640	353.720	865.800	23.490	4.980	2.490	0.000	7.470	23.490		
23.500	146.520	370.000	364.080	880.600	23.500	7.500	2.490	0.000	9.990	23.500		
23.510	142.200	376.830	376.830	895.860	23.510	7.500	2.490	0.000	9.990	23.510		
23.520	130.350	381.570	391.050	902.970	23.520	7.500	2.490	0.000	9.990	23.520		
23.530	118.500	381.570	402.900	902.970	23.530	4.980	2.490	0.000	7.470	23.530		
23.540	106.650	383.940	419.490	910.080	23.540	4.980	2.490	0.000	7.470	23.540		
23.550	92.430	379.200	433.710	905.340	23.550	1.460	1.460	0.000	2.920	23.550		
23.560	80.580	376.830	447.930	905.340	23.560	1.460	0.000	0.000	1.460	23.560		
23.570	66.360	367.350	469.260	902.970	23.570	1.460	1.460	0.000	2.920	23.570		
23.580	56.880	355.500	485.850	898.230	23.580	1.460	0.000	0.000	1.460	23.580		
23.590	49.770	343.650	507.180	900.600	23.590	0.000	1.460	4.380	5.840	23.590		
23.600	35.550	322.320	526.140	884.010	23.600	0.000	8.760	33.580	42.340	23.600		
23.610	28.440	296.250	547.470	872.160	23.610	0.000	14.600	77.380	91.980	23.610		
23.620	18.960	270.180	564.060	853.200	23.620	0.000	21.900	129.940	151.840	23.620		
23.630	9.480	244.110	575.910	829.500	23.630	0.000	18.980	164.980	183.960	23.630		
23.640	4.740	218.040	585.390	808.170	23.640	0.000	21.900	189.800	211.700	23.640		
23.650	0.000	191.970	592.500	784.470	23.650	0.000	24.820	229.220	254.040	23.650		
23.660	0.000	168.270	592.500	760.770	23.660	7.300	32.120	281.780	321.200	23.660		
23.670	0.000	146.940	580.650	727.590	23.670	11.680	43.800	324.120	379.600	23.670		
23.680	0.000	127.980	561.690	689.670	23.680	21.900	67.160	354.780	443.840	23.680		
23.690	0.000	113.760	535.620	649.380	23.690	33.580	84.680	365.000	483.260	23.690		
23.700	0.000	97.170	497.700	594.870	23.700	49.220	92.020	363.800	505.040	23.700		
23.710	0.000	78.210	443.190	521.400	23.710	64.200	98.440	363.800	526.440	23.710		
23.720	0.000	63.990	376.830	440.820	23.720	79.180	111.280	374.500	564.960	23.720		
23.730	0.000	47.400	305.730	353.130	23.730	89.880	124.120	391.620	605.620	23.730		
23.740	0.000	33.180	229.890	263.070	23.740	100.580	139.100	413.020	652.700	23.740		
23.750	0.000	23.700	158.790	182.490	23.750	109.140	154.080	438.700	701.920	23.750		
23.760	0.000	14.220	104.280	118.500	23.760	119.840	175.480	470.800	766.120	23.760		
23.770	0.000	7.110	66.360	73.470	23.770	128.400	199.020	498.620	826.040	23.770		
23.780	0.000	2.370	37.920	40.290	23.780	139.100	218.280	517.880	875.260	23.780		
23.790	0.000	0.000	21.330	21.330	23.790	145.520	233.260	528.580	907.360	23.790		
23.800	0.000	0.000	11.850	11.850	23.800	156.220	246.100	535.000	937.320	23.800		
23.810	0.000	0.000	10.000	10.000	23.810	164.780	256.800	528.580	950.160	23.810		
23.820	0.000	0.000	7.480	7.480	23.820	173.340	267.500	517.880	958.720	23.820		
23.830	2.480	0.000	7.480	9.960	23.830	179.760	269.640	507.180	956.580	23.830		
23.840	2.480	0.000	10.000	12.480	23.840	184.040	273.920	494.340	952.300	23.840		
23.850	2.480	0.000	7.480	9.960	23.850	190.000	277.400	475.000	942.400	23.850		
23.860	2.480	0.000	7.480	9.960	23.860	193.800	277.400	459.800	931.000	23.860		
23.870	2.480	0.000	5.000	7.480	23.870	199.500	277.400	440.800	917.700	23.870		
23.880	2.480	0.000	2.480	4.960	23.880	203.300	273.600	421.800	898.700	23.880		
23.890	2.480	0.000	2.480	4.960	23.890	207.100	271.700	400.900	879.700	23.890		
23.900	2.480	0.000	0.000	2.480	23.900	210.900	266.000	381.900	858.800	23.900		
23.910	0.000	0.000	0.000	0.000	23.910	214.700	264.100	361.000	839.800	23.910		
23.920	0.000	0.000	0.000	0.000	23.920	216.600	258.400	345.800	820.800	23.920		
23.930	0.000	0.000	0.000	0.000	23.930	218.500	256.500	332.500	807.500	23.930		
23.940	0.000	0.000	0.000	0.000	23.940	222.300	250.800	319.200	792.300	23.940		
23.950	0.000	0.000	0.000	0.000	23.950	222.300	247.000	305.900	775.200	23.950		
23.960	2.500	0.000	0.000	2.500	23.960	222.300	247.000	298.300	767.600	23.960		
23.970	0.000	0.000	0.000	0.000	23.970	224.200	241.300	288.800	754.300	23.970		
23.980	2.500	0.000	0.000	2.500	23.980	226.100	243.200	281.200	750.500	23.980		
23.990	2.500	0.000	0.000	2.500	23.990	229.900	243.200	273.600	746.700	23.990		
24.000	2.500	0.000	0.000	2.500	24.000	234.740	244.420	267.410	746.570	24.000		
24.010	2.500	0.000	0.000	2.500	24.010	237.160	246.840	261.360	745.360	24.010		
24.020	2.500	0.000	0.000	2.500	24.020	242.000	249.260	258.940	750.200	24.020		
24.030	0.000	0.000	0.000	0.000	24.030	246.840	251.680	256.520	755.040	24.030		
24.040	2.500	0.000	0.000	2.500	24.040	251.680	256.520	254.100	762.300	24.040		
24.050	2.500	0.000	0.000	2.500	24.050	254.100	261.360	254.100	769.560	24.050		
24.060	0.000	0.000	0.000	0.000	24.060	258.940	264.990	254.100	778.030	24.060		
24.070	0.000	0.000	0.000	0.000	24.070	264.990	269.830	254.100	788.920	24.070		
24.080	0.000	0.000	0.000	0.000	24.080	267.410	272.250	256.520	796.180	24.080		
24.090	0.000	2.500	0.000	2.500	24.090	269.830	277.090	258.940	805.860	24.090		
24.100	0.000	2.500	0.000	2.500	24.100	277.090	281.930	258.940	817.960	24.100		
24.110	0.000	4.920	0.000	4.920	24.110	281.930	289.190	258.940	830.060	24.110		
24.120	0.000	7.380	0.000	7.380	24.120	291.610	294.030	256.520	842.160	24.120		
24.130	9.840	17.220	0.000	27.060	24.130	296.450	296.450	251.680	844.580	24.130		
24.140	17.220	24.600	2.460	44.280	24.140	302.500	298.870	244.420	845.790	24.140		
24.150	22.140	29.520	4.920	56.580	24.150	309.150	297.000	229.500	835.650	24.150		
24.160	24.600	39.360	7.380	71.340	24.160	319.950	291.600	214.650	826.200	24.160		
24.170	29.520	49.200	12.300	91.020	24.170	324.000	286.200	197.100	807.300	24.170		
24.180	41.820	64.780	17.220	123.820	24.180	332.100	274.050	176.850	783.000	24.180		
24.190	67.240	89.380	36.900	193.520	24.190	337.500	261.900	156.600	756.000	24.190		
24.200	96.760	107.420	62.320	266.500	24.200	337.500	241.650	136.350	715.500	24.200		
24.210	127.100	124.640	84.460	336.200	24.210	332.100	218.700	114.750	665.550	24.210		
24.220	146.780	146.780	99.220	392.780	24.220	324.000	189.000	94.500	607.500	24.220		
24.230	157.440	164.820	117.260	439.520	24.230	317.250	156.600	68.850	542.700	24.230		
24.240	162.360	184.500	136.940	483.800	24.240	314.550	121.500	49.950	486.000	24.240		
24.250	167.280	205.000	157.440	529.720	24.250	306.450	94.500	36.450	437.400	24.250		
24.260	174.240	221.760	171.360	567.360	24.260	297.000	71.550	29.700	398.250	24.260		
24.270	180.000	236.160	187.200	603.360	24.270	282.150	56.700	21.600	360.450	24.270		
24.280	184.320	252.000	198.720	635.040	24.280	261.900	47.250	14.850	324.000	24.280		
24.290	187.200	264.960	211.680	663.840	24.290	241.650	39.150	9.450	290.250	24.290		
24.300	197.280	273.600	218.880	689.760	24.300	217.500	32.190	6.960	256.650	24.300		
24.310	204.480	283.680	228.960	717.120	24.310	194.880	24.360	1.740	220.980	24.310		
24.320	214.560	293.760	239.040	747.360	24.320	172.260	17.400	0.000	189.660	24.320		
24.330	221.760	306.720	252.000	780.480	24.330	152.250	12.180	0.000	164.430	24.330		
24.340	226.080	316.800	262.080	804.960	24.340	132.240	9.570	0.000	141.810	24.340		
24.350	228.960	326.880	272.160	828.000	24.350	112.230	6.960	0.000	119.190	24.350		
24.360	228.960	336.960	282.240	848.160	24.360	94.830	4.350	0.000	99.180	24.360		
24.370	224.640	344.160	293.760	862.560	24.370	79.170	1.740	0.000	80.910	24.370		
24.380	217.440	349.920	299.520	866.880	24.380	61.770	1.740	0.000	63.510	24.380		
24.390	211.680	354.240	309.600	875.520	24.390	41.760	1.740	1.740	45.240	24.390		
24.400	201.600	360.000	321.120	882.720	24.400	26.970	1.740	4.350	33.060	24.400		
24.410	192.210	362.070	326.310	880.590	24.410	14.790	1.740	4.350	20.880	24.410		
24.420	184.760	362.070	336.740	883.570	24.420	9.570	1.740	4.350	15.660	24.420		
24.430	174.330	362.070	344.190	880.590	24.430	6.960	1.740	4.350	13.050	24.430		
24.440	163.900	359.090	348.660	871.650	24.440	4.350	1.740	1.740	7.830	24.440		
24.450	154.960	359.090	359.090	873.140	24.450	4.680	0.000	2.340	7.020	24.450		
24.460	146.020	356.110	363.560	865.690	24.460	2.340	2.340	4.680	9.360	24.460		
24.470	141.550	351.640	366.540	859.730	24.470	2.340	2.340	2.340	7.020	24.470		
24.480	138.570	351.640	372.500	862.710	24.480	2.340	0.000	2.340	4.680	24.480		
24.490	138.570	348.660	369.520	856.750	24.490	2.340	0.000	2.340	4.680	24.490		
24.500	141.550	347.170	366.540	855.260	24.500	0.000	0.000	2.340	2.340	24.500		
24.510	144.530	344.190	362.070	850.790	24.510	0.000	2.340	2.340	4.680	24.510		
24.520	149.000	341.210	356.110	846.320	24.520	0.000	2.340	4.680	7.020	24.520		
24.530	154.960	339.720	354.620	849.300	24.530	0.000	2.340	2.340	4.680	24.530		
24.540	159.430	333.760	344.190	837.380	24.540	0.000	0.000	4.680	4.680	24.540		
24.550	166.880	329.290	336.740	832.910	24.550	0.000	7.410	62.400	69.810	24.550		
24.560	171.600	319.800	325.000	816.400	24.560	0.000	7.410	97.500	104.910	24.560		
24.570	174.200	306.800	306.800	787.800	24.570	0.000	7.410	82.290	89.700	24.570		
24.580	184.600	296.400	292.500	773.500	24.580	0.000	9.750	67.470	77.220	24.580		
24.590	196.300	287.300	271.700	755.300	24.590	0.000	9.750	57.330	67.080	24.590		
24.600	211.900	282.100	257.400	751.400	24.600	0.000	7.080	51.920	59.000	24.600		
24.610	224.900	276.900	247.000	748.800	24.610	4.720	9.440	59.590	73.750	24.610		
24.620	231.400	271.700	239.200	742.300	24.620	17.110	17.110	67.260	101.480	24.620		
24.630	236.600	266.500	234.000	737.100	24.630	22.420	19.470	77.290	119.180	24.630		
24.640	236.600	261.300	228.800	726.700	24.640	27.140	24.780	89.680	141.600	24.640		
24.650	231.400	257.400	228.800	717.600	24.650	34.810	32.450	107.380	174.640	24.650		
24.660	227.500	252.200	227.500	707.200	24.660	42.480	39.530	122.130	204.140	24.660		
24.670	219.700	249.600	227.500	696.800	24.670	49.560	47.200	132.160	228.920	24.670		
24.680	206.700	241.800	224.900	673.400	24.680	54.870	54.870	142.190	251.930	24.680		
24.690	196.300	236.600	227.500	660.400	24.690	61.950	61.950	147.500	271.400	24.690		
24.700	187.200	228.800	224.900	640.900	24.700	67.260	67.260	147.500	282.020	24.700		
24.710	174.800	222.300	227.050	624.150	24.710	71.980	67.260	142.190	281.430	24.710		
24.720	164.350	216.600	227.050	608.000	24.720	77.290	69.620	137.470	284.380	24.720		
24.730	152.000	214.700	227.050	593.750	24.730	79.650	69.620	132.160	281.430	24.730		
24.740	144.400	209.950	231.800	586.150	24.740	84.960	71.980	127.440	284.380	24.740		
24.750	136.800	207.100	231.800	575.700	24.750	89.490	72.390	119.700	281.580	24.750		
24.760	132.050	202.350	234.650	569.050	24.760	92.340	74.670	114.570	281.580	24.760		
24.770	127.300	202.350	234.650	564.300	24.770	97.470	74.670	107.160	279.300	24.770		
24.780	127.300	202.350	237.500	567.150	24.780	99.750	76.950	102.030	278.730	24.780		
24.790	127.300	199.500	237.500	564.300	24.790	104.880	79.800	99.750	284.430	24.790		
24.800	127.300	199.500	234.650	561.450	24.800	109.440	79.800	94.620	283.860	24.800		
24.810	127.300	199.500	234.650	561.450	24.810	112.290	82.080	92.340	286.710	24.810		
24.820	129.200	202.350	234.650	566.200	24.820	119.700	82.080	89.490	291.270	24.820		
24.830	132.050	202.350	231.800	566.200	24.830	121.980	84.930	87.210	294.120	24.830		
24.840	134.900	202.350	231.800	569.050	24.840	124.830	87.210	87.210	299.250	24.840		
24.850	136.800	202.350	229.900	569.050	24.850	129.960	89.490	87.210	306.660	24.850		
24.860	139.230	202.020	227.500	568.750	24.860	134.520	92.340	87.210	314.070	24.860		
24.870	139.230	202.020	227.500	568.750	24.870	134.520	92.340	87.210	314.070	24.870		
24.880	141.960	202.020	227.500	571.480	24.880	137.370	92.340	84.930	314.640	24.880		
24.890	141.960	202.020	224.770	568.750	24.890	142.500	94.620	84.930	322.050	24.890		
24.900	144.690	199.290	224.770	568.750	24.900	144.900	91.980	84.420	321.300	24.900		
24.910	141.960	199.290	222.040	563.290	24.910	147.420	94.500	81.900	323.820	24.910		
24.920	141.960	197.470	219.310	558.740	24.920	149.940	94.500	81.900	326.340	24.920		
24.930	141.960	197.470	219.310	558.740	24.930	152.460	94.500	79.380	326.340	24.930		
24.940	139.230	194.740	219.310	553.280	24.940	152.460	94.500	77.490	324.450	24.940		
24.950	139.230	194.740	219.310	553.280	24.950	154.980	94.500	77.490	326.970	24.950		
24.960	139.230	192.010	219.310	550.550	24.960	154.980	94.500	77.490	326.970	24.960		
24.970	137.410	192.010	219.310	548.730	24.970	154.980	94.500	77.490	326.970	24.970		
24.980	137.410	192.010	217.490	546.910	24.980	154.980	94.500	74.970	324.450	24.980		
24.990	137.410	192.010	214.760	544.180	24.990	157.500	94.500	74.970	326.970	24.990		
25.000	137.410	189.280	217.490	544.180	25.000	154.980	94.500	74.970	324.450	25.000		
25.010	136.740	189.200	215.000	540.940	25.010	154.980	94.500	74.970	324.450	25.010		
25.020	139.320	189.200	215.000	543.520	25.020	152.460	91.980	74.970	319.410	25.020		
25.030	139.320	189.200	212.420	540.940	25.030	152.460	91.980	74.970	319.410	25.030		
25.040	141.900	189.200	212.420	543.520	25.040	152.460	94.500	77.490	324.450	25.040		
25.050	144.480	189.200	209.840	543.520	25.050	152.460	91.980	77.490	321.930	25.050		
25.060	149.640	189.200	207.260	546.100	25.060	154.980	91.980	77.490	324.450	25.060		
25.070	154.800	189.200	204.680	548.680	25.070	152.460	91.980	79.380	323.820	25.070		
25.080	157.380	191.780	202.100	551.260	25.080	152.460	91.980	79.380	323.820	25.080		
25.090	161.680	191.780	199.520	552.980	25.090	149.940	91.980	81.900	323.820	25.090		
25.100	169.420	191.780	196.940	558.140	25.100	149.940	94.500	81.900	326.340	25.100		
25.110	172.000	194.360	196.940	563.300	25.110	147.420	94.500	84.420	326.340	25.110		
25.120	174.580	194.360	191.780	560.720	25.120	147.420	91.980	84.420	323.820	25.120		
25.130	174.580	194.360	191.780	560.720	25.130	147.420	94.500	84.420	326.340	25.130		
25.140	177.160	194.360	189.200	560.720	25.140	147.420	91.980	84.420	323.820	25.140		
25.150	177.160	194.360	187.480	559.000	25.150	147.420	94.500	81.900	323.820	25.150		
25.160	179.670	194.360	179.670	553.700	25.160	149.940	94.500	79.380	323.820	25.160		
25.170	181.930	192.100	174.020	548.050	25.170	152.460	94.500	77.490	324.450	25.170		
25.180	186.450	189.840	167.240	543.530	25.180	154.980	94.500	74.970	324.450	25.180		
25.190	186.450	184.190	159.330	529.970	25.190	157.500	94.500	72.450	324.450	25.190		
25.200	192.100	181.930	151.420	525.450	25.200	161.920	96.600	67.160	325.680	25.200		
25.210	192.100	177.410	144.640	514.150	25.210	167.440	96.600	64.400	328.440	25.210		
25.220	194.360	174.020	136.730	505.110	25.220	172.040	99.360	59.800	331.200	25.220		
25.230	196.620	169.500	126.560	492.680	25.230	179.400	102.120	54.280	335.800	25.230		
25.240	202.270	167.240	116.390	485.900	25.240	186.760	102.120	49.680	338.560	25.240		
25.250	209.050	164.980	103.960	477.990	25.250	196.880	102.120	42.320	341.320	25.250		
25.260	219.220	169.500	97.180	485.900	25.260	207.000	99.360	34.960	341.320	25.260		
25.270	231.650	169.500	91.530	492.680	25.270	214.360	94.760	26.680	335.800	25.270		
25.280	244.080	174.020	84.750	502.850	25.280	221.720	87.400	19.320	328.440	25.280		
25.290	262.160	177.410	79.100	518.670	25.290	227.240	77.280	14.720	319.240	25.290		
25.300	282.500	181.930	72.320	536.750	25.300	230.000	67.160	9.200	306.360	25.300		
25.310	304.560	185.760	66.960	557.280	25.310	230.000	57.040	7.360	294.400	25.310		
25.320	326.160	192.240	64.800	583.200	25.320	224.480	49.680	4.600	278.760	25.320		
25.330	349.920	196.560	56.160	602.640	25.330	219.880	42.320	0.000	262.200	25.330		
25.340	371.520	200.880	54.000	626.400	25.340	207.000	36.800	0.000	243.800	25.340		
25.350	393.120	207.360	51.840	652.320	25.350	192.500	29.260	0.000	221.760	25.350		
25.360	416.880	209.520	49.680	676.080	25.360	174.790	22.330	0.000	197.120	25.360		
25.370	436.320	213.840	45.360	695.520	25.370	154.770	16.940	0.000	171.710	25.370		
25.380	453.600	213.840	43.200	710.640	25.380	134.750	12.320	0.000	147.070	25.380		
25.390	470.880	218.160	41.040	730.080	25.390	112.420	6.930	0.000	119.350	25.390		
25.400	486.000	222.480	38.880	747.360	25.400	92.400	2.310	0.000	94.710	25.400		
25.410	498.960	222.480	38.880	760.320	25.410	72.380	2.310	0.000	74.690	25.410		
25.420	511.920	226.800	36.720	775.440	25.420	54.670	0.000	0.000	54.670	25.420		
25.430	524.880	228.960	38.880	792.720	25.430	39.270	0.000	0.000	39.270	25.430		
25.440	531.360	231.120	38.880	801.360	25.440	24.640	0.000	2.310	26.950	25.440		
25.450	540.000	233.280	38.880	812.160	25.450	9.240	0.000	2.310	11.550	25.450		
25.460	546.120	233.100	33.300	812.520	25.460	2.310	0.000	4.620	6.930	25.460		
25.470	548.340	230.880	33.300	812.520	25.470	0.000	0.000	4.620	4.620	25.470		
25.480	555.000	233.100	33.300	821.400	25.480	0.000	0.000	4.620	4.620	25.480		
25.490	555.000	230.880	35.520	821.400	25.490	0.000	0.000	2.310	2.310	25.490		
25.500	555.000	228.660	33.300	816.960	25.500	0.000	0.000	2.500	2.500	25.500		
25.510	555.000	224.220	33.300	812.520	25.510	0.000	0.000	2.500	2.500	25.510		
25.520	555.000	222.000	31.080	808.080	25.520	0.000	0.000	2.500	2.500	25.520		
25.530	555.000	219.780	28.860	803.640	25.530	0.000	0.000	2.500	2.500	25.530		
25.540	550.560	213.120	26.640	790.320	25.540	0.000	0.000	2.500	2.500	25.540		
25.550	555.000	208.680	22.200	785.880	25.550	0.000	2.500	5.000	7.500	25.550		
25.560	550.560	204.240	22.200	777.000	25.560	0.000	2.500	5.000	7.500	25.560		
25.570	555.000	202.020	22.200	779.220	25.570	0.000	2.500	5.000	7.500	25.570		
25.580	550.560	199.800	19.980	770.340	25.580	0.000	5.000	5.000	10.000	25.580		
25.590	550.560	199.800	19.980	770.340	25.590	0.000	5.000	7.500	12.500	25.590		
25.600	550.560	193.140	19.980	763.680	25.600	0.000	5.000	7.500	12.500	25.600		
25.610	554.040	193.800	18.240	766.080	25.610	0.000	7.500	7.500	15.000	25.610		
25.620	554.040	196.080	18.240	768.360	25.620	0.000	7.500	10.000	17.500	25.620		
25.630	558.600	193.800	20.520	772.920	25.630	0.000	7.500	10.000	17.500	25.630		
25.640	563.160	196.080	18.240	777.480	25.640	0.000	10.000	12.500	22.500	25.640		
25.650	565.440	193.800	18.240	777.480	25.650	0.000	12.160	12.160	24.320	25.650		
25.660	565.440	196.080	18.240	779.760	25.660	0.000	12.160	12.160	24.320	25.660		
25.670	570.000	193.800	20.520	784.320	25.670	0.000	12.160	14.440	26.600	25.670		
25.680	565.440	193.800	18.240	777.480	25.680	0.000	12.160	14.440	26.600	25.680		
25.690	563.160	191.520	18.240	772.920	25.690	0.000	12.160	14.440	26.600	25.690		
25.700	558.600	191.520	18.240	768.360	25.700	0.000	14.440	14.440	28.880	25.700		
25.710	556.320	191.520	20.520	768.360	25.710	0.000	14.440	14.440	28.880	25.710		
25.720	549.480	189.240	18.240	756.960	25.720	0.000	17.480	34.960	52.440	25.720		
25.730	540.360	186.960	18.240	745.560	25.730	0.000	24.320	64.600	88.920	25.730		
25.740	528.960	184.680	18.240	731.880	25.740	0.000	29.640	76.760	106.400	25.740		
25.750	519.840	182.400	18.240	720.480	25.750	0.000	29.640	84.360	114.000	25.750		
25.760	507.500	176.610	22.330	706.440	25.760	0.000	31.920	114.760	146.680	25.760		
25.770	491.260	170.520	18.270	680.050	25.770	0.000	37.240	144.400	181.640	25.770		
25.780	477.050	164.430	16.240	657.720	25.780	4.560	44.840	167.200	216.600	25.780		
25.790	458.780	158.340	16.240	633.360	25.790	12.160	52.440	190.000	254.600	25.790		
25.800	440.510	152.250	16.240	609.000	25.800	21.280	59.280	199.120	279.680	25.800		
25.810	422.240	146.160	16.240	584.640	25.810	31.920	69.920	209.760	311.600	25.810		
25.820	403.970	138.040	14.210	556.220	25.820	39.520	76.000	218.880	334.400	25.820		
25.830	381.640	131.950	12.180	525.770	25.830	47.120	86.640	229.520	363.280	25.830		
25.840	361.340	121.800	12.180	495.320	25.840	56.240	97.280	237.120	390.640	25.840		
25.850	334.950	113.680	8.120	456.750	25.850	66.880	109.440	244.720	421.040	25.850		
25.860	306.530	103.530	4.060	414.120	25.860	74.480	118.560	253.840	446.880	25.860		
25.870	282.170	97.440	4.060	383.670	25.870	83.600	129.200	269.040	481.840	25.870		
25.880	255.780	87.290	2.030	345.100	25.880	89.680	141.360	281.200	512.240	25.880		
25.890	231.420	79.170	0.000	310.590	25.890	98.800	148.960	296.400	544.160	25.890		
25.900	203.000	71.050	0.000	274.050	25.900	106.400	159.600	311.600	577.600	25.900		
25.910	175.000	62.300	0.000	237.300	25.910	114.000	168.720	326.800	609.520	25.910		
25.920	147.000	52.500	0.000	199.500	25.920	118.560	176.320	343.520	638.400	25.920		
25.930	122.500	44.800	0.000	167.300	25.930	126.160	186.960	358.720	671.840	25.930		
25.940	99.400	39.900	0.000	139.300	25.940	132.240	196.080	380.000	708.320	25.940		
25.950	79.800	32.200	0.000	112.000	25.950	136.500	204.750	397.250	738.500	25.950		
25.960	64.400	24.500	0.000	88.900	25.960	141.750	213.500	409.500	764.750	25.960		
25.970	52.500	17.500	0.000	70.000	25.970	143.500	218.750	420.000	782.250	25.970		
25.980	44.800	11.900	0.000	56.700	25.980	148.750	224.000	428.750	801.500	25.980		
25.990	39.900	9.800	0.000	49.700	25.990	152.250	229.250	432.250	813.750	25.990		
26.000	35.000	4.900	0.000	39.900	26.000	157.500	234.500	437.500	829.500	26.000		
26.010	29.400	2.100	0.000	31.500	26.010	159.250	236.250	437.500	833.000	26.010		
26.020	24.500	2.100	0.000	26.600	26.020	161.000	241.500	437.500	840.000	26.020		
26.030	19.600	2.100	0.000	21.700	26.030	164.500	245.000	434.000	843.500	26.030		
26.040	17.500	0.000	0.000	17.500	26.040	169.750	245.000	428.750	843.500	26.040		
26.050	17.500	0.000	0.000	17.500	26.050	171.500	246.750	427.000	845.250	26.050		
26.060	17.500	0.000	0.000	17.500	26.060	175.000	246.750	420.000	841.750	26.060		
26.070	17.500	0.000	0.000	17.500	26.070	178.500	248.500	411.250	838.250	26.070		
26.080	17.500	0.000	0.000	17.500	26.080	182.000	252.000	406.000	840.000	26.080		
26.090	17.500	0.000	2.450	19.950	26.090	183.750	252.000	399.000	834.750	26.090		
26.100	17.500	0.000	0.000	17.500	26.100	186.830	254.340	392.500	833.670	26.100		
26.110	17.500	0.000	0.000	17.500	26.110	189.970	254.340	386.220	830.530	26.110		
26.120	14.980	0.000	0.000	14.980	26.120	191.540	257.480	384.650	833.670	26.120		
26.130	14.980	0.000	0.000	14.980	26.130	196.250	259.050	381.510	836.810	26.130		
26.140	14.980	0.000	2.450	17.430	26.140	199.390	262.190	381.510	843.090	26.140		
26.150	14.980	0.000	0.000	14.980	26.150	199.390	263.760	381.510	844.660	26.150		
26.160	14.980	0.000	2.450	17.430	26.160	204.100	263.760	381.510	849.370	26.160		
26.170	14.980	0.000	0.000	14.980	26.170	207.240	266.900	381.510	855.650	26.170		
26.180	14.980	0.000	0.000	14.980	26.180	207.240	268.470	384.650	860.360	26.180		
26.190	14.980	0.000	0.000	14.980	26.190	207.240	268.470	386.220	861.930	26.190		
26.200	14.980	0.000	0.000	14.980	26.200	207.240	268.470	386.220	861.930	26.200		
26.210	14.960	0.000	2.480	17.440	26.210	207.240	268.470	389.360	865.070	26.210		
26.220	14.960	0.000	0.000	14.960	26.220	204.100	266.900	389.360	860.360	26.220		
26.230	14.960	0.000	0.000	14.960	26.230	204.100	266.900	389.360	860.360	26.230		
26.240	14.960	0.000	0.000	14.960	26.240	207.240	266.900	389.360	863.500	26.240		
26.250	14.960	0.000	0.000	14.960	26.250	207.480	266.760	390.000	864.240	26.250		
26.260	17.440	0.000	0.000	17.440	26.260	204.360	263.640	390.000	858.000	26.260		
26.270	14.960	0.000	0.000	14.960	26.270	207.480	263.640	390.000	861.120	26.270		
26.280	17.440	0.000	0.000	17.440	26.280	204.360	263.640	386.880	854.880	26.280		
26.290	17.440	0.000	2.480	19.920	26.290	207.480	263.640	382.200	853.320	26.290		
26.300	17.440	0.000	0.000	17.440	26.300	207.480	263.640	379.080	850.200	26.300		
26.310	17.440	0.000	2.480	19.920	26.310	209.040	263.640	375.960	848.640	26.310		
26.320	17.440	0.000	2.480	19.920	26.320	209.040	263.640	371.280	843.960	26.320		
26.330	17.440	0.000	0.000	17.440	26.330	212.160	262.080	363.480	837.720	26.330		
26.340	20.000	0.000	2.480	22.480	26.340	212.160	262.080	358.800	833.040	26.340		
26.350	17.440	0.000	2.480	19.920	26.350	213.720	262.080	354.120	829.920	26.350		
26.360	16.950	0.000	2.260	19.210	26.360	216.840	258.960	349.440	825.240	26.360		
26.370	19.210	0.000	0.000	19.210	26.370	219.960	258.960	341.640	820.560	26.370		
26.380	19.210	0.000	0.000	19.210	26.380	221.520	257.400	333.840	812.760	26.380		
26.390	19.210	0.000	2.260	21.470	26.390	224.640	254.280	324.480	803.400	26.390		
26.400	29.380	0.000	2.260	31.640	26.400	229.320	252.000	315.000	796.320	26.400		
26.410	44.070	0.000	4.520	48.590	26.410	231.840	246.960	302.400	781.200	26.410		
26.420	64.410	0.000	6.780	71.190	26.420	234.360	239.400	289.800	763.560	26.420		
26.430	101.700	4.520	9.040	115.260	26.430	236.880	234.360	272.160	743.400	26.430		
26.440	149.160	16.950	19.210	185.320	26.440	239.400	224.280	254.520	718.200	26.440		
26.450	171.760	24.860	24.860	221.480	26.450	244.440	214.200	231.840	690.480	26.450		
26.460	179.670	27.120	24.860	231.650	26.460	246.960	196.560	204.120	647.640	26.460		
26.470	198.880	39.550	31.640	270.070	26.470	252.000	176.400	171.360	599.760	26.470		
26.480	224.870	49.720	39.550	314.140	26.480	254.520	149.940	134.820	539.280	26.480		
26.490	249.730	62.150	44.070	355.950	26.490	259.560	119.700	99.540	478.800	26.490		
26.500	282.500	74.580	49.720	406.800	26.500	262.080	89.460	74.340	425.880	26.500		
26.510	315.840	92.120	54.520	462.480	26.510	264.600	61.740	59.220	385.560	26.510		
26.520	351.560	109.040	62.040	522.640	26.520	259.560	36.540	46.620	342.720	26.520		
26.530	383.520	129.720	65.800	579.040	26.530	246.960	21.420	41.580	309.960	26.530		
26.540	411.720	148.520	73.320	633.560	26.540	231.840	8.820	36.540	277.200	26.540		
26.550	434.280	171.080	84.600	689.960	26.550	200.000	0.000	32.000	232.000	26.550		
26.560	447.440	193.640	95.880	736.960	26.560	162.400	0.000	27.200	189.600	26.560		
26.570	456.840	216.200	109.040	782.080	26.570	129.600	0.000	22.400	152.000	26.570		
26.580	462.480	235.000	122.200	819.680	26.580	94.400	0.000	16.800	111.200	26.580		
26.590	470.000	253.800	131.600	855.400	26.590	72.000	0.000	12.000	84.000	26.590		
26.600	470.000	274.480	148.520	893.000	26.600	54.400	0.000	12.000	66.400	26.600		
26.610	466.240	289.520	159.800	915.560	26.610	42.400	0.000	12.000	54.400	26.610		
26.620	458.720	300.800	167.320	926.840	26.620	32.000	2.400	12.000	46.400	26.620		
26.630	449.320	308.320	178.600	936.240	26.630	20.000	2.400	12.000	34.400	26.630		
26.640	434.280	319.600	186.120	940.000	26.640	12.000	2.400	12.000	26.400	26.640		
26.650	413.600	323.360	199.280	936.240	26.650	9.600	0.000	7.200	16.800	26.650		
26.660	392.500	326.560	207.240	926.300	26.660	7.200	2.400	7.200	16.800	26.660		
26.670	368.950	326.560	213.520	909.030	26.670	7.200	2.400	7.200	16.800	26.670		
26.680	351.680	324.990	219.800	896.470	26.680	4.800	2.400	4.800	12.000	26.680		
26.690	335.980	324.990	221.370	882.340	26.690	4.800	2.400	4.800	12.000	26.690		
26.700	324.990	324.990	224.510	874.490	26.700	2.500	2.500	2.500	7.500	26.700		
26.710	309.290	321.850	226.080	857.220	26.710	2.500	2.500	2.500	7.500	26.710		
26.720	296.730	321.850	229.220	847.800	26.720	0.000	0.000	0.000	0.000	26.720		
26.730	284.170	318.710	232.360	835.240	26.730	0.000	2.500	0.000	2.500	26.730		
26.740	271.610	318.710	237.070	827.390	26.740	0.000	0.000	2.500	2.500	26.740		
26.750	254.340	317.140	238.640	810.120	26.750	0.000	0.000	2.500	2.500	26.750		
26.760	238.640	317.140	241.780	797.560	26.760	0.000	0.000	2.500	2.500	26.760		
26.770	226.080	318.710	249.630	794.420	26.770	0.000	0.000	2.500	2.500	26.770		
26.780	213.520	318.710	257.480	789.710	26.780	0.000	0.000	2.500	2.500	26.780		
26.790	200.960	321.850	259.050	781.860	26.790	0.000	0.000	2.500	2.500	26.790		
26.800	189.970	326.560	268.470	785.000	26.800	0.000	0.000	2.500	2.500	26.800		
26.810	178.480	331.200	279.680	789.360	26.810	0.000	0.000	2.500	2.500	26.810		
26.820	167.440	336.720	287.040	791.200	26.820	0.000	0.000	0.000	0.000	26.820		
26.830	156.400	338.560	296.240	791.200	26.830	0.000	0.000	2.500	2.500	26.830		
26.840	147.200	345.920	309.120	802.240	26.840	0.000	0.000	0.000	0.000	26.840		
26.850	136.160	351.440	318.320	805.920	26.850	0.000	0.000	2.500	2.500	26.850		
26.860	123.280	353.280	331.200	807.760	26.860	0.000	0.000	0.000	0.000	26.860		
26.870	114.080	358.800	344.080	816.960	26.870	0.000	0.000	0.000	0.000	26.870		
26.880	104.880	362.480	356.960	824.320	26.880	0.000	0.000	0.000	0.000	26.880		
26.890	93.840	362.480	369.840	826.160	26.890	0.000	0.000	0.000	0.000	26.890		
26.900	86.480	362.480	384.560	833.520	26.900	0.000	0.000	0.000	0.000	26.900		
26.910	77.280	356.960	393.760	828.000	26.910	0.000	0.000	0.000	0.000	26.910		
26.920	69.920	353.280	408.480	831.680	26.920	0.000	0.000	0.000	0.000	26.920		
26.930	60.720	349.600	423.200	833.520	26.930	0.000	0.000	0.000	0.000	26.930		
26.940	57.040	345.920	441.600	844.560	26.940	0.000	0.000	0.000	0.000	26.940		
26.950	51.520	342.240	460.000	853.760	26.950	0.000	0.000	0.000	0.000	26.950		
26.960	45.220	339.150	474.810	859.180	26.960	0.000	0.000	0.000	0.000	26.960		
26.970	41.990	335.920	494.190	872.100	26.970	0.000	0.000	0.000	0.000	26.970		
26.980	38.760	329.460	510.340	878.560	26.980	0.000	0.000	0.000	0.000	26.980		
26.990	32.300	326.230	529.720	888.250	26.990	0.000	0.000	0.000	0.000	26.990		
27.000	29.070	323.000	552.330	904.400	27.000	0.000	0.000	0.000	0.000	27.000		
27.010	22.610	319.770	574.940	917.320	27.010	0.000	0.000	0.000	0.000	27.010		
27.020	16.150	310.080	600.780	927.010	27.020	0.000	0.000	0.000	0.000	27.020		
27.030	9.690	300.390	629.850	939.930	27.030	0.000	0.000	0.000	0.000	27.030		
27.040	6.460	287.470	655.690	949.620	27.040	0.000	0.000	0.000	0.000	27.040		
27.050	3.230	271.320	687.990	962.540	27.050	0.000	0.000	0.000	0.000	27.050		
27.060	0.000	251.940	717.060	969.000	27.060	1.730	0.000	0.000	1.730	27.060		
27.070	0.000	235.790	739.670	975.460	27.070	0.000	0.000	19.030	19.030	27.070		
27.080	0.000	216.410	765.510	981.920	27.080	0.000	1.730	46.710	48.440	27.080		
27.090	0.000	193.800	788.120	981.920	27.090	0.000	6.920	84.770	91.690	27.090		
27.100	0.000	174.420	807.500	981.920	27.100	0.000	6.920	160.890	167.810	27.100		
27.110	0.000	152.260	817.570	969.830	27.110	0.000	8.650	238.740	247.390	27.110		
27.120	0.000	132.400	827.500	959.900	27.120	0.000	13.840	295.830	309.670	27.120		
27.130	0.000	115.850	824.190	940.040	27.130	1.730	19.030	363.300	384.060	27.130		
27.140	0.000	99.300	814.260	913.560	27.140	8.650	31.140	432.500	472.290	27.140		
27.150	0.000	86.060	791.090	877.150	27.150	17.360	45.570	473.060	535.990	27.150		
27.160	0.000	69.510	757.990	827.500	27.160	21.700	67.270	481.740	570.710	27.160		
27.170	0.000	52.960	701.720	754.680	27.170	23.870	71.610	457.870	553.350	27.170		
27.180	0.000	39.720	638.830	678.550	27.180	23.870	67.270	412.300	503.440	27.180		
27.190	0.000	29.790	559.390	589.180	27.190	26.040	69.440	379.750	475.230	27.190		
27.200	0.000	13.240	466.710	479.950	27.200	36.890	73.780	368.900	479.570	27.200		
27.210	0.000	3.310	370.720	374.030	27.210	43.400	84.630	375.410	503.440	27.210		
27.220	0.000	0.000	278.040	278.040	27.220	54.250	93.310	394.940	542.500	27.220		
27.230	0.000	0.000	195.290	195.290	27.230	62.930	108.500	420.980	592.410	27.230		
27.240	0.000	0.000	135.710	135.710	27.240	73.780	123.690	453.530	651.000	27.240		
27.250	0.000	0.000	86.060	86.060	27.250	84.630	141.050	486.080	711.760	27.250		
27.260	0.000	0.000	52.500	52.500	27.260	91.140	158.410	514.290	763.840	27.260		
27.270	0.000	0.000	29.820	29.820	27.270	95.480	173.600	533.820	802.900	27.270		
27.280	0.000	0.000	24.990	24.990	27.280	104.160	186.620	542.500	833.280	27.280		
27.290	0.000	0.000	19.950	19.950	27.290	108.500	199.640	542.500	850.640	27.290		
27.300	0.000	0.000	17.430	17.430	27.300	119.840	209.720	535.000	864.560	27.300		
27.310	0.000	0.000	14.910	14.910	27.310	124.120	218.280	524.300	866.700	27.310		
27.320	0.000	0.000	12.390	12.390	27.320	134.820	228.980	511.460	875.260	27.320		
27.330	0.000	0.000	12.390	12.390	27.330	141.240	235.400	487.920	864.560	27.330		
27.340	0.000	0.000	9.870	9.870	27.340	154.080	241.820	468.660	864.560	27.340		
27.350	0.000	0.000	9.870	9.870	27.350	160.500	243.960	447.260	851.720	27.350		
27.360	0.000	0.000	9.870	9.870	27.360	171.200	248.240	425.860	845.300	27.360		
27.370	0.000	0.000	9.870	9.870	27.370	179.760	250.380	406.600	836.740	27.370		
27.380	0.000	0.000	7.350	7.350	27.380	186.180	250.380	387.340	823.900	27.380		
27.390	0.000	0.000	7.350	7.350	27.390	190.460	250.380	363.800	804.640	27.390		
27.400	0.000	0.000	7.350	7.350	27.400	196.880	248.240	342.400	787.520	27.400		
27.410	0.000	0.000	7.500	7.500	27.410	203.300	246.100	318.860	768.260	27.410		
27.420	0.000	0.000	7.500	7.500	27.420	211.860	243.960	299.600	755.420	27.420		
27.430	0.000	0.000	7.500	7.500	27.430	218.280	241.820	273.920	734.020	27.430		
27.440	0.000	0.000	7.500	7.500	27.440	228.980	239.680	254.660	723.320	27.440		
27.450	0.000	0.000	4.980	4.980	27.450	239.320	237.390	233.530	710.240	27.450		
27.460	0.000	0.000	7.500	7.500	27.460	248.970	237.390	216.160	702.520	27.460		
27.470	0.000	0.000	4.980	4.980	27.470	258.620	233.530	200.720	692.870	27.470		
27.480	0.000	0.000	2.490	2.490	27.480	272.130	233.530	187.210	692.870	27.480		
27.490	0.000	0.000	2.490	2.490	27.490	283.710	233.530	173.700	690.940	27.490		
27.500	0.000	0.000	4.980	4.980	27.500	299.150	233.530	158.260	690.940	27.500		
27.510	0.000	0.000	2.490	2.490	27.510	314.590	237.390	148.610	700.590	27.510		
27.520	0.000	0.000	2.490	2.490	27.520	331.960	237.390	137.030	706.380	27.520		
27.530	0.000	0.000	2.490	2.490	27.530	349.330	237.390	123.520	710.240	27.530		
27.540	0.000	0.000	2.490	2.490	27.540	368.630	237.390	111.940	717.960	27.540		
27.550	0.000	0.000	2.490	2.490	27.550	389.860	237.390	102.290	729.540	27.550		
27.560	0.000	0.000	0.000	0.000	27.560	411.090	237.390	90.710	739.190	27.560		
27.570	0.000	0.000	2.420	2.420	27.570	434.250	237.390	81.060	752.700	27.570		
27.580	0.000	0.000	0.000	0.000	27.580	457.410	231.600	69.480	758.490	27.580		
27.590	0.000	0.000	0.000	0.000	27.590	482.500	229.670	61.760	773.930	27.590		
27.600	0.000	0.000	0.000	0.000	27.600	511.280	222.440	49.800	783.520	27.600		
27.610	0.000	0.000	0.000	0.000	27.610	544.480	215.800	43.160	803.440	27.610		
27.620	0.000	0.000	0.000	0.000	27.620	574.360	209.160	39.840	823.360	27.620		
27.630	0.000	0.000	0.000	0.000	27.630	604.240	199.200	33.200	836.640	27.630		
27.640	0.000	0.000	0.000	0.000	27.640	630.800	189.240	29.880	849.920	27.640		
27.650	0.000	2.420	0.000	2.420	27.650	664.000	172.640	19.920	856.560	27.650		
27.660	0.000	2.420	0.000	2.420	27.660	693.880	159.360	16.600	869.840	27.660		
27.670	0.000	2.420	0.000	2.420	27.670	723.760	142.760	9.960	876.480	27.670		
27.680	0.000	2.420	0.000	2.420	27.680	750.320	129.480	9.960	889.760	27.680		
27.690	22.440	9.900	0.000	32.340	27.690	800.120	99.600	3.320	903.040	27.690		
27.700	55.000	12.320	0.000	67.320	27.700	816.720	89.640	0.000	906.360	27.700		
27.710	103.020	12.120	0.000	115.140	27.710	830.000	79.680	0.000	909.680	27.710		
27.720	155.540	14.140	2.020	171.700	27.720	830.000	69.720	0.000	899.720	27.720		
27.730	216.140	22.220	4.040	242.400	27.730	823.360	59.760	0.000	883.120	27.730		
27.740	284.820	28.280	6.060	319.160	27.740	810.000	48.600	0.000	858.600	27.740		
27.750	361.580	42.420	12.120	416.120	27.750	787.320	42.120	0.000	829.440	27.750		
27.760	432.280	64.640	22.220	519.140	27.760	754.920	32.400	0.000	787.320	27.760		
27.770	480.760	101.000	32.320	614.080	27.770	709.560	22.680	0.000	732.240	27.770		
27.780	505.000	131.300	46.460	682.760	27.780	657.720	16.200	0.000	673.920	27.780		
27.790	488.840	141.400	54.540	684.780	27.790	583.200	9.720	0.000	592.920	27.790		
27.800	458.540	147.460	66.660	672.660	27.800	492.480	0.000	0.000	492.480	27.800		
27.810	448.440	153.520	78.780	680.740	27.810	385.560	0.000	0.000	385.560	27.810		
27.820	448.440	165.640	90.900	704.980	27.820	272.160	0.000	0.000	272.160	27.820		
27.830	460.560	185.840	103.020	749.420	27.830	178.200	0.000	0.000	178.200	27.830		
27.840	474.700	206.040	113.120	793.860	27.840	103.680	0.000	0.000	103.680	27.840		
27.850	486.820	224.220	127.260	838.300	27.850	45.360	0.000	0.000	45.360	27.850		
27.860	492.500	244.280	139.870	876.650	27.860	16.200	0.000	0.000	16.200	27.860		
27.870	488.560	262.010	149.720	900.290	27.870	9.720	0.000	0.000	9.720	27.870		
27.880	480.680	273.830	161.540	916.050	27.880	9.720	0.000	3.240	12.960	27.880		
27.890	470.830	289.590	171.390	931.810	27.890	7.500	0.000	4.980	12.480	27.890		
27.900	457.040	297.470	181.240	935.750	27.900	7.500	0.000	4.980	12.480	27.900		
27.910	437.340	301.410	191.090	929.840	27.910	4.980	0.000	4.980	9.960	27.910		
27.920	411.730	301.410	198.970	912.110	27.920	4.980	0.000	2.490	7.470	27.920		
27.930	384.150	301.410	208.820	894.380	27.930	2.490	0.000	2.490	4.980	27.930		
27.940	358.540	299.440	216.700	874.680	27.940	2.490	0.000	0.000	2.490	27.940		
27.950	330.960	293.530	224.580	849.070	27.950	0.000	0.000	2.490	2.490	27.950		
27.960	303.380	289.590	232.460	825.430	27.960	0.000	0.000	2.490	2.490	27.960		
27.970	275.800	283.680	242.310	801.790	27.970	0.000	0.000	2.490	2.490	27.970		
27.980	254.130	279.740	248.220	782.090	27.980	0.000	0.000	2.490	2.490	27.980		
27.990	228.520	273.830	256.100	758.450	27.990	0.000	0.000	2.490	2.490	27.990		
28.000	206.850	269.890	265.950	742.690	28.000	0.000	0.000	2.490	2.490	28.000		
28.010	187.320	263.140	276.520	726.980	28.010	0.000	0.000	2.490	2.490	28.010		
28.020	167.250	258.680	292.130	718.060	28.020	0.000	0.000	4.980	4.980	28.020		
28.030	149.410	254.220	301.050	704.680	28.030	0.000	0.000	2.490	2.490	28.030		
28.040	131.570	251.990	316.660	700.220	28.040	0.000	0.000	2.500	2.500	28.040		
28.050	115.960	249.760	332.270	697.990	28.050	0.000	0.000	2.500	2.500	28.050		
28.060	104.810	245.300	345.650	695.760	28.060	0.000	0.000	0.000	0.000	28.060		
28.070	93.660	243.070	361.260	697.990	28.070	0.000	0.000	2.500	2.500	28.070		
28.080	84.740	243.070	381.330	709.140	28.080	0.000	0.000	2.500	2.500	28.080		
28.090	73.590	243.070	403.630	720.290	28.090	0.000	0.000	2.500	2.500	28.090		
28.100	66.900	243.070	425.930	735.900	28.100	0.000	0.000	2.500	2.500	28.100		
28.110	57.980	240.840	448.230	747.050	28.110	0.000	0.000	0.000	0.000	28.110		
28.120	53.520	243.070	474.990	771.580	28.120	0.000	0.000	0.000	0.000	28.120		
28.130	46.830	243.070	501.750	791.650	28.130	0.000	0.000	0.000	0.000	28.130		
28.140	44.600	240.840	526.280	811.720	28.140	0.000	0.000	0.000	0.000	28.140		
28.150	37.910	238.610	557.500	834.020	28.150	0.000	0.000	0.000	0.000	28.150		
28.160	35.700	235.620	585.480	856.800	28.160	0.000	0.000	0.000	0.000	28.160		
28.170	32.130	228.480	621.180	881.790	28.170	0.000	0.000	0.000	0.000	28.170		
28.180	24.990	224.910	649.740	899.640	28.180	0.000	0.000	0.000	0.000	28.180		
28.190	17.850	217.770	678.300	913.920	28.190	0.000	0.000	0.000	0.000	28.190		
28.200	14.280	214.200	710.430	938.910	28.200	0.000	0.000	0.000	0.000	28.200		
28.210	10.710	203.490	738.990	953.190	28.210	0.000	1.460	0.000	1.460	28.210		
28.220	7.140	192.780	763.980	963.900	28.220	0.000	1.460	0.000	1.460	28.220		
28.230	7.140	182.070	792.540	981.750	28.230	0.000	4.380	0.000	4.380	28.230		
28.240	3.570	167.790	813.960	985.320	28.240	0.000	4.380	0.000	4.380	28.240		
28.250	0.000	153.510	842.520	996.030	28.250	1.460	1.460	0.000	2.920	28.250		
28.260	0.000	139.230	863.940	1003.170	28.260	0.000	1.460	0.000	1.460	28.260		
28.270	0.000	128.520	874.650	1003.170	28.270	0.000	4.380	8.760	13.140	28.270		
28.280	0.000	117.810	888.930	1006.740	28.280	0.000	8.760	61.320	70.080	28.280		
28.290	0.000	107.100	892.500	999.600	28.290	0.000	14.600	113.880	128.480	28.290		
28.300	0.000	99.960	892.500	992.460	28.300	0.000	18.980	151.840	170.820	28.300		
28.310	0.000	84.960	885.000	969.960	28.310	0.000	21.900	201.480	223.380	28.310		
28.320	0.000	77.880	867.300	945.180	28.320	0.000	24.820	278.860	303.680	28.320		
28.330	0.000	67.260	846.060	913.320	28.330	1.460	29.200	365.000	395.660	28.330		
28.340	0.000	56.640	814.200	870.840	28.340	8.560	44.940	440.840	494.340	28.340		
28.350	0.000	49.560	768.180	817.740	28.350	21.400	77.040	487.920	586.360	28.350		
28.360	0.000	38.940	708.000	746.940	28.360	47.080	111.280	515.740	674.100	28.360		
28.370	0.000	28.320	626.580	654.900	28.370	62.060	119.840	502.900	684.800	28.370		
28.380	0.000	10.620	513.300	523.920	28.380	79.180	124.120	470.800	674.100	28.380		
28.390	0.000	0.000	382.320	382.320	28.390	100.580	139.100	455.820	695.500	28.390		
28.400	0.000	0.000	269.040	269.040	28.400	121.980	156.220	466.520	744.720	28.400		
28.410	0.000	0.000	169.920	169.920	28.410	136.960	175.480	485.780	798.220	28.410		
28.420	0.000	0.000	99.120	99.120	28.420	149.800	199.020	507.180	856.000	28.420		
28.430	0.000	0.000	56.640	56.640	28.430	156.220	216.140	524.300	896.660	28.430		
28.440	0.000	0.000	31.860	31.860	28.440	169.060	233.260	535.000	937.320	28.440		
28.450	0.000	0.000	24.780	24.780	28.450	175.480	248.240	535.000	958.720	28.450		
28.460	2.430	0.000	22.500	24.930	28.460	186.180	261.080	526.440	973.700	28.460		
28.470	2.430	0.000	22.500	24.930	28.470	194.740	269.640	517.880	982.260	28.470		
28.480	2.430	0.000	19.980	22.410	28.480	199.020	276.060	502.900	977.980	28.480		
28.490	2.430	0.000	17.460	19.890	28.490	206.280	276.950	477.500	960.730	28.490		
28.500	0.000	0.000	14.940	14.940	28.500	212.010	273.130	448.850	933.990	28.500		
28.510	0.000	0.000	14.940	14.940	28.510	215.830	269.310	422.110	907.250	28.510		
28.520	0.000	0.000	14.940	14.940	28.520	221.560	261.670	391.550	874.780	28.520		
28.530	0.000	0.000	12.420	12.420	28.530	227.290	255.940	364.810	848.040	28.530		
28.540	0.000	0.000	12.420	12.420	28.540	231.110	248.300	336.160	815.570	28.540		
28.550	0.000	0.000	12.420	12.420	28.550	236.840	244.480	309.420	790.740	28.550		
28.560	0.000	0.000	12.420	12.420	28.560	240.660	236.840	280.770	758.270	28.560		
28.570	0.000	0.000	9.990	9.990	28.570	246.390	229.200	255.940	731.530	28.570		
28.580	2.430	0.000	9.990	12.420	28.580	254.030	227.290	236.840	718.160	28.580		
28.590	2.430	0.000	9.990	12.420	28.590	259.760	221.560	215.830	697.150	28.590		
28.600	2.430	0.000	9.990	12.420	28.600	269.310	219.650	196.730	685.690	28.600		
28.610	0.000	0.000	4.980	4.980	28.610	278.860	213.920	181.450	674.230	28.610		
28.620	0.000	0.000	7.500	7.500	28.620	286.500	208.190	164.260	658.950	28.620		
28.630	0.000	0.000	7.500	7.500	28.630	296.050	206.280	150.890	653.220	28.630		
28.640	0.000	0.000	7.500	7.500	28.640	308.880	205.920	135.720	650.520	28.640		
28.650	0.000	0.000	7.500	7.500	28.650	318.240	203.580	126.360	648.180	28.650		
28.660	0.000	0.000	4.980	4.980	28.660	334.620	205.920	119.340	659.880	28.660		
28.670	0.000	0.000	4.980	4.980	28.670	346.320	205.920	112.320	664.560	28.670		
28.680	0.000	0.000	2.490	2.490	28.680	360.360	208.260	102.960	671.580	28.680		
28.690	0.000	0.000	2.490	2.490	28.690	379.080	210.600	98.280	687.960	28.690		
28.700	0.000	0.000	2.490	2.490	28.700	395.460	215.280	91.260	702.000	28.700		
28.710	0.000	0.000	2.490	2.490	28.710	414.180	215.280	84.240	713.700	28.710		
28.720	0.000	0.000	0.000	0.000	28.720	435.240	222.300	77.220	734.760	28.720		
28.730	0.000	0.000	0.000	0.000	28.730	458.640	222.300	67.860	748.800	28.730		
28.740	0.000	0.000	0.000	0.000	28.740	482.040	222.300	63.180	767.520	28.740		
28.750	0.000	0.000	0.000	0.000	28.750	503.100	222.300	56.160	781.560	28.750		
28.760	0.000	0.000	0.000	0.000	28.760	528.840	219.960	51.480	800.280	28.760		
28.770	0.000	0.000	0.000	0.000	28.770	556.920	215.280	44.460	816.660	28.770		
28.780	0.000	0.000	0.000	0.000	28.780	585.000	208.260	39.780	833.040	28.780		
28.790	0.000	0.000	0.000	0.000	28.790	616.140	198.860	29.340	844.340	28.790		
28.800	0.000	2.400	0.000	2.400	28.800	648.740	182.560	22.820	854.120	28.800		
28.810	0.000	4.800	0.000	4.800	28.810	674.820	169.520	19.560	863.900	28.810		
28.820	0.000	4.800	0.000	4.800	28.820	707.420	156.480	9.780	873.680	28.820		
28.830	0.000	4.800	0.000	4.800	28.830	736.760	136.920	9.780	883.460	28.830		
28.840	0.000	4.800	0.000	4.800	28.840	759.580	123.880	9.780	893.240	28.840		
28.850	26.400	9.600	0.000	36.000	28.850	782.400	107.580	6.520	896.500	28.850		
28.860	64.800	12.000	0.000	76.800	28.860	801.960	94.540	3.260	899.760	28.860		
28.870	109.200	14.400	0.000	123.600	28.870	815.000	81.500	0.000	896.500	28.870		
28.880	166.800	19.200	2.400	188.400	28.880	815.000	71.720	0.000	886.720	28.880		
28.890	229.200	24.000	2.400	255.600	28.890	808.480	58.680	0.000	867.160	28.890		
28.900	300.000	32.400	7.200	339.600	28.900	795.440	48.900	0.000	844.340	28.900		
28.910	383.060	40.660	10.700	434.420	28.910	775.880	39.120	0.000	815.000	28.910		
28.920	462.240	64.200	21.400	547.840	28.920	749.800	29.340	0.000	779.140	28.920		
28.930	507.180	98.440	32.100	637.720	28.930	707.420	19.560	0.000	726.980	28.930		
28.940	528.580	134.820	44.940	708.340	28.940	637.500	7.650	0.000	645.150	28.940		
28.950	515.740	149.800	53.500	719.040	28.950	555.900	0.000	0.000	555.900	28.950		
28.960	492.200	160.500	66.340	719.040	28.960	459.000	0.000	0.000	459.000	28.960		
28.970	481.500	171.200	83.460	736.160	28.970	351.900	0.000	0.000	351.900	28.970		
28.980	485.780	188.320	98.440	772.540	28.980	249.900	0.000	0.000	249.900	28.980		
28.990	498.620	209.720	111.280	819.620	28.990	158.100	0.000	0.000	158.100	28.990		
29.000	515.740	231.120	124.120	870.980	29.000	89.250	0.000	0.000	89.250	29.000		
29.010	528.580	248.240	134.820	911.640	29.010	40.800	0.000	0.000	40.800	29.010		
29.020	535.000	263.220	141.240	939.460	29.020	17.850	0.000	0.000	17.850	29.020		
29.030	535.000	278.200	151.940	965.140	29.030	15.300	0.000	2.550	17.850	29.030		
29.040	528.580	291.040	158.360	977.980	29.040	12.750	0.000	7.650	20.400	29.040		
29.050	517.880	299.600	166.920	984.400	29.050	10.200	0.000	7.650	17.850	29.050		
29.060	502.500	303.510	174.870	980.880	29.060	10.200	0.000	2.550	12.750	29.060		
29.070	478.380	303.510	178.890	960.780	29.070	7.650	0.000	2.550	10.200	29.070		
29.080	454.260	299.490	180.900	934.650	29.080	5.100	0.000	0.000	5.100	29.080		
29.090	428.130	291.450	184.920	904.500	29.090	7.500	0.000	2.490	9.990	29.090		
29.100	404.010	287.430	188.940	880.380	29.100	7.500	0.000	4.980	12.480	29.100		
29.110	379.890	277.380	190.950	848.220	29.110	4.980	0.000	4.980	9.960	29.110		
29.120	355.770	271.350	190.950	818.070	29.120	4.980	0.000	4.980	9.960	29.120		
29.130	331.650	263.310	196.980	791.940	29.130	2.490	0.000	4.980	7.470	29.130		
29.140	305.520	257.280	198.990	761.790	29.140	2.490	0.000	4.980	7.470	29.140		
29.150	287.430	251.250	203.010	741.690	29.150	2.490	0.000	4.980	7.470	29.150		
29.160	267.330	247.230	207.030	721.590	29.160	0.000	0.000	4.980	4.980	29.160		
29.170	249.240	243.210	213.060	705.510	29.170	2.490	0.000	4.980	7.470	29.170		
29.180	233.160	243.210	219.090	695.460	29.180	0.000	0.000	4.980	4.980	29.180		
29.190	217.080	241.200	227.130	685.410	29.190	0.000	0.000	4.980	4.980	29.190		
29.200	203.010	241.200	233.160	677.370	29.200	0.000	0.000	4.980	4.980	29.200		
29.210	189.200	240.800	247.250	677.250	29.210	0.000	0.000	4.980	4.980	29.210		
29.220	176.300	240.800	255.850	672.950	29.220	0.000	0.000	4.980	4.980	29.220		
29.230	165.550	247.250	270.900	683.700	29.230	0.000	0.000	2.490	2.490	29.230		
29.240	156.950	249.400	283.800	690.150	29.240	0.000	0.000	5.000	5.000	29.240		
29.250	146.200	253.700	298.850	698.750	29.250	0.000	0.000	5.000	5.000	29.250		
29.260	139.750	258.000	313.900	711.650	29.260	0.000	0.000	2.500	2.500	29.260		
29.270	131.150	264.450	331.100	726.700	29.270	0.000	0.000	2.500	2.500	29.270		
29.280	124.700	268.750	350.450	743.900	29.280	0.000	0.000	2.500	2.500	29.280		
29.290	113.950	277.350	376.250	767.550	29.290	0.000	0.000	2.500	2.500	29.290		
29.300	107.500	281.650	402.050	791.200	29.300	0.000	0.000	2.500	2.500	29.300		
29.310	96.750	285.950	430.000	812.700	29.310	0.000	0.000	0.000	0.000	29.310		
29.320	92.450	292.400	453.650	838.500	29.320	0.000	0.000	0.000	0.000	29.320		
29.330	83.850	296.700	481.600	862.150	29.330	0.000	0.000	0.000	0.000	29.330		
29.340	73.100	298.850	509.550	881.500	29.340	0.000	0.000	0.000	0.000	29.340		
29.350	68.800	298.850	537.500	905.150	29.350	0.000	0.000	0.000	0.000	29.350		
29.360	59.220	292.810	569.170	921.200	29.360	0.000	0.000	0.000	0.000	29.360		
29.370	49.350	286.230	598.780	934.360	29.370	0.000	2.500	0.000	2.500	29.370		
29.380	42.770	273.070	628.390	944.230	29.380	0.000	2.500	0.000	2.500	29.380		
29.390	39.480	259.910	661.290	960.680	29.390	1.970	0.000	0.000	1.970	29.390		
29.400	29.610	236.880	697.480	963.970	29.400	1.970	0.000	0.000	1.970	29.400		
29.410	23.030	213.850	733.670	970.550	29.410	1.970	0.000	0.000	1.970	29.410		
29.420	19.740	190.820	763.280	973.840	29.420	0.000	1.970	15.760	17.730	29.420		
29.430	13.160	171.080	789.600	973.840	29.430	0.000	5.910	78.800	84.710	29.430		
29.440	9.870	148.050	809.340	967.260	29.440	0.000	11.820	145.780	157.600	29.440		
29.450	9.870	128.310	822.500	960.680	29.450	0.000	11.820	189.120	200.940	29.450		
29.460	6.580	108.570	822.500	937.650	29.460	0.000	13.790	234.430	248.220	29.460		
29.470	3.290	92.120	815.920	911.330	29.470	1.970	15.760	307.320	325.050	29.470		
29.480	3.290	82.250	802.760	888.300	29.480	5.910	23.640	384.150	413.700	29.480		
29.490	0.000	69.090	779.730	848.820	29.490	11.820	31.520	437.340	480.680	29.490		
29.500	0.000	55.930	750.120	806.050	29.500	15.760	43.340	470.830	529.930	29.500		
29.510	0.000	45.440	710.000	755.440	29.510	25.610	70.920	492.500	589.030	29.510		
29.520	0.000	39.760	664.560	704.320	29.520	43.340	94.560	480.680	618.580	29.520		
29.530	0.000	28.400	607.760	636.160	29.530	59.100	98.500	449.160	606.760	29.530		
29.540	0.000	17.040	542.440	559.480	29.540	79.170	105.560	418.180	602.910	29.540		
29.550	0.000	5.680	460.080	465.760	29.550	97.440	119.770	416.150	633.360	29.550		
29.560	0.000	0.000	372.040	372.040	29.560	113.680	136.010	428.330	678.020	29.560		
29.570	0.000	0.000	286.840	286.840	29.570	129.920	154.280	446.600	730.800	29.570		
29.580	0.000	0.000	210.160	210.160	29.580	142.100	174.580	466.900	783.580	29.580		
29.590	0.000	0.000	133.480	133.480	29.590	152.250	194.880	483.140	830.270	29.590		
29.600	0.000	0.000	79.520	79.520	29.600	162.400	211.120	499.380	872.900	29.600		
29.610	0.000	0.000	39.760	39.760	29.610	170.520	227.360	507.500	905.380	29.610		
29.620	2.840	0.000	31.240	34.080	29.620	180.670	239.540	507.500	927.710	29.620		
29.630	5.680	0.000	25.560	31.240	29.630	188.790	251.720	499.380	939.890	29.630		
29.640	5.680	0.000	22.720	28.400	29.640	200.970	259.840	481.110	941.920	29.640		
29.650	5.680	0.000	19.880	25.560	29.650	211.120	263.900	458.780	933.800	29.650		
29.660	7.470	0.000	22.500	29.970	29.660	223.300	269.990	432.390	925.680	29.660		
29.670	7.470	0.000	19.980	27.450	29.670	233.450	269.990	406.000	909.440	29.670		
29.680	4.950	0.000	17.460	22.410	29.680	245.630	272.020	381.640	899.290	29.680		
29.690	4.950	0.000	17.460	22.410	29.690	254.180	269.800	355.000	878.980	29.690		
29.700	4.950	0.000	14.940	19.890	29.700	261.280	269.800	333.700	864.780	29.700		
29.710	4.950	0.000	12.420	17.370	29.710	271.220	264.120	312.400	847.740	29.710		
29.720	4.950	0.000	14.940	19.890	29.720	274.060	261.280	291.100	826.440	29.720		
29.730	4.950	0.000	12.420	17.370	29.730	281.160	257.020	271.220	809.400	29.730		
29.740	4.950	0.000	12.420	17.370	29.740	284.000	251.340	254.180	789.520	29.740		
29.750	7.470	2.430	12.420	22.320	29.750	289.680	244.240	239.980	773.900	29.750		
29.760	4.950	0.000	9.990	14.940	29.760	291.100	239.980	221.520	752.600	29.760		
29.770	4.950	0.000	9.990	14.940	29.770	296.780	234.300	204.480	735.560	29.770		
29.780	4.950	0.000	9.990	14.940	29.780	299.620	227.200	191.700	718.520	29.780		
29.790	4.950	2.430	9.990	17.370	29.790	303.880	224.360	178.920	707.160	29.790		
29.800	4.950	0.000	9.990	14.940	29.800	309.560	218.680	168.980	697.220	29.800		
29.810	2.480	0.000	10.000	12.480	29.810	313.820	217.260	161.880	692.960	29.810		
29.820	2.480	0.000	7.480	9.960	29.820	319.500	217.260	154.780	691.540	29.820		
29.830	5.000	0.000	7.480	12.480	29.830	326.600	217.260	144.840	688.700	29.830		
29.840	2.480	0.000	7.480	9.960	29.840	336.600	222.200	138.600	697.400	29.840		
29.850	2.480	0.000	7.480	9.960	29.850	345.400	222.200	132.000	699.600	29.850		
29.860	2.480	0.000	7.480	9.960	29.860	358.600	224.400	125.400	708.400	29.860		
29.870	2.480	0.000	7.480	9.960	29.870	371.800	228.800	121.000	721.600	29.870		
29.880	2.480	0.000	5.000	7.480	29.880	385.000	231.000	116.600	732.600	29.880		
29.890	2.480	0.000	5.000	7.480	29.890	398.200	233.200	110.000	741.400	29.890		
29.900	2.480	0.000	5.000	7.480	29.900	411.400	235.400	103.400	750.200	29.900		
29.910	2.480	0.000	5.000	7.480	29.910	426.800	242.000	99.000	767.800	29.910		
29.920	0.000	0.000	5.000	5.000	29.920	442.200	244.200	92.400	778.800	29.920		
29.930	0.000	0.000	2.480	2.480	29.930	459.800	246.400	85.800	792.000	29.930		
29.940	0.000	0.000	2.480	2.480	29.940	477.400	248.600	79.200	805.200	29.940		
29.950	0.000	0.000	2.480	2.480	29.950	497.200	250.800	70.400	818.400	29.950		
29.960	0.000	0.000	1.680	1.680	29.960	510.400	248.600	66.000	825.000	29.960		
29.970	0.000	0.000	3.360	3.360	29.970	528.000	244.200	59.400	831.600	29.970		
29.980	0.000	1.680	1.680	3.360	29.980	550.000	235.400	55.000	840.400	29.980		
29.990	0.000	1.680	1.680	3.360	29.990	574.000	224.000	44.800	842.800	29.990		
30.000	0.000	1.680	0.000	1.680	30.000	599.200	210.000	39.200	848.400	30.000		
30.010	0.000	1.680	1.680	3.360	30.010	621.600	193.200	33.600	848.400	30.010		
30.020	1.680	3.360	1.680	6.720	30.020	644.000	173.600	28.000	845.600	30.020		
30.030	33.600	8.400	0.000	42.000	30.030	663.600	156.800	22.400	842.800	30.030		
30.040	82.320	11.760	0.000	94.080	30.040	680.400	140.000	19.600	840.000	30.040		
30.050	141.120	13.440	0.000	154.560	30.050	694.400	117.600	14.000	826.000	30.050		
30.060	189.840	16.800	1.680	208.320	30.060	700.000	98.000	11.200	809.200	30.060		
30.070	243.600	18.480	3.360	265.440	30.070	697.200	84.000	8.400	789.600	30.070		
30.080	304.080	23.520	3.360	330.960	30.080	688.800	70.000	5.600	764.400	30.080		
30.090	364.560	33.600	11.760	409.920	30.090	674.800	58.800	0.000	733.600	30.090		
30.100	420.000	47.040	13.440	480.480	30.100	652.400	50.400	0.000	702.800	30.100		
30.110	458.880	69.120	24.960	552.960	30.110	618.800	42.000	0.000	660.800	30.110		
30.120	480.000	105.600	34.560	620.160	30.120	582.400	33.600	0.000	616.000	30.120		
30.130	472.320	126.720	46.080	645.120	30.130	540.400	28.000	0.000	568.400	30.130		
30.140	453.120	142.080	59.520	654.720	30.140	485.000	19.400	0.000	504.400	30.140		
30.150	441.600	157.440	76.800	675.840	30.150	428.740	11.640	0.000	440.380	30.150		
30.160	433.920	174.720	92.160	700.800	30.160	364.720	3.880	0.000	368.600	30.160		
30.170	432.000	195.840	111.360	739.200	30.170	296.820	1.940	0.000	298.760	30.170		
30.180	439.680	218.880	128.640	787.200	30.180	230.860	0.000	0.000	230.860	30.180		
30.190	447.360	240.000	142.080	829.440	30.190	164.900	0.000	0.000	164.900	30.190		
30.200	453.120	259.200	153.600	865.920	30.200	104.760	0.000	0.000	104.760	30.200		
30.210	458.880	276.480	163.200	898.560	30.210	58.200	0.000	0.000	58.200	30.210		
30.220	458.880	289.920	174.720	923.520	30.220	31.040	0.000	1.940	32.980	30.220		
30.230	456.960	299.520	184.320	940.800	30.230	19.400	0.000	5.820	25.220	30.230		
30.240	449.280	307.200	188.160	944.640	30.240	13.580	0.000	11.640	25.220	30.240		
30.250	439.680	309.120	195.840	944.640	30.250	13.580	0.000	13.580	27.160	30.250		
30.260	427.500	309.510	201.780	938.790	30.260	11.640	0.000	11.640	23.280	30.260		
30.270	412.110	304.380	203.490	919.980	30.270	11.640	0.000	9.700	21.340	30.270		
30.280	398.430	300.960	208.620	908.010	30.280	11.640	0.000	5.820	17.460	30.280		
30.290	386.460	295.830	213.750	896.040	30.290	12.480	0.000	7.500	19.980	30.290		
30.300	371.070	294.120	217.170	882.360	30.300	9.960	0.000	9.960	19.920	30.300		
30.310	357.390	288.990	217.170	863.550	30.310	9.960	0.000	9.960	19.920	30.310		
30.320	343.710	282.150	218.880	844.740	30.320	9.960	0.000	12.480	22.440	30.320		
30.330	326.610	273.600	222.300	822.510	30.330	9.960	0.000	12.480	22.440	30.330		
30.340	311.220	268.470	227.430	807.120	30.340	9.960	0.000	15.000	24.960	30.340		
30.350	295.830	263.340	229.140	788.310	30.350	7.500	0.000	15.000	22.500	30.350		
30.360	282.150	259.920	230.850	772.920	30.360	9.960	0.000	15.000	24.960	30.360		
30.370	268.470	256.500	234.270	759.240	30.370	7.500	0.000	15.000	22.500	30.370		
30.380	259.920	251.370	239.400	750.690	30.380	7.500	0.000	15.000	22.500	30.380		
30.390	251.370	251.370	241.110	743.850	30.390	7.500	0.000	15.000	22.500	30.390		
30.400	241.110	251.370	246.240	738.720	30.400	4.980	0.000	12.480	17.460	30.400		
30.410	234.270	252.080	252.080	738.430	30.410	7.500	0.000	12.480	19.980	30.410		
30.420	228.790	254.820	256.190	739.800	30.420	4.980	0.000	12.480	17.460	30.420		
30.430	224.680	256.190	264.410	745.280	30.430	4.980	0.000	12.480	17.460	30.430		
30.440	219.200	258.930	269.890	748.020	30.440	2.430	0.000	9.990	12.420	30.440		
30.450	216.460	261.670	276.740	754.870	30.450	2.430	0.000	9.990	12.420	30.450		
30.460	212.350	267.150	282.220	761.720	30.460	2.430	0.000	9.990	12.420	30.460		
30.470	209.610	271.260	291.810	772.680	30.470	2.430	0.000	7.470	9.900	30.470		
30.480	206.870	274.000	297.290	778.160	30.480	2.430	0.000	7.470	9.900	30.480		
30.490	204.130	279.480	304.140	787.750	30.490	0.000	0.000	4.950	4.950	30.490		
30.500	201.390	284.960	306.880	793.230	30.500	0.000	0.000	2.430	2.430	30.500		
30.510	201.390	289.070	316.470	806.930	30.510	0.000	0.000	0.000	0.000	30.510		
30.520	201.390	294.550	321.950	817.890	30.520	0.000	2.430	0.000	2.430	30.520		
30.530	198.650	301.400	327.430	827.480	30.530	0.000	2.430	0.000	2.430	30.530		
30.540	197.280	304.140	331.540	832.960	30.540	0.000	4.950	0.000	4.950	30.540		
30.550	189.060	306.880	342.500	838.440	30.550	0.000	4.950	0.000	4.950	30.550		
30.560	181.420	306.870	349.330	837.620	30.560	0.000	7.470	2.430	9.900	30.560		
30.570	171.770	306.870	358.980	837.620	30.570	0.000	9.990	2.430	12.420	30.570		
30.580	164.050	306.870	372.490	843.410	30.580	0.000	14.940	22.500	37.440	30.580		
30.590	152.470	304.940	384.070	841.480	30.590	0.000	19.360	45.760	65.120	30.590		
30.600	137.030	297.220	393.720	827.970	30.600	0.000	21.120	68.640	89.760	30.600		
30.610	119.660	285.640	407.230	812.530	30.610	0.000	21.120	103.840	124.960	30.610		
30.620	102.290	268.270	420.740	791.300	30.620	0.000	29.920	161.920	191.840	30.620		
30.630	81.060	243.180	436.180	760.420	30.630	0.000	36.960	234.080	271.040	30.630		
30.640	63.690	212.300	449.690	725.680	30.640	3.520	45.760	292.160	341.440	30.640		
30.650	48.250	173.700	463.200	685.150	30.650	12.320	63.360	330.880	406.560	30.650		
30.660	42.460	137.030	474.780	654.270	30.660	31.680	86.240	369.600	487.520	30.660		
30.670	36.670	106.150	482.500	625.320	30.670	49.280	98.560	387.200	535.040	30.670		
30.680	34.740	81.060	470.920	586.720	30.680	72.160	110.880	392.480	575.520	30.680		
30.690	30.880	63.690	457.410	551.980	30.690	96.800	128.480	404.800	630.080	30.690		
30.700	27.020	54.040	432.320	513.380	30.700	114.400	149.600	418.880	682.880	30.700		
30.710	19.080	41.340	397.500	457.920	30.710	128.480	163.680	429.440	721.600	30.710		
30.720	14.310	31.800	356.160	402.270	30.720	139.040	179.520	436.480	755.040	30.720		
30.730	9.540	22.260	316.410	348.210	30.730	151.360	191.840	440.000	783.200	30.730		
30.740	4.770	14.310	271.890	290.970	30.740	158.420	204.700	441.440	804.560	30.740		
30.750	0.000	4.770	227.370	232.140	30.750	167.320	211.820	441.440	820.580	30.750		
30.760	0.000	0.000	181.260	181.260	30.760	170.880	222.500	445.000	838.380	30.760		
30.770	0.000	0.000	136.740	136.740	30.770	179.780	229.620	441.440	850.840	30.770		
30.780	0.000	0.000	96.990	96.990	30.780	186.900	236.740	436.100	859.740	30.780		
30.790	0.000	0.000	69.960	69.960	30.790	194.020	242.080	430.760	866.860	30.790		
30.800	1.590	0.000	46.110	47.700	30.800	201.140	247.420	423.640	872.200	30.800		
30.810	4.770	0.000	31.800	36.570	30.810	206.480	249.200	416.520	872.200	30.810		
30.820	6.360	0.000	23.850	30.210	30.820	213.600	250.980	405.840	870.420	30.820		
30.830	6.360	0.000	17.490	23.850	30.830	217.160	250.980	398.720	866.860	30.830		
30.840	6.360	0.000	17.490	23.850	30.840	218.940	250.980	389.820	859.740	30.840		
30.850	6.360	0.000	17.490	23.850	30.850	222.500	247.420	380.920	850.840	30.850		
30.860	4.980	0.000	12.480	17.460	30.860	222.500	243.860	368.460	834.820	30.860		
30.870	4.980	0.000	15.000	19.980	30.870	226.060	242.080	361.340	829.480	30.870		
30.880	7.500	0.000	12.480	19.980	30.880	226.060	238.520	352.440	817.020	30.880		
30.890	4.980	0.000	12.480	17.460	30.890	229.840	233.920	340.000	803.760	30.890		
30.900	7.500	0.000	12.480	19.980	30.900	229.840	233.920	331.840	795.600	30.900		
30.910	4.980	0.000	12.480	17.460	30.910	231.200	231.200	323.680	786.080	30.910		
30.920	4.980	0.000	9.960	14.940	30.920	231.200	229.840	319.600	780.640	30.920		
30.930	7.500	0.000	9.960	17.460	30.930	233.920	229.840	314.160	777.920	30.930		
30.940	4.980	0.000	7.500	12.480	30.940	233.920	229.840	308.720	772.480	30.940		
30.950	4.980	0.000	9.960	14.940	30.950	233.920	224.400	304.640	762.960	30.950		
30.960	4.980	0.000	7.500	12.480	30.960	236.640	221.680	301.920	760.240	30.960		
30.970	7.500	0.000	9.960	17.460	30.970	236.640	218.960	299.200	754.800	30.970		
30.980	7.500	0.000	7.500	15.000	30.980	236.640	218.960	299.200	754.800	30.980		
30.990	7.500	0.000	7.500	15.000	30.990	239.360	218.960	299.200	757.520	30.990		
31.000	7.500	0.000	7.500	15.000	31.000	244.800	221.680	299.200	765.680	31.000		
31.010	7.480	0.000	7.480	14.960	31.010	248.880	224.400	301.920	775.200	31.010		
31.020	7.480	0.000	7.480	14.960	31.020	251.600	229.840	304.640	786.080	31.020		
31.030	7.480	0.000	7.480	14.960	31.030	257.040	231.200	304.640	792.880	31.030		
31.040	7.480	0.000	7.480	14.960	31.040	261.960	236.800	306.360	805.120	31.040		
31.050	7.480	0.000	5.000	12.480	31.050	264.920	239.760	306.360	811.040	31.050		
31.060	7.480	0.000	7.480	14.960	31.060	269.360	244.200	306.360	819.920	31.060		
31.070	10.000	0.000	7.480	17.480	31.070	273.800	247.160	306.360	827.320	31.070		
31.080	7.480	0.000	5.000	12.480	31.080	276.760	251.600	304.880	833.240	31.080		
31.090	10.000	0.000	7.480	17.480	31.090	284.160	256.040	304.880	845.080	31.090		
31.100	10.000	0.000	7.480	17.480	31.100	287.120	259.000	301.920	848.040	31.100		
31.110	10.000	0.000	7.480	17.480	31.110	291.560	261.960	297.480	851.000	31.110		
31.120	10.000	0.000	7.480	17.480	31.120	298.960	266.400	291.560	856.920	31.120		
31.130	10.000	0.000	7.480	17.480	31.130	306.360	266.400	284.160	856.920	31.130		
31.140	10.000	0.000	7.480	17.480	31.140	313.760	266.400	272.320	852.480	31.140		
31.150	10.000	0.000	7.480	17.480	31.150	327.080	264.920	251.600	843.600	31.150		
31.160	9.720	0.000	7.290	17.010	31.160	337.440	261.960	233.840	833.240	31.160		
31.170	9.720	0.000	7.290	17.010	31.170	353.720	256.040	211.640	821.400	31.170		
31.180	9.720	0.000	7.290	17.010	31.180	370.000	247.160	189.440	806.600	31.180		
31.190	9.720	0.000	7.290	17.010	31.190	391.920	236.430	161.880	790.230	31.190		
31.200	17.010	2.430	7.290	26.730	31.200	408.960	223.650	138.450	771.060	31.200		
31.210	32.400	7.290	7.290	46.980	31.210	432.390	208.740	117.150	758.280	31.210		
31.220	64.800	21.870	9.720	96.390	31.220	453.690	189.570	93.720	736.980	31.220		
31.230	111.780	39.690	17.010	168.480	31.230	477.120	164.010	76.680	717.810	31.230		
31.240	159.570	56.700	26.730	243.000	31.240	496.290	134.190	61.770	692.250	31.240		
31.250	189.540	67.230	34.830	291.600	31.250	515.460	102.240	48.990	666.690	31.250		
31.260	202.500	84.240	46.980	333.720	31.260	528.240	68.160	44.730	641.130	31.260		
31.270	202.500	97.200	62.370	362.070	31.270	532.500	46.860	38.340	617.700	31.270		
31.280	196.830	104.490	74.520	375.840	31.280	526.110	31.950	36.210	594.270	31.280		
31.290	196.830	114.210	87.480	398.520	31.290	515.460	17.040	31.950	564.450	31.290		
31.300	202.500	127.170	97.200	426.870	31.300	498.420	8.520	25.560	532.500	31.300		
31.310	214.700	138.700	106.400	459.800	31.310	477.120	2.130	19.170	498.420	31.310		
31.320	226.100	152.000	115.900	494.000	31.320	443.040	0.000	10.650	453.690	31.320		
31.330	241.300	163.400	121.600	526.300	31.330	411.090	0.000	6.390	417.480	31.330		
31.340	262.200	176.700	127.300	566.200	31.340	370.000	0.000	1.480	371.480	31.340		
31.350	279.300	186.200	131.100	596.600	31.350	316.720	0.000	0.000	316.720	31.350		
31.360	298.300	195.700	134.900	628.900	31.360	266.400	0.000	0.000	266.400	31.360		
31.370	321.100	210.900	136.800	668.800	31.370	214.600	0.000	0.000	214.600	31.370		
31.380	349.600	222.300	138.700	710.600	31.380	159.840	0.000	0.000	159.840	31.380		
31.390	376.200	237.500	138.700	752.400	31.390	112.480	0.000	0.000	112.480	31.390		
31.400	400.900	247.000	138.700	786.600	31.400	74.000	0.000	1.480	75.480	31.400		
31.410	427.500	256.500	144.400	828.400	31.410	48.840	0.000	7.400	56.240	31.410		
31.420	444.600	262.200	138.700	845.500	31.420	29.600	0.000	11.840	41.440	31.420		
31.430	456.000	266.000	138.700	860.700	31.430	19.240	0.000	11.840	31.080	31.430		
31.440	469.300	269.800	138.700	877.800	31.440	14.800	0.000	11.840	26.640	31.440		
31.450	475.000	269.800	138.700	883.500	31.450	11.840	0.000	8.880	20.720	31.450		
31.460	480.000	268.800	136.320	885.120	31.460	8.880	0.000	8.880	17.760	31.460		
31.470	480.000	266.880	136.320	883.200	31.470	8.880	0.000	8.880	17.760	31.470		
31.480	476.160	259.200	132.480	867.840	31.480	7.400	0.000	8.880	16.280	31.480		
31.490	472.320	253.440	124.800	850.560	31.490	7.480	0.000	10.000	17.480	31.490		
31.500	464.640	245.760	119.040	829.440	31.500	5.000	0.000	10.000	15.000	31.500		
31.510	456.960	236.160	117.120	810.240	31.510	5.000	0.000	10.000	15.000	31.510		
31.520	449.280	226.560	109.440	785.280	31.520	2.480	0.000	10.000	12.480	31.520		
31.530	439.680	218.880	103.680	762.240	31.530	2.480	0.000	10.000	12.480	31.530		
31.540	428.160	211.200	101.760	741.120	31.540	2.480	0.000	10.000	12.480	31.540		
31.550	424.320	207.360	96.000	727.680	31.550	2.480	0.000	10.000	12.480	31.550		
31.560	418.560	201.600	94.080	714.240	31.560	0.000	0.000	7.480	7.480	31.560		
31.570	414.720	199.680	88.320	702.720	31.570	0.000	0.000	7.480	7.480	31.570		
31.580	410.880	195.840	88.320	695.040	31.580	0.000	0.000	7.480	7.480	31.580		
31.590	414.720	195.840	86.400	696.960	31.590	0.000	0.000	7.480	7.480	31.590		
31.600	414.720	195.840	86.400	696.960	31.600	0.000	0.000	7.480	7.480	31.600		
31.610	418.880	196.350	86.020	701.250	31.610	0.000	0.000	7.480	7.480	31.610		
31.620	424.490	201.960	89.760	716.210	31.620	0.000	0.000	7.480	7.480	31.620		
31.630	428.230	201.960	86.020	716.210	31.630	0.000	0.000	5.000	5.000	31.630		
31.640	435.710	205.700	91.630	733.040	31.640	0.000	0.000	7.500	7.500	31.640		
31.650	441.320	209.440	91.630	742.390	31.650	0.000	0.000	5.000	5.000	31.650		
31.660	448.800	209.440	91.630	749.870	31.660	0.000	0.000	7.500	7.500	31.660		
31.670	454.410	211.310	89.760	755.480	31.670	0.000	0.000	7.500	7.500	31.670		
31.680	458.150	213.180	91.630	762.960	31.680	0.000	0.000	7.500	7.500	31.680		
31.690	463.760	218.790	93.500	776.050	31.690	0.000	0.000	7.500	7.500	31.690		
31.700	467.500	220.660	97.240	785.400	31.700	0.000	0.000	10.000	10.000	31.700		
31.710	463.760	228.140	100.980	792.880	31.710	0.000	0.000	10.000	10.000	31.710		
31.720	461.890	233.750	106.590	802.230	31.720	0.000	0.000	10.000	10.000	31.720		
31.730	456.280	239.360	112.200	807.840	31.730	0.000	0.000	10.000	10.000	31.730		
31.740	454.410	246.840	115.940	817.190	31.740	0.000	0.000	12.500	12.500	31.740		
31.750	446.930	254.320	121.550	822.800	31.750	0.000	0.000	10.000	10.000	31.750		
31.760	445.000	261.660	129.940	836.600	31.760	0.000	2.500	10.000	12.500	31.760		
31.770	439.660	263.440	131.720	834.820	31.770	0.000	2.500	12.500	15.000	31.770		
31.780	436.100	268.780	133.500	838.380	31.780	0.000	2.500	10.000	12.500	31.780		
31.790	434.320	274.120	137.060	845.500	31.790	0.000	4.800	9.600	14.400	31.790		
31.800	428.980	279.460	142.400	850.840	31.800	0.000	4.800	7.200	12.000	31.800		
31.810	423.640	284.800	145.960	854.400	31.810	0.000	7.200	7.200	14.400	31.810		
31.820	418.300	288.360	149.520	856.180	31.820	0.000	9.600	7.200	16.800	31.820		
31.830	411.180	293.700	154.860	859.740	31.830	0.000	9.600	7.200	16.800	31.830		
31.840	404.060	299.040	158.420	861.520	31.840	0.000	12.000	4.800	16.800	31.840		
31.850	393.380	300.820	161.980	856.180	31.850	0.000	12.000	16.800	28.800	31.850		
31.860	384.480	300.820	161.980	847.280	31.860	0.000	12.000	39.600	51.600	31.860		
31.870	372.020	300.820	163.760	836.600	31.870	0.000	16.800	74.400	91.200	31.870		
31.880	354.220	299.040	163.760	817.020	31.880	2.400	39.600	136.800	178.800	31.880		
31.890	331.080	293.700	161.980	786.760	31.890	19.200	72.000	219.600	310.800	31.890		
31.900	299.040	284.800	158.420	742.260	31.900	26.400	86.400	272.400	385.200	31.900		
31.910	264.600	270.000	156.600	691.200	31.910	39.600	97.200	291.600	428.400	31.910		
31.920	232.200	254.880	152.280	639.360	31.920	51.600	111.600	300.000	463.200	31.920		
31.930	201.960	241.920	144.720	588.600	31.930	67.200	124.800	294.000	486.000	31.930		
31.940	171.720	228.960	139.320	540.000	31.940	76.160	134.640	278.800	489.600	31.940		
31.950	146.880	214.920	135.000	496.800	31.950	89.760	141.440	269.280	500.480	31.950		
31.960	119.880	199.800	124.200	443.880	31.960	99.280	152.320	263.840	515.440	31.960		
31.970	97.200	186.840	119.880	403.920	31.970	111.520	159.120	263.840	534.480	31.970		
31.980	74.520	169.560	109.080	353.160	31.980	123.760	174.080	269.280	567.120	31.980		
31.990	51.840	146.880	99.360	298.080	31.990	137.360	189.040	277.440	603.840	31.990		
32.000	36.720	127.440	84.240	248.400	32.000	152.320	204.000	281.520	637.840	32.000		
32.010	27.000	101.520	64.800	193.320	32.010	164.560	218.960	293.760	677.280	32.010		
32.020	19.440	82.080	51.840	153.360	32.020	179.520	233.920	304.640	718.080	32.020		
32.030	11.880	64.800	34.560	111.240	32.030	189.040	248.880	314.160	752.080	32.030		
32.040	4.320	49.680	19.440	73.440	32.040	201.280	262.480	323.680	787.440	32.040		
32.050	4.320	39.960	9.720	54.000	32.050	212.160	274.720	331.840	818.720	32.050		
32.060	2.400	30.000	0.000	32.400	32.060	218.960	284.240	337.280	840.480	32.060		
32.070	2.400	19.920	0.000	22.320	32.070	229.840	292.400	340.000	862.240	32.070		
32.080	2.400	15.000	0.000	17.400	32.080	236.640	296.480	340.000	873.120	32.080		
32.090	2.400	12.480	0.000	14.880	32.090	247.020	302.220	331.200	880.440	32.090		
32.100	0.000	12.480	0.000	12.480	32.100	251.160	304.980	324.300	880.440	32.100		
32.110	0.000	9.960	0.000	9.960	32.110	259.440	304.980	314.640	879.060	32.110		
32.120	0.000	9.960	0.000	9.960	32.120	266.340	304.980	302.220	873.540	32.120		
32.130	2.400	7.440	0.000	9.840	32.130	271.860	304.980	287.040	863.880	32.130		
32.140	2.400	4.920	0.000	7.320	32.140	281.520	304.980	274.620	861.120	32.140		
32.150	2.400	4.920	0.000	7.320	32.150	291.180	302.220	259.440	852.840	32.150		
32.160	0.000	4.920	0.000	4.920	32.160	302.220	302.220	244.260	848.700	32.160		
32.170	2.400	2.400	0.000	4.800	32.170	309.120	299.460	231.840	840.420	32.170		
32.180	2.400	2.400	0.000	4.800	32.180	318.780	299.460	219.420	837.660	32.180		
32.190	2.400	2.400	0.000	4.800	32.190	327.060	302.220	211.140	840.420	32.190		
32.200	0.000	2.400	0.000	2.400	32.200	333.960	302.220	209.760	845.940	32.200		
32.210	0.000	0.000	0.000	0.000	32.210	339.480	304.980	207.000	851.460	32.210		
32.220	0.000	0.000	0.000	0.000	32.220	342.240	304.980	207.000	854.220	32.220		
32.230	2.430	2.430	0.000	4.860	32.230	345.000	306.360	207.000	858.360	32.230		
32.240	0.000	0.000	0.000	0.000	32.240	347.480	303.680	207.320	858.480	32.240		
32.250	0.000	2.430	0.000	2.430	32.250	347.480	302.220	201.480	851.180	32.250		
32.260	0.000	0.000	0.000	0.000	32.260	348.940	302.220	201.480	852.640	32.260		
32.270	0.000	0.000	0.000	0.000	32.270	348.940	302.220	198.560	849.720	32.270		
32.280	0.000	0.000	0.000	0.000	32.280	351.860	296.380	194.180	842.420	32.280		
32.290	0.000	7.290	4.860	12.150	32.290	356.240	296.380	189.800	842.420	32.290		
32.300	0.000	9.990	4.860	14.850	32.300	356.240	292.000	183.960	832.200	32.300		
32.310	0.000	17.280	14.850	32.130	32.310	362.080	286.160	179.580	827.820	32.310		
32.320	0.000	24.840	22.410	47.250	32.320	365.000	278.860	159.140	803.000	32.320		
32.330	12.420	34.830	34.830	82.080	32.330	362.080	274.480	144.540	781.100	32.330		
32.340	24.840	47.250	52.380	124.470	32.340	359.160	274.480	144.540	778.180	32.340		
32.350	22.410	64.800	67.500	154.710	32.350	359.160	267.180	141.620	767.960	32.350		
32.360	31.950	89.460	79.520	200.930	32.360	365.000	254.040	129.940	748.980	32.360		
32.370	46.860	107.210	87.330	241.400	32.370	362.080	236.520	113.880	712.480	32.370		
32.380	64.610	122.120	89.460	276.190	32.380	359.160	224.840	103.660	687.660	32.380		
32.390	87.330	129.930	89.460	306.720	32.390	360.000	204.480	92.160	656.640	32.390		
32.400	112.180	137.030	92.300	341.510	32.400	354.240	184.320	84.960	623.520	32.400		
32.410	129.930	137.030	89.460	356.420	32.410	349.920	164.160	72.000	586.080	32.410		
32.420	139.870	137.030	89.460	366.360	32.420	344.160	144.000	61.920	550.080	32.420		
32.430	144.840	134.900	87.330	367.070	32.430	336.960	126.720	54.720	518.400	32.430		
32.440	146.970	132.060	84.490	363.520	32.440	326.880	112.320	48.960	488.160	32.440		
32.450	149.810	129.930	84.490	364.230	32.450	316.800	102.240	46.080	465.120	32.450		
32.460	156.910	132.060	84.490	373.460	32.460	306.720	92.160	44.640	443.520	32.460		
32.470	161.880	134.900	87.330	384.110	32.470	293.760	86.400	41.760	421.920	32.470		
32.480	166.850	137.030	89.460	393.340	32.480	283.680	82.080	41.760	407.520	32.480		
32.490	171.820	137.030	89.460	398.310	32.490	276.480	79.200	38.880	394.560	32.490		
32.500	177.500	142.000	92.300	411.800	32.500	272.160	82.080	38.880	393.120	32.500		
32.510	187.230	146.940	97.170	431.340	32.510	266.400	84.960	41.760	393.120	32.510		
32.520	189.600	152.470	104.280	446.350	32.520	259.200	89.280	44.640	393.120	32.520		
32.530	194.340	159.580	114.550	468.470	32.530	254.880	92.160	48.960	396.000	32.530		
32.540	194.340	167.480	122.450	484.270	32.540	247.500	101.970	54.450	403.920	32.540		
32.550	197.500	174.590	129.560	501.650	32.550	234.630	106.920	62.370	403.920	32.550		
32.560	197.500	176.960	134.300	508.760	32.560	226.710	109.890	67.320	403.920	32.560		
32.570	194.340	179.330	139.830	513.500	32.570	216.810	111.870	77.220	405.900	32.570		
32.580	191.970	184.860	144.570	521.400	32.580	209.880	111.870	84.150	405.900	32.580		
32.590	189.600	187.230	146.940	523.770	32.590	201.960	111.870	87.120	400.950	32.590		
32.600	187.230	189.600	152.470	529.300	32.600	197.010	111.870	92.070	400.950	32.600		
32.610	184.860	191.970	157.210	534.040	32.610	189.090	106.920	89.100	385.110	32.610		
32.620	184.860	191.970	159.580	536.410	32.620	187.110	99.990	89.100	376.200	32.620		
32.630	182.490	194.340	161.950	538.780	32.630	179.190	94.050	87.120	360.360	32.630		
32.640	179.330	194.340	164.320	537.990	32.640	172.260	87.120	84.150	343.530	32.640		
32.650	179.330	197.500	161.950	538.780	32.650	167.310	84.150	82.170	333.630	32.650		
32.660	182.160	196.880	164.680	543.720	32.660	159.390	77.220	82.170	318.780	32.660		
32.670	184.920	196.880	164.680	546.480	32.670	152.460	74.250	84.150	310.860	32.670		
32.680	186.760	199.640	164.680	551.080	32.680	141.570	69.300	84.150	295.020	32.680		
32.690	192.280	202.400	161.920	556.600	32.690	137.500	69.850	87.450	294.800	32.690		
32.700	196.880	202.400	161.920	561.200	32.700	134.750	67.100	89.650	291.500	32.700		
32.710	202.400	202.400	161.920	566.720	32.710	129.800	67.100	89.650	286.550	32.710		
32.720	209.760	204.240	161.920	575.920	32.720	127.050	67.100	92.400	286.550	32.720		
32.730	211.600	204.240	157.320	573.160	32.730	127.050	64.900	89.650	281.600	32.730		
32.740	217.120	207.000	159.160	583.280	32.740	124.850	62.150	92.400	279.400	32.740		
32.750	224.480	207.000	159.160	590.640	32.750	124.850	62.150	92.400	279.400	32.750		
32.760	224.480	207.000	157.320	588.800	32.760	122.100	64.900	94.600	281.600	32.760		
32.770	227.240	207.000	157.320	591.560	32.770	122.100	64.900	97.350	284.350	32.770		
32.780	230.000	207.000	157.320	594.320	32.780	119.900	64.900	97.350	282.150	32.780		
32.790	230.000	207.000	157.320	594.320	32.790	119.900	64.900	99.550	284.350	32.790		
32.800	230.000	207.000	157.320	594.320	32.800	117.150	64.900	99.550	281.600	32.800		
32.810	229.900	207.100	156.750	593.750	32.810	119.900	64.900	102.300	287.100	32.810		
32.820	227.050	207.100	156.750	590.900	32.820	117.150	64.900	102.300	284.350	32.820		
32.830	227.050	207.100	154.850	589.000	32.830	117.150	64.900	102.300	284.350	32.830		
32.840	227.050	204.250	154.850	586.150	32.840	117.500	62.040	102.460	282.000	32.840		
32.850	229.900	204.250	154.850	589.000	32.850	114.680	62.040	102.460	279.180	32.850		
32.860	229.900	204.250	156.750	590.900	32.860	114.680	62.040	102.460	279.180	32.860		
32.870	229.900	204.250	154.850	589.000	32.870	114.680	62.040	102.460	279.180	32.870		
32.880	229.900	204.250	156.750	590.900	32.880	114.680	62.040	102.460	279.180	32.880		
32.890	229.900	202.350	152.000	584.250	32.890	112.330	62.040	102.460	276.830	32.890		
32.900	229.900	202.350	154.850	587.100	32.900	112.330	62.040	104.810	279.180	32.900		
32.910	229.900	199.500	152.000	581.400	32.910	112.330	62.040	104.810	279.180	32.910		
32.920	229.900	199.500	154.850	584.250	32.920	109.980	62.040	107.160	279.180	32.920		
32.930	231.800	199.500	152.000	583.300	32.930	109.980	64.860	107.160	282.000	32.930		
32.940	234.650	194.750	149.150	578.550	32.940	109.980	64.860	109.980	284.820	32.940		
32.950	237.500	194.750	147.250	579.500	32.950	112.330	64.860	109.980	287.170	32.950		
32.960	242.310	191.880	143.910	578.100	32.960	112.330	67.210	109.980	289.520	32.960		
32.970	247.230	189.420	138.990	575.640	32.970	112.330	64.860	112.330	289.520	32.970		
32.980	252.150	186.960	131.610	570.720	32.980	112.330	67.210	114.680	294.220	32.980		
32.990	257.070	182.040	126.690	565.800	32.990	112.200	69.600	114.600	296.400	32.990		
33.000	264.450	177.120	121.770	563.340	33.000	114.600	69.600	114.600	298.800	33.000		
33.010	271.830	174.660	116.850	563.340	33.010	114.600	69.600	117.000	301.200	33.010		
33.020	276.750	172.200	111.930	560.880	33.020	114.600	72.000	117.000	303.600	33.020		
33.030	281.670	164.820	104.550	551.040	33.030	117.000	72.000	117.000	306.000	33.030		
33.040	286.590	162.360	99.630	548.580	33.040	117.000	75.000	117.000	309.000	33.040		
33.050	291.510	157.440	97.170	546.120	33.050	120.000	75.000	114.600	309.600	33.050		
33.060	293.970	151.290	92.250	537.510	33.060	124.800	77.400	112.200	314.400	33.060		
33.070	298.890	148.830	89.790	537.510	33.070	127.200	79.800	107.400	314.400	33.070		
33.080	301.350	146.370	87.330	535.050	33.080	132.000	79.800	102.000	313.800	33.080		
33.090	303.810	143.910	82.410	530.130	33.090	139.800	82.200	94.800	316.800	33.090		
33.100	307.500	141.450	84.870	533.820	33.100	144.600	82.200	84.600	311.400	33.100		
33.110	311.040	140.400	82.080	533.520	33.110	150.000	79.800	75.000	304.800	33.110		
33.120	315.360	144.720	82.080	542.160	33.120	150.000	79.800	64.800	294.600	33.120		
33.130	321.840	146.880	84.240	552.960	33.130	147.000	77.400	54.600	279.000	33.130		
33.140	328.320	149.040	86.400	563.760	33.140	137.500	72.050	47.300	256.850	33.140		
33.150	341.280	153.360	88.560	583.200	33.150	124.850	67.100	39.600	231.550	33.150		
33.160	354.240	162.000	90.720	606.960	33.160	110.000	62.150	32.450	204.600	33.160		
33.170	371.520	170.640	97.200	639.360	33.170	89.650	55.000	24.750	169.400	33.170		
33.180	390.960	181.440	101.520	673.920	33.180	69.850	47.300	17.050	134.200	33.180		
33.190	414.720	196.560	108.000	719.280	33.190	47.300	37.400	9.900	94.600	33.190		
33.200	438.480	209.520	114.480	762.480	33.200	29.700	29.700	9.900	69.300	33.200		
33.210	466.560	224.640	116.640	807.840	33.210	14.850	22.000	9.900	46.750	33.210		
33.220	492.480	235.440	120.960	848.880	33.220	9.900	17.050	12.100	39.050	33.220		
33.230	511.920	246.240	127.440	885.600	33.230	4.950	12.100	12.100	29.150	33.230		
33.240	527.040	257.040	129.600	913.680	33.240	4.950	14.850	12.100	31.900	33.240		
33.250	540.000	263.520	129.600	933.120	33.250	4.950	12.100	12.100	29.150	33.250		
33.260	545.000	272.500	130.800	948.300	33.260	2.200	9.900	12.100	24.200	33.260		
33.270	545.000	274.680	137.340	957.020	33.270	2.200	9.900	14.850	26.950	33.270		
33.280	540.640	276.860	139.520	957.020	33.280	0.000	7.150	14.850	22.000	33.280		
33.290	536.280	276.860	139.520	952.660	33.290	0.000	4.950	12.420	17.370	33.290		
33.300	525.380	276.860	143.880	946.120	33.300	0.000	4.950	14.940	19.890	33.300		
33.310	514.480	272.500	141.700	928.680	33.310	0.000	4.950	14.940	19.890	33.310		
33.320	501.400	265.960	141.700	909.060	33.320	0.000	2.430	14.940	17.370	33.320		
33.330	486.140	259.420	141.700	887.260	33.330	0.000	2.430	17.460	19.890	33.330		
33.340	468.700	250.700	139.520	858.920	33.340	0.000	2.430	17.460	19.890	33.340		
33.350	453.440	241.980	137.340	832.760	33.350	0.000	0.000	17.460	17.460	33.350		
33.360	438.180	231.080	132.980	802.240	33.360	0.000	0.000	19.980	19.980	33.360		
33.370	427.280	224.540	128.620	780.440	33.370	0.000	2.430	19.980	22.410	33.370		
33.380	416.380	215.820	126.440	758.640	33.380	0.000	2.430	19.980	22.410	33.380		
33.390	409.840	209.280	124.260	743.380	33.390	0.000	0.000	19.980	19.980	33.390		
33.400	403.300	204.920	122.080	730.300	33.400	0.000	2.430	19.980	22.410	33.400		
33.410	404.000	199.980	117.160	721.140	33.410	0.000	0.000	22.500	22.500	33.410		
33.420	406.020	193.920	111.100	711.040	33.420	0.000	0.000	22.500	22.500	33.420		
33.430	408.040	191.900	107.060	707.000	33.430	0.000	2.430	22.500	24.930	33.430		
33.440	414.100	189.880	103.020	707.000	33.440	0.000	0.000	22.500	22.500	33.440		
33.450	416.120	185.840	98.980	700.940	33.450	0.000	2.500	22.500	25.000	33.450		
33.460	424.200	183.820	96.960	704.980	33.460	0.000	2.500	25.000	27.500	33.460		
33.470	432.280	181.800	94.940	709.020	33.470	0.000	0.000	22.500	22.500	33.470		
33.480	438.340	181.800	86.860	707.000	33.480	0.000	2.500	22.500	25.000	33.480		
33.490	452.480	181.800	84.840	719.120	33.490	0.000	2.500	25.000	27.500	33.490		
33.500	458.540	181.800	78.780	719.120	33.500	0.000	0.000	22.500	22.500	33.500		
33.510	470.660	179.780	78.780	729.220	33.510	0.000	2.500	25.000	27.500	33.510		
33.520	478.740	179.780	76.760	735.280	33.520	0.000	2.500	22.500	25.000	33.520		
33.530	488.840	179.780	74.740	743.360	33.530	0.000	0.000	25.000	25.000	33.530		
33.540	496.920	179.780	68.680	745.380	33.540	0.000	2.500	25.000	27.500	33.540		
33.550	505.000	179.780	68.680	753.460	33.550	0.000	2.500	25.000	27.500	33.550		
33.560	506.100	178.500	69.300	753.900	33.560	0.000	2.500	25.000	27.500	33.560		
33.570	512.400	178.500	69.300	760.200	33.570	0.000	2.500	25.000	27.500	33.570		
33.580	514.500	178.500	67.200	760.200	33.580	0.000	2.500	22.500	25.000	33.580		
33.590	514.500	178.500	67.200	760.200	33.590	0.000	2.130	21.300	23.430	33.590		
33.600	514.500	180.600	69.300	764.400	33.600	0.000	2.130	21.300	23.430	33.600		
33.610	514.500	180.600	71.400	766.500	33.610	0.000	0.000	19.170	19.170	33.610		
33.620	512.400	180.600	69.300	762.300	33.620	0.000	0.000	17.040	17.040	33.620		
33.630	508.200	184.800	71.400	764.400	33.630	0.000	0.000	17.040	17.040	33.630		
33.640	508.200	186.900	71.400	766.500	33.640	0.000	0.000	10.650	10.650	33.640		
33.650	512.400	191.100	75.600	779.100	33.650	0.000	0.000	8.520	8.520	33.650		
33.660	520.800	199.500	79.800	800.100	33.660	0.000	2.130	40.470	42.600	33.660		
33.670	525.000	203.700	84.000	812.700	33.670	119.280	153.360	532.500	805.140	33.670		
33.680	516.600	203.700	86.100	806.400	33.680	29.820	55.380	347.190	432.390	33.680		
33.690	491.400	197.400	84.000	772.800	33.690	14.910	25.560	217.260	257.730	33.690		
33.700	468.300	186.900	84.000	739.200	33.700	25.560	40.470	195.960	261.990	33.700		
33.710	457.500	184.830	84.180	726.510	33.710	29.820	44.730	221.520	296.070	33.710		
33.720	441.030	179.340	84.180	704.550	33.720	44.730	48.990	187.440	281.160	33.720		
33.730	420.900	173.850	86.010	680.760	33.730	48.990	44.730	140.580	234.300	33.730		
33.740	400.770	166.530	86.010	653.310	33.740	59.940	44.400	122.100	226.440	33.740		
33.750	382.470	161.040	84.180	627.690	33.750	64.380	46.620	114.330	225.330	33.750		
33.760	362.340	157.380	86.010	605.730	33.760	66.600	52.170	109.890	228.660	33.760		
33.770	342.210	151.890	84.180	578.280	33.770	69.930	52.170	104.340	226.440	33.770		
33.780	318.420	144.570	84.180	547.170	33.780	69.930	54.390	102.120	226.440	33.780		
33.790	298.290	139.080	84.180	521.550	33.790	72.150	59.940	106.560	238.650	33.790		
33.800	279.990	131.760	82.350	494.100	33.800	72.150	64.380	112.110	248.640	33.800		
33.810	261.690	126.270	84.180	472.140	33.810	74.370	69.930	122.100	266.400	33.810		
33.820	241.560	120.780	78.690	441.030	33.820	72.150	74.370	136.530	283.050	33.820		
33.830	223.260	118.950	84.180	426.390	33.830	74.370	82.140	156.510	313.020	33.830		
33.840	204.960	117.120	84.180	406.260	33.840	74.370	89.910	182.040	346.320	33.840		
33.850	184.830	118.950	86.010	389.790	33.850	76.590	99.900	206.460	382.950	33.850		
33.860	157.500	117.180	94.500	369.180	33.860	79.920	109.890	234.210	424.020	33.860		
33.870	127.260	114.660	99.540	341.460	33.870	84.360	122.100	259.740	466.200	33.870		
33.880	97.020	109.620	107.100	313.740	33.880	92.130	136.530	277.500	506.160	33.880		
33.890	67.410	102.060	117.180	286.650	33.890	101.760	151.050	294.150	546.960	33.890		
33.900	42.210	89.460	124.740	256.410	33.900	111.300	166.950	308.460	586.710	33.900		
33.910	29.610	77.490	137.340	244.440	33.910	122.430	181.260	324.360	628.050	33.910		
33.920	19.530	67.410	147.420	234.360	33.920	128.790	193.980	341.850	664.620	33.920		
33.930	11.970	54.810	154.980	221.760	33.930	139.920	209.880	356.160	705.960	33.930		
33.940	6.930	47.250	154.980	209.160	33.940	144.690	224.190	372.060	740.940	33.940		
33.950	4.410	39.690	149.940	194.040	33.950	151.050	233.730	384.780	769.560	33.950		
33.960	0.000	32.130	144.900	177.030	33.960	159.000	246.450	391.140	796.590	33.960		
33.970	0.000	19.530	132.300	151.830	33.970	166.950	259.170	397.500	823.620	33.970		
33.980	0.000	9.450	114.660	124.110	33.980	176.490	268.710	397.500	842.700	33.980		
33.990	0.000	1.890	97.020	98.910	33.990	184.440	279.840	391.140	855.420	33.990		
34.000	0.000	0.000	77.490	77.490	34.000	193.980	289.380	381.600	864.960	34.000		
34.010	0.000	0.000	57.500	57.500	34.010	206.700	298.920	372.060	877.680	34.010		
34.020	0.000	0.000	42.320	42.320	34.020	216.240	306.870	354.570	877.680	34.020		
34.030	0.000	0.000	27.370	27.370	34.030	227.370	311.640	341.850	880.860	34.030		
34.040	2.300	0.000	12.420	14.720	34.040	239.040	318.720	322.040	879.800	34.040		
34.050	4.830	0.000	2.300	7.130	34.050	252.320	323.700	303.780	879.800	34.050		
34.060	4.830	0.000	0.000	4.830	34.060	262.280	327.020	287.180	876.480	34.060		
34.070	4.830	0.000	0.000	4.830	34.070	272.240	327.020	267.260	866.520	34.070		
34.080	4.830	0.000	0.000	4.830	34.080	282.200	328.680	249.000	859.880	34.080		
34.090	2.300	0.000	0.000	2.300	34.090	288.840	328.680	232.400	849.920	34.090		
34.100	2.300	0.000	0.000	2.300	34.100	298.800	328.680	214.140	841.620	34.100		
34.110	2.300	0.000	0.000	2.300	34.110	312.080	328.680	199.200	839.960	34.110		
34.120	2.300	0.000	0.000	2.300	34.120	323.700	328.680	180.940	833.320	34.120		
34.130	2.300	0.000	0.000	2.300	34.130	336.980	328.680	166.000	831.660	34.130		
34.140	2.300	0.000	0.000	2.300	34.140	351.920	327.020	146.080	825.020	34.140		
34.150	2.300	0.000	0.000	2.300	34.150	368.520	327.020	129.480	825.020	34.150		
34.160	0.000	0.000	0.000	0.000	34.160	383.460	322.040	114.540	820.040	34.160		
34.170	0.000	0.000	0.000	0.000	34.170	398.400	322.040	99.600	820.040	34.170		
34.180	0.000	0.000	0.000	0.000	34.180	415.000	317.060	84.660	816.720	34.180		
34.190	0.000	0.000	0.000	0.000	34.190	433.200	307.800	71.250	812.250	34.190		
34.200	0.000	0.000	0.000	0.000	34.200	447.450	302.100	59.850	809.400	34.200		
34.210	0.000	0.000	0.000	0.000	34.210	467.400	293.550	54.150	815.100	34.210		
34.220	0.000	0.000	0.000	0.000	34.220	484.500	285.000	45.600	815.100	34.220		
34.230	0.000	0.000	0.000	0.000	34.230	501.600	273.600	39.900	815.100	34.230		
34.240	0.000	0.000	0.000	0.000	34.240	518.700	262.200	31.350	812.250	34.240		
34.250	0.000	0.000	0.000	0.000	34.250	538.650	253.650	22.800	815.100	34.250		
34.260	0.000	0.000	0.000	0.000	34.260	558.600	242.250	17.100	817.950	34.260		
34.270	0.000	0.000	0.000	0.000	34.270	578.550	228.000	8.550	815.100	34.270		
34.280	0.000	0.000	0.000	0.000	34.280	598.500	219.450	5.700	823.650	34.280		
34.290	0.000	0.000	0.000	0.000	34.290	621.300	205.200	2.850	829.350	34.290		
34.300	0.000	0.000	0.000	0.000	34.300	641.250	193.800	0.000	835.050	34.300		
34.310	0.000	0.000	0.000	0.000	34.310	664.050	182.400	0.000	846.450	34.310		
34.320	0.000	0.000	0.000	0.000	34.320	686.850	171.000	0.000	857.850	34.320		
34.330	0.000	0.000	1.800	1.800	34.330	712.500	156.750	0.000	869.250	34.330		
34.340	0.000	0.000	1.800	1.800	34.340	737.770	144.730	0.000	882.500	34.340		
34.350	0.000	0.000	1.800	1.800	34.350	762.480	127.080	0.000	889.560	34.350		
34.360	0.000	0.000	1.800	1.800	34.360	783.660	116.490	0.000	900.150	34.360		
34.370	0.000	0.000	1.800	1.800	34.370	804.840	105.900	0.000	910.740	34.370		
34.380	0.000	0.000	1.800	1.800	34.380	826.020	95.310	0.000	921.330	34.380		
34.390	4.500	0.000	1.800	6.300	34.390	847.200	84.720	0.000	931.920	34.390		
34.400	32.400	0.000	0.000	32.400	34.400	857.790	74.130	0.000	931.920	34.400		
34.410	67.500	1.800	0.000	69.300	34.410	871.910	67.070	0.000	938.980	34.410		
34.420	109.800	4.500	0.000	114.300	34.420	878.970	56.480	0.000	935.450	34.420		
34.430	144.900	7.200	1.800	153.900	34.430	882.500	49.420	0.000	931.920	34.430		
34.440	177.300	7.200	1.800	186.300	34.440	875.440	42.360	0.000	917.800	34.440		
34.450	225.000	14.400	4.500	243.900	34.450	864.850	31.770	0.000	896.620	34.450		
34.460	268.380	23.430	8.520	300.330	34.460	847.200	24.710	0.000	871.910	34.460		
34.470	296.070	40.470	14.910	351.450	34.470	822.490	14.120	0.000	836.610	34.470		
34.480	319.500	61.770	23.430	404.700	34.480	783.660	3.530	0.000	787.190	34.480		
34.490	334.410	76.680	31.950	443.040	34.490	727.500	0.000	0.000	727.500	34.490		
34.500	349.320	91.590	40.470	481.380	34.500	654.750	0.000	0.000	654.750	34.500		
34.510	366.360	104.370	51.120	521.850	34.510	576.180	0.000	0.000	576.180	34.510		
34.520	391.920	121.410	63.900	577.230	34.520	480.150	0.000	0.000	480.150	34.520		
34.530	421.740	136.320	72.420	630.480	34.530	381.210	0.000	0.000	381.210	34.530		
34.540	453.690	153.360	78.810	685.860	34.540	282.270	0.000	0.000	282.270	34.540		
34.550	483.510	170.400	87.330	741.240	34.550	200.790	0.000	0.000	200.790	34.550		
34.560	506.940	183.180	91.590	781.710	34.560	136.770	0.000	0.000	136.770	34.560		
34.570	521.850	193.830	95.850	811.530	34.570	87.300	0.000	0.000	87.300	34.570		
34.580	528.240	204.480	97.980	830.700	34.580	49.470	0.000	0.000	49.470	34.580		
34.590	532.500	208.740	104.370	845.610	34.590	26.190	0.000	0.000	26.190	34.590		
34.600	528.240	213.000	104.370	845.610	34.600	17.460	0.000	0.000	17.460	34.600		
34.610	525.000	216.300	107.100	848.400	34.610	14.550	0.000	0.000	14.550	34.610		
34.620	516.600	220.500	111.300	848.400	34.620	11.640	0.000	0.000	11.640	34.620		
34.630	506.100	224.700	113.400	844.200	34.630	8.730	0.000	0.000	8.730	34.630		
34.640	491.400	228.900	121.800	842.100	34.640	7.500	0.000	0.000	7.500	34.640		
34.650	476.700	228.900	126.000	831.600	34.650	7.500	0.000	0.000	7.500	34.650		
34.660	462.000	231.000	132.300	825.300	34.660	4.980	0.000	0.000	4.980	34.660		
34.670	443.100	231.000	134.400	808.500	34.670	4.980	0.000	0.000	4.980	34.670		
34.680	426.300	231.000	136.500	793.800	34.680	2.490	0.000	0.000	2.490	34.680		
34.690	407.400	228.900	140.700	777.000	34.690	2.490	0.000	0.000	2.490	34.690		
34.700	386.400	228.900	144.900	760.200	34.700	4.980	0.000	0.000	4.980	34.700		
34.710	369.600	228.900	149.100	747.600	34.710	2.490	0.000	0.000	2.490	34.710		
34.720	348.600	228.900	153.300	730.800	34.720	2.490	0.000	0.000	2.490	34.720		
34.730	331.800	228.900	161.700	722.400	34.730	0.000	0.000	0.000	0.000	34.730		
34.740	315.000	231.000	163.800	709.800	34.740	2.490	0.000	0.000	2.490	34.740		
34.750	296.100	233.100	174.300	703.500	34.750	2.490	0.000	0.000	2.490	34.750		
34.760	278.730	236.350	180.930	696.010	34.760	2.490	0.000	0.000	2.490	34.760		
34.770	267.320	241.240	189.080	697.640	34.770	2.490	0.000	0.000	2.490	34.770		
34.780	255.910	246.130	198.860	700.900	34.780	2.490	0.000	0.000	2.490	34.780		
34.790	244.500	254.280	208.640	707.420	34.790	0.000	0.000	0.000	0.000	34.790		
34.800	234.720	262.430	218.420	715.570	34.800	0.000	0.000	0.000	0.000	34.800		
34.810	221.680	267.320	234.720	723.720	34.810	0.000	0.000	0.000	0.000	34.810		
34.820	208.640	272.210	244.500	725.350	34.820	0.000	0.000	0.000	0.000	34.820		
34.830	197.230	281.990	262.430	741.650	34.830	0.000	0.000	0.000	0.000	34.830		
34.840	184.190	288.510	278.730	751.430	34.840	0.000	0.000	0.000	0.000	34.840		
34.850	171.150	296.660	299.920	767.730	34.850	0.000	0.000	0.000	0.000	34.850		
34.860	159.740	304.810	316.220	780.770	34.860	0.000	0.000	0.000	0.000	34.860		
34.870	146.700	311.330	339.040	797.070	34.870	0.000	0.000	0.000	0.000	34.870		
34.880	132.030	316.220	358.600	806.850	34.880	0.000	0.000	0.000	0.000	34.880		
34.890	118.990	319.480	381.420	819.890	34.890	0.000	0.000	0.000	0.000	34.890		
34.900	104.320	324.370	407.500	836.190	34.900	0.000	0.000	0.000	0.000	34.900		
34.910	92.070	327.360	433.070	852.500	34.910	0.000	0.000	0.000	0.000	34.910		
34.920	75.020	327.360	463.760	866.140	34.920	0.000	0.000	0.000	0.000	34.920		
34.930	64.790	323.950	494.450	883.190	34.930	0.000	0.000	0.000	0.000	34.930		
34.940	54.560	317.130	525.140	896.830	34.940	0.000	0.000	0.000	0.000	34.940		
34.950	44.330	310.310	559.240	913.880	34.950	0.000	0.000	0.000	0.000	34.950		
34.960	34.100	296.670	589.930	920.700	34.960	0.000	0.000	0.000	0.000	34.960		
34.970	27.280	279.620	627.440	934.340	34.970	0.000	0.000	0.000	0.000	34.970		
34.980	20.460	259.160	661.540	941.160	34.980	0.000	0.000	0.000	0.000	34.980		
34.990	13.640	242.110	695.640	951.390	34.990	0.000	0.000	0.000	0.000	34.990		
35.000	6.820	218.240	729.740	954.800	35.000	0.000	0.000	0.000	0.000	35.000		
35.010	3.410	197.780	767.250	968.440	35.010	0.000	0.000	0.000	0.000	35.010		
35.020	0.000	180.730	794.530	975.260	35.020	0.000	0.000	0.000	0.000	35.020		
35.030	0.000	160.270	818.400	978.670	35.030	0.000	2.360	18.880	21.240	35.030		
35.040	0.000	143.220	838.860	982.080	35.040	0.000	9.440	74.340	83.780	35.040		
35.050	0.000	126.170	852.500	978.670	35.050	0.000	14.160	129.800	143.960	35.050		
35.060	0.000	106.640	860.000	966.640	35.060	0.000	16.520	166.380	182.900	35.060		
35.070	0.000	89.440	860.000	949.440	35.070	0.000	16.520	217.120	233.640	35.070		
35.080	0.000	79.120	849.680	928.800	35.080	2.360	22.420	295.000	319.780	35.080		
35.090	0.000	61.920	832.480	894.400	35.090	8.120	28.420	385.700	422.240	35.090		
35.100	0.000	51.600	804.960	856.560	35.100	16.240	48.720	440.510	505.470	35.100		
35.110	0.000	41.280	767.120	808.400	35.110	28.420	79.170	487.200	594.790	35.110		
35.120	0.000	30.960	715.520	746.480	35.120	46.690	99.470	497.350	643.510	35.120		
35.130	0.000	17.200	636.400	653.600	35.130	56.840	101.500	477.050	635.390	35.130		
35.140	0.000	3.440	536.640	540.080	35.140	66.990	103.530	444.570	615.090	35.140		
35.150	0.000	0.000	430.000	430.000	35.150	81.200	109.620	426.300	617.120	35.150		
35.160	0.000	0.000	323.360	323.360	35.160	93.380	121.800	426.300	641.480	35.160		
35.170	0.000	0.000	230.480	230.480	35.170	105.560	136.010	440.510	682.080	35.170		
35.180	0.000	0.000	151.360	151.360	35.180	115.710	154.280	466.900	736.890	35.180		
35.190	0.000	0.000	92.880	92.880	35.190	125.860	168.490	487.200	781.550	35.190		
35.200	0.000	0.000	51.600	51.600	35.200	131.950	184.730	499.380	816.060	35.200		
35.210	0.000	0.000	27.500	27.500	35.210	138.040	196.910	507.500	842.450	35.210		
35.220	0.000	0.000	24.970	24.970	35.220	144.130	209.090	507.500	860.720	35.220		
35.230	0.000	0.000	19.910	19.910	35.230	154.280	219.240	501.410	874.930	35.230		
35.240	0.000	0.000	17.490	17.490	35.240	161.540	228.520	492.500	882.560	35.240		
35.250	0.000	0.000	14.960	14.960	35.250	167.450	234.430	474.770	876.650	35.250		
35.260	0.000	0.000	14.960	14.960	35.260	171.390	234.430	453.100	858.920	35.260		
35.270	0.000	0.000	14.960	14.960	35.270	177.300	236.400	429.460	843.160	35.270		
35.280	0.000	0.000	12.430	12.430	35.280	183.210	236.400	401.880	821.490	35.280		
35.290	0.000	0.000	12.430	12.430	35.290	193.060	236.400	372.330	801.790	35.290		
35.300	0.000	0.000	9.900	9.900	35.300	206.850	236.400	338.840	782.090	35.300		
35.310	0.000	0.000	9.900	9.900	35.310	218.670	234.430	307.320	760.420	35.310		
35.320	0.000	0.000	9.900	9.900	35.320	228.520	234.430	279.740	742.690	35.320		
35.330	0.000	0.000	7.480	7.480	35.330	236.400	232.460	254.130	722.990	35.330		
35.340	0.000	0.000	4.950	4.950	35.340	248.220	228.520	232.460	709.200	35.340		
35.350	0.000	0.000	4.950	4.950	35.350	262.010	224.580	206.850	693.440	35.350		
35.360	0.000	0.000	5.000	5.000	35.360	271.860	220.640	187.150	679.650	35.360		
35.370	0.000	0.000	5.000	5.000	35.370	285.650	218.670	167.450	671.770	35.370		
35.380	0.000	0.000	5.000	5.000	35.380	299.440	216.700	149.720	665.860	35.380		
35.390	0.000	0.000	2.500	2.500	35.390	316.250	212.520	129.030	657.800	35.390		
35.400	0.000	0.000	5.000	5.000	35.400	333.960	209.990	113.850	657.800	35.400		
35.410	0.000	0.000	2.500	2.500	35.410	349.140	209.990	101.200	660.330	35.410		
35.420	0.000	0.000	2.500	2.500	35.420	366.850	209.990	91.080	667.920	35.420		
35.430	0.000	0.000	2.500	2.500	35.430	387.090	209.990	80.960	678.040	35.430		
35.440	0.000	0.000	2.500	2.500	35.440	407.330	207.460	68.310	683.100	35.440		
35.450	0.000	0.000	0.000	0.000	35.450	427.570	207.460	60.720	695.750	35.450		
35.460	0.000	0.000	0.000	0.000	35.460	447.810	204.930	53.130	705.870	35.460		
35.470	0.000	0.000	0.000	0.000	35.470	473.110	204.930	48.070	726.110	35.470		
35.480	0.000	0.000	0.000	0.000	35.480	495.880	202.400	43.010	741.290	35.480		
35.490	0.000	0.000	0.000	0.000	35.490	521.180	199.870	37.950	759.000	35.490		
35.500	0.000	0.000	0.000	0.000	35.500	549.010	194.810	32.890	776.710	35.500		
35.510	0.000	0.000	0.000	0.000	35.510	576.840	187.220	27.830	791.890	35.510		
35.520	0.000	0.000	0.000	0.000	35.520	604.670	177.100	20.240	802.010	35.520		
35.530	0.000	0.000	0.000	0.000	35.530	632.500	164.450	15.180	812.130	35.530		
35.540	0.000	0.000	0.000	0.000	35.540	658.000	151.340	9.870	819.210	35.540		
35.550	0.000	0.000	0.000	0.000	35.550	684.320	138.180	6.580	829.080	35.550		
35.560	0.000	0.000	0.000	0.000	35.560	707.350	128.310	3.290	838.950	35.560		
35.570	0.000	0.000	0.000	0.000	35.570	730.380	115.150	0.000	845.530	35.570		
35.580	0.000	0.000	0.000	0.000	35.580	753.410	101.990	0.000	855.400	35.580		
35.590	0.000	0.000	0.000	0.000	35.590	773.150	88.830	0.000	861.980	35.590		
35.600	0.000	0.000	0.000	0.000	35.600	792.890	75.670	0.000	868.560	35.600		
35.610	9.800	1.960	0.000	11.760	35.610	806.050	65.800	0.000	871.850	35.610		
35.620	47.040	9.800	0.000	56.840	35.620	812.630	59.220	0.000	871.850	35.620		
35.630	97.020	11.760	0.000	108.780	35.630	822.500	49.350	0.000	871.850	35.630		
35.640	169.540	16.660	0.000	186.200	35.640	822.500	39.480	0.000	861.980	35.640		
35.650	245.000	27.440	0.000	272.440	35.650	809.340	29.610	0.000	838.950	35.650		
35.660	344.190	39.270	4.620	388.080	35.660	792.890	19.740	0.000	812.630	35.660		
35.670	450.450	57.750	13.860	522.060	35.670	769.860	9.870	0.000	779.730	35.670		
35.680	533.610	97.020	27.720	658.350	35.680	733.670	0.000	0.000	733.670	35.680		
35.690	577.500	140.910	41.580	759.990	35.690	675.000	0.000	0.000	675.000	35.690		
35.700	570.570	159.390	46.200	776.160	35.700	594.000	0.000	0.000	594.000	35.700		
35.710	538.230	168.630	55.440	762.300	35.710	499.500	0.000	0.000	499.500	35.710		
35.720	512.820	175.560	73.920	762.300	35.720	388.800	0.000	0.000	388.800	35.720		
35.730	505.890	191.730	92.400	790.020	35.730	280.800	0.000	0.000	280.800	35.730		
35.740	505.890	207.900	103.950	817.740	35.740	183.600	0.000	0.000	183.600	35.740		
35.750	512.820	228.690	115.500	857.010	35.750	108.000	0.000	0.000	108.000	35.750		
35.760	524.370	251.790	131.670	907.830	35.760	56.700	0.000	0.000	56.700	35.760		
35.770	526.680	267.960	143.220	937.860	35.770	27.000	0.000	0.000	27.000	35.770		
35.780	526.680	284.130	154.770	965.580	35.780	21.600	0.000	0.000	21.600	35.780		
35.790	522.060	293.370	159.390	974.820	35.790	18.900	0.000	0.000	18.900	35.790		
35.800	512.820	300.300	164.010	977.130	35.800	13.500	0.000	0.000	13.500	35.800		
35.810	502.500	303.510	168.840	974.850	35.810	13.500	0.000	0.000	13.500	35.810		
35.820	484.410	301.500	168.840	954.750	35.820	10.800	0.000	0.000	10.800	35.820		
35.830	464.310	297.480	170.850	932.640	35.830	10.800	0.000	0.000	10.800	35.830		
35.840	442.200	287.430	170.850	900.480	35.840	10.000	0.000	0.000	10.000	35.840		
35.850	418.080	277.380	170.850	866.310	35.850	7.480	0.000	0.000	7.480	35.850		
35.860	395.970	267.330	170.850	834.150	35.860	7.480	0.000	0.000	7.480	35.860		
35.870	379.890	259.290	170.850	810.030	35.870	7.480	0.000	0.000	7.480	35.870		
35.880	355.770	243.210	166.830	765.810	35.880	7.480	0.000	0.000	7.480	35.880		
35.890	339.690	237.180	166.830	743.700	35.890	5.000	0.000	0.000	5.000	35.890		
35.900	321.600	229.140	166.830	717.570	35.900	2.480	0.000	0.000	2.480	35.900		
35.910	303.510	221.100	166.830	691.440	35.910	2.480	0.000	0.000	2.480	35.910		
35.920	291.450	217.080	166.830	675.360	35.920	2.480	0.000	0.000	2.480	35.920		
35.930	277.380	211.050	166.830	655.260	35.930	0.000	0.000	0.000	0.000	35.930		
35.940	263.310	209.040	168.840	641.190	35.940	2.480	0.000	0.000	2.480	35.940		
35.950	251.250	209.040	174.870	635.160	35.950	0.000	0.000	0.000	0.000	35.950		
35.960	244.400	212.440	182.360	639.200	35.960	0.000	0.000	0.000	0.000	35.960		
35.970	231.240	216.200	189.880	637.320	35.970	0.000	0.000	0.000	0.000	35.970		
35.980	223.720	221.840	199.280	644.840	35.980	0.000	0.000	0.000	0.000	35.980		
35.990	214.320	229.360	212.440	656.120	35.990	0.000	0.000	0.000	0.000	35.990		
36.000	206.800	236.880	221.840	665.520	36.000	0.000	0.000	0.000	0.000	36.000		
36.010	201.160	246.280	235.000	682.440	36.010	0.000	0.000	0.000	0.000	36.010		
36.020	197.400	253.800	244.400	695.600	36.020	0.000	0.000	0.000	0.000	36.020		
36.030	191.760	266.960	261.320	720.040	36.030	0.000	2.200	0.000	2.200	36.030		
36.040	184.240	276.360	282.000	742.600	36.040	0.000	2.200	0.000	2.200	36.040		
36.050	174.840	289.520	304.560	768.920	36.050	0.000	2.200	0.000	2.200	36.050		
36.060	159.800	297.040	327.120	783.960	36.060	0.000	4.400	0.000	4.400	36.060		
36.070	141.000	298.920	353.440	793.360	36.070	0.000	4.400	0.000	4.400	36.070		
36.080	118.440	298.920	387.280	804.640	36.080	0.000	12.100	16.500	28.600	36.080		
36.090	94.000	289.520	424.880	808.400	36.090	0.000	14.300	37.400	51.700	36.090		
36.100	71.440	274.480	470.000	815.920	36.100	0.000	14.300	59.400	73.700	36.100		
36.110	47.700	243.800	519.400	810.900	36.110	0.000	19.800	92.400	112.200	36.110		
36.120	37.100	204.050	569.750	810.900	36.120	0.000	19.800	159.500	179.300	36.120		
36.130	26.500	166.950	614.800	808.250	36.130	0.000	29.700	275.000	304.700	36.130		
36.140	21.200	132.500	649.250	802.950	36.140	7.120	46.280	384.480	437.880	36.140		
36.150	13.250	106.000	662.500	781.750	36.150	21.360	71.200	421.860	514.420	36.150		
36.160	5.300	84.800	657.200	747.300	36.160	40.940	99.680	436.100	576.720	36.160		
36.170	0.000	66.250	628.050	694.300	36.170	62.300	113.920	428.980	605.200	36.170		
36.180	0.000	47.700	577.700	625.400	36.180	83.660	133.500	423.640	640.800	36.180		
36.190	0.000	39.750	516.750	556.500	36.190	108.580	156.640	421.860	687.080	36.190		
36.200	0.000	23.850	439.900	463.750	36.200	126.380	176.220	414.740	717.340	36.200		
36.210	0.000	7.950	352.450	360.400	36.210	142.400	195.800	418.300	756.500	36.210		
36.220	0.000	0.000	254.400	254.400	36.220	156.640	213.600	427.200	797.440	36.220		
36.230	0.000	0.000	164.300	164.300	36.230	170.880	231.400	434.320	836.600	36.230		
36.240	0.000	0.000	92.750	92.750	36.240	181.560	250.980	445.000	877.540	36.240		
36.250	0.000	0.000	50.350	50.350	36.250	192.240	263.440	445.000	900.680	36.250		
36.260	4.940	0.000	32.500	37.440	36.260	201.140	274.120	436.100	911.360	36.260		
36.270	7.410	0.000	27.430	34.840	36.270	208.260	279.460	423.640	911.360	36.270		
36.280	7.410	0.000	19.890	27.300	36.280	218.940	279.460	404.060	902.460	36.280		
36.290	7.410	0.000	17.420	24.830	36.290	224.960	279.680	380.000	884.640	36.290		
36.300	7.410	0.000	14.950	22.360	36.300	231.040	273.600	358.720	863.360	36.300		
36.310	4.940	0.000	14.950	19.890	36.310	234.080	269.040	338.960	842.080	36.310		
36.320	4.940	0.000	12.480	17.420	36.320	238.640	264.480	319.200	822.320	36.320		
36.330	2.470	0.000	12.480	14.950	36.330	238.640	253.840	302.480	794.960	36.330		
36.340	2.470	0.000	9.880	12.350	36.340	241.680	249.280	287.280	778.240	36.340		
36.350	2.470	0.000	9.880	12.350	36.350	241.680	241.680	272.080	755.440	36.350		
36.360	2.470	0.000	7.410	9.880	36.360	241.680	231.040	256.880	729.600	36.360		
36.370	2.470	0.000	7.410	9.880	36.370	238.640	224.960	238.640	702.240	36.370		
36.380	2.470	0.000	7.410	9.880	36.380	241.680	217.360	229.520	688.560	36.380		
36.390	2.470	0.000	4.940	7.410	36.390	241.680	206.720	214.320	662.720	36.390		
36.400	2.470	0.000	4.940	7.410	36.400	244.720	202.160	199.120	646.000	36.400		
36.410	2.500	0.000	5.000	7.500	36.410	246.240	196.080	190.000	632.320	36.410		
36.420	0.000	0.000	2.500	2.500	36.420	249.280	194.560	176.320	620.160	36.420		
36.430	2.500	0.000	5.000	7.500	36.430	256.880	191.520	168.720	617.120	36.430		
36.440	0.000	0.000	2.500	2.500	36.440	266.910	188.790	156.240	611.940	36.440		
36.450	0.000	0.000	2.500	2.500	36.450	273.420	190.960	151.900	616.280	36.450		
36.460	0.000	0.000	2.500	2.500	36.460	284.270	193.130	141.050	618.450	36.460		
36.470	0.000	0.000	0.000	0.000	36.470	299.460	197.470	136.710	633.640	36.470		
36.480	0.000	0.000	0.000	0.000	36.480	312.480	201.810	132.370	646.660	36.480		
36.490	0.000	0.000	0.000	0.000	36.490	329.840	206.150	123.690	659.680	36.490		
36.500	0.000	0.000	0.000	0.000	36.500	347.200	208.320	117.180	672.700	36.500		
36.510	0.000	0.000	0.000	0.000	36.510	366.730	210.490	106.330	683.550	36.510		
36.520	0.000	0.000	0.000	0.000	36.520	386.260	214.830	99.820	700.910	36.520		
36.530	0.000	0.000	0.000	0.000	36.530	407.960	217.000	91.140	716.100	36.530		
36.540	0.000	0.000	0.000	0.000	36.540	431.830	219.170	84.630	735.630	36.540		
36.550	0.000	0.000	0.000	0.000	36.550	455.700	221.340	75.950	752.990	36.550		
36.560	0.000	0.000	0.000	0.000	36.560	483.910	219.170	71.610	774.690	36.560		
36.570	0.000	0.000	0.000	0.000	36.570	512.120	214.830	60.760	787.710	36.570		
36.580	0.000	1.840	0.000	1.840	36.580	542.500	208.320	54.250	805.070	36.580		
36.590	0.000	1.840	0.000	1.840	36.590	578.200	194.700	47.200	820.100	36.590		
36.600	0.000	1.840	0.000	1.840	36.600	613.600	177.000	35.400	826.000	36.600		
36.610	18.400	1.840	0.000	20.240	36.610	649.000	156.350	32.450	837.800	36.610		
36.620	58.880	9.200	0.000	68.080	36.620	678.500	132.750	23.600	834.850	36.620		
36.630	121.440	9.200	0.000	130.640	36.630	705.050	109.150	17.700	831.900	36.630		
36.640	184.000	11.040	0.000	195.040	36.640	722.750	82.600	11.800	817.150	36.640		
36.650	248.400	16.560	1.840	266.800	36.650	734.550	61.950	11.800	808.300	36.650		
36.660	318.320	22.080	3.680	344.080	36.660	737.500	41.300	5.900	784.700	36.660		
36.670	386.400	31.280	11.040	428.720	36.670	725.700	26.550	2.950	755.200	36.670		
36.680	436.080	46.000	18.400	500.480	36.680	708.000	14.750	0.000	722.750	36.680		
36.690	456.320	64.400	22.080	542.800	36.690	681.450	2.950	0.000	684.400	36.690		
36.700	460.000	88.320	29.440	577.760	36.700	649.000	0.000	0.000	649.000	36.700		
36.710	450.760	108.560	42.480	601.800	36.710	607.700	0.000	0.000	607.700	36.710		
36.720	450.760	127.440	51.920	630.120	36.720	557.550	0.000	0.000	557.550	36.720		
36.730	460.200	141.600	61.360	663.160	36.730	495.600	0.000	0.000	495.600	36.730		
36.740	481.440	155.760	70.800	708.000	36.740	415.000	0.000	0.000	415.000	36.740		
36.750	502.680	169.920	80.240	752.840	36.750	328.680	0.000	0.000	328.680	36.750		
36.760	523.920	179.360	87.320	790.600	36.760	247.340	0.000	0.000	247.340	36.760		
36.770	545.160	188.800	89.680	823.640	36.770	169.320	0.000	0.000	169.320	36.770		
36.780	564.040	198.240	92.040	854.320	36.780	106.240	0.000	0.000	106.240	36.780		
36.790	578.200	202.960	89.680	870.840	36.790	61.420	0.000	0.000	61.420	36.790		
36.800	590.000	205.320	89.680	885.000	36.800	29.880	0.000	1.660	31.540	36.800		
36.810	590.000	205.320	89.680	885.000	36.810	11.620	0.000	6.640	18.260	36.810		
36.820	582.920	202.960	89.680	875.560	36.820	9.960	0.000	6.640	16.600	36.820		
36.830	573.480	200.600	89.680	863.760	36.830	6.640	0.000	6.640	13.280	36.830		
36.840	561.680	198.240	87.320	847.240	36.840	6.640	0.000	4.980	11.620	36.840		
36.850	549.880	195.880	89.680	835.440	36.850	4.980	0.000	4.980	9.960	36.850		
36.860	532.500	193.830	89.460	815.790	36.860	4.980	0.000	4.980	9.960	36.860		
36.870	515.460	191.700	89.460	796.620	36.870	1.660	0.000	4.980	6.640	36.870		
36.880	500.550	189.570	91.590	781.710	36.880	0.000	0.000	4.980	4.980	36.880		
36.890	483.510	187.440	91.590	762.540	36.890	0.000	0.000	2.500	2.500	36.890		
36.900	470.730	183.180	91.590	745.500	36.900	0.000	0.000	2.500	2.500	36.900		
36.910	455.820	187.440	93.720	736.980	36.910	0.000	0.000	2.500	2.500	36.910		
36.920	447.300	183.180	95.850	726.330	36.920	0.000	0.000	2.500	2.500	36.920		
36.930	432.390	187.440	97.980	717.810	36.930	0.000	0.000	2.500	2.500	36.930		
36.940	417.480	191.700	106.500	715.680	36.940	0.000	0.000	5.000	5.000	36.940		
36.950	404.700	191.700	108.630	705.030	36.950	0.000	0.000	2.500	2.500	36.950		
36.960	394.050	195.960	110.760	700.770	36.960	0.000	0.000	2.500	2.500	36.960		
36.970	381.270	202.350	119.280	702.900	36.970	0.000	0.000	5.000	5.000	36.970		
36.980	366.360	206.610	125.670	698.640	36.980	0.000	0.000	2.500	2.500	36.980		
36.990	355.710	213.000	132.060	700.770	36.990	0.000	0.000	2.500	2.500	36.990		
37.000	347.190	219.390	138.450	705.030	37.000	0.000	0.000	2.500	2.500	37.000		
37.010	333.720	226.800	147.420	707.940	37.010	0.000	0.000	2.500	2.500	37.010		
37.020	327.240	234.900	153.900	716.040	37.020	0.000	0.000	2.500	2.500	37.020		
37.030	315.900	241.380	162.000	719.280	37.030	0.000	0.000	2.500	2.500	37.030		
37.040	306.180	251.100	174.960	732.240	37.040	0.000	0.000	2.500	2.500	37.040		
37.050	296.460	259.200	184.680	740.340	37.050	0.000	0.000	2.500	2.500	37.050		
37.060	281.880	268.920	196.020	746.820	37.060	0.000	0.000	2.500	2.500	37.060		
37.070	268.920	278.640	213.840	761.400	37.070	0.000	0.000	0.000	0.000	37.070		
37.080	255.960	289.980	228.420	774.360	37.080	0.000	0.000	0.000	0.000	37.080		
37.090	239.760	296.460	249.480	785.700	37.090	0.000	0.000	0.000	0.000	37.090		
37.100	223.560	304.560	268.920	797.040	37.100	0.000	0.000	0.000	0.000	37.100		
37.110	208.980	311.040	289.980	810.000	37.110	0.000	0.000	0.000	0.000	37.110		
37.120	191.160	319.140	311.040	821.340	37.120	0.000	0.000	0.000	0.000	37.120		
37.130	174.960	327.240	341.820	844.020	37.130	0.000	0.000	0.000	0.000	37.130		
37.140	153.900	333.720	374.220	861.840	37.140	2.500	0.000	0.000	2.500	37.140		
37.150	134.460	336.960	405.000	876.420	37.150	2.500	0.000	0.000	2.500	37.150		
37.160	110.840	332.520	440.100	883.460	37.160	2.500	0.000	0.000	2.500	37.160		
37.170	91.280	326.000	475.960	893.240	37.170	5.000	0.000	0.000	5.000	37.170		
37.180	74.980	312.960	518.340	906.280	37.180	2.500	0.000	0.000	2.500	37.180		
37.190	55.420	293.400	557.460	906.280	37.190	1.650	0.000	0.000	1.650	37.190		
37.200	42.380	267.320	603.100	912.800	37.200	0.000	0.000	0.000	0.000	37.200		
37.210	35.860	244.500	648.740	929.100	37.210	0.000	0.000	0.000	0.000	37.210		
37.220	29.340	215.160	694.380	938.880	37.220	0.000	0.000	26.400	26.400	37.220		
37.230	26.080	189.080	736.760	951.920	37.230	0.000	4.950	79.200	84.150	37.230		
37.240	19.560	159.740	769.360	948.660	37.240	0.000	11.550	138.600	150.150	37.240		
37.250	13.040	133.660	795.440	942.140	37.250	0.000	11.550	186.450	198.000	37.250		
37.260	9.780	110.840	811.740	932.360	37.260	0.000	14.850	229.350	244.200	37.260		
37.270	9.780	91.280	815.000	916.060	37.270	1.650	21.450	297.000	320.100	37.270		
37.280	3.260	78.240	805.220	886.720	37.280	9.900	34.650	369.600	414.150	37.280		
37.290	3.260	65.200	788.920	857.380	37.290	19.800	56.100	404.250	480.150	37.290		
37.300	0.000	52.160	759.580	811.740	37.300	36.300	79.200	412.500	528.000	37.300		
37.310	0.000	42.900	715.000	757.900	37.310	49.500	84.150	384.450	518.100	37.310		
37.320	0.000	31.460	663.520	694.980	37.320	64.350	87.450	351.450	503.250	37.320		
37.330	0.000	17.160	600.600	617.760	37.330	82.500	102.300	341.550	526.350	37.330		
37.340	0.000	8.580	529.100	537.680	37.340	104.720	119.680	359.040	583.440	37.340		
37.350	0.000	0.000	440.440	440.440	37.350	114.070	138.380	379.610	632.060	37.350		
37.360	0.000	0.000	351.780	351.780	37.360	123.420	158.950	402.050	684.420	37.360		
37.370	0.000	0.000	257.400	257.400	37.370	134.640	175.780	424.490	734.910	37.370		
37.380	0.000	0.000	163.020	163.020	37.380	145.860	194.480	441.320	781.660	37.380		
37.390	0.000	0.000	94.380	94.380	37.390	157.080	211.310	456.280	824.670	37.390		
37.400	0.000	0.000	51.480	51.480	37.400	164.560	224.400	467.500	856.460	37.400		
37.410	2.860	0.000	28.600	31.460	37.410	173.910	239.360	467.500	880.770	37.410		
37.420	2.860	0.000	22.880	25.740	37.420	181.390	248.710	463.760	893.860	37.420		
37.430	2.860	0.000	17.160	20.020	37.430	187.000	252.450	448.800	888.250	37.430		
37.440	5.720	0.000	17.160	22.880	37.440	194.480	256.190	433.840	884.510	37.440		
37.450	5.720	0.000	17.160	22.880	37.450	201.960	259.930	417.010	878.900	37.450		
37.460	7.500	0.000	15.000	22.500	37.460	209.440	261.800	398.310	869.550	37.460		
37.470	4.980	0.000	12.480	17.460	37.470	216.920	261.800	381.480	860.200	37.470		
37.480	7.500	0.000	12.480	19.980	37.480	220.660	263.670	364.650	848.980	37.480		
37.490	4.980	0.000	12.480	17.460	37.490	229.350	261.320	347.500	838.170	37.490		
37.500	4.980	0.000	9.960	14.940	37.500	232.130	259.930	329.430	821.490	37.500		
37.510	4.980	0.000	7.500	12.480	37.510	239.080	259.930	309.970	808.980	37.510		
37.520	4.980	0.000	9.960	14.940	37.520	241.860	257.150	291.900	790.910	37.520		
37.530	4.980	0.000	9.960	14.940	37.530	247.420	251.590	273.830	772.840	37.530		
37.540	4.980	0.000	7.500	12.480	37.540	254.370	248.810	259.930	763.110	37.540		
37.550	4.980	0.000	4.980	9.960	37.550	257.150	244.640	239.080	740.870	37.550		
37.560	4.980	0.000	4.980	9.960	37.560	261.320	239.080	222.400	722.800	37.560		
37.570	4.980	0.000	7.500	12.480	37.570	266.880	234.910	209.890	711.680	37.570		
37.580	4.980	0.000	4.980	9.960	37.580	272.440	232.130	197.380	701.950	37.580		
37.590	4.980	0.000	4.980	9.960	37.590	276.610	229.350	184.870	690.830	37.590		
37.600	4.980	0.000	4.980	9.960	37.600	284.950	226.570	176.530	688.050	37.600		
37.610	2.500	0.000	2.500	5.000	37.610	286.340	223.790	166.800	676.930	37.610		
37.620	5.000	0.000	2.500	7.500	37.620	291.900	226.570	161.240	679.710	37.620		
37.630	5.000	0.000	2.500	7.500	37.630	298.850	226.570	157.070	682.490	37.630		
37.640	2.500	0.000	2.500	5.000	37.640	306.440	227.480	152.280	686.200	37.640		
37.650	2.500	0.000	2.500	5.000	37.650	312.080	231.240	146.640	689.960	37.650		
37.660	2.500	0.000	2.500	5.000	37.660	321.480	231.240	144.760	697.480	37.660		
37.670	2.500	0.000	2.500	5.000	37.670	329.000	236.880	141.000	706.880	37.670		
37.680	2.500	0.000	0.000	2.500	37.680	336.520	238.760	139.120	714.400	37.680		
37.690	0.000	0.000	2.500	2.500	37.690	345.920	244.400	137.240	727.560	37.690		
37.700	0.000	0.000	0.000	0.000	37.700	353.440	246.280	133.480	733.200	37.700		
37.710	0.000	0.000	0.000	0.000	37.710	364.720	248.160	129.720	742.600	37.710		
37.720	0.000	0.000	0.000	0.000	37.720	376.000	251.920	124.080	752.000	37.720		
37.730	0.000	0.000	0.000	0.000	37.730	387.280	253.800	118.440	759.520	37.730		
37.740	0.000	0.000	0.000	0.000	37.740	398.560	259.440	116.560	774.560	37.740		
37.750	0.000	0.000	0.000	0.000	37.750	413.600	261.320	110.920	785.840	37.750		
37.760	0.000	0.000	0.000	0.000	37.760	432.400	266.960	103.400	802.760	37.760		
37.770	0.000	0.000	0.000	0.000	37.770	449.320	266.960	95.880	812.160	37.770		
37.780	0.000	0.000	0.000	0.000	37.780	470.000	261.320	84.600	815.920	37.780		
37.790	0.000	1.330	0.000	1.330	37.790	491.400	253.890	70.980	816.270	37.790		
37.800	0.000	0.000	0.000	0.000	37.800	513.240	245.700	60.060	819.000	37.800		
37.810	0.000	1.330	0.000	1.330	37.810	537.810	232.050	54.600	824.460	37.810		
37.820	0.000	0.000	0.000	0.000	37.820	565.110	215.670	43.680	824.460	37.820		
37.830	17.290	1.330	0.000	18.620	37.830	592.410	196.560	35.490	824.460	37.830		
37.840	63.840	6.650	0.000	70.490	37.840	622.440	174.720	27.300	824.460	37.840		
37.850	119.700	9.310	0.000	129.010	37.850	647.010	147.420	24.570	819.000	37.850		
37.860	156.940	11.970	0.000	168.910	37.860	663.390	117.390	16.380	797.160	37.860		
37.870	191.520	14.630	0.000	206.150	37.870	677.040	92.820	10.920	780.780	37.870		
37.880	227.430	17.290	1.330	246.050	37.880	682.500	73.710	8.190	764.400	37.880		
37.890	271.320	21.280	6.650	299.250	37.890	679.770	57.330	2.730	739.830	37.890		
37.900	332.500	37.240	11.970	381.710	37.900	668.850	46.410	0.000	715.260	37.900		
37.910	384.120	56.260	17.460	457.840	37.910	652.470	35.490	0.000	687.960	37.910		
37.920	428.740	97.000	31.040	556.780	37.920	627.900	27.300	0.000	655.200	37.920		
37.930	448.140	131.920	44.620	624.680	37.930	592.410	21.840	0.000	614.250	37.930		
37.940	448.140	149.380	62.080	659.600	37.940	542.500	8.680	0.000	551.180	37.940		
37.950	446.200	164.900	79.540	690.640	37.950	486.080	2.170	0.000	488.250	37.950		
37.960	446.200	184.300	97.000	727.500	37.960	420.980	0.000	0.000	420.980	37.960		
37.970	448.140	203.700	110.580	762.420	37.970	349.370	0.000	0.000	349.370	37.970		
37.980	453.960	223.100	126.100	803.160	37.980	273.420	0.000	0.000	273.420	37.980		
37.990	461.720	244.440	139.680	845.840	37.990	199.640	0.000	0.000	199.640	37.990		
38.000	469.480	261.900	151.320	882.700	38.000	125.860	0.000	0.000	125.860	38.000		
38.010	479.180	281.300	164.900	925.380	38.010	73.780	0.000	0.000	73.780	38.010		
38.020	481.120	294.880	174.600	950.600	38.020	36.890	0.000	0.000	36.890	38.020		
38.030	485.000	306.520	182.360	973.880	38.030	13.020	0.000	2.170	15.190	38.030		
38.040	481.120	314.280	188.180	983.580	38.040	8.680	0.000	4.340	13.020	38.040		
38.050	477.240	318.160	194.000	989.400	38.050	6.510	0.000	8.680	15.190	38.050		
38.060	465.000	321.780	197.160	983.940	38.060	4.340	0.000	8.680	13.020	38.060		
38.070	451.980	319.920	199.020	970.920	38.070	2.170	0.000	6.510	8.680	38.070		
38.080	438.960	316.200	200.880	956.040	38.080	2.170	0.000	4.340	6.510	38.080		
38.090	424.080	314.340	204.600	943.020	38.090	0.000	0.000	5.000	5.000	38.090		
38.100	409.200	312.480	206.460	928.140	38.100	0.000	0.000	2.500	2.500	38.100		
38.110	392.460	306.900	206.460	905.820	38.110	0.000	0.000	2.500	2.500	38.110		
38.120	372.000	299.460	206.460	877.920	38.120	0.000	0.000	5.000	5.000	38.120		
38.130	351.540	292.020	208.320	851.880	38.130	0.000	0.000	5.000	5.000	38.130		
38.140	334.800	280.860	206.460	822.120	38.140	0.000	0.000	5.000	5.000	38.140		
38.150	319.920	277.140	206.460	803.520	38.150	0.000	0.000	5.000	5.000	38.150		
38.160	306.900	271.560	204.600	783.060	38.160	0.000	0.000	5.000	5.000	38.160		
38.170	295.740	265.980	204.600	766.320	38.170	0.000	0.000	5.000	5.000	38.170		
38.180	284.580	264.120	204.600	753.300	38.180	0.000	0.000	5.000	5.000	38.180		
38.190	277.140	262.260	204.600	744.000	38.190	0.000	0.000	5.000	5.000	38.190		
38.200	269.700	262.260	204.600	736.560	38.200	0.000	0.000	5.000	5.000	38.200		
38.210	264.600	264.600	207.200	736.400	38.210	0.000	0.000	5.000	5.000	38.210		
38.220	259.000	261.800	207.200	728.000	38.220	0.000	0.000	2.500	2.500	38.220		
38.230	256.200	264.600	210.000	730.800	38.230	0.000	0.000	5.000	5.000	38.230		
38.240	256.200	267.400	210.000	733.600	38.240	0.000	0.000	2.500	2.500	38.240		
38.250	256.200	274.400	217.000	747.600	38.250	0.000	0.000	2.500	2.500	38.250		
38.260	254.800	277.200	221.200	753.200	38.260	0.000	0.000	2.500	2.500	38.260		
38.270	254.800	287.000	226.800	768.600	38.270	0.000	0.000	2.500	2.500	38.270		
38.280	252.000	289.800	232.400	774.200	38.280	0.000	0.000	2.500	2.500	38.280		
38.290	252.000	299.600	242.200	793.800	38.290	0.000	2.500	2.500	5.000	38.290		
38.300	252.000	306.600	246.400	805.000	38.300	0.000	0.000	0.000	0.000	38.300		
38.310	252.000	315.000	252.000	819.000	38.310	2.500	0.000	0.000	2.500	38.310		
38.320	254.800	322.000	259.000	835.800	38.320	2.500	0.000	0.000	2.500	38.320		
38.330	254.800	331.800	268.800	855.400	38.330	2.500	2.500	0.000	5.000	38.330		
38.340	256.200	338.800	277.200	872.200	38.340	5.000	0.000	0.000	5.000	38.340		
38.350	254.800	350.000	287.000	891.800	38.350	5.000	2.500	0.000	7.500	38.350		
38.360	248.970	357.050	293.360	899.380	38.360	5.000	2.500	0.000	7.500	38.360		
38.370	243.180	364.770	301.080	909.030	38.370	2.500	2.500	0.000	5.000	38.370		
38.380	233.530	366.700	308.800	909.030	38.380	2.500	2.500	0.000	5.000	38.380		
38.390	221.950	368.630	318.450	909.030	38.390	0.000	1.490	0.000	1.490	38.390		
38.400	206.510	372.490	328.100	907.100	38.400	0.000	1.490	0.000	1.490	38.400		
38.410	191.070	372.490	335.820	899.380	38.410	0.000	0.000	0.000	0.000	38.410		
38.420	171.770	372.490	351.260	895.520	38.420	0.000	0.000	0.000	0.000	38.420		
38.430	152.470	368.630	364.770	885.870	38.430	0.000	0.000	0.000	0.000	38.430		
38.440	131.240	358.980	376.350	866.570	38.440	0.000	1.490	14.900	16.390	38.440		
38.450	111.940	351.260	389.860	853.060	38.450	0.000	7.450	49.170	56.620	38.450		
38.460	94.570	335.820	409.160	839.550	38.460	0.000	14.900	93.870	108.770	38.460		
38.470	73.340	316.520	426.530	816.390	38.470	0.000	19.370	144.530	163.900	38.470		
38.480	59.830	291.430	443.900	795.160	38.480	0.000	19.370	174.330	193.700	38.480		
38.490	46.320	264.410	463.200	773.930	38.490	0.000	19.370	204.130	223.500	38.490		
38.500	34.740	231.600	482.500	748.840	38.500	1.490	29.800	256.280	287.570	38.500		
38.510	26.390	198.940	499.380	724.710	38.510	11.920	46.190	317.370	375.480	38.510		
38.520	18.270	174.580	507.500	700.350	38.520	31.290	81.950	359.090	472.330	38.520		
38.530	14.210	148.190	507.500	669.900	38.530	49.170	96.850	372.500	518.520	38.530		
38.540	6.090	129.920	503.440	639.450	38.540	66.400	104.580	338.640	509.620	38.540		
38.550	4.060	111.650	491.260	606.970	38.550	86.320	114.540	303.780	504.640	38.550		
38.560	2.030	93.380	470.960	566.370	38.560	106.240	124.500	282.200	512.940	38.560		
38.570	0.000	81.200	446.600	527.800	38.570	126.160	134.460	272.240	532.860	38.570		
38.580	0.000	69.020	416.150	485.170	38.580	144.420	146.080	272.240	562.740	38.580		
38.590	0.000	58.870	375.550	434.420	38.590	156.040	159.360	283.860	599.260	38.590		
38.600	0.000	46.690	326.830	373.520	38.600	166.000	170.980	302.120	639.100	38.600		
38.610	0.000	34.510	278.110	312.620	38.610	179.280	185.920	322.040	687.240	38.610		
38.620	0.000	24.360	223.300	247.660	38.620	185.920	204.180	343.620	733.720	38.620		
38.630	0.000	14.210	166.460	180.670	38.630	195.880	219.120	368.520	783.520	38.630		
38.640	0.000	6.090	119.770	125.860	38.640	204.180	234.060	386.780	825.020	38.640		
38.650	0.000	2.030	79.170	81.200	38.650	214.140	249.000	403.380	866.520	38.650		
38.660	0.000	0.000	52.500	52.500	38.660	222.440	262.280	411.680	896.400	38.660		
38.670	2.310	0.000	34.860	37.170	38.670	229.080	268.920	415.000	913.000	38.670		
38.680	4.830	0.000	24.990	29.820	38.680	234.060	273.900	411.680	919.640	38.680		
38.690	7.350	0.000	19.950	27.300	38.690	239.440	278.800	410.000	928.240	38.690		
38.700	7.350	0.000	17.430	24.780	38.700	241.080	282.080	406.720	929.880	38.700		
38.710	9.870	0.000	12.390	22.260	38.710	244.360	282.080	403.440	929.880	38.710		
38.720	9.870	0.000	12.390	22.260	38.720	244.360	282.080	396.880	923.320	38.720		
38.730	9.870	0.000	12.390	22.260	38.730	246.000	282.080	388.680	916.760	38.730		
38.740	9.870	0.000	12.390	22.260	38.740	244.360	277.160	382.120	903.640	38.740		
38.750	9.870	0.000	12.390	22.260	38.750	244.360	273.880	372.280	890.520	38.750		
38.760	7.350	0.000	9.870	17.220	38.760	244.360	272.240	359.160	875.760	38.760		
38.770	7.350	0.000	7.350	14.700	38.770	244.360	264.040	344.400	852.800	38.770		
38.780	7.350	0.000	7.350	14.700	38.780	244.360	259.120	331.280	834.760	38.780		
38.790	7.350	0.000	7.350	14.700	38.790	244.360	254.200	316.520	815.080	38.790		
38.800	7.350	0.000	9.870	17.220	38.800	244.360	250.920	303.400	798.680	38.800		
38.810	7.500	0.000	7.500	15.000	38.810	244.360	246.000	291.920	782.280	38.810		
38.820	7.500	0.000	7.500	15.000	38.820	246.000	244.360	283.720	774.080	38.820		
38.830	7.500	0.000	7.500	15.000	38.830	246.000	241.080	273.880	760.960	38.830		
38.840	7.500	0.000	4.980	12.480	38.840	248.900	242.350	272.480	763.730	38.840		
38.850	7.500	0.000	2.490	9.990	38.850	251.520	244.970	269.860	766.350	38.850		
38.860	7.500	0.000	4.980	12.480	38.860	254.140	246.280	269.860	770.280	38.860		
38.870	7.500	0.000	4.980	12.480	38.870	259.380	248.900	272.480	780.760	38.870		
38.880	7.500	0.000	4.980	12.480	38.880	262.000	254.140	272.480	788.620	38.880		
38.890	7.500	0.000	4.980	12.480	38.890	264.620	256.760	276.410	797.790	38.890		
38.900	7.500	0.000	4.980	12.480	38.900	264.620	259.380	279.030	803.030	38.900		
38.910	7.500	0.000	4.980	12.480	38.910	267.240	262.000	284.270	813.510	38.910		
38.920	7.500	2.490	7.500	17.490	38.920	269.860	267.240	289.510	826.610	38.920		
38.930	7.500	2.490	7.500	17.490	38.930	267.240	267.240	297.370	831.850	38.930		
38.940	7.500	2.490	7.500	17.490	38.940	267.240	269.860	301.300	838.400	38.940		
38.950	4.980	2.490	7.500	14.970	38.950	262.000	269.860	309.160	841.020	38.950		
38.960	4.800	1.920	6.720	13.440	38.960	259.380	272.480	314.400	846.260	38.960		
38.970	1.920	0.000	6.720	8.640	38.970	256.760	272.480	322.260	851.500	38.970		
38.980	1.920	1.920	6.720	10.560	38.980	254.140	269.860	327.500	851.500	38.980		
38.990	1.920	1.920	4.800	8.640	38.990	246.840	266.640	330.000	843.480	38.990		
39.000	4.800	1.920	6.720	13.440	39.000	238.920	261.360	330.000	830.280	39.000		
39.010	4.800	1.920	4.800	11.520	39.010	232.320	254.760	330.000	817.080	39.010		
39.020	4.800	1.920	4.800	11.520	39.020	227.040	249.480	327.360	803.880	39.020		
39.030	9.600	1.920	4.800	16.320	39.030	224.400	246.840	324.720	795.960	39.030		
39.040	19.200	6.720	4.800	30.720	39.040	224.400	244.200	314.160	782.760	39.040		
39.050	29.760	9.600	0.000	39.360	39.050	224.400	241.560	302.280	768.240	39.050		
39.060	56.640	19.200	4.800	80.640	39.060	227.040	236.280	283.800	747.120	39.060		
39.070	106.560	34.560	19.200	160.320	39.070	232.320	229.680	261.360	723.360	39.070		
39.080	164.160	49.920	29.760	243.840	39.080	236.280	221.760	234.960	693.000	39.080		
39.090	209.280	67.200	39.360	315.840	39.090	246.840	207.240	196.680	650.760	39.090		
39.100	240.000	81.600	49.920	371.520	39.100	258.720	188.760	157.080	604.560	39.100		
39.110	254.880	88.560	54.000	397.440	39.110	271.920	165.000	117.480	554.400	39.110		
39.120	265.680	97.200	60.480	423.360	39.120	282.480	137.280	81.840	501.600	39.120		
39.130	278.640	103.680	66.960	449.280	39.130	291.720	106.920	56.760	455.400	39.130		
39.140	295.920	114.480	71.280	481.680	39.140	295.000	81.420	42.480	418.900	39.140		
39.150	315.360	123.120	73.440	511.920	39.150	286.740	61.360	34.220	382.320	39.150		
39.160	339.120	136.080	79.920	555.120	39.160	269.040	49.560	29.500	348.100	39.160		
39.170	360.720	149.040	82.080	591.840	39.170	246.620	38.940	22.420	307.980	39.170		
39.180	388.800	162.000	88.560	639.360	39.180	221.840	34.220	16.520	272.580	39.180		
39.190	416.880	174.960	90.720	682.560	39.190	194.700	29.500	11.800	236.000	39.190		
39.200	438.480	185.760	92.880	717.120	39.200	166.380	22.420	9.440	198.240	39.200		
39.210	462.240	196.560	97.200	756.000	39.210	139.240	14.160	7.080	160.480	39.210		
39.220	483.840	203.040	97.200	784.080	39.220	109.740	9.440	4.720	123.900	39.220		
39.230	503.280	213.840	99.360	816.480	39.230	81.420	7.080	4.720	93.220	39.230		
39.240	524.880	218.160	97.200	840.240	39.240	61.360	4.720	7.080	73.160	39.240		
39.250	540.000	226.800	99.360	866.160	39.250	42.480	4.720	7.080	54.280	39.250		
39.260	546.350	231.920	98.120	876.390	39.260	22.420	2.360	9.440	34.220	39.260		
39.270	550.810	234.150	98.120	883.080	39.270	7.080	2.360	9.440	18.880	39.270		
39.280	553.040	234.150	98.120	885.310	39.280	4.720	2.360	9.440	16.520	39.280		
39.290	557.500	236.380	98.120	892.000	39.290	2.500	2.500	10.000	15.000	39.290		
39.300	553.040	234.150	98.120	885.310	39.300	2.500	2.500	10.000	15.000	39.300		
39.310	553.040	231.920	98.120	883.080	39.310	0.000	0.000	7.500	7.500	39.310		
39.320	550.810	231.920	95.890	878.620	39.320	0.000	2.500	10.000	12.500	39.320		
39.330	546.350	227.460	93.660	867.470	39.330	0.000	2.500	10.000	12.500	39.330		
39.340	541.890	220.770	93.660	856.320	39.340	0.000	0.000	10.000	10.000	39.340		
39.350	532.970	218.540	89.200	840.710	39.350	0.000	0.000	10.000	10.000	39.350		
39.360	528.510	216.310	89.200	834.020	39.360	0.000	0.000	10.000	10.000	39.360		
39.370	519.590	214.080	86.970	820.640	39.370	0.000	0.000	12.500	12.500	39.370		
39.380	508.440	214.080	86.970	809.490	39.380	0.000	0.000	12.500	12.500	39.380		
39.390	492.830	216.310	89.200	798.340	39.390	0.000	0.000	12.500	12.500	39.390		
39.400	483.910	216.310	91.430	791.650	39.400	0.000	0.000	12.500	12.500	39.400		
39.410	475.000	218.500	95.000	788.500	39.410	0.000	2.500	12.500	15.000	39.410		
39.420	467.400	224.200	96.900	788.500	39.420	0.000	2.500	12.500	15.000	39.420		
39.430	459.800	226.100	100.700	786.600	39.430	0.000	2.500	10.000	12.500	39.430		
39.440	456.000	231.800	106.400	794.200	39.440	0.000	2.200	9.900	12.100	39.440		
39.450	454.100	237.500	112.100	803.700	39.450	0.000	4.950	9.900	14.850	39.450		
39.460	454.100	241.300	114.000	809.400	39.460	0.000	4.950	9.900	14.850	39.460		
39.470	452.200	247.000	119.700	818.900	39.470	0.000	7.150	7.150	14.300	39.470		
39.480	452.200	250.800	127.300	830.300	39.480	0.000	7.150	7.150	14.300	39.480		
39.490	454.100	256.500	127.300	837.900	39.490	0.000	7.150	7.150	14.300	39.490		
39.500	456.000	258.400	131.100	845.500	39.500	0.000	9.900	7.150	17.050	39.500		
39.510	459.800	262.200	131.100	853.100	39.510	0.000	12.100	17.050	29.150	39.510		
39.520	459.800	262.200	131.100	853.100	39.520	0.000	22.000	59.950	81.950	39.520		
39.530	456.000	258.400	131.100	845.500	39.530	4.950	37.400	77.000	119.350	39.530		
39.540	448.400	256.500	131.100	836.000	39.540	7.150	44.550	74.800	126.500	39.540		
39.550	438.900	250.800	129.200	818.900	39.550	9.900	52.250	89.650	151.800	39.550		
39.560	427.500	244.530	129.960	801.990	39.560	24.750	64.900	122.100	211.750	39.560		
39.570	408.690	235.980	124.830	769.500	39.570	37.400	72.050	137.500	246.950	39.570		
39.580	391.590	229.140	124.830	745.560	39.580	47.300	77.000	137.500	261.800	39.580		
39.590	374.490	218.880	119.700	713.070	39.590	57.240	82.080	132.300	271.620	39.590		
39.600	353.970	208.620	116.280	678.870	39.600	64.800	84.780	124.740	274.320	39.600		
39.610	336.870	198.360	116.280	651.510	39.610	72.360	89.640	119.880	281.880	39.610		
39.620	319.770	189.810	111.150	620.730	39.620	77.220	94.500	114.480	286.200	39.620		
39.630	300.960	181.260	109.440	591.660	39.630	84.780	97.200	112.320	294.300	39.630		
39.640	287.280	174.420	106.020	567.720	39.640	89.640	102.060	109.620	301.320	39.640		
39.650	273.600	169.290	106.020	548.910	39.650	92.340	107.460	109.620	309.420	39.650		
39.660	263.340	164.160	104.310	531.810	39.660	97.200	112.320	109.620	319.140	39.660		
39.670	256.500	159.030	99.180	514.710	39.670	102.060	114.480	109.620	326.160	39.670		
39.680	254.790	153.900	97.470	506.160	39.680	104.760	117.180	114.480	336.420	39.680		
39.690	249.660	152.190	94.050	495.900	39.690	107.460	122.040	119.880	349.380	39.690		
39.700	249.660	148.770	88.920	487.350	39.700	109.620	124.740	122.040	356.400	39.700		
39.710	254.240	146.720	87.360	488.320	39.710	112.320	127.440	127.440	367.200	39.710		
39.720	259.840	144.480	84.000	488.320	39.720	112.320	127.440	129.600	369.360	39.720		
39.730	262.080	144.480	79.520	486.080	39.730	114.480	129.600	135.000	379.080	39.730		
39.740	266.560	142.240	77.280	486.080	39.740	114.840	129.920	139.780	384.540	39.740		
39.750	272.160	142.240	77.280	491.680	39.750	117.160	129.920	142.100	389.180	39.750		
39.760	276.640	142.240	71.680	490.560	39.760	117.160	129.920	145.000	392.080	39.760		
39.770	280.000	142.240	71.680	493.920	39.770	119.480	132.240	145.000	396.720	39.770		
39.780	280.000	142.240	71.680	493.920	39.780	122.380	134.560	142.100	399.040	39.780		
39.790	280.000	142.240	71.680	493.920	39.790	122.380	134.560	139.780	396.720	39.790		
39.800	280.000	142.240	69.440	491.680	39.800	124.700	134.560	137.460	396.720	39.800		
39.810	280.000	142.240	67.200	489.440	39.810	129.920	134.560	134.560	399.040	39.810		
39.820	280.000	144.480	69.440	493.920	39.820	129.920	137.460	132.240	399.620	39.820		
39.830	280.000	144.480	67.200	491.680	39.830	132.240	137.460	127.020	396.720	39.830		
39.840	276.640	146.720	69.440	492.800	39.840	132.240	137.460	124.700	394.400	39.840		
39.850	276.640	146.720	67.200	490.560	39.850	134.560	137.460	119.480	391.500	39.850		
39.860	277.380	149.040	66.240	492.660	39.860	134.560	137.460	117.160	389.180	39.860		
39.870	277.380	151.800	64.860	494.040	39.870	134.560	137.460	111.940	383.960	39.870		
39.880	277.380	154.560	64.860	496.800	39.880	134.560	137.460	111.940	383.960	39.880		
39.890	278.760	157.320	64.860	500.940	39.890	135.000	135.000	107.460	377.460	39.890		
39.900	281.520	158.700	64.860	505.080	39.900	135.000	132.300	104.760	372.060	39.900		
39.910	287.040	158.700	59.340	505.080	39.910	135.000	129.600	102.060	366.660	39.910		
39.920	291.180	158.700	59.340	509.220	39.920	135.000	132.300	99.900	367.200	39.920		
39.930	299.460	161.460	56.580	517.500	39.930	135.000	129.600	97.200	361.800	39.930		
39.940	304.980	161.460	52.440	518.880	39.940	135.000	129.600	94.500	359.100	39.940		
39.950	309.120	164.220	49.680	523.020	39.950	135.000	127.440	92.340	354.780	39.950		
39.960	317.400	166.980	46.920	531.300	39.960	132.300	127.440	87.480	347.220	39.960		
39.970	324.300	166.980	46.920	538.200	39.970	132.300	122.040	84.780	339.120	39.970		
39.980	331.200	169.740	44.160	545.100	39.980	129.600	122.040	79.920	331.560	39.980		
39.990	336.720	172.500	38.640	547.860	39.990	129.600	117.180	72.360	319.140	39.990		
40.000	345.000	173.880	38.640	557.520	40.000	129.600	114.480	67.500	311.580	40.000		
40.010	351.480	173.720	36.360	561.560	40.010	127.440	112.320	59.940	299.700	40.010		
40.020	359.560	175.740	36.360	571.660	40.020	127.440	107.460	49.680	284.580	40.020		
40.030	365.620	181.800	38.380	585.800	40.030	127.440	102.060	39.960	269.460	40.030		
40.040	371.680	181.800	38.380	591.860	40.040	125.000	97.500	35.000	257.500	40.040		
40.050	381.780	185.840	36.360	603.980	40.050	122.500	90.000	27.500	240.000	40.050		
40.060	389.860	189.880	38.380	618.120	40.060	122.500	85.000	20.000	227.500	40.060		
40.070	399.960	191.900	36.360	628.220	40.070	120.000	77.500	15.000	212.500	40.070		
40.080	408.040	195.940	38.380	642.360	40.080	115.000	70.000	12.500	197.500	40.080		
40.090	424.200	199.980	36.360	660.540	40.090	110.000	62.500	10.000	182.500	40.090		
40.100	438.340	202.000	36.360	676.700	40.100	102.500	57.500	5.000	165.000	40.100		
40.110	454.500	204.020	36.360	694.880	40.110	97.500	50.000	5.000	152.500	40.110		
40.120	468.640	206.040	36.360	711.040	40.120	87.500	45.000	2.500	135.000	40.120		
40.130	480.760	206.040	34.340	721.140	40.130	80.000	37.500	2.500	120.000	40.130		
40.140	494.900	208.060	36.360	739.320	40.140	70.000	35.000	2.500	107.500	40.140		
40.150	505.000	208.060	34.340	747.400	40.150	62.500	27.500	0.000	90.000	40.150		
40.160	519.680	211.120	32.480	763.280	40.160	52.500	25.000	0.000	77.500	40.160		
40.170	531.280	213.440	32.480	777.200	40.170	42.500	22.500	2.500	67.500	40.170		
40.180	540.560	215.760	34.800	791.120	40.180	32.500	17.500	2.500	52.500	40.180		
40.190	552.160	218.080	34.800	805.040	40.190	22.500	14.940	4.950	42.390	40.190		
40.200	556.800	218.080	32.480	807.360	40.200	14.940	12.420	4.950	32.310	40.200		
40.210	563.760	220.400	34.800	818.960	40.210	7.470	9.990	4.950	22.410	40.210		
40.220	566.080	220.400	34.800	821.280	40.220	4.950	7.470	4.950	17.370	40.220		
40.230	570.720	220.400	34.800	825.920	40.230	2.430	7.470	4.950	14.850	40.230		
40.240	573.040	220.400	34.800	828.240	40.240	2.430	7.470	4.950	14.850	40.240		
40.250	575.360	220.400	32.480	828.240	40.250	2.430	7.470	4.950	14.850	40.250		
40.260	580.000	218.080	34.800	832.880	40.260	0.000	7.470	7.470	14.940	40.260		
40.270	580.000	218.080	34.800	832.880	40.270	0.000	7.470	7.470	14.940	40.270		
40.280	580.000	215.760	32.480	828.240	40.280	0.000	7.470	7.470	14.940	40.280		
40.290	580.000	215.760	32.480	828.240	40.290	0.000	7.470	7.470	14.940	40.290		
40.300	575.360	215.760	34.800	825.920	40.300	0.000	9.990	7.470	17.460	40.300		
40.310	575.000	213.900	32.200	821.100	40.310	0.000	9.990	9.990	19.980	40.310		
40.320	570.400	211.600	29.900	811.900	40.320	0.000	9.990	9.990	19.980	40.320		
40.330	568.100	211.600	32.200	811.900	40.330	0.000	9.990	9.990	19.980	40.330		
40.340	565.800	211.600	32.200	809.600	40.340	0.000	9.690	11.970	21.660	40.340		
40.350	565.800	209.300	29.900	805.000	40.350	0.000	9.690	11.970	21.660	40.350		
40.360	565.800	207.000	29.900	802.700	40.360	0.000	9.690	11.970	21.660	40.360		
40.370	563.500	204.700	32.200	800.400	40.370	0.000	11.970	14.820	26.790	40.370		
40.380	563.500	204.700	29.900	798.100	40.380	0.000	11.970	14.820	26.790	40.380		
40.390	563.500	202.400	29.900	795.800	40.390	0.000	11.970	14.820	26.790	40.390		
40.400	561.200	202.400	25.300	788.900	40.400	0.000	11.970	14.820	26.790	40.400		
40.410	556.600	197.800	25.300	779.700	40.410	0.000	14.820	14.820	29.640	40.410		
40.420	554.300	197.800	25.300	777.400	40.420	0.000	11.970	14.820	26.790	40.420		
40.430	549.700	197.800	29.900	777.400	40.430	0.000	14.820	17.100	31.920	40.430		
40.440	542.800	197.800	29.900	770.500	40.440	0.000	19.950	52.440	72.390	40.440		
40.450	535.900	195.500	25.300	756.700	40.450	0.000	27.360	79.800	107.160	40.450		
40.460	525.000	197.400	23.100	745.500	40.460	0.000	32.490	87.210	119.700	40.460		
40.470	512.400	191.100	27.300	730.800	40.470	0.000	39.900	107.160	147.060	40.470		
40.480	499.800	189.000	27.300	716.100	40.480	0.000	47.310	142.500	189.810	40.480		
40.490	480.900	184.800	23.100	688.800	40.490	0.000	57.380	196.300	253.680	40.490		
40.500	464.100	176.400	23.100	663.600	40.500	0.000	66.440	229.520	295.960	40.500		
40.510	438.900	168.000	21.000	627.900	40.510	6.040	73.990	246.130	326.160	40.510		
40.520	413.700	161.700	21.000	596.400	40.520	13.590	81.540	249.150	344.280	40.520		
40.530	388.500	151.200	18.900	558.600	40.530	27.180	89.090	246.130	362.400	40.530		
40.540	361.200	144.900	16.800	522.900	40.540	36.240	92.110	246.130	374.480	40.540		
40.550	333.900	132.300	16.800	483.000	40.550	46.810	99.660	249.150	395.620	40.550		
40.560	310.800	123.900	14.700	449.400	40.560	57.380	101.170	256.700	415.250	40.560		
40.570	289.800	115.500	10.500	415.800	40.570	64.930	108.720	267.270	440.920	40.570		
40.580	268.800	107.100	8.400	384.300	40.580	72.480	114.760	282.370	469.610	40.580		
40.590	249.900	98.700	6.300	354.900	40.590	78.520	122.310	297.470	498.300	40.590		
40.600	228.900	88.200	6.300	323.400	40.600	84.560	123.820	314.080	522.460	40.600		
40.610	210.000	82.320	4.200	296.520	40.610	89.090	134.390	333.710	557.190	40.610		
40.620	187.320	74.760	1.680	263.760	40.620	96.640	141.940	356.360	594.940	40.620		
40.630	167.160	69.720	0.000	236.880	40.630	99.660	151.000	377.500	628.160	40.630		
40.640	147.000	62.160	0.000	209.160	40.640	107.250	161.850	395.850	664.950	40.640		
40.650	129.360	54.600	0.000	183.960	40.650	109.200	169.650	413.400	692.250	40.650		
40.660	111.720	49.560	0.000	161.280	40.660	113.100	177.450	427.050	717.600	40.660		
40.670	92.400	44.520	0.000	136.920	40.670	118.950	183.300	440.700	742.950	40.670		
40.680	77.280	36.960	0.000	114.240	40.680	120.900	189.150	454.350	764.400	40.680		
40.690	62.160	31.920	0.000	94.080	40.690	126.750	196.950	464.100	787.800	40.690		
40.700	52.080	24.360	0.000	76.440	40.700	128.700	200.850	471.900	801.450	40.700		
40.710	42.000	16.800	0.000	58.800	40.710	130.650	206.700	479.700	817.050	40.710		
40.720	36.960	9.240	0.000	46.200	40.720	134.550	210.600	483.600	828.750	40.720		
40.730	29.400	6.720	0.000	36.120	40.730	136.500	214.500	487.500	838.500	40.730		
40.740	24.360	4.200	0.000	28.560	40.740	138.450	216.450	487.500	842.400	40.740		
40.750	19.320	4.200	0.000	23.520	40.750	142.350	222.300	481.650	846.300	40.750		
40.760	17.500	0.000	0.000	17.500	40.760	144.300	224.250	473.850	842.400	40.760		
40.770	17.500	0.000	0.000	17.500	40.770	148.200	226.200	462.150	836.550	40.770		
40.780	17.500	0.000	0.000	17.500	40.780	152.100	226.200	452.400	830.700	40.780		
40.790	17.500	0.000	0.000	17.500	40.790	156.640	228.800	440.000	825.440	40.790		
40.800	17.500	0.000	0.000	17.500	40.800	161.920	232.320	429.440	823.680	40.800		
40.810	14.980	0.000	0.000	14.980	40.810	167.200	235.840	417.120	820.160	40.810		
40.820	17.500	0.000	0.000	17.500	40.820	174.240	235.840	406.560	816.640	40.820		
40.830	17.500	0.000	0.000	17.500	40.830	179.520	241.120	396.000	816.640	40.830		
40.840	14.980	0.000	0.000	14.980	40.840	184.800	244.640	387.200	816.640	40.840		
40.850	14.980	0.000	0.000	14.980	40.850	191.840	246.400	381.920	820.160	40.850		
40.860	14.980	0.000	0.000	14.980	40.860	198.880	251.680	374.880	825.440	40.860		
40.870	14.980	0.000	0.000	14.980	40.870	202.400	253.440	369.600	825.440	40.870		
40.880	17.500	0.000	0.000	17.500	40.880	205.920	258.720	364.320	828.960	40.880		
40.890	14.980	0.000	2.450	17.430	40.890	214.720	262.240	364.320	841.280	40.890		
40.900	14.980	0.000	0.000	14.980	40.900	216.480	264.000	360.800	841.280	40.900		
40.910	17.440	0.000	0.000	17.440	40.910	220.000	265.760	359.040	844.800	40.910		
40.920	17.440	0.000	0.000	17.440	40.920	223.520	269.280	359.040	851.840	40.920		
40.930	14.960	0.000	0.000	14.960	40.930	227.040	274.560	357.280	858.880	40.930		
40.940	17.440	0.000	0.000	17.440	40.940	231.240	274.950	352.500	858.690	40.940		
40.950	17.440	0.000	0.000	17.440	40.950	236.880	274.950	344.040	855.870	40.950		
40.960	17.440	0.000	0.000	17.440	40.960	236.880	274.950	341.220	853.050	40.960		
40.970	17.440	0.000	2.480	19.920	40.970	239.700	274.950	334.170	848.820	40.970		
40.980	17.440	0.000	0.000	17.440	40.980	243.930	274.950	329.940	848.820	40.980		
40.990	17.440	0.000	0.000	17.440	40.990	243.930	272.130	324.300	840.360	40.990		
41.000	17.440	0.000	0.000	17.440	41.000	246.750	269.310	318.660	834.720	41.000		
41.010	17.440	0.000	2.480	19.920	41.010	249.570	269.310	314.430	833.310	41.010		
41.020	17.440	0.000	0.000	17.440	41.020	249.570	266.490	308.790	824.850	41.020		
41.030	17.440	0.000	0.000	17.440	41.030	249.570	263.670	304.560	817.800	41.030		
41.040	17.440	0.000	2.480	19.920	41.040	252.390	262.260	298.920	813.570	41.040		
41.050	20.000	0.000	2.480	22.480	41.050	252.390	259.440	296.100	807.930	41.050		
41.060	19.880	0.000	2.240	22.120	41.060	252.390	256.620	296.100	805.110	41.060		
41.070	19.880	0.000	2.240	22.120	41.070	249.570	256.620	296.100	802.290	41.070		
41.080	19.880	0.000	2.240	22.120	41.080	249.570	253.800	296.100	799.470	41.080		
41.090	19.880	0.000	2.240	22.120	41.090	249.600	254.400	296.400	800.400	41.090		
41.100	19.880	0.000	2.240	22.120	41.100	247.200	254.400	300.000	801.600	41.100		
41.110	19.880	0.000	2.240	22.120	41.110	249.600	252.000	296.400	798.000	41.110		
41.120	19.880	0.000	2.240	22.120	41.120	249.600	249.600	296.400	795.600	41.120		
41.130	19.880	0.000	2.240	22.120	41.130	249.600	249.600	294.000	793.200	41.130		
41.140	19.880	0.000	4.760	24.640	41.140	249.600	247.200	294.000	790.800	41.140		
41.150	19.880	0.000	2.240	22.120	41.150	249.600	242.400	291.600	783.600	41.150		
41.160	22.400	0.000	4.760	27.160	41.160	249.600	236.400	289.200	775.200	41.160		
41.170	29.960	0.000	4.760	34.720	41.170	244.800	234.000	286.800	765.600	41.170		
41.180	44.800	0.000	4.760	49.560	41.180	244.800	226.800	282.000	753.600	41.180		
41.190	52.360	0.000	7.280	59.640	41.190	244.800	219.600	274.800	739.200	41.190		
41.200	70.000	0.000	7.280	77.280	41.200	244.800	212.400	264.000	721.200	41.200		
41.210	100.890	3.420	8.550	112.860	41.210	244.800	201.600	252.000	698.400	41.210		
41.220	133.380	6.840	8.550	148.770	41.220	244.800	187.200	234.000	666.000	41.220		
41.230	165.870	18.810	13.680	198.360	41.230	244.800	171.600	214.800	631.200	41.230		
41.240	191.520	29.070	18.810	239.400	41.240	245.000	149.940	187.180	582.120	41.240		
41.250	213.750	35.910	27.360	277.020	41.250	245.000	124.460	159.740	529.200	41.250		
41.260	241.110	49.590	29.070	319.770	41.260	245.000	99.960	132.300	477.260	41.260		
41.270	271.890	64.980	35.910	372.780	41.270	242.060	71.540	106.820	420.420	41.270		
41.280	295.830	82.080	46.170	424.080	41.280	232.260	47.040	89.180	368.480	41.280		
41.290	321.480	100.890	56.430	478.800	41.290	219.520	24.500	77.420	321.440	41.290		
41.300	348.840	126.540	66.690	542.070	41.300	196.980	4.900	64.680	266.560	41.300		
41.310	369.360	148.770	78.660	596.790	41.310	172.480	0.000	51.940	224.420	41.310		
41.320	389.880	171.000	88.920	649.800	41.320	147.000	0.000	44.100	191.100	41.320		
41.330	403.560	194.940	100.890	699.390	41.330	119.560	0.000	39.200	158.760	41.330		
41.340	417.240	213.750	114.570	745.560	41.340	97.020	0.000	37.240	134.260	41.340		
41.350	427.500	234.270	126.540	788.310	41.350	77.420	0.000	32.340	109.760	41.350		
41.360	434.000	257.250	140.000	831.250	41.360	64.680	0.000	27.440	92.120	41.360		
41.370	437.500	274.750	152.250	864.500	41.370	51.940	0.000	24.500	76.440	41.370		
41.380	434.000	292.250	164.500	890.750	41.380	42.140	0.000	19.600	61.740	41.380		
41.390	432.250	304.500	175.000	911.750	41.390	30.000	0.000	19.920	49.920	41.390		
41.400	427.000	316.750	187.250	931.000	41.400	15.000	0.000	19.920	34.920	41.400		
41.410	416.500	323.750	194.250	934.500	41.410	12.480	0.000	19.920	32.400	41.410		
41.420	404.250	334.250	204.750	943.250	41.420	9.960	0.000	17.400	27.360	41.420		
41.430	385.000	336.000	213.500	934.500	41.430	7.440	0.000	17.400	24.840	41.430		
41.440	362.250	341.250	222.250	925.750	41.440	7.440	0.000	17.400	24.840	41.440		
41.450	339.500	339.500	229.250	908.250	41.450	4.920	0.000	15.000	19.920	41.450		
41.460	318.500	341.250	236.250	896.000	41.460	4.920	0.000	12.480	17.400	41.460		
41.470	299.250	341.250	241.500	882.000	41.470	2.400	0.000	12.480	14.880	41.470		
41.480	281.750	339.500	248.500	869.750	41.480	2.400	0.000	9.960	12.360	41.480		
41.490	262.500	339.500	257.250	859.250	41.490	2.400	0.000	7.440	9.840	41.490		
41.500	241.500	336.000	264.250	841.750	41.500	0.000	0.000	7.440	7.440	41.500		
41.510	224.100	333.660	268.920	826.680	41.510	0.000	0.000	7.440	7.440	41.510		
41.520	209.160	332.000	278.880	820.040	41.520	0.000	0.000	7.440	7.440	41.520		
41.530	195.880	332.000	287.180	815.060	41.530	0.000	0.000	4.920	4.920	41.530		
41.540	185.920	328.680	292.160	806.760	41.540	0.000	0.000	5.000	5.000	41.540		
41.550	175.960	332.000	302.120	810.080	41.550	0.000	0.000	5.000	5.000	41.550		
41.560	169.320	332.000	308.760	810.080	41.560	0.000	0.000	5.000	5.000	41.560		
41.570	161.020	332.000	317.060	810.080	41.570	0.000	0.000	5.000	5.000	41.570		
41.580	154.380	333.660	327.020	815.060	41.580	0.000	0.000	5.000	5.000	41.580		
41.590	149.400	338.640	338.640	826.680	41.590	0.000	0.000	2.500	2.500	41.590		
41.600	141.100	341.960	351.920	834.980	41.600	0.000	0.000	2.500	2.500	41.600		
41.610	134.460	343.620	361.880	839.960	41.610	0.000	0.000	2.500	2.500	41.610		
41.620	126.160	346.940	373.500	846.600	41.620	0.000	0.000	2.500	2.500	41.620		
41.630	119.520	346.940	386.780	853.240	41.630	0.000	0.000	2.500	2.500	41.630		
41.640	111.220	348.600	398.400	858.220	41.640	0.000	0.000	2.500	2.500	41.640		
41.650	104.580	348.600	415.000	868.180	41.650	0.000	0.000	0.000	0.000	41.650		
41.660	97.280	346.560	428.640	872.480	41.660	0.000	0.000	0.000	0.000	41.660		
41.670	85.120	343.520	446.880	875.520	41.670	0.000	0.000	0.000	0.000	41.670		
41.680	79.040	340.480	462.080	881.600	41.680	0.000	0.000	0.000	0.000	41.680		
41.690	69.920	334.400	477.280	881.600	41.690	0.000	0.000	0.000	0.000	41.690		
41.700	63.840	328.320	498.560	890.720	41.700	0.000	0.000	0.000	0.000	41.700		
41.710	54.720	322.240	519.840	896.800	41.710	0.000	0.000	0.000	0.000	41.710		
41.720	48.640	310.080	544.160	902.880	41.720	0.000	0.000	0.000	0.000	41.720		
41.730	39.520	294.880	571.520	905.920	41.730	0.000	0.000	0.000	0.000	41.730		
41.740	36.480	279.680	595.840	912.000	41.740	0.000	0.000	0.000	0.000	41.740		
41.750	30.400	264.480	626.240	921.120	41.750	0.000	0.000	0.000	0.000	41.750		
41.760	24.320	246.240	656.640	927.200	41.760	0.000	0.000	0.000	0.000	41.760		
41.770	18.240	228.000	684.000	930.240	41.770	0.000	0.000	0.000	0.000	41.770		
41.780	12.160	209.760	708.320	930.240	41.780	0.000	0.000	0.000	0.000	41.780		
41.790	12.160	197.600	735.680	945.440	41.790	0.000	0.000	0.000	0.000	41.790		
41.800	9.120	182.400	760.000	951.520	41.800	0.000	0.000	0.000	0.000	41.800		
41.810	7.020	164.970	786.240	958.230	41.810	0.000	0.000	0.000	0.000	41.810		
41.820	3.510	150.930	803.790	958.230	41.820	0.000	0.000	0.000	0.000	41.820		
41.830	3.510	136.890	824.850	965.250	41.830	0.000	0.000	2.500	2.500	41.830		
41.840	0.000	122.850	842.400	965.250	41.840	0.000	0.000	16.100	16.100	41.840		
41.850	0.000	112.320	852.930	965.250	41.850	0.000	0.000	33.810	33.810	41.850		
41.860	0.000	101.790	866.970	968.760	41.860	0.000	0.000	69.230	69.230	41.860		
41.870	0.000	94.770	870.480	965.250	41.870	0.000	1.610	123.970	125.580	41.870		
41.880	0.000	84.240	877.500	961.740	41.880	0.000	6.440	194.810	201.250	41.880		
41.890	0.000	70.200	870.480	940.680	41.890	0.000	9.660	244.720	254.380	41.890		
41.900	0.000	59.670	859.950	919.620	41.900	1.610	14.490	289.800	305.900	41.900		
41.910	0.000	52.650	842.400	895.050	41.910	6.440	20.930	331.660	359.030	41.910		
41.920	0.000	42.120	817.830	859.950	41.920	11.270	32.200	354.200	397.670	41.920		
41.930	0.000	35.100	789.750	824.850	41.930	19.320	43.470	357.420	420.210	41.930		
41.940	0.000	24.570	744.120	768.690	41.940	27.370	59.570	350.980	437.920	41.940		
41.950	0.000	14.040	694.980	709.020	41.950	41.860	72.450	349.370	463.680	41.950		
41.960	0.000	7.440	620.000	627.440	41.960	56.350	82.110	357.420	495.880	41.960		
41.970	0.000	0.000	525.760	525.760	41.970	69.230	94.990	371.910	536.130	41.970		
41.980	0.000	0.000	434.000	434.000	41.980	82.110	111.090	402.500	595.700	41.980		
41.990	0.000	0.000	337.280	337.280	41.990	93.840	130.560	438.600	663.000	41.990		
42.000	0.000	0.000	245.520	245.520	42.000	104.040	148.920	469.200	722.160	42.000		
42.010	0.000	0.000	171.120	171.120	42.010	116.280	169.320	491.640	777.240	42.010		
42.020	0.000	0.000	116.560	116.560	42.020	126.480	185.640	503.880	816.000	42.020		
42.030	0.000	0.000	76.880	76.880	42.030	138.720	201.960	510.000	850.680	42.030		
42.040	0.000	0.000	47.120	47.120	42.040	146.880	216.240	510.000	873.120	42.040		
42.050	0.000	0.000	32.240	32.240	42.050	159.120	230.520	499.800	889.440	42.050		
42.060	0.000	0.000	29.760	29.760	42.060	171.360	240.720	483.480	895.560	42.060		
42.070	2.480	0.000	27.280	29.760	42.070	179.520	250.920	469.200	899.640	42.070		
42.080	0.000	0.000	24.800	24.800	42.080	191.760	257.040	448.800	897.600	42.080		
42.090	0.000	0.000	19.840	19.840	42.090	199.920	261.120	428.400	889.440	42.090		
42.100	0.000	0.000	17.360	17.360	42.100	208.080	267.240	408.000	883.320	42.100		
42.110	0.000	0.000	17.500	17.500	42.110	218.280	269.280	385.560	873.120	42.110		
42.120	0.000	0.000	14.980	14.980	42.120	228.480	271.320	361.080	860.880	42.120		
42.130	0.000	0.000	14.980	14.980	42.130	236.640	271.320	338.640	846.600	42.130		
42.140	0.000	0.000	14.980	14.980	42.140	244.860	271.890	316.410	833.160	42.140		
42.150	0.000	0.000	12.460	12.460	42.150	251.220	268.710	290.970	810.900	42.150		
42.160	0.000	0.000	12.460	12.460	42.160	259.170	268.710	268.710	796.590	42.160		
42.170	0.000	0.000	12.460	12.460	42.170	267.120	267.120	246.450	780.690	42.170		
42.180	0.000	0.000	12.460	12.460	42.180	276.660	267.120	224.190	767.970	42.180		
42.190	0.000	0.000	9.940	9.940	42.190	286.200	263.940	201.930	752.070	42.190		
42.200	0.000	0.000	9.940	9.940	42.200	294.150	262.350	181.260	737.760	42.200		
42.210	0.000	0.000	9.940	9.940	42.210	303.690	259.170	162.180	725.040	42.210		
42.220	0.000	0.000	9.940	9.940	42.220	316.410	255.990	141.510	713.910	42.220		
42.230	0.000	0.000	9.940	9.940	42.230	329.130	255.990	124.020	709.140	42.230		
42.240	0.000	0.000	9.940	9.940	42.240	338.670	255.990	111.300	705.960	42.240		
42.250	0.000	0.000	9.940	9.940	42.250	351.390	255.990	98.580	705.960	42.250		
42.260	0.000	0.000	7.500	7.500	42.260	367.290	259.170	87.450	713.910	42.260		
42.270	0.000	0.000	7.500	7.500	42.270	381.600	259.170	76.320	717.090	42.270		
42.280	0.000	0.000	7.500	7.500	42.280	397.500	262.350	69.960	729.810	42.280		
42.290	0.000	0.000	7.500	7.500	42.290	416.760	264.960	60.720	742.440	42.290		
42.300	0.000	0.000	7.500	7.500	42.300	433.320	264.960	52.440	750.720	42.300		
42.310	0.000	0.000	4.980	4.980	42.310	449.880	262.200	49.680	761.760	42.310		
42.320	0.000	0.000	4.980	4.980	42.320	469.200	262.200	44.160	775.560	42.320		
42.330	0.000	0.000	7.500	7.500	42.330	488.520	262.200	38.640	789.360	42.330		
42.340	0.000	0.000	4.980	4.980	42.340	505.080	259.440	33.120	797.640	42.340		
42.350	0.000	0.000	2.490	2.490	42.350	529.920	256.680	27.600	814.200	42.350		
42.360	0.000	0.000	4.980	4.980	42.360	546.480	253.920	22.080	822.480	42.360		
42.370	0.000	0.000	4.980	4.980	42.370	565.800	245.640	16.560	828.000	42.370		
42.380	0.000	0.000	2.490	2.490	42.380	585.120	240.120	8.280	833.520	42.380		
42.390	0.000	0.000	4.980	4.980	42.390	607.200	234.600	2.760	844.560	42.390		
42.400	0.000	0.000	2.490	2.490	42.400	626.520	223.560	0.000	850.080	42.400		
42.410	0.000	0.000	1.990	1.990	42.410	645.840	212.520	0.000	858.360	42.410		
42.420	0.000	0.000	1.990	1.990	42.420	665.160	201.480	0.000	866.640	42.420		
42.430	0.000	0.000	1.990	1.990	42.430	690.000	190.440	0.000	880.440	42.430		
42.440	0.000	0.000	1.990	1.990	42.440	712.800	174.900	0.000	887.700	42.440		
42.450	0.000	0.000	3.980	3.980	42.450	735.900	165.000	0.000	900.900	42.450		
42.460	3.980	0.000	1.990	5.970	42.460	759.000	151.800	0.000	910.800	42.460		
42.470	25.870	3.980	0.000	29.850	42.470	782.100	138.600	0.000	920.700	42.470		
42.480	65.670	9.950	0.000	75.620	42.480	798.600	125.400	0.000	924.000	42.480		
42.490	117.410	13.930	0.000	131.340	42.490	811.800	112.200	0.000	924.000	42.490		
42.500	163.180	15.920	0.000	179.100	42.500	821.700	102.300	0.000	924.000	42.500		
42.510	228.850	23.880	1.990	254.720	42.510	825.000	89.100	0.000	914.100	42.510		
42.520	314.420	39.800	5.970	360.190	42.520	821.700	75.900	0.000	897.600	42.520		
42.530	401.980	61.690	15.920	479.590	42.530	811.800	62.700	0.000	874.500	42.530		
42.540	465.660	99.500	25.870	591.030	42.540	792.000	49.500	0.000	841.500	42.540		
42.550	497.500	129.350	39.800	666.650	42.550	752.400	39.600	0.000	792.000	42.550		
42.560	481.380	138.450	46.860	666.690	42.560	689.700	26.400	0.000	716.100	42.560		
42.570	449.430	136.320	53.250	639.000	42.570	610.500	13.200	0.000	623.700	42.570		
42.580	432.390	140.580	63.900	636.870	42.580	514.800	6.600	0.000	521.400	42.580		
42.590	432.390	151.230	74.550	658.170	42.590	380.000	0.000	0.000	380.000	42.590		
42.600	443.040	161.880	80.940	685.860	42.600	266.000	0.000	0.000	266.000	42.600		
42.610	464.340	176.790	89.460	730.590	42.610	179.360	0.000	0.000	179.360	42.610		
42.620	483.510	189.570	95.850	768.930	42.620	112.480	0.000	0.000	112.480	42.620		
42.630	506.940	202.350	102.240	811.530	42.630	59.280	0.000	0.000	59.280	42.630		
42.640	521.850	213.000	106.500	841.350	42.640	27.360	0.000	0.000	27.360	42.640		
42.650	528.240	223.650	108.630	860.520	42.650	19.760	0.000	0.000	19.760	42.650		
42.660	532.500	227.910	110.760	871.170	42.660	13.680	0.000	0.000	13.680	42.660		
42.670	528.240	236.430	117.150	881.820	42.670	12.160	0.000	0.000	12.160	42.670		
42.680	515.460	236.430	119.280	871.170	42.680	12.160	0.000	0.000	12.160	42.680		
42.690	500.550	238.560	121.410	860.520	42.690	9.120	0.000	0.000	9.120	42.690		
42.700	481.380	238.560	125.670	845.610	42.700	6.080	0.000	0.000	6.080	42.700		
42.710	460.000	237.360	132.480	829.840	42.710	6.080	0.000	0.000	6.080	42.710		
42.720	436.080	231.840	134.320	802.240	42.720	6.080	0.000	0.000	6.080	42.720		
42.730	414.000	231.840	136.160	782.000	42.730	4.560	0.000	0.000	4.560	42.730		
42.740	391.920	230.000	141.680	763.600	42.740	5.000	0.000	0.000	5.000	42.740		
42.750	371.680	230.000	147.200	748.880	42.750	5.000	0.000	0.000	5.000	42.750		
42.760	351.440	231.840	156.400	739.680	42.760	2.500	0.000	0.000	2.500	42.760		
42.770	329.360	231.840	161.920	723.120	42.770	2.500	0.000	0.000	2.500	42.770		
42.780	309.120	233.680	171.120	713.920	42.780	2.500	0.000	0.000	2.500	42.780		
42.790	287.040	233.680	182.160	702.880	42.790	2.500	0.000	0.000	2.500	42.790		
42.800	264.960	237.360	196.880	699.200	42.800	2.500	0.000	0.000	2.500	42.800		
42.810	244.720	239.200	206.080	690.000	42.810	2.500	0.000	0.000	2.500	42.810		
42.820	224.480	237.360	218.960	680.800	42.820	2.500	0.000	0.000	2.500	42.820		
42.830	206.080	241.040	237.360	684.480	42.830	0.000	0.000	0.000	0.000	42.830		
42.840	189.520	241.040	252.080	682.640	42.840	0.000	0.000	0.000	0.000	42.840		
42.850	171.120	246.560	268.640	686.320	42.850	0.000	0.000	0.000	0.000	42.850		
42.860	157.410	252.450	288.090	697.950	42.860	0.000	0.000	0.000	0.000	42.860		
42.870	139.590	255.420	311.850	706.860	42.870	0.000	0.000	0.000	0.000	42.870		
42.880	127.710	261.360	335.610	724.680	42.880	0.000	0.000	0.000	0.000	42.880		
42.890	115.830	261.360	362.340	739.530	42.890	0.000	0.000	0.000	0.000	42.890		
42.900	103.950	267.300	392.040	763.290	42.900	0.000	0.000	0.000	0.000	42.900		
42.910	92.070	267.300	418.770	778.140	42.910	0.000	0.000	0.000	0.000	42.910		
42.920	77.220	267.300	457.380	801.900	42.920	0.000	0.000	0.000	0.000	42.920		
42.930	65.340	267.300	490.050	822.690	42.930	0.000	0.000	0.000	0.000	42.930		
42.940	59.400	261.360	528.660	849.420	42.940	0.000	0.000	0.000	0.000	42.940		
42.950	47.520	252.450	561.330	861.300	42.950	0.000	0.000	0.000	0.000	42.950		
42.960	41.580	243.540	599.940	885.060	42.960	0.000	0.000	0.000	0.000	42.960		
42.970	32.670	228.690	635.580	896.940	42.970	0.000	0.000	0.000	0.000	42.970		
42.980	29.700	210.870	668.250	908.820	42.980	0.000	0.000	0.000	0.000	42.980		
42.990	23.760	193.050	703.890	920.700	42.990	0.000	0.000	0.000	0.000	42.990		
43.000	14.850	172.260	742.500	929.610	43.000	0.000	0.000	0.000	0.000	43.000		
43.010	13.280	152.720	770.240	936.240	43.010	0.000	0.000	0.000	0.000	43.010		
43.020	9.960	136.120	796.800	942.880	43.020	0.000	0.000	0.000	0.000	43.020		
43.030	6.640	119.520	810.080	936.240	43.030	0.000	4.860	45.000	49.860	43.030		
43.040	6.640	102.920	820.040	929.600	43.040	0.000	11.900	111.860	123.760	43.040		
43.050	3.320	89.640	830.000	922.960	43.050	0.000	14.280	188.020	202.300	43.050		
43.060	3.320	79.680	823.360	906.360	43.060	0.000	21.420	261.800	283.220	43.060		
43.070	0.000	66.400	813.400	879.800	43.070	4.760	26.180	359.380	390.320	43.070		
43.080	0.000	59.760	796.800	856.560	43.080	14.280	42.840	468.860	525.980	43.080		
43.090	0.000	49.800	766.920	816.720	43.090	28.560	80.920	549.780	659.260	43.090		
43.100	0.000	36.520	727.080	763.600	43.100	61.880	135.660	595.000	792.540	43.100		
43.110	0.000	26.560	670.640	697.200	43.110	80.920	149.940	590.240	821.100	43.110		
43.120	0.000	16.600	597.600	614.200	43.120	90.440	140.420	525.980	756.840	43.120		
43.130	0.000	3.320	514.600	517.920	43.130	109.480	138.040	456.960	704.480	43.130		
43.140	0.000	0.000	415.000	415.000	43.140	128.520	145.180	421.260	694.960	43.140		
43.150	0.000	0.000	315.400	315.400	43.150	152.320	166.600	414.120	733.040	43.150		
43.160	0.000	0.000	215.000	215.000	43.160	171.360	188.020	421.260	780.640	43.160		
43.170	0.000	0.000	127.280	127.280	43.170	188.020	211.820	430.780	830.620	43.170		
43.180	0.000	0.000	69.660	69.660	43.180	209.440	235.620	440.300	885.360	43.180		
43.190	0.000	1.720	34.400	36.120	43.190	226.560	254.880	442.500	923.940	43.190		
43.200	1.720	0.000	26.660	28.380	43.200	242.490	269.040	437.190	948.720	43.200		
43.210	4.300	0.000	24.940	29.240	43.210	254.880	284.970	428.340	968.190	43.210		
43.220	4.300	0.000	19.780	24.080	43.220	263.730	293.820	419.490	977.040	43.220		
43.230	4.300	0.000	19.780	24.080	43.230	274.350	300.900	403.560	978.810	43.230		
43.240	4.300	0.000	17.200	21.500	43.240	281.430	300.900	382.320	964.650	43.240		
43.250	4.300	0.000	17.200	21.500	43.250	288.510	299.130	354.000	941.640	43.250		
43.260	4.300	0.000	14.620	18.920	43.260	297.360	297.360	323.910	918.630	43.260		
43.270	4.300	0.000	12.040	16.340	43.270	306.210	288.510	292.050	886.770	43.270		
43.280	1.720	0.000	9.460	11.180	43.280	313.290	281.430	263.730	858.450	43.280		
43.290	1.720	0.000	9.460	11.180	43.290	318.600	276.120	238.950	833.670	43.290		
43.300	4.300	0.000	6.880	11.180	43.300	327.450	270.810	215.940	814.200	43.300		
43.310	2.490	0.000	7.500	9.990	43.310	330.990	263.730	194.700	789.420	43.310		
43.320	2.490	0.000	7.500	9.990	43.320	336.300	256.650	173.460	766.410	43.320		
43.330	4.980	0.000	7.500	12.480	43.330	339.840	251.340	155.760	746.940	43.330		
43.340	2.490	0.000	7.500	9.990	43.340	346.720	244.280	139.870	730.870	43.340		
43.350	2.490	0.000	4.980	7.470	43.350	350.660	238.370	124.110	713.140	43.350		
43.360	2.490	0.000	4.980	7.470	43.360	354.600	232.460	108.350	695.410	43.360		
43.370	2.490	0.000	4.980	7.470	43.370	362.480	226.550	98.500	687.530	43.370		
43.380	2.490	0.000	4.980	7.470	43.380	366.420	220.640	88.650	675.710	43.380		
43.390	2.490	0.000	4.980	7.470	43.390	374.300	216.700	78.800	669.800	43.390		
43.400	2.490	0.000	4.980	7.470	43.400	382.180	214.730	74.860	671.770	43.400		
43.410	2.490	0.000	2.490	4.980	43.410	388.090	210.790	66.980	665.860	43.410		
43.420	2.490	0.000	2.490	4.980	43.420	399.910	210.790	61.070	671.770	43.420		
43.430	0.000	0.000	2.490	2.490	43.430	411.730	206.850	57.130	675.710	43.430		
43.440	0.000	0.000	2.490	2.490	43.440	423.550	208.820	53.190	685.560	43.440		
43.450	0.000	0.000	4.980	4.980	43.450	439.310	208.820	49.250	697.380	43.450		
43.460	0.000	0.000	0.000	0.000	43.460	457.040	208.820	47.280	713.140	43.460		
43.470	0.000	0.000	2.400	2.400	43.470	470.830	208.820	43.340	722.990	43.470		
43.480	0.000	0.000	0.000	0.000	43.480	492.500	206.850	41.370	740.720	43.480		
43.490	0.000	0.000	0.000	0.000	43.490	514.600	204.600	37.200	756.400	43.490		
43.500	0.000	0.000	0.000	0.000	43.500	533.200	204.600	34.100	771.900	43.500		
43.510	0.000	0.000	0.000	0.000	43.510	554.900	201.500	31.000	787.400	43.510		
43.520	0.000	0.000	0.000	0.000	43.520	576.600	195.300	24.800	796.700	43.520		
43.530	0.000	0.000	0.000	0.000	43.530	598.300	192.200	21.700	812.200	43.530		
43.540	0.000	0.000	2.400	2.400	43.540	623.100	186.000	15.500	824.600	43.540		
43.550	0.000	0.000	2.400	2.400	43.550	644.800	170.500	12.400	827.700	43.550		
43.560	0.000	0.000	0.000	0.000	43.560	669.600	155.000	12.400	837.000	43.560		
43.570	2.400	2.400	2.400	7.200	43.570	694.400	142.600	9.300	846.300	43.570		
43.580	2.400	2.400	4.920	9.720	43.580	713.000	127.100	6.200	846.300	43.580		
43.590	0.000	0.000	4.920	4.920	43.590	734.700	114.700	6.200	855.600	43.590		
43.600	30.000	0.000	4.920	34.920	43.600	750.200	99.200	3.100	852.500	43.600		
43.610	91.430	4.460	2.230	98.120	43.610	765.700	83.700	0.000	849.400	43.610		
43.620	160.560	2.230	0.000	162.790	43.620	775.000	68.200	0.000	843.200	43.620		
43.630	231.920	4.460	2.230	238.610	43.630	775.000	55.800	0.000	830.800	43.630		
43.640	301.050	11.150	2.230	314.430	43.640	765.000	42.840	0.000	807.840	43.640		
43.650	374.640	15.610	6.690	396.940	43.650	746.640	30.600	0.000	777.240	43.650		
43.660	439.310	24.530	11.150	474.990	43.660	722.160	18.360	0.000	740.520	43.660		
43.670	486.140	37.910	13.380	537.430	43.670	691.560	6.120	0.000	697.680	43.670		
43.680	512.900	64.670	17.840	595.410	43.680	651.780	0.000	0.000	651.780	43.680		
43.690	521.820	109.270	31.220	662.310	43.690	599.760	0.000	0.000	599.760	43.690		
43.700	512.900	140.490	46.830	700.220	43.700	532.440	0.000	0.000	532.440	43.700		
43.710	506.210	160.560	64.670	731.440	43.710	449.820	0.000	0.000	449.820	43.710		
43.720	508.440	180.630	75.820	764.890	43.720	354.960	0.000	0.000	354.960	43.720		
43.730	524.050	200.700	91.430	816.180	43.730	257.040	0.000	0.000	257.040	43.730		
43.740	541.890	220.770	100.350	863.010	43.740	177.480	0.000	0.000	177.480	43.740		
43.750	557.500	238.610	109.270	905.380	43.750	113.220	0.000	0.000	113.220	43.750		
43.760	565.000	259.900	124.300	949.200	43.760	67.320	0.000	0.000	67.320	43.760		
43.770	565.000	275.720	135.600	976.320	43.770	36.720	0.000	0.000	36.720	43.770		
43.780	553.700	291.540	144.640	989.880	43.780	24.480	0.000	3.060	27.540	43.780		
43.790	544.660	300.580	155.940	1001.180	43.790	25.000	0.000	7.500	32.500	43.790		
43.800	528.840	309.620	160.460	998.920	43.800	22.500	0.000	7.500	30.000	43.800		
43.810	513.020	314.140	169.500	996.660	43.810	17.500	0.000	5.000	22.500	43.810		
43.820	490.420	311.880	176.280	978.580	43.820	15.000	0.000	2.500	17.500	43.820		
43.830	467.820	311.880	178.540	958.240	43.830	15.000	0.000	5.000	20.000	43.830		
43.840	442.960	307.360	183.060	933.380	43.840	12.500	0.000	5.000	17.500	43.840		
43.850	418.100	300.580	185.320	904.000	43.850	12.500	0.000	5.000	17.500	43.850		
43.860	393.240	293.800	189.840	876.880	43.860	10.000	0.000	5.000	15.000	43.860		
43.870	370.640	289.280	192.100	852.020	43.870	10.000	0.000	2.500	12.500	43.870		
43.880	348.040	284.760	194.360	827.160	43.880	10.000	0.000	5.000	15.000	43.880		
43.890	329.960	277.980	194.360	802.300	43.890	7.500	0.000	5.000	12.500	43.890		
43.900	309.620	271.200	194.360	775.180	43.900	7.500	0.000	5.000	12.500	43.900		
43.910	292.320	269.640	196.560	758.520	43.910	7.500	0.000	2.500	10.000	43.910		
43.920	272.160	264.600	196.560	733.320	43.920	7.500	0.000	5.000	12.500	43.920		
43.930	257.040	262.080	199.080	718.200	43.930	5.000	0.000	5.000	10.000	43.930		
43.940	244.440	259.560	201.600	705.600	43.940	4.980	0.000	4.980	9.960	43.940		
43.950	231.840	259.560	204.120	695.520	43.950	4.980	0.000	4.980	9.960	43.950		
43.960	221.760	259.560	206.640	687.960	43.960	4.980	0.000	4.980	9.960	43.960		
43.970	211.680	262.080	209.160	682.920	43.970	7.500	0.000	2.490	9.990	43.970		
43.980	204.120	264.600	216.720	685.440	43.980	4.980	0.000	2.490	7.470	43.980		
43.990	199.080	269.640	221.760	690.480	43.990	4.980	0.000	2.490	7.470	43.990		
44.000	191.520	274.680	229.320	695.520	44.000	4.980	0.000	2.490	7.470	44.000		
44.010	186.480	282.240	236.880	705.600	44.010	4.980	0.000	2.490	7.470	44.010		
44.020	183.960	287.280	244.440	715.680	44.020	4.980	0.000	2.490	7.470	44.020		
44.030	178.920	297.360	254.520	730.800	44.030	2.490	0.000	2.490	4.980	44.030		
44.040	176.400	304.920	264.600	745.920	44.040	2.490	0.000	2.490	4.980	44.040		
44.050	171.360	315.000	277.200	763.560	44.050	2.490	0.000	2.490	4.980	44.050		
44.060	164.220	323.680	287.980	775.880	44.060	0.000	0.000	2.490	2.490	44.060		
44.070	159.460	333.200	302.260	794.920	44.070	2.490	0.000	0.000	2.490	44.070		
44.080	154.700	347.480	318.920	821.100	44.080	0.000	0.000	0.000	0.000	44.080		
44.090	145.180	359.380	335.580	840.140	44.090	2.100	0.000	0.000	2.100	44.090		
44.100	138.040	371.280	354.620	863.940	44.100	4.200	0.000	0.000	4.200	44.100		
44.110	130.900	380.800	371.280	882.980	44.110	4.200	0.000	0.000	4.200	44.110		
44.120	121.380	387.940	390.320	899.640	44.120	4.200	0.000	0.000	4.200	44.120		
44.130	107.100	390.320	414.120	911.540	44.130	4.200	0.000	0.000	4.200	44.130		
44.140	88.060	385.560	433.160	906.780	44.140	4.200	0.000	0.000	4.200	44.140		
44.150	73.780	380.800	456.960	911.540	44.150	4.200	0.000	0.000	4.200	44.150		
44.160	61.880	371.280	483.140	916.300	44.160	4.200	2.100	0.000	6.300	44.160		
44.170	52.360	357.000	511.700	921.060	44.170	4.200	0.000	0.000	4.200	44.170		
44.180	40.460	337.960	537.880	916.300	44.180	2.100	0.000	0.000	2.100	44.180		
44.190	30.940	316.540	568.820	916.300	44.190	0.000	4.200	27.300	31.500	44.190		
44.200	21.420	290.360	595.000	906.780	44.200	0.000	11.550	94.500	106.050	44.200		
44.210	10.520	260.370	623.310	894.200	44.210	0.000	16.800	164.850	181.650	44.210		
44.220	2.630	228.810	644.350	875.790	44.220	0.000	16.800	214.200	231.000	44.220		
44.230	0.000	197.250	652.240	849.490	44.230	0.000	19.950	262.500	282.450	44.230		
44.240	0.000	170.950	657.500	828.450	44.240	2.240	24.640	338.240	365.120	44.240		
44.250	0.000	147.280	654.870	802.150	44.250	6.720	31.360	409.920	448.000	44.250		
44.260	0.000	126.240	644.350	770.590	44.260	11.200	44.800	461.440	517.440	44.260		
44.270	0.000	107.830	623.310	731.140	44.270	15.680	64.960	492.800	573.440	44.270		
44.280	0.000	92.050	589.120	681.170	44.280	26.880	91.840	506.240	624.960	44.280		
44.290	0.000	73.640	541.780	615.420	44.290	35.840	105.280	488.320	629.440	44.290		
44.300	0.000	57.860	483.920	541.780	44.300	49.280	112.000	461.440	622.720	44.300		
44.310	0.000	44.710	407.650	452.360	44.310	69.440	123.200	448.000	640.640	44.310		
44.320	0.000	28.930	326.120	355.050	44.320	87.360	138.880	461.440	687.680	44.320		
44.330	0.000	15.780	244.590	260.370	44.330	98.560	156.800	481.600	736.960	44.330		
44.340	0.000	5.260	160.430	165.690	44.340	109.760	176.960	504.000	790.720	44.340		
44.350	0.000	0.000	97.310	97.310	44.350	118.720	194.880	526.400	840.000	44.350		
44.360	0.000	0.000	57.500	57.500	44.360	125.440	212.800	544.320	882.560	44.360		
44.370	0.000	0.000	27.370	27.370	44.370	134.400	228.480	555.520	918.400	44.370		
44.380	2.300	0.000	14.950	17.250	44.380	141.120	241.920	560.000	943.040	44.380		
44.390	2.300	0.000	9.890	12.190	44.390	148.740	250.860	555.000	954.600	44.390		
44.400	4.830	0.000	7.360	12.190	44.400	153.180	259.740	541.680	954.600	44.400		
44.410	7.360	0.000	9.890	17.250	44.410	162.060	264.180	523.920	950.160	44.410		
44.420	7.360	0.000	7.360	14.720	44.420	166.500	264.180	501.720	932.400	44.420		
44.430	4.830	0.000	7.360	12.190	44.430	170.940	264.180	479.520	914.640	44.430		
44.440	4.830	0.000	4.830	9.660	44.440	179.820	266.400	459.540	905.760	44.440		
44.450	4.830	0.000	2.300	7.130	44.450	182.040	264.180	439.560	885.780	44.450		
44.460	4.830	0.000	2.300	7.130	44.460	186.480	261.960	417.360	865.800	44.460		
44.470	4.830	0.000	2.300	7.130	44.470	193.140	261.960	392.940	848.040	44.470		
44.480	2.300	0.000	2.300	4.600	44.480	199.800	259.740	372.960	832.500	44.480		
44.490	4.830	0.000	2.300	7.130	44.490	204.240	255.300	350.760	810.300	44.490		
44.500	4.830	0.000	0.000	4.830	44.500	206.460	253.080	330.780	790.320	44.500		
44.510	5.000	0.000	0.000	5.000	44.510	213.120	248.640	306.360	768.120	44.510		
44.520	5.000	0.000	0.000	5.000	44.520	219.780	244.200	284.160	748.140	44.520		
44.530	5.000	0.000	0.000	5.000	44.530	226.440	241.980	266.400	734.820	44.530		
44.540	5.000	0.000	0.000	5.000	44.540	233.600	241.600	246.400	721.600	44.540		
44.550	5.000	0.000	0.000	5.000	44.550	241.600	240.000	232.000	713.600	44.550		
44.560	5.000	0.000	0.000	5.000	44.560	249.600	240.000	214.400	704.000	44.560		
44.570	5.000	0.000	0.000	5.000	44.570	259.200	236.800	200.000	696.000	44.570		
44.580	5.000	0.000	0.000	5.000	44.580	272.000	240.000	187.200	699.200	44.580		
44.590	5.000	0.000	0.000	5.000	44.590	284.800	240.000	174.400	699.200	44.590		
44.600	5.000	0.000	0.000	5.000	44.600	296.000	241.600	164.800	702.400	44.600		
44.610	2.500	0.000	0.000	2.500	44.610	307.200	241.600	153.600	702.400	44.610		
44.620	2.500	0.000	2.500	5.000	44.620	320.000	246.400	147.200	713.600	44.620		
44.630	2.500	0.000	0.000	2.500	44.630	334.400	246.400	136.000	716.800	44.630		
44.640	0.000	0.000	0.000	0.000	44.640	347.200	246.400	129.600	723.200	44.640		
44.650	2.500	0.000	0.000	2.500	44.650	360.000	249.600	121.600	731.200	44.650		
44.660	0.000	0.000	0.000	0.000	44.660	371.200	251.200	116.800	739.200	44.660		
44.670	0.000	0.000	0.000	0.000	44.670	384.000	254.400	108.800	747.200	44.670		
44.680	0.000	0.000	0.000	0.000	44.680	400.000	256.000	104.000	760.000	44.680		
44.690	0.000	0.000	0.000	0.000	44.690	416.660	261.040	97.890	775.590	44.690		
44.700	0.000	0.000	2.300	2.300	44.700	429.210	266.060	95.380	790.650	44.700		
44.710	0.000	0.000	0.000	0.000	44.710	444.270	266.060	90.360	800.690	44.710		
44.720	0.000	0.000	0.000	0.000	44.720	461.840	266.060	82.830	810.730	44.720		
44.730	0.000	2.300	0.000	2.300	44.730	476.900	263.550	75.300	815.750	44.730		
44.740	0.000	4.600	0.000	4.600	44.740	494.470	258.530	65.260	818.260	44.740		
44.750	0.000	2.300	0.000	2.300	44.750	514.550	248.490	57.730	820.770	44.750		
44.760	0.000	4.600	0.000	4.600	44.760	539.650	238.450	50.200	828.300	44.760		
44.770	0.000	2.300	0.000	2.300	44.770	562.240	223.390	42.670	828.300	44.770		
44.780	27.140	12.420	0.000	39.560	44.780	582.320	205.820	37.650	825.790	44.780		
44.790	59.800	14.720	0.000	74.520	44.790	599.890	180.720	30.120	810.730	44.790		
44.800	115.000	19.780	0.000	134.780	44.800	614.950	158.130	25.100	798.180	44.800		
44.810	178.560	21.120	0.000	199.680	44.810	624.990	133.030	17.570	775.590	44.810		
44.820	236.160	28.800	0.000	264.960	44.820	627.500	110.440	12.550	750.490	44.820		
44.830	301.440	42.240	0.000	343.680	44.830	619.970	90.360	10.040	720.370	44.830		
44.840	376.320	59.520	5.760	441.600	44.840	600.000	72.000	7.200	679.200	44.840		
44.850	443.520	99.840	21.120	564.480	44.850	568.800	60.000	4.800	633.600	44.850		
44.860	480.000	136.320	36.480	652.800	44.860	540.000	48.000	0.000	588.000	44.860		
44.870	468.480	153.600	49.920	672.000	44.870	504.000	38.400	0.000	542.400	44.870		
44.880	435.840	163.200	63.360	662.400	44.880	465.600	31.200	0.000	496.800	44.880		
44.890	414.720	182.400	84.480	681.600	44.890	424.800	24.000	0.000	448.800	44.890		
44.900	407.040	195.840	103.680	706.560	44.900	379.200	16.800	0.000	396.000	44.900		
44.910	403.200	213.120	120.960	737.280	44.910	331.200	7.200	0.000	338.400	44.910		
44.920	407.040	232.320	138.240	777.600	44.920	278.400	4.800	0.000	283.200	44.920		
44.930	410.880	249.600	151.680	812.160	44.930	225.600	2.400	0.000	228.000	44.930		
44.940	418.560	264.960	161.280	844.800	44.940	172.800	0.000	0.000	172.800	44.940		
44.950	428.160	278.400	174.720	881.280	44.950	124.800	0.000	0.000	124.800	44.950		
44.960	436.100	293.700	181.560	911.360	44.960	84.000	0.000	0.000	84.000	44.960		
44.970	441.440	306.160	192.240	939.840	44.970	48.000	0.000	0.000	48.000	44.970		
44.980	445.000	313.280	195.800	954.080	44.980	26.400	0.000	0.000	26.400	44.980		
44.990	441.440	318.620	201.140	961.200	44.990	15.000	0.000	4.980	19.980	44.990		
45.000	436.100	318.620	201.140	955.860	45.000	9.960	0.000	7.500	17.460	45.000		
45.010	427.200	318.620	204.700	950.520	45.010	7.500	0.000	9.960	17.460	45.010		
45.020	418.300	316.840	204.700	939.840	45.020	7.500	0.000	9.960	17.460	45.020		
45.030	414.740	313.280	204.700	932.720	45.030	7.500	0.000	9.960	17.460	45.030		
45.040	405.840	309.720	201.140	916.700	45.040	4.980	0.000	7.500	12.480	45.040		
45.050	398.720	306.160	201.140	906.020	45.050	4.980	0.000	4.980	9.960	45.050		
45.060	391.600	299.040	195.800	886.440	45.060	4.980	0.000	4.980	9.960	45.060		
45.070	386.260	293.700	194.020	873.980	45.070	2.460	0.000	4.980	7.440	45.070		
45.080	380.920	286.580	192.240	859.740	45.080	0.000	0.000	4.980	4.980	45.080		
45.090	377.360	279.460	183.340	840.160	45.090	2.460	0.000	4.980	7.440	45.090		
45.100	377.360	272.340	176.220	825.920	45.100	2.460	0.000	4.980	7.440	45.100		
45.110	374.400	261.000	169.200	804.600	45.110	0.000	0.000	4.980	4.980	45.110		
45.120	376.200	253.800	162.000	792.000	45.120	0.000	0.000	4.980	4.980	45.120		
45.130	379.800	246.600	151.200	777.600	45.130	0.000	0.000	7.500	7.500	45.130		
45.140	381.600	239.400	145.800	766.800	45.140	0.000	0.000	4.980	4.980	45.140		
45.150	387.000	232.200	138.600	757.800	45.150	0.000	0.000	4.980	4.980	45.150		
45.160	388.800	228.600	135.000	752.400	45.160	0.000	0.000	7.500	7.500	45.160		
45.170	396.000	225.000	129.600	750.600	45.170	0.000	0.000	7.500	7.500	45.170		
45.180	401.400	219.600	122.400	743.400	45.180	0.000	0.000	4.980	4.980	45.180		
45.190	408.600	216.000	118.800	743.400	45.190	0.000	0.000	4.980	4.980	45.190		
45.200	415.800	216.000	117.000	748.800	45.200	0.000	0.000	4.980	4.980	45.200		
45.210	421.200	216.000	113.400	750.600	45.210	0.000	0.000	4.980	4.980	45.210		
45.220	432.000	216.000	113.400	761.400	45.220	0.000	0.000	4.980	4.980	45.220		
45.230	437.400	219.600	113.400	770.400	45.230	0.000	0.000	4.980	4.980	45.230		
45.240	444.600	221.400	111.600	777.600	45.240	0.000	0.000	4.980	4.980	45.240		
45.250	450.000	225.000	113.400	788.400	45.250	0.000	0.000	4.980	4.980	45.250		
45.260	448.880	229.870	115.840	794.590	45.260	0.000	0.000	2.490	2.490	45.260		
45.270	452.500	231.680	115.840	800.020	45.270	0.000	0.000	2.490	2.490	45.270		
45.280	452.500	237.110	119.460	809.070	45.280	0.000	0.000	2.490	2.490	45.280		
45.290	452.500	240.730	124.890	818.120	45.290	0.000	0.000	0.000	0.000	45.290		
45.300	452.500	249.780	128.510	830.790	45.300	0.000	0.000	0.000	0.000	45.300		
45.310	452.500	257.020	132.130	841.650	45.310	0.000	0.000	0.000	0.000	45.310		
45.320	452.500	264.260	135.750	852.510	45.320	0.000	0.000	0.000	0.000	45.320		
45.330	448.880	271.500	144.800	865.180	45.330	0.000	0.000	0.000	0.000	45.330		
45.340	439.830	282.360	152.040	874.230	45.340	0.000	0.000	0.000	0.000	45.340		
45.350	427.160	291.410	159.280	877.850	45.350	0.000	0.000	0.000	0.000	45.350		
45.360	410.870	298.650	168.330	877.850	45.360	0.000	0.000	0.000	0.000	45.360		
45.370	394.580	309.510	177.380	881.470	45.370	0.000	2.500	0.000	2.500	45.370		
45.380	376.480	322.180	188.240	886.900	45.380	0.000	0.000	0.000	0.000	45.380		
45.390	356.570	331.230	204.530	892.330	45.390	0.000	0.000	0.000	0.000	45.390		
45.400	331.230	343.900	219.010	894.140	45.400	0.000	0.000	0.000	0.000	45.400		
45.410	299.200	354.200	235.400	888.800	45.410	0.000	0.000	0.000	0.000	45.410		
45.420	261.800	360.800	257.400	880.000	45.420	0.000	2.500	0.000	2.500	45.420		
45.430	224.400	367.400	281.600	873.400	45.430	0.000	2.500	0.000	2.500	45.430		
45.440	187.000	369.600	305.800	862.400	45.440	0.000	7.250	34.800	42.050	45.440		
45.450	149.600	367.400	334.400	851.400	45.450	0.000	8.700	66.700	75.400	45.450		
45.460	114.400	358.600	363.000	836.000	45.460	0.000	14.500	101.500	116.000	45.460		
45.470	83.600	341.000	396.000	820.600	45.470	0.000	17.400	129.050	146.450	45.470		
45.480	63.800	316.800	426.800	807.400	45.480	0.000	14.500	142.100	156.600	45.480		
45.490	48.400	288.200	455.400	792.000	45.490	0.000	14.500	153.700	168.200	45.490		
45.500	37.400	257.400	486.200	781.000	45.500	0.000	17.400	174.000	191.400	45.500		
45.510	28.600	226.600	510.400	765.600	45.510	4.350	21.750	208.800	234.900	45.510		
45.520	22.000	198.000	528.000	748.000	45.520	7.250	29.000	243.600	279.850	45.520		
45.530	13.200	173.800	541.200	728.200	45.530	14.500	44.950	271.150	330.600	45.530		
45.540	6.600	149.600	550.000	706.200	45.540	26.100	59.450	294.350	379.900	45.540		
45.550	4.400	125.400	550.000	679.800	45.550	39.150	66.700	308.850	414.700	45.550		
45.560	2.170	108.500	542.500	653.170	45.560	52.200	73.950	321.900	448.050	45.560		
45.570	0.000	91.140	527.310	618.450	45.570	62.350	84.100	339.300	485.750	45.570		
45.580	0.000	75.950	501.270	577.220	45.580	73.950	94.250	362.500	530.700	45.580		
45.590	0.000	60.760	466.550	527.310	45.590	80.640	105.280	385.280	571.200	45.590		
45.600	0.000	49.910	418.810	468.720	45.600	87.360	114.240	409.920	611.520	45.600		
45.610	0.000	34.720	364.560	399.280	45.610	91.840	125.440	434.560	651.840	45.610		
45.620	0.000	23.870	292.950	316.820	45.620	94.080	136.640	461.440	692.160	45.620		
45.630	0.000	10.850	210.490	221.340	45.630	98.560	147.840	488.320	734.720	45.630		
45.640	0.000	2.170	145.390	147.560	45.640	103.040	163.520	517.440	784.000	45.640		
45.650	0.000	0.000	93.310	93.310	45.650	105.280	176.960	539.840	822.080	45.650		
45.660	2.170	0.000	60.760	62.930	45.660	112.000	188.160	551.040	851.200	45.660		
45.670	4.340	0.000	34.720	39.060	45.670	116.480	199.360	560.000	875.840	45.670		
45.680	8.680	0.000	21.700	30.380	45.680	120.960	206.080	560.000	887.040	45.680		
45.690	10.850	0.000	13.020	23.870	45.690	123.200	210.560	555.520	889.280	45.690		
45.700	10.850	0.000	10.850	21.700	45.700	125.440	212.800	553.280	891.520	45.700		
45.710	12.500	0.000	7.500	20.000	45.710	132.160	219.520	546.560	898.240	45.710		
45.720	12.500	0.000	7.500	20.000	45.720	134.400	224.000	539.840	898.240	45.720		
45.730	12.500	0.000	7.500	20.000	45.730	138.880	226.240	528.640	893.760	45.730		
45.740	10.000	0.000	7.500	17.500	45.740	140.760	225.630	517.500	883.890	45.740		
45.750	10.000	0.000	5.000	15.000	45.750	140.760	223.560	500.940	865.260	45.750		
45.760	10.000	0.000	7.500	17.500	45.760	144.900	221.490	488.520	854.910	45.760		
45.770	10.000	0.000	5.000	15.000	45.770	146.970	221.490	471.960	840.420	45.770		
45.780	10.000	0.000	5.000	15.000	45.780	149.040	219.420	453.330	821.790	45.780		
45.790	10.000	0.000	5.000	15.000	45.790	151.110	217.350	436.770	805.230	45.790		
45.800	10.000	0.000	5.000	15.000	45.800	151.110	213.210	422.280	786.600	45.800		
45.810	12.500	0.000	2.500	15.000	45.810	153.180	211.140	403.650	767.970	45.810		
45.820	10.000	0.000	2.500	12.500	45.820	157.320	209.070	389.160	755.550	45.820		
45.830	12.500	0.000	0.000	12.500	45.830	159.390	209.070	376.740	745.200	45.830		
45.840	10.000	0.000	2.500	12.500	45.840	161.460	207.000	364.320	732.780	45.840		
45.850	12.500	0.000	2.500	15.000	45.850	163.530	207.000	353.970	724.500	45.850		
45.860	10.000	0.000	0.000	10.000	45.860	165.600	207.000	343.620	716.220	45.860		
45.870	12.500	0.000	2.500	15.000	45.870	169.740	207.000	341.550	718.290	45.870		
45.880	10.000	0.000	0.000	10.000	45.880	171.810	211.140	337.410	720.360	45.880		
45.890	12.500	2.500	0.000	15.000	45.890	174.150	211.950	334.800	720.900	45.890		
45.900	10.000	2.500	2.500	15.000	45.900	176.850	218.700	334.800	730.350	45.900		
45.910	12.500	2.500	2.500	17.500	45.910	184.950	221.400	334.800	741.150	45.910		
45.920	12.500	5.000	5.000	22.500	45.920	186.300	224.100	332.100	742.500	45.920		
45.930	10.000	5.000	5.000	20.000	45.930	189.000	229.500	334.800	753.300	45.930		
45.940	10.000	5.000	2.500	17.500	45.940	197.100	236.250	334.800	768.150	45.940		
45.950	10.000	5.000	5.000	20.000	45.950	202.500	244.350	337.500	784.350	45.950		
45.960	10.000	5.000	5.000	20.000	45.960	206.550	249.750	334.800	791.100	45.960		
45.970	10.000	7.500	7.500	25.000	45.970	217.350	256.500	326.700	800.550	45.970		
45.980	7.500	5.000	5.000	17.500	45.980	226.800	261.900	317.250	805.950	45.980		
45.990	10.000	7.500	5.000	22.500	45.990	234.900	261.900	299.700	796.500	45.990		
46.000	12.500	12.500	7.500	32.500	46.000	244.350	261.900	279.450	785.700	46.000		
46.010	17.460	19.400	6.790	43.650	46.010	256.500	259.200	253.800	769.500	46.010		
46.020	27.160	34.920	17.460	79.540	46.020	274.050	256.500	226.800	757.350	46.020		
46.030	39.770	54.320	24.250	118.340	46.030	297.000	249.750	197.100	743.850	46.030		
46.040	54.320	76.630	34.920	165.870	46.040	323.980	238.620	159.080	721.680	46.040		
46.050	74.690	101.850	57.230	233.770	46.050	356.960	219.220	124.160	700.340	46.050		
46.060	111.550	127.070	79.540	318.160	46.060	389.940	194.000	89.240	673.180	46.060		
46.070	154.230	157.140	101.850	413.220	46.070	420.980	161.020	65.960	647.960	46.070		
46.080	164.900	169.750	119.310	453.960	46.080	452.020	124.160	48.500	624.680	46.080		
46.090	152.290	171.690	134.830	458.810	46.090	473.360	91.180	40.740	605.280	46.090		
46.100	129.980	171.690	157.140	458.810	46.100	481.120	65.960	36.860	583.940	46.100		
46.110	117.370	179.450	182.360	479.180	46.110	485.000	48.500	31.040	564.540	46.110		
46.120	114.460	189.150	199.820	503.430	46.120	477.240	36.860	27.160	541.260	46.120		
46.130	117.370	201.760	217.280	536.410	46.130	459.780	27.160	19.400	506.340	46.130		
46.140	124.160	217.280	231.830	573.270	46.140	434.560	17.460	11.640	463.660	46.140		
46.150	131.920	231.830	242.500	606.250	46.150	401.580	5.820	5.820	413.220	46.150		
46.160	136.350	241.650	252.450	630.450	46.160	366.660	1.940	1.940	370.540	46.160		
46.170	144.450	253.800	259.200	657.450	46.170	325.920	0.000	0.000	325.920	46.170		
46.180	159.300	264.600	261.900	685.800	46.180	283.240	0.000	0.000	283.240	46.180		
46.190	174.150	279.450	267.300	720.900	46.190	227.500	0.000	0.000	227.500	46.190		
46.200	194.400	294.300	270.000	758.700	46.200	174.720	0.000	0.000	174.720	46.200		
46.210	211.950	303.750	270.000	785.700	46.210	124.670	0.000	0.000	124.670	46.210		
46.220	229.500	314.550	271.350	815.400	46.220	81.900	0.000	0.000	81.900	46.220		
46.230	244.350	321.300	271.350	837.000	46.230	51.870	0.000	4.550	56.420	46.230		
46.240	256.500	329.400	271.350	857.250	46.240	31.850	0.000	7.280	39.130	46.240		
46.250	270.000	334.800	270.000	874.800	46.250	14.560	0.000	9.100	23.660	46.250		
46.260	282.150	337.500	267.300	886.950	46.260	9.100	0.000	11.830	20.930	46.260		
46.270	288.900	337.500	261.900	888.300	46.270	7.280	0.000	14.560	21.840	46.270		
46.280	299.700	334.800	256.500	891.000	46.280	7.280	0.000	14.560	21.840	46.280		
46.290	306.450	332.100	249.750	888.300	46.290	4.550	0.000	9.100	13.650	46.290		
46.300	314.550	329.400	244.350	888.300	46.300	1.820	0.000	9.100	10.920	46.300		
46.310	321.860	321.860	231.420	875.140	46.310	1.820	0.000	7.280	9.100	46.310		
46.320	329.840	319.200	227.430	876.470	46.320	1.820	0.000	7.280	9.100	46.320		
46.330	332.500	316.540	222.110	871.150	46.330	0.000	0.000	7.280	7.280	46.330		
46.340	332.500	313.880	219.450	865.830	46.340	0.000	0.000	7.480	7.480	46.340		
46.350	329.840	311.220	216.790	857.850	46.350	0.000	0.000	7.480	7.480	46.350		
46.360	329.840	309.890	214.130	853.860	46.360	0.000	0.000	7.480	7.480	46.360		
46.370	327.180	304.570	208.810	840.560	46.370	0.000	0.000	7.480	7.480	46.370		
46.380	327.180	299.250	204.820	831.250	46.380	0.000	0.000	7.480	7.480	46.380		
46.390	327.180	293.930	196.840	817.950	46.390	0.000	0.000	7.480	7.480	46.390		
46.400	327.180	291.270	194.180	812.630	46.400	0.000	0.000	10.000	10.000	46.400		
46.410	329.840	289.940	188.860	808.640	46.410	0.000	0.000	7.480	7.480	46.410		
46.420	329.840	284.620	182.210	796.670	46.420	0.000	0.000	7.480	7.480	46.420		
46.430	329.840	281.960	179.550	791.350	46.430	0.000	0.000	7.480	7.480	46.430		
46.440	329.840	281.960	176.890	788.690	46.440	0.000	0.000	7.480	7.480	46.440		
46.450	327.180	281.960	174.230	783.370	46.450	0.000	0.000	7.480	7.480	46.450		
46.460	324.800	281.400	176.400	782.600	46.460	0.000	0.000	7.480	7.480	46.460		
46.470	322.000	287.000	179.200	788.200	46.470	0.000	0.000	7.480	7.480	46.470		
46.480	316.400	289.800	182.000	788.200	46.480	0.000	0.000	10.000	10.000	46.480		
46.490	316.400	294.000	186.200	796.600	46.490	0.000	0.000	10.000	10.000	46.490		
46.500	315.000	299.600	191.800	806.400	46.500	0.000	0.000	10.000	10.000	46.500		
46.510	309.400	306.600	198.800	814.800	46.510	0.000	0.000	10.000	10.000	46.510		
46.520	303.800	315.000	204.400	823.200	46.520	0.000	0.000	10.000	10.000	46.520		
46.530	299.600	322.000	211.400	833.000	46.530	0.000	0.000	12.480	12.480	46.530		
46.540	294.000	326.200	219.800	840.000	46.540	0.000	0.000	12.480	12.480	46.540		
46.550	284.200	334.600	226.800	845.600	46.550	0.000	0.000	14.960	14.960	46.550		
46.560	277.200	338.800	233.800	849.800	46.560	0.000	0.000	14.960	14.960	46.560		
46.570	267.400	344.400	239.400	851.200	46.570	0.000	0.000	17.440	17.440	46.570		
46.580	256.200	344.400	246.400	847.000	46.580	0.000	2.480	17.440	19.920	46.580		
46.590	246.400	347.200	249.200	842.800	46.590	0.000	0.000	17.440	17.440	46.590		
46.600	239.400	350.000	254.800	844.200	46.600	0.000	2.480	17.440	19.920	46.600		
46.610	232.000	353.800	259.550	845.350	46.610	0.000	4.960	20.000	24.960	46.610		
46.620	226.200	356.700	262.450	845.350	46.620	0.000	7.440	20.000	27.440	46.620		
46.630	224.750	359.600	262.450	846.800	46.630	0.000	10.000	17.440	27.440	46.630		
46.640	224.750	362.500	262.450	849.700	46.640	0.000	10.980	16.470	27.450	46.640		
46.650	226.200	362.500	256.650	845.350	46.650	0.000	10.980	16.470	27.450	46.650		
46.660	232.000	356.700	249.400	838.100	46.660	0.000	14.640	16.470	31.110	46.660		
46.670	236.350	349.450	232.000	817.800	46.670	0.000	16.470	54.900	71.370	46.670		
46.680	246.500	336.400	214.600	797.500	46.680	3.660	23.790	159.210	186.660	46.680		
46.690	246.500	319.000	194.300	759.800	46.690	3.660	34.770	232.410	270.840	46.690		
46.700	243.600	298.700	171.100	713.400	46.700	7.320	45.750	290.970	344.040	46.700		
46.710	236.350	279.850	153.700	669.900	46.710	9.150	45.750	323.910	378.810	46.710		
46.720	224.750	259.550	136.300	620.600	46.720	9.150	49.410	338.550	397.110	46.720		
46.730	211.700	239.250	118.900	569.850	46.730	10.980	56.730	371.490	439.200	46.730		
46.740	197.200	221.850	107.300	526.350	46.740	10.980	69.540	398.940	479.460	46.740		
46.750	179.800	201.550	91.350	472.700	46.750	14.640	78.690	411.750	505.080	46.750		
46.760	159.840	185.000	79.920	424.760	46.760	16.470	86.010	419.070	521.550	46.760		
46.770	136.900	167.240	64.380	368.520	46.770	23.790	98.820	439.200	561.810	46.770		
46.780	116.920	147.260	51.800	315.980	46.780	29.280	113.460	457.500	600.240	46.780		
46.790	94.720	127.280	37.000	259.000	46.790	40.320	132.160	474.880	647.360	46.790		
46.800	82.140	107.300	27.380	216.820	46.800	51.520	145.600	486.080	683.200	46.800		
46.810	69.560	84.360	11.840	165.760	46.810	60.480	161.280	499.520	721.280	46.810		
46.820	59.940	62.160	0.000	122.100	46.820	69.440	174.720	510.720	754.880	46.820		
46.830	51.800	49.580	0.000	101.380	46.830	78.400	188.160	528.640	795.200	46.830		
46.840	47.360	42.180	0.000	89.540	46.840	87.360	199.360	542.080	828.800	46.840		
46.850	47.360	39.960	0.000	87.320	46.850	91.840	206.080	551.040	848.960	46.850		
46.860	44.400	34.780	0.000	79.180	46.860	96.320	212.800	560.000	869.120	46.860		
46.870	42.180	34.780	0.000	76.960	46.870	96.320	217.280	560.000	873.600	46.870		
46.880	34.780	29.600	0.000	64.380	46.880	100.800	221.760	555.520	878.080	46.880		
46.890	31.820	24.420	0.000	56.240	46.890	103.040	221.760	546.560	871.360	46.890		
46.900	22.200	17.020	0.000	39.220	46.900	105.280	221.760	533.120	860.160	46.900		
46.910	17.500	12.460	0.000	29.960	46.910	109.760	219.520	524.160	853.440	46.910		
46.920	9.940	9.940	0.000	19.880	46.920	112.000	221.760	510.720	844.480	46.920		
46.930	9.940	7.490	0.000	17.430	46.930	114.240	221.760	499.520	835.520	46.930		
46.940	7.490	4.970	0.000	12.460	46.940	118.950	222.300	487.500	828.750	46.940		
46.950	7.490	4.970	0.000	12.460	46.950	124.800	222.300	473.850	820.950	46.950		
46.960	7.490	2.450	0.000	9.940	46.960	126.750	222.300	466.050	815.100	46.960		
46.970	7.490	0.000	0.000	7.490	46.970	130.650	224.250	462.150	817.050	46.970		
46.980	7.490	0.000	0.000	7.490	46.980	134.550	226.200	456.300	817.050	46.980		
46.990	7.490	0.000	0.000	7.490	46.990	136.500	226.200	452.400	815.100	46.990		
47.000	7.490	0.000	0.000	7.490	47.000	138.450	228.150	448.500	815.100	47.000		
47.010	7.490	0.000	0.000	7.490	47.010	142.350	228.150	446.550	817.050	47.010		
47.020	7.490	0.000	0.000	7.490	47.020	144.300	232.050	440.700	817.050	47.020		
47.030	7.490	0.000	0.000	7.490	47.030	144.300	232.050	438.750	815.100	47.030		
47.040	7.490	0.000	0.000	7.490	47.040	146.250	234.000	436.800	817.050	47.040		
47.050	7.490	0.000	0.000	7.490	47.050	148.200	235.950	434.850	819.000	47.050		
47.060	7.480	0.000	0.000	7.480	47.060	152.100	239.850	430.950	822.900	47.060		
47.070	7.480	0.000	0.000	7.480	47.070	154.050	241.800	430.950	826.800	47.070		
47.080	7.480	0.000	0.000	7.480	47.080	156.000	243.750	430.950	830.700	47.080		
47.090	7.480	0.000	0.000	7.480	47.090	157.430	247.390	432.500	837.320	47.090		
47.100	7.480	0.000	0.000	7.480	47.100	160.890	250.850	429.040	840.780	47.100		
47.110	7.480	0.000	0.000	7.480	47.110	164.350	254.310	423.850	842.510	47.110		
47.120	7.480	0.000	0.000	7.480	47.120	171.270	259.500	416.930	847.700	47.120		
47.130	7.480	0.000	0.000	7.480	47.130	176.460	264.690	408.280	849.430	47.130		
47.140	10.000	0.000	0.000	10.000	47.140	183.380	266.420	399.630	849.430	47.140		
47.150	10.000	0.000	0.000	10.000	47.150	192.030	269.880	390.980	852.890	47.150		
47.160	7.480	0.000	0.000	7.480	47.160	198.950	273.340	378.870	851.160	47.160		
47.170	7.480	0.000	0.000	7.480	47.170	209.330	276.800	366.760	852.890	47.170		
47.180	7.480	0.000	0.000	7.480	47.180	219.710	281.990	349.460	851.160	47.180		
47.190	7.480	0.000	0.000	7.480	47.190	233.550	281.990	332.160	847.700	47.190		
47.200	7.480	0.000	0.000	7.480	47.200	247.390	283.720	314.860	845.970	47.200		
47.210	7.000	0.000	0.000	7.000	47.210	261.230	283.720	295.830	840.780	47.210		
47.220	7.000	0.000	0.000	7.000	47.220	276.800	283.720	276.800	837.320	47.220		
47.230	7.000	0.000	0.000	7.000	47.230	295.830	281.990	254.310	832.130	47.230		
47.240	12.000	0.000	0.000	12.000	47.240	311.040	273.780	223.560	808.380	47.240		
47.250	25.000	0.000	0.000	25.000	47.250	327.240	264.060	202.500	793.800	47.250		
47.260	37.000	0.000	0.000	37.000	47.260	338.580	259.200	184.680	782.460	47.260		
47.270	40.000	2.000	2.000	44.000	47.270	354.780	249.480	163.620	767.880	47.270		
47.280	37.000	2.000	5.000	44.000	47.280	369.360	234.900	144.180	748.440	47.280		
47.290	30.000	5.000	5.000	40.000	47.290	382.320	217.080	126.360	725.760	47.290		
47.300	57.000	10.000	7.000	74.000	47.300	392.040	196.020	111.780	699.840	47.300		
47.310	107.000	22.000	15.000	144.000	47.310	398.520	174.960	93.960	667.440	47.310		
47.320	150.000	32.000	15.000	197.000	47.320	401.760	152.280	81.000	635.040	47.320		
47.330	185.000	42.000	17.000	244.000	47.330	405.000	126.360	71.280	602.640	47.330		
47.340	217.000	50.000	22.000	289.000	47.340	405.000	98.820	61.560	565.380	47.340		
47.350	250.000	62.000	22.000	334.000	47.350	401.760	76.140	59.940	537.840	47.350		
47.360	283.290	68.160	23.430	374.880	47.360	392.040	59.940	53.460	505.440	47.360		
47.370	310.980	78.810	25.560	415.350	47.370	374.220	43.740	51.840	469.800	47.370		
47.380	338.670	87.330	25.560	451.560	47.380	351.540	32.400	48.600	432.540	47.380		
47.390	359.970	91.590	29.820	481.380	47.390	325.000	19.500	46.800	391.300	47.390		
47.400	381.270	102.240	31.950	515.460	47.400	293.800	11.700	44.200	349.700	47.400		
47.410	404.700	108.630	34.080	547.410	47.410	263.900	6.500	41.600	312.000	47.410		
47.420	421.740	117.150	34.080	572.970	47.420	236.600	1.300	41.600	279.500	47.420		
47.430	438.780	121.410	36.210	596.400	47.430	206.700	0.000	39.000	245.700	47.430		
47.440	455.820	125.670	36.210	617.700	47.440	179.400	0.000	39.000	218.400	47.440		
47.450	474.990	132.060	34.080	641.130	47.450	152.100	0.000	39.000	191.100	47.450		
47.460	489.900	136.320	34.080	660.300	47.460	130.000	0.000	36.400	166.400	47.460		
47.470	506.940	138.450	34.080	679.470	47.470	109.200	0.000	36.400	145.600	47.470		
47.480	515.460	140.580	31.950	687.990	47.480	94.900	0.000	36.400	131.300	47.480		
47.490	526.110	140.580	29.820	696.510	47.490	89.700	0.000	36.400	126.100	47.490		
47.500	532.500	138.450	25.560	696.510	47.500	87.100	0.000	36.400	123.500	47.500		
47.510	535.000	141.240	25.680	701.920	47.510	89.700	1.300	36.400	127.400	47.510		
47.520	535.000	139.100	25.680	699.780	47.520	92.300	3.900	39.000	135.200	47.520		
47.530	528.580	139.100	25.680	693.360	47.530	98.800	6.500	39.000	144.300	47.530		
47.540	524.300	136.960	25.680	686.940	47.540	105.000	10.000	40.000	155.000	47.540		
47.550	522.160	136.960	25.680	684.800	47.550	110.000	15.000	42.500	167.500	47.550		
47.560	517.880	134.820	25.680	678.380	47.560	115.000	22.500	45.000	182.500	47.560		
47.570	517.880	130.540	23.540	671.960	47.570	112.500	32.500	57.500	202.500	47.570		
47.580	517.880	126.260	23.540	667.680	47.580	107.500	42.500	72.500	222.500	47.580		
47.590	517.880	124.120	21.400	663.400	47.590	102.500	50.000	92.500	245.000	47.590		
47.600	513.600	115.560	19.260	648.420	47.600	95.000	52.500	110.000	257.500	47.600		
47.610	511.460	111.280	17.120	639.860	47.610	92.500	55.000	120.000	267.500	47.610		
47.620	507.180	104.860	17.120	629.160	47.620	87.500	55.000	125.000	267.500	47.620		
47.630	500.760	96.300	14.980	612.040	47.630	82.500	52.500	122.500	257.500	47.630		
47.640	494.340	92.020	14.980	601.340	47.640	80.000	52.500	122.500	255.000	47.640		
47.650	487.920	89.880	10.700	588.500	47.650	77.500	50.000	120.000	247.500	47.650		
47.660	485.000	83.420	11.640	580.060	47.660	77.500	47.500	117.500	242.500	47.660		
47.670	479.180	81.480	11.640	572.300	47.670	77.500	50.000	117.500	245.000	47.670		
47.680	479.180	79.540	11.640	570.360	47.680	77.500	47.500	115.000	240.000	47.680		
47.690	477.240	75.660	9.700	562.600	47.690	77.500	47.500	115.000	240.000	47.690		
47.700	477.240	75.660	9.700	562.600	47.700	77.500	47.500	115.000	240.000	47.700		
47.710	477.240	73.720	9.700	560.660	47.710	77.500	50.000	117.500	245.000	47.710		
47.720	479.180	75.660	9.700	564.540	47.720	77.500	50.000	117.500	245.000	47.720		
47.730	479.180	75.660	9.700	564.540	47.730	77.500	50.000	120.000	247.500	47.730		
47.740	481.120	75.660	9.700	566.480	47.740	80.000	52.500	122.500	255.000	47.740		
47.750	481.120	75.660	9.700	566.480	47.750	80.000	55.000	125.000	260.000	47.750		
47.760	485.000	81.480	9.700	576.180	47.760	82.500	57.500	125.000	265.000	47.760		
47.770	485.000	83.420	11.640	580.060	47.770	87.500	62.500	125.000	275.000	47.770		
47.780	481.120	87.300	9.700	578.120	47.780	90.000	65.000	125.000	280.000	47.780		
47.790	481.120	89.240	11.640	582.000	47.790	92.500	65.000	122.500	280.000	47.790		
47.800	481.120	91.180	11.640	583.940	47.800	95.000	67.500	120.000	282.500	47.800		
47.810	478.170	93.150	12.420	583.740	47.810	97.500	67.500	115.000	280.000	47.810		
47.820	476.100	97.290	14.490	587.880	47.820	97.500	65.000	110.000	272.500	47.820		
47.830	474.030	101.430	14.490	589.950	47.830	102.500	67.500	105.000	275.000	47.830		
47.840	471.960	101.430	14.490	587.880	47.840	104.850	64.800	97.200	266.850	47.840		
47.850	471.960	103.500	16.560	592.020	47.850	107.100	64.800	92.250	264.150	47.850		
47.860	471.960	101.430	14.490	587.880	47.860	109.800	62.100	84.600	256.500	47.860		
47.870	474.030	103.500	14.490	592.020	47.870	109.800	62.100	79.650	251.550	47.870		
47.880	476.100	103.500	16.560	596.160	47.880	112.500	59.850	74.700	247.050	47.880		
47.890	478.170	103.500	16.560	598.230	47.890	112.500	59.850	72.450	244.800	47.890		
47.900	482.310	103.500	14.490	600.300	47.900	112.500	59.850	69.750	242.100	47.900		
47.910	486.450	101.430	16.560	604.440	47.910	109.800	59.850	67.500	237.150	47.910		
47.920	494.730	101.430	14.490	610.650	47.920	109.800	59.850	64.800	234.450	47.920		
47.930	500.940	101.430	14.490	616.860	47.930	109.800	59.850	64.800	234.450	47.930		
47.940	509.220	99.360	14.490	623.070	47.940	107.100	59.850	64.800	231.750	47.940		
47.950	517.500	99.360	14.490	631.350	47.950	104.850	59.850	62.100	226.800	47.950		
47.960	526.140	99.900	13.320	639.360	47.960	104.850	59.850	59.850	224.550	47.960		
47.970	532.800	95.460	11.100	639.360	47.970	104.850	62.100	57.150	224.100	47.970		
47.980	541.680	95.460	11.100	648.240	47.980	107.100	62.100	54.900	224.100	47.980		
47.990	546.120	91.020	8.880	646.020	47.990	114.660	64.890	49.770	229.320	47.990		
48.000	550.560	91.020	11.100	652.680	48.000	119.700	67.410	42.210	229.320	48.000		
48.010	550.560	88.800	11.100	650.460	48.010	127.260	67.410	39.690	234.360	48.010		
48.020	555.000	88.800	8.880	652.680	48.020	132.300	67.410	34.650	234.360	48.020		
48.030	550.560	88.800	8.880	648.240	48.030	139.860	67.410	32.130	239.400	48.030		
48.040	548.340	88.800	8.880	646.020	48.040	144.900	67.410	24.570	236.880	48.040		
48.050	543.900	88.800	8.880	641.580	48.050	149.940	64.890	19.530	234.360	48.050		
48.060	541.680	88.800	11.100	641.580	48.060	152.460	62.370	14.490	229.320	48.060		
48.070	539.460	88.800	11.100	639.360	48.070	157.500	57.330	11.970	226.800	48.070		
48.080	537.240	91.020	11.100	639.360	48.080	157.500	54.810	9.450	221.760	48.080		
48.090	530.580	93.240	13.320	637.140	48.090	157.500	54.810	9.450	221.760	48.090		
48.100	530.580	93.240	11.100	634.920	48.100	154.980	49.770	4.410	209.160	48.100		
48.110	530.400	96.000	14.400	640.800	48.110	152.460	47.250	4.410	204.120	48.110		
48.120	532.800	100.800	14.400	648.000	48.120	144.900	44.730	1.890	191.520	48.120		
48.130	535.200	105.600	16.800	657.600	48.130	137.340	39.690	1.890	178.920	48.130		
48.140	540.000	110.400	16.800	667.200	48.140	125.000	37.500	0.000	162.500	48.140		
48.150	542.400	120.000	16.800	679.200	48.150	112.500	35.000	0.000	147.500	48.150		
48.160	544.800	127.200	24.000	696.000	48.160	97.500	35.000	0.000	132.500	48.160		
48.170	547.200	136.800	28.800	712.800	48.170	82.500	30.000	0.000	112.500	48.170		
48.180	549.600	144.000	33.600	727.200	48.180	65.000	25.000	0.000	90.000	48.180		
48.190	556.800	153.600	43.200	753.600	48.190	47.500	22.500	0.000	70.000	48.190		
48.200	561.600	163.200	48.000	772.800	48.200	30.000	17.500	2.500	50.000	48.200		
48.210	571.200	170.400	52.800	794.400	48.210	15.000	12.500	5.000	32.500	48.210		
48.220	578.400	180.000	62.400	820.800	48.220	2.500	12.500	7.500	22.500	48.220		
48.230	588.000	187.200	64.800	840.000	48.230	0.000	10.000	7.500	17.500	48.230		
48.240	595.200	196.800	69.600	861.600	48.240	0.000	10.000	5.000	15.000	48.240		
48.250	600.000	201.600	74.400	876.000	48.250	0.000	10.000	7.500	17.500	48.250		
48.260	600.000	206.400	76.800	883.200	48.260	0.000	10.000	7.500	17.500	48.260		
48.270	595.200	208.800	81.600	885.600	48.270	0.000	7.500	7.500	15.000	48.270		
48.280	592.800	208.800	81.600	883.200	48.280	0.000	5.000	7.500	12.500	48.280		
48.290	588.000	208.800	81.600	878.400	48.290	0.000	4.950	7.470	12.420	48.290		
48.300	588.000	206.400	81.600	876.000	48.300	0.000	4.950	9.990	14.940	48.300		
48.310	585.600	204.000	79.200	868.800	48.310	0.000	2.430	9.990	12.420	48.310		
48.320	583.200	196.800	74.400	854.400	48.320	0.000	4.950	12.420	17.370	48.320		
48.330	578.400	192.000	69.600	840.000	48.330	0.000	2.430	12.420	14.850	48.330		
48.340	573.600	187.200	67.200	828.000	48.340	0.000	2.430	14.940	17.370	48.340		
48.350	566.400	182.400	64.800	813.600	48.350	0.000	2.430	14.940	17.370	48.350		
48.360	559.200	172.800	60.000	792.000	48.360	0.000	2.430	14.940	17.370	48.360		
48.370	554.400	172.800	60.000	787.200	48.370	0.000	2.430	17.460	19.890	48.370		
48.380	547.200	168.000	52.800	768.000	48.380	0.000	0.000	17.460	17.460	48.380		
48.390	542.400	168.000	55.200	765.600	48.390	0.000	0.000	17.460	17.460	48.390		
48.400	535.200	163.200	55.200	753.600	48.400	0.000	2.430	19.980	22.410	48.400		
48.410	533.570	163.100	53.590	750.260	48.410	0.000	0.000	19.980	19.980	48.410		
48.420	533.570	163.100	53.590	750.260	48.420	0.000	0.000	22.500	22.500	48.420		
48.430	533.570	160.770	51.260	745.600	48.430	0.000	0.000	22.500	22.500	48.430		
48.440	535.900	160.770	48.930	745.600	48.440	0.000	0.000	22.440	22.440	48.440		
48.450	538.230	160.770	48.930	747.930	48.450	0.000	0.000	24.970	24.970	48.450		
48.460	540.560	160.770	48.930	750.260	48.460	0.000	2.420	24.970	27.390	48.460		
48.470	542.890	158.440	46.600	747.930	48.470	0.000	0.000	24.970	24.970	48.470		
48.480	549.880	158.440	44.270	752.590	48.480	0.000	2.420	24.970	27.390	48.480		
48.490	552.210	160.770	46.600	759.580	48.490	0.000	2.420	24.970	27.390	48.490		
48.500	556.870	160.770	44.270	761.910	48.500	0.000	2.420	24.970	27.390	48.500		
48.510	561.530	160.770	44.270	766.570	48.510	0.000	2.420	24.970	27.390	48.510		
48.520	566.190	163.100	46.600	775.890	48.520	0.000	0.000	24.970	24.970	48.520		
48.530	570.850	165.430	41.940	778.220	48.530	0.000	2.420	27.500	29.920	48.530		
48.540	575.510	163.100	41.940	780.550	48.540	0.000	2.420	27.500	29.920	48.540		
48.550	582.500	165.430	41.940	789.870	48.550	0.000	0.000	24.970	24.970	48.550		
48.560	585.390	167.960	41.990	795.340	48.560	0.000	2.420	24.970	27.390	48.560		
48.570	587.860	167.960	41.990	797.810	48.570	0.000	2.420	24.970	27.390	48.570		
48.580	587.860	165.490	41.990	795.340	48.580	0.000	2.420	24.970	27.390	48.580		
48.590	592.800	167.960	41.990	802.750	48.590	0.000	1.380	24.840	26.220	48.590		
48.600	595.270	167.960	41.990	805.220	48.600	0.000	1.380	22.080	23.460	48.600		
48.610	595.270	170.430	41.990	807.690	48.610	0.000	0.000	22.080	22.080	48.610		
48.620	597.740	172.900	41.990	812.630	48.620	0.000	0.000	19.320	19.320	48.620		
48.630	602.680	175.370	41.990	820.040	48.630	0.000	0.000	16.560	16.560	48.630		
48.640	605.150	177.840	44.460	827.450	48.640	0.000	0.000	12.420	12.420	48.640		
48.650	612.560	182.780	46.930	842.270	48.650	0.000	0.000	9.660	9.660	48.650		
48.660	617.500	187.720	46.930	852.150	48.660	89.700	84.180	289.800	463.680	48.660		
48.670	605.150	185.250	44.460	834.860	48.670	56.580	71.760	345.000	473.340	48.670		
48.680	582.920	175.370	44.460	802.750	48.680	13.800	22.080	201.480	237.360	48.680		
48.690	555.750	165.490	41.990	763.230	48.690	24.840	34.500	189.060	248.400	48.690		
48.700	533.520	158.080	39.520	731.120	48.700	28.980	38.640	226.320	293.940	48.700		
48.710	510.000	150.960	36.720	697.680	48.710	41.400	49.680	224.940	316.020	48.710		
48.720	483.480	146.880	36.720	667.080	48.720	49.680	46.920	194.580	291.180	48.720		
48.730	459.000	138.720	34.680	632.400	48.730	53.820	46.920	166.980	267.720	48.730		
48.740	436.560	134.640	34.680	605.880	48.740	64.170	47.430	154.380	265.980	48.740		
48.750	414.120	128.520	30.600	573.240	48.750	66.960	49.290	149.730	265.980	48.750		
48.760	395.760	124.440	30.600	550.800	48.760	69.750	52.080	142.290	264.120	48.760		
48.770	379.440	118.320	30.600	528.360	48.770	71.610	54.870	139.500	265.980	48.770		
48.780	363.120	116.280	34.680	514.080	48.780	74.400	56.730	136.710	267.840	48.780		
48.790	348.840	114.240	34.680	497.760	48.790	74.400	56.730	134.850	265.980	48.790		
48.800	336.600	112.200	34.680	483.480	48.800	77.190	56.730	134.850	268.770	48.800		
48.810	324.360	108.120	36.720	469.200	48.810	77.190	59.520	136.710	273.420	48.810		
48.820	316.200	106.080	34.680	456.960	48.820	77.190	64.170	144.150	285.510	48.820		
48.830	308.040	106.080	36.720	450.840	48.830	77.190	66.960	157.170	301.320	48.830		
48.840	306.000	104.040	36.720	446.760	48.840	77.190	71.610	174.840	323.640	48.840		
48.850	306.000	104.040	36.720	446.760	48.850	74.400	79.980	191.580	345.960	48.850		
48.860	307.500	104.550	36.900	448.950	48.860	74.400	84.630	207.390	366.420	48.860		
48.870	303.810	104.550	36.900	445.260	48.870	74.400	89.280	219.480	383.160	48.870		
48.880	301.350	102.090	34.440	437.880	48.880	74.400	92.070	232.500	398.970	48.880		
48.890	296.430	102.090	36.900	435.420	48.890	76.820	96.860	242.150	415.830	48.890		
48.900	281.670	102.090	36.900	420.660	48.900	76.820	98.530	252.170	427.520	48.900		
48.910	261.990	102.090	41.820	405.900	48.910	78.490	103.540	258.850	440.880	48.910		
48.920	237.390	107.010	49.200	393.600	48.920	81.830	108.550	267.200	457.580	48.920		
48.930	204.180	111.930	56.580	372.690	48.930	83.500	111.890	273.880	469.270	48.930		
48.940	169.740	119.310	68.880	357.930	48.940	81.830	113.560	283.900	479.290	48.940		
48.950	131.610	124.230	84.870	340.710	48.950	83.500	121.910	293.920	499.330	48.950		
48.960	94.710	129.150	107.010	330.870	48.960	86.840	126.920	307.280	521.040	48.960		
48.970	63.960	129.150	129.150	322.260	48.970	88.510	128.590	318.970	536.070	48.970		
48.980	49.200	121.770	148.830	319.800	48.980	91.850	138.610	337.340	567.800	48.980		
48.990	36.900	114.390	169.740	321.030	48.990	93.520	143.620	354.040	591.180	48.990		
49.000	31.980	102.090	184.500	318.570	49.000	96.860	151.970	369.070	617.900	49.000		
49.010	24.640	84.700	192.500	301.840	49.010	101.870	161.990	387.440	651.300	49.010		
49.020	16.940	72.380	192.500	281.820	49.020	103.540	168.670	404.140	676.350	49.020		
49.030	12.320	62.370	189.420	264.110	49.030	108.550	178.690	417.500	704.740	49.030		
49.040	9.240	52.360	179.410	241.010	49.040	114.560	189.740	424.230	728.530	49.040		
49.050	4.620	39.270	167.090	210.980	49.050	119.930	198.690	431.390	750.010	49.050		
49.060	4.620	29.260	149.380	183.260	49.060	123.510	205.850	436.760	766.120	49.060		
49.070	2.310	16.940	132.440	151.690	49.070	132.460	214.800	438.550	785.810	49.070		
49.080	2.310	6.930	104.720	113.960	49.080	136.040	223.750	443.920	803.710	49.080		
49.090	0.000	0.000	79.310	79.310	49.090	144.990	234.490	447.500	826.980	49.090		
49.100	2.310	0.000	54.670	56.980	49.100	148.570	243.440	447.500	839.510	49.100		
49.110	4.620	0.000	36.960	41.580	49.110	153.940	252.390	443.920	850.250	49.110		
49.120	6.930	0.000	19.250	26.180	49.120	159.310	261.340	443.920	864.570	49.120		
49.130	6.930	0.000	4.620	11.550	49.130	166.470	266.710	436.760	869.940	49.130		
49.140	9.240	0.000	0.000	9.240	49.140	173.630	277.450	429.600	880.680	49.140		
49.150	9.240	0.000	0.000	9.240	49.150	179.000	284.610	417.070	880.680	49.150		
49.160	7.500	0.000	0.000	7.500	49.160	186.160	289.980	404.540	880.680	49.160		
49.170	7.500	0.000	0.000	7.500	49.170	191.530	291.770	388.430	871.730	49.170		
49.180	7.500	0.000	0.000	7.500	49.180	198.690	297.140	372.320	868.150	49.180		
49.190	7.500	0.000	0.000	7.500	49.190	206.180	300.820	349.830	856.830	49.190		
49.200	4.980	0.000	0.000	4.980	49.200	216.320	305.890	331.240	853.450	49.200		
49.210	4.980	0.000	0.000	4.980	49.210	226.460	310.960	309.270	846.690	49.210		
49.220	4.980	0.000	0.000	4.980	49.220	236.600	316.030	288.990	841.620	49.220		
49.230	4.980	0.000	0.000	4.980	49.230	246.740	321.100	267.020	834.860	49.230		
49.240	4.980	0.000	0.000	4.980	49.240	261.950	324.480	243.360	829.790	49.240		
49.250	4.980	0.000	0.000	4.980	49.250	273.780	329.550	224.770	828.100	49.250		
49.260	4.980	0.000	0.000	4.980	49.260	292.370	336.310	204.490	833.170	49.260		
49.270	2.490	0.000	0.000	2.490	49.270	309.270	339.690	180.830	829.790	49.270		
49.280	2.490	0.000	0.000	2.490	49.280	326.170	341.380	163.930	831.480	49.280		
49.290	2.490	0.000	0.000	2.490	49.290	344.760	341.380	143.650	829.790	49.290		
49.300	2.490	0.000	0.000	2.490	49.300	361.660	344.760	126.750	833.170	49.300		
49.310	2.220	0.000	0.000	2.220	49.310	381.940	341.380	109.850	833.170	49.310		
49.320	2.220	0.000	0.000	2.220	49.320	398.840	339.690	94.640	833.170	49.320		
49.330	0.000	0.000	0.000	0.000	49.330	422.500	331.240	79.430	833.170	49.330		
49.340	0.000	0.000	0.000	0.000	49.340	443.840	327.040	67.160	838.040	49.340		
49.350	2.220	0.000	0.000	2.220	49.350	467.200	318.280	55.480	840.960	49.350		
49.360	0.000	0.000	0.000	0.000	49.360	490.560	312.440	46.720	849.720	49.360		
49.370	0.000	0.000	0.000	0.000	49.370	513.920	300.760	37.960	852.640	49.370		
49.380	0.000	0.000	0.000	0.000	49.380	537.280	294.920	32.120	864.320	49.380		
49.390	0.000	0.000	0.000	0.000	49.390	557.720	283.240	23.360	864.320	49.390		
49.400	0.000	0.000	0.000	0.000	49.400	584.000	268.640	14.600	867.240	49.400		
49.410	12.210	0.000	0.000	12.210	49.410	607.360	254.040	5.840	867.240	49.410		
49.420	24.790	0.000	0.000	24.790	49.420	624.880	239.440	2.920	867.240	49.420		
49.430	37.370	2.220	0.000	39.590	49.430	648.240	219.000	0.000	867.240	49.430		
49.440	59.940	4.810	0.000	64.750	49.440	671.600	201.480	0.000	873.080	49.440		
49.450	92.500	4.810	0.000	97.310	49.450	692.040	178.120	0.000	870.160	49.450		
49.460	144.000	15.000	0.000	159.000	49.460	706.640	154.760	0.000	861.400	49.460		
49.470	181.500	34.500	4.500	220.500	49.470	721.240	137.240	0.000	858.480	49.470		
49.480	204.000	46.500	16.500	267.000	49.480	730.000	116.800	0.000	846.800	49.480		
49.490	217.500	52.500	24.000	294.000	49.490	730.000	99.280	0.000	829.280	49.490		
49.500	217.500	57.000	34.500	309.000	49.500	721.240	84.680	0.000	805.920	49.500		
49.510	219.000	67.500	46.500	333.000	49.510	709.560	70.080	0.000	779.640	49.510		
49.520	232.500	79.500	60.000	372.000	49.520	692.040	58.400	0.000	750.440	49.520		
49.530	247.500	90.000	69.000	406.500	49.530	659.920	46.720	0.000	706.640	49.530		
49.540	271.500	105.000	82.500	459.000	49.540	624.880	37.960	0.000	662.840	49.540		
49.550	294.000	120.000	90.000	504.000	49.550	572.320	29.200	0.000	601.520	49.550		
49.560	316.500	136.500	97.500	550.500	49.560	508.080	14.600	0.000	522.680	49.560		
49.570	334.500	154.500	106.500	595.500	49.570	429.240	8.760	0.000	438.000	49.570		
49.580	349.500	172.500	117.000	639.000	49.580	341.640	0.000	0.000	341.640	49.580		
49.590	361.500	192.000	124.500	678.000	49.590	256.960	0.000	0.000	256.960	49.590		
49.600	375.000	207.000	135.000	717.000	49.600	178.120	0.000	0.000	178.120	49.600		
49.610	381.300	221.650	141.050	744.000	49.610	119.720	0.000	0.000	119.720	49.610		
49.620	387.500	232.500	148.800	768.800	49.620	70.080	0.000	0.000	70.080	49.620		
49.630	384.400	244.900	159.650	788.950	49.630	40.880	0.000	0.000	40.880	49.630		
49.640	379.750	249.550	167.400	796.700	49.640	20.000	0.000	0.000	20.000	49.640		
49.650	373.550	258.850	176.700	809.100	49.650	17.440	0.000	0.000	17.440	49.650		
49.660	367.350	269.700	184.450	821.500	49.660	12.480	0.000	0.000	12.480	49.660		
49.670	361.150	277.450	193.750	832.350	49.670	10.000	0.000	0.000	10.000	49.670		
49.680	354.950	282.100	201.500	838.550	49.680	10.000	0.000	0.000	10.000	49.680		
49.690	344.100	286.750	206.150	837.000	49.690	7.440	0.000	0.000	7.440	49.690		
49.700	334.800	289.850	212.350	837.000	49.700	4.960	0.000	0.000	4.960	49.700		
49.710	323.950	289.850	217.000	830.800	49.710	4.960	0.000	0.000	4.960	49.710		
49.720	311.550	289.850	221.650	823.050	49.720	4.960	0.000	0.000	4.960	49.720		
49.730	296.050	286.750	229.400	812.200	49.730	2.480	0.000	0.000	2.480	49.730		
49.740	282.100	283.650	232.500	798.250	49.740	2.480	0.000	0.000	2.480	49.740		
49.750	269.700	282.100	237.150	788.950	49.750	2.480	0.000	0.000	2.480	49.750		
49.760	251.370	276.360	241.080	768.810	49.760	2.480	0.000	0.000	2.480	49.760		
49.770	239.610	274.890	246.960	761.460	49.770	0.000	0.000	0.000	0.000	49.770		
49.780	224.910	271.950	249.900	746.760	49.780	2.480	0.000	0.000	2.480	49.780		
49.790	211.680	269.010	257.250	737.940	49.790	2.500	0.000	0.000	2.500	49.790		
49.800	196.980	266.070	264.600	727.650	49.800	2.500	0.000	0.000	2.500	49.800		
49.810	186.690	266.070	269.010	721.770	49.810	0.000	0.000	0.000	0.000	49.810		
49.820	176.400	264.600	276.360	717.360	49.820	0.000	0.000	0.000	0.000	49.820		
49.830	169.050	266.070	286.650	721.770	49.830	0.000	0.000	0.000	0.000	49.830		
49.840	158.760	266.070	291.060	715.890	49.840	0.000	0.000	0.000	0.000	49.840		
49.850	149.940	269.010	304.290	723.240	49.850	0.000	0.000	0.000	0.000	49.850		
49.860	144.060	271.950	311.640	727.650	49.860	0.000	0.000	0.000	0.000	49.860		
49.870	136.710	274.890	324.870	736.470	49.870	0.000	0.000	0.000	0.000	49.870		
49.880	132.300	279.300	339.570	751.170	49.880	0.000	0.000	0.000	0.000	49.880		
49.890	126.420	283.710	354.270	764.400	49.890	0.000	0.000	0.000	0.000	49.890		
49.900	119.070	289.590	367.500	776.160	49.900	0.000	0.000	0.000	0.000	49.900		
49.910	110.600	297.040	385.520	793.160	49.910	0.000	0.000	0.000	0.000	49.910		
49.920	104.280	297.040	404.480	805.800	49.920	0.000	0.000	0.000	0.000	49.920		
49.930	94.800	303.360	426.600	824.760	49.930	0.000	0.000	0.000	0.000	49.930		
49.940	85.320	309.680	448.720	843.720	49.940	0.000	0.000	0.000	0.000	49.940		
49.950	75.840	309.680	474.000	859.520	49.950	0.000	0.000	0.000	0.000	49.950		
49.960	69.520	309.680	499.280	878.480	49.960	0.000	0.000	0.000	0.000	49.960		
49.970	56.880	309.680	524.560	891.120	49.970	0.000	0.000	0.000	0.000	49.970		
49.980	47.400	303.360	553.000	903.760	49.980	0.000	0.000	0.000	0.000	49.980		
49.990	37.920	297.040	584.600	919.560	49.990	0.000	0.000	0.000	0.000	49.990		
50.000	31.600	284.400	622.520	938.520	50.000	0.000	0.000	0.000	0.000	50.000		
50.010	22.120	262.280	663.600	948.000	50.010	0.000	0.000	0.000	0.000	50.010		
50.020	15.800	249.640	695.200	960.640	50.020	0.000	0.000	0.000	0.000	50.020		
50.030	9.480	233.840	729.960	973.280	50.030	2.450	0.000	0.000	2.450	50.030		
50.040	6.320	214.880	761.560	982.760	50.040	0.000	0.000	0.000	0.000	50.040		
50.050	3.160	202.240	790.000	995.400	50.050	0.000	0.000	12.250	12.250	50.050		
50.060	0.000	185.760	815.280	1001.040	50.060	0.000	4.900	54.880	59.780	50.060		
50.070	0.000	168.560	835.920	1004.480	50.070	0.000	9.800	92.120	101.920	50.070		
50.080	0.000	151.360	849.680	1001.040	50.080	0.000	12.250	122.500	134.750	50.080		
50.090	0.000	137.600	860.000	997.600	50.090	0.000	13.440	159.360	172.800	50.090		
50.100	0.000	123.840	856.560	980.400	50.100	0.000	17.280	213.120	230.400	50.100		
50.110	0.000	110.080	860.000	970.080	50.110	1.920	19.200	268.800	289.920	50.110		
50.120	0.000	96.320	842.800	939.120	50.120	9.600	24.960	318.720	353.280	50.120		
50.130	0.000	79.120	822.160	901.280	50.130	11.520	34.560	360.960	407.040	50.130		
50.140	0.000	68.800	794.640	863.440	50.140	19.200	49.920	397.440	466.560	50.140		
50.150	0.000	55.040	746.480	801.520	50.150	26.880	69.120	416.640	512.640	50.150		
50.160	0.000	41.280	688.000	729.280	50.160	30.720	74.880	407.040	512.640	50.160		
50.170	0.000	30.960	612.320	643.280	50.170	42.240	78.720	384.000	504.960	50.170		
50.180	0.000	17.200	509.120	526.320	50.180	49.920	80.640	368.640	499.200	50.180		
50.190	0.000	6.880	409.360	416.240	50.190	61.440	88.320	372.480	522.240	50.190		
50.200	0.000	0.000	309.600	309.600	50.200	71.040	101.760	385.920	558.720	50.200		
50.210	0.000	0.000	215.000	215.000	50.210	80.640	113.280	410.880	604.800	50.210		
50.220	0.000	0.000	139.320	139.320	50.220	88.320	128.640	443.520	660.480	50.220		
50.230	0.000	0.000	89.440	89.440	50.230	96.000	145.920	480.000	721.920	50.230		
50.240	0.000	0.000	49.880	49.880	50.240	101.700	160.460	513.020	775.180	50.240		
50.250	0.000	0.000	22.360	22.360	50.250	106.220	171.760	537.880	815.860	50.250		
50.260	0.000	0.000	14.620	14.620	50.260	106.220	180.800	553.700	840.720	50.260		
50.270	0.000	0.000	12.040	12.040	50.270	108.480	185.320	560.480	854.280	50.270		
50.280	0.000	0.000	6.880	6.880	50.280	108.480	189.840	565.000	863.320	50.280		
50.290	0.000	0.000	6.880	6.880	50.290	108.480	192.100	560.480	861.060	50.290		
50.300	0.000	0.000	6.880	6.880	50.300	110.740	194.360	553.700	858.800	50.300		
50.310	0.000	0.000	4.300	4.300	50.310	113.000	196.620	542.400	852.020	50.310		
50.320	0.000	0.000	4.300	4.300	50.320	115.260	198.880	526.580	840.720	50.320		
50.330	0.000	0.000	1.720	1.720	50.330	122.040	203.400	506.240	831.680	50.330		
50.340	0.000	0.000	1.720	1.720	50.340	128.820	205.660	485.900	820.380	50.340		
50.350	0.000	0.000	1.720	1.720	50.350	135.600	207.920	463.300	806.820	50.350		
50.360	0.000	0.000	2.500	2.500	50.360	142.380	212.440	436.180	791.000	50.360		
50.370	0.000	0.000	0.000	0.000	50.370	149.160	214.700	411.320	775.180	50.370		
50.380	0.000	0.000	0.000	0.000	50.380	155.940	214.700	386.460	757.100	50.380		
50.390	0.000	0.000	0.000	0.000	50.390	164.850	213.520	354.820	733.190	50.390		
50.400	0.000	0.000	0.000	0.000	50.400	174.270	213.520	326.560	714.350	50.400		
50.410	0.000	0.000	0.000	0.000	50.410	183.690	213.520	301.440	698.650	50.410		
50.420	0.000	0.000	0.000	0.000	50.420	196.250	213.520	276.320	686.090	50.420		
50.430	0.000	0.000	0.000	0.000	50.430	207.240	213.520	251.200	671.960	50.430		
50.440	0.000	0.000	0.000	0.000	50.440	219.800	213.520	232.360	665.680	50.440		
50.450	0.000	0.000	0.000	0.000	50.450	237.070	213.520	211.950	662.540	50.450		
50.460	0.000	0.000	0.000	0.000	50.460	251.200	216.660	194.680	662.540	50.460		
50.470	0.000	0.000	0.000	0.000	50.470	266.900	219.800	177.410	664.110	50.470		
50.480	0.000	0.000	0.000	0.000	50.480	284.170	221.370	161.710	667.250	50.480		
50.490	0.000	0.000	0.000	0.000	50.490	304.580	221.370	146.010	671.960	50.490		
50.500	0.000	0.000	0.000	0.000	50.500	321.850	224.510	139.730	686.090	50.500		
50.510	0.000	0.000	0.000	0.000	50.510	342.260	226.080	127.170	695.510	50.510		
50.520	0.000	0.000	0.000	0.000	50.520	364.240	229.220	114.610	708.070	50.520		
50.530	0.000	0.000	0.000	0.000	50.530	392.500	226.080	102.050	720.630	50.530		
50.540	0.000	0.000	0.000	0.000	50.540	417.890	226.490	89.320	733.700	50.540		
50.550	0.000	0.000	0.000	0.000	50.550	446.600	220.110	76.560	743.270	50.550		
50.560	0.000	0.000	0.000	0.000	50.560	472.120	220.110	66.990	759.220	50.560		
50.570	0.000	0.000	0.000	0.000	50.570	500.830	216.920	60.610	778.360	50.570		
50.580	0.000	0.000	0.000	0.000	50.580	529.540	213.730	54.230	797.500	50.580		
50.590	0.000	0.000	0.000	0.000	50.590	561.440	207.350	44.660	813.450	50.590		
50.600	0.000	0.000	0.000	0.000	50.600	590.150	197.780	38.280	826.210	50.600		
50.610	0.000	0.000	2.400	2.400	50.610	622.050	181.830	31.900	835.780	50.610		
50.620	0.000	2.400	0.000	2.400	50.620	653.950	165.880	22.330	842.160	50.620		
50.630	0.000	2.400	0.000	2.400	50.630	682.660	149.930	19.140	851.730	50.630		
50.640	0.000	2.400	0.000	2.400	50.640	714.560	133.980	12.760	861.300	50.640		
50.650	30.000	7.440	0.000	37.440	50.650	743.270	114.840	9.570	867.680	50.650		
50.660	74.740	12.120	0.000	86.860	50.660	765.600	95.700	9.570	870.870	50.660		
50.670	137.360	12.120	0.000	149.480	50.670	784.740	79.750	3.190	867.680	50.670		
50.680	193.920	16.160	0.000	210.080	50.680	797.500	63.800	3.190	864.490	50.680		
50.690	266.640	24.240	0.000	290.880	50.690	800.000	48.000	0.000	848.000	50.690		
50.700	351.480	34.340	2.020	387.840	50.700	793.600	35.200	0.000	828.800	50.700		
50.710	428.240	56.560	12.120	496.920	50.710	774.400	28.800	0.000	803.200	50.710		
50.720	476.720	90.900	22.220	589.840	50.720	755.200	16.000	0.000	771.200	50.720		
50.730	488.840	129.280	36.360	654.480	50.730	723.200	6.400	0.000	729.600	50.730		
50.740	468.640	141.400	48.480	658.520	50.740	681.600	0.000	0.000	681.600	50.740		
50.750	438.340	151.500	66.660	656.500	50.750	620.800	0.000	0.000	620.800	50.750		
50.760	434.300	165.640	86.860	686.800	50.760	547.200	0.000	0.000	547.200	50.760		
50.770	446.420	179.780	96.960	723.160	50.770	454.400	0.000	0.000	454.400	50.770		
50.780	460.560	193.920	107.060	761.540	50.780	361.600	0.000	0.000	361.600	50.780		
50.790	484.800	206.040	113.120	803.960	50.790	262.400	0.000	0.000	262.400	50.790		
50.800	505.000	218.160	119.180	842.340	50.800	166.400	0.000	0.000	166.400	50.800		
50.810	518.320	234.080	123.310	875.710	50.810	92.800	0.000	0.000	92.800	50.810		
50.820	522.500	246.620	131.670	900.790	50.820	48.000	0.000	0.000	48.000	50.820		
50.830	522.500	259.160	137.940	919.600	50.830	22.400	0.000	0.000	22.400	50.830		
50.840	514.140	265.430	146.300	925.870	50.840	22.500	0.000	4.950	27.450	50.840		
50.850	499.510	273.790	154.660	927.960	50.850	17.460	0.000	7.470	24.930	50.850		
50.860	476.520	275.880	158.840	911.240	50.860	14.940	0.000	7.470	22.410	50.860		
50.870	455.620	273.790	167.200	896.610	50.870	14.940	0.000	4.950	19.890	50.870		
50.880	430.540	273.790	169.290	873.620	50.880	12.420	0.000	2.430	14.850	50.880		
50.890	409.640	273.790	173.470	856.900	50.890	9.990	0.000	2.430	12.420	50.890		
50.900	388.740	271.700	175.560	836.000	50.900	9.990	0.000	2.430	12.420	50.900		
50.910	369.930	269.610	181.830	821.370	50.910	7.470	0.000	2.430	9.900	50.910		
50.920	349.030	269.610	183.920	802.560	50.920	4.950	0.000	2.430	7.380	50.920		
50.930	328.130	265.430	186.010	779.570	50.930	4.950	0.000	2.430	7.380	50.930		
50.940	311.410	265.430	192.280	769.120	50.940	4.950	0.000	2.430	7.380	50.940		
50.950	290.510	263.340	196.460	750.310	50.950	4.950	0.000	2.430	7.380	50.950		
50.960	268.840	264.550	204.490	737.880	50.960	4.950	0.000	2.430	7.380	50.960		
50.970	251.680	267.410	211.640	730.730	50.970	4.950	0.000	2.430	7.380	50.970		
50.980	231.660	267.410	218.790	717.860	50.980	4.950	0.000	2.430	7.380	50.980		
50.990	217.360	268.840	224.510	710.710	50.990	5.000	0.000	2.500	7.500	50.990		
51.000	198.770	271.700	231.660	702.130	51.000	5.000	0.000	2.500	7.500	51.000		
51.010	184.470	277.420	241.670	703.560	51.010	2.500	0.000	2.500	5.000	51.010		
51.020	171.600	278.850	248.820	699.270	51.020	5.000	0.000	2.500	7.500	51.020		
51.030	158.730	287.430	258.830	704.990	51.030	2.500	0.000	2.500	5.000	51.030		
51.040	147.290	291.720	271.700	710.710	51.040	2.500	0.000	2.500	5.000	51.040		
51.050	137.280	298.870	287.430	723.580	51.050	2.500	0.000	2.500	5.000	51.050		
51.060	127.270	304.590	297.440	729.300	51.060	0.000	0.000	0.000	0.000	51.060		
51.070	117.260	311.740	311.740	740.740	51.070	2.500	0.000	2.500	5.000	51.070		
51.080	107.250	317.460	327.470	752.180	51.080	2.500	0.000	2.500	5.000	51.080		
51.090	98.670	321.750	344.630	765.050	51.090	0.000	0.000	0.000	0.000	51.090		
51.100	88.660	328.900	357.500	775.060	51.100	0.000	0.000	0.000	0.000	51.100		
51.110	77.220	332.640	380.160	790.020	51.110	0.000	0.000	0.000	0.000	51.110		
51.120	71.280	335.610	400.950	807.840	51.120	0.000	0.000	0.000	0.000	51.120		
51.130	62.370	335.610	421.740	819.720	51.130	0.000	0.000	0.000	0.000	51.130		
51.140	56.430	335.610	439.560	831.600	51.140	0.000	0.000	0.000	0.000	51.140		
51.150	50.490	335.610	463.320	849.420	51.150	0.000	0.000	0.000	0.000	51.150		
51.160	44.550	332.640	484.110	861.300	51.160	0.000	0.000	0.000	0.000	51.160		
51.170	35.640	332.640	510.840	879.120	51.170	0.000	0.000	0.000	0.000	51.170		
51.180	29.700	329.670	537.570	896.940	51.180	0.000	0.000	0.000	0.000	51.180		
51.190	23.760	320.760	564.300	908.820	51.190	2.430	0.000	0.000	2.430	51.190		
51.200	14.850	308.880	588.060	911.790	51.200	2.430	0.000	0.000	2.430	51.200		
51.210	8.910	294.030	617.760	920.700	51.210	2.430	0.000	0.000	2.430	51.210		
51.220	2.970	276.210	647.460	926.640	51.220	2.430	0.000	0.000	2.430	51.220		
51.230	0.000	258.390	677.160	935.550	51.230	2.430	0.000	0.000	2.430	51.230		
51.240	0.000	237.600	709.830	947.430	51.240	2.430	0.000	0.000	2.430	51.240		
51.250	0.000	219.780	742.500	962.280	51.250	0.000	0.000	0.000	0.000	51.250		
51.260	0.000	196.800	767.520	964.320	51.260	0.000	2.430	32.400	34.830	51.260		
51.270	0.000	177.120	793.760	970.880	51.270	0.000	9.720	134.460	144.180	51.270		
51.280	0.000	154.160	810.160	964.320	51.280	0.000	12.150	202.500	214.650	51.280		
51.290	0.000	134.480	820.000	954.480	51.290	0.000	12.300	235.750	248.050	51.290		
51.300	0.000	114.800	813.440	928.240	51.300	0.000	12.300	287.000	299.300	51.300		
51.310	0.000	98.400	806.880	905.280	51.310	4.100	18.450	366.950	389.500	51.310		
51.320	0.000	85.280	787.200	872.480	51.320	8.200	26.650	434.600	469.450	51.320		
51.330	0.000	72.160	757.680	829.840	51.330	14.350	36.900	473.550	524.800	51.330		
51.340	0.000	55.760	711.760	767.520	51.340	20.500	59.450	502.250	582.200	51.340		
51.350	0.000	42.640	646.160	688.800	51.350	30.750	86.100	512.500	629.350	51.350		
51.360	0.000	29.520	574.000	603.520	51.360	49.200	104.550	494.050	647.800	51.360		
51.370	0.000	19.680	482.160	501.840	51.370	63.550	114.800	479.700	658.050	51.370		
51.380	0.000	6.560	380.480	387.040	51.380	84.050	133.250	475.600	692.900	51.380		
51.390	0.000	0.000	282.080	282.080	51.390	104.550	153.750	481.750	740.050	51.390		
51.400	0.000	0.000	193.520	193.520	51.400	118.900	174.250	489.950	783.100	51.400		
51.410	0.000	0.000	122.500	122.500	51.410	133.250	196.800	494.050	824.100	51.410		
51.420	0.000	0.000	69.580	69.580	51.420	145.550	213.200	498.150	856.900	51.420		
51.430	0.000	0.000	39.690	39.690	51.430	159.900	231.650	496.100	887.650	51.430		
51.440	0.000	0.000	24.990	24.990	51.440	173.550	249.600	487.500	910.650	51.440		
51.450	0.000	0.000	19.600	19.600	51.450	187.200	261.300	473.850	922.350	51.450		
51.460	0.000	0.000	17.150	17.150	51.460	200.850	274.950	456.300	932.100	51.460		
51.470	0.000	0.000	14.700	14.700	51.470	214.500	280.800	434.850	930.150	51.470		
51.480	0.000	0.000	12.250	12.250	51.480	226.200	284.700	411.450	922.350	51.480		
51.490	0.000	0.000	12.250	12.250	51.490	235.950	284.700	382.200	902.850	51.490		
51.500	0.000	0.000	9.800	9.800	51.500	245.700	280.800	354.900	881.400	51.500		
51.510	0.000	0.000	9.800	9.800	51.510	253.500	276.900	329.550	859.950	51.510		
51.520	0.000	0.000	7.350	7.350	51.520	261.300	269.100	302.250	832.650	51.520		
51.530	0.000	0.000	7.350	7.350	51.530	269.100	263.250	278.850	811.200	51.530		
51.540	0.000	0.000	7.350	7.350	51.540	276.900	257.400	257.400	791.700	51.540		
51.550	0.000	0.000	4.900	4.900	51.550	280.800	251.550	235.950	768.300	51.550		
51.560	0.000	0.000	5.000	5.000	51.560	288.600	245.700	216.450	750.750	51.560		
51.570	0.000	0.000	5.000	5.000	51.570	294.450	239.850	196.950	731.250	51.570		
51.580	0.000	0.000	5.000	5.000	51.580	298.350	234.000	181.350	713.700	51.580		
51.590	0.000	0.000	2.500	2.500	51.590	305.950	229.990	166.690	702.630	51.590		
51.600	0.000	0.000	5.000	5.000	51.600	314.390	223.660	151.920	689.970	51.600		
51.610	0.000	0.000	2.500	2.500	51.610	320.720	219.440	139.260	679.420	51.610		
51.620	0.000	0.000	2.500	2.500	51.620	331.270	217.330	128.710	677.310	51.620		
51.630	0.000	0.000	2.500	2.500	51.630	343.930	217.330	118.160	679.420	51.630		
51.640	0.000	0.000	2.500	2.500	51.640	356.590	217.330	109.720	683.640	51.640		
51.650	0.000	0.000	0.000	0.000	51.650	371.360	217.330	101.280	689.970	51.650		
51.660	0.000	0.000	0.000	0.000	51.660	386.130	219.440	94.950	700.520	51.660		
51.670	0.000	0.000	0.000	0.000	51.670	403.010	219.440	86.510	708.960	51.670		
51.680	0.000	0.000	0.000	0.000	51.680	426.220	221.550	75.960	723.730	51.680		
51.690	0.000	0.000	0.000	0.000	51.690	447.320	221.550	69.630	738.500	51.690		
51.700	0.000	0.000	0.000	0.000	51.700	466.310	221.550	63.300	751.160	51.700		
51.710	0.000	0.000	0.000	0.000	51.710	487.410	219.440	59.080	765.930	51.710		
51.720	0.000	0.000	0.000	0.000	51.720	508.510	219.440	54.860	782.810	51.720		
51.730	0.000	0.000	0.000	0.000	51.730	527.500	219.440	48.530	795.470	51.730		
51.740	0.000	0.000	0.000	0.000	51.740	551.580	212.390	44.380	808.350	51.740		
51.750	0.000	0.000	0.000	0.000	51.750	573.770	206.050	38.040	817.860	51.750		
51.760	0.000	0.000	0.000	0.000	51.760	592.790	196.540	34.870	824.200	51.760		
51.770	0.000	0.000	0.000	0.000	51.770	614.980	187.030	31.700	833.710	51.770		
51.780	0.000	2.490	0.000	2.490	51.780	637.170	177.520	22.190	836.880	51.780		
51.790	0.000	2.490	0.000	2.490	51.790	659.360	164.840	22.190	846.390	51.790		
51.800	0.000	4.980	0.000	4.980	51.800	684.720	148.990	12.680	846.390	51.800		
51.810	0.000	4.980	0.000	4.980	51.810	703.740	133.140	9.510	846.390	51.810		
51.820	0.000	7.500	0.000	7.500	51.820	719.590	120.460	9.510	849.560	51.820		
51.830	0.000	7.500	0.000	7.500	51.830	738.610	104.610	6.340	849.560	51.830		
51.840	0.000	4.980	0.000	4.980	51.840	754.460	95.100	3.170	852.730	51.840		
51.850	0.000	4.980	0.000	4.980	51.850	767.140	82.420	0.000	849.560	51.850		
51.860	0.000	9.000	0.000	9.000	51.860	779.820	72.910	0.000	852.730	51.860		
51.870	29.250	18.000	0.000	47.250	51.870	789.330	66.570	0.000	855.900	51.870		
51.880	67.500	29.250	0.000	96.750	51.880	792.500	57.060	0.000	849.560	51.880		
51.890	114.750	47.250	4.500	166.500	51.890	787.500	50.400	0.000	837.900	51.890		
51.900	159.750	67.500	11.250	238.500	51.900	774.900	44.100	0.000	819.000	51.900		
51.910	229.500	90.000	15.750	335.250	51.910	749.700	34.650	0.000	784.350	51.910		
51.920	366.750	130.500	36.000	533.250	51.920	721.350	31.500	0.000	752.850	51.920		
51.930	479.250	182.250	72.000	733.500	51.930	677.250	22.050	0.000	699.300	51.930		
51.940	526.500	202.500	90.000	819.000	51.940	617.400	9.450	0.000	626.850	51.940		
51.950	526.500	209.250	105.750	841.500	51.950	532.350	0.000	0.000	532.350	51.950		
51.960	519.750	216.000	119.250	855.000	51.960	434.700	0.000	0.000	434.700	51.960		
51.970	519.750	225.000	126.000	870.750	51.970	315.000	0.000	0.000	315.000	51.970		
51.980	526.500	234.000	135.000	895.500	51.980	201.600	0.000	0.000	201.600	51.980		
51.990	544.500	247.500	139.500	931.500	51.990	119.700	0.000	0.000	119.700	51.990		
52.000	562.500	256.500	139.500	958.500	52.000	59.850	0.000	0.000	59.850	52.000		
52.010	570.000	266.760	141.360	978.120	52.010	25.200	0.000	0.000	25.200	52.010		
52.020	570.000	273.600	141.360	984.960	52.020	18.900	0.000	0.000	18.900	52.020		
52.030	565.440	275.880	141.360	982.680	52.030	15.750	0.000	3.150	18.900	52.030		
52.040	560.880	278.160	143.640	982.680	52.040	12.500	0.000	7.500	20.000	52.040		
52.050	558.600	278.160	141.360	978.120	52.050	12.500	0.000	5.000	17.500	52.050		
52.060	551.760	273.600	139.080	964.440	52.060	12.500	0.000	5.000	17.500	52.060		
52.070	535.800	269.040	136.800	941.640	52.070	10.000	0.000	2.500	12.500	52.070		
52.080	519.840	255.360	132.240	907.440	52.080	10.000	0.000	2.500	12.500	52.080		
52.090	494.760	243.960	129.960	868.680	52.090	7.500	0.000	2.500	10.000	52.090		
52.100	469.680	230.280	123.120	823.080	52.100	7.500	0.000	2.500	10.000	52.100		
52.110	446.880	221.160	120.840	788.880	52.110	5.000	0.000	2.500	7.500	52.110		
52.120	424.080	212.040	118.560	754.680	52.120	5.000	0.000	5.000	10.000	52.120		
52.130	405.840	207.480	116.280	729.600	52.130	5.000	0.000	2.500	7.500	52.130		
52.140	389.880	198.360	114.000	702.240	52.140	2.500	0.000	5.000	7.500	52.140		
52.150	376.200	196.080	114.000	686.280	52.150	2.500	0.000	2.500	5.000	52.150		
52.160	362.500	197.200	114.550	674.250	52.160	2.500	0.000	5.000	7.500	52.160		
52.170	349.450	198.650	117.450	665.550	52.170	2.500	0.000	5.000	7.500	52.170		
52.180	339.300	201.550	121.800	662.650	52.180	2.500	0.000	2.500	5.000	52.180		
52.190	332.050	207.350	126.150	665.550	52.190	2.500	0.000	5.000	7.500	52.190		
52.200	324.800	214.600	131.950	671.350	52.200	0.000	0.000	5.000	5.000	52.200		
52.210	316.100	221.850	139.200	677.150	52.210	0.000	0.000	5.000	5.000	52.210		
52.220	308.850	232.000	146.450	687.300	52.220	0.000	0.000	5.000	5.000	52.220		
52.230	301.600	242.150	159.500	703.250	52.230	0.000	0.000	2.500	2.500	52.230		
52.240	294.350	252.300	169.650	716.300	52.240	0.000	0.000	2.500	2.500	52.240		
52.250	281.300	263.900	184.150	729.350	52.250	0.000	0.000	2.500	2.500	52.250		
52.260	271.150	279.850	201.550	752.550	52.260	0.000	0.000	2.500	2.500	52.260		
52.270	262.450	291.450	218.950	772.850	52.270	0.000	0.000	2.500	2.500	52.270		
52.280	246.500	304.500	236.350	787.350	52.280	0.000	0.000	0.000	0.000	52.280		
52.290	234.900	314.650	256.650	806.200	52.290	0.000	0.000	0.000	0.000	52.290		
52.300	217.500	326.250	276.950	820.700	52.300	0.000	0.000	0.000	0.000	52.300		
52.310	195.840	339.840	305.280	840.960	52.310	0.000	0.000	0.000	0.000	52.310		
52.320	175.680	354.240	331.200	861.120	52.320	0.000	0.000	0.000	0.000	52.320		
52.330	161.280	365.760	360.000	887.040	52.330	0.000	0.000	0.000	0.000	52.330		
52.340	141.120	374.400	388.800	904.320	52.340	0.000	0.000	0.000	0.000	52.340		
52.350	123.840	377.280	417.600	918.720	52.350	0.000	1.880	0.000	1.880	52.350		
52.360	106.560	377.280	449.280	933.120	52.360	0.000	1.880	0.000	1.880	52.360		
52.370	86.400	374.400	480.960	941.760	52.370	0.000	0.000	0.000	0.000	52.370		
52.380	63.360	360.000	521.280	944.640	52.380	0.000	0.000	0.000	0.000	52.380		
52.390	48.960	339.840	555.840	944.640	52.390	0.000	0.000	0.000	0.000	52.390		
52.400	37.440	313.920	587.520	938.880	52.400	0.000	0.000	0.000	0.000	52.400		
52.410	25.920	285.120	624.960	936.000	52.410	0.000	0.000	0.000	0.000	52.410		
52.420	17.280	259.200	653.760	930.240	52.420	0.000	0.000	0.000	0.000	52.420		
52.430	8.640	233.280	682.560	924.480	52.430	0.000	0.000	0.000	0.000	52.430		
52.440	0.000	213.120	702.720	915.840	52.440	0.000	6.580	14.100	20.680	52.440		
52.450	0.000	192.960	720.000	912.960	52.450	0.000	12.220	51.700	63.920	52.450		
52.460	0.000	175.800	729.570	905.370	52.460	0.000	24.440	96.820	121.260	52.460		
52.470	0.000	164.080	732.500	896.580	52.470	0.000	36.660	172.020	208.680	52.470		
52.480	0.000	152.360	726.640	879.000	52.480	4.700	42.300	235.000	282.000	52.480		
52.490	0.000	137.710	711.990	849.700	52.490	27.040	74.880	289.120	391.040	52.490		
52.500	0.000	128.920	688.550	817.470	52.500	56.160	104.000	380.640	540.800	52.500		
52.510	0.000	120.130	656.320	776.450	52.510	54.080	106.080	438.880	599.040	52.510		
52.520	0.000	108.410	606.510	714.920	52.520	70.720	116.480	440.960	628.160	52.520		
52.530	0.000	99.620	542.050	641.670	52.530	83.200	120.640	436.800	640.640	52.530		
52.540	0.000	79.110	442.430	521.540	52.540	91.520	128.960	447.200	667.680	52.540		
52.550	0.000	58.600	331.090	389.690	52.550	99.840	137.280	447.200	684.320	52.550		
52.560	0.000	38.090	228.540	266.630	52.560	108.160	145.600	459.680	713.440	52.560		
52.570	0.000	23.440	152.360	175.800	52.570	116.480	162.240	476.320	755.040	52.570		
52.580	0.000	14.650	96.690	111.340	52.580	120.640	174.720	492.960	788.320	52.580		
52.590	0.000	5.860	52.740	58.600	52.590	128.960	189.280	505.440	823.680	52.590		
52.600	0.000	0.000	26.370	26.370	52.600	137.280	201.760	515.840	854.880	52.600		
52.610	0.000	0.000	12.500	12.500	52.610	143.520	214.240	520.000	877.760	52.610		
52.620	0.000	0.000	10.000	10.000	52.620	149.760	224.640	513.760	888.160	52.620		
52.630	0.000	0.000	7.500	7.500	52.630	153.920	230.880	511.680	896.480	52.630		
52.640	0.000	0.000	7.500	7.500	52.640	159.580	236.340	505.000	900.920	52.640		
52.650	0.000	0.000	7.500	7.500	52.650	163.620	238.360	490.860	892.840	52.650		
52.660	0.000	0.000	5.000	5.000	52.660	165.640	238.360	476.720	880.720	52.660		
52.670	0.000	0.000	2.500	2.500	52.670	169.680	238.360	464.600	872.640	52.670		
52.680	0.000	0.000	2.500	2.500	52.680	171.700	234.320	446.420	852.440	52.680		
52.690	0.000	0.000	2.500	2.500	52.690	171.700	234.320	432.280	838.300	52.690		
52.700	0.000	0.000	0.000	0.000	52.700	173.720	228.260	414.100	816.080	52.700		
52.710	0.000	0.000	0.000	0.000	52.710	179.780	228.260	395.920	803.960	52.710		
52.720	0.000	0.000	0.000	0.000	52.720	181.800	224.220	379.760	785.780	52.720		
52.730	0.000	0.000	0.000	0.000	52.730	183.820	224.220	359.560	767.600	52.730		
52.740	0.000	0.000	0.000	0.000	52.740	189.880	222.200	343.400	755.480	52.740		
52.750	0.000	0.000	0.000	0.000	52.750	191.900	214.120	327.240	733.260	52.750		
52.760	0.000	0.000	0.000	0.000	52.760	193.920	212.100	313.100	719.120	52.760		
52.770	0.000	0.000	0.000	0.000	52.770	199.980	208.060	298.960	707.000	52.770		
52.780	0.000	0.000	0.000	0.000	52.780	202.000	206.040	284.820	692.860	52.780		
52.790	0.000	0.000	0.000	0.000	52.790	209.600	206.400	272.000	688.000	52.790		
52.800	0.000	0.000	0.000	0.000	52.800	216.000	204.800	259.200	680.000	52.800		
52.810	0.000	0.000	0.000	0.000	52.810	224.000	206.400	249.600	680.000	52.810		
52.820	0.000	0.000	0.000	0.000	52.820	232.000	209.600	236.800	678.400	52.820		
52.830	0.000	0.000	0.000	0.000	52.830	241.600	209.600	227.200	678.400	52.830		
52.840	0.000	0.000	0.000	0.000	52.840	251.200	211.200	216.000	678.400	52.840		
52.850	0.000	0.000	0.000	0.000	52.850	262.400	214.400	206.400	683.200	52.850		
52.860	0.000	0.000	0.000	0.000	52.860	273.600	216.000	196.800	686.400	52.860		
52.870	0.000	2.500	0.000	2.500	52.870	289.600	219.200	187.200	696.000	52.870		
52.880	0.000	2.500	0.000	2.500	52.880	302.400	227.200	179.200	708.800	52.880		
52.890	0.000	2.500	2.500	5.000	52.890	320.000	232.000	171.200	723.200	52.890		
52.900	0.000	5.000	2.500	7.500	52.900	339.200	240.000	161.600	740.800	52.900		
52.910	0.000	3.820	1.910	5.730	52.910	356.800	241.600	148.800	747.200	52.910		
52.920	0.000	3.820	0.000	3.820	52.920	379.200	241.600	136.000	756.800	52.920		
52.930	0.000	5.730	1.910	7.640	52.930	400.000	240.000	121.600	761.600	52.930		
52.940	0.000	5.730	1.910	7.640	52.940	425.350	230.300	103.400	759.050	52.940		
52.950	0.000	5.730	1.910	7.640	52.950	448.850	220.900	89.300	759.050	52.950		
52.960	11.460	11.460	0.000	22.920	52.960	472.350	209.150	72.850	754.350	52.960		
52.970	34.380	19.100	0.000	53.480	52.970	495.850	188.000	58.750	742.600	52.970		
52.980	70.670	21.010	0.000	91.680	52.980	521.700	164.500	49.350	735.550	52.980		
52.990	133.700	21.010	0.000	154.710	52.990	545.200	136.300	39.950	721.450	52.990		
53.000	219.650	28.650	0.000	248.300	53.000	568.700	105.750	32.900	707.350	53.000		
53.010	299.870	43.930	5.730	349.530	53.010	580.450	82.250	30.550	693.250	53.010		
53.020	376.270	76.400	17.190	469.860	53.020	587.500	58.750	23.500	669.750	53.020		
53.030	443.120	126.060	38.200	607.380	53.030	582.800	42.300	18.800	643.900	53.030		
53.040	477.500	148.980	53.480	679.960	53.040	568.700	30.550	14.100	613.350	53.040		
53.050	471.770	162.350	68.760	702.880	53.050	540.500	18.800	7.050	566.350	53.050		
53.060	456.300	171.600	91.650	719.550	53.060	498.200	9.400	2.350	509.950	53.060		
53.070	454.350	187.200	103.350	744.900	53.070	451.200	0.000	0.000	451.200	53.070		
53.080	456.300	204.750	118.950	780.000	53.080	397.150	0.000	0.000	397.150	53.080		
53.090	462.150	218.400	130.650	811.200	53.090	322.500	0.000	0.000	322.500	53.090		
53.100	466.050	234.000	138.450	838.500	53.100	254.130	0.000	0.000	254.130	53.100		
53.110	475.800	249.600	148.200	873.600	53.110	189.630	0.000	0.000	189.630	53.110		
53.120	483.600	261.300	154.050	898.950	53.120	126.420	0.000	0.000	126.420	53.120		
53.130	487.500	274.950	161.850	924.300	53.130	79.980	0.000	0.000	79.980	53.130		
53.140	487.500	284.700	165.750	937.950	53.140	46.440	0.000	6.450	52.890	53.140		
53.150	479.700	288.600	171.600	939.900	53.150	27.090	0.000	11.610	38.700	53.150		
53.160	466.050	288.600	177.450	932.100	53.160	16.770	0.000	14.190	30.960	53.160		
53.170	448.500	288.600	179.400	916.500	53.170	14.190	0.000	16.770	30.960	53.170		
53.180	430.950	288.600	183.300	902.850	53.180	11.610	0.000	16.770	28.380	53.180		
53.190	411.450	284.700	187.200	883.350	53.190	11.610	0.000	11.610	23.220	53.190		
53.200	390.000	280.800	191.100	861.900	53.200	9.030	0.000	9.030	18.060	53.200		
53.210	367.500	279.300	196.980	843.780	53.210	9.030	0.000	9.030	18.060	53.210		
53.220	346.920	271.950	199.920	818.790	53.220	9.030	0.000	9.030	18.060	53.220		
53.230	329.280	269.010	204.330	802.620	53.230	6.450	0.000	9.030	15.480	53.230		
53.240	314.580	266.070	207.270	787.920	53.240	5.000	0.000	10.000	15.000	53.240		
53.250	299.880	264.600	211.680	776.160	53.250	5.000	0.000	10.000	15.000	53.250		
53.260	283.710	261.660	214.620	759.990	53.260	5.000	0.000	10.000	15.000	53.260		
53.270	271.950	261.660	219.030	752.640	53.270	5.000	0.000	10.000	15.000	53.270		
53.280	261.660	261.660	224.910	748.230	53.280	5.000	0.000	12.500	17.500	53.280		
53.290	249.900	261.660	232.260	743.820	53.290	2.500	0.000	12.500	15.000	53.290		
53.300	239.610	258.720	233.730	732.060	53.300	2.500	0.000	10.000	12.500	53.300		
53.310	229.320	258.720	239.610	727.650	53.310	2.500	0.000	10.000	12.500	53.310		
53.320	221.970	261.660	244.020	727.650	53.320	5.000	0.000	10.000	15.000	53.320		
53.330	216.090	264.600	249.900	730.590	53.330	2.500	0.000	10.000	12.500	53.330		
53.340	211.680	266.070	257.250	735.000	53.340	2.500	0.000	10.000	12.500	53.340		
53.350	207.270	274.890	264.600	746.760	53.350	2.500	0.000	10.000	12.500	53.350		
53.360	204.600	278.850	272.250	755.700	53.360	2.500	0.000	10.000	12.500	53.360		
53.370	199.650	283.800	282.150	765.600	53.370	5.000	0.000	10.000	15.000	53.370		
53.380	196.350	288.750	287.100	772.200	53.380	2.500	0.000	10.000	12.500	53.380		
53.390	194.700	293.700	297.000	785.400	53.390	2.480	0.000	10.000	12.480	53.390		
53.400	191.400	298.650	306.900	796.950	53.400	2.480	0.000	7.480	9.960	53.400		
53.410	186.450	303.600	313.500	803.550	53.410	2.480	0.000	7.480	9.960	53.410		
53.420	181.500	308.550	321.750	811.800	53.420	2.480	0.000	7.480	9.960	53.420		
53.430	176.550	313.500	331.650	821.700	53.430	2.480	0.000	7.480	9.960	53.430		
53.440	174.900	318.450	339.900	833.250	53.440	5.000	0.000	5.000	10.000	53.440		
53.450	169.950	321.750	349.800	841.500	53.450	5.000	0.000	5.000	10.000	53.450		
53.460	166.650	330.000	359.700	856.350	53.460	5.000	0.000	5.000	10.000	53.460		
53.470	161.700	336.600	371.250	869.550	53.470	7.480	0.000	2.480	9.960	53.470		
53.480	156.750	341.550	384.450	882.750	53.480	5.000	0.000	2.480	7.480	53.480		
53.490	146.850	341.550	394.350	882.750	53.490	5.000	0.000	2.480	7.480	53.490		
53.500	136.950	344.850	412.500	894.300	53.500	5.000	0.000	2.480	7.480	53.500		
53.510	120.790	339.240	429.190	889.220	53.510	5.000	0.000	5.000	10.000	53.510		
53.520	105.370	331.530	447.180	884.080	53.520	2.480	0.000	5.000	7.480	53.520		
53.530	89.950	321.250	465.170	876.370	53.530	5.000	2.480	5.000	12.480	53.530		
53.540	79.670	305.830	490.870	876.370	53.540	1.670	0.000	6.680	8.350	53.540		
53.550	64.250	292.980	516.570	873.800	53.550	0.000	3.340	38.410	41.750	53.550		
53.560	51.400	274.990	544.840	871.230	53.560	0.000	8.350	91.850	100.200	53.560		
53.570	41.120	246.720	570.540	858.380	53.570	0.000	11.690	143.620	155.310	53.570		
53.580	33.410	215.880	596.240	845.530	53.580	0.000	13.360	177.020	190.380	53.580		
53.590	28.270	182.470	619.370	830.110	53.590	0.000	16.700	203.740	220.440	53.590		
53.600	20.560	149.060	637.360	806.980	53.600	1.670	21.710	258.850	282.230	53.600		
53.610	15.420	123.360	642.500	781.280	53.610	3.340	28.390	318.970	350.700	53.610		
53.620	7.710	102.800	639.930	750.440	53.620	8.350	41.750	367.400	417.500	53.620		
53.630	7.710	87.380	627.080	722.170	53.630	21.710	71.810	399.130	492.650	53.630		
53.640	5.140	74.530	606.520	686.190	53.640	46.760	96.860	417.500	561.120	53.640		
53.650	2.570	61.680	575.680	639.930	53.650	61.790	103.540	407.480	572.810	53.650		
53.660	0.000	49.220	535.000	584.220	53.660	83.500	113.560	382.430	579.490	53.660		
53.670	0.000	36.380	485.780	522.160	53.670	106.880	126.920	362.390	596.190	53.670		
53.680	0.000	29.960	436.560	466.520	53.680	126.920	141.950	357.380	626.250	53.680		
53.690	0.000	17.120	387.340	404.460	53.690	144.760	158.620	364.980	668.360	53.690		
53.700	0.000	6.420	327.420	333.840	53.700	158.620	177.100	369.600	705.320	53.700		
53.710	0.000	0.000	269.640	269.640	53.710	174.020	192.500	374.220	740.740	53.710		
53.720	0.000	0.000	203.300	203.300	53.720	189.420	209.440	378.840	777.700	53.720		
53.730	0.000	0.000	149.800	149.800	53.730	204.820	224.840	381.920	811.580	53.730		
53.740	0.000	0.000	100.580	100.580	53.740	218.680	238.700	385.000	842.380	53.740		
53.750	0.000	0.000	68.480	68.480	53.750	234.080	254.100	381.920	870.100	53.750		
53.760	2.140	0.000	44.940	47.080	53.760	249.480	264.880	371.140	885.500	53.760		
53.770	6.420	0.000	29.960	36.380	53.770	264.880	274.120	361.900	900.900	53.770		
53.780	6.420	0.000	19.260	25.680	53.780	278.740	278.740	346.500	903.980	53.780		
53.790	8.560	0.000	14.980	23.540	53.790	291.060	281.820	331.100	903.980	53.790		
53.800	8.560	0.000	10.700	19.260	53.800	306.460	284.900	317.240	908.600	53.800		
53.810	7.500	0.000	12.500	20.000	53.810	317.240	284.900	304.920	907.060	53.810		
53.820	7.500	0.000	10.000	17.500	53.820	324.940	284.900	297.220	907.060	53.820		
53.830	7.500	0.000	10.000	17.500	53.830	326.480	281.820	291.060	899.360	53.830		
53.840	7.500	0.000	10.000	17.500	53.840	329.640	281.400	286.760	897.800	53.840		
53.850	5.000	0.000	7.500	12.500	53.850	329.640	278.720	278.720	887.080	53.850		
53.860	7.500	0.000	7.500	15.000	53.860	332.320	277.380	272.020	881.720	53.860		
53.870	7.500	0.000	5.000	12.500	53.870	335.000	272.020	261.300	868.320	53.870		
53.880	7.500	0.000	7.500	15.000	53.880	335.000	263.980	251.920	850.900	53.880		
53.890	7.500	0.000	5.000	12.500	53.890	335.000	263.980	246.560	845.540	53.890		
53.900	7.500	0.000	5.000	12.500	53.900	332.320	257.280	239.860	829.460	53.900		
53.910	7.500	0.000	2.500	10.000	53.910	329.640	254.600	237.180	821.420	53.910		
53.920	7.500	0.000	2.500	10.000	53.920	326.960	251.920	231.820	810.700	53.920		
53.930	7.500	0.000	2.500	10.000	53.930	321.600	246.560	231.820	799.980	53.930		
53.940	5.000	0.000	2.500	7.500	53.940	316.240	243.880	234.500	794.620	53.940		
53.950	5.000	0.000	2.500	7.500	53.950	312.220	241.200	237.180	790.600	53.950		
53.960	7.500	0.000	2.490	9.990	53.960	304.180	239.860	241.200	785.240	53.960		
53.970	7.500	0.000	2.490	9.990	53.970	292.120	234.500	249.240	775.860	53.970		
53.980	7.500	0.000	0.000	7.500	53.980	281.400	234.500	261.300	777.200	53.980		
53.990	7.500	0.000	2.490	9.990	53.990	273.790	234.490	272.480	780.760	53.990		
54.000	7.500	0.000	2.490	9.990	54.000	267.240	234.490	281.650	783.380	54.000		
54.010	7.500	0.000	0.000	7.500	54.010	262.000	234.490	292.130	788.620	54.010		
54.020	7.500	2.490	2.490	12.480	54.020	256.760	237.110	301.300	795.170	54.020		
54.030	4.980	0.000	2.490	7.470	54.030	256.760	242.350	309.160	808.270	54.030		
54.040	4.980	2.490	0.000	7.470	54.040	256.760	246.280	317.020	820.060	54.040		
54.050	4.980	2.490	0.000	7.470	54.050	259.380	251.520	322.260	833.160	54.050		
54.060	2.490	2.490	0.000	4.980	54.060	262.000	256.760	324.880	843.640	54.060		
54.070	2.490	2.490	0.000	4.980	54.070	264.620	262.000	327.500	854.120	54.070		
54.080	2.490	2.490	0.000	4.980	54.080	267.240	264.620	327.500	859.360	54.080		
54.090	2.490	2.490	0.000	4.980	54.090	272.480	267.240	322.260	861.980	54.090		
54.100	2.490	4.980	0.000	7.470	54.100	272.480	267.240	314.400	854.120	54.100		
54.110	4.600	4.600	0.000	9.200	54.110	276.410	264.620	301.300	842.330	54.110		
54.120	7.360	7.360	0.000	14.720	54.120	276.410	262.000	289.510	827.920	54.120		
54.130	11.960	11.960	0.000	23.920	54.130	279.030	256.760	273.790	809.580	54.130		
54.140	14.720	17.480	1.840	34.040	54.140	284.380	251.340	254.880	790.600	54.140		
54.150	22.080	26.680	22.080	70.840	54.150	289.100	244.260	239.540	772.900	54.150		
54.160	49.680	36.800	29.440	115.920	54.160	291.460	237.180	219.480	748.120	54.160		
54.170	96.600	59.800	46.920	203.320	54.170	295.000	224.200	197.060	716.260	54.170		
54.180	147.200	87.400	69.920	304.520	54.180	295.000	206.500	172.280	673.780	54.180		
54.190	176.640	112.240	84.640	373.520	54.190	289.100	184.080	143.960	617.140	54.190		
54.200	186.760	126.960	99.360	413.080	54.200	286.740	161.660	114.460	562.860	54.200		
54.210	194.120	144.440	112.240	450.800	54.210	282.020	134.520	87.320	503.860	54.210		
54.220	199.640	157.320	126.960	483.920	54.220	274.940	103.840	61.360	440.140	54.220		
54.230	207.000	174.800	139.840	521.640	54.230	264.320	81.420	47.200	392.940	54.230		
54.240	217.120	189.520	151.800	558.440	54.240	251.340	64.900	38.940	355.180	54.240		
54.250	230.000	204.240	159.160	593.400	54.250	237.180	54.280	34.220	325.680	54.250		
54.260	245.000	219.800	169.400	634.200	54.260	219.480	47.200	31.860	298.540	54.260		
54.270	254.800	229.600	176.400	660.800	54.270	204.140	38.940	24.780	267.860	54.270		
54.280	267.400	239.400	182.000	688.800	54.280	189.980	34.220	18.880	243.080	54.280		
54.290	280.000	249.200	184.800	714.000	54.290	172.500	29.670	12.420	214.590	54.290		
54.300	289.800	256.200	186.200	732.200	54.300	154.560	22.080	9.660	186.300	54.300		
54.310	302.400	261.800	189.000	753.200	54.310	137.310	17.250	6.900	161.460	54.310		
54.320	312.200	268.800	189.000	770.000	54.320	119.370	12.420	4.830	136.620	54.320		
54.330	319.200	277.200	194.600	791.000	54.330	104.880	6.900	4.830	116.610	54.330		
54.340	326.200	284.200	197.400	807.800	54.340	86.940	6.900	4.830	98.670	54.340		
54.350	334.600	289.800	197.400	821.800	54.350	69.690	4.830	4.830	79.350	54.350		
54.360	338.800	291.200	198.800	828.800	54.360	54.510	4.830	6.900	66.240	54.360		
54.370	344.400	296.800	198.800	840.000	54.370	39.330	2.070	6.900	48.300	54.370		
54.380	347.200	299.600	201.600	848.400	54.380	24.840	0.000	9.660	34.500	54.380		
54.390	350.000	302.400	198.800	851.200	54.390	12.420	0.000	9.660	22.080	54.390		
54.400	350.000	302.400	201.600	854.000	54.400	6.900	0.000	9.660	16.560	54.400		
54.410	350.000	303.800	204.400	858.200	54.410	4.830	0.000	9.660	14.490	54.410		
54.420	344.400	303.800	207.200	855.400	54.420	2.070	0.000	9.660	11.730	54.420		
54.430	338.800	303.800	207.200	849.800	54.430	2.070	0.000	9.660	11.730	54.430		
54.440	337.400	302.400	211.400	851.200	54.440	2.500	0.000	10.000	12.500	54.440		
54.450	329.000	296.800	210.000	835.800	54.450	2.500	0.000	10.000	12.500	54.450		
54.460	322.000	294.000	214.200	830.200	54.460	0.000	0.000	12.500	12.500	54.460		
54.470	316.400	291.200	211.400	819.000	54.470	0.000	0.000	10.000	10.000	54.470		
54.480	312.200	289.800	217.000	819.000	54.480	0.000	0.000	10.000	10.000	54.480		
54.490	306.600	287.000	217.000	810.600	54.490	0.000	0.000	12.500	12.500	54.490		
54.500	302.400	284.200	219.800	806.400	54.500	0.000	0.000	10.000	10.000	54.500		
54.510	296.800	284.200	221.200	802.200	54.510	0.000	0.000	12.500	12.500	54.510		
54.520	291.200	281.400	221.200	793.800	54.520	0.000	0.000	12.500	12.500	54.520		
54.530	287.000	281.400	221.200	789.600	54.530	0.000	0.000	12.500	12.500	54.530		
54.540	287.000	280.000	221.200	788.200	54.540	0.000	0.000	12.500	12.500	54.540		
54.550	287.000	280.000	221.200	788.200	54.550	0.000	0.000	10.000	10.000	54.550		
54.560	286.650	279.630	222.300	788.580	54.560	0.000	0.000	10.000	10.000	54.560		
54.570	286.650	279.630	224.640	790.920	54.570	0.000	0.000	10.000	10.000	54.570		
54.580	288.990	279.630	224.640	793.260	54.580	0.000	2.500	10.000	12.500	54.580		
54.590	288.990	279.630	224.640	793.260	54.590	0.000	2.350	7.050	9.400	54.590		
54.600	288.990	281.970	224.640	795.600	54.600	0.000	2.350	7.050	9.400	54.600		
54.610	292.500	284.310	224.640	801.450	54.610	0.000	2.350	9.870	12.220	54.610		
54.620	288.990	281.970	224.640	795.600	54.620	2.350	7.050	49.820	59.220	54.620		
54.630	286.650	281.970	224.640	793.260	54.630	9.870	24.910	84.600	119.380	54.630		
54.640	277.290	277.290	222.300	776.880	54.640	44.650	39.950	94.940	179.540	54.640		
54.650	266.760	266.760	216.450	749.970	54.650	34.780	37.130	74.730	146.640	54.650		
54.660	253.890	259.740	216.450	730.080	54.660	39.950	44.650	77.080	161.680	54.660		
54.670	244.530	251.550	214.110	710.190	54.670	54.990	57.340	94.940	207.270	54.670		
54.680	234.000	244.530	214.110	692.640	54.680	72.380	69.560	104.810	246.750	54.680		
54.690	226.980	239.850	211.770	678.600	54.690	84.600	79.900	107.160	271.660	54.690		
54.700	214.110	231.660	209.430	655.200	54.700	92.120	84.600	107.160	283.880	54.700		
54.710	202.500	225.000	207.000	634.500	54.710	102.460	92.120	107.160	301.740	54.710		
54.720	189.900	214.200	207.000	611.100	54.720	109.980	99.640	107.160	316.780	54.720		
54.730	177.300	209.700	207.000	594.000	54.730	117.500	104.810	107.160	329.470	54.730		
54.740	167.400	202.500	207.000	576.900	54.740	127.160	109.480	102.000	338.640	54.740		
54.750	157.500	197.100	207.000	561.600	54.750	134.640	114.920	99.960	349.520	54.750		
54.760	144.900	189.900	204.300	539.100	54.760	139.400	116.960	97.240	353.600	54.760		
54.770	136.800	184.500	207.000	528.300	54.770	144.840	119.680	94.520	359.040	54.770		
54.780	129.600	177.300	202.500	509.400	54.780	146.880	122.400	97.240	366.520	54.780		
54.790	122.400	171.900	202.500	496.800	54.790	149.600	124.440	99.960	374.000	54.790		
54.800	117.000	167.400	202.500	486.900	54.800	152.320	127.160	99.960	379.440	54.800		
54.810	114.300	164.700	202.500	481.500	54.810	154.360	129.880	104.720	388.960	54.810		
54.820	109.800	162.000	199.800	471.600	54.820	157.080	131.920	107.440	396.440	54.820		
54.830	107.100	159.300	194.400	460.800	54.830	159.800	134.640	112.200	406.640	54.830		
54.840	107.100	154.800	194.400	456.300	54.840	161.840	137.360	114.920	414.120	54.840		
54.850	107.100	154.800	187.200	449.100	54.850	161.840	142.120	116.960	420.920	54.850		
54.860	107.250	152.250	187.500	447.000	54.860	164.560	144.840	122.400	431.800	54.860		
54.870	109.500	150.000	184.500	444.000	54.870	167.280	146.880	124.440	438.600	54.870		
54.880	109.500	150.000	180.000	439.500	54.880	170.000	149.600	127.160	446.760	54.880		
54.890	109.500	147.000	177.000	433.500	54.890	172.480	154.770	129.360	456.610	54.890		
54.900	109.500	147.000	177.000	433.500	54.900	174.790	157.080	132.440	464.310	54.900		
54.910	109.500	144.750	169.500	423.750	54.910	179.410	162.470	134.750	476.630	54.910		
54.920	109.500	144.750	167.250	421.500	54.920	184.800	164.780	137.060	486.640	54.920		
54.930	107.250	142.500	165.000	414.750	54.930	187.110	169.400	137.060	493.570	54.930		
54.940	107.250	139.500	159.750	406.500	54.940	189.420	172.480	137.060	498.960	54.940		
54.950	107.250	137.250	159.750	404.250	54.950	192.500	174.790	139.370	506.660	54.950		
54.960	105.000	135.000	154.500	394.500	54.960	192.500	174.790	139.370	506.660	54.960		
54.970	107.250	135.000	152.250	394.500	54.970	192.500	174.790	139.370	506.660	54.970		
54.980	109.500	135.000	147.000	391.500	54.980	189.420	172.480	139.370	501.270	54.980		
54.990	112.500	137.250	144.750	394.500	54.990	189.420	172.480	139.370	501.270	54.990		
55.000	114.750	139.500	144.750	399.000	55.000	187.110	169.400	139.370	495.880	55.000		
55.010	117.390	141.960	141.960	401.310	55.010	187.110	169.400	137.060	493.570	55.010		
55.020	121.940	147.420	141.960	411.320	55.020	187.110	169.400	132.440	488.950	55.020		
55.030	124.670	149.240	139.230	413.140	55.030	189.420	167.090	127.050	483.560	55.030		
55.040	129.220	151.970	134.680	415.870	55.040	189.540	164.580	119.340	473.460	55.040		
55.050	134.680	157.430	129.220	421.330	55.050	191.880	162.240	112.320	466.440	55.050		
55.060	141.960	161.980	127.400	431.340	55.060	191.880	159.900	104.520	456.300	55.060		
55.070	147.420	167.440	124.670	439.530	55.070	191.880	152.100	94.380	438.360	55.070		
55.080	149.240	171.990	127.400	448.630	55.080	195.000	147.420	84.240	426.660	55.080		
55.090	157.430	174.720	119.210	451.360	55.090	191.880	141.960	77.220	411.060	55.090		
55.100	161.980	182.000	117.390	461.370	55.100	189.540	131.820	67.080	388.440	55.100		
55.110	167.440	189.280	117.390	474.110	55.110	187.200	124.800	56.940	368.940	55.110		
55.120	171.990	197.470	119.210	488.670	55.120	184.860	114.660	49.920	349.440	55.120		
55.130	177.450	207.480	119.210	504.140	55.130	179.400	102.180	39.780	321.360	55.130		
55.140	184.730	214.760	121.940	521.430	55.140	174.720	89.700	31.980	296.400	55.140		
55.150	194.740	227.500	127.400	549.640	55.150	169.260	77.220	24.960	271.440	55.150		
55.160	208.780	239.440	129.940	578.160	55.160	162.240	64.740	17.160	244.140	55.160		
55.170	226.300	254.040	131.400	611.740	55.170	159.900	56.940	14.820	231.660	55.170		
55.180	243.820	264.260	131.400	639.480	55.180	152.100	46.800	9.360	208.260	55.180		
55.190	259.880	274.480	131.400	665.760	55.190	140.000	39.760	7.280	187.040	55.190		
55.200	274.480	281.780	134.320	690.580	55.200	127.120	32.480	4.480	164.080	55.200		
55.210	292.000	286.160	131.400	709.560	55.210	114.800	24.640	2.240	141.680	55.210		
55.220	303.680	292.000	131.400	727.080	55.220	102.480	14.560	2.240	119.280	55.220		
55.230	319.740	299.300	129.940	748.980	55.230	89.600	7.280	2.240	99.120	55.230		
55.240	329.960	303.680	134.320	767.960	55.240	74.480	4.480	2.240	81.200	55.240		
55.250	338.720	312.440	134.320	785.480	55.250	64.960	0.000	0.000	64.960	55.250		
55.260	347.480	319.740	137.240	804.460	55.260	52.080	0.000	0.000	52.080	55.260		
55.270	351.860	327.040	138.700	817.600	55.270	42.000	0.000	2.240	44.240	55.270		
55.280	356.240	331.420	138.700	826.360	55.280	29.680	0.000	4.480	34.160	55.280		
55.290	362.080	334.340	138.700	835.120	55.290	19.600	0.000	4.480	24.080	55.290		
55.300	365.000	334.340	138.700	838.040	55.300	7.280	0.000	4.480	11.760	55.300		
55.310	366.160	336.720	139.840	842.720	55.310	0.000	0.000	4.480	4.480	55.310		
55.320	369.840	336.720	136.160	842.720	55.320	0.000	0.000	4.480	4.480	55.320		
55.330	371.680	336.720	134.320	842.720	55.330	0.000	0.000	4.480	4.480	55.330		
55.340	373.520	334.880	132.480	840.880	55.340	0.000	0.000	4.980	4.980	55.340		
55.350	377.200	329.360	126.960	833.520	55.350	0.000	0.000	4.980	4.980	55.350		
55.360	379.040	323.840	121.440	824.320	55.360	0.000	0.000	4.980	4.980	55.360		
55.370	384.560	318.320	115.920	818.800	55.370	0.000	0.000	4.980	4.980	55.370		
55.380	386.400	310.960	108.560	805.920	55.380	0.000	0.000	7.500	7.500	55.380		
55.390	393.760	303.600	101.200	798.560	55.390	0.000	0.000	7.500	7.500	55.390		
55.400	401.120	296.240	95.680	793.040	55.400	0.000	0.000	7.500	7.500	55.400		
55.410	412.160	288.880	88.320	789.360	55.410	0.000	2.460	9.960	12.420	55.410		
55.420	423.200	281.520	84.640	789.360	55.420	0.000	2.460	9.960	12.420	55.420		
55.430	434.240	272.320	77.280	783.840	55.430	0.000	2.460	12.480	14.940	55.430		
55.440	448.960	266.800	73.600	789.360	55.440	0.000	4.980	12.480	17.460	55.440		
55.450	460.000	255.760	69.920	785.680	55.450	0.000	4.980	12.480	17.460	55.450		
55.460	472.350	249.240	66.330	787.920	55.460	0.000	4.980	15.000	19.980	55.460		
55.470	484.410	241.200	62.310	787.920	55.470	0.000	7.500	15.000	22.500	55.470		
55.480	492.450	237.180	58.290	787.920	55.480	0.000	6.960	14.500	21.460	55.480		
55.490	498.480	231.150	56.280	785.910	55.490	0.000	6.960	14.500	21.460	55.490		
55.500	502.500	227.130	54.270	783.900	55.500	0.000	9.860	14.500	24.360	55.500		
55.510	502.500	221.100	52.260	775.860	55.510	0.000	6.960	14.500	21.460	55.510		
55.520	496.470	217.080	48.240	761.790	55.520	0.000	12.180	17.400	29.580	55.520		
55.530	492.450	211.050	48.240	751.740	55.530	2.320	27.260	46.980	76.560	55.530		
55.540	486.420	211.050	48.240	745.710	55.540	6.960	39.440	59.740	106.140	55.540		
55.550	476.370	207.030	48.240	731.640	55.550	9.860	46.980	54.520	111.360	55.550		
55.560	466.320	203.010	46.230	715.560	55.560	12.180	62.060	64.960	139.200	55.560		
55.570	452.250	201.000	44.220	697.470	55.570	27.260	82.360	97.440	207.060	55.570		
55.580	438.180	196.980	44.220	679.380	55.580	44.660	94.540	127.020	266.220	55.580		
55.590	422.100	190.950	42.210	655.260	55.590	54.520	99.760	137.460	291.740	55.590		
55.600	402.000	188.940	42.210	633.150	55.600	67.280	109.620	142.100	319.000	55.600		
55.610	380.000	182.400	41.040	603.440	55.610	79.460	117.160	145.000	341.620	55.610		
55.620	358.720	176.320	39.520	574.560	55.620	92.220	124.700	139.780	356.700	55.620		
55.630	338.960	171.760	36.480	547.200	55.630	106.700	132.000	137.500	376.200	55.630		
55.640	319.200	164.160	34.960	518.320	55.640	122.100	137.500	134.200	393.800	55.640		
55.650	302.480	159.600	34.960	497.040	55.650	134.200	144.100	134.200	412.500	55.650		
55.660	284.240	152.000	31.920	468.160	55.660	144.100	151.800	134.200	430.100	55.660		
55.670	266.000	147.440	27.360	440.800	55.670	154.000	159.500	134.200	447.700	55.670		
55.680	246.240	139.840	21.280	407.360	55.680	165.000	169.400	137.500	471.900	55.680		
55.690	229.520	133.760	19.760	383.040	55.690	174.900	179.300	141.900	496.100	55.690		
55.700	209.760	124.640	13.680	348.080	55.700	184.800	192.500	149.600	526.900	55.700		
55.710	190.000	114.000	12.160	316.160	55.710	194.700	204.600	161.700	561.000	55.710		
55.720	168.720	106.400	12.160	287.280	55.720	206.800	214.500	174.900	596.200	55.720		
55.730	152.000	94.240	6.080	252.320	55.730	216.700	226.600	187.000	630.300	55.730		
55.740	133.760	82.080	1.520	217.360	55.740	226.600	239.800	199.100	665.500	55.740		
55.750	114.000	69.920	0.000	183.920	55.750	239.800	254.100	212.300	706.200	55.750		
55.760	97.500	59.670	0.000	157.170	55.760	249.700	264.000	222.200	735.900	55.760		
55.770	84.630	54.990	0.000	139.620	55.770	259.600	275.000	232.100	766.700	55.770		
55.780	72.150	49.920	0.000	122.070	55.780	269.280	283.800	238.920	792.000	55.780		
55.790	62.400	44.850	0.000	107.250	55.790	282.480	294.360	244.200	821.040	55.790		
55.800	54.990	39.780	0.000	94.770	55.800	289.080	299.640	249.480	838.200	55.800		
55.810	44.850	34.710	0.000	79.560	55.810	297.000	306.240	252.120	855.360	55.810		
55.820	37.440	29.640	0.000	67.080	55.820	304.920	308.880	252.120	865.920	55.820		
55.830	29.640	22.230	0.000	51.870	55.830	308.880	311.520	252.120	872.520	55.830		
55.840	19.890	14.820	0.000	34.710	55.840	314.160	314.160	249.480	877.800	55.840		
55.850	12.480	7.410	0.000	19.890	55.850	319.440	314.160	244.200	877.800	55.850		
55.860	9.750	4.680	0.000	14.430	55.860	322.080	314.160	241.560	877.800	55.860		
55.870	9.750	2.340	0.000	12.090	55.870	327.360	314.160	236.280	877.800	55.870		
55.880	7.410	0.000	0.000	7.410	55.880	327.360	308.880	229.680	865.920	55.880		
55.890	7.410	0.000	0.000	7.410	55.890	327.360	306.240	227.040	860.640	55.890		
55.900	7.410	0.000	0.000	7.410	55.900	330.000	304.920	221.760	856.680	55.900		
55.910	7.500	0.000	0.000	7.500	55.910	330.000	302.280	221.760	854.040	55.910		
55.920	7.500	0.000	0.000	7.500	55.920	327.360	302.280	221.760	851.400	55.920		
55.930	7.500	0.000	0.000	7.500	55.930	327.500	299.990	224.010	851.500	55.930		
55.940	7.500	0.000	0.000	7.500	55.940	324.880	299.990	226.630	851.500	55.940		
55.950	7.500	0.000	0.000	7.500	55.950	322.260	297.370	229.250	848.880	55.950		
55.960	7.500	0.000	0.000	7.500	55.960	317.020	294.750	231.870	843.640	55.960		
55.970	7.500	0.000	0.000	7.500	55.970	311.780	294.750	237.110	843.640	55.970		
55.980	7.500	0.000	0.000	7.500	55.980	306.540	292.130	242.350	841.020	55.980		
55.990	4.980	0.000	0.000	4.980	55.990	303.920	289.510	246.280	839.710	55.990		
56.000	7.500	0.000	0.000	7.500	56.000	299.990	289.510	251.520	841.020	56.000		
56.010	7.500	0.000	0.000	7.500	56.010	297.370	289.510	259.380	846.260	56.010		
56.020	7.500	0.000	0.000	7.500	56.020	294.750	289.510	264.620	848.880	56.020		
56.030	7.500	0.000	0.000	7.500	56.030	292.130	289.510	269.860	851.500	56.030		
56.040	7.500	0.000	0.000	7.500	56.040	289.510	289.510	272.480	851.500	56.040		
56.050	7.500	0.000	0.000	7.500	56.050	286.890	286.890	279.030	852.810	56.050		
56.060	7.500	0.000	0.000	7.500	56.060	284.270	286.890	284.270	855.430	56.060		
56.070	7.500	0.000	0.000	7.500	56.070	281.650	286.890	289.510	858.050	56.070		
56.080	7.500	0.000	0.000	7.500	56.080	280.000	287.000	296.800	863.800	56.080		
56.090	7.500	0.000	0.000	7.500	56.090	277.200	287.000	303.800	868.000	56.090		
56.100	7.500	0.000	0.000	7.500	56.100	274.400	287.000	306.600	868.000	56.100		
56.110	7.500	0.000	0.000	7.500	56.110	271.600	287.000	312.200	870.800	56.110		
56.120	7.500	0.000	0.000	7.500	56.120	271.600	287.000	319.200	877.800	56.120		
56.130	7.500	0.000	0.000	7.500	56.130	268.800	284.200	324.800	877.800	56.130		
56.140	7.500	0.000	0.000	7.500	56.140	267.400	284.200	329.000	880.600	56.140		
56.150	7.500	0.000	0.000	7.500	56.150	264.600	284.200	334.600	883.400	56.150		
56.160	7.500	0.000	0.000	7.500	56.160	261.800	281.400	337.400	880.600	56.160		
56.170	7.500	0.000	0.000	7.500	56.170	259.000	281.400	341.600	882.000	56.170		
56.180	4.980	0.000	0.000	4.980	56.180	256.200	280.000	347.200	883.400	56.180		
56.190	7.500	0.000	0.000	7.500	56.190	254.800	277.200	347.200	879.200	56.190		
56.200	7.500	0.000	0.000	7.500	56.200	252.000	274.400	347.200	873.600	56.200		
56.210	7.500	0.000	0.000	7.500	56.210	249.200	268.800	347.200	865.200	56.210		
56.220	7.500	0.000	0.000	7.500	56.220	246.400	268.800	350.000	865.200	56.220		
56.230	7.500	0.000	0.000	7.500	56.230	241.800	263.500	348.750	854.050	56.230		
56.240	7.500	0.000	0.000	7.500	56.240	241.800	261.950	351.850	855.600	56.240		
56.250	7.500	0.000	0.000	7.500	56.250	237.150	258.850	354.950	850.950	56.250		
56.260	7.500	0.000	0.000	7.500	56.260	232.500	254.200	356.500	843.200	56.260		
56.270	7.500	0.000	0.000	7.500	56.270	229.400	251.100	359.600	840.100	56.270		
56.280	7.500	0.000	0.000	7.500	56.280	224.750	246.450	364.250	835.450	56.280		
56.290	7.500	0.000	0.000	7.500	56.290	217.000	238.700	367.350	823.050	56.290		
56.300	7.500	0.000	0.000	7.500	56.300	212.350	237.150	372.000	821.500	56.300		
56.310	7.500	0.000	0.000	7.500	56.310	204.600	229.400	372.000	806.000	56.310		
56.320	7.500	0.000	0.000	7.500	56.320	199.950	226.300	376.650	802.900	56.320		
56.330	7.500	0.000	0.000	7.500	56.330	193.750	224.750	381.300	799.800	56.330		
56.340	7.500	0.000	0.000	7.500	56.340	189.100	221.650	384.400	795.150	56.340		
56.350	7.500	0.000	0.000	7.500	56.350	186.000	218.550	384.400	788.950	56.350		
56.360	6.860	0.000	0.000	6.860	56.360	186.000	218.550	387.500	792.050	56.360		
56.370	14.700	0.000	0.000	14.700	56.370	186.000	218.550	381.300	785.850	56.370		
56.380	19.600	0.000	0.000	19.600	56.380	189.230	216.050	372.500	777.780	56.380		
56.390	27.440	0.000	0.000	27.440	56.390	193.700	216.050	362.070	771.820	56.390		
56.400	37.240	0.000	0.000	37.240	56.400	199.660	214.560	344.190	758.410	56.400		
56.410	54.880	4.900	4.900	64.680	56.410	204.130	207.110	321.840	733.080	56.410		
56.420	79.380	9.800	6.860	96.040	56.420	211.580	196.680	296.510	704.770	56.420		
56.430	97.020	14.700	9.800	121.520	56.430	219.030	184.760	266.710	670.500	56.430		
56.440	109.760	19.600	11.760	141.120	56.440	226.480	169.860	229.460	625.800	56.440		
56.450	127.400	24.500	19.600	171.500	56.450	236.910	144.530	189.230	570.670	56.450		
56.460	147.000	32.340	27.440	206.780	56.460	247.340	119.200	144.530	511.070	56.460		
56.470	164.640	42.140	32.340	239.120	56.470	256.280	86.420	101.320	444.020	56.470		
56.480	187.180	54.880	42.140	284.200	56.480	269.690	56.620	77.480	403.790	56.480		
56.490	211.680	66.640	47.040	325.360	56.490	274.160	29.800	59.600	363.560	56.490		
56.500	245.000	84.280	56.840	386.120	56.500	269.690	8.940	46.190	324.820	56.500		
56.510	273.600	108.800	67.200	449.600	56.510	259.260	0.000	41.720	300.980	56.510		
56.520	304.000	131.200	73.600	508.800	56.520	239.890	0.000	38.740	278.630	56.520		
56.530	324.800	152.000	86.400	563.200	56.530	207.500	0.000	32.370	239.870	56.530		
56.540	344.000	176.000	99.200	619.200	56.540	166.830	0.000	24.900	191.730	56.540		
56.550	360.000	200.000	112.000	672.000	56.550	129.480	0.000	19.920	149.400	56.550		
56.560	371.200	222.400	124.800	718.400	56.560	97.110	0.000	12.450	109.560	56.560		
56.570	384.000	244.800	136.000	764.800	56.570	77.190	0.000	9.960	87.150	56.570		
56.580	392.000	264.000	147.200	803.200	56.580	62.250	0.000	9.960	72.210	56.580		
56.590	400.000	289.600	164.800	854.400	56.590	49.800	0.000	9.960	59.760	56.590		
56.600	396.800	307.200	176.000	880.000	56.600	34.860	0.000	14.940	49.800	56.600		
56.610	392.000	320.000	192.000	904.000	56.610	27.390	0.000	12.450	39.840	56.610		
56.620	376.000	326.400	206.400	908.800	56.620	22.410	0.000	9.960	32.370	56.620		
56.630	356.800	331.200	222.400	910.400	56.630	17.430	0.000	9.960	27.390	56.630		
56.640	334.400	331.200	233.600	899.200	56.640	14.940	0.000	9.960	24.900	56.640		
56.650	304.000	331.200	246.400	881.600	56.650	12.450	0.000	9.960	22.410	56.650		
56.660	277.140	323.640	264.120	864.900	56.660	12.450	0.000	7.470	19.920	56.660		
56.670	243.660	319.920	279.000	842.580	56.670	9.960	0.000	7.470	17.430	56.670		
56.680	215.760	308.760	293.880	818.400	56.680	7.500	0.000	4.980	12.480	56.680		
56.690	193.440	301.320	312.480	807.240	56.690	4.980	0.000	4.980	9.960	56.690		
56.700	171.120	295.740	323.640	790.500	56.700	2.490	0.000	4.980	7.470	56.700		
56.710	154.380	288.300	338.520	781.200	56.710	2.490	0.000	4.980	7.470	56.710		
56.720	135.780	280.860	353.400	770.040	56.720	0.000	0.000	4.980	4.980	56.720		
56.730	120.900	273.420	366.420	760.740	56.730	0.000	0.000	4.980	4.980	56.730		
56.740	109.740	265.980	379.440	755.160	56.740	0.000	0.000	4.980	4.980	56.740		
56.750	96.720	262.260	394.320	753.300	56.750	0.000	0.000	4.980	4.980	56.750		
56.760	89.280	254.820	407.340	751.440	56.760	0.000	0.000	4.980	4.980	56.760		
56.770	81.840	251.100	422.220	755.160	56.770	0.000	0.000	2.490	2.490	56.770		
56.780	74.400	247.380	433.380	755.160	56.780	0.000	0.000	2.490	2.490	56.780		
56.790	68.820	243.660	448.260	760.740	56.790	0.000	0.000	2.490	2.490	56.790		
56.800	63.240	243.660	465.000	771.900	56.800	0.000	0.000	0.000	0.000	56.800		
56.810	58.140	239.400	482.220	779.760	56.810	0.000	0.000	0.000	0.000	56.810		
56.820	54.720	239.400	499.320	793.440	56.820	0.000	0.000	0.000	0.000	56.820		
56.830	51.300	239.400	519.840	810.540	56.830	0.000	0.000	0.000	0.000	56.830		
56.840	44.460	235.980	540.360	820.800	56.840	0.000	0.000	0.000	0.000	56.840		
56.850	44.460	232.560	564.300	841.320	56.850	0.000	0.000	0.000	0.000	56.850		
56.860	37.620	229.140	591.660	858.420	56.860	0.000	0.000	0.000	0.000	56.860		
56.870	34.200	222.300	619.020	875.520	56.870	0.000	0.000	0.000	0.000	56.870		
56.880	27.360	212.040	653.220	892.620	56.880	0.000	0.000	0.000	0.000	56.880		
56.890	23.940	201.780	684.000	909.720	56.890	0.000	0.000	0.000	0.000	56.890		
56.900	17.100	188.100	714.780	919.980	56.900	0.000	0.000	0.000	0.000	56.900		
56.910	13.680	174.420	742.140	930.240	56.910	0.000	0.000	0.000	0.000	56.910		
56.920	10.260	157.320	779.760	947.340	56.920	0.000	0.000	0.000	0.000	56.920		
56.930	10.260	143.640	807.120	961.020	56.930	0.000	2.400	0.000	2.400	56.930		
56.940	6.840	129.960	834.480	971.280	56.940	0.000	4.920	0.000	4.920	56.940		
56.950	6.840	112.860	855.000	974.700	56.950	0.000	4.920	0.000	4.920	56.950		
56.960	7.140	99.960	874.650	981.750	56.960	0.000	7.440	12.480	19.920	56.960		
56.970	3.570	89.250	881.790	974.610	56.970	0.000	12.480	30.000	42.480	56.970		
56.980	3.570	78.540	892.500	974.610	56.980	0.000	18.920	51.600	70.520	56.980		
56.990	0.000	71.400	892.500	963.900	56.990	0.000	29.240	80.840	110.080	56.990		
57.000	0.000	60.690	888.930	949.620	57.000	3.440	46.440	149.640	199.520	57.000		
57.010	0.000	49.980	881.790	931.770	57.010	12.040	61.920	254.560	328.520	57.010		
57.020	0.000	39.270	863.940	903.210	57.020	24.080	73.960	331.960	430.000	57.020		
57.030	0.000	35.700	849.660	885.360	57.030	44.720	86.000	381.840	512.560	57.030		
57.040	0.000	24.990	813.960	838.950	57.040	63.640	96.320	405.920	565.880	57.040		
57.050	0.000	14.280	767.550	781.830	57.050	77.400	106.640	416.240	600.280	57.050		
57.060	0.000	3.570	714.000	717.570	57.060	94.600	118.680	426.560	639.840	57.060		
57.070	0.000	0.000	649.740	649.740	57.070	106.640	132.440	430.000	669.080	57.070		
57.080	0.000	0.000	567.630	567.630	57.080	118.680	146.200	430.000	694.880	57.080		
57.090	0.000	0.000	474.810	474.810	57.090	134.160	163.400	426.560	724.120	57.090		
57.100	0.000	0.000	367.710	367.710	57.100	151.360	184.040	424.840	760.240	57.100		
57.110	0.000	0.000	262.500	262.500	57.110	166.840	204.680	419.680	791.200	57.110		
57.120	0.000	0.000	177.450	177.450	57.120	187.480	223.600	405.920	817.000	57.120		
57.130	0.000	0.000	107.100	107.100	57.130	204.360	246.480	390.000	840.840	57.130		
57.140	0.000	0.000	61.950	61.950	57.140	221.520	258.960	369.720	850.200	57.140		
57.150	0.000	0.000	29.400	29.400	57.150	238.680	269.880	351.000	859.560	57.150		
57.160	0.000	0.000	22.050	22.050	57.160	251.160	279.240	333.840	864.240	57.160		
57.170	0.000	0.000	16.800	16.800	57.170	266.760	287.040	316.680	870.480	57.170		
57.180	0.000	0.000	14.700	14.700	57.180	279.240	288.600	296.400	864.240	57.180		
57.190	0.000	0.000	14.700	14.700	57.190	288.600	294.840	276.120	859.560	57.190		
57.200	0.000	0.000	9.450	9.450	57.200	301.080	294.840	257.400	853.320	57.200		
57.210	0.000	0.000	7.350	7.350	57.210	312.000	294.840	234.000	840.840	57.210		
57.220	0.000	0.000	7.350	7.350	57.220	321.360	291.720	212.160	825.240	57.220		
57.230	0.000	0.000	4.200	4.200	57.230	332.280	288.600	188.760	809.640	57.230		
57.240	0.000	0.000	7.350	7.350	57.240	338.520	288.600	171.600	798.720	57.240		
57.250	0.000	0.000	4.200	4.200	57.250	349.440	287.040	151.320	787.800	57.250		
57.260	0.000	0.000	2.500	2.500	57.260	358.800	283.920	134.160	776.880	57.260		
57.270	0.000	0.000	2.500	2.500	57.270	369.720	279.240	117.000	765.960	57.270		
57.280	0.000	0.000	2.500	2.500	57.280	379.080	276.120	95.940	751.140	57.280		
57.290	0.000	0.000	2.500	2.500	57.290	390.780	271.440	84.240	746.460	57.290		
57.300	0.000	0.000	2.500	2.500	57.300	402.480	266.760	70.200	739.440	57.300		
57.310	0.000	0.000	0.000	0.000	57.310	414.180	264.420	60.840	739.440	57.310		
57.320	0.000	0.000	0.000	0.000	57.320	425.880	257.400	53.820	737.100	57.320		
57.330	0.000	0.000	0.000	0.000	57.330	439.920	250.380	44.460	734.760	57.330		
57.340	0.000	0.000	0.000	0.000	57.340	451.620	245.700	39.780	737.100	57.340		
57.350	0.000	0.000	0.000	0.000	57.350	460.980	238.680	30.420	730.080	57.350		
57.360	0.000	0.000	0.000	0.000	57.360	472.680	229.320	23.400	725.400	57.360		
57.370	0.000	0.000	0.000	0.000	57.370	489.060	224.640	18.720	732.420	57.370		
57.380	0.000	0.000	0.000	0.000	57.380	505.440	215.280	11.700	732.420	57.380		
57.390	0.000	0.000	0.000	0.000	57.390	524.160	208.260	9.360	741.780	57.390		
57.400	0.000	0.000	0.000	0.000	57.400	542.880	198.900	7.020	748.800	57.400		
57.410	0.000	0.000	0.000	0.000	57.410	563.940	194.220	4.680	762.840	57.410		
57.420	0.000	0.000	0.000	0.000	57.420	585.000	187.200	4.680	776.880	57.420		
57.430	0.000	0.000	0.000	0.000	57.430	605.440	176.000	0.000	781.440	57.430		
57.440	0.000	0.000	0.000	0.000	57.440	626.560	172.480	0.000	799.040	57.440		
57.450	0.000	0.000	0.000	0.000	57.450	647.680	161.920	0.000	809.600	57.450		
57.460	0.000	0.000	0.000	0.000	57.460	665.280	154.880	0.000	820.160	57.460		
57.470	0.000	0.000	0.000	0.000	57.470	686.400	147.840	0.000	834.240	57.470		
57.480	0.000	0.000	0.000	0.000	57.480	707.520	137.280	0.000	844.800	57.480		
57.490	0.000	0.000	0.000	0.000	57.490	728.640	133.760	0.000	862.400	57.490		
57.500	0.000	0.000	0.000	0.000	57.500	749.760	126.720	0.000	876.480	57.500		
57.510	0.000	0.000	0.000	0.000	57.510	774.400	119.680	0.000	894.080	57.510		
57.520	0.000	0.000	0.000	0.000	57.520	792.000	112.640	0.000	904.640	57.520		
57.530	0.000	0.000	0.000	0.000	57.530	813.120	105.600	0.000	918.720	57.530		
57.540	0.000	0.000	0.000	0.000	57.540	834.240	98.560	0.000	932.800	57.540		
57.550	25.000	2.500	0.000	27.500	57.550	855.360	91.520	0.000	946.880	57.550		
57.560	64.200	4.280	0.000	68.480	57.560	869.440	80.960	0.000	950.400	57.560		
57.570	111.280	4.280	0.000	115.560	57.570	880.000	77.440	0.000	957.440	57.570		
57.580	156.220	8.560	0.000	164.780	57.580	885.000	67.260	0.000	952.260	57.580		
57.590	211.860	14.980	0.000	226.840	57.590	881.460	56.640	0.000	938.100	57.590		
57.600	286.760	23.540	2.140	312.440	57.600	870.840	49.560	0.000	920.400	57.600		
57.610	387.340	47.080	8.560	442.980	57.610	849.600	42.480	0.000	892.080	57.610		
57.620	477.220	96.300	25.680	599.200	57.620	817.740	31.860	0.000	849.600	57.620		
57.630	535.000	141.240	47.080	723.320	57.630	771.720	21.240	0.000	792.960	57.630		
57.640	515.740	143.380	55.640	714.760	57.640	697.380	10.620	0.000	708.000	57.640		
57.650	470.800	141.240	59.920	671.960	57.650	601.800	0.000	0.000	601.800	57.650		
57.660	438.700	141.240	66.340	646.280	57.660	484.980	0.000	0.000	484.980	57.660		
57.670	425.860	145.520	74.900	646.280	57.670	346.920	0.000	0.000	346.920	57.670		
57.680	428.000	154.080	81.320	663.400	57.680	226.560	0.000	0.000	226.560	57.680		
57.690	440.840	164.780	92.020	697.640	57.690	148.680	0.000	0.000	148.680	57.690		
57.700	455.820	179.760	96.300	731.880	57.700	84.960	0.000	0.000	84.960	57.700		
57.710	474.240	193.920	103.680	771.840	57.710	46.020	0.000	0.000	46.020	57.710		
57.720	480.000	213.120	117.120	810.240	57.720	24.780	0.000	0.000	24.780	57.720		
57.730	480.000	234.240	126.720	840.960	57.730	20.000	0.000	0.000	20.000	57.730		
57.740	474.240	249.600	138.240	862.080	57.740	17.440	0.000	2.480	19.920	57.740		
57.750	464.640	261.120	145.920	871.680	57.750	12.480	0.000	2.480	14.960	57.750		
57.760	449.280	270.720	157.440	877.440	57.760	12.480	0.000	2.480	14.960	57.760		
57.770	432.000	274.560	163.200	869.760	57.770	10.000	0.000	0.000	10.000	57.770		
57.780	414.720	274.560	170.880	860.160	57.780	10.000	0.000	0.000	10.000	57.780		
57.790	391.680	276.480	178.560	846.720	57.790	7.440	0.000	0.000	7.440	57.790		
57.800	366.720	276.480	184.320	827.520	57.800	7.440	0.000	0.000	7.440	57.800		
57.810	343.680	276.480	193.920	814.080	57.810	4.960	0.000	0.000	4.960	57.810		
57.820	324.480	276.480	203.520	804.480	57.820	4.960	0.000	0.000	4.960	57.820		
57.830	301.440	276.480	211.200	789.120	57.830	4.960	0.000	0.000	4.960	57.830		
57.840	282.240	276.480	220.800	779.520	57.840	2.480	0.000	0.000	2.480	57.840		
57.850	261.120	274.560	232.320	768.000	57.850	4.960	0.000	2.480	7.440	57.850		
57.860	242.190	271.170	238.050	751.410	57.860	2.480	0.000	2.480	4.960	57.860		
57.870	221.490	271.170	250.470	743.130	57.870	2.480	0.000	2.480	4.960	57.870		
57.880	200.790	269.100	264.960	734.850	57.880	5.000	0.000	2.500	7.500	57.880		
57.890	182.160	267.030	277.380	726.570	57.890	0.000	0.000	2.500	2.500	57.890		
57.900	161.460	264.960	291.870	718.290	57.900	2.500	0.000	0.000	2.500	57.900		
57.910	144.900	258.750	302.220	705.870	57.910	0.000	0.000	2.500	2.500	57.910		
57.920	124.200	254.610	320.850	699.660	57.920	0.000	0.000	0.000	0.000	57.920		
57.930	109.710	250.470	341.550	701.730	57.930	0.000	0.000	0.000	0.000	57.930		
57.940	99.360	250.470	362.250	712.080	57.940	0.000	0.000	2.500	2.500	57.940		
57.950	86.940	248.400	380.880	716.220	57.950	0.000	0.000	0.000	0.000	57.950		
57.960	76.590	248.400	405.720	730.710	57.960	0.000	0.000	0.000	0.000	57.960		
57.970	68.310	246.330	430.560	745.200	57.970	0.000	0.000	0.000	0.000	57.970		
57.980	57.960	244.260	457.470	759.690	57.980	0.000	0.000	0.000	0.000	57.980		
57.990	51.750	242.190	482.310	776.250	57.990	0.000	0.000	0.000	0.000	57.990		
58.000	43.470	235.980	517.500	796.950	58.000	0.000	0.000	0.000	0.000	58.000		
58.010	35.000	227.500	553.000	815.500	58.010	0.000	0.000	0.000	0.000	58.010		
58.020	31.500	217.000	584.500	833.000	58.020	0.000	0.000	0.000	0.000	58.020		
58.030	24.500	210.000	619.500	854.000	58.030	0.000	0.000	0.000	0.000	58.030		
58.040	21.000	203.000	651.000	875.000	58.040	0.000	0.000	0.000	0.000	58.040		
58.050	17.500	196.000	682.500	896.000	58.050	0.000	0.000	0.000	0.000	58.050		
58.060	14.000	185.500	714.000	913.500	58.060	0.000	0.000	0.000	0.000	58.060		
58.070	10.500	175.000	745.500	931.000	58.070	0.000	0.000	0.000	0.000	58.070		
58.080	7.000	161.000	777.000	945.000	58.080	0.000	0.000	0.000	0.000	58.080		
58.090	7.000	147.000	805.000	959.000	58.090	0.000	0.000	0.000	0.000	58.090		
58.100	7.000	133.000	833.000	973.000	58.100	0.000	2.190	6.570	8.760	58.100		
58.110	3.500	122.500	854.000	980.000	58.110	0.000	4.380	56.940	61.320	58.110		
58.120	3.500	108.500	864.500	976.500	58.120	0.000	10.950	113.880	124.830	58.120		
58.130	0.000	94.500	875.000	969.500	58.130	0.000	13.140	183.960	197.100	58.130		
58.140	0.000	84.000	875.000	959.000	58.140	0.000	19.710	264.990	284.700	58.140		
58.150	0.000	73.500	868.000	941.500	58.150	2.190	26.280	348.210	376.680	58.150		
58.160	0.000	64.600	850.000	914.600	58.160	10.950	41.610	455.520	508.080	58.160		
58.170	0.000	51.000	822.800	873.800	58.170	21.900	63.510	547.500	632.910	58.170		
58.180	0.000	40.800	792.200	833.000	58.180	38.560	110.860	595.270	744.690	58.180		
58.190	0.000	30.600	748.000	778.600	58.190	60.250	137.370	602.500	800.120	58.190		
58.200	0.000	17.000	686.800	703.800	58.200	77.120	142.190	561.530	780.840	58.200		
58.210	0.000	6.800	612.000	618.800	58.210	91.580	144.600	506.100	742.280	58.210		
58.220	0.000	0.000	516.800	516.800	58.220	113.270	156.650	479.590	749.510	58.220		
58.230	0.000	0.000	408.000	408.000	58.230	137.370	175.930	474.770	788.070	58.230		
58.240	0.000	0.000	299.200	299.200	58.240	154.240	197.620	482.000	833.860	58.240		
58.250	0.000	0.000	207.400	207.400	58.250	171.110	221.720	486.820	879.650	58.250		
58.260	0.000	0.000	119.000	119.000	58.260	187.980	236.180	489.230	913.390	58.260		
58.270	0.000	0.000	57.800	57.800	58.270	204.850	253.050	482.000	939.900	58.270		
58.280	0.000	0.000	27.200	27.200	58.280	219.310	274.740	472.360	966.410	58.280		
58.290	0.000	0.000	23.800	23.800	58.290	233.770	286.790	457.900	978.460	58.290		
58.300	0.000	0.000	17.000	17.000	58.300	245.820	296.430	441.030	983.280	58.300		
58.310	2.450	0.000	14.980	17.430	58.310	253.050	301.250	421.750	976.050	58.310		
58.320	2.450	0.000	17.500	19.950	58.320	262.690	301.250	395.240	959.180	58.320		
58.330	2.450	0.000	14.980	17.430	58.330	269.010	299.880	361.620	930.510	58.330		
58.340	0.000	0.000	12.460	12.460	58.340	276.360	294.000	333.690	904.050	58.340		
58.350	0.000	0.000	12.460	12.460	58.350	283.710	289.590	304.290	877.590	58.350		
58.360	0.000	0.000	9.940	9.940	58.360	289.590	283.710	274.890	848.190	58.360		
58.370	0.000	0.000	7.490	7.490	58.370	296.940	279.300	249.900	826.140	58.370		
58.380	0.000	0.000	7.490	7.490	58.380	301.350	274.890	224.910	801.150	58.380		
58.390	0.000	0.000	4.970	4.970	58.390	308.700	269.010	201.390	779.100	58.390		
58.400	0.000	0.000	4.970	4.970	58.400	314.580	264.600	179.340	758.520	58.400		
58.410	0.000	0.000	4.970	4.970	58.410	321.930	258.720	158.760	739.410	58.410		
58.420	0.000	0.000	2.450	2.450	58.420	326.340	251.370	139.650	717.360	58.420		
58.430	0.000	0.000	2.450	2.450	58.430	333.690	246.960	122.010	702.660	58.430		
58.440	0.000	0.000	2.450	2.450	58.440	341.040	244.020	107.310	692.370	58.440		
58.450	0.000	0.000	2.450	2.450	58.450	349.860	239.610	94.080	683.550	58.450		
58.460	0.000	0.000	0.000	0.000	58.460	357.210	233.730	83.790	674.730	58.460		
58.470	0.000	0.000	2.500	2.500	58.470	367.500	233.730	74.970	676.200	58.470		
58.480	0.000	0.000	0.000	0.000	58.480	376.040	230.860	66.640	673.540	58.480		
58.490	0.000	0.000	0.000	0.000	58.490	385.560	228.480	61.880	675.920	58.490		
58.500	0.000	0.000	0.000	0.000	58.500	399.840	228.480	57.120	685.440	58.500		
58.510	0.000	0.000	0.000	0.000	58.510	409.360	226.100	52.360	687.820	58.510		
58.520	0.000	0.000	0.000	0.000	58.520	421.260	228.480	49.980	699.720	58.520		
58.530	0.000	0.000	0.000	0.000	58.530	433.160	228.480	42.840	704.480	58.530		
58.540	0.000	0.000	0.000	0.000	58.540	447.440	228.480	40.460	716.380	58.540		
58.550	0.000	0.000	0.000	0.000	58.550	464.100	233.240	38.080	735.420	58.550		
58.560	0.000	0.000	0.000	0.000	58.560	478.380	235.620	35.700	749.700	58.560		
58.570	0.000	0.000	0.000	0.000	58.570	497.420	235.620	33.320	766.360	58.570		
58.580	0.000	0.000	0.000	0.000	58.580	514.080	235.620	30.940	780.640	58.580		
58.590	0.000	0.000	0.000	0.000	58.590	530.740	235.620	23.800	790.160	58.590		
58.600	0.000	0.000	0.000	0.000	58.600	552.160	235.620	21.420	809.200	58.600		
58.610	0.000	0.000	0.000	0.000	58.610	573.580	233.240	14.280	821.100	58.610		
58.620	0.000	0.000	0.000	0.000	58.620	595.000	228.480	11.900	835.380	58.620		
58.630	0.000	0.000	0.000	0.000	58.630	615.780	223.920	9.330	849.030	58.630		
58.640	0.000	0.000	0.000	0.000	58.640	643.770	214.590	6.220	864.580	58.640		
58.650	0.000	0.000	0.000	0.000	58.650	665.540	202.150	0.000	867.690	58.650		
58.660	0.000	1.690	0.000	1.690	58.660	690.420	189.710	0.000	880.130	58.660		
58.670	0.000	1.690	0.000	1.690	58.670	715.300	177.270	0.000	892.570	58.670		
58.680	0.000	0.000	0.000	0.000	58.680	737.070	161.720	0.000	898.790	58.680		
58.690	18.590	6.760	0.000	25.350	58.690	755.730	146.170	0.000	901.900	58.690		
58.700	64.220	8.450	0.000	72.670	58.700	768.170	130.620	0.000	898.790	58.700		
58.710	121.680	11.830	0.000	133.510	58.710	777.500	111.960	0.000	889.460	58.710		
58.720	179.140	13.520	0.000	192.660	58.720	777.500	96.410	0.000	873.910	58.720		
58.730	243.360	18.590	0.000	261.950	58.730	771.280	83.970	0.000	855.250	58.730		
58.740	321.100	27.040	1.690	349.830	58.740	755.730	71.530	0.000	827.260	58.740		
58.750	422.500	38.870	8.450	469.820	58.750	737.070	59.090	0.000	796.160	58.750		
58.760	506.160	66.600	15.540	588.300	58.760	705.970	49.760	0.000	755.730	58.760		
58.770	548.340	108.780	26.640	683.760	58.770	659.320	37.320	0.000	696.640	58.770		
58.780	555.000	144.300	35.520	734.820	58.780	585.000	25.740	0.000	610.740	58.780		
58.790	512.820	148.740	46.620	708.180	58.790	484.380	11.700	0.000	496.080	58.790		
58.800	468.420	153.180	62.160	683.760	58.800	381.420	2.340	0.000	383.760	58.800		
58.810	448.440	166.500	75.480	690.420	58.810	280.800	0.000	0.000	280.800	58.810		
58.820	446.220	186.480	93.240	725.940	58.820	191.880	0.000	0.000	191.880	58.820		
58.830	452.880	206.460	108.780	768.120	58.830	121.680	0.000	0.000	121.680	58.830		
58.840	466.200	230.880	128.760	825.840	58.840	70.200	0.000	0.000	70.200	58.840		
58.850	472.860	259.740	144.300	876.900	58.850	37.440	0.000	0.000	37.440	58.850		
58.860	472.860	281.940	159.840	914.640	58.860	21.060	0.000	0.000	21.060	58.860		
58.870	468.420	301.920	175.380	945.720	58.870	18.720	0.000	0.000	18.720	58.870		
58.880	459.540	319.680	190.920	970.140	58.880	16.380	0.000	4.680	21.060	58.880		
58.890	444.000	333.000	206.460	983.460	58.890	14.040	0.000	4.680	18.720	58.890		
58.900	424.020	341.880	222.000	987.900	58.900	14.040	0.000	4.680	18.720	58.900		
58.910	395.000	346.020	232.260	973.280	58.910	11.700	0.000	4.680	16.380	58.910		
58.920	366.560	346.020	246.480	959.060	58.920	11.700	0.000	2.340	14.040	58.920		
58.930	341.280	344.440	255.960	941.680	58.930	7.500	0.000	2.490	9.990	58.930		
58.940	319.160	339.700	263.860	922.720	58.940	7.500	0.000	2.490	9.990	58.940		
58.950	297.040	336.540	274.920	908.500	58.950	7.500	0.000	2.490	9.990	58.950		
58.960	276.500	331.800	281.240	889.540	58.960	7.500	0.000	2.490	9.990	58.960		
58.970	254.380	323.900	284.400	862.680	58.970	4.980	0.000	2.490	7.470	58.970		
58.980	237.000	319.160	292.300	848.460	58.980	4.980	0.000	2.490	7.470	58.980		
58.990	216.460	309.680	293.880	820.020	58.990	4.980	0.000	2.490	7.470	58.990		
59.000	197.500	301.780	298.620	797.900	59.000	4.980	0.000	4.980	9.960	59.000		
59.010	178.540	292.300	304.940	775.780	59.010	4.980	0.000	2.490	7.470	59.010		
59.020	164.320	285.980	309.680	759.980	59.020	4.980	0.000	4.980	9.960	59.020		
59.030	148.520	279.660	314.420	742.600	59.030	4.980	0.000	4.980	9.960	59.030		
59.040	137.460	274.920	319.160	731.540	59.040	2.490	0.000	4.980	7.470	59.040		
59.050	124.820	267.020	323.900	715.740	59.050	2.490	0.000	4.980	7.470	59.050		
59.060	112.320	264.420	332.280	709.020	59.060	2.490	0.000	4.980	7.470	59.060		
59.070	100.620	259.740	341.640	702.000	59.070	2.490	0.000	4.980	7.470	59.070		
59.080	91.260	257.400	353.340	702.000	59.080	0.000	0.000	5.000	5.000	59.080		
59.090	84.240	257.400	362.700	704.340	59.090	0.000	0.000	2.500	2.500	59.090		
59.100	79.560	259.740	376.740	716.040	59.100	0.000	0.000	2.500	2.500	59.100		
59.110	70.200	259.740	393.120	723.060	59.110	0.000	0.000	2.500	2.500	59.110		
59.120	65.520	262.080	411.840	739.440	59.120	0.000	0.000	2.500	2.500	59.120		
59.130	58.500	264.420	428.220	751.140	59.130	0.000	0.000	2.500	2.500	59.130		
59.140	53.820	266.760	449.280	769.860	59.140	0.000	0.000	2.500	2.500	59.140		
59.150	49.140	266.760	468.000	783.900	59.150	0.000	0.000	2.500	2.500	59.150		
59.160	44.460	266.760	489.060	800.280	59.160	0.000	0.000	0.000	0.000	59.160		
59.170	42.120	269.100	512.460	823.680	59.170	0.000	0.000	0.000	0.000	59.170		
59.180	39.780	269.100	533.520	842.400	59.180	0.000	0.000	0.000	0.000	59.180		
59.190	32.760	269.100	559.260	861.120	59.190	0.000	0.000	0.000	0.000	59.190		
59.200	30.420	271.440	585.000	886.860	59.200	0.000	0.000	0.000	0.000	59.200		
59.210	26.160	271.410	611.490	909.060	59.210	0.000	0.000	0.000	0.000	59.210		
59.220	19.620	264.870	637.650	922.140	59.220	0.000	0.000	0.000	0.000	59.220		
59.230	13.080	261.600	667.080	941.760	59.230	0.000	0.000	0.000	0.000	59.230		
59.240	9.810	251.790	689.970	951.570	59.240	0.000	0.000	0.000	0.000	59.240		
59.250	9.810	238.710	709.590	958.110	59.250	0.000	0.000	0.000	0.000	59.250		
59.260	6.540	225.630	732.480	964.650	59.260	0.000	0.000	0.000	0.000	59.260		
59.270	3.270	212.550	752.100	967.920	59.270	0.000	1.980	13.860	15.840	59.270		
59.280	0.000	199.470	771.720	971.190	59.280	0.000	9.900	67.320	77.220	59.280		
59.290	0.000	179.850	791.340	971.190	59.290	0.000	15.840	126.720	142.560	59.290		
59.300	0.000	163.500	807.690	971.190	59.300	0.000	15.840	168.300	184.140	59.300		
59.310	0.000	147.150	814.230	961.380	59.310	1.980	15.840	209.880	227.700	59.310		
59.320	0.000	134.070	817.500	951.570	59.320	1.980	19.800	271.260	293.040	59.320		
59.330	0.000	120.990	807.690	928.680	59.330	5.940	25.740	344.520	376.200	59.330		
59.340	0.000	107.910	794.610	902.520	59.340	11.880	33.660	419.760	465.300	59.340		
59.350	0.000	98.100	771.720	869.820	59.350	15.840	53.460	471.240	540.540	59.350		
59.360	0.000	85.550	737.500	823.050	59.360	23.760	79.200	495.000	597.960	59.360		
59.370	0.000	79.650	693.250	772.900	59.370	33.660	93.060	487.080	613.800	59.370		
59.380	0.000	64.900	637.200	702.100	59.380	41.400	101.430	453.330	596.160	59.380		
59.390	0.000	53.100	560.500	613.600	59.390	55.890	105.570	428.490	589.950	59.390		
59.400	0.000	41.300	472.000	513.300	59.400	74.520	115.920	422.280	612.720	59.400		
59.410	0.000	26.550	368.750	395.300	59.410	91.080	132.480	430.560	654.120	59.410		
59.420	0.000	14.750	268.450	283.200	59.420	109.710	151.110	449.190	710.010	59.420		
59.430	0.000	0.000	171.100	171.100	59.430	122.130	173.880	471.960	767.970	59.430		
59.440	0.000	0.000	106.200	106.200	59.440	134.550	196.650	494.730	825.930	59.440		
59.450	0.000	0.000	64.900	64.900	59.450	146.970	217.350	511.290	875.610	59.450		
59.460	0.000	0.000	32.450	32.450	59.460	161.460	235.980	517.500	914.940	59.460		
59.470	0.000	0.000	17.700	17.700	59.470	173.880	254.610	513.360	941.850	59.470		
59.480	0.000	0.000	14.750	14.750	59.480	182.160	264.960	507.150	954.270	59.480		
59.490	0.000	0.000	11.800	11.800	59.490	194.580	273.240	494.730	962.550	59.490		
59.500	0.000	0.000	11.800	11.800	59.500	204.930	279.450	474.030	958.410	59.500		
59.510	0.000	0.000	12.500	12.500	59.510	217.350	283.590	451.260	952.200	59.510		
59.520	0.000	0.000	12.500	12.500	59.520	223.560	289.800	428.490	941.850	59.520		
59.530	0.000	0.000	12.500	12.500	59.530	236.670	289.800	402.500	928.970	59.530		
59.540	0.000	0.000	10.000	10.000	59.540	244.720	289.800	376.740	911.260	59.540		
59.550	0.000	0.000	7.500	7.500	59.550	254.380	289.800	357.420	901.600	59.550		
59.560	0.000	0.000	7.500	7.500	59.560	259.210	286.580	334.880	880.670	59.560		
59.570	0.000	0.000	5.000	5.000	59.570	267.260	281.750	312.340	861.350	59.570		
59.580	0.000	0.000	5.000	5.000	59.580	268.870	276.920	289.800	835.590	59.580		
59.590	0.000	0.000	5.000	5.000	59.590	273.700	268.870	267.260	809.830	59.590		
59.600	0.000	0.000	5.000	5.000	59.600	278.530	262.430	246.330	787.290	59.600		
59.610	0.000	0.000	5.000	5.000	59.610	281.750	255.990	228.620	766.360	59.610		
59.620	0.000	0.000	2.500	2.500	59.620	286.580	251.160	210.910	748.650	59.620		
59.630	0.000	0.000	2.500	2.500	59.630	291.410	246.330	191.590	729.330	59.630		
59.640	0.000	0.000	2.500	2.500	59.640	296.240	241.500	177.100	714.840	59.640		
59.650	0.000	0.000	5.000	5.000	59.650	305.900	239.890	161.000	706.790	59.650		
59.660	0.000	0.000	2.500	2.500	59.660	313.950	239.890	149.730	703.570	59.660		
59.670	0.000	0.000	0.000	0.000	59.670	322.000	236.670	138.460	697.130	59.670		
59.680	0.000	0.000	2.500	2.500	59.680	330.600	234.840	129.960	695.400	59.680		
59.690	0.000	0.000	0.000	0.000	59.690	342.000	237.120	118.560	697.680	59.690		
59.700	0.000	0.000	0.000	0.000	59.700	353.400	239.400	111.720	704.520	59.700		
59.710	0.000	0.000	0.000	0.000	59.710	367.080	239.400	100.320	706.800	59.710		
59.720	0.000	0.000	0.000	0.000	59.720	378.480	241.680	98.040	718.200	59.720		
59.730	0.000	0.000	0.000	0.000	59.730	392.160	246.240	91.200	729.600	59.730		
59.740	0.000	0.000	0.000	0.000	59.740	405.840	246.240	86.640	738.720	59.740		
59.750	0.000	0.000	0.000	0.000	59.750	421.800	250.800	82.080	754.680	59.750		
59.760	0.000	0.000	0.000	0.000	59.760	437.760	253.080	75.240	766.080	59.760		
59.770	0.000	0.000	0.000	0.000	59.770	453.720	259.920	70.680	784.320	59.770		
59.780	0.000	0.000	0.000	0.000	59.780	474.240	262.200	66.120	802.560	59.780		
59.790	0.000	0.000	0.000	0.000	59.790	499.320	264.480	59.280	823.080	59.790		
59.800	0.000	0.000	0.000	0.000	59.800	522.120	264.480	52.440	839.040	59.800		
59.810	0.000	0.000	0.000	0.000	59.810	547.200	259.920	45.600	852.720	59.810		
59.820	0.000	0.000	0.000	0.000	59.820	570.000	250.800	41.040	861.840	59.820		
59.830	0.000	1.530	1.530	3.060	59.830	594.000	237.600	35.640	867.240	59.830		
59.840	0.000	1.530	0.000	1.530	59.840	617.760	225.720	29.700	873.180	59.840		
59.850	0.000	0.000	0.000	0.000	59.850	647.460	207.900	23.760	879.120	59.850		
59.860	0.000	1.530	0.000	1.530	59.860	671.220	190.080	14.850	876.150	59.860		
59.870	0.000	1.530	0.000	1.530	59.870	694.980	172.260	11.880	879.120	59.870		
59.880	21.420	6.120	0.000	27.540	59.880	712.800	154.440	8.910	876.150	59.880		
59.890	64.260	9.180	0.000	73.440	59.890	730.620	133.650	2.970	867.240	59.890		
59.900	111.690	12.240	0.000	123.930	59.900	736.560	115.830	0.000	852.390	59.900		
59.910	154.530	16.830	0.000	171.360	59.910	742.500	100.980	0.000	843.480	59.910		
59.920	198.900	19.890	1.530	220.320	59.920	739.530	89.100	0.000	828.630	59.920		
59.930	253.980	26.010	4.590	284.580	59.930	724.680	77.220	0.000	801.900	59.930		
59.940	321.300	41.310	9.180	371.790	59.940	709.830	65.340	0.000	775.170	59.940		
59.950	382.500	67.320	19.890	469.710	59.950	683.100	59.400	0.000	742.500	59.950		
59.960	426.300	109.620	34.510	570.430	59.960	647.460	50.490	0.000	697.950	59.960		
59.970	436.450	131.950	46.690	615.090	59.970	599.940	41.580	0.000	641.520	59.970		
59.980	424.270	138.040	58.870	621.180	59.980	535.000	32.100	0.000	567.100	59.980		
59.990	416.150	152.250	77.140	645.540	59.990	451.540	19.260	0.000	470.800	59.990		
60.000	426.300	168.490	93.380	688.170	60.000	363.800	8.560	0.000	372.360	60.000		
60.010	438.480	184.730	103.530	726.740	60.010	271.780	2.140	0.000	273.920	60.010		
60.020	456.750	203.000	115.710	775.460	60.020	186.180	0.000	0.000	186.180	60.020		
60.030	472.990	223.300	125.860	822.150	60.030	119.840	0.000	0.000	119.840	60.030		
60.040	489.230	243.600	136.010	868.840	60.040	68.480	0.000	0.000	68.480	60.040		
60.050	501.410	259.840	144.130	905.380	60.050	34.240	0.000	0.000	34.240	60.050		
60.060	507.500	276.080	156.310	939.890	60.060	21.400	0.000	2.140	23.540	60.060		
60.070	503.440	288.260	162.400	954.100	60.070	21.400	0.000	4.280	25.680	60.070		
60.080	493.290	298.410	170.520	962.220	60.080	17.120	0.000	6.420	23.540	60.080		
60.090	479.080	304.500	178.640	962.220	60.090	14.980	0.000	8.560	23.540	60.090		
60.100	456.750	306.530	186.760	950.040	60.100	14.980	0.000	8.560	23.540	60.100		
60.110	435.000	306.240	191.400	932.640	60.110	10.700	0.000	6.420	17.120	60.110		
60.120	412.380	304.500	198.360	915.240	60.120	10.700	0.000	6.420	17.120	60.120		
60.130	391.500	301.020	203.580	896.100	60.130	10.000	0.000	5.000	15.000	60.130		
60.140	372.360	295.800	203.580	871.740	60.140	10.000	0.000	5.000	15.000	60.140		
60.150	351.480	294.060	208.800	854.340	60.150	7.480	0.000	5.000	12.480	60.150		
60.160	332.340	288.840	214.020	835.200	60.160	7.480	0.000	5.000	12.480	60.160		
60.170	311.460	281.880	217.500	810.840	60.170	7.480	0.000	7.480	14.960	60.170		
60.180	294.060	276.660	219.240	789.960	60.180	7.480	0.000	5.000	12.480	60.180		
60.190	274.920	271.440	224.460	770.820	60.190	7.480	0.000	7.480	14.960	60.190		
60.200	255.780	266.220	226.200	748.200	60.200	5.000	0.000	7.480	12.480	60.200		
60.210	241.860	264.480	231.420	737.760	60.210	7.480	0.000	7.480	14.960	60.210		
60.220	226.200	264.480	236.640	727.320	60.220	5.000	0.000	7.480	12.480	60.220		
60.230	217.500	261.000	243.600	722.100	60.230	5.000	0.000	7.480	12.480	60.230		
60.240	207.060	264.480	252.300	723.840	60.240	5.000	0.000	7.480	12.480	60.240		
60.250	196.620	266.220	259.260	722.100	60.250	5.000	0.000	7.480	12.480	60.250		
60.260	185.850	269.040	269.040	723.930	60.260	5.000	0.000	7.480	12.480	60.260		
60.270	182.310	274.350	279.660	736.320	60.270	2.480	0.000	7.480	9.960	60.270		
60.280	173.460	279.660	288.510	741.630	60.280	2.490	0.000	7.500	9.990	60.280		
60.290	171.690	281.430	297.360	750.480	60.290	2.490	0.000	4.980	7.470	60.290		
60.300	166.380	286.740	306.210	759.330	60.300	2.490	0.000	4.980	7.470	60.300		
60.310	164.610	293.820	318.600	777.030	60.310	2.490	0.000	4.980	7.470	60.310		
60.320	159.300	299.130	327.450	785.880	60.320	2.490	0.000	4.980	7.470	60.320		
60.330	155.760	304.440	339.840	800.040	60.330	0.000	0.000	4.980	4.980	60.330		
60.340	148.680	311.520	354.000	814.200	60.340	0.000	0.000	2.490	2.490	60.340		
60.350	143.370	316.830	366.390	826.590	60.350	0.000	0.000	0.000	0.000	60.350		
60.360	141.600	323.910	382.320	847.830	60.360	0.000	0.000	0.000	0.000	60.360		
60.370	136.290	334.530	396.480	867.300	60.370	0.000	0.000	0.000	0.000	60.370		
60.380	130.980	339.840	412.410	883.230	60.380	0.000	0.000	0.000	0.000	60.380		
60.390	127.440	343.380	426.570	897.390	60.390	0.000	0.000	2.490	2.490	60.390		
60.400	118.590	343.380	442.500	904.470	60.400	0.000	0.000	4.980	4.980	60.400		
60.410	105.640	344.720	464.260	914.620	60.410	0.000	2.490	2.490	4.980	60.410		
60.420	97.300	341.940	480.940	920.180	60.420	0.000	2.490	0.000	2.490	60.420		
60.430	83.400	333.600	505.960	922.960	60.430	0.000	0.000	0.000	0.000	60.430		
60.440	72.280	322.480	533.760	928.520	60.440	0.000	0.000	0.000	0.000	60.440		
60.450	58.380	308.580	553.220	920.180	60.450	0.000	3.340	13.360	16.700	60.450		
60.460	47.260	286.340	583.800	917.400	60.460	0.000	6.680	48.430	55.110	60.460		
60.470	38.920	261.320	611.600	911.840	60.470	0.000	16.700	88.510	105.210	60.470		
60.480	30.580	227.960	636.620	895.160	60.480	0.000	16.700	118.570	135.270	60.480		
60.490	22.240	200.160	656.080	878.480	60.490	0.000	18.370	141.950	160.320	60.490		
60.500	16.680	172.360	672.760	861.800	60.500	0.000	18.370	177.020	195.390	60.500		
60.510	13.900	147.340	689.440	850.680	60.510	0.000	23.380	227.120	250.500	60.510		
60.520	11.120	125.100	695.000	831.220	60.520	3.340	28.390	277.220	308.950	60.520		
60.530	5.560	105.640	692.220	803.420	60.530	11.690	41.750	318.970	372.410	60.530		
60.540	5.560	91.740	683.880	781.180	60.540	23.380	68.470	359.050	450.900	60.540		
60.550	2.780	75.060	664.420	742.260	60.550	46.760	93.520	399.130	539.410	60.550		
60.560	0.000	66.300	637.500	703.800	60.560	61.790	106.880	417.500	586.170	60.560		
60.570	0.000	56.100	599.250	655.350	60.570	73.480	113.560	409.150	596.190	60.570		
60.580	0.000	48.450	553.350	601.800	60.580	92.460	124.620	399.990	617.070	60.580		
60.590	0.000	38.250	504.900	543.150	60.590	106.530	134.670	395.970	637.170	60.590		
60.600	0.000	30.600	446.250	476.850	60.600	116.580	146.730	402.000	665.310	60.600		
60.610	0.000	17.850	377.400	395.250	60.610	128.640	158.790	412.050	699.480	60.610		
60.620	0.000	7.650	306.000	313.650	60.620	136.680	170.850	426.120	733.650	60.620		
60.630	0.000	0.000	232.050	232.050	60.630	144.720	188.940	452.250	785.910	60.630		
60.640	0.000	0.000	163.200	163.200	60.640	150.750	201.000	474.360	826.110	60.640		
60.650	0.000	0.000	107.100	107.100	60.650	158.790	211.050	488.430	858.270	60.650		
60.660	2.550	0.000	66.300	68.850	60.660	164.820	223.110	498.480	886.410	60.660		
60.670	7.650	0.000	35.700	43.350	60.670	166.830	231.150	502.500	900.480	60.670		
60.680	7.650	0.000	33.150	40.800	60.680	170.850	237.180	498.480	906.510	60.680		
60.690	7.650	0.000	30.600	38.250	60.690	176.880	239.190	492.450	908.520	60.690		
60.700	7.650	0.000	25.500	33.150	60.700	178.890	241.200	484.410	904.500	60.700		
60.710	10.000	0.000	25.000	35.000	60.710	180.900	241.200	472.350	894.450	60.710		
60.720	10.000	0.000	20.000	30.000	60.720	180.900	239.190	462.300	882.390	60.720		
60.730	10.000	0.000	17.500	27.500	60.730	181.800	239.400	450.000	871.200	60.730		
60.740	12.500	0.000	17.500	30.000	60.740	181.800	235.800	439.200	856.800	60.740		
60.750	10.000	0.000	17.500	27.500	60.750	187.200	232.200	426.600	846.000	60.750		
60.760	10.000	0.000	15.000	25.000	60.760	183.600	228.600	414.000	826.200	60.760		
60.770	10.000	0.000	15.000	25.000	60.770	181.800	226.800	401.400	810.000	60.770		
60.780	10.000	0.000	12.500	22.500	60.780	183.600	225.000	388.800	797.400	60.780		
60.790	10.000	0.000	12.500	22.500	60.790	187.200	221.400	376.200	784.800	60.790		
60.800	12.500	0.000	12.500	25.000	60.800	187.200	219.600	363.600	770.400	60.800		
60.810	10.000	0.000	10.000	20.000	60.810	189.000	219.600	354.600	763.200	60.810		
60.820	10.000	0.000	12.500	22.500	60.820	190.800	219.600	347.400	757.800	60.820		
60.830	10.000	0.000	10.000	20.000	60.830	194.400	219.600	338.400	752.400	60.830		
60.840	7.500	0.000	7.500	15.000	60.840	199.800	219.600	334.800	754.200	60.840		
60.850	10.000	0.000	10.000	20.000	60.850	199.800	221.400	331.200	752.400	60.850		
60.860	7.440	0.000	10.000	17.440	60.860	201.600	221.400	331.200	754.200	60.860		
60.870	7.440	0.000	10.000	17.440	60.870	207.000	225.000	331.200	763.200	60.870		
60.880	7.440	0.000	12.480	19.920	60.880	212.160	227.120	331.840	771.120	60.880		
60.890	7.440	2.480	12.480	22.400	60.890	214.880	231.200	334.560	780.640	60.890		
60.900	7.440	2.480	12.480	22.400	60.900	218.960	233.920	337.280	790.160	60.900		
60.910	10.000	2.480	14.960	27.440	60.910	221.680	239.360	340.000	801.040	60.910		
60.920	10.000	2.480	14.960	27.440	60.920	224.400	239.360	340.000	803.760	60.920		
60.930	7.440	4.960	14.960	27.360	60.930	227.120	242.080	340.000	809.200	60.930		
60.940	7.440	2.480	14.960	24.880	60.940	229.840	246.160	340.000	816.000	60.940		
60.950	7.440	4.960	17.440	29.840	60.950	231.200	248.880	337.280	817.360	60.950		
60.960	7.440	4.960	20.000	32.400	60.960	239.360	251.600	331.840	822.800	60.960		
60.970	7.440	4.960	17.440	29.840	60.970	246.160	257.040	322.320	825.520	60.970		
60.980	10.000	4.960	20.000	34.960	60.980	254.320	259.760	307.360	821.440	60.980		
60.990	10.000	4.960	20.000	34.960	60.990	263.840	259.760	289.680	813.280	60.990		
61.000	10.000	4.960	20.000	34.960	61.000	278.800	259.760	269.280	807.840	61.000		
61.010	9.440	4.720	16.520	30.680	61.010	296.480	257.040	242.080	795.600	61.010		
61.020	11.800	7.080	16.520	35.400	61.020	314.160	254.320	212.160	780.640	61.020		
61.030	11.800	4.720	14.160	30.680	61.030	340.680	246.840	179.520	767.040	61.030		
61.040	11.800	4.720	14.160	30.680	61.040	371.280	230.520	140.760	742.560	61.040		
61.050	18.880	11.800	11.800	42.480	61.050	399.840	216.240	112.200	728.280	61.050		
61.060	36.580	22.420	11.800	70.800	61.060	432.480	189.720	83.640	705.840	61.060		
61.070	76.700	42.480	14.160	133.340	61.070	461.040	159.120	63.240	683.400	61.070		
61.080	166.380	76.700	24.780	267.860	61.080	485.520	126.480	51.000	663.000	61.080		
61.090	244.260	101.480	38.940	384.680	61.090	503.880	91.800	40.800	636.480	61.090		
61.100	282.020	119.180	47.200	448.400	61.100	510.000	63.240	36.720	609.960	61.100		
61.110	279.660	129.800	59.000	468.460	61.110	499.800	46.920	30.600	577.320	61.110		
61.120	271.400	139.240	74.340	484.980	61.120	477.360	36.720	22.440	536.520	61.120		
61.130	271.400	149.860	84.960	506.220	61.130	438.600	24.480	14.280	477.360	61.130		
61.140	282.020	161.660	94.400	538.080	61.140	393.720	14.280	6.120	414.120	61.140		
61.150	295.000	177.000	103.840	575.840	61.150	348.840	6.120	2.040	357.000	61.150		
61.160	311.460	191.400	114.840	617.700	61.160	299.880	0.000	0.000	299.880	61.160		
61.170	332.340	207.060	121.800	661.200	61.170	240.720	0.000	0.000	240.720	61.170		
61.180	349.740	220.980	128.760	699.480	61.180	175.000	0.000	0.000	175.000	61.180		
61.190	367.140	234.900	133.980	736.020	61.190	119.700	0.000	0.000	119.700	61.190		
61.200	386.280	247.080	140.940	774.300	61.200	74.900	0.000	2.100	77.000	61.200		
61.210	403.680	259.260	144.420	807.360	61.210	46.900	0.000	4.900	51.800	61.210		
61.220	415.860	271.440	149.640	836.940	61.220	29.400	0.000	9.800	39.200	61.220		
61.230	426.300	278.400	151.380	856.080	61.230	19.600	0.000	11.900	31.500	61.230		
61.240	431.520	287.100	156.600	875.220	61.240	17.500	0.000	14.700	32.200	61.240		
61.250	435.000	294.060	161.820	890.880	61.250	11.900	0.000	14.700	26.600	61.250		
61.260	429.780	299.280	163.560	892.620	61.260	11.900	0.000	9.800	21.700	61.260		
61.270	424.560	299.280	167.040	890.880	61.270	9.800	0.000	7.000	16.800	61.270		
61.280	414.120	299.280	168.780	882.180	61.280	7.000	0.000	7.000	14.000	61.280		
61.290	401.940	295.800	172.260	870.000	61.290	7.000	0.000	7.000	14.000	61.290		
61.300	386.280	294.060	174.000	854.340	61.300	7.000	0.000	4.900	11.900	61.300		
61.310	370.000	288.600	176.120	834.720	61.310	4.900	0.000	7.000	11.900	61.310		
61.320	353.720	287.120	182.040	822.880	61.320	4.900	0.000	7.000	11.900	61.320		
61.330	338.920	284.160	182.040	805.120	61.330	4.980	0.000	7.500	12.480	61.330		
61.340	328.560	281.200	185.000	794.760	61.340	4.980	0.000	4.980	9.960	61.340		
61.350	321.160	279.720	185.000	785.880	61.350	4.980	0.000	7.500	12.480	61.350		
61.360	316.720	276.760	185.000	778.480	61.360	2.490	0.000	7.500	9.990	61.360		
61.370	312.280	273.800	182.040	768.120	61.370	2.490	0.000	7.500	9.990	61.370		
61.380	312.280	269.360	182.040	763.680	61.380	2.490	0.000	7.500	9.990	61.380		
61.390	312.280	266.400	174.640	753.320	61.390	0.000	0.000	7.500	7.500	61.390		
61.400	313.760	261.960	168.720	744.440	61.400	0.000	0.000	7.500	7.500	61.400		
61.410	316.720	259.000	159.840	735.560	61.410	0.000	0.000	7.500	7.500	61.410		
61.420	327.080	256.040	153.920	737.040	61.420	0.000	0.000	7.500	7.500	61.420		
61.430	334.480	254.560	146.520	735.560	61.430	0.000	0.000	7.500	7.500	61.430		
61.440	344.840	254.560	139.120	738.520	61.440	0.000	0.000	4.980	4.980	61.440		
61.450	352.240	254.560	134.680	741.480	61.450	0.000	0.000	7.500	7.500	61.450		
61.460	361.860	251.020	128.770	741.650	61.460	0.000	0.000	7.500	7.500	61.460		
61.470	368.380	251.020	127.140	746.540	61.470	0.000	0.000	7.500	7.500	61.470		
61.480	374.900	251.020	123.880	749.800	61.480	0.000	0.000	7.500	7.500	61.480		
61.490	374.900	255.910	127.140	757.950	61.490	0.000	0.000	9.960	9.960	61.490		
61.500	371.640	259.170	132.030	762.840	61.500	0.000	0.000	9.960	9.960	61.500		
61.510	368.380	264.060	136.920	769.360	61.510	0.000	0.000	12.480	12.480	61.510		
61.520	368.380	268.950	138.550	775.880	61.520	0.000	0.000	12.480	12.480	61.520		
61.530	368.380	273.840	146.700	788.920	61.530	0.000	0.000	12.480	12.480	61.530		
61.540	371.640	278.730	149.960	800.330	61.540	0.000	0.000	15.000	15.000	61.540		
61.550	374.900	281.990	154.850	811.740	61.550	0.000	0.000	15.000	15.000	61.550		
61.560	376.530	283.620	154.850	815.000	61.560	0.000	2.460	15.000	17.460	61.560		
61.570	381.420	281.990	151.590	815.000	61.570	0.000	2.460	15.000	17.460	61.570		
61.580	389.570	281.990	151.590	823.150	61.580	0.000	2.460	15.000	17.460	61.580		
61.590	396.090	278.730	146.700	821.520	61.590	0.000	4.980	15.000	19.980	61.590		
61.600	407.500	278.730	146.700	832.930	61.600	0.000	7.500	12.480	19.980	61.600		
61.610	417.120	276.320	140.800	834.240	61.610	0.000	7.500	12.480	19.980	61.610		
61.620	424.160	274.560	137.280	836.000	61.620	0.000	9.960	9.960	19.920	61.620		
61.630	431.200	271.040	133.760	836.000	61.630	0.000	9.550	24.830	34.380	61.630		
61.640	436.480	265.760	126.720	828.960	61.640	1.910	11.460	82.130	95.500	61.640		
61.650	440.000	258.720	119.680	818.400	61.650	3.820	17.190	156.620	177.630	61.650		
61.660	431.200	249.920	110.880	792.000	61.660	1.910	32.470	223.470	257.850	61.660		
61.670	422.400	235.840	103.840	762.080	61.670	5.730	43.930	296.050	345.710	61.670		
61.680	404.800	223.520	93.280	721.600	61.680	5.730	45.840	328.520	380.090	61.680		
61.690	381.920	211.200	86.240	679.360	61.690	5.730	53.480	353.350	412.560	61.690		
61.700	357.280	197.120	79.200	633.600	61.700	9.550	66.850	383.910	460.310	61.700		
61.710	330.880	184.800	72.160	587.840	61.710	11.460	76.400	397.280	485.140	61.710		
61.720	306.240	172.480	63.360	542.080	61.720	17.190	82.130	399.190	498.510	61.720		
61.730	279.840	158.400	56.320	494.560	61.730	19.100	89.770	404.920	513.790	61.730		
61.740	246.400	146.080	49.280	441.760	61.740	24.830	101.230	418.290	544.350	61.740		
61.750	205.920	128.480	38.720	373.120	61.750	36.290	118.420	433.570	588.280	61.750		
61.760	165.000	112.200	32.340	309.540	61.760	49.660	133.700	454.580	637.940	61.760		
61.770	127.380	94.380	22.440	244.200	61.770	59.210	150.890	477.500	687.600	61.770		
61.780	92.400	74.580	9.900	176.880	61.780	72.000	168.000	501.600	741.600	61.780		
61.790	69.960	59.400	0.000	129.360	61.790	79.200	187.200	528.000	794.400	61.790		
61.800	52.140	42.240	0.000	94.380	61.800	86.400	196.800	554.400	837.600	61.800		
61.810	39.600	32.340	0.000	71.940	61.810	91.200	206.400	573.600	871.200	61.810		
61.820	34.980	22.440	0.000	57.420	61.820	91.200	213.600	585.600	890.400	61.820		
61.830	32.340	17.160	0.000	49.500	61.830	93.600	213.600	592.800	900.000	61.830		
61.840	27.060	11.880	0.000	38.940	61.840	91.200	213.600	600.000	904.800	61.840		
61.850	22.440	7.260	0.000	29.700	61.850	91.200	211.200	600.000	902.400	61.850		
61.860	14.520	4.620	0.000	19.140	61.860	86.400	208.800	595.200	890.400	61.860		
61.870	11.880	1.980	0.000	13.860	61.870	84.000	204.000	590.400	878.400	61.870		
61.880	9.900	0.000	0.000	9.900	61.880	81.600	199.200	585.600	866.400	61.880		
61.890	7.260	0.000	0.000	7.260	61.890	76.800	194.400	580.800	852.000	61.890		
61.900	9.900	0.000	0.000	9.900	61.900	74.400	192.000	576.000	842.400	61.900		
61.910	12.500	0.000	0.000	12.500	61.910	69.600	189.600	571.200	830.400	61.910		
61.920	10.000	0.000	0.000	10.000	61.920	67.200	187.200	571.200	825.600	61.920		
61.930	10.000	0.000	0.000	10.000	61.930	64.260	180.880	573.580	818.720	61.930		
61.940	10.000	0.000	0.000	10.000	61.940	61.880	183.260	578.340	823.480	61.940		
61.950	10.000	0.000	0.000	10.000	61.950	61.880	185.640	585.480	833.000	61.950		
61.960	10.000	0.000	0.000	10.000	61.960	61.880	185.640	590.240	837.760	61.960		
61.970	10.000	0.000	0.000	10.000	61.970	61.880	190.400	595.000	847.280	61.970		
61.980	7.500	0.000	0.000	7.500	61.980	64.260	199.920	595.000	859.180	61.980		
61.990	7.500	0.000	0.000	7.500	61.990	69.020	209.440	590.240	868.700	61.990		
62.000	7.500	0.000	0.000	7.500	62.000	76.160	218.960	585.480	880.600	62.000		
62.010	7.500	0.000	0.000	7.500	62.010	83.300	233.240	575.960	892.500	62.010		
62.020	7.500	0.000	0.000	7.500	62.020	90.440	249.900	564.060	904.400	62.020		
62.030	7.500	0.000	0.000	7.500	62.030	104.720	266.560	549.780	921.060	62.030		
62.040	7.500	0.000	0.000	7.500	62.040	116.620	280.840	528.360	925.820	62.040		
62.050	7.500	0.000	0.000	7.500	62.050	130.900	299.880	506.940	937.720	62.050		
62.060	7.440	0.000	0.000	7.440	62.060	142.800	316.540	480.760	940.100	62.060		
62.070	7.440	0.000	0.000	7.440	62.070	161.840	328.440	454.580	944.860	62.070		
62.080	7.440	0.000	0.000	7.440	62.080	179.760	344.400	420.000	944.160	62.080		
62.090	7.440	0.000	0.000	7.440	62.090	199.920	356.160	386.400	942.480	62.090		
62.100	9.960	0.000	0.000	9.960	62.100	221.760	366.240	354.480	942.480	62.100		
62.110	7.440	2.400	0.000	9.840	62.110	243.600	374.640	319.200	937.440	62.110		
62.120	7.440	2.400	0.000	9.840	62.120	268.800	379.680	282.240	930.720	62.120		
62.130	7.440	2.400	0.000	9.840	62.130	294.000	376.320	246.960	917.280	62.130		
62.140	4.920	2.400	0.000	7.320	62.140	315.840	374.640	213.360	903.840	62.140		
62.150	2.400	7.440	7.440	17.280	62.150	336.000	366.240	186.480	888.720	62.150		
62.160	2.400	9.960	4.920	17.280	62.160	354.480	354.480	159.600	868.560	62.160		
62.170	2.400	12.480	7.440	22.320	62.170	371.280	336.000	131.040	838.320	62.170		
62.180	0.000	17.400	15.000	32.400	62.180	379.680	315.840	109.200	804.720	62.180		
62.190	0.000	22.440	17.400	39.840	62.190	384.720	299.040	84.000	767.760	62.190		
62.200	4.920	30.000	27.480	62.400	62.200	386.400	282.240	72.240	740.880	62.200		
62.210	4.760	36.890	34.510	76.160	62.210	386.400	263.760	67.200	717.360	62.210		
62.220	0.000	46.410	41.650	88.060	62.220	386.400	243.600	53.760	683.760	62.220		
62.230	4.760	61.880	49.980	116.620	62.230	377.500	224.990	46.810	649.300	62.230		
62.240	9.520	82.110	61.880	153.510	62.240	366.930	206.870	42.280	616.080	62.240		
62.250	19.040	102.340	69.020	190.400	62.250	351.830	191.770	34.730	578.330	62.250		
62.260	41.650	134.470	74.970	251.090	62.260	333.710	179.690	34.730	548.130	62.260		
62.270	107.100	161.840	79.730	348.670	62.270	314.080	166.100	28.690	508.870	62.270		
62.280	182.070	184.450	86.870	453.390	62.280	286.900	154.020	27.180	468.100	62.280		
62.290	239.190	199.920	86.870	525.980	62.290	253.680	138.920	21.140	413.740	62.290		
62.300	271.320	204.680	91.630	567.630	62.300	226.500	126.840	19.630	372.970	62.300		
62.310	286.790	209.440	96.390	592.620	62.310	202.340	116.270	19.630	338.240	62.310		
62.320	293.930	209.440	99.960	603.330	62.320	187.240	114.760	19.630	321.630	62.320		
62.330	297.500	209.440	99.960	606.900	62.330	173.650	116.270	24.160	314.080	62.330		
62.340	297.500	207.060	99.960	604.520	62.340	164.590	122.310	31.710	318.610	62.340		
62.350	293.930	202.300	102.340	598.570	62.350	154.020	126.840	42.280	323.140	62.350		
62.360	290.000	197.200	104.400	591.600	62.360	146.470	129.860	49.830	326.160	62.360		
62.370	281.880	194.880	106.720	583.480	62.370	141.940	126.840	57.380	326.160	62.370		
62.380	274.920	186.760	109.040	570.720	62.380	134.850	124.620	64.170	323.640	62.380		
62.390	266.800	179.800	106.720	553.320	62.390	124.620	119.970	71.610	316.200	62.390		
62.400	262.160	171.680	104.400	538.240	62.400	119.970	114.390	92.070	326.430	62.400		
62.410	259.840	164.720	102.080	526.640	62.410	111.600	109.740	121.830	343.170	62.410		
62.420	256.360	156.600	99.760	512.720	62.420	106.950	104.160	151.590	362.700	62.420		
62.430	256.360	151.960	97.440	505.760	62.430	102.300	99.510	176.700	378.510	62.430		
62.440	259.840	145.000	93.960	498.800	62.440	96.720	94.860	197.160	388.740	62.440		
62.450	259.840	141.520	91.640	493.000	62.450	96.720	94.860	214.830	406.410	62.450		
62.460	259.840	134.560	89.320	483.720	62.460	94.860	94.860	224.130	413.850	62.460		
62.470	262.160	129.920	84.680	476.760	62.470	94.860	94.860	232.500	422.220	62.470		
62.480	262.160	124.120	82.360	468.640	62.480	94.860	92.070	232.500	419.430	62.480		
62.490	262.160	121.800	82.360	466.320	62.490	94.860	92.070	232.500	419.430	62.490		
62.500	262.160	117.160	78.880	458.200	62.500	94.860	89.280	232.500	416.640	62.500		
62.510	261.870	114.810	77.400	454.080	62.510	94.860	89.280	229.710	413.850	62.510		
62.520	261.870	112.230	72.240	446.340	62.520	94.860	87.420	226.920	409.200	62.520		
62.530	261.870	109.650	72.240	443.760	62.530	92.400	87.150	232.050	411.600	62.530		
62.540	261.870	104.490	69.660	436.020	62.540	92.400	87.150	234.150	413.700	62.540		
62.550	264.450	101.910	64.500	430.860	62.550	89.250	84.000	237.300	410.550	62.550		
62.560	267.030	99.330	61.920	428.280	62.560	87.150	81.900	239.400	408.450	62.560		
62.570	274.770	96.750	56.760	428.280	62.570	84.000	81.900	244.650	410.550	62.570		
62.580	281.220	94.170	51.600	426.990	62.580	79.800	79.800	249.900	409.500	62.580		
62.590	288.960	91.590	49.020	429.570	62.590	76.650	76.650	249.900	403.200	62.590		
62.600	299.280	89.010	43.860	432.150	62.600	72.450	74.550	249.900	396.900	62.600		
62.610	304.440	89.010	41.280	434.730	62.610	69.300	72.450	252.000	393.750	62.610		
62.620	309.600	86.430	41.280	437.310	62.620	67.200	69.300	254.100	390.600	62.620		
62.630	314.760	83.850	34.830	433.440	62.630	67.200	69.300	254.100	390.600	62.630		
62.640	319.920	83.850	32.250	436.020	62.640	64.050	67.200	257.250	388.500	62.640		
62.650	322.500	83.850	32.250	438.600	62.650	61.950	67.200	259.350	388.500	62.650		
62.660	324.880	81.220	31.440	437.540	62.660	64.050	67.200	259.350	390.600	62.660		
62.670	327.500	83.840	31.440	442.780	62.670	61.950	67.200	262.500	391.650	62.670		
62.680	327.500	81.220	31.440	440.160	62.680	61.560	67.260	262.200	391.020	62.680		
62.690	324.880	81.220	31.440	437.540	62.690	61.560	69.540	264.480	395.580	62.690		
62.700	327.500	83.840	31.440	442.780	62.700	61.560	67.260	264.480	393.300	62.700		
62.710	324.880	83.840	31.440	440.160	62.710	64.980	69.540	266.760	401.280	62.710		
62.720	324.880	83.840	34.060	442.780	62.720	67.260	71.820	266.760	405.840	62.720		
62.730	322.260	83.840	34.060	440.160	62.730	64.980	69.540	266.760	401.280	62.730		
62.740	319.640	83.840	34.060	437.540	62.740	64.980	69.540	264.480	399.000	62.740		
62.750	317.020	83.840	34.060	434.920	62.750	67.260	71.820	264.480	403.560	62.750		
62.760	314.400	83.840	36.680	434.920	62.760	67.260	71.820	264.480	403.560	62.760		
62.770	314.400	81.220	34.060	429.680	62.770	67.260	71.820	266.760	405.840	62.770		
62.780	311.780	81.220	34.060	427.060	62.780	67.260	71.820	269.040	408.120	62.780		
62.790	309.160	81.220	34.060	424.440	62.790	67.260	74.100	272.460	413.820	62.790		
62.800	309.160	81.220	31.440	421.820	62.800	64.980	71.820	274.740	411.540	62.800		
62.810	310.000	79.360	34.720	424.080	62.810	64.980	74.100	277.020	416.100	62.810		
62.820	310.000	79.360	32.240	421.600	62.820	67.260	74.100	285.000	426.360	62.820		
62.830	310.000	79.360	32.240	421.600	62.830	64.260	74.970	286.790	426.020	62.830		
62.840	306.280	76.880	32.240	415.400	62.840	64.260	77.350	289.170	430.780	62.840		
62.850	306.280	76.880	32.240	415.400	62.850	64.260	77.350	291.550	433.160	62.850		
62.860	303.800	74.400	29.760	407.960	62.860	64.260	79.730	293.930	437.920	62.860		
62.870	303.800	74.400	29.760	407.960	62.870	66.640	79.730	293.930	440.300	62.870		
62.880	301.320	71.920	29.760	403.000	62.880	66.640	79.730	293.930	440.300	62.880		
62.890	301.320	71.920	29.760	403.000	62.890	69.020	79.730	293.930	442.680	62.890		
62.900	301.320	71.920	27.280	400.520	62.900	69.020	82.110	297.500	448.630	62.900		
62.910	298.840	71.920	27.280	398.040	62.910	69.020	82.110	297.500	448.630	62.910		
62.920	298.840	71.920	29.760	400.520	62.920	71.400	82.110	297.500	451.010	62.920		
62.930	296.360	71.920	27.280	395.560	62.930	69.020	84.490	297.500	451.010	62.930		
62.940	296.360	71.920	29.760	398.040	62.940	74.970	86.870	293.930	455.770	62.940		
62.950	296.360	69.440	29.760	395.560	62.950	74.970	89.250	293.930	458.150	62.950		
62.960	297.460	68.480	25.680	391.620	62.960	79.730	91.630	286.790	458.150	62.960		
62.970	299.600	68.480	25.680	393.760	62.970	82.110	99.960	282.030	464.100	62.970		
62.980	301.740	68.480	25.680	395.900	62.980	89.040	107.060	265.000	461.100	62.980		
62.990	306.020	70.620	25.680	402.320	62.990	94.340	112.360	244.860	451.560	62.990		
63.000	314.580	68.480	25.680	408.740	63.000	99.640	121.900	217.300	438.840	63.000		
63.010	321.000	70.620	25.680	417.300	63.010	104.940	124.020	186.560	415.520	63.010		
63.020	333.840	74.900	25.680	434.420	63.020	101.760	127.200	154.760	383.720	63.020		
63.030	348.820	79.180	29.960	457.960	63.030	99.640	127.200	119.780	346.620	63.030		
63.040	372.360	83.460	25.680	481.500	63.040	92.220	124.020	84.800	301.040	63.040		
63.050	395.900	92.020	29.960	517.880	63.050	84.800	114.480	54.060	253.340	63.050		
63.060	421.580	98.440	29.960	549.980	63.060	77.380	101.760	37.100	216.240	63.060		
63.070	449.400	109.140	32.100	590.640	63.070	64.660	89.040	24.380	178.080	63.070		
63.080	477.220	115.560	32.100	624.880	63.080	49.820	77.380	14.840	142.040	63.080		
63.090	502.900	126.260	32.100	661.260	63.090	37.100	61.480	7.420	106.000	63.090		
63.100	535.000	130.540	29.960	695.500	63.100	26.500	49.820	2.120	78.440	63.100		
63.110	563.300	141.480	34.060	738.840	63.110	14.840	39.220	2.120	56.180	63.110		
63.120	589.500	151.960	31.440	772.900	63.120	9.540	29.680	4.240	43.460	63.120		
63.130	607.840	157.200	34.060	799.100	63.130	5.000	25.000	7.500	37.500	63.130		
63.140	626.180	162.440	34.060	822.680	63.140	5.000	20.000	7.500	32.500	63.140		
63.150	639.280	167.680	34.060	841.020	63.150	2.500	17.500	7.500	27.500	63.150		
63.160	649.760	167.680	31.440	848.880	63.160	2.500	15.000	7.500	25.000	63.160		
63.170	655.000	167.680	34.060	856.740	63.170	0.000	12.500	7.500	20.000	63.170		
63.180	655.000	170.300	34.060	859.360	63.180	0.000	12.500	7.500	20.000	63.180		
63.190	655.000	167.680	31.440	854.120	63.190	0.000	10.000	10.000	20.000	63.190		
63.200	649.760	167.680	31.440	848.880	63.200	0.000	10.000	10.000	20.000	63.200		
63.210	644.520	165.060	34.060	843.640	63.210	0.000	7.500	10.000	17.500	63.210		
63.220	636.660	162.440	31.440	830.540	63.220	0.000	7.500	12.500	20.000	63.220		
63.230	626.180	159.820	31.440	817.440	63.230	0.000	5.000	12.500	17.500	63.230		
63.240	615.700	151.960	28.820	796.480	63.240	0.000	2.500	12.500	15.000	63.240		
63.250	602.600	146.720	26.200	775.520	63.250	0.000	2.500	12.500	15.000	63.250		
63.260	592.500	139.830	26.070	758.400	63.260	0.000	2.500	15.000	17.500	63.260		
63.270	578.280	132.720	26.070	737.070	63.270	0.000	2.500	15.000	17.500	63.270		
63.280	568.800	127.980	26.070	722.850	63.280	0.000	0.000	14.940	14.940	63.280		
63.290	559.320	125.610	23.700	708.630	63.290	0.000	2.430	17.460	19.890	63.290		
63.300	552.210	123.240	26.070	701.520	63.300	0.000	2.430	17.460	19.890	63.300		
63.310	542.730	123.240	23.700	689.670	63.310	0.000	0.000	17.460	17.460	63.310		
63.320	537.990	120.870	23.700	682.560	63.320	0.000	2.430	19.980	22.410	63.320		
63.330	533.250	123.240	23.700	680.190	63.330	0.000	0.000	17.460	17.460	63.330		
63.340	530.880	125.610	26.070	682.560	63.340	0.000	2.430	19.980	22.410	63.340		
63.350	528.510	127.980	28.440	684.930	63.350	0.000	0.000	19.980	19.980	63.350		
63.360	528.510	130.350	28.440	687.300	63.360	0.000	0.000	19.980	19.980	63.360		
63.370	526.140	137.460	28.440	692.040	63.370	0.000	2.430	19.980	22.410	63.370		
63.380	523.770	139.830	30.810	694.410	63.380	0.000	2.430	19.980	22.410	63.380		
63.390	521.400	144.570	35.550	701.520	63.390	0.000	2.430	22.500	24.930	63.390		
63.400	519.030	149.310	37.920	706.260	63.400	0.000	2.430	19.980	22.410	63.400		
63.410	519.840	152.760	38.760	711.360	63.410	0.000	2.430	19.980	22.410	63.410		
63.420	519.840	159.600	43.320	722.760	63.420	0.000	0.000	17.460	17.460	63.420		
63.430	522.120	164.160	47.880	734.160	63.430	0.000	0.000	14.520	14.520	63.430		
63.440	524.400	171.000	52.440	747.840	63.440	0.000	0.000	12.100	12.100	63.440		
63.450	528.960	177.840	59.280	766.080	63.450	0.000	0.000	7.260	7.260	63.450		
63.460	535.800	186.960	61.560	784.320	63.460	0.000	0.000	2.420	2.420	63.460		
63.470	544.920	193.800	63.840	802.560	63.470	0.000	0.000	0.000	0.000	63.470		
63.480	554.040	200.640	66.120	820.800	63.480	119.790	54.450	9.680	183.920	63.480		
63.490	560.880	209.760	68.400	839.040	63.490	66.550	66.550	254.100	387.200	63.490		
63.500	570.000	216.600	72.960	859.560	63.500	54.450	73.810	302.500	430.760	63.500		
63.510	554.040	214.320	75.240	843.600	63.510	16.940	44.770	294.030	355.740	63.510		
63.520	524.400	200.640	75.240	800.280	63.520	19.360	49.610	294.030	363.000	63.520		
63.530	487.920	189.240	72.960	750.120	63.530	36.300	61.710	258.940	356.950	63.530		
63.540	453.720	175.560	72.960	702.240	63.540	33.880	44.770	189.970	268.620	63.540		
63.550	421.800	164.160	72.960	658.920	63.550	33.880	33.880	129.470	197.230	63.550		
63.560	392.500	153.860	72.220	618.580	63.560	36.300	29.040	96.800	162.140	63.560		
63.570	368.950	146.010	73.790	588.750	63.570	39.930	24.200	79.860	143.990	63.570		
63.580	351.680	141.300	72.220	565.200	63.580	37.410	24.360	72.210	133.980	63.580		
63.590	342.260	139.730	73.790	555.780	63.590	39.150	24.360	77.430	140.940	63.590		
63.600	334.410	136.590	72.220	543.220	63.600	37.410	26.970	84.390	148.770	63.600		
63.610	331.270	136.590	72.220	540.080	63.610	37.410	26.970	89.610	153.990	63.610		
63.620	331.270	136.590	72.220	540.080	63.620	34.800	29.580	97.440	161.820	63.620		
63.630	331.270	136.590	69.080	536.940	63.630	32.190	29.580	101.790	163.560	63.630		
63.640	334.410	136.590	65.940	536.940	63.640	32.190	32.190	112.230	176.610	63.640		
63.650	335.980	139.730	65.940	541.650	63.650	32.190	34.800	121.800	188.790	63.650		
63.660	335.980	136.590	65.940	538.510	63.660	32.190	37.410	134.850	204.450	63.660		
63.670	342.260	141.300	65.940	549.500	63.670	32.190	41.760	149.640	223.590	63.670		
63.680	342.260	141.300	64.370	547.930	63.680	32.190	44.370	169.650	246.210	63.680		
63.690	343.830	144.440	65.940	554.210	63.690	32.190	49.590	189.660	271.440	63.690		
63.700	348.540	144.440	65.940	558.920	63.700	32.190	52.200	204.450	288.840	63.700		
63.710	349.680	149.460	66.270	565.410	63.710	34.800	57.420	212.280	304.500	63.710		
63.720	352.500	152.280	71.910	576.690	63.720	34.800	57.420	217.500	309.720	63.720		
63.730	349.680	152.280	69.090	571.050	63.730	36.680	58.950	214.840	310.470	63.730		
63.740	341.220	153.690	74.730	569.640	63.740	39.300	58.950	212.220	310.470	63.740		
63.750	329.940	156.510	74.730	561.180	63.750	41.920	58.950	209.600	310.470	63.750		
63.760	308.790	162.150	84.600	555.540	63.760	41.920	61.570	206.980	310.470	63.760		
63.770	284.820	166.380	88.830	540.030	63.770	41.920	61.570	206.980	310.470	63.770		
63.780	253.800	172.020	101.520	527.340	63.780	47.160	64.190	212.220	323.570	63.780		
63.790	217.140	179.070	114.210	510.420	63.790	47.160	66.810	218.770	332.740	63.790		
63.800	174.840	181.890	129.720	486.450	63.800	52.400	74.670	231.870	358.940	63.800		
63.810	136.770	181.890	143.820	462.480	63.810	53.710	81.220	244.970	379.900	63.810		
63.820	97.290	179.070	159.330	435.690	63.820	58.950	91.700	259.380	410.030	63.820		
63.830	66.270	172.020	176.250	414.540	63.830	66.810	104.800	276.410	448.020	63.830		
63.840	46.530	156.510	197.400	400.440	63.840	74.670	116.590	294.750	486.010	63.840		
63.850	33.840	139.590	214.320	387.750	63.850	81.220	132.310	309.160	522.690	63.850		
63.860	24.180	121.830	224.130	370.140	63.860	91.700	146.720	319.640	558.060	63.860		
63.870	16.740	102.300	232.500	351.540	63.870	104.800	162.440	327.500	594.740	63.870		
63.880	9.300	84.630	232.500	326.430	63.880	117.030	179.070	331.350	627.450	63.880		
63.890	1.860	71.610	226.920	300.390	63.890	131.130	197.400	334.170	662.700	63.890		
63.900	0.000	59.520	209.250	268.770	63.900	146.640	214.320	334.170	695.130	63.900		
63.910	0.000	47.430	191.580	239.010	63.910	162.150	234.060	329.940	726.150	63.910		
63.920	0.000	34.410	167.400	201.810	63.920	179.070	249.570	324.300	752.940	63.920		
63.930	0.000	24.180	139.500	163.680	63.930	194.580	263.670	318.660	776.910	63.930		
63.940	0.000	14.880	106.950	121.830	63.940	211.500	279.180	311.610	802.290	63.940		
63.950	0.000	1.860	79.980	81.840	63.950	229.830	294.690	304.560	829.080	63.950		
63.960	0.000	0.000	49.290	49.290	63.960	249.570	308.790	291.870	850.230	63.960		
63.970	1.860	0.000	29.760	31.620	63.970	266.490	318.660	276.360	861.510	63.970		
63.980	4.650	0.000	9.300	13.950	63.980	284.820	329.940	262.260	877.020	63.980		
63.990	7.440	0.000	1.860	9.300	63.990	301.740	336.990	246.750	885.480	63.990		
64.000	7.440	0.000	0.000	7.440	64.000	318.660	339.810	227.010	885.480	64.000		
64.010	7.500	0.000	0.000	7.500	64.010	336.990	339.810	204.450	881.250	64.010		
64.020	4.980	0.000	0.000	4.980	64.020	352.500	339.810	181.890	874.200	64.020		
64.030	4.980	0.000	0.000	4.980	64.030	369.000	334.560	157.440	861.000	64.030		
64.040	4.980	0.000	0.000	4.980	64.040	388.680	327.180	132.840	848.700	64.040		
64.050	7.500	0.000	0.000	7.500	64.050	403.440	319.800	110.700	833.940	64.050		
64.060	4.980	0.000	0.000	4.980	64.060	420.660	312.420	93.480	826.560	64.060		
64.070	7.500	0.000	0.000	7.500	64.070	437.880	300.120	76.260	814.260	64.070		
64.080	7.500	0.000	0.000	7.500	64.080	455.100	287.820	61.500	804.420	64.080		
64.090	4.980	0.000	0.000	4.980	64.090	474.780	275.520	49.200	799.500	64.090		
64.100	4.980	0.000	0.000	4.980	64.100	492.000	263.220	41.820	797.040	64.100		
64.110	4.980	0.000	0.000	4.980	64.110	509.220	248.460	34.440	792.120	64.110		
64.120	4.980	0.000	0.000	4.980	64.120	526.440	233.700	27.060	787.200	64.120		
64.130	4.980	0.000	0.000	4.980	64.130	543.660	216.480	19.680	779.820	64.130		
64.140	4.980	0.000	0.000	4.980	64.140	563.340	204.180	12.300	779.820	64.140		
64.150	4.980	0.000	0.000	4.980	64.150	580.560	189.420	7.380	777.360	64.150		
64.160	4.810	0.000	0.000	4.810	64.160	595.320	177.120	4.920	777.360	64.160		
64.170	4.810	0.000	0.000	4.810	64.170	615.000	164.820	2.460	782.280	64.170		
64.180	4.810	0.000	0.000	4.810	64.180	633.080	151.810	0.000	784.890	64.180		
64.190	4.810	0.000	0.000	4.810	64.190	652.460	142.120	0.000	794.580	64.190		
64.200	4.810	0.000	0.000	4.810	64.200	668.610	132.430	0.000	801.040	64.200		
64.210	4.810	0.000	0.000	4.810	64.210	684.760	119.510	0.000	804.270	64.210		
64.220	4.810	0.000	0.000	4.810	64.220	704.140	109.820	0.000	813.960	64.220		
64.230	2.220	0.000	0.000	2.220	64.230	720.290	103.360	0.000	823.650	64.230		
64.240	2.220	0.000	0.000	2.220	64.240	736.440	93.670	0.000	830.110	64.240		
64.250	2.220	0.000	0.000	2.220	64.250	752.590	87.210	0.000	839.800	64.250		
64.260	0.000	0.000	0.000	0.000	64.260	768.740	74.290	0.000	843.030	64.260		
64.270	0.000	0.000	0.000	0.000	64.270	781.660	71.060	0.000	852.720	64.270		
64.280	22.200	0.000	0.000	22.200	64.280	794.580	64.600	0.000	859.180	64.280		
64.290	59.940	2.220	2.220	64.380	64.290	801.040	54.910	0.000	855.950	64.290		
64.300	92.500	2.220	0.000	94.720	64.300	804.270	45.220	0.000	849.490	64.300		
64.310	133.700	1.910	0.000	135.610	64.310	807.500	38.760	0.000	846.260	64.310		
64.320	191.000	5.730	0.000	196.730	64.320	801.040	32.300	0.000	833.340	64.320		
64.330	248.300	17.190	1.910	267.400	64.330	790.000	22.120	0.000	812.120	64.330		
64.340	280.770	38.200	11.460	330.430	64.340	771.040	9.480	0.000	780.520	64.340		
64.350	303.690	64.940	26.740	395.370	64.350	745.760	3.160	0.000	748.920	64.350		
64.360	311.330	76.400	38.200	425.930	64.360	704.680	0.000	0.000	704.680	64.360		
64.370	328.520	97.410	57.300	483.230	64.370	657.280	0.000	0.000	657.280	64.370		
64.380	351.440	118.420	70.670	540.530	64.380	597.240	0.000	0.000	597.240	64.380		
64.390	382.000	141.340	82.130	605.470	64.390	518.240	0.000	0.000	518.240	64.390		
64.400	408.740	158.530	93.590	660.860	64.400	426.600	0.000	0.000	426.600	64.400		
64.410	433.570	175.720	101.230	710.520	64.410	325.480	0.000	0.000	325.480	64.410		
64.420	456.490	196.730	106.960	760.180	64.420	221.200	0.000	0.000	221.200	64.420		
64.430	469.860	212.010	116.510	798.380	64.430	135.880	0.000	0.000	135.880	64.430		
64.440	473.680	227.290	122.240	823.210	64.440	82.160	0.000	0.000	82.160	64.440		
64.450	477.500	236.840	129.880	844.220	64.450	47.400	0.000	0.000	47.400	64.450		
64.460	472.500	243.810	136.080	852.390	64.460	22.120	0.000	0.000	22.120	64.460		
64.470	464.940	251.370	141.750	858.060	64.470	15.800	0.000	0.000	15.800	64.470		
64.480	453.600	257.040	149.310	859.950	64.480	15.000	0.000	0.000	15.000	64.480		
64.490	444.150	260.820	154.980	859.950	64.490	12.480	0.000	0.000	12.480	64.490		
64.500	430.920	260.820	158.760	850.500	64.500	9.960	0.000	0.000	9.960	64.500		
64.510	415.800	266.490	164.430	846.720	64.510	7.500	0.000	0.000	7.500	64.510		
64.520	400.680	266.490	166.320	833.490	64.520	7.500	0.000	0.000	7.500	64.520		
64.530	383.670	268.380	171.990	824.040	64.530	4.980	0.000	0.000	4.980	64.530		
64.540	364.770	268.380	181.440	814.590	64.540	4.980	0.000	0.000	4.980	64.540		
64.550	342.090	266.490	187.110	795.690	64.550	4.980	0.000	0.000	4.980	64.550		
64.560	321.300	266.490	190.890	778.680	64.560	2.460	0.000	0.000	2.460	64.560		
64.570	302.400	266.490	198.450	767.340	64.570	2.460	0.000	0.000	2.460	64.570		
64.580	281.610	266.490	204.120	752.220	64.580	2.460	0.000	0.000	2.460	64.580		
64.590	260.820	268.380	211.680	740.880	64.590	0.000	0.000	0.000	0.000	64.590		
64.600	241.920	274.050	221.130	737.100	64.600	2.460	0.000	0.000	2.460	64.600		
64.610	224.440	276.930	231.680	733.050	64.610	2.460	0.000	0.000	2.460	64.610		
64.620	204.530	278.740	240.730	724.000	64.620	2.460	0.000	0.000	2.460	64.620		
64.630	188.240	282.360	251.590	722.190	64.630	0.000	0.000	0.000	0.000	64.630		
64.640	173.760	285.980	264.260	724.000	64.640	0.000	0.000	0.000	0.000	64.640		
64.650	159.280	291.410	276.930	727.620	64.650	0.000	0.000	0.000	0.000	64.650		
64.660	146.610	293.220	289.600	729.430	64.660	0.000	0.000	0.000	0.000	64.660		
64.670	133.940	298.650	304.080	736.670	64.670	0.000	0.000	0.000	0.000	64.670		
64.680	124.890	304.080	316.750	745.720	64.680	0.000	0.000	0.000	0.000	64.680		
64.690	112.220	309.510	334.850	756.580	64.690	0.000	0.000	0.000	0.000	64.690		
64.700	99.550	311.320	351.140	762.010	64.700	0.000	0.000	0.000	0.000	64.700		
64.710	88.690	316.750	371.050	776.490	64.710	0.000	0.000	0.000	0.000	64.710		
64.720	79.640	322.180	390.960	792.780	64.720	0.000	0.000	0.000	0.000	64.720		
64.730	72.400	323.990	414.490	810.880	64.730	0.000	0.000	0.000	0.000	64.730		
64.740	63.350	323.990	430.780	818.120	64.740	0.000	0.000	0.000	0.000	64.740		
64.750	56.110	323.990	452.500	832.600	64.750	0.000	0.000	0.000	0.000	64.750		
64.760	47.250	324.450	472.500	844.200	64.760	0.000	0.000	0.000	0.000	64.760		
64.770	44.100	318.150	494.550	856.800	64.770	0.000	0.000	0.000	0.000	64.770		
64.780	40.950	315.000	513.450	869.400	64.780	0.000	0.000	0.000	0.000	64.780		
64.790	34.650	311.850	529.200	875.700	64.790	0.000	0.000	0.000	0.000	64.790		
64.800	31.500	308.700	554.400	894.600	64.800	0.000	0.000	0.000	0.000	64.800		
64.810	22.050	302.400	573.300	897.750	64.810	0.000	0.000	0.000	0.000	64.810		
64.820	18.900	296.100	598.500	913.500	64.820	0.000	0.000	0.000	0.000	64.820		
64.830	9.450	289.800	620.550	919.800	64.830	0.000	0.000	0.000	0.000	64.830		
64.840	9.450	277.200	645.750	932.400	64.840	0.000	0.000	0.000	0.000	64.840		
64.850	3.150	264.600	670.950	938.700	64.850	0.000	0.000	0.000	0.000	64.850		
64.860	0.000	252.000	696.150	948.150	64.860	0.000	0.000	0.000	0.000	64.860		
64.870	0.000	239.400	721.350	960.750	64.870	0.000	0.000	0.000	0.000	64.870		
64.880	0.000	229.950	743.400	973.350	64.880	0.000	0.000	32.400	32.400	64.880		
64.890	0.000	214.200	762.300	976.500	64.890	0.000	7.200	79.200	86.400	64.890		
64.900	0.000	195.300	787.500	982.800	64.900	0.000	9.900	124.200	134.100	64.900		
64.910	0.000	174.900	805.200	980.100	64.910	0.000	11.700	164.700	176.400	64.910		
64.920	0.000	155.100	818.400	973.500	64.920	0.000	14.400	225.000	239.400	64.920		
64.930	0.000	135.300	825.000	960.300	64.930	0.000	19.440	298.080	317.520	64.930		
64.940	0.000	122.100	825.000	947.100	64.940	4.320	21.600	362.880	388.800	64.940		
64.950	0.000	102.300	811.800	914.100	64.950	8.640	32.400	416.880	457.920	64.950		
64.960	0.000	85.800	785.400	871.200	64.960	12.960	49.680	457.920	520.560	64.960		
64.970	0.000	69.300	742.500	811.800	64.970	19.440	66.960	473.040	559.440	64.970		
64.980	0.000	59.400	686.400	745.800	64.980	25.920	84.240	468.720	578.880	64.980		
64.990	0.000	46.200	613.800	660.000	64.990	34.560	90.720	449.280	574.560	64.990		
65.000	0.000	29.700	524.700	554.400	65.000	45.360	101.520	440.640	587.520	65.000		
65.010	0.000	16.500	415.800	432.300	65.010	60.480	114.480	447.120	622.080	65.010		
65.020	0.000	3.300	306.900	310.200	65.020	75.600	129.600	462.240	667.440	65.020		
65.030	0.000	0.000	214.500	214.500	65.030	90.720	144.720	486.000	721.440	65.030		
65.040	0.000	0.000	141.900	141.900	65.040	103.680	166.320	514.080	784.080	65.040		
65.050	0.000	0.000	85.800	85.800	65.050	116.640	185.760	531.360	833.760	65.050		
65.060	0.000	0.000	45.000	45.000	65.060	127.440	203.040	540.000	870.480	65.060		
65.070	0.000	0.000	24.840	24.840	65.070	136.080	218.160	535.680	889.920	65.070		
65.080	0.000	0.000	17.460	17.460	65.080	148.400	233.200	530.000	911.600	65.080		
65.090	0.000	0.000	14.940	14.940	65.090	159.000	243.800	517.280	920.080	65.090		
65.100	0.000	0.000	12.420	12.420	65.100	167.480	252.280	504.560	924.320	65.100		
65.110	0.000	0.000	12.420	12.420	65.110	171.720	254.400	483.360	909.480	65.110		
65.120	0.000	0.000	9.900	9.900	65.120	175.960	254.400	466.400	896.760	65.120		
65.130	0.000	0.000	9.900	9.900	65.130	182.320	254.400	447.320	884.040	65.130		
65.140	0.000	0.000	4.860	4.860	65.140	186.560	252.280	426.120	864.960	65.140		
65.150	0.000	0.000	7.380	7.380	65.150	188.680	248.040	404.920	841.640	65.150		
65.160	0.000	0.000	7.380	7.380	65.160	192.920	248.040	383.720	824.680	65.160		
65.170	0.000	0.000	4.860	4.860	65.170	197.160	243.800	364.640	805.600	65.170		
65.180	0.000	0.000	4.860	4.860	65.180	199.280	241.680	341.320	782.280	65.180		
65.190	0.000	0.000	4.860	4.860	65.190	203.520	237.440	322.240	763.200	65.190		
65.200	0.000	0.000	4.860	4.860	65.200	205.640	233.200	301.040	739.880	65.200		
65.210	0.000	0.000	2.500	2.500	65.210	212.000	231.080	279.840	722.920	65.210		
65.220	0.000	0.000	2.500	2.500	65.220	216.240	228.960	258.640	703.840	65.220		
65.230	0.000	0.000	2.500	2.500	65.230	221.760	228.480	238.560	688.800	65.230		
65.240	0.000	0.000	2.500	2.500	65.240	228.480	228.480	226.800	683.760	65.240		
65.250	0.000	0.000	2.500	2.500	65.250	236.880	228.480	211.680	677.040	65.250		
65.260	0.000	0.000	2.500	2.500	65.260	243.600	231.840	199.920	675.360	65.260		
65.270	0.000	0.000	0.000	0.000	65.270	253.680	233.520	189.840	677.040	65.270		
65.280	0.000	0.000	0.000	0.000	65.280	267.120	238.560	179.760	685.440	65.280		
65.290	0.000	0.000	0.000	0.000	65.290	278.880	243.600	169.680	692.160	65.290		
65.300	0.000	0.000	0.000	0.000	65.300	288.960	248.640	161.280	698.880	65.300		
65.310	0.000	0.000	0.000	0.000	65.310	304.080	253.680	151.200	708.960	65.310		
65.320	0.000	0.000	0.000	0.000	65.320	319.200	258.720	141.120	719.040	65.320		
65.330	0.000	0.000	0.000	0.000	65.330	336.000	263.760	134.400	734.160	65.330		
65.340	0.000	0.000	0.000	0.000	65.340	354.480	268.800	124.320	747.600	65.340		
65.350	0.000	0.000	0.000	0.000	65.350	376.320	273.840	110.880	761.040	65.350		
65.360	0.000	0.000	0.000	0.000	65.360	396.480	277.200	102.480	776.160	65.360		
65.370	0.000	0.000	0.000	0.000	65.370	420.000	277.200	89.040	786.240	65.370		
65.380	0.000	0.000	0.000	0.000	65.380	444.800	275.200	76.800	796.800	65.380		
65.390	0.000	0.000	0.000	0.000	65.390	470.400	275.200	67.200	812.800	65.390		
65.400	0.000	0.000	0.000	0.000	65.400	499.200	272.000	54.400	825.600	65.400		
65.410	0.000	0.000	0.000	0.000	65.410	524.800	265.600	44.800	835.200	65.410		
65.420	0.000	0.000	0.000	0.000	65.420	556.800	259.200	32.000	848.000	65.420		
65.430	0.000	0.000	0.000	0.000	65.430	585.600	246.400	25.600	857.600	65.430		
65.440	0.000	0.000	0.000	0.000	65.440	617.600	227.200	19.200	864.000	65.440		
65.450	0.000	0.000	0.000	0.000	65.450	649.600	211.200	9.600	870.400	65.450		
65.460	0.000	0.000	0.000	0.000	65.460	681.600	192.000	3.200	876.800	65.460		
65.470	0.000	2.400	0.000	2.400	65.470	710.400	172.800	0.000	883.200	65.470		
65.480	0.000	0.000	0.000	0.000	65.480	736.000	156.800	0.000	892.800	65.480		
65.490	4.950	4.950	0.000	9.900	65.490	761.600	134.400	0.000	896.000	65.490		
65.500	37.500	9.900	0.000	47.400	65.500	780.800	112.000	0.000	892.800	65.500		
65.510	80.770	11.820	0.000	92.590	65.510	796.800	99.200	0.000	896.000	65.510		
65.520	128.050	13.790	0.000	141.840	65.520	800.000	80.000	0.000	880.000	65.520		
65.530	173.360	15.760	0.000	189.120	65.530	795.000	66.780	0.000	861.780	65.530		
65.540	232.460	21.670	0.000	254.130	65.540	782.280	50.880	0.000	833.160	65.540		
65.550	299.440	29.550	3.940	332.930	65.550	760.020	44.520	0.000	804.540	65.550		
65.560	366.420	47.280	11.820	425.520	65.560	734.580	34.980	0.000	769.560	65.560		
65.570	419.610	76.830	21.670	518.110	65.570	699.600	22.260	0.000	721.860	65.570		
65.580	451.130	118.200	37.430	606.760	65.580	645.540	12.720	0.000	658.260	65.580		
65.590	447.190	133.960	51.220	632.370	65.590	575.580	6.360	0.000	581.940	65.590		
65.600	419.610	139.870	63.040	622.520	65.600	489.720	0.000	0.000	489.720	65.600		
65.610	409.760	151.690	78.800	640.250	65.610	394.320	0.000	0.000	394.320	65.610		
65.620	419.610	167.450	96.530	683.590	65.620	292.560	0.000	0.000	292.560	65.620		
65.630	441.280	181.240	104.410	726.930	65.630	200.340	0.000	0.000	200.340	65.630		
65.640	466.890	198.970	114.260	780.120	65.640	124.020	0.000	0.000	124.020	65.640		
65.650	492.500	214.730	118.200	825.430	65.650	69.960	0.000	0.000	69.960	65.650		
65.660	513.330	227.910	123.540	864.780	65.660	31.800	0.000	0.000	31.800	65.660		
65.670	526.110	240.690	129.930	896.730	65.670	15.900	0.000	0.000	15.900	65.670		
65.680	532.500	255.600	136.320	924.420	65.680	12.500	0.000	0.000	12.500	65.680		
65.690	528.240	264.120	140.580	932.940	65.690	10.000	0.000	0.000	10.000	65.690		
65.700	519.720	274.770	146.970	941.460	65.700	10.000	0.000	0.000	10.000	65.700		
65.710	498.420	279.030	151.230	928.680	65.710	10.000	0.000	0.000	10.000	65.710		
65.720	479.250	281.160	159.750	920.160	65.720	10.000	0.000	0.000	10.000	65.720		
65.730	453.690	281.160	166.140	900.990	65.730	7.500	0.000	0.000	7.500	65.730		
65.740	432.390	279.030	168.270	879.690	65.740	5.000	0.000	0.000	5.000	65.740		
65.750	406.830	279.030	174.660	860.520	65.750	5.000	0.000	0.000	5.000	65.750		
65.760	381.270	276.900	176.790	834.960	65.760	2.500	0.000	0.000	2.500	65.760		
65.770	362.100	270.510	183.180	815.790	65.770	2.500	0.000	0.000	2.500	65.770		
65.780	338.670	268.380	187.440	794.490	65.780	2.500	0.000	0.000	2.500	65.780		
65.790	317.370	264.120	191.700	773.190	65.790	2.500	0.000	0.000	2.500	65.790		
65.800	293.940	261.990	198.090	754.020	65.800	2.500	0.000	0.000	2.500	65.800		
65.810	268.870	259.210	204.470	732.550	65.810	2.500	0.000	0.000	2.500	65.810		
65.820	249.550	255.990	214.130	719.670	65.820	0.000	0.000	0.000	0.000	65.820		
65.830	231.840	255.990	218.960	706.790	65.830	0.000	0.000	0.000	0.000	65.830		
65.840	214.130	255.990	228.620	698.740	65.840	0.000	0.000	0.000	0.000	65.840		
65.850	199.640	255.990	239.890	695.520	65.850	0.000	0.000	0.000	0.000	65.850		
65.860	183.540	259.210	251.160	693.910	65.860	0.000	0.000	0.000	0.000	65.860		
65.870	169.050	262.430	264.040	695.520	65.870	0.000	0.000	0.000	0.000	65.870		
65.880	156.170	267.260	276.920	700.350	65.880	0.000	0.000	0.000	0.000	65.880		
65.890	144.900	268.870	294.630	708.400	65.890	0.000	0.000	0.000	0.000	65.890		
65.900	133.630	273.700	309.120	716.450	65.900	0.000	0.000	0.000	0.000	65.900		
65.910	123.970	276.920	323.610	724.500	65.910	0.000	0.000	0.000	0.000	65.910		
65.920	114.310	281.750	341.320	737.380	65.920	0.000	0.000	0.000	0.000	65.920		
65.930	106.260	286.580	362.250	755.090	65.930	0.000	0.000	0.000	0.000	65.930		
65.940	99.820	291.410	381.570	772.800	65.940	0.000	0.000	0.000	0.000	65.940		
65.950	91.770	294.630	402.500	788.900	65.950	0.000	0.000	0.000	0.000	65.950		
65.960	81.750	294.300	425.100	801.150	65.960	0.000	0.000	0.000	0.000	65.960		
65.970	71.940	297.570	454.530	824.040	65.970	0.000	0.000	0.000	0.000	65.970		
65.980	62.130	297.570	477.420	837.120	65.980	0.000	0.000	0.000	0.000	65.980		
65.990	55.590	297.570	506.850	860.010	65.990	0.000	0.000	0.000	0.000	65.990		
66.000	52.320	294.300	533.010	879.630	66.000	0.000	0.000	0.000	0.000	66.000		
66.010	42.510	294.300	562.440	899.250	66.010	0.000	0.000	0.000	0.000	66.010		
66.020	35.970	284.490	591.870	912.330	66.020	0.000	0.000	0.000	0.000	66.020		
66.030	29.430	274.680	624.570	928.680	66.030	0.000	0.000	0.000	0.000	66.030		
66.040	22.890	261.600	657.270	941.760	66.040	1.980	0.000	0.000	1.980	66.040		
66.050	16.350	241.980	693.240	951.570	66.050	0.000	0.000	0.000	0.000	66.050		
66.060	9.810	222.360	722.670	954.840	66.060	0.000	0.000	0.000	0.000	66.060		
66.070	6.540	202.740	752.100	961.380	66.070	0.000	0.000	0.000	0.000	66.070		
66.080	3.270	186.390	774.990	964.650	66.080	0.000	1.980	21.780	23.760	66.080		
66.090	0.000	166.770	801.150	967.920	66.090	0.000	6.930	87.120	94.050	66.090		
66.100	0.000	147.150	817.500	964.650	66.100	0.000	11.880	146.520	158.400	66.100		
66.110	0.000	129.480	826.680	956.160	66.110	0.000	11.880	189.090	200.970	66.110		
66.120	0.000	109.560	830.000	939.560	66.120	1.980	14.850	247.500	264.330	66.120		
66.130	0.000	99.600	820.040	919.640	66.130	4.620	18.480	323.400	346.500	66.130		
66.140	0.000	86.320	806.760	893.080	66.140	9.240	25.410	385.770	420.420	66.140		
66.150	0.000	76.360	786.840	863.200	66.150	13.860	41.580	434.280	489.720	66.150		
66.160	0.000	63.080	753.640	816.720	66.160	23.100	69.300	464.310	556.710	66.160		
66.170	0.000	53.120	717.120	770.240	66.170	41.580	97.020	468.930	607.530	66.170		
66.180	0.000	39.840	660.680	700.520	66.180	55.440	103.950	443.520	602.910	66.180		
66.190	0.000	29.880	584.320	614.200	66.190	71.610	108.570	418.110	598.290	66.190		
66.200	0.000	16.600	494.680	511.280	66.200	87.780	122.430	415.800	626.010	66.200		
66.210	0.000	3.320	385.120	388.440	66.210	106.260	138.600	441.210	686.070	66.210		
66.220	0.000	0.000	282.200	282.200	66.220	117.810	161.700	478.170	757.680	66.220		
66.230	0.000	0.000	192.560	192.560	66.230	127.050	175.560	510.510	813.120	66.230		
66.240	0.000	0.000	119.520	119.520	66.240	131.670	194.040	538.230	863.940	66.240		
66.250	0.000	0.000	69.720	69.720	66.250	136.290	205.590	559.020	900.900	66.250		
66.260	0.000	0.000	35.000	35.000	66.260	138.600	217.140	570.570	926.310	66.260		
66.270	0.000	0.000	27.440	27.440	66.270	143.220	224.070	577.500	944.790	66.270		
66.280	0.000	0.000	22.400	22.400	66.280	146.160	232.000	580.000	958.160	66.280		
66.290	0.000	0.000	19.880	19.880	66.290	148.480	234.320	568.400	951.200	66.290		
66.300	2.380	0.000	17.500	19.880	66.300	150.800	234.320	554.480	939.600	66.300		
66.310	2.380	0.000	14.980	17.360	66.310	153.120	234.320	533.600	921.040	66.310		
66.320	0.000	0.000	17.500	17.500	66.320	155.440	232.000	512.720	900.160	66.320		
66.330	0.000	0.000	14.980	14.980	66.330	157.760	232.000	491.840	881.600	66.330		
66.340	0.000	0.000	12.460	12.460	66.340	162.400	229.680	470.960	863.040	66.340		
66.350	0.000	0.000	12.460	12.460	66.350	164.720	229.680	447.760	842.160	66.350		
66.360	0.000	0.000	9.940	9.940	66.360	169.360	227.360	424.560	821.280	66.360		
66.370	0.000	0.000	9.940	9.940	66.370	171.680	222.720	401.360	795.760	66.370		
66.380	0.000	0.000	9.940	9.940	66.380	176.320	220.400	375.840	772.560	66.380		
66.390	0.000	0.000	7.420	7.420	66.390	176.320	215.760	354.960	747.040	66.390		
66.400	0.000	0.000	7.420	7.420	66.400	180.960	213.440	331.760	726.160	66.400		
66.410	0.000	0.000	7.500	7.500	66.410	185.600	211.120	310.880	707.600	66.410		
66.420	0.000	0.000	7.500	7.500	66.420	187.920	208.800	294.640	691.360	66.420		
66.430	0.000	0.000	7.500	7.500	66.430	196.250	208.810	274.750	679.810	66.430		
66.440	0.000	0.000	7.500	7.500	66.440	204.100	208.810	259.050	671.960	66.440		
66.450	0.000	0.000	4.980	4.980	66.450	208.810	208.810	244.920	662.540	66.450		
66.460	0.000	0.000	4.980	4.980	66.460	219.800	211.950	232.360	664.110	66.460		
66.470	0.000	0.000	4.980	4.980	66.470	229.220	213.520	219.800	662.540	66.470		
66.480	0.000	0.000	4.980	4.980	66.480	241.780	219.800	207.240	668.820	66.480		
66.490	0.000	0.000	2.490	2.490	66.490	251.200	221.370	194.680	667.250	66.490		
66.500	0.000	0.000	2.490	2.490	66.500	266.900	229.220	183.690	679.810	66.500		
66.510	0.000	0.000	2.490	2.490	66.510	281.030	233.930	171.130	686.090	66.510		
66.520	0.000	0.000	0.000	0.000	66.520	296.730	241.780	164.850	703.360	66.520		
66.530	0.000	0.000	0.000	0.000	66.530	312.430	246.490	157.000	715.920	66.530		
66.540	0.000	0.000	0.000	0.000	66.540	331.270	254.340	146.010	731.620	66.540		
66.550	0.000	0.000	0.000	0.000	66.550	348.540	259.050	136.590	744.180	66.550		
66.560	0.000	0.000	0.000	0.000	66.560	368.950	262.190	124.030	755.170	66.560		
66.570	0.000	0.000	0.000	0.000	66.570	392.500	263.760	111.470	767.730	66.570		
66.580	0.000	0.000	0.000	0.000	66.580	416.580	267.120	95.400	779.100	66.580		
66.590	0.000	0.000	0.000	0.000	66.590	442.020	267.120	82.680	791.820	66.590		
66.600	0.000	0.000	0.000	0.000	66.600	470.640	267.120	69.960	807.720	66.600		
66.610	0.000	0.000	0.000	0.000	66.610	502.440	260.760	57.240	820.440	66.610		
66.620	0.000	0.000	0.000	0.000	66.620	534.240	251.220	44.520	829.980	66.620		
66.630	0.000	2.450	0.000	2.450	66.630	566.040	241.680	38.160	845.880	66.630		
66.640	0.000	2.450	0.000	2.450	66.640	601.020	219.420	28.620	849.060	66.640		
66.650	0.000	2.450	0.000	2.450	66.650	632.820	203.520	22.260	858.600	66.650		
66.660	0.000	2.450	0.000	2.450	66.660	667.800	184.440	12.720	864.960	66.660		
66.670	0.000	2.450	0.000	2.450	66.670	702.780	155.820	9.540	868.140	66.670		
66.680	0.000	2.450	0.000	2.450	66.680	734.580	136.740	3.180	874.500	66.680		
66.690	0.000	2.450	0.000	2.450	66.690	756.840	114.480	0.000	871.320	66.690		
66.700	17.500	9.940	0.000	27.440	66.700	779.100	98.580	0.000	877.680	66.700		
66.710	55.620	14.420	0.000	70.040	66.710	788.640	85.860	0.000	874.500	66.710		
66.720	109.180	16.480	0.000	125.660	66.720	795.000	69.960	0.000	864.960	66.720		
66.730	156.560	24.720	0.000	181.280	66.730	790.000	60.040	0.000	850.040	66.730		
66.740	193.640	26.780	0.000	220.420	66.740	777.360	50.560	0.000	827.920	66.740		
66.750	247.200	30.900	4.120	282.220	66.750	758.400	44.240	0.000	802.640	66.750		
66.760	317.240	43.260	8.240	368.740	66.760	733.120	34.760	0.000	767.880	66.760		
66.770	383.160	61.800	18.540	463.500	66.770	698.360	31.600	0.000	729.960	66.770		
66.780	430.540	94.760	26.780	552.080	66.780	657.280	22.120	0.000	679.400	66.780		
66.790	451.140	121.540	39.140	611.820	66.790	600.400	9.480	0.000	609.880	66.790		
66.800	451.140	133.900	51.500	636.540	66.800	530.880	0.000	0.000	530.880	66.800		
66.810	449.080	146.260	67.980	663.320	66.810	445.560	0.000	0.000	445.560	66.810		
66.820	453.200	164.800	84.460	702.460	66.820	353.920	0.000	0.000	353.920	66.820		
66.830	465.560	179.220	98.880	743.660	66.830	252.800	0.000	0.000	252.800	66.830		
66.840	488.220	199.820	111.240	799.280	66.840	154.840	0.000	0.000	154.840	66.840		
66.850	515.000	216.300	121.540	852.840	66.850	82.160	0.000	0.000	82.160	66.850		
66.860	532.970	231.920	129.340	894.230	66.860	37.920	0.000	0.000	37.920	66.860		
66.870	546.350	245.300	136.030	927.680	66.870	18.960	0.000	0.000	18.960	66.870		
66.880	553.040	258.680	140.490	952.210	66.880	17.500	0.000	0.000	17.500	66.880		
66.890	557.500	272.060	149.410	978.970	66.890	14.980	0.000	0.000	14.980	66.890		
66.900	550.810	278.750	156.100	985.660	66.900	12.460	0.000	0.000	12.460	66.900		
66.910	541.890	285.440	160.560	987.890	66.910	9.940	0.000	0.000	9.940	66.910		
66.920	526.280	292.130	167.250	985.660	66.920	9.940	0.000	0.000	9.940	66.920		
66.930	506.210	289.900	169.480	965.590	66.930	7.490	0.000	0.000	7.490	66.930		
66.940	486.140	289.900	173.940	949.980	66.940	7.490	0.000	0.000	7.490	66.940		
66.950	463.840	283.210	173.940	920.990	66.950	4.970	0.000	0.000	4.970	66.950		
66.960	441.540	280.980	180.630	903.150	66.960	4.970	0.000	0.000	4.970	66.960		
66.970	419.240	276.520	182.860	878.620	66.970	4.970	0.000	0.000	4.970	66.970		
66.980	394.710	269.830	180.630	845.170	66.980	2.450	0.000	0.000	2.450	66.980		
66.990	372.410	260.910	182.860	816.180	66.990	2.450	0.000	0.000	2.450	66.990		
67.000	347.880	256.450	182.860	787.190	67.000	2.450	0.000	0.000	2.450	67.000		
67.010	327.500	248.900	187.330	763.730	67.010	2.450	0.000	0.000	2.450	67.010		
67.020	309.160	244.970	187.330	741.460	67.020	2.450	0.000	0.000	2.450	67.020		
67.030	292.130	242.350	189.950	724.430	67.030	2.500	0.000	0.000	2.500	67.030		
67.040	276.410	242.350	193.880	712.640	67.040	2.500	0.000	0.000	2.500	67.040		
67.050	264.620	239.730	193.880	698.230	67.050	2.500	0.000	0.000	2.500	67.050		
67.060	251.520	239.730	196.500	687.750	67.060	2.500	0.000	0.000	2.500	67.060		
67.070	244.970	242.350	201.740	689.060	67.070	0.000	0.000	0.000	0.000	67.070		
67.080	234.490	244.970	206.980	686.440	67.080	0.000	0.000	0.000	0.000	67.080		
67.090	224.010	248.900	212.220	685.130	67.090	0.000	0.000	0.000	0.000	67.090		
67.100	217.460	256.760	218.770	692.990	67.100	0.000	0.000	0.000	0.000	67.100		
67.110	212.220	267.240	226.630	706.090	67.110	0.000	0.000	0.000	0.000	67.110		
67.120	206.980	273.790	239.730	720.500	67.120	0.000	0.000	0.000	0.000	67.120		
67.130	204.360	281.650	246.280	732.290	67.130	0.000	0.000	0.000	0.000	67.130		
67.140	201.740	292.130	259.380	753.250	67.140	0.000	0.000	0.000	0.000	67.140		
67.150	196.500	303.920	269.860	770.280	67.150	0.000	0.000	0.000	0.000	67.150		
67.160	194.010	316.660	280.980	791.650	67.160	0.000	0.000	0.000	0.000	67.160		
67.170	187.320	327.810	294.360	809.490	67.170	0.000	0.000	0.000	0.000	67.170		
67.180	178.400	338.960	309.970	827.330	67.180	2.370	0.000	0.000	2.370	67.180		
67.190	173.940	352.340	323.350	849.630	67.190	4.740	0.000	0.000	4.740	67.190		
67.200	167.250	363.490	341.190	871.930	67.200	4.740	0.000	0.000	4.740	67.200		
67.210	156.100	374.640	356.800	887.540	67.210	4.740	2.370	0.000	7.110	67.210		
67.220	144.950	383.560	374.640	903.150	67.220	4.740	2.370	0.000	7.110	67.220		
67.230	129.340	388.020	388.020	905.380	67.230	4.740	2.370	0.000	7.110	67.230		
67.240	113.730	388.020	408.090	909.840	67.240	4.740	0.000	0.000	4.740	67.240		
67.250	95.890	385.790	425.930	907.610	67.250	4.740	0.000	0.000	4.740	67.250		
67.260	78.050	379.100	443.770	900.920	67.260	4.740	0.000	0.000	4.740	67.260		
67.270	64.670	365.720	470.530	900.920	67.270	2.370	0.000	0.000	2.370	67.270		
67.280	51.290	352.340	499.520	903.150	67.280	2.370	0.000	0.000	2.370	67.280		
67.290	42.370	332.270	528.510	903.150	67.290	0.000	2.370	17.380	19.750	67.290		
67.300	31.220	309.970	557.500	898.690	67.300	0.000	11.850	77.420	89.270	67.300		
67.310	20.720	282.310	585.340	888.370	67.310	0.000	17.380	144.570	161.950	67.310		
67.320	10.360	253.820	608.650	872.830	67.320	0.000	17.380	197.500	214.880	67.320		
67.330	2.590	225.330	629.370	857.290	67.330	1.840	18.400	253.920	274.160	67.330		
67.340	0.000	196.840	639.730	836.570	67.340	7.360	29.440	334.880	371.680	67.340		
67.350	0.000	173.530	647.500	821.030	67.350	14.720	51.520	406.640	472.880	67.350		
67.360	0.000	147.630	644.910	792.540	67.360	25.760	84.640	447.120	557.520	67.360		
67.370	0.000	132.090	637.140	769.230	67.370	38.640	99.360	441.600	579.600	67.370		
67.380	0.000	113.960	619.010	732.970	67.380	46.000	99.360	399.280	544.640	67.380		
67.390	0.000	101.010	593.110	694.120	67.390	58.880	101.200	364.320	524.400	67.390		
67.400	0.000	85.470	556.850	642.320	67.400	77.280	112.240	353.280	542.800	67.400		
67.410	0.000	69.930	512.820	582.750	67.410	92.000	123.280	362.480	577.760	67.410		
67.420	0.000	56.980	450.660	507.640	67.420	106.720	139.840	377.200	623.760	67.420		
67.430	0.000	41.440	383.320	424.760	67.430	115.920	156.400	393.760	666.080	67.430		
67.440	0.000	28.490	308.210	336.700	67.440	128.800	174.800	414.000	717.600	67.440		
67.450	0.000	15.540	230.510	246.050	67.450	139.840	193.200	436.080	769.120	67.450		
67.460	0.000	7.040	160.000	167.040	67.460	149.040	213.440	454.480	816.960	67.460		
67.470	0.000	0.000	99.840	99.840	67.470	161.920	233.680	460.000	855.600	67.470		
67.480	0.000	0.000	67.200	67.200	67.480	173.900	249.750	462.500	886.150	67.480		
67.490	0.000	0.000	37.120	37.120	67.490	185.000	259.000	451.400	895.400	67.490		
67.500	0.000	0.000	22.400	22.400	67.500	192.400	266.400	438.450	897.250	67.500		
67.510	0.000	0.000	19.840	19.840	67.510	201.650	271.950	421.800	895.400	67.510		
67.520	0.000	0.000	17.280	17.280	67.520	210.900	277.500	401.450	889.850	67.520		
67.530	1.920	0.000	14.720	16.640	67.530	223.850	281.200	381.100	886.150	67.530		
67.540	1.920	0.000	14.720	16.640	67.540	234.950	284.900	360.750	880.600	67.540		
67.550	1.920	0.000	14.720	16.640	67.550	244.200	286.750	344.100	875.050	67.550		
67.560	1.920	0.000	12.160	14.080	67.560	251.600	286.750	327.450	865.800	67.560		
67.570	1.920	0.000	9.600	11.520	67.570	259.000	286.750	308.950	854.700	67.570		
67.580	0.000	0.000	9.600	9.600	67.580	264.550	284.900	292.300	841.750	67.580		
67.590	0.000	0.000	9.600	9.600	67.590	268.250	281.200	273.800	823.250	67.590		
67.600	0.000	0.000	7.040	7.040	67.600	277.500	277.500	257.150	812.150	67.600		
67.610	0.000	0.000	10.000	10.000	67.610	279.350	268.250	238.650	786.250	67.610		
67.620	0.000	0.000	7.480	7.480	67.620	284.900	266.400	223.850	775.150	67.620		
67.630	0.000	0.000	7.480	7.480	67.630	289.680	259.860	207.320	756.860	67.630		
67.640	0.000	0.000	5.000	5.000	67.640	291.100	254.180	194.540	739.820	67.640		
67.650	0.000	0.000	5.000	5.000	67.650	296.780	251.340	181.760	729.880	67.650		
67.660	2.480	0.000	5.000	7.480	67.660	299.620	249.920	171.820	721.360	67.660		
67.670	2.480	0.000	7.480	9.960	67.670	306.720	247.080	164.720	718.520	67.670		
67.680	2.480	0.000	5.000	7.480	67.680	309.560	241.400	156.200	707.160	67.680		
67.690	2.480	0.000	5.000	7.480	67.690	312.400	241.400	151.940	705.740	67.690		
67.700	2.480	0.000	2.480	4.960	67.700	313.820	241.400	149.100	704.320	67.700		
67.710	2.480	0.000	5.000	7.480	67.710	319.500	241.400	144.840	705.740	67.710		
67.720	0.000	0.000	2.480	2.480	67.720	322.340	244.240	142.000	708.580	67.720		
67.730	0.000	0.000	2.480	2.480	67.730	329.440	247.080	142.000	718.520	67.730		
67.740	0.000	0.000	2.480	2.480	67.740	333.700	249.920	139.160	722.780	67.740		
67.750	0.000	0.000	2.480	2.480	67.750	339.380	254.180	136.320	729.880	67.750		
67.760	0.000	0.000	2.500	2.500	67.760	346.480	257.020	134.900	738.400	67.760		
67.770	0.000	0.000	2.500	2.500	67.770	355.000	261.280	132.060	748.340	67.770		
67.780	0.000	0.000	0.000	0.000	67.780	364.980	263.070	125.610	753.660	67.780		
67.790	0.000	0.000	0.000	0.000	67.790	374.460	265.440	123.240	763.140	67.790		
67.800	0.000	0.000	0.000	0.000	67.800	383.940	270.180	118.500	772.620	67.800		
67.810	0.000	0.000	0.000	0.000	67.810	393.420	274.920	113.760	782.100	67.810		
67.820	0.000	0.000	0.000	0.000	67.820	405.270	274.920	109.020	789.210	67.820		
67.830	0.000	0.000	0.000	0.000	67.830	417.120	282.030	104.280	803.430	67.830		
67.840	0.000	0.000	0.000	0.000	67.840	428.970	284.400	99.540	812.910	67.840		
67.850	0.000	0.000	0.000	0.000	67.850	443.190	284.400	92.430	820.020	67.850		
67.860	0.000	0.000	0.000	0.000	67.860	459.780	282.030	82.950	824.760	67.860		
67.870	0.000	0.000	0.000	0.000	67.870	476.370	279.660	73.470	829.500	67.870		
67.880	0.000	2.500	0.000	2.500	67.880	495.330	274.920	63.990	834.240	67.880		
67.890	0.000	0.000	0.000	0.000	67.890	516.660	265.440	54.510	836.610	67.890		
67.900	0.000	0.000	0.000	0.000	67.900	537.990	253.590	47.400	838.980	67.900		
67.910	0.000	0.000	0.000	0.000	67.910	564.060	237.000	35.550	836.610	67.910		
67.920	14.200	4.260	0.000	18.460	67.920	592.500	215.670	30.810	838.980	67.920		
67.930	39.760	4.260	0.000	44.020	67.930	621.980	186.320	21.920	830.220	67.930		
67.940	69.580	7.100	0.000	76.680	67.940	643.900	156.180	13.700	813.780	67.940		
67.950	93.720	7.100	0.000	100.820	67.950	660.340	128.780	8.220	797.340	67.950		
67.960	119.280	9.940	0.000	129.220	67.960	676.780	104.120	2.740	783.640	67.960		
67.970	146.260	11.360	1.420	159.040	67.970	685.000	84.940	0.000	769.940	67.970		
67.980	171.820	17.040	1.420	190.280	67.980	685.000	68.500	0.000	753.500	67.980		
67.990	197.380	19.880	4.260	221.520	67.990	679.520	54.800	0.000	734.320	67.990		
68.000	234.300	29.820	9.940	274.060	68.000	663.080	46.580	0.000	709.660	68.000		
68.010	274.060	46.860	14.200	335.120	68.010	641.160	35.620	0.000	676.780	68.010		
68.020	309.560	76.680	31.240	417.480	68.020	616.500	27.400	0.000	643.900	68.020		
68.030	332.280	93.720	44.020	470.020	68.030	583.620	21.920	0.000	605.540	68.030		
68.040	343.640	106.500	56.800	506.940	68.040	545.260	10.960	0.000	556.220	68.040		
68.050	355.000	124.960	73.840	553.800	68.050	501.420	2.740	0.000	504.160	68.050		
68.060	374.220	139.860	88.830	602.910	68.060	446.620	0.000	0.000	446.620	68.060		
68.070	391.230	156.870	98.280	646.380	68.070	380.860	0.000	0.000	380.860	68.070		
68.080	408.240	171.990	111.510	691.740	68.080	307.500	0.000	0.000	307.500	68.080		
68.090	427.140	187.110	120.960	735.210	68.090	228.780	0.000	0.000	228.780	68.090		
68.100	438.480	202.230	128.520	769.230	68.100	159.900	0.000	0.000	159.900	68.100		
68.110	453.600	219.240	136.080	808.920	68.110	102.090	0.000	0.000	102.090	68.110		
68.120	464.940	238.140	143.640	846.720	68.120	59.040	0.000	0.000	59.040	68.120		
68.130	472.500	257.040	156.870	886.410	68.130	31.980	0.000	0.000	31.980	68.130		
68.140	472.500	272.160	166.320	910.980	68.140	17.220	0.000	0.000	17.220	68.140		
68.150	468.720	279.720	175.770	924.210	68.150	12.300	0.000	2.460	14.760	68.150		
68.160	459.270	289.170	183.330	931.770	68.160	9.840	0.000	4.920	14.760	68.160		
68.170	449.820	294.840	190.890	935.550	68.170	9.840	0.000	2.460	12.300	68.170		
68.180	436.590	298.620	198.450	933.660	68.180	9.840	0.000	0.000	9.840	68.180		
68.190	423.360	302.400	204.120	929.880	68.190	7.380	0.000	0.000	7.380	68.190		
68.200	412.020	302.400	206.010	920.430	68.200	7.380	0.000	0.000	7.380	68.200		
68.210	397.500	302.100	211.470	911.070	68.210	4.920	0.000	0.000	4.920	68.210		
68.220	378.420	298.920	216.240	893.580	68.220	2.460	0.000	0.000	2.460	68.220		
68.230	364.110	294.150	219.420	877.680	68.230	5.000	0.000	0.000	5.000	68.230		
68.240	346.620	289.380	219.420	855.420	68.240	2.500	0.000	0.000	2.500	68.240		
68.250	333.900	284.610	221.010	839.520	68.250	2.500	0.000	0.000	2.500	68.250		
68.260	319.590	279.840	224.190	823.620	68.260	2.500	0.000	0.000	2.500	68.260		
68.270	303.690	271.890	224.190	799.770	68.270	0.000	0.000	2.500	2.500	68.270		
68.280	290.970	268.710	224.190	783.870	68.280	0.000	0.000	0.000	0.000	68.280		
68.290	281.430	263.940	221.010	766.380	68.290	2.500	0.000	2.500	5.000	68.290		
68.300	271.890	259.170	221.010	752.070	68.300	0.000	0.000	0.000	0.000	68.300		
68.310	263.940	255.990	221.010	740.940	68.310	0.000	0.000	0.000	0.000	68.310		
68.320	259.170	254.400	221.010	734.580	68.320	0.000	0.000	2.500	2.500	68.320		
68.330	254.400	254.400	224.190	732.990	68.330	0.000	0.000	2.500	2.500	68.330		
68.340	249.630	255.990	227.370	732.990	68.340	0.000	0.000	2.500	2.500	68.340		
68.350	244.860	259.170	233.730	737.760	68.350	0.000	0.000	0.000	0.000	68.350		
68.360	238.650	264.550	242.350	745.550	68.360	0.000	0.000	0.000	0.000	68.360		
68.370	234.950	268.250	246.050	749.250	68.370	0.000	0.000	0.000	0.000	68.370		
68.380	229.400	277.500	253.450	760.350	68.380	0.000	0.000	0.000	0.000	68.380		
68.390	223.850	284.900	266.400	775.150	68.390	0.000	0.000	0.000	0.000	68.390		
68.400	216.450	292.300	279.350	788.100	68.400	0.000	0.000	0.000	0.000	68.400		
68.410	207.200	301.550	294.150	802.900	68.410	0.000	0.000	0.000	0.000	68.410		
68.420	196.100	308.950	308.950	814.000	68.420	0.000	0.000	0.000	0.000	68.420		
68.430	186.850	316.350	327.450	830.650	68.430	0.000	0.000	0.000	0.000	68.430		
68.440	173.900	323.750	345.950	843.600	68.440	0.000	0.000	0.000	0.000	68.440		
68.450	164.650	331.150	366.300	862.100	68.450	0.000	0.000	0.000	0.000	68.450		
68.460	157.250	336.700	384.800	878.750	68.460	2.500	0.000	0.000	2.500	68.460		
68.470	144.300	342.250	401.450	888.000	68.470	2.500	0.000	0.000	2.500	68.470		
68.480	133.200	344.100	419.950	897.250	68.480	2.500	2.500	0.000	5.000	68.480		
68.490	122.100	342.250	436.600	900.950	68.490	2.500	0.000	0.000	2.500	68.490		
68.500	103.600	334.850	462.500	900.950	68.500	0.000	2.500	0.000	2.500	68.500		
68.510	84.940	320.580	484.980	890.500	68.510	0.000	0.000	0.000	0.000	68.510		
68.520	71.240	306.880	512.380	890.500	68.520	0.000	0.000	0.000	0.000	68.520		
68.530	54.800	284.960	542.520	882.280	68.530	0.000	1.340	4.020	5.360	68.530		
68.540	46.580	260.300	569.920	876.800	68.540	0.000	4.020	18.760	22.780	68.540		
68.550	35.620	235.640	605.540	876.800	68.550	0.000	12.060	44.220	56.280	68.550		
68.560	30.140	208.240	632.940	871.320	68.560	0.000	18.760	79.060	97.820	68.560		
68.570	27.400	178.100	654.860	860.360	68.570	0.000	26.800	129.980	156.780	68.570		
68.580	19.180	153.440	674.040	846.660	68.580	1.340	34.840	171.520	207.700	68.580		
68.590	10.960	128.780	685.000	824.740	68.590	36.180	61.640	214.400	312.220	68.590		
68.600	8.220	106.860	676.780	791.860	68.600	54.940	81.740	286.760	423.440	68.600		
68.610	5.480	87.680	654.860	748.020	68.610	73.700	104.520	335.000	513.220	68.610		
68.620	2.740	73.980	624.720	701.440	68.620	89.780	116.580	332.320	538.680	68.620		
68.630	0.000	60.280	572.660	632.940	68.630	109.880	129.980	314.900	554.760	68.630		
68.640	0.000	49.320	515.120	564.440	68.640	129.980	144.720	304.180	578.880	68.640		
68.650	0.000	38.360	454.840	493.200	68.650	151.420	162.140	298.820	612.380	68.650		
68.660	0.000	29.640	390.000	419.640	68.660	168.840	174.200	304.180	647.220	68.660		
68.670	0.000	18.720	321.360	340.080	68.670	182.240	191.620	316.240	690.100	68.670		
68.680	0.000	9.360	254.280	263.640	68.680	196.500	207.000	334.500	738.000	68.680		
68.690	0.000	4.680	191.880	196.560	68.690	210.000	225.000	354.000	789.000	68.690		
68.700	0.000	0.000	138.840	138.840	68.700	225.000	240.000	369.000	834.000	68.700		
68.710	0.000	0.000	93.600	93.600	68.710	237.000	252.000	375.000	864.000	68.710		
68.720	0.000	0.000	62.400	62.400	68.720	249.000	264.000	375.000	888.000	68.720		
68.730	4.680	0.000	42.120	46.800	68.730	264.000	274.500	369.000	907.500	68.730		
68.740	6.240	0.000	26.520	32.760	68.740	277.500	282.000	360.000	919.500	68.740		
68.750	6.240	0.000	21.840	28.080	68.750	292.500	285.000	345.000	922.500	68.750		
68.760	6.240	0.000	17.160	23.400	68.760	301.500	285.000	330.000	916.500	68.760		
68.770	6.240	0.000	14.040	20.280	68.770	315.000	282.000	309.000	906.000	68.770		
68.780	6.240	0.000	14.040	20.280	68.780	322.500	277.500	292.500	892.500	68.780		
68.790	6.240	0.000	12.480	18.720	68.790	330.000	271.500	274.500	876.000	68.790		
68.800	6.240	0.000	12.480	18.720	68.800	337.500	264.000	256.500	858.000	68.800		
68.810	7.480	0.000	10.000	17.480	68.810	339.000	256.500	241.500	837.000	68.810		
68.820	7.480	0.000	10.000	17.480	68.820	345.000	249.000	226.500	820.500	68.820		
68.830	7.480	0.000	10.000	17.480	68.830	346.920	244.020	211.680	802.620	68.830		
68.840	7.480	0.000	7.480	14.960	68.840	351.330	236.670	199.920	787.920	68.840		
68.850	7.480	0.000	7.480	14.960	68.850	357.210	232.260	186.690	776.160	68.850		
68.860	10.000	0.000	7.480	17.480	68.860	358.680	226.380	176.400	761.460	68.860		
68.870	10.000	0.000	5.000	15.000	68.870	361.620	221.970	169.050	752.640	68.870		
68.880	10.000	0.000	5.000	15.000	68.880	364.560	216.090	158.760	739.410	68.880		
68.890	10.000	0.000	5.000	15.000	68.890	364.560	214.620	154.350	733.530	68.890		
68.900	10.000	0.000	2.480	12.480	68.900	364.560	211.680	151.410	727.650	68.900		
68.910	7.480	0.000	2.480	9.960	68.910	367.500	211.680	151.410	730.590	68.910		
68.920	10.000	0.000	2.480	12.480	68.920	367.500	214.620	151.410	733.530	68.920		
68.930	7.480	0.000	2.480	9.960	68.930	367.500	216.090	154.350	737.940	68.930		
68.940	7.480	0.000	0.000	7.480	68.940	367.500	219.030	157.290	743.820	68.940		
68.950	7.480	0.000	2.480	9.960	68.950	367.500	224.910	161.700	754.110	68.950		
68.960	6.580	0.000	0.000	6.580	68.960	364.560	229.320	169.050	762.930	68.960		
68.970	6.580	0.000	1.880	8.460	68.970	364.560	233.730	174.930	773.220	68.970		
68.980	16.920	16.920	4.700	38.540	68.980	360.000	234.720	181.440	776.160	68.980		
68.990	77.080	39.480	14.100	130.660	68.990	351.360	231.840	181.440	764.640	68.990		
69.000	152.280	69.560	49.820	271.660	69.000	344.160	221.760	177.120	743.040	69.000		
69.010	139.120	59.220	54.520	252.860	69.010	331.200	207.360	164.160	702.720	69.010		
69.020	104.340	62.040	64.860	231.240	69.020	321.120	187.200	149.760	658.080	69.020		
69.030	89.300	64.860	69.560	223.720	69.030	312.480	174.240	136.800	623.520	69.030		
69.040	87.420	79.900	99.640	266.960	69.040	302.400	159.840	122.400	584.640	69.040		
69.050	87.420	96.820	129.720	313.960	69.050	293.760	144.000	106.560	544.320	69.050		
69.060	81.780	107.160	149.460	338.400	69.060	289.440	132.480	96.480	518.400	69.060		
69.070	79.900	117.500	172.020	369.420	69.070	289.440	122.400	84.960	496.800	69.070		
69.080	79.900	131.600	197.400	408.900	69.080	283.680	112.320	74.880	470.880	69.080		
69.090	79.900	144.760	217.140	441.800	69.090	282.240	103.680	66.240	452.160	69.090		
69.100	79.900	154.160	235.000	469.060	69.100	279.360	99.360	64.800	443.520	69.100		
69.110	81.620	162.180	246.980	490.780	69.110	273.600	92.160	59.040	424.800	69.110		
69.120	81.620	169.600	254.400	505.620	69.120	269.280	86.400	56.160	411.840	69.120		
69.130	84.800	174.900	259.700	519.400	69.130	265.000	84.800	54.060	403.860	69.130		
69.140	89.040	182.320	265.000	536.360	69.140	256.520	79.500	51.940	387.960	69.140		
69.150	96.460	186.560	265.000	548.020	69.150	249.100	77.380	51.940	378.420	69.150		
69.160	101.760	191.860	265.000	558.620	69.160	241.680	72.080	49.820	363.580	69.160		
69.170	109.180	193.980	259.700	562.860	69.170	234.260	69.960	49.820	354.040	69.170		
69.180	114.480	197.160	256.520	568.160	69.180	228.960	66.780	46.640	342.380	69.180		
69.190	119.780	197.160	254.400	571.340	69.190	224.720	66.780	46.640	338.140	69.190		
69.200	121.900	197.160	249.100	568.160	69.200	219.420	61.480	46.640	327.540	69.200		
69.210	127.200	197.160	246.980	571.340	69.210	214.120	61.480	44.520	320.120	69.210		
69.220	127.200	193.980	244.860	566.040	69.220	212.000	59.360	42.400	313.760	69.220		
69.230	127.200	193.980	241.680	562.860	69.230	206.700	59.360	42.400	308.460	69.230		
69.240	127.200	193.980	239.560	560.740	69.240	202.460	57.240	42.400	302.100	69.240		
69.250	129.320	193.980	239.560	562.860	69.250	197.160	57.240	42.400	296.800	69.250		
69.260	132.050	196.650	237.500	566.200	69.260	191.860	54.060	42.400	288.320	69.260		
69.270	136.800	196.650	234.650	568.100	69.270	186.560	54.060	42.400	283.020	69.270		
69.280	139.650	196.650	231.800	568.100	69.280	182.500	54.750	42.340	279.590	69.280		
69.290	142.500	199.500	229.900	571.900	69.290	177.390	54.750	44.530	276.670	69.290		
69.300	147.250	199.500	227.050	573.800	69.300	172.280	54.750	44.530	271.560	69.300		
69.310	152.000	202.350	227.050	581.400	69.310	167.170	56.940	47.450	271.560	69.310		
69.320	159.600	202.350	224.200	586.150	69.320	164.980	56.940	49.640	271.560	69.320		
69.330	164.350	207.100	222.300	593.750	69.330	162.060	56.940	51.830	270.830	69.330		
69.340	169.100	209.950	224.200	603.250	69.340	156.950	59.860	51.830	268.640	69.340		
69.350	174.800	211.850	222.300	608.950	69.350	156.950	56.940	54.750	268.640	69.350		
69.360	176.700	211.850	222.300	610.850	69.360	151.840	56.940	54.750	263.530	69.360		
69.370	179.550	214.700	224.200	618.450	69.370	151.840	56.940	54.750	263.530	69.370		
69.380	179.550	216.600	222.300	618.450	69.380	149.650	54.750	54.750	259.150	69.380		
69.390	182.400	214.700	222.300	619.400	69.390	149.650	54.750	54.750	259.150	69.390		
69.400	184.300	216.600	224.200	625.100	69.400	149.650	54.750	51.830	256.230	69.400		
69.410	184.920	219.880	224.480	629.280	69.410	149.650	51.830	51.830	253.310	69.410		
69.420	186.760	219.880	224.480	631.120	69.420	149.650	51.830	51.830	253.310	69.420		
69.430	186.760	219.880	224.480	631.120	69.430	150.000	52.200	49.800	252.000	69.430		
69.440	189.520	221.720	224.480	635.720	69.440	150.000	49.800	47.400	247.200	69.440		
69.450	189.520	224.480	221.720	635.720	69.450	150.000	49.800	47.400	247.200	69.450		
69.460	192.280	221.720	224.480	638.480	69.460	150.000	49.800	45.000	244.800	69.460		
69.470	192.280	221.720	224.480	638.480	69.470	150.000	47.400	42.000	239.400	69.470		
69.480	192.280	224.480	224.480	641.240	69.480	150.000	47.400	42.000	239.400	69.480		
69.490	192.280	224.480	224.480	641.240	69.490	147.000	45.000	39.600	231.600	69.490		
69.500	194.120	224.480	224.480	643.080	69.500	147.000	47.400	39.600	234.000	69.500		
69.510	196.880	227.240	224.480	648.600	69.510	147.000	45.000	42.000	234.000	69.510		
69.520	196.880	227.240	221.720	645.840	69.520	147.000	45.000	39.600	231.600	69.520		
69.530	199.640	227.240	224.480	651.360	69.530	147.000	45.000	42.000	234.000	69.530		
69.540	202.400	227.240	224.480	654.120	69.540	144.600	45.000	42.000	231.600	69.540		
69.550	202.400	230.000	221.720	654.120	69.550	144.600	47.400	42.000	234.000	69.550		
69.560	204.600	229.710	222.270	656.580	69.560	144.600	47.400	45.000	237.000	69.560		
69.570	204.600	229.710	222.270	656.580	69.570	144.600	47.400	45.000	237.000	69.570		
69.580	207.390	232.500	222.270	662.160	69.580	142.500	49.590	47.310	239.400	69.580		
69.590	207.390	229.710	222.270	659.370	69.590	142.500	49.590	47.310	239.400	69.590		
69.600	207.390	229.710	222.270	659.370	69.600	139.650	49.590	47.310	236.550	69.600		
69.610	209.250	229.710	219.480	658.440	69.610	137.370	49.590	49.590	236.550	69.610		
69.620	209.250	226.920	219.480	655.650	69.620	137.370	49.590	49.590	236.550	69.620		
69.630	212.040	226.920	214.830	653.790	69.630	137.370	52.440	52.440	242.250	69.630		
69.640	212.040	226.920	214.830	653.790	69.640	137.370	52.440	52.440	242.250	69.640		
69.650	212.040	224.130	214.830	651.000	69.650	134.520	52.440	52.440	239.400	69.650		
69.660	212.040	224.130	212.040	648.210	69.660	134.520	52.440	54.720	241.680	69.660		
69.670	214.830	222.270	209.250	646.350	69.670	134.520	54.720	54.720	243.960	69.670		
69.680	212.040	222.270	209.250	643.560	69.680	134.520	54.720	57.000	246.240	69.680		
69.690	214.830	222.270	207.390	644.490	69.690	134.520	54.720	57.000	246.240	69.690		
69.700	214.830	219.480	207.390	641.700	69.700	132.240	54.720	57.000	243.960	69.700		
69.710	214.760	219.310	204.750	638.820	69.710	132.240	54.720	59.850	246.810	69.710		
69.720	214.760	217.490	202.020	634.270	69.720	132.240	57.000	62.130	251.370	69.720		
69.730	214.760	214.760	202.020	631.540	69.730	129.850	57.240	64.660	251.750	69.730		
69.740	217.490	214.760	199.290	631.540	69.740	132.500	59.890	64.660	257.050	69.740		
69.750	219.310	214.760	197.470	631.540	69.750	129.850	59.890	67.310	257.050	69.750		
69.760	219.310	212.030	197.470	628.810	69.760	129.850	62.010	69.960	261.820	69.760		
69.770	219.310	209.300	194.740	623.350	69.770	129.850	64.660	72.080	266.590	69.770		
69.780	222.040	209.300	192.010	623.350	69.780	132.500	64.660	74.730	271.890	69.780		
69.790	222.040	207.480	189.280	618.800	69.790	132.500	67.310	77.380	277.190	69.790		
69.800	224.770	207.480	189.280	621.530	69.800	132.500	67.310	77.380	277.190	69.800		
69.810	224.770	204.750	184.730	614.250	69.810	129.850	69.960	79.500	279.310	69.810		
69.820	227.500	202.020	184.730	614.250	69.820	132.500	69.960	82.150	284.610	69.820		
69.830	227.500	197.470	179.270	604.240	69.830	129.850	69.960	82.150	281.960	69.830		
69.840	227.500	197.470	177.450	602.420	69.840	129.850	69.960	84.800	284.610	69.840		
69.850	227.500	194.740	174.720	596.960	69.850	129.850	69.960	87.450	287.260	69.850		
69.860	229.950	189.000	172.200	591.150	69.860	129.850	72.080	89.570	291.500	69.860		
69.870	229.950	186.900	166.950	583.800	69.870	127.200	72.080	89.570	288.850	69.870		
69.880	232.050	184.800	164.850	581.700	69.880	127.200	69.600	92.400	289.200	69.880		
69.890	237.300	181.650	159.600	578.550	69.890	124.800	72.000	94.800	291.600	69.890		
69.900	237.300	177.450	157.500	572.250	69.900	124.800	69.600	97.200	291.600	69.900		
69.910	241.500	177.450	152.250	571.200	69.910	122.400	69.600	99.600	291.600	69.910		
69.920	244.650	172.200	149.100	565.950	69.920	120.000	72.000	102.000	294.000	69.920		
69.930	246.750	172.200	141.750	560.700	69.930	120.000	69.600	105.000	294.600	69.930		
69.940	249.900	166.950	141.750	558.600	69.940	114.600	69.600	107.400	291.600	69.940		
69.950	252.000	166.950	139.650	558.600	69.950	112.200	69.600	109.800	291.600	69.950		
69.960	252.000	164.850	136.500	553.350	69.960	109.800	72.000	114.600	296.400	69.960		
69.970	254.100	161.700	134.400	550.200	69.970	105.000	69.600	120.000	294.600	69.970		
69.980	257.250	161.700	129.150	548.100	69.980	99.600	69.600	122.400	291.600	69.980		
69.990	257.250	159.600	129.150	546.000	69.990	94.800	69.600	129.600	294.000	69.990		
70.000	262.500	157.500	127.050	547.050	70.000	90.000	67.200	137.400	294.600	70.000		
70.010	261.670	156.180	124.670	542.520	70.010	79.800	64.800	142.200	286.800	70.010		
70.020	267.150	154.810	121.930	543.890	70.020	75.000	64.800	150.000	289.800	70.020		
70.030	269.890	152.070	116.450	538.410	70.030	67.150	59.500	154.700	281.350	70.030		
70.040	274.000	149.330	113.710	537.040	70.040	62.050	56.950	162.350	281.350	70.040		
70.050	279.480	149.330	112.340	541.150	70.050	56.950	56.950	170.000	283.900	70.050		
70.060	284.960	146.590	106.860	538.410	70.060	51.850	54.400	174.250	280.500	70.060		
70.070	291.810	143.850	101.380	537.040	70.070	49.300	54.400	181.900	285.600	70.070		
70.080	297.290	142.480	98.640	538.410	70.080	44.200	49.300	187.000	280.500	70.080		
70.090	304.140	139.740	94.530	538.410	70.090	42.500	49.300	192.100	283.900	70.090		
70.100	309.620	139.740	91.790	541.150	70.100	39.950	46.750	197.200	283.900	70.100		
70.110	316.470	137.000	89.050	542.520	70.110	37.400	46.750	199.750	283.900	70.110		
70.120	324.690	137.000	84.940	546.630	70.120	34.850	44.200	202.300	281.350	70.120		
70.130	328.800	134.260	84.940	548.000	70.130	32.300	44.200	204.850	281.350	70.130		
70.140	337.020	134.260	79.460	550.740	70.140	29.750	44.200	207.400	281.350	70.140		
70.150	342.500	134.260	76.720	553.480	70.150	27.200	44.200	209.950	281.350	70.150		
70.160	347.040	132.480	76.320	555.840	70.160	24.650	44.200	212.500	281.350	70.160		
70.170	351.360	132.480	74.880	558.720	70.170	24.650	44.200	212.500	281.350	70.170		
70.180	354.240	132.480	74.880	561.600	70.180	24.940	44.720	215.000	284.660	70.180		
70.190	354.240	132.480	72.000	558.720	70.190	24.940	44.720	215.000	284.660	70.190		
70.200	357.120	132.480	72.000	561.600	70.200	26.660	44.720	215.000	286.380	70.200		
70.210	357.120	132.480	72.000	561.600	70.210	26.660	47.300	215.000	288.960	70.210		
70.220	360.000	132.480	74.880	567.360	70.220	29.240	44.720	215.000	288.960	70.220		
70.230	360.000	132.480	72.000	564.480	70.230	29.240	44.720	215.000	288.960	70.230		
70.240	360.000	132.480	74.880	567.360	70.240	29.240	47.300	212.420	288.960	70.240		
70.250	357.120	132.480	74.880	564.480	70.250	31.820	47.300	209.840	288.960	70.250		
70.260	354.240	132.480	74.880	561.600	70.260	34.400	49.880	207.260	291.540	70.260		
70.270	354.240	129.600	74.880	558.720	70.270	36.980	49.880	207.260	294.120	70.270		
70.280	349.920	129.600	74.880	554.400	70.280	39.560	49.880	202.100	291.540	70.280		
70.290	347.040	129.600	74.880	551.520	70.290	39.560	52.460	199.520	291.540	70.290		
70.300	341.280	129.600	76.320	547.200	70.300	44.720	52.460	196.940	294.120	70.300		
70.310	337.500	126.900	76.950	541.350	70.310	44.720	54.180	194.360	293.260	70.310		
70.320	332.100	126.900	76.950	535.950	70.320	47.300	54.180	191.780	293.260	70.320		
70.330	326.700	124.200	76.950	527.850	70.330	49.400	54.720	190.000	294.120	70.330		
70.340	321.300	126.900	79.650	527.850	70.340	49.400	57.000	190.000	296.400	70.340		
70.350	317.250	126.900	82.350	526.500	70.350	52.440	57.000	186.960	296.400	70.350		
70.360	314.550	126.900	82.350	523.800	70.360	54.720	57.000	186.960	298.680	70.360		
70.370	309.150	124.200	82.350	515.700	70.370	54.720	59.280	184.680	298.680	70.370		
70.380	306.450	126.900	83.700	517.050	70.380	57.000	59.280	182.400	298.680	70.380		
70.390	302.400	126.900	83.700	513.000	70.390	57.000	62.320	182.400	301.720	70.390		
70.400	299.700	126.900	86.400	513.000	70.400	59.280	62.320	179.360	300.960	70.400		
70.410	297.000	129.600	89.100	515.700	70.410	59.280	62.320	179.360	300.960	70.410		
70.420	291.600	129.600	89.100	510.300	70.420	62.320	62.320	177.080	301.720	70.420		
70.430	288.900	132.300	91.800	513.000	70.430	62.320	64.600	177.080	304.000	70.430		
70.440	286.200	132.300	94.500	513.000	70.440	64.600	64.600	174.800	304.000	70.440		
70.450	284.850	135.000	94.500	514.350	70.450	66.880	64.600	174.800	306.280	70.450		
70.460	282.500	136.730	97.180	516.410	70.460	66.880	66.880	171.760	305.520	70.460		
70.470	276.850	136.730	99.440	513.020	70.470	69.920	69.920	171.760	311.600	70.470		
70.480	274.590	136.730	99.440	510.760	70.480	72.360	69.680	167.500	309.540	70.480		
70.490	272.330	138.990	99.440	510.760	70.490	74.370	69.680	164.820	308.870	70.490		
70.500	268.940	138.990	99.440	507.370	70.500	74.370	72.360	164.820	311.550	70.500		
70.510	268.940	142.380	103.960	515.280	70.510	77.050	72.360	162.140	311.550	70.510		
70.520	266.680	142.380	101.700	510.760	70.520	79.730	72.360	162.140	314.230	70.520		
70.530	266.680	142.380	107.350	516.410	70.530	82.410	74.370	159.460	316.240	70.530		
70.540	262.160	144.640	107.350	514.150	70.540	82.410	74.370	159.460	316.240	70.540		
70.550	262.160	144.640	109.610	516.410	70.550	84.420	77.050	159.460	320.930	70.550		
70.560	259.900	149.160	111.870	520.930	70.560	84.420	79.730	159.460	323.610	70.560		
70.570	256.510	151.420	114.130	522.060	70.570	87.100	79.730	157.450	324.280	70.570		
70.580	254.250	151.420	116.390	522.060	70.580	92.460	79.730	154.770	326.960	70.580		
70.590	254.250	154.810	119.780	528.840	70.590	92.460	82.410	154.770	329.640	70.590		
70.600	251.990	157.070	119.780	528.840	70.600	97.150	82.410	152.090	331.650	70.600		
70.610	250.000	160.000	125.000	535.000	70.610	97.150	84.420	149.410	330.980	70.610		
70.620	250.000	162.000	127.000	539.000	70.620	97.150	84.420	149.410	330.980	70.620		
70.630	247.000	162.000	127.000	536.000	70.630	99.710	87.320	147.500	334.530	70.630		
70.640	245.000	165.000	132.000	542.000	70.640	102.070	87.320	144.550	333.940	70.640		
70.650	242.000	167.000	132.000	541.000	70.650	102.070	87.320	142.190	331.580	70.650		
70.660	240.000	170.000	135.000	545.000	70.660	104.430	87.320	139.830	331.580	70.660		
70.670	235.000	170.000	137.000	542.000	70.670	107.380	87.320	139.830	334.530	70.670		
70.680	232.000	172.000	140.000	544.000	70.680	107.380	87.320	137.470	332.170	70.680		
70.690	230.000	172.000	142.000	544.000	70.690	109.740	87.320	134.520	331.580	70.690		
70.700	227.000	172.000	145.000	544.000	70.700	109.740	87.320	132.160	329.220	70.700		
70.710	222.000	177.000	150.000	549.000	70.710	112.100	87.320	132.160	331.580	70.710		
70.720	222.000	175.000	150.000	547.000	70.720	112.100	87.320	129.800	329.220	70.720		
70.730	220.000	177.000	152.000	549.000	70.730	114.460	89.680	129.800	333.940	70.730		
70.740	217.000	177.000	152.000	546.000	70.740	117.410	87.320	124.490	329.220	70.740		
70.750	215.000	177.000	157.000	549.000	70.750	117.410	89.680	124.490	331.580	70.750		
70.760	215.000	177.160	157.380	549.540	70.760	119.770	87.320	124.490	331.580	70.760		
70.770	212.420	179.740	157.380	549.540	70.770	119.770	87.320	122.130	329.220	70.770		
70.780	209.840	179.740	159.960	549.540	70.780	119.850	87.210	122.400	329.460	70.780		
70.790	209.840	179.740	159.960	549.540	70.790	119.850	87.210	119.850	326.910	70.790		
70.800	207.260	179.740	159.960	546.960	70.800	122.400	87.210	117.300	326.910	70.800		
70.810	204.680	179.740	164.260	548.680	70.810	119.850	87.210	114.750	321.810	70.810		
70.820	202.100	179.740	164.260	546.100	70.820	122.400	87.210	114.750	324.360	70.820		
70.830	202.100	182.320	166.840	551.260	70.830	122.400	84.660	112.200	319.260	70.830		
70.840	196.940	182.320	166.840	546.100	70.840	124.950	84.660	112.200	321.810	70.840		
70.850	196.940	182.320	166.840	546.100	70.850	124.950	84.660	107.100	316.710	70.850		
70.860	194.360	182.320	169.420	546.100	70.860	124.950	84.660	107.100	316.710	70.860		
70.870	194.360	182.320	169.420	546.100	70.870	127.500	84.660	104.550	316.710	70.870		
70.880	191.780	182.320	172.000	546.100	70.880	127.500	82.110	102.000	311.610	70.880		
70.890	191.780	182.320	172.000	546.100	70.890	127.500	82.110	102.000	311.610	70.890		
70.900	191.780	182.320	172.000	546.100	70.900	127.500	82.110	102.000	311.610	70.900		
70.910	192.500	182.490	169.400	544.390	70.910	127.500	82.110	99.960	309.570	70.910		
70.920	192.500	182.490	172.480	547.470	70.920	127.500	79.560	99.960	307.020	70.920		
70.930	192.500	182.490	172.480	547.470	70.930	127.440	82.080	99.900	309.420	70.930		
70.940	189.420	182.490	172.480	544.390	70.940	127.440	82.080	99.900	309.420	70.940		
70.950	192.500	184.800	174.790	552.090	70.950	127.440	82.080	99.900	309.420	70.950		
70.960	189.420	184.800	172.480	546.700	70.960	129.600	82.080	99.900	311.580	70.960		
70.970	189.420	184.800	174.790	549.010	70.970	127.440	79.920	97.200	304.560	70.970		
70.980	189.420	184.800	174.790	549.010	70.980	129.600	79.920	97.200	306.720	70.980		
70.990	189.420	184.800	177.100	551.320	70.990	129.600	82.080	97.200	308.880	70.990		
71.000	189.420	182.490	174.790	546.700	71.000	129.600	82.080	97.200	308.880	71.000		
71.010	189.420	182.490	174.790	546.700	71.010	129.600	82.080	97.200	308.880	71.010		
71.020	189.420	182.490	174.790	546.700	71.020	132.300	82.080	94.500	308.880	71.020		
71.030	189.420	182.490	172.480	544.390	71.030	132.300	79.920	94.500	306.720	71.030		
71.040	189.420	182.490	172.480	544.390	71.040	132.300	82.080	94.500	308.880	71.040		
71.050	189.420	182.490	172.480	544.390	71.050	132.300	82.080	97.200	311.580	71.050		
71.060	192.000	182.400	172.000	546.400	71.060	135.000	82.080	97.200	314.280	71.060		
71.070	192.000	182.400	172.000	546.400	71.070	135.000	82.080	97.200	314.280	71.070		
71.080	192.000	182.400	172.000	546.400	71.080	134.520	82.080	97.470	314.070	71.080		
71.090	192.000	182.400	172.000	546.400	71.090	134.520	84.930	97.470	316.920	71.090		
71.100	192.000	182.400	172.000	546.400	71.100	137.370	84.930	97.470	319.770	71.100		
71.110	194.400	184.800	174.400	553.600	71.110	137.370	84.930	97.470	319.770	71.110		
71.120	192.000	184.800	172.000	548.800	71.120	137.370	84.930	97.470	319.770	71.120		
71.130	194.400	182.400	172.000	548.800	71.130	137.370	84.930	97.470	319.770	71.130		
71.140	196.800	184.800	172.000	553.600	71.140	139.650	87.210	97.470	324.330	71.140		
71.150	196.800	184.800	172.000	553.600	71.150	139.650	84.930	97.470	322.050	71.150		
71.160	196.800	187.200	172.000	556.000	71.160	139.650	84.930	94.620	319.200	71.160		
71.170	196.800	187.200	174.400	558.400	71.170	139.650	84.930	94.620	319.200	71.170		
71.180	196.800	187.200	174.400	558.400	71.180	142.500	84.930	94.620	322.050	71.180		
71.190	200.000	187.200	174.400	561.600	71.190	142.500	87.210	94.620	324.330	71.190		
71.200	196.800	184.800	172.000	553.600	71.200	142.500	84.930	94.620	322.050	71.200		
71.210	199.260	186.960	174.660	560.880	71.210	142.500	84.930	94.620	322.050	71.210		
71.220	196.800	186.960	172.200	555.960	71.220	142.500	84.930	92.340	319.770	71.220		
71.230	199.260	184.500	174.660	558.420	71.230	142.500	84.930	92.340	319.770	71.230		
71.240	199.260	186.960	172.200	558.420	71.240	142.500	84.930	92.340	319.770	71.240		
71.250	199.260	184.500	174.660	558.420	71.250	142.500	84.930	92.340	319.770	71.250		
71.260	201.720	186.960	174.660	563.340	71.260	142.500	84.930	94.620	322.050	71.260		
71.270	199.260	184.500	172.200	555.960	71.270	139.650	84.930	94.620	319.200	71.270		
71.280	201.720	184.500	172.200	558.420	71.280	142.500	84.930	94.620	322.050	71.280		
71.290	201.720	186.960	172.200	560.880	71.290	139.650	84.930	94.620	319.200	71.290		
71.300	201.720	184.500	169.740	555.960	71.300	142.500	84.930	97.470	324.900	71.300		
71.310	201.720	184.500	169.740	555.960	71.310	139.650	84.930	94.620	319.200	71.310		
71.320	205.000	184.500	169.740	559.240	71.320	139.650	82.080	97.470	319.200	71.320		
71.330	205.000	182.040	169.740	556.780	71.330	137.370	82.080	97.470	316.920	71.330		
71.340	205.000	182.040	167.280	554.320	71.340	137.370	82.080	97.470	316.920	71.340		
71.350	205.000	182.040	167.280	554.320	71.350	137.370	82.080	97.470	316.920	71.350		
71.360	207.370	179.780	167.320	554.470	71.360	137.370	82.080	97.470	316.920	71.360		
71.370	207.370	179.780	164.650	551.800	71.370	134.520	82.080	97.470	314.070	71.370		
71.380	207.370	179.780	161.980	549.130	71.380	135.000	79.920	99.900	314.820	71.380		
71.390	209.150	177.110	161.980	548.240	71.390	132.300	82.080	99.900	314.280	71.390		
71.400	209.150	177.110	161.980	548.240	71.400	129.600	79.920	99.900	309.420	71.400		
71.410	209.150	177.110	161.980	548.240	71.410	129.600	79.920	102.060	311.580	71.410		
71.420	211.820	174.440	159.310	545.570	71.420	129.600	79.920	102.060	311.580	71.420		
71.430	211.820	174.440	159.310	545.570	71.430	129.600	79.920	102.060	311.580	71.430		
71.440	214.490	174.440	159.310	548.240	71.440	127.440	79.920	102.060	309.420	71.440		
71.450	214.490	174.440	154.860	543.790	71.450	127.440	79.920	104.760	312.120	71.450		
71.460	217.160	174.440	156.640	548.240	71.460	124.740	77.220	104.760	306.720	71.460		
71.470	217.160	171.770	154.860	543.790	71.470	124.740	77.220	104.760	306.720	71.470		
71.480	219.830	171.770	154.860	546.460	71.480	122.040	77.220	107.460	306.720	71.480		
71.490	219.830	171.770	152.190	543.790	71.490	119.880	77.220	107.460	304.560	71.490		
71.500	222.500	171.770	152.190	546.460	71.500	117.180	74.520	109.620	301.320	71.500		
71.510	224.700	172.200	149.100	546.000	71.510	112.320	74.520	112.320	299.160	71.510		
71.520	224.700	169.050	152.250	546.000	71.520	109.620	72.360	114.480	296.460	71.520		
71.530	226.800	169.050	149.100	544.950	71.530	107.260	69.440	119.660	296.360	71.530		
71.540	229.950	172.200	147.000	549.150	71.540	102.300	69.440	122.140	293.880	71.540		
71.550	232.050	169.050	149.100	550.200	71.550	99.820	66.960	124.620	291.400	71.550		
71.560	234.150	172.200	149.100	555.450	71.560	94.860	66.960	127.100	288.920	71.560		
71.570	237.300	172.200	147.000	556.500	71.570	92.380	64.480	132.060	288.920	71.570		
71.580	239.400	169.050	147.000	555.450	71.580	89.900	62.000	134.540	286.440	71.580		
71.590	241.500	172.200	144.900	558.600	71.590	87.420	62.000	137.020	286.440	71.590		
71.600	244.650	172.200	144.900	561.750	71.600	82.460	62.000	139.500	283.960	71.600		
71.610	246.750	172.200	144.900	563.850	71.610	82.460	59.520	141.980	283.960	71.610		
71.620	252.000	172.200	141.750	565.950	71.620	79.980	59.520	146.940	286.440	71.620		
71.630	254.100	174.300	144.900	573.300	71.630	77.500	59.520	146.940	283.960	71.630		
71.640	257.250	174.300	141.750	573.300	71.640	74.400	57.040	149.420	280.860	71.640		
71.650	262.500	174.300	141.750	578.550	71.650	77.500	57.040	149.420	283.960	71.650		
71.660	264.320	174.720	142.240	581.280	71.660	74.400	57.040	151.900	283.340	71.660		
71.670	266.560	176.960	142.240	585.760	71.670	71.920	57.040	155.000	283.960	71.670		
71.680	269.920	176.960	140.000	586.880	71.680	72.100	54.600	157.500	284.200	71.680		
71.690	272.160	176.960	140.000	589.120	71.690	70.000	54.600	159.600	284.200	71.690		
71.700	272.160	176.960	140.000	589.120	71.700	67.200	54.600	159.600	281.400	71.700		
71.710	274.400	176.960	140.000	591.360	71.710	67.200	54.600	159.600	281.400	71.710		
71.720	276.640	176.960	136.640	590.240	71.720	67.200	52.500	162.400	282.100	71.720		
71.730	276.640	176.960	136.640	590.240	71.730	64.400	52.500	164.500	281.400	71.730		
71.740	276.640	176.960	136.640	590.240	71.740	62.300	52.500	164.500	279.300	71.740		
71.750	280.000	176.960	136.640	593.600	71.750	62.300	49.700	167.300	279.300	71.750		
71.760	276.640	174.720	136.640	588.000	71.760	62.300	49.700	167.300	279.300	71.760		
71.770	280.000	174.720	134.400	589.120	71.770	59.500	49.700	167.300	276.500	71.770		
71.780	276.640	174.720	134.400	585.760	71.780	57.400	49.700	169.400	276.500	71.780		
71.790	276.640	174.720	136.640	588.000	71.790	54.600	49.700	169.400	273.700	71.790		
71.800	276.640	174.720	136.640	588.000	71.800	54.600	46.900	172.200	273.700	71.800		
71.810	277.270	171.360	134.470	583.100	71.810	52.500	46.900	172.200	271.600	71.810		
71.820	277.270	171.360	134.470	583.100	71.820	52.500	44.800	175.000	272.300	71.820		
71.830	277.270	171.360	132.090	580.720	71.830	49.680	44.640	174.960	269.280	71.830		
71.840	279.650	171.360	134.470	585.480	71.840	46.800	44.640	177.120	268.560	71.840		
71.850	279.650	168.980	132.090	580.720	71.850	46.800	42.480	177.120	266.400	71.850		
71.860	282.030	168.980	132.090	583.100	71.860	46.800	42.480	177.120	266.400	71.860		
71.870	282.030	168.980	132.090	583.100	71.870	44.640	42.480	177.120	264.240	71.870		
71.880	282.030	168.980	132.090	583.100	71.880	42.480	39.600	177.120	259.200	71.880		
71.890	284.410	168.980	129.710	583.100	71.890	42.480	39.600	177.120	259.200	71.890		
71.900	286.790	168.980	129.710	585.480	71.900	39.600	39.600	180.000	259.200	71.900		
71.910	286.790	168.980	127.330	583.100	71.910	39.600	37.440	180.000	257.040	71.910		
71.920	289.170	168.980	127.330	585.480	71.920	37.440	37.440	180.000	254.880	71.920		
71.930	291.550	168.980	127.330	587.860	71.930	37.440	37.440	180.000	254.880	71.930		
71.940	297.500	168.980	124.950	591.430	71.940	34.560	34.560	180.000	249.120	71.940		
71.950	297.500	168.980	124.950	591.430	71.950	32.400	34.560	180.000	246.960	71.950		
71.960	299.620	168.980	124.960	593.560	71.960	32.400	32.400	180.000	244.800	71.960		
71.970	303.880	168.980	124.960	597.820	71.970	29.520	29.520	177.120	236.160	71.970		
71.980	306.720	168.980	122.120	597.820	71.980	29.820	24.850	177.500	232.170	71.980		
71.990	309.560	168.980	122.120	600.660	71.990	26.980	19.880	174.660	221.520	71.990		
72.000	313.820	168.980	122.120	604.920	72.000	26.980	17.040	171.820	215.840	72.000		
72.010	316.660	168.980	119.280	604.920	72.010	24.850	19.880	171.820	216.550	72.010		
72.020	319.500	168.980	119.280	607.760	72.020	24.850	17.040	169.690	211.580	72.020		
72.030	323.760	168.980	119.280	612.020	72.030	24.850	17.040	169.690	211.580	72.030		
72.040	329.440	171.820	119.280	620.540	72.040	22.010	14.910	166.850	203.770	72.040		
72.050	332.280	171.820	116.440	620.540	72.050	19.880	14.910	166.850	201.640	72.050		
72.060	336.540	171.820	116.440	624.800	72.060	19.880	14.910	164.720	199.510	72.060		
72.070	342.220	171.820	116.440	630.480	72.070	19.880	14.910	164.720	199.510	72.070		
72.080	343.640	174.660	116.440	634.740	72.080	17.040	12.070	161.880	190.990	72.080		
72.090	349.320	174.660	113.600	637.580	72.090	17.040	12.070	159.750	188.860	72.090		
72.100	355.000	174.660	112.180	641.840	72.100	17.040	14.910	159.750	191.700	72.100		
72.110	360.000	174.400	112.000	646.400	72.110	17.040	12.070	159.750	188.860	72.110		
72.120	364.800	174.400	112.000	651.200	72.120	17.040	12.070	156.910	186.020	72.120		
72.130	369.600	174.400	112.000	656.000	72.130	17.360	12.400	155.000	184.760	72.130		
72.140	371.200	174.400	108.800	654.400	72.140	14.880	12.400	155.000	182.280	72.140		
72.150	379.200	176.000	108.800	664.000	72.150	17.360	9.920	155.000	182.280	72.150		
72.160	382.400	176.000	107.200	665.600	72.160	17.360	12.400	151.900	181.660	72.160		
72.170	387.200	176.000	107.200	670.400	72.170	17.360	12.400	151.900	181.660	72.170		
72.180	392.000	176.000	107.200	675.200	72.180	17.360	12.400	149.420	179.180	72.180		
72.190	393.600	179.200	107.200	680.000	72.190	17.360	12.400	149.420	179.180	72.190		
72.200	396.800	179.200	107.200	683.200	72.200	17.360	12.400	146.940	176.700	72.200		
72.210	396.800	179.200	107.200	683.200	72.210	19.840	12.400	146.940	179.180	72.210		
72.220	400.000	179.200	104.000	683.200	72.220	19.840	12.400	144.460	176.700	72.220		
72.230	400.000	179.200	104.000	683.200	72.230	22.320	14.880	144.460	181.660	72.230		
72.240	396.800	176.000	102.400	675.200	72.240	22.320	14.880	141.980	179.180	72.240		
72.250	396.800	179.200	104.000	680.000	72.250	24.800	14.880	139.500	179.180	72.250		
72.260	395.000	176.960	104.280	676.240	72.260	24.800	14.880	139.500	179.180	72.260		
72.270	395.000	176.960	101.120	673.080	72.270	24.800	14.880	137.020	176.700	72.270		
72.280	391.840	176.960	101.120	669.920	72.280	27.140	17.110	137.470	181.720	72.280		
72.290	391.840	173.800	101.120	666.760	72.290	27.140	14.750	134.520	176.410	72.290		
72.300	388.680	173.800	101.120	663.600	72.300	27.140	14.750	134.520	176.410	72.300		
72.310	388.680	172.220	99.540	660.440	72.310	27.140	14.750	134.520	176.410	72.310		
72.320	387.100	172.220	99.540	658.860	72.320	27.140	17.110	134.520	178.770	72.320		
72.330	387.100	169.060	101.120	657.280	72.330	27.140	14.750	134.520	176.410	72.330		
72.340	383.940	172.220	99.540	655.700	72.340	27.140	17.110	137.470	181.720	72.340		
72.350	383.940	172.220	99.540	655.700	72.350	24.780	14.750	137.470	177.000	72.350		
72.360	383.940	169.060	99.540	652.540	72.360	24.780	14.750	137.470	177.000	72.360		
72.370	382.360	169.060	99.540	650.960	72.370	24.780	14.750	139.830	179.360	72.370		
72.380	383.940	169.060	99.540	652.540	72.380	22.420	14.750	142.190	179.360	72.380		
72.390	383.940	169.060	99.540	652.540	72.390	22.420	14.750	142.190	179.360	72.390		
72.400	383.940	167.480	96.380	647.800	72.400	22.420	14.750	144.550	181.720	72.400		
72.410	384.650	166.420	97.340	648.410	72.410	19.470	14.750	147.500	181.720	72.410		
72.420	386.220	166.420	97.340	649.980	72.420	19.470	14.750	147.500	181.720	72.420		
72.430	386.220	166.420	94.200	646.840	72.430	19.530	14.490	149.940	183.960	72.430		
72.440	386.220	166.420	97.340	649.980	72.440	17.010	14.490	152.460	183.960	72.440		
72.450	389.360	166.420	94.200	649.980	72.450	17.010	14.490	149.940	181.440	72.450		
72.460	389.360	166.420	94.200	649.980	72.460	17.010	14.490	152.460	183.960	72.460		
72.470	389.360	166.420	97.340	653.120	72.470	17.010	14.490	154.980	186.480	72.470		
72.480	392.500	166.420	94.200	653.120	72.480	17.010	14.490	154.980	186.480	72.480		
72.490	392.500	164.850	94.200	651.550	72.490	17.010	14.490	154.980	186.480	72.490		
72.500	392.500	166.420	97.340	656.260	72.500	17.010	14.490	157.500	189.000	72.500		
72.510	392.500	164.850	94.200	651.550	72.510	17.010	14.490	154.980	186.480	72.510		
72.520	392.500	164.850	94.200	651.550	72.520	17.010	14.490	157.500	189.000	72.520		
72.530	392.500	164.850	91.060	648.410	72.530	17.010	17.010	157.500	191.520	72.530		
72.540	392.500	164.850	94.200	651.550	72.540	17.010	14.490	157.500	189.000	72.540		
72.550	389.360	161.710	91.060	642.130	72.550	17.010	14.490	157.500	189.000	72.550		
72.560	389.360	161.710	91.060	642.130	72.560	17.010	17.010	157.500	191.520	72.560		
72.570	389.360	161.710	91.060	642.130	72.570	19.530	17.010	157.500	194.040	72.570		
72.580	389.360	158.570	91.060	638.990	72.580	19.500	16.900	154.700	191.100	72.580		
72.590	386.220	161.710	91.060	638.990	72.590	19.500	16.900	157.300	193.700	72.590		
72.600	386.220	158.570	91.060	635.850	72.600	19.500	16.900	154.700	191.100	72.600		
72.610	386.220	161.710	91.060	638.990	72.610	19.500	16.900	157.300	193.700	72.610		
72.620	386.220	161.710	91.060	638.990	72.620	19.500	16.900	157.300	193.700	72.620		
72.630	386.220	158.570	91.060	635.850	72.630	16.900	16.900	157.300	191.100	72.630		
72.640	386.220	161.710	91.060	638.990	72.640	16.900	16.900	159.900	193.700	72.640		
72.650	389.360	161.710	91.060	642.130	72.650	16.900	16.900	159.900	193.700	72.650		
72.660	386.220	161.710	91.060	638.990	72.660	19.500	16.900	159.900	196.300	72.660		
72.670	389.360	161.710	91.060	642.130	72.670	16.900	16.900	159.900	193.700	72.670		
72.680	389.360	161.710	89.490	640.560	72.680	19.500	16.900	159.900	196.300	72.680		
72.690	389.360	161.710	89.490	640.560	72.690	19.500	16.900	162.500	198.900	72.690		
72.700	392.500	161.710	91.060	645.270	72.700	16.900	16.900	162.500	196.300	72.700		
72.710	391.840	161.160	91.640	644.640	72.710	16.900	16.900	159.900	193.700	72.710		
72.720	391.840	161.160	91.640	644.640	72.720	19.500	16.900	162.500	198.900	72.720		
72.730	395.000	161.160	91.640	647.800	72.730	16.900	16.900	159.900	193.700	72.730		
72.740	391.840	161.160	88.480	641.480	72.740	19.500	16.900	162.500	198.900	72.740		
72.750	395.000	161.160	91.640	647.800	72.750	19.500	16.900	159.900	196.300	72.750		
72.760	395.000	161.160	88.480	644.640	72.760	16.900	19.500	159.900	196.300	72.760		
72.770	395.000	161.160	88.480	644.640	72.770	19.500	16.900	159.900	196.300	72.770		
72.780	395.000	161.160	91.640	647.800	72.780	16.900	16.900	159.900	193.700	72.780		
72.790	395.000	161.160	88.480	644.640	72.790	16.900	16.900	159.900	193.700	72.790		
72.800	395.000	161.160	88.480	644.640	72.800	19.500	16.900	159.900	196.300	72.800		
72.810	391.840	161.160	91.640	644.640	72.810	16.900	19.500	159.900	196.300	72.810		
72.820	391.840	159.580	88.480	639.900	72.820	19.500	19.500	159.900	198.900	72.820		
72.830	391.840	161.160	86.900	639.900	72.830	19.500	16.900	157.300	193.700	72.830		
72.840	391.840	159.580	88.480	639.900	72.840	19.500	16.900	157.300	193.700	72.840		
72.850	391.840	159.580	88.480	639.900	72.850	19.500	16.900	154.700	191.100	72.850		
72.860	391.840	159.580	86.900	638.320	72.860	22.100	16.900	154.700	193.700	72.860		
72.870	391.840	159.580	86.900	638.320	72.870	19.500	16.900	152.100	188.500	72.870		
72.880	391.840	159.580	86.900	638.320	72.880	19.520	17.080	152.500	189.100	72.880		
72.890	391.840	159.580	88.480	639.900	72.890	19.520	17.080	152.500	189.100	72.890		
72.900	391.840	159.580	86.900	638.320	72.900	21.960	17.080	149.450	188.490	72.900		
72.910	391.840	159.580	88.480	639.900	72.910	19.520	17.080	149.450	186.050	72.910		
72.920	391.840	159.580	86.900	638.320	72.920	21.960	17.080	147.010	186.050	72.920		
72.930	391.840	159.580	88.480	639.900	72.930	21.960	17.080	147.010	186.050	72.930		
72.940	391.840	161.160	88.480	641.480	72.940	24.400	17.080	147.010	188.490	72.940		
72.950	395.000	161.160	88.480	644.640	72.950	21.960	19.520	144.570	186.050	72.950		
72.960	395.000	161.160	88.480	644.640	72.960	24.400	19.520	144.570	188.490	72.960		
72.970	395.000	164.320	88.480	647.800	72.970	24.400	19.520	142.130	186.050	72.970		
72.980	395.000	164.320	88.480	647.800	72.980	27.450	19.520	142.130	189.100	72.980		
72.990	395.000	164.320	88.480	647.800	72.990	27.450	19.520	137.250	184.220	72.990		
73.000	395.000	164.320	91.640	650.960	73.000	27.450	19.520	137.250	184.220	73.000		
73.010	392.500	164.850	89.490	646.840	73.010	27.450	19.520	134.810	181.780	73.010		
73.020	392.500	164.850	91.060	648.410	73.020	29.890	19.520	134.810	184.220	73.020		
73.030	392.500	166.420	91.060	649.980	73.030	29.680	19.610	132.500	181.790	73.030		
73.040	392.500	166.420	91.060	649.980	73.040	29.680	19.610	132.500	181.790	73.040		
73.050	389.360	166.420	91.060	646.840	73.050	32.330	19.610	129.850	181.790	73.050		
73.060	389.360	166.420	94.200	649.980	73.060	32.330	19.610	129.850	181.790	73.060		
73.070	389.360	169.560	94.200	653.120	73.070	32.330	19.610	129.850	181.790	73.070		
73.080	386.220	169.560	91.060	646.840	73.080	32.330	19.610	127.200	179.140	73.080		
73.090	386.220	171.130	97.340	654.690	73.090	32.330	19.610	129.850	181.790	73.090		
73.100	386.220	171.130	97.340	654.690	73.100	34.980	19.610	127.200	181.790	73.100		
73.110	386.220	171.130	94.200	651.550	73.110	32.330	19.610	127.200	179.140	73.110		
73.120	386.220	171.130	97.340	654.690	73.120	34.980	19.610	127.200	181.790	73.120		
73.130	384.650	171.130	97.340	653.120	73.130	37.100	22.260	124.550	183.910	73.130		
73.140	384.650	174.270	97.340	656.260	73.140	37.100	22.260	124.550	183.910	73.140		
73.150	384.650	174.270	98.910	657.830	73.150	37.100	22.260	124.550	183.910	73.150		
73.160	385.000	174.020	98.560	657.580	73.160	39.750	22.260	124.550	186.560	73.160		
73.170	381.920	174.020	98.560	654.500	73.170	42.400	24.910	124.550	191.860	73.170		
73.180	381.920	174.020	98.560	654.500	73.180	42.140	24.990	122.500	189.630	73.180		
73.190	381.920	177.100	101.640	660.660	73.190	42.140	24.990	119.560	186.690	73.190		
73.200	381.920	177.100	101.640	660.660	73.200	44.590	24.990	119.560	189.140	73.200		
73.210	381.920	177.100	101.640	660.660	73.210	44.590	24.990	119.560	189.140	73.210		
73.220	378.840	174.020	101.640	654.500	73.220	47.040	27.440	117.110	191.590	73.220		
73.230	381.920	177.100	101.640	660.660	73.230	47.040	27.440	117.110	191.590	73.230		
73.240	378.840	177.100	101.640	657.580	73.240	47.040	27.440	117.110	191.590	73.240		
73.250	378.840	177.100	98.560	654.500	73.250	44.590	27.440	117.110	189.140	73.250		
73.260	378.840	177.100	98.560	654.500	73.260	47.040	27.440	114.660	189.140	73.260		
73.270	378.840	177.100	98.560	654.500	73.270	47.040	27.440	114.660	189.140	73.270		
73.280	378.840	177.100	98.560	654.500	73.280	49.980	27.440	114.660	192.080	73.280		
73.290	378.840	177.100	101.640	657.580	73.290	49.980	29.890	112.210	192.080	73.290		
73.300	381.920	177.100	98.560	657.580	73.300	52.430	29.890	109.760	192.080	73.300		
73.310	381.920	177.100	98.560	657.580	73.310	52.430	29.890	109.760	192.080	73.310		
73.320	381.920	177.100	98.560	657.580	73.320	52.430	29.890	109.760	192.080	73.320		
73.330	381.920	177.100	98.560	657.580	73.330	52.460	29.670	107.500	189.630	73.330		
73.340	381.920	177.100	98.560	657.580	73.340	54.610	29.670	107.500	191.780	73.340		
73.350	381.920	177.100	98.560	657.580	73.350	54.610	29.670	107.500	191.780	73.350		
73.360	381.920	174.020	97.020	652.960	73.360	54.610	29.670	104.920	189.200	73.360		
73.370	385.000	174.020	98.560	657.580	73.370	54.610	29.670	104.920	189.200	73.370		
73.380	385.000	174.020	98.560	657.580	73.380	57.190	29.670	104.920	191.780	73.380		
73.390	385.000	174.020	98.560	657.580	73.390	57.190	29.670	102.340	189.200	73.390		
73.400	385.000	174.020	97.020	656.040	73.400	59.770	29.670	99.760	189.200	73.400		
73.410	385.000	174.020	97.020	656.040	73.410	59.770	29.670	99.760	189.200	73.410		
73.420	385.000	177.100	98.560	660.660	73.420	59.770	29.670	97.180	186.620	73.420		
73.430	385.000	174.020	97.020	656.040	73.430	59.770	32.250	97.180	189.200	73.430		
73.440	385.000	174.020	98.560	657.580	73.440	62.350	32.250	94.600	189.200	73.440		
73.450	385.000	174.020	98.560	657.580	73.450	64.930	32.250	92.450	189.630	73.450		
73.460	385.000	174.020	98.560	657.580	73.460	64.930	32.250	92.450	189.630	73.460		
73.470	385.000	177.100	98.560	660.660	73.470	67.080	32.250	89.870	189.200	73.470		
73.480	381.920	174.020	98.560	654.500	73.480	67.200	32.200	87.500	186.900	73.480		
73.490	381.920	177.100	98.560	657.580	73.490	70.000	32.200	87.500	189.700	73.490		
73.500	381.920	177.100	101.640	660.660	73.500	70.000	32.200	84.700	186.900	73.500		
73.510	378.840	177.100	98.560	654.500	73.510	72.450	32.200	84.700	189.350	73.510		
73.520	378.840	177.100	101.640	657.580	73.520	72.450	32.200	82.250	186.900	73.520		
73.530	378.840	178.640	101.640	659.120	73.530	72.450	32.200	79.800	184.450	73.530		
73.540	377.300	177.100	101.640	656.040	73.540	74.900	32.200	79.800	186.900	73.540		
73.550	377.300	178.640	101.640	657.580	73.550	74.900	32.200	79.800	186.900	73.550		
73.560	377.300	178.640	104.720	660.660	73.560	74.900	32.200	77.350	184.450	73.560		
73.570	374.220	178.640	101.640	654.500	73.570	74.900	35.000	77.350	187.250	73.570		
73.580	374.220	181.720	104.720	660.660	73.580	74.900	32.200	74.900	182.000	73.580		
73.590	371.140	181.720	104.720	657.580	73.590	77.350	32.200	74.900	184.450	73.590		
73.600	371.140	181.720	104.720	657.580	73.600	77.350	32.200	74.900	184.450	73.600		
73.610	375.000	181.500	105.000	661.500	73.610	77.350	32.200	74.900	184.450	73.610		
73.620	372.000	181.500	106.500	660.000	73.620	77.350	32.200	72.450	182.000	73.620		
73.630	372.000	184.500	106.500	663.000	73.630	77.500	32.240	72.230	181.970	73.630		
73.640	372.000	184.500	106.500	663.000	73.640	77.500	32.240	72.230	181.970	73.640		
73.650	372.000	184.500	106.500	663.000	73.650	77.500	32.240	69.750	179.490	73.650		
73.660	372.000	184.500	106.500	663.000	73.660	77.500	32.240	69.750	179.490	73.660		
73.670	372.000	184.500	106.500	663.000	73.670	77.500	32.240	69.750	179.490	73.670		
73.680	372.000	184.500	106.500	663.000	73.680	77.500	29.760	69.750	177.010	73.680		
73.690	372.000	187.500	106.500	666.000	73.690	77.500	29.760	69.750	177.010	73.690		
73.700	372.000	187.500	106.500	666.000	73.700	77.500	29.760	69.750	177.010	73.700		
73.710	372.000	189.000	106.500	667.500	73.710	77.500	29.760	69.750	177.010	73.710		
73.720	369.000	187.500	106.500	663.000	73.720	77.500	29.760	67.270	174.530	73.720		
73.730	369.000	189.000	106.500	664.500	73.730	77.500	27.280	67.270	172.050	73.730		
73.740	369.000	189.000	112.500	670.500	73.740	77.500	29.760	67.270	174.530	73.740		
73.750	369.000	192.000	112.500	673.500	73.750	74.710	29.760	67.270	171.740	73.750		
73.760	367.500	192.000	112.500	672.000	73.760	74.710	27.280	67.270	169.260	73.760		
73.770	367.500	192.000	112.500	672.000	73.770	74.710	27.280	67.270	169.260	73.770		
73.780	367.500	192.000	112.500	672.000	73.780	72.300	27.300	67.500	167.100	73.780		
73.790	367.500	195.000	112.500	675.000	73.790	75.000	24.900	64.800	164.700	73.790		
73.800	367.500	192.000	112.500	672.000	73.800	72.300	24.900	64.800	162.000	73.800		
73.810	364.500	195.000	112.500	672.000	73.810	72.300	24.900	64.800	162.000	73.810		
73.820	367.500	195.000	114.000	676.500	73.820	69.900	24.900	64.800	159.600	73.820		
73.830	367.500	195.000	114.000	676.500	73.830	69.900	22.500	67.500	159.900	73.830		
73.840	367.500	195.000	114.000	676.500	73.840	67.500	22.500	64.800	154.800	73.840		
73.850	367.500	196.500	117.000	681.000	73.850	67.500	22.500	67.500	157.500	73.850		
73.860	367.500	196.500	114.000	678.000	73.860	64.800	19.800	64.800	149.400	73.860		
73.870	369.000	199.500	114.000	682.500	73.870	62.400	19.800	67.500	149.700	73.870		
73.880	372.000	199.500	114.000	685.500	73.880	62.400	19.800	67.500	149.700	73.880		
73.890	372.000	202.500	117.000	691.500	73.890	60.000	19.800	67.500	147.300	73.890		
73.900	375.000	202.500	120.000	697.500	73.900	57.300	17.400	67.500	142.200	73.900		
73.910	376.200	204.600	117.150	697.950	73.910	54.900	17.400	67.500	139.800	73.910		
73.920	379.500	204.600	118.800	702.900	73.920	52.500	15.000	67.500	135.000	73.920		
73.930	381.150	206.250	118.800	706.200	73.930	49.950	14.850	67.500	132.300	73.930		
73.940	381.150	206.250	118.800	706.200	73.940	47.250	12.420	67.500	127.170	73.940		
73.950	384.450	209.550	122.100	716.100	73.950	44.820	12.420	67.500	124.740	73.950		
73.960	389.400	209.550	122.100	721.050	73.960	42.390	9.990	67.500	119.880	73.960		
73.970	391.050	214.500	122.100	727.650	73.970	37.260	7.290	64.800	109.350	73.970		
73.980	394.350	214.500	122.100	730.950	73.980	34.830	7.290	64.800	106.920	73.980		
73.990	396.000	216.150	123.750	735.900	73.990	32.400	7.290	64.800	104.490	73.990		
74.000	399.300	219.450	123.750	742.500	74.000	29.970	4.860	62.370	97.200	74.000		
74.010	400.950	221.100	128.700	750.750	74.010	27.270	4.860	59.940	92.070	74.010		
74.020	400.950	224.400	128.700	754.050	74.020	24.840	2.430	57.240	84.510	74.020		
74.030	405.900	226.050	128.700	760.650	74.030	22.410	2.430	57.240	82.080	74.030		
74.040	409.200	229.350	128.700	767.250	74.040	19.980	2.430	54.810	77.220	74.040		
74.050	412.500	231.000	132.000	775.500	74.050	19.980	2.430	52.380	74.790	74.050		
74.060	414.120	234.900	132.240	781.260	74.060	17.280	0.000	49.950	67.230	74.060		
74.070	415.860	238.380	133.980	788.220	74.070	12.420	0.000	47.250	59.670	74.070		
74.080	419.340	238.380	137.460	795.180	74.080	9.900	0.000	45.000	54.900	74.080		
74.090	421.080	243.600	139.200	803.880	74.090	9.900	0.000	45.000	54.900	74.090		
74.100	424.560	247.080	140.940	812.580	74.100	7.380	0.000	42.480	49.860	74.100		
74.110	426.300	248.820	140.940	816.060	74.110	4.860	0.000	39.960	44.820	74.110		
74.120	429.780	252.300	144.420	826.500	74.120	2.340	0.000	39.960	42.300	74.120		
74.130	429.780	255.780	144.420	829.980	74.130	2.340	0.000	39.960	42.300	74.130		
74.140	431.520	255.780	146.160	833.460	74.140	0.000	0.000	37.440	37.440	74.140		
74.150	431.520	259.260	149.640	840.420	74.150	0.000	0.000	37.440	37.440	74.150		
74.160	431.520	261.000	149.640	842.160	74.160	0.000	0.000	37.440	37.440	74.160		
74.170	431.520	261.000	149.640	842.160	74.170	0.000	0.000	34.920	34.920	74.170		
74.180	435.000	264.480	149.640	849.120	74.180	0.000	0.000	34.920	34.920	74.180		
74.190	435.000	264.480	151.380	850.860	74.190	0.000	0.000	34.920	34.920	74.190		
74.200	435.000	264.480	151.380	850.860	74.200	0.000	0.000	34.920	34.920	74.200		
74.210	433.650	263.730	148.680	846.060	74.210	0.000	0.000	32.400	32.400	74.210		
74.220	431.880	263.730	152.220	847.830	74.220	0.000	0.000	29.880	29.880	74.220		
74.230	431.880	263.730	152.220	847.830	74.230	0.000	0.000	27.500	27.500	74.230		
74.240	431.880	263.730	148.680	844.290	74.240	0.000	0.000	24.970	24.970	74.240		
74.250	431.880	261.960	152.220	846.060	74.250	0.000	0.000	22.440	22.440	74.250		
74.260	431.880	261.960	148.680	842.520	74.260	0.000	0.000	19.910	19.910	74.260		
74.270	431.880	261.960	152.220	846.060	74.270	0.000	0.000	19.910	19.910	74.270		
74.280	431.880	261.960	148.680	842.520	74.280	0.000	0.000	17.490	17.490	74.280		
74.290	433.650	261.960	148.680	844.290	74.290	0.000	0.000	14.960	14.960	74.290		
74.300	433.650	263.730	148.680	846.060	74.300	0.000	0.000	12.430	12.430	74.300		
74.310	437.190	263.730	152.220	853.140	74.310	0.000	0.000	12.430	12.430	74.310		
74.320	437.190	267.270	152.220	856.680	74.320	0.000	0.000	12.430	12.430	74.320		
74.330	438.960	267.270	152.220	858.450	74.330	0.000	0.000	12.430	12.430	74.330		
74.340	438.960	269.040	153.990	861.990	74.340	0.000	0.000	9.900	9.900	74.340		
74.350	442.500	267.270	152.220	861.990	74.350	0.000	0.000	9.900	9.900	74.350		
74.360	444.080	269.360	154.700	868.140	74.360	0.000	0.000	12.430	12.430	74.360		
74.370	444.080	269.360	154.700	868.140	74.370	0.000	0.000	9.900	9.900	74.370		
74.380	445.900	265.720	151.060	862.680	74.380	0.000	0.000	10.000	10.000	74.380		
74.390	445.900	269.360	151.060	866.320	74.390	0.000	0.000	12.500	12.500	74.390		
74.400	449.540	269.360	151.060	869.960	74.400	0.000	0.000	12.500	12.500	74.400		
74.410	449.540	265.720	151.060	866.320	74.410	0.000	0.000	12.500	12.500	74.410		
74.420	449.540	265.720	151.060	866.320	74.420	0.000	0.000	12.500	12.500	74.420		
74.430	451.360	265.720	154.700	871.780	74.430	0.000	0.000	12.500	12.500	74.430		
74.440	451.360	265.720	151.060	868.140	74.440	0.000	0.000	12.500	12.500	74.440		
74.450	451.360	265.720	151.060	868.140	74.450	0.000	0.000	12.500	12.500	74.450		
74.460	451.360	265.720	149.240	866.320	74.460	0.000	0.000	12.500	12.500	74.460		
74.470	451.360	265.720	151.060	868.140	74.470	0.000	0.000	12.500	12.500	74.470		
74.480	451.360	265.720	151.060	868.140	74.480	0.000	0.000	12.500	12.500	74.480		
74.490	451.360	263.900	151.060	866.320	74.490	0.000	0.000	12.500	12.500	74.490		
74.500	455.000	263.900	151.060	869.960	74.500	0.000	0.000	12.500	12.500	74.500		
74.510	453.600	264.600	149.310	867.510	74.510	0.000	0.000	12.500	12.500	74.510		
74.520	453.600	260.820	149.310	863.730	74.520	0.000	0.000	12.500	12.500	74.520		
74.530	453.600	260.820	147.420	861.840	74.530	0.000	0.000	12.480	12.480	74.530		
74.540	457.380	260.820	149.310	867.510	74.540	0.000	0.000	12.480	12.480	74.540		
74.550	459.270	260.820	143.640	863.730	74.550	0.000	0.000	12.480	12.480	74.550		
74.560	459.270	258.930	143.640	861.840	74.560	0.000	0.000	12.480	12.480	74.560		
74.570	459.270	260.820	143.640	863.730	74.570	0.000	0.000	12.480	12.480	74.570		
74.580	461.160	260.820	143.640	865.620	74.580	0.000	0.000	12.480	12.480	74.580		
74.590	464.940	260.820	143.640	869.400	74.590	0.000	0.000	15.000	15.000	74.590		
74.600	464.940	258.930	141.750	865.620	74.600	0.000	0.000	15.000	15.000	74.600		
74.610	466.830	258.930	141.750	867.510	74.610	0.000	0.000	15.000	15.000	74.610		
74.620	466.830	258.930	139.860	865.620	74.620	0.000	0.000	15.000	15.000	74.620		
74.630	468.720	258.930	139.860	867.510	74.630	0.000	0.000	15.000	15.000	74.630		
74.640	468.720	258.930	139.860	867.510	74.640	0.000	0.000	15.000	15.000	74.640		
74.650	472.500	258.930	139.860	871.290	74.650	0.000	0.000	12.480	12.480	74.650		
74.660	474.320	256.760	139.160	870.240	74.660	0.000	0.000	12.480	12.480	74.660		
74.670	474.320	256.760	137.200	868.280	74.670	0.000	0.000	12.480	12.480	74.670		
74.680	476.280	254.800	133.280	864.360	74.680	0.000	0.000	12.460	12.460	74.680		
74.690	476.280	250.880	131.320	858.480	74.690	0.000	0.000	12.460	12.460	74.690		
74.700	478.240	250.880	133.280	862.400	74.700	0.000	0.000	12.460	12.460	74.700		
74.710	482.160	250.880	131.320	864.360	74.710	0.000	0.000	9.940	9.940	74.710		
74.720	482.160	248.920	129.360	860.440	74.720	0.000	0.000	9.940	9.940	74.720		
74.730	484.120	246.960	129.360	860.440	74.730	0.000	0.000	7.420	7.420	74.730		
74.740	484.120	246.960	127.400	858.480	74.740	0.000	0.000	9.940	9.940	74.740		
74.750	490.000	245.000	127.400	862.400	74.750	0.000	0.000	7.420	7.420	74.750		
74.760	490.000	241.080	121.520	852.600	74.760	2.380	0.000	4.900	7.280	74.760		
74.770	490.000	239.120	121.520	850.640	74.770	4.900	0.000	4.900	9.800	74.770		
74.780	490.000	237.160	119.560	846.720	74.780	9.940	0.000	4.900	14.840	74.780		
74.790	490.000	233.240	119.560	842.800	74.790	12.460	0.000	4.900	17.360	74.790		
74.800	490.000	231.280	115.640	836.920	74.800	17.500	0.000	4.900	22.400	74.800		
74.810	490.000	227.360	113.680	831.040	74.810	24.920	0.000	4.900	29.820	74.810		
74.820	484.120	223.440	113.680	821.240	74.820	35.000	0.000	7.420	42.420	74.820		
74.830	484.120	221.480	111.720	817.320	74.830	44.820	0.000	9.960	54.780	74.830		
74.840	478.240	215.600	109.760	803.600	74.840	54.780	2.490	9.960	67.230	74.840		
74.850	476.280	211.680	109.760	797.720	74.850	62.250	2.490	9.960	74.700	74.850		
74.860	472.360	209.720	105.840	787.920	74.860	69.720	4.980	7.470	82.170	74.860		
74.870	468.440	203.840	103.880	776.160	74.870	82.170	7.470	9.960	99.600	74.870		
74.880	460.600	199.920	103.880	764.400	74.880	97.110	9.960	12.450	119.520	74.880		
74.890	456.680	196.000	101.920	754.600	74.890	112.050	12.450	12.450	136.950	74.890		
74.900	450.800	192.080	99.960	742.840	74.900	126.990	14.940	12.450	154.380	74.900		
74.910	444.920	186.200	99.960	731.080	74.910	141.930	17.430	14.940	174.300	74.910		
74.920	437.080	182.280	96.040	715.400	74.920	159.360	22.410	14.940	196.710	74.920		
74.930	429.240	176.400	94.080	699.720	74.930	171.810	24.900	14.940	211.650	74.930		
74.940	421.400	172.480	94.080	687.960	74.940	179.280	29.880	14.940	224.100	74.940		
74.950	413.560	166.600	92.120	672.280	74.950	189.240	34.860	14.940	239.040	74.950		
74.960	405.000	158.760	89.100	652.860	74.960	199.200	39.840	17.430	256.470	74.960		
74.970	393.660	153.900	87.480	635.040	74.970	207.500	44.820	17.430	269.750	74.970		
74.980	387.180	149.040	87.480	623.700	74.980	212.280	49.590	17.400	279.270	74.980		
74.990	377.460	144.180	84.240	605.880	74.990	214.890	57.420	19.140	291.450	74.990		
75.000	366.120	139.320	81.000	586.440	75.000	217.500	64.380	21.750	303.630	75.000		
75.010	359.640	134.460	81.000	575.100	75.010	217.500	77.430	26.970	321.900	75.010		
75.020	351.540	131.220	79.380	562.140	75.020	214.890	87.000	32.190	334.080	75.020		
75.030	341.820	126.360	79.380	547.560	75.030	212.280	99.180	41.760	353.220	75.030		
75.040	333.720	121.500	76.140	531.360	75.040	209.670	109.620	54.810	374.100	75.040		
75.050	324.000	116.640	74.520	515.160	75.050	207.060	117.450	66.990	391.500	75.050		
75.060	315.900	111.780	74.520	502.200	75.060	204.450	121.800	74.820	401.070	75.060		
75.070	309.420	108.540	74.520	492.480	75.070	204.450	127.020	81.780	413.250	75.070		
75.080	299.700	103.680	71.280	474.660	75.080	204.450	132.240	87.000	423.690	75.080		
75.090	291.600	98.820	69.660	460.080	75.090	204.450	134.850	92.220	431.520	75.090		
75.100	283.500	97.200	66.420	447.120	75.100	207.060	139.200	97.440	443.700	75.100		
75.110	277.500	94.350	69.930	441.780	75.110	207.060	144.420	99.180	450.660	75.110		
75.120	269.730	89.910	64.380	424.020	75.120	209.670	147.030	104.400	461.100	75.120		
75.130	261.960	86.580	64.380	412.920	75.130	212.080	152.240	110.000	474.320	75.130		
75.140	256.410	84.360	62.160	402.930	75.140	214.720	156.640	114.400	485.760	75.140		
75.150	249.750	82.140	62.160	394.050	75.150	214.720	161.920	119.680	496.320	75.150		
75.160	246.420	79.920	59.940	386.280	75.160	217.360	164.560	124.960	506.880	75.160		
75.170	241.980	79.920	59.940	381.840	75.170	217.360	172.480	132.000	521.840	75.170		
75.180	236.430	74.370	56.610	367.410	75.180	217.360	174.240	137.280	528.880	75.180		
75.190	231.990	72.150	56.610	360.750	75.190	220.000	179.520	141.680	541.200	75.190		
75.200	226.440	72.150	56.610	355.200	75.200	220.000	184.800	152.240	557.040	75.200		
75.210	219.780	66.600	54.390	340.770	75.210	220.000	189.200	159.280	568.480	75.210		
75.220	214.230	66.600	52.170	333.000	75.220	220.000	194.480	169.840	584.320	75.220		
75.230	206.460	64.380	52.170	323.010	75.230	217.360	197.120	176.880	591.360	75.230		
75.240	202.020	59.940	49.950	311.910	75.240	217.360	199.760	187.440	604.560	75.240		
75.250	194.250	56.610	46.620	297.480	75.250	214.720	202.400	194.480	611.600	75.250		
75.260	187.500	54.750	47.250	289.500	75.260	212.080	206.800	206.800	625.680	75.260		
75.270	180.000	52.500	45.000	277.500	75.270	209.440	209.440	217.360	636.240	75.270		
75.280	174.750	49.500	42.000	266.250	75.280	204.490	211.640	231.660	647.790	75.280		
75.290	169.500	49.500	42.000	261.000	75.290	201.630	214.500	244.530	660.660	75.290		
75.300	162.000	47.250	39.750	249.000	75.300	198.770	218.790	257.400	674.960	75.300		
75.310	154.500	45.000	37.500	237.000	75.310	194.480	218.790	267.410	680.680	75.310		
75.320	150.000	42.000	37.500	229.500	75.320	194.480	221.650	277.420	693.550	75.320		
75.330	147.000	42.000	34.500	223.500	75.330	191.620	224.510	287.430	703.560	75.330		
75.340	139.500	39.750	32.250	211.500	75.340	191.620	224.510	297.440	713.570	75.340		
75.350	135.000	37.500	30.000	202.500	75.350	187.330	227.370	304.590	719.290	75.350		
75.360	132.000	37.500	27.000	196.500	75.360	187.330	227.370	311.740	726.440	75.360		
75.370	127.500	32.250	22.500	182.250	75.370	184.470	227.370	321.750	733.590	75.370		
75.380	122.250	30.000	19.500	171.750	75.380	184.470	227.370	327.470	739.310	75.380		
75.390	117.000	24.750	19.500	161.250	75.390	178.750	228.800	337.480	745.030	75.390		
75.400	114.750	19.500	17.250	151.500	75.400	178.750	228.800	341.770	749.320	75.400		
75.410	110.000	19.800	14.960	144.760	75.410	174.460	228.800	348.920	752.180	75.410		
75.420	107.360	17.160	12.320	136.840	75.420	174.460	227.370	357.500	759.330	75.420		
75.430	104.720	17.160	12.320	134.200	75.430	171.000	228.600	363.600	763.200	75.430		
75.440	102.080	14.960	9.680	126.720	75.440	171.000	232.200	370.800	774.000	75.440		
75.450	97.240	14.960	7.480	119.680	75.450	169.200	232.200	379.800	781.200	75.450		
75.460	92.400	14.960	7.480	114.840	75.460	169.200	234.000	387.000	790.200	75.460		
75.470	87.120	14.960	7.480	109.560	75.470	169.200	234.000	394.200	797.400	75.470		
75.480	82.280	14.960	4.840	102.080	75.480	169.200	235.800	401.400	806.400	75.480		
75.490	74.800	17.160	4.840	96.800	75.490	167.400	235.800	405.000	808.200	75.490		
75.500	69.960	17.160	2.200	89.320	75.500	167.400	239.400	412.200	819.000	75.500		
75.510	62.480	19.800	2.200	84.480	75.510	167.400	241.200	419.400	828.000	75.510		
75.520	57.200	19.800	0.000	77.000	75.520	167.400	239.400	424.800	831.600	75.520		
75.530	52.360	19.800	0.000	72.160	75.530	167.400	241.200	428.400	837.000	75.530		
75.540	44.880	19.800	0.000	64.680	75.540	167.400	244.800	433.800	846.000	75.540		
75.550	42.240	22.440	0.000	64.680	75.550	167.400	246.600	439.200	853.200	75.550		
75.560	37.500	19.950	0.000	57.450	75.560	167.400	246.600	444.600	858.600	75.560		
75.570	32.400	19.950	0.000	52.350	75.570	163.800	246.600	450.000	860.400	75.570		
75.580	27.450	19.950	0.000	47.400	75.580	163.400	247.000	456.000	866.400	75.580		
75.590	22.500	17.400	0.000	39.900	75.590	161.500	243.200	459.800	864.500	75.590		
75.600	17.400	15.000	0.000	32.400	75.600	159.600	243.200	463.600	866.400	75.600		
75.610	15.000	15.000	0.000	30.000	75.610	155.800	241.300	469.300	866.400	75.610		
75.620	15.000	12.450	0.000	27.450	75.620	155.800	241.300	471.200	868.300	75.620		
75.630	12.450	12.450	0.000	24.900	75.630	155.800	243.200	471.200	870.200	75.630		
75.640	12.450	12.450	0.000	24.900	75.640	153.900	241.300	471.200	866.400	75.640		
75.650	15.000	12.450	0.000	27.450	75.650	153.900	241.300	475.000	870.200	75.650		
75.660	15.000	12.450	0.000	27.450	75.660	153.900	239.400	475.000	868.300	75.660		
75.670	12.450	12.450	0.000	24.900	75.670	153.900	239.400	471.200	864.500	75.670		
75.680	15.000	12.450	0.000	27.450	75.680	152.000	239.400	469.300	860.700	75.680		
75.690	12.450	12.450	0.000	24.900	75.690	152.000	237.500	469.300	858.800	75.690		
75.700	12.450	12.450	0.000	24.900	75.700	152.000	237.500	467.400	856.900	75.700		
75.710	12.480	14.720	0.000	27.200	75.710	148.200	233.700	463.600	845.500	75.710		
75.720	12.480	17.280	0.000	29.760	75.720	148.200	231.800	459.800	839.800	75.720		
75.730	12.480	17.280	0.000	29.760	75.730	146.400	232.410	457.500	836.310	75.730		
75.740	9.920	22.400	7.360	39.680	75.740	146.400	228.750	453.840	828.990	75.740		
75.750	9.920	24.960	17.280	52.160	75.750	146.400	228.750	448.350	823.500	75.750		
75.760	9.920	27.200	22.400	59.520	75.760	146.400	226.920	444.690	818.010	75.760		
75.770	12.480	32.320	32.320	77.120	75.770	146.400	223.260	439.200	808.860	75.770		
75.780	14.720	34.880	42.240	91.840	75.780	144.570	221.430	431.880	797.880	75.780		
75.790	14.720	42.240	47.360	104.320	75.790	146.400	219.600	420.900	786.900	75.790		
75.800	17.280	42.240	52.480	112.000	75.800	144.570	215.940	411.750	772.260	75.800		
75.810	22.400	49.920	54.720	127.040	75.810	146.400	214.110	400.770	761.280	75.810		
75.820	32.320	54.720	59.840	146.880	75.820	146.400	208.620	391.620	746.640	75.820		
75.830	49.920	57.280	62.400	169.600	75.830	146.400	206.790	382.470	735.660	75.830		
75.840	67.200	59.840	67.200	194.240	75.840	148.230	204.960	369.660	722.850	75.840		
75.850	80.000	62.400	72.320	214.720	75.850	146.400	199.470	356.850	702.720	75.850		
75.860	87.210	62.220	72.420	221.850	75.860	146.400	195.810	344.040	686.250	75.860		
75.870	89.760	62.220	74.970	226.950	75.870	146.400	192.150	331.230	669.780	75.870		
75.880	92.310	62.220	77.010	231.540	75.880	147.320	189.230	317.500	654.050	75.880		
75.890	92.310	64.770	82.110	239.190	75.890	149.860	186.690	304.800	641.350	75.890		
75.900	92.310	69.870	84.660	246.840	75.900	152.400	181.610	292.100	626.110	75.900		
75.910	92.310	69.870	87.210	249.390	75.910	152.400	179.070	281.940	613.410	75.910		
75.920	92.310	72.420	87.210	251.940	75.920	154.940	179.070	271.780	605.790	75.920		
75.930	92.310	77.010	92.310	261.630	75.930	157.480	176.530	264.160	598.170	75.930		
75.940	92.310	79.560	97.410	269.280	75.940	157.480	176.530	256.540	590.550	75.940		
75.950	92.310	84.660	102.000	278.970	75.950	158.750	176.530	248.920	584.200	75.950		
75.960	92.310	87.210	107.100	286.620	75.960	158.750	173.990	241.300	574.040	75.960		
75.970	94.860	89.760	112.200	296.820	75.970	161.290	171.450	237.490	570.230	75.970		
75.980	97.410	94.860	119.850	312.120	75.980	161.290	168.910	232.410	562.610	75.980		
75.990	99.960	97.410	122.400	319.770	75.990	161.290	166.370	224.790	552.450	75.990		
76.000	102.000	99.960	127.500	329.460	76.000	163.830	166.370	219.710	549.910	76.000		
76.010	104.780	104.780	132.060	341.620	76.010	163.830	163.830	214.630	542.290	76.010		
76.020	107.260	107.260	137.020	351.540	76.020	163.830	161.290	207.010	532.130	76.020		
76.030	109.740	109.740	139.500	358.980	76.030	164.430	159.570	202.500	526.500	76.030		
76.040	109.740	109.740	141.980	361.460	76.040	164.430	157.140	196.830	518.400	76.040		
76.050	109.740	114.700	144.460	368.900	76.050	166.860	157.140	191.970	515.970	76.050		
76.060	112.220	114.700	144.460	371.380	76.060	169.290	154.710	187.110	511.110	76.060		
76.070	112.220	117.180	146.940	376.340	76.070	166.860	154.710	182.250	503.820	76.070		
76.080	114.700	117.180	151.900	383.780	76.080	166.860	152.280	177.390	496.530	76.080		
76.090	114.700	119.660	149.420	383.780	76.090	166.860	149.850	174.960	491.670	76.090		
76.100	114.700	119.660	151.900	386.260	76.100	169.290	149.850	171.720	490.860	76.100		
76.110	117.180	119.660	149.420	386.260	76.110	169.290	149.850	169.290	488.430	76.110		
76.120	117.180	119.660	151.900	388.740	76.120	169.290	147.420	166.860	483.570	76.120		
76.130	117.180	122.140	151.900	391.220	76.130	169.290	147.420	164.430	481.140	76.130		
76.140	119.660	122.140	151.900	393.700	76.140	169.290	147.420	164.430	481.140	76.140		
76.150	122.140	122.140	155.000	399.280	76.150	171.720	147.420	164.430	483.570	76.150		
76.160	122.140	122.140	151.900	396.180	76.160	171.720	147.420	164.430	483.570	76.160		
76.170	124.620	122.140	151.900	398.660	76.170	171.720	147.420	162.000	481.140	76.170		
76.180	127.100	122.140	151.900	401.140	76.180	169.400	147.000	162.400	478.800	76.180		
76.190	127.100	122.140	151.900	401.140	76.190	172.200	147.000	162.400	481.600	76.190		
76.200	129.580	122.140	149.420	401.140	76.200	172.200	147.000	164.500	483.700	76.200		
76.210	129.580	122.140	149.420	401.140	76.210	172.200	144.900	162.400	479.500	76.210		
76.220	129.580	122.140	149.420	401.140	76.220	169.400	144.900	162.400	476.700	76.220		
76.230	132.060	124.620	149.420	406.100	76.230	172.200	144.900	162.400	479.500	76.230		
76.240	129.580	124.620	149.420	403.620	76.240	169.400	144.900	162.400	476.700	76.240		
76.250	132.060	127.100	149.420	408.580	76.250	169.400	144.900	162.400	476.700	76.250		
76.260	129.580	124.620	151.900	406.100	76.260	169.400	144.900	162.400	476.700	76.260		
76.270	129.580	127.100	151.900	408.580	76.270	172.200	147.000	159.600	478.800	76.270		
76.280	129.580	124.620	155.000	409.200	76.280	172.200	144.900	159.600	476.700	76.280		
76.290	127.100	127.100	151.900	406.100	76.290	172.200	147.000	159.600	478.800	76.290		
76.300	127.100	127.100	155.000	409.200	76.300	172.200	147.000	157.500	476.700	76.300		
76.310	127.300	129.980	154.770	412.050	76.310	172.200	147.000	157.500	476.700	76.310		
76.320	124.620	129.980	157.450	412.050	76.320	175.000	147.000	157.500	479.500	76.320		
76.330	124.620	131.990	162.140	418.750	76.330	174.660	146.970	156.910	478.540	76.330		
76.340	121.940	129.980	162.140	414.060	76.340	174.660	146.970	154.780	476.410	76.340		
76.350	119.930	129.980	162.140	412.050	76.350	174.660	146.970	154.780	476.410	76.350		
76.360	119.930	131.990	162.140	414.060	76.360	174.660	146.970	154.780	476.410	76.360		
76.370	121.940	131.990	164.820	418.750	76.370	174.660	144.840	154.780	474.280	76.370		
76.380	121.940	131.990	164.820	418.750	76.380	174.660	144.840	151.940	471.440	76.380		
76.390	121.940	134.670	167.500	424.110	76.390	174.660	146.970	154.780	476.410	76.390		
76.400	121.940	134.670	164.820	421.430	76.400	174.660	146.970	151.940	473.570	76.400		
76.410	121.940	134.670	167.500	424.110	76.410	174.660	144.840	151.940	471.440	76.410		
76.420	121.940	134.670	164.820	421.430	76.420	174.660	146.970	151.940	473.570	76.420		
76.430	121.940	134.670	167.500	424.110	76.430	174.660	144.840	151.940	471.440	76.430		
76.440	124.620	134.670	164.820	424.110	76.440	174.660	144.840	149.810	469.310	76.440		
76.450	121.940	134.670	164.820	421.430	76.450	177.500	144.840	149.810	472.150	76.450		
76.460	124.620	134.670	164.820	424.110	76.460	177.500	144.840	149.810	472.150	76.460		
76.470	121.940	134.670	164.820	421.430	76.470	177.500	146.970	149.810	474.280	76.470		
76.480	124.620	131.990	167.500	424.110	76.480	179.820	147.260	147.260	474.340	76.480		
76.490	124.620	134.670	164.820	424.110	76.490	179.820	147.260	147.260	474.340	76.490		
76.500	124.620	134.670	162.140	421.430	76.500	179.820	147.260	147.260	474.340	76.500		
76.510	124.620	131.990	162.140	418.750	76.510	179.820	147.260	147.260	474.340	76.510		
76.520	127.300	134.670	162.140	424.110	76.520	179.820	147.260	147.260	474.340	76.520		
76.530	127.300	131.990	162.140	421.430	76.530	182.040	147.260	144.300	473.600	76.530		
76.540	127.300	131.990	162.140	421.430	76.540	182.040	147.260	144.300	473.600	76.540		
76.550	127.300	131.990	157.450	416.740	76.550	182.040	147.260	144.300	473.600	76.550		
76.560	129.980	131.990	159.460	421.430	76.560	182.040	147.260	144.300	473.600	76.560		
76.570	131.990	129.980	157.450	419.420	76.570	182.040	147.260	144.300	473.600	76.570		
76.580	131.990	129.980	154.770	416.740	76.580	185.000	147.260	144.300	476.560	76.580		
76.590	134.670	129.980	154.770	419.420	76.590	185.000	147.260	144.300	476.560	76.590		
76.600	134.670	129.980	152.090	416.740	76.600	185.000	149.480	147.260	481.740	76.600		
76.610	137.250	129.930	152.500	419.680	76.610	185.000	149.480	147.260	481.740	76.610		
76.620	137.250	127.490	149.450	414.190	76.620	185.000	149.480	147.260	481.740	76.620		
76.630	139.690	127.490	149.450	416.630	76.630	185.000	149.480	147.260	481.740	76.630		
76.640	139.690	127.490	147.010	414.190	76.640	185.000	149.480	149.480	483.960	76.640		
76.650	139.690	124.440	147.010	411.140	76.650	185.000	149.480	149.480	483.960	76.650		
76.660	142.130	124.440	147.010	413.580	76.660	182.040	149.480	152.440	483.960	76.660		
76.670	142.130	124.440	144.570	411.140	76.670	182.040	152.440	152.440	486.920	76.670		
76.680	142.130	122.000	142.130	406.260	76.680	182.040	152.440	152.440	486.920	76.680		
76.690	144.570	122.000	139.690	406.260	76.690	179.820	149.480	154.660	483.960	76.690		
76.700	144.570	119.560	137.250	401.380	76.700	182.040	152.440	156.880	491.360	76.700		
76.710	144.570	119.560	137.250	401.380	76.710	179.820	152.440	159.840	492.100	76.710		
76.720	144.570	117.120	134.810	396.500	76.720	179.820	152.440	159.840	492.100	76.720		
76.730	147.010	117.120	134.810	398.940	76.730	179.820	149.480	162.060	491.360	76.730		
76.740	149.450	117.120	132.370	398.940	76.740	179.820	152.440	164.280	496.540	76.740		
76.750	149.450	117.120	132.370	398.940	76.750	176.860	152.440	167.240	496.540	76.750		
76.760	149.760	114.560	129.920	394.240	76.760	176.860	152.440	169.460	498.760	76.760		
76.770	152.320	114.560	129.920	396.800	76.770	176.860	152.440	169.460	498.760	76.770		
76.780	152.320	112.000	127.360	391.680	76.780	177.390	151.840	172.280	501.510	76.780		
76.790	154.880	112.000	124.800	391.680	76.790	174.470	151.840	172.280	498.590	76.790		
76.800	154.880	109.440	124.800	389.120	76.800	174.470	154.760	174.470	503.700	76.800		
76.810	157.440	109.440	122.240	389.120	76.810	172.280	151.840	177.390	501.510	76.810		
76.820	157.440	109.440	119.680	386.560	76.820	172.280	154.760	177.390	504.430	76.820		
76.830	157.440	109.440	119.680	386.560	76.830	172.280	154.760	177.390	504.430	76.830		
76.840	157.440	106.880	117.120	381.440	76.840	172.280	151.840	179.580	503.700	76.840		
76.850	157.440	106.880	117.120	381.440	76.850	169.360	151.840	179.580	500.780	76.850		
76.860	160.000	106.880	114.560	381.440	76.860	169.360	151.840	179.580	500.780	76.860		
76.870	160.000	106.880	114.560	381.440	76.870	169.360	151.840	182.500	503.700	76.870		
76.880	160.000	104.960	114.560	379.520	76.880	172.280	151.840	182.500	506.620	76.880		
76.890	160.000	102.400	112.000	374.400	76.890	172.280	154.760	182.500	509.540	76.890		
76.900	160.000	104.960	114.560	379.520	76.900	169.360	154.760	182.500	506.620	76.900		
76.910	160.000	104.960	112.000	376.960	76.910	169.360	154.760	182.500	506.620	76.910		
76.920	160.000	104.960	114.560	379.520	76.920	169.360	151.840	182.500	503.700	76.920		
76.930	160.000	102.400	112.000	374.400	76.930	169.500	154.500	184.500	508.500	76.930		
76.940	160.000	102.400	109.440	371.840	76.940	169.500	154.500	184.500	508.500	76.940		
76.950	160.000	104.960	112.000	376.960	76.950	169.500	154.500	184.500	508.500	76.950		
76.960	160.000	104.960	112.000	376.960	76.960	169.500	154.500	184.500	508.500	76.960		
76.970	160.000	104.960	112.000	376.960	76.970	172.500	154.500	184.500	511.500	76.970		
76.980	160.000	104.960	109.440	374.400	76.980	169.500	157.500	187.500	514.500	76.980		
76.990	160.000	104.960	114.560	379.520	76.990	172.500	157.500	187.500	517.500	76.990		
77.000	160.000	104.960	112.000	376.960	77.000	172.500	157.500	184.500	514.500	77.000		
77.010	160.000	104.960	112.000	376.960	77.010	172.500	157.500	184.500	514.500	77.010		
77.020	160.000	104.960	112.000	376.960	77.020	172.500	157.500	184.500	514.500	77.020		
77.030	160.000	104.960	112.000	376.960	77.030	174.750	157.500	184.500	516.750	77.030		
77.040	160.000	104.960	112.000	376.960	77.040	172.500	159.750	184.500	516.750	77.040		
77.050	157.440	106.880	114.560	378.880	77.050	172.500	157.500	184.500	514.500	77.050		
77.060	157.500	104.580	114.660	376.740	77.060	174.750	159.750	184.500	519.000	77.060		
77.070	157.500	104.580	112.140	374.220	77.070	172.500	159.750	187.500	519.750	77.070		
77.080	157.500	107.100	112.140	376.740	77.080	172.500	157.500	184.500	514.500	77.080		
77.090	157.500	107.100	114.660	379.260	77.090	174.750	159.750	187.500	522.000	77.090		
77.100	157.500	104.580	112.140	374.220	77.100	172.500	159.750	187.500	519.750	77.100		
77.110	157.500	104.580	114.660	376.740	77.110	174.750	159.750	187.500	522.000	77.110		
77.120	157.500	104.580	114.660	376.740	77.120	174.750	159.750	187.500	522.000	77.120		
77.130	157.500	107.100	114.660	379.260	77.130	174.750	162.000	187.500	524.250	77.130		
77.140	157.500	107.100	114.660	379.260	77.140	177.000	162.000	187.500	526.500	77.140		
77.150	157.500	107.100	112.140	376.740	77.150	177.000	159.750	187.500	524.250	77.150		
77.160	157.500	107.100	114.660	379.260	77.160	174.750	162.000	184.500	521.250	77.160		
77.170	157.500	104.580	112.140	374.220	77.170	177.000	162.000	184.500	523.500	77.170		
77.180	154.980	104.580	114.660	374.220	77.180	177.000	162.000	184.500	523.500	77.180		
77.190	157.500	107.100	114.660	379.260	77.190	177.000	162.000	182.250	521.250	77.190		
77.200	154.980	107.100	114.660	376.740	77.200	180.000	162.000	182.250	524.250	77.200		
77.210	155.000	107.260	114.700	376.960	77.210	177.000	162.000	182.250	521.250	77.210		
77.220	151.900	104.780	117.180	373.860	77.220	180.000	159.750	180.000	519.750	77.220		
77.230	151.900	107.260	117.180	376.340	77.230	180.000	162.000	180.000	522.000	77.230		
77.240	151.900	104.780	114.700	371.380	77.240	180.000	162.000	177.000	519.000	77.240		
77.250	149.420	104.780	114.700	368.900	77.250	182.250	162.000	177.000	521.250	77.250		
77.260	149.420	104.780	117.180	371.380	77.260	182.250	162.000	177.000	521.250	77.260		
77.270	149.420	104.780	114.700	368.900	77.270	184.500	162.000	174.750	521.250	77.270		
77.280	146.940	107.260	117.180	371.380	77.280	182.250	162.000	172.500	516.750	77.280		
77.290	146.940	104.780	117.180	368.900	77.290	184.500	165.000	172.500	522.000	77.290		
77.300	146.940	107.260	117.180	371.380	77.300	184.500	165.000	172.500	522.000	77.300		
77.310	144.460	107.260	119.660	371.380	77.310	184.500	165.000	169.500	519.000	77.310		
77.320	144.460	107.260	119.660	371.380	77.320	187.500	165.000	172.500	525.000	77.320		
77.330	144.460	107.260	119.660	371.380	77.330	187.500	165.000	172.500	525.000	77.330		
77.340	144.460	107.260	119.660	371.380	77.340	184.500	165.000	172.500	522.000	77.340		
77.350	144.460	107.260	119.660	371.380	77.350	187.500	167.250	172.500	527.250	77.350		
77.360	144.550	107.380	117.410	369.340	77.360	187.500	167.250	174.750	529.500	77.360		
77.370	147.500	107.380	117.410	372.290	77.370	187.500	167.250	174.750	529.500	77.370		
77.380	147.500	107.380	117.410	372.290	77.380	187.110	167.090	174.790	528.990	77.380		
77.390	147.500	104.430	117.410	369.340	77.390	187.110	167.090	174.790	528.990	77.390		
77.400	144.550	104.430	119.770	368.750	77.400	187.110	167.090	174.790	528.990	77.400		
77.410	144.550	104.430	117.410	366.390	77.410	187.110	167.090	172.480	526.680	77.410		
77.420	144.550	104.430	117.410	366.390	77.420	187.110	167.090	174.790	528.990	77.420		
77.430	144.550	104.430	117.410	366.390	77.430	189.420	167.090	172.480	528.990	77.430		
77.440	144.550	107.380	117.410	369.340	77.440	187.110	167.090	172.480	526.680	77.440		
77.450	144.550	104.430	117.410	366.390	77.450	187.110	167.090	169.400	523.600	77.450		
77.460	144.550	104.430	119.770	368.750	77.460	189.420	167.090	169.400	525.910	77.460		
77.470	144.550	104.430	117.410	366.390	77.470	189.420	167.090	169.400	525.910	77.470		
77.480	144.550	104.430	117.410	366.390	77.480	189.420	167.090	169.400	525.910	77.480		
77.490	144.550	104.430	117.410	366.390	77.490	189.420	167.090	167.090	523.600	77.490		
77.500	144.550	104.430	117.410	366.390	77.500	192.500	167.090	167.090	526.680	77.500		
77.510	145.000	107.300	119.480	371.780	77.510	192.500	167.090	167.090	526.680	77.510		
77.520	145.000	107.300	117.160	369.460	77.520	192.500	167.090	167.090	526.680	77.520		
77.530	145.000	107.300	119.480	371.780	77.530	191.880	166.920	166.920	525.720	77.530		
77.540	145.000	107.300	119.480	371.780	77.540	191.880	166.920	166.920	525.720	77.540		
77.550	142.100	107.300	117.160	366.560	77.550	191.880	166.920	166.920	525.720	77.550		
77.560	145.000	107.300	119.480	371.780	77.560	191.880	166.920	166.920	525.720	77.560		
77.570	145.000	104.980	117.160	367.140	77.570	191.880	166.920	164.580	523.380	77.570		
77.580	142.100	107.300	119.480	368.880	77.580	191.880	166.920	164.580	523.380	77.580		
77.590	142.100	107.300	122.380	371.780	77.590	191.880	166.920	164.580	523.380	77.590		
77.600	142.100	107.300	119.480	368.880	77.600	191.880	166.920	164.580	523.380	77.600		
77.610	142.100	107.300	119.480	368.880	77.610	195.000	169.260	164.580	528.840	77.610		
77.620	142.100	107.300	122.380	371.780	77.620	195.000	166.920	162.240	524.160	77.620		
77.630	142.100	107.300	119.480	368.880	77.630	195.000	166.920	162.240	524.160	77.630		
77.640	142.100	107.300	122.380	371.780	77.640	195.000	166.920	162.240	524.160	77.640		
77.650	139.780	107.300	119.480	366.560	77.650	195.000	166.920	162.240	524.160	77.650		
77.660	142.500	107.160	119.700	369.360	77.660	195.000	166.920	162.240	524.160	77.660		
77.670	139.650	107.160	121.980	368.790	77.670	195.000	166.920	162.240	524.160	77.670		
77.680	139.650	109.440	121.980	371.070	77.680	194.340	167.480	161.950	523.770	77.680		
77.690	139.650	107.160	119.700	366.510	77.690	194.340	167.480	161.950	523.770	77.690		
77.700	139.650	107.160	121.980	368.790	77.700	194.340	169.850	161.950	526.140	77.700		
77.710	139.650	107.160	121.980	368.790	77.710	194.340	167.480	159.580	521.400	77.710		
77.720	137.370	107.160	119.700	364.230	77.720	194.340	167.480	161.950	523.770	77.720		
77.730	137.370	107.160	119.700	364.230	77.730	197.500	167.480	161.950	526.930	77.730		
77.740	137.370	107.160	121.980	366.510	77.740	194.340	167.480	159.580	521.400	77.740		
77.750	137.370	109.440	121.980	368.790	77.750	197.500	167.480	159.580	524.560	77.750		
77.760	137.370	109.440	124.830	371.640	77.760	194.340	167.480	159.580	521.400	77.760		
77.770	137.370	109.440	121.980	368.790	77.770	197.500	167.480	159.580	524.560	77.770		
77.780	137.370	109.440	124.830	371.640	77.780	194.340	167.480	159.580	521.400	77.780		
77.790	134.520	107.160	124.830	366.510	77.790	197.500	167.480	159.580	524.560	77.790		
77.800	137.370	112.290	127.110	376.770	77.800	197.500	169.850	159.580	526.930	77.800		
77.810	135.000	109.620	124.740	369.360	77.810	197.500	169.850	159.580	526.930	77.810		
77.820	135.000	109.620	124.740	369.360	77.820	197.500	169.850	159.580	526.930	77.820		
77.830	135.000	112.320	127.440	374.760	77.830	196.800	169.740	159.900	526.440	77.830		
77.840	135.000	109.620	124.740	369.360	77.840	199.260	169.740	159.900	528.900	77.840		
77.850	135.000	109.620	124.740	369.360	77.850	199.260	172.200	162.360	533.820	77.850		
77.860	135.000	112.320	124.740	372.060	77.860	199.260	172.200	162.360	533.820	77.860		
77.870	132.300	112.320	124.740	369.360	77.870	199.260	172.200	159.900	531.360	77.870		
77.880	135.000	112.320	127.440	374.760	77.880	199.260	172.200	162.360	533.820	77.880		
77.890	132.300	112.320	127.440	372.060	77.890	201.720	172.200	159.900	533.820	77.890		
77.900	132.300	112.320	127.440	372.060	77.900	201.720	172.200	159.900	533.820	77.900		
77.910	132.300	112.320	129.600	374.220	77.910	201.720	172.200	159.900	533.820	77.910		
77.920	132.300	114.480	127.440	374.220	77.920	201.720	172.200	159.900	533.820	77.920		
77.930	132.300	114.480	129.600	376.380	77.930	201.720	172.200	157.440	531.360	77.930		
77.940	132.300	114.480	129.600	376.380	77.940	201.720	172.200	157.440	531.360	77.940		
77.950	129.600	114.480	132.300	376.380	77.950	205.000	172.200	154.980	532.180	77.950		
77.960	129.800	114.950	132.000	376.750	77.960	205.000	172.200	154.980	532.180	77.960		
77.970	129.800	114.950	129.800	374.550	77.970	205.000	172.200	154.980	532.180	77.970		
77.980	127.050	114.950	129.800	371.800	77.980	204.960	172.200	152.040	529.200	77.980		
77.990	127.050	114.950	132.000	374.000	77.990	207.480	172.200	152.040	531.720	77.990		
78.000	127.050	114.950	132.000	374.000	78.000	207.480	169.680	149.520	526.680	78.000		
78.010	124.850	114.950	132.000	371.800	78.010	207.480	172.200	149.520	529.200	78.010		
78.020	124.850	114.950	134.750	374.550	78.020	207.480	169.680	149.520	526.680	78.020		
78.030	124.850	114.950	132.000	371.800	78.030	207.480	169.680	147.000	524.160	78.030		
78.040	124.850	114.950	134.750	374.550	78.040	210.000	169.680	147.000	526.680	78.040		
78.050	124.850	114.950	137.500	377.300	78.050	207.480	169.680	144.480	521.640	78.050		
78.060	124.850	114.950	134.750	374.550	78.060	207.480	167.160	144.480	519.120	78.060		
78.070	122.100	117.150	134.750	374.000	78.070	207.480	169.680	144.480	521.640	78.070		
78.080	124.850	117.150	137.500	379.500	78.080	207.480	169.680	144.480	521.640	78.080		
78.090	122.100	114.950	137.500	374.550	78.090	210.000	169.680	144.480	524.160	78.090		
78.100	122.100	114.950	137.500	374.550	78.100	210.000	169.680	141.960	521.640	78.100		
78.110	121.980	117.420	137.370	376.770	78.110	210.000	169.680	144.480	524.160	78.110		
78.120	121.980	117.420	137.370	376.770	78.120	207.480	167.160	141.960	516.600	78.120		
78.130	121.980	114.570	137.370	373.920	78.130	207.260	169.420	141.900	518.580	78.130		
78.140	119.700	114.570	137.370	371.640	78.140	209.840	169.420	141.900	521.160	78.140		
78.150	119.700	114.570	139.650	373.920	78.150	209.840	166.840	139.320	516.000	78.150		
78.160	119.700	114.570	137.370	371.640	78.160	209.840	166.840	139.320	516.000	78.160		
78.170	117.420	117.420	139.650	374.490	78.170	209.840	166.840	139.320	516.000	78.170		
78.180	119.700	117.420	139.650	376.770	78.180	209.840	169.420	139.320	518.580	78.180		
78.190	117.420	117.420	139.650	374.490	78.190	209.840	166.840	139.320	516.000	78.190		
78.200	117.420	117.420	139.650	374.490	78.200	209.840	166.840	139.320	516.000	78.200		
78.210	117.420	117.420	142.500	377.340	78.210	212.420	169.420	139.320	521.160	78.210		
78.220	117.420	117.420	139.650	374.490	78.220	212.420	169.420	136.740	518.580	78.220		
78.230	117.420	119.700	142.500	379.620	78.230	212.420	169.420	136.740	518.580	78.230		
78.240	117.420	119.700	142.500	379.620	78.240	212.420	169.420	136.740	518.580	78.240		
78.250	119.700	119.700	142.500	381.900	78.250	215.000	169.420	136.740	521.160	78.250		
78.260	117.180	119.700	144.900	381.780	78.260	215.000	166.840	134.160	516.000	78.260		
78.270	117.180	119.700	144.900	381.780	78.270	215.000	166.840	134.160	516.000	78.270		
78.280	117.180	122.220	144.900	384.300	78.280	216.900	167.400	132.300	516.600	78.280		
78.290	117.180	122.220	147.420	386.820	78.290	214.200	167.400	132.300	513.900	78.290		
78.300	117.180	122.220	147.420	386.820	78.300	216.900	167.400	129.600	513.900	78.300		
78.310	117.180	122.220	147.420	386.820	78.310	216.900	167.400	129.600	513.900	78.310		
78.320	114.660	122.220	147.420	384.300	78.320	216.900	167.400	126.900	511.200	78.320		
78.330	114.660	122.220	149.940	386.820	78.330	216.900	167.400	126.900	511.200	78.330		
78.340	114.660	122.220	152.460	389.340	78.340	216.900	164.700	124.200	505.800	78.340		
78.350	114.660	122.220	149.940	386.820	78.350	219.600	164.700	122.400	506.700	78.350		
78.360	114.660	124.740	152.460	391.860	78.360	219.600	164.700	119.700	504.000	78.360		
78.370	112.140	124.740	152.460	389.340	78.370	222.300	164.700	119.700	506.700	78.370		
78.380	112.140	124.740	152.460	389.340	78.380	222.300	164.700	117.000	504.000	78.380		
78.390	112.140	127.260	154.980	394.380	78.390	222.300	162.000	117.000	501.300	78.390		
78.400	109.620	124.740	157.500	391.860	78.400	222.300	162.000	114.300	498.600	78.400		
78.410	109.850	124.800	157.300	391.950	78.410	225.000	164.700	114.300	504.000	78.410		
78.420	109.850	124.800	157.300	391.950	78.420	225.000	162.000	114.300	501.300	78.420		
78.430	109.850	122.200	157.300	389.350	78.430	224.130	164.610	114.390	503.130	78.430		
78.440	107.250	124.800	157.300	389.350	78.440	224.130	164.610	111.600	500.340	78.440		
78.450	109.850	124.800	157.300	391.950	78.450	224.130	161.820	111.600	497.550	78.450		
78.460	107.250	124.800	159.900	391.950	78.460	224.130	161.820	111.600	497.550	78.460		
78.470	107.250	127.400	159.900	394.550	78.470	224.130	161.820	109.740	495.690	78.470		
78.480	109.850	127.400	159.900	397.150	78.480	226.920	161.820	109.740	498.480	78.480		
78.490	107.250	127.400	159.900	394.550	78.490	226.920	161.820	109.740	498.480	78.490		
78.500	107.250	127.400	159.900	394.550	78.500	229.710	161.820	109.740	501.270	78.500		
78.510	107.250	127.400	159.900	394.550	78.510	229.710	161.820	109.740	501.270	78.510		
78.520	107.250	127.400	162.500	397.150	78.520	229.710	164.610	106.950	501.270	78.520		
78.530	107.250	127.400	162.500	397.150	78.530	229.710	161.820	106.950	498.480	78.530		
78.540	107.250	127.400	162.500	397.150	78.540	232.500	161.820	106.950	501.270	78.540		
78.550	107.250	127.400	162.500	397.150	78.550	232.500	161.820	106.950	501.270	78.550		
78.560	107.200	127.300	162.140	396.640	78.560	232.500	161.820	104.160	498.480	78.560		
78.570	107.200	129.980	162.140	399.320	78.570	232.500	161.820	104.160	498.480	78.570		
78.580	107.200	129.980	164.820	402.000	78.580	234.220	161.700	101.920	497.840	78.580		
78.590	107.200	127.300	164.820	399.320	78.590	234.220	161.700	101.920	497.840	78.590		
78.600	107.200	129.980	162.140	399.320	78.600	234.220	161.700	99.960	495.880	78.600		
78.610	107.200	127.300	164.820	399.320	78.610	237.160	161.700	99.960	498.820	78.610		
78.620	107.200	129.980	164.820	402.000	78.620	237.160	161.700	97.020	495.880	78.620		
78.630	107.200	129.980	164.820	402.000	78.630	237.160	161.700	97.020	495.880	78.630		
78.640	107.200	129.980	164.820	402.000	78.640	239.120	161.700	94.080	494.900	78.640		
78.650	107.200	129.980	167.500	404.680	78.650	239.120	161.700	94.080	494.900	78.650		
78.660	107.200	129.980	164.820	402.000	78.660	239.120	161.700	92.120	492.940	78.660		
78.670	107.200	129.980	164.820	402.000	78.670	242.060	161.700	92.120	495.880	78.670		
78.680	107.200	129.980	167.500	404.680	78.680	242.060	164.640	92.120	498.820	78.680		
78.690	107.200	129.980	164.820	402.000	78.690	242.060	164.640	89.180	495.880	78.690		
78.700	107.200	129.980	167.500	404.680	78.700	245.000	164.640	89.180	498.820	78.700		
78.710	106.950	132.480	166.980	406.410	78.710	245.000	161.700	87.220	493.920	78.710		
78.720	106.950	129.720	166.980	403.650	78.720	245.000	164.640	84.280	493.920	78.720		
78.730	106.950	132.480	166.980	406.410	78.730	244.530	164.340	84.150	493.020	78.730		
78.740	106.950	132.480	166.980	406.410	78.740	247.500	164.340	82.170	494.010	78.740		
78.750	106.950	132.480	169.740	409.170	78.750	244.530	162.360	82.170	489.060	78.750		
78.760	106.950	132.480	166.980	406.410	78.760	244.530	164.340	82.170	491.040	78.760		
78.770	106.950	132.480	169.740	409.170	78.770	244.530	164.340	82.170	491.040	78.770		
78.780	106.950	132.480	166.980	406.410	78.780	247.500	162.360	79.200	489.060	78.780		
78.790	109.710	132.480	169.740	411.930	78.790	247.500	164.340	79.200	491.040	78.790		
78.800	109.710	132.480	169.740	411.930	78.800	241.560	162.360	79.200	483.120	78.800		
78.810	109.710	132.480	172.500	414.690	78.810	244.530	162.360	79.200	486.090	78.810		
78.820	109.710	134.550	172.500	416.760	78.820	244.530	162.360	79.200	486.090	78.820		
78.830	109.710	134.550	169.740	414.000	78.830	244.530	162.360	79.200	486.090	78.830		
78.840	109.710	132.480	172.500	414.690	78.840	241.560	162.360	79.200	483.120	78.840		
78.850	109.710	134.550	172.500	416.760	78.850	241.560	162.360	79.200	483.120	78.850		
78.860	107.210	134.900	171.820	413.930	78.860	241.560	162.360	79.200	483.120	78.860		
78.870	107.210	137.030	174.660	418.900	78.870	239.580	159.390	82.170	481.140	78.870		
78.880	107.210	134.900	174.660	416.770	78.880	237.500	159.600	81.700	478.800	78.880		
78.890	107.210	134.900	177.500	419.610	78.890	237.500	159.600	84.550	481.650	78.890		
78.900	107.210	137.030	174.660	418.900	78.900	234.650	159.600	84.550	478.800	78.900		
78.910	107.210	137.030	174.660	418.900	78.910	234.650	156.750	87.400	478.800	78.910		
78.920	107.210	134.900	177.500	419.610	78.920	231.800	156.750	87.400	475.950	78.920		
78.930	107.210	137.030	174.660	418.900	78.930	229.900	156.750	89.300	475.950	78.930		
78.940	107.210	137.030	177.500	421.740	78.940	229.900	156.750	92.150	478.800	78.940		
78.950	109.340	137.030	177.500	423.870	78.950	227.050	156.750	95.000	478.800	78.950		
78.960	109.340	137.030	177.500	423.870	78.960	227.050	156.750	96.900	480.700	78.960		
78.970	109.340	137.030	177.500	423.870	78.970	224.200	154.850	99.750	478.800	78.970		
78.980	112.180	137.030	177.500	426.710	78.980	222.300	154.850	101.650	478.800	78.980		
78.990	112.180	139.870	174.660	426.710	78.990	222.300	154.850	101.650	478.800	78.990		
79.000	112.180	139.870	177.500	429.550	79.000	222.300	154.850	104.500	481.650	79.000		
79.010	112.180	139.870	174.660	426.710	79.010	219.450	154.850	104.500	478.800	79.010		
79.020	112.180	139.870	177.500	429.550	79.020	216.600	152.000	104.500	473.100	79.020		
79.030	114.310	139.870	177.500	431.680	79.030	217.500	152.250	104.400	474.150	79.030		
79.040	114.310	139.870	174.660	428.840	79.040	214.890	149.640	107.010	471.540	79.040		
79.050	114.310	139.870	174.660	428.840	79.050	214.890	149.640	107.010	471.540	79.050		
79.060	117.150	142.000	174.660	433.810	79.060	212.280	149.640	107.010	468.930	79.060		
79.070	117.150	142.000	174.660	433.810	79.070	212.280	149.640	109.620	471.540	79.070		
79.080	119.990	142.000	174.660	436.650	79.080	209.670	149.640	107.010	466.320	79.080		
79.090	119.990	142.000	174.660	436.650	79.090	209.670	147.030	107.010	463.710	79.090		
79.100	122.120	142.000	174.660	438.780	79.100	209.670	147.030	107.010	463.710	79.100		
79.110	122.120	142.000	174.660	438.780	79.110	207.060	147.030	109.620	463.710	79.110		
79.120	122.120	142.000	174.660	438.780	79.120	207.060	147.030	109.620	463.710	79.120		
79.130	124.960	142.000	174.660	441.620	79.130	207.060	144.420	107.010	458.490	79.130		
79.140	124.960	142.000	174.660	441.620	79.140	207.060	144.420	107.010	458.490	79.140		
79.150	124.960	144.840	171.820	441.620	79.150	207.060	147.030	107.010	461.100	79.150		
79.160	124.600	142.100	175.000	441.700	79.160	207.060	144.420	107.010	458.490	79.160		
79.170	127.400	142.100	172.200	441.700	79.170	207.060	144.420	104.400	455.880	79.170		
79.180	127.400	144.900	172.200	444.500	79.180	207.500	144.420	104.580	456.500	79.180		
79.190	127.400	142.100	172.200	441.700	79.190	207.500	146.910	104.580	458.990	79.190		
79.200	129.500	144.900	172.200	446.600	79.200	207.500	144.420	104.580	456.500	79.200		
79.210	129.500	142.100	172.200	443.800	79.210	207.500	144.420	102.090	454.010	79.210		
79.220	132.300	144.900	172.200	449.400	79.220	204.180	146.910	102.090	453.180	79.220		
79.230	132.300	142.100	172.200	446.600	79.230	204.180	146.910	99.600	450.690	79.230		
79.240	134.400	144.900	169.400	448.700	79.240	204.180	146.910	99.600	450.690	79.240		
79.250	134.400	144.900	169.400	448.700	79.250	204.180	146.910	97.110	448.200	79.250		
79.260	134.400	144.900	172.200	451.500	79.260	204.180	146.910	97.110	448.200	79.260		
79.270	137.200	144.900	172.200	454.300	79.270	204.180	146.910	94.620	445.710	79.270		
79.280	140.000	147.000	169.400	456.400	79.280	204.180	146.910	94.620	445.710	79.280		
79.290	137.200	142.100	169.400	448.700	79.290	201.690	149.400	92.130	443.220	79.290		
79.300	140.000	147.000	169.400	456.400	79.300	201.690	149.400	92.130	443.220	79.300		
79.310	139.360	144.720	167.500	451.580	79.310	201.690	149.400	92.130	443.220	79.310		
79.320	142.040	144.720	167.500	454.260	79.320	201.690	149.400	89.640	440.730	79.320		
79.330	144.720	144.720	167.500	456.940	79.330	200.000	149.600	92.000	441.600	79.330		
79.340	144.720	144.720	167.500	456.940	79.340	200.000	152.000	89.600	441.600	79.340		
79.350	144.720	147.400	167.500	459.620	79.350	196.800	152.000	89.600	438.400	79.350		
79.360	147.400	144.720	164.820	456.940	79.360	194.400	152.000	89.600	436.000	79.360		
79.370	147.400	144.720	167.500	459.620	79.370	194.400	149.600	89.600	433.600	79.370		
79.380	149.410	144.720	164.820	458.950	79.380	192.000	152.000	89.600	433.600	79.380		
79.390	149.410	144.720	164.820	458.950	79.390	192.000	152.000	89.600	433.600	79.390		
79.400	152.090	144.720	162.140	458.950	79.400	187.200	152.000	92.000	431.200	79.400		
79.410	152.090	144.720	164.820	461.630	79.410	187.200	152.000	92.000	431.200	79.410		
79.420	154.770	144.720	162.140	461.630	79.420	187.200	152.000	92.000	431.200	79.420		
79.430	157.450	144.720	162.140	464.310	79.430	182.400	152.000	94.400	428.800	79.430		
79.440	157.450	144.720	162.140	464.310	79.440	182.400	152.000	94.400	428.800	79.440		
79.450	159.460	144.720	159.460	463.640	79.450	182.400	152.000	96.800	431.200	79.450		
79.460	159.600	144.400	159.600	463.600	79.460	180.000	152.000	96.800	428.800	79.460		
79.470	161.880	144.400	159.600	465.880	79.470	176.800	152.000	96.800	425.600	79.470		
79.480	164.920	144.400	157.320	466.640	79.480	175.000	151.900	99.400	426.300	79.480		
79.490	167.200	144.400	157.320	468.920	79.490	172.200	151.900	99.400	423.500	79.490		
79.500	169.480	144.400	154.280	468.160	79.500	169.400	149.800	102.200	421.400	79.500		
79.510	169.480	144.400	154.280	468.160	79.510	167.300	149.800	105.000	422.100	79.510		
79.520	171.760	144.400	154.280	470.440	79.520	164.500	149.800	107.100	421.400	79.520		
79.530	174.800	144.400	154.280	473.480	79.530	159.600	149.800	109.900	419.300	79.530		
79.540	177.080	144.400	152.000	473.480	79.540	159.600	147.000	112.000	418.600	79.540		
79.550	179.360	144.400	149.720	473.480	79.550	157.500	147.000	112.000	416.500	79.550		
79.560	182.400	144.400	152.000	478.800	79.560	154.700	147.000	114.800	416.500	79.560		
79.570	184.680	147.440	149.720	481.840	79.570	151.900	144.900	114.800	411.600	79.570		
79.580	184.680	144.400	149.720	478.800	79.580	149.800	144.900	114.800	409.500	79.580		
79.590	186.960	144.400	147.440	478.800	79.590	147.000	142.100	116.900	406.000	79.590		
79.600	190.000	147.440	147.440	484.880	79.600	144.900	144.900	116.900	406.700	79.600		
79.610	192.240	146.850	146.850	485.940	79.610	142.100	142.100	116.900	401.100	79.610		
79.620	192.240	146.850	146.850	485.940	79.620	142.100	140.000	116.900	399.000	79.620		
79.630	194.910	146.850	146.850	488.610	79.630	139.650	139.650	117.420	396.720	79.630		
79.640	196.690	146.850	146.850	490.390	79.640	137.370	137.370	117.420	392.160	79.640		
79.650	199.360	146.850	144.180	490.390	79.650	137.370	137.370	119.700	394.440	79.650		
79.660	199.360	149.520	144.180	493.060	79.660	134.520	137.370	121.980	393.870	79.660		
79.670	202.030	149.520	144.180	495.730	79.670	132.240	134.520	121.980	388.740	79.670		
79.680	202.030	149.520	144.180	495.730	79.680	129.960	134.520	124.830	389.310	79.680		
79.690	207.370	149.520	144.180	501.070	79.690	129.960	132.240	127.110	389.310	79.690		
79.700	207.370	149.520	142.400	499.290	79.700	124.830	132.240	127.110	384.180	79.700		
79.710	209.150	149.520	142.400	501.070	79.710	124.830	129.960	129.960	384.750	79.710		
79.720	211.820	149.520	142.400	503.740	79.720	119.700	127.110	132.240	379.050	79.720		
79.730	217.160	152.190	142.400	511.750	79.730	117.420	124.830	134.520	376.770	79.730		
79.740	217.160	149.520	139.730	506.410	79.740	112.290	121.980	137.370	371.640	79.740		
79.750	222.500	149.520	139.730	511.750	79.750	107.160	119.700	137.370	364.230	79.750		
79.760	224.750	149.350	134.850	508.950	79.760	104.880	114.570	139.650	359.100	79.760		
79.770	229.100	149.350	134.850	513.300	79.770	97.470	112.290	142.500	352.260	79.770		
79.780	234.900	149.350	131.950	516.200	79.780	92.340	107.160	142.500	342.000	79.780		
79.790	242.150	149.350	129.050	520.550	79.790	84.930	104.880	139.650	329.460	79.790		
79.800	249.400	146.450	126.150	522.000	79.800	79.800	99.750	137.370	316.920	79.800		
79.810	256.650	146.450	121.800	524.900	79.810	72.390	94.620	137.370	304.380	79.810		
79.820	266.800	146.450	118.900	532.150	79.820	64.980	92.340	137.370	294.690	79.820		
79.830	276.950	149.350	117.450	543.750	79.830	57.000	84.930	134.520	276.450	79.830		
79.840	290.000	149.350	117.450	556.800	79.840	52.440	79.800	132.240	264.480	79.840		
79.850	298.700	153.700	114.550	566.950	79.850	44.460	76.950	129.960	251.370	79.850		
79.860	311.750	156.600	111.650	580.000	79.860	39.900	72.390	127.110	239.400	79.860		
79.870	321.900	159.500	108.750	590.150	79.870	34.770	67.260	121.980	224.010	79.870		
79.880	334.950	162.400	108.750	606.100	79.880	27.360	64.980	119.700	212.040	79.880		
79.890	349.450	166.750	107.300	623.500	79.890	19.950	59.850	117.420	197.220	79.890		
79.900	362.500	171.100	107.300	640.900	79.900	14.820	57.000	114.570	186.390	79.900		
79.910	376.820	174.300	106.240	657.360	79.910	7.410	52.440	114.570	174.420	79.910		
79.920	386.780	175.960	106.240	668.980	79.920	4.560	49.590	114.570	168.720	79.920		
79.930	396.740	180.940	104.580	682.260	79.930	0.000	47.470	117.500	164.970	79.930		
79.940	403.380	180.940	104.580	688.900	79.940	0.000	42.300	117.500	159.800	79.940		
79.950	408.360	184.260	104.580	697.200	79.950	0.000	39.950	117.500	157.450	79.950		
79.960	411.680	184.260	104.580	700.520	79.960	0.000	37.130	114.680	151.810	79.960		
79.970	415.000	189.240	109.560	713.800	79.970	0.000	34.780	114.680	149.460	79.970		
79.980	415.000	189.240	109.560	713.800	79.980	0.000	34.780	112.330	147.110	79.980		
79.990	415.000	194.220	109.560	718.780	79.990	0.000	32.430	109.980	142.410	79.990		
80.000	415.000	194.220	109.560	718.780	80.000	0.000	27.260	107.160	134.420	80.000		
80.010	415.000	195.880	111.220	722.100	80.010	0.000	22.090	102.460	124.550	80.010		
80.020	411.680	199.200	114.540	725.420	80.020	0.000	19.740	99.640	119.380	80.020		
80.030	408.360	200.860	116.200	725.420	80.030	0.000	17.390	97.290	114.680	80.030		
80.040	406.700	204.180	119.520	730.400	80.040	0.000	17.390	92.120	109.510	80.040		
80.050	406.700	207.500	121.180	735.380	80.050	0.000	14.570	87.420	101.990	80.050		
80.060	404.880	206.640	124.320	735.840	80.060	0.000	14.570	82.250	96.820	80.060		
80.070	399.840	206.640	120.960	727.440	80.070	0.000	12.220	77.080	89.300	80.070		
80.080	399.840	210.000	124.320	734.160	80.080	0.000	12.470	72.500	84.970	80.080		
80.090	396.480	211.680	126.000	734.160	80.090	0.000	9.860	67.280	77.140	80.090		
80.100	396.480	211.680	129.360	737.520	80.100	0.000	7.250	62.350	69.600	80.100		
80.110	396.480	213.360	129.360	739.200	80.110	0.000	7.250	57.420	64.670	80.110		
80.120	394.800	216.720	131.040	742.560	80.120	0.000	7.250	54.810	62.060	80.120		
80.130	399.840	218.400	134.400	752.640	80.130	0.000	4.930	49.880	54.810	80.130		
80.140	399.840	221.760	134.400	756.000	80.140	0.000	4.930	47.270	52.200	80.140		
80.150	404.880	223.440	136.080	764.400	80.150	0.000	4.930	42.340	47.270	80.150		
80.160	409.920	228.480	136.080	774.480	80.160	0.000	2.320	39.730	42.050	80.160		
80.170	411.600	228.480	139.440	779.520	80.170	0.000	2.320	37.410	39.730	80.170		
80.180	414.960	233.520	139.440	787.920	80.180	2.320	0.000	34.800	37.120	80.180		
80.190	416.640	233.520	139.440	789.600	80.190	2.320	2.320	34.800	39.440	80.190		
80.200	420.000	236.880	139.440	796.320	80.200	2.320	0.000	34.800	37.120	80.200		
80.210	422.370	235.980	138.510	796.860	80.210	2.320	0.000	32.480	34.800	80.210		
80.220	424.080	235.980	138.510	798.570	80.220	2.320	0.000	32.480	34.800	80.220		
80.230	424.080	239.400	141.930	805.410	80.230	4.940	0.000	29.640	34.580	80.230		
80.240	427.500	235.980	141.930	805.410	80.240	7.220	0.000	27.360	34.580	80.240		
80.250	424.080	235.980	138.510	798.570	80.250	4.940	0.000	27.360	32.300	80.250		
80.260	422.370	234.270	138.510	795.150	80.260	7.220	0.000	29.640	36.860	80.260		
80.270	418.950	230.850	138.510	788.310	80.270	7.220	0.000	29.640	36.860	80.270		
80.280	417.240	230.850	136.800	784.890	80.280	7.220	0.000	29.640	36.860	80.280		
80.290	413.820	227.430	136.800	778.050	80.290	7.220	0.000	32.300	39.520	80.290		
80.300	408.690	227.430	136.800	772.920	80.300	7.220	0.000	34.960	42.180	80.300		
80.310	406.980	222.300	136.800	766.080	80.310	7.220	0.000	37.240	44.460	80.310		
80.320	401.850	218.880	133.380	754.110	80.320	9.880	0.000	39.900	49.780	80.320		
80.330	398.430	217.170	133.380	748.980	80.330	14.820	2.280	42.180	59.280	80.330		
80.340	393.300	212.040	131.670	737.010	80.340	22.420	2.280	49.780	74.480	80.340		
80.350	391.590	208.620	131.670	731.880	80.350	24.700	9.880	64.980	99.560	80.350		
80.360	387.500	204.600	128.650	720.750	80.360	27.360	12.160	82.460	121.980	80.360		
80.370	381.300	199.950	127.100	708.350	80.370	32.300	19.760	95.000	147.060	80.370		
80.380	373.550	193.750	124.000	691.300	80.380	37.440	24.960	101.920	164.320	80.380		
80.390	367.350	186.000	122.450	675.800	80.390	41.600	29.120	107.120	177.840	80.390		
80.400	356.500	179.800	119.350	655.650	80.400	46.800	32.240	112.320	191.360	80.400		
80.410	348.750	172.050	114.700	635.500	80.410	49.920	37.440	116.480	203.840	80.410		
80.420	339.450	164.300	116.250	620.000	80.420	54.080	41.600	121.680	217.360	80.420		
80.430	328.600	156.550	108.500	593.650	80.430	62.400	46.800	130.000	239.200	80.430		
80.440	322.400	148.800	106.950	578.150	80.440	66.560	54.080	139.360	260.000	80.440		
80.450	310.000	141.050	103.850	554.900	80.450	74.880	64.480	151.840	291.200	80.450		
80.460	296.050	134.850	102.300	533.200	80.460	82.160	71.760	164.320	318.240	80.460		
80.470	282.100	122.450	96.100	500.650	80.470	89.440	79.040	179.920	348.400	80.470		
80.480	266.600	111.600	94.550	472.750	80.480	96.720	89.440	194.480	380.640	80.480		
80.490	254.200	103.850	91.450	449.500	80.490	101.920	101.920	209.040	412.880	80.490		
80.500	237.150	91.450	83.700	412.300	80.500	109.200	114.400	226.720	450.320	80.500		
80.510	222.500	81.880	81.880	386.260	80.510	114.400	124.800	244.400	483.600	80.510		
80.520	204.700	69.420	77.430	351.550	80.520	121.680	137.280	260.000	518.960	80.520		
80.530	186.900	56.960	72.090	315.950	80.530	128.440	148.720	278.850	556.010	80.530		
80.540	171.770	47.170	64.970	283.910	80.540	133.510	158.860	297.440	589.810	80.540		
80.550	154.860	37.380	56.960	249.200	80.550	138.580	172.380	310.960	621.920	80.550		
80.560	137.060	26.700	51.620	215.380	80.560	147.030	184.210	329.550	660.790	80.560		
80.570	119.260	14.240	44.500	178.000	80.570	152.100	196.040	346.450	694.590	80.570		
80.580	102.350	4.450	39.160	145.960	80.580	157.170	209.560	363.350	730.080	80.580		
80.590	84.550	0.000	29.370	113.920	80.590	163.930	221.390	378.560	763.880	80.590		
80.600	72.090	0.000	24.920	97.010	80.600	169.000	234.910	392.080	795.990	80.600		
80.610	59.630	0.000	14.240	73.870	80.610	174.070	243.360	402.220	819.650	80.610		
80.620	49.840	0.000	7.120	56.960	80.620	180.830	253.500	408.980	843.310	80.620		
80.630	39.160	0.000	4.450	43.610	80.630	185.900	261.950	417.430	865.280	80.630		
80.640	32.040	0.000	1.780	33.820	80.640	190.970	272.090	419.120	882.180	80.640		
80.650	22.250	0.000	0.000	22.250	80.650	194.350	277.160	422.500	894.010	80.650		
80.660	20.000	0.000	0.000	20.000	80.660	199.420	282.230	419.120	900.770	80.660		
80.670	17.440	0.000	0.000	17.440	80.670	201.110	283.920	417.430	902.460	80.670		
80.680	17.440	0.000	0.000	17.440	80.680	201.720	287.000	410.000	898.720	80.680		
80.690	17.440	0.000	0.000	17.440	80.690	205.000	287.000	403.440	895.440	80.690		
80.700	17.440	0.000	0.000	17.440	80.700	205.000	283.720	393.600	882.320	80.700		
80.710	17.440	0.000	0.000	17.440	80.710	206.640	282.080	383.760	872.480	80.710		
80.720	14.960	0.000	0.000	14.960	80.720	206.640	282.080	373.920	862.640	80.720		
80.730	14.960	0.000	0.000	14.960	80.730	206.640	278.800	364.080	849.520	80.730		
80.740	14.960	0.000	0.000	14.960	80.740	206.640	278.800	354.240	839.680	80.740		
80.750	12.480	0.000	0.000	12.480	80.750	206.640	278.800	344.400	829.840	80.750		
80.760	12.480	0.000	0.000	12.480	80.760	209.920	278.800	331.280	820.000	80.760		
80.770	12.480	0.000	0.000	12.480	80.770	211.560	278.800	321.440	811.800	80.770		
80.780	12.480	0.000	0.000	12.480	80.780	214.840	282.080	314.880	811.800	80.780		
80.790	10.000	0.000	0.000	10.000	80.790	219.760	287.000	306.680	813.440	80.790		
80.800	10.000	0.000	0.000	10.000	80.800	224.680	288.640	298.480	811.800	80.800		
80.810	7.500	0.000	0.000	7.500	80.810	229.600	291.920	291.920	813.440	80.810		
80.820	7.500	0.000	0.000	7.500	80.820	231.240	296.840	283.720	811.800	80.820		
80.830	7.500	0.000	0.000	7.500	80.830	239.890	302.470	277.140	819.500	80.830		
80.840	7.500	0.000	0.000	7.500	80.840	248.830	309.920	269.690	828.440	80.840		
80.850	7.500	0.000	0.000	7.500	80.850	256.280	317.370	262.240	835.890	80.850		
80.860	7.500	0.000	0.000	7.500	80.860	263.730	324.820	256.280	844.830	80.860		
80.870	7.500	0.000	0.000	7.500	80.870	274.160	329.290	247.340	850.790	80.870		
80.880	7.500	0.000	0.000	7.500	80.880	284.590	336.740	239.890	861.220	80.880		
80.890	7.500	0.000	0.000	7.500	80.890	293.530	341.210	229.460	864.200	80.890		
80.900	7.500	0.000	0.000	7.500	80.900	303.960	347.170	219.030	870.160	80.900		
80.910	7.500	0.000	0.000	7.500	80.910	317.370	354.620	208.600	880.590	80.910		
80.920	7.500	0.000	0.000	7.500	80.920	326.310	359.090	199.660	885.060	80.920		
80.930	7.500	0.000	0.000	7.500	80.930	333.760	362.070	186.250	882.080	80.930		
80.940	4.980	0.000	0.000	4.980	80.940	347.170	366.540	174.330	888.040	80.940		
80.950	4.980	0.000	0.000	4.980	80.950	354.620	366.540	162.410	883.570	80.950		
80.960	5.000	0.000	0.000	5.000	80.960	362.070	369.520	149.000	880.590	80.960		
80.970	5.000	0.000	0.000	5.000	80.970	372.500	369.520	137.080	879.100	80.970		
80.980	2.500	0.000	0.000	2.500	80.980	382.080	368.150	123.380	873.610	80.980		
80.990	2.500	0.000	0.000	2.500	80.990	388.050	368.150	109.450	865.650	80.990		
81.000	0.000	0.000	2.500	2.500	81.000	399.990	368.150	99.500	867.640	81.000		
81.010	0.000	0.000	0.000	0.000	81.010	405.960	366.160	85.570	857.690	81.010		
81.020	0.000	0.000	0.000	0.000	81.020	415.910	366.160	75.620	857.690	81.020		
81.030	0.000	0.000	0.000	0.000	81.030	421.880	364.170	65.670	851.720	81.030		
81.040	0.000	0.000	0.000	0.000	81.040	431.830	364.170	59.700	855.700	81.040		
81.050	0.000	0.000	0.000	0.000	81.050	439.790	362.180	49.750	851.720	81.050		
81.060	0.000	0.000	0.000	0.000	81.060	449.740	358.200	41.790	849.730	81.060		
81.070	0.000	0.000	0.000	0.000	81.070	453.720	356.210	35.820	845.750	81.070		
81.080	0.000	0.000	0.000	0.000	81.080	463.670	354.220	29.850	847.740	81.080		
81.090	0.000	0.000	0.000	0.000	81.090	471.630	352.230	19.900	843.760	81.090		
81.100	0.000	0.000	0.000	0.000	81.100	481.580	352.230	13.930	847.740	81.100		
81.110	0.000	0.000	0.000	0.000	81.110	489.540	346.260	3.980	839.780	81.110		
81.120	0.000	0.000	0.000	0.000	81.120	497.500	344.270	0.000	841.770	81.120		
81.130	0.000	0.000	0.000	0.000	81.130	502.920	337.820	0.000	840.740	81.130		
81.140	0.000	0.000	0.000	0.000	81.140	510.540	332.740	0.000	843.280	81.140		
81.150	0.000	0.000	0.000	0.000	81.150	520.700	330.200	0.000	850.900	81.150		
81.160	0.000	0.000	0.000	0.000	81.160	528.320	322.580	0.000	850.900	81.160		
81.170	0.000	0.000	0.000	0.000	81.170	535.940	317.500	0.000	853.440	81.170		
81.180	0.000	0.000	0.000	0.000	81.180	543.560	312.420	0.000	855.980	81.180		
81.190	0.000	0.000	0.000	0.000	81.190	551.180	304.800	0.000	855.980	81.190		
81.200	0.000	0.000	0.000	0.000	81.200	563.880	294.640	0.000	858.520	81.200		
81.210	0.000	0.000	0.000	0.000	81.210	571.500	284.480	0.000	855.980	81.210		
81.220	0.000	0.000	0.000	0.000	81.220	581.660	274.320	0.000	855.980	81.220		
81.230	0.000	0.000	0.000	0.000	81.230	594.360	264.160	0.000	858.520	81.230		
81.240	0.000	0.000	0.000	0.000	81.240	604.520	251.460	0.000	855.980	81.240		
81.250	0.000	0.000	0.000	0.000	81.250	614.680	241.300	0.000	855.980	81.250		
81.260	11.520	0.000	0.000	11.520	81.260	627.380	231.140	0.000	858.520	81.260		
81.270	24.320	0.000	0.000	24.320	81.270	635.000	220.980	0.000	855.980	81.270		
81.280	39.680	0.000	0.000	39.680	81.280	646.140	208.260	0.000	854.400	81.280		
81.290	58.880	3.840	0.000	62.720	81.290	656.820	194.910	0.000	851.730	81.290		
81.300	87.040	6.400	0.000	93.440	81.300	664.830	189.570	0.000	854.400	81.300		
81.310	113.920	8.960	0.000	122.880	81.310	667.500	178.890	0.000	846.390	81.310		
81.320	142.080	11.520	0.000	153.600	81.320	667.500	168.210	0.000	835.710	81.320		
81.330	168.960	16.640	0.000	185.600	81.330	667.500	157.530	0.000	825.030	81.330		
81.340	209.920	24.320	1.280	235.520	81.340	659.490	152.190	0.000	811.680	81.340		
81.350	254.720	39.680	8.960	303.360	81.350	648.810	141.510	0.000	790.320	81.350		
81.360	286.720	53.760	16.640	357.120	81.360	632.790	133.500	0.000	766.290	81.360		
81.370	304.640	66.560	21.760	392.960	81.370	614.100	122.820	0.000	736.920	81.370		
81.380	312.320	76.800	29.440	418.560	81.380	584.730	114.810	0.000	699.540	81.380		
81.390	317.440	84.480	39.680	441.600	81.390	547.350	106.800	0.000	654.150	81.390		
81.400	320.000	92.160	47.360	459.520	81.400	499.290	93.450	0.000	592.740	81.400		
81.410	328.130	102.410	58.520	489.060	81.410	437.880	80.100	0.000	517.980	81.410		
81.420	344.850	114.950	68.970	528.770	81.420	357.780	69.420	0.000	427.200	81.420		
81.430	363.660	127.490	79.420	570.570	81.430	272.500	52.320	0.000	324.820	81.430		
81.440	392.920	142.120	85.690	620.730	81.440	204.920	39.240	0.000	244.160	81.440		
81.450	422.180	158.840	94.050	675.070	81.450	149.330	27.250	0.000	176.580	81.450		
81.460	451.440	179.740	102.410	733.590	81.460	104.640	14.170	0.000	118.810	81.460		
81.470	476.520	194.370	106.590	777.480	81.470	66.490	6.540	0.000	73.030	81.470		
81.480	497.420	211.090	114.950	823.460	81.480	37.060	0.000	0.000	37.060	81.480		
81.490	512.050	223.630	119.130	854.810	81.490	17.440	0.000	0.000	17.440	81.490		
81.500	518.320	234.080	123.310	875.710	81.500	2.180	0.000	0.000	2.180	81.500		
81.510	522.500	238.260	127.490	888.250	81.510	0.000	0.000	0.000	0.000	81.510		
81.520	518.320	244.530	129.580	892.430	81.520	0.000	0.000	0.000	0.000	81.520		
81.530	512.050	246.620	131.670	890.340	81.530	0.000	0.000	0.000	0.000	81.530		
81.540	503.690	246.620	133.760	884.070	81.540	0.000	0.000	0.000	0.000	81.540		
81.550	493.240	246.620	135.850	875.710	81.550	0.000	0.000	0.000	0.000	81.550		
81.560	480.000	241.920	136.320	858.240	81.560	0.000	0.000	0.000	0.000	81.560		
81.570	464.640	241.920	136.320	842.880	81.570	0.000	0.000	0.000	0.000	81.570		
81.580	449.280	236.160	136.320	821.760	81.580	0.000	0.000	0.000	0.000	81.580		
81.590	432.000	234.240	142.080	808.320	81.590	0.000	0.000	0.000	0.000	81.590		
81.600	414.720	228.480	138.240	781.440	81.600	0.000	0.000	0.000	0.000	81.600		
81.610	397.440	226.560	142.080	766.080	81.610	0.000	0.000	0.000	0.000	81.610		
81.620	378.240	226.560	145.920	750.720	81.620	0.000	0.000	0.000	0.000	81.620		
81.630	364.800	226.560	145.920	737.280	81.630	0.000	0.000	0.000	0.000	81.630		
81.640	349.440	226.560	151.680	727.680	81.640	0.000	0.000	0.000	0.000	81.640		
81.650	339.840	228.480	157.440	725.760	81.650	0.000	0.000	0.000	0.000	81.650		
81.660	332.160	232.320	161.280	725.760	81.660	0.000	0.000	0.000	0.000	81.660		
81.670	324.480	236.160	168.960	729.600	81.670	0.000	0.000	0.000	0.000	81.670		
81.680	318.720	243.840	174.720	737.280	81.680	0.000	0.000	0.000	0.000	81.680		
81.690	314.880	249.600	178.560	743.040	81.690	0.000	0.000	0.000	0.000	81.690		
81.700	311.040	259.200	188.160	758.400	81.700	0.000	0.000	0.000	0.000	81.700		
81.710	309.600	267.030	199.950	776.580	81.710	0.000	0.000	0.000	0.000	81.710		
81.720	304.440	277.350	206.400	788.190	81.720	0.000	0.000	0.000	0.000	81.720		
81.730	299.280	283.800	214.140	797.220	81.730	0.000	0.000	0.000	0.000	81.730		
81.740	296.700	288.960	224.460	810.120	81.740	0.000	0.000	0.000	0.000	81.740		
81.750	288.960	296.700	232.200	817.860	81.750	0.000	0.000	0.000	0.000	81.750		
81.760	283.800	299.280	239.940	823.020	81.760	0.000	0.000	0.000	0.000	81.760		
81.770	279.930	304.440	246.390	830.760	81.770	0.000	0.000	0.000	0.000	81.770		
81.780	272.190	307.020	251.550	830.760	81.780	0.000	0.000	0.000	0.000	81.780		
81.790	264.450	312.180	261.870	838.500	81.790	0.000	0.000	0.000	0.000	81.790		
81.800	254.130	314.760	267.030	835.920	81.800	0.000	0.000	0.000	0.000	81.800		
81.810	246.390	317.340	277.350	841.080	81.810	0.000	0.000	0.000	0.000	81.810		
81.820	237.360	317.340	283.800	838.500	81.820	0.000	0.000	0.000	0.000	81.820		
81.830	227.040	319.920	294.120	841.080	81.830	0.000	0.000	0.000	0.000	81.830		
81.840	216.720	322.500	301.860	841.080	81.840	0.000	0.000	0.000	0.000	81.840		
81.850	203.820	322.500	312.180	838.500	81.850	0.000	0.000	0.000	0.000	81.850		
81.860	192.950	324.610	324.610	842.170	81.860	0.000	0.000	0.000	0.000	81.860		
81.870	183.870	324.610	335.960	844.440	81.870	0.000	0.000	0.000	0.000	81.870		
81.880	174.790	326.880	349.580	851.250	81.880	0.000	0.000	0.000	0.000	81.880		
81.890	161.170	326.880	360.930	848.980	81.890	0.000	0.000	0.000	0.000	81.890		
81.900	152.090	326.880	374.550	853.520	81.900	0.000	0.000	0.000	0.000	81.900		
81.910	140.740	326.880	390.440	858.060	81.910	0.000	0.000	0.000	0.000	81.910		
81.920	131.660	326.880	401.790	860.330	81.920	0.000	0.000	0.000	0.000	81.920		
81.930	118.040	324.610	415.410	858.060	81.930	0.000	0.000	0.000	0.000	81.930		
81.940	108.960	317.800	431.300	858.060	81.940	0.000	0.000	0.000	0.000	81.940		
81.950	93.070	310.990	449.460	853.520	81.950	0.000	0.000	0.000	0.000	81.950		
81.960	79.450	301.910	474.430	855.790	81.960	0.000	2.160	4.320	6.480	81.960		
81.970	65.830	288.290	497.130	851.250	81.970	0.000	7.200	27.360	34.560	81.970		
81.980	54.480	272.400	519.830	846.710	81.980	0.000	12.240	44.640	56.880	81.980		
81.990	43.130	249.700	540.260	833.090	81.990	0.000	12.240	64.800	77.040	81.990		
82.000	36.320	224.730	567.500	828.550	82.000	0.000	14.400	94.320	108.720	82.000		
82.010	29.880	194.220	585.150	809.250	82.010	0.000	17.280	134.640	151.920	82.010		
82.020	24.900	169.320	602.580	796.800	82.020	0.000	19.440	180.000	199.440	82.020		
82.030	17.430	146.910	612.540	776.880	82.030	1.620	29.160	239.760	270.540	82.030		
82.040	14.940	126.990	622.500	764.430	82.040	6.480	38.880	286.740	332.100	82.040		
82.050	12.450	107.070	622.500	742.020	82.050	14.580	56.700	324.000	395.280	82.050		
82.060	7.470	92.130	615.030	714.630	82.060	21.060	74.520	356.400	451.980	82.060		
82.070	7.470	77.190	605.070	689.730	82.070	29.160	87.480	377.460	494.100	82.070		
82.080	4.980	67.230	590.130	662.340	82.080	37.260	92.340	383.940	513.540	82.080		
82.090	2.490	57.270	567.720	627.480	82.090	38.880	97.200	382.320	518.400	82.090		
82.100	0.000	47.310	540.330	587.640	82.100	43.740	98.820	377.460	520.020	82.100		
82.110	0.000	37.350	510.450	547.800	82.110	46.980	102.060	377.460	526.500	82.110		
82.120	0.000	29.880	473.100	502.980	82.120	48.600	103.680	374.220	526.500	82.120		
82.130	0.000	19.920	433.260	453.180	82.130	48.600	106.920	377.460	532.980	82.130		
82.140	0.000	12.450	388.440	400.890	82.140	53.460	108.540	379.080	541.080	82.140		
82.150	0.000	2.490	343.620	346.110	82.150	56.700	111.780	383.940	552.420	82.150		
82.160	0.000	0.000	295.000	295.000	82.160	59.940	116.640	393.660	570.240	82.160		
82.170	0.000	0.000	251.340	251.340	82.170	64.800	121.500	405.000	591.300	82.170		
82.180	0.000	0.000	208.860	208.860	82.180	69.120	129.600	423.360	622.080	82.180		
82.190	0.000	0.000	164.020	164.020	82.190	73.440	138.240	447.120	658.800	82.190		
82.200	0.000	0.000	129.800	129.800	82.200	79.920	149.040	466.560	695.520	82.200		
82.210	0.000	0.000	94.400	94.400	82.210	82.080	155.520	486.000	723.600	82.210		
82.220	0.000	0.000	69.620	69.620	82.220	84.240	164.160	503.280	751.680	82.220		
82.230	0.000	0.000	49.560	49.560	82.230	88.560	174.960	516.240	779.760	82.230		
82.240	0.000	0.000	31.860	31.860	82.240	88.560	181.440	524.880	794.880	82.240		
82.250	0.000	0.000	18.880	18.880	82.250	90.720	185.760	531.360	807.840	82.250		
82.260	2.360	0.000	14.160	16.520	82.260	97.200	194.400	535.680	827.280	82.260		
82.270	4.720	0.000	11.800	16.520	82.270	99.360	198.720	540.000	838.080	82.270		
82.280	4.720	0.000	9.440	14.160	82.280	103.680	207.360	535.680	846.720	82.280		
82.290	4.720	0.000	9.440	14.160	82.290	105.840	213.840	535.680	855.360	82.290		
82.300	2.360	0.000	9.440	11.800	82.300	112.320	222.480	531.360	866.160	82.300		
82.310	2.490	0.000	7.500	9.990	82.310	114.480	224.640	527.040	866.160	82.310	End measurement	
82.320	2.490	0.000	7.500	9.990	82.320	116.640	228.960	516.240	861.840	82.320		
82.330	2.490	0.000	4.980	7.470	82.330	119.180	228.260	505.000	852.440	82.330		
82.340	2.490	0.000	4.980	7.470	82.340	123.220	228.260	490.860	842.340	82.340		
82.350	2.490	0.000	4.980	7.470	82.350	127.260	232.300	476.720	836.280	82.350		
82.360	2.490	0.000	4.980	7.470	82.360	129.280	228.260	464.600	822.140	82.360		
82.370	2.490	0.000	2.490	4.980	82.370	131.300	232.300	448.440	812.040	82.370		
82.380	2.490	0.000	2.490	4.980	82.380	137.360	228.260	434.300	799.920	82.380		
82.390	2.490	0.000	0.000	2.490	82.390	139.380	232.300	418.140	789.820	82.390		
82.400	0.000	0.000	2.490	2.490	82.400	143.420	232.300	404.000	779.720	82.400		
82.410	2.490	0.000	0.000	2.490	82.410	149.480	234.320	391.880	775.680	82.410		
82.420	0.000	0.000	0.000	0.000	82.420	153.520	236.340	379.760	769.620	82.420		
82.430	2.490	0.000	0.000	2.490	82.430	159.580	238.360	369.660	767.600	82.430		
82.440	2.490	0.000	0.000	2.490	82.440	163.620	244.420	359.560	767.600	82.440		
82.450	2.490	0.000	0.000	2.490	82.450	169.680	246.440	351.480	767.600	82.450		
82.460	2.500	0.000	0.000	2.500	82.460	175.740	248.460	343.400	767.600	82.460		
82.470	2.500	0.000	0.000	2.500	82.470	179.780	254.520	341.380	775.680	82.470		
82.480	2.500	0.000	0.000	2.500	82.480	186.300	256.500	337.500	780.300	82.480		
82.490	2.500	0.000	0.000	2.500	82.490	191.700	259.200	332.100	783.000	82.490		
82.500	2.500	0.000	0.000	2.500	82.500	197.100	264.600	329.400	791.100	82.500		
82.510	2.500	0.000	0.000	2.500	82.510	202.500	267.300	324.000	793.800	82.510		
82.520	2.500	0.000	0.000	2.500	82.520	206.550	271.350	319.950	797.850	82.520		
82.530	2.500	0.000	0.000	2.500	82.530	209.250	274.050	314.550	797.850	82.530		
82.540	0.000	0.000	0.000	0.000	82.540	217.350	276.750	309.150	803.250	82.540		
82.550	0.000	0.000	0.000	0.000	82.550	221.400	279.450	303.750	804.600	82.550		
82.560	2.500	0.000	0.000	2.500	82.560	224.100	282.150	299.700	805.950	82.560		
82.570	0.000	0.000	0.000	0.000	82.570	229.500	284.850	294.300	808.650	82.570		
82.580	0.000	0.000	0.000	0.000	82.580	234.900	286.200	286.200	807.300	82.580		
82.590	0.000	0.000	0.000	0.000	82.590	238.950	286.200	282.150	807.300	82.590		
82.600	0.000	0.000	0.000	0.000	82.600	244.350	288.900	274.050	807.300	82.600		
82.610	0.000	0.000	0.000	0.000	82.610	249.750	288.900	267.300	805.950	82.610		
82.620	0.000	0.000	0.000	0.000	82.620	256.500	291.600	259.200	807.300	82.620		
82.630	0.000	0.000	0.000	0.000	82.630	264.600	291.060	251.370	807.030	82.630		
82.640	0.000	0.000	0.000	0.000	82.640	272.160	296.730	243.810	812.700	82.640		
82.650	0.000	0.000	0.000	0.000	82.650	279.720	296.730	234.360	810.810	82.650		
82.660	0.000	0.000	0.000	0.000	82.660	289.170	298.620	226.800	814.590	82.660		
82.670	0.000	0.000	0.000	0.000	82.670	298.620	298.620	217.350	814.590	82.670		
82.680	0.000	0.000	0.000	0.000	82.680	309.960	298.620	204.120	812.700	82.680		
82.690	0.000	0.000	0.000	0.000	82.690	319.410	296.730	187.110	803.250	82.690		
82.700	0.000	0.000	0.000	0.000	82.700	334.530	291.060	171.990	797.580	82.700		
82.710	0.000	0.000	0.000	0.000	82.710	351.540	289.170	154.980	795.690	82.710		
82.720	0.000	0.000	0.000	0.000	82.720	368.550	281.610	134.190	784.350	82.720		
82.730	0.000	0.000	0.000	0.000	82.730	387.450	272.160	113.400	773.010	82.730		
82.740	5.000	0.000	0.000	5.000	82.740	406.350	260.820	94.500	761.670	82.740		
82.750	12.500	0.000	0.000	12.500	82.750	429.030	245.700	77.490	752.220	82.750		
82.760	21.800	2.180	0.000	23.980	82.760	446.040	232.470	58.590	737.100	82.760		
82.770	34.880	4.360	0.000	39.240	82.770	472.500	213.570	47.250	733.320	82.770		
82.780	49.050	9.810	0.000	58.860	82.780	497.420	190.400	33.320	721.140	82.780		
82.790	64.310	11.990	0.000	76.300	82.790	523.600	168.980	23.800	716.380	82.790		
82.800	81.750	14.170	0.000	95.920	82.800	542.640	145.180	16.660	704.480	82.800		
82.810	102.460	19.620	2.180	124.260	82.810	564.060	123.760	9.520	697.340	82.810		
82.820	129.710	23.980	4.360	158.050	82.820	578.340	107.100	4.760	690.200	82.820		
82.830	166.770	37.060	11.990	215.820	82.830	587.860	88.060	0.000	675.920	82.830		
82.840	207.100	52.320	27.250	286.670	82.840	595.000	73.780	0.000	668.780	82.840		
82.850	239.800	59.950	39.240	338.990	82.850	595.000	61.880	0.000	656.880	82.850		
82.860	259.420	69.760	49.050	378.230	82.860	587.860	54.740	0.000	642.600	82.860		
82.870	264.870	77.390	59.950	402.210	82.870	578.340	42.840	0.000	621.180	82.870		
82.880	267.050	81.750	69.760	418.560	82.880	561.680	38.080	0.000	599.760	82.880		
82.890	267.050	87.200	77.390	431.640	82.890	537.880	30.940	0.000	568.820	82.890		
82.900	272.500	89.380	81.750	443.630	82.900	511.700	21.420	0.000	533.120	82.900		
82.910	279.740	96.530	86.680	462.950	82.910	483.140	14.280	0.000	497.420	82.910		
82.920	289.590	104.410	88.650	482.650	82.920	442.680	7.140	0.000	449.820	82.920		
82.930	301.410	112.290	94.560	508.260	82.930	397.500	4.770	0.000	402.270	82.930		
82.940	319.140	122.140	98.500	539.780	82.940	349.800	0.000	0.000	349.800	82.940		
82.950	336.870	133.960	104.410	575.240	82.950	297.330	0.000	0.000	297.330	82.950		
82.960	358.540	145.780	106.380	610.700	82.960	236.910	0.000	0.000	236.910	82.960		
82.970	378.240	159.570	112.290	650.100	82.970	174.900	0.000	0.000	174.900	82.970		
82.980	403.850	171.390	116.230	691.470	82.980	122.430	0.000	0.000	122.430	82.980		
82.990	431.430	189.120	122.140	742.690	82.990	76.320	0.000	0.000	76.320	82.990		
83.000	453.100	200.940	124.110	778.150	83.000	44.520	0.000	0.000	44.520	83.000		
83.010	468.860	210.790	126.080	805.730	83.010	22.260	0.000	0.000	22.260	83.010		
83.020	480.680	218.670	128.050	827.400	83.020	9.540	0.000	0.000	9.540	83.020		
83.030	488.560	224.580	131.990	845.130	83.030	4.770	0.000	0.000	4.770	83.030		
83.040	492.500	226.550	131.990	851.040	83.040	1.590	0.000	0.000	1.590	83.040		
83.050					83.050	1.590	0.000	0.000	1.590	83.050		
83.060					83.060	0.000	0.000	0.000	0.000	83.060		
