timestamp, trial, HMD_x, HMD_y,HMD_z

# --- Trial 1 start ---
986.645,1,-39.8606,1.6858,-1.2367
986.705,1,-39.8616,1.6857,-1.2366
986.715,1,-39.8621,1.6857,-1.2366
986.729,1,-39.8627,1.6857,-1.2366
986.738,1,-39.8629,1.6857,-1.2366
986.747,1,-39.8632,1.6857,-1.2366
986.758,1,-39.8635,1.6857,-1.2366
986.771,1,-39.8640,1.6857,-1.2366
986.785,1,-39.8647,1.6856,-1.2365
986.797,1,-39.8653,1.6856,-1.2365
986.824,1,-39.8659,1.6857,-1.2365
986.854,1,-39.8665,1.6857,-1.2364
986.865,1,-39.8670,1.6858,-1.2364
986.886,1,-39.8676,1.6859,-1.2364
986.908,1,-39.8681,1.6859,-1.2364
986.931,1,-39.8688,1.6858,-1.2365
986.954,1,-39.8693,1.6857,-1.2365
986.976,1,-39.8698,1.6856,-1.2366
986.998,1,-39.8703,1.6855,-1.2366
987.021,1,-39.8708,1.6853,-1.2365
987.043,1,-39.8712,1.6854,-1.2365
987.066,1,-39.8712,1.6856,-1.2362
987.087,1,-39.8713,1.6859,-1.2358
987.110,1,-39.8711,1.6864,-1.2353
987.133,1,-39.8705,1.6869,-1.2346
987.156,1,-39.8695,1.6875,-1.2338
987.179,1,-39.8684,1.6878,-1.2329
987.201,1,-39.8673,1.6876,-1.2320
987.224,1,-39.8661,1.6871,-1.2310
987.247,1,-39.8649,1.6865,-1.2298
987.270,1,-39.8642,1.6860,-1.2290
987.286,1,-39.8636,1.6855,-1.2283
987.299,1,-39.8631,1.6852,-1.2276
987.307,1,-39.8627,1.6850,-1.2270
987.321,1,-39.8622,1.6847,-1.2262
987.333,1,-39.8618,1.6846,-1.2255
987.344,1,-39.8614,1.6845,-1.2248
987.356,1,-39.8609,1.6844,-1.2240
987.365,1,-39.8605,1.6843,-1.2232
987.378,1,-39.8601,1.6842,-1.2223
987.390,1,-39.8598,1.6840,-1.2214
987.398,1,-39.8593,1.6839,-1.2206
987.411,1,-39.8588,1.6839,-1.2198
987.420,1,-39.8584,1.6837,-1.2189
987.435,1,-39.8579,1.6836,-1.2181
987.447,1,-39.8574,1.6836,-1.2173
987.455,1,-39.8569,1.6836,-1.2166
987.467,1,-39.8563,1.6836,-1.2158
987.480,1,-39.8558,1.6835,-1.2150
987.488,1,-39.8552,1.6833,-1.2141
987.501,1,-39.8545,1.6833,-1.2134
987.513,1,-39.8536,1.6831,-1.2126
987.525,1,-39.8528,1.6827,-1.2119
987.536,1,-39.8519,1.6821,-1.2113
987.548,1,-39.8508,1.6817,-1.2108
987.561,1,-39.8495,1.6816,-1.2103
987.570,1,-39.8483,1.6818,-1.2099
987.582,1,-39.8469,1.6824,-1.2096
987.594,1,-39.8454,1.6828,-1.2094
987.605,1,-39.8441,1.6829,-1.2093
987.617,1,-39.8427,1.6829,-1.2091
987.630,1,-39.8414,1.6831,-1.2091
987.641,1,-39.8399,1.6834,-1.2092
987.652,1,-39.8385,1.6836,-1.2092
987.663,1,-39.8370,1.6838,-1.2094
987.675,1,-39.8356,1.6839,-1.2095
987.693,1,-39.8345,1.6838,-1.2100
987.709,1,-39.8335,1.6836,-1.2103
987.721,1,-39.8324,1.6835,-1.2106
987.732,1,-39.8314,1.6832,-1.2110
987.744,1,-39.8305,1.6828,-1.2112
987.753,1,-39.8294,1.6825,-1.2116
987.766,1,-39.8285,1.6822,-1.2119
987.777,1,-39.8276,1.6817,-1.2122
987.789,1,-39.8267,1.6812,-1.2125
987.801,1,-39.8259,1.6807,-1.2128
987.809,1,-39.8251,1.6802,-1.2132
987.823,1,-39.8244,1.6797,-1.2137
987.835,1,-39.8238,1.6792,-1.2141
987.846,1,-39.8233,1.6785,-1.2146
987.858,1,-39.8228,1.6779,-1.2151
987.867,1,-39.8222,1.6774,-1.2155
987.878,1,-39.8216,1.6768,-1.2161
987.890,1,-39.8210,1.6763,-1.2168
987.903,1,-39.8204,1.6759,-1.2176
987.913,1,-39.8198,1.6754,-1.2185
987.923,1,-39.8192,1.6749,-1.2194
987.935,1,-39.8184,1.6749,-1.2204
987.947,1,-39.8173,1.6765,-1.2215
987.959,1,-39.8159,1.6793,-1.2228
987.971,1,-39.8151,1.6812,-1.2238
987.982,1,-39.8141,1.6824,-1.2250
987.993,1,-39.8131,1.6829,-1.2262
988.005,1,-39.8122,1.6828,-1.2275
988.017,1,-39.8114,1.6824,-1.2288
988.028,1,-39.8104,1.6818,-1.2302
988.040,1,-39.8094,1.6815,-1.2314
988.051,1,-39.8083,1.6813,-1.2328
988.063,1,-39.8071,1.6810,-1.2342
988.075,1,-39.8060,1.6807,-1.2356
988.087,1,-39.8050,1.6802,-1.2370
988.099,1,-39.8040,1.6797,-1.2385
988.111,1,-39.8028,1.6793,-1.2400
988.119,1,-39.8016,1.6790,-1.2414
988.133,1,-39.8003,1.6788,-1.2429
988.144,1,-39.7988,1.6786,-1.2446
988.157,1,-39.7973,1.6787,-1.2461
988.166,1,-39.7958,1.6787,-1.2476
988.179,1,-39.7941,1.6787,-1.2492
988.188,1,-39.7924,1.6788,-1.2505
988.200,1,-39.7904,1.6789,-1.2521
988.212,1,-39.7883,1.6792,-1.2536
988.222,1,-39.7862,1.6794,-1.2551
988.234,1,-39.7841,1.6794,-1.2564
988.244,1,-39.7817,1.6794,-1.2579
988.257,1,-39.7791,1.6793,-1.2594
988.267,1,-39.7766,1.6791,-1.2608
988.279,1,-39.7739,1.6788,-1.2622
988.288,1,-39.7711,1.6784,-1.2635
988.301,1,-39.7683,1.6777,-1.2649
988.313,1,-39.7654,1.6770,-1.2662
988.323,1,-39.7624,1.6762,-1.2676
988.335,1,-39.7593,1.6750,-1.2689
988.349,1,-39.7561,1.6738,-1.2700
988.362,1,-39.7528,1.6730,-1.2713
988.373,1,-39.7495,1.6724,-1.2724
988.381,1,-39.7463,1.6718,-1.2735
988.394,1,-39.7429,1.6711,-1.2744
988.403,1,-39.7395,1.6703,-1.2753
988.416,1,-39.7360,1.6695,-1.2762
988.428,1,-39.7322,1.6688,-1.2768
988.441,1,-39.7285,1.6683,-1.2775
988.449,1,-39.7248,1.6679,-1.2782
988.462,1,-39.7208,1.6679,-1.2787
988.474,1,-39.7168,1.6678,-1.2792
988.487,1,-39.7127,1.6677,-1.2796
988.495,1,-39.7086,1.6674,-1.2801
988.509,1,-39.7045,1.6673,-1.2805
988.521,1,-39.7002,1.6670,-1.2809
988.533,1,-39.6957,1.6668,-1.2812
988.542,1,-39.6912,1.6666,-1.2816
988.554,1,-39.6866,1.6662,-1.2818
988.566,1,-39.6817,1.6657,-1.2820
988.578,1,-39.6768,1.6652,-1.2821
988.586,1,-39.6720,1.6646,-1.2822
988.599,1,-39.6669,1.6640,-1.2823
988.610,1,-39.6615,1.6633,-1.2823
988.622,1,-39.6561,1.6625,-1.2822
988.631,1,-39.6508,1.6617,-1.2822
988.646,1,-39.6451,1.6606,-1.2819
988.654,1,-39.6395,1.6597,-1.2818
988.667,1,-39.6337,1.6586,-1.2815
988.679,1,-39.6280,1.6576,-1.2812
988.687,1,-39.6219,1.6565,-1.2809
988.700,1,-39.6155,1.6554,-1.2804
988.712,1,-39.6090,1.6544,-1.2799
988.724,1,-39.6025,1.6535,-1.2792
988.736,1,-39.5958,1.6526,-1.2785
988.747,1,-39.5890,1.6518,-1.2777
988.760,1,-39.5821,1.6510,-1.2769
988.771,1,-39.5751,1.6503,-1.2760
988.782,1,-39.5681,1.6497,-1.2751
988.794,1,-39.5608,1.6491,-1.2740
988.806,1,-39.5535,1.6487,-1.2729
988.819,1,-39.5460,1.6487,-1.2717
988.831,1,-39.5385,1.6486,-1.2705
988.840,1,-39.5310,1.6487,-1.2692
988.852,1,-39.5233,1.6492,-1.2678
988.863,1,-39.5158,1.6500,-1.2666
988.875,1,-39.5079,1.6513,-1.2653
988.887,1,-39.5000,1.6529,-1.2639
988.898,1,-39.4920,1.6546,-1.2625
988.911,1,-39.4841,1.6564,-1.2611
988.922,1,-39.4764,1.6583,-1.2598
988.931,1,-39.4686,1.6602,-1.2586
988.944,1,-39.4610,1.6623,-1.2575
988.956,1,-39.4536,1.6641,-1.2564
988.965,1,-39.4461,1.6657,-1.2554
988.977,1,-39.4386,1.6673,-1.2545
988.989,1,-39.4314,1.6687,-1.2538
988.999,1,-39.4241,1.6700,-1.2530
989.012,1,-39.4168,1.6713,-1.2522
989.021,1,-39.4093,1.6726,-1.2515
989.033,1,-39.4016,1.6740,-1.2507
989.045,1,-39.3940,1.6753,-1.2500
989.058,1,-39.3862,1.6764,-1.2495
989.066,1,-39.3786,1.6777,-1.2487
989.080,1,-39.3713,1.6788,-1.2482
989.091,1,-39.3639,1.6799,-1.2476
989.103,1,-39.3566,1.6808,-1.2471
989.116,1,-39.3492,1.6813,-1.2466
989.125,1,-39.3419,1.6818,-1.2462
989.138,1,-39.3346,1.6820,-1.2457
989.149,1,-39.3272,1.6822,-1.2453
989.161,1,-39.3197,1.6824,-1.2452
989.173,1,-39.3122,1.6825,-1.2449
989.185,1,-39.3047,1.6825,-1.2445
989.196,1,-39.2971,1.6824,-1.2442
989.206,1,-39.2894,1.6822,-1.2440
989.219,1,-39.2814,1.6817,-1.2438
989.231,1,-39.2736,1.6812,-1.2436
989.243,1,-39.2658,1.6804,-1.2435
989.255,1,-39.2579,1.6795,-1.2434
989.263,1,-39.2499,1.6787,-1.2433
989.278,1,-39.2417,1.6775,-1.2433
989.287,1,-39.2338,1.6766,-1.2433
989.299,1,-39.2257,1.6751,-1.2433
989.311,1,-39.2174,1.6735,-1.2434
989.321,1,-39.2093,1.6718,-1.2434
989.333,1,-39.2010,1.6701,-1.2436
989.345,1,-39.1927,1.6683,-1.2439
989.357,1,-39.1844,1.6666,-1.2442
989.367,1,-39.1760,1.6650,-1.2445
989.376,1,-39.1677,1.6634,-1.2447
989.389,1,-39.1589,1.6626,-1.2455
989.401,1,-39.1500,1.6619,-1.2461
989.410,1,-39.1414,1.6612,-1.2467
989.423,1,-39.1324,1.6609,-1.2474
989.432,1,-39.1234,1.6606,-1.2480
989.445,1,-39.1143,1.6604,-1.2488
989.457,1,-39.1054,1.6605,-1.2496
989.467,1,-39.0963,1.6611,-1.2504
989.478,1,-39.0870,1.6625,-1.2514
989.487,1,-39.0776,1.6639,-1.2523
989.500,1,-39.0680,1.6655,-1.2533
989.511,1,-39.0584,1.6669,-1.2542
989.523,1,-39.0490,1.6686,-1.2550
989.534,1,-39.0394,1.6705,-1.2559
989.546,1,-39.0299,1.6723,-1.2567
989.557,1,-39.0203,1.6737,-1.2575
989.569,1,-39.0111,1.6750,-1.2583
989.580,1,-39.0018,1.6761,-1.2590
989.592,1,-38.9923,1.6771,-1.2596
989.604,1,-38.9830,1.6785,-1.2602
989.615,1,-38.9737,1.6800,-1.2606
989.627,1,-38.9645,1.6813,-1.2608
989.638,1,-38.9551,1.6825,-1.2612
989.650,1,-38.9459,1.6836,-1.2615
989.662,1,-38.9365,1.6851,-1.2617
989.674,1,-38.9274,1.6867,-1.2620
989.685,1,-38.9181,1.6884,-1.2621
989.696,1,-38.9088,1.6897,-1.2623
989.708,1,-38.8996,1.6907,-1.2624
989.720,1,-38.8905,1.6915,-1.2626
989.731,1,-38.8814,1.6919,-1.2628
989.743,1,-38.8724,1.6922,-1.2629
989.755,1,-38.8634,1.6922,-1.2630
989.765,1,-38.8541,1.6921,-1.2630
989.777,1,-38.8448,1.6918,-1.2630
989.789,1,-38.8355,1.6914,-1.2630
989.799,1,-38.8260,1.6908,-1.2630
989.810,1,-38.8167,1.6900,-1.2631
989.821,1,-38.8073,1.6889,-1.2629
989.833,1,-38.7978,1.6877,-1.2629
989.845,1,-38.7884,1.6863,-1.2628
989.856,1,-38.7788,1.6847,-1.2627
989.867,1,-38.7689,1.6829,-1.2627
989.878,1,-38.7590,1.6810,-1.2626
989.889,1,-38.7491,1.6789,-1.2625
989.902,1,-38.7390,1.6768,-1.2623
989.914,1,-38.7290,1.6748,-1.2621
989.926,1,-38.7188,1.6729,-1.2619
989.937,1,-38.7086,1.6710,-1.2617
989.948,1,-38.6982,1.6692,-1.2614
989.961,1,-38.6876,1.6676,-1.2612
989.971,1,-38.6770,1.6664,-1.2609
989.982,1,-38.6664,1.6653,-1.2606
989.994,1,-38.6559,1.6643,-1.2601
990.007,1,-38.6454,1.6635,-1.2596
990.018,1,-38.6348,1.6629,-1.2591
990.029,1,-38.6241,1.6630,-1.2586
990.041,1,-38.6133,1.6637,-1.2580
990.052,1,-38.6024,1.6649,-1.2574
990.064,1,-38.5917,1.6661,-1.2567
990.075,1,-38.5811,1.6672,-1.2562
990.087,1,-38.5707,1.6688,-1.2557
990.098,1,-38.5604,1.6706,-1.2553
990.110,1,-38.5502,1.6725,-1.2551
990.120,1,-38.5401,1.6744,-1.2548
990.132,1,-38.5302,1.6762,-1.2546
990.143,1,-38.5203,1.6776,-1.2546
990.155,1,-38.5105,1.6788,-1.2546
990.166,1,-38.5011,1.6800,-1.2547
990.177,1,-38.4916,1.6809,-1.2549
990.189,1,-38.4821,1.6823,-1.2552
990.200,1,-38.4726,1.6839,-1.2556
990.211,1,-38.4632,1.6855,-1.2560
990.222,1,-38.4535,1.6869,-1.2565
990.234,1,-38.4443,1.6882,-1.2569
990.246,1,-38.4352,1.6897,-1.2573
990.257,1,-38.4261,1.6911,-1.2577
990.267,1,-38.4168,1.6927,-1.2581
990.277,1,-38.4074,1.6940,-1.2586
990.290,1,-38.3980,1.6954,-1.2591
990.301,1,-38.3888,1.6964,-1.2595
990.313,1,-38.3794,1.6973,-1.2600
990.325,1,-38.3700,1.6981,-1.2604
990.336,1,-38.3605,1.6986,-1.2608
990.347,1,-38.3509,1.6990,-1.2612
990.359,1,-38.3412,1.6992,-1.2617
990.371,1,-38.3315,1.6991,-1.2622
990.386,1,-38.3219,1.6987,-1.2628
990.400,1,-38.3118,1.6980,-1.2632
990.409,1,-38.3024,1.6973,-1.2637
990.418,1,-38.2926,1.6965,-1.2642
990.429,1,-38.2829,1.6952,-1.2647
990.441,1,-38.2734,1.6938,-1.2654
990.451,1,-38.2634,1.6923,-1.2660
990.463,1,-38.2535,1.6904,-1.2666
990.474,1,-38.2436,1.6883,-1.2673
990.485,1,-38.2336,1.6862,-1.2680
990.497,1,-38.2237,1.6840,-1.2687
990.508,1,-38.2137,1.6820,-1.2695
990.520,1,-38.2034,1.6802,-1.2704
990.531,1,-38.1932,1.6784,-1.2714
990.542,1,-38.1827,1.6768,-1.2725
990.554,1,-38.1723,1.6754,-1.2736
990.565,1,-38.1620,1.6744,-1.2747
990.576,1,-38.1514,1.6737,-1.2759
990.587,1,-38.1407,1.6731,-1.2773
990.599,1,-38.1301,1.6730,-1.2786
990.610,1,-38.1194,1.6734,-1.2802
990.621,1,-38.1087,1.6743,-1.2818
990.632,1,-38.0979,1.6757,-1.2835
990.644,1,-38.0872,1.6777,-1.2853
990.654,1,-38.0765,1.6794,-1.2869
990.666,1,-38.0658,1.6815,-1.2887
990.676,1,-38.0551,1.6838,-1.2904
990.688,1,-38.0443,1.6855,-1.2921
990.699,1,-38.0341,1.6867,-1.2936
990.710,1,-38.0241,1.6872,-1.2949
990.721,1,-38.0143,1.6876,-1.2961
990.733,1,-38.0047,1.6880,-1.2973
990.743,1,-37.9952,1.6887,-1.2984
990.755,1,-37.9855,1.6896,-1.2996
990.766,1,-37.9755,1.6906,-1.3007
990.777,1,-37.9655,1.6917,-1.3019
990.789,1,-37.9555,1.6929,-1.3032
990.800,1,-37.9454,1.6942,-1.3044
990.812,1,-37.9355,1.6960,-1.3054
990.823,1,-37.9255,1.6977,-1.3064
990.836,1,-37.9155,1.6993,-1.3074
990.848,1,-37.9054,1.7006,-1.3083
990.858,1,-37.8955,1.7017,-1.3093
990.871,1,-37.8855,1.7024,-1.3102
990.882,1,-37.8756,1.7030,-1.3110
990.893,1,-37.8655,1.7033,-1.3119
990.905,1,-37.8555,1.7034,-1.3127
990.917,1,-37.8454,1.7035,-1.3136
990.929,1,-37.8352,1.7033,-1.3143
990.940,1,-37.8250,1.7030,-1.3150
990.952,1,-37.8147,1.7025,-1.3157
990.963,1,-37.8044,1.7017,-1.3163
990.975,1,-37.7942,1.7006,-1.3169
990.987,1,-37.7839,1.6994,-1.3175
990.998,1,-37.7738,1.6980,-1.3180
991.011,1,-37.7636,1.6961,-1.3184
991.023,1,-37.7535,1.6940,-1.3186
991.032,1,-37.7434,1.6920,-1.3189
991.042,1,-37.7335,1.6899,-1.3191
991.054,1,-37.7235,1.6875,-1.3193
991.066,1,-37.7135,1.6851,-1.3194
991.077,1,-37.7035,1.6829,-1.3195
991.088,1,-37.6933,1.6809,-1.3194
991.100,1,-37.6830,1.6791,-1.3194
991.112,1,-37.6726,1.6778,-1.3194
991.121,1,-37.6622,1.6766,-1.3192
991.134,1,-37.6516,1.6761,-1.3190
991.142,1,-37.6410,1.6753,-1.3189
991.156,1,-37.6305,1.6750,-1.3187
991.167,1,-37.6199,1.6752,-1.3186
991.176,1,-37.6093,1.6755,-1.3184
991.188,1,-37.5986,1.6769,-1.3181
991.200,1,-37.5879,1.6785,-1.3177
991.211,1,-37.5774,1.6801,-1.3173
991.223,1,-37.5670,1.6815,-1.3169
991.234,1,-37.5567,1.6831,-1.3165
991.245,1,-37.5460,1.6851,-1.3163
991.256,1,-37.5355,1.6875,-1.3161
991.267,1,-37.5250,1.6898,-1.3160
991.279,1,-37.5147,1.6917,-1.3159
991.291,1,-37.5045,1.6931,-1.3160
991.302,1,-37.4945,1.6941,-1.3163
991.313,1,-37.4845,1.6950,-1.3166
991.325,1,-37.4744,1.6963,-1.3172
991.337,1,-37.4645,1.6980,-1.3176
991.348,1,-37.4545,1.6998,-1.3180
991.360,1,-37.4446,1.7012,-1.3186
991.371,1,-37.4347,1.7025,-1.3191
991.382,1,-37.4250,1.7037,-1.3197
991.395,1,-37.4152,1.7052,-1.3203
991.406,1,-37.4056,1.7067,-1.3208
991.418,1,-37.3959,1.7081,-1.3214
991.430,1,-37.3863,1.7093,-1.3219
991.441,1,-37.3768,1.7102,-1.3225
991.452,1,-37.3672,1.7109,-1.3231
991.464,1,-37.3576,1.7113,-1.3238
991.476,1,-37.3481,1.7116,-1.3243
991.487,1,-37.3386,1.7118,-1.3249
991.498,1,-37.3291,1.7117,-1.3254
991.510,1,-37.3196,1.7114,-1.3260
991.519,1,-37.3101,1.7110,-1.3266
991.532,1,-37.3005,1.7103,-1.3273
991.544,1,-37.2911,1.7094,-1.3280
991.553,1,-37.2817,1.7085,-1.3286
991.566,1,-37.2720,1.7074,-1.3294
991.577,1,-37.2625,1.7062,-1.3300
991.589,1,-37.2529,1.7047,-1.3307
991.599,1,-37.2433,1.7031,-1.3314
991.610,1,-37.2337,1.7013,-1.3322
991.621,1,-37.2241,1.6990,-1.3330
991.632,1,-37.2144,1.6970,-1.3338
991.643,1,-37.2048,1.6951,-1.3348
991.656,1,-37.1951,1.6932,-1.3358
991.667,1,-37.1853,1.6914,-1.3369
991.676,1,-37.1757,1.6898,-1.3379
991.689,1,-37.1654,1.6885,-1.3392
991.700,1,-37.1556,1.6874,-1.3404
991.711,1,-37.1452,1.6866,-1.3418
991.722,1,-37.1348,1.6862,-1.3433
991.734,1,-37.1242,1.6859,-1.3449
991.746,1,-37.1138,1.6858,-1.3466
991.757,1,-37.1032,1.6865,-1.3483
991.769,1,-37.0927,1.6877,-1.3502
991.780,1,-37.0822,1.6888,-1.3522
991.792,1,-37.0718,1.6901,-1.3542
991.803,1,-37.0614,1.6918,-1.3561
991.816,1,-37.0510,1.6940,-1.3582
991.827,1,-37.0407,1.6959,-1.3601
991.839,1,-37.0306,1.6976,-1.3619
991.850,1,-37.0205,1.6990,-1.3637
991.862,1,-37.0106,1.7001,-1.3653
991.874,1,-37.0009,1.7009,-1.3668
991.885,1,-36.9912,1.7017,-1.3683
991.897,1,-36.9821,1.7027,-1.3696
991.908,1,-36.9727,1.7038,-1.3709
991.919,1,-36.9633,1.7051,-1.3721
991.931,1,-36.9540,1.7063,-1.3735
991.944,1,-36.9449,1.7076,-1.3749
991.956,1,-36.9357,1.7091,-1.3761
991.964,1,-36.9264,1.7106,-1.3774
991.975,1,-36.9172,1.7123,-1.3786
991.987,1,-36.9081,1.7137,-1.3797
991.999,1,-36.8991,1.7149,-1.3807
992.010,1,-36.8902,1.7158,-1.3818
992.021,1,-36.8812,1.7167,-1.3829
992.032,1,-36.8719,1.7173,-1.3840
992.042,1,-36.8627,1.7178,-1.3851
992.055,1,-36.8535,1.7179,-1.3861
992.066,1,-36.8443,1.7180,-1.3871
992.074,1,-36.8350,1.7182,-1.3882
992.087,1,-36.8256,1.7179,-1.3892
992.099,1,-36.8158,1.7175,-1.3902
992.110,1,-36.8059,1.7168,-1.3910
992.122,1,-36.7961,1.7161,-1.3918
992.133,1,-36.7862,1.7149,-1.3925
992.145,1,-36.7763,1.7137,-1.3932
992.157,1,-36.7663,1.7124,-1.3939
992.168,1,-36.7563,1.7107,-1.3945
992.179,1,-36.7464,1.7089,-1.3950
992.191,1,-36.7364,1.7068,-1.3954
992.203,1,-36.7265,1.7047,-1.3957
992.214,1,-36.7164,1.7025,-1.3959
992.226,1,-36.7064,1.7006,-1.3961
992.239,1,-36.6961,1.6989,-1.3963
992.249,1,-36.6859,1.6975,-1.3964
992.261,1,-36.6755,1.6962,-1.3965
992.272,1,-36.6650,1.6954,-1.3964
992.285,1,-36.6545,1.6945,-1.3963
992.296,1,-36.6442,1.6936,-1.3961
992.307,1,-36.6339,1.6928,-1.3960
992.319,1,-36.6236,1.6927,-1.3957
992.331,1,-36.6133,1.6932,-1.3955
992.342,1,-36.6031,1.6943,-1.3953
992.354,1,-36.5932,1.6950,-1.3950
992.365,1,-36.5835,1.6959,-1.3947
992.376,1,-36.5738,1.6972,-1.3945
992.385,1,-36.5640,1.6984,-1.3943
992.398,1,-36.5544,1.7000,-1.3943
992.413,1,-36.5450,1.7019,-1.3943
992.425,1,-36.5359,1.7033,-1.3944
992.434,1,-36.5268,1.7045,-1.3946
992.444,1,-36.5177,1.7055,-1.3948
992.452,1,-36.5087,1.7065,-1.3951
992.464,1,-36.5000,1.7078,-1.3956
992.476,1,-36.4910,1.7092,-1.3960
992.487,1,-36.4819,1.7109,-1.3966
992.498,1,-36.4730,1.7124,-1.3971
992.510,1,-36.4643,1.7137,-1.3978
992.521,1,-36.4556,1.7149,-1.3984
992.532,1,-36.4469,1.7163,-1.3991
992.544,1,-36.4382,1.7179,-1.3999
992.553,1,-36.4295,1.7194,-1.4006
992.566,1,-36.4209,1.7209,-1.4014
992.578,1,-36.4125,1.7220,-1.4021
992.587,1,-36.4038,1.7229,-1.4030
992.599,1,-36.3951,1.7236,-1.4038
992.610,1,-36.3864,1.7242,-1.4046
992.622,1,-36.3775,1.7246,-1.4058
992.633,1,-36.3688,1.7250,-1.4066
992.645,1,-36.3601,1.7253,-1.4076
992.657,1,-36.3514,1.7252,-1.4086
992.668,1,-36.3426,1.7249,-1.4096
992.680,1,-36.3338,1.7245,-1.4107
992.692,1,-36.3250,1.7240,-1.4118
992.703,1,-36.3162,1.7234,-1.4129
992.715,1,-36.3074,1.7226,-1.4141
992.726,1,-36.2986,1.7217,-1.4153
992.738,1,-36.2898,1.7207,-1.4165
992.750,1,-36.2811,1.7193,-1.4178
992.761,1,-36.2724,1.7179,-1.4191
992.773,1,-36.2637,1.7162,-1.4205
992.784,1,-36.2549,1.7147,-1.4220
992.796,1,-36.2462,1.7133,-1.4236
992.807,1,-36.2374,1.7119,-1.4252
992.819,1,-36.2287,1.7106,-1.4269
992.830,1,-36.2202,1.7093,-1.4287
992.842,1,-36.2114,1.7081,-1.4306
992.853,1,-36.2027,1.7072,-1.4326
992.864,1,-36.1941,1.7066,-1.4345
992.877,1,-36.1855,1.7060,-1.4365
992.889,1,-36.1771,1.7059,-1.4385
992.897,1,-36.1685,1.7058,-1.4406
992.909,1,-36.1601,1.7063,-1.4427
992.920,1,-36.1517,1.7072,-1.4449
992.932,1,-36.1434,1.7083,-1.4471
992.943,1,-36.1350,1.7095,-1.4493
992.954,1,-36.1266,1.7108,-1.4515
992.965,1,-36.1184,1.7123,-1.4536
992.977,1,-36.1102,1.7137,-1.4557
992.989,1,-36.1021,1.7150,-1.4576
992.999,1,-36.0941,1.7162,-1.4595
993.015,1,-36.0865,1.7173,-1.4612
993.027,1,-36.0788,1.7181,-1.4629
993.042,1,-36.0637,1.7201,-1.4653
993.057,1,-36.0560,1.7214,-1.4670
993.070,1,-36.0484,1.7227,-1.4686
993.082,1,-36.0408,1.7239,-1.4702
993.094,1,-36.0331,1.7251,-1.4717
993.106,1,-36.0255,1.7264,-1.4731
993.119,1,-36.0101,1.7289,-1.4760
993.132,1,-35.9949,1.7313,-1.4785
993.144,1,-35.9874,1.7322,-1.4795
993.179,1,-35.9800,1.7319,-1.4802
993.189,1,-35.9580,1.7337,-1.4835
993.201,1,-35.9504,1.7338,-1.4844
993.215,1,-35.9428,1.7338,-1.4852
993.223,1,-35.9352,1.7338,-1.4861
993.237,1,-35.9276,1.7336,-1.4867
993.248,1,-35.9200,1.7333,-1.4874
993.257,1,-35.9122,1.7330,-1.4881
993.270,1,-35.9045,1.7324,-1.4886
993.282,1,-35.8968,1.7317,-1.4890
993.291,1,-35.8891,1.7310,-1.4896
993.303,1,-35.8815,1.7299,-1.4898
993.316,1,-35.8737,1.7286,-1.4900
993.325,1,-35.8660,1.7274,-1.4904
993.338,1,-35.8584,1.7257,-1.4905
993.349,1,-35.8509,1.7242,-1.4907
993.362,1,-35.8431,1.7229,-1.4909
993.374,1,-35.8354,1.7216,-1.4909
993.383,1,-35.8277,1.7204,-1.4910
993.394,1,-35.8198,1.7194,-1.4909
993.402,1,-35.8121,1.7185,-1.4909
993.416,1,-35.8042,1.7178,-1.4908
993.424,1,-35.7963,1.7171,-1.4907
993.437,1,-35.7884,1.7165,-1.4904
993.446,1,-35.7804,1.7158,-1.4901
993.460,1,-35.7724,1.7150,-1.4897
993.469,1,-35.7645,1.7144,-1.4894
993.482,1,-35.7564,1.7145,-1.4889
993.490,1,-35.7485,1.7146,-1.4885
993.505,1,-35.7405,1.7154,-1.4881
993.517,1,-35.7326,1.7157,-1.4877
993.528,1,-35.7249,1.7160,-1.4872
993.537,1,-35.7173,1.7162,-1.4867
993.548,1,-35.7097,1.7168,-1.4862
993.561,1,-35.7021,1.7177,-1.4858
993.569,1,-35.6944,1.7188,-1.4853
993.584,1,-35.6867,1.7208,-1.4848
993.592,1,-35.6791,1.7223,-1.4844
993.606,1,-35.6715,1.7235,-1.4840
993.615,1,-35.6641,1.7243,-1.4837
993.629,1,-35.6570,1.7245,-1.4836
993.638,1,-35.6498,1.7251,-1.4836
993.652,1,-35.6429,1.7255,-1.4838
993.660,1,-35.6359,1.7260,-1.4840
993.675,1,-35.6292,1.7265,-1.4844
993.683,1,-35.6223,1.7272,-1.4844
993.697,1,-35.6157,1.7281,-1.4847
993.705,1,-35.6089,1.7290,-1.4847
993.720,1,-35.6022,1.7305,-1.4847
993.728,1,-35.5955,1.7318,-1.4847
993.741,1,-35.5889,1.7332,-1.4847
993.749,1,-35.5823,1.7344,-1.4847
993.764,1,-35.5759,1.7357,-1.4849
993.772,1,-35.5695,1.7367,-1.4851
993.787,1,-35.5634,1.7377,-1.4853
993.795,1,-35.5572,1.7385,-1.4854
993.809,1,-35.5510,1.7393,-1.4855
993.818,1,-35.5447,1.7401,-1.4858
993.833,1,-35.5387,1.7406,-1.4861
993.843,1,-35.5325,1.7412,-1.4863
993.852,1,-35.5264,1.7416,-1.4866
993.868,1,-35.5205,1.7418,-1.4869
993.875,1,-35.5145,1.7421,-1.4871
993.891,1,-35.5088,1.7420,-1.4875
993.899,1,-35.5032,1.7419,-1.4877
993.914,1,-35.4976,1.7416,-1.4883
993.922,1,-35.4922,1.7413,-1.4887
993.937,1,-35.4868,1.7407,-1.4893
993.945,1,-35.4814,1.7403,-1.4897
993.962,1,-35.4760,1.7396,-1.4903
993.969,1,-35.4708,1.7390,-1.4909
993.984,1,-35.4656,1.7383,-1.4917
993.992,1,-35.4606,1.7378,-1.4924
994.007,1,-35.4556,1.7375,-1.4931
994.015,1,-35.4504,1.7374,-1.4939
994.030,1,-35.4454,1.7373,-1.4947
994.039,1,-35.4404,1.7371,-1.4955
994.054,1,-35.4356,1.7368,-1.4965
994.062,1,-35.4306,1.7365,-1.4973
994.077,1,-35.4259,1.7363,-1.4983
994.085,1,-35.4211,1.7364,-1.4996
994.101,1,-35.4164,1.7373,-1.5007
994.109,1,-35.4116,1.7383,-1.5019
994.124,1,-35.4067,1.7401,-1.5029
994.133,1,-35.4018,1.7411,-1.5038
994.148,1,-35.3971,1.7414,-1.5046
994.157,1,-35.3924,1.7415,-1.5056
994.173,1,-35.3833,1.7414,-1.5069
994.182,1,-35.3790,1.7410,-1.5074
994.198,1,-35.3751,1.7403,-1.5078
994.206,1,-35.3710,1.7399,-1.5084
994.223,1,-35.3677,1.7391,-1.5086
994.231,1,-35.3641,1.7387,-1.5090
994.247,1,-35.3609,1.7381,-1.5095
994.256,1,-35.3578,1.7378,-1.5102
994.273,1,-35.3549,1.7373,-1.5107
994.282,1,-35.3483,1.7367,-1.5115
994.299,1,-35.3456,1.7367,-1.5119
994.308,1,-35.3427,1.7367,-1.5121
994.325,1,-35.3371,1.7367,-1.5127
994.333,1,-35.3317,1.7368,-1.5130
994.356,1,-35.3266,1.7374,-1.5132
994.376,1,-35.3218,1.7379,-1.5131
994.400,1,-35.3175,1.7384,-1.5132
994.422,1,-35.3135,1.7387,-1.5131
994.446,1,-35.3099,1.7390,-1.5129
994.468,1,-35.3065,1.7394,-1.5122
994.491,1,-35.3034,1.7402,-1.5117
994.513,1,-35.3006,1.7406,-1.5114
994.536,1,-35.2981,1.7413,-1.5107
994.559,1,-35.2955,1.7422,-1.5101
994.582,1,-35.2930,1.7430,-1.5095
994.604,1,-35.2905,1.7451,-1.5092
994.627,1,-35.2881,1.7453,-1.5086
994.649,1,-35.2860,1.7444,-1.5081
994.672,1,-35.2838,1.7445,-1.5078
994.695,1,-35.2820,1.7443,-1.5072
994.717,1,-35.2804,1.7447,-1.5068
994.739,1,-35.2786,1.7452,-1.5063
994.761,1,-35.2773,1.7455,-1.5055
994.797,1,-35.2761,1.7466,-1.5049
994.806,1,-35.2745,1.7470,-1.5044
994.823,1,-35.2728,1.7475,-1.5037
994.847,1,-35.2711,1.7475,-1.5034
994.869,1,-35.2693,1.7476,-1.5030
994.894,1,-35.2676,1.7474,-1.5027
994.914,1,-35.2660,1.7473,-1.5020
994.937,1,-35.2645,1.7472,-1.5012
994.959,1,-35.2629,1.7471,-1.5003
994.981,1,-35.2614,1.7470,-1.4996
995.002,1,-35.2599,1.7468,-1.4992
995.025,1,-35.2583,1.7468,-1.4988
995.048,1,-35.2568,1.7467,-1.4983
995.071,1,-35.2553,1.7464,-1.4978
995.093,1,-35.2541,1.7461,-1.4980
995.115,1,-35.2529,1.7457,-1.4979

# --- Trial 2 start ---
1003.982,2,-39.7067,1.6873,-1.2396
1004.040,2,-39.7064,1.6871,-1.2371
1004.051,2,-39.7065,1.6871,-1.2359
1004.065,2,-39.7065,1.6871,-1.2346
1004.073,2,-39.7063,1.6871,-1.2340
1004.091,2,-39.7062,1.6869,-1.2334
1004.099,2,-39.7061,1.6869,-1.2328
1004.117,2,-39.7061,1.6868,-1.2316
1004.131,2,-39.7060,1.6868,-1.2304
1004.150,2,-39.7058,1.6867,-1.2292
1004.163,2,-39.7054,1.6867,-1.2280
1004.184,2,-39.7049,1.6868,-1.2268
1004.206,2,-39.7042,1.6870,-1.2256
1004.228,2,-39.7032,1.6872,-1.2245
1004.251,2,-39.7021,1.6873,-1.2233
1004.273,2,-39.7008,1.6868,-1.2221
1004.295,2,-39.6994,1.6856,-1.2210
1004.317,2,-39.6975,1.6839,-1.2201
1004.339,2,-39.6951,1.6840,-1.2198
1004.361,2,-39.6925,1.6845,-1.2197
1004.383,2,-39.6903,1.6841,-1.2194
1004.406,2,-39.6872,1.6843,-1.2201
1004.428,2,-39.6843,1.6849,-1.2205
1004.450,2,-39.6808,1.6860,-1.2212
1004.473,2,-39.6768,1.6868,-1.2218
1004.495,2,-39.6728,1.6870,-1.2226
1004.518,2,-39.6685,1.6866,-1.2236
1004.541,2,-39.6641,1.6857,-1.2247
1004.563,2,-39.6598,1.6844,-1.2257
1004.585,2,-39.6552,1.6828,-1.2268
1004.607,2,-39.6528,1.6816,-1.2275
1004.623,2,-39.6504,1.6807,-1.2282
1004.635,2,-39.6481,1.6798,-1.2289
1004.646,2,-39.6458,1.6790,-1.2297
1004.657,2,-39.6436,1.6782,-1.2306
1004.669,2,-39.6413,1.6772,-1.2315
1004.680,2,-39.6391,1.6761,-1.2324
1004.691,2,-39.6368,1.6750,-1.2334
1004.703,2,-39.6346,1.6737,-1.2344
1004.714,2,-39.6323,1.6723,-1.2355
1004.727,2,-39.6302,1.6716,-1.2367
1004.738,2,-39.6274,1.6734,-1.2380
1004.746,2,-39.6242,1.6759,-1.2395
1004.761,2,-39.6206,1.6799,-1.2412
1004.769,2,-39.6175,1.6815,-1.2426
1004.782,2,-39.6141,1.6822,-1.2442
1004.795,2,-39.6111,1.6815,-1.2457
1004.804,2,-39.6079,1.6808,-1.2473
1004.818,2,-39.6047,1.6793,-1.2488
1004.830,2,-39.6019,1.6787,-1.2501
1004.838,2,-39.5989,1.6786,-1.2515
1004.851,2,-39.5959,1.6782,-1.2528
1004.863,2,-39.5930,1.6774,-1.2542
1004.872,2,-39.5900,1.6762,-1.2556
1004.886,2,-39.5870,1.6749,-1.2569
1004.898,2,-39.5841,1.6740,-1.2582
1004.909,2,-39.5811,1.6736,-1.2596
1004.922,2,-39.5777,1.6735,-1.2610
1004.930,2,-39.5742,1.6736,-1.2624
1004.943,2,-39.5708,1.6737,-1.2640
1004.956,2,-39.5675,1.6732,-1.2653
1004.965,2,-39.5642,1.6726,-1.2666
1004.978,2,-39.5607,1.6719,-1.2679
1004.990,2,-39.5571,1.6716,-1.2690
1004.998,2,-39.5533,1.6711,-1.2702
1005.013,2,-39.5492,1.6704,-1.2710
1005.031,2,-39.5448,1.6698,-1.2720
1005.047,2,-39.5403,1.6694,-1.2730
1005.059,2,-39.5360,1.6689,-1.2740
1005.070,2,-39.5315,1.6686,-1.2751
1005.080,2,-39.5270,1.6683,-1.2760
1005.092,2,-39.5222,1.6681,-1.2770
1005.101,2,-39.5175,1.6678,-1.2779
1005.114,2,-39.5125,1.6675,-1.2787
1005.126,2,-39.5074,1.6671,-1.2794
1005.134,2,-39.5025,1.6666,-1.2802
1005.148,2,-39.4972,1.6662,-1.2808
1005.156,2,-39.4919,1.6658,-1.2815
1005.169,2,-39.4864,1.6654,-1.2820
1005.181,2,-39.4810,1.6649,-1.2824
1005.192,2,-39.4753,1.6643,-1.2828
1005.202,2,-39.4696,1.6636,-1.2831
1005.215,2,-39.4638,1.6628,-1.2833
1005.226,2,-39.4577,1.6621,-1.2836
1005.235,2,-39.4518,1.6615,-1.2838
1005.248,2,-39.4454,1.6607,-1.2839
1005.259,2,-39.4390,1.6598,-1.2840
1005.268,2,-39.4328,1.6590,-1.2841
1005.281,2,-39.4260,1.6579,-1.2840
1005.293,2,-39.4193,1.6568,-1.2839
1005.304,2,-39.4123,1.6554,-1.2838
1005.315,2,-39.4053,1.6543,-1.2836
1005.327,2,-39.3981,1.6531,-1.2834
1005.336,2,-39.3910,1.6519,-1.2831
1005.348,2,-39.3834,1.6507,-1.2828
1005.361,2,-39.3760,1.6495,-1.2824
1005.372,2,-39.3684,1.6484,-1.2819
1005.383,2,-39.3606,1.6475,-1.2814
1005.395,2,-39.3527,1.6469,-1.2808
1005.406,2,-39.3445,1.6465,-1.2803
1005.415,2,-39.3364,1.6462,-1.2796
1005.429,2,-39.3282,1.6466,-1.2788
1005.441,2,-39.3196,1.6475,-1.2783
1005.452,2,-39.3113,1.6488,-1.2777
1005.463,2,-39.3025,1.6504,-1.2773
1005.475,2,-39.2939,1.6527,-1.2769
1005.487,2,-39.2851,1.6551,-1.2765
1005.498,2,-39.2765,1.6576,-1.2762
1005.510,2,-39.2680,1.6600,-1.2757
1005.521,2,-39.2597,1.6625,-1.2754
1005.533,2,-39.2515,1.6646,-1.2753
1005.545,2,-39.2437,1.6663,-1.2753
1005.556,2,-39.2358,1.6676,-1.2754
1005.567,2,-39.2277,1.6687,-1.2755
1005.579,2,-39.2200,1.6697,-1.2755
1005.590,2,-39.2123,1.6707,-1.2756
1005.602,2,-39.2045,1.6720,-1.2757
1005.612,2,-39.1971,1.6731,-1.2757
1005.624,2,-39.1896,1.6741,-1.2757
1005.636,2,-39.1821,1.6750,-1.2758
1005.648,2,-39.1747,1.6758,-1.2759
1005.659,2,-39.1674,1.6766,-1.2760
1005.670,2,-39.1604,1.6773,-1.2759
1005.682,2,-39.1531,1.6779,-1.2760
1005.692,2,-39.1459,1.6783,-1.2761
1005.703,2,-39.1387,1.6787,-1.2763
1005.715,2,-39.1313,1.6792,-1.2765
1005.726,2,-39.1239,1.6795,-1.2768
1005.737,2,-39.1166,1.6797,-1.2770
1005.749,2,-39.1090,1.6796,-1.2772
1005.760,2,-39.1012,1.6796,-1.2775
1005.771,2,-39.0935,1.6795,-1.2778
1005.783,2,-39.0856,1.6791,-1.2783
1005.794,2,-39.0775,1.6788,-1.2787
1005.805,2,-39.0693,1.6782,-1.2793
1005.817,2,-39.0612,1.6775,-1.2797
1005.829,2,-39.0531,1.6766,-1.2801
1005.840,2,-39.0447,1.6757,-1.2806
1005.852,2,-39.0364,1.6748,-1.2812
1005.864,2,-39.0277,1.6736,-1.2819
1005.875,2,-39.0191,1.6720,-1.2824
1005.887,2,-39.0105,1.6702,-1.2830
1005.899,2,-39.0015,1.6682,-1.2836
1005.910,2,-38.9928,1.6662,-1.2841
1005.922,2,-38.9838,1.6643,-1.2848
1005.934,2,-38.9748,1.6625,-1.2856
1005.945,2,-38.9655,1.6611,-1.2866
1005.956,2,-38.9561,1.6599,-1.2875
1005.968,2,-38.9466,1.6590,-1.2885
1005.979,2,-38.9372,1.6583,-1.2894
1005.991,2,-38.9275,1.6579,-1.2906
1006.002,2,-38.9179,1.6576,-1.2917
1006.013,2,-38.9082,1.6575,-1.2930
1006.024,2,-38.8985,1.6580,-1.2944
1006.036,2,-38.8886,1.6591,-1.2958
1006.047,2,-38.8788,1.6604,-1.2972
1006.059,2,-38.8689,1.6618,-1.2986
1006.069,2,-38.8589,1.6634,-1.2998
1006.082,2,-38.8487,1.6656,-1.3011
1006.092,2,-38.8386,1.6678,-1.3023
1006.105,2,-38.8284,1.6700,-1.3035
1006.116,2,-38.8185,1.6718,-1.3045
1006.128,2,-38.8088,1.6734,-1.3054
1006.140,2,-38.7992,1.6749,-1.3063
1006.152,2,-38.7901,1.6760,-1.3070
1006.163,2,-38.7806,1.6772,-1.3076
1006.174,2,-38.7716,1.6785,-1.3081
1006.186,2,-38.7621,1.6797,-1.3087
1006.197,2,-38.7529,1.6811,-1.3092
1006.209,2,-38.7436,1.6826,-1.3097
1006.220,2,-38.7342,1.6842,-1.3102
1006.231,2,-38.7251,1.6860,-1.3105
1006.243,2,-38.7157,1.6878,-1.3109
1006.255,2,-38.7064,1.6894,-1.3112
1006.267,2,-38.6972,1.6907,-1.3116
1006.279,2,-38.6883,1.6917,-1.3118
1006.290,2,-38.6793,1.6927,-1.3120
1006.300,2,-38.6701,1.6933,-1.3123
1006.312,2,-38.6612,1.6937,-1.3124
1006.323,2,-38.6518,1.6937,-1.3126
1006.334,2,-38.6425,1.6936,-1.3128
1006.347,2,-38.6330,1.6931,-1.3130
1006.357,2,-38.6237,1.6927,-1.3131
1006.369,2,-38.6143,1.6918,-1.3132
1006.378,2,-38.6050,1.6911,-1.3133
1006.390,2,-38.5957,1.6898,-1.3133
1006.402,2,-38.5862,1.6883,-1.3133
1006.414,2,-38.5767,1.6868,-1.3133
1006.424,2,-38.5668,1.6852,-1.3133
1006.434,2,-38.5572,1.6833,-1.3132
1006.446,2,-38.5478,1.6810,-1.3129
1006.458,2,-38.5383,1.6786,-1.3125
1006.469,2,-38.5288,1.6763,-1.3121
1006.480,2,-38.5189,1.6740,-1.3118
1006.492,2,-38.5092,1.6717,-1.3114
1006.503,2,-38.4990,1.6695,-1.3110
1006.514,2,-38.4888,1.6678,-1.3104
1006.525,2,-38.4786,1.6664,-1.3098
1006.537,2,-38.4681,1.6654,-1.3092
1006.548,2,-38.4578,1.6645,-1.3084
1006.561,2,-38.4474,1.6637,-1.3076
1006.573,2,-38.4370,1.6633,-1.3069
1006.581,2,-38.4262,1.6629,-1.3062
1006.593,2,-38.4150,1.6638,-1.3054
1006.604,2,-38.4038,1.6650,-1.3045
1006.616,2,-38.3924,1.6668,-1.3034
1006.627,2,-38.3812,1.6681,-1.3023
1006.639,2,-38.3701,1.6699,-1.3012
1006.650,2,-38.3590,1.6719,-1.3002
1006.663,2,-38.3480,1.6748,-1.2994
1006.674,2,-38.3370,1.6776,-1.2986
1006.685,2,-38.3263,1.6804,-1.2978
1006.697,2,-38.3152,1.6827,-1.2972
1006.708,2,-38.3045,1.6848,-1.2967
1006.720,2,-38.2937,1.6866,-1.2964
1006.732,2,-38.2829,1.6882,-1.2962
1006.743,2,-38.2720,1.6902,-1.2960
1006.755,2,-38.2613,1.6921,-1.2959
1006.766,2,-38.2507,1.6940,-1.2958
1006.778,2,-38.2400,1.6957,-1.2958
1006.790,2,-38.2295,1.6972,-1.2958
1006.800,2,-38.2188,1.6985,-1.2959
1006.812,2,-38.2083,1.7000,-1.2961
1006.823,2,-38.1979,1.7013,-1.2964
1006.834,2,-38.1875,1.7025,-1.2966
1006.845,2,-38.1772,1.7034,-1.2970
1006.857,2,-38.1668,1.7040,-1.2974
1006.867,2,-38.1566,1.7043,-1.2977
1006.879,2,-38.1463,1.7043,-1.2982
1006.890,2,-38.1359,1.7039,-1.2987
1006.901,2,-38.1256,1.7034,-1.2994
1006.913,2,-38.1152,1.7027,-1.2999
1006.924,2,-38.1047,1.7018,-1.3005
1006.935,2,-38.0941,1.7006,-1.3012
1006.947,2,-38.0837,1.6991,-1.3018
1006.956,2,-38.0732,1.6979,-1.3025
1006.970,2,-38.0625,1.6961,-1.3034
1006.981,2,-38.0518,1.6944,-1.3043
1006.992,2,-38.0413,1.6925,-1.3052
1007.003,2,-38.0306,1.6902,-1.3062
1007.015,2,-38.0200,1.6878,-1.3073
1007.025,2,-38.0094,1.6856,-1.3084
1007.037,2,-37.9988,1.6833,-1.3096
1007.048,2,-37.9882,1.6811,-1.3110
1007.059,2,-37.9776,1.6790,-1.3124
1007.071,2,-37.9668,1.6772,-1.3142
1007.082,2,-37.9558,1.6756,-1.3157
1007.093,2,-37.9446,1.6743,-1.3175
1007.105,2,-37.9334,1.6732,-1.3192
1007.116,2,-37.9221,1.6725,-1.3211
1007.128,2,-37.9107,1.6721,-1.3232
1007.137,2,-37.8994,1.6719,-1.3252
1007.153,2,-37.8879,1.6735,-1.3275
1007.161,2,-37.8767,1.6746,-1.3296
1007.176,2,-37.8656,1.6765,-1.3318
1007.184,2,-37.8547,1.6779,-1.3338
1007.200,2,-37.8441,1.6806,-1.3359
1007.209,2,-37.8333,1.6826,-1.3379
1007.224,2,-37.8228,1.6849,-1.3398
1007.232,2,-37.8122,1.6865,-1.3417
1007.247,2,-37.8025,1.6875,-1.3432
1007.255,2,-37.7922,1.6887,-1.3449
1007.269,2,-37.7822,1.6900,-1.3464
1007.278,2,-37.7720,1.6916,-1.3480
1007.288,2,-37.7624,1.6933,-1.3492
1007.302,2,-37.7526,1.6949,-1.3503
1007.311,2,-37.7431,1.6963,-1.3515
1007.325,2,-37.7337,1.6977,-1.3527
1007.333,2,-37.7241,1.6992,-1.3538
1007.347,2,-37.7150,1.7008,-1.3549
1007.355,2,-37.7055,1.7023,-1.3558
1007.369,2,-37.6966,1.7037,-1.3567
1007.377,2,-37.6872,1.7051,-1.3578
1007.392,2,-37.6780,1.7060,-1.3588
1007.400,2,-37.6687,1.7070,-1.3598
1007.414,2,-37.6597,1.7075,-1.3607
1007.424,2,-37.6507,1.7080,-1.3616
1007.437,2,-37.6415,1.7080,-1.3624
1007.446,2,-37.6324,1.7082,-1.3632
1007.459,2,-37.6234,1.7080,-1.3638
1007.467,2,-37.6141,1.7079,-1.3645
1007.481,2,-37.6051,1.7072,-1.3651
1007.489,2,-37.5960,1.7067,-1.3657
1007.503,2,-37.5868,1.7057,-1.3661
1007.511,2,-37.5776,1.7049,-1.3666
1007.526,2,-37.5685,1.7033,-1.3670
1007.534,2,-37.5594,1.7019,-1.3675
1007.545,2,-37.5503,1.7000,-1.3677
1007.558,2,-37.5411,1.6975,-1.3679
1007.567,2,-37.5318,1.6955,-1.3681
1007.581,2,-37.5218,1.6929,-1.3683
1007.590,2,-37.5119,1.6907,-1.3685
1007.603,2,-37.5017,1.6886,-1.3685
1007.615,2,-37.4915,1.6869,-1.3686
1007.627,2,-37.4811,1.6855,-1.3685
1007.636,2,-37.4707,1.6841,-1.3684
1007.650,2,-37.4600,1.6831,-1.3682
1007.662,2,-37.4494,1.6822,-1.3680
1007.674,2,-37.4385,1.6817,-1.3677
1007.683,2,-37.4277,1.6814,-1.3675
1007.696,2,-37.4167,1.6821,-1.3671
1007.708,2,-37.4057,1.6830,-1.3668
1007.717,2,-37.3948,1.6839,-1.3663
1007.731,2,-37.3837,1.6854,-1.3658
1007.743,2,-37.3728,1.6869,-1.3653
1007.755,2,-37.3619,1.6889,-1.3649
1007.764,2,-37.3510,1.6911,-1.3644
1007.779,2,-37.3402,1.6937,-1.3642
1007.790,2,-37.3298,1.6958,-1.3639
1007.798,2,-37.3194,1.6977,-1.3637
1007.812,2,-37.3091,1.6993,-1.3637
1007.823,2,-37.2990,1.7006,-1.3639
1007.835,2,-37.2892,1.7017,-1.3641
1007.846,2,-37.2793,1.7029,-1.3645
1007.858,2,-37.2695,1.7045,-1.3648
1007.868,2,-37.2596,1.7062,-1.3651
1007.880,2,-37.2497,1.7081,-1.3657
1007.888,2,-37.2398,1.7097,-1.3661
1007.903,2,-37.2302,1.7111,-1.3667
1007.911,2,-37.2204,1.7126,-1.3672
1007.924,2,-37.2110,1.7142,-1.3679
1007.936,2,-37.2014,1.7158,-1.3687
1007.948,2,-37.1921,1.7171,-1.3695
1007.956,2,-37.1827,1.7184,-1.3702
1007.969,2,-37.1733,1.7191,-1.3711
1007.980,2,-37.1638,1.7196,-1.3720
1007.991,2,-37.1540,1.7198,-1.3730
1008.003,2,-37.1441,1.7197,-1.3741
1008.015,2,-37.1342,1.7195,-1.3751
1008.026,2,-37.1243,1.7190,-1.3762
1008.037,2,-37.1144,1.7183,-1.3774
1008.049,2,-37.1044,1.7174,-1.3786
1008.060,2,-37.0944,1.7164,-1.3799
1008.071,2,-37.0844,1.7151,-1.3813
1008.083,2,-37.0745,1.7136,-1.3827
1008.096,2,-37.0644,1.7120,-1.3842
1008.107,2,-37.0544,1.7103,-1.3857
1008.120,2,-37.0444,1.7082,-1.3874
1008.130,2,-37.0344,1.7062,-1.3890
1008.142,2,-37.0244,1.7038,-1.3907
1008.154,2,-37.0145,1.7012,-1.3925
1008.165,2,-37.0045,1.6985,-1.3943
1008.177,2,-36.9946,1.6961,-1.3961
1008.188,2,-36.9846,1.6940,-1.3982
1008.200,2,-36.9744,1.6927,-1.4003
1008.211,2,-36.9645,1.6916,-1.4025
1008.222,2,-36.9543,1.6906,-1.4047
1008.233,2,-36.9441,1.6900,-1.4072
1008.245,2,-36.9339,1.6897,-1.4097
1008.257,2,-36.9237,1.6899,-1.4123
1008.268,2,-36.9136,1.6908,-1.4150
1008.281,2,-36.9036,1.6919,-1.4177
1008.291,2,-36.8937,1.6932,-1.4204
1008.303,2,-36.8838,1.6943,-1.4230
1008.315,2,-36.8740,1.6962,-1.4256
1008.327,2,-36.8643,1.6978,-1.4280
1008.338,2,-36.8545,1.6994,-1.4304
1008.347,2,-36.8449,1.7012,-1.4325
1008.359,2,-36.8357,1.7027,-1.4345
1008.367,2,-36.8265,1.7041,-1.4365
1008.381,2,-36.8176,1.7051,-1.4382
1008.392,2,-36.8088,1.7059,-1.4400
1008.401,2,-36.7999,1.7069,-1.4417
1008.414,2,-36.7910,1.7081,-1.4433
1008.426,2,-36.7821,1.7095,-1.4447
1008.435,2,-36.7732,1.7108,-1.4462
1008.448,2,-36.7642,1.7124,-1.4476
1008.458,2,-36.7552,1.7140,-1.4490
1008.470,2,-36.7461,1.7159,-1.4503
1008.481,2,-36.7372,1.7175,-1.4514
1008.490,2,-36.7279,1.7191,-1.4526
1008.503,2,-36.7187,1.7203,-1.4537
1008.514,2,-36.7095,1.7213,-1.4548
1008.526,2,-36.7002,1.7219,-1.4558
1008.538,2,-36.6909,1.7222,-1.4569
1008.550,2,-36.6816,1.7223,-1.4579
1008.563,2,-36.6723,1.7221,-1.4589
1008.571,2,-36.6630,1.7220,-1.4598
1008.590,2,-36.6535,1.7213,-1.4606
1008.599,2,-36.6442,1.7208,-1.4615
1008.609,2,-36.6348,1.7201,-1.4623
1008.623,2,-36.6254,1.7191,-1.4629
1008.631,2,-36.6164,1.7183,-1.4635
1008.646,2,-36.6070,1.7170,-1.4640
1008.655,2,-36.5976,1.7155,-1.4644
1008.665,2,-36.5882,1.7139,-1.4649
1008.678,2,-36.5787,1.7120,-1.4652
1008.687,2,-36.5693,1.7102,-1.4654
1008.700,2,-36.5600,1.7082,-1.4655
1008.708,2,-36.5507,1.7063,-1.4657
1008.721,2,-36.5413,1.7043,-1.4657
1008.730,2,-36.5321,1.7027,-1.4656
1008.740,2,-36.5228,1.7012,-1.4656
1008.755,2,-36.5134,1.7001,-1.4652
1008.762,2,-36.5041,1.6990,-1.4650
1008.777,2,-36.4946,1.6983,-1.4646
1008.789,2,-36.4851,1.6980,-1.4642
1008.797,2,-36.4757,1.6978,-1.4638
1008.811,2,-36.4661,1.6991,-1.4632
1008.820,2,-36.4565,1.7003,-1.4626
1008.833,2,-36.4469,1.7016,-1.4617
1008.843,2,-36.4374,1.7027,-1.4610
1008.856,2,-36.4280,1.7042,-1.4601
1008.863,2,-36.4187,1.7058,-1.4594
1008.877,2,-36.4095,1.7080,-1.4587
1008.885,2,-36.4004,1.7099,-1.4580
1008.900,2,-36.3915,1.7118,-1.4574
1008.908,2,-36.3825,1.7133,-1.4567
1008.921,2,-36.3738,1.7145,-1.4562
1008.930,2,-36.3651,1.7154,-1.4557
1008.943,2,-36.3569,1.7161,-1.4555
1008.955,2,-36.3486,1.7168,-1.4552
1008.966,2,-36.3402,1.7179,-1.4550
1008.974,2,-36.3318,1.7191,-1.4549
1008.987,2,-36.3235,1.7205,-1.4548
1008.996,2,-36.3152,1.7216,-1.4548
1009.009,2,-36.3070,1.7225,-1.4549
1009.021,2,-36.2990,1.7235,-1.4549
1009.030,2,-36.2909,1.7249,-1.4549
1009.043,2,-36.2831,1.7264,-1.4550
1009.055,2,-36.2752,1.7277,-1.4552
1009.066,2,-36.2676,1.7288,-1.4553
1009.075,2,-36.2598,1.7298,-1.4554
1009.088,2,-36.2522,1.7304,-1.4556
1009.099,2,-36.2445,1.7311,-1.4558
1009.112,2,-36.2368,1.7316,-1.4560
1009.120,2,-36.2292,1.7321,-1.4561
1009.133,2,-36.2216,1.7324,-1.4562
1009.144,2,-36.2140,1.7326,-1.4564
1009.155,2,-36.2064,1.7327,-1.4566
1009.168,2,-36.1989,1.7325,-1.4569
1009.178,2,-36.1913,1.7324,-1.4571
1009.190,2,-36.1838,1.7321,-1.4574
1009.199,2,-36.1763,1.7318,-1.4576
1009.212,2,-36.1689,1.7312,-1.4580
1009.223,2,-36.1615,1.7305,-1.4584
1009.235,2,-36.1540,1.7295,-1.4588
1009.246,2,-36.1465,1.7284,-1.4593
1009.256,2,-36.1390,1.7270,-1.4598
1009.268,2,-36.1315,1.7256,-1.4603
1009.279,2,-36.1240,1.7244,-1.4610
1009.290,2,-36.1164,1.7232,-1.4616
1009.302,2,-36.1083,1.7219,-1.4625
1009.313,2,-36.1003,1.7208,-1.4633
1009.325,2,-36.0921,1.7197,-1.4643
1009.336,2,-36.0839,1.7187,-1.4654
1009.348,2,-36.0758,1.7179,-1.4659
1009.359,2,-36.0679,1.7174,-1.4669
1009.371,2,-36.0595,1.7169,-1.4681
1009.382,2,-36.0512,1.7160,-1.4693
1009.394,2,-36.0429,1.7155,-1.4706
1009.405,2,-36.0346,1.7154,-1.4720
1009.417,2,-36.0261,1.7154,-1.4735
1009.430,2,-36.0179,1.7154,-1.4750
1009.441,2,-36.0097,1.7155,-1.4764
1009.452,2,-36.0015,1.7162,-1.4778
1009.463,2,-35.9933,1.7173,-1.4793
1009.475,2,-35.9850,1.7188,-1.4808
1009.486,2,-35.9769,1.7202,-1.4823
1009.498,2,-35.9688,1.7213,-1.4836
1009.510,2,-35.9608,1.7219,-1.4850
1009.520,2,-35.9530,1.7221,-1.4862
1009.533,2,-35.9453,1.7222,-1.4874
1009.544,2,-35.9381,1.7220,-1.4884
1009.556,2,-35.9307,1.7218,-1.4894
1009.568,2,-35.9234,1.7216,-1.4903
1009.579,2,-35.9163,1.7218,-1.4912
1009.589,2,-35.9091,1.7221,-1.4921
1009.598,2,-35.9020,1.7225,-1.4930
1009.611,2,-35.8948,1.7229,-1.4938
1009.623,2,-35.8876,1.7232,-1.4944
1009.635,2,-35.8803,1.7236,-1.4950
1009.646,2,-35.8731,1.7243,-1.4955
1009.659,2,-35.8659,1.7252,-1.4961
1009.670,2,-35.8588,1.7262,-1.4965
1009.682,2,-35.8515,1.7271,-1.4969
1009.693,2,-35.8444,1.7278,-1.4973
1009.705,2,-35.8373,1.7284,-1.4976
1009.719,2,-35.8303,1.7288,-1.4979
1009.732,2,-35.8232,1.7291,-1.4982
1009.739,2,-35.8162,1.7294,-1.4984
1009.749,2,-35.8092,1.7297,-1.4985
1009.762,2,-35.8022,1.7297,-1.4984
1009.776,2,-35.7951,1.7299,-1.4984
1009.784,2,-35.7881,1.7300,-1.4984
1009.797,2,-35.7811,1.7298,-1.4981
1009.809,2,-35.7741,1.7296,-1.4978
1009.822,2,-35.7671,1.7293,-1.4976
1009.830,2,-35.7602,1.7290,-1.4973
1009.844,2,-35.7534,1.7282,-1.4970
1009.853,2,-35.7466,1.7274,-1.4966
1009.868,2,-35.7400,1.7262,-1.4964
1009.882,2,-35.7334,1.7248,-1.4962
1009.892,2,-35.7268,1.7235,-1.4958
1009.900,2,-35.7201,1.7222,-1.4956
1009.914,2,-35.7137,1.7210,-1.4952
1009.923,2,-35.7071,1.7200,-1.4950
1009.937,2,-35.7005,1.7193,-1.4946
1009.945,2,-35.6939,1.7186,-1.4942
1009.959,2,-35.6871,1.7181,-1.4938
1009.967,2,-35.6807,1.7176,-1.4934
1009.982,2,-35.6739,1.7173,-1.4929
1009.990,2,-35.6672,1.7171,-1.4924
1010.004,2,-35.6605,1.7173,-1.4918
1010.012,2,-35.6540,1.7174,-1.4912
1010.028,2,-35.6474,1.7181,-1.4905
1010.039,2,-35.6410,1.7187,-1.4901
1010.049,2,-35.6345,1.7198,-1.4894
1010.062,2,-35.6283,1.7217,-1.4888
1010.070,2,-35.6220,1.7234,-1.4881
1010.086,2,-35.6158,1.7253,-1.4874
1010.093,2,-35.6098,1.7265,-1.4867
1010.109,2,-35.6038,1.7276,-1.4861
1010.117,2,-35.5977,1.7288,-1.4857
1010.132,2,-35.5918,1.7298,-1.4852
1010.141,2,-35.5859,1.7306,-1.4849
1010.155,2,-35.5802,1.7312,-1.4847
1010.163,2,-35.5744,1.7318,-1.4843
1010.179,2,-35.5689,1.7321,-1.4840
1010.190,2,-35.5633,1.7325,-1.4838
1010.200,2,-35.5577,1.7331,-1.4835
1010.214,2,-35.5523,1.7337,-1.4833
1010.222,2,-35.5470,1.7342,-1.4831
1010.238,2,-35.5366,1.7351,-1.4828
1010.245,2,-35.5314,1.7356,-1.4827
1010.262,2,-35.5263,1.7362,-1.4829
1010.269,2,-35.5211,1.7369,-1.4828
1010.285,2,-35.5162,1.7379,-1.4827
1010.292,2,-35.5113,1.7387,-1.4827
1010.308,2,-35.5067,1.7396,-1.4827
1010.316,2,-35.5019,1.7403,-1.4827
1010.331,2,-35.4974,1.7408,-1.4828
1010.339,2,-35.4929,1.7413,-1.4829
1010.355,2,-35.4885,1.7416,-1.4831
1010.362,2,-35.4842,1.7419,-1.4833
1010.378,2,-35.4799,1.7421,-1.4836
1010.386,2,-35.4754,1.7425,-1.4837
1010.401,2,-35.4717,1.7420,-1.4842
1010.410,2,-35.4678,1.7419,-1.4845
1010.426,2,-35.4641,1.7418,-1.4850
1010.434,2,-35.4602,1.7418,-1.4855
1010.449,2,-35.4565,1.7418,-1.4860
1010.457,2,-35.4526,1.7418,-1.4865
1010.473,2,-35.4490,1.7414,-1.4870
1010.480,2,-35.4454,1.7410,-1.4876
1010.496,2,-35.4421,1.7403,-1.4883
1010.504,2,-35.4387,1.7399,-1.4888
1010.519,2,-35.4357,1.7392,-1.4895
1010.527,2,-35.4326,1.7389,-1.4901
1010.542,2,-35.4296,1.7389,-1.4910
1010.551,2,-35.4264,1.7389,-1.4917
1010.565,2,-35.4233,1.7392,-1.4926
1010.573,2,-35.4202,1.7393,-1.4933
1010.589,2,-35.4171,1.7394,-1.4942
1010.601,2,-35.4139,1.7394,-1.4953
1010.611,2,-35.4107,1.7395,-1.4963
1010.621,2,-35.4075,1.7396,-1.4972
1010.635,2,-35.4044,1.7398,-1.4982
1010.643,2,-35.4013,1.7399,-1.4992
1010.658,2,-35.3983,1.7401,-1.5004
1010.666,2,-35.3952,1.7401,-1.5014
1010.681,2,-35.3925,1.7401,-1.5024
1010.689,2,-35.3897,1.7401,-1.5033
1010.705,2,-35.3868,1.7400,-1.5041
1010.714,2,-35.3840,1.7401,-1.5053
1010.729,2,-35.3784,1.7403,-1.5072
1010.738,2,-35.3757,1.7405,-1.5083
1010.752,2,-35.3729,1.7407,-1.5092
1010.760,2,-35.3702,1.7408,-1.5101
1010.776,2,-35.3677,1.7408,-1.5111
1010.784,2,-35.3651,1.7409,-1.5119
1010.800,2,-35.3625,1.7408,-1.5127
1010.808,2,-35.3600,1.7408,-1.5135
1010.824,2,-35.3575,1.7408,-1.5142
1010.832,2,-35.3551,1.7407,-1.5150
1010.848,2,-35.3527,1.7404,-1.5155
1010.855,2,-35.3502,1.7402,-1.5161
1010.872,2,-35.3478,1.7400,-1.5166
1010.880,2,-35.3455,1.7399,-1.5174
1010.895,2,-35.3432,1.7396,-1.5177
1010.904,2,-35.3408,1.7394,-1.5182
1010.920,2,-35.3363,1.7391,-1.5192
1010.927,2,-35.3342,1.7388,-1.5196
1010.943,2,-35.3321,1.7387,-1.5199
1010.951,2,-35.3300,1.7387,-1.5202
1010.968,2,-35.3281,1.7387,-1.5204
1010.976,2,-35.3262,1.7386,-1.5206
1010.991,2,-35.3244,1.7387,-1.5207
1011.000,2,-35.3226,1.7386,-1.5210
1011.015,2,-35.3207,1.7385,-1.5210
1011.023,2,-35.3189,1.7385,-1.5211
1011.040,2,-35.3174,1.7385,-1.5216
1011.048,2,-35.3156,1.7386,-1.5215
1011.063,2,-35.3141,1.7386,-1.5219
1011.071,2,-35.3125,1.7387,-1.5218
1011.087,2,-35.3112,1.7387,-1.5216
1011.094,2,-35.3097,1.7387,-1.5215
1011.112,2,-35.3069,1.7388,-1.5210
1011.122,2,-35.3056,1.7389,-1.5213
1011.136,2,-35.3045,1.7389,-1.5216
1011.150,2,-35.3033,1.7389,-1.5211
1011.159,2,-35.3022,1.7390,-1.5206
1011.167,2,-35.3011,1.7390,-1.5202
1011.184,2,-35.3001,1.7390,-1.5194
1011.191,2,-35.2990,1.7391,-1.5189
1011.208,2,-35.2979,1.7399,-1.5183
1011.215,2,-35.2968,1.7406,-1.5180
1011.232,2,-35.2957,1.7416,-1.5172
1011.239,2,-35.2949,1.7417,-1.5167
1011.255,2,-35.2940,1.7412,-1.5158
1011.262,2,-35.2930,1.7414,-1.5151
1011.279,2,-35.2920,1.7422,-1.5142
1011.286,2,-35.2910,1.7427,-1.5135
1011.302,2,-35.2902,1.7431,-1.5130
1011.310,2,-35.2893,1.7432,-1.5123
1011.326,2,-35.2885,1.7432,-1.5116
1011.333,2,-35.2876,1.7433,-1.5109
1011.350,2,-35.2859,1.7440,-1.5097
1011.359,2,-35.2851,1.7443,-1.5089
1011.374,2,-35.2843,1.7447,-1.5084
1011.383,2,-35.2837,1.7449,-1.5080
1011.399,2,-35.2829,1.7452,-1.5072
1011.407,2,-35.2821,1.7455,-1.5066
1011.425,2,-35.2815,1.7459,-1.5061
1011.433,2,-35.2808,1.7461,-1.5054
1011.451,2,-35.2803,1.7462,-1.5047
1011.459,2,-35.2790,1.7466,-1.5035
1011.478,2,-35.2784,1.7464,-1.5029
1011.486,2,-35.2777,1.7464,-1.5023
1011.503,2,-35.2764,1.7465,-1.5014
1011.511,2,-35.2751,1.7466,-1.5003
1011.535,2,-35.2738,1.7464,-1.4994
1011.552,2,-35.2723,1.7465,-1.4988
1011.574,2,-35.2710,1.7473,-1.4976
1011.598,2,-35.2697,1.7487,-1.4968
1011.620,2,-35.2681,1.7493,-1.4960
1011.642,2,-35.2667,1.7492,-1.4949
1011.664,2,-35.2654,1.7486,-1.4942
1011.686,2,-35.2644,1.7474,-1.4936
1011.708,2,-35.2637,1.7461,-1.4932
1011.730,2,-35.2631,1.7450,-1.4930
1011.752,2,-35.2627,1.7440,-1.4929
1011.774,2,-35.2625,1.7431,-1.4928
1011.796,2,-35.2624,1.7427,-1.4929
1011.818,2,-35.2620,1.7429,-1.4928
1011.841,2,-35.2617,1.7430,-1.4927
1011.863,2,-35.2614,1.7432,-1.4926
1011.885,2,-35.2609,1.7435,-1.4926

# --- Trial 3 start ---
1020.540,3,-39.6918,1.6922,-1.2707
1020.599,3,-39.6938,1.6930,-1.2719
1020.613,3,-39.6948,1.6933,-1.2726
1020.626,3,-39.6951,1.6934,-1.2730
1020.635,3,-39.6953,1.6936,-1.2734
1020.644,3,-39.6959,1.6939,-1.2742
1020.652,3,-39.6962,1.6940,-1.2746
1020.668,3,-39.6964,1.6939,-1.2750
1020.687,3,-39.6969,1.6936,-1.2754
1020.698,3,-39.6977,1.6933,-1.2761
1020.707,3,-39.6986,1.6929,-1.2769
1020.721,3,-39.6997,1.6922,-1.2776
1020.743,3,-39.7004,1.6912,-1.2784
1020.763,3,-39.7012,1.6905,-1.2794
1020.785,3,-39.7013,1.6895,-1.2809
1020.807,3,-39.7010,1.6871,-1.2828
1020.830,3,-39.7008,1.6841,-1.2851
1020.852,3,-39.6995,1.6905,-1.2878
1020.874,3,-39.6967,1.7023,-1.2910
1020.897,3,-39.6947,1.7026,-1.2939
1020.918,3,-39.6935,1.6960,-1.2969
1020.941,3,-39.6913,1.6915,-1.2997
1020.963,3,-39.6887,1.6918,-1.3029
1020.985,3,-39.6859,1.6922,-1.3059
1021.008,3,-39.6837,1.6913,-1.3089
1021.032,3,-39.6817,1.6903,-1.3117
1021.054,3,-39.6796,1.6900,-1.3148
1021.076,3,-39.6767,1.6890,-1.3176
1021.099,3,-39.6739,1.6888,-1.3201
1021.121,3,-39.6705,1.6888,-1.3229
1021.144,3,-39.6668,1.6885,-1.3254
1021.166,3,-39.6629,1.6878,-1.3275
1021.188,3,-39.6607,1.6872,-1.3284
1021.205,3,-39.6588,1.6868,-1.3294
1021.218,3,-39.6568,1.6863,-1.3303
1021.229,3,-39.6548,1.6858,-1.3311
1021.237,3,-39.6527,1.6853,-1.3320
1021.250,3,-39.6505,1.6850,-1.3327
1021.263,3,-39.6482,1.6847,-1.3337
1021.271,3,-39.6458,1.6846,-1.3346
1021.285,3,-39.6432,1.6845,-1.3354
1021.296,3,-39.6407,1.6843,-1.3360
1021.307,3,-39.6381,1.6841,-1.3367
1021.319,3,-39.6352,1.6839,-1.3372
1021.327,3,-39.6324,1.6837,-1.3378
1021.340,3,-39.6290,1.6835,-1.3385
1021.352,3,-39.6258,1.6833,-1.3391
1021.362,3,-39.6224,1.6831,-1.3397
1021.374,3,-39.6190,1.6828,-1.3401
1021.385,3,-39.6156,1.6824,-1.3406
1021.396,3,-39.6119,1.6818,-1.3410
1021.408,3,-39.6082,1.6812,-1.3414
1021.419,3,-39.6041,1.6805,-1.3418
1021.431,3,-39.6000,1.6799,-1.3423
1021.442,3,-39.5959,1.6792,-1.3426
1021.455,3,-39.5917,1.6786,-1.3430
1021.466,3,-39.5876,1.6780,-1.3432
1021.477,3,-39.5834,1.6773,-1.3434
1021.489,3,-39.5790,1.6765,-1.3436
1021.502,3,-39.5745,1.6758,-1.3438
1021.513,3,-39.5699,1.6753,-1.3439
1021.524,3,-39.5653,1.6746,-1.3440
1021.536,3,-39.5607,1.6739,-1.3438
1021.547,3,-39.5562,1.6732,-1.3436
1021.559,3,-39.5517,1.6724,-1.3435
1021.570,3,-39.5471,1.6718,-1.3433
1021.581,3,-39.5424,1.6711,-1.3430
1021.594,3,-39.5376,1.6705,-1.3425
1021.612,3,-39.5326,1.6697,-1.3416
1021.627,3,-39.5278,1.6689,-1.3408
1021.640,3,-39.5230,1.6680,-1.3400
1021.650,3,-39.5182,1.6672,-1.3392
1021.661,3,-39.5131,1.6664,-1.3385
1021.673,3,-39.5080,1.6654,-1.3376
1021.683,3,-39.5029,1.6644,-1.3367
1021.696,3,-39.4976,1.6633,-1.3356
1021.705,3,-39.4925,1.6622,-1.3344
1021.718,3,-39.4873,1.6612,-1.3333
1021.729,3,-39.4821,1.6604,-1.3321
1021.741,3,-39.4764,1.6598,-1.3309
1021.750,3,-39.4708,1.6594,-1.3296
1021.763,3,-39.4649,1.6594,-1.3283
1021.775,3,-39.4586,1.6593,-1.3268
1021.787,3,-39.4524,1.6596,-1.3254
1021.799,3,-39.4459,1.6606,-1.3240
1021.810,3,-39.4394,1.6619,-1.3226
1021.818,3,-39.4328,1.6630,-1.3212
1021.832,3,-39.4261,1.6645,-1.3200
1021.843,3,-39.4194,1.6660,-1.3188
1021.855,3,-39.4126,1.6675,-1.3176
1021.866,3,-39.4060,1.6693,-1.3165
1021.878,3,-39.3994,1.6710,-1.3154
1021.889,3,-39.3929,1.6728,-1.3144
1021.901,3,-39.3863,1.6744,-1.3135
1021.913,3,-39.3797,1.6759,-1.3126
1021.925,3,-39.3731,1.6773,-1.3118
1021.936,3,-39.3663,1.6783,-1.3111
1021.947,3,-39.3596,1.6793,-1.3104
1021.959,3,-39.3531,1.6801,-1.3099
1021.971,3,-39.3466,1.6812,-1.3095
1021.982,3,-39.3400,1.6820,-1.3092
1021.994,3,-39.3332,1.6830,-1.3090
1022.003,3,-39.3264,1.6838,-1.3087
1022.016,3,-39.3196,1.6844,-1.3084
1022.028,3,-39.3127,1.6847,-1.3082
1022.037,3,-39.3059,1.6851,-1.3081
1022.050,3,-39.2992,1.6855,-1.3081
1022.061,3,-39.2924,1.6859,-1.3081
1022.073,3,-39.2855,1.6863,-1.3082
1022.082,3,-39.2787,1.6867,-1.3083
1022.095,3,-39.2717,1.6867,-1.3085
1022.106,3,-39.2650,1.6866,-1.3086
1022.116,3,-39.2581,1.6865,-1.3089
1022.128,3,-39.2509,1.6862,-1.3092
1022.140,3,-39.2437,1.6858,-1.3095
1022.151,3,-39.2365,1.6853,-1.3098
1022.163,3,-39.2292,1.6847,-1.3101
1022.175,3,-39.2219,1.6841,-1.3104
1022.185,3,-39.2146,1.6834,-1.3108
1022.195,3,-39.2072,1.6827,-1.3112
1022.207,3,-39.1996,1.6818,-1.3117
1022.219,3,-39.1922,1.6808,-1.3122
1022.230,3,-39.1847,1.6798,-1.3127
1022.241,3,-39.1771,1.6787,-1.3132
1022.254,3,-39.1695,1.6774,-1.3136
1022.265,3,-39.1618,1.6761,-1.3141
1022.275,3,-39.1540,1.6747,-1.3147
1022.283,3,-39.1461,1.6733,-1.3153
1022.295,3,-39.1381,1.6718,-1.3159
1022.307,3,-39.1300,1.6703,-1.3168
1022.318,3,-39.1221,1.6688,-1.3175
1022.327,3,-39.1141,1.6672,-1.3184
1022.340,3,-39.1055,1.6656,-1.3194
1022.352,3,-39.0974,1.6644,-1.3204
1022.364,3,-39.0885,1.6635,-1.3216
1022.374,3,-39.0796,1.6627,-1.3228
1022.386,3,-39.0707,1.6623,-1.3242
1022.397,3,-39.0619,1.6619,-1.3255
1022.409,3,-39.0530,1.6615,-1.3269
1022.420,3,-39.0440,1.6616,-1.3284
1022.432,3,-39.0350,1.6624,-1.3299
1022.443,3,-39.0255,1.6636,-1.3316
1022.455,3,-39.0161,1.6647,-1.3332
1022.467,3,-39.0067,1.6659,-1.3350
1022.478,3,-38.9973,1.6675,-1.3366
1022.490,3,-38.9881,1.6693,-1.3383
1022.501,3,-38.9786,1.6713,-1.3398
1022.514,3,-38.9695,1.6731,-1.3411
1022.525,3,-38.9603,1.6748,-1.3425
1022.536,3,-38.9511,1.6761,-1.3437
1022.548,3,-38.9419,1.6771,-1.3449
1022.560,3,-38.9330,1.6779,-1.3460
1022.571,3,-38.9244,1.6787,-1.3469
1022.582,3,-38.9157,1.6795,-1.3478
1022.592,3,-38.9070,1.6805,-1.3486
1022.606,3,-38.8980,1.6815,-1.3495
1022.616,3,-38.8892,1.6825,-1.3502
1022.627,3,-38.8804,1.6837,-1.3510
1022.638,3,-38.8714,1.6851,-1.3516
1022.650,3,-38.8625,1.6865,-1.3522
1022.660,3,-38.8535,1.6877,-1.3528
1022.672,3,-38.8448,1.6887,-1.3533
1022.683,3,-38.8359,1.6894,-1.3539
1022.694,3,-38.8271,1.6899,-1.3544
1022.706,3,-38.8181,1.6901,-1.3549
1022.717,3,-38.8093,1.6901,-1.3554
1022.728,3,-38.8003,1.6899,-1.3557
1022.740,3,-38.7912,1.6895,-1.3561
1022.753,3,-38.7821,1.6890,-1.3564
1022.763,3,-38.7727,1.6885,-1.3569
1022.772,3,-38.7635,1.6879,-1.3572
1022.783,3,-38.7542,1.6872,-1.3576
1022.794,3,-38.7447,1.6861,-1.3578
1022.805,3,-38.7352,1.6851,-1.3579
1022.817,3,-38.7256,1.6838,-1.3581
1022.828,3,-38.7162,1.6823,-1.3582
1022.839,3,-38.7067,1.6808,-1.3583
1022.851,3,-38.6968,1.6788,-1.3584
1022.862,3,-38.6870,1.6768,-1.3585
1022.873,3,-38.6774,1.6747,-1.3586
1022.882,3,-38.6678,1.6727,-1.3585
1022.895,3,-38.6580,1.6706,-1.3585
1022.906,3,-38.6481,1.6688,-1.3584
1022.917,3,-38.6382,1.6673,-1.3582
1022.928,3,-38.6282,1.6660,-1.3580
1022.940,3,-38.6181,1.6650,-1.3577
1022.950,3,-38.6079,1.6643,-1.3574
1022.961,3,-38.5977,1.6637,-1.3570
1022.972,3,-38.5868,1.6637,-1.3564
1022.984,3,-38.5759,1.6643,-1.3558
1022.996,3,-38.5650,1.6655,-1.3552
1023.008,3,-38.5538,1.6671,-1.3547
1023.019,3,-38.5428,1.6687,-1.3542
1023.031,3,-38.5320,1.6706,-1.3536
1023.043,3,-38.5214,1.6725,-1.3531
1023.054,3,-38.5108,1.6746,-1.3526
1023.066,3,-38.5003,1.6770,-1.3522
1023.078,3,-38.4899,1.6795,-1.3518
1023.089,3,-38.4795,1.6818,-1.3517
1023.100,3,-38.4692,1.6838,-1.3514
1023.112,3,-38.4592,1.6851,-1.3515
1023.124,3,-38.4493,1.6863,-1.3514
1023.136,3,-38.4394,1.6875,-1.3516
1023.147,3,-38.4296,1.6888,-1.3519
1023.158,3,-38.4197,1.6903,-1.3522
1023.170,3,-38.4099,1.6916,-1.3525
1023.181,3,-38.4003,1.6930,-1.3527
1023.193,3,-38.3908,1.6943,-1.3530
1023.206,3,-38.3813,1.6957,-1.3532
1023.216,3,-38.3719,1.6970,-1.3535
1023.227,3,-38.3625,1.6982,-1.3539
1023.239,3,-38.3530,1.6994,-1.3543
1023.250,3,-38.3435,1.7002,-1.3547
1023.260,3,-38.3341,1.7010,-1.3550
1023.272,3,-38.3247,1.7014,-1.3555
1023.283,3,-38.3154,1.7017,-1.3558
1023.294,3,-38.3060,1.7018,-1.3563
1023.306,3,-38.2965,1.7016,-1.3569
1023.317,3,-38.2870,1.7014,-1.3574
1023.330,3,-38.2774,1.7008,-1.3581
1023.338,3,-38.2680,1.7005,-1.3586
1023.350,3,-38.2578,1.6996,-1.3593
1023.361,3,-38.2481,1.6988,-1.3600
1023.372,3,-38.2379,1.6979,-1.3607
1023.384,3,-38.2275,1.6969,-1.3615
1023.396,3,-38.2171,1.6958,-1.3622
1023.407,3,-38.2066,1.6944,-1.3631
1023.419,3,-38.1963,1.6929,-1.3640
1023.431,3,-38.1859,1.6906,-1.3649
1023.442,3,-38.1756,1.6885,-1.3658
1023.454,3,-38.1652,1.6863,-1.3668
1023.465,3,-38.1546,1.6843,-1.3680
1023.478,3,-38.1440,1.6825,-1.3692
1023.488,3,-38.1332,1.6807,-1.3704
1023.500,3,-38.1225,1.6789,-1.3717
1023.513,3,-38.1116,1.6773,-1.3730
1023.524,3,-38.1009,1.6760,-1.3744
1023.536,3,-38.0899,1.6752,-1.3760
1023.547,3,-38.0789,1.6747,-1.3775
1023.558,3,-38.0680,1.6746,-1.3792
1023.570,3,-38.0571,1.6755,-1.3809
1023.580,3,-38.0461,1.6768,-1.3826
1023.592,3,-38.0350,1.6779,-1.3844
1023.603,3,-38.0241,1.6796,-1.3861
1023.615,3,-38.0132,1.6816,-1.3878
1023.626,3,-38.0023,1.6841,-1.3896
1023.637,3,-37.9916,1.6866,-1.3911
1023.649,3,-37.9809,1.6886,-1.3926
1023.661,3,-37.9703,1.6904,-1.3939
1023.670,3,-37.9598,1.6919,-1.3953
1023.684,3,-37.9497,1.6930,-1.3963
1023.696,3,-37.9400,1.6940,-1.3975
1023.703,3,-37.9303,1.6951,-1.3987
1023.717,3,-37.9208,1.6960,-1.3997
1023.729,3,-37.9112,1.6971,-1.4007
1023.737,3,-37.9017,1.6981,-1.4016
1023.750,3,-37.8920,1.6993,-1.4026
1023.762,3,-37.8823,1.7008,-1.4034
1023.771,3,-37.8726,1.7023,-1.4042
1023.784,3,-37.8628,1.7042,-1.4049
1023.796,3,-37.8531,1.7057,-1.4055
1023.805,3,-37.8430,1.7071,-1.4062
1023.817,3,-37.8329,1.7083,-1.4068
1023.829,3,-37.8229,1.7091,-1.4073
1023.841,3,-37.8129,1.7096,-1.4077
1023.853,3,-37.8028,1.7098,-1.4083
1023.865,3,-37.7927,1.7098,-1.4088
1023.874,3,-37.7825,1.7098,-1.4094
1023.889,3,-37.7721,1.7093,-1.4099
1023.898,3,-37.7619,1.7091,-1.4104
1023.911,3,-37.7516,1.7083,-1.4107
1023.920,3,-37.7413,1.7075,-1.4110
1023.934,3,-37.7309,1.7064,-1.4113
1023.943,3,-37.7204,1.7053,-1.4118
1023.958,3,-37.7099,1.7035,-1.4121
1023.970,3,-37.6996,1.7019,-1.4124
1023.982,3,-37.6893,1.6996,-1.4126
1023.991,3,-37.6790,1.6975,-1.4127
1024.005,3,-37.6687,1.6951,-1.4128
1024.013,3,-37.6584,1.6929,-1.4130
1024.029,3,-37.6480,1.6906,-1.4131
1024.037,3,-37.6377,1.6886,-1.4131
1024.053,3,-37.6274,1.6869,-1.4132
1024.062,3,-37.6170,1.6854,-1.4132
1024.077,3,-37.6067,1.6845,-1.4130
1024.086,3,-37.5962,1.6835,-1.4128
1024.101,3,-37.5854,1.6827,-1.4126
1024.110,3,-37.5746,1.6821,-1.4124
1024.124,3,-37.5638,1.6827,-1.4121
1024.136,3,-37.5531,1.6834,-1.4118
1024.146,3,-37.5424,1.6844,-1.4115
1024.154,3,-37.5318,1.6852,-1.4112
1024.168,3,-37.5213,1.6868,-1.4108
1024.178,3,-37.5109,1.6883,-1.4104
1024.191,3,-37.5004,1.6903,-1.4101
1024.200,3,-37.4900,1.6922,-1.4098
1024.213,3,-37.4798,1.6940,-1.4096
1024.224,3,-37.4696,1.6954,-1.4094
1024.236,3,-37.4595,1.6966,-1.4093
1024.245,3,-37.4495,1.6977,-1.4092
1024.254,3,-37.4398,1.6988,-1.4094
1024.264,3,-37.4299,1.7002,-1.4097
1024.275,3,-37.4201,1.7020,-1.4099
1024.284,3,-37.4103,1.7038,-1.4102
1024.297,3,-37.4006,1.7054,-1.4106
1024.306,3,-37.3914,1.7067,-1.4108
1024.319,3,-37.3819,1.7079,-1.4112
1024.330,3,-37.3726,1.7094,-1.4116
1024.342,3,-37.3634,1.7111,-1.4121
1024.352,3,-37.3542,1.7128,-1.4125
1024.365,3,-37.3452,1.7143,-1.4130
1024.377,3,-37.3362,1.7155,-1.4135
1024.388,3,-37.3274,1.7164,-1.4141
1024.398,3,-37.3184,1.7172,-1.4147
1024.408,3,-37.3095,1.7177,-1.4152
1024.422,3,-37.3005,1.7179,-1.4159
1024.432,3,-37.2914,1.7182,-1.4165
1024.444,3,-37.2824,1.7183,-1.4171
1024.453,3,-37.2733,1.7183,-1.4178
1024.466,3,-37.2641,1.7178,-1.4185
1024.476,3,-37.2549,1.7174,-1.4192
1024.487,3,-37.2459,1.7167,-1.4199
1024.500,3,-37.2369,1.7159,-1.4206
1024.510,3,-37.2277,1.7149,-1.4214
1024.521,3,-37.2186,1.7138,-1.4223
1024.533,3,-37.2095,1.7125,-1.4232
1024.545,3,-37.2005,1.7109,-1.4241
1024.553,3,-37.1914,1.7089,-1.4251
1024.567,3,-37.1826,1.7066,-1.4262
1024.576,3,-37.1735,1.7047,-1.4273
1024.590,3,-37.1644,1.7025,-1.4285
1024.601,3,-37.1552,1.7006,-1.4298
1024.610,3,-37.1459,1.6987,-1.4312
1024.623,3,-37.1365,1.6970,-1.4326
1024.635,3,-37.1270,1.6956,-1.4342
1024.646,3,-37.1174,1.6943,-1.4358
1024.654,3,-37.1081,1.6932,-1.4374
1024.668,3,-37.0984,1.6925,-1.4392
1024.680,3,-37.0886,1.6919,-1.4411
1024.691,3,-37.0788,1.6914,-1.4429
1024.703,3,-37.0692,1.6919,-1.4448
1024.711,3,-37.0594,1.6925,-1.4468
1024.725,3,-37.0496,1.6938,-1.4490
1024.737,3,-37.0401,1.6944,-1.4508
1024.748,3,-37.0307,1.6957,-1.4527
1024.759,3,-37.0211,1.6972,-1.4546
1024.772,3,-37.0117,1.6991,-1.4565
1024.783,3,-37.0023,1.7005,-1.4582
1024.791,3,-36.9929,1.7015,-1.4600
1024.804,3,-36.9839,1.7024,-1.4614
1024.815,3,-36.9748,1.7031,-1.4628
1024.827,3,-36.9660,1.7035,-1.4641
1024.836,3,-36.9571,1.7040,-1.4653
1024.849,3,-36.9485,1.7044,-1.4661
1024.858,3,-36.9396,1.7050,-1.4672
1024.872,3,-36.9310,1.7059,-1.4680
1024.883,3,-36.9221,1.7068,-1.4689
1024.895,3,-36.9133,1.7079,-1.4698
1024.906,3,-36.9046,1.7091,-1.4704
1024.917,3,-36.8957,1.7105,-1.4711
1024.926,3,-36.8869,1.7120,-1.4718
1024.939,3,-36.8777,1.7138,-1.4724
1024.950,3,-36.8686,1.7152,-1.4728
1024.962,3,-36.8594,1.7166,-1.4732
1024.973,3,-36.8503,1.7177,-1.4737
1024.986,3,-36.8410,1.7185,-1.4742
1024.997,3,-36.8318,1.7192,-1.4746
1025.009,3,-36.8225,1.7194,-1.4749
1025.020,3,-36.8132,1.7194,-1.4752
1025.032,3,-36.8039,1.7193,-1.4755
1025.044,3,-36.7947,1.7189,-1.4757
1025.056,3,-36.7854,1.7183,-1.4758
1025.068,3,-36.7761,1.7175,-1.4758
1025.080,3,-36.7667,1.7165,-1.4759
1025.092,3,-36.7573,1.7154,-1.4759
1025.101,3,-36.7479,1.7140,-1.4759
1025.114,3,-36.7386,1.7124,-1.4758
1025.125,3,-36.7298,1.7105,-1.4756
1025.136,3,-36.7207,1.7085,-1.4754
1025.148,3,-36.7115,1.7063,-1.4751
1025.158,3,-36.7023,1.7040,-1.4749
1025.169,3,-36.6930,1.7017,-1.4746
1025.181,3,-36.6838,1.6997,-1.4743
1025.193,3,-36.6745,1.6981,-1.4740
1025.204,3,-36.6652,1.6968,-1.4736
1025.216,3,-36.6559,1.6959,-1.4731
1025.230,3,-36.6465,1.6952,-1.4726
1025.242,3,-36.6372,1.6944,-1.4721
1025.252,3,-36.6280,1.6937,-1.4715
1025.262,3,-36.6187,1.6936,-1.4709
1025.272,3,-36.6094,1.6939,-1.4702
1025.281,3,-36.6001,1.6943,-1.4695
1025.293,3,-36.5908,1.6953,-1.4687
1025.305,3,-36.5815,1.6962,-1.4679
1025.314,3,-36.5722,1.6971,-1.4671
1025.327,3,-36.5631,1.6986,-1.4663
1025.339,3,-36.5539,1.7003,-1.4657
1025.348,3,-36.5448,1.7021,-1.4650
1025.361,3,-36.5359,1.7041,-1.4643
1025.370,3,-36.5271,1.7059,-1.4635
1025.382,3,-36.5183,1.7076,-1.4630
1025.395,3,-36.5095,1.7091,-1.4624
1025.403,3,-36.5007,1.7105,-1.4619
1025.417,3,-36.4921,1.7114,-1.4614
1025.425,3,-36.4836,1.7123,-1.4609
1025.439,3,-36.4747,1.7131,-1.4606
1025.451,3,-36.4658,1.7142,-1.4602
1025.460,3,-36.4569,1.7153,-1.4598
1025.474,3,-36.4481,1.7163,-1.4594
1025.482,3,-36.4393,1.7174,-1.4589
1025.497,3,-36.4307,1.7186,-1.4585
1025.505,3,-36.4220,1.7201,-1.4582
1025.521,3,-36.4134,1.7217,-1.4579
1025.529,3,-36.4052,1.7231,-1.4575
1025.543,3,-36.3967,1.7243,-1.4574
1025.551,3,-36.3882,1.7255,-1.4571
1025.566,3,-36.3799,1.7262,-1.4567
1025.574,3,-36.3719,1.7270,-1.4564
1025.589,3,-36.3637,1.7273,-1.4561
1025.597,3,-36.3558,1.7276,-1.4558
1025.611,3,-36.3476,1.7277,-1.4555
1025.624,3,-36.3396,1.7276,-1.4552
1025.632,3,-36.3312,1.7276,-1.4550
1025.646,3,-36.3229,1.7273,-1.4547
1025.655,3,-36.3148,1.7271,-1.4545
1025.669,3,-36.3064,1.7265,-1.4543
1025.677,3,-36.2983,1.7261,-1.4541
1025.692,3,-36.2898,1.7255,-1.4539
1025.703,3,-36.2817,1.7247,-1.4539
1025.712,3,-36.2733,1.7239,-1.4538
1025.725,3,-36.2653,1.7226,-1.4538
1025.733,3,-36.2570,1.7213,-1.4539
1025.748,3,-36.2489,1.7194,-1.4541
1025.756,3,-36.2408,1.7181,-1.4543
1025.771,3,-36.2324,1.7169,-1.4547
1025.779,3,-36.2243,1.7156,-1.4550
1025.794,3,-36.2159,1.7144,-1.4555
1025.802,3,-36.2077,1.7132,-1.4560
1025.816,3,-36.1993,1.7122,-1.4567
1025.824,3,-36.1910,1.7114,-1.4574
1025.839,3,-36.1823,1.7110,-1.4584
1025.850,3,-36.1738,1.7105,-1.4593
1025.861,3,-36.1654,1.7101,-1.4604
1025.870,3,-36.1570,1.7102,-1.4614
1025.883,3,-36.1485,1.7109,-1.4626
1025.891,3,-36.1401,1.7112,-1.4638
1025.906,3,-36.1319,1.7117,-1.4651
1025.915,3,-36.1238,1.7124,-1.4663
1025.928,3,-36.1153,1.7139,-1.4678
1025.937,3,-36.1069,1.7152,-1.4690
1025.951,3,-36.0987,1.7169,-1.4704
1025.960,3,-36.0903,1.7181,-1.4716
1025.974,3,-36.0823,1.7189,-1.4728
1025.987,3,-36.0744,1.7193,-1.4738
1025.995,3,-36.0665,1.7195,-1.4749
1026.009,3,-36.0591,1.7192,-1.4758
1026.017,3,-36.0514,1.7194,-1.4767
1026.032,3,-36.0440,1.7195,-1.4775
1026.041,3,-36.0366,1.7199,-1.4784
1026.056,3,-36.0291,1.7205,-1.4793
1026.064,3,-36.0218,1.7211,-1.4801
1026.078,3,-36.0143,1.7219,-1.4809
1026.090,3,-36.0068,1.7227,-1.4817
1026.100,3,-35.9994,1.7237,-1.4823
1026.114,3,-35.9922,1.7248,-1.4829
1026.122,3,-35.9850,1.7259,-1.4836
1026.136,3,-35.9779,1.7269,-1.4841
1026.144,3,-35.9709,1.7278,-1.4848
1026.160,3,-35.9640,1.7285,-1.4853
1026.168,3,-35.9570,1.7292,-1.4859
1026.182,3,-35.9502,1.7295,-1.4863
1026.191,3,-35.9434,1.7300,-1.4867
1026.205,3,-35.9368,1.7303,-1.4870
1026.214,3,-35.9300,1.7307,-1.4873
1026.228,3,-35.9232,1.7309,-1.4875
1026.236,3,-35.9165,1.7312,-1.4878
1026.250,3,-35.9100,1.7313,-1.4879
1026.258,3,-35.9032,1.7315,-1.4881
1026.273,3,-35.8967,1.7314,-1.4882
1026.282,3,-35.8899,1.7312,-1.4882
1026.291,3,-35.8834,1.7308,-1.4883
1026.305,3,-35.8768,1.7300,-1.4883
1026.316,3,-35.8703,1.7292,-1.4883
1026.329,3,-35.8634,1.7281,-1.4881
1026.337,3,-35.8566,1.7273,-1.4880
1026.351,3,-35.8497,1.7261,-1.4878
1026.364,3,-35.8427,1.7250,-1.4876
1026.373,3,-35.8358,1.7239,-1.4875
1026.386,3,-35.8287,1.7228,-1.4872
1026.394,3,-35.8219,1.7220,-1.4870
1026.409,3,-35.8146,1.7213,-1.4866
1026.421,3,-35.8074,1.7207,-1.4862
1026.429,3,-35.8002,1.7200,-1.4857
1026.443,3,-35.7929,1.7193,-1.4851
1026.452,3,-35.7861,1.7187,-1.4845
1026.466,3,-35.7788,1.7184,-1.4837
1026.475,3,-35.7715,1.7182,-1.4829
1026.490,3,-35.7642,1.7184,-1.4820
1026.499,3,-35.7569,1.7185,-1.4812
1026.513,3,-35.7496,1.7187,-1.4804
1026.521,3,-35.7422,1.7191,-1.4797
1026.536,3,-35.7350,1.7201,-1.4788
1026.544,3,-35.7280,1.7210,-1.4781
1026.558,3,-35.7207,1.7228,-1.4773
1026.571,3,-35.7136,1.7249,-1.4764
1026.579,3,-35.7065,1.7264,-1.4755
1026.593,3,-35.6997,1.7278,-1.4746
1026.601,3,-35.6927,1.7290,-1.4737
1026.616,3,-35.6859,1.7302,-1.4729
1026.624,3,-35.6791,1.7312,-1.4723
1026.638,3,-35.6724,1.7319,-1.4716
1026.651,3,-35.6660,1.7325,-1.4711
1026.659,3,-35.6593,1.7331,-1.4706
1026.673,3,-35.6529,1.7334,-1.4702
1026.681,3,-35.6463,1.7339,-1.4698
1026.695,3,-35.6396,1.7345,-1.4693
1026.703,3,-35.6330,1.7351,-1.4689
1026.718,3,-35.6265,1.7357,-1.4685
1026.725,3,-35.6199,1.7364,-1.4681
1026.741,3,-35.6136,1.7371,-1.4680
1026.750,3,-35.6073,1.7378,-1.4677
1026.765,3,-35.6011,1.7384,-1.4677
1026.773,3,-35.5953,1.7389,-1.4675
1026.788,3,-35.5895,1.7391,-1.4675
1026.796,3,-35.5839,1.7394,-1.4674
1026.812,3,-35.5782,1.7394,-1.4675
1026.820,3,-35.5727,1.7396,-1.4676
1026.833,3,-35.5671,1.7396,-1.4677
1026.841,3,-35.5617,1.7397,-1.4678
1026.855,3,-35.5562,1.7397,-1.4680
1026.864,3,-35.5510,1.7396,-1.4683
1026.879,3,-35.5457,1.7393,-1.4686
1026.887,3,-35.5405,1.7390,-1.4688
1026.901,3,-35.5353,1.7387,-1.4693
1026.909,3,-35.5301,1.7385,-1.4696
1026.923,3,-35.5250,1.7381,-1.4702
1026.932,3,-35.5200,1.7377,-1.4706
1026.947,3,-35.5151,1.7371,-1.4713
1026.959,3,-35.5102,1.7365,-1.4721
1026.970,3,-35.5054,1.7358,-1.4727
1026.978,3,-35.5007,1.7352,-1.4735
1026.992,3,-35.4960,1.7347,-1.4742
1027.000,3,-35.4915,1.7342,-1.4749
1027.016,3,-35.4869,1.7341,-1.4757
1027.024,3,-35.4823,1.7339,-1.4765
1027.039,3,-35.4776,1.7339,-1.4778
1027.048,3,-35.4731,1.7338,-1.4786
1027.063,3,-35.4685,1.7340,-1.4798
1027.071,3,-35.4639,1.7342,-1.4807
1027.086,3,-35.4593,1.7344,-1.4820
1027.094,3,-35.4548,1.7345,-1.4830
1027.110,3,-35.4502,1.7346,-1.4842
1027.119,3,-35.4457,1.7347,-1.4854
1027.134,3,-35.4366,1.7349,-1.4874
1027.142,3,-35.4320,1.7352,-1.4885
1027.159,3,-35.4273,1.7360,-1.4896
1027.168,3,-35.4226,1.7367,-1.4906
1027.185,3,-35.4180,1.7375,-1.4915
1027.193,3,-35.4136,1.7381,-1.4924
1027.208,3,-35.4093,1.7383,-1.4933
1027.217,3,-35.4051,1.7383,-1.4943
1027.233,3,-35.4008,1.7382,-1.4952
1027.242,3,-35.3965,1.7382,-1.4961
1027.257,3,-35.3926,1.7378,-1.4970
1027.267,3,-35.3887,1.7375,-1.4981
1027.282,3,-35.3812,1.7367,-1.4998
1027.291,3,-35.3778,1.7361,-1.5008
1027.307,3,-35.3747,1.7357,-1.5017
1027.315,3,-35.3717,1.7354,-1.5024
1027.331,3,-35.3688,1.7354,-1.5034
1027.339,3,-35.3658,1.7354,-1.5041
1027.356,3,-35.3628,1.7356,-1.5051
1027.364,3,-35.3597,1.7356,-1.5057
1027.380,3,-35.3568,1.7358,-1.5064
1027.388,3,-35.3537,1.7359,-1.5073
1027.404,3,-35.3508,1.7361,-1.5081
1027.413,3,-35.3479,1.7363,-1.5087
1027.429,3,-35.3451,1.7365,-1.5095
1027.438,3,-35.3394,1.7369,-1.5107
1027.454,3,-35.3368,1.7373,-1.5110
1027.463,3,-35.3342,1.7375,-1.5116
1027.478,3,-35.3316,1.7377,-1.5118
1027.486,3,-35.3291,1.7377,-1.5123
1027.503,3,-35.3267,1.7378,-1.5122
1027.511,3,-35.3243,1.7380,-1.5123
1027.528,3,-35.3217,1.7377,-1.5126
1027.536,3,-35.3196,1.7380,-1.5123
1027.552,3,-35.3175,1.7384,-1.5120
1027.560,3,-35.3154,1.7387,-1.5121
1027.577,3,-35.3112,1.7392,-1.5119
1027.588,3,-35.3092,1.7395,-1.5117
1027.599,3,-35.3071,1.7399,-1.5117
1027.613,3,-35.3032,1.7408,-1.5113
1027.621,3,-35.2993,1.7415,-1.5106
1027.643,3,-35.2959,1.7423,-1.5096
1027.665,3,-35.2927,1.7428,-1.5084
1027.687,3,-35.2897,1.7431,-1.5072
1027.710,3,-35.2869,1.7432,-1.5063
1027.733,3,-35.2842,1.7435,-1.5054
1027.755,3,-35.2816,1.7441,-1.5042
1027.778,3,-35.2795,1.7446,-1.5030
1027.800,3,-35.2775,1.7447,-1.5020
1027.823,3,-35.2758,1.7455,-1.5013
1027.846,3,-35.2741,1.7464,-1.5006
1027.868,3,-35.2725,1.7470,-1.4998
1027.889,3,-35.2712,1.7471,-1.4996
1027.912,3,-35.2698,1.7475,-1.4988
1027.934,3,-35.2684,1.7477,-1.4983
1027.956,3,-35.2673,1.7479,-1.4979
1027.979,3,-35.2661,1.7479,-1.4973
1028.001,3,-35.2650,1.7481,-1.4970
1028.023,3,-35.2639,1.7481,-1.4966
1028.045,3,-35.2629,1.7480,-1.4962
1028.068,3,-35.2618,1.7480,-1.4958
1028.090,3,-35.2607,1.7483,-1.4957
1028.113,3,-35.2597,1.7487,-1.4957
1028.136,3,-35.2588,1.7495,-1.4955
1028.159,3,-35.2579,1.7503,-1.4952
1028.182,3,-35.2570,1.7509,-1.4950
1028.205,3,-35.2561,1.7510,-1.4949
1028.227,3,-35.2555,1.7505,-1.4950
1028.250,3,-35.2549,1.7498,-1.4949

# --- Trial 4 start ---
1037.054,4,-39.7139,1.6889,-1.1561
1037.116,4,-39.7144,1.6882,-1.1550
1037.132,4,-39.7147,1.6879,-1.1545
1037.144,4,-39.7148,1.6877,-1.1539
1037.154,4,-39.7149,1.6876,-1.1537
1037.163,4,-39.7149,1.6875,-1.1534
1037.172,4,-39.7148,1.6872,-1.1533
1037.184,4,-39.7148,1.6868,-1.1528
1037.196,4,-39.7146,1.6863,-1.1525
1037.210,4,-39.7143,1.6858,-1.1521
1037.234,4,-39.7137,1.6855,-1.1518
1037.257,4,-39.7130,1.6850,-1.1514
1037.289,4,-39.7121,1.6847,-1.1511
1037.301,4,-39.7111,1.6845,-1.1509
1037.323,4,-39.7094,1.6846,-1.1507
1037.345,4,-39.7076,1.6844,-1.1506
1037.366,4,-39.7058,1.6837,-1.1507
1037.389,4,-39.7039,1.6826,-1.1508
1037.411,4,-39.7017,1.6810,-1.1514
1037.433,4,-39.6996,1.6803,-1.1523
1037.455,4,-39.6972,1.6807,-1.1532
1037.477,4,-39.6948,1.6814,-1.1542
1037.500,4,-39.6922,1.6822,-1.1555
1037.522,4,-39.6892,1.6834,-1.1571
1037.545,4,-39.6862,1.6845,-1.1588
1037.568,4,-39.6832,1.6854,-1.1606
1037.590,4,-39.6796,1.6858,-1.1626
1037.613,4,-39.6759,1.6859,-1.1648
1037.635,4,-39.6719,1.6857,-1.1671
1037.659,4,-39.6680,1.6853,-1.1697
1037.681,4,-39.6658,1.6847,-1.1713
1037.696,4,-39.6636,1.6841,-1.1729
1037.709,4,-39.6614,1.6836,-1.1743
1037.720,4,-39.6592,1.6832,-1.1759
1037.731,4,-39.6569,1.6826,-1.1774
1037.742,4,-39.6546,1.6820,-1.1789
1037.753,4,-39.6523,1.6811,-1.1805
1037.765,4,-39.6497,1.6800,-1.1823
1037.777,4,-39.6474,1.6787,-1.1840
1037.788,4,-39.6452,1.6771,-1.1859
1037.799,4,-39.6431,1.6754,-1.1877
1037.810,4,-39.6413,1.6740,-1.1894
1037.821,4,-39.6388,1.6759,-1.1913
1037.830,4,-39.6357,1.6796,-1.1934
1037.843,4,-39.6324,1.6846,-1.1956
1037.854,4,-39.6291,1.6872,-1.1976
1037.866,4,-39.6262,1.6882,-1.1995
1037.877,4,-39.6235,1.6878,-1.2014
1037.886,4,-39.6208,1.6865,-1.2035
1037.898,4,-39.6181,1.6843,-1.2053
1037.910,4,-39.6154,1.6817,-1.2069
1037.921,4,-39.6127,1.6807,-1.2087
1037.933,4,-39.6099,1.6801,-1.2106
1037.944,4,-39.6068,1.6795,-1.2125
1037.956,4,-39.6039,1.6787,-1.2142
1037.968,4,-39.6006,1.6777,-1.2161
1037.980,4,-39.5974,1.6767,-1.2178
1037.990,4,-39.5942,1.6758,-1.2198
1038.002,4,-39.5908,1.6754,-1.2217
1038.014,4,-39.5874,1.6751,-1.2237
1038.026,4,-39.5841,1.6747,-1.2256
1038.037,4,-39.5804,1.6742,-1.2273
1038.049,4,-39.5767,1.6733,-1.2289
1038.061,4,-39.5730,1.6728,-1.2304
1038.072,4,-39.5690,1.6723,-1.2319
1038.084,4,-39.5651,1.6720,-1.2333
1038.104,4,-39.5604,1.6721,-1.2346
1038.119,4,-39.5557,1.6722,-1.2359
1038.131,4,-39.5512,1.6720,-1.2372
1038.142,4,-39.5468,1.6719,-1.2385
1038.151,4,-39.5421,1.6716,-1.2398
1038.165,4,-39.5373,1.6712,-1.2411
1038.176,4,-39.5326,1.6709,-1.2423
1038.187,4,-39.5275,1.6704,-1.2433
1038.196,4,-39.5225,1.6697,-1.2443
1038.208,4,-39.5172,1.6688,-1.2450
1038.221,4,-39.5119,1.6682,-1.2458
1038.229,4,-39.5065,1.6674,-1.2466
1038.242,4,-39.5008,1.6666,-1.2472
1038.254,4,-39.4952,1.6660,-1.2476
1038.265,4,-39.4893,1.6652,-1.2479
1038.277,4,-39.4833,1.6643,-1.2481
1038.286,4,-39.4774,1.6633,-1.2483
1038.298,4,-39.4710,1.6623,-1.2486
1038.311,4,-39.4647,1.6614,-1.2491
1038.321,4,-39.4583,1.6604,-1.2495
1038.334,4,-39.4518,1.6594,-1.2500
1038.344,4,-39.4452,1.6583,-1.2503
1038.353,4,-39.4387,1.6571,-1.2506
1038.367,4,-39.4318,1.6558,-1.2509
1038.375,4,-39.4248,1.6546,-1.2511
1038.389,4,-39.4174,1.6534,-1.2513
1038.398,4,-39.4101,1.6523,-1.2515
1038.412,4,-39.4026,1.6514,-1.2516
1038.421,4,-39.3952,1.6505,-1.2518
1038.437,4,-39.3877,1.6498,-1.2519
1038.446,4,-39.3800,1.6490,-1.2521
1038.456,4,-39.3723,1.6487,-1.2522
1038.474,4,-39.3643,1.6495,-1.2526
1038.483,4,-39.3565,1.6501,-1.2528
1038.499,4,-39.3482,1.6531,-1.2530
1038.508,4,-39.3404,1.6547,-1.2531
1038.524,4,-39.3246,1.6589,-1.2536
1038.533,4,-39.3167,1.6613,-1.2539
1038.549,4,-39.3092,1.6640,-1.2545
1038.563,4,-39.3014,1.6663,-1.2551
1038.574,4,-39.2938,1.6682,-1.2558
1038.583,4,-39.2863,1.6695,-1.2567
1038.593,4,-39.2791,1.6706,-1.2575
1038.607,4,-39.2723,1.6710,-1.2587
1038.618,4,-39.2653,1.6720,-1.2598
1038.629,4,-39.2583,1.6730,-1.2612
1038.637,4,-39.2513,1.6741,-1.2623
1038.651,4,-39.2442,1.6751,-1.2638
1038.660,4,-39.2373,1.6762,-1.2651
1038.674,4,-39.2305,1.6771,-1.2665
1038.684,4,-39.2236,1.6783,-1.2678
1038.694,4,-39.2167,1.6794,-1.2692
1038.707,4,-39.2099,1.6804,-1.2707
1038.717,4,-39.2031,1.6812,-1.2721
1038.730,4,-39.1962,1.6818,-1.2736
1038.739,4,-39.1893,1.6823,-1.2752
1038.752,4,-39.1823,1.6827,-1.2768
1038.761,4,-39.1753,1.6829,-1.2784
1038.774,4,-39.1688,1.6830,-1.2799
1038.785,4,-39.1618,1.6830,-1.2815
1038.795,4,-39.1547,1.6831,-1.2832
1038.807,4,-39.1476,1.6828,-1.2849
1038.816,4,-39.1404,1.6825,-1.2865
1038.829,4,-39.1333,1.6820,-1.2882
1038.838,4,-39.1261,1.6814,-1.2899
1038.852,4,-39.1187,1.6808,-1.2916
1038.861,4,-39.1116,1.6802,-1.2933
1038.874,4,-39.1042,1.6794,-1.2951
1038.888,4,-39.0963,1.6780,-1.2972
1038.897,4,-39.0889,1.6769,-1.2991
1038.908,4,-39.0813,1.6753,-1.3010
1038.917,4,-39.0737,1.6738,-1.3029
1038.927,4,-39.0661,1.6719,-1.3049
1038.943,4,-39.0584,1.6698,-1.3071
1038.956,4,-39.0507,1.6681,-1.3093
1038.966,4,-39.0429,1.6666,-1.3115
1038.977,4,-39.0351,1.6654,-1.3136
1038.985,4,-39.0273,1.6642,-1.3157
1038.996,4,-39.0192,1.6631,-1.3180
1039.008,4,-39.0110,1.6623,-1.3203
1039.018,4,-39.0028,1.6615,-1.3227
1039.031,4,-38.9944,1.6610,-1.3252
1039.043,4,-38.9861,1.6610,-1.3276
1039.052,4,-38.9779,1.6612,-1.3301
1039.065,4,-38.9692,1.6627,-1.3326
1039.077,4,-38.9606,1.6643,-1.3352
1039.086,4,-38.9519,1.6660,-1.3377
1039.098,4,-38.9432,1.6679,-1.3402
1039.111,4,-38.9344,1.6697,-1.3426
1039.121,4,-38.9255,1.6712,-1.3451
1039.133,4,-38.9166,1.6728,-1.3473
1039.145,4,-38.9081,1.6742,-1.3493
1039.156,4,-38.8996,1.6754,-1.3512
1039.169,4,-38.8913,1.6762,-1.3531
1039.181,4,-38.8830,1.6765,-1.3549
1039.191,4,-38.8745,1.6770,-1.3567
1039.203,4,-38.8661,1.6777,-1.3585
1039.215,4,-38.8575,1.6790,-1.3601
1039.225,4,-38.8489,1.6804,-1.3618
1039.237,4,-38.8403,1.6818,-1.3632
1039.249,4,-38.8315,1.6832,-1.3646
1039.260,4,-38.8227,1.6846,-1.3659
1039.272,4,-38.8138,1.6860,-1.3672
1039.284,4,-38.8049,1.6872,-1.3683
1039.293,4,-38.7961,1.6882,-1.3694
1039.307,4,-38.7871,1.6888,-1.3702
1039.319,4,-38.7782,1.6892,-1.3711
1039.329,4,-38.7693,1.6895,-1.3720
1039.340,4,-38.7604,1.6893,-1.3728
1039.352,4,-38.7514,1.6889,-1.3735
1039.365,4,-38.7425,1.6884,-1.3742
1039.374,4,-38.7335,1.6879,-1.3749
1039.387,4,-38.7244,1.6871,-1.3755
1039.399,4,-38.7151,1.6861,-1.3759
1039.408,4,-38.7060,1.6852,-1.3765
1039.420,4,-38.6967,1.6840,-1.3768
1039.432,4,-38.6872,1.6826,-1.3771
1039.441,4,-38.6778,1.6814,-1.3773
1039.454,4,-38.6684,1.6797,-1.3774
1039.465,4,-38.6589,1.6777,-1.3774
1039.476,4,-38.6496,1.6758,-1.3775
1039.489,4,-38.6401,1.6734,-1.3774
1039.501,4,-38.6306,1.6712,-1.3773
1039.510,4,-38.6212,1.6691,-1.3772
1039.520,4,-38.6117,1.6670,-1.3769
1039.531,4,-38.6022,1.6653,-1.3765
1039.543,4,-38.5924,1.6637,-1.3760
1039.554,4,-38.5824,1.6623,-1.3754
1039.566,4,-38.5725,1.6612,-1.3746
1039.578,4,-38.5625,1.6604,-1.3738
1039.589,4,-38.5524,1.6600,-1.3730
1039.601,4,-38.5421,1.6602,-1.3722
1039.613,4,-38.5317,1.6613,-1.3715
1039.625,4,-38.5212,1.6628,-1.3707
1039.636,4,-38.5107,1.6642,-1.3699
1039.652,4,-38.5002,1.6660,-1.3692
1039.663,4,-38.4899,1.6678,-1.3685
1039.671,4,-38.4795,1.6696,-1.3679
1039.681,4,-38.4691,1.6718,-1.3672
1039.693,4,-38.4587,1.6745,-1.3667
1039.705,4,-38.4486,1.6772,-1.3661
1039.717,4,-38.4388,1.6794,-1.3658
1039.728,4,-38.4288,1.6813,-1.3654
1039.739,4,-38.4188,1.6831,-1.3651
1039.750,4,-38.4092,1.6846,-1.3649
1039.763,4,-38.3994,1.6861,-1.3647
1039.774,4,-38.3896,1.6875,-1.3645
1039.785,4,-38.3799,1.6889,-1.3645
1039.796,4,-38.3702,1.6903,-1.3644
1039.808,4,-38.3607,1.6915,-1.3644
1039.818,4,-38.3514,1.6927,-1.3644
1039.830,4,-38.3421,1.6939,-1.3645
1039.841,4,-38.3326,1.6952,-1.3646
1039.852,4,-38.3232,1.6964,-1.3647
1039.863,4,-38.3139,1.6976,-1.3649
1039.875,4,-38.3045,1.6984,-1.3651
1039.886,4,-38.2950,1.6990,-1.3654
1039.897,4,-38.2856,1.6995,-1.3656
1039.908,4,-38.2762,1.6996,-1.3659
1039.920,4,-38.2666,1.6997,-1.3661
1039.932,4,-38.2573,1.6996,-1.3663
1039.943,4,-38.2478,1.6993,-1.3667
1039.953,4,-38.2383,1.6987,-1.3670
1039.964,4,-38.2288,1.6982,-1.3674
1039.975,4,-38.2194,1.6973,-1.3678
1039.987,4,-38.2099,1.6964,-1.3682
1039.997,4,-38.2004,1.6953,-1.3686
1040.008,4,-38.1908,1.6941,-1.3691
1040.020,4,-38.1811,1.6928,-1.3696
1040.031,4,-38.1714,1.6914,-1.3702
1040.042,4,-38.1612,1.6899,-1.3709
1040.053,4,-38.1511,1.6881,-1.3717
1040.065,4,-38.1409,1.6861,-1.3725
1040.077,4,-38.1307,1.6841,-1.3735
1040.088,4,-38.1204,1.6819,-1.3745
1040.100,4,-38.1100,1.6797,-1.3756
1040.112,4,-38.0996,1.6775,-1.3768
1040.124,4,-38.0891,1.6757,-1.3782
1040.136,4,-38.0787,1.6743,-1.3796
1040.147,4,-38.0682,1.6732,-1.3810
1040.158,4,-38.0577,1.6723,-1.3826
1040.170,4,-38.0471,1.6718,-1.3842
1040.181,4,-38.0364,1.6718,-1.3860
1040.193,4,-38.0255,1.6725,-1.3879
1040.204,4,-38.0145,1.6739,-1.3899
1040.216,4,-38.0036,1.6754,-1.3919
1040.228,4,-37.9928,1.6773,-1.3938
1040.239,4,-37.9824,1.6795,-1.3958
1040.250,4,-37.9715,1.6820,-1.3976
1040.262,4,-37.9608,1.6842,-1.3994
1040.273,4,-37.9504,1.6860,-1.4008
1040.284,4,-37.9405,1.6874,-1.4022
1040.296,4,-37.9306,1.6886,-1.4034
1040.307,4,-37.9208,1.6896,-1.4046
1040.318,4,-37.9110,1.6906,-1.4058
1040.329,4,-37.9016,1.6916,-1.4068
1040.340,4,-37.8921,1.6926,-1.4077
1040.352,4,-37.8826,1.6938,-1.4088
1040.363,4,-37.8729,1.6951,-1.4098
1040.374,4,-37.8632,1.6966,-1.4106
1040.386,4,-37.8536,1.6981,-1.4114
1040.397,4,-37.8441,1.6997,-1.4121
1040.408,4,-37.8345,1.7012,-1.4126
1040.419,4,-37.8250,1.7025,-1.4131
1040.431,4,-37.8157,1.7034,-1.4135
1040.442,4,-37.8063,1.7040,-1.4140
1040.453,4,-37.7968,1.7046,-1.4145
1040.464,4,-37.7872,1.7048,-1.4149
1040.475,4,-37.7776,1.7049,-1.4154
1040.486,4,-37.7681,1.7048,-1.4156
1040.497,4,-37.7586,1.7045,-1.4158
1040.509,4,-37.7490,1.7041,-1.4159
1040.520,4,-37.7394,1.7035,-1.4160
1040.531,4,-37.7297,1.7028,-1.4160
1040.542,4,-37.7201,1.7018,-1.4159
1040.553,4,-37.7104,1.7007,-1.4158
1040.564,4,-37.7006,1.6994,-1.4157
1040.576,4,-37.6909,1.6978,-1.4156
1040.589,4,-37.6811,1.6960,-1.4155
1040.600,4,-37.6715,1.6940,-1.4153
1040.609,4,-37.6617,1.6920,-1.4151
1040.621,4,-37.6519,1.6896,-1.4148
1040.630,4,-37.6422,1.6876,-1.4146
1040.642,4,-37.6323,1.6855,-1.4142
1040.654,4,-37.6227,1.6839,-1.4139
1040.664,4,-37.6127,1.6826,-1.4136
1040.675,4,-37.6025,1.6817,-1.4133
1040.687,4,-37.5919,1.6807,-1.4129
1040.698,4,-37.5812,1.6799,-1.4126
1040.710,4,-37.5705,1.6793,-1.4122
1040.722,4,-37.5598,1.6790,-1.4118
1040.733,4,-37.5490,1.6793,-1.4115
1040.745,4,-37.5382,1.6801,-1.4112
1040.756,4,-37.5275,1.6814,-1.4109
1040.767,4,-37.5166,1.6826,-1.4105
1040.779,4,-37.5058,1.6840,-1.4101
1040.791,4,-37.4949,1.6857,-1.4099
1040.803,4,-37.4840,1.6875,-1.4097
1040.814,4,-37.4731,1.6894,-1.4095
1040.825,4,-37.4624,1.6916,-1.4094
1040.837,4,-37.4518,1.6937,-1.4094
1040.848,4,-37.4412,1.6955,-1.4095
1040.860,4,-37.4307,1.6967,-1.4098
1040.872,4,-37.4205,1.6977,-1.4102
1040.883,4,-37.4104,1.6986,-1.4107
1040.895,4,-37.4005,1.6997,-1.4111
1040.906,4,-37.3904,1.7010,-1.4116
1040.918,4,-37.3806,1.7024,-1.4122
1040.929,4,-37.3707,1.7036,-1.4128
1040.940,4,-37.3610,1.7048,-1.4135
1040.951,4,-37.3513,1.7061,-1.4142
1040.964,4,-37.3416,1.7078,-1.4149
1040.976,4,-37.3318,1.7096,-1.4157
1040.984,4,-37.3221,1.7111,-1.4165
1040.996,4,-37.3124,1.7125,-1.4174
1041.007,4,-37.3027,1.7135,-1.4183
1041.019,4,-37.2930,1.7142,-1.4192
1041.030,4,-37.2834,1.7147,-1.4202
1041.041,4,-37.2738,1.7151,-1.4211
1041.052,4,-37.2642,1.7153,-1.4221
1041.065,4,-37.2546,1.7153,-1.4232
1041.075,4,-37.2451,1.7152,-1.4242
1041.086,4,-37.2355,1.7147,-1.4254
1041.098,4,-37.2258,1.7138,-1.4266
1041.110,4,-37.2162,1.7127,-1.4278
1041.121,4,-37.2066,1.7115,-1.4291
1041.131,4,-37.1969,1.7103,-1.4302
1041.142,4,-37.1873,1.7090,-1.4315
1041.153,4,-37.1777,1.7074,-1.4328
1041.164,4,-37.1676,1.7057,-1.4342
1041.176,4,-37.1576,1.7037,-1.4356
1041.188,4,-37.1476,1.7016,-1.4371
1041.199,4,-37.1376,1.6992,-1.4385
1041.210,4,-37.1275,1.6970,-1.4400
1041.222,4,-37.1173,1.6949,-1.4415
1041.234,4,-37.1069,1.6932,-1.4431
1041.246,4,-37.0965,1.6919,-1.4448
1041.257,4,-37.0861,1.6908,-1.4465
1041.268,4,-37.0756,1.6900,-1.4482
1041.280,4,-37.0650,1.6894,-1.4500
1041.292,4,-37.0544,1.6892,-1.4519
1041.303,4,-37.0437,1.6893,-1.4538
1041.315,4,-37.0329,1.6903,-1.4557
1041.327,4,-37.0222,1.6917,-1.4577
1041.338,4,-37.0115,1.6932,-1.4598
1041.350,4,-37.0010,1.6949,-1.4617
1041.363,4,-36.9908,1.6967,-1.4637
1041.374,4,-36.9806,1.6985,-1.4656
1041.386,4,-36.9708,1.6999,-1.4673
1041.396,4,-36.9611,1.7011,-1.4688
1041.407,4,-36.9517,1.7022,-1.4702
1041.418,4,-36.9423,1.7033,-1.4714
1041.430,4,-36.9332,1.7044,-1.4726
1041.441,4,-36.9239,1.7057,-1.4738
1041.452,4,-36.9148,1.7070,-1.4748
1041.463,4,-36.9057,1.7085,-1.4759
1041.474,4,-36.8965,1.7102,-1.4770
1041.486,4,-36.8873,1.7121,-1.4782
1041.497,4,-36.8782,1.7139,-1.4792
1041.508,4,-36.8690,1.7157,-1.4802
1041.520,4,-36.8598,1.7176,-1.4811
1041.530,4,-36.8506,1.7196,-1.4819
1041.542,4,-36.8415,1.7214,-1.4828
1041.553,4,-36.8325,1.7231,-1.4835
1041.564,4,-36.8236,1.7244,-1.4842
1041.576,4,-36.8147,1.7255,-1.4850
1041.587,4,-36.8057,1.7264,-1.4858
1041.598,4,-36.7968,1.7267,-1.4864
1041.609,4,-36.7879,1.7268,-1.4872
1041.621,4,-36.7790,1.7264,-1.4878
1041.631,4,-36.7699,1.7261,-1.4884
1041.643,4,-36.7609,1.7254,-1.4890
1041.653,4,-36.7517,1.7248,-1.4895
1041.665,4,-36.7426,1.7239,-1.4900
1041.676,4,-36.7334,1.7229,-1.4904
1041.686,4,-36.7241,1.7218,-1.4908
1041.698,4,-36.7148,1.7206,-1.4912
1041.709,4,-36.7051,1.7193,-1.4915
1041.721,4,-36.6956,1.7174,-1.4918
1041.732,4,-36.6860,1.7154,-1.4921
1041.744,4,-36.6764,1.7132,-1.4924
1041.755,4,-36.6669,1.7110,-1.4925
1041.767,4,-36.6573,1.7089,-1.4927
1041.778,4,-36.6477,1.7068,-1.4928
1041.791,4,-36.6381,1.7050,-1.4928
1041.802,4,-36.6284,1.7033,-1.4928
1041.813,4,-36.6187,1.7019,-1.4927
1041.825,4,-36.6089,1.7007,-1.4925
1041.836,4,-36.5990,1.6998,-1.4923
1041.848,4,-36.5892,1.6992,-1.4920
1041.860,4,-36.5792,1.6989,-1.4917
1041.872,4,-36.5693,1.6993,-1.4914
1041.883,4,-36.5594,1.7004,-1.4910
1041.894,4,-36.5495,1.7016,-1.4906
1041.906,4,-36.5397,1.7027,-1.4902
1041.918,4,-36.5300,1.7036,-1.4898
1041.929,4,-36.5204,1.7049,-1.4894
1041.940,4,-36.5108,1.7066,-1.4891
1041.952,4,-36.5013,1.7085,-1.4887
1041.964,4,-36.4920,1.7108,-1.4883
1041.974,4,-36.4826,1.7127,-1.4880
1041.987,4,-36.4734,1.7143,-1.4877
1041.998,4,-36.4641,1.7158,-1.4876
1042.009,4,-36.4550,1.7171,-1.4875
1042.021,4,-36.4461,1.7184,-1.4875
1042.031,4,-36.4373,1.7196,-1.4875
1042.043,4,-36.4284,1.7207,-1.4877
1042.053,4,-36.4192,1.7220,-1.4878
1042.065,4,-36.4101,1.7231,-1.4881
1042.076,4,-36.4010,1.7243,-1.4885
1042.088,4,-36.3921,1.7257,-1.4889
1042.099,4,-36.3831,1.7272,-1.4892
1042.111,4,-36.3743,1.7288,-1.4897
1042.123,4,-36.3655,1.7305,-1.4901
1042.134,4,-36.3569,1.7320,-1.4907
1042.146,4,-36.3482,1.7332,-1.4911
1042.158,4,-36.3396,1.7341,-1.4917
1042.169,4,-36.3310,1.7348,-1.4923
1042.180,4,-36.3224,1.7354,-1.4929
1042.192,4,-36.3138,1.7358,-1.4935
1042.204,4,-36.3052,1.7360,-1.4941
1042.215,4,-36.2965,1.7360,-1.4948
1042.227,4,-36.2879,1.7359,-1.4954
1042.239,4,-36.2792,1.7355,-1.4962
1042.250,4,-36.2707,1.7353,-1.4968
1042.261,4,-36.2623,1.7347,-1.4976
1042.273,4,-36.2538,1.7340,-1.4984
1042.284,4,-36.2453,1.7332,-1.4992
1042.295,4,-36.2368,1.7321,-1.5000
1042.307,4,-36.2282,1.7309,-1.5008
1042.319,4,-36.2198,1.7297,-1.5016
1042.329,4,-36.2113,1.7283,-1.5025
1042.340,4,-36.2028,1.7266,-1.5034
1042.352,4,-36.1943,1.7248,-1.5042
1042.363,4,-36.1859,1.7227,-1.5053
1042.374,4,-36.1775,1.7209,-1.5063
1042.385,4,-36.1690,1.7195,-1.5073
1042.396,4,-36.1605,1.7182,-1.5085
1042.408,4,-36.1520,1.7171,-1.5097
1042.419,4,-36.1434,1.7161,-1.5109
1042.430,4,-36.1349,1.7150,-1.5121
1042.441,4,-36.1263,1.7140,-1.5135
1042.452,4,-36.1177,1.7133,-1.5148
1042.464,4,-36.1091,1.7132,-1.5162
1042.475,4,-36.1004,1.7136,-1.5176
1042.486,4,-36.0919,1.7143,-1.5191
1042.495,4,-36.0834,1.7146,-1.5206
1042.508,4,-36.0751,1.7153,-1.5223
1042.520,4,-36.0669,1.7161,-1.5239
1042.531,4,-36.0588,1.7171,-1.5253
1042.541,4,-36.0507,1.7182,-1.5268
1042.553,4,-36.0426,1.7194,-1.5281
1042.564,4,-36.0347,1.7206,-1.5295
1042.574,4,-36.0268,1.7217,-1.5307
1042.586,4,-36.0191,1.7226,-1.5318
1042.597,4,-36.0115,1.7233,-1.5329
1042.608,4,-36.0040,1.7237,-1.5338
1042.620,4,-35.9966,1.7241,-1.5347
1042.631,4,-35.9892,1.7246,-1.5355
1042.642,4,-35.9814,1.7254,-1.5364
1042.654,4,-35.9737,1.7262,-1.5371
1042.666,4,-35.9659,1.7272,-1.5379
1042.677,4,-35.9583,1.7283,-1.5385
1042.688,4,-35.9506,1.7295,-1.5391
1042.700,4,-35.9430,1.7312,-1.5395
1042.711,4,-35.9354,1.7328,-1.5398
1042.723,4,-35.9279,1.7341,-1.5402
1042.735,4,-35.9206,1.7351,-1.5405
1042.747,4,-35.9132,1.7358,-1.5409
1042.758,4,-35.9059,1.7362,-1.5412
1042.770,4,-35.8986,1.7363,-1.5414
1042.782,4,-35.8913,1.7364,-1.5416
1042.794,4,-35.8840,1.7364,-1.5417
1042.805,4,-35.8766,1.7362,-1.5417
1042.816,4,-35.8693,1.7360,-1.5417
1042.828,4,-35.8619,1.7358,-1.5417
1042.838,4,-35.8549,1.7356,-1.5416
1042.850,4,-35.8476,1.7353,-1.5415
1042.861,4,-35.8404,1.7349,-1.5414
1042.873,4,-35.8331,1.7345,-1.5411
1042.885,4,-35.8258,1.7337,-1.5410
1042.896,4,-35.8187,1.7329,-1.5407
1042.908,4,-35.8117,1.7319,-1.5404
1042.916,4,-35.8045,1.7309,-1.5401
1042.931,4,-35.7974,1.7298,-1.5397
1042.946,4,-35.7903,1.7286,-1.5392
1042.956,4,-35.7831,1.7276,-1.5387
1042.964,4,-35.7761,1.7266,-1.5383
1042.977,4,-35.7689,1.7254,-1.5376
1042.987,4,-35.7617,1.7245,-1.5368
1042.999,4,-35.7546,1.7237,-1.5361
1043.008,4,-35.7473,1.7232,-1.5353
1043.017,4,-35.7398,1.7227,-1.5344
1043.030,4,-35.7324,1.7223,-1.5334
1043.042,4,-35.7250,1.7219,-1.5323
1043.054,4,-35.7176,1.7215,-1.5311
1043.062,4,-35.7103,1.7211,-1.5300
1043.078,4,-35.7031,1.7215,-1.5285
1043.089,4,-35.6958,1.7221,-1.5269
1043.097,4,-35.6885,1.7223,-1.5255
1043.111,4,-35.6812,1.7231,-1.5239
1043.124,4,-35.6741,1.7239,-1.5223
1043.132,4,-35.6670,1.7247,-1.5209
1043.147,4,-35.6600,1.7261,-1.5194
1043.155,4,-35.6530,1.7274,-1.5179
1043.170,4,-35.6462,1.7287,-1.5163
1043.179,4,-35.6394,1.7298,-1.5149
1043.193,4,-35.6327,1.7307,-1.5135
1043.206,4,-35.6263,1.7316,-1.5122
1043.215,4,-35.6197,1.7326,-1.5109
1043.224,4,-35.6132,1.7336,-1.5097
1043.239,4,-35.6068,1.7343,-1.5085
1043.254,4,-35.6006,1.7346,-1.5076
1043.267,4,-35.5880,1.7356,-1.5055
1043.280,4,-35.5818,1.7359,-1.5047
1043.293,4,-35.5756,1.7364,-1.5039
1043.301,4,-35.5696,1.7369,-1.5031
1043.316,4,-35.5638,1.7375,-1.5024
1043.324,4,-35.5580,1.7381,-1.5015
1043.338,4,-35.5525,1.7386,-1.5009
1043.346,4,-35.5469,1.7392,-1.5001
1043.361,4,-35.5416,1.7397,-1.4995
1043.369,4,-35.5362,1.7402,-1.4988
1043.384,4,-35.5311,1.7406,-1.4982
1043.393,4,-35.5258,1.7410,-1.4976
1043.402,4,-35.5203,1.7415,-1.4969
1043.417,4,-35.5162,1.7412,-1.4965
1043.425,4,-35.5112,1.7413,-1.4960
1043.439,4,-35.5065,1.7413,-1.4956
1043.447,4,-35.5017,1.7413,-1.4952
1043.462,4,-35.4973,1.7410,-1.4949
1043.469,4,-35.4926,1.7409,-1.4947
1043.484,4,-35.4883,1.7404,-1.4945
1043.492,4,-35.4839,1.7401,-1.4942
1043.506,4,-35.4796,1.7396,-1.4941
1043.515,4,-35.4754,1.7391,-1.4939
1043.529,4,-35.4713,1.7387,-1.4938
1043.537,4,-35.4672,1.7382,-1.4937
1043.552,4,-35.4632,1.7375,-1.4937
1043.559,4,-35.4591,1.7369,-1.4936
1043.575,4,-35.4552,1.7365,-1.4939
1043.582,4,-35.4513,1.7361,-1.4940
1043.598,4,-35.4476,1.7358,-1.4943
1043.605,4,-35.4439,1.7355,-1.4945
1043.620,4,-35.4403,1.7352,-1.4949
1043.629,4,-35.4366,1.7349,-1.4953
1043.643,4,-35.4331,1.7345,-1.4957
1043.651,4,-35.4296,1.7342,-1.4961
1043.666,4,-35.4264,1.7338,-1.4968
1043.674,4,-35.4229,1.7335,-1.4972
1043.689,4,-35.4195,1.7331,-1.4977
1043.697,4,-35.4163,1.7326,-1.4982
1043.712,4,-35.4132,1.7322,-1.4990
1043.724,4,-35.4099,1.7323,-1.4999
1043.735,4,-35.4066,1.7326,-1.5006
1043.744,4,-35.4033,1.7329,-1.5011
1043.758,4,-35.4001,1.7332,-1.5017
1043.766,4,-35.3968,1.7333,-1.5022
1043.781,4,-35.3938,1.7331,-1.5029
1043.791,4,-35.3908,1.7330,-1.5034
1043.805,4,-35.3879,1.7331,-1.5046
1043.814,4,-35.3851,1.7332,-1.5050
1043.829,4,-35.3823,1.7335,-1.5056
1043.838,4,-35.3794,1.7337,-1.5061
1043.853,4,-35.3765,1.7340,-1.5064
1043.861,4,-35.3736,1.7344,-1.5069
1043.877,4,-35.3680,1.7353,-1.5076
1043.886,4,-35.3653,1.7359,-1.5080
1043.902,4,-35.3624,1.7365,-1.5082
1043.911,4,-35.3596,1.7372,-1.5085
1043.927,4,-35.3568,1.7379,-1.5085
1043.935,4,-35.3542,1.7386,-1.5087
1043.952,4,-35.3516,1.7392,-1.5087
1043.959,4,-35.3490,1.7397,-1.5088
1043.976,4,-35.3464,1.7400,-1.5092
1043.985,4,-35.3439,1.7404,-1.5094
1044.001,4,-35.3387,1.7412,-1.5092
1044.009,4,-35.3361,1.7417,-1.5093
1044.027,4,-35.3336,1.7423,-1.5089
1044.035,4,-35.3312,1.7428,-1.5086
1044.052,4,-35.3264,1.7440,-1.5081
1044.060,4,-35.3218,1.7449,-1.5076
1044.083,4,-35.3178,1.7454,-1.5067
1044.098,4,-35.3137,1.7460,-1.5058
1044.119,4,-35.3104,1.7462,-1.5046
1044.141,4,-35.3071,1.7460,-1.5032
1044.164,4,-35.3044,1.7459,-1.5018
1044.188,4,-35.3020,1.7452,-1.5002
1044.211,4,-35.2998,1.7449,-1.4988
1044.233,4,-35.2973,1.7466,-1.4970
1044.257,4,-35.2947,1.7481,-1.4951
1044.280,4,-35.2925,1.7470,-1.4933
1044.303,4,-35.2903,1.7479,-1.4918
1044.326,4,-35.2882,1.7476,-1.4903
1044.349,4,-35.2862,1.7458,-1.4889
1044.372,4,-35.2840,1.7446,-1.4881
1044.396,4,-35.2822,1.7434,-1.4869
1044.419,4,-35.2804,1.7423,-1.4861
1044.442,4,-35.2787,1.7421,-1.4856
1044.465,4,-35.2770,1.7426,-1.4846
1044.487,4,-35.2753,1.7438,-1.4839
1044.510,4,-35.2734,1.7450,-1.4833
1044.533,4,-35.2715,1.7460,-1.4823
1044.555,4,-35.2696,1.7465,-1.4817
1044.578,4,-35.2679,1.7468,-1.4813
1044.600,4,-35.2664,1.7465,-1.4807
1044.623,4,-35.2649,1.7462,-1.4807
1044.646,4,-35.2638,1.7455,-1.4797
1044.668,4,-35.2627,1.7449,-1.4791
1044.691,4,-35.2618,1.7445,-1.4785
1044.713,4,-35.2609,1.7442,-1.4779
1044.736,4,-35.2599,1.7443,-1.4777
1044.759,4,-35.2590,1.7444,-1.4772

# --- Trial 5 start ---
1053.391,5,-39.6096,1.6892,-1.2158
1053.454,5,-39.6083,1.6886,-1.2132
1053.462,5,-39.6075,1.6884,-1.2120
1053.476,5,-39.6065,1.6883,-1.2106
1053.485,5,-39.6060,1.6883,-1.2100
1053.504,5,-39.6054,1.6882,-1.2093
1053.517,5,-39.6037,1.6881,-1.2075
1053.528,5,-39.6024,1.6881,-1.2063
1053.549,5,-39.6008,1.6882,-1.2051
1053.576,5,-39.5991,1.6881,-1.2037
1053.603,5,-39.5970,1.6881,-1.2025
1053.614,5,-39.5950,1.6881,-1.2015
1053.637,5,-39.5929,1.6876,-1.2005
1053.659,5,-39.5907,1.6860,-1.1997
1053.681,5,-39.5887,1.6838,-1.1988
1053.704,5,-39.5866,1.6807,-1.1980
1053.726,5,-39.5845,1.6790,-1.1975
1053.748,5,-39.5823,1.6781,-1.1974
1053.771,5,-39.5803,1.6787,-1.1978
1053.793,5,-39.5783,1.6805,-1.1983
1053.816,5,-39.5762,1.6824,-1.1990
1053.837,5,-39.5743,1.6846,-1.1999
1053.860,5,-39.5723,1.6867,-1.2007
1053.883,5,-39.5702,1.6878,-1.2016
1053.905,5,-39.5679,1.6881,-1.2029
1053.928,5,-39.5655,1.6878,-1.2040
1053.951,5,-39.5630,1.6870,-1.2051
1053.973,5,-39.5602,1.6861,-1.2064
1053.995,5,-39.5577,1.6849,-1.2077
1054.018,5,-39.5568,1.6838,-1.2083
1054.035,5,-39.5556,1.6830,-1.2090
1054.047,5,-39.5544,1.6824,-1.2097
1054.059,5,-39.5531,1.6818,-1.2103
1054.067,5,-39.5518,1.6813,-1.2111
1054.080,5,-39.5504,1.6809,-1.2120
1054.091,5,-39.5490,1.6804,-1.2129
1054.102,5,-39.5475,1.6799,-1.2138
1054.114,5,-39.5461,1.6797,-1.2147
1054.123,5,-39.5443,1.6818,-1.2157
1054.136,5,-39.5414,1.6875,-1.2169
1054.147,5,-39.5394,1.6909,-1.2180
1054.159,5,-39.5371,1.6929,-1.2191
1054.171,5,-39.5348,1.6939,-1.2201
1054.183,5,-39.5330,1.6939,-1.2214
1054.195,5,-39.5312,1.6929,-1.2227
1054.207,5,-39.5291,1.6914,-1.2240
1054.217,5,-39.5273,1.6904,-1.2254
1054.227,5,-39.5253,1.6898,-1.2267
1054.241,5,-39.5234,1.6895,-1.2282
1054.250,5,-39.5216,1.6892,-1.2295
1054.264,5,-39.5196,1.6885,-1.2309
1054.276,5,-39.5177,1.6876,-1.2322
1054.284,5,-39.5157,1.6869,-1.2335
1054.298,5,-39.5136,1.6863,-1.2349
1054.311,5,-39.5115,1.6860,-1.2363
1054.319,5,-39.5094,1.6858,-1.2379
1054.333,5,-39.5073,1.6857,-1.2393
1054.342,5,-39.5053,1.6855,-1.2407
1054.356,5,-39.5032,1.6855,-1.2421
1054.368,5,-39.5013,1.6852,-1.2433
1054.377,5,-39.4990,1.6850,-1.2446
1054.391,5,-39.4968,1.6849,-1.2458
1054.403,5,-39.4948,1.6847,-1.2471
1054.411,5,-39.4925,1.6845,-1.2481
1054.425,5,-39.4900,1.6843,-1.2492
1054.440,5,-39.4873,1.6840,-1.2503
1054.458,5,-39.4845,1.6835,-1.2513
1054.467,5,-39.4819,1.6830,-1.2523
1054.481,5,-39.4790,1.6823,-1.2535
1054.490,5,-39.4763,1.6816,-1.2545
1054.503,5,-39.4735,1.6804,-1.2554
1054.513,5,-39.4707,1.6794,-1.2563
1054.525,5,-39.4677,1.6785,-1.2572
1054.534,5,-39.4645,1.6776,-1.2582
1054.547,5,-39.4611,1.6769,-1.2591
1054.556,5,-39.4578,1.6763,-1.2601
1054.570,5,-39.4544,1.6757,-1.2608
1054.579,5,-39.4508,1.6752,-1.2616
1054.592,5,-39.4471,1.6746,-1.2622
1054.601,5,-39.4434,1.6742,-1.2630
1054.614,5,-39.4394,1.6739,-1.2638
1054.625,5,-39.4354,1.6738,-1.2646
1054.636,5,-39.4313,1.6739,-1.2654
1054.649,5,-39.4270,1.6739,-1.2659
1054.662,5,-39.4225,1.6737,-1.2665
1054.674,5,-39.4180,1.6733,-1.2670
1054.683,5,-39.4135,1.6730,-1.2675
1054.694,5,-39.4087,1.6727,-1.2681
1054.705,5,-39.4038,1.6721,-1.2685
1054.718,5,-39.3988,1.6714,-1.2689
1054.730,5,-39.3938,1.6706,-1.2693
1054.739,5,-39.3887,1.6697,-1.2697
1054.752,5,-39.3834,1.6686,-1.2701
1054.765,5,-39.3777,1.6674,-1.2704
1054.775,5,-39.3721,1.6662,-1.2708
1054.786,5,-39.3663,1.6650,-1.2709
1054.799,5,-39.3604,1.6637,-1.2713
1054.811,5,-39.3543,1.6621,-1.2711
1054.822,5,-39.3483,1.6605,-1.2711
1054.831,5,-39.3423,1.6588,-1.2710
1054.844,5,-39.3359,1.6571,-1.2708
1054.856,5,-39.3294,1.6556,-1.2707
1054.868,5,-39.3229,1.6542,-1.2703
1054.879,5,-39.3160,1.6530,-1.2701
1054.890,5,-39.3092,1.6517,-1.2696
1054.899,5,-39.3024,1.6508,-1.2691
1054.912,5,-39.2956,1.6502,-1.2683
1054.925,5,-39.2888,1.6499,-1.2676
1054.936,5,-39.2818,1.6499,-1.2668
1054.945,5,-39.2746,1.6501,-1.2661
1054.957,5,-39.2671,1.6514,-1.2651
1054.969,5,-39.2597,1.6526,-1.2642
1054.981,5,-39.2523,1.6545,-1.2633
1054.991,5,-39.2449,1.6565,-1.2623
1055.002,5,-39.2374,1.6587,-1.2614
1055.014,5,-39.2299,1.6613,-1.2606
1055.025,5,-39.2223,1.6638,-1.2596
1055.036,5,-39.2146,1.6664,-1.2588
1055.047,5,-39.2069,1.6688,-1.2581
1055.060,5,-39.1994,1.6708,-1.2573
1055.069,5,-39.1921,1.6727,-1.2565
1055.081,5,-39.1847,1.6741,-1.2560
1055.093,5,-39.1771,1.6753,-1.2557
1055.101,5,-39.1694,1.6765,-1.2552
1055.115,5,-39.1617,1.6772,-1.2551
1055.131,5,-39.1541,1.6780,-1.2550
1055.144,5,-39.1388,1.6801,-1.2545
1055.157,5,-39.1312,1.6808,-1.2545
1055.170,5,-39.1236,1.6815,-1.2546
1055.181,5,-39.1160,1.6822,-1.2546
1055.193,5,-39.1085,1.6829,-1.2545
1055.204,5,-39.1009,1.6835,-1.2545
1055.216,5,-39.0934,1.6838,-1.2545
1055.228,5,-39.0856,1.6841,-1.2547
1055.241,5,-39.0779,1.6844,-1.2549
1055.251,5,-39.0699,1.6846,-1.2554
1055.263,5,-39.0621,1.6845,-1.2558
1055.275,5,-39.0541,1.6843,-1.2561
1055.287,5,-39.0462,1.6838,-1.2564
1055.299,5,-39.0384,1.6832,-1.2567
1055.310,5,-39.0305,1.6826,-1.2570
1055.318,5,-39.0225,1.6819,-1.2573
1055.332,5,-39.0143,1.6809,-1.2578
1055.353,5,-39.0058,1.6793,-1.2583
1055.366,5,-38.9897,1.6771,-1.2593
1055.379,5,-38.9815,1.6756,-1.2597
1055.391,5,-38.9732,1.6740,-1.2604
1055.405,5,-38.9647,1.6722,-1.2611
1055.417,5,-38.9559,1.6703,-1.2620
1055.429,5,-38.9476,1.6680,-1.2628
1055.442,5,-38.9388,1.6657,-1.2637
1055.454,5,-38.9217,1.6621,-1.2653
1055.468,5,-38.9125,1.6609,-1.2664
1055.481,5,-38.9033,1.6601,-1.2675
1055.494,5,-38.8849,1.6584,-1.2697
1055.506,5,-38.8752,1.6584,-1.2710
1055.522,5,-38.8656,1.6589,-1.2724
1055.536,5,-38.8560,1.6601,-1.2738
1055.548,5,-38.8461,1.6618,-1.2754
1055.561,5,-38.8363,1.6636,-1.2768
1055.573,5,-38.8166,1.6672,-1.2796
1055.586,5,-38.8065,1.6701,-1.2811
1055.600,5,-38.7966,1.6730,-1.2824
1055.614,5,-38.7869,1.6753,-1.2836
1055.627,5,-38.7772,1.6773,-1.2847
1055.639,5,-38.7578,1.6807,-1.2869
1055.652,5,-38.7482,1.6817,-1.2879
1055.667,5,-38.7390,1.6822,-1.2887
1055.680,5,-38.7298,1.6829,-1.2895
1055.693,5,-38.7203,1.6839,-1.2903
1055.706,5,-38.7015,1.6861,-1.2921
1055.718,5,-38.6921,1.6870,-1.2928
1055.734,5,-38.6831,1.6877,-1.2935
1055.747,5,-38.6739,1.6884,-1.2941
1055.760,5,-38.6559,1.6902,-1.2954
1055.773,5,-38.6469,1.6910,-1.2960
1055.788,5,-38.6377,1.6913,-1.2966
1055.802,5,-38.6286,1.6916,-1.2971
1055.815,5,-38.6193,1.6917,-1.2977
1055.827,5,-38.6101,1.6915,-1.2981
1055.839,5,-38.5919,1.6915,-1.2990
1055.852,5,-38.5826,1.6911,-1.2993
1055.867,5,-38.5731,1.6904,-1.2997
1055.881,5,-38.5638,1.6895,-1.3000
1055.893,5,-38.5541,1.6887,-1.3004
1055.906,5,-38.5448,1.6875,-1.3005
1055.919,5,-38.5260,1.6855,-1.3010
1055.932,5,-38.5164,1.6840,-1.3012
1055.946,5,-38.5066,1.6824,-1.3014
1055.959,5,-38.4969,1.6807,-1.3015
1055.972,5,-38.4870,1.6789,-1.3017
1055.985,5,-38.4674,1.6756,-1.3019
1055.998,5,-38.4574,1.6737,-1.3019
1056.014,5,-38.4475,1.6716,-1.3017
1056.026,5,-38.4375,1.6698,-1.3016
1056.039,5,-38.4274,1.6683,-1.3014
1056.052,5,-38.4171,1.6673,-1.3013
1056.064,5,-38.4071,1.6665,-1.3011
1056.078,5,-38.3867,1.6649,-1.3006
1056.092,5,-38.3763,1.6652,-1.3002
1056.105,5,-38.3659,1.6658,-1.2998
1056.118,5,-38.3450,1.6669,-1.2990
1056.131,5,-38.3343,1.6693,-1.2985
1056.145,5,-38.3240,1.6718,-1.2979
1056.158,5,-38.3136,1.6743,-1.2973
1056.171,5,-38.3032,1.6769,-1.2968
1056.183,5,-38.2928,1.6797,-1.2965
1056.195,5,-38.2722,1.6841,-1.2957
1056.208,5,-38.2624,1.6861,-1.2956
1056.223,5,-38.2529,1.6874,-1.2957
1056.236,5,-38.2434,1.6888,-1.2957
1056.249,5,-38.2339,1.6903,-1.2958
1056.260,5,-38.2242,1.6922,-1.2959
1056.273,5,-38.2143,1.6940,-1.2960
1056.285,5,-38.1949,1.6973,-1.2959
1056.296,5,-38.1850,1.6987,-1.2958
1056.311,5,-38.1750,1.7001,-1.2959
1056.323,5,-38.1652,1.7013,-1.2960
1056.336,5,-38.1555,1.7022,-1.2960
1056.349,5,-38.1457,1.7027,-1.2961
1056.361,5,-38.1360,1.7030,-1.2962
1056.373,5,-38.1265,1.7031,-1.2964
1056.385,5,-38.1169,1.7028,-1.2966
1056.402,5,-38.0975,1.7024,-1.2968
1056.417,5,-38.0877,1.7016,-1.2969
1056.429,5,-38.0683,1.7007,-1.2971
1056.442,5,-38.0585,1.6997,-1.2973
1056.457,5,-38.0485,1.6984,-1.2976
1056.470,5,-38.0386,1.6971,-1.2978
1056.483,5,-38.0286,1.6957,-1.2980
1056.514,5,-38.0186,1.6936,-1.2983
1056.524,5,-37.9890,1.6892,-1.2991
1056.534,5,-37.9790,1.6877,-1.2994
1056.544,5,-37.9689,1.6862,-1.2998
1056.553,5,-37.9589,1.6847,-1.3002
1056.566,5,-37.9488,1.6831,-1.3008
1056.575,5,-37.9387,1.6817,-1.3012
1056.588,5,-37.9285,1.6807,-1.3020
1056.598,5,-37.9184,1.6798,-1.3026
1056.610,5,-37.9084,1.6793,-1.3034
1056.620,5,-37.8981,1.6790,-1.3042
1056.633,5,-37.8880,1.6790,-1.3051
1056.642,5,-37.8778,1.6788,-1.3061
1056.654,5,-37.8677,1.6791,-1.3073
1056.664,5,-37.8575,1.6798,-1.3085
1056.676,5,-37.8474,1.6812,-1.3099
1056.685,5,-37.8373,1.6823,-1.3111
1056.700,5,-37.8274,1.6835,-1.3124
1056.712,5,-37.8176,1.6847,-1.3135
1056.721,5,-37.8076,1.6860,-1.3146
1056.730,5,-37.7977,1.6875,-1.3155
1056.743,5,-37.7878,1.6890,-1.3164
1056.755,5,-37.7786,1.6904,-1.3170
1056.764,5,-37.7691,1.6914,-1.3176
1056.777,5,-37.7598,1.6922,-1.3181
1056.786,5,-37.7503,1.6934,-1.3187
1056.799,5,-37.7411,1.6949,-1.3191
1056.810,5,-37.7318,1.6963,-1.3193
1056.819,5,-37.7224,1.6976,-1.3195
1056.833,5,-37.7134,1.6987,-1.3195
1056.842,5,-37.7042,1.7000,-1.3198
1056.854,5,-37.6951,1.7020,-1.3197
1056.865,5,-37.6857,1.7038,-1.3196
1056.878,5,-37.6769,1.7055,-1.3194
1056.886,5,-37.6677,1.7070,-1.3193
1056.899,5,-37.6586,1.7082,-1.3189
1056.909,5,-37.6493,1.7091,-1.3187
1056.922,5,-37.6401,1.7098,-1.3184
1056.933,5,-37.6307,1.7101,-1.3180
1056.942,5,-37.6213,1.7104,-1.3176
1056.955,5,-37.6118,1.7103,-1.3169
1056.967,5,-37.6024,1.7101,-1.3164
1056.978,5,-37.5928,1.7097,-1.3157
1056.990,5,-37.5829,1.7089,-1.3150
1056.999,5,-37.5733,1.7084,-1.3143
1057.013,5,-37.5634,1.7072,-1.3135
1057.025,5,-37.5537,1.7059,-1.3126
1057.035,5,-37.5441,1.7046,-1.3117
1057.046,5,-37.5345,1.7030,-1.3109
1057.057,5,-37.5249,1.7007,-1.3098
1057.066,5,-37.5152,1.6985,-1.3089
1057.079,5,-37.5056,1.6960,-1.3079
1057.089,5,-37.4959,1.6936,-1.3068
1057.102,5,-37.4863,1.6913,-1.3058
1057.112,5,-37.4765,1.6895,-1.3047
1057.125,5,-37.4667,1.6882,-1.3037
1057.135,5,-37.4567,1.6870,-1.3026
1057.149,5,-37.4468,1.6863,-1.3014
1057.162,5,-37.4365,1.6857,-1.3001
1057.177,5,-37.4161,1.6846,-1.2977
1057.189,5,-37.4053,1.6847,-1.2963
1057.198,5,-37.3946,1.6853,-1.2949
1057.210,5,-37.3838,1.6865,-1.2936
1057.221,5,-37.3731,1.6879,-1.2922
1057.232,5,-37.3625,1.6893,-1.2909
1057.242,5,-37.3520,1.6910,-1.2896
1057.255,5,-37.3417,1.6939,-1.2883
1057.267,5,-37.3314,1.6966,-1.2871
1057.278,5,-37.3214,1.6993,-1.2859
1057.290,5,-37.3113,1.7012,-1.2848
1057.301,5,-37.3014,1.7029,-1.2838
1057.313,5,-37.2916,1.7040,-1.2829
1057.326,5,-37.2818,1.7050,-1.2823
1057.337,5,-37.2722,1.7061,-1.2817
1057.348,5,-37.2625,1.7073,-1.2812
1057.360,5,-37.2529,1.7088,-1.2808
1057.371,5,-37.2434,1.7101,-1.2803
1057.383,5,-37.2337,1.7112,-1.2798
1057.394,5,-37.2239,1.7125,-1.2795
1057.406,5,-37.2141,1.7137,-1.2792
1057.418,5,-37.2046,1.7150,-1.2789
1057.429,5,-37.1951,1.7161,-1.2785
1057.441,5,-37.1858,1.7169,-1.2783
1057.450,5,-37.1766,1.7176,-1.2780
1057.463,5,-37.1674,1.7180,-1.2779
1057.472,5,-37.1584,1.7183,-1.2777
1057.486,5,-37.1492,1.7183,-1.2776
1057.498,5,-37.1403,1.7181,-1.2775
1057.507,5,-37.1312,1.7178,-1.2774
1057.517,5,-37.1222,1.7175,-1.2774
1057.531,5,-37.1130,1.7168,-1.2774
1057.539,5,-37.1038,1.7163,-1.2774
1057.553,5,-37.0948,1.7152,-1.2775
1057.562,5,-37.0858,1.7144,-1.2775
1057.575,5,-37.0769,1.7133,-1.2777
1057.583,5,-37.0678,1.7123,-1.2778
1057.598,5,-37.0587,1.7109,-1.2781
1057.607,5,-37.0497,1.7095,-1.2783
1057.621,5,-37.0405,1.7075,-1.2788
1057.630,5,-37.0314,1.7057,-1.2790
1057.646,5,-37.0222,1.7038,-1.2796
1057.658,5,-37.0131,1.7021,-1.2801
1057.667,5,-37.0040,1.7005,-1.2804
1057.682,5,-36.9947,1.6991,-1.2812
1057.691,5,-36.9854,1.6979,-1.2819
1057.706,5,-36.9762,1.6971,-1.2828
1057.715,5,-36.9670,1.6964,-1.2837
1057.729,5,-36.9572,1.6960,-1.2847
1057.738,5,-36.9475,1.6954,-1.2857
1057.754,5,-36.9378,1.6953,-1.2869
1057.763,5,-36.9281,1.6952,-1.2880
1057.778,5,-36.9092,1.6963,-1.2905
1057.787,5,-36.8996,1.6974,-1.2919
1057.803,5,-36.8902,1.6989,-1.2933
1057.814,5,-36.8807,1.7002,-1.2946
1057.826,5,-36.8721,1.7015,-1.2960
1057.835,5,-36.8635,1.7024,-1.2973
1057.849,5,-36.8552,1.7029,-1.2985
1057.857,5,-36.8471,1.7030,-1.2996
1057.872,5,-36.8391,1.7028,-1.3005
1057.882,5,-36.8312,1.7030,-1.3015
1057.892,5,-36.8226,1.7035,-1.3026
1057.900,5,-36.8140,1.7042,-1.3036
1057.914,5,-36.8056,1.7053,-1.3045
1057.923,5,-36.7972,1.7061,-1.3056
1057.936,5,-36.7889,1.7072,-1.3066
1057.947,5,-36.7804,1.7083,-1.3078
1057.960,5,-36.7721,1.7099,-1.3088
1057.969,5,-36.7638,1.7113,-1.3097
1057.982,5,-36.7557,1.7130,-1.3106
1057.990,5,-36.7475,1.7142,-1.3114
1058.005,5,-36.7395,1.7152,-1.3122
1058.017,5,-36.7314,1.7159,-1.3131
1058.026,5,-36.7234,1.7168,-1.3140
1058.039,5,-36.7153,1.7172,-1.3148
1058.052,5,-36.7075,1.7176,-1.3156
1058.061,5,-36.6995,1.7179,-1.3164
1058.074,5,-36.6914,1.7179,-1.3171
1058.083,5,-36.6833,1.7181,-1.3179
1058.098,5,-36.6750,1.7179,-1.3186
1058.111,5,-36.6669,1.7175,-1.3192
1058.123,5,-36.6587,1.7172,-1.3197
1058.133,5,-36.6506,1.7167,-1.3203
1058.143,5,-36.6423,1.7161,-1.3208
1058.151,5,-36.6341,1.7154,-1.3212
1058.165,5,-36.6258,1.7141,-1.3216
1058.177,5,-36.6176,1.7124,-1.3218
1058.186,5,-36.6093,1.7111,-1.3222
1058.199,5,-36.6009,1.7095,-1.3224
1058.208,5,-36.5925,1.7079,-1.3226
1058.221,5,-36.5841,1.7063,-1.3227
1058.231,5,-36.5755,1.7050,-1.3228
1058.244,5,-36.5668,1.7041,-1.3228
1058.253,5,-36.5582,1.7035,-1.3228
1058.267,5,-36.5496,1.7032,-1.3225
1058.276,5,-36.5409,1.7026,-1.3225
1058.289,5,-36.5321,1.7025,-1.3222
1058.297,5,-36.5234,1.7021,-1.3220
1058.311,5,-36.5146,1.7021,-1.3217
1058.323,5,-36.5058,1.7023,-1.3214
1058.331,5,-36.4972,1.7025,-1.3211
1058.344,5,-36.4885,1.7029,-1.3207
1058.356,5,-36.4800,1.7034,-1.3204
1058.364,5,-36.4716,1.7041,-1.3201
1058.378,5,-36.4634,1.7054,-1.3198
1058.389,5,-36.4552,1.7074,-1.3196
1058.398,5,-36.4468,1.7087,-1.3193
1058.411,5,-36.4387,1.7109,-1.3191
1058.424,5,-36.4307,1.7123,-1.3190
1058.432,5,-36.4228,1.7135,-1.3189
1058.445,5,-36.4150,1.7147,-1.3190
1058.453,5,-36.4072,1.7158,-1.3191
1058.467,5,-36.3992,1.7167,-1.3194
1058.479,5,-36.3913,1.7174,-1.3198
1058.490,5,-36.3834,1.7182,-1.3202
1058.502,5,-36.3756,1.7190,-1.3208
1058.515,5,-36.3678,1.7199,-1.3215
1058.524,5,-36.3599,1.7207,-1.3222
1058.537,5,-36.3522,1.7214,-1.3228
1058.548,5,-36.3445,1.7221,-1.3236
1058.560,5,-36.3368,1.7229,-1.3245
1058.572,5,-36.3292,1.7238,-1.3254
1058.584,5,-36.3217,1.7246,-1.3263
1058.595,5,-36.3143,1.7252,-1.3273
1058.607,5,-36.3068,1.7257,-1.3283
1058.615,5,-36.2994,1.7261,-1.3294
1058.629,5,-36.2920,1.7263,-1.3305
1058.641,5,-36.2849,1.7266,-1.3316
1058.654,5,-36.2775,1.7268,-1.3329
1058.661,5,-36.2702,1.7270,-1.3340
1058.675,5,-36.2630,1.7268,-1.3354
1058.688,5,-36.2557,1.7265,-1.3369
1058.699,5,-36.2484,1.7261,-1.3383
1058.711,5,-36.2414,1.7257,-1.3398
1058.719,5,-36.2341,1.7253,-1.3412
1058.732,5,-36.2268,1.7247,-1.3428
1058.745,5,-36.2196,1.7241,-1.3445
1058.757,5,-36.2123,1.7234,-1.3462
1058.765,5,-36.2051,1.7225,-1.3481
1058.779,5,-36.1980,1.7213,-1.3499
1058.790,5,-36.1908,1.7199,-1.3517
1058.799,5,-36.1837,1.7186,-1.3536
1058.812,5,-36.1765,1.7174,-1.3556
1058.823,5,-36.1693,1.7166,-1.3576
1058.835,5,-36.1621,1.7161,-1.3597
1058.844,5,-36.1549,1.7154,-1.3619
1058.856,5,-36.1478,1.7148,-1.3642
1058.868,5,-36.1406,1.7141,-1.3666
1058.878,5,-36.1334,1.7134,-1.3690
1058.889,5,-36.1262,1.7129,-1.3713
1058.901,5,-36.1188,1.7128,-1.3739
1058.910,5,-36.1116,1.7127,-1.3763
1058.923,5,-36.1043,1.7133,-1.3787
1058.935,5,-36.0971,1.7137,-1.3812
1058.944,5,-36.0899,1.7140,-1.3837
1058.958,5,-36.0828,1.7146,-1.3862
1058.969,5,-36.0756,1.7151,-1.3886
1058.978,5,-36.0683,1.7155,-1.3912
1058.990,5,-36.0611,1.7159,-1.3937
1059.002,5,-36.0540,1.7165,-1.3962
1059.014,5,-36.0469,1.7170,-1.3986
1059.025,5,-36.0399,1.7174,-1.4009
1059.037,5,-36.0331,1.7177,-1.4032
1059.049,5,-36.0262,1.7179,-1.4054
1059.061,5,-36.0193,1.7183,-1.4076
1059.072,5,-36.0125,1.7189,-1.4099
1059.084,5,-36.0057,1.7197,-1.4121
1059.094,5,-35.9988,1.7204,-1.4143
1059.107,5,-35.9920,1.7214,-1.4161
1059.118,5,-35.9853,1.7225,-1.4181
1059.130,5,-35.9786,1.7239,-1.4200
1059.141,5,-35.9719,1.7252,-1.4220
1059.154,5,-35.9654,1.7264,-1.4237
1059.166,5,-35.9591,1.7273,-1.4255
1059.178,5,-35.9528,1.7280,-1.4274
1059.190,5,-35.9466,1.7287,-1.4292
1059.199,5,-35.9403,1.7294,-1.4310
1059.209,5,-35.9340,1.7301,-1.4328
1059.222,5,-35.9277,1.7306,-1.4345
1059.231,5,-35.9213,1.7312,-1.4362
1059.245,5,-35.9149,1.7317,-1.4378
1059.257,5,-35.9085,1.7321,-1.4394
1059.267,5,-35.9021,1.7325,-1.4410
1059.276,5,-35.8957,1.7328,-1.4425
1059.289,5,-35.8892,1.7327,-1.4440
1059.298,5,-35.8828,1.7327,-1.4455
1059.311,5,-35.8763,1.7323,-1.4469
1059.322,5,-35.8699,1.7319,-1.4482
1059.334,5,-35.8633,1.7313,-1.4492
1059.343,5,-35.8568,1.7308,-1.4505
1059.357,5,-35.8506,1.7301,-1.4516
1059.365,5,-35.8441,1.7295,-1.4527
1059.379,5,-35.8373,1.7288,-1.4539
1059.390,5,-35.8305,1.7279,-1.4551
1059.402,5,-35.8236,1.7269,-1.4560
1059.410,5,-35.8167,1.7260,-1.4570
1059.425,5,-35.8098,1.7252,-1.4578
1059.437,5,-35.8032,1.7248,-1.4585
1059.445,5,-35.7963,1.7244,-1.4593
1059.459,5,-35.7894,1.7242,-1.4598
1059.472,5,-35.7828,1.7240,-1.4604
1059.479,5,-35.7759,1.7237,-1.4610
1059.495,5,-35.7691,1.7238,-1.4613
1059.504,5,-35.7626,1.7236,-1.4618
1059.517,5,-35.7558,1.7233,-1.4620
1059.526,5,-35.7491,1.7229,-1.4623
1059.540,5,-35.7425,1.7227,-1.4624
1059.553,5,-35.7362,1.7230,-1.4628
1059.560,5,-35.7297,1.7232,-1.4628
1059.575,5,-35.7233,1.7247,-1.4631
1059.583,5,-35.7171,1.7257,-1.4633
1059.597,5,-35.7107,1.7268,-1.4635
1059.607,5,-35.7045,1.7276,-1.4638
1059.620,5,-35.6984,1.7285,-1.4642
1059.633,5,-35.6926,1.7294,-1.4646
1059.641,5,-35.6866,1.7301,-1.4650
1059.655,5,-35.6810,1.7306,-1.4654
1059.663,5,-35.6752,1.7310,-1.4658
1059.677,5,-35.6697,1.7312,-1.4663
1059.686,5,-35.6641,1.7314,-1.4668
1059.700,5,-35.6585,1.7317,-1.4673
1059.707,5,-35.6529,1.7321,-1.4679
1059.723,5,-35.6473,1.7326,-1.4684
1059.731,5,-35.6418,1.7332,-1.4690
1059.746,5,-35.6363,1.7338,-1.4697
1059.754,5,-35.6308,1.7344,-1.4705
1059.768,5,-35.6254,1.7351,-1.4712
1059.779,5,-35.6202,1.7359,-1.4721
1059.787,5,-35.6146,1.7367,-1.4728
1059.803,5,-35.6094,1.7374,-1.4736
1059.811,5,-35.6040,1.7381,-1.4745
1059.825,5,-35.5987,1.7387,-1.4753
1059.834,5,-35.5933,1.7393,-1.4761
1059.849,5,-35.5881,1.7397,-1.4769
1059.858,5,-35.5829,1.7400,-1.4777
1059.872,5,-35.5777,1.7403,-1.4786
1059.880,5,-35.5726,1.7404,-1.4795
1059.896,5,-35.5675,1.7404,-1.4805
1059.904,5,-35.5626,1.7404,-1.4816
1059.918,5,-35.5576,1.7403,-1.4827
1059.926,5,-35.5526,1.7403,-1.4838
1059.941,5,-35.5476,1.7401,-1.4850
1059.950,5,-35.5426,1.7399,-1.4862
1059.964,5,-35.5375,1.7397,-1.4875
1059.972,5,-35.5325,1.7396,-1.4887
1059.988,5,-35.5274,1.7391,-1.4900
1060.001,5,-35.5223,1.7386,-1.4915
1060.015,5,-35.5174,1.7385,-1.4929
1060.023,5,-35.5126,1.7385,-1.4942
1060.038,5,-35.5029,1.7382,-1.4971
1060.047,5,-35.4983,1.7379,-1.4986
1060.062,5,-35.4939,1.7376,-1.5001
1060.070,5,-35.4894,1.7373,-1.5016
1060.085,5,-35.4849,1.7373,-1.5032
1060.094,5,-35.4805,1.7372,-1.5047
1060.109,5,-35.4762,1.7372,-1.5061
1060.117,5,-35.4718,1.7371,-1.5076
1060.132,5,-35.4677,1.7368,-1.5093
1060.140,5,-35.4634,1.7366,-1.5108
1060.156,5,-35.4594,1.7365,-1.5124
1060.164,5,-35.4554,1.7366,-1.5138
1060.179,5,-35.4515,1.7370,-1.5151
1060.188,5,-35.4476,1.7373,-1.5165
1060.202,5,-35.4440,1.7375,-1.5177
1060.211,5,-35.4403,1.7377,-1.5190
1060.227,5,-35.4367,1.7379,-1.5203
1060.236,5,-35.4330,1.7381,-1.5216
1060.251,5,-35.4295,1.7384,-1.5228
1060.259,5,-35.4259,1.7386,-1.5240
1060.274,5,-35.4225,1.7387,-1.5251
1060.283,5,-35.4191,1.7388,-1.5263
1060.298,5,-35.4157,1.7389,-1.5273
1060.307,5,-35.4123,1.7391,-1.5283
1060.322,5,-35.4058,1.7393,-1.5301
1060.330,5,-35.4027,1.7393,-1.5311
1060.346,5,-35.3998,1.7393,-1.5319
1060.355,5,-35.3967,1.7394,-1.5327
1060.370,5,-35.3941,1.7396,-1.5333
1060.379,5,-35.3914,1.7398,-1.5338
1060.395,5,-35.3887,1.7401,-1.5345
1060.403,5,-35.3860,1.7402,-1.5352
1060.418,5,-35.3835,1.7404,-1.5357
1060.427,5,-35.3809,1.7406,-1.5363
1060.442,5,-35.3785,1.7408,-1.5367
1060.450,5,-35.3760,1.7410,-1.5372
1060.465,5,-35.3736,1.7413,-1.5376
1060.474,5,-35.3711,1.7415,-1.5379
1060.490,5,-35.3688,1.7417,-1.5381
1060.498,5,-35.3664,1.7419,-1.5385
1060.514,5,-35.3642,1.7420,-1.5386
1060.523,5,-35.3621,1.7421,-1.5388
1060.538,5,-35.3602,1.7421,-1.5390
1060.546,5,-35.3582,1.7424,-1.5392
1060.562,5,-35.3546,1.7426,-1.5393
1060.572,5,-35.3529,1.7427,-1.5393
1060.586,5,-35.3514,1.7430,-1.5392
1060.595,5,-35.3499,1.7434,-1.5391
1060.610,5,-35.3485,1.7444,-1.5389
1060.622,5,-35.3471,1.7455,-1.5387
1060.635,5,-35.3459,1.7459,-1.5384
1060.643,5,-35.3446,1.7462,-1.5383
1060.659,5,-35.3437,1.7461,-1.5380
1060.667,5,-35.3426,1.7464,-1.5377
1060.682,5,-35.3415,1.7470,-1.5373
1060.690,5,-35.3404,1.7474,-1.5370
1060.706,5,-35.3394,1.7479,-1.5366
1060.714,5,-35.3383,1.7481,-1.5352
1060.730,5,-35.3373,1.7484,-1.5347
1060.737,5,-35.3364,1.7487,-1.5344
1060.754,5,-35.3346,1.7492,-1.5336
1060.765,5,-35.3338,1.7491,-1.5332
1060.777,5,-35.3331,1.7489,-1.5327
1060.790,5,-35.3325,1.7485,-1.5323
1060.798,5,-35.3319,1.7481,-1.5317
1060.814,5,-35.3313,1.7474,-1.5313
1060.823,5,-35.3308,1.7468,-1.5309
1060.838,5,-35.3302,1.7462,-1.5304
1060.846,5,-35.3297,1.7459,-1.5303
1060.862,5,-35.3292,1.7456,-1.5298
1060.870,5,-35.3286,1.7454,-1.5293
1060.886,5,-35.3280,1.7455,-1.5288
1060.895,5,-35.3274,1.7457,-1.5283
1060.909,5,-35.3268,1.7459,-1.5280
1060.918,5,-35.3262,1.7461,-1.5274
1060.934,5,-35.3256,1.7464,-1.5270
1060.942,5,-35.3251,1.7466,-1.5264
1060.958,5,-35.3244,1.7468,-1.5259
1060.967,5,-35.3238,1.7469,-1.5255
1060.982,5,-35.3227,1.7472,-1.5244
1060.993,5,-35.3222,1.7472,-1.5240
1061.006,5,-35.3217,1.7471,-1.5237
1061.015,5,-35.3213,1.7471,-1.5232
1061.030,5,-35.3209,1.7468,-1.5229
1061.039,5,-35.3205,1.7467,-1.5225
1061.055,5,-35.3202,1.7466,-1.5224
1061.064,5,-35.3198,1.7465,-1.5220
1061.079,5,-35.3194,1.7462,-1.5217
1061.092,5,-35.3191,1.7461,-1.5212
1061.106,5,-35.3188,1.7459,-1.5208
1061.114,5,-35.3185,1.7458,-1.5204
1061.123,5,-35.3182,1.7456,-1.5200
1061.138,5,-35.3180,1.7456,-1.5197
1061.147,5,-35.3177,1.7454,-1.5193
1061.162,5,-35.3175,1.7451,-1.5190
1061.171,5,-35.3174,1.7450,-1.5187
1061.186,5,-35.3170,1.7446,-1.5181
1061.195,5,-35.3168,1.7445,-1.5177
1061.212,5,-35.3167,1.7443,-1.5173
1061.223,5,-35.3164,1.7442,-1.5172

# --- Trial 6 start ---
1070.484,6,-39.7259,1.6917,-1.1665
1070.568,6,-39.7247,1.6910,-1.1653
1070.584,6,-39.7244,1.6908,-1.1648
1070.598,6,-39.7238,1.6903,-1.1643
1070.613,6,-39.7236,1.6901,-1.1642
1070.635,6,-39.7230,1.6897,-1.1640
1070.643,6,-39.7226,1.6895,-1.1639
1070.659,6,-39.7222,1.6895,-1.1638
1070.670,6,-39.7219,1.6895,-1.1636
1070.682,6,-39.7215,1.6894,-1.1635
1070.693,6,-39.7210,1.6893,-1.1635
1070.704,6,-39.7205,1.6892,-1.1635
1070.715,6,-39.7199,1.6889,-1.1635
1070.725,6,-39.7194,1.6886,-1.1635
1070.740,6,-39.7189,1.6881,-1.1636
1070.753,6,-39.7178,1.6874,-1.1637
1070.767,6,-39.7172,1.6870,-1.1638
1070.781,6,-39.7164,1.6866,-1.1641
1070.793,6,-39.7157,1.6861,-1.1644
1070.805,6,-39.7149,1.6854,-1.1647
1070.817,6,-39.7140,1.6849,-1.1652
1070.828,6,-39.7133,1.6847,-1.1657
1070.840,6,-39.7126,1.6847,-1.1662
1070.853,6,-39.7118,1.6848,-1.1669
1070.865,6,-39.7112,1.6849,-1.1675
1070.876,6,-39.7104,1.6849,-1.1681
1070.888,6,-39.7097,1.6849,-1.1689
1070.901,6,-39.7090,1.6849,-1.1696
1070.914,6,-39.7082,1.6849,-1.1704
1070.926,6,-39.7067,1.6850,-1.1719
1070.938,6,-39.7059,1.6851,-1.1728
1070.950,6,-39.7051,1.6852,-1.1738
1070.961,6,-39.7043,1.6851,-1.1748
1070.972,6,-39.7027,1.6850,-1.1766
1070.984,6,-39.7010,1.6848,-1.1785
1070.997,6,-39.6993,1.6844,-1.1806
1071.020,6,-39.6975,1.6837,-1.1828
1071.041,6,-39.6955,1.6828,-1.1852
1071.064,6,-39.6932,1.6818,-1.1877
1071.087,6,-39.6908,1.6804,-1.1903
1071.110,6,-39.6886,1.6779,-1.1928
1071.131,6,-39.6864,1.6744,-1.1953
1071.152,6,-39.6836,1.6756,-1.1977
1071.175,6,-39.6793,1.6849,-1.2005
1071.197,6,-39.6741,1.6888,-1.2030
1071.219,6,-39.6693,1.6889,-1.2061
1071.242,6,-39.6642,1.6866,-1.2087
1071.263,6,-39.6590,1.6852,-1.2112
1071.285,6,-39.6539,1.6838,-1.2136
1071.309,6,-39.6482,1.6809,-1.2160
1071.331,6,-39.6423,1.6785,-1.2187
1071.353,6,-39.6359,1.6779,-1.2213
1071.377,6,-39.6289,1.6770,-1.2234
1071.398,6,-39.6218,1.6760,-1.2252
1071.421,6,-39.6145,1.6755,-1.2267
1071.443,6,-39.6067,1.6751,-1.2282
1071.465,6,-39.6019,1.6751,-1.2287
1071.481,6,-39.5973,1.6748,-1.2294
1071.493,6,-39.5929,1.6743,-1.2300
1071.505,6,-39.5885,1.6739,-1.2307
1071.518,6,-39.5839,1.6732,-1.2313
1071.530,6,-39.5791,1.6726,-1.2318
1071.539,6,-39.5745,1.6719,-1.2325
1071.551,6,-39.5695,1.6712,-1.2331
1071.560,6,-39.5646,1.6706,-1.2337
1071.572,6,-39.5596,1.6700,-1.2343
1071.584,6,-39.5543,1.6693,-1.2348
1071.595,6,-39.5491,1.6684,-1.2353
1071.606,6,-39.5437,1.6677,-1.2358
1071.617,6,-39.5382,1.6668,-1.2362
1071.627,6,-39.5327,1.6659,-1.2366
1071.638,6,-39.5270,1.6652,-1.2369
1071.651,6,-39.5209,1.6644,-1.2372
1071.662,6,-39.5147,1.6635,-1.2375
1071.673,6,-39.5083,1.6627,-1.2377
1071.684,6,-39.5019,1.6618,-1.2380
1071.695,6,-39.4954,1.6609,-1.2382
1071.707,6,-39.4886,1.6599,-1.2383
1071.719,6,-39.4818,1.6591,-1.2385
1071.730,6,-39.4750,1.6582,-1.2385
1071.742,6,-39.4681,1.6573,-1.2384
1071.753,6,-39.4609,1.6564,-1.2382
1071.764,6,-39.4538,1.6552,-1.2380
1071.776,6,-39.4465,1.6541,-1.2378
1071.788,6,-39.4391,1.6533,-1.2374
1071.801,6,-39.4318,1.6527,-1.2370
1071.812,6,-39.4242,1.6522,-1.2365
1071.823,6,-39.4166,1.6520,-1.2359
1071.835,6,-39.4089,1.6519,-1.2354
1071.847,6,-39.4012,1.6520,-1.2347
1071.859,6,-39.3936,1.6524,-1.2341
1071.870,6,-39.3862,1.6537,-1.2335
1071.888,6,-39.3784,1.6562,-1.2327
1071.903,6,-39.3710,1.6584,-1.2319
1071.915,6,-39.3637,1.6600,-1.2313
1071.927,6,-39.3567,1.6620,-1.2307
1071.938,6,-39.3496,1.6638,-1.2302
1071.949,6,-39.3427,1.6654,-1.2297
1071.961,6,-39.3358,1.6668,-1.2293
1071.970,6,-39.3288,1.6679,-1.2290
1071.983,6,-39.3221,1.6685,-1.2289
1071.997,6,-39.3153,1.6692,-1.2287
1072.010,6,-39.3084,1.6701,-1.2286
1072.021,6,-39.3015,1.6713,-1.2284
1072.033,6,-39.2876,1.6737,-1.2280
1072.042,6,-39.2808,1.6748,-1.2277
1072.056,6,-39.2742,1.6759,-1.2275
1072.067,6,-39.2677,1.6770,-1.2273
1072.077,6,-39.2606,1.6781,-1.2273
1072.087,6,-39.2540,1.6791,-1.2273
1072.096,6,-39.2471,1.6802,-1.2270
1072.110,6,-39.2403,1.6811,-1.2270
1072.118,6,-39.2334,1.6819,-1.2269
1072.130,6,-39.2266,1.6826,-1.2269
1072.142,6,-39.2195,1.6831,-1.2268
1072.151,6,-39.2125,1.6836,-1.2266
1072.165,6,-39.2053,1.6838,-1.2265
1072.174,6,-39.1979,1.6841,-1.2265
1072.188,6,-39.1905,1.6840,-1.2265
1072.197,6,-39.1832,1.6839,-1.2266
1072.210,6,-39.1757,1.6836,-1.2267
1072.219,6,-39.1683,1.6833,-1.2268
1072.232,6,-39.1608,1.6825,-1.2268
1072.245,6,-39.1532,1.6818,-1.2269
1072.253,6,-39.1456,1.6812,-1.2270
1072.267,6,-39.1379,1.6803,-1.2272
1072.279,6,-39.1302,1.6793,-1.2274
1072.287,6,-39.1225,1.6783,-1.2276
1072.301,6,-39.1147,1.6768,-1.2277
1072.310,6,-39.1071,1.6756,-1.2279
1072.323,6,-39.0994,1.6740,-1.2281
1072.331,6,-39.0917,1.6724,-1.2284
1072.344,6,-39.0837,1.6705,-1.2287
1072.357,6,-39.0759,1.6691,-1.2292
1072.365,6,-39.0680,1.6680,-1.2296
1072.378,6,-39.0599,1.6673,-1.2302
1072.387,6,-39.0518,1.6667,-1.2307
1072.399,6,-39.0436,1.6665,-1.2313
1072.412,6,-39.0351,1.6665,-1.2320
1072.421,6,-39.0266,1.6662,-1.2327
1072.434,6,-39.0179,1.6665,-1.2336
1072.446,6,-39.0094,1.6670,-1.2345
1072.455,6,-39.0009,1.6678,-1.2354
1072.468,6,-38.9923,1.6697,-1.2363
1072.480,6,-38.9837,1.6715,-1.2372
1072.492,6,-38.9752,1.6734,-1.2381
1072.500,6,-38.9666,1.6755,-1.2390
1072.512,6,-38.9578,1.6780,-1.2400
1072.525,6,-38.9492,1.6802,-1.2408
1072.536,6,-38.9406,1.6822,-1.2416
1072.547,6,-38.9321,1.6839,-1.2423
1072.556,6,-38.9238,1.6854,-1.2430
1072.569,6,-38.9157,1.6862,-1.2433
1072.582,6,-38.9073,1.6869,-1.2437
1072.591,6,-38.8991,1.6877,-1.2444
1072.603,6,-38.8908,1.6884,-1.2448
1072.615,6,-38.8826,1.6892,-1.2452
1072.627,6,-38.8744,1.6900,-1.2456
1072.639,6,-38.8665,1.6909,-1.2458
1072.647,6,-38.8583,1.6917,-1.2461
1072.660,6,-38.8503,1.6925,-1.2463
1072.671,6,-38.8422,1.6933,-1.2464
1072.682,6,-38.8340,1.6943,-1.2464
1072.694,6,-38.8259,1.6953,-1.2464
1072.705,6,-38.8175,1.6961,-1.2465
1072.716,6,-38.8092,1.6969,-1.2463
1072.727,6,-38.8006,1.6973,-1.2462
1072.738,6,-38.7920,1.6976,-1.2459
1072.749,6,-38.7835,1.6976,-1.2456
1072.761,6,-38.7749,1.6974,-1.2453
1072.772,6,-38.7662,1.6972,-1.2450
1072.784,6,-38.7576,1.6969,-1.2447
1072.795,6,-38.7491,1.6965,-1.2444
1072.806,6,-38.7404,1.6960,-1.2440
1072.817,6,-38.7317,1.6952,-1.2436
1072.828,6,-38.7229,1.6941,-1.2431
1072.839,6,-38.7136,1.6929,-1.2426
1072.851,6,-38.7043,1.6915,-1.2421
1072.862,6,-38.6948,1.6899,-1.2416
1072.874,6,-38.6857,1.6881,-1.2409
1072.885,6,-38.6763,1.6861,-1.2403
1072.897,6,-38.6671,1.6840,-1.2397
1072.909,6,-38.6576,1.6820,-1.2390
1072.920,6,-38.6479,1.6799,-1.2384
1072.932,6,-38.6382,1.6780,-1.2376
1072.945,6,-38.6284,1.6764,-1.2368
1072.956,6,-38.6187,1.6749,-1.2359
1072.968,6,-38.6086,1.6736,-1.2351
1072.978,6,-38.5987,1.6724,-1.2341
1072.990,6,-38.5886,1.6714,-1.2332
1073.001,6,-38.5784,1.6707,-1.2323
1073.013,6,-38.5684,1.6702,-1.2313
1073.024,6,-38.5582,1.6703,-1.2303
1073.036,6,-38.5483,1.6710,-1.2291
1073.047,6,-38.5380,1.6721,-1.2281
1073.059,6,-38.5278,1.6733,-1.2270
1073.070,6,-38.5176,1.6746,-1.2260
1073.081,6,-38.5076,1.6760,-1.2250
1073.093,6,-38.4977,1.6778,-1.2240
1073.104,6,-38.4880,1.6797,-1.2230
1073.116,6,-38.4783,1.6819,-1.2219
1073.127,6,-38.4687,1.6841,-1.2209
1073.138,6,-38.4592,1.6859,-1.2200
1073.149,6,-38.4495,1.6874,-1.2193
1073.160,6,-38.4400,1.6887,-1.2187
1073.171,6,-38.4304,1.6898,-1.2182
1073.183,6,-38.4213,1.6909,-1.2178
1073.194,6,-38.4118,1.6920,-1.2173
1073.205,6,-38.4025,1.6932,-1.2170
1073.216,6,-38.3928,1.6944,-1.2166
1073.227,6,-38.3832,1.6954,-1.2163
1073.239,6,-38.3735,1.6966,-1.2160
1073.251,6,-38.3640,1.6979,-1.2157
1073.264,6,-38.3546,1.6992,-1.2156
1073.275,6,-38.3452,1.7003,-1.2153
1073.285,6,-38.3358,1.7013,-1.2151
1073.296,6,-38.3265,1.7021,-1.2150
1073.308,6,-38.3171,1.7026,-1.2150
1073.320,6,-38.3077,1.7030,-1.2149
1073.333,6,-38.2985,1.7033,-1.2148
1073.344,6,-38.2891,1.7034,-1.2148
1073.355,6,-38.2798,1.7034,-1.2147
1073.366,6,-38.2702,1.7032,-1.2147
1073.378,6,-38.2607,1.7028,-1.2147
1073.390,6,-38.2511,1.7021,-1.2147
1073.401,6,-38.2415,1.7014,-1.2147
1073.413,6,-38.2319,1.7005,-1.2148
1073.424,6,-38.2224,1.6994,-1.2148
1073.436,6,-38.2130,1.6983,-1.2149
1073.447,6,-38.2035,1.6970,-1.2150
1073.458,6,-38.1941,1.6956,-1.2151
1073.470,6,-38.1847,1.6939,-1.2153
1073.481,6,-38.1752,1.6920,-1.2155
1073.492,6,-38.1657,1.6898,-1.2158
1073.503,6,-38.1561,1.6879,-1.2161
1073.515,6,-38.1465,1.6860,-1.2164
1073.526,6,-38.1367,1.6843,-1.2167
1073.537,6,-38.1268,1.6828,-1.2171
1073.549,6,-38.1167,1.6817,-1.2176
1073.559,6,-38.1067,1.6808,-1.2182
1073.570,6,-38.0967,1.6801,-1.2188
1073.581,6,-38.0865,1.6796,-1.2195
1073.593,6,-38.0767,1.6792,-1.2203
1073.605,6,-38.0668,1.6792,-1.2211
1073.616,6,-38.0569,1.6796,-1.2221
1073.626,6,-38.0470,1.6805,-1.2231
1073.637,6,-38.0369,1.6822,-1.2242
1073.649,6,-38.0270,1.6841,-1.2252
1073.660,6,-38.0170,1.6858,-1.2263
1073.671,6,-38.0071,1.6874,-1.2273
1073.682,6,-37.9973,1.6888,-1.2283
1073.693,6,-37.9876,1.6900,-1.2293
1073.704,6,-37.9781,1.6909,-1.2301
1073.715,6,-37.9691,1.6917,-1.2308
1073.727,6,-37.9599,1.6922,-1.2316
1073.738,6,-37.9508,1.6928,-1.2323
1073.749,6,-37.9418,1.6934,-1.2329
1073.758,6,-37.9327,1.6944,-1.2337
1073.771,6,-37.9237,1.6956,-1.2344
1073.781,6,-37.9146,1.6968,-1.2351
1073.793,6,-37.9052,1.6980,-1.2358
1073.805,6,-37.8957,1.6993,-1.2365
1073.816,6,-37.8863,1.7007,-1.2371
1073.827,6,-37.8769,1.7023,-1.2377
1073.839,6,-37.8676,1.7038,-1.2382
1073.851,6,-37.8583,1.7052,-1.2387
1073.862,6,-37.8491,1.7063,-1.2391
1073.874,6,-37.8399,1.7073,-1.2395
1073.886,6,-37.8305,1.7078,-1.2400
1073.897,6,-37.8212,1.7081,-1.2404
1073.909,6,-37.8118,1.7081,-1.2408
1073.920,6,-37.8024,1.7081,-1.2412
1073.932,6,-37.7930,1.7078,-1.2416
1073.943,6,-37.7834,1.7073,-1.2420
1073.955,6,-37.7739,1.7067,-1.2423
1073.967,6,-37.7644,1.7058,-1.2426
1073.979,6,-37.7548,1.7048,-1.2429
1073.990,6,-37.7454,1.7035,-1.2431
1074.001,6,-37.7358,1.7018,-1.2433
1074.013,6,-37.7264,1.7002,-1.2435
1074.024,6,-37.7170,1.6979,-1.2436
1074.036,6,-37.7077,1.6957,-1.2438
1074.047,6,-37.6982,1.6933,-1.2439
1074.058,6,-37.6886,1.6912,-1.2441
1074.070,6,-37.6791,1.6891,-1.2442
1074.081,6,-37.6694,1.6871,-1.2443
1074.092,6,-37.6596,1.6854,-1.2444
1074.104,6,-37.6498,1.6841,-1.2445
1074.115,6,-37.6398,1.6831,-1.2445
1074.126,6,-37.6298,1.6821,-1.2445
1074.137,6,-37.6198,1.6815,-1.2445
1074.148,6,-37.6098,1.6810,-1.2445
1074.160,6,-37.5998,1.6811,-1.2444
1074.171,6,-37.5898,1.6815,-1.2444
1074.182,6,-37.5799,1.6827,-1.2443
1074.193,6,-37.5699,1.6838,-1.2442
1074.205,6,-37.5600,1.6850,-1.2439
1074.216,6,-37.5503,1.6861,-1.2436
1074.227,6,-37.5407,1.6873,-1.2435
1074.240,6,-37.5312,1.6892,-1.2433
1074.248,6,-37.5215,1.6912,-1.2432
1074.260,6,-37.5117,1.6938,-1.2432
1074.272,6,-37.5019,1.6958,-1.2431
1074.283,6,-37.4923,1.6974,-1.2432
1074.295,6,-37.4828,1.6986,-1.2433
1074.306,6,-37.4733,1.6999,-1.2437
1074.318,6,-37.4638,1.7015,-1.2440
1074.330,6,-37.4543,1.7034,-1.2445
1074.341,6,-37.4447,1.7053,-1.2449
1074.353,6,-37.4351,1.7069,-1.2454
1074.365,6,-37.4255,1.7083,-1.2460
1074.377,6,-37.4161,1.7095,-1.2465
1074.388,6,-37.4067,1.7109,-1.2472
1074.400,6,-37.3973,1.7124,-1.2479
1074.411,6,-37.3880,1.7137,-1.2487
1074.423,6,-37.3786,1.7146,-1.2495
1074.434,6,-37.3695,1.7154,-1.2503
1074.446,6,-37.3603,1.7157,-1.2512
1074.458,6,-37.3512,1.7159,-1.2520
1074.467,6,-37.3423,1.7164,-1.2529
1074.481,6,-37.3332,1.7164,-1.2539
1074.489,6,-37.3243,1.7165,-1.2549
1074.503,6,-37.3154,1.7163,-1.2560
1074.515,6,-37.3064,1.7159,-1.2570
1074.527,6,-37.2974,1.7153,-1.2582
1074.535,6,-37.2884,1.7148,-1.2593
1074.549,6,-37.2797,1.7141,-1.2607
1074.557,6,-37.2707,1.7133,-1.2620
1074.571,6,-37.2620,1.7123,-1.2635
1074.583,6,-37.2531,1.7112,-1.2650
1074.591,6,-37.2443,1.7099,-1.2663
1074.604,6,-37.2357,1.7082,-1.2679
1074.617,6,-37.2270,1.7064,-1.2695
1074.626,6,-37.2182,1.7048,-1.2712
1074.638,6,-37.2092,1.7031,-1.2729
1074.650,6,-37.2002,1.7015,-1.2746
1074.658,6,-37.1914,1.6998,-1.2764
1074.672,6,-37.1824,1.6984,-1.2782
1074.686,6,-37.1735,1.6972,-1.2802
1074.694,6,-37.1647,1.6962,-1.2819
1074.704,6,-37.1558,1.6955,-1.2840
1074.713,6,-37.1467,1.6948,-1.2860
1074.727,6,-37.1372,1.6946,-1.2882
1074.739,6,-37.1278,1.6943,-1.2905
1074.750,6,-37.1183,1.6940,-1.2928
1074.761,6,-37.1090,1.6944,-1.2951
1074.772,6,-37.0995,1.6954,-1.2976
1074.784,6,-37.0900,1.6967,-1.3001
1074.796,6,-37.0805,1.6977,-1.3024
1074.808,6,-37.0710,1.6991,-1.3049
1074.820,6,-37.0617,1.7006,-1.3073
1074.830,6,-37.0523,1.7023,-1.3096
1074.842,6,-37.0430,1.7039,-1.3119
1074.854,6,-37.0337,1.7051,-1.3141
1074.865,6,-37.0243,1.7062,-1.3163
1074.876,6,-37.0152,1.7068,-1.3184
1074.888,6,-37.0062,1.7074,-1.3204
1074.901,6,-36.9971,1.7079,-1.3222
1074.911,6,-36.9883,1.7086,-1.3240
1074.923,6,-36.9795,1.7097,-1.3257
1074.934,6,-36.9707,1.7106,-1.3275
1074.946,6,-36.9619,1.7114,-1.3292
1074.958,6,-36.9533,1.7120,-1.3307
1074.969,6,-36.9447,1.7130,-1.3323
1074.980,6,-36.9361,1.7141,-1.3338
1074.992,6,-36.9276,1.7155,-1.3351
1075.003,6,-36.9191,1.7171,-1.3364
1075.014,6,-36.9107,1.7185,-1.3376
1075.026,6,-36.9021,1.7196,-1.3389
1075.037,6,-36.8937,1.7204,-1.3401
1075.047,6,-36.8848,1.7210,-1.3414
1075.059,6,-36.8759,1.7215,-1.3426
1075.070,6,-36.8670,1.7217,-1.3438
1075.083,6,-36.8581,1.7218,-1.3450
1075.094,6,-36.8490,1.7218,-1.3461
1075.105,6,-36.8398,1.7216,-1.3471
1075.117,6,-36.8307,1.7212,-1.3481
1075.129,6,-36.8215,1.7206,-1.3490
1075.140,6,-36.8123,1.7199,-1.3499
1075.152,6,-36.8031,1.7190,-1.3507
1075.163,6,-36.7938,1.7178,-1.3515
1075.175,6,-36.7845,1.7163,-1.3523
1075.187,6,-36.7752,1.7144,-1.3530
1075.198,6,-36.7660,1.7125,-1.3537
1075.210,6,-36.7567,1.7104,-1.3544
1075.222,6,-36.7475,1.7085,-1.3551
1075.234,6,-36.7381,1.7066,-1.3558
1075.245,6,-36.7287,1.7048,-1.3564
1075.256,6,-36.7193,1.7033,-1.3569
1075.268,6,-36.7099,1.7022,-1.3575
1075.279,6,-36.7005,1.7012,-1.3581
1075.290,6,-36.6910,1.7005,-1.3586
1075.302,6,-36.6816,1.6999,-1.3591
1075.313,6,-36.6720,1.6994,-1.3595
1075.324,6,-36.6626,1.6989,-1.3598
1075.335,6,-36.6531,1.6989,-1.3602
1075.347,6,-36.6436,1.6995,-1.3605
1075.360,6,-36.6341,1.7003,-1.3608
1075.372,6,-36.6246,1.7013,-1.3610
1075.381,6,-36.6151,1.7020,-1.3613
1075.391,6,-36.6058,1.7031,-1.3614
1075.402,6,-36.5965,1.7045,-1.3616
1075.414,6,-36.5873,1.7058,-1.3618
1075.425,6,-36.5782,1.7075,-1.3621
1075.436,6,-36.5691,1.7090,-1.3623
1075.448,6,-36.5602,1.7104,-1.3627
1075.458,6,-36.5513,1.7116,-1.3631
1075.473,6,-36.5426,1.7125,-1.3635
1075.483,6,-36.5340,1.7132,-1.3640
1075.492,6,-36.5255,1.7139,-1.3645
1075.503,6,-36.5171,1.7146,-1.3651
1075.514,6,-36.5086,1.7155,-1.3657
1075.525,6,-36.4998,1.7166,-1.3664
1075.537,6,-36.4910,1.7179,-1.3672
1075.549,6,-36.4822,1.7190,-1.3679
1075.560,6,-36.4733,1.7201,-1.3686
1075.571,6,-36.4646,1.7214,-1.3695
1075.583,6,-36.4559,1.7229,-1.3703
1075.595,6,-36.4473,1.7245,-1.3712
1075.606,6,-36.4387,1.7258,-1.3722
1075.618,6,-36.4302,1.7269,-1.3730
1075.630,6,-36.4218,1.7277,-1.3741
1075.642,6,-36.4133,1.7284,-1.3751
1075.653,6,-36.4049,1.7289,-1.3760
1075.665,6,-36.3964,1.7293,-1.3770
1075.676,6,-36.3879,1.7295,-1.3779
1075.688,6,-36.3794,1.7295,-1.3790
1075.699,6,-36.3708,1.7294,-1.3801
1075.712,6,-36.3622,1.7289,-1.3813
1075.723,6,-36.3537,1.7284,-1.3825
1075.735,6,-36.3451,1.7276,-1.3837
1075.746,6,-36.3366,1.7268,-1.3848
1075.757,6,-36.3284,1.7260,-1.3860
1075.769,6,-36.3200,1.7250,-1.3872
1075.781,6,-36.3116,1.7237,-1.3884
1075.793,6,-36.3034,1.7222,-1.3897
1075.802,6,-36.2951,1.7207,-1.3910
1075.815,6,-36.2869,1.7191,-1.3923
1075.824,6,-36.2786,1.7176,-1.3936
1075.837,6,-36.2702,1.7160,-1.3951
1075.849,6,-36.2619,1.7146,-1.3966
1075.857,6,-36.2535,1.7133,-1.3980
1075.871,6,-36.2452,1.7122,-1.3996
1075.880,6,-36.2367,1.7112,-1.4011
1075.894,6,-36.2283,1.7105,-1.4029
1075.903,6,-36.2199,1.7098,-1.4045
1075.916,6,-36.2115,1.7096,-1.4062
1075.924,6,-36.2032,1.7095,-1.4080
1075.940,6,-36.1947,1.7105,-1.4100
1075.951,6,-36.1860,1.7110,-1.4120
1075.959,6,-36.1774,1.7112,-1.4139
1075.974,6,-36.1691,1.7117,-1.4158
1075.981,6,-36.1606,1.7121,-1.4177
1075.997,6,-36.1524,1.7133,-1.4197
1076.004,6,-36.1441,1.7140,-1.4214
1076.020,6,-36.1362,1.7151,-1.4230
1076.028,6,-36.1282,1.7160,-1.4247
1076.042,6,-36.1205,1.7170,-1.4262
1076.051,6,-36.1131,1.7176,-1.4276
1076.066,6,-36.1056,1.7180,-1.4290
1076.074,6,-36.0984,1.7183,-1.4302
1076.088,6,-36.0910,1.7185,-1.4314
1076.099,6,-36.0836,1.7190,-1.4324
1076.112,6,-36.0761,1.7197,-1.4336
1076.120,6,-36.0686,1.7205,-1.4346
1076.134,6,-36.0612,1.7213,-1.4355
1076.146,6,-36.0540,1.7222,-1.4362
1076.155,6,-36.0466,1.7234,-1.4369
1076.169,6,-36.0396,1.7249,-1.4375
1076.176,6,-36.0325,1.7262,-1.4382
1076.192,6,-36.0258,1.7274,-1.4387
1076.200,6,-36.0190,1.7284,-1.4393
1076.214,6,-36.0123,1.7291,-1.4399
1076.222,6,-36.0056,1.7298,-1.4405
1076.237,6,-35.9991,1.7301,-1.4411
1076.245,6,-35.9924,1.7305,-1.4416
1076.259,6,-35.9857,1.7306,-1.4421
1076.268,6,-35.9791,1.7308,-1.4426
1076.281,6,-35.9722,1.7309,-1.4430
1076.288,6,-35.9653,1.7310,-1.4434
1076.304,6,-35.9585,1.7308,-1.4437
1076.312,6,-35.9516,1.7307,-1.4441
1076.326,6,-35.9447,1.7303,-1.4443
1076.334,6,-35.9379,1.7300,-1.4445
1076.349,6,-35.9311,1.7292,-1.4446
1076.357,6,-35.9244,1.7282,-1.4447
1076.371,6,-35.9175,1.7271,-1.4447
1076.379,6,-35.9108,1.7260,-1.4448
1076.393,6,-35.9038,1.7248,-1.4447
1076.401,6,-35.8971,1.7237,-1.4447
1076.416,6,-35.8903,1.7223,-1.4448
1076.424,6,-35.8835,1.7211,-1.4447
1076.438,6,-35.8766,1.7201,-1.4446
1076.447,6,-35.8696,1.7192,-1.4445
1076.461,6,-35.8627,1.7186,-1.4442
1076.469,6,-35.8558,1.7181,-1.4440
1076.483,6,-35.8485,1.7179,-1.4436
1076.495,6,-35.8413,1.7176,-1.4433
1076.504,6,-35.8341,1.7174,-1.4429
1076.518,6,-35.8269,1.7176,-1.4425
1076.530,6,-35.8197,1.7178,-1.4421
1076.538,6,-35.8125,1.7180,-1.4416
1076.552,6,-35.8055,1.7182,-1.4410
1076.560,6,-35.7985,1.7185,-1.4405
1076.576,6,-35.7916,1.7193,-1.4400
1076.584,6,-35.7847,1.7205,-1.4394
1076.599,6,-35.7779,1.7222,-1.4388
1076.607,6,-35.7711,1.7236,-1.4381
1076.622,6,-35.7645,1.7248,-1.4374
1076.631,6,-35.7578,1.7258,-1.4368
1076.645,6,-35.7514,1.7266,-1.4362
1076.654,6,-35.7450,1.7273,-1.4356
1076.668,6,-35.7388,1.7279,-1.4350
1076.677,6,-35.7328,1.7283,-1.4346
1076.692,6,-35.7268,1.7283,-1.4343
1076.700,6,-35.7208,1.7284,-1.4339
1076.714,6,-35.7150,1.7283,-1.4337
1076.722,6,-35.7090,1.7284,-1.4334
1076.737,6,-35.7034,1.7285,-1.4334
1076.745,6,-35.6975,1.7288,-1.4331
1076.760,6,-35.6920,1.7291,-1.4330
1076.768,6,-35.6863,1.7292,-1.4329
1076.782,6,-35.6809,1.7293,-1.4325
1076.791,6,-35.6754,1.7296,-1.4325
1076.805,6,-35.6699,1.7301,-1.4326
1076.813,6,-35.6646,1.7309,-1.4328
1076.827,6,-35.6592,1.7318,-1.4331
1076.835,6,-35.6537,1.7325,-1.4332
1076.850,6,-35.6484,1.7334,-1.4336
1076.858,6,-35.6430,1.7341,-1.4338
1076.874,6,-35.6377,1.7347,-1.4343
1076.881,6,-35.6326,1.7353,-1.4346
1076.896,6,-35.6274,1.7358,-1.4351
1076.904,6,-35.6225,1.7362,-1.4355
1076.919,6,-35.6173,1.7365,-1.4360
1076.928,6,-35.6123,1.7367,-1.4365
1076.942,6,-35.6071,1.7368,-1.4371
1076.950,6,-35.6022,1.7368,-1.4377
1076.965,6,-35.5971,1.7367,-1.4384
1076.972,6,-35.5921,1.7366,-1.4391
1076.988,6,-35.5869,1.7363,-1.4400
1076.995,6,-35.5818,1.7360,-1.4407
1077.010,6,-35.5767,1.7354,-1.4416
1077.019,6,-35.5718,1.7350,-1.4424
1077.033,6,-35.5668,1.7345,-1.4433
1077.040,6,-35.5619,1.7341,-1.4441
1077.056,6,-35.5570,1.7336,-1.4450
1077.064,6,-35.5522,1.7331,-1.4459
1077.079,6,-35.5473,1.7326,-1.4475
1077.087,6,-35.5426,1.7321,-1.4484
1077.102,6,-35.5377,1.7316,-1.4496
1077.110,6,-35.5328,1.7311,-1.4507
1077.125,6,-35.5279,1.7306,-1.4520
1077.133,6,-35.5230,1.7301,-1.4532
1077.149,6,-35.5182,1.7297,-1.4547
1077.156,6,-35.5135,1.7292,-1.4559
1077.172,6,-35.5087,1.7289,-1.4574
1077.180,6,-35.5041,1.7285,-1.4587
1077.195,6,-35.4994,1.7283,-1.4603
1077.207,6,-35.4949,1.7284,-1.4616
1077.220,6,-35.4902,1.7287,-1.4631
1077.228,6,-35.4856,1.7289,-1.4645
1077.245,6,-35.4764,1.7296,-1.4673
1077.254,6,-35.4718,1.7300,-1.4688
1077.271,6,-35.4672,1.7306,-1.4704
1077.278,6,-35.4627,1.7310,-1.4718
1077.296,6,-35.4585,1.7317,-1.4731
1077.304,6,-35.4543,1.7324,-1.4746
1077.321,6,-35.4504,1.7331,-1.4759
1077.329,6,-35.4463,1.7336,-1.4773
1077.346,6,-35.4380,1.7347,-1.4799
1077.355,6,-35.4338,1.7352,-1.4811
1077.372,6,-35.4298,1.7356,-1.4824
1077.381,6,-35.4260,1.7359,-1.4835
1077.398,6,-35.4185,1.7364,-1.4857
1077.406,6,-35.4111,1.7370,-1.4880
1077.429,6,-35.4004,1.7374,-1.4916
1077.444,6,-35.3973,1.7375,-1.4927
1077.467,6,-35.3918,1.7374,-1.4949
1077.489,6,-35.3860,1.7381,-1.4967
1077.511,6,-35.3804,1.7396,-1.4986
1077.534,6,-35.3751,1.7414,-1.5005
1077.557,6,-35.3701,1.7428,-1.5021
1077.580,6,-35.3654,1.7436,-1.5035
1077.602,6,-35.3609,1.7442,-1.5049
1077.625,6,-35.3564,1.7448,-1.5061
1077.648,6,-35.3520,1.7452,-1.5068
1077.671,6,-35.3478,1.7453,-1.5072
1077.693,6,-35.3435,1.7455,-1.5076
1077.716,6,-35.3396,1.7455,-1.5076
1077.739,6,-35.3356,1.7471,-1.5072
1077.761,6,-35.3321,1.7474,-1.5069
1077.786,6,-35.3289,1.7464,-1.5062
1077.806,6,-35.3256,1.7470,-1.5057
1077.829,6,-35.3229,1.7470,-1.5052
1077.852,6,-35.3205,1.7467,-1.5043
1077.875,6,-35.3183,1.7472,-1.5036
1077.897,6,-35.3162,1.7480,-1.5038
1077.919,6,-35.3143,1.7485,-1.5033
1077.942,6,-35.3125,1.7486,-1.5027
1077.964,6,-35.3108,1.7487,-1.5018
1077.987,6,-35.3093,1.7489,-1.5014
1078.010,6,-35.3078,1.7486,-1.5008
1078.032,6,-35.3061,1.7485,-1.4998
1078.055,6,-35.3045,1.7486,-1.4988
1078.078,6,-35.3029,1.7485,-1.4980
1078.101,6,-35.3014,1.7484,-1.4979
1078.124,6,-35.2998,1.7483,-1.4972
1078.147,6,-35.2990,1.7481,-1.4967
1078.170,6,-35.2983,1.7482,-1.4963
1078.187,6,-35.2976,1.7484,-1.4968
1078.194,6,-35.2969,1.7484,-1.4965
1078.211,6,-35.2959,1.7480,-1.4941
1078.218,6,-35.2951,1.7481,-1.4936
1078.234,6,-35.2944,1.7484,-1.4952
1078.242,6,-35.2935,1.7486,-1.4949
1078.258,6,-35.2927,1.7488,-1.4946
1078.266,6,-35.2919,1.7490,-1.4953
1078.282,6,-35.2904,1.7493,-1.4948
1078.295,6,-35.2898,1.7494,-1.4953
1078.306,6,-35.2891,1.7494,-1.4951
1078.317,6,-35.2884,1.7494,-1.4950
1078.329,6,-35.2878,1.7494,-1.4949
1078.340,6,-35.2872,1.7493,-1.4947
1078.352,6,-35.2865,1.7493,-1.4945
1078.363,6,-35.2859,1.7492,-1.4943

# --- Trial 7 start ---
1087.752,7,-39.7676,1.6885,-1.1629
1087.813,7,-39.7647,1.6885,-1.1603
1087.829,7,-39.7632,1.6885,-1.1589
1087.841,7,-39.7618,1.6885,-1.1574
1087.849,7,-39.7609,1.6885,-1.1567
1087.862,7,-39.7603,1.6883,-1.1559
1087.871,7,-39.7596,1.6882,-1.1551
1087.880,7,-39.7584,1.6880,-1.1534
1087.902,7,-39.7569,1.6878,-1.1518
1087.921,7,-39.7554,1.6875,-1.1502
1087.933,7,-39.7539,1.6873,-1.1486
1087.953,7,-39.7522,1.6871,-1.1470
1087.976,7,-39.7504,1.6864,-1.1456
1088.000,7,-39.7488,1.6855,-1.1445
1088.023,7,-39.7473,1.6847,-1.1436
1088.046,7,-39.7458,1.6836,-1.1430
1088.068,7,-39.7439,1.6832,-1.1426
1088.090,7,-39.7417,1.6840,-1.1425
1088.113,7,-39.7396,1.6849,-1.1427
1088.136,7,-39.7373,1.6856,-1.1431
1088.159,7,-39.7350,1.6861,-1.1437
1088.182,7,-39.7329,1.6864,-1.1444
1088.204,7,-39.7308,1.6866,-1.1452
1088.227,7,-39.7285,1.6865,-1.1460
1088.249,7,-39.7257,1.6865,-1.1471
1088.273,7,-39.7227,1.6862,-1.1482
1088.295,7,-39.7196,1.6859,-1.1494
1088.318,7,-39.7164,1.6853,-1.1506
1088.342,7,-39.7128,1.6844,-1.1521
1088.365,7,-39.7092,1.6829,-1.1535
1088.387,7,-39.7074,1.6808,-1.1543
1088.404,7,-39.7058,1.6784,-1.1550
1088.416,7,-39.7038,1.6792,-1.1556
1088.428,7,-39.7010,1.6836,-1.1566
1088.440,7,-39.6983,1.6874,-1.1574
1088.451,7,-39.6953,1.6894,-1.1581
1088.462,7,-39.6923,1.6900,-1.1588
1088.475,7,-39.6899,1.6897,-1.1597
1088.483,7,-39.6877,1.6892,-1.1605
1088.497,7,-39.6851,1.6872,-1.1615
1088.505,7,-39.6829,1.6862,-1.1622
1088.521,7,-39.6811,1.6852,-1.1631
1088.529,7,-39.6790,1.6848,-1.1640
1088.543,7,-39.6770,1.6841,-1.1649
1088.552,7,-39.6749,1.6833,-1.1658
1088.565,7,-39.6726,1.6824,-1.1669
1088.574,7,-39.6703,1.6816,-1.1681
1088.588,7,-39.6682,1.6809,-1.1693
1088.597,7,-39.6659,1.6803,-1.1705
1088.611,7,-39.6636,1.6800,-1.1717
1088.620,7,-39.6613,1.6796,-1.1729
1088.633,7,-39.6590,1.6792,-1.1742
1088.642,7,-39.6567,1.6787,-1.1748
1088.656,7,-39.6544,1.6785,-1.1759
1088.664,7,-39.6522,1.6780,-1.1769
1088.679,7,-39.6497,1.6781,-1.1781
1088.688,7,-39.6473,1.6779,-1.1792
1088.702,7,-39.6445,1.6777,-1.1804
1088.714,7,-39.6395,1.6768,-1.1825
1088.730,7,-39.6337,1.6756,-1.1847
1088.753,7,-39.6275,1.6746,-1.1867
1088.776,7,-39.6208,1.6739,-1.1886
1088.799,7,-39.6136,1.6730,-1.1903
1088.821,7,-39.6063,1.6722,-1.1918
1088.846,7,-39.5983,1.6720,-1.1933
1088.867,7,-39.5901,1.6717,-1.1945
1088.889,7,-39.5812,1.6710,-1.1956
1088.912,7,-39.5718,1.6703,-1.1966
1088.935,7,-39.5616,1.6695,-1.1975
1088.957,7,-39.5512,1.6683,-1.1984
1088.979,7,-39.5403,1.6667,-1.1989
1089.003,7,-39.5288,1.6649,-1.1994
1089.024,7,-39.5173,1.6629,-1.1997
1089.046,7,-39.5050,1.6605,-1.1999
1089.069,7,-39.4925,1.6583,-1.1998
1089.092,7,-39.4796,1.6565,-1.1996
1089.114,7,-39.4664,1.6546,-1.1989
1089.136,7,-39.4527,1.6536,-1.1983
1089.158,7,-39.4383,1.6543,-1.1975
1089.181,7,-39.4232,1.6571,-1.1966
1089.203,7,-39.4153,1.6596,-1.1962
1089.219,7,-39.4082,1.6615,-1.1959
1089.231,7,-39.4010,1.6633,-1.1956
1089.240,7,-39.3939,1.6649,-1.1955
1089.252,7,-39.3869,1.6666,-1.1952
1089.263,7,-39.3796,1.6681,-1.1950
1089.275,7,-39.3727,1.6692,-1.1947
1089.284,7,-39.3655,1.6701,-1.1946
1089.297,7,-39.3584,1.6708,-1.1946
1089.309,7,-39.3514,1.6713,-1.1947
1089.320,7,-39.3445,1.6717,-1.1948
1089.331,7,-39.3377,1.6722,-1.1950
1089.340,7,-39.3308,1.6726,-1.1951
1089.352,7,-39.3240,1.6731,-1.1954
1089.364,7,-39.3171,1.6736,-1.1957
1089.375,7,-39.3103,1.6739,-1.1960
1089.386,7,-39.3037,1.6741,-1.1964
1089.398,7,-39.2969,1.6744,-1.1969
1089.410,7,-39.2902,1.6749,-1.1974
1089.423,7,-39.2835,1.6754,-1.1979
1089.437,7,-39.2768,1.6759,-1.1985
1089.447,7,-39.2702,1.6763,-1.1990
1089.458,7,-39.2632,1.6766,-1.1996
1089.467,7,-39.2560,1.6770,-1.2003
1089.479,7,-39.2487,1.6773,-1.2010
1089.489,7,-39.2414,1.6774,-1.2018
1089.498,7,-39.2342,1.6774,-1.2025
1089.511,7,-39.2269,1.6772,-1.2034
1089.523,7,-39.2194,1.6769,-1.2043
1089.535,7,-39.2119,1.6766,-1.2053
1089.545,7,-39.2042,1.6760,-1.2064
1089.557,7,-39.1964,1.6753,-1.2076
1089.569,7,-39.1887,1.6744,-1.2088
1089.581,7,-39.1807,1.6735,-1.2099
1089.592,7,-39.1727,1.6724,-1.2111
1089.603,7,-39.1645,1.6713,-1.2124
1089.621,7,-39.1559,1.6697,-1.2137
1089.637,7,-39.1477,1.6676,-1.2151
1089.648,7,-39.1397,1.6660,-1.2165
1089.660,7,-39.1317,1.6642,-1.2180
1089.672,7,-39.1239,1.6623,-1.2195
1089.683,7,-39.1160,1.6606,-1.2211
1089.694,7,-39.1079,1.6593,-1.2227
1089.706,7,-39.0997,1.6582,-1.2245
1089.717,7,-39.0914,1.6572,-1.2263
1089.729,7,-39.0831,1.6564,-1.2282
1089.741,7,-39.0753,1.6555,-1.2298
1089.750,7,-39.0671,1.6548,-1.2316
1089.763,7,-39.0584,1.6547,-1.2338
1089.774,7,-39.0499,1.6549,-1.2357
1089.785,7,-39.0412,1.6561,-1.2377
1089.796,7,-39.0325,1.6575,-1.2397
1089.808,7,-39.0237,1.6593,-1.2417
1089.818,7,-39.0152,1.6610,-1.2436
1089.830,7,-39.0067,1.6626,-1.2455
1089.839,7,-38.9982,1.6640,-1.2473
1089.852,7,-38.9897,1.6657,-1.2490
1089.863,7,-38.9813,1.6673,-1.2506
1089.875,7,-38.9731,1.6688,-1.2520
1089.885,7,-38.9648,1.6703,-1.2534
1089.898,7,-38.9566,1.6715,-1.2547
1089.910,7,-38.9485,1.6725,-1.2559
1089.920,7,-38.9403,1.6734,-1.2572
1089.930,7,-38.9320,1.6743,-1.2582
1089.941,7,-38.9238,1.6754,-1.2593
1089.952,7,-38.9150,1.6765,-1.2605
1089.963,7,-38.9069,1.6776,-1.2615
1089.974,7,-38.8986,1.6786,-1.2623
1089.986,7,-38.8901,1.6797,-1.2631
1089.998,7,-38.8820,1.6809,-1.2639
1090.009,7,-38.8737,1.6822,-1.2645
1090.020,7,-38.8653,1.6833,-1.2653
1090.031,7,-38.8570,1.6841,-1.2659
1090.042,7,-38.8486,1.6846,-1.2665
1090.051,7,-38.8402,1.6851,-1.2670
1090.064,7,-38.8314,1.6852,-1.2676
1090.075,7,-38.8226,1.6854,-1.2682
1090.087,7,-38.8137,1.6852,-1.2686
1090.099,7,-38.8047,1.6850,-1.2690
1090.110,7,-38.7955,1.6845,-1.2695
1090.121,7,-38.7865,1.6841,-1.2699
1090.133,7,-38.7772,1.6833,-1.2701
1090.145,7,-38.7679,1.6825,-1.2704
1090.156,7,-38.7587,1.6815,-1.2706
1090.168,7,-38.7493,1.6803,-1.2708
1090.180,7,-38.7399,1.6790,-1.2709
1090.191,7,-38.7303,1.6776,-1.2711
1090.202,7,-38.7208,1.6761,-1.2711
1090.214,7,-38.7114,1.6743,-1.2711
1090.226,7,-38.7019,1.6724,-1.2710
1090.237,7,-38.6924,1.6703,-1.2709
1090.249,7,-38.6828,1.6680,-1.2707
1090.261,7,-38.6734,1.6659,-1.2705
1090.272,7,-38.6639,1.6638,-1.2702
1090.284,7,-38.6542,1.6621,-1.2698
1090.295,7,-38.6446,1.6606,-1.2693
1090.306,7,-38.6349,1.6594,-1.2688
1090.318,7,-38.6253,1.6584,-1.2683
1090.329,7,-38.6155,1.6577,-1.2677
1090.340,7,-38.6057,1.6573,-1.2671
1090.351,7,-38.5959,1.6577,-1.2664
1090.363,7,-38.5858,1.6586,-1.2657
1090.375,7,-38.5759,1.6602,-1.2648
1090.386,7,-38.5658,1.6615,-1.2639
1090.396,7,-38.5558,1.6628,-1.2629
1090.408,7,-38.5458,1.6642,-1.2620
1090.419,7,-38.5358,1.6660,-1.2613
1090.430,7,-38.5261,1.6680,-1.2604
1090.441,7,-38.5163,1.6702,-1.2597
1090.452,7,-38.5068,1.6722,-1.2590
1090.463,7,-38.4974,1.6740,-1.2583
1090.474,7,-38.4876,1.6753,-1.2578
1090.486,7,-38.4779,1.6765,-1.2573
1090.497,7,-38.4683,1.6776,-1.2569
1090.509,7,-38.4586,1.6788,-1.2566
1090.521,7,-38.4491,1.6801,-1.2564
1090.533,7,-38.4396,1.6815,-1.2561
1090.544,7,-38.4301,1.6828,-1.2559
1090.556,7,-38.4207,1.6842,-1.2558
1090.567,7,-38.4113,1.6857,-1.2558
1090.579,7,-38.4019,1.6873,-1.2557
1090.591,7,-38.3924,1.6889,-1.2557
1090.602,7,-38.3830,1.6905,-1.2558
1090.614,7,-38.3737,1.6919,-1.2559
1090.626,7,-38.3644,1.6931,-1.2561
1090.637,7,-38.3549,1.6942,-1.2562
1090.649,7,-38.3456,1.6949,-1.2565
1090.660,7,-38.3367,1.6955,-1.2568
1090.672,7,-38.3276,1.6957,-1.2570
1090.683,7,-38.3183,1.6959,-1.2573
1090.695,7,-38.3091,1.6958,-1.2577
1090.706,7,-38.2997,1.6956,-1.2581
1090.718,7,-38.2904,1.6949,-1.2585
1090.730,7,-38.2809,1.6940,-1.2589
1090.741,7,-38.2715,1.6932,-1.2593
1090.752,7,-38.2621,1.6922,-1.2597
1090.763,7,-38.2528,1.6911,-1.2602
1090.775,7,-38.2435,1.6898,-1.2607
1090.785,7,-38.2342,1.6885,-1.2613
1090.796,7,-38.2248,1.6868,-1.2619
1090.808,7,-38.2155,1.6849,-1.2626
1090.820,7,-38.2064,1.6827,-1.2635
1090.829,7,-38.1971,1.6808,-1.2642
1090.842,7,-38.1876,1.6790,-1.2651
1090.856,7,-38.1782,1.6776,-1.2661
1090.865,7,-38.1688,1.6762,-1.2671
1090.875,7,-38.1593,1.6748,-1.2681
1090.887,7,-38.1498,1.6736,-1.2694
1090.897,7,-38.1402,1.6727,-1.2707
1090.906,7,-38.1307,1.6719,-1.2720
1090.919,7,-38.1210,1.6716,-1.2736
1090.930,7,-38.1108,1.6714,-1.2751
1090.941,7,-38.1006,1.6719,-1.2767
1090.953,7,-38.0903,1.6730,-1.2784
1090.964,7,-38.0800,1.6745,-1.2802
1090.976,7,-38.0698,1.6759,-1.2819
1090.987,7,-38.0597,1.6775,-1.2836
1090.999,7,-38.0496,1.6788,-1.2853
1091.011,7,-38.0398,1.6797,-1.2869
1091.022,7,-38.0303,1.6802,-1.2884
1091.034,7,-38.0208,1.6808,-1.2899
1091.046,7,-38.0117,1.6815,-1.2912
1091.058,7,-38.0027,1.6822,-1.2924
1091.068,7,-37.9938,1.6831,-1.2936
1091.080,7,-37.9848,1.6840,-1.2948
1091.092,7,-37.9759,1.6853,-1.2959
1091.104,7,-37.9669,1.6866,-1.2970
1091.115,7,-37.9580,1.6881,-1.2980
1091.127,7,-37.9490,1.6899,-1.2990
1091.138,7,-37.9401,1.6919,-1.2999
1091.151,7,-37.9312,1.6942,-1.3007
1091.162,7,-37.9224,1.6962,-1.3016
1091.174,7,-37.9137,1.6979,-1.3024
1091.182,7,-37.9049,1.6994,-1.3033
1091.195,7,-37.8962,1.7006,-1.3040
1091.207,7,-37.8875,1.7016,-1.3048
1091.218,7,-37.8788,1.7023,-1.3055
1091.229,7,-37.8701,1.7028,-1.3063
1091.240,7,-37.8614,1.7031,-1.3069
1091.251,7,-37.8526,1.7032,-1.3075
1091.262,7,-37.8436,1.7029,-1.3080
1091.274,7,-37.8347,1.7027,-1.3085
1091.285,7,-37.8258,1.7022,-1.3089
1091.296,7,-37.8169,1.7016,-1.3091
1091.307,7,-37.8080,1.7008,-1.3094
1091.318,7,-37.7990,1.6997,-1.3096
1091.329,7,-37.7899,1.6985,-1.3097
1091.340,7,-37.7808,1.6968,-1.3097
1091.352,7,-37.7718,1.6948,-1.3097
1091.363,7,-37.7628,1.6928,-1.3096
1091.374,7,-37.7538,1.6906,-1.3094
1091.385,7,-37.7447,1.6887,-1.3093
1091.396,7,-37.7351,1.6867,-1.3090
1091.408,7,-37.7254,1.6849,-1.3089
1091.419,7,-37.7155,1.6833,-1.3085
1091.431,7,-37.7055,1.6818,-1.3081
1091.443,7,-37.6956,1.6805,-1.3076
1091.454,7,-37.6855,1.6795,-1.3071
1091.466,7,-37.6753,1.6787,-1.3066
1091.477,7,-37.6651,1.6780,-1.3060
1091.489,7,-37.6547,1.6774,-1.3053
1091.500,7,-37.6443,1.6772,-1.3046
1091.512,7,-37.6338,1.6776,-1.3038
1091.524,7,-37.6231,1.6782,-1.3029
1091.536,7,-37.6124,1.6789,-1.3019
1091.547,7,-37.6018,1.6794,-1.3009
1091.561,7,-37.5910,1.6802,-1.2997
1091.573,7,-37.5806,1.6812,-1.2987
1091.582,7,-37.5699,1.6821,-1.2976
1091.594,7,-37.5593,1.6832,-1.2966
1091.604,7,-37.5491,1.6843,-1.2957
1091.616,7,-37.5389,1.6853,-1.2950
1091.627,7,-37.5287,1.6861,-1.2944
1091.639,7,-37.5186,1.6870,-1.2938
1091.650,7,-37.5088,1.6876,-1.2933
1091.661,7,-37.4990,1.6884,-1.2929
1091.672,7,-37.4894,1.6892,-1.2925
1091.684,7,-37.4799,1.6904,-1.2923
1091.695,7,-37.4704,1.6916,-1.2921
1091.706,7,-37.4609,1.6929,-1.2921
1091.718,7,-37.4513,1.6943,-1.2920
1091.729,7,-37.4419,1.6958,-1.2920
1091.741,7,-37.4325,1.6975,-1.2919
1091.752,7,-37.4232,1.6992,-1.2921
1091.763,7,-37.4141,1.7010,-1.2922
1091.774,7,-37.4050,1.7026,-1.2924
1091.785,7,-37.3960,1.7040,-1.2927
1091.796,7,-37.3871,1.7053,-1.2929
1091.808,7,-37.3783,1.7062,-1.2932
1091.820,7,-37.3694,1.7069,-1.2934
1091.830,7,-37.3605,1.7076,-1.2938
1091.841,7,-37.3517,1.7079,-1.2941
1091.852,7,-37.3423,1.7080,-1.2945
1091.863,7,-37.3330,1.7080,-1.2951
1091.875,7,-37.3235,1.7077,-1.2956
1091.886,7,-37.3141,1.7072,-1.2962
1091.898,7,-37.3047,1.7063,-1.2968
1091.910,7,-37.2953,1.7055,-1.2974
1091.921,7,-37.2858,1.7044,-1.2979
1091.933,7,-37.2764,1.7034,-1.2985
1091.945,7,-37.2668,1.7021,-1.2992
1091.957,7,-37.2573,1.7006,-1.2998
1091.968,7,-37.2478,1.6987,-1.3006
1091.979,7,-37.2383,1.6967,-1.3014
1091.991,7,-37.2288,1.6947,-1.3022
1092.002,7,-37.2192,1.6929,-1.3031
1092.014,7,-37.2097,1.6910,-1.3040
1092.027,7,-37.2003,1.6890,-1.3049
1092.038,7,-37.1911,1.6873,-1.3059
1092.050,7,-37.1818,1.6854,-1.3069
1092.061,7,-37.1724,1.6838,-1.3079
1092.072,7,-37.1628,1.6825,-1.3090
1092.084,7,-37.1533,1.6817,-1.3101
1092.097,7,-37.1438,1.6812,-1.3113
1092.106,7,-37.1342,1.6808,-1.3126
1092.117,7,-37.1246,1.6812,-1.3141
1092.129,7,-37.1151,1.6827,-1.3158
1092.139,7,-37.1054,1.6839,-1.3175
1092.151,7,-37.0960,1.6853,-1.3191
1092.161,7,-37.0865,1.6868,-1.3207
1092.172,7,-37.0770,1.6890,-1.3224
1092.184,7,-37.0675,1.6908,-1.3241
1092.195,7,-37.0583,1.6923,-1.3256
1092.207,7,-37.0493,1.6933,-1.3270
1092.218,7,-37.0404,1.6938,-1.3282
1092.230,7,-37.0319,1.6940,-1.3294
1092.241,7,-37.0234,1.6945,-1.3305
1092.253,7,-37.0148,1.6953,-1.3316
1092.261,7,-37.0061,1.6962,-1.3328
1092.274,7,-36.9977,1.6974,-1.3337
1092.286,7,-36.9891,1.6986,-1.3348
1092.295,7,-36.9802,1.6997,-1.3359
1092.308,7,-36.9714,1.7007,-1.3369
1092.319,7,-36.9626,1.7019,-1.3379
1092.331,7,-36.9536,1.7036,-1.3386
1092.342,7,-36.9447,1.7052,-1.3394
1092.354,7,-36.9357,1.7067,-1.3402
1092.366,7,-36.9268,1.7082,-1.3410
1092.378,7,-36.9180,1.7093,-1.3417
1092.390,7,-36.9090,1.7102,-1.3426
1092.402,7,-36.9002,1.7108,-1.3434
1092.412,7,-36.8912,1.7114,-1.3442
1092.426,7,-36.8822,1.7115,-1.3448
1092.437,7,-36.8731,1.7116,-1.3455
1092.448,7,-36.8640,1.7116,-1.3462
1092.460,7,-36.8548,1.7112,-1.3469
1092.471,7,-36.8456,1.7108,-1.3476
1092.482,7,-36.8363,1.7101,-1.3482
1092.491,7,-36.8270,1.7095,-1.3488
1092.505,7,-36.8180,1.7085,-1.3494
1092.516,7,-36.8087,1.7074,-1.3499
1092.528,7,-36.7996,1.7061,-1.3504
1092.536,7,-36.7904,1.7048,-1.3510
1092.550,7,-36.7817,1.7027,-1.3514
1092.562,7,-36.7726,1.7009,-1.3519
1092.570,7,-36.7632,1.6989,-1.3523
1092.584,7,-36.7538,1.6968,-1.3527
1092.593,7,-36.7444,1.6950,-1.3531
1092.608,7,-36.7348,1.6933,-1.3534
1092.619,7,-36.7251,1.6920,-1.3536
1092.631,7,-36.7154,1.6910,-1.3538
1092.643,7,-36.7056,1.6902,-1.3540
1092.652,7,-36.6957,1.6894,-1.3542
1092.665,7,-36.6858,1.6889,-1.3543
1092.678,7,-36.6762,1.6889,-1.3543
1092.686,7,-36.6663,1.6890,-1.3543
1092.699,7,-36.6562,1.6902,-1.3542
1092.711,7,-36.6462,1.6912,-1.3542
1092.723,7,-36.6363,1.6924,-1.3541
1092.734,7,-36.6265,1.6939,-1.3540
1092.748,7,-36.6168,1.6961,-1.3539
1092.759,7,-36.6070,1.6984,-1.3539
1092.768,7,-36.5973,1.7006,-1.3539
1092.781,7,-36.5878,1.7032,-1.3539
1092.792,7,-36.5785,1.7053,-1.3540
1092.804,7,-36.5693,1.7069,-1.3543
1092.816,7,-36.5609,1.7081,-1.3547
1092.824,7,-36.5520,1.7093,-1.3551
1092.838,7,-36.5435,1.7102,-1.3557
1092.849,7,-36.5354,1.7113,-1.3564
1092.858,7,-36.5270,1.7125,-1.3569
1092.872,7,-36.5187,1.7138,-1.3576
1092.884,7,-36.5104,1.7151,-1.3581
1092.892,7,-36.5021,1.7164,-1.3587
1092.905,7,-36.4938,1.7180,-1.3592
1092.917,7,-36.4856,1.7197,-1.3598
1092.928,7,-36.4775,1.7214,-1.3605
1092.940,7,-36.4694,1.7230,-1.3612
1092.951,7,-36.4613,1.7244,-1.3619
1092.959,7,-36.4533,1.7257,-1.3627
1092.973,7,-36.4456,1.7266,-1.3635
1092.984,7,-36.4379,1.7272,-1.3643
1092.996,7,-36.4304,1.7276,-1.3651
1093.007,7,-36.4228,1.7278,-1.3659
1093.018,7,-36.4151,1.7279,-1.3668
1093.027,7,-36.4075,1.7280,-1.3677
1093.040,7,-36.4000,1.7276,-1.3688
1093.051,7,-36.3925,1.7271,-1.3699
1093.062,7,-36.3850,1.7266,-1.3710
1093.073,7,-36.3775,1.7259,-1.3722
1093.084,7,-36.3699,1.7253,-1.3734
1093.096,7,-36.3623,1.7244,-1.3747
1093.107,7,-36.3549,1.7235,-1.3760
1093.118,7,-36.3473,1.7225,-1.3773
1093.130,7,-36.3399,1.7212,-1.3786
1093.141,7,-36.3324,1.7195,-1.3800
1093.153,7,-36.3249,1.7177,-1.3814
1093.162,7,-36.3174,1.7161,-1.3828
1093.174,7,-36.3095,1.7144,-1.3844
1093.185,7,-36.3015,1.7129,-1.3861
1093.197,7,-36.2934,1.7116,-1.3879
1093.208,7,-36.2854,1.7103,-1.3898
1093.220,7,-36.2772,1.7091,-1.3918
1093.231,7,-36.2692,1.7080,-1.3939
1093.243,7,-36.2610,1.7071,-1.3962
1093.254,7,-36.2527,1.7065,-1.3986
1093.266,7,-36.2443,1.7064,-1.4010
1093.278,7,-36.2359,1.7069,-1.4035
1093.289,7,-36.2276,1.7077,-1.4060
1093.300,7,-36.2192,1.7083,-1.4086
1093.312,7,-36.2110,1.7092,-1.4113
1093.324,7,-36.2028,1.7107,-1.4140
1093.336,7,-36.1946,1.7126,-1.4167
1093.347,7,-36.1865,1.7143,-1.4192
1093.359,7,-36.1788,1.7157,-1.4216
1093.370,7,-36.1710,1.7173,-1.4240
1093.381,7,-36.1633,1.7188,-1.4263
1093.392,7,-36.1556,1.7201,-1.4287
1093.404,7,-36.1482,1.7211,-1.4308
1093.416,7,-36.1409,1.7217,-1.4328
1093.427,7,-36.1336,1.7223,-1.4349
1093.438,7,-36.1264,1.7229,-1.4369
1093.450,7,-36.1191,1.7237,-1.4389
1093.461,7,-36.1118,1.7248,-1.4407
1093.472,7,-36.1045,1.7257,-1.4425
1093.483,7,-36.0972,1.7266,-1.4442
1093.495,7,-36.0900,1.7274,-1.4459
1093.506,7,-36.0828,1.7283,-1.4474
1093.517,7,-36.0756,1.7294,-1.4490
1093.528,7,-36.0683,1.7304,-1.4506
1093.539,7,-36.0612,1.7314,-1.4521
1093.550,7,-36.0540,1.7323,-1.4536
1093.562,7,-36.0468,1.7331,-1.4551
1093.573,7,-36.0397,1.7336,-1.4567
1093.586,7,-36.0327,1.7340,-1.4583
1093.597,7,-36.0255,1.7343,-1.4598
1093.607,7,-36.0184,1.7346,-1.4613
1093.618,7,-36.0112,1.7348,-1.4627
1093.629,7,-36.0039,1.7348,-1.4641
1093.640,7,-35.9968,1.7348,-1.4654
1093.651,7,-35.9896,1.7346,-1.4667
1093.662,7,-35.9820,1.7343,-1.4680
1093.673,7,-35.9744,1.7337,-1.4692
1093.685,7,-35.9667,1.7331,-1.4703
1093.697,7,-35.9590,1.7324,-1.4713
1093.708,7,-35.9513,1.7315,-1.4724
1093.720,7,-35.9436,1.7303,-1.4733
1093.732,7,-35.9358,1.7289,-1.4742
1093.744,7,-35.9281,1.7274,-1.4750
1093.757,7,-35.9203,1.7257,-1.4758
1093.768,7,-35.9124,1.7240,-1.4765
1093.777,7,-35.9046,1.7223,-1.4771
1093.790,7,-35.8966,1.7207,-1.4777
1093.802,7,-35.8889,1.7193,-1.4781
1093.814,7,-35.8808,1.7182,-1.4784
1093.825,7,-35.8727,1.7172,-1.4788
1093.837,7,-35.8646,1.7165,-1.4790
1093.848,7,-35.8565,1.7158,-1.4793
1093.860,7,-35.8484,1.7155,-1.4794
1093.868,7,-35.8403,1.7152,-1.4795
1093.882,7,-35.8322,1.7154,-1.4794
1093.895,7,-35.8242,1.7158,-1.4792
1093.907,7,-35.8165,1.7160,-1.4791
1093.915,7,-35.8090,1.7162,-1.4790
1093.929,7,-35.8015,1.7167,-1.4789
1093.937,7,-35.7940,1.7175,-1.4788
1093.951,7,-35.7866,1.7191,-1.4788
1093.959,7,-35.7792,1.7207,-1.4787
1093.974,7,-35.7720,1.7226,-1.4785
1093.982,7,-35.7647,1.7239,-1.4785
1093.996,7,-35.7578,1.7250,-1.4785
1094.006,7,-35.7507,1.7259,-1.4785
1094.018,7,-35.7437,1.7267,-1.4786
1094.026,7,-35.7367,1.7271,-1.4787
1094.040,7,-35.7299,1.7274,-1.4789
1094.049,7,-35.7230,1.7278,-1.4791
1094.063,7,-35.7163,1.7281,-1.4793
1094.071,7,-35.7094,1.7286,-1.4796
1094.086,7,-35.7028,1.7290,-1.4799
1094.094,7,-35.6960,1.7294,-1.4803
1094.109,7,-35.6892,1.7300,-1.4807
1094.120,7,-35.6827,1.7306,-1.4810
1094.134,7,-35.6761,1.7314,-1.4814
1094.145,7,-35.6699,1.7321,-1.4817
1094.153,7,-35.6633,1.7328,-1.4820
1094.163,7,-35.6570,1.7334,-1.4822
1094.177,7,-35.6508,1.7338,-1.4824
1094.185,7,-35.6446,1.7343,-1.4827
1094.198,7,-35.6386,1.7347,-1.4831
1094.206,7,-35.6328,1.7351,-1.4833
1094.221,7,-35.6270,1.7354,-1.4836
1094.230,7,-35.6214,1.7357,-1.4839
1094.245,7,-35.6156,1.7359,-1.4843
1094.253,7,-35.6098,1.7361,-1.4847
1094.267,7,-35.6043,1.7362,-1.4850
1094.279,7,-35.5986,1.7364,-1.4854
1094.288,7,-35.5930,1.7364,-1.4859
1094.302,7,-35.5875,1.7363,-1.4865
1094.310,7,-35.5820,1.7362,-1.4870
1094.325,7,-35.5766,1.7357,-1.4875
1094.333,7,-35.5712,1.7355,-1.4881
1094.349,7,-35.5660,1.7346,-1.4889
1094.358,7,-35.5608,1.7339,-1.4895
1094.372,7,-35.5557,1.7330,-1.4903
1094.380,7,-35.5504,1.7325,-1.4911
1094.394,7,-35.5452,1.7323,-1.4920
1094.402,7,-35.5400,1.7322,-1.4929
1094.416,7,-35.5347,1.7323,-1.4939
1094.424,7,-35.5296,1.7321,-1.4948
1094.439,7,-35.5243,1.7320,-1.4959
1094.446,7,-35.5191,1.7319,-1.4970
1094.462,7,-35.5140,1.7322,-1.4981
1094.470,7,-35.5088,1.7326,-1.4992
1094.484,7,-35.5034,1.7338,-1.5003
1094.492,7,-35.4981,1.7345,-1.5014
1094.506,7,-35.4928,1.7351,-1.5025
1094.514,7,-35.4876,1.7356,-1.5036
1094.529,7,-35.4825,1.7363,-1.5045
1094.536,7,-35.4775,1.7368,-1.5056
1094.551,7,-35.4725,1.7372,-1.5040
1094.559,7,-35.4676,1.7377,-1.5048
1094.574,7,-35.4628,1.7380,-1.5053
1094.582,7,-35.4580,1.7384,-1.5059
1094.597,7,-35.4535,1.7387,-1.5063
1094.604,7,-35.4488,1.7390,-1.5069
1094.619,7,-35.4445,1.7393,-1.5072
1094.627,7,-35.4401,1.7397,-1.5075
1094.643,7,-35.4360,1.7401,-1.5077
1094.650,7,-35.4319,1.7405,-1.5080
1094.666,7,-35.4278,1.7408,-1.5082
1094.674,7,-35.4236,1.7410,-1.5085
1094.689,7,-35.4197,1.7412,-1.5087
1094.697,7,-35.4158,1.7414,-1.5089
1094.713,7,-35.4119,1.7417,-1.5090
1094.720,7,-35.4081,1.7421,-1.5091
1094.736,7,-35.4043,1.7427,-1.5095
1094.745,7,-35.4004,1.7431,-1.5096
1094.760,7,-35.3968,1.7437,-1.5098
1094.768,7,-35.3931,1.7441,-1.5098
1094.783,7,-35.3896,1.7446,-1.5097
1094.792,7,-35.3861,1.7449,-1.5100
1094.808,7,-35.3831,1.7452,-1.5101
1094.816,7,-35.3798,1.7456,-1.5100
1094.832,7,-35.3735,1.7463,-1.5100
1094.843,7,-35.3706,1.7464,-1.5099
1094.858,7,-35.3678,1.7466,-1.5099
1094.868,7,-35.3650,1.7469,-1.5097
1094.883,7,-35.3624,1.7470,-1.5094
1094.891,7,-35.3600,1.7470,-1.5092
1094.908,7,-35.3579,1.7469,-1.5093
1094.917,7,-35.3555,1.7469,-1.5089
1094.932,7,-35.3536,1.7468,-1.5088
1094.941,7,-35.3515,1.7467,-1.5083
1094.957,7,-35.3477,1.7466,-1.5080
1094.968,7,-35.3461,1.7471,-1.5076
1094.983,7,-35.3444,1.7476,-1.5070
1094.992,7,-35.3426,1.7476,-1.5066
1095.008,7,-35.3394,1.7470,-1.5057
1095.016,7,-35.3361,1.7467,-1.5047
1095.039,7,-35.3334,1.7468,-1.5038
1095.059,7,-35.3307,1.7470,-1.5027
1095.082,7,-35.3281,1.7470,-1.5018
1095.105,7,-35.3257,1.7470,-1.5009
1095.127,7,-35.3236,1.7470,-1.4993
1095.151,7,-35.3217,1.7470,-1.4982
1095.174,7,-35.3199,1.7466,-1.4970
1095.196,7,-35.3181,1.7461,-1.4959
1095.219,7,-35.3164,1.7456,-1.4948
1095.243,7,-35.3150,1.7451,-1.4940
1095.266,7,-35.3137,1.7448,-1.4930
1095.288,7,-35.3122,1.7447,-1.4925
1095.311,7,-35.3108,1.7445,-1.4916
1095.334,7,-35.3096,1.7445,-1.4910
1095.357,7,-35.3085,1.7445,-1.4903
1095.378,7,-35.3076,1.7446,-1.4897
1095.401,7,-35.3067,1.7448,-1.4893
1095.423,7,-35.3059,1.7448,-1.4889
1095.445,7,-35.3054,1.7446,-1.4886
1095.467,7,-35.3051,1.7445,-1.4883
1095.489,7,-35.3048,1.7444,-1.4882
1095.511,7,-35.3046,1.7441,-1.4882
1095.534,7,-35.3045,1.7439,-1.4882
1095.557,7,-35.3045,1.7438,-1.4881
1095.579,7,-35.3048,1.7443,-1.4858

# --- Trial 8 start ---
1105.089,8,-39.7221,1.6961,-1.2096
1105.150,8,-39.7217,1.6966,-1.2102
1105.163,8,-39.7214,1.6966,-1.2105
1105.178,8,-39.7214,1.6964,-1.2106
1105.188,8,-39.7214,1.6962,-1.2106
1105.200,8,-39.7215,1.6957,-1.2105
1105.221,8,-39.7215,1.6947,-1.2104
1105.232,8,-39.7215,1.6939,-1.2103
1105.246,8,-39.7215,1.6929,-1.2101
1105.260,8,-39.7213,1.6925,-1.2098
1105.285,8,-39.7208,1.6934,-1.2095
1105.307,8,-39.7200,1.6945,-1.2092
1105.330,8,-39.7191,1.6953,-1.2090
1105.352,8,-39.7183,1.6961,-1.2083
1105.373,8,-39.7172,1.6968,-1.2075
1105.396,8,-39.7164,1.6964,-1.2065
1105.418,8,-39.7154,1.6957,-1.2053
1105.441,8,-39.7145,1.6954,-1.2040
1105.462,8,-39.7133,1.6952,-1.2027
1105.485,8,-39.7119,1.6949,-1.2014
1105.508,8,-39.7106,1.6947,-1.1998
1105.529,8,-39.7090,1.6946,-1.1983
1105.551,8,-39.7071,1.6945,-1.1969
1105.574,8,-39.7052,1.6942,-1.1954
1105.597,8,-39.7028,1.6941,-1.1941
1105.621,8,-39.7003,1.6940,-1.1929
1105.643,8,-39.6978,1.6937,-1.1915
1105.666,8,-39.6949,1.6927,-1.1903
1105.689,8,-39.6922,1.6908,-1.1889
1105.714,8,-39.6903,1.6893,-1.1882
1105.732,8,-39.6884,1.6893,-1.1879
1105.743,8,-39.6866,1.6895,-1.1876
1105.752,8,-39.6850,1.6893,-1.1873
1105.764,8,-39.6833,1.6889,-1.1872
1105.775,8,-39.6815,1.6885,-1.1872
1105.786,8,-39.6799,1.6884,-1.1873
1105.797,8,-39.6781,1.6889,-1.1874
1105.809,8,-39.6763,1.6897,-1.1875
1105.820,8,-39.6745,1.6903,-1.1876
1105.832,8,-39.6728,1.6908,-1.1879
1105.843,8,-39.6711,1.6909,-1.1882
1105.855,8,-39.6694,1.6909,-1.1885
1105.865,8,-39.6678,1.6908,-1.1889
1105.878,8,-39.6662,1.6906,-1.1892
1105.886,8,-39.6646,1.6905,-1.1895
1105.899,8,-39.6631,1.6902,-1.1899
1105.911,8,-39.6614,1.6900,-1.1903
1105.922,8,-39.6599,1.6899,-1.1907
1105.933,8,-39.6583,1.6899,-1.1911
1105.945,8,-39.6567,1.6898,-1.1916
1105.956,8,-39.6553,1.6897,-1.1921
1105.967,8,-39.6538,1.6895,-1.1925
1105.979,8,-39.6523,1.6893,-1.1931
1105.991,8,-39.6509,1.6890,-1.1936
1106.002,8,-39.6494,1.6887,-1.1941
1106.014,8,-39.6479,1.6882,-1.1945
1106.023,8,-39.6464,1.6878,-1.1949
1106.037,8,-39.6447,1.6869,-1.1954
1106.048,8,-39.6431,1.6858,-1.1959
1106.060,8,-39.6413,1.6843,-1.1965
1106.071,8,-39.6394,1.6829,-1.1972
1106.082,8,-39.6376,1.6822,-1.1978
1106.094,8,-39.6349,1.6853,-1.1986
1106.106,8,-39.6317,1.6905,-1.1997
1106.117,8,-39.6288,1.6937,-1.2007
1106.136,8,-39.6255,1.6942,-1.2017
1106.152,8,-39.6228,1.6926,-1.2028
1106.165,8,-39.6199,1.6907,-1.2037
1106.176,8,-39.6171,1.6890,-1.2045
1106.187,8,-39.6145,1.6879,-1.2054
1106.198,8,-39.6117,1.6873,-1.2062
1106.209,8,-39.6090,1.6868,-1.2069
1106.220,8,-39.6064,1.6862,-1.2078
1106.232,8,-39.6035,1.6851,-1.2086
1106.243,8,-39.6007,1.6839,-1.2094
1106.255,8,-39.5979,1.6830,-1.2103
1106.266,8,-39.5949,1.6824,-1.2111
1106.277,8,-39.5917,1.6824,-1.2121
1106.289,8,-39.5884,1.6827,-1.2130
1106.300,8,-39.5851,1.6827,-1.2139
1106.311,8,-39.5819,1.6821,-1.2145
1106.322,8,-39.5785,1.6814,-1.2151
1106.334,8,-39.5751,1.6808,-1.2157
1106.345,8,-39.5714,1.6804,-1.2163
1106.355,8,-39.5676,1.6799,-1.2170
1106.367,8,-39.5636,1.6797,-1.2175
1106.378,8,-39.5596,1.6796,-1.2180
1106.389,8,-39.5555,1.6794,-1.2184
1106.401,8,-39.5513,1.6791,-1.2189
1106.411,8,-39.5471,1.6786,-1.2194
1106.423,8,-39.5428,1.6781,-1.2199
1106.434,8,-39.5386,1.6775,-1.2204
1106.445,8,-39.5342,1.6770,-1.2210
1106.459,8,-39.5298,1.6763,-1.2215
1106.471,8,-39.5253,1.6755,-1.2219
1106.480,8,-39.5208,1.6747,-1.2223
1106.490,8,-39.5159,1.6738,-1.2228
1106.501,8,-39.5109,1.6730,-1.2233
1106.513,8,-39.5056,1.6723,-1.2239
1106.524,8,-39.5002,1.6716,-1.2243
1106.536,8,-39.4949,1.6709,-1.2247
1106.547,8,-39.4893,1.6701,-1.2251
1106.559,8,-39.4835,1.6693,-1.2255
1106.570,8,-39.4776,1.6685,-1.2259
1106.582,8,-39.4716,1.6676,-1.2262
1106.594,8,-39.4656,1.6666,-1.2267
1106.605,8,-39.4594,1.6657,-1.2268
1106.618,8,-39.4533,1.6645,-1.2270
1106.630,8,-39.4472,1.6632,-1.2272
1106.640,8,-39.4410,1.6619,-1.2272
1106.653,8,-39.4346,1.6604,-1.2272
1106.662,8,-39.4284,1.6593,-1.2271
1106.675,8,-39.4219,1.6582,-1.2271
1106.686,8,-39.4155,1.6573,-1.2268
1106.696,8,-39.4088,1.6564,-1.2267
1106.708,8,-39.4020,1.6557,-1.2264
1106.719,8,-39.3954,1.6551,-1.2259
1106.730,8,-39.3885,1.6548,-1.2255
1106.742,8,-39.3814,1.6548,-1.2250
1106.753,8,-39.3743,1.6551,-1.2244
1106.765,8,-39.3669,1.6562,-1.2239
1106.776,8,-39.3597,1.6575,-1.2233
1106.788,8,-39.3525,1.6587,-1.2226
1106.799,8,-39.3454,1.6600,-1.2219
1106.810,8,-39.3383,1.6614,-1.2214
1106.821,8,-39.3312,1.6635,-1.2209
1106.832,8,-39.3240,1.6656,-1.2205
1106.844,8,-39.3171,1.6678,-1.2199
1106.855,8,-39.3101,1.6699,-1.2195
1106.866,8,-39.3030,1.6716,-1.2192
1106.877,8,-39.2961,1.6729,-1.2188
1106.889,8,-39.2892,1.6740,-1.2186
1106.900,8,-39.2825,1.6750,-1.2184
1106.911,8,-39.2755,1.6760,-1.2184
1106.923,8,-39.2686,1.6771,-1.2183
1106.933,8,-39.2617,1.6783,-1.2182
1106.943,8,-39.2544,1.6795,-1.2181
1106.955,8,-39.2471,1.6806,-1.2181
1106.967,8,-39.2398,1.6816,-1.2181
1106.978,8,-39.2326,1.6826,-1.2183
1106.990,8,-39.2252,1.6836,-1.2185
1107.002,8,-39.2180,1.6843,-1.2186
1107.014,8,-39.2108,1.6851,-1.2187
1107.025,8,-39.2035,1.6857,-1.2188
1107.036,8,-39.1963,1.6862,-1.2190
1107.048,8,-39.1890,1.6866,-1.2193
1107.060,8,-39.1816,1.6867,-1.2195
1107.072,8,-39.1739,1.6869,-1.2199
1107.083,8,-39.1663,1.6868,-1.2202
1107.095,8,-39.1587,1.6866,-1.2206
1107.106,8,-39.1510,1.6863,-1.2210
1107.118,8,-39.1433,1.6856,-1.2215
1107.130,8,-39.1356,1.6849,-1.2219
1107.141,8,-39.1279,1.6841,-1.2225
1107.152,8,-39.1199,1.6832,-1.2232
1107.165,8,-39.1121,1.6821,-1.2237
1107.175,8,-39.1042,1.6810,-1.2243
1107.187,8,-39.0962,1.6798,-1.2250
1107.198,8,-39.0882,1.6783,-1.2256
1107.210,8,-39.0802,1.6766,-1.2264
1107.221,8,-39.0722,1.6748,-1.2271
1107.232,8,-39.0639,1.6730,-1.2280
1107.243,8,-39.0556,1.6710,-1.2289
1107.255,8,-39.0472,1.6692,-1.2298
1107.266,8,-39.0387,1.6676,-1.2307
1107.277,8,-39.0303,1.6664,-1.2316
1107.288,8,-39.0217,1.6655,-1.2327
1107.299,8,-39.0131,1.6647,-1.2338
1107.310,8,-39.0042,1.6642,-1.2350
1107.322,8,-38.9952,1.6638,-1.2363
1107.333,8,-38.9859,1.6636,-1.2376
1107.344,8,-38.9763,1.6639,-1.2389
1107.356,8,-38.9666,1.6648,-1.2404
1107.367,8,-38.9569,1.6659,-1.2419
1107.379,8,-38.9471,1.6673,-1.2434
1107.390,8,-38.9374,1.6686,-1.2449
1107.402,8,-38.9275,1.6705,-1.2465
1107.414,8,-38.9177,1.6725,-1.2481
1107.425,8,-38.9081,1.6746,-1.2495
1107.437,8,-38.8986,1.6766,-1.2507
1107.449,8,-38.8890,1.6784,-1.2522
1107.460,8,-38.8796,1.6800,-1.2534
1107.472,8,-38.8701,1.6812,-1.2547
1107.483,8,-38.8605,1.6822,-1.2560
1107.495,8,-38.8514,1.6828,-1.2569
1107.506,8,-38.8421,1.6836,-1.2579
1107.518,8,-38.8328,1.6846,-1.2589
1107.530,8,-38.8233,1.6856,-1.2599
1107.541,8,-38.8142,1.6868,-1.2608
1107.553,8,-38.8053,1.6878,-1.2616
1107.567,8,-38.7962,1.6889,-1.2625
1107.578,8,-38.7873,1.6902,-1.2633
1107.587,8,-38.7782,1.6914,-1.2641
1107.597,8,-38.7693,1.6925,-1.2648
1107.609,8,-38.7603,1.6934,-1.2653
1107.620,8,-38.7511,1.6941,-1.2660
1107.631,8,-38.7420,1.6947,-1.2667
1107.642,8,-38.7329,1.6948,-1.2673
1107.654,8,-38.7240,1.6949,-1.2678
1107.664,8,-38.7150,1.6948,-1.2682
1107.676,8,-38.7058,1.6944,-1.2686
1107.687,8,-38.6965,1.6940,-1.2691
1107.698,8,-38.6872,1.6935,-1.2695
1107.710,8,-38.6779,1.6927,-1.2699
1107.721,8,-38.6686,1.6916,-1.2703
1107.731,8,-38.6592,1.6905,-1.2707
1107.743,8,-38.6499,1.6892,-1.2709
1107.756,8,-38.6407,1.6877,-1.2711
1107.769,8,-38.6313,1.6858,-1.2713
1107.780,8,-38.6217,1.6839,-1.2716
1107.788,8,-38.6123,1.6820,-1.2718
1107.799,8,-38.6028,1.6799,-1.2719
1107.810,8,-38.5933,1.6778,-1.2721
1107.821,8,-38.5839,1.6757,-1.2721
1107.832,8,-38.5742,1.6738,-1.2723
1107.843,8,-38.5644,1.6721,-1.2723
1107.855,8,-38.5546,1.6707,-1.2724
1107.866,8,-38.5448,1.6694,-1.2724
1107.877,8,-38.5348,1.6686,-1.2722
1107.888,8,-38.5247,1.6678,-1.2720
1107.900,8,-38.5147,1.6673,-1.2717
1107.911,8,-38.5044,1.6672,-1.2715
1107.922,8,-38.4940,1.6676,-1.2712
1107.934,8,-38.4834,1.6685,-1.2711
1107.944,8,-38.4727,1.6697,-1.2709
1107.956,8,-38.4620,1.6712,-1.2707
1107.967,8,-38.4514,1.6725,-1.2705
1107.979,8,-38.4410,1.6743,-1.2703
1107.991,8,-38.4305,1.6765,-1.2701
1108.002,8,-38.4200,1.6791,-1.2700
1108.013,8,-38.4095,1.6818,-1.2699
1108.026,8,-38.3991,1.6843,-1.2698
1108.038,8,-38.3887,1.6863,-1.2699
1108.049,8,-38.3783,1.6880,-1.2700
1108.061,8,-38.3682,1.6894,-1.2704
1108.070,8,-38.3579,1.6908,-1.2708
1108.084,8,-38.3479,1.6920,-1.2715
1108.095,8,-38.3377,1.6936,-1.2722
1108.106,8,-38.3277,1.6949,-1.2728
1108.118,8,-38.3180,1.6960,-1.2734
1108.129,8,-38.3085,1.6971,-1.2740
1108.141,8,-38.2990,1.6983,-1.2746
1108.154,8,-38.2893,1.6995,-1.2753
1108.163,8,-38.2798,1.7006,-1.2760
1108.180,8,-38.2705,1.7014,-1.2768
1108.188,8,-38.2609,1.7023,-1.2775
1108.203,8,-38.2515,1.7027,-1.2783
1108.212,8,-38.2422,1.7033,-1.2790
1108.227,8,-38.2325,1.7033,-1.2798
1108.235,8,-38.2228,1.7033,-1.2806
1108.249,8,-38.2130,1.7031,-1.2815
1108.258,8,-38.2033,1.7030,-1.2822
1108.271,8,-38.1934,1.7024,-1.2831
1108.280,8,-38.1836,1.7019,-1.2840
1108.290,8,-38.1737,1.7012,-1.2849
1108.303,8,-38.1640,1.7003,-1.2856
1108.311,8,-38.1541,1.6993,-1.2865
1108.324,8,-38.1443,1.6979,-1.2875
1108.333,8,-38.1344,1.6965,-1.2886
1108.347,8,-38.1244,1.6949,-1.2896
1108.359,8,-38.1148,1.6931,-1.2907
1108.367,8,-38.1048,1.6914,-1.2918
1108.380,8,-38.0948,1.6894,-1.2931
1108.388,8,-38.0847,1.6872,-1.2944
1108.401,8,-38.0745,1.6849,-1.2959
1108.414,8,-38.0640,1.6828,-1.2977
1108.423,8,-38.0536,1.6811,-1.2993
1108.437,8,-38.0432,1.6802,-1.3011
1108.448,8,-38.0327,1.6794,-1.3028
1108.457,8,-38.0224,1.6784,-1.3045
1108.471,8,-38.0119,1.6780,-1.3064
1108.482,8,-38.0017,1.6779,-1.3084
1108.492,8,-37.9912,1.6781,-1.3105
1108.505,8,-37.9808,1.6795,-1.3128
1108.514,8,-37.9703,1.6803,-1.3149
1108.527,8,-37.9598,1.6817,-1.3171
1108.539,8,-37.9496,1.6836,-1.3193
1108.548,8,-37.9392,1.6851,-1.3215
1108.560,8,-37.9290,1.6871,-1.3235
1108.572,8,-37.9189,1.6888,-1.3254
1108.584,8,-37.9091,1.6901,-1.3271
1108.596,8,-37.8994,1.6910,-1.3288
1108.606,8,-37.8898,1.6916,-1.3304
1108.617,8,-37.8804,1.6921,-1.3317
1108.630,8,-37.8712,1.6928,-1.3331
1108.641,8,-37.8620,1.6940,-1.3344
1108.649,8,-37.8526,1.6953,-1.3357
1108.663,8,-37.8435,1.6969,-1.3369
1108.674,8,-37.8342,1.6984,-1.3382
1108.685,8,-37.8249,1.7001,-1.3393
1108.697,8,-37.8156,1.7019,-1.3403
1108.708,8,-37.8063,1.7036,-1.3414
1108.719,8,-37.7970,1.7054,-1.3423
1108.730,8,-37.7878,1.7068,-1.3432
1108.742,8,-37.7785,1.7081,-1.3441
1108.752,8,-37.7692,1.7092,-1.3450
1108.765,8,-37.7598,1.7100,-1.3459
1108.776,8,-37.7505,1.7104,-1.3467
1108.787,8,-37.7412,1.7108,-1.3476
1108.798,8,-37.7319,1.7109,-1.3485
1108.809,8,-37.7224,1.7109,-1.3493
1108.820,8,-37.7130,1.7107,-1.3501
1108.831,8,-37.7034,1.7102,-1.3508
1108.843,8,-37.6938,1.7095,-1.3515
1108.854,8,-37.6844,1.7088,-1.3522
1108.865,8,-37.6747,1.7079,-1.3527
1108.877,8,-37.6652,1.7068,-1.3532
1108.887,8,-37.6555,1.7057,-1.3537
1108.900,8,-37.6458,1.7041,-1.3541
1108.909,8,-37.6361,1.7024,-1.3545
1108.921,8,-37.6264,1.7003,-1.3548
1108.932,8,-37.6166,1.6982,-1.3550
1108.944,8,-37.6067,1.6961,-1.3552
1108.953,8,-37.5968,1.6941,-1.3554
1108.966,8,-37.5868,1.6921,-1.3554
1108.976,8,-37.5768,1.6903,-1.3555
1108.988,8,-37.5667,1.6887,-1.3555
1108.999,8,-37.5565,1.6873,-1.3555
1109.010,8,-37.5462,1.6862,-1.3553
1109.021,8,-37.5359,1.6853,-1.3552
1109.032,8,-37.5256,1.6845,-1.3550
1109.044,8,-37.5152,1.6840,-1.3547
1109.055,8,-37.5044,1.6839,-1.3544
1109.066,8,-37.4936,1.6844,-1.3541
1109.078,8,-37.4829,1.6856,-1.3536
1109.089,8,-37.4723,1.6863,-1.3533
1109.101,8,-37.4618,1.6871,-1.3529
1109.113,8,-37.4515,1.6883,-1.3527
1109.124,8,-37.4412,1.6898,-1.3526
1109.136,8,-37.4311,1.6918,-1.3526
1109.148,8,-37.4208,1.6940,-1.3525
1109.159,8,-37.4107,1.6962,-1.3525
1109.171,8,-37.4006,1.6980,-1.3526
1109.182,8,-37.3905,1.6994,-1.3528
1109.194,8,-37.3806,1.7004,-1.3532
1109.205,8,-37.3707,1.7013,-1.3537
1109.217,8,-37.3610,1.7021,-1.3543
1109.229,8,-37.3518,1.7031,-1.3548
1109.239,8,-37.3423,1.7044,-1.3555
1109.251,8,-37.3328,1.7056,-1.3561
1109.262,8,-37.3235,1.7067,-1.3568
1109.274,8,-37.3142,1.7080,-1.3575
1109.285,8,-37.3051,1.7094,-1.3582
1109.297,8,-37.2959,1.7109,-1.3590
1109.309,8,-37.2869,1.7122,-1.3598
1109.319,8,-37.2779,1.7135,-1.3606
1109.330,8,-37.2688,1.7145,-1.3615
1109.342,8,-37.2598,1.7153,-1.3623
1109.354,8,-37.2508,1.7158,-1.3633
1109.365,8,-37.2418,1.7164,-1.3641
1109.376,8,-37.2330,1.7166,-1.3650
1109.387,8,-37.2241,1.7166,-1.3659
1109.398,8,-37.2151,1.7164,-1.3669
1109.409,8,-37.2060,1.7160,-1.3679
1109.420,8,-37.1968,1.7154,-1.3689
1109.431,8,-37.1876,1.7147,-1.3700
1109.443,8,-37.1784,1.7138,-1.3711
1109.454,8,-37.1691,1.7127,-1.3723
1109.465,8,-37.1599,1.7113,-1.3735
1109.476,8,-37.1508,1.7099,-1.3746
1109.487,8,-37.1415,1.7084,-1.3759
1109.499,8,-37.1324,1.7067,-1.3771
1109.510,8,-37.1235,1.7048,-1.3785
1109.521,8,-37.1143,1.7027,-1.3799
1109.532,8,-37.1047,1.7005,-1.3814
1109.543,8,-37.0952,1.6983,-1.3830
1109.555,8,-37.0855,1.6961,-1.3846
1109.567,8,-37.0758,1.6942,-1.3864
1109.578,8,-37.0660,1.6928,-1.3881
1109.590,8,-37.0561,1.6915,-1.3900
1109.601,8,-37.0461,1.6906,-1.3921
1109.613,8,-37.0360,1.6898,-1.3942
1109.624,8,-37.0260,1.6893,-1.3964
1109.636,8,-37.0159,1.6894,-1.3986
1109.648,8,-37.0057,1.6903,-1.4010
1109.659,8,-36.9955,1.6917,-1.4034
1109.671,8,-36.9853,1.6933,-1.4058
1109.683,8,-36.9752,1.6948,-1.4083
1109.694,8,-36.9653,1.6966,-1.4106
1109.706,8,-36.9554,1.6988,-1.4130
1109.717,8,-36.9459,1.7008,-1.4152
1109.728,8,-36.9362,1.7029,-1.4173
1109.740,8,-36.9266,1.7049,-1.4193
1109.752,8,-36.9173,1.7067,-1.4212
1109.763,8,-36.9078,1.7083,-1.4230
1109.774,8,-36.8986,1.7095,-1.4247
1109.787,8,-36.8894,1.7103,-1.4263
1109.800,8,-36.8804,1.7111,-1.4278
1109.810,8,-36.8713,1.7120,-1.4294
1109.818,8,-36.8623,1.7131,-1.4309
1109.831,8,-36.8532,1.7143,-1.4324
1109.842,8,-36.8443,1.7154,-1.4337
1109.852,8,-36.8354,1.7166,-1.4350
1109.864,8,-36.8265,1.7180,-1.4362
1109.875,8,-36.8176,1.7193,-1.4374
1109.887,8,-36.8088,1.7206,-1.4385
1109.897,8,-36.8001,1.7218,-1.4395
1109.910,8,-36.7914,1.7225,-1.4405
1109.922,8,-36.7828,1.7231,-1.4415
1109.934,8,-36.7740,1.7234,-1.4426
1109.942,8,-36.7654,1.7238,-1.4436
1109.953,8,-36.7567,1.7237,-1.4444
1109.964,8,-36.7475,1.7238,-1.4454
1109.976,8,-36.7383,1.7235,-1.4462
1109.987,8,-36.7291,1.7230,-1.4470
1109.999,8,-36.7199,1.7225,-1.4477
1110.010,8,-36.7106,1.7217,-1.4484
1110.022,8,-36.7013,1.7208,-1.4491
1110.034,8,-36.6920,1.7197,-1.4497
1110.045,8,-36.6827,1.7186,-1.4503
1110.057,8,-36.6733,1.7173,-1.4507
1110.068,8,-36.6639,1.7157,-1.4512
1110.080,8,-36.6546,1.7140,-1.4517
1110.092,8,-36.6452,1.7120,-1.4521
1110.103,8,-36.6358,1.7101,-1.4525
1110.115,8,-36.6264,1.7082,-1.4528
1110.126,8,-36.6169,1.7063,-1.4532
1110.138,8,-36.6074,1.7045,-1.4535
1110.149,8,-36.5978,1.7030,-1.4538
1110.161,8,-36.5882,1.7017,-1.4540
1110.172,8,-36.5786,1.7007,-1.4542
1110.184,8,-36.5691,1.7000,-1.4542
1110.195,8,-36.5594,1.6994,-1.4543
1110.207,8,-36.5497,1.6993,-1.4543
1110.218,8,-36.5400,1.6997,-1.4544
1110.230,8,-36.5303,1.7006,-1.4544
1110.240,8,-36.5205,1.7019,-1.4544
1110.252,8,-36.5109,1.7029,-1.4542
1110.263,8,-36.5014,1.7040,-1.4541
1110.274,8,-36.4920,1.7053,-1.4540
1110.285,8,-36.4827,1.7068,-1.4540
1110.296,8,-36.4733,1.7085,-1.4538
1110.308,8,-36.4642,1.7106,-1.4538
1110.319,8,-36.4552,1.7126,-1.4538
1110.330,8,-36.4462,1.7146,-1.4539
1110.341,8,-36.4373,1.7162,-1.4541
1110.352,8,-36.4285,1.7174,-1.4543
1110.363,8,-36.4198,1.7182,-1.4546
1110.374,8,-36.4112,1.7189,-1.4550
1110.385,8,-36.4025,1.7197,-1.4554
1110.397,8,-36.3940,1.7206,-1.4561
1110.408,8,-36.3854,1.7217,-1.4567
1110.420,8,-36.3769,1.7228,-1.4573
1110.430,8,-36.3687,1.7237,-1.4579
1110.442,8,-36.3606,1.7247,-1.4585
1110.453,8,-36.3524,1.7258,-1.4591
1110.464,8,-36.3444,1.7271,-1.4598
1110.474,8,-36.3365,1.7283,-1.4605
1110.486,8,-36.3286,1.7294,-1.4612
1110.497,8,-36.3206,1.7304,-1.4620
1110.508,8,-36.3126,1.7313,-1.4628
1110.519,8,-36.3048,1.7321,-1.4634
1110.530,8,-36.2970,1.7327,-1.4642
1110.542,8,-36.2892,1.7332,-1.4648
1110.553,8,-36.2814,1.7335,-1.4657
1110.564,8,-36.2736,1.7338,-1.4665
1110.575,8,-36.2658,1.7339,-1.4675
1110.586,8,-36.2579,1.7338,-1.4686
1110.598,8,-36.2503,1.7336,-1.4694
1110.608,8,-36.2425,1.7331,-1.4705
1110.619,8,-36.2347,1.7326,-1.4714
1110.630,8,-36.2269,1.7320,-1.4725
1110.641,8,-36.2191,1.7312,-1.4734
1110.652,8,-36.2112,1.7303,-1.4745
1110.664,8,-36.2034,1.7293,-1.4755
1110.674,8,-36.1956,1.7282,-1.4766
1110.685,8,-36.1878,1.7268,-1.4777
1110.697,8,-36.1796,1.7251,-1.4789
1110.709,8,-36.1715,1.7231,-1.4801
1110.720,8,-36.1633,1.7212,-1.4813
1110.732,8,-36.1550,1.7198,-1.4825
1110.743,8,-36.1467,1.7187,-1.4838
1110.755,8,-36.1383,1.7177,-1.4852
1110.766,8,-36.1300,1.7167,-1.4865
1110.778,8,-36.1215,1.7159,-1.4880
1110.789,8,-36.1130,1.7151,-1.4896
1110.801,8,-36.1045,1.7146,-1.4911
1110.813,8,-36.0960,1.7146,-1.4927
1110.825,8,-36.0875,1.7151,-1.4944
1110.836,8,-36.0790,1.7162,-1.4960
1110.847,8,-36.0704,1.7172,-1.4977
1110.859,8,-36.0620,1.7183,-1.4994
1110.871,8,-36.0536,1.7199,-1.5010
1110.882,8,-36.0452,1.7217,-1.5026
1110.894,8,-36.0370,1.7237,-1.5041
1110.906,8,-36.0288,1.7256,-1.5056
1110.917,8,-36.0207,1.7274,-1.5069
1110.928,8,-36.0127,1.7289,-1.5082
1110.940,8,-36.0048,1.7300,-1.5094
1110.951,8,-35.9971,1.7308,-1.5106
1110.962,8,-35.9894,1.7313,-1.5116
1110.974,8,-35.9820,1.7318,-1.5127
1110.985,8,-35.9743,1.7322,-1.5137
1110.996,8,-35.9669,1.7328,-1.5148
1111.008,8,-35.9593,1.7335,-1.5158
1111.019,8,-35.9517,1.7342,-1.5169
1111.030,8,-35.9442,1.7351,-1.5177
1111.042,8,-35.9366,1.7360,-1.5186
1111.053,8,-35.9291,1.7371,-1.5194
1111.064,8,-35.9217,1.7383,-1.5202
1111.075,8,-35.9143,1.7393,-1.5209
1111.086,8,-35.9071,1.7402,-1.5216
1111.098,8,-35.8994,1.7409,-1.5223
1111.110,8,-35.8918,1.7414,-1.5231
1111.122,8,-35.8842,1.7416,-1.5238
1111.133,8,-35.8765,1.7417,-1.5245
1111.145,8,-35.8688,1.7418,-1.5251
1111.158,8,-35.8611,1.7417,-1.5257
1111.168,8,-35.8534,1.7417,-1.5263
1111.182,8,-35.8457,1.7413,-1.5268
1111.189,8,-35.8382,1.7410,-1.5273
1111.203,8,-35.8305,1.7404,-1.5277
1111.212,8,-35.8228,1.7399,-1.5281
1111.227,8,-35.8151,1.7389,-1.5284
1111.235,8,-35.8078,1.7380,-1.5287
1111.249,8,-35.8001,1.7366,-1.5289
1111.257,8,-35.7925,1.7354,-1.5292
1111.273,8,-35.7850,1.7336,-1.5294
1111.280,8,-35.7775,1.7322,-1.5295
1111.296,8,-35.7703,1.7305,-1.5294
1111.303,8,-35.7629,1.7289,-1.5295
1111.319,8,-35.7560,1.7274,-1.5294
1111.328,8,-35.7490,1.7262,-1.5294
1111.342,8,-35.7419,1.7253,-1.5293
1111.350,8,-35.7349,1.7245,-1.5292
1111.364,8,-35.7279,1.7241,-1.5289
1111.371,8,-35.7210,1.7236,-1.5288
1111.387,8,-35.7139,1.7240,-1.5284
1111.394,8,-35.7069,1.7241,-1.5281
1111.409,8,-35.7000,1.7249,-1.5276
1111.416,8,-35.6933,1.7254,-1.5272
1111.431,8,-35.6865,1.7260,-1.5267
1111.439,8,-35.6799,1.7265,-1.5262
1111.454,8,-35.6733,1.7271,-1.5256
1111.461,8,-35.6668,1.7279,-1.5252
1111.476,8,-35.6603,1.7295,-1.5247
1111.484,8,-35.6540,1.7309,-1.5242
1111.499,8,-35.6478,1.7324,-1.5239
1111.507,8,-35.6416,1.7333,-1.5234
1111.522,8,-35.6356,1.7339,-1.5230
1111.530,8,-35.6296,1.7345,-1.5226
1111.544,8,-35.6236,1.7350,-1.5223
1111.553,8,-35.6175,1.7355,-1.5219
1111.567,8,-35.6116,1.7358,-1.5216
1111.575,8,-35.6055,1.7361,-1.5215
1111.591,8,-35.5997,1.7361,-1.5213
1111.599,8,-35.5939,1.7364,-1.5211
1111.613,8,-35.5879,1.7368,-1.5206
1111.621,8,-35.5819,1.7373,-1.5205
1111.637,8,-35.5761,1.7378,-1.5202
1111.644,8,-35.5703,1.7382,-1.5201
1111.660,8,-35.5647,1.7388,-1.5201
1111.668,8,-35.5590,1.7393,-1.5201
1111.683,8,-35.5535,1.7398,-1.5202
1111.692,8,-35.5480,1.7404,-1.5201
1111.707,8,-35.5427,1.7410,-1.5200
1111.715,8,-35.5373,1.7416,-1.5200
1111.730,8,-35.5321,1.7422,-1.5200
1111.738,8,-35.5268,1.7428,-1.5200
1111.753,8,-35.5218,1.7432,-1.5199
1111.760,8,-35.5167,1.7436,-1.5198
1111.776,8,-35.5118,1.7439,-1.5198
1111.784,8,-35.5067,1.7443,-1.5198
1111.799,8,-35.5020,1.7446,-1.5198
1111.807,8,-35.4972,1.7448,-1.5197
1111.824,8,-35.4925,1.7447,-1.5197
1111.832,8,-35.4879,1.7446,-1.5196
1111.847,8,-35.4833,1.7442,-1.5196
1111.855,8,-35.4787,1.7438,-1.5196
1111.870,8,-35.4744,1.7431,-1.5195
1111.877,8,-35.4699,1.7426,-1.5197
1111.893,8,-35.4658,1.7420,-1.5199
1111.901,8,-35.4615,1.7415,-1.5199
1111.917,8,-35.4574,1.7412,-1.5202
1111.925,8,-35.4531,1.7409,-1.5203
1111.940,8,-35.4489,1.7406,-1.5205
1111.949,8,-35.4446,1.7402,-1.5207
1111.964,8,-35.4403,1.7401,-1.5210
1111.977,8,-35.4360,1.7400,-1.5212
1111.989,8,-35.4318,1.7401,-1.5217
1111.996,8,-35.4235,1.7401,-1.5222
1112.011,8,-35.4193,1.7405,-1.5227
1112.019,8,-35.4152,1.7407,-1.5230
1112.035,8,-35.4112,1.7409,-1.5233
1112.049,8,-35.4076,1.7407,-1.5237
1112.061,8,-35.4035,1.7405,-1.5240
1112.073,8,-35.3998,1.7404,-1.5245
1112.085,8,-35.3959,1.7404,-1.5248
1112.098,8,-35.3922,1.7403,-1.5250
1112.110,8,-35.3885,1.7402,-1.5250
1112.123,8,-35.3850,1.7400,-1.5253
1112.139,8,-35.3781,1.7396,-1.5265
1112.153,8,-35.3715,1.7392,-1.5269
1112.182,8,-35.3691,1.7389,-1.5271
1112.191,8,-35.3630,1.7384,-1.5274
1112.199,8,-35.3602,1.7382,-1.5275
1112.215,8,-35.3577,1.7380,-1.5276
1112.223,8,-35.3550,1.7379,-1.5276
1112.238,8,-35.3525,1.7378,-1.5276
1112.246,8,-35.3499,1.7378,-1.5277
1112.261,8,-35.3476,1.7376,-1.5277
1112.269,8,-35.3452,1.7376,-1.5276
1112.284,8,-35.3430,1.7378,-1.5275
1112.291,8,-35.3407,1.7380,-1.5274
1112.307,8,-35.3385,1.7384,-1.5272
1112.315,8,-35.3364,1.7388,-1.5271
1112.331,8,-35.3344,1.7392,-1.5268
1112.338,8,-35.3323,1.7395,-1.5266
1112.354,8,-35.3306,1.7400,-1.5262
1112.361,8,-35.3287,1.7404,-1.5260
1112.377,8,-35.3271,1.7407,-1.5258
1112.385,8,-35.3253,1.7410,-1.5255
1112.400,8,-35.3237,1.7414,-1.5256
1112.408,8,-35.3221,1.7417,-1.5251
1112.423,8,-35.3205,1.7420,-1.5246
1112.431,8,-35.3189,1.7423,-1.5241
1112.446,8,-35.3175,1.7425,-1.5233
1112.453,8,-35.3159,1.7428,-1.5227
1112.470,8,-35.3146,1.7431,-1.5219
1112.477,8,-35.3131,1.7435,-1.5212
1112.493,8,-35.3119,1.7442,-1.5211
1112.500,8,-35.3106,1.7446,-1.5204
1112.516,8,-35.3094,1.7448,-1.5196
1112.524,8,-35.3082,1.7449,-1.5189
1112.539,8,-35.3072,1.7451,-1.5181
1112.546,8,-35.3061,1.7454,-1.5178
1112.562,8,-35.3052,1.7460,-1.5172
1112.570,8,-35.3042,1.7465,-1.5169
1112.585,8,-35.3034,1.7470,-1.5162
1112.593,8,-35.3025,1.7474,-1.5155
1112.609,8,-35.3018,1.7477,-1.5148
1112.617,8,-35.3010,1.7480,-1.5140
1112.632,8,-35.3006,1.7483,-1.5141
1112.640,8,-35.2998,1.7487,-1.5134
1112.656,8,-35.2988,1.7491,-1.5123
1112.665,8,-35.2983,1.7493,-1.5115
1112.681,8,-35.2980,1.7493,-1.5109
1112.690,8,-35.2976,1.7493,-1.5102
1112.705,8,-35.2971,1.7492,-1.5094
1112.713,8,-35.2968,1.7492,-1.5087
1112.728,8,-35.2965,1.7491,-1.5080
1112.736,8,-35.2962,1.7490,-1.5073
1112.752,8,-35.2960,1.7489,-1.5072
1112.760,8,-35.2957,1.7488,-1.5065
1112.776,8,-35.2955,1.7486,-1.5062
1112.787,8,-35.2954,1.7485,-1.5060
1112.800,8,-35.2953,1.7482,-1.5055
1112.810,8,-35.2951,1.7480,-1.5051
1112.824,8,-35.2951,1.7477,-1.5046
1112.832,8,-35.2951,1.7473,-1.5041
1112.848,8,-35.2951,1.7467,-1.5031
1112.856,8,-35.2953,1.7463,-1.5025
1112.872,8,-35.2956,1.7459,-1.5030
1112.880,8,-35.2957,1.7456,-1.5025
1112.896,8,-35.2959,1.7454,-1.5020
1112.904,8,-35.2960,1.7453,-1.5015
1112.920,8,-35.2961,1.7455,-1.5009
1112.928,8,-35.2962,1.7456,-1.5005
1112.943,8,-35.2963,1.7461,-1.5009
1112.952,8,-35.2964,1.7464,-1.5009
1112.967,8,-35.2962,1.7469,-1.5003
1112.975,8,-35.2961,1.7472,-1.4998
1112.991,8,-35.2959,1.7476,-1.4991
1112.998,8,-35.2957,1.7478,-1.4985
1113.015,8,-35.2956,1.7480,-1.4979
1113.023,8,-35.2955,1.7482,-1.4974
1113.039,8,-35.2953,1.7483,-1.4961
1113.048,8,-35.2953,1.7482,-1.4956

# --- Trial 9 start ---
1123.148,9,-39.7577,1.6890,-1.2435
1123.209,9,-39.7591,1.6891,-1.2426
1123.220,9,-39.7599,1.6890,-1.2421
1123.236,9,-39.7605,1.6889,-1.2415
1123.254,9,-39.7606,1.6891,-1.2411
1123.265,9,-39.7610,1.6892,-1.2404
1123.273,9,-39.7612,1.6894,-1.2398
1123.285,9,-39.7614,1.6896,-1.2392
1123.299,9,-39.7613,1.6898,-1.2385
1123.323,9,-39.7607,1.6898,-1.2378
1123.345,9,-39.7599,1.6899,-1.2372
1123.366,9,-39.7591,1.6900,-1.2364
1123.389,9,-39.7581,1.6901,-1.2356
1123.410,9,-39.7571,1.6900,-1.2346
1123.432,9,-39.7558,1.6898,-1.2338
1123.456,9,-39.7544,1.6895,-1.2329
1123.477,9,-39.7528,1.6892,-1.2320
1123.500,9,-39.7510,1.6891,-1.2310
1123.522,9,-39.7489,1.6889,-1.2301
1123.544,9,-39.7465,1.6890,-1.2294
1123.566,9,-39.7442,1.6895,-1.2287
1123.589,9,-39.7416,1.6904,-1.2282
1123.612,9,-39.7389,1.6902,-1.2279
1123.634,9,-39.7362,1.6873,-1.2277
1123.657,9,-39.7336,1.6844,-1.2278
1123.679,9,-39.7303,1.6850,-1.2285
1123.702,9,-39.7268,1.6860,-1.2294
1123.726,9,-39.7235,1.6863,-1.2306
1123.748,9,-39.7200,1.6869,-1.2320
1123.771,9,-39.7184,1.6873,-1.2328
1123.787,9,-39.7168,1.6875,-1.2335
1123.799,9,-39.7152,1.6876,-1.2342
1123.811,9,-39.7136,1.6879,-1.2349
1123.822,9,-39.7121,1.6882,-1.2356
1123.833,9,-39.7104,1.6884,-1.2362
1123.845,9,-39.7086,1.6886,-1.2370
1123.857,9,-39.7068,1.6885,-1.2376
1123.868,9,-39.7051,1.6883,-1.2383
1123.880,9,-39.7035,1.6880,-1.2390
1123.892,9,-39.7020,1.6876,-1.2397
1123.903,9,-39.7004,1.6873,-1.2404
1123.914,9,-39.6989,1.6869,-1.2411
1123.925,9,-39.6976,1.6865,-1.2418
1123.937,9,-39.6960,1.6861,-1.2425
1123.951,9,-39.6946,1.6857,-1.2432
1123.960,9,-39.6930,1.6851,-1.2440
1123.969,9,-39.6913,1.6845,-1.2448
1123.981,9,-39.6896,1.6839,-1.2457
1123.993,9,-39.6879,1.6831,-1.2467
1124.005,9,-39.6862,1.6822,-1.2476
1124.016,9,-39.6845,1.6812,-1.2486
1124.028,9,-39.6828,1.6803,-1.2496
1124.040,9,-39.6809,1.6804,-1.2508
1124.051,9,-39.6785,1.6831,-1.2521
1124.063,9,-39.6755,1.6883,-1.2537
1124.074,9,-39.6726,1.6918,-1.2551
1124.086,9,-39.6698,1.6938,-1.2565
1124.097,9,-39.6671,1.6939,-1.2578
1124.109,9,-39.6647,1.6929,-1.2591
1124.121,9,-39.6620,1.6913,-1.2605
1124.133,9,-39.6593,1.6899,-1.2618
1124.144,9,-39.6569,1.6888,-1.2630
1124.155,9,-39.6544,1.6882,-1.2643
1124.167,9,-39.6518,1.6875,-1.2658
1124.180,9,-39.6490,1.6867,-1.2674
1124.198,9,-39.6461,1.6856,-1.2692
1124.213,9,-39.6433,1.6846,-1.2708
1124.225,9,-39.6406,1.6837,-1.2723
1124.235,9,-39.6380,1.6831,-1.2738
1124.246,9,-39.6352,1.6826,-1.2754
1124.257,9,-39.6325,1.6821,-1.2769
1124.268,9,-39.6296,1.6815,-1.2784
1124.280,9,-39.6270,1.6809,-1.2797
1124.291,9,-39.6244,1.6805,-1.2810
1124.302,9,-39.6216,1.6802,-1.2823
1124.314,9,-39.6189,1.6801,-1.2836
1124.324,9,-39.6161,1.6799,-1.2848
1124.336,9,-39.6132,1.6798,-1.2858
1124.347,9,-39.6101,1.6798,-1.2869
1124.358,9,-39.6070,1.6796,-1.2879
1124.369,9,-39.6038,1.6793,-1.2888
1124.380,9,-39.6005,1.6790,-1.2898
1124.391,9,-39.5970,1.6785,-1.2907
1124.403,9,-39.5933,1.6781,-1.2916
1124.414,9,-39.5896,1.6777,-1.2925
1124.426,9,-39.5858,1.6772,-1.2932
1124.438,9,-39.5819,1.6768,-1.2939
1124.449,9,-39.5779,1.6764,-1.2944
1124.461,9,-39.5738,1.6761,-1.2951
1124.472,9,-39.5697,1.6758,-1.2957
1124.484,9,-39.5653,1.6754,-1.2963
1124.496,9,-39.5607,1.6751,-1.2966
1124.507,9,-39.5561,1.6748,-1.2972
1124.519,9,-39.5513,1.6742,-1.2976
1124.530,9,-39.5464,1.6737,-1.2981
1124.542,9,-39.5412,1.6730,-1.2985
1124.553,9,-39.5359,1.6723,-1.2989
1124.565,9,-39.5304,1.6716,-1.2993
1124.577,9,-39.5248,1.6708,-1.2997
1124.588,9,-39.5192,1.6700,-1.3001
1124.599,9,-39.5134,1.6691,-1.3004
1124.611,9,-39.5074,1.6681,-1.3007
1124.623,9,-39.5013,1.6670,-1.3009
1124.634,9,-39.4951,1.6660,-1.3011
1124.646,9,-39.4887,1.6649,-1.3012
1124.656,9,-39.4824,1.6639,-1.3013
1124.668,9,-39.4758,1.6629,-1.3013
1124.679,9,-39.4692,1.6618,-1.3012
1124.690,9,-39.4624,1.6608,-1.3012
1124.701,9,-39.4555,1.6598,-1.3010
1124.713,9,-39.4484,1.6589,-1.3009
1124.724,9,-39.4412,1.6579,-1.3006
1124.736,9,-39.4340,1.6570,-1.3001
1124.746,9,-39.4267,1.6561,-1.2997
1124.757,9,-39.4195,1.6551,-1.2991
1124.769,9,-39.4122,1.6545,-1.2984
1124.781,9,-39.4048,1.6540,-1.2978
1124.791,9,-39.3972,1.6536,-1.2971
1124.805,9,-39.3898,1.6533,-1.2962
1124.815,9,-39.3821,1.6532,-1.2952
1124.824,9,-39.3745,1.6531,-1.2943
1124.837,9,-39.3669,1.6535,-1.2933
1124.848,9,-39.3593,1.6545,-1.2924
1124.859,9,-39.3516,1.6561,-1.2916
1124.871,9,-39.3438,1.6578,-1.2907
1124.883,9,-39.3360,1.6600,-1.2899
1124.894,9,-39.3282,1.6620,-1.2890
1124.906,9,-39.3205,1.6641,-1.2883
1124.918,9,-39.3130,1.6660,-1.2875
1124.929,9,-39.3056,1.6678,-1.2869
1124.941,9,-39.2984,1.6691,-1.2865
1124.953,9,-39.2913,1.6701,-1.2861
1124.964,9,-39.2842,1.6710,-1.2858
1124.976,9,-39.2770,1.6720,-1.2856
1124.987,9,-39.2698,1.6732,-1.2855
1124.999,9,-39.2626,1.6744,-1.2855
1125.011,9,-39.2555,1.6756,-1.2855
1125.022,9,-39.2485,1.6767,-1.2857
1125.035,9,-39.2415,1.6779,-1.2858
1125.045,9,-39.2346,1.6790,-1.2859
1125.056,9,-39.2279,1.6801,-1.2860
1125.068,9,-39.2209,1.6811,-1.2863
1125.079,9,-39.2141,1.6820,-1.2865
1125.091,9,-39.2072,1.6829,-1.2868
1125.100,9,-39.2002,1.6837,-1.2871
1125.114,9,-39.1935,1.6844,-1.2875
1125.125,9,-39.1865,1.6848,-1.2878
1125.134,9,-39.1793,1.6851,-1.2881
1125.146,9,-39.1719,1.6851,-1.2884
1125.159,9,-39.1645,1.6850,-1.2888
1125.170,9,-39.1571,1.6847,-1.2893
1125.182,9,-39.1496,1.6842,-1.2899
1125.194,9,-39.1421,1.6836,-1.2905
1125.205,9,-39.1344,1.6827,-1.2911
1125.216,9,-39.1268,1.6818,-1.2917
1125.228,9,-39.1190,1.6808,-1.2924
1125.240,9,-39.1111,1.6794,-1.2932
1125.252,9,-39.1030,1.6781,-1.2941
1125.264,9,-39.0950,1.6764,-1.2950
1125.275,9,-39.0867,1.6746,-1.2959
1125.286,9,-39.0785,1.6726,-1.2970
1125.296,9,-39.0704,1.6706,-1.2979
1125.310,9,-39.0618,1.6687,-1.2992
1125.319,9,-39.0533,1.6671,-1.3003
1125.332,9,-39.0446,1.6659,-1.3018
1125.344,9,-39.0359,1.6649,-1.3032
1125.355,9,-39.0270,1.6641,-1.3047
1125.366,9,-39.0180,1.6636,-1.3062
1125.377,9,-39.0089,1.6632,-1.3078
1125.390,9,-38.9998,1.6629,-1.3096
1125.401,9,-38.9909,1.6628,-1.3112
1125.411,9,-38.9818,1.6632,-1.3130
1125.423,9,-38.9725,1.6642,-1.3148
1125.434,9,-38.9629,1.6653,-1.3167
1125.445,9,-38.9535,1.6667,-1.3187
1125.457,9,-38.9442,1.6683,-1.3205
1125.468,9,-38.9349,1.6703,-1.3224
1125.479,9,-38.9255,1.6721,-1.3243
1125.490,9,-38.9162,1.6739,-1.3261
1125.502,9,-38.9069,1.6760,-1.3279
1125.516,9,-38.8977,1.6776,-1.3296
1125.526,9,-38.8885,1.6792,-1.3313
1125.535,9,-38.8796,1.6804,-1.3327
1125.547,9,-38.8707,1.6814,-1.3341
1125.558,9,-38.8620,1.6820,-1.3354
1125.569,9,-38.8533,1.6826,-1.3366
1125.580,9,-38.8446,1.6832,-1.3379
1125.591,9,-38.8354,1.6839,-1.3391
1125.603,9,-38.8262,1.6847,-1.3403
1125.613,9,-38.8169,1.6856,-1.3415
1125.625,9,-38.8078,1.6866,-1.3425
1125.636,9,-38.7984,1.6876,-1.3437
1125.648,9,-38.7891,1.6888,-1.3447
1125.660,9,-38.7796,1.6899,-1.3457
1125.672,9,-38.7703,1.6909,-1.3466
1125.683,9,-38.7610,1.6917,-1.3475
1125.695,9,-38.7518,1.6922,-1.3483
1125.706,9,-38.7425,1.6925,-1.3491
1125.718,9,-38.7332,1.6926,-1.3499
1125.730,9,-38.7237,1.6925,-1.3507
1125.741,9,-38.7142,1.6925,-1.3515
1125.753,9,-38.7046,1.6922,-1.3523
1125.765,9,-38.6951,1.6917,-1.3530
1125.777,9,-38.6857,1.6911,-1.3538
1125.788,9,-38.6765,1.6904,-1.3545
1125.799,9,-38.6671,1.6894,-1.3553
1125.811,9,-38.6577,1.6882,-1.3560
1125.822,9,-38.6482,1.6869,-1.3567
1125.833,9,-38.6385,1.6855,-1.3574
1125.845,9,-38.6291,1.6838,-1.3580
1125.856,9,-38.6195,1.6819,-1.3585
1125.869,9,-38.6100,1.6798,-1.3589
1125.879,9,-38.6006,1.6777,-1.3592
1125.890,9,-38.5911,1.6757,-1.3596
1125.901,9,-38.5815,1.6737,-1.3598
1125.913,9,-38.5718,1.6717,-1.3601
1125.923,9,-38.5621,1.6700,-1.3602
1125.935,9,-38.5523,1.6686,-1.3604
1125.945,9,-38.5426,1.6673,-1.3604
1125.957,9,-38.5320,1.6663,-1.3605
1125.971,9,-38.5215,1.6658,-1.3606
1125.982,9,-38.5110,1.6652,-1.3605
1125.993,9,-38.5005,1.6649,-1.3602
1126.003,9,-38.4899,1.6651,-1.3599
1126.015,9,-38.4792,1.6661,-1.3595
1126.026,9,-38.4684,1.6675,-1.3592
1126.037,9,-38.4577,1.6690,-1.3588
1126.050,9,-38.4468,1.6706,-1.3585
1126.061,9,-38.4362,1.6723,-1.3581
1126.073,9,-38.4256,1.6745,-1.3578
1126.084,9,-38.4150,1.6771,-1.3576
1126.096,9,-38.4044,1.6797,-1.3574
1126.107,9,-38.3938,1.6825,-1.3572
1126.119,9,-38.3833,1.6849,-1.3572
1126.131,9,-38.3729,1.6868,-1.3573
1126.142,9,-38.3626,1.6883,-1.3574
1126.153,9,-38.3526,1.6893,-1.3577
1126.165,9,-38.3429,1.6904,-1.3579
1126.177,9,-38.3333,1.6913,-1.3582
1126.188,9,-38.3238,1.6923,-1.3586
1126.199,9,-38.3143,1.6933,-1.3590
1126.211,9,-38.3047,1.6943,-1.3595
1126.223,9,-38.2954,1.6953,-1.3600
1126.233,9,-38.2860,1.6964,-1.3606
1126.245,9,-38.2767,1.6974,-1.3611
1126.255,9,-38.2674,1.6984,-1.3616
1126.267,9,-38.2582,1.6993,-1.3622
1126.278,9,-38.2488,1.7000,-1.3628
1126.289,9,-38.2395,1.7006,-1.3634
1126.300,9,-38.2303,1.7010,-1.3640
1126.312,9,-38.2209,1.7011,-1.3646
1126.323,9,-38.2116,1.7013,-1.3653
1126.334,9,-38.2025,1.7013,-1.3659
1126.345,9,-38.1931,1.7012,-1.3667
1126.356,9,-38.1837,1.7009,-1.3674
1126.368,9,-38.1742,1.7004,-1.3683
1126.379,9,-38.1648,1.6998,-1.3691
1126.390,9,-38.1553,1.6988,-1.3699
1126.402,9,-38.1458,1.6979,-1.3708
1126.413,9,-38.1363,1.6968,-1.3716
1126.424,9,-38.1267,1.6955,-1.3726
1126.434,9,-38.1170,1.6941,-1.3736
1126.445,9,-38.1074,1.6924,-1.3746
1126.457,9,-38.0978,1.6903,-1.3757
1126.468,9,-38.0882,1.6883,-1.3768
1126.478,9,-38.0785,1.6863,-1.3779
1126.490,9,-38.0688,1.6840,-1.3791
1126.501,9,-38.0588,1.6822,-1.3804
1126.512,9,-38.0488,1.6806,-1.3817
1126.523,9,-38.0386,1.6792,-1.3830
1126.534,9,-38.0283,1.6782,-1.3845
1126.545,9,-38.0180,1.6772,-1.3859
1126.556,9,-38.0074,1.6764,-1.3874
1126.568,9,-37.9970,1.6758,-1.3890
1126.579,9,-37.9866,1.6755,-1.3906
1126.590,9,-37.9764,1.6762,-1.3924
1126.601,9,-37.9659,1.6775,-1.3942
1126.612,9,-37.9554,1.6791,-1.3961
1126.623,9,-37.9445,1.6808,-1.3980
1126.635,9,-37.9336,1.6827,-1.3998
1126.647,9,-37.9227,1.6850,-1.4018
1126.658,9,-37.9120,1.6872,-1.4035
1126.670,9,-37.9012,1.6895,-1.4052
1126.681,9,-37.8906,1.6912,-1.4066
1126.693,9,-37.8801,1.6927,-1.4079
1126.704,9,-37.8699,1.6938,-1.4092
1126.716,9,-37.8598,1.6947,-1.4103
1126.728,9,-37.8498,1.6955,-1.4114
1126.739,9,-37.8401,1.6963,-1.4123
1126.751,9,-37.8302,1.6974,-1.4133
1126.763,9,-37.8204,1.6986,-1.4144
1126.774,9,-37.8104,1.6999,-1.4154
1126.786,9,-37.8007,1.7013,-1.4163
1126.797,9,-37.7909,1.7026,-1.4171
1126.809,9,-37.7813,1.7041,-1.4178
1126.821,9,-37.7720,1.7055,-1.4184
1126.832,9,-37.7623,1.7067,-1.4190
1126.843,9,-37.7527,1.7078,-1.4196
1126.855,9,-37.7434,1.7087,-1.4201
1126.865,9,-37.7339,1.7093,-1.4207
1126.877,9,-37.7243,1.7096,-1.4212
1126.888,9,-37.7147,1.7095,-1.4217
1126.900,9,-37.7052,1.7093,-1.4221
1126.911,9,-37.6956,1.7091,-1.4226
1126.922,9,-37.6858,1.7087,-1.4230
1126.933,9,-37.6760,1.7081,-1.4233
1126.944,9,-37.6662,1.7072,-1.4236
1126.955,9,-37.6567,1.7063,-1.4238
1126.967,9,-37.6468,1.7050,-1.4241
1126.978,9,-37.6369,1.7035,-1.4243
1126.990,9,-37.6270,1.7018,-1.4244
1127.001,9,-37.6172,1.7000,-1.4245
1127.012,9,-37.6073,1.6977,-1.4246
1127.023,9,-37.5976,1.6952,-1.4246
1127.035,9,-37.5879,1.6929,-1.4245
1127.046,9,-37.5780,1.6907,-1.4245
1127.055,9,-37.5682,1.6886,-1.4244
1127.068,9,-37.5577,1.6865,-1.4242
1127.080,9,-37.5476,1.6849,-1.4240
1127.091,9,-37.5370,1.6834,-1.4238
1127.102,9,-37.5263,1.6822,-1.4235
1127.114,9,-37.5155,1.6811,-1.4231
1127.125,9,-37.5049,1.6803,-1.4226
1127.137,9,-37.4942,1.6796,-1.4219
1127.149,9,-37.4835,1.6796,-1.4213
1127.160,9,-37.4727,1.6805,-1.4206
1127.172,9,-37.4619,1.6816,-1.4199
1127.184,9,-37.4512,1.6829,-1.4191
1127.195,9,-37.4406,1.6842,-1.4182
1127.207,9,-37.4300,1.6859,-1.4174
1127.218,9,-37.4196,1.6876,-1.4167
1127.230,9,-37.4093,1.6897,-1.4160
1127.241,9,-37.3992,1.6923,-1.4155
1127.253,9,-37.3890,1.6948,-1.4149
1127.264,9,-37.3789,1.6972,-1.4143
1127.276,9,-37.3692,1.6991,-1.4139
1127.288,9,-37.3593,1.7008,-1.4136
1127.299,9,-37.3499,1.7023,-1.4133
1127.310,9,-37.3403,1.7039,-1.4131
1127.322,9,-37.3307,1.7056,-1.4129
1127.333,9,-37.3210,1.7072,-1.4128
1127.344,9,-37.3115,1.7086,-1.4128
1127.355,9,-37.3021,1.7100,-1.4127
1127.367,9,-37.2930,1.7114,-1.4126
1127.376,9,-37.2840,1.7127,-1.4125
1127.389,9,-37.2749,1.7140,-1.4124
1127.400,9,-37.2660,1.7150,-1.4123
1127.411,9,-37.2572,1.7158,-1.4123
1127.423,9,-37.2482,1.7165,-1.4122
1127.434,9,-37.2393,1.7169,-1.4122
1127.445,9,-37.2304,1.7171,-1.4122
1127.456,9,-37.2211,1.7171,-1.4122
1127.468,9,-37.2118,1.7170,-1.4122
1127.479,9,-37.2024,1.7169,-1.4123
1127.491,9,-37.1929,1.7165,-1.4125
1127.502,9,-37.1834,1.7160,-1.4126
1127.514,9,-37.1739,1.7152,-1.4128
1127.525,9,-37.1644,1.7144,-1.4129
1127.537,9,-37.1549,1.7134,-1.4132
1127.549,9,-37.1453,1.7124,-1.4135
1127.561,9,-37.1357,1.7112,-1.4138
1127.572,9,-37.1260,1.7099,-1.4141
1127.584,9,-37.1163,1.7085,-1.4145
1127.595,9,-37.1067,1.7069,-1.4150
1127.607,9,-37.0971,1.7050,-1.4155
1127.619,9,-37.0875,1.7031,-1.4161
1127.630,9,-37.0777,1.7014,-1.4168
1127.642,9,-37.0678,1.6998,-1.4175
1127.653,9,-37.0579,1.6982,-1.4182
1127.665,9,-37.0480,1.6966,-1.4191
1127.676,9,-37.0382,1.6953,-1.4199
1127.687,9,-37.0281,1.6941,-1.4209
1127.699,9,-37.0179,1.6933,-1.4220
1127.711,9,-37.0076,1.6928,-1.4232
1127.722,9,-36.9974,1.6924,-1.4243
1127.733,9,-36.9873,1.6920,-1.4255
1127.744,9,-36.9772,1.6922,-1.4269
1127.756,9,-36.9670,1.6931,-1.4282
1127.767,9,-36.9568,1.6943,-1.4297
1127.779,9,-36.9470,1.6954,-1.4311
1127.790,9,-36.9370,1.6967,-1.4326
1127.801,9,-36.9272,1.6983,-1.4340
1127.812,9,-36.9174,1.7001,-1.4355
1127.824,9,-36.9077,1.7021,-1.4368
1127.834,9,-36.8980,1.7038,-1.4381
1127.845,9,-36.8884,1.7052,-1.4393
1127.856,9,-36.8790,1.7062,-1.4404
1127.868,9,-36.8697,1.7070,-1.4414
1127.879,9,-36.8607,1.7075,-1.4424
1127.891,9,-36.8520,1.7080,-1.4432
1127.902,9,-36.8428,1.7087,-1.4440
1127.913,9,-36.8336,1.7095,-1.4448
1127.925,9,-36.8245,1.7102,-1.4456
1127.936,9,-36.8153,1.7110,-1.4466
1127.948,9,-36.8063,1.7121,-1.4475
1127.960,9,-36.7972,1.7132,-1.4483
1127.972,9,-36.7883,1.7147,-1.4491
1127.985,9,-36.7793,1.7160,-1.4498
1127.999,9,-36.7703,1.7172,-1.4505
1128.007,9,-36.7614,1.7183,-1.4513
1128.018,9,-36.7523,1.7191,-1.4520
1128.030,9,-36.7432,1.7198,-1.4528
1128.039,9,-36.7346,1.7203,-1.4535
1128.053,9,-36.7256,1.7203,-1.4541
1128.065,9,-36.7169,1.7203,-1.4547
1128.073,9,-36.7079,1.7204,-1.4553
1128.087,9,-36.6988,1.7200,-1.4558
1128.095,9,-36.6898,1.7198,-1.4562
1128.111,9,-36.6808,1.7192,-1.4565
1128.120,9,-36.6720,1.7186,-1.4567
1128.130,9,-36.6630,1.7179,-1.4569
1128.145,9,-36.6542,1.7168,-1.4569
1128.153,9,-36.6452,1.7159,-1.4570
1128.167,9,-36.6363,1.7146,-1.4570
1128.176,9,-36.6275,1.7134,-1.4570
1128.190,9,-36.6184,1.7117,-1.4569
1128.198,9,-36.6096,1.7100,-1.4568
1128.212,9,-36.6006,1.7077,-1.4566
1128.220,9,-36.5917,1.7060,-1.4564
1128.235,9,-36.5826,1.7040,-1.4560
1128.243,9,-36.5737,1.7024,-1.4557
1128.257,9,-36.5645,1.7013,-1.4552
1128.265,9,-36.5555,1.7001,-1.4548
1128.279,9,-36.5462,1.6996,-1.4542
1128.287,9,-36.5370,1.6989,-1.4537
1128.302,9,-36.5277,1.6985,-1.4529
1128.310,9,-36.5186,1.6982,-1.4524
1128.324,9,-36.5092,1.6991,-1.4515
1128.332,9,-36.5001,1.6998,-1.4508
1128.346,9,-36.4904,1.7013,-1.4499
1128.359,9,-36.4811,1.7025,-1.4491
1128.367,9,-36.4716,1.7033,-1.4484
1128.380,9,-36.4628,1.7050,-1.4477
1128.392,9,-36.4538,1.7067,-1.4473
1128.405,9,-36.4450,1.7089,-1.4469
1128.416,9,-36.4362,1.7114,-1.4465
1128.427,9,-36.4275,1.7136,-1.4462
1128.439,9,-36.4188,1.7157,-1.4460
1128.451,9,-36.4104,1.7174,-1.4458
1128.462,9,-36.4021,1.7190,-1.4459
1128.474,9,-36.3936,1.7204,-1.4459
1128.485,9,-36.3853,1.7217,-1.4461
1128.494,9,-36.3769,1.7230,-1.4462
1128.508,9,-36.3687,1.7242,-1.4465
1128.520,9,-36.3607,1.7254,-1.4469
1128.532,9,-36.3525,1.7265,-1.4472
1128.543,9,-36.3444,1.7277,-1.4476
1128.552,9,-36.3365,1.7289,-1.4481
1128.566,9,-36.3289,1.7301,-1.4486
1128.577,9,-36.3210,1.7311,-1.4491
1128.589,9,-36.3133,1.7322,-1.4498
1128.600,9,-36.3056,1.7330,-1.4504
1128.608,9,-36.2978,1.7338,-1.4510
1128.622,9,-36.2901,1.7344,-1.4516
1128.634,9,-36.2826,1.7349,-1.4521
1128.642,9,-36.2749,1.7355,-1.4527
1128.656,9,-36.2672,1.7357,-1.4534
1128.667,9,-36.2594,1.7359,-1.4540
1128.679,9,-36.2517,1.7359,-1.4547
1128.691,9,-36.2439,1.7357,-1.4556
1128.702,9,-36.2362,1.7354,-1.4563
1128.711,9,-36.2285,1.7351,-1.4571
1128.724,9,-36.2208,1.7343,-1.4579
1128.735,9,-36.2130,1.7337,-1.4587
1128.746,9,-36.2050,1.7327,-1.4596
1128.758,9,-36.1970,1.7316,-1.4605
1128.766,9,-36.1891,1.7306,-1.4614
1128.781,9,-36.1811,1.7291,-1.4624
1128.792,9,-36.1730,1.7276,-1.4635
1128.803,9,-36.1650,1.7257,-1.4645
1128.815,9,-36.1570,1.7236,-1.4656
1128.827,9,-36.1489,1.7215,-1.4666
1128.838,9,-36.1407,1.7198,-1.4679
1128.850,9,-36.1325,1.7185,-1.4692
1128.861,9,-36.1242,1.7176,-1.4706
1128.873,9,-36.1159,1.7167,-1.4722
1128.885,9,-36.1075,1.7159,-1.4737
1128.896,9,-36.0991,1.7151,-1.4754
1128.908,9,-36.0907,1.7145,-1.4771
1128.919,9,-36.0824,1.7146,-1.4786
1128.931,9,-36.0740,1.7151,-1.4804
1128.943,9,-36.0658,1.7158,-1.4822
1128.954,9,-36.0578,1.7166,-1.4839
1128.966,9,-36.0499,1.7178,-1.4857
1128.974,9,-36.0417,1.7188,-1.4875
1128.988,9,-36.0339,1.7208,-1.4891
1128.999,9,-36.0260,1.7224,-1.4907
1129.010,9,-36.0181,1.7240,-1.4924
1129.022,9,-36.0104,1.7256,-1.4938
1129.033,9,-36.0027,1.7269,-1.4953
1129.045,9,-35.9953,1.7278,-1.4965
1129.056,9,-35.9883,1.7282,-1.4976
1129.067,9,-35.9810,1.7287,-1.4988
1129.078,9,-35.9736,1.7290,-1.4999
1129.090,9,-35.9663,1.7292,-1.5011
1129.196,9,-35.9009,1.7361,-1.5096
