timestamp, trial, HMD_x, HMD_y,HMD_z

# --- Trial 1 start ---
423.045,1,-39.5299,1.6788,-1.2270
423.177,1,-39.5292,1.6787,-1.2270
423.218,1,-39.5288,1.6780,-1.2270
423.233,1,-39.5288,1.6776,-1.2270
423.250,1,-39.5287,1.6776,-1.2269
423.268,1,-39.5286,1.6774,-1.2269
423.281,1,-39.5287,1.6774,-1.2268
423.295,1,-39.5287,1.6774,-1.2267
423.309,1,-39.5286,1.6775,-1.2266
423.322,1,-39.5286,1.6776,-1.2266
423.335,1,-39.5285,1.6777,-1.2265
423.353,1,-39.5285,1.6779,-1.2263
423.367,1,-39.5285,1.6779,-1.2262
423.390,1,-39.5283,1.6780,-1.2260
423.411,1,-39.5285,1.6781,-1.2258
423.434,1,-39.5284,1.6781,-1.2255
423.456,1,-39.5283,1.6780,-1.2253
423.477,1,-39.5282,1.6782,-1.2250
423.499,1,-39.5279,1.6783,-1.2247
423.522,1,-39.5278,1.6782,-1.2243
423.545,1,-39.5276,1.6782,-1.2240
423.566,1,-39.5273,1.6783,-1.2238
423.588,1,-39.5270,1.6783,-1.2234
423.611,1,-39.5268,1.6784,-1.2231
423.633,1,-39.5268,1.6784,-1.2228
423.657,1,-39.5266,1.6784,-1.2226
423.679,1,-39.5263,1.6783,-1.2226
423.702,1,-39.5262,1.6782,-1.2224
423.724,1,-39.5261,1.6782,-1.2223
423.746,1,-39.5259,1.6782,-1.2222
423.769,1,-39.5257,1.6782,-1.2223
423.791,1,-39.5256,1.6783,-1.2223
423.815,1,-39.5254,1.6784,-1.2224
423.833,1,-39.5252,1.6783,-1.2225
423.859,1,-39.5249,1.6784,-1.2226
423.882,1,-39.5246,1.6783,-1.2226
423.906,1,-39.5244,1.6783,-1.2227
423.928,1,-39.5241,1.6782,-1.2227
423.946,1,-39.5238,1.6782,-1.2228
423.974,1,-39.5234,1.6782,-1.2229
423.997,1,-39.5230,1.6781,-1.2230
424.018,1,-39.5229,1.6781,-1.2229
424.041,1,-39.5227,1.6781,-1.2230
424.059,1,-39.5226,1.6780,-1.2230
424.072,1,-39.5223,1.6780,-1.2230
424.085,1,-39.5221,1.6779,-1.2231
424.098,1,-39.5217,1.6779,-1.2231
424.111,1,-39.5215,1.6778,-1.2231
424.123,1,-39.5214,1.6777,-1.2232
424.137,1,-39.5212,1.6778,-1.2232
424.154,1,-39.5212,1.6777,-1.2232
424.170,1,-39.5209,1.6776,-1.2232
424.184,1,-39.5206,1.6775,-1.2233
424.199,1,-39.5199,1.6773,-1.2234
424.217,1,-39.5196,1.6772,-1.2234
424.234,1,-39.5195,1.6771,-1.2233
424.258,1,-39.5191,1.6770,-1.2234
424.282,1,-39.5188,1.6770,-1.2234
424.298,1,-39.5184,1.6770,-1.2234
424.325,1,-39.5180,1.6769,-1.2235
424.347,1,-39.5179,1.6768,-1.2235
424.364,1,-39.5177,1.6767,-1.2235
424.390,1,-39.5176,1.6767,-1.2235
424.408,1,-39.5172,1.6766,-1.2236
424.435,1,-39.5169,1.6765,-1.2235
424.458,1,-39.5167,1.6764,-1.2234
424.475,1,-39.5164,1.6764,-1.2234
424.503,1,-39.5161,1.6763,-1.2232
424.520,1,-39.5158,1.6763,-1.2231
424.546,1,-39.5155,1.6761,-1.2229
424.569,1,-39.5152,1.6760,-1.2225
424.586,1,-39.5148,1.6759,-1.2222
424.613,1,-39.5145,1.6756,-1.2220
424.637,1,-39.5140,1.6756,-1.2217
424.659,1,-39.5134,1.6754,-1.2213
424.682,1,-39.5126,1.6752,-1.2209
424.704,1,-39.5121,1.6749,-1.2204
424.727,1,-39.5114,1.6748,-1.2199
424.749,1,-39.5106,1.6747,-1.2195
424.775,1,-39.5100,1.6747,-1.2189
424.798,1,-39.5093,1.6747,-1.2184
424.821,1,-39.5086,1.6748,-1.2178
424.844,1,-39.5078,1.6749,-1.2173
424.866,1,-39.5071,1.6750,-1.2167
424.884,1,-39.5063,1.6751,-1.2160
424.911,1,-39.5055,1.6753,-1.2153
424.934,1,-39.5051,1.6754,-1.2150
424.958,1,-39.5046,1.6755,-1.2145
424.975,1,-39.5040,1.6757,-1.2141
425.006,1,-39.5034,1.6758,-1.2137
425.019,1,-39.5011,1.6764,-1.2120
425.036,1,-39.5004,1.6766,-1.2115
425.050,1,-39.4998,1.6767,-1.2109
425.063,1,-39.4991,1.6769,-1.2105
425.076,1,-39.4976,1.6772,-1.2094
425.089,1,-39.4968,1.6773,-1.2087
425.106,1,-39.4961,1.6774,-1.2079
425.122,1,-39.4931,1.6777,-1.2053
425.138,1,-39.4914,1.6779,-1.2038
425.154,1,-39.4896,1.6782,-1.2021
425.179,1,-39.4875,1.6782,-1.2001
425.198,1,-39.4857,1.6781,-1.1982
425.222,1,-39.4840,1.6775,-1.1963
425.246,1,-39.4826,1.6764,-1.1943
425.263,1,-39.4808,1.6753,-1.1925
425.288,1,-39.4791,1.6749,-1.1909
425.311,1,-39.4775,1.6751,-1.1899
425.329,1,-39.4762,1.6745,-1.1888
425.354,1,-39.4747,1.6740,-1.1881
425.373,1,-39.4732,1.6748,-1.1875
425.398,1,-39.4718,1.6760,-1.1874
425.418,1,-39.4707,1.6762,-1.1873
425.444,1,-39.4696,1.6765,-1.1876
425.466,1,-39.4688,1.6768,-1.1877
425.488,1,-39.4678,1.6772,-1.1884
425.511,1,-39.4666,1.6774,-1.1891
425.534,1,-39.4652,1.6773,-1.1902
425.557,1,-39.4637,1.6773,-1.1914
425.582,1,-39.4623,1.6768,-1.1925
425.603,1,-39.4609,1.6766,-1.1937
425.626,1,-39.4592,1.6764,-1.1950
425.648,1,-39.4575,1.6763,-1.1964
425.671,1,-39.4556,1.6764,-1.1977
425.694,1,-39.4537,1.6764,-1.1990
425.717,1,-39.4521,1.6761,-1.2006
425.740,1,-39.4508,1.6756,-1.2022
425.763,1,-39.4499,1.6751,-1.2039
425.784,1,-39.4492,1.6742,-1.2059
425.808,1,-39.4488,1.6723,-1.2083
425.832,1,-39.4466,1.6764,-1.2110
425.856,1,-39.4452,1.6823,-1.2129
425.879,1,-39.4443,1.6824,-1.2144
425.896,1,-39.4437,1.6818,-1.2157
425.907,1,-39.4427,1.6816,-1.2169
425.920,1,-39.4407,1.6817,-1.2195
425.937,1,-39.4395,1.6819,-1.2208
425.953,1,-39.4382,1.6818,-1.2222
425.966,1,-39.4371,1.6816,-1.2234
425.980,1,-39.4361,1.6811,-1.2244
425.994,1,-39.4340,1.6804,-1.2267
426.007,1,-39.4320,1.6796,-1.2288
426.020,1,-39.4285,1.6790,-1.2322
426.037,1,-39.4268,1.6788,-1.2333
426.054,1,-39.4243,1.6779,-1.2356
426.070,1,-39.4218,1.6772,-1.2376
426.092,1,-39.4188,1.6767,-1.2399
426.115,1,-39.4154,1.6767,-1.2420
426.138,1,-39.4119,1.6762,-1.2441
426.160,1,-39.4086,1.6755,-1.2463
426.184,1,-39.4053,1.6745,-1.2486
426.206,1,-39.4022,1.6735,-1.2507
426.229,1,-39.3988,1.6728,-1.2529
426.252,1,-39.3952,1.6723,-1.2550
426.274,1,-39.3914,1.6718,-1.2572
426.297,1,-39.3878,1.6711,-1.2592
426.320,1,-39.3839,1.6705,-1.2614
426.342,1,-39.3797,1.6703,-1.2634
426.364,1,-39.3755,1.6696,-1.2652
426.387,1,-39.3709,1.6690,-1.2669
426.410,1,-39.3659,1.6689,-1.2683
426.433,1,-39.3602,1.6693,-1.2694
426.452,1,-39.3542,1.6694,-1.2703
426.478,1,-39.3473,1.6694,-1.2707
426.502,1,-39.3401,1.6689,-1.2711
426.521,1,-39.3327,1.6680,-1.2713
426.547,1,-39.3248,1.6665,-1.2708
426.572,1,-39.3163,1.6652,-1.2703
426.595,1,-39.3071,1.6638,-1.2695
426.613,1,-39.2983,1.6624,-1.2687
426.641,1,-39.2882,1.6603,-1.2671
426.660,1,-39.2782,1.6584,-1.2656
426.681,1,-39.2675,1.6562,-1.2636
426.706,1,-39.2563,1.6543,-1.2612
426.730,1,-39.2499,1.6539,-1.2598
426.748,1,-39.2435,1.6538,-1.2586
426.768,1,-39.2374,1.6537,-1.2572
426.781,1,-39.2314,1.6535,-1.2560
426.795,1,-39.2254,1.6533,-1.2549
426.809,1,-39.2138,1.6531,-1.2528
426.821,1,-39.2077,1.6538,-1.2519
426.834,1,-39.2016,1.6552,-1.2512
426.848,1,-39.1960,1.6569,-1.2505
426.861,1,-39.1907,1.6586,-1.2498
426.873,1,-39.1796,1.6613,-1.2484
426.886,1,-39.1741,1.6634,-1.2479
426.900,1,-39.1688,1.6650,-1.2473
426.912,1,-39.1579,1.6677,-1.2461
426.926,1,-39.1471,1.6698,-1.2449
426.943,1,-39.1309,1.6727,-1.2435
426.954,1,-39.1255,1.6736,-1.2433
426.977,1,-39.1146,1.6749,-1.2428
426.998,1,-39.1038,1.6755,-1.2420
427.020,1,-39.0925,1.6766,-1.2412
427.042,1,-39.0813,1.6777,-1.2406
427.063,1,-39.0704,1.6783,-1.2400
427.085,1,-39.0594,1.6786,-1.2396
427.107,1,-39.0481,1.6789,-1.2395
427.130,1,-39.0365,1.6792,-1.2401
427.153,1,-39.0252,1.6793,-1.2411
427.174,1,-39.0138,1.6789,-1.2422
427.198,1,-39.0021,1.6784,-1.2434
427.220,1,-38.9899,1.6776,-1.2449
427.244,1,-38.9774,1.6764,-1.2466
427.266,1,-38.9645,1.6748,-1.2484
427.289,1,-38.9509,1.6726,-1.2505
427.312,1,-38.9370,1.6704,-1.2529
427.335,1,-38.9229,1.6680,-1.2558
427.357,1,-38.9078,1.6659,-1.2592
427.379,1,-38.8922,1.6642,-1.2629
427.402,1,-38.8766,1.6630,-1.2669
427.425,1,-38.8604,1.6637,-1.2713
427.447,1,-38.8436,1.6661,-1.2762
427.470,1,-38.8268,1.6692,-1.2811
427.493,1,-38.8105,1.6719,-1.2859
427.515,1,-38.7941,1.6744,-1.2905
427.538,1,-38.7783,1.6761,-1.2947
427.560,1,-38.7626,1.6772,-1.2988
427.583,1,-38.7468,1.6791,-1.3027
427.607,1,-38.7304,1.6809,-1.3061
427.629,1,-38.7143,1.6826,-1.3093
427.652,1,-38.7061,1.6838,-1.3104
427.673,1,-38.6972,1.6850,-1.3117
427.691,1,-38.6888,1.6857,-1.3131
427.703,1,-38.6804,1.6862,-1.3144
427.716,1,-38.6720,1.6866,-1.3156
427.729,1,-38.6636,1.6868,-1.3168
427.742,1,-38.6466,1.6873,-1.3192
427.756,1,-38.6385,1.6871,-1.3201
427.769,1,-38.6302,1.6868,-1.3210
427.784,1,-38.6141,1.6864,-1.3227
427.798,1,-38.6057,1.6857,-1.3233
427.812,1,-38.5975,1.6848,-1.3238
427.826,1,-38.5892,1.6837,-1.3242
427.839,1,-38.5554,1.6803,-1.3265
427.855,1,-38.5382,1.6773,-1.3271
427.877,1,-38.5204,1.6732,-1.3270
427.899,1,-38.5022,1.6691,-1.3267
427.920,1,-38.4834,1.6659,-1.3260
427.942,1,-38.4641,1.6640,-1.3250
427.966,1,-38.4446,1.6629,-1.3237
427.983,1,-38.4249,1.6619,-1.3226
428.010,1,-38.4051,1.6627,-1.3208
428.027,1,-38.3854,1.6646,-1.3191
428.052,1,-38.3643,1.6693,-1.3172
428.074,1,-38.3436,1.6728,-1.3158
428.096,1,-38.3241,1.6767,-1.3149
428.119,1,-38.3048,1.6811,-1.3141
428.142,1,-38.2861,1.6840,-1.3135
428.164,1,-38.2669,1.6863,-1.3136
428.188,1,-38.2471,1.6893,-1.3136
428.210,1,-38.2277,1.6926,-1.3140
428.233,1,-38.2081,1.6940,-1.3142
428.256,1,-38.1888,1.6959,-1.3146
428.280,1,-38.1691,1.6975,-1.3150
428.302,1,-38.1500,1.6982,-1.3155
428.325,1,-38.1310,1.6979,-1.3159
428.348,1,-38.1114,1.6968,-1.3163
428.370,1,-38.0914,1.6953,-1.3170
428.393,1,-38.0717,1.6929,-1.3177
428.415,1,-38.0521,1.6903,-1.3186
428.437,1,-38.0318,1.6873,-1.3197
428.460,1,-38.0120,1.6831,-1.3211
428.483,1,-37.9917,1.6792,-1.3227
428.505,1,-37.9714,1.6754,-1.3246
428.527,1,-37.9504,1.6716,-1.3269
428.550,1,-37.9289,1.6690,-1.3295
428.573,1,-37.9179,1.6694,-1.3311
428.594,1,-37.9064,1.6705,-1.3327
428.612,1,-37.8948,1.6724,-1.3344
428.625,1,-37.8832,1.6742,-1.3361
428.638,1,-37.8716,1.6759,-1.3378
428.652,1,-37.8607,1.6778,-1.3392
428.665,1,-37.8385,1.6809,-1.3421
428.677,1,-37.8277,1.6824,-1.3433
428.690,1,-37.8170,1.6836,-1.3444
428.706,1,-37.8078,1.6846,-1.3453
428.719,1,-37.7876,1.6868,-1.3475
428.732,1,-37.7781,1.6879,-1.3484
428.747,1,-37.7687,1.6894,-1.3490
428.762,1,-37.7290,1.6948,-1.3528
428.776,1,-37.7093,1.6980,-1.3543
428.799,1,-37.6899,1.7016,-1.3554
428.820,1,-37.6709,1.7039,-1.3562
428.839,1,-37.6520,1.7054,-1.3573
428.864,1,-37.6331,1.7053,-1.3581
428.886,1,-37.6137,1.7054,-1.3587
428.907,1,-37.5937,1.7048,-1.3591
428.930,1,-37.5736,1.7031,-1.3593
428.952,1,-37.5534,1.7005,-1.3593
428.974,1,-37.5331,1.6972,-1.3589
428.996,1,-37.5128,1.6930,-1.3582
429.019,1,-37.4925,1.6880,-1.3572
429.041,1,-37.4722,1.6835,-1.3562
429.064,1,-37.4515,1.6797,-1.3548
429.087,1,-37.4303,1.6772,-1.3532
429.111,1,-37.4088,1.6756,-1.3515
429.137,1,-37.3878,1.6760,-1.3496
429.152,1,-37.3665,1.6772,-1.3478
429.177,1,-37.3449,1.6818,-1.3455
429.200,1,-37.3238,1.6856,-1.3436
429.222,1,-37.3028,1.6893,-1.3420
429.245,1,-37.2835,1.6932,-1.3410
429.268,1,-37.2642,1.6955,-1.3403
429.291,1,-37.2450,1.6983,-1.3400
429.314,1,-37.2257,1.7024,-1.3399
429.336,1,-37.2069,1.7049,-1.3396
429.359,1,-37.1883,1.7077,-1.3395
429.382,1,-37.1700,1.7104,-1.3394
429.405,1,-37.1520,1.7122,-1.3397
429.427,1,-37.1335,1.7134,-1.3397
429.449,1,-37.1149,1.7138,-1.3400
429.471,1,-37.0963,1.7136,-1.3403
429.494,1,-37.0870,1.7121,-1.3407
429.512,1,-37.0776,1.7107,-1.3412
429.532,1,-37.0682,1.7093,-1.3416
429.544,1,-37.0589,1.7082,-1.3420
429.557,1,-37.0495,1.7068,-1.3425
429.569,1,-37.0307,1.7042,-1.3434
429.584,1,-37.0214,1.7020,-1.3440
429.597,1,-37.0123,1.7001,-1.3446
429.610,1,-37.0034,1.6984,-1.3451
429.625,1,-36.9853,1.6953,-1.3464
429.637,1,-36.9757,1.6936,-1.3473
429.650,1,-36.9660,1.6920,-1.3482
429.664,1,-36.9560,1.6907,-1.3492
429.680,1,-36.9363,1.6888,-1.3513
429.694,1,-36.9165,1.6876,-1.3534
429.707,1,-36.8967,1.6870,-1.3559
429.724,1,-36.8761,1.6885,-1.3587
429.740,1,-36.8558,1.6913,-1.3618
429.764,1,-36.8354,1.6945,-1.3647
429.786,1,-36.8153,1.6992,-1.3674
429.808,1,-36.7957,1.7022,-1.3697
429.831,1,-36.7765,1.7037,-1.3715
429.854,1,-36.7571,1.7055,-1.3734
429.875,1,-36.7378,1.7084,-1.3751
429.897,1,-36.7190,1.7107,-1.3768
429.919,1,-36.7005,1.7131,-1.3785
429.941,1,-36.6821,1.7164,-1.3797
429.963,1,-36.6639,1.7187,-1.3810
429.988,1,-36.6460,1.7195,-1.3824
430.005,1,-36.6278,1.7203,-1.3839
430.030,1,-36.6102,1.7197,-1.3843
430.053,1,-36.5923,1.7185,-1.3851
430.075,1,-36.5740,1.7162,-1.3858
430.097,1,-36.5557,1.7135,-1.3862
430.120,1,-36.5373,1.7099,-1.3866
430.143,1,-36.5191,1.7058,-1.3867
430.166,1,-36.5007,1.7016,-1.3866
430.189,1,-36.4820,1.6981,-1.3864
430.211,1,-36.4628,1.6957,-1.3861
430.234,1,-36.4435,1.6945,-1.3849
430.257,1,-36.4238,1.6943,-1.3839
430.280,1,-36.4040,1.6953,-1.3827
430.303,1,-36.3841,1.6983,-1.3813
430.325,1,-36.3640,1.7014,-1.3798
430.349,1,-36.3447,1.7040,-1.3781
430.373,1,-36.3268,1.7066,-1.3770
430.396,1,-36.3093,1.7090,-1.3764
430.420,1,-36.2921,1.7108,-1.3761
430.442,1,-36.2834,1.7127,-1.3762
430.465,1,-36.2746,1.7145,-1.3764
430.483,1,-36.2658,1.7158,-1.3765
430.497,1,-36.2567,1.7172,-1.3766
430.509,1,-36.2483,1.7186,-1.3768
430.522,1,-36.2311,1.7214,-1.3769
430.534,1,-36.2230,1.7226,-1.3771
430.546,1,-36.2150,1.7235,-1.3773
430.559,1,-36.2074,1.7243,-1.3776
430.571,1,-36.1993,1.7252,-1.3778
430.584,1,-36.1915,1.7259,-1.3781
430.597,1,-36.1836,1.7266,-1.3784
430.610,1,-36.1676,1.7280,-1.3790
430.624,1,-36.1598,1.7283,-1.3794
430.636,1,-36.1513,1.7285,-1.3797
430.648,1,-36.1435,1.7286,-1.3801
430.662,1,-36.1359,1.7284,-1.3805
430.674,1,-36.1201,1.7282,-1.3814
430.686,1,-36.1126,1.7276,-1.3819
430.699,1,-36.1052,1.7267,-1.3825
430.712,1,-36.0899,1.7250,-1.3835
430.724,1,-36.0747,1.7230,-1.3847
430.741,1,-36.0522,1.7196,-1.3868
430.753,1,-36.0450,1.7183,-1.3876
430.778,1,-36.0301,1.7165,-1.3896
430.800,1,-36.0143,1.7150,-1.3919
430.819,1,-35.9984,1.7141,-1.3942
430.842,1,-35.9826,1.7129,-1.3966
430.864,1,-35.9670,1.7118,-1.3992
430.886,1,-35.9510,1.7128,-1.4020
430.909,1,-35.9351,1.7146,-1.4047
430.931,1,-35.9193,1.7181,-1.4071
430.953,1,-35.9038,1.7205,-1.4094
430.975,1,-35.8890,1.7211,-1.4115
430.998,1,-35.8750,1.7212,-1.4131
431.020,1,-35.8608,1.7222,-1.4144
431.042,1,-35.8464,1.7240,-1.4159
431.064,1,-35.8318,1.7268,-1.4173
431.086,1,-35.8173,1.7297,-1.4183
431.109,1,-35.8032,1.7323,-1.4193
431.132,1,-35.7895,1.7333,-1.4204
431.155,1,-35.7757,1.7339,-1.4218
431.177,1,-35.7617,1.7341,-1.4229
431.200,1,-35.7475,1.7337,-1.4237
431.223,1,-35.7335,1.7328,-1.4244
431.245,1,-35.7196,1.7314,-1.4249
431.269,1,-35.7057,1.7292,-1.4254
431.291,1,-35.6920,1.7265,-1.4258
431.314,1,-35.6787,1.7232,-1.4258
431.336,1,-35.6652,1.7202,-1.4259
431.360,1,-35.6516,1.7179,-1.4259
431.381,1,-35.6378,1.7158,-1.4258
431.405,1,-35.6241,1.7142,-1.4254
431.429,1,-35.6104,1.7135,-1.4248
431.452,1,-35.6037,1.7149,-1.4245
431.476,1,-35.5969,1.7167,-1.4240
431.492,1,-35.5901,1.7176,-1.4237
431.504,1,-35.5836,1.7183,-1.4232
431.517,1,-35.5768,1.7194,-1.4230
431.530,1,-35.5700,1.7209,-1.4226
431.542,1,-35.5568,1.7233,-1.4222
431.554,1,-35.5503,1.7244,-1.4220
431.571,1,-35.5442,1.7252,-1.4220
431.587,1,-35.5387,1.7257,-1.4221
431.601,1,-35.5270,1.7271,-1.4222
431.612,1,-35.5217,1.7277,-1.4224
431.625,1,-35.5160,1.7283,-1.4226
431.636,1,-35.5108,1.7289,-1.4229
431.654,1,-35.5000,1.7303,-1.4236
431.665,1,-35.4949,1.7312,-1.4239
431.683,1,-35.4898,1.7321,-1.4245
431.695,1,-35.4793,1.7334,-1.4253
431.713,1,-35.4644,1.7347,-1.4261
431.725,1,-35.4597,1.7349,-1.4265
431.749,1,-35.4461,1.7355,-1.4279
431.763,1,-35.4421,1.7357,-1.4287
431.781,1,-35.4335,1.7362,-1.4295
431.803,1,-35.4253,1.7365,-1.4306
431.826,1,-35.4176,1.7368,-1.4320
431.851,1,-35.4104,1.7371,-1.4333
431.875,1,-35.4040,1.7372,-1.4348
431.894,1,-35.3975,1.7371,-1.4364
431.920,1,-35.3916,1.7369,-1.4381
431.938,1,-35.3855,1.7366,-1.4399
431.964,1,-35.3795,1.7373,-1.4422
431.983,1,-35.3734,1.7377,-1.4440
432.012,1,-35.3682,1.7376,-1.4468
432.029,1,-35.3626,1.7377,-1.4487
432.055,1,-35.3575,1.7377,-1.4508
432.076,1,-35.3525,1.7375,-1.4530
432.098,1,-35.3477,1.7365,-1.4550
432.116,1,-35.3431,1.7354,-1.4569
432.142,1,-35.3392,1.7345,-1.4584
432.161,1,-35.3352,1.7344,-1.4596
432.188,1,-35.3315,1.7352,-1.4608
432.211,1,-35.3280,1.7359,-1.4618
432.233,1,-35.3246,1.7370,-1.4625
432.256,1,-35.3214,1.7379,-1.4624
432.280,1,-35.3183,1.7387,-1.4626
432.301,1,-35.3156,1.7393,-1.4625
432.324,1,-35.3132,1.7399,-1.4639
432.342,1,-35.3109,1.7400,-1.4638
432.369,1,-35.3088,1.7399,-1.4633
432.388,1,-35.3067,1.7399,-1.4630
432.412,1,-35.3049,1.7414,-1.4621
432.436,1,-35.3039,1.7402,-1.4613
432.454,1,-35.3036,1.7393,-1.4611
432.480,1,-35.3031,1.7400,-1.4610
432.493,1,-35.3025,1.7400,-1.4605
432.511,1,-35.3021,1.7397,-1.4600
432.522,1,-35.3016,1.7394,-1.4595
432.541,1,-35.3006,1.7393,-1.4589
432.552,1,-35.3001,1.7394,-1.4584
432.571,1,-35.2997,1.7395,-1.4581
432.583,1,-35.2989,1.7397,-1.4586
432.602,1,-35.2985,1.7398,-1.4584
432.614,1,-35.2980,1.7398,-1.4581
432.632,1,-35.2967,1.7400,-1.4572
432.645,1,-35.2959,1.7400,-1.4568
432.669,1,-35.2947,1.7397,-1.4562
432.688,1,-35.2941,1.7392,-1.4557
432.712,1,-35.2935,1.7387,-1.4553
432.734,1,-35.2932,1.7383,-1.4561
432.757,1,-35.2929,1.7380,-1.4557
432.779,1,-35.2926,1.7380,-1.4555
432.801,1,-35.2926,1.7381,-1.4559

# --- Trial 2 start ---
441.835,2,-39.5154,1.6912,-1.1449
441.947,2,-39.5156,1.6906,-1.1411
441.974,2,-39.5153,1.6900,-1.1401
441.988,2,-39.5151,1.6892,-1.1391
442.001,2,-39.5149,1.6890,-1.1389
442.014,2,-39.5147,1.6893,-1.1388
442.027,2,-39.5144,1.6898,-1.1386
442.042,2,-39.5139,1.6901,-1.1383
442.061,2,-39.5135,1.6903,-1.1382
442.072,2,-39.5130,1.6905,-1.1380
442.088,2,-39.5128,1.6904,-1.1381
442.114,2,-39.5125,1.6901,-1.1385
442.134,2,-39.5122,1.6900,-1.1389
442.156,2,-39.5116,1.6903,-1.1393
442.178,2,-39.5109,1.6910,-1.1396
442.201,2,-39.5096,1.6916,-1.1399
442.223,2,-39.5079,1.6919,-1.1401
442.246,2,-39.5066,1.6914,-1.1403
442.269,2,-39.5055,1.6901,-1.1403
442.292,2,-39.5040,1.6887,-1.1405
442.314,2,-39.5026,1.6866,-1.1408
442.336,2,-39.5013,1.6829,-1.1414
442.358,2,-39.4999,1.6785,-1.1426
442.381,2,-39.4980,1.6806,-1.1438
442.403,2,-39.4932,1.6961,-1.1458
442.425,2,-39.4908,1.6972,-1.1469
442.448,2,-39.4905,1.6904,-1.1488
442.471,2,-39.4891,1.6863,-1.1510
442.494,2,-39.4869,1.6890,-1.1534
442.516,2,-39.4846,1.6901,-1.1548
442.538,2,-39.4827,1.6886,-1.1570
442.561,2,-39.4803,1.6879,-1.1592
442.584,2,-39.4778,1.6892,-1.1621
442.606,2,-39.4752,1.6894,-1.1647
442.629,2,-39.4714,1.6876,-1.1680
442.653,2,-39.4681,1.6867,-1.1711
442.675,2,-39.4643,1.6859,-1.1743
442.698,2,-39.4604,1.6835,-1.1774
442.721,2,-39.4558,1.6807,-1.1801
442.743,2,-39.4503,1.6798,-1.1832
442.765,2,-39.4445,1.6792,-1.1857
442.789,2,-39.4407,1.6791,-1.1868
442.813,2,-39.4367,1.6788,-1.1882
442.830,2,-39.4332,1.6787,-1.1894
442.843,2,-39.4296,1.6785,-1.1903
442.856,2,-39.4256,1.6785,-1.1914
442.870,2,-39.4177,1.6781,-1.1936
442.883,2,-39.4131,1.6779,-1.1946
442.897,2,-39.4085,1.6778,-1.1957
442.914,2,-39.4037,1.6771,-1.1966
442.930,2,-39.3945,1.6759,-1.1985
442.944,2,-39.3892,1.6750,-1.1994
442.959,2,-39.3788,1.6735,-1.2013
442.973,2,-39.3729,1.6724,-1.2022
442.987,2,-39.3669,1.6712,-1.2031
443.002,2,-39.3443,1.6668,-1.2065
443.018,2,-39.3315,1.6640,-1.2079
443.041,2,-39.3181,1.6616,-1.2092
443.063,2,-39.3041,1.6593,-1.2101
443.086,2,-39.2897,1.6566,-1.2106
443.109,2,-39.2746,1.6546,-1.2110
443.131,2,-39.2588,1.6532,-1.2112
443.154,2,-39.2429,1.6521,-1.2114
443.177,2,-39.2269,1.6509,-1.2116
443.201,2,-39.2102,1.6513,-1.2119
443.222,2,-39.1923,1.6541,-1.2119
443.245,2,-39.1738,1.6577,-1.2115
443.268,2,-39.1554,1.6621,-1.2113
443.290,2,-39.1369,1.6672,-1.2111
443.313,2,-39.1190,1.6721,-1.2113
443.335,2,-39.1011,1.6763,-1.2116
443.357,2,-39.0836,1.6780,-1.2121
443.380,2,-39.0661,1.6789,-1.2129
443.404,2,-39.0486,1.6806,-1.2138
443.427,2,-39.0308,1.6828,-1.2144
443.449,2,-39.0131,1.6842,-1.2149
443.472,2,-38.9956,1.6848,-1.2157
443.494,2,-38.9782,1.6844,-1.2166
443.518,2,-38.9607,1.6840,-1.2178
443.537,2,-38.9433,1.6838,-1.2186
443.563,2,-38.9258,1.6824,-1.2192
443.586,2,-38.9089,1.6806,-1.2202
443.609,2,-38.8924,1.6780,-1.2215
443.631,2,-38.8757,1.6752,-1.2230
443.654,2,-38.8587,1.6724,-1.2244
443.676,2,-38.8413,1.6696,-1.2260
443.698,2,-38.8232,1.6659,-1.2279
443.723,2,-38.8053,1.6614,-1.2299
443.745,2,-38.7956,1.6602,-1.2313
443.769,2,-38.7859,1.6599,-1.2324
443.785,2,-38.7767,1.6593,-1.2335
443.798,2,-38.7675,1.6590,-1.2348
443.810,2,-38.7581,1.6594,-1.2359
443.824,2,-38.7481,1.6606,-1.2374
443.836,2,-38.7377,1.6619,-1.2387
443.850,2,-38.7280,1.6632,-1.2401
443.864,2,-38.7087,1.6657,-1.2425
443.876,2,-38.6990,1.6675,-1.2436
443.889,2,-38.6798,1.6707,-1.2457
443.901,2,-38.6609,1.6738,-1.2477
443.918,2,-38.6419,1.6766,-1.2495
443.934,2,-38.6235,1.6794,-1.2512
443.956,2,-38.6046,1.6833,-1.2523
443.978,2,-38.5854,1.6870,-1.2533
443.998,2,-38.5655,1.6908,-1.2542
444.023,2,-38.5464,1.6945,-1.2546
444.045,2,-38.5275,1.6964,-1.2549
444.068,2,-38.5080,1.6970,-1.2555
444.091,2,-38.4884,1.6959,-1.2559
444.110,2,-38.4690,1.6951,-1.2559
444.134,2,-38.4494,1.6929,-1.2557
444.159,2,-38.4298,1.6898,-1.2554
444.176,2,-38.4099,1.6873,-1.2551
444.202,2,-38.3900,1.6832,-1.2542
444.224,2,-38.3701,1.6783,-1.2535
444.246,2,-38.3502,1.6730,-1.2523
444.268,2,-38.3301,1.6683,-1.2508
444.291,2,-38.3097,1.6649,-1.2492
444.313,2,-38.2885,1.6631,-1.2475
444.336,2,-38.2674,1.6623,-1.2459
444.359,2,-38.2463,1.6628,-1.2437
444.382,2,-38.2248,1.6666,-1.2413
444.405,2,-38.2028,1.6706,-1.2388
444.427,2,-38.1811,1.6754,-1.2367
444.451,2,-38.1598,1.6807,-1.2351
444.472,2,-38.1390,1.6852,-1.2341
444.496,2,-38.1187,1.6878,-1.2337
444.518,2,-38.0986,1.6900,-1.2334
444.542,2,-38.0780,1.6933,-1.2335
444.564,2,-38.0573,1.6961,-1.2336
444.586,2,-38.0372,1.6981,-1.2341
444.608,2,-38.0272,1.6985,-1.2345
444.626,2,-38.0175,1.6988,-1.2349
444.638,2,-38.0076,1.6989,-1.2353
444.650,2,-37.9980,1.6990,-1.2356
444.663,2,-37.9785,1.6995,-1.2360
444.676,2,-37.9689,1.6991,-1.2362
444.688,2,-37.9594,1.6988,-1.2365
444.703,2,-37.9501,1.6982,-1.2370
444.717,2,-37.9312,1.6974,-1.2377
444.730,2,-37.9214,1.6964,-1.2382
444.742,2,-37.9113,1.6952,-1.2387
444.756,2,-37.9010,1.6938,-1.2394
444.768,2,-37.8909,1.6923,-1.2401
444.781,2,-37.8806,1.6906,-1.2409
444.794,2,-37.8608,1.6873,-1.2423
444.808,2,-37.8508,1.6848,-1.2432
444.824,2,-37.8305,1.6811,-1.2450
444.839,2,-37.8202,1.6790,-1.2461
444.851,2,-37.8099,1.6770,-1.2474
444.863,2,-37.7996,1.6753,-1.2486
444.877,2,-37.7891,1.6742,-1.2500
444.891,2,-37.7784,1.6736,-1.2514
444.903,2,-37.7680,1.6730,-1.2528
444.916,2,-37.7572,1.6730,-1.2543
444.929,2,-37.7362,1.6727,-1.2570
444.943,2,-37.7254,1.6744,-1.2587
444.956,2,-37.7145,1.6765,-1.2604
444.969,2,-37.7036,1.6788,-1.2620
444.983,2,-37.6825,1.6823,-1.2649
444.997,2,-37.6615,1.6857,-1.2678
445.013,2,-37.6412,1.6885,-1.2704
445.036,2,-37.6218,1.6912,-1.2724
445.058,2,-37.6025,1.6936,-1.2738
445.081,2,-37.5825,1.6967,-1.2755
445.102,2,-37.5625,1.6998,-1.2773
445.125,2,-37.5428,1.7030,-1.2787
445.147,2,-37.5234,1.7056,-1.2796
445.170,2,-37.5040,1.7073,-1.2808
445.192,2,-37.4850,1.7080,-1.2818
445.215,2,-37.4657,1.7074,-1.2828
445.238,2,-37.4460,1.7059,-1.2834
445.254,2,-37.4262,1.7045,-1.2841
445.282,2,-37.4065,1.7013,-1.2843
445.299,2,-37.3868,1.6981,-1.2845
445.326,2,-37.3669,1.6930,-1.2843
445.349,2,-37.3471,1.6884,-1.2840
445.372,2,-37.3268,1.6845,-1.2835
445.394,2,-37.3062,1.6819,-1.2826
445.417,2,-37.2852,1.6803,-1.2818
445.440,2,-37.2639,1.6798,-1.2808
445.463,2,-37.2425,1.6809,-1.2796
445.486,2,-37.2209,1.6853,-1.2783
445.508,2,-37.1998,1.6896,-1.2768
445.531,2,-37.1792,1.6935,-1.2755
445.553,2,-37.1591,1.6975,-1.2744
445.575,2,-37.1396,1.7002,-1.2736
445.598,2,-37.1206,1.7018,-1.2732
445.618,2,-37.1008,1.7050,-1.2731
445.642,2,-37.0810,1.7084,-1.2733
445.665,2,-37.0617,1.7104,-1.2735
445.689,2,-37.0433,1.7128,-1.2740
445.712,2,-37.0342,1.7138,-1.2741
445.735,2,-37.0248,1.7144,-1.2744
445.753,2,-37.0156,1.7147,-1.2746
445.767,2,-37.0068,1.7150,-1.2746
445.780,2,-36.9975,1.7153,-1.2747
445.793,2,-36.9793,1.7158,-1.2751
445.806,2,-36.9701,1.7154,-1.2753
445.818,2,-36.9607,1.7150,-1.2755
445.831,2,-36.9515,1.7143,-1.2757
445.844,2,-36.9423,1.7134,-1.2759
445.856,2,-36.9333,1.7125,-1.2762
445.869,2,-36.9243,1.7114,-1.2764
445.882,2,-36.9152,1.7101,-1.2768
445.895,2,-36.8974,1.7073,-1.2773
445.907,2,-36.8884,1.7055,-1.2777
445.921,2,-36.8793,1.7039,-1.2780
445.938,2,-36.8532,1.7001,-1.2792
445.950,2,-36.8351,1.6973,-1.2801
445.966,2,-36.8169,1.6948,-1.2812
445.987,2,-36.7975,1.6930,-1.2828
446.010,2,-36.7776,1.6928,-1.2847
446.033,2,-36.7583,1.6922,-1.2868
446.056,2,-36.7390,1.6939,-1.2892
446.078,2,-36.7195,1.6983,-1.2918
446.100,2,-36.7002,1.7026,-1.2940
446.123,2,-36.6812,1.7066,-1.2963
446.145,2,-36.6632,1.7079,-1.2981
446.168,2,-36.6462,1.7082,-1.2994
446.192,2,-36.6289,1.7100,-1.3008
446.213,2,-36.6123,1.7118,-1.3021
446.236,2,-36.5958,1.7137,-1.3036
446.258,2,-36.5794,1.7167,-1.3049
446.280,2,-36.5629,1.7192,-1.3059
446.303,2,-36.5465,1.7206,-1.3071
446.325,2,-36.5302,1.7213,-1.3080
446.348,2,-36.5137,1.7215,-1.3088
446.371,2,-36.4973,1.7209,-1.3096
446.393,2,-36.4810,1.7196,-1.3100
446.416,2,-36.4648,1.7180,-1.3103
446.441,2,-36.4489,1.7156,-1.3103
446.462,2,-36.4330,1.7125,-1.3103
446.484,2,-36.4170,1.7093,-1.3102
446.506,2,-36.4007,1.7065,-1.3099
446.529,2,-36.3841,1.7042,-1.3095
446.552,2,-36.3670,1.7028,-1.3089
446.574,2,-36.3500,1.7017,-1.3081
446.597,2,-36.3330,1.7012,-1.3073
446.619,2,-36.3158,1.7021,-1.3064
446.642,2,-36.2989,1.7049,-1.3053
446.662,2,-36.2899,1.7074,-1.3045
446.686,2,-36.2807,1.7098,-1.3040
446.704,2,-36.2719,1.7121,-1.3034
446.719,2,-36.2636,1.7139,-1.3031
446.732,2,-36.2550,1.7154,-1.3027
446.744,2,-36.2464,1.7168,-1.3025
446.758,2,-36.2296,1.7192,-1.3022
446.769,2,-36.2213,1.7203,-1.3021
446.781,2,-36.2133,1.7212,-1.3023
446.794,2,-36.2050,1.7222,-1.3024
446.806,2,-36.1888,1.7240,-1.3027
446.819,2,-36.1728,1.7254,-1.3030
446.833,2,-36.1568,1.7264,-1.3035
446.857,2,-36.1411,1.7280,-1.3043
446.880,2,-36.1258,1.7298,-1.3052
446.902,2,-36.1106,1.7308,-1.3062
446.925,2,-36.0957,1.7316,-1.3069
446.948,2,-36.0806,1.7322,-1.3078
446.970,2,-36.0655,1.7321,-1.3090
446.993,2,-36.0506,1.7310,-1.3101
447.015,2,-36.0358,1.7298,-1.3113
447.039,2,-36.0210,1.7281,-1.3129
447.061,2,-36.0063,1.7252,-1.3146
447.083,2,-35.9916,1.7222,-1.3164
447.106,2,-35.9767,1.7194,-1.3184
447.127,2,-35.9621,1.7166,-1.3205
447.150,2,-35.9473,1.7146,-1.3231
447.173,2,-35.9321,1.7136,-1.3259
447.195,2,-35.9169,1.7127,-1.3292
447.217,2,-35.9023,1.7113,-1.3326
447.240,2,-35.8875,1.7121,-1.3357
447.261,2,-35.8729,1.7128,-1.3391
447.284,2,-35.8585,1.7141,-1.3425
447.306,2,-35.8439,1.7170,-1.3460
447.329,2,-35.8297,1.7191,-1.3491
447.352,2,-35.8159,1.7192,-1.3523
447.374,2,-35.8024,1.7200,-1.3552
447.397,2,-35.7889,1.7211,-1.3578
447.418,2,-35.7750,1.7222,-1.3606
447.441,2,-35.7609,1.7242,-1.3634
447.465,2,-35.7473,1.7269,-1.3659
447.488,2,-35.7340,1.7287,-1.3685
447.511,2,-35.7208,1.7301,-1.3710
447.534,2,-35.7141,1.7306,-1.3722
447.557,2,-35.7072,1.7310,-1.3735
447.573,2,-35.7002,1.7312,-1.3748
447.585,2,-35.6935,1.7314,-1.3759
447.597,2,-35.6865,1.7315,-1.3771
447.610,2,-35.6798,1.7314,-1.3782
447.622,2,-35.6662,1.7314,-1.3805
447.636,2,-35.6593,1.7309,-1.3816
447.648,2,-35.6524,1.7303,-1.3826
447.663,2,-35.6462,1.7295,-1.3835
447.678,2,-35.6403,1.7287,-1.3842
447.691,2,-35.6274,1.7271,-1.3861
447.704,2,-35.6213,1.7260,-1.3869
447.715,2,-35.6088,1.7241,-1.3887
447.732,2,-35.5958,1.7220,-1.3902
447.751,2,-35.5762,1.7195,-1.3923
447.762,2,-35.5698,1.7188,-1.3928
447.785,2,-35.5576,1.7172,-1.3940
447.807,2,-35.5465,1.7157,-1.3950
447.825,2,-35.5348,1.7157,-1.3959
447.852,2,-35.5231,1.7194,-1.3965
447.875,2,-35.5122,1.7235,-1.3968
447.893,2,-35.5023,1.7253,-1.3973
447.919,2,-35.4944,1.7252,-1.3980
447.942,2,-35.4861,1.7252,-1.3989
447.964,2,-35.4777,1.7255,-1.4004
447.988,2,-35.4697,1.7263,-1.4021
448.010,2,-35.4628,1.7269,-1.4031
448.034,2,-35.4571,1.7277,-1.4037
448.051,2,-35.4511,1.7288,-1.4043
448.078,2,-35.4465,1.7299,-1.4052
448.099,2,-35.4418,1.7312,-1.4064
448.123,2,-35.4376,1.7324,-1.4077
448.146,2,-35.4332,1.7333,-1.4089
448.170,2,-35.4290,1.7342,-1.4105
448.192,2,-35.4251,1.7345,-1.4118
448.212,2,-35.4212,1.7346,-1.4132
448.238,2,-35.4178,1.7345,-1.4146
448.260,2,-35.4144,1.7345,-1.4155
448.285,2,-35.4113,1.7348,-1.4171
448.302,2,-35.4081,1.7359,-1.4187
448.329,2,-35.4049,1.7374,-1.4206
448.348,2,-35.4019,1.7367,-1.4224
448.375,2,-35.3989,1.7370,-1.4242
448.393,2,-35.3959,1.7378,-1.4260
448.418,2,-35.3928,1.7387,-1.4285
448.441,2,-35.3897,1.7394,-1.4312
448.465,2,-35.3883,1.7400,-1.4323
448.489,2,-35.3867,1.7404,-1.4338
448.505,2,-35.3851,1.7408,-1.4351
448.517,2,-35.3836,1.7410,-1.4365
448.534,2,-35.3804,1.7416,-1.4388
448.545,2,-35.3789,1.7419,-1.4401
448.563,2,-35.3772,1.7423,-1.4413
448.573,2,-35.3757,1.7425,-1.4426
448.586,2,-35.3726,1.7431,-1.4449
448.605,2,-35.3710,1.7434,-1.4461
448.618,2,-35.3695,1.7435,-1.4475
448.630,2,-35.3663,1.7439,-1.4497
448.647,2,-35.3617,1.7441,-1.4531
448.657,2,-35.3600,1.7442,-1.4543
448.680,2,-35.3568,1.7442,-1.4566
448.698,2,-35.3535,1.7441,-1.4588
448.717,2,-35.3504,1.7436,-1.4610
448.740,2,-35.3475,1.7433,-1.4630

# --- Trial 3 start ---
458.160,3,-39.5308,1.6876,-1.1324
458.271,3,-39.5306,1.6864,-1.1287
458.297,3,-39.5306,1.6864,-1.1275
458.311,3,-39.5306,1.6863,-1.1264
458.328,3,-39.5306,1.6865,-1.1263
458.346,3,-39.5308,1.6869,-1.1259
458.358,3,-39.5308,1.6873,-1.1256
458.371,3,-39.5307,1.6880,-1.1253
458.385,3,-39.5307,1.6888,-1.1251
458.406,3,-39.5308,1.6896,-1.1251
458.428,3,-39.5308,1.6901,-1.1251
458.451,3,-39.5304,1.6904,-1.1254
458.474,3,-39.5297,1.6907,-1.1258
458.496,3,-39.5288,1.6909,-1.1263
458.518,3,-39.5278,1.6906,-1.1270
458.540,3,-39.5266,1.6897,-1.1278
458.562,3,-39.5253,1.6890,-1.1286
458.585,3,-39.5235,1.6883,-1.1297
458.607,3,-39.5215,1.6876,-1.1309
458.630,3,-39.5192,1.6868,-1.1325
458.651,3,-39.5168,1.6855,-1.1341
458.673,3,-39.5143,1.6828,-1.1360
458.696,3,-39.5109,1.6827,-1.1383
458.718,3,-39.5060,1.6908,-1.1407
458.741,3,-39.5019,1.6933,-1.1429
458.765,3,-39.4983,1.6909,-1.1456
458.787,3,-39.4946,1.6884,-1.1483
458.810,3,-39.4902,1.6872,-1.1516
458.832,3,-39.4864,1.6855,-1.1545
458.854,3,-39.4824,1.6839,-1.1578
458.877,3,-39.4780,1.6830,-1.1609
458.900,3,-39.4732,1.6835,-1.1646
458.923,3,-39.4681,1.6833,-1.1681
458.946,3,-39.4636,1.6826,-1.1715
458.968,3,-39.4585,1.6815,-1.1751
458.989,3,-39.4531,1.6796,-1.1787
459.013,3,-39.4467,1.6779,-1.1823
459.037,3,-39.4397,1.6777,-1.1856
459.060,3,-39.4323,1.6766,-1.1885
459.082,3,-39.4281,1.6763,-1.1897
459.105,3,-39.4234,1.6767,-1.1907
459.122,3,-39.4190,1.6766,-1.1919
459.134,3,-39.4147,1.6763,-1.1930
459.147,3,-39.4103,1.6759,-1.1941
459.160,3,-39.4057,1.6754,-1.1950
459.171,3,-39.4008,1.6749,-1.1960
459.184,3,-39.3911,1.6736,-1.1979
459.197,3,-39.3860,1.6727,-1.1988
459.209,3,-39.3807,1.6719,-1.1995
459.222,3,-39.3755,1.6710,-1.2003
459.237,3,-39.3701,1.6699,-1.2009
459.252,3,-39.3593,1.6679,-1.2023
459.265,3,-39.3536,1.6665,-1.2028
459.278,3,-39.3477,1.6652,-1.2035
459.293,3,-39.3245,1.6606,-1.2061
459.310,3,-39.3118,1.6580,-1.2072
459.332,3,-39.2979,1.6556,-1.2080
459.355,3,-39.2832,1.6540,-1.2086
459.378,3,-39.2679,1.6530,-1.2087
459.401,3,-39.2522,1.6528,-1.2085
459.425,3,-39.2359,1.6531,-1.2080
459.447,3,-39.2200,1.6537,-1.2077
459.469,3,-39.2038,1.6558,-1.2070
459.492,3,-39.1872,1.6599,-1.2061
459.514,3,-39.1708,1.6644,-1.2052
459.538,3,-39.1547,1.6691,-1.2043
459.560,3,-39.1391,1.6727,-1.2037
459.583,3,-39.1243,1.6748,-1.2034
459.605,3,-39.1091,1.6764,-1.2040
459.628,3,-39.0937,1.6789,-1.2045
459.650,3,-39.0782,1.6819,-1.2049
459.672,3,-39.0629,1.6832,-1.2055
459.696,3,-39.0480,1.6845,-1.2060
459.718,3,-39.0328,1.6859,-1.2065
459.742,3,-39.0175,1.6861,-1.2074
459.764,3,-39.0017,1.6857,-1.2086
459.786,3,-38.9857,1.6848,-1.2097
459.809,3,-38.9772,1.6834,-1.2107
459.826,3,-38.9685,1.6824,-1.2117
459.839,3,-38.9602,1.6814,-1.2127
459.853,3,-38.9516,1.6804,-1.2136
459.867,3,-38.9431,1.6791,-1.2145
459.881,3,-38.9262,1.6770,-1.2163
459.894,3,-38.9175,1.6753,-1.2173
459.907,3,-38.9083,1.6737,-1.2186
459.919,3,-38.8994,1.6719,-1.2197
459.933,3,-38.8902,1.6698,-1.2210
459.946,3,-38.8726,1.6662,-1.2232
459.959,3,-38.8633,1.6642,-1.2246
459.971,3,-38.8542,1.6625,-1.2259
459.984,3,-38.8446,1.6614,-1.2273
459.997,3,-38.8352,1.6603,-1.2288
460.009,3,-38.8254,1.6595,-1.2304
460.024,3,-38.8155,1.6591,-1.2322
460.038,3,-38.7961,1.6582,-1.2354
460.051,3,-38.7860,1.6589,-1.2372
460.063,3,-38.7758,1.6603,-1.2391
460.076,3,-38.7653,1.6627,-1.2411
460.090,3,-38.7446,1.6656,-1.2449
460.103,3,-38.7341,1.6681,-1.2470
460.115,3,-38.7239,1.6704,-1.2489
460.127,3,-38.7137,1.6727,-1.2506
460.140,3,-38.6936,1.6762,-1.2540
460.157,3,-38.6740,1.6795,-1.2572
460.173,3,-38.6548,1.6821,-1.2601
460.196,3,-38.6362,1.6837,-1.2626
460.217,3,-38.6173,1.6859,-1.2650
460.238,3,-38.5977,1.6887,-1.2675
460.260,3,-38.5781,1.6920,-1.2698
460.282,3,-38.5584,1.6947,-1.2718
460.305,3,-38.5388,1.6958,-1.2739
460.327,3,-38.5194,1.6956,-1.2760
460.351,3,-38.5000,1.6947,-1.2779
460.372,3,-38.4802,1.6935,-1.2797
460.394,3,-38.4601,1.6915,-1.2815
460.412,3,-38.4398,1.6893,-1.2831
460.438,3,-38.4195,1.6856,-1.2843
460.461,3,-38.3990,1.6817,-1.2855
460.482,3,-38.3780,1.6772,-1.2867
460.504,3,-38.3571,1.6730,-1.2876
460.527,3,-38.3360,1.6692,-1.2887
460.549,3,-38.3141,1.6663,-1.2896
460.573,3,-38.2918,1.6648,-1.2901
460.595,3,-38.2702,1.6644,-1.2904
460.619,3,-38.2479,1.6652,-1.2906
460.641,3,-38.2255,1.6692,-1.2904
460.664,3,-38.2028,1.6750,-1.2902
460.687,3,-38.1807,1.6806,-1.2903
460.710,3,-38.1598,1.6853,-1.2909
460.733,3,-38.1396,1.6883,-1.2918
460.754,3,-38.1196,1.6904,-1.2931
460.778,3,-38.0994,1.6939,-1.2946
460.801,3,-38.0792,1.6976,-1.2960
460.823,3,-38.0590,1.7007,-1.2972
460.847,3,-38.0495,1.7018,-1.2979
460.868,3,-38.0394,1.7026,-1.2985
460.885,3,-38.0291,1.7030,-1.2990
460.898,3,-38.0186,1.7034,-1.2997
460.911,3,-38.0082,1.7034,-1.3002
460.923,3,-37.9976,1.7033,-1.3008
460.936,3,-37.9871,1.7030,-1.3014
460.949,3,-37.9660,1.7025,-1.3025
460.962,3,-37.9554,1.7016,-1.3030
460.977,3,-37.9447,1.7002,-1.3036
460.991,3,-37.9131,1.6974,-1.3053
461.005,3,-37.8921,1.6943,-1.3066
461.020,3,-37.8706,1.6906,-1.3080
461.045,3,-37.8495,1.6850,-1.3099
461.068,3,-37.8278,1.6815,-1.3115
461.090,3,-37.8055,1.6786,-1.3137
461.114,3,-37.7831,1.6765,-1.3161
461.136,3,-37.7605,1.6762,-1.3187
461.159,3,-37.7376,1.6774,-1.3216
461.181,3,-37.7148,1.6800,-1.3247
461.203,3,-37.6920,1.6831,-1.3278
461.226,3,-37.6701,1.6886,-1.3307
461.248,3,-37.6485,1.6925,-1.3331
461.270,3,-37.6278,1.6953,-1.3348
461.294,3,-37.6076,1.6982,-1.3360
461.315,3,-37.5873,1.7016,-1.3369
461.339,3,-37.5675,1.7049,-1.3377
461.362,3,-37.5475,1.7091,-1.3384
461.384,3,-37.5277,1.7126,-1.3388
461.407,3,-37.5077,1.7145,-1.3388
461.429,3,-37.4873,1.7153,-1.3389
461.452,3,-37.4668,1.7150,-1.3387
461.475,3,-37.4458,1.7133,-1.3383
461.498,3,-37.4351,1.7110,-1.3378
461.516,3,-37.4247,1.7093,-1.3374
461.528,3,-37.4144,1.7077,-1.3371
461.540,3,-37.4041,1.7060,-1.3368
461.553,3,-37.3937,1.7040,-1.3364
461.567,3,-37.3834,1.7017,-1.3360
461.579,3,-37.3625,1.6978,-1.3353
461.592,3,-37.3521,1.6953,-1.3348
461.605,3,-37.3417,1.6931,-1.3342
461.617,3,-37.3311,1.6915,-1.3336
461.630,3,-37.3206,1.6903,-1.3330
461.643,3,-37.3100,1.6894,-1.3323
461.655,3,-37.2887,1.6873,-1.3309
461.668,3,-37.2779,1.6871,-1.3302
461.681,3,-37.2672,1.6875,-1.3293
461.693,3,-37.2565,1.6880,-1.3286
461.707,3,-37.2459,1.6898,-1.3277
461.721,3,-37.2243,1.6921,-1.3261
461.733,3,-37.2138,1.6940,-1.3253
461.749,3,-37.1929,1.6972,-1.3238
461.763,3,-37.1828,1.6996,-1.3231
461.778,3,-37.1726,1.7019,-1.3226
461.791,3,-37.1627,1.7037,-1.3222
461.803,3,-37.1527,1.7050,-1.3219
461.817,3,-37.1429,1.7059,-1.3217
461.830,3,-37.1334,1.7071,-1.3217
461.844,3,-37.1138,1.7104,-1.3215
461.858,3,-37.0941,1.7141,-1.3213
461.874,3,-37.0748,1.7171,-1.3211
461.894,3,-37.0560,1.7195,-1.3216
461.916,3,-37.0373,1.7225,-1.3221
461.938,3,-37.0185,1.7247,-1.3225
461.960,3,-37.0000,1.7252,-1.3231
461.983,3,-36.9816,1.7243,-1.3238
462.006,3,-36.9629,1.7231,-1.3245
462.027,3,-36.9441,1.7211,-1.3255
462.049,3,-36.9250,1.7182,-1.3267
462.072,3,-36.9063,1.7150,-1.3279
462.094,3,-36.8872,1.7117,-1.3294
462.117,3,-36.8679,1.7072,-1.3310
462.138,3,-36.8484,1.7029,-1.3327
462.160,3,-36.8286,1.6996,-1.3347
462.183,3,-36.8087,1.6969,-1.3368
462.205,3,-36.7885,1.6953,-1.3392
462.228,3,-36.7678,1.6956,-1.3420
462.250,3,-36.7473,1.6968,-1.3451
462.273,3,-36.7273,1.7008,-1.3485
462.295,3,-36.7075,1.7052,-1.3517
462.318,3,-36.6977,1.7088,-1.3533
462.334,3,-36.6879,1.7104,-1.3548
462.349,3,-36.6783,1.7115,-1.3561
462.364,3,-36.6690,1.7125,-1.3573
462.376,3,-36.6595,1.7137,-1.3584
462.388,3,-36.6499,1.7154,-1.3595
462.401,3,-36.6307,1.7185,-1.3617
462.413,3,-36.6211,1.7202,-1.3627
462.426,3,-36.6115,1.7216,-1.3636
462.438,3,-36.6020,1.7229,-1.3645
462.451,3,-36.5925,1.7244,-1.3655
462.465,3,-36.5833,1.7259,-1.3662
462.478,3,-36.5643,1.7285,-1.3680
462.491,3,-36.5549,1.7293,-1.3687
462.504,3,-36.5455,1.7294,-1.3696
462.516,3,-36.5360,1.7295,-1.3705
462.532,3,-36.5266,1.7290,-1.3713
462.547,3,-36.5076,1.7289,-1.3729
462.560,3,-36.4982,1.7283,-1.3737
462.572,3,-36.4887,1.7274,-1.3745
462.585,3,-36.4791,1.7265,-1.3752
462.598,3,-36.4602,1.7250,-1.3767
462.611,3,-36.4507,1.7235,-1.3773
462.623,3,-36.4412,1.7222,-1.3781
462.635,3,-36.4319,1.7203,-1.3787
462.649,3,-36.4131,1.7171,-1.3800
462.663,3,-36.3944,1.7135,-1.3812
462.680,3,-36.3757,1.7091,-1.3823
462.705,3,-36.3568,1.7050,-1.3832
462.728,3,-36.3374,1.7026,-1.3838
462.749,3,-36.3177,1.7015,-1.3843
462.772,3,-36.2979,1.7014,-1.3848
462.794,3,-36.2782,1.7027,-1.3851
462.816,3,-36.2590,1.7062,-1.3852
462.839,3,-36.2398,1.7110,-1.3854
462.862,3,-36.2211,1.7160,-1.3859
462.883,3,-36.2031,1.7202,-1.3866
462.905,3,-36.1857,1.7221,-1.3878
462.928,3,-36.1689,1.7223,-1.3896
462.950,3,-36.1524,1.7245,-1.3915
462.972,3,-36.1359,1.7273,-1.3933
462.995,3,-36.1196,1.7287,-1.3950
463.018,3,-36.1035,1.7309,-1.3970
463.040,3,-36.0880,1.7331,-1.3988
463.064,3,-36.0726,1.7336,-1.4007
463.085,3,-36.0573,1.7337,-1.4026
463.107,3,-36.0422,1.7335,-1.4044
463.130,3,-36.0348,1.7326,-1.4055
463.147,3,-36.0273,1.7320,-1.4066
463.158,3,-36.0197,1.7313,-1.4078
463.169,3,-36.0121,1.7307,-1.4089
463.181,3,-36.0045,1.7298,-1.4102
463.193,3,-35.9970,1.7289,-1.4115
463.204,3,-35.9897,1.7278,-1.4127
463.217,3,-35.9825,1.7264,-1.4138
463.228,3,-35.9753,1.7250,-1.4151
463.240,3,-35.9681,1.7233,-1.4166
463.253,3,-35.9610,1.7215,-1.4180
463.265,3,-35.9540,1.7199,-1.4195
463.277,3,-35.9397,1.7172,-1.4224
463.289,3,-35.9326,1.7160,-1.4241
463.301,3,-35.9255,1.7150,-1.4259
463.313,3,-35.9187,1.7143,-1.4276
463.325,3,-35.9119,1.7136,-1.4293
463.337,3,-35.9050,1.7131,-1.4311
463.348,3,-35.8978,1.7127,-1.4330
463.360,3,-35.8905,1.7126,-1.4350
463.372,3,-35.8832,1.7129,-1.4370
463.384,3,-35.8759,1.7134,-1.4391
463.395,3,-35.8686,1.7140,-1.4411
463.408,3,-35.8615,1.7147,-1.4431
463.420,3,-35.8472,1.7160,-1.4471
463.432,3,-35.8401,1.7173,-1.4491
463.444,3,-35.8330,1.7188,-1.4511
463.456,3,-35.8264,1.7203,-1.4528
463.471,3,-35.8200,1.7214,-1.4543
463.485,3,-35.7993,1.7237,-1.4595
463.500,3,-35.7861,1.7247,-1.4625
463.526,3,-35.7733,1.7262,-1.4648
463.548,3,-35.7607,1.7279,-1.4672
463.570,3,-35.7481,1.7295,-1.4696
463.593,3,-35.7356,1.7318,-1.4715
463.615,3,-35.7230,1.7338,-1.4734
463.638,3,-35.7115,1.7350,-1.4751
463.660,3,-35.7000,1.7356,-1.4770
463.683,3,-35.6885,1.7358,-1.4787
463.705,3,-35.6769,1.7359,-1.4801
463.729,3,-35.6652,1.7355,-1.4813
463.746,3,-35.6534,1.7353,-1.4822
463.773,3,-35.6414,1.7348,-1.4827
463.797,3,-35.6296,1.7342,-1.4830
463.819,3,-35.6178,1.7334,-1.4831
463.841,3,-35.6062,1.7320,-1.4830
463.864,3,-35.5947,1.7303,-1.4825
463.887,3,-35.5834,1.7289,-1.4817
463.909,3,-35.5721,1.7276,-1.4810
463.933,3,-35.5611,1.7261,-1.4799
463.951,3,-35.5501,1.7249,-1.4789
463.977,3,-35.5399,1.7237,-1.4777
464.000,3,-35.5295,1.7229,-1.4763
464.018,3,-35.5190,1.7229,-1.4753
464.043,3,-35.5083,1.7259,-1.4740
464.066,3,-35.4980,1.7294,-1.4728
464.090,3,-35.4885,1.7311,-1.4717
464.113,3,-35.4796,1.7324,-1.4708
464.136,3,-35.4710,1.7334,-1.4704
464.159,3,-35.4625,1.7337,-1.4700
464.177,3,-35.4539,1.7341,-1.4698
464.204,3,-35.4455,1.7343,-1.4696
464.227,3,-35.4422,1.7341,-1.4696
464.249,3,-35.4386,1.7342,-1.4698
464.266,3,-35.4349,1.7344,-1.4698
464.277,3,-35.4314,1.7347,-1.4696
464.296,3,-35.4243,1.7350,-1.4696
464.307,3,-35.4208,1.7352,-1.4696
464.324,3,-35.4177,1.7354,-1.4700
464.335,3,-35.4145,1.7357,-1.4701
464.353,3,-35.4084,1.7362,-1.4704
464.364,3,-35.4054,1.7363,-1.4708
464.383,3,-35.4030,1.7363,-1.4709
464.395,3,-35.3976,1.7362,-1.4713
464.413,3,-35.3903,1.7362,-1.4721
464.427,3,-35.3884,1.7363,-1.4725
464.449,3,-35.3822,1.7363,-1.4733
464.460,3,-35.3809,1.7365,-1.4739
464.479,3,-35.3773,1.7383,-1.4748
464.502,3,-35.3746,1.7380,-1.4755
464.526,3,-35.3723,1.7372,-1.4763
464.548,3,-35.3698,1.7388,-1.4771
464.570,3,-35.3679,1.7397,-1.4780
464.593,3,-35.3662,1.7400,-1.4791
464.614,3,-35.3645,1.7407,-1.4798
464.637,3,-35.3630,1.7415,-1.4803
464.658,3,-35.3616,1.7418,-1.4812
464.681,3,-35.3604,1.7416,-1.4820
464.703,3,-35.3589,1.7416,-1.4825
464.724,3,-35.3575,1.7416,-1.4833
464.747,3,-35.3560,1.7413,-1.4836
464.772,3,-35.3545,1.7409,-1.4837
464.791,3,-35.3531,1.7405,-1.4840
464.814,3,-35.3519,1.7401,-1.4839
464.836,3,-35.3508,1.7401,-1.4834
464.860,3,-35.3497,1.7402,-1.4830

# --- Trial 4 start ---
473.754,4,-39.5036,1.6888,-1.1517
473.865,4,-39.5038,1.6875,-1.1497
473.897,4,-39.5034,1.6867,-1.1490
473.914,4,-39.5030,1.6863,-1.1479
473.927,4,-39.5030,1.6865,-1.1477
473.941,4,-39.5030,1.6867,-1.1477
473.954,4,-39.5030,1.6867,-1.1477
473.967,4,-39.5029,1.6865,-1.1475
473.980,4,-39.5028,1.6861,-1.1475
473.997,4,-39.5027,1.6852,-1.1476
474.009,4,-39.5029,1.6848,-1.1477
474.033,4,-39.5029,1.6856,-1.1483
474.050,4,-39.5027,1.6865,-1.1492
474.076,4,-39.5025,1.6869,-1.1503
474.097,4,-39.5026,1.6873,-1.1515
474.119,4,-39.5026,1.6880,-1.1527
474.142,4,-39.5022,1.6888,-1.1541
474.165,4,-39.5015,1.6893,-1.1556
474.188,4,-39.5009,1.6894,-1.1571
474.205,4,-39.5002,1.6897,-1.1588
474.231,4,-39.4992,1.6897,-1.1607
474.253,4,-39.4983,1.6898,-1.1625
474.275,4,-39.4972,1.6897,-1.1647
474.298,4,-39.4960,1.6896,-1.1669
474.320,4,-39.4948,1.6897,-1.1692
474.343,4,-39.4932,1.6896,-1.1716
474.365,4,-39.4917,1.6880,-1.1741
474.388,4,-39.4908,1.6840,-1.1767
474.410,4,-39.4902,1.6775,-1.1794
474.434,4,-39.4882,1.6827,-1.1829
474.457,4,-39.4835,1.6964,-1.1867
474.480,4,-39.4806,1.6957,-1.1889
474.503,4,-39.4791,1.6884,-1.1913
474.525,4,-39.4779,1.6835,-1.1934
474.548,4,-39.4765,1.6842,-1.1959
474.571,4,-39.4737,1.6847,-1.1983
474.593,4,-39.4706,1.6838,-1.2006
474.616,4,-39.4679,1.6835,-1.2031
474.639,4,-39.4646,1.6833,-1.2056
474.661,4,-39.4609,1.6825,-1.2080
474.684,4,-39.4566,1.6816,-1.2094
474.705,4,-39.4536,1.6816,-1.2102
474.729,4,-39.4498,1.6815,-1.2112
474.747,4,-39.4465,1.6809,-1.2120
474.760,4,-39.4434,1.6804,-1.2131
474.773,4,-39.4399,1.6802,-1.2141
474.786,4,-39.4334,1.6796,-1.2159
474.798,4,-39.4297,1.6791,-1.2166
474.811,4,-39.4257,1.6783,-1.2172
474.826,4,-39.4219,1.6774,-1.2178
474.841,4,-39.4142,1.6761,-1.2194
474.855,4,-39.4097,1.6755,-1.2201
474.868,4,-39.4052,1.6748,-1.2207
474.882,4,-39.3882,1.6719,-1.2233
474.899,4,-39.3780,1.6700,-1.2243
474.922,4,-39.3672,1.6676,-1.2251
474.940,4,-39.3564,1.6654,-1.2258
474.966,4,-39.3446,1.6624,-1.2259
474.984,4,-39.3333,1.6597,-1.2263
475.011,4,-39.3202,1.6572,-1.2262
475.028,4,-39.3075,1.6552,-1.2261
475.054,4,-39.2935,1.6528,-1.2251
475.078,4,-39.2796,1.6509,-1.2243
475.100,4,-39.2650,1.6495,-1.2233
475.118,4,-39.2505,1.6480,-1.2221
475.145,4,-39.2356,1.6465,-1.2200
475.162,4,-39.2208,1.6455,-1.2185
475.189,4,-39.2044,1.6471,-1.2159
475.208,4,-39.1882,1.6488,-1.2134
475.233,4,-39.1714,1.6533,-1.2107
475.252,4,-39.1550,1.6576,-1.2083
475.278,4,-39.1395,1.6611,-1.2059
475.297,4,-39.1248,1.6641,-1.2038
475.323,4,-39.1099,1.6657,-1.2020
475.347,4,-39.0952,1.6671,-1.2009
475.369,4,-39.0803,1.6695,-1.1996
475.392,4,-39.0654,1.6719,-1.1985
475.415,4,-39.0508,1.6739,-1.1977
475.438,4,-39.0365,1.6753,-1.1970
475.460,4,-39.0225,1.6765,-1.1965
475.478,4,-39.0083,1.6776,-1.1961
475.503,4,-38.9937,1.6776,-1.1961
475.526,4,-38.9792,1.6773,-1.1960
475.548,4,-38.9642,1.6769,-1.1964
475.571,4,-38.9492,1.6758,-1.1971
475.594,4,-38.9341,1.6743,-1.1980
475.617,4,-38.9264,1.6731,-1.1984
475.640,4,-38.9185,1.6712,-1.1995
475.658,4,-38.9108,1.6701,-1.2004
475.670,4,-38.9030,1.6690,-1.2011
475.682,4,-38.8950,1.6676,-1.2019
475.695,4,-38.8871,1.6664,-1.2027
475.708,4,-38.8789,1.6651,-1.2037
475.722,4,-38.8705,1.6640,-1.2048
475.735,4,-38.8546,1.6620,-1.2066
475.747,4,-38.8460,1.6614,-1.2079
475.760,4,-38.8373,1.6610,-1.2092
475.774,4,-38.8293,1.6610,-1.2104
475.787,4,-38.8208,1.6612,-1.2119
475.800,4,-38.8040,1.6609,-1.2145
475.814,4,-38.7953,1.6616,-1.2162
475.828,4,-38.7860,1.6630,-1.2177
475.843,4,-38.7514,1.6670,-1.2235
475.859,4,-38.7334,1.6708,-1.2268
475.880,4,-38.7149,1.6731,-1.2300
475.902,4,-38.6976,1.6750,-1.2327
475.925,4,-38.6809,1.6768,-1.2346
475.948,4,-38.6640,1.6777,-1.2368
475.972,4,-38.6468,1.6792,-1.2389
475.994,4,-38.6292,1.6820,-1.2405
476.017,4,-38.6111,1.6856,-1.2417
476.040,4,-38.5934,1.6880,-1.2429
476.062,4,-38.5755,1.6890,-1.2440
476.086,4,-38.5581,1.6891,-1.2446
476.107,4,-38.5405,1.6887,-1.2453
476.129,4,-38.5224,1.6874,-1.2458
476.153,4,-38.5043,1.6851,-1.2460
476.175,4,-38.4861,1.6823,-1.2462
476.196,4,-38.4674,1.6788,-1.2461
476.220,4,-38.4488,1.6745,-1.2460
476.243,4,-38.4298,1.6699,-1.2458
476.265,4,-38.4109,1.6659,-1.2457
476.288,4,-38.3916,1.6622,-1.2453
476.310,4,-38.3717,1.6595,-1.2446
476.333,4,-38.3509,1.6584,-1.2439
476.356,4,-38.3298,1.6581,-1.2431
476.379,4,-38.3086,1.6598,-1.2419
476.402,4,-38.2870,1.6647,-1.2405
476.425,4,-38.2658,1.6693,-1.2395
476.448,4,-38.2447,1.6751,-1.2388
476.471,4,-38.2244,1.6802,-1.2381
476.492,4,-38.2041,1.6835,-1.2378
476.517,4,-38.1839,1.6857,-1.2384
476.540,4,-38.1638,1.6888,-1.2391
476.564,4,-38.1437,1.6923,-1.2395
476.586,4,-38.1329,1.6938,-1.2399
476.609,4,-38.1223,1.6952,-1.2402
476.627,4,-38.1121,1.6961,-1.2405
476.640,4,-38.1019,1.6971,-1.2407
476.653,4,-38.0919,1.6978,-1.2410
476.665,4,-38.0819,1.6983,-1.2413
476.677,4,-38.0621,1.6991,-1.2418
476.692,4,-38.0520,1.6989,-1.2421
476.705,4,-38.0421,1.6987,-1.2423
476.717,4,-38.0328,1.6981,-1.2425
476.732,4,-38.0239,1.6973,-1.2429
476.745,4,-38.0044,1.6960,-1.2435
476.758,4,-37.9853,1.6939,-1.2442
476.773,4,-37.9653,1.6913,-1.2450
476.787,4,-37.9448,1.6883,-1.2459
476.804,4,-37.9239,1.6844,-1.2472
476.828,4,-37.9032,1.6797,-1.2488
476.851,4,-37.8821,1.6760,-1.2508
476.873,4,-37.8608,1.6728,-1.2530
476.896,4,-37.8398,1.6712,-1.2555
476.919,4,-37.8184,1.6709,-1.2578
476.941,4,-37.7975,1.6715,-1.2603
476.963,4,-37.7759,1.6754,-1.2632
476.985,4,-37.7543,1.6805,-1.2662
477.007,4,-37.7332,1.6858,-1.2687
477.030,4,-37.7123,1.6917,-1.2709
477.052,4,-37.6921,1.6944,-1.2727
477.075,4,-37.6733,1.6962,-1.2741
477.097,4,-37.6546,1.6992,-1.2754
477.120,4,-37.6360,1.7020,-1.2766
477.143,4,-37.6174,1.7054,-1.2778
477.166,4,-37.5985,1.7092,-1.2786
477.189,4,-37.5797,1.7118,-1.2793
477.212,4,-37.5606,1.7133,-1.2804
477.235,4,-37.5413,1.7129,-1.2811
477.257,4,-37.5221,1.7114,-1.2816
477.279,4,-37.5025,1.7087,-1.2818
477.302,4,-37.4826,1.7053,-1.2818
477.325,4,-37.4626,1.7013,-1.2815
477.347,4,-37.4423,1.6959,-1.2810
477.371,4,-37.4223,1.6899,-1.2803
477.393,4,-37.4020,1.6847,-1.2795
477.417,4,-37.3813,1.6811,-1.2785
477.437,4,-37.3592,1.6791,-1.2773
477.461,4,-37.3365,1.6787,-1.2759
477.485,4,-37.3139,1.6794,-1.2742
477.509,4,-37.3020,1.6826,-1.2730
477.532,4,-37.2901,1.6863,-1.2719
477.549,4,-37.2790,1.6891,-1.2712
477.561,4,-37.2685,1.6915,-1.2706
477.573,4,-37.2574,1.6938,-1.2700
477.586,4,-37.2465,1.6963,-1.2694
477.599,4,-37.2247,1.7003,-1.2684
477.612,4,-37.2146,1.7018,-1.2681
477.625,4,-37.2041,1.7032,-1.2679
477.638,4,-37.1937,1.7047,-1.2679
477.652,4,-37.1732,1.7081,-1.2678
477.669,4,-37.1524,1.7116,-1.2679
477.682,4,-37.1325,1.7145,-1.2682
477.698,4,-37.1122,1.7172,-1.2689
477.714,4,-37.0927,1.7197,-1.2698
477.740,4,-37.0737,1.7209,-1.2710
477.763,4,-37.0547,1.7212,-1.2723
477.785,4,-37.0355,1.7205,-1.2735
477.808,4,-37.0160,1.7195,-1.2748
477.831,4,-36.9963,1.7176,-1.2765
477.852,4,-36.9764,1.7152,-1.2785
477.875,4,-36.9565,1.7120,-1.2806
477.896,4,-36.9365,1.7077,-1.2828
477.919,4,-36.9164,1.7020,-1.2852
477.941,4,-36.8961,1.6970,-1.2878
477.963,4,-36.8754,1.6931,-1.2907
477.988,4,-36.8546,1.6906,-1.2939
478.009,4,-36.8337,1.6891,-1.2974
478.032,4,-36.8126,1.6887,-1.3013
478.054,4,-36.7915,1.6900,-1.3055
478.076,4,-36.7704,1.6946,-1.3099
478.099,4,-36.7493,1.6998,-1.3143
478.122,4,-36.7284,1.7055,-1.3185
478.144,4,-36.7082,1.7095,-1.3222
478.166,4,-36.6887,1.7112,-1.3253
478.189,4,-36.6702,1.7114,-1.3282
478.212,4,-36.6614,1.7117,-1.3291
478.229,4,-36.6522,1.7129,-1.3304
478.242,4,-36.6429,1.7142,-1.3319
478.254,4,-36.6336,1.7158,-1.3333
478.266,4,-36.6244,1.7173,-1.3347
478.278,4,-36.6153,1.7190,-1.3359
478.294,4,-36.6063,1.7204,-1.3370
478.308,4,-36.5879,1.7228,-1.3395
478.319,4,-36.5789,1.7238,-1.3408
478.334,4,-36.5609,1.7252,-1.3431
478.347,4,-36.5519,1.7254,-1.3442
478.360,4,-36.5429,1.7253,-1.3453
478.372,4,-36.5337,1.7251,-1.3463
478.385,4,-36.5245,1.7245,-1.3473
478.398,4,-36.5153,1.7238,-1.3482
478.410,4,-36.5060,1.7230,-1.3491
478.421,4,-36.4966,1.7218,-1.3500
478.435,4,-36.4874,1.7204,-1.3508
478.448,4,-36.4690,1.7179,-1.3525
478.461,4,-36.4598,1.7158,-1.3532
478.475,4,-36.4506,1.7130,-1.3539
478.487,4,-36.4416,1.7107,-1.3545
478.501,4,-36.4233,1.7066,-1.3559
478.514,4,-36.4139,1.7046,-1.3565
478.528,4,-36.4043,1.7030,-1.3571
478.543,4,-36.3853,1.7003,-1.3583
478.556,4,-36.3660,1.6980,-1.3595
478.572,4,-36.3465,1.6967,-1.3605
478.596,4,-36.3265,1.6971,-1.3613
478.618,4,-36.3068,1.6980,-1.3622
478.641,4,-36.2866,1.7046,-1.3623
478.663,4,-36.2669,1.7087,-1.3626
478.686,4,-36.2480,1.7132,-1.3632
478.708,4,-36.2299,1.7164,-1.3641
478.730,4,-36.2126,1.7183,-1.3653
478.753,4,-36.1956,1.7198,-1.3668
478.775,4,-36.1786,1.7232,-1.3684
478.799,4,-36.1617,1.7262,-1.3701
478.820,4,-36.1452,1.7277,-1.3719
478.842,4,-36.1293,1.7302,-1.3739
478.864,4,-36.1135,1.7331,-1.3758
478.886,4,-36.0980,1.7347,-1.3778
478.908,4,-36.0823,1.7355,-1.3797
478.932,4,-36.0666,1.7358,-1.3815
478.954,4,-36.0508,1.7356,-1.3834
478.977,4,-36.0348,1.7340,-1.3856
479.000,4,-36.0190,1.7323,-1.3872
479.022,4,-36.0032,1.7299,-1.3895
479.045,4,-35.9876,1.7269,-1.3920
479.068,4,-35.9722,1.7234,-1.3945
479.090,4,-35.9566,1.7197,-1.3974
479.114,4,-35.9407,1.7173,-1.4006
479.137,4,-35.9246,1.7157,-1.4038
479.159,4,-35.9082,1.7146,-1.4071
479.183,4,-35.8918,1.7133,-1.4108
479.203,4,-35.8749,1.7131,-1.4145
479.229,4,-35.8579,1.7155,-1.4188
479.253,4,-35.8414,1.7169,-1.4225
479.276,4,-35.8332,1.7193,-1.4244
479.297,4,-35.8248,1.7214,-1.4261
479.314,4,-35.8168,1.7220,-1.4278
479.327,4,-35.8092,1.7223,-1.4294
479.339,4,-35.8013,1.7228,-1.4309
479.350,4,-35.7934,1.7234,-1.4325
479.362,4,-35.7780,1.7247,-1.4354
479.374,4,-35.7702,1.7256,-1.4368
479.387,4,-35.7629,1.7265,-1.4381
479.401,4,-35.7559,1.7276,-1.4393
479.414,4,-35.7491,1.7288,-1.4406
479.426,4,-35.7423,1.7302,-1.4416
479.439,4,-35.7359,1.7312,-1.4426
479.451,4,-35.7291,1.7322,-1.4437
479.463,4,-35.7157,1.7340,-1.4459
479.478,4,-35.7095,1.7346,-1.4469
479.490,4,-35.6960,1.7362,-1.4491
479.502,4,-35.6830,1.7374,-1.4512
479.518,4,-35.6703,1.7382,-1.4532
479.534,4,-35.6572,1.7389,-1.4552
479.559,4,-35.6448,1.7387,-1.4568
479.580,4,-35.6325,1.7376,-1.4584
479.603,4,-35.6207,1.7358,-1.4597
479.626,4,-35.6095,1.7330,-1.4608
479.649,4,-35.5986,1.7303,-1.4617
479.671,4,-35.5873,1.7277,-1.4626
479.694,4,-35.5760,1.7255,-1.4634
479.718,4,-35.5644,1.7247,-1.4639
479.742,4,-35.5529,1.7248,-1.4643
479.763,4,-35.5413,1.7245,-1.4646
479.787,4,-35.5300,1.7245,-1.4646
479.804,4,-35.5191,1.7250,-1.4647
479.830,4,-35.5085,1.7263,-1.4646
479.853,4,-35.4982,1.7299,-1.4646
479.876,4,-35.4889,1.7334,-1.4648
479.895,4,-35.4812,1.7339,-1.4649
479.921,4,-35.4757,1.7332,-1.4653
479.944,4,-35.4702,1.7314,-1.4663
479.962,4,-35.4639,1.7301,-1.4675
479.989,4,-35.4587,1.7306,-1.4692
480.012,4,-35.4540,1.7318,-1.4706
480.030,4,-35.4500,1.7322,-1.4719
480.058,4,-35.4472,1.7326,-1.4733
480.080,4,-35.4439,1.7336,-1.4748
480.102,4,-35.4404,1.7349,-1.4764
480.120,4,-35.4366,1.7364,-1.4782
480.146,4,-35.4327,1.7374,-1.4802
480.169,4,-35.4290,1.7375,-1.4818
480.192,4,-35.4255,1.7375,-1.4832
480.215,4,-35.4243,1.7369,-1.4837
480.239,4,-35.4231,1.7375,-1.4846
480.250,4,-35.4215,1.7380,-1.4853
480.268,4,-35.4199,1.7375,-1.4861
480.279,4,-35.4184,1.7372,-1.4868
480.297,4,-35.4150,1.7376,-1.4882
480.308,4,-35.4132,1.7382,-1.4889
480.326,4,-35.4112,1.7392,-1.4895
480.337,4,-35.4093,1.7398,-1.4902
480.355,4,-35.4056,1.7405,-1.4917
480.368,4,-35.4037,1.7406,-1.4926
480.384,4,-35.4017,1.7408,-1.4933
480.394,4,-35.3960,1.7416,-1.4955
480.412,4,-35.3921,1.7418,-1.4969
480.431,4,-35.3883,1.7416,-1.4986
480.449,4,-35.3844,1.7413,-1.5006
480.471,4,-35.3810,1.7411,-1.5024
480.493,4,-35.3775,1.7413,-1.5043
480.516,4,-35.3743,1.7413,-1.5062
480.540,4,-35.3709,1.7415,-1.5079
480.562,4,-35.3675,1.7417,-1.5079
480.584,4,-35.3642,1.7420,-1.5095
480.607,4,-35.3613,1.7420,-1.5105

# --- Trial 5 start ---
490.534,5,-39.6429,1.6908,-1.2209
490.651,5,-39.6486,1.6888,-1.2177
490.677,5,-39.6502,1.6886,-1.2165
490.692,5,-39.6515,1.6887,-1.2152
490.706,5,-39.6516,1.6888,-1.2148
490.721,5,-39.6521,1.6890,-1.2139
490.733,5,-39.6523,1.6892,-1.2134
490.747,5,-39.6525,1.6894,-1.2124
490.759,5,-39.6527,1.6895,-1.2115
490.776,5,-39.6526,1.6897,-1.2105
490.793,5,-39.6527,1.6895,-1.2094
490.809,5,-39.6526,1.6894,-1.2081
490.836,5,-39.6523,1.6891,-1.2067
490.857,5,-39.6521,1.6890,-1.2054
490.880,5,-39.6519,1.6890,-1.2041
490.898,5,-39.6517,1.6890,-1.2027
490.924,5,-39.6512,1.6892,-1.2012
490.946,5,-39.6505,1.6894,-1.1999
490.963,5,-39.6497,1.6897,-1.1984
490.990,5,-39.6486,1.6902,-1.1967
491.013,5,-39.6473,1.6907,-1.1950
491.035,5,-39.6460,1.6908,-1.1933
491.057,5,-39.6441,1.6906,-1.1916
491.080,5,-39.6424,1.6900,-1.1900
491.102,5,-39.6406,1.6881,-1.1884
491.125,5,-39.6387,1.6858,-1.1871
491.147,5,-39.6364,1.6851,-1.1860
491.170,5,-39.6342,1.6852,-1.1852
491.194,5,-39.6320,1.6864,-1.1848
491.215,5,-39.6297,1.6873,-1.1844
491.238,5,-39.6273,1.6886,-1.1844
491.260,5,-39.6247,1.6896,-1.1845
491.284,5,-39.6224,1.6900,-1.1848
491.307,5,-39.6199,1.6899,-1.1853
491.329,5,-39.6172,1.6896,-1.1861
491.352,5,-39.6144,1.6895,-1.1868
491.374,5,-39.6114,1.6893,-1.1876
491.397,5,-39.6084,1.6889,-1.1884
491.419,5,-39.6054,1.6884,-1.1894
491.443,5,-39.6039,1.6878,-1.1901
491.464,5,-39.6024,1.6874,-1.1908
491.482,5,-39.6011,1.6869,-1.1913
491.495,5,-39.5999,1.6865,-1.1918
491.508,5,-39.5988,1.6861,-1.1923
491.520,5,-39.5969,1.6852,-1.1932
491.535,5,-39.5964,1.6843,-1.1936
491.548,5,-39.5960,1.6830,-1.1941
491.561,5,-39.5957,1.6814,-1.1948
491.575,5,-39.5954,1.6798,-1.1954
491.588,5,-39.5941,1.6779,-1.1967
491.602,5,-39.5929,1.6796,-1.1975
491.616,5,-39.5908,1.6846,-1.1983
491.629,5,-39.5873,1.6904,-1.1998
491.644,5,-39.5847,1.6936,-1.2010
491.658,5,-39.5820,1.6934,-1.2023
491.675,5,-39.5791,1.6897,-1.2038
491.692,5,-39.5758,1.6874,-1.2052
491.710,5,-39.5720,1.6880,-1.2069
491.736,5,-39.5680,1.6881,-1.2087
491.754,5,-39.5641,1.6863,-1.2108
491.779,5,-39.5602,1.6844,-1.2130
491.798,5,-39.5560,1.6843,-1.2154
491.824,5,-39.5515,1.6830,-1.2177
491.846,5,-39.5473,1.6807,-1.2196
491.869,5,-39.5430,1.6788,-1.2217
491.891,5,-39.5382,1.6779,-1.2240
491.915,5,-39.5327,1.6765,-1.2262
491.937,5,-39.5272,1.6749,-1.2283
491.958,5,-39.5211,1.6737,-1.2303
491.981,5,-39.5147,1.6726,-1.2320
491.999,5,-39.5079,1.6716,-1.2336
492.025,5,-39.4999,1.6714,-1.2353
492.048,5,-39.4916,1.6712,-1.2370
492.071,5,-39.4828,1.6709,-1.2385
492.094,5,-39.4737,1.6701,-1.2397
492.116,5,-39.4639,1.6688,-1.2409
492.139,5,-39.4533,1.6673,-1.2419
492.162,5,-39.4423,1.6654,-1.2426
492.184,5,-39.4302,1.6634,-1.2430
492.207,5,-39.4179,1.6612,-1.2435
492.230,5,-39.4053,1.6585,-1.2436
492.252,5,-39.3921,1.6560,-1.2435
492.274,5,-39.3784,1.6538,-1.2431
492.297,5,-39.3640,1.6520,-1.2426
492.320,5,-39.3494,1.6508,-1.2418
492.342,5,-39.3346,1.6503,-1.2409
492.367,5,-39.3185,1.6509,-1.2399
492.388,5,-39.3099,1.6521,-1.2391
492.412,5,-39.3011,1.6542,-1.2386
492.429,5,-39.2926,1.6559,-1.2380
492.443,5,-39.2848,1.6578,-1.2375
492.456,5,-39.2765,1.6597,-1.2369
492.469,5,-39.2608,1.6631,-1.2359
492.481,5,-39.2527,1.6654,-1.2354
492.496,5,-39.2445,1.6676,-1.2351
492.510,5,-39.2370,1.6693,-1.2349
492.523,5,-39.2220,1.6720,-1.2345
492.535,5,-39.2145,1.6728,-1.2344
492.550,5,-39.2070,1.6735,-1.2344
492.563,5,-39.1921,1.6756,-1.2344
492.575,5,-39.1697,1.6787,-1.2345
492.588,5,-39.1626,1.6792,-1.2349
492.607,5,-39.1486,1.6798,-1.2355
492.624,5,-39.1341,1.6805,-1.2363
492.646,5,-39.1201,1.6811,-1.2372
492.672,5,-39.1058,1.6811,-1.2385
492.689,5,-39.0915,1.6812,-1.2394
492.714,5,-39.0771,1.6807,-1.2407
492.732,5,-39.0626,1.6805,-1.2423
492.757,5,-39.0478,1.6797,-1.2442
492.779,5,-39.0331,1.6787,-1.2459
492.798,5,-39.0178,1.6777,-1.2476
492.822,5,-39.0019,1.6762,-1.2496
492.840,5,-38.9861,1.6741,-1.2515
492.866,5,-38.9695,1.6701,-1.2539
492.889,5,-38.9533,1.6664,-1.2560
492.907,5,-38.9367,1.6638,-1.2583
492.934,5,-38.9194,1.6626,-1.2610
492.958,5,-38.9015,1.6623,-1.2640
492.981,5,-38.8832,1.6628,-1.2671
493.004,5,-38.8641,1.6659,-1.2705
493.026,5,-38.8447,1.6705,-1.2740
493.049,5,-38.8249,1.6746,-1.2774
493.073,5,-38.8061,1.6773,-1.2801
493.095,5,-38.7883,1.6787,-1.2819
493.113,5,-38.7707,1.6797,-1.2836
493.139,5,-38.7524,1.6808,-1.2851
493.162,5,-38.7339,1.6830,-1.2867
493.187,5,-38.7161,1.6848,-1.2877
493.204,5,-38.6981,1.6871,-1.2890
493.230,5,-38.6801,1.6890,-1.2900
493.253,5,-38.6625,1.6898,-1.2910
493.274,5,-38.6535,1.6894,-1.2913
493.296,5,-38.6435,1.6893,-1.2918
493.315,5,-38.6337,1.6889,-1.2920
493.328,5,-38.6239,1.6887,-1.2923
493.340,5,-38.6142,1.6882,-1.2926
493.354,5,-38.6045,1.6875,-1.2928
493.366,5,-38.5944,1.6866,-1.2928
493.381,5,-38.5750,1.6849,-1.2931
493.394,5,-38.5652,1.6837,-1.2930
493.409,5,-38.5552,1.6817,-1.2928
493.423,5,-38.5169,1.6758,-1.2925
493.439,5,-38.4966,1.6714,-1.2919
493.464,5,-38.4760,1.6669,-1.2906
493.487,5,-38.4550,1.6641,-1.2892
493.511,5,-38.4338,1.6626,-1.2876
493.533,5,-38.4125,1.6618,-1.2862
493.555,5,-38.3911,1.6628,-1.2844
493.578,5,-38.3697,1.6663,-1.2825
493.600,5,-38.3485,1.6702,-1.2807
493.624,5,-38.3278,1.6737,-1.2793
493.648,5,-38.3076,1.6809,-1.2784
493.664,5,-38.2877,1.6845,-1.2775
493.691,5,-38.2687,1.6868,-1.2780
493.713,5,-38.2497,1.6890,-1.2786
493.735,5,-38.2304,1.6913,-1.2790
493.757,5,-38.2114,1.6933,-1.2795
493.781,5,-38.1928,1.6956,-1.2805
493.805,5,-38.1743,1.6975,-1.2817
493.826,5,-38.1559,1.6985,-1.2829
493.849,5,-38.1375,1.6989,-1.2839
493.871,5,-38.1191,1.6983,-1.2850
493.895,5,-38.1008,1.6971,-1.2862
493.916,5,-38.0817,1.6954,-1.2876
493.939,5,-38.0625,1.6928,-1.2892
493.962,5,-38.0432,1.6894,-1.2910
493.985,5,-38.0240,1.6853,-1.2930
494.009,5,-38.0046,1.6804,-1.2952
494.031,5,-37.9857,1.6757,-1.2976
494.053,5,-37.9663,1.6719,-1.3005
494.074,5,-37.9460,1.6697,-1.3037
494.098,5,-37.9247,1.6694,-1.3074
494.121,5,-37.9033,1.6725,-1.3113
494.144,5,-37.8816,1.6780,-1.3156
494.167,5,-37.8707,1.6820,-1.3180
494.189,5,-37.8601,1.6843,-1.3199
494.207,5,-37.8502,1.6854,-1.3214
494.220,5,-37.8402,1.6868,-1.3230
494.234,5,-37.8304,1.6883,-1.3243
494.248,5,-37.8104,1.6909,-1.3272
494.263,5,-37.8012,1.6922,-1.3284
494.277,5,-37.7916,1.6937,-1.3296
494.292,5,-37.7817,1.6953,-1.3309
494.307,5,-37.7616,1.6985,-1.3334
494.323,5,-37.7521,1.7001,-1.3342
494.339,5,-37.7228,1.7044,-1.3373
494.352,5,-37.7036,1.7066,-1.3391
494.370,5,-37.6843,1.7076,-1.3405
494.386,5,-37.6651,1.7080,-1.3420
494.410,5,-37.6453,1.7069,-1.3432
494.434,5,-37.6255,1.7051,-1.3440
494.456,5,-37.6058,1.7027,-1.3447
494.478,5,-37.5862,1.6997,-1.3453
494.500,5,-37.5665,1.6963,-1.3458
494.522,5,-37.5467,1.6920,-1.3462
494.545,5,-37.5268,1.6872,-1.3462
494.569,5,-37.5068,1.6832,-1.3460
494.590,5,-37.4868,1.6799,-1.3456
494.612,5,-37.4663,1.6780,-1.3448
494.635,5,-37.4454,1.6774,-1.3439
494.657,5,-37.4247,1.6776,-1.3427
494.681,5,-37.4037,1.6819,-1.3412
494.703,5,-37.3831,1.6854,-1.3396
494.720,5,-37.3629,1.6889,-1.3382
494.746,5,-37.3432,1.6948,-1.3374
494.768,5,-37.3235,1.6998,-1.3366
494.791,5,-37.3041,1.7027,-1.3362
494.814,5,-37.2852,1.7047,-1.3364
494.836,5,-37.2662,1.7076,-1.3366
494.859,5,-37.2472,1.7099,-1.3370
494.882,5,-37.2287,1.7120,-1.3374
494.904,5,-37.2107,1.7145,-1.3376
494.927,5,-37.1926,1.7162,-1.3380
494.949,5,-37.1742,1.7172,-1.3384
494.972,5,-37.1558,1.7176,-1.3389
494.995,5,-37.1374,1.7171,-1.3393
495.018,5,-37.1186,1.7158,-1.3399
495.041,5,-37.0999,1.7138,-1.3406
495.061,5,-37.0899,1.7117,-1.3412
495.085,5,-37.0795,1.7096,-1.3417
495.103,5,-37.0697,1.7076,-1.3422
495.119,5,-37.0596,1.7054,-1.3428
495.132,5,-37.0502,1.7034,-1.3435
495.144,5,-37.0404,1.7016,-1.3441
495.159,5,-37.0208,1.6983,-1.3454
495.172,5,-37.0107,1.6966,-1.3462
495.184,5,-37.0011,1.6952,-1.3471
495.197,5,-36.9908,1.6941,-1.3480
495.210,5,-36.9708,1.6921,-1.3498
495.224,5,-36.9500,1.6909,-1.3520
495.237,5,-36.9299,1.6905,-1.3543
495.254,5,-36.9088,1.6918,-1.3572
495.277,5,-36.8872,1.6964,-1.3606
495.301,5,-36.8668,1.7002,-1.3633
495.324,5,-36.8466,1.7051,-1.3659
495.346,5,-36.8268,1.7082,-1.3679
495.368,5,-36.8078,1.7095,-1.3693
495.391,5,-36.7892,1.7108,-1.3705
495.414,5,-36.7705,1.7129,-1.3717
495.437,5,-36.7517,1.7149,-1.3729
495.462,5,-36.7329,1.7177,-1.3736
495.484,5,-36.7144,1.7206,-1.3740
495.503,5,-36.6962,1.7224,-1.3745
495.528,5,-36.6780,1.7225,-1.3749
495.550,5,-36.6597,1.7219,-1.3752
495.573,5,-36.6409,1.7213,-1.3753
495.598,5,-36.6219,1.7193,-1.3753
495.619,5,-36.6031,1.7170,-1.3752
495.641,5,-36.5844,1.7134,-1.3747
495.663,5,-36.5658,1.7089,-1.3739
495.686,5,-36.5473,1.7042,-1.3729
495.708,5,-36.5289,1.6997,-1.3720
495.748,5,-36.5093,1.6986,-1.3709
495.765,5,-36.4902,1.6971,-1.3698
495.780,5,-36.4805,1.6970,-1.3691
495.793,5,-36.4709,1.6971,-1.3684
495.807,5,-36.4613,1.6979,-1.3677
495.819,5,-36.4420,1.6992,-1.3663
495.833,5,-36.4323,1.7009,-1.3656
495.845,5,-36.4231,1.7025,-1.3650
495.859,5,-36.4044,1.7052,-1.3636
495.872,5,-36.3950,1.7074,-1.3630
495.885,5,-36.3859,1.7094,-1.3625
495.900,5,-36.3770,1.7110,-1.3620
495.916,5,-36.3590,1.7134,-1.3611
495.928,5,-36.3504,1.7143,-1.3608
495.940,5,-36.3416,1.7151,-1.3608
495.954,5,-36.3330,1.7162,-1.3609
495.967,5,-36.3243,1.7176,-1.3610
495.981,5,-36.3156,1.7191,-1.3612
495.994,5,-36.2983,1.7215,-1.3614
496.008,5,-36.2899,1.7226,-1.3618
496.021,5,-36.2814,1.7239,-1.3621
496.033,5,-36.2730,1.7254,-1.3626
496.045,5,-36.2648,1.7267,-1.3630
496.060,5,-36.2567,1.7276,-1.3635
496.075,5,-36.2485,1.7283,-1.3641
496.089,5,-36.2319,1.7299,-1.3651
496.100,5,-36.2237,1.7305,-1.3656
496.115,5,-36.2155,1.7307,-1.3664
496.128,5,-36.1993,1.7314,-1.3679
496.143,5,-36.1911,1.7311,-1.3688
496.155,5,-36.1827,1.7306,-1.3698
496.168,5,-36.1748,1.7300,-1.3709
496.181,5,-36.1669,1.7293,-1.3719
496.193,5,-36.1420,1.7282,-1.3747
496.207,5,-36.1336,1.7268,-1.3760
496.224,5,-36.1174,1.7242,-1.3784
496.241,5,-36.1015,1.7202,-1.3809
496.263,5,-36.0849,1.7159,-1.3838
496.287,5,-36.0679,1.7125,-1.3869
496.310,5,-36.0508,1.7100,-1.3905
496.332,5,-36.0333,1.7084,-1.3943
496.351,5,-36.0156,1.7077,-1.3983
496.377,5,-35.9980,1.7073,-1.4028
496.399,5,-35.9808,1.7096,-1.4072
496.422,5,-35.9639,1.7119,-1.4118
496.444,5,-35.9473,1.7141,-1.4162
496.466,5,-35.9310,1.7181,-1.4206
496.484,5,-35.9146,1.7217,-1.4245
496.510,5,-35.8988,1.7241,-1.4281
496.533,5,-35.8836,1.7253,-1.4312
496.557,5,-35.8681,1.7270,-1.4341
496.578,5,-35.8526,1.7285,-1.4370
496.601,5,-35.8374,1.7300,-1.4397
496.624,5,-35.8221,1.7322,-1.4423
496.647,5,-35.8079,1.7340,-1.4444
496.665,5,-35.7934,1.7348,-1.4467
496.693,5,-35.7794,1.7350,-1.4488
496.713,5,-35.7651,1.7353,-1.4508
496.738,5,-35.7508,1.7351,-1.4528
496.761,5,-35.7365,1.7344,-1.4547
496.780,5,-35.7223,1.7333,-1.4564
496.807,5,-35.7085,1.7309,-1.4579
496.829,5,-35.6951,1.7288,-1.4593
496.848,5,-35.6818,1.7265,-1.4606
496.874,5,-35.6686,1.7236,-1.4617
496.896,5,-35.6617,1.7222,-1.4620
496.921,5,-35.6549,1.7215,-1.4623
496.935,5,-35.6481,1.7211,-1.4625
496.948,5,-35.6417,1.7208,-1.4628
496.963,5,-35.6353,1.7205,-1.4632
496.975,5,-35.6288,1.7206,-1.4634
496.991,5,-35.6160,1.7209,-1.4639
497.004,5,-35.6095,1.7213,-1.4641
497.021,5,-35.6035,1.7224,-1.4641
497.036,5,-35.5972,1.7242,-1.4641
497.050,5,-35.5783,1.7270,-1.4643
497.062,5,-35.5727,1.7274,-1.4644
497.076,5,-35.5670,1.7277,-1.4643
497.090,5,-35.5563,1.7285,-1.4645
497.102,5,-35.5459,1.7292,-1.4649
497.122,5,-35.5363,1.7297,-1.4654
497.140,5,-35.5267,1.7298,-1.4660
497.160,5,-35.5173,1.7301,-1.4668
497.177,5,-35.5075,1.7311,-1.4674
497.202,5,-35.4985,1.7325,-1.4684
497.227,5,-35.4902,1.7335,-1.4697
497.246,5,-35.4821,1.7347,-1.4706
497.273,5,-35.4750,1.7364,-1.4717
497.291,5,-35.4674,1.7376,-1.4729
497.318,5,-35.4601,1.7390,-1.4741
497.338,5,-35.4529,1.7404,-1.4753
497.363,5,-35.4460,1.7413,-1.4768
497.387,5,-35.4393,1.7421,-1.4780
497.405,5,-35.4325,1.7429,-1.4795
497.433,5,-35.4261,1.7432,-1.4812
497.452,5,-35.4194,1.7445,-1.4829
497.477,5,-35.4127,1.7450,-1.4848
497.496,5,-35.4064,1.7437,-1.4865
497.522,5,-35.4005,1.7428,-1.4884
497.545,5,-35.3952,1.7423,-1.4903
497.568,5,-35.3900,1.7418,-1.4921
497.591,5,-35.3852,1.7420,-1.4936
497.614,5,-35.3806,1.7415,-1.4950
497.638,5,-35.3762,1.7410,-1.4963
497.660,5,-35.3718,1.7407,-1.4973
497.678,5,-35.3675,1.7412,-1.4981
497.706,5,-35.3636,1.7420,-1.4986
497.723,5,-35.3597,1.7423,-1.4995
497.749,5,-35.3560,1.7430,-1.4998
497.767,5,-35.3524,1.7437,-1.5000
497.795,5,-35.3509,1.7440,-1.4998
497.813,5,-35.3493,1.7443,-1.4996
497.833,5,-35.3478,1.7446,-1.4994
497.846,5,-35.3462,1.7451,-1.4992
497.859,5,-35.3446,1.7457,-1.4989
497.872,5,-35.3430,1.7462,-1.4987
497.892,5,-35.3400,1.7464,-1.4985
497.903,5,-35.3387,1.7465,-1.4985
497.922,5,-35.3360,1.7470,-1.4982
497.934,5,-35.3348,1.7471,-1.4979
497.953,5,-35.3312,1.7469,-1.4973
497.966,5,-35.3290,1.7467,-1.4969
497.989,5,-35.3260,1.7472,-1.4965
498.001,5,-35.3252,1.7474,-1.4963
498.021,5,-35.3237,1.7477,-1.4961
498.045,5,-35.3220,1.7484,-1.4955
498.064,5,-35.3203,1.7490,-1.4947
498.089,5,-35.3185,1.7492,-1.4937
498.108,5,-35.3166,1.7492,-1.4936
498.133,5,-35.3144,1.7491,-1.4928
498.151,5,-35.3125,1.7490,-1.4920
498.175,5,-35.3107,1.7487,-1.4914
498.195,5,-35.3091,1.7483,-1.4907
498.219,5,-35.3075,1.7479,-1.4903
498.239,5,-35.3060,1.7478,-1.4901
498.263,5,-35.3046,1.7476,-1.4899
498.286,5,-35.3033,1.7477,-1.4896
498.306,5,-35.3020,1.7474,-1.4895

# --- Trial 6 start ---
507.203,6,-39.5759,1.6885,-1.0955
507.317,6,-39.5801,1.6874,-1.0933
507.345,6,-39.5815,1.6876,-1.0935
507.362,6,-39.5830,1.6880,-1.0938
507.376,6,-39.5835,1.6882,-1.0941
507.389,6,-39.5844,1.6886,-1.0947
507.402,6,-39.5852,1.6890,-1.0954
507.415,6,-39.5859,1.6895,-1.0961
507.436,6,-39.5863,1.6899,-1.0972
507.460,6,-39.5866,1.6902,-1.0983
507.478,6,-39.5867,1.6903,-1.0995
507.494,6,-39.5866,1.6902,-1.1007
507.517,6,-39.5863,1.6898,-1.1021
507.539,6,-39.5860,1.6895,-1.1035
507.561,6,-39.5853,1.6894,-1.1050
507.583,6,-39.5841,1.6898,-1.1067
507.605,6,-39.5827,1.6904,-1.1085
507.627,6,-39.5814,1.6908,-1.1102
507.650,6,-39.5797,1.6911,-1.1122
507.671,6,-39.5780,1.6909,-1.1142
507.694,6,-39.5758,1.6896,-1.1166
507.717,6,-39.5734,1.6868,-1.1191
507.739,6,-39.5711,1.6823,-1.1211
507.757,6,-39.5690,1.6806,-1.1229
507.783,6,-39.5638,1.6945,-1.1253
507.804,6,-39.5598,1.6976,-1.1272
507.826,6,-39.5568,1.6916,-1.1300
507.849,6,-39.5533,1.6844,-1.1335
507.873,6,-39.5495,1.6844,-1.1378
507.895,6,-39.5460,1.6850,-1.1413
507.918,6,-39.5423,1.6833,-1.1446
507.941,6,-39.5388,1.6819,-1.1484
507.964,6,-39.5352,1.6822,-1.1531
507.988,6,-39.5318,1.6822,-1.1576
508.010,6,-39.5289,1.6813,-1.1611
508.033,6,-39.5255,1.6815,-1.1648
508.055,6,-39.5213,1.6818,-1.1684
508.078,6,-39.5168,1.6809,-1.1719
508.101,6,-39.5119,1.6803,-1.1754
508.123,6,-39.5093,1.6803,-1.1770
508.145,6,-39.5067,1.6797,-1.1784
508.163,6,-39.5041,1.6792,-1.1799
508.176,6,-39.5013,1.6789,-1.1818
508.188,6,-39.4985,1.6787,-1.1835
508.202,6,-39.4957,1.6785,-1.1852
508.216,6,-39.4926,1.6783,-1.1869
508.229,6,-39.4834,1.6775,-1.1921
508.246,6,-39.4796,1.6771,-1.1937
508.259,6,-39.4760,1.6766,-1.1952
508.272,6,-39.4720,1.6764,-1.1968
508.285,6,-39.4682,1.6759,-1.1983
508.299,6,-39.4644,1.6752,-1.1995
508.313,6,-39.4568,1.6739,-1.2022
508.327,6,-39.4524,1.6731,-1.2035
508.341,6,-39.4478,1.6724,-1.2049
508.355,6,-39.4307,1.6697,-1.2102
508.372,6,-39.4214,1.6681,-1.2126
508.395,6,-39.4113,1.6660,-1.2145
508.412,6,-39.4010,1.6640,-1.2165
508.439,6,-39.3893,1.6620,-1.2181
508.461,6,-39.3778,1.6600,-1.2195
508.483,6,-39.3658,1.6581,-1.2207
508.506,6,-39.3530,1.6563,-1.2218
508.524,6,-39.3397,1.6547,-1.2230
508.551,6,-39.3256,1.6530,-1.2236
508.568,6,-39.3117,1.6515,-1.2244
508.595,6,-39.2969,1.6500,-1.2250
508.613,6,-39.2828,1.6482,-1.2253
508.639,6,-39.2679,1.6481,-1.2252
508.664,6,-39.2527,1.6507,-1.2251
508.682,6,-39.2369,1.6542,-1.2252
508.707,6,-39.2211,1.6591,-1.2253
508.731,6,-39.2066,1.6630,-1.2258
508.749,6,-39.1923,1.6664,-1.2264
508.775,6,-39.1791,1.6682,-1.2272
508.794,6,-39.1659,1.6696,-1.2281
508.821,6,-39.1523,1.6721,-1.2295
508.841,6,-39.1387,1.6744,-1.2305
508.867,6,-39.1253,1.6759,-1.2312
508.885,6,-39.1122,1.6774,-1.2322
508.911,6,-39.0992,1.6786,-1.2332
508.929,6,-39.0862,1.6795,-1.2342
508.955,6,-39.0729,1.6798,-1.2352
508.979,6,-39.0599,1.6799,-1.2365
508.997,6,-39.0465,1.6797,-1.2378
509.022,6,-39.0328,1.6786,-1.2394
509.040,6,-39.0187,1.6778,-1.2411
509.066,6,-39.0038,1.6767,-1.2432
509.084,6,-38.9960,1.6756,-1.2445
509.112,6,-38.9884,1.6740,-1.2457
509.127,6,-38.9807,1.6728,-1.2470
509.143,6,-38.9729,1.6716,-1.2483
509.159,6,-38.9651,1.6702,-1.2496
509.175,6,-38.9499,1.6677,-1.2522
509.190,6,-38.9420,1.6666,-1.2537
509.206,6,-38.9261,1.6647,-1.2565
509.223,6,-38.9176,1.6641,-1.2582
509.243,6,-38.8766,1.6609,-1.2660
509.260,6,-38.8599,1.6616,-1.2694
509.284,6,-38.8426,1.6652,-1.2733
509.302,6,-38.8250,1.6680,-1.2771
509.326,6,-38.8067,1.6724,-1.2810
509.343,6,-38.7893,1.6760,-1.2844
509.369,6,-38.7725,1.6789,-1.2872
509.392,6,-38.7558,1.6808,-1.2899
509.416,6,-38.7394,1.6826,-1.2922
509.437,6,-38.7222,1.6851,-1.2945
509.459,6,-38.7048,1.6875,-1.2967
509.482,6,-38.6875,1.6904,-1.2985
509.504,6,-38.6705,1.6928,-1.3000
509.526,6,-38.6537,1.6935,-1.3014
509.548,6,-38.6367,1.6933,-1.3027
509.570,6,-38.6196,1.6927,-1.3035
509.593,6,-38.6018,1.6918,-1.3042
509.615,6,-38.5839,1.6901,-1.3048
509.638,6,-38.5660,1.6879,-1.3052
509.661,6,-38.5482,1.6848,-1.3053
509.683,6,-38.5305,1.6808,-1.3053
509.706,6,-38.5126,1.6764,-1.3051
509.728,6,-38.4944,1.6727,-1.3047
509.751,6,-38.4759,1.6692,-1.3040
509.773,6,-38.4571,1.6665,-1.3031
509.796,6,-38.4379,1.6650,-1.3016
509.819,6,-38.4186,1.6640,-1.2998
509.842,6,-38.3990,1.6652,-1.2981
509.865,6,-38.3786,1.6689,-1.2961
509.888,6,-38.3591,1.6720,-1.2940
509.911,6,-38.3397,1.6769,-1.2924
509.934,6,-38.3207,1.6817,-1.2908
509.955,6,-38.3010,1.6858,-1.2896
509.979,6,-38.2912,1.6871,-1.2894
510.001,6,-38.2813,1.6881,-1.2894
510.020,6,-38.2717,1.6894,-1.2894
510.035,6,-38.2621,1.6907,-1.2892
510.051,6,-38.2428,1.6932,-1.2886
510.064,6,-38.2331,1.6945,-1.2885
510.079,6,-38.2235,1.6959,-1.2884
510.092,6,-38.2138,1.6970,-1.2882
510.107,6,-38.2039,1.6979,-1.2882
510.122,6,-38.1856,1.6995,-1.2880
510.136,6,-38.1761,1.6998,-1.2880
510.150,6,-38.1663,1.6999,-1.2880
510.164,6,-38.1295,1.7012,-1.2879
510.179,6,-38.1104,1.7006,-1.2882
510.202,6,-38.0908,1.6986,-1.2887
510.226,6,-38.0715,1.6959,-1.2895
510.248,6,-38.0521,1.6931,-1.2904
510.270,6,-38.0326,1.6894,-1.2915
510.294,6,-38.0132,1.6847,-1.2928
510.315,6,-37.9934,1.6811,-1.2942
510.340,6,-37.9732,1.6775,-1.2961
510.357,6,-37.9529,1.6746,-1.2980
510.383,6,-37.9322,1.6736,-1.3000
510.405,6,-37.9117,1.6740,-1.3021
510.427,6,-37.8913,1.6754,-1.3048
510.449,6,-37.8702,1.6804,-1.3078
510.471,6,-37.8495,1.6851,-1.3106
510.495,6,-37.8292,1.6909,-1.3132
510.513,6,-37.8093,1.6941,-1.3153
510.538,6,-37.7907,1.6949,-1.3167
510.561,6,-37.7726,1.6963,-1.3180
510.584,6,-37.7543,1.6984,-1.3192
510.606,6,-37.7357,1.7003,-1.3206
510.630,6,-37.7169,1.7029,-1.3220
510.652,6,-37.6985,1.7058,-1.3230
510.675,6,-37.6803,1.7074,-1.3239
510.698,6,-37.6620,1.7080,-1.3249
510.722,6,-37.6436,1.7077,-1.3258
510.743,6,-37.6250,1.7070,-1.3265
510.766,6,-37.6058,1.7051,-1.3270
510.789,6,-37.5866,1.7024,-1.3271
510.813,6,-37.5673,1.6991,-1.3271
510.834,6,-37.5479,1.6951,-1.3269
510.858,6,-37.5280,1.6903,-1.3264
510.883,6,-37.5083,1.6860,-1.3261
510.900,6,-37.4977,1.6846,-1.3259
510.926,6,-37.4873,1.6838,-1.3256
510.944,6,-37.4775,1.6830,-1.3253
510.958,6,-37.4679,1.6827,-1.3249
510.971,6,-37.4578,1.6831,-1.3246
510.987,6,-37.4284,1.6849,-1.3235
511.003,6,-37.4188,1.6880,-1.3228
511.018,6,-37.4099,1.6901,-1.3222
511.031,6,-37.4012,1.6919,-1.3217
511.046,6,-37.3922,1.6940,-1.3212
511.059,6,-37.3833,1.6958,-1.3208
511.074,6,-37.3651,1.6987,-1.3200
511.087,6,-37.3561,1.6999,-1.3196
511.101,6,-37.3473,1.7013,-1.3194
511.116,6,-37.3292,1.7045,-1.3190
511.129,6,-37.3120,1.7075,-1.3184
511.145,6,-37.2947,1.7104,-1.3178
511.161,6,-37.2772,1.7133,-1.3174
511.178,6,-37.2605,1.7160,-1.3172
511.201,6,-37.2441,1.7182,-1.3168
511.225,6,-37.2281,1.7193,-1.3168
511.248,6,-37.2119,1.7197,-1.3164
511.271,6,-37.1956,1.7199,-1.3161
511.288,6,-37.1793,1.7198,-1.3160
511.315,6,-37.1628,1.7182,-1.3162
511.337,6,-37.1462,1.7164,-1.3166
511.356,6,-37.1297,1.7146,-1.3170
511.381,6,-37.1134,1.7108,-1.3181
511.400,6,-37.0971,1.7074,-1.3190
511.426,6,-37.0805,1.7047,-1.3208
511.448,6,-37.0636,1.7023,-1.3227
511.466,6,-37.0462,1.6997,-1.3251
511.492,6,-37.0284,1.6990,-1.3281
511.511,6,-37.0105,1.6989,-1.3310
511.537,6,-36.9919,1.6994,-1.3350
511.559,6,-36.9735,1.7019,-1.3390
511.582,6,-36.9555,1.7044,-1.3430
511.604,6,-36.9380,1.7068,-1.3467
511.628,6,-36.9203,1.7096,-1.3505
511.651,6,-36.9032,1.7117,-1.3543
511.673,6,-36.8865,1.7116,-1.3574
511.696,6,-36.8705,1.7116,-1.3601
511.720,6,-36.8547,1.7131,-1.3625
511.741,6,-36.8387,1.7147,-1.3649
511.764,6,-36.8226,1.7166,-1.3672
511.786,6,-36.8062,1.7198,-1.3693
511.810,6,-36.7898,1.7229,-1.3711
511.832,6,-36.7734,1.7245,-1.3729
511.853,6,-36.7564,1.7250,-1.3747
511.877,6,-36.7472,1.7240,-1.3753
511.899,6,-36.7383,1.7228,-1.3760
511.917,6,-36.7296,1.7219,-1.3766
511.930,6,-36.7212,1.7211,-1.3773
511.942,6,-36.7123,1.7200,-1.3780
511.955,6,-36.7039,1.7188,-1.3786
511.969,6,-36.6948,1.7172,-1.3793
511.984,6,-36.6776,1.7144,-1.3805
511.997,6,-36.6689,1.7124,-1.3809
512.010,6,-36.6605,1.7105,-1.3813
512.024,6,-36.6517,1.7085,-1.3818
512.038,6,-36.6344,1.7051,-1.3826
512.052,6,-36.6165,1.7021,-1.3834
512.065,6,-36.5992,1.7001,-1.3840
512.082,6,-36.5807,1.6992,-1.3845
512.098,6,-36.5623,1.6983,-1.3849
512.123,6,-36.5440,1.6990,-1.3848
512.146,6,-36.5259,1.7017,-1.3849
512.169,6,-36.5081,1.7043,-1.3846
512.191,6,-36.4910,1.7074,-1.3849
512.214,6,-36.4741,1.7113,-1.3855
512.237,6,-36.4578,1.7170,-1.3865
512.260,6,-36.4414,1.7194,-1.3877
512.277,6,-36.4252,1.7212,-1.3891
512.303,6,-36.4097,1.7224,-1.3911
512.321,6,-36.3940,1.7243,-1.3930
512.347,6,-36.3783,1.7260,-1.3953
512.371,6,-36.3629,1.7284,-1.3974
512.394,6,-36.3475,1.7308,-1.3997
512.412,6,-36.3322,1.7324,-1.4018
512.438,6,-36.3171,1.7332,-1.4040
512.461,6,-36.3019,1.7337,-1.4062
512.479,6,-36.2865,1.7339,-1.4085
512.506,6,-36.2713,1.7326,-1.4113
512.526,6,-36.2561,1.7313,-1.4141
512.552,6,-36.2411,1.7290,-1.4170
512.570,6,-36.2261,1.7266,-1.4199
512.597,6,-36.2109,1.7229,-1.4233
512.619,6,-36.1961,1.7187,-1.4266
512.642,6,-36.1809,1.7157,-1.4301
512.665,6,-36.1655,1.7138,-1.4338
512.687,6,-36.1499,1.7126,-1.4378
512.709,6,-36.1343,1.7124,-1.4423
512.732,6,-36.1188,1.7138,-1.4468
512.754,6,-36.1035,1.7165,-1.4514
512.777,6,-36.0959,1.7195,-1.4540
512.798,6,-36.0884,1.7216,-1.4562
512.815,6,-36.0809,1.7230,-1.4581
512.827,6,-36.0739,1.7238,-1.4600
512.840,6,-36.0668,1.7241,-1.4615
512.853,6,-36.0598,1.7242,-1.4630
512.866,6,-36.0528,1.7240,-1.4647
512.881,6,-36.0390,1.7240,-1.4681
512.899,6,-36.0318,1.7244,-1.4697
512.912,6,-36.0253,1.7249,-1.4711
512.927,6,-36.0119,1.7257,-1.4741
512.939,6,-36.0057,1.7261,-1.4753
512.952,6,-35.9929,1.7270,-1.4779
512.966,6,-35.9804,1.7280,-1.4804
512.983,6,-35.9618,1.7297,-1.4839
513.005,6,-35.9504,1.7306,-1.4859
513.022,6,-35.9383,1.7311,-1.4881
513.048,6,-35.9269,1.7316,-1.4898
513.070,6,-35.9154,1.7321,-1.4914
513.093,6,-35.9040,1.7323,-1.4927
513.115,6,-35.8924,1.7319,-1.4937
513.131,6,-35.8807,1.7312,-1.4949
513.158,6,-35.8693,1.7296,-1.4955
513.181,6,-35.8580,1.7282,-1.4960
513.198,6,-35.8466,1.7271,-1.4963
513.224,6,-35.8353,1.7259,-1.4962
513.248,6,-35.8237,1.7249,-1.4959
513.265,6,-35.8119,1.7243,-1.4956
513.291,6,-35.8000,1.7243,-1.4949
513.310,6,-35.7887,1.7241,-1.4941
513.337,6,-35.7777,1.7240,-1.4929
513.360,6,-35.7666,1.7246,-1.4919
513.382,6,-35.7556,1.7251,-1.4908
513.405,6,-35.7448,1.7276,-1.4899
513.428,6,-35.7341,1.7314,-1.4889
513.451,6,-35.7242,1.7325,-1.4878
513.473,6,-35.7144,1.7336,-1.4869
513.496,6,-35.7049,1.7342,-1.4862
513.519,6,-35.6955,1.7343,-1.4858
513.542,6,-35.6861,1.7343,-1.4854
513.565,6,-35.6765,1.7346,-1.4851
513.588,6,-35.6672,1.7351,-1.4850
513.606,6,-35.6580,1.7355,-1.4850
513.632,6,-35.6490,1.7363,-1.4852
513.651,6,-35.6400,1.7375,-1.4853
513.679,6,-35.6308,1.7388,-1.4859
513.702,6,-35.6262,1.7394,-1.4863
513.721,6,-35.6216,1.7399,-1.4865
513.741,6,-35.6169,1.7402,-1.4867
513.754,6,-35.6122,1.7403,-1.4870
513.772,6,-35.6029,1.7407,-1.4875
513.784,6,-35.5981,1.7406,-1.4878
513.797,6,-35.5933,1.7405,-1.4880
513.815,6,-35.5884,1.7404,-1.4883
513.829,6,-35.5790,1.7401,-1.4888
513.844,6,-35.5742,1.7398,-1.4892
513.857,6,-35.5693,1.7394,-1.4896
513.872,6,-35.5554,1.7387,-1.4907
513.883,6,-35.5463,1.7380,-1.4915
513.903,6,-35.5368,1.7370,-1.4923
513.923,6,-35.5275,1.7356,-1.4934
513.940,6,-35.5179,1.7341,-1.4946
513.963,6,-35.5079,1.7333,-1.4961
513.988,6,-35.4981,1.7327,-1.4978
514.007,6,-35.4885,1.7325,-1.4993
514.033,6,-35.4789,1.7341,-1.5011
514.051,6,-35.4693,1.7341,-1.5026
514.078,6,-35.4597,1.7335,-1.5040
514.097,6,-35.4507,1.7349,-1.5049
514.123,6,-35.4427,1.7372,-1.5053
514.142,6,-35.4350,1.7378,-1.5061
514.169,6,-35.4280,1.7379,-1.5063
514.191,6,-35.4209,1.7379,-1.5068
514.209,6,-35.4137,1.7379,-1.5068
514.236,6,-35.4069,1.7382,-1.5069
514.260,6,-35.4001,1.7389,-1.5067
514.278,6,-35.3935,1.7397,-1.5064
514.306,6,-35.3875,1.7410,-1.5059
514.323,6,-35.3815,1.7422,-1.5054
514.350,6,-35.3761,1.7431,-1.5046
514.372,6,-35.3707,1.7441,-1.5041
514.395,6,-35.3654,1.7449,-1.5032
514.414,6,-35.3601,1.7453,-1.5021
514.441,6,-35.3555,1.7448,-1.5004
514.460,6,-35.3507,1.7446,-1.4991
514.485,6,-35.3462,1.7444,-1.4974
514.508,6,-35.3419,1.7441,-1.4956
514.527,6,-35.3375,1.7448,-1.4936
514.553,6,-35.3333,1.7444,-1.4911
514.573,6,-35.3292,1.7436,-1.4887
514.599,6,-35.3274,1.7439,-1.4872
514.618,6,-35.3254,1.7441,-1.4859
514.639,6,-35.3235,1.7443,-1.4846
514.651,6,-35.3214,1.7447,-1.4835
514.664,6,-35.3194,1.7451,-1.4821
514.684,6,-35.3154,1.7458,-1.4799
514.696,6,-35.3135,1.7460,-1.4789
514.710,6,-35.3117,1.7460,-1.4780
514.728,6,-35.3084,1.7457,-1.4759
514.741,6,-35.3067,1.7457,-1.4751
514.760,6,-35.3053,1.7454,-1.4746
514.772,6,-35.3005,1.7451,-1.4721
514.792,6,-35.2982,1.7447,-1.4717
514.809,6,-35.2944,1.7446,-1.4706
514.822,6,-35.2933,1.7448,-1.4705
514.848,6,-35.2918,1.7450,-1.4708
514.867,6,-35.2901,1.7453,-1.4708
514.888,6,-35.2886,1.7460,-1.4712
514.912,6,-35.2872,1.7465,-1.4716
514.933,6,-35.2859,1.7466,-1.4729
514.955,6,-35.2843,1.7470,-1.4736
514.978,6,-35.2828,1.7480,-1.4749
515.000,6,-35.2816,1.7476,-1.4759
515.023,6,-35.2806,1.7469,-1.4769
515.045,6,-35.2798,1.7469,-1.4783
515.067,6,-35.2787,1.7481,-1.4794
515.090,6,-35.2776,1.7491,-1.4806
515.112,6,-35.2769,1.7493,-1.4822
515.133,6,-35.2760,1.7495,-1.4833
515.156,6,-35.2753,1.7498,-1.4850
515.178,6,-35.2750,1.7497,-1.4867
515.201,6,-35.2748,1.7493,-1.4880
515.224,6,-35.2748,1.7491,-1.4903
515.247,6,-35.2746,1.7492,-1.4923
515.270,6,-35.2742,1.7490,-1.4936
515.294,6,-35.2737,1.7488,-1.4950
515.315,6,-35.2734,1.7486,-1.4969
515.339,6,-35.2732,1.7484,-1.4986

# --- Trial 7 start ---
524.930,7,-39.6146,1.6879,-1.2516
525.045,7,-39.6150,1.6897,-1.2507
525.070,7,-39.6147,1.6907,-1.2506
525.088,7,-39.6141,1.6914,-1.2507
525.110,7,-39.6137,1.6916,-1.2509
525.125,7,-39.6127,1.6921,-1.2512
525.138,7,-39.6120,1.6920,-1.2514
525.156,7,-39.6110,1.6917,-1.2518
525.173,7,-39.6101,1.6912,-1.2523
525.197,7,-39.6090,1.6905,-1.2528
525.219,7,-39.6079,1.6897,-1.2532
525.242,7,-39.6066,1.6890,-1.2538
525.265,7,-39.6053,1.6887,-1.2546
525.289,7,-39.6041,1.6889,-1.2555
525.309,7,-39.6031,1.6889,-1.2566
525.332,7,-39.6020,1.6887,-1.2577
525.354,7,-39.6009,1.6877,-1.2590
525.371,7,-39.6001,1.6856,-1.2603
525.398,7,-39.5997,1.6812,-1.2620
525.420,7,-39.5972,1.6861,-1.2640
525.443,7,-39.5942,1.6952,-1.2664
525.464,7,-39.5919,1.6946,-1.2683
525.485,7,-39.5910,1.6895,-1.2706
525.509,7,-39.5888,1.6863,-1.2733
525.532,7,-39.5865,1.6867,-1.2768
525.555,7,-39.5843,1.6859,-1.2800
525.578,7,-39.5822,1.6849,-1.2827
525.601,7,-39.5799,1.6853,-1.2855
525.624,7,-39.5772,1.6862,-1.2885
525.647,7,-39.5741,1.6865,-1.2918
525.668,7,-39.5709,1.6870,-1.2947
525.691,7,-39.5672,1.6871,-1.2973
525.714,7,-39.5629,1.6868,-1.3000
525.736,7,-39.5585,1.6854,-1.3022
525.759,7,-39.5539,1.6832,-1.3045
525.782,7,-39.5489,1.6808,-1.3064
525.804,7,-39.5434,1.6796,-1.3082
525.828,7,-39.5366,1.6794,-1.3100
525.852,7,-39.5324,1.6796,-1.3107
525.875,7,-39.5286,1.6794,-1.3110
525.894,7,-39.5248,1.6791,-1.3115
525.907,7,-39.5212,1.6789,-1.3121
525.921,7,-39.5139,1.6783,-1.3133
525.933,7,-39.5098,1.6779,-1.3137
525.948,7,-39.5054,1.6775,-1.3141
525.960,7,-39.5015,1.6768,-1.3143
525.974,7,-39.4934,1.6759,-1.3150
525.993,7,-39.4886,1.6755,-1.3151
526.006,7,-39.4842,1.6751,-1.3152
526.020,7,-39.4707,1.6734,-1.3156
526.033,7,-39.4611,1.6721,-1.3156
526.053,7,-39.4463,1.6698,-1.3153
526.067,7,-39.4409,1.6688,-1.3148
526.091,7,-39.4302,1.6670,-1.3140
526.108,7,-39.4200,1.6651,-1.3132
526.133,7,-39.4097,1.6627,-1.3119
526.150,7,-39.3993,1.6610,-1.3107
526.176,7,-39.3882,1.6606,-1.3090
526.194,7,-39.3773,1.6600,-1.3074
526.220,7,-39.3659,1.6616,-1.3054
526.242,7,-39.3537,1.6648,-1.3036
526.265,7,-39.3410,1.6682,-1.3014
526.283,7,-39.3287,1.6717,-1.2993
526.308,7,-39.3162,1.6760,-1.2974
526.330,7,-39.3041,1.6793,-1.2959
526.350,7,-39.2918,1.6816,-1.2947
526.375,7,-39.2795,1.6830,-1.2938
526.397,7,-39.2673,1.6838,-1.2931
526.419,7,-39.2551,1.6842,-1.2928
526.438,7,-39.2426,1.6841,-1.2923
526.465,7,-39.2302,1.6833,-1.2922
526.482,7,-39.2176,1.6826,-1.2922
526.509,7,-39.2051,1.6824,-1.2924
526.531,7,-39.1925,1.6823,-1.2927
526.555,7,-39.1799,1.6825,-1.2931
526.578,7,-39.1670,1.6828,-1.2936
526.597,7,-39.1538,1.6830,-1.2941
526.623,7,-39.1405,1.6827,-1.2949
526.647,7,-39.1266,1.6821,-1.2960
526.669,7,-39.1129,1.6812,-1.2971
526.691,7,-39.0985,1.6797,-1.2983
526.713,7,-39.0836,1.6773,-1.2996
526.736,7,-39.0687,1.6739,-1.3011
526.758,7,-39.0606,1.6719,-1.3021
526.781,7,-39.0522,1.6699,-1.3033
526.797,7,-39.0438,1.6686,-1.3044
526.810,7,-39.0357,1.6676,-1.3055
526.825,7,-39.0273,1.6667,-1.3066
526.840,7,-39.0183,1.6660,-1.3078
526.856,7,-38.9932,1.6637,-1.3113
526.868,7,-38.9842,1.6636,-1.3126
526.883,7,-38.9750,1.6645,-1.3142
526.896,7,-38.9663,1.6660,-1.3156
526.909,7,-38.9490,1.6675,-1.3185
526.925,7,-38.9319,1.6695,-1.3214
526.939,7,-38.9147,1.6724,-1.3243
526.957,7,-38.8971,1.6762,-1.3270
526.972,7,-38.8801,1.6795,-1.3296
526.997,7,-38.8638,1.6820,-1.3317
527.018,7,-38.8477,1.6832,-1.3337
527.041,7,-38.8315,1.6840,-1.3353
527.066,7,-38.8151,1.6855,-1.3369
527.082,7,-38.7982,1.6872,-1.3383
527.107,7,-38.7810,1.6893,-1.3392
527.129,7,-38.7641,1.6910,-1.3402
527.151,7,-38.7472,1.6913,-1.3411
527.173,7,-38.7305,1.6903,-1.3419
527.195,7,-38.7131,1.6893,-1.3425
527.218,7,-38.6954,1.6883,-1.3429
527.240,7,-38.6770,1.6853,-1.3429
527.264,7,-38.6589,1.6821,-1.3429
527.282,7,-38.6408,1.6787,-1.3428
527.308,7,-38.6224,1.6741,-1.3422
527.330,7,-38.6039,1.6692,-1.3417
527.356,7,-38.5850,1.6650,-1.3410
527.373,7,-38.5662,1.6621,-1.3401
527.399,7,-38.5463,1.6606,-1.3387
527.422,7,-38.5267,1.6592,-1.3370
527.445,7,-38.5071,1.6592,-1.3352
527.468,7,-38.4870,1.6622,-1.3333
527.491,7,-38.4666,1.6666,-1.3313
527.509,7,-38.4466,1.6702,-1.3294
527.536,7,-38.4268,1.6760,-1.3280
527.559,7,-38.4070,1.6816,-1.3268
527.581,7,-38.3872,1.6855,-1.3261
527.603,7,-38.3678,1.6882,-1.3259
527.626,7,-38.3487,1.6904,-1.3261
527.648,7,-38.3384,1.6913,-1.3265
527.671,7,-38.3280,1.6923,-1.3267
527.689,7,-38.3182,1.6935,-1.3268
527.701,7,-38.3086,1.6945,-1.3268
527.714,7,-38.2987,1.6953,-1.3270
527.726,7,-38.2886,1.6959,-1.3272
527.739,7,-38.2685,1.6973,-1.3273
527.751,7,-38.2591,1.6976,-1.3275
527.764,7,-38.2494,1.6975,-1.3277
527.778,7,-38.2399,1.6973,-1.3280
527.794,7,-38.2310,1.6968,-1.3283
527.809,7,-38.2117,1.6960,-1.3288
527.821,7,-38.2019,1.6952,-1.3293
527.835,7,-38.1633,1.6928,-1.3307
527.851,7,-38.1437,1.6904,-1.3317
527.876,7,-38.1242,1.6866,-1.3332
527.893,7,-38.1045,1.6829,-1.3347
527.918,7,-38.0845,1.6781,-1.3365
527.936,7,-38.0642,1.6744,-1.3386
527.962,7,-38.0438,1.6713,-1.3410
527.983,7,-38.0232,1.6694,-1.3436
528.006,7,-38.0024,1.6688,-1.3465
528.028,7,-37.9815,1.6715,-1.3497
528.051,7,-37.9603,1.6775,-1.3532
528.073,7,-37.9391,1.6830,-1.3567
528.095,7,-37.9187,1.6879,-1.3596
528.118,7,-37.8996,1.6897,-1.3616
528.141,7,-37.8824,1.6894,-1.3627
528.164,7,-37.8653,1.6903,-1.3639
528.182,7,-37.8479,1.6925,-1.3654
528.209,7,-37.8305,1.6954,-1.3670
528.228,7,-37.8123,1.6986,-1.3684
528.255,7,-37.7946,1.7019,-1.3693
528.274,7,-37.7770,1.7037,-1.3704
528.299,7,-37.7595,1.7039,-1.3714
528.322,7,-37.7420,1.7033,-1.3723
528.340,7,-37.7238,1.7029,-1.3731
528.367,7,-37.7052,1.7010,-1.3737
528.386,7,-37.6867,1.6990,-1.3742
528.414,7,-37.6683,1.6955,-1.3744
528.432,7,-37.6499,1.6920,-1.3745
528.459,7,-37.6312,1.6871,-1.3743
528.483,7,-37.6122,1.6832,-1.3739
528.501,7,-37.5921,1.6802,-1.3733
528.526,7,-37.5715,1.6788,-1.3727
528.550,7,-37.5508,1.6780,-1.3715
528.569,7,-37.5397,1.6789,-1.3706
528.596,7,-37.5286,1.6820,-1.3696
528.610,7,-37.5183,1.6835,-1.3688
528.627,7,-37.5081,1.6851,-1.3680
528.640,7,-37.4979,1.6867,-1.3674
528.654,7,-37.4775,1.6900,-1.3663
528.666,7,-37.4679,1.6922,-1.3658
528.679,7,-37.4579,1.6939,-1.3654
528.693,7,-37.4489,1.6952,-1.3651
528.706,7,-37.4400,1.6962,-1.3649
528.721,7,-37.4217,1.6988,-1.3645
528.734,7,-37.4120,1.7004,-1.3646
528.748,7,-37.4023,1.7021,-1.3645
528.761,7,-37.3934,1.7034,-1.3645
528.774,7,-37.3753,1.7060,-1.3644
528.789,7,-37.3668,1.7070,-1.3646
528.801,7,-37.3574,1.7084,-1.3647
528.815,7,-37.3397,1.7106,-1.3649
528.829,7,-37.3135,1.7137,-1.3654
528.842,7,-37.3053,1.7140,-1.3657
528.860,7,-37.2879,1.7146,-1.3663
528.876,7,-37.2708,1.7147,-1.3668
528.901,7,-37.2537,1.7140,-1.3675
528.921,7,-37.2366,1.7132,-1.3683
528.942,7,-37.2195,1.7116,-1.3693
528.960,7,-37.2025,1.7098,-1.3703
528.986,7,-37.1854,1.7068,-1.3717
529.004,7,-37.1682,1.7039,-1.3731
529.030,7,-37.1511,1.6996,-1.3748
529.052,7,-37.1339,1.6952,-1.3766
529.074,7,-37.1165,1.6927,-1.3787
529.098,7,-37.0988,1.6913,-1.3811
529.116,7,-37.0810,1.6901,-1.3837
529.141,7,-37.0633,1.6915,-1.3867
529.161,7,-37.0456,1.6946,-1.3896
529.187,7,-37.0279,1.6994,-1.3928
529.206,7,-37.0113,1.7021,-1.3956
529.231,7,-36.9956,1.7030,-1.3977
529.252,7,-36.9799,1.7029,-1.3996
529.274,7,-36.9643,1.7036,-1.4013
529.297,7,-36.9481,1.7068,-1.4031
529.320,7,-36.9318,1.7105,-1.4048
529.343,7,-36.9156,1.7137,-1.4064
529.366,7,-36.8998,1.7161,-1.4074
529.389,7,-36.8842,1.7177,-1.4085
529.411,7,-36.8684,1.7186,-1.4098
529.433,7,-36.8527,1.7190,-1.4109
529.456,7,-36.8366,1.7187,-1.4117
529.478,7,-36.8205,1.7180,-1.4124
529.500,7,-36.8040,1.7163,-1.4129
529.524,7,-36.7956,1.7145,-1.4128
529.546,7,-36.7874,1.7124,-1.4128
529.563,7,-36.7791,1.7106,-1.4130
529.575,7,-36.7710,1.7090,-1.4130
529.588,7,-36.7627,1.7076,-1.4131
529.600,7,-36.7547,1.7061,-1.4131
529.612,7,-36.7374,1.7032,-1.4130
529.625,7,-36.7289,1.7020,-1.4127
529.637,7,-36.7204,1.7012,-1.4125
529.650,7,-36.7118,1.7004,-1.4122
529.664,7,-36.7032,1.6998,-1.4118
529.680,7,-36.6863,1.6983,-1.4112
529.696,7,-36.6776,1.6983,-1.4108
529.708,7,-36.6690,1.6986,-1.4103
529.723,7,-36.6345,1.6990,-1.4084
529.740,7,-36.6175,1.7005,-1.4069
529.761,7,-36.6009,1.7030,-1.4058
529.783,7,-36.5848,1.7066,-1.4050
529.805,7,-36.5690,1.7102,-1.4040
529.828,7,-36.5535,1.7124,-1.4035
529.850,7,-36.5381,1.7143,-1.4032
529.873,7,-36.5229,1.7167,-1.4034
529.896,7,-36.5075,1.7191,-1.4037
529.913,7,-36.4925,1.7211,-1.4039
529.939,7,-36.4782,1.7231,-1.4044
529.960,7,-36.4637,1.7256,-1.4048
529.983,7,-36.4493,1.7271,-1.4053
530.006,7,-36.4348,1.7277,-1.4056
530.029,7,-36.4201,1.7280,-1.4058
530.052,7,-36.4051,1.7277,-1.4062
530.074,7,-36.3900,1.7267,-1.4067
530.097,7,-36.3748,1.7251,-1.4074
530.120,7,-36.3597,1.7230,-1.4084
530.143,7,-36.3445,1.7206,-1.4094
530.165,7,-36.3292,1.7172,-1.4105
530.188,7,-36.3137,1.7144,-1.4119
530.211,7,-36.2981,1.7117,-1.4133
530.234,7,-36.2901,1.7104,-1.4144
530.250,7,-36.2822,1.7097,-1.4155
530.263,7,-36.2742,1.7093,-1.4165
530.277,7,-36.2662,1.7089,-1.4176
530.289,7,-36.2504,1.7075,-1.4196
530.302,7,-36.2426,1.7075,-1.4208
530.315,7,-36.2346,1.7082,-1.4221
530.327,7,-36.2271,1.7088,-1.4234
530.340,7,-36.2197,1.7090,-1.4245
530.353,7,-36.2121,1.7093,-1.4257
530.367,7,-36.1964,1.7106,-1.4282
530.380,7,-36.1886,1.7122,-1.4294
530.393,7,-36.1808,1.7136,-1.4306
530.406,7,-36.1733,1.7147,-1.4316
530.418,7,-36.1658,1.7156,-1.4326
530.430,7,-36.1583,1.7160,-1.4337
530.443,7,-36.1509,1.7163,-1.4346
530.456,7,-36.1438,1.7167,-1.4354
530.472,7,-36.1290,1.7174,-1.4371
530.484,7,-36.1217,1.7178,-1.4379
530.497,7,-36.1143,1.7186,-1.4386
530.511,7,-36.1002,1.7200,-1.4399
530.523,7,-36.0930,1.7208,-1.4404
530.535,7,-36.0860,1.7219,-1.4409
530.548,7,-36.0789,1.7232,-1.4415
530.560,7,-36.0720,1.7243,-1.4420
530.573,7,-36.0650,1.7252,-1.4426
530.586,7,-36.0580,1.7259,-1.4432
530.598,7,-36.0507,1.7265,-1.4438
530.611,7,-36.0364,1.7277,-1.4450
530.626,7,-36.0220,1.7284,-1.4461
530.643,7,-36.0075,1.7287,-1.4471
530.658,7,-35.9931,1.7286,-1.4481
530.684,7,-35.9786,1.7273,-1.4488
530.707,7,-35.9638,1.7255,-1.4494
530.728,7,-35.9491,1.7232,-1.4499
530.751,7,-35.9345,1.7203,-1.4502
530.774,7,-35.9199,1.7170,-1.4504
530.791,7,-35.9052,1.7140,-1.4505
530.818,7,-35.8902,1.7123,-1.4504
530.835,7,-35.8752,1.7114,-1.4505
530.861,7,-35.8600,1.7111,-1.4501
530.883,7,-35.8450,1.7109,-1.4496
530.906,7,-35.8296,1.7117,-1.4490
530.930,7,-35.8144,1.7128,-1.4482
530.952,7,-35.7997,1.7146,-1.4476
530.975,7,-35.7857,1.7181,-1.4471
530.999,7,-35.7724,1.7225,-1.4464
531.017,7,-35.7592,1.7249,-1.4460
531.042,7,-35.7467,1.7265,-1.4461
531.061,7,-35.7344,1.7278,-1.4464
531.088,7,-35.7226,1.7280,-1.4473
531.113,7,-35.7110,1.7290,-1.4483
531.130,7,-35.6992,1.7303,-1.4489
531.156,7,-35.6879,1.7320,-1.4499
531.174,7,-35.6770,1.7333,-1.4507
531.201,7,-35.6663,1.7344,-1.4515
531.226,7,-35.6556,1.7351,-1.4527
531.243,7,-35.6451,1.7356,-1.4539
531.268,7,-35.6348,1.7354,-1.4556
531.293,7,-35.6247,1.7352,-1.4575
531.317,7,-35.6152,1.7340,-1.4595
531.334,7,-35.6109,1.7329,-1.4608
531.364,7,-35.6068,1.7321,-1.4623
531.378,7,-35.6024,1.7317,-1.4635
531.389,7,-35.5981,1.7313,-1.4647
531.404,7,-35.5938,1.7308,-1.4660
531.419,7,-35.5895,1.7304,-1.4673
531.434,7,-35.5806,1.7298,-1.4698
531.446,7,-35.5765,1.7296,-1.4712
531.460,7,-35.5723,1.7298,-1.4726
531.474,7,-35.5681,1.7300,-1.4742
531.486,7,-35.5596,1.7303,-1.4773
531.497,7,-35.5551,1.7310,-1.4788
531.515,7,-35.5505,1.7320,-1.4807
531.527,7,-35.5419,1.7330,-1.4838
531.544,7,-35.5287,1.7343,-1.4889
531.558,7,-35.5241,1.7349,-1.4905
531.575,7,-35.5151,1.7361,-1.4938
531.591,7,-35.5061,1.7368,-1.4970
531.610,7,-35.4971,1.7372,-1.5001
531.637,7,-35.4886,1.7364,-1.5032
531.656,7,-35.4801,1.7362,-1.5061
531.682,7,-35.4716,1.7356,-1.5086
531.699,7,-35.4633,1.7352,-1.5110
531.727,7,-35.4550,1.7350,-1.5131
531.745,7,-35.4469,1.7352,-1.5149
531.771,7,-35.4396,1.7357,-1.5166
531.795,7,-35.4326,1.7362,-1.5182
531.811,7,-35.4254,1.7365,-1.5198
531.837,7,-35.4191,1.7367,-1.5210
531.860,7,-35.4131,1.7368,-1.5219
531.883,7,-35.4069,1.7367,-1.5227
531.905,7,-35.4009,1.7366,-1.5232
531.923,7,-35.3949,1.7364,-1.5237
531.949,7,-35.3895,1.7359,-1.5239
531.972,7,-35.3842,1.7354,-1.5235
531.996,7,-35.3790,1.7347,-1.5230
532.019,7,-35.3742,1.7342,-1.5221
532.041,7,-35.3695,1.7340,-1.5213
532.064,7,-35.3646,1.7344,-1.5203
532.082,7,-35.3595,1.7355,-1.5195
532.110,7,-35.3547,1.7357,-1.5178
532.133,7,-35.3500,1.7362,-1.5162
532.155,7,-35.3453,1.7373,-1.5149
532.179,7,-35.3407,1.7384,-1.5134
532.201,7,-35.3361,1.7389,-1.5117
532.224,7,-35.3313,1.7388,-1.5100
532.247,7,-35.3291,1.7384,-1.5093
532.271,7,-35.3270,1.7377,-1.5083
532.287,7,-35.3248,1.7373,-1.5072
532.298,7,-35.3228,1.7369,-1.5064
532.317,7,-35.3186,1.7360,-1.5048
532.328,7,-35.3166,1.7356,-1.5041
532.346,7,-35.3146,1.7357,-1.5036
532.358,7,-35.3125,1.7360,-1.5034
532.377,7,-35.3085,1.7364,-1.5023
532.392,7,-35.3065,1.7365,-1.5018
532.403,7,-35.3046,1.7367,-1.5015
532.422,7,-35.2989,1.7371,-1.5004
532.433,7,-35.2952,1.7373,-1.4995
532.457,7,-35.2899,1.7378,-1.4988
532.469,7,-35.2889,1.7380,-1.4996
532.492,7,-35.2862,1.7383,-1.4998
532.511,7,-35.2838,1.7385,-1.5012
532.533,7,-35.2818,1.7384,-1.5014
532.556,7,-35.2801,1.7380,-1.5017
532.580,7,-35.2787,1.7375,-1.5021
532.601,7,-35.2776,1.7374,-1.5027
532.624,7,-35.2768,1.7376,-1.5044
532.647,7,-35.2761,1.7378,-1.5051
532.669,7,-35.2758,1.7371,-1.5066
532.692,7,-35.2753,1.7369,-1.5072
532.714,7,-35.2749,1.7380,-1.5084
532.736,7,-35.2745,1.7386,-1.5096
532.758,7,-35.2740,1.7390,-1.5107
532.781,7,-35.2734,1.7398,-1.5121
532.802,7,-35.2725,1.7403,-1.5131
532.825,7,-35.2717,1.7406,-1.5144
532.847,7,-35.2707,1.7407,-1.5148
532.871,7,-35.2696,1.7411,-1.5153
532.894,7,-35.2686,1.7412,-1.5161
532.913,7,-35.2676,1.7412,-1.5164
532.940,7,-35.2668,1.7412,-1.5167
532.959,7,-35.2659,1.7413,-1.5167
532.985,7,-35.2652,1.7411,-1.5178
533.009,7,-35.2644,1.7410,-1.5180
533.031,7,-35.2638,1.7410,-1.5182
533.055,7,-35.2634,1.7408,-1.5186
533.073,7,-35.2628,1.7407,-1.5189
533.098,7,-35.2625,1.7405,-1.5188

# --- Trial 8 start ---
542.388,8,-39.6558,1.6885,-1.2100
542.503,8,-39.6573,1.6886,-1.2067
542.524,8,-39.6575,1.6886,-1.2055
542.549,8,-39.6577,1.6885,-1.2042
542.564,8,-39.6578,1.6884,-1.2034
542.578,8,-39.6577,1.6883,-1.2029
542.590,8,-39.6578,1.6882,-1.2024
542.603,8,-39.6579,1.6880,-1.2020
542.617,8,-39.6579,1.6878,-1.2016
542.630,8,-39.6580,1.6877,-1.2002
542.644,8,-39.6581,1.6875,-1.1994
542.661,8,-39.6584,1.6874,-1.1980
542.678,8,-39.6582,1.6875,-1.1971
542.700,8,-39.6578,1.6878,-1.1962
542.718,8,-39.6576,1.6880,-1.1952
542.745,8,-39.6573,1.6885,-1.1943
542.767,8,-39.6569,1.6890,-1.1936
542.789,8,-39.6566,1.6890,-1.1925
542.812,8,-39.6560,1.6885,-1.1920
542.833,8,-39.6554,1.6871,-1.1915
542.856,8,-39.6544,1.6854,-1.1912
542.877,8,-39.6532,1.6853,-1.1911
542.899,8,-39.6518,1.6857,-1.1913
542.921,8,-39.6507,1.6855,-1.1915
542.944,8,-39.6494,1.6860,-1.1921
542.966,8,-39.6481,1.6868,-1.1926
542.988,8,-39.6464,1.6877,-1.1934
543.011,8,-39.6443,1.6887,-1.1943
543.034,8,-39.6422,1.6894,-1.1953
543.056,8,-39.6398,1.6897,-1.1964
543.079,8,-39.6376,1.6896,-1.1975
543.102,8,-39.6353,1.6892,-1.1986
543.125,8,-39.6327,1.6886,-1.1999
543.148,8,-39.6301,1.6885,-1.2014
543.170,8,-39.6279,1.6879,-1.2030
543.194,8,-39.6262,1.6868,-1.2048
543.215,8,-39.6245,1.6855,-1.2066
543.238,8,-39.6232,1.6834,-1.2086
543.263,8,-39.6220,1.6804,-1.2110
543.286,8,-39.6204,1.6791,-1.2133
543.304,8,-39.6181,1.6828,-1.2157
543.328,8,-39.6146,1.6925,-1.2180
543.351,8,-39.6121,1.6951,-1.2206
543.375,8,-39.6112,1.6904,-1.2220
543.398,8,-39.6102,1.6883,-1.2233
543.416,8,-39.6090,1.6881,-1.2246
543.428,8,-39.6079,1.6880,-1.2257
543.443,8,-39.6067,1.6875,-1.2268
543.456,8,-39.6045,1.6863,-1.2292
543.469,8,-39.6034,1.6853,-1.2304
543.484,8,-39.6024,1.6848,-1.2318
543.499,8,-39.6002,1.6842,-1.2343
543.513,8,-39.5990,1.6841,-1.2356
543.525,8,-39.5978,1.6839,-1.2368
543.539,8,-39.5966,1.6838,-1.2379
543.553,8,-39.5941,1.6835,-1.2401
543.567,8,-39.5927,1.6836,-1.2411
543.581,8,-39.5912,1.6838,-1.2421
543.596,8,-39.5854,1.6839,-1.2465
543.617,8,-39.5816,1.6836,-1.2484
543.636,8,-39.5777,1.6831,-1.2502
543.654,8,-39.5733,1.6824,-1.2519
543.680,8,-39.5682,1.6818,-1.2534
543.698,8,-39.5633,1.6811,-1.2549
543.723,8,-39.5579,1.6802,-1.2562
543.745,8,-39.5523,1.6792,-1.2574
543.764,8,-39.5462,1.6790,-1.2585
543.791,8,-39.5397,1.6789,-1.2594
543.807,8,-39.5332,1.6790,-1.2603
543.833,8,-39.5262,1.6794,-1.2612
543.852,8,-39.5191,1.6795,-1.2621
543.878,8,-39.5112,1.6795,-1.2629
543.895,8,-39.5036,1.6795,-1.2637
543.922,8,-39.4952,1.6787,-1.2645
543.945,8,-39.4869,1.6775,-1.2648
543.963,8,-39.4781,1.6764,-1.2650
543.990,8,-39.4681,1.6755,-1.2647
544.012,8,-39.4581,1.6746,-1.2644
544.034,8,-39.4477,1.6735,-1.2640
544.058,8,-39.4370,1.6718,-1.2633
544.081,8,-39.4261,1.6699,-1.2622
544.104,8,-39.4149,1.6678,-1.2608
544.126,8,-39.4032,1.6657,-1.2590
544.148,8,-39.3913,1.6640,-1.2571
544.171,8,-39.3793,1.6632,-1.2550
544.193,8,-39.3666,1.6643,-1.2530
544.217,8,-39.3536,1.6661,-1.2509
544.239,8,-39.3408,1.6688,-1.2489
544.262,8,-39.3284,1.6727,-1.2472
544.284,8,-39.3159,1.6757,-1.2458
544.308,8,-39.3032,1.6772,-1.2448
544.332,8,-39.2965,1.6774,-1.2446
544.354,8,-39.2897,1.6779,-1.2447
544.371,8,-39.2831,1.6786,-1.2445
544.384,8,-39.2766,1.6790,-1.2443
544.398,8,-39.2636,1.6797,-1.2439
544.410,8,-39.2572,1.6798,-1.2438
544.424,8,-39.2505,1.6801,-1.2438
544.437,8,-39.2443,1.6804,-1.2438
544.450,8,-39.2381,1.6808,-1.2438
544.463,8,-39.2254,1.6813,-1.2439
544.477,8,-39.2189,1.6812,-1.2442
544.492,8,-39.2121,1.6810,-1.2447
544.507,8,-39.1858,1.6808,-1.2457
544.525,8,-39.1718,1.6798,-1.2468
544.542,8,-39.1577,1.6784,-1.2481
544.567,8,-39.1433,1.6757,-1.2495
544.585,8,-39.1286,1.6731,-1.2511
544.612,8,-39.1136,1.6698,-1.2530
544.630,8,-39.0987,1.6668,-1.2548
544.654,8,-39.0832,1.6626,-1.2571
544.672,8,-39.0678,1.6589,-1.2594
544.698,8,-39.0520,1.6565,-1.2623
544.720,8,-39.0363,1.6552,-1.2651
544.742,8,-39.0201,1.6549,-1.2683
544.764,8,-39.0029,1.6568,-1.2716
544.787,8,-38.9851,1.6609,-1.2750
544.805,8,-38.9675,1.6645,-1.2782
544.831,8,-38.9502,1.6687,-1.2811
544.855,8,-38.9335,1.6721,-1.2832
544.873,8,-38.9172,1.6746,-1.2849
544.899,8,-38.9014,1.6761,-1.2860
544.918,8,-38.8847,1.6775,-1.2872
544.945,8,-38.8677,1.6794,-1.2878
544.968,8,-38.8509,1.6811,-1.2880
544.991,8,-38.8340,1.6831,-1.2880
545.014,8,-38.8173,1.6849,-1.2879
545.037,8,-38.8009,1.6853,-1.2877
545.059,8,-38.7845,1.6852,-1.2875
545.082,8,-38.7674,1.6844,-1.2868
545.104,8,-38.7502,1.6834,-1.2860
545.128,8,-38.7324,1.6820,-1.2850
545.150,8,-38.7145,1.6803,-1.2837
545.172,8,-38.6965,1.6782,-1.2824
545.196,8,-38.6786,1.6750,-1.2808
545.217,8,-38.6607,1.6712,-1.2791
545.239,8,-38.6508,1.6688,-1.2777
545.261,8,-38.6407,1.6668,-1.2759
545.280,8,-38.6310,1.6654,-1.2743
545.294,8,-38.6213,1.6643,-1.2728
545.310,8,-38.6117,1.6635,-1.2714
545.322,8,-38.5923,1.6619,-1.2687
545.334,8,-38.5829,1.6621,-1.2672
545.347,8,-38.5730,1.6630,-1.2657
545.360,8,-38.5636,1.6642,-1.2642
545.373,8,-38.5543,1.6656,-1.2628
545.389,8,-38.5357,1.6680,-1.2600
545.404,8,-38.5266,1.6698,-1.2587
545.418,8,-38.5175,1.6718,-1.2574
545.431,8,-38.4996,1.6749,-1.2549
545.446,8,-38.4909,1.6766,-1.2538
545.459,8,-38.4824,1.6778,-1.2529
545.473,8,-38.4473,1.6824,-1.2491
545.489,8,-38.4305,1.6844,-1.2479
545.513,8,-38.4142,1.6873,-1.2473
545.531,8,-38.3973,1.6897,-1.2468
545.556,8,-38.3808,1.6914,-1.2468
545.578,8,-38.3647,1.6939,-1.2469
545.599,8,-38.3482,1.6959,-1.2468
545.621,8,-38.3318,1.6970,-1.2469
545.643,8,-38.3149,1.6973,-1.2472
545.666,8,-38.2981,1.6972,-1.2473
545.689,8,-38.2811,1.6959,-1.2482
545.711,8,-38.2640,1.6942,-1.2490
545.733,8,-38.2467,1.6919,-1.2498
545.756,8,-38.2293,1.6895,-1.2512
545.773,8,-38.2117,1.6868,-1.2525
545.799,8,-38.1939,1.6821,-1.2541
545.822,8,-38.1760,1.6780,-1.2561
545.844,8,-38.1574,1.6749,-1.2583
545.866,8,-38.1387,1.6727,-1.2609
545.889,8,-38.1194,1.6718,-1.2638
545.912,8,-38.0998,1.6729,-1.2669
545.935,8,-38.0797,1.6773,-1.2703
545.958,8,-38.0601,1.6817,-1.2737
545.981,8,-38.0406,1.6872,-1.2770
546.004,8,-38.0217,1.6918,-1.2799
546.023,8,-38.0035,1.6944,-1.2823
546.050,8,-37.9866,1.6947,-1.2841
546.072,8,-37.9693,1.6956,-1.2861
546.094,8,-37.9517,1.6978,-1.2881
546.116,8,-37.9331,1.7008,-1.2902
546.140,8,-37.9145,1.7038,-1.2919
546.164,8,-37.8960,1.7058,-1.2936
546.187,8,-37.8781,1.7065,-1.2950
546.210,8,-37.8685,1.7056,-1.2955
546.233,8,-37.8591,1.7047,-1.2960
546.250,8,-37.8495,1.7040,-1.2966
546.263,8,-37.8400,1.7033,-1.2972
546.277,8,-37.8304,1.7025,-1.2977
546.290,8,-37.8117,1.7008,-1.2988
546.303,8,-37.8021,1.6994,-1.2990
546.317,8,-37.7925,1.6979,-1.2993
546.331,8,-37.7840,1.6962,-1.2995
546.345,8,-37.7659,1.6930,-1.3000
546.359,8,-37.7565,1.6909,-1.3001
546.371,8,-37.7474,1.6891,-1.3002
546.386,8,-37.7086,1.6821,-1.3008
546.402,8,-37.6885,1.6791,-1.3007
546.427,8,-37.6675,1.6775,-1.3004
546.450,8,-37.6467,1.6764,-1.2999
546.473,8,-37.6262,1.6766,-1.2992
546.498,8,-37.6058,1.6802,-1.2985
546.519,8,-37.5854,1.6845,-1.2977
546.542,8,-37.5658,1.6890,-1.2971
546.560,8,-37.5463,1.6937,-1.2968
546.585,8,-37.5273,1.6984,-1.2966
546.608,8,-37.5083,1.7011,-1.2968
546.631,8,-37.4899,1.7028,-1.2979
546.649,8,-37.4712,1.7058,-1.2988
546.674,8,-37.4530,1.7082,-1.3001
546.697,8,-37.4353,1.7100,-1.3011
546.719,8,-37.4174,1.7126,-1.3022
546.741,8,-37.3997,1.7141,-1.3033
546.764,8,-37.3819,1.7147,-1.3045
546.787,8,-37.3639,1.7150,-1.3057
546.810,8,-37.3456,1.7147,-1.3069
546.833,8,-37.3270,1.7133,-1.3084
546.857,8,-37.3088,1.7112,-1.3096
546.878,8,-37.2903,1.7091,-1.3111
546.901,8,-37.2715,1.7058,-1.3128
546.924,8,-37.2526,1.7009,-1.3146
546.947,8,-37.2337,1.6967,-1.3166
546.970,8,-37.2143,1.6931,-1.3186
546.994,8,-37.1946,1.6901,-1.3209
547.017,8,-37.1747,1.6887,-1.3235
547.038,8,-37.1546,1.6884,-1.3262
547.060,8,-37.1340,1.6887,-1.3293
547.083,8,-37.1128,1.6922,-1.3328
547.107,8,-37.0921,1.6962,-1.3363
547.132,8,-37.0814,1.7000,-1.3382
547.154,8,-37.0706,1.7017,-1.3396
547.172,8,-37.0604,1.7026,-1.3408
547.186,8,-37.0504,1.7033,-1.3420
547.202,8,-37.0302,1.7047,-1.3443
547.216,8,-37.0208,1.7055,-1.3452
547.231,8,-37.0109,1.7066,-1.3462
547.246,8,-36.9912,1.7087,-1.3481
547.261,8,-36.9818,1.7097,-1.3488
547.276,8,-36.9721,1.7111,-1.3496
547.291,8,-36.9433,1.7150,-1.3520
547.306,8,-36.9244,1.7176,-1.3532
547.327,8,-36.9051,1.7194,-1.3542
547.345,8,-36.8863,1.7204,-1.3553
547.363,8,-36.8669,1.7205,-1.3562
547.388,8,-36.8473,1.7195,-1.3568
547.406,8,-36.8277,1.7181,-1.3573
547.432,8,-36.8081,1.7150,-1.3575
547.449,8,-36.7891,1.7123,-1.3577
547.475,8,-36.7694,1.7076,-1.3575
547.499,8,-36.7503,1.7024,-1.3572
547.518,8,-36.7310,1.6978,-1.3570
547.541,8,-36.7113,1.6941,-1.3566
547.564,8,-36.6919,1.6922,-1.3560
547.580,8,-36.6714,1.6907,-1.3553
547.606,8,-36.6505,1.6903,-1.3542
547.630,8,-36.6299,1.6918,-1.3528
547.652,8,-36.6090,1.6960,-1.3515
547.674,8,-36.5886,1.6995,-1.3501
547.697,8,-36.5686,1.7039,-1.3490
547.720,8,-36.5489,1.7091,-1.3484
547.742,8,-36.5298,1.7130,-1.3480
547.765,8,-36.5113,1.7148,-1.3484
547.788,8,-36.4935,1.7157,-1.3493
547.811,8,-36.4755,1.7178,-1.3504
547.833,8,-36.4578,1.7197,-1.3516
547.856,8,-36.4406,1.7221,-1.3532
547.879,8,-36.4239,1.7246,-1.3548
547.902,8,-36.4070,1.7264,-1.3565
547.925,8,-36.3900,1.7273,-1.3582
547.948,8,-36.3732,1.7277,-1.3597
547.971,8,-36.3560,1.7274,-1.3615
547.993,8,-36.3386,1.7262,-1.3635
548.015,8,-36.3300,1.7245,-1.3647
548.037,8,-36.3209,1.7230,-1.3659
548.055,8,-36.3119,1.7216,-1.3671
548.068,8,-36.3028,1.7200,-1.3683
548.079,8,-36.2938,1.7184,-1.3694
548.091,8,-36.2852,1.7167,-1.3705
548.104,8,-36.2760,1.7149,-1.3717
548.117,8,-36.2668,1.7131,-1.3730
548.129,8,-36.2482,1.7100,-1.3755
548.142,8,-36.2387,1.7086,-1.3769
548.154,8,-36.2296,1.7074,-1.3783
548.166,8,-36.2203,1.7066,-1.3797
548.179,8,-36.2014,1.7051,-1.3826
548.191,8,-36.1824,1.7040,-1.3857
548.208,8,-36.1626,1.7035,-1.3892
548.224,8,-36.1429,1.7036,-1.3927
548.250,8,-36.1232,1.7093,-1.3970
548.273,8,-36.1043,1.7119,-1.4005
548.294,8,-36.0854,1.7167,-1.4039
548.317,8,-36.0670,1.7200,-1.4069
548.339,8,-36.0495,1.7220,-1.4097
548.363,8,-36.0325,1.7234,-1.4124
548.385,8,-36.0155,1.7255,-1.4150
548.407,8,-35.9988,1.7274,-1.4176
548.432,8,-35.9821,1.7295,-1.4198
548.449,8,-35.9652,1.7323,-1.4219
548.474,8,-35.9489,1.7345,-1.4237
548.498,8,-35.9329,1.7350,-1.4251
548.521,8,-35.9167,1.7350,-1.4265
548.543,8,-35.9000,1.7346,-1.4279
548.566,8,-35.8831,1.7334,-1.4289
548.588,8,-35.8660,1.7316,-1.4301
548.611,8,-35.8491,1.7293,-1.4311
548.634,8,-35.8322,1.7263,-1.4320
548.657,8,-35.8157,1.7222,-1.4326
548.680,8,-35.7990,1.7179,-1.4330
548.702,8,-35.7820,1.7145,-1.4334
548.725,8,-35.7649,1.7122,-1.4336
548.747,8,-35.7478,1.7107,-1.4338
548.770,8,-35.7310,1.7093,-1.4336
548.793,8,-35.7146,1.7092,-1.4336
548.816,8,-35.6982,1.7116,-1.4332
548.837,8,-35.6815,1.7142,-1.4328
548.862,8,-35.6650,1.7187,-1.4324
548.885,8,-35.6567,1.7221,-1.4324
548.909,8,-35.6493,1.7231,-1.4324
548.926,8,-35.6418,1.7234,-1.4324
548.939,8,-35.6346,1.7238,-1.4326
548.952,8,-35.6271,1.7245,-1.4327
548.964,8,-35.6123,1.7263,-1.4330
548.978,8,-35.6052,1.7272,-1.4333
548.991,8,-35.5981,1.7282,-1.4337
549.005,8,-35.5916,1.7292,-1.4339
549.018,8,-35.5853,1.7303,-1.4342
549.030,8,-35.5722,1.7323,-1.4348
549.043,8,-35.5661,1.7333,-1.4350
549.059,8,-35.5603,1.7341,-1.4353
549.072,8,-35.5478,1.7357,-1.4359
549.084,8,-35.5293,1.7381,-1.4369
549.096,8,-35.5237,1.7385,-1.4373
549.121,8,-35.5129,1.7389,-1.4380
549.139,8,-35.5021,1.7389,-1.4390
549.157,8,-35.4911,1.7387,-1.4398
549.174,8,-35.4811,1.7381,-1.4405
549.200,8,-35.4725,1.7369,-1.4412
549.224,8,-35.4646,1.7361,-1.4416
549.242,8,-35.4568,1.7355,-1.4411
549.267,8,-35.4494,1.7356,-1.4421
549.285,8,-35.4417,1.7361,-1.4432
549.310,8,-35.4340,1.7371,-1.4442
549.328,8,-35.4262,1.7376,-1.4455
549.355,8,-35.4194,1.7376,-1.4469
549.372,8,-35.4123,1.7375,-1.4480
549.399,8,-35.4059,1.7369,-1.4494
549.416,8,-35.3990,1.7370,-1.4507
549.442,8,-35.3920,1.7388,-1.4524
549.460,8,-35.3847,1.7406,-1.4541
549.486,8,-35.3774,1.7414,-1.4557
549.511,8,-35.3703,1.7413,-1.4572
549.528,8,-35.3632,1.7411,-1.4584
549.554,8,-35.3565,1.7402,-1.4597
549.577,8,-35.3503,1.7398,-1.4614
549.599,8,-35.3440,1.7398,-1.4629
549.622,8,-35.3379,1.7397,-1.4642
549.646,8,-35.3318,1.7398,-1.4655
549.668,8,-35.3260,1.7401,-1.4663
549.691,8,-35.3204,1.7405,-1.4670
549.716,8,-35.3151,1.7411,-1.4676
549.738,8,-35.3101,1.7418,-1.4677
549.756,8,-35.3049,1.7422,-1.4679
549.782,8,-35.3029,1.7424,-1.4677
549.807,8,-35.3008,1.7423,-1.4673
549.819,8,-35.2986,1.7423,-1.4672
549.837,8,-35.2965,1.7421,-1.4670
549.849,8,-35.2944,1.7419,-1.4669
549.866,8,-35.2902,1.7418,-1.4665
549.878,8,-35.2884,1.7416,-1.4662
549.896,8,-35.2867,1.7416,-1.4672
549.909,8,-35.2849,1.7417,-1.4672
549.927,8,-35.2813,1.7424,-1.4665
549.939,8,-35.2795,1.7427,-1.4661
549.958,8,-35.2765,1.7423,-1.4654
549.969,8,-35.2749,1.7419,-1.4647
549.989,8,-35.2723,1.7419,-1.4644
550.001,8,-35.2681,1.7422,-1.4633
550.019,8,-35.2674,1.7419,-1.4629
550.039,8,-35.2644,1.7413,-1.4617
550.050,8,-35.2637,1.7413,-1.4614
550.074,8,-35.2624,1.7414,-1.4604
550.097,8,-35.2615,1.7412,-1.4599
550.120,8,-35.2607,1.7410,-1.4596
550.142,8,-35.2600,1.7409,-1.4588
550.164,8,-35.2593,1.7411,-1.4582
550.186,8,-35.2586,1.7414,-1.4576
550.209,8,-35.2578,1.7418,-1.4573
550.231,8,-35.2570,1.7425,-1.4569
550.253,8,-35.2562,1.7431,-1.4566
550.276,8,-35.2555,1.7434,-1.4563
550.298,8,-35.2550,1.7436,-1.4555
550.320,8,-35.2545,1.7434,-1.4548
550.342,8,-35.2541,1.7429,-1.4545
550.364,8,-35.2539,1.7429,-1.4548
550.386,8,-35.2534,1.7428,-1.4543
550.409,8,-35.2531,1.7427,-1.4543
550.431,8,-35.2530,1.7431,-1.4547
550.453,8,-35.2526,1.7432,-1.4543
550.476,8,-35.2523,1.7427,-1.4540
550.500,8,-35.2520,1.7423,-1.4539
550.519,8,-35.2517,1.7419,-1.4535
550.546,8,-35.2515,1.7414,-1.4532
550.564,8,-35.2514,1.7408,-1.4529
550.591,8,-35.2514,1.7404,-1.4527
550.609,8,-35.2513,1.7400,-1.4526
550.633,8,-35.2513,1.7401,-1.4523

# --- Trial 9 start ---
559.568,9,-39.5811,1.6953,-1.1520
559.681,9,-39.5789,1.6909,-1.1505
559.710,9,-39.5777,1.6913,-1.1506
559.725,9,-39.5768,1.6917,-1.1510
559.738,9,-39.5765,1.6917,-1.1513
559.752,9,-39.5758,1.6918,-1.1518
559.765,9,-39.5751,1.6924,-1.1523
559.778,9,-39.5747,1.6932,-1.1528
559.795,9,-39.5739,1.6943,-1.1536
559.810,9,-39.5735,1.6953,-1.1546
559.836,9,-39.5718,1.6959,-1.1563
559.859,9,-39.5701,1.6964,-1.1577
559.881,9,-39.5686,1.6969,-1.1592
559.904,9,-39.5670,1.6970,-1.1607
559.925,9,-39.5653,1.6967,-1.1621
559.947,9,-39.5635,1.6958,-1.1637
559.969,9,-39.5618,1.6944,-1.1653
559.992,9,-39.5605,1.6922,-1.1670
560.014,9,-39.5589,1.6900,-1.1691
560.037,9,-39.5576,1.6870,-1.1716
560.058,9,-39.5561,1.6824,-1.1741
560.081,9,-39.5539,1.6800,-1.1767
560.104,9,-39.5489,1.6943,-1.1799
560.127,9,-39.5444,1.7007,-1.1829
560.149,9,-39.5410,1.6953,-1.1860
560.172,9,-39.5373,1.6882,-1.1896
560.195,9,-39.5338,1.6862,-1.1930
560.218,9,-39.5303,1.6878,-1.1963
560.240,9,-39.5260,1.6870,-1.1994
560.262,9,-39.5226,1.6852,-1.2027
560.286,9,-39.5193,1.6852,-1.2066
560.309,9,-39.5156,1.6857,-1.2104
560.330,9,-39.5116,1.6844,-1.2134
560.354,9,-39.5071,1.6834,-1.2161
560.376,9,-39.5019,1.6833,-1.2189
560.397,9,-39.4964,1.6832,-1.2216
560.420,9,-39.4905,1.6818,-1.2238
560.444,9,-39.4849,1.6807,-1.2261
560.467,9,-39.4787,1.6802,-1.2280
560.491,9,-39.4749,1.6802,-1.2286
560.514,9,-39.4705,1.6801,-1.2298
560.531,9,-39.4667,1.6802,-1.2305
560.543,9,-39.4629,1.6802,-1.2313
560.558,9,-39.4588,1.6801,-1.2320
560.571,9,-39.4511,1.6799,-1.2335
560.583,9,-39.4467,1.6798,-1.2341
560.597,9,-39.4419,1.6795,-1.2347
560.609,9,-39.4374,1.6793,-1.2353
560.623,9,-39.4331,1.6790,-1.2358
560.638,9,-39.4239,1.6781,-1.2371
560.651,9,-39.4189,1.6775,-1.2374
560.665,9,-39.4138,1.6769,-1.2378
560.679,9,-39.4031,1.6756,-1.2390
560.694,9,-39.3925,1.6742,-1.2398
560.707,9,-39.3815,1.6725,-1.2406
560.725,9,-39.3695,1.6705,-1.2411
560.742,9,-39.3571,1.6686,-1.2415
560.766,9,-39.3440,1.6666,-1.2415
560.789,9,-39.3307,1.6645,-1.2413
560.811,9,-39.3171,1.6623,-1.2410
560.833,9,-39.3032,1.6603,-1.2405
560.856,9,-39.2891,1.6586,-1.2396
560.879,9,-39.2749,1.6578,-1.2385
560.903,9,-39.2606,1.6588,-1.2377
560.920,9,-39.2459,1.6620,-1.2371
560.946,9,-39.2303,1.6700,-1.2360
560.970,9,-39.2156,1.6757,-1.2352
560.992,9,-39.2014,1.6801,-1.2351
561.014,9,-39.1879,1.6826,-1.2352
561.037,9,-39.1746,1.6830,-1.2357
561.054,9,-39.1612,1.6841,-1.2364
561.081,9,-39.1477,1.6849,-1.2372
561.099,9,-39.1344,1.6856,-1.2375
561.126,9,-39.1212,1.6858,-1.2381
561.147,9,-39.1080,1.6865,-1.2388
561.172,9,-39.0944,1.6867,-1.2397
561.193,9,-39.0808,1.6864,-1.2407
561.217,9,-39.0669,1.6861,-1.2419
561.240,9,-39.0526,1.6857,-1.2434
561.258,9,-39.0381,1.6851,-1.2449
561.285,9,-39.0232,1.6833,-1.2468
561.309,9,-39.0083,1.6817,-1.2489
561.327,9,-38.9929,1.6796,-1.2509
561.354,9,-38.9770,1.6764,-1.2533
561.376,9,-38.9613,1.6723,-1.2556
561.395,9,-38.9450,1.6673,-1.2581
561.421,9,-38.9366,1.6653,-1.2597
561.445,9,-38.9283,1.6644,-1.2611
561.463,9,-38.9201,1.6634,-1.2626
561.480,9,-38.9121,1.6629,-1.2640
561.493,9,-38.8876,1.6614,-1.2682
561.511,9,-38.8790,1.6641,-1.2699
561.525,9,-38.8708,1.6662,-1.2714
561.538,9,-38.8626,1.6681,-1.2730
561.551,9,-38.8543,1.6698,-1.2745
561.563,9,-38.8463,1.6709,-1.2759
561.576,9,-38.8301,1.6729,-1.2786
561.593,9,-38.8227,1.6739,-1.2795
561.610,9,-38.8073,1.6755,-1.2816
561.623,9,-38.7997,1.6759,-1.2825
561.636,9,-38.7921,1.6763,-1.2833
561.649,9,-38.7766,1.6778,-1.2849
561.661,9,-38.7606,1.6800,-1.2864
561.678,9,-38.7362,1.6839,-1.2885
561.702,9,-38.7194,1.6880,-1.2889
561.720,9,-38.7029,1.6911,-1.2895
561.744,9,-38.6868,1.6926,-1.2894
561.768,9,-38.6701,1.6927,-1.2891
561.791,9,-38.6534,1.6918,-1.2887
561.811,9,-38.6362,1.6906,-1.2882
561.834,9,-38.6189,1.6887,-1.2874
561.857,9,-38.6009,1.6860,-1.2863
561.880,9,-38.5827,1.6833,-1.2852
561.898,9,-38.5648,1.6799,-1.2840
561.924,9,-38.5467,1.6746,-1.2825
561.946,9,-38.5286,1.6695,-1.2810
561.968,9,-38.5101,1.6657,-1.2791
561.990,9,-38.4912,1.6635,-1.2767
562.012,9,-38.4721,1.6620,-1.2740
562.036,9,-38.4530,1.6623,-1.2715
562.058,9,-38.4339,1.6648,-1.2684
562.081,9,-38.4146,1.6691,-1.2654
562.104,9,-38.3960,1.6732,-1.2627
562.128,9,-38.3781,1.6780,-1.2606
562.146,9,-38.3604,1.6819,-1.2587
562.172,9,-38.3425,1.6849,-1.2580
562.196,9,-38.3245,1.6876,-1.2578
562.218,9,-38.3067,1.6906,-1.2578
562.242,9,-38.2894,1.6931,-1.2577
562.263,9,-38.2718,1.6951,-1.2578
562.286,9,-38.2543,1.6970,-1.2580
562.309,9,-38.2371,1.6981,-1.2580
562.332,9,-38.2200,1.6983,-1.2584
562.355,9,-38.2028,1.6979,-1.2586
562.378,9,-38.1856,1.6968,-1.2587
562.400,9,-38.1760,1.6952,-1.2591
562.422,9,-38.1663,1.6937,-1.2594
562.439,9,-38.1570,1.6923,-1.2597
562.454,9,-38.1477,1.6910,-1.2600
562.466,9,-38.1384,1.6896,-1.2603
562.480,9,-38.1196,1.6867,-1.2610
562.493,9,-38.1105,1.6847,-1.2615
562.505,9,-38.1009,1.6826,-1.2620
562.519,9,-38.0921,1.6808,-1.2625
562.531,9,-38.0832,1.6793,-1.2631
562.547,9,-38.0744,1.6783,-1.2638
562.560,9,-38.0559,1.6760,-1.2652
562.576,9,-38.0462,1.6753,-1.2663
562.590,9,-38.0272,1.6738,-1.2682
562.604,9,-38.0071,1.6730,-1.2703
562.617,9,-37.9868,1.6732,-1.2726
562.634,9,-37.9655,1.6755,-1.2753
562.651,9,-37.9439,1.6793,-1.2781
562.676,9,-37.9231,1.6831,-1.2808
562.694,9,-37.9021,1.6885,-1.2831
562.722,9,-37.8820,1.6945,-1.2849
562.743,9,-37.8629,1.6964,-1.2861
562.767,9,-37.8447,1.6961,-1.2869
562.789,9,-37.8267,1.6970,-1.2878
562.811,9,-37.8093,1.6987,-1.2888
562.836,9,-37.7920,1.7009,-1.2901
562.858,9,-37.7747,1.7038,-1.2909
562.880,9,-37.7575,1.7064,-1.2916
562.902,9,-37.7404,1.7076,-1.2925
562.924,9,-37.7234,1.7080,-1.2932
562.946,9,-37.7058,1.7075,-1.2940
562.968,9,-37.6884,1.7066,-1.2946
562.991,9,-37.6707,1.7038,-1.2950
563.013,9,-37.6529,1.7006,-1.2953
563.036,9,-37.6349,1.6965,-1.2956
563.058,9,-37.6167,1.6919,-1.2955
563.081,9,-37.5983,1.6864,-1.2953
563.104,9,-37.5796,1.6815,-1.2951
563.128,9,-37.5603,1.6782,-1.2947
563.150,9,-37.5407,1.6770,-1.2940
563.173,9,-37.5205,1.6771,-1.2931
563.195,9,-37.5001,1.6782,-1.2920
563.217,9,-37.4799,1.6817,-1.2908
563.241,9,-37.4595,1.6867,-1.2894
563.263,9,-37.4396,1.6907,-1.2880
563.285,9,-37.4199,1.6955,-1.2871
563.309,9,-37.4007,1.7008,-1.2863
563.333,9,-37.3918,1.7021,-1.2862
563.354,9,-37.3821,1.7026,-1.2863
563.372,9,-37.3726,1.7037,-1.2864
563.384,9,-37.3630,1.7051,-1.2864
563.398,9,-37.3534,1.7062,-1.2865
563.411,9,-37.3349,1.7083,-1.2864
563.424,9,-37.3256,1.7092,-1.2865
563.438,9,-37.3164,1.7103,-1.2867
563.450,9,-37.3078,1.7113,-1.2869
563.464,9,-37.2993,1.7123,-1.2870
563.477,9,-37.2908,1.7130,-1.2872
563.494,9,-37.2736,1.7142,-1.2876
563.512,9,-37.2560,1.7151,-1.2881
563.529,9,-37.2299,1.7159,-1.2886
563.541,9,-37.2123,1.7160,-1.2892
563.560,9,-37.1947,1.7149,-1.2899
563.578,9,-37.1768,1.7133,-1.2909
563.604,9,-37.1587,1.7106,-1.2921
563.625,9,-37.1407,1.7080,-1.2933
563.650,9,-37.1226,1.7039,-1.2948
563.668,9,-37.1045,1.6999,-1.2963
563.692,9,-37.0860,1.6966,-1.2982
563.714,9,-37.0672,1.6931,-1.3006
563.732,9,-37.0485,1.6902,-1.3027
563.759,9,-37.0299,1.6897,-1.3054
563.776,9,-37.0113,1.6893,-1.3078
563.802,9,-36.9923,1.6922,-1.3112
563.825,9,-36.9736,1.6970,-1.3144
563.843,9,-36.9549,1.7026,-1.3173
563.869,9,-36.9377,1.7068,-1.3194
563.892,9,-36.9215,1.7077,-1.3207
563.910,9,-36.9063,1.7067,-1.3214
563.937,9,-36.8929,1.7061,-1.3217
563.955,9,-36.8783,1.7078,-1.3225
563.982,9,-36.8638,1.7111,-1.3234
564.005,9,-36.8490,1.7144,-1.3244
564.027,9,-36.8348,1.7169,-1.3253
564.049,9,-36.8208,1.7186,-1.3263
564.072,9,-36.8071,1.7194,-1.3276
564.094,9,-36.7929,1.7197,-1.3287
564.118,9,-36.7787,1.7192,-1.3300
564.140,9,-36.7645,1.7186,-1.3312
564.162,9,-36.7504,1.7174,-1.3323
564.185,9,-36.7363,1.7154,-1.3334
564.206,9,-36.7221,1.7129,-1.3345
564.229,9,-36.7075,1.7103,-1.3355
564.252,9,-36.6997,1.7087,-1.3360
564.274,9,-36.6917,1.7077,-1.3364
564.290,9,-36.6833,1.7069,-1.3369
564.303,9,-36.6752,1.7061,-1.3372
564.316,9,-36.6665,1.7054,-1.3376
564.328,9,-36.6579,1.7049,-1.3378
564.340,9,-36.6491,1.7045,-1.3381
564.354,9,-36.6403,1.7042,-1.3383
564.368,9,-36.6232,1.7038,-1.3386
564.379,9,-36.6143,1.7042,-1.3388
564.392,9,-36.6054,1.7050,-1.3388
564.405,9,-36.5970,1.7058,-1.3388
564.418,9,-36.5887,1.7066,-1.3388
564.431,9,-36.5804,1.7079,-1.3388
564.447,9,-36.5634,1.7103,-1.3387
564.462,9,-36.5471,1.7131,-1.3387
564.474,9,-36.5306,1.7155,-1.3387
564.488,9,-36.5143,1.7173,-1.3390
564.505,9,-36.4986,1.7180,-1.3395
564.520,9,-36.4832,1.7179,-1.3403
564.547,9,-36.4685,1.7171,-1.3417
564.569,9,-36.4534,1.7184,-1.3432
564.590,9,-36.4383,1.7201,-1.3448
564.612,9,-36.4234,1.7214,-1.3465
564.636,9,-36.4085,1.7238,-1.3482
564.653,9,-36.3940,1.7258,-1.3498
564.679,9,-36.3794,1.7268,-1.3517
564.701,9,-36.3646,1.7272,-1.3537
564.723,9,-36.3496,1.7270,-1.3559
564.746,9,-36.3346,1.7261,-1.3583
564.768,9,-36.3196,1.7246,-1.3609
564.790,9,-36.3047,1.7226,-1.3636
564.813,9,-36.2897,1.7202,-1.3667
564.837,9,-36.2745,1.7164,-1.3698
564.858,9,-36.2593,1.7128,-1.3731
564.883,9,-36.2436,1.7096,-1.3767
564.904,9,-36.2282,1.7066,-1.3802
564.928,9,-36.2124,1.7044,-1.3841
564.950,9,-36.1968,1.7030,-1.3883
564.972,9,-36.1813,1.7028,-1.3927
564.994,9,-36.1655,1.7045,-1.3975
565.016,9,-36.1499,1.7071,-1.4021
565.040,9,-36.1342,1.7111,-1.4067
565.062,9,-36.1192,1.7145,-1.4109
565.085,9,-36.1046,1.7176,-1.4150
565.107,9,-36.0906,1.7187,-1.4188
565.131,9,-36.0768,1.7189,-1.4223
565.151,9,-36.0621,1.7204,-1.4259
565.175,9,-36.0466,1.7229,-1.4291
565.199,9,-36.0390,1.7244,-1.4304
565.222,9,-36.0315,1.7260,-1.4317
565.239,9,-36.0240,1.7272,-1.4330
565.250,9,-36.0169,1.7280,-1.4344
565.263,9,-36.0095,1.7286,-1.4358
565.275,9,-36.0023,1.7290,-1.4372
565.287,9,-35.9877,1.7300,-1.4399
565.299,9,-35.9802,1.7301,-1.4410
565.311,9,-35.9725,1.7303,-1.4421
565.327,9,-35.9653,1.7302,-1.4430
565.340,9,-35.9581,1.7299,-1.4439
565.353,9,-35.9507,1.7298,-1.4449
565.365,9,-35.9435,1.7295,-1.4457
565.377,9,-35.9283,1.7290,-1.4475
565.393,9,-35.9204,1.7282,-1.4482
565.407,9,-35.9126,1.7271,-1.4487
565.418,9,-35.8980,1.7253,-1.4501
565.433,9,-35.8828,1.7229,-1.4514
565.445,9,-35.8675,1.7204,-1.4526
565.462,9,-35.8518,1.7172,-1.4535
565.485,9,-35.8359,1.7141,-1.4542
565.504,9,-35.8206,1.7119,-1.4548
565.535,9,-35.8050,1.7109,-1.4547
565.553,9,-35.7898,1.7095,-1.4548
565.577,9,-35.7745,1.7100,-1.4545
565.600,9,-35.7597,1.7113,-1.4540
565.618,9,-35.7451,1.7120,-1.4537
565.645,9,-35.7309,1.7157,-1.4535
565.664,9,-35.7168,1.7184,-1.4533
565.691,9,-35.7035,1.7214,-1.4533
565.708,9,-35.6903,1.7230,-1.4535
565.734,9,-35.6777,1.7236,-1.4542
565.757,9,-35.6653,1.7243,-1.4553
565.774,9,-35.6525,1.7253,-1.4563
565.801,9,-35.6402,1.7268,-1.4576
565.825,9,-35.6284,1.7287,-1.4591
565.849,9,-35.6167,1.7304,-1.4604
565.866,9,-35.6050,1.7319,-1.4616
565.894,9,-35.5939,1.7330,-1.4631
565.917,9,-35.5831,1.7339,-1.4643
565.935,9,-35.5721,1.7345,-1.4656
565.963,9,-35.5619,1.7343,-1.4667
565.981,9,-35.5515,1.7340,-1.4678
566.008,9,-35.5415,1.7328,-1.4694
566.026,9,-35.5315,1.7318,-1.4707
566.052,9,-35.5218,1.7304,-1.4723
566.072,9,-35.5117,1.7296,-1.4741
566.098,9,-35.5018,1.7294,-1.4759
566.119,9,-35.4918,1.7287,-1.4779
566.143,9,-35.4812,1.7278,-1.4803
566.162,9,-35.4759,1.7278,-1.4817
566.189,9,-35.4708,1.7273,-1.4832
566.206,9,-35.4657,1.7268,-1.4847
566.218,9,-35.4609,1.7267,-1.4858
566.237,9,-35.4510,1.7276,-1.4885
566.248,9,-35.4462,1.7279,-1.4898
566.268,9,-35.4418,1.7276,-1.4910
566.279,9,-35.4373,1.7274,-1.4922
566.292,9,-35.4282,1.7277,-1.4949
566.312,9,-35.4239,1.7288,-1.4961
566.327,9,-35.4199,1.7293,-1.4972
566.340,9,-35.4079,1.7304,-1.5002
566.351,9,-35.4006,1.7310,-1.5023
566.375,9,-35.3902,1.7314,-1.5048
566.387,9,-35.3874,1.7316,-1.5057
566.411,9,-35.3814,1.7324,-1.5067
566.431,9,-35.3756,1.7332,-1.5076
566.451,9,-35.3700,1.7347,-1.5083
566.476,9,-35.3646,1.7361,-1.5088
566.496,9,-35.3594,1.7370,-1.5092
566.519,9,-35.3542,1.7379,-1.5097
566.541,9,-35.3492,1.7388,-1.5101
566.566,9,-35.3443,1.7391,-1.5102
566.585,9,-35.3397,1.7392,-1.5100
566.609,9,-35.3356,1.7390,-1.5094
566.629,9,-35.3317,1.7388,-1.5088
566.656,9,-35.3282,1.7383,-1.5076
566.674,9,-35.3245,1.7385,-1.5066
566.698,9,-35.3212,1.7395,-1.5053
566.717,9,-35.3179,1.7403,-1.5041
566.743,9,-35.3146,1.7423,-1.5025
566.763,9,-35.3112,1.7435,-1.5008
566.790,9,-35.3081,1.7437,-1.5003
566.808,9,-35.3050,1.7443,-1.4991
566.834,9,-35.3022,1.7450,-1.4987
566.858,9,-35.2992,1.7461,-1.4975
566.881,9,-35.2961,1.7468,-1.4964
566.901,9,-35.2933,1.7472,-1.4953
566.926,9,-35.2906,1.7472,-1.4951
566.947,9,-35.2880,1.7467,-1.4951
566.971,9,-35.2854,1.7461,-1.4945
566.990,9,-35.2827,1.7456,-1.4935
567.015,9,-35.2803,1.7452,-1.4931
567.033,9,-35.2781,1.7451,-1.4926
567.058,9,-35.2759,1.7452,-1.4919
567.081,9,-35.2750,1.7453,-1.4915
567.101,9,-35.2738,1.7456,-1.4910
567.121,9,-35.2727,1.7457,-1.4906
567.135,9,-35.2717,1.7458,-1.4907
567.152,9,-35.2697,1.7459,-1.4898
567.167,9,-35.2687,1.7458,-1.4894
567.181,9,-35.2677,1.7457,-1.4890
567.198,9,-35.2659,1.7458,-1.4880
567.212,9,-35.2652,1.7458,-1.4879
567.227,9,-35.2645,1.7456,-1.4877
567.243,9,-35.2630,1.7453,-1.4871
567.258,9,-35.2625,1.7451,-1.4868
567.273,9,-35.2620,1.7450,-1.4870
567.288,9,-35.2615,1.7449,-1.4868
567.305,9,-35.2599,1.7445,-1.4861
567.321,9,-35.2590,1.7441,-1.4855
567.338,9,-35.2578,1.7437,-1.4851
567.371,9,-35.2575,1.7435,-1.4850
567.385,9,-35.2571,1.7433,-1.4847

# --- Trial 10 start ---
576.094,10,-39.5948,1.6916,-1.1620
576.209,10,-39.5955,1.6913,-1.1556
576.235,10,-39.5958,1.6913,-1.1534
576.253,10,-39.5962,1.6912,-1.1504
576.270,10,-39.5960,1.6912,-1.1497
576.288,10,-39.5958,1.6912,-1.1483
576.300,10,-39.5956,1.6913,-1.1469
576.315,10,-39.5952,1.6913,-1.1455
576.331,10,-39.5949,1.6911,-1.1440
576.347,10,-39.5944,1.6906,-1.1426
576.373,10,-39.5936,1.6896,-1.1412
576.395,10,-39.5927,1.6888,-1.1401
576.416,10,-39.5919,1.6881,-1.1390
576.439,10,-39.5909,1.6875,-1.1380
576.457,10,-39.5900,1.6868,-1.1370
576.482,10,-39.5889,1.6856,-1.1362
576.505,10,-39.5875,1.6844,-1.1356
576.527,10,-39.5857,1.6847,-1.1354
576.548,10,-39.5837,1.6855,-1.1353
576.571,10,-39.5818,1.6857,-1.1356
576.593,10,-39.5798,1.6867,-1.1360
576.616,10,-39.5774,1.6878,-1.1366
576.640,10,-39.5751,1.6887,-1.1376
576.662,10,-39.5727,1.6887,-1.1388
576.685,10,-39.5702,1.6883,-1.1399
576.709,10,-39.5672,1.6882,-1.1411
576.731,10,-39.5640,1.6882,-1.1423
576.755,10,-39.5604,1.6877,-1.1435
576.777,10,-39.5570,1.6867,-1.1447
576.800,10,-39.5535,1.6856,-1.1457
576.819,10,-39.5502,1.6847,-1.1468
576.845,10,-39.5466,1.6832,-1.1480
576.868,10,-39.5432,1.6809,-1.1493
576.889,10,-39.5394,1.6774,-1.1506
576.912,10,-39.5345,1.6731,-1.1521
576.935,10,-39.5282,1.6760,-1.1538
576.958,10,-39.5202,1.6863,-1.1562
576.982,10,-39.5132,1.6867,-1.1585
577.003,10,-39.5079,1.6837,-1.1611
577.024,10,-39.5047,1.6817,-1.1630
577.047,10,-39.5020,1.6812,-1.1650
577.066,10,-39.4991,1.6806,-1.1665
577.079,10,-39.4965,1.6798,-1.1680
577.091,10,-39.4937,1.6789,-1.1695
577.106,10,-39.4908,1.6781,-1.1712
577.126,10,-39.4855,1.6776,-1.1747
577.140,10,-39.4828,1.6773,-1.1764
577.155,10,-39.4772,1.6763,-1.1800
577.170,10,-39.4748,1.6755,-1.1817
577.185,10,-39.4696,1.6745,-1.1851
577.199,10,-39.4643,1.6741,-1.1883
577.213,10,-39.4590,1.6738,-1.1916
577.230,10,-39.4531,1.6735,-1.1947
577.247,10,-39.4472,1.6727,-1.1976
577.273,10,-39.4405,1.6716,-1.2005
577.294,10,-39.4339,1.6702,-1.2030
577.316,10,-39.4266,1.6692,-1.2052
577.340,10,-39.4189,1.6685,-1.2074
577.362,10,-39.4107,1.6681,-1.2096
577.385,10,-39.4018,1.6677,-1.2114
577.406,10,-39.3923,1.6670,-1.2132
577.429,10,-39.3823,1.6662,-1.2148
577.451,10,-39.3711,1.6651,-1.2162
577.474,10,-39.3600,1.6635,-1.2173
577.497,10,-39.3482,1.6613,-1.2182
577.519,10,-39.3358,1.6585,-1.2188
577.541,10,-39.3233,1.6559,-1.2193
577.560,10,-39.3105,1.6535,-1.2199
577.586,10,-39.2972,1.6510,-1.2193
577.609,10,-39.2838,1.6490,-1.2184
577.631,10,-39.2701,1.6473,-1.2173
577.655,10,-39.2561,1.6466,-1.2161
577.677,10,-39.2418,1.6485,-1.2148
577.700,10,-39.2272,1.6520,-1.2132
577.722,10,-39.2126,1.6561,-1.2117
577.745,10,-39.1983,1.6607,-1.2109
577.768,10,-39.1838,1.6659,-1.2104
577.790,10,-39.1699,1.6695,-1.2101
577.812,10,-39.1559,1.6712,-1.2101
577.835,10,-39.1419,1.6726,-1.2105
577.858,10,-39.1271,1.6752,-1.2113
577.880,10,-39.1123,1.6772,-1.2119
577.901,10,-39.0975,1.6791,-1.2128
577.924,10,-39.0895,1.6795,-1.2136
577.949,10,-39.0817,1.6796,-1.2142
577.966,10,-39.0742,1.6797,-1.2148
577.978,10,-39.0668,1.6799,-1.2152
577.991,10,-39.0591,1.6801,-1.2157
578.004,10,-39.0443,1.6803,-1.2164
578.017,10,-39.0363,1.6801,-1.2170
578.031,10,-39.0287,1.6798,-1.2174
578.044,10,-39.0214,1.6796,-1.2178
578.058,10,-39.0138,1.6791,-1.2184
578.071,10,-38.9990,1.6784,-1.2194
578.084,10,-38.9911,1.6776,-1.2200
578.098,10,-38.9834,1.6766,-1.2205
578.113,10,-38.9759,1.6754,-1.2211
578.127,10,-38.9600,1.6730,-1.2223
578.139,10,-38.9517,1.6716,-1.2231
578.155,10,-38.9194,1.6667,-1.2260
578.170,10,-38.9027,1.6641,-1.2278
578.194,10,-38.8850,1.6624,-1.2301
578.216,10,-38.8673,1.6611,-1.2326
578.238,10,-38.8490,1.6608,-1.2353
578.260,10,-38.8308,1.6620,-1.2382
578.282,10,-38.8117,1.6660,-1.2414
578.305,10,-38.7925,1.6706,-1.2447
578.327,10,-38.7738,1.6757,-1.2478
578.348,10,-38.7552,1.6806,-1.2507
578.370,10,-38.7371,1.6847,-1.2531
578.392,10,-38.7192,1.6872,-1.2557
578.415,10,-38.7017,1.6886,-1.2579
578.440,10,-38.6843,1.6904,-1.2598
578.461,10,-38.6666,1.6931,-1.2618
578.484,10,-38.6493,1.6955,-1.2632
578.506,10,-38.6318,1.6980,-1.2645
578.528,10,-38.6139,1.6994,-1.2657
578.551,10,-38.5960,1.6994,-1.2667
578.573,10,-38.5778,1.6986,-1.2676
578.596,10,-38.5593,1.6969,-1.2682
578.619,10,-38.5404,1.6943,-1.2687
578.643,10,-38.5212,1.6907,-1.2691
578.665,10,-38.5022,1.6868,-1.2694
578.687,10,-38.4830,1.6821,-1.2697
578.709,10,-38.4638,1.6773,-1.2697
578.733,10,-38.4442,1.6731,-1.2694
578.756,10,-38.4243,1.6696,-1.2690
578.780,10,-38.4038,1.6675,-1.2683
578.802,10,-38.3833,1.6663,-1.2675
578.823,10,-38.3617,1.6658,-1.2664
578.847,10,-38.3400,1.6673,-1.2651
578.870,10,-38.3188,1.6714,-1.2637
578.894,10,-38.3085,1.6747,-1.2629
578.917,10,-38.2979,1.6781,-1.2625
578.935,10,-38.2876,1.6810,-1.2621
578.947,10,-38.2773,1.6831,-1.2617
578.961,10,-38.2671,1.6850,-1.2615
578.975,10,-38.2565,1.6867,-1.2614
578.988,10,-38.2370,1.6897,-1.2612
579.002,10,-38.2271,1.6913,-1.2615
579.014,10,-38.2170,1.6930,-1.2619
579.027,10,-38.2073,1.6944,-1.2621
579.041,10,-38.1883,1.6970,-1.2626
579.055,10,-38.1692,1.6994,-1.2631
579.068,10,-38.1407,1.7031,-1.2641
579.093,10,-38.1234,1.7042,-1.2652
579.111,10,-38.1059,1.7048,-1.2662
579.134,10,-38.0878,1.7044,-1.2673
579.157,10,-38.0691,1.7038,-1.2685
579.182,10,-38.0501,1.7024,-1.2699
579.203,10,-38.0314,1.7004,-1.2713
579.226,10,-38.0126,1.6979,-1.2727
579.248,10,-37.9940,1.6949,-1.2743
579.271,10,-37.9750,1.6912,-1.2763
579.294,10,-37.9560,1.6862,-1.2784
579.315,10,-37.9366,1.6820,-1.2807
579.338,10,-37.9169,1.6783,-1.2834
579.361,10,-37.8973,1.6761,-1.2862
579.379,10,-37.8774,1.6750,-1.2892
579.404,10,-37.8576,1.6752,-1.2927
579.426,10,-37.8379,1.6777,-1.2967
579.449,10,-37.8180,1.6822,-1.3009
579.472,10,-37.7983,1.6872,-1.3049
579.494,10,-37.7784,1.6928,-1.3087
579.517,10,-37.7593,1.6970,-1.3119
579.541,10,-37.7408,1.6998,-1.3148
579.564,10,-37.7228,1.7020,-1.3175
579.586,10,-37.7049,1.7045,-1.3199
579.611,10,-37.6871,1.7069,-1.3220
579.631,10,-37.6691,1.7095,-1.3242
579.654,10,-37.6508,1.7121,-1.3260
579.678,10,-37.6327,1.7136,-1.3275
579.700,10,-37.6144,1.7140,-1.3291
579.722,10,-37.5961,1.7135,-1.3306
579.745,10,-37.5775,1.7119,-1.3318
579.767,10,-37.5587,1.7099,-1.3329
579.789,10,-37.5491,1.7079,-1.3331
579.811,10,-37.5393,1.7061,-1.3333
579.829,10,-37.5297,1.7041,-1.3335
579.842,10,-37.5204,1.7022,-1.3338
579.855,10,-37.5108,1.7002,-1.3341
579.868,10,-37.4919,1.6969,-1.3346
579.881,10,-37.4820,1.6951,-1.3348
579.894,10,-37.4719,1.6933,-1.3349
579.909,10,-37.4623,1.6917,-1.3350
579.923,10,-37.4430,1.6887,-1.3352
579.937,10,-37.4333,1.6877,-1.3351
579.950,10,-37.4235,1.6870,-1.3349
579.965,10,-37.3942,1.6843,-1.3347
579.978,10,-37.3742,1.6832,-1.3343
579.994,10,-37.3541,1.6831,-1.3339
580.012,10,-37.3342,1.6853,-1.3332
580.038,10,-37.3143,1.6896,-1.3322
580.060,10,-37.2948,1.6937,-1.3315
580.082,10,-37.2758,1.6988,-1.3310
580.104,10,-37.2575,1.7024,-1.3307
580.128,10,-37.2400,1.7042,-1.3310
580.149,10,-37.2230,1.7057,-1.3317
580.167,10,-37.2057,1.7082,-1.3324
580.195,10,-37.1890,1.7111,-1.3334
580.215,10,-37.1719,1.7138,-1.3342
580.238,10,-37.1550,1.7173,-1.3352
580.260,10,-37.1382,1.7197,-1.3362
580.282,10,-37.1215,1.7208,-1.3373
580.306,10,-37.1047,1.7208,-1.3385
580.329,10,-37.0876,1.7201,-1.3400
580.351,10,-37.0706,1.7185,-1.3414
580.373,10,-37.0532,1.7164,-1.3429
580.396,10,-37.0357,1.7138,-1.3444
580.419,10,-37.0182,1.7108,-1.3463
580.441,10,-37.0007,1.7070,-1.3482
580.463,10,-36.9834,1.7030,-1.3503
580.487,10,-36.9744,1.7006,-1.3517
580.502,10,-36.9651,1.6987,-1.3530
580.516,10,-36.9560,1.6973,-1.3545
580.529,10,-36.9469,1.6963,-1.3559
580.542,10,-36.9375,1.6958,-1.3574
580.555,10,-36.9191,1.6944,-1.3603
580.567,10,-36.9096,1.6946,-1.3620
580.580,10,-36.9001,1.6950,-1.3637
580.593,10,-36.8910,1.6967,-1.3655
580.607,10,-36.8821,1.6985,-1.3672
580.620,10,-36.8633,1.7008,-1.3707
580.632,10,-36.8541,1.7030,-1.3723
580.645,10,-36.8450,1.7049,-1.3741
580.662,10,-36.8269,1.7082,-1.3772
580.675,10,-36.8181,1.7099,-1.3786
580.687,10,-36.8096,1.7113,-1.3799
580.700,10,-36.8013,1.7121,-1.3811
580.714,10,-36.7930,1.7125,-1.3822
580.726,10,-36.7848,1.7131,-1.3834
580.740,10,-36.7766,1.7141,-1.3844
580.753,10,-36.7682,1.7154,-1.3855
580.766,10,-36.7599,1.7167,-1.3866
580.779,10,-36.7432,1.7190,-1.3887
580.792,10,-36.7350,1.7202,-1.3895
580.805,10,-36.7268,1.7216,-1.3904
580.820,10,-36.7192,1.7230,-1.3911
580.834,10,-36.7030,1.7253,-1.3927
580.847,10,-36.6951,1.7261,-1.3934
580.860,10,-36.6870,1.7265,-1.3941
580.872,10,-36.6709,1.7276,-1.3958
580.888,10,-36.6550,1.7280,-1.3972
580.904,10,-36.6387,1.7281,-1.3986
580.926,10,-36.6225,1.7275,-1.3998
580.948,10,-36.6063,1.7258,-1.4009
580.972,10,-36.5902,1.7234,-1.4017
580.995,10,-36.5742,1.7205,-1.4026
581.016,10,-36.5581,1.7170,-1.4034
581.038,10,-36.5420,1.7132,-1.4040
581.059,10,-36.5259,1.7100,-1.4048
581.081,10,-36.5095,1.7072,-1.4053
581.104,10,-36.4930,1.7052,-1.4057
581.127,10,-36.4764,1.7044,-1.4060
581.149,10,-36.4595,1.7050,-1.4062
581.170,10,-36.4426,1.7075,-1.4060
581.193,10,-36.4258,1.7107,-1.4054
581.214,10,-36.4094,1.7137,-1.4049
581.238,10,-36.3931,1.7168,-1.4046
581.260,10,-36.3778,1.7212,-1.4042
581.283,10,-36.3625,1.7221,-1.4041
581.306,10,-36.3476,1.7219,-1.4046
581.328,10,-36.3329,1.7223,-1.4053
581.353,10,-36.3185,1.7235,-1.4064
581.374,10,-36.3039,1.7249,-1.4073
581.396,10,-36.2972,1.7256,-1.4079
581.414,10,-36.2905,1.7267,-1.4085
581.426,10,-36.2836,1.7276,-1.4090
581.438,10,-36.2768,1.7284,-1.4096
581.452,10,-36.2701,1.7291,-1.4102
581.466,10,-36.2633,1.7297,-1.4108
581.478,10,-36.2493,1.7311,-1.4119
581.492,10,-36.2423,1.7316,-1.4126
581.505,10,-36.2354,1.7320,-1.4133
581.518,10,-36.2284,1.7323,-1.4140
581.531,10,-36.2214,1.7324,-1.4148
581.545,10,-36.2074,1.7324,-1.4162
581.558,10,-36.2004,1.7321,-1.4170
581.570,10,-36.1932,1.7316,-1.4180
581.583,10,-36.1860,1.7311,-1.4188
581.595,10,-36.1788,1.7304,-1.4198
581.613,10,-36.1643,1.7286,-1.4216
581.628,10,-36.1498,1.7263,-1.4233
581.643,10,-36.1423,1.7248,-1.4242
581.656,10,-36.1349,1.7236,-1.4252
581.668,10,-36.1275,1.7224,-1.4263
581.681,10,-36.1200,1.7210,-1.4273
581.696,10,-36.1125,1.7199,-1.4284
581.711,10,-36.0974,1.7181,-1.4306
581.723,10,-36.0822,1.7167,-1.4329
581.740,10,-36.0666,1.7161,-1.4357
581.762,10,-36.0513,1.7156,-1.4386
581.784,10,-36.0359,1.7160,-1.4417
581.805,10,-36.0208,1.7152,-1.4445
581.828,10,-36.0059,1.7166,-1.4472
581.850,10,-35.9909,1.7205,-1.4499
581.871,10,-35.9761,1.7234,-1.4524
581.894,10,-35.9619,1.7253,-1.4548
581.916,10,-35.9481,1.7262,-1.4568
581.940,10,-35.9347,1.7253,-1.4581
581.963,10,-35.9215,1.7244,-1.4596
581.985,10,-35.9080,1.7251,-1.4610
582.002,10,-35.8945,1.7265,-1.4624
582.028,10,-35.8811,1.7285,-1.4635
582.052,10,-35.8678,1.7302,-1.4645
582.070,10,-35.8543,1.7316,-1.4655
582.097,10,-35.8411,1.7322,-1.4664
582.116,10,-35.8279,1.7324,-1.4674
582.144,10,-35.8148,1.7314,-1.4678
582.161,10,-35.8016,1.7308,-1.4682
582.188,10,-35.7884,1.7293,-1.4683
582.206,10,-35.7752,1.7278,-1.4684
582.233,10,-35.7619,1.7255,-1.4682
582.251,10,-35.7489,1.7233,-1.4678
582.277,10,-35.7359,1.7211,-1.4672
582.296,10,-35.7225,1.7192,-1.4665
582.322,10,-35.7088,1.7173,-1.4655
582.346,10,-35.6950,1.7161,-1.4645
582.368,10,-35.6817,1.7155,-1.4632
582.391,10,-35.6686,1.7155,-1.4619
582.415,10,-35.6553,1.7172,-1.4605
582.438,10,-35.6487,1.7192,-1.4596
582.461,10,-35.6424,1.7214,-1.4587
582.472,10,-35.6360,1.7231,-1.4581
582.490,10,-35.6302,1.7247,-1.4574
582.502,10,-35.6243,1.7257,-1.4568
582.520,10,-35.6125,1.7272,-1.4560
582.531,10,-35.6066,1.7279,-1.4558
582.551,10,-35.6010,1.7282,-1.4558
582.564,10,-35.5895,1.7290,-1.4553
582.583,10,-35.5842,1.7291,-1.4553
582.594,10,-35.5787,1.7294,-1.4553
582.613,10,-35.5624,1.7309,-1.4552
582.625,10,-35.5518,1.7320,-1.4550
582.649,10,-35.5365,1.7335,-1.4551
582.669,10,-35.5268,1.7346,-1.4559
582.691,10,-35.5173,1.7359,-1.4565
582.715,10,-35.5082,1.7368,-1.4570
582.737,10,-35.4994,1.7375,-1.4576
582.759,10,-35.4910,1.7379,-1.4582
582.782,10,-35.4827,1.7377,-1.4589
582.804,10,-35.4749,1.7375,-1.4597
582.826,10,-35.4672,1.7374,-1.4605
582.848,10,-35.4599,1.7371,-1.4616
582.871,10,-35.4530,1.7366,-1.4627
582.893,10,-35.4462,1.7365,-1.4639
582.915,10,-35.4397,1.7363,-1.4651
582.938,10,-35.4333,1.7359,-1.4665
582.959,10,-35.4272,1.7351,-1.4679
582.982,10,-35.4215,1.7338,-1.4694
583.003,10,-35.4163,1.7326,-1.4711
583.025,10,-35.4113,1.7322,-1.4732
583.049,10,-35.4061,1.7332,-1.4753
583.072,10,-35.4011,1.7335,-1.4773
583.096,10,-35.3965,1.7340,-1.4795
583.114,10,-35.3918,1.7345,-1.4814
583.141,10,-35.3873,1.7353,-1.4833
583.159,10,-35.3825,1.7361,-1.4852
583.186,10,-35.3775,1.7369,-1.4869
583.208,10,-35.3726,1.7377,-1.4882
583.231,10,-35.3677,1.7383,-1.4894
583.254,10,-35.3627,1.7383,-1.4905
583.272,10,-35.3577,1.7384,-1.4914
583.298,10,-35.3526,1.7386,-1.4921
583.316,10,-35.3477,1.7388,-1.4928
583.343,10,-35.3427,1.7390,-1.4931
583.361,10,-35.3402,1.7391,-1.4931
583.388,10,-35.3378,1.7393,-1.4931
583.405,10,-35.3353,1.7395,-1.4930
583.416,10,-35.3329,1.7395,-1.4930
583.435,10,-35.3304,1.7396,-1.4930
583.446,10,-35.3254,1.7398,-1.4930
583.465,10,-35.3233,1.7398,-1.4928
583.477,10,-35.3210,1.7397,-1.4928
583.497,10,-35.3164,1.7396,-1.4926
583.509,10,-35.3140,1.7396,-1.4922
583.528,10,-35.3096,1.7397,-1.4916
583.538,10,-35.3073,1.7398,-1.4912
583.559,10,-35.3028,1.7399,-1.4902
583.569,10,-35.2961,1.7399,-1.4890
583.590,10,-35.2941,1.7404,-1.4889
583.608,10,-35.2879,1.7418,-1.4878
583.623,10,-35.2864,1.7425,-1.4876
583.645,10,-35.2842,1.7420,-1.4871
583.666,10,-35.2822,1.7421,-1.4870
583.689,10,-35.2803,1.7436,-1.4870
583.710,10,-35.2783,1.7438,-1.4869
583.732,10,-35.2767,1.7438,-1.4874
583.753,10,-35.2750,1.7440,-1.4874
583.775,10,-35.2737,1.7437,-1.4873
583.797,10,-35.2723,1.7431,-1.4871
583.819,10,-35.2711,1.7426,-1.4867
583.841,10,-35.2700,1.7424,-1.4862
583.863,10,-35.2689,1.7424,-1.4871
583.884,10,-35.2679,1.7424,-1.4868
583.907,10,-35.2668,1.7428,-1.4873
583.928,10,-35.2655,1.7430,-1.4868
583.950,10,-35.2644,1.7429,-1.4865
583.972,10,-35.2633,1.7428,-1.4865
583.994,10,-35.2621,1.7429,-1.4863
584.016,10,-35.2606,1.7432,-1.4862
584.037,10,-35.2591,1.7438,-1.4860
584.059,10,-35.2576,1.7444,-1.4858
584.082,10,-35.2560,1.7447,-1.4853
584.104,10,-35.2543,1.7445,-1.4849
584.129,10,-35.2526,1.7441,-1.4845
584.152,10,-35.2505,1.7435,-1.4800
584.174,10,-35.2493,1.7430,-1.4797
584.197,10,-35.2482,1.7426,-1.4794
584.215,10,-35.2470,1.7425,-1.4789
584.240,10,-35.2459,1.7426,-1.4782
584.261,10,-35.2449,1.7425,-1.4776
584.284,10,-35.2438,1.7425,-1.4770
584.308,10,-35.2434,1.7424,-1.4767
