timestamp, trial, HMD_x, HMD_y,HMD_z

# --- Trial 1 start ---
800.700,1,-39.7344,1.6884,-1.1315
800.710,1,-39.7342,1.6881,-1.1319
800.721,1,-39.7342,1.6878,-1.1322
800.732,1,-39.7342,1.6875,-1.1326
800.743,1,-39.7342,1.6873,-1.1330
800.755,1,-39.7342,1.6869,-1.1335
800.766,1,-39.7344,1.6867,-1.1340
800.777,1,-39.7345,1.6864,-1.1345
800.788,1,-39.7346,1.6861,-1.1350
800.799,1,-39.7347,1.6859,-1.1356
800.810,1,-39.7349,1.6856,-1.1362
800.821,1,-39.7351,1.6854,-1.1368
800.832,1,-39.7352,1.6852,-1.1375
800.844,1,-39.7353,1.6851,-1.1383
800.859,1,-39.7355,1.6849,-1.1390
800.871,1,-39.7357,1.6848,-1.1398
800.879,1,-39.7360,1.6846,-1.1406
800.884,1,-39.7361,1.6846,-1.1414
800.897,1,-39.7364,1.6845,-1.1423
800.909,1,-39.7366,1.6845,-1.1433
800.926,1,-39.7369,1.6844,-1.1444
800.931,1,-39.7372,1.6843,-1.1453
800.941,1,-39.7376,1.6843,-1.1464
800.952,1,-39.7379,1.6843,-1.1475
800.963,1,-39.7384,1.6843,-1.1488
800.974,1,-39.7388,1.6842,-1.1501
800.985,1,-39.7394,1.6843,-1.1514
800.996,1,-39.7399,1.6843,-1.1527
801.008,1,-39.7404,1.6842,-1.1541
801.018,1,-39.7410,1.6842,-1.1556
801.030,1,-39.7416,1.6842,-1.1569
801.041,1,-39.7422,1.6841,-1.1584
801.052,1,-39.7428,1.6842,-1.1599
801.063,1,-39.7434,1.6843,-1.1613
801.074,1,-39.7441,1.6843,-1.1627
801.085,1,-39.7449,1.6844,-1.1640
801.097,1,-39.7456,1.6844,-1.1653
801.107,1,-39.7464,1.6844,-1.1665
801.119,1,-39.7472,1.6845,-1.1678
801.130,1,-39.7479,1.6845,-1.1691
801.141,1,-39.7486,1.6846,-1.1703
801.152,1,-39.7492,1.6846,-1.1715
801.163,1,-39.7499,1.6847,-1.1725
801.174,1,-39.7505,1.6847,-1.1736
801.185,1,-39.7511,1.6847,-1.1747
801.196,1,-39.7517,1.6847,-1.1757
801.207,1,-39.7522,1.6847,-1.1767
801.218,1,-39.7528,1.6846,-1.1776
801.229,1,-39.7533,1.6846,-1.1785
801.241,1,-39.7537,1.6845,-1.1793
801.252,1,-39.7542,1.6845,-1.1802
801.263,1,-39.7547,1.6845,-1.1808
801.274,1,-39.7551,1.6844,-1.1815
801.285,1,-39.7556,1.6843,-1.1820
801.296,1,-39.7559,1.6842,-1.1827
801.308,1,-39.7563,1.6841,-1.1831
801.319,1,-39.7565,1.6840,-1.1836
801.330,1,-39.7568,1.6839,-1.1839
801.341,1,-39.7570,1.6837,-1.1843
801.352,1,-39.7572,1.6836,-1.1845
801.363,1,-39.7574,1.6835,-1.1847
801.374,1,-39.7575,1.6833,-1.1849
801.385,1,-39.7577,1.6832,-1.1850
801.397,1,-39.7578,1.6831,-1.1852
801.408,1,-39.7580,1.6829,-1.1851
801.419,1,-39.7581,1.6827,-1.1852
801.430,1,-39.7582,1.6825,-1.1851
801.442,1,-39.7583,1.6823,-1.1850
801.453,1,-39.7584,1.6820,-1.1848
801.464,1,-39.7584,1.6816,-1.1846
801.475,1,-39.7584,1.6811,-1.1845
801.486,1,-39.7584,1.6806,-1.1841
801.498,1,-39.7584,1.6801,-1.1839
801.509,1,-39.7583,1.6795,-1.1835
801.520,1,-39.7582,1.6789,-1.1831
801.531,1,-39.7582,1.6783,-1.1827
801.542,1,-39.7579,1.6777,-1.1823
801.553,1,-39.7577,1.6771,-1.1818
801.564,1,-39.7575,1.6766,-1.1814
801.575,1,-39.7573,1.6761,-1.1810
801.586,1,-39.7572,1.6755,-1.1805
801.597,1,-39.7571,1.6748,-1.1800
801.609,1,-39.7571,1.6743,-1.1795
801.620,1,-39.7570,1.6737,-1.1789
801.631,1,-39.7568,1.6733,-1.1784
801.642,1,-39.7566,1.6730,-1.1779
801.653,1,-39.7565,1.6728,-1.1773
801.664,1,-39.7563,1.6726,-1.1768
801.676,1,-39.7562,1.6724,-1.1762
801.687,1,-39.7560,1.6723,-1.1757
801.698,1,-39.7559,1.6722,-1.1752
801.709,1,-39.7558,1.6721,-1.1747
801.720,1,-39.7557,1.6720,-1.1742
801.731,1,-39.7557,1.6720,-1.1737
801.742,1,-39.7556,1.6720,-1.1732
801.753,1,-39.7555,1.6720,-1.1728
801.764,1,-39.7555,1.6719,-1.1724
801.775,1,-39.7555,1.6718,-1.1720
801.786,1,-39.7555,1.6719,-1.1716
801.798,1,-39.7556,1.6719,-1.1712
801.809,1,-39.7555,1.6720,-1.1708
801.820,1,-39.7555,1.6720,-1.1704
801.831,1,-39.7555,1.6722,-1.1700
801.842,1,-39.7555,1.6723,-1.1696
801.853,1,-39.7554,1.6725,-1.1693
801.864,1,-39.7553,1.6726,-1.1689
801.875,1,-39.7551,1.6727,-1.1685
801.886,1,-39.7550,1.6730,-1.1682
801.897,1,-39.7548,1.6732,-1.1679
801.908,1,-39.7546,1.6734,-1.1675
801.920,1,-39.7543,1.6735,-1.1671
801.931,1,-39.7541,1.6737,-1.1667
801.942,1,-39.7538,1.6739,-1.1663
801.953,1,-39.7534,1.6742,-1.1659
801.964,1,-39.7531,1.6745,-1.1654
801.975,1,-39.7528,1.6748,-1.1650
801.986,1,-39.7523,1.6751,-1.1645
801.998,1,-39.7518,1.6755,-1.1640
802.008,1,-39.7513,1.6759,-1.1636
802.020,1,-39.7507,1.6763,-1.1631
802.031,1,-39.7502,1.6767,-1.1626
802.042,1,-39.7495,1.6770,-1.1621
802.053,1,-39.7489,1.6775,-1.1616
802.064,1,-39.7484,1.6779,-1.1610
802.075,1,-39.7478,1.6783,-1.1604
802.087,1,-39.7471,1.6787,-1.1596
802.098,1,-39.7466,1.6791,-1.1590
802.109,1,-39.7461,1.6796,-1.1582
802.120,1,-39.7454,1.6800,-1.1574
802.131,1,-39.7447,1.6803,-1.1566
802.142,1,-39.7440,1.6806,-1.1557
802.153,1,-39.7434,1.6807,-1.1549
802.164,1,-39.7430,1.6808,-1.1540
802.175,1,-39.7424,1.6809,-1.1532
802.186,1,-39.7420,1.6810,-1.1523
802.197,1,-39.7415,1.6812,-1.1515
802.209,1,-39.7414,1.6812,-1.1506
802.221,1,-39.7411,1.6811,-1.1498
802.231,1,-39.7408,1.6811,-1.1490
802.241,1,-39.7405,1.6810,-1.1482
802.252,1,-39.7401,1.6809,-1.1475
802.263,1,-39.7396,1.6809,-1.1468
802.274,1,-39.7390,1.6811,-1.1462
802.285,1,-39.7384,1.6813,-1.1456
802.296,1,-39.7378,1.6816,-1.1452
802.308,1,-39.7373,1.6821,-1.1448
802.319,1,-39.7369,1.6825,-1.1444
802.330,1,-39.7364,1.6828,-1.1441
802.341,1,-39.7360,1.6830,-1.1438
802.353,1,-39.7356,1.6832,-1.1435
802.364,1,-39.7352,1.6834,-1.1433
802.375,1,-39.7348,1.6836,-1.1431
802.386,1,-39.7345,1.6838,-1.1429
802.397,1,-39.7342,1.6840,-1.1428
802.408,1,-39.7341,1.6842,-1.1426
802.419,1,-39.7339,1.6844,-1.1425
802.430,1,-39.7337,1.6845,-1.1425
802.442,1,-39.7335,1.6845,-1.1426
802.453,1,-39.7333,1.6845,-1.1427
802.464,1,-39.7331,1.6845,-1.1428
802.475,1,-39.7328,1.6844,-1.1430
802.486,1,-39.7327,1.6843,-1.1431
802.497,1,-39.7325,1.6842,-1.1433
802.508,1,-39.7324,1.6841,-1.1434
802.519,1,-39.7322,1.6841,-1.1436
802.530,1,-39.7320,1.6840,-1.1438
802.542,1,-39.7317,1.6840,-1.1440
802.553,1,-39.7314,1.6838,-1.1443
802.564,1,-39.7311,1.6835,-1.1445
802.575,1,-39.7309,1.6828,-1.1448
802.586,1,-39.7307,1.6820,-1.1451
802.598,1,-39.7305,1.6811,-1.1454
802.608,1,-39.7302,1.6799,-1.1457
802.620,1,-39.7298,1.6799,-1.1461
802.631,1,-39.7287,1.6826,-1.1466
802.642,1,-39.7274,1.6854,-1.1473
802.653,1,-39.7264,1.6873,-1.1480
802.665,1,-39.7254,1.6878,-1.1487
802.675,1,-39.7247,1.6878,-1.1493
802.687,1,-39.7243,1.6867,-1.1502
802.698,1,-39.7235,1.6854,-1.1511
802.709,1,-39.7227,1.6845,-1.1519
802.720,1,-39.7220,1.6842,-1.1527
802.731,1,-39.7214,1.6841,-1.1536
802.742,1,-39.7206,1.6840,-1.1546
802.753,1,-39.7198,1.6836,-1.1556
802.765,1,-39.7190,1.6830,-1.1568
802.775,1,-39.7182,1.6824,-1.1578
802.787,1,-39.7174,1.6819,-1.1587
802.797,1,-39.7165,1.6815,-1.1599
802.809,1,-39.7153,1.6813,-1.1611
802.820,1,-39.7143,1.6812,-1.1623
802.831,1,-39.7132,1.6812,-1.1636
802.842,1,-39.7121,1.6809,-1.1649
802.853,1,-39.7110,1.6804,-1.1663
802.865,1,-39.7099,1.6799,-1.1676
802.876,1,-39.7088,1.6796,-1.1690
802.887,1,-39.7076,1.6794,-1.1703
802.898,1,-39.7063,1.6791,-1.1716
802.909,1,-39.7048,1.6787,-1.1730
802.920,1,-39.7034,1.6783,-1.1743
802.931,1,-39.7019,1.6777,-1.1756
802.942,1,-39.7002,1.6771,-1.1769
802.953,1,-39.6985,1.6765,-1.1782
802.964,1,-39.6967,1.6758,-1.1795
802.975,1,-39.6949,1.6751,-1.1808
802.987,1,-39.6930,1.6745,-1.1821
802.998,1,-39.6910,1.6740,-1.1833
803.009,1,-39.6888,1.6736,-1.1845
803.020,1,-39.6866,1.6732,-1.1858
803.031,1,-39.6842,1.6727,-1.1869
803.043,1,-39.6817,1.6722,-1.1882
803.054,1,-39.6790,1.6718,-1.1894
803.065,1,-39.6762,1.6714,-1.1903
803.076,1,-39.6733,1.6710,-1.1914
803.087,1,-39.6702,1.6706,-1.1922
803.098,1,-39.6671,1.6704,-1.1932
803.109,1,-39.6639,1.6701,-1.1939
803.120,1,-39.6604,1.6698,-1.1948
803.131,1,-39.6569,1.6697,-1.1956
803.142,1,-39.6533,1.6697,-1.1962
803.153,1,-39.6494,1.6694,-1.1969
803.163,1,-39.6457,1.6689,-1.1976
803.175,1,-39.6416,1.6685,-1.1981
803.186,1,-39.6375,1.6680,-1.1986
803.197,1,-39.6333,1.6674,-1.1991
803.208,1,-39.6287,1.6669,-1.1995
803.220,1,-39.6242,1.6663,-1.1999
803.230,1,-39.6196,1.6655,-1.2002
803.241,1,-39.6150,1.6646,-1.2005
803.253,1,-39.6101,1.6637,-1.2008
803.264,1,-39.6051,1.6626,-1.2009
803.274,1,-39.6000,1.6617,-1.2010
803.285,1,-39.5948,1.6609,-1.2010
803.297,1,-39.5894,1.6598,-1.2009
803.307,1,-39.5840,1.6587,-1.2008
803.319,1,-39.5787,1.6574,-1.2005
803.330,1,-39.5733,1.6561,-1.2002
803.341,1,-39.5678,1.6549,-1.1997
803.352,1,-39.5622,1.6535,-1.1991
803.363,1,-39.5566,1.6522,-1.1984
803.374,1,-39.5509,1.6510,-1.1977
803.385,1,-39.5451,1.6497,-1.1969
803.396,1,-39.5393,1.6486,-1.1961
803.407,1,-39.5334,1.6477,-1.1950
803.419,1,-39.5276,1.6470,-1.1940
803.430,1,-39.5215,1.6464,-1.1928
803.441,1,-39.5152,1.6460,-1.1914
803.452,1,-39.5090,1.6459,-1.1902
803.463,1,-39.5022,1.6463,-1.1888
803.474,1,-39.4956,1.6468,-1.1874
803.485,1,-39.4889,1.6476,-1.1859
803.497,1,-39.4821,1.6484,-1.1845
803.507,1,-39.4753,1.6496,-1.1833
803.519,1,-39.4684,1.6512,-1.1819
803.530,1,-39.4614,1.6529,-1.1807
803.541,1,-39.4544,1.6548,-1.1795
803.552,1,-39.4475,1.6565,-1.1782
803.563,1,-39.4406,1.6583,-1.1768
803.574,1,-39.4337,1.6602,-1.1756
803.586,1,-39.4269,1.6620,-1.1744
803.597,1,-39.4200,1.6636,-1.1734
803.609,1,-39.4133,1.6650,-1.1724
803.620,1,-39.4064,1.6662,-1.1715
803.631,1,-39.3998,1.6671,-1.1707
803.642,1,-39.3928,1.6680,-1.1701
803.653,1,-39.3861,1.6689,-1.1694
803.664,1,-39.3794,1.6698,-1.1689
803.675,1,-39.3726,1.6705,-1.1683
803.686,1,-39.3659,1.6712,-1.1679
803.697,1,-39.3591,1.6718,-1.1675
803.708,1,-39.3524,1.6724,-1.1671
803.720,1,-39.3455,1.6731,-1.1668
803.731,1,-39.3386,1.6739,-1.1666
803.742,1,-39.3318,1.6746,-1.1664
803.753,1,-39.3249,1.6752,-1.1663
803.764,1,-39.3181,1.6757,-1.1662
803.775,1,-39.3114,1.6760,-1.1661
803.786,1,-39.3046,1.6763,-1.1660
803.797,1,-39.2978,1.6764,-1.1661
803.808,1,-39.2911,1.6765,-1.1660
803.819,1,-39.2841,1.6767,-1.1662
803.830,1,-39.2771,1.6767,-1.1663
803.841,1,-39.2699,1.6767,-1.1664
803.852,1,-39.2627,1.6765,-1.1666
803.863,1,-39.2557,1.6764,-1.1669
803.874,1,-39.2482,1.6760,-1.1672
803.885,1,-39.2411,1.6755,-1.1675
803.896,1,-39.2335,1.6750,-1.1679
803.908,1,-39.2259,1.6743,-1.1684
803.919,1,-39.2181,1.6736,-1.1689
803.930,1,-39.2103,1.6727,-1.1694
803.941,1,-39.2025,1.6714,-1.1700
803.952,1,-39.1946,1.6699,-1.1706
803.963,1,-39.1867,1.6683,-1.1713
803.975,1,-39.1787,1.6667,-1.1720
803.986,1,-39.1705,1.6650,-1.1728
803.997,1,-39.1621,1.6634,-1.1736
804.008,1,-39.1539,1.6620,-1.1746
804.019,1,-39.1457,1.6608,-1.1757
804.030,1,-39.1373,1.6597,-1.1768
804.042,1,-39.1289,1.6589,-1.1780
804.053,1,-39.1203,1.6583,-1.1792
804.064,1,-39.1117,1.6579,-1.1805
804.075,1,-39.1031,1.6576,-1.1818
804.086,1,-39.0942,1.6577,-1.1833
804.097,1,-39.0854,1.6584,-1.1847
804.108,1,-39.0762,1.6599,-1.1862
804.119,1,-39.0673,1.6612,-1.1877
804.130,1,-39.0582,1.6629,-1.1892
804.142,1,-39.0491,1.6645,-1.1906
804.153,1,-39.0402,1.6666,-1.1920
804.164,1,-39.0310,1.6686,-1.1935
804.175,1,-39.0220,1.6705,-1.1948
804.186,1,-39.0133,1.6723,-1.1960
804.197,1,-39.0046,1.6742,-1.1972
804.208,1,-38.9957,1.6759,-1.1983
804.219,1,-38.9869,1.6775,-1.1995
804.230,1,-38.9780,1.6790,-1.2005
804.242,1,-38.9689,1.6804,-1.2015
804.254,1,-38.9599,1.6818,-1.2024
804.262,1,-38.9509,1.6832,-1.2033
804.274,1,-38.9419,1.6846,-1.2042
804.285,1,-38.9329,1.6860,-1.2050
804.296,1,-38.9239,1.6875,-1.2057
804.307,1,-38.9148,1.6889,-1.2064
804.318,1,-38.9056,1.6901,-1.2071
804.329,1,-38.8966,1.6912,-1.2077
804.340,1,-38.8875,1.6918,-1.2084
804.352,1,-38.8783,1.6923,-1.2090
804.362,1,-38.8691,1.6925,-1.2096
804.374,1,-38.8597,1.6925,-1.2101
804.385,1,-38.8505,1.6923,-1.2107
804.396,1,-38.8411,1.6919,-1.2111
804.407,1,-38.8317,1.6913,-1.2115
804.418,1,-38.8223,1.6907,-1.2119
804.429,1,-38.8128,1.6898,-1.2123
804.440,1,-38.8033,1.6887,-1.2125
804.452,1,-38.7937,1.6874,-1.2128
804.463,1,-38.7840,1.6861,-1.2131
804.474,1,-38.7742,1.6847,-1.2133
804.485,1,-38.7642,1.6830,-1.2134
804.496,1,-38.7545,1.6814,-1.2135
804.507,1,-38.7447,1.6795,-1.2136
804.518,1,-38.7351,1.6776,-1.2136
804.529,1,-38.7250,1.6758,-1.2136
804.540,1,-38.7149,1.6739,-1.2136
804.551,1,-38.7048,1.6722,-1.2136
804.562,1,-38.6947,1.6707,-1.2136
804.573,1,-38.6844,1.6695,-1.2136
804.585,1,-38.6739,1.6685,-1.2134
804.595,1,-38.6633,1.6678,-1.2132
804.607,1,-38.6527,1.6670,-1.2131
804.618,1,-38.6421,1.6666,-1.2128
804.629,1,-38.6314,1.6664,-1.2124
804.640,1,-38.6206,1.6667,-1.2121
804.652,1,-38.6096,1.6676,-1.2116
804.663,1,-38.5985,1.6691,-1.2112
804.674,1,-38.5874,1.6709,-1.2107
804.685,1,-38.5764,1.6727,-1.2103
804.697,1,-38.5656,1.6746,-1.2100
804.708,1,-38.5548,1.6765,-1.2097
804.719,1,-38.5441,1.6787,-1.2095
804.730,1,-38.5336,1.6809,-1.2093
804.741,1,-38.5233,1.6829,-1.2092
804.752,1,-38.5130,1.6846,-1.2092
804.763,1,-38.5028,1.6859,-1.2093
804.775,1,-38.4926,1.6870,-1.2096
804.785,1,-38.4826,1.6880,-1.2098
804.796,1,-38.4727,1.6892,-1.2101
804.807,1,-38.4626,1.6906,-1.2104
804.818,1,-38.4526,1.6920,-1.2107
804.830,1,-38.4426,1.6934,-1.2110
804.841,1,-38.4326,1.6947,-1.2114
804.852,1,-38.4225,1.6960,-1.2119
804.863,1,-38.4125,1.6971,-1.2123
804.874,1,-38.4026,1.6982,-1.2129
804.886,1,-38.3927,1.6992,-1.2133
804.897,1,-38.3828,1.6999,-1.2139
804.908,1,-38.3728,1.7004,-1.2144
804.919,1,-38.3629,1.7008,-1.2150
804.930,1,-38.3530,1.7009,-1.2156
804.941,1,-38.3430,1.7008,-1.2161
804.952,1,-38.3330,1.7007,-1.2167
804.963,1,-38.3229,1.7003,-1.2172
804.974,1,-38.3129,1.7000,-1.2178
804.986,1,-38.3031,1.6994,-1.2184
804.997,1,-38.2929,1.6986,-1.2191
805.008,1,-38.2828,1.6977,-1.2199
805.019,1,-38.2726,1.6964,-1.2206
805.030,1,-38.2623,1.6952,-1.2214
805.041,1,-38.2522,1.6938,-1.2222
805.052,1,-38.2421,1.6925,-1.2231
805.064,1,-38.2318,1.6908,-1.2240
805.075,1,-38.2215,1.6886,-1.2251
805.086,1,-38.2112,1.6865,-1.2262
805.097,1,-38.2007,1.6845,-1.2273
805.108,1,-38.1903,1.6827,-1.2286
805.119,1,-38.1797,1.6809,-1.2299
805.130,1,-38.1693,1.6791,-1.2314
805.141,1,-38.1587,1.6775,-1.2328
805.153,1,-38.1480,1.6760,-1.2344
805.163,1,-38.1372,1.6749,-1.2360
805.175,1,-38.1264,1.6742,-1.2377
805.185,1,-38.1154,1.6739,-1.2395
805.197,1,-38.1046,1.6738,-1.2412
805.208,1,-38.0935,1.6744,-1.2432
805.219,1,-38.0826,1.6753,-1.2451
805.230,1,-38.0716,1.6772,-1.2472
805.241,1,-38.0605,1.6791,-1.2494
805.252,1,-38.0492,1.6814,-1.2515
805.263,1,-38.0381,1.6837,-1.2536
805.274,1,-38.0272,1.6859,-1.2555
805.286,1,-38.0163,1.6878,-1.2573
805.297,1,-38.0056,1.6891,-1.2589
805.308,1,-37.9954,1.6902,-1.2603
805.319,1,-37.9851,1.6914,-1.2618
805.330,1,-37.9750,1.6929,-1.2631
805.341,1,-37.9647,1.6946,-1.2645
805.352,1,-37.9544,1.6963,-1.2660
805.363,1,-37.9442,1.6978,-1.2673
805.374,1,-37.9339,1.6992,-1.2689
805.385,1,-37.9237,1.7007,-1.2702
805.397,1,-37.9134,1.7023,-1.2716
805.407,1,-37.9030,1.7040,-1.2729
805.419,1,-37.8928,1.7054,-1.2740
805.430,1,-37.8825,1.7067,-1.2751
805.441,1,-37.8721,1.7076,-1.2762
805.452,1,-37.8619,1.7081,-1.2772
805.463,1,-37.8516,1.7086,-1.2784
805.474,1,-37.8413,1.7084,-1.2794
805.485,1,-37.8310,1.7082,-1.2805
805.496,1,-37.8208,1.7077,-1.2814
805.508,1,-37.8103,1.7068,-1.2824
805.519,1,-37.8000,1.7061,-1.2834
805.530,1,-37.7896,1.7049,-1.2843
805.541,1,-37.7790,1.7036,-1.2852
805.552,1,-37.7685,1.7022,-1.2861
805.563,1,-37.7579,1.7007,-1.2869
805.574,1,-37.7474,1.6989,-1.2876
805.585,1,-37.7368,1.6969,-1.2884
805.596,1,-37.7263,1.6948,-1.2890
805.608,1,-37.7157,1.6925,-1.2898
805.619,1,-37.7051,1.6900,-1.2904
805.630,1,-37.6945,1.6878,-1.2910
805.641,1,-37.6838,1.6856,-1.2916
805.652,1,-37.6731,1.6835,-1.2921
805.664,1,-37.6622,1.6816,-1.2927
805.675,1,-37.6513,1.6800,-1.2931
805.686,1,-37.6403,1.6786,-1.2936
805.697,1,-37.6293,1.6776,-1.2940
805.708,1,-37.6181,1.6769,-1.2943
805.719,1,-37.6071,1.6763,-1.2946
805.730,1,-37.5959,1.6761,-1.2948
805.741,1,-37.5849,1.6763,-1.2948
805.752,1,-37.5737,1.6771,-1.2950
805.763,1,-37.5625,1.6788,-1.2950
805.774,1,-37.5514,1.6802,-1.2951
805.785,1,-37.5403,1.6818,-1.2951
805.797,1,-37.5292,1.6837,-1.2952
805.807,1,-37.5182,1.6858,-1.2953
805.819,1,-37.5072,1.6881,-1.2955
805.830,1,-37.4963,1.6903,-1.2958
805.841,1,-37.4855,1.6922,-1.2961
805.852,1,-37.4749,1.6934,-1.2965
805.863,1,-37.4647,1.6942,-1.2971
805.874,1,-37.4544,1.6948,-1.2977
805.885,1,-37.4441,1.6957,-1.2986
805.896,1,-37.4338,1.6972,-1.2997
805.907,1,-37.4234,1.6989,-1.3007
805.919,1,-37.4131,1.7007,-1.3017
805.929,1,-37.4029,1.7021,-1.3027
805.940,1,-37.3928,1.7034,-1.3038
805.952,1,-37.3826,1.7049,-1.3048
805.963,1,-37.3725,1.7066,-1.3057
805.974,1,-37.3623,1.7081,-1.3066
805.985,1,-37.3524,1.7097,-1.3076
805.996,1,-37.3423,1.7109,-1.3086
806.008,1,-37.3323,1.7119,-1.3095
806.019,1,-37.3225,1.7126,-1.3105
806.030,1,-37.3126,1.7130,-1.3116
806.041,1,-37.3026,1.7134,-1.3125
806.052,1,-37.2927,1.7134,-1.3134
806.063,1,-37.2827,1.7134,-1.3144
806.074,1,-37.2726,1.7129,-1.3155
806.085,1,-37.2627,1.7124,-1.3165
806.097,1,-37.2525,1.7115,-1.3177
806.108,1,-37.2423,1.7105,-1.3188
806.119,1,-37.2325,1.7093,-1.3199
806.130,1,-37.2225,1.7079,-1.3212
806.141,1,-37.2125,1.7063,-1.3224
806.152,1,-37.2023,1.7046,-1.3238
806.163,1,-37.1923,1.7025,-1.3252
806.174,1,-37.1822,1.7003,-1.3268
806.185,1,-37.1723,1.6982,-1.3283
806.196,1,-37.1622,1.6961,-1.3299
806.207,1,-37.1521,1.6942,-1.3316
806.218,1,-37.1418,1.6923,-1.3333
806.230,1,-37.1315,1.6906,-1.3352
806.241,1,-37.1212,1.6892,-1.3370
806.252,1,-37.1108,1.6879,-1.3389
806.263,1,-37.1003,1.6871,-1.3409
806.275,1,-37.0899,1.6866,-1.3429
806.286,1,-37.0792,1.6864,-1.3451
806.295,1,-37.0685,1.6862,-1.3471
806.306,1,-37.0577,1.6866,-1.3494
806.317,1,-37.0468,1.6881,-1.3518
806.328,1,-37.0361,1.6896,-1.3542
806.339,1,-37.0254,1.6913,-1.3565
806.350,1,-37.0148,1.6932,-1.3589
806.361,1,-37.0043,1.6952,-1.3612
806.373,1,-36.9940,1.6972,-1.3635
806.383,1,-36.9836,1.6990,-1.3657
806.394,1,-36.9733,1.7006,-1.3677
806.405,1,-36.9632,1.7021,-1.3696
806.416,1,-36.9530,1.7036,-1.3713
806.428,1,-36.9428,1.7051,-1.3731
806.439,1,-36.9325,1.7068,-1.3747
806.450,1,-36.9223,1.7085,-1.3762
806.461,1,-36.9122,1.7103,-1.3777
806.472,1,-36.9022,1.7118,-1.3791
806.484,1,-36.8922,1.7134,-1.3805
806.494,1,-36.8822,1.7150,-1.3818
806.506,1,-36.8721,1.7166,-1.3832
806.517,1,-36.8622,1.7181,-1.3844
806.528,1,-36.8523,1.7192,-1.3855
806.539,1,-36.8423,1.7203,-1.3866
806.551,1,-36.8324,1.7210,-1.3877
806.561,1,-36.8227,1.7215,-1.3888
806.572,1,-36.8127,1.7217,-1.3898
806.583,1,-36.8028,1.7217,-1.3908
806.595,1,-36.7927,1.7218,-1.3918
806.606,1,-36.7827,1.7215,-1.3928
806.617,1,-36.7726,1.7209,-1.3936
806.628,1,-36.7625,1.7203,-1.3944
806.639,1,-36.7525,1.7195,-1.3953
806.650,1,-36.7423,1.7186,-1.3962
806.661,1,-36.7325,1.7174,-1.3968
806.672,1,-36.7224,1.7162,-1.3976
806.684,1,-36.7124,1.7147,-1.3982
806.695,1,-36.7024,1.7128,-1.3987
806.707,1,-36.6923,1.7110,-1.3992
806.717,1,-36.6822,1.7090,-1.3997
806.729,1,-36.6721,1.7071,-1.4001
806.740,1,-36.6619,1.7052,-1.4004
806.751,1,-36.6516,1.7036,-1.4008
806.762,1,-36.6412,1.7020,-1.4011
806.774,1,-36.6308,1.7007,-1.4014
806.785,1,-36.6203,1.6994,-1.4014
806.795,1,-36.6099,1.6984,-1.4016
806.807,1,-36.5993,1.6976,-1.4016
806.817,1,-36.5886,1.6970,-1.4016
806.829,1,-36.5780,1.6969,-1.4015
806.840,1,-36.5673,1.6973,-1.4013
806.851,1,-36.5565,1.6981,-1.4011
806.862,1,-36.5459,1.6994,-1.4009
806.873,1,-36.5353,1.7006,-1.4006
806.884,1,-36.5251,1.7021,-1.4001
806.896,1,-36.5148,1.7039,-1.3999
806.907,1,-36.5045,1.7058,-1.3997
806.918,1,-36.4943,1.7078,-1.3995
806.929,1,-36.4843,1.7095,-1.3994
806.940,1,-36.4747,1.7108,-1.3992
806.951,1,-36.4653,1.7117,-1.3994
806.962,1,-36.4560,1.7123,-1.3996
806.973,1,-36.4468,1.7131,-1.4000
806.984,1,-36.4377,1.7142,-1.4004
806.995,1,-36.4285,1.7156,-1.4007
807.007,1,-36.4194,1.7172,-1.4011
807.017,1,-36.4103,1.7187,-1.4015
807.028,1,-36.4012,1.7202,-1.4019
807.039,1,-36.3923,1.7218,-1.4023
807.050,1,-36.3832,1.7234,-1.4027
807.061,1,-36.3745,1.7251,-1.4032
807.073,1,-36.3656,1.7267,-1.4037
807.084,1,-36.3569,1.7279,-1.4043
807.095,1,-36.3482,1.7290,-1.4048
807.106,1,-36.3395,1.7299,-1.4053
807.117,1,-36.3308,1.7305,-1.4059
807.128,1,-36.3221,1.7310,-1.4064
807.139,1,-36.3135,1.7313,-1.4070
807.150,1,-36.3048,1.7313,-1.4075
807.162,1,-36.2960,1.7312,-1.4081
807.173,1,-36.2872,1.7307,-1.4087
807.184,1,-36.2784,1.7301,-1.4093
807.196,1,-36.2696,1.7295,-1.4098
807.207,1,-36.2607,1.7286,-1.4104
807.218,1,-36.2520,1.7275,-1.4111
807.229,1,-36.2434,1.7264,-1.4118
807.241,1,-36.2346,1.7250,-1.4125
807.252,1,-36.2261,1.7235,-1.4133
807.263,1,-36.2175,1.7216,-1.4141
807.274,1,-36.2089,1.7197,-1.4149
807.285,1,-36.2003,1.7179,-1.4157
807.296,1,-36.1915,1.7162,-1.4167
807.307,1,-36.1827,1.7146,-1.4177
807.319,1,-36.1738,1.7132,-1.4187
807.330,1,-36.1650,1.7120,-1.4197
807.341,1,-36.1561,1.7110,-1.4209
807.351,1,-36.1471,1.7102,-1.4220
807.363,1,-36.1380,1.7098,-1.4232
807.374,1,-36.1287,1.7096,-1.4244
807.385,1,-36.1196,1.7092,-1.4257
807.396,1,-36.1105,1.7090,-1.4270
807.407,1,-36.1014,1.7091,-1.4285
807.418,1,-36.0923,1.7100,-1.4299
807.429,1,-36.0832,1.7109,-1.4315
807.440,1,-36.0741,1.7116,-1.4330
807.451,1,-36.0650,1.7123,-1.4344
807.462,1,-36.0561,1.7135,-1.4358
807.474,1,-36.0471,1.7150,-1.4372
807.485,1,-36.0380,1.7164,-1.4386
807.496,1,-36.0291,1.7177,-1.4400
807.507,1,-36.0201,1.7189,-1.4412
807.518,1,-36.0114,1.7197,-1.4424
807.529,1,-36.0028,1.7205,-1.4436
807.541,1,-35.9942,1.7214,-1.4446
807.552,1,-35.9857,1.7226,-1.4456
807.562,1,-35.9773,1.7238,-1.4463
807.573,1,-35.9688,1.7249,-1.4471
807.584,1,-35.9604,1.7259,-1.4480
807.595,1,-35.9522,1.7269,-1.4487
807.607,1,-35.9439,1.7281,-1.4495
807.618,1,-35.9357,1.7293,-1.4501
807.629,1,-35.9274,1.7307,-1.4505
807.640,1,-35.9191,1.7320,-1.4511
807.651,1,-35.9110,1.7330,-1.4515
807.662,1,-35.9029,1.7337,-1.4520
807.673,1,-35.8949,1.7343,-1.4524
807.684,1,-35.8869,1.7347,-1.4527
807.696,1,-35.8789,1.7351,-1.4530
807.707,1,-35.8709,1.7353,-1.4533
807.718,1,-35.8629,1.7354,-1.4536
807.729,1,-35.8550,1.7354,-1.4537
807.740,1,-35.8470,1.7354,-1.4538
807.751,1,-35.8390,1.7351,-1.4540
807.762,1,-35.8309,1.7346,-1.4539
807.774,1,-35.8234,1.7341,-1.4517
807.784,1,-35.8154,1.7334,-1.4516
807.795,1,-35.8075,1.7326,-1.4512
807.806,1,-35.7995,1.7315,-1.4510
807.817,1,-35.7916,1.7303,-1.4506
807.829,1,-35.7836,1.7290,-1.4503
807.840,1,-35.7757,1.7277,-1.4501
807.851,1,-35.7679,1.7262,-1.4497
807.862,1,-35.7599,1.7248,-1.4493
807.873,1,-35.7520,1.7232,-1.4489
807.884,1,-35.7440,1.7218,-1.4484
807.895,1,-35.7360,1.7208,-1.4480
807.906,1,-35.7280,1.7199,-1.4474
807.917,1,-35.7200,1.7191,-1.4468
807.929,1,-35.7121,1.7185,-1.4462
807.940,1,-35.7043,1.7179,-1.4456
807.951,1,-35.6965,1.7174,-1.4451
807.962,1,-35.6887,1.7171,-1.4444
807.973,1,-35.6810,1.7171,-1.4436
807.984,1,-35.6733,1.7174,-1.4430
807.996,1,-35.6656,1.7183,-1.4424
808.007,1,-35.6581,1.7194,-1.4416
808.018,1,-35.6506,1.7205,-1.4409
808.029,1,-35.6432,1.7220,-1.4401
808.040,1,-35.6357,1.7237,-1.4394
808.051,1,-35.6284,1.7256,-1.4387
808.062,1,-35.6213,1.7270,-1.4380
808.073,1,-35.6142,1.7280,-1.4375
808.084,1,-35.6072,1.7288,-1.4369
808.095,1,-35.6003,1.7297,-1.4365
808.106,1,-35.5936,1.7306,-1.4361
808.117,1,-35.5868,1.7316,-1.4358
808.129,1,-35.5801,1.7324,-1.4353
808.140,1,-35.5734,1.7331,-1.4351
808.151,1,-35.5667,1.7340,-1.4348
808.162,1,-35.5600,1.7350,-1.4345
808.173,1,-35.5535,1.7360,-1.4344
808.184,1,-35.5470,1.7371,-1.4341
808.195,1,-35.5406,1.7382,-1.4340
808.206,1,-35.5342,1.7393,-1.4338
808.217,1,-35.5279,1.7403,-1.4337
808.229,1,-35.5218,1.7412,-1.4336
808.240,1,-35.5158,1.7420,-1.4336
808.251,1,-35.5098,1.7427,-1.4335
808.262,1,-35.5040,1.7434,-1.4335
808.273,1,-35.4984,1.7439,-1.4338
808.285,1,-35.4927,1.7443,-1.4338
808.296,1,-35.4871,1.7445,-1.4342
808.308,1,-35.4816,1.7446,-1.4344
808.319,1,-35.4762,1.7447,-1.4345
808.329,1,-35.4706,1.7447,-1.4349
808.340,1,-35.4652,1.7445,-1.4352
808.352,1,-35.4599,1.7442,-1.4356
808.365,1,-35.4547,1.7438,-1.4361
808.376,1,-35.4497,1.7434,-1.4367
808.387,1,-35.4448,1.7429,-1.4371
808.399,1,-35.4400,1.7425,-1.4378
808.411,1,-35.4353,1.7421,-1.4382
808.422,1,-35.4309,1.7415,-1.4389
808.433,1,-35.4265,1.7410,-1.4396
808.445,1,-35.4222,1.7405,-1.4403
808.457,1,-35.4180,1.7401,-1.4416
808.469,1,-35.4138,1.7397,-1.4425
808.480,1,-35.4096,1.7392,-1.4434
808.492,1,-35.4055,1.7388,-1.4445
808.503,1,-35.4015,1.7382,-1.4457
808.515,1,-35.3976,1.7377,-1.4468
808.527,1,-35.3937,1.7373,-1.4480
808.538,1,-35.3899,1.7370,-1.4498
808.549,1,-35.3861,1.7368,-1.4510
808.560,1,-35.3824,1.7367,-1.4522
808.572,1,-35.3788,1.7371,-1.4534
808.583,1,-35.3751,1.7378,-1.4548
808.594,1,-35.3716,1.7385,-1.4560
808.606,1,-35.3680,1.7391,-1.4572
808.617,1,-35.3646,1.7396,-1.4587
808.628,1,-35.3611,1.7399,-1.4598
808.639,1,-35.3578,1.7403,-1.4616
808.650,1,-35.3544,1.7407,-1.4628
808.661,1,-35.3510,1.7411,-1.4641
808.673,1,-35.3478,1.7415,-1.4651
808.684,1,-35.3447,1.7418,-1.4666
808.695,1,-35.3417,1.7421,-1.4679
808.706,1,-35.3387,1.7422,-1.4689
808.718,1,-35.3359,1.7422,-1.4698
808.729,1,-35.3331,1.7421,-1.4706
808.740,1,-35.3304,1.7421,-1.4714
808.752,1,-35.3277,1.7420,-1.4723
808.764,1,-35.3252,1.7418,-1.4730
808.775,1,-35.3226,1.7417,-1.4738
808.787,1,-35.3202,1.7416,-1.4745
808.799,1,-35.3179,1.7415,-1.4748
808.810,1,-35.3155,1.7414,-1.4754
808.822,1,-35.3133,1.7415,-1.4760
808.834,1,-35.3112,1.7417,-1.4765
808.845,1,-35.3090,1.7420,-1.4769
808.856,1,-35.3070,1.7425,-1.4784
808.869,1,-35.3050,1.7429,-1.4788
808.880,1,-35.3030,1.7433,-1.4791
808.891,1,-35.3012,1.7438,-1.4793
808.903,1,-35.2996,1.7442,-1.4795
808.914,1,-35.2981,1.7444,-1.4801
808.926,1,-35.2965,1.7446,-1.4802
808.938,1,-35.2951,1.7448,-1.4804
808.949,1,-35.2937,1.7451,-1.4805
808.960,1,-35.2923,1.7455,-1.4806
808.972,1,-35.2911,1.7458,-1.4825
808.983,1,-35.2899,1.7460,-1.4826
808.994,1,-35.2886,1.7460,-1.4827
809.005,1,-35.2874,1.7461,-1.4828
809.017,1,-35.2863,1.7461,-1.4829
809.028,1,-35.2851,1.7461,-1.4830
809.039,1,-35.2840,1.7460,-1.4828
809.050,1,-35.2829,1.7462,-1.4828
809.062,1,-35.2818,1.7466,-1.4829
809.073,1,-35.2807,1.7467,-1.4828
809.085,1,-35.2797,1.7465,-1.4827
809.097,1,-35.2789,1.7462,-1.4844
809.108,1,-35.2780,1.7459,-1.4844
809.120,1,-35.2771,1.7460,-1.4844
809.131,1,-35.2762,1.7462,-1.4843
809.143,1,-35.2755,1.7462,-1.4843
809.154,1,-35.2748,1.7460,-1.4843
809.166,1,-35.2742,1.7456,-1.4845
809.178,1,-35.2736,1.7454,-1.4852
809.189,1,-35.2731,1.7452,-1.4851
809.200,1,-35.2725,1.7452,-1.4852
809.212,1,-35.2719,1.7452,-1.4851
809.224,1,-35.2713,1.7456,-1.4840
809.236,1,-35.2707,1.7456,-1.4841
809.247,1,-35.2701,1.7458,-1.4841
809.259,1,-35.2697,1.7460,-1.4860
809.271,1,-35.2691,1.7461,-1.4860
809.281,1,-35.2685,1.7463,-1.4862
809.293,1,-35.2680,1.7463,-1.4867
809.304,1,-35.2675,1.7465,-1.4879
809.315,1,-35.2669,1.7466,-1.4879
809.327,1,-35.2663,1.7467,-1.4882
809.338,1,-35.2657,1.7467,-1.4887
809.350,1,-35.2651,1.7468,-1.4887
809.361,1,-35.2647,1.7467,-1.4896
809.372,1,-35.2641,1.7467,-1.4898
809.383,1,-35.2637,1.7465,-1.4901
809.394,1,-35.2632,1.7463,-1.4904
809.406,1,-35.2628,1.7461,-1.4907
809.416,1,-35.2624,1.7460,-1.4910

# --- Trial 2 start ---
818.203,2,-39.6806,1.6862,-1.1858
818.214,2,-39.6800,1.6863,-1.1857
818.225,2,-39.6793,1.6865,-1.1856
818.236,2,-39.6786,1.6865,-1.1855
818.246,2,-39.6780,1.6865,-1.1854
818.257,2,-39.6772,1.6867,-1.1855
818.269,2,-39.6765,1.6867,-1.1855
818.280,2,-39.6758,1.6869,-1.1855
818.295,2,-39.6750,1.6867,-1.1856
818.307,2,-39.6743,1.6865,-1.1857
818.313,2,-39.6736,1.6862,-1.1856
818.322,2,-39.6729,1.6860,-1.1857
818.333,2,-39.6723,1.6857,-1.1857
818.344,2,-39.6715,1.6855,-1.1859
818.355,2,-39.6709,1.6852,-1.1860
818.366,2,-39.6703,1.6847,-1.1861
818.379,2,-39.6696,1.6841,-1.1863
818.397,2,-39.6689,1.6838,-1.1866
818.401,2,-39.6682,1.6836,-1.1868
818.411,2,-39.6676,1.6838,-1.1871
818.424,2,-39.6670,1.6842,-1.1875
818.435,2,-39.6666,1.6845,-1.1879
818.444,2,-39.6660,1.6846,-1.1883
818.455,2,-39.6655,1.6847,-1.1887
818.466,2,-39.6650,1.6849,-1.1893
818.477,2,-39.6645,1.6851,-1.1898
818.488,2,-39.6641,1.6854,-1.1903
818.499,2,-39.6635,1.6856,-1.1909
818.510,2,-39.6631,1.6859,-1.1916
818.521,2,-39.6628,1.6863,-1.1922
818.532,2,-39.6624,1.6866,-1.1929
818.544,2,-39.6619,1.6868,-1.1937
818.555,2,-39.6614,1.6870,-1.1944
818.566,2,-39.6609,1.6870,-1.1952
818.577,2,-39.6604,1.6871,-1.1959
818.588,2,-39.6599,1.6871,-1.1966
818.599,2,-39.6595,1.6870,-1.1974
818.610,2,-39.6591,1.6868,-1.1982
818.621,2,-39.6587,1.6866,-1.1990
818.632,2,-39.6584,1.6863,-1.1998
818.643,2,-39.6580,1.6858,-1.2007
818.654,2,-39.6576,1.6854,-1.2015
818.666,2,-39.6572,1.6849,-1.2025
818.677,2,-39.6570,1.6844,-1.2034
818.688,2,-39.6566,1.6839,-1.2044
818.699,2,-39.6567,1.6834,-1.2053
818.710,2,-39.6566,1.6828,-1.2062
818.722,2,-39.6565,1.6822,-1.2073
818.733,2,-39.6566,1.6814,-1.2084
818.744,2,-39.6568,1.6805,-1.2098
818.755,2,-39.6574,1.6795,-1.2111
818.766,2,-39.6580,1.6784,-1.2127
818.777,2,-39.6588,1.6772,-1.2144
818.788,2,-39.6595,1.6762,-1.2161
818.799,2,-39.6599,1.6774,-1.2179
818.810,2,-39.6596,1.6807,-1.2197
818.821,2,-39.6589,1.6851,-1.2217
818.832,2,-39.6585,1.6874,-1.2233
818.843,2,-39.6584,1.6878,-1.2250
818.854,2,-39.6583,1.6872,-1.2265
818.865,2,-39.6585,1.6852,-1.2282
818.877,2,-39.6587,1.6834,-1.2297
818.888,2,-39.6587,1.6821,-1.2312
818.899,2,-39.6587,1.6818,-1.2328
818.911,2,-39.6586,1.6824,-1.2344
818.922,2,-39.6580,1.6831,-1.2358
818.934,2,-39.6576,1.6834,-1.2371
818.945,2,-39.6570,1.6831,-1.2386
818.956,2,-39.6564,1.6825,-1.2401
818.967,2,-39.6559,1.6818,-1.2413
818.979,2,-39.6551,1.6815,-1.2427
818.990,2,-39.6543,1.6812,-1.2442
819.002,2,-39.6533,1.6808,-1.2454
819.013,2,-39.6524,1.6803,-1.2469
819.024,2,-39.6514,1.6795,-1.2481
819.035,2,-39.6504,1.6786,-1.2494
819.046,2,-39.6494,1.6776,-1.2507
819.057,2,-39.6482,1.6766,-1.2517
819.068,2,-39.6471,1.6759,-1.2528
819.079,2,-39.6455,1.6757,-1.2538
819.090,2,-39.6438,1.6755,-1.2551
819.102,2,-39.6421,1.6753,-1.2560
819.113,2,-39.6404,1.6751,-1.2570
819.124,2,-39.6385,1.6746,-1.2581
819.135,2,-39.6367,1.6743,-1.2591
819.146,2,-39.6346,1.6741,-1.2602
819.156,2,-39.6326,1.6741,-1.2612
819.167,2,-39.6302,1.6742,-1.2622
819.179,2,-39.6278,1.6742,-1.2632
819.190,2,-39.6254,1.6742,-1.2639
819.201,2,-39.6227,1.6744,-1.2646
819.212,2,-39.6200,1.6746,-1.2654
819.223,2,-39.6169,1.6750,-1.2663
819.235,2,-39.6138,1.6753,-1.2670
819.246,2,-39.6106,1.6757,-1.2676
819.257,2,-39.6071,1.6758,-1.2682
819.268,2,-39.6037,1.6757,-1.2686
819.279,2,-39.5999,1.6756,-1.2692
819.290,2,-39.5962,1.6753,-1.2697
819.302,2,-39.5922,1.6751,-1.2703
819.313,2,-39.5882,1.6749,-1.2707
819.324,2,-39.5839,1.6746,-1.2711
819.335,2,-39.5796,1.6743,-1.2715
819.346,2,-39.5753,1.6737,-1.2717
819.357,2,-39.5709,1.6730,-1.2720
819.368,2,-39.5665,1.6723,-1.2721
819.380,2,-39.5619,1.6715,-1.2723
819.390,2,-39.5574,1.6710,-1.2726
819.401,2,-39.5528,1.6705,-1.2727
819.412,2,-39.5481,1.6699,-1.2728
819.423,2,-39.5432,1.6692,-1.2730
819.434,2,-39.5382,1.6683,-1.2728
819.446,2,-39.5331,1.6676,-1.2729
819.457,2,-39.5280,1.6669,-1.2730
819.468,2,-39.5227,1.6663,-1.2731
819.479,2,-39.5174,1.6656,-1.2731
819.490,2,-39.5118,1.6649,-1.2731
819.501,2,-39.5064,1.6641,-1.2731
819.512,2,-39.5006,1.6634,-1.2730
819.524,2,-39.4949,1.6625,-1.2730
819.535,2,-39.4890,1.6616,-1.2729
819.546,2,-39.4828,1.6609,-1.2729
819.557,2,-39.4768,1.6600,-1.2728
819.568,2,-39.4706,1.6590,-1.2727
819.579,2,-39.4644,1.6580,-1.2727
819.590,2,-39.4582,1.6568,-1.2725
819.602,2,-39.4519,1.6558,-1.2725
819.612,2,-39.4457,1.6549,-1.2724
819.624,2,-39.4393,1.6541,-1.2724
819.635,2,-39.4328,1.6532,-1.2722
819.646,2,-39.4263,1.6526,-1.2719
819.657,2,-39.4197,1.6523,-1.2715
819.668,2,-39.4130,1.6522,-1.2710
819.679,2,-39.4063,1.6525,-1.2704
819.690,2,-39.3994,1.6529,-1.2698
819.701,2,-39.3924,1.6539,-1.2691
819.713,2,-39.3853,1.6552,-1.2685
819.724,2,-39.3781,1.6569,-1.2678
819.735,2,-39.3710,1.6585,-1.2673
819.746,2,-39.3641,1.6601,-1.2667
819.757,2,-39.3573,1.6618,-1.2663
819.768,2,-39.3505,1.6634,-1.2659
819.779,2,-39.3438,1.6649,-1.2655
819.790,2,-39.3374,1.6659,-1.2652
819.801,2,-39.3310,1.6668,-1.2649
819.813,2,-39.3246,1.6675,-1.2646
819.824,2,-39.3182,1.6680,-1.2645
819.835,2,-39.3118,1.6686,-1.2643
819.846,2,-39.3053,1.6693,-1.2642
819.857,2,-39.2988,1.6702,-1.2642
819.868,2,-39.2921,1.6712,-1.2642
819.879,2,-39.2854,1.6720,-1.2643
819.890,2,-39.2786,1.6727,-1.2642
819.901,2,-39.2721,1.6735,-1.2641
819.912,2,-39.2656,1.6743,-1.2641
819.923,2,-39.2593,1.6752,-1.2643
819.934,2,-39.2529,1.6760,-1.2643
819.945,2,-39.2465,1.6767,-1.2644
819.957,2,-39.2402,1.6771,-1.2643
819.968,2,-39.2338,1.6775,-1.2643
819.979,2,-39.2273,1.6778,-1.2642
819.990,2,-39.2207,1.6781,-1.2642
820.000,2,-39.2140,1.6784,-1.2644
820.012,2,-39.2072,1.6784,-1.2644
820.023,2,-39.2002,1.6785,-1.2645
820.034,2,-39.1935,1.6784,-1.2646
820.045,2,-39.1865,1.6780,-1.2646
820.056,2,-39.1796,1.6775,-1.2648
820.067,2,-39.1724,1.6770,-1.2650
820.079,2,-39.1651,1.6763,-1.2652
820.090,2,-39.1577,1.6755,-1.2655
820.101,2,-39.1501,1.6746,-1.2659
820.112,2,-39.1428,1.6735,-1.2662
820.123,2,-39.1352,1.6721,-1.2667
820.134,2,-39.1276,1.6707,-1.2672
820.146,2,-39.1202,1.6691,-1.2677
820.157,2,-39.1124,1.6676,-1.2683
820.168,2,-39.1046,1.6660,-1.2690
820.179,2,-39.0967,1.6644,-1.2698
820.190,2,-39.0888,1.6631,-1.2707
820.201,2,-39.0809,1.6620,-1.2717
820.212,2,-39.0729,1.6611,-1.2727
820.223,2,-39.0647,1.6605,-1.2738
820.235,2,-39.0562,1.6600,-1.2750
820.245,2,-39.0477,1.6596,-1.2763
820.257,2,-39.0391,1.6594,-1.2777
820.269,2,-39.0303,1.6595,-1.2793
820.279,2,-39.0217,1.6600,-1.2808
820.290,2,-39.0130,1.6610,-1.2824
820.301,2,-39.0043,1.6625,-1.2840
820.312,2,-38.9953,1.6639,-1.2858
820.323,2,-38.9865,1.6652,-1.2874
820.334,2,-38.9777,1.6666,-1.2890
820.345,2,-38.9689,1.6684,-1.2907
820.356,2,-38.9602,1.6700,-1.2923
820.367,2,-38.9515,1.6716,-1.2938
820.378,2,-38.9428,1.6730,-1.2953
820.389,2,-38.9344,1.6741,-1.2966
820.401,2,-38.9258,1.6748,-1.2980
820.411,2,-38.9173,1.6754,-1.2993
820.422,2,-38.9088,1.6758,-1.3007
820.434,2,-38.9004,1.6762,-1.3019
820.445,2,-38.8921,1.6768,-1.3031
820.457,2,-38.8838,1.6775,-1.3042
820.467,2,-38.8753,1.6782,-1.3054
820.478,2,-38.8668,1.6790,-1.3064
820.488,2,-38.8582,1.6800,-1.3074
820.499,2,-38.8497,1.6810,-1.3084
820.510,2,-38.8411,1.6822,-1.3094
820.522,2,-38.8327,1.6832,-1.3102
820.533,2,-38.8240,1.6840,-1.3111
820.544,2,-38.8156,1.6846,-1.3119
820.555,2,-38.8069,1.6850,-1.3128
820.566,2,-38.7981,1.6853,-1.3137
820.577,2,-38.7891,1.6854,-1.3145
820.588,2,-38.7802,1.6855,-1.3152
820.599,2,-38.7713,1.6854,-1.3159
820.610,2,-38.7621,1.6851,-1.3165
820.622,2,-38.7530,1.6847,-1.3172
820.633,2,-38.7438,1.6840,-1.3178
820.644,2,-38.7345,1.6831,-1.3184
820.655,2,-38.7251,1.6819,-1.3189
820.666,2,-38.7155,1.6805,-1.3195
820.677,2,-38.7061,1.6790,-1.3199
820.688,2,-38.6966,1.6772,-1.3204
820.699,2,-38.6871,1.6754,-1.3209
820.711,2,-38.6776,1.6734,-1.3213
820.722,2,-38.6681,1.6714,-1.3217
820.732,2,-38.6587,1.6693,-1.3220
820.744,2,-38.6490,1.6670,-1.3222
820.755,2,-38.6392,1.6650,-1.3224
820.766,2,-38.6294,1.6631,-1.3225
820.777,2,-38.6194,1.6614,-1.3227
820.788,2,-38.6094,1.6599,-1.3228
820.799,2,-38.5993,1.6588,-1.3228
820.810,2,-38.5892,1.6578,-1.3228
820.821,2,-38.5790,1.6573,-1.3227
820.832,2,-38.5687,1.6571,-1.3226
820.844,2,-38.5583,1.6577,-1.3225
820.855,2,-38.5480,1.6587,-1.3223
820.866,2,-38.5377,1.6600,-1.3222
820.877,2,-38.5275,1.6619,-1.3221
820.889,2,-38.5175,1.6640,-1.3222
820.900,2,-38.5076,1.6660,-1.3223
820.911,2,-38.4979,1.6684,-1.3226
820.922,2,-38.4882,1.6708,-1.3229
820.933,2,-38.4787,1.6733,-1.3231
820.944,2,-38.4692,1.6755,-1.3234
820.955,2,-38.4598,1.6773,-1.3238
820.967,2,-38.4505,1.6786,-1.3243
820.978,2,-38.4412,1.6796,-1.3248
820.988,2,-38.4320,1.6805,-1.3253
821.000,2,-38.4228,1.6818,-1.3259
821.011,2,-38.4135,1.6835,-1.3264
821.022,2,-38.4042,1.6852,-1.3270
821.033,2,-38.3950,1.6866,-1.3275
821.044,2,-38.3858,1.6878,-1.3280
821.055,2,-38.3768,1.6890,-1.3285
821.066,2,-38.3677,1.6902,-1.3290
821.077,2,-38.3585,1.6912,-1.3296
821.088,2,-38.3493,1.6921,-1.3301
821.099,2,-38.3401,1.6930,-1.3306
821.111,2,-38.3309,1.6937,-1.3311
821.121,2,-38.3218,1.6942,-1.3317
821.133,2,-38.3127,1.6946,-1.3321
821.144,2,-38.3034,1.6948,-1.3326
821.155,2,-38.2942,1.6948,-1.3332
821.166,2,-38.2849,1.6947,-1.3337
821.177,2,-38.2754,1.6945,-1.3343
821.188,2,-38.2659,1.6941,-1.3350
821.199,2,-38.2563,1.6935,-1.3356
821.210,2,-38.2468,1.6927,-1.3363
821.222,2,-38.2371,1.6918,-1.3369
821.232,2,-38.2275,1.6908,-1.3377
821.244,2,-38.2180,1.6897,-1.3384
821.254,2,-38.2084,1.6885,-1.3392
821.266,2,-38.1987,1.6868,-1.3401
821.276,2,-38.1890,1.6851,-1.3410
821.287,2,-38.1792,1.6832,-1.3420
821.299,2,-38.1694,1.6814,-1.3429
821.310,2,-38.1596,1.6794,-1.3440
821.321,2,-38.1498,1.6775,-1.3449
821.332,2,-38.1397,1.6758,-1.3461
821.343,2,-38.1297,1.6744,-1.3473
821.354,2,-38.1195,1.6734,-1.3486
821.365,2,-38.1092,1.6727,-1.3499
821.377,2,-38.0989,1.6723,-1.3513
821.388,2,-38.0884,1.6724,-1.3529
821.399,2,-38.0778,1.6729,-1.3544
821.410,2,-38.0670,1.6743,-1.3562
821.421,2,-38.0561,1.6761,-1.3579
821.433,2,-38.0451,1.6787,-1.3599
821.444,2,-38.0343,1.6809,-1.3617
821.455,2,-38.0236,1.6835,-1.3635
821.466,2,-38.0129,1.6858,-1.3653
821.478,2,-38.0025,1.6880,-1.3668
821.489,2,-37.9919,1.6900,-1.3682
821.500,2,-37.9815,1.6920,-1.3694
821.511,2,-37.9713,1.6937,-1.3706
821.522,2,-37.9612,1.6950,-1.3716
821.533,2,-37.9513,1.6958,-1.3725
821.545,2,-37.9413,1.6965,-1.3734
821.556,2,-37.9317,1.6973,-1.3742
821.567,2,-37.9218,1.6986,-1.3752
821.578,2,-37.9121,1.6999,-1.3761
821.589,2,-37.9022,1.7012,-1.3769
821.601,2,-37.8924,1.7025,-1.3777
821.611,2,-37.8826,1.7039,-1.3785
821.622,2,-37.8729,1.7051,-1.3791
821.634,2,-37.8632,1.7064,-1.3796
821.645,2,-37.8536,1.7074,-1.3801
821.656,2,-37.8440,1.7081,-1.3805
821.667,2,-37.8343,1.7087,-1.3810
821.678,2,-37.8247,1.7090,-1.3815
821.689,2,-37.8150,1.7089,-1.3819
821.700,2,-37.8052,1.7087,-1.3823
821.711,2,-37.7954,1.7083,-1.3827
821.723,2,-37.7857,1.7078,-1.3829
821.734,2,-37.7758,1.7072,-1.3832
821.745,2,-37.7661,1.7064,-1.3835
821.756,2,-37.7561,1.7054,-1.3836
821.767,2,-37.7465,1.7043,-1.3837
821.778,2,-37.7366,1.7029,-1.3837
821.789,2,-37.7267,1.7012,-1.3836
821.800,2,-37.7169,1.6993,-1.3834
821.811,2,-37.7071,1.6973,-1.3832
821.823,2,-37.6973,1.6951,-1.3829
821.834,2,-37.6874,1.6929,-1.3825
821.845,2,-37.6777,1.6905,-1.3821
821.856,2,-37.6677,1.6882,-1.3816
821.867,2,-37.6576,1.6861,-1.3810
821.878,2,-37.6475,1.6843,-1.3804
821.889,2,-37.6372,1.6829,-1.3797
821.900,2,-37.6268,1.6818,-1.3789
821.911,2,-37.6164,1.6808,-1.3781
821.922,2,-37.6061,1.6802,-1.3773
821.933,2,-37.5959,1.6797,-1.3764
821.945,2,-37.5854,1.6798,-1.3756
821.955,2,-37.5749,1.6803,-1.3746
821.966,2,-37.5644,1.6817,-1.3736
821.978,2,-37.5538,1.6831,-1.3725
821.989,2,-37.5433,1.6846,-1.3714
821.999,2,-37.5329,1.6860,-1.3703
822.011,2,-37.5224,1.6876,-1.3693
822.022,2,-37.5120,1.6895,-1.3683
822.033,2,-37.5014,1.6916,-1.3675
822.044,2,-37.4911,1.6940,-1.3668
822.055,2,-37.4809,1.6959,-1.3661
822.066,2,-37.4707,1.6974,-1.3656
822.078,2,-37.4606,1.6985,-1.3652
822.089,2,-37.4507,1.6994,-1.3649
822.100,2,-37.4408,1.7006,-1.3646
822.112,2,-37.4311,1.7020,-1.3644
822.122,2,-37.4213,1.7035,-1.3642
822.133,2,-37.4116,1.7049,-1.3639
822.144,2,-37.4021,1.7062,-1.3637
822.156,2,-37.3925,1.7075,-1.3635
822.166,2,-37.3830,1.7089,-1.3634
822.177,2,-37.3734,1.7103,-1.3631
822.189,2,-37.3641,1.7114,-1.3630
822.199,2,-37.3547,1.7124,-1.3629
822.210,2,-37.3453,1.7132,-1.3628
822.222,2,-37.3361,1.7139,-1.3627
822.232,2,-37.3267,1.7144,-1.3627
822.243,2,-37.3173,1.7149,-1.3626
822.255,2,-37.3078,1.7150,-1.3625
822.266,2,-37.2984,1.7150,-1.3624
822.277,2,-37.2889,1.7149,-1.3624
822.288,2,-37.2795,1.7147,-1.3624
822.299,2,-37.2699,1.7141,-1.3625
822.310,2,-37.2604,1.7134,-1.3626
822.321,2,-37.2509,1.7126,-1.3627
822.332,2,-37.2413,1.7114,-1.3630
822.343,2,-37.2318,1.7103,-1.3632
822.355,2,-37.2222,1.7087,-1.3635
822.365,2,-37.2125,1.7072,-1.3638
822.377,2,-37.2029,1.7052,-1.3642
822.388,2,-37.1933,1.7033,-1.3645
822.399,2,-37.1837,1.7010,-1.3649
822.410,2,-37.1740,1.6988,-1.3655
822.421,2,-37.1641,1.6968,-1.3661
822.432,2,-37.1542,1.6952,-1.3667
822.443,2,-37.1442,1.6938,-1.3674
822.454,2,-37.1339,1.6926,-1.3683
822.465,2,-37.1236,1.6914,-1.3691
822.477,2,-37.1131,1.6907,-1.3701
822.488,2,-37.1026,1.6901,-1.3711
822.497,2,-37.0920,1.6897,-1.3722
822.509,2,-37.0814,1.6896,-1.3734
822.520,2,-37.0709,1.6901,-1.3747
822.531,2,-37.0603,1.6912,-1.3760
822.543,2,-37.0498,1.6920,-1.3774
822.554,2,-37.0394,1.6930,-1.3787
822.564,2,-37.0290,1.6942,-1.3800
822.576,2,-37.0187,1.6958,-1.3813
822.587,2,-37.0085,1.6972,-1.3825
822.598,2,-36.9984,1.6987,-1.3837
822.609,2,-36.9883,1.7001,-1.3847
822.620,2,-36.9783,1.7014,-1.3857
822.632,2,-36.9686,1.7023,-1.3865
822.643,2,-36.9589,1.7032,-1.3874
822.654,2,-36.9493,1.7043,-1.3882
822.665,2,-36.9395,1.7058,-1.3889
822.677,2,-36.9298,1.7072,-1.3896
822.687,2,-36.9204,1.7086,-1.3902
822.698,2,-36.9107,1.7102,-1.3909
822.709,2,-36.9011,1.7120,-1.3914
822.720,2,-36.8915,1.7136,-1.3918
822.731,2,-36.8820,1.7153,-1.3923
822.742,2,-36.8725,1.7167,-1.3926
822.753,2,-36.8630,1.7178,-1.3930
822.764,2,-36.8535,1.7187,-1.3933
822.776,2,-36.8440,1.7193,-1.3936
822.787,2,-36.8344,1.7197,-1.3939
822.798,2,-36.8249,1.7200,-1.3941
822.809,2,-36.8152,1.7200,-1.3942
822.820,2,-36.8055,1.7199,-1.3942
822.831,2,-36.7958,1.7195,-1.3943
822.842,2,-36.7861,1.7189,-1.3943
822.854,2,-36.7764,1.7180,-1.3942
822.865,2,-36.7666,1.7170,-1.3941
822.875,2,-36.7569,1.7159,-1.3939
822.887,2,-36.7470,1.7146,-1.3937
822.898,2,-36.7371,1.7133,-1.3934
822.910,2,-36.7273,1.7115,-1.3931
822.921,2,-36.7175,1.7094,-1.3926
822.932,2,-36.7077,1.7074,-1.3922
822.943,2,-36.6979,1.7054,-1.3917
822.954,2,-36.6881,1.7035,-1.3912
822.965,2,-36.6783,1.7017,-1.3906
822.976,2,-36.6684,1.7001,-1.3899
822.987,2,-36.6582,1.6988,-1.3891
822.998,2,-36.6481,1.6978,-1.3883
823.009,2,-36.6379,1.6969,-1.3874
823.021,2,-36.6277,1.6961,-1.3865
823.032,2,-36.6177,1.6955,-1.3854
823.043,2,-36.6076,1.6952,-1.3843
823.054,2,-36.5976,1.6952,-1.3832
823.065,2,-36.5876,1.6957,-1.3822
823.076,2,-36.5777,1.6966,-1.3811
823.087,2,-36.5677,1.6977,-1.3799
823.098,2,-36.5579,1.6989,-1.3786
823.109,2,-36.5480,1.7000,-1.3774
823.120,2,-36.5382,1.7017,-1.3763
823.132,2,-36.5285,1.7034,-1.3751
823.142,2,-36.5190,1.7050,-1.3741
823.154,2,-36.5093,1.7065,-1.3732
823.165,2,-36.4999,1.7079,-1.3724
823.176,2,-36.4908,1.7089,-1.3719
823.188,2,-36.4815,1.7099,-1.3713
823.199,2,-36.4724,1.7112,-1.3708
823.210,2,-36.4632,1.7128,-1.3705
823.221,2,-36.4542,1.7145,-1.3701
823.232,2,-36.4452,1.7161,-1.3698
823.244,2,-36.4363,1.7175,-1.3696
823.255,2,-36.4275,1.7187,-1.3695
823.266,2,-36.4188,1.7201,-1.3694
823.277,2,-36.4102,1.7218,-1.3694
823.289,2,-36.4015,1.7235,-1.3693
823.300,2,-36.3930,1.7251,-1.3692
823.311,2,-36.3848,1.7264,-1.3692
823.322,2,-36.3765,1.7275,-1.3692
823.333,2,-36.3684,1.7284,-1.3693
823.344,2,-36.3602,1.7290,-1.3693
823.354,2,-36.3520,1.7298,-1.3694
823.366,2,-36.3437,1.7303,-1.3695
823.376,2,-36.3354,1.7308,-1.3696
823.387,2,-36.3271,1.7309,-1.3698
823.398,2,-36.3187,1.7309,-1.3701
823.409,2,-36.3101,1.7305,-1.3703
823.420,2,-36.3017,1.7302,-1.3706
823.431,2,-36.2932,1.7295,-1.3709
823.443,2,-36.2849,1.7287,-1.3713
823.454,2,-36.2764,1.7277,-1.3717
823.465,2,-36.2680,1.7265,-1.3721
823.476,2,-36.2596,1.7251,-1.3726
823.487,2,-36.2512,1.7233,-1.3731
823.498,2,-36.2429,1.7214,-1.3737
823.510,2,-36.2346,1.7194,-1.3743
823.521,2,-36.2264,1.7175,-1.3750
823.531,2,-36.2181,1.7158,-1.3758
823.543,2,-36.2097,1.7143,-1.3766
823.554,2,-36.2013,1.7130,-1.3776
823.565,2,-36.1928,1.7118,-1.3786
823.576,2,-36.1843,1.7108,-1.3797
823.587,2,-36.1757,1.7101,-1.3808
823.598,2,-36.1671,1.7097,-1.3820
823.609,2,-36.1584,1.7094,-1.3833
823.621,2,-36.1497,1.7089,-1.3847
823.632,2,-36.1412,1.7088,-1.3861
823.643,2,-36.1325,1.7094,-1.3875
823.654,2,-36.1240,1.7104,-1.3891
823.665,2,-36.1156,1.7112,-1.3906
823.676,2,-36.1072,1.7119,-1.3922
823.687,2,-36.0989,1.7129,-1.3937
823.698,2,-36.0907,1.7142,-1.3951
823.709,2,-36.0825,1.7155,-1.3966
823.720,2,-36.0743,1.7166,-1.3981
823.731,2,-36.0662,1.7176,-1.3994
823.743,2,-36.0582,1.7184,-1.4007
823.754,2,-36.0501,1.7193,-1.4020
823.764,2,-36.0421,1.7200,-1.4033
823.776,2,-36.0340,1.7207,-1.4046
823.787,2,-36.0260,1.7216,-1.4057
823.798,2,-36.0179,1.7226,-1.4068
823.809,2,-36.0098,1.7237,-1.4079
823.820,2,-36.0019,1.7248,-1.4089
823.832,2,-35.9940,1.7258,-1.4098
823.843,2,-35.9862,1.7269,-1.4108
823.854,2,-35.9784,1.7281,-1.4117
823.865,2,-35.9708,1.7295,-1.4125
823.876,2,-35.9631,1.7307,-1.4134
823.887,2,-35.9554,1.7319,-1.4142
823.898,2,-35.9477,1.7328,-1.4150
823.909,2,-35.9401,1.7336,-1.4158
823.920,2,-35.9325,1.7340,-1.4166
823.931,2,-35.9248,1.7346,-1.4174
823.942,2,-35.9173,1.7349,-1.4181
823.953,2,-35.9097,1.7350,-1.4189
823.964,2,-35.9020,1.7351,-1.4195
823.976,2,-35.8942,1.7352,-1.4203
823.987,2,-35.8864,1.7351,-1.4210
823.998,2,-35.8786,1.7349,-1.4217
824.009,2,-35.8709,1.7347,-1.4223
824.020,2,-35.8630,1.7344,-1.4229
824.031,2,-35.8554,1.7338,-1.4234
824.042,2,-35.8477,1.7330,-1.4239
824.054,2,-35.8400,1.7319,-1.4245
824.064,2,-35.8323,1.7307,-1.4249
824.075,2,-35.8247,1.7293,-1.4254
824.087,2,-35.8171,1.7278,-1.4257
824.097,2,-35.8095,1.7261,-1.4261
824.109,2,-35.8018,1.7244,-1.4263
824.120,2,-35.7942,1.7229,-1.4266
824.131,2,-35.7865,1.7216,-1.4268
824.143,2,-35.7785,1.7206,-1.4269
824.155,2,-35.7703,1.7197,-1.4271
824.166,2,-35.7622,1.7189,-1.4271
824.178,2,-35.7540,1.7181,-1.4271
824.190,2,-35.7458,1.7175,-1.4270
824.201,2,-35.7377,1.7172,-1.4271
824.213,2,-35.7295,1.7171,-1.4272
824.225,2,-35.7214,1.7173,-1.4270
824.236,2,-35.7134,1.7176,-1.4269
824.247,2,-35.7054,1.7180,-1.4267
824.258,2,-35.6974,1.7188,-1.4267
824.270,2,-35.6895,1.7200,-1.4267
824.282,2,-35.6817,1.7214,-1.4267
824.293,2,-35.6740,1.7229,-1.4267
824.305,2,-35.6664,1.7243,-1.4268
824.316,2,-35.6588,1.7253,-1.4271
824.328,2,-35.6514,1.7261,-1.4272
824.340,2,-35.6443,1.7267,-1.4276
824.351,2,-35.6372,1.7273,-1.4280
824.363,2,-35.6303,1.7278,-1.4285
824.374,2,-35.6237,1.7284,-1.4291
824.385,2,-35.6170,1.7291,-1.4298
824.396,2,-35.6105,1.7298,-1.4306
824.408,2,-35.6038,1.7306,-1.4314
824.419,2,-35.5972,1.7315,-1.4322
824.430,2,-35.5906,1.7325,-1.4329
824.441,2,-35.5840,1.7337,-1.4337
824.453,2,-35.5777,1.7349,-1.4345
824.464,2,-35.5715,1.7361,-1.4354
824.475,2,-35.5653,1.7372,-1.4362
824.486,2,-35.5592,1.7381,-1.4371
824.499,2,-35.5532,1.7389,-1.4380
824.509,2,-35.5472,1.7396,-1.4389
824.520,2,-35.5414,1.7402,-1.4397
824.531,2,-35.5356,1.7408,-1.4406
824.542,2,-35.5299,1.7413,-1.4416
824.554,2,-35.5243,1.7417,-1.4425
824.565,2,-35.5186,1.7420,-1.4435
824.576,2,-35.5131,1.7422,-1.4444
824.587,2,-35.5076,1.7422,-1.4455
824.598,2,-35.5021,1.7422,-1.4466
824.609,2,-35.4969,1.7419,-1.4476
824.621,2,-35.4916,1.7417,-1.4487
824.632,2,-35.4864,1.7413,-1.4497
824.643,2,-35.4811,1.7409,-1.4510
824.655,2,-35.4758,1.7404,-1.4522
824.666,2,-35.4706,1.7398,-1.4533
824.678,2,-35.4656,1.7391,-1.4546
824.689,2,-35.4605,1.7385,-1.4559
824.701,2,-35.4554,1.7380,-1.4574
824.713,2,-35.4504,1.7375,-1.4587
824.725,2,-35.4453,1.7372,-1.4602
824.736,2,-35.4403,1.7369,-1.4619
824.748,2,-35.4353,1.7366,-1.4635
824.759,2,-35.4303,1.7364,-1.4652
824.771,2,-35.4254,1.7361,-1.4669
824.783,2,-35.4205,1.7360,-1.4689
824.794,2,-35.4156,1.7360,-1.4707
824.806,2,-35.4108,1.7361,-1.4725
824.817,2,-35.4062,1.7363,-1.4744
824.829,2,-35.4015,1.7369,-1.4763
824.840,2,-35.3971,1.7374,-1.4781
824.852,2,-35.3924,1.7379,-1.4799
824.863,2,-35.3879,1.7383,-1.4818
824.875,2,-35.3835,1.7385,-1.4835
824.886,2,-35.3792,1.7390,-1.4851
824.897,2,-35.3750,1.7395,-1.4867
824.908,2,-35.3710,1.7399,-1.4881
824.920,2,-35.3671,1.7402,-1.4892
824.931,2,-35.3634,1.7403,-1.4904
824.943,2,-35.3599,1.7404,-1.4914
824.954,2,-35.3563,1.7406,-1.4925
824.965,2,-35.3530,1.7408,-1.4934
824.976,2,-35.3497,1.7410,-1.4942
824.988,2,-35.3465,1.7413,-1.4950
824.998,2,-35.3433,1.7417,-1.4959
825.010,2,-35.3401,1.7420,-1.4966
825.021,2,-35.3368,1.7424,-1.4971
825.032,2,-35.3337,1.7429,-1.4977
825.044,2,-35.3303,1.7434,-1.4987
825.055,2,-35.3272,1.7441,-1.4993
825.067,2,-35.3241,1.7447,-1.4998
825.078,2,-35.3211,1.7452,-1.5002
825.090,2,-35.3182,1.7457,-1.5006
825.102,2,-35.3154,1.7462,-1.5008
825.114,2,-35.3126,1.7468,-1.5012
825.125,2,-35.3099,1.7473,-1.5015
825.137,2,-35.3073,1.7479,-1.5017
825.148,2,-35.3047,1.7484,-1.5020
825.160,2,-35.3022,1.7488,-1.5020
825.172,2,-35.2998,1.7490,-1.5021
825.183,2,-35.2975,1.7491,-1.5022
825.195,2,-35.2953,1.7492,-1.5026
825.206,2,-35.2932,1.7493,-1.5026
825.218,2,-35.2913,1.7491,-1.5023
825.230,2,-35.2894,1.7490,-1.5021
825.241,2,-35.2878,1.7489,-1.5038
825.252,2,-35.2861,1.7488,-1.5034
825.263,2,-35.2844,1.7488,-1.5033
825.275,2,-35.2828,1.7492,-1.5036
825.286,2,-35.2813,1.7497,-1.5032
825.297,2,-35.2799,1.7500,-1.5039
825.308,2,-35.2785,1.7500,-1.5034
825.320,2,-35.2773,1.7495,-1.5030
825.331,2,-35.2760,1.7493,-1.5025
825.342,2,-35.2749,1.7493,-1.5020
825.353,2,-35.2737,1.7494,-1.5016
825.364,2,-35.2728,1.7496,-1.5014
825.376,2,-35.2719,1.7496,-1.5014
825.387,2,-35.2710,1.7498,-1.5011
825.398,2,-35.2701,1.7500,-1.5007
825.409,2,-35.2691,1.7502,-1.5003
825.421,2,-35.2684,1.7503,-1.5002
825.431,2,-35.2677,1.7504,-1.5003
825.443,2,-35.2669,1.7505,-1.5000
825.455,2,-35.2663,1.7505,-1.4996
825.466,2,-35.2657,1.7505,-1.4993
825.478,2,-35.2651,1.7504,-1.4998
825.489,2,-35.2644,1.7502,-1.4992
825.501,2,-35.2639,1.7500,-1.4989
825.513,2,-35.2633,1.7498,-1.4985
825.524,2,-35.2628,1.7495,-1.4980
825.536,2,-35.2624,1.7494,-1.4982
825.547,2,-35.2619,1.7492,-1.4980
825.559,2,-35.2613,1.7490,-1.4975
825.571,2,-35.2609,1.7489,-1.4977
825.582,2,-35.2605,1.7487,-1.4975
825.594,2,-35.2600,1.7486,-1.4974
825.605,2,-35.2596,1.7484,-1.4972
825.617,2,-35.2593,1.7482,-1.4972
825.629,2,-35.2589,1.7481,-1.4969
825.640,2,-35.2584,1.7480,-1.4965
825.652,2,-35.2580,1.7479,-1.4962
825.663,2,-35.2577,1.7478,-1.4959
825.674,2,-35.2574,1.7477,-1.4961
825.685,2,-35.2570,1.7477,-1.4960
825.697,2,-35.2566,1.7477,-1.4956
825.708,2,-35.2561,1.7479,-1.4953
825.719,2,-35.2556,1.7481,-1.4952
825.731,2,-35.2552,1.7483,-1.4950

# --- Trial 3 start ---
834.318,3,-39.5675,1.6875,-1.1941
834.329,3,-39.5680,1.6873,-1.1938
834.339,3,-39.5686,1.6870,-1.1933
834.350,3,-39.5692,1.6868,-1.1930
834.361,3,-39.5698,1.6865,-1.1926
834.372,3,-39.5704,1.6864,-1.1921
834.383,3,-39.5710,1.6862,-1.1918
834.394,3,-39.5717,1.6862,-1.1913
834.406,3,-39.5721,1.6861,-1.1910
834.416,3,-39.5727,1.6860,-1.1906
834.427,3,-39.5733,1.6859,-1.1903
834.439,3,-39.5739,1.6859,-1.1900
834.449,3,-39.5745,1.6859,-1.1897
834.460,3,-39.5752,1.6859,-1.1894
834.472,3,-39.5758,1.6859,-1.1890
834.488,3,-39.5766,1.6859,-1.1885
834.494,3,-39.5772,1.6859,-1.1881
834.505,3,-39.5779,1.6859,-1.1878
834.516,3,-39.5786,1.6860,-1.1873
834.531,3,-39.5790,1.6862,-1.1870
834.544,3,-39.5796,1.6864,-1.1867
834.549,3,-39.5801,1.6865,-1.1864
834.559,3,-39.5806,1.6866,-1.1862
834.570,3,-39.5811,1.6870,-1.1859
834.581,3,-39.5813,1.6873,-1.1857
834.593,3,-39.5815,1.6877,-1.1855
834.604,3,-39.5817,1.6879,-1.1853
834.614,3,-39.5820,1.6880,-1.1851
834.625,3,-39.5822,1.6881,-1.1849
834.636,3,-39.5824,1.6879,-1.1848
834.647,3,-39.5826,1.6875,-1.1846
834.659,3,-39.5827,1.6867,-1.1845
834.670,3,-39.5827,1.6858,-1.1845
834.681,3,-39.5826,1.6848,-1.1844
834.692,3,-39.5825,1.6841,-1.1845
834.703,3,-39.5822,1.6837,-1.1847
834.714,3,-39.5818,1.6837,-1.1849
834.725,3,-39.5814,1.6838,-1.1852
834.737,3,-39.5809,1.6838,-1.1855
834.747,3,-39.5804,1.6839,-1.1858
834.758,3,-39.5798,1.6840,-1.1862
834.769,3,-39.5792,1.6843,-1.1866
834.780,3,-39.5786,1.6847,-1.1871
834.792,3,-39.5781,1.6852,-1.1875
834.802,3,-39.5775,1.6859,-1.1880
834.813,3,-39.5770,1.6867,-1.1885
834.824,3,-39.5764,1.6874,-1.1891
834.836,3,-39.5758,1.6882,-1.1897
834.847,3,-39.5750,1.6889,-1.1903
834.858,3,-39.5743,1.6896,-1.1909
834.869,3,-39.5736,1.6901,-1.1915
834.880,3,-39.5729,1.6905,-1.1922
834.892,3,-39.5721,1.6908,-1.1930
834.903,3,-39.5711,1.6910,-1.1937
834.914,3,-39.5702,1.6912,-1.1945
834.925,3,-39.5692,1.6912,-1.1952
834.936,3,-39.5683,1.6911,-1.1959
834.947,3,-39.5673,1.6908,-1.1967
834.958,3,-39.5663,1.6906,-1.1975
834.969,3,-39.5654,1.6902,-1.1983
834.981,3,-39.5645,1.6899,-1.1991
834.992,3,-39.5636,1.6894,-1.1998
835.003,3,-39.5628,1.6890,-1.2006
835.014,3,-39.5619,1.6886,-1.2015
835.026,3,-39.5608,1.6881,-1.2024
835.037,3,-39.5598,1.6875,-1.2033
835.048,3,-39.5587,1.6866,-1.2043
835.060,3,-39.5576,1.6855,-1.2054
835.071,3,-39.5566,1.6841,-1.2066
835.083,3,-39.5555,1.6825,-1.2078
835.094,3,-39.5545,1.6804,-1.2090
835.105,3,-39.5532,1.6792,-1.2103
835.116,3,-39.5516,1.6814,-1.2115
835.127,3,-39.5493,1.6871,-1.2131
835.139,3,-39.5473,1.6917,-1.2144
835.149,3,-39.5452,1.6940,-1.2157
835.161,3,-39.5432,1.6945,-1.2171
835.172,3,-39.5416,1.6933,-1.2187
835.183,3,-39.5401,1.6915,-1.2204
835.194,3,-39.5386,1.6895,-1.2219
835.204,3,-39.5371,1.6877,-1.2234
835.216,3,-39.5356,1.6869,-1.2249
835.227,3,-39.5342,1.6868,-1.2266
835.238,3,-39.5328,1.6866,-1.2278
835.249,3,-39.5311,1.6862,-1.2292
835.260,3,-39.5295,1.6855,-1.2305
835.271,3,-39.5278,1.6846,-1.2318
835.283,3,-39.5263,1.6838,-1.2334
835.294,3,-39.5247,1.6834,-1.2348
835.305,3,-39.5232,1.6836,-1.2365
835.316,3,-39.5216,1.6837,-1.2381
835.327,3,-39.5201,1.6837,-1.2397
835.338,3,-39.5183,1.6833,-1.2413
835.349,3,-39.5166,1.6827,-1.2425
835.360,3,-39.5149,1.6821,-1.2441
835.371,3,-39.5129,1.6815,-1.2452
835.382,3,-39.5111,1.6811,-1.2466
835.394,3,-39.5087,1.6808,-1.2480
835.405,3,-39.5065,1.6803,-1.2492
835.416,3,-39.5039,1.6797,-1.2507
835.427,3,-39.5011,1.6787,-1.2518
835.438,3,-39.4982,1.6784,-1.2531
835.449,3,-39.4951,1.6779,-1.2544
835.460,3,-39.4920,1.6777,-1.2557
835.471,3,-39.4888,1.6775,-1.2570
835.482,3,-39.4857,1.6771,-1.2581
835.493,3,-39.4825,1.6767,-1.2593
835.505,3,-39.4792,1.6759,-1.2603
835.516,3,-39.4758,1.6753,-1.2615
835.527,3,-39.4722,1.6749,-1.2629
835.538,3,-39.4686,1.6745,-1.2640
835.549,3,-39.4649,1.6744,-1.2652
835.561,3,-39.4612,1.6742,-1.2662
835.572,3,-39.4574,1.6738,-1.2671
835.582,3,-39.4533,1.6734,-1.2680
835.594,3,-39.4492,1.6726,-1.2688
835.605,3,-39.4447,1.6721,-1.2699
835.616,3,-39.4403,1.6716,-1.2708
835.627,3,-39.4356,1.6713,-1.2719
835.638,3,-39.4309,1.6706,-1.2728
835.649,3,-39.4260,1.6699,-1.2736
835.660,3,-39.4208,1.6690,-1.2747
835.672,3,-39.4156,1.6679,-1.2755
835.682,3,-39.4100,1.6668,-1.2764
835.694,3,-39.4046,1.6658,-1.2773
835.704,3,-39.3991,1.6647,-1.2783
835.716,3,-39.3934,1.6635,-1.2792
835.726,3,-39.3878,1.6622,-1.2801
835.738,3,-39.3821,1.6608,-1.2811
835.748,3,-39.3763,1.6593,-1.2817
835.759,3,-39.3704,1.6579,-1.2826
835.770,3,-39.3642,1.6568,-1.2835
835.782,3,-39.3578,1.6559,-1.2842
835.793,3,-39.3514,1.6546,-1.2849
835.804,3,-39.3448,1.6536,-1.2855
835.814,3,-39.3383,1.6525,-1.2862
835.825,3,-39.3317,1.6512,-1.2869
835.837,3,-39.3250,1.6502,-1.2875
835.848,3,-39.3182,1.6493,-1.2882
835.859,3,-39.3113,1.6484,-1.2887
835.870,3,-39.3044,1.6476,-1.2893
835.881,3,-39.2975,1.6467,-1.2896
835.892,3,-39.2906,1.6460,-1.2899
835.904,3,-39.2836,1.6452,-1.2901
835.915,3,-39.2767,1.6447,-1.2904
835.926,3,-39.2696,1.6444,-1.2907
835.936,3,-39.2623,1.6443,-1.2908
835.947,3,-39.2549,1.6445,-1.2912
835.959,3,-39.2472,1.6451,-1.2916
835.970,3,-39.2394,1.6459,-1.2917
835.981,3,-39.2314,1.6471,-1.2920
835.992,3,-39.2236,1.6485,-1.2921
836.003,3,-39.2157,1.6504,-1.2924
836.014,3,-39.2077,1.6524,-1.2925
836.025,3,-39.1996,1.6545,-1.2928
836.036,3,-39.1916,1.6563,-1.2931
836.047,3,-39.1840,1.6580,-1.2931
836.059,3,-39.1763,1.6599,-1.2934
836.070,3,-39.1686,1.6619,-1.2938
836.081,3,-39.1609,1.6641,-1.2943
836.092,3,-39.1533,1.6657,-1.2949
836.103,3,-39.1457,1.6671,-1.2956
836.114,3,-39.1382,1.6683,-1.2961
836.125,3,-39.1307,1.6693,-1.2966
836.136,3,-39.1232,1.6705,-1.2973
836.147,3,-39.1158,1.6716,-1.2980
836.158,3,-39.1082,1.6726,-1.2986
836.169,3,-39.1007,1.6737,-1.2995
836.181,3,-39.0933,1.6742,-1.3001
836.192,3,-39.0858,1.6747,-1.3008
836.203,3,-39.0783,1.6752,-1.3016
836.214,3,-39.0708,1.6756,-1.3023
836.225,3,-39.0634,1.6759,-1.3030
836.236,3,-39.0560,1.6762,-1.3038
836.248,3,-39.0484,1.6764,-1.3048
836.259,3,-39.0410,1.6765,-1.3056
836.270,3,-39.0336,1.6765,-1.3065
836.281,3,-39.0260,1.6764,-1.3073
836.292,3,-39.0184,1.6763,-1.3082
836.303,3,-39.0108,1.6760,-1.3090
836.314,3,-39.0030,1.6756,-1.3099
836.326,3,-38.9952,1.6755,-1.3110
836.337,3,-38.9872,1.6748,-1.3122
836.348,3,-38.9791,1.6742,-1.3135
836.359,3,-38.9710,1.6736,-1.3147
836.370,3,-38.9631,1.6728,-1.3158
836.382,3,-38.9548,1.6718,-1.3170
836.393,3,-38.9466,1.6708,-1.3182
836.404,3,-38.9383,1.6698,-1.3197
836.415,3,-38.9301,1.6686,-1.3211
836.426,3,-38.9218,1.6674,-1.3224
836.437,3,-38.9135,1.6660,-1.3241
836.448,3,-38.9052,1.6645,-1.3255
836.459,3,-38.8967,1.6630,-1.3273
836.470,3,-38.8883,1.6612,-1.3289
836.481,3,-38.8796,1.6593,-1.3307
836.493,3,-38.8705,1.6578,-1.3327
836.504,3,-38.8616,1.6566,-1.3348
836.515,3,-38.8527,1.6556,-1.3368
836.526,3,-38.8438,1.6548,-1.3388
836.537,3,-38.8348,1.6544,-1.3409
836.548,3,-38.8256,1.6541,-1.3431
836.559,3,-38.8165,1.6543,-1.3454
836.570,3,-38.8072,1.6547,-1.3479
836.581,3,-38.7979,1.6557,-1.3504
836.592,3,-38.7883,1.6572,-1.3529
836.603,3,-38.7788,1.6590,-1.3554
836.616,3,-38.7691,1.6615,-1.3581
836.626,3,-38.7599,1.6633,-1.3606
836.636,3,-38.7505,1.6649,-1.3630
836.646,3,-38.7412,1.6667,-1.3655
836.658,3,-38.7323,1.6684,-1.3677
836.669,3,-38.7234,1.6700,-1.3698
836.680,3,-38.7149,1.6716,-1.3717
836.691,3,-38.7063,1.6726,-1.3733
836.702,3,-38.6979,1.6736,-1.3750
836.713,3,-38.6893,1.6747,-1.3766
836.724,3,-38.6804,1.6762,-1.3783
836.736,3,-38.6717,1.6777,-1.3797
836.747,3,-38.6630,1.6791,-1.3812
836.758,3,-38.6548,1.6804,-1.3824
836.769,3,-38.6461,1.6818,-1.3837
836.780,3,-38.6377,1.6830,-1.3849
836.791,3,-38.6291,1.6843,-1.3860
836.802,3,-38.6204,1.6855,-1.3873
836.813,3,-38.6119,1.6863,-1.3882
836.825,3,-38.6033,1.6869,-1.3891
836.835,3,-38.5948,1.6875,-1.3901
836.847,3,-38.5864,1.6879,-1.3910
836.858,3,-38.5780,1.6883,-1.3921
836.869,3,-38.5693,1.6886,-1.3929
836.880,3,-38.5606,1.6888,-1.3939
836.891,3,-38.5519,1.6887,-1.3947
836.902,3,-38.5431,1.6885,-1.3955
836.913,3,-38.5345,1.6882,-1.3963
836.924,3,-38.5258,1.6875,-1.3968
836.936,3,-38.5170,1.6868,-1.3974
836.946,3,-38.5082,1.6860,-1.3979
836.957,3,-38.4994,1.6850,-1.3984
836.968,3,-38.4904,1.6837,-1.3989
836.979,3,-38.4815,1.6822,-1.3992
836.990,3,-38.4725,1.6805,-1.3996
837.002,3,-38.4634,1.6786,-1.3997
837.013,3,-38.4542,1.6769,-1.3999
837.024,3,-38.4450,1.6751,-1.4001
837.036,3,-38.4357,1.6734,-1.4003
837.046,3,-38.4263,1.6717,-1.4005
837.058,3,-38.4169,1.6702,-1.4005
837.069,3,-38.4072,1.6689,-1.4005
837.080,3,-38.3975,1.6678,-1.4003
837.091,3,-38.3878,1.6669,-1.4002
837.103,3,-38.3777,1.6663,-1.4001
837.114,3,-38.3677,1.6657,-1.3999
837.125,3,-38.3576,1.6654,-1.3998
837.136,3,-38.3475,1.6654,-1.3997
837.147,3,-38.3374,1.6662,-1.3994
837.158,3,-38.3273,1.6674,-1.3991
837.170,3,-38.3171,1.6688,-1.3987
837.180,3,-38.3069,1.6701,-1.3985
837.192,3,-38.2967,1.6716,-1.3982
837.203,3,-38.2866,1.6736,-1.3981
837.214,3,-38.2767,1.6758,-1.3979
837.226,3,-38.2668,1.6782,-1.3978
837.237,3,-38.2571,1.6801,-1.3976
837.247,3,-38.2474,1.6818,-1.3977
837.259,3,-38.2377,1.6832,-1.3978
837.270,3,-38.2282,1.6843,-1.3981
837.281,3,-38.2188,1.6854,-1.3986
837.292,3,-38.2095,1.6867,-1.3990
837.303,3,-38.2002,1.6883,-1.3994
837.315,3,-38.1910,1.6897,-1.3999
837.326,3,-38.1819,1.6909,-1.4003
837.337,3,-38.1728,1.6920,-1.4008
837.348,3,-38.1638,1.6933,-1.4013
837.359,3,-38.1548,1.6947,-1.4018
837.370,3,-38.1460,1.6962,-1.4023
837.381,3,-38.1372,1.6976,-1.4028
837.393,3,-38.1283,1.6989,-1.4033
837.404,3,-38.1196,1.7000,-1.4039
837.414,3,-38.1108,1.7009,-1.4045
837.426,3,-38.1020,1.7016,-1.4051
837.437,3,-38.0931,1.7022,-1.4057
837.448,3,-38.0843,1.7027,-1.4063
837.459,3,-38.0756,1.7029,-1.4068
837.470,3,-38.0667,1.7029,-1.4075
837.481,3,-38.0578,1.7027,-1.4082
837.493,3,-38.0488,1.7023,-1.4088
837.504,3,-38.0397,1.7018,-1.4095
837.515,3,-38.0305,1.7010,-1.4103
837.526,3,-38.0212,1.7001,-1.4110
837.537,3,-38.0120,1.6990,-1.4119
837.548,3,-38.0027,1.6979,-1.4126
837.559,3,-37.9933,1.6964,-1.4135
837.570,3,-37.9840,1.6950,-1.4144
837.581,3,-37.9745,1.6929,-1.4154
837.592,3,-37.9651,1.6911,-1.4164
837.604,3,-37.9557,1.6891,-1.4174
837.615,3,-37.9461,1.6871,-1.4186
837.626,3,-37.9365,1.6853,-1.4197
837.637,3,-37.9269,1.6837,-1.4210
837.648,3,-37.9173,1.6824,-1.4223
837.659,3,-37.9076,1.6812,-1.4236
837.670,3,-37.8978,1.6804,-1.4249
837.681,3,-37.8881,1.6797,-1.4263
837.692,3,-37.8782,1.6793,-1.4277
837.704,3,-37.8682,1.6791,-1.4292
837.715,3,-37.8583,1.6790,-1.4307
837.726,3,-37.8485,1.6796,-1.4323
837.737,3,-37.8385,1.6810,-1.4341
837.748,3,-37.8286,1.6824,-1.4358
837.759,3,-37.8185,1.6838,-1.4377
837.771,3,-37.8085,1.6853,-1.4394
837.782,3,-37.7988,1.6868,-1.4411
837.793,3,-37.7889,1.6887,-1.4429
837.804,3,-37.7792,1.6908,-1.4445
837.815,3,-37.7695,1.6928,-1.4460
837.826,3,-37.7598,1.6945,-1.4475
837.837,3,-37.7502,1.6960,-1.4488
837.848,3,-37.7407,1.6973,-1.4500
837.859,3,-37.7314,1.6985,-1.4512
837.870,3,-37.7222,1.6998,-1.4522
837.881,3,-37.7130,1.7009,-1.4533
837.893,3,-37.7038,1.7021,-1.4543
837.903,3,-37.6945,1.7033,-1.4553
837.914,3,-37.6853,1.7045,-1.4563
837.926,3,-37.6760,1.7059,-1.4573
837.937,3,-37.6669,1.7075,-1.4582
837.948,3,-37.6577,1.7092,-1.4590
837.959,3,-37.6485,1.7108,-1.4598
837.971,3,-37.6395,1.7122,-1.4605
837.981,3,-37.6305,1.7132,-1.4612
837.993,3,-37.6214,1.7140,-1.4619
838.004,3,-37.6123,1.7145,-1.4625
838.015,3,-37.6032,1.7147,-1.4631
838.026,3,-37.5940,1.7147,-1.4636
838.037,3,-37.5848,1.7147,-1.4641
838.048,3,-37.5754,1.7145,-1.4646
838.059,3,-37.5662,1.7142,-1.4651
838.070,3,-37.5569,1.7138,-1.4655
838.081,3,-37.5475,1.7132,-1.4659
838.092,3,-37.5380,1.7123,-1.4661
838.103,3,-37.5285,1.7113,-1.4663
838.115,3,-37.5190,1.7099,-1.4663
838.126,3,-37.5096,1.7084,-1.4664
838.137,3,-37.5002,1.7066,-1.4663
838.148,3,-37.4908,1.7046,-1.4662
838.159,3,-37.4815,1.7025,-1.4661
838.170,3,-37.4721,1.7005,-1.4659
838.181,3,-37.4625,1.6986,-1.4657
838.192,3,-37.4529,1.6969,-1.4655
838.203,3,-37.4434,1.6953,-1.4653
838.214,3,-37.4336,1.6939,-1.4651
838.225,3,-37.4237,1.6928,-1.4648
838.237,3,-37.4138,1.6918,-1.4646
838.248,3,-37.4038,1.6911,-1.4642
838.259,3,-37.3938,1.6905,-1.4639
838.270,3,-37.3838,1.6900,-1.4635
838.282,3,-37.3736,1.6900,-1.4632
838.293,3,-37.3636,1.6905,-1.4628
838.304,3,-37.3536,1.6917,-1.4624
838.315,3,-37.3436,1.6932,-1.4621
838.326,3,-37.3339,1.6949,-1.4617
838.337,3,-37.3242,1.6964,-1.4612
838.348,3,-37.3147,1.6981,-1.4609
838.359,3,-37.3053,1.6999,-1.4606
838.370,3,-37.2960,1.7019,-1.4604
838.381,3,-37.2867,1.7039,-1.4602
838.393,3,-37.2775,1.7056,-1.4601
838.404,3,-37.2684,1.7070,-1.4601
838.415,3,-37.2592,1.7082,-1.4601
838.426,3,-37.2502,1.7094,-1.4602
838.437,3,-37.2412,1.7106,-1.4605
838.448,3,-37.2322,1.7122,-1.4607
838.459,3,-37.2232,1.7138,-1.4611
838.470,3,-37.2142,1.7152,-1.4616
838.481,3,-37.2054,1.7163,-1.4620
838.492,3,-37.1965,1.7173,-1.4626
838.503,3,-37.1877,1.7183,-1.4632
838.515,3,-37.1789,1.7195,-1.4639
838.525,3,-37.1703,1.7207,-1.4646
838.536,3,-37.1617,1.7217,-1.4653
838.547,3,-37.1530,1.7226,-1.4659
838.559,3,-37.1444,1.7232,-1.4667
838.570,3,-37.1358,1.7236,-1.4674
838.580,3,-37.1272,1.7236,-1.4682
838.591,3,-37.1185,1.7237,-1.4689
838.603,3,-37.1099,1.7235,-1.4696
838.614,3,-37.1013,1.7233,-1.4704
838.625,3,-37.0926,1.7229,-1.4712
838.636,3,-37.0838,1.7223,-1.4720
838.648,3,-37.0750,1.7214,-1.4727
838.659,3,-37.0663,1.7206,-1.4737
838.669,3,-37.0574,1.7197,-1.4746
838.680,3,-37.0485,1.7186,-1.4756
838.691,3,-37.0395,1.7174,-1.4766
838.703,3,-37.0305,1.7160,-1.4776
838.713,3,-37.0215,1.7146,-1.4786
838.725,3,-37.0125,1.7129,-1.4797
838.736,3,-37.0036,1.7111,-1.4809
838.747,3,-36.9946,1.7092,-1.4821
838.758,3,-36.9855,1.7074,-1.4834
838.769,3,-36.9762,1.7054,-1.4848
838.781,3,-36.9669,1.7036,-1.4863
838.791,3,-36.9577,1.7020,-1.4878
838.803,3,-36.9483,1.7007,-1.4892
838.814,3,-36.9389,1.6997,-1.4908
838.825,3,-36.9296,1.6989,-1.4924
838.836,3,-36.9202,1.6984,-1.4941
838.847,3,-36.9108,1.6979,-1.4959
838.858,3,-36.9014,1.6979,-1.4977
838.869,3,-36.8920,1.6980,-1.4996
838.880,3,-36.8827,1.6989,-1.5016
838.891,3,-36.8734,1.7002,-1.5037
838.902,3,-36.8642,1.7016,-1.5057
838.913,3,-36.8550,1.7034,-1.5079
838.924,3,-36.8458,1.7052,-1.5100
838.935,3,-36.8366,1.7069,-1.5120
838.947,3,-36.8275,1.7091,-1.5140
838.958,3,-36.8184,1.7108,-1.5160
838.969,3,-36.8094,1.7125,-1.5177
838.980,3,-36.8004,1.7139,-1.5194
838.991,3,-36.7917,1.7149,-1.5210
839.002,3,-36.7830,1.7158,-1.5225
839.013,3,-36.7743,1.7169,-1.5240
839.025,3,-36.7658,1.7180,-1.5256
839.036,3,-36.7572,1.7192,-1.5271
839.047,3,-36.7487,1.7203,-1.5285
839.059,3,-36.7401,1.7214,-1.5299
839.070,3,-36.7315,1.7227,-1.5313
839.081,3,-36.7229,1.7240,-1.5327
839.092,3,-36.7143,1.7254,-1.5340
839.104,3,-36.7058,1.7266,-1.5352
839.114,3,-36.6974,1.7278,-1.5363
839.125,3,-36.6890,1.7286,-1.5374
839.137,3,-36.6806,1.7291,-1.5385
839.148,3,-36.6721,1.7294,-1.5396
839.159,3,-36.6637,1.7293,-1.5406
839.170,3,-36.6551,1.7292,-1.5416
839.181,3,-36.6467,1.7290,-1.5426
839.192,3,-36.6381,1.7286,-1.5435
839.203,3,-36.6295,1.7280,-1.5444
839.214,3,-36.6208,1.7274,-1.5452
839.226,3,-36.6123,1.7267,-1.5460
839.237,3,-36.6037,1.7258,-1.5468
839.248,3,-36.5951,1.7249,-1.5474
839.259,3,-36.5865,1.7239,-1.5481
839.270,3,-36.5778,1.7226,-1.5487
839.281,3,-36.5692,1.7213,-1.5494
839.292,3,-36.5605,1.7199,-1.5500
839.304,3,-36.5517,1.7183,-1.5505
839.314,3,-36.5429,1.7170,-1.5510
839.325,3,-36.5342,1.7158,-1.5515
839.336,3,-36.5252,1.7146,-1.5519
839.348,3,-36.5163,1.7133,-1.5523
839.359,3,-36.5074,1.7121,-1.5527
839.370,3,-36.4985,1.7109,-1.5530
839.381,3,-36.4896,1.7099,-1.5533
839.392,3,-36.4807,1.7092,-1.5535
839.403,3,-36.4717,1.7086,-1.5536
839.414,3,-36.4627,1.7080,-1.5538
839.425,3,-36.4537,1.7073,-1.5539
839.436,3,-36.4448,1.7068,-1.5541
839.447,3,-36.4359,1.7065,-1.5541
839.458,3,-36.4270,1.7070,-1.5541
839.469,3,-36.4181,1.7079,-1.5540
839.480,3,-36.4091,1.7087,-1.5539
839.492,3,-36.4003,1.7095,-1.5538
839.503,3,-36.3914,1.7103,-1.5538
839.514,3,-36.3827,1.7119,-1.5537
839.525,3,-36.3740,1.7139,-1.5536
839.536,3,-36.3652,1.7161,-1.5536
839.547,3,-36.3565,1.7182,-1.5535
839.559,3,-36.3480,1.7198,-1.5534
839.570,3,-36.3395,1.7210,-1.5534
839.581,3,-36.3311,1.7220,-1.5535
839.592,3,-36.3229,1.7226,-1.5537
839.603,3,-36.3146,1.7232,-1.5539
839.614,3,-36.3066,1.7239,-1.5542
839.625,3,-36.2986,1.7246,-1.5545
839.636,3,-36.2905,1.7252,-1.5548
839.648,3,-36.2827,1.7258,-1.5551
839.659,3,-36.2748,1.7263,-1.5555
839.669,3,-36.2670,1.7271,-1.5557
839.681,3,-36.2593,1.7280,-1.5560
839.691,3,-36.2516,1.7291,-1.5562
839.703,3,-36.2439,1.7302,-1.5565
839.714,3,-36.2363,1.7312,-1.5566
839.725,3,-36.2286,1.7321,-1.5568
839.736,3,-36.2210,1.7328,-1.5570
839.747,3,-36.2134,1.7335,-1.5572
839.758,3,-36.2058,1.7340,-1.5574
839.769,3,-36.1981,1.7345,-1.5576
839.780,3,-36.1904,1.7349,-1.5579
839.792,3,-36.1827,1.7351,-1.5581
839.803,3,-36.1750,1.7351,-1.5584
839.815,3,-36.1675,1.7351,-1.5583
839.826,3,-36.1598,1.7349,-1.5585
839.836,3,-36.1521,1.7345,-1.5589
839.847,3,-36.1443,1.7342,-1.5592
839.858,3,-36.1365,1.7337,-1.5596
839.869,3,-36.1288,1.7331,-1.5600
839.881,3,-36.1210,1.7322,-1.5605
839.891,3,-36.1133,1.7314,-1.5609
839.902,3,-36.1055,1.7300,-1.5615
839.914,3,-36.0977,1.7286,-1.5621
839.925,3,-36.0898,1.7272,-1.5627
839.936,3,-36.0819,1.7256,-1.5634
839.947,3,-36.0740,1.7238,-1.5640
839.958,3,-36.0660,1.7220,-1.5648
839.969,3,-36.0580,1.7205,-1.5657
839.980,3,-36.0500,1.7193,-1.5666
839.991,3,-36.0418,1.7184,-1.5675
840.003,3,-36.0338,1.7174,-1.5685
840.014,3,-36.0256,1.7164,-1.5695
840.025,3,-36.0176,1.7155,-1.5706
840.036,3,-36.0095,1.7149,-1.5717
840.047,3,-36.0013,1.7150,-1.5729
840.058,3,-35.9931,1.7155,-1.5741
840.069,3,-35.9848,1.7164,-1.5753
840.080,3,-35.9765,1.7174,-1.5766
840.092,3,-35.9684,1.7189,-1.5778
840.103,3,-35.9602,1.7205,-1.5790
840.114,3,-35.9521,1.7219,-1.5801
840.125,3,-35.9442,1.7232,-1.5810
840.136,3,-35.9366,1.7241,-1.5818
840.147,3,-35.9291,1.7248,-1.5824
840.158,3,-35.9216,1.7253,-1.5831
840.169,3,-35.9144,1.7254,-1.5838
840.180,3,-35.9070,1.7258,-1.5843
840.192,3,-35.8999,1.7262,-1.5849
840.203,3,-35.8926,1.7268,-1.5855
840.214,3,-35.8854,1.7275,-1.5860
840.225,3,-35.8780,1.7284,-1.5865
840.236,3,-35.8707,1.7294,-1.5869
840.247,3,-35.8633,1.7305,-1.5872
840.258,3,-35.8560,1.7318,-1.5875
840.269,3,-35.8486,1.7333,-1.5876
840.281,3,-35.8414,1.7346,-1.5876
840.292,3,-35.8343,1.7358,-1.5876
840.303,3,-35.8272,1.7366,-1.5877
840.314,3,-35.8200,1.7372,-1.5877
840.325,3,-35.8130,1.7376,-1.5877
840.336,3,-35.8059,1.7379,-1.5876
840.347,3,-35.7988,1.7382,-1.5875
840.358,3,-35.7917,1.7383,-1.5872
840.369,3,-35.7847,1.7386,-1.5869
840.380,3,-35.7778,1.7383,-1.5864
840.391,3,-35.7708,1.7382,-1.5860
840.402,3,-35.7639,1.7379,-1.5855
840.413,3,-35.7570,1.7375,-1.5850
840.424,3,-35.7501,1.7369,-1.5845
840.435,3,-35.7431,1.7362,-1.5838
840.446,3,-35.7362,1.7355,-1.5831
840.458,3,-35.7292,1.7346,-1.5824
840.468,3,-35.7224,1.7337,-1.5817
840.479,3,-35.7155,1.7328,-1.5809
840.491,3,-35.7088,1.7319,-1.5800
840.502,3,-35.7021,1.7311,-1.5790
840.513,3,-35.6954,1.7300,-1.5780
840.524,3,-35.6886,1.7291,-1.5769
840.536,3,-35.6820,1.7282,-1.5758
840.547,3,-35.6752,1.7274,-1.5746
840.558,3,-35.6686,1.7269,-1.5734
840.569,3,-35.6620,1.7265,-1.5720
840.580,3,-35.6553,1.7261,-1.5705
840.591,3,-35.6486,1.7257,-1.5690
840.602,3,-35.6419,1.7253,-1.5675
840.614,3,-35.6353,1.7251,-1.5661
840.625,3,-35.6287,1.7254,-1.5645
840.636,3,-35.6221,1.7260,-1.5629
840.647,3,-35.6156,1.7265,-1.5614
840.658,3,-35.6093,1.7278,-1.5599
840.671,3,-35.6026,1.7296,-1.5582
840.683,3,-35.5960,1.7313,-1.5564
840.692,3,-35.5894,1.7324,-1.5547
840.704,3,-35.5830,1.7330,-1.5529
840.715,3,-35.5767,1.7334,-1.5512
840.727,3,-35.5707,1.7338,-1.5498
840.738,3,-35.5646,1.7343,-1.5486
840.750,3,-35.5587,1.7346,-1.5473
840.762,3,-35.5528,1.7348,-1.5460
840.774,3,-35.5470,1.7351,-1.5447
840.785,3,-35.5412,1.7352,-1.5435
840.797,3,-35.5354,1.7358,-1.5423
840.808,3,-35.5297,1.7364,-1.5411
840.820,3,-35.5238,1.7370,-1.5400
840.832,3,-35.5184,1.7376,-1.5389
840.843,3,-35.5130,1.7381,-1.5379
840.855,3,-35.5078,1.7388,-1.5370
840.866,3,-35.5027,1.7394,-1.5360
840.878,3,-35.4976,1.7401,-1.5352
840.889,3,-35.4927,1.7408,-1.5344
840.901,3,-35.4880,1.7414,-1.5336
840.912,3,-35.4833,1.7421,-1.5328
840.923,3,-35.4787,1.7427,-1.5322
840.934,3,-35.4741,1.7432,-1.5315
840.945,3,-35.4696,1.7437,-1.5309
840.957,3,-35.4651,1.7442,-1.5304
840.968,3,-35.4609,1.7445,-1.5297
840.979,3,-35.4567,1.7447,-1.5292
840.990,3,-35.4525,1.7449,-1.5286
841.002,3,-35.4484,1.7449,-1.5282
841.013,3,-35.4444,1.7449,-1.5277
841.024,3,-35.4405,1.7447,-1.5272
841.035,3,-35.4367,1.7444,-1.5267
841.047,3,-35.4330,1.7440,-1.5267
841.058,3,-35.4293,1.7435,-1.5264
841.069,3,-35.4256,1.7430,-1.5261
841.081,3,-35.4221,1.7424,-1.5259
841.092,3,-35.4186,1.7420,-1.5256
841.104,3,-35.4150,1.7417,-1.5252
841.116,3,-35.4114,1.7415,-1.5252
841.127,3,-35.4077,1.7413,-1.5249
841.139,3,-35.4041,1.7411,-1.5248
841.151,3,-35.4004,1.7410,-1.5246
841.163,3,-35.3966,1.7412,-1.5245
841.174,3,-35.3929,1.7417,-1.5246
841.186,3,-35.3891,1.7422,-1.5237
841.197,3,-35.3853,1.7428,-1.5237
841.209,3,-35.3815,1.7432,-1.5237
841.220,3,-35.3778,1.7435,-1.5238
841.232,3,-35.3743,1.7435,-1.5238
841.243,3,-35.3708,1.7434,-1.5239
841.255,3,-35.3673,1.7432,-1.5240
841.267,3,-35.3640,1.7431,-1.5241
841.278,3,-35.3607,1.7431,-1.5242
841.289,3,-35.3575,1.7433,-1.5242
841.300,3,-35.3542,1.7434,-1.5244
841.312,3,-35.3510,1.7434,-1.5245
841.323,3,-35.3479,1.7434,-1.5245
841.334,3,-35.3447,1.7434,-1.5245
841.345,3,-35.3417,1.7433,-1.5245
841.358,3,-35.3387,1.7432,-1.5244
841.369,3,-35.3359,1.7429,-1.5244
841.381,3,-35.3331,1.7426,-1.5244
841.392,3,-35.3303,1.7424,-1.5244
841.404,3,-35.3277,1.7422,-1.5243
841.416,3,-35.3251,1.7421,-1.5241
841.427,3,-35.3225,1.7419,-1.5239
841.439,3,-35.3200,1.7417,-1.5237
841.451,3,-35.3177,1.7415,-1.5235
841.462,3,-35.3153,1.7415,-1.5232
841.474,3,-35.3129,1.7416,-1.5233
841.485,3,-35.3105,1.7419,-1.5233
841.497,3,-35.3080,1.7423,-1.5230
841.508,3,-35.3057,1.7429,-1.5230
841.520,3,-35.3033,1.7437,-1.5227
841.531,3,-35.3011,1.7443,-1.5225
841.543,3,-35.2990,1.7451,-1.5223
841.555,3,-35.2969,1.7457,-1.5219
841.566,3,-35.2951,1.7463,-1.5217
841.578,3,-35.2932,1.7469,-1.5212
841.590,3,-35.2914,1.7475,-1.5209
841.601,3,-35.2898,1.7477,-1.5205
841.612,3,-35.2882,1.7480,-1.5200
841.624,3,-35.2867,1.7482,-1.5193
841.635,3,-35.2852,1.7483,-1.5189
841.646,3,-35.2838,1.7483,-1.5183
841.657,3,-35.2825,1.7483,-1.5176
841.668,3,-35.2813,1.7482,-1.5169
841.680,3,-35.2803,1.7481,-1.5161
841.692,3,-35.2793,1.7481,-1.5153
841.704,3,-35.2784,1.7481,-1.5144
841.715,3,-35.2776,1.7483,-1.5140
841.727,3,-35.2768,1.7482,-1.5132
841.739,3,-35.2762,1.7479,-1.5124
841.750,3,-35.2757,1.7474,-1.5116
841.762,3,-35.2753,1.7471,-1.5108
841.773,3,-35.2748,1.7472,-1.5101
841.785,3,-35.2744,1.7473,-1.5092
841.796,3,-35.2739,1.7475,-1.5084
841.808,3,-35.2735,1.7474,-1.5076
841.820,3,-35.2731,1.7473,-1.5071
841.832,3,-35.2727,1.7473,-1.5064
841.843,3,-35.2724,1.7474,-1.5064
841.855,3,-35.2721,1.7474,-1.5057
841.866,3,-35.2717,1.7476,-1.5051
841.878,3,-35.2712,1.7475,-1.5045
841.889,3,-35.2708,1.7475,-1.5039
841.900,3,-35.2704,1.7476,-1.5033
841.911,3,-35.2699,1.7476,-1.5027
841.923,3,-35.2695,1.7476,-1.5021
841.934,3,-35.2691,1.7477,-1.5014
841.945,3,-35.2687,1.7477,-1.5009
841.957,3,-35.2684,1.7477,-1.5007
841.968,3,-35.2681,1.7476,-1.5003
841.979,3,-35.2678,1.7475,-1.4999
841.990,3,-35.2675,1.7474,-1.4996
842.001,3,-35.2673,1.7473,-1.4992
842.013,3,-35.2671,1.7473,-1.4990
842.025,3,-35.2669,1.7472,-1.4987
842.037,3,-35.2667,1.7470,-1.4982
842.048,3,-35.2665,1.7468,-1.4979
842.059,3,-35.2665,1.7466,-1.4983
842.071,3,-35.2663,1.7465,-1.4981
842.082,3,-35.2662,1.7465,-1.4981
842.094,3,-35.2661,1.7467,-1.4986
842.106,3,-35.2659,1.7470,-1.4987
842.117,3,-35.2656,1.7472,-1.4987
842.131,3,-35.2655,1.7474,-1.4989
842.141,3,-35.2653,1.7476,-1.4991
842.152,3,-35.2651,1.7477,-1.4993
842.164,3,-35.2648,1.7477,-1.4995
842.176,3,-35.2646,1.7477,-1.4999
842.187,3,-35.2644,1.7476,-1.4999
842.199,3,-35.2643,1.7475,-1.5003
842.210,3,-35.2641,1.7474,-1.5004
842.222,3,-35.2640,1.7472,-1.5005
842.233,3,-35.2639,1.7470,-1.5005
842.244,3,-35.2638,1.7469,-1.5005
842.256,3,-35.2637,1.7467,-1.5007
842.267,3,-35.2635,1.7466,-1.5008
842.278,3,-35.2634,1.7464,-1.5009
842.290,3,-35.2633,1.7463,-1.5008
842.301,3,-35.2632,1.7462,-1.5009
842.312,3,-35.2631,1.7461,-1.5008
842.323,3,-35.2631,1.7459,-1.5010
842.335,3,-35.2630,1.7459,-1.5009
842.346,3,-35.2630,1.7458,-1.5014
842.358,3,-35.2630,1.7457,-1.5015
842.369,3,-35.2630,1.7456,-1.5015

# --- Trial 4 start ---
851.676,4,-39.6990,1.6909,-1.2028
851.687,4,-39.6989,1.6912,-1.2023
851.698,4,-39.6987,1.6913,-1.2018
851.708,4,-39.6985,1.6914,-1.2012
851.720,4,-39.6983,1.6916,-1.2006
851.730,4,-39.6982,1.6917,-1.2001
851.742,4,-39.6979,1.6918,-1.1995
851.753,4,-39.6976,1.6920,-1.1990
851.764,4,-39.6973,1.6921,-1.1984
851.779,4,-39.6971,1.6921,-1.1977
851.792,4,-39.6968,1.6921,-1.1971
851.798,4,-39.6966,1.6921,-1.1964
851.807,4,-39.6963,1.6921,-1.1958
851.817,4,-39.6960,1.6921,-1.1951
851.828,4,-39.6958,1.6920,-1.1944
851.841,4,-39.6954,1.6919,-1.1937
851.858,4,-39.6950,1.6917,-1.1929
851.863,4,-39.6947,1.6915,-1.1921
851.872,4,-39.6943,1.6913,-1.1913
851.884,4,-39.6939,1.6911,-1.1905
851.895,4,-39.6936,1.6910,-1.1897
851.906,4,-39.6933,1.6908,-1.1888
851.917,4,-39.6930,1.6907,-1.1879
851.929,4,-39.6924,1.6907,-1.1869
851.939,4,-39.6919,1.6906,-1.1860
851.951,4,-39.6913,1.6906,-1.1851
851.962,4,-39.6908,1.6907,-1.1842
851.973,4,-39.6904,1.6909,-1.1834
851.984,4,-39.6899,1.6911,-1.1825
851.995,4,-39.6893,1.6911,-1.1816
852.006,4,-39.6889,1.6908,-1.1807
852.017,4,-39.6884,1.6903,-1.1799
852.028,4,-39.6879,1.6896,-1.1791
852.039,4,-39.6874,1.6889,-1.1783
852.051,4,-39.6871,1.6883,-1.1776
852.062,4,-39.6864,1.6879,-1.1770
852.073,4,-39.6858,1.6876,-1.1764
852.084,4,-39.6851,1.6873,-1.1759
852.095,4,-39.6844,1.6871,-1.1754
852.107,4,-39.6834,1.6871,-1.1751
852.117,4,-39.6827,1.6875,-1.1748
852.128,4,-39.6820,1.6876,-1.1745
852.139,4,-39.6814,1.6878,-1.1743
852.151,4,-39.6808,1.6879,-1.1741
852.162,4,-39.6802,1.6880,-1.1740
852.173,4,-39.6794,1.6882,-1.1739
852.184,4,-39.6787,1.6884,-1.1739
852.195,4,-39.6779,1.6886,-1.1738
852.206,4,-39.6771,1.6889,-1.1739
852.218,4,-39.6763,1.6892,-1.1740
852.228,4,-39.6755,1.6893,-1.1741
852.239,4,-39.6747,1.6893,-1.1742
852.250,4,-39.6738,1.6891,-1.1744
852.261,4,-39.6729,1.6890,-1.1745
852.273,4,-39.6720,1.6889,-1.1748
852.284,4,-39.6710,1.6888,-1.1751
852.295,4,-39.6701,1.6885,-1.1755
852.306,4,-39.6691,1.6881,-1.1758
852.317,4,-39.6681,1.6877,-1.1761
852.328,4,-39.6671,1.6870,-1.1765
852.339,4,-39.6662,1.6864,-1.1768
852.350,4,-39.6653,1.6859,-1.1772
852.361,4,-39.6644,1.6854,-1.1776
852.372,4,-39.6633,1.6849,-1.1781
852.384,4,-39.6623,1.6844,-1.1785
852.395,4,-39.6613,1.6838,-1.1790
852.407,4,-39.6603,1.6834,-1.1795
852.418,4,-39.6591,1.6829,-1.1799
852.429,4,-39.6579,1.6825,-1.1804
852.441,4,-39.6566,1.6820,-1.1808
852.452,4,-39.6552,1.6812,-1.1811
852.464,4,-39.6538,1.6802,-1.1813
852.474,4,-39.6528,1.6802,-1.1811
852.486,4,-39.6507,1.6837,-1.1813
852.497,4,-39.6485,1.6873,-1.1816
852.508,4,-39.6466,1.6906,-1.1820
852.519,4,-39.6447,1.6921,-1.1823
852.530,4,-39.6427,1.6927,-1.1827
852.541,4,-39.6410,1.6922,-1.1835
852.553,4,-39.6391,1.6913,-1.1842
852.564,4,-39.6370,1.6909,-1.1847
852.575,4,-39.6352,1.6907,-1.1854
852.586,4,-39.6332,1.6907,-1.1862
852.597,4,-39.6313,1.6908,-1.1870
852.608,4,-39.6295,1.6906,-1.1879
852.619,4,-39.6276,1.6902,-1.1887
852.630,4,-39.6257,1.6895,-1.1898
852.641,4,-39.6237,1.6887,-1.1909
852.652,4,-39.6218,1.6881,-1.1920
852.663,4,-39.6198,1.6876,-1.1931
852.674,4,-39.6178,1.6874,-1.1942
852.685,4,-39.6158,1.6874,-1.1953
852.696,4,-39.6135,1.6873,-1.1962
852.707,4,-39.6110,1.6872,-1.1971
852.718,4,-39.6087,1.6870,-1.1978
852.729,4,-39.6062,1.6869,-1.1986
852.741,4,-39.6038,1.6869,-1.1994
852.752,4,-39.6013,1.6869,-1.2002
852.763,4,-39.5987,1.6867,-1.2011
852.774,4,-39.5960,1.6863,-1.2020
852.786,4,-39.5932,1.6857,-1.2029
852.797,4,-39.5904,1.6849,-1.2037
852.809,4,-39.5873,1.6843,-1.2046
852.820,4,-39.5844,1.6838,-1.2055
852.830,4,-39.5813,1.6834,-1.2064
852.840,4,-39.5784,1.6829,-1.2071
852.851,4,-39.5755,1.6823,-1.2079
852.863,4,-39.5725,1.6817,-1.2085
852.874,4,-39.5696,1.6808,-1.2091
852.885,4,-39.5664,1.6800,-1.2098
852.896,4,-39.5633,1.6792,-1.2105
852.907,4,-39.5602,1.6786,-1.2111
852.918,4,-39.5568,1.6782,-1.2116
852.929,4,-39.5532,1.6780,-1.2120
852.940,4,-39.5493,1.6777,-1.2125
852.951,4,-39.5454,1.6776,-1.2128
852.962,4,-39.5414,1.6772,-1.2132
852.973,4,-39.5374,1.6769,-1.2136
852.984,4,-39.5332,1.6768,-1.2140
852.995,4,-39.5289,1.6768,-1.2143
853.007,4,-39.5245,1.6766,-1.2146
853.018,4,-39.5200,1.6764,-1.2150
853.029,4,-39.5152,1.6759,-1.2151
853.040,4,-39.5104,1.6754,-1.2153
853.051,4,-39.5053,1.6750,-1.2156
853.062,4,-39.5002,1.6744,-1.2159
853.073,4,-39.4949,1.6738,-1.2160
853.084,4,-39.4895,1.6731,-1.2162
853.096,4,-39.4839,1.6723,-1.2163
853.107,4,-39.4783,1.6713,-1.2163
853.118,4,-39.4727,1.6702,-1.2163
853.129,4,-39.4668,1.6691,-1.2161
853.140,4,-39.4610,1.6681,-1.2159
853.151,4,-39.4550,1.6669,-1.2156
853.162,4,-39.4487,1.6655,-1.2151
853.174,4,-39.4426,1.6641,-1.2147
853.185,4,-39.4363,1.6625,-1.2141
853.196,4,-39.4299,1.6611,-1.2135
853.207,4,-39.4234,1.6595,-1.2128
853.219,4,-39.4168,1.6580,-1.2120
853.230,4,-39.4100,1.6566,-1.2114
853.241,4,-39.4032,1.6552,-1.2105
853.252,4,-39.3963,1.6541,-1.2098
853.263,4,-39.3893,1.6532,-1.2089
853.274,4,-39.3822,1.6527,-1.2081
853.285,4,-39.3749,1.6524,-1.2073
853.296,4,-39.3676,1.6522,-1.2065
853.307,4,-39.3601,1.6523,-1.2058
853.319,4,-39.3526,1.6523,-1.2050
853.329,4,-39.3451,1.6525,-1.2043
853.340,4,-39.3376,1.6533,-1.2034
853.352,4,-39.3298,1.6545,-1.2027
853.362,4,-39.3221,1.6557,-1.2019
853.373,4,-39.3143,1.6575,-1.2011
853.384,4,-39.3062,1.6593,-1.2005
853.396,4,-39.2983,1.6613,-1.1998
853.407,4,-39.2902,1.6634,-1.1993
853.418,4,-39.2823,1.6655,-1.1989
853.429,4,-39.2746,1.6679,-1.1984
853.440,4,-39.2667,1.6700,-1.1980
853.451,4,-39.2589,1.6720,-1.1976
853.462,4,-39.2514,1.6735,-1.1973
853.473,4,-39.2436,1.6748,-1.1971
853.484,4,-39.2361,1.6760,-1.1968
853.496,4,-39.2287,1.6773,-1.1966
853.507,4,-39.2213,1.6788,-1.1964
853.518,4,-39.2138,1.6804,-1.1964
853.529,4,-39.2065,1.6818,-1.1963
853.540,4,-39.1991,1.6830,-1.1963
853.552,4,-39.1917,1.6840,-1.1964
853.562,4,-39.1844,1.6850,-1.1966
853.574,4,-39.1771,1.6860,-1.1967
853.585,4,-39.1697,1.6869,-1.1969
853.596,4,-39.1625,1.6877,-1.1972
853.607,4,-39.1553,1.6884,-1.1974
853.618,4,-39.1481,1.6888,-1.1976
853.630,4,-39.1407,1.6891,-1.1980
853.641,4,-39.1334,1.6893,-1.1983
853.652,4,-39.1261,1.6893,-1.1986
853.663,4,-39.1187,1.6890,-1.1990
853.674,4,-39.1112,1.6888,-1.1995
853.685,4,-39.1038,1.6884,-1.2000
853.696,4,-39.0962,1.6879,-1.2007
853.707,4,-39.0884,1.6874,-1.2012
853.718,4,-39.0808,1.6866,-1.2018
853.729,4,-39.0732,1.6858,-1.2023
853.740,4,-39.0656,1.6849,-1.2030
853.752,4,-39.0578,1.6837,-1.2037
853.763,4,-39.0501,1.6825,-1.2043
853.773,4,-39.0423,1.6814,-1.2050
853.785,4,-39.0343,1.6801,-1.2059
853.795,4,-39.0264,1.6786,-1.2067
853.806,4,-39.0184,1.6769,-1.2078
853.818,4,-39.0105,1.6751,-1.2088
853.828,4,-39.0027,1.6733,-1.2099
853.839,4,-38.9946,1.6714,-1.2110
853.851,4,-38.9864,1.6699,-1.2123
853.862,4,-38.9782,1.6687,-1.2136
853.873,4,-38.9699,1.6675,-1.2150
853.884,4,-38.9614,1.6667,-1.2165
853.896,4,-38.9529,1.6660,-1.2180
853.907,4,-38.9440,1.6656,-1.2197
853.918,4,-38.9351,1.6654,-1.2214
853.929,4,-38.9260,1.6654,-1.2232
853.941,4,-38.9169,1.6659,-1.2250
853.952,4,-38.9078,1.6673,-1.2270
853.963,4,-38.8986,1.6687,-1.2290
853.974,4,-38.8896,1.6701,-1.2310
853.985,4,-38.8805,1.6718,-1.2329
853.996,4,-38.8715,1.6739,-1.2348
854.007,4,-38.8622,1.6763,-1.2367
854.018,4,-38.8530,1.6789,-1.2385
854.030,4,-38.8439,1.6812,-1.2403
854.040,4,-38.8349,1.6830,-1.2419
854.052,4,-38.8263,1.6843,-1.2434
854.063,4,-38.8176,1.6854,-1.2449
854.074,4,-38.8094,1.6861,-1.2462
854.085,4,-38.8009,1.6869,-1.2475
854.096,4,-38.7924,1.6876,-1.2487
854.107,4,-38.7838,1.6885,-1.2500
854.118,4,-38.7752,1.6895,-1.2513
854.129,4,-38.7667,1.6904,-1.2525
854.140,4,-38.7580,1.6913,-1.2538
854.151,4,-38.7493,1.6922,-1.2549
854.162,4,-38.7405,1.6932,-1.2560
854.174,4,-38.7315,1.6944,-1.2571
854.185,4,-38.7226,1.6953,-1.2583
854.196,4,-38.7136,1.6959,-1.2593
854.207,4,-38.7046,1.6964,-1.2603
854.218,4,-38.6955,1.6966,-1.2614
854.230,4,-38.6865,1.6966,-1.2624
854.240,4,-38.6774,1.6965,-1.2635
854.251,4,-38.6683,1.6961,-1.2645
854.263,4,-38.6591,1.6957,-1.2654
854.274,4,-38.6497,1.6952,-1.2664
854.285,4,-38.6402,1.6944,-1.2674
854.296,4,-38.6308,1.6936,-1.2683
854.307,4,-38.6212,1.6924,-1.2692
854.318,4,-38.6116,1.6912,-1.2701
854.329,4,-38.6020,1.6899,-1.2712
854.341,4,-38.5922,1.6880,-1.2721
854.352,4,-38.5823,1.6863,-1.2731
854.363,4,-38.5724,1.6842,-1.2741
854.374,4,-38.5625,1.6820,-1.2750
854.385,4,-38.5525,1.6799,-1.2759
854.396,4,-38.5425,1.6777,-1.2768
854.407,4,-38.5324,1.6755,-1.2777
854.418,4,-38.5223,1.6735,-1.2786
854.430,4,-38.5122,1.6718,-1.2794
854.441,4,-38.5018,1.6703,-1.2802
854.452,4,-38.4915,1.6692,-1.2809
854.462,4,-38.4812,1.6680,-1.2817
854.474,4,-38.4708,1.6671,-1.2824
854.484,4,-38.4605,1.6663,-1.2830
854.496,4,-38.4501,1.6659,-1.2835
854.507,4,-38.4397,1.6659,-1.2840
854.518,4,-38.4290,1.6667,-1.2845
854.529,4,-38.4184,1.6678,-1.2849
854.540,4,-38.4078,1.6691,-1.2853
854.551,4,-38.3971,1.6703,-1.2859
854.562,4,-38.3866,1.6721,-1.2864
854.573,4,-38.3760,1.6741,-1.2871
854.584,4,-38.3655,1.6768,-1.2878
854.595,4,-38.3550,1.6795,-1.2884
854.607,4,-38.3447,1.6820,-1.2890
854.618,4,-38.3343,1.6842,-1.2898
854.629,4,-38.3241,1.6859,-1.2905
854.640,4,-38.3140,1.6873,-1.2915
854.651,4,-38.3040,1.6886,-1.2926
854.662,4,-38.2940,1.6897,-1.2936
854.674,4,-38.2841,1.6909,-1.2948
854.685,4,-38.2741,1.6923,-1.2959
854.696,4,-38.2642,1.6938,-1.2971
854.707,4,-38.2544,1.6953,-1.2983
854.718,4,-38.2445,1.6966,-1.2995
854.729,4,-38.2348,1.6978,-1.3008
854.740,4,-38.2254,1.6992,-1.3020
854.751,4,-38.2159,1.7003,-1.3031
854.762,4,-38.2064,1.7011,-1.3044
854.773,4,-38.1968,1.7018,-1.3056
854.784,4,-38.1873,1.7023,-1.3068
854.796,4,-38.1777,1.7028,-1.3081
854.807,4,-38.1683,1.7030,-1.3094
854.818,4,-38.1588,1.7032,-1.3108
854.830,4,-38.1493,1.7031,-1.3122
854.841,4,-38.1398,1.7029,-1.3137
854.850,4,-38.1302,1.7026,-1.3153
854.862,4,-38.1207,1.7020,-1.3169
854.873,4,-38.1112,1.7012,-1.3186
854.884,4,-38.1016,1.7002,-1.3203
854.895,4,-38.0920,1.6990,-1.3220
854.906,4,-38.0824,1.6977,-1.3237
854.917,4,-38.0726,1.6963,-1.3255
854.928,4,-38.0629,1.6947,-1.3274
854.939,4,-38.0532,1.6930,-1.3292
854.950,4,-38.0434,1.6912,-1.3312
854.961,4,-38.0336,1.6895,-1.3332
854.972,4,-38.0235,1.6874,-1.3353
854.983,4,-38.0132,1.6854,-1.3375
854.994,4,-38.0033,1.6833,-1.3397
855.005,4,-37.9932,1.6815,-1.3420
855.016,4,-37.9829,1.6799,-1.3444
855.027,4,-37.9725,1.6785,-1.3469
855.038,4,-37.9622,1.6774,-1.3494
855.049,4,-37.9517,1.6764,-1.3521
855.060,4,-37.9414,1.6756,-1.3547
855.072,4,-37.9309,1.6752,-1.3575
855.082,4,-37.9204,1.6754,-1.3604
855.093,4,-37.9096,1.6764,-1.3634
855.104,4,-37.8989,1.6779,-1.3664
855.116,4,-37.8880,1.6794,-1.3696
855.127,4,-37.8771,1.6814,-1.3727
855.138,4,-37.8664,1.6836,-1.3758
855.149,4,-37.8556,1.6859,-1.3788
855.161,4,-37.8449,1.6880,-1.3816
855.172,4,-37.8345,1.6899,-1.3842
855.183,4,-37.8244,1.6914,-1.3867
855.194,4,-37.8144,1.6924,-1.3890
855.205,4,-37.8045,1.6933,-1.3911
855.217,4,-37.7947,1.6943,-1.3933
855.228,4,-37.7851,1.6953,-1.3951
855.240,4,-37.7756,1.6965,-1.3970
855.251,4,-37.7660,1.6978,-1.3989
855.262,4,-37.7564,1.6992,-1.4008
855.273,4,-37.7468,1.7007,-1.4026
855.284,4,-37.7372,1.7022,-1.4044
855.295,4,-37.7277,1.7038,-1.4060
855.306,4,-37.7182,1.7052,-1.4076
855.317,4,-37.7089,1.7064,-1.4091
855.328,4,-37.6995,1.7075,-1.4108
855.340,4,-37.6903,1.7082,-1.4123
855.350,4,-37.6810,1.7088,-1.4137
855.362,4,-37.6718,1.7089,-1.4151
855.372,4,-37.6624,1.7090,-1.4164
855.384,4,-37.6532,1.7089,-1.4177
855.394,4,-37.6438,1.7086,-1.4189
855.406,4,-37.6343,1.7081,-1.4201
855.417,4,-37.6249,1.7075,-1.4212
855.428,4,-37.6154,1.7066,-1.4223
855.439,4,-37.6058,1.7057,-1.4233
855.450,4,-37.5961,1.7045,-1.4243
855.461,4,-37.5865,1.7031,-1.4252
855.472,4,-37.5769,1.7017,-1.4262
855.483,4,-37.5673,1.6997,-1.4270
855.494,4,-37.5575,1.6977,-1.4278
855.505,4,-37.5477,1.6955,-1.4286
855.517,4,-37.5379,1.6935,-1.4293
855.528,4,-37.5279,1.6915,-1.4299
855.539,4,-37.5178,1.6896,-1.4306
855.550,4,-37.5077,1.6879,-1.4311
855.561,4,-37.4974,1.6862,-1.4317
855.572,4,-37.4872,1.6847,-1.4322
855.584,4,-37.4768,1.6836,-1.4327
855.594,4,-37.4663,1.6827,-1.4332
855.606,4,-37.4558,1.6820,-1.4336
855.617,4,-37.4451,1.6815,-1.4339
855.628,4,-37.4344,1.6812,-1.4342
855.639,4,-37.4238,1.6813,-1.4345
855.651,4,-37.4129,1.6822,-1.4348
855.661,4,-37.4024,1.6833,-1.4349
855.673,4,-37.3917,1.6847,-1.4350
855.684,4,-37.3812,1.6860,-1.4351
855.695,4,-37.3707,1.6876,-1.4352
855.706,4,-37.3603,1.6895,-1.4353
855.717,4,-37.3498,1.6917,-1.4355
855.728,4,-37.3393,1.6940,-1.4357
855.740,4,-37.3290,1.6963,-1.4359
855.751,4,-37.3188,1.6981,-1.4362
855.762,4,-37.3086,1.6994,-1.4366
855.773,4,-37.2986,1.7004,-1.4372
855.784,4,-37.2887,1.7014,-1.4377
855.795,4,-37.2790,1.7026,-1.4383
855.806,4,-37.2693,1.7040,-1.4390
855.817,4,-37.2595,1.7055,-1.4396
855.828,4,-37.2499,1.7070,-1.4402
855.839,4,-37.2403,1.7084,-1.4407
855.850,4,-37.2307,1.7099,-1.4413
855.862,4,-37.2212,1.7114,-1.4420
855.873,4,-37.2117,1.7130,-1.4427
855.884,4,-37.2022,1.7145,-1.4434
855.895,4,-37.1928,1.7158,-1.4441
855.906,4,-37.1834,1.7168,-1.4449
855.917,4,-37.1741,1.7177,-1.4457
855.929,4,-37.1647,1.7182,-1.4465
855.939,4,-37.1554,1.7185,-1.4472
855.950,4,-37.1460,1.7186,-1.4479
855.961,4,-37.1366,1.7185,-1.4487
855.973,4,-37.1271,1.7183,-1.4496
855.983,4,-37.1176,1.7179,-1.4506
855.994,4,-37.1082,1.7173,-1.4516
856.006,4,-37.0986,1.7163,-1.4527
856.017,4,-37.0891,1.7154,-1.4539
856.028,4,-37.0795,1.7139,-1.4551
856.039,4,-37.0698,1.7125,-1.4563
856.050,4,-37.0601,1.7107,-1.4575
856.061,4,-37.0503,1.7089,-1.4587
856.073,4,-37.0406,1.7068,-1.4600
856.084,4,-37.0308,1.7047,-1.4613
856.095,4,-37.0211,1.7024,-1.4626
856.106,4,-37.0114,1.7000,-1.4639
856.117,4,-37.0016,1.6977,-1.4653
856.128,4,-36.9918,1.6956,-1.4668
856.139,4,-36.9818,1.6940,-1.4683
856.150,4,-36.9716,1.6927,-1.4698
856.162,4,-36.9615,1.6917,-1.4714
856.173,4,-36.9511,1.6910,-1.4731
856.184,4,-36.9410,1.6905,-1.4747
856.195,4,-36.9307,1.6902,-1.4765
856.206,4,-36.9205,1.6903,-1.4783
856.217,4,-36.9100,1.6915,-1.4802
856.228,4,-36.8997,1.6925,-1.4820
856.239,4,-36.8895,1.6938,-1.4839
856.250,4,-36.8792,1.6953,-1.4858
856.261,4,-36.8689,1.6973,-1.4876
856.272,4,-36.8586,1.6993,-1.4895
856.283,4,-36.8483,1.7011,-1.4913
856.295,4,-36.8382,1.7027,-1.4928
856.306,4,-36.8283,1.7040,-1.4943
856.317,4,-36.8186,1.7049,-1.4955
856.328,4,-36.8090,1.7058,-1.4967
856.339,4,-36.7996,1.7064,-1.4977
856.350,4,-36.7901,1.7072,-1.4987
856.361,4,-36.7809,1.7079,-1.4995
856.373,4,-36.7717,1.7090,-1.5003
856.384,4,-36.7624,1.7102,-1.5013
856.395,4,-36.7531,1.7114,-1.5021
856.407,4,-36.7439,1.7129,-1.5029
856.417,4,-36.7346,1.7144,-1.5036
856.429,4,-36.7253,1.7160,-1.5041
856.440,4,-36.7160,1.7175,-1.5047
856.451,4,-36.7068,1.7188,-1.5052
856.462,4,-36.6978,1.7198,-1.5056
856.473,4,-36.6888,1.7205,-1.5059
856.484,4,-36.6797,1.7210,-1.5063
856.494,4,-36.6707,1.7211,-1.5066
856.506,4,-36.6615,1.7212,-1.5070
856.517,4,-36.6522,1.7209,-1.5071
856.528,4,-36.6430,1.7205,-1.5072
856.539,4,-36.6336,1.7200,-1.5073
856.550,4,-36.6244,1.7194,-1.5072
856.562,4,-36.6152,1.7186,-1.5070
856.573,4,-36.6060,1.7177,-1.5068
856.583,4,-36.5968,1.7165,-1.5067
856.594,4,-36.5875,1.7150,-1.5064
856.605,4,-36.5784,1.7134,-1.5062
856.616,4,-36.5694,1.7113,-1.5058
856.627,4,-36.5604,1.7092,-1.5055
856.638,4,-36.5514,1.7071,-1.5051
856.649,4,-36.5423,1.7051,-1.5047
856.660,4,-36.5333,1.7033,-1.5041
856.672,4,-36.5241,1.7016,-1.5035
856.683,4,-36.5148,1.6999,-1.5029
856.694,4,-36.5054,1.6984,-1.5022
856.705,4,-36.4959,1.6973,-1.5015
856.716,4,-36.4863,1.6966,-1.5008
856.727,4,-36.4766,1.6962,-1.4999
856.738,4,-36.4670,1.6956,-1.4990
856.749,4,-36.4574,1.6953,-1.4981
856.760,4,-36.4478,1.6952,-1.4971
856.771,4,-36.4382,1.6958,-1.4961
856.783,4,-36.4286,1.6969,-1.4951
856.794,4,-36.4190,1.6980,-1.4940
856.805,4,-36.4095,1.6993,-1.4929
856.816,4,-36.4001,1.7007,-1.4917
856.827,4,-36.3907,1.7025,-1.4907
856.839,4,-36.3814,1.7046,-1.4897
856.850,4,-36.3722,1.7070,-1.4887
856.862,4,-36.3631,1.7094,-1.4878
856.872,4,-36.3539,1.7117,-1.4869
856.882,4,-36.3448,1.7137,-1.4862
856.893,4,-36.3359,1.7153,-1.4856
856.904,4,-36.3270,1.7168,-1.4851
856.917,4,-36.3184,1.7178,-1.4848
856.927,4,-36.3097,1.7192,-1.4844
856.938,4,-36.3010,1.7205,-1.4843
856.949,4,-36.2924,1.7218,-1.4841
856.960,4,-36.2841,1.7230,-1.4838
856.971,4,-36.2755,1.7241,-1.4835
856.982,4,-36.2670,1.7252,-1.4835
856.994,4,-36.2586,1.7263,-1.4833
857.005,4,-36.2501,1.7277,-1.4834
857.016,4,-36.2416,1.7290,-1.4834
857.027,4,-36.2333,1.7302,-1.4834
857.038,4,-36.2250,1.7314,-1.4834
857.049,4,-36.2166,1.7324,-1.4834
857.060,4,-36.2084,1.7333,-1.4834
857.072,4,-36.2002,1.7340,-1.4833
857.082,4,-36.1921,1.7345,-1.4832
857.093,4,-36.1840,1.7349,-1.4830
857.104,4,-36.1759,1.7350,-1.4828
857.115,4,-36.1677,1.7351,-1.4828
857.127,4,-36.1597,1.7349,-1.4827
857.138,4,-36.1515,1.7345,-1.4827
857.149,4,-36.1433,1.7342,-1.4826
857.160,4,-36.1350,1.7337,-1.4825
857.171,4,-36.1268,1.7330,-1.4824
857.182,4,-36.1186,1.7322,-1.4822
857.193,4,-36.1104,1.7313,-1.4821
857.205,4,-36.1022,1.7300,-1.4821
857.216,4,-36.0940,1.7286,-1.4821
857.227,4,-36.0860,1.7269,-1.4821
857.238,4,-36.0779,1.7254,-1.4822
857.250,4,-36.0699,1.7236,-1.4823
857.261,4,-36.0619,1.7218,-1.4824
857.272,4,-36.0538,1.7201,-1.4825
857.283,4,-36.0459,1.7187,-1.4826
857.294,4,-36.0378,1.7176,-1.4829
857.306,4,-36.0295,1.7167,-1.4833
857.317,4,-36.0213,1.7158,-1.4838
857.328,4,-36.0131,1.7151,-1.4842
857.339,4,-36.0048,1.7148,-1.4848
857.350,4,-35.9966,1.7144,-1.4853
857.361,4,-35.9886,1.7142,-1.4860
857.372,4,-35.9804,1.7146,-1.4866
857.383,4,-35.9722,1.7155,-1.4873
857.394,4,-35.9641,1.7163,-1.4880
857.405,4,-35.9558,1.7169,-1.4886
857.416,4,-35.9476,1.7177,-1.4893
857.428,4,-35.9393,1.7193,-1.4900
857.439,4,-35.9312,1.7210,-1.4907
857.450,4,-35.9229,1.7226,-1.4913
857.461,4,-35.9147,1.7240,-1.4919
857.472,4,-35.9066,1.7250,-1.4924
857.483,4,-35.8986,1.7256,-1.4929
857.495,4,-35.8907,1.7259,-1.4932
857.506,4,-35.8830,1.7262,-1.4935
857.517,4,-35.8752,1.7267,-1.4938
857.528,4,-35.8676,1.7272,-1.4939
857.539,4,-35.8601,1.7277,-1.4941
857.550,4,-35.8525,1.7283,-1.4943
857.561,4,-35.8450,1.7289,-1.4945
857.572,4,-35.8375,1.7296,-1.4947
857.583,4,-35.8301,1.7306,-1.4948
857.594,4,-35.8226,1.7319,-1.4947
857.606,4,-35.8152,1.7331,-1.4947
857.617,4,-35.8076,1.7341,-1.4946
857.629,4,-35.8000,1.7351,-1.4945
857.640,4,-35.7925,1.7358,-1.4945
857.652,4,-35.7850,1.7364,-1.4944
857.664,4,-35.7776,1.7369,-1.4944
857.675,4,-35.7701,1.7373,-1.4944
857.687,4,-35.7625,1.7377,-1.4944
857.698,4,-35.7550,1.7380,-1.4943
857.710,4,-35.7474,1.7382,-1.4942
857.721,4,-35.7399,1.7382,-1.4940
857.733,4,-35.7324,1.7380,-1.4938
857.745,4,-35.7249,1.7378,-1.4935
857.757,4,-35.7174,1.7374,-1.4931
857.768,4,-35.7099,1.7367,-1.4928
857.780,4,-35.7025,1.7356,-1.4925
857.792,4,-35.6952,1.7344,-1.4921
857.803,4,-35.6879,1.7330,-1.4919
857.814,4,-35.6807,1.7314,-1.4916
857.826,4,-35.6735,1.7299,-1.4913
857.837,4,-35.6666,1.7282,-1.4909
857.848,4,-35.6595,1.7266,-1.4905
857.859,4,-35.6524,1.7253,-1.4900
857.871,4,-35.6452,1.7243,-1.4895
857.882,4,-35.6381,1.7235,-1.4890
857.894,4,-35.6310,1.7229,-1.4884
857.905,4,-35.6242,1.7225,-1.4879
857.916,4,-35.6171,1.7220,-1.4872
857.928,4,-35.6102,1.7216,-1.4867
857.939,4,-35.6033,1.7213,-1.4861
857.949,4,-35.5965,1.7212,-1.4854
857.961,4,-35.5897,1.7216,-1.4846
857.972,4,-35.5831,1.7219,-1.4839
857.983,4,-35.5766,1.7223,-1.4833
857.994,4,-35.5702,1.7233,-1.4825
858.005,4,-35.5638,1.7248,-1.4819
858.016,4,-35.5575,1.7265,-1.4811
858.027,4,-35.5513,1.7286,-1.4804
858.038,4,-35.5453,1.7299,-1.4797
858.050,4,-35.5394,1.7306,-1.4790
858.061,4,-35.5336,1.7312,-1.4784
858.072,4,-35.5280,1.7318,-1.4779
858.083,4,-35.5224,1.7325,-1.4776
858.095,4,-35.5167,1.7331,-1.4771
858.106,4,-35.5111,1.7337,-1.4767
858.117,4,-35.5056,1.7342,-1.4763
858.129,4,-35.5002,1.7348,-1.4757
858.141,4,-35.4946,1.7353,-1.4753
858.152,4,-35.4890,1.7359,-1.4746
858.164,4,-35.4835,1.7364,-1.4742
858.176,4,-35.4781,1.7369,-1.4737
858.187,4,-35.4728,1.7373,-1.4733
858.199,4,-35.4675,1.7378,-1.4730
858.210,4,-35.4624,1.7384,-1.4726
858.222,4,-35.4573,1.7389,-1.4724
858.234,4,-35.4522,1.7396,-1.4720
858.246,4,-35.4473,1.7402,-1.4718
858.257,4,-35.4425,1.7408,-1.4718
858.269,4,-35.4376,1.7414,-1.4716
858.281,4,-35.4330,1.7420,-1.4716
858.292,4,-35.4283,1.7424,-1.4715
858.303,4,-35.4239,1.7429,-1.4715
858.315,4,-35.4195,1.7434,-1.4716
858.326,4,-35.4152,1.7437,-1.4717
858.337,4,-35.4110,1.7440,-1.4719
858.349,4,-35.4068,1.7442,-1.4720
858.360,4,-35.4027,1.7442,-1.4722
858.371,4,-35.3987,1.7442,-1.4724
858.382,4,-35.3948,1.7440,-1.4728
858.393,4,-35.3910,1.7436,-1.4731
858.405,4,-35.3874,1.7430,-1.4735
858.416,4,-35.3839,1.7423,-1.4740
858.427,4,-35.3803,1.7417,-1.4743
858.439,4,-35.3770,1.7412,-1.4749
858.450,4,-35.3737,1.7407,-1.4754
858.462,4,-35.3705,1.7402,-1.4760
858.473,4,-35.3673,1.7398,-1.4765
858.485,4,-35.3641,1.7394,-1.4770
858.497,4,-35.3609,1.7392,-1.4778
858.508,4,-35.3576,1.7389,-1.4784
858.520,4,-35.3544,1.7388,-1.4790
858.531,4,-35.3511,1.7390,-1.4796
858.543,4,-35.3478,1.7396,-1.4803
858.555,4,-35.3445,1.7403,-1.4812
858.566,4,-35.3411,1.7409,-1.4819
858.578,4,-35.3380,1.7412,-1.4834
858.590,4,-35.3348,1.7414,-1.4841
858.601,4,-35.3316,1.7415,-1.4854
858.613,4,-35.3286,1.7413,-1.4861
858.624,4,-35.3256,1.7410,-1.4868
858.636,4,-35.3227,1.7409,-1.4875
858.647,4,-35.3198,1.7408,-1.4880
858.658,4,-35.3169,1.7409,-1.4885
858.670,4,-35.3142,1.7412,-1.4891
858.681,4,-35.3116,1.7416,-1.4896
858.693,4,-35.3091,1.7419,-1.4901
858.704,4,-35.3068,1.7422,-1.4906
858.715,4,-35.3045,1.7422,-1.4911
858.726,4,-35.3023,1.7423,-1.4916
858.738,4,-35.3003,1.7422,-1.4925
858.749,4,-35.2982,1.7422,-1.4929
858.761,4,-35.2962,1.7421,-1.4932
858.771,4,-35.2943,1.7421,-1.4936
858.783,4,-35.2928,1.7419,-1.4950
858.794,4,-35.2910,1.7418,-1.4953
858.806,4,-35.2892,1.7418,-1.4956
858.817,4,-35.2874,1.7419,-1.4958
858.828,4,-35.2857,1.7421,-1.4960
858.840,4,-35.2841,1.7425,-1.4964
858.852,4,-35.2826,1.7428,-1.4966
858.864,4,-35.2815,1.7433,-1.4981
858.875,4,-35.2802,1.7436,-1.4983
858.888,4,-35.2791,1.7439,-1.4989
858.898,4,-35.2780,1.7441,-1.4991
858.910,4,-35.2771,1.7443,-1.5004
858.922,4,-35.2761,1.7443,-1.5007
858.933,4,-35.2752,1.7444,-1.5009
858.945,4,-35.2745,1.7444,-1.5017
858.957,4,-35.2736,1.7445,-1.5019
858.968,4,-35.2728,1.7445,-1.5020
858.979,4,-35.2717,1.7445,-1.4999
858.991,4,-35.2710,1.7444,-1.4998
859.003,4,-35.2703,1.7446,-1.5000
859.014,4,-35.2696,1.7452,-1.4999
859.025,4,-35.2688,1.7460,-1.4998
859.037,4,-35.2681,1.7466,-1.4996
859.048,4,-35.2675,1.7466,-1.4994
859.059,4,-35.2668,1.7463,-1.4993
859.071,4,-35.2662,1.7462,-1.4987
859.082,4,-35.2656,1.7463,-1.4988
859.093,4,-35.2650,1.7463,-1.4987
859.104,4,-35.2646,1.7463,-1.4984
859.116,4,-35.2641,1.7461,-1.4982
859.127,4,-35.2637,1.7458,-1.4984
859.138,4,-35.2632,1.7455,-1.4983
859.149,4,-35.2627,1.7450,-1.4981
859.161,4,-35.2622,1.7446,-1.4978
859.172,4,-35.2617,1.7441,-1.4975
859.184,4,-35.2613,1.7437,-1.4973
859.195,4,-35.2608,1.7435,-1.4970
859.207,4,-35.2602,1.7433,-1.4967
859.219,4,-35.2596,1.7434,-1.4965
859.230,4,-35.2592,1.7436,-1.4968
859.242,4,-35.2586,1.7439,-1.4965
859.254,4,-35.2580,1.7443,-1.4962
859.265,4,-35.2574,1.7448,-1.4961
859.277,4,-35.2568,1.7452,-1.4959
859.288,4,-35.2562,1.7455,-1.4957
859.300,4,-35.2555,1.7459,-1.4954
859.312,4,-35.2548,1.7461,-1.4951
859.323,4,-35.2541,1.7462,-1.4948
859.335,4,-35.2535,1.7462,-1.4946
859.347,4,-35.2529,1.7462,-1.4943
859.358,4,-35.2523,1.7461,-1.4939
859.369,4,-35.2517,1.7459,-1.4937
859.381,4,-35.2512,1.7456,-1.4935
859.392,4,-35.2507,1.7452,-1.4932
859.403,4,-35.2502,1.7449,-1.4933
859.415,4,-35.2497,1.7446,-1.4930
859.426,4,-35.2492,1.7444,-1.4929
859.437,4,-35.2487,1.7442,-1.4924
859.448,4,-35.2482,1.7440,-1.4922
859.460,4,-35.2477,1.7441,-1.4921
859.471,4,-35.2471,1.7441,-1.4919
859.483,4,-35.2467,1.7443,-1.4926
859.495,4,-35.2461,1.7444,-1.4925
859.506,4,-35.2456,1.7445,-1.4931
859.518,4,-35.2449,1.7447,-1.4929
859.529,4,-35.2443,1.7448,-1.4929

# --- Trial 5 start ---
868.956,5,-39.6429,1.6893,-1.1811
868.967,5,-39.6424,1.6893,-1.1803
868.979,5,-39.6420,1.6894,-1.1794
868.990,5,-39.6415,1.6895,-1.1786
868.999,5,-39.6410,1.6895,-1.1777
869.010,5,-39.6407,1.6896,-1.1768
869.021,5,-39.6403,1.6897,-1.1760
869.033,5,-39.6400,1.6897,-1.1752
869.050,5,-39.6396,1.6897,-1.1744
869.061,5,-39.6392,1.6897,-1.1736
869.066,5,-39.6389,1.6898,-1.1728
869.076,5,-39.6385,1.6898,-1.1720
869.088,5,-39.6381,1.6899,-1.1712
869.098,5,-39.6378,1.6899,-1.1705
869.109,5,-39.6376,1.6899,-1.1697
869.120,5,-39.6373,1.6899,-1.1690
869.131,5,-39.6370,1.6899,-1.1683
869.142,5,-39.6367,1.6899,-1.1675
869.157,5,-39.6364,1.6899,-1.1669
869.172,5,-39.6361,1.6899,-1.1662
869.177,5,-39.6357,1.6899,-1.1656
869.187,5,-39.6352,1.6898,-1.1650
869.197,5,-39.6349,1.6898,-1.1643
869.209,5,-39.6345,1.6898,-1.1637
869.220,5,-39.6341,1.6897,-1.1631
869.231,5,-39.6336,1.6898,-1.1625
869.242,5,-39.6331,1.6898,-1.1620
869.253,5,-39.6325,1.6898,-1.1614
869.264,5,-39.6319,1.6898,-1.1609
869.275,5,-39.6313,1.6896,-1.1604
869.286,5,-39.6307,1.6895,-1.1598
869.298,5,-39.6300,1.6894,-1.1593
869.309,5,-39.6293,1.6892,-1.1588
869.320,5,-39.6285,1.6889,-1.1583
869.331,5,-39.6279,1.6886,-1.1579
869.342,5,-39.6272,1.6879,-1.1575
869.353,5,-39.6265,1.6873,-1.1571
869.364,5,-39.6257,1.6868,-1.1567
869.375,5,-39.6249,1.6867,-1.1564
869.387,5,-39.6238,1.6869,-1.1563
869.398,5,-39.6229,1.6870,-1.1561
869.409,5,-39.6220,1.6871,-1.1560
869.420,5,-39.6210,1.6871,-1.1560
869.431,5,-39.6200,1.6872,-1.1560
869.442,5,-39.6190,1.6873,-1.1561
869.453,5,-39.6179,1.6875,-1.1562
869.464,5,-39.6169,1.6879,-1.1564
869.476,5,-39.6157,1.6883,-1.1566
869.487,5,-39.6146,1.6888,-1.1569
869.498,5,-39.6133,1.6893,-1.1572
869.509,5,-39.6121,1.6898,-1.1576
869.520,5,-39.6108,1.6902,-1.1579
869.531,5,-39.6095,1.6905,-1.1584
869.542,5,-39.6080,1.6908,-1.1588
869.554,5,-39.6067,1.6911,-1.1593
869.564,5,-39.6053,1.6912,-1.1598
869.575,5,-39.6040,1.6913,-1.1603
869.587,5,-39.6026,1.6913,-1.1608
869.598,5,-39.6012,1.6912,-1.1613
869.609,5,-39.5999,1.6910,-1.1618
869.620,5,-39.5985,1.6907,-1.1624
869.631,5,-39.5973,1.6903,-1.1629
869.642,5,-39.5960,1.6897,-1.1634
869.653,5,-39.5948,1.6893,-1.1639
869.664,5,-39.5935,1.6888,-1.1645
869.675,5,-39.5923,1.6883,-1.1651
869.687,5,-39.5910,1.6881,-1.1657
869.698,5,-39.5896,1.6878,-1.1664
869.709,5,-39.5882,1.6874,-1.1671
869.720,5,-39.5870,1.6869,-1.1677
869.732,5,-39.5860,1.6864,-1.1684
869.743,5,-39.5849,1.6859,-1.1691
869.755,5,-39.5839,1.6852,-1.1698
869.766,5,-39.5828,1.6844,-1.1706
869.777,5,-39.5816,1.6835,-1.1714
869.788,5,-39.5805,1.6824,-1.1724
869.800,5,-39.5794,1.6811,-1.1734
869.811,5,-39.5782,1.6799,-1.1745
869.822,5,-39.5770,1.6794,-1.1756
869.833,5,-39.5749,1.6826,-1.1769
869.844,5,-39.5726,1.6868,-1.1783
869.855,5,-39.5704,1.6903,-1.1797
869.867,5,-39.5683,1.6921,-1.1810
869.878,5,-39.5663,1.6926,-1.1822
869.889,5,-39.5646,1.6922,-1.1836
869.900,5,-39.5626,1.6909,-1.1850
869.911,5,-39.5605,1.6899,-1.1862
869.922,5,-39.5585,1.6891,-1.1875
869.933,5,-39.5565,1.6889,-1.1890
869.944,5,-39.5545,1.6889,-1.1904
869.956,5,-39.5524,1.6888,-1.1918
869.967,5,-39.5504,1.6884,-1.1933
869.978,5,-39.5483,1.6877,-1.1948
869.990,5,-39.5462,1.6868,-1.1962
870.000,5,-39.5441,1.6861,-1.1978
870.011,5,-39.5419,1.6856,-1.1995
870.022,5,-39.5397,1.6855,-1.2011
870.033,5,-39.5373,1.6857,-1.2028
870.044,5,-39.5348,1.6857,-1.2044
870.055,5,-39.5324,1.6856,-1.2059
870.067,5,-39.5299,1.6855,-1.2074
870.078,5,-39.5275,1.6852,-1.2086
870.088,5,-39.5249,1.6850,-1.2103
870.100,5,-39.5222,1.6847,-1.2118
870.111,5,-39.5196,1.6846,-1.2134
870.122,5,-39.5168,1.6839,-1.2148
870.133,5,-39.5138,1.6830,-1.2162
870.144,5,-39.5108,1.6820,-1.2177
870.155,5,-39.5079,1.6812,-1.2189
870.166,5,-39.5048,1.6805,-1.2202
870.177,5,-39.5017,1.6800,-1.2214
870.188,5,-39.4985,1.6794,-1.2225
870.199,5,-39.4953,1.6787,-1.2237
870.211,5,-39.4920,1.6777,-1.2246
870.222,5,-39.4888,1.6766,-1.2256
870.233,5,-39.4854,1.6756,-1.2266
870.244,5,-39.4819,1.6746,-1.2275
870.255,5,-39.4784,1.6740,-1.2283
870.266,5,-39.4747,1.6735,-1.2289
870.277,5,-39.4709,1.6732,-1.2297
870.288,5,-39.4670,1.6727,-1.2303
870.299,5,-39.4629,1.6721,-1.2308
870.311,5,-39.4588,1.6715,-1.2313
870.321,5,-39.4545,1.6710,-1.2319
870.333,5,-39.4501,1.6705,-1.2325
870.344,5,-39.4455,1.6698,-1.2328
870.355,5,-39.4407,1.6692,-1.2334
870.366,5,-39.4359,1.6684,-1.2338
870.377,5,-39.4308,1.6675,-1.2340
870.388,5,-39.4257,1.6665,-1.2342
870.400,5,-39.4205,1.6655,-1.2343
870.411,5,-39.4150,1.6647,-1.2345
870.422,5,-39.4097,1.6639,-1.2346
870.433,5,-39.4040,1.6630,-1.2347
870.444,5,-39.3983,1.6620,-1.2348
870.455,5,-39.3923,1.6608,-1.2347
870.466,5,-39.3863,1.6597,-1.2347
870.477,5,-39.3804,1.6587,-1.2343
870.488,5,-39.3742,1.6578,-1.2342
870.500,5,-39.3677,1.6569,-1.2340
870.511,5,-39.3610,1.6560,-1.2337
870.522,5,-39.3545,1.6551,-1.2334
870.533,5,-39.3477,1.6542,-1.2330
870.544,5,-39.3408,1.6532,-1.2324
870.555,5,-39.3339,1.6523,-1.2319
870.566,5,-39.3268,1.6518,-1.2313
870.577,5,-39.3197,1.6513,-1.2308
870.588,5,-39.3125,1.6510,-1.2300
870.599,5,-39.3052,1.6508,-1.2292
870.610,5,-39.2977,1.6507,-1.2283
870.622,5,-39.2901,1.6507,-1.2274
870.633,5,-39.2826,1.6508,-1.2264
870.644,5,-39.2750,1.6515,-1.2253
870.655,5,-39.2672,1.6527,-1.2241
870.666,5,-39.2595,1.6542,-1.2227
870.677,5,-39.2513,1.6561,-1.2216
870.688,5,-39.2436,1.6579,-1.2203
870.699,5,-39.2357,1.6599,-1.2193
870.711,5,-39.2281,1.6622,-1.2184
870.722,5,-39.2203,1.6644,-1.2175
870.733,5,-39.2125,1.6665,-1.2171
870.744,5,-39.2051,1.6682,-1.2164
870.756,5,-39.1977,1.6695,-1.2159
870.766,5,-39.1906,1.6704,-1.2154
870.777,5,-39.1836,1.6713,-1.2150
870.788,5,-39.1766,1.6725,-1.2146
870.799,5,-39.1693,1.6738,-1.2143
870.811,5,-39.1621,1.6750,-1.2141
870.822,5,-39.1549,1.6761,-1.2138
870.833,5,-39.1478,1.6769,-1.2135
870.844,5,-39.1407,1.6776,-1.2133
870.855,5,-39.1337,1.6781,-1.2131
870.866,5,-39.1267,1.6788,-1.2131
870.877,5,-39.1197,1.6794,-1.2130
870.888,5,-39.1125,1.6801,-1.2131
870.900,5,-39.1055,1.6805,-1.2131
870.911,5,-39.0984,1.6808,-1.2131
870.922,5,-39.0913,1.6810,-1.2132
870.933,5,-39.0843,1.6812,-1.2131
870.944,5,-39.0772,1.6814,-1.2133
870.955,5,-39.0701,1.6814,-1.2134
870.966,5,-39.0628,1.6815,-1.2136
870.977,5,-39.0555,1.6815,-1.2139
870.988,5,-39.0481,1.6814,-1.2142
871.000,5,-39.0406,1.6812,-1.2147
871.012,5,-39.0332,1.6808,-1.2151
871.022,5,-39.0258,1.6805,-1.2156
871.031,5,-39.0182,1.6801,-1.2161
871.043,5,-39.0105,1.6796,-1.2167
871.054,5,-39.0026,1.6790,-1.2174
871.065,5,-38.9946,1.6783,-1.2181
871.076,5,-38.9867,1.6775,-1.2188
871.087,5,-38.9789,1.6764,-1.2195
871.098,5,-38.9710,1.6751,-1.2203
871.109,5,-38.9631,1.6734,-1.2213
871.120,5,-38.9551,1.6716,-1.2224
871.131,5,-38.9470,1.6697,-1.2235
871.142,5,-38.9391,1.6679,-1.2246
871.153,5,-38.9309,1.6662,-1.2259
871.164,5,-38.9229,1.6646,-1.2271
871.175,5,-38.9146,1.6633,-1.2285
871.186,5,-38.9063,1.6619,-1.2299
871.197,5,-38.8977,1.6610,-1.2313
871.209,5,-38.8890,1.6601,-1.2328
871.220,5,-38.8802,1.6596,-1.2344
871.231,5,-38.8713,1.6594,-1.2361
871.242,5,-38.8624,1.6596,-1.2377
871.253,5,-38.8531,1.6609,-1.2395
871.264,5,-38.8438,1.6623,-1.2414
871.276,5,-38.8343,1.6637,-1.2432
871.287,5,-38.8249,1.6652,-1.2451
871.298,5,-38.8156,1.6671,-1.2470
871.309,5,-38.8061,1.6695,-1.2489
871.320,5,-38.7967,1.6719,-1.2506
871.331,5,-38.7874,1.6741,-1.2524
871.342,5,-38.7781,1.6762,-1.2539
871.353,5,-38.7690,1.6779,-1.2555
871.365,5,-38.7599,1.6794,-1.2568
871.375,5,-38.7510,1.6808,-1.2582
871.386,5,-38.7421,1.6819,-1.2594
871.398,5,-38.7332,1.6830,-1.2605
871.409,5,-38.7243,1.6841,-1.2616
871.421,5,-38.7152,1.6852,-1.2627
871.432,5,-38.7062,1.6864,-1.2638
871.443,5,-38.6972,1.6876,-1.2648
871.454,5,-38.6882,1.6888,-1.2657
871.465,5,-38.6791,1.6900,-1.2666
871.476,5,-38.6701,1.6913,-1.2674
871.488,5,-38.6611,1.6926,-1.2682
871.499,5,-38.6521,1.6938,-1.2690
871.510,5,-38.6430,1.6946,-1.2696
871.521,5,-38.6341,1.6952,-1.2703
871.532,5,-38.6250,1.6955,-1.2710
871.543,5,-38.6160,1.6957,-1.2716
871.555,5,-38.6070,1.6958,-1.2721
871.566,5,-38.5981,1.6957,-1.2726
871.580,5,-38.5888,1.6953,-1.2731
871.591,5,-38.5796,1.6950,-1.2736
871.602,5,-38.5705,1.6943,-1.2740
871.613,5,-38.5612,1.6934,-1.2745
871.624,5,-38.5519,1.6924,-1.2749
871.635,5,-38.5426,1.6912,-1.2753
871.646,5,-38.5333,1.6898,-1.2756
871.658,5,-38.5239,1.6884,-1.2759
871.669,5,-38.5144,1.6868,-1.2762
871.680,5,-38.5050,1.6850,-1.2765
871.691,5,-38.4955,1.6832,-1.2768
871.720,5,-38.4860,1.6807,-1.2768
871.726,5,-38.4672,1.6770,-1.2772
871.732,5,-38.4576,1.6751,-1.2773
871.742,5,-38.4480,1.6732,-1.2775
871.752,5,-38.4382,1.6715,-1.2775
871.763,5,-38.4284,1.6701,-1.2775
871.774,5,-38.4183,1.6689,-1.2775
871.785,5,-38.4084,1.6679,-1.2774
871.796,5,-38.3983,1.6674,-1.2771
871.807,5,-38.3881,1.6669,-1.2769
871.818,5,-38.3780,1.6668,-1.2766
871.829,5,-38.3677,1.6673,-1.2763
871.840,5,-38.3574,1.6685,-1.2760
871.851,5,-38.3471,1.6702,-1.2758
871.862,5,-38.3368,1.6718,-1.2755
871.873,5,-38.3267,1.6738,-1.2751
871.884,5,-38.3165,1.6758,-1.2747
871.895,5,-38.3063,1.6784,-1.2744
871.907,5,-38.2961,1.6807,-1.2742
871.918,5,-38.2860,1.6830,-1.2739
871.929,5,-38.2763,1.6849,-1.2738
871.940,5,-38.2667,1.6864,-1.2738
871.951,5,-38.2572,1.6875,-1.2739
871.963,5,-38.2478,1.6885,-1.2741
871.973,5,-38.2385,1.6892,-1.2745
871.985,5,-38.2293,1.6902,-1.2750
871.997,5,-38.2200,1.6914,-1.2756
872.008,5,-38.2107,1.6927,-1.2761
872.019,5,-38.2014,1.6942,-1.2767
872.029,5,-38.1920,1.6957,-1.2772
872.040,5,-38.1826,1.6973,-1.2779
872.051,5,-38.1734,1.6990,-1.2786
872.063,5,-38.1641,1.7005,-1.2793
872.074,5,-38.1551,1.7018,-1.2800
872.085,5,-38.1459,1.7029,-1.2809
872.096,5,-38.1368,1.7039,-1.2816
872.107,5,-38.1276,1.7045,-1.2824
872.118,5,-38.1185,1.7049,-1.2831
872.129,5,-38.1094,1.7051,-1.2838
872.140,5,-38.1002,1.7050,-1.2845
872.151,5,-38.0911,1.7047,-1.2853
872.162,5,-38.0817,1.7043,-1.2861
872.174,5,-38.0724,1.7037,-1.2869
872.185,5,-38.0630,1.7027,-1.2878
872.196,5,-38.0536,1.7017,-1.2886
872.208,5,-38.0442,1.7003,-1.2896
872.219,5,-38.0346,1.6988,-1.2906
872.230,5,-38.0252,1.6972,-1.2915
872.242,5,-38.0156,1.6955,-1.2926
872.253,5,-38.0061,1.6938,-1.2936
872.265,5,-37.9964,1.6918,-1.2947
872.276,5,-37.9868,1.6896,-1.2959
872.288,5,-37.9772,1.6875,-1.2971
872.299,5,-37.9675,1.6855,-1.2984
872.310,5,-37.9577,1.6836,-1.2999
872.321,5,-37.9479,1.6818,-1.3015
872.332,5,-37.9380,1.6803,-1.3031
872.343,5,-37.9280,1.6792,-1.3049
872.354,5,-37.9181,1.6781,-1.3066
872.365,5,-37.9082,1.6771,-1.3083
872.377,5,-37.8981,1.6767,-1.3102
872.388,5,-37.8880,1.6765,-1.3121
872.399,5,-37.8777,1.6771,-1.3142
872.410,5,-37.8676,1.6781,-1.3161
872.421,5,-37.8576,1.6798,-1.3181
872.433,5,-37.8475,1.6814,-1.3201
872.443,5,-37.8375,1.6828,-1.3220
872.454,5,-37.8275,1.6845,-1.3240
872.465,5,-37.8176,1.6866,-1.3261
872.476,5,-37.8077,1.6886,-1.3281
872.487,5,-37.7978,1.6904,-1.3300
872.498,5,-37.7883,1.6916,-1.3316
872.509,5,-37.7788,1.6928,-1.3332
872.520,5,-37.7694,1.6940,-1.3346
872.531,5,-37.7600,1.6953,-1.3360
872.543,5,-37.7507,1.6967,-1.3374
872.554,5,-37.7413,1.6981,-1.3387
872.565,5,-37.7320,1.6996,-1.3399
872.576,5,-37.7228,1.7008,-1.3411
872.587,5,-37.7135,1.7021,-1.3423
872.599,5,-37.7042,1.7034,-1.3435
872.609,5,-37.6950,1.7048,-1.3445
872.621,5,-37.6858,1.7065,-1.3454
872.632,5,-37.6765,1.7080,-1.3463
872.643,5,-37.6672,1.7094,-1.3471
872.654,5,-37.6580,1.7106,-1.3480
872.665,5,-37.6488,1.7114,-1.3489
872.676,5,-37.6397,1.7120,-1.3498
872.687,5,-37.6305,1.7121,-1.3507
872.698,5,-37.6213,1.7121,-1.3516
872.710,5,-37.6120,1.7119,-1.3525
872.721,5,-37.6027,1.7116,-1.3533
872.732,5,-37.5935,1.7113,-1.3541
872.743,5,-37.5842,1.7108,-1.3549
872.754,5,-37.5750,1.7100,-1.3556
872.765,5,-37.5659,1.7090,-1.3563
872.776,5,-37.5566,1.7078,-1.3570
872.788,5,-37.5474,1.7062,-1.3577
872.798,5,-37.5380,1.7046,-1.3584
872.809,5,-37.5287,1.7027,-1.3589
872.821,5,-37.5194,1.7008,-1.3594
872.831,5,-37.5100,1.6987,-1.3598
872.842,5,-37.5005,1.6968,-1.3602
872.853,5,-37.4910,1.6949,-1.3605
872.864,5,-37.4816,1.6932,-1.3607
872.875,5,-37.4720,1.6917,-1.3610
872.887,5,-37.4622,1.6904,-1.3611
872.898,5,-37.4523,1.6892,-1.3613
872.909,5,-37.4423,1.6882,-1.3613
872.920,5,-37.4323,1.6875,-1.3613
872.931,5,-37.4221,1.6868,-1.3612
872.942,5,-37.4118,1.6863,-1.3611
872.953,5,-37.4018,1.6861,-1.3611
872.964,5,-37.3918,1.6863,-1.3611
872.976,5,-37.3815,1.6874,-1.3609
872.987,5,-37.3713,1.6885,-1.3608
872.998,5,-37.3611,1.6898,-1.3606
873.009,5,-37.3510,1.6911,-1.3603
873.020,5,-37.3409,1.6926,-1.3600
873.033,5,-37.3308,1.6945,-1.3598
873.044,5,-37.3206,1.6968,-1.3596
873.052,5,-37.3105,1.6990,-1.3595
873.064,5,-37.3004,1.7011,-1.3593
873.075,5,-37.2905,1.7028,-1.3593
873.086,5,-37.2804,1.7041,-1.3594
873.097,5,-37.2705,1.7052,-1.3596
873.109,5,-37.2608,1.7060,-1.3600
873.119,5,-37.2510,1.7071,-1.3603
873.131,5,-37.2413,1.7084,-1.3607
873.142,5,-37.2316,1.7098,-1.3612
873.152,5,-37.2219,1.7111,-1.3617
873.163,5,-37.2122,1.7123,-1.3621
873.174,5,-37.2025,1.7136,-1.3627
873.186,5,-37.1928,1.7150,-1.3632
873.196,5,-37.1831,1.7165,-1.3638
873.208,5,-37.1734,1.7178,-1.3644
873.219,5,-37.1638,1.7189,-1.3651
873.230,5,-37.1541,1.7198,-1.3658
873.241,5,-37.1445,1.7204,-1.3665
873.252,5,-37.1348,1.7209,-1.3674
873.263,5,-37.1250,1.7211,-1.3683
873.275,5,-37.1154,1.7212,-1.3691
873.285,5,-37.1057,1.7211,-1.3700
873.297,5,-37.0959,1.7208,-1.3709
873.308,5,-37.0861,1.7202,-1.3719
873.319,5,-37.0763,1.7197,-1.3728
873.330,5,-37.0666,1.7189,-1.3738
873.341,5,-37.0568,1.7181,-1.3747
873.352,5,-37.0470,1.7168,-1.3758
873.363,5,-37.0371,1.7156,-1.3769
873.375,5,-37.0273,1.7141,-1.3780
873.385,5,-37.0176,1.7125,-1.3792
873.397,5,-37.0077,1.7105,-1.3805
873.408,5,-36.9979,1.7084,-1.3820
873.419,5,-36.9880,1.7064,-1.3834
873.430,5,-36.9780,1.7043,-1.3849
873.442,5,-36.9681,1.7023,-1.3865
873.453,5,-36.9579,1.7005,-1.3881
873.464,5,-36.9477,1.6991,-1.3899
873.476,5,-36.9375,1.6979,-1.3917
873.487,5,-36.9274,1.6970,-1.3936
873.498,5,-36.9171,1.6963,-1.3957
873.509,5,-36.9069,1.6957,-1.3978
873.520,5,-36.8967,1.6956,-1.4001
873.531,5,-36.8866,1.6960,-1.4023
873.543,5,-36.8766,1.6967,-1.4044
873.554,5,-36.8666,1.6977,-1.4066
873.565,5,-36.8565,1.6991,-1.4089
873.576,5,-36.8465,1.7001,-1.4111
873.587,5,-36.8365,1.7014,-1.4131
873.598,5,-36.8267,1.7029,-1.4152
873.609,5,-36.8169,1.7046,-1.4171
873.621,5,-36.8071,1.7061,-1.4189
873.632,5,-36.7974,1.7076,-1.4206
873.643,5,-36.7879,1.7089,-1.4221
873.654,5,-36.7785,1.7102,-1.4234
873.665,5,-36.7690,1.7115,-1.4248
873.676,5,-36.7598,1.7127,-1.4260
873.687,5,-36.7505,1.7140,-1.4272
873.698,5,-36.7412,1.7154,-1.4283
873.709,5,-36.7320,1.7169,-1.4293
873.720,5,-36.7227,1.7186,-1.4303
873.731,5,-36.7135,1.7204,-1.4311
873.742,5,-36.7044,1.7223,-1.4319
873.753,5,-36.6952,1.7241,-1.4326
873.764,5,-36.6861,1.7256,-1.4332
873.775,5,-36.6770,1.7269,-1.4338
873.787,5,-36.6681,1.7279,-1.4344
873.797,5,-36.6591,1.7286,-1.4350
873.809,5,-36.6502,1.7289,-1.4354
873.820,5,-36.6412,1.7291,-1.4360
873.831,5,-36.6321,1.7290,-1.4365
873.842,5,-36.6229,1.7288,-1.4370
873.853,5,-36.6137,1.7284,-1.4374
873.864,5,-36.6044,1.7278,-1.4377
873.875,5,-36.5951,1.7272,-1.4379
873.886,5,-36.5859,1.7264,-1.4380
873.898,5,-36.5767,1.7257,-1.4380
873.909,5,-36.5674,1.7247,-1.4378
873.920,5,-36.5582,1.7235,-1.4376
873.931,5,-36.5489,1.7222,-1.4373
873.942,5,-36.5397,1.7207,-1.4369
873.953,5,-36.5305,1.7187,-1.4364
873.965,5,-36.5212,1.7167,-1.4359
873.976,5,-36.5120,1.7146,-1.4354
873.987,5,-36.5027,1.7127,-1.4349
873.998,5,-36.4933,1.7107,-1.4343
874.010,5,-36.4840,1.7090,-1.4337
874.020,5,-36.4744,1.7075,-1.4331
874.031,5,-36.4650,1.7065,-1.4325
874.043,5,-36.4555,1.7056,-1.4318
874.053,5,-36.4460,1.7049,-1.4311
874.064,5,-36.4364,1.7042,-1.4303
874.076,5,-36.4267,1.7038,-1.4296
874.087,5,-36.4170,1.7040,-1.4288
874.098,5,-36.4073,1.7045,-1.4281
874.109,5,-36.3976,1.7057,-1.4272
874.120,5,-36.3881,1.7066,-1.4265
874.131,5,-36.3785,1.7078,-1.4256
874.142,5,-36.3689,1.7093,-1.4249
874.153,5,-36.3593,1.7111,-1.4242
874.165,5,-36.3499,1.7132,-1.4235
874.176,5,-36.3405,1.7151,-1.4229
874.187,5,-36.3313,1.7170,-1.4223
874.198,5,-36.3220,1.7185,-1.4219
874.209,5,-36.3129,1.7199,-1.4216
874.220,5,-36.3039,1.7209,-1.4216
874.231,5,-36.2949,1.7218,-1.4214
874.242,5,-36.2862,1.7225,-1.4215
874.254,5,-36.2774,1.7233,-1.4215
874.265,5,-36.2687,1.7242,-1.4216
874.275,5,-36.2600,1.7250,-1.4216
874.287,5,-36.2514,1.7258,-1.4218
874.298,5,-36.2430,1.7267,-1.4219
874.308,5,-36.2345,1.7276,-1.4220
874.320,5,-36.2262,1.7286,-1.4222
874.331,5,-36.2179,1.7296,-1.4222
874.342,5,-36.2097,1.7306,-1.4224
874.353,5,-36.2014,1.7315,-1.4225
874.364,5,-36.1932,1.7323,-1.4225
874.375,5,-36.1851,1.7329,-1.4227
874.386,5,-36.1769,1.7334,-1.4229
874.397,5,-36.1687,1.7339,-1.4230
874.408,5,-36.1605,1.7343,-1.4232
874.419,5,-36.1521,1.7345,-1.4234
874.431,5,-36.1438,1.7346,-1.4235
874.442,5,-36.1356,1.7345,-1.4236
874.453,5,-36.1274,1.7343,-1.4238
874.464,5,-36.1191,1.7339,-1.4239
874.475,5,-36.1108,1.7334,-1.4241
874.486,5,-36.1025,1.7327,-1.4243
874.497,5,-36.0944,1.7318,-1.4246
874.509,5,-36.0862,1.7307,-1.4249
874.519,5,-36.0781,1.7295,-1.4252
874.531,5,-36.0700,1.7279,-1.4255
874.541,5,-36.0619,1.7264,-1.4257
874.553,5,-36.0539,1.7249,-1.4261
874.564,5,-36.0457,1.7236,-1.4265
874.575,5,-36.0375,1.7221,-1.4270
874.586,5,-36.0293,1.7206,-1.4275
874.597,5,-36.0209,1.7188,-1.4283
874.608,5,-36.0127,1.7175,-1.4289
874.620,5,-36.0044,1.7164,-1.4295
874.631,5,-35.9959,1.7158,-1.4301
874.642,5,-35.9874,1.7153,-1.4308
874.653,5,-35.9791,1.7148,-1.4316
874.664,5,-35.9707,1.7143,-1.4324
874.675,5,-35.9624,1.7138,-1.4333
874.686,5,-35.9541,1.7140,-1.4342
874.697,5,-35.9458,1.7147,-1.4354
874.708,5,-35.9376,1.7155,-1.4365
874.719,5,-35.9294,1.7158,-1.4375
874.731,5,-35.9213,1.7161,-1.4386
874.742,5,-35.9132,1.7168,-1.4398
874.753,5,-35.9052,1.7177,-1.4409
874.764,5,-35.8973,1.7188,-1.4419
874.776,5,-35.8894,1.7199,-1.4428
874.787,5,-35.8816,1.7209,-1.4438
874.797,5,-35.8738,1.7218,-1.4449
874.809,5,-35.8661,1.7224,-1.4460
874.820,5,-35.8583,1.7230,-1.4470
874.831,5,-35.8507,1.7237,-1.4479
874.842,5,-35.8431,1.7244,-1.4487
874.853,5,-35.8355,1.7253,-1.4496
874.864,5,-35.8278,1.7261,-1.4504
874.875,5,-35.8203,1.7268,-1.4512
874.886,5,-35.8127,1.7275,-1.4520
874.898,5,-35.8052,1.7283,-1.4529
874.909,5,-35.7977,1.7295,-1.4536
874.920,5,-35.7902,1.7308,-1.4545
874.931,5,-35.7828,1.7323,-1.4552
874.942,5,-35.7754,1.7335,-1.4560
874.953,5,-35.7682,1.7345,-1.4569
874.964,5,-35.7609,1.7353,-1.4577
874.976,5,-35.7537,1.7360,-1.4585
874.987,5,-35.7465,1.7366,-1.4593
874.998,5,-35.7393,1.7370,-1.4601
875.009,5,-35.7321,1.7374,-1.4608
875.020,5,-35.7249,1.7376,-1.4615
875.031,5,-35.7179,1.7378,-1.4622
875.043,5,-35.7107,1.7379,-1.4630
875.053,5,-35.7037,1.7378,-1.4636
875.065,5,-35.6967,1.7377,-1.4642
875.076,5,-35.6894,1.7377,-1.4649
875.086,5,-35.6821,1.7373,-1.4654
875.098,5,-35.6749,1.7368,-1.4660
875.110,5,-35.6675,1.7362,-1.4663
875.121,5,-35.6605,1.7351,-1.4666
875.133,5,-35.6534,1.7342,-1.4670
875.144,5,-35.6464,1.7329,-1.4674
875.156,5,-35.6395,1.7316,-1.4678
875.167,5,-35.6326,1.7302,-1.4680
875.179,5,-35.6256,1.7289,-1.4682
875.190,5,-35.6186,1.7278,-1.4686
875.202,5,-35.6117,1.7269,-1.4687
875.213,5,-35.6047,1.7263,-1.4688
875.225,5,-35.5977,1.7259,-1.4688
875.237,5,-35.5908,1.7255,-1.4688
875.248,5,-35.5840,1.7252,-1.4689
875.260,5,-35.5772,1.7251,-1.4688
875.271,5,-35.5706,1.7253,-1.4688
875.283,5,-35.5641,1.7258,-1.4685
875.295,5,-35.5578,1.7263,-1.4682
875.306,5,-35.5515,1.7267,-1.4678
875.317,5,-35.5455,1.7273,-1.4674
875.328,5,-35.5394,1.7284,-1.4672
875.340,5,-35.5335,1.7303,-1.4669
875.351,5,-35.5278,1.7322,-1.4668
875.362,5,-35.5221,1.7334,-1.4667
875.373,5,-35.5167,1.7339,-1.4664
875.385,5,-35.5114,1.7341,-1.4662
875.396,5,-35.5064,1.7342,-1.4662
875.407,5,-35.5016,1.7343,-1.4663
875.419,5,-35.4969,1.7345,-1.4665
875.430,5,-35.4923,1.7347,-1.4666
875.441,5,-35.4877,1.7346,-1.4668
875.453,5,-35.4834,1.7345,-1.4672
875.464,5,-35.4791,1.7344,-1.4676
875.476,5,-35.4747,1.7345,-1.4679
875.488,5,-35.4706,1.7348,-1.4684
875.499,5,-35.4665,1.7352,-1.4688
875.511,5,-35.4626,1.7358,-1.4691
875.523,5,-35.4590,1.7363,-1.4695
875.535,5,-35.4553,1.7369,-1.4699
875.547,5,-35.4517,1.7375,-1.4705
875.558,5,-35.4482,1.7379,-1.4709
875.570,5,-35.4448,1.7384,-1.4713
875.581,5,-35.4414,1.7388,-1.4718
875.593,5,-35.4380,1.7393,-1.4722
875.604,5,-35.4349,1.7396,-1.4727
875.616,5,-35.4317,1.7400,-1.4732
875.628,5,-35.4287,1.7402,-1.4739
875.639,5,-35.4259,1.7404,-1.4743
875.651,5,-35.4231,1.7405,-1.4748
875.662,5,-35.4204,1.7406,-1.4754
875.674,5,-35.4177,1.7406,-1.4759
875.685,5,-35.4152,1.7407,-1.4765
875.696,5,-35.4126,1.7409,-1.4771
875.708,5,-35.4101,1.7412,-1.4776
875.719,5,-35.4076,1.7417,-1.4783
875.730,5,-35.4051,1.7427,-1.4792
875.742,5,-35.4026,1.7438,-1.4803
875.753,5,-35.4000,1.7442,-1.4810
875.765,5,-35.3976,1.7440,-1.4817
875.776,5,-35.3951,1.7439,-1.4823
875.788,5,-35.3926,1.7442,-1.4830
875.800,5,-35.3900,1.7446,-1.4838
875.811,5,-35.3875,1.7449,-1.4845
875.823,5,-35.3852,1.7447,-1.4856
875.834,5,-35.3828,1.7444,-1.4863
875.846,5,-35.3806,1.7442,-1.4870
875.857,5,-35.3784,1.7441,-1.4879
875.869,5,-35.3762,1.7444,-1.4886
875.880,5,-35.3741,1.7446,-1.4896
875.892,5,-35.3721,1.7449,-1.4904
875.903,5,-35.3702,1.7450,-1.4913
875.915,5,-35.3682,1.7453,-1.4921
875.927,5,-35.3665,1.7455,-1.4931
875.938,5,-35.3647,1.7457,-1.4942
875.950,5,-35.3630,1.7458,-1.4949
875.961,5,-35.3613,1.7460,-1.4956
875.972,5,-35.3597,1.7462,-1.4963
875.984,5,-35.3582,1.7464,-1.4971
875.995,5,-35.3568,1.7465,-1.4978
876.006,5,-35.3553,1.7467,-1.4984
876.017,5,-35.3538,1.7470,-1.4991
876.030,5,-35.3524,1.7473,-1.4996
876.041,5,-35.3511,1.7476,-1.5002
876.053,5,-35.3497,1.7479,-1.5008
876.064,5,-35.3483,1.7482,-1.5012
876.075,5,-35.3470,1.7486,-1.5018
876.087,5,-35.3457,1.7490,-1.5022
876.099,5,-35.3443,1.7493,-1.5026
876.110,5,-35.3431,1.7496,-1.5037
876.122,5,-35.3419,1.7496,-1.5042
876.134,5,-35.3406,1.7497,-1.5046
876.145,5,-35.3396,1.7496,-1.5049
876.156,5,-35.3384,1.7495,-1.5053
876.168,5,-35.3374,1.7494,-1.5057
876.180,5,-35.3362,1.7494,-1.5060
876.191,5,-35.3351,1.7492,-1.5063
876.203,5,-35.3341,1.7489,-1.5069
876.214,5,-35.3331,1.7486,-1.5071
876.226,5,-35.3321,1.7486,-1.5076
876.238,5,-35.3311,1.7486,-1.5076
876.249,5,-35.3302,1.7488,-1.5078
876.261,5,-35.3293,1.7491,-1.5077
876.272,5,-35.3285,1.7495,-1.5078
876.284,5,-35.3277,1.7500,-1.5078
876.295,5,-35.3270,1.7504,-1.5079
876.306,5,-35.3262,1.7508,-1.5079
876.318,5,-35.3254,1.7512,-1.5078
876.329,5,-35.3246,1.7513,-1.5078
876.340,5,-35.3238,1.7515,-1.5078
876.351,5,-35.3230,1.7514,-1.5078
876.363,5,-35.3222,1.7511,-1.5077
876.374,5,-35.3215,1.7508,-1.5076
876.386,5,-35.3209,1.7504,-1.5077
876.396,5,-35.3202,1.7499,-1.5076
876.408,5,-35.3197,1.7493,-1.5076
876.419,5,-35.3192,1.7487,-1.5076
876.431,5,-35.3188,1.7481,-1.5075
876.442,5,-35.3185,1.7475,-1.5080

# --- Trial 6 start ---
885.804,6,-39.8744,1.6882,-1.2061
885.815,6,-39.8743,1.6882,-1.2058
885.826,6,-39.8743,1.6881,-1.2054
885.840,6,-39.8743,1.6882,-1.2050
885.847,6,-39.8741,1.6882,-1.2046
885.858,6,-39.8739,1.6882,-1.2042
885.869,6,-39.8737,1.6882,-1.2037
885.880,6,-39.8735,1.6883,-1.2033
885.892,6,-39.8733,1.6884,-1.2030
885.904,6,-39.8731,1.6883,-1.2026
885.920,6,-39.8730,1.6883,-1.2022
885.926,6,-39.8728,1.6883,-1.2018
885.934,6,-39.8726,1.6883,-1.2014
885.945,6,-39.8724,1.6882,-1.2010
885.956,6,-39.8722,1.6881,-1.2006
885.968,6,-39.8720,1.6880,-1.2002
885.979,6,-39.8718,1.6880,-1.1998
885.990,6,-39.8716,1.6879,-1.1994
886.003,6,-39.8714,1.6879,-1.1990
886.020,6,-39.8709,1.6879,-1.1983
886.031,6,-39.8707,1.6879,-1.1979
886.046,6,-39.8703,1.6880,-1.1975
886.056,6,-39.8702,1.6880,-1.1971
886.068,6,-39.8698,1.6881,-1.1967
886.079,6,-39.8695,1.6883,-1.1962
886.090,6,-39.8694,1.6883,-1.1956
886.101,6,-39.8690,1.6883,-1.1952
886.112,6,-39.8686,1.6885,-1.1948
886.123,6,-39.8681,1.6886,-1.1944
886.134,6,-39.8678,1.6887,-1.1939
886.145,6,-39.8672,1.6888,-1.1936
886.156,6,-39.8669,1.6887,-1.1931
886.167,6,-39.8664,1.6886,-1.1928
886.179,6,-39.8657,1.6886,-1.1924
886.190,6,-39.8650,1.6886,-1.1920
886.201,6,-39.8645,1.6885,-1.1916
886.212,6,-39.8639,1.6885,-1.1911
886.223,6,-39.8632,1.6884,-1.1906
886.234,6,-39.8625,1.6884,-1.1901
886.245,6,-39.8617,1.6884,-1.1896
886.256,6,-39.8610,1.6884,-1.1890
886.268,6,-39.8603,1.6885,-1.1883
886.279,6,-39.8595,1.6884,-1.1878
886.290,6,-39.8587,1.6885,-1.1872
886.301,6,-39.8581,1.6885,-1.1865
886.312,6,-39.8572,1.6886,-1.1860
886.323,6,-39.8564,1.6887,-1.1853
886.335,6,-39.8555,1.6887,-1.1848
886.346,6,-39.8544,1.6887,-1.1843
886.357,6,-39.8534,1.6885,-1.1837
886.367,6,-39.8525,1.6884,-1.1831
886.379,6,-39.8516,1.6880,-1.1826
886.389,6,-39.8507,1.6875,-1.1820
886.401,6,-39.8497,1.6869,-1.1814
886.412,6,-39.8487,1.6862,-1.1809
886.424,6,-39.8476,1.6857,-1.1803
886.435,6,-39.8465,1.6855,-1.1798
886.447,6,-39.8454,1.6854,-1.1794
886.458,6,-39.8443,1.6853,-1.1790
886.469,6,-39.8433,1.6851,-1.1786
886.480,6,-39.8423,1.6847,-1.1783
886.492,6,-39.8414,1.6843,-1.1780
886.503,6,-39.8405,1.6840,-1.1778
886.515,6,-39.8395,1.6839,-1.1776
886.526,6,-39.8385,1.6842,-1.1775
886.537,6,-39.8374,1.6849,-1.1775
886.548,6,-39.8363,1.6855,-1.1776
886.559,6,-39.8352,1.6859,-1.1776
886.570,6,-39.8342,1.6862,-1.1775
886.581,6,-39.8333,1.6864,-1.1776
886.592,6,-39.8324,1.6864,-1.1776
886.604,6,-39.8316,1.6866,-1.1777
886.615,6,-39.8307,1.6866,-1.1777
886.625,6,-39.8299,1.6866,-1.1778
886.637,6,-39.8291,1.6866,-1.1779
886.648,6,-39.8283,1.6865,-1.1781
886.659,6,-39.8275,1.6863,-1.1783
886.670,6,-39.8267,1.6863,-1.1784
886.681,6,-39.8260,1.6862,-1.1787
886.692,6,-39.8252,1.6861,-1.1789
886.703,6,-39.8244,1.6860,-1.1791
886.714,6,-39.8235,1.6859,-1.1795
886.725,6,-39.8228,1.6858,-1.1797
886.736,6,-39.8220,1.6857,-1.1801
886.748,6,-39.8213,1.6856,-1.1805
886.758,6,-39.8203,1.6856,-1.1810
886.770,6,-39.8195,1.6855,-1.1815
886.780,6,-39.8187,1.6854,-1.1820
886.792,6,-39.8178,1.6853,-1.1825
886.803,6,-39.8169,1.6852,-1.1831
886.814,6,-39.8160,1.6850,-1.1837
886.825,6,-39.8150,1.6847,-1.1845
886.836,6,-39.8141,1.6843,-1.1853
886.847,6,-39.8131,1.6837,-1.1862
886.858,6,-39.8123,1.6829,-1.1871
886.869,6,-39.8114,1.6819,-1.1880
886.880,6,-39.8105,1.6811,-1.1892
886.892,6,-39.8090,1.6832,-1.1904
886.903,6,-39.8072,1.6863,-1.1917
886.914,6,-39.8055,1.6893,-1.1929
886.925,6,-39.8037,1.6909,-1.1941
886.937,6,-39.8021,1.6915,-1.1953
886.947,6,-39.8006,1.6913,-1.1965
886.958,6,-39.7994,1.6904,-1.1977
886.969,6,-39.7978,1.6888,-1.1990
886.980,6,-39.7964,1.6878,-1.2002
886.991,6,-39.7948,1.6873,-1.2014
887.003,6,-39.7931,1.6872,-1.2026
887.013,6,-39.7913,1.6869,-1.2041
887.025,6,-39.7895,1.6865,-1.2054
887.036,6,-39.7877,1.6860,-1.2069
887.047,6,-39.7860,1.6852,-1.2081
887.058,6,-39.7843,1.6847,-1.2094
887.069,6,-39.7824,1.6843,-1.2108
887.080,6,-39.7806,1.6839,-1.2121
887.091,6,-39.7788,1.6836,-1.2134
887.102,6,-39.7769,1.6830,-1.2148
887.114,6,-39.7751,1.6824,-1.2161
887.125,6,-39.7733,1.6817,-1.2173
887.135,6,-39.7714,1.6812,-1.2186
887.147,6,-39.7693,1.6809,-1.2199
887.158,6,-39.7670,1.6808,-1.2212
887.169,6,-39.7647,1.6806,-1.2224
887.180,6,-39.7625,1.6805,-1.2234
887.192,6,-39.7599,1.6801,-1.2245
887.203,6,-39.7574,1.6796,-1.2254
887.215,6,-39.7549,1.6791,-1.2264
887.224,6,-39.7523,1.6785,-1.2273
887.235,6,-39.7496,1.6779,-1.2282
887.246,6,-39.7468,1.6773,-1.2291
887.257,6,-39.7440,1.6768,-1.2298
887.268,6,-39.7410,1.6763,-1.2306
887.279,6,-39.7378,1.6760,-1.2313
887.290,6,-39.7345,1.6756,-1.2319
887.301,6,-39.7312,1.6753,-1.2325
887.312,6,-39.7278,1.6752,-1.2330
887.323,6,-39.7242,1.6750,-1.2335
887.335,6,-39.7206,1.6750,-1.2339
887.345,6,-39.7169,1.6749,-1.2341
887.357,6,-39.7130,1.6747,-1.2345
887.368,6,-39.7090,1.6744,-1.2347
887.379,6,-39.7048,1.6741,-1.2350
887.390,6,-39.7005,1.6738,-1.2353
887.401,6,-39.6960,1.6734,-1.2354
887.412,6,-39.6915,1.6731,-1.2357
887.423,6,-39.6866,1.6726,-1.2358
887.435,6,-39.6816,1.6720,-1.2357
887.446,6,-39.6764,1.6713,-1.2357
887.457,6,-39.6713,1.6704,-1.2356
887.468,6,-39.6660,1.6696,-1.2356
887.479,6,-39.6605,1.6688,-1.2355
887.490,6,-39.6548,1.6679,-1.2354
887.501,6,-39.6491,1.6669,-1.2353
887.513,6,-39.6434,1.6659,-1.2350
887.524,6,-39.6374,1.6647,-1.2348
887.535,6,-39.6314,1.6636,-1.2345
887.546,6,-39.6253,1.6624,-1.2340
887.557,6,-39.6190,1.6612,-1.2336
887.568,6,-39.6128,1.6601,-1.2331
887.579,6,-39.6065,1.6589,-1.2326
887.591,6,-39.6002,1.6578,-1.2321
887.602,6,-39.5936,1.6565,-1.2314
887.613,6,-39.5871,1.6555,-1.2307
887.624,6,-39.5802,1.6546,-1.2299
887.635,6,-39.5733,1.6538,-1.2291
887.647,6,-39.5663,1.6530,-1.2283
887.658,6,-39.5592,1.6523,-1.2274
887.669,6,-39.5522,1.6516,-1.2265
887.680,6,-39.5453,1.6509,-1.2257
887.691,6,-39.5381,1.6503,-1.2249
887.702,6,-39.5310,1.6501,-1.2240
887.714,6,-39.5236,1.6502,-1.2230
887.724,6,-39.5163,1.6506,-1.2220
887.735,6,-39.5088,1.6512,-1.2210
887.747,6,-39.5013,1.6521,-1.2198
887.758,6,-39.4937,1.6535,-1.2186
887.769,6,-39.4862,1.6549,-1.2175
887.780,6,-39.4788,1.6568,-1.2163
887.792,6,-39.4712,1.6588,-1.2153
887.802,6,-39.4639,1.6606,-1.2142
887.813,6,-39.4564,1.6626,-1.2132
887.825,6,-39.4490,1.6644,-1.2123
887.836,6,-39.4419,1.6663,-1.2114
887.847,6,-39.4347,1.6679,-1.2106
887.858,6,-39.4277,1.6693,-1.2098
887.869,6,-39.4207,1.6704,-1.2092
887.880,6,-39.4137,1.6714,-1.2085
887.891,6,-39.4068,1.6722,-1.2079
887.902,6,-39.3999,1.6730,-1.2074
887.913,6,-39.3931,1.6738,-1.2071
887.925,6,-39.3861,1.6746,-1.2067
887.936,6,-39.3793,1.6755,-1.2064
887.947,6,-39.3725,1.6762,-1.2061
887.958,6,-39.3656,1.6769,-1.2059
887.969,6,-39.3589,1.6775,-1.2057
887.980,6,-39.3520,1.6782,-1.2056
887.991,6,-39.3454,1.6787,-1.2056
888.002,6,-39.3386,1.6793,-1.2056
888.013,6,-39.3320,1.6797,-1.2057
888.024,6,-39.3252,1.6802,-1.2058
888.035,6,-39.3184,1.6807,-1.2058
888.046,6,-39.3113,1.6810,-1.2060
888.058,6,-39.3043,1.6813,-1.2059
888.069,6,-39.2973,1.6815,-1.2060
888.080,6,-39.2900,1.6816,-1.2062
888.091,6,-39.2828,1.6816,-1.2064
888.102,6,-39.2757,1.6814,-1.2067
888.113,6,-39.2683,1.6812,-1.2070
888.125,6,-39.2609,1.6808,-1.2073
888.136,6,-39.2533,1.6803,-1.2077
888.147,6,-39.2458,1.6796,-1.2080
888.158,6,-39.2381,1.6789,-1.2084
888.169,6,-39.2303,1.6781,-1.2089
888.180,6,-39.2225,1.6773,-1.2093
888.191,6,-39.2146,1.6762,-1.2098
888.202,6,-39.2067,1.6749,-1.2103
888.213,6,-39.1986,1.6734,-1.2109
888.224,6,-39.1904,1.6717,-1.2115
888.235,6,-39.1822,1.6701,-1.2121
888.246,6,-39.1739,1.6684,-1.2129
888.257,6,-39.1654,1.6669,-1.2137
888.268,6,-39.1569,1.6657,-1.2146
888.280,6,-39.1482,1.6646,-1.2154
888.291,6,-39.1397,1.6637,-1.2163
888.302,6,-39.1309,1.6630,-1.2173
888.314,6,-39.1219,1.6625,-1.2184
888.324,6,-39.1128,1.6622,-1.2197
888.335,6,-39.1038,1.6622,-1.2208
888.346,6,-39.0946,1.6625,-1.2221
888.357,6,-39.0855,1.6636,-1.2234
888.368,6,-39.0762,1.6653,-1.2248
888.379,6,-39.0668,1.6674,-1.2263
888.390,6,-39.0575,1.6694,-1.2278
888.401,6,-39.0482,1.6715,-1.2295
888.412,6,-39.0389,1.6739,-1.2313
888.424,6,-39.0295,1.6763,-1.2330
888.435,6,-39.0200,1.6788,-1.2347
888.445,6,-39.0108,1.6810,-1.2363
888.457,6,-39.0017,1.6833,-1.2378
888.469,6,-38.9925,1.6854,-1.2393
888.479,6,-38.9833,1.6871,-1.2407
888.490,6,-38.9739,1.6886,-1.2421
888.501,6,-38.9648,1.6897,-1.2433
888.513,6,-38.9555,1.6906,-1.2445
888.524,6,-38.9462,1.6916,-1.2455
888.535,6,-38.9369,1.6926,-1.2466
888.546,6,-38.9276,1.6936,-1.2476
888.557,6,-38.9182,1.6944,-1.2485
888.568,6,-38.9090,1.6954,-1.2494
888.579,6,-38.8997,1.6964,-1.2502
888.590,6,-38.8903,1.6972,-1.2509
888.601,6,-38.8809,1.6979,-1.2516
888.613,6,-38.8717,1.6983,-1.2522
888.624,6,-38.8622,1.6985,-1.2528
888.634,6,-38.8529,1.6984,-1.2533
888.645,6,-38.8433,1.6981,-1.2538
888.657,6,-38.8338,1.6977,-1.2542
888.668,6,-38.8243,1.6971,-1.2546
888.679,6,-38.8145,1.6965,-1.2549
888.690,6,-38.8049,1.6955,-1.2551
888.701,6,-38.7952,1.6945,-1.2553
888.712,6,-38.7854,1.6931,-1.2553
888.723,6,-38.7754,1.6916,-1.2553
888.735,6,-38.7654,1.6899,-1.2553
888.746,6,-38.7553,1.6881,-1.2552
888.757,6,-38.7452,1.6862,-1.2551
888.768,6,-38.7350,1.6839,-1.2549
888.779,6,-38.7249,1.6814,-1.2546
888.791,6,-38.7146,1.6788,-1.2543
888.802,6,-38.7043,1.6763,-1.2540
888.813,6,-38.6940,1.6738,-1.2536
888.824,6,-38.6837,1.6713,-1.2531
888.835,6,-38.6733,1.6690,-1.2527
888.846,6,-38.6627,1.6670,-1.2521
888.858,6,-38.6521,1.6654,-1.2515
888.869,6,-38.6416,1.6640,-1.2508
888.880,6,-38.6308,1.6629,-1.2500
888.891,6,-38.6201,1.6620,-1.2493
888.902,6,-38.6094,1.6615,-1.2484
888.913,6,-38.5988,1.6613,-1.2476
888.925,6,-38.5879,1.6619,-1.2468
888.936,6,-38.5770,1.6634,-1.2458
888.947,6,-38.5661,1.6646,-1.2450
888.957,6,-38.5553,1.6662,-1.2441
888.969,6,-38.5444,1.6680,-1.2434
888.980,6,-38.5337,1.6702,-1.2426
888.991,6,-38.5231,1.6725,-1.2419
889.002,6,-38.5126,1.6746,-1.2412
889.013,6,-38.5023,1.6766,-1.2406
889.024,6,-38.4920,1.6782,-1.2403
889.035,6,-38.4817,1.6796,-1.2400
889.046,6,-38.4715,1.6806,-1.2400
889.057,6,-38.4616,1.6817,-1.2401
889.068,6,-38.4515,1.6830,-1.2403
889.080,6,-38.4413,1.6844,-1.2405
889.091,6,-38.4310,1.6859,-1.2406
889.102,6,-38.4209,1.6873,-1.2407
889.113,6,-38.4108,1.6886,-1.2409
889.124,6,-38.4008,1.6900,-1.2411
889.136,6,-38.3907,1.6915,-1.2415
889.146,6,-38.3811,1.6929,-1.2418
889.157,6,-38.3713,1.6941,-1.2421
889.168,6,-38.3618,1.6951,-1.2424
889.179,6,-38.3521,1.6959,-1.2427
889.190,6,-38.3423,1.6964,-1.2430
889.201,6,-38.3326,1.6968,-1.2433
889.212,6,-38.3229,1.6971,-1.2437
889.223,6,-38.3132,1.6970,-1.2441
889.235,6,-38.3035,1.6970,-1.2445
889.245,6,-38.2937,1.6967,-1.2451
889.256,6,-38.2840,1.6963,-1.2456
889.267,6,-38.2742,1.6956,-1.2461
889.278,6,-38.2643,1.6946,-1.2467
889.289,6,-38.2542,1.6935,-1.2473
889.301,6,-38.2440,1.6923,-1.2480
889.312,6,-38.2340,1.6909,-1.2487
889.323,6,-38.2239,1.6893,-1.2494
889.334,6,-38.2139,1.6874,-1.2501
889.345,6,-38.2039,1.6853,-1.2509
889.356,6,-38.1939,1.6832,-1.2517
889.367,6,-38.1838,1.6810,-1.2525
889.379,6,-38.1737,1.6789,-1.2533
889.390,6,-38.1635,1.6769,-1.2542
889.401,6,-38.1532,1.6752,-1.2553
889.411,6,-38.1430,1.6736,-1.2563
889.423,6,-38.1326,1.6721,-1.2576
889.434,6,-38.1221,1.6708,-1.2589
889.444,6,-38.1117,1.6699,-1.2603
889.456,6,-38.1011,1.6692,-1.2618
889.466,6,-38.0904,1.6689,-1.2634
889.477,6,-38.0798,1.6691,-1.2650
889.489,6,-38.0688,1.6706,-1.2668
889.500,6,-38.0578,1.6721,-1.2686
889.511,6,-38.0469,1.6734,-1.2703
889.522,6,-38.0360,1.6750,-1.2721
889.533,6,-38.0252,1.6773,-1.2739
889.544,6,-38.0142,1.6797,-1.2757
889.556,6,-38.0035,1.6820,-1.2774
889.567,6,-37.9933,1.6838,-1.2789
889.578,6,-37.9832,1.6852,-1.2803
889.589,6,-37.9733,1.6863,-1.2817
889.600,6,-37.9637,1.6873,-1.2830
889.612,6,-37.9544,1.6884,-1.2841
889.623,6,-37.9449,1.6898,-1.2851
889.635,6,-37.9354,1.6914,-1.2862
889.646,6,-37.9260,1.6931,-1.2872
889.657,6,-37.9164,1.6947,-1.2883
889.668,6,-37.9068,1.6964,-1.2893
889.680,6,-37.8971,1.6982,-1.2904
889.691,6,-37.8878,1.7002,-1.2912
889.702,6,-37.8785,1.7020,-1.2921
889.713,6,-37.8692,1.7035,-1.2928
889.724,6,-37.8600,1.7048,-1.2936
889.735,6,-37.8506,1.7057,-1.2943
889.746,6,-37.8414,1.7064,-1.2951
889.757,6,-37.8319,1.7067,-1.2957
889.769,6,-37.8225,1.7069,-1.2964
889.780,6,-37.8129,1.7069,-1.2970
889.791,6,-37.8034,1.7066,-1.2975
889.802,6,-37.7938,1.7062,-1.2981
889.813,6,-37.7840,1.7055,-1.2986
889.824,6,-37.7742,1.7047,-1.2990
889.835,6,-37.7645,1.7039,-1.2994
889.846,6,-37.7547,1.7028,-1.2997
889.857,6,-37.7448,1.7016,-1.3000
889.869,6,-37.7349,1.7001,-1.3003
889.880,6,-37.7250,1.6984,-1.3005
889.891,6,-37.7152,1.6963,-1.3006
889.902,6,-37.7054,1.6942,-1.3007
889.913,6,-37.6955,1.6919,-1.3007
889.924,6,-37.6855,1.6897,-1.3008
889.935,6,-37.6756,1.6874,-1.3008
889.947,6,-37.6657,1.6853,-1.3006
889.957,6,-37.6556,1.6834,-1.3006
889.968,6,-37.6456,1.6819,-1.3004
889.980,6,-37.6354,1.6808,-1.3003
889.991,6,-37.6250,1.6799,-1.3002
890.001,6,-37.6147,1.6793,-1.3000
890.012,6,-37.6043,1.6787,-1.2998
890.024,6,-37.5940,1.6784,-1.2996
890.035,6,-37.5836,1.6784,-1.2993
890.046,6,-37.5732,1.6793,-1.2990
890.057,6,-37.5628,1.6804,-1.2986
890.068,6,-37.5527,1.6815,-1.2981
890.079,6,-37.5424,1.6826,-1.2977
890.090,6,-37.5322,1.6844,-1.2972
890.101,6,-37.5220,1.6865,-1.2968
890.112,6,-37.5117,1.6886,-1.2964
890.123,6,-37.5014,1.6909,-1.2961
890.135,6,-37.4912,1.6929,-1.2957
890.146,6,-37.4812,1.6945,-1.2954
890.157,6,-37.4713,1.6958,-1.2952
890.168,6,-37.4614,1.6967,-1.2953
890.179,6,-37.4516,1.6978,-1.2953
890.190,6,-37.4421,1.6991,-1.2954
890.202,6,-37.4326,1.7005,-1.2956
890.212,6,-37.4231,1.7019,-1.2957
890.223,6,-37.4134,1.7032,-1.2959
890.234,6,-37.4039,1.7044,-1.2962
890.245,6,-37.3944,1.7057,-1.2964
890.257,6,-37.3847,1.7072,-1.2967
890.268,6,-37.3753,1.7086,-1.2969
890.279,6,-37.3657,1.7099,-1.2973
890.290,6,-37.3563,1.7111,-1.2975
890.301,6,-37.3470,1.7120,-1.2978
890.312,6,-37.3375,1.7128,-1.2981
890.323,6,-37.3280,1.7133,-1.2984
890.334,6,-37.3184,1.7137,-1.2988
890.345,6,-37.3090,1.7140,-1.2992
890.357,6,-37.2997,1.7140,-1.2996
890.368,6,-37.2902,1.7139,-1.3000
890.379,6,-37.2808,1.7135,-1.3005
890.390,6,-37.2713,1.7128,-1.3011
890.401,6,-37.2618,1.7121,-1.3016
890.412,6,-37.2523,1.7112,-1.3021
890.423,6,-37.2429,1.7102,-1.3027
890.434,6,-37.2333,1.7091,-1.3033
890.445,6,-37.2238,1.7079,-1.3040
890.456,6,-37.2142,1.7064,-1.3047
890.467,6,-37.2047,1.7047,-1.3054
890.478,6,-37.1952,1.7028,-1.3062
890.489,6,-37.1857,1.7006,-1.3069
890.500,6,-37.1763,1.6987,-1.3077
890.511,6,-37.1667,1.6970,-1.3086
890.522,6,-37.1568,1.6954,-1.3096
890.533,6,-37.1470,1.6938,-1.3106
890.545,6,-37.1372,1.6922,-1.3116
890.556,6,-37.1274,1.6909,-1.3127
890.567,6,-37.1174,1.6898,-1.3139
890.578,6,-37.1074,1.6891,-1.3153
890.589,6,-37.0973,1.6884,-1.3165
890.600,6,-37.0873,1.6880,-1.3179
890.611,6,-37.0772,1.6875,-1.3193
890.622,6,-37.0672,1.6874,-1.3208
890.633,6,-37.0570,1.6883,-1.3224
890.645,6,-37.0470,1.6895,-1.3240
890.656,6,-37.0372,1.6906,-1.3256
890.667,6,-37.0273,1.6916,-1.3271
890.678,6,-37.0176,1.6932,-1.3287
890.689,6,-37.0076,1.6952,-1.3303
890.700,6,-36.9978,1.6973,-1.3319
890.711,6,-36.9879,1.6991,-1.3334
890.722,6,-36.9781,1.7005,-1.3348
890.734,6,-36.9684,1.7017,-1.3361
890.745,6,-36.9590,1.7027,-1.3373
890.756,6,-36.9496,1.7038,-1.3386
890.767,6,-36.9403,1.7051,-1.3397
890.778,6,-36.9310,1.7066,-1.3408
890.789,6,-36.9216,1.7079,-1.3418
890.801,6,-36.9124,1.7091,-1.3428
890.812,6,-36.9033,1.7102,-1.3438
890.823,6,-36.8941,1.7115,-1.3447
890.834,6,-36.8850,1.7131,-1.3456
890.846,6,-36.8760,1.7149,-1.3464
890.857,6,-36.8668,1.7167,-1.3471
890.868,6,-36.8578,1.7182,-1.3478
890.879,6,-36.8487,1.7195,-1.3486
890.890,6,-36.8397,1.7205,-1.3493
890.901,6,-36.8306,1.7212,-1.3501
890.912,6,-36.8217,1.7217,-1.3508
890.923,6,-36.8128,1.7220,-1.3514
890.934,6,-36.8038,1.7222,-1.3521
890.945,6,-36.7947,1.7221,-1.3527
890.956,6,-36.7856,1.7218,-1.3534
890.967,6,-36.7764,1.7212,-1.3540
890.978,6,-36.7672,1.7205,-1.3546
890.990,6,-36.7580,1.7197,-1.3551
891.001,6,-36.7491,1.7188,-1.3556
891.012,6,-36.7399,1.7177,-1.3561
891.023,6,-36.7308,1.7163,-1.3565
891.034,6,-36.7216,1.7146,-1.3569
891.045,6,-36.7124,1.7129,-1.3572
891.056,6,-36.7033,1.7110,-1.3575
891.068,6,-36.6942,1.7089,-1.3578
891.078,6,-36.6851,1.7070,-1.3581
891.090,6,-36.6760,1.7052,-1.3584
891.101,6,-36.6666,1.7035,-1.3587
891.112,6,-36.6573,1.7020,-1.3589
891.123,6,-36.6478,1.7009,-1.3591
891.134,6,-36.6384,1.7001,-1.3593
891.145,6,-36.6288,1.6995,-1.3595
891.157,6,-36.6193,1.6990,-1.3595
891.168,6,-36.6098,1.6985,-1.3596
891.179,6,-36.6003,1.6983,-1.3596
891.190,6,-36.5909,1.6986,-1.3595
891.201,6,-36.5814,1.6995,-1.3594
891.212,6,-36.5718,1.7007,-1.3592
891.223,6,-36.5622,1.7020,-1.3590
891.234,6,-36.5528,1.7033,-1.3588
891.245,6,-36.5434,1.7049,-1.3585
891.256,6,-36.5342,1.7068,-1.3583
891.268,6,-36.5249,1.7092,-1.3582
891.278,6,-36.5157,1.7114,-1.3580
891.289,6,-36.5064,1.7135,-1.3579
891.300,6,-36.4972,1.7154,-1.3579
891.311,6,-36.4882,1.7168,-1.3580
891.322,6,-36.4792,1.7178,-1.3582
891.333,6,-36.4703,1.7187,-1.3585
891.344,6,-36.4615,1.7196,-1.3588
891.355,6,-36.4527,1.7206,-1.3592
891.366,6,-36.4438,1.7219,-1.3595
891.377,6,-36.4350,1.7232,-1.3600
891.389,6,-36.4265,1.7243,-1.3607
891.400,6,-36.4179,1.7253,-1.3612
891.411,6,-36.4093,1.7264,-1.3617
891.422,6,-36.4008,1.7276,-1.3623
891.433,6,-36.3924,1.7288,-1.3629
891.444,6,-36.3841,1.7299,-1.3635
891.456,6,-36.3757,1.7310,-1.3642
891.467,6,-36.3674,1.7320,-1.3648
891.479,6,-36.3589,1.7327,-1.3656
891.488,6,-36.3505,1.7334,-1.3663
891.500,6,-36.3420,1.7338,-1.3670
891.511,6,-36.3337,1.7340,-1.3676
891.522,6,-36.3253,1.7341,-1.3683
891.533,6,-36.3167,1.7341,-1.3690
891.545,6,-36.3083,1.7340,-1.3698
891.555,6,-36.2997,1.7336,-1.3706
891.567,6,-36.2912,1.7331,-1.3715
891.578,6,-36.2827,1.7323,-1.3724
891.589,6,-36.2743,1.7315,-1.3733
891.600,6,-36.2659,1.7306,-1.3742
891.611,6,-36.2575,1.7297,-1.3751
891.622,6,-36.2492,1.7287,-1.3760
891.633,6,-36.2408,1.7276,-1.3771
891.644,6,-36.2325,1.7265,-1.3781
891.655,6,-36.2242,1.7249,-1.3792
891.667,6,-36.2159,1.7231,-1.3802
891.678,6,-36.2076,1.7213,-1.3814
891.689,6,-36.1993,1.7196,-1.3825
891.700,6,-36.1909,1.7182,-1.3836
891.711,6,-36.1826,1.7170,-1.3848
891.723,6,-36.1742,1.7160,-1.3861
891.734,6,-36.1657,1.7150,-1.3874
891.745,6,-36.1571,1.7142,-1.3889
891.756,6,-36.1486,1.7134,-1.3903
891.767,6,-36.1400,1.7129,-1.3919
891.778,6,-36.1314,1.7126,-1.3935
891.789,6,-36.1229,1.7127,-1.3952
891.800,6,-36.1142,1.7135,-1.3970
891.811,6,-36.1056,1.7143,-1.3988
891.822,6,-36.0971,1.7154,-1.4006
891.834,6,-36.0886,1.7163,-1.4024
891.844,6,-36.0802,1.7174,-1.4041
891.856,6,-36.0718,1.7190,-1.4059
891.867,6,-36.0634,1.7209,-1.4076
891.878,6,-36.0551,1.7227,-1.4092
891.889,6,-36.0467,1.7244,-1.4109
891.900,6,-36.0386,1.7259,-1.4124
891.911,6,-36.0306,1.7270,-1.4139
891.922,6,-36.0229,1.7278,-1.4153
891.934,6,-36.0151,1.7284,-1.4167
891.945,6,-36.0074,1.7290,-1.4180
891.956,6,-35.9998,1.7297,-1.4193
891.967,6,-35.9922,1.7303,-1.4207
891.978,6,-35.9847,1.7310,-1.4220
891.989,6,-35.9771,1.7316,-1.4233
892.001,6,-35.9696,1.7325,-1.4244
892.011,6,-35.9621,1.7334,-1.4256
892.023,6,-35.9546,1.7345,-1.4267
892.034,6,-35.9471,1.7357,-1.4279
892.045,6,-35.9397,1.7370,-1.4289
892.056,6,-35.9323,1.7382,-1.4300
892.067,6,-35.9249,1.7392,-1.4313
892.078,6,-35.9176,1.7400,-1.4324
892.090,6,-35.9103,1.7406,-1.4335
892.101,6,-35.9031,1.7409,-1.4347
892.112,6,-35.8958,1.7411,-1.4358
892.123,6,-35.8885,1.7413,-1.4369
892.134,6,-35.8812,1.7413,-1.4380
892.145,6,-35.8739,1.7413,-1.4391
892.156,6,-35.8666,1.7411,-1.4401
892.168,6,-35.8592,1.7409,-1.4412
892.179,6,-35.8520,1.7404,-1.4422
892.190,6,-35.8447,1.7398,-1.4432
892.201,6,-35.8375,1.7389,-1.4441
892.212,6,-35.8304,1.7379,-1.4450
892.222,6,-35.8233,1.7369,-1.4459
892.234,6,-35.8163,1.7355,-1.4467
892.245,6,-35.8093,1.7340,-1.4474
892.256,6,-35.8024,1.7322,-1.4482
892.267,6,-35.7954,1.7304,-1.4489
892.278,6,-35.7885,1.7287,-1.4496
892.289,6,-35.7814,1.7270,-1.4502
892.300,6,-35.7744,1.7255,-1.4507
892.311,6,-35.7674,1.7244,-1.4513
892.322,6,-35.7603,1.7235,-1.4518
892.334,6,-35.7533,1.7229,-1.4522
892.345,6,-35.7461,1.7223,-1.4526
892.356,6,-35.7390,1.7217,-1.4530
892.367,6,-35.7320,1.7213,-1.4534
892.378,6,-35.7249,1.7213,-1.4537
892.389,6,-35.7179,1.7220,-1.4540
892.400,6,-35.7109,1.7226,-1.4542
892.412,6,-35.7040,1.7234,-1.4544
892.422,6,-35.6973,1.7239,-1.4546
892.433,6,-35.6906,1.7245,-1.4548
892.445,6,-35.6842,1.7254,-1.4552
892.456,6,-35.6777,1.7267,-1.4554
892.467,6,-35.6713,1.7279,-1.4557
892.479,6,-35.6650,1.7289,-1.4559
892.489,6,-35.6588,1.7294,-1.4563
892.499,6,-35.6526,1.7296,-1.4568
892.510,6,-35.6466,1.7297,-1.4574
892.521,6,-35.6406,1.7298,-1.4581
892.533,6,-35.6347,1.7299,-1.4588
892.544,6,-35.6288,1.7303,-1.4595
892.555,6,-35.6230,1.7307,-1.4603
892.566,6,-35.6172,1.7314,-1.4610
892.578,6,-35.6114,1.7322,-1.4618
892.589,6,-35.6057,1.7328,-1.4627
892.600,6,-35.6001,1.7336,-1.4637
892.611,6,-35.5946,1.7343,-1.4646
892.622,6,-35.5893,1.7353,-1.4656
892.633,6,-35.5840,1.7362,-1.4665
892.644,6,-35.5788,1.7371,-1.4677
892.655,6,-35.5737,1.7377,-1.4688
892.666,6,-35.5687,1.7383,-1.4698
892.677,6,-35.5637,1.7388,-1.4708
892.689,6,-35.5588,1.7392,-1.4719
892.700,6,-35.5539,1.7397,-1.4731
892.710,6,-35.5490,1.7402,-1.4742
892.722,6,-35.5441,1.7406,-1.4755
892.733,6,-35.5393,1.7410,-1.4767
892.744,6,-35.5344,1.7414,-1.4780
892.755,6,-35.5296,1.7417,-1.4793
892.767,6,-35.5248,1.7418,-1.4807
892.778,6,-35.5197,1.7419,-1.4821
892.789,6,-35.5147,1.7418,-1.4837
892.800,6,-35.5097,1.7416,-1.4853
892.812,6,-35.5048,1.7411,-1.4868
892.824,6,-35.5000,1.7405,-1.4885
892.836,6,-35.4952,1.7396,-1.4900
892.847,6,-35.4906,1.7388,-1.4917
892.859,6,-35.4861,1.7380,-1.4934
892.871,6,-35.4816,1.7374,-1.4951
892.882,6,-35.4772,1.7371,-1.4970
892.894,6,-35.4726,1.7371,-1.4987
892.905,6,-35.4681,1.7371,-1.5007
892.917,6,-35.4635,1.7374,-1.5024
892.929,6,-35.4589,1.7378,-1.5045
892.940,6,-35.4542,1.7388,-1.5065
892.952,6,-35.4494,1.7399,-1.5085
892.964,6,-35.4448,1.7407,-1.5105
892.975,6,-35.4403,1.7411,-1.5125
892.987,6,-35.4360,1.7412,-1.5146
892.998,6,-35.4319,1.7412,-1.5165
893.010,6,-35.4280,1.7411,-1.5183
893.021,6,-35.4240,1.7411,-1.5201
893.032,6,-35.4202,1.7412,-1.5217
893.043,6,-35.4164,1.7416,-1.5233
893.055,6,-35.4127,1.7423,-1.5247
893.066,6,-35.4091,1.7430,-1.5264
893.078,6,-35.4054,1.7436,-1.5280
893.088,6,-35.4019,1.7441,-1.5293
893.100,6,-35.3985,1.7446,-1.5307
893.111,6,-35.3951,1.7450,-1.5319
893.122,6,-35.3917,1.7453,-1.5332
893.133,6,-35.3883,1.7456,-1.5343
893.145,6,-35.3850,1.7458,-1.5357
893.157,6,-35.3817,1.7460,-1.5366
893.168,6,-35.3785,1.7460,-1.5376
893.180,6,-35.3755,1.7460,-1.5385
893.191,6,-35.3725,1.7461,-1.5397
893.203,6,-35.3695,1.7461,-1.5405
893.215,6,-35.3667,1.7462,-1.5413
893.227,6,-35.3639,1.7463,-1.5421
893.238,6,-35.3613,1.7464,-1.5428
893.249,6,-35.3587,1.7465,-1.5435
893.262,6,-35.3563,1.7465,-1.5446
893.273,6,-35.3539,1.7465,-1.5452
893.284,6,-35.3516,1.7465,-1.5458
893.298,6,-35.3495,1.7465,-1.5465
893.308,6,-35.3473,1.7466,-1.5471
893.319,6,-35.3452,1.7467,-1.5477
893.330,6,-35.3431,1.7468,-1.5481
893.342,6,-35.3412,1.7470,-1.5491
893.353,6,-35.3392,1.7471,-1.5494
893.364,6,-35.3372,1.7472,-1.5498
893.376,6,-35.3353,1.7473,-1.5502
893.387,6,-35.3334,1.7475,-1.5510
893.399,6,-35.3315,1.7475,-1.5513
893.411,6,-35.3296,1.7474,-1.5515
893.422,6,-35.3279,1.7473,-1.5517
893.434,6,-35.3261,1.7472,-1.5517
893.446,6,-35.3244,1.7473,-1.5518
893.457,6,-35.3226,1.7479,-1.5523
893.469,6,-35.3209,1.7484,-1.5523
893.480,6,-35.3188,1.7484,-1.5490
893.492,6,-35.3174,1.7479,-1.5489
893.503,6,-35.3159,1.7474,-1.5487
893.515,6,-35.3146,1.7471,-1.5489
893.527,6,-35.3134,1.7471,-1.5488
893.538,6,-35.3121,1.7471,-1.5486
893.550,6,-35.3109,1.7470,-1.5486
893.561,6,-35.3098,1.7469,-1.5485
893.573,6,-35.3086,1.7469,-1.5484
893.585,6,-35.3075,1.7468,-1.5481
893.597,6,-35.3064,1.7469,-1.5479
893.608,6,-35.3054,1.7471,-1.5477
893.619,6,-35.3043,1.7471,-1.5476
893.631,6,-35.3034,1.7473,-1.5478
893.642,6,-35.3025,1.7473,-1.5477
893.654,6,-35.3016,1.7473,-1.5479
893.665,6,-35.3007,1.7473,-1.5481
893.676,6,-35.2998,1.7473,-1.5480
893.687,6,-35.2990,1.7474,-1.5481
893.699,6,-35.2982,1.7475,-1.5481
893.710,6,-35.2974,1.7475,-1.5483
893.722,6,-35.2967,1.7476,-1.5487
893.733,6,-35.2959,1.7476,-1.5487
893.744,6,-35.2952,1.7477,-1.5486
893.755,6,-35.2945,1.7477,-1.5487
893.766,6,-35.2939,1.7476,-1.5490
893.778,6,-35.2932,1.7476,-1.5491
893.790,6,-35.2926,1.7475,-1.5491
893.801,6,-35.2920,1.7473,-1.5488
893.813,6,-35.2915,1.7471,-1.5489
893.824,6,-35.2909,1.7471,-1.5485
893.836,6,-35.2904,1.7470,-1.5485
893.847,6,-35.2900,1.7468,-1.5485
893.859,6,-35.2896,1.7467,-1.5484
893.871,6,-35.2894,1.7465,-1.5486
893.882,6,-35.2890,1.7464,-1.5487
893.894,6,-35.2887,1.7463,-1.5487
893.906,6,-35.2883,1.7462,-1.5487
893.917,6,-35.2880,1.7463,-1.5490
893.929,6,-35.2877,1.7462,-1.5491
893.940,6,-35.2874,1.7461,-1.5490
893.952,6,-35.2871,1.7460,-1.5491
893.964,6,-35.2869,1.7458,-1.5491
893.975,6,-35.2867,1.7457,-1.5491
893.986,6,-35.2865,1.7457,-1.5492
893.998,6,-35.2863,1.7456,-1.5492
894.009,6,-35.2862,1.7454,-1.5493
894.020,6,-35.2861,1.7453,-1.5493
894.031,6,-35.2859,1.7452,-1.5494
894.042,6,-35.2858,1.7452,-1.5494

# --- Trial 7 start ---
903.430,7,-39.7775,1.6863,-1.3021
903.440,7,-39.7770,1.6863,-1.3014
903.450,7,-39.7765,1.6863,-1.3008
903.461,7,-39.7760,1.6864,-1.3002
903.472,7,-39.7754,1.6865,-1.2995
903.484,7,-39.7747,1.6865,-1.2989
903.495,7,-39.7742,1.6864,-1.2982
903.506,7,-39.7735,1.6864,-1.2975
903.517,7,-39.7728,1.6864,-1.2968
903.528,7,-39.7722,1.6864,-1.2961
903.539,7,-39.7715,1.6864,-1.2955
903.550,7,-39.7708,1.6865,-1.2948
903.565,7,-39.7701,1.6865,-1.2941
903.579,7,-39.7692,1.6866,-1.2934
903.588,7,-39.7684,1.6866,-1.2926
903.593,7,-39.7676,1.6866,-1.2919
903.605,7,-39.7667,1.6867,-1.2912
903.615,7,-39.7657,1.6867,-1.2905
903.626,7,-39.7646,1.6867,-1.2897
903.637,7,-39.7636,1.6867,-1.2890
903.648,7,-39.7624,1.6868,-1.2882
903.659,7,-39.7613,1.6869,-1.2875
903.670,7,-39.7600,1.6871,-1.2867
903.682,7,-39.7588,1.6872,-1.2859
903.692,7,-39.7575,1.6873,-1.2851
903.703,7,-39.7564,1.6873,-1.2842
903.715,7,-39.7551,1.6873,-1.2834
903.726,7,-39.7539,1.6873,-1.2825
903.737,7,-39.7526,1.6873,-1.2816
903.748,7,-39.7512,1.6874,-1.2808
903.759,7,-39.7498,1.6874,-1.2800
903.770,7,-39.7483,1.6875,-1.2792
903.781,7,-39.7468,1.6876,-1.2785
903.793,7,-39.7453,1.6877,-1.2777
903.804,7,-39.7437,1.6879,-1.2771
903.815,7,-39.7422,1.6881,-1.2763
903.826,7,-39.7406,1.6882,-1.2757
903.837,7,-39.7392,1.6882,-1.2750
903.848,7,-39.7375,1.6880,-1.2745
903.859,7,-39.7360,1.6878,-1.2740
903.870,7,-39.7343,1.6874,-1.2736
903.882,7,-39.7328,1.6870,-1.2734
903.893,7,-39.7312,1.6867,-1.2732
903.904,7,-39.7299,1.6863,-1.2731
903.915,7,-39.7285,1.6858,-1.2730
903.926,7,-39.7273,1.6850,-1.2729
903.937,7,-39.7260,1.6843,-1.2728
903.948,7,-39.7248,1.6836,-1.2727
903.959,7,-39.7235,1.6836,-1.2728
903.970,7,-39.7222,1.6837,-1.2729
903.981,7,-39.7208,1.6843,-1.2731
903.993,7,-39.7196,1.6845,-1.2734
904.003,7,-39.7183,1.6845,-1.2737
904.015,7,-39.7171,1.6845,-1.2741
904.026,7,-39.7159,1.6845,-1.2747
904.037,7,-39.7147,1.6846,-1.2751
904.048,7,-39.7135,1.6849,-1.2755
904.059,7,-39.7124,1.6851,-1.2760
904.070,7,-39.7111,1.6854,-1.2764
904.082,7,-39.7098,1.6855,-1.2770
904.093,7,-39.7085,1.6857,-1.2775
904.105,7,-39.7071,1.6859,-1.2780
904.116,7,-39.7058,1.6861,-1.2785
904.127,7,-39.7045,1.6863,-1.2791
904.139,7,-39.7031,1.6864,-1.2797
904.150,7,-39.7017,1.6865,-1.2803
904.162,7,-39.7004,1.6865,-1.2810
904.174,7,-39.6990,1.6864,-1.2816
904.184,7,-39.6975,1.6863,-1.2822
904.195,7,-39.6961,1.6860,-1.2828
904.206,7,-39.6946,1.6856,-1.2834
904.217,7,-39.6931,1.6851,-1.2841
904.229,7,-39.6916,1.6845,-1.2847
904.240,7,-39.6901,1.6836,-1.2854
904.250,7,-39.6886,1.6826,-1.2860
904.261,7,-39.6871,1.6815,-1.2867
904.272,7,-39.6857,1.6801,-1.2874
904.283,7,-39.6843,1.6786,-1.2881
904.294,7,-39.6826,1.6791,-1.2889
904.305,7,-39.6803,1.6837,-1.2901
904.316,7,-39.6782,1.6867,-1.2912
904.327,7,-39.6758,1.6891,-1.2923
904.339,7,-39.6736,1.6897,-1.2934
904.350,7,-39.6716,1.6889,-1.2945
904.361,7,-39.6698,1.6874,-1.2957
904.372,7,-39.6678,1.6859,-1.2968
904.383,7,-39.6658,1.6850,-1.2978
904.395,7,-39.6639,1.6847,-1.2990
904.406,7,-39.6619,1.6846,-1.3001
904.417,7,-39.6597,1.6843,-1.3011
904.428,7,-39.6574,1.6835,-1.3020
904.439,7,-39.6552,1.6827,-1.3029
904.450,7,-39.6529,1.6819,-1.3040
904.461,7,-39.6506,1.6814,-1.3051
904.473,7,-39.6480,1.6811,-1.3061
904.483,7,-39.6456,1.6812,-1.3072
904.494,7,-39.6430,1.6812,-1.3081
904.506,7,-39.6405,1.6809,-1.3090
904.516,7,-39.6376,1.6804,-1.3099
904.527,7,-39.6348,1.6800,-1.3108
904.539,7,-39.6318,1.6793,-1.3114
904.550,7,-39.6287,1.6793,-1.3120
904.561,7,-39.6255,1.6794,-1.3128
904.572,7,-39.6220,1.6796,-1.3132
904.583,7,-39.6185,1.6799,-1.3139
904.594,7,-39.6148,1.6800,-1.3143
904.605,7,-39.6110,1.6801,-1.3148
904.617,7,-39.6072,1.6800,-1.3152
904.627,7,-39.6034,1.6799,-1.3156
904.638,7,-39.5994,1.6798,-1.3160
904.650,7,-39.5952,1.6796,-1.3164
904.661,7,-39.5911,1.6792,-1.3167
904.672,7,-39.5867,1.6787,-1.3167
904.683,7,-39.5822,1.6784,-1.3169
904.694,7,-39.5778,1.6780,-1.3171
904.705,7,-39.5730,1.6777,-1.3174
904.716,7,-39.5681,1.6775,-1.3177
904.727,7,-39.5633,1.6770,-1.3178
904.738,7,-39.5583,1.6766,-1.3180
904.750,7,-39.5532,1.6760,-1.3180
904.761,7,-39.5479,1.6754,-1.3180
904.772,7,-39.5425,1.6747,-1.3181
904.783,7,-39.5369,1.6740,-1.3182
904.794,7,-39.5312,1.6736,-1.3184
904.805,7,-39.5256,1.6729,-1.3184
904.816,7,-39.5197,1.6724,-1.3185
904.827,7,-39.5138,1.6716,-1.3185
904.839,7,-39.5077,1.6706,-1.3182
904.850,7,-39.5016,1.6699,-1.3181
904.861,7,-39.4955,1.6691,-1.3178
904.872,7,-39.4890,1.6686,-1.3176
904.883,7,-39.4826,1.6679,-1.3172
904.894,7,-39.4760,1.6674,-1.3166
904.905,7,-39.4694,1.6668,-1.3159
904.917,7,-39.4628,1.6661,-1.3150
904.928,7,-39.4560,1.6653,-1.3142
904.939,7,-39.4490,1.6646,-1.3131
904.950,7,-39.4419,1.6643,-1.3120
904.961,7,-39.4349,1.6638,-1.3109
904.972,7,-39.4277,1.6638,-1.3097
904.983,7,-39.4207,1.6638,-1.3085
904.994,7,-39.4135,1.6642,-1.3073
905.005,7,-39.4062,1.6651,-1.3062
905.017,7,-39.3990,1.6663,-1.3052
905.028,7,-39.3914,1.6680,-1.3042
905.039,7,-39.3839,1.6699,-1.3035
905.050,7,-39.3764,1.6718,-1.3026
905.061,7,-39.3688,1.6736,-1.3017
905.072,7,-39.3615,1.6755,-1.3009
905.083,7,-39.3542,1.6776,-1.3002
905.094,7,-39.3471,1.6796,-1.2996
905.105,7,-39.3400,1.6813,-1.2990
905.117,7,-39.3326,1.6828,-1.2988
905.127,7,-39.3255,1.6838,-1.2984
905.138,7,-39.3184,1.6846,-1.2981
905.149,7,-39.3115,1.6851,-1.2978
905.160,7,-39.3043,1.6856,-1.2977
905.171,7,-39.2972,1.6862,-1.2976
905.182,7,-39.2901,1.6871,-1.2975
905.193,7,-39.2828,1.6880,-1.2976
905.205,7,-39.2753,1.6887,-1.2977
905.215,7,-39.2681,1.6892,-1.2979
905.227,7,-39.2610,1.6895,-1.2979
905.238,7,-39.2536,1.6899,-1.2982
905.249,7,-39.2463,1.6903,-1.2986
905.260,7,-39.2390,1.6906,-1.2990
905.271,7,-39.2316,1.6909,-1.2996
905.282,7,-39.2244,1.6910,-1.3001
905.294,7,-39.2170,1.6909,-1.3006
905.304,7,-39.2095,1.6906,-1.3013
905.316,7,-39.2022,1.6902,-1.3018
905.327,7,-39.1946,1.6897,-1.3025
905.338,7,-39.1872,1.6893,-1.3032
905.349,7,-39.1794,1.6887,-1.3040
905.360,7,-39.1719,1.6881,-1.3047
905.371,7,-39.1643,1.6874,-1.3054
905.383,7,-39.1565,1.6865,-1.3062
905.394,7,-39.1489,1.6855,-1.3070
905.405,7,-39.1408,1.6846,-1.3080
905.416,7,-39.1329,1.6836,-1.3088
905.427,7,-39.1245,1.6827,-1.3099
905.439,7,-39.1164,1.6814,-1.3109
905.450,7,-39.1083,1.6801,-1.3118
905.460,7,-39.1001,1.6786,-1.3128
905.471,7,-39.0919,1.6766,-1.3137
905.482,7,-39.0835,1.6745,-1.3147
905.493,7,-39.0750,1.6724,-1.3157
905.504,7,-39.0664,1.6707,-1.3169
905.515,7,-39.0577,1.6694,-1.3180
905.527,7,-39.0490,1.6684,-1.3192
905.538,7,-39.0401,1.6676,-1.3205
905.549,7,-39.0312,1.6669,-1.3219
905.560,7,-39.0221,1.6663,-1.3234
905.571,7,-39.0129,1.6657,-1.3249
905.582,7,-39.0039,1.6652,-1.3264
905.593,7,-38.9946,1.6653,-1.3281
905.605,7,-38.9855,1.6662,-1.3298
905.616,7,-38.9763,1.6672,-1.3315
905.627,7,-38.9672,1.6681,-1.3332
905.638,7,-38.9580,1.6691,-1.3350
905.649,7,-38.9487,1.6705,-1.3367
905.660,7,-38.9394,1.6721,-1.3384
905.671,7,-38.9299,1.6740,-1.3401
905.682,7,-38.9206,1.6760,-1.3417
905.694,7,-38.9114,1.6777,-1.3431
905.704,7,-38.9024,1.6790,-1.3443
905.715,7,-38.8933,1.6801,-1.3456
905.726,7,-38.8841,1.6811,-1.3469
905.737,7,-38.8750,1.6821,-1.3480
905.749,7,-38.8657,1.6832,-1.3493
905.760,7,-38.8566,1.6843,-1.3504
905.771,7,-38.8476,1.6853,-1.3513
905.782,7,-38.8385,1.6865,-1.3524
905.793,7,-38.8296,1.6878,-1.3533
905.804,7,-38.8202,1.6891,-1.3545
905.815,7,-38.8110,1.6902,-1.3555
905.827,7,-38.8017,1.6912,-1.3568
905.838,7,-38.7925,1.6916,-1.3578
905.849,7,-38.7833,1.6920,-1.3589
905.860,7,-38.7740,1.6922,-1.3600
905.871,7,-38.7648,1.6921,-1.3610
905.883,7,-38.7555,1.6922,-1.3619
905.894,7,-38.7461,1.6919,-1.3629
905.905,7,-38.7366,1.6914,-1.3640
905.916,7,-38.7270,1.6904,-1.3649
905.927,7,-38.7177,1.6892,-1.3657
905.938,7,-38.7083,1.6880,-1.3666
905.949,7,-38.6990,1.6867,-1.3673
905.961,7,-38.6895,1.6855,-1.3681
905.971,7,-38.6799,1.6842,-1.3689
905.983,7,-38.6702,1.6829,-1.3697
905.994,7,-38.6604,1.6815,-1.3703
906.005,7,-38.6507,1.6799,-1.3709
906.016,7,-38.6409,1.6780,-1.3714
906.027,7,-38.6312,1.6760,-1.3718
906.039,7,-38.6213,1.6741,-1.3723
906.049,7,-38.6111,1.6722,-1.3727
906.061,7,-38.6011,1.6703,-1.3731
906.071,7,-38.5907,1.6685,-1.3734
906.083,7,-38.5804,1.6668,-1.3736
906.094,7,-38.5702,1.6655,-1.3737
906.105,7,-38.5599,1.6644,-1.3737
906.116,7,-38.5493,1.6638,-1.3737
906.127,7,-38.5388,1.6631,-1.3739
906.138,7,-38.5285,1.6628,-1.3739
906.149,7,-38.5179,1.6629,-1.3740
906.160,7,-38.5076,1.6634,-1.3741
906.171,7,-38.4973,1.6649,-1.3742
906.182,7,-38.4868,1.6661,-1.3742
906.194,7,-38.4766,1.6675,-1.3742
906.204,7,-38.4664,1.6691,-1.3743
906.216,7,-38.4561,1.6713,-1.3745
906.227,7,-38.4458,1.6739,-1.3747
906.238,7,-38.4356,1.6761,-1.3748
906.249,7,-38.4256,1.6785,-1.3750
906.260,7,-38.4154,1.6805,-1.3751
906.272,7,-38.4057,1.6819,-1.3753
906.282,7,-38.3958,1.6829,-1.3756
906.293,7,-38.3861,1.6839,-1.3759
906.305,7,-38.3764,1.6850,-1.3764
906.316,7,-38.3667,1.6865,-1.3768
906.327,7,-38.3570,1.6881,-1.3771
906.338,7,-38.3474,1.6897,-1.3774
906.349,7,-38.3379,1.6910,-1.3776
906.360,7,-38.3282,1.6923,-1.3778
906.371,7,-38.3184,1.6935,-1.3781
906.383,7,-38.3088,1.6948,-1.3784
906.393,7,-38.2990,1.6960,-1.3786
906.405,7,-38.2895,1.6971,-1.3788
906.416,7,-38.2798,1.6980,-1.3789
906.427,7,-38.2702,1.6986,-1.3790
906.438,7,-38.2605,1.6992,-1.3792
906.449,7,-38.2507,1.6993,-1.3793
906.460,7,-38.2410,1.6994,-1.3793
906.471,7,-38.2312,1.6991,-1.3793
906.482,7,-38.2215,1.6989,-1.3793
906.494,7,-38.2117,1.6983,-1.3793
906.505,7,-38.2017,1.6975,-1.3794
906.516,7,-38.1918,1.6966,-1.3794
906.527,7,-38.1821,1.6956,-1.3794
906.538,7,-38.1723,1.6944,-1.3793
906.549,7,-38.1623,1.6932,-1.3792
906.560,7,-38.1524,1.6919,-1.3792
906.571,7,-38.1425,1.6902,-1.3792
906.583,7,-38.1326,1.6883,-1.3792
906.593,7,-38.1227,1.6864,-1.3792
906.605,7,-38.1126,1.6844,-1.3793
906.616,7,-38.1024,1.6826,-1.3794
906.627,7,-38.0921,1.6809,-1.3796
906.638,7,-38.0817,1.6794,-1.3799
906.649,7,-38.0713,1.6780,-1.3801
906.660,7,-38.0606,1.6768,-1.3805
906.671,7,-38.0501,1.6757,-1.3809
906.682,7,-38.0394,1.6750,-1.3813
906.693,7,-38.0288,1.6747,-1.3819
906.705,7,-38.0178,1.6748,-1.3826
906.716,7,-38.0072,1.6752,-1.3832
906.727,7,-37.9965,1.6762,-1.3840
906.738,7,-37.9858,1.6778,-1.3849
906.749,7,-37.9751,1.6793,-1.3858
906.760,7,-37.9646,1.6809,-1.3868
906.771,7,-37.9541,1.6828,-1.3877
906.783,7,-37.9439,1.6843,-1.3885
906.793,7,-37.9338,1.6857,-1.3891
906.805,7,-37.9240,1.6868,-1.3895
906.816,7,-37.9144,1.6877,-1.3898
906.827,7,-37.9049,1.6885,-1.3900
906.838,7,-37.8956,1.6892,-1.3901
906.849,7,-37.8861,1.6902,-1.3902
906.860,7,-37.8768,1.6914,-1.3902
906.871,7,-37.8674,1.6929,-1.3904
906.883,7,-37.8580,1.6944,-1.3905
906.893,7,-37.8486,1.6960,-1.3906
906.904,7,-37.8392,1.6978,-1.3906
906.916,7,-37.8299,1.6997,-1.3906
906.927,7,-37.8206,1.7017,-1.3905
906.938,7,-37.8113,1.7036,-1.3903
906.949,7,-37.8020,1.7052,-1.3900
906.960,7,-37.7927,1.7065,-1.3897
906.971,7,-37.7834,1.7074,-1.3894
906.983,7,-37.7741,1.7082,-1.3892
906.994,7,-37.7647,1.7086,-1.3889
907.005,7,-37.7553,1.7088,-1.3885
907.016,7,-37.7461,1.7088,-1.3881
907.027,7,-37.7367,1.7086,-1.3877
907.038,7,-37.7274,1.7083,-1.3872
907.049,7,-37.7179,1.7077,-1.3866
907.060,7,-37.7085,1.7069,-1.3861
907.071,7,-37.6991,1.7059,-1.3855
907.082,7,-37.6897,1.7048,-1.3848
907.093,7,-37.6803,1.7035,-1.3841
907.104,7,-37.6708,1.7020,-1.3834
907.116,7,-37.6613,1.7005,-1.3826
907.127,7,-37.6519,1.6986,-1.3816
907.138,7,-37.6424,1.6964,-1.3807
907.149,7,-37.6330,1.6942,-1.3797
907.160,7,-37.6234,1.6918,-1.3787
907.172,7,-37.6138,1.6896,-1.3777
907.182,7,-37.6041,1.6878,-1.3767
907.193,7,-37.5944,1.6866,-1.3757
907.204,7,-37.5844,1.6858,-1.3745
907.216,7,-37.5745,1.6851,-1.3734
907.227,7,-37.5644,1.6849,-1.3721
907.238,7,-37.5542,1.6848,-1.3709
907.249,7,-37.5442,1.6852,-1.3695
907.260,7,-37.5341,1.6861,-1.3681
907.271,7,-37.5242,1.6872,-1.3667
907.282,7,-37.5142,1.6882,-1.3653
907.293,7,-37.5043,1.6894,-1.3638
907.304,7,-37.4945,1.6908,-1.3624
907.316,7,-37.4847,1.6923,-1.3610
907.327,7,-37.4750,1.6943,-1.3598
907.337,7,-37.4653,1.6964,-1.3586
907.349,7,-37.4557,1.6986,-1.3575
907.360,7,-37.4461,1.7003,-1.3564
907.370,7,-37.4365,1.7016,-1.3555
907.382,7,-37.4269,1.7027,-1.3546
907.393,7,-37.4175,1.7038,-1.3539
907.404,7,-37.4080,1.7051,-1.3532
907.415,7,-37.3985,1.7066,-1.3526
907.426,7,-37.3891,1.7081,-1.3521
907.437,7,-37.3798,1.7094,-1.3515
907.448,7,-37.3705,1.7105,-1.3512
907.460,7,-37.3613,1.7116,-1.3509
907.472,7,-37.3522,1.7128,-1.3506
907.482,7,-37.3430,1.7141,-1.3503
907.492,7,-37.3341,1.7154,-1.3501
907.504,7,-37.3249,1.7165,-1.3500
907.515,7,-37.3159,1.7173,-1.3498
907.526,7,-37.3068,1.7180,-1.3497
907.537,7,-37.2977,1.7183,-1.3495
907.548,7,-37.2887,1.7185,-1.3494
907.559,7,-37.2796,1.7187,-1.3492
907.570,7,-37.2706,1.7186,-1.3492
907.582,7,-37.2615,1.7183,-1.3492
907.592,7,-37.2523,1.7179,-1.3491
907.604,7,-37.2431,1.7175,-1.3491
907.615,7,-37.2339,1.7168,-1.3492
907.626,7,-37.2247,1.7161,-1.3492
907.637,7,-37.2155,1.7154,-1.3494
907.648,7,-37.2062,1.7144,-1.3495
907.659,7,-37.1969,1.7135,-1.3497
907.670,7,-37.1876,1.7124,-1.3499
907.681,7,-37.1784,1.7113,-1.3501
907.692,7,-37.1691,1.7096,-1.3504
907.703,7,-37.1599,1.7079,-1.3507
907.714,7,-37.1505,1.7061,-1.3512
907.725,7,-37.1412,1.7043,-1.3516
907.737,7,-37.1316,1.7027,-1.3521
907.748,7,-37.1220,1.7011,-1.3526
907.759,7,-37.1124,1.6998,-1.3533
907.770,7,-37.1029,1.6987,-1.3539
907.782,7,-37.0932,1.6978,-1.3547
907.792,7,-37.0835,1.6971,-1.3557
907.803,7,-37.0738,1.6968,-1.3567
907.815,7,-37.0640,1.6968,-1.3579
907.825,7,-37.0542,1.6971,-1.3590
907.836,7,-37.0444,1.6980,-1.3604
907.848,7,-37.0345,1.6994,-1.3619
907.859,7,-37.0245,1.7007,-1.3634
907.871,7,-37.0147,1.7022,-1.3651
907.882,7,-37.0049,1.7038,-1.3666
907.893,7,-36.9952,1.7057,-1.3682
907.904,7,-36.9854,1.7074,-1.3697
907.915,7,-36.9758,1.7090,-1.3711
907.927,7,-36.9664,1.7104,-1.3724
907.938,7,-36.9570,1.7115,-1.3736
907.949,7,-36.9477,1.7123,-1.3747
907.960,7,-36.9385,1.7132,-1.3759
907.971,7,-36.9295,1.7143,-1.3769
907.982,7,-36.9204,1.7155,-1.3780
907.993,7,-36.9113,1.7169,-1.3790
908.005,7,-36.9022,1.7182,-1.3801
908.015,7,-36.8932,1.7194,-1.3811
908.026,7,-36.8841,1.7206,-1.3821
908.037,7,-36.8751,1.7218,-1.3829
908.048,7,-36.8660,1.7233,-1.3836
908.060,7,-36.8568,1.7248,-1.3844
908.070,7,-36.8477,1.7261,-1.3850
908.082,7,-36.8386,1.7271,-1.3856
908.093,7,-36.8294,1.7279,-1.3862
908.104,7,-36.8202,1.7283,-1.3868
908.115,7,-36.8111,1.7284,-1.3875
908.127,7,-36.8020,1.7283,-1.3881
908.138,7,-36.7929,1.7281,-1.3887
908.149,7,-36.7837,1.7276,-1.3893
908.160,7,-36.7745,1.7269,-1.3899
908.171,7,-36.7652,1.7262,-1.3904
908.182,7,-36.7560,1.7252,-1.3908
908.193,7,-36.7466,1.7243,-1.3911
908.204,7,-36.7373,1.7231,-1.3915
908.215,7,-36.7279,1.7219,-1.3918
908.226,7,-36.7185,1.7207,-1.3920
908.237,7,-36.7091,1.7191,-1.3922
908.249,7,-36.6996,1.7173,-1.3924
908.260,7,-36.6903,1.7155,-1.3926
908.270,7,-36.6810,1.7134,-1.3927
908.282,7,-36.6716,1.7114,-1.3928
908.293,7,-36.6623,1.7095,-1.3929
908.304,7,-36.6528,1.7077,-1.3930
908.315,7,-36.6432,1.7062,-1.3930
908.326,7,-36.6337,1.7050,-1.3931
908.337,7,-36.6240,1.7041,-1.3930
908.348,7,-36.6144,1.7031,-1.3930
908.359,7,-36.6045,1.7030,-1.3928
908.370,7,-36.5947,1.7028,-1.3927
908.381,7,-36.5848,1.7028,-1.3925
908.392,7,-36.5749,1.7033,-1.3923
908.404,7,-36.5650,1.7045,-1.3921
908.415,7,-36.5551,1.7058,-1.3918
908.426,7,-36.5452,1.7071,-1.3914
908.437,7,-36.5353,1.7082,-1.3912
908.448,7,-36.5255,1.7095,-1.3910
908.460,7,-36.5158,1.7112,-1.3908
908.471,7,-36.5061,1.7132,-1.3906
908.482,7,-36.4965,1.7153,-1.3905
908.493,7,-36.4872,1.7171,-1.3902
908.504,7,-36.4779,1.7185,-1.3903
908.515,7,-36.4686,1.7197,-1.3903
908.526,7,-36.4595,1.7206,-1.3906
908.537,7,-36.4504,1.7213,-1.3909
908.548,7,-36.4413,1.7222,-1.3913
908.559,7,-36.4322,1.7231,-1.3916
908.570,7,-36.4231,1.7239,-1.3921
908.582,7,-36.4142,1.7247,-1.3925
908.593,7,-36.4052,1.7256,-1.3929
908.604,7,-36.3964,1.7265,-1.3934
908.615,7,-36.3876,1.7273,-1.3938
908.626,7,-36.3789,1.7283,-1.3942
908.637,7,-36.3702,1.7294,-1.3947
908.648,7,-36.3617,1.7303,-1.3951
908.659,7,-36.3531,1.7312,-1.3957
908.670,7,-36.3446,1.7319,-1.3963
908.681,7,-36.3360,1.7326,-1.3970
908.692,7,-36.3274,1.7332,-1.3976
908.704,7,-36.3187,1.7337,-1.3982
908.715,7,-36.3100,1.7341,-1.3988
908.726,7,-36.3013,1.7344,-1.3995
908.737,7,-36.2925,1.7346,-1.4002
908.748,7,-36.2837,1.7345,-1.4010
908.759,7,-36.2749,1.7345,-1.4017
908.770,7,-36.2660,1.7341,-1.4025
908.782,7,-36.2571,1.7334,-1.4034
908.793,7,-36.2483,1.7327,-1.4042
908.804,7,-36.2395,1.7319,-1.4051
908.815,7,-36.2306,1.7310,-1.4060
908.826,7,-36.2218,1.7301,-1.4070
908.837,7,-36.2129,1.7291,-1.4080
908.848,7,-36.2040,1.7280,-1.4091
908.859,7,-36.1951,1.7267,-1.4102
908.870,7,-36.1861,1.7251,-1.4113
908.881,7,-36.1772,1.7232,-1.4125
908.892,7,-36.1682,1.7214,-1.4138
908.903,7,-36.1593,1.7196,-1.4150
908.915,7,-36.1503,1.7182,-1.4163
908.926,7,-36.1414,1.7172,-1.4176
908.937,7,-36.1325,1.7162,-1.4190
908.948,7,-36.1235,1.7155,-1.4205
908.959,7,-36.1145,1.7149,-1.4219
908.970,7,-36.1056,1.7145,-1.4235
908.982,7,-36.0968,1.7145,-1.4250
908.993,7,-36.0880,1.7150,-1.4267
909.004,7,-36.0793,1.7157,-1.4285
909.015,7,-36.0708,1.7167,-1.4303
909.026,7,-36.0623,1.7177,-1.4321
909.037,7,-36.0538,1.7189,-1.4338
909.048,7,-36.0454,1.7204,-1.4356
909.059,7,-36.0370,1.7219,-1.4372
909.070,7,-36.0287,1.7231,-1.4388
909.082,7,-36.0205,1.7241,-1.4401
909.093,7,-36.0125,1.7248,-1.4415
909.104,7,-36.0047,1.7251,-1.4426
909.115,7,-35.9969,1.7254,-1.4438
909.126,7,-35.9894,1.7257,-1.4449
909.137,7,-35.9819,1.7262,-1.4459
909.148,7,-35.9744,1.7267,-1.4471
909.159,7,-35.9670,1.7273,-1.4482
909.170,7,-35.9597,1.7280,-1.4492
909.181,7,-35.9523,1.7287,-1.4503
909.192,7,-35.9450,1.7298,-1.4511
909.203,7,-35.9377,1.7312,-1.4520
909.215,7,-35.9304,1.7324,-1.4528
909.226,7,-35.9232,1.7336,-1.4535
909.237,7,-35.9161,1.7345,-1.4542
909.248,7,-35.9090,1.7352,-1.4549
909.259,7,-35.9019,1.7358,-1.4557
909.270,7,-35.8948,1.7362,-1.4565
909.282,7,-35.8877,1.7365,-1.4572
909.293,7,-35.8808,1.7366,-1.4578
909.304,7,-35.8738,1.7366,-1.4585
909.315,7,-35.8668,1.7364,-1.4591
909.326,7,-35.8599,1.7362,-1.4596
909.337,7,-35.8529,1.7360,-1.4601
909.348,7,-35.8459,1.7356,-1.4605
909.359,7,-35.8389,1.7352,-1.4608
909.370,7,-35.8319,1.7347,-1.4612
909.381,7,-35.8249,1.7341,-1.4614
909.392,7,-35.8179,1.7332,-1.4615
909.403,7,-35.8109,1.7322,-1.4617
909.414,7,-35.8038,1.7312,-1.4617
909.426,7,-35.7968,1.7303,-1.4618
909.437,7,-35.7897,1.7292,-1.4618
909.448,7,-35.7827,1.7282,-1.4618
909.459,7,-35.7755,1.7273,-1.4618
909.470,7,-35.7683,1.7264,-1.4618
909.481,7,-35.7611,1.7257,-1.4617
909.493,7,-35.7539,1.7252,-1.4615
909.503,7,-35.7466,1.7248,-1.4614
909.513,7,-35.7393,1.7246,-1.4610
909.525,7,-35.7320,1.7246,-1.4608
909.536,7,-35.7248,1.7247,-1.4603
909.547,7,-35.7175,1.7249,-1.4599
909.558,7,-35.7104,1.7254,-1.4593
909.569,7,-35.7033,1.7259,-1.4588
909.580,7,-35.6963,1.7266,-1.4584
909.591,7,-35.6893,1.7272,-1.4578
909.602,7,-35.6824,1.7281,-1.4572
909.614,7,-35.6756,1.7295,-1.4565
909.625,7,-35.6689,1.7312,-1.4560
909.636,7,-35.6623,1.7330,-1.4554
909.647,7,-35.6556,1.7345,-1.4548
909.658,7,-35.6491,1.7355,-1.4542
909.669,7,-35.6427,1.7366,-1.4537
909.680,7,-35.6364,1.7375,-1.4534
909.691,7,-35.6301,1.7383,-1.4530
909.702,7,-35.6241,1.7389,-1.4528
909.713,7,-35.6181,1.7394,-1.4525
909.724,7,-35.6121,1.7397,-1.4524
909.735,7,-35.6062,1.7401,-1.4523
909.746,7,-35.6002,1.7407,-1.4522
909.758,7,-35.5943,1.7411,-1.4521
909.769,7,-35.5883,1.7418,-1.4520
909.780,7,-35.5825,1.7424,-1.4519
909.791,7,-35.5766,1.7430,-1.4518
909.802,7,-35.5708,1.7437,-1.4521
909.814,7,-35.5651,1.7444,-1.4521
909.825,7,-35.5594,1.7451,-1.4523
909.836,7,-35.5537,1.7458,-1.4525
909.847,7,-35.5482,1.7462,-1.4528
909.859,7,-35.5429,1.7467,-1.4531
909.870,7,-35.5377,1.7471,-1.4537
909.881,7,-35.5325,1.7475,-1.4543
909.892,7,-35.5274,1.7478,-1.4547
909.903,7,-35.5224,1.7481,-1.4555
909.915,7,-35.5172,1.7483,-1.4561
909.927,7,-35.5121,1.7484,-1.4568
909.938,7,-35.5071,1.7484,-1.4575
909.950,7,-35.5021,1.7484,-1.4583
909.961,7,-35.4972,1.7484,-1.4590
909.973,7,-35.4925,1.7484,-1.4600
909.985,7,-35.4877,1.7482,-1.4609
909.996,7,-35.4831,1.7479,-1.4620
910.008,7,-35.4786,1.7473,-1.4631
910.019,7,-35.4743,1.7466,-1.4641
910.031,7,-35.4701,1.7457,-1.4652
910.042,7,-35.4660,1.7449,-1.4663
910.054,7,-35.4621,1.7442,-1.4676
910.066,7,-35.4582,1.7436,-1.4688
910.077,7,-35.4544,1.7430,-1.4700
910.089,7,-35.4508,1.7426,-1.4713
910.100,7,-35.4472,1.7421,-1.4727
910.112,7,-35.4437,1.7416,-1.4741
910.123,7,-35.4403,1.7413,-1.4755
910.134,7,-35.4371,1.7409,-1.4768
910.146,7,-35.4340,1.7407,-1.4782
910.157,7,-35.4310,1.7405,-1.4796
910.169,7,-35.4282,1.7405,-1.4812
910.180,7,-35.4253,1.7406,-1.4826
910.191,7,-35.4226,1.7408,-1.4841
910.202,7,-35.4198,1.7410,-1.4854
910.214,7,-35.4170,1.7413,-1.4868
910.226,7,-35.4143,1.7416,-1.4881
910.237,7,-35.4115,1.7419,-1.4894
910.249,7,-35.4088,1.7423,-1.4908
910.260,7,-35.4061,1.7427,-1.4922
910.272,7,-35.4034,1.7433,-1.4936
910.284,7,-35.4008,1.7437,-1.4950
910.295,7,-35.3984,1.7441,-1.4965
910.307,7,-35.3960,1.7443,-1.4979
910.319,7,-35.3938,1.7443,-1.4991
910.330,7,-35.3917,1.7442,-1.5005
910.342,7,-35.3896,1.7440,-1.5017
910.353,7,-35.3877,1.7437,-1.5028
910.365,7,-35.3858,1.7433,-1.5038
910.377,7,-35.3840,1.7429,-1.5047
910.388,7,-35.3822,1.7425,-1.5056
910.399,7,-35.3805,1.7421,-1.5064
910.411,7,-35.3789,1.7418,-1.5074
910.423,7,-35.3773,1.7416,-1.5081
910.434,7,-35.3758,1.7415,-1.5086
910.445,7,-35.3744,1.7414,-1.5090
910.456,7,-35.3730,1.7415,-1.5094
910.468,7,-35.3717,1.7415,-1.5097
910.479,7,-35.3705,1.7415,-1.5099
910.490,7,-35.3694,1.7416,-1.5104
910.502,7,-35.3682,1.7417,-1.5105
910.512,7,-35.3671,1.7419,-1.5107
910.524,7,-35.3661,1.7421,-1.5107
910.535,7,-35.3650,1.7422,-1.5106
910.546,7,-35.3640,1.7424,-1.5103
910.558,7,-35.3630,1.7425,-1.5100
910.569,7,-35.3620,1.7427,-1.5096
910.580,7,-35.3610,1.7429,-1.5092
910.592,7,-35.3599,1.7435,-1.5088
910.603,7,-35.3588,1.7444,-1.5084
910.615,7,-35.3579,1.7448,-1.5079
910.627,7,-35.3571,1.7446,-1.5072
910.638,7,-35.3561,1.7442,-1.5066
910.650,7,-35.3552,1.7441,-1.5061
910.661,7,-35.3543,1.7444,-1.5056
910.673,7,-35.3534,1.7446,-1.5050
910.685,7,-35.3526,1.7448,-1.5049
910.696,7,-35.3517,1.7449,-1.5043
910.708,7,-35.3508,1.7450,-1.5036
910.720,7,-35.3500,1.7452,-1.5031
910.731,7,-35.3491,1.7453,-1.5028
910.743,7,-35.3484,1.7456,-1.5024
910.754,7,-35.3476,1.7458,-1.5019
910.766,7,-35.3469,1.7460,-1.5015
910.778,7,-35.3461,1.7462,-1.5011
910.790,7,-35.3454,1.7464,-1.5010
910.801,7,-35.3446,1.7466,-1.5007
910.812,7,-35.3438,1.7466,-1.5003
910.824,7,-35.3432,1.7468,-1.4999
910.834,7,-35.3424,1.7469,-1.4997
910.846,7,-35.3417,1.7470,-1.4994
910.857,7,-35.3409,1.7470,-1.4992
910.868,7,-35.3402,1.7471,-1.4989
910.880,7,-35.3394,1.7472,-1.4987
910.892,7,-35.3387,1.7473,-1.4983
910.902,7,-35.3380,1.7473,-1.4988
910.913,7,-35.3372,1.7474,-1.4986
910.924,7,-35.3362,1.7475,-1.4966
910.936,7,-35.3354,1.7476,-1.4964
910.947,7,-35.3347,1.7477,-1.4961
910.958,7,-35.3339,1.7478,-1.4959
910.969,7,-35.3332,1.7480,-1.4957
910.980,7,-35.3324,1.7480,-1.4956
910.991,7,-35.3316,1.7480,-1.4954
911.003,7,-35.3309,1.7480,-1.4952
911.014,7,-35.3302,1.7479,-1.4950
911.025,7,-35.3297,1.7478,-1.4948
911.036,7,-35.3290,1.7477,-1.4946
911.048,7,-35.3284,1.7476,-1.4947
911.059,7,-35.3279,1.7473,-1.4945
911.070,7,-35.3274,1.7470,-1.4942
911.081,7,-35.3269,1.7466,-1.4940
911.093,7,-35.3265,1.7462,-1.4936
911.105,7,-35.3261,1.7457,-1.4934
911.117,7,-35.3257,1.7454,-1.4931
911.128,7,-35.3254,1.7450,-1.4929

# --- Trial 8 start ---
919.954,8,-39.6559,1.6873,-1.3035
919.965,8,-39.6563,1.6873,-1.3029
919.976,8,-39.6566,1.6872,-1.3024
919.987,8,-39.6570,1.6872,-1.3018
919.999,8,-39.6571,1.6873,-1.3012
920.010,8,-39.6575,1.6873,-1.3006
920.021,8,-39.6576,1.6875,-1.3000
920.032,8,-39.6578,1.6876,-1.2994
920.043,8,-39.6580,1.6877,-1.2988
920.057,8,-39.6581,1.6879,-1.2982
920.071,8,-39.6580,1.6880,-1.2977
920.076,8,-39.6582,1.6881,-1.2971
920.085,8,-39.6582,1.6882,-1.2965
920.096,8,-39.6582,1.6883,-1.2958
920.112,8,-39.6581,1.6885,-1.2952
920.118,8,-39.6580,1.6886,-1.2946
920.130,8,-39.6579,1.6887,-1.2939
920.141,8,-39.6577,1.6888,-1.2933
920.151,8,-39.6575,1.6889,-1.2927
920.162,8,-39.6572,1.6890,-1.2921
920.174,8,-39.6568,1.6892,-1.2915
920.185,8,-39.6563,1.6893,-1.2909
920.196,8,-39.6559,1.6895,-1.2904
920.207,8,-39.6553,1.6896,-1.2898
920.218,8,-39.6548,1.6898,-1.2892
920.229,8,-39.6543,1.6900,-1.2887
920.240,8,-39.6537,1.6902,-1.2882
920.251,8,-39.6531,1.6901,-1.2878
920.262,8,-39.6527,1.6899,-1.2872
920.273,8,-39.6521,1.6894,-1.2868
920.284,8,-39.6517,1.6888,-1.2863
920.295,8,-39.6511,1.6880,-1.2860
920.307,8,-39.6507,1.6873,-1.2857
920.317,8,-39.6503,1.6868,-1.2855
920.328,8,-39.6498,1.6863,-1.2853
920.339,8,-39.6494,1.6858,-1.2852
920.350,8,-39.6488,1.6853,-1.2851
920.361,8,-39.6484,1.6850,-1.2852
920.372,8,-39.6479,1.6850,-1.2853
920.384,8,-39.6474,1.6850,-1.2854
920.394,8,-39.6470,1.6853,-1.2855
920.406,8,-39.6466,1.6854,-1.2856
920.417,8,-39.6460,1.6856,-1.2859
920.428,8,-39.6455,1.6859,-1.2863
920.439,8,-39.6449,1.6861,-1.2866
920.450,8,-39.6444,1.6864,-1.2870
920.462,8,-39.6439,1.6867,-1.2874
920.473,8,-39.6435,1.6869,-1.2879
920.484,8,-39.6430,1.6871,-1.2884
920.495,8,-39.6425,1.6872,-1.2889
920.507,8,-39.6420,1.6873,-1.2894
920.518,8,-39.6415,1.6874,-1.2900
920.529,8,-39.6409,1.6874,-1.2907
920.540,8,-39.6404,1.6874,-1.2913
920.552,8,-39.6397,1.6875,-1.2920
920.563,8,-39.6391,1.6875,-1.2928
920.574,8,-39.6384,1.6874,-1.2935
920.586,8,-39.6378,1.6872,-1.2942
920.597,8,-39.6372,1.6871,-1.2948
920.608,8,-39.6365,1.6868,-1.2955
920.620,8,-39.6357,1.6866,-1.2963
920.631,8,-39.6349,1.6865,-1.2970
920.643,8,-39.6342,1.6863,-1.2978
920.654,8,-39.6334,1.6862,-1.2986
920.665,8,-39.6326,1.6859,-1.2994
920.676,8,-39.6319,1.6856,-1.3003
920.687,8,-39.6312,1.6853,-1.3011
920.698,8,-39.6306,1.6848,-1.3020
920.709,8,-39.6299,1.6843,-1.3029
920.721,8,-39.6294,1.6838,-1.3039
920.732,8,-39.6288,1.6832,-1.3049
920.743,8,-39.6282,1.6825,-1.3060
920.754,8,-39.6276,1.6817,-1.3070
920.765,8,-39.6270,1.6807,-1.3082
920.776,8,-39.6263,1.6796,-1.3093
920.787,8,-39.6256,1.6794,-1.3105
920.799,8,-39.6243,1.6818,-1.3119
920.810,8,-39.6225,1.6859,-1.3134
920.821,8,-39.6206,1.6897,-1.3150
920.832,8,-39.6188,1.6919,-1.3164
920.843,8,-39.6172,1.6927,-1.3177
920.854,8,-39.6158,1.6921,-1.3191
920.865,8,-39.6144,1.6909,-1.3205
920.876,8,-39.6131,1.6893,-1.3217
920.887,8,-39.6118,1.6878,-1.3229
920.898,8,-39.6106,1.6874,-1.3241
920.909,8,-39.6093,1.6877,-1.3254
920.920,8,-39.6078,1.6881,-1.3268
920.932,8,-39.6063,1.6883,-1.3283
920.943,8,-39.6048,1.6880,-1.3297
920.953,8,-39.6034,1.6876,-1.3312
920.964,8,-39.6021,1.6873,-1.3327
920.975,8,-39.6008,1.6870,-1.3342
920.986,8,-39.5993,1.6869,-1.3357
920.997,8,-39.5979,1.6870,-1.3372
921.008,8,-39.5966,1.6870,-1.3387
921.019,8,-39.5953,1.6871,-1.3400
921.031,8,-39.5939,1.6870,-1.3415
921.042,8,-39.5925,1.6867,-1.3429
921.053,8,-39.5912,1.6867,-1.3444
921.065,8,-39.5898,1.6866,-1.3459
921.075,8,-39.5884,1.6866,-1.3473
921.087,8,-39.5869,1.6865,-1.3487
921.098,8,-39.5854,1.6864,-1.3500
921.109,8,-39.5836,1.6862,-1.3514
921.120,8,-39.5819,1.6857,-1.3527
921.131,8,-39.5801,1.6855,-1.3541
921.142,8,-39.5782,1.6852,-1.3553
921.153,8,-39.5763,1.6852,-1.3565
921.165,8,-39.5742,1.6850,-1.3576
921.176,8,-39.5720,1.6847,-1.3586
921.187,8,-39.5698,1.6846,-1.3596
921.198,8,-39.5675,1.6844,-1.3606
921.209,8,-39.5651,1.6843,-1.3615
921.220,8,-39.5626,1.6842,-1.3625
921.231,8,-39.5602,1.6841,-1.3633
921.242,8,-39.5576,1.6837,-1.3640
921.253,8,-39.5549,1.6833,-1.3646
921.264,8,-39.5522,1.6830,-1.3653
921.275,8,-39.5491,1.6826,-1.3660
921.286,8,-39.5461,1.6822,-1.3667
921.297,8,-39.5429,1.6819,-1.3674
921.309,8,-39.5396,1.6816,-1.3679
921.320,8,-39.5362,1.6811,-1.3684
921.331,8,-39.5327,1.6806,-1.3687
921.342,8,-39.5290,1.6802,-1.3691
921.353,8,-39.5254,1.6797,-1.3695
921.364,8,-39.5215,1.6793,-1.3699
921.376,8,-39.5172,1.6789,-1.3705
921.386,8,-39.5131,1.6784,-1.3708
921.397,8,-39.5088,1.6779,-1.3712
921.408,8,-39.5047,1.6774,-1.3715
921.419,8,-39.5002,1.6766,-1.3717
921.431,8,-39.4957,1.6758,-1.3718
921.442,8,-39.4911,1.6749,-1.3718
921.453,8,-39.4862,1.6739,-1.3718
921.464,8,-39.4814,1.6729,-1.3717
921.475,8,-39.4765,1.6719,-1.3714
921.486,8,-39.4715,1.6707,-1.3712
921.497,8,-39.4666,1.6694,-1.3706
921.508,8,-39.4615,1.6683,-1.3703
921.519,8,-39.4562,1.6672,-1.3698
921.531,8,-39.4508,1.6662,-1.3693
921.542,8,-39.4451,1.6653,-1.3688
921.553,8,-39.4394,1.6644,-1.3682
921.564,8,-39.4336,1.6635,-1.3676
921.575,8,-39.4277,1.6625,-1.3667
921.586,8,-39.4219,1.6616,-1.3660
921.598,8,-39.4158,1.6606,-1.3652
921.609,8,-39.4095,1.6597,-1.3645
921.621,8,-39.4031,1.6588,-1.3636
921.631,8,-39.3967,1.6578,-1.3626
921.641,8,-39.3904,1.6570,-1.3617
921.653,8,-39.3842,1.6559,-1.3605
921.663,8,-39.3778,1.6551,-1.3594
921.674,8,-39.3715,1.6546,-1.3582
921.686,8,-39.3649,1.6544,-1.3570
921.697,8,-39.3582,1.6545,-1.3560
921.708,8,-39.3513,1.6549,-1.3548
921.719,8,-39.3443,1.6558,-1.3536
921.730,8,-39.3374,1.6564,-1.3524
921.741,8,-39.3304,1.6577,-1.3512
921.752,8,-39.3235,1.6591,-1.3500
921.763,8,-39.3165,1.6610,-1.3487
921.774,8,-39.3095,1.6627,-1.3476
921.785,8,-39.3024,1.6644,-1.3464
921.796,8,-39.2956,1.6662,-1.3453
921.807,8,-39.2888,1.6680,-1.3442
921.818,8,-39.2820,1.6698,-1.3432
921.829,8,-39.2754,1.6713,-1.3421
921.840,8,-39.2691,1.6724,-1.3412
921.851,8,-39.2625,1.6736,-1.3402
921.863,8,-39.2561,1.6744,-1.3393
921.874,8,-39.2497,1.6752,-1.3384
921.885,8,-39.2432,1.6760,-1.3375
921.896,8,-39.2369,1.6767,-1.3366
921.907,8,-39.2304,1.6777,-1.3359
921.919,8,-39.2238,1.6786,-1.3352
921.930,8,-39.2171,1.6794,-1.3346
921.941,8,-39.2105,1.6802,-1.3339
921.952,8,-39.2039,1.6808,-1.3333
921.963,8,-39.1973,1.6815,-1.3327
921.974,8,-39.1908,1.6822,-1.3321
921.985,8,-39.1841,1.6828,-1.3316
921.997,8,-39.1776,1.6833,-1.3312
922.008,8,-39.1710,1.6836,-1.3309
922.019,8,-39.1644,1.6837,-1.3305
922.030,8,-39.1577,1.6836,-1.3302
922.042,8,-39.1509,1.6835,-1.3298
922.053,8,-39.1440,1.6832,-1.3295
922.064,8,-39.1372,1.6829,-1.3292
922.075,8,-39.1303,1.6825,-1.3291
922.086,8,-39.1233,1.6820,-1.3290
922.098,8,-39.1162,1.6813,-1.3291
922.109,8,-39.1092,1.6805,-1.3291
922.120,8,-39.1019,1.6796,-1.3292
922.131,8,-39.0946,1.6787,-1.3293
922.142,8,-39.0872,1.6778,-1.3294
922.153,8,-39.0794,1.6770,-1.3297
922.164,8,-39.0718,1.6761,-1.3298
922.175,8,-39.0640,1.6750,-1.3301
922.186,8,-39.0564,1.6737,-1.3302
922.197,8,-39.0484,1.6721,-1.3304
922.208,8,-39.0405,1.6707,-1.3307
922.220,8,-39.0323,1.6694,-1.3310
922.231,8,-39.0240,1.6681,-1.3314
922.242,8,-39.0157,1.6668,-1.3318
922.253,8,-39.0072,1.6654,-1.3323
922.264,8,-38.9988,1.6642,-1.3329
922.276,8,-38.9903,1.6632,-1.3334
922.287,8,-38.9817,1.6624,-1.3340
922.298,8,-38.9732,1.6619,-1.3345
922.309,8,-38.9644,1.6615,-1.3353
922.320,8,-38.9557,1.6610,-1.3360
922.331,8,-38.9469,1.6607,-1.3369
922.342,8,-38.9382,1.6607,-1.3377
922.353,8,-38.9294,1.6613,-1.3385
922.364,8,-38.9204,1.6624,-1.3393
922.375,8,-38.9116,1.6633,-1.3401
922.387,8,-38.9026,1.6645,-1.3410
922.397,8,-38.8936,1.6659,-1.3417
922.408,8,-38.8846,1.6679,-1.3426
922.419,8,-38.8756,1.6702,-1.3433
922.430,8,-38.8664,1.6724,-1.3441
922.442,8,-38.8574,1.6743,-1.3447
922.453,8,-38.8485,1.6757,-1.3452
922.464,8,-38.8398,1.6769,-1.3455
922.475,8,-38.8308,1.6776,-1.3460
922.486,8,-38.8223,1.6783,-1.3462
922.497,8,-38.8139,1.6789,-1.3463
922.508,8,-38.8054,1.6796,-1.3463
922.520,8,-38.7969,1.6804,-1.3463
922.531,8,-38.7884,1.6811,-1.3463
922.542,8,-38.7797,1.6820,-1.3463
922.553,8,-38.7710,1.6828,-1.3465
922.564,8,-38.7622,1.6836,-1.3464
922.575,8,-38.7533,1.6846,-1.3466
922.586,8,-38.7445,1.6855,-1.3465
922.597,8,-38.7358,1.6864,-1.3464
922.608,8,-38.7273,1.6871,-1.3464
922.620,8,-38.7185,1.6875,-1.3462
922.630,8,-38.7100,1.6877,-1.3462
922.641,8,-38.7014,1.6876,-1.3460
922.652,8,-38.6926,1.6873,-1.3458
922.663,8,-38.6838,1.6868,-1.3456
922.675,8,-38.6750,1.6864,-1.3455
922.686,8,-38.6661,1.6857,-1.3454
922.697,8,-38.6572,1.6851,-1.3451
922.708,8,-38.6481,1.6842,-1.3450
922.719,8,-38.6392,1.6832,-1.3448
922.730,8,-38.6300,1.6822,-1.3445
922.742,8,-38.6209,1.6809,-1.3442
922.752,8,-38.6118,1.6797,-1.3438
922.764,8,-38.6025,1.6784,-1.3433
922.775,8,-38.5933,1.6770,-1.3429
922.786,8,-38.5841,1.6755,-1.3425
922.797,8,-38.5749,1.6738,-1.3418
922.808,8,-38.5657,1.6720,-1.3413
922.819,8,-38.5566,1.6701,-1.3406
922.830,8,-38.5475,1.6681,-1.3399
922.841,8,-38.5385,1.6661,-1.3392
922.852,8,-38.5293,1.6643,-1.3384
922.863,8,-38.5200,1.6629,-1.3376
922.874,8,-38.5106,1.6620,-1.3367
922.885,8,-38.5012,1.6611,-1.3359
922.896,8,-38.4918,1.6606,-1.3349
922.907,8,-38.4822,1.6602,-1.3339
922.918,8,-38.4727,1.6606,-1.3328
922.929,8,-38.4628,1.6613,-1.3319
922.940,8,-38.4529,1.6627,-1.3306
922.952,8,-38.4430,1.6640,-1.3295
922.962,8,-38.4332,1.6657,-1.3282
922.974,8,-38.4234,1.6677,-1.3271
922.985,8,-38.4137,1.6701,-1.3261
922.996,8,-38.4041,1.6730,-1.3252
923.007,8,-38.3945,1.6758,-1.3244
923.018,8,-38.3849,1.6787,-1.3237
923.029,8,-38.3755,1.6810,-1.3232
923.040,8,-38.3664,1.6829,-1.3227
923.052,8,-38.3571,1.6843,-1.3224
923.063,8,-38.3480,1.6854,-1.3223
923.074,8,-38.3391,1.6864,-1.3221
923.085,8,-38.3302,1.6875,-1.3221
923.096,8,-38.3213,1.6888,-1.3222
923.108,8,-38.3123,1.6899,-1.3223
923.119,8,-38.3035,1.6910,-1.3225
923.131,8,-38.2946,1.6921,-1.3228
923.141,8,-38.2860,1.6933,-1.3231
923.152,8,-38.2772,1.6945,-1.3234
923.163,8,-38.2685,1.6956,-1.3237
923.174,8,-38.2598,1.6966,-1.3240
923.185,8,-38.2511,1.6975,-1.3243
923.197,8,-38.2423,1.6983,-1.3246
923.208,8,-38.2335,1.6989,-1.3250
923.219,8,-38.2249,1.6994,-1.3254
923.230,8,-38.2161,1.6998,-1.3258
923.241,8,-38.2074,1.7000,-1.3262
923.252,8,-38.1989,1.7001,-1.3266
923.263,8,-38.1901,1.7001,-1.3271
923.274,8,-38.1812,1.7000,-1.3276
923.285,8,-38.1724,1.6996,-1.3281
923.296,8,-38.1635,1.6991,-1.3287
923.307,8,-38.1546,1.6985,-1.3292
923.318,8,-38.1457,1.6977,-1.3297
923.330,8,-38.1367,1.6969,-1.3303
923.340,8,-38.1277,1.6961,-1.3309
923.351,8,-38.1187,1.6953,-1.3314
923.362,8,-38.1096,1.6940,-1.3320
923.374,8,-38.1006,1.6924,-1.3327
923.385,8,-38.0915,1.6909,-1.3334
923.396,8,-38.0823,1.6894,-1.3341
923.407,8,-38.0730,1.6878,-1.3349
923.418,8,-38.0637,1.6863,-1.3357
923.429,8,-38.0542,1.6851,-1.3365
923.440,8,-38.0448,1.6842,-1.3374
923.451,8,-38.0352,1.6834,-1.3385
923.462,8,-38.0256,1.6830,-1.3397
923.473,8,-38.0159,1.6825,-1.3409
923.485,8,-38.0061,1.6824,-1.3421
923.496,8,-37.9964,1.6828,-1.3434
923.507,8,-37.9866,1.6840,-1.3449
923.518,8,-37.9767,1.6855,-1.3463
923.529,8,-37.9667,1.6875,-1.3479
923.541,8,-37.9568,1.6895,-1.3494
923.552,8,-37.9469,1.6916,-1.3509
923.563,8,-37.9370,1.6940,-1.3525
923.574,8,-37.9273,1.6962,-1.3540
923.585,8,-37.9176,1.6982,-1.3553
923.596,8,-37.9081,1.6999,-1.3566
923.608,8,-37.8987,1.7013,-1.3577
923.618,8,-37.8895,1.7023,-1.3588
923.631,8,-37.8804,1.7030,-1.3599
923.641,8,-37.8713,1.7038,-1.3609
923.651,8,-37.8623,1.7047,-1.3619
923.663,8,-37.8533,1.7055,-1.3629
923.674,8,-37.8442,1.7063,-1.3639
923.685,8,-37.8352,1.7072,-1.3649
923.696,8,-37.8262,1.7081,-1.3657
923.707,8,-37.8172,1.7090,-1.3665
923.718,8,-37.8080,1.7102,-1.3673
923.729,8,-37.7988,1.7115,-1.3679
923.740,8,-37.7896,1.7128,-1.3685
923.751,8,-37.7805,1.7139,-1.3691
923.762,8,-37.7712,1.7149,-1.3697
923.774,8,-37.7620,1.7155,-1.3703
923.785,8,-37.7526,1.7161,-1.3709
923.795,8,-37.7434,1.7164,-1.3714
923.807,8,-37.7341,1.7166,-1.3719
923.818,8,-37.7246,1.7165,-1.3724
923.829,8,-37.7151,1.7164,-1.3729
923.840,8,-37.7056,1.7160,-1.3733
923.851,8,-37.6960,1.7154,-1.3736
923.862,8,-37.6864,1.7145,-1.3739
923.873,8,-37.6769,1.7134,-1.3741
923.885,8,-37.6673,1.7121,-1.3742
923.896,8,-37.6577,1.7107,-1.3744
923.907,8,-37.6480,1.7092,-1.3745
923.918,8,-37.6382,1.7073,-1.3746
923.929,8,-37.6285,1.7054,-1.3748
923.940,8,-37.6188,1.7032,-1.3749
923.951,8,-37.6092,1.7012,-1.3751
923.962,8,-37.5994,1.6991,-1.3753
923.973,8,-37.5896,1.6972,-1.3754
923.984,8,-37.5797,1.6953,-1.3755
923.995,8,-37.5696,1.6937,-1.3756
924.007,8,-37.5594,1.6924,-1.3757
924.018,8,-37.5492,1.6915,-1.3757
924.029,8,-37.5390,1.6908,-1.3757
924.040,8,-37.5286,1.6902,-1.3756
924.052,8,-37.5182,1.6898,-1.3755
924.063,8,-37.5077,1.6897,-1.3755
924.074,8,-37.4971,1.6902,-1.3755
924.086,8,-37.4867,1.6910,-1.3755
924.097,8,-37.4762,1.6927,-1.3754
924.108,8,-37.4658,1.6939,-1.3752
924.119,8,-37.4555,1.6954,-1.3751
924.130,8,-37.4453,1.6974,-1.3749
924.141,8,-37.4352,1.6993,-1.3748
924.152,8,-37.4250,1.7016,-1.3748
924.163,8,-37.4150,1.7035,-1.3748
924.174,8,-37.4051,1.7051,-1.3749
924.185,8,-37.3953,1.7062,-1.3751
924.196,8,-37.3857,1.7070,-1.3755
924.208,8,-37.3761,1.7079,-1.3759
924.218,8,-37.3667,1.7088,-1.3764
924.230,8,-37.3573,1.7100,-1.3770
924.240,8,-37.3479,1.7112,-1.3776
924.252,8,-37.3384,1.7123,-1.3782
924.263,8,-37.3289,1.7134,-1.3789
924.274,8,-37.3197,1.7145,-1.3796
924.285,8,-37.3103,1.7158,-1.3802
924.297,8,-37.3011,1.7171,-1.3809
924.308,8,-37.2917,1.7183,-1.3816
924.319,8,-37.2825,1.7195,-1.3823
924.330,8,-37.2732,1.7204,-1.3831
924.341,8,-37.2639,1.7212,-1.3839
924.352,8,-37.2547,1.7216,-1.3848
924.363,8,-37.2455,1.7219,-1.3856
924.374,8,-37.2363,1.7219,-1.3865
924.385,8,-37.2272,1.7216,-1.3873
924.396,8,-37.2179,1.7213,-1.3882
924.408,8,-37.2086,1.7209,-1.3892
924.419,8,-37.1993,1.7202,-1.3902
924.430,8,-37.1901,1.7194,-1.3912
924.441,8,-37.1808,1.7183,-1.3923
924.452,8,-37.1715,1.7170,-1.3934
924.463,8,-37.1623,1.7157,-1.3946
924.474,8,-37.1531,1.7143,-1.3957
924.485,8,-37.1438,1.7127,-1.3969
924.496,8,-37.1345,1.7109,-1.3981
924.507,8,-37.1252,1.7091,-1.3993
924.519,8,-37.1160,1.7072,-1.4005
924.530,8,-37.1067,1.7053,-1.4018
924.540,8,-37.0973,1.7034,-1.4031
924.552,8,-37.0878,1.7016,-1.4045
924.563,8,-37.0783,1.7000,-1.4060
924.574,8,-37.0687,1.6989,-1.4075
924.585,8,-37.0589,1.6979,-1.4090
924.597,8,-37.0492,1.6971,-1.4106
924.607,8,-37.0394,1.6966,-1.4122
924.618,8,-37.0296,1.6962,-1.4138
924.630,8,-37.0198,1.6962,-1.4155
924.641,8,-37.0098,1.6965,-1.4173
924.652,8,-37.0000,1.6975,-1.4191
924.663,8,-36.9902,1.6987,-1.4210
924.674,8,-36.9803,1.7001,-1.4230
924.685,8,-36.9707,1.7014,-1.4249
924.696,8,-36.9610,1.7033,-1.4268
924.708,8,-36.9514,1.7054,-1.4287
924.719,8,-36.9419,1.7075,-1.4305
924.729,8,-36.9323,1.7093,-1.4321
924.740,8,-36.9229,1.7109,-1.4337
924.752,8,-36.9134,1.7122,-1.4352
924.763,8,-36.9041,1.7131,-1.4365
924.774,8,-36.8948,1.7138,-1.4378
924.785,8,-36.8856,1.7142,-1.4389
924.796,8,-36.8764,1.7149,-1.4401
924.807,8,-36.8673,1.7156,-1.4412
924.818,8,-36.8582,1.7165,-1.4423
924.830,8,-36.8493,1.7175,-1.4434
924.841,8,-36.8403,1.7185,-1.4445
924.852,8,-36.8315,1.7199,-1.4455
924.863,8,-36.8227,1.7213,-1.4466
924.874,8,-36.8139,1.7228,-1.4475
924.885,8,-36.8051,1.7240,-1.4484
924.896,8,-36.7963,1.7251,-1.4493
924.907,8,-36.7875,1.7259,-1.4502
924.918,8,-36.7787,1.7267,-1.4511
924.929,8,-36.7699,1.7272,-1.4521
924.941,8,-36.7610,1.7276,-1.4529
924.952,8,-36.7520,1.7278,-1.4538
924.963,8,-36.7430,1.7278,-1.4545
924.974,8,-36.7339,1.7277,-1.4553
924.985,8,-36.7249,1.7274,-1.4561
924.996,8,-36.7158,1.7269,-1.4567
925.007,8,-36.7067,1.7262,-1.4574
925.018,8,-36.6976,1.7253,-1.4581
925.029,8,-36.6884,1.7244,-1.4587
925.041,8,-36.6792,1.7232,-1.4593
925.051,8,-36.6701,1.7221,-1.4599
925.063,8,-36.6608,1.7203,-1.4604
925.074,8,-36.6516,1.7186,-1.4610
925.085,8,-36.6422,1.7165,-1.4615
925.096,8,-36.6328,1.7145,-1.4619
925.108,8,-36.6234,1.7126,-1.4625
925.118,8,-36.6139,1.7107,-1.4629
925.129,8,-36.6044,1.7089,-1.4633
925.141,8,-36.5947,1.7071,-1.4636
925.152,8,-36.5851,1.7056,-1.4639
925.163,8,-36.5756,1.7043,-1.4642
925.174,8,-36.5660,1.7032,-1.4644
925.185,8,-36.5563,1.7024,-1.4646
925.196,8,-36.5468,1.7015,-1.4646
925.207,8,-36.5372,1.7015,-1.4646
925.218,8,-36.5275,1.7019,-1.4647
925.229,8,-36.5178,1.7030,-1.4647
925.240,8,-36.5080,1.7043,-1.4646
925.251,8,-36.4984,1.7057,-1.4645
925.262,8,-36.4887,1.7073,-1.4643
925.273,8,-36.4792,1.7091,-1.4643
925.284,8,-36.4697,1.7109,-1.4644
925.296,8,-36.4602,1.7127,-1.4646
925.307,8,-36.4509,1.7146,-1.4648
925.318,8,-36.4417,1.7163,-1.4651
925.329,8,-36.4325,1.7174,-1.4655
925.340,8,-36.4235,1.7180,-1.4659
925.351,8,-36.4145,1.7183,-1.4663
925.363,8,-36.4057,1.7187,-1.4668
925.374,8,-36.3970,1.7193,-1.4673
925.385,8,-36.3884,1.7203,-1.4678
925.396,8,-36.3798,1.7213,-1.4683
925.407,8,-36.3715,1.7223,-1.4687
925.418,8,-36.3632,1.7231,-1.4691
925.429,8,-36.3549,1.7241,-1.4697
925.440,8,-36.3467,1.7254,-1.4702
925.451,8,-36.3384,1.7268,-1.4709
925.462,8,-36.3302,1.7282,-1.4715
925.474,8,-36.3220,1.7294,-1.4721
925.485,8,-36.3138,1.7304,-1.4726
925.496,8,-36.3058,1.7312,-1.4732
925.507,8,-36.2978,1.7319,-1.4738
925.518,8,-36.2898,1.7324,-1.4743
925.529,8,-36.2818,1.7329,-1.4749
925.541,8,-36.2738,1.7330,-1.4754
925.552,8,-36.2658,1.7331,-1.4759
925.562,8,-36.2578,1.7329,-1.4765
925.574,8,-36.2497,1.7327,-1.4771
925.585,8,-36.2415,1.7324,-1.4777
925.596,8,-36.2335,1.7321,-1.4783
925.607,8,-36.2254,1.7315,-1.4790
925.618,8,-36.2173,1.7309,-1.4796
925.629,8,-36.2091,1.7303,-1.4803
925.640,8,-36.2010,1.7293,-1.4810
925.652,8,-36.1928,1.7281,-1.4817
925.663,8,-36.1847,1.7269,-1.4824
925.672,8,-36.1767,1.7255,-1.4830
925.684,8,-36.1686,1.7241,-1.4836
925.695,8,-36.1605,1.7227,-1.4844
925.706,8,-36.1524,1.7213,-1.4851
925.717,8,-36.1443,1.7199,-1.4858
925.728,8,-36.1363,1.7186,-1.4862
925.739,8,-36.1281,1.7174,-1.4870
925.750,8,-36.1199,1.7164,-1.4878
925.761,8,-36.1116,1.7157,-1.4886
925.773,8,-36.1033,1.7152,-1.4896
925.783,8,-36.0952,1.7147,-1.4905
925.794,8,-36.0871,1.7144,-1.4915
925.805,8,-36.0789,1.7145,-1.4925
925.816,8,-36.0708,1.7154,-1.4936
925.827,8,-36.0627,1.7162,-1.4947
925.838,8,-36.0548,1.7167,-1.4958
925.850,8,-36.0470,1.7173,-1.4968
925.861,8,-36.0391,1.7186,-1.4978
925.872,8,-36.0313,1.7200,-1.4988
925.883,8,-36.0236,1.7216,-1.4997
925.894,8,-36.0159,1.7228,-1.5006
925.905,8,-36.0083,1.7238,-1.5014
925.916,8,-36.0009,1.7247,-1.5022
925.927,8,-35.9936,1.7254,-1.5029
925.938,8,-35.9864,1.7262,-1.5036
925.950,8,-35.9791,1.7269,-1.5043
925.961,8,-35.9719,1.7279,-1.5050
925.972,8,-35.9646,1.7287,-1.5056
925.984,8,-35.9572,1.7298,-1.5063
925.994,8,-35.9500,1.7309,-1.5068
926.006,8,-35.9428,1.7321,-1.5073
926.017,8,-35.9355,1.7334,-1.5078
926.028,8,-35.9284,1.7348,-1.5083
926.039,8,-35.9214,1.7364,-1.5087
926.050,8,-35.9144,1.7376,-1.5091
926.062,8,-35.9074,1.7388,-1.5096
926.073,8,-35.9005,1.7396,-1.5101
926.084,8,-35.8936,1.7401,-1.5105
926.095,8,-35.8867,1.7406,-1.5109
926.107,8,-35.8798,1.7409,-1.5114
926.118,8,-35.8728,1.7412,-1.5118
926.129,8,-35.8658,1.7413,-1.5121
926.140,8,-35.8589,1.7414,-1.5125
926.151,8,-35.8519,1.7414,-1.5128
926.162,8,-35.8450,1.7413,-1.5131
926.173,8,-35.8380,1.7411,-1.5133
926.184,8,-35.8310,1.7408,-1.5136
926.196,8,-35.8241,1.7403,-1.5137
926.207,8,-35.8172,1.7397,-1.5138
926.218,8,-35.8103,1.7387,-1.5139
926.229,8,-35.8036,1.7377,-1.5140
926.240,8,-35.7969,1.7364,-1.5140
926.251,8,-35.7902,1.7352,-1.5140
926.263,8,-35.7836,1.7339,-1.5139
926.274,8,-35.7771,1.7326,-1.5137
926.285,8,-35.7707,1.7315,-1.5135
926.296,8,-35.7643,1.7304,-1.5132
926.307,8,-35.7577,1.7295,-1.5130
926.318,8,-35.7512,1.7289,-1.5126
926.330,8,-35.7446,1.7284,-1.5122
926.340,8,-35.7381,1.7280,-1.5117
926.351,8,-35.7316,1.7276,-1.5113
926.362,8,-35.7251,1.7276,-1.5107
926.373,8,-35.7188,1.7278,-1.5101
926.384,8,-35.7124,1.7280,-1.5094
926.396,8,-35.7060,1.7283,-1.5087
926.407,8,-35.6996,1.7286,-1.5080
926.418,8,-35.6933,1.7288,-1.5072
926.429,8,-35.6867,1.7289,-1.5065
926.441,8,-35.6801,1.7291,-1.5057
926.452,8,-35.6736,1.7295,-1.5049
926.464,8,-35.6670,1.7302,-1.5042
926.476,8,-35.6605,1.7313,-1.5035
926.487,8,-35.6540,1.7328,-1.5029
926.499,8,-35.6475,1.7343,-1.5022
926.510,8,-35.6411,1.7355,-1.5016
926.523,8,-35.6347,1.7364,-1.5010
926.534,8,-35.6284,1.7370,-1.5004
926.546,8,-35.6221,1.7374,-1.4998
926.557,8,-35.6159,1.7375,-1.4994
926.568,8,-35.6099,1.7374,-1.4991
926.580,8,-35.6039,1.7371,-1.4988
926.592,8,-35.5981,1.7366,-1.4987
926.604,8,-35.5923,1.7364,-1.4985
926.615,8,-35.5865,1.7365,-1.4984
926.626,8,-35.5808,1.7369,-1.4983
926.638,8,-35.5752,1.7372,-1.4981
926.650,8,-35.5697,1.7375,-1.4981
926.660,8,-35.5644,1.7380,-1.4979
926.671,8,-35.5592,1.7386,-1.4980
926.682,8,-35.5539,1.7393,-1.4979
926.693,8,-35.5487,1.7402,-1.4979
926.705,8,-35.5437,1.7411,-1.4977
926.716,8,-35.5386,1.7418,-1.4976
926.728,8,-35.5336,1.7425,-1.4976
926.739,8,-35.5287,1.7430,-1.4975
926.750,8,-35.5237,1.7436,-1.4976
926.761,8,-35.5189,1.7441,-1.4975
926.772,8,-35.5141,1.7444,-1.4976
926.783,8,-35.5094,1.7447,-1.4977
926.794,8,-35.5047,1.7449,-1.4976
926.805,8,-35.5002,1.7448,-1.4976
926.816,8,-35.4957,1.7448,-1.4975
926.827,8,-35.4910,1.7447,-1.4975
926.839,8,-35.4863,1.7446,-1.4975
926.851,8,-35.4817,1.7442,-1.4975
926.862,8,-35.4772,1.7437,-1.4975
926.874,8,-35.4728,1.7428,-1.4975
926.886,8,-35.4685,1.7419,-1.4976
926.898,8,-35.4643,1.7409,-1.4976
926.909,8,-35.4602,1.7400,-1.4977
926.921,8,-35.4561,1.7393,-1.4976
926.933,8,-35.4522,1.7388,-1.4978
926.944,8,-35.4484,1.7384,-1.4980
926.955,8,-35.4445,1.7379,-1.4981
926.967,8,-35.4407,1.7373,-1.4984
926.979,8,-35.4369,1.7367,-1.4986
926.990,8,-35.4331,1.7362,-1.4989
927.002,8,-35.4292,1.7359,-1.4992
927.014,8,-35.4255,1.7358,-1.4995
927.025,8,-35.4217,1.7358,-1.5001
927.037,8,-35.4182,1.7359,-1.5004
927.048,8,-35.4146,1.7360,-1.5008
927.059,8,-35.4112,1.7363,-1.5012
927.070,8,-35.4077,1.7368,-1.5016
927.082,8,-35.4043,1.7373,-1.5019
927.093,8,-35.4011,1.7379,-1.5022
927.105,8,-35.3980,1.7385,-1.5028
927.116,8,-35.3949,1.7392,-1.5032
927.128,8,-35.3920,1.7400,-1.5037
927.139,8,-35.3891,1.7406,-1.5039
927.150,8,-35.3863,1.7413,-1.5043
927.161,8,-35.3835,1.7418,-1.5045
927.173,8,-35.3807,1.7422,-1.5050
927.183,8,-35.3780,1.7426,-1.5054
927.195,8,-35.3750,1.7429,-1.5056
927.207,8,-35.3722,1.7431,-1.5058
927.218,8,-35.3694,1.7434,-1.5060
927.230,8,-35.3666,1.7436,-1.5067
927.241,8,-35.3638,1.7437,-1.5068
927.253,8,-35.3611,1.7438,-1.5069
927.264,8,-35.3584,1.7439,-1.5071
927.276,8,-35.3557,1.7441,-1.5071
927.288,8,-35.3531,1.7444,-1.5071
927.300,8,-35.3505,1.7448,-1.5070
927.311,8,-35.3479,1.7452,-1.5070
927.322,8,-35.3453,1.7458,-1.5069
927.334,8,-35.3429,1.7463,-1.5067
927.346,8,-35.3404,1.7469,-1.5065
927.357,8,-35.3380,1.7474,-1.5063
927.369,8,-35.3357,1.7479,-1.5060
927.381,8,-35.3334,1.7483,-1.5057
927.392,8,-35.3312,1.7487,-1.5053
927.404,8,-35.3290,1.7489,-1.5049
927.415,8,-35.3269,1.7492,-1.5046
927.426,8,-35.3249,1.7493,-1.5043
927.437,8,-35.3228,1.7495,-1.5039
927.449,8,-35.3208,1.7496,-1.5034
927.460,8,-35.3189,1.7497,-1.5029
927.472,8,-35.3171,1.7498,-1.5024
927.483,8,-35.3154,1.7499,-1.5019
927.495,8,-35.3136,1.7504,-1.5013
927.506,8,-35.3119,1.7508,-1.5008
927.518,8,-35.3103,1.7510,-1.5001
927.530,8,-35.3088,1.7507,-1.4994
927.541,8,-35.3074,1.7501,-1.4987
927.552,8,-35.3060,1.7497,-1.4981
927.564,8,-35.3047,1.7495,-1.4974
927.576,8,-35.3037,1.7496,-1.4981
927.587,8,-35.3025,1.7495,-1.4975
927.599,8,-35.3013,1.7491,-1.4971
927.611,8,-35.3002,1.7487,-1.4966
927.622,8,-35.2991,1.7482,-1.4961
927.634,8,-35.2982,1.7477,-1.4956
927.645,8,-35.2971,1.7471,-1.4951
927.657,8,-35.2963,1.7468,-1.4946
927.668,8,-35.2954,1.7464,-1.4941
927.681,8,-35.2946,1.7461,-1.4936
927.692,8,-35.2938,1.7458,-1.4931
927.704,8,-35.2929,1.7456,-1.4927
927.714,8,-35.2921,1.7456,-1.4922
927.726,8,-35.2914,1.7457,-1.4916
927.737,8,-35.2907,1.7458,-1.4911
927.749,8,-35.2899,1.7462,-1.4906
927.760,8,-35.2891,1.7464,-1.4901
927.771,8,-35.2883,1.7467,-1.4897
927.782,8,-35.2874,1.7471,-1.4893
927.794,8,-35.2865,1.7473,-1.4889
927.805,8,-35.2857,1.7476,-1.4884
927.816,8,-35.2849,1.7477,-1.4882
927.827,8,-35.2841,1.7477,-1.4880
927.839,8,-35.2834,1.7477,-1.4876
927.850,8,-35.2827,1.7478,-1.4871
927.861,8,-35.2821,1.7478,-1.4869
927.872,8,-35.2815,1.7479,-1.4869
927.883,8,-35.2810,1.7477,-1.4866
927.895,8,-35.2806,1.7475,-1.4863
927.906,8,-35.2801,1.7473,-1.4860
927.917,8,-35.2797,1.7471,-1.4857
927.928,8,-35.2792,1.7469,-1.4855
927.939,8,-35.2788,1.7468,-1.4853
927.950,8,-35.2784,1.7467,-1.4856
927.962,8,-35.2780,1.7467,-1.4857
927.973,8,-35.2776,1.7466,-1.4855
927.984,8,-35.2772,1.7464,-1.4854
927.996,8,-35.2768,1.7463,-1.4853
928.007,8,-35.2765,1.7463,-1.4856
928.023,8,-35.2762,1.7463,-1.4860
928.029,8,-35.2759,1.7463,-1.4859
928.043,8,-35.2756,1.7466,-1.4862
928.053,8,-35.2752,1.7466,-1.4861
928.065,8,-35.2750,1.7467,-1.4860
928.076,8,-35.2747,1.7467,-1.4859
928.088,8,-35.2744,1.7468,-1.4862
928.100,8,-35.2741,1.7469,-1.4861
928.111,8,-35.2739,1.7468,-1.4860
928.123,8,-35.2736,1.7468,-1.4859

# --- Trial 9 start ---
937.458,9,-39.6635,1.6890,-1.2044
937.468,9,-39.6635,1.6890,-1.2041
937.480,9,-39.6634,1.6889,-1.2039
937.490,9,-39.6633,1.6889,-1.2037
937.501,9,-39.6633,1.6889,-1.2035
937.512,9,-39.6632,1.6889,-1.2033
937.523,9,-39.6631,1.6890,-1.2031
937.535,9,-39.6630,1.6890,-1.2029
937.546,9,-39.6628,1.6890,-1.2027
937.559,9,-39.6625,1.6890,-1.2025
937.573,9,-39.6622,1.6890,-1.2023
937.583,9,-39.6620,1.6890,-1.2021
937.589,9,-39.6618,1.6890,-1.2019
937.600,9,-39.6616,1.6890,-1.2017
937.610,9,-39.6614,1.6890,-1.2015
937.622,9,-39.6611,1.6889,-1.2013
937.633,9,-39.6608,1.6889,-1.2011
937.643,9,-39.6604,1.6889,-1.2009
937.654,9,-39.6601,1.6888,-1.2006
937.666,9,-39.6598,1.6888,-1.2003
937.676,9,-39.6593,1.6887,-1.2000
937.688,9,-39.6589,1.6887,-1.1998
937.699,9,-39.6584,1.6887,-1.1995
937.710,9,-39.6580,1.6886,-1.1991
937.721,9,-39.6575,1.6886,-1.1987
937.732,9,-39.6569,1.6885,-1.1984
937.744,9,-39.6563,1.6885,-1.1980
937.754,9,-39.6558,1.6884,-1.1977
937.765,9,-39.6551,1.6882,-1.1973
937.776,9,-39.6546,1.6882,-1.1969
937.789,9,-39.6539,1.6880,-1.1965
937.799,9,-39.6532,1.6880,-1.1961
937.810,9,-39.6525,1.6879,-1.1956
937.821,9,-39.6518,1.6879,-1.1951
937.832,9,-39.6511,1.6878,-1.1946
937.843,9,-39.6504,1.6877,-1.1940
937.854,9,-39.6496,1.6877,-1.1932
937.865,9,-39.6488,1.6877,-1.1925
937.876,9,-39.6481,1.6877,-1.1919
937.888,9,-39.6473,1.6876,-1.1912
937.899,9,-39.6463,1.6876,-1.1905
937.910,9,-39.6455,1.6875,-1.1898
937.921,9,-39.6447,1.6875,-1.1890
937.932,9,-39.6439,1.6875,-1.1882
937.943,9,-39.6432,1.6874,-1.1873
937.954,9,-39.6423,1.6873,-1.1865
937.966,9,-39.6415,1.6873,-1.1857
937.977,9,-39.6407,1.6873,-1.1848
937.988,9,-39.6398,1.6872,-1.1840
937.999,9,-39.6389,1.6872,-1.1832
938.010,9,-39.6380,1.6871,-1.1824
938.021,9,-39.6372,1.6870,-1.1816
938.033,9,-39.6363,1.6870,-1.1809
938.044,9,-39.6355,1.6869,-1.1802
938.055,9,-39.6345,1.6867,-1.1796
938.066,9,-39.6336,1.6865,-1.1789
938.078,9,-39.6326,1.6863,-1.1784
938.089,9,-39.6318,1.6858,-1.1778
938.100,9,-39.6309,1.6854,-1.1772
938.111,9,-39.6300,1.6850,-1.1767
938.123,9,-39.6291,1.6849,-1.1762
938.133,9,-39.6281,1.6847,-1.1758
938.145,9,-39.6271,1.6844,-1.1755
938.156,9,-39.6260,1.6840,-1.1753
938.167,9,-39.6250,1.6838,-1.1751
938.178,9,-39.6240,1.6838,-1.1750
938.190,9,-39.6229,1.6840,-1.1749
938.201,9,-39.6217,1.6842,-1.1749
938.212,9,-39.6207,1.6846,-1.1750
938.223,9,-39.6195,1.6849,-1.1751
938.235,9,-39.6182,1.6852,-1.1753
938.246,9,-39.6171,1.6855,-1.1755
938.257,9,-39.6159,1.6857,-1.1758
938.268,9,-39.6147,1.6859,-1.1761
938.279,9,-39.6136,1.6861,-1.1765
938.290,9,-39.6125,1.6862,-1.1769
938.301,9,-39.6114,1.6863,-1.1773
938.312,9,-39.6105,1.6862,-1.1775
938.323,9,-39.6095,1.6861,-1.1779
938.334,9,-39.6084,1.6861,-1.1784
938.345,9,-39.6074,1.6861,-1.1789
938.357,9,-39.6063,1.6860,-1.1793
938.368,9,-39.6052,1.6856,-1.1797
938.379,9,-39.6040,1.6855,-1.1802
938.390,9,-39.6029,1.6853,-1.1807
938.401,9,-39.6018,1.6851,-1.1813
938.412,9,-39.6008,1.6848,-1.1819
938.423,9,-39.5998,1.6846,-1.1825
938.434,9,-39.5988,1.6843,-1.1832
938.445,9,-39.5979,1.6838,-1.1839
938.456,9,-39.5972,1.6833,-1.1846
938.468,9,-39.5965,1.6827,-1.1854
938.479,9,-39.5959,1.6817,-1.1863
938.490,9,-39.5952,1.6804,-1.1873
938.501,9,-39.5946,1.6790,-1.1883
938.512,9,-39.5941,1.6774,-1.1892
938.523,9,-39.5935,1.6755,-1.1902
938.534,9,-39.5927,1.6743,-1.1911
938.545,9,-39.5909,1.6769,-1.1922
938.556,9,-39.5885,1.6817,-1.1934
938.568,9,-39.5864,1.6855,-1.1945
938.579,9,-39.5842,1.6876,-1.1954
938.590,9,-39.5822,1.6883,-1.1965
938.601,9,-39.5806,1.6877,-1.1974
938.612,9,-39.5789,1.6865,-1.1986
938.623,9,-39.5772,1.6853,-1.1997
938.634,9,-39.5758,1.6846,-1.2006
938.645,9,-39.5744,1.6843,-1.2018
938.656,9,-39.5726,1.6843,-1.2030
938.667,9,-39.5710,1.6842,-1.2041
938.678,9,-39.5695,1.6835,-1.2052
938.690,9,-39.5679,1.6824,-1.2064
938.701,9,-39.5662,1.6816,-1.2077
938.711,9,-39.5645,1.6808,-1.2090
938.723,9,-39.5627,1.6804,-1.2104
938.734,9,-39.5608,1.6805,-1.2120
938.745,9,-39.5588,1.6810,-1.2137
938.756,9,-39.5565,1.6811,-1.2153
938.767,9,-39.5544,1.6810,-1.2168
938.778,9,-39.5522,1.6806,-1.2182
938.789,9,-39.5501,1.6805,-1.2195
938.801,9,-39.5479,1.6804,-1.2210
938.811,9,-39.5458,1.6802,-1.2224
938.823,9,-39.5434,1.6800,-1.2239
938.834,9,-39.5409,1.6795,-1.2254
938.845,9,-39.5384,1.6789,-1.2269
938.856,9,-39.5358,1.6782,-1.2285
938.867,9,-39.5332,1.6773,-1.2298
938.878,9,-39.5306,1.6767,-1.2312
938.889,9,-39.5281,1.6762,-1.2326
938.900,9,-39.5254,1.6758,-1.2339
938.911,9,-39.5228,1.6751,-1.2351
938.922,9,-39.5200,1.6745,-1.2362
938.933,9,-39.5172,1.6738,-1.2374
938.944,9,-39.5144,1.6731,-1.2384
938.956,9,-39.5113,1.6723,-1.2396
938.966,9,-39.5085,1.6717,-1.2407
938.978,9,-39.5056,1.6712,-1.2417
938.990,9,-39.5025,1.6706,-1.2425
939.000,9,-39.4994,1.6700,-1.2433
939.011,9,-39.4962,1.6696,-1.2442
939.022,9,-39.4929,1.6692,-1.2449
939.033,9,-39.4895,1.6690,-1.2457
939.044,9,-39.4860,1.6689,-1.2463
939.055,9,-39.4824,1.6688,-1.2470
939.067,9,-39.4787,1.6688,-1.2475
939.078,9,-39.4749,1.6686,-1.2480
939.089,9,-39.4710,1.6685,-1.2485
939.100,9,-39.4670,1.6683,-1.2489
939.111,9,-39.4628,1.6681,-1.2494
939.122,9,-39.4584,1.6680,-1.2498
939.133,9,-39.4540,1.6679,-1.2502
939.144,9,-39.4495,1.6677,-1.2504
939.155,9,-39.4449,1.6673,-1.2507
939.166,9,-39.4403,1.6669,-1.2508
939.177,9,-39.4354,1.6663,-1.2509
939.188,9,-39.4305,1.6658,-1.2509
939.199,9,-39.4253,1.6652,-1.2509
939.210,9,-39.4199,1.6646,-1.2508
939.222,9,-39.4144,1.6640,-1.2506
939.233,9,-39.4090,1.6633,-1.2502
939.244,9,-39.4032,1.6624,-1.2497
939.254,9,-39.3975,1.6616,-1.2492
939.266,9,-39.3915,1.6606,-1.2487
939.277,9,-39.3853,1.6596,-1.2482
939.288,9,-39.3790,1.6586,-1.2475
939.299,9,-39.3723,1.6575,-1.2470
939.310,9,-39.3658,1.6564,-1.2463
939.321,9,-39.3591,1.6554,-1.2456
939.333,9,-39.3524,1.6545,-1.2447
939.344,9,-39.3456,1.6538,-1.2440
939.355,9,-39.3388,1.6531,-1.2433
939.366,9,-39.3318,1.6526,-1.2426
939.378,9,-39.3246,1.6523,-1.2418
939.389,9,-39.3174,1.6522,-1.2411
939.400,9,-39.3098,1.6528,-1.2402
939.411,9,-39.3025,1.6538,-1.2395
939.422,9,-39.2947,1.6555,-1.2386
939.433,9,-39.2870,1.6574,-1.2377
939.444,9,-39.2791,1.6596,-1.2369
939.456,9,-39.2712,1.6618,-1.2360
939.467,9,-39.2635,1.6639,-1.2352
939.478,9,-39.2559,1.6662,-1.2343
939.490,9,-39.2485,1.6685,-1.2335
939.500,9,-39.2412,1.6706,-1.2327
939.512,9,-39.2339,1.6724,-1.2319
939.523,9,-39.2266,1.6740,-1.2312
939.534,9,-39.2193,1.6751,-1.2306
939.545,9,-39.2122,1.6761,-1.2300
939.557,9,-39.2051,1.6768,-1.2294
939.568,9,-39.1978,1.6775,-1.2289
939.577,9,-39.1907,1.6784,-1.2284
939.589,9,-39.1837,1.6793,-1.2279
939.600,9,-39.1764,1.6801,-1.2276
939.611,9,-39.1691,1.6807,-1.2273
939.622,9,-39.1619,1.6811,-1.2271
939.633,9,-39.1547,1.6813,-1.2269
939.644,9,-39.1476,1.6815,-1.2268
939.656,9,-39.1407,1.6818,-1.2267
939.667,9,-39.1337,1.6820,-1.2267
939.678,9,-39.1265,1.6822,-1.2268
939.689,9,-39.1196,1.6824,-1.2269
939.700,9,-39.1125,1.6824,-1.2270
939.711,9,-39.1054,1.6823,-1.2272
939.722,9,-39.0985,1.6822,-1.2273
939.733,9,-39.0913,1.6820,-1.2275
939.744,9,-39.0841,1.6818,-1.2277
939.755,9,-39.0767,1.6817,-1.2281
939.766,9,-39.0693,1.6813,-1.2284
939.777,9,-39.0617,1.6809,-1.2288
939.789,9,-39.0541,1.6804,-1.2292
939.800,9,-39.0467,1.6798,-1.2296
939.812,9,-39.0387,1.6791,-1.2302
939.821,9,-39.0309,1.6783,-1.2308
939.833,9,-39.0229,1.6775,-1.2315
939.843,9,-39.0150,1.6765,-1.2322
939.854,9,-39.0068,1.6753,-1.2329
939.865,9,-38.9987,1.6740,-1.2336
939.877,9,-38.9906,1.6721,-1.2345
939.888,9,-38.9821,1.6705,-1.2354
939.899,9,-38.9738,1.6688,-1.2363
939.910,9,-38.9651,1.6670,-1.2374
939.921,9,-38.9562,1.6652,-1.2386
939.932,9,-38.9474,1.6636,-1.2397
939.943,9,-38.9384,1.6623,-1.2410
939.954,9,-38.9295,1.6613,-1.2421
939.965,9,-38.9203,1.6606,-1.2433
939.976,9,-38.9110,1.6602,-1.2447
939.988,9,-38.9017,1.6598,-1.2460
939.999,9,-38.8920,1.6597,-1.2474
940.010,9,-38.8825,1.6601,-1.2489
940.021,9,-38.8729,1.6609,-1.2504
940.032,9,-38.8635,1.6622,-1.2518
940.044,9,-38.8539,1.6638,-1.2533
940.055,9,-38.8442,1.6657,-1.2547
940.066,9,-38.8345,1.6677,-1.2562
940.077,9,-38.8246,1.6697,-1.2576
940.088,9,-38.8151,1.6717,-1.2589
940.099,9,-38.8057,1.6733,-1.2600
940.110,9,-38.7964,1.6746,-1.2611
940.121,9,-38.7873,1.6756,-1.2620
940.132,9,-38.7782,1.6764,-1.2630
940.144,9,-38.7693,1.6772,-1.2638
940.155,9,-38.7603,1.6782,-1.2647
940.166,9,-38.7514,1.6792,-1.2655
940.177,9,-38.7424,1.6804,-1.2663
940.188,9,-38.7334,1.6815,-1.2671
940.199,9,-38.7247,1.6826,-1.2677
940.210,9,-38.7159,1.6840,-1.2685
940.222,9,-38.7071,1.6855,-1.2691
940.233,9,-38.6982,1.6870,-1.2698
940.244,9,-38.6894,1.6883,-1.2703
940.255,9,-38.6805,1.6892,-1.2709
940.267,9,-38.6716,1.6900,-1.2715
940.278,9,-38.6629,1.6904,-1.2720
940.288,9,-38.6538,1.6908,-1.2727
940.299,9,-38.6447,1.6910,-1.2733
940.311,9,-38.6354,1.6909,-1.2738
940.322,9,-38.6262,1.6905,-1.2742
940.333,9,-38.6170,1.6902,-1.2746
940.344,9,-38.6077,1.6895,-1.2749
940.355,9,-38.5985,1.6886,-1.2752
940.366,9,-38.5890,1.6875,-1.2755
940.378,9,-38.5795,1.6862,-1.2756
940.389,9,-38.5701,1.6848,-1.2759
940.400,9,-38.5607,1.6833,-1.2759
940.411,9,-38.5511,1.6816,-1.2760
940.423,9,-38.5416,1.6796,-1.2761
940.433,9,-38.5321,1.6773,-1.2761
940.444,9,-38.5225,1.6750,-1.2761
940.455,9,-38.5127,1.6729,-1.2760
940.467,9,-38.5029,1.6706,-1.2759
940.478,9,-38.4929,1.6685,-1.2758
940.489,9,-38.4829,1.6666,-1.2756
940.500,9,-38.4731,1.6650,-1.2753
940.511,9,-38.4629,1.6637,-1.2751
940.522,9,-38.4527,1.6628,-1.2748
940.534,9,-38.4422,1.6622,-1.2745
940.544,9,-38.4318,1.6618,-1.2742
940.556,9,-38.4212,1.6617,-1.2740
940.566,9,-38.4108,1.6617,-1.2737
940.577,9,-38.4003,1.6626,-1.2732
940.588,9,-38.3897,1.6640,-1.2727
940.599,9,-38.3793,1.6653,-1.2721
940.611,9,-38.3688,1.6666,-1.2716
940.622,9,-38.3584,1.6682,-1.2712
940.633,9,-38.3482,1.6701,-1.2709
940.644,9,-38.3380,1.6726,-1.2707
940.655,9,-38.3279,1.6754,-1.2706
940.666,9,-38.3176,1.6780,-1.2705
940.677,9,-38.3078,1.6803,-1.2705
940.689,9,-38.2976,1.6822,-1.2706
940.699,9,-38.2878,1.6838,-1.2708
940.711,9,-38.2780,1.6853,-1.2711
940.721,9,-38.2682,1.6867,-1.2714
940.733,9,-38.2588,1.6882,-1.2716
940.744,9,-38.2491,1.6899,-1.2719
940.755,9,-38.2394,1.6916,-1.2724
940.766,9,-38.2297,1.6931,-1.2729
940.777,9,-38.2201,1.6946,-1.2735
940.788,9,-38.2105,1.6959,-1.2740
940.799,9,-38.2008,1.6972,-1.2746
940.811,9,-38.1912,1.6985,-1.2752
940.822,9,-38.1816,1.6997,-1.2758
940.832,9,-38.1721,1.7007,-1.2764
940.844,9,-38.1626,1.7015,-1.2770
940.855,9,-38.1529,1.7020,-1.2777
940.866,9,-38.1432,1.7025,-1.2784
940.877,9,-38.1335,1.7028,-1.2791
940.888,9,-38.1238,1.7028,-1.2798
940.899,9,-38.1141,1.7027,-1.2804
940.910,9,-38.1044,1.7023,-1.2810
940.922,9,-38.0945,1.7017,-1.2818
940.933,9,-38.0844,1.7009,-1.2825
940.944,9,-38.0743,1.6998,-1.2833
940.955,9,-38.0642,1.6987,-1.2840
940.966,9,-38.0540,1.6974,-1.2848
940.978,9,-38.0439,1.6961,-1.2857
940.989,9,-38.0336,1.6947,-1.2865
941.000,9,-38.0233,1.6931,-1.2874
941.011,9,-38.0131,1.6914,-1.2883
941.022,9,-38.0027,1.6893,-1.2892
941.033,9,-37.9923,1.6873,-1.2902
941.044,9,-37.9817,1.6855,-1.2912
941.055,9,-37.9711,1.6837,-1.2923
941.067,9,-37.9605,1.6821,-1.2934
941.078,9,-37.9497,1.6804,-1.2947
941.089,9,-37.9388,1.6791,-1.2960
941.100,9,-37.9278,1.6781,-1.2974
941.112,9,-37.9169,1.6772,-1.2989
941.122,9,-37.9059,1.6769,-1.3004
941.133,9,-37.8949,1.6768,-1.3020
941.144,9,-37.8839,1.6777,-1.3037
941.155,9,-37.8728,1.6793,-1.3055
941.166,9,-37.8618,1.6809,-1.3073
941.177,9,-37.8508,1.6824,-1.3090
941.188,9,-37.8399,1.6843,-1.3108
941.199,9,-37.8292,1.6863,-1.3125
941.210,9,-37.8186,1.6879,-1.3140
941.221,9,-37.8081,1.6897,-1.3155
941.232,9,-37.7977,1.6911,-1.3169
941.244,9,-37.7875,1.6920,-1.3180
941.255,9,-37.7774,1.6926,-1.3191
941.266,9,-37.7673,1.6934,-1.3202
941.277,9,-37.7573,1.6946,-1.3211
941.288,9,-37.7472,1.6961,-1.3221
941.299,9,-37.7372,1.6976,-1.3231
941.310,9,-37.7272,1.6992,-1.3240
941.321,9,-37.7172,1.7008,-1.3250
941.333,9,-37.7072,1.7023,-1.3260
941.344,9,-37.6972,1.7040,-1.3269
941.355,9,-37.6873,1.7057,-1.3278
941.366,9,-37.6776,1.7075,-1.3286
941.377,9,-37.6676,1.7090,-1.3293
941.389,9,-37.6578,1.7102,-1.3302
941.399,9,-37.6479,1.7111,-1.3308
941.410,9,-37.6381,1.7117,-1.3314
941.421,9,-37.6283,1.7121,-1.3320
941.432,9,-37.6184,1.7120,-1.3325
941.444,9,-37.6083,1.7117,-1.3329
941.455,9,-37.5982,1.7112,-1.3333
941.466,9,-37.5880,1.7105,-1.3337
941.477,9,-37.5778,1.7096,-1.3340
941.488,9,-37.5676,1.7086,-1.3343
941.500,9,-37.5573,1.7072,-1.3346
941.511,9,-37.5472,1.7058,-1.3348
941.521,9,-37.5369,1.7042,-1.3350
941.533,9,-37.5266,1.7024,-1.3351
941.544,9,-37.5164,1.7006,-1.3352
941.555,9,-37.5062,1.6984,-1.3353
941.566,9,-37.4959,1.6962,-1.3352
941.577,9,-37.4856,1.6939,-1.3352
941.588,9,-37.4753,1.6916,-1.3352
941.599,9,-37.4649,1.6891,-1.3351
941.610,9,-37.4545,1.6868,-1.3350
941.621,9,-37.4440,1.6849,-1.3349
941.632,9,-37.4333,1.6834,-1.3349
941.643,9,-37.4227,1.6821,-1.3348
941.654,9,-37.4119,1.6810,-1.3346
941.666,9,-37.4011,1.6800,-1.3344
941.677,9,-37.3903,1.6797,-1.3341
941.688,9,-37.3795,1.6797,-1.3339
941.699,9,-37.3686,1.6806,-1.3336
941.710,9,-37.3577,1.6818,-1.3333
941.722,9,-37.3468,1.6835,-1.3328
941.732,9,-37.3360,1.6850,-1.3324
941.743,9,-37.3252,1.6870,-1.3320
941.755,9,-37.3145,1.6895,-1.3317
941.766,9,-37.3041,1.6918,-1.3314
941.777,9,-37.2938,1.6942,-1.3313
941.788,9,-37.2836,1.6963,-1.3312
941.799,9,-37.2736,1.6979,-1.3313
941.810,9,-37.2636,1.6991,-1.3315
941.822,9,-37.2540,1.7000,-1.3319
941.833,9,-37.2442,1.7011,-1.3322
941.843,9,-37.2345,1.7025,-1.3326
941.854,9,-37.2250,1.7039,-1.3329
941.865,9,-37.2154,1.7053,-1.3333
941.876,9,-37.2058,1.7067,-1.3337
941.888,9,-37.1963,1.7079,-1.3342
941.898,9,-37.1868,1.7092,-1.3347
941.909,9,-37.1774,1.7104,-1.3351
941.921,9,-37.1680,1.7117,-1.3356
941.932,9,-37.1587,1.7128,-1.3361
941.943,9,-37.1494,1.7138,-1.3366
941.954,9,-37.1401,1.7146,-1.3373
941.965,9,-37.1308,1.7152,-1.3379
941.976,9,-37.1215,1.7156,-1.3385
941.987,9,-37.1123,1.7157,-1.3392
941.998,9,-37.1032,1.7156,-1.3398
942.009,9,-37.0939,1.7154,-1.3404
942.020,9,-37.0845,1.7150,-1.3411
942.031,9,-37.0751,1.7146,-1.3418
942.042,9,-37.0656,1.7138,-1.3425
942.053,9,-37.0561,1.7129,-1.3433
942.064,9,-37.0466,1.7119,-1.3441
942.075,9,-37.0371,1.7108,-1.3448
942.086,9,-37.0276,1.7096,-1.3456
942.097,9,-37.0180,1.7082,-1.3465
942.108,9,-37.0085,1.7068,-1.3473
942.119,9,-36.9989,1.7050,-1.3482
942.130,9,-36.9894,1.7030,-1.3490
942.141,9,-36.9797,1.7011,-1.3500
942.152,9,-36.9702,1.6992,-1.3510
942.163,9,-36.9606,1.6973,-1.3520
942.175,9,-36.9508,1.6956,-1.3532
942.186,9,-36.9410,1.6940,-1.3544
942.197,9,-36.9311,1.6926,-1.3556
942.208,9,-36.9213,1.6913,-1.3568
942.220,9,-36.9114,1.6903,-1.3582
942.231,9,-36.9014,1.6895,-1.3596
942.242,9,-36.8913,1.6893,-1.3612
942.254,9,-36.8812,1.6895,-1.3628
942.265,9,-36.8712,1.6903,-1.3645
942.276,9,-36.8611,1.6918,-1.3663
942.287,9,-36.8511,1.6929,-1.3680
942.298,9,-36.8413,1.6941,-1.3699
942.309,9,-36.8314,1.6955,-1.3717
942.320,9,-36.8216,1.6976,-1.3736
942.331,9,-36.8117,1.6995,-1.3754
942.342,9,-36.8019,1.7009,-1.3771
942.353,9,-36.7927,1.7019,-1.3786
942.364,9,-36.7835,1.7026,-1.3800
942.376,9,-36.7744,1.7032,-1.3814
942.387,9,-36.7653,1.7040,-1.3827
942.398,9,-36.7564,1.7051,-1.3840
942.410,9,-36.7474,1.7063,-1.3852
942.421,9,-36.7384,1.7077,-1.3864
942.432,9,-36.7295,1.7089,-1.3877
942.443,9,-36.7205,1.7101,-1.3890
942.454,9,-36.7116,1.7115,-1.3902
942.465,9,-36.7027,1.7134,-1.3913
942.477,9,-36.6939,1.7153,-1.3923
942.488,9,-36.6852,1.7169,-1.3932
942.499,9,-36.6766,1.7184,-1.3940
942.509,9,-36.6680,1.7196,-1.3949
942.520,9,-36.6596,1.7204,-1.3957
942.532,9,-36.6510,1.7213,-1.3966
942.543,9,-36.6424,1.7217,-1.3974
942.554,9,-36.6338,1.7222,-1.3981
942.565,9,-36.6252,1.7224,-1.3988
942.576,9,-36.6165,1.7226,-1.3996
942.586,9,-36.6077,1.7225,-1.4003
942.597,9,-36.5990,1.7225,-1.4010
942.609,9,-36.5901,1.7222,-1.4016
942.619,9,-36.5812,1.7219,-1.4021
942.631,9,-36.5723,1.7215,-1.4026
942.642,9,-36.5634,1.7209,-1.4031
942.653,9,-36.5544,1.7201,-1.4035
942.665,9,-36.5456,1.7190,-1.4038
942.676,9,-36.5366,1.7175,-1.4041
942.687,9,-36.5277,1.7160,-1.4044
942.698,9,-36.5188,1.7144,-1.4045
942.709,9,-36.5098,1.7125,-1.4046
942.720,9,-36.5008,1.7106,-1.4046
942.732,9,-36.4916,1.7087,-1.4046
942.743,9,-36.4823,1.7072,-1.4046
942.754,9,-36.4730,1.7061,-1.4046
942.765,9,-36.4637,1.7050,-1.4045
942.776,9,-36.4543,1.7042,-1.4043
942.787,9,-36.4449,1.7035,-1.4040
942.798,9,-36.4355,1.7029,-1.4038
942.809,9,-36.4260,1.7026,-1.4034
942.821,9,-36.4165,1.7026,-1.4031
942.832,9,-36.4071,1.7031,-1.4027
942.843,9,-36.3976,1.7040,-1.4021
942.854,9,-36.3882,1.7051,-1.4016
942.865,9,-36.3788,1.7066,-1.4009
942.877,9,-36.3696,1.7079,-1.4003
942.887,9,-36.3604,1.7096,-1.3998
942.899,9,-36.3515,1.7114,-1.3993
942.910,9,-36.3427,1.7134,-1.3989
942.921,9,-36.3339,1.7153,-1.3984
942.932,9,-36.3255,1.7170,-1.3981
942.943,9,-36.3170,1.7183,-1.3978
942.954,9,-36.3088,1.7193,-1.3977
942.966,9,-36.3005,1.7203,-1.3974
942.977,9,-36.2925,1.7212,-1.3972
942.988,9,-36.2842,1.7222,-1.3972
942.999,9,-36.2761,1.7234,-1.3971
943.010,9,-36.2679,1.7246,-1.3971
943.021,9,-36.2597,1.7260,-1.3971
943.032,9,-36.2515,1.7273,-1.3971
943.043,9,-36.2434,1.7285,-1.3973
943.054,9,-36.2354,1.7298,-1.3975
943.066,9,-36.2274,1.7311,-1.3978
943.076,9,-36.2195,1.7323,-1.3982
943.088,9,-36.2118,1.7335,-1.3987
943.098,9,-36.2040,1.7345,-1.3992
943.110,9,-36.1962,1.7353,-1.3998
943.122,9,-36.1883,1.7361,-1.4004
943.132,9,-36.1804,1.7366,-1.4010
943.143,9,-36.1726,1.7371,-1.4017
943.154,9,-36.1647,1.7374,-1.4024
943.165,9,-36.1569,1.7375,-1.4031
943.176,9,-36.1490,1.7376,-1.4039
943.187,9,-36.1410,1.7373,-1.4048
943.199,9,-36.1330,1.7370,-1.4058
943.210,9,-36.1250,1.7367,-1.4067
943.221,9,-36.1170,1.7364,-1.4077
943.232,9,-36.1089,1.7360,-1.4087
943.243,9,-36.1008,1.7355,-1.4098
943.254,9,-36.0928,1.7350,-1.4108
943.266,9,-36.0847,1.7342,-1.4119
943.276,9,-36.0767,1.7333,-1.4130
943.288,9,-36.0686,1.7320,-1.4141
943.299,9,-36.0604,1.7307,-1.4153
943.309,9,-36.0522,1.7294,-1.4166
943.320,9,-36.0439,1.7277,-1.4179
943.332,9,-36.0357,1.7261,-1.4192
943.343,9,-36.0274,1.7247,-1.4205
943.354,9,-36.0189,1.7234,-1.4220
943.365,9,-36.0105,1.7222,-1.4235
943.376,9,-36.0020,1.7211,-1.4250
943.388,9,-35.9934,1.7202,-1.4266
943.398,9,-35.9849,1.7194,-1.4282
943.409,9,-35.9763,1.7188,-1.4299
943.420,9,-35.9678,1.7185,-1.4316
943.431,9,-35.9593,1.7189,-1.4335
943.443,9,-35.9507,1.7195,-1.4353
943.454,9,-35.9422,1.7202,-1.4372
943.465,9,-35.9337,1.7207,-1.4390
943.476,9,-35.9252,1.7215,-1.4408
943.487,9,-35.9168,1.7229,-1.4428
943.498,9,-35.9083,1.7243,-1.4447
943.509,9,-35.8999,1.7255,-1.4465
943.520,9,-35.8917,1.7263,-1.4483
943.531,9,-35.8834,1.7269,-1.4500
943.543,9,-35.8752,1.7272,-1.4517
943.554,9,-35.8671,1.7273,-1.4533
943.565,9,-35.8590,1.7274,-1.4549
943.577,9,-35.8511,1.7275,-1.4564
943.587,9,-35.8433,1.7277,-1.4577
943.599,9,-35.8355,1.7280,-1.4591
943.610,9,-35.8277,1.7285,-1.4605
943.621,9,-35.8200,1.7290,-1.4619
943.632,9,-35.8124,1.7299,-1.4632
943.643,9,-35.8048,1.7311,-1.4643
943.654,9,-35.7974,1.7325,-1.4655
943.665,9,-35.7900,1.7337,-1.4666
943.676,9,-35.7828,1.7350,-1.4675
943.687,9,-35.7757,1.7360,-1.4687
943.698,9,-35.7687,1.7369,-1.4695
943.709,9,-35.7617,1.7375,-1.4705
943.720,9,-35.7548,1.7381,-1.4713
943.731,9,-35.7480,1.7384,-1.4722
943.742,9,-35.7411,1.7387,-1.4730
943.753,9,-35.7343,1.7389,-1.4738
943.765,9,-35.7274,1.7391,-1.4746
943.776,9,-35.7206,1.7392,-1.4753
943.787,9,-35.7137,1.7393,-1.4760
943.798,9,-35.7068,1.7393,-1.4765
943.809,9,-35.6999,1.7391,-1.4772
943.820,9,-35.6930,1.7386,-1.4777
943.831,9,-35.6863,1.7379,-1.4784
943.842,9,-35.6796,1.7370,-1.4787
943.854,9,-35.6730,1.7360,-1.4790
943.865,9,-35.6665,1.7350,-1.4792
943.876,9,-35.6599,1.7338,-1.4794
943.887,9,-35.6534,1.7326,-1.4795
943.898,9,-35.6468,1.7313,-1.4795
943.909,9,-35.6402,1.7298,-1.4796
943.920,9,-35.6336,1.7284,-1.4795
943.932,9,-35.6271,1.7274,-1.4795
943.943,9,-35.6207,1.7265,-1.4793
943.954,9,-35.6139,1.7260,-1.4792
943.966,9,-35.6072,1.7257,-1.4787
943.977,9,-35.6005,1.7252,-1.4783
943.989,9,-35.5938,1.7250,-1.4780
944.001,9,-35.5872,1.7249,-1.4775
944.012,9,-35.5807,1.7251,-1.4771
944.024,9,-35.5742,1.7257,-1.4765
944.035,9,-35.5678,1.7264,-1.4760
944.047,9,-35.5615,1.7273,-1.4755
944.059,9,-35.5553,1.7287,-1.4749
944.070,9,-35.5490,1.7307,-1.4745
944.082,9,-35.5428,1.7325,-1.4739
944.094,9,-35.5368,1.7337,-1.4734
944.106,9,-35.5309,1.7343,-1.4728
944.117,9,-35.5252,1.7346,-1.4724
944.128,9,-35.5198,1.7349,-1.4723
944.140,9,-35.5145,1.7353,-1.4720
944.151,9,-35.5093,1.7356,-1.4721
944.163,9,-35.5043,1.7356,-1.4720
944.174,9,-35.4992,1.7357,-1.4720
944.185,9,-35.4944,1.7356,-1.4719
944.196,9,-35.4895,1.7356,-1.4719
944.208,9,-35.4846,1.7356,-1.4721
944.219,9,-35.4799,1.7358,-1.4720
944.230,9,-35.4752,1.7360,-1.4722
944.242,9,-35.4704,1.7362,-1.4722
944.253,9,-35.4658,1.7365,-1.4724
944.264,9,-35.4612,1.7369,-1.4729
944.276,9,-35.4568,1.7374,-1.4730
944.287,9,-35.4525,1.7381,-1.4734
944.297,9,-35.4482,1.7390,-1.4737
944.309,9,-35.4440,1.7398,-1.4741
944.320,9,-35.4399,1.7404,-1.4745
944.331,9,-35.4357,1.7411,-1.4751
944.343,9,-35.4318,1.7416,-1.4756
944.354,9,-35.4279,1.7421,-1.4761
944.365,9,-35.4242,1.7426,-1.4766
944.376,9,-35.4206,1.7429,-1.4771
944.387,9,-35.4171,1.7432,-1.4778
944.398,9,-35.4136,1.7433,-1.4783
944.410,9,-35.4102,1.7432,-1.4789
944.420,9,-35.4069,1.7429,-1.4795
944.432,9,-35.4037,1.7426,-1.4801
944.443,9,-35.4006,1.7422,-1.4807
944.454,9,-35.3976,1.7418,-1.4813
944.466,9,-35.3947,1.7414,-1.4821
944.477,9,-35.3919,1.7410,-1.4827
944.489,9,-35.3892,1.7404,-1.4833
944.500,9,-35.3867,1.7400,-1.4839
944.512,9,-35.3843,1.7398,-1.4847
944.525,9,-35.3819,1.7395,-1.4853
944.536,9,-35.3797,1.7392,-1.4858
944.547,9,-35.3775,1.7394,-1.4869
944.559,9,-35.3753,1.7400,-1.4876
944.570,9,-35.3731,1.7407,-1.4883
944.582,9,-35.3709,1.7411,-1.4890
944.593,9,-35.3689,1.7413,-1.4902
944.605,9,-35.3668,1.7417,-1.4910
944.616,9,-35.3647,1.7424,-1.4921
944.628,9,-35.3627,1.7431,-1.4929
944.640,9,-35.3608,1.7436,-1.4932
944.651,9,-35.3590,1.7441,-1.4938
944.662,9,-35.3571,1.7446,-1.4945
944.673,9,-35.3553,1.7451,-1.4953
944.685,9,-35.3536,1.7458,-1.4960
944.696,9,-35.3519,1.7464,-1.4966
944.707,9,-35.3502,1.7470,-1.4973
944.719,9,-35.3486,1.7475,-1.4979
944.730,9,-35.3470,1.7480,-1.4988
944.741,9,-35.3455,1.7484,-1.4993
944.752,9,-35.3440,1.7487,-1.5000
944.763,9,-35.3425,1.7489,-1.5006
944.775,9,-35.3412,1.7491,-1.5013
944.786,9,-35.3398,1.7492,-1.5019
944.797,9,-35.3387,1.7491,-1.5029
944.809,9,-35.3375,1.7487,-1.5027
944.819,9,-35.3364,1.7484,-1.5031
944.831,9,-35.3352,1.7480,-1.5036
944.842,9,-35.3341,1.7475,-1.5041
944.854,9,-35.3330,1.7469,-1.5045
944.865,9,-35.3321,1.7463,-1.5049
944.877,9,-35.3313,1.7458,-1.5068
944.889,9,-35.3305,1.7450,-1.5072
944.901,9,-35.3298,1.7443,-1.5081
944.912,9,-35.3291,1.7437,-1.5085
944.924,9,-35.3284,1.7432,-1.5089
944.936,9,-35.3277,1.7430,-1.5093
944.947,9,-35.3269,1.7433,-1.5097
944.958,9,-35.3261,1.7438,-1.5108
944.970,9,-35.3253,1.7446,-1.5112
944.982,9,-35.3244,1.7455,-1.5117
944.993,9,-35.3235,1.7462,-1.5121
945.005,9,-35.3229,1.7469,-1.5133
945.017,9,-35.3222,1.7472,-1.5141
945.028,9,-35.3215,1.7473,-1.5146
945.039,9,-35.3210,1.7472,-1.5150
945.051,9,-35.3205,1.7468,-1.5158
945.063,9,-35.3201,1.7464,-1.5162
945.074,9,-35.3196,1.7460,-1.5165
945.086,9,-35.3189,1.7455,-1.5153
945.097,9,-35.3186,1.7450,-1.5156
945.109,9,-35.3182,1.7446,-1.5159
945.120,9,-35.3180,1.7441,-1.5162
945.131,9,-35.3177,1.7437,-1.5168
945.142,9,-35.3176,1.7432,-1.5171
945.153,9,-35.3175,1.7427,-1.5174
945.165,9,-35.3175,1.7424,-1.5177
945.176,9,-35.3176,1.7421,-1.5182
945.187,9,-35.3178,1.7419,-1.5185
945.198,9,-35.3178,1.7418,-1.5187
945.209,9,-35.3178,1.7421,-1.5192
945.221,9,-35.3178,1.7422,-1.5194
945.232,9,-35.3178,1.7423,-1.5196
945.244,9,-35.3179,1.7425,-1.5199
945.255,9,-35.3180,1.7425,-1.5200
945.267,9,-35.3182,1.7425,-1.5202
945.279,9,-35.3184,1.7425,-1.5203
945.290,9,-35.3187,1.7424,-1.5204

# --- Trial 10 start ---
954.872,10,-39.8542,1.6900,-1.2313
954.883,10,-39.8542,1.6901,-1.2307
954.894,10,-39.8542,1.6901,-1.2302
954.904,10,-39.8544,1.6902,-1.2296
954.916,10,-39.8545,1.6901,-1.2290
954.927,10,-39.8547,1.6901,-1.2285
954.938,10,-39.8548,1.6900,-1.2279
954.949,10,-39.8549,1.6899,-1.2274
954.960,10,-39.8550,1.6899,-1.2268
954.971,10,-39.8552,1.6898,-1.2263
954.982,10,-39.8553,1.6897,-1.2258
954.993,10,-39.8555,1.6896,-1.2254
955.004,10,-39.8558,1.6894,-1.2249
955.015,10,-39.8560,1.6893,-1.2244
955.033,10,-39.8564,1.6892,-1.2239
955.042,10,-39.8567,1.6891,-1.2234
955.049,10,-39.8570,1.6890,-1.2229
955.057,10,-39.8572,1.6890,-1.2225
955.068,10,-39.8576,1.6890,-1.2220
955.080,10,-39.8579,1.6889,-1.2215
955.095,10,-39.8582,1.6890,-1.2210
955.110,10,-39.8586,1.6891,-1.2205
955.115,10,-39.8589,1.6891,-1.2200
955.124,10,-39.8590,1.6891,-1.2196
955.135,10,-39.8592,1.6892,-1.2191
955.146,10,-39.8594,1.6893,-1.2186
955.157,10,-39.8596,1.6894,-1.2181
955.169,10,-39.8598,1.6894,-1.2176
955.180,10,-39.8598,1.6894,-1.2172
955.191,10,-39.8599,1.6895,-1.2167
955.202,10,-39.8599,1.6896,-1.2161
955.213,10,-39.8599,1.6896,-1.2157
955.224,10,-39.8598,1.6897,-1.2151
955.235,10,-39.8596,1.6898,-1.2146
955.246,10,-39.8595,1.6899,-1.2142
955.257,10,-39.8592,1.6900,-1.2137
955.268,10,-39.8589,1.6900,-1.2132
955.280,10,-39.8586,1.6900,-1.2126
955.291,10,-39.8582,1.6900,-1.2121
955.302,10,-39.8578,1.6899,-1.2116
955.313,10,-39.8574,1.6896,-1.2111
955.324,10,-39.8570,1.6892,-1.2106
955.335,10,-39.8565,1.6888,-1.2101
955.346,10,-39.8559,1.6884,-1.2097
955.357,10,-39.8553,1.6880,-1.2092
955.368,10,-39.8548,1.6876,-1.2086
955.380,10,-39.8541,1.6875,-1.2081
955.391,10,-39.8533,1.6875,-1.2079
955.402,10,-39.8526,1.6872,-1.2075
955.413,10,-39.8519,1.6867,-1.2073
955.424,10,-39.8511,1.6861,-1.2070
955.435,10,-39.8504,1.6852,-1.2069
955.446,10,-39.8498,1.6844,-1.2067
955.457,10,-39.8490,1.6838,-1.2066
955.468,10,-39.8481,1.6834,-1.2066
955.480,10,-39.8472,1.6835,-1.2066
955.491,10,-39.8462,1.6839,-1.2067
955.502,10,-39.8453,1.6842,-1.2068
955.513,10,-39.8443,1.6845,-1.2070
955.524,10,-39.8435,1.6845,-1.2072
955.535,10,-39.8425,1.6848,-1.2075
955.546,10,-39.8416,1.6850,-1.2077
955.557,10,-39.8406,1.6854,-1.2080
955.568,10,-39.8395,1.6858,-1.2083
955.580,10,-39.8383,1.6863,-1.2085
955.591,10,-39.8372,1.6865,-1.2089
955.602,10,-39.8362,1.6866,-1.2091
955.613,10,-39.8351,1.6867,-1.2095
955.624,10,-39.8342,1.6867,-1.2098
955.636,10,-39.8330,1.6867,-1.2102
955.647,10,-39.8318,1.6866,-1.2106
955.658,10,-39.8305,1.6866,-1.2110
955.669,10,-39.8292,1.6864,-1.2115
955.680,10,-39.8279,1.6862,-1.2119
955.692,10,-39.8266,1.6859,-1.2124
955.703,10,-39.8252,1.6857,-1.2129
955.715,10,-39.8240,1.6853,-1.2134
955.726,10,-39.8226,1.6850,-1.2138
955.738,10,-39.8212,1.6846,-1.2144
955.749,10,-39.8198,1.6840,-1.2150
955.759,10,-39.8183,1.6832,-1.2157
955.770,10,-39.8170,1.6825,-1.2162
955.781,10,-39.8157,1.6806,-1.2171
955.793,10,-39.8144,1.6792,-1.2178
955.804,10,-39.8131,1.6794,-1.2185
955.815,10,-39.8110,1.6829,-1.2194
955.826,10,-39.8086,1.6880,-1.2205
955.837,10,-39.8064,1.6914,-1.2216
955.848,10,-39.8043,1.6930,-1.2225
955.859,10,-39.8021,1.6930,-1.2236
955.870,10,-39.8002,1.6918,-1.2250
955.881,10,-39.7979,1.6905,-1.2262
955.892,10,-39.7956,1.6891,-1.2273
955.903,10,-39.7936,1.6885,-1.2285
955.914,10,-39.7915,1.6884,-1.2300
955.925,10,-39.7893,1.6887,-1.2314
955.937,10,-39.7871,1.6883,-1.2327
955.948,10,-39.7849,1.6874,-1.2341
955.959,10,-39.7828,1.6860,-1.2352
955.970,10,-39.7809,1.6846,-1.2364
955.983,10,-39.7789,1.6832,-1.2375
955.993,10,-39.7768,1.6823,-1.2387
956.002,10,-39.7748,1.6816,-1.2401
956.014,10,-39.7726,1.6811,-1.2413
956.025,10,-39.7704,1.6805,-1.2427
956.036,10,-39.7682,1.6797,-1.2439
956.047,10,-39.7659,1.6788,-1.2450
956.059,10,-39.7636,1.6781,-1.2459
956.070,10,-39.7612,1.6779,-1.2469
956.081,10,-39.7588,1.6778,-1.2480
956.092,10,-39.7561,1.6777,-1.2489
956.103,10,-39.7532,1.6776,-1.2495
956.114,10,-39.7504,1.6773,-1.2503
956.125,10,-39.7473,1.6768,-1.2510
956.136,10,-39.7442,1.6761,-1.2518
956.147,10,-39.7411,1.6755,-1.2523
956.158,10,-39.7380,1.6752,-1.2529
956.169,10,-39.7346,1.6747,-1.2533
956.180,10,-39.7311,1.6744,-1.2537
956.191,10,-39.7274,1.6741,-1.2540
956.202,10,-39.7235,1.6738,-1.2542
956.213,10,-39.7196,1.6736,-1.2545
956.224,10,-39.7154,1.6734,-1.2546
956.235,10,-39.7113,1.6732,-1.2547
956.247,10,-39.7069,1.6731,-1.2549
956.258,10,-39.7023,1.6728,-1.2549
956.269,10,-39.6976,1.6723,-1.2549
956.280,10,-39.6928,1.6716,-1.2547
956.291,10,-39.6877,1.6709,-1.2547
956.302,10,-39.6825,1.6700,-1.2546
956.314,10,-39.6769,1.6690,-1.2545
956.325,10,-39.6713,1.6680,-1.2543
956.336,10,-39.6656,1.6670,-1.2542
956.347,10,-39.6596,1.6658,-1.2540
956.359,10,-39.6537,1.6646,-1.2537
956.369,10,-39.6474,1.6633,-1.2534
956.381,10,-39.6410,1.6618,-1.2530
956.392,10,-39.6346,1.6605,-1.2523
956.403,10,-39.6280,1.6592,-1.2521
956.415,10,-39.6213,1.6577,-1.2515
956.426,10,-39.6144,1.6561,-1.2508
956.437,10,-39.6076,1.6543,-1.2500
956.448,10,-39.6005,1.6526,-1.2493
956.459,10,-39.5934,1.6510,-1.2484
956.470,10,-39.5861,1.6494,-1.2474
956.481,10,-39.5787,1.6481,-1.2465
956.492,10,-39.5714,1.6469,-1.2454
956.504,10,-39.5638,1.6460,-1.2442
956.515,10,-39.5565,1.6452,-1.2429
956.526,10,-39.5488,1.6448,-1.2415
956.537,10,-39.5411,1.6446,-1.2402
956.548,10,-39.5334,1.6447,-1.2388
956.559,10,-39.5254,1.6458,-1.2375
956.570,10,-39.5173,1.6471,-1.2361
956.581,10,-39.5092,1.6483,-1.2347
956.592,10,-39.5010,1.6498,-1.2332
956.603,10,-39.4931,1.6516,-1.2317
956.614,10,-39.4850,1.6535,-1.2304
956.625,10,-39.4767,1.6560,-1.2291
956.636,10,-39.4684,1.6585,-1.2280
956.648,10,-39.4603,1.6611,-1.2269
956.659,10,-39.4521,1.6635,-1.2258
956.670,10,-39.4440,1.6656,-1.2248
956.681,10,-39.4358,1.6674,-1.2239
956.692,10,-39.4278,1.6690,-1.2230
956.703,10,-39.4196,1.6703,-1.2222
956.715,10,-39.4116,1.6713,-1.2215
956.726,10,-39.4035,1.6723,-1.2211
956.737,10,-39.3953,1.6732,-1.2206
956.748,10,-39.3873,1.6743,-1.2202
956.759,10,-39.3792,1.6754,-1.2198
956.770,10,-39.3711,1.6764,-1.2195
956.781,10,-39.3629,1.6773,-1.2193
956.792,10,-39.3550,1.6782,-1.2192
956.803,10,-39.3470,1.6789,-1.2190
956.814,10,-39.3388,1.6794,-1.2188
956.825,10,-39.3307,1.6800,-1.2187
956.836,10,-39.3228,1.6803,-1.2185
956.847,10,-39.3148,1.6805,-1.2185
956.858,10,-39.3068,1.6805,-1.2185
956.870,10,-39.2988,1.6804,-1.2185
956.881,10,-39.2907,1.6801,-1.2186
956.892,10,-39.2825,1.6796,-1.2186
956.903,10,-39.2743,1.6791,-1.2187
956.914,10,-39.2661,1.6785,-1.2189
956.925,10,-39.2577,1.6778,-1.2191
956.936,10,-39.2494,1.6768,-1.2193
956.948,10,-39.2410,1.6757,-1.2194
956.958,10,-39.2324,1.6746,-1.2197
956.970,10,-39.2240,1.6733,-1.2199
956.981,10,-39.2153,1.6720,-1.2201
956.992,10,-39.2067,1.6707,-1.2204
957.003,10,-39.1980,1.6693,-1.2205
957.014,10,-39.1891,1.6677,-1.2209
957.026,10,-39.1802,1.6660,-1.2212
957.037,10,-39.1710,1.6642,-1.2217
957.048,10,-39.1620,1.6621,-1.2221
957.059,10,-39.1529,1.6599,-1.2225
957.070,10,-39.1438,1.6580,-1.2231
957.081,10,-39.1346,1.6565,-1.2236
957.092,10,-39.1252,1.6554,-1.2244
957.103,10,-39.1159,1.6544,-1.2251
957.115,10,-39.1062,1.6540,-1.2260
957.125,10,-39.0965,1.6536,-1.2269
957.137,10,-39.0868,1.6536,-1.2279
957.148,10,-39.0769,1.6541,-1.2290
957.159,10,-39.0668,1.6552,-1.2302
957.170,10,-39.0567,1.6568,-1.2314
957.181,10,-39.0464,1.6588,-1.2328
957.192,10,-39.0361,1.6605,-1.2341
957.203,10,-39.0260,1.6627,-1.2354
957.215,10,-39.0160,1.6651,-1.2366
957.225,10,-39.0060,1.6671,-1.2378
957.236,10,-38.9962,1.6690,-1.2389
957.248,10,-38.9865,1.6707,-1.2399
957.258,10,-38.9769,1.6718,-1.2408
957.270,10,-38.9674,1.6727,-1.2417
957.281,10,-38.9582,1.6734,-1.2426
957.292,10,-38.9489,1.6745,-1.2434
957.303,10,-38.9396,1.6761,-1.2442
957.314,10,-38.9300,1.6780,-1.2449
957.325,10,-38.9204,1.6799,-1.2457
957.336,10,-38.9107,1.6816,-1.2464
957.348,10,-38.9010,1.6834,-1.2471
957.358,10,-38.8912,1.6852,-1.2478
957.369,10,-38.8815,1.6869,-1.2483
957.381,10,-38.8719,1.6885,-1.2487
957.392,10,-38.8618,1.6898,-1.2494
957.403,10,-38.8521,1.6908,-1.2498
957.414,10,-38.8423,1.6917,-1.2504
957.425,10,-38.8325,1.6921,-1.2508
957.436,10,-38.8226,1.6923,-1.2512
957.447,10,-38.8128,1.6921,-1.2515
957.459,10,-38.8030,1.6918,-1.2518
957.470,10,-38.7930,1.6912,-1.2520
957.481,10,-38.7828,1.6904,-1.2522
957.492,10,-38.7726,1.6895,-1.2525
957.503,10,-38.7623,1.6883,-1.2527
957.514,10,-38.7521,1.6872,-1.2529
957.525,10,-38.7417,1.6856,-1.2530
957.537,10,-38.7315,1.6837,-1.2529
957.548,10,-38.7210,1.6819,-1.2529
957.559,10,-38.7105,1.6798,-1.2529
957.570,10,-38.6999,1.6778,-1.2528
957.581,10,-38.6894,1.6757,-1.2529
957.591,10,-38.6787,1.6734,-1.2527
957.603,10,-38.6680,1.6712,-1.2524
957.614,10,-38.6575,1.6691,-1.2521
957.625,10,-38.6469,1.6671,-1.2518
957.636,10,-38.6361,1.6652,-1.2515
957.647,10,-38.6252,1.6637,-1.2511
957.658,10,-38.6140,1.6625,-1.2507
957.669,10,-38.6029,1.6615,-1.2502
957.680,10,-38.5917,1.6612,-1.2495
957.691,10,-38.5803,1.6612,-1.2489
957.702,10,-38.5691,1.6616,-1.2483
957.714,10,-38.5576,1.6629,-1.2476
957.724,10,-38.5462,1.6647,-1.2468
957.735,10,-38.5347,1.6665,-1.2462
957.747,10,-38.5234,1.6686,-1.2455
957.758,10,-38.5121,1.6706,-1.2448
957.769,10,-38.5010,1.6727,-1.2442
957.780,10,-38.4901,1.6750,-1.2436
957.791,10,-38.4794,1.6774,-1.2433
957.802,10,-38.4688,1.6795,-1.2431
957.813,10,-38.4581,1.6812,-1.2430
957.825,10,-38.4476,1.6824,-1.2432
957.836,10,-38.4371,1.6837,-1.2432
957.847,10,-38.4266,1.6852,-1.2433
957.858,10,-38.4162,1.6869,-1.2434
957.869,10,-38.4057,1.6888,-1.2436
957.880,10,-38.3952,1.6908,-1.2438
957.892,10,-38.3847,1.6926,-1.2439
957.903,10,-38.3743,1.6945,-1.2444
957.914,10,-38.3639,1.6961,-1.2447
957.925,10,-38.3537,1.6976,-1.2451
957.937,10,-38.3436,1.6989,-1.2454
957.947,10,-38.3333,1.7000,-1.2459
957.959,10,-38.3233,1.7007,-1.2464
957.970,10,-38.3131,1.7013,-1.2470
957.981,10,-38.3031,1.7016,-1.2475
957.992,10,-38.2929,1.7018,-1.2481
958.004,10,-38.2828,1.7014,-1.2488
958.014,10,-38.2727,1.7012,-1.2494
958.024,10,-38.2626,1.7005,-1.2501
958.035,10,-38.2521,1.6996,-1.2510
958.046,10,-38.2417,1.6984,-1.2520
958.058,10,-38.2312,1.6973,-1.2531
958.069,10,-38.2205,1.6957,-1.2542
958.079,10,-38.2101,1.6943,-1.2553
958.091,10,-38.1995,1.6927,-1.2565
958.102,10,-38.1890,1.6908,-1.2577
958.113,10,-38.1783,1.6890,-1.2590
958.124,10,-38.1677,1.6870,-1.2604
958.135,10,-38.1570,1.6849,-1.2618
958.146,10,-38.1461,1.6828,-1.2633
958.157,10,-38.1353,1.6805,-1.2648
958.169,10,-38.1244,1.6784,-1.2664
958.180,10,-38.1133,1.6765,-1.2680
958.191,10,-38.1024,1.6749,-1.2697
958.202,10,-38.0914,1.6736,-1.2715
958.213,10,-38.0801,1.6728,-1.2736
958.224,10,-38.0690,1.6720,-1.2755
958.235,10,-38.0578,1.6717,-1.2776
958.246,10,-38.0465,1.6722,-1.2798
958.257,10,-38.0352,1.6732,-1.2821
958.268,10,-38.0238,1.6751,-1.2845
958.280,10,-38.0124,1.6768,-1.2869
958.291,10,-38.0013,1.6791,-1.2892
958.302,10,-37.9903,1.6815,-1.2914
958.313,10,-37.9793,1.6838,-1.2936
958.324,10,-37.9685,1.6856,-1.2956
958.335,10,-37.9579,1.6872,-1.2973
958.346,10,-37.9477,1.6885,-1.2988
958.357,10,-37.9376,1.6899,-1.3002
958.368,10,-37.9276,1.6914,-1.3017
958.380,10,-37.9178,1.6934,-1.3031
958.391,10,-37.9080,1.6954,-1.3045
958.402,10,-37.8982,1.6973,-1.3059
958.413,10,-37.8887,1.6992,-1.3072
958.424,10,-37.8790,1.7012,-1.3086
958.436,10,-37.8691,1.7035,-1.3100
958.447,10,-37.8593,1.7057,-1.3112
958.458,10,-37.8494,1.7078,-1.3125
958.469,10,-37.8396,1.7096,-1.3136
958.480,10,-37.8299,1.7110,-1.3147
958.491,10,-37.8200,1.7121,-1.3159
958.502,10,-37.8104,1.7129,-1.3170
958.513,10,-37.8005,1.7132,-1.3181
958.524,10,-37.7906,1.7134,-1.3193
958.536,10,-37.7805,1.7131,-1.3205
958.547,10,-37.7704,1.7127,-1.3217
958.558,10,-37.7603,1.7119,-1.3227
958.569,10,-37.7500,1.7110,-1.3237
958.580,10,-37.7397,1.7098,-1.3246
958.592,10,-37.7294,1.7087,-1.3256
958.603,10,-37.7191,1.7072,-1.3264
958.614,10,-37.7087,1.7057,-1.3273
958.624,10,-37.6986,1.7040,-1.3281
958.636,10,-37.6882,1.7017,-1.3288
958.647,10,-37.6778,1.6995,-1.3295
958.658,10,-37.6674,1.6970,-1.3301
958.669,10,-37.6571,1.6947,-1.3308
958.680,10,-37.6466,1.6925,-1.3315
958.691,10,-37.6360,1.6903,-1.3321
958.703,10,-37.6252,1.6885,-1.3327
958.714,10,-37.6142,1.6870,-1.3333
958.725,10,-37.6032,1.6858,-1.3339
958.736,10,-37.5924,1.6851,-1.3344
958.747,10,-37.5813,1.6846,-1.3349
958.759,10,-37.5701,1.6842,-1.3355
958.769,10,-37.5591,1.6837,-1.3359
958.780,10,-37.5479,1.6841,-1.3363
958.791,10,-37.5368,1.6848,-1.3366
958.802,10,-37.5256,1.6863,-1.3368
958.813,10,-37.5145,1.6880,-1.3370
958.824,10,-37.5035,1.6896,-1.3371
958.836,10,-37.4925,1.6914,-1.3373
958.847,10,-37.4815,1.6931,-1.3375
958.858,10,-37.4706,1.6952,-1.3377
958.869,10,-37.4597,1.6974,-1.3379
958.880,10,-37.4489,1.6996,-1.3382
958.891,10,-37.4380,1.7014,-1.3386
958.902,10,-37.4272,1.7026,-1.3391
958.914,10,-37.4166,1.7035,-1.3398
958.925,10,-37.4061,1.7045,-1.3404
958.936,10,-37.3957,1.7058,-1.3413
958.947,10,-37.3853,1.7074,-1.3421
958.958,10,-37.3750,1.7092,-1.3428
958.969,10,-37.3645,1.7106,-1.3437
958.980,10,-37.3541,1.7118,-1.3444
958.991,10,-37.3438,1.7129,-1.3453
959.002,10,-37.3335,1.7140,-1.3462
959.013,10,-37.3232,1.7153,-1.3471
959.024,10,-37.3130,1.7166,-1.3479
959.036,10,-37.3027,1.7176,-1.3488
959.047,10,-37.2926,1.7185,-1.3497
959.058,10,-37.2824,1.7190,-1.3506
959.069,10,-37.2722,1.7194,-1.3516
959.080,10,-37.2621,1.7193,-1.3525
959.091,10,-37.2520,1.7191,-1.3534
959.102,10,-37.2418,1.7188,-1.3543
959.113,10,-37.2318,1.7183,-1.3552
959.124,10,-37.2216,1.7176,-1.3562
959.135,10,-37.2113,1.7168,-1.3572
959.146,10,-37.2009,1.7159,-1.3583
959.157,10,-37.1905,1.7148,-1.3595
959.168,10,-37.1802,1.7136,-1.3606
959.179,10,-37.1697,1.7122,-1.3617
959.190,10,-37.1593,1.7108,-1.3630
959.201,10,-37.1489,1.7092,-1.3642
959.212,10,-37.1384,1.7073,-1.3655
959.224,10,-37.1280,1.7052,-1.3668
959.235,10,-37.1175,1.7030,-1.3681
959.246,10,-37.1070,1.7008,-1.3695
959.257,10,-37.0964,1.6987,-1.3710
959.268,10,-37.0856,1.6966,-1.3726
959.280,10,-37.0749,1.6945,-1.3743
959.290,10,-37.0645,1.6929,-1.3761
959.302,10,-37.0537,1.6915,-1.3779
959.312,10,-37.0430,1.6904,-1.3797
959.324,10,-37.0322,1.6896,-1.3817
959.335,10,-37.0213,1.6893,-1.3836
959.346,10,-37.0104,1.6891,-1.3855
959.357,10,-36.9995,1.6898,-1.3875
959.368,10,-36.9885,1.6909,-1.3896
959.380,10,-36.9775,1.6926,-1.3917
959.391,10,-36.9666,1.6942,-1.3939
959.402,10,-36.9556,1.6958,-1.3960
959.413,10,-36.9450,1.6979,-1.3980
959.424,10,-36.9344,1.6999,-1.4000
959.435,10,-36.9239,1.7016,-1.4018
959.446,10,-36.9135,1.7030,-1.4035
959.458,10,-36.9034,1.7042,-1.4050
959.469,10,-36.8933,1.7052,-1.4064
959.480,10,-36.8834,1.7062,-1.4076
959.491,10,-36.8736,1.7073,-1.4088
959.502,10,-36.8638,1.7087,-1.4099
959.513,10,-36.8540,1.7103,-1.4110
959.524,10,-36.8442,1.7119,-1.4121
959.535,10,-36.8345,1.7137,-1.4133
959.547,10,-36.8249,1.7157,-1.4144
959.558,10,-36.8152,1.7177,-1.4155
959.569,10,-36.8056,1.7197,-1.4165
959.580,10,-36.7960,1.7213,-1.4175
959.591,10,-36.7863,1.7227,-1.4185
959.602,10,-36.7767,1.7238,-1.4194
959.613,10,-36.7672,1.7247,-1.4203
959.625,10,-36.7576,1.7252,-1.4211
959.636,10,-36.7479,1.7255,-1.4220
959.647,10,-36.7383,1.7258,-1.4228
959.658,10,-36.7287,1.7255,-1.4235
959.669,10,-36.7191,1.7252,-1.4242
959.680,10,-36.7094,1.7246,-1.4249
959.691,10,-36.6997,1.7240,-1.4255
959.702,10,-36.6900,1.7231,-1.4261
959.713,10,-36.6802,1.7221,-1.4266
959.724,10,-36.6706,1.7210,-1.4272
959.735,10,-36.6608,1.7196,-1.4277
959.746,10,-36.6511,1.7181,-1.4281
959.757,10,-36.6413,1.7162,-1.4285
959.769,10,-36.6315,1.7141,-1.4287
959.780,10,-36.6217,1.7121,-1.4290
959.791,10,-36.6120,1.7099,-1.4292
959.802,10,-36.6020,1.7078,-1.4294
959.813,10,-36.5921,1.7059,-1.4295
959.824,10,-36.5821,1.7043,-1.4296
959.836,10,-36.5721,1.7031,-1.4295
959.846,10,-36.5621,1.7019,-1.4295
959.857,10,-36.5520,1.7010,-1.4295
959.868,10,-36.5418,1.7002,-1.4294
959.879,10,-36.5316,1.6995,-1.4292
959.891,10,-36.5213,1.6992,-1.4289
959.902,10,-36.5111,1.6995,-1.4287
959.913,10,-36.5007,1.7006,-1.4284
959.924,10,-36.4904,1.7017,-1.4281
959.935,10,-36.4801,1.7029,-1.4277
959.946,10,-36.4699,1.7042,-1.4273
959.957,10,-36.4597,1.7056,-1.4269
959.969,10,-36.4496,1.7075,-1.4264
959.980,10,-36.4396,1.7093,-1.4259
959.991,10,-36.4297,1.7108,-1.4255
960.002,10,-36.4200,1.7123,-1.4253
960.013,10,-36.4104,1.7135,-1.4250
960.025,10,-36.4010,1.7144,-1.4250
960.035,10,-36.3917,1.7154,-1.4250
960.045,10,-36.3825,1.7167,-1.4251
960.056,10,-36.3733,1.7181,-1.4252
960.067,10,-36.3640,1.7198,-1.4252
960.078,10,-36.3549,1.7213,-1.4254
960.089,10,-36.3459,1.7225,-1.4256
960.101,10,-36.3369,1.7238,-1.4258
960.112,10,-36.3279,1.7252,-1.4260
960.123,10,-36.3190,1.7269,-1.4262
960.134,10,-36.3102,1.7287,-1.4264
960.145,10,-36.3015,1.7303,-1.4266
960.156,10,-36.2929,1.7317,-1.4267
960.168,10,-36.2843,1.7328,-1.4270
960.179,10,-36.2759,1.7337,-1.4273
960.190,10,-36.2674,1.7344,-1.4276
960.201,10,-36.2589,1.7348,-1.4278
960.212,10,-36.2505,1.7352,-1.4281
960.223,10,-36.2420,1.7353,-1.4284
960.234,10,-36.2335,1.7353,-1.4286
960.246,10,-36.2250,1.7351,-1.4289
960.256,10,-36.2164,1.7349,-1.4293
960.267,10,-36.2078,1.7346,-1.4297
960.278,10,-36.1992,1.7340,-1.4300
960.290,10,-36.1907,1.7332,-1.4305
960.301,10,-36.1821,1.7324,-1.4308
960.312,10,-36.1736,1.7313,-1.4312
960.323,10,-36.1652,1.7302,-1.4316
960.334,10,-36.1567,1.7287,-1.4320
960.345,10,-36.1484,1.7273,-1.4325
960.356,10,-36.1399,1.7257,-1.4330
960.367,10,-36.1315,1.7240,-1.4336
960.378,10,-36.1230,1.7224,-1.4342
960.389,10,-36.1145,1.7209,-1.4348
960.401,10,-36.1059,1.7194,-1.4355
960.412,10,-36.0973,1.7181,-1.4362
960.423,10,-36.0888,1.7169,-1.4369
960.435,10,-36.0802,1.7160,-1.4377
960.446,10,-36.0716,1.7153,-1.4385
960.457,10,-36.0629,1.7148,-1.4394
960.468,10,-36.0543,1.7141,-1.4404
960.480,10,-36.0458,1.7138,-1.4415
960.491,10,-36.0372,1.7143,-1.4427
960.502,10,-36.0286,1.7153,-1.4439
960.513,10,-36.0200,1.7162,-1.4451
960.524,10,-36.0114,1.7170,-1.4463
960.535,10,-36.0031,1.7184,-1.4475
960.547,10,-35.9948,1.7201,-1.4487
960.558,10,-35.9865,1.7220,-1.4499
960.569,10,-35.9783,1.7236,-1.4510
960.580,10,-35.9701,1.7251,-1.4520
960.591,10,-35.9621,1.7263,-1.4532
960.602,10,-35.9542,1.7271,-1.4542
960.613,10,-35.9464,1.7279,-1.4552
960.624,10,-35.9387,1.7285,-1.4562
960.635,10,-35.9313,1.7290,-1.4570
960.646,10,-35.9238,1.7295,-1.4579
960.657,10,-35.9164,1.7299,-1.4588
960.668,10,-35.9090,1.7305,-1.4597
960.679,10,-35.9017,1.7311,-1.4607
960.690,10,-35.8944,1.7318,-1.4617
960.701,10,-35.8870,1.7328,-1.4625
960.713,10,-35.8797,1.7340,-1.4634
960.724,10,-35.8725,1.7352,-1.4640
960.735,10,-35.8655,1.7364,-1.4648
960.746,10,-35.8584,1.7373,-1.4654
960.757,10,-35.8515,1.7380,-1.4653
960.768,10,-35.8444,1.7385,-1.4660
960.779,10,-35.8372,1.7390,-1.4666
960.790,10,-35.8300,1.7396,-1.4673
960.801,10,-35.8227,1.7400,-1.4679
960.813,10,-35.8154,1.7403,-1.4684
960.824,10,-35.8081,1.7406,-1.4690
960.835,10,-35.8008,1.7407,-1.4693
960.846,10,-35.7934,1.7407,-1.4699
960.857,10,-35.7861,1.7405,-1.4704
960.868,10,-35.7788,1.7401,-1.4710
960.879,10,-35.7718,1.7396,-1.4715
960.890,10,-35.7646,1.7387,-1.4718
960.901,10,-35.7575,1.7376,-1.4722
960.913,10,-35.7503,1.7363,-1.4724
960.924,10,-35.7433,1.7351,-1.4726
960.935,10,-35.7362,1.7337,-1.4728
960.946,10,-35.7292,1.7323,-1.4731
960.957,10,-35.7221,1.7310,-1.4734
960.968,10,-35.7150,1.7296,-1.4736
960.979,10,-35.7079,1.7283,-1.4739
960.990,10,-35.7008,1.7272,-1.4743
961.001,10,-35.6937,1.7262,-1.4744
961.012,10,-35.6865,1.7253,-1.4745
961.023,10,-35.6793,1.7244,-1.4745
961.034,10,-35.6719,1.7236,-1.4743
961.046,10,-35.6647,1.7230,-1.4742
961.057,10,-35.6574,1.7225,-1.4741
961.068,10,-35.6502,1.7220,-1.4738
961.079,10,-35.6430,1.7217,-1.4735
961.090,10,-35.6358,1.7217,-1.4732
961.101,10,-35.6286,1.7219,-1.4728
961.113,10,-35.6216,1.7223,-1.4725
961.124,10,-35.6146,1.7231,-1.4720
961.135,10,-35.6077,1.7248,-1.4717
961.146,10,-35.6009,1.7267,-1.4713
961.157,10,-35.5941,1.7285,-1.4709
961.168,10,-35.5874,1.7298,-1.4704
961.179,10,-35.5808,1.7306,-1.4701
961.191,10,-35.5743,1.7311,-1.4698
961.201,10,-35.5680,1.7317,-1.4695
961.213,10,-35.5619,1.7322,-1.4693
961.223,10,-35.5558,1.7327,-1.4692
961.235,10,-35.5500,1.7330,-1.4692
961.246,10,-35.5442,1.7334,-1.4693
961.257,10,-35.5386,1.7338,-1.4694
961.268,10,-35.5329,1.7344,-1.4694
961.279,10,-35.5272,1.7351,-1.4694
961.290,10,-35.5214,1.7358,-1.4696
961.301,10,-35.5158,1.7366,-1.4696
961.312,10,-35.5104,1.7373,-1.4697
961.324,10,-35.5049,1.7383,-1.4697
961.335,10,-35.4997,1.7392,-1.4698
961.346,10,-35.4946,1.7402,-1.4700
961.357,10,-35.4895,1.7412,-1.4702
961.369,10,-35.4845,1.7423,-1.4705
961.380,10,-35.4795,1.7433,-1.4708
961.392,10,-35.4745,1.7443,-1.4715
961.403,10,-35.4695,1.7453,-1.4718
961.415,10,-35.4647,1.7461,-1.4723
961.427,10,-35.4599,1.7468,-1.4728
961.439,10,-35.4553,1.7473,-1.4733
961.450,10,-35.4508,1.7478,-1.4738
961.461,10,-35.4465,1.7481,-1.4744
961.473,10,-35.4422,1.7485,-1.4752
961.485,10,-35.4382,1.7485,-1.4759
961.496,10,-35.4341,1.7485,-1.4769
961.508,10,-35.4302,1.7485,-1.4778
961.519,10,-35.4264,1.7485,-1.4787
961.531,10,-35.4227,1.7484,-1.4797
961.543,10,-35.4190,1.7483,-1.4807
961.554,10,-35.4155,1.7480,-1.4819
961.565,10,-35.4122,1.7477,-1.4830
961.577,10,-35.4089,1.7475,-1.4842
961.588,10,-35.4058,1.7470,-1.4854
961.599,10,-35.4026,1.7466,-1.4866
961.610,10,-35.3996,1.7461,-1.4879
961.622,10,-35.3967,1.7456,-1.4892
961.633,10,-35.3938,1.7452,-1.4905
961.644,10,-35.3910,1.7452,-1.4919
961.656,10,-35.3881,1.7452,-1.4934
961.667,10,-35.3853,1.7454,-1.4948
961.678,10,-35.3826,1.7453,-1.4964
961.688,10,-35.3799,1.7454,-1.4978
961.700,10,-35.3773,1.7455,-1.4993
961.711,10,-35.3745,1.7458,-1.5013
961.723,10,-35.3719,1.7462,-1.5028
961.735,10,-35.3693,1.7468,-1.5043
961.746,10,-35.3668,1.7474,-1.5057
961.758,10,-35.3642,1.7479,-1.5071
961.769,10,-35.3617,1.7482,-1.5084
961.781,10,-35.3592,1.7483,-1.5096
961.793,10,-35.3567,1.7484,-1.5108
961.805,10,-35.3543,1.7484,-1.5118
961.816,10,-35.3520,1.7483,-1.5129
961.828,10,-35.3497,1.7481,-1.5138
961.839,10,-35.3474,1.7481,-1.5145
961.851,10,-35.3452,1.7483,-1.5151
961.862,10,-35.3430,1.7485,-1.5158
961.874,10,-35.3409,1.7487,-1.5162
961.885,10,-35.3387,1.7489,-1.5164
961.898,10,-35.3367,1.7489,-1.5167
961.909,10,-35.3348,1.7489,-1.5168
961.920,10,-35.3329,1.7489,-1.5170
961.931,10,-35.3311,1.7488,-1.5173
961.943,10,-35.3293,1.7487,-1.5174
961.954,10,-35.3276,1.7487,-1.5175
961.967,10,-35.3260,1.7487,-1.5179
961.977,10,-35.3244,1.7487,-1.5180
961.989,10,-35.3228,1.7489,-1.5180
961.999,10,-35.3215,1.7490,-1.5186
962.011,10,-35.3200,1.7494,-1.5186
962.022,10,-35.3186,1.7498,-1.5185
962.033,10,-35.3173,1.7502,-1.5184
962.046,10,-35.3161,1.7506,-1.5186
962.056,10,-35.3147,1.7508,-1.5185
962.067,10,-35.3136,1.7511,-1.5184
962.079,10,-35.3125,1.7512,-1.5184
962.090,10,-35.3114,1.7515,-1.5185
962.102,10,-35.3104,1.7515,-1.5183
962.114,10,-35.3094,1.7515,-1.5181
962.125,10,-35.3086,1.7513,-1.5179
962.137,10,-35.3078,1.7515,-1.5177
962.148,10,-35.3070,1.7519,-1.5176
962.160,10,-35.3062,1.7522,-1.5172
962.172,10,-35.3056,1.7521,-1.5173
962.183,10,-35.3049,1.7517,-1.5171
962.195,10,-35.3043,1.7512,-1.5168
962.207,10,-35.3038,1.7509,-1.5167
962.218,10,-35.3032,1.7509,-1.5164
962.230,10,-35.3026,1.7510,-1.5161
962.241,10,-35.3022,1.7508,-1.5160
962.252,10,-35.3017,1.7506,-1.5156
962.264,10,-35.3011,1.7503,-1.5153
962.276,10,-35.3007,1.7500,-1.5151
962.287,10,-35.3002,1.7498,-1.5151
962.299,10,-35.2998,1.7496,-1.5149
962.310,10,-35.2995,1.7493,-1.5145
962.321,10,-35.2991,1.7490,-1.5143
962.333,10,-35.2987,1.7487,-1.5147
962.344,10,-35.2983,1.7484,-1.5146
962.356,10,-35.2980,1.7480,-1.5144
962.366,10,-35.2976,1.7478,-1.5142
962.378,10,-35.2972,1.7476,-1.5141
962.389,10,-35.2969,1.7475,-1.5140
962.400,10,-35.2964,1.7474,-1.5139
962.411,10,-35.2961,1.7473,-1.5136
962.423,10,-35.2958,1.7472,-1.5135
962.434,10,-35.2954,1.7471,-1.5134
962.445,10,-35.2951,1.7472,-1.5138
962.456,10,-35.2947,1.7473,-1.5137
962.467,10,-35.2944,1.7474,-1.5136
962.479,10,-35.2939,1.7475,-1.5136
962.490,10,-35.2936,1.7477,-1.5135
962.502,10,-35.2932,1.7479,-1.5135
962.514,10,-35.2929,1.7481,-1.5142
962.525,10,-35.2925,1.7482,-1.5142
962.537,10,-35.2922,1.7483,-1.5141
962.549,10,-35.2918,1.7484,-1.5141
962.560,10,-35.2915,1.7485,-1.5140
962.572,10,-35.2912,1.7486,-1.5139
962.583,10,-35.2908,1.7487,-1.5139
962.595,10,-35.2906,1.7487,-1.5146
962.607,10,-35.2904,1.7487,-1.5150
962.618,10,-35.2901,1.7486,-1.5151
962.630,10,-35.2899,1.7485,-1.5156
