timestamp, trial, HMD_x, HMD_y,HMD_z

# --- Trial 1 start ---
608.623,1,-39.7595,1.6774,-1.0505
608.651,1,-39.7592,1.6774,-1.0507
608.657,1,-39.7590,1.6773,-1.0509
608.667,1,-39.7589,1.6772,-1.0510
608.676,1,-39.7587,1.6772,-1.0512
608.687,1,-39.7585,1.6772,-1.0514
608.698,1,-39.7583,1.6771,-1.0516
608.710,1,-39.7582,1.6771,-1.0517
608.721,1,-39.7581,1.6771,-1.0519
608.743,1,-39.7579,1.6770,-1.0521
608.754,1,-39.7576,1.6769,-1.0524
608.765,1,-39.7572,1.6768,-1.0527
608.782,1,-39.7571,1.6767,-1.0530
608.795,1,-39.7568,1.6765,-1.0533
608.805,1,-39.7567,1.6764,-1.0536
608.816,1,-39.7565,1.6762,-1.0538
608.826,1,-39.7564,1.6761,-1.0540
608.838,1,-39.7563,1.6759,-1.0543
608.849,1,-39.7562,1.6757,-1.0546
608.860,1,-39.7561,1.6756,-1.0550
608.871,1,-39.7561,1.6755,-1.0553
608.883,1,-39.7560,1.6753,-1.0556
608.898,1,-39.7560,1.6752,-1.0559
608.910,1,-39.7560,1.6752,-1.0562
608.916,1,-39.7559,1.6751,-1.0566
608.928,1,-39.7559,1.6751,-1.0570
608.939,1,-39.7559,1.6751,-1.0574
608.950,1,-39.7560,1.6752,-1.0577
608.961,1,-39.7559,1.6753,-1.0581
608.973,1,-39.7558,1.6754,-1.0586
608.983,1,-39.7558,1.6755,-1.0591
608.994,1,-39.7557,1.6756,-1.0597
609.006,1,-39.7555,1.6758,-1.0604
609.017,1,-39.7554,1.6759,-1.0611
609.028,1,-39.7552,1.6761,-1.0619
609.039,1,-39.7550,1.6762,-1.0628
609.050,1,-39.7548,1.6763,-1.0637
609.061,1,-39.7546,1.6764,-1.0647
609.072,1,-39.7543,1.6763,-1.0658
609.083,1,-39.7542,1.6764,-1.0668
609.094,1,-39.7538,1.6766,-1.0681
609.105,1,-39.7535,1.6766,-1.0692
609.116,1,-39.7533,1.6766,-1.0703
609.127,1,-39.7530,1.6765,-1.0715
609.138,1,-39.7528,1.6764,-1.0727
609.149,1,-39.7525,1.6763,-1.0739
609.161,1,-39.7522,1.6761,-1.0752
609.172,1,-39.7519,1.6760,-1.0766
609.184,1,-39.7517,1.6759,-1.0778
609.195,1,-39.7514,1.6758,-1.0791
609.206,1,-39.7512,1.6757,-1.0803
609.217,1,-39.7510,1.6756,-1.0815
609.228,1,-39.7508,1.6756,-1.0828
609.240,1,-39.7506,1.6756,-1.0840
609.251,1,-39.7504,1.6756,-1.0852
609.262,1,-39.7503,1.6757,-1.0864
609.274,1,-39.7501,1.6757,-1.0876
609.285,1,-39.7500,1.6758,-1.0889
609.296,1,-39.7498,1.6760,-1.0901
609.307,1,-39.7497,1.6763,-1.0913
609.319,1,-39.7495,1.6765,-1.0924
609.330,1,-39.7493,1.6764,-1.0936
609.342,1,-39.7493,1.6766,-1.0947
609.353,1,-39.7490,1.6768,-1.0959
609.364,1,-39.7488,1.6770,-1.0971
609.376,1,-39.7485,1.6772,-1.0982
609.387,1,-39.7483,1.6773,-1.0994
609.398,1,-39.7480,1.6775,-1.1005
609.410,1,-39.7478,1.6778,-1.1015
609.421,1,-39.7475,1.6779,-1.1026
609.432,1,-39.7474,1.6781,-1.1037
609.443,1,-39.7471,1.6782,-1.1048
609.454,1,-39.7470,1.6783,-1.1058
609.465,1,-39.7468,1.6783,-1.1069
609.476,1,-39.7465,1.6783,-1.1081
609.487,1,-39.7463,1.6783,-1.1091
609.498,1,-39.7461,1.6784,-1.1101
609.510,1,-39.7460,1.6783,-1.1110
609.521,1,-39.7458,1.6782,-1.1120
609.532,1,-39.7457,1.6781,-1.1130
609.543,1,-39.7455,1.6779,-1.1139
609.555,1,-39.7453,1.6778,-1.1148
609.566,1,-39.7450,1.6778,-1.1156
609.577,1,-39.7451,1.6776,-1.1164
609.588,1,-39.7448,1.6775,-1.1172
609.599,1,-39.7446,1.6773,-1.1179
609.610,1,-39.7443,1.6772,-1.1186
609.621,1,-39.7440,1.6771,-1.1193
609.632,1,-39.7438,1.6770,-1.1199
609.643,1,-39.7435,1.6768,-1.1206
609.655,1,-39.7432,1.6766,-1.1212
609.666,1,-39.7429,1.6764,-1.1219
609.678,1,-39.7425,1.6761,-1.1225
609.689,1,-39.7422,1.6757,-1.1233
609.700,1,-39.7417,1.6753,-1.1240
609.710,1,-39.7413,1.6749,-1.1246
609.722,1,-39.7408,1.6744,-1.1253
609.733,1,-39.7402,1.6741,-1.1261
609.744,1,-39.7395,1.6735,-1.1269
609.755,1,-39.7388,1.6730,-1.1277
609.766,1,-39.7381,1.6725,-1.1285
609.777,1,-39.7373,1.6719,-1.1293
609.788,1,-39.7364,1.6713,-1.1302
609.800,1,-39.7354,1.6706,-1.1311
609.811,1,-39.7344,1.6701,-1.1319
609.822,1,-39.7332,1.6696,-1.1328
609.832,1,-39.7321,1.6691,-1.1337
609.843,1,-39.7308,1.6686,-1.1347
609.855,1,-39.7297,1.6681,-1.1356
609.866,1,-39.7284,1.6676,-1.1366
609.877,1,-39.7267,1.6672,-1.1377
609.888,1,-39.7251,1.6668,-1.1388
609.899,1,-39.7236,1.6664,-1.1399
609.911,1,-39.7221,1.6659,-1.1411
609.922,1,-39.7206,1.6654,-1.1423
609.933,1,-39.7191,1.6649,-1.1435
609.944,1,-39.7176,1.6644,-1.1449
609.955,1,-39.7161,1.6639,-1.1462
609.967,1,-39.7146,1.6634,-1.1474
609.978,1,-39.7130,1.6630,-1.1487
609.988,1,-39.7114,1.6627,-1.1500
610.000,1,-39.7097,1.6623,-1.1515
610.010,1,-39.7080,1.6620,-1.1529
610.023,1,-39.7062,1.6617,-1.1544
610.033,1,-39.7044,1.6615,-1.1559
610.045,1,-39.7025,1.6612,-1.1576
610.057,1,-39.7006,1.6611,-1.1592
610.068,1,-39.6986,1.6610,-1.1608
610.080,1,-39.6968,1.6609,-1.1624
610.091,1,-39.6947,1.6608,-1.1640
610.103,1,-39.6928,1.6607,-1.1656
610.114,1,-39.6908,1.6606,-1.1671
610.126,1,-39.6888,1.6603,-1.1687
610.138,1,-39.6868,1.6599,-1.1703
610.149,1,-39.6848,1.6595,-1.1719
610.160,1,-39.6828,1.6591,-1.1736
610.172,1,-39.6809,1.6589,-1.1752
610.184,1,-39.6790,1.6588,-1.1768
610.196,1,-39.6771,1.6586,-1.1783
610.207,1,-39.6753,1.6585,-1.1797
610.219,1,-39.6734,1.6583,-1.1812
610.231,1,-39.6716,1.6582,-1.1826
610.242,1,-39.6698,1.6580,-1.1840
610.253,1,-39.6679,1.6579,-1.1853
610.265,1,-39.6659,1.6579,-1.1868
610.276,1,-39.6641,1.6578,-1.1881
610.287,1,-39.6622,1.6577,-1.1895
610.298,1,-39.6603,1.6577,-1.1906
610.309,1,-39.6585,1.6576,-1.1918
610.320,1,-39.6567,1.6576,-1.1929
610.332,1,-39.6548,1.6576,-1.1940
610.343,1,-39.6530,1.6576,-1.1951
610.354,1,-39.6510,1.6575,-1.1961
610.365,1,-39.6491,1.6574,-1.1971
610.376,1,-39.6473,1.6572,-1.1982
610.388,1,-39.6453,1.6571,-1.1992
610.399,1,-39.6434,1.6569,-1.2002
610.410,1,-39.6414,1.6568,-1.2011
610.421,1,-39.6393,1.6568,-1.2020
610.432,1,-39.6370,1.6569,-1.2029
610.443,1,-39.6347,1.6571,-1.2037
610.454,1,-39.6324,1.6572,-1.2045
610.465,1,-39.6302,1.6574,-1.2051
610.477,1,-39.6277,1.6575,-1.2059
610.487,1,-39.6253,1.6575,-1.2067
610.498,1,-39.6226,1.6577,-1.2075
610.509,1,-39.6199,1.6581,-1.2082
610.520,1,-39.6169,1.6587,-1.2090
610.531,1,-39.6141,1.6593,-1.2098
610.542,1,-39.6110,1.6601,-1.2106
610.554,1,-39.6080,1.6607,-1.2114
610.565,1,-39.6050,1.6611,-1.2120
610.576,1,-39.6019,1.6616,-1.2127
610.588,1,-39.5990,1.6623,-1.2132
610.599,1,-39.5959,1.6632,-1.2136
610.610,1,-39.5930,1.6641,-1.2138
610.622,1,-39.5903,1.6652,-1.2140
610.634,1,-39.5875,1.6660,-1.2143
610.645,1,-39.5851,1.6668,-1.2144
610.657,1,-39.5827,1.6674,-1.2147
610.669,1,-39.5804,1.6678,-1.2149
610.681,1,-39.5781,1.6683,-1.2149
610.693,1,-39.5758,1.6690,-1.2150
610.704,1,-39.5732,1.6698,-1.2149
610.716,1,-39.5707,1.6706,-1.2149
610.727,1,-39.5682,1.6713,-1.2146
610.739,1,-39.5659,1.6718,-1.2144
610.750,1,-39.5635,1.6723,-1.2142
610.762,1,-39.5611,1.6729,-1.2140
610.773,1,-39.5589,1.6735,-1.2138
610.785,1,-39.5569,1.6742,-1.2136
610.797,1,-39.5550,1.6746,-1.2133
610.808,1,-39.5534,1.6748,-1.2129
610.819,1,-39.5515,1.6751,-1.2126
610.830,1,-39.5496,1.6755,-1.2124
610.842,1,-39.5476,1.6760,-1.2122
610.853,1,-39.5455,1.6763,-1.2120
610.864,1,-39.5434,1.6765,-1.2120
610.875,1,-39.5414,1.6767,-1.2120
610.886,1,-39.5394,1.6768,-1.2122
610.898,1,-39.5374,1.6771,-1.2124
610.909,1,-39.5355,1.6776,-1.2125
610.920,1,-39.5335,1.6783,-1.2126
610.931,1,-39.5316,1.6788,-1.2127
610.942,1,-39.5300,1.6789,-1.2127
610.953,1,-39.5284,1.6790,-1.2127
610.964,1,-39.5267,1.6789,-1.2128
610.976,1,-39.5250,1.6790,-1.2128
610.987,1,-39.5233,1.6792,-1.2129
610.998,1,-39.5215,1.6794,-1.2130
611.009,1,-39.5200,1.6795,-1.2130
611.021,1,-39.5185,1.6794,-1.2131
611.031,1,-39.5170,1.6792,-1.2132
611.043,1,-39.5156,1.6789,-1.2133
611.053,1,-39.5142,1.6785,-1.2133
611.064,1,-39.5129,1.6782,-1.2133
611.076,1,-39.5115,1.6779,-1.2133
611.087,1,-39.5100,1.6778,-1.2133
611.098,1,-39.5087,1.6777,-1.2134
611.109,1,-39.5075,1.6773,-1.2133
611.120,1,-39.5065,1.6769,-1.2133
611.131,1,-39.5054,1.6762,-1.2132
611.142,1,-39.5046,1.6753,-1.2130
611.153,1,-39.5041,1.6742,-1.2129
611.165,1,-39.5036,1.6730,-1.2126
611.176,1,-39.5035,1.6715,-1.2124
611.186,1,-39.5036,1.6698,-1.2122
611.197,1,-39.5036,1.6682,-1.2120
611.209,1,-39.5036,1.6677,-1.2121
611.220,1,-39.5021,1.6707,-1.2124
611.231,1,-39.5005,1.6745,-1.2129
611.242,1,-39.4993,1.6768,-1.2132
611.253,1,-39.4980,1.6783,-1.2136
611.264,1,-39.4971,1.6786,-1.2138
611.275,1,-39.4965,1.6783,-1.2143
611.287,1,-39.4958,1.6778,-1.2147
611.298,1,-39.4952,1.6774,-1.2152
611.309,1,-39.4948,1.6777,-1.2156
611.320,1,-39.4945,1.6782,-1.2160
611.331,1,-39.4939,1.6788,-1.2164
611.342,1,-39.4935,1.6793,-1.2168
611.353,1,-39.4929,1.6796,-1.2173
611.364,1,-39.4924,1.6797,-1.2178
611.376,1,-39.4918,1.6796,-1.2184
611.386,1,-39.4912,1.6797,-1.2190
611.397,1,-39.4905,1.6801,-1.2198
611.409,1,-39.4898,1.6806,-1.2206
611.420,1,-39.4890,1.6812,-1.2213
611.431,1,-39.4883,1.6814,-1.2220
611.442,1,-39.4876,1.6814,-1.2226
611.453,1,-39.4870,1.6811,-1.2232
611.464,1,-39.4864,1.6809,-1.2238
611.475,1,-39.4858,1.6807,-1.2245
611.486,1,-39.4850,1.6805,-1.2250
611.497,1,-39.4841,1.6802,-1.2258
611.509,1,-39.4830,1.6799,-1.2264
611.520,1,-39.4818,1.6794,-1.2268
611.531,1,-39.4805,1.6787,-1.2273
611.542,1,-39.4791,1.6782,-1.2279
611.553,1,-39.4775,1.6775,-1.2284
611.564,1,-39.4761,1.6769,-1.2288
611.576,1,-39.4742,1.6765,-1.2291
611.587,1,-39.4723,1.6762,-1.2294
611.598,1,-39.4702,1.6759,-1.2297
611.609,1,-39.4681,1.6755,-1.2300
611.621,1,-39.4657,1.6752,-1.2302
611.631,1,-39.4633,1.6749,-1.2306
611.643,1,-39.4607,1.6746,-1.2308
611.654,1,-39.4580,1.6742,-1.2309
611.665,1,-39.4550,1.6739,-1.2310
611.676,1,-39.4518,1.6735,-1.2308
611.687,1,-39.4486,1.6732,-1.2309
611.698,1,-39.4450,1.6731,-1.2308
611.710,1,-39.4415,1.6731,-1.2308
611.721,1,-39.4375,1.6728,-1.2308
611.732,1,-39.4337,1.6725,-1.2306
611.743,1,-39.4297,1.6720,-1.2304
611.754,1,-39.4253,1.6712,-1.2300
611.766,1,-39.4209,1.6705,-1.2298
611.777,1,-39.4163,1.6698,-1.2294
611.789,1,-39.4114,1.6691,-1.2290
611.800,1,-39.4064,1.6684,-1.2285
611.812,1,-39.4014,1.6677,-1.2280
611.824,1,-39.3963,1.6670,-1.2275
611.835,1,-39.3910,1.6661,-1.2268
611.847,1,-39.3856,1.6654,-1.2261
611.859,1,-39.3801,1.6647,-1.2253
611.870,1,-39.3744,1.6643,-1.2244
611.882,1,-39.3686,1.6640,-1.2236
611.893,1,-39.3629,1.6638,-1.2227
611.905,1,-39.3570,1.6637,-1.2216
611.916,1,-39.3510,1.6636,-1.2205
611.928,1,-39.3447,1.6639,-1.2193
611.939,1,-39.3383,1.6644,-1.2181
611.951,1,-39.3316,1.6655,-1.2168
611.963,1,-39.3247,1.6669,-1.2154
611.974,1,-39.3179,1.6684,-1.2140
611.986,1,-39.3114,1.6696,-1.2125
611.997,1,-39.3048,1.6711,-1.2111
612.009,1,-39.2983,1.6729,-1.2098
612.020,1,-39.2917,1.6745,-1.2086
612.031,1,-39.2852,1.6761,-1.2073
612.044,1,-39.2785,1.6774,-1.2061
612.054,1,-39.2720,1.6784,-1.2049
612.064,1,-39.2655,1.6791,-1.2039
612.076,1,-39.2589,1.6797,-1.2029
612.088,1,-39.2524,1.6801,-1.2018
612.098,1,-39.2458,1.6805,-1.2010
612.110,1,-39.2391,1.6810,-1.2001
612.121,1,-39.2323,1.6815,-1.1995
612.132,1,-39.2255,1.6819,-1.1988
612.142,1,-39.2188,1.6823,-1.1982
612.153,1,-39.2115,1.6827,-1.1976
612.165,1,-39.2044,1.6832,-1.1970
612.177,1,-39.1972,1.6837,-1.1967
612.188,1,-39.1899,1.6841,-1.1962
612.200,1,-39.1827,1.6844,-1.1959
612.212,1,-39.1755,1.6845,-1.1957
612.223,1,-39.1683,1.6845,-1.1954
612.234,1,-39.1610,1.6843,-1.1953
612.247,1,-39.1536,1.6841,-1.1952
612.258,1,-39.1462,1.6839,-1.1951
612.270,1,-39.1387,1.6834,-1.1952
612.281,1,-39.1312,1.6830,-1.1953
612.292,1,-39.1234,1.6824,-1.1954
612.304,1,-39.1157,1.6818,-1.1955
612.316,1,-39.1080,1.6811,-1.1958
612.327,1,-39.1001,1.6804,-1.1961
612.339,1,-39.0923,1.6796,-1.1966
612.351,1,-39.0844,1.6789,-1.1971
612.362,1,-39.0765,1.6780,-1.1976
612.373,1,-39.0685,1.6768,-1.1981
612.384,1,-39.0606,1.6756,-1.1987
612.396,1,-39.0526,1.6743,-1.1993
612.407,1,-39.0443,1.6728,-1.2001
612.419,1,-39.0361,1.6713,-1.2009
612.429,1,-39.0280,1.6697,-1.2018
612.441,1,-39.0197,1.6682,-1.2028
612.452,1,-39.0113,1.6670,-1.2038
612.463,1,-39.0028,1.6658,-1.2049
612.474,1,-38.9942,1.6649,-1.2061
612.486,1,-38.9856,1.6642,-1.2071
612.497,1,-38.9769,1.6637,-1.2083
612.508,1,-38.9679,1.6634,-1.2096
612.519,1,-38.9592,1.6631,-1.2109
612.530,1,-38.9503,1.6631,-1.2123
612.541,1,-38.9415,1.6636,-1.2137
612.552,1,-38.9326,1.6647,-1.2151
612.564,1,-38.9236,1.6659,-1.2165
612.574,1,-38.9146,1.6668,-1.2179
612.585,1,-38.9054,1.6682,-1.2193
612.596,1,-38.8964,1.6698,-1.2208
612.607,1,-38.8874,1.6714,-1.2221
612.619,1,-38.8784,1.6728,-1.2234
612.630,1,-38.8697,1.6739,-1.2246
612.641,1,-38.8610,1.6748,-1.2258
612.652,1,-38.8526,1.6756,-1.2268
612.663,1,-38.8440,1.6764,-1.2278
612.674,1,-38.8354,1.6772,-1.2288
612.686,1,-38.8267,1.6782,-1.2296
612.697,1,-38.8180,1.6791,-1.2304
612.708,1,-38.8095,1.6801,-1.2311
612.719,1,-38.8009,1.6810,-1.2318
612.730,1,-38.7921,1.6822,-1.2325
612.741,1,-38.7835,1.6837,-1.2331
612.753,1,-38.7749,1.6850,-1.2336
612.764,1,-38.7661,1.6861,-1.2341
612.775,1,-38.7573,1.6870,-1.2347
612.786,1,-38.7488,1.6877,-1.2351
612.797,1,-38.7401,1.6882,-1.2356
612.809,1,-38.7313,1.6886,-1.2360
612.820,1,-38.7224,1.6887,-1.2363
612.831,1,-38.7135,1.6888,-1.2366
612.842,1,-38.7045,1.6887,-1.2367
612.853,1,-38.6957,1.6883,-1.2369
612.864,1,-38.6869,1.6879,-1.2370
612.875,1,-38.6779,1.6872,-1.2371
612.886,1,-38.6690,1.6864,-1.2371
612.897,1,-38.6598,1.6853,-1.2370
612.908,1,-38.6505,1.6842,-1.2370
612.919,1,-38.6413,1.6828,-1.2370
612.930,1,-38.6319,1.6812,-1.2368
612.941,1,-38.6227,1.6794,-1.2366
612.952,1,-38.6134,1.6773,-1.2363
612.963,1,-38.6040,1.6753,-1.2360
612.974,1,-38.5946,1.6733,-1.2357
612.986,1,-38.5849,1.6713,-1.2353
612.996,1,-38.5752,1.6695,-1.2349
613.008,1,-38.5654,1.6680,-1.2345
613.019,1,-38.5553,1.6669,-1.2340
613.030,1,-38.5454,1.6660,-1.2334
613.041,1,-38.5352,1.6654,-1.2328
613.052,1,-38.5249,1.6649,-1.2322
613.063,1,-38.5145,1.6646,-1.2315
613.074,1,-38.5039,1.6644,-1.2308
613.086,1,-38.4934,1.6647,-1.2299
613.098,1,-38.4827,1.6656,-1.2291
613.109,1,-38.4721,1.6669,-1.2282
613.119,1,-38.4614,1.6683,-1.2274
613.130,1,-38.4508,1.6700,-1.2266
613.141,1,-38.4404,1.6714,-1.2258
613.153,1,-38.4302,1.6730,-1.2251
613.164,1,-38.4200,1.6748,-1.2243
613.175,1,-38.4098,1.6767,-1.2237
613.186,1,-38.3999,1.6785,-1.2231
613.197,1,-38.3900,1.6801,-1.2225
613.208,1,-38.3803,1.6815,-1.2221
613.219,1,-38.3705,1.6826,-1.2218
613.230,1,-38.3609,1.6837,-1.2217
613.241,1,-38.3511,1.6848,-1.2215
613.252,1,-38.3414,1.6861,-1.2214
613.263,1,-38.3318,1.6875,-1.2212
613.274,1,-38.3221,1.6889,-1.2212
613.285,1,-38.3124,1.6902,-1.2210
613.296,1,-38.3027,1.6913,-1.2210
613.307,1,-38.2931,1.6925,-1.2209
613.319,1,-38.2835,1.6937,-1.2209
613.330,1,-38.2742,1.6948,-1.2209
613.341,1,-38.2647,1.6957,-1.2209
613.352,1,-38.2551,1.6965,-1.2210
613.363,1,-38.2459,1.6971,-1.2211
613.374,1,-38.2364,1.6976,-1.2212
613.385,1,-38.2268,1.6979,-1.2213
613.397,1,-38.2174,1.6981,-1.2214
613.408,1,-38.2079,1.6981,-1.2215
613.419,1,-38.1982,1.6980,-1.2217
613.430,1,-38.1886,1.6976,-1.2219
613.441,1,-38.1790,1.6973,-1.2220
613.452,1,-38.1692,1.6966,-1.2222
613.463,1,-38.1600,1.6959,-1.2224
613.474,1,-38.1502,1.6950,-1.2226
613.485,1,-38.1405,1.6939,-1.2231
613.496,1,-38.1307,1.6929,-1.2236
613.507,1,-38.1209,1.6916,-1.2240
613.518,1,-38.1112,1.6903,-1.2246
613.529,1,-38.1015,1.6885,-1.2251
613.540,1,-38.0917,1.6865,-1.2258
613.552,1,-38.0818,1.6846,-1.2264
613.562,1,-38.0719,1.6828,-1.2271
613.574,1,-38.0617,1.6812,-1.2280
613.585,1,-38.0515,1.6798,-1.2288
613.596,1,-38.0411,1.6783,-1.2299
613.608,1,-38.0307,1.6770,-1.2309
613.618,1,-38.0204,1.6758,-1.2321
613.629,1,-38.0100,1.6751,-1.2333
613.640,1,-37.9995,1.6745,-1.2344
613.652,1,-37.9889,1.6747,-1.2357
613.663,1,-37.9782,1.6753,-1.2371
613.674,1,-37.9675,1.6761,-1.2385
613.685,1,-37.9567,1.6777,-1.2401
613.697,1,-37.9459,1.6795,-1.2417
613.708,1,-37.9353,1.6813,-1.2433
613.719,1,-37.9246,1.6834,-1.2448
613.730,1,-37.9141,1.6855,-1.2463
613.741,1,-37.9038,1.6873,-1.2476
613.752,1,-37.8935,1.6885,-1.2488
613.763,1,-37.8834,1.6893,-1.2500
613.775,1,-37.8735,1.6897,-1.2510
613.786,1,-37.8637,1.6902,-1.2521
613.797,1,-37.8539,1.6909,-1.2530
613.808,1,-37.8439,1.6919,-1.2541
613.819,1,-37.8342,1.6931,-1.2551
613.830,1,-37.8244,1.6941,-1.2561
613.842,1,-37.8149,1.6949,-1.2571
613.852,1,-37.8054,1.6958,-1.2580
613.863,1,-37.7959,1.6969,-1.2590
613.874,1,-37.7864,1.6982,-1.2598
613.886,1,-37.7770,1.6993,-1.2605
613.896,1,-37.7675,1.7004,-1.2612
613.908,1,-37.7580,1.7013,-1.2620
613.919,1,-37.7483,1.7020,-1.2628
613.930,1,-37.7386,1.7024,-1.2635
613.941,1,-37.7292,1.7027,-1.2643
613.953,1,-37.7195,1.7028,-1.2650
613.964,1,-37.7099,1.7027,-1.2655
613.975,1,-37.7001,1.7025,-1.2661
613.986,1,-37.6904,1.7020,-1.2665
613.997,1,-37.6806,1.7014,-1.2671
614.008,1,-37.6707,1.7006,-1.2676
614.019,1,-37.6609,1.6996,-1.2680
614.031,1,-37.6510,1.6985,-1.2684
614.042,1,-37.6412,1.6970,-1.2686
614.053,1,-37.6312,1.6954,-1.2689
614.065,1,-37.6214,1.6937,-1.2691
614.076,1,-37.6114,1.6916,-1.2692
614.086,1,-37.6015,1.6895,-1.2692
614.097,1,-37.5915,1.6873,-1.2692
614.108,1,-37.5814,1.6852,-1.2693
614.119,1,-37.5711,1.6831,-1.2692
614.130,1,-37.5608,1.6811,-1.2692
614.141,1,-37.5505,1.6795,-1.2691
614.153,1,-37.5399,1.6785,-1.2690
614.164,1,-37.5296,1.6778,-1.2689
614.174,1,-37.5192,1.6771,-1.2687
614.186,1,-37.5088,1.6765,-1.2684
614.197,1,-37.4983,1.6764,-1.2681
614.207,1,-37.4877,1.6765,-1.2678
614.218,1,-37.4771,1.6771,-1.2673
614.229,1,-37.4663,1.6784,-1.2668
614.240,1,-37.4553,1.6803,-1.2662
614.252,1,-37.4443,1.6819,-1.2656
614.263,1,-37.4335,1.6838,-1.2651
614.274,1,-37.4227,1.6857,-1.2648
614.285,1,-37.4122,1.6878,-1.2643
614.296,1,-37.4019,1.6898,-1.2641
614.307,1,-37.3915,1.6915,-1.2638
614.318,1,-37.3814,1.6930,-1.2636
614.329,1,-37.3713,1.6943,-1.2635
614.340,1,-37.3614,1.6954,-1.2635
614.351,1,-37.3515,1.6965,-1.2637
614.362,1,-37.3416,1.6978,-1.2639
614.373,1,-37.3318,1.6995,-1.2642
614.384,1,-37.3220,1.7012,-1.2644
614.395,1,-37.3121,1.7026,-1.2647
614.407,1,-37.3025,1.7038,-1.2649
614.417,1,-37.2929,1.7049,-1.2652
614.428,1,-37.2833,1.7062,-1.2655
614.439,1,-37.2738,1.7074,-1.2657
614.451,1,-37.2643,1.7087,-1.2660
614.462,1,-37.2547,1.7098,-1.2663
614.473,1,-37.2453,1.7108,-1.2666
614.484,1,-37.2358,1.7116,-1.2670
614.496,1,-37.2263,1.7122,-1.2674
614.507,1,-37.2168,1.7128,-1.2677
614.518,1,-37.2072,1.7131,-1.2681
614.530,1,-37.1976,1.7134,-1.2684
614.541,1,-37.1879,1.7134,-1.2688
614.552,1,-37.1783,1.7135,-1.2693
614.563,1,-37.1687,1.7131,-1.2697
614.574,1,-37.1591,1.7126,-1.2702
614.585,1,-37.1495,1.7119,-1.2708
614.596,1,-37.1398,1.7112,-1.2714
614.607,1,-37.1303,1.7101,-1.2721
614.618,1,-37.1207,1.7091,-1.2728
614.629,1,-37.1110,1.7078,-1.2737
614.640,1,-37.1014,1.7063,-1.2745
614.651,1,-37.0918,1.7046,-1.2754
614.662,1,-37.0821,1.7026,-1.2765
614.674,1,-37.0724,1.7008,-1.2776
614.685,1,-37.0625,1.6991,-1.2788
614.696,1,-37.0526,1.6976,-1.2801
614.707,1,-37.0426,1.6960,-1.2815
614.718,1,-37.0325,1.6943,-1.2830
614.730,1,-37.0224,1.6927,-1.2845
614.741,1,-37.0123,1.6914,-1.2861
614.752,1,-37.0019,1.6906,-1.2877
614.763,1,-36.9916,1.6900,-1.2894
614.774,1,-36.9810,1.6897,-1.2912
614.785,1,-36.9706,1.6895,-1.2929
614.796,1,-36.9600,1.6899,-1.2948
614.807,1,-36.9494,1.6910,-1.2971
614.819,1,-36.9388,1.6920,-1.2992
614.830,1,-36.9282,1.6932,-1.3015
614.841,1,-36.9177,1.6945,-1.3036
614.852,1,-36.9074,1.6963,-1.3056
614.863,1,-36.8971,1.6986,-1.3078
614.874,1,-36.8866,1.7006,-1.3099
614.885,1,-36.8762,1.7022,-1.3118
614.896,1,-36.8659,1.7033,-1.3136
614.907,1,-36.8557,1.7042,-1.3155
614.918,1,-36.8460,1.7046,-1.3170
614.929,1,-36.8362,1.7053,-1.3187
614.940,1,-36.8266,1.7061,-1.3203
614.951,1,-36.8169,1.7071,-1.3219
614.962,1,-36.8073,1.7080,-1.3234
614.973,1,-36.7979,1.7088,-1.3249
614.984,1,-36.7884,1.7096,-1.3264
614.995,1,-36.7788,1.7106,-1.3278
615.007,1,-36.7692,1.7117,-1.3292
615.019,1,-36.7597,1.7129,-1.3305
615.029,1,-36.7502,1.7140,-1.3317
615.041,1,-36.7408,1.7148,-1.3330
615.051,1,-36.7315,1.7155,-1.3342
615.063,1,-36.7221,1.7161,-1.3355
615.074,1,-36.7128,1.7164,-1.3368
615.085,1,-36.7035,1.7166,-1.3380
615.095,1,-36.6937,1.7166,-1.3393
615.107,1,-36.6842,1.7166,-1.3405
615.119,1,-36.6746,1.7163,-1.3416
615.129,1,-36.6651,1.7159,-1.3427
615.141,1,-36.6555,1.7152,-1.3437
615.151,1,-36.6459,1.7143,-1.3447
615.162,1,-36.6364,1.7134,-1.3456
615.173,1,-36.6269,1.7122,-1.3465
615.184,1,-36.6173,1.7109,-1.3472
615.195,1,-36.6079,1.7095,-1.3479
615.207,1,-36.5983,1.7080,-1.3486
615.217,1,-36.5888,1.7063,-1.3491
615.229,1,-36.5791,1.7044,-1.3497
615.240,1,-36.5695,1.7024,-1.3502
615.251,1,-36.5598,1.7006,-1.3507
615.262,1,-36.5502,1.6986,-1.3511
615.273,1,-36.5403,1.6969,-1.3514
615.284,1,-36.5305,1.6954,-1.3518
615.295,1,-36.5206,1.6945,-1.3521
615.306,1,-36.5104,1.6936,-1.3524
615.318,1,-36.5004,1.6931,-1.3527
615.329,1,-36.4902,1.6926,-1.3528
615.340,1,-36.4802,1.6923,-1.3531
615.351,1,-36.4701,1.6924,-1.3532
615.362,1,-36.4599,1.6931,-1.3534
615.373,1,-36.4496,1.6941,-1.3535
615.384,1,-36.4395,1.6954,-1.3535
615.395,1,-36.4296,1.6963,-1.3535
615.406,1,-36.4197,1.6977,-1.3535
615.418,1,-36.4098,1.6995,-1.3536
615.429,1,-36.4002,1.7020,-1.3538
615.440,1,-36.3905,1.7043,-1.3539
615.451,1,-36.3810,1.7061,-1.3540
615.462,1,-36.3718,1.7076,-1.3542
615.473,1,-36.3627,1.7090,-1.3545
615.484,1,-36.3537,1.7103,-1.3551
615.495,1,-36.3446,1.7116,-1.3557
615.506,1,-36.3358,1.7132,-1.3563
615.518,1,-36.3267,1.7150,-1.3570
615.529,1,-36.3180,1.7166,-1.3577
615.540,1,-36.3094,1.7179,-1.3585
615.551,1,-36.3008,1.7191,-1.3593
615.562,1,-36.2925,1.7205,-1.3602
615.573,1,-36.2841,1.7220,-1.3610
615.584,1,-36.2758,1.7237,-1.3618
615.595,1,-36.2675,1.7252,-1.3627
615.606,1,-36.2593,1.7264,-1.3635
615.618,1,-36.2512,1.7273,-1.3644
615.628,1,-36.2432,1.7282,-1.3653
615.640,1,-36.2351,1.7291,-1.3662
615.651,1,-36.2270,1.7297,-1.3671
615.662,1,-36.2188,1.7302,-1.3681
615.673,1,-36.2108,1.7306,-1.3690
615.684,1,-36.2029,1.7309,-1.3700
615.695,1,-36.1948,1.7309,-1.3710
615.706,1,-36.1868,1.7308,-1.3721
615.718,1,-36.1788,1.7305,-1.3731
615.729,1,-36.1707,1.7300,-1.3741
615.740,1,-36.1627,1.7295,-1.3752
615.751,1,-36.1546,1.7288,-1.3763
615.762,1,-36.1466,1.7278,-1.3775
615.773,1,-36.1386,1.7268,-1.3787
615.785,1,-36.1306,1.7253,-1.3799
615.796,1,-36.1227,1.7236,-1.3811
615.807,1,-36.1147,1.7220,-1.3824
615.818,1,-36.1067,1.7202,-1.3837
615.829,1,-36.0987,1.7186,-1.3850
615.840,1,-36.0907,1.7171,-1.3865
615.852,1,-36.0826,1.7159,-1.3879
615.862,1,-36.0745,1.7147,-1.3894
615.873,1,-36.0664,1.7138,-1.3909
615.884,1,-36.0582,1.7132,-1.3926
615.895,1,-36.0499,1.7127,-1.3943
615.906,1,-36.0416,1.7124,-1.3960
615.917,1,-36.0332,1.7120,-1.3979
615.928,1,-36.0250,1.7117,-1.3999
615.940,1,-36.0168,1.7117,-1.4019
615.951,1,-36.0085,1.7123,-1.4041
615.962,1,-36.0001,1.7135,-1.4064
615.973,1,-35.9917,1.7143,-1.4087
615.984,1,-35.9834,1.7150,-1.4110
615.995,1,-35.9753,1.7159,-1.4133
616.006,1,-35.9672,1.7170,-1.4157
616.017,1,-35.9590,1.7184,-1.4180
616.028,1,-35.9507,1.7195,-1.4203
616.040,1,-35.9426,1.7206,-1.4223
616.051,1,-35.9346,1.7213,-1.4245
616.062,1,-35.9266,1.7220,-1.4267
616.073,1,-35.9186,1.7227,-1.4289
616.084,1,-35.9105,1.7235,-1.4309
616.096,1,-35.9026,1.7245,-1.4328
616.109,1,-35.8948,1.7254,-1.4346
616.117,1,-35.8868,1.7262,-1.4365
616.129,1,-35.8790,1.7269,-1.4382
616.140,1,-35.8713,1.7276,-1.4399
616.151,1,-35.8634,1.7286,-1.4414
616.162,1,-35.8557,1.7299,-1.4429
616.174,1,-35.8479,1.7312,-1.4442
616.185,1,-35.8403,1.7323,-1.4455
616.196,1,-35.8327,1.7333,-1.4468
616.207,1,-35.8250,1.7341,-1.4480
616.218,1,-35.8177,1.7346,-1.4492
616.230,1,-35.8102,1.7351,-1.4504
616.241,1,-35.8029,1.7356,-1.4514
616.252,1,-35.7954,1.7359,-1.4525
616.263,1,-35.7881,1.7362,-1.4536
616.274,1,-35.7803,1.7364,-1.4548
616.285,1,-35.7725,1.7366,-1.4558
616.297,1,-35.7648,1.7366,-1.4568
616.309,1,-35.7570,1.7365,-1.4577
616.320,1,-35.7493,1.7362,-1.4587
616.332,1,-35.7416,1.7357,-1.4595
616.344,1,-35.7340,1.7350,-1.4603
616.356,1,-35.7265,1.7343,-1.4612
616.368,1,-35.7190,1.7334,-1.4618
616.379,1,-35.7116,1.7324,-1.4624
616.391,1,-35.7042,1.7312,-1.4629
616.402,1,-35.6969,1.7300,-1.4635
616.414,1,-35.6896,1.7287,-1.4640
616.425,1,-35.6823,1.7276,-1.4643
616.437,1,-35.6750,1.7265,-1.4648
616.448,1,-35.6678,1.7256,-1.4650
616.460,1,-35.6606,1.7247,-1.4654
616.472,1,-35.6534,1.7238,-1.4655
616.483,1,-35.6464,1.7231,-1.4656
616.494,1,-35.6395,1.7225,-1.4657
616.506,1,-35.6325,1.7220,-1.4657
616.517,1,-35.6256,1.7216,-1.4658
616.528,1,-35.6187,1.7214,-1.4656
616.539,1,-35.6118,1.7216,-1.4655
616.551,1,-35.6051,1.7222,-1.4654
616.562,1,-35.5983,1.7231,-1.4654
616.574,1,-35.5917,1.7244,-1.4653
616.584,1,-35.5849,1.7260,-1.4651
616.596,1,-35.5782,1.7276,-1.4652
616.607,1,-35.5714,1.7290,-1.4651
616.618,1,-35.5645,1.7301,-1.4652
616.630,1,-35.5578,1.7312,-1.4652
616.642,1,-35.5512,1.7320,-1.4654
616.653,1,-35.5446,1.7328,-1.4658
616.665,1,-35.5383,1.7333,-1.4662
616.676,1,-35.5320,1.7338,-1.4669
616.688,1,-35.5257,1.7343,-1.4674
616.700,1,-35.5195,1.7348,-1.4682
616.712,1,-35.5132,1.7354,-1.4687
616.723,1,-35.5071,1.7359,-1.4695
616.735,1,-35.5010,1.7365,-1.4702
616.746,1,-35.4950,1.7371,-1.4709
616.758,1,-35.4892,1.7377,-1.4719
616.770,1,-35.4835,1.7383,-1.4726
616.781,1,-35.4778,1.7388,-1.4736
616.793,1,-35.4723,1.7394,-1.4745
616.805,1,-35.4669,1.7398,-1.4753
616.816,1,-35.4616,1.7403,-1.4763
616.828,1,-35.4566,1.7407,-1.4770
616.840,1,-35.4515,1.7412,-1.4784
616.851,1,-35.4465,1.7416,-1.4793
616.860,1,-35.4416,1.7420,-1.4803
616.874,1,-35.4368,1.7425,-1.4813
616.885,1,-35.4321,1.7428,-1.4823
616.897,1,-35.4276,1.7431,-1.4834
616.905,1,-35.4231,1.7433,-1.4842
616.920,1,-35.4188,1.7432,-1.4854
616.927,1,-35.4145,1.7430,-1.4863
616.942,1,-35.4104,1.7424,-1.4873
616.953,1,-35.4065,1.7416,-1.4882
616.966,1,-35.4028,1.7406,-1.4892
616.973,1,-35.3990,1.7400,-1.4903
616.987,1,-35.3959,1.7391,-1.4911
617.000,1,-35.3927,1.7383,-1.4919
617.006,1,-35.3893,1.7377,-1.4929
617.021,1,-35.3862,1.7371,-1.4943
617.032,1,-35.3831,1.7367,-1.4955
617.046,1,-35.3799,1.7365,-1.4966
617.053,1,-35.3767,1.7361,-1.4977
617.067,1,-35.3736,1.7362,-1.4987
617.080,1,-35.3706,1.7364,-1.4998
617.086,1,-35.3674,1.7364,-1.5009
617.101,1,-35.3643,1.7366,-1.5022
617.113,1,-35.3613,1.7369,-1.5035
617.126,1,-35.3582,1.7372,-1.5046
617.133,1,-35.3550,1.7374,-1.5057
617.147,1,-35.3518,1.7377,-1.5068
617.160,1,-35.3485,1.7383,-1.5080
617.171,1,-35.3453,1.7389,-1.5094
617.179,1,-35.3422,1.7393,-1.5106
617.194,1,-35.3392,1.7399,-1.5115
617.206,1,-35.3364,1.7404,-1.5125
617.219,1,-35.3337,1.7409,-1.5134
617.226,1,-35.3310,1.7412,-1.5143
617.241,1,-35.3287,1.7413,-1.5151
617.249,1,-35.3259,1.7416,-1.5160
617.263,1,-35.3238,1.7414,-1.5164
617.270,1,-35.3214,1.7415,-1.5171
617.286,1,-35.3192,1.7415,-1.5177
617.298,1,-35.3170,1.7415,-1.5183
617.304,1,-35.3147,1.7417,-1.5188
617.320,1,-35.3126,1.7416,-1.5196
617.332,1,-35.3105,1.7417,-1.5203
617.339,1,-35.3084,1.7418,-1.5208
617.354,1,-35.3066,1.7420,-1.5216
617.366,1,-35.3047,1.7420,-1.5219
617.378,1,-35.3028,1.7420,-1.5222
617.386,1,-35.3011,1.7421,-1.5229
617.401,1,-35.2994,1.7422,-1.5233
617.413,1,-35.2978,1.7423,-1.5234
617.424,1,-35.2961,1.7425,-1.5235
617.432,1,-35.2945,1.7426,-1.5236
617.447,1,-35.2929,1.7427,-1.5241
617.460,1,-35.2903,1.7426,-1.5175
617.466,1,-35.2887,1.7427,-1.5174
617.481,1,-35.2872,1.7430,-1.5181
617.494,1,-35.2858,1.7429,-1.5180
617.500,1,-35.2843,1.7430,-1.5179
617.515,1,-35.2830,1.7431,-1.5176
617.528,1,-35.2817,1.7434,-1.5175
617.535,1,-35.2804,1.7438,-1.5185
617.549,1,-35.2791,1.7444,-1.5183
617.562,1,-35.2779,1.7449,-1.5185
617.569,1,-35.2766,1.7451,-1.5182
617.584,1,-35.2757,1.7449,-1.5185
617.596,1,-35.2746,1.7448,-1.5182
617.603,1,-35.2735,1.7449,-1.5180
617.618,1,-35.2726,1.7450,-1.5176
617.625,1,-35.2716,1.7452,-1.5172
617.640,1,-35.2707,1.7451,-1.5170
617.649,1,-35.2698,1.7452,-1.5166
617.664,1,-35.2691,1.7455,-1.5173
617.670,1,-35.2682,1.7457,-1.5170
617.686,1,-35.2675,1.7461,-1.5172
617.693,1,-35.2667,1.7464,-1.5168
617.708,1,-35.2659,1.7465,-1.5159
617.715,1,-35.2651,1.7468,-1.5150
617.731,1,-35.2646,1.7468,-1.5149
617.738,1,-35.2640,1.7470,-1.5149
617.754,1,-35.2634,1.7471,-1.5146
617.760,1,-35.2627,1.7472,-1.5143
617.776,1,-35.2621,1.7473,-1.5140
617.783,1,-35.2614,1.7474,-1.5138
617.799,1,-35.2608,1.7475,-1.5136
617.812,1,-35.2602,1.7474,-1.5134
617.818,1,-35.2597,1.7474,-1.5136
617.833,1,-35.2591,1.7473,-1.5132
617.841,1,-35.2586,1.7472,-1.5134
617.857,1,-35.2580,1.7470,-1.5132
617.863,1,-35.2576,1.7468,-1.5134
617.879,1,-35.2571,1.7465,-1.5136
617.886,1,-35.2566,1.7463,-1.5134
617.902,1,-35.2561,1.7460,-1.5132
617.909,1,-35.2556,1.7459,-1.5131
617.925,1,-35.2551,1.7458,-1.5129
617.932,1,-35.2546,1.7457,-1.5127
617.948,1,-35.2541,1.7458,-1.5125
617.955,1,-35.2536,1.7459,-1.5123
617.969,1,-35.2530,1.7462,-1.5121
617.977,1,-35.2525,1.7464,-1.5119
617.993,1,-35.2518,1.7466,-1.5118
618.000,1,-35.2513,1.7467,-1.5116
618.014,1,-35.2507,1.7468,-1.5115
618.027,1,-35.2502,1.7467,-1.5114
618.034,1,-35.2498,1.7468,-1.5112
618.049,1,-35.2493,1.7465,-1.5109
618.057,1,-35.2489,1.7463,-1.5108
618.072,1,-35.2485,1.7461,-1.5107
618.079,1,-35.2482,1.7460,-1.5109
618.095,1,-35.2479,1.7458,-1.5112

# --- Trial 2 start ---
627.181,2,-39.6203,1.6902,-1.2134
627.211,2,-39.6202,1.6903,-1.2126
627.217,2,-39.6202,1.6904,-1.2122
627.228,2,-39.6203,1.6905,-1.2114
627.239,2,-39.6202,1.6905,-1.2109
627.255,2,-39.6202,1.6905,-1.2104
627.267,2,-39.6202,1.6905,-1.2099
627.278,2,-39.6202,1.6906,-1.2090
627.289,2,-39.6200,1.6906,-1.2080
627.310,2,-39.6199,1.6905,-1.2070
627.344,2,-39.6198,1.6902,-1.2059
627.351,2,-39.6196,1.6900,-1.2050
627.373,2,-39.6196,1.6896,-1.2038
627.394,2,-39.6196,1.6893,-1.2026
627.416,2,-39.6193,1.6888,-1.2013
627.438,2,-39.6190,1.6884,-1.2000
627.461,2,-39.6188,1.6880,-1.1986
627.483,2,-39.6184,1.6878,-1.1973
627.505,2,-39.6179,1.6878,-1.1959
627.527,2,-39.6173,1.6880,-1.1945
627.549,2,-39.6166,1.6883,-1.1932
627.571,2,-39.6160,1.6887,-1.1919
627.594,2,-39.6156,1.6891,-1.1902
627.617,2,-39.6143,1.6895,-1.1888
627.639,2,-39.6129,1.6901,-1.1876
627.661,2,-39.6115,1.6908,-1.1863
627.684,2,-39.6101,1.6914,-1.1851
627.706,2,-39.6087,1.6902,-1.1842
627.728,2,-39.6077,1.6878,-1.1834
627.751,2,-39.6063,1.6865,-1.1828
627.773,2,-39.6053,1.6865,-1.1827
627.789,2,-39.6047,1.6857,-1.1826
627.801,2,-39.6041,1.6852,-1.1825
627.812,2,-39.6035,1.6852,-1.1824
627.823,2,-39.6027,1.6856,-1.1824
627.834,2,-39.6019,1.6861,-1.1824
627.845,2,-39.6010,1.6863,-1.1825
627.857,2,-39.6003,1.6864,-1.1827
627.868,2,-39.5994,1.6865,-1.1829
627.879,2,-39.5985,1.6866,-1.1832
627.890,2,-39.5977,1.6868,-1.1833
627.902,2,-39.5969,1.6871,-1.1834
627.912,2,-39.5957,1.6873,-1.1837
627.924,2,-39.5948,1.6875,-1.1840
627.935,2,-39.5937,1.6876,-1.1844
627.946,2,-39.5927,1.6877,-1.1848
627.957,2,-39.5917,1.6877,-1.1852
627.968,2,-39.5906,1.6876,-1.1856
627.980,2,-39.5895,1.6875,-1.1861
627.991,2,-39.5882,1.6874,-1.1866
628.002,2,-39.5869,1.6872,-1.1872
628.013,2,-39.5855,1.6870,-1.1878
628.024,2,-39.5841,1.6867,-1.1884
628.035,2,-39.5826,1.6863,-1.1891
628.046,2,-39.5812,1.6859,-1.1898
628.058,2,-39.5797,1.6854,-1.1905
628.069,2,-39.5782,1.6848,-1.1912
628.081,2,-39.5766,1.6839,-1.1920
628.093,2,-39.5753,1.6830,-1.1927
628.105,2,-39.5738,1.6816,-1.1934
628.116,2,-39.5722,1.6801,-1.1943
628.127,2,-39.5707,1.6787,-1.1953
628.139,2,-39.5691,1.6771,-1.1963
628.152,2,-39.5678,1.6755,-1.1975
628.163,2,-39.5664,1.6760,-1.1986
628.174,2,-39.5641,1.6801,-1.1999
628.197,2,-39.5614,1.6868,-1.2014
628.209,2,-39.5594,1.6876,-1.2026
628.221,2,-39.5580,1.6865,-1.2038
628.234,2,-39.5571,1.6848,-1.2051
628.245,2,-39.5560,1.6829,-1.2064
628.257,2,-39.5549,1.6815,-1.2077
628.268,2,-39.5539,1.6808,-1.2091
628.281,2,-39.5529,1.6807,-1.2105
628.288,2,-39.5516,1.6805,-1.2118
628.302,2,-39.5504,1.6803,-1.2131
628.313,2,-39.5490,1.6798,-1.2145
628.324,2,-39.5478,1.6793,-1.2159
628.335,2,-39.5467,1.6789,-1.2174
628.346,2,-39.5456,1.6786,-1.2188
628.358,2,-39.5445,1.6786,-1.2203
628.370,2,-39.5435,1.6785,-1.2218
628.380,2,-39.5426,1.6780,-1.2233
628.392,2,-39.5415,1.6774,-1.2245
628.403,2,-39.5404,1.6769,-1.2259
628.414,2,-39.5392,1.6766,-1.2271
628.425,2,-39.5380,1.6768,-1.2284
628.436,2,-39.5367,1.6771,-1.2298
628.447,2,-39.5351,1.6775,-1.2312
628.458,2,-39.5337,1.6779,-1.2326
628.469,2,-39.5319,1.6779,-1.2340
628.480,2,-39.5302,1.6778,-1.2354
628.491,2,-39.5285,1.6776,-1.2366
628.502,2,-39.5267,1.6775,-1.2380
628.514,2,-39.5249,1.6773,-1.2391
628.525,2,-39.5229,1.6772,-1.2402
628.536,2,-39.5210,1.6771,-1.2413
628.547,2,-39.5189,1.6769,-1.2424
628.558,2,-39.5167,1.6767,-1.2434
628.569,2,-39.5144,1.6764,-1.2443
628.580,2,-39.5120,1.6760,-1.2452
628.591,2,-39.5096,1.6757,-1.2461
628.602,2,-39.5070,1.6755,-1.2469
628.613,2,-39.5043,1.6753,-1.2476
628.624,2,-39.5016,1.6749,-1.2480
628.635,2,-39.4986,1.6747,-1.2485
628.646,2,-39.4957,1.6744,-1.2491
628.658,2,-39.4926,1.6743,-1.2495
628.668,2,-39.4894,1.6743,-1.2499
628.680,2,-39.4861,1.6743,-1.2502
628.691,2,-39.4827,1.6742,-1.2504
628.702,2,-39.4794,1.6739,-1.2505
628.713,2,-39.4760,1.6736,-1.2506
628.724,2,-39.4724,1.6732,-1.2505
628.735,2,-39.4686,1.6729,-1.2504
628.746,2,-39.4649,1.6728,-1.2504
628.757,2,-39.4609,1.6727,-1.2502
628.768,2,-39.4567,1.6725,-1.2500
628.779,2,-39.4526,1.6721,-1.2497
628.790,2,-39.4482,1.6717,-1.2494
628.801,2,-39.4436,1.6712,-1.2490
628.812,2,-39.4388,1.6707,-1.2486
628.823,2,-39.4339,1.6703,-1.2482
628.835,2,-39.4290,1.6696,-1.2476
628.847,2,-39.4239,1.6689,-1.2471
628.857,2,-39.4187,1.6682,-1.2465
628.869,2,-39.4135,1.6672,-1.2458
628.879,2,-39.4081,1.6662,-1.2452
628.890,2,-39.4026,1.6652,-1.2445
628.901,2,-39.3970,1.6641,-1.2437
628.912,2,-39.3912,1.6630,-1.2429
628.923,2,-39.3854,1.6619,-1.2420
628.934,2,-39.3794,1.6606,-1.2410
628.946,2,-39.3734,1.6593,-1.2399
628.957,2,-39.3669,1.6580,-1.2388
628.969,2,-39.3603,1.6569,-1.2377
628.980,2,-39.3536,1.6558,-1.2365
628.992,2,-39.3469,1.6549,-1.2353
629.004,2,-39.3399,1.6539,-1.2341
629.015,2,-39.3330,1.6528,-1.2329
629.027,2,-39.3263,1.6518,-1.2313
629.039,2,-39.3192,1.6511,-1.2299
629.050,2,-39.3121,1.6506,-1.2285
629.061,2,-39.3048,1.6507,-1.2271
629.073,2,-39.2975,1.6510,-1.2255
629.085,2,-39.2900,1.6517,-1.2240
629.096,2,-39.2824,1.6525,-1.2224
629.108,2,-39.2746,1.6541,-1.2207
629.120,2,-39.2666,1.6561,-1.2190
629.131,2,-39.2587,1.6583,-1.2173
629.143,2,-39.2507,1.6607,-1.2157
629.155,2,-39.2426,1.6631,-1.2145
629.166,2,-39.2349,1.6654,-1.2131
629.177,2,-39.2271,1.6678,-1.2119
629.188,2,-39.2197,1.6701,-1.2107
629.199,2,-39.2123,1.6720,-1.2096
629.211,2,-39.2052,1.6735,-1.2086
629.222,2,-39.1981,1.6747,-1.2077
629.233,2,-39.1910,1.6757,-1.2070
629.244,2,-39.1839,1.6764,-1.2062
629.256,2,-39.1767,1.6774,-1.2056
629.267,2,-39.1696,1.6784,-1.2049
629.278,2,-39.1621,1.6794,-1.2045
629.289,2,-39.1549,1.6804,-1.2041
629.300,2,-39.1477,1.6813,-1.2037
629.311,2,-39.1405,1.6820,-1.2035
629.322,2,-39.1333,1.6829,-1.2032
629.333,2,-39.1262,1.6835,-1.2030
629.344,2,-39.1190,1.6841,-1.2028
629.356,2,-39.1117,1.6846,-1.2027
629.367,2,-39.1043,1.6849,-1.2027
629.378,2,-39.0970,1.6852,-1.2026
629.390,2,-39.0895,1.6854,-1.2027
629.400,2,-39.0821,1.6856,-1.2027
629.411,2,-39.0745,1.6855,-1.2028
629.422,2,-39.0669,1.6853,-1.2028
629.433,2,-39.0592,1.6850,-1.2030
629.445,2,-39.0515,1.6845,-1.2032
629.456,2,-39.0437,1.6839,-1.2034
629.467,2,-39.0358,1.6831,-1.2039
629.478,2,-39.0278,1.6823,-1.2042
629.489,2,-39.0197,1.6812,-1.2045
629.500,2,-39.0116,1.6801,-1.2049
629.511,2,-39.0034,1.6789,-1.2054
629.522,2,-38.9954,1.6775,-1.2056
629.533,2,-38.9869,1.6758,-1.2062
629.544,2,-38.9783,1.6741,-1.2070
629.555,2,-38.9698,1.6723,-1.2077
629.566,2,-38.9611,1.6703,-1.2085
629.578,2,-38.9525,1.6685,-1.2093
629.588,2,-38.9437,1.6668,-1.2101
629.600,2,-38.9347,1.6653,-1.2110
629.611,2,-38.9254,1.6641,-1.2121
629.622,2,-38.9160,1.6629,-1.2132
629.633,2,-38.9066,1.6619,-1.2144
629.644,2,-38.8972,1.6610,-1.2157
629.655,2,-38.8878,1.6604,-1.2169
629.666,2,-38.8781,1.6599,-1.2182
629.677,2,-38.8684,1.6597,-1.2195
629.688,2,-38.8586,1.6603,-1.2210
629.699,2,-38.8487,1.6613,-1.2225
629.710,2,-38.8386,1.6628,-1.2242
629.722,2,-38.8285,1.6645,-1.2258
629.732,2,-38.8186,1.6662,-1.2273
629.744,2,-38.8088,1.6681,-1.2287
629.755,2,-38.7990,1.6699,-1.2302
629.766,2,-38.7894,1.6717,-1.2317
629.777,2,-38.7798,1.6733,-1.2330
629.789,2,-38.7704,1.6746,-1.2341
629.800,2,-38.7613,1.6758,-1.2352
629.811,2,-38.7522,1.6768,-1.2362
629.822,2,-38.7433,1.6777,-1.2372
629.833,2,-38.7342,1.6790,-1.2381
629.844,2,-38.7253,1.6803,-1.2389
629.856,2,-38.7162,1.6819,-1.2398
629.867,2,-38.7071,1.6836,-1.2407
629.878,2,-38.6980,1.6851,-1.2415
629.889,2,-38.6890,1.6867,-1.2422
629.900,2,-38.6799,1.6884,-1.2428
629.911,2,-38.6707,1.6901,-1.2433
629.923,2,-38.6615,1.6916,-1.2439
629.933,2,-38.6524,1.6930,-1.2443
629.944,2,-38.6432,1.6941,-1.2448
629.956,2,-38.6340,1.6949,-1.2452
629.966,2,-38.6248,1.6953,-1.2455
629.977,2,-38.6158,1.6955,-1.2458
629.989,2,-38.6064,1.6955,-1.2461
630.000,2,-38.5972,1.6953,-1.2462
630.010,2,-38.5878,1.6950,-1.2464
630.021,2,-38.5783,1.6944,-1.2465
630.033,2,-38.5687,1.6937,-1.2467
630.044,2,-38.5591,1.6927,-1.2467
630.055,2,-38.5494,1.6915,-1.2467
630.066,2,-38.5397,1.6902,-1.2468
630.077,2,-38.5299,1.6885,-1.2468
630.088,2,-38.5201,1.6868,-1.2468
630.099,2,-38.5103,1.6846,-1.2468
630.110,2,-38.5004,1.6824,-1.2467
630.121,2,-38.4905,1.6802,-1.2466
630.132,2,-38.4805,1.6780,-1.2463
630.144,2,-38.4704,1.6758,-1.2461
630.155,2,-38.4602,1.6737,-1.2458
630.166,2,-38.4499,1.6719,-1.2456
630.177,2,-38.4393,1.6704,-1.2453
630.189,2,-38.4288,1.6692,-1.2450
630.200,2,-38.4183,1.6684,-1.2445
630.211,2,-38.4075,1.6678,-1.2441
630.222,2,-38.3969,1.6673,-1.2436
630.233,2,-38.3862,1.6671,-1.2431
630.244,2,-38.3754,1.6669,-1.2427
630.257,2,-38.3646,1.6679,-1.2422
630.268,2,-38.3538,1.6690,-1.2417
630.277,2,-38.3433,1.6704,-1.2412
630.288,2,-38.3327,1.6722,-1.2405
630.299,2,-38.3221,1.6739,-1.2400
630.310,2,-38.3115,1.6759,-1.2395
630.321,2,-38.3010,1.6783,-1.2391
630.332,2,-38.2905,1.6806,-1.2387
630.343,2,-38.2800,1.6828,-1.2383
630.355,2,-38.2701,1.6844,-1.2376
630.366,2,-38.2598,1.6861,-1.2374
630.377,2,-38.2494,1.6876,-1.2376
630.388,2,-38.2390,1.6890,-1.2375
630.399,2,-38.2290,1.6903,-1.2378
630.410,2,-38.2188,1.6918,-1.2379
630.422,2,-38.2088,1.6934,-1.2383
630.433,2,-38.1987,1.6948,-1.2386
630.444,2,-38.1884,1.6961,-1.2388
630.455,2,-38.1783,1.6975,-1.2393
630.466,2,-38.1682,1.6990,-1.2396
630.477,2,-38.1583,1.7004,-1.2400
630.489,2,-38.1483,1.7018,-1.2404
630.499,2,-38.1386,1.7028,-1.2407
630.511,2,-38.1289,1.7037,-1.2411
630.521,2,-38.1192,1.7044,-1.2415
630.532,2,-38.1094,1.7047,-1.2419
630.543,2,-38.0994,1.7050,-1.2425
630.554,2,-38.0895,1.7048,-1.2431
630.565,2,-38.0795,1.7047,-1.2436
630.577,2,-38.0695,1.7042,-1.2444
630.587,2,-38.0594,1.7036,-1.2450
630.599,2,-38.0492,1.7027,-1.2457
630.611,2,-38.0389,1.7016,-1.2465
630.621,2,-38.0288,1.7005,-1.2472
630.632,2,-38.0185,1.6991,-1.2481
630.643,2,-38.0082,1.6976,-1.2490
630.655,2,-37.9978,1.6959,-1.2500
630.666,2,-37.9874,1.6939,-1.2510
630.677,2,-37.9770,1.6918,-1.2521
630.688,2,-37.9667,1.6894,-1.2531
630.700,2,-37.9563,1.6870,-1.2544
630.711,2,-37.9458,1.6847,-1.2557
630.722,2,-37.9352,1.6825,-1.2569
630.733,2,-37.9247,1.6803,-1.2583
630.744,2,-37.9141,1.6785,-1.2596
630.755,2,-37.9034,1.6770,-1.2611
630.766,2,-37.8926,1.6760,-1.2627
630.777,2,-37.8817,1.6751,-1.2644
630.788,2,-37.8707,1.6746,-1.2660
630.799,2,-37.8596,1.6744,-1.2678
630.811,2,-37.8486,1.6743,-1.2696
630.822,2,-37.8375,1.6753,-1.2716
630.833,2,-37.8265,1.6764,-1.2735
630.844,2,-37.8153,1.6783,-1.2756
630.856,2,-37.8042,1.6801,-1.2776
630.866,2,-37.7932,1.6821,-1.2797
630.878,2,-37.7822,1.6844,-1.2816
630.888,2,-37.7711,1.6868,-1.2835
630.900,2,-37.7601,1.6892,-1.2853
630.911,2,-37.7492,1.6914,-1.2870
630.922,2,-37.7385,1.6933,-1.2886
630.933,2,-37.7279,1.6949,-1.2901
630.944,2,-37.7174,1.6964,-1.2916
630.955,2,-37.7070,1.6975,-1.2929
630.966,2,-37.6966,1.6988,-1.2943
630.977,2,-37.6863,1.7002,-1.2955
630.988,2,-37.6758,1.7016,-1.2967
630.999,2,-37.6655,1.7032,-1.2979
631.010,2,-37.6551,1.7047,-1.2991
631.022,2,-37.6448,1.7063,-1.3001
631.033,2,-37.6344,1.7078,-1.3011
631.043,2,-37.6240,1.7090,-1.3022
631.054,2,-37.6136,1.7100,-1.3031
631.066,2,-37.6031,1.7109,-1.3040
631.077,2,-37.5926,1.7115,-1.3049
631.088,2,-37.5822,1.7119,-1.3058
631.099,2,-37.5718,1.7120,-1.3066
631.111,2,-37.5612,1.7119,-1.3074
631.122,2,-37.5507,1.7116,-1.3082
631.133,2,-37.5401,1.7111,-1.3090
631.144,2,-37.5296,1.7103,-1.3096
631.155,2,-37.5190,1.7096,-1.3104
631.166,2,-37.5083,1.7085,-1.3110
631.177,2,-37.4974,1.7073,-1.3116
631.189,2,-37.4868,1.7060,-1.3122
631.199,2,-37.4762,1.7047,-1.3128
631.210,2,-37.4655,1.7031,-1.3133
631.222,2,-37.4548,1.7014,-1.3138
631.233,2,-37.4441,1.6992,-1.3142
631.244,2,-37.4335,1.6972,-1.3145
631.255,2,-37.4228,1.6951,-1.3149
631.266,2,-37.4119,1.6931,-1.3153
631.278,2,-37.4008,1.6911,-1.3156
631.288,2,-37.3897,1.6895,-1.3159
631.300,2,-37.3785,1.6883,-1.3161
631.311,2,-37.3672,1.6874,-1.3162
631.323,2,-37.3559,1.6867,-1.3163
631.333,2,-37.3447,1.6862,-1.3164
631.344,2,-37.3336,1.6859,-1.3165
631.355,2,-37.3225,1.6858,-1.3166
631.366,2,-37.3116,1.6864,-1.3166
631.378,2,-37.3005,1.6877,-1.3166
631.389,2,-37.2893,1.6888,-1.3165
631.400,2,-37.2782,1.6902,-1.3164
631.411,2,-37.2671,1.6917,-1.3164
631.422,2,-37.2560,1.6936,-1.3164
631.434,2,-37.2450,1.6954,-1.3164
631.444,2,-37.2342,1.6970,-1.3166
631.455,2,-37.2236,1.6985,-1.3168
631.466,2,-37.2131,1.6999,-1.3170
631.477,2,-37.2026,1.7009,-1.3173
631.489,2,-37.1924,1.7017,-1.3176
631.500,2,-37.1821,1.7028,-1.3181
631.511,2,-37.1719,1.7043,-1.3186
631.522,2,-37.1618,1.7061,-1.3192
631.533,2,-37.1516,1.7076,-1.3198
631.548,2,-37.1416,1.7089,-1.3203
631.559,2,-37.1315,1.7103,-1.3209
631.570,2,-37.1216,1.7117,-1.3215
631.581,2,-37.1117,1.7134,-1.3221
631.592,2,-37.1019,1.7149,-1.3227
631.603,2,-37.0921,1.7163,-1.3232
631.614,2,-37.0823,1.7175,-1.3239
631.626,2,-37.0725,1.7185,-1.3246
631.636,2,-37.0627,1.7192,-1.3253
631.647,2,-37.0531,1.7196,-1.3260
631.658,2,-37.0434,1.7197,-1.3267
631.669,2,-37.0336,1.7197,-1.3274
631.698,2,-37.0237,1.7186,-1.3282
631.705,2,-37.0042,1.7184,-1.3297
631.712,2,-36.9943,1.7179,-1.3305
631.721,2,-36.9844,1.7173,-1.3312
631.732,2,-36.9740,1.7163,-1.3321
631.743,2,-36.9636,1.7151,-1.3331
631.755,2,-36.9532,1.7138,-1.3340
631.766,2,-36.9428,1.7122,-1.3351
631.778,2,-36.9324,1.7104,-1.3361
631.790,2,-36.9221,1.7083,-1.3371
631.801,2,-36.9118,1.7063,-1.3382
631.813,2,-36.9014,1.7044,-1.3393
631.825,2,-36.8909,1.7026,-1.3405
631.836,2,-36.8804,1.7009,-1.3417
631.848,2,-36.8699,1.6994,-1.3429
631.859,2,-36.8593,1.6980,-1.3443
631.871,2,-36.8486,1.6970,-1.3457
631.882,2,-36.8379,1.6963,-1.3471
631.894,2,-36.8272,1.6959,-1.3485
631.905,2,-36.8163,1.6959,-1.3502
631.917,2,-36.8055,1.6961,-1.3519
631.929,2,-36.7947,1.6972,-1.3537
631.940,2,-36.7841,1.6987,-1.3556
631.951,2,-36.7734,1.7001,-1.3574
631.963,2,-36.7630,1.7019,-1.3593
631.975,2,-36.7526,1.7039,-1.3612
631.986,2,-36.7423,1.7056,-1.3629
631.997,2,-36.7320,1.7070,-1.3647
632.008,2,-36.7220,1.7083,-1.3664
632.019,2,-36.7123,1.7095,-1.3679
632.031,2,-36.7026,1.7105,-1.3693
632.042,2,-36.6930,1.7116,-1.3707
632.053,2,-36.6834,1.7128,-1.3721
632.064,2,-36.6740,1.7140,-1.3734
632.076,2,-36.6644,1.7155,-1.3747
632.087,2,-36.6549,1.7170,-1.3762
632.098,2,-36.6455,1.7185,-1.3775
632.109,2,-36.6361,1.7201,-1.3788
632.120,2,-36.6268,1.7218,-1.3800
632.131,2,-36.6175,1.7236,-1.3812
632.142,2,-36.6080,1.7253,-1.3824
632.153,2,-36.5987,1.7268,-1.3835
632.165,2,-36.5894,1.7281,-1.3846
632.176,2,-36.5801,1.7290,-1.3857
632.187,2,-36.5709,1.7296,-1.3867
632.198,2,-36.5616,1.7297,-1.3878
632.210,2,-36.5525,1.7297,-1.3889
632.221,2,-36.5432,1.7296,-1.3900
632.231,2,-36.5339,1.7293,-1.3910
632.243,2,-36.5246,1.7289,-1.3920
632.255,2,-36.5153,1.7283,-1.3929
632.265,2,-36.5059,1.7277,-1.3938
632.277,2,-36.4966,1.7269,-1.3947
632.288,2,-36.4873,1.7260,-1.3953
632.300,2,-36.4782,1.7249,-1.3960
632.309,2,-36.4691,1.7237,-1.3966
632.320,2,-36.4599,1.7221,-1.3972
632.332,2,-36.4507,1.7203,-1.3976
632.342,2,-36.4417,1.7185,-1.3980
632.354,2,-36.4325,1.7167,-1.3984
632.365,2,-36.4233,1.7152,-1.3989
632.376,2,-36.4141,1.7138,-1.3993
632.387,2,-36.4047,1.7125,-1.3995
632.398,2,-36.3952,1.7112,-1.3999
632.409,2,-36.3856,1.7101,-1.4001
632.420,2,-36.3760,1.7092,-1.4005
632.432,2,-36.3663,1.7085,-1.4008
632.442,2,-36.3567,1.7079,-1.4009
632.453,2,-36.3470,1.7074,-1.4010
632.464,2,-36.3374,1.7071,-1.4011
632.475,2,-36.3277,1.7073,-1.4012
632.487,2,-36.3180,1.7080,-1.4012
632.497,2,-36.3084,1.7090,-1.4012
632.508,2,-36.2988,1.7103,-1.4010
632.520,2,-36.2891,1.7117,-1.4009
632.531,2,-36.2795,1.7131,-1.4008
632.542,2,-36.2700,1.7148,-1.4007
632.553,2,-36.2605,1.7163,-1.4007
632.564,2,-36.2511,1.7178,-1.4006
632.576,2,-36.2418,1.7191,-1.4006
632.587,2,-36.2326,1.7202,-1.4006
632.598,2,-36.2236,1.7208,-1.4008
632.609,2,-36.2147,1.7213,-1.4010
632.620,2,-36.2060,1.7217,-1.4013
632.631,2,-36.1971,1.7225,-1.4015
632.642,2,-36.1884,1.7236,-1.4018
632.654,2,-36.1798,1.7247,-1.4022
632.665,2,-36.1711,1.7255,-1.4026
632.676,2,-36.1627,1.7261,-1.4030
632.687,2,-36.1545,1.7268,-1.4034
632.698,2,-36.1464,1.7278,-1.4038
632.710,2,-36.1383,1.7290,-1.4042
632.720,2,-36.1303,1.7302,-1.4046
632.731,2,-36.1224,1.7312,-1.4050
632.743,2,-36.1145,1.7321,-1.4054
632.754,2,-36.1066,1.7328,-1.4058
632.765,2,-36.0989,1.7333,-1.4061
632.776,2,-36.0912,1.7338,-1.4064
632.787,2,-36.0833,1.7342,-1.4066
632.799,2,-36.0752,1.7345,-1.4070
632.810,2,-36.0675,1.7347,-1.4074
632.821,2,-36.0596,1.7347,-1.4077
632.832,2,-36.0518,1.7344,-1.4081
632.843,2,-36.0439,1.7340,-1.4085
632.855,2,-36.0361,1.7336,-1.4088
632.866,2,-36.0285,1.7330,-1.4092
632.877,2,-36.0209,1.7323,-1.4096
632.888,2,-36.0133,1.7315,-1.4100
632.899,2,-36.0056,1.7304,-1.4106
632.910,2,-35.9979,1.7291,-1.4111
632.921,2,-35.9903,1.7277,-1.4115
632.932,2,-35.9827,1.7264,-1.4120
632.943,2,-35.9752,1.7252,-1.4125
632.954,2,-35.9675,1.7240,-1.4130
632.965,2,-35.9598,1.7227,-1.4136
632.976,2,-35.9521,1.7214,-1.4143
632.987,2,-35.9443,1.7202,-1.4150
632.998,2,-35.9365,1.7191,-1.4158
633.010,2,-35.9285,1.7183,-1.4165
633.021,2,-35.9206,1.7175,-1.4174
633.032,2,-35.9125,1.7168,-1.4183
633.043,2,-35.9046,1.7160,-1.4191
633.054,2,-35.8966,1.7152,-1.4202
633.066,2,-35.8887,1.7149,-1.4212
633.076,2,-35.8807,1.7151,-1.4222
633.088,2,-35.8727,1.7158,-1.4232
633.099,2,-35.8648,1.7162,-1.4242
633.110,2,-35.8570,1.7166,-1.4252
633.121,2,-35.8491,1.7173,-1.4262
633.132,2,-35.8413,1.7182,-1.4272
633.143,2,-35.8335,1.7193,-1.4282
633.155,2,-35.8257,1.7202,-1.4292
633.166,2,-35.8180,1.7209,-1.4301
633.177,2,-35.8104,1.7213,-1.4309
633.189,2,-35.8029,1.7215,-1.4316
633.199,2,-35.7956,1.7216,-1.4323
633.210,2,-35.7883,1.7219,-1.4328
633.221,2,-35.7810,1.7223,-1.4334
633.232,2,-35.7737,1.7228,-1.4339
633.244,2,-35.7665,1.7234,-1.4343
633.254,2,-35.7592,1.7241,-1.4349
633.266,2,-35.7519,1.7246,-1.4353
633.278,2,-35.7448,1.7253,-1.4357
633.289,2,-35.7376,1.7263,-1.4360
633.300,2,-35.7307,1.7274,-1.4362
633.311,2,-35.7238,1.7285,-1.4358
633.322,2,-35.7169,1.7296,-1.4361
633.333,2,-35.7101,1.7305,-1.4362
633.344,2,-35.7032,1.7314,-1.4363
633.356,2,-35.6965,1.7320,-1.4365
633.367,2,-35.6898,1.7326,-1.4365
633.378,2,-35.6830,1.7332,-1.4366
633.389,2,-35.6763,1.7338,-1.4366
633.401,2,-35.6695,1.7342,-1.4366
633.411,2,-35.6630,1.7347,-1.4366
633.422,2,-35.6559,1.7351,-1.4366
633.434,2,-35.6491,1.7353,-1.4365
633.446,2,-35.6422,1.7355,-1.4363
633.457,2,-35.6353,1.7354,-1.4361
633.469,2,-35.6286,1.7351,-1.4358
633.481,2,-35.6217,1.7346,-1.4357
633.492,2,-35.6150,1.7340,-1.4354
633.504,2,-35.6083,1.7332,-1.4351
633.516,2,-35.6016,1.7323,-1.4349
633.527,2,-35.5950,1.7315,-1.4345
633.539,2,-35.5883,1.7306,-1.4341
633.550,2,-35.5816,1.7295,-1.4336
633.562,2,-35.5749,1.7284,-1.4332
633.574,2,-35.5682,1.7272,-1.4327
633.586,2,-35.5615,1.7263,-1.4320
633.597,2,-35.5549,1.7255,-1.4314
633.609,2,-35.5483,1.7249,-1.4306
633.620,2,-35.5419,1.7242,-1.4299
633.631,2,-35.5355,1.7236,-1.4291
633.643,2,-35.5293,1.7230,-1.4284
633.654,2,-35.5230,1.7224,-1.4274
633.665,2,-35.5168,1.7219,-1.4266
633.676,2,-35.5105,1.7216,-1.4256
633.688,2,-35.5044,1.7215,-1.4247
633.699,2,-35.4983,1.7218,-1.4237
633.710,2,-35.4922,1.7221,-1.4226
633.721,2,-35.4861,1.7229,-1.4216
633.733,2,-35.4802,1.7240,-1.4206
633.744,2,-35.4744,1.7256,-1.4197
633.756,2,-35.4687,1.7271,-1.4187
633.767,2,-35.4631,1.7283,-1.4180
633.778,2,-35.4577,1.7293,-1.4171
633.790,2,-35.4523,1.7301,-1.4163
633.802,2,-35.4471,1.7310,-1.4156
633.809,2,-35.4419,1.7318,-1.4149
633.823,2,-35.4370,1.7325,-1.4145
633.835,2,-35.4320,1.7332,-1.4140
633.846,2,-35.4270,1.7337,-1.4138
633.857,2,-35.4221,1.7341,-1.4135
633.869,2,-35.4174,1.7343,-1.4132
633.880,2,-35.4127,1.7345,-1.4131
633.892,2,-35.4082,1.7347,-1.4127
633.903,2,-35.4038,1.7348,-1.4126
633.915,2,-35.3996,1.7351,-1.4123
633.926,2,-35.3954,1.7354,-1.4123
633.938,2,-35.3914,1.7359,-1.4123
633.950,2,-35.3874,1.7365,-1.4123
633.962,2,-35.3836,1.7370,-1.4123
633.973,2,-35.3798,1.7374,-1.4124
633.985,2,-35.3763,1.7377,-1.4123
633.997,2,-35.3728,1.7380,-1.4129
634.009,2,-35.3693,1.7381,-1.4129
634.020,2,-35.3661,1.7383,-1.4131
634.031,2,-35.3628,1.7384,-1.4131
634.043,2,-35.3597,1.7384,-1.4137
634.055,2,-35.3566,1.7383,-1.4139
634.067,2,-35.3535,1.7381,-1.4140
634.078,2,-35.3507,1.7380,-1.4142
634.085,2,-35.3478,1.7377,-1.4144
634.100,2,-35.3453,1.7374,-1.4148
634.112,2,-35.3428,1.7372,-1.4151
634.119,2,-35.3403,1.7371,-1.4155
634.134,2,-35.3381,1.7370,-1.4159
634.145,2,-35.3359,1.7367,-1.4162
634.157,2,-35.3339,1.7366,-1.4165
634.170,2,-35.3319,1.7366,-1.4170
634.177,2,-35.3298,1.7367,-1.4177
634.192,2,-35.3278,1.7375,-1.4181
634.204,2,-35.3258,1.7382,-1.4188
634.215,2,-35.3238,1.7385,-1.4191
634.227,2,-35.3219,1.7385,-1.4196
634.238,2,-35.3200,1.7387,-1.4201
634.250,2,-35.3181,1.7392,-1.4206
634.262,2,-35.3162,1.7397,-1.4211
634.274,2,-35.3144,1.7401,-1.4216
634.282,2,-35.3127,1.7406,-1.4221
634.296,2,-35.3112,1.7411,-1.4228
634.308,2,-35.3096,1.7416,-1.4235
634.322,2,-35.3080,1.7424,-1.4249
634.328,2,-35.3063,1.7430,-1.4256
634.343,2,-35.3048,1.7436,-1.4267
634.350,2,-35.3032,1.7442,-1.4274
634.366,2,-35.3018,1.7447,-1.4281
634.372,2,-35.3002,1.7452,-1.4287
634.388,2,-35.2988,1.7454,-1.4293
634.400,2,-35.2974,1.7456,-1.4299
634.407,2,-35.2960,1.7458,-1.4305
634.423,2,-35.2948,1.7460,-1.4310
634.430,2,-35.2934,1.7462,-1.4316
634.446,2,-35.2923,1.7463,-1.4324
634.458,2,-35.2912,1.7465,-1.4328
634.463,2,-35.2899,1.7467,-1.4334
634.479,2,-35.2889,1.7470,-1.4346
634.492,2,-35.2878,1.7472,-1.4351
634.498,2,-35.2867,1.7476,-1.4358
634.514,2,-35.2858,1.7477,-1.4359
634.521,2,-35.2848,1.7479,-1.4363
634.538,2,-35.2842,1.7480,-1.4374
634.544,2,-35.2833,1.7481,-1.4378
634.560,2,-35.2825,1.7480,-1.4382
634.567,2,-35.2818,1.7481,-1.4385
634.583,2,-35.2811,1.7479,-1.4385
634.590,2,-35.2804,1.7478,-1.4388
634.606,2,-35.2798,1.7476,-1.4388
634.612,2,-35.2791,1.7474,-1.4391
634.629,2,-35.2788,1.7471,-1.4401
634.636,2,-35.2782,1.7470,-1.4406
634.652,2,-35.2777,1.7468,-1.4408
634.664,2,-35.2776,1.7463,-1.4414
634.670,2,-35.2770,1.7461,-1.4417
634.686,2,-35.2768,1.7461,-1.4429
634.693,2,-35.2764,1.7460,-1.4431
634.710,2,-35.2760,1.7460,-1.4439
634.717,2,-35.2756,1.7460,-1.4441
634.733,2,-35.2752,1.7460,-1.4443
634.739,2,-35.2749,1.7460,-1.4449
634.755,2,-35.2747,1.7459,-1.4451

# --- Trial 3 start ---
647.172,3,-39.6248,1.6937,-1.1832
647.200,3,-39.6238,1.6936,-1.1825
647.212,3,-39.6234,1.6936,-1.1822
647.220,3,-39.6225,1.6936,-1.1814
647.229,3,-39.6221,1.6936,-1.1811
647.244,3,-39.6215,1.6937,-1.1807
647.256,3,-39.6211,1.6937,-1.1804
647.267,3,-39.6201,1.6939,-1.1797
647.278,3,-39.6191,1.6939,-1.1790
647.296,3,-39.6181,1.6943,-1.1781
647.320,3,-39.6166,1.6957,-1.1772
647.351,3,-39.6147,1.6971,-1.1761
647.362,3,-39.6132,1.6976,-1.1751
647.383,3,-39.6116,1.6977,-1.1740
647.406,3,-39.6103,1.6975,-1.1726
647.428,3,-39.6090,1.6970,-1.1714
647.450,3,-39.6080,1.6962,-1.1703
647.472,3,-39.6067,1.6965,-1.1691
647.495,3,-39.6048,1.6964,-1.1678
647.516,3,-39.6029,1.6950,-1.1668
647.539,3,-39.6007,1.6931,-1.1660
647.561,3,-39.5981,1.6920,-1.1655
647.583,3,-39.5953,1.6919,-1.1653
647.606,3,-39.5927,1.6918,-1.1651
647.629,3,-39.5898,1.6918,-1.1651
647.651,3,-39.5868,1.6920,-1.1653
647.673,3,-39.5834,1.6922,-1.1660
647.696,3,-39.5802,1.6919,-1.1669
647.718,3,-39.5765,1.6916,-1.1680
647.741,3,-39.5727,1.6918,-1.1690
647.763,3,-39.5705,1.6918,-1.1700
647.779,3,-39.5684,1.6913,-1.1709
647.791,3,-39.5665,1.6907,-1.1718
647.802,3,-39.5645,1.6901,-1.1728
647.813,3,-39.5626,1.6893,-1.1738
647.824,3,-39.5607,1.6884,-1.1748
647.836,3,-39.5588,1.6875,-1.1759
647.847,3,-39.5570,1.6864,-1.1769
647.858,3,-39.5552,1.6853,-1.1780
647.869,3,-39.5537,1.6837,-1.1793
647.881,3,-39.5523,1.6821,-1.1806
647.892,3,-39.5509,1.6803,-1.1818
647.903,3,-39.5494,1.6788,-1.1832
647.914,3,-39.5481,1.6776,-1.1847
647.925,3,-39.5462,1.6786,-1.1863
647.937,3,-39.5436,1.6820,-1.1880
647.947,3,-39.5414,1.6847,-1.1895
647.959,3,-39.5391,1.6864,-1.1911
647.970,3,-39.5370,1.6866,-1.1927
647.981,3,-39.5350,1.6860,-1.1944
647.992,3,-39.5329,1.6850,-1.1962
648.003,3,-39.5306,1.6846,-1.1980
648.015,3,-39.5281,1.6842,-1.1998
648.026,3,-39.5260,1.6839,-1.2014
648.038,3,-39.5238,1.6834,-1.2032
648.049,3,-39.5217,1.6827,-1.2050
648.061,3,-39.5194,1.6820,-1.2068
648.073,3,-39.5170,1.6812,-1.2086
648.084,3,-39.5145,1.6803,-1.2104
648.096,3,-39.5120,1.6795,-1.2120
648.108,3,-39.5094,1.6788,-1.2138
648.119,3,-39.5067,1.6783,-1.2155
648.131,3,-39.5040,1.6777,-1.2173
648.143,3,-39.5012,1.6772,-1.2189
648.154,3,-39.4981,1.6766,-1.2205
648.166,3,-39.4947,1.6762,-1.2220
648.189,3,-39.4906,1.6760,-1.2236
648.201,3,-39.4872,1.6757,-1.2251
648.213,3,-39.4838,1.6752,-1.2265
648.224,3,-39.4805,1.6747,-1.2278
648.236,3,-39.4770,1.6742,-1.2292
648.247,3,-39.4734,1.6737,-1.2306
648.258,3,-39.4697,1.6732,-1.2319
648.269,3,-39.4660,1.6726,-1.2331
648.281,3,-39.4623,1.6722,-1.2343
648.292,3,-39.4588,1.6718,-1.2354
648.303,3,-39.4551,1.6716,-1.2364
648.314,3,-39.4513,1.6714,-1.2373
648.326,3,-39.4474,1.6711,-1.2382
648.337,3,-39.4436,1.6708,-1.2391
648.348,3,-39.4396,1.6705,-1.2399
648.359,3,-39.4357,1.6705,-1.2408
648.370,3,-39.4317,1.6705,-1.2415
648.381,3,-39.4277,1.6705,-1.2422
648.392,3,-39.4236,1.6705,-1.2428
648.404,3,-39.4193,1.6705,-1.2434
648.415,3,-39.4151,1.6705,-1.2439
648.426,3,-39.4107,1.6703,-1.2444
648.437,3,-39.4060,1.6702,-1.2448
648.448,3,-39.4015,1.6701,-1.2452
648.459,3,-39.3967,1.6699,-1.2454
648.470,3,-39.3920,1.6694,-1.2456
648.482,3,-39.3871,1.6688,-1.2458
648.494,3,-39.3822,1.6682,-1.2459
648.504,3,-39.3771,1.6675,-1.2462
648.515,3,-39.3719,1.6667,-1.2462
648.526,3,-39.3666,1.6661,-1.2464
648.537,3,-39.3613,1.6652,-1.2463
648.549,3,-39.3559,1.6642,-1.2461
648.559,3,-39.3504,1.6631,-1.2459
648.570,3,-39.3448,1.6621,-1.2457
648.581,3,-39.3391,1.6611,-1.2454
648.592,3,-39.3332,1.6601,-1.2451
648.603,3,-39.3273,1.6591,-1.2447
648.614,3,-39.3211,1.6582,-1.2443
648.626,3,-39.3151,1.6573,-1.2437
648.637,3,-39.3088,1.6566,-1.2431
648.648,3,-39.3025,1.6560,-1.2424
648.659,3,-39.2961,1.6555,-1.2417
648.670,3,-39.2894,1.6552,-1.2409
648.681,3,-39.2828,1.6550,-1.2402
648.692,3,-39.2761,1.6550,-1.2393
648.704,3,-39.2693,1.6551,-1.2385
648.715,3,-39.2626,1.6554,-1.2376
648.726,3,-39.2560,1.6559,-1.2367
648.737,3,-39.2491,1.6568,-1.2358
648.748,3,-39.2420,1.6582,-1.2350
648.759,3,-39.2348,1.6598,-1.2340
648.770,3,-39.2277,1.6614,-1.2331
648.781,3,-39.2207,1.6633,-1.2322
648.792,3,-39.2137,1.6649,-1.2315
648.803,3,-39.2068,1.6666,-1.2308
648.814,3,-39.2000,1.6682,-1.2302
648.825,3,-39.1932,1.6698,-1.2297
648.836,3,-39.1865,1.6710,-1.2293
648.847,3,-39.1797,1.6719,-1.2289
648.858,3,-39.1732,1.6725,-1.2286
648.869,3,-39.1666,1.6729,-1.2283
648.880,3,-39.1601,1.6737,-1.2281
648.891,3,-39.1535,1.6745,-1.2278
648.902,3,-39.1466,1.6752,-1.2278
648.913,3,-39.1400,1.6759,-1.2277
648.924,3,-39.1333,1.6763,-1.2276
648.936,3,-39.1268,1.6767,-1.2276
648.947,3,-39.1204,1.6771,-1.2276
648.958,3,-39.1138,1.6777,-1.2278
648.969,3,-39.1071,1.6782,-1.2279
648.980,3,-39.1004,1.6788,-1.2281
648.991,3,-39.0938,1.6792,-1.2282
649.002,3,-39.0871,1.6796,-1.2285
649.013,3,-39.0804,1.6799,-1.2287
649.024,3,-39.0735,1.6800,-1.2290
649.035,3,-39.0665,1.6802,-1.2293
649.046,3,-39.0595,1.6803,-1.2297
649.058,3,-39.0523,1.6804,-1.2301
649.069,3,-39.0451,1.6803,-1.2305
649.080,3,-39.0378,1.6800,-1.2310
649.091,3,-39.0305,1.6797,-1.2315
649.103,3,-39.0230,1.6791,-1.2319
649.113,3,-39.0155,1.6785,-1.2324
649.125,3,-39.0079,1.6778,-1.2329
649.135,3,-39.0002,1.6770,-1.2335
649.146,3,-38.9924,1.6760,-1.2342
649.157,3,-38.9846,1.6749,-1.2348
649.168,3,-38.9766,1.6735,-1.2356
649.179,3,-38.9685,1.6718,-1.2363
649.191,3,-38.9603,1.6700,-1.2371
649.202,3,-38.9518,1.6680,-1.2381
649.214,3,-38.9433,1.6661,-1.2390
649.225,3,-38.9347,1.6644,-1.2400
649.236,3,-38.9263,1.6629,-1.2410
649.247,3,-38.9174,1.6620,-1.2421
649.258,3,-38.9089,1.6611,-1.2432
649.269,3,-38.8999,1.6605,-1.2445
649.281,3,-38.8906,1.6600,-1.2458
649.291,3,-38.8813,1.6598,-1.2472
649.303,3,-38.8717,1.6601,-1.2488
649.314,3,-38.8621,1.6607,-1.2504
649.325,3,-38.8523,1.6621,-1.2520
649.336,3,-38.8424,1.6637,-1.2536
649.347,3,-38.8324,1.6659,-1.2555
649.358,3,-38.8223,1.6681,-1.2572
649.369,3,-38.8121,1.6704,-1.2589
649.380,3,-38.8021,1.6725,-1.2606
649.391,3,-38.7923,1.6743,-1.2621
649.402,3,-38.7828,1.6760,-1.2635
649.413,3,-38.7732,1.6777,-1.2648
649.424,3,-38.7638,1.6793,-1.2661
649.435,3,-38.7543,1.6806,-1.2672
649.447,3,-38.7450,1.6816,-1.2683
649.458,3,-38.7355,1.6825,-1.2692
649.468,3,-38.7261,1.6834,-1.2701
649.480,3,-38.7168,1.6845,-1.2710
649.491,3,-38.7075,1.6858,-1.2718
649.502,3,-38.6980,1.6870,-1.2725
649.513,3,-38.6888,1.6883,-1.2731
649.523,3,-38.6792,1.6895,-1.2738
649.535,3,-38.6698,1.6909,-1.2742
649.546,3,-38.6603,1.6920,-1.2747
649.557,3,-38.6511,1.6930,-1.2751
649.568,3,-38.6419,1.6937,-1.2754
649.579,3,-38.6327,1.6942,-1.2756
649.590,3,-38.6233,1.6944,-1.2759
649.601,3,-38.6137,1.6945,-1.2761
649.613,3,-38.6041,1.6944,-1.2762
649.624,3,-38.5942,1.6940,-1.2763
649.635,3,-38.5846,1.6936,-1.2763
649.646,3,-38.5749,1.6930,-1.2762
649.657,3,-38.5651,1.6922,-1.2761
649.669,3,-38.5554,1.6912,-1.2759
649.680,3,-38.5456,1.6900,-1.2756
649.691,3,-38.5357,1.6888,-1.2753
649.702,3,-38.5258,1.6872,-1.2748
649.713,3,-38.5159,1.6856,-1.2743
649.724,3,-38.5059,1.6837,-1.2738
649.736,3,-38.4960,1.6813,-1.2731
649.746,3,-38.4861,1.6790,-1.2724
649.757,3,-38.4760,1.6767,-1.2718
649.768,3,-38.4659,1.6744,-1.2710
649.779,3,-38.4556,1.6721,-1.2702
649.790,3,-38.4452,1.6699,-1.2693
649.801,3,-38.4347,1.6679,-1.2684
649.812,3,-38.4239,1.6664,-1.2672
649.824,3,-38.4132,1.6650,-1.2661
649.835,3,-38.4023,1.6638,-1.2649
649.846,3,-38.3910,1.6625,-1.2637
649.857,3,-38.3797,1.6615,-1.2623
649.869,3,-38.3683,1.6611,-1.2609
649.881,3,-38.3568,1.6612,-1.2594
649.893,3,-38.3451,1.6620,-1.2579
649.904,3,-38.3332,1.6635,-1.2564
649.916,3,-38.3212,1.6654,-1.2549
649.928,3,-38.3095,1.6671,-1.2533
649.939,3,-38.2979,1.6689,-1.2518
649.951,3,-38.2865,1.6709,-1.2504
649.963,3,-38.2752,1.6728,-1.2491
649.974,3,-38.2641,1.6748,-1.2478
649.986,3,-38.2531,1.6766,-1.2467
649.997,3,-38.2422,1.6782,-1.2458
650.009,3,-38.2315,1.6795,-1.2451
650.020,3,-38.2208,1.6810,-1.2445
650.032,3,-38.2101,1.6826,-1.2439
650.044,3,-38.1994,1.6843,-1.2433
650.055,3,-38.1890,1.6859,-1.2427
650.066,3,-38.1788,1.6874,-1.2422
650.078,3,-38.1685,1.6888,-1.2419
650.089,3,-38.1584,1.6902,-1.2415
650.101,3,-38.1484,1.6917,-1.2412
650.112,3,-38.1386,1.6932,-1.2408
650.123,3,-38.1288,1.6945,-1.2404
650.135,3,-38.1188,1.6958,-1.2401
650.146,3,-38.1091,1.6969,-1.2398
650.157,3,-38.0991,1.6977,-1.2395
650.168,3,-38.0892,1.6983,-1.2392
650.180,3,-38.0794,1.6987,-1.2389
650.191,3,-38.0696,1.6991,-1.2386
650.202,3,-38.0598,1.6992,-1.2383
650.213,3,-38.0501,1.6989,-1.2380
650.224,3,-38.0403,1.6984,-1.2379
650.235,3,-38.0304,1.6979,-1.2377
650.246,3,-38.0206,1.6972,-1.2375
650.257,3,-38.0106,1.6963,-1.2373
650.269,3,-38.0005,1.6950,-1.2373
650.279,3,-37.9906,1.6937,-1.2372
650.291,3,-37.9806,1.6923,-1.2371
650.301,3,-37.9704,1.6907,-1.2372
650.312,3,-37.9602,1.6890,-1.2373
650.323,3,-37.9501,1.6869,-1.2375
650.334,3,-37.9400,1.6848,-1.2377
650.345,3,-37.9297,1.6827,-1.2379
650.357,3,-37.9195,1.6807,-1.2382
650.368,3,-37.9091,1.6787,-1.2386
650.379,3,-37.8985,1.6771,-1.2392
650.390,3,-37.8878,1.6757,-1.2398
650.401,3,-37.8771,1.6746,-1.2404
650.412,3,-37.8663,1.6738,-1.2412
650.423,3,-37.8555,1.6733,-1.2420
650.435,3,-37.8446,1.6729,-1.2429
650.446,3,-37.8336,1.6727,-1.2437
650.457,3,-37.8230,1.6732,-1.2448
650.468,3,-37.8122,1.6743,-1.2459
650.479,3,-37.8012,1.6762,-1.2472
650.490,3,-37.7904,1.6775,-1.2483
650.501,3,-37.7798,1.6788,-1.2495
650.513,3,-37.7690,1.6804,-1.2505
650.523,3,-37.7583,1.6820,-1.2515
650.534,3,-37.7477,1.6833,-1.2525
650.546,3,-37.7375,1.6841,-1.2535
650.556,3,-37.7273,1.6849,-1.2543
650.568,3,-37.7172,1.6861,-1.2550
650.579,3,-37.7071,1.6875,-1.2558
650.590,3,-37.6970,1.6892,-1.2564
650.601,3,-37.6869,1.6910,-1.2571
650.613,3,-37.6770,1.6926,-1.2576
650.623,3,-37.6671,1.6941,-1.2582
650.635,3,-37.6571,1.6957,-1.2588
650.646,3,-37.6471,1.6978,-1.2594
650.657,3,-37.6371,1.6999,-1.2598
650.668,3,-37.6272,1.7017,-1.2600
650.678,3,-37.6173,1.7033,-1.2602
650.690,3,-37.6072,1.7047,-1.2604
650.701,3,-37.5971,1.7057,-1.2608
650.712,3,-37.5871,1.7064,-1.2611
650.723,3,-37.5769,1.7071,-1.2613
650.734,3,-37.5668,1.7073,-1.2613
650.745,3,-37.5567,1.7073,-1.2614
650.757,3,-37.5465,1.7070,-1.2614
650.768,3,-37.5365,1.7065,-1.2612
650.778,3,-37.5262,1.7058,-1.2611
650.790,3,-37.5160,1.7048,-1.2610
650.801,3,-37.5057,1.7035,-1.2609
650.812,3,-37.4954,1.7022,-1.2607
650.823,3,-37.4850,1.7004,-1.2604
650.834,3,-37.4747,1.6986,-1.2601
650.845,3,-37.4644,1.6963,-1.2597
650.856,3,-37.4539,1.6940,-1.2593
650.867,3,-37.4433,1.6916,-1.2587
650.878,3,-37.4327,1.6896,-1.2583
650.889,3,-37.4220,1.6876,-1.2577
650.901,3,-37.4112,1.6857,-1.2571
650.912,3,-37.4004,1.6840,-1.2564
650.923,3,-37.3895,1.6826,-1.2556
650.934,3,-37.3786,1.6814,-1.2548
650.946,3,-37.3677,1.6805,-1.2539
650.956,3,-37.3569,1.6797,-1.2531
650.968,3,-37.3458,1.6793,-1.2521
650.979,3,-37.3348,1.6792,-1.2511
650.990,3,-37.3238,1.6797,-1.2501
651.001,3,-37.3126,1.6809,-1.2490
651.012,3,-37.3016,1.6820,-1.2480
651.023,3,-37.2908,1.6834,-1.2469
651.034,3,-37.2800,1.6846,-1.2457
651.045,3,-37.2695,1.6864,-1.2446
651.056,3,-37.2588,1.6883,-1.2437
651.068,3,-37.2483,1.6905,-1.2428
651.079,3,-37.2378,1.6929,-1.2419
651.090,3,-37.2275,1.6950,-1.2411
651.101,3,-37.2173,1.6967,-1.2405
651.112,3,-37.2074,1.6980,-1.2400
651.123,3,-37.1974,1.6993,-1.2396
651.135,3,-37.1876,1.7007,-1.2394
651.145,3,-37.1778,1.7024,-1.2390
651.157,3,-37.1679,1.7040,-1.2388
651.168,3,-37.1583,1.7054,-1.2385
651.179,3,-37.1486,1.7066,-1.2384
651.190,3,-37.1390,1.7079,-1.2382
651.201,3,-37.1296,1.7093,-1.2381
651.211,3,-37.1201,1.7106,-1.2380
651.223,3,-37.1107,1.7119,-1.2379
651.234,3,-37.1013,1.7130,-1.2377
651.245,3,-37.0920,1.7138,-1.2376
651.256,3,-37.0826,1.7145,-1.2375
651.267,3,-37.0733,1.7149,-1.2374
651.278,3,-37.0639,1.7153,-1.2373
651.290,3,-37.0545,1.7155,-1.2372
651.301,3,-37.0451,1.7156,-1.2372
651.312,3,-37.0357,1.7155,-1.2372
651.323,3,-37.0261,1.7150,-1.2374
651.334,3,-37.0166,1.7145,-1.2376
651.346,3,-37.0069,1.7137,-1.2378
651.357,3,-36.9973,1.7127,-1.2381
651.368,3,-36.9877,1.7117,-1.2384
651.379,3,-36.9781,1.7106,-1.2388
651.390,3,-36.9685,1.7094,-1.2392
651.401,3,-36.9588,1.7081,-1.2396
651.412,3,-36.9490,1.7066,-1.2400
651.423,3,-36.9393,1.7048,-1.2404
651.434,3,-36.9295,1.7029,-1.2410
651.446,3,-36.9199,1.7008,-1.2415
651.456,3,-36.9100,1.6991,-1.2421
651.468,3,-36.9001,1.6979,-1.2428
651.479,3,-36.8901,1.6967,-1.2436
651.490,3,-36.8799,1.6955,-1.2444
651.502,3,-36.8697,1.6941,-1.2455
651.512,3,-36.8595,1.6930,-1.2465
651.523,3,-36.8492,1.6923,-1.2478
651.533,3,-36.8386,1.6918,-1.2490
651.545,3,-36.8281,1.6916,-1.2503
651.556,3,-36.8176,1.6916,-1.2518
651.567,3,-36.8071,1.6918,-1.2533
651.578,3,-36.7966,1.6930,-1.2551
651.590,3,-36.7861,1.6946,-1.2569
651.601,3,-36.7758,1.6966,-1.2587
651.612,3,-36.7654,1.6984,-1.2604
651.623,3,-36.7550,1.7005,-1.2620
651.634,3,-36.7447,1.7024,-1.2637
651.645,3,-36.7345,1.7039,-1.2653
651.656,3,-36.7246,1.7050,-1.2668
651.668,3,-36.7150,1.7057,-1.2681
651.679,3,-36.7055,1.7064,-1.2693
651.690,3,-36.6955,1.7075,-1.2706
651.702,3,-36.6858,1.7087,-1.2718
651.713,3,-36.6760,1.7101,-1.2731
651.725,3,-36.6664,1.7115,-1.2743
651.737,3,-36.6567,1.7128,-1.2757
651.748,3,-36.6471,1.7142,-1.2769
651.760,3,-36.6374,1.7160,-1.2781
651.771,3,-36.6277,1.7180,-1.2792
651.783,3,-36.6181,1.7201,-1.2801
651.794,3,-36.6085,1.7219,-1.2810
651.807,3,-36.5990,1.7234,-1.2819
651.818,3,-36.5895,1.7247,-1.2829
651.829,3,-36.5800,1.7258,-1.2838
651.841,3,-36.5705,1.7266,-1.2848
651.854,3,-36.5609,1.7271,-1.2857
651.864,3,-36.5513,1.7274,-1.2866
651.876,3,-36.5418,1.7274,-1.2874
651.887,3,-36.5321,1.7273,-1.2883
651.899,3,-36.5226,1.7270,-1.2891
651.910,3,-36.5130,1.7264,-1.2898
651.922,3,-36.5034,1.7255,-1.2904
651.933,3,-36.4940,1.7244,-1.2911
651.945,3,-36.4844,1.7232,-1.2918
651.955,3,-36.4751,1.7217,-1.2925
651.967,3,-36.4656,1.7198,-1.2931
651.978,3,-36.4563,1.7177,-1.2936
651.989,3,-36.4468,1.7155,-1.2942
652.000,3,-36.4372,1.7133,-1.2948
652.012,3,-36.4276,1.7113,-1.2954
652.023,3,-36.4180,1.7094,-1.2959
652.034,3,-36.4082,1.7076,-1.2965
652.045,3,-36.3985,1.7061,-1.2969
652.056,3,-36.3887,1.7049,-1.2974
652.068,3,-36.3789,1.7042,-1.2979
652.078,3,-36.3690,1.7034,-1.2983
652.089,3,-36.3593,1.7027,-1.2987
652.101,3,-36.3495,1.7023,-1.2990
652.112,3,-36.3396,1.7022,-1.2994
652.123,3,-36.3295,1.7029,-1.2997
652.135,3,-36.3193,1.7042,-1.3000
652.145,3,-36.3094,1.7053,-1.3003
652.156,3,-36.2994,1.7065,-1.3005
652.167,3,-36.2895,1.7078,-1.3008
652.178,3,-36.2797,1.7095,-1.3012
652.190,3,-36.2700,1.7114,-1.3017
652.200,3,-36.2604,1.7133,-1.3022
652.211,3,-36.2508,1.7151,-1.3028
652.223,3,-36.2413,1.7166,-1.3034
652.234,3,-36.2321,1.7176,-1.3042
652.245,3,-36.2228,1.7186,-1.3050
652.256,3,-36.2138,1.7196,-1.3060
652.267,3,-36.2047,1.7211,-1.3069
652.278,3,-36.1958,1.7227,-1.3080
652.289,3,-36.1868,1.7242,-1.3090
652.300,3,-36.1780,1.7257,-1.3102
652.311,3,-36.1692,1.7269,-1.3113
652.323,3,-36.1609,1.7276,-1.3124
652.334,3,-36.1525,1.7290,-1.3137
652.345,3,-36.1440,1.7306,-1.3149
652.356,3,-36.1357,1.7323,-1.3162
652.367,3,-36.1273,1.7337,-1.3174
652.378,3,-36.1190,1.7349,-1.3187
652.389,3,-36.1106,1.7360,-1.3200
652.400,3,-36.1024,1.7366,-1.3214
652.411,3,-36.0940,1.7374,-1.3227
652.423,3,-36.0856,1.7379,-1.3241
652.434,3,-36.0772,1.7383,-1.3255
652.445,3,-36.0688,1.7385,-1.3269
652.456,3,-36.0606,1.7385,-1.3283
652.467,3,-36.0523,1.7383,-1.3298
652.478,3,-36.0441,1.7378,-1.3314
652.489,3,-36.0358,1.7373,-1.3329
652.500,3,-36.0276,1.7364,-1.3346
652.512,3,-36.0194,1.7355,-1.3362
652.522,3,-36.0114,1.7344,-1.3379
652.535,3,-36.0033,1.7330,-1.3396
652.545,3,-35.9953,1.7316,-1.3414
652.556,3,-35.9872,1.7299,-1.3433
652.567,3,-35.9789,1.7285,-1.3453
652.578,3,-35.9707,1.7266,-1.3474
652.589,3,-35.9625,1.7249,-1.3495
652.600,3,-35.9542,1.7232,-1.3518
652.612,3,-35.9459,1.7217,-1.3540
652.623,3,-35.9377,1.7204,-1.3562
652.635,3,-35.9294,1.7193,-1.3586
652.646,3,-35.9212,1.7184,-1.3608
652.657,3,-35.9130,1.7175,-1.3633
652.668,3,-35.9047,1.7165,-1.3658
652.679,3,-35.8965,1.7154,-1.3681
652.690,3,-35.8884,1.7147,-1.3709
652.701,3,-35.8801,1.7145,-1.3735
652.713,3,-35.8719,1.7149,-1.3760
652.723,3,-35.8637,1.7156,-1.3787
652.735,3,-35.8555,1.7161,-1.3813
652.746,3,-35.8474,1.7166,-1.3840
652.757,3,-35.8392,1.7175,-1.3868
652.768,3,-35.8313,1.7187,-1.3894
652.779,3,-35.8233,1.7199,-1.3920
652.791,3,-35.8155,1.7209,-1.3944
652.802,3,-35.8075,1.7217,-1.3969
652.813,3,-35.7994,1.7223,-1.3995
652.825,3,-35.7915,1.7228,-1.4019
652.836,3,-35.7836,1.7234,-1.4044
652.848,3,-35.7758,1.7244,-1.4067
652.860,3,-35.7679,1.7254,-1.4089
652.872,3,-35.7601,1.7265,-1.4111
652.884,3,-35.7524,1.7273,-1.4133
652.895,3,-35.7446,1.7284,-1.4154
652.907,3,-35.7369,1.7295,-1.4174
652.920,3,-35.7293,1.7307,-1.4194
652.930,3,-35.7219,1.7318,-1.4212
652.942,3,-35.7145,1.7327,-1.4229
652.953,3,-35.7071,1.7333,-1.4247
652.964,3,-35.6998,1.7340,-1.4265
652.976,3,-35.6925,1.7345,-1.4282
652.988,3,-35.6852,1.7348,-1.4297
652.999,3,-35.6781,1.7352,-1.4313
653.010,3,-35.6708,1.7354,-1.4327
653.021,3,-35.6636,1.7355,-1.4340
653.033,3,-35.6564,1.7356,-1.4353
653.044,3,-35.6491,1.7356,-1.4366
653.055,3,-35.6419,1.7355,-1.4377
653.067,3,-35.6348,1.7355,-1.4388
653.078,3,-35.6276,1.7353,-1.4398
653.089,3,-35.6204,1.7349,-1.4408
653.101,3,-35.6134,1.7343,-1.4417
653.112,3,-35.6063,1.7336,-1.4424
653.123,3,-35.5993,1.7328,-1.4432
653.134,3,-35.5923,1.7320,-1.4437
653.146,3,-35.5854,1.7312,-1.4443
653.157,3,-35.5785,1.7304,-1.4447
653.168,3,-35.5718,1.7298,-1.4452
653.180,3,-35.5651,1.7290,-1.4456
653.192,3,-35.5585,1.7282,-1.4458
653.203,3,-35.5519,1.7273,-1.4459
653.215,3,-35.5454,1.7264,-1.4460
653.227,3,-35.5390,1.7256,-1.4460
653.235,3,-35.5326,1.7249,-1.4460
653.247,3,-35.5261,1.7244,-1.4460
653.259,3,-35.5195,1.7239,-1.4461
653.271,3,-35.5131,1.7236,-1.4458
653.282,3,-35.5067,1.7237,-1.4455
653.294,3,-35.5003,1.7240,-1.4452
653.307,3,-35.4940,1.7247,-1.4449
653.317,3,-35.4878,1.7255,-1.4445
653.329,3,-35.4816,1.7264,-1.4442
653.341,3,-35.4756,1.7278,-1.4438
653.352,3,-35.4696,1.7292,-1.4434
653.363,3,-35.4638,1.7303,-1.4430
653.375,3,-35.4581,1.7309,-1.4427
653.387,3,-35.4524,1.7315,-1.4427
653.398,3,-35.4469,1.7320,-1.4427
653.410,3,-35.4415,1.7326,-1.4426
653.422,3,-35.4363,1.7333,-1.4428
653.434,3,-35.4312,1.7339,-1.4429
653.446,3,-35.4262,1.7345,-1.4432
653.457,3,-35.4215,1.7348,-1.4435
653.464,3,-35.4166,1.7354,-1.4437
653.479,3,-35.4120,1.7359,-1.4443
653.486,3,-35.4073,1.7364,-1.4446
653.502,3,-35.4030,1.7370,-1.4452
653.510,3,-35.3985,1.7376,-1.4455
653.523,3,-35.3944,1.7382,-1.4462
653.536,3,-35.3902,1.7389,-1.4469
653.544,3,-35.3859,1.7394,-1.4475
653.558,3,-35.3819,1.7398,-1.4482
653.565,3,-35.3778,1.7403,-1.4489
653.580,3,-35.3742,1.7407,-1.4498
653.593,3,-35.3704,1.7410,-1.4505
653.599,3,-35.3666,1.7413,-1.4513
653.614,3,-35.3631,1.7415,-1.4521
653.621,3,-35.3594,1.7416,-1.4530
653.637,3,-35.3559,1.7418,-1.4539
653.644,3,-35.3522,1.7420,-1.4547
653.659,3,-35.3490,1.7421,-1.4557
653.672,3,-35.3456,1.7422,-1.4565
653.684,3,-35.3423,1.7422,-1.4573
653.691,3,-35.3390,1.7423,-1.4581
653.706,3,-35.3361,1.7425,-1.4592
653.718,3,-35.3334,1.7426,-1.4598
653.725,3,-35.3304,1.7428,-1.4606
653.740,3,-35.3279,1.7427,-1.4613
653.752,3,-35.3254,1.7425,-1.4620
653.764,3,-35.3230,1.7423,-1.4626
653.776,3,-35.3206,1.7423,-1.4633
653.783,3,-35.3182,1.7424,-1.4642
653.798,3,-35.3160,1.7428,-1.4649
653.811,3,-35.3138,1.7435,-1.4657
653.818,3,-35.3115,1.7439,-1.4666
653.833,3,-35.3094,1.7440,-1.4674
653.845,3,-35.3074,1.7438,-1.4682
653.857,3,-35.3055,1.7438,-1.4690
653.864,3,-35.3036,1.7438,-1.4699
653.880,3,-35.3020,1.7439,-1.4710
653.887,3,-35.3002,1.7440,-1.4718
653.902,3,-35.2987,1.7441,-1.4731
653.910,3,-35.2972,1.7442,-1.4739
653.925,3,-35.2957,1.7442,-1.4750
653.932,3,-35.2941,1.7443,-1.4757
653.947,3,-35.2927,1.7443,-1.4763
653.959,3,-35.2914,1.7443,-1.4770
653.966,3,-35.2900,1.7443,-1.4776
653.981,3,-35.2889,1.7443,-1.4781
653.988,3,-35.2877,1.7443,-1.4786
654.002,3,-35.2866,1.7444,-1.4790
654.014,3,-35.2856,1.7446,-1.4795
654.026,3,-35.2848,1.7448,-1.4809
654.034,3,-35.2837,1.7451,-1.4812
654.049,3,-35.2828,1.7454,-1.4816
654.057,3,-35.2820,1.7457,-1.4820
654.072,3,-35.2811,1.7461,-1.4822
654.084,3,-35.2803,1.7465,-1.4824
654.091,3,-35.2793,1.7470,-1.4827
654.106,3,-35.2784,1.7476,-1.4827
654.118,3,-35.2777,1.7483,-1.4841
654.125,3,-35.2767,1.7488,-1.4843
654.140,3,-35.2759,1.7493,-1.4849
654.153,3,-35.2750,1.7497,-1.4852
654.160,3,-35.2741,1.7501,-1.4854
654.175,3,-35.2731,1.7504,-1.4855
654.183,3,-35.2722,1.7506,-1.4857
654.198,3,-35.2713,1.7509,-1.4863
654.210,3,-35.2704,1.7514,-1.4865
654.217,3,-35.2696,1.7519,-1.4869
654.233,3,-35.2689,1.7518,-1.4869
654.240,3,-35.2681,1.7515,-1.4869
654.255,3,-35.2676,1.7509,-1.4874
654.268,3,-35.2672,1.7504,-1.4875
654.275,3,-35.2666,1.7502,-1.4876
654.290,3,-35.2663,1.7498,-1.4877
654.297,3,-35.2658,1.7495,-1.4878
654.313,3,-35.2657,1.7491,-1.4879
654.325,3,-35.2654,1.7488,-1.4879
654.331,3,-35.2651,1.7484,-1.4880
654.348,3,-35.2652,1.7480,-1.4884
654.359,3,-35.2651,1.7476,-1.4881
654.366,3,-35.2650,1.7472,-1.4881
654.380,3,-35.2652,1.7469,-1.4885
654.388,3,-35.2651,1.7465,-1.4884
654.403,3,-35.2652,1.7461,-1.4883
654.411,3,-35.2651,1.7457,-1.4882
654.425,3,-35.2651,1.7453,-1.4880
654.433,3,-35.2650,1.7449,-1.4879
654.447,3,-35.2650,1.7446,-1.4881
654.459,3,-35.2649,1.7443,-1.4879
654.467,3,-35.2649,1.7441,-1.4879
654.482,3,-35.2648,1.7440,-1.4877
654.494,3,-35.2647,1.7438,-1.4877
654.506,3,-35.2646,1.7438,-1.4882
654.513,3,-35.2646,1.7436,-1.4881
654.529,3,-35.2646,1.7438,-1.4888
654.537,3,-35.2645,1.7438,-1.4888
654.551,3,-35.2643,1.7439,-1.4887
654.565,3,-35.2642,1.7441,-1.4889
654.573,3,-35.2642,1.7441,-1.4890
654.586,3,-35.2640,1.7442,-1.4890
654.594,3,-35.2639,1.7442,-1.4888
654.609,3,-35.2639,1.7442,-1.4888

# --- Trial 4 start ---
663.741,4,-39.7055,1.6936,-1.1809
663.769,4,-39.7048,1.6930,-1.1813
663.775,4,-39.7044,1.6928,-1.1815
663.785,4,-39.7040,1.6925,-1.1818
663.795,4,-39.7037,1.6922,-1.1820
663.806,4,-39.7035,1.6918,-1.1823
663.821,4,-39.7033,1.6912,-1.1827
663.837,4,-39.7031,1.6903,-1.1832
663.847,4,-39.7032,1.6898,-1.1835
663.866,4,-39.7034,1.6893,-1.1839
663.873,4,-39.7034,1.6887,-1.1842
663.885,4,-39.7036,1.6882,-1.1846
663.895,4,-39.7037,1.6877,-1.1850
663.906,4,-39.7037,1.6871,-1.1855
663.917,4,-39.7038,1.6863,-1.1860
663.929,4,-39.7038,1.6852,-1.1864
663.940,4,-39.7039,1.6841,-1.1869
663.951,4,-39.7040,1.6831,-1.1873
663.962,4,-39.7039,1.6828,-1.1877
663.973,4,-39.7031,1.6852,-1.1883
663.984,4,-39.7020,1.6885,-1.1890
663.995,4,-39.7009,1.6922,-1.1896
664.006,4,-39.7000,1.6944,-1.1901
664.017,4,-39.6990,1.6951,-1.1907
664.029,4,-39.6983,1.6947,-1.1913
664.040,4,-39.6977,1.6935,-1.1920
664.051,4,-39.6969,1.6920,-1.1927
664.062,4,-39.6962,1.6910,-1.1935
664.073,4,-39.6955,1.6901,-1.1945
664.084,4,-39.6947,1.6897,-1.1956
664.095,4,-39.6939,1.6893,-1.1968
664.106,4,-39.6932,1.6886,-1.1979
664.117,4,-39.6923,1.6876,-1.1992
664.128,4,-39.6915,1.6865,-1.2004
664.139,4,-39.6906,1.6856,-1.2015
664.150,4,-39.6897,1.6853,-1.2029
664.162,4,-39.6886,1.6852,-1.2041
664.172,4,-39.6875,1.6854,-1.2055
664.184,4,-39.6863,1.6856,-1.2067
664.195,4,-39.6850,1.6856,-1.2081
664.206,4,-39.6837,1.6856,-1.2094
664.217,4,-39.6823,1.6858,-1.2108
664.228,4,-39.6808,1.6858,-1.2123
664.239,4,-39.6793,1.6860,-1.2138
664.251,4,-39.6775,1.6863,-1.2154
664.262,4,-39.6756,1.6865,-1.2170
664.273,4,-39.6736,1.6864,-1.2187
664.284,4,-39.6715,1.6863,-1.2203
664.295,4,-39.6693,1.6861,-1.2220
664.307,4,-39.6670,1.6858,-1.2238
664.318,4,-39.6648,1.6854,-1.2256
664.329,4,-39.6624,1.6850,-1.2275
664.341,4,-39.6601,1.6845,-1.2293
664.351,4,-39.6579,1.6840,-1.2313
664.363,4,-39.6557,1.6833,-1.2333
664.374,4,-39.6535,1.6825,-1.2352
664.385,4,-39.6511,1.6815,-1.2372
664.396,4,-39.6489,1.6802,-1.2392
664.407,4,-39.6466,1.6786,-1.2412
664.418,4,-39.6442,1.6768,-1.2432
664.429,4,-39.6417,1.6753,-1.2451
664.440,4,-39.6389,1.6744,-1.2470
664.451,4,-39.6357,1.6741,-1.2488
664.462,4,-39.6323,1.6740,-1.2508
664.473,4,-39.6290,1.6737,-1.2526
664.484,4,-39.6257,1.6732,-1.2544
664.495,4,-39.6224,1.6724,-1.2562
664.506,4,-39.6191,1.6717,-1.2580
664.517,4,-39.6156,1.6710,-1.2597
664.528,4,-39.6122,1.6704,-1.2614
664.539,4,-39.6083,1.6699,-1.2630
664.550,4,-39.6046,1.6695,-1.2646
664.562,4,-39.6005,1.6692,-1.2662
664.573,4,-39.5963,1.6691,-1.2678
664.584,4,-39.5921,1.6688,-1.2692
664.595,4,-39.5879,1.6685,-1.2706
664.606,4,-39.5835,1.6679,-1.2719
664.617,4,-39.5790,1.6675,-1.2733
664.628,4,-39.5743,1.6671,-1.2747
664.639,4,-39.5695,1.6667,-1.2761
664.650,4,-39.5643,1.6663,-1.2774
664.663,4,-39.5590,1.6657,-1.2786
664.674,4,-39.5538,1.6650,-1.2798
664.683,4,-39.5485,1.6643,-1.2811
664.694,4,-39.5431,1.6636,-1.2823
664.705,4,-39.5378,1.6627,-1.2835
664.716,4,-39.5320,1.6619,-1.2847
664.727,4,-39.5261,1.6611,-1.2860
664.739,4,-39.5201,1.6602,-1.2871
664.750,4,-39.5142,1.6593,-1.2883
664.761,4,-39.5082,1.6583,-1.2894
664.772,4,-39.5020,1.6572,-1.2905
664.784,4,-39.4956,1.6564,-1.2917
664.794,4,-39.4892,1.6555,-1.2927
664.806,4,-39.4827,1.6547,-1.2936
664.817,4,-39.4762,1.6539,-1.2945
664.828,4,-39.4696,1.6531,-1.2952
664.839,4,-39.4631,1.6525,-1.2960
664.850,4,-39.4564,1.6518,-1.2965
664.861,4,-39.4496,1.6515,-1.2971
664.872,4,-39.4427,1.6513,-1.2975
664.883,4,-39.4357,1.6514,-1.2979
664.894,4,-39.4286,1.6515,-1.2982
664.905,4,-39.4213,1.6519,-1.2983
664.917,4,-39.4138,1.6528,-1.2984
664.927,4,-39.4060,1.6541,-1.2983
664.939,4,-39.3982,1.6554,-1.2983
664.949,4,-39.3903,1.6571,-1.2982
664.961,4,-39.3824,1.6588,-1.2981
664.972,4,-39.3745,1.6606,-1.2980
664.983,4,-39.3669,1.6625,-1.2978
664.994,4,-39.3592,1.6646,-1.2978
665.005,4,-39.3514,1.6666,-1.2979
665.016,4,-39.3438,1.6686,-1.2979
665.027,4,-39.3361,1.6703,-1.2982
665.038,4,-39.3285,1.6716,-1.2984
665.049,4,-39.3209,1.6726,-1.2987
665.061,4,-39.3132,1.6734,-1.2989
665.072,4,-39.3056,1.6742,-1.2993
665.084,4,-39.2982,1.6751,-1.2996
665.095,4,-39.2906,1.6760,-1.3000
665.106,4,-39.2828,1.6770,-1.3005
665.117,4,-39.2751,1.6779,-1.3010
665.128,4,-39.2674,1.6788,-1.3015
665.139,4,-39.2597,1.6796,-1.3021
665.150,4,-39.2522,1.6805,-1.3027
665.161,4,-39.2445,1.6813,-1.3033
665.173,4,-39.2369,1.6820,-1.3041
665.183,4,-39.2291,1.6825,-1.3051
665.195,4,-39.2217,1.6829,-1.3059
665.205,4,-39.2142,1.6831,-1.3069
665.217,4,-39.2065,1.6833,-1.3079
665.228,4,-39.1989,1.6833,-1.3089
665.239,4,-39.1910,1.6833,-1.3100
665.250,4,-39.1831,1.6831,-1.3112
665.261,4,-39.1751,1.6830,-1.3124
665.272,4,-39.1670,1.6827,-1.3136
665.283,4,-39.1587,1.6822,-1.3151
665.295,4,-39.1505,1.6817,-1.3165
665.306,4,-39.1422,1.6809,-1.3180
665.317,4,-39.1339,1.6799,-1.3196
665.328,4,-39.1256,1.6790,-1.3212
665.339,4,-39.1171,1.6779,-1.3229
665.350,4,-39.1085,1.6767,-1.3246
665.362,4,-39.1000,1.6754,-1.3263
665.372,4,-39.0914,1.6738,-1.3280
665.384,4,-39.0827,1.6720,-1.3299
665.395,4,-39.0740,1.6701,-1.3318
665.405,4,-39.0650,1.6680,-1.3339
665.416,4,-39.0563,1.6661,-1.3358
665.427,4,-39.0473,1.6645,-1.3379
665.439,4,-39.0385,1.6631,-1.3399
665.450,4,-39.0295,1.6620,-1.3420
665.461,4,-39.0206,1.6608,-1.3441
665.472,4,-39.0114,1.6599,-1.3463
665.483,4,-39.0022,1.6592,-1.3485
665.494,4,-38.9930,1.6587,-1.3507
665.505,4,-38.9834,1.6589,-1.3531
665.516,4,-38.9737,1.6598,-1.3555
665.527,4,-38.9641,1.6612,-1.3578
665.539,4,-38.9546,1.6634,-1.3601
665.550,4,-38.9449,1.6657,-1.3625
665.561,4,-38.9354,1.6678,-1.3647
665.572,4,-38.9259,1.6698,-1.3670
665.583,4,-38.9163,1.6721,-1.3691
665.594,4,-38.9069,1.6740,-1.3709
665.605,4,-38.8977,1.6756,-1.3727
665.616,4,-38.8885,1.6772,-1.3743
665.627,4,-38.8795,1.6783,-1.3759
665.638,4,-38.8707,1.6794,-1.3773
665.649,4,-38.8617,1.6804,-1.3787
665.661,4,-38.8525,1.6815,-1.3802
665.672,4,-38.8435,1.6827,-1.3815
665.683,4,-38.8344,1.6839,-1.3827
665.694,4,-38.8254,1.6852,-1.3839
665.705,4,-38.8163,1.6867,-1.3850
665.716,4,-38.8070,1.6883,-1.3861
665.727,4,-38.7979,1.6897,-1.3871
665.738,4,-38.7889,1.6910,-1.3879
665.750,4,-38.7799,1.6919,-1.3887
665.760,4,-38.7709,1.6927,-1.3895
665.772,4,-38.7620,1.6932,-1.3902
665.783,4,-38.7529,1.6934,-1.3909
665.794,4,-38.7439,1.6935,-1.3916
665.805,4,-38.7348,1.6931,-1.3922
665.816,4,-38.7257,1.6928,-1.3927
665.828,4,-38.7164,1.6924,-1.3932
665.839,4,-38.7072,1.6918,-1.3935
665.850,4,-38.6980,1.6911,-1.3938
665.861,4,-38.6888,1.6901,-1.3939
665.872,4,-38.6797,1.6892,-1.3941
665.883,4,-38.6705,1.6878,-1.3941
665.894,4,-38.6612,1.6865,-1.3940
665.905,4,-38.6518,1.6850,-1.3940
665.916,4,-38.6425,1.6832,-1.3938
665.928,4,-38.6330,1.6813,-1.3936
665.939,4,-38.6235,1.6792,-1.3934
665.950,4,-38.6139,1.6771,-1.3931
665.961,4,-38.6043,1.6750,-1.3927
665.972,4,-38.5948,1.6730,-1.3924
665.983,4,-38.5850,1.6712,-1.3919
665.994,4,-38.5752,1.6697,-1.3914
666.005,4,-38.5653,1.6685,-1.3907
666.017,4,-38.5553,1.6676,-1.3900
666.028,4,-38.5450,1.6670,-1.3893
666.039,4,-38.5346,1.6667,-1.3885
666.050,4,-38.5243,1.6664,-1.3877
666.061,4,-38.5139,1.6666,-1.3868
666.072,4,-38.5036,1.6673,-1.3858
666.083,4,-38.4933,1.6685,-1.3847
666.094,4,-38.4828,1.6700,-1.3836
666.105,4,-38.4722,1.6716,-1.3823
666.116,4,-38.4617,1.6733,-1.3811
666.127,4,-38.4512,1.6751,-1.3800
666.138,4,-38.4409,1.6772,-1.3789
666.149,4,-38.4305,1.6794,-1.3778
666.161,4,-38.4204,1.6817,-1.3768
666.172,4,-38.4102,1.6838,-1.3758
666.182,4,-38.4001,1.6857,-1.3750
666.194,4,-38.3899,1.6875,-1.3742
666.205,4,-38.3798,1.6890,-1.3736
666.216,4,-38.3697,1.6903,-1.3731
666.227,4,-38.3597,1.6918,-1.3725
666.238,4,-38.3496,1.6933,-1.3722
666.250,4,-38.3396,1.6949,-1.3717
666.260,4,-38.3294,1.6964,-1.3714
666.272,4,-38.3194,1.6978,-1.3710
666.283,4,-38.3092,1.6993,-1.3707
666.294,4,-38.2991,1.7007,-1.3705
666.305,4,-38.2890,1.7019,-1.3703
666.316,4,-38.2792,1.7029,-1.3701
666.327,4,-38.2695,1.7036,-1.3701
666.339,4,-38.2597,1.7042,-1.3701
666.349,4,-38.2499,1.7046,-1.3701
666.361,4,-38.2401,1.7047,-1.3701
666.372,4,-38.2302,1.7048,-1.3700
666.383,4,-38.2204,1.7045,-1.3700
666.394,4,-38.2106,1.7041,-1.3700
666.406,4,-38.2009,1.7036,-1.3700
666.417,4,-38.1908,1.7029,-1.3701
666.428,4,-38.1809,1.7020,-1.3702
666.438,4,-38.1707,1.7009,-1.3703
666.450,4,-38.1606,1.6999,-1.3705
666.461,4,-38.1503,1.6986,-1.3707
666.472,4,-38.1402,1.6973,-1.3710
666.484,4,-38.1299,1.6958,-1.3713
666.495,4,-38.1196,1.6943,-1.3716
666.506,4,-38.1092,1.6923,-1.3721
666.517,4,-38.0989,1.6902,-1.3725
666.528,4,-38.0887,1.6883,-1.3730
666.539,4,-38.0784,1.6862,-1.3735
666.550,4,-38.0680,1.6841,-1.3741
666.562,4,-38.0575,1.6821,-1.3748
666.572,4,-38.0471,1.6803,-1.3755
666.583,4,-38.0365,1.6787,-1.3764
666.594,4,-38.0260,1.6774,-1.3772
666.606,4,-38.0154,1.6764,-1.3781
666.617,4,-38.0047,1.6756,-1.3792
666.628,4,-37.9939,1.6753,-1.3801
666.639,4,-37.9831,1.6752,-1.3811
666.650,4,-37.9721,1.6761,-1.3822
666.661,4,-37.9611,1.6772,-1.3833
666.672,4,-37.9502,1.6789,-1.3846
666.684,4,-37.9396,1.6807,-1.3858
666.696,4,-37.9289,1.6827,-1.3870
666.706,4,-37.9186,1.6846,-1.3881
666.717,4,-37.9084,1.6860,-1.3891
666.728,4,-37.8985,1.6871,-1.3899
666.738,4,-37.8887,1.6876,-1.3907
666.750,4,-37.8791,1.6878,-1.3913
666.761,4,-37.8698,1.6880,-1.3918
666.773,4,-37.8607,1.6884,-1.3922
666.783,4,-37.8516,1.6890,-1.3926
666.794,4,-37.8425,1.6898,-1.3930
666.805,4,-37.8332,1.6909,-1.3934
666.817,4,-37.8241,1.6922,-1.3939
666.828,4,-37.8149,1.6938,-1.3943
666.839,4,-37.8057,1.6956,-1.3947
666.850,4,-37.7964,1.6975,-1.3949
666.861,4,-37.7874,1.6992,-1.3949
666.872,4,-37.7782,1.7007,-1.3950
666.883,4,-37.7691,1.7020,-1.3951
666.894,4,-37.7600,1.7032,-1.3951
666.905,4,-37.7508,1.7042,-1.3951
666.916,4,-37.7415,1.7050,-1.3951
666.928,4,-37.7321,1.7056,-1.3950
666.938,4,-37.7226,1.7061,-1.3949
666.950,4,-37.7131,1.7062,-1.3947
666.961,4,-37.7036,1.7061,-1.3945
666.972,4,-37.6939,1.7059,-1.3943
666.983,4,-37.6841,1.7054,-1.3940
666.994,4,-37.6744,1.7047,-1.3937
667.005,4,-37.6647,1.7041,-1.3934
667.016,4,-37.6548,1.7028,-1.3930
667.028,4,-37.6449,1.7014,-1.3926
667.039,4,-37.6350,1.6996,-1.3922
667.050,4,-37.6250,1.6974,-1.3917
667.061,4,-37.6151,1.6950,-1.3912
667.072,4,-37.6052,1.6926,-1.3907
667.084,4,-37.5954,1.6903,-1.3902
667.094,4,-37.5854,1.6882,-1.3896
667.106,4,-37.5754,1.6862,-1.3890
667.117,4,-37.5652,1.6845,-1.3884
667.127,4,-37.5550,1.6832,-1.3878
667.139,4,-37.5445,1.6824,-1.3871
667.150,4,-37.5339,1.6818,-1.3864
667.160,4,-37.5234,1.6812,-1.3856
667.172,4,-37.5128,1.6810,-1.3848
667.182,4,-37.5021,1.6811,-1.3840
667.194,4,-37.4914,1.6814,-1.3831
667.205,4,-37.4807,1.6826,-1.3823
667.216,4,-37.4701,1.6838,-1.3814
667.227,4,-37.4596,1.6853,-1.3806
667.237,4,-37.4489,1.6868,-1.3797
667.249,4,-37.4385,1.6887,-1.3789
667.260,4,-37.4282,1.6906,-1.3782
667.272,4,-37.4181,1.6928,-1.3775
667.283,4,-37.4081,1.6947,-1.3769
667.294,4,-37.3982,1.6965,-1.3763
667.305,4,-37.3884,1.6977,-1.3758
667.316,4,-37.3787,1.6985,-1.3754
667.327,4,-37.3692,1.6994,-1.3751
667.338,4,-37.3597,1.7003,-1.3749
667.350,4,-37.3502,1.7018,-1.3747
667.361,4,-37.3406,1.7033,-1.3745
667.372,4,-37.3314,1.7049,-1.3743
667.383,4,-37.3220,1.7062,-1.3742
667.394,4,-37.3128,1.7076,-1.3741
667.405,4,-37.3036,1.7089,-1.3740
667.416,4,-37.2944,1.7104,-1.3740
667.427,4,-37.2852,1.7120,-1.3740
667.438,4,-37.2760,1.7133,-1.3740
667.449,4,-37.2670,1.7145,-1.3740
667.460,4,-37.2578,1.7154,-1.3742
667.471,4,-37.2487,1.7161,-1.3742
667.482,4,-37.2395,1.7165,-1.3745
667.493,4,-37.2302,1.7168,-1.3745
667.504,4,-37.2211,1.7169,-1.3746
667.516,4,-37.2117,1.7168,-1.3748
667.526,4,-37.2023,1.7165,-1.3751
667.538,4,-37.1928,1.7159,-1.3755
667.549,4,-37.1831,1.7152,-1.3758
667.560,4,-37.1735,1.7143,-1.3762
667.571,4,-37.1640,1.7134,-1.3765
667.582,4,-37.1543,1.7122,-1.3770
667.593,4,-37.1445,1.7110,-1.3775
667.604,4,-37.1349,1.7097,-1.3780
667.616,4,-37.1253,1.7081,-1.3785
667.627,4,-37.1158,1.7062,-1.3791
667.637,4,-37.1062,1.7042,-1.3797
667.649,4,-37.0966,1.7022,-1.3804
667.660,4,-37.0871,1.7000,-1.3812
667.671,4,-37.0773,1.6981,-1.3819
667.682,4,-37.0676,1.6962,-1.3827
667.693,4,-37.0577,1.6946,-1.3835
667.704,4,-37.0480,1.6933,-1.3844
667.715,4,-37.0381,1.6922,-1.3854
667.726,4,-37.0281,1.6914,-1.3864
667.737,4,-37.0180,1.6910,-1.3876
667.748,4,-37.0079,1.6907,-1.3888
667.759,4,-36.9978,1.6909,-1.3900
667.771,4,-36.9878,1.6918,-1.3913
667.782,4,-36.9777,1.6929,-1.3927
667.793,4,-36.9677,1.6940,-1.3940
667.804,4,-36.9580,1.6954,-1.3953
667.816,4,-36.9483,1.6968,-1.3965
667.827,4,-36.9387,1.6982,-1.3977
667.838,4,-36.9292,1.6995,-1.3989
667.849,4,-36.9199,1.7005,-1.3999
667.860,4,-36.9106,1.7015,-1.4009
667.871,4,-36.9016,1.7026,-1.4018
667.882,4,-36.8925,1.7037,-1.4027
667.893,4,-36.8835,1.7050,-1.4035
667.905,4,-36.8744,1.7066,-1.4043
667.915,4,-36.8652,1.7083,-1.4050
667.927,4,-36.8562,1.7101,-1.4058
667.938,4,-36.8470,1.7118,-1.4065
667.949,4,-36.8379,1.7137,-1.4071
667.960,4,-36.8286,1.7157,-1.4076
667.972,4,-36.8191,1.7179,-1.4082
667.984,4,-36.8095,1.7201,-1.4087
667.995,4,-36.8001,1.7219,-1.4092
668.007,4,-36.7906,1.7233,-1.4097
668.018,4,-36.7813,1.7243,-1.4102
668.030,4,-36.7719,1.7247,-1.4106
668.041,4,-36.7625,1.7250,-1.4110
668.053,4,-36.7531,1.7248,-1.4113
668.064,4,-36.7438,1.7246,-1.4116
668.076,4,-36.7343,1.7242,-1.4118
668.088,4,-36.7247,1.7237,-1.4119
668.100,4,-36.7150,1.7229,-1.4121
668.111,4,-36.7054,1.7220,-1.4121
668.123,4,-36.6957,1.7210,-1.4120
668.134,4,-36.6859,1.7197,-1.4120
668.146,4,-36.6762,1.7183,-1.4119
668.158,4,-36.6665,1.7166,-1.4118
668.169,4,-36.6568,1.7146,-1.4116
668.181,4,-36.6471,1.7123,-1.4114
668.192,4,-36.6375,1.7100,-1.4112
668.203,4,-36.6278,1.7079,-1.4109
668.214,4,-36.6182,1.7060,-1.4105
668.226,4,-36.6086,1.7041,-1.4101
668.237,4,-36.5988,1.7024,-1.4096
668.248,4,-36.5890,1.7010,-1.4091
668.259,4,-36.5793,1.7000,-1.4084
668.271,4,-36.5694,1.6992,-1.4078
668.282,4,-36.5596,1.6985,-1.4071
668.293,4,-36.5498,1.6977,-1.4064
668.304,4,-36.5400,1.6970,-1.4057
668.315,4,-36.5302,1.6970,-1.4048
668.327,4,-36.5204,1.6975,-1.4040
668.338,4,-36.5104,1.6984,-1.4031
668.349,4,-36.5005,1.6996,-1.4020
668.360,4,-36.4905,1.7007,-1.4010
668.371,4,-36.4807,1.7021,-1.4000
668.382,4,-36.4709,1.7037,-1.3991
668.393,4,-36.4611,1.7057,-1.3981
668.404,4,-36.4515,1.7078,-1.3972
668.415,4,-36.4419,1.7097,-1.3964
668.427,4,-36.4325,1.7114,-1.3956
668.438,4,-36.4230,1.7129,-1.3950
668.448,4,-36.4136,1.7143,-1.3945
668.459,4,-36.4044,1.7156,-1.3941
668.470,4,-36.3952,1.7167,-1.3938
668.481,4,-36.3859,1.7181,-1.3935
668.492,4,-36.3768,1.7196,-1.3933
668.504,4,-36.3676,1.7212,-1.3932
668.515,4,-36.3584,1.7224,-1.3932
668.526,4,-36.3492,1.7237,-1.3931
668.537,4,-36.3402,1.7252,-1.3931
668.548,4,-36.3311,1.7269,-1.3931
668.559,4,-36.3221,1.7285,-1.3932
668.570,4,-36.3132,1.7299,-1.3933
668.581,4,-36.3043,1.7311,-1.3935
668.592,4,-36.2954,1.7321,-1.3936
668.603,4,-36.2866,1.7330,-1.3938
668.615,4,-36.2779,1.7335,-1.3940
668.626,4,-36.2692,1.7339,-1.3942
668.637,4,-36.2606,1.7341,-1.3944
668.648,4,-36.2519,1.7341,-1.3947
668.659,4,-36.2431,1.7338,-1.3951
668.671,4,-36.2343,1.7335,-1.3955
668.681,4,-36.2255,1.7330,-1.3959
668.693,4,-36.2167,1.7323,-1.3963
668.703,4,-36.2079,1.7317,-1.3968
668.716,4,-36.1991,1.7308,-1.3973
668.726,4,-36.1905,1.7299,-1.3978
668.737,4,-36.1817,1.7289,-1.3983
668.748,4,-36.1730,1.7276,-1.3989
668.759,4,-36.1643,1.7261,-1.3996
668.770,4,-36.1558,1.7246,-1.4002
668.781,4,-36.1473,1.7228,-1.4010
668.792,4,-36.1388,1.7212,-1.4017
668.803,4,-36.1303,1.7196,-1.4026
668.815,4,-36.1218,1.7181,-1.4035
668.826,4,-36.1133,1.7170,-1.4044
668.837,4,-36.1048,1.7159,-1.4054
668.848,4,-36.0962,1.7150,-1.4065
668.859,4,-36.0875,1.7142,-1.4076
668.870,4,-36.0788,1.7135,-1.4087
668.881,4,-36.0700,1.7129,-1.4098
668.892,4,-36.0614,1.7125,-1.4110
668.903,4,-36.0527,1.7129,-1.4122
668.915,4,-36.0441,1.7140,-1.4134
668.926,4,-36.0356,1.7149,-1.4147
668.937,4,-36.0272,1.7156,-1.4160
668.948,4,-36.0189,1.7161,-1.4171
668.959,4,-36.0106,1.7170,-1.4184
668.970,4,-36.0024,1.7182,-1.4192
668.981,4,-35.9941,1.7198,-1.4203
668.993,4,-35.9861,1.7213,-1.4213
669.004,4,-35.9780,1.7224,-1.4223
669.014,4,-35.9699,1.7234,-1.4231
669.025,4,-35.9620,1.7241,-1.4239
669.037,4,-35.9541,1.7242,-1.4247
669.048,4,-35.9464,1.7244,-1.4253
669.059,4,-35.9388,1.7245,-1.4259
669.070,4,-35.9312,1.7249,-1.4262
669.081,4,-35.9236,1.7253,-1.4266
669.092,4,-35.9161,1.7258,-1.4271
669.103,4,-35.9086,1.7264,-1.4274
669.114,4,-35.9010,1.7272,-1.4278
669.126,4,-35.8934,1.7285,-1.4279
669.137,4,-35.8860,1.7296,-1.4281
669.148,4,-35.8786,1.7309,-1.4283
669.160,4,-35.8713,1.7320,-1.4284
669.171,4,-35.8640,1.7330,-1.4286
669.183,4,-35.8568,1.7338,-1.4288
669.194,4,-35.8495,1.7344,-1.4290
669.205,4,-35.8422,1.7351,-1.4292
669.216,4,-35.8349,1.7355,-1.4293
669.227,4,-35.8276,1.7358,-1.4294
669.238,4,-35.8202,1.7361,-1.4294
669.249,4,-35.8130,1.7363,-1.4294
669.260,4,-35.8056,1.7366,-1.4294
669.272,4,-35.7982,1.7368,-1.4294
669.283,4,-35.7908,1.7370,-1.4294
669.294,4,-35.7833,1.7369,-1.4293
669.305,4,-35.7758,1.7365,-1.4292
669.316,4,-35.7684,1.7358,-1.4291
669.327,4,-35.7609,1.7348,-1.4289
669.338,4,-35.7534,1.7339,-1.4287
669.349,4,-35.7458,1.7327,-1.4285
669.361,4,-35.7383,1.7314,-1.4282
669.372,4,-35.7308,1.7300,-1.4279
669.383,4,-35.7235,1.7285,-1.4276
669.394,4,-35.7161,1.7272,-1.4272
669.405,4,-35.7085,1.7259,-1.4268
669.417,4,-35.7008,1.7249,-1.4263
669.428,4,-35.6932,1.7240,-1.4258
669.440,4,-35.6855,1.7232,-1.4252
669.452,4,-35.6780,1.7225,-1.4245
669.463,4,-35.6704,1.7217,-1.4239
669.475,4,-35.6629,1.7212,-1.4232
669.486,4,-35.6554,1.7210,-1.4223
669.498,4,-35.6479,1.7208,-1.4215
669.510,4,-35.6405,1.7206,-1.4206
669.521,4,-35.6331,1.7206,-1.4197
669.533,4,-35.6258,1.7214,-1.4188
669.545,4,-35.6186,1.7229,-1.4181
669.556,4,-35.6115,1.7245,-1.4173
669.568,4,-35.6044,1.7261,-1.4165
669.579,4,-35.5975,1.7273,-1.4159
669.591,4,-35.5906,1.7283,-1.4152
669.603,4,-35.5841,1.7293,-1.4148
669.614,4,-35.5777,1.7303,-1.4143
669.626,4,-35.5714,1.7312,-1.4140
669.637,4,-35.5653,1.7318,-1.4137
669.648,4,-35.5593,1.7322,-1.4136
669.659,4,-35.5533,1.7326,-1.4133
669.671,4,-35.5473,1.7331,-1.4132
669.682,4,-35.5414,1.7338,-1.4130
669.693,4,-35.5355,1.7345,-1.4129
669.704,4,-35.5298,1.7353,-1.4132
669.716,4,-35.5241,1.7362,-1.4131
669.727,4,-35.5186,1.7369,-1.4133
669.738,4,-35.5131,1.7376,-1.4133
669.750,4,-35.5078,1.7381,-1.4134
669.761,4,-35.5026,1.7386,-1.4136
669.772,4,-35.4974,1.7391,-1.4137
669.783,4,-35.4924,1.7394,-1.4141
669.794,4,-35.4875,1.7397,-1.4143
669.805,4,-35.4824,1.7399,-1.4146
669.817,4,-35.4775,1.7401,-1.4150
669.829,4,-35.4726,1.7402,-1.4153
669.840,4,-35.4680,1.7404,-1.4157
669.852,4,-35.4633,1.7406,-1.4162
669.863,4,-35.4589,1.7405,-1.4167
669.875,4,-35.4544,1.7403,-1.4171
669.887,4,-35.4501,1.7401,-1.4175
669.898,4,-35.4459,1.7398,-1.4184
669.910,4,-35.4418,1.7394,-1.4188
669.922,4,-35.4377,1.7390,-1.4193
669.933,4,-35.4337,1.7386,-1.4199
669.945,4,-35.4299,1.7384,-1.4206
669.957,4,-35.4261,1.7382,-1.4212
669.969,4,-35.4225,1.7381,-1.4223
669.980,4,-35.4187,1.7382,-1.4230
669.992,4,-35.4151,1.7382,-1.4238
670.003,4,-35.4115,1.7383,-1.4247
670.015,4,-35.4079,1.7382,-1.4257
670.027,4,-35.4042,1.7381,-1.4266
670.039,4,-35.4005,1.7382,-1.4278
670.046,4,-35.3969,1.7384,-1.4287
670.060,4,-35.3933,1.7388,-1.4298
670.072,4,-35.3898,1.7393,-1.4309
670.080,4,-35.3862,1.7399,-1.4320
670.095,4,-35.3828,1.7406,-1.4332
670.107,4,-35.3794,1.7412,-1.4345
670.114,4,-35.3759,1.7415,-1.4356
670.129,4,-35.3727,1.7416,-1.4367
670.136,4,-35.3694,1.7418,-1.4378
670.151,4,-35.3662,1.7420,-1.4389
670.163,4,-35.3631,1.7421,-1.4398
670.170,4,-35.3599,1.7422,-1.4408
670.186,4,-35.3568,1.7422,-1.4417
670.198,4,-35.3538,1.7424,-1.4427
670.205,4,-35.3507,1.7426,-1.4437
670.220,4,-35.3477,1.7431,-1.4446
670.233,4,-35.3449,1.7434,-1.4454
670.241,4,-35.3420,1.7437,-1.4462
670.256,4,-35.3395,1.7438,-1.4472
670.262,4,-35.3368,1.7440,-1.4480
670.277,4,-35.3343,1.7439,-1.4487
670.290,4,-35.3318,1.7439,-1.4492
670.296,4,-35.3292,1.7439,-1.4502
670.311,4,-35.3268,1.7437,-1.4508
670.324,4,-35.3245,1.7436,-1.4513
670.330,4,-35.3220,1.7435,-1.4519
670.345,4,-35.3197,1.7435,-1.4527
670.358,4,-35.3175,1.7434,-1.4532
670.364,4,-35.3152,1.7434,-1.4538
670.380,4,-35.3131,1.7434,-1.4542
670.388,4,-35.3110,1.7434,-1.4547
670.403,4,-35.3090,1.7436,-1.4549
670.415,4,-35.3072,1.7439,-1.4553
670.422,4,-35.3052,1.7443,-1.4558
670.437,4,-35.3036,1.7450,-1.4562
670.450,4,-35.3018,1.7456,-1.4564
670.456,4,-35.3001,1.7461,-1.4568
670.472,4,-35.2987,1.7466,-1.4570
670.479,4,-35.2971,1.7470,-1.4572
670.494,4,-35.2959,1.7472,-1.4573
670.501,4,-35.2945,1.7474,-1.4574
670.517,4,-35.2932,1.7476,-1.4579
670.529,4,-35.2921,1.7477,-1.4580
670.536,4,-35.2907,1.7479,-1.4582
670.551,4,-35.2896,1.7478,-1.4583
670.563,4,-35.2885,1.7476,-1.4584
670.570,4,-35.2873,1.7475,-1.4584
670.585,4,-35.2863,1.7474,-1.4588
670.597,4,-35.2852,1.7473,-1.4587
670.608,4,-35.2841,1.7471,-1.4586
670.616,4,-35.2830,1.7469,-1.4586
670.631,4,-35.2821,1.7468,-1.4584
670.643,4,-35.2812,1.7470,-1.4584
670.654,4,-35.2803,1.7472,-1.4582
670.666,4,-35.2802,1.7477,-1.4612
670.678,4,-35.2794,1.7475,-1.4618
670.685,4,-35.2784,1.7474,-1.4617
670.700,4,-35.2780,1.7465,-1.4622
670.712,4,-35.2774,1.7462,-1.4621
670.720,4,-35.2767,1.7459,-1.4622
670.734,4,-35.2762,1.7452,-1.4621
670.748,4,-35.2757,1.7446,-1.4618
670.755,4,-35.2750,1.7442,-1.4616
670.768,4,-35.2746,1.7440,-1.4623
670.780,4,-35.2740,1.7439,-1.4621
670.792,4,-35.2735,1.7440,-1.4619
670.804,4,-35.2730,1.7441,-1.4617
670.815,4,-35.2725,1.7443,-1.4611
670.823,4,-35.2720,1.7445,-1.4609
670.837,4,-35.2715,1.7448,-1.4605
670.849,4,-35.2709,1.7451,-1.4601
670.861,4,-35.2704,1.7453,-1.4600
670.868,4,-35.2699,1.7456,-1.4597
670.882,4,-35.2693,1.7458,-1.4595
670.895,4,-35.2689,1.7460,-1.4589
670.901,4,-35.2684,1.7462,-1.4588
670.916,4,-35.2681,1.7463,-1.4594
670.928,4,-35.2677,1.7464,-1.4592
670.935,4,-35.2673,1.7463,-1.4591
670.950,4,-35.2670,1.7461,-1.4588
670.962,4,-35.2667,1.7458,-1.4587
670.974,4,-35.2665,1.7455,-1.4585
670.986,4,-35.2661,1.7453,-1.4583
670.998,4,-35.2660,1.7451,-1.4585
671.009,4,-35.2657,1.7449,-1.4584
671.021,4,-35.2651,1.7442,-1.4572
671.032,4,-35.2649,1.7441,-1.4570
671.044,4,-35.2647,1.7441,-1.4565
671.056,4,-35.2646,1.7441,-1.4561
671.063,4,-35.2644,1.7440,-1.4560
671.078,4,-35.2642,1.7440,-1.4560
671.090,4,-35.2639,1.7440,-1.4558
671.097,4,-35.2637,1.7439,-1.4558
671.113,4,-35.2636,1.7440,-1.4558
671.125,4,-35.2636,1.7440,-1.4559
671.132,4,-35.2635,1.7440,-1.4558

# --- Trial 5 start ---
680.079,5,-39.7386,1.6928,-1.1878
680.106,5,-39.7394,1.6920,-1.1870
680.114,5,-39.7399,1.6916,-1.1866
680.124,5,-39.7403,1.6913,-1.1862
680.131,5,-39.7408,1.6911,-1.1858
680.142,5,-39.7411,1.6908,-1.1855
680.154,5,-39.7414,1.6906,-1.1852
680.168,5,-39.7415,1.6904,-1.1848
680.184,5,-39.7419,1.6899,-1.1842
680.200,5,-39.7421,1.6896,-1.1838
680.216,5,-39.7422,1.6894,-1.1834
680.223,5,-39.7423,1.6891,-1.1829
680.231,5,-39.7423,1.6889,-1.1826
680.242,5,-39.7423,1.6886,-1.1822
680.253,5,-39.7422,1.6882,-1.1818
680.264,5,-39.7422,1.6880,-1.1815
680.275,5,-39.7421,1.6877,-1.1811
680.286,5,-39.7419,1.6876,-1.1808
680.297,5,-39.7418,1.6875,-1.1804
680.308,5,-39.7416,1.6873,-1.1800
680.319,5,-39.7412,1.6873,-1.1797
680.330,5,-39.7408,1.6873,-1.1794
680.341,5,-39.7403,1.6874,-1.1791
680.352,5,-39.7398,1.6874,-1.1788
680.363,5,-39.7392,1.6875,-1.1785
680.374,5,-39.7385,1.6876,-1.1783
680.385,5,-39.7378,1.6877,-1.1781
680.397,5,-39.7372,1.6877,-1.1779
680.408,5,-39.7363,1.6877,-1.1777
680.419,5,-39.7356,1.6875,-1.1774
680.430,5,-39.7347,1.6874,-1.1772
680.441,5,-39.7338,1.6869,-1.1772
680.452,5,-39.7329,1.6865,-1.1771
680.463,5,-39.7320,1.6860,-1.1772
680.475,5,-39.7311,1.6856,-1.1772
680.486,5,-39.7301,1.6853,-1.1773
680.497,5,-39.7290,1.6852,-1.1775
680.508,5,-39.7280,1.6853,-1.1778
680.521,5,-39.7269,1.6855,-1.1780
680.530,5,-39.7258,1.6858,-1.1784
680.542,5,-39.7248,1.6860,-1.1788
680.554,5,-39.7239,1.6863,-1.1791
680.565,5,-39.7229,1.6867,-1.1796
680.575,5,-39.7219,1.6870,-1.1802
680.588,5,-39.7209,1.6873,-1.1808
680.598,5,-39.7199,1.6878,-1.1814
680.610,5,-39.7188,1.6881,-1.1820
680.620,5,-39.7178,1.6885,-1.1826
680.632,5,-39.7168,1.6886,-1.1833
680.643,5,-39.7158,1.6888,-1.1841
680.654,5,-39.7152,1.6887,-1.1847
680.665,5,-39.7142,1.6888,-1.1854
680.677,5,-39.7132,1.6888,-1.1862
680.687,5,-39.7119,1.6889,-1.1871
680.699,5,-39.7108,1.6888,-1.1879
680.710,5,-39.7097,1.6887,-1.1887
680.721,5,-39.7085,1.6885,-1.1896
680.731,5,-39.7075,1.6883,-1.1903
680.743,5,-39.7063,1.6880,-1.1912
680.753,5,-39.7053,1.6876,-1.1920
680.765,5,-39.7042,1.6870,-1.1929
680.776,5,-39.7032,1.6863,-1.1938
680.787,5,-39.7021,1.6857,-1.1947
680.798,5,-39.7011,1.6850,-1.1956
680.809,5,-39.7000,1.6840,-1.1963
680.820,5,-39.6990,1.6829,-1.1972
680.831,5,-39.6979,1.6814,-1.1979
680.843,5,-39.6969,1.6799,-1.1988
680.853,5,-39.6959,1.6781,-1.1995
680.865,5,-39.6948,1.6767,-1.2004
680.876,5,-39.6934,1.6772,-1.2014
680.887,5,-39.6917,1.6799,-1.2024
680.897,5,-39.6896,1.6843,-1.2035
680.909,5,-39.6872,1.6891,-1.2045
680.920,5,-39.6856,1.6912,-1.2053
680.931,5,-39.6840,1.6917,-1.2063
680.942,5,-39.6825,1.6903,-1.2074
680.953,5,-39.6813,1.6888,-1.2085
680.964,5,-39.6801,1.6871,-1.2097
680.975,5,-39.6786,1.6859,-1.2108
680.987,5,-39.6772,1.6853,-1.2120
680.998,5,-39.6758,1.6852,-1.2132
681.009,5,-39.6742,1.6852,-1.2142
681.020,5,-39.6725,1.6846,-1.2150
681.031,5,-39.6709,1.6839,-1.2159
681.042,5,-39.6693,1.6830,-1.2168
681.054,5,-39.6677,1.6822,-1.2180
681.065,5,-39.6661,1.6818,-1.2190
681.076,5,-39.6643,1.6817,-1.2203
681.087,5,-39.6626,1.6816,-1.2216
681.098,5,-39.6607,1.6813,-1.2227
681.110,5,-39.6587,1.6807,-1.2237
681.120,5,-39.6568,1.6804,-1.2247
681.131,5,-39.6544,1.6800,-1.2255
681.143,5,-39.6522,1.6797,-1.2264
681.154,5,-39.6498,1.6796,-1.2273
681.164,5,-39.6475,1.6794,-1.2283
681.176,5,-39.6447,1.6791,-1.2291
681.187,5,-39.6419,1.6789,-1.2301
681.198,5,-39.6389,1.6785,-1.2310
681.209,5,-39.6358,1.6782,-1.2318
681.220,5,-39.6326,1.6780,-1.2326
681.231,5,-39.6291,1.6776,-1.2333
681.242,5,-39.6258,1.6774,-1.2340
681.254,5,-39.6221,1.6772,-1.2346
681.265,5,-39.6182,1.6770,-1.2352
681.276,5,-39.6145,1.6766,-1.2357
681.287,5,-39.6105,1.6763,-1.2362
681.299,5,-39.6065,1.6761,-1.2367
681.310,5,-39.6021,1.6760,-1.2373
681.320,5,-39.5977,1.6758,-1.2377
681.332,5,-39.5933,1.6755,-1.2380
681.342,5,-39.5887,1.6751,-1.2382
681.353,5,-39.5841,1.6743,-1.2382
681.364,5,-39.5792,1.6738,-1.2385
681.376,5,-39.5739,1.6730,-1.2387
681.387,5,-39.5687,1.6724,-1.2389
681.398,5,-39.5633,1.6714,-1.2388
681.409,5,-39.5579,1.6704,-1.2389
681.420,5,-39.5524,1.6693,-1.2388
681.431,5,-39.5467,1.6679,-1.2387
681.442,5,-39.5409,1.6665,-1.2384
681.454,5,-39.5351,1.6651,-1.2381
681.465,5,-39.5291,1.6637,-1.2378
681.476,5,-39.5231,1.6624,-1.2373
681.487,5,-39.5171,1.6609,-1.2368
681.498,5,-39.5109,1.6594,-1.2363
681.509,5,-39.5047,1.6579,-1.2356
681.520,5,-39.4983,1.6566,-1.2350
681.531,5,-39.4916,1.6555,-1.2344
681.543,5,-39.4847,1.6546,-1.2337
681.554,5,-39.4777,1.6539,-1.2330
681.565,5,-39.4706,1.6532,-1.2323
681.576,5,-39.4636,1.6526,-1.2314
681.587,5,-39.4566,1.6521,-1.2306
681.598,5,-39.4497,1.6518,-1.2296
681.609,5,-39.4427,1.6519,-1.2288
681.621,5,-39.4356,1.6526,-1.2279
681.632,5,-39.4284,1.6536,-1.2270
681.643,5,-39.4212,1.6550,-1.2260
681.654,5,-39.4138,1.6563,-1.2251
681.666,5,-39.4063,1.6581,-1.2241
681.676,5,-39.3989,1.6600,-1.2233
681.688,5,-39.3915,1.6622,-1.2226
681.699,5,-39.3843,1.6646,-1.2218
681.710,5,-39.3770,1.6669,-1.2212
681.721,5,-39.3698,1.6692,-1.2207
681.732,5,-39.3627,1.6712,-1.2203
681.744,5,-39.3556,1.6730,-1.2198
681.755,5,-39.3486,1.6745,-1.2196
681.765,5,-39.3416,1.6758,-1.2195
681.777,5,-39.3346,1.6770,-1.2194
681.788,5,-39.3276,1.6780,-1.2195
681.799,5,-39.3205,1.6790,-1.2195
681.810,5,-39.3133,1.6800,-1.2197
681.821,5,-39.3061,1.6811,-1.2199
681.832,5,-39.2991,1.6818,-1.2202
681.843,5,-39.2920,1.6825,-1.2206
681.854,5,-39.2849,1.6830,-1.2210
681.865,5,-39.2777,1.6836,-1.2216
681.876,5,-39.2706,1.6840,-1.2221
681.887,5,-39.2634,1.6844,-1.2228
681.898,5,-39.2564,1.6847,-1.2235
681.910,5,-39.2492,1.6849,-1.2242
681.920,5,-39.2421,1.6852,-1.2251
681.932,5,-39.2349,1.6854,-1.2260
681.943,5,-39.2277,1.6855,-1.2269
681.954,5,-39.2203,1.6855,-1.2277
681.965,5,-39.2130,1.6854,-1.2286
681.976,5,-39.2057,1.6852,-1.2296
681.987,5,-39.1984,1.6847,-1.2305
681.998,5,-39.1910,1.6843,-1.2316
682.009,5,-39.1834,1.6837,-1.2327
682.020,5,-39.1759,1.6830,-1.2339
682.031,5,-39.1683,1.6823,-1.2350
682.042,5,-39.1605,1.6812,-1.2361
682.053,5,-39.1527,1.6802,-1.2373
682.064,5,-39.1447,1.6789,-1.2386
682.075,5,-39.1367,1.6777,-1.2400
682.086,5,-39.1286,1.6763,-1.2415
682.098,5,-39.1205,1.6746,-1.2430
682.109,5,-39.1125,1.6726,-1.2446
682.120,5,-39.1044,1.6702,-1.2463
682.131,5,-39.0965,1.6680,-1.2480
682.142,5,-39.0883,1.6662,-1.2499
682.153,5,-39.0801,1.6650,-1.2520
682.164,5,-39.0718,1.6638,-1.2540
682.175,5,-39.0634,1.6626,-1.2560
682.186,5,-39.0550,1.6614,-1.2581
682.197,5,-39.0465,1.6602,-1.2602
682.208,5,-39.0379,1.6594,-1.2622
682.220,5,-39.0292,1.6592,-1.2643
682.230,5,-39.0202,1.6598,-1.2665
682.242,5,-39.0110,1.6612,-1.2687
682.253,5,-39.0016,1.6632,-1.2710
682.264,5,-38.9923,1.6651,-1.2732
682.275,5,-38.9833,1.6669,-1.2755
682.286,5,-38.9742,1.6689,-1.2777
682.298,5,-38.9653,1.6706,-1.2797
682.309,5,-38.9562,1.6724,-1.2818
682.320,5,-38.9475,1.6739,-1.2837
682.331,5,-38.9386,1.6752,-1.2856
682.343,5,-38.9300,1.6762,-1.2875
682.354,5,-38.9214,1.6770,-1.2893
682.365,5,-38.9128,1.6777,-1.2911
682.376,5,-38.9044,1.6784,-1.2927
682.387,5,-38.8958,1.6793,-1.2944
682.398,5,-38.8871,1.6803,-1.2960
682.410,5,-38.8783,1.6816,-1.2977
682.421,5,-38.8697,1.6829,-1.2991
682.431,5,-38.8613,1.6841,-1.3006
682.443,5,-38.8527,1.6852,-1.3020
682.454,5,-38.8442,1.6863,-1.3032
682.465,5,-38.8352,1.6872,-1.3045
682.476,5,-38.8263,1.6877,-1.3057
682.488,5,-38.8172,1.6880,-1.3068
682.500,5,-38.8081,1.6883,-1.3079
682.511,5,-38.7990,1.6884,-1.3088
682.523,5,-38.7898,1.6885,-1.3098
682.535,5,-38.7807,1.6884,-1.3105
682.547,5,-38.7714,1.6882,-1.3112
682.558,5,-38.7620,1.6880,-1.3119
682.569,5,-38.7523,1.6875,-1.3126
682.581,5,-38.7427,1.6867,-1.3132
682.592,5,-38.7331,1.6860,-1.3138
682.604,5,-38.7235,1.6851,-1.3142
682.615,5,-38.7141,1.6839,-1.3146
682.627,5,-38.7045,1.6826,-1.3149
682.638,5,-38.6949,1.6809,-1.3152
682.650,5,-38.6851,1.6792,-1.3155
682.662,5,-38.6752,1.6770,-1.3156
682.673,5,-38.6654,1.6751,-1.3157
682.685,5,-38.6554,1.6733,-1.3157
682.696,5,-38.6456,1.6714,-1.3156
682.708,5,-38.6360,1.6696,-1.3155
682.719,5,-38.6262,1.6679,-1.3153
682.730,5,-38.6164,1.6665,-1.3151
682.741,5,-38.6064,1.6652,-1.3148
682.752,5,-38.5965,1.6641,-1.3145
682.763,5,-38.5866,1.6631,-1.3140
682.775,5,-38.5769,1.6621,-1.3135
682.786,5,-38.5671,1.6615,-1.3130
682.797,5,-38.5572,1.6617,-1.3124
682.808,5,-38.5473,1.6627,-1.3120
682.819,5,-38.5374,1.6641,-1.3113
682.830,5,-38.5274,1.6658,-1.3105
682.841,5,-38.5174,1.6673,-1.3098
682.853,5,-38.5077,1.6692,-1.3090
682.863,5,-38.4978,1.6711,-1.3084
682.874,5,-38.4881,1.6731,-1.3079
682.887,5,-38.4785,1.6755,-1.3077
682.897,5,-38.4691,1.6775,-1.3073
682.908,5,-38.4597,1.6793,-1.3071
682.919,5,-38.4505,1.6806,-1.3069
682.930,5,-38.4415,1.6817,-1.3068
682.941,5,-38.4323,1.6828,-1.3068
682.952,5,-38.4234,1.6840,-1.3067
682.964,5,-38.4145,1.6853,-1.3067
682.975,5,-38.4055,1.6866,-1.3068
682.986,5,-38.3965,1.6881,-1.3068
682.997,5,-38.3876,1.6894,-1.3069
683.008,5,-38.3786,1.6908,-1.3069
683.020,5,-38.3698,1.6922,-1.3071
683.030,5,-38.3610,1.6935,-1.3073
683.042,5,-38.3523,1.6947,-1.3076
683.052,5,-38.3436,1.6958,-1.3077
683.064,5,-38.3352,1.6967,-1.3079
683.074,5,-38.3264,1.6974,-1.3081
683.085,5,-38.3175,1.6979,-1.3082
683.097,5,-38.3088,1.6982,-1.3085
683.108,5,-38.2998,1.6984,-1.3087
683.119,5,-38.2910,1.6984,-1.3091
683.130,5,-38.2822,1.6983,-1.3096
683.142,5,-38.2732,1.6979,-1.3100
683.153,5,-38.2642,1.6973,-1.3105
683.164,5,-38.2552,1.6967,-1.3109
683.175,5,-38.2462,1.6957,-1.3115
683.186,5,-38.2372,1.6947,-1.3121
683.197,5,-38.2282,1.6936,-1.3127
683.208,5,-38.2190,1.6925,-1.3135
683.219,5,-38.2099,1.6912,-1.3143
683.230,5,-38.2006,1.6897,-1.3151
683.242,5,-38.1913,1.6877,-1.3161
683.253,5,-38.1822,1.6858,-1.3171
683.264,5,-38.1728,1.6839,-1.3180
683.275,5,-38.1634,1.6820,-1.3191
683.286,5,-38.1538,1.6803,-1.3202
683.298,5,-38.1442,1.6786,-1.3215
683.309,5,-38.1346,1.6771,-1.3227
683.320,5,-38.1250,1.6759,-1.3241
683.331,5,-38.1148,1.6747,-1.3255
683.343,5,-38.1045,1.6739,-1.3271
683.355,5,-38.0940,1.6735,-1.3288
683.366,5,-38.0836,1.6734,-1.3305
683.378,5,-38.0729,1.6743,-1.3324
683.389,5,-38.0621,1.6754,-1.3344
683.401,5,-38.0512,1.6774,-1.3365
683.413,5,-38.0407,1.6792,-1.3384
683.424,5,-38.0303,1.6811,-1.3404
683.436,5,-38.0199,1.6834,-1.3423
683.447,5,-38.0096,1.6853,-1.3442
683.459,5,-37.9996,1.6872,-1.3458
683.471,5,-37.9897,1.6892,-1.3472
683.482,5,-37.9800,1.6911,-1.3486
683.494,5,-37.9705,1.6925,-1.3499
683.506,5,-37.9612,1.6937,-1.3512
683.517,5,-37.9520,1.6946,-1.3524
683.528,5,-37.9431,1.6956,-1.3536
683.540,5,-37.9344,1.6968,-1.3547
683.551,5,-37.9255,1.6982,-1.3559
683.562,5,-37.9166,1.6998,-1.3571
683.574,5,-37.9078,1.7012,-1.3581
683.585,5,-37.8989,1.7027,-1.3591
683.597,5,-37.8899,1.7042,-1.3600
683.607,5,-37.8809,1.7057,-1.3609
683.619,5,-37.8720,1.7070,-1.3617
683.630,5,-37.8632,1.7080,-1.3626
683.642,5,-37.8542,1.7089,-1.3635
683.653,5,-37.8454,1.7095,-1.3643
683.664,5,-37.8364,1.7099,-1.3653
683.675,5,-37.8274,1.7102,-1.3661
683.686,5,-37.8184,1.7102,-1.3669
683.697,5,-37.8095,1.7101,-1.3677
683.708,5,-37.8004,1.7099,-1.3683
683.720,5,-37.7912,1.7095,-1.3690
683.730,5,-37.7823,1.7088,-1.3696
683.741,5,-37.7731,1.7081,-1.3703
683.753,5,-37.7638,1.7070,-1.3709
683.764,5,-37.7545,1.7059,-1.3714
683.775,5,-37.7451,1.7044,-1.3720
683.786,5,-37.7357,1.7029,-1.3725
683.797,5,-37.7262,1.7014,-1.3729
683.808,5,-37.7167,1.6996,-1.3733
683.819,5,-37.7072,1.6978,-1.3738
683.830,5,-37.6977,1.6958,-1.3741
683.841,5,-37.6878,1.6938,-1.3745
683.853,5,-37.6782,1.6917,-1.3747
683.864,5,-37.6684,1.6895,-1.3749
683.875,5,-37.6585,1.6875,-1.3751
683.886,5,-37.6488,1.6860,-1.3752
683.897,5,-37.6388,1.6847,-1.3754
683.908,5,-37.6285,1.6839,-1.3755
683.919,5,-37.6183,1.6831,-1.3756
683.930,5,-37.6081,1.6825,-1.3756
683.941,5,-37.5979,1.6822,-1.3755
683.952,5,-37.5876,1.6822,-1.3755
683.963,5,-37.5772,1.6831,-1.3754
683.974,5,-37.5667,1.6842,-1.3752
683.985,5,-37.5563,1.6856,-1.3750
683.996,5,-37.5458,1.6868,-1.3747
684.008,5,-37.5356,1.6882,-1.3745
684.019,5,-37.5253,1.6899,-1.3743
684.030,5,-37.5150,1.6919,-1.3741
684.041,5,-37.5049,1.6940,-1.3740
684.052,5,-37.4949,1.6959,-1.3739
684.064,5,-37.4850,1.6976,-1.3739
684.075,5,-37.4752,1.6989,-1.3740
684.086,5,-37.4655,1.6998,-1.3743
684.097,5,-37.4560,1.7005,-1.3746
684.108,5,-37.4466,1.7012,-1.3750
684.119,5,-37.4373,1.7023,-1.3753
684.130,5,-37.4280,1.7035,-1.3758
684.141,5,-37.4188,1.7047,-1.3763
684.152,5,-37.4096,1.7058,-1.3767
684.163,5,-37.4004,1.7069,-1.3772
684.174,5,-37.3913,1.7081,-1.3778
684.185,5,-37.3823,1.7093,-1.3783
684.197,5,-37.3733,1.7105,-1.3789
684.208,5,-37.3643,1.7116,-1.3794
684.219,5,-37.3554,1.7126,-1.3800
684.230,5,-37.3464,1.7134,-1.3806
684.241,5,-37.3375,1.7139,-1.3812
684.252,5,-37.3285,1.7143,-1.3818
684.264,5,-37.3196,1.7146,-1.3824
684.275,5,-37.3106,1.7146,-1.3830
684.286,5,-37.3016,1.7144,-1.3837
684.297,5,-37.2925,1.7141,-1.3845
684.308,5,-37.2834,1.7136,-1.3853
684.319,5,-37.2742,1.7130,-1.3861
684.330,5,-37.2651,1.7122,-1.3869
684.341,5,-37.2561,1.7113,-1.3878
684.352,5,-37.2470,1.7102,-1.3887
684.363,5,-37.2379,1.7092,-1.3896
684.374,5,-37.2287,1.7079,-1.3905
684.385,5,-37.2196,1.7066,-1.3915
684.397,5,-37.2105,1.7049,-1.3925
684.408,5,-37.2013,1.7032,-1.3935
684.419,5,-37.1921,1.7012,-1.3946
684.430,5,-37.1828,1.6992,-1.3957
684.441,5,-37.1734,1.6972,-1.3970
684.452,5,-37.1639,1.6953,-1.3983
684.463,5,-37.1543,1.6937,-1.3996
684.475,5,-37.1445,1.6923,-1.4010
684.486,5,-37.1346,1.6913,-1.4024
684.497,5,-37.1250,1.6903,-1.4039
684.508,5,-37.1154,1.6897,-1.4054
684.519,5,-37.1058,1.6891,-1.4070
684.530,5,-37.0962,1.6891,-1.4087
684.541,5,-37.0865,1.6895,-1.4105
684.553,5,-37.0766,1.6906,-1.4124
684.563,5,-37.0669,1.6916,-1.4143
684.574,5,-37.0573,1.6925,-1.4161
684.585,5,-37.0478,1.6939,-1.4178
684.596,5,-37.0383,1.6956,-1.4197
684.608,5,-37.0288,1.6979,-1.4214
684.618,5,-37.0191,1.6999,-1.4231
684.630,5,-37.0096,1.7021,-1.4247
684.641,5,-37.0003,1.7038,-1.4261
684.652,5,-36.9912,1.7052,-1.4275
684.663,5,-36.9821,1.7063,-1.4288
684.674,5,-36.9730,1.7074,-1.4300
684.685,5,-36.9640,1.7083,-1.4311
684.697,5,-36.9551,1.7093,-1.4322
684.708,5,-36.9462,1.7104,-1.4332
684.719,5,-36.9373,1.7115,-1.4342
684.730,5,-36.9286,1.7125,-1.4352
684.741,5,-36.9198,1.7138,-1.4360
684.752,5,-36.9111,1.7152,-1.4368
684.763,5,-36.9024,1.7166,-1.4375
684.775,5,-36.8935,1.7179,-1.4381
684.786,5,-36.8848,1.7189,-1.4388
684.796,5,-36.8762,1.7197,-1.4393
684.807,5,-36.8676,1.7204,-1.4399
684.819,5,-36.8589,1.7208,-1.4404
684.830,5,-36.8502,1.7211,-1.4409
684.841,5,-36.8416,1.7211,-1.4412
684.852,5,-36.8329,1.7210,-1.4416
684.863,5,-36.8241,1.7208,-1.4420
684.874,5,-36.8152,1.7204,-1.4423
684.885,5,-36.8064,1.7199,-1.4425
684.896,5,-36.7975,1.7194,-1.4427
684.908,5,-36.7886,1.7186,-1.4428
684.919,5,-36.7796,1.7178,-1.4430
684.929,5,-36.7708,1.7169,-1.4431
684.940,5,-36.7619,1.7158,-1.4431
684.951,5,-36.7529,1.7148,-1.4431
684.962,5,-36.7437,1.7135,-1.4430
684.973,5,-36.7346,1.7122,-1.4429
684.985,5,-36.7254,1.7105,-1.4427
684.996,5,-36.7163,1.7088,-1.4425
685.007,5,-36.7071,1.7067,-1.4422
685.018,5,-36.6979,1.7048,-1.4420
685.029,5,-36.6886,1.7031,-1.4416
685.040,5,-36.6793,1.7016,-1.4413
685.051,5,-36.6699,1.7005,-1.4409
685.063,5,-36.6605,1.6997,-1.4404
685.074,5,-36.6510,1.6991,-1.4398
685.085,5,-36.6414,1.6983,-1.4392
685.096,5,-36.6319,1.6976,-1.4385
685.106,5,-36.6225,1.6972,-1.4378
685.118,5,-36.6128,1.6976,-1.4370
685.129,5,-36.6030,1.6984,-1.4361
685.140,5,-36.5933,1.6999,-1.4352
685.151,5,-36.5837,1.7009,-1.4342
685.162,5,-36.5741,1.7020,-1.4332
685.173,5,-36.5646,1.7035,-1.4323
685.185,5,-36.5550,1.7053,-1.4315
685.196,5,-36.5457,1.7075,-1.4306
685.207,5,-36.5363,1.7099,-1.4298
685.218,5,-36.5271,1.7122,-1.4291
685.229,5,-36.5178,1.7143,-1.4283
685.240,5,-36.5088,1.7159,-1.4276
685.252,5,-36.5000,1.7173,-1.4270
685.263,5,-36.4913,1.7182,-1.4265
685.274,5,-36.4827,1.7193,-1.4260
685.284,5,-36.4741,1.7204,-1.4255
685.295,5,-36.4656,1.7215,-1.4252
685.307,5,-36.4572,1.7226,-1.4247
685.318,5,-36.4487,1.7237,-1.4243
685.329,5,-36.4404,1.7249,-1.4239
685.341,5,-36.4320,1.7261,-1.4235
685.352,5,-36.4238,1.7275,-1.4231
685.363,5,-36.4156,1.7289,-1.4228
685.375,5,-36.4074,1.7301,-1.4224
685.385,5,-36.3992,1.7311,-1.4220
685.395,5,-36.3911,1.7319,-1.4216
685.406,5,-36.3830,1.7325,-1.4212
685.418,5,-36.3749,1.7329,-1.4207
685.429,5,-36.3667,1.7332,-1.4202
685.440,5,-36.3586,1.7332,-1.4196
685.451,5,-36.3504,1.7331,-1.4191
685.462,5,-36.3424,1.7327,-1.4187
685.474,5,-36.3343,1.7322,-1.4183
685.485,5,-36.3261,1.7316,-1.4178
685.496,5,-36.3180,1.7308,-1.4174
685.507,5,-36.3098,1.7301,-1.4171
685.519,5,-36.3018,1.7292,-1.4165
685.530,5,-36.2939,1.7284,-1.4162
685.541,5,-36.2860,1.7274,-1.4159
685.552,5,-36.2780,1.7263,-1.4155
685.563,5,-36.2701,1.7250,-1.4152
685.575,5,-36.2621,1.7234,-1.4148
685.585,5,-36.2542,1.7216,-1.4146
685.596,5,-36.2463,1.7200,-1.4143
685.607,5,-36.2382,1.7186,-1.4141
685.618,5,-36.2302,1.7174,-1.4138
685.629,5,-36.2219,1.7162,-1.4136
685.641,5,-36.2136,1.7150,-1.4133
685.652,5,-36.2052,1.7139,-1.4132
685.663,5,-36.1967,1.7130,-1.4131
685.674,5,-36.1881,1.7126,-1.4131
685.685,5,-36.1795,1.7124,-1.4131
685.696,5,-36.1708,1.7122,-1.4132
685.707,5,-36.1622,1.7119,-1.4134
685.718,5,-36.1537,1.7116,-1.4136
685.729,5,-36.1451,1.7119,-1.4138
685.741,5,-36.1365,1.7129,-1.4142
685.752,5,-36.1280,1.7138,-1.4144
685.763,5,-36.1194,1.7146,-1.4147
685.774,5,-36.1110,1.7155,-1.4149
685.785,5,-36.1027,1.7167,-1.4153
685.796,5,-36.0942,1.7183,-1.4158
685.808,5,-36.0857,1.7199,-1.4162
685.819,5,-36.0774,1.7214,-1.4166
685.830,5,-36.0691,1.7227,-1.4169
685.841,5,-36.0609,1.7236,-1.4172
685.852,5,-36.0527,1.7243,-1.4175
685.863,5,-36.0446,1.7249,-1.4178
685.874,5,-36.0367,1.7254,-1.4179
685.885,5,-36.0288,1.7260,-1.4181
685.896,5,-36.0210,1.7267,-1.4181
685.907,5,-36.0131,1.7273,-1.4183
685.918,5,-36.0056,1.7278,-1.4185
685.929,5,-35.9978,1.7287,-1.4186
685.940,5,-35.9900,1.7298,-1.4187
685.952,5,-35.9823,1.7311,-1.4186
685.963,5,-35.9745,1.7326,-1.4187
685.974,5,-35.9669,1.7338,-1.4186
685.985,5,-35.9592,1.7348,-1.4186
685.997,5,-35.9516,1.7357,-1.4187
686.007,5,-35.9439,1.7363,-1.4188
686.019,5,-35.9362,1.7368,-1.4187
686.030,5,-35.9285,1.7371,-1.4188
686.041,5,-35.9208,1.7373,-1.4189
686.052,5,-35.9131,1.7375,-1.4190
686.063,5,-35.9053,1.7374,-1.4192
686.074,5,-35.8976,1.7373,-1.4192
686.085,5,-35.8899,1.7370,-1.4192
686.097,5,-35.8824,1.7365,-1.4191
686.107,5,-35.8748,1.7360,-1.4190
686.119,5,-35.8672,1.7351,-1.4188
686.130,5,-35.8595,1.7341,-1.4186
686.141,5,-35.8519,1.7327,-1.4184
686.152,5,-35.8444,1.7313,-1.4182
686.164,5,-35.8369,1.7296,-1.4179
686.175,5,-35.8293,1.7280,-1.4177
686.185,5,-35.8217,1.7265,-1.4175
686.197,5,-35.8138,1.7248,-1.4171
686.209,5,-35.8058,1.7230,-1.4168
686.221,5,-35.7977,1.7215,-1.4165
686.232,5,-35.7896,1.7201,-1.4162
686.244,5,-35.7815,1.7193,-1.4158
686.255,5,-35.7733,1.7185,-1.4153
686.267,5,-35.7651,1.7180,-1.4149
686.278,5,-35.7570,1.7176,-1.4144
686.290,5,-35.7489,1.7173,-1.4140
686.301,5,-35.7409,1.7171,-1.4135
686.313,5,-35.7328,1.7177,-1.4129
686.325,5,-35.7248,1.7189,-1.4122
686.336,5,-35.7168,1.7203,-1.4115
686.348,5,-35.7088,1.7219,-1.4108
686.360,5,-35.7009,1.7238,-1.4102
686.371,5,-35.6931,1.7258,-1.4096
686.383,5,-35.6855,1.7277,-1.4089
686.394,5,-35.6779,1.7293,-1.4082
686.406,5,-35.6707,1.7307,-1.4076
686.417,5,-35.6634,1.7319,-1.4071
686.428,5,-35.6560,1.7329,-1.4067
686.440,5,-35.6490,1.7337,-1.4065
686.451,5,-35.6421,1.7345,-1.4063
686.462,5,-35.6353,1.7352,-1.4063
686.474,5,-35.6284,1.7359,-1.4063
686.485,5,-35.6216,1.7366,-1.4064
686.496,5,-35.6148,1.7374,-1.4063
686.507,5,-35.6082,1.7382,-1.4063
686.519,5,-35.6014,1.7390,-1.4063
686.530,5,-35.5949,1.7398,-1.4063
686.541,5,-35.5884,1.7406,-1.4063
686.552,5,-35.5820,1.7414,-1.4063
686.564,5,-35.5758,1.7420,-1.4063
686.576,5,-35.5696,1.7426,-1.4064
686.587,5,-35.5636,1.7431,-1.4065
686.598,5,-35.5575,1.7435,-1.4067
686.609,5,-35.5512,1.7439,-1.4070
686.621,5,-35.5451,1.7440,-1.4073
686.632,5,-35.5390,1.7442,-1.4075
686.643,5,-35.5330,1.7442,-1.4077
686.655,5,-35.5271,1.7440,-1.4079
686.668,5,-35.5213,1.7438,-1.4084
686.678,5,-35.5156,1.7433,-1.4088
686.690,5,-35.5100,1.7426,-1.4093
686.701,5,-35.5044,1.7419,-1.4101
686.713,5,-35.4989,1.7412,-1.4107
686.724,5,-35.4936,1.7404,-1.4115
686.736,5,-35.4882,1.7396,-1.4120
686.748,5,-35.4831,1.7384,-1.4126
686.760,5,-35.4778,1.7375,-1.4132
686.786,5,-35.4729,1.7367,-1.4140
686.812,5,-35.4597,1.7357,-1.4161
686.818,5,-35.4434,1.7344,-1.4187
686.836,5,-35.4434,1.7350,-1.4192
686.849,5,-35.4384,1.7353,-1.4204
686.859,5,-35.4334,1.7355,-1.4216
686.872,5,-35.4236,1.7358,-1.4236
686.884,5,-35.4140,1.7361,-1.4258
686.905,5,-35.4050,1.7364,-1.4280
686.928,5,-35.3962,1.7383,-1.4303
686.950,5,-35.3874,1.7409,-1.4326
686.972,5,-35.3788,1.7419,-1.4349
686.994,5,-35.3710,1.7414,-1.4370
687.016,5,-35.3642,1.7411,-1.4390
687.039,5,-35.3580,1.7409,-1.4403
687.061,5,-35.3522,1.7405,-1.4418
687.084,5,-35.3465,1.7401,-1.4431
687.105,5,-35.3415,1.7397,-1.4439
687.128,5,-35.3368,1.7393,-1.4445
687.150,5,-35.3327,1.7397,-1.4450
687.173,5,-35.3293,1.7407,-1.4452
687.195,5,-35.3264,1.7416,-1.4457
687.217,5,-35.3236,1.7426,-1.4459
687.239,5,-35.3211,1.7434,-1.4460
687.261,5,-35.3185,1.7438,-1.4458
687.284,5,-35.3160,1.7446,-1.4456
687.306,5,-35.3136,1.7455,-1.4455
687.328,5,-35.3115,1.7465,-1.4452
687.350,5,-35.3094,1.7478,-1.4448
687.373,5,-35.3075,1.7476,-1.4442
687.395,5,-35.3068,1.7465,-1.4438
687.408,5,-35.3059,1.7460,-1.4438
687.420,5,-35.3051,1.7457,-1.4438
687.428,5,-35.3042,1.7454,-1.4436
687.443,5,-35.3035,1.7455,-1.4434
687.450,5,-35.3027,1.7455,-1.4432
687.465,5,-35.3019,1.7456,-1.4429
687.477,5,-35.3012,1.7455,-1.4427
687.485,5,-35.3004,1.7456,-1.4425
687.499,5,-35.2997,1.7461,-1.4422
687.511,5,-35.2989,1.7467,-1.4419
687.519,5,-35.2980,1.7471,-1.4417
687.534,5,-35.2971,1.7473,-1.4415
687.546,5,-35.2962,1.7474,-1.4410
687.554,5,-35.2953,1.7476,-1.4408
687.568,5,-35.2944,1.7479,-1.4406
687.582,5,-35.2936,1.7481,-1.4403
687.588,5,-35.2929,1.7483,-1.4400
687.603,5,-35.2921,1.7484,-1.4398
687.611,5,-35.2914,1.7485,-1.4397
687.626,5,-35.2907,1.7485,-1.4400
687.637,5,-35.2900,1.7484,-1.4398
687.650,5,-35.2893,1.7484,-1.4398
687.658,5,-35.2887,1.7485,-1.4390
687.672,5,-35.2882,1.7484,-1.4389
687.685,5,-35.2877,1.7484,-1.4388
687.694,5,-35.2871,1.7484,-1.4386
687.707,5,-35.2866,1.7485,-1.4386
687.715,5,-35.2860,1.7485,-1.4384
687.730,5,-35.2856,1.7486,-1.4391
687.742,5,-35.2850,1.7486,-1.4391
687.749,5,-35.2845,1.7486,-1.4391
687.764,5,-35.2841,1.7487,-1.4391
687.772,5,-35.2836,1.7487,-1.4390
687.787,5,-35.2832,1.7487,-1.4390
687.793,5,-35.2827,1.7487,-1.4390
687.815,5,-35.2823,1.7488,-1.4394
687.830,5,-35.2820,1.7487,-1.4395
687.843,5,-35.2816,1.7486,-1.4395
687.851,5,-35.2812,1.7485,-1.4396
687.865,5,-35.2809,1.7485,-1.4398
687.872,5,-35.2805,1.7484,-1.4398
687.888,5,-35.2802,1.7483,-1.4399
687.895,5,-35.2799,1.7482,-1.4399
687.910,5,-35.2796,1.7481,-1.4401
687.922,5,-35.2793,1.7480,-1.4402
687.930,5,-35.2790,1.7479,-1.4403
687.944,5,-35.2788,1.7477,-1.4404
687.957,5,-35.2785,1.7476,-1.4405
687.965,5,-35.2783,1.7475,-1.4406
687.979,5,-35.2781,1.7473,-1.4407

# --- Trial 6 start ---
697.079,6,-39.7222,1.6950,-1.2083
697.108,6,-39.7207,1.6949,-1.2076
697.115,6,-39.7200,1.6949,-1.2072
697.126,6,-39.7192,1.6948,-1.2068
697.132,6,-39.7186,1.6947,-1.2065
697.144,6,-39.7179,1.6947,-1.2060
697.155,6,-39.7171,1.6945,-1.2055
697.166,6,-39.7164,1.6943,-1.2050
697.178,6,-39.7156,1.6942,-1.2045
697.194,6,-39.7148,1.6941,-1.2039
697.208,6,-39.7132,1.6939,-1.2027
697.218,6,-39.7124,1.6939,-1.2021
697.233,6,-39.7115,1.6939,-1.2015
697.244,6,-39.7105,1.6940,-1.2008
697.256,6,-39.7095,1.6940,-1.2002
697.266,6,-39.7085,1.6939,-1.1996
697.280,6,-39.7075,1.6939,-1.1990
697.296,6,-39.7054,1.6939,-1.1978
697.307,6,-39.7045,1.6938,-1.1971
697.323,6,-39.7033,1.6936,-1.1966
697.334,6,-39.7021,1.6931,-1.1961
697.345,6,-39.7009,1.6925,-1.1956
697.356,6,-39.6996,1.6916,-1.1952
697.367,6,-39.6985,1.6905,-1.1948
697.378,6,-39.6973,1.6894,-1.1944
697.390,6,-39.6962,1.6887,-1.1942
697.400,6,-39.6952,1.6882,-1.1939
697.411,6,-39.6941,1.6878,-1.1937
697.422,6,-39.6930,1.6875,-1.1935
697.433,6,-39.6919,1.6873,-1.1934
697.445,6,-39.6907,1.6876,-1.1934
697.455,6,-39.6896,1.6879,-1.1934
697.467,6,-39.6884,1.6881,-1.1935
697.478,6,-39.6875,1.6882,-1.1935
697.489,6,-39.6865,1.6884,-1.1937
697.501,6,-39.6855,1.6885,-1.1938
697.512,6,-39.6845,1.6886,-1.1940
697.523,6,-39.6836,1.6886,-1.1943
697.534,6,-39.6826,1.6887,-1.1946
697.545,6,-39.6816,1.6887,-1.1950
697.557,6,-39.6806,1.6886,-1.1954
697.568,6,-39.6795,1.6885,-1.1958
697.579,6,-39.6785,1.6884,-1.1962
697.590,6,-39.6774,1.6881,-1.1968
697.602,6,-39.6764,1.6879,-1.1972
697.613,6,-39.6754,1.6877,-1.1978
697.624,6,-39.6744,1.6874,-1.1983
697.635,6,-39.6734,1.6871,-1.1989
697.646,6,-39.6724,1.6868,-1.1995
697.657,6,-39.6715,1.6865,-1.2000
697.669,6,-39.6706,1.6860,-1.2006
697.679,6,-39.6698,1.6855,-1.2012
697.690,6,-39.6690,1.6848,-1.2019
697.702,6,-39.6680,1.6841,-1.2025
697.713,6,-39.6673,1.6834,-1.2031
697.724,6,-39.6668,1.6826,-1.2037
697.735,6,-39.6663,1.6815,-1.2042
697.746,6,-39.6657,1.6803,-1.2048
697.757,6,-39.6651,1.6787,-1.2053
697.768,6,-39.6646,1.6771,-1.2059
697.780,6,-39.6639,1.6765,-1.2068
697.791,6,-39.6626,1.6784,-1.2076
697.802,6,-39.6609,1.6825,-1.2086
697.814,6,-39.6593,1.6859,-1.2096
697.824,6,-39.6575,1.6877,-1.2106
697.835,6,-39.6562,1.6882,-1.2115
697.846,6,-39.6549,1.6875,-1.2125
697.858,6,-39.6534,1.6863,-1.2135
697.869,6,-39.6519,1.6853,-1.2145
697.880,6,-39.6503,1.6847,-1.2154
697.891,6,-39.6488,1.6848,-1.2163
697.902,6,-39.6472,1.6849,-1.2173
697.913,6,-39.6455,1.6848,-1.2182
697.924,6,-39.6439,1.6844,-1.2189
697.935,6,-39.6422,1.6838,-1.2198
697.946,6,-39.6405,1.6833,-1.2208
697.957,6,-39.6388,1.6827,-1.2218
697.968,6,-39.6370,1.6825,-1.2229
697.979,6,-39.6353,1.6827,-1.2242
697.991,6,-39.6333,1.6829,-1.2254
698.001,6,-39.6313,1.6830,-1.2267
698.013,6,-39.6293,1.6827,-1.2276
698.024,6,-39.6273,1.6825,-1.2287
698.035,6,-39.6252,1.6822,-1.2297
698.046,6,-39.6230,1.6820,-1.2308
698.058,6,-39.6209,1.6820,-1.2319
698.069,6,-39.6185,1.6817,-1.2331
698.080,6,-39.6161,1.6816,-1.2343
698.091,6,-39.6136,1.6812,-1.2354
698.102,6,-39.6110,1.6807,-1.2366
698.114,6,-39.6082,1.6801,-1.2377
698.125,6,-39.6057,1.6796,-1.2388
698.136,6,-39.6028,1.6792,-1.2399
698.147,6,-39.5999,1.6789,-1.2409
698.158,6,-39.5971,1.6788,-1.2418
698.169,6,-39.5941,1.6786,-1.2426
698.180,6,-39.5912,1.6785,-1.2433
698.191,6,-39.5881,1.6781,-1.2440
698.203,6,-39.5849,1.6776,-1.2447
698.213,6,-39.5817,1.6773,-1.2454
698.224,6,-39.5784,1.6768,-1.2460
698.235,6,-39.5750,1.6764,-1.2466
698.246,6,-39.5714,1.6760,-1.2470
698.257,6,-39.5678,1.6757,-1.2475
698.268,6,-39.5643,1.6752,-1.2478
698.279,6,-39.5603,1.6749,-1.2482
698.290,6,-39.5563,1.6744,-1.2485
698.301,6,-39.5522,1.6740,-1.2487
698.312,6,-39.5481,1.6735,-1.2489
698.324,6,-39.5438,1.6729,-1.2492
698.334,6,-39.5396,1.6721,-1.2493
698.345,6,-39.5351,1.6714,-1.2494
698.356,6,-39.5304,1.6708,-1.2495
698.367,6,-39.5256,1.6700,-1.2496
698.379,6,-39.5207,1.6691,-1.2495
698.390,6,-39.5158,1.6682,-1.2495
698.401,6,-39.5104,1.6671,-1.2494
698.413,6,-39.5055,1.6660,-1.2492
698.424,6,-39.4997,1.6649,-1.2492
698.434,6,-39.4942,1.6638,-1.2489
698.446,6,-39.4886,1.6627,-1.2485
698.457,6,-39.4829,1.6617,-1.2481
698.468,6,-39.4770,1.6605,-1.2474
698.479,6,-39.4709,1.6596,-1.2468
698.491,6,-39.4649,1.6587,-1.2460
698.501,6,-39.4585,1.6580,-1.2451
698.513,6,-39.4519,1.6571,-1.2443
698.525,6,-39.4454,1.6561,-1.2432
698.535,6,-39.4387,1.6551,-1.2423
698.547,6,-39.4320,1.6542,-1.2411
698.558,6,-39.4253,1.6535,-1.2398
698.569,6,-39.4188,1.6527,-1.2385
698.580,6,-39.4122,1.6523,-1.2372
698.591,6,-39.4057,1.6522,-1.2360
698.602,6,-39.3990,1.6522,-1.2347
698.613,6,-39.3918,1.6530,-1.2336
698.623,6,-39.3847,1.6539,-1.2324
698.634,6,-39.3773,1.6551,-1.2311
698.646,6,-39.3699,1.6564,-1.2299
698.657,6,-39.3625,1.6578,-1.2289
698.668,6,-39.3550,1.6596,-1.2280
698.679,6,-39.3476,1.6615,-1.2273
698.690,6,-39.3401,1.6635,-1.2268
698.701,6,-39.3327,1.6653,-1.2262
698.713,6,-39.3254,1.6670,-1.2257
698.723,6,-39.3180,1.6687,-1.2251
698.734,6,-39.3107,1.6702,-1.2246
698.746,6,-39.3033,1.6717,-1.2241
698.757,6,-39.2961,1.6728,-1.2240
698.768,6,-39.2888,1.6737,-1.2238
698.779,6,-39.2819,1.6744,-1.2236
698.790,6,-39.2749,1.6751,-1.2235
698.802,6,-39.2677,1.6759,-1.2236
698.812,6,-39.2605,1.6766,-1.2237
698.824,6,-39.2534,1.6773,-1.2239
698.834,6,-39.2466,1.6778,-1.2241
698.846,6,-39.2397,1.6780,-1.2244
698.857,6,-39.2329,1.6781,-1.2248
698.868,6,-39.2261,1.6784,-1.2253
698.879,6,-39.2194,1.6787,-1.2257
698.890,6,-39.2126,1.6790,-1.2261
698.901,6,-39.2059,1.6794,-1.2267
698.912,6,-39.1991,1.6798,-1.2273
698.923,6,-39.1923,1.6798,-1.2278
698.934,6,-39.1853,1.6798,-1.2285
698.945,6,-39.1782,1.6799,-1.2292
698.956,6,-39.1712,1.6799,-1.2298
698.967,6,-39.1637,1.6800,-1.2305
698.978,6,-39.1562,1.6801,-1.2312
698.989,6,-39.1486,1.6800,-1.2320
699.001,6,-39.1411,1.6797,-1.2329
699.012,6,-39.1336,1.6792,-1.2338
699.023,6,-39.1259,1.6785,-1.2348
699.034,6,-39.1183,1.6778,-1.2357
699.045,6,-39.1105,1.6771,-1.2365
699.057,6,-39.1030,1.6762,-1.2375
699.069,6,-39.0951,1.6753,-1.2385
699.078,6,-39.0871,1.6743,-1.2396
699.090,6,-39.0792,1.6729,-1.2406
699.101,6,-39.0708,1.6713,-1.2419
699.113,6,-39.0624,1.6696,-1.2431
699.124,6,-39.0538,1.6678,-1.2444
699.136,6,-39.0454,1.6659,-1.2458
699.147,6,-39.0369,1.6641,-1.2472
699.158,6,-39.0283,1.6628,-1.2488
699.170,6,-39.0195,1.6617,-1.2504
699.182,6,-39.0106,1.6609,-1.2522
699.193,6,-39.0018,1.6602,-1.2540
699.205,6,-38.9927,1.6598,-1.2560
699.217,6,-38.9836,1.6597,-1.2580
699.229,6,-38.9739,1.6605,-1.2601
699.240,6,-38.9643,1.6621,-1.2624
699.251,6,-38.9547,1.6635,-1.2646
699.263,6,-38.9451,1.6652,-1.2668
699.275,6,-38.9357,1.6667,-1.2688
699.286,6,-38.9263,1.6687,-1.2708
699.298,6,-38.9171,1.6708,-1.2726
699.309,6,-38.9080,1.6726,-1.2743
699.321,6,-38.8992,1.6742,-1.2759
699.333,6,-38.8904,1.6754,-1.2774
699.343,6,-38.8820,1.6765,-1.2788
699.355,6,-38.8736,1.6776,-1.2802
699.366,6,-38.8651,1.6789,-1.2816
699.377,6,-38.8566,1.6803,-1.2829
699.389,6,-38.8480,1.6818,-1.2842
699.400,6,-38.8394,1.6833,-1.2854
699.411,6,-38.8308,1.6849,-1.2864
699.422,6,-38.8222,1.6865,-1.2873
699.434,6,-38.8135,1.6882,-1.2883
699.444,6,-38.8048,1.6899,-1.2891
699.455,6,-38.7962,1.6915,-1.2899
699.467,6,-38.7873,1.6928,-1.2906
699.478,6,-38.7786,1.6939,-1.2914
699.489,6,-38.7699,1.6947,-1.2922
699.500,6,-38.7612,1.6950,-1.2928
699.511,6,-38.7525,1.6953,-1.2935
699.522,6,-38.7437,1.6954,-1.2941
699.534,6,-38.7349,1.6952,-1.2946
699.545,6,-38.7259,1.6948,-1.2952
699.556,6,-38.7167,1.6942,-1.2957
699.567,6,-38.7076,1.6934,-1.2964
699.578,6,-38.6983,1.6924,-1.2969
699.589,6,-38.6890,1.6912,-1.2973
699.601,6,-38.6796,1.6898,-1.2978
699.612,6,-38.6703,1.6882,-1.2982
699.623,6,-38.6609,1.6863,-1.2987
699.634,6,-38.6515,1.6843,-1.2992
699.645,6,-38.6421,1.6820,-1.2995
699.656,6,-38.6326,1.6796,-1.2999
699.667,6,-38.6230,1.6773,-1.3002
699.679,6,-38.6133,1.6751,-1.3005
699.690,6,-38.6037,1.6729,-1.3006
699.701,6,-38.5939,1.6710,-1.3009
699.712,6,-38.5839,1.6695,-1.3011
699.723,6,-38.5738,1.6682,-1.3013
699.734,6,-38.5636,1.6672,-1.3014
699.745,6,-38.5534,1.6664,-1.3013
699.756,6,-38.5433,1.6655,-1.3013
699.767,6,-38.5329,1.6649,-1.3011
699.778,6,-38.5226,1.6646,-1.3010
699.789,6,-38.5124,1.6650,-1.3008
699.801,6,-38.5020,1.6659,-1.3006
699.811,6,-38.4917,1.6671,-1.3004
699.823,6,-38.4813,1.6683,-1.3002
699.834,6,-38.4709,1.6695,-1.3000
699.845,6,-38.4607,1.6710,-1.2999
699.856,6,-38.4505,1.6728,-1.2999
699.867,6,-38.4403,1.6747,-1.2999
699.878,6,-38.4302,1.6772,-1.3000
699.889,6,-38.4201,1.6794,-1.3002
699.900,6,-38.4101,1.6814,-1.3003
699.912,6,-38.3998,1.6831,-1.3007
699.924,6,-38.3896,1.6846,-1.3011
699.935,6,-38.3795,1.6859,-1.3015
699.947,6,-38.3694,1.6874,-1.3021
699.958,6,-38.3593,1.6890,-1.3028
699.970,6,-38.3492,1.6908,-1.3035
699.982,6,-38.3391,1.6925,-1.3042
699.993,6,-38.3291,1.6941,-1.3050
700.005,6,-38.3190,1.6958,-1.3060
700.016,6,-38.3089,1.6974,-1.3068
700.028,6,-38.2989,1.6990,-1.3078
700.039,6,-38.2889,1.7004,-1.3087
700.051,6,-38.2789,1.7016,-1.3098
700.063,6,-38.2690,1.7025,-1.3108
700.074,6,-38.2590,1.7030,-1.3119
700.086,6,-38.2491,1.7035,-1.3129
700.098,6,-38.2391,1.7036,-1.3140
700.110,6,-38.2293,1.7035,-1.3151
700.121,6,-38.2193,1.7033,-1.3163
700.132,6,-38.2094,1.7029,-1.3176
700.143,6,-38.1996,1.7023,-1.3188
700.154,6,-38.1895,1.7012,-1.3202
700.166,6,-38.1797,1.7001,-1.3215
700.177,6,-38.1696,1.6987,-1.3229
700.188,6,-38.1596,1.6971,-1.3243
700.200,6,-38.1496,1.6954,-1.3258
700.211,6,-38.1396,1.6933,-1.3273
700.222,6,-38.1297,1.6913,-1.3288
700.233,6,-38.1198,1.6889,-1.3304
700.245,6,-38.1099,1.6864,-1.3320
700.256,6,-38.1002,1.6839,-1.3336
700.267,6,-38.0903,1.6815,-1.3353
700.279,6,-38.0805,1.6795,-1.3370
700.291,6,-38.0707,1.6778,-1.3388
700.305,6,-38.0610,1.6765,-1.3406
700.312,6,-38.0512,1.6750,-1.3423
700.328,6,-38.0416,1.6740,-1.3441
700.335,6,-38.0319,1.6729,-1.3458
700.350,6,-38.0219,1.6731,-1.3476
700.356,6,-38.0119,1.6736,-1.3494
700.371,6,-38.0019,1.6759,-1.3513
700.383,6,-37.9920,1.6778,-1.3532
700.391,6,-37.9822,1.6791,-1.3550
700.405,6,-37.9730,1.6806,-1.3567
700.417,6,-37.9643,1.6818,-1.3583
700.425,6,-37.9552,1.6827,-1.3599
700.439,6,-37.9466,1.6835,-1.3611
700.450,6,-37.9381,1.6844,-1.3623
700.462,6,-37.9295,1.6856,-1.3635
700.473,6,-37.9210,1.6875,-1.3647
700.484,6,-37.9123,1.6896,-1.3658
700.496,6,-37.9036,1.6919,-1.3670
700.507,6,-37.8949,1.6943,-1.3681
700.519,6,-37.8862,1.6968,-1.3692
700.530,6,-37.8775,1.6992,-1.3703
700.542,6,-37.8689,1.7016,-1.3714
700.553,6,-37.8605,1.7038,-1.3724
700.564,6,-37.8522,1.7058,-1.3734
700.576,6,-37.8440,1.7074,-1.3745
700.587,6,-37.8358,1.7088,-1.3756
700.598,6,-37.8275,1.7101,-1.3768
700.611,6,-37.8191,1.7110,-1.3779
700.621,6,-37.8106,1.7117,-1.3790
700.633,6,-37.8022,1.7121,-1.3800
700.644,6,-37.7937,1.7123,-1.3811
700.656,6,-37.7851,1.7123,-1.3821
700.666,6,-37.7765,1.7122,-1.3832
700.677,6,-37.7679,1.7119,-1.3842
700.688,6,-37.7593,1.7116,-1.3852
700.699,6,-37.7504,1.7108,-1.3862
700.711,6,-37.7418,1.7097,-1.3872
700.722,6,-37.7330,1.7085,-1.3882
700.733,6,-37.7242,1.7068,-1.3891
700.744,6,-37.7155,1.7047,-1.3901
700.755,6,-37.7067,1.7025,-1.3910
700.766,6,-37.6980,1.7005,-1.3919
700.777,6,-37.6891,1.6984,-1.3927
700.789,6,-37.6800,1.6964,-1.3936
700.800,6,-37.6708,1.6945,-1.3944
700.812,6,-37.6616,1.6928,-1.3952
700.822,6,-37.6521,1.6911,-1.3960
700.833,6,-37.6426,1.6896,-1.3966
700.844,6,-37.6328,1.6884,-1.3973
700.856,6,-37.6230,1.6876,-1.3979
700.866,6,-37.6133,1.6868,-1.3983
700.877,6,-37.6034,1.6862,-1.3986
700.889,6,-37.5937,1.6857,-1.3989
700.900,6,-37.5839,1.6854,-1.3991
700.911,6,-37.5740,1.6858,-1.3992
700.922,6,-37.5641,1.6865,-1.3992
700.933,6,-37.5544,1.6870,-1.3992
700.944,6,-37.5445,1.6876,-1.3991
700.955,6,-37.5346,1.6884,-1.3990
700.966,6,-37.5248,1.6896,-1.3989
700.977,6,-37.5150,1.6909,-1.3989
700.988,6,-37.5054,1.6923,-1.3988
700.999,6,-37.4960,1.6939,-1.3987
701.010,6,-37.4865,1.6953,-1.3987
701.021,6,-37.4771,1.6964,-1.3988
701.033,6,-37.4677,1.6974,-1.3990
701.044,6,-37.4585,1.6980,-1.3993
701.055,6,-37.4493,1.6986,-1.3997
701.066,6,-37.4402,1.6991,-1.4002
701.078,6,-37.4312,1.6998,-1.4008
701.089,6,-37.4220,1.7007,-1.4014
701.102,6,-37.4129,1.7019,-1.4022
701.112,6,-37.4038,1.7031,-1.4029
701.122,6,-37.3948,1.7041,-1.4036
701.134,6,-37.3859,1.7053,-1.4043
701.145,6,-37.3770,1.7066,-1.4051
701.156,6,-37.3681,1.7081,-1.4059
701.167,6,-37.3593,1.7096,-1.4068
701.178,6,-37.3506,1.7108,-1.4076
701.190,6,-37.3420,1.7118,-1.4086
701.201,6,-37.3334,1.7125,-1.4095
701.212,6,-37.3247,1.7131,-1.4104
701.222,6,-37.3159,1.7135,-1.4113
701.234,6,-37.3071,1.7137,-1.4123
701.245,6,-37.2983,1.7137,-1.4132
701.256,6,-37.2895,1.7136,-1.4142
701.267,6,-37.2806,1.7132,-1.4152
701.278,6,-37.2717,1.7129,-1.4163
701.290,6,-37.2628,1.7118,-1.4174
701.300,6,-37.2537,1.7110,-1.4185
701.311,6,-37.2446,1.7100,-1.4197
701.323,6,-37.2356,1.7088,-1.4209
701.334,6,-37.2267,1.7075,-1.4221
701.344,6,-37.2177,1.7061,-1.4233
701.355,6,-37.2086,1.7046,-1.4246
701.366,6,-37.1996,1.7027,-1.4259
701.377,6,-37.1905,1.7008,-1.4271
701.388,6,-37.1813,1.6988,-1.4285
701.400,6,-37.1718,1.6966,-1.4300
701.411,6,-37.1624,1.6945,-1.4314
701.422,6,-37.1530,1.6926,-1.4328
701.433,6,-37.1436,1.6911,-1.4343
701.444,6,-37.1341,1.6897,-1.4358
701.456,6,-37.1241,1.6886,-1.4375
701.467,6,-37.1140,1.6877,-1.4393
701.479,6,-37.1039,1.6870,-1.4411
701.491,6,-37.0937,1.6867,-1.4430
701.502,6,-37.0836,1.6869,-1.4450
701.514,6,-37.0733,1.6881,-1.4471
701.526,6,-37.0630,1.6895,-1.4493
701.537,6,-37.0528,1.6906,-1.4514
701.549,6,-37.0427,1.6920,-1.4534
701.561,6,-37.0327,1.6940,-1.4554
701.572,6,-37.0227,1.6964,-1.4574
701.584,6,-37.0127,1.6985,-1.4592
701.596,6,-37.0029,1.7007,-1.4607
701.607,6,-36.9932,1.7025,-1.4623
701.619,6,-36.9837,1.7041,-1.4635
701.630,6,-36.9743,1.7054,-1.4649
701.642,6,-36.9651,1.7063,-1.4660
701.653,6,-36.9561,1.7070,-1.4668
701.665,6,-36.9472,1.7078,-1.4677
701.676,6,-36.9384,1.7087,-1.4685
701.688,6,-36.9295,1.7097,-1.4693
701.699,6,-36.9208,1.7109,-1.4700
701.710,6,-36.9120,1.7122,-1.4706
701.721,6,-36.9033,1.7137,-1.4711
701.733,6,-36.8944,1.7153,-1.4716
701.744,6,-36.8856,1.7167,-1.4722
701.755,6,-36.8768,1.7179,-1.4725
701.767,6,-36.8681,1.7189,-1.4728
701.777,6,-36.8594,1.7195,-1.4730
701.789,6,-36.8506,1.7200,-1.4733
701.800,6,-36.8419,1.7202,-1.4734
701.811,6,-36.8332,1.7201,-1.4735
701.822,6,-36.8245,1.7197,-1.4736
701.833,6,-36.8157,1.7193,-1.4737
701.844,6,-36.8069,1.7187,-1.4737
701.855,6,-36.7982,1.7178,-1.4736
701.867,6,-36.7894,1.7169,-1.4735
701.878,6,-36.7804,1.7158,-1.4733
701.889,6,-36.7714,1.7145,-1.4731
701.900,6,-36.7625,1.7130,-1.4728
701.911,6,-36.7537,1.7112,-1.4725
701.922,6,-36.7448,1.7092,-1.4721
701.933,6,-36.7361,1.7072,-1.4717
701.944,6,-36.7273,1.7051,-1.4714
701.955,6,-36.7185,1.7032,-1.4709
701.966,6,-36.7096,1.7015,-1.4704
701.978,6,-36.7006,1.6998,-1.4698
701.988,6,-36.6917,1.6984,-1.4692
702.000,6,-36.6827,1.6970,-1.4685
702.011,6,-36.6734,1.6959,-1.4677
702.022,6,-36.6642,1.6949,-1.4670
702.033,6,-36.6548,1.6943,-1.4662
702.044,6,-36.6455,1.6937,-1.4654
702.055,6,-36.6362,1.6935,-1.4645
702.066,6,-36.6267,1.6935,-1.4637
702.078,6,-36.6173,1.6941,-1.4628
702.088,6,-36.6079,1.6950,-1.4620
702.100,6,-36.5987,1.6957,-1.4611
702.111,6,-36.5897,1.6966,-1.4601
702.122,6,-36.5807,1.6975,-1.4592
702.133,6,-36.5717,1.6990,-1.4583
702.144,6,-36.5626,1.7006,-1.4575
702.155,6,-36.5537,1.7026,-1.4568
702.166,6,-36.5449,1.7044,-1.4559
702.177,6,-36.5361,1.7058,-1.4552
702.188,6,-36.5275,1.7070,-1.4546
702.200,6,-36.5190,1.7081,-1.4542
702.210,6,-36.5106,1.7090,-1.4538
702.221,6,-36.5023,1.7099,-1.4534
702.233,6,-36.4940,1.7107,-1.4531
702.244,6,-36.4858,1.7114,-1.4529
702.254,6,-36.4776,1.7123,-1.4527
702.266,6,-36.4694,1.7132,-1.4527
702.276,6,-36.4613,1.7140,-1.4526
702.287,6,-36.4532,1.7149,-1.4526
702.298,6,-36.4454,1.7158,-1.4526
702.310,6,-36.4376,1.7170,-1.4526
702.321,6,-36.4299,1.7182,-1.4528
702.332,6,-36.4222,1.7194,-1.4530
702.343,6,-36.4147,1.7204,-1.4532
702.354,6,-36.4072,1.7214,-1.4534
702.366,6,-36.3996,1.7222,-1.4536
702.377,6,-36.3921,1.7230,-1.4537
702.388,6,-36.3845,1.7237,-1.4539
702.399,6,-36.3771,1.7243,-1.4540
702.410,6,-36.3697,1.7248,-1.4541
702.421,6,-36.3621,1.7252,-1.4543
702.432,6,-36.3546,1.7253,-1.4545
702.443,6,-36.3471,1.7253,-1.4547
702.455,6,-36.3397,1.7252,-1.4550
702.465,6,-36.3321,1.7250,-1.4552
702.476,6,-36.3247,1.7247,-1.4554
702.488,6,-36.3171,1.7243,-1.4556
702.499,6,-36.3096,1.7237,-1.4559
702.510,6,-36.3021,1.7231,-1.4562
702.521,6,-36.2945,1.7222,-1.4565
702.532,6,-36.2870,1.7208,-1.4568
702.543,6,-36.2795,1.7195,-1.4572
702.554,6,-36.2720,1.7179,-1.4576
702.565,6,-36.2642,1.7166,-1.4581
702.577,6,-36.2565,1.7152,-1.4586
702.588,6,-36.2486,1.7139,-1.4592
702.598,6,-36.2406,1.7127,-1.4598
702.610,6,-36.2326,1.7116,-1.4604
702.621,6,-36.2244,1.7106,-1.4612
702.632,6,-36.2161,1.7099,-1.4620
702.643,6,-36.2076,1.7093,-1.4628
702.654,6,-36.1991,1.7088,-1.4637
702.666,6,-36.1907,1.7085,-1.4645
702.677,6,-36.1823,1.7085,-1.4655
702.688,6,-36.1737,1.7093,-1.4665
702.699,6,-36.1650,1.7100,-1.4675
702.711,6,-36.1566,1.7104,-1.4684
702.722,6,-36.1482,1.7109,-1.4693
702.733,6,-36.1398,1.7118,-1.4703
702.744,6,-36.1312,1.7133,-1.4714
702.755,6,-36.1229,1.7151,-1.4724
702.766,6,-36.1144,1.7167,-1.4734
702.777,6,-36.1062,1.7179,-1.4742
702.788,6,-36.0979,1.7189,-1.4751
702.800,6,-36.0897,1.7196,-1.4759
702.811,6,-36.0816,1.7201,-1.4766
702.822,6,-36.0735,1.7205,-1.4772
702.833,6,-36.0655,1.7208,-1.4777
702.845,6,-36.0575,1.7210,-1.4783
702.856,6,-36.0498,1.7213,-1.4787
702.867,6,-36.0418,1.7220,-1.4793
702.878,6,-36.0340,1.7228,-1.4797
702.889,6,-36.0261,1.7237,-1.4801
702.900,6,-36.0183,1.7249,-1.4804
702.911,6,-36.0107,1.7261,-1.4806
702.922,6,-36.0030,1.7274,-1.4809
702.933,6,-35.9955,1.7286,-1.4811
702.945,6,-35.9880,1.7298,-1.4814
702.955,6,-35.9806,1.7308,-1.4816
702.966,6,-35.9733,1.7317,-1.4818
702.977,6,-35.9659,1.7324,-1.4819
702.988,6,-35.9586,1.7330,-1.4821
702.999,6,-35.9513,1.7335,-1.4823
703.011,6,-35.9439,1.7339,-1.4824
703.022,6,-35.9365,1.7342,-1.4825
703.032,6,-35.9291,1.7345,-1.4826
703.044,6,-35.9218,1.7345,-1.4826
703.055,6,-35.9143,1.7344,-1.4825
703.065,6,-35.9068,1.7341,-1.4826
703.076,6,-35.8994,1.7336,-1.4825
703.088,6,-35.8920,1.7330,-1.4824
703.099,6,-35.8846,1.7320,-1.4823
703.110,6,-35.8771,1.7308,-1.4820
703.122,6,-35.8698,1.7293,-1.4818
703.134,6,-35.8624,1.7278,-1.4815
703.143,6,-35.8551,1.7262,-1.4813
703.154,6,-35.8477,1.7243,-1.4809
703.166,6,-35.8403,1.7223,-1.4803
703.176,6,-35.8328,1.7204,-1.4799
703.188,6,-35.8251,1.7189,-1.4793
703.199,6,-35.8175,1.7177,-1.4787
703.210,6,-35.8099,1.7167,-1.4780
703.221,6,-35.8022,1.7160,-1.4772
703.233,6,-35.7946,1.7152,-1.4765
703.244,6,-35.7869,1.7147,-1.4756
703.256,6,-35.7793,1.7144,-1.4746
703.266,6,-35.7717,1.7142,-1.4736
703.278,6,-35.7640,1.7146,-1.4724
703.289,6,-35.7562,1.7151,-1.4712
703.300,6,-35.7486,1.7154,-1.4700
703.311,6,-35.7409,1.7157,-1.4688
703.322,6,-35.7334,1.7163,-1.4676
703.333,6,-35.7259,1.7175,-1.4665
703.345,6,-35.7183,1.7193,-1.4652
703.356,6,-35.7109,1.7215,-1.4640
703.367,6,-35.7035,1.7234,-1.4627
703.378,6,-35.6962,1.7249,-1.4615
703.389,6,-35.6890,1.7260,-1.4604
703.401,6,-35.6818,1.7269,-1.4593
703.412,6,-35.6748,1.7279,-1.4582
703.423,6,-35.6676,1.7287,-1.4573
703.434,6,-35.6604,1.7292,-1.4564
703.446,6,-35.6533,1.7296,-1.4557
703.458,6,-35.6464,1.7298,-1.4550
703.469,6,-35.6394,1.7300,-1.4545
703.481,6,-35.6325,1.7302,-1.4541
703.492,6,-35.6256,1.7307,-1.4534
703.504,6,-35.6188,1.7312,-1.4529
703.516,6,-35.6121,1.7318,-1.4524
703.527,6,-35.6056,1.7326,-1.4521
703.539,6,-35.5990,1.7333,-1.4517
703.551,6,-35.5926,1.7340,-1.4515
703.562,6,-35.5862,1.7347,-1.4513
703.574,6,-35.5798,1.7354,-1.4510
703.586,6,-35.5735,1.7361,-1.4508
703.597,6,-35.5673,1.7367,-1.4506
703.609,6,-35.5612,1.7372,-1.4506
703.620,6,-35.5552,1.7377,-1.4505
703.632,6,-35.5491,1.7381,-1.4505
703.643,6,-35.5431,1.7385,-1.4505
703.654,6,-35.5373,1.7388,-1.4506
703.665,6,-35.5314,1.7390,-1.4506
703.677,6,-35.5257,1.7389,-1.4509
703.688,6,-35.5200,1.7389,-1.4512
703.699,6,-35.5143,1.7388,-1.4513
703.710,6,-35.5087,1.7386,-1.4518
703.722,6,-35.5030,1.7383,-1.4519
703.733,6,-35.4974,1.7378,-1.4521
703.744,6,-35.4919,1.7369,-1.4525
703.756,6,-35.4865,1.7362,-1.4528
703.768,6,-35.4811,1.7354,-1.4533
703.778,6,-35.4758,1.7349,-1.4536
703.790,6,-35.4705,1.7344,-1.4542
703.801,6,-35.4654,1.7339,-1.4545
703.812,6,-35.4601,1.7334,-1.4549
703.824,6,-35.4549,1.7328,-1.4554
703.835,6,-35.4497,1.7324,-1.4559
703.847,6,-35.4445,1.7322,-1.4565
703.859,6,-35.4393,1.7322,-1.4569
703.870,6,-35.4342,1.7324,-1.4574
703.882,6,-35.4290,1.7331,-1.4578
703.894,6,-35.4239,1.7345,-1.4581
703.905,6,-35.4189,1.7360,-1.4588
703.917,6,-35.4138,1.7373,-1.4592
703.929,6,-35.4090,1.7382,-1.4597
703.940,6,-35.4044,1.7386,-1.4601
703.952,6,-35.3999,1.7388,-1.4603
703.963,6,-35.3955,1.7389,-1.4605
703.975,6,-35.3913,1.7390,-1.4607
703.986,6,-35.3875,1.7389,-1.4610
703.998,6,-35.3837,1.7388,-1.4610
704.010,6,-35.3802,1.7384,-1.4610
704.022,6,-35.3767,1.7381,-1.4613
704.033,6,-35.3732,1.7379,-1.4615
704.045,6,-35.3698,1.7378,-1.4613
704.052,6,-35.3664,1.7377,-1.4613
704.067,6,-35.3632,1.7377,-1.4611
704.078,6,-35.3602,1.7374,-1.4610
704.091,6,-35.3573,1.7373,-1.4610
704.098,6,-35.3543,1.7371,-1.4607
704.114,6,-35.3517,1.7371,-1.4606
704.120,6,-35.3488,1.7369,-1.4604
704.134,6,-35.3463,1.7369,-1.4599
704.146,6,-35.3438,1.7369,-1.4596
704.158,6,-35.3414,1.7369,-1.4593
704.166,6,-35.3389,1.7368,-1.4590
704.180,6,-35.3366,1.7369,-1.4585
704.192,6,-35.3343,1.7371,-1.4580
704.204,6,-35.3320,1.7373,-1.4574
704.218,6,-35.3299,1.7376,-1.4569
704.231,6,-35.3278,1.7379,-1.4564
704.241,6,-35.3256,1.7383,-1.4559
704.247,6,-35.3233,1.7385,-1.4554
704.262,6,-35.3213,1.7391,-1.4552
704.274,6,-35.3192,1.7396,-1.4543
704.285,6,-35.3171,1.7401,-1.4537
704.297,6,-35.3150,1.7407,-1.4532
704.308,6,-35.3129,1.7412,-1.4527
704.321,6,-35.3108,1.7420,-1.4522
704.332,6,-35.3086,1.7430,-1.4515
704.344,6,-35.3065,1.7438,-1.4508
704.351,6,-35.3044,1.7446,-1.4502
704.366,6,-35.3027,1.7442,-1.4496
704.378,6,-35.3007,1.7441,-1.4490
704.385,6,-35.2988,1.7441,-1.4484
704.400,6,-35.2971,1.7442,-1.4479
704.412,6,-35.2955,1.7445,-1.4474
704.418,6,-35.2938,1.7451,-1.4469
704.434,6,-35.2923,1.7458,-1.4465
704.441,6,-35.2907,1.7462,-1.4460
704.456,6,-35.2893,1.7463,-1.4457
704.463,6,-35.2878,1.7466,-1.4453
704.479,6,-35.2866,1.7469,-1.4450
704.487,6,-35.2853,1.7473,-1.4446
704.500,6,-35.2841,1.7478,-1.4443
704.512,6,-35.2829,1.7482,-1.4441
704.524,6,-35.2819,1.7484,-1.4438
704.535,6,-35.2808,1.7487,-1.4437
704.547,6,-35.2797,1.7489,-1.4436
704.555,6,-35.2786,1.7492,-1.4436
704.570,6,-35.2775,1.7495,-1.4437
704.582,6,-35.2767,1.7499,-1.4449
704.589,6,-35.2758,1.7502,-1.4451
704.604,6,-35.2752,1.7502,-1.4461
704.616,6,-35.2744,1.7504,-1.4464
704.623,6,-35.2736,1.7506,-1.4467
704.639,6,-35.2729,1.7507,-1.4471
704.651,6,-35.2724,1.7507,-1.4479
704.657,6,-35.2717,1.7507,-1.4483
704.673,6,-35.2711,1.7507,-1.4489
704.686,6,-35.2707,1.7507,-1.4500
704.692,6,-35.2701,1.7507,-1.4505
704.707,6,-35.2695,1.7506,-1.4509
704.720,6,-35.2690,1.7506,-1.4514
704.726,6,-35.2684,1.7506,-1.4519
704.741,6,-35.2679,1.7505,-1.4524
704.754,6,-35.2674,1.7505,-1.4529
704.761,6,-35.2669,1.7505,-1.4533
704.777,6,-35.2665,1.7506,-1.4538
704.784,6,-35.2660,1.7508,-1.4547
704.799,6,-35.2655,1.7509,-1.4552
704.807,6,-35.2651,1.7511,-1.4558
704.822,6,-35.2646,1.7512,-1.4564
704.829,6,-35.2641,1.7515,-1.4568
704.845,6,-35.2636,1.7518,-1.4572
704.852,6,-35.2631,1.7520,-1.4577
704.867,6,-35.2627,1.7524,-1.4585
704.879,6,-35.2622,1.7527,-1.4587
704.886,6,-35.2619,1.7528,-1.4597
704.902,6,-35.2616,1.7527,-1.4600
704.909,6,-35.2613,1.7526,-1.4604
704.925,6,-35.2610,1.7523,-1.4605
704.932,6,-35.2608,1.7520,-1.4608
704.948,6,-35.2606,1.7516,-1.4608

# --- Trial 7 start ---
714.074,7,-39.7880,1.6862,-1.1994
714.105,7,-39.7885,1.6855,-1.1989
714.111,7,-39.7889,1.6852,-1.1986
714.122,7,-39.7898,1.6845,-1.1979
714.132,7,-39.7901,1.6843,-1.1975
714.147,7,-39.7904,1.6844,-1.1970
714.158,7,-39.7906,1.6846,-1.1966
714.170,7,-39.7909,1.6849,-1.1958
714.193,7,-39.7912,1.6858,-1.1950
714.212,7,-39.7912,1.6866,-1.1942
714.231,7,-39.7909,1.6876,-1.1934
714.242,7,-39.7909,1.6884,-1.1925
714.264,7,-39.7903,1.6893,-1.1917
714.286,7,-39.7897,1.6898,-1.1907
714.308,7,-39.7886,1.6903,-1.1898
714.330,7,-39.7873,1.6909,-1.1890
714.353,7,-39.7859,1.6906,-1.1880
714.375,7,-39.7842,1.6903,-1.1871
714.397,7,-39.7827,1.6901,-1.1860
714.419,7,-39.7811,1.6892,-1.1848
714.441,7,-39.7793,1.6873,-1.1837
714.464,7,-39.7775,1.6860,-1.1828
714.486,7,-39.7754,1.6852,-1.1821
714.508,7,-39.7733,1.6834,-1.1817
714.531,7,-39.7710,1.6828,-1.1817
714.554,7,-39.7687,1.6845,-1.1819
714.576,7,-39.7667,1.6855,-1.1822
714.599,7,-39.7647,1.6859,-1.1830
714.621,7,-39.7627,1.6864,-1.1836
714.644,7,-39.7608,1.6868,-1.1844
714.667,7,-39.7598,1.6867,-1.1851
714.682,7,-39.7587,1.6867,-1.1856
714.694,7,-39.7575,1.6866,-1.1861
714.704,7,-39.7563,1.6866,-1.1867
714.715,7,-39.7553,1.6865,-1.1872
714.726,7,-39.7541,1.6864,-1.1877
714.737,7,-39.7530,1.6861,-1.1883
714.749,7,-39.7519,1.6859,-1.1888
714.760,7,-39.7507,1.6857,-1.1894
714.771,7,-39.7497,1.6853,-1.1900
714.783,7,-39.7489,1.6849,-1.1906
714.794,7,-39.7479,1.6845,-1.1913
714.805,7,-39.7468,1.6842,-1.1920
714.816,7,-39.7457,1.6840,-1.1927
714.827,7,-39.7446,1.6838,-1.1934
714.838,7,-39.7434,1.6834,-1.1943
714.850,7,-39.7423,1.6829,-1.1953
714.861,7,-39.7411,1.6821,-1.1962
714.872,7,-39.7400,1.6811,-1.1973
714.883,7,-39.7386,1.6799,-1.1983
714.894,7,-39.7376,1.6793,-1.1994
714.905,7,-39.7360,1.6818,-1.2006
714.917,7,-39.7341,1.6850,-1.2019
714.928,7,-39.7322,1.6881,-1.2031
714.939,7,-39.7303,1.6896,-1.2044
714.950,7,-39.7286,1.6894,-1.2056
714.961,7,-39.7274,1.6879,-1.2068
714.972,7,-39.7261,1.6860,-1.2082
714.983,7,-39.7246,1.6834,-1.2096
714.995,7,-39.7235,1.6818,-1.2110
715.006,7,-39.7222,1.6816,-1.2125
715.017,7,-39.7207,1.6818,-1.2140
715.028,7,-39.7191,1.6820,-1.2152
715.039,7,-39.7175,1.6819,-1.2165
715.050,7,-39.7159,1.6814,-1.2179
715.061,7,-39.7146,1.6808,-1.2192
715.083,7,-39.7132,1.6803,-1.2208
715.094,7,-39.7117,1.6801,-1.2223
715.106,7,-39.7103,1.6800,-1.2237
715.117,7,-39.7088,1.6796,-1.2251
715.128,7,-39.7073,1.6792,-1.2265
715.139,7,-39.7057,1.6789,-1.2279
715.150,7,-39.7041,1.6783,-1.2292
715.161,7,-39.7022,1.6783,-1.2305
715.172,7,-39.7004,1.6784,-1.2319
715.183,7,-39.6984,1.6785,-1.2332
715.195,7,-39.6964,1.6784,-1.2344
715.205,7,-39.6943,1.6783,-1.2356
715.216,7,-39.6922,1.6779,-1.2367
715.228,7,-39.6900,1.6775,-1.2380
715.239,7,-39.6877,1.6772,-1.2390
715.250,7,-39.6854,1.6769,-1.2403
715.262,7,-39.6830,1.6764,-1.2413
715.274,7,-39.6806,1.6759,-1.2423
715.283,7,-39.6781,1.6753,-1.2433
715.294,7,-39.6753,1.6747,-1.2442
715.305,7,-39.6726,1.6741,-1.2451
715.316,7,-39.6697,1.6735,-1.2460
715.327,7,-39.6667,1.6730,-1.2468
715.339,7,-39.6638,1.6726,-1.2477
715.350,7,-39.6608,1.6726,-1.2485
715.361,7,-39.6576,1.6724,-1.2494
715.372,7,-39.6544,1.6720,-1.2500
715.383,7,-39.6508,1.6717,-1.2508
715.394,7,-39.6473,1.6714,-1.2515
715.405,7,-39.6436,1.6713,-1.2524
715.416,7,-39.6400,1.6711,-1.2531
715.427,7,-39.6361,1.6709,-1.2538
715.438,7,-39.6324,1.6706,-1.2544
715.449,7,-39.6285,1.6701,-1.2551
715.460,7,-39.6244,1.6698,-1.2557
715.471,7,-39.6203,1.6694,-1.2563
715.482,7,-39.6158,1.6689,-1.2570
715.494,7,-39.6116,1.6686,-1.2576
715.504,7,-39.6071,1.6682,-1.2583
715.515,7,-39.6025,1.6677,-1.2589
715.526,7,-39.5977,1.6671,-1.2595
715.537,7,-39.5929,1.6666,-1.2602
715.548,7,-39.5880,1.6659,-1.2608
715.559,7,-39.5828,1.6652,-1.2614
715.571,7,-39.5776,1.6646,-1.2619
715.582,7,-39.5723,1.6639,-1.2624
715.593,7,-39.5668,1.6632,-1.2628
715.605,7,-39.5614,1.6625,-1.2632
715.616,7,-39.5558,1.6617,-1.2636
715.626,7,-39.5501,1.6610,-1.2640
715.637,7,-39.5440,1.6602,-1.2643
715.648,7,-39.5381,1.6596,-1.2646
715.659,7,-39.5318,1.6587,-1.2648
715.670,7,-39.5256,1.6578,-1.2648
715.682,7,-39.5195,1.6570,-1.2650
715.693,7,-39.5134,1.6561,-1.2648
715.704,7,-39.5072,1.6554,-1.2647
715.715,7,-39.5007,1.6547,-1.2647
715.726,7,-39.4942,1.6542,-1.2646
715.737,7,-39.4876,1.6539,-1.2645
715.749,7,-39.4811,1.6538,-1.2642
715.760,7,-39.4743,1.6544,-1.2640
715.771,7,-39.4676,1.6552,-1.2637
715.782,7,-39.4611,1.6562,-1.2635
715.793,7,-39.4543,1.6573,-1.2634
715.804,7,-39.4475,1.6587,-1.2632
715.815,7,-39.4407,1.6601,-1.2631
715.827,7,-39.4340,1.6615,-1.2629
715.838,7,-39.4273,1.6631,-1.2628
715.849,7,-39.4207,1.6646,-1.2627
715.859,7,-39.4140,1.6661,-1.2626
715.870,7,-39.4074,1.6675,-1.2627
715.882,7,-39.4008,1.6686,-1.2627
715.893,7,-39.3943,1.6694,-1.2628
715.903,7,-39.3879,1.6701,-1.2628
715.915,7,-39.3815,1.6705,-1.2629
715.926,7,-39.3751,1.6711,-1.2630
715.937,7,-39.3687,1.6716,-1.2629
715.948,7,-39.3622,1.6721,-1.2631
715.960,7,-39.3558,1.6726,-1.2629
715.971,7,-39.3494,1.6732,-1.2629
715.982,7,-39.3431,1.6737,-1.2629
715.993,7,-39.3368,1.6741,-1.2629
716.004,7,-39.3306,1.6747,-1.2630
716.015,7,-39.3245,1.6751,-1.2632
716.026,7,-39.3182,1.6757,-1.2635
716.037,7,-39.3122,1.6761,-1.2638
716.048,7,-39.3059,1.6765,-1.2642
716.059,7,-39.2996,1.6769,-1.2646
716.072,7,-39.2932,1.6770,-1.2649
716.082,7,-39.2868,1.6772,-1.2654
716.092,7,-39.2803,1.6773,-1.2659
716.104,7,-39.2738,1.6773,-1.2666
716.115,7,-39.2672,1.6771,-1.2672
716.126,7,-39.2606,1.6769,-1.2679
716.137,7,-39.2539,1.6765,-1.2687
716.148,7,-39.2470,1.6760,-1.2695
716.160,7,-39.2400,1.6756,-1.2704
716.170,7,-39.2327,1.6750,-1.2714
716.182,7,-39.2257,1.6742,-1.2723
716.193,7,-39.2185,1.6733,-1.2733
716.204,7,-39.2113,1.6722,-1.2743
716.215,7,-39.2042,1.6709,-1.2752
716.226,7,-39.1971,1.6696,-1.2761
716.237,7,-39.1898,1.6682,-1.2771
716.248,7,-39.1826,1.6666,-1.2781
716.259,7,-39.1754,1.6649,-1.2792
716.270,7,-39.1681,1.6630,-1.2804
716.281,7,-39.1610,1.6611,-1.2814
716.292,7,-39.1538,1.6596,-1.2826
716.304,7,-39.1462,1.6582,-1.2839
716.316,7,-39.1386,1.6572,-1.2851
716.327,7,-39.1307,1.6566,-1.2865
716.338,7,-39.1226,1.6562,-1.2878
716.350,7,-39.1145,1.6558,-1.2893
716.362,7,-39.1062,1.6560,-1.2908
716.374,7,-39.0979,1.6571,-1.2924
716.385,7,-39.0893,1.6587,-1.2941
716.397,7,-39.0806,1.6607,-1.2960
716.408,7,-39.0717,1.6626,-1.2979
716.420,7,-39.0629,1.6646,-1.2998
716.431,7,-39.0538,1.6669,-1.3018
716.443,7,-39.0448,1.6687,-1.3036
716.455,7,-39.0362,1.6703,-1.3053
716.467,7,-39.0276,1.6714,-1.3069
716.479,7,-39.0192,1.6723,-1.3085
716.490,7,-39.0107,1.6731,-1.3100
716.502,7,-39.0022,1.6737,-1.3114
716.514,7,-38.9936,1.6745,-1.3129
716.525,7,-38.9850,1.6757,-1.3141
716.537,7,-38.9763,1.6771,-1.3153
716.548,7,-38.9675,1.6786,-1.3164
716.559,7,-38.9591,1.6799,-1.3174
716.571,7,-38.9502,1.6813,-1.3183
716.582,7,-38.9415,1.6829,-1.3191
716.593,7,-38.9326,1.6846,-1.3198
716.604,7,-38.9237,1.6861,-1.3203
716.615,7,-38.9150,1.6873,-1.3208
716.626,7,-38.9063,1.6881,-1.3212
716.637,7,-38.8977,1.6887,-1.3218
716.649,7,-38.8888,1.6888,-1.3222
716.660,7,-38.8802,1.6885,-1.3225
716.671,7,-38.8714,1.6879,-1.3229
716.682,7,-38.8627,1.6872,-1.3232
716.693,7,-38.8539,1.6863,-1.3234
716.704,7,-38.8452,1.6853,-1.3236
716.715,7,-38.8364,1.6842,-1.3238
716.726,7,-38.8274,1.6829,-1.3240
716.737,7,-38.8183,1.6814,-1.3240
716.748,7,-38.8092,1.6799,-1.3241
716.759,7,-38.8001,1.6781,-1.3240
716.770,7,-38.7910,1.6762,-1.3240
716.781,7,-38.7817,1.6741,-1.3238
716.792,7,-38.7727,1.6719,-1.3235
716.804,7,-38.7632,1.6699,-1.3234
716.815,7,-38.7540,1.6678,-1.3231
716.826,7,-38.7445,1.6659,-1.3228
716.837,7,-38.7350,1.6642,-1.3223
716.848,7,-38.7256,1.6626,-1.3218
716.860,7,-38.7161,1.6612,-1.3211
716.870,7,-38.7066,1.6600,-1.3204
716.882,7,-38.6968,1.6591,-1.3197
716.893,7,-38.6871,1.6583,-1.3189
716.904,7,-38.6773,1.6581,-1.3179
716.915,7,-38.6675,1.6580,-1.3170
716.926,7,-38.6577,1.6586,-1.3159
716.937,7,-38.6477,1.6594,-1.3148
716.948,7,-38.6378,1.6605,-1.3137
716.959,7,-38.6281,1.6618,-1.3126
716.971,7,-38.6183,1.6638,-1.3115
716.982,7,-38.6087,1.6659,-1.3105
716.993,7,-38.5990,1.6682,-1.3095
717.004,7,-38.5896,1.6708,-1.3086
717.015,7,-38.5802,1.6732,-1.3078
717.026,7,-38.5709,1.6756,-1.3070
717.037,7,-38.5617,1.6776,-1.3064
717.048,7,-38.5524,1.6794,-1.3059
717.059,7,-38.5433,1.6808,-1.3056
717.070,7,-38.5341,1.6823,-1.3053
717.082,7,-38.5250,1.6837,-1.3051
717.093,7,-38.5161,1.6852,-1.3048
717.104,7,-38.5071,1.6867,-1.3047
717.115,7,-38.4981,1.6883,-1.3045
717.126,7,-38.4891,1.6898,-1.3044
717.137,7,-38.4802,1.6913,-1.3043
717.148,7,-38.4713,1.6928,-1.3042
717.159,7,-38.4625,1.6942,-1.3043
717.170,7,-38.4535,1.6955,-1.3043
717.181,7,-38.4448,1.6966,-1.3043
717.192,7,-38.4358,1.6973,-1.3045
717.203,7,-38.4270,1.6979,-1.3046
717.214,7,-38.4181,1.6983,-1.3049
717.226,7,-38.4092,1.6984,-1.3052
717.237,7,-38.4004,1.6985,-1.3055
717.248,7,-38.3915,1.6982,-1.3059
717.259,7,-38.3825,1.6979,-1.3062
717.270,7,-38.3735,1.6972,-1.3068
717.282,7,-38.3644,1.6963,-1.3073
717.294,7,-38.3554,1.6953,-1.3078
717.302,7,-38.3463,1.6943,-1.3084
717.313,7,-38.3374,1.6931,-1.3091
717.324,7,-38.3282,1.6917,-1.3098
717.335,7,-38.3192,1.6904,-1.3105
717.346,7,-38.3099,1.6889,-1.3113
717.358,7,-38.3007,1.6873,-1.3122
717.369,7,-38.2914,1.6854,-1.3131
717.380,7,-38.2820,1.6836,-1.3141
717.391,7,-38.2726,1.6814,-1.3152
717.402,7,-38.2631,1.6793,-1.3163
717.413,7,-38.2536,1.6774,-1.3175
717.424,7,-38.2439,1.6758,-1.3188
717.436,7,-38.2342,1.6744,-1.3202
717.446,7,-38.2243,1.6734,-1.3216
717.458,7,-38.2143,1.6726,-1.3231
717.469,7,-38.2044,1.6719,-1.3247
717.480,7,-38.1946,1.6715,-1.3264
717.491,7,-38.1849,1.6716,-1.3282
717.502,7,-38.1748,1.6727,-1.3300
717.513,7,-38.1646,1.6740,-1.3320
717.524,7,-38.1544,1.6756,-1.3340
717.536,7,-38.1442,1.6772,-1.3360
717.547,7,-38.1340,1.6790,-1.3379
717.558,7,-38.1238,1.6812,-1.3398
717.569,7,-38.1137,1.6831,-1.3415
717.580,7,-38.1040,1.6848,-1.3432
717.591,7,-38.0944,1.6863,-1.3447
717.603,7,-38.0851,1.6875,-1.3461
717.614,7,-38.0759,1.6887,-1.3474
717.625,7,-38.0668,1.6896,-1.3487
717.636,7,-38.0579,1.6905,-1.3499
717.647,7,-38.0489,1.6914,-1.3511
717.658,7,-38.0400,1.6924,-1.3522
717.669,7,-38.0311,1.6936,-1.3534
717.680,7,-38.0221,1.6951,-1.3545
717.691,7,-38.0128,1.6968,-1.3556
717.703,7,-38.0037,1.6987,-1.3566
717.714,7,-37.9945,1.7006,-1.3574
717.726,7,-37.9854,1.7022,-1.3582
717.736,7,-37.9763,1.7034,-1.3589
717.748,7,-37.9672,1.7044,-1.3597
717.759,7,-37.9582,1.7051,-1.3605
717.770,7,-37.9493,1.7056,-1.3612
717.781,7,-37.9404,1.7056,-1.3619
717.792,7,-37.9316,1.7057,-1.3625
717.803,7,-37.9225,1.7056,-1.3631
717.814,7,-37.9134,1.7052,-1.3636
717.826,7,-37.9042,1.7046,-1.3641
717.837,7,-37.8951,1.7040,-1.3645
717.848,7,-37.8859,1.7030,-1.3649
717.858,7,-37.8767,1.7021,-1.3653
717.869,7,-37.8676,1.7009,-1.3655
717.881,7,-37.8582,1.6995,-1.3658
717.892,7,-37.8488,1.6978,-1.3659
717.904,7,-37.8395,1.6957,-1.3659
717.916,7,-37.8302,1.6936,-1.3659
717.926,7,-37.8209,1.6914,-1.3658
717.937,7,-37.8116,1.6894,-1.3657
717.949,7,-37.8023,1.6874,-1.3655
717.959,7,-37.7928,1.6856,-1.3654
717.971,7,-37.7834,1.6841,-1.3651
717.982,7,-37.7738,1.6828,-1.3649
717.993,7,-37.7640,1.6819,-1.3645
718.004,7,-37.7544,1.6811,-1.3641
718.016,7,-37.7448,1.6803,-1.3636
718.026,7,-37.7353,1.6796,-1.3630
718.037,7,-37.7259,1.6793,-1.3623
718.048,7,-37.7163,1.6795,-1.3617
718.059,7,-37.7069,1.6806,-1.3609
718.070,7,-37.6973,1.6816,-1.3601
718.081,7,-37.6877,1.6828,-1.3592
718.092,7,-37.6782,1.6842,-1.3584
718.104,7,-37.6687,1.6861,-1.3577
718.114,7,-37.6592,1.6880,-1.3570
718.125,7,-37.6497,1.6903,-1.3562
718.137,7,-37.6400,1.6927,-1.3554
718.148,7,-37.6306,1.6948,-1.3547
718.160,7,-37.6210,1.6967,-1.3540
718.170,7,-37.6117,1.6983,-1.3534
718.181,7,-37.6022,1.6997,-1.3529
718.193,7,-37.5929,1.7009,-1.3526
718.204,7,-37.5836,1.7022,-1.3524
718.215,7,-37.5745,1.7036,-1.3523
718.225,7,-37.5652,1.7050,-1.3523
718.237,7,-37.5561,1.7063,-1.3523
718.247,7,-37.5468,1.7075,-1.3524
718.259,7,-37.5377,1.7086,-1.3525
718.269,7,-37.5289,1.7097,-1.3526
718.280,7,-37.5201,1.7108,-1.3527
718.291,7,-37.5113,1.7117,-1.3529
718.303,7,-37.5025,1.7126,-1.3530
718.314,7,-37.4938,1.7133,-1.3533
718.325,7,-37.4850,1.7139,-1.3535
718.336,7,-37.4762,1.7143,-1.3538
718.347,7,-37.4674,1.7146,-1.3541
718.358,7,-37.4585,1.7148,-1.3544
718.369,7,-37.4498,1.7149,-1.3548
718.381,7,-37.4411,1.7149,-1.3551
718.392,7,-37.4323,1.7149,-1.3554
718.403,7,-37.4235,1.7146,-1.3559
718.414,7,-37.4147,1.7141,-1.3564
718.425,7,-37.4059,1.7136,-1.3569
718.436,7,-37.3973,1.7129,-1.3574
718.447,7,-37.3886,1.7122,-1.3580
718.458,7,-37.3798,1.7113,-1.3586
718.469,7,-37.3711,1.7104,-1.3592
718.480,7,-37.3623,1.7092,-1.3600
718.491,7,-37.3535,1.7079,-1.3607
718.503,7,-37.3446,1.7061,-1.3616
718.514,7,-37.3358,1.7044,-1.3624
718.524,7,-37.3269,1.7027,-1.3633
718.536,7,-37.3180,1.7008,-1.3642
718.547,7,-37.3089,1.6989,-1.3653
718.558,7,-37.2999,1.6973,-1.3664
718.569,7,-37.2908,1.6959,-1.3676
718.580,7,-37.2816,1.6946,-1.3688
718.592,7,-37.2724,1.6937,-1.3701
718.603,7,-37.2632,1.6928,-1.3715
718.614,7,-37.2540,1.6921,-1.3729
718.625,7,-37.2448,1.6915,-1.3744
718.636,7,-37.2355,1.6911,-1.3759
718.647,7,-37.2262,1.6916,-1.3776
718.658,7,-37.2170,1.6924,-1.3793
718.669,7,-37.2078,1.6933,-1.3810
718.680,7,-37.1986,1.6942,-1.3826
718.692,7,-37.1895,1.6955,-1.3843
718.703,7,-37.1804,1.6976,-1.3860
718.714,7,-37.1712,1.6996,-1.3877
718.725,7,-37.1623,1.7012,-1.3893
718.736,7,-37.1534,1.7026,-1.3908
718.747,7,-37.1444,1.7036,-1.3923
718.759,7,-37.1356,1.7044,-1.3938
718.770,7,-37.1271,1.7050,-1.3951
718.781,7,-37.1186,1.7056,-1.3964
718.792,7,-37.1102,1.7061,-1.3976
718.803,7,-37.1018,1.7069,-1.3988
718.815,7,-37.0934,1.7078,-1.4002
718.826,7,-37.0851,1.7088,-1.4015
718.837,7,-37.0767,1.7098,-1.4029
718.848,7,-37.0683,1.7110,-1.4042
718.859,7,-37.0599,1.7122,-1.4053
718.870,7,-37.0516,1.7136,-1.4065
718.881,7,-37.0432,1.7152,-1.4077
718.893,7,-37.0349,1.7166,-1.4088
718.903,7,-37.0266,1.7179,-1.4098
718.915,7,-37.0184,1.7188,-1.4109
718.926,7,-37.0100,1.7196,-1.4121
718.937,7,-37.0015,1.7201,-1.4132
718.948,7,-36.9930,1.7205,-1.4143
718.959,7,-36.9847,1.7207,-1.4154
718.970,7,-36.9762,1.7207,-1.4165
718.981,7,-36.9678,1.7206,-1.4176
718.992,7,-36.9593,1.7203,-1.4185
719.003,7,-36.9507,1.7199,-1.4194
719.015,7,-36.9420,1.7192,-1.4204
719.025,7,-36.9334,1.7184,-1.4212
719.036,7,-36.9248,1.7174,-1.4221
719.048,7,-36.9161,1.7162,-1.4229
719.058,7,-36.9075,1.7148,-1.4237
719.069,7,-36.8989,1.7129,-1.4243
719.080,7,-36.8903,1.7112,-1.4250
719.092,7,-36.8817,1.7089,-1.4255
719.103,7,-36.8730,1.7069,-1.4261
719.114,7,-36.8643,1.7051,-1.4267
719.125,7,-36.8551,1.7032,-1.4272
719.137,7,-36.8459,1.7015,-1.4276
719.149,7,-36.8366,1.7000,-1.4281
719.161,7,-36.8273,1.6989,-1.4284
719.172,7,-36.8179,1.6978,-1.4288
719.183,7,-36.8083,1.6971,-1.4290
719.195,7,-36.7989,1.6965,-1.4292
719.206,7,-36.7894,1.6961,-1.4294
719.218,7,-36.7798,1.6963,-1.4295
719.230,7,-36.7702,1.6971,-1.4297
719.241,7,-36.7606,1.6982,-1.4297
719.253,7,-36.7511,1.6992,-1.4296
719.265,7,-36.7417,1.7005,-1.4296
719.276,7,-36.7324,1.7020,-1.4296
719.287,7,-36.7231,1.7034,-1.4297
719.300,7,-36.7140,1.7062,-1.4297
719.311,7,-36.7050,1.7083,-1.4298
719.323,7,-36.6961,1.7101,-1.4298
719.334,7,-36.6874,1.7115,-1.4301
719.344,7,-36.6788,1.7126,-1.4304
719.355,7,-36.6708,1.7132,-1.4307
719.366,7,-36.6626,1.7139,-1.4312
719.378,7,-36.6546,1.7146,-1.4316
719.388,7,-36.6465,1.7154,-1.4322
719.400,7,-36.6384,1.7165,-1.4327
719.411,7,-36.6305,1.7175,-1.4332
719.422,7,-36.6224,1.7185,-1.4338
719.434,7,-36.6145,1.7196,-1.4343
719.445,7,-36.6067,1.7208,-1.4349
719.457,7,-36.5990,1.7221,-1.4356
719.468,7,-36.5915,1.7233,-1.4362
719.479,7,-36.5839,1.7243,-1.4369
719.490,7,-36.5763,1.7253,-1.4376
719.501,7,-36.5689,1.7261,-1.4384
719.512,7,-36.5615,1.7268,-1.4390
719.523,7,-36.5541,1.7272,-1.4397
719.534,7,-36.5466,1.7277,-1.4404
719.546,7,-36.5392,1.7280,-1.4410
719.557,7,-36.5319,1.7283,-1.4418
719.568,7,-36.5245,1.7284,-1.4426
719.579,7,-36.5171,1.7284,-1.4435
719.590,7,-36.5097,1.7284,-1.4444
719.601,7,-36.5024,1.7282,-1.4453
719.613,7,-36.4951,1.7279,-1.4462
719.624,7,-36.4878,1.7275,-1.4472
719.635,7,-36.4804,1.7269,-1.4482
719.646,7,-36.4729,1.7263,-1.4492
719.657,7,-36.4655,1.7256,-1.4503
719.668,7,-36.4580,1.7246,-1.4514
719.679,7,-36.4506,1.7236,-1.4526
719.690,7,-36.4430,1.7221,-1.4538
719.701,7,-36.4355,1.7202,-1.4550
719.712,7,-36.4278,1.7186,-1.4562
719.723,7,-36.4202,1.7173,-1.4575
719.735,7,-36.4125,1.7162,-1.4586
719.746,7,-36.4047,1.7152,-1.4599
719.757,7,-36.3969,1.7143,-1.4612
719.769,7,-36.3889,1.7136,-1.4627
719.780,7,-36.3809,1.7133,-1.4642
719.792,7,-36.3727,1.7135,-1.4659
719.803,7,-36.3645,1.7137,-1.4675
719.814,7,-36.3563,1.7142,-1.4692
719.825,7,-36.3481,1.7148,-1.4709
719.836,7,-36.3398,1.7158,-1.4726
719.847,7,-36.3316,1.7169,-1.4743
719.858,7,-36.3235,1.7184,-1.4759
719.869,7,-36.3154,1.7197,-1.4774
719.881,7,-36.3074,1.7210,-1.4788
719.892,7,-36.2994,1.7222,-1.4801
719.903,7,-36.2915,1.7233,-1.4814
719.914,7,-36.2841,1.7241,-1.4828
719.925,7,-36.2762,1.7247,-1.4841
719.936,7,-36.2687,1.7250,-1.4852
719.947,7,-36.2611,1.7251,-1.4864
719.959,7,-36.2535,1.7254,-1.4876
719.970,7,-36.2458,1.7259,-1.4886
719.980,7,-36.2383,1.7267,-1.4896
719.991,7,-36.2306,1.7276,-1.4905
720.002,7,-36.2230,1.7284,-1.4913
720.013,7,-36.2154,1.7292,-1.4920
720.025,7,-36.2077,1.7299,-1.4926
720.035,7,-36.2002,1.7307,-1.4932
720.047,7,-36.1927,1.7316,-1.4937
720.058,7,-36.1853,1.7325,-1.4941
720.069,7,-36.1779,1.7333,-1.4945
720.080,7,-36.1706,1.7339,-1.4949
720.091,7,-36.1632,1.7342,-1.4953
720.102,7,-36.1558,1.7343,-1.4956
720.114,7,-36.1484,1.7342,-1.4959
720.125,7,-36.1410,1.7339,-1.4962
720.136,7,-36.1336,1.7337,-1.4963
720.147,7,-36.1262,1.7334,-1.4964
720.158,7,-36.1189,1.7331,-1.4964
720.169,7,-36.1113,1.7327,-1.4964
720.181,7,-36.1040,1.7320,-1.4962
720.192,7,-36.0967,1.7313,-1.4960
720.203,7,-36.0894,1.7306,-1.4957
720.214,7,-36.0821,1.7296,-1.4954
720.225,7,-36.0749,1.7285,-1.4950
720.235,7,-36.0678,1.7271,-1.4946
720.247,7,-36.0606,1.7257,-1.4941
720.258,7,-36.0533,1.7241,-1.4936
720.268,7,-36.0462,1.7227,-1.4931
720.280,7,-36.0389,1.7212,-1.4925
720.291,7,-36.0318,1.7198,-1.4917
720.302,7,-36.0245,1.7186,-1.4910
720.313,7,-36.0171,1.7177,-1.4902
720.324,7,-36.0098,1.7168,-1.4893
720.335,7,-36.0024,1.7162,-1.4884
720.346,7,-35.9950,1.7156,-1.4875
720.357,7,-35.9877,1.7150,-1.4864
720.368,7,-35.9803,1.7146,-1.4854
720.379,7,-35.9729,1.7145,-1.4842
720.391,7,-35.9655,1.7145,-1.4830
720.401,7,-35.9582,1.7146,-1.4818
720.413,7,-35.9509,1.7149,-1.4807
720.424,7,-35.9437,1.7153,-1.4795
720.435,7,-35.9364,1.7159,-1.4783
720.446,7,-35.9293,1.7170,-1.4772
720.457,7,-35.9221,1.7182,-1.4760
720.469,7,-35.9151,1.7202,-1.4746
720.480,7,-35.9079,1.7218,-1.4735
720.491,7,-35.9007,1.7233,-1.4723
720.502,7,-35.8936,1.7244,-1.4712
720.513,7,-35.8867,1.7253,-1.4703
720.524,7,-35.8798,1.7261,-1.4694
720.535,7,-35.8730,1.7267,-1.4686
720.547,7,-35.8662,1.7271,-1.4678
720.558,7,-35.8596,1.7273,-1.4671
720.569,7,-35.8530,1.7277,-1.4663
720.580,7,-35.8464,1.7281,-1.4657
720.591,7,-35.8398,1.7287,-1.4652
720.603,7,-35.8331,1.7294,-1.4646
720.613,7,-35.8265,1.7302,-1.4639
720.625,7,-35.8200,1.7312,-1.4634
720.635,7,-35.8134,1.7323,-1.4628
720.646,7,-35.8068,1.7333,-1.4624
720.657,7,-35.8004,1.7342,-1.4619
720.669,7,-35.7940,1.7349,-1.4614
720.679,7,-35.7877,1.7356,-1.4610
720.690,7,-35.7815,1.7362,-1.4605
720.702,7,-35.7753,1.7368,-1.4601
720.713,7,-35.7691,1.7374,-1.4598
720.724,7,-35.7629,1.7378,-1.4594
720.735,7,-35.7567,1.7381,-1.4590
720.746,7,-35.7506,1.7382,-1.4586
720.757,7,-35.7443,1.7382,-1.4583
720.768,7,-35.7381,1.7382,-1.4579
720.780,7,-35.7319,1.7379,-1.4576
720.791,7,-35.7258,1.7375,-1.4574
720.802,7,-35.7197,1.7371,-1.4572
720.814,7,-35.7137,1.7365,-1.4570
720.825,7,-35.7077,1.7357,-1.4569
720.836,7,-35.7019,1.7346,-1.4567
720.847,7,-35.6960,1.7335,-1.4567
720.859,7,-35.6902,1.7325,-1.4567
720.870,7,-35.6841,1.7315,-1.4567
720.882,7,-35.6781,1.7305,-1.4568
720.893,7,-35.6724,1.7297,-1.4568
720.904,7,-35.6664,1.7287,-1.4570
720.915,7,-35.6604,1.7279,-1.4572
720.927,7,-35.6543,1.7272,-1.4576
720.939,7,-35.6483,1.7266,-1.4579
720.951,7,-35.6421,1.7262,-1.4583
720.962,7,-35.6360,1.7260,-1.4587
720.973,7,-35.6298,1.7256,-1.4592
720.985,7,-35.6237,1.7252,-1.4596
720.997,7,-35.6175,1.7252,-1.4601
721.009,7,-35.6114,1.7254,-1.4607
721.020,7,-35.6053,1.7256,-1.4611
721.032,7,-35.5993,1.7259,-1.4616
721.044,7,-35.5933,1.7263,-1.4621
721.055,7,-35.5873,1.7271,-1.4626
721.067,7,-35.5813,1.7281,-1.4631
721.078,7,-35.5753,1.7293,-1.4636
721.090,7,-35.5694,1.7301,-1.4641
721.101,7,-35.5637,1.7307,-1.4645
721.113,7,-35.5579,1.7311,-1.4651
721.124,7,-35.5523,1.7315,-1.4646
721.136,7,-35.5468,1.7318,-1.4650
721.147,7,-35.5415,1.7320,-1.4653
721.158,7,-35.5365,1.7323,-1.4656
721.169,7,-35.5314,1.7325,-1.4660
721.181,7,-35.5265,1.7327,-1.4663
721.193,7,-35.5215,1.7330,-1.4666
721.203,7,-35.5165,1.7335,-1.4668
721.214,7,-35.5116,1.7340,-1.4668
721.226,7,-35.5067,1.7345,-1.4669
721.237,7,-35.5020,1.7352,-1.4668
721.248,7,-35.4973,1.7360,-1.4668
721.259,7,-35.4926,1.7369,-1.4667
721.270,7,-35.4880,1.7379,-1.4664
721.282,7,-35.4836,1.7390,-1.4663
721.293,7,-35.4792,1.7400,-1.4660
721.304,7,-35.4748,1.7411,-1.4658
721.315,7,-35.4705,1.7420,-1.4654
721.327,7,-35.4662,1.7429,-1.4653
721.341,7,-35.4622,1.7436,-1.4648
721.353,7,-35.4582,1.7442,-1.4648
721.360,7,-35.4543,1.7448,-1.4644
721.374,7,-35.4506,1.7451,-1.4640
721.385,7,-35.4469,1.7453,-1.4635
721.397,7,-35.4433,1.7454,-1.4629
721.409,7,-35.4398,1.7455,-1.4622
721.420,7,-35.4363,1.7456,-1.4615
721.432,7,-35.4330,1.7457,-1.4611
721.443,7,-35.4297,1.7456,-1.4605
721.455,7,-35.4265,1.7452,-1.4597
721.467,7,-35.4235,1.7447,-1.4588
721.478,7,-35.4207,1.7442,-1.4580
721.490,7,-35.4179,1.7436,-1.4572
721.502,7,-35.4152,1.7434,-1.4562
721.514,7,-35.4124,1.7436,-1.4552
721.524,7,-35.4097,1.7438,-1.4540
721.535,7,-35.4070,1.7440,-1.4528
721.547,7,-35.4042,1.7441,-1.4519
721.558,7,-35.4016,1.7438,-1.4507
721.569,7,-35.3990,1.7437,-1.4495
721.581,7,-35.3963,1.7435,-1.4482
721.592,7,-35.3938,1.7435,-1.4469
721.603,7,-35.3912,1.7434,-1.4455
721.615,7,-35.3887,1.7434,-1.4443
721.626,7,-35.3860,1.7435,-1.4429
721.637,7,-35.3834,1.7436,-1.4416
721.649,7,-35.3808,1.7437,-1.4400
721.661,7,-35.3783,1.7439,-1.4385
721.672,7,-35.3758,1.7438,-1.4369
721.684,7,-35.3734,1.7438,-1.4354
721.696,7,-35.3710,1.7438,-1.4340
721.707,7,-35.3687,1.7436,-1.4326
721.718,7,-35.3665,1.7433,-1.4311
721.731,7,-35.3643,1.7428,-1.4297
721.742,7,-35.3622,1.7423,-1.4283
721.754,7,-35.3601,1.7418,-1.4270
721.765,7,-35.3581,1.7414,-1.4258
721.778,7,-35.3560,1.7410,-1.4246
721.789,7,-35.3540,1.7408,-1.4234
721.800,7,-35.3520,1.7407,-1.4224
721.811,7,-35.3500,1.7407,-1.4213
721.823,7,-35.3480,1.7405,-1.4203
721.835,7,-35.3462,1.7404,-1.4194
721.846,7,-35.3444,1.7404,-1.4188
721.857,7,-35.3426,1.7402,-1.4180
721.869,7,-35.3410,1.7402,-1.4173
721.880,7,-35.3393,1.7403,-1.4168
721.892,7,-35.3377,1.7404,-1.4162
721.903,7,-35.3361,1.7406,-1.4158
721.914,7,-35.3346,1.7407,-1.4153
721.927,7,-35.3331,1.7409,-1.4152
721.934,7,-35.3316,1.7410,-1.4148
721.948,7,-35.3302,1.7412,-1.4147
721.960,7,-35.3289,1.7414,-1.4145
721.971,7,-35.3276,1.7416,-1.4143
721.983,7,-35.3264,1.7417,-1.4142
721.990,7,-35.3252,1.7418,-1.4141
722.004,7,-35.3240,1.7419,-1.4143
722.016,7,-35.3229,1.7420,-1.4143
722.027,7,-35.3218,1.7422,-1.4145
722.039,7,-35.3207,1.7424,-1.4145
722.050,7,-35.3196,1.7425,-1.4147
722.062,7,-35.3186,1.7427,-1.4147
722.074,7,-35.3175,1.7428,-1.4149
722.085,7,-35.3165,1.7430,-1.4150
722.097,7,-35.3155,1.7431,-1.4151
722.108,7,-35.3145,1.7436,-1.4152
722.120,7,-35.3134,1.7441,-1.4154
722.132,7,-35.3123,1.7444,-1.4155
722.143,7,-35.3113,1.7445,-1.4157
722.155,7,-35.3104,1.7443,-1.4159
722.166,7,-35.3096,1.7443,-1.4162
722.178,7,-35.3087,1.7446,-1.4165
722.190,7,-35.3079,1.7448,-1.4167
722.201,7,-35.3071,1.7450,-1.4170
722.213,7,-35.3064,1.7451,-1.4173
722.225,7,-35.3056,1.7450,-1.4177
722.236,7,-35.3050,1.7450,-1.4180
722.248,7,-35.3043,1.7450,-1.4184
722.255,7,-35.3036,1.7451,-1.4186
722.269,7,-35.3030,1.7453,-1.4189
722.280,7,-35.3024,1.7455,-1.4193
722.292,7,-35.3019,1.7456,-1.4197
722.303,7,-35.3014,1.7457,-1.4201
722.315,7,-35.3009,1.7459,-1.4208
722.322,7,-35.3003,1.7460,-1.4212
722.336,7,-35.2999,1.7461,-1.4216
722.348,7,-35.2995,1.7463,-1.4219
722.359,7,-35.2990,1.7464,-1.4224
722.370,7,-35.2986,1.7463,-1.4226
722.382,7,-35.2982,1.7463,-1.4238
722.393,7,-35.2978,1.7462,-1.4242
722.405,7,-35.2974,1.7461,-1.4246
722.417,7,-35.2971,1.7459,-1.4250
722.429,7,-35.2967,1.7457,-1.4256
722.441,7,-35.2965,1.7456,-1.4260
722.452,7,-35.2963,1.7454,-1.4264
722.463,7,-35.2961,1.7451,-1.4269
722.475,7,-35.2959,1.7448,-1.4274
722.487,7,-35.2959,1.7447,-1.4286
722.498,7,-35.2958,1.7444,-1.4290
722.509,7,-35.2959,1.7441,-1.4299
722.522,7,-35.2959,1.7438,-1.4303
722.533,7,-35.2959,1.7436,-1.4308
722.545,7,-35.2959,1.7434,-1.4312
722.556,7,-35.2959,1.7432,-1.4316
722.568,7,-35.2959,1.7431,-1.4318

# --- Trial 8 start ---
731.865,8,-39.8342,1.6905,-1.1722
731.893,8,-39.8332,1.6907,-1.1707
731.899,8,-39.8327,1.6908,-1.1700
731.911,8,-39.8321,1.6908,-1.1692
731.919,8,-39.8316,1.6909,-1.1685
731.938,8,-39.8305,1.6910,-1.1672
731.949,8,-39.8298,1.6912,-1.1665
731.967,8,-39.8291,1.6913,-1.1658
731.973,8,-39.8285,1.6914,-1.1650
731.986,8,-39.8278,1.6914,-1.1643
731.997,8,-39.8272,1.6914,-1.1637
732.009,8,-39.8265,1.6913,-1.1632
732.021,8,-39.8259,1.6911,-1.1626
732.029,8,-39.8252,1.6910,-1.1620
732.041,8,-39.8244,1.6906,-1.1615
732.057,8,-39.8233,1.6898,-1.1606
732.074,8,-39.8227,1.6893,-1.1603
732.089,8,-39.8218,1.6888,-1.1601
732.105,8,-39.8211,1.6884,-1.1600
732.117,8,-39.8197,1.6879,-1.1597
732.125,8,-39.8190,1.6879,-1.1596
732.137,8,-39.8183,1.6879,-1.1598
732.148,8,-39.8169,1.6876,-1.1599
732.158,8,-39.8156,1.6874,-1.1601
732.179,8,-39.8141,1.6879,-1.1610
732.201,8,-39.8127,1.6883,-1.1618
732.223,8,-39.8111,1.6887,-1.1629
732.245,8,-39.8096,1.6889,-1.1641
732.267,8,-39.8079,1.6888,-1.1653
732.289,8,-39.8062,1.6880,-1.1666
732.311,8,-39.8042,1.6872,-1.1680
732.333,8,-39.8020,1.6865,-1.1696
732.355,8,-39.8000,1.6854,-1.1712
732.377,8,-39.7977,1.6842,-1.1729
732.399,8,-39.7950,1.6827,-1.1747
732.422,8,-39.7923,1.6813,-1.1765
732.444,8,-39.7892,1.6796,-1.1787
732.466,8,-39.7862,1.6772,-1.1810
732.488,8,-39.7828,1.6734,-1.1835
732.511,8,-39.7794,1.6692,-1.1861
732.533,8,-39.7752,1.6711,-1.1886
732.555,8,-39.7686,1.6807,-1.1914
732.577,8,-39.7630,1.6807,-1.1941
732.599,8,-39.7588,1.6765,-1.1972
732.622,8,-39.7553,1.6753,-1.2003
732.644,8,-39.7544,1.6764,-1.2015
732.659,8,-39.7529,1.6764,-1.2025
732.671,8,-39.7513,1.6760,-1.2038
732.683,8,-39.7496,1.6757,-1.2052
732.694,8,-39.7477,1.6754,-1.2064
732.705,8,-39.7459,1.6756,-1.2079
732.716,8,-39.7439,1.6761,-1.2095
732.728,8,-39.7419,1.6767,-1.2111
732.739,8,-39.7398,1.6767,-1.2127
732.751,8,-39.7378,1.6768,-1.2140
732.762,8,-39.7357,1.6765,-1.2152
732.773,8,-39.7337,1.6763,-1.2165
732.785,8,-39.7316,1.6763,-1.2177
732.796,8,-39.7292,1.6764,-1.2190
732.807,8,-39.7269,1.6767,-1.2203
732.818,8,-39.7244,1.6767,-1.2216
732.830,8,-39.7217,1.6766,-1.2228
732.841,8,-39.7190,1.6763,-1.2239
732.852,8,-39.7164,1.6762,-1.2252
732.863,8,-39.7137,1.6759,-1.2263
732.875,8,-39.7107,1.6758,-1.2274
732.887,8,-39.7079,1.6758,-1.2285
732.897,8,-39.7049,1.6758,-1.2294
732.909,8,-39.7017,1.6758,-1.2302
732.919,8,-39.6984,1.6760,-1.2311
732.930,8,-39.6951,1.6760,-1.2319
732.941,8,-39.6915,1.6760,-1.2328
732.952,8,-39.6876,1.6761,-1.2338
732.964,8,-39.6836,1.6761,-1.2347
732.976,8,-39.6794,1.6760,-1.2356
732.987,8,-39.6750,1.6757,-1.2364
732.999,8,-39.6705,1.6755,-1.2374
733.011,8,-39.6654,1.6750,-1.2382
733.022,8,-39.6605,1.6746,-1.2392
733.034,8,-39.6551,1.6741,-1.2402
733.045,8,-39.6499,1.6735,-1.2411
733.068,8,-39.6435,1.6725,-1.2421
733.080,8,-39.6379,1.6716,-1.2431
733.092,8,-39.6322,1.6706,-1.2440
733.103,8,-39.6264,1.6692,-1.2447
733.115,8,-39.6203,1.6680,-1.2455
733.126,8,-39.6142,1.6667,-1.2464
733.138,8,-39.6081,1.6654,-1.2471
733.149,8,-39.6018,1.6641,-1.2479
733.161,8,-39.5954,1.6627,-1.2486
733.172,8,-39.5888,1.6614,-1.2492
733.183,8,-39.5824,1.6602,-1.2498
733.195,8,-39.5757,1.6592,-1.2504
733.206,8,-39.5688,1.6579,-1.2509
733.217,8,-39.5619,1.6567,-1.2513
733.229,8,-39.5550,1.6556,-1.2516
733.240,8,-39.5479,1.6545,-1.2519
733.251,8,-39.5406,1.6534,-1.2522
733.262,8,-39.5333,1.6524,-1.2523
733.273,8,-39.5258,1.6515,-1.2523
733.284,8,-39.5182,1.6505,-1.2523
733.296,8,-39.5106,1.6497,-1.2521
733.307,8,-39.5030,1.6490,-1.2520
733.318,8,-39.4956,1.6484,-1.2516
733.329,8,-39.4878,1.6483,-1.2512
733.340,8,-39.4801,1.6484,-1.2508
733.352,8,-39.4719,1.6490,-1.2503
733.362,8,-39.4637,1.6500,-1.2496
733.374,8,-39.4554,1.6512,-1.2490
733.385,8,-39.4469,1.6529,-1.2483
733.396,8,-39.4387,1.6546,-1.2476
733.408,8,-39.4303,1.6570,-1.2470
733.419,8,-39.4220,1.6597,-1.2464
733.430,8,-39.4137,1.6622,-1.2460
733.441,8,-39.4055,1.6648,-1.2455
733.453,8,-39.3975,1.6669,-1.2452
733.465,8,-39.3894,1.6685,-1.2449
733.474,8,-39.3817,1.6697,-1.2445
733.485,8,-39.3740,1.6705,-1.2444
733.497,8,-39.3665,1.6712,-1.2442
733.508,8,-39.3589,1.6718,-1.2442
733.519,8,-39.3513,1.6726,-1.2441
733.529,8,-39.3436,1.6736,-1.2440
733.541,8,-39.3357,1.6747,-1.2440
733.552,8,-39.3279,1.6758,-1.2439
733.563,8,-39.3201,1.6770,-1.2439
733.574,8,-39.3122,1.6783,-1.2440
733.585,8,-39.3044,1.6795,-1.2439
733.596,8,-39.2966,1.6806,-1.2440
733.608,8,-39.2886,1.6816,-1.2442
733.619,8,-39.2808,1.6822,-1.2443
733.630,8,-39.2730,1.6827,-1.2444
733.641,8,-39.2653,1.6831,-1.2446
733.652,8,-39.2576,1.6836,-1.2450
733.663,8,-39.2499,1.6836,-1.2452
733.674,8,-39.2420,1.6835,-1.2454
733.685,8,-39.2343,1.6833,-1.2455
733.697,8,-39.2264,1.6828,-1.2456
733.707,8,-39.2185,1.6822,-1.2458
733.719,8,-39.2105,1.6815,-1.2462
733.730,8,-39.2025,1.6808,-1.2464
733.741,8,-39.1944,1.6800,-1.2468
733.752,8,-39.1861,1.6792,-1.2473
733.763,8,-39.1778,1.6782,-1.2477
733.775,8,-39.1694,1.6772,-1.2482
733.785,8,-39.1611,1.6759,-1.2487
733.796,8,-39.1526,1.6745,-1.2493
733.807,8,-39.1441,1.6732,-1.2500
733.819,8,-39.1356,1.6718,-1.2506
733.830,8,-39.1270,1.6703,-1.2514
733.840,8,-39.1184,1.6687,-1.2523
733.852,8,-39.1097,1.6670,-1.2531
733.862,8,-39.1008,1.6655,-1.2542
733.874,8,-39.0920,1.6642,-1.2552
733.885,8,-39.0829,1.6630,-1.2563
733.896,8,-39.0737,1.6620,-1.2574
733.907,8,-39.0646,1.6611,-1.2586
733.918,8,-39.0553,1.6605,-1.2600
733.930,8,-39.0458,1.6602,-1.2614
733.941,8,-39.0363,1.6604,-1.2629
733.952,8,-39.0267,1.6610,-1.2644
733.963,8,-39.0170,1.6622,-1.2659
733.974,8,-39.0071,1.6638,-1.2675
733.985,8,-38.9973,1.6655,-1.2691
733.996,8,-38.9874,1.6675,-1.2706
734.007,8,-38.9778,1.6692,-1.2721
734.019,8,-38.9684,1.6705,-1.2734
734.030,8,-38.9591,1.6716,-1.2745
734.041,8,-38.9498,1.6725,-1.2757
734.052,8,-38.9407,1.6732,-1.2768
734.063,8,-38.9316,1.6740,-1.2779
734.074,8,-38.9226,1.6751,-1.2789
734.085,8,-38.9135,1.6765,-1.2800
734.096,8,-38.9042,1.6781,-1.2811
734.108,8,-38.8950,1.6795,-1.2822
734.119,8,-38.8858,1.6809,-1.2832
734.130,8,-38.8764,1.6824,-1.2842
734.142,8,-38.8672,1.6841,-1.2850
734.152,8,-38.8579,1.6857,-1.2858
734.163,8,-38.8488,1.6874,-1.2864
734.174,8,-38.8397,1.6888,-1.2871
734.185,8,-38.8306,1.6900,-1.2877
734.196,8,-38.8216,1.6909,-1.2882
734.207,8,-38.8125,1.6915,-1.2889
734.218,8,-38.8033,1.6919,-1.2894
734.229,8,-38.7940,1.6921,-1.2900
734.240,8,-38.7848,1.6922,-1.2905
734.251,8,-38.7756,1.6920,-1.2908
734.262,8,-38.7662,1.6918,-1.2913
734.273,8,-38.7569,1.6913,-1.2916
734.285,8,-38.7475,1.6907,-1.2919
734.296,8,-38.7378,1.6899,-1.2922
734.307,8,-38.7281,1.6890,-1.2925
734.318,8,-38.7184,1.6878,-1.2927
734.329,8,-38.7087,1.6864,-1.2928
734.340,8,-38.6990,1.6849,-1.2929
734.351,8,-38.6894,1.6832,-1.2928
734.362,8,-38.6797,1.6813,-1.2928
734.373,8,-38.6699,1.6791,-1.2927
734.384,8,-38.6601,1.6767,-1.2925
734.395,8,-38.6502,1.6745,-1.2922
734.406,8,-38.6402,1.6724,-1.2919
734.417,8,-38.6303,1.6704,-1.2915
734.428,8,-38.6200,1.6685,-1.2911
734.441,8,-38.6096,1.6671,-1.2905
734.450,8,-38.5994,1.6656,-1.2900
734.461,8,-38.5889,1.6647,-1.2894
734.472,8,-38.5785,1.6638,-1.2887
734.483,8,-38.5679,1.6632,-1.2879
734.494,8,-38.5573,1.6630,-1.2869
734.506,8,-38.5467,1.6632,-1.2860
734.517,8,-38.5359,1.6640,-1.2849
734.528,8,-38.5250,1.6655,-1.2839
734.539,8,-38.5142,1.6672,-1.2828
734.550,8,-38.5034,1.6691,-1.2818
734.561,8,-38.4925,1.6711,-1.2808
734.572,8,-38.4819,1.6735,-1.2799
734.583,8,-38.4713,1.6762,-1.2791
734.595,8,-38.4608,1.6789,-1.2783
734.606,8,-38.4505,1.6814,-1.2775
734.617,8,-38.4403,1.6834,-1.2770
734.628,8,-38.4302,1.6849,-1.2764
734.640,8,-38.4201,1.6860,-1.2759
734.651,8,-38.4103,1.6871,-1.2753
734.662,8,-38.4005,1.6886,-1.2749
734.674,8,-38.3906,1.6905,-1.2746
734.684,8,-38.3808,1.6924,-1.2742
734.696,8,-38.3709,1.6940,-1.2739
734.706,8,-38.3610,1.6955,-1.2736
734.717,8,-38.3511,1.6969,-1.2733
734.729,8,-38.3413,1.6982,-1.2732
734.740,8,-38.3316,1.6994,-1.2729
734.751,8,-38.3219,1.7006,-1.2727
734.763,8,-38.3122,1.7015,-1.2726
734.773,8,-38.3025,1.7023,-1.2725
734.784,8,-38.2930,1.7028,-1.2724
734.795,8,-38.2832,1.7030,-1.2723
734.807,8,-38.2734,1.7032,-1.2721
734.818,8,-38.2637,1.7030,-1.2719
734.829,8,-38.2538,1.7027,-1.2718
734.840,8,-38.2439,1.7022,-1.2717
734.851,8,-38.2340,1.7017,-1.2717
734.862,8,-38.2240,1.7008,-1.2717
734.873,8,-38.2143,1.6998,-1.2717
734.885,8,-38.2043,1.6986,-1.2717
734.895,8,-38.1943,1.6972,-1.2717
734.906,8,-38.1843,1.6958,-1.2718
734.918,8,-38.1741,1.6943,-1.2719
734.929,8,-38.1640,1.6927,-1.2721
734.940,8,-38.1537,1.6909,-1.2723
734.951,8,-38.1436,1.6889,-1.2726
734.962,8,-38.1335,1.6866,-1.2730
734.973,8,-38.1233,1.6846,-1.2734
734.984,8,-38.1130,1.6828,-1.2739
734.996,8,-38.1024,1.6810,-1.2746
735.006,8,-38.0919,1.6793,-1.2753
735.017,8,-38.0813,1.6778,-1.2760
735.028,8,-38.0708,1.6765,-1.2767
735.039,8,-38.0601,1.6756,-1.2776
735.050,8,-38.0492,1.6750,-1.2786
735.061,8,-38.0385,1.6747,-1.2795
735.072,8,-38.0277,1.6752,-1.2806
735.083,8,-38.0170,1.6760,-1.2817
735.094,8,-38.0062,1.6775,-1.2829
735.105,8,-37.9954,1.6792,-1.2842
735.118,8,-37.9846,1.6812,-1.2853
735.128,8,-37.9740,1.6830,-1.2863
735.139,8,-37.9635,1.6848,-1.2872
735.150,8,-37.9531,1.6862,-1.2880
735.161,8,-37.9425,1.6872,-1.2889
735.172,8,-37.9324,1.6882,-1.2895
735.183,8,-37.9225,1.6893,-1.2900
735.194,8,-37.9126,1.6907,-1.2905
735.206,8,-37.9026,1.6921,-1.2909
735.217,8,-37.8927,1.6937,-1.2913
735.228,8,-37.8828,1.6952,-1.2918
735.240,8,-37.8731,1.6970,-1.2921
735.251,8,-37.8633,1.6989,-1.2924
735.262,8,-37.8535,1.7009,-1.2926
735.273,8,-37.8439,1.7029,-1.2927
735.284,8,-37.8342,1.7047,-1.2929
735.294,8,-37.8245,1.7063,-1.2928
735.306,8,-37.8147,1.7077,-1.2928
735.317,8,-37.8050,1.7086,-1.2927
735.328,8,-37.7952,1.7094,-1.2928
735.339,8,-37.7857,1.7096,-1.2926
735.350,8,-37.7761,1.7098,-1.2924
735.361,8,-37.7664,1.7098,-1.2922
735.372,8,-37.7566,1.7093,-1.2918
735.384,8,-37.7468,1.7087,-1.2914
735.394,8,-37.7370,1.7081,-1.2910
735.405,8,-37.7270,1.7071,-1.2905
735.416,8,-37.7171,1.7063,-1.2900
735.427,8,-37.7072,1.7050,-1.2894
735.439,8,-37.6973,1.7036,-1.2888
735.450,8,-37.6875,1.7017,-1.2881
735.460,8,-37.6776,1.6997,-1.2874
735.472,8,-37.6676,1.6974,-1.2866
735.484,8,-37.6576,1.6951,-1.2859
735.495,8,-37.6477,1.6926,-1.2850
735.505,8,-37.6376,1.6903,-1.2842
735.516,8,-37.6274,1.6883,-1.2834
735.527,8,-37.6172,1.6867,-1.2824
735.539,8,-37.6068,1.6854,-1.2816
735.550,8,-37.5964,1.6846,-1.2806
735.561,8,-37.5857,1.6841,-1.2797
735.572,8,-37.5750,1.6839,-1.2787
735.583,8,-37.5644,1.6839,-1.2777
735.594,8,-37.5537,1.6843,-1.2765
735.605,8,-37.5429,1.6852,-1.2754
735.616,8,-37.5322,1.6866,-1.2743
735.628,8,-37.5216,1.6882,-1.2733
735.638,8,-37.5110,1.6897,-1.2722
735.650,8,-37.5005,1.6914,-1.2711
735.661,8,-37.4902,1.6934,-1.2702
735.672,8,-37.4798,1.6954,-1.2694
735.683,8,-37.4698,1.6976,-1.2688
735.694,8,-37.4598,1.6993,-1.2682
735.705,8,-37.4499,1.7008,-1.2677
735.717,8,-37.4401,1.7020,-1.2673
735.728,8,-37.4305,1.7032,-1.2671
735.739,8,-37.4209,1.7048,-1.2670
735.750,8,-37.4114,1.7066,-1.2668
735.761,8,-37.4019,1.7088,-1.2666
735.772,8,-37.3924,1.7109,-1.2665
735.783,8,-37.3828,1.7128,-1.2665
735.794,8,-37.3735,1.7147,-1.2664
735.806,8,-37.3642,1.7166,-1.2664
735.817,8,-37.3548,1.7184,-1.2663
735.827,8,-37.3455,1.7200,-1.2661
735.839,8,-37.3362,1.7216,-1.2660
735.850,8,-37.3270,1.7228,-1.2657
735.861,8,-37.3178,1.7237,-1.2656
735.872,8,-37.3084,1.7243,-1.2655
735.883,8,-37.2992,1.7246,-1.2653
735.894,8,-37.2899,1.7246,-1.2651
735.905,8,-37.2805,1.7243,-1.2650
735.916,8,-37.2711,1.7242,-1.2648
735.928,8,-37.2616,1.7234,-1.2647
735.939,8,-37.2520,1.7228,-1.2645
735.950,8,-37.2424,1.7217,-1.2645
735.961,8,-37.2327,1.7207,-1.2644
735.972,8,-37.2231,1.7196,-1.2643
735.983,8,-37.2133,1.7184,-1.2643
735.994,8,-37.2035,1.7171,-1.2643
736.006,8,-37.1938,1.7155,-1.2644
736.016,8,-37.1841,1.7137,-1.2645
736.028,8,-37.1744,1.7114,-1.2645
736.039,8,-37.1647,1.7092,-1.2647
736.051,8,-37.1549,1.7071,-1.2650
736.061,8,-37.1450,1.7053,-1.2653
736.071,8,-37.1350,1.7035,-1.2657
736.083,8,-37.1250,1.7018,-1.2662
736.093,8,-37.1148,1.7003,-1.2668
736.105,8,-37.1046,1.6991,-1.2675
736.116,8,-37.0943,1.6983,-1.2683
736.127,8,-37.0841,1.6977,-1.2691
736.138,8,-37.0739,1.6975,-1.2701
736.150,8,-37.0638,1.6974,-1.2712
736.161,8,-37.0538,1.6980,-1.2725
736.172,8,-37.0438,1.6989,-1.2738
736.183,8,-37.0340,1.7001,-1.2753
736.193,8,-37.0242,1.7012,-1.2768
736.205,8,-37.0147,1.7024,-1.2782
736.216,8,-37.0051,1.7038,-1.2797
736.227,8,-36.9956,1.7052,-1.2811
736.238,8,-36.9861,1.7062,-1.2826
736.249,8,-36.9767,1.7067,-1.2840
736.260,8,-36.9676,1.7071,-1.2853
736.272,8,-36.9585,1.7075,-1.2865
736.283,8,-36.9495,1.7084,-1.2878
736.294,8,-36.9406,1.7097,-1.2890
736.305,8,-36.9319,1.7111,-1.2901
736.316,8,-36.9230,1.7124,-1.2913
736.328,8,-36.9142,1.7136,-1.2927
736.339,8,-36.9054,1.7150,-1.2941
736.350,8,-36.8966,1.7167,-1.2955
736.361,8,-36.8880,1.7187,-1.2968
736.372,8,-36.8792,1.7207,-1.2979
736.383,8,-36.8707,1.7224,-1.2990
736.394,8,-36.8621,1.7236,-1.3000
736.405,8,-36.8534,1.7247,-1.3012
736.416,8,-36.8448,1.7253,-1.3022
736.427,8,-36.8361,1.7258,-1.3033
736.439,8,-36.8274,1.7261,-1.3042
736.450,8,-36.8184,1.7262,-1.3053
736.461,8,-36.8094,1.7260,-1.3062
736.473,8,-36.8002,1.7257,-1.3071
736.484,8,-36.7911,1.7253,-1.3080
736.495,8,-36.7818,1.7245,-1.3088
736.506,8,-36.7726,1.7235,-1.3096
736.517,8,-36.7633,1.7223,-1.3103
736.528,8,-36.7540,1.7211,-1.3110
736.539,8,-36.7448,1.7194,-1.3116
736.550,8,-36.7355,1.7174,-1.3122
736.561,8,-36.7263,1.7150,-1.3127
736.572,8,-36.7169,1.7125,-1.3132
736.583,8,-36.7076,1.7104,-1.3137
736.594,8,-36.6982,1.7085,-1.3140
736.606,8,-36.6887,1.7069,-1.3145
736.616,8,-36.6791,1.7057,-1.3148
736.627,8,-36.6695,1.7046,-1.3150
736.639,8,-36.6596,1.7038,-1.3153
736.650,8,-36.6498,1.7032,-1.3156
736.661,8,-36.6400,1.7025,-1.3159
736.672,8,-36.6302,1.7021,-1.3162
736.683,8,-36.6204,1.7018,-1.3164
736.694,8,-36.6106,1.7018,-1.3166
736.705,8,-36.6008,1.7024,-1.3169
736.716,8,-36.5909,1.7034,-1.3171
736.727,8,-36.5811,1.7046,-1.3174
736.738,8,-36.5715,1.7058,-1.3177
736.750,8,-36.5617,1.7074,-1.3179
736.761,8,-36.5522,1.7092,-1.3183
736.772,8,-36.5426,1.7114,-1.3187
736.783,8,-36.5331,1.7135,-1.3191
736.795,8,-36.5235,1.7153,-1.3194
736.806,8,-36.5141,1.7168,-1.3200
736.817,8,-36.5047,1.7180,-1.3206
736.828,8,-36.4955,1.7189,-1.3215
736.840,8,-36.4863,1.7197,-1.3224
736.851,8,-36.4773,1.7208,-1.3234
736.862,8,-36.4683,1.7220,-1.3245
736.873,8,-36.4593,1.7234,-1.3257
736.884,8,-36.4503,1.7245,-1.3268
736.895,8,-36.4414,1.7254,-1.3280
736.907,8,-36.4326,1.7265,-1.3292
736.917,8,-36.4238,1.7278,-1.3305
736.929,8,-36.4151,1.7292,-1.3319
736.940,8,-36.4064,1.7307,-1.3333
736.951,8,-36.3978,1.7319,-1.3348
736.962,8,-36.3892,1.7329,-1.3363
736.973,8,-36.3806,1.7336,-1.3379
736.984,8,-36.3720,1.7341,-1.3395
736.995,8,-36.3635,1.7344,-1.3411
737.006,8,-36.3549,1.7346,-1.3428
737.017,8,-36.3463,1.7347,-1.3445
737.028,8,-36.3377,1.7345,-1.3463
737.040,8,-36.3290,1.7342,-1.3482
737.051,8,-36.3204,1.7339,-1.3501
737.061,8,-36.3117,1.7333,-1.3521
737.073,8,-36.3030,1.7324,-1.3542
737.084,8,-36.2943,1.7314,-1.3563
737.095,8,-36.2857,1.7303,-1.3585
737.106,8,-36.2771,1.7288,-1.3607
737.117,8,-36.2685,1.7272,-1.3629
737.128,8,-36.2600,1.7252,-1.3653
737.139,8,-36.2515,1.7233,-1.3676
737.150,8,-36.2431,1.7210,-1.3701
737.161,8,-36.2346,1.7188,-1.3727
737.173,8,-36.2261,1.7170,-1.3753
737.184,8,-36.2175,1.7155,-1.3780
737.195,8,-36.2089,1.7142,-1.3808
737.206,8,-36.2003,1.7133,-1.3835
737.217,8,-36.1917,1.7124,-1.3864
737.229,8,-36.1831,1.7119,-1.3893
737.239,8,-36.1745,1.7113,-1.3922
737.251,8,-36.1659,1.7112,-1.3952
737.261,8,-36.1575,1.7115,-1.3983
737.273,8,-36.1489,1.7129,-1.4014
737.284,8,-36.1403,1.7147,-1.4047
737.294,8,-36.1318,1.7163,-1.4079
737.306,8,-36.1233,1.7175,-1.4111
737.317,8,-36.1149,1.7186,-1.4141
737.328,8,-36.1067,1.7198,-1.4171
737.339,8,-36.0985,1.7210,-1.4199
737.350,8,-36.0904,1.7222,-1.4226
737.361,8,-36.0825,1.7233,-1.4251
737.372,8,-36.0745,1.7239,-1.4274
737.384,8,-36.0667,1.7246,-1.4298
737.395,8,-36.0588,1.7253,-1.4322
737.406,8,-36.0510,1.7264,-1.4346
737.417,8,-36.0432,1.7276,-1.4368
737.428,8,-36.0355,1.7288,-1.4389
737.439,8,-36.0278,1.7298,-1.4410
737.450,8,-36.0202,1.7309,-1.4431
737.461,8,-36.0125,1.7322,-1.4450
737.473,8,-36.0050,1.7336,-1.4469
737.484,8,-35.9975,1.7349,-1.4488
737.494,8,-35.9900,1.7359,-1.4506
737.506,8,-35.9827,1.7368,-1.4523
737.519,8,-35.9754,1.7373,-1.4541
737.528,8,-35.9680,1.7378,-1.4559
737.539,8,-35.9606,1.7380,-1.4577
737.550,8,-35.9533,1.7383,-1.4594
737.561,8,-35.9455,1.7385,-1.4612
737.572,8,-35.9377,1.7384,-1.4629
737.584,8,-35.9300,1.7382,-1.4644
737.596,8,-35.9222,1.7380,-1.4660
737.607,8,-35.9143,1.7376,-1.4674
737.618,8,-35.9065,1.7370,-1.4688
737.631,8,-35.8987,1.7362,-1.4702
737.642,8,-35.8908,1.7352,-1.4714
737.654,8,-35.8831,1.7341,-1.4727
737.666,8,-35.8752,1.7329,-1.4739
737.677,8,-35.8674,1.7316,-1.4750
737.688,8,-35.8596,1.7303,-1.4761
737.700,8,-35.8518,1.7290,-1.4769
737.712,8,-35.8440,1.7277,-1.4778
737.724,8,-35.8361,1.7265,-1.4785
737.735,8,-35.8282,1.7252,-1.4792
737.747,8,-35.8201,1.7239,-1.4798
737.758,8,-35.8121,1.7228,-1.4802
737.770,8,-35.8040,1.7219,-1.4807
737.782,8,-35.7963,1.7212,-1.4797
737.793,8,-35.7881,1.7207,-1.4801
737.804,8,-35.7800,1.7202,-1.4803
737.815,8,-35.7720,1.7198,-1.4805
737.826,8,-35.7637,1.7200,-1.4808
737.838,8,-35.7558,1.7205,-1.4809
737.849,8,-35.7478,1.7209,-1.4811
737.860,8,-35.7399,1.7212,-1.4812
737.872,8,-35.7320,1.7215,-1.4813
737.883,8,-35.7244,1.7221,-1.4814
737.895,8,-35.7166,1.7230,-1.4815
737.906,8,-35.7090,1.7245,-1.4815
737.917,8,-35.7016,1.7261,-1.4815
737.929,8,-35.6942,1.7275,-1.4816
737.939,8,-35.6868,1.7285,-1.4817
737.951,8,-35.6795,1.7292,-1.4818
737.962,8,-35.6722,1.7297,-1.4820
737.974,8,-35.6649,1.7299,-1.4822
737.985,8,-35.6579,1.7299,-1.4825
737.997,8,-35.6510,1.7298,-1.4829
738.008,8,-35.6441,1.7300,-1.4835
738.020,8,-35.6372,1.7304,-1.4838
738.032,8,-35.6304,1.7309,-1.4842
738.044,8,-35.6236,1.7315,-1.4847
738.055,8,-35.6168,1.7322,-1.4850
738.067,8,-35.6102,1.7330,-1.4854
738.078,8,-35.6036,1.7338,-1.4858
738.090,8,-35.5973,1.7347,-1.4864
738.101,8,-35.5909,1.7355,-1.4868
738.114,8,-35.5849,1.7362,-1.4871
738.125,8,-35.5787,1.7370,-1.4875
738.137,8,-35.5727,1.7378,-1.4877
738.148,8,-35.5668,1.7386,-1.4880
738.160,8,-35.5612,1.7393,-1.4882
738.171,8,-35.5554,1.7399,-1.4885
738.182,8,-35.5496,1.7405,-1.4887
738.194,8,-35.5440,1.7410,-1.4890
738.206,8,-35.5385,1.7413,-1.4895
738.217,8,-35.5332,1.7416,-1.4898
738.228,8,-35.5280,1.7417,-1.4901
738.239,8,-35.5229,1.7416,-1.4903
738.251,8,-35.5179,1.7414,-1.4908
738.262,8,-35.5130,1.7409,-1.4911
738.273,8,-35.5082,1.7404,-1.4915
738.285,8,-35.5035,1.7397,-1.4921
738.297,8,-35.4989,1.7391,-1.4925
738.309,8,-35.4943,1.7386,-1.4931
738.320,8,-35.4898,1.7382,-1.4936
738.331,8,-35.4855,1.7378,-1.4942
738.343,8,-35.4811,1.7375,-1.4950
738.354,8,-35.4767,1.7371,-1.4956
738.366,8,-35.4723,1.7366,-1.4966
738.378,8,-35.4678,1.7363,-1.4973
738.390,8,-35.4635,1.7361,-1.4986
738.401,8,-35.4591,1.7360,-1.4997
738.413,8,-35.4547,1.7360,-1.5006
738.424,8,-35.4503,1.7361,-1.5016
738.436,8,-35.4460,1.7365,-1.5026
738.447,8,-35.4415,1.7370,-1.5037
738.459,8,-35.4371,1.7374,-1.5049
738.471,8,-35.4328,1.7375,-1.5059
738.483,8,-35.4284,1.7375,-1.5070
738.494,8,-35.4241,1.7376,-1.5081
738.505,8,-35.4198,1.7378,-1.5092
738.517,8,-35.4156,1.7381,-1.5104
738.529,8,-35.4116,1.7384,-1.5114
738.540,8,-35.4077,1.7385,-1.5123
738.548,8,-35.4038,1.7387,-1.5133
738.562,8,-35.4002,1.7387,-1.5142
738.574,8,-35.3965,1.7388,-1.5151
738.582,8,-35.3929,1.7389,-1.5160
738.596,8,-35.3895,1.7391,-1.5169
738.608,8,-35.3862,1.7391,-1.5176
738.616,8,-35.3826,1.7392,-1.5185
738.629,8,-35.3791,1.7394,-1.5191
738.642,8,-35.3759,1.7397,-1.5198
738.650,8,-35.3725,1.7400,-1.5205
738.664,8,-35.3692,1.7404,-1.5210
738.677,8,-35.3661,1.7407,-1.5216
738.684,8,-35.3628,1.7410,-1.5221
738.699,8,-35.3597,1.7413,-1.5228
738.710,8,-35.3567,1.7415,-1.5233
738.719,8,-35.3536,1.7418,-1.5238
738.732,8,-35.3507,1.7420,-1.5244
738.745,8,-35.3479,1.7423,-1.5248
738.757,8,-35.3450,1.7426,-1.5253
738.765,8,-35.3421,1.7428,-1.5257
738.778,8,-35.3395,1.7429,-1.5261
738.791,8,-35.3371,1.7428,-1.5262
738.799,8,-35.3344,1.7429,-1.5264
738.813,8,-35.3318,1.7431,-1.5266
738.825,8,-35.3293,1.7432,-1.5268
738.837,8,-35.3269,1.7434,-1.5269
738.848,8,-35.3248,1.7437,-1.5277
738.857,8,-35.3225,1.7439,-1.5278
738.871,8,-35.3205,1.7441,-1.5279
738.882,8,-35.3186,1.7443,-1.5281
738.894,8,-35.3168,1.7443,-1.5282
738.906,8,-35.3151,1.7444,-1.5281
738.914,8,-35.3132,1.7444,-1.5279
738.927,8,-35.3116,1.7447,-1.5277
738.940,8,-35.3101,1.7448,-1.5274
738.948,8,-35.3084,1.7451,-1.5273
738.962,8,-35.3069,1.7458,-1.5269
738.974,8,-35.3056,1.7464,-1.5268
738.985,8,-35.3042,1.7465,-1.5264
738.992,8,-35.3028,1.7467,-1.5260
739.008,8,-35.3016,1.7463,-1.5254
739.014,8,-35.3003,1.7463,-1.5251
739.029,8,-35.2990,1.7465,-1.5251
739.037,8,-35.2978,1.7467,-1.5248
739.051,8,-35.2965,1.7467,-1.5245
739.063,8,-35.2952,1.7468,-1.5240
739.076,8,-35.2941,1.7467,-1.5234
739.083,8,-35.2928,1.7467,-1.5229
739.098,8,-35.2917,1.7467,-1.5224
739.110,8,-35.2905,1.7469,-1.5219
739.117,8,-35.2894,1.7469,-1.5214
739.132,8,-35.2883,1.7469,-1.5208
739.144,8,-35.2873,1.7467,-1.5204
739.156,8,-35.2864,1.7465,-1.5199
739.168,8,-35.2855,1.7463,-1.5192
739.175,8,-35.2845,1.7462,-1.5187
739.190,8,-35.2837,1.7463,-1.5182
739.201,8,-35.2829,1.7462,-1.5177
739.214,8,-35.2820,1.7462,-1.5173
739.221,8,-35.2811,1.7461,-1.5167
739.235,8,-35.2804,1.7459,-1.5167
739.247,8,-35.2796,1.7458,-1.5166
739.255,8,-35.2788,1.7456,-1.5161
739.270,8,-35.2782,1.7453,-1.5156
739.282,8,-35.2776,1.7451,-1.5152
739.289,8,-35.2768,1.7448,-1.5146
739.304,8,-35.2763,1.7446,-1.5141
739.316,8,-35.2757,1.7445,-1.5136
739.323,8,-35.2750,1.7443,-1.5132
739.338,8,-35.2746,1.7444,-1.5131
739.350,8,-35.2742,1.7445,-1.5131
739.356,8,-35.2736,1.7445,-1.5127
739.372,8,-35.2732,1.7446,-1.5123
739.384,8,-35.2728,1.7445,-1.5118
739.390,8,-35.2723,1.7445,-1.5114
739.406,8,-35.2718,1.7445,-1.5111
739.412,8,-35.2714,1.7445,-1.5110
739.427,8,-35.2710,1.7445,-1.5107
739.439,8,-35.2706,1.7444,-1.5104
739.451,8,-35.2702,1.7443,-1.5106
739.458,8,-35.2698,1.7442,-1.5103

# --- Trial 9 start ---
747.946,9,-39.6691,1.6907,-1.2017
747.975,9,-39.6682,1.6908,-1.2008
747.981,9,-39.6678,1.6907,-1.2003
747.990,9,-39.6673,1.6907,-1.1998
748.003,9,-39.6667,1.6906,-1.1994
748.012,9,-39.6662,1.6906,-1.1989
748.030,9,-39.6655,1.6906,-1.1985
748.040,9,-39.6651,1.6905,-1.1981
748.046,9,-39.6645,1.6904,-1.1976
748.056,9,-39.6640,1.6904,-1.1972
748.067,9,-39.6635,1.6902,-1.1968
748.078,9,-39.6630,1.6901,-1.1963
748.094,9,-39.6625,1.6900,-1.1958
748.107,9,-39.6619,1.6900,-1.1954
748.114,9,-39.6613,1.6900,-1.1949
748.121,9,-39.6607,1.6900,-1.1945
748.133,9,-39.6601,1.6900,-1.1941
748.144,9,-39.6595,1.6901,-1.1938
748.155,9,-39.6589,1.6902,-1.1934
748.166,9,-39.6583,1.6902,-1.1930
748.177,9,-39.6576,1.6903,-1.1926
748.188,9,-39.6570,1.6903,-1.1923
748.199,9,-39.6563,1.6904,-1.1919
748.210,9,-39.6555,1.6904,-1.1915
748.222,9,-39.6547,1.6905,-1.1912
748.233,9,-39.6541,1.6905,-1.1909
748.244,9,-39.6534,1.6905,-1.1905
748.255,9,-39.6527,1.6905,-1.1902
748.266,9,-39.6520,1.6905,-1.1898
748.278,9,-39.6512,1.6904,-1.1896
748.288,9,-39.6505,1.6903,-1.1893
748.299,9,-39.6497,1.6900,-1.1891
748.310,9,-39.6490,1.6895,-1.1889
748.322,9,-39.6483,1.6888,-1.1887
748.332,9,-39.6475,1.6882,-1.1886
748.344,9,-39.6467,1.6879,-1.1884
748.355,9,-39.6457,1.6880,-1.1884
748.365,9,-39.6447,1.6880,-1.1885
748.377,9,-39.6437,1.6882,-1.1886
748.388,9,-39.6427,1.6883,-1.1887
748.399,9,-39.6416,1.6886,-1.1890
748.410,9,-39.6406,1.6889,-1.1892
748.421,9,-39.6395,1.6893,-1.1896
748.432,9,-39.6385,1.6898,-1.1899
748.443,9,-39.6375,1.6902,-1.1902
748.455,9,-39.6365,1.6906,-1.1907
748.466,9,-39.6354,1.6910,-1.1911
748.477,9,-39.6344,1.6911,-1.1916
748.488,9,-39.6333,1.6912,-1.1921
748.499,9,-39.6323,1.6912,-1.1926
748.511,9,-39.6312,1.6913,-1.1931
748.522,9,-39.6300,1.6913,-1.1936
748.533,9,-39.6287,1.6913,-1.1943
748.544,9,-39.6274,1.6913,-1.1948
748.555,9,-39.6262,1.6912,-1.1955
748.566,9,-39.6250,1.6911,-1.1961
748.577,9,-39.6240,1.6907,-1.1968
748.588,9,-39.6229,1.6902,-1.1975
748.599,9,-39.6219,1.6897,-1.1983
748.610,9,-39.6208,1.6891,-1.1992
748.622,9,-39.6200,1.6887,-1.2000
748.633,9,-39.6193,1.6882,-1.2007
748.644,9,-39.6187,1.6877,-1.2015
748.655,9,-39.6182,1.6871,-1.2023
748.666,9,-39.6178,1.6862,-1.2032
748.677,9,-39.6174,1.6852,-1.2041
748.689,9,-39.6169,1.6839,-1.2052
748.700,9,-39.6164,1.6826,-1.2064
748.711,9,-39.6159,1.6810,-1.2078
748.722,9,-39.6154,1.6795,-1.2092
748.733,9,-39.6147,1.6796,-1.2107
748.745,9,-39.6131,1.6836,-1.2124
748.756,9,-39.6114,1.6882,-1.2143
748.767,9,-39.6102,1.6907,-1.2160
748.778,9,-39.6091,1.6914,-1.2177
748.789,9,-39.6080,1.6911,-1.2196
748.800,9,-39.6072,1.6896,-1.2216
748.811,9,-39.6064,1.6881,-1.2234
748.822,9,-39.6056,1.6869,-1.2251
748.833,9,-39.6051,1.6862,-1.2268
748.844,9,-39.6048,1.6864,-1.2284
748.855,9,-39.6042,1.6868,-1.2298
748.866,9,-39.6035,1.6870,-1.2313
748.878,9,-39.6026,1.6870,-1.2328
748.889,9,-39.6020,1.6865,-1.2344
748.900,9,-39.6013,1.6858,-1.2360
748.912,9,-39.6005,1.6855,-1.2374
748.922,9,-39.5996,1.6857,-1.2389
748.934,9,-39.5986,1.6859,-1.2403
748.945,9,-39.5976,1.6860,-1.2416
748.956,9,-39.5964,1.6857,-1.2429
748.967,9,-39.5951,1.6854,-1.2439
748.978,9,-39.5940,1.6846,-1.2448
748.989,9,-39.5927,1.6844,-1.2457
749.000,9,-39.5914,1.6842,-1.2467
749.011,9,-39.5901,1.6840,-1.2476
749.022,9,-39.5884,1.6840,-1.2485
749.033,9,-39.5867,1.6836,-1.2494
749.044,9,-39.5849,1.6832,-1.2501
749.055,9,-39.5830,1.6827,-1.2508
749.066,9,-39.5811,1.6820,-1.2514
749.077,9,-39.5792,1.6815,-1.2521
749.088,9,-39.5773,1.6811,-1.2527
749.099,9,-39.5751,1.6805,-1.2533
749.110,9,-39.5728,1.6798,-1.2538
749.121,9,-39.5705,1.6790,-1.2542
749.133,9,-39.5678,1.6783,-1.2547
749.144,9,-39.5653,1.6776,-1.2552
749.155,9,-39.5626,1.6772,-1.2560
749.166,9,-39.5597,1.6768,-1.2565
749.177,9,-39.5567,1.6765,-1.2570
749.188,9,-39.5537,1.6762,-1.2575
749.199,9,-39.5504,1.6757,-1.2578
749.210,9,-39.5467,1.6755,-1.2584
749.222,9,-39.5428,1.6754,-1.2588
749.233,9,-39.5388,1.6753,-1.2592
749.244,9,-39.5344,1.6755,-1.2597
749.255,9,-39.5302,1.6756,-1.2600
749.266,9,-39.5259,1.6755,-1.2603
749.277,9,-39.5216,1.6753,-1.2605
749.288,9,-39.5169,1.6750,-1.2607
749.299,9,-39.5121,1.6747,-1.2609
749.311,9,-39.5072,1.6742,-1.2611
749.322,9,-39.5022,1.6739,-1.2614
749.333,9,-39.4970,1.6734,-1.2615
749.344,9,-39.4918,1.6729,-1.2617
749.355,9,-39.4866,1.6722,-1.2617
749.366,9,-39.4811,1.6714,-1.2616
749.378,9,-39.4755,1.6706,-1.2617
749.389,9,-39.4699,1.6697,-1.2616
749.401,9,-39.4641,1.6690,-1.2617
749.411,9,-39.4582,1.6681,-1.2617
749.422,9,-39.4523,1.6672,-1.2616
749.433,9,-39.4462,1.6664,-1.2615
749.444,9,-39.4402,1.6653,-1.2611
749.455,9,-39.4341,1.6642,-1.2610
749.466,9,-39.4277,1.6632,-1.2607
749.477,9,-39.4212,1.6625,-1.2605
749.489,9,-39.4147,1.6616,-1.2602
749.500,9,-39.4081,1.6608,-1.2598
749.510,9,-39.4014,1.6600,-1.2594
749.522,9,-39.3948,1.6593,-1.2588
749.533,9,-39.3881,1.6590,-1.2582
749.544,9,-39.3814,1.6587,-1.2576
749.555,9,-39.3744,1.6588,-1.2571
749.566,9,-39.3673,1.6592,-1.2564
749.577,9,-39.3601,1.6599,-1.2558
749.588,9,-39.3530,1.6613,-1.2551
749.599,9,-39.3460,1.6626,-1.2542
749.610,9,-39.3388,1.6643,-1.2534
749.621,9,-39.3318,1.6657,-1.2526
749.633,9,-39.3244,1.6676,-1.2519
749.645,9,-39.3174,1.6693,-1.2512
749.655,9,-39.3104,1.6710,-1.2505
749.665,9,-39.3034,1.6726,-1.2499
749.677,9,-39.2962,1.6738,-1.2493
749.688,9,-39.2891,1.6749,-1.2488
749.699,9,-39.2821,1.6758,-1.2484
749.710,9,-39.2750,1.6767,-1.2480
749.722,9,-39.2679,1.6774,-1.2478
749.732,9,-39.2608,1.6781,-1.2474
749.743,9,-39.2535,1.6788,-1.2471
749.755,9,-39.2462,1.6796,-1.2469
749.766,9,-39.2391,1.6804,-1.2466
749.777,9,-39.2321,1.6813,-1.2465
749.788,9,-39.2247,1.6821,-1.2464
749.800,9,-39.2172,1.6828,-1.2465
749.814,9,-39.2098,1.6833,-1.2465
749.826,9,-39.2025,1.6838,-1.2466
749.837,9,-39.1952,1.6842,-1.2466
749.849,9,-39.1879,1.6845,-1.2467
749.860,9,-39.1805,1.6849,-1.2468
749.872,9,-39.1730,1.6849,-1.2470
749.884,9,-39.1655,1.6849,-1.2472
749.895,9,-39.1579,1.6848,-1.2474
749.907,9,-39.1503,1.6842,-1.2475
749.919,9,-39.1427,1.6838,-1.2477
749.930,9,-39.1348,1.6832,-1.2481
749.942,9,-39.1270,1.6824,-1.2484
749.967,9,-39.1112,1.6805,-1.2493
749.974,9,-39.1033,1.6797,-1.2497
749.986,9,-39.0952,1.6786,-1.2502
749.997,9,-39.0872,1.6774,-1.2506
750.008,9,-39.0791,1.6760,-1.2511
750.020,9,-39.0711,1.6745,-1.2517
750.031,9,-39.0628,1.6730,-1.2522
750.042,9,-39.0542,1.6713,-1.2530
750.053,9,-39.0457,1.6697,-1.2538
750.065,9,-39.0373,1.6681,-1.2545
750.076,9,-39.0287,1.6665,-1.2553
750.088,9,-39.0201,1.6649,-1.2562
750.098,9,-39.0114,1.6637,-1.2571
750.109,9,-39.0026,1.6627,-1.2581
750.121,9,-38.9937,1.6618,-1.2592
750.132,9,-38.9848,1.6612,-1.2603
750.143,9,-38.9759,1.6607,-1.2612
750.155,9,-38.9670,1.6605,-1.2622
750.166,9,-38.9579,1.6608,-1.2633
750.177,9,-38.9487,1.6616,-1.2646
750.188,9,-38.9394,1.6629,-1.2659
750.199,9,-38.9300,1.6643,-1.2671
750.210,9,-38.9208,1.6659,-1.2684
750.221,9,-38.9115,1.6680,-1.2697
750.232,9,-38.9023,1.6701,-1.2709
750.243,9,-38.8929,1.6725,-1.2721
750.254,9,-38.8834,1.6747,-1.2733
750.265,9,-38.8741,1.6768,-1.2744
750.276,9,-38.8649,1.6784,-1.2754
750.288,9,-38.8558,1.6797,-1.2763
750.299,9,-38.8471,1.6807,-1.2771
750.311,9,-38.8383,1.6817,-1.2778
750.321,9,-38.8298,1.6826,-1.2785
750.333,9,-38.8212,1.6835,-1.2791
750.343,9,-38.8123,1.6847,-1.2797
750.354,9,-38.8034,1.6857,-1.2804
750.366,9,-38.7947,1.6868,-1.2810
750.377,9,-38.7859,1.6879,-1.2815
750.388,9,-38.7770,1.6892,-1.2820
750.398,9,-38.7681,1.6904,-1.2824
750.410,9,-38.7590,1.6916,-1.2828
750.421,9,-38.7498,1.6927,-1.2831
750.432,9,-38.7408,1.6934,-1.2834
750.443,9,-38.7315,1.6939,-1.2837
750.455,9,-38.7224,1.6942,-1.2839
750.466,9,-38.7132,1.6941,-1.2840
750.478,9,-38.7039,1.6938,-1.2842
750.489,9,-38.6947,1.6934,-1.2843
750.500,9,-38.6852,1.6928,-1.2843
750.511,9,-38.6756,1.6920,-1.2844
750.521,9,-38.6661,1.6910,-1.2843
750.533,9,-38.6567,1.6896,-1.2840
750.544,9,-38.6471,1.6884,-1.2838
750.555,9,-38.6377,1.6867,-1.2835
750.566,9,-38.6281,1.6851,-1.2831
750.578,9,-38.6183,1.6834,-1.2828
750.589,9,-38.6086,1.6813,-1.2823
750.600,9,-38.5989,1.6792,-1.2819
750.611,9,-38.5892,1.6768,-1.2812
750.622,9,-38.5798,1.6744,-1.2804
750.633,9,-38.5701,1.6718,-1.2796
750.643,9,-38.5605,1.6694,-1.2788
750.655,9,-38.5507,1.6673,-1.2779
750.666,9,-38.5408,1.6656,-1.2769
750.677,9,-38.5307,1.6647,-1.2760
750.688,9,-38.5205,1.6638,-1.2749
750.699,9,-38.5104,1.6632,-1.2738
750.710,9,-38.5001,1.6629,-1.2728
750.721,9,-38.4898,1.6629,-1.2718
750.732,9,-38.4793,1.6637,-1.2707
750.743,9,-38.4687,1.6650,-1.2695
750.754,9,-38.4582,1.6666,-1.2683
750.766,9,-38.4477,1.6686,-1.2669
750.777,9,-38.4372,1.6711,-1.2656
750.788,9,-38.4268,1.6740,-1.2643
750.799,9,-38.4165,1.6768,-1.2630
750.811,9,-38.4061,1.6798,-1.2619
750.821,9,-38.3958,1.6826,-1.2607
750.831,9,-38.3858,1.6851,-1.2599
750.843,9,-38.3759,1.6873,-1.2590
750.853,9,-38.3662,1.6891,-1.2581
750.864,9,-38.3566,1.6905,-1.2574
750.876,9,-38.3473,1.6918,-1.2567
750.886,9,-38.3380,1.6929,-1.2560
750.897,9,-38.3286,1.6940,-1.2555
750.908,9,-38.3192,1.6953,-1.2549
750.919,9,-38.3100,1.6968,-1.2543
750.931,9,-38.3008,1.6982,-1.2537
750.942,9,-38.2916,1.6994,-1.2532
750.953,9,-38.2824,1.7006,-1.2527
750.964,9,-38.2732,1.7018,-1.2524
750.975,9,-38.2640,1.7029,-1.2520
750.986,9,-38.2548,1.7039,-1.2516
750.997,9,-38.2458,1.7047,-1.2513
751.009,9,-38.2367,1.7053,-1.2509
751.020,9,-38.2277,1.7056,-1.2504
751.031,9,-38.2186,1.7057,-1.2499
751.042,9,-38.2094,1.7057,-1.2493
751.054,9,-38.2002,1.7055,-1.2488
751.065,9,-38.1909,1.7051,-1.2482
751.076,9,-38.1816,1.7045,-1.2476
751.087,9,-38.1724,1.7039,-1.2471
751.099,9,-38.1631,1.7029,-1.2465
751.110,9,-38.1540,1.7019,-1.2461
751.120,9,-38.1446,1.7009,-1.2456
751.132,9,-38.1351,1.6998,-1.2453
751.143,9,-38.1255,1.6985,-1.2449
751.154,9,-38.1160,1.6972,-1.2445
751.165,9,-38.1065,1.6958,-1.2442
751.176,9,-38.0970,1.6940,-1.2438
751.188,9,-38.0873,1.6919,-1.2436
751.199,9,-38.0775,1.6899,-1.2434
751.210,9,-38.0678,1.6877,-1.2432
751.221,9,-38.0581,1.6858,-1.2431
751.232,9,-38.0480,1.6840,-1.2432
751.244,9,-38.0380,1.6825,-1.2432
751.255,9,-38.0281,1.6812,-1.2433
751.266,9,-38.0180,1.6801,-1.2435
751.277,9,-38.0079,1.6795,-1.2438
751.289,9,-37.9977,1.6793,-1.2442
751.299,9,-37.9876,1.6796,-1.2447
751.311,9,-37.9775,1.6807,-1.2452
751.321,9,-37.9673,1.6820,-1.2459
751.333,9,-37.9570,1.6832,-1.2466
751.345,9,-37.9469,1.6843,-1.2472
751.356,9,-37.9369,1.6858,-1.2478
751.367,9,-37.9270,1.6879,-1.2485
751.378,9,-37.9169,1.6900,-1.2491
751.389,9,-37.9071,1.6916,-1.2495
751.400,9,-37.8975,1.6925,-1.2498
751.412,9,-37.8881,1.6929,-1.2500
751.423,9,-37.8788,1.6930,-1.2502
751.434,9,-37.8697,1.6932,-1.2503
751.445,9,-37.8606,1.6939,-1.2505
751.457,9,-37.8515,1.6950,-1.2505
751.468,9,-37.8423,1.6960,-1.2506
751.478,9,-37.8332,1.6970,-1.2507
751.489,9,-37.8240,1.6984,-1.2508
751.500,9,-37.8143,1.7000,-1.2509
751.512,9,-37.8045,1.7019,-1.2509
751.524,9,-37.7949,1.7038,-1.2508
751.535,9,-37.7853,1.7052,-1.2506
751.547,9,-37.7756,1.7064,-1.2504
751.559,9,-37.7660,1.7073,-1.2503
751.570,9,-37.7564,1.7080,-1.2502
751.582,9,-37.7467,1.7084,-1.2499
751.593,9,-37.7370,1.7086,-1.2497
751.605,9,-37.7272,1.7086,-1.2495
751.616,9,-37.7174,1.7083,-1.2491
751.628,9,-37.7075,1.7078,-1.2488
751.639,9,-37.6976,1.7072,-1.2485
751.652,9,-37.6876,1.7062,-1.2481
751.665,9,-37.6777,1.7052,-1.2476
751.674,9,-37.6680,1.7041,-1.2472
751.686,9,-37.6582,1.7023,-1.2466
751.697,9,-37.6484,1.7004,-1.2461
751.708,9,-37.6386,1.6982,-1.2454
751.720,9,-37.6289,1.6958,-1.2447
751.731,9,-37.6192,1.6935,-1.2439
751.743,9,-37.6095,1.6912,-1.2430
751.754,9,-37.5998,1.6890,-1.2423
751.765,9,-37.5899,1.6871,-1.2415
751.776,9,-37.5801,1.6856,-1.2406
751.788,9,-37.5701,1.6844,-1.2397
751.799,9,-37.5600,1.6833,-1.2388
751.810,9,-37.5499,1.6827,-1.2377
751.821,9,-37.5398,1.6822,-1.2368
751.832,9,-37.5296,1.6824,-1.2357
751.844,9,-37.5193,1.6830,-1.2346
751.854,9,-37.5091,1.6838,-1.2335
751.866,9,-37.4991,1.6851,-1.2322
751.877,9,-37.4891,1.6861,-1.2310
751.888,9,-37.4788,1.6875,-1.2297
751.900,9,-37.4686,1.6890,-1.2285
751.911,9,-37.4584,1.6909,-1.2274
751.923,9,-37.4484,1.6928,-1.2263
751.935,9,-37.4384,1.6949,-1.2252
751.946,9,-37.4286,1.6967,-1.2242
751.958,9,-37.4189,1.6980,-1.2234
751.969,9,-37.4092,1.6990,-1.2227
751.981,9,-37.3998,1.7001,-1.2221
751.992,9,-37.3903,1.7011,-1.2216
752.004,9,-37.3809,1.7025,-1.2212
752.016,9,-37.3715,1.7041,-1.2209
752.027,9,-37.3621,1.7055,-1.2206
752.039,9,-37.3529,1.7067,-1.2202
752.051,9,-37.3436,1.7079,-1.2201
752.062,9,-37.3344,1.7093,-1.2200
752.074,9,-37.3255,1.7106,-1.2199
752.085,9,-37.3165,1.7118,-1.2198
752.097,9,-37.3079,1.7127,-1.2197
752.108,9,-37.2994,1.7135,-1.2196
752.120,9,-37.2909,1.7140,-1.2197
752.131,9,-37.2824,1.7143,-1.2196
752.142,9,-37.2739,1.7143,-1.2196
752.153,9,-37.2655,1.7144,-1.2196
752.165,9,-37.2568,1.7142,-1.2196
752.176,9,-37.2482,1.7140,-1.2197
752.187,9,-37.2396,1.7135,-1.2199
752.198,9,-37.2310,1.7130,-1.2201
752.210,9,-37.2224,1.7122,-1.2202
752.221,9,-37.2137,1.7113,-1.2204
752.232,9,-37.2051,1.7104,-1.2206
752.243,9,-37.1964,1.7095,-1.2208
752.254,9,-37.1877,1.7085,-1.2212
752.265,9,-37.1789,1.7074,-1.2215
752.276,9,-37.1702,1.7061,-1.2219
752.287,9,-37.1615,1.7046,-1.2223
752.299,9,-37.1525,1.7028,-1.2228
752.309,9,-37.1435,1.7013,-1.2233
752.321,9,-37.1345,1.6999,-1.2239
752.332,9,-37.1256,1.6985,-1.2245
752.343,9,-37.1164,1.6972,-1.2252
752.354,9,-37.1072,1.6960,-1.2259
752.365,9,-37.0979,1.6950,-1.2269
752.376,9,-37.0886,1.6941,-1.2278
752.387,9,-37.0792,1.6937,-1.2289
752.398,9,-37.0697,1.6933,-1.2300
752.409,9,-37.0602,1.6932,-1.2312
752.420,9,-37.0507,1.6930,-1.2324
752.431,9,-37.0411,1.6932,-1.2339
752.442,9,-37.0314,1.6940,-1.2354
752.453,9,-37.0217,1.6951,-1.2370
752.465,9,-37.0119,1.6963,-1.2385
752.476,9,-37.0023,1.6975,-1.2400
752.487,9,-36.9927,1.6991,-1.2416
752.498,9,-36.9830,1.7010,-1.2432
752.509,9,-36.9735,1.7026,-1.2448
752.521,9,-36.9642,1.7044,-1.2463
752.531,9,-36.9547,1.7059,-1.2478
752.542,9,-36.9455,1.7072,-1.2491
752.553,9,-36.9362,1.7083,-1.2504
752.565,9,-36.9270,1.7090,-1.2517
752.576,9,-36.9180,1.7097,-1.2530
752.587,9,-36.9090,1.7105,-1.2542
752.598,9,-36.9000,1.7114,-1.2553
752.609,9,-36.8911,1.7124,-1.2565
752.620,9,-36.8821,1.7134,-1.2577
752.632,9,-36.8731,1.7144,-1.2589
752.643,9,-36.8641,1.7153,-1.2601
752.654,9,-36.8551,1.7165,-1.2612
752.665,9,-36.8461,1.7178,-1.2623
752.676,9,-36.8370,1.7191,-1.2633
752.688,9,-36.8280,1.7204,-1.2642
752.699,9,-36.8190,1.7215,-1.2651
752.710,9,-36.8100,1.7225,-1.2661
752.721,9,-36.8010,1.7231,-1.2670
752.732,9,-36.7920,1.7235,-1.2680
752.744,9,-36.7830,1.7237,-1.2689
752.754,9,-36.7740,1.7237,-1.2697
752.765,9,-36.7650,1.7235,-1.2706
752.776,9,-36.7560,1.7232,-1.2715
752.787,9,-36.7468,1.7227,-1.2723
752.798,9,-36.7378,1.7222,-1.2731
752.810,9,-36.7281,1.7213,-1.2739
752.821,9,-36.7184,1.7203,-1.2747
752.833,9,-36.7086,1.7190,-1.2753
752.844,9,-36.6988,1.7174,-1.2760
752.856,9,-36.6891,1.7156,-1.2766
752.868,9,-36.6795,1.7135,-1.2773
752.879,9,-36.6698,1.7112,-1.2778
752.891,9,-36.6601,1.7091,-1.2782
752.903,9,-36.6503,1.7069,-1.2787
752.914,9,-36.6405,1.7046,-1.2790
752.926,9,-36.6307,1.7024,-1.2794
752.938,9,-36.6208,1.7004,-1.2796
752.950,9,-36.6109,1.6989,-1.2798
752.960,9,-36.6009,1.6976,-1.2800
752.972,9,-36.5909,1.6966,-1.2801
752.984,9,-36.5808,1.6957,-1.2802
752.995,9,-36.5707,1.6951,-1.2804
753.007,9,-36.5607,1.6952,-1.2805
753.018,9,-36.5507,1.6958,-1.2806
753.030,9,-36.5406,1.6970,-1.2806
753.041,9,-36.5307,1.6980,-1.2805
753.052,9,-36.5210,1.6989,-1.2804
753.064,9,-36.5113,1.7000,-1.2804
753.075,9,-36.5016,1.7015,-1.2804
753.086,9,-36.4921,1.7038,-1.2805
753.097,9,-36.4825,1.7063,-1.2807
753.109,9,-36.4731,1.7084,-1.2809
753.120,9,-36.4638,1.7102,-1.2812
753.132,9,-36.4546,1.7115,-1.2817
753.143,9,-36.4455,1.7127,-1.2823
753.153,9,-36.4366,1.7137,-1.2831
753.165,9,-36.4277,1.7146,-1.2837
753.176,9,-36.4190,1.7153,-1.2846
753.187,9,-36.4103,1.7162,-1.2854
753.198,9,-36.4017,1.7171,-1.2863
753.209,9,-36.3933,1.7178,-1.2871
753.220,9,-36.3848,1.7185,-1.2880
753.231,9,-36.3763,1.7193,-1.2889
753.242,9,-36.3680,1.7204,-1.2899
753.253,9,-36.3595,1.7217,-1.2909
753.265,9,-36.3514,1.7228,-1.2919
753.275,9,-36.3431,1.7238,-1.2929
753.287,9,-36.3349,1.7246,-1.2940
753.298,9,-36.3269,1.7252,-1.2951
753.309,9,-36.3189,1.7259,-1.2962
753.320,9,-36.3110,1.7264,-1.2973
753.331,9,-36.3030,1.7269,-1.2984
753.343,9,-36.2950,1.7271,-1.2997
753.353,9,-36.2870,1.7273,-1.3008
753.364,9,-36.2790,1.7272,-1.3021
753.376,9,-36.2709,1.7271,-1.3034
753.387,9,-36.2629,1.7269,-1.3048
753.398,9,-36.2548,1.7265,-1.3062
753.409,9,-36.2468,1.7259,-1.3076
753.420,9,-36.2389,1.7252,-1.3090
753.431,9,-36.2310,1.7243,-1.3105
753.443,9,-36.2230,1.7234,-1.3119
753.453,9,-36.2152,1.7222,-1.3133
753.465,9,-36.2075,1.7206,-1.3147
753.476,9,-36.1998,1.7191,-1.3162
753.487,9,-36.1920,1.7173,-1.3177
753.498,9,-36.1841,1.7157,-1.3193
753.509,9,-36.1762,1.7141,-1.3210
753.520,9,-36.1682,1.7128,-1.3227
753.532,9,-36.1602,1.7117,-1.3245
753.543,9,-36.1520,1.7108,-1.3263
753.553,9,-36.1440,1.7100,-1.3281
753.564,9,-36.1357,1.7094,-1.3301
753.576,9,-36.1274,1.7091,-1.3322
753.587,9,-36.1192,1.7089,-1.3343
753.598,9,-36.1111,1.7087,-1.3365
753.610,9,-36.1031,1.7087,-1.3386
753.620,9,-36.0951,1.7093,-1.3409
753.631,9,-36.0872,1.7102,-1.3432
753.642,9,-36.0794,1.7109,-1.3455
753.653,9,-36.0717,1.7114,-1.3477
753.664,9,-36.0640,1.7121,-1.3500
753.675,9,-36.0563,1.7133,-1.3523
753.688,9,-36.0487,1.7152,-1.3547
753.699,9,-36.0409,1.7168,-1.3570
753.708,9,-36.0331,1.7184,-1.3592
753.720,9,-36.0253,1.7200,-1.3615
753.730,9,-36.0173,1.7214,-1.3639
753.742,9,-36.0093,1.7223,-1.3662
753.753,9,-36.0015,1.7229,-1.3684
753.765,9,-35.9938,1.7238,-1.3705
753.777,9,-35.9860,1.7248,-1.3725
753.788,9,-35.9782,1.7257,-1.3745
753.800,9,-35.9705,1.7267,-1.3764
753.811,9,-35.9628,1.7275,-1.3783
753.823,9,-35.9551,1.7284,-1.3801
753.835,9,-35.9474,1.7294,-1.3819
753.846,9,-35.9396,1.7309,-1.3836
753.858,9,-35.9321,1.7325,-1.3853
753.870,9,-35.9246,1.7338,-1.3868
753.881,9,-35.9171,1.7345,-1.3884
753.893,9,-35.9096,1.7352,-1.3900
753.905,9,-35.9021,1.7356,-1.3917
753.916,9,-35.8947,1.7359,-1.3933
753.928,9,-35.8873,1.7360,-1.3947
753.940,9,-35.8799,1.7360,-1.3962
753.951,9,-35.8724,1.7360,-1.3978
753.963,9,-35.8651,1.7358,-1.3991
753.974,9,-35.8577,1.7355,-1.4004
753.985,9,-35.8504,1.7351,-1.4017
753.997,9,-35.8430,1.7346,-1.4029
754.008,9,-35.8357,1.7338,-1.4042
754.019,9,-35.8284,1.7329,-1.4052
754.031,9,-35.8212,1.7318,-1.4063
754.041,9,-35.8141,1.7304,-1.4072
754.053,9,-35.8070,1.7288,-1.4082
754.064,9,-35.7999,1.7273,-1.4092
754.075,9,-35.7929,1.7259,-1.4102
754.086,9,-35.7859,1.7244,-1.4111
754.098,9,-35.7789,1.7229,-1.4120
754.109,9,-35.7717,1.7217,-1.4128
754.120,9,-35.7646,1.7207,-1.4136
754.131,9,-35.7574,1.7200,-1.4144
754.142,9,-35.7502,1.7195,-1.4152
754.154,9,-35.7430,1.7193,-1.4159
754.165,9,-35.7358,1.7190,-1.4165
754.176,9,-35.7287,1.7187,-1.4171
754.188,9,-35.7215,1.7187,-1.4176
754.199,9,-35.7143,1.7187,-1.4181
754.209,9,-35.7071,1.7191,-1.4185
754.221,9,-35.7001,1.7194,-1.4188
754.232,9,-35.6928,1.7198,-1.4193
754.244,9,-35.6855,1.7206,-1.4196
754.256,9,-35.6782,1.7216,-1.4199
754.267,9,-35.6710,1.7227,-1.4204
754.279,9,-35.6638,1.7241,-1.4207
754.290,9,-35.6568,1.7255,-1.4210
754.302,9,-35.6497,1.7267,-1.4212
754.313,9,-35.6427,1.7275,-1.4213
754.325,9,-35.6358,1.7283,-1.4218
754.337,9,-35.6289,1.7291,-1.4222
754.348,9,-35.6221,1.7298,-1.4229
754.360,9,-35.6153,1.7304,-1.4235
754.372,9,-35.6086,1.7309,-1.4244
754.385,9,-35.6019,1.7313,-1.4252
754.395,9,-35.5952,1.7318,-1.4262
754.406,9,-35.5886,1.7322,-1.4271
754.418,9,-35.5821,1.7327,-1.4281
754.429,9,-35.5756,1.7332,-1.4292
754.441,9,-35.5691,1.7338,-1.4302
754.453,9,-35.5627,1.7344,-1.4315
754.464,9,-35.5566,1.7351,-1.4327
754.476,9,-35.5504,1.7358,-1.4340
754.488,9,-35.5443,1.7364,-1.4352
754.499,9,-35.5385,1.7370,-1.4365
754.511,9,-35.5326,1.7375,-1.4378
754.522,9,-35.5268,1.7379,-1.4392
754.533,9,-35.5209,1.7385,-1.4407
754.540,9,-35.5151,1.7391,-1.4420
754.556,9,-35.5095,1.7397,-1.4434
754.563,9,-35.5038,1.7402,-1.4448
754.578,9,-35.4983,1.7405,-1.4462
754.590,9,-35.4927,1.7408,-1.4476
754.597,9,-35.4869,1.7412,-1.4491
754.612,9,-35.4813,1.7415,-1.4506
754.624,9,-35.4758,1.7417,-1.4522
754.636,9,-35.4703,1.7416,-1.4538
754.643,9,-35.4648,1.7415,-1.4553
754.659,9,-35.4595,1.7410,-1.4572
754.666,9,-35.4541,1.7406,-1.4588
754.682,9,-35.4490,1.7397,-1.4604
754.694,9,-35.4441,1.7391,-1.4619
754.704,9,-35.4390,1.7385,-1.4636
754.716,9,-35.4341,1.7378,-1.4653
754.728,9,-35.4292,1.7373,-1.4670
754.735,9,-35.4241,1.7368,-1.4688
754.750,9,-35.4193,1.7361,-1.4706
754.762,9,-35.4144,1.7356,-1.4724
754.774,9,-35.4096,1.7352,-1.4744
754.786,9,-35.4050,1.7350,-1.4763
754.792,9,-35.4002,1.7348,-1.4782
754.808,9,-35.3957,1.7356,-1.4801
754.820,9,-35.3914,1.7366,-1.4819
754.827,9,-35.3870,1.7371,-1.4836
754.842,9,-35.3829,1.7379,-1.4853
754.849,9,-35.3784,1.7383,-1.4871
754.864,9,-35.3745,1.7384,-1.4887
754.876,9,-35.3705,1.7384,-1.4903
754.888,9,-35.3666,1.7385,-1.4917
754.900,9,-35.3627,1.7388,-1.4931
754.912,9,-35.3590,1.7391,-1.4943
754.923,9,-35.3554,1.7395,-1.4954
754.935,9,-35.3518,1.7399,-1.4966
754.947,9,-35.3484,1.7402,-1.4975
754.954,9,-35.3449,1.7405,-1.4986
754.970,9,-35.3418,1.7407,-1.4995
754.981,9,-35.3386,1.7408,-1.5005
754.993,9,-35.3357,1.7409,-1.5015
755.005,9,-35.3326,1.7410,-1.5023
755.012,9,-35.3294,1.7411,-1.5033
755.027,9,-35.3265,1.7412,-1.5038
755.040,9,-35.3238,1.7413,-1.5043
755.046,9,-35.3208,1.7415,-1.5050
755.062,9,-35.3182,1.7418,-1.5054
755.074,9,-35.3154,1.7420,-1.5059
755.081,9,-35.3126,1.7422,-1.5065
755.097,9,-35.3101,1.7424,-1.5071
755.109,9,-35.3076,1.7427,-1.5078
755.115,9,-35.3051,1.7429,-1.5084
755.131,9,-35.3029,1.7431,-1.5091
755.138,9,-35.3005,1.7433,-1.5096
755.153,9,-35.2983,1.7436,-1.5102
755.161,9,-35.2960,1.7438,-1.5106
755.176,9,-35.2940,1.7440,-1.5111
755.184,9,-35.2918,1.7443,-1.5115
755.199,9,-35.2898,1.7446,-1.5117
755.206,9,-35.2878,1.7448,-1.5121
755.221,9,-35.2861,1.7449,-1.5125
755.228,9,-35.2843,1.7450,-1.5129
755.243,9,-35.2826,1.7452,-1.5130
755.251,9,-35.2809,1.7454,-1.5133
755.266,9,-35.2792,1.7456,-1.5137
755.273,9,-35.2775,1.7458,-1.5139
755.289,9,-35.2760,1.7457,-1.5138
755.295,9,-35.2744,1.7457,-1.5138
755.311,9,-35.2731,1.7454,-1.5143
755.318,9,-35.2716,1.7453,-1.5143
755.333,9,-35.2704,1.7454,-1.5147
755.340,9,-35.2690,1.7456,-1.5146
755.355,9,-35.2678,1.7462,-1.5144
755.363,9,-35.2665,1.7465,-1.5143
755.378,9,-35.2655,1.7464,-1.5139
755.390,9,-35.2646,1.7463,-1.5135
755.402,9,-35.2637,1.7463,-1.5132
755.409,9,-35.2629,1.7464,-1.5133
755.425,9,-35.2622,1.7466,-1.5128
755.432,9,-35.2611,1.7467,-1.5107
755.447,9,-35.2604,1.7471,-1.5095
755.460,9,-35.2598,1.7474,-1.5092
755.466,9,-35.2591,1.7477,-1.5088
755.482,9,-35.2586,1.7479,-1.5086
755.489,9,-35.2579,1.7482,-1.5081
755.504,9,-35.2574,1.7483,-1.5079
755.516,9,-35.2569,1.7485,-1.5075
755.523,9,-35.2564,1.7486,-1.5071
755.539,9,-35.2560,1.7485,-1.5067
755.546,9,-35.2555,1.7485,-1.5062
755.561,9,-35.2550,1.7484,-1.5058
755.573,9,-35.2547,1.7485,-1.5060
755.581,9,-35.2542,1.7485,-1.5056
755.596,9,-35.2538,1.7485,-1.5054
755.608,9,-35.2534,1.7484,-1.5054
755.614,9,-35.2529,1.7484,-1.5050
755.631,9,-35.2524,1.7484,-1.5048
755.638,9,-35.2519,1.7484,-1.5045
755.653,9,-35.2514,1.7483,-1.5041
755.660,9,-35.2508,1.7483,-1.5038
755.674,9,-35.2502,1.7484,-1.5036
755.688,9,-35.2497,1.7484,-1.5036
755.694,9,-35.2491,1.7484,-1.5032
755.709,9,-35.2485,1.7485,-1.5032
755.717,9,-35.2479,1.7485,-1.5029
755.733,9,-35.2473,1.7483,-1.5023
755.739,9,-35.2467,1.7483,-1.5020
755.753,9,-35.2462,1.7482,-1.5021
755.765,9,-35.2457,1.7482,-1.5018
755.772,9,-35.2452,1.7482,-1.5015
755.788,9,-35.2448,1.7484,-1.5014
755.794,9,-35.2443,1.7484,-1.5011
755.809,9,-35.2440,1.7484,-1.5009
755.822,9,-35.2436,1.7483,-1.5007
755.828,9,-35.2432,1.7483,-1.5004
755.843,9,-35.2428,1.7482,-1.5002

# --- Trial 10 start ---
765.050,10,-39.6223,1.6893,-1.2577
765.079,10,-39.6234,1.6898,-1.2595
765.085,10,-39.6240,1.6900,-1.2604
765.095,10,-39.6246,1.6901,-1.2613
765.101,10,-39.6252,1.6902,-1.2621
765.113,10,-39.6259,1.6902,-1.2628
765.124,10,-39.6266,1.6902,-1.2635
765.143,10,-39.6272,1.6903,-1.2642
765.154,10,-39.6277,1.6904,-1.2648
765.170,10,-39.6290,1.6906,-1.2661
765.176,10,-39.6296,1.6906,-1.2668
765.193,10,-39.6303,1.6904,-1.2672
765.204,10,-39.6308,1.6903,-1.2677
765.216,10,-39.6315,1.6903,-1.2681
765.228,10,-39.6320,1.6903,-1.2684
765.239,10,-39.6326,1.6906,-1.2686
765.251,10,-39.6331,1.6910,-1.2687
765.262,10,-39.6334,1.6915,-1.2689
765.274,10,-39.6336,1.6921,-1.2689
765.286,10,-39.6337,1.6928,-1.2689
765.297,10,-39.6338,1.6934,-1.2688
765.308,10,-39.6340,1.6937,-1.2687
765.320,10,-39.6342,1.6940,-1.2684
765.331,10,-39.6343,1.6941,-1.2682
765.343,10,-39.6342,1.6942,-1.2679
765.355,10,-39.6343,1.6943,-1.2676
765.366,10,-39.6342,1.6942,-1.2672
765.378,10,-39.6340,1.6943,-1.2667
765.389,10,-39.6337,1.6942,-1.2662
765.400,10,-39.6334,1.6942,-1.2656
765.412,10,-39.6331,1.6942,-1.2650
765.423,10,-39.6327,1.6941,-1.2643
765.434,10,-39.6322,1.6942,-1.2637
765.446,10,-39.6316,1.6942,-1.2630
765.457,10,-39.6310,1.6943,-1.2624
765.468,10,-39.6305,1.6943,-1.2617
765.479,10,-39.6299,1.6941,-1.2610
765.491,10,-39.6293,1.6939,-1.2605
765.502,10,-39.6288,1.6934,-1.2599
765.513,10,-39.6282,1.6928,-1.2594
765.525,10,-39.6277,1.6917,-1.2590
765.536,10,-39.6271,1.6906,-1.2585
765.547,10,-39.6263,1.6894,-1.2582
765.558,10,-39.6255,1.6884,-1.2579
765.570,10,-39.6246,1.6881,-1.2577
765.580,10,-39.6235,1.6886,-1.2577
765.592,10,-39.6224,1.6894,-1.2578
765.603,10,-39.6215,1.6897,-1.2580
765.615,10,-39.6204,1.6897,-1.2582
765.626,10,-39.6194,1.6896,-1.2585
765.637,10,-39.6183,1.6897,-1.2587
765.648,10,-39.6171,1.6900,-1.2591
765.659,10,-39.6158,1.6904,-1.2594
765.670,10,-39.6147,1.6908,-1.2597
765.681,10,-39.6136,1.6912,-1.2601
765.693,10,-39.6124,1.6914,-1.2606
765.704,10,-39.6111,1.6915,-1.2611
765.715,10,-39.6099,1.6914,-1.2617
765.726,10,-39.6087,1.6911,-1.2622
765.737,10,-39.6075,1.6908,-1.2628
765.748,10,-39.6064,1.6906,-1.2635
765.760,10,-39.6051,1.6904,-1.2642
765.771,10,-39.6039,1.6903,-1.2650
765.782,10,-39.6027,1.6901,-1.2657
765.793,10,-39.6014,1.6900,-1.2664
765.804,10,-39.6000,1.6898,-1.2672
765.815,10,-39.5986,1.6896,-1.2680
765.826,10,-39.5973,1.6894,-1.2689
765.838,10,-39.5960,1.6893,-1.2698
765.848,10,-39.5948,1.6891,-1.2707
765.859,10,-39.5935,1.6890,-1.2715
765.869,10,-39.5923,1.6889,-1.2724
765.880,10,-39.5909,1.6887,-1.2733
765.892,10,-39.5896,1.6884,-1.2743
765.902,10,-39.5882,1.6879,-1.2754
765.914,10,-39.5868,1.6871,-1.2766
765.925,10,-39.5854,1.6861,-1.2778
765.936,10,-39.5841,1.6850,-1.2791
765.947,10,-39.5830,1.6834,-1.2803
765.958,10,-39.5819,1.6826,-1.2817
765.969,10,-39.5804,1.6839,-1.2833
765.981,10,-39.5783,1.6879,-1.2851
765.991,10,-39.5764,1.6910,-1.2869
766.003,10,-39.5746,1.6924,-1.2885
766.014,10,-39.5727,1.6920,-1.2901
766.025,10,-39.5711,1.6907,-1.2917
766.036,10,-39.5696,1.6883,-1.2934
766.047,10,-39.5680,1.6867,-1.2949
766.058,10,-39.5665,1.6861,-1.2965
766.069,10,-39.5650,1.6865,-1.2980
766.081,10,-39.5631,1.6872,-1.2997
766.092,10,-39.5611,1.6874,-1.3012
766.103,10,-39.5592,1.6872,-1.3026
766.114,10,-39.5573,1.6866,-1.3041
766.125,10,-39.5552,1.6857,-1.3054
766.136,10,-39.5533,1.6849,-1.3067
766.147,10,-39.5510,1.6847,-1.3080
766.159,10,-39.5489,1.6847,-1.3094
766.170,10,-39.5466,1.6847,-1.3107
766.181,10,-39.5443,1.6844,-1.3119
766.192,10,-39.5420,1.6840,-1.3131
766.203,10,-39.5398,1.6832,-1.3140
766.214,10,-39.5374,1.6826,-1.3151
766.225,10,-39.5349,1.6821,-1.3162
766.236,10,-39.5324,1.6816,-1.3172
766.247,10,-39.5296,1.6813,-1.3182
766.258,10,-39.5271,1.6813,-1.3191
766.270,10,-39.5243,1.6809,-1.3199
766.281,10,-39.5215,1.6804,-1.3206
766.294,10,-39.5183,1.6799,-1.3212
766.303,10,-39.5154,1.6795,-1.3218
766.314,10,-39.5124,1.6791,-1.3223
766.324,10,-39.5091,1.6789,-1.3229
766.336,10,-39.5058,1.6785,-1.3233
766.348,10,-39.5023,1.6781,-1.3236
766.359,10,-39.4989,1.6774,-1.3237
766.371,10,-39.4952,1.6769,-1.3240
766.382,10,-39.4913,1.6763,-1.3243
766.394,10,-39.4874,1.6759,-1.3245
766.406,10,-39.4832,1.6755,-1.3247
766.418,10,-39.4791,1.6750,-1.3248
766.429,10,-39.4748,1.6745,-1.3250
766.440,10,-39.4705,1.6737,-1.3249
766.452,10,-39.4661,1.6731,-1.3251
766.464,10,-39.4611,1.6724,-1.3252
766.475,10,-39.4563,1.6718,-1.3254
766.487,10,-39.4512,1.6711,-1.3254
766.498,10,-39.4463,1.6704,-1.3255
766.510,10,-39.4411,1.6695,-1.3257
766.522,10,-39.4360,1.6684,-1.3255
766.534,10,-39.4308,1.6674,-1.3254
766.545,10,-39.4255,1.6663,-1.3254
766.556,10,-39.4201,1.6653,-1.3254
766.567,10,-39.4147,1.6642,-1.3251
766.579,10,-39.4093,1.6630,-1.3248
766.590,10,-39.4039,1.6617,-1.3246
766.601,10,-39.3983,1.6604,-1.3241
766.613,10,-39.3926,1.6592,-1.3238
766.624,10,-39.3868,1.6579,-1.3233
766.635,10,-39.3808,1.6568,-1.3227
766.646,10,-39.3750,1.6556,-1.3221
766.658,10,-39.3690,1.6543,-1.3213
766.669,10,-39.3631,1.6530,-1.3206
766.680,10,-39.3571,1.6517,-1.3197
766.692,10,-39.3510,1.6505,-1.3189
766.703,10,-39.3448,1.6494,-1.3179
766.714,10,-39.3388,1.6485,-1.3169
766.725,10,-39.3324,1.6479,-1.3159
766.736,10,-39.3260,1.6474,-1.3147
766.747,10,-39.3195,1.6471,-1.3135
766.758,10,-39.3131,1.6469,-1.3122
766.769,10,-39.3064,1.6474,-1.3109
766.781,10,-39.2996,1.6485,-1.3097
766.792,10,-39.2928,1.6497,-1.3085
766.803,10,-39.2855,1.6517,-1.3073
766.814,10,-39.2787,1.6536,-1.3060
766.825,10,-39.2715,1.6560,-1.3048
766.836,10,-39.2647,1.6583,-1.3034
766.847,10,-39.2577,1.6606,-1.3022
766.858,10,-39.2507,1.6630,-1.3012
766.869,10,-39.2439,1.6652,-1.3001
766.880,10,-39.2371,1.6672,-1.2991
766.891,10,-39.2304,1.6690,-1.2982
766.903,10,-39.2238,1.6703,-1.2974
766.914,10,-39.2172,1.6715,-1.2967
766.925,10,-39.2103,1.6727,-1.2961
766.936,10,-39.2036,1.6737,-1.2955
766.947,10,-39.1968,1.6751,-1.2948
766.959,10,-39.1895,1.6764,-1.2946
766.969,10,-39.1827,1.6774,-1.2939
766.980,10,-39.1759,1.6782,-1.2934
766.992,10,-39.1692,1.6789,-1.2930
767.003,10,-39.1626,1.6795,-1.2925
767.014,10,-39.1558,1.6802,-1.2921
767.025,10,-39.1488,1.6809,-1.2918
767.037,10,-39.1419,1.6816,-1.2917
767.048,10,-39.1350,1.6820,-1.2914
767.059,10,-39.1282,1.6823,-1.2911
767.069,10,-39.1213,1.6826,-1.2910
767.080,10,-39.1141,1.6827,-1.2909
767.092,10,-39.1070,1.6827,-1.2907
767.102,10,-39.0997,1.6826,-1.2907
767.114,10,-39.0923,1.6825,-1.2907
767.125,10,-39.0850,1.6822,-1.2907
767.136,10,-39.0778,1.6816,-1.2908
767.147,10,-39.0703,1.6810,-1.2908
767.158,10,-39.0627,1.6801,-1.2910
767.169,10,-39.0552,1.6793,-1.2911
767.180,10,-39.0475,1.6782,-1.2914
767.191,10,-39.0397,1.6771,-1.2917
767.202,10,-39.0319,1.6760,-1.2920
767.213,10,-39.0239,1.6745,-1.2925
767.224,10,-39.0160,1.6730,-1.2928
767.236,10,-39.0079,1.6711,-1.2932
767.247,10,-38.9999,1.6694,-1.2937
767.258,10,-38.9917,1.6675,-1.2944
767.268,10,-38.9835,1.6656,-1.2950
767.280,10,-38.9752,1.6639,-1.2959
767.291,10,-38.9668,1.6624,-1.2967
767.302,10,-38.9583,1.6613,-1.2975
767.313,10,-38.9497,1.6603,-1.2984
767.324,10,-38.9410,1.6594,-1.2993
767.335,10,-38.9319,1.6587,-1.3005
767.346,10,-38.9228,1.6580,-1.3016
767.357,10,-38.9135,1.6579,-1.3029
767.368,10,-38.9043,1.6582,-1.3042
767.380,10,-38.8948,1.6594,-1.3056
767.391,10,-38.8853,1.6609,-1.3071
767.402,10,-38.8757,1.6625,-1.3085
767.413,10,-38.8659,1.6640,-1.3100
767.424,10,-38.8560,1.6659,-1.3116
767.435,10,-38.8460,1.6680,-1.3133
767.446,10,-38.8364,1.6699,-1.3147
767.457,10,-38.8271,1.6716,-1.3161
767.468,10,-38.8176,1.6731,-1.3174
767.479,10,-38.8081,1.6746,-1.3186
767.491,10,-38.7987,1.6759,-1.3198
767.502,10,-38.7893,1.6772,-1.3210
767.513,10,-38.7802,1.6781,-1.3220
767.524,10,-38.7710,1.6791,-1.3230
767.536,10,-38.7622,1.6800,-1.3238
767.546,10,-38.7531,1.6814,-1.3247
767.557,10,-38.7441,1.6827,-1.3254
767.568,10,-38.7351,1.6839,-1.3261
767.579,10,-38.7258,1.6852,-1.3268
767.590,10,-38.7167,1.6865,-1.3274
767.602,10,-38.7076,1.6880,-1.3279
767.613,10,-38.6986,1.6893,-1.3283
767.623,10,-38.6895,1.6906,-1.3286
767.635,10,-38.6803,1.6915,-1.3290
767.646,10,-38.6715,1.6920,-1.3293
767.657,10,-38.6621,1.6924,-1.3298
767.668,10,-38.6529,1.6925,-1.3300
767.680,10,-38.6436,1.6924,-1.3303
767.691,10,-38.6343,1.6922,-1.3305
767.702,10,-38.6254,1.6918,-1.3305
767.713,10,-38.6161,1.6912,-1.3306
767.724,10,-38.6070,1.6906,-1.3306
767.736,10,-38.5975,1.6896,-1.3307
767.747,10,-38.5881,1.6886,-1.3307
767.758,10,-38.5786,1.6872,-1.3307
767.769,10,-38.5690,1.6857,-1.3306
767.780,10,-38.5594,1.6840,-1.3303
767.791,10,-38.5499,1.6820,-1.3301
767.802,10,-38.5404,1.6800,-1.3299
767.814,10,-38.5307,1.6777,-1.3296
767.825,10,-38.5211,1.6754,-1.3293
767.835,10,-38.5115,1.6731,-1.3288
767.847,10,-38.5018,1.6710,-1.3283
767.859,10,-38.4921,1.6694,-1.3278
767.868,10,-38.4822,1.6679,-1.3272
767.880,10,-38.4719,1.6668,-1.3266
767.890,10,-38.4619,1.6659,-1.3259
767.901,10,-38.4518,1.6649,-1.3252
767.913,10,-38.4415,1.6642,-1.3244
767.924,10,-38.4311,1.6639,-1.3235
767.935,10,-38.4207,1.6640,-1.3226
767.947,10,-38.4103,1.6651,-1.3217
767.958,10,-38.3999,1.6664,-1.3208
767.969,10,-38.3897,1.6679,-1.3198
767.980,10,-38.3795,1.6693,-1.3189
767.991,10,-38.3694,1.6710,-1.3181
768.002,10,-38.3594,1.6729,-1.3173
768.013,10,-38.3493,1.6751,-1.3166
768.024,10,-38.3395,1.6772,-1.3159
768.035,10,-38.3296,1.6792,-1.3154
768.046,10,-38.3197,1.6808,-1.3150
768.057,10,-38.3099,1.6825,-1.3148
768.067,10,-38.3002,1.6841,-1.3147
768.079,10,-38.2905,1.6858,-1.3148
768.090,10,-38.2806,1.6875,-1.3148
768.101,10,-38.2709,1.6894,-1.3149
768.112,10,-38.2611,1.6911,-1.3151
768.123,10,-38.2513,1.6930,-1.3154
768.134,10,-38.2413,1.6948,-1.3158
768.145,10,-38.2314,1.6969,-1.3161
768.157,10,-38.2214,1.6990,-1.3164
768.167,10,-38.2116,1.7009,-1.3167
768.179,10,-38.2017,1.7026,-1.3170
768.190,10,-38.1919,1.7040,-1.3175
768.201,10,-38.1820,1.7050,-1.3180
768.213,10,-38.1724,1.7056,-1.3185
768.224,10,-38.1627,1.7059,-1.3191
768.234,10,-38.1530,1.7059,-1.3196
768.246,10,-38.1432,1.7056,-1.3201
768.257,10,-38.1336,1.7049,-1.3206
768.268,10,-38.1240,1.7042,-1.3212
768.280,10,-38.1142,1.7031,-1.3219
768.291,10,-38.1044,1.7021,-1.3225
768.301,10,-38.0947,1.7008,-1.3231
768.314,10,-38.0848,1.6994,-1.3239
768.324,10,-38.0746,1.6980,-1.3246
768.336,10,-38.0642,1.6963,-1.3255
768.348,10,-38.0538,1.6944,-1.3263
768.359,10,-38.0437,1.6920,-1.3272
768.371,10,-38.0333,1.6896,-1.3282
768.382,10,-38.0230,1.6873,-1.3292
768.394,10,-38.0127,1.6848,-1.3303
768.405,10,-38.0021,1.6827,-1.3314
768.417,10,-37.9916,1.6808,-1.3327
768.428,10,-37.9808,1.6794,-1.3340
768.440,10,-37.9701,1.6782,-1.3355
768.452,10,-37.9593,1.6772,-1.3369
768.463,10,-37.9483,1.6766,-1.3385
768.475,10,-37.9374,1.6762,-1.3403
768.487,10,-37.9263,1.6764,-1.3421
768.498,10,-37.9153,1.6773,-1.3439
768.510,10,-37.9041,1.6790,-1.3459
768.521,10,-37.8930,1.6807,-1.3479
768.533,10,-37.8820,1.6824,-1.3498
768.544,10,-37.8712,1.6843,-1.3517
768.556,10,-37.8604,1.6865,-1.3534
768.567,10,-37.8497,1.6886,-1.3551
768.578,10,-37.8393,1.6905,-1.3566
768.589,10,-37.8290,1.6923,-1.3579
768.601,10,-37.8188,1.6940,-1.3592
768.612,10,-37.8087,1.6953,-1.3605
768.623,10,-37.7987,1.6962,-1.3617
768.634,10,-37.7887,1.6972,-1.3627
768.645,10,-37.7789,1.6984,-1.3638
768.657,10,-37.7691,1.6996,-1.3649
768.668,10,-37.7593,1.7010,-1.3658
768.679,10,-37.7494,1.7024,-1.3668
768.690,10,-37.7396,1.7038,-1.3677
768.701,10,-37.7299,1.7054,-1.3684
768.713,10,-37.7202,1.7069,-1.3690
768.723,10,-37.7107,1.7081,-1.3696
768.734,10,-37.7013,1.7092,-1.3700
768.746,10,-37.6918,1.7099,-1.3705
768.757,10,-37.6824,1.7105,-1.3710
768.768,10,-37.6729,1.7108,-1.3715
768.779,10,-37.6634,1.7109,-1.3720
768.790,10,-37.6539,1.7107,-1.3723
768.801,10,-37.6444,1.7105,-1.3726
768.812,10,-37.6347,1.7101,-1.3729
768.823,10,-37.6250,1.7096,-1.3731
768.834,10,-37.6152,1.7089,-1.3734
768.845,10,-37.6052,1.7082,-1.3736
768.857,10,-37.5953,1.7072,-1.3737
768.868,10,-37.5854,1.7061,-1.3738
768.879,10,-37.5755,1.7048,-1.3739
768.890,10,-37.5656,1.7033,-1.3739
768.901,10,-37.5557,1.7014,-1.3738
768.912,10,-37.5457,1.6994,-1.3738
768.924,10,-37.5358,1.6976,-1.3737
768.935,10,-37.5257,1.6956,-1.3737
768.946,10,-37.5156,1.6937,-1.3735
768.958,10,-37.5057,1.6918,-1.3732
768.969,10,-37.4956,1.6901,-1.3729
768.979,10,-37.4856,1.6885,-1.3727
768.990,10,-37.4754,1.6872,-1.3723
769.001,10,-37.4653,1.6859,-1.3719
769.013,10,-37.4550,1.6850,-1.3714
769.024,10,-37.4448,1.6840,-1.3709
769.035,10,-37.4345,1.6836,-1.3702
769.046,10,-37.4242,1.6835,-1.3696
769.057,10,-37.4138,1.6841,-1.3690
769.068,10,-37.4035,1.6852,-1.3682
769.079,10,-37.3933,1.6860,-1.3674
769.090,10,-37.3831,1.6870,-1.3666
769.102,10,-37.3729,1.6883,-1.3658
769.113,10,-37.3631,1.6899,-1.3649
769.123,10,-37.3530,1.6918,-1.3641
769.135,10,-37.3430,1.6937,-1.3634
769.146,10,-37.3330,1.6955,-1.3627
769.157,10,-37.3232,1.6969,-1.3620
769.168,10,-37.3136,1.6980,-1.3616
769.179,10,-37.3039,1.6989,-1.3612
769.191,10,-37.2945,1.6997,-1.3610
769.201,10,-37.2852,1.7005,-1.3606
769.213,10,-37.2760,1.7016,-1.3604
769.224,10,-37.2667,1.7028,-1.3603
769.235,10,-37.2575,1.7039,-1.3602
769.246,10,-37.2484,1.7051,-1.3600
769.257,10,-37.2392,1.7063,-1.3598
769.268,10,-37.2300,1.7078,-1.3597
769.279,10,-37.2210,1.7092,-1.3596
769.290,10,-37.2120,1.7106,-1.3596
769.301,10,-37.2030,1.7119,-1.3596
769.312,10,-37.1942,1.7129,-1.3597
769.324,10,-37.1853,1.7138,-1.3598
769.335,10,-37.1761,1.7147,-1.3600
769.347,10,-37.1670,1.7153,-1.3601
769.357,10,-37.1580,1.7158,-1.3602
769.368,10,-37.1490,1.7160,-1.3603
769.379,10,-37.1400,1.7161,-1.3605
769.390,10,-37.1309,1.7160,-1.3607
769.402,10,-37.1217,1.7158,-1.3609
769.413,10,-37.1126,1.7153,-1.3611
769.423,10,-37.1036,1.7149,-1.3613
769.435,10,-37.0946,1.7143,-1.3616
769.445,10,-37.0853,1.7136,-1.3619
769.456,10,-37.0762,1.7129,-1.3623
769.467,10,-37.0670,1.7119,-1.3627
769.479,10,-37.0578,1.7107,-1.3631
769.490,10,-37.0486,1.7094,-1.3636
769.501,10,-37.0394,1.7077,-1.3642
769.511,10,-37.0302,1.7061,-1.3647
769.523,10,-37.0207,1.7043,-1.3653
769.534,10,-37.0113,1.7028,-1.3660
769.545,10,-37.0017,1.7013,-1.3667
769.556,10,-36.9921,1.6996,-1.3675
769.567,10,-36.9823,1.6979,-1.3684
769.578,10,-36.9726,1.6964,-1.3693
769.590,10,-36.9629,1.6952,-1.3703
769.601,10,-36.9530,1.6943,-1.3713
769.612,10,-36.9431,1.6937,-1.3724
769.624,10,-36.9333,1.6934,-1.3736
769.634,10,-36.9234,1.6937,-1.3749
769.646,10,-36.9134,1.6947,-1.3764
769.657,10,-36.9036,1.6958,-1.3779
769.668,10,-36.8936,1.6973,-1.3794
769.679,10,-36.8838,1.6987,-1.3809
769.690,10,-36.8741,1.7002,-1.3825
769.701,10,-36.8644,1.7018,-1.3839
769.712,10,-36.8549,1.7033,-1.3853
769.724,10,-36.8453,1.7047,-1.3865
769.735,10,-36.8361,1.7058,-1.3875
769.747,10,-36.8270,1.7068,-1.3885
769.757,10,-36.8180,1.7074,-1.3894
769.769,10,-36.8091,1.7079,-1.3903
769.780,10,-36.8005,1.7085,-1.3912
769.791,10,-36.7916,1.7093,-1.3922
769.801,10,-36.7828,1.7104,-1.3931
769.813,10,-36.7740,1.7116,-1.3941
769.824,10,-36.7652,1.7127,-1.3950
769.835,10,-36.7564,1.7140,-1.3958
769.846,10,-36.7478,1.7154,-1.3965
769.858,10,-36.7392,1.7170,-1.3970
769.869,10,-36.7306,1.7184,-1.3976
769.880,10,-36.7221,1.7197,-1.3980
769.892,10,-36.7136,1.7208,-1.3985
769.900,10,-36.7051,1.7217,-1.3991
769.912,10,-36.6966,1.7223,-1.3996
769.923,10,-36.6881,1.7226,-1.4001
769.934,10,-36.6794,1.7228,-1.4007
769.945,10,-36.6706,1.7227,-1.4011
769.956,10,-36.6619,1.7226,-1.4015
769.968,10,-36.6531,1.7223,-1.4020
769.979,10,-36.6443,1.7217,-1.4023
769.990,10,-36.6356,1.7210,-1.4025
770.001,10,-36.6267,1.7203,-1.4028
770.012,10,-36.6178,1.7195,-1.4029
770.023,10,-36.6090,1.7186,-1.4030
770.034,10,-36.6001,1.7175,-1.4030
770.045,10,-36.5912,1.7163,-1.4030
770.057,10,-36.5826,1.7147,-1.4029
770.068,10,-36.5738,1.7129,-1.4027
770.079,10,-36.5651,1.7112,-1.4024
770.090,10,-36.5563,1.7095,-1.4021
770.101,10,-36.5476,1.7079,-1.4019
770.112,10,-36.5388,1.7062,-1.4016
770.123,10,-36.5299,1.7047,-1.4012
770.134,10,-36.5209,1.7034,-1.4008
770.145,10,-36.5117,1.7024,-1.4004
770.156,10,-36.5027,1.7014,-1.4000
770.167,10,-36.4935,1.7006,-1.3995
770.178,10,-36.4844,1.6999,-1.3989
770.189,10,-36.4752,1.6993,-1.3984
770.200,10,-36.4662,1.6993,-1.3979
770.211,10,-36.4571,1.6998,-1.3974
770.222,10,-36.4479,1.7006,-1.3968
770.233,10,-36.4387,1.7013,-1.3961
770.244,10,-36.4296,1.7022,-1.3953
770.256,10,-36.4204,1.7031,-1.3946
770.267,10,-36.4114,1.7042,-1.3940
770.278,10,-36.4024,1.7057,-1.3933
770.289,10,-36.3936,1.7071,-1.3927
770.301,10,-36.3848,1.7087,-1.3922
770.312,10,-36.3762,1.7106,-1.3917
770.323,10,-36.3675,1.7120,-1.3913
770.335,10,-36.3589,1.7134,-1.3910
770.345,10,-36.3504,1.7146,-1.3908
770.356,10,-36.3421,1.7156,-1.3906
770.368,10,-36.3339,1.7166,-1.3904
770.379,10,-36.3256,1.7176,-1.3903
770.390,10,-36.3176,1.7187,-1.3903
770.401,10,-36.3095,1.7198,-1.3903
770.412,10,-36.3014,1.7209,-1.3904
770.423,10,-36.2934,1.7222,-1.3905
770.434,10,-36.2854,1.7237,-1.3906
770.445,10,-36.2773,1.7253,-1.3907
770.456,10,-36.2694,1.7268,-1.3908
770.468,10,-36.2614,1.7283,-1.3910
770.478,10,-36.2536,1.7296,-1.3912
770.490,10,-36.2457,1.7308,-1.3914
770.501,10,-36.2378,1.7319,-1.3916
770.512,10,-36.2300,1.7326,-1.3918
770.523,10,-36.2222,1.7334,-1.3920
770.534,10,-36.2144,1.7339,-1.3924
770.545,10,-36.2066,1.7342,-1.3928
770.556,10,-36.1987,1.7343,-1.3933
770.567,10,-36.1908,1.7343,-1.3940
770.578,10,-36.1830,1.7343,-1.3946
770.589,10,-36.1751,1.7340,-1.3954
770.600,10,-36.1672,1.7336,-1.3963
770.612,10,-36.1593,1.7332,-1.3972
770.623,10,-36.1514,1.7326,-1.3980
770.634,10,-36.1435,1.7318,-1.3990
770.645,10,-36.1355,1.7307,-1.4002
770.657,10,-36.1277,1.7294,-1.4012
770.667,10,-36.1200,1.7280,-1.4023
770.678,10,-36.1121,1.7265,-1.4035
770.689,10,-36.1043,1.7251,-1.4047
770.700,10,-36.0965,1.7236,-1.4060
770.711,10,-36.0886,1.7224,-1.4073
770.723,10,-36.0807,1.7213,-1.4087
770.734,10,-36.0727,1.7202,-1.4101
770.745,10,-36.0647,1.7192,-1.4115
770.756,10,-36.0566,1.7183,-1.4130
770.767,10,-36.0485,1.7175,-1.4146
770.778,10,-36.0404,1.7166,-1.4162
770.790,10,-36.0324,1.7157,-1.4177
770.801,10,-36.0244,1.7150,-1.4193
770.812,10,-36.0165,1.7151,-1.4210
770.823,10,-36.0085,1.7153,-1.4228
770.834,10,-36.0007,1.7156,-1.4245
770.845,10,-35.9929,1.7159,-1.4262
770.856,10,-35.9853,1.7166,-1.4279
770.867,10,-35.9776,1.7178,-1.4299
770.879,10,-35.9699,1.7193,-1.4317
770.889,10,-35.9623,1.7205,-1.4335
770.900,10,-35.9548,1.7219,-1.4351
770.911,10,-35.9473,1.7231,-1.4368
770.923,10,-35.9399,1.7240,-1.4384
770.934,10,-35.9326,1.7245,-1.4400
770.945,10,-35.9254,1.7248,-1.4415
770.956,10,-35.9183,1.7251,-1.4429
770.967,10,-35.9112,1.7253,-1.4443
770.978,10,-35.9043,1.7255,-1.4457
770.989,10,-35.8973,1.7261,-1.4470
771.000,10,-35.8904,1.7265,-1.4484
771.011,10,-35.8834,1.7271,-1.4498
771.022,10,-35.8763,1.7279,-1.4512
771.033,10,-35.8693,1.7290,-1.4524
771.045,10,-35.8623,1.7301,-1.4537
771.056,10,-35.8553,1.7311,-1.4549
771.067,10,-35.8485,1.7320,-1.4562
771.078,10,-35.8417,1.7327,-1.4574
771.089,10,-35.8349,1.7332,-1.4587
771.100,10,-35.8281,1.7336,-1.4600
771.113,10,-35.8213,1.7338,-1.4614
771.123,10,-35.8145,1.7340,-1.4627
771.134,10,-35.8076,1.7341,-1.4640
771.145,10,-35.8009,1.7342,-1.4651
771.156,10,-35.7941,1.7341,-1.4663
771.168,10,-35.7873,1.7339,-1.4675
771.179,10,-35.7805,1.7338,-1.4685
771.190,10,-35.7738,1.7335,-1.4695
771.201,10,-35.7671,1.7331,-1.4703
771.212,10,-35.7604,1.7325,-1.4712
771.223,10,-35.7537,1.7317,-1.4719
771.234,10,-35.7471,1.7308,-1.4727
771.246,10,-35.7404,1.7298,-1.4734
771.256,10,-35.7338,1.7289,-1.4740
771.267,10,-35.7271,1.7278,-1.4746
771.278,10,-35.7205,1.7268,-1.4751
771.290,10,-35.7135,1.7258,-1.4756
771.301,10,-35.7065,1.7247,-1.4759
771.313,10,-35.6995,1.7235,-1.4762
771.325,10,-35.6925,1.7222,-1.4764
771.337,10,-35.6855,1.7211,-1.4765
771.348,10,-35.6785,1.7202,-1.4765
771.359,10,-35.6715,1.7195,-1.4765
771.371,10,-35.6646,1.7186,-1.4766
771.383,10,-35.6576,1.7177,-1.4764
771.394,10,-35.6508,1.7168,-1.4763
771.406,10,-35.6439,1.7164,-1.4760
771.418,10,-35.6368,1.7166,-1.4757
771.429,10,-35.6297,1.7170,-1.4753
771.441,10,-35.6227,1.7174,-1.4748
771.452,10,-35.6157,1.7179,-1.4744
771.464,10,-35.6087,1.7189,-1.4739
771.476,10,-35.6017,1.7203,-1.4734
771.487,10,-35.5947,1.7219,-1.4729
771.498,10,-35.5880,1.7235,-1.4724
771.510,10,-35.5812,1.7249,-1.4719
771.522,10,-35.5746,1.7262,-1.4714
771.533,10,-35.5681,1.7273,-1.4710
771.545,10,-35.5617,1.7285,-1.4705
771.556,10,-35.5556,1.7295,-1.4701
771.568,10,-35.5494,1.7304,-1.4699
771.579,10,-35.5435,1.7310,-1.4697
771.590,10,-35.5378,1.7313,-1.4694
771.601,10,-35.5321,1.7316,-1.4693
771.612,10,-35.5264,1.7320,-1.4692
771.624,10,-35.5207,1.7325,-1.4691
771.635,10,-35.5151,1.7332,-1.4691
771.646,10,-35.5095,1.7339,-1.4689
771.657,10,-35.5039,1.7349,-1.4690
771.668,10,-35.4986,1.7358,-1.4690
771.680,10,-35.4933,1.7366,-1.4691
771.691,10,-35.4882,1.7374,-1.4692
771.702,10,-35.4832,1.7382,-1.4692
771.714,10,-35.4783,1.7389,-1.4694
771.726,10,-35.4735,1.7395,-1.4695
771.736,10,-35.4684,1.7401,-1.4699
771.748,10,-35.4635,1.7407,-1.4699
771.759,10,-35.4586,1.7413,-1.4701
771.771,10,-35.4539,1.7418,-1.4701
771.782,10,-35.4492,1.7422,-1.4704
771.794,10,-35.4447,1.7424,-1.4707
771.805,10,-35.4402,1.7425,-1.4708
771.817,10,-35.4357,1.7426,-1.4711
771.829,10,-35.4314,1.7424,-1.4713
771.841,10,-35.4272,1.7423,-1.4715
771.852,10,-35.4231,1.7422,-1.4717
771.864,10,-35.4190,1.7420,-1.4719
771.876,10,-35.4150,1.7416,-1.4722
771.888,10,-35.4111,1.7409,-1.4726
771.900,10,-35.4074,1.7403,-1.4729
771.913,10,-35.4039,1.7397,-1.4734
771.921,10,-35.4002,1.7393,-1.4738
771.934,10,-35.3969,1.7391,-1.4742
771.941,10,-35.3933,1.7391,-1.4747
771.956,10,-35.3899,1.7395,-1.4754
771.968,10,-35.3864,1.7401,-1.4761
771.979,10,-35.3829,1.7405,-1.4769
771.987,10,-35.3794,1.7407,-1.4777
772.002,10,-35.3760,1.7412,-1.4786
772.013,10,-35.3728,1.7417,-1.4796
772.025,10,-35.3696,1.7423,-1.4804
772.033,10,-35.3664,1.7429,-1.4814
772.047,10,-35.3634,1.7435,-1.4823
772.055,10,-35.3603,1.7442,-1.4834
772.068,10,-35.3573,1.7447,-1.4844
772.080,10,-35.3543,1.7452,-1.4853
772.088,10,-35.3513,1.7456,-1.4862
772.103,10,-35.3485,1.7456,-1.4872
772.110,10,-35.3454,1.7457,-1.4881
772.125,10,-35.3426,1.7453,-1.4890
772.137,10,-35.3397,1.7451,-1.4898
772.149,10,-35.3368,1.7450,-1.4906
772.160,10,-35.3340,1.7450,-1.4913
772.173,10,-35.3312,1.7450,-1.4919
772.180,10,-35.3283,1.7449,-1.4926
772.195,10,-35.3257,1.7445,-1.4933
772.207,10,-35.3231,1.7440,-1.4939
772.219,10,-35.3206,1.7436,-1.4943
772.230,10,-35.3182,1.7431,-1.4950
772.238,10,-35.3158,1.7426,-1.4955
772.253,10,-35.3136,1.7422,-1.4960
772.265,10,-35.3115,1.7419,-1.4963
772.273,10,-35.3092,1.7416,-1.4971
772.305,10,-35.3074,1.7420,-1.4973
772.410,10,-35.3050,1.7422,-1.4965
772.516,10,-35.3020,1.7434,-1.4979
772.663,10,-35.2723,1.7459,-1.4940
772.678,10,-35.2674,1.7467,-1.4910
772.684,10,-35.2670,1.7468,-1.4907
772.700,10,-35.2662,1.7468,-1.4905
772.706,10,-35.2658,1.7470,-1.4905
772.721,10,-35.2649,1.7472,-1.4902
772.727,10,-35.2646,1.7471,-1.4900
772.741,10,-35.2637,1.7470,-1.4895
772.753,10,-35.2631,1.7468,-1.4891
772.765,10,-35.2624,1.7466,-1.4887
772.777,10,-35.2618,1.7463,-1.4885
772.788,10,-35.2611,1.7459,-1.4884
772.800,10,-35.2605,1.7455,-1.4881
