timestamp                                        , trial, HMD_x   , HMD_y , HMD_z
# --- Trial 1 start ---
932.855                                          ,     11, -39.8307, 1.8051, -1.3994
932.998                                          ,     11, -39.8316, 1.8039, -1.3983
933.034                                          ,     11, -39.8323, 1.8038, -1.3979
933.050                                          ,     11, -39.8331, 1.8038, -1.3975
933.064                                          ,     11, -39.8333, 1.8037, -1.3975
933.078                                          ,     11, -39.8336, 1.8037, -1.3974
933.095                                          ,     11, -39.8341, 1.8036, -1.3972
933.110                                          ,     11, -39.8343, 1.8035, -1.3971
933.124                                          ,     11, -39.8347, 1.8035, -1.3969
933.139                                          ,     11, -39.8353, 1.8033, -1.3966
933.155                                          ,     11, -39.8357, 1.8033, -1.3965
933.173                                          ,     11, -39.8364, 1.8032, -1.3962
933.190                                          ,     11, -39.8370, 1.8032, -1.3960
933.205                                          ,     11, -39.8374, 1.8032, -1.3959
933.219                                          ,     11, -39.8378, 1.8032, -1.3957
933.234                                          ,     11, -39.8385, 1.8032, -1.3954
933.249                                          ,     11, -39.8388, 1.8033, -1.3953
933.264                                          ,     11, -39.8392, 1.8034, -1.3951
933.280                                          ,     11, -39.8399, 1.8034, -1.3945
933.293                                          ,     11, -39.8403, 1.8035, -1.3944
933.309                                          ,     11, -39.8407, 1.8036, -1.3943
933.324                                          ,     11, -39.8414, 1.8037, -1.3940
933.338                                          ,     11, -39.8418, 1.8037, -1.3939
933.355                                          ,     11, -39.8420, 1.8037, -1.3937
933.370                                          ,     11, -39.8426, 1.8038, -1.3934
933.384                                          ,     11, -39.8427, 1.8038, -1.3933
933.398                                          ,     11, -39.8429, 1.8037, -1.3932
933.412                                          ,     11, -39.8432, 1.8037, -1.3929
933.427                                          ,     11, -39.8434, 1.8036, -1.3928
933.442                                          ,     11, -39.8434, 1.8035, -1.3926
933.457                                          ,     11, -39.8433, 1.8036, -1.3925
933.473                                          ,     11, -39.8434, 1.8034, -1.3925
933.487                                          ,     11, -39.8435, 1.8033, -1.3923
933.501                                          ,     11, -39.8435, 1.8032, -1.3923
933.516                                          ,     11, -39.8433, 1.8032, -1.3922
933.530                                          ,     11, -39.8431, 1.8030, -1.3922
933.544                                          ,     11, -39.8428, 1.8030, -1.3922
933.559                                          ,     11, -39.8425, 1.8028, -1.3923
933.579                                          ,     11, -39.8421, 1.8027, -1.3925
933.601                                          ,     11, -39.8412, 1.8026, -1.3929
933.621                                          ,     11, -39.8402, 1.8026, -1.3934
933.645                                          ,     11, -39.8390, 1.8023, -1.3942
933.668                                          ,     11, -39.8377, 1.8020, -1.3950
933.689                                          ,     11, -39.8361, 1.8017, -1.3961
933.712                                          ,     11, -39.8345, 1.8012, -1.3972
933.734                                          ,     11, -39.8328, 1.8008, -1.3985
933.758                                          ,     11, -39.8310, 1.8003, -1.4000
933.779                                          ,     11, -39.8290, 1.7998, -1.4016
933.802                                          ,     11, -39.8267, 1.7993, -1.4033
933.832                                          ,     11, -39.8246, 1.7986, -1.4055
933.854                                          ,     11, -39.8225, 1.7979, -1.4075
933.876                                          ,     11, -39.8203, 1.7974, -1.4096
933.890                                          ,     11, -39.8181, 1.7969, -1.4117
933.914                                          ,     11, -39.8159, 1.7964, -1.4142
933.936                                          ,     11, -39.8137, 1.7958, -1.4168
933.959                                          ,     11, -39.8116, 1.7953, -1.4196
933.991                                          ,     11, -39.8093, 1.7949, -1.4228
934.012                                          ,     11, -39.8068, 1.7946, -1.4258
934.027                                          ,     11, -39.8056, 1.7944, -1.4274
934.043                                          ,     11, -39.8043, 1.7942, -1.4292
934.061                                          ,     11, -39.8029, 1.7941, -1.4309
934.076                                          ,     11, -39.7991, 1.7935, -1.4358
934.092                                          ,     11, -39.7977, 1.7933, -1.4376
934.106                                          ,     11, -39.7963, 1.7934, -1.4393
934.122                                          ,     11, -39.7950, 1.7932, -1.4410
934.140                                          ,     11, -39.7924, 1.7930, -1.4445
934.155                                          ,     11, -39.7897, 1.7927, -1.4480
934.171                                          ,     11, -39.7883, 1.7927, -1.4498
934.187                                          ,     11, -39.7855, 1.7925, -1.4533
934.201                                          ,     11, -39.7840, 1.7925, -1.4550
934.217                                          ,     11, -39.7825, 1.7925, -1.4566
934.232                                          ,     11, -39.7809, 1.7924, -1.4581
934.247                                          ,     11, -39.7781, 1.7924, -1.4612
934.262                                          ,     11, -39.7766, 1.7924, -1.4625
934.278                                          ,     11, -39.7752, 1.7923, -1.4636
934.293                                          ,     11, -39.7722, 1.7923, -1.4661
934.308                                          ,     11, -39.7707, 1.7924, -1.4669
934.323                                          ,     11, -39.7690, 1.7923, -1.4677
934.340                                          ,     11, -39.7658, 1.7924, -1.4693
934.356                                          ,     11, -39.7628, 1.7924, -1.4707
934.372                                          ,     11, -39.7613, 1.7923, -1.4709
934.387                                          ,     11, -39.7599, 1.7923, -1.4710
934.402                                          ,     11, -39.7586, 1.7922, -1.4710
934.418                                          ,     11, -39.7559, 1.7923, -1.4713
934.434                                          ,     11, -39.7545, 1.7925, -1.4708
934.453                                          ,     11, -39.7520, 1.7929, -1.4702
934.469                                          ,     11, -39.7496, 1.7932, -1.4695
934.485                                          ,     11, -39.7475, 1.7934, -1.4682
934.501                                          ,     11, -39.7455, 1.7936, -1.4668
934.525                                          ,     11, -39.7441, 1.7939, -1.4648
934.547                                          ,     11, -39.7429, 1.7941, -1.4625
934.571                                          ,     11, -39.7419, 1.7944, -1.4599
934.592                                          ,     11, -39.7411, 1.7949, -1.4572
934.623                                          ,     11, -39.7406, 1.7953, -1.4538
934.643                                          ,     11, -39.7400, 1.7955, -1.4506
934.660                                          ,     11, -39.7394, 1.7957, -1.4470
934.681                                          ,     11, -39.7383, 1.7964, -1.4431
934.702                                          ,     11, -39.7371, 1.7970, -1.4388
934.725                                          ,     11, -39.7357, 1.7976, -1.4339
934.746                                          ,     11, -39.7342, 1.7984, -1.4288
934.768                                          ,     11, -39.7326, 1.7991, -1.4233
934.791                                          ,     11, -39.7308, 1.7993, -1.4178
934.814                                          ,     11, -39.7290, 1.7989, -1.4124
934.835                                          ,     11, -39.7267, 1.7985, -1.4071
934.857                                          ,     11, -39.7238, 1.7987, -1.4019
934.879                                          ,     11, -39.7205, 1.7993, -1.3972
934.902                                          ,     11, -39.7168, 1.7992, -1.3932
934.932                                          ,     11, -39.7149, 1.7979, -1.3924
934.946                                          ,     11, -39.7135, 1.7966, -1.3911
934.960                                          ,     11, -39.7122, 1.7952, -1.3899
934.975                                          ,     11, -39.7094, 1.7932, -1.3871
934.989                                          ,     11, -39.7064, 1.7916, -1.3847
935.004                                          ,     11, -39.7049, 1.7916, -1.3842
935.019                                          ,     11, -39.7034, 1.7921, -1.3839
935.034                                          ,     11, -39.7020, 1.7924, -1.3834
935.049                                          ,     11, -39.6992, 1.7923, -1.3823
935.064                                          ,     11, -39.6981, 1.7923, -1.3823
935.080                                          ,     11, -39.6957, 1.7923, -1.3816
935.095                                          ,     11, -39.6947, 1.7926, -1.3818
935.109                                          ,     11, -39.6936, 1.7928, -1.3818
935.125                                          ,     11, -39.6911, 1.7930, -1.3816
935.140                                          ,     11, -39.6897, 1.7930, -1.3818
935.155                                          ,     11, -39.6884, 1.7929, -1.3818
935.172                                          ,     11, -39.6857, 1.7925, -1.3820
935.186                                          ,     11, -39.6844, 1.7921, -1.3823
935.202                                          ,     11, -39.6817, 1.7912, -1.3825
935.218                                          ,     11, -39.6804, 1.7905, -1.3829
935.233                                          ,     11, -39.6779, 1.7893, -1.3834
935.248                                          ,     11, -39.6767, 1.7886, -1.3839
935.262                                          ,     11, -39.6755, 1.7879, -1.3844
935.278                                          ,     11, -39.6744, 1.7872, -1.3849
935.294                                          ,     11, -39.6725, 1.7858, -1.3857
935.309                                          ,     11, -39.6709, 1.7842, -1.3868
935.324                                          ,     11, -39.6695, 1.7827, -1.3880
935.346                                          ,     11, -39.6689, 1.7813, -1.3900
935.369                                          ,     11, -39.6693, 1.7787, -1.3927
935.391                                          ,     11, -39.6636, 1.7866, -1.3952
935.414                                          ,     11, -39.6599, 1.8002, -1.3989
935.435                                          ,     11, -39.6575, 1.7989, -1.4028
935.457                                          ,     11, -39.6549, 1.7956, -1.4068
935.479                                          ,     11, -39.6524, 1.7960, -1.4111
935.503                                          ,     11, -39.6499, 1.7965, -1.4150
935.525                                          ,     11, -39.6468, 1.7955, -1.4194
935.548                                          ,     11, -39.6430, 1.7941, -1.4228
935.569                                          ,     11, -39.6394, 1.7940, -1.4265
935.592                                          ,     11, -39.6352, 1.7948, -1.4305
935.613                                          ,     11, -39.6304, 1.7955, -1.4344
935.636                                          ,     11, -39.6256, 1.7955, -1.4369
935.660                                          ,     11, -39.6208, 1.7959, -1.4395
935.682                                          ,     11, -39.6156, 1.7959, -1.4417
935.704                                          ,     11, -39.6103, 1.7951, -1.4438
935.726                                          ,     11, -39.6049, 1.7941, -1.4461
935.749                                          ,     11, -39.5994, 1.7934, -1.4487
935.771                                          ,     11, -39.5963, 1.7926, -1.4497
935.787                                          ,     11, -39.5931, 1.7915, -1.4505
935.805                                          ,     11, -39.5899, 1.7905, -1.4515
935.820                                          ,     11, -39.5808, 1.7883, -1.4550
935.835                                          ,     11, -39.5773, 1.7873, -1.4557
935.854                                          ,     11, -39.5735, 1.7865, -1.4559
935.869                                          ,     11, -39.5659, 1.7857, -1.4574
935.884                                          ,     11, -39.5614, 1.7856, -1.4577
935.899                                          ,     11, -39.5568, 1.7858, -1.4584
935.914                                          ,     11, -39.5523, 1.7859, -1.4587
935.929                                          ,     11, -39.5433, 1.7857, -1.4594
935.943                                          ,     11, -39.5344, 1.7854, -1.4595
935.957                                          ,     11, -39.5292, 1.7850, -1.4595
935.973                                          ,     11, -39.5239, 1.7848, -1.4596
935.987                                          ,     11, -39.5185, 1.7840, -1.4594
936.006                                          ,     11, -39.5081, 1.7830, -1.4592
936.023                                          ,     11, -39.4975, 1.7815, -1.4586
936.036                                          ,     11, -39.4918, 1.7805, -1.4583
936.051                                          ,     11, -39.4856, 1.7793, -1.4577
936.065                                          ,     11, -39.4793, 1.7783, -1.4575
936.080                                          ,     11, -39.4731, 1.7770, -1.4568
936.096                                          ,     11, -39.4612, 1.7745, -1.4555
936.111                                          ,     11, -39.4547, 1.7732, -1.4548
936.125                                          ,     11, -39.4478, 1.7719, -1.4540
936.141                                          ,     11, -39.4341, 1.7695, -1.4527
936.156                                          ,     11, -39.4133, 1.7659, -1.4500
936.176                                          ,     11, -39.3983, 1.7631, -1.4471
936.201                                          ,     11, -39.3826, 1.7609, -1.4442
936.223                                          ,     11, -39.3658, 1.7589, -1.4412
936.242                                          ,     11, -39.3483, 1.7577, -1.4373
936.268                                          ,     11, -39.3306, 1.7568, -1.4328
936.290                                          ,     11, -39.3129, 1.7564, -1.4282
936.313                                          ,     11, -39.2944, 1.7579, -1.4234
936.336                                          ,     11, -39.2764, 1.7601, -1.4182
936.357                                          ,     11, -39.2587, 1.7641, -1.4135
936.381                                          ,     11, -39.2422, 1.7696, -1.4098
936.402                                          ,     11, -39.2275, 1.7731, -1.4065
936.425                                          ,     11, -39.2146, 1.7758, -1.4043
936.447                                          ,     11, -39.2019, 1.7786, -1.4035
936.468                                          ,     11, -39.1887, 1.7827, -1.4036
936.490                                          ,     11, -39.1756, 1.7863, -1.4038
936.513                                          ,     11, -39.1620, 1.7889, -1.4046
936.535                                          ,     11, -39.1475, 1.7913, -1.4056
936.557                                          ,     11, -39.1325, 1.7922, -1.4063
936.582                                          ,     11, -39.1167, 1.7916, -1.4070
936.603                                          ,     11, -39.1009, 1.7908, -1.4080
936.625                                          ,     11, -39.0843, 1.7893, -1.4096
936.657                                          ,     11, -39.0675, 1.7865, -1.4107
936.678                                          ,     11, -39.0587, 1.7848, -1.4116
936.948                                          ,     11, -38.8367, 1.7589, -1.4458
936.962                                          ,     11, -38.8161, 1.7625, -1.4498
936.976                                          ,     11, -38.8062, 1.7651, -1.4515
936.990                                          ,     11, -38.7964, 1.7679, -1.4532
937.004                                          ,     11, -38.7771, 1.7715, -1.4565
937.018                                          ,     11, -38.7681, 1.7726, -1.4579
937.033                                          ,     11, -38.7594, 1.7736, -1.4589
937.046                                          ,     11, -38.7507, 1.7749, -1.4598
937.062                                          ,     11, -38.7328, 1.7783, -1.4614
937.076                                          ,     11, -38.7242, 1.7801, -1.4617
937.091                                          ,     11, -38.7065, 1.7836, -1.4626
937.106                                          ,     11, -38.6977, 1.7856, -1.4625
937.123                                          ,     11, -38.6801, 1.7896, -1.4625
937.141                                          ,     11, -38.6716, 1.7916, -1.4621
937.155                                          ,     11, -38.6629, 1.7929, -1.4619
937.170                                          ,     11, -38.6544, 1.7939, -1.4617
937.184                                          ,     11, -38.6370, 1.7959, -1.4615
937.199                                          ,     11, -38.6193, 1.7974, -1.4614
937.214                                          ,     11, -38.6104, 1.7974, -1.4613
937.229                                          ,     11, -38.6022, 1.7972, -1.4612
937.244                                          ,     11, -38.5846, 1.7971, -1.4612
937.258                                          ,     11, -38.5757, 1.7963, -1.4612
937.272                                          ,     11, -38.5667, 1.7953, -1.4613
937.288                                          ,     11, -38.5484, 1.7936, -1.4612
937.303                                          ,     11, -38.5391, 1.7921, -1.4610
937.318                                          ,     11, -38.5297, 1.7904, -1.4610
937.333                                          ,     11, -38.5110, 1.7875, -1.4610
937.349                                          ,     11, -38.5015, 1.7851, -1.4609
937.364                                          ,     11, -38.4922, 1.7826, -1.4607
937.378                                          ,     11, -38.4734, 1.7782, -1.4605
937.393                                          ,     11, -38.4639, 1.7751, -1.4597
937.409                                          ,     11, -38.4542, 1.7724, -1.4592
937.429                                          ,     11, -38.4346, 1.7682, -1.4580
937.446                                          ,     11, -38.4146, 1.7647, -1.4568
937.461                                          ,     11, -38.4042, 1.7634, -1.4557
937.476                                          ,     11, -38.3939, 1.7621, -1.4547
937.490                                          ,     11, -38.3732, 1.7598, -1.4529
937.505                                          ,     11, -38.3625, 1.7599, -1.4518
937.520                                          ,     11, -38.3520, 1.7602, -1.4506
937.535                                          ,     11, -38.3411, 1.7616, -1.4495
937.551                                          ,     11, -38.3194, 1.7640, -1.4474
937.566                                          ,     11, -38.2974, 1.7680, -1.4456
937.580                                          ,     11, -38.2862, 1.7716, -1.4447
937.596                                          ,     11, -38.2757, 1.7745, -1.4441
937.611                                          ,     11, -38.2552, 1.7773, -1.4427
937.626                                          ,     11, -38.2459, 1.7777, -1.4423
937.640                                          ,     11, -38.2362, 1.7786, -1.4422
937.656                                          ,     11, -38.2164, 1.7816, -1.4424
937.672                                          ,     11, -38.2067, 1.7837, -1.4431
937.688                                          ,     11, -38.1876, 1.7870, -1.4440
937.704                                          ,     11, -38.1783, 1.7887, -1.4449
937.718                                          ,     11, -38.1688, 1.7903, -1.4460
937.734                                          ,     11, -38.1497, 1.7935, -1.4479
937.749                                          ,     11, -38.1402, 1.7944, -1.4492
937.764                                          ,     11, -38.1310, 1.7948, -1.4505
937.779                                          ,     11, -38.1119, 1.7959, -1.4528
937.795                                          ,     11, -38.1024, 1.7958, -1.4541
937.812                                          ,     11, -38.0831, 1.7957, -1.4565
937.827                                          ,     11, -38.0732, 1.7951, -1.4578
937.842                                          ,     11, -38.0539, 1.7940, -1.4601
937.857                                          ,     11, -38.0442, 1.7926, -1.4612
937.872                                          ,     11, -38.0343, 1.7910, -1.4624
937.890                                          ,     11, -38.0143, 1.7887, -1.4650
937.907                                          ,     11, -38.0038, 1.7869, -1.4664
937.920                                          ,     11, -37.9940, 1.7851, -1.4677
937.934                                          ,     11, -37.9740, 1.7819, -1.4705
937.949                                          ,     11, -37.9640, 1.7798, -1.4719
937.963                                          ,     11, -37.9540, 1.7778, -1.4734
937.977                                          ,     11, -37.9436, 1.7755, -1.4750
937.995                                          ,     11, -37.9231, 1.7714, -1.4782
938.010                                          ,     11, -37.9023, 1.7679, -1.4817
938.023                                          ,     11, -37.8918, 1.7663, -1.4837
938.037                                          ,     11, -37.8711, 1.7631, -1.4877
938.051                                          ,     11, -37.8502, 1.7602, -1.4916
938.065                                          ,     11, -37.8288, 1.7583, -1.4959
938.088                                          ,     11, -37.8078, 1.7587, -1.5005
938.111                                          ,     11, -37.7872, 1.7619, -1.5047
938.133                                          ,     11, -37.7673, 1.7664, -1.5090
938.156                                          ,     11, -37.7477, 1.7712, -1.5127
938.178                                          ,     11, -37.7290, 1.7754, -1.5154
938.209                                          ,     11, -37.7120, 1.7793, -1.5168
938.230                                          ,     11, -37.6944, 1.7835, -1.5177
938.244                                          ,     11, -37.6769, 1.7877, -1.5181
938.267                                          ,     11, -37.6598, 1.7929, -1.5169
938.288                                          ,     11, -37.6422, 1.7984, -1.5160
938.313                                          ,     11, -37.6250, 1.8018, -1.5147
938.334                                          ,     11, -37.6075, 1.8031, -1.5133
938.364                                          ,     11, -37.5895, 1.8025, -1.5118
938.386                                          ,     11, -37.5717, 1.8015, -1.5107
938.400                                          ,     11, -37.5538, 1.8007, -1.5096
938.423                                          ,     11, -37.5348, 1.7976, -1.5084
938.445                                          ,     11, -37.5153, 1.7946, -1.5074
938.468                                          ,     11, -37.4956, 1.7908, -1.5065
938.491                                          ,     11, -37.4758, 1.7864, -1.5056
938.514                                          ,     11, -37.4557, 1.7815, -1.5043
938.536                                          ,     11, -37.4453, 1.7786, -1.5033
938.552                                          ,     11, -37.4348, 1.7762, -1.5024
938.566                                          ,     11, -37.4245, 1.7737, -1.5013
938.581                                          ,     11, -37.4142, 1.7720, -1.4999
938.596                                          ,     11, -37.4037, 1.7707, -1.4984
938.609                                          ,     11, -37.3727, 1.7658, -1.4949
938.622                                          ,     11, -37.3621, 1.7646, -1.4930
938.639                                          ,     11, -37.3519, 1.7638, -1.4910
938.662                                          ,     11, -37.3314, 1.7625, -1.4874
938.684                                          ,     11, -37.3096, 1.7635, -1.4835
938.701                                          ,     11, -37.2881, 1.7659, -1.4798
938.716                                          ,     11, -37.2775, 1.7683, -1.4779
938.730                                          ,     11, -37.2668, 1.7709, -1.4762
938.746                                          ,     11, -37.2456, 1.7759, -1.4729
938.760                                          ,     11, -37.2356, 1.7784, -1.4716
938.775                                          ,     11, -37.2159, 1.7806, -1.4690
938.788                                          ,     11, -37.2065, 1.7806, -1.4684
938.804                                          ,     11, -37.1977, 1.7814, -1.4685
938.820                                          ,     11, -37.1888, 1.7834, -1.4689
938.835                                          ,     11, -37.1701, 1.7869, -1.4685
938.850                                          ,     11, -37.1611, 1.7890, -1.4691
938.864                                          ,     11, -37.1518, 1.7911, -1.4696
938.880                                          ,     11, -37.1329, 1.7952, -1.4704
938.894                                          ,     11, -37.1240, 1.7972, -1.4711
938.909                                          ,     11, -37.1151, 1.7982, -1.4721
938.925                                          ,     11, -37.0968, 1.8001, -1.4735
938.940                                          ,     11, -37.0876, 1.8000, -1.4745
938.954                                          ,     11, -37.0695, 1.8009, -1.4759
938.969                                          ,     11, -37.0511, 1.8010, -1.4773
938.988                                          ,     11, -37.0330, 1.8000, -1.4790
939.009                                          ,     11, -37.0143, 1.7977, -1.4806
939.033                                          ,     11, -36.9956, 1.7944, -1.4817
939.054                                          ,     11, -36.9765, 1.7911, -1.4831
939.076                                          ,     11, -36.9570, 1.7874, -1.4846
939.098                                          ,     11, -36.9375, 1.7829, -1.4860
939.121                                          ,     11, -36.9180, 1.7782, -1.4875
939.143                                          ,     11, -36.8983, 1.7737, -1.4891
939.174                                          ,     11, -36.8788, 1.7701, -1.4914
939.195                                          ,     11, -36.8598, 1.7679, -1.4939
939.217                                          ,     11, -36.8404, 1.7661, -1.4967
939.231                                          ,     11, -36.8212, 1.7646, -1.4995
939.254                                          ,     11, -36.8024, 1.7646, -1.5025
939.276                                          ,     11, -36.7831, 1.7684, -1.5058
939.299                                          ,     11, -36.7639, 1.7741, -1.5091
939.329                                          ,     11, -36.7459, 1.7798, -1.5118
939.351                                          ,     11, -36.7291, 1.7823, -1.5137
939.365                                          ,     11, -36.7126, 1.7837, -1.5155
939.390                                          ,     11, -36.6973, 1.7854, -1.5160
939.412                                          ,     11, -36.6819, 1.7888, -1.5158
939.435                                          ,     11, -36.6668, 1.7924, -1.5148
939.458                                          ,     11, -36.6595, 1.7950, -1.5135
939.473                                          ,     11, -36.6519, 1.7973, -1.5129
939.488                                          ,     11, -36.6442, 1.7989, -1.5121
939.502                                          ,     11, -36.6291, 1.8015, -1.5109
939.517                                          ,     11, -36.6137, 1.8036, -1.5096
939.531                                          ,     11, -36.6064, 1.8040, -1.5085
939.548                                          ,     11, -36.5988, 1.8040, -1.5074
939.563                                          ,     11, -36.5919, 1.8040, -1.5065
939.578                                          ,     11, -36.5765, 1.8042, -1.5048
939.593                                          ,     11, -36.5685, 1.8034, -1.5039
939.608                                          ,     11, -36.5526, 1.8027, -1.5020
939.629                                          ,     11, -36.5442, 1.8011, -1.5010
939.645                                          ,     11, -36.5358, 1.8000, -1.4996
939.660                                          ,     11, -36.5195, 1.7981, -1.4978
939.676                                          ,     11, -36.5110, 1.7963, -1.4967
939.692                                          ,     11, -36.4942, 1.7935, -1.4946
939.707                                          ,     11, -36.4856, 1.7916, -1.4934
939.721                                          ,     11, -36.4768, 1.7897, -1.4920
939.736                                          ,     11, -36.4682, 1.7877, -1.4906
939.751                                          ,     11, -36.4510, 1.7842, -1.4881
939.766                                          ,     11, -36.4335, 1.7810, -1.4853
939.780                                          ,     11, -36.4245, 1.7798, -1.4836
939.794                                          ,     11, -36.4157, 1.7788, -1.4817
939.808                                          ,     11, -36.4069, 1.7775, -1.4799
939.825                                          ,     11, -36.3892, 1.7750, -1.4761
939.839                                          ,     11, -36.3805, 1.7743, -1.4740
939.852                                          ,     11, -36.3629, 1.7727, -1.4701
939.867                                          ,     11, -36.3452, 1.7720, -1.4658
939.888                                          ,     11, -36.3273, 1.7743, -1.4613
939.912                                          ,     11, -36.3095, 1.7787, -1.4567
939.933                                          ,     11, -36.2919, 1.7845, -1.4524
939.963                                          ,     11, -36.2750, 1.7919, -1.4489
939.984                                          ,     11, -36.2589, 1.7950, -1.4461
939.999                                          ,     11, -36.2428, 1.7969, -1.4439
940.021                                          ,     11, -36.2275, 1.7978, -1.4433
940.043                                          ,     11, -36.2121, 1.7999, -1.4433
940.065                                          ,     11, -36.1965, 1.8020, -1.4440
940.088                                          ,     11, -36.1810, 1.8051, -1.4451
940.118                                          ,     11, -36.1656, 1.8069, -1.4469
940.141                                          ,     11, -36.1507, 1.8072, -1.4486
940.154                                          ,     11, -36.1354, 1.8079, -1.4498
940.177                                          ,     11, -36.1209, 1.8076, -1.4513
940.199                                          ,     11, -36.1063, 1.8068, -1.4526
940.221                                          ,     11, -36.0914, 1.8055, -1.4540
940.244                                          ,     11, -36.0761, 1.8039, -1.4550
940.265                                          ,     11, -36.0606, 1.8021, -1.4563
940.288                                          ,     11, -36.0450, 1.7997, -1.4576
940.312                                          ,     11, -36.0294, 1.7964, -1.4588
940.334                                          ,     11, -36.0214, 1.7941, -1.4593
940.350                                          ,     11, -36.0133, 1.7923, -1.4600
940.365                                          ,     11, -36.0053, 1.7906, -1.4606
940.379                                          ,     11, -35.9897, 1.7880, -1.4619
940.393                                          ,     11, -35.9814, 1.7872, -1.4628
940.406                                          ,     11, -35.9732, 1.7865, -1.4638
940.424                                          ,     11, -35.9648, 1.7857, -1.4648
940.440                                          ,     11, -35.9485, 1.7838, -1.4669
940.455                                          ,     11, -35.9403, 1.7831, -1.4683
940.473                                          ,     11, -35.9240, 1.7820, -1.4708
940.487                                          ,     11, -35.9158, 1.7815, -1.4722
940.501                                          ,     11, -35.9078, 1.7811, -1.4736
940.516                                          ,     11, -35.8915, 1.7808, -1.4762
940.530                                          ,     11, -35.8832, 1.7824, -1.4777
940.544                                          ,     11, -35.8752, 1.7840, -1.4792
940.559                                          ,     11, -35.8590, 1.7858, -1.4818
940.577                                          ,     11, -35.8429, 1.7894, -1.4846
940.596                                          ,     11, -35.8355, 1.7920, -1.4860
940.610                                          ,     11, -35.8201, 1.7948, -1.4885
940.625                                          ,     11, -35.8131, 1.7957, -1.4896
940.640                                          ,     11, -35.8064, 1.7958, -1.4905
940.653                                          ,     11, -35.7919, 1.7967, -1.4922
940.667                                          ,     11, -35.7852, 1.7967, -1.4925
940.683                                          ,     11, -35.7786, 1.7973, -1.4926
940.709                                          ,     11, -35.7579, 1.7993, -1.4934
940.723                                          ,     11, -35.7441, 1.8014, -1.4938
940.744                                          ,     11, -35.7304, 1.8039, -1.4933
940.766                                          ,     11, -35.7170, 1.8051, -1.4926
940.788                                          ,     11, -35.7039, 1.8058, -1.4918
940.809                                          ,     11, -35.6908, 1.8064, -1.4909
940.832                                          ,     11, -35.6779, 1.8065, -1.4898
940.854                                          ,     11, -35.6650, 1.8059, -1.4888
940.877                                          ,     11, -35.6519, 1.8047, -1.4880
940.899                                          ,     11, -35.6386, 1.8034, -1.4871
940.921                                          ,     11, -35.6251, 1.8020, -1.4866
940.944                                          ,     11, -35.6113, 1.7998, -1.4861
940.966                                          ,     11, -35.5977, 1.7975, -1.4853
940.989                                          ,     11, -35.5842, 1.7948, -1.4846
941.011                                          ,     11, -35.5709, 1.7918, -1.4835
941.034                                          ,     11, -35.5576, 1.7889, -1.4823
941.064                                          ,     11, -35.5441, 1.7871, -1.4807
941.085                                          ,     11, -35.5308, 1.7852, -1.4790
941.100                                          ,     11, -35.5177, 1.7833, -1.4773
941.123                                          ,     11, -35.5047, 1.7818, -1.4751
941.146                                          ,     11, -35.4920, 1.7801, -1.4729
941.169                                          ,     11, -35.4793, 1.7793, -1.4705
941.192                                          ,     11, -35.4734, 1.7819, -1.4692
941.207                                          ,     11, -35.4671, 1.7833, -1.4678
941.220                                          ,     11, -35.4609, 1.7848, -1.4664
941.233                                          ,     11, -35.4547, 1.7867, -1.4652
941.245                                          ,     11, -35.4485, 1.7887, -1.4638
941.259                                          ,     11, -35.4422, 1.7910, -1.4624
941.272                                          ,     11, -35.4298, 1.7942, -1.4597
941.285                                          ,     11, -35.4239, 1.7956, -1.4585
941.299                                          ,     11, -35.4182, 1.7964, -1.4575
941.313                                          ,     11, -35.4129, 1.7970, -1.4569
941.326                                          ,     11, -35.4013, 1.7984, -1.4554
941.341                                          ,     11, -35.3957, 1.7985, -1.4553
941.355                                          ,     11, -35.3903, 1.7988, -1.4554
941.373                                          ,     11, -35.3793, 1.7998, -1.4555
941.389                                          ,     11, -35.3740, 1.8002, -1.4561
941.402                                          ,     11, -35.3688, 1.8007, -1.4565
941.415                                          ,     11, -35.3585, 1.8019, -1.4573
941.428                                          ,     11, -35.3539, 1.8027, -1.4583
941.441                                          ,     11, -35.3494, 1.8031, -1.4592
941.454                                          ,     11, -35.3449, 1.8036, -1.4600
941.468                                          ,     11, -35.3408, 1.8039, -1.4611
941.481                                          ,     11, -35.3365, 1.8045, -1.4618
941.494                                          ,     11, -35.3233, 1.8061, -1.4643
941.509                                          ,     11, -35.3195, 1.8064, -1.4650
941.526                                          ,     11, -35.3161, 1.8065, -1.4657
941.541                                          ,     11, -35.3128, 1.8064, -1.4662
941.554                                          ,     11, -35.3093, 1.8064, -1.4668
941.569                                          ,     11, -35.3018, 1.8065, -1.4679
941.582                                          ,     11, -35.2984, 1.8064, -1.4685
941.596                                          ,     11, -35.2954, 1.8064, -1.4699
941.611                                          ,     11, -35.2925, 1.8060, -1.4710
941.624                                          ,     11, -35.2862, 1.8058, -1.4722
941.641                                          ,     11, -35.2802, 1.8055, -1.4736
941.657                                          ,     11, -35.2752, 1.8051, -1.4754
941.675                                          ,     11, -35.2707, 1.8049, -1.4776
941.705                                          ,     11, -35.2677, 1.8053, -1.4790
941.726                                          ,     11, -35.2645, 1.8060, -1.4811
941.742                                          ,     11, -35.2613, 1.8065, -1.4835
941.761                                          ,     11, -35.2585, 1.8075, -1.4855
941.787                                          ,     11, -35.2564, 1.8082, -1.4886
941.809                                          ,     11, -35.2540, 1.8091, -1.4908
941.832                                          ,     11, -35.2523, 1.8094, -1.4939
941.854                                          ,     11, -35.2505, 1.8102, -1.4965
941.876                                          ,     11, -35.2491, 1.8111, -1.4990
941.899                                          ,     11, -35.2477, 1.8125, -1.5015
941.920                                          ,     11, -35.2468, 1.8137, -1.5047
941.942                                          ,     11, -35.2455, 1.8145, -1.5068
941.966                                          ,     11, -35.2445, 1.8151, -1.5091
941.987                                          ,     11, -35.2432, 1.8155, -1.5114
942.010                                          ,     11, -35.2420, 1.8157, -1.5130
942.028                                          ,     11, -35.2406, 1.8158, -1.5147
942.055                                          ,     11, -35.2393, 1.8155, -1.5162
942.079                                          ,     11, -35.2381, 1.8153, -1.5178
942.101                                          ,     11, -35.2368, 1.8152, -1.5190
942.119                                          ,     11, -35.2356, 1.8152, -1.5203
942.147                                          ,     11, -35.2343, 1.8151, -1.5211
942.175                                          ,     11, -35.2329, 1.8153, -1.5211
942.196                                          ,     11, -35.2315, 1.8152, -1.5211
942.212                                          ,     11, -35.2301, 1.8151, -1.5213
942.234                                          ,     11, -35.2289, 1.8150, -1.5212
942.256                                          ,     11, -35.2277, 1.8148, -1.5209
942.278                                          ,     11, -35.2263, 1.8147, -1.5202
942.301                                          ,     11, -35.2251, 1.8146, -1.5201
942.323                                          ,     11, -35.2239, 1.8145, -1.5197
942.344                                          ,     11, -35.2235, 1.8144, -1.5196
942.368                                          ,     11, -35.2231, 1.8143, -1.5194
942.383                                          ,     11, -35.2227, 1.8143, -1.5193
942.396                                          ,     11, -35.2223, 1.8142, -1.5194
942.409                                          ,     11, -35.2219, 1.8142, -1.5191
942.421                                          ,     11, -35.2215, 1.8143, -1.5190
942.436                                          ,     11, -35.2206, 1.8142, -1.5185
942.450                                          ,     11, -35.2203, 1.8141, -1.5184
942.462                                          ,     11, -35.2200, 1.8141, -1.5182
942.481                                          ,     11, -35.2194, 1.8141, -1.5180
942.497                                          ,     11, -35.2191, 1.8141, -1.5178
942.514                                          ,     11, -35.2187, 1.8140, -1.5181
942.527                                          ,     11, -35.2186, 1.8140, -1.5183

# --- Trial 2 start ---
952.413                                          ,     12, -39.7912, 1.8149, -1.3763
952.529                                          ,     12, -39.7941, 1.8148, -1.3807
952.567                                          ,     12, -39.7961, 1.8147, -1.3818
952.582                                          ,     12, -39.7983, 1.8147, -1.3823
952.596                                          ,     12, -39.7990, 1.8149, -1.3820
952.611                                          ,     12, -39.8000, 1.8152, -1.3817
952.626                                          ,     12, -39.8010, 1.8154, -1.3810
952.640                                          ,     12, -39.8020, 1.8159, -1.3801
952.657                                          ,     12, -39.8029, 1.8165, -1.3790
952.681                                          ,     12, -39.8038, 1.8169, -1.3772
952.713                                          ,     12, -39.8042, 1.8169, -1.3751
952.734                                          ,     12, -39.8045, 1.8169, -1.3731
952.748                                          ,     12, -39.8047, 1.8169, -1.3712
952.771                                          ,     12, -39.8045, 1.8171, -1.3691
952.793                                          ,     12, -39.8040, 1.8172, -1.3666
952.815                                          ,     12, -39.8036, 1.8171, -1.3641
952.839                                          ,     12, -39.8032, 1.8171, -1.3615
952.859                                          ,     12, -39.8026, 1.8171, -1.3587
952.882                                          ,     12, -39.8019, 1.8172, -1.3558
952.906                                          ,     12, -39.8011, 1.8171, -1.3529
952.926                                          ,     12, -39.8004, 1.8169, -1.3499
952.948                                          ,     12, -39.7996, 1.8167, -1.3468
952.970                                          ,     12, -39.7985, 1.8163, -1.3435
952.994                                          ,     12, -39.7977, 1.8160, -1.3401
953.024                                          ,     12, -39.7968, 1.8156, -1.3363
953.046                                          ,     12, -39.7954, 1.8152, -1.3326
953.060                                          ,     12, -39.7943, 1.8148, -1.3289
953.083                                          ,     12, -39.7930, 1.8140, -1.3252
953.106                                          ,     12, -39.7922, 1.8135, -1.3232
953.122                                          ,     12, -39.7914, 1.8128, -1.3213
953.137                                          ,     12, -39.7906, 1.8121, -1.3195
953.151                                          ,     12, -39.7897, 1.8113, -1.3178
953.165                                          ,     12, -39.7879, 1.8099, -1.3143
953.180                                          ,     12, -39.7869, 1.8092, -1.3128
953.194                                          ,     12, -39.7849, 1.8082, -1.3096
953.209                                          ,     12, -39.7837, 1.8078, -1.3083
953.224                                          ,     12, -39.7825, 1.8073, -1.3071
953.240                                          ,     12, -39.7803, 1.8060, -1.3045
953.255                                          ,     12, -39.7792, 1.8053, -1.3037
953.271                                          ,     12, -39.7772, 1.8044, -1.3019
953.286                                          ,     12, -39.7761, 1.8043, -1.3013
953.302                                          ,     12, -39.7751, 1.8045, -1.3010
953.322                                          ,     12, -39.7730, 1.8045, -1.3003
953.338                                          ,     12, -39.7711, 1.8042, -1.2996
953.353                                          ,     12, -39.7702, 1.8042, -1.2997
953.368                                          ,     12, -39.7692, 1.8044, -1.2999
953.387                                          ,     12, -39.7669, 1.8048, -1.3000
953.402                                          ,     12, -39.7657, 1.8049, -1.3004
953.418                                          ,     12, -39.7631, 1.8050, -1.3009
953.434                                          ,     12, -39.7617, 1.8049, -1.3014
953.449                                          ,     12, -39.7590, 1.8047, -1.3020
953.465                                          ,     12, -39.7575, 1.8045, -1.3025
953.484                                          ,     12, -39.7533, 1.8040, -1.3037
953.511                                          ,     12, -39.7505, 1.8032, -1.3048
953.526                                          ,     12, -39.7478, 1.8027, -1.3058
953.549                                          ,     12, -39.7456, 1.8020, -1.3070
953.571                                          ,     12, -39.7442, 1.8006, -1.3082
953.593                                          ,     12, -39.7438, 1.7988, -1.3092
953.616                                          ,     12, -39.7443, 1.7972, -1.3104
953.645                                          ,     12, -39.7458, 1.7962, -1.3120
953.667                                          ,     12, -39.7466, 1.7946, -1.3138
953.681                                          ,     12, -39.7471, 1.7931, -1.3157
953.704                                          ,     12, -39.7433, 1.8055, -1.3180
953.726                                          ,     12, -39.7422, 1.8140, -1.3212
953.749                                          ,     12, -39.7405, 1.8119, -1.3243
953.772                                          ,     12, -39.7392, 1.8092, -1.3271
953.793                                          ,     12, -39.7384, 1.8093, -1.3305
953.817                                          ,     12, -39.7371, 1.8082, -1.3336
953.838                                          ,     12, -39.7354, 1.8066, -1.3367
953.859                                          ,     12, -39.7332, 1.8049, -1.3395
953.882                                          ,     12, -39.7317, 1.8046, -1.3425
953.905                                          ,     12, -39.7298, 1.8054, -1.3460
953.927                                          ,     12, -39.7278, 1.8062, -1.3487
953.948                                          ,     12, -39.7261, 1.8070, -1.3509
953.972                                          ,     12, -39.7242, 1.8079, -1.3533
953.995                                          ,     12, -39.7229, 1.8082, -1.3540
954.013                                          ,     12, -39.7216, 1.8080, -1.3552
954.028                                          ,     12, -39.7193, 1.8077, -1.3571
954.044                                          ,     12, -39.7181, 1.8075, -1.3585
954.061                                          ,     12, -39.7159, 1.8074, -1.3608
954.077                                          ,     12, -39.7146, 1.8072, -1.3620
954.092                                          ,     12, -39.7121, 1.8068, -1.3639
954.112                                          ,     12, -39.7107, 1.8063, -1.3650
954.129                                          ,     12, -39.7093, 1.8061, -1.3666
954.145                                          ,     12, -39.7069, 1.8062, -1.3690
954.160                                          ,     12, -39.7056, 1.8062, -1.3701
954.175                                          ,     12, -39.7031, 1.8060, -1.3725
954.191                                          ,     12, -39.7016, 1.8057, -1.3737
954.205                                          ,     12, -39.7002, 1.8055, -1.3750
954.220                                          ,     12, -39.6975, 1.8054, -1.3775
954.236                                          ,     12, -39.6947, 1.8050, -1.3795
954.250                                          ,     12, -39.6933, 1.8049, -1.3811
954.266                                          ,     12, -39.6917, 1.8044, -1.3823
954.281                                          ,     12, -39.6885, 1.8039, -1.3853
954.297                                          ,     12, -39.6868, 1.8037, -1.3868
954.311                                          ,     12, -39.6853, 1.8035, -1.3883
954.327                                          ,     12, -39.6824, 1.8030, -1.3910
954.342                                          ,     12, -39.6807, 1.8027, -1.3924
954.358                                          ,     12, -39.6773, 1.8024, -1.3953
954.373                                          ,     12, -39.6735, 1.8019, -1.3982
954.389                                          ,     12, -39.6697, 1.8015, -1.4009
954.413                                          ,     12, -39.6658, 1.8011, -1.4035
954.444                                          ,     12, -39.6613, 1.8012, -1.4063
954.466                                          ,     12, -39.6565, 1.8009, -1.4087
954.481                                          ,     12, -39.6521, 1.8004, -1.4106
954.504                                          ,     12, -39.6470, 1.7997, -1.4124
954.526                                          ,     12, -39.6411, 1.7990, -1.4145
954.549                                          ,     12, -39.6346, 1.7978, -1.4159
954.570                                          ,     12, -39.6282, 1.7965, -1.4167
954.592                                          ,     12, -39.6217, 1.7958, -1.4175
954.614                                          ,     12, -39.6145, 1.7954, -1.4181
954.636                                          ,     12, -39.6068, 1.7948, -1.4181
954.658                                          ,     12, -39.5992, 1.7942, -1.4180
954.681                                          ,     12, -39.5908, 1.7935, -1.4179
954.703                                          ,     12, -39.5817, 1.7925, -1.4175
954.727                                          ,     12, -39.5720, 1.7911, -1.4165
954.756                                          ,     12, -39.5614, 1.7895, -1.4156
954.779                                          ,     12, -39.5508, 1.7877, -1.4146
954.792                                          ,     12, -39.5405, 1.7861, -1.4136
954.816                                          ,     12, -39.5285, 1.7839, -1.4118
954.839                                          ,     12, -39.5159, 1.7821, -1.4103
954.863                                          ,     12, -39.5088, 1.7813, -1.4088
954.879                                          ,     12, -39.5021, 1.7804, -1.4074
954.895                                          ,     12, -39.4890, 1.7789, -1.4050
954.911                                          ,     12, -39.4756, 1.7777, -1.4025
954.923                                          ,     12, -39.4686, 1.7772, -1.4011
954.943                                          ,     12, -39.4612, 1.7770, -1.3992
954.958                                          ,     12, -39.4543, 1.7765, -1.3972
954.973                                          ,     12, -39.4473, 1.7762, -1.3953
954.988                                          ,     12, -39.4332, 1.7753, -1.3916
955.002                                          ,     12, -39.4189, 1.7744, -1.3879
955.018                                          ,     12, -39.4114, 1.7749, -1.3856
955.035                                          ,     12, -39.4038, 1.7762, -1.3831
955.054                                          ,     12, -39.3889, 1.7784, -1.3789
955.070                                          ,     12, -39.3738, 1.7814, -1.3745
955.084                                          ,     12, -39.3660, 1.7843, -1.3727
955.101                                          ,     12, -39.3584, 1.7879, -1.3709
955.116                                          ,     12, -39.3438, 1.7920, -1.3670
955.131                                          ,     12, -39.3369, 1.7932, -1.3655
955.147                                          ,     12, -39.3301, 1.7936, -1.3641
955.162                                          ,     12, -39.3162, 1.7946, -1.3615
955.177                                          ,     12, -39.3098, 1.7944, -1.3608
955.192                                          ,     12, -39.2965, 1.7952, -1.3591
955.207                                          ,     12, -39.2902, 1.7955, -1.3592
955.222                                          ,     12, -39.2836, 1.7958, -1.3593
955.237                                          ,     12, -39.2702, 1.7967, -1.3589
955.252                                          ,     12, -39.2635, 1.7973, -1.3594
955.267                                          ,     12, -39.2502, 1.7988, -1.3596
955.281                                          ,     12, -39.2369, 1.8000, -1.3600
955.304                                          ,     12, -39.2234, 1.8009, -1.3612
955.323                                          ,     12, -39.2095, 1.8018, -1.3623
955.348                                          ,     12, -39.1955, 1.8022, -1.3636
955.378                                          ,     12, -39.1808, 1.8015, -1.3651
955.400                                          ,     12, -39.1659, 1.8005, -1.3666
955.415                                          ,     12, -39.1506, 1.7993, -1.3679
955.436                                          ,     12, -39.1346, 1.7972, -1.3694
955.459                                          ,     12, -39.1178, 1.7946, -1.3710
955.482                                          ,     12, -39.1005, 1.7920, -1.3726
955.504                                          ,     12, -39.0825, 1.7889, -1.3744
955.525                                          ,     12, -39.0643, 1.7852, -1.3763
955.549                                          ,     12, -39.0456, 1.7810, -1.3787
955.569                                          ,     12, -39.0269, 1.7775, -1.3814
955.592                                          ,     12, -39.0079, 1.7740, -1.3846
955.615                                          ,     12, -38.9892, 1.7706, -1.3882
955.637                                          ,     12, -38.9703, 1.7683, -1.3921
955.659                                          ,     12, -38.9515, 1.7675, -1.3964
955.690                                          ,     12, -38.9319, 1.7716, -1.4008
955.712                                          ,     12, -38.9128, 1.7765, -1.4046
955.726                                          ,     12, -38.8935, 1.7809, -1.4082
955.750                                          ,     12, -38.8844, 1.7850, -1.4096
955.765                                          ,     12, -38.8756, 1.7865, -1.4107
955.780                                          ,     12, -38.8670, 1.7870, -1.4119
955.794                                          ,     12, -38.8498, 1.7885, -1.4142
955.808                                          ,     12, -38.8417, 1.7892, -1.4149
955.823                                          ,     12, -38.8337, 1.7902, -1.4151
955.841                                          ,     12, -38.8170, 1.7923, -1.4157
955.857                                          ,     12, -38.8087, 1.7933, -1.4155
955.872                                          ,     12, -38.8003, 1.7947, -1.4153
955.887                                          ,     12, -38.7836, 1.7978, -1.4155
955.901                                          ,     12, -38.7752, 1.7994, -1.4152
955.915                                          ,     12, -38.7583, 1.8016, -1.4151
955.929                                          ,     12, -38.7499, 1.8020, -1.4147
955.944                                          ,     12, -38.7412, 1.8019, -1.4143
955.959                                          ,     12, -38.7324, 1.8018, -1.4139
955.974                                          ,     12, -38.7151, 1.8023, -1.4134
955.988                                          ,     12, -38.7063, 1.8019, -1.4130
956.002                                          ,     12, -38.6972, 1.8010, -1.4127
956.016                                          ,     12, -38.6792, 1.7998, -1.4121
956.031                                          ,     12, -38.6697, 1.7981, -1.4117
956.047                                          ,     12, -38.6601, 1.7964, -1.4112
956.063                                          ,     12, -38.6413, 1.7938, -1.4105
956.078                                          ,     12, -38.6315, 1.7918, -1.4102
956.094                                          ,     12, -38.6121, 1.7882, -1.4094
956.110                                          ,     12, -38.5923, 1.7839, -1.4084
956.125                                          ,     12, -38.5726, 1.7795, -1.4072
956.157                                          ,     12, -38.5519, 1.7736, -1.4051
956.178                                          ,     12, -38.5315, 1.7690, -1.4030
956.194                                          ,     12, -38.5109, 1.7655, -1.4007
956.216                                          ,     12, -38.4900, 1.7623, -1.3978
956.236                                          ,     12, -38.4692, 1.7595, -1.3944
956.260                                          ,     12, -38.4487, 1.7584, -1.3908
956.282                                          ,     12, -38.4275, 1.7597, -1.3871
956.304                                          ,     12, -38.4062, 1.7639, -1.3838
956.327                                          ,     12, -38.3848, 1.7700, -1.3807
956.349                                          ,     12, -38.3632, 1.7781, -1.3781
956.371                                          ,     12, -38.3428, 1.7832, -1.3763
956.393                                          ,     12, -38.3231, 1.7847, -1.3754
956.415                                          ,     12, -38.3044, 1.7867, -1.3760
956.438                                          ,     12, -38.2861, 1.7899, -1.3777
956.468                                          ,     12, -38.2676, 1.7933, -1.3801
956.490                                          ,     12, -38.2481, 1.7975, -1.3822
956.504                                          ,     12, -38.2292, 1.8011, -1.3842
956.528                                          ,     12, -38.2103, 1.8027, -1.3874
956.550                                          ,     12, -38.1914, 1.8030, -1.3903
956.574                                          ,     12, -38.1722, 1.8022, -1.3933
956.596                                          ,     12, -38.1628, 1.8007, -1.3948
956.611                                          ,     12, -38.1532, 1.7996, -1.3962
956.626                                          ,     12, -38.1431, 1.7982, -1.3977
956.640                                          ,     12, -38.1329, 1.7965, -1.3991
956.657                                          ,     12, -38.1126, 1.7937, -1.4019
956.671                                          ,     12, -38.1022, 1.7919, -1.4034
956.686                                          ,     12, -38.0819, 1.7884, -1.4063
956.701                                          ,     12, -38.0715, 1.7859, -1.4078
956.714                                          ,     12, -38.0609, 1.7835, -1.4093
956.730                                          ,     12, -38.0407, 1.7792, -1.4122
956.743                                          ,     12, -38.0300, 1.7767, -1.4138
956.757                                          ,     12, -38.0192, 1.7744, -1.4155
956.775                                          ,     12, -37.9975, 1.7704, -1.4190
956.794                                          ,     12, -37.9865, 1.7694, -1.4211
956.807                                          ,     12, -37.9761, 1.7685, -1.4231
956.822                                          ,     12, -37.9547, 1.7660, -1.4270
956.838                                          ,     12, -37.9436, 1.7654, -1.4292
956.852                                          ,     12, -37.9326, 1.7653, -1.4315
956.869                                          ,     12, -37.9111, 1.7654, -1.4357
956.887                                          ,     12, -37.8895, 1.7683, -1.4402
956.901                                          ,     12, -37.8790, 1.7709, -1.4424
956.916                                          ,     12, -37.8684, 1.7735, -1.4445
956.932                                          ,     12, -37.8582, 1.7759, -1.4466
956.945                                          ,     12, -37.8382, 1.7788, -1.4505
956.959                                          ,     12, -37.8291, 1.7801, -1.4519
956.972                                          ,     12, -37.8104, 1.7817, -1.4550
956.990                                          ,     12, -37.7921, 1.7838, -1.4573
957.013                                          ,     12, -37.7750, 1.7875, -1.4583
957.034                                          ,     12, -37.7581, 1.7907, -1.4588
957.057                                          ,     12, -37.7414, 1.7941, -1.4588
957.079                                          ,     12, -37.7244, 1.7982, -1.4586
957.110                                          ,     12, -37.7077, 1.8002, -1.4578
957.131                                          ,     12, -37.6903, 1.8016, -1.4574
957.146                                          ,     12, -37.6731, 1.8027, -1.4569
957.167                                          ,     12, -37.6555, 1.8026, -1.4562
957.190                                          ,     12, -37.6372, 1.8014, -1.4554
957.213                                          ,     12, -37.6187, 1.7991, -1.4549
957.235                                          ,     12, -37.6004, 1.7961, -1.4542
957.267                                          ,     12, -37.5810, 1.7916, -1.4536
957.288                                          ,     12, -37.5619, 1.7875, -1.4530
957.303                                          ,     12, -37.5427, 1.7836, -1.4522
957.325                                          ,     12, -37.5223, 1.7787, -1.4511
957.348                                          ,     12, -37.5017, 1.7740, -1.4497
957.371                                          ,     12, -37.4808, 1.7705, -1.4477
957.393                                          ,     12, -37.4601, 1.7680, -1.4457
957.416                                          ,     12, -37.4389, 1.7655, -1.4429
957.438                                          ,     12, -37.4179, 1.7641, -1.4400
957.460                                          ,     12, -37.4074, 1.7652, -1.4382
957.477                                          ,     12, -37.3969, 1.7673, -1.4367
957.491                                          ,     12, -37.3866, 1.7691, -1.4354
957.505                                          ,     12, -37.3656, 1.7716, -1.4327
957.519                                          ,     12, -37.3555, 1.7744, -1.4315
957.535                                          ,     12, -37.3454, 1.7780, -1.4305
957.551                                          ,     12, -37.3254, 1.7824, -1.4286
957.571                                          ,     12, -37.3063, 1.7848, -1.4271
957.587                                          ,     12, -37.2978, 1.7853, -1.4273
957.601                                          ,     12, -37.2890, 1.7869, -1.4276
957.614                                          ,     12, -37.2706, 1.7903, -1.4279
957.630                                          ,     12, -37.2617, 1.7923, -1.4289
957.644                                          ,     12, -37.2431, 1.7959, -1.4302
957.658                                          ,     12, -37.2337, 1.7983, -1.4317
957.674                                          ,     12, -37.2246, 1.8009, -1.4332
957.689                                          ,     12, -37.2152, 1.8028, -1.4348
957.703                                          ,     12, -37.2060, 1.8040, -1.4363
957.723                                          ,     12, -37.1878, 1.8056, -1.4393
957.739                                          ,     12, -37.1696, 1.8069, -1.4423
957.753                                          ,     12, -37.1605, 1.8068, -1.4441
957.767                                          ,     12, -37.1513, 1.8063, -1.4457
957.782                                          ,     12, -37.1420, 1.8056, -1.4474
957.797                                          ,     12, -37.1235, 1.8047, -1.4507
957.810                                          ,     12, -37.1143, 1.8033, -1.4525
957.824                                          ,     12, -37.0861, 1.8009, -1.4574
957.844                                          ,     12, -37.0671, 1.7975, -1.4609
957.869                                          ,     12, -37.0478, 1.7936, -1.4647
957.891                                          ,     12, -37.0287, 1.7890, -1.4685
957.912                                          ,     12, -37.0096, 1.7843, -1.4722
957.934                                          ,     12, -36.9903, 1.7792, -1.4760
957.956                                          ,     12, -36.9705, 1.7752, -1.4802
957.979                                          ,     12, -36.9506, 1.7733, -1.4846
958.001                                          ,     12, -36.9304, 1.7717, -1.4891
958.023                                          ,     12, -36.9095, 1.7709, -1.4939
958.045                                          ,     12, -36.8884, 1.7714, -1.4989
958.067                                          ,     12, -36.8676, 1.7747, -1.5038
958.090                                          ,     12, -36.8473, 1.7804, -1.5087
958.112                                          ,     12, -36.8275, 1.7856, -1.5130
958.134                                          ,     12, -36.8082, 1.7903, -1.5169
958.157                                          ,     12, -36.7904, 1.7929, -1.5201
958.180                                          ,     12, -36.7728, 1.7945, -1.5221
958.210                                          ,     12, -36.7568, 1.7972, -1.5230
958.233                                          ,     12, -36.7403, 1.8001, -1.5239
958.255                                          ,     12, -36.7239, 1.8034, -1.5245
958.269                                          ,     12, -36.7073, 1.8065, -1.5255
958.292                                          ,     12, -36.6913, 1.8085, -1.5258
958.315                                          ,     12, -36.6758, 1.8091, -1.5258
958.338                                          ,     12, -36.6684, 1.8083, -1.5258
958.358                                          ,     12, -36.6608, 1.8079, -1.5259
958.377                                          ,     12, -36.6450, 1.8077, -1.5264
958.392                                          ,     12, -36.6369, 1.8072, -1.5266
958.406                                          ,     12, -36.6289, 1.8067, -1.5269
958.421                                          ,     12, -36.6127, 1.8058, -1.5273
958.434                                          ,     12, -36.6044, 1.8049, -1.5276
958.448                                          ,     12, -36.5880, 1.8034, -1.5280
958.463                                          ,     12, -36.5796, 1.8020, -1.5280
958.477                                          ,     12, -36.5714, 1.8004, -1.5280
958.492                                          ,     12, -36.5546, 1.7977, -1.5280
958.507                                          ,     12, -36.5460, 1.7956, -1.5278
958.520                                          ,     12, -36.5374, 1.7937, -1.5276
958.534                                          ,     12, -36.5286, 1.7918, -1.5273
958.550                                          ,     12, -36.5113, 1.7883, -1.5268
958.563                                          ,     12, -36.5026, 1.7865, -1.5263
958.577                                          ,     12, -36.4936, 1.7849, -1.5257
958.592                                          ,     12, -36.4755, 1.7825, -1.5247
958.607                                          ,     12, -36.4664, 1.7818, -1.5239
958.621                                          ,     12, -36.4574, 1.7807, -1.5229
958.640                                          ,     12, -36.4392, 1.7787, -1.5207
958.655                                          ,     12, -36.4209, 1.7771, -1.5185
958.676                                          ,     12, -36.4117, 1.7771, -1.5167
958.691                                          ,     12, -36.3936, 1.7774, -1.5140
958.704                                          ,     12, -36.3754, 1.7788, -1.5112
958.721                                          ,     12, -36.3575, 1.7811, -1.5084
958.745                                          ,     12, -36.3394, 1.7873, -1.5053
958.768                                          ,     12, -36.3217, 1.7947, -1.5031
958.790                                          ,     12, -36.3053, 1.7969, -1.5016
958.812                                          ,     12, -36.2891, 1.7973, -1.5012
958.834                                          ,     12, -36.2733, 1.7993, -1.5020
958.856                                          ,     12, -36.2575, 1.8015, -1.5031
958.879                                          ,     12, -36.2416, 1.8037, -1.5053
958.903                                          ,     12, -36.2252, 1.8069, -1.5077
958.923                                          ,     12, -36.2092, 1.8094, -1.5100
958.946                                          ,     12, -36.1940, 1.8101, -1.5131
958.968                                          ,     12, -36.1786, 1.8104, -1.5157
958.998                                          ,     12, -36.1634, 1.8100, -1.5178
959.019                                          ,     12, -36.1478, 1.8091, -1.5200
959.032                                          ,     12, -36.1321, 1.8084, -1.5221
959.055                                          ,     12, -36.1164, 1.8066, -1.5238
959.078                                          ,     12, -36.1004, 1.8043, -1.5254
959.101                                          ,     12, -36.0841, 1.8016, -1.5271
959.123                                          ,     12, -36.0682, 1.7985, -1.5287
959.147                                          ,     12, -36.0521, 1.7950, -1.5303
959.169                                          ,     12, -36.0361, 1.7911, -1.5321
959.191                                          ,     12, -36.0282, 1.7890, -1.5333
959.208                                          ,     12, -36.0202, 1.7880, -1.5345
959.223                                          ,     12, -36.0121, 1.7872, -1.5357
959.235                                          ,     12, -35.9961, 1.7849, -1.5381
959.249                                          ,     12, -35.9877, 1.7843, -1.5396
959.263                                          ,     12, -35.9795, 1.7838, -1.5411
959.279                                          ,     12, -35.9713, 1.7837, -1.5427
959.297                                          ,     12, -35.9550, 1.7832, -1.5456
959.313                                          ,     12, -35.9468, 1.7840, -1.5471
959.327                                          ,     12, -35.9387, 1.7855, -1.5486
959.341                                          ,     12, -35.9225, 1.7872, -1.5513
959.355                                          ,     12, -35.9143, 1.7891, -1.5527
959.368                                          ,     12, -35.8979, 1.7924, -1.5555
959.382                                          ,     12, -35.8899, 1.7954, -1.5569
959.396                                          ,     12, -35.8821, 1.7979, -1.5582
959.410                                          ,     12, -35.8744, 1.7999, -1.5594
959.424                                          ,     12, -35.8667, 1.8013, -1.5606
959.438                                          ,     12, -35.8517, 1.8034, -1.5628
959.452                                          ,     12, -35.8445, 1.8036, -1.5635
959.466                                          ,     12, -35.8375, 1.8036, -1.5641
959.481                                          ,     12, -35.8230, 1.8046, -1.5656
959.495                                          ,     12, -35.8160, 1.8051, -1.5649
959.507                                          ,     12, -35.8091, 1.8054, -1.5651
959.524                                          ,     12, -35.8023, 1.8056, -1.5649
959.539                                          ,     12, -35.7885, 1.8068, -1.5653
959.553                                          ,     12, -35.7750, 1.8080, -1.5653
959.568                                          ,     12, -35.7618, 1.8090, -1.5650
959.592                                          ,     12, -35.7494, 1.8096, -1.5637
959.621                                          ,     12, -35.7374, 1.8106, -1.5619
959.643                                          ,     12, -35.7252, 1.8112, -1.5603
959.656                                          ,     12, -35.7128, 1.8117, -1.5588
959.680                                          ,     12, -35.7004, 1.8114, -1.5567
959.702                                          ,     12, -35.6878, 1.8111, -1.5547
959.725                                          ,     12, -35.6750, 1.8099, -1.5525
959.747                                          ,     12, -35.6621, 1.8083, -1.5503
959.777                                          ,     12, -35.6491, 1.8059, -1.5480
959.798                                          ,     12, -35.6363, 1.8035, -1.5456
959.812                                          ,     12, -35.6234, 1.8013, -1.5433
959.835                                          ,     12, -35.6103, 1.7985, -1.5405
959.859                                          ,     12, -35.5975, 1.7951, -1.5373
959.881                                          ,     12, -35.5849, 1.7924, -1.5337
959.903                                          ,     12, -35.5727, 1.7906, -1.5300
959.933                                          ,     12, -35.5608, 1.7886, -1.5253
959.955                                          ,     12, -35.5491, 1.7871, -1.5207
959.968                                          ,     12, -35.5375, 1.7857, -1.5162
959.992                                          ,     12, -35.5263, 1.7872, -1.5114
960.015                                          ,     12, -35.5155, 1.7898, -1.5065
960.037                                          ,     12, -35.5044, 1.7931, -1.5014
960.059                                          ,     12, -35.4990, 1.7969, -1.4989
960.079                                          ,     12, -35.4935, 1.8002, -1.4967
960.092                                          ,     12, -35.4881, 1.8023, -1.4946
960.105                                          ,     12, -35.4827, 1.8038, -1.4926
960.118                                          ,     12, -35.4775, 1.8048, -1.4908
960.131                                          ,     12, -35.4668, 1.8070, -1.4871
960.144                                          ,     12, -35.4614, 1.8075, -1.4859
960.156                                          ,     12, -35.4561, 1.8081, -1.4846
960.172                                          ,     12, -35.4459, 1.8090, -1.4825
960.184                                          ,     12, -35.4406, 1.8093, -1.4817
960.197                                          ,     12, -35.4352, 1.8095, -1.4810
960.211                                          ,     12, -35.4298, 1.8100, -1.4805
960.228                                          ,     12, -35.4246, 1.8106, -1.4803
960.243                                          ,     12, -35.4143, 1.8117, -1.4795
960.256                                          ,     12, -35.4095, 1.8121, -1.4794
960.270                                          ,     12, -35.4046, 1.8124, -1.4795
960.282                                          ,     12, -35.3948, 1.8133, -1.4792
960.301                                          ,     12, -35.3904, 1.8135, -1.4796
960.317                                          ,     12, -35.3812, 1.8142, -1.4798
960.334                                          ,     12, -35.3728, 1.8145, -1.4803
960.352                                          ,     12, -35.3691, 1.8142, -1.4808
960.369                                          ,     12, -35.3608, 1.8140, -1.4812
960.387                                          ,     12, -35.3574, 1.8136, -1.4815
960.406                                          ,     12, -35.3498, 1.8129, -1.4819
960.424                                          ,     12, -35.3424, 1.8121, -1.4825
960.442                                          ,     12, -35.3394, 1.8118, -1.4831
960.460                                          ,     12, -35.3330, 1.8111, -1.4838
960.478                                          ,     12, -35.3267, 1.8106, -1.4852
960.494                                          ,     12, -35.3213, 1.8100, -1.4868
960.511                                          ,     12, -35.3162, 1.8095, -1.4885
960.549                                          ,     12, -35.3130, 1.8093, -1.4904
960.570                                          ,     12, -35.3092, 1.8090, -1.4922
960.586                                          ,     12, -35.3055, 1.8089, -1.4944
960.601                                          ,     12, -35.3020, 1.8090, -1.4963
960.625                                          ,     12, -35.2996, 1.8089, -1.4985
960.642                                          ,     12, -35.2971, 1.8102, -1.5014
960.667                                          ,     12, -35.2955, 1.8124, -1.5041
960.691                                          ,     12, -35.2944, 1.8138, -1.5077
960.713                                          ,     12, -35.2935, 1.8155, -1.5109
960.740                                          ,     12, -35.2932, 1.8172, -1.5147
960.763                                          ,     12, -35.2923, 1.8186, -1.5176
960.778                                          ,     12, -35.2913, 1.8197, -1.5206
960.801                                          ,     12, -35.2902, 1.8206, -1.5233
960.825                                          ,     12, -35.2892, 1.8211, -1.5261
960.845                                          ,     12, -35.2877, 1.8212, -1.5274
960.868                                          ,     12, -35.2862, 1.8214, -1.5288
960.896                                          ,     12, -35.2847, 1.8213, -1.5303
960.919                                          ,     12, -35.2832, 1.8212, -1.5320
960.936                                          ,     12, -35.2816, 1.8209, -1.5335
960.952                                          ,     12, -35.2801, 1.8206, -1.5346
960.978                                          ,     12, -35.2785, 1.8200, -1.5354
961.001                                          ,     12, -35.2767, 1.8195, -1.5357
961.024                                          ,     12, -35.2749, 1.8192, -1.5360
961.046                                          ,     12, -35.2731, 1.8190, -1.5363
961.068                                          ,     12, -35.2714, 1.8188, -1.5365
961.090                                          ,     12, -35.2696, 1.8189, -1.5371
961.112                                          ,     12, -35.2680, 1.8187, -1.5373
961.135                                          ,     12, -35.2664, 1.8184, -1.5375
961.158                                          ,     12, -35.2650, 1.8181, -1.5376
961.180                                          ,     12, -35.2639, 1.8178, -1.5377
961.202                                          ,     12, -35.2628, 1.8174, -1.5381
961.224                                          ,     12, -35.2619, 1.8174, -1.5384
961.241                                          ,     12, -35.2608, 1.8173, -1.5385
961.268                                          ,     12, -35.2601, 1.8172, -1.5384
961.291                                          ,     12, -35.2599, 1.8173, -1.5384
961.312                                          ,     12, -35.2596, 1.8174, -1.5385
961.329                                          ,     12, -35.2594, 1.8172, -1.5386

# --- Trial 3 start ---
971.903                                          ,     13, -39.8365, 1.8164, -1.3959
972.023                                          ,     13, -39.8372, 1.8158, -1.3930
972.054                                          ,     13, -39.8378, 1.8158, -1.3914
972.070                                          ,     13, -39.8381, 1.8159, -1.3901
972.084                                          ,     13, -39.8382, 1.8160, -1.3896
972.099                                          ,     13, -39.8384, 1.8162, -1.3887
972.113                                          ,     13, -39.8385, 1.8164, -1.3878
972.127                                          ,     13, -39.8386, 1.8166, -1.3868
972.141                                          ,     13, -39.8387, 1.8168, -1.3857
972.162                                          ,     13, -39.8387, 1.8169, -1.3845
972.182                                          ,     13, -39.8385, 1.8170, -1.3832
972.215                                          ,     13, -39.8382, 1.8170, -1.3818
972.236                                          ,     13, -39.8378, 1.8171, -1.3804
972.259                                          ,     13, -39.8373, 1.8171, -1.3787
972.274                                          ,     13, -39.8367, 1.8171, -1.3771
972.296                                          ,     13, -39.8363, 1.8171, -1.3751
972.318                                          ,     13, -39.8358, 1.8171, -1.3730
972.340                                          ,     13, -39.8352, 1.8171, -1.3707
972.370                                          ,     13, -39.8340, 1.8170, -1.3681
972.391                                          ,     13, -39.8333, 1.8170, -1.3654
972.414                                          ,     13, -39.8325, 1.8168, -1.3626
972.428                                          ,     13, -39.8316, 1.8166, -1.3598
972.451                                          ,     13, -39.8307, 1.8161, -1.3566
972.474                                          ,     13, -39.8298, 1.8158, -1.3532
972.497                                          ,     13, -39.8288, 1.8154, -1.3498
972.528                                          ,     13, -39.8277, 1.8148, -1.3460
972.549                                          ,     13, -39.8267, 1.8145, -1.3421
972.562                                          ,     13, -39.8257, 1.8141, -1.3383
972.586                                          ,     13, -39.8245, 1.8138, -1.3339
972.608                                          ,     13, -39.8234, 1.8133, -1.3295
972.631                                          ,     13, -39.8223, 1.8128, -1.3248
972.653                                          ,     13, -39.8210, 1.8123, -1.3200
972.676                                          ,     13, -39.8196, 1.8120, -1.3153
972.698                                          ,     13, -39.8180, 1.8115, -1.3106
972.720                                          ,     13, -39.8169, 1.8109, -1.3082
972.736                                          ,     13, -39.8159, 1.8102, -1.3059
972.750                                          ,     13, -39.8150, 1.8096, -1.3037
972.764                                          ,     13, -39.8131, 1.8087, -1.2992
972.779                                          ,     13, -39.8119, 1.8085, -1.2972
972.794                                          ,     13, -39.8106, 1.8083, -1.2952
972.809                                          ,     13, -39.8081, 1.8077, -1.2913
972.827                                          ,     13, -39.8069, 1.8072, -1.2898
972.844                                          ,     13, -39.8043, 1.8060, -1.2864
972.858                                          ,     13, -39.8030, 1.8053, -1.2850
972.872                                          ,     13, -39.8017, 1.8045, -1.2839
972.888                                          ,     13, -39.7993, 1.8034, -1.2817
972.903                                          ,     13, -39.7982, 1.8031, -1.2809
972.917                                          ,     13, -39.7958, 1.8026, -1.2791
972.931                                          ,     13, -39.7944, 1.8026, -1.2787
972.946                                          ,     13, -39.7930, 1.8029, -1.2785
972.963                                          ,     13, -39.7917, 1.8029, -1.2784
972.981                                          ,     13, -39.7892, 1.8026, -1.2781
972.997                                          ,     13, -39.7867, 1.8025, -1.2778
973.011                                          ,     13, -39.7855, 1.8023, -1.2782
973.026                                          ,     13, -39.7842, 1.8021, -1.2785
973.043                                          ,     13, -39.7816, 1.8015, -1.2791
973.062                                          ,     13, -39.7791, 1.8009, -1.2799
973.078                                          ,     13, -39.7780, 1.8005, -1.2808
973.093                                          ,     13, -39.7757, 1.7997, -1.2818
973.108                                          ,     13, -39.7736, 1.7988, -1.2832
973.130                                          ,     13, -39.7719, 1.7979, -1.2850
973.150                                          ,     13, -39.7704, 1.7970, -1.2868
973.172                                          ,     13, -39.7697, 1.7957, -1.2890
973.194                                          ,     13, -39.7695, 1.7947, -1.2910
973.216                                          ,     13, -39.7695, 1.7941, -1.2932
973.238                                          ,     13, -39.7702, 1.7942, -1.2956
973.260                                          ,     13, -39.7711, 1.7941, -1.2982
973.284                                          ,     13, -39.7726, 1.7935, -1.3016
973.305                                          ,     13, -39.7742, 1.7918, -1.3054
973.327                                          ,     13, -39.7757, 1.7901, -1.3096
973.350                                          ,     13, -39.7720, 1.8069, -1.3143
973.371                                          ,     13, -39.7707, 1.8141, -1.3200
973.394                                          ,     13, -39.7700, 1.8110, -1.3256
973.416                                          ,     13, -39.7690, 1.8083, -1.3306
973.439                                          ,     13, -39.7685, 1.8087, -1.3366
973.462                                          ,     13, -39.7681, 1.8082, -1.3418
973.484                                          ,     13, -39.7670, 1.8063, -1.3470
973.508                                          ,     13, -39.7655, 1.8049, -1.3516
973.530                                          ,     13, -39.7639, 1.8058, -1.3568
973.553                                          ,     13, -39.7623, 1.8078, -1.3621
973.575                                          ,     13, -39.7615, 1.8080, -1.3640
973.592                                          ,     13, -39.7612, 1.8078, -1.3660
973.609                                          ,     13, -39.7601, 1.8082, -1.3699
973.625                                          ,     13, -39.7594, 1.8084, -1.3723
973.640                                          ,     13, -39.7585, 1.8082, -1.3741
973.656                                          ,     13, -39.7569, 1.8080, -1.3782
973.671                                          ,     13, -39.7551, 1.8075, -1.3825
973.687                                          ,     13, -39.7542, 1.8073, -1.3844
973.702                                          ,     13, -39.7534, 1.8073, -1.3866
973.717                                          ,     13, -39.7516, 1.8071, -1.3902
973.733                                          ,     13, -39.7505, 1.8071, -1.3918
973.748                                          ,     13, -39.7493, 1.8071, -1.3937
973.766                                          ,     13, -39.7470, 1.8072, -1.3979
973.784                                          ,     13, -39.7449, 1.8076, -1.4019
973.799                                          ,     13, -39.7437, 1.8077, -1.4035
973.813                                          ,     13, -39.7424, 1.8076, -1.4050
973.828                                          ,     13, -39.7397, 1.8076, -1.4088
973.843                                          ,     13, -39.7382, 1.8075, -1.4106
973.858                                          ,     13, -39.7367, 1.8077, -1.4126
973.875                                          ,     13, -39.7337, 1.8077, -1.4160
973.890                                          ,     13, -39.7321, 1.8077, -1.4178
973.904                                          ,     13, -39.7289, 1.8073, -1.4210
973.924                                          ,     13, -39.7269, 1.8069, -1.4228
973.940                                          ,     13, -39.7237, 1.8066, -1.4262
973.955                                          ,     13, -39.7203, 1.8061, -1.4293
973.970                                          ,     13, -39.7170, 1.8055, -1.4325
973.993                                          ,     13, -39.7131, 1.8050, -1.4349
974.012                                          ,     13, -39.7087, 1.8047, -1.4376
974.037                                          ,     13, -39.7041, 1.8040, -1.4392
974.060                                          ,     13, -39.6994, 1.8035, -1.4406
974.082                                          ,     13, -39.6938, 1.8032, -1.4424
974.104                                          ,     13, -39.6878, 1.8029, -1.4437
974.126                                          ,     13, -39.6815, 1.8025, -1.4442
974.149                                          ,     13, -39.6750, 1.8022, -1.4442
974.171                                          ,     13, -39.6676, 1.8025, -1.4440
974.194                                          ,     13, -39.6591, 1.8026, -1.4433
974.216                                          ,     13, -39.6509, 1.8025, -1.4424
974.239                                          ,     13, -39.6417, 1.8020, -1.4414
974.261                                          ,     13, -39.6318, 1.8011, -1.4398
974.283                                          ,     13, -39.6216, 1.7997, -1.4381
974.307                                          ,     13, -39.6103, 1.7976, -1.4360
974.328                                          ,     13, -39.5994, 1.7954, -1.4337
974.351                                          ,     13, -39.5875, 1.7929, -1.4312
974.373                                          ,     13, -39.5750, 1.7901, -1.4282
974.396                                          ,     13, -39.5623, 1.7875, -1.4255
974.418                                          ,     13, -39.5493, 1.7851, -1.4226
974.441                                          ,     13, -39.5419, 1.7836, -1.4204
974.458                                          ,     13, -39.5349, 1.7821, -1.4185
974.473                                          ,     13, -39.5279, 1.7811, -1.4169
974.486                                          ,     13, -39.5210, 1.7801, -1.4151
974.502                                          ,     13, -39.5003, 1.7771, -1.4100
974.515                                          ,     13, -39.4929, 1.7760, -1.4076
974.532                                          ,     13, -39.4851, 1.7749, -1.4052
974.549                                          ,     13, -39.4777, 1.7740, -1.4031
974.564                                          ,     13, -39.4705, 1.7733, -1.4011
974.580                                          ,     13, -39.4480, 1.7712, -1.3947
974.594                                          ,     13, -39.4403, 1.7716, -1.3920
974.610                                          ,     13, -39.4325, 1.7728, -1.3895
974.625                                          ,     13, -39.4248, 1.7739, -1.3868
974.639                                          ,     13, -39.4170, 1.7757, -1.3846
974.656                                          ,     13, -39.4018, 1.7792, -1.3802
974.672                                          ,     13, -39.3868, 1.7837, -1.3758
974.690                                          ,     13, -39.3797, 1.7867, -1.3741
974.706                                          ,     13, -39.3656, 1.7902, -1.3701
974.723                                          ,     13, -39.3590, 1.7906, -1.3689
974.741                                          ,     13, -39.3457, 1.7914, -1.3665
974.758                                          ,     13, -39.3397, 1.7907, -1.3660
974.773                                          ,     13, -39.3267, 1.7912, -1.3645
974.788                                          ,     13, -39.3203, 1.7915, -1.3645
974.804                                          ,     13, -39.3140, 1.7917, -1.3648
974.819                                          ,     13, -39.3011, 1.7924, -1.3647
974.833                                          ,     13, -39.2947, 1.7929, -1.3651
974.848                                          ,     13, -39.2816, 1.7943, -1.3655
974.869                                          ,     13, -39.2682, 1.7954, -1.3667
974.890                                          ,     13, -39.2546, 1.7959, -1.3685
974.906                                          ,     13, -39.2412, 1.7963, -1.3699
974.928                                          ,     13, -39.2276, 1.7959, -1.3715
974.947                                          ,     13, -39.2137, 1.7952, -1.3733
974.973                                          ,     13, -39.1990, 1.7938, -1.3760
974.996                                          ,     13, -39.1839, 1.7917, -1.3785
975.017                                          ,     13, -39.1691, 1.7896, -1.3814
975.048                                          ,     13, -39.1527, 1.7864, -1.3851
975.069                                          ,     13, -39.1366, 1.7833, -1.3886
975.087                                          ,     13, -39.1203, 1.7798, -1.3924
975.109                                          ,     13, -39.1036, 1.7757, -1.3969
975.130                                          ,     13, -39.0869, 1.7716, -1.4015
975.150                                          ,     13, -39.0697, 1.7681, -1.4065
975.175                                          ,     13, -39.0523, 1.7652, -1.4121
975.196                                          ,     13, -39.0346, 1.7629, -1.4179
975.218                                          ,     13, -39.0165, 1.7622, -1.4239
975.240                                          ,     13, -38.9984, 1.7621, -1.4296
975.262                                          ,     13, -38.9792, 1.7661, -1.4354
975.284                                          ,     13, -38.9597, 1.7722, -1.4412
975.307                                          ,     13, -38.9394, 1.7794, -1.4468
975.329                                          ,     13, -38.9289, 1.7843, -1.4496
975.345                                          ,     13, -38.9195, 1.7868, -1.4518
975.360                                          ,     13, -38.9108, 1.7881, -1.4537
975.374                                          ,     13, -38.8926, 1.7904, -1.4579
975.389                                          ,     13, -38.8751, 1.7918, -1.4613
975.402                                          ,     13, -38.8669, 1.7918, -1.4619
975.421                                          ,     13, -38.8588, 1.7920, -1.4623
975.436                                          ,     13, -38.8514, 1.7927, -1.4626
975.450                                          ,     13, -38.8341, 1.7947, -1.4644
975.465                                          ,     13, -38.8256, 1.7962, -1.4647
975.479                                          ,     13, -38.8172, 1.7976, -1.4649
975.495                                          ,     13, -38.8000, 1.7994, -1.4658
975.509                                          ,     13, -38.7916, 1.7996, -1.4657
975.524                                          ,     13, -38.7747, 1.8005, -1.4660
975.539                                          ,     13, -38.7664, 1.8003, -1.4655
975.554                                          ,     13, -38.7578, 1.8002, -1.4652
975.572                                          ,     13, -38.7409, 1.8003, -1.4649
975.585                                          ,     13, -38.7320, 1.7997, -1.4646
975.602                                          ,     13, -38.7231, 1.7990, -1.4643
975.617                                          ,     13, -38.7052, 1.7979, -1.4639
975.632                                          ,     13, -38.6960, 1.7968, -1.4636
975.648                                          ,     13, -38.6865, 1.7955, -1.4632
975.664                                          ,     13, -38.6676, 1.7929, -1.4626
975.679                                          ,     13, -38.6579, 1.7911, -1.4622
975.695                                          ,     13, -38.6387, 1.7881, -1.4615
975.711                                          ,     13, -38.6188, 1.7844, -1.4606
975.726                                          ,     13, -38.5987, 1.7805, -1.4594
975.750                                          ,     13, -38.5775, 1.7754, -1.4578
975.772                                          ,     13, -38.5564, 1.7706, -1.4559
975.794                                          ,     13, -38.5349, 1.7673, -1.4533
975.816                                          ,     13, -38.5133, 1.7653, -1.4501
975.845                                          ,     13, -38.4915, 1.7636, -1.4462
975.867                                          ,     13, -38.4704, 1.7626, -1.4424
975.881                                          ,     13, -38.4489, 1.7627, -1.4387
975.904                                          ,     13, -38.4273, 1.7674, -1.4350
975.927                                          ,     13, -38.4053, 1.7728, -1.4314
975.950                                          ,     13, -38.3834, 1.7814, -1.4283
975.972                                          ,     13, -38.3631, 1.7866, -1.4260
976.003                                          ,     13, -38.3455, 1.7851, -1.4260
976.024                                          ,     13, -38.3277, 1.7858, -1.4260
976.038                                          ,     13, -38.3095, 1.7874, -1.4261
976.061                                          ,     13, -38.2919, 1.7895, -1.4274
976.084                                          ,     13, -38.2738, 1.7924, -1.4286
976.107                                          ,     13, -38.2559, 1.7943, -1.4296
976.130                                          ,     13, -38.2380, 1.7953, -1.4311
976.152                                          ,     13, -38.2200, 1.7959, -1.4329
976.173                                          ,     13, -38.2022, 1.7954, -1.4346
976.196                                          ,     13, -38.1936, 1.7942, -1.4353
976.211                                          ,     13, -38.1843, 1.7934, -1.4362
976.226                                          ,     13, -38.1750, 1.7924, -1.4372
976.240                                          ,     13, -38.1563, 1.7910, -1.4388
976.255                                          ,     13, -38.1465, 1.7893, -1.4398
976.268                                          ,     13, -38.1367, 1.7876, -1.4409
976.283                                          ,     13, -38.1170, 1.7846, -1.4431
976.301                                          ,     13, -38.1067, 1.7822, -1.4443
976.318                                          ,     13, -38.0868, 1.7787, -1.4468
976.334                                          ,     13, -38.0765, 1.7767, -1.4480
976.348                                          ,     13, -38.0660, 1.7750, -1.4494
976.364                                          ,     13, -38.0450, 1.7718, -1.4521
976.377                                          ,     13, -38.0338, 1.7706, -1.4538
976.393                                          ,     13, -38.0120, 1.7685, -1.4570
976.408                                          ,     13, -38.0009, 1.7677, -1.4589
976.423                                          ,     13, -37.9897, 1.7665, -1.4607
976.438                                          ,     13, -37.9674, 1.7648, -1.4645
976.452                                          ,     13, -37.9559, 1.7649, -1.4666
976.466                                          ,     13, -37.9447, 1.7659, -1.4687
976.481                                          ,     13, -37.9335, 1.7676, -1.4706
976.495                                          ,     13, -37.9112, 1.7698, -1.4742
976.510                                          ,     13, -37.9005, 1.7720, -1.4758
976.524                                          ,     13, -37.8784, 1.7753, -1.4791
976.538                                          ,     13, -37.8679, 1.7775, -1.4806
976.553                                          ,     13, -37.8582, 1.7784, -1.4818
976.570                                          ,     13, -37.8384, 1.7793, -1.4840
976.584                                          ,     13, -37.8193, 1.7810, -1.4855
976.604                                          ,     13, -37.8012, 1.7838, -1.4858
976.634                                          ,     13, -37.7839, 1.7864, -1.4844
976.655                                          ,     13, -37.7660, 1.7898, -1.4833
976.669                                          ,     13, -37.7475, 1.7932, -1.4828
976.692                                          ,     13, -37.7297, 1.7964, -1.4811
976.714                                          ,     13, -37.7118, 1.7980, -1.4793
976.737                                          ,     13, -37.6941, 1.7988, -1.4774
976.758                                          ,     13, -37.6761, 1.7991, -1.4757
976.789                                          ,     13, -37.6575, 1.7974, -1.4740
976.811                                          ,     13, -37.6388, 1.7957, -1.4724
976.825                                          ,     13, -37.6198, 1.7938, -1.4706
976.848                                          ,     13, -37.6002, 1.7909, -1.4691
976.870                                          ,     13, -37.5803, 1.7867, -1.4677
976.892                                          ,     13, -37.5603, 1.7817, -1.4658
976.915                                          ,     13, -37.5404, 1.7762, -1.4637
976.946                                          ,     13, -37.5191, 1.7703, -1.4611
976.967                                          ,     13, -37.4984, 1.7669, -1.4584
976.983                                          ,     13, -37.4773, 1.7638, -1.4558
977.006                                          ,     13, -37.4553, 1.7614, -1.4524
977.028                                          ,     13, -37.4332, 1.7595, -1.4489
977.051                                          ,     13, -37.4115, 1.7591, -1.4451
977.074                                          ,     13, -37.4005, 1.7629, -1.4431
977.093                                          ,     13, -37.3897, 1.7660, -1.4412
977.109                                          ,     13, -37.3679, 1.7699, -1.4377
977.126                                          ,     13, -37.3573, 1.7736, -1.4361
977.140                                          ,     13, -37.3473, 1.7761, -1.4347
977.155                                          ,     13, -37.3163, 1.7807, -1.4307
977.169                                          ,     13, -37.3069, 1.7810, -1.4301
977.185                                          ,     13, -37.2979, 1.7818, -1.4301
977.202                                          ,     13, -37.2894, 1.7831, -1.4302
977.216                                          ,     13, -37.2709, 1.7859, -1.4297
977.231                                          ,     13, -37.2620, 1.7876, -1.4301
977.245                                          ,     13, -37.2430, 1.7913, -1.4306
977.259                                          ,     13, -37.2333, 1.7937, -1.4312
977.274                                          ,     13, -37.2241, 1.7958, -1.4324
977.289                                          ,     13, -37.2149, 1.7969, -1.4331
977.303                                          ,     13, -37.2060, 1.7974, -1.4344
977.318                                          ,     13, -37.1968, 1.7979, -1.4354
977.332                                          ,     13, -37.1786, 1.7992, -1.4373
977.347                                          ,     13, -37.1604, 1.7999, -1.4393
977.361                                          ,     13, -37.1514, 1.7994, -1.4404
977.375                                          ,     13, -37.1422, 1.7988, -1.4416
977.391                                          ,     13, -37.1328, 1.7976, -1.4431
977.406                                          ,     13, -37.1142, 1.7964, -1.4454
977.421                                          ,     13, -37.1049, 1.7950, -1.4465
977.436                                          ,     13, -37.0862, 1.7930, -1.4490
977.451                                          ,     13, -37.0672, 1.7902, -1.4515
977.470                                          ,     13, -37.0479, 1.7867, -1.4543
977.493                                          ,     13, -37.0284, 1.7820, -1.4574
977.515                                          ,     13, -37.0088, 1.7774, -1.4604
977.537                                          ,     13, -36.9890, 1.7730, -1.4637
977.559                                          ,     13, -36.9684, 1.7702, -1.4674
977.581                                          ,     13, -36.9477, 1.7685, -1.4714
977.603                                          ,     13, -36.9269, 1.7668, -1.4757
977.625                                          ,     13, -36.9056, 1.7663, -1.4803
977.648                                          ,     13, -36.8844, 1.7675, -1.4848
977.671                                          ,     13, -36.8633, 1.7728, -1.4892
977.693                                          ,     13, -36.8424, 1.7780, -1.4933
977.714                                          ,     13, -36.8221, 1.7835, -1.4975
977.737                                          ,     13, -36.8029, 1.7866, -1.5007
977.760                                          ,     13, -36.7853, 1.7873, -1.5033
977.782                                          ,     13, -36.7684, 1.7891, -1.5051
977.805                                          ,     13, -36.7518, 1.7920, -1.5062
977.827                                          ,     13, -36.7352, 1.7951, -1.5068
977.849                                          ,     13, -36.7185, 1.7994, -1.5072
977.873                                          ,     13, -36.7021, 1.8031, -1.5073
977.904                                          ,     13, -36.6863, 1.8044, -1.5067
977.925                                          ,     13, -36.6704, 1.8056, -1.5064
977.938                                          ,     13, -36.6626, 1.8058, -1.5062
977.956                                          ,     13, -36.6544, 1.8054, -1.5060
977.971                                          ,     13, -36.6461, 1.8051, -1.5058
977.984                                          ,     13, -36.6377, 1.8045, -1.5057
978.001                                          ,     13, -36.6129, 1.8038, -1.5053
978.014                                          ,     13, -36.6043, 1.8025, -1.5051
978.030                                          ,     13, -36.5957, 1.8011, -1.5050
978.048                                          ,     13, -36.5789, 1.7989, -1.5047
978.065                                          ,     13, -36.5704, 1.7967, -1.5042
978.078                                          ,     13, -36.5614, 1.7951, -1.5035
978.094                                          ,     13, -36.5438, 1.7916, -1.5028
978.109                                          ,     13, -36.5349, 1.7895, -1.5024
978.122                                          ,     13, -36.5263, 1.7873, -1.5020
978.137                                          ,     13, -36.5084, 1.7836, -1.5011
978.154                                          ,     13, -36.4988, 1.7817, -1.5005
978.168                                          ,     13, -36.4892, 1.7806, -1.4999
978.183                                          ,     13, -36.4795, 1.7796, -1.4993
978.198                                          ,     13, -36.4605, 1.7772, -1.4981
978.212                                          ,     13, -36.4505, 1.7765, -1.4972
978.228                                          ,     13, -36.4314, 1.7748, -1.4958
978.243                                          ,     13, -36.4217, 1.7745, -1.4948
978.256                                          ,     13, -36.4120, 1.7745, -1.4938
978.272                                          ,     13, -36.3925, 1.7754, -1.4918
978.285                                          ,     13, -36.3826, 1.7773, -1.4906
978.301                                          ,     13, -36.3731, 1.7793, -1.4892
978.314                                          ,     13, -36.3440, 1.7826, -1.4863
978.334                                          ,     13, -36.3250, 1.7892, -1.4846
978.360                                          ,     13, -36.3072, 1.7930, -1.4835
978.383                                          ,     13, -36.2903, 1.7926, -1.4830
978.405                                          ,     13, -36.2742, 1.7937, -1.4834
978.426                                          ,     13, -36.2581, 1.7955, -1.4841
978.448                                          ,     13, -36.2424, 1.7976, -1.4853
978.470                                          ,     13, -36.2266, 1.8007, -1.4872
978.492                                          ,     13, -36.2109, 1.8047, -1.4893
978.523                                          ,     13, -36.1959, 1.8065, -1.4924
978.544                                          ,     13, -36.1809, 1.8079, -1.4948
978.567                                          ,     13, -36.1663, 1.8088, -1.4971
978.581                                          ,     13, -36.1514, 1.8094, -1.4994
978.604                                          ,     13, -36.1365, 1.8090, -1.5019
978.626                                          ,     13, -36.1215, 1.8074, -1.5042
978.648                                          ,     13, -36.1062, 1.8060, -1.5064
978.679                                          ,     13, -36.0906, 1.8036, -1.5089
978.701                                          ,     13, -36.0751, 1.8014, -1.5111
978.714                                          ,     13, -36.0593, 1.7991, -1.5133
978.738                                          ,     13, -36.0432, 1.7955, -1.5154
978.762                                          ,     13, -36.0268, 1.7919, -1.5178
978.783                                          ,     13, -36.0103, 1.7893, -1.5203
978.806                                          ,     13, -35.9934, 1.7874, -1.5229
978.829                                          ,     13, -35.9843, 1.7865, -1.5247
978.845                                          ,     13, -35.9754, 1.7859, -1.5262
978.859                                          ,     13, -35.9666, 1.7857, -1.5278
978.872                                          ,     13, -35.9580, 1.7855, -1.5295
978.885                                          ,     13, -35.9408, 1.7846, -1.5326
978.899                                          ,     13, -35.9324, 1.7854, -1.5344
978.914                                          ,     13, -35.9241, 1.7868, -1.5364
978.928                                          ,     13, -35.9069, 1.7886, -1.5397
978.943                                          ,     13, -35.8985, 1.7909, -1.5413
978.957                                          ,     13, -35.8902, 1.7933, -1.5431
978.977                                          ,     13, -35.8736, 1.7974, -1.5464
978.993                                          ,     13, -35.8577, 1.8004, -1.5497
979.007                                          ,     13, -35.8502, 1.8009, -1.5511
979.021                                          ,     13, -35.8429, 1.8007, -1.5523
979.036                                          ,     13, -35.8360, 1.8002, -1.5531
979.050                                          ,     13, -35.8289, 1.8002, -1.5540
979.069                                          ,     13, -35.8146, 1.8011, -1.5556
979.085                                          ,     13, -35.8002, 1.8022, -1.5569
979.100                                          ,     13, -35.7934, 1.8035, -1.5571
979.113                                          ,     13, -35.7863, 1.8050, -1.5572
979.127                                          ,     13, -35.7795, 1.8062, -1.5573
979.143                                          ,     13, -35.7656, 1.8079, -1.5574
979.163                                          ,     13, -35.7525, 1.8091, -1.5572
979.177                                          ,     13, -35.7393, 1.8104, -1.5569
979.191                                          ,     13, -35.7331, 1.8109, -1.5562
979.208                                          ,     13, -35.7206, 1.8115, -1.5553
979.222                                          ,     13, -35.7079, 1.8118, -1.5544
979.247                                          ,     13, -35.6952, 1.8113, -1.5531
979.269                                          ,     13, -35.6824, 1.8104, -1.5517
979.299                                          ,     13, -35.6691, 1.8087, -1.5504
979.321                                          ,     13, -35.6558, 1.8069, -1.5491
979.336                                          ,     13, -35.6424, 1.8049, -1.5477
979.358                                          ,     13, -35.6285, 1.8023, -1.5461
979.380                                          ,     13, -35.6149, 1.7994, -1.5445
979.402                                          ,     13, -35.6007, 1.7972, -1.5424
979.424                                          ,     13, -35.5865, 1.7948, -1.5402
979.455                                          ,     13, -35.5719, 1.7923, -1.5372
979.477                                          ,     13, -35.5578, 1.7903, -1.5343
979.491                                          ,     13, -35.5436, 1.7884, -1.5313
979.514                                          ,     13, -35.5294, 1.7866, -1.5275
979.538                                          ,     13, -35.5156, 1.7852, -1.5232
979.560                                          ,     13, -35.5020, 1.7842, -1.5184
979.583                                          ,     13, -35.4888, 1.7856, -1.5138
979.605                                          ,     13, -35.4759, 1.7889, -1.5090
979.627                                          ,     13, -35.4630, 1.7925, -1.5043
979.649                                          ,     13, -35.4503, 1.7984, -1.5000
979.672                                          ,     13, -35.4379, 1.8040, -1.4961
979.695                                          ,     13, -35.4261, 1.8078, -1.4926
979.717                                          ,     13, -35.4145, 1.8097, -1.4897
979.740                                          ,     13, -35.4033, 1.8103, -1.4876
979.769                                          ,     13, -35.3930, 1.8099, -1.4866
979.790                                          ,     13, -35.3822, 1.8103, -1.4855
979.812                                          ,     13, -35.3721, 1.8113, -1.4848
979.830                                          ,     13, -35.3621, 1.8125, -1.4843
979.847                                          ,     13, -35.3529, 1.8130, -1.4838
979.871                                          ,     13, -35.3445, 1.8133, -1.4838
979.894                                          ,     13, -35.3367, 1.8141, -1.4835
979.921                                          ,     13, -35.3340, 1.8142, -1.4840
979.942                                          ,     13, -35.3309, 1.8140, -1.4839
979.955                                          ,     13, -35.3276, 1.8140, -1.4839
979.971                                          ,     13, -35.3246, 1.8141, -1.4840
979.985                                          ,     13, -35.3214, 1.8141, -1.4836
979.999                                          ,     13, -35.3149, 1.8139, -1.4833
980.012                                          ,     13, -35.3122, 1.8137, -1.4835
980.026                                          ,     13, -35.3094, 1.8135, -1.4831
980.041                                          ,     13, -35.2979, 1.8127, -1.4819
980.058                                          ,     13, -35.2934, 1.8121, -1.4811
980.093                                          ,     13, -35.2907, 1.8116, -1.4811
980.111                                          ,     13, -35.2872, 1.8118, -1.4811
980.125                                          ,     13, -35.2837, 1.8122, -1.4805
980.148                                          ,     13, -35.2810, 1.8127, -1.4802
980.165                                          ,     13, -35.2782, 1.8133, -1.4802
980.191                                          ,     13, -35.2760, 1.8142, -1.4803
980.213                                          ,     13, -35.2740, 1.8150, -1.4812
980.240                                          ,     13, -35.2723, 1.8161, -1.4817
980.262                                          ,     13, -35.2705, 1.8169, -1.4824
980.277                                          ,     13, -35.2687, 1.8179, -1.4830
980.302                                          ,     13, -35.2671, 1.8193, -1.4837
980.324                                          ,     13, -35.2655, 1.8202, -1.4846
980.346                                          ,     13, -35.2637, 1.8213, -1.4859
980.368                                          ,     13, -35.2620, 1.8220, -1.4871
980.390                                          ,     13, -35.2605, 1.8221, -1.4884
980.412                                          ,     13, -35.2590, 1.8218, -1.4902
980.436                                          ,     13, -35.2574, 1.8214, -1.4918
980.459                                          ,     13, -35.2560, 1.8208, -1.4937
980.481                                          ,     13, -35.2547, 1.8202, -1.4957
980.505                                          ,     13, -35.2533, 1.8198, -1.4975
980.527                                          ,     13, -35.2519, 1.8196, -1.4991
980.550                                          ,     13, -35.2508, 1.8193, -1.5013
980.574                                          ,     13, -35.2497, 1.8188, -1.5034
980.596                                          ,     13, -35.2492, 1.8180, -1.5062
980.618                                          ,     13, -35.2484, 1.8174, -1.5083
980.635                                          ,     13, -35.2474, 1.8170, -1.5105
980.660                                          ,     13, -35.2466, 1.8168, -1.5122
980.684                                          ,     13, -35.2457, 1.8165, -1.5134
980.714                                          ,     13, -35.2451, 1.8163, -1.5146
980.736                                          ,     13, -35.2444, 1.8162, -1.5154
980.753                                          ,     13, -35.2439, 1.8161, -1.5163
980.774                                          ,     13, -35.2435, 1.8160, -1.5166
980.798                                          ,     13, -35.2431, 1.8160, -1.5170
980.821                                          ,     13, -35.2428, 1.8161, -1.5173
980.843                                          ,     13, -35.2428, 1.8161, -1.5177
980.872                                          ,     13, -35.2429, 1.8161, -1.5181
980.887                                          ,     13, -35.2427, 1.8161, -1.5181
980.900                                          ,     13, -35.2426, 1.8162, -1.5185
980.913                                          ,     13, -35.2424, 1.8162, -1.5188
980.926                                          ,     13, -35.2421, 1.8161, -1.5190
980.939                                          ,     13, -35.2420, 1.8161, -1.5193

# --- Trial 4 start --- (removed because crashed)

# --- Trial 1 start --- (after restart)
240.150                                          ,     1, -39.7875, 1.7884, -1.0657
240.260                                          ,     1, -39.7804, 1.7890, -1.0676
240.281                                          ,     1, -39.7787, 1.7893, -1.0682
240.293                                          ,     1, -39.7771, 1.7896, -1.0687
240.308                                          ,     1, -39.7764, 1.7897, -1.0691
240.321                                          ,     1, -39.7755, 1.7899, -1.0695
240.330                                          ,     1, -39.7747, 1.7900, -1.0699
240.340                                          ,     1, -39.7740, 1.7902, -1.0702
240.349                                          ,     1, -39.7732, 1.7904, -1.0706
240.358                                          ,     1, -39.7724, 1.7906, -1.0711
240.367                                          ,     1, -39.7716, 1.7908, -1.0716
240.380                                          ,     1, -39.7709, 1.7910, -1.0721
240.390                                          ,     1, -39.7702, 1.7912, -1.0726
240.401                                          ,     1, -39.7694, 1.7914, -1.0731
240.412                                          ,     1, -39.7686, 1.7915, -1.0737
240.431                                          ,     1, -39.7679, 1.7917, -1.0742
240.444                                          ,     1, -39.7665, 1.7920, -1.0751
240.454                                          ,     1, -39.7658, 1.7922, -1.0756
240.468                                          ,     1, -39.7652, 1.7923, -1.0761
240.479                                          ,     1, -39.7646, 1.7924, -1.0766
240.490                                          ,     1, -39.7640, 1.7926, -1.0770
240.501                                          ,     1, -39.7637, 1.7927, -1.0774
240.512                                          ,     1, -39.7633, 1.7928, -1.0779
240.524                                          ,     1, -39.7626, 1.7930, -1.0782
240.535                                          ,     1, -39.7621, 1.7932, -1.0787
240.546                                          ,     1, -39.7616, 1.7933, -1.0791
240.557                                          ,     1, -39.7611, 1.7935, -1.0795
240.568                                          ,     1, -39.7605, 1.7936, -1.0801
240.579                                          ,     1, -39.7598, 1.7937, -1.0808
240.590                                          ,     1, -39.7592, 1.7938, -1.0813
240.605                                          ,     1, -39.7585, 1.7940, -1.0819
240.617                                          ,     1, -39.7578, 1.7942, -1.0825
240.627                                          ,     1, -39.7569, 1.7945, -1.0833
240.637                                          ,     1, -39.7558, 1.7946, -1.0841
240.648                                          ,     1, -39.7547, 1.7949, -1.0850
240.660                                          ,     1, -39.7536, 1.7952, -1.0858
240.670                                          ,     1, -39.7526, 1.7954, -1.0866
240.682                                          ,     1, -39.7515, 1.7956, -1.0875
240.693                                          ,     1, -39.7504, 1.7959, -1.0884
240.705                                          ,     1, -39.7493, 1.7961, -1.0893
240.716                                          ,     1, -39.7482, 1.7965, -1.0903
240.729                                          ,     1, -39.7470, 1.7968, -1.0913
240.742                                          ,     1, -39.7459, 1.7971, -1.0922
240.756                                          ,     1, -39.7448, 1.7974, -1.0933
240.769                                          ,     1, -39.7424, 1.7979, -1.0953
240.784                                          ,     1, -39.7411, 1.7981, -1.0966
240.799                                          ,     1, -39.7398, 1.7984, -1.0980
240.814                                          ,     1, -39.7369, 1.7989, -1.1006
240.828                                          ,     1, -39.7354, 1.7990, -1.1022
240.844                                          ,     1, -39.7338, 1.7992, -1.1039
240.861                                          ,     1, -39.7306, 1.7996, -1.1073
240.876                                          ,     1, -39.7274, 1.8002, -1.1109
240.892                                          ,     1, -39.7259, 1.8004, -1.1128
240.910                                          ,     1, -39.7246, 1.8007, -1.1150
240.927                                          ,     1, -39.7218, 1.8010, -1.1189
240.942                                          ,     1, -39.7206, 1.8012, -1.1210
240.958                                          ,     1, -39.7178, 1.8017, -1.1250
240.973                                          ,     1, -39.7167, 1.8018, -1.1270
240.988                                          ,     1, -39.7144, 1.8022, -1.1310
241.003                                          ,     1, -39.7136, 1.8024, -1.1330
241.018                                          ,     1, -39.7127, 1.8026, -1.1351
241.033                                          ,     1, -39.7109, 1.8030, -1.1392
241.048                                          ,     1, -39.7101, 1.8031, -1.1413
241.068                                          ,     1, -39.7085, 1.8035, -1.1455
241.085                                          ,     1, -39.7071, 1.8037, -1.1498
241.100                                          ,     1, -39.7065, 1.8036, -1.1520
241.115                                          ,     1, -39.7059, 1.8037, -1.1542
241.129                                          ,     1, -39.7054, 1.8037, -1.1562
241.144                                          ,     1, -39.7042, 1.8038, -1.1602
241.160                                          ,     1, -39.7039, 1.8040, -1.1621
241.174                                          ,     1, -39.7037, 1.8041, -1.1639
241.190                                          ,     1, -39.7030, 1.8042, -1.1675
241.205                                          ,     1, -39.7027, 1.8043, -1.1690
241.224                                          ,     1, -39.7022, 1.8047, -1.1721
241.240                                          ,     1, -39.7020, 1.8049, -1.1732
241.255                                          ,     1, -39.7014, 1.8054, -1.1758
241.270                                          ,     1, -39.7009, 1.8056, -1.1768
241.285                                          ,     1, -39.7002, 1.8060, -1.1790
241.300                                          ,     1, -39.6999, 1.8063, -1.1796
241.315                                          ,     1, -39.6997, 1.8066, -1.1802
241.329                                          ,     1, -39.6993, 1.8066, -1.1808
241.344                                          ,     1, -39.6987, 1.8068, -1.1821
241.358                                          ,     1, -39.6984, 1.8067, -1.1825
241.373                                          ,     1, -39.6980, 1.8066, -1.1826
241.387                                          ,     1, -39.6977, 1.8066, -1.1826
241.401                                          ,     1, -39.6970, 1.8066, -1.1827
241.415                                          ,     1, -39.6969, 1.8065, -1.1823
241.429                                          ,     1, -39.6966, 1.8064, -1.1819
241.444                                          ,     1, -39.6960, 1.8065, -1.1813
241.459                                          ,     1, -39.6959, 1.8063, -1.1805
241.474                                          ,     1, -39.6956, 1.8062, -1.1797
241.488                                          ,     1, -39.6953, 1.8060, -1.1783
241.502                                          ,     1, -39.6951, 1.8060, -1.1772
241.516                                          ,     1, -39.6950, 1.8059, -1.1761
241.531                                          ,     1, -39.6946, 1.8059, -1.1740
241.545                                          ,     1, -39.6945, 1.8059, -1.1726
241.559                                          ,     1, -39.6945, 1.8058, -1.1713
241.573                                          ,     1, -39.6945, 1.8060, -1.1698
241.587                                          ,     1, -39.6945, 1.8061, -1.1683
241.601                                          ,     1, -39.6945, 1.8062, -1.1654
241.615                                          ,     1, -39.6945, 1.8063, -1.1637
241.629                                          ,     1, -39.6946, 1.8063, -1.1620
241.644                                          ,     1, -39.6946, 1.8065, -1.1586
241.658                                          ,     1, -39.6947, 1.8066, -1.1566
241.674                                          ,     1, -39.6949, 1.8067, -1.1530
241.694                                          ,     1, -39.6951, 1.8068, -1.1511
241.712                                          ,     1, -39.6953, 1.8071, -1.1473
241.726                                          ,     1, -39.6955, 1.8072, -1.1453
241.743                                          ,     1, -39.6958, 1.8073, -1.1416
241.758                                          ,     1, -39.6958, 1.8074, -1.1397
241.774                                          ,     1, -39.6961, 1.8077, -1.1360
241.790                                          ,     1, -39.6961, 1.8077, -1.1342
241.806                                          ,     1, -39.6962, 1.8076, -1.1324
241.822                                          ,     1, -39.6963, 1.8075, -1.1288
241.837                                          ,     1, -39.6961, 1.8075, -1.1271
241.858                                          ,     1, -39.6961, 1.8072, -1.1236
241.874                                          ,     1, -39.6958, 1.8068, -1.1203
241.888                                          ,     1, -39.6957, 1.8066, -1.1186
241.902                                          ,     1, -39.6954, 1.8065, -1.1171
241.920                                          ,     1, -39.6949, 1.8064, -1.1155
241.936                                          ,     1, -39.6941, 1.8063, -1.1125
241.950                                          ,     1, -39.6936, 1.8061, -1.1112
241.965                                          ,     1, -39.6926, 1.8056, -1.1086
241.980                                          ,     1, -39.6921, 1.8052, -1.1076
241.995                                          ,     1, -39.6915, 1.8046, -1.1067
242.014                                          ,     1, -39.6903, 1.8037, -1.1047
242.029                                          ,     1, -39.6900, 1.8031, -1.1039
242.044                                          ,     1, -39.6890, 1.8024, -1.1023
242.059                                          ,     1, -39.6884, 1.8024, -1.1019
242.074                                          ,     1, -39.6878, 1.8026, -1.1015
242.089                                          ,     1, -39.6867, 1.8027, -1.1008
242.105                                          ,     1, -39.6862, 1.8028, -1.1007
242.119                                          ,     1, -39.6850, 1.8027, -1.1005
242.133                                          ,     1, -39.6844, 1.8028, -1.1007
242.148                                          ,     1, -39.6837, 1.8029, -1.1011
242.169                                          ,     1, -39.6825, 1.8027, -1.1016
242.185                                          ,     1, -39.6818, 1.8025, -1.1021
242.201                                          ,     1, -39.6806, 1.8021, -1.1028
242.216                                          ,     1, -39.6798, 1.8019, -1.1034
242.230                                          ,     1, -39.6791, 1.8016, -1.1040
242.245                                          ,     1, -39.6779, 1.8010, -1.1051
242.261                                          ,     1, -39.6773, 1.8007, -1.1057
242.275                                          ,     1, -39.6761, 1.8001, -1.1069
242.290                                          ,     1, -39.6756, 1.7998, -1.1077
242.305                                          ,     1, -39.6752, 1.7996, -1.1084
242.320                                          ,     1, -39.6743, 1.7989, -1.1097
242.336                                          ,     1, -39.6741, 1.7986, -1.1105
242.350                                          ,     1, -39.6738, 1.7982, -1.1114
242.364                                          ,     1, -39.6737, 1.7979, -1.1123
242.380                                          ,     1, -39.6735, 1.7971, -1.1140
242.394                                          ,     1, -39.6738, 1.7964, -1.1151
242.408                                          ,     1, -39.6741, 1.7950, -1.1170
242.423                                          ,     1, -39.6746, 1.7939, -1.1183
242.438                                          ,     1, -39.6749, 1.7934, -1.1195
242.453                                          ,     1, -39.6744, 1.7951, -1.1206
242.468                                          ,     1, -39.6729, 1.8021, -1.1230
242.482                                          ,     1, -39.6724, 1.8061, -1.1246
242.497                                          ,     1, -39.6718, 1.8069, -1.1263
242.511                                          ,     1, -39.6706, 1.8070, -1.1292
242.525                                          ,     1, -39.6700, 1.8057, -1.1306
242.538                                          ,     1, -39.6694, 1.8050, -1.1321
242.553                                          ,     1, -39.6688, 1.8049, -1.1352
242.566                                          ,     1, -39.6687, 1.8045, -1.1364
242.580                                          ,     1, -39.6684, 1.8037, -1.1377
242.597                                          ,     1, -39.6680, 1.8030, -1.1389
242.611                                          ,     1, -39.6673, 1.8018, -1.1412
242.628                                          ,     1, -39.6672, 1.8013, -1.1420
242.645                                          ,     1, -39.6668, 1.8008, -1.1447
242.661                                          ,     1, -39.6668, 1.8013, -1.1460
242.674                                          ,     1, -39.6668, 1.8019, -1.1471
242.689                                          ,     1, -39.6670, 1.8022, -1.1491
242.704                                          ,     1, -39.6673, 1.8023, -1.1498
242.719                                          ,     1, -39.6677, 1.8023, -1.1508
242.734                                          ,     1, -39.6682, 1.8030, -1.1529
242.751                                          ,     1, -39.6683, 1.8035, -1.1536
242.766                                          ,     1, -39.6687, 1.8040, -1.1553
242.781                                          ,     1, -39.6686, 1.8039, -1.1559
242.798                                          ,     1, -39.6685, 1.8040, -1.1576
242.815                                          ,     1, -39.6685, 1.8044, -1.1584
242.830                                          ,     1, -39.6684, 1.8047, -1.1598
242.846                                          ,     1, -39.6683, 1.8047, -1.1606
242.860                                          ,     1, -39.6681, 1.8044, -1.1612
242.875                                          ,     1, -39.6676, 1.8044, -1.1631
242.888                                          ,     1, -39.6673, 1.8043, -1.1639
242.903                                          ,     1, -39.6669, 1.8045, -1.1651
242.919                                          ,     1, -39.6665, 1.8046, -1.1659
242.933                                          ,     1, -39.6656, 1.8046, -1.1680
242.949                                          ,     1, -39.6650, 1.8043, -1.1692
242.964                                          ,     1, -39.6638, 1.8042, -1.1715
242.979                                          ,     1, -39.6629, 1.8043, -1.1730
242.994                                          ,     1, -39.6621, 1.8043, -1.1745
243.009                                          ,     1, -39.6606, 1.8042, -1.1773
243.024                                          ,     1, -39.6595, 1.8041, -1.1789
243.039                                          ,     1, -39.6585, 1.8040, -1.1806
243.054                                          ,     1, -39.6564, 1.8036, -1.1838
243.069                                          ,     1, -39.6552, 1.8035, -1.1855
243.084                                          ,     1, -39.6529, 1.8033, -1.1889
243.098                                          ,     1, -39.6517, 1.8028, -1.1907
243.113                                          ,     1, -39.6502, 1.8026, -1.1925
243.130                                          ,     1, -39.6488, 1.8023, -1.1944
243.146                                          ,     1, -39.6460, 1.8020, -1.1983
243.161                                          ,     1, -39.6445, 1.8018, -1.2002
243.176                                          ,     1, -39.6418, 1.8013, -1.2040
243.191                                          ,     1, -39.6402, 1.8010, -1.2060
243.206                                          ,     1, -39.6386, 1.8009, -1.2080
243.221                                          ,     1, -39.6354, 1.8005, -1.2120
243.236                                          ,     1, -39.6335, 1.8002, -1.2140
243.251                                          ,     1, -39.6302, 1.7996, -1.2180
243.266                                          ,     1, -39.6284, 1.7995, -1.2200
243.281                                          ,     1, -39.6264, 1.7994, -1.2222
243.297                                          ,     1, -39.6243, 1.7994, -1.2244
243.313                                          ,     1, -39.6203, 1.7990, -1.2286
243.328                                          ,     1, -39.6182, 1.7986, -1.2305
243.343                                          ,     1, -39.6142, 1.7979, -1.2345
243.359                                          ,     1, -39.6121, 1.7977, -1.2365
243.374                                          ,     1, -39.6097, 1.7976, -1.2384
243.389                                          ,     1, -39.6052, 1.7972, -1.2421
243.410                                          ,     1, -39.6027, 1.7974, -1.2437
243.429                                          ,     1, -39.5979, 1.7977, -1.2471
243.446                                          ,     1, -39.5930, 1.7976, -1.2504
243.461                                          ,     1, -39.5905, 1.7975, -1.2517
243.477                                          ,     1, -39.5855, 1.7971, -1.2545
243.491                                          ,     1, -39.5829, 1.7968, -1.2557
243.508                                          ,     1, -39.5778, 1.7966, -1.2581
243.522                                          ,     1, -39.5750, 1.7964, -1.2591
243.537                                          ,     1, -39.5721, 1.7963, -1.2600
243.552                                          ,     1, -39.5693, 1.7959, -1.2608
243.570                                          ,     1, -39.5635, 1.7954, -1.2626
243.587                                          ,     1, -39.5574, 1.7950, -1.2643
243.601                                          ,     1, -39.5538, 1.7948, -1.2652
243.616                                          ,     1, -39.5506, 1.7947, -1.2657
243.631                                          ,     1, -39.5440, 1.7940, -1.2669
243.644                                          ,     1, -39.5402, 1.7937, -1.2674
243.662                                          ,     1, -39.5362, 1.7934, -1.2677
243.677                                          ,     1, -39.5324, 1.7932, -1.2682
243.692                                          ,     1, -39.5246, 1.7927, -1.2692
243.707                                          ,     1, -39.5205, 1.7923, -1.2694
243.724                                          ,     1, -39.5122, 1.7914, -1.2698
243.739                                          ,     1, -39.5078, 1.7907, -1.2698
243.755                                          ,     1, -39.4987, 1.7897, -1.2701
243.772                                          ,     1, -39.4940, 1.7890, -1.2698
243.789                                          ,     1, -39.4847, 1.7878, -1.2697
243.805                                          ,     1, -39.4748, 1.7863, -1.2692
243.822                                          ,     1, -39.4695, 1.7855, -1.2686
243.838                                          ,     1, -39.4639, 1.7846, -1.2680
243.855                                          ,     1, -39.4532, 1.7828, -1.2667
243.871                                          ,     1, -39.4477, 1.7818, -1.2656
243.891                                          ,     1, -39.4366, 1.7802, -1.2638
243.907                                          ,     1, -39.4249, 1.7787, -1.2618
243.922                                          ,     1, -39.4187, 1.7780, -1.2603
243.936                                          ,     1, -39.4126, 1.7772, -1.2588
243.952                                          ,     1, -39.4065, 1.7763, -1.2571
243.967                                          ,     1, -39.3944, 1.7747, -1.2540
243.982                                          ,     1, -39.3881, 1.7741, -1.2520
243.996                                          ,     1, -39.3815, 1.7739, -1.2503
244.011                                          ,     1, -39.3690, 1.7738, -1.2466
244.025                                          ,     1, -39.3624, 1.7745, -1.2445
244.039                                          ,     1, -39.3561, 1.7754, -1.2423
244.054                                          ,     1, -39.3432, 1.7777, -1.2382
244.070                                          ,     1, -39.3367, 1.7799, -1.2363
244.085                                          ,     1, -39.3299, 1.7827, -1.2345
244.100                                          ,     1, -39.3170, 1.7864, -1.2309
244.115                                          ,     1, -39.3109, 1.7879, -1.2294
244.130                                          ,     1, -39.2985, 1.7904, -1.2265
244.146                                          ,     1, -39.2923, 1.7909, -1.2255
244.161                                          ,     1, -39.2863, 1.7910, -1.2247
244.177                                          ,     1, -39.2741, 1.7916, -1.2228
244.192                                          ,     1, -39.2680, 1.7914, -1.2223
244.208                                          ,     1, -39.2556, 1.7921, -1.2212
244.222                                          ,     1, -39.2494, 1.7922, -1.2212
244.237                                          ,     1, -39.2432, 1.7921, -1.2213
244.252                                          ,     1, -39.2303, 1.7924, -1.2213
244.267                                          ,     1, -39.2242, 1.7926, -1.2219
244.282                                          ,     1, -39.2178, 1.7929, -1.2223
244.302                                          ,     1, -39.2054, 1.7934, -1.2235
244.317                                          ,     1, -39.1928, 1.7938, -1.2248
244.333                                          ,     1, -39.1866, 1.7939, -1.2257
244.352                                          ,     1, -39.1802, 1.7941, -1.2268
244.369                                          ,     1, -39.1674, 1.7942, -1.2287
244.385                                          ,     1, -39.1545, 1.7939, -1.2307
244.400                                          ,     1, -39.1479, 1.7935, -1.2320
244.416                                          ,     1, -39.1412, 1.7929, -1.2332
244.432                                          ,     1, -39.1276, 1.7918, -1.2356
244.447                                          ,     1, -39.1205, 1.7910, -1.2369
244.461                                          ,     1, -39.1131, 1.7901, -1.2383
244.478                                          ,     1, -39.0990, 1.7883, -1.2412
244.492                                          ,     1, -39.0916, 1.7872, -1.2428
244.512                                          ,     1, -39.0770, 1.7849, -1.2460
244.530                                          ,     1, -39.0623, 1.7824, -1.2494
244.544                                          ,     1, -39.0548, 1.7808, -1.2513
244.559                                          ,     1, -39.0475, 1.7791, -1.2534
244.574                                          ,     1, -39.0400, 1.7777, -1.2556
244.590                                          ,     1, -39.0251, 1.7751, -1.2600
244.604                                          ,     1, -39.0176, 1.7738, -1.2625
244.618                                          ,     1, -39.0027, 1.7709, -1.2673
244.634                                          ,     1, -38.9952, 1.7694, -1.2702
244.650                                          ,     1, -38.9876, 1.7682, -1.2730
244.668                                          ,     1, -38.9727, 1.7660, -1.2785
244.684                                          ,     1, -38.9582, 1.7641, -1.2841
244.699                                          ,     1, -38.9506, 1.7645, -1.2872
244.715                                          ,     1, -38.9429, 1.7663, -1.2905
244.731                                          ,     1, -38.9349, 1.7689, -1.2937
244.747                                          ,     1, -38.9190, 1.7729, -1.2999
244.764                                          ,     1, -38.9030, 1.7782, -1.3062
244.780                                          ,     1, -38.8952, 1.7814, -1.3093
244.797                                          ,     1, -38.8798, 1.7861, -1.3152
244.811                                          ,     1, -38.8724, 1.7882, -1.3177
244.825                                          ,     1, -38.8653, 1.7898, -1.3201
244.840                                          ,     1, -38.8581, 1.7909, -1.3221
244.855                                          ,     1, -38.8435, 1.7933, -1.3262
244.870                                          ,     1, -38.8361, 1.7941, -1.3277
244.885                                          ,     1, -38.8212, 1.7963, -1.3311
244.899                                          ,     1, -38.8137, 1.7971, -1.3323
244.913                                          ,     1, -38.8061, 1.7977, -1.3333
244.926                                          ,     1, -38.7985, 1.7983, -1.3342
244.941                                          ,     1, -38.7832, 1.7997, -1.3361
244.955                                          ,     1, -38.7756, 1.8003, -1.3366
244.970                                          ,     1, -38.7677, 1.8007, -1.3371
244.988                                          ,     1, -38.7521, 1.8013, -1.3380
245.003                                          ,     1, -38.7440, 1.8013, -1.3381
245.017                                          ,     1, -38.7361, 1.8014, -1.3382
245.035                                          ,     1, -38.7200, 1.8015, -1.3385
245.049                                          ,     1, -38.7038, 1.8013, -1.3386
245.063                                          ,     1, -38.6954, 1.8008, -1.3384
245.079                                          ,     1, -38.6869, 1.8001, -1.3381
245.092                                          ,     1, -38.6788, 1.7994, -1.3378
245.106                                          ,     1, -38.6617, 1.7983, -1.3375
245.121                                          ,     1, -38.6527, 1.7974, -1.3372
245.135                                          ,     1, -38.6438, 1.7962, -1.3368
245.150                                          ,     1, -38.6349, 1.7950, -1.3363
245.164                                          ,     1, -38.6171, 1.7927, -1.3356
245.177                                          ,     1, -38.6082, 1.7912, -1.3350
245.192                                          ,     1, -38.5989, 1.7895, -1.3344
245.207                                          ,     1, -38.5899, 1.7877, -1.3337
245.223                                          ,     1, -38.5717, 1.7841, -1.3324
245.238                                          ,     1, -38.5627, 1.7818, -1.3312
245.253                                          ,     1, -38.5446, 1.7781, -1.3293
245.269                                          ,     1, -38.5356, 1.7767, -1.3279
245.284                                          ,     1, -38.5173, 1.7737, -1.3255
245.304                                          ,     1, -38.5081, 1.7724, -1.3237
245.323                                          ,     1, -38.4905, 1.7699, -1.3204
245.338                                          ,     1, -38.4819, 1.7692, -1.3186
245.354                                          ,     1, -38.4647, 1.7678, -1.3150
245.369                                          ,     1, -38.4565, 1.7688, -1.3131
245.384                                          ,     1, -38.4484, 1.7704, -1.3113
245.399                                          ,     1, -38.4320, 1.7722, -1.3078
245.414                                          ,     1, -38.4241, 1.7744, -1.3062
245.430                                          ,     1, -38.4078, 1.7786, -1.3035
245.444                                          ,     1, -38.4001, 1.7819, -1.3025
245.465                                          ,     1, -38.3931, 1.7843, -1.3022
245.482                                          ,     1, -38.3781, 1.7874, -1.3009
245.497                                          ,     1, -38.3633, 1.7908, -1.3008
245.512                                          ,     1, -38.3559, 1.7925, -1.3019
245.526                                          ,     1, -38.3486, 1.7937, -1.3032
245.542                                          ,     1, -38.3336, 1.7967, -1.3052
245.557                                          ,     1, -38.3263, 1.7980, -1.3069
245.572                                          ,     1, -38.3190, 1.7989, -1.3085
245.588                                          ,     1, -38.3039, 1.8004, -1.3111
245.603                                          ,     1, -38.2964, 1.8006, -1.3129
245.624                                          ,     1, -38.2813, 1.8013, -1.3161
245.640                                          ,     1, -38.2666, 1.8015, -1.3192
245.655                                          ,     1, -38.2593, 1.8009, -1.3208
245.669                                          ,     1, -38.2517, 1.8003, -1.3225
245.683                                          ,     1, -38.2443, 1.7996, -1.3241
245.698                                          ,     1, -38.2294, 1.7985, -1.3273
245.713                                          ,     1, -38.2220, 1.7977, -1.3289
245.729                                          ,     1, -38.2145, 1.7970, -1.3306
245.744                                          ,     1, -38.1994, 1.7958, -1.3338
245.760                                          ,     1, -38.1918, 1.7950, -1.3354
245.777                                          ,     1, -38.1765, 1.7931, -1.3388
245.793                                          ,     1, -38.1690, 1.7917, -1.3405
245.807                                          ,     1, -38.1537, 1.7892, -1.3441
245.821                                          ,     1, -38.1460, 1.7878, -1.3462
245.835                                          ,     1, -38.1383, 1.7865, -1.3483
245.850                                          ,     1, -38.1306, 1.7854, -1.3506
245.866                                          ,     1, -38.1151, 1.7834, -1.3550
245.882                                          ,     1, -38.1075, 1.7823, -1.3576
245.897                                          ,     1, -38.0920, 1.7801, -1.3626
245.912                                          ,     1, -38.0845, 1.7790, -1.3655
245.927                                          ,     1, -38.0766, 1.7781, -1.3686
245.943                                          ,     1, -38.0609, 1.7766, -1.3749
245.959                                          ,     1, -38.0532, 1.7769, -1.3784
245.973                                          ,     1, -38.0374, 1.7777, -1.3853
245.988                                          ,     1, -38.0294, 1.7792, -1.3890
246.003                                          ,     1, -38.0213, 1.7812, -1.3929
246.017                                          ,     1, -38.0134, 1.7835, -1.3967
246.032                                          ,     1, -37.9977, 1.7869, -1.4041
246.045                                          ,     1, -37.9903, 1.7888, -1.4078
246.060                                          ,     1, -37.9755, 1.7919, -1.4149
246.073                                          ,     1, -37.9684, 1.7934, -1.4183
246.091                                          ,     1, -37.9617, 1.7943, -1.4213
246.109                                          ,     1, -37.9485, 1.7962, -1.4271
246.125                                          ,     1, -37.9420, 1.7968, -1.4295
246.139                                          ,     1, -37.9356, 1.7976, -1.4317
246.153                                          ,     1, -37.9224, 1.7995, -1.4367
246.168                                          ,     1, -37.9162, 1.8003, -1.4385
246.183                                          ,     1, -37.9035, 1.8019, -1.4427
246.196                                          ,     1, -37.8974, 1.8025, -1.4443
246.210                                          ,     1, -37.8915, 1.8031, -1.4458
246.228                                          ,     1, -37.8859, 1.8038, -1.4469
246.245                                          ,     1, -37.8746, 1.8051, -1.4497
246.260                                          ,     1, -37.8637, 1.8062, -1.4523
246.274                                          ,     1, -37.8589, 1.8065, -1.4533
246.289                                          ,     1, -37.8544, 1.8068, -1.4543
246.304                                          ,     1, -37.8499, 1.8070, -1.4553
246.317                                          ,     1, -37.8403, 1.8078, -1.4577
246.331                                          ,     1, -37.8362, 1.8079, -1.4588
246.345                                          ,     1, -37.8322, 1.8079, -1.4600
246.359                                          ,     1, -37.8283, 1.8078, -1.4611
246.375                                          ,     1, -37.8198, 1.8078, -1.4635
246.388                                          ,     1, -37.8159, 1.8075, -1.4648
246.403                                          ,     1, -37.8121, 1.8073, -1.4660
246.418                                          ,     1, -37.8042, 1.8068, -1.4685
246.433                                          ,     1, -37.8005, 1.8063, -1.4696
246.449                                          ,     1, -37.7968, 1.8058, -1.4708
246.463                                          ,     1, -37.7891, 1.8049, -1.4733
246.478                                          ,     1, -37.7853, 1.8044, -1.4745
246.494                                          ,     1, -37.7816, 1.8037, -1.4755
246.509                                          ,     1, -37.7739, 1.8024, -1.4777
246.524                                          ,     1, -37.7703, 1.8014, -1.4784
246.538                                          ,     1, -37.7668, 1.8004, -1.4789
246.552                                          ,     1, -37.7595, 1.7984, -1.4803
246.567                                          ,     1, -37.7558, 1.7971, -1.4805
246.582                                          ,     1, -37.7519, 1.7962, -1.4808
246.597                                          ,     1, -37.7443, 1.7946, -1.4815
246.610                                          ,     1, -37.7404, 1.7939, -1.4816
246.624                                          ,     1, -37.7363, 1.7932, -1.4814
246.640                                          ,     1, -37.7282, 1.7918, -1.4815
246.653                                          ,     1, -37.7238, 1.7913, -1.4812
246.668                                          ,     1, -37.7194, 1.7913, -1.4808
246.685                                          ,     1, -37.7104, 1.7911, -1.4803
246.702                                          ,     1, -37.7054, 1.7914, -1.4796
246.718                                          ,     1, -37.6958, 1.7915, -1.4783
246.738                                          ,     1, -37.6905, 1.7919, -1.4771
246.756                                          ,     1, -37.6803, 1.7924, -1.4751
246.773                                          ,     1, -37.6749, 1.7927, -1.4736
246.789                                          ,     1, -37.6642, 1.7933, -1.4711
246.803                                          ,     1, -37.6586, 1.7935, -1.4693
246.817                                          ,     1, -37.6478, 1.7938, -1.4662
246.832                                          ,     1, -37.6421, 1.7938, -1.4641
246.847                                          ,     1, -37.6365, 1.7937, -1.4619
246.861                                          ,     1, -37.6252, 1.7939, -1.4580
246.876                                          ,     1, -37.6193, 1.7943, -1.4556
246.892                                          ,     1, -37.6134, 1.7945, -1.4531
246.906                                          ,     1, -37.6018, 1.7949, -1.4487
246.921                                          ,     1, -37.5957, 1.7960, -1.4463
246.936                                          ,     1, -37.5896, 1.7979, -1.4440
246.951                                          ,     1, -37.5775, 1.8007, -1.4394
246.967                                          ,     1, -37.5713, 1.8017, -1.4369
246.981                                          ,     1, -37.5651, 1.8024, -1.4345
246.996                                          ,     1, -37.5531, 1.8038, -1.4301
247.010                                          ,     1, -37.5471, 1.8044, -1.4281
247.025                                          ,     1, -37.5411, 1.8047, -1.4262
247.040                                          ,     1, -37.5292, 1.8050, -1.4223
247.059                                          ,     1, -37.5234, 1.8041, -1.4210
247.077                                          ,     1, -37.5117, 1.8034, -1.4179
247.091                                          ,     1, -37.5060, 1.8030, -1.4168
247.107                                          ,     1, -37.4947, 1.8025, -1.4146
247.122                                          ,     1, -37.4892, 1.8020, -1.4140
247.137                                          ,     1, -37.4838, 1.8016, -1.4135
247.152                                          ,     1, -37.4728, 1.8012, -1.4123
247.166                                          ,     1, -37.4676, 1.8014, -1.4122
247.179                                          ,     1, -37.4624, 1.8016, -1.4123
247.193                                          ,     1, -37.4572, 1.8018, -1.4124
247.207                                          ,     1, -37.4466, 1.8021, -1.4124
247.222                                          ,     1, -37.4415, 1.8023, -1.4126
247.236                                          ,     1, -37.4362, 1.8026, -1.4129
247.250                                          ,     1, -37.4256, 1.8030, -1.4134
247.264                                          ,     1, -37.4200, 1.8031, -1.4139
247.278                                          ,     1, -37.4144, 1.8030, -1.4144
247.292                                          ,     1, -37.4087, 1.8028, -1.4150
247.307                                          ,     1, -37.3975, 1.8024, -1.4159
247.320                                          ,     1, -37.3916, 1.8018, -1.4165
247.336                                          ,     1, -37.3857, 1.8010, -1.4172
247.350                                          ,     1, -37.3739, 1.7999, -1.4184
247.370                                          ,     1, -37.3679, 1.7988, -1.4191
247.385                                          ,     1, -37.3558, 1.7974, -1.4207
247.398                                          ,     1, -37.3493, 1.7964, -1.4217
247.412                                          ,     1, -37.3429, 1.7954, -1.4228
247.426                                          ,     1, -37.3302, 1.7933, -1.4248
247.440                                          ,     1, -37.3235, 1.7920, -1.4260
247.453                                          ,     1, -37.3169, 1.7907, -1.4272
247.472                                          ,     1, -37.3101, 1.7894, -1.4286
247.485                                          ,     1, -37.2967, 1.7869, -1.4312
247.501                                          ,     1, -37.2896, 1.7855, -1.4329
247.518                                          ,     1, -37.2759, 1.7830, -1.4361
247.535                                          ,     1, -37.2689, 1.7816, -1.4381
247.549                                          ,     1, -37.2550, 1.7791, -1.4417
247.563                                          ,     1, -37.2479, 1.7780, -1.4437
247.578                                          ,     1, -37.2407, 1.7770, -1.4459
247.593                                          ,     1, -37.2335, 1.7760, -1.4482
247.608                                          ,     1, -37.2189, 1.7743, -1.4526
247.622                                          ,     1, -37.2114, 1.7737, -1.4552
247.636                                          ,     1, -37.2040, 1.7734, -1.4578
247.651                                          ,     1, -37.1889, 1.7732, -1.4627
247.670                                          ,     1, -37.1810, 1.7750, -1.4656
247.687                                          ,     1, -37.1656, 1.7769, -1.4709
247.702                                          ,     1, -37.1574, 1.7792, -1.4738
247.717                                          ,     1, -37.1492, 1.7818, -1.4768
247.732                                          ,     1, -37.1334, 1.7856, -1.4822
247.748                                          ,     1, -37.1254, 1.7880, -1.4849
247.765                                          ,     1, -37.1097, 1.7914, -1.4900
247.779                                          ,     1, -37.1021, 1.7925, -1.4923
247.794                                          ,     1, -37.0945, 1.7933, -1.4942
247.809                                          ,     1, -37.0794, 1.7952, -1.4983
247.824                                          ,     1, -37.0721, 1.7955, -1.4998
247.838                                          ,     1, -37.0573, 1.7967, -1.5033
247.854                                          ,     1, -37.0499, 1.7969, -1.5044
247.869                                          ,     1, -37.0425, 1.7974, -1.5055
247.883                                          ,     1, -37.0278, 1.7984, -1.5078
247.898                                          ,     1, -37.0207, 1.7988, -1.5083
247.914                                          ,     1, -37.0135, 1.7994, -1.5087
247.928                                          ,     1, -37.0063, 1.8002, -1.5090
247.945                                          ,     1, -36.9920, 1.8017, -1.5096
247.959                                          ,     1, -36.9850, 1.8023, -1.5095
247.973                                          ,     1, -36.9708, 1.8034, -1.5098
247.993                                          ,     1, -36.9638, 1.8038, -1.5094
248.011                                          ,     1, -36.9494, 1.8047, -1.5090
248.025                                          ,     1, -36.9423, 1.8050, -1.5086
248.040                                          ,     1, -36.9279, 1.8053, -1.5081
248.054                                          ,     1, -36.9205, 1.8051, -1.5077
248.069                                          ,     1, -36.9130, 1.8047, -1.5072
248.083                                          ,     1, -36.9055, 1.8041, -1.5069
248.098                                          ,     1, -36.8904, 1.8031, -1.5060
248.113                                          ,     1, -36.8826, 1.8022, -1.5056
248.127                                          ,     1, -36.8671, 1.8006, -1.5047
248.141                                          ,     1, -36.8591, 1.7994, -1.5041
248.156                                          ,     1, -36.8510, 1.7979, -1.5034
248.174                                          ,     1, -36.8427, 1.7963, -1.5026
248.189                                          ,     1, -36.8266, 1.7937, -1.5012
248.204                                          ,     1, -36.8183, 1.7920, -1.5003
248.220                                          ,     1, -36.8020, 1.7888, -1.4984
248.236                                          ,     1, -36.7938, 1.7871, -1.4970
248.250                                          ,     1, -36.7772, 1.7841, -1.4947
248.266                                          ,     1, -36.7687, 1.7831, -1.4931
248.280                                          ,     1, -36.7602, 1.7820, -1.4915
248.298                                          ,     1, -36.7434, 1.7796, -1.4881
248.314                                          ,     1, -36.7349, 1.7788, -1.4861
248.329                                          ,     1, -36.7267, 1.7782, -1.4840
248.343                                          ,     1, -36.7183, 1.7782, -1.4820
248.357                                          ,     1, -36.7015, 1.7785, -1.4779
248.372                                          ,     1, -36.6847, 1.7802, -1.4738
248.385                                          ,     1, -36.6762, 1.7822, -1.4715
248.400                                          ,     1, -36.6680, 1.7846, -1.4691
248.416                                          ,     1, -36.6596, 1.7874, -1.4670
248.431                                          ,     1, -36.6431, 1.7921, -1.4629
248.448                                          ,     1, -36.6354, 1.7954, -1.4611
248.463                                          ,     1, -36.6194, 1.8000, -1.4574
248.477                                          ,     1, -36.6118, 1.8016, -1.4558
248.490                                          ,     1, -36.6043, 1.8027, -1.4545
248.503                                          ,     1, -36.5967, 1.8034, -1.4533
248.518                                          ,     1, -36.5890, 1.8038, -1.4524
248.532                                          ,     1, -36.5736, 1.8053, -1.4504
248.546                                          ,     1, -36.5660, 1.8056, -1.4500
248.559                                          ,     1, -36.5583, 1.8059, -1.4496
248.572                                          ,     1, -36.5505, 1.8062, -1.4493
248.586                                          ,     1, -36.5427, 1.8067, -1.4492
248.599                                          ,     1, -36.5274, 1.8077, -1.4488
248.613                                          ,     1, -36.5198, 1.8079, -1.4491
248.626                                          ,     1, -36.5122, 1.8079, -1.4494
248.640                                          ,     1, -36.4969, 1.8081, -1.4498
248.654                                          ,     1, -36.4894, 1.8081, -1.4503
248.667                                          ,     1, -36.4820, 1.8081, -1.4508
248.680                                          ,     1, -36.4744, 1.8083, -1.4510
248.696                                          ,     1, -36.4672, 1.8080, -1.4517
248.712                                          ,     1, -36.4528, 1.8078, -1.4515
248.728                                          ,     1, -36.4381, 1.8075, -1.4523
248.745                                          ,     1, -36.4233, 1.8070, -1.4529
248.760                                          ,     1, -36.4082, 1.8065, -1.4534
248.778                                          ,     1, -36.3928, 1.8054, -1.4544
248.793                                          ,     1, -36.3773, 1.8040, -1.4554
248.816                                          ,     1, -36.3613, 1.8018, -1.4566
248.838                                          ,     1, -36.3450, 1.7989, -1.4581
248.860                                          ,     1, -36.3283, 1.7957, -1.4598
248.881                                          ,     1, -36.3111, 1.7927, -1.4619
248.904                                          ,     1, -36.2936, 1.7900, -1.4644
248.927                                          ,     1, -36.2764, 1.7878, -1.4674
248.949                                          ,     1, -36.2585, 1.7857, -1.4708
248.971                                          ,     1, -36.2403, 1.7845, -1.4744
248.993                                          ,     1, -36.2224, 1.7841, -1.4783
249.016                                          ,     1, -36.2047, 1.7842, -1.4819
249.037                                          ,     1, -36.1870, 1.7873, -1.4858
249.060                                          ,     1, -36.1692, 1.7914, -1.4893
249.090                                          ,     1, -36.1516, 1.7975, -1.4929
249.112                                          ,     1, -36.1349, 1.8011, -1.4958
249.125                                          ,     1, -36.1187, 1.8038, -1.4985
249.149                                          ,     1, -36.1037, 1.8044, -1.5001
249.172                                          ,     1, -36.0894, 1.8048, -1.5007
249.195                                          ,     1, -36.0755, 1.8061, -1.5006
249.218                                          ,     1, -36.0620, 1.8077, -1.5000
249.250                                          ,     1, -36.0562, 1.8099, -1.4984
249.265                                          ,     1, -36.0426, 1.8122, -1.4976
249.278                                          ,     1, -36.0292, 1.8140, -1.4966
249.292                                          ,     1, -36.0229, 1.8146, -1.4955
249.308                                          ,     1, -36.0168, 1.8154, -1.4945
249.323                                          ,     1, -36.0111, 1.8159, -1.4935
249.338                                          ,     1, -35.9983, 1.8171, -1.4919
249.351                                          ,     1, -35.9919, 1.8171, -1.4910
249.367                                          ,     1, -35.9854, 1.8170, -1.4901
249.381                                          ,     1, -35.9720, 1.8174, -1.4886
249.395                                          ,     1, -35.9652, 1.8171, -1.4877
249.410                                          ,     1, -35.9584, 1.8165, -1.4871
249.423                                          ,     1, -35.9514, 1.8160, -1.4864
249.437                                          ,     1, -35.9444, 1.8153, -1.4857
249.452                                          ,     1, -35.9304, 1.8141, -1.4843
249.466                                          ,     1, -35.9233, 1.8131, -1.4835
249.479                                          ,     1, -35.9160, 1.8119, -1.4828
249.492                                          ,     1, -35.9085, 1.8106, -1.4821
249.507                                          ,     1, -35.8941, 1.8084, -1.4804
249.520                                          ,     1, -35.8867, 1.8067, -1.4794
249.534                                          ,     1, -35.8792, 1.8051, -1.4783
249.553                                          ,     1, -35.8643, 1.8023, -1.4760
249.567                                          ,     1, -35.8569, 1.8011, -1.4746
249.581                                          ,     1, -35.8494, 1.8002, -1.4730
249.595                                          ,     1, -35.8346, 1.7981, -1.4701
249.608                                          ,     1, -35.8271, 1.7969, -1.4683
249.625                                          ,     1, -35.8123, 1.7946, -1.4648
249.638                                          ,     1, -35.7975, 1.7922, -1.4611
249.660                                          ,     1, -35.7832, 1.7902, -1.4566
249.683                                          ,     1, -35.7689, 1.7903, -1.4519
249.705                                          ,     1, -35.7548, 1.7930, -1.4470
249.727                                          ,     1, -35.7410, 1.7961, -1.4420
249.752                                          ,     1, -35.7273, 1.8015, -1.4370
249.773                                          ,     1, -35.7137, 1.8081, -1.4325
249.794                                          ,     1, -35.7012, 1.8124, -1.4283
249.818                                          ,     1, -35.6889, 1.8139, -1.4247
249.841                                          ,     1, -35.6764, 1.8150, -1.4220
249.863                                          ,     1, -35.6638, 1.8155, -1.4199
249.886                                          ,     1, -35.6515, 1.8157, -1.4182
249.908                                          ,     1, -35.6392, 1.8160, -1.4169
249.929                                          ,     1, -35.6274, 1.8169, -1.4159
249.951                                          ,     1, -35.6163, 1.8172, -1.4152
249.974                                          ,     1, -35.6056, 1.8170, -1.4145
249.997                                          ,     1, -35.5956, 1.8167, -1.4134
250.020                                          ,     1, -35.5862, 1.8160, -1.4120
250.042                                          ,     1, -35.5773, 1.8153, -1.4107
250.065                                          ,     1, -35.5683, 1.8151, -1.4094
250.087                                          ,     1, -35.5592, 1.8151, -1.4081
250.110                                          ,     1, -35.5551, 1.8149, -1.4078
250.126                                          ,     1, -35.5508, 1.8146, -1.4075
250.140                                          ,     1, -35.5465, 1.8144, -1.4072
250.155                                          ,     1, -35.5422, 1.8141, -1.4071
250.168                                          ,     1, -35.5334, 1.8135, -1.4068
250.183                                          ,     1, -35.5293, 1.8130, -1.4071
250.201                                          ,     1, -35.5210, 1.8122, -1.4075
250.219                                          ,     1, -35.5128, 1.8116, -1.4084
250.234                                          ,     1, -35.5046, 1.8112, -1.4096
250.247                                          ,     1, -35.5007, 1.8109, -1.4110
250.264                                          ,     1, -35.4969, 1.8106, -1.4127
250.279                                          ,     1, -35.4932, 1.8104, -1.4142
250.294                                          ,     1, -35.4896, 1.8104, -1.4159
250.307                                          ,     1, -35.4817, 1.8101, -1.4188
250.321                                          ,     1, -35.4778, 1.8102, -1.4212
250.335                                          ,     1, -35.4740, 1.8101, -1.4234
250.349                                          ,     1, -35.4700, 1.8100, -1.4258
250.364                                          ,     1, -35.4621, 1.8098, -1.4301
250.379                                          ,     1, -35.4580, 1.8098, -1.4329
250.392                                          ,     1, -35.4541, 1.8096, -1.4357
250.409                                          ,     1, -35.4462, 1.8091, -1.4410
250.425                                          ,     1, -35.4383, 1.8084, -1.4470
250.441                                          ,     1, -35.4347, 1.8079, -1.4503
250.456                                          ,     1, -35.4310, 1.8075, -1.4535
250.471                                          ,     1, -35.4272, 1.8074, -1.4571
250.486                                          ,     1, -35.4195, 1.8073, -1.4634
250.502                                          ,     1, -35.4116, 1.8080, -1.4699
250.518                                          ,     1, -35.4034, 1.8103, -1.4764
250.532                                          ,     1, -35.3948, 1.8141, -1.4830
250.559                                          ,     1, -35.3862, 1.8199, -1.4897
250.581                                          ,     1, -35.3778, 1.8215, -1.4962
250.603                                          ,     1, -35.3697, 1.8230, -1.5024
250.625                                          ,     1, -35.3622, 1.8244, -1.5087
250.649                                          ,     1, -35.3544, 1.8253, -1.5143
250.677                                          ,     1, -35.3465, 1.8262, -1.5195
250.699                                          ,     1, -35.3388, 1.8274, -1.5246
250.715                                          ,     1, -35.3313, 1.8282, -1.5299
250.741                                          ,     1, -35.3239, 1.8289, -1.5344
250.758                                          ,     1, -35.3165, 1.8296, -1.5386
250.783                                          ,     1, -35.3095, 1.8295, -1.5422
250.805                                          ,     1, -35.3028, 1.8291, -1.5456
250.833                                          ,     1, -35.2963, 1.8285, -1.5477
250.855                                          ,     1, -35.2901, 1.8283, -1.5496
250.870                                          ,     1, -35.2841, 1.8280, -1.5513
250.894                                          ,     1, -35.2797, 1.8281, -1.5518
250.918                                          ,     1, -35.2757, 1.8293, -1.5520
250.940                                          ,     1, -35.2722, 1.8305, -1.5519
250.963                                          ,     1, -35.2691, 1.8318, -1.5513
250.991                                          ,     1, -35.2666, 1.8332, -1.5498
251.013                                          ,     1, -35.2641, 1.8339, -1.5485
251.035                                          ,     1, -35.2618, 1.8339, -1.5470
251.051                                          ,     1, -35.2594, 1.8338, -1.5454
251.074                                          ,     1, -35.2576, 1.8327, -1.5432
251.097                                          ,     1, -35.2562, 1.8311, -1.5406
251.120                                          ,     1, -35.2552, 1.8290, -1.5377
251.147                                          ,     1, -35.2548, 1.8274, -1.5349
251.169                                          ,     1, -35.2547, 1.8262, -1.5324
251.185                                          ,     1, -35.2534, 1.8255, -1.5233
251.209                                          ,     1, -35.2541, 1.8253, -1.5214
251.231                                          ,     1, -35.2545, 1.8254, -1.5205
251.247                                          ,     1, -35.2547, 1.8255, -1.5193
251.260                                          ,     1, -35.2548, 1.8255, -1.5180
251.275                                          ,     1, -35.2551, 1.8255, -1.5171
251.289                                          ,     1, -35.2552, 1.8253, -1.5147
251.304                                          ,     1, -35.2554, 1.8251, -1.5139
251.318                                          ,     1, -35.2555, 1.8250, -1.5128
251.332                                          ,     1, -35.2558, 1.8245, -1.5109
251.346                                          ,     1, -35.2560, 1.8241, -1.5105
251.360                                          ,     1, -35.2561, 1.8237, -1.5097
251.375                                          ,     1, -35.2563, 1.8234, -1.5093
251.389                                          ,     1, -35.2564, 1.8230, -1.5076
251.403                                          ,     1, -35.2565, 1.8229, -1.5063
251.418                                          ,     1, -35.2566, 1.8231, -1.5050
251.434                                          ,     1, -35.2566, 1.8234, -1.5038
251.452                                          ,     1, -35.2567, 1.8237, -1.5026
251.471                                          ,     1, -35.2570, 1.8237, -1.5014
251.495                                          ,     1, -35.2577, 1.8234, -1.5012
251.512                                          ,     1, -35.2584, 1.8229, -1.5005
251.538                                          ,     1, -35.2589, 1.8225, -1.4998
251.560                                          ,     1, -35.2595, 1.8223, -1.4995
251.581                                          ,     1, -35.2598, 1.8223, -1.4991
251.605                                          ,     1, -35.2601, 1.8225, -1.4992
251.627                                          ,     1, -35.2602, 1.8231, -1.4988
251.649                                          ,     1, -35.2603, 1.8238, -1.4988
251.671                                          ,     1, -35.2604, 1.8242, -1.4985

# --- Trial 2 start ---
263.183                                          ,     2, -39.8532, 1.8104, -1.2156
263.302                                          ,     2, -39.8515, 1.8102, -1.2127
263.331                                          ,     2, -39.8504, 1.8100, -1.2109
263.353                                          ,     2, -39.8495, 1.8099, -1.2093
263.371                                          ,     2, -39.8488, 1.8097, -1.2082
263.385                                          ,     2, -39.8486, 1.8097, -1.2075
263.402                                          ,     2, -39.8479, 1.8096, -1.2063
263.417                                          ,     2, -39.8475, 1.8095, -1.2055
263.434                                          ,     2, -39.8467, 1.8093, -1.2041
263.448                                          ,     2, -39.8464, 1.8092, -1.2034
263.463                                          ,     2, -39.8460, 1.8092, -1.2025
263.482                                          ,     2, -39.8453, 1.8089, -1.2009
263.497                                          ,     2, -39.8446, 1.8087, -1.1993
263.511                                          ,     2, -39.8440, 1.8085, -1.1984
263.530                                          ,     2, -39.8436, 1.8084, -1.1975
263.545                                          ,     2, -39.8430, 1.8081, -1.1957
263.560                                          ,     2, -39.8427, 1.8079, -1.1947
263.576                                          ,     2, -39.8421, 1.8076, -1.1928
263.591                                          ,     2, -39.8420, 1.8074, -1.1918
263.605                                          ,     2, -39.8417, 1.8072, -1.1909
263.621                                          ,     2, -39.8415, 1.8070, -1.1899
263.640                                          ,     2, -39.8411, 1.8067, -1.1877
263.655                                          ,     2, -39.8408, 1.8065, -1.1856
263.669                                          ,     2, -39.8407, 1.8064, -1.1845
263.683                                          ,     2, -39.8406, 1.8063, -1.1834
263.698                                          ,     2, -39.8404, 1.8059, -1.1812
263.712                                          ,     2, -39.8403, 1.8059, -1.1800
263.732                                          ,     2, -39.8401, 1.8058, -1.1788
263.750                                          ,     2, -39.8399, 1.8056, -1.1762
263.768                                          ,     2, -39.8397, 1.8055, -1.1737
263.787                                          ,     2, -39.8396, 1.8054, -1.1724
263.804                                          ,     2, -39.8395, 1.8053, -1.1698
263.822                                          ,     2, -39.8393, 1.8052, -1.1685
263.839                                          ,     2, -39.8389, 1.8052, -1.1658
263.857                                          ,     2, -39.8384, 1.8051, -1.1631
263.876                                          ,     2, -39.8380, 1.8050, -1.1616
263.907                                          ,     2, -39.8372, 1.8046, -1.1585
263.923                                          ,     2, -39.8360, 1.8043, -1.1540
263.939                                          ,     2, -39.8352, 1.8043, -1.1525
263.954                                          ,     2, -39.8347, 1.8041, -1.1510
263.970                                          ,     2, -39.8336, 1.8038, -1.1479
263.986                                          ,     2, -39.8323, 1.8035, -1.1449
264.001                                          ,     2, -39.8316, 1.8035, -1.1435
264.015                                          ,     2, -39.8308, 1.8034, -1.1420
264.030                                          ,     2, -39.8298, 1.8033, -1.1407
264.045                                          ,     2, -39.8280, 1.8031, -1.1380
264.060                                          ,     2, -39.8269, 1.8029, -1.1368
264.075                                          ,     2, -39.8250, 1.8024, -1.1344
264.090                                          ,     2, -39.8238, 1.8018, -1.1334
264.105                                          ,     2, -39.8228, 1.8010, -1.1326
264.122                                          ,     2, -39.8208, 1.7998, -1.1308
264.137                                          ,     2, -39.8198, 1.7991, -1.1302
264.152                                          ,     2, -39.8179, 1.7982, -1.1290
264.167                                          ,     2, -39.8170, 1.7979, -1.1287
264.182                                          ,     2, -39.8159, 1.7980, -1.1285
264.196                                          ,     2, -39.8148, 1.7980, -1.1283
264.213                                          ,     2, -39.8127, 1.7977, -1.1278
264.228                                          ,     2, -39.8117, 1.7975, -1.1279
264.243                                          ,     2, -39.8097, 1.7972, -1.1280
264.258                                          ,     2, -39.8088, 1.7971, -1.1282
264.274                                          ,     2, -39.8080, 1.7970, -1.1285
264.290                                          ,     2, -39.8064, 1.7965, -1.1290
264.305                                          ,     2, -39.8057, 1.7962, -1.1295
264.322                                          ,     2, -39.8042, 1.7958, -1.1303
264.337                                          ,     2, -39.8034, 1.7955, -1.1310
264.352                                          ,     2, -39.8020, 1.7949, -1.1320
264.369                                          ,     2, -39.8013, 1.7947, -1.1327
264.385                                          ,     2, -39.7999, 1.7941, -1.1339
264.400                                          ,     2, -39.7993, 1.7936, -1.1347
264.421                                          ,     2, -39.7989, 1.7932, -1.1356
264.438                                          ,     2, -39.7979, 1.7922, -1.1371
264.454                                          ,     2, -39.7973, 1.7910, -1.1388
264.469                                          ,     2, -39.7976, 1.7899, -1.1397
264.484                                          ,     2, -39.7976, 1.7881, -1.1414
264.500                                          ,     2, -39.7981, 1.7870, -1.1422
264.515                                          ,     2, -39.7984, 1.7863, -1.1429
264.530                                          ,     2, -39.7971, 1.7893, -1.1436
264.548                                          ,     2, -39.7958, 1.7968, -1.1456
264.562                                          ,     2, -39.7947, 1.8004, -1.1479
264.584                                          ,     2, -39.7937, 1.7991, -1.1494
264.601                                          ,     2, -39.7924, 1.7991, -1.1520
264.616                                          ,     2, -39.7916, 1.7989, -1.1534
264.631                                          ,     2, -39.7904, 1.7995, -1.1563
264.647                                          ,     2, -39.7899, 1.7989, -1.1578
264.662                                          ,     2, -39.7894, 1.7979, -1.1595
264.677                                          ,     2, -39.7881, 1.7969, -1.1622
264.693                                          ,     2, -39.7871, 1.7959, -1.1634
264.707                                          ,     2, -39.7857, 1.7953, -1.1664
264.721                                          ,     2, -39.7849, 1.7949, -1.1680
264.740                                          ,     2, -39.7841, 1.7954, -1.1698
264.756                                          ,     2, -39.7826, 1.7956, -1.1729
264.772                                          ,     2, -39.7820, 1.7957, -1.1743
264.787                                          ,     2, -39.7808, 1.7962, -1.1774
264.802                                          ,     2, -39.7802, 1.7966, -1.1791
264.818                                          ,     2, -39.7785, 1.7973, -1.1827
264.833                                          ,     2, -39.7778, 1.7974, -1.1841
264.847                                          ,     2, -39.7770, 1.7970, -1.1861
264.866                                          ,     2, -39.7762, 1.7966, -1.1880
264.882                                          ,     2, -39.7748, 1.7966, -1.1915
264.899                                          ,     2, -39.7732, 1.7967, -1.1950
264.916                                          ,     2, -39.7724, 1.7969, -1.1969
264.932                                          ,     2, -39.7709, 1.7967, -1.2006
264.947                                          ,     2, -39.7698, 1.7967, -1.2030
264.961                                          ,     2, -39.7680, 1.7969, -1.2072
264.976                                          ,     2, -39.7672, 1.7974, -1.2095
264.992                                          ,     2, -39.7663, 1.7975, -1.2118
265.007                                          ,     2, -39.7656, 1.7971, -1.2139
265.023                                          ,     2, -39.7637, 1.7971, -1.2186
265.038                                          ,     2, -39.7627, 1.7970, -1.2213
265.056                                          ,     2, -39.7609, 1.7972, -1.2263
265.075                                          ,     2, -39.7599, 1.7969, -1.2289
265.091                                          ,     2, -39.7579, 1.7965, -1.2339
265.107                                          ,     2, -39.7568, 1.7966, -1.2367
265.122                                          ,     2, -39.7546, 1.7964, -1.2420
265.136                                          ,     2, -39.7535, 1.7965, -1.2447
265.150                                          ,     2, -39.7525, 1.7963, -1.2473
265.165                                          ,     2, -39.7504, 1.7962, -1.2528
265.178                                          ,     2, -39.7494, 1.7961, -1.2554
265.194                                          ,     2, -39.7480, 1.7961, -1.2582
265.211                                          ,     2, -39.7457, 1.7961, -1.2635
265.228                                          ,     2, -39.7444, 1.7961, -1.2661
265.248                                          ,     2, -39.7418, 1.7961, -1.2712
265.262                                          ,     2, -39.7389, 1.7963, -1.2763
265.278                                          ,     2, -39.7373, 1.7964, -1.2787
265.292                                          ,     2, -39.7357, 1.7965, -1.2809
265.307                                          ,     2, -39.7338, 1.7965, -1.2832
265.324                                          ,     2, -39.7304, 1.7962, -1.2873
265.339                                          ,     2, -39.7287, 1.7958, -1.2892
265.353                                          ,     2, -39.7267, 1.7956, -1.2910
265.371                                          ,     2, -39.7227, 1.7953, -1.2947
265.387                                          ,     2, -39.7183, 1.7946, -1.2983
265.402                                          ,     2, -39.7158, 1.7940, -1.2996
265.417                                          ,     2, -39.7112, 1.7932, -1.3026
265.432                                          ,     2, -39.7084, 1.7930, -1.3038
265.447                                          ,     2, -39.7056, 1.7927, -1.3048
265.461                                          ,     2, -39.7026, 1.7926, -1.3058
265.477                                          ,     2, -39.6969, 1.7921, -1.3076
265.493                                          ,     2, -39.6938, 1.7921, -1.3082
265.507                                          ,     2, -39.6905, 1.7920, -1.3089
265.522                                          ,     2, -39.6841, 1.7919, -1.3105
265.538                                          ,     2, -39.6803, 1.7917, -1.3111
265.553                                          ,     2, -39.6732, 1.7911, -1.3121
265.568                                          ,     2, -39.6691, 1.7907, -1.3124
265.582                                          ,     2, -39.6652, 1.7903, -1.3127
265.598                                          ,     2, -39.6571, 1.7895, -1.3135
265.613                                          ,     2, -39.6524, 1.7889, -1.3137
265.626                                          ,     2, -39.6477, 1.7880, -1.3139
265.646                                          ,     2, -39.6381, 1.7866, -1.3142
265.661                                          ,     2, -39.6327, 1.7857, -1.3142
265.675                                          ,     2, -39.6223, 1.7842, -1.3145
265.692                                          ,     2, -39.6166, 1.7831, -1.3144
265.706                                          ,     2, -39.6056, 1.7810, -1.3141
265.721                                          ,     2, -39.5994, 1.7799, -1.3138
265.736                                          ,     2, -39.5931, 1.7788, -1.3133
265.751                                          ,     2, -39.5867, 1.7779, -1.3129
265.767                                          ,     2, -39.5743, 1.7757, -1.3118
265.781                                          ,     2, -39.5674, 1.7746, -1.3109
265.796                                          ,     2, -39.5541, 1.7723, -1.3093
265.812                                          ,     2, -39.5469, 1.7715, -1.3082
265.829                                          ,     2, -39.5326, 1.7697, -1.3061
265.849                                          ,     2, -39.5249, 1.7690, -1.3045
265.865                                          ,     2, -39.5103, 1.7673, -1.3018
265.881                                          ,     2, -39.5025, 1.7670, -1.3002
265.895                                          ,     2, -39.4947, 1.7669, -1.2987
265.911                                          ,     2, -39.4793, 1.7672, -1.2956
265.927                                          ,     2, -39.4636, 1.7686, -1.2924
265.941                                          ,     2, -39.4557, 1.7703, -1.2907
265.957                                          ,     2, -39.4479, 1.7720, -1.2887
265.975                                          ,     2, -39.4400, 1.7743, -1.2871
265.990                                          ,     2, -39.4243, 1.7782, -1.2842
266.005                                          ,     2, -39.4168, 1.7804, -1.2827
266.019                                          ,     2, -39.4021, 1.7839, -1.2799
266.035                                          ,     2, -39.3954, 1.7850, -1.2787
266.049                                          ,     2, -39.3887, 1.7857, -1.2777
266.064                                          ,     2, -39.3746, 1.7872, -1.2759
266.079                                          ,     2, -39.3682, 1.7870, -1.2754
266.094                                          ,     2, -39.3617, 1.7869, -1.2752
266.110                                          ,     2, -39.3484, 1.7875, -1.2745
266.124                                          ,     2, -39.3419, 1.7879, -1.2748
266.139                                          ,     2, -39.3354, 1.7880, -1.2751
266.157                                          ,     2, -39.3218, 1.7884, -1.2759
266.173                                          ,     2, -39.3084, 1.7891, -1.2768
266.187                                          ,     2, -39.3016, 1.7894, -1.2779
266.201                                          ,     2, -39.2948, 1.7896, -1.2790
266.216                                          ,     2, -39.2879, 1.7897, -1.2801
266.233                                          ,     2, -39.2738, 1.7900, -1.2823
266.247                                          ,     2, -39.2666, 1.7900, -1.2836
266.261                                          ,     2, -39.2524, 1.7900, -1.2860
266.276                                          ,     2, -39.2451, 1.7897, -1.2875
266.292                                          ,     2, -39.2377, 1.7891, -1.2892
266.308                                          ,     2, -39.2226, 1.7880, -1.2922
266.323                                          ,     2, -39.2147, 1.7869, -1.2938
266.338                                          ,     2, -39.2065, 1.7857, -1.2956
266.352                                          ,     2, -39.1909, 1.7838, -1.2988
266.366                                          ,     2, -39.1827, 1.7822, -1.3008
266.381                                          ,     2, -39.1746, 1.7805, -1.3027
266.396                                          ,     2, -39.1579, 1.7773, -1.3064
266.411                                          ,     2, -39.1493, 1.7753, -1.3087
266.427                                          ,     2, -39.1405, 1.7731, -1.3109
266.440                                          ,     2, -39.1320, 1.7709, -1.3133
266.456                                          ,     2, -39.1149, 1.7667, -1.3177
266.474                                          ,     2, -39.0974, 1.7625, -1.3227
266.493                                          ,     2, -39.0882, 1.7603, -1.3257
266.507                                          ,     2, -39.0704, 1.7558, -1.3311
266.520                                          ,     2, -39.0614, 1.7533, -1.3340
266.534                                          ,     2, -39.0521, 1.7514, -1.3371
266.549                                          ,     2, -39.0426, 1.7498, -1.3404
266.564                                          ,     2, -39.0240, 1.7471, -1.3465
266.578                                          ,     2, -39.0142, 1.7476, -1.3500
266.593                                          ,     2, -39.0041, 1.7484, -1.3535
266.608                                          ,     2, -38.9840, 1.7493, -1.3603
266.627                                          ,     2, -38.9739, 1.7515, -1.3638
266.644                                          ,     2, -38.9544, 1.7536, -1.3703
266.658                                          ,     2, -38.9450, 1.7545, -1.3731
266.673                                          ,     2, -38.9266, 1.7551, -1.3785
266.687                                          ,     2, -38.9178, 1.7547, -1.3806
266.701                                          ,     2, -38.9092, 1.7541, -1.3823
266.719                                          ,     2, -38.9010, 1.7535, -1.3837
266.735                                          ,     2, -38.8836, 1.7533, -1.3870
266.750                                          ,     2, -38.8750, 1.7531, -1.3881
266.766                                          ,     2, -38.8577, 1.7532, -1.3905
266.780                                          ,     2, -38.8491, 1.7534, -1.3915
266.796                                          ,     2, -38.8320, 1.7535, -1.3934
266.810                                          ,     2, -38.8233, 1.7533, -1.3940
266.824                                          ,     2, -38.8146, 1.7527, -1.3943
266.840                                          ,     2, -38.7973, 1.7517, -1.3952
266.855                                          ,     2, -38.7889, 1.7508, -1.3951
266.869                                          ,     2, -38.7804, 1.7499, -1.3952
266.882                                          ,     2, -38.7719, 1.7490, -1.3953
266.898                                          ,     2, -38.7635, 1.7481, -1.3953
266.914                                          ,     2, -38.7461, 1.7467, -1.3956
266.933                                          ,     2, -38.7278, 1.7449, -1.3960
266.951                                          ,     2, -38.7095, 1.7430, -1.3960
266.971                                          ,     2, -38.6997, 1.7417, -1.3960
266.984                                          ,     2, -38.6901, 1.7404, -1.3958
266.999                                          ,     2, -38.6802, 1.7390, -1.3957
267.014                                          ,     2, -38.6612, 1.7362, -1.3952
267.028                                          ,     2, -38.6512, 1.7344, -1.3948
267.043                                          ,     2, -38.6415, 1.7324, -1.3944
267.057                                          ,     2, -38.6027, 1.7256, -1.3928
267.071                                          ,     2, -38.5827, 1.7218, -1.3913
267.098                                          ,     2, -38.5619, 1.7176, -1.3890
267.119                                          ,     2, -38.5404, 1.7147, -1.3867
267.143                                          ,     2, -38.5195, 1.7121, -1.3834
267.163                                          ,     2, -38.4976, 1.7105, -1.3803
267.185                                          ,     2, -38.4749, 1.7101, -1.3771
267.206                                          ,     2, -38.4513, 1.7126, -1.3737
267.229                                          ,     2, -38.4286, 1.7160, -1.3703
267.251                                          ,     2, -38.4053, 1.7205, -1.3672
267.281                                          ,     2, -38.3832, 1.7273, -1.3648
267.302                                          ,     2, -38.3636, 1.7302, -1.3625
267.316                                          ,     2, -38.3454, 1.7326, -1.3607
267.340                                          ,     2, -38.3295, 1.7354, -1.3606
267.363                                          ,     2, -38.3127, 1.7397, -1.3613
267.385                                          ,     2, -38.2950, 1.7435, -1.3622
267.408                                          ,     2, -38.2766, 1.7474, -1.3638
267.431                                          ,     2, -38.2583, 1.7508, -1.3657
267.454                                          ,     2, -38.2402, 1.7522, -1.3682
267.476                                          ,     2, -38.2218, 1.7524, -1.3708
267.498                                          ,     2, -38.2035, 1.7519, -1.3734
267.521                                          ,     2, -38.1848, 1.7507, -1.3758
267.543                                          ,     2, -38.1657, 1.7485, -1.3782
267.566                                          ,     2, -38.1555, 1.7461, -1.3796
267.584                                          ,     2, -38.1455, 1.7444, -1.3809
267.600                                          ,     2, -38.1256, 1.7418, -1.3834
267.615                                          ,     2, -38.1155, 1.7397, -1.3847
267.629                                          ,     2, -38.1051, 1.7374, -1.3861
267.642                                          ,     2, -38.0949, 1.7355, -1.3876
267.658                                          ,     2, -38.0844, 1.7335, -1.3891
267.673                                          ,     2, -38.0634, 1.7300, -1.3921
267.688                                          ,     2, -38.0525, 1.7280, -1.3938
267.702                                          ,     2, -38.0313, 1.7245, -1.3971
267.717                                          ,     2, -38.0205, 1.7233, -1.3991
267.735                                          ,     2, -37.9990, 1.7210, -1.4031
267.751                                          ,     2, -37.9775, 1.7190, -1.4072
267.766                                          ,     2, -37.9663, 1.7188, -1.4096
267.782                                          ,     2, -37.9551, 1.7194, -1.4121
267.798                                          ,     2, -37.9440, 1.7212, -1.4145
267.814                                          ,     2, -37.9217, 1.7245, -1.4191
267.831                                          ,     2, -37.8995, 1.7284, -1.4236
267.850                                          ,     2, -37.8887, 1.7317, -1.4259
267.867                                          ,     2, -37.8686, 1.7351, -1.4300
267.883                                          ,     2, -37.8498, 1.7379, -1.4335
267.899                                          ,     2, -37.8418, 1.7394, -1.4346
267.914                                          ,     2, -37.8336, 1.7416, -1.4354
267.929                                          ,     2, -37.8251, 1.7438, -1.4362
267.944                                          ,     2, -37.8075, 1.7477, -1.4378
267.958                                          ,     2, -37.7898, 1.7518, -1.4391
267.972                                          ,     2, -37.7720, 1.7563, -1.4399
267.997                                          ,     2, -37.7546, 1.7611, -1.4397
268.015                                          ,     2, -37.7372, 1.7644, -1.4396
268.041                                          ,     2, -37.7200, 1.7660, -1.4389
268.070                                          ,     2, -37.7026, 1.7667, -1.4380
268.092                                          ,     2, -37.6847, 1.7667, -1.4377
268.106                                          ,     2, -37.6667, 1.7665, -1.4374
268.130                                          ,     2, -37.6480, 1.7645, -1.4369
268.151                                          ,     2, -37.6290, 1.7623, -1.4366
268.174                                          ,     2, -37.6093, 1.7588, -1.4363
268.197                                          ,     2, -37.5895, 1.7548, -1.4358
268.218                                          ,     2, -37.5695, 1.7502, -1.4352
268.242                                          ,     2, -37.5489, 1.7455, -1.4346
268.266                                          ,     2, -37.5282, 1.7407, -1.4334
268.287                                          ,     2, -37.5073, 1.7370, -1.4324
268.310                                          ,     2, -37.4853, 1.7344, -1.4310
268.331                                          ,     2, -37.4631, 1.7319, -1.4295
268.354                                          ,     2, -37.4406, 1.7307, -1.4278
268.376                                          ,     2, -37.4187, 1.7301, -1.4259
268.400                                          ,     2, -37.3960, 1.7330, -1.4240
268.422                                          ,     2, -37.3738, 1.7371, -1.4223
268.444                                          ,     2, -37.3630, 1.7413, -1.4214
268.459                                          ,     2, -37.3527, 1.7446, -1.4210
268.476                                          ,     2, -37.3434, 1.7468, -1.4208
268.491                                          ,     2, -37.3237, 1.7497, -1.4200
268.507                                          ,     2, -37.3150, 1.7511, -1.4201
268.525                                          ,     2, -37.2968, 1.7546, -1.4205
268.542                                          ,     2, -37.2791, 1.7589, -1.4214
268.557                                          ,     2, -37.2711, 1.7617, -1.4228
268.571                                          ,     2, -37.2625, 1.7643, -1.4238
268.586                                          ,     2, -37.2451, 1.7697, -1.4259
268.602                                          ,     2, -37.2364, 1.7726, -1.4275
268.617                                          ,     2, -37.2195, 1.7772, -1.4300
268.635                                          ,     2, -37.2111, 1.7786, -1.4318
268.650                                          ,     2, -37.2027, 1.7795, -1.4335
268.666                                          ,     2, -37.1945, 1.7800, -1.4350
268.682                                          ,     2, -37.1777, 1.7817, -1.4378
268.701                                          ,     2, -37.1607, 1.7818, -1.4407
268.716                                          ,     2, -37.1437, 1.7819, -1.4435
268.732                                          ,     2, -37.1349, 1.7807, -1.4449
268.747                                          ,     2, -37.1258, 1.7793, -1.4464
268.765                                          ,     2, -37.1079, 1.7775, -1.4492
268.781                                          ,     2, -37.0986, 1.7758, -1.4507
268.796                                          ,     2, -37.0804, 1.7732, -1.4538
268.811                                          ,     2, -37.0711, 1.7709, -1.4554
268.827                                          ,     2, -37.0619, 1.7687, -1.4571
268.847                                          ,     2, -37.0431, 1.7653, -1.4605
268.867                                          ,     2, -37.0239, 1.7619, -1.4640
268.881                                          ,     2, -37.0047, 1.7593, -1.4677
268.896                                          ,     2, -36.9846, 1.7577, -1.4716
268.920                                          ,     2, -36.9642, 1.7582, -1.4758
268.940                                          ,     2, -36.9438, 1.7589, -1.4803
268.964                                          ,     2, -36.9236, 1.7607, -1.4851
268.985                                          ,     2, -36.9034, 1.7644, -1.4901
269.015                                          ,     2, -36.8829, 1.7720, -1.4958
269.036                                          ,     2, -36.8631, 1.7776, -1.5008
269.050                                          ,     2, -36.8437, 1.7821, -1.5056
269.073                                          ,     2, -36.8261, 1.7859, -1.5097
269.095                                          ,     2, -36.8089, 1.7884, -1.5130
269.118                                          ,     2, -36.7922, 1.7915, -1.5155
269.140                                          ,     2, -36.7754, 1.7947, -1.5174
269.170                                          ,     2, -36.7587, 1.7974, -1.5180
269.192                                          ,     2, -36.7419, 1.8010, -1.5187
269.205                                          ,     2, -36.7250, 1.8037, -1.5196
269.229                                          ,     2, -36.7083, 1.8051, -1.5191
269.252                                          ,     2, -36.6917, 1.8061, -1.5186
269.276                                          ,     2, -36.6750, 1.8063, -1.5180
269.298                                          ,     2, -36.6583, 1.8056, -1.5174
269.320                                          ,     2, -36.6414, 1.8042, -1.5167
269.344                                          ,     2, -36.6241, 1.8023, -1.5161
269.366                                          ,     2, -36.6150, 1.8006, -1.5157
269.381                                          ,     2, -36.6059, 1.7991, -1.5154
269.396                                          ,     2, -36.5970, 1.7976, -1.5151
269.412                                          ,     2, -36.5789, 1.7950, -1.5145
269.427                                          ,     2, -36.5695, 1.7932, -1.5140
269.441                                          ,     2, -36.5511, 1.7902, -1.5131
269.457                                          ,     2, -36.5416, 1.7884, -1.5124
269.477                                          ,     2, -36.5226, 1.7850, -1.5109
269.493                                          ,     2, -36.5127, 1.7835, -1.5099
269.507                                          ,     2, -36.5028, 1.7825, -1.5090
269.521                                          ,     2, -36.4929, 1.7819, -1.5080
269.536                                          ,     2, -36.4735, 1.7800, -1.5060
269.552                                          ,     2, -36.4542, 1.7785, -1.5037
269.568                                          ,     2, -36.4442, 1.7784, -1.5023
269.583                                          ,     2, -36.4247, 1.7778, -1.4997
269.597                                          ,     2, -36.4150, 1.7786, -1.4982
269.612                                          ,     2, -36.4050, 1.7802, -1.4968
269.626                                          ,     2, -36.3954, 1.7824, -1.4956
269.641                                          ,     2, -36.3762, 1.7844, -1.4929
269.656                                          ,     2, -36.3664, 1.7871, -1.4917
269.671                                          ,     2, -36.3569, 1.7904, -1.4909
269.684                                          ,     2, -36.3382, 1.7948, -1.4890
269.700                                          ,     2, -36.3298, 1.7960, -1.4884
269.715                                          ,     2, -36.3215, 1.7965, -1.4878
269.730                                          ,     2, -36.2958, 1.7996, -1.4863
269.750                                          ,     2, -36.2799, 1.8025, -1.4865
269.774                                          ,     2, -36.2643, 1.8058, -1.4877
269.803                                          ,     2, -36.2488, 1.8090, -1.4895
269.825                                          ,     2, -36.2332, 1.8130, -1.4909
269.847                                          ,     2, -36.2177, 1.8154, -1.4925
269.862                                          ,     2, -36.2023, 1.8174, -1.4939
269.885                                          ,     2, -36.1873, 1.8183, -1.4956
269.908                                          ,     2, -36.1726, 1.8188, -1.4971
269.930                                          ,     2, -36.1576, 1.8185, -1.4984
269.959                                          ,     2, -36.1426, 1.8172, -1.4996
269.981                                          ,     2, -36.1272, 1.8161, -1.5007
269.995                                          ,     2, -36.1117, 1.8150, -1.5019
270.018                                          ,     2, -36.0959, 1.8125, -1.5031
270.039                                          ,     2, -36.0801, 1.8098, -1.5044
270.062                                          ,     2, -36.0644, 1.8064, -1.5058
270.085                                          ,     2, -36.0487, 1.8027, -1.5072
270.106                                          ,     2, -36.0329, 1.7996, -1.5089
270.128                                          ,     2, -36.0165, 1.7977, -1.5110
270.151                                          ,     2, -35.9999, 1.7963, -1.5135
270.174                                          ,     2, -35.9832, 1.7944, -1.5163
270.196                                          ,     2, -35.9660, 1.7940, -1.5196
270.219                                          ,     2, -35.9492, 1.7943, -1.5231
270.242                                          ,     2, -35.9409, 1.7950, -1.5250
270.263                                          ,     2, -35.9327, 1.7975, -1.5268
270.277                                          ,     2, -35.9163, 1.7994, -1.5300
270.290                                          ,     2, -35.8997, 1.8021, -1.5331
270.304                                          ,     2, -35.8916, 1.8049, -1.5349
270.322                                          ,     2, -35.8836, 1.8077, -1.5366
270.336                                          ,     2, -35.8761, 1.8100, -1.5381
270.350                                          ,     2, -35.8608, 1.8129, -1.5412
270.364                                          ,     2, -35.8533, 1.8136, -1.5424
270.378                                          ,     2, -35.8456, 1.8134, -1.5434
270.393                                          ,     2, -35.8306, 1.8138, -1.5444
270.407                                          ,     2, -35.8236, 1.8136, -1.5448
270.421                                          ,     2, -35.8166, 1.8137, -1.5449
270.434                                          ,     2, -35.8097, 1.8139, -1.5449
270.447                                          ,     2, -35.8029, 1.8141, -1.5445
270.462                                          ,     2, -35.7888, 1.8152, -1.5447
270.475                                          ,     2, -35.7824, 1.8161, -1.5441
270.489                                          ,     2, -35.7758, 1.8170, -1.5437
270.505                                          ,     2, -35.7695, 1.8176, -1.5431
270.519                                          ,     2, -35.7632, 1.8181, -1.5424
270.535                                          ,     2, -35.7505, 1.8192, -1.5413
270.549                                          ,     2, -35.7445, 1.8196, -1.5404
270.568                                          ,     2, -35.7322, 1.8203, -1.5388
270.585                                          ,     2, -35.7199, 1.8208, -1.5373
270.601                                          ,     2, -35.7137, 1.8207, -1.5365
270.616                                          ,     2, -35.7013, 1.8208, -1.5351
270.631                                          ,     2, -35.6888, 1.8203, -1.5337
270.648                                          ,     2, -35.6760, 1.8194, -1.5322
270.672                                          ,     2, -35.6628, 1.8180, -1.5308
270.693                                          ,     2, -35.6494, 1.8164, -1.5293
270.717                                          ,     2, -35.6360, 1.8142, -1.5277
270.747                                          ,     2, -35.6222, 1.8116, -1.5257
270.769                                          ,     2, -35.6085, 1.8087, -1.5236
270.785                                          ,     2, -35.5949, 1.8059, -1.5213
270.808                                          ,     2, -35.5810, 1.8030, -1.5188
270.827                                          ,     2, -35.5671, 1.8010, -1.5160
270.848                                          ,     2, -35.5534, 1.7992, -1.5127
270.873                                          ,     2, -35.5399, 1.7973, -1.5093
270.895                                          ,     2, -35.5265, 1.7961, -1.5056
270.918                                          ,     2, -35.5133, 1.7970, -1.5019
270.941                                          ,     2, -35.5003, 1.8001, -1.4979
270.961                                          ,     2, -35.4875, 1.8025, -1.4942
270.987                                          ,     2, -35.4750, 1.8072, -1.4903
271.004                                          ,     2, -35.4625, 1.8120, -1.4867
271.029                                          ,     2, -35.4511, 1.8154, -1.4835
271.053                                          ,     2, -35.4402, 1.8168, -1.4805
271.075                                          ,     2, -35.4296, 1.8180, -1.4779
271.098                                          ,     2, -35.4193, 1.8189, -1.4759
271.120                                          ,     2, -35.4146, 1.8196, -1.4756
271.135                                          ,     2, -35.4096, 1.8205, -1.4749
271.150                                          ,     2, -35.4048, 1.8215, -1.4743
271.166                                          ,     2, -35.3952, 1.8233, -1.4729
271.181                                          ,     2, -35.3910, 1.8238, -1.4725
271.200                                          ,     2, -35.3868, 1.8243, -1.4723
271.216                                          ,     2, -35.3780, 1.8254, -1.4709
271.232                                          ,     2, -35.3743, 1.8257, -1.4705
271.248                                          ,     2, -35.3661, 1.8263, -1.4695
271.262                                          ,     2, -35.3624, 1.8264, -1.4688
271.276                                          ,     2, -35.3586, 1.8262, -1.4683
271.291                                          ,     2, -35.3510, 1.8263, -1.4669
271.305                                          ,     2, -35.3474, 1.8261, -1.4661
271.319                                          ,     2, -35.3439, 1.8258, -1.4655
271.332                                          ,     2, -35.3406, 1.8255, -1.4648
271.349                                          ,     2, -35.3340, 1.8251, -1.4637
271.367                                          ,     2, -35.3279, 1.8246, -1.4628
271.381                                          ,     2, -35.3252, 1.8243, -1.4622
271.396                                          ,     2, -35.3228, 1.8240, -1.4618
271.409                                          ,     2, -35.3176, 1.8234, -1.4610
271.422                                          ,     2, -35.3155, 1.8232, -1.4606
271.435                                          ,     2, -35.3136, 1.8230, -1.4604
271.449                                          ,     2, -35.3119, 1.8229, -1.4607
271.463                                          ,     2, -35.3102, 1.8228, -1.4613
271.477                                          ,     2, -35.3045, 1.8224, -1.4611
271.493                                          ,     2, -35.3017, 1.8221, -1.4616
271.518                                          ,     2, -35.2996, 1.8223, -1.4631
271.539                                          ,     2, -35.2973, 1.8232, -1.4645
271.561                                          ,     2, -35.2952, 1.8240, -1.4663
271.583                                          ,     2, -35.2931, 1.8251, -1.4693
271.605                                          ,     2, -35.2911, 1.8265, -1.4727
271.628                                          ,     2, -35.2891, 1.8274, -1.4756
271.651                                          ,     2, -35.2871, 1.8285, -1.4786
271.678                                          ,     2, -35.2848, 1.8300, -1.4819
271.700                                          ,     2, -35.2824, 1.8311, -1.4852
271.715                                          ,     2, -35.2800, 1.8322, -1.4884
271.740                                          ,     2, -35.2779, 1.8327, -1.4923
271.763                                          ,     2, -35.2758, 1.8332, -1.4965
271.779                                          ,     2, -35.2737, 1.8335, -1.5008
271.807                                          ,     2, -35.2717, 1.8335, -1.5053
271.829                                          ,     2, -35.2698, 1.8334, -1.5094
271.852                                          ,     2, -35.2678, 1.8332, -1.5132
271.874                                          ,     2, -35.2659, 1.8332, -1.5171
271.897                                          ,     2, -35.2639, 1.8331, -1.5205
271.920                                          ,     2, -35.2621, 1.8327, -1.5237
271.943                                          ,     2, -35.2607, 1.8321, -1.5274
271.966                                          ,     2, -35.2593, 1.8316, -1.5300
271.993                                          ,     2, -35.2578, 1.8310, -1.5321
272.014                                          ,     2, -35.2564, 1.8303, -1.5344
272.031                                          ,     2, -35.2551, 1.8298, -1.5367
272.049                                          ,     2, -35.2539, 1.8294, -1.5387
272.075                                          ,     2, -35.2531, 1.8289, -1.5404
272.098                                          ,     2, -35.2522, 1.8283, -1.5417
272.116                                          ,     2, -35.2514, 1.8277, -1.5430
272.142                                          ,     2, -35.2508, 1.8274, -1.5440
272.164                                          ,     2, -35.2502, 1.8272, -1.5450
272.186                                          ,     2, -35.2496, 1.8270, -1.5456
272.208                                          ,     2, -35.2495, 1.8272, -1.5459
272.225                                          ,     2, -35.2494, 1.8273, -1.5459
272.245                                          ,     2, -35.2493, 1.8274, -1.5462
272.258                                          ,     2, -35.2492, 1.8274, -1.5462
272.272                                          ,     2, -35.2491, 1.8274, -1.5465
272.288                                          ,     2, -35.2490, 1.8274, -1.5466
272.304                                          ,     2, -35.2489, 1.8274, -1.5469
272.317                                          ,     2, -35.2488, 1.8274, -1.5471
272.330                                          ,     2, -35.2488, 1.8274, -1.5473
272.344                                          ,     2, -35.2487, 1.8273, -1.5474
272.357                                          ,     2, -35.2486, 1.8273, -1.5476
272.371                                          ,     2, -35.2485, 1.8273, -1.5479
272.385                                          ,     2, -35.2483, 1.8274, -1.5481
272.399                                          ,     2, -35.2482, 1.8273, -1.5484
272.414                                          ,     2, -35.2480, 1.8274, -1.5483
272.429                                          ,     2, -35.2477, 1.8274, -1.5485
272.455                                          ,     2, -35.2474, 1.8274, -1.5488
272.477                                          ,     2, -35.2469, 1.8275, -1.5489

# --- Trial 3 start ---
282.864                                          ,     3, -39.7962, 1.8090, -1.1665
282.984                                          ,     3, -39.7975, 1.8103, -1.1688
283.009                                          ,     3, -39.7977, 1.8108, -1.1693
283.031                                          ,     3, -39.7979, 1.8110, -1.1694
283.048                                          ,     3, -39.7978, 1.8112, -1.1694
283.064                                          ,     3, -39.7976, 1.8113, -1.1692
283.081                                          ,     3, -39.7974, 1.8115, -1.1689
283.097                                          ,     3, -39.7973, 1.8116, -1.1686
283.116                                          ,     3, -39.7970, 1.8118, -1.1681
283.130                                          ,     3, -39.7968, 1.8120, -1.1675
283.144                                          ,     3, -39.7967, 1.8121, -1.1669
283.163                                          ,     3, -39.7966, 1.8122, -1.1664
283.178                                          ,     3, -39.7964, 1.8125, -1.1654
283.191                                          ,     3, -39.7962, 1.8126, -1.1648
283.206                                          ,     3, -39.7961, 1.8128, -1.1641
283.220                                          ,     3, -39.7959, 1.8129, -1.1634
283.235                                          ,     3, -39.7958, 1.8131, -1.1621
283.248                                          ,     3, -39.7957, 1.8133, -1.1613
283.263                                          ,     3, -39.7955, 1.8134, -1.1604
283.277                                          ,     3, -39.7954, 1.8138, -1.1587
283.291                                          ,     3, -39.7954, 1.8141, -1.1576
283.305                                          ,     3, -39.7954, 1.8144, -1.1563
283.320                                          ,     3, -39.7953, 1.8147, -1.1548
283.334                                          ,     3, -39.7955, 1.8150, -1.1532
283.349                                          ,     3, -39.7957, 1.8157, -1.1503
283.364                                          ,     3, -39.7958, 1.8163, -1.1472
283.378                                          ,     3, -39.7961, 1.8166, -1.1453
283.392                                          ,     3, -39.7964, 1.8168, -1.1432
283.410                                          ,     3, -39.7968, 1.8168, -1.1410
283.426                                          ,     3, -39.7973, 1.8173, -1.1370
283.440                                          ,     3, -39.7978, 1.8174, -1.1348
283.454                                          ,     3, -39.7985, 1.8177, -1.1307
283.469                                          ,     3, -39.7988, 1.8176, -1.1287
283.486                                          ,     3, -39.7992, 1.8175, -1.1266
283.502                                          ,     3, -39.8001, 1.8176, -1.1222
283.517                                          ,     3, -39.8007, 1.8176, -1.1200
283.530                                          ,     3, -39.8011, 1.8175, -1.1178
283.545                                          ,     3, -39.8021, 1.8175, -1.1135
283.559                                          ,     3, -39.8026, 1.8173, -1.1113
283.574                                          ,     3, -39.8031, 1.8171, -1.1092
283.588                                          ,     3, -39.8035, 1.8172, -1.1069
283.603                                          ,     3, -39.8044, 1.8170, -1.1026
283.617                                          ,     3, -39.8050, 1.8170, -1.1005
283.633                                          ,     3, -39.8058, 1.8169, -1.0963
283.653                                          ,     3, -39.8062, 1.8167, -1.0942
283.670                                          ,     3, -39.8070, 1.8166, -1.0899
283.685                                          ,     3, -39.8073, 1.8165, -1.0878
283.700                                          ,     3, -39.8079, 1.8163, -1.0834
283.716                                          ,     3, -39.8083, 1.8161, -1.0812
283.729                                          ,     3, -39.8087, 1.8159, -1.0790
283.744                                          ,     3, -39.8093, 1.8156, -1.0746
283.758                                          ,     3, -39.8096, 1.8155, -1.0724
283.774                                          ,     3, -39.8099, 1.8153, -1.0702
283.788                                          ,     3, -39.8102, 1.8151, -1.0680
283.805                                          ,     3, -39.8105, 1.8148, -1.0637
283.820                                          ,     3, -39.8106, 1.8146, -1.0616
283.833                                          ,     3, -39.8108, 1.8145, -1.0595
283.847                                          ,     3, -39.8109, 1.8141, -1.0552
283.862                                          ,     3, -39.8110, 1.8138, -1.0529
283.876                                          ,     3, -39.8111, 1.8133, -1.0486
283.891                                          ,     3, -39.8111, 1.8131, -1.0463
283.905                                          ,     3, -39.8109, 1.8128, -1.0440
283.923                                          ,     3, -39.8107, 1.8125, -1.0419
283.937                                          ,     3, -39.8103, 1.8120, -1.0375
284.227                                          ,     3, -39.7894, 1.8020, -0.9922
284.242                                          ,     3, -39.7883, 1.8014, -0.9919
284.255                                          ,     3, -39.7871, 1.8009, -0.9919
284.271                                          ,     3, -39.7847, 1.8001, -0.9918
284.286                                          ,     3, -39.7833, 1.7998, -0.9925
284.300                                          ,     3, -39.7818, 1.7997, -0.9933
284.315                                          ,     3, -39.7802, 1.7997, -0.9942
284.331                                          ,     3, -39.7772, 1.7994, -0.9957
284.345                                          ,     3, -39.7744, 1.7992, -0.9975
284.360                                          ,     3, -39.7729, 1.7993, -0.9989
284.375                                          ,     3, -39.7716, 1.7992, -1.0002
284.390                                          ,     3, -39.7703, 1.7990, -1.0017
284.411                                          ,     3, -39.7675, 1.7987, -1.0042
284.428                                          ,     3, -39.7650, 1.7984, -1.0068
284.445                                          ,     3, -39.7626, 1.7979, -1.0096
284.459                                          ,     3, -39.7614, 1.7976, -1.0109
284.474                                          ,     3, -39.7603, 1.7972, -1.0126
284.489                                          ,     3, -39.7580, 1.7966, -1.0153
284.505                                          ,     3, -39.7570, 1.7963, -1.0168
284.522                                          ,     3, -39.7560, 1.7961, -1.0183
284.537                                          ,     3, -39.7540, 1.7954, -1.0213
284.552                                          ,     3, -39.7533, 1.7947, -1.0229
284.567                                          ,     3, -39.7516, 1.7937, -1.0259
284.581                                          ,     3, -39.7511, 1.7930, -1.0274
284.597                                          ,     3, -39.7507, 1.7923, -1.0290
284.613                                          ,     3, -39.7500, 1.7909, -1.0323
284.627                                          ,     3, -39.7501, 1.7899, -1.0341
284.643                                          ,     3, -39.7502, 1.7883, -1.0376
284.658                                          ,     3, -39.7508, 1.7875, -1.0395
284.673                                          ,     3, -39.7493, 1.7903, -1.0409
284.688                                          ,     3, -39.7479, 1.7986, -1.0442
284.703                                          ,     3, -39.7467, 1.8021, -1.0463
284.722                                          ,     3, -39.7447, 1.8038, -1.0501
284.740                                          ,     3, -39.7433, 1.8032, -1.0524
284.756                                          ,     3, -39.7409, 1.8029, -1.0566
284.772                                          ,     3, -39.7399, 1.8025, -1.0588
284.787                                          ,     3, -39.7382, 1.8027, -1.0630
284.804                                          ,     3, -39.7371, 1.8020, -1.0653
284.819                                          ,     3, -39.7359, 1.8011, -1.0675
284.835                                          ,     3, -39.7335, 1.7998, -1.0715
284.851                                          ,     3, -39.7323, 1.7988, -1.0736
284.865                                          ,     3, -39.7299, 1.7978, -1.0781
284.881                                          ,     3, -39.7284, 1.7980, -1.0804
284.895                                          ,     3, -39.7272, 1.7982, -1.0829
284.910                                          ,     3, -39.7259, 1.7982, -1.0851
284.930                                          ,     3, -39.7238, 1.7981, -1.0894
284.945                                          ,     3, -39.7217, 1.7983, -1.0939
284.960                                          ,     3, -39.7208, 1.7988, -1.0963
284.976                                          ,     3, -39.7199, 1.7990, -1.0987
284.991                                          ,     3, -39.7180, 1.7992, -1.1032
285.006                                          ,     3, -39.7169, 1.7988, -1.1056
285.023                                          ,     3, -39.7152, 1.7987, -1.1105
285.040                                          ,     3, -39.7143, 1.7989, -1.1128
285.054                                          ,     3, -39.7134, 1.7989, -1.1154
285.069                                          ,     3, -39.7125, 1.7988, -1.1179
285.085                                          ,     3, -39.7103, 1.7985, -1.1232
285.099                                          ,     3, -39.7082, 1.7985, -1.1286
285.116                                          ,     3, -39.7071, 1.7987, -1.1315
285.136                                          ,     3, -39.7028, 1.7990, -1.1424
285.154                                          ,     3, -39.7004, 1.7987, -1.1479
285.178                                          ,     3, -39.6977, 1.7984, -1.1534
285.207                                          ,     3, -39.6948, 1.7983, -1.1591
285.228                                          ,     3, -39.6919, 1.7974, -1.1642
285.243                                          ,     3, -39.6889, 1.7968, -1.1695
285.267                                          ,     3, -39.6851, 1.7961, -1.1748
285.288                                          ,     3, -39.6814, 1.7959, -1.1796
285.310                                          ,     3, -39.6772, 1.7955, -1.1841
285.333                                          ,     3, -39.6722, 1.7951, -1.1885
285.362                                          ,     3, -39.6667, 1.7942, -1.1922
285.384                                          ,     3, -39.6616, 1.7929, -1.1953
285.398                                          ,     3, -39.6564, 1.7916, -1.1988
285.421                                          ,     3, -39.6504, 1.7903, -1.2017
285.444                                          ,     3, -39.6436, 1.7889, -1.2039
285.465                                          ,     3, -39.6370, 1.7876, -1.2058
285.488                                          ,     3, -39.6298, 1.7871, -1.2074
285.510                                          ,     3, -39.6219, 1.7868, -1.2091
285.533                                          ,     3, -39.6136, 1.7860, -1.2100
285.557                                          ,     3, -39.6052, 1.7851, -1.2106
285.580                                          ,     3, -39.5960, 1.7839, -1.2114
285.601                                          ,     3, -39.5867, 1.7827, -1.2119
285.625                                          ,     3, -39.5762, 1.7808, -1.2124
285.647                                          ,     3, -39.5704, 1.7797, -1.2123
285.663                                          ,     3, -39.5648, 1.7788, -1.2124
285.679                                          ,     3, -39.5589, 1.7776, -1.2125
285.694                                          ,     3, -39.5479, 1.7756, -1.2128
285.709                                          ,     3, -39.5416, 1.7741, -1.2128
285.725                                          ,     3, -39.5296, 1.7718, -1.2130
285.740                                          ,     3, -39.5232, 1.7706, -1.2130
285.756                                          ,     3, -39.5164, 1.7692, -1.2128
285.771                                          ,     3, -39.5030, 1.7667, -1.2126
285.787                                          ,     3, -39.4958, 1.7655, -1.2123
285.804                                          ,     3, -39.4815, 1.7632, -1.2119
285.825                                          ,     3, -39.4666, 1.7615, -1.2113
285.840                                          ,     3, -39.4589, 1.7608, -1.2106
285.857                                          ,     3, -39.4434, 1.7594, -1.2093
285.872                                          ,     3, -39.4353, 1.7589, -1.2084
285.887                                          ,     3, -39.4193, 1.7580, -1.2069
285.904                                          ,     3, -39.4106, 1.7585, -1.2060
285.919                                          ,     3, -39.4021, 1.7591, -1.2049
285.933                                          ,     3, -39.3934, 1.7604, -1.2038
285.954                                          ,     3, -39.3682, 1.7631, -1.2009
285.968                                          ,     3, -39.3595, 1.7648, -1.1996
285.983                                          ,     3, -39.3512, 1.7670, -1.1985
285.999                                          ,     3, -39.3433, 1.7692, -1.1973
286.013                                          ,     3, -39.3273, 1.7726, -1.1954
286.029                                          ,     3, -39.3201, 1.7741, -1.1945
286.044                                          ,     3, -39.3054, 1.7764, -1.1932
286.060                                          ,     3, -39.2911, 1.7782, -1.1921
286.075                                          ,     3, -39.2775, 1.7792, -1.1915
286.099                                          ,     3, -39.2647, 1.7798, -1.1919
286.121                                          ,     3, -39.2521, 1.7809, -1.1928
286.143                                          ,     3, -39.2395, 1.7819, -1.1939
286.164                                          ,     3, -39.2268, 1.7829, -1.1954
286.188                                          ,     3, -39.2143, 1.7844, -1.1974
286.209                                          ,     3, -39.2013, 1.7855, -1.1995
286.232                                          ,     3, -39.1882, 1.7861, -1.2015
286.254                                          ,     3, -39.1752, 1.7865, -1.2035
286.276                                          ,     3, -39.1616, 1.7867, -1.2055
286.307                                          ,     3, -39.1469, 1.7863, -1.2079
286.327                                          ,     3, -39.1321, 1.7855, -1.2101
286.341                                          ,     3, -39.1173, 1.7849, -1.2124
286.365                                          ,     3, -39.1017, 1.7833, -1.2151
286.387                                          ,     3, -39.0852, 1.7813, -1.2182
286.409                                          ,     3, -39.0681, 1.7788, -1.2214
286.431                                          ,     3, -39.0506, 1.7758, -1.2251
286.463                                          ,     3, -39.0323, 1.7722, -1.2296
286.485                                          ,     3, -39.0145, 1.7692, -1.2339
286.499                                          ,     3, -38.9966, 1.7667, -1.2383
286.523                                          ,     3, -38.9865, 1.7657, -1.2415
286.540                                          ,     3, -38.9768, 1.7648, -1.2442
286.555                                          ,     3, -38.9673, 1.7643, -1.2468
286.569                                          ,     3, -38.9485, 1.7634, -1.2520
286.584                                          ,     3, -38.9300, 1.7632, -1.2570
286.599                                          ,     3, -38.9202, 1.7650, -1.2596
286.614                                          ,     3, -38.9104, 1.7680, -1.2622
286.630                                          ,     3, -38.9017, 1.7710, -1.2643
286.646                                          ,     3, -38.8920, 1.7741, -1.2665
286.660                                          ,     3, -38.8729, 1.7787, -1.2712
286.677                                          ,     3, -38.8542, 1.7833, -1.2755
286.691                                          ,     3, -38.8454, 1.7850, -1.2772
286.706                                          ,     3, -38.8369, 1.7858, -1.2786
286.721                                          ,     3, -38.8195, 1.7878, -1.2816
286.735                                          ,     3, -38.8114, 1.7884, -1.2824
286.760                                          ,     3, -38.7950, 1.7898, -1.2839
286.777                                          ,     3, -38.7782, 1.7916, -1.2855
286.792                                          ,     3, -38.7702, 1.7928, -1.2858
286.808                                          ,     3, -38.7623, 1.7946, -1.2860
286.823                                          ,     3, -38.7458, 1.7970, -1.2871
286.838                                          ,     3, -38.7378, 1.7976, -1.2873
286.853                                          ,     3, -38.7215, 1.7985, -1.2877
286.867                                          ,     3, -38.7136, 1.7986, -1.2875
286.888                                          ,     3, -38.6976, 1.7990, -1.2874
286.903                                          ,     3, -38.6895, 1.7987, -1.2871
286.918                                          ,     3, -38.6812, 1.7983, -1.2869
286.932                                          ,     3, -38.6645, 1.7981, -1.2869
286.947                                          ,     3, -38.6479, 1.7973, -1.2869
286.962                                          ,     3, -38.6308, 1.7958, -1.2866
286.986                                          ,     3, -38.6127, 1.7932, -1.2862
287.009                                          ,     3, -38.5945, 1.7900, -1.2858
287.032                                          ,     3, -38.5759, 1.7857, -1.2851
287.055                                          ,     3, -38.5569, 1.7813, -1.2843
287.077                                          ,     3, -38.5375, 1.7768, -1.2833
287.100                                          ,     3, -38.5172, 1.7720, -1.2820
287.119                                          ,     3, -38.4968, 1.7688, -1.2803
287.142                                          ,     3, -38.4758, 1.7678, -1.2784
287.166                                          ,     3, -38.4544, 1.7663, -1.2760
287.188                                          ,     3, -38.4333, 1.7650, -1.2732
287.210                                          ,     3, -38.4125, 1.7658, -1.2703
287.239                                          ,     3, -38.3915, 1.7703, -1.2675
287.261                                          ,     3, -38.3705, 1.7752, -1.2652
287.276                                          ,     3, -38.3498, 1.7805, -1.2631
287.299                                          ,     3, -38.3300, 1.7854, -1.2615
287.321                                          ,     3, -38.3110, 1.7861, -1.2605
287.343                                          ,     3, -38.2934, 1.7874, -1.2610
287.367                                          ,     3, -38.2763, 1.7905, -1.2622
287.388                                          ,     3, -38.2590, 1.7938, -1.2638
287.411                                          ,     3, -38.2504, 1.7958, -1.2658
287.427                                          ,     3, -38.2414, 1.7977, -1.2668
287.441                                          ,     3, -38.2326, 1.7989, -1.2681
287.455                                          ,     3, -38.2146, 1.8009, -1.2702
287.470                                          ,     3, -38.2058, 1.8011, -1.2719
287.484                                          ,     3, -38.1971, 1.8012, -1.2733
287.499                                          ,     3, -38.1793, 1.8015, -1.2759
287.513                                          ,     3, -38.1703, 1.8008, -1.2773
287.526                                          ,     3, -38.1616, 1.8000, -1.2786
287.545                                          ,     3, -38.1438, 1.7986, -1.2812
287.561                                          ,     3, -38.1343, 1.7972, -1.2827
287.575                                          ,     3, -38.1250, 1.7959, -1.2840
287.591                                          ,     3, -38.1064, 1.7935, -1.2865
287.606                                          ,     3, -38.0968, 1.7918, -1.2879
287.620                                          ,     3, -38.0871, 1.7900, -1.2893
287.636                                          ,     3, -38.0680, 1.7866, -1.2920
287.652                                          ,     3, -38.0582, 1.7842, -1.2934
287.667                                          ,     3, -38.0390, 1.7804, -1.2962
287.681                                          ,     3, -38.0291, 1.7783, -1.2977
287.700                                          ,     3, -38.0089, 1.7745, -1.3008
287.716                                          ,     3, -37.9983, 1.7730, -1.3026
287.732                                          ,     3, -37.9879, 1.7722, -1.3047
287.748                                          ,     3, -37.9678, 1.7698, -1.3085
287.764                                          ,     3, -37.9571, 1.7687, -1.3110
287.780                                          ,     3, -37.9261, 1.7656, -1.3172
287.796                                          ,     3, -37.9049, 1.7655, -1.3219
287.820                                          ,     3, -37.8834, 1.7700, -1.3269
287.838                                          ,     3, -37.8622, 1.7750, -1.3319
287.864                                          ,     3, -37.8406, 1.7819, -1.3368
287.886                                          ,     3, -37.8210, 1.7867, -1.3410
287.909                                          ,     3, -37.8032, 1.7880, -1.3443
287.931                                          ,     3, -37.7865, 1.7880, -1.3463
287.952                                          ,     3, -37.7700, 1.7900, -1.3474
287.975                                          ,     3, -37.7537, 1.7928, -1.3485
287.998                                          ,     3, -37.7375, 1.7958, -1.3488
288.020                                          ,     3, -37.7209, 1.7995, -1.3494
288.041                                          ,     3, -37.7042, 1.8024, -1.3499
288.065                                          ,     3, -37.6881, 1.8033, -1.3496
288.087                                          ,     3, -37.6721, 1.8033, -1.3493
288.110                                          ,     3, -37.6559, 1.8034, -1.3488
288.133                                          ,     3, -37.6394, 1.8028, -1.3484
288.153                                          ,     3, -37.6227, 1.8017, -1.3480
288.184                                          ,     3, -37.6050, 1.7994, -1.3478
288.206                                          ,     3, -37.5876, 1.7969, -1.3474
288.220                                          ,     3, -37.5701, 1.7944, -1.3470
288.244                                          ,     3, -37.5521, 1.7903, -1.3465
288.266                                          ,     3, -37.5423, 1.7878, -1.3463
288.283                                          ,     3, -37.5330, 1.7856, -1.3460
288.298                                          ,     3, -37.5237, 1.7835, -1.3456
288.312                                          ,     3, -37.5052, 1.7797, -1.3449
288.326                                          ,     3, -37.4956, 1.7782, -1.3444
288.340                                          ,     3, -37.4859, 1.7775, -1.3439
288.355                                          ,     3, -37.4666, 1.7752, -1.3428
288.369                                          ,     3, -37.4568, 1.7743, -1.3420
288.383                                          ,     3, -37.4468, 1.7737, -1.3411
288.397                                          ,     3, -37.4273, 1.7721, -1.3398
288.412                                          ,     3, -37.4173, 1.7722, -1.3387
288.427                                          ,     3, -37.4076, 1.7733, -1.3378
288.440                                          ,     3, -37.3880, 1.7751, -1.3361
288.454                                          ,     3, -37.3781, 1.7770, -1.3351
288.468                                          ,     3, -37.3680, 1.7789, -1.3339
288.486                                          ,     3, -37.3582, 1.7822, -1.3330
288.502                                          ,     3, -37.3389, 1.7873, -1.3317
288.517                                          ,     3, -37.3296, 1.7896, -1.3311
288.530                                          ,     3, -37.3207, 1.7906, -1.3307
288.545                                          ,     3, -37.3025, 1.7923, -1.3299
288.559                                          ,     3, -37.2939, 1.7930, -1.3301
288.573                                          ,     3, -37.2857, 1.7941, -1.3305
288.587                                          ,     3, -37.2685, 1.7967, -1.3310
288.602                                          ,     3, -37.2602, 1.7978, -1.3317
288.617                                          ,     3, -37.2520, 1.7989, -1.3329
288.631                                          ,     3, -37.2349, 1.8017, -1.3344
288.644                                          ,     3, -37.2179, 1.8047, -1.3363
288.664                                          ,     3, -37.2012, 1.8071, -1.3389
288.686                                          ,     3, -37.1847, 1.8079, -1.3419
288.708                                          ,     3, -37.1687, 1.8079, -1.3450
288.731                                          ,     3, -37.1525, 1.8074, -1.3478
288.754                                          ,     3, -37.1363, 1.8064, -1.3508
288.778                                          ,     3, -37.1196, 1.8047, -1.3538
288.799                                          ,     3, -37.1026, 1.8029, -1.3567
288.821                                          ,     3, -37.0853, 1.8005, -1.3598
288.843                                          ,     3, -37.0680, 1.7976, -1.3629
288.864                                          ,     3, -37.0504, 1.7943, -1.3660
288.887                                          ,     3, -37.0326, 1.7904, -1.3695
288.908                                          ,     3, -37.0146, 1.7863, -1.3731
288.931                                          ,     3, -36.9964, 1.7828, -1.3771
288.955                                          ,     3, -36.9777, 1.7809, -1.3813
288.983                                          ,     3, -36.9585, 1.7799, -1.3864
289.005                                          ,     3, -36.9399, 1.7786, -1.3912
289.027                                          ,     3, -36.9206, 1.7793, -1.3962
289.041                                          ,     3, -36.9015, 1.7814, -1.4012
289.066                                          ,     3, -36.8820, 1.7866, -1.4067
289.090                                          ,     3, -36.8622, 1.7931, -1.4121
289.112                                          ,     3, -36.8531, 1.7970, -1.4146
289.131                                          ,     3, -36.8445, 1.7986, -1.4164
289.150                                          ,     3, -36.8270, 1.8002, -1.4201
289.165                                          ,     3, -36.8099, 1.8013, -1.4232
289.182                                          ,     3, -36.8020, 1.8016, -1.4239
289.199                                          ,     3, -36.7853, 1.8032, -1.4261
289.215                                          ,     3, -36.7771, 1.8041, -1.4268
289.229                                          ,     3, -36.7690, 1.8051, -1.4274
289.246                                          ,     3, -36.7529, 1.8076, -1.4289
289.260                                          ,     3, -36.7447, 1.8090, -1.4293
289.275                                          ,     3, -36.7287, 1.8110, -1.4301
289.291                                          ,     3, -36.7208, 1.8112, -1.4299
289.305                                          ,     3, -36.7130, 1.8114, -1.4298
289.319                                          ,     3, -36.6971, 1.8122, -1.4298
289.333                                          ,     3, -36.6894, 1.8125, -1.4296
289.348                                          ,     3, -36.6815, 1.8124, -1.4293
289.363                                          ,     3, -36.6736, 1.8123, -1.4289
289.378                                          ,     3, -36.6575, 1.8119, -1.4287
289.395                                          ,     3, -36.6494, 1.8113, -1.4283
289.409                                          ,     3, -36.6333, 1.8107, -1.4279
289.423                                          ,     3, -36.6252, 1.8095, -1.4276
289.437                                          ,     3, -36.6168, 1.8085, -1.4273
289.451                                          ,     3, -36.6084, 1.8071, -1.4270
289.464                                          ,     3, -36.6000, 1.8058, -1.4266
289.483                                          ,     3, -36.5832, 1.8029, -1.4259
289.497                                          ,     3, -36.5662, 1.7999, -1.4252
289.511                                          ,     3, -36.5493, 1.7966, -1.4242
289.531                                          ,     3, -36.5321, 1.7923, -1.4225
289.552                                          ,     3, -36.5147, 1.7881, -1.4209
289.575                                          ,     3, -36.4972, 1.7852, -1.4189
289.598                                          ,     3, -36.4796, 1.7838, -1.4165
289.627                                          ,     3, -36.4621, 1.7825, -1.4135
289.650                                          ,     3, -36.4451, 1.7819, -1.4105
289.664                                          ,     3, -36.4280, 1.7823, -1.4076
289.686                                          ,     3, -36.4109, 1.7871, -1.4044
289.708                                          ,     3, -36.3934, 1.7925, -1.4011
289.731                                          ,     3, -36.3761, 1.7997, -1.3982
289.753                                          ,     3, -36.3594, 1.8067, -1.3957
289.776                                          ,     3, -36.3435, 1.8110, -1.3938
289.796                                          ,     3, -36.3277, 1.8126, -1.3924
289.819                                          ,     3, -36.3122, 1.8124, -1.3919
289.841                                          ,     3, -36.2963, 1.8120, -1.3922
289.863                                          ,     3, -36.2803, 1.8117, -1.3933
289.887                                          ,     3, -36.2641, 1.8121, -1.3946
289.909                                          ,     3, -36.2481, 1.8124, -1.3964
289.931                                          ,     3, -36.2325, 1.8116, -1.3985
289.955                                          ,     3, -36.2175, 1.8113, -1.4009
289.978                                          ,     3, -36.2105, 1.8112, -1.4023
289.992                                          ,     3, -36.2032, 1.8109, -1.4033
290.008                                          ,     3, -36.1962, 1.8104, -1.4045
290.023                                          ,     3, -36.1816, 1.8099, -1.4065
290.037                                          ,     3, -36.1670, 1.8093, -1.4087
290.050                                          ,     3, -36.1597, 1.8088, -1.4099
290.069                                          ,     3, -36.1525, 1.8081, -1.4115
290.090                                          ,     3, -36.1383, 1.8068, -1.4140
290.107                                          ,     3, -36.1240, 1.8052, -1.4169
290.122                                          ,     3, -36.1168, 1.8041, -1.4185
290.137                                          ,     3, -36.1093, 1.8028, -1.4202
290.154                                          ,     3, -36.0943, 1.8005, -1.4237
290.169                                          ,     3, -36.0866, 1.7991, -1.4256
290.184                                          ,     3, -36.0713, 1.7966, -1.4295
290.198                                          ,     3, -36.0634, 1.7954, -1.4315
290.213                                          ,     3, -36.0554, 1.7946, -1.4338
290.228                                          ,     3, -36.0474, 1.7938, -1.4362
290.247                                          ,     3, -36.0316, 1.7920, -1.4410
290.262                                          ,     3, -36.0158, 1.7904, -1.4459
290.276                                          ,     3, -36.0076, 1.7900, -1.4486
290.290                                          ,     3, -35.9995, 1.7896, -1.4513
290.307                                          ,     3, -35.9916, 1.7894, -1.4541
290.323                                          ,     3, -35.9758, 1.7898, -1.4593
290.336                                          ,     3, -35.9680, 1.7912, -1.4619
290.350                                          ,     3, -35.9601, 1.7932, -1.4646
290.367                                          ,     3, -35.9366, 1.7971, -1.4721
290.382                                          ,     3, -35.9209, 1.8019, -1.4773
290.416                                          ,     3, -35.9057, 1.8096, -1.4820
290.437                                          ,     3, -35.8912, 1.8124, -1.4863
290.451                                          ,     3, -35.8767, 1.8140, -1.4903
290.474                                          ,     3, -35.8631, 1.8145, -1.4933
290.496                                          ,     3, -35.8494, 1.8149, -1.4960
290.519                                          ,     3, -35.8360, 1.8150, -1.4980
290.541                                          ,     3, -35.8224, 1.8161, -1.4999
290.564                                          ,     3, -35.8091, 1.8175, -1.5015
290.587                                          ,     3, -35.7963, 1.8178, -1.5023
290.608                                          ,     3, -35.7836, 1.8177, -1.5029
290.630                                          ,     3, -35.7715, 1.8177, -1.5030
290.653                                          ,     3, -35.7598, 1.8175, -1.5033
290.676                                          ,     3, -35.7481, 1.8172, -1.5033
290.699                                          ,     3, -35.7361, 1.8169, -1.5034
290.731                                          ,     3, -35.7239, 1.8160, -1.5033
290.751                                          ,     3, -35.7117, 1.8153, -1.5033
290.768                                          ,     3, -35.6993, 1.8144, -1.5033
290.785                                          ,     3, -35.6869, 1.8132, -1.5032
290.811                                          ,     3, -35.6744, 1.8115, -1.5028
290.828                                          ,     3, -35.6616, 1.8098, -1.5025
290.854                                          ,     3, -35.6486, 1.8078, -1.5016
290.884                                          ,     3, -35.6417, 1.8060, -1.5007
290.898                                          ,     3, -35.6351, 1.8048, -1.5001
290.914                                          ,     3, -35.6220, 1.8027, -1.4988
290.929                                          ,     3, -35.6154, 1.8015, -1.4979
290.944                                          ,     3, -35.6021, 1.7994, -1.4962
290.958                                          ,     3, -35.5957, 1.7982, -1.4950
290.971                                          ,     3, -35.5892, 1.7970, -1.4936
290.986                                          ,     3, -35.5828, 1.7959, -1.4922
291.001                                          ,     3, -35.5704, 1.7937, -1.4894
291.017                                          ,     3, -35.5640, 1.7932, -1.4876
291.031                                          ,     3, -35.5578, 1.7937, -1.4858
291.046                                          ,     3, -35.5456, 1.7947, -1.4826
291.061                                          ,     3, -35.5333, 1.7966, -1.4793
291.075                                          ,     3, -35.5272, 1.7991, -1.4772
291.091                                          ,     3, -35.5213, 1.8027, -1.4754
291.108                                          ,     3, -35.5155, 1.8058, -1.4737
291.125                                          ,     3, -35.5038, 1.8107, -1.4702
291.143                                          ,     3, -35.4926, 1.8146, -1.4669
291.159                                          ,     3, -35.4872, 1.8157, -1.4654
291.174                                          ,     3, -35.4820, 1.8161, -1.4637
291.196                                          ,     3, -35.4713, 1.8167, -1.4609
291.214                                          ,     3, -35.4662, 1.8165, -1.4597
291.229                                          ,     3, -35.4502, 1.8182, -1.4558
291.245                                          ,     3, -35.4398, 1.8191, -1.4534
291.263                                          ,     3, -35.4297, 1.8200, -1.4513
291.287                                          ,     3, -35.4205, 1.8209, -1.4498
291.309                                          ,     3, -35.4116, 1.8220, -1.4480
291.330                                          ,     3, -35.4030, 1.8230, -1.4462
291.358                                          ,     3, -35.3956, 1.8234, -1.4445
291.380                                          ,     3, -35.3881, 1.8236, -1.4423
291.394                                          ,     3, -35.3806, 1.8236, -1.4399
291.419                                          ,     3, -35.3738, 1.8227, -1.4375
291.436                                          ,     3, -35.3670, 1.8221, -1.4351
291.463                                          ,     3, -35.3614, 1.8209, -1.4327
291.486                                          ,     3, -35.3562, 1.8204, -1.4303
291.508                                          ,     3, -35.3512, 1.8199, -1.4279
291.530                                          ,     3, -35.3469, 1.8196, -1.4260
291.552                                          ,     3, -35.3432, 1.8197, -1.4242
291.569                                          ,     3, -35.3395, 1.8199, -1.4228
291.597                                          ,     3, -35.3367, 1.8208, -1.4222
291.620                                          ,     3, -35.3338, 1.8219, -1.4219
291.643                                          ,     3, -35.3307, 1.8228, -1.4219
291.670                                          ,     3, -35.3283, 1.8235, -1.4233
291.693                                          ,     3, -35.3256, 1.8241, -1.4251
291.710                                          ,     3, -35.3229, 1.8244, -1.4265
291.732                                          ,     3, -35.3203, 1.8246, -1.4288
291.752                                          ,     3, -35.3177, 1.8249, -1.4313
291.777                                          ,     3, -35.3153, 1.8252, -1.4334
291.798                                          ,     3, -35.3130, 1.8254, -1.4366
291.828                                          ,     3, -35.3111, 1.8253, -1.4401
291.848                                          ,     3, -35.3091, 1.8257, -1.4443
291.863                                          ,     3, -35.3070, 1.8260, -1.4481
291.884                                          ,     3, -35.3051, 1.8271, -1.4536
291.907                                          ,     3, -35.3032, 1.8287, -1.4589
291.931                                          ,     3, -35.3013, 1.8298, -1.4642
291.955                                          ,     3, -35.3004, 1.8300, -1.4679
291.983                                          ,     3, -35.2995, 1.8301, -1.4712
291.998                                          ,     3, -35.2986, 1.8302, -1.4740
292.010                                          ,     3, -35.2977, 1.8303, -1.4769
292.024                                          ,     3, -35.2949, 1.8307, -1.4851
292.040                                          ,     3, -35.2940, 1.8306, -1.4879
292.057                                          ,     3, -35.2932, 1.8306, -1.4908
292.073                                          ,     3, -35.2924, 1.8305, -1.4937
292.086                                          ,     3, -35.2916, 1.8305, -1.4966
292.102                                          ,     3, -35.2909, 1.8304, -1.4996
292.118                                          ,     3, -35.2894, 1.8303, -1.5054
292.137                                          ,     3, -35.2879, 1.8302, -1.5110
292.155                                          ,     3, -35.2852, 1.8299, -1.5222
292.171                                          ,     3, -35.2841, 1.8297, -1.5277
292.195                                          ,     3, -35.2831, 1.8291, -1.5333
292.212                                          ,     3, -35.2820, 1.8288, -1.5386
292.239                                          ,     3, -35.2812, 1.8280, -1.5432
292.262                                          ,     3, -35.2804, 1.8276, -1.5478
292.280                                          ,     3, -35.2795, 1.8272, -1.5525
292.312                                          ,     3, -35.2788, 1.8270, -1.5560
292.333                                          ,     3, -35.2780, 1.8265, -1.5600
292.349                                          ,     3, -35.2772, 1.8262, -1.5634
292.373                                          ,     3, -35.2766, 1.8257, -1.5669
292.396                                          ,     3, -35.2760, 1.8253, -1.5699
292.417                                          ,     3, -35.2754, 1.8248, -1.5726
292.441                                          ,     3, -35.2750, 1.8245, -1.5753
292.467                                          ,     3, -35.2746, 1.8240, -1.5773
292.490                                          ,     3, -35.2743, 1.8237, -1.5794
292.506                                          ,     3, -35.2739, 1.8232, -1.5816
292.530                                          ,     3, -35.2736, 1.8230, -1.5833
292.554                                          ,     3, -35.2734, 1.8227, -1.5848
292.577                                          ,     3, -35.2732, 1.8224, -1.5863
292.598                                          ,     3, -35.2731, 1.8223, -1.5880
292.622                                          ,     3, -35.2728, 1.8221, -1.5893
292.641                                          ,     3, -35.2726, 1.8220, -1.5907
292.667                                          ,     3, -35.2726, 1.8220, -1.5921
292.690                                          ,     3, -35.2724, 1.8218, -1.5931

# --- Trial 4 start ---
304.598                                          ,     4, -39.7669, 1.8024, -1.2193
304.718                                          ,     4, -39.7641, 1.8011, -1.2270
304.747                                          ,     4, -39.7633, 1.8010, -1.2305
304.764                                          ,     4, -39.7622, 1.8007, -1.2344
304.784                                          ,     4, -39.7614, 1.8007, -1.2372
304.803                                          ,     4, -39.7603, 1.8007, -1.2416
304.818                                          ,     4, -39.7594, 1.8008, -1.2449
304.833                                          ,     4, -39.7585, 1.8010, -1.2482
304.858                                          ,     4, -39.7575, 1.8016, -1.2517
304.880                                          ,     4, -39.7564, 1.8020, -1.2553
304.910                                          ,     4, -39.7555, 1.8023, -1.2585
304.932                                          ,     4, -39.7546, 1.8023, -1.2617
304.948                                          ,     4, -39.7537, 1.8022, -1.2647
304.970                                          ,     4, -39.7529, 1.8020, -1.2677
304.992                                          ,     4, -39.7518, 1.8017, -1.2704
305.013                                          ,     4, -39.7510, 1.8011, -1.2727
305.036                                          ,     4, -39.7501, 1.8006, -1.2750
305.066                                          ,     4, -39.7493, 1.8000, -1.2768
305.088                                          ,     4, -39.7486, 1.7994, -1.2786
305.110                                          ,     4, -39.7478, 1.7988, -1.2803
305.125                                          ,     4, -39.7472, 1.7981, -1.2819
305.147                                          ,     4, -39.7466, 1.7976, -1.2832
305.170                                          ,     4, -39.7465, 1.7970, -1.2839
305.194                                          ,     4, -39.7465, 1.7966, -1.2844
305.224                                          ,     4, -39.7466, 1.7965, -1.2845
305.246                                          ,     4, -39.7468, 1.7964, -1.2845
305.266                                          ,     4, -39.7472, 1.7965, -1.2843
305.281                                          ,     4, -39.7475, 1.7965, -1.2840
305.306                                          ,     4, -39.7479, 1.7967, -1.2832
305.323                                          ,     4, -39.7483, 1.7970, -1.2823
305.348                                          ,     4, -39.7491, 1.7973, -1.2808
305.379                                          ,     4, -39.7498, 1.7975, -1.2788
305.399                                          ,     4, -39.7501, 1.7978, -1.2769
305.414                                          ,     4, -39.7505, 1.7981, -1.2747
305.437                                          ,     4, -39.7509, 1.7985, -1.2719
305.458                                          ,     4, -39.7514, 1.7989, -1.2689
305.481                                          ,     4, -39.7518, 1.7992, -1.2652
305.503                                          ,     4, -39.7522, 1.7995, -1.2613
305.533                                          ,     4, -39.7521, 1.7996, -1.2586
305.554                                          ,     4, -39.7522, 1.7998, -1.2562
305.567                                          ,     4, -39.7522, 1.8001, -1.2540
305.582                                          ,     4, -39.7524, 1.8005, -1.2496
305.596                                          ,     4, -39.7525, 1.8007, -1.2472
305.611                                          ,     4, -39.7523, 1.8009, -1.2446
305.624                                          ,     4, -39.7523, 1.8011, -1.2420
305.640                                          ,     4, -39.7522, 1.8014, -1.2369
305.655                                          ,     4, -39.7520, 1.8015, -1.2341
305.668                                          ,     4, -39.7518, 1.8017, -1.2313
305.684                                          ,     4, -39.7514, 1.8020, -1.2258
305.698                                          ,     4, -39.7513, 1.8019, -1.2228
305.713                                          ,     4, -39.7508, 1.8019, -1.2170
305.729                                          ,     4, -39.7505, 1.8018, -1.2139
305.745                                          ,     4, -39.7501, 1.8017, -1.2109
305.760                                          ,     4, -39.7493, 1.8016, -1.2049
305.774                                          ,     4, -39.7488, 1.8015, -1.2019
305.789                                          ,     4, -39.7479, 1.8013, -1.1959
305.804                                          ,     4, -39.7474, 1.8013, -1.1930
305.818                                          ,     4, -39.7469, 1.8011, -1.1900
305.836                                          ,     4, -39.7459, 1.8007, -1.1843
305.852                                          ,     4, -39.7455, 1.8004, -1.1814
305.867                                          ,     4, -39.7446, 1.7999, -1.1759
305.881                                          ,     4, -39.7440, 1.7995, -1.1732
305.896                                          ,     4, -39.7437, 1.7990, -1.1708
305.910                                          ,     4, -39.7427, 1.7980, -1.1657
305.926                                          ,     4, -39.7423, 1.7971, -1.1635
305.940                                          ,     4, -39.7421, 1.7962, -1.1614
305.956                                          ,     4, -39.7418, 1.7954, -1.1594
305.973                                          ,     4, -39.7412, 1.7944, -1.1555
305.994                                          ,     4, -39.7405, 1.7938, -1.1523
306.013                                          ,     4, -39.7398, 1.7936, -1.1493
306.032                                          ,     4, -39.7395, 1.7939, -1.1484
306.048                                          ,     4, -39.7389, 1.7941, -1.1460
306.064                                          ,     4, -39.7384, 1.7944, -1.1453
306.079                                          ,     4, -39.7375, 1.7944, -1.1435
306.094                                          ,     4, -39.7371, 1.7945, -1.1428
306.109                                          ,     4, -39.7368, 1.7945, -1.1422
306.126                                          ,     4, -39.7359, 1.7945, -1.1409
306.143                                          ,     4, -39.7350, 1.7943, -1.1400
306.163                                          ,     4, -39.7344, 1.7939, -1.1399
306.177                                          ,     4, -39.7339, 1.7935, -1.1397
306.192                                          ,     4, -39.7330, 1.7929, -1.1390
306.208                                          ,     4, -39.7325, 1.7925, -1.1390
306.225                                          ,     4, -39.7314, 1.7917, -1.1388
306.241                                          ,     4, -39.7309, 1.7910, -1.1390
306.257                                          ,     4, -39.7298, 1.7900, -1.1390
306.273                                          ,     4, -39.7294, 1.7894, -1.1392
306.288                                          ,     4, -39.7290, 1.7887, -1.1394
306.310                                          ,     4, -39.7286, 1.7873, -1.1400
306.327                                          ,     4, -39.7283, 1.7859, -1.1406
306.343                                          ,     4, -39.7286, 1.7852, -1.1411
306.357                                          ,     4, -39.7287, 1.7841, -1.1420
306.372                                          ,     4, -39.7292, 1.7836, -1.1428
306.387                                          ,     4, -39.7301, 1.7823, -1.1441
306.402                                          ,     4, -39.7311, 1.7812, -1.1450
306.417                                          ,     4, -39.7319, 1.7810, -1.1460
306.433                                          ,     4, -39.7310, 1.7866, -1.1478
306.448                                          ,     4, -39.7313, 1.7916, -1.1492
306.468                                          ,     4, -39.7313, 1.7927, -1.1507
306.484                                          ,     4, -39.7311, 1.7939, -1.1534
306.500                                          ,     4, -39.7310, 1.7949, -1.1561
306.516                                          ,     4, -39.7306, 1.7948, -1.1579
306.531                                          ,     4, -39.7304, 1.7955, -1.1610
306.545                                          ,     4, -39.7302, 1.7951, -1.1627
306.560                                          ,     4, -39.7300, 1.7947, -1.1647
306.575                                          ,     4, -39.7295, 1.7937, -1.1664
306.591                                          ,     4, -39.7289, 1.7924, -1.1697
306.606                                          ,     4, -39.7288, 1.7914, -1.1715
306.626                                          ,     4, -39.7280, 1.7911, -1.1755
306.642                                          ,     4, -39.7276, 1.7915, -1.1775
306.656                                          ,     4, -39.7270, 1.7914, -1.1812
306.669                                          ,     4, -39.7266, 1.7916, -1.1827
306.683                                          ,     4, -39.7263, 1.7920, -1.1843
306.698                                          ,     4, -39.7258, 1.7928, -1.1862
306.713                                          ,     4, -39.7252, 1.7934, -1.1898
306.728                                          ,     4, -39.7248, 1.7939, -1.1914
306.744                                          ,     4, -39.7243, 1.7938, -1.1931
306.760                                          ,     4, -39.7233, 1.7938, -1.1966
306.774                                          ,     4, -39.7228, 1.7938, -1.1983
306.788                                          ,     4, -39.7217, 1.7940, -1.2020
306.802                                          ,     4, -39.7210, 1.7940, -1.2038
306.817                                          ,     4, -39.7202, 1.7938, -1.2056
306.831                                          ,     4, -39.7193, 1.7936, -1.2074
306.847                                          ,     4, -39.7175, 1.7934, -1.2116
306.862                                          ,     4, -39.7165, 1.7937, -1.2137
306.876                                          ,     4, -39.7155, 1.7938, -1.2157
306.891                                          ,     4, -39.7137, 1.7938, -1.2197
306.904                                          ,     4, -39.7126, 1.7937, -1.2219
306.918                                          ,     4, -39.7115, 1.7933, -1.2239
306.937                                          ,     4, -39.7091, 1.7933, -1.2281
306.953                                          ,     4, -39.7077, 1.7935, -1.2307
306.966                                          ,     4, -39.7064, 1.7934, -1.2329
306.980                                          ,     4, -39.7038, 1.7930, -1.2375
306.995                                          ,     4, -39.7023, 1.7928, -1.2400
307.009                                          ,     4, -39.7007, 1.7927, -1.2426
307.022                                          ,     4, -39.6990, 1.7928, -1.2452
307.038                                          ,     4, -39.6959, 1.7927, -1.2502
307.052                                          ,     4, -39.6943, 1.7926, -1.2527
307.068                                          ,     4, -39.6910, 1.7922, -1.2577
307.084                                          ,     4, -39.6891, 1.7920, -1.2604
307.099                                          ,     4, -39.6853, 1.7918, -1.2654
307.113                                          ,     4, -39.6830, 1.7917, -1.2679
307.127                                          ,     4, -39.6809, 1.7914, -1.2702
307.142                                          ,     4, -39.6789, 1.7909, -1.2725
307.157                                          ,     4, -39.6745, 1.7904, -1.2773
307.172                                          ,     4, -39.6721, 1.7900, -1.2796
307.187                                          ,     4, -39.6675, 1.7892, -1.2840
307.201                                          ,     4, -39.6649, 1.7886, -1.2861
307.216                                          ,     4, -39.6624, 1.7880, -1.2881
307.235                                          ,     4, -39.6599, 1.7872, -1.2896
307.257                                          ,     4, -39.6548, 1.7864, -1.2934
307.275                                          ,     4, -39.6494, 1.7853, -1.2968
307.291                                          ,     4, -39.6439, 1.7842, -1.2997
307.308                                          ,     4, -39.6409, 1.7838, -1.3007
307.324                                          ,     4, -39.6296, 1.7826, -1.3062
307.345                                          ,     4, -39.6232, 1.7828, -1.3080
307.369                                          ,     4, -39.6159, 1.7825, -1.3093
307.390                                          ,     4, -39.6085, 1.7821, -1.3104
307.416                                          ,     4, -39.6006, 1.7818, -1.3112
307.432                                          ,     4, -39.5924, 1.7810, -1.3122
307.455                                          ,     4, -39.5834, 1.7796, -1.3128
307.477                                          ,     4, -39.5738, 1.7782, -1.3133
307.500                                          ,     4, -39.5642, 1.7765, -1.3133
307.522                                          ,     4, -39.5540, 1.7742, -1.3133
307.544                                          ,     4, -39.5433, 1.7722, -1.3129
307.566                                          ,     4, -39.5320, 1.7702, -1.3124
307.590                                          ,     4, -39.5204, 1.7681, -1.3115
307.611                                          ,     4, -39.5083, 1.7659, -1.3103
307.632                                          ,     4, -39.4961, 1.7640, -1.3091
307.655                                          ,     4, -39.4834, 1.7621, -1.3073
307.678                                          ,     4, -39.4703, 1.7604, -1.3052
307.700                                          ,     4, -39.4570, 1.7592, -1.3028
307.733                                          ,     4, -39.4433, 1.7583, -1.2992
307.754                                          ,     4, -39.4305, 1.7569, -1.2957
307.770                                          ,     4, -39.4176, 1.7560, -1.2922
307.792                                          ,     4, -39.4044, 1.7575, -1.2880
307.813                                          ,     4, -39.3909, 1.7597, -1.2838
307.835                                          ,     4, -39.3839, 1.7632, -1.2814
307.851                                          ,     4, -39.3772, 1.7663, -1.2795
307.870                                          ,     4, -39.3635, 1.7714, -1.2758
307.885                                          ,     4, -39.3570, 1.7739, -1.2741
307.900                                          ,     4, -39.3444, 1.7773, -1.2705
307.914                                          ,     4, -39.3386, 1.7782, -1.2691
307.928                                          ,     4, -39.3328, 1.7789, -1.2678
307.942                                          ,     4, -39.3270, 1.7793, -1.2667
307.958                                          ,     4, -39.3148, 1.7804, -1.2646
307.973                                          ,     4, -39.3089, 1.7805, -1.2642
307.986                                          ,     4, -39.2968, 1.7817, -1.2626
308.000                                          ,     4, -39.2909, 1.7818, -1.2626
308.015                                          ,     4, -39.2850, 1.7820, -1.2628
308.030                                          ,     4, -39.2790, 1.7824, -1.2629
308.044                                          ,     4, -39.2669, 1.7837, -1.2629
308.057                                          ,     4, -39.2607, 1.7843, -1.2634
308.072                                          ,     4, -39.2544, 1.7847, -1.2643
308.087                                          ,     4, -39.2483, 1.7850, -1.2649
308.103                                          ,     4, -39.2358, 1.7857, -1.2659
308.117                                          ,     4, -39.2295, 1.7859, -1.2667
308.131                                          ,     4, -39.2169, 1.7864, -1.2680
308.145                                          ,     4, -39.2103, 1.7863, -1.2689
308.161                                          ,     4, -39.2035, 1.7861, -1.2699
308.176                                          ,     4, -39.1965, 1.7856, -1.2709
308.191                                          ,     4, -39.1828, 1.7849, -1.2725
308.205                                          ,     4, -39.1686, 1.7839, -1.2746
308.221                                          ,     4, -39.1542, 1.7824, -1.2767
308.246                                          ,     4, -39.1388, 1.7801, -1.2794
308.267                                          ,     4, -39.1234, 1.7775, -1.2824
308.292                                          ,     4, -39.1073, 1.7742, -1.2859
308.312                                          ,     4, -39.0914, 1.7708, -1.2895
308.336                                          ,     4, -39.0752, 1.7671, -1.2935
308.363                                          ,     4, -39.0584, 1.7641, -1.2983
308.386                                          ,     4, -39.0419, 1.7610, -1.3032
308.409                                          ,     4, -39.0252, 1.7584, -1.3084
308.425                                          ,     4, -39.0084, 1.7566, -1.3134
308.442                                          ,     4, -38.9912, 1.7561, -1.3190
308.467                                          ,     4, -38.9735, 1.7586, -1.3246
308.490                                          ,     4, -38.9553, 1.7642, -1.3304
308.521                                          ,     4, -38.9362, 1.7724, -1.3360
308.542                                          ,     4, -38.9181, 1.7787, -1.3411
308.564                                          ,     4, -38.9005, 1.7830, -1.3455
308.579                                          ,     4, -38.8837, 1.7853, -1.3494
308.601                                          ,     4, -38.8677, 1.7857, -1.3519
308.624                                          ,     4, -38.8523, 1.7858, -1.3534
308.646                                          ,     4, -38.8369, 1.7865, -1.3544
308.676                                          ,     4, -38.8213, 1.7877, -1.3547
308.698                                          ,     4, -38.8054, 1.7898, -1.3554
308.711                                          ,     4, -38.7979, 1.7904, -1.3552
308.728                                          ,     4, -38.7903, 1.7905, -1.3545
308.744                                          ,     4, -38.7826, 1.7908, -1.3541
308.761                                          ,     4, -38.7671, 1.7916, -1.3535
308.776                                          ,     4, -38.7595, 1.7917, -1.3528
308.792                                          ,     4, -38.7440, 1.7922, -1.3521
308.808                                          ,     4, -38.7362, 1.7920, -1.3513
308.825                                          ,     4, -38.7280, 1.7915, -1.3506
308.841                                          ,     4, -38.7118, 1.7908, -1.3494
308.856                                          ,     4, -38.6952, 1.7896, -1.3482
308.870                                          ,     4, -38.6867, 1.7884, -1.3475
308.886                                          ,     4, -38.6779, 1.7870, -1.3466
308.900                                          ,     4, -38.6607, 1.7847, -1.3452
308.914                                          ,     4, -38.6517, 1.7829, -1.3443
308.928                                          ,     4, -38.6427, 1.7810, -1.3433
308.943                                          ,     4, -38.6246, 1.7776, -1.3414
308.957                                          ,     4, -38.6151, 1.7756, -1.3404
308.973                                          ,     4, -38.6058, 1.7733, -1.3390
308.988                                          ,     4, -38.5873, 1.7693, -1.3366
309.002                                          ,     4, -38.5776, 1.7671, -1.3350
309.016                                          ,     4, -38.5680, 1.7654, -1.3333
309.033                                          ,     4, -38.5584, 1.7641, -1.3315
309.049                                          ,     4, -38.5394, 1.7611, -1.3279
309.063                                          ,     4, -38.5205, 1.7581, -1.3240
309.079                                          ,     4, -38.5015, 1.7557, -1.3198
309.099                                          ,     4, -38.4824, 1.7556, -1.3150
309.122                                          ,     4, -38.4632, 1.7598, -1.3104
309.144                                          ,     4, -38.4439, 1.7650, -1.3061
309.167                                          ,     4, -38.4247, 1.7733, -1.3024
309.188                                          ,     4, -38.4073, 1.7788, -1.2995
309.209                                          ,     4, -38.3907, 1.7797, -1.2972
309.232                                          ,     4, -38.3749, 1.7806, -1.2963
309.255                                          ,     4, -38.3594, 1.7829, -1.2965
309.277                                          ,     4, -38.3439, 1.7855, -1.2971
309.298                                          ,     4, -38.3276, 1.7877, -1.2979
309.331                                          ,     4, -38.3112, 1.7899, -1.2994
309.351                                          ,     4, -38.2947, 1.7911, -1.3008
309.365                                          ,     4, -38.2783, 1.7919, -1.3019
309.388                                          ,     4, -38.2620, 1.7916, -1.3035
309.410                                          ,     4, -38.2455, 1.7907, -1.3048
309.435                                          ,     4, -38.2290, 1.7891, -1.3060
309.456                                          ,     4, -38.2119, 1.7871, -1.3072
309.487                                          ,     4, -38.1949, 1.7841, -1.3081
309.508                                          ,     4, -38.1771, 1.7814, -1.3094
309.522                                          ,     4, -38.1591, 1.7788, -1.3107
309.545                                          ,     4, -38.1400, 1.7759, -1.3120
309.568                                          ,     4, -38.1301, 1.7742, -1.3129
309.583                                          ,     4, -38.1202, 1.7725, -1.3138
309.597                                          ,     4, -38.1103, 1.7708, -1.3148
309.611                                          ,     4, -38.1005, 1.7693, -1.3160
309.626                                          ,     4, -38.0812, 1.7669, -1.3183
309.642                                          ,     4, -38.0714, 1.7661, -1.3198
309.656                                          ,     4, -38.0614, 1.7650, -1.3214
309.671                                          ,     4, -38.0419, 1.7628, -1.3243
309.686                                          ,     4, -38.0318, 1.7622, -1.3260
309.700                                          ,     4, -38.0119, 1.7609, -1.3292
309.716                                          ,     4, -38.0016, 1.7623, -1.3311
309.731                                          ,     4, -37.9813, 1.7651, -1.3347
309.746                                          ,     4, -37.9711, 1.7679, -1.3367
309.761                                          ,     4, -37.9606, 1.7713, -1.3387
309.782                                          ,     4, -37.9411, 1.7764, -1.3422
309.800                                          ,     4, -37.9224, 1.7793, -1.3454
309.813                                          ,     4, -37.9139, 1.7795, -1.3465
309.829                                          ,     4, -37.9060, 1.7796, -1.3473
309.843                                          ,     4, -37.8980, 1.7803, -1.3479
309.857                                          ,     4, -37.8812, 1.7824, -1.3492
309.872                                          ,     4, -37.8735, 1.7838, -1.3491
309.886                                          ,     4, -37.8659, 1.7849, -1.3490
309.900                                          ,     4, -37.8495, 1.7873, -1.3494
309.915                                          ,     4, -37.8416, 1.7890, -1.3492
309.930                                          ,     4, -37.8338, 1.7907, -1.3489
309.944                                          ,     4, -37.8177, 1.7934, -1.3488
309.958                                          ,     4, -37.8016, 1.7953, -1.3485
309.974                                          ,     4, -37.7857, 1.7966, -1.3477
309.998                                          ,     4, -37.7700, 1.7970, -1.3466
310.019                                          ,     4, -37.7540, 1.7973, -1.3456
310.043                                          ,     4, -37.7379, 1.7964, -1.3445
310.065                                          ,     4, -37.7213, 1.7953, -1.3436
310.088                                          ,     4, -37.7043, 1.7934, -1.3426
310.109                                          ,     4, -37.6870, 1.7913, -1.3417
310.131                                          ,     4, -37.6695, 1.7884, -1.3407
310.153                                          ,     4, -37.6515, 1.7848, -1.3395
310.176                                          ,     4, -37.6330, 1.7808, -1.3383
310.198                                          ,     4, -37.6146, 1.7767, -1.3369
310.221                                          ,     4, -37.5955, 1.7725, -1.3352
310.251                                          ,     4, -37.5759, 1.7700, -1.3334
310.273                                          ,     4, -37.5563, 1.7674, -1.3313
310.295                                          ,     4, -37.5367, 1.7656, -1.3291
310.308                                          ,     4, -37.5170, 1.7639, -1.3270
310.332                                          ,     4, -37.4968, 1.7646, -1.3246
310.355                                          ,     4, -37.4766, 1.7677, -1.3225
310.378                                          ,     4, -37.4567, 1.7716, -1.3204
310.409                                          ,     4, -37.4375, 1.7799, -1.3191
310.430                                          ,     4, -37.4289, 1.7815, -1.3187
310.444                                          ,     4, -37.4106, 1.7834, -1.3175
310.457                                          ,     4, -37.4020, 1.7836, -1.3174
310.470                                          ,     4, -37.3934, 1.7845, -1.3176
310.485                                          ,     4, -37.3851, 1.7858, -1.3182
310.498                                          ,     4, -37.3763, 1.7872, -1.3186
310.512                                          ,     4, -37.3588, 1.7896, -1.3193
310.527                                          ,     4, -37.3502, 1.7913, -1.3205
310.541                                          ,     4, -37.3415, 1.7934, -1.3217
310.554                                          ,     4, -37.3242, 1.7966, -1.3233
310.568                                          ,     4, -37.3157, 1.7979, -1.3246
310.583                                          ,     4, -37.3074, 1.7987, -1.3261
310.596                                          ,     4, -37.2993, 1.7993, -1.3275
310.610                                          ,     4, -37.2827, 1.8009, -1.3299
310.624                                          ,     4, -37.2746, 1.8010, -1.3313
310.638                                          ,     4, -37.2667, 1.8010, -1.3326
310.653                                          ,     4, -37.2586, 1.8007, -1.3340
310.667                                          ,     4, -37.2421, 1.8007, -1.3367
310.680                                          ,     4, -37.2338, 1.8000, -1.3381
310.694                                          ,     4, -37.2255, 1.7994, -1.3395
310.713                                          ,     4, -37.2089, 1.7980, -1.3422
310.730                                          ,     4, -37.2005, 1.7968, -1.3437
310.744                                          ,     4, -37.1920, 1.7955, -1.3452
310.759                                          ,     4, -37.1663, 1.7924, -1.3496
310.775                                          ,     4, -37.1488, 1.7891, -1.3526
310.798                                          ,     4, -37.1309, 1.7848, -1.3558
310.821                                          ,     4, -37.1127, 1.7806, -1.3593
310.843                                          ,     4, -37.0940, 1.7773, -1.3631
310.867                                          ,     4, -37.0749, 1.7755, -1.3673
310.887                                          ,     4, -37.0554, 1.7735, -1.3716
310.909                                          ,     4, -37.0357, 1.7723, -1.3762
310.932                                          ,     4, -37.0157, 1.7732, -1.3812
310.954                                          ,     4, -36.9958, 1.7764, -1.3858
310.976                                          ,     4, -36.9758, 1.7810, -1.3906
310.999                                          ,     4, -36.9555, 1.7870, -1.3950
311.021                                          ,     4, -36.9359, 1.7923, -1.3992
311.044                                          ,     4, -36.9179, 1.7945, -1.4024
311.066                                          ,     4, -36.9009, 1.7944, -1.4047
311.089                                          ,     4, -36.8847, 1.7947, -1.4063
311.111                                          ,     4, -36.8690, 1.7961, -1.4076
311.134                                          ,     4, -36.8530, 1.7978, -1.4091
311.156                                          ,     4, -36.8369, 1.8003, -1.4104
311.179                                          ,     4, -36.8210, 1.8034, -1.4113
311.209                                          ,     4, -36.8056, 1.8044, -1.4112
311.231                                          ,     4, -36.7901, 1.8055, -1.4113
311.246                                          ,     4, -36.7743, 1.8067, -1.4116
311.267                                          ,     4, -36.7665, 1.8063, -1.4111
311.283                                          ,     4, -36.7585, 1.8059, -1.4110
311.298                                          ,     4, -36.7506, 1.8054, -1.4109
311.315                                          ,     4, -36.7346, 1.8049, -1.4108
311.331                                          ,     4, -36.7263, 1.8040, -1.4107
311.345                                          ,     4, -36.7098, 1.8026, -1.4108
311.361                                          ,     4, -36.7013, 1.8012, -1.4108
311.375                                          ,     4, -36.6928, 1.7999, -1.4107
311.389                                          ,     4, -36.6758, 1.7974, -1.4105
311.403                                          ,     4, -36.6671, 1.7956, -1.4104
311.417                                          ,     4, -36.6583, 1.7938, -1.4102
311.431                                          ,     4, -36.6495, 1.7919, -1.4099
311.444                                          ,     4, -36.6322, 1.7886, -1.4096
311.462                                          ,     4, -36.6229, 1.7864, -1.4092
311.476                                          ,     4, -36.6138, 1.7849, -1.4088
311.491                                          ,     4, -36.5957, 1.7824, -1.4081
311.508                                          ,     4, -36.5862, 1.7815, -1.4074
311.522                                          ,     4, -36.5680, 1.7792, -1.4063
311.534                                          ,     4, -36.5587, 1.7785, -1.4056
311.551                                          ,     4, -36.5495, 1.7782, -1.4049
311.565                                          ,     4, -36.5310, 1.7770, -1.4034
311.579                                          ,     4, -36.5217, 1.7779, -1.4025
311.592                                          ,     4, -36.5126, 1.7794, -1.4018
311.606                                          ,     4, -36.5036, 1.7811, -1.4010
311.619                                          ,     4, -36.4855, 1.7835, -1.3995
311.632                                          ,     4, -36.4674, 1.7872, -1.3982
311.654                                          ,     4, -36.4498, 1.7940, -1.3974
311.684                                          ,     4, -36.4336, 1.7995, -1.3970
311.705                                          ,     4, -36.4171, 1.8017, -1.3969
311.717                                          ,     4, -36.4007, 1.8039, -1.3969
311.744                                          ,     4, -36.3853, 1.8055, -1.3982
311.765                                          ,     4, -36.3695, 1.8070, -1.3998
311.787                                          ,     4, -36.3538, 1.8091, -1.4019
311.808                                          ,     4, -36.3383, 1.8113, -1.4043
311.832                                          ,     4, -36.3233, 1.8121, -1.4070
311.854                                          ,     4, -36.3085, 1.8119, -1.4099
311.877                                          ,     4, -36.2940, 1.8117, -1.4124
311.899                                          ,     4, -36.2795, 1.8111, -1.4149
311.921                                          ,     4, -36.2647, 1.8101, -1.4175
311.944                                          ,     4, -36.2496, 1.8094, -1.4201
311.967                                          ,     4, -36.2346, 1.8084, -1.4227
311.998                                          ,     4, -36.2193, 1.8067, -1.4256
312.019                                          ,     4, -36.2039, 1.8047, -1.4284
312.033                                          ,     4, -36.1887, 1.8025, -1.4312
312.056                                          ,     4, -36.1729, 1.7994, -1.4344
312.078                                          ,     4, -36.1570, 1.7963, -1.4377
312.101                                          ,     4, -36.1407, 1.7935, -1.4414
312.123                                          ,     4, -36.1321, 1.7929, -1.4439
312.139                                          ,     4, -36.1237, 1.7921, -1.4462
312.153                                          ,     4, -36.1153, 1.7912, -1.4487
312.167                                          ,     4, -36.0987, 1.7897, -1.4531
312.181                                          ,     4, -36.0901, 1.7896, -1.4557
312.195                                          ,     4, -36.0816, 1.7896, -1.4583
312.208                                          ,     4, -36.0649, 1.7892, -1.4632
312.222                                          ,     4, -36.0566, 1.7903, -1.4659
312.237                                          ,     4, -36.0484, 1.7919, -1.4686
312.251                                          ,     4, -36.0403, 1.7936, -1.4712
312.265                                          ,     4, -36.0237, 1.7964, -1.4763
312.279                                          ,     4, -36.0157, 1.7992, -1.4790
312.300                                          ,     4, -36.0077, 1.8028, -1.4816
312.317                                          ,     4, -35.9916, 1.8068, -1.4864
312.332                                          ,     4, -35.9760, 1.8100, -1.4908
312.345                                          ,     4, -35.9688, 1.8106, -1.4925
312.361                                          ,     4, -35.9616, 1.8106, -1.4940
312.376                                          ,     4, -35.9545, 1.8104, -1.4952
312.390                                          ,     4, -35.9400, 1.8112, -1.4981
312.403                                          ,     4, -35.9331, 1.8113, -1.4991
312.418                                          ,     4, -35.9265, 1.8114, -1.4998
312.432                                          ,     4, -35.9123, 1.8124, -1.5017
312.453                                          ,     4, -35.9057, 1.8134, -1.5020
312.469                                          ,     4, -35.8922, 1.8149, -1.5031
312.483                                          ,     4, -35.8787, 1.8160, -1.5042
312.496                                          ,     4, -35.8656, 1.8170, -1.5048
312.520                                          ,     4, -35.8532, 1.8177, -1.5046
312.542                                          ,     4, -35.8407, 1.8183, -1.5044
312.564                                          ,     4, -35.8282, 1.8183, -1.5041
312.587                                          ,     4, -35.8157, 1.8179, -1.5038
312.609                                          ,     4, -35.8031, 1.8173, -1.5032
312.631                                          ,     4, -35.7903, 1.8161, -1.5027
312.653                                          ,     4, -35.7771, 1.8146, -1.5023
312.675                                          ,     4, -35.7638, 1.8129, -1.5018
312.697                                          ,     4, -35.7503, 1.8109, -1.5011
312.720                                          ,     4, -35.7365, 1.8083, -1.5002
312.743                                          ,     4, -35.7226, 1.8054, -1.4990
312.773                                          ,     4, -35.7085, 1.8029, -1.4972
312.794                                          ,     4, -35.6947, 1.8013, -1.4956
312.807                                          ,     4, -35.6808, 1.7994, -1.4938
312.830                                          ,     4, -35.6667, 1.7976, -1.4914
312.853                                          ,     4, -35.6526, 1.7960, -1.4888
312.876                                          ,     4, -35.6388, 1.7945, -1.4860
312.899                                          ,     4, -35.6254, 1.7951, -1.4829
312.921                                          ,     4, -35.6123, 1.7969, -1.4797
312.945                                          ,     4, -35.5993, 1.8002, -1.4765
312.967                                          ,     4, -35.5929, 1.8038, -1.4751
312.982                                          ,     4, -35.5864, 1.8073, -1.4739
312.996                                          ,     4, -35.5801, 1.8107, -1.4727
313.010                                          ,     4, -35.5739, 1.8135, -1.4715
313.026                                          ,     4, -35.5611, 1.8171, -1.4690
313.040                                          ,     4, -35.5549, 1.8181, -1.4682
313.053                                          ,     4, -35.5488, 1.8188, -1.4675
313.072                                          ,     4, -35.5365, 1.8204, -1.4665
313.088                                          ,     4, -35.5242, 1.8218, -1.4657
313.101                                          ,     4, -35.5182, 1.8220, -1.4660
313.117                                          ,     4, -35.5122, 1.8222, -1.4664
313.131                                          ,     4, -35.5062, 1.8228, -1.4668
313.144                                          ,     4, -35.4945, 1.8240, -1.4671
313.159                                          ,     4, -35.4893, 1.8244, -1.4680
313.173                                          ,     4, -35.4840, 1.8248, -1.4689
313.187                                          ,     4, -35.4732, 1.8256, -1.4699
313.201                                          ,     4, -35.4683, 1.8257, -1.4709
313.215                                          ,     4, -35.4634, 1.8260, -1.4718
313.229                                          ,     4, -35.4533, 1.8265, -1.4730
313.243                                          ,     4, -35.4488, 1.8263, -1.4738
313.257                                          ,     4, -35.4442, 1.8263, -1.4745
313.272                                          ,     4, -35.4397, 1.8261, -1.4753
313.287                                          ,     4, -35.4302, 1.8262, -1.4766
313.303                                          ,     4, -35.4257, 1.8261, -1.4776
313.319                                          ,     4, -35.4212, 1.8260, -1.4786
313.332                                          ,     4, -35.4120, 1.8259, -1.4802
313.347                                          ,     4, -35.4030, 1.8258, -1.4822
313.362                                          ,     4, -35.3939, 1.8255, -1.4843
313.388                                          ,     4, -35.3852, 1.8249, -1.4867
313.416                                          ,     4, -35.3769, 1.8238, -1.4897
313.438                                          ,     4, -35.3687, 1.8229, -1.4927
313.452                                          ,     4, -35.3606, 1.8220, -1.4956
313.476                                          ,     4, -35.3532, 1.8206, -1.4992
313.499                                          ,     4, -35.3463, 1.8193, -1.5035
313.521                                          ,     4, -35.3397, 1.8182, -1.5076
313.543                                          ,     4, -35.3335, 1.8173, -1.5119
313.565                                          ,     4, -35.3275, 1.8171, -1.5167
313.588                                          ,     4, -35.3215, 1.8188, -1.5216
313.609                                          ,     4, -35.3157, 1.8208, -1.5269
313.632                                          ,     4, -35.3100, 1.8223, -1.5318
313.654                                          ,     4, -35.3046, 1.8235, -1.5367
313.676                                          ,     4, -35.2993, 1.8245, -1.5415
313.698                                          ,     4, -35.2940, 1.8247, -1.5465
313.721                                          ,     4, -35.2885, 1.8248, -1.5509
313.744                                          ,     4, -35.2830, 1.8258, -1.5547
313.768                                          ,     4, -35.2780, 1.8261, -1.5581
313.790                                          ,     4, -35.2733, 1.8256, -1.5614
313.811                                          ,     4, -35.2688, 1.8250, -1.5640
313.835                                          ,     4, -35.2642, 1.8248, -1.5624
313.858                                          ,     4, -35.2601, 1.8247, -1.5636
313.885                                          ,     4, -35.2562, 1.8252, -1.5643
313.907                                          ,     4, -35.2526, 1.8260, -1.5647
313.923                                          ,     4, -35.2491, 1.8265, -1.5650
313.947                                          ,     4, -35.2467, 1.8266, -1.5651
313.969                                          ,     4, -35.2444, 1.8267, -1.5649
313.993                                          ,     4, -35.2428, 1.8266, -1.5647
314.018                                          ,     4, -35.2417, 1.8264, -1.5645
314.045                                          ,     4, -35.2407, 1.8260, -1.5648
314.067                                          ,     4, -35.2404, 1.8256, -1.5646
314.083                                          ,     4, -35.2401, 1.8251, -1.5647
314.100                                          ,     4, -35.2399, 1.8247, -1.5646
314.114                                          ,     4, -35.2395, 1.8245, -1.5642
314.128                                          ,     4, -35.2392, 1.8245, -1.5639
314.142                                          ,     4, -35.2389, 1.8244, -1.5633
314.155                                          ,     4, -35.2386, 1.8244, -1.5629
314.169                                          ,     4, -35.2385, 1.8244, -1.5623
314.189                                          ,     4, -35.2380, 1.8246, -1.5611
314.206                                          ,     4, -35.2376, 1.8253, -1.5595
314.219                                          ,     4, -35.2375, 1.8261, -1.5581
314.233                                          ,     4, -35.2373, 1.8270, -1.5566
314.248                                          ,     4, -35.2373, 1.8277, -1.5549
314.265                                          ,     4, -35.2374, 1.8282, -1.5532
314.281                                          ,     4, -35.2376, 1.8285, -1.5513
314.307                                          ,     4, -35.2381, 1.8289, -1.5497
314.331                                          ,     4, -35.2380, 1.8291, -1.5474
314.352                                          ,     4, -35.2380, 1.8293, -1.5453
314.374                                          ,     4, -35.2378, 1.8297, -1.5433
314.392                                          ,     4, -35.2376, 1.8298, -1.5414
314.418                                          ,     4, -35.2373, 1.8296, -1.5397
314.440                                          ,     4, -35.2369, 1.8293, -1.5373
314.463                                          ,     4, -35.2366, 1.8290, -1.5353
314.487                                          ,     4, -35.2364, 1.8285, -1.5338
314.513                                          ,     4, -35.2365, 1.8279, -1.5324
314.534                                          ,     4, -35.2366, 1.8274, -1.5312
314.551                                          ,     4, -35.2368, 1.8271, -1.5301
314.574                                          ,     4, -35.2370, 1.8271, -1.5290
314.596                                          ,     4, -35.2371, 1.8274, -1.5282
314.620                                          ,     4, -35.2373, 1.8279, -1.5275
314.643                                          ,     4, -35.2376, 1.8287, -1.5268
314.666                                          ,     4, -35.2379, 1.8294, -1.5263
314.687                                          ,     4, -35.2382, 1.8301, -1.5259
314.710                                          ,     4, -35.2386, 1.8304, -1.5255
314.733                                          ,     4, -35.2389, 1.8307, -1.5254
314.757                                          ,     4, -35.2390, 1.8310, -1.5255
314.773                                          ,     4, -35.2389, 1.8313, -1.5242
314.799                                          ,     4, -35.2388, 1.8315, -1.5242

# --- Trial 5 start ---
326.009                                          ,     5, -39.7941, 1.8045, -1.2037
326.134                                          ,     5, -39.7942, 1.8044, -1.1995
326.163                                          ,     5, -39.7943, 1.8043, -1.1971
326.181                                          ,     5, -39.7943, 1.8043, -1.1958
326.199                                          ,     5, -39.7943, 1.8042, -1.1945
326.217                                          ,     5, -39.7942, 1.8041, -1.1931
326.232                                          ,     5, -39.7942, 1.8040, -1.1925
326.246                                          ,     5, -39.7942, 1.8039, -1.1910
326.260                                          ,     5, -39.7942, 1.8038, -1.1902
326.275                                          ,     5, -39.7942, 1.8038, -1.1894
326.292                                          ,     5, -39.7943, 1.8037, -1.1885
326.310                                          ,     5, -39.7944, 1.8037, -1.1867
326.327                                          ,     5, -39.7944, 1.8036, -1.1850
326.341                                          ,     5, -39.7944, 1.8036, -1.1841
326.356                                          ,     5, -39.7944, 1.8035, -1.1830
326.370                                          ,     5, -39.7943, 1.8035, -1.1811
326.385                                          ,     5, -39.7944, 1.8034, -1.1801
326.400                                          ,     5, -39.7944, 1.8034, -1.1790
326.415                                          ,     5, -39.7944, 1.8034, -1.1770
326.429                                          ,     5, -39.7945, 1.8033, -1.1759
326.445                                          ,     5, -39.7946, 1.8031, -1.1738
326.467                                          ,     5, -39.7947, 1.8031, -1.1726
326.482                                          ,     5, -39.7948, 1.8029, -1.1705
326.495                                          ,     5, -39.7949, 1.8028, -1.1695
326.510                                          ,     5, -39.7950, 1.8028, -1.1683
326.524                                          ,     5, -39.7950, 1.8028, -1.1660
326.537                                          ,     5, -39.7950, 1.8028, -1.1648
326.552                                          ,     5, -39.7952, 1.8028, -1.1635
326.567                                          ,     5, -39.7953, 1.8027, -1.1623
326.580                                          ,     5, -39.7953, 1.8027, -1.1598
326.594                                          ,     5, -39.7953, 1.8026, -1.1585
326.610                                          ,     5, -39.7953, 1.8026, -1.1573
326.627                                          ,     5, -39.7952, 1.8025, -1.1548
326.643                                          ,     5, -39.7952, 1.8024, -1.1534
326.657                                          ,     5, -39.7952, 1.8023, -1.1522
326.672                                          ,     5, -39.7951, 1.8022, -1.1496
326.688                                          ,     5, -39.7950, 1.8021, -1.1483
326.702                                          ,     5, -39.7946, 1.8020, -1.1457
326.717                                          ,     5, -39.7944, 1.8019, -1.1443
326.732                                          ,     5, -39.7942, 1.8019, -1.1429
326.747                                          ,     5, -39.7936, 1.8017, -1.1401
326.762                                          ,     5, -39.7932, 1.8015, -1.1389
326.781                                          ,     5, -39.7923, 1.8012, -1.1363
326.799                                          ,     5, -39.7918, 1.8011, -1.1350
326.815                                          ,     5, -39.7908, 1.8006, -1.1324
326.830                                          ,     5, -39.7902, 1.8002, -1.1313
326.844                                          ,     5, -39.7896, 1.8001, -1.1302
326.861                                          ,     5, -39.7889, 1.8000, -1.1292
326.876                                          ,     5, -39.7876, 1.7998, -1.1272
326.891                                          ,     5, -39.7859, 1.7996, -1.1254
326.906                                          ,     5, -39.7850, 1.7995, -1.1247
326.923                                          ,     5, -39.7839, 1.7991, -1.1242
326.942                                          ,     5, -39.7820, 1.7985, -1.1233
326.961                                          ,     5, -39.7802, 1.7977, -1.1228
326.975                                          ,     5, -39.7793, 1.7972, -1.1228
326.990                                          ,     5, -39.7774, 1.7966, -1.1228
327.005                                          ,     5, -39.7766, 1.7964, -1.1231
327.019                                          ,     5, -39.7757, 1.7961, -1.1236
327.035                                          ,     5, -39.7742, 1.7954, -1.1242
327.050                                          ,     5, -39.7733, 1.7954, -1.1248
327.065                                          ,     5, -39.7726, 1.7953, -1.1255
327.082                                          ,     5, -39.7712, 1.7950, -1.1268
327.097                                          ,     5, -39.7705, 1.7949, -1.1276
327.114                                          ,     5, -39.7691, 1.7946, -1.1290
327.130                                          ,     5, -39.7684, 1.7946, -1.1298
327.146                                          ,     5, -39.7673, 1.7946, -1.1307
327.164                                          ,     5, -39.7656, 1.7944, -1.1322
327.181                                          ,     5, -39.7637, 1.7940, -1.1340
327.197                                          ,     5, -39.7629, 1.7936, -1.1350
327.214                                          ,     5, -39.7610, 1.7930, -1.1369
327.230                                          ,     5, -39.7603, 1.7924, -1.1379
327.247                                          ,     5, -39.7585, 1.7915, -1.1400
327.265                                          ,     5, -39.7576, 1.7908, -1.1412
327.287                                          ,     5, -39.7565, 1.7892, -1.1436
327.304                                          ,     5, -39.7555, 1.7874, -1.1464
327.321                                          ,     5, -39.7548, 1.7860, -1.1493
327.343                                          ,     5, -39.7550, 1.7861, -1.1512
327.362                                          ,     5, -39.7540, 1.7869, -1.1545
327.381                                          ,     5, -39.7519, 1.7939, -1.1579
327.399                                          ,     5, -39.7510, 1.7966, -1.1602
327.420                                          ,     5, -39.7494, 1.7979, -1.1644
327.444                                          ,     5, -39.7476, 1.7981, -1.1688
327.466                                          ,     5, -39.7462, 1.7988, -1.1731
327.485                                          ,     5, -39.7449, 1.7989, -1.1776
327.504                                          ,     5, -39.7433, 1.7980, -1.1820
327.523                                          ,     5, -39.7422, 1.7973, -1.1842
327.543                                          ,     5, -39.7405, 1.7965, -1.1887
327.578                                          ,     5, -39.7386, 1.7965, -1.1932
327.597                                          ,     5, -39.7358, 1.7969, -1.1996
327.619                                          ,     5, -39.7339, 1.7975, -1.2034
327.635                                          ,     5, -39.7321, 1.7979, -1.2073
327.653                                          ,     5, -39.7314, 1.7980, -1.2092
327.674                                          ,     5, -39.7295, 1.7980, -1.2129
327.691                                          ,     5, -39.7274, 1.7979, -1.2165
327.707                                          ,     5, -39.7262, 1.7978, -1.2182
327.723                                          ,     5, -39.7243, 1.7977, -1.2217
327.740                                          ,     5, -39.7231, 1.7976, -1.2234
327.755                                          ,     5, -39.7219, 1.7974, -1.2250
327.773                                          ,     5, -39.7196, 1.7969, -1.2282
327.788                                          ,     5, -39.7170, 1.7967, -1.2315
327.803                                          ,     5, -39.7156, 1.7968, -1.2331
327.819                                          ,     5, -39.7144, 1.7968, -1.2345
327.836                                          ,     5, -39.7131, 1.7967, -1.2357
327.853                                          ,     5, -39.7105, 1.7963, -1.2386
327.868                                          ,     5, -39.7075, 1.7961, -1.2415
327.885                                          ,     5, -39.7058, 1.7962, -1.2429
327.901                                          ,     5, -39.7028, 1.7961, -1.2457
327.917                                          ,     5, -39.7011, 1.7958, -1.2471
327.938                                          ,     5, -39.6978, 1.7952, -1.2498
327.955                                          ,     5, -39.6960, 1.7951, -1.2512
327.971                                          ,     5, -39.6941, 1.7949, -1.2527
327.986                                          ,     5, -39.6905, 1.7944, -1.2555
328.002                                          ,     5, -39.6868, 1.7941, -1.2583
328.017                                          ,     5, -39.6848, 1.7938, -1.2596
328.031                                          ,     5, -39.6808, 1.7935, -1.2625
328.047                                          ,     5, -39.6764, 1.7932, -1.2653
328.063                                          ,     5, -39.6720, 1.7928, -1.2679
328.078                                          ,     5, -39.6677, 1.7923, -1.2704
328.109                                          ,     5, -39.6628, 1.7916, -1.2727
328.131                                          ,     5, -39.6579, 1.7908, -1.2749
328.145                                          ,     5, -39.6528, 1.7897, -1.2771
328.168                                          ,     5, -39.6475, 1.7882, -1.2789
328.188                                          ,     5, -39.6419, 1.7866, -1.2808
328.213                                          ,     5, -39.6356, 1.7845, -1.2821
328.235                                          ,     5, -39.6291, 1.7828, -1.2831
328.256                                          ,     5, -39.6227, 1.7819, -1.2840
328.279                                          ,     5, -39.6157, 1.7816, -1.2847
328.301                                          ,     5, -39.6085, 1.7815, -1.2850
328.324                                          ,     5, -39.6012, 1.7817, -1.2850
328.346                                          ,     5, -39.5935, 1.7820, -1.2849
328.368                                          ,     5, -39.5854, 1.7823, -1.2849
328.392                                          ,     5, -39.5766, 1.7822, -1.2846
328.422                                          ,     5, -39.5671, 1.7818, -1.2844
328.443                                          ,     5, -39.5575, 1.7810, -1.2840
328.461                                          ,     5, -39.5479, 1.7797, -1.2836
328.482                                          ,     5, -39.5372, 1.7783, -1.2830
328.504                                          ,     5, -39.5259, 1.7770, -1.2821
328.527                                          ,     5, -39.5144, 1.7754, -1.2808
328.548                                          ,     5, -39.5028, 1.7733, -1.2792
328.579                                          ,     5, -39.4958, 1.7720, -1.2776
328.600                                          ,     5, -39.4839, 1.7703, -1.2754
328.620                                          ,     5, -39.4723, 1.7686, -1.2728
328.637                                          ,     5, -39.4603, 1.7668, -1.2697
328.653                                          ,     5, -39.4543, 1.7661, -1.2677
328.672                                          ,     5, -39.4422, 1.7654, -1.2640
328.692                                          ,     5, -39.4298, 1.7665, -1.2602
328.711                                          ,     5, -39.4234, 1.7690, -1.2579
328.736                                          ,     5, -39.4107, 1.7728, -1.2538
328.757                                          ,     5, -39.3977, 1.7776, -1.2502
328.775                                          ,     5, -39.3853, 1.7821, -1.2467
328.795                                          ,     5, -39.3737, 1.7854, -1.2432
328.811                                          ,     5, -39.3623, 1.7875, -1.2402
328.828                                          ,     5, -39.3565, 1.7873, -1.2392
328.844                                          ,     5, -39.3452, 1.7878, -1.2370
328.861                                          ,     5, -39.3397, 1.7872, -1.2366
328.883                                          ,     5, -39.3279, 1.7877, -1.2357
328.903                                          ,     5, -39.3162, 1.7882, -1.2352
328.918                                          ,     5, -39.3104, 1.7881, -1.2352
328.935                                          ,     5, -39.2987, 1.7887, -1.2354
328.952                                          ,     5, -39.2929, 1.7893, -1.2362
328.969                                          ,     5, -39.2811, 1.7899, -1.2368
328.984                                          ,     5, -39.2748, 1.7902, -1.2376
329.002                                          ,     5, -39.2685, 1.7903, -1.2383
329.019                                          ,     5, -39.2500, 1.7911, -1.2398
329.036                                          ,     5, -39.2374, 1.7916, -1.2410
329.056                                          ,     5, -39.2241, 1.7915, -1.2426
329.080                                          ,     5, -39.2102, 1.7905, -1.2446
329.100                                          ,     5, -39.1959, 1.7892, -1.2466
329.122                                          ,     5, -39.1815, 1.7874, -1.2487
329.142                                          ,     5, -39.1669, 1.7851, -1.2510
329.167                                          ,     5, -39.1513, 1.7820, -1.2538
329.190                                          ,     5, -39.1357, 1.7790, -1.2570
329.214                                          ,     5, -39.1201, 1.7752, -1.2608
329.235                                          ,     5, -39.1043, 1.7719, -1.2647
329.258                                          ,     5, -39.0884, 1.7690, -1.2691
329.281                                          ,     5, -39.0726, 1.7662, -1.2742
329.303                                          ,     5, -39.0565, 1.7638, -1.2796
329.325                                          ,     5, -39.0404, 1.7626, -1.2852
329.350                                          ,     5, -39.0244, 1.7633, -1.2910
329.378                                          ,     5, -39.0080, 1.7681, -1.2969
329.401                                          ,     5, -38.9913, 1.7730, -1.3025
329.417                                          ,     5, -38.9747, 1.7782, -1.3081
329.438                                          ,     5, -38.9582, 1.7840, -1.3134
329.459                                          ,     5, -38.9427, 1.7876, -1.3180
329.481                                          ,     5, -38.9281, 1.7888, -1.3216
329.504                                          ,     5, -38.9213, 1.7885, -1.3221
329.520                                          ,     5, -38.9141, 1.7887, -1.3231
329.536                                          ,     5, -38.8996, 1.7901, -1.3257
329.552                                          ,     5, -38.8925, 1.7906, -1.3263
329.567                                          ,     5, -38.8854, 1.7913, -1.3269
329.582                                          ,     5, -38.8708, 1.7930, -1.3288
329.598                                          ,     5, -38.8637, 1.7936, -1.3291
329.614                                          ,     5, -38.8493, 1.7946, -1.3301
329.628                                          ,     5, -38.8422, 1.7946, -1.3302
329.646                                          ,     5, -38.8353, 1.7947, -1.3301
329.662                                          ,     5, -38.8211, 1.7953, -1.3305
329.677                                          ,     5, -38.8068, 1.7955, -1.3307
329.697                                          ,     5, -38.7997, 1.7953, -1.3305
329.712                                          ,     5, -38.7849, 1.7950, -1.3305
329.728                                          ,     5, -38.7773, 1.7944, -1.3303
329.744                                          ,     5, -38.7697, 1.7937, -1.3302
329.761                                          ,     5, -38.7544, 1.7926, -1.3300
329.775                                          ,     5, -38.7461, 1.7916, -1.3299
329.790                                          ,     5, -38.7302, 1.7899, -1.3296
329.806                                          ,     5, -38.7218, 1.7885, -1.3294
329.822                                          ,     5, -38.7052, 1.7860, -1.3289
329.843                                          ,     5, -38.6962, 1.7841, -1.3283
329.860                                          ,     5, -38.6786, 1.7812, -1.3276
329.875                                          ,     5, -38.6693, 1.7795, -1.3270
329.890                                          ,     5, -38.6427, 1.7749, -1.3255
329.910                                          ,     5, -38.6241, 1.7716, -1.3239
329.933                                          ,     5, -38.6048, 1.7697, -1.3218
329.953                                          ,     5, -38.5861, 1.7679, -1.3195
329.978                                          ,     5, -38.5674, 1.7659, -1.3164
330.001                                          ,     5, -38.5492, 1.7648, -1.3132
330.023                                          ,     5, -38.5307, 1.7663, -1.3100
330.044                                          ,     5, -38.5125, 1.7706, -1.3071
330.066                                          ,     5, -38.4943, 1.7754, -1.3043
330.089                                          ,     5, -38.4760, 1.7828, -1.3022
330.111                                          ,     5, -38.4586, 1.7892, -1.3007
330.134                                          ,     5, -38.4424, 1.7915, -1.2998
330.163                                          ,     5, -38.4264, 1.7912, -1.3007
330.186                                          ,     5, -38.4101, 1.7923, -1.3021
330.202                                          ,     5, -38.3935, 1.7936, -1.3032
330.224                                          ,     5, -38.3771, 1.7951, -1.3053
330.246                                          ,     5, -38.3601, 1.7958, -1.3079
330.268                                          ,     5, -38.3437, 1.7957, -1.3107
330.291                                          ,     5, -38.3271, 1.7954, -1.3137
330.314                                          ,     5, -38.3110, 1.7948, -1.3166
330.336                                          ,     5, -38.2948, 1.7939, -1.3195
330.359                                          ,     5, -38.2785, 1.7930, -1.3222
330.381                                          ,     5, -38.2615, 1.7918, -1.3250
330.404                                          ,     5, -38.2525, 1.7907, -1.3268
330.420                                          ,     5, -38.2438, 1.7897, -1.3285
330.434                                          ,     5, -38.2352, 1.7886, -1.3301
330.450                                          ,     5, -38.2177, 1.7863, -1.3334
330.470                                          ,     5, -38.1999, 1.7833, -1.3367
330.487                                          ,     5, -38.1817, 1.7800, -1.3403
330.500                                          ,     5, -38.1725, 1.7781, -1.3423
330.515                                          ,     5, -38.1630, 1.7761, -1.3444
330.530                                          ,     5, -38.1543, 1.7748, -1.3464
330.545                                          ,     5, -38.1354, 1.7722, -1.3508
330.560                                          ,     5, -38.1254, 1.7709, -1.3533
330.573                                          ,     5, -38.1155, 1.7697, -1.3559
330.589                                          ,     5, -38.0958, 1.7675, -1.3609
330.603                                          ,     5, -38.0857, 1.7673, -1.3636
330.622                                          ,     5, -38.0655, 1.7675, -1.3690
330.640                                          ,     5, -38.0549, 1.7704, -1.3719
330.654                                          ,     5, -38.0346, 1.7737, -1.3772
330.669                                          ,     5, -38.0243, 1.7769, -1.3799
330.685                                          ,     5, -38.0142, 1.7800, -1.3825
330.700                                          ,     5, -37.9946, 1.7836, -1.3876
330.713                                          ,     5, -37.9854, 1.7847, -1.3899
330.729                                          ,     5, -37.9769, 1.7847, -1.3917
330.744                                          ,     5, -37.9686, 1.7849, -1.3932
330.760                                          ,     5, -37.9515, 1.7864, -1.3965
330.775                                          ,     5, -37.9434, 1.7868, -1.3976
330.789                                          ,     5, -37.9181, 1.7887, -1.4018
330.811                                          ,     5, -37.9025, 1.7900, -1.4031
330.834                                          ,     5, -37.8867, 1.7928, -1.4042
330.854                                          ,     5, -37.8712, 1.7953, -1.4050
330.878                                          ,     5, -37.8562, 1.7964, -1.4054
330.901                                          ,     5, -37.8411, 1.7970, -1.4055
330.923                                          ,     5, -37.8258, 1.7977, -1.4055
330.945                                          ,     5, -37.8105, 1.7977, -1.4053
330.968                                          ,     5, -37.7947, 1.7969, -1.4051
330.989                                          ,     5, -37.7784, 1.7957, -1.4049
331.011                                          ,     5, -37.7617, 1.7941, -1.4048
331.033                                          ,     5, -37.7446, 1.7919, -1.4045
331.055                                          ,     5, -37.7268, 1.7888, -1.4040
331.077                                          ,     5, -37.7085, 1.7855, -1.4033
331.100                                          ,     5, -37.6899, 1.7819, -1.4026
331.122                                          ,     5, -37.6712, 1.7783, -1.4017
331.146                                          ,     5, -37.6521, 1.7743, -1.4004
331.168                                          ,     5, -37.6329, 1.7717, -1.3988
331.189                                          ,     5, -37.6137, 1.7702, -1.3968
331.210                                          ,     5, -37.5945, 1.7686, -1.3945
331.235                                          ,     5, -37.5757, 1.7676, -1.3920
331.258                                          ,     5, -37.5572, 1.7681, -1.3894
331.280                                          ,     5, -37.5389, 1.7722, -1.3871
331.302                                          ,     5, -37.5299, 1.7759, -1.3860
331.319                                          ,     5, -37.5211, 1.7792, -1.3852
331.333                                          ,     5, -37.5123, 1.7820, -1.3845
331.348                                          ,     5, -37.4947, 1.7864, -1.3831
331.364                                          ,     5, -37.4779, 1.7902, -1.3821
331.379                                          ,     5, -37.4700, 1.7910, -1.3821
331.393                                          ,     5, -37.4620, 1.7915, -1.3823
331.410                                          ,     5, -37.4546, 1.7918, -1.3831
331.427                                          ,     5, -37.4384, 1.7939, -1.3840
331.442                                          ,     5, -37.4217, 1.7960, -1.3852
331.457                                          ,     5, -37.4135, 1.7972, -1.3865
331.472                                          ,     5, -37.4051, 1.7981, -1.3878
331.489                                          ,     5, -37.3886, 1.7994, -1.3897
331.502                                          ,     5, -37.3803, 1.7995, -1.3909
331.517                                          ,     5, -37.3723, 1.7992, -1.3922
331.531                                          ,     5, -37.3561, 1.7995, -1.3944
331.547                                          ,     5, -37.3482, 1.7991, -1.3957
331.567                                          ,     5, -37.3407, 1.7984, -1.3968
331.582                                          ,     5, -37.3248, 1.7979, -1.3989
331.598                                          ,     5, -37.3169, 1.7971, -1.4000
331.611                                          ,     5, -37.3091, 1.7965, -1.4012
331.627                                          ,     5, -37.2933, 1.7952, -1.4035
331.643                                          ,     5, -37.2772, 1.7938, -1.4057
331.656                                          ,     5, -37.2689, 1.7928, -1.4068
331.671                                          ,     5, -37.2607, 1.7916, -1.4079
331.687                                          ,     5, -37.2525, 1.7902, -1.4090
331.701                                          ,     5, -37.2362, 1.7875, -1.4113
331.724                                          ,     5, -37.2203, 1.7845, -1.4137
331.741                                          ,     5, -37.2040, 1.7815, -1.4162
331.757                                          ,     5, -37.1876, 1.7788, -1.4189
331.777                                          ,     5, -37.1709, 1.7769, -1.4221
331.798                                          ,     5, -37.1538, 1.7752, -1.4256
331.822                                          ,     5, -37.1366, 1.7739, -1.4294
331.844                                          ,     5, -37.1192, 1.7738, -1.4332
331.867                                          ,     5, -37.1018, 1.7747, -1.4369
331.888                                          ,     5, -37.0845, 1.7783, -1.4404
331.910                                          ,     5, -37.0668, 1.7838, -1.4438
331.932                                          ,     5, -37.0493, 1.7906, -1.4466
331.955                                          ,     5, -37.0330, 1.7972, -1.4493
331.978                                          ,     5, -37.0174, 1.8001, -1.4512
331.999                                          ,     5, -37.0027, 1.8010, -1.4528
332.021                                          ,     5, -36.9882, 1.8020, -1.4538
332.044                                          ,     5, -36.9737, 1.8039, -1.4545
332.065                                          ,     5, -36.9592, 1.8063, -1.4551
332.088                                          ,     5, -36.9449, 1.8100, -1.4553
332.110                                          ,     5, -36.9309, 1.8125, -1.4553
332.133                                          ,     5, -36.9167, 1.8138, -1.4552
332.156                                          ,     5, -36.9028, 1.8149, -1.4551
332.178                                          ,     5, -36.8956, 1.8146, -1.4549
332.194                                          ,     5, -36.8881, 1.8145, -1.4548
332.211                                          ,     5, -36.8805, 1.8141, -1.4548
332.227                                          ,     5, -36.8656, 1.8137, -1.4547
332.242                                          ,     5, -36.8577, 1.8132, -1.4546
332.257                                          ,     5, -36.8421, 1.8124, -1.4545
332.272                                          ,     5, -36.8341, 1.8116, -1.4544
332.288                                          ,     5, -36.8260, 1.8103, -1.4542
332.303                                          ,     5, -36.8100, 1.8082, -1.4539
332.320                                          ,     5, -36.7938, 1.8056, -1.4535
332.336                                          ,     5, -36.7855, 1.8038, -1.4531
332.358                                          ,     5, -36.7687, 1.8006, -1.4525
332.374                                          ,     5, -36.7599, 1.7988, -1.4520
332.392                                          ,     5, -36.7427, 1.7959, -1.4511
332.407                                          ,     5, -36.7338, 1.7950, -1.4505
332.423                                          ,     5, -36.7162, 1.7936, -1.4495
332.440                                          ,     5, -36.7070, 1.7928, -1.4487
332.456                                          ,     5, -36.6890, 1.7911, -1.4474
332.472                                          ,     5, -36.6795, 1.7905, -1.4467
332.490                                          ,     5, -36.6610, 1.7897, -1.4452
332.509                                          ,     5, -36.6518, 1.7914, -1.4444
332.526                                          ,     5, -36.6334, 1.7926, -1.4431
332.541                                          ,     5, -36.6149, 1.7944, -1.4416
332.555                                          ,     5, -36.6057, 1.7962, -1.4410
332.570                                          ,     5, -36.5874, 1.7997, -1.4399
332.590                                          ,     5, -36.5694, 1.8050, -1.4392
332.609                                          ,     5, -36.5516, 1.8089, -1.4390
332.633                                          ,     5, -36.5344, 1.8098, -1.4393
332.655                                          ,     5, -36.5178, 1.8091, -1.4402
332.676                                          ,     5, -36.5014, 1.8092, -1.4419
332.698                                          ,     5, -36.4850, 1.8097, -1.4438
332.722                                          ,     5, -36.4693, 1.8111, -1.4469
332.744                                          ,     5, -36.4538, 1.8125, -1.4502
332.765                                          ,     5, -36.4384, 1.8128, -1.4532
332.786                                          ,     5, -36.4227, 1.8130, -1.4563
332.809                                          ,     5, -36.4071, 1.8132, -1.4591
332.832                                          ,     5, -36.3915, 1.8128, -1.4618
332.854                                          ,     5, -36.3756, 1.8118, -1.4643
332.876                                          ,     5, -36.3596, 1.8106, -1.4666
332.900                                          ,     5, -36.3434, 1.8092, -1.4688
332.921                                          ,     5, -36.3273, 1.8072, -1.4710
332.943                                          ,     5, -36.3112, 1.8044, -1.4730
332.967                                          ,     5, -36.2954, 1.8012, -1.4752
332.997                                          ,     5, -36.2791, 1.7977, -1.4778
333.019                                          ,     5, -36.2628, 1.7953, -1.4807
333.033                                          ,     5, -36.2466, 1.7935, -1.4837
333.057                                          ,     5, -36.2383, 1.7927, -1.4860
333.072                                          ,     5, -36.2300, 1.7915, -1.4879
333.089                                          ,     5, -36.2219, 1.7906, -1.4899
333.105                                          ,     5, -36.2058, 1.7891, -1.4936
333.119                                          ,     5, -36.1979, 1.7883, -1.4955
333.134                                          ,     5, -36.1901, 1.7882, -1.4975
333.150                                          ,     5, -36.1741, 1.7889, -1.5014
333.166                                          ,     5, -36.1662, 1.7908, -1.5034
333.184                                          ,     5, -36.1503, 1.7930, -1.5069
333.199                                          ,     5, -36.1345, 1.7962, -1.5105
333.214                                          ,     5, -36.1268, 1.7988, -1.5122
333.228                                          ,     5, -36.1195, 1.8007, -1.5137
333.244                                          ,     5, -36.1048, 1.8031, -1.5167
333.260                                          ,     5, -36.0979, 1.8034, -1.5179
333.274                                          ,     5, -36.0909, 1.8036, -1.5189
333.294                                          ,     5, -36.0770, 1.8053, -1.5210
333.312                                          ,     5, -36.0633, 1.8068, -1.5226
333.330                                          ,     5, -36.0569, 1.8076, -1.5229
333.345                                          ,     5, -36.0436, 1.8098, -1.5242
333.360                                          ,     5, -36.0378, 1.8109, -1.5240
333.377                                          ,     5, -36.0252, 1.8123, -1.5249
333.393                                          ,     5, -36.0193, 1.8125, -1.5248
333.409                                          ,     5, -36.0136, 1.8128, -1.5248
333.426                                          ,     5, -36.0014, 1.8139, -1.5253
333.444                                          ,     5, -35.9833, 1.8150, -1.5257
333.466                                          ,     5, -35.9717, 1.8147, -1.5255
333.487                                          ,     5, -35.9599, 1.8141, -1.5253
333.510                                          ,     5, -35.9479, 1.8132, -1.5250
333.532                                          ,     5, -35.9356, 1.8121, -1.5248
333.551                                          ,     5, -35.9229, 1.8110, -1.5247
333.576                                          ,     5, -35.9102, 1.8096, -1.5243
333.596                                          ,     5, -35.8975, 1.8080, -1.5240
333.620                                          ,     5, -35.8851, 1.8058, -1.5230
333.644                                          ,     5, -35.8725, 1.8037, -1.5217
333.665                                          ,     5, -35.8597, 1.8019, -1.5199
333.687                                          ,     5, -35.8466, 1.8005, -1.5180
333.710                                          ,     5, -35.8334, 1.7994, -1.5159
333.732                                          ,     5, -35.8200, 1.7984, -1.5135
333.762                                          ,     5, -35.8064, 1.7976, -1.5110
333.783                                          ,     5, -35.7930, 1.7970, -1.5085
333.797                                          ,     5, -35.7794, 1.7966, -1.5058
333.820                                          ,     5, -35.7657, 1.7961, -1.5028
333.843                                          ,     5, -35.7518, 1.7968, -1.4997
333.865                                          ,     5, -35.7382, 1.7988, -1.4969
333.888                                          ,     5, -35.7245, 1.7997, -1.4942
333.919                                          ,     5, -35.7106, 1.8036, -1.4919
333.941                                          ,     5, -35.6969, 1.8084, -1.4896
333.955                                          ,     5, -35.6901, 1.8107, -1.4887
333.972                                          ,     5, -35.6835, 1.8118, -1.4878
333.987                                          ,     5, -35.6768, 1.8120, -1.4871
334.001                                          ,     5, -35.6703, 1.8119, -1.4865
334.014                                          ,     5, -35.6638, 1.8119, -1.4859
334.028                                          ,     5, -35.6442, 1.8128, -1.4837
334.042                                          ,     5, -35.6379, 1.8123, -1.4837
334.062                                          ,     5, -35.6325, 1.8119, -1.4839
334.077                                          ,     5, -35.6201, 1.8119, -1.4837
334.090                                          ,     5, -35.6140, 1.8119, -1.4838
334.105                                          ,     5, -35.6084, 1.8121, -1.4842
334.120                                          ,     5, -35.5967, 1.8127, -1.4845
334.134                                          ,     5, -35.5912, 1.8130, -1.4850
334.152                                          ,     5, -35.5857, 1.8134, -1.4856
334.169                                          ,     5, -35.5744, 1.8144, -1.4862
334.185                                          ,     5, -35.5690, 1.8152, -1.4868
334.204                                          ,     5, -35.5582, 1.8159, -1.4876
334.222                                          ,     5, -35.5476, 1.8161, -1.4884
334.237                                          ,     5, -35.5424, 1.8158, -1.4889
334.253                                          ,     5, -35.5373, 1.8155, -1.4893
334.271                                          ,     5, -35.5269, 1.8152, -1.4903
334.289                                          ,     5, -35.5166, 1.8149, -1.4913
334.306                                          ,     5, -35.5117, 1.8145, -1.4920
334.323                                          ,     5, -35.5068, 1.8140, -1.4928
334.341                                          ,     5, -35.4967, 1.8135, -1.4943
334.359                                          ,     5, -35.4867, 1.8129, -1.4961
334.382                                          ,     5, -35.4770, 1.8120, -1.4982
334.403                                          ,     5, -35.4674, 1.8113, -1.5006
334.418                                          ,     5, -35.4581, 1.8106, -1.5033
334.438                                          ,     5, -35.4492, 1.8093, -1.5064
334.455                                          ,     5, -35.4409, 1.8081, -1.5097
334.481                                          ,     5, -35.4331, 1.8068, -1.5140
334.500                                          ,     5, -35.4255, 1.8056, -1.5191
334.521                                          ,     5, -35.4180, 1.8051, -1.5237
334.545                                          ,     5, -35.4106, 1.8082, -1.5287
334.567                                          ,     5, -35.4032, 1.8121, -1.5332
334.589                                          ,     5, -35.3957, 1.8144, -1.5377
334.607                                          ,     5, -35.3882, 1.8173, -1.5420
334.632                                          ,     5, -35.3809, 1.8207, -1.5459
334.650                                          ,     5, -35.3737, 1.8230, -1.5497
334.677                                          ,     5, -35.3665, 1.8239, -1.5527
334.700                                          ,     5, -35.3593, 1.8240, -1.5551
334.723                                          ,     5, -35.3523, 1.8236, -1.5571
334.745                                          ,     5, -35.3455, 1.8231, -1.5587
334.768                                          ,     5, -35.3388, 1.8227, -1.5599
334.791                                          ,     5, -35.3325, 1.8229, -1.5613
334.813                                          ,     5, -35.3263, 1.8232, -1.5627
334.835                                          ,     5, -35.3204, 1.8236, -1.5639
334.864                                          ,     5, -35.3152, 1.8241, -1.5652
334.886                                          ,     5, -35.3100, 1.8242, -1.5663
334.901                                          ,     5, -35.3050, 1.8243, -1.5676
334.925                                          ,     5, -35.3006, 1.8241, -1.5686
334.947                                          ,     5, -35.2968, 1.8238, -1.5695
334.969                                          ,     5, -35.2932, 1.8233, -1.5704
334.992                                          ,     5, -35.2900, 1.8228, -1.5713
335.020                                          ,     5, -35.2871, 1.8228, -1.5715
335.040                                          ,     5, -35.2843, 1.8229, -1.5715
335.056                                          ,     5, -35.2816, 1.8229, -1.5714
335.080                                          ,     5, -35.2800, 1.8228, -1.5708
335.101                                          ,     5, -35.2789, 1.8228, -1.5698
335.123                                          ,     5, -35.2780, 1.8227, -1.5681
335.145                                          ,     5, -35.2781, 1.8232, -1.5663
335.168                                          ,     5, -35.2784, 1.8238, -1.5645
335.183                                          ,     5, -35.2785, 1.8239, -1.5629
335.196                                          ,     5, -35.2787, 1.8241, -1.5613
335.211                                          ,     5, -35.2788, 1.8243, -1.5595
335.224                                          ,     5, -35.2789, 1.8245, -1.5577
335.239                                          ,     5, -35.2793, 1.8248, -1.5544
335.254                                          ,     5, -35.2796, 1.8250, -1.5525
335.268                                          ,     5, -35.2798, 1.8251, -1.5505
335.284                                          ,     5, -35.2807, 1.8257, -1.5428
335.299                                          ,     5, -35.2812, 1.8260, -1.5385
335.322                                          ,     5, -35.2815, 1.8265, -1.5341
335.340                                          ,     5, -35.2818, 1.8267, -1.5302
335.366                                          ,     5, -35.2820, 1.8263, -1.5268
335.389                                          ,     5, -35.2823, 1.8259, -1.5234
335.410                                          ,     5, -35.2830, 1.8254, -1.5198
335.433                                          ,     5, -35.2835, 1.8247, -1.5162
335.451                                          ,     5, -35.2841, 1.8240, -1.5125
335.475                                          ,     5, -35.2846, 1.8232, -1.5087
335.499                                          ,     5, -35.2850, 1.8224, -1.5050
335.522                                          ,     5, -35.2855, 1.8217, -1.5014
335.539                                          ,     5, -35.2859, 1.8209, -1.4975
335.566                                          ,     5, -35.2860, 1.8199, -1.4944
335.583                                          ,     5, -35.2862, 1.8192, -1.4912
335.609                                          ,     5, -35.2863, 1.8185, -1.4883
335.630                                          ,     5, -35.2864, 1.8178, -1.4853
335.654                                          ,     5, -35.2861, 1.8171, -1.4822
335.676                                          ,     5, -35.2858, 1.8160, -1.4795
335.699                                          ,     5, -35.2854, 1.8145, -1.4772
335.723                                          ,     5, -35.2849, 1.8126, -1.4751
335.745                                          ,     5, -35.2847, 1.8108, -1.4735
335.770                                          ,     5, -35.2844, 1.8090, -1.4724
335.797                                          ,     5, -35.2841, 1.8075, -1.4714
335.819                                          ,     5, -35.2839, 1.8061, -1.4702
335.835                                          ,     5, -35.2836, 1.8050, -1.4690
335.852                                          ,     5, -35.2834, 1.8039, -1.4677
335.879                                          ,     5, -35.2830, 1.8033, -1.4668
335.901                                          ,     5, -35.2827, 1.8029, -1.4659
335.922                                          ,     5, -35.2824, 1.8025, -1.4649

# --- Trial 6 start ---
346.923                                          ,     6, -39.8843, 1.7862, -1.2914
347.044                                          ,     6, -39.8849, 1.7867, -1.2939
347.078                                          ,     6, -39.8852, 1.7870, -1.2946
347.097                                          ,     6, -39.8856, 1.7873, -1.2954
347.115                                          ,     6, -39.8857, 1.7873, -1.2956
347.134                                          ,     6, -39.8859, 1.7874, -1.2958
347.149                                          ,     6, -39.8862, 1.7876, -1.2963
347.170                                          ,     6, -39.8865, 1.7875, -1.2964
347.194                                          ,     6, -39.8865, 1.7875, -1.2964
347.217                                          ,     6, -39.8866, 1.7875, -1.2962
347.245                                          ,     6, -39.8867, 1.7873, -1.2960
347.266                                          ,     6, -39.8867, 1.7873, -1.2957
347.280                                          ,     6, -39.8866, 1.7872, -1.2954
347.305                                          ,     6, -39.8864, 1.7870, -1.2947
347.327                                          ,     6, -39.8863, 1.7869, -1.2940
347.349                                          ,     6, -39.8861, 1.7866, -1.2934
347.371                                          ,     6, -39.8859, 1.7863, -1.2926
347.393                                          ,     6, -39.8858, 1.7860, -1.2917
347.411                                          ,     6, -39.8852, 1.7855, -1.2907
347.437                                          ,     6, -39.8843, 1.7844, -1.2896
347.459                                          ,     6, -39.8831, 1.7831, -1.2883
347.480                                          ,     6, -39.8816, 1.7806, -1.2871
347.504                                          ,     6, -39.8797, 1.7771, -1.2862
347.526                                          ,     6, -39.8775, 1.7729, -1.2853
347.556                                          ,     6, -39.8742, 1.7668, -1.2844
347.578                                          ,     6, -39.8711, 1.7606, -1.2838
347.593                                          ,     6, -39.8682, 1.7544, -1.2830
347.616                                          ,     6, -39.8654, 1.7458, -1.2823
347.640                                          ,     6, -39.8643, 1.7363, -1.2813
347.662                                          ,     6, -39.8647, 1.7318, -1.2806
347.679                                          ,     6, -39.8639, 1.7282, -1.2802
347.693                                          ,     6, -39.8634, 1.7248, -1.2797
347.708                                          ,     6, -39.8630, 1.7214, -1.2793
347.724                                          ,     6, -39.8618, 1.7150, -1.2783
347.740                                          ,     6, -39.8611, 1.7126, -1.2779
347.755                                          ,     6, -39.8595, 1.7074, -1.2769
347.771                                          ,     6, -39.8586, 1.7053, -1.2764
347.786                                          ,     6, -39.8580, 1.7030, -1.2758
347.802                                          ,     6, -39.8570, 1.6985, -1.2745
347.817                                          ,     6, -39.8566, 1.6968, -1.2738
347.833                                          ,     6, -39.8556, 1.6930, -1.2729
347.852                                          ,     6, -39.8542, 1.6902, -1.2717
347.870                                          ,     6, -39.8530, 1.6873, -1.2705
347.885                                          ,     6, -39.8525, 1.6864, -1.2698
347.901                                          ,     6, -39.8522, 1.6857, -1.2689
347.919                                          ,     6, -39.8519, 1.6852, -1.2680
347.936                                          ,     6, -39.8509, 1.6835, -1.2663
347.951                                          ,     6, -39.8503, 1.6833, -1.2654
347.966                                          ,     6, -39.8494, 1.6822, -1.2635
347.983                                          ,     6, -39.8491, 1.6821, -1.2624
347.999                                          ,     6, -39.8483, 1.6813, -1.2608
348.015                                          ,     6, -39.8481, 1.6812, -1.2596
348.032                                          ,     6, -39.8471, 1.6803, -1.2566
348.049                                          ,     6, -39.8467, 1.6797, -1.2548
348.074                                          ,     6, -39.8467, 1.6795, -1.2529
348.091                                          ,     6, -39.8464, 1.6788, -1.2510
348.115                                          ,     6, -39.8454, 1.6786, -1.2497
348.133                                          ,     6, -39.8445, 1.6778, -1.2482
348.161                                          ,     6, -39.8434, 1.6768, -1.2469
348.182                                          ,     6, -39.8424, 1.6759, -1.2458
348.200                                          ,     6, -39.8412, 1.6748, -1.2449
348.226                                          ,     6, -39.8398, 1.6737, -1.2445
348.243                                          ,     6, -39.8384, 1.6729, -1.2442
348.271                                          ,     6, -39.8366, 1.6726, -1.2453
348.289                                          ,     6, -39.8346, 1.6728, -1.2459
348.316                                          ,     6, -39.8320, 1.6740, -1.2476
348.339                                          ,     6, -39.8289, 1.6753, -1.2497
348.357                                          ,     6, -39.8250, 1.6767, -1.2519
348.384                                          ,     6, -39.8199, 1.6782, -1.2548
348.402                                          ,     6, -39.8150, 1.6792, -1.2574
348.429                                          ,     6, -39.8089, 1.6794, -1.2606
348.452                                          ,     6, -39.8029, 1.6790, -1.2637
348.470                                          ,     6, -39.7969, 1.6782, -1.2670
348.503                                          ,     6, -39.7911, 1.6765, -1.2710
348.524                                          ,     6, -39.7863, 1.6748, -1.2745
348.546                                          ,     6, -39.7823, 1.6730, -1.2782
348.565                                          ,     6, -39.7790, 1.6716, -1.2816
348.583                                          ,     6, -39.7759, 1.6705, -1.2853
348.610                                          ,     6, -39.7696, 1.6728, -1.2895
348.630                                          ,     6, -39.7611, 1.6807, -1.2951
348.661                                          ,     6, -39.7542, 1.6839, -1.3015
348.685                                          ,     6, -39.7472, 1.6868, -1.3073
348.702                                          ,     6, -39.7414, 1.6888, -1.3128
348.720                                          ,     6, -39.7366, 1.6914, -1.3176
348.747                                          ,     6, -39.7312, 1.6931, -1.3227
348.770                                          ,     6, -39.7284, 1.6932, -1.3251
348.788                                          ,     6, -39.7254, 1.6933, -1.3278
348.807                                          ,     6, -39.7227, 1.6936, -1.3305
348.823                                          ,     6, -39.7197, 1.6943, -1.3332
348.839                                          ,     6, -39.7143, 1.6950, -1.3380
348.854                                          ,     6, -39.7117, 1.6952, -1.3404
348.869                                          ,     6, -39.7063, 1.6957, -1.3453
348.885                                          ,     6, -39.7039, 1.6961, -1.3472
348.900                                          ,     6, -39.7015, 1.6964, -1.3496
348.915                                          ,     6, -39.6991, 1.6968, -1.3517
348.931                                          ,     6, -39.6942, 1.6971, -1.3562
348.946                                          ,     6, -39.6920, 1.6971, -1.3581
348.964                                          ,     6, -39.6874, 1.6980, -1.3618
348.981                                          ,     6, -39.6831, 1.6989, -1.3657
348.997                                          ,     6, -39.6787, 1.6996, -1.3690
349.011                                          ,     6, -39.6742, 1.7003, -1.3724
349.028                                          ,     6, -39.6696, 1.7007, -1.3753
349.046                                          ,     6, -39.6647, 1.7018, -1.3780
349.071                                          ,     6, -39.6597, 1.7030, -1.3803
349.090                                          ,     6, -39.6544, 1.7038, -1.3824
349.116                                          ,     6, -39.6477, 1.7045, -1.3840
349.143                                          ,     6, -39.6412, 1.7054, -1.3851
349.164                                          ,     6, -39.6347, 1.7052, -1.3861
349.183                                          ,     6, -39.6278, 1.7052, -1.3870
349.200                                          ,     6, -39.6205, 1.7049, -1.3880
349.225                                          ,     6, -39.6129, 1.7044, -1.3885
349.248                                          ,     6, -39.6046, 1.7031, -1.3884
349.271                                          ,     6, -39.5959, 1.7022, -1.3885
349.288                                          ,     6, -39.5865, 1.7014, -1.3883
349.313                                          ,     6, -39.5768, 1.6997, -1.3876
349.336                                          ,     6, -39.5663, 1.6976, -1.3867
349.359                                          ,     6, -39.5553, 1.6961, -1.3857
349.383                                          ,     6, -39.5437, 1.6942, -1.3843
349.400                                          ,     6, -39.5325, 1.6922, -1.3829
349.425                                          ,     6, -39.5200, 1.6899, -1.3813
349.451                                          ,     6, -39.5070, 1.6877, -1.3793
349.467                                          ,     6, -39.4940, 1.6854, -1.3772
349.493                                          ,     6, -39.4808, 1.6832, -1.3745
349.516                                          ,     6, -39.4673, 1.6816, -1.3720
349.534                                          ,     6, -39.4537, 1.6802, -1.3691
349.561                                          ,     6, -39.4399, 1.6789, -1.3654
349.583                                          ,     6, -39.4269, 1.6785, -1.3615
349.611                                          ,     6, -39.4140, 1.6793, -1.3569
349.633                                          ,     6, -39.4003, 1.6815, -1.3525
349.651                                          ,     6, -39.3865, 1.6852, -1.3484
349.673                                          ,     6, -39.3722, 1.6907, -1.3440
349.691                                          ,     6, -39.3573, 1.6972, -1.3401
349.717                                          ,     6, -39.3500, 1.7022, -1.3381
349.741                                          ,     6, -39.3438, 1.7049, -1.3365
349.761                                          ,     6, -39.3306, 1.7088, -1.3334
349.777                                          ,     6, -39.3242, 1.7098, -1.3321
349.795                                          ,     6, -39.3113, 1.7118, -1.3294
349.812                                          ,     6, -39.3051, 1.7121, -1.3287
349.830                                          ,     6, -39.2928, 1.7133, -1.3271
349.845                                          ,     6, -39.2866, 1.7136, -1.3267
349.860                                          ,     6, -39.2808, 1.7140, -1.3263
349.877                                          ,     6, -39.2687, 1.7149, -1.3253
349.893                                          ,     6, -39.2625, 1.7153, -1.3252
349.909                                          ,     6, -39.2504, 1.7165, -1.3246
349.923                                          ,     6, -39.2441, 1.7171, -1.3247
349.945                                          ,     6, -39.2318, 1.7182, -1.3245
349.961                                          ,     6, -39.2193, 1.7196, -1.3244
349.975                                          ,     6, -39.2064, 1.7208, -1.3247
349.991                                          ,     6, -39.1931, 1.7222, -1.3252
350.006                                          ,     6, -39.1792, 1.7230, -1.3260
350.024                                          ,     6, -39.1654, 1.7231, -1.3271
350.047                                          ,     6, -39.1508, 1.7224, -1.3288
350.064                                          ,     6, -39.1357, 1.7216, -1.3307
350.092                                          ,     6, -39.1198, 1.7191, -1.3335
350.109                                          ,     6, -39.1043, 1.7169, -1.3361
350.135                                          ,     6, -39.0880, 1.7141, -1.3395
350.157                                          ,     6, -39.0713, 1.7114, -1.3432
350.179                                          ,     6, -39.0544, 1.7083, -1.3470
350.202                                          ,     6, -39.0376, 1.7057, -1.3513
350.230                                          ,     6, -39.0205, 1.7038, -1.3562
350.253                                          ,     6, -39.0035, 1.7029, -1.3609
350.269                                          ,     6, -38.9865, 1.7022, -1.3657
350.291                                          ,     6, -38.9692, 1.7033, -1.3706
350.309                                          ,     6, -38.9504, 1.7068, -1.3756
350.335                                          ,     6, -38.9309, 1.7128, -1.3809
350.358                                          ,     6, -38.9118, 1.7189, -1.3860
350.380                                          ,     6, -38.8937, 1.7243, -1.3911
350.401                                          ,     6, -38.8767, 1.7277, -1.3957
350.427                                          ,     6, -38.8615, 1.7296, -1.3994
350.449                                          ,     6, -38.8462, 1.7319, -1.4023
350.471                                          ,     6, -38.8309, 1.7341, -1.4046
350.494                                          ,     6, -38.8164, 1.7362, -1.4060
350.514                                          ,     6, -38.8013, 1.7390, -1.4074
350.544                                          ,     6, -38.7869, 1.7419, -1.4079
350.566                                          ,     6, -38.7719, 1.7443, -1.4090
350.582                                          ,     6, -38.7570, 1.7465, -1.4097
350.604                                          ,     6, -38.7419, 1.7480, -1.4099
350.627                                          ,     6, -38.7262, 1.7489, -1.4103
350.650                                          ,     6, -38.7103, 1.7490, -1.4107
350.672                                          ,     6, -38.6944, 1.7483, -1.4109
350.695                                          ,     6, -38.6781, 1.7472, -1.4110
350.717                                          ,     6, -38.6693, 1.7455, -1.4109
350.739                                          ,     6, -38.6605, 1.7438, -1.4107
350.755                                          ,     6, -38.6517, 1.7425, -1.4105
350.771                                          ,     6, -38.6433, 1.7411, -1.4102
350.787                                          ,     6, -38.6259, 1.7388, -1.4098
350.803                                          ,     6, -38.6169, 1.7373, -1.4093
350.819                                          ,     6, -38.5992, 1.7347, -1.4085
350.836                                          ,     6, -38.5895, 1.7335, -1.4078
350.858                                          ,     6, -38.5709, 1.7313, -1.4063
350.876                                          ,     6, -38.5521, 1.7294, -1.4045
350.893                                          ,     6, -38.5332, 1.7278, -1.4024
350.907                                          ,     6, -38.5142, 1.7268, -1.4003
350.922                                          ,     6, -38.4947, 1.7265, -1.3980
350.939                                          ,     6, -38.4754, 1.7267, -1.3955
350.954                                          ,     6, -38.4561, 1.7277, -1.3930
350.978                                          ,     6, -38.4362, 1.7328, -1.3910
351.002                                          ,     6, -38.4171, 1.7379, -1.3892
351.024                                          ,     6, -38.3976, 1.7449, -1.3882
351.044                                          ,     6, -38.3786, 1.7528, -1.3882
351.068                                          ,     6, -38.3621, 1.7585, -1.3886
351.088                                          ,     6, -38.3454, 1.7622, -1.3896
351.111                                          ,     6, -38.3285, 1.7654, -1.3921
351.133                                          ,     6, -38.3118, 1.7682, -1.3951
351.156                                          ,     6, -38.2948, 1.7708, -1.3987
351.186                                          ,     6, -38.2784, 1.7718, -1.4026
351.207                                          ,     6, -38.2618, 1.7731, -1.4059
351.221                                          ,     6, -38.2454, 1.7741, -1.4092
351.245                                          ,     6, -38.2292, 1.7743, -1.4126
351.268                                          ,     6, -38.2130, 1.7745, -1.4157
351.289                                          ,     6, -38.1963, 1.7742, -1.4187
351.314                                          ,     6, -38.1795, 1.7735, -1.4216
351.335                                          ,     6, -38.1621, 1.7725, -1.4248
351.359                                          ,     6, -38.1443, 1.7708, -1.4283
351.380                                          ,     6, -38.1262, 1.7688, -1.4318
351.405                                          ,     6, -38.1166, 1.7667, -1.4339
351.420                                          ,     6, -38.1070, 1.7651, -1.4359
351.436                                          ,     6, -38.0975, 1.7637, -1.4379
351.453                                          ,     6, -38.0779, 1.7611, -1.4422
351.469                                          ,     6, -38.0579, 1.7591, -1.4467
351.489                                          ,     6, -38.0471, 1.7584, -1.4494
351.507                                          ,     6, -38.0265, 1.7567, -1.4544
351.526                                          ,     6, -38.0055, 1.7556, -1.4595
351.542                                          ,     6, -37.9945, 1.7565, -1.4623
351.559                                          ,     6, -37.9732, 1.7585, -1.4675
351.575                                          ,     6, -37.9625, 1.7616, -1.4702
351.592                                          ,     6, -37.9411, 1.7659, -1.4754
351.607                                          ,     6, -37.9305, 1.7695, -1.4778
351.623                                          ,     6, -37.9206, 1.7728, -1.4801
351.637                                          ,     6, -37.9007, 1.7767, -1.4848
351.655                                          ,     6, -37.8825, 1.7794, -1.4887
351.671                                          ,     6, -37.8749, 1.7804, -1.4899
351.687                                          ,     6, -37.8672, 1.7820, -1.4911
351.704                                          ,     6, -37.8505, 1.7853, -1.4938
351.718                                          ,     6, -37.8427, 1.7868, -1.4947
351.734                                          ,     6, -37.8263, 1.7901, -1.4966
351.749                                          ,     6, -37.8182, 1.7924, -1.4969
351.764                                          ,     6, -37.8102, 1.7945, -1.4972
351.780                                          ,     6, -37.7941, 1.7979, -1.4981
351.798                                          ,     6, -37.7861, 1.7984, -1.4979
351.815                                          ,     6, -37.7699, 1.8004, -1.4987
351.831                                          ,     6, -37.7535, 1.8017, -1.4993
351.848                                          ,     6, -37.7372, 1.8023, -1.4998
351.868                                          ,     6, -37.7208, 1.8018, -1.5004
351.891                                          ,     6, -37.7040, 1.8003, -1.5010
351.912                                          ,     6, -37.6869, 1.7982, -1.5016
351.934                                          ,     6, -37.6696, 1.7956, -1.5024
351.960                                          ,     6, -37.6516, 1.7923, -1.5032
351.979                                          ,     6, -37.6338, 1.7891, -1.5039
352.000                                          ,     6, -37.6160, 1.7857, -1.5046
352.023                                          ,     6, -37.5979, 1.7818, -1.5049
352.045                                          ,     6, -37.5797, 1.7784, -1.5048
352.068                                          ,     6, -37.5612, 1.7754, -1.5043
352.089                                          ,     6, -37.5423, 1.7735, -1.5036
352.119                                          ,     6, -37.5225, 1.7729, -1.5021
352.140                                          ,     6, -37.5032, 1.7720, -1.5006
352.157                                          ,     6, -37.4838, 1.7713, -1.4989
352.178                                          ,     6, -37.4644, 1.7709, -1.4970
352.201                                          ,     6, -37.4445, 1.7730, -1.4949
352.224                                          ,     6, -37.4250, 1.7763, -1.4933
352.246                                          ,     6, -37.4054, 1.7805, -1.4918
352.278                                          ,     6, -37.3870, 1.7868, -1.4915
352.299                                          ,     6, -37.3788, 1.7859, -1.4917
352.314                                          ,     6, -37.3704, 1.7856, -1.4923
352.329                                          ,     6, -37.3530, 1.7870, -1.4931
352.345                                          ,     6, -37.3450, 1.7884, -1.4943
352.361                                          ,     6, -37.3283, 1.7905, -1.4958
352.375                                          ,     6, -37.3203, 1.7920, -1.4970
352.389                                          ,     6, -37.3122, 1.7935, -1.4984
352.404                                          ,     6, -37.2956, 1.7968, -1.5007
352.426                                          ,     6, -37.2793, 1.7997, -1.5036
352.443                                          ,     6, -37.2711, 1.8003, -1.5055
352.458                                          ,     6, -37.2549, 1.8020, -1.5083
352.473                                          ,     6, -37.2471, 1.8021, -1.5099
352.488                                          ,     6, -37.2391, 1.8025, -1.5114
352.502                                          ,     6, -37.2228, 1.8031, -1.5143
352.516                                          ,     6, -37.2147, 1.8029, -1.5157
352.532                                          ,     6, -37.2063, 1.8020, -1.5172
352.549                                          ,     6, -37.1893, 1.8009, -1.5200
352.565                                          ,     6, -37.1803, 1.7997, -1.5213
352.586                                          ,     6, -37.1628, 1.7977, -1.5243
352.604                                          ,     6, -37.1449, 1.7950, -1.5273
352.621                                          ,     6, -37.1356, 1.7929, -1.5287
352.636                                          ,     6, -37.1175, 1.7895, -1.5317
352.651                                          ,     6, -37.1081, 1.7869, -1.5332
352.668                                          ,     6, -37.0803, 1.7811, -1.5378
352.690                                          ,     6, -37.0608, 1.7771, -1.5412
352.713                                          ,     6, -37.0407, 1.7750, -1.5447
352.732                                          ,     6, -37.0207, 1.7730, -1.5484
352.765                                          ,     6, -36.9998, 1.7729, -1.5526
352.786                                          ,     6, -36.9797, 1.7735, -1.5563
352.808                                          ,     6, -36.9590, 1.7777, -1.5603
352.824                                          ,     6, -36.9386, 1.7812, -1.5642
352.846                                          ,     6, -36.9180, 1.7873, -1.5681
352.868                                          ,     6, -36.8977, 1.7933, -1.5719
352.890                                          ,     6, -36.8789, 1.7975, -1.5749
352.920                                          ,     6, -36.8621, 1.7983, -1.5764
352.940                                          ,     6, -36.8449, 1.8000, -1.5777
352.955                                          ,     6, -36.8278, 1.8018, -1.5785
352.979                                          ,     6, -36.8113, 1.8033, -1.5780
353.000                                          ,     6, -36.7946, 1.8058, -1.5773
353.024                                          ,     6, -36.7782, 1.8090, -1.5759
353.046                                          ,     6, -36.7623, 1.8102, -1.5741
353.076                                          ,     6, -36.7467, 1.8103, -1.5715
353.098                                          ,     6, -36.7309, 1.8109, -1.5692
353.113                                          ,     6, -36.7148, 1.8111, -1.5670
353.137                                          ,     6, -36.6988, 1.8098, -1.5643
353.159                                          ,     6, -36.6823, 1.8083, -1.5615
353.180                                          ,     6, -36.6657, 1.8063, -1.5588
353.204                                          ,     6, -36.6489, 1.8030, -1.5558
353.226                                          ,     6, -36.6319, 1.7994, -1.5527
353.249                                          ,     6, -36.6149, 1.7957, -1.5494
353.270                                          ,     6, -36.6062, 1.7933, -1.5473
353.287                                          ,     6, -36.5974, 1.7910, -1.5452
353.301                                          ,     6, -36.5888, 1.7889, -1.5432
353.315                                          ,     6, -36.5801, 1.7870, -1.5411
353.330                                          ,     6, -36.5626, 1.7840, -1.5368
353.346                                          ,     6, -36.5451, 1.7814, -1.5321
353.361                                          ,     6, -36.5362, 1.7804, -1.5292
353.376                                          ,     6, -36.5273, 1.7796, -1.5265
353.391                                          ,     6, -36.5095, 1.7780, -1.5210
353.406                                          ,     6, -36.5008, 1.7779, -1.5179
353.421                                          ,     6, -36.4920, 1.7783, -1.5149
353.436                                          ,     6, -36.4744, 1.7792, -1.5091
353.450                                          ,     6, -36.4656, 1.7814, -1.5060
353.464                                          ,     6, -36.4569, 1.7839, -1.5029
353.478                                          ,     6, -36.4393, 1.7875, -1.4969
353.493                                          ,     6, -36.4306, 1.7914, -1.4939
353.507                                          ,     6, -36.4220, 1.7952, -1.4910
353.522                                          ,     6, -36.4051, 1.8003, -1.4855
353.537                                          ,     6, -36.3970, 1.8019, -1.4832
353.552                                          ,     6, -36.3891, 1.8028, -1.4812
353.567                                          ,     6, -36.3814, 1.8031, -1.4796
353.583                                          ,     6, -36.3655, 1.8048, -1.4763
353.599                                          ,     6, -36.3497, 1.8063, -1.4734
353.614                                          ,     6, -36.3421, 1.8067, -1.4725
353.631                                          ,     6, -36.3265, 1.8080, -1.4704
353.648                                          ,     6, -36.3109, 1.8102, -1.4688
353.664                                          ,     6, -36.2955, 1.8126, -1.4677
353.689                                          ,     6, -36.2804, 1.8135, -1.4682
353.710                                          ,     6, -36.2654, 1.8145, -1.4684
353.734                                          ,     6, -36.2505, 1.8152, -1.4687
353.756                                          ,     6, -36.2354, 1.8154, -1.4687
353.778                                          ,     6, -36.2200, 1.8152, -1.4686
353.801                                          ,     6, -36.2043, 1.8143, -1.4687
353.823                                          ,     6, -36.1884, 1.8128, -1.4686
353.844                                          ,     6, -36.1722, 1.8106, -1.4687
353.874                                          ,     6, -36.1554, 1.8075, -1.4689
353.896                                          ,     6, -36.1387, 1.8041, -1.4690
353.912                                          ,     6, -36.1221, 1.8007, -1.4692
353.933                                          ,     6, -36.1051, 1.7970, -1.4697
353.956                                          ,     6, -36.0873, 1.7938, -1.4704
353.978                                          ,     6, -36.0694, 1.7919, -1.4715
354.004                                          ,     6, -36.0515, 1.7901, -1.4731
354.032                                          ,     6, -36.0334, 1.7896, -1.4752
354.054                                          ,     6, -36.0159, 1.7893, -1.4772
354.070                                          ,     6, -35.9985, 1.7886, -1.4792
354.091                                          ,     6, -35.9807, 1.7905, -1.4814
354.115                                          ,     6, -35.9633, 1.7948, -1.4837
354.136                                          ,     6, -35.9456, 1.7994, -1.4859
354.159                                          ,     6, -35.9372, 1.8028, -1.4872
354.182                                          ,     6, -35.9289, 1.8046, -1.4883
354.202                                          ,     6, -35.9129, 1.8063, -1.4902
354.220                                          ,     6, -35.8972, 1.8068, -1.4915
354.235                                          ,     6, -35.8817, 1.8073, -1.4924
354.252                                          ,     6, -35.8747, 1.8074, -1.4922
354.267                                          ,     6, -35.8598, 1.8085, -1.4925
354.282                                          ,     6, -35.8528, 1.8091, -1.4920
354.298                                          ,     6, -35.8458, 1.8101, -1.4914
354.313                                          ,     6, -35.8315, 1.8120, -1.4908
354.327                                          ,     6, -35.8248, 1.8128, -1.4901
354.341                                          ,     6, -35.8181, 1.8135, -1.4893
354.355                                          ,     6, -35.8045, 1.8146, -1.4881
354.369                                          ,     6, -35.7981, 1.8149, -1.4869
354.383                                          ,     6, -35.7917, 1.8152, -1.4857
354.398                                          ,     6, -35.7852, 1.8153, -1.4847
354.412                                          ,     6, -35.7718, 1.8157, -1.4828
354.426                                          ,     6, -35.7651, 1.8155, -1.4818
354.440                                          ,     6, -35.7585, 1.8154, -1.4808
354.453                                          ,     6, -35.7449, 1.8152, -1.4789
354.467                                          ,     6, -35.7379, 1.8149, -1.4778
354.486                                          ,     6, -35.7305, 1.8143, -1.4767
354.501                                          ,     6, -35.7162, 1.8135, -1.4748
354.515                                          ,     6, -35.7088, 1.8127, -1.4738
354.530                                          ,     6, -35.7014, 1.8117, -1.4727
354.545                                          ,     6, -35.6868, 1.8100, -1.4705
354.559                                          ,     6, -35.6719, 1.8082, -1.4682
354.576                                          ,     6, -35.6569, 1.8057, -1.4656
354.599                                          ,     6, -35.6418, 1.8030, -1.4626
354.622                                          ,     6, -35.6267, 1.8001, -1.4592
354.654                                          ,     6, -35.6116, 1.7975, -1.4551
354.675                                          ,     6, -35.5970, 1.7957, -1.4512
354.694                                          ,     6, -35.5827, 1.7941, -1.4473
354.710                                          ,     6, -35.5684, 1.7925, -1.4431
354.734                                          ,     6, -35.5543, 1.7920, -1.4386
354.756                                          ,     6, -35.5401, 1.7935, -1.4340
354.779                                          ,     6, -35.5261, 1.7972, -1.4293
354.800                                          ,     6, -35.5123, 1.8012, -1.4248
354.823                                          ,     6, -35.4988, 1.8072, -1.4206
354.845                                          ,     6, -35.4859, 1.8135, -1.4168
354.866                                          ,     6, -35.4735, 1.8176, -1.4134
354.889                                          ,     6, -35.4618, 1.8193, -1.4108
354.911                                          ,     6, -35.4504, 1.8197, -1.4092
354.934                                          ,     6, -35.4388, 1.8200, -1.4083
354.964                                          ,     6, -35.4275, 1.8206, -1.4088
354.987                                          ,     6, -35.4164, 1.8218, -1.4093
355.002                                          ,     6, -35.4057, 1.8234, -1.4098
355.024                                          ,     6, -35.3957, 1.8247, -1.4110
355.048                                          ,     6, -35.3863, 1.8260, -1.4123
355.065                                          ,     6, -35.3769, 1.8276, -1.4130
355.090                                          ,     6, -35.3685, 1.8288, -1.4141
355.120                                          ,     6, -35.3612, 1.8291, -1.4152
355.142                                          ,     6, -35.3536, 1.8292, -1.4160
355.159                                          ,     6, -35.3461, 1.8292, -1.4167
355.177                                          ,     6, -35.3391, 1.8290, -1.4176
355.202                                          ,     6, -35.3327, 1.8283, -1.4187
355.223                                          ,     6, -35.3266, 1.8276, -1.4205
355.248                                          ,     6, -35.3243, 1.8271, -1.4214
355.275                                          ,     6, -35.3222, 1.8269, -1.4225
355.293                                          ,     6, -35.3168, 1.8267, -1.4250
355.307                                          ,     6, -35.3144, 1.8265, -1.4263
355.322                                          ,     6, -35.3120, 1.8263, -1.4276
355.337                                          ,     6, -35.3098, 1.8261, -1.4290
355.352                                          ,     6, -35.3050, 1.8256, -1.4314
355.367                                          ,     6, -35.3030, 1.8251, -1.4329
355.383                                          ,     6, -35.3010, 1.8251, -1.4348
355.400                                          ,     6, -35.2970, 1.8254, -1.4377
355.417                                          ,     6, -35.2914, 1.8266, -1.4430
355.436                                          ,     6, -35.2879, 1.8277, -1.4465
355.451                                          ,     6, -35.2846, 1.8286, -1.4502
355.467                                          ,     6, -35.2816, 1.8294, -1.4542
355.485                                          ,     6, -35.2791, 1.8300, -1.4585
355.511                                          ,     6, -35.2771, 1.8303, -1.4629
355.532                                          ,     6, -35.2748, 1.8305, -1.4670
355.556                                          ,     6, -35.2728, 1.8304, -1.4707
355.583                                          ,     6, -35.2709, 1.8304, -1.4748
355.606                                          ,     6, -35.2686, 1.8304, -1.4768
355.621                                          ,     6, -35.2665, 1.8305, -1.4801
355.644                                          ,     6, -35.2649, 1.8307, -1.4833
355.667                                          ,     6, -35.2633, 1.8306, -1.4859
355.689                                          ,     6, -35.2616, 1.8306, -1.4883
355.712                                          ,     6, -35.2600, 1.8306, -1.4903
355.738                                          ,     6, -35.2587, 1.8305, -1.4922
355.760                                          ,     6, -35.2574, 1.8304, -1.4939
355.778                                          ,     6, -35.2561, 1.8304, -1.4954
355.801                                          ,     6, -35.2549, 1.8302, -1.4964
355.824                                          ,     6, -35.2538, 1.8298, -1.4969
355.847                                          ,     6, -35.2530, 1.8293, -1.4973
355.869                                          ,     6, -35.2522, 1.8286, -1.4976
355.896                                          ,     6, -35.2518, 1.8278, -1.4975
355.918                                          ,     6, -35.2513, 1.8272, -1.4975
355.934                                          ,     6, -35.2507, 1.8268, -1.4977
355.958                                          ,     6, -35.2503, 1.8264, -1.4975
355.981                                          ,     6, -35.2499, 1.8262, -1.4975
355.998                                          ,     6, -35.2495, 1.8259, -1.4975
356.027                                          ,     6, -35.2494, 1.8260, -1.4977
356.044                                          ,     6, -35.2493, 1.8260, -1.4981
356.069                                          ,     6, -35.2491, 1.8262, -1.4979

# --- Trial 7 start ---
366.179                                          ,     7, -39.6895, 1.8076, -1.2782
366.298                                          ,     7, -39.6894, 1.8078, -1.2760
366.322                                          ,     7, -39.6896, 1.8077, -1.2743
366.340                                          ,     7, -39.6896, 1.8077, -1.2732
366.363                                          ,     7, -39.6897, 1.8076, -1.2719
366.380                                          ,     7, -39.6899, 1.8075, -1.2707
366.395                                          ,     7, -39.6900, 1.8075, -1.2699
366.410                                          ,     7, -39.6901, 1.8075, -1.2692
366.425                                          ,     7, -39.6903, 1.8073, -1.2676
366.438                                          ,     7, -39.6903, 1.8073, -1.2668
366.452                                          ,     7, -39.6905, 1.8071, -1.2650
366.468                                          ,     7, -39.6906, 1.8073, -1.2641
366.483                                          ,     7, -39.6906, 1.8072, -1.2631
366.497                                          ,     7, -39.6907, 1.8073, -1.2621
366.517                                          ,     7, -39.6910, 1.8073, -1.2602
366.533                                          ,     7, -39.6911, 1.8073, -1.2592
366.547                                          ,     7, -39.6912, 1.8072, -1.2573
366.563                                          ,     7, -39.6914, 1.8073, -1.2562
366.577                                          ,     7, -39.6915, 1.8072, -1.2552
366.592                                          ,     7, -39.6917, 1.8072, -1.2532
366.608                                          ,     7, -39.6918, 1.8072, -1.2520
366.623                                          ,     7, -39.6920, 1.8072, -1.2498
366.639                                          ,     7, -39.6922, 1.8073, -1.2487
366.654                                          ,     7, -39.6923, 1.8073, -1.2474
366.676                                          ,     7, -39.6925, 1.8073, -1.2450
366.691                                          ,     7, -39.6926, 1.8073, -1.2427
366.708                                          ,     7, -39.6925, 1.8072, -1.2416
366.724                                          ,     7, -39.6925, 1.8072, -1.2403
366.739                                          ,     7, -39.6926, 1.8072, -1.2378
366.756                                          ,     7, -39.6925, 1.8071, -1.2364
366.770                                          ,     7, -39.6924, 1.8071, -1.2338
366.785                                          ,     7, -39.6924, 1.8071, -1.2324
366.800                                          ,     7, -39.6923, 1.8071, -1.2310
366.814                                          ,     7, -39.6923, 1.8070, -1.2296
366.833                                          ,     7, -39.6921, 1.8069, -1.2268
366.848                                          ,     7, -39.6920, 1.8068, -1.2238
366.863                                          ,     7, -39.6918, 1.8067, -1.2222
366.884                                          ,     7, -39.6915, 1.8066, -1.2205
366.899                                          ,     7, -39.6911, 1.8066, -1.2173
366.914                                          ,     7, -39.6908, 1.8064, -1.2157
366.928                                          ,     7, -39.6903, 1.8063, -1.2124
366.942                                          ,     7, -39.6899, 1.8061, -1.2108
366.957                                          ,     7, -39.6894, 1.8059, -1.2091
366.972                                          ,     7, -39.6890, 1.8058, -1.2074
366.987                                          ,     7, -39.6881, 1.8054, -1.2040
367.002                                          ,     7, -39.6876, 1.8052, -1.2023
367.016                                          ,     7, -39.6865, 1.8048, -1.1988
367.030                                          ,     7, -39.6859, 1.8044, -1.1970
367.045                                          ,     7, -39.6851, 1.8042, -1.1953
367.060                                          ,     7, -39.6836, 1.8036, -1.1918
367.074                                          ,     7, -39.6828, 1.8034, -1.1902
367.089                                          ,     7, -39.6820, 1.8032, -1.1886
367.103                                          ,     7, -39.6812, 1.8032, -1.1870
367.119                                          ,     7, -39.6796, 1.8032, -1.1838
367.133                                          ,     7, -39.6786, 1.8031, -1.1824
367.152                                          ,     7, -39.6768, 1.8027, -1.1797
367.169                                          ,     7, -39.6758, 1.8021, -1.1786
367.182                                          ,     7, -39.6739, 1.8011, -1.1763
367.198                                          ,     7, -39.6727, 1.8005, -1.1757
367.214                                          ,     7, -39.6714, 1.8001, -1.1753
367.230                                          ,     7, -39.6690, 1.7994, -1.1742
367.249                                          ,     7, -39.6664, 1.7991, -1.1736
367.265                                          ,     7, -39.6651, 1.7991, -1.1738
367.282                                          ,     7, -39.6624, 1.7992, -1.1739
367.299                                          ,     7, -39.6611, 1.7991, -1.1743
367.315                                          ,     7, -39.6598, 1.7990, -1.1748
367.332                                          ,     7, -39.6586, 1.7989, -1.1753
367.348                                          ,     7, -39.6560, 1.7987, -1.1760
367.365                                          ,     7, -39.6534, 1.7983, -1.1769
367.381                                          ,     7, -39.6508, 1.7979, -1.1779
367.397                                          ,     7, -39.6495, 1.7976, -1.1786
367.412                                          ,     7, -39.6483, 1.7973, -1.1793
367.428                                          ,     7, -39.6460, 1.7966, -1.1805
367.444                                          ,     7, -39.6449, 1.7961, -1.1813
367.461                                          ,     7, -39.6426, 1.7950, -1.1828
367.480                                          ,     7, -39.6418, 1.7942, -1.1838
367.497                                          ,     7, -39.6402, 1.7929, -1.1855
367.512                                          ,     7, -39.6397, 1.7921, -1.1864
367.527                                          ,     7, -39.6385, 1.7907, -1.1884
367.544                                          ,     7, -39.6384, 1.7900, -1.1898
367.559                                          ,     7, -39.6384, 1.7893, -1.1912
367.576                                          ,     7, -39.6381, 1.7879, -1.1938
367.591                                          ,     7, -39.6367, 1.7905, -1.1949
367.606                                          ,     7, -39.6349, 1.7981, -1.1977
367.625                                          ,     7, -39.6335, 1.8003, -1.1998
367.640                                          ,     7, -39.6318, 1.8012, -1.2034
367.658                                          ,     7, -39.6299, 1.8002, -1.2076
367.675                                          ,     7, -39.6289, 1.7990, -1.2100
367.691                                          ,     7, -39.6284, 1.7988, -1.2125
367.709                                          ,     7, -39.6276, 1.7983, -1.2167
367.725                                          ,     7, -39.6269, 1.7977, -1.2191
367.741                                          ,     7, -39.6256, 1.7969, -1.2234
367.757                                          ,     7, -39.6249, 1.7961, -1.2255
367.772                                          ,     7, -39.6240, 1.7956, -1.2299
367.790                                          ,     7, -39.6235, 1.7961, -1.2319
367.811                                          ,     7, -39.6226, 1.7973, -1.2361
367.829                                          ,     7, -39.6216, 1.7981, -1.2401
367.845                                          ,     7, -39.6212, 1.7983, -1.2417
367.863                                          ,     7, -39.6203, 1.7993, -1.2453
367.878                                          ,     7, -39.6198, 1.7996, -1.2470
367.893                                          ,     7, -39.6187, 1.8001, -1.2504
367.910                                          ,     7, -39.6181, 1.8002, -1.2519
367.927                                          ,     7, -39.6173, 1.8000, -1.2537
367.944                                          ,     7, -39.6161, 1.8003, -1.2568
367.961                                          ,     7, -39.6148, 1.8006, -1.2602
367.977                                          ,     7, -39.6140, 1.8005, -1.2614
367.993                                          ,     7, -39.6130, 1.8003, -1.2629
368.009                                          ,     7, -39.6112, 1.8003, -1.2661
368.024                                          ,     7, -39.6092, 1.8005, -1.2693
368.040                                          ,     7, -39.6080, 1.8007, -1.2709
368.055                                          ,     7, -39.6068, 1.8006, -1.2723
368.070                                          ,     7, -39.6058, 1.8004, -1.2738
368.086                                          ,     7, -39.6036, 1.8000, -1.2767
368.102                                          ,     7, -39.6021, 1.8000, -1.2785
368.121                                          ,     7, -39.5998, 1.7999, -1.2816
368.136                                          ,     7, -39.5974, 1.7995, -1.2846
368.154                                          ,     7, -39.5958, 1.7991, -1.2863
368.171                                          ,     7, -39.5930, 1.7987, -1.2895
368.186                                          ,     7, -39.5913, 1.7986, -1.2913
368.202                                          ,     7, -39.5899, 1.7985, -1.2930
368.217                                          ,     7, -39.5871, 1.7980, -1.2961
368.233                                          ,     7, -39.5854, 1.7977, -1.2978
368.247                                          ,     7, -39.5823, 1.7974, -1.3011
368.263                                          ,     7, -39.5804, 1.7975, -1.3027
368.282                                          ,     7, -39.5786, 1.7974, -1.3042
368.299                                          ,     7, -39.5755, 1.7973, -1.3070
368.315                                          ,     7, -39.5720, 1.7971, -1.3098
368.330                                          ,     7, -39.5700, 1.7971, -1.3112
368.344                                          ,     7, -39.5678, 1.7972, -1.3124
368.364                                          ,     7, -39.5655, 1.7969, -1.3133
368.381                                          ,     7, -39.5615, 1.7965, -1.3154
368.396                                          ,     7, -39.5574, 1.7961, -1.3173
368.411                                          ,     7, -39.5550, 1.7958, -1.3181
368.426                                          ,     7, -39.5455, 1.7948, -1.3215
368.448                                          ,     7, -39.5398, 1.7935, -1.3223
368.471                                          ,     7, -39.5341, 1.7920, -1.3227
368.494                                          ,     7, -39.5277, 1.7908, -1.3230
368.518                                          ,     7, -39.5209, 1.7895, -1.3227
368.536                                          ,     7, -39.5142, 1.7882, -1.3220
368.561                                          ,     7, -39.5069, 1.7878, -1.3208
368.581                                          ,     7, -39.4991, 1.7875, -1.3197
368.604                                          ,     7, -39.4906, 1.7871, -1.3182
368.626                                          ,     7, -39.4816, 1.7863, -1.3164
368.651                                          ,     7, -39.4723, 1.7856, -1.3143
368.673                                          ,     7, -39.4623, 1.7844, -1.3124
368.694                                          ,     7, -39.4519, 1.7825, -1.3100
368.716                                          ,     7, -39.4410, 1.7809, -1.3077
368.737                                          ,     7, -39.4293, 1.7792, -1.3052
368.761                                          ,     7, -39.4172, 1.7771, -1.3021
368.782                                          ,     7, -39.4044, 1.7749, -1.2990
368.806                                          ,     7, -39.3912, 1.7731, -1.2957
368.829                                          ,     7, -39.3777, 1.7713, -1.2919
368.850                                          ,     7, -39.3637, 1.7693, -1.2878
368.874                                          ,     7, -39.3493, 1.7680, -1.2835
368.896                                          ,     7, -39.3348, 1.7666, -1.2790
368.918                                          ,     7, -39.3206, 1.7654, -1.2741
368.941                                          ,     7, -39.3135, 1.7648, -1.2710
368.958                                          ,     7, -39.3066, 1.7644, -1.2680
368.975                                          ,     7, -39.2997, 1.7649, -1.2651
368.991                                          ,     7, -39.2791, 1.7657, -1.2572
369.006                                          ,     7, -39.2729, 1.7673, -1.2543
369.021                                          ,     7, -39.2666, 1.7694, -1.2514
369.037                                          ,     7, -39.2608, 1.7723, -1.2493
369.056                                          ,     7, -39.2479, 1.7771, -1.2446
369.072                                          ,     7, -39.2356, 1.7818, -1.2400
369.087                                          ,     7, -39.2298, 1.7837, -1.2379
369.103                                          ,     7, -39.2182, 1.7863, -1.2337
369.119                                          ,     7, -39.2126, 1.7863, -1.2323
369.134                                          ,     7, -39.2070, 1.7860, -1.2310
369.150                                          ,     7, -39.1951, 1.7868, -1.2283
369.164                                          ,     7, -39.1894, 1.7870, -1.2274
369.179                                          ,     7, -39.1781, 1.7876, -1.2251
369.193                                          ,     7, -39.1722, 1.7875, -1.2246
369.209                                          ,     7, -39.1662, 1.7877, -1.2242
369.232                                          ,     7, -39.1541, 1.7882, -1.2235
369.251                                          ,     7, -39.1418, 1.7885, -1.2227
369.267                                          ,     7, -39.1359, 1.7886, -1.2224
369.286                                          ,     7, -39.1235, 1.7889, -1.2218
369.304                                          ,     7, -39.1109, 1.7890, -1.2213
369.321                                          ,     7, -39.1044, 1.7890, -1.2212
369.336                                          ,     7, -39.0920, 1.7889, -1.2206
369.351                                          ,     7, -39.0789, 1.7886, -1.2202
369.368                                          ,     7, -39.0653, 1.7878, -1.2199
369.393                                          ,     7, -39.0504, 1.7866, -1.2204
369.415                                          ,     7, -39.0356, 1.7851, -1.2208
369.438                                          ,     7, -39.0206, 1.7832, -1.2215
369.459                                          ,     7, -39.0049, 1.7809, -1.2227
369.481                                          ,     7, -38.9889, 1.7783, -1.2241
369.504                                          ,     7, -38.9723, 1.7756, -1.2257
369.527                                          ,     7, -38.9553, 1.7728, -1.2280
369.547                                          ,     7, -38.9377, 1.7701, -1.2306
369.570                                          ,     7, -38.9198, 1.7673, -1.2336
369.593                                          ,     7, -38.9016, 1.7648, -1.2368
369.616                                          ,     7, -38.8831, 1.7632, -1.2406
369.638                                          ,     7, -38.8648, 1.7622, -1.2445
369.660                                          ,     7, -38.8462, 1.7619, -1.2485
369.682                                          ,     7, -38.8269, 1.7653, -1.2525
369.713                                          ,     7, -38.8068, 1.7714, -1.2566
369.734                                          ,     7, -38.7881, 1.7760, -1.2602
369.749                                          ,     7, -38.7700, 1.7788, -1.2634
369.773                                          ,     7, -38.7536, 1.7799, -1.2659
369.795                                          ,     7, -38.7378, 1.7811, -1.2676
369.817                                          ,     7, -38.7228, 1.7832, -1.2684
369.840                                          ,     7, -38.7157, 1.7844, -1.2680
369.858                                          ,     7, -38.7085, 1.7858, -1.2678
369.873                                          ,     7, -38.7008, 1.7873, -1.2678
369.889                                          ,     7, -38.6855, 1.7902, -1.2681
369.906                                          ,     7, -38.6703, 1.7929, -1.2681
369.921                                          ,     7, -38.6629, 1.7938, -1.2676
369.940                                          ,     7, -38.6476, 1.7952, -1.2669
369.960                                          ,     7, -38.6400, 1.7952, -1.2662
369.980                                          ,     7, -38.6243, 1.7960, -1.2654
370.000                                          ,     7, -38.6084, 1.7961, -1.2645
370.016                                          ,     7, -38.5923, 1.7958, -1.2636
370.033                                          ,     7, -38.5840, 1.7949, -1.2631
370.050                                          ,     7, -38.5674, 1.7938, -1.2622
370.065                                          ,     7, -38.5587, 1.7923, -1.2616
370.080                                          ,     7, -38.5416, 1.7903, -1.2604
370.098                                          ,     7, -38.5323, 1.7885, -1.2598
370.114                                          ,     7, -38.5145, 1.7855, -1.2583
370.129                                          ,     7, -38.5052, 1.7836, -1.2575
370.143                                          ,     7, -38.4961, 1.7817, -1.2566
370.159                                          ,     7, -38.4776, 1.7783, -1.2549
370.180                                          ,     7, -38.4675, 1.7761, -1.2537
370.200                                          ,     7, -38.4479, 1.7726, -1.2517
370.217                                          ,     7, -38.4281, 1.7696, -1.2494
370.231                                          ,     7, -38.4178, 1.7685, -1.2480
370.246                                          ,     7, -38.3978, 1.7662, -1.2455
370.263                                          ,     7, -38.3775, 1.7644, -1.2428
370.284                                          ,     7, -38.3575, 1.7630, -1.2398
370.303                                          ,     7, -38.3375, 1.7628, -1.2371
370.326                                          ,     7, -38.3175, 1.7674, -1.2353
370.356                                          ,     7, -38.2979, 1.7750, -1.2343
370.378                                          ,     7, -38.2789, 1.7842, -1.2335
370.399                                          ,     7, -38.2606, 1.7913, -1.2331
370.413                                          ,     7, -38.2427, 1.7958, -1.2328
370.442                                          ,     7, -38.2261, 1.7967, -1.2345
370.465                                          ,     7, -38.2087, 1.7981, -1.2370
370.484                                          ,     7, -38.1907, 1.7996, -1.2396
370.514                                          ,     7, -38.1715, 1.8007, -1.2434
370.536                                          ,     7, -38.1528, 1.8014, -1.2464
370.555                                          ,     7, -38.1342, 1.8014, -1.2497
370.574                                          ,     7, -38.1155, 1.8008, -1.2535
370.594                                          ,     7, -38.0968, 1.8003, -1.2574
370.617                                          ,     7, -38.0783, 1.7993, -1.2613
370.640                                          ,     7, -38.0600, 1.7976, -1.2653
370.669                                          ,     7, -38.0421, 1.7953, -1.2693
370.690                                          ,     7, -38.0240, 1.7930, -1.2733
370.707                                          ,     7, -38.0055, 1.7907, -1.2774
370.727                                          ,     7, -37.9868, 1.7881, -1.2820
370.750                                          ,     7, -37.9678, 1.7851, -1.2868
370.772                                          ,     7, -37.9485, 1.7816, -1.2918
370.795                                          ,     7, -37.9287, 1.7779, -1.2970
370.824                                          ,     7, -37.9083, 1.7750, -1.3028
370.846                                          ,     7, -37.8883, 1.7725, -1.3085
370.861                                          ,     7, -37.8683, 1.7698, -1.3142
370.885                                          ,     7, -37.8478, 1.7683, -1.3204
370.906                                          ,     7, -37.8277, 1.7680, -1.3264
370.928                                          ,     7, -37.8077, 1.7704, -1.3322
370.951                                          ,     7, -37.7980, 1.7744, -1.3351
370.972                                          ,     7, -37.7882, 1.7780, -1.3378
370.989                                          ,     7, -37.7786, 1.7805, -1.3404
371.006                                          ,     7, -37.7600, 1.7839, -1.3452
371.021                                          ,     7, -37.7509, 1.7853, -1.3473
371.037                                          ,     7, -37.7421, 1.7865, -1.3490
371.052                                          ,     7, -37.7245, 1.7892, -1.3525
371.068                                          ,     7, -37.7073, 1.7919, -1.3551
371.084                                          ,     7, -37.6992, 1.7932, -1.3554
371.098                                          ,     7, -37.6908, 1.7947, -1.3560
371.115                                          ,     7, -37.6827, 1.7966, -1.3564
371.134                                          ,     7, -37.6658, 1.7999, -1.3577
371.151                                          ,     7, -37.6491, 1.8026, -1.3588
371.166                                          ,     7, -37.6408, 1.8033, -1.3590
371.181                                          ,     7, -37.6239, 1.8048, -1.3598
371.199                                          ,     7, -37.6155, 1.8049, -1.3599
371.214                                          ,     7, -37.5986, 1.8055, -1.3605
371.229                                          ,     7, -37.5901, 1.8051, -1.3606
371.244                                          ,     7, -37.5816, 1.8045, -1.3607
371.259                                          ,     7, -37.5644, 1.8036, -1.3612
371.275                                          ,     7, -37.5556, 1.8023, -1.3614
371.290                                          ,     7, -37.5465, 1.8009, -1.3617
371.306                                          ,     7, -37.5374, 1.7996, -1.3619
371.324                                          ,     7, -37.5191, 1.7971, -1.3624
371.340                                          ,     7, -37.5005, 1.7944, -1.3628
371.357                                          ,     7, -37.4907, 1.7927, -1.3629
371.374                                          ,     7, -37.4714, 1.7894, -1.3631
371.390                                          ,     7, -37.4614, 1.7875, -1.3630
371.406                                          ,     7, -37.4417, 1.7838, -1.3629
371.425                                          ,     7, -37.4216, 1.7803, -1.3625
371.449                                          ,     7, -37.4108, 1.7793, -1.3619
371.469                                          ,     7, -37.3900, 1.7772, -1.3610
371.488                                          ,     7, -37.3688, 1.7754, -1.3597
371.504                                          ,     7, -37.3476, 1.7739, -1.3582
371.518                                          ,     7, -37.3367, 1.7737, -1.3572
371.532                                          ,     7, -37.3259, 1.7747, -1.3560
371.547                                          ,     7, -37.3046, 1.7760, -1.3542
371.562                                          ,     7, -37.2938, 1.7782, -1.3530
371.577                                          ,     7, -37.2830, 1.7810, -1.3519
371.596                                          ,     7, -37.2615, 1.7863, -1.3501
371.612                                          ,     7, -37.2512, 1.7887, -1.3495
371.626                                          ,     7, -37.2304, 1.7911, -1.3480
371.640                                          ,     7, -37.2208, 1.7907, -1.3476
371.656                                          ,     7, -37.2114, 1.7906, -1.3478
371.672                                          ,     7, -37.1926, 1.7921, -1.3480
371.688                                          ,     7, -37.1837, 1.7931, -1.3486
371.704                                          ,     7, -37.1654, 1.7949, -1.3493
371.718                                          ,     7, -37.1564, 1.7961, -1.3500
371.734                                          ,     7, -37.1477, 1.7978, -1.3511
371.755                                          ,     7, -37.1297, 1.8007, -1.3528
371.770                                          ,     7, -37.1119, 1.8025, -1.3547
371.784                                          ,     7, -37.1031, 1.8029, -1.3560
371.798                                          ,     7, -37.0944, 1.8032, -1.3572
371.812                                          ,     7, -37.0767, 1.8041, -1.3594
371.827                                          ,     7, -37.0679, 1.8040, -1.3606
371.842                                          ,     7, -37.0590, 1.8036, -1.3620
371.856                                          ,     7, -37.0506, 1.8031, -1.3633
371.871                                          ,     7, -37.0328, 1.8023, -1.3658
371.887                                          ,     7, -37.0238, 1.8015, -1.3672
371.902                                          ,     7, -37.0149, 1.8004, -1.3684
371.917                                          ,     7, -36.9969, 1.7984, -1.3710
371.934                                          ,     7, -36.9789, 1.7959, -1.3737
371.949                                          ,     7, -36.9698, 1.7940, -1.3750
371.965                                          ,     7, -36.9607, 1.7921, -1.3763
371.980                                          ,     7, -36.9513, 1.7903, -1.3777
371.996                                          ,     7, -36.9328, 1.7869, -1.3803
372.012                                          ,     7, -36.9138, 1.7836, -1.3831
372.026                                          ,     7, -36.9040, 1.7821, -1.3847
372.042                                          ,     7, -36.8939, 1.7812, -1.3864
372.057                                          ,     7, -36.8840, 1.7804, -1.3881
372.074                                          ,     7, -36.8642, 1.7782, -1.3914
372.092                                          ,     7, -36.8444, 1.7763, -1.3948
372.109                                          ,     7, -36.8343, 1.7761, -1.3966
372.128                                          ,     7, -36.8141, 1.7764, -1.4001
372.143                                          ,     7, -36.8038, 1.7783, -1.4021
372.159                                          ,     7, -36.7834, 1.7806, -1.4057
372.174                                          ,     7, -36.7731, 1.7832, -1.4074
372.188                                          ,     7, -36.7629, 1.7860, -1.4093
372.204                                          ,     7, -36.7432, 1.7898, -1.4126
372.222                                          ,     7, -36.7345, 1.7908, -1.4137
372.238                                          ,     7, -36.7162, 1.7923, -1.4163
372.253                                          ,     7, -36.7079, 1.7927, -1.4171
372.269                                          ,     7, -36.6905, 1.7949, -1.4189
372.285                                          ,     7, -36.6825, 1.7964, -1.4191
372.300                                          ,     7, -36.6743, 1.7977, -1.4195
372.317                                          ,     7, -36.6576, 1.8009, -1.4203
372.331                                          ,     7, -36.6492, 1.8029, -1.4205
372.347                                          ,     7, -36.6327, 1.8065, -1.4210
372.362                                          ,     7, -36.6246, 1.8079, -1.4209
372.377                                          ,     7, -36.6164, 1.8087, -1.4208
372.395                                          ,     7, -36.6002, 1.8102, -1.4207
372.410                                          ,     7, -36.5921, 1.8106, -1.4205
372.426                                          ,     7, -36.5760, 1.8117, -1.4204
372.443                                          ,     7, -36.5678, 1.8115, -1.4203
372.462                                          ,     7, -36.5513, 1.8110, -1.4202
372.482                                          ,     7, -36.5347, 1.8102, -1.4201
372.499                                          ,     7, -36.5262, 1.8093, -1.4199
372.515                                          ,     7, -36.5094, 1.8078, -1.4198
372.534                                          ,     7, -36.5006, 1.8062, -1.4198
372.552                                          ,     7, -36.4834, 1.8036, -1.4196
372.568                                          ,     7, -36.4661, 1.8006, -1.4194
372.583                                          ,     7, -36.4571, 1.7988, -1.4193
372.597                                          ,     7, -36.4480, 1.7970, -1.4191
372.618                                          ,     7, -36.4299, 1.7936, -1.4188
372.639                                          ,     7, -36.4112, 1.7903, -1.4185
372.657                                          ,     7, -36.3924, 1.7878, -1.4180
372.676                                          ,     7, -36.3827, 1.7871, -1.4174
372.697                                          ,     7, -36.3636, 1.7851, -1.4164
372.715                                          ,     7, -36.3446, 1.7833, -1.4152
372.730                                          ,     7, -36.3351, 1.7826, -1.4144
372.743                                          ,     7, -36.3256, 1.7825, -1.4137
372.757                                          ,     7, -36.3066, 1.7825, -1.4122
372.771                                          ,     7, -36.2971, 1.7839, -1.4112
372.788                                          ,     7, -36.2877, 1.7857, -1.4103
372.804                                          ,     7, -36.2688, 1.7886, -1.4086
372.819                                          ,     7, -36.2597, 1.7917, -1.4079
372.834                                          ,     7, -36.2511, 1.7941, -1.4073
372.849                                          ,     7, -36.2338, 1.7963, -1.4061
372.864                                          ,     7, -36.2258, 1.7963, -1.4059
372.879                                          ,     7, -36.2093, 1.7979, -1.4055
372.895                                          ,     7, -36.2016, 1.7990, -1.4058
372.909                                          ,     7, -36.1939, 1.8003, -1.4062
372.923                                          ,     7, -36.1779, 1.8026, -1.4066
372.937                                          ,     7, -36.1704, 1.8039, -1.4073
372.953                                          ,     7, -36.1628, 1.8058, -1.4083
372.967                                          ,     7, -36.1551, 1.8075, -1.4091
372.982                                          ,     7, -36.1398, 1.8103, -1.4105
372.996                                          ,     7, -36.1326, 1.8108, -1.4115
373.010                                          ,     7, -36.1255, 1.8113, -1.4125
373.023                                          ,     7, -36.1184, 1.8118, -1.4134
373.042                                          ,     7, -36.1042, 1.8130, -1.4151
373.058                                          ,     7, -36.0898, 1.8139, -1.4168
373.073                                          ,     7, -36.0827, 1.8135, -1.4176
373.088                                          ,     7, -36.0755, 1.8132, -1.4185
373.104                                          ,     7, -36.0609, 1.8129, -1.4200
373.118                                          ,     7, -36.0536, 1.8123, -1.4207
373.134                                          ,     7, -36.0390, 1.8116, -1.4223
373.151                                          ,     7, -36.0314, 1.8106, -1.4231
373.170                                          ,     7, -36.0167, 1.8088, -1.4247
373.187                                          ,     7, -36.0093, 1.8076, -1.4255
373.205                                          ,     7, -35.9944, 1.8054, -1.4273
373.220                                          ,     7, -35.9867, 1.8037, -1.4282
373.234                                          ,     7, -35.9792, 1.8022, -1.4292
373.249                                          ,     7, -35.9642, 1.7998, -1.4312
373.264                                          ,     7, -35.9566, 1.7988, -1.4322
373.279                                          ,     7, -35.9413, 1.7973, -1.4345
373.293                                          ,     7, -35.9332, 1.7967, -1.4358
373.309                                          ,     7, -35.9252, 1.7960, -1.4374
373.329                                          ,     7, -35.9090, 1.7945, -1.4403
373.348                                          ,     7, -35.8924, 1.7939, -1.4434
373.364                                          ,     7, -35.8840, 1.7937, -1.4452
373.379                                          ,     7, -35.8677, 1.7928, -1.4487
373.394                                          ,     7, -35.8593, 1.7932, -1.4508
373.408                                          ,     7, -35.8511, 1.7943, -1.4527
373.423                                          ,     7, -35.8428, 1.7954, -1.4546
373.440                                          ,     7, -35.8262, 1.7975, -1.4581
373.455                                          ,     7, -35.8179, 1.8000, -1.4601
373.471                                          ,     7, -35.8014, 1.8037, -1.4638
373.493                                          ,     7, -35.7934, 1.8058, -1.4656
373.514                                          ,     7, -35.7778, 1.8080, -1.4687
373.533                                          ,     7, -35.7626, 1.8091, -1.4715
373.551                                          ,     7, -35.7478, 1.8095, -1.4737
373.567                                          ,     7, -35.7260, 1.8105, -1.4769
373.583                                          ,     7, -35.7121, 1.8112, -1.4782
373.603                                          ,     7, -35.6984, 1.8118, -1.4788
373.625                                          ,     7, -35.6851, 1.8135, -1.4790
373.654                                          ,     7, -35.6725, 1.8157, -1.4786
373.677                                          ,     7, -35.6599, 1.8169, -1.4778
373.696                                          ,     7, -35.6474, 1.8179, -1.4771
373.711                                          ,     7, -35.6349, 1.8188, -1.4762
373.737                                          ,     7, -35.6226, 1.8190, -1.4749
373.758                                          ,     7, -35.6102, 1.8190, -1.4737
373.783                                          ,     7, -35.5978, 1.8183, -1.4726
373.800                                          ,     7, -35.5852, 1.8176, -1.4716
373.823                                          ,     7, -35.5724, 1.8163, -1.4708
373.845                                          ,     7, -35.5596, 1.8143, -1.4698
373.869                                          ,     7, -35.5469, 1.8120, -1.4687
373.891                                          ,     7, -35.5343, 1.8100, -1.4676
373.912                                          ,     7, -35.5216, 1.8073, -1.4664
373.935                                          ,     7, -35.5092, 1.8047, -1.4649
373.966                                          ,     7, -35.4969, 1.8028, -1.4631
373.987                                          ,     7, -35.4847, 1.8010, -1.4610
374.001                                          ,     7, -35.4726, 1.7993, -1.4590
374.025                                          ,     7, -35.4608, 1.7982, -1.4568
374.048                                          ,     7, -35.4492, 1.7976, -1.4544
374.070                                          ,     7, -35.4375, 1.7987, -1.4517
374.092                                          ,     7, -35.4258, 1.8007, -1.4489
374.116                                          ,     7, -35.4142, 1.8036, -1.4456
374.138                                          ,     7, -35.4027, 1.8078, -1.4431
374.160                                          ,     7, -35.3914, 1.8126, -1.4407
374.183                                          ,     7, -35.3861, 1.8149, -1.4400
374.200                                          ,     7, -35.3807, 1.8163, -1.4392
374.213                                          ,     7, -35.3757, 1.8173, -1.4385
374.231                                          ,     7, -35.3707, 1.8179, -1.4380
374.248                                          ,     7, -35.3608, 1.8195, -1.4366
374.265                                          ,     7, -35.3513, 1.8208, -1.4363
374.281                                          ,     7, -35.3467, 1.8215, -1.4366
374.296                                          ,     7, -35.3422, 1.8222, -1.4367
374.311                                          ,     7, -35.3331, 1.8238, -1.4369
374.328                                          ,     7, -35.3245, 1.8252, -1.4377
374.342                                          ,     7, -35.3207, 1.8260, -1.4386
374.357                                          ,     7, -35.3169, 1.8269, -1.4395
374.371                                          ,     7, -35.3132, 1.8277, -1.4402
374.387                                          ,     7, -35.3058, 1.8290, -1.4420
374.403                                          ,     7, -35.3026, 1.8296, -1.4434
374.423                                          ,     7, -35.2959, 1.8305, -1.4450
374.440                                          ,     7, -35.2894, 1.8313, -1.4468
374.456                                          ,     7, -35.2865, 1.8313, -1.4482
374.472                                          ,     7, -35.2837, 1.8312, -1.4489
374.487                                          ,     7, -35.2777, 1.8312, -1.4503
374.503                                          ,     7, -35.2751, 1.8308, -1.4511
374.524                                          ,     7, -35.2698, 1.8302, -1.4526
374.544                                          ,     7, -35.2651, 1.8292, -1.4540
374.566                                          ,     7, -35.2610, 1.8280, -1.4554
374.586                                          ,     7, -35.2577, 1.8271, -1.4573
374.604                                          ,     7, -35.2567, 1.8268, -1.4587
374.622                                          ,     7, -35.2540, 1.8265, -1.4603
374.636                                          ,     7, -35.2515, 1.8264, -1.4621
374.653                                          ,     7, -35.2492, 1.8278, -1.4642
374.671                                          ,     7, -35.2473, 1.8291, -1.4665
374.687                                          ,     7, -35.2456, 1.8298, -1.4693
374.714                                          ,     7, -35.2439, 1.8313, -1.4723
374.732                                          ,     7, -35.2424, 1.8325, -1.4757
374.761                                          ,     7, -35.2410, 1.8335, -1.4785
374.778                                          ,     7, -35.2396, 1.8341, -1.4815
374.803                                          ,     7, -35.2382, 1.8346, -1.4844
374.820                                          ,     7, -35.2366, 1.8350, -1.4873
374.846                                          ,     7, -35.2351, 1.8351, -1.4900
374.871                                          ,     7, -35.2330, 1.8352, -1.4892
374.888                                          ,     7, -35.2314, 1.8353, -1.4915
374.915                                          ,     7, -35.2298, 1.8351, -1.4941
374.932                                          ,     7, -35.2282, 1.8350, -1.4965
374.960                                          ,     7, -35.2267, 1.8350, -1.4987
374.977                                          ,     7, -35.2252, 1.8351, -1.5009
375.004                                          ,     7, -35.2238, 1.8351, -1.5024
375.025                                          ,     7, -35.2224, 1.8351, -1.5039
375.048                                          ,     7, -35.2211, 1.8352, -1.5062
375.076                                          ,     7, -35.2200, 1.8350, -1.5076
375.099                                          ,     7, -35.2189, 1.8348, -1.5087
375.115                                          ,     7, -35.2179, 1.8344, -1.5097
375.139                                          ,     7, -35.2171, 1.8339, -1.5106
375.162                                          ,     7, -35.2164, 1.8335, -1.5110
375.179                                          ,     7, -35.2157, 1.8331, -1.5112
375.205                                          ,     7, -35.2153, 1.8328, -1.5111
375.225                                          ,     7, -35.2148, 1.8328, -1.5113
375.248                                          ,     7, -35.2144, 1.8329, -1.5117
375.270                                          ,     7, -35.2140, 1.8331, -1.5119
375.288                                          ,     7, -35.2136, 1.8332, -1.5122
375.315                                          ,     7, -35.2133, 1.8331, -1.5123

# --- Trial 8 start ---
386.082                                          ,     8, -39.7522, 1.8104, -1.3017
386.202                                          ,     8, -39.7500, 1.8097, -1.3038
386.238                                          ,     8, -39.7491, 1.8095, -1.3040
386.257                                          ,     8, -39.7481, 1.8091, -1.3040
386.271                                          ,     8, -39.7476, 1.8089, -1.3038
386.285                                          ,     8, -39.7474, 1.8088, -1.3037
386.300                                          ,     8, -39.7470, 1.8086, -1.3034
386.317                                          ,     8, -39.7464, 1.8084, -1.3028
386.331                                          ,     8, -39.7460, 1.8082, -1.3023
386.351                                          ,     8, -39.7456, 1.8079, -1.3017
386.376                                          ,     8, -39.7452, 1.8080, -1.3007
386.404                                          ,     8, -39.7449, 1.8079, -1.2996
386.425                                          ,     8, -39.7445, 1.8078, -1.2985
386.439                                          ,     8, -39.7440, 1.8078, -1.2975
386.462                                          ,     8, -39.7435, 1.8078, -1.2963
386.484                                          ,     8, -39.7429, 1.8078, -1.2950
386.507                                          ,     8, -39.7424, 1.8078, -1.2935
386.528                                          ,     8, -39.7418, 1.8077, -1.2919
386.551                                          ,     8, -39.7412, 1.8077, -1.2902
386.573                                          ,     8, -39.7404, 1.8076, -1.2884
386.595                                          ,     8, -39.7397, 1.8075, -1.2864
386.617                                          ,     8, -39.7392, 1.8072, -1.2843
386.640                                          ,     8, -39.7384, 1.8070, -1.2822
386.662                                          ,     8, -39.7377, 1.8068, -1.2801
386.686                                          ,     8, -39.7370, 1.8065, -1.2777
386.717                                          ,     8, -39.7365, 1.8062, -1.2751
386.738                                          ,     8, -39.7360, 1.8060, -1.2725
386.752                                          ,     8, -39.7353, 1.8057, -1.2699
386.776                                          ,     8, -39.7348, 1.8054, -1.2672
386.799                                          ,     8, -39.7345, 1.8052, -1.2657
386.814                                          ,     8, -39.7343, 1.8051, -1.2642
386.829                                          ,     8, -39.7341, 1.8048, -1.2628
386.844                                          ,     8, -39.7336, 1.8045, -1.2600
386.859                                          ,     8, -39.7329, 1.8044, -1.2572
386.873                                          ,     8, -39.7326, 1.8042, -1.2557
386.889                                          ,     8, -39.7323, 1.8040, -1.2541
386.906                                          ,     8, -39.7321, 1.8038, -1.2526
386.924                                          ,     8, -39.7315, 1.8036, -1.2496
386.942                                          ,     8, -39.7307, 1.8031, -1.2465
386.958                                          ,     8, -39.7303, 1.8028, -1.2450
386.972                                          ,     8, -39.7299, 1.8024, -1.2434
386.987                                          ,     8, -39.7292, 1.8018, -1.2404
387.003                                          ,     8, -39.7289, 1.8012, -1.2390
387.023                                          ,     8, -39.7281, 1.8004, -1.2361
387.040                                          ,     8, -39.7272, 1.7994, -1.2334
387.056                                          ,     8, -39.7267, 1.7987, -1.2321
387.070                                          ,     8, -39.7262, 1.7979, -1.2310
387.087                                          ,     8, -39.7253, 1.7966, -1.2287
387.101                                          ,     8, -39.7250, 1.7959, -1.2277
387.115                                          ,     8, -39.7247, 1.7952, -1.2268
387.130                                          ,     8, -39.7240, 1.7942, -1.2248
387.143                                          ,     8, -39.7240, 1.7940, -1.2242
387.158                                          ,     8, -39.7238, 1.7943, -1.2236
387.178                                          ,     8, -39.7233, 1.7944, -1.2223
387.199                                          ,     8, -39.7227, 1.7944, -1.2204
387.217                                          ,     8, -39.7223, 1.7949, -1.2195
387.242                                          ,     8, -39.7221, 1.7954, -1.2191
387.262                                          ,     8, -39.7214, 1.7957, -1.2188
387.286                                          ,     8, -39.7207, 1.7956, -1.2188
387.306                                          ,     8, -39.7196, 1.7955, -1.2188
387.329                                          ,     8, -39.7188, 1.7951, -1.2189
387.352                                          ,     8, -39.7180, 1.7948, -1.2189
387.374                                          ,     8, -39.7173, 1.7945, -1.2190
387.397                                          ,     8, -39.7171, 1.7942, -1.2193
387.418                                          ,     8, -39.7173, 1.7938, -1.2199
387.444                                          ,     8, -39.7179, 1.7933, -1.2207
387.464                                          ,     8, -39.7194, 1.7920, -1.2218
387.486                                          ,     8, -39.7216, 1.7904, -1.2229
387.516                                          ,     8, -39.7253, 1.7880, -1.2245
387.538                                          ,     8, -39.7283, 1.7853, -1.2262
387.555                                          ,     8, -39.7307, 1.7839, -1.2277
387.576                                          ,     8, -39.7306, 1.7961, -1.2293
387.599                                          ,     8, -39.7313, 1.8030, -1.2321
387.621                                          ,     8, -39.7313, 1.8030, -1.2345
387.644                                          ,     8, -39.7313, 1.8014, -1.2370
387.674                                          ,     8, -39.7320, 1.8015, -1.2400
387.695                                          ,     8, -39.7322, 1.8005, -1.2429
387.711                                          ,     8, -39.7316, 1.7996, -1.2442
387.727                                          ,     8, -39.7312, 1.7986, -1.2454
387.743                                          ,     8, -39.7307, 1.7980, -1.2470
387.758                                          ,     8, -39.7302, 1.7978, -1.2499
387.775                                          ,     8, -39.7293, 1.7982, -1.2534
387.795                                          ,     8, -39.7285, 1.7994, -1.2550
387.816                                          ,     8, -39.7275, 1.8006, -1.2579
387.836                                          ,     8, -39.7264, 1.8016, -1.2612
387.856                                          ,     8, -39.7251, 1.8029, -1.2645
387.873                                          ,     8, -39.7233, 1.8034, -1.2675
387.888                                          ,     8, -39.7221, 1.8033, -1.2691
387.904                                          ,     8, -39.7208, 1.8032, -1.2709
387.920                                          ,     8, -39.7184, 1.8037, -1.2744
387.935                                          ,     8, -39.7172, 1.8036, -1.2761
387.951                                          ,     8, -39.7146, 1.8038, -1.2795
387.969                                          ,     8, -39.7131, 1.8039, -1.2815
387.985                                          ,     8, -39.7100, 1.8041, -1.2854
388.000                                          ,     8, -39.7084, 1.8045, -1.2877
388.015                                          ,     8, -39.7055, 1.8049, -1.2916
388.029                                          ,     8, -39.7038, 1.8050, -1.2935
388.044                                          ,     8, -39.7021, 1.8046, -1.2955
388.059                                          ,     8, -39.7002, 1.8043, -1.2979
388.074                                          ,     8, -39.6968, 1.8040, -1.3023
388.088                                          ,     8, -39.6949, 1.8039, -1.3049
388.103                                          ,     8, -39.6931, 1.8034, -1.3072
388.118                                          ,     8, -39.6898, 1.8026, -1.3117
388.133                                          ,     8, -39.6861, 1.8020, -1.3167
388.148                                          ,     8, -39.6822, 1.8014, -1.3219
388.173                                          ,     8, -39.6783, 1.8011, -1.3274
388.194                                          ,     8, -39.6747, 1.8004, -1.3329
388.217                                          ,     8, -39.6712, 1.7995, -1.3382
388.240                                          ,     8, -39.6673, 1.7989, -1.3438
388.262                                          ,     8, -39.6638, 1.7977, -1.3490
388.292                                          ,     8, -39.6606, 1.7965, -1.3540
388.313                                          ,     8, -39.6568, 1.7955, -1.3590
388.336                                          ,     8, -39.6526, 1.7949, -1.3638
388.358                                          ,     8, -39.6485, 1.7948, -1.3680
388.373                                          ,     8, -39.6444, 1.7948, -1.3722
388.398                                          ,     8, -39.6396, 1.7949, -1.3761
388.419                                          ,     8, -39.6346, 1.7946, -1.3791
388.450                                          ,     8, -39.6296, 1.7940, -1.3813
388.472                                          ,     8, -39.6243, 1.7934, -1.3836
388.494                                          ,     8, -39.6184, 1.7926, -1.3856
388.510                                          ,     8, -39.6126, 1.7914, -1.3873
388.532                                          ,     8, -39.6066, 1.7902, -1.3887
388.557                                          ,     8, -39.6000, 1.7894, -1.3898
388.579                                          ,     8, -39.5930, 1.7878, -1.3904
388.607                                          ,     8, -39.5855, 1.7864, -1.3906
388.628                                          ,     8, -39.5780, 1.7853, -1.3907
388.645                                          ,     8, -39.5701, 1.7842, -1.3903
388.666                                          ,     8, -39.5616, 1.7827, -1.3894
388.688                                          ,     8, -39.5527, 1.7814, -1.3884
388.709                                          ,     8, -39.5434, 1.7802, -1.3872
388.733                                          ,     8, -39.5336, 1.7786, -1.3856
388.762                                          ,     8, -39.5231, 1.7765, -1.3832
388.784                                          ,     8, -39.5121, 1.7749, -1.3811
388.799                                          ,     8, -39.5014, 1.7730, -1.3790
388.823                                          ,     8, -39.4896, 1.7710, -1.3760
388.847                                          ,     8, -39.4827, 1.7699, -1.3740
388.865                                          ,     8, -39.4761, 1.7693, -1.3721
388.881                                          ,     8, -39.4696, 1.7687, -1.3701
388.896                                          ,     8, -39.4633, 1.7678, -1.3680
388.912                                          ,     8, -39.4503, 1.7665, -1.3641
388.928                                          ,     8, -39.4433, 1.7660, -1.3617
388.944                                          ,     8, -39.4296, 1.7653, -1.3572
388.960                                          ,     8, -39.4223, 1.7652, -1.3545
388.976                                          ,     8, -39.4083, 1.7653, -1.3494
388.993                                          ,     8, -39.4007, 1.7665, -1.3466
389.010                                          ,     8, -39.3857, 1.7679, -1.3413
389.027                                          ,     8, -39.3706, 1.7700, -1.3357
389.042                                          ,     8, -39.3629, 1.7719, -1.3329
389.056                                          ,     8, -39.3554, 1.7742, -1.3302
389.074                                          ,     8, -39.3404, 1.7781, -1.3248
389.091                                          ,     8, -39.3334, 1.7802, -1.3223
389.107                                          ,     8, -39.3190, 1.7828, -1.3174
389.122                                          ,     8, -39.3123, 1.7837, -1.3152
389.137                                          ,     8, -39.2990, 1.7853, -1.3108
389.151                                          ,     8, -39.2928, 1.7855, -1.3091
389.166                                          ,     8, -39.2870, 1.7854, -1.3077
389.181                                          ,     8, -39.2808, 1.7854, -1.3066
389.197                                          ,     8, -39.2679, 1.7859, -1.3041
389.211                                          ,     8, -39.2617, 1.7860, -1.3034
389.225                                          ,     8, -39.2493, 1.7864, -1.3015
389.240                                          ,     8, -39.2430, 1.7867, -1.3012
389.256                                          ,     8, -39.2366, 1.7872, -1.3012
389.270                                          ,     8, -39.2301, 1.7877, -1.3010
389.285                                          ,     8, -39.2169, 1.7885, -1.3005
389.300                                          ,     8, -39.2104, 1.7887, -1.3006
389.316                                          ,     8, -39.2036, 1.7889, -1.3009
389.332                                          ,     8, -39.1899, 1.7895, -1.3010
389.346                                          ,     8, -39.1832, 1.7896, -1.3012
389.361                                          ,     8, -39.1693, 1.7894, -1.3014
389.375                                          ,     8, -39.1624, 1.7889, -1.3017
389.395                                          ,     8, -39.1552, 1.7883, -1.3021
389.413                                          ,     8, -39.1408, 1.7873, -1.3025
389.430                                          ,     8, -39.1258, 1.7860, -1.3031
389.448                                          ,     8, -39.1177, 1.7848, -1.3035
389.466                                          ,     8, -39.1022, 1.7827, -1.3042
389.481                                          ,     8, -39.0863, 1.7803, -1.3052
389.497                                          ,     8, -39.0777, 1.7788, -1.3059
389.512                                          ,     8, -39.0692, 1.7771, -1.3067
389.534                                          ,     8, -39.0521, 1.7737, -1.3082
389.550                                          ,     8, -39.0345, 1.7703, -1.3098
389.566                                          ,     8, -39.0253, 1.7685, -1.3109
389.582                                          ,     8, -39.0071, 1.7654, -1.3130
389.597                                          ,     8, -38.9976, 1.7640, -1.3143
389.611                                          ,     8, -38.9883, 1.7627, -1.3156
389.627                                          ,     8, -38.9786, 1.7617, -1.3169
389.645                                          ,     8, -38.9591, 1.7599, -1.3197
389.662                                          ,     8, -38.9392, 1.7590, -1.3226
389.678                                          ,     8, -38.9290, 1.7600, -1.3241
389.694                                          ,     8, -38.9087, 1.7620, -1.3271
389.708                                          ,     8, -38.8984, 1.7645, -1.3287
389.725                                          ,     8, -38.8880, 1.7673, -1.3302
389.744                                          ,     8, -38.8679, 1.7716, -1.3329
389.761                                          ,     8, -38.8485, 1.7750, -1.3354
389.777                                          ,     8, -38.8397, 1.7759, -1.3360
389.794                                          ,     8, -38.8311, 1.7765, -1.3364
389.812                                          ,     8, -38.8133, 1.7785, -1.3374
389.833                                          ,     8, -38.7961, 1.7808, -1.3379
389.860                                          ,     8, -38.7791, 1.7829, -1.3377
389.880                                          ,     8, -38.7621, 1.7852, -1.3376
389.895                                          ,     8, -38.7450, 1.7878, -1.3373
389.910                                          ,     8, -38.7367, 1.7889, -1.3368
389.933                                          ,     8, -38.7286, 1.7894, -1.3361
389.950                                          ,     8, -38.7119, 1.7905, -1.3353
389.968                                          ,     8, -38.6951, 1.7913, -1.3343
389.987                                          ,     8, -38.6695, 1.7920, -1.3328
390.004                                          ,     8, -38.6522, 1.7915, -1.3316
390.021                                          ,     8, -38.6347, 1.7903, -1.3306
390.039                                          ,     8, -38.6167, 1.7887, -1.3295
390.062                                          ,     8, -38.5979, 1.7858, -1.3284
390.085                                          ,     8, -38.5789, 1.7827, -1.3273
390.106                                          ,     8, -38.5593, 1.7787, -1.3259
390.128                                          ,     8, -38.5395, 1.7743, -1.3244
390.151                                          ,     8, -38.5190, 1.7699, -1.3227
390.180                                          ,     8, -38.4981, 1.7647, -1.3203
390.202                                          ,     8, -38.4776, 1.7607, -1.3179
390.219                                          ,     8, -38.4568, 1.7580, -1.3155
390.236                                          ,     8, -38.4359, 1.7552, -1.3126
390.262                                          ,     8, -38.4151, 1.7529, -1.3089
390.279                                          ,     8, -38.3943, 1.7514, -1.3053
390.305                                          ,     8, -38.3727, 1.7555, -1.3016
390.335                                          ,     8, -38.3514, 1.7626, -1.2983
390.358                                          ,     8, -38.3302, 1.7703, -1.2956
390.373                                          ,     8, -38.3102, 1.7753, -1.2932
390.395                                          ,     8, -38.2919, 1.7775, -1.2917
390.417                                          ,     8, -38.2740, 1.7795, -1.2911
390.440                                          ,     8, -38.2570, 1.7829, -1.2922
390.463                                          ,     8, -38.2395, 1.7861, -1.2936
390.492                                          ,     8, -38.2219, 1.7900, -1.2961
390.514                                          ,     8, -38.2131, 1.7914, -1.2976
390.528                                          ,     8, -38.1950, 1.7936, -1.2994
390.543                                          ,     8, -38.1859, 1.7939, -1.3009
390.558                                          ,     8, -38.1768, 1.7940, -1.3022
390.573                                          ,     8, -38.1588, 1.7947, -1.3044
390.586                                          ,     8, -38.1497, 1.7941, -1.3057
390.600                                          ,     8, -38.1407, 1.7934, -1.3069
390.615                                          ,     8, -38.1225, 1.7926, -1.3093
390.637                                          ,     8, -38.1131, 1.7910, -1.3107
390.652                                          ,     8, -38.0946, 1.7891, -1.3130
390.668                                          ,     8, -38.0850, 1.7873, -1.3143
390.683                                          ,     8, -38.0664, 1.7845, -1.3169
390.697                                          ,     8, -38.0567, 1.7824, -1.3184
390.713                                          ,     8, -38.0472, 1.7803, -1.3198
390.729                                          ,     8, -38.0282, 1.7767, -1.3226
390.744                                          ,     8, -38.0183, 1.7747, -1.3241
390.759                                          ,     8, -38.0082, 1.7726, -1.3258
390.776                                          ,     8, -37.9882, 1.7693, -1.3291
390.793                                          ,     8, -37.9679, 1.7668, -1.3327
390.809                                          ,     8, -37.9575, 1.7664, -1.3348
390.825                                          ,     8, -37.9470, 1.7661, -1.3372
390.842                                          ,     8, -37.9261, 1.7647, -1.3415
390.857                                          ,     8, -37.9153, 1.7647, -1.3441
390.872                                          ,     8, -37.8836, 1.7649, -1.3509
390.894                                          ,     8, -37.8618, 1.7695, -1.3559
390.919                                          ,     8, -37.8402, 1.7760, -1.3606
390.937                                          ,     8, -37.8189, 1.7814, -1.3649
390.960                                          ,     8, -37.7989, 1.7866, -1.3687
390.983                                          ,     8, -37.7805, 1.7884, -1.3714
391.006                                          ,     8, -37.7628, 1.7894, -1.3732
391.028                                          ,     8, -37.7454, 1.7916, -1.3743
391.049                                          ,     8, -37.7284, 1.7941, -1.3749
391.072                                          ,     8, -37.7110, 1.7978, -1.3756
391.094                                          ,     8, -37.6936, 1.8017, -1.3764
391.115                                          ,     8, -37.6760, 1.8041, -1.3770
391.138                                          ,     8, -37.6588, 1.8045, -1.3772
391.159                                          ,     8, -37.6412, 1.8050, -1.3777
391.183                                          ,     8, -37.6237, 1.8044, -1.3781
391.206                                          ,     8, -37.6060, 1.8028, -1.3785
391.227                                          ,     8, -37.5882, 1.8012, -1.3789
391.250                                          ,     8, -37.5698, 1.7987, -1.3793
391.281                                          ,     8, -37.5509, 1.7952, -1.3797
391.303                                          ,     8, -37.5328, 1.7915, -1.3799
391.317                                          ,     8, -37.5141, 1.7881, -1.3801
391.341                                          ,     8, -37.4950, 1.7839, -1.3799
391.362                                          ,     8, -37.4758, 1.7800, -1.3797
391.384                                          ,     8, -37.4656, 1.7774, -1.3790
391.402                                          ,     8, -37.4554, 1.7762, -1.3787
391.420                                          ,     8, -37.4353, 1.7740, -1.3781
391.435                                          ,     8, -37.4154, 1.7716, -1.3771
391.448                                          ,     8, -37.4050, 1.7708, -1.3763
391.465                                          ,     8, -37.3946, 1.7704, -1.3754
391.479                                          ,     8, -37.3851, 1.7705, -1.3746
391.494                                          ,     8, -37.3645, 1.7706, -1.3731
391.508                                          ,     8, -37.3540, 1.7729, -1.3721
391.522                                          ,     8, -37.3436, 1.7746, -1.3712
391.536                                          ,     8, -37.3228, 1.7774, -1.3694
391.550                                          ,     8, -37.3123, 1.7804, -1.3687
391.563                                          ,     8, -37.3021, 1.7837, -1.3681
391.578                                          ,     8, -37.2923, 1.7858, -1.3676
391.592                                          ,     8, -37.2728, 1.7881, -1.3665
391.606                                          ,     8, -37.2636, 1.7884, -1.3665
391.620                                          ,     8, -37.2546, 1.7893, -1.3668
391.634                                          ,     8, -37.2457, 1.7906, -1.3673
391.649                                          ,     8, -37.2276, 1.7932, -1.3679
391.664                                          ,     8, -37.2187, 1.7945, -1.3688
391.678                                          ,     8, -37.2099, 1.7958, -1.3699
391.691                                          ,     8, -37.2010, 1.7975, -1.3710
391.705                                          ,     8, -37.1920, 1.7993, -1.3722
391.721                                          ,     8, -37.1743, 1.8021, -1.3742
391.740                                          ,     8, -37.1567, 1.8038, -1.3766
391.757                                          ,     8, -37.1482, 1.8039, -1.3780
391.773                                          ,     8, -37.1310, 1.8047, -1.3804
391.788                                          ,     8, -37.1137, 1.8050, -1.3827
391.805                                          ,     8, -37.0967, 1.8046, -1.3850
391.828                                          ,     8, -37.0794, 1.8029, -1.3872
391.850                                          ,     8, -37.0618, 1.8009, -1.3894
391.872                                          ,     8, -37.0440, 1.7984, -1.3916
391.893                                          ,     8, -37.0259, 1.7957, -1.3942
391.916                                          ,     8, -37.0073, 1.7925, -1.3966
391.938                                          ,     8, -36.9886, 1.7886, -1.3991
391.962                                          ,     8, -36.9697, 1.7841, -1.4017
391.983                                          ,     8, -36.9507, 1.7804, -1.4046
392.005                                          ,     8, -36.9310, 1.7779, -1.4077
392.027                                          ,     8, -36.9108, 1.7764, -1.4112
392.050                                          ,     8, -36.8903, 1.7751, -1.4151
392.072                                          ,     8, -36.8696, 1.7751, -1.4192
392.096                                          ,     8, -36.8490, 1.7771, -1.4235
392.118                                          ,     8, -36.8285, 1.7817, -1.4277
392.140                                          ,     8, -36.8081, 1.7871, -1.4319
392.162                                          ,     8, -36.7883, 1.7930, -1.4358
392.185                                          ,     8, -36.7698, 1.7960, -1.4390
392.209                                          ,     8, -36.7525, 1.7959, -1.4411
392.230                                          ,     8, -36.7357, 1.7968, -1.4428
392.252                                          ,     8, -36.7279, 1.7976, -1.4426
392.270                                          ,     8, -36.7200, 1.7986, -1.4428
392.286                                          ,     8, -36.7116, 1.8002, -1.4428
392.302                                          ,     8, -36.6860, 1.8048, -1.4443
392.317                                          ,     8, -36.6778, 1.8065, -1.4441
392.333                                          ,     8, -36.6697, 1.8073, -1.4438
392.349                                          ,     8, -36.6621, 1.8078, -1.4435
392.367                                          ,     8, -36.6455, 1.8091, -1.4432
392.386                                          ,     8, -36.6291, 1.8100, -1.4429
392.402                                          ,     8, -36.6126, 1.8105, -1.4426
392.417                                          ,     8, -36.6045, 1.8098, -1.4422
392.432                                          ,     8, -36.5960, 1.8089, -1.4420
392.447                                          ,     8, -36.5875, 1.8080, -1.4417
392.466                                          ,     8, -36.5706, 1.8067, -1.4414
392.480                                          ,     8, -36.5536, 1.8052, -1.4410
392.494                                          ,     8, -36.5449, 1.8036, -1.4409
392.509                                          ,     8, -36.5362, 1.8019, -1.4406
392.527                                          ,     8, -36.5190, 1.7987, -1.4400
392.546                                          ,     8, -36.5102, 1.7964, -1.4396
392.560                                          ,     8, -36.5013, 1.7944, -1.4391
392.575                                          ,     8, -36.4841, 1.7909, -1.4382
392.589                                          ,     8, -36.4753, 1.7888, -1.4376
392.603                                          ,     8, -36.4663, 1.7869, -1.4369
392.619                                          ,     8, -36.4482, 1.7840, -1.4356
392.633                                          ,     8, -36.4388, 1.7833, -1.4348
392.648                                          ,     8, -36.4114, 1.7796, -1.4323
392.670                                          ,     8, -36.3929, 1.7778, -1.4299
392.702                                          ,     8, -36.3742, 1.7779, -1.4270
392.724                                          ,     8, -36.3560, 1.7795, -1.4242
392.746                                          ,     8, -36.3374, 1.7826, -1.4211
392.760                                          ,     8, -36.3188, 1.7854, -1.4181
392.783                                          ,     8, -36.3002, 1.7912, -1.4154
392.802                                          ,     8, -36.2823, 1.7967, -1.4129
392.829                                          ,     8, -36.2660, 1.7991, -1.4112
392.857                                          ,     8, -36.2503, 1.8001, -1.4107
392.879                                          ,     8, -36.2347, 1.8015, -1.4107
392.893                                          ,     8, -36.2186, 1.8034, -1.4107
392.916                                          ,     8, -36.2028, 1.8055, -1.4119
392.939                                          ,     8, -36.1870, 1.8085, -1.4135
392.961                                          ,     8, -36.1718, 1.8107, -1.4156
392.983                                          ,     8, -36.1573, 1.8118, -1.4178
393.013                                          ,     8, -36.1431, 1.8123, -1.4203
393.035                                          ,     8, -36.1289, 1.8127, -1.4222
393.049                                          ,     8, -36.1144, 1.8128, -1.4242
393.073                                          ,     8, -36.1000, 1.8119, -1.4265
393.095                                          ,     8, -36.0855, 1.8107, -1.4286
393.118                                          ,     8, -36.0707, 1.8088, -1.4310
393.140                                          ,     8, -36.0558, 1.8070, -1.4332
393.163                                          ,     8, -36.0408, 1.8043, -1.4354
393.185                                          ,     8, -36.0255, 1.8011, -1.4377
393.208                                          ,     8, -36.0176, 1.7987, -1.4390
393.225                                          ,     8, -36.0100, 1.7966, -1.4403
393.240                                          ,     8, -35.9948, 1.7935, -1.4430
393.261                                          ,     8, -35.9796, 1.7908, -1.4459
393.278                                          ,     8, -35.9717, 1.7900, -1.4479
393.299                                          ,     8, -35.9642, 1.7894, -1.4498
393.325                                          ,     8, -35.9405, 1.7875, -1.4553
393.348                                          ,     8, -35.9241, 1.7872, -1.4595
393.365                                          ,     8, -35.9080, 1.7876, -1.4636
393.386                                          ,     8, -35.8920, 1.7903, -1.4678
393.403                                          ,     8, -35.8836, 1.7923, -1.4700
393.423                                          ,     8, -35.8674, 1.7962, -1.4741
393.443                                          ,     8, -35.8512, 1.8005, -1.4783
393.460                                          ,     8, -35.8353, 1.8043, -1.4821
393.506                                          ,     8, -35.8212, 1.8047, -1.4847
393.522                                          ,     8, -35.7993, 1.8060, -1.4891
393.537                                          ,     8, -35.7852, 1.8064, -1.4915
393.552                                          ,     8, -35.7786, 1.8065, -1.4921
393.565                                          ,     8, -35.7721, 1.8070, -1.4928
393.579                                          ,     8, -35.7583, 1.8076, -1.4942
393.593                                          ,     8, -35.7518, 1.8083, -1.4945
393.606                                          ,     8, -35.7452, 1.8093, -1.4948
393.624                                          ,     8, -35.7389, 1.8101, -1.4947
393.640                                          ,     8, -35.7258, 1.8112, -1.4951
393.655                                          ,     8, -35.7199, 1.8115, -1.4948
393.670                                          ,     8, -35.7010, 1.8128, -1.4951
393.691                                          ,     8, -35.6893, 1.8134, -1.4944
393.715                                          ,     8, -35.6780, 1.8136, -1.4937
393.737                                          ,     8, -35.6664, 1.8138, -1.4931
393.759                                          ,     8, -35.6545, 1.8137, -1.4924
393.781                                          ,     8, -35.6426, 1.8130, -1.4919
393.804                                          ,     8, -35.6304, 1.8120, -1.4913
393.826                                          ,     8, -35.6183, 1.8107, -1.4908
393.848                                          ,     8, -35.6059, 1.8092, -1.4900
393.870                                          ,     8, -35.5935, 1.8074, -1.4891
393.893                                          ,     8, -35.5811, 1.8058, -1.4880
393.914                                          ,     8, -35.5684, 1.8042, -1.4869
393.937                                          ,     8, -35.5557, 1.8024, -1.4854
393.967                                          ,     8, -35.5429, 1.8007, -1.4833
393.989                                          ,     8, -35.5302, 1.7989, -1.4814
394.004                                          ,     8, -35.5175, 1.7973, -1.4792
394.027                                          ,     8, -35.5048, 1.7957, -1.4767
394.049                                          ,     8, -35.4919, 1.7942, -1.4739
394.072                                          ,     8, -35.4786, 1.7940, -1.4708
394.095                                          ,     8, -35.4650, 1.7960, -1.4675
394.117                                          ,     8, -35.4512, 1.7984, -1.4639
394.140                                          ,     8, -35.4370, 1.8022, -1.4602
394.163                                          ,     8, -35.4231, 1.8068, -1.4565
394.186                                          ,     8, -35.4164, 1.8089, -1.4545
394.202                                          ,     8, -35.4101, 1.8097, -1.4529
394.216                                          ,     8, -35.4039, 1.8105, -1.4514
394.230                                          ,     8, -35.3979, 1.8112, -1.4501
394.245                                          ,     8, -35.3857, 1.8124, -1.4471
394.258                                          ,     8, -35.3801, 1.8123, -1.4459
394.275                                          ,     8, -35.3750, 1.8122, -1.4451
394.289                                          ,     8, -35.3640, 1.8131, -1.4430
394.303                                          ,     8, -35.3587, 1.8136, -1.4423
394.319                                          ,     8, -35.3537, 1.8142, -1.4420
394.335                                          ,     8, -35.3436, 1.8150, -1.4411
394.351                                          ,     8, -35.3392, 1.8157, -1.4411
394.366                                          ,     8, -35.3300, 1.8171, -1.4405
394.380                                          ,     8, -35.3263, 1.8177, -1.4408
394.395                                          ,     8, -35.3182, 1.8188, -1.4405
394.417                                          ,     8, -35.3116, 1.8196, -1.4404
394.434                                          ,     8, -35.3090, 1.8199, -1.4404
394.449                                          ,     8, -35.3065, 1.8202, -1.4404
394.463                                          ,     8, -35.3041, 1.8203, -1.4408
394.479                                          ,     8, -35.2987, 1.8208, -1.4410
394.499                                          ,     8, -35.2970, 1.8208, -1.4414
394.517                                          ,     8, -35.2929, 1.8213, -1.4420
394.532                                          ,     8, -35.2889, 1.8217, -1.4422
394.548                                          ,     8, -35.2875, 1.8219, -1.4423
394.566                                          ,     8, -35.2843, 1.8222, -1.4424
394.583                                          ,     8, -35.2833, 1.8224, -1.4438
394.598                                          ,     8, -35.2807, 1.8228, -1.4455
394.615                                          ,     8, -35.2799, 1.8230, -1.4469
394.630                                          ,     8, -35.2762, 1.8236, -1.4486
394.646                                          ,     8, -35.2742, 1.8240, -1.4498
394.669                                          ,     8, -35.2726, 1.8243, -1.4520
394.692                                          ,     8, -35.2712, 1.8246, -1.4544
394.715                                          ,     8, -35.2694, 1.8256, -1.4562
394.736                                          ,     8, -35.2678, 1.8265, -1.4588
394.759                                          ,     8, -35.2662, 1.8271, -1.4616
394.780                                          ,     8, -35.2645, 1.8281, -1.4640
394.804                                          ,     8, -35.2630, 1.8290, -1.4663
394.827                                          ,     8, -35.2616, 1.8296, -1.4689
394.842                                          ,     8, -35.2601, 1.8302, -1.4715
394.871                                          ,     8, -35.2590, 1.8304, -1.4744
394.899                                          ,     8, -35.2579, 1.8303, -1.4771
394.921                                          ,     8, -35.2567, 1.8303, -1.4797
394.938                                          ,     8, -35.2555, 1.8304, -1.4821
394.961                                          ,     8, -35.2547, 1.8304, -1.4845
394.984                                          ,     8, -35.2538, 1.8303, -1.4868
395.006                                          ,     8, -35.2531, 1.8303, -1.4892
395.028                                          ,     8, -35.2526, 1.8301, -1.4912
395.055                                          ,     8, -35.2523, 1.8298, -1.4928
395.077                                          ,     8, -35.2522, 1.8294, -1.4948
395.095                                          ,     8, -35.2521, 1.8290, -1.4965
395.112                                          ,     8, -35.2520, 1.8285, -1.4978
395.139                                          ,     8, -35.2525, 1.8280, -1.4992
395.161                                          ,     8, -35.2529, 1.8274, -1.5001
395.185                                          ,     8, -35.2534, 1.8269, -1.5012
395.211                                          ,     8, -35.2537, 1.8265, -1.5018
395.234                                          ,     8, -35.2541, 1.8264, -1.5026
395.250                                          ,     8, -35.2545, 1.8263, -1.5034
395.273                                          ,     8, -35.2551, 1.8265, -1.5041
395.291                                          ,     8, -35.2556, 1.8266, -1.5048
395.317                                          ,     8, -35.2563, 1.8267, -1.5057
395.340                                          ,     8, -35.2571, 1.8269, -1.5067
395.359                                          ,     8, -35.2574, 1.8270, -1.5070
395.383                                          ,     8, -35.2578, 1.8271, -1.5075
395.401                                          ,     8, -35.2581, 1.8273, -1.5080

# --- Trial 9 start ---
406.583                                          ,     9, -39.7470, 1.8093, -1.2889
406.720                                          ,     9, -39.7476, 1.8091, -1.2853
406.751                                          ,     9, -39.7478, 1.8089, -1.2834
406.770                                          ,     9, -39.7476, 1.8088, -1.2822
406.788                                          ,     9, -39.7474, 1.8088, -1.2818
406.804                                          ,     9, -39.7473, 1.8087, -1.2810
406.819                                          ,     9, -39.7472, 1.8087, -1.2805
406.835                                          ,     9, -39.7468, 1.8088, -1.2798
406.850                                          ,     9, -39.7464, 1.8088, -1.2789
406.864                                          ,     9, -39.7462, 1.8088, -1.2785
406.881                                          ,     9, -39.7460, 1.8089, -1.2780
406.902                                          ,     9, -39.7455, 1.8089, -1.2771
406.919                                          ,     9, -39.7449, 1.8090, -1.2761
406.935                                          ,     9, -39.7444, 1.8090, -1.2756
406.950                                          ,     9, -39.7439, 1.8090, -1.2747
406.965                                          ,     9, -39.7436, 1.8090, -1.2741
406.980                                          ,     9, -39.7432, 1.8089, -1.2736
406.996                                          ,     9, -39.7425, 1.8089, -1.2725
407.011                                          ,     9, -39.7420, 1.8088, -1.2720
407.026                                          ,     9, -39.7416, 1.8088, -1.2714
407.041                                          ,     9, -39.7408, 1.8086, -1.2703
407.060                                          ,     9, -39.7404, 1.8084, -1.2695
407.076                                          ,     9, -39.7395, 1.8081, -1.2682
407.091                                          ,     9, -39.7390, 1.8079, -1.2675
407.106                                          ,     9, -39.7386, 1.8078, -1.2669
407.122                                          ,     9, -39.7376, 1.8075, -1.2655
407.136                                          ,     9, -39.7372, 1.8074, -1.2648
407.152                                          ,     9, -39.7365, 1.8070, -1.2634
407.166                                          ,     9, -39.7362, 1.8068, -1.2627
407.181                                          ,     9, -39.7357, 1.8067, -1.2619
407.196                                          ,     9, -39.7355, 1.8065, -1.2610
407.212                                          ,     9, -39.7347, 1.8062, -1.2594
407.226                                          ,     9, -39.7344, 1.8060, -1.2586
407.241                                          ,     9, -39.7338, 1.8057, -1.2570
407.256                                          ,     9, -39.7335, 1.8056, -1.2561
407.274                                          ,     9, -39.7333, 1.8055, -1.2552
407.291                                          ,     9, -39.7327, 1.8052, -1.2534
407.307                                          ,     9, -39.7324, 1.8052, -1.2525
407.323                                          ,     9, -39.7320, 1.8049, -1.2508
407.339                                          ,     9, -39.7316, 1.8046, -1.2490
407.355                                          ,     9, -39.7314, 1.8046, -1.2481
407.371                                          ,     9, -39.7313, 1.8045, -1.2471
407.387                                          ,     9, -39.7309, 1.8043, -1.2450
407.405                                          ,     9, -39.7307, 1.8042, -1.2441
407.420                                          ,     9, -39.7303, 1.8042, -1.2419
407.436                                          ,     9, -39.7301, 1.8041, -1.2408
407.451                                          ,     9, -39.7300, 1.8040, -1.2397
407.468                                          ,     9, -39.7296, 1.8038, -1.2376
407.483                                          ,     9, -39.7295, 1.8035, -1.2366
407.499                                          ,     9, -39.7291, 1.8034, -1.2344
407.514                                          ,     9, -39.7289, 1.8032, -1.2331
407.530                                          ,     9, -39.7287, 1.8031, -1.2319
407.547                                          ,     9, -39.7283, 1.8029, -1.2295
407.563                                          ,     9, -39.7280, 1.8028, -1.2271
407.579                                          ,     9, -39.7278, 1.8027, -1.2257
407.593                                          ,     9, -39.7275, 1.8026, -1.2244
407.609                                          ,     9, -39.7268, 1.8026, -1.2217
407.626                                          ,     9, -39.7266, 1.8024, -1.2203
407.640                                          ,     9, -39.7263, 1.8023, -1.2189
407.657                                          ,     9, -39.7256, 1.8022, -1.2160
407.674                                          ,     9, -39.7248, 1.8020, -1.2130
407.695                                          ,     9, -39.7242, 1.8019, -1.2113
407.715                                          ,     9, -39.7234, 1.8016, -1.2080
407.731                                          ,     9, -39.7224, 1.8013, -1.2047
407.748                                          ,     9, -39.7219, 1.8011, -1.2030
407.764                                          ,     9, -39.7209, 1.8007, -1.1996
407.781                                          ,     9, -39.7203, 1.8005, -1.1979
407.798                                          ,     9, -39.7192, 1.8002, -1.1945
407.813                                          ,     9, -39.7187, 1.8000, -1.1928
407.828                                          ,     9, -39.7181, 1.7999, -1.1912
407.852                                          ,     9, -39.7169, 1.7996, -1.1880
407.869                                          ,     9, -39.7156, 1.7994, -1.1849
407.885                                          ,     9, -39.7142, 1.7992, -1.1819
407.903                                          ,     9, -39.7134, 1.7990, -1.1806
407.919                                          ,     9, -39.7116, 1.7986, -1.1780
407.936                                          ,     9, -39.7106, 1.7984, -1.1771
407.953                                          ,     9, -39.7089, 1.7981, -1.1749
407.970                                          ,     9, -39.7079, 1.7978, -1.1742
407.986                                          ,     9, -39.7060, 1.7970, -1.1727
408.003                                          ,     9, -39.7051, 1.7964, -1.1724
408.020                                          ,     9, -39.7031, 1.7956, -1.1714
408.036                                          ,     9, -39.7021, 1.7951, -1.1714
408.051                                          ,     9, -39.7011, 1.7947, -1.1714
408.067                                          ,     9, -39.6991, 1.7942, -1.1713
408.084                                          ,     9, -39.6972, 1.7941, -1.1716
408.099                                          ,     9, -39.6962, 1.7941, -1.1721
408.113                                          ,     9, -39.6952, 1.7941, -1.1726
408.132                                          ,     9, -39.6941, 1.7943, -1.1734
408.147                                          ,     9, -39.6921, 1.7943, -1.1744
408.162                                          ,     9, -39.6901, 1.7944, -1.1755
408.177                                          ,     9, -39.6889, 1.7945, -1.1764
408.192                                          ,     9, -39.6868, 1.7945, -1.1778
408.207                                          ,     9, -39.6843, 1.7943, -1.1795
408.224                                          ,     9, -39.6819, 1.7940, -1.1812
408.238                                          ,     9, -39.6793, 1.7935, -1.1830
408.263                                          ,     9, -39.6767, 1.7926, -1.1849
408.285                                          ,     9, -39.6740, 1.7908, -1.1869
408.308                                          ,     9, -39.6713, 1.7885, -1.1891
408.337                                          ,     9, -39.6686, 1.7859, -1.1912
408.358                                          ,     9, -39.6662, 1.7837, -1.1934
408.373                                          ,     9, -39.6641, 1.7815, -1.1957
408.395                                          ,     9, -39.6630, 1.7787, -1.1985
408.417                                          ,     9, -39.6631, 1.7760, -1.2015
408.440                                          ,     9, -39.6610, 1.7784, -1.2044
408.463                                          ,     9, -39.6577, 1.7935, -1.2076
408.493                                          ,     9, -39.6552, 1.7922, -1.2128
408.515                                          ,     9, -39.6532, 1.7907, -1.2174
408.538                                          ,     9, -39.6518, 1.7917, -1.2226
408.560                                          ,     9, -39.6514, 1.7916, -1.2276
408.576                                          ,     9, -39.6501, 1.7911, -1.2328
408.598                                          ,     9, -39.6484, 1.7901, -1.2375
408.621                                          ,     9, -39.6465, 1.7897, -1.2425
408.651                                          ,     9, -39.6449, 1.7911, -1.2476
408.674                                          ,     9, -39.6431, 1.7920, -1.2522
408.692                                          ,     9, -39.6415, 1.7928, -1.2568
408.707                                          ,     9, -39.6396, 1.7934, -1.2611
408.733                                          ,     9, -39.6376, 1.7943, -1.2658
408.754                                          ,     9, -39.6354, 1.7942, -1.2702
408.777                                          ,     9, -39.6334, 1.7937, -1.2745
408.800                                          ,     9, -39.6315, 1.7936, -1.2790
408.821                                          ,     9, -39.6293, 1.7936, -1.2831
408.844                                          ,     9, -39.6271, 1.7936, -1.2873
408.866                                          ,     9, -39.6248, 1.7934, -1.2916
408.890                                          ,     9, -39.6226, 1.7938, -1.2958
408.912                                          ,     9, -39.6217, 1.7941, -1.2977
408.930                                          ,     9, -39.6206, 1.7938, -1.2996
408.948                                          ,     9, -39.6196, 1.7935, -1.3017
408.966                                          ,     9, -39.6174, 1.7933, -1.3055
408.982                                          ,     9, -39.6164, 1.7934, -1.3076
408.999                                          ,     9, -39.6152, 1.7931, -1.3095
409.016                                          ,     9, -39.6130, 1.7926, -1.3134
409.032                                          ,     9, -39.6106, 1.7924, -1.3173
409.046                                          ,     9, -39.6093, 1.7923, -1.3190
409.061                                          ,     9, -39.6083, 1.7921, -1.3209
409.077                                          ,     9, -39.6060, 1.7913, -1.3244
409.093                                          ,     9, -39.6047, 1.7911, -1.3263
409.109                                          ,     9, -39.6019, 1.7907, -1.3296
409.124                                          ,     9, -39.6005, 1.7906, -1.3312
409.140                                          ,     9, -39.5991, 1.7905, -1.3327
409.155                                          ,     9, -39.5962, 1.7903, -1.3357
409.170                                          ,     9, -39.5945, 1.7902, -1.3369
409.185                                          ,     9, -39.5910, 1.7900, -1.3393
409.198                                          ,     9, -39.5890, 1.7901, -1.3405
409.213                                          ,     9, -39.5868, 1.7898, -1.3413
409.230                                          ,     9, -39.5830, 1.7889, -1.3431
409.245                                          ,     9, -39.5809, 1.7886, -1.3434
409.263                                          ,     9, -39.5763, 1.7881, -1.3446
409.282                                          ,     9, -39.5735, 1.7879, -1.3449
409.297                                          ,     9, -39.5685, 1.7874, -1.3455
409.313                                          ,     9, -39.5655, 1.7870, -1.3453
409.328                                          ,     9, -39.5625, 1.7871, -1.3452
409.342                                          ,     9, -39.5567, 1.7869, -1.3453
409.357                                          ,     9, -39.5532, 1.7867, -1.3449
409.371                                          ,     9, -39.5497, 1.7861, -1.3444
409.386                                          ,     9, -39.5461, 1.7856, -1.3438
409.401                                          ,     9, -39.5395, 1.7849, -1.3428
409.415                                          ,     9, -39.5357, 1.7844, -1.3420
409.429                                          ,     9, -39.5283, 1.7837, -1.3408
409.444                                          ,     9, -39.5243, 1.7828, -1.3399
409.459                                          ,     9, -39.5200, 1.7821, -1.3389
409.475                                          ,     9, -39.5116, 1.7804, -1.3370
409.489                                          ,     9, -39.5070, 1.7797, -1.3360
409.507                                          ,     9, -39.5025, 1.7787, -1.3348
409.522                                          ,     9, -39.4934, 1.7771, -1.3327
409.537                                          ,     9, -39.4885, 1.7760, -1.3315
409.553                                          ,     9, -39.4835, 1.7749, -1.3300
409.571                                          ,     9, -39.4736, 1.7731, -1.3276
409.589                                          ,     9, -39.4682, 1.7724, -1.3261
409.605                                          ,     9, -39.4577, 1.7704, -1.3231
409.621                                          ,     9, -39.4365, 1.7668, -1.3169
409.639                                          ,     9, -39.4251, 1.7651, -1.3129
409.662                                          ,     9, -39.4131, 1.7637, -1.3083
409.685                                          ,     9, -39.4017, 1.7623, -1.3031
409.707                                          ,     9, -39.3904, 1.7609, -1.2973
409.737                                          ,     9, -39.3789, 1.7617, -1.2909
409.759                                          ,     9, -39.3668, 1.7643, -1.2849
409.775                                          ,     9, -39.3550, 1.7661, -1.2789
409.796                                          ,     9, -39.3428, 1.7699, -1.2728
409.818                                          ,     9, -39.3299, 1.7756, -1.2672
409.841                                          ,     9, -39.3171, 1.7807, -1.2618
409.864                                          ,     9, -39.3050, 1.7841, -1.2570
409.888                                          ,     9, -39.2931, 1.7862, -1.2531
409.909                                          ,     9, -39.2814, 1.7872, -1.2497
409.931                                          ,     9, -39.2700, 1.7866, -1.2466
409.953                                          ,     9, -39.2583, 1.7854, -1.2441
409.975                                          ,     9, -39.2460, 1.7847, -1.2424
409.997                                          ,     9, -39.2338, 1.7844, -1.2414
410.019                                          ,     9, -39.2215, 1.7841, -1.2410
410.050                                          ,     9, -39.2089, 1.7853, -1.2419
410.072                                          ,     9, -39.1963, 1.7860, -1.2427
410.087                                          ,     9, -39.1838, 1.7865, -1.2433
410.109                                          ,     9, -39.1772, 1.7868, -1.2447
410.126                                          ,     9, -39.1706, 1.7869, -1.2455
410.141                                          ,     9, -39.1638, 1.7869, -1.2465
410.155                                          ,     9, -39.1504, 1.7868, -1.2481
410.171                                          ,     9, -39.1432, 1.7863, -1.2492
410.191                                          ,     9, -39.1292, 1.7852, -1.2513
410.207                                          ,     9, -39.1151, 1.7838, -1.2533
410.222                                          ,     9, -39.1072, 1.7828, -1.2550
410.238                                          ,     9, -39.0993, 1.7816, -1.2567
410.254                                          ,     9, -39.0838, 1.7794, -1.2596
410.271                                          ,     9, -39.0759, 1.7778, -1.2615
410.290                                          ,     9, -39.0601, 1.7751, -1.2650
410.307                                          ,     9, -39.0439, 1.7721, -1.2688
410.324                                          ,     9, -39.0349, 1.7704, -1.2714
410.347                                          ,     9, -39.0179, 1.7674, -1.2760
410.367                                          ,     9, -39.0009, 1.7651, -1.2808
410.384                                          ,     9, -38.9836, 1.7630, -1.2859
410.402                                          ,     9, -38.9744, 1.7623, -1.2890
410.419                                          ,     9, -38.9566, 1.7606, -1.2946
410.436                                          ,     9, -38.9475, 1.7606, -1.2975
410.454                                          ,     9, -38.9292, 1.7615, -1.3032
410.472                                          ,     9, -38.9196, 1.7645, -1.3061
410.489                                          ,     9, -38.9011, 1.7680, -1.3118
410.503                                          ,     9, -38.8916, 1.7709, -1.3145
410.519                                          ,     9, -38.8638, 1.7770, -1.3226
410.540                                          ,     9, -38.8463, 1.7807, -1.3275
410.563                                          ,     9, -38.8306, 1.7815, -1.3315
410.584                                          ,     9, -38.8153, 1.7825, -1.3346
410.607                                          ,     9, -38.8002, 1.7842, -1.3370
410.629                                          ,     9, -38.7847, 1.7865, -1.3391
410.651                                          ,     9, -38.7694, 1.7887, -1.3406
410.673                                          ,     9, -38.7541, 1.7913, -1.3412
410.697                                          ,     9, -38.7391, 1.7936, -1.3418
410.718                                          ,     9, -38.7238, 1.7949, -1.3423
410.740                                          ,     9, -38.7089, 1.7952, -1.3420
410.762                                          ,     9, -38.6934, 1.7951, -1.3418
410.786                                          ,     9, -38.6773, 1.7946, -1.3415
410.809                                          ,     9, -38.6610, 1.7937, -1.3413
410.838                                          ,     9, -38.6439, 1.7913, -1.3407
410.859                                          ,     9, -38.6267, 1.7890, -1.3404
410.875                                          ,     9, -38.6093, 1.7867, -1.3401
410.898                                          ,     9, -38.5910, 1.7833, -1.3394
410.920                                          ,     9, -38.5722, 1.7795, -1.3386
410.942                                          ,     9, -38.5529, 1.7755, -1.3376
410.965                                          ,     9, -38.5337, 1.7712, -1.3362
410.986                                          ,     9, -38.5145, 1.7670, -1.3342
411.010                                          ,     9, -38.4950, 1.7641, -1.3317
411.031                                          ,     9, -38.4848, 1.7633, -1.3298
411.048                                          ,     9, -38.4750, 1.7621, -1.3281
411.065                                          ,     9, -38.4560, 1.7599, -1.3250
411.080                                          ,     9, -38.4464, 1.7595, -1.3230
411.095                                          ,     9, -38.4363, 1.7604, -1.3212
411.111                                          ,     9, -38.4167, 1.7624, -1.3180
411.127                                          ,     9, -38.3969, 1.7654, -1.3152
411.143                                          ,     9, -38.3869, 1.7686, -1.3136
411.159                                          ,     9, -38.3770, 1.7727, -1.3125
411.174                                          ,     9, -38.3576, 1.7776, -1.3102
411.189                                          ,     9, -38.3486, 1.7792, -1.3095
411.204                                          ,     9, -38.3397, 1.7793, -1.3090
411.220                                          ,     9, -38.3215, 1.7797, -1.3083
411.234                                          ,     9, -38.3125, 1.7804, -1.3085
411.249                                          ,     9, -38.3037, 1.7817, -1.3092
411.266                                          ,     9, -38.2856, 1.7842, -1.3098
411.281                                          ,     9, -38.2767, 1.7856, -1.3109
411.301                                          ,     9, -38.2587, 1.7885, -1.3124
411.322                                          ,     9, -38.2410, 1.7914, -1.3145
411.336                                          ,     9, -38.2322, 1.7926, -1.3159
411.352                                          ,     9, -38.2146, 1.7944, -1.3184
411.367                                          ,     9, -38.2060, 1.7945, -1.3199
411.383                                          ,     9, -38.1972, 1.7944, -1.3213
411.399                                          ,     9, -38.1796, 1.7946, -1.3238
411.415                                          ,     9, -38.1706, 1.7940, -1.3253
411.429                                          ,     9, -38.1526, 1.7932, -1.3280
411.443                                          ,     9, -38.1346, 1.7919, -1.3306
411.461                                          ,     9, -38.1162, 1.7894, -1.3333
411.485                                          ,     9, -38.0974, 1.7856, -1.3361
411.506                                          ,     9, -38.0786, 1.7815, -1.3391
411.525                                          ,     9, -38.0596, 1.7771, -1.3422
411.550                                          ,     9, -38.0405, 1.7724, -1.3455
411.572                                          ,     9, -38.0206, 1.7683, -1.3491
411.595                                          ,     9, -38.0004, 1.7647, -1.3532
411.617                                          ,     9, -37.9802, 1.7624, -1.3576
411.639                                          ,     9, -37.9605, 1.7604, -1.3624
411.661                                          ,     9, -37.9403, 1.7587, -1.3678
411.683                                          ,     9, -37.9199, 1.7592, -1.3733
411.705                                          ,     9, -37.8996, 1.7634, -1.3788
411.728                                          ,     9, -37.8794, 1.7692, -1.3842
411.748                                          ,     9, -37.8595, 1.7750, -1.3894
411.781                                          ,     9, -37.8425, 1.7794, -1.3939
411.802                                          ,     9, -37.8257, 1.7810, -1.3975
411.817                                          ,     9, -37.8092, 1.7832, -1.4009
411.839                                          ,     9, -37.7934, 1.7866, -1.4032
411.862                                          ,     9, -37.7780, 1.7900, -1.4045
411.886                                          ,     9, -37.7625, 1.7936, -1.4055
411.908                                          ,     9, -37.7550, 1.7958, -1.4054
411.924                                          ,     9, -37.7477, 1.7971, -1.4057
411.940                                          ,     9, -37.7403, 1.7979, -1.4059
411.955                                          ,     9, -37.7248, 1.7995, -1.4069
411.971                                          ,     9, -37.7171, 1.7999, -1.4071
411.987                                          ,     9, -37.7013, 1.8011, -1.4077
412.003                                          ,     9, -37.6934, 1.8009, -1.4078
412.018                                          ,     9, -37.6775, 1.8010, -1.4083
412.034                                          ,     9, -37.6695, 1.8002, -1.4086
412.050                                          ,     9, -37.6610, 1.7994, -1.4089
412.065                                          ,     9, -37.6445, 1.7983, -1.4096
412.086                                          ,     9, -37.6274, 1.7962, -1.4102
412.104                                          ,     9, -37.6184, 1.7944, -1.4104
412.123                                          ,     9, -37.6008, 1.7916, -1.4109
412.139                                          ,     9, -37.5828, 1.7886, -1.4115
412.155                                          ,     9, -37.5734, 1.7868, -1.4115
412.170                                          ,     9, -37.5642, 1.7849, -1.4115
412.185                                          ,     9, -37.5458, 1.7814, -1.4116
412.201                                          ,     9, -37.5362, 1.7792, -1.4113
412.216                                          ,     9, -37.5170, 1.7760, -1.4111
412.237                                          ,     9, -37.5069, 1.7751, -1.4106
412.253                                          ,     9, -37.4874, 1.7727, -1.4095
412.268                                          ,     9, -37.4776, 1.7717, -1.4088
412.283                                          ,     9, -37.4580, 1.7698, -1.4076
412.297                                          ,     9, -37.4384, 1.7683, -1.4061
412.314                                          ,     9, -37.4185, 1.7689, -1.4042
412.340                                          ,     9, -37.3982, 1.7738, -1.4024
412.361                                          ,     9, -37.3780, 1.7789, -1.4006
412.383                                          ,     9, -37.3586, 1.7856, -1.3994
412.405                                          ,     9, -37.3406, 1.7884, -1.3985
412.427                                          ,     9, -37.3236, 1.7880, -1.3985
412.450                                          ,     9, -37.3076, 1.7891, -1.3998
412.472                                          ,     9, -37.2917, 1.7917, -1.4013
412.495                                          ,     9, -37.2755, 1.7945, -1.4031
412.517                                          ,     9, -37.2589, 1.7984, -1.4058
412.539                                          ,     9, -37.2428, 1.8024, -1.4087
412.569                                          ,     9, -37.2267, 1.8040, -1.4123
412.591                                          ,     9, -37.2108, 1.8050, -1.4154
412.604                                          ,     9, -37.1946, 1.8062, -1.4183
412.628                                          ,     9, -37.1782, 1.8054, -1.4214
412.652                                          ,     9, -37.1613, 1.8038, -1.4246
412.673                                          ,     9, -37.1443, 1.8021, -1.4278
412.697                                          ,     9, -37.1273, 1.7998, -1.4310
412.721                                          ,     9, -37.1100, 1.7967, -1.4343
412.741                                          ,     9, -37.0926, 1.7936, -1.4374
412.763                                          ,     9, -37.0749, 1.7896, -1.4407
412.786                                          ,     9, -37.0658, 1.7864, -1.4424
412.801                                          ,     9, -37.0567, 1.7840, -1.4442
412.816                                          ,     9, -37.0475, 1.7821, -1.4461
412.830                                          ,     9, -37.0380, 1.7809, -1.4481
412.845                                          ,     9, -37.0199, 1.7782, -1.4520
412.860                                          ,     9, -37.0104, 1.7770, -1.4542
412.878                                          ,     9, -36.9917, 1.7751, -1.4585
412.894                                          ,     9, -36.9822, 1.7751, -1.4609
412.908                                          ,     9, -36.9729, 1.7755, -1.4632
412.923                                          ,     9, -36.9539, 1.7765, -1.4678
412.939                                          ,     9, -36.9445, 1.7787, -1.4701
412.957                                          ,     9, -36.9257, 1.7823, -1.4745
412.972                                          ,     9, -36.9069, 1.7867, -1.4788
412.987                                          ,     9, -36.8979, 1.7905, -1.4808
413.002                                          ,     9, -36.8892, 1.7934, -1.4827
413.017                                          ,     9, -36.8808, 1.7953, -1.4844
413.032                                          ,     9, -36.8639, 1.7978, -1.4877
413.048                                          ,     9, -36.8566, 1.7976, -1.4886
413.065                                          ,     9, -36.8407, 1.7990, -1.4909
413.078                                          ,     9, -36.8330, 1.7997, -1.4915
413.093                                          ,     9, -36.8256, 1.8007, -1.4919
413.108                                          ,     9, -36.8101, 1.8028, -1.4934
413.123                                          ,     9, -36.8025, 1.8044, -1.4934
413.137                                          ,     9, -36.7949, 1.8061, -1.4935
413.153                                          ,     9, -36.7718, 1.8099, -1.4945
413.171                                          ,     9, -36.7567, 1.8114, -1.4943
413.196                                          ,     9, -36.7419, 1.8117, -1.4931
413.216                                          ,     9, -36.7270, 1.8122, -1.4923
413.240                                          ,     9, -36.7121, 1.8117, -1.4911
413.260                                          ,     9, -36.6967, 1.8107, -1.4900
413.284                                          ,     9, -36.6811, 1.8089, -1.4888
413.307                                          ,     9, -36.6652, 1.8065, -1.4874
413.331                                          ,     9, -36.6491, 1.8036, -1.4860
413.359                                          ,     9, -36.6326, 1.8001, -1.4845
413.381                                          ,     9, -36.6161, 1.7968, -1.4829
413.394                                          ,     9, -36.5997, 1.7935, -1.4812
413.417                                          ,     9, -36.5826, 1.7899, -1.4792
413.439                                          ,     9, -36.5654, 1.7866, -1.4768
413.463                                          ,     9, -36.5478, 1.7843, -1.4739
413.485                                          ,     9, -36.5301, 1.7826, -1.4709
413.508                                          ,     9, -36.5124, 1.7804, -1.4673
413.531                                          ,     9, -36.4945, 1.7795, -1.4635
413.552                                          ,     9, -36.4771, 1.7789, -1.4596
413.576                                          ,     9, -36.4598, 1.7814, -1.4556
413.597                                          ,     9, -36.4428, 1.7845, -1.4518
413.620                                          ,     9, -36.4261, 1.7896, -1.4479
413.642                                          ,     9, -36.4099, 1.7959, -1.4446
413.671                                          ,     9, -36.4026, 1.8004, -1.4435
413.686                                          ,     9, -36.3869, 1.8037, -1.4410
413.699                                          ,     9, -36.3791, 1.8042, -1.4401
413.715                                          ,     9, -36.3714, 1.8043, -1.4396
413.731                                          ,     9, -36.3554, 1.8059, -1.4383
413.747                                          ,     9, -36.3473, 1.8060, -1.4387
413.763                                          ,     9, -36.3391, 1.8064, -1.4388
413.780                                          ,     9, -36.3230, 1.8077, -1.4387
413.799                                          ,     9, -36.3070, 1.8091, -1.4392
413.817                                          ,     9, -36.2911, 1.8096, -1.4401
413.834                                          ,     9, -36.2834, 1.8091, -1.4410
413.850                                          ,     9, -36.2680, 1.8091, -1.4421
413.864                                          ,     9, -36.2604, 1.8090, -1.4428
413.877                                          ,     9, -36.2531, 1.8088, -1.4436
413.891                                          ,     9, -36.2459, 1.8084, -1.4443
413.907                                          ,     9, -36.2311, 1.8081, -1.4454
413.922                                          ,     9, -36.2241, 1.8079, -1.4460
413.936                                          ,     9, -36.2171, 1.8078, -1.4467
413.951                                          ,     9, -36.2025, 1.8075, -1.4482
413.966                                          ,     9, -36.1953, 1.8072, -1.4490
413.980                                          ,     9, -36.1807, 1.8064, -1.4507
413.994                                          ,     9, -36.1734, 1.8056, -1.4517
414.009                                          ,     9, -36.1661, 1.8048, -1.4527
414.025                                          ,     9, -36.1587, 1.8037, -1.4537
414.040                                          ,     9, -36.1438, 1.8020, -1.4557
414.056                                          ,     9, -36.1287, 1.7999, -1.4580
414.070                                          ,     9, -36.1135, 1.7974, -1.4604
414.094                                          ,     9, -36.0977, 1.7949, -1.4635
414.115                                          ,     9, -36.0819, 1.7932, -1.4667
414.146                                          ,     9, -36.0658, 1.7912, -1.4706
414.167                                          ,     9, -36.0498, 1.7901, -1.4746
414.181                                          ,     9, -36.0336, 1.7890, -1.4784
414.204                                          ,     9, -36.0176, 1.7886, -1.4826
414.227                                          ,     9, -36.0013, 1.7901, -1.4869
414.249                                          ,     9, -35.9855, 1.7932, -1.4911
414.272                                          ,     9, -35.9694, 1.7981, -1.4951
414.294                                          ,     9, -35.9535, 1.8041, -1.4990
414.318                                          ,     9, -35.9378, 1.8104, -1.5025
414.340                                          ,     9, -35.9227, 1.8144, -1.5057
414.362                                          ,     9, -35.9081, 1.8158, -1.5084
414.384                                          ,     9, -35.8943, 1.8160, -1.5103
414.407                                          ,     9, -35.8807, 1.8163, -1.5114
414.430                                          ,     9, -35.8669, 1.8167, -1.5125
414.460                                          ,     9, -35.8536, 1.8171, -1.5123
414.481                                          ,     9, -35.8405, 1.8183, -1.5121
414.495                                          ,     9, -35.8275, 1.8192, -1.5120
414.521                                          ,     9, -35.8219, 1.8193, -1.5106
414.535                                          ,     9, -35.8162, 1.8197, -1.5099
414.549                                          ,     9, -35.8102, 1.8201, -1.5093
414.564                                          ,     9, -35.7981, 1.8209, -1.5081
414.582                                          ,     9, -35.7862, 1.8215, -1.5068
414.603                                          ,     9, -35.7804, 1.8215, -1.5059
414.622                                          ,     9, -35.7686, 1.8216, -1.5045
414.637                                          ,     9, -35.7570, 1.8214, -1.5032
414.651                                          ,     9, -35.7509, 1.8208, -1.5025
414.665                                          ,     9, -35.7444, 1.8200, -1.5017
414.680                                          ,     9, -35.7319, 1.8190, -1.5002
414.693                                          ,     9, -35.7254, 1.8179, -1.4992
414.709                                          ,     9, -35.7188, 1.8168, -1.4984
414.726                                          ,     9, -35.7121, 1.8158, -1.4974
414.745                                          ,     9, -35.6991, 1.8139, -1.4954
414.769                                          ,     9, -35.6859, 1.8119, -1.4933
414.784                                          ,     9, -35.6726, 1.8099, -1.4909
414.798                                          ,     9, -35.6658, 1.8086, -1.4895
414.811                                          ,     9, -35.6591, 1.8075, -1.4882
414.825                                          ,     9, -35.6522, 1.8068, -1.4866
414.840                                          ,     9, -35.6387, 1.8051, -1.4835
414.854                                          ,     9, -35.6320, 1.8040, -1.4815
414.868                                          ,     9, -35.6252, 1.8030, -1.4794
414.883                                          ,     9, -35.6117, 1.8013, -1.4756
414.897                                          ,     9, -35.6050, 1.8006, -1.4733
414.910                                          ,     9, -35.5985, 1.7997, -1.4709
414.925                                          ,     9, -35.5852, 1.7983, -1.4663
414.938                                          ,     9, -35.5719, 1.7981, -1.4616
414.961                                          ,     9, -35.5590, 1.8008, -1.4568
414.983                                          ,     9, -35.5461, 1.8040, -1.4517
415.006                                          ,     9, -35.5336, 1.8085, -1.4474
415.028                                          ,     9, -35.5213, 1.8135, -1.4428
415.049                                          ,     9, -35.5093, 1.8198, -1.4387
415.072                                          ,     9, -35.4980, 1.8237, -1.4349
415.094                                          ,     9, -35.4871, 1.8252, -1.4316
415.116                                          ,     9, -35.4768, 1.8266, -1.4298
415.139                                          ,     9, -35.4661, 1.8280, -1.4284
415.161                                          ,     9, -35.4555, 1.8290, -1.4275
415.183                                          ,     9, -35.4452, 1.8299, -1.4268
415.205                                          ,     9, -35.4354, 1.8308, -1.4266
415.234                                          ,     9, -35.4264, 1.8311, -1.4265
415.256                                          ,     9, -35.4178, 1.8314, -1.4260
415.271                                          ,     9, -35.4091, 1.8318, -1.4254
415.296                                          ,     9, -35.4017, 1.8320, -1.4249
415.317                                          ,     9, -35.3945, 1.8324, -1.4243
415.339                                          ,     9, -35.3876, 1.8324, -1.4241
415.363                                          ,     9, -35.3814, 1.8323, -1.4238
415.385                                          ,     9, -35.3754, 1.8322, -1.4237
415.409                                          ,     9, -35.3734, 1.8321, -1.4239
415.424                                          ,     9, -35.3709, 1.8323, -1.4240
415.438                                          ,     9, -35.3686, 1.8322, -1.4243
415.454                                          ,     9, -35.3663, 1.8323, -1.4246
415.468                                          ,     9, -35.3615, 1.8325, -1.4251
415.491                                          ,     9, -35.3575, 1.8330, -1.4261
415.506                                          ,     9, -35.3559, 1.8332, -1.4267
415.530                                          ,     9, -35.3525, 1.8337, -1.4278
415.547                                          ,     9, -35.3491, 1.8342, -1.4293
415.564                                          ,     9, -35.3461, 1.8344, -1.4311
415.580                                          ,     9, -35.3448, 1.8347, -1.4324
415.595                                          ,     9, -35.3436, 1.8351, -1.4339
415.613                                          ,     9, -35.3409, 1.8354, -1.4362
415.632                                          ,     9, -35.3383, 1.8356, -1.4390
415.649                                          ,     9, -35.3372, 1.8358, -1.4410
415.668                                          ,     9, -35.3363, 1.8361, -1.4430
415.685                                          ,     9, -35.3341, 1.8365, -1.4466
415.707                                          ,     9, -35.3309, 1.8371, -1.4521
415.725                                          ,     9, -35.3290, 1.8378, -1.4561
415.741                                          ,     9, -35.3283, 1.8380, -1.4584
415.756                                          ,     9, -35.3275, 1.8381, -1.4608
415.770                                          ,     9, -35.3267, 1.8383, -1.4630
415.784                                          ,     9, -35.3261, 1.8384, -1.4657
415.799                                          ,     9, -35.3246, 1.8387, -1.4704
415.814                                          ,     9, -35.3239, 1.8386, -1.4728
415.833                                          ,     9, -35.3218, 1.8385, -1.4799
415.852                                          ,     9, -35.3205, 1.8381, -1.4846
415.870                                          ,     9, -35.3193, 1.8378, -1.4891
415.896                                          ,     9, -35.3180, 1.8376, -1.4937
415.914                                          ,     9, -35.3168, 1.8373, -1.4978
415.940                                          ,     9, -35.3156, 1.8370, -1.5021
415.958                                          ,     9, -35.3144, 1.8370, -1.5059
415.986                                          ,     9, -35.3135, 1.8369, -1.5089
416.004                                          ,     9, -35.3126, 1.8367, -1.5120
416.030                                          ,     9, -35.3121, 1.8365, -1.5149
416.047                                          ,     9, -35.3114, 1.8363, -1.5175
416.071                                          ,     9, -35.3110, 1.8360, -1.5198
416.093                                          ,     9, -35.3103, 1.8359, -1.5190
416.115                                          ,     9, -35.3101, 1.8358, -1.5209
416.137                                          ,     9, -35.3101, 1.8355, -1.5223
416.160                                          ,     9, -35.3102, 1.8352, -1.5239
416.188                                          ,     9, -35.3107, 1.8351, -1.5255
416.211                                          ,     9, -35.3110, 1.8350, -1.5266
416.227                                          ,     9, -35.3113, 1.8349, -1.5278
416.249                                          ,     9, -35.3119, 1.8348, -1.5288
416.273                                          ,     9, -35.3125, 1.8348, -1.5292
416.296                                          ,     9, -35.3133, 1.8348, -1.5297
416.320                                          ,     9, -35.3141, 1.8348, -1.5303
416.346                                          ,     9, -35.3148, 1.8349, -1.5311
416.369                                          ,     9, -35.3156, 1.8349, -1.5316
416.385                                          ,     9, -35.3165, 1.8348, -1.5324
416.406                                          ,     9, -35.3173, 1.8348, -1.5330
416.431                                          ,     9, -35.3182, 1.8348, -1.5339
416.452                                          ,     9, -35.3191, 1.8349, -1.5346
416.476                                          ,     9, -35.3199, 1.8349, -1.5353
416.499                                          ,     9, -35.3205, 1.8350, -1.5358
416.523                                          ,     9, -35.3210, 1.8352, -1.5362
416.545                                          ,     9, -35.3210, 1.8351, -1.5364
416.568                                          ,     9, -35.3212, 1.8350, -1.5365
416.584                                          ,     9, -35.3214, 1.8350, -1.5366
416.597                                          ,     9, -35.3215, 1.8350, -1.5367
416.610                                          ,     9, -35.3216, 1.8350, -1.5369
416.625                                          ,     9, -35.3217, 1.8348, -1.5371
416.639                                          ,     9, -35.3218, 1.8347, -1.5372
416.659                                          ,     9, -35.3221, 1.8346, -1.5373

# --- Trial 10 start ---
427.785                                          ,    10, -39.8529, 1.8103, -1.2787
427.916                                          ,    10, -39.8541, 1.8098, -1.2757
428.250                                          ,    10, -39.8559, 1.8078, -1.2550
428.276                                          ,    10, -39.8561, 1.8077, -1.2533
428.295                                          ,    10, -39.8563, 1.8076, -1.2514
428.312                                          ,    10, -39.8563, 1.8074, -1.2505
428.326                                          ,    10, -39.8566, 1.8071, -1.2478
428.342                                          ,    10, -39.8567, 1.8069, -1.2469
428.359                                          ,    10, -39.8569, 1.8067, -1.2450
428.375                                          ,    10, -39.8571, 1.8065, -1.2430
428.392                                          ,    10, -39.8572, 1.8062, -1.2410
428.407                                          ,    10, -39.8574, 1.8060, -1.2389
428.431                                          ,    10, -39.8573, 1.8058, -1.2367
428.453                                          ,    10, -39.8574, 1.8056, -1.2344
428.469                                          ,    10, -39.8575, 1.8054, -1.2324
428.498                                          ,    10, -39.8573, 1.8052, -1.2303
428.514                                          ,    10, -39.8572, 1.8051, -1.2282
428.536                                          ,    10, -39.8569, 1.8050, -1.2262
428.560                                          ,    10, -39.8565, 1.8049, -1.2243
428.582                                          ,    10, -39.8559, 1.8047, -1.2224
428.601                                          ,    10, -39.8551, 1.8046, -1.2204
428.624                                          ,    10, -39.8541, 1.8043, -1.2183
428.644                                          ,    10, -39.8529, 1.8042, -1.2163
428.669                                          ,    10, -39.8512, 1.8040, -1.2143
428.696                                          ,    10, -39.8491, 1.8037, -1.2122
428.724                                          ,    10, -39.8467, 1.8030, -1.2102
428.751                                          ,    10, -39.8441, 1.8024, -1.2086
428.774                                          ,    10, -39.8411, 1.8018, -1.2072
428.796                                          ,    10, -39.8381, 1.8009, -1.2061
428.815                                          ,    10, -39.8349, 1.7994, -1.2052
428.834                                          ,    10, -39.8313, 1.7974, -1.2049
428.859                                          ,    10, -39.8277, 1.7949, -1.2052
428.880                                          ,    10, -39.8243, 1.7930, -1.2057
428.907                                          ,    10, -39.8208, 1.7917, -1.2070
428.930                                          ,    10, -39.8172, 1.7910, -1.2083
428.951                                          ,    10, -39.8137, 1.7903, -1.2097
428.970                                          ,    10, -39.8105, 1.7896, -1.2114
428.986                                          ,    10, -39.8075, 1.7891, -1.2134
429.004                                          ,    10, -39.8047, 1.7885, -1.2155
429.025                                          ,    10, -39.8018, 1.7878, -1.2179
429.048                                          ,    10, -39.7987, 1.7869, -1.2205
429.071                                          ,    10, -39.7957, 1.7859, -1.2231
429.094                                          ,    10, -39.7931, 1.7843, -1.2258
429.115                                          ,    10, -39.7907, 1.7824, -1.2288
429.143                                          ,    10, -39.7889, 1.7810, -1.2320
429.161                                          ,    10, -39.7870, 1.7797, -1.2352
429.177                                          ,    10, -39.7854, 1.7783, -1.2387
429.203                                          ,    10, -39.7848, 1.7772, -1.2428
429.233                                          ,    10, -39.7817, 1.7815, -1.2470
429.255                                          ,    10, -39.7780, 1.7935, -1.2521
429.272                                          ,    10, -39.7746, 1.7950, -1.2574
429.293                                          ,    10, -39.7716, 1.7922, -1.2632
429.315                                          ,    10, -39.7687, 1.7914, -1.2690
429.341                                          ,    10, -39.7668, 1.7916, -1.2745
429.368                                          ,    10, -39.7648, 1.7897, -1.2796
429.390                                          ,    10, -39.7625, 1.7884, -1.2840
429.412                                          ,    10, -39.7603, 1.7880, -1.2885
429.427                                          ,    10, -39.7581, 1.7887, -1.2934
429.449                                          ,    10, -39.7557, 1.7900, -1.2980
429.472                                          ,    10, -39.7533, 1.7907, -1.3018
429.494                                          ,    10, -39.7512, 1.7913, -1.3053
429.516                                          ,    10, -39.7489, 1.7914, -1.3090
429.543                                          ,    10, -39.7468, 1.7910, -1.3123
429.569                                          ,    10, -39.7448, 1.7901, -1.3155
429.591                                          ,    10, -39.7429, 1.7898, -1.3190
429.609                                          ,    10, -39.7411, 1.7900, -1.3222
429.631                                          ,    10, -39.7393, 1.7899, -1.3250
429.649                                          ,    10, -39.7373, 1.7900, -1.3277
429.671                                          ,    10, -39.7351, 1.7909, -1.3305
429.694                                          ,    10, -39.7341, 1.7914, -1.3314
429.718                                          ,    10, -39.7328, 1.7911, -1.3322
429.739                                          ,    10, -39.7313, 1.7913, -1.3333
429.761                                          ,    10, -39.7287, 1.7916, -1.3354
429.779                                          ,    10, -39.7260, 1.7915, -1.3370
429.798                                          ,    10, -39.7226, 1.7910, -1.3386
429.814                                          ,    10, -39.7189, 1.7908, -1.3402
429.830                                          ,    10, -39.7166, 1.7907, -1.3409
429.845                                          ,    10, -39.7145, 1.7904, -1.3413
429.865                                          ,    10, -39.7103, 1.7894, -1.3420
429.883                                          ,    10, -39.7053, 1.7884, -1.3426
429.900                                          ,    10, -39.7023, 1.7880, -1.3428
429.917                                          ,    10, -39.6968, 1.7875, -1.3430
429.932                                          ,    10, -39.6937, 1.7872, -1.3428
429.951                                          ,    10, -39.6876, 1.7865, -1.3426
429.967                                          ,    10, -39.6840, 1.7867, -1.3421
429.986                                          ,    10, -39.6768, 1.7867, -1.3418
430.007                                          ,    10, -39.6689, 1.7863, -1.3410
430.030                                          ,    10, -39.6607, 1.7854, -1.3397
430.046                                          ,    10, -39.6524, 1.7845, -1.3386
430.063                                          ,    10, -39.6474, 1.7840, -1.3380
430.080                                          ,    10, -39.6379, 1.7827, -1.3366
430.097                                          ,    10, -39.6326, 1.7815, -1.3357
430.112                                          ,    10, -39.6224, 1.7797, -1.3341
430.129                                          ,    10, -39.6169, 1.7789, -1.3331
430.145                                          ,    10, -39.6060, 1.7769, -1.3312
430.163                                          ,    10, -39.5998, 1.7756, -1.3300
430.179                                          ,    10, -39.5938, 1.7743, -1.3286
430.195                                          ,    10, -39.5820, 1.7723, -1.3261
430.211                                          ,    10, -39.5698, 1.7705, -1.3233
430.228                                          ,    10, -39.5636, 1.7695, -1.3215
430.244                                          ,    10, -39.5511, 1.7677, -1.3182
430.260                                          ,    10, -39.5446, 1.7669, -1.3162
430.277                                          ,    10, -39.5318, 1.7652, -1.3122
430.294                                          ,    10, -39.5255, 1.7647, -1.3099
430.310                                          ,    10, -39.5128, 1.7633, -1.3053
430.326                                          ,    10, -39.5064, 1.7635, -1.3028
430.342                                          ,    10, -39.4999, 1.7643, -1.3000
430.360                                          ,    10, -39.4870, 1.7662, -1.2951
430.379                                          ,    10, -39.4741, 1.7694, -1.2902
430.399                                          ,    10, -39.4676, 1.7728, -1.2877
430.416                                          ,    10, -39.4547, 1.7773, -1.2830
430.434                                          ,    10, -39.4423, 1.7813, -1.2786
430.449                                          ,    10, -39.4364, 1.7826, -1.2768
430.465                                          ,    10, -39.4307, 1.7831, -1.2751
430.482                                          ,    10, -39.4190, 1.7843, -1.2718
430.503                                          ,    10, -39.4132, 1.7839, -1.2709
430.522                                          ,    10, -39.4012, 1.7846, -1.2689
430.538                                          ,    10, -39.3892, 1.7854, -1.2674
430.555                                          ,    10, -39.3773, 1.7858, -1.2663
430.572                                          ,    10, -39.3713, 1.7861, -1.2663
430.591                                          ,    10, -39.3653, 1.7866, -1.2667
430.608                                          ,    10, -39.3530, 1.7874, -1.2665
430.624                                          ,    10, -39.3406, 1.7881, -1.2668
430.641                                          ,    10, -39.3344, 1.7883, -1.2673
430.659                                          ,    10, -39.3220, 1.7886, -1.2679
430.678                                          ,    10, -39.3154, 1.7886, -1.2686
430.696                                          ,    10, -39.3025, 1.7886, -1.2696
430.716                                          ,    10, -39.2894, 1.7880, -1.2708
430.734                                          ,    10, -39.2760, 1.7873, -1.2722
430.753                                          ,    10, -39.2688, 1.7864, -1.2733
430.774                                          ,    10, -39.2543, 1.7849, -1.2754
430.797                                          ,    10, -39.2394, 1.7828, -1.2777
430.817                                          ,    10, -39.2247, 1.7802, -1.2803
430.836                                          ,    10, -39.2092, 1.7774, -1.2834
430.854                                          ,    10, -39.2008, 1.7757, -1.2854
430.873                                          ,    10, -39.1849, 1.7725, -1.2890
430.896                                          ,    10, -39.1687, 1.7697, -1.2933
430.915                                          ,    10, -39.1522, 1.7672, -1.2980
430.933                                          ,    10, -39.1436, 1.7659, -1.3009
430.952                                          ,    10, -39.1266, 1.7635, -1.3062
430.976                                          ,    10, -39.1095, 1.7621, -1.3122
430.996                                          ,    10, -39.0924, 1.7618, -1.3182
431.016                                          ,    10, -39.0747, 1.7638, -1.3247
431.034                                          ,    10, -39.0571, 1.7664, -1.3312
431.054                                          ,    10, -39.0480, 1.7692, -1.3345
431.069                                          ,    10, -39.0301, 1.7735, -1.3410
431.087                                          ,    10, -39.0213, 1.7762, -1.3441
431.103                                          ,    10, -39.0041, 1.7798, -1.3501
431.121                                          ,    10, -38.9962, 1.7804, -1.3525
431.140                                          ,    10, -38.9802, 1.7819, -1.3573
431.155                                          ,    10, -38.9645, 1.7834, -1.3618
431.172                                          ,    10, -38.9569, 1.7839, -1.3632
431.188                                          ,    10, -38.9496, 1.7845, -1.3645
431.207                                          ,    10, -38.9343, 1.7860, -1.3672
431.224                                          ,    10, -38.9267, 1.7870, -1.3681
431.241                                          ,    10, -38.9116, 1.7889, -1.3703
431.258                                          ,    10, -38.8966, 1.7905, -1.3721
431.281                                          ,    10, -38.8823, 1.7913, -1.3727
431.298                                          ,    10, -38.8750, 1.7917, -1.3729
431.316                                          ,    10, -38.8602, 1.7923, -1.3736
431.332                                          ,    10, -38.8450, 1.7927, -1.3742
431.350                                          ,    10, -38.8375, 1.7924, -1.3740
431.365                                          ,    10, -38.8222, 1.7922, -1.3742
431.382                                          ,    10, -38.8145, 1.7913, -1.3739
431.401                                          ,    10, -38.7986, 1.7899, -1.3739
431.420                                          ,    10, -38.7899, 1.7886, -1.3738
431.441                                          ,    10, -38.7732, 1.7864, -1.3735
431.460                                          ,    10, -38.7560, 1.7836, -1.3729
431.474                                          ,    10, -38.7469, 1.7819, -1.3725
431.491                                          ,    10, -38.7293, 1.7788, -1.3718
431.508                                          ,    10, -38.7198, 1.7769, -1.3711
431.524                                          ,    10, -38.7015, 1.7735, -1.3698
431.540                                          ,    10, -38.6919, 1.7716, -1.3689
431.554                                          ,    10, -38.6822, 1.7700, -1.3679
431.571                                          ,    10, -38.6629, 1.7674, -1.3660
431.590                                          ,    10, -38.6436, 1.7659, -1.3636
431.608                                          ,    10, -38.6338, 1.7654, -1.3620
431.628                                          ,    10, -38.6138, 1.7641, -1.3591
431.644                                          ,    10, -38.6038, 1.7640, -1.3574
431.661                                          ,    10, -38.5837, 1.7648, -1.3545
431.678                                          ,    10, -38.5637, 1.7673, -1.3514
431.693                                          ,    10, -38.5537, 1.7690, -1.3498
431.708                                          ,    10, -38.5439, 1.7717, -1.3483
431.727                                          ,    10, -38.5243, 1.7762, -1.3456
431.743                                          ,    10, -38.5051, 1.7810, -1.3430
431.758                                          ,    10, -38.4962, 1.7835, -1.3420
431.775                                          ,    10, -38.4877, 1.7846, -1.3413
431.792                                          ,    10, -38.4696, 1.7868, -1.3399
431.808                                          ,    10, -38.4611, 1.7874, -1.3401
431.828                                          ,    10, -38.4433, 1.7893, -1.3399
431.845                                          ,    10, -38.4255, 1.7911, -1.3404
431.862                                          ,    10, -38.4163, 1.7922, -1.3411
431.878                                          ,    10, -38.3983, 1.7941, -1.3424
431.899                                          ,    10, -38.3893, 1.7942, -1.3436
431.916                                          ,    10, -38.3716, 1.7947, -1.3453
431.934                                          ,    10, -38.3537, 1.7951, -1.3472
431.952                                          ,    10, -38.3449, 1.7948, -1.3484
431.968                                          ,    10, -38.3269, 1.7946, -1.3506
431.987                                          ,    10, -38.3179, 1.7940, -1.3518
432.007                                          ,    10, -38.2999, 1.7930, -1.3542
432.027                                          ,    10, -38.2815, 1.7915, -1.3568
432.051                                          ,    10, -38.2629, 1.7895, -1.3595
432.074                                          ,    10, -38.2439, 1.7870, -1.3623
432.095                                          ,    10, -38.2250, 1.7841, -1.3653
432.114                                          ,    10, -38.2060, 1.7808, -1.3684
432.130                                          ,    10, -38.1964, 1.7786, -1.3702
432.146                                          ,    10, -38.1770, 1.7750, -1.3735
432.161                                          ,    10, -38.1670, 1.7732, -1.3753
432.176                                          ,    10, -38.1569, 1.7718, -1.3773
432.192                                          ,    10, -38.1367, 1.7690, -1.3811
432.208                                          ,    10, -38.1265, 1.7677, -1.3832
432.224                                          ,    10, -38.1060, 1.7653, -1.3873
432.238                                          ,    10, -38.0952, 1.7650, -1.3896
432.255                                          ,    10, -38.0848, 1.7657, -1.3917
432.272                                          ,    10, -38.0637, 1.7668, -1.3959
432.287                                          ,    10, -38.0426, 1.7692, -1.4000
432.303                                          ,    10, -38.0320, 1.7722, -1.4021
432.318                                          ,    10, -38.0218, 1.7745, -1.4040
432.335                                          ,    10, -38.0014, 1.7782, -1.4077
432.350                                          ,    10, -37.9919, 1.7794, -1.4092
432.365                                          ,    10, -37.9729, 1.7813, -1.4123
432.386                                          ,    10, -37.9650, 1.7820, -1.4129
432.407                                          ,    10, -37.9474, 1.7847, -1.4148
432.422                                          ,    10, -37.9297, 1.7874, -1.4166
432.439                                          ,    10, -37.9212, 1.7888, -1.4170
432.458                                          ,    10, -37.9036, 1.7921, -1.4180
432.475                                          ,    10, -37.8949, 1.7939, -1.4180
432.492                                          ,    10, -37.8778, 1.7967, -1.4184
432.507                                          ,    10, -37.8693, 1.7974, -1.4183
432.523                                          ,    10, -37.8522, 1.7991, -1.4184
432.542                                          ,    10, -37.8437, 1.7992, -1.4180
432.561                                          ,    10, -37.8266, 1.7998, -1.4176
432.575                                          ,    10, -37.8179, 1.7997, -1.4173
432.590                                          ,    10, -37.8006, 1.7994, -1.4169
432.607                                          ,    10, -37.7917, 1.7984, -1.4167
432.623                                          ,    10, -37.7740, 1.7973, -1.4161
432.638                                          ,    10, -37.7647, 1.7960, -1.4158
432.656                                          ,    10, -37.7555, 1.7945, -1.4154
432.680                                          ,    10, -37.7367, 1.7915, -1.4145
432.700                                          ,    10, -37.7083, 1.7867, -1.4131
432.717                                          ,    10, -37.6982, 1.7846, -1.4126
432.736                                          ,    10, -37.6783, 1.7807, -1.4114
432.755                                          ,    10, -37.6583, 1.7766, -1.4100
432.771                                          ,    10, -37.6479, 1.7748, -1.4090
432.789                                          ,    10, -37.6273, 1.7722, -1.4073
432.805                                          ,    10, -37.6167, 1.7715, -1.4062
432.821                                          ,    10, -37.5961, 1.7694, -1.4039
432.836                                          ,    10, -37.5858, 1.7688, -1.4026
432.851                                          ,    10, -37.5754, 1.7684, -1.4012
432.868                                          ,    10, -37.5547, 1.7681, -1.3986
432.888                                          ,    10, -37.5445, 1.7701, -1.3971
432.907                                          ,    10, -37.5240, 1.7725, -1.3944
432.924                                          ,    10, -37.5033, 1.7758, -1.3918
432.941                                          ,    10, -37.4931, 1.7792, -1.3908
432.957                                          ,    10, -37.4731, 1.7840, -1.3888
432.973                                          ,    10, -37.4638, 1.7857, -1.3882
432.988                                          ,    10, -37.4448, 1.7876, -1.3872
433.012                                          ,    10, -37.4271, 1.7885, -1.3877
433.031                                          ,    10, -37.4187, 1.7895, -1.3888
433.047                                          ,    10, -37.4007, 1.7917, -1.3899
433.062                                          ,    10, -37.3919, 1.7931, -1.3911
433.080                                          ,    10, -37.3743, 1.7960, -1.3930
433.103                                          ,    10, -37.3658, 1.7973, -1.3945
433.123                                          ,    10, -37.3397, 1.8003, -1.3981
433.141                                          ,    10, -37.3315, 1.8006, -1.3999
433.160                                          ,    10, -37.3146, 1.8015, -1.4030
433.176                                          ,    10, -37.3061, 1.8016, -1.4046
433.190                                          ,    10, -37.2891, 1.8017, -1.4077
433.207                                          ,    10, -37.2806, 1.8012, -1.4094
433.222                                          ,    10, -37.2633, 1.8005, -1.4126
433.237                                          ,    10, -37.2545, 1.7994, -1.4142
433.252                                          ,    10, -37.2458, 1.7983, -1.4159
433.267                                          ,    10, -37.2370, 1.7969, -1.4176
433.282                                          ,    10, -37.2193, 1.7944, -1.4209
433.299                                          ,    10, -37.2105, 1.7924, -1.4226
433.314                                          ,    10, -37.1927, 1.7892, -1.4259
433.329                                          ,    10, -37.1834, 1.7871, -1.4276
433.343                                          ,    10, -37.1651, 1.7836, -1.4311
433.360                                          ,    10, -37.1556, 1.7818, -1.4328
433.378                                          ,    10, -37.1458, 1.7806, -1.4347
433.396                                          ,    10, -37.1265, 1.7783, -1.4386
433.413                                          ,    10, -37.1070, 1.7762, -1.4427
433.429                                          ,    10, -37.0968, 1.7756, -1.4450
433.448                                          ,    10, -37.0769, 1.7744, -1.4494
433.465                                          ,    10, -37.0666, 1.7749, -1.4517
433.484                                          ,    10, -37.0466, 1.7766, -1.4562
433.508                                          ,    10, -37.0263, 1.7809, -1.4609
433.524                                          ,    10, -37.0060, 1.7848, -1.4653
433.540                                          ,    10, -36.9962, 1.7874, -1.4675
433.556                                          ,    10, -36.9768, 1.7911, -1.4716
433.572                                          ,    10, -36.9679, 1.7922, -1.4733
433.589                                          ,    10, -36.9496, 1.7940, -1.4767
433.603                                          ,    10, -36.9409, 1.7947, -1.4782
433.621                                          ,    10, -36.9326, 1.7957, -1.4793
433.643                                          ,    10, -36.9153, 1.7980, -1.4820
433.662                                          ,    10, -36.8983, 1.8004, -1.4841
433.679                                          ,    10, -36.8813, 1.8030, -1.4861
433.694                                          ,    10, -36.8731, 1.8043, -1.4868
433.713                                          ,    10, -36.8652, 1.8049, -1.4873
433.730                                          ,    10, -36.8488, 1.8062, -1.4887
433.745                                          ,    10, -36.8325, 1.8071, -1.4898
433.762                                          ,    10, -36.8246, 1.8073, -1.4900
433.778                                          ,    10, -36.8168, 1.8074, -1.4902
433.794                                          ,    10, -36.8006, 1.8076, -1.4908
433.811                                          ,    10, -36.7847, 1.8073, -1.4913
433.826                                          ,    10, -36.7765, 1.8067, -1.4914
433.842                                          ,    10, -36.7682, 1.8060, -1.4914
433.857                                          ,    10, -36.7517, 1.8048, -1.4917
433.873                                          ,    10, -36.7433, 1.8036, -1.4918
433.890                                          ,    10, -36.7262, 1.8015, -1.4920
433.905                                          ,    10, -36.7174, 1.8000, -1.4921
433.926                                          ,    10, -36.7087, 1.7983, -1.4920
433.945                                          ,    10, -36.6823, 1.7944, -1.4921
433.965                                          ,    10, -36.6730, 1.7924, -1.4920
433.983                                          ,    10, -36.6547, 1.7889, -1.4918
434.000                                          ,    10, -36.6360, 1.7858, -1.4914
434.016                                          ,    10, -36.6263, 1.7848, -1.4910
434.031                                          ,    10, -36.6168, 1.7838, -1.4905
434.052                                          ,    10, -36.5978, 1.7818, -1.4896
434.071                                          ,    10, -36.5787, 1.7803, -1.4884
434.086                                          ,    10, -36.5597, 1.7792, -1.4871
434.105                                          ,    10, -36.5502, 1.7797, -1.4861
434.124                                          ,    10, -36.5315, 1.7811, -1.4845
434.141                                          ,    10, -36.5224, 1.7827, -1.4835
434.159                                          ,    10, -36.5041, 1.7854, -1.4818
434.178                                          ,    10, -36.4861, 1.7898, -1.4805
434.194                                          ,    10, -36.4774, 1.7931, -1.4800
434.211                                          ,    10, -36.4605, 1.7972, -1.4790
434.227                                          ,    10, -36.4525, 1.7981, -1.4789
434.243                                          ,    10, -36.4359, 1.8002, -1.4790
434.257                                          ,    10, -36.4278, 1.8011, -1.4796
434.278                                          ,    10, -36.4113, 1.8032, -1.4812
434.295                                          ,    10, -36.4033, 1.8038, -1.4826
434.309                                          ,    10, -36.3951, 1.8046, -1.4839
434.327                                          ,    10, -36.3787, 1.8065, -1.4864
434.342                                          ,    10, -36.3624, 1.8081, -1.4891
434.356                                          ,    10, -36.3545, 1.8079, -1.4908
434.371                                          ,    10, -36.3466, 1.8080, -1.4926
434.386                                          ,    10, -36.3389, 1.8078, -1.4944
434.402                                          ,    10, -36.3231, 1.8083, -1.4974
434.418                                          ,    10, -36.3155, 1.8083, -1.4990
434.439                                          ,    10, -36.3001, 1.8080, -1.5021
434.458                                          ,    10, -36.2849, 1.8076, -1.5051
434.472                                          ,    10, -36.2773, 1.8072, -1.5066
434.487                                          ,    10, -36.2617, 1.8067, -1.5096
434.501                                          ,    10, -36.2537, 1.8063, -1.5110
434.517                                          ,    10, -36.2457, 1.8056, -1.5124
434.534                                          ,    10, -36.2377, 1.8047, -1.5138
434.550                                          ,    10, -36.2217, 1.8031, -1.5166
434.565                                          ,    10, -36.2058, 1.8013, -1.5193
434.579                                          ,    10, -36.1976, 1.8001, -1.5205
434.598                                          ,    10, -36.1892, 1.7986, -1.5219
434.615                                          ,    10, -36.1725, 1.7963, -1.5248
434.630                                          ,    10, -36.1638, 1.7952, -1.5263
434.644                                          ,    10, -36.1469, 1.7932, -1.5293
434.659                                          ,    10, -36.1381, 1.7920, -1.5310
434.675                                          ,    10, -36.1294, 1.7908, -1.5328
434.691                                          ,    10, -36.1119, 1.7890, -1.5363
434.706                                          ,    10, -36.1031, 1.7887, -1.5382
434.722                                          ,    10, -36.0860, 1.7878, -1.5419
434.739                                          ,    10, -36.0774, 1.7887, -1.5438
434.759                                          ,    10, -36.0604, 1.7905, -1.5476
434.776                                          ,    10, -36.0435, 1.7931, -1.5513
434.792                                          ,    10, -36.0351, 1.7958, -1.5533
434.808                                          ,    10, -36.0270, 1.7986, -1.5552
434.824                                          ,    10, -36.0107, 1.8027, -1.5588
434.839                                          ,    10, -36.0032, 1.8043, -1.5603
434.855                                          ,    10, -35.9880, 1.8065, -1.5635
434.870                                          ,    10, -35.9811, 1.8069, -1.5646
434.886                                          ,    10, -35.9742, 1.8074, -1.5657
434.901                                          ,    10, -35.9673, 1.8081, -1.5664
434.918                                          ,    10, -35.9536, 1.8098, -1.5683
434.937                                          ,    10, -35.9401, 1.8119, -1.5697
434.957                                          ,    10, -35.9267, 1.8144, -1.5706
434.975                                          ,    10, -35.9202, 1.8158, -1.5706
434.991                                          ,    10, -35.9070, 1.8175, -1.5710
435.007                                          ,    10, -35.9008, 1.8179, -1.5708
435.022                                          ,    10, -35.8880, 1.8193, -1.5711
435.037                                          ,    10, -35.8819, 1.8196, -1.5707
435.054                                          ,    10, -35.8758, 1.8198, -1.5699
435.074                                          ,    10, -35.8635, 1.8200, -1.5692
435.093                                          ,    10, -35.8509, 1.8198, -1.5687
435.108                                          ,    10, -35.8383, 1.8196, -1.5682
435.122                                          ,    10, -35.8320, 1.8190, -1.5678
435.139                                          ,    10, -35.8255, 1.8182, -1.5673
435.156                                          ,    10, -35.8191, 1.8174, -1.5670
435.172                                          ,    10, -35.8062, 1.8162, -1.5664
435.189                                          ,    10, -35.7931, 1.8145, -1.5656
435.204                                          ,    10, -35.7865, 1.8134, -1.5652
435.219                                          ,    10, -35.7797, 1.8121, -1.5644
435.237                                          ,    10, -35.7662, 1.8101, -1.5632
435.253                                          ,    10, -35.7527, 1.8080, -1.5618
435.267                                          ,    10, -35.7456, 1.8071, -1.5609
435.282                                          ,    10, -35.7386, 1.8060, -1.5600
435.298                                          ,    10, -35.7316, 1.8051, -1.5590
435.314                                          ,    10, -35.7176, 1.8035, -1.5569
435.330                                          ,    10, -35.7036, 1.8021, -1.5547
435.347                                          ,    10, -35.6964, 1.8016, -1.5530
435.364                                          ,    10, -35.6820, 1.8002, -1.5502
435.385                                          ,    10, -35.6749, 1.7997, -1.5483
435.402                                          ,    10, -35.6605, 1.7984, -1.5448
435.417                                          ,    10, -35.6532, 1.7981, -1.5429
435.432                                          ,    10, -35.6388, 1.7983, -1.5392
435.446                                          ,    10, -35.6316, 1.7989, -1.5372
435.461                                          ,    10, -35.6243, 1.7995, -1.5352
435.476                                          ,    10, -35.6172, 1.8005, -1.5333
435.491                                          ,    10, -35.6101, 1.8019, -1.5314
435.505                                          ,    10, -35.5960, 1.8048, -1.5276
435.521                                          ,    10, -35.5822, 1.8089, -1.5240
435.540                                          ,    10, -35.5758, 1.8111, -1.5225
435.558                                          ,    10, -35.5628, 1.8137, -1.5193
435.572                                          ,    10, -35.5565, 1.8144, -1.5181
435.586                                          ,    10, -35.5438, 1.8158, -1.5155
435.599                                          ,    10, -35.5378, 1.8159, -1.5145
435.616                                          ,    10, -35.5318, 1.8158, -1.5138
435.634                                          ,    10, -35.5259, 1.8158, -1.5134
435.649                                          ,    10, -35.5137, 1.8165, -1.5120
435.663                                          ,    10, -35.5079, 1.8168, -1.5115
435.678                                          ,    10, -35.4963, 1.8177, -1.5106
435.695                                          ,    10, -35.4850, 1.8184, -1.5101
435.710                                          ,    10, -35.4741, 1.8191, -1.5096
435.724                                          ,    10, -35.4635, 1.8197, -1.5091
435.740                                          ,    10, -35.4536, 1.8204, -1.5087
435.765                                          ,    10, -35.4450, 1.8210, -1.5088
435.790                                          ,    10, -35.4365, 1.8214, -1.5085
435.816                                          ,    10, -35.4276, 1.8219, -1.5079
435.831                                          ,    10, -35.4184, 1.8223, -1.5076
435.855                                          ,    10, -35.4097, 1.8220, -1.5073
435.877                                          ,    10, -35.4007, 1.8218, -1.5068
435.898                                          ,    10, -35.3921, 1.8214, -1.5067
435.922                                          ,    10, -35.3836, 1.8207, -1.5067
435.944                                          ,    10, -35.3754, 1.8201, -1.5072
435.965                                          ,    10, -35.3675, 1.8198, -1.5080
435.993                                          ,    10, -35.3603, 1.8194, -1.5090
436.016                                          ,    10, -35.3532, 1.8190, -1.5102
436.037                                          ,    10, -35.3461, 1.8189, -1.5118
436.054                                          ,    10, -35.3392, 1.8187, -1.5131
436.078                                          ,    10, -35.3327, 1.8185, -1.5154
436.095                                          ,    10, -35.3260, 1.8184, -1.5178
436.124                                          ,    10, -35.3197, 1.8185, -1.5210
436.146                                          ,    10, -35.3132, 1.8198, -1.5246
436.169                                          ,    10, -35.3066, 1.8220, -1.5281
436.194                                          ,    10, -35.3001, 1.8237, -1.5316
436.218                                          ,    10, -35.2940, 1.8248, -1.5350
436.234                                          ,    10, -35.2876, 1.8259, -1.5369
436.256                                          ,    10, -35.2820, 1.8270, -1.5394
436.279                                          ,    10, -35.2764, 1.8283, -1.5422
436.302                                          ,    10, -35.2710, 1.8291, -1.5447
436.330                                          ,    10, -35.2659, 1.8297, -1.5468
436.352                                          ,    10, -35.2611, 1.8302, -1.5486
436.369                                          ,    10, -35.2562, 1.8303, -1.5504
436.391                                          ,    10, -35.2516, 1.8301, -1.5513
436.411                                          ,    10, -35.2474, 1.8300, -1.5520
436.440                                          ,    10, -35.2464, 1.8298, -1.5513
436.457                                          ,    10, -35.2448, 1.8299, -1.5513
436.472                                          ,    10, -35.2435, 1.8302, -1.5512
436.489                                          ,    10, -35.2422, 1.8306, -1.5510
436.505                                          ,    10, -35.2410, 1.8310, -1.5508
436.519                                          ,    10, -35.2384, 1.8317, -1.5505
436.534                                          ,    10, -35.2376, 1.8319, -1.5501
436.549                                          ,    10, -35.2357, 1.8325, -1.5497
436.563                                          ,    10, -35.2350, 1.8327, -1.5493
436.576                                          ,    10, -35.2344, 1.8329, -1.5491
436.590                                          ,    10, -35.2332, 1.8330, -1.5486
436.604                                          ,    10, -35.2321, 1.8328, -1.5481
436.621                                          ,    10, -35.2314, 1.8321, -1.5474
436.639                                          ,    10, -35.2308, 1.8316, -1.5469
436.659                                          ,    10, -35.2302, 1.8317, -1.5464
436.674                                          ,    10, -35.2297, 1.8317, -1.5459
436.698                                          ,    10, -35.2294, 1.8313, -1.5449
436.721                                          ,    10, -35.2290, 1.8312, -1.5439
436.738                                          ,    10, -35.2288, 1.8308, -1.5430
436.765                                          ,    10, -35.2289, 1.8301, -1.5422
436.788                                          ,    10, -35.2289, 1.8295, -1.5412
436.809                                          ,    10, -35.2289, 1.8289, -1.5401
436.835                                          ,    10, -35.2290, 1.8281, -1.5394
436.859                                          ,    10, -35.2288, 1.8275, -1.5385
436.874                                          ,    10, -35.2285, 1.8272, -1.5378
436.899                                          ,    10, -35.2281, 1.8273, -1.5369
436.917                                          ,    10, -35.2277, 1.8271, -1.5363
436.945                                          ,    10, -35.2273, 1.8267, -1.5356
436.972                                          ,    10, -35.2270, 1.8261, -1.5352
436.993                                          ,    10, -35.2266, 1.8258, -1.5347
437.010                                          ,    10, -35.2262, 1.8255, -1.5343
437.035                                          ,    10, -35.2258, 1.8254, -1.5343
437.062                                          ,    10, -35.2256, 1.8253, -1.5346
437.078                                          ,    10, -35.2254, 1.8251, -1.5346
437.097                                          ,    10, -35.2253, 1.8252, -1.5350
437.129                                          ,    10, -35.2252, 1.8254, -1.5355
437.151                                          ,    10, -35.2250, 1.8256, -1.5361
437.166                                          ,    10, -35.2246, 1.8257, -1.5364
437.191                                          ,    10, -35.2243, 1.8260, -1.5369
437.210                                          ,    10, -35.2239, 1.8262, -1.5374
