C:\Users\Public\Documents\Novel Studio\load_data\2025-12-11\8\loadapp_2025-12-11_14-22-03-227.load
Comment S8 vw2
	PRW260-R::front	PRW260-R::mid	PRW260-R::heel	PRW260-R		PRW261-L::heel	PRW261-L::mid	PRW261-L::front	PRW261-L		Notes	
Time[secs]	Force[N]	Force[N]	Force[N]	Force[N]	Time[secs]	Force[N]	Force[N]	Force[N]	Force[N]	Time[secs]	
0.000	107.200	42.210	164.820	314.230	0.000	159.900	79.950	49.400	289.250	0.000		
0.010	107.200	44.890	164.820	316.910	0.010	162.500	79.950	47.450	289.900	0.010		
0.020	107.200	44.890	164.820	316.910	0.020	159.900	77.350	49.400	286.650	0.020		
0.030	107.200	44.890	164.820	316.910	0.030	162.500	77.350	47.450	287.300	0.030		
0.040	107.200	44.890	164.820	316.910	0.040	162.500	77.350	47.450	287.300	0.040		
0.050	107.200	44.890	164.820	316.910	0.050	162.500	77.350	47.450	287.300	0.050		
0.060	109.880	42.210	164.820	316.910	0.060	162.500	77.350	47.450	287.300	0.060		
0.070	109.880	44.890	164.820	319.590	0.070	162.500	77.350	44.850	284.700	0.070		
0.080	109.880	44.890	162.140	316.910	0.080	162.500	74.750	47.450	284.700	0.080		
0.090	109.880	44.890	164.820	319.590	0.090	162.500	74.750	44.850	282.100	0.090		
0.100	109.880	44.890	162.140	316.910	0.100	162.500	74.750	47.450	284.700	0.100		
0.110	111.890	44.890	164.820	321.600	0.110	162.500	74.750	47.450	284.700	0.110		
0.120	109.710	44.850	164.910	319.470	0.120	162.500	74.750	47.450	284.700	0.120		
0.130	109.710	44.850	164.910	319.470	0.130	162.500	74.750	47.450	284.700	0.130		
0.140	109.710	44.850	164.910	319.470	0.140	162.500	72.150	44.850	279.500	0.140		
0.150	112.470	44.850	164.910	322.230	0.150	162.500	74.750	44.850	282.100	0.150		
0.160	112.470	44.850	164.910	322.230	0.160	162.500	72.150	44.850	279.500	0.160		
0.170	109.710	44.850	164.910	319.470	0.170	162.500	74.750	44.850	282.100	0.170		
0.180	109.710	44.850	164.910	319.470	0.180	162.500	74.750	47.450	284.700	0.180		
0.190	112.470	44.850	164.910	322.230	0.190	162.500	72.150	47.450	282.100	0.190		
0.200	109.710	44.850	166.980	321.540	0.200	162.500	74.750	47.450	284.700	0.200		
0.210	109.710	42.090	166.980	318.780	0.210	162.500	74.750	47.450	284.700	0.210		
0.220	109.710	44.850	166.980	321.540	0.220	162.500	72.150	47.450	282.100	0.220		
0.230	106.950	42.090	166.980	316.020	0.230	162.500	72.150	47.450	282.100	0.230		
0.240	106.950	44.850	169.740	321.540	0.240	159.900	74.750	49.400	284.050	0.240		
0.250	106.950	44.850	172.500	324.300	0.250	162.500	74.750	47.450	284.700	0.250		
0.260	106.950	44.850	172.500	324.300	0.260	159.900	74.750	47.450	282.100	0.260		
0.270	107.100	44.800	172.200	324.100	0.270	162.500	72.150	47.450	282.100	0.270		
0.280	107.100	42.000	172.200	321.300	0.280	159.900	72.150	47.450	279.500	0.280		
0.290	105.000	44.800	172.200	322.000	0.290	162.500	72.150	47.450	282.100	0.290		
0.300	105.000	44.800	175.000	324.800	0.300	162.140	72.360	49.580	284.080	0.300		
0.310	105.000	42.000	172.200	319.200	0.310	162.140	72.360	46.900	281.400	0.310		
0.320	105.000	44.800	175.000	324.800	0.320	162.140	72.360	46.900	281.400	0.320		
0.330	105.000	44.800	172.200	322.000	0.330	162.140	72.360	46.900	281.400	0.330		
0.340	105.000	44.800	175.000	324.800	0.340	164.820	72.360	44.890	282.070	0.340		
0.350	102.200	42.000	172.200	316.400	0.350	164.820	72.360	46.900	284.080	0.350		
0.360	105.000	44.800	172.200	322.000	0.360	164.820	72.360	46.900	284.080	0.360		
0.370	102.200	42.000	172.200	316.400	0.370	164.820	72.360	46.900	284.080	0.370		
0.380	102.200	42.000	172.200	316.400	0.380	167.500	72.360	46.900	286.760	0.380		
0.390	102.200	42.000	172.200	316.400	0.390	164.820	72.360	44.890	282.070	0.390		
0.400	102.200	42.000	172.200	316.400	0.400	167.500	72.360	44.890	284.750	0.400		
0.410	105.000	39.900	172.200	317.100	0.410	167.500	72.360	44.890	284.750	0.410		
0.420	102.200	42.000	169.400	313.600	0.420	167.500	72.360	44.890	284.750	0.420		
0.430	102.200	42.000	172.200	316.400	0.430	167.500	74.370	46.900	288.770	0.430		
0.440	102.200	39.900	169.400	311.500	0.440	167.500	72.360	46.900	286.760	0.440		
0.450	102.200	42.000	169.400	313.600	0.450	167.500	72.360	44.890	284.750	0.450		
0.460	102.200	42.000	172.200	316.400	0.460	167.500	74.370	46.900	288.770	0.460		
0.470	102.200	42.000	172.200	316.400	0.470	164.820	74.370	46.900	286.090	0.470		
0.480	102.200	42.000	172.200	316.400	0.480	164.820	77.050	46.900	288.770	0.480		
0.490	102.200	42.000	172.200	316.400	0.490	164.820	77.050	46.900	288.770	0.490		
0.500	102.200	42.000	172.200	316.400	0.500	162.140	77.050	49.580	288.770	0.500		
0.510	102.200	42.000	175.000	319.200	0.510	159.460	79.730	49.580	288.770	0.510		
0.520	99.400	42.000	175.000	316.400	0.520	159.460	79.730	49.580	288.770	0.520		
0.530	99.400	42.000	172.200	313.600	0.530	159.460	79.730	49.580	288.770	0.530		
0.540	99.400	39.900	172.200	311.500	0.540	157.450	82.410	49.580	289.440	0.540		
0.550	99.400	42.000	175.000	316.400	0.550	154.770	82.410	49.580	286.760	0.550		
0.560	99.400	42.000	172.200	313.600	0.560	154.770	82.410	52.260	289.440	0.560		
0.570	99.400	41.890	174.660	315.950	0.570	154.770	82.410	52.260	289.440	0.570		
0.580	99.400	39.760	171.820	310.980	0.580	154.770	82.410	52.260	289.440	0.580		
0.590	99.400	39.760	171.820	310.980	0.590	154.770	84.420	52.260	291.450	0.590		
0.600	99.400	39.760	171.820	310.980	0.600	152.100	81.900	52.000	286.000	0.600		
0.610	99.400	41.890	174.660	315.950	0.610	154.700	84.500	52.000	291.200	0.610		
0.620	97.270	39.760	174.660	311.690	0.620	154.700	84.500	52.000	291.200	0.620		
0.630	99.400	39.760	174.660	313.820	0.630	154.700	81.900	52.000	288.600	0.630		
0.640	97.270	39.760	174.660	311.690	0.640	154.700	81.900	49.400	286.000	0.640		
0.650	97.270	39.760	174.660	311.690	0.650	154.700	81.900	49.400	286.000	0.650		
0.660	97.270	39.760	174.660	311.690	0.660	157.300	81.900	49.400	288.600	0.660		
0.670	97.270	39.760	174.660	311.690	0.670	157.300	81.900	47.450	286.650	0.670		
0.680	97.270	39.760	174.660	311.690	0.680	157.300	81.900	49.400	288.600	0.680		
0.690	97.270	39.760	174.660	311.690	0.690	159.900	81.900	49.400	291.200	0.690		
0.700	97.270	39.760	177.500	314.530	0.700	159.900	81.900	49.400	291.200	0.700		
0.710	97.270	39.760	177.500	314.530	0.710	162.500	79.950	49.400	291.850	0.710		
0.720	97.200	39.600	177.120	313.920	0.720	162.500	79.950	47.450	289.900	0.720		
0.730	97.200	39.600	177.120	313.920	0.730	162.500	77.350	47.450	287.300	0.730		
0.740	97.200	39.600	177.120	313.920	0.740	162.500	77.350	47.450	287.300	0.740		
0.750	97.200	39.600	180.000	316.800	0.750	164.820	77.050	49.580	291.450	0.750		
0.760	97.200	39.600	180.000	316.800	0.760	164.820	77.050	49.580	291.450	0.760		
0.770	97.200	42.480	180.000	319.680	0.770	164.820	77.050	46.900	288.770	0.770		
0.780	99.360	42.480	180.000	321.840	0.780	164.820	74.370	46.900	286.090	0.780		
0.790	99.360	42.480	180.000	321.840	0.790	164.820	77.050	46.900	288.770	0.790		
0.800	97.200	42.480	180.000	319.680	0.800	167.500	77.050	49.580	294.130	0.800		
0.810	99.360	42.480	177.120	318.960	0.810	164.820	77.050	46.900	288.770	0.810		
0.820	97.200	39.600	177.120	313.920	0.820	164.820	74.370	49.580	288.770	0.820		
0.830	97.200	42.480	177.120	316.800	0.830	164.820	74.370	49.580	288.770	0.830		
0.840	99.360	39.600	174.960	313.920	0.840	164.820	74.370	49.580	288.770	0.840		
0.850	99.360	39.600	172.080	311.040	0.850	164.820	74.370	49.580	288.770	0.850		
0.860	99.360	39.600	172.080	311.040	0.860	164.820	74.370	49.580	288.770	0.860		
0.870	102.120	39.330	172.500	313.950	0.870	164.820	74.370	49.580	288.770	0.870		
0.880	102.120	39.330	169.740	311.190	0.880	164.820	74.370	52.260	291.450	0.880		
0.890	99.360	39.330	169.740	308.430	0.890	164.820	74.370	49.580	288.770	0.890		
0.900	102.120	39.330	166.980	308.430	0.900	164.820	74.370	49.580	288.770	0.900		
0.910	102.120	39.330	166.980	308.430	0.910	167.500	74.370	49.580	291.450	0.910		
0.920	99.360	39.330	166.980	305.670	0.920	167.500	74.370	49.580	291.450	0.920		
0.930	102.120	42.090	164.910	309.120	0.930	167.500	74.370	52.260	294.130	0.930		
0.940	102.120	42.090	164.910	309.120	0.940	167.500	74.370	49.580	291.450	0.940		
0.950	102.120	42.090	164.910	309.120	0.950	167.500	74.370	49.580	291.450	0.950		
0.960	102.120	42.090	164.910	309.120	0.960	167.500	74.370	52.260	294.130	0.960		
0.970	102.120	42.090	164.910	309.120	0.970	167.500	74.370	49.580	291.450	0.970		
0.980	102.120	42.090	164.910	309.120	0.980	164.820	74.370	49.580	288.770	0.980		
0.990	102.120	42.090	162.150	306.360	0.990	167.500	74.370	52.260	294.130	0.990		
1.000	104.880	42.090	162.150	309.120	1.000	164.820	77.050	52.260	294.130	1.000		
1.010	102.120	42.090	162.150	306.360	1.010	164.820	77.050	52.260	294.130	1.010		
1.020	102.400	42.240	160.000	304.640	1.020	164.820	77.050	52.260	294.130	1.020		
1.030	102.400	42.240	160.000	304.640	1.030	164.820	79.730	52.260	296.810	1.030		
1.040	102.400	42.240	160.000	304.640	1.040	164.820	79.730	52.260	296.810	1.040		
1.050	104.960	42.240	160.000	307.200	1.050	165.000	82.500	54.780	302.280	1.050		
1.060	102.400	42.240	157.440	302.080	1.060	162.360	82.500	54.780	299.640	1.060		
1.070	104.960	42.240	157.440	304.640	1.070	162.360	82.500	54.780	299.640	1.070		
1.080	104.960	42.240	154.880	302.080	1.080	162.360	82.500	54.780	299.640	1.080		
1.090	104.960	42.240	157.440	304.640	1.090	162.360	84.480	57.420	304.260	1.090		
1.100	104.960	44.800	154.880	304.640	1.100	159.720	84.480	57.420	301.620	1.100		
1.110	104.960	42.240	154.880	302.080	1.110	159.720	84.480	57.420	301.620	1.110		
1.120	104.960	44.800	154.880	304.640	1.120	157.080	84.480	57.420	298.980	1.120		
1.130	106.880	44.800	152.320	304.000	1.130	159.720	87.120	59.400	306.240	1.130		
1.140	106.880	44.800	152.320	304.000	1.140	159.720	87.120	59.400	306.240	1.140		
1.150	106.880	44.800	154.880	306.560	1.150	159.720	87.120	59.400	306.240	1.150		
1.160	106.880	44.800	152.320	304.000	1.160	157.080	87.120	59.400	303.600	1.160		
1.170	109.800	44.530	152.500	306.830	1.170	159.720	89.760	59.400	308.880	1.170		
1.180	109.800	44.530	149.450	303.780	1.180	157.080	87.120	62.040	306.240	1.180		
1.190	109.800	44.530	147.010	301.340	1.190	157.080	89.760	62.040	308.880	1.190		
1.200	109.800	42.090	147.010	298.900	1.200	157.500	86.940	62.370	306.810	1.200		
1.210	112.240	44.530	147.010	303.780	1.210	154.980	89.460	62.370	306.810	1.210		
1.220	109.800	44.530	144.570	298.900	1.220	154.980	86.940	62.370	304.290	1.220		
1.230	109.800	44.530	144.570	298.900	1.230	154.980	89.460	64.890	309.330	1.230		
1.240	109.800	44.530	144.570	298.900	1.240	157.500	86.940	64.890	309.330	1.240		
1.250	109.800	46.970	142.130	298.900	1.250	157.500	86.940	64.890	309.330	1.250		
1.260	109.800	46.970	142.130	298.900	1.260	157.500	89.460	64.890	311.850	1.260		
1.270	112.240	44.530	142.130	298.900	1.270	157.500	89.460	64.890	311.850	1.270		
1.280	112.240	46.970	139.690	298.900	1.280	157.500	89.460	64.890	311.850	1.280		
1.290	112.240	46.970	137.250	296.460	1.290	157.500	89.460	64.890	311.850	1.290		
1.300	112.240	44.530	139.690	296.460	1.300	157.500	89.460	67.410	314.370	1.300		
1.310	112.240	44.530	137.250	294.020	1.310	157.500	89.460	67.410	314.370	1.310		
1.320	114.950	44.550	137.500	297.000	1.320	157.500	91.980	67.410	316.890	1.320		
1.330	112.200	44.550	134.750	291.500	1.330	157.500	91.980	69.930	319.410	1.330		
1.340	114.950	47.300	134.750	297.000	1.340	157.500	91.980	67.410	316.890	1.340		
1.350	114.950	47.300	134.750	297.000	1.350	155.000	92.380	69.440	316.820	1.350		
1.360	114.950	47.300	132.000	294.250	1.360	155.000	92.380	69.440	316.820	1.360		
1.370	114.950	47.300	132.000	294.250	1.370	155.000	94.860	69.440	319.300	1.370		
1.380	114.950	47.300	129.800	292.050	1.380	151.900	94.860	69.440	316.200	1.380		
1.390	114.950	44.550	129.800	289.300	1.390	151.900	94.860	69.440	316.200	1.390		
1.400	114.950	44.550	129.800	289.300	1.400	149.420	94.860	69.440	313.720	1.400		
1.410	114.950	44.550	129.800	289.300	1.410	149.420	94.860	71.920	316.200	1.410		
1.420	117.150	44.550	127.050	288.750	1.420	146.940	94.860	74.400	316.200	1.420		
1.430	117.150	44.550	127.050	288.750	1.430	146.940	97.340	71.920	316.200	1.430		
1.440	117.150	47.300	127.050	291.500	1.440	144.460	97.340	74.400	316.200	1.440		
1.450	119.900	47.300	124.850	292.050	1.450	146.940	97.340	74.400	318.680	1.450		
1.460	119.900	47.300	124.850	292.050	1.460	144.460	99.820	77.500	321.780	1.460		
1.470	122.040	46.980	122.040	291.060	1.470	141.980	97.340	74.400	313.720	1.470		
1.480	122.040	49.680	122.040	293.760	1.480	141.980	99.820	77.500	319.300	1.480		
1.490	122.040	46.980	119.880	288.900	1.490	139.500	99.820	77.500	316.820	1.490		
1.500	124.740	46.980	119.880	291.600	1.500	137.500	99.550	79.750	316.800	1.500		
1.510	127.440	49.680	117.180	294.300	1.510	137.500	102.300	79.750	319.550	1.510		
1.520	127.440	49.680	117.180	294.300	1.520	134.750	102.300	82.500	319.550	1.520		
1.530	127.440	49.680	117.180	294.300	1.530	132.000	102.300	82.500	316.800	1.530		
1.540	127.440	49.680	114.480	291.600	1.540	129.800	102.300	84.700	316.800	1.540		
1.550	129.600	49.680	114.480	293.760	1.550	129.800	102.300	84.700	316.800	1.550		
1.560	129.600	49.680	114.480	293.760	1.560	127.050	104.500	87.450	319.000	1.560		
1.570	132.300	49.680	112.320	294.300	1.570	127.050	104.500	87.450	319.000	1.570		
1.580	132.300	49.680	112.320	294.300	1.580	124.850	104.500	87.450	316.800	1.580		
1.590	132.300	52.380	109.620	294.300	1.590	122.100	104.500	89.650	316.250	1.590		
1.600	132.300	52.380	109.620	294.300	1.600	122.100	104.500	92.400	319.000	1.600		
1.610	135.000	52.380	109.620	297.000	1.610	122.100	104.500	92.400	319.000	1.610		
1.620	134.520	49.590	107.160	291.270	1.620	122.100	104.500	89.650	316.250	1.620		
1.630	134.520	52.440	107.160	294.120	1.630	122.100	104.500	89.650	316.250	1.630		
1.640	134.520	52.440	107.160	294.120	1.640	119.900	104.500	89.650	314.050	1.640		
1.650	137.370	52.440	107.160	296.970	1.650	120.000	104.640	92.160	316.800	1.650		
1.660	137.370	52.440	107.160	296.970	1.660	120.000	104.640	89.760	314.400	1.660		
1.670	137.370	52.440	104.880	294.690	1.670	120.000	104.640	92.160	316.800	1.670		
1.680	139.650	52.440	104.880	296.970	1.680	120.000	104.640	92.160	316.800	1.680		
1.690	137.370	52.440	104.880	294.690	1.690	120.000	104.640	92.160	316.800	1.690		
1.700	137.370	54.720	104.880	296.970	1.700	120.000	102.240	92.160	314.400	1.700		
1.710	139.650	52.440	104.880	296.970	1.710	120.000	102.240	92.160	314.400	1.710		
1.720	139.650	52.440	104.880	296.970	1.720	120.000	102.240	92.160	314.400	1.720		
1.730	139.650	54.720	104.880	299.250	1.730	120.000	102.240	92.160	314.400	1.730		
1.740	139.650	54.720	107.160	301.530	1.740	120.000	102.240	92.160	314.400	1.740		
1.750	139.650	54.720	104.880	299.250	1.750	120.000	102.240	94.560	316.800	1.750		
1.760	142.500	54.720	102.030	299.250	1.760	120.000	102.240	94.560	316.800	1.760		
1.770	142.100	54.520	102.080	298.700	1.770	120.000	99.840	97.440	317.280	1.770		
1.780	142.100	54.520	102.080	298.700	1.780	120.000	102.240	97.440	319.680	1.780		
1.790	142.100	54.520	102.080	298.700	1.790	117.120	102.240	97.440	316.800	1.790		
1.800	142.100	54.520	99.760	296.380	1.800	117.500	102.460	97.290	317.250	1.800		
1.810	142.100	54.520	99.760	296.380	1.810	117.500	102.460	99.640	319.600	1.810		
1.820	142.100	54.520	99.760	296.380	1.820	114.680	102.460	99.640	316.780	1.820		
1.830	142.100	52.200	99.760	294.060	1.830	114.680	102.460	99.640	316.780	1.830		
1.840	142.100	54.520	97.440	294.060	1.840	114.680	102.460	102.460	319.600	1.840		
1.850	142.100	52.200	99.760	294.060	1.850	114.680	102.460	102.460	319.600	1.850		
1.860	142.100	52.200	97.440	291.740	1.860	114.680	104.810	104.810	324.300	1.860		
1.870	142.100	52.200	94.540	288.840	1.870	112.330	102.460	102.460	317.250	1.870		
1.880	142.100	54.520	97.440	294.060	1.880	112.330	102.460	104.810	319.600	1.880		
1.890	139.780	52.200	94.540	286.520	1.890	112.330	102.460	104.810	319.600	1.890		
1.900	142.100	52.200	94.540	288.840	1.900	109.980	104.810	107.160	321.950	1.900		
1.910	145.000	52.200	94.540	291.740	1.910	109.980	104.810	107.160	321.950	1.910		
1.920	144.600	52.200	92.400	289.200	1.920	109.980	102.460	107.160	319.600	1.920		
1.930	144.600	54.600	92.400	291.600	1.930	107.160	104.810	109.980	321.950	1.930		
1.940	144.600	52.200	90.000	286.800	1.940	107.160	102.460	112.330	321.950	1.940		
1.950	144.600	52.200	90.000	286.800	1.950	104.640	102.240	112.320	319.200	1.950		
1.960	147.000	52.200	90.000	289.200	1.960	104.640	104.640	112.320	321.600	1.960		
1.970	147.000	52.200	87.000	286.200	1.970	104.640	102.240	114.720	321.600	1.970		
1.980	147.000	49.800	87.000	283.800	1.980	104.640	102.240	114.720	321.600	1.980		
1.990	147.000	52.200	87.000	286.200	1.990	104.640	102.240	114.720	321.600	1.990		
2.000	150.000	52.200	87.000	289.200	2.000	102.240	102.240	114.720	319.200	2.000		
2.010	147.000	52.200	87.000	286.200	2.010	102.240	102.240	117.120	321.600	2.010		
2.020	147.000	52.200	84.600	283.800	2.020	104.640	102.240	114.720	321.600	2.020		
2.030	150.000	54.600	87.000	291.600	2.030	104.640	102.240	117.120	324.000	2.030		
2.040	150.000	52.200	84.600	286.800	2.040	104.640	102.240	117.120	324.000	2.040		
2.050	150.000	54.600	87.000	291.600	2.050	104.640	102.240	117.120	324.000	2.050		
2.060	150.000	54.600	87.000	291.600	2.060	104.640	102.240	117.120	324.000	2.060		
2.070	149.450	54.900	84.790	289.140	2.070	104.640	99.840	117.120	321.600	2.070		
2.080	152.500	52.460	84.790	289.750	2.080	104.640	102.240	120.000	326.880	2.080		
2.090	149.450	54.900	84.790	289.140	2.090	104.640	102.240	117.120	324.000	2.090		
2.100	152.500	54.900	84.790	292.190	2.100	104.860	102.410	119.560	326.830	2.100		
2.110	152.500	54.900	84.790	292.190	2.110	104.860	102.410	119.560	326.830	2.110		
2.120	149.450	54.900	84.790	289.140	2.120	104.860	102.410	117.110	324.380	2.120		
2.130	149.450	54.900	84.790	289.140	2.130	107.310	102.410	119.560	329.280	2.130		
2.140	149.450	54.900	84.790	289.140	2.140	107.310	99.960	119.560	326.830	2.140		
2.150	149.450	52.460	84.790	286.700	2.150	109.760	102.410	119.560	331.730	2.150		
2.160	149.450	54.900	87.230	291.580	2.160	109.760	102.410	119.560	331.730	2.160		
2.170	147.010	54.900	87.230	289.140	2.170	112.210	102.410	117.110	331.730	2.170		
2.180	147.010	54.900	87.230	289.140	2.180	112.210	102.410	117.110	331.730	2.180		
2.190	147.010	52.460	87.230	286.700	2.190	114.660	102.410	117.110	334.180	2.190		
2.200	147.010	52.460	89.670	289.140	2.200	117.110	102.410	117.110	336.630	2.200		
2.210	144.570	52.460	89.670	286.700	2.210	119.560	102.410	117.110	339.080	2.210		
2.220	145.000	52.200	89.900	287.100	2.220	119.560	102.410	117.110	339.080	2.220		
2.230	145.000	52.200	92.220	289.420	2.230	119.560	102.410	114.660	336.630	2.230		
2.240	142.100	52.200	92.220	286.520	2.240	122.500	102.410	114.660	339.570	2.240		
2.250	142.100	52.200	92.220	286.520	2.250	119.780	102.290	117.130	339.200	2.250		
2.260	142.100	52.200	92.220	286.520	2.260	122.430	102.290	114.480	339.200	2.260		
2.270	139.780	52.200	92.220	284.200	2.270	122.430	102.290	114.480	339.200	2.270		
2.280	139.780	49.880	92.220	281.880	2.280	122.430	102.290	114.480	339.200	2.280		
2.290	139.780	49.880	92.220	281.880	2.290	122.430	102.290	114.480	339.200	2.290		
2.300	139.780	52.200	94.540	286.520	2.300	122.430	102.290	112.360	337.080	2.300		
2.310	137.460	52.200	94.540	284.200	2.310	122.430	99.640	114.480	336.550	2.310		
2.320	137.460	52.200	94.540	284.200	2.320	124.550	99.640	109.710	333.900	2.320		
2.330	137.460	52.200	94.540	284.200	2.330	124.550	99.640	109.710	333.900	2.330		
2.340	137.460	52.200	97.440	287.100	2.340	127.200	99.640	107.060	333.900	2.340		
2.350	139.780	49.880	97.440	287.100	2.350	127.200	99.640	109.710	336.550	2.350		
2.360	137.460	52.200	97.440	287.100	2.360	127.200	99.640	107.060	333.900	2.360		
2.370	135.000	52.380	99.900	287.280	2.370	129.850	96.990	107.060	333.900	2.370		
2.380	135.000	49.680	99.900	284.580	2.380	129.850	96.990	107.060	333.900	2.380		
2.390	135.000	52.380	102.060	289.440	2.390	132.500	96.990	104.940	334.430	2.390		
2.400	132.300	52.380	102.060	286.740	2.400	132.480	97.280	102.400	332.160	2.400		
2.410	132.300	52.380	104.760	289.440	2.410	134.400	94.720	104.960	334.080	2.410		
2.420	132.300	52.380	104.760	289.440	2.420	136.960	94.720	99.840	331.520	2.420		
2.430	129.600	52.380	107.460	289.440	2.430	136.960	94.720	99.840	331.520	2.430		
2.440	129.600	49.680	107.460	286.740	2.440	139.520	92.160	97.280	328.960	2.440		
2.450	127.440	52.380	107.460	287.280	2.450	139.520	92.160	97.280	328.960	2.450		
2.460	127.440	49.680	109.620	286.740	2.460	144.640	89.600	97.280	331.520	2.460		
2.470	124.740	49.680	112.320	286.740	2.470	144.640	89.600	94.720	328.960	2.470		
2.480	124.740	49.680	112.320	286.740	2.480	147.200	89.600	94.720	331.520	2.480		
2.490	124.740	49.680	114.480	288.900	2.490	149.760	89.600	89.600	328.960	2.490		
2.500	122.040	49.680	114.480	286.200	2.500	152.320	87.040	89.600	328.960	2.500		
2.510	122.040	49.680	117.180	288.900	2.510	154.880	87.040	89.600	331.520	2.510		
2.520	119.600	49.920	119.600	289.120	2.520	157.440	87.040	87.040	331.520	2.520		
2.530	122.200	49.920	119.600	291.720	2.530	157.440	84.480	87.040	328.960	2.530		
2.540	119.600	49.920	119.600	289.120	2.540	160.000	84.480	89.600	334.080	2.540		
2.550	119.600	49.920	119.600	289.120	2.550	159.800	85.000	87.040	331.840	2.550		
2.560	119.600	49.920	122.200	291.720	2.560	159.800	85.000	85.000	329.800	2.560		
2.570	119.600	52.000	122.200	293.800	2.570	159.800	82.280	82.280	324.360	2.570		
2.580	119.600	52.000	122.200	293.800	2.580	161.840	82.280	85.000	329.120	2.580		
2.590	119.600	49.920	124.800	294.320	2.590	161.840	82.280	85.000	329.120	2.590		
2.600	119.600	49.920	124.800	294.320	2.600	161.840	79.560	82.280	323.680	2.600		
2.610	117.000	52.000	124.800	293.800	2.610	164.560	79.560	82.280	326.400	2.610		
2.620	119.600	52.000	124.800	296.400	2.620	164.560	79.560	79.560	323.680	2.620		
2.630	119.600	52.000	127.400	299.000	2.630	164.560	76.840	79.560	320.960	2.630		
2.640	122.200	52.000	127.400	301.600	2.640	167.280	76.840	79.560	323.680	2.640		
2.650	119.600	52.000	127.400	299.000	2.650	167.280	76.840	76.840	320.960	2.650		
2.660	119.600	52.000	130.000	301.600	2.660	167.280	74.800	76.840	318.920	2.660		
2.670	119.900	52.250	129.800	301.950	2.670	167.280	74.800	76.840	318.920	2.670		
2.680	119.900	52.250	129.800	301.950	2.680	167.280	74.800	74.800	316.880	2.680		
2.690	119.900	52.250	132.000	304.150	2.690	170.000	74.800	76.840	321.640	2.690		
2.700	119.900	52.250	132.000	304.150	2.700	166.850	72.420	74.550	313.820	2.700		
2.710	117.150	52.250	134.750	304.150	2.710	169.690	72.420	74.550	316.660	2.710		
2.720	117.150	49.500	134.750	301.400	2.720	169.690	72.420	72.420	314.530	2.720		
2.730	117.150	52.250	134.750	304.150	2.730	169.690	72.420	72.420	314.530	2.730		
2.740	117.150	52.250	137.500	306.900	2.740	169.690	69.580	72.420	311.690	2.740		
2.750	114.950	52.250	137.500	304.700	2.750	171.820	69.580	69.580	310.980	2.750		
2.760	114.950	52.250	137.500	304.700	2.760	171.820	67.450	67.450	306.720	2.760		
2.770	114.950	52.250	137.500	304.700	2.770	171.820	67.450	67.450	306.720	2.770		
2.780	114.950	49.500	137.500	301.950	2.780	174.660	67.450	67.450	309.560	2.780		
2.790	114.950	52.250	137.500	304.700	2.790	174.660	64.610	67.450	306.720	2.790		
2.800	114.950	52.250	137.500	304.700	2.800	174.660	64.610	64.610	303.880	2.800		
2.810	114.950	52.250	137.500	304.700	2.810	174.660	64.610	64.610	303.880	2.810		
2.820	114.800	52.080	140.000	306.880	2.820	177.500	64.610	64.610	306.720	2.820		
2.830	114.800	52.080	137.200	304.080	2.830	177.500	67.450	67.450	312.400	2.830		
2.840	114.800	52.080	140.000	306.880	2.840	177.500	67.450	67.450	312.400	2.840		
2.850	114.800	54.880	137.200	306.880	2.850	175.000	70.000	70.000	315.000	2.850		
2.860	114.800	52.080	137.200	304.080	2.860	172.200	70.000	67.200	309.400	2.860		
2.870	114.800	52.080	137.200	304.080	2.870	172.200	70.000	70.000	312.200	2.870		
2.880	114.800	52.080	137.200	304.080	2.880	172.200	70.000	70.000	312.200	2.880		
2.890	114.800	54.880	137.200	306.880	2.890	172.200	72.100	72.100	316.400	2.890		
2.900	114.800	52.080	137.200	304.080	2.900	172.200	72.100	70.000	314.300	2.900		
2.910	114.800	52.080	137.200	304.080	2.910	172.200	70.000	70.000	312.200	2.910		
2.920	114.800	52.080	134.960	301.840	2.920	175.000	72.100	70.000	317.100	2.920		
2.930	114.800	52.080	137.200	304.080	2.930	175.000	72.100	72.100	319.200	2.930		
2.940	114.800	52.080	134.960	301.840	2.940	175.000	72.100	72.100	319.200	2.940		
2.950	114.800	52.080	134.960	301.840	2.950	175.000	72.100	72.100	319.200	2.950		
2.960	114.800	52.080	132.160	299.040	2.960	172.200	74.900	72.100	319.200	2.960		
2.970	114.480	52.470	132.500	299.450	2.970	172.200	77.000	77.000	326.200	2.970		
2.980	114.480	52.470	129.850	296.800	2.980	167.300	77.000	79.800	324.100	2.980		
2.990	114.480	52.470	129.850	296.800	2.990	164.500	77.000	79.800	321.300	2.990		
3.000	114.480	52.470	127.200	294.150	3.000	162.500	79.950	81.900	324.350	3.000		
3.010	114.480	52.470	127.200	294.150	3.010	159.900	77.350	79.950	317.200	3.010		
3.020	117.130	52.470	127.200	296.800	3.020	159.900	79.950	81.900	321.750	3.020		
3.030	117.130	52.470	127.200	296.800	3.030	157.300	79.950	81.900	319.150	3.030		
3.040	117.130	52.470	127.200	296.800	3.040	157.300	79.950	84.500	321.750	3.040		
3.050	117.130	52.470	124.550	294.150	3.050	154.700	79.950	84.500	319.150	3.050		
3.060	117.130	52.470	124.550	294.150	3.060	154.700	79.950	84.500	319.150	3.060		
3.070	117.130	52.470	124.550	294.150	3.070	154.700	77.350	84.500	316.550	3.070		
3.080	119.780	52.470	124.550	296.800	3.080	154.700	77.350	84.500	316.550	3.080		
3.090	119.780	52.470	127.200	299.450	3.090	154.700	77.350	81.900	313.950	3.090		
3.100	119.780	54.590	124.550	298.920	3.100	154.700	77.350	87.100	319.150	3.100		
3.110	119.780	54.590	124.550	298.920	3.110	152.100	74.750	84.500	311.350	3.110		
3.120	119.600	54.600	124.800	299.000	3.120	152.100	74.750	84.500	311.350	3.120		
3.130	119.600	57.200	127.400	304.200	3.130	152.100	74.750	87.100	313.950	3.130		
3.140	119.600	54.600	127.400	301.600	3.140	152.100	74.750	87.100	313.950	3.140		
3.150	122.200	54.600	127.400	304.200	3.150	152.500	71.980	87.230	311.710	3.150		
3.160	122.200	54.600	127.400	304.200	3.160	152.500	71.980	87.230	311.710	3.160		
3.170	119.600	54.600	130.000	304.200	3.170	152.500	74.420	89.670	316.590	3.170		
3.180	122.200	54.600	127.400	304.200	3.180	152.500	74.420	87.230	314.150	3.180		
3.190	122.200	54.600	130.000	306.800	3.190	152.500	74.420	89.670	316.590	3.190		
3.200	119.600	57.200	127.400	304.200	3.200	152.500	74.420	89.670	316.590	3.200		
3.210	119.600	54.600	130.000	304.200	3.210	149.450	74.420	89.670	313.540	3.210		
3.220	119.600	54.600	127.400	301.600	3.220	152.500	74.420	92.110	319.030	3.220		
3.230	119.600	54.600	127.400	301.600	3.230	149.450	71.980	92.110	313.540	3.230		
3.240	122.200	54.600	127.400	304.200	3.240	149.450	74.420	92.110	315.980	3.240		
3.250	122.200	54.600	127.400	304.200	3.250	149.450	71.980	94.550	315.980	3.250		
3.260	122.200	54.600	127.400	304.200	3.260	149.450	71.980	94.550	315.980	3.260		
3.270	119.600	54.600	127.400	301.600	3.270	149.450	71.980	94.550	315.980	3.270		
3.280	122.200	54.600	127.400	304.200	3.280	149.450	71.980	94.550	315.980	3.280		
3.290	122.200	54.600	127.400	304.200	3.290	149.450	71.980	94.550	315.980	3.290		
3.300	119.600	54.600	127.400	301.600	3.300	150.000	72.000	94.800	316.800	3.300		
3.310	119.600	54.600	127.400	301.600	3.310	150.000	72.000	94.800	316.800	3.310		
3.320	122.200	52.000	127.400	301.600	3.320	150.000	72.000	97.200	319.200	3.320		
3.330	119.600	52.000	127.400	299.000	3.330	147.000	69.600	97.200	313.800	3.330		
3.340	119.600	54.600	127.400	301.600	3.340	147.000	69.600	97.200	313.800	3.340		
3.350	119.600	52.000	127.400	299.000	3.350	150.000	69.600	97.200	316.800	3.350		
3.360	122.200	54.600	127.400	304.200	3.360	147.000	69.600	99.600	316.200	3.360		
3.370	122.200	54.600	127.400	304.200	3.370	150.000	69.600	99.600	319.200	3.370		
3.380	122.200	54.600	127.400	304.200	3.380	147.000	67.200	99.600	313.800	3.380		
3.390	122.200	54.600	127.400	304.200	3.390	147.000	64.800	99.600	311.400	3.390		
3.400	122.200	54.600	127.400	304.200	3.400	150.000	64.800	99.600	314.400	3.400		
3.410	124.800	57.200	130.000	312.000	3.410	150.000	67.200	99.600	316.800	3.410		
3.420	124.950	57.120	127.500	309.570	3.420	150.000	64.800	99.600	314.400	3.420		
3.430	124.950	57.120	127.500	309.570	3.430	150.000	64.800	99.600	314.400	3.430		
3.440	124.950	57.120	127.500	309.570	3.440	150.000	62.400	102.000	314.400	3.440		
3.450	124.950	57.120	127.500	309.570	3.450	147.000	62.400	102.000	311.400	3.450		
3.460	124.950	57.120	127.500	309.570	3.460	147.000	62.400	102.000	311.400	3.460		
3.470	124.950	57.120	127.500	309.570	3.470	147.000	62.400	102.000	311.400	3.470		
3.480	127.500	57.120	127.500	312.120	3.480	150.000	62.400	102.000	314.400	3.480		
3.490	127.500	57.120	127.500	312.120	3.490	150.000	62.400	102.000	314.400	3.490		
3.500	127.500	57.120	124.950	309.570	3.500	150.000	60.000	102.000	312.000	3.500		
3.510	127.500	57.120	127.500	312.120	3.510	150.000	62.400	102.000	314.400	3.510		
3.520	124.950	57.120	127.500	309.570	3.520	150.000	62.400	102.000	314.400	3.520		
3.530	124.950	54.570	124.950	304.470	3.530	147.000	62.400	105.000	314.400	3.530		
3.540	127.500	54.570	124.950	307.020	3.540	150.000	62.400	102.000	314.400	3.540		
3.550	124.950	54.570	124.950	304.470	3.550	150.000	62.400	102.000	314.400	3.550		
3.560	124.950	57.120	124.950	307.020	3.560	150.000	62.400	102.000	314.400	3.560		
3.570	124.950	54.570	124.950	304.470	3.570	150.000	62.400	102.000	314.400	3.570		
3.580	127.500	54.570	124.950	307.020	3.580	150.000	62.400	105.000	317.400	3.580		
3.590	127.500	54.570	124.950	307.020	3.590	150.000	62.400	102.000	314.400	3.590		
3.600	124.950	54.570	124.950	304.470	3.600	149.420	62.000	102.300	313.720	3.600		
3.610	124.950	54.570	124.950	304.470	3.610	149.420	64.480	104.780	318.680	3.610		
3.620	124.950	54.570	124.950	304.470	3.620	151.900	64.480	104.780	321.160	3.620		
3.630	124.950	52.020	124.950	301.920	3.630	149.420	64.480	102.300	316.200	3.630		
3.640	124.950	54.570	124.950	304.470	3.640	151.900	64.480	102.300	318.680	3.640		
3.650	122.400	54.570	124.950	301.920	3.650	151.900	64.480	102.300	318.680	3.650		
3.660	124.950	54.570	124.950	304.470	3.660	151.900	64.480	102.300	318.680	3.660		
3.670	124.950	54.570	127.500	307.020	3.670	151.900	66.960	102.300	321.160	3.670		
3.680	124.950	54.570	127.500	307.020	3.680	151.900	64.480	102.300	318.680	3.680		
3.690	122.400	54.570	127.500	304.470	3.690	151.900	66.960	99.820	318.680	3.690		
3.700	122.400	54.570	127.500	304.470	3.700	155.000	66.960	99.820	321.780	3.700		
3.710	122.400	54.570	127.500	304.470	3.710	155.000	66.960	99.820	321.780	3.710		
3.720	122.200	54.600	127.400	304.200	3.720	155.000	66.960	99.820	321.780	3.720		
3.730	122.200	54.600	127.400	304.200	3.730	155.000	66.960	97.340	319.300	3.730		
3.740	122.200	54.600	127.400	304.200	3.740	155.000	66.960	97.340	319.300	3.740		
3.750	122.200	54.600	127.400	304.200	3.750	154.440	64.680	97.020	316.140	3.750		
3.760	122.200	54.600	127.400	304.200	3.760	154.440	67.320	99.660	321.420	3.760		
3.770	119.600	54.600	127.400	301.600	3.770	154.440	67.320	97.020	318.780	3.770		
3.780	122.200	54.600	127.400	304.200	3.780	157.080	67.320	97.020	321.420	3.780		
3.790	122.200	54.600	127.400	304.200	3.790	157.080	67.320	97.020	321.420	3.790		
3.800	122.200	52.000	127.400	301.600	3.800	157.080	67.320	97.020	321.420	3.800		
3.810	119.600	52.000	127.400	299.000	3.810	157.080	64.680	94.380	316.140	3.810		
3.820	119.600	52.000	127.400	299.000	3.820	159.720	64.680	94.380	318.780	3.820		
3.830	122.200	52.000	130.000	304.200	3.830	159.720	64.680	94.380	318.780	3.830		
3.840	119.600	52.000	130.000	301.600	3.840	159.720	64.680	94.380	318.780	3.840		
3.850	119.600	52.000	130.000	301.600	3.850	162.360	64.680	94.380	321.420	3.850		
3.860	119.600	52.000	127.400	299.000	3.860	162.360	64.680	92.400	319.440	3.860		
3.870	119.780	52.470	129.850	302.100	3.870	162.360	64.680	92.400	319.440	3.870		
3.880	119.780	52.470	129.850	302.100	3.880	165.000	64.680	92.400	322.080	3.880		
3.890	119.780	52.470	129.850	302.100	3.890	165.000	67.320	89.760	322.080	3.890		
3.900	117.130	49.820	127.200	294.150	3.900	164.910	64.860	89.700	319.470	3.900		
3.910	114.480	52.470	129.850	296.800	3.910	166.980	66.930	92.460	326.370	3.910		
3.920	114.480	49.820	129.850	294.150	3.920	166.980	64.860	89.700	321.540	3.920		
3.930	114.480	49.820	129.850	294.150	3.930	166.980	64.860	89.700	321.540	3.930		
3.940	112.360	49.820	132.500	294.680	3.940	169.740	64.860	89.700	324.300	3.940		
3.950	112.360	49.820	132.500	294.680	3.950	169.740	66.930	89.700	326.370	3.950		
3.960	112.360	49.820	132.500	294.680	3.960	169.740	66.930	89.700	326.370	3.960		
3.970	112.360	49.820	132.500	294.680	3.970	169.740	66.930	89.700	326.370	3.970		
3.980	112.360	49.820	132.500	294.680	3.980	169.740	66.930	89.700	326.370	3.980		
3.990	109.710	49.820	132.500	292.030	3.990	169.740	66.930	89.700	326.370	3.990		
4.000	109.710	49.820	132.500	292.030	4.000	169.740	69.690	89.700	329.130	4.000		
4.010	109.710	49.820	132.500	292.030	4.010	169.740	66.930	89.700	326.370	4.010		
4.020	109.620	49.680	132.300	291.600	4.020	172.500	69.690	89.700	331.890	4.020		
4.030	109.620	49.680	132.300	291.600	4.030	169.740	69.690	89.700	329.130	4.030		
4.040	107.460	49.680	132.300	289.440	4.040	169.740	69.690	89.700	329.130	4.040		
4.050	109.620	49.680	132.300	291.600	4.050	170.000	69.360	89.760	329.120	4.050		
4.060	109.620	46.980	135.000	291.600	4.060	170.000	72.080	89.760	331.840	4.060		
4.070	109.620	46.980	132.300	288.900	4.070	167.280	69.360	89.760	326.400	4.070		
4.080	109.620	49.680	132.300	291.600	4.080	170.000	69.360	89.760	329.120	4.080		
4.090	109.620	49.680	132.300	291.600	4.090	170.000	69.360	89.760	329.120	4.090		
4.100	109.620	49.680	132.300	291.600	4.100	170.000	69.360	89.760	329.120	4.100		
4.110	109.620	49.680	132.300	291.600	4.110	167.280	72.080	89.760	329.120	4.110		
4.120	109.620	49.680	129.600	288.900	4.120	167.280	69.360	89.760	326.400	4.120		
4.130	112.320	49.680	129.600	291.600	4.130	167.280	72.080	92.480	331.840	4.130		
4.140	112.320	49.680	129.600	291.600	4.140	167.280	72.080	92.480	331.840	4.140		
4.150	114.480	49.680	129.600	293.760	4.150	167.280	72.080	92.480	331.840	4.150		
4.160	112.320	49.680	129.600	291.600	4.160	167.280	69.360	92.480	329.120	4.160		
4.170	112.200	49.980	127.500	289.680	4.170	167.280	72.080	92.480	331.840	4.170		
4.180	114.750	49.980	127.500	292.230	4.180	167.280	72.080	92.480	331.840	4.180		
4.190	114.750	52.020	127.500	294.270	4.190	167.280	72.080	92.480	331.840	4.190		
4.200	114.750	49.980	127.500	292.230	4.200	167.500	72.360	94.470	334.330	4.200		
4.210	114.750	49.980	124.950	289.680	4.210	167.500	72.360	94.470	334.330	4.210		
4.220	117.300	49.980	124.950	292.230	4.220	164.820	72.360	94.470	331.650	4.220		
4.230	117.300	49.980	122.400	289.680	4.230	164.820	74.370	97.150	336.340	4.230		
4.240	117.300	49.980	122.400	289.680	4.240	164.820	74.370	94.470	333.660	4.240		
4.250	117.300	49.980	122.400	289.680	4.250	162.140	74.370	94.470	330.980	4.250		
4.260	117.300	52.020	119.850	289.170	4.260	159.460	74.370	97.150	330.980	4.260		
4.270	117.300	52.020	119.850	289.170	4.270	159.460	74.370	97.150	330.980	4.270		
4.280	117.300	49.980	119.850	287.130	4.280	159.460	74.370	99.830	333.660	4.280		
4.290	117.300	52.020	117.300	286.620	4.290	157.450	77.050	99.830	334.330	4.290		
4.300	119.850	52.020	117.300	289.170	4.300	154.770	77.050	99.830	331.650	4.300		
4.310	119.850	52.020	117.300	289.170	4.310	154.770	77.050	99.830	331.650	4.310		
4.320	122.500	52.500	117.500	292.500	4.320	154.770	77.050	101.840	333.660	4.320		
4.330	122.500	52.500	117.500	292.500	4.330	154.770	77.050	101.840	333.660	4.330		
4.340	122.500	52.500	117.500	292.500	4.340	152.090	74.370	99.830	326.290	4.340		
4.350	122.500	52.500	117.500	292.500	4.350	151.900	77.500	99.820	329.220	4.350		
4.360	122.500	52.500	117.500	292.500	4.360	155.000	77.500	102.300	334.800	4.360		
4.370	122.500	52.500	117.500	292.500	4.370	151.900	77.500	102.300	331.700	4.370		
4.380	122.500	52.500	117.500	292.500	4.380	151.900	77.500	102.300	331.700	4.380		
4.390	122.500	52.500	117.500	292.500	4.390	151.900	77.500	102.300	331.700	4.390		
4.400	122.500	52.500	117.500	292.500	4.400	151.900	74.400	102.300	328.600	4.400		
4.410	122.500	55.000	117.500	295.000	4.410	155.000	77.500	102.300	334.800	4.410		
4.420	122.500	52.500	117.500	292.500	4.420	155.000	77.500	99.820	332.320	4.420		
4.430	122.500	52.500	117.500	292.500	4.430	155.000	74.400	102.300	331.700	4.430		
4.440	122.500	55.000	117.500	295.000	4.440	151.900	74.400	99.820	326.120	4.440		
4.450	125.000	52.500	120.000	297.500	4.450	155.000	74.400	102.300	331.700	4.450		
4.460	122.500	55.000	117.500	295.000	4.460	155.000	74.400	102.300	331.700	4.460		
4.470	122.500	55.000	117.500	295.000	4.470	151.900	74.400	102.300	328.600	4.470		
4.480	125.000	55.000	117.500	297.500	4.480	155.000	74.400	99.820	329.220	4.480		
4.490	122.500	55.000	117.500	295.000	4.490	151.900	74.400	102.300	328.600	4.490		
4.500	125.000	55.000	117.500	297.500	4.500	152.320	74.880	102.400	329.600	4.500		
4.510	122.500	55.000	117.500	295.000	4.510	152.320	72.320	102.400	327.040	4.510		
4.520	125.000	52.500	117.500	295.000	4.520	152.320	72.320	102.400	327.040	4.520		
4.530	122.500	55.000	120.000	297.500	4.530	152.320	72.320	102.400	327.040	4.530		
4.540	122.500	55.000	120.000	297.500	4.540	152.320	72.320	99.840	324.480	4.540		
4.550	122.500	55.000	120.000	297.500	4.550	152.320	72.320	99.840	324.480	4.550		
4.560	122.500	55.000	122.500	300.000	4.560	152.320	69.760	99.840	321.920	4.560		
4.570	122.500	55.000	122.500	300.000	4.570	152.320	69.760	97.280	319.360	4.570		
4.580	122.500	55.000	122.500	300.000	4.580	152.320	69.760	99.840	321.920	4.580		
4.590	122.500	55.000	122.500	300.000	4.590	154.880	69.760	99.840	324.480	4.590		
4.600	120.000	55.000	125.000	300.000	4.600	154.880	69.760	97.280	321.920	4.600		
4.610	122.500	55.000	125.000	302.500	4.610	154.880	67.200	97.280	319.360	4.610		
4.620	119.780	54.590	124.550	298.920	4.620	157.440	67.200	94.720	319.360	4.620		
4.630	119.780	54.590	127.200	301.570	4.630	160.000	67.200	97.280	324.480	4.630		
4.640	119.780	54.590	127.200	301.570	4.640	160.000	67.200	94.720	321.920	4.640		
4.650	117.130	54.590	129.850	301.570	4.650	159.460	67.000	94.470	320.930	4.650		
4.660	117.130	54.590	129.850	301.570	4.660	162.140	67.000	94.470	323.610	4.660		
4.670	117.130	54.590	129.850	301.570	4.670	162.140	67.000	94.470	323.610	4.670		
4.680	117.130	52.470	129.850	299.450	4.680	162.140	67.000	94.470	323.610	4.680		
4.690	117.130	54.590	129.850	301.570	4.690	162.140	67.000	94.470	323.610	4.690		
4.700	117.130	52.470	129.850	299.450	4.700	162.140	67.000	89.780	318.920	4.700		
4.710	117.130	54.590	129.850	301.570	4.710	164.820	64.990	92.460	322.270	4.710		
4.720	114.480	54.590	129.850	298.920	4.720	164.820	64.990	92.460	322.270	4.720		
4.730	117.130	52.470	132.500	302.100	4.730	164.820	64.990	89.780	319.590	4.730		
4.740	114.480	52.470	132.500	299.450	4.740	164.820	64.990	89.780	319.590	4.740		
4.750	114.480	52.470	132.500	299.450	4.750	167.500	64.990	89.780	322.270	4.750		
4.760	114.480	54.590	132.500	301.570	4.760	167.500	64.990	89.780	322.270	4.760		
4.770	114.480	54.540	132.300	301.320	4.770	167.500	64.990	87.100	319.590	4.770		
4.780	114.480	54.540	132.300	301.320	4.780	167.500	64.990	87.100	319.590	4.780		
4.790	114.480	52.380	132.300	299.160	4.790	167.500	62.310	87.100	316.910	4.790		
4.800	117.180	52.380	132.300	301.860	4.800	166.980	62.100	86.940	316.020	4.800		
4.810	114.480	54.540	132.300	301.320	4.810	166.980	62.100	86.940	316.020	4.810		
4.820	117.180	52.380	132.300	301.860	4.820	166.980	62.100	86.940	316.020	4.820		
4.830	117.180	52.380	135.000	304.560	4.830	166.980	62.100	86.940	316.020	4.830		
4.840	117.180	54.540	135.000	306.720	4.840	166.980	62.100	84.870	313.950	4.840		
4.850	114.480	54.540	135.000	304.020	4.850	169.740	62.100	84.870	316.710	4.850		
4.860	117.180	54.540	135.000	306.720	4.860	169.740	62.100	84.870	316.710	4.860		
4.870	117.180	54.540	135.000	306.720	4.870	169.740	62.100	86.940	318.780	4.870		
4.880	114.480	54.540	135.000	304.020	4.880	169.740	62.100	84.870	316.710	4.880		
4.890	117.180	54.540	135.000	306.720	4.890	169.740	62.100	84.870	316.710	4.890		
4.900	114.480	54.540	135.000	304.020	4.900	169.740	62.100	84.870	316.710	4.900		
4.910	117.180	54.540	135.000	306.720	4.910	169.740	62.100	84.870	316.710	4.910		
4.920	114.480	54.540	135.000	304.020	4.920	172.500	62.100	84.870	319.470	4.920		
4.930	114.480	52.380	135.000	301.860	4.930	169.740	62.100	84.870	316.710	4.930		
4.940	114.480	52.380	135.000	301.860	4.940	169.740	62.100	86.940	318.780	4.940		
4.950	114.480	52.380	135.000	301.860	4.950	170.000	61.880	87.040	318.920	4.950		
4.960	114.480	52.380	132.300	299.160	4.960	170.000	64.600	87.040	321.640	4.960		
4.970	114.480	52.380	132.300	299.160	4.970	170.000	64.600	87.040	321.640	4.970		
4.980	114.480	52.380	132.300	299.160	4.980	167.280	64.600	87.040	318.920	4.980		
4.990	114.480	52.380	132.300	299.160	4.990	167.280	64.600	87.040	318.920	4.990		
5.000	114.480	52.380	132.300	299.160	5.000	167.280	64.600	89.760	321.640	5.000		
5.010	114.480	52.380	132.300	299.160	5.010	167.280	67.320	89.760	324.360	5.010		
5.020	114.480	52.380	132.300	299.160	5.020	167.280	67.320	89.760	324.360	5.020		
5.030	117.180	52.380	132.300	301.860	5.030	164.560	67.320	89.760	321.640	5.030		
5.040	114.480	52.380	129.600	296.460	5.040	167.280	67.320	92.480	327.080	5.040		
5.050	114.480	54.540	129.600	298.620	5.050	164.560	67.320	92.480	324.360	5.050		
5.060	114.480	52.380	129.600	296.460	5.060	164.560	67.320	89.760	321.640	5.060		
5.070	114.920	52.000	127.400	294.320	5.070	164.560	67.320	92.480	324.360	5.070		
5.080	114.920	52.000	130.000	296.920	5.080	164.560	69.360	94.520	328.440	5.080		
5.090	114.920	52.000	130.000	296.920	5.090	164.560	67.320	92.480	324.360	5.090		
5.100	114.920	52.000	127.400	294.320	5.100	165.000	69.960	94.380	329.340	5.100		
5.110	117.000	52.000	127.400	296.400	5.110	165.000	69.960	94.380	329.340	5.110		
5.120	117.000	52.000	127.400	296.400	5.120	162.360	71.940	94.380	328.680	5.120		
5.130	117.000	52.000	127.400	296.400	5.130	162.360	69.960	97.020	329.340	5.130		
5.140	117.000	52.000	124.800	293.800	5.140	159.720	71.940	97.020	328.680	5.140		
5.150	117.000	49.920	124.800	291.720	5.150	159.720	71.940	97.020	328.680	5.150		
5.160	117.000	52.000	124.800	293.800	5.160	157.080	69.960	97.020	324.060	5.160		
5.170	117.000	52.000	124.800	293.800	5.170	159.720	71.940	97.020	328.680	5.170		
5.180	119.600	52.000	124.800	296.400	5.180	157.080	71.940	99.660	328.680	5.180		
5.190	119.600	52.000	124.800	296.400	5.190	157.080	71.940	99.660	328.680	5.190		
5.200	117.000	52.000	124.800	293.800	5.200	157.080	71.940	99.660	328.680	5.200		
5.210	117.000	52.000	122.200	291.200	5.210	157.080	74.580	99.660	331.320	5.210		
5.220	119.560	52.430	122.500	294.490	5.220	154.440	74.580	97.020	326.040	5.220		
5.230	119.560	52.430	122.500	294.490	5.230	154.440	71.940	97.020	323.400	5.230		
5.240	119.560	52.430	122.500	294.490	5.240	154.440	71.940	99.660	326.040	5.240		
5.250	119.560	52.430	122.500	294.490	5.250	154.980	74.970	99.540	329.490	5.250		
5.260	119.560	52.430	122.500	294.490	5.260	154.980	74.970	99.540	329.490	5.260		
5.270	117.110	52.430	122.500	292.040	5.270	154.980	74.970	99.540	329.490	5.270		
5.280	119.560	54.880	122.500	296.940	5.280	154.980	74.970	99.540	329.490	5.280		
5.290	119.560	52.430	122.500	294.490	5.290	154.980	74.970	99.540	329.490	5.290		
5.300	119.560	52.430	122.500	294.490	5.300	152.460	72.450	99.540	324.450	5.300		
5.310	119.560	54.880	122.500	296.940	5.310	154.980	74.970	99.540	329.490	5.310		
5.320	119.560	54.880	122.500	296.940	5.320	154.980	74.970	99.540	329.490	5.320		
5.330	119.560	54.880	119.560	294.000	5.330	154.980	74.970	102.060	332.010	5.330		
5.340	119.560	52.430	119.560	291.550	5.340	154.980	74.970	99.540	329.490	5.340		
5.350	119.560	54.880	122.500	296.940	5.350	154.980	74.970	99.540	329.490	5.350		
5.360	119.560	52.430	122.500	294.490	5.360	154.980	74.970	102.060	332.010	5.360		
5.370	122.200	52.000	122.200	296.400	5.370	157.500	74.970	99.540	332.010	5.370		
5.380	119.600	54.600	122.200	296.400	5.380	154.980	74.970	99.540	329.490	5.380		
5.390	119.600	52.000	122.200	293.800	5.390	154.980	74.970	99.540	329.490	5.390		
5.400	119.600	52.000	122.200	293.800	5.400	157.080	74.580	99.660	331.320	5.400		
5.410	119.600	52.000	122.200	293.800	5.410	157.080	74.580	99.660	331.320	5.410		
5.420	119.600	54.600	122.200	296.400	5.420	157.080	74.580	99.660	331.320	5.420		
5.430	119.600	52.000	122.200	293.800	5.430	157.080	71.940	99.660	328.680	5.430		
5.440	119.600	54.600	124.800	299.000	5.440	157.080	71.940	97.020	326.040	5.440		
5.450	117.000	52.000	122.200	291.200	5.450	157.080	71.940	97.020	326.040	5.450		
5.460	117.000	52.000	124.800	293.800	5.460	159.720	71.940	97.020	328.680	5.460		
5.470	117.000	52.000	124.800	293.800	5.470	159.720	71.940	97.020	328.680	5.470		
5.480	114.920	52.000	124.800	291.720	5.480	159.720	71.940	97.020	328.680	5.480		
5.490	114.920	52.000	127.400	294.320	5.490	159.720	71.940	94.380	326.040	5.490		
5.500	117.000	52.000	127.400	296.400	5.500	162.360	69.960	94.380	326.700	5.500		
5.510	117.000	52.000	130.000	299.000	5.510	162.360	69.960	94.380	326.700	5.510		
5.520	117.180	52.080	127.100	296.360	5.520	162.360	69.960	92.400	324.720	5.520		
5.530	117.180	54.560	129.580	301.320	5.530	165.000	67.320	92.400	324.720	5.530		
5.540	117.180	54.560	132.060	303.800	5.540	165.000	67.320	89.760	322.080	5.540		
5.550	117.180	57.040	134.540	308.760	5.550	165.000	64.680	89.760	319.440	5.550		
5.560	117.180	57.040	137.020	311.240	5.560	162.360	62.040	89.760	314.160	5.560		
5.570	119.660	57.040	139.500	316.200	5.570	162.360	59.400	87.120	308.880	5.570		
5.580	119.660	59.520	141.980	321.160	5.580	159.720	57.420	84.480	301.620	5.580		
5.590	122.140	62.000	144.460	328.600	5.590	157.080	54.780	84.480	296.340	5.590		
5.600	122.140	62.000	144.460	328.600	5.600	157.080	52.140	82.500	291.720	5.600		
5.610	124.620	64.480	146.940	336.040	5.610	157.080	49.500	82.500	289.080	5.610		
5.620	124.620	66.960	146.940	338.520	5.620	157.080	46.860	79.860	283.800	5.620		
5.630	127.100	66.960	146.940	341.000	5.630	154.440	46.860	79.860	281.160	5.630		
5.640	127.100	69.440	151.900	348.440	5.640	154.440	46.860	79.860	281.160	5.640		
5.650	129.580	71.920	155.000	356.500	5.650	152.460	44.880	77.220	274.560	5.650		
5.660	129.580	71.920	151.900	353.400	5.660	149.820	42.240	77.220	269.280	5.660		
5.670	129.580	71.920	155.000	356.500	5.670	149.820	39.600	74.580	264.000	5.670		
5.680	132.060	74.400	155.000	361.460	5.680	147.180	39.600	74.580	261.360	5.680		
5.690	132.060	74.400	155.000	361.460	5.690	147.180	36.960	71.940	256.080	5.690		
5.700	132.060	74.400	155.000	361.460	5.700	147.420	37.170	72.450	257.040	5.700		
5.710	132.060	74.400	155.000	361.460	5.710	147.420	34.650	69.930	252.000	5.710		
5.720	132.060	74.400	155.000	361.460	5.720	149.940	37.170	72.450	259.560	5.720		
5.730	132.060	74.400	155.000	361.460	5.730	149.940	37.170	74.970	262.080	5.730		
5.740	132.060	74.400	155.000	361.460	5.740	147.420	37.170	72.450	257.040	5.740		
5.750	132.060	74.400	155.000	361.460	5.750	149.940	37.170	74.970	262.080	5.750		
5.760	132.060	71.920	151.900	355.880	5.760	147.420	34.650	72.450	254.520	5.760		
5.770	132.060	71.920	151.900	355.880	5.770	149.940	37.170	74.970	262.080	5.770		
5.780	132.060	71.920	151.900	355.880	5.780	149.940	34.650	74.970	259.560	5.780		
5.790	129.580	71.920	151.900	353.400	5.790	149.940	34.650	74.970	259.560	5.790		
5.800	129.580	71.920	151.900	353.400	5.800	152.460	34.650	74.970	262.080	5.800		
5.810	129.580	69.440	151.900	350.920	5.810	154.980	34.650	74.970	264.600	5.810		
5.820	126.920	72.200	154.280	353.400	5.820	154.980	34.650	74.970	264.600	5.820		
5.830	126.920	69.920	154.280	351.120	5.830	154.980	34.650	74.970	264.600	5.830		
5.840	124.640	69.920	157.320	351.880	5.840	157.500	34.650	74.970	267.120	5.840		
5.850	122.360	69.920	159.600	351.880	5.850	157.080	32.340	71.940	261.360	5.850		
5.860	122.360	69.920	161.880	354.160	5.860	157.080	32.340	74.580	264.000	5.860		
5.870	117.040	72.200	167.200	356.440	5.870	157.080	34.980	71.940	264.000	5.870		
5.880	117.040	72.200	169.480	358.720	5.880	157.080	32.340	69.960	259.380	5.880		
5.890	112.480	72.200	174.800	359.480	5.890	157.080	29.700	69.960	256.740	5.890		
5.900	112.480	72.200	179.360	364.040	5.900	159.720	29.700	69.960	259.380	5.900		
5.910	109.440	74.480	182.400	366.320	5.910	159.720	27.060	64.680	251.460	5.910		
5.920	109.440	74.480	184.680	368.600	5.920	159.720	27.060	64.680	251.460	5.920		
5.930	107.160	74.480	186.960	368.600	5.930	159.720	24.420	62.040	246.180	5.930		
5.940	107.160	74.480	190.000	371.640	5.940	162.360	24.420	64.680	251.460	5.940		
5.950	107.160	74.480	190.000	371.640	5.950	162.360	24.420	62.040	248.820	5.950		
5.960	107.160	76.760	190.000	373.920	5.960	162.360	24.420	62.040	248.820	5.960		
5.970	109.520	74.740	185.000	369.260	5.970	162.360	22.440	62.040	246.840	5.970		
5.980	109.520	74.740	179.820	364.080	5.980	165.000	22.440	62.040	249.480	5.980		
5.990	112.480	74.740	176.860	364.080	5.990	165.000	22.440	62.040	249.480	5.990		
6.000	112.480	74.740	169.460	356.680	6.000	169.200	21.150	64.860	255.210	6.000		
6.010	114.700	74.740	162.060	351.500	6.010	172.020	21.150	66.270	259.440	6.010		
6.020	116.920	71.780	149.480	338.180	6.020	174.840	23.970	71.910	270.720	6.020		
6.030	119.880	71.780	136.900	328.560	6.030	181.890	23.970	74.730	280.590	6.030		
6.040	122.100	69.560	119.880	311.540	6.040	188.940	26.790	78.960	294.690	6.040		
6.050	122.100	64.380	102.120	288.600	6.050	201.630	29.610	84.600	315.840	6.050		
6.060	122.100	56.980	79.920	259.000	6.060	214.320	32.430	94.470	341.220	6.060		
6.070	119.880	49.580	59.940	229.400	6.070	227.010	36.660	101.520	365.190	6.070		
6.080	114.700	42.180	39.960	196.840	6.080	241.110	42.300	111.390	394.800	6.080		
6.090	102.120	31.820	27.380	161.320	6.090	259.440	46.530	126.900	432.870	6.090		
6.100	82.140	24.420	17.020	123.580	6.100	276.360	52.170	136.770	465.300	6.100		
6.110	59.940	19.980	11.840	91.760	6.110	294.690	56.400	152.280	503.370	6.110		
6.120	35.000	14.980	2.380	52.360	6.120	314.430	64.860	162.150	541.440	6.120		
6.130	14.980	9.940	2.380	27.300	6.130	334.170	69.090	174.840	578.100	6.130		
6.140	4.900	7.420	2.380	14.700	6.140	352.500	74.730	186.120	613.350	6.140		
6.150	0.000	4.900	2.380	7.280	6.150	369.720	79.000	202.240	650.960	6.150		
6.160	0.000	4.900	2.380	7.280	6.160	379.200	82.160	211.720	673.080	6.160		
6.170	0.000	7.420	2.380	9.800	6.170	388.680	83.740	219.620	692.040	6.170		
6.180	0.000	4.900	2.380	7.280	6.180	391.840	83.740	229.100	704.680	6.180		
6.190	0.000	4.900	4.900	9.800	6.190	395.000	83.740	237.000	715.740	6.190		
6.200	0.000	2.380	4.900	7.280	6.200	391.840	83.740	241.740	717.320	6.200		
6.210	0.000	4.900	2.380	7.280	6.210	387.100	83.740	249.640	720.480	6.210		
6.220	0.000	4.900	4.900	9.800	6.220	382.360	82.160	254.380	718.900	6.220		
6.230	0.000	2.380	4.900	7.280	6.230	374.460	79.000	255.960	709.420	6.230		
6.240	0.000	2.380	4.900	7.280	6.240	364.980	77.420	259.120	701.520	6.240		
6.250	0.000	2.380	4.900	7.280	6.250	353.920	74.260	263.860	692.040	6.250		
6.260	0.000	2.380	4.900	7.280	6.260	341.280	71.100	268.600	680.980	6.260		
6.270	0.000	2.490	4.980	7.470	6.270	328.640	66.360	271.760	666.760	6.270		
6.280	0.000	2.490	4.980	7.470	6.280	319.160	66.360	274.920	660.440	6.280		
6.290	0.000	2.490	7.500	9.990	6.290	304.940	61.620	276.500	643.060	6.290		
6.300	0.000	2.490	4.980	7.470	6.300	297.500	59.500	279.650	636.650	6.300		
6.310	0.000	2.490	7.500	9.990	6.310	286.790	59.500	279.650	625.940	6.310		
6.320	0.000	2.490	7.500	9.990	6.320	279.650	54.740	279.650	614.040	6.320		
6.330	0.000	2.490	7.500	9.990	6.330	271.320	54.740	279.650	605.710	6.330		
6.340	0.000	2.490	7.500	9.990	6.340	271.320	54.740	277.270	603.330	6.340		
6.350	0.000	2.490	7.500	9.990	6.350	268.940	52.360	274.890	596.190	6.350		
6.360	0.000	2.490	7.500	9.990	6.360	266.560	52.360	271.320	590.240	6.360		
6.370	0.000	2.490	7.500	9.990	6.370	266.560	52.360	268.940	587.860	6.370		
6.380	0.000	2.490	7.500	9.990	6.380	266.560	52.360	268.940	587.860	6.380		
6.390	0.000	2.490	7.500	9.990	6.390	266.560	52.360	266.560	585.480	6.390		
6.400	0.000	2.490	7.500	9.990	6.400	271.320	52.360	264.180	587.860	6.400		
6.410	0.000	0.000	7.500	7.500	6.410	274.890	54.740	261.800	591.430	6.410		
6.420	0.000	2.480	7.480	9.960	6.420	277.270	54.740	259.420	591.430	6.420		
6.430	0.000	2.480	7.480	9.960	6.430	279.650	54.740	261.800	596.190	6.430		
6.440	0.000	2.480	7.480	9.960	6.440	282.030	54.740	257.040	593.810	6.440		
6.450	0.000	2.480	10.000	12.480	6.450	281.750	54.050	259.900	595.700	6.450		
6.460	0.000	2.480	7.480	9.960	6.460	281.750	57.500	259.900	599.150	6.460		
6.470	0.000	0.000	7.480	7.480	6.470	281.750	57.500	262.200	601.450	6.470		
6.480	0.000	2.480	7.480	9.960	6.480	279.450	57.500	262.200	599.150	6.480		
6.490	0.000	2.480	7.480	9.960	6.490	277.150	59.800	262.200	599.150	6.490		
6.500	0.000	2.480	7.480	9.960	6.500	274.850	59.800	266.800	601.450	6.500		
6.510	0.000	5.000	7.480	12.480	6.510	271.400	62.100	266.800	600.300	6.510		
6.520	0.000	5.000	7.480	12.480	6.520	269.100	62.100	269.100	600.300	6.520		
6.530	0.000	2.480	7.480	9.960	6.530	266.800	64.400	271.400	602.600	6.530		
6.540	0.000	2.480	7.480	9.960	6.540	266.800	64.400	274.850	606.050	6.540		
6.550	0.000	2.480	7.480	9.960	6.550	269.100	66.700	274.850	610.650	6.550		
6.560	0.000	2.480	7.480	9.960	6.560	271.400	69.000	277.150	617.550	6.560		
6.570	0.000	2.280	6.840	9.120	6.570	274.850	72.450	281.750	629.050	6.570		
6.580	0.000	2.280	6.840	9.120	6.580	277.150	72.450	281.750	631.350	6.580		
6.590	0.000	2.280	4.560	6.840	6.590	279.450	77.050	287.500	644.000	6.590		
6.600	0.000	2.280	4.560	6.840	6.600	282.000	79.200	291.600	652.800	6.600		
6.610	0.000	2.280	4.560	6.840	6.610	284.400	81.600	296.400	662.400	6.610		
6.620	0.000	2.280	4.560	6.840	6.620	284.400	81.600	300.000	666.000	6.620		
6.630	0.000	2.280	2.280	4.560	6.630	284.400	84.000	300.000	668.400	6.630		
6.640	0.000	2.280	0.000	2.280	6.640	284.400	84.000	300.000	668.400	6.640		
6.650	0.000	2.280	0.000	2.280	6.650	284.400	86.400	300.000	670.800	6.650		
6.660	2.280	14.820	174.420	191.520	6.660	282.000	84.000	294.000	660.000	6.660		
6.670	74.100	54.720	285.000	413.820	6.670	277.200	81.600	291.600	650.400	6.670		
6.680	21.660	17.100	201.780	240.540	6.680	277.200	79.200	286.800	643.200	6.680		
6.690	21.660	14.820	151.620	188.100	6.690	261.600	74.400	277.200	613.200	6.690		
6.700	31.920	19.380	161.880	213.180	6.700	234.000	62.400	266.400	562.800	6.700		
6.710	42.180	19.380	144.780	206.340	6.710	217.200	54.000	256.800	528.000	6.710		
6.720	46.970	17.080	119.560	183.610	6.720	206.400	49.200	242.400	498.000	6.720		
6.730	54.900	19.520	112.240	186.660	6.730	194.400	42.000	226.800	463.200	6.730		
6.740	62.220	21.960	112.240	196.420	6.740	182.400	39.600	214.800	436.800	6.740		
6.750	64.660	24.400	112.240	201.300	6.750	164.340	37.350	207.500	409.190	6.750		
6.760	67.100	27.450	117.120	211.670	6.760	151.890	32.370	196.710	380.970	6.760		
6.770	69.540	32.330	122.000	223.870	6.770	141.930	32.370	191.730	366.030	6.770		
6.780	74.420	34.770	127.490	236.680	6.780	134.460	32.370	186.750	353.580	6.780		
6.790	79.910	37.210	129.930	247.050	6.790	129.480	32.370	181.770	343.620	6.790		
6.800	82.350	37.210	134.810	254.370	6.800	126.990	29.880	176.790	333.660	6.800		
6.810	84.790	42.090	139.690	266.570	6.810	124.500	29.880	174.300	328.680	6.810		
6.820	87.230	42.090	144.570	273.890	6.820	122.010	29.880	169.320	321.210	6.820		
6.830	89.670	44.530	147.010	281.210	6.830	122.010	29.880	166.830	318.720	6.830		
6.840	89.670	44.530	149.450	283.650	6.840	122.010	29.880	164.340	316.230	6.840		
6.850	92.110	46.970	152.500	291.580	6.850	122.010	29.880	164.340	316.230	6.850		
6.860	94.550	49.410	152.500	296.460	6.860	122.010	29.880	164.340	316.230	6.860		
6.870	97.340	49.600	155.000	301.940	6.870	122.010	29.880	161.850	313.740	6.870		
6.880	99.820	52.080	155.000	306.900	6.880	122.010	32.370	161.850	316.230	6.880		
6.890	102.300	52.080	155.000	309.380	6.890	122.010	32.370	161.850	316.230	6.890		
6.900	104.780	52.080	155.000	311.860	6.900	122.400	31.960	161.840	316.200	6.900		
6.910	104.780	52.080	151.900	308.760	6.910	119.680	29.920	161.840	311.440	6.910		
6.920	107.260	52.080	151.900	311.240	6.920	119.680	31.960	161.840	313.480	6.920		
6.930	109.740	49.600	151.900	311.240	6.930	119.680	31.960	161.840	313.480	6.930		
6.940	109.740	47.120	149.420	306.280	6.940	119.680	29.920	161.840	311.440	6.940		
6.950	109.740	47.120	146.940	303.800	6.950	119.680	31.960	159.800	311.440	6.950		
6.960	109.740	47.120	144.460	301.320	6.960	122.400	31.960	164.560	318.920	6.960		
6.970	109.740	47.120	139.500	296.360	6.970	122.400	34.680	164.560	321.640	6.970		
6.980	107.260	47.120	137.020	291.400	6.980	124.440	34.680	167.280	326.400	6.980		
6.990	109.740	44.640	134.540	288.920	6.990	124.440	37.400	167.280	329.120	6.990		
7.000	107.260	42.160	132.060	281.480	7.000	127.160	37.400	167.280	331.840	7.000		
7.010	107.260	39.680	127.100	274.040	7.010	129.880	39.440	167.280	336.600	7.010		
7.020	104.520	39.520	127.400	271.440	7.020	131.920	42.160	170.000	344.080	7.020		
7.030	104.520	39.520	130.000	274.040	7.030	134.640	44.880	170.000	349.520	7.030		
7.040	104.520	39.520	130.000	274.040	7.040	139.400	46.920	167.280	353.600	7.040		
7.050	102.440	37.440	127.400	267.280	7.050	144.720	49.680	167.040	361.440	7.050		
7.060	102.440	39.520	124.800	266.760	7.060	146.880	49.680	167.040	363.600	7.060		
7.070	99.840	39.520	124.800	264.160	7.070	151.920	51.840	167.040	370.800	7.070		
7.080	99.840	37.440	122.200	259.480	7.080	156.960	54.720	164.880	376.560	7.080		
7.090	97.240	34.840	119.600	251.680	7.090	164.880	54.720	164.880	384.480	7.090		
7.100	94.640	32.240	117.000	243.880	7.100	167.040	54.720	162.000	383.760	7.100		
7.110	92.040	34.840	117.000	243.880	7.110	169.920	56.880	162.000	388.800	7.110		
7.120	89.960	32.240	114.920	237.120	7.120	172.080	59.760	162.000	393.840	7.120		
7.130	87.360	29.640	112.320	229.320	7.130	174.960	59.760	159.840	394.560	7.130		
7.140	82.160	29.640	114.920	226.720	7.140	177.120	59.760	156.960	393.840	7.140		
7.150	79.560	27.040	114.920	221.520	7.150	177.120	61.920	151.920	390.960	7.150		
7.160	77.480	27.040	117.000	221.520	7.160	180.000	61.920	149.760	391.680	7.160		
7.170	72.210	24.360	121.800	218.370	7.170	180.000	61.920	144.720	386.640	7.170		
7.180	69.600	24.360	124.410	218.370	7.180	180.000	64.800	144.720	389.520	7.180		
7.190	69.600	21.750	127.020	218.370	7.190	180.000	64.800	144.720	389.520	7.190		
7.200	66.990	21.750	134.850	223.590	7.200	175.000	64.400	147.000	386.400	7.200		
7.210	66.990	21.750	139.200	227.940	7.210	169.400	64.400	147.000	380.800	7.210		
7.220	64.380	21.750	144.420	230.550	7.220	164.500	67.200	147.000	378.700	7.220		
7.230	61.770	21.750	149.640	233.160	7.230	157.500	67.200	147.000	371.700	7.230		
7.240	61.770	21.750	157.470	240.990	7.240	149.800	67.200	147.000	364.000	7.240		
7.250	61.770	21.750	161.820	245.340	7.250	142.100	67.200	147.000	356.300	7.250		
7.260	64.380	21.750	169.650	255.780	7.260	129.500	70.000	147.000	346.500	7.260		
7.270	64.380	24.360	179.220	267.960	7.270	116.900	70.000	149.800	336.700	7.270		
7.280	64.380	26.970	187.050	278.400	7.280	99.400	70.000	149.800	319.200	7.280		
7.290	66.990	26.970	194.880	288.840	7.290	81.900	70.000	151.900	303.800	7.290		
7.300	69.600	29.580	204.450	303.630	7.300	64.400	70.000	159.600	294.000	7.300		
7.310	74.820	32.190	217.500	324.510	7.310	44.800	67.200	164.500	276.500	7.310		
7.320	77.010	36.240	229.520	342.770	7.320	35.000	59.500	169.400	263.900	7.320		
7.330	81.540	39.260	241.600	362.400	7.330	27.300	52.500	175.000	254.800	7.330		
7.340	81.540	42.280	253.680	377.500	7.340	17.500	44.800	172.200	234.500	7.340		
7.350	84.560	42.280	264.250	391.090	7.350	9.380	39.530	167.500	216.410	7.350		
7.360	89.090	46.810	274.820	410.720	7.360	2.010	32.160	157.450	191.620	7.360		
7.370	92.110	49.830	291.430	433.370	7.370	0.000	27.470	147.400	174.870	7.370		
7.380	93.620	54.360	306.530	454.510	7.380	0.000	22.110	134.670	156.780	7.380		
7.390	96.640	57.380	318.610	472.630	7.390	0.000	17.420	117.250	134.670	7.390		
7.400	99.660	58.890	336.730	495.280	7.400	0.000	12.060	101.840	113.900	7.400		
7.410	101.170	64.930	348.810	514.910	7.410	0.000	12.060	84.420	96.480	7.410		
7.420	107.210	69.460	359.380	536.050	7.420	0.000	7.370	64.990	72.360	7.420		
7.430	108.720	73.990	369.950	552.660	7.430	0.000	7.370	44.890	52.260	7.430		
7.440	114.760	77.010	374.480	566.250	7.440	2.010	4.690	29.480	36.180	7.440		
7.450	119.290	78.520	377.500	575.310	7.450	4.690	4.690	14.740	24.120	7.450		
7.460	119.290	81.540	377.500	578.330	7.460	4.690	2.010	4.690	11.390	7.460		
7.470	121.500	82.500	375.000	579.000	7.470	4.690	2.010	0.000	6.700	7.470		
7.480	124.500	82.500	367.500	574.500	7.480	4.690	2.010	0.000	6.700	7.480		
7.490	124.500	84.000	360.000	568.500	7.490	4.690	0.000	0.000	4.690	7.490		
7.500	124.500	82.500	349.500	556.500	7.500	2.500	0.000	0.000	2.500	7.500		
7.510	127.500	79.500	339.000	546.000	7.510	5.000	0.000	0.000	5.000	7.510		
7.520	127.500	76.500	331.500	535.500	7.520	5.000	0.000	0.000	5.000	7.520		
7.530	129.000	75.000	327.000	531.000	7.530	2.500	0.000	0.000	2.500	7.530		
7.540	132.000	72.000	319.500	523.500	7.540	2.500	0.000	0.000	2.500	7.540		
7.550	135.000	72.000	315.000	522.000	7.550	2.500	0.000	0.000	2.500	7.550		
7.560	139.500	72.000	307.500	519.000	7.560	0.000	0.000	0.000	0.000	7.560		
7.570	142.500	72.000	300.000	514.500	7.570	2.500	0.000	0.000	2.500	7.570		
7.580	147.000	72.000	297.000	516.000	7.580	0.000	0.000	0.000	0.000	7.580		
7.590	151.500	75.000	292.500	519.000	7.590	0.000	0.000	0.000	0.000	7.590		
7.600	154.500	75.000	286.500	516.000	7.600	0.000	0.000	0.000	0.000	7.600		
7.610	157.500	76.500	282.000	516.000	7.610	0.000	0.000	0.000	0.000	7.610		
7.620	161.660	79.060	279.660	520.380	7.620	0.000	0.000	0.000	0.000	7.620		
7.630	166.380	84.960	274.940	526.280	7.630	0.000	0.000	0.000	0.000	7.630		
7.640	174.640	89.680	266.680	531.000	7.640	0.000	2.500	0.000	2.500	7.640		
7.650	179.360	92.040	261.960	533.360	7.650	0.000	2.500	0.000	2.500	7.650		
7.660	186.440	96.760	254.880	538.080	7.660	0.000	0.000	0.000	0.000	7.660		
7.670	194.700	99.120	244.260	538.080	7.670	0.000	0.000	0.000	0.000	7.670		
7.680	204.140	101.480	234.820	540.440	7.680	0.000	0.000	0.000	0.000	7.680		
7.690	212.400	103.840	224.200	540.440	7.690	0.000	0.000	0.000	0.000	7.690		
7.700	221.840	109.740	214.760	546.340	7.700	0.000	0.000	0.000	0.000	7.700		
7.710	232.460	112.100	204.140	548.700	7.710	0.000	0.000	0.000	0.000	7.710		
7.720	241.900	114.460	192.340	548.700	7.720	0.000	0.000	0.000	0.000	7.720		
7.730	254.880	119.180	177.000	551.060	7.730	0.000	0.000	0.000	0.000	7.730		
7.740	264.320	121.540	164.020	549.880	7.740	0.000	2.500	0.000	2.500	7.740		
7.750	279.660	127.440	149.860	556.960	7.750	0.000	2.500	0.000	2.500	7.750		
7.760	295.000	129.800	132.160	556.960	7.760	0.000	0.000	0.000	0.000	7.760		
7.770	313.900	131.150	111.800	556.850	7.770	0.000	0.000	0.000	0.000	7.770		
7.780	333.250	131.150	92.450	556.850	7.780	0.000	0.000	0.000	0.000	7.780		
7.790	354.750	129.000	73.100	556.850	7.790	0.000	0.000	0.000	0.000	7.790		
7.800	376.250	124.700	62.350	563.300	7.800	0.000	0.000	0.000	0.000	7.800		
7.810	399.900	116.100	47.300	563.300	7.810	0.000	0.000	0.000	0.000	7.810		
7.820	419.250	109.650	36.550	565.450	7.820	0.000	0.000	0.000	0.000	7.820		
7.830	440.750	96.750	25.800	563.300	7.830	0.000	0.000	0.000	0.000	7.830		
7.840	464.400	86.000	17.200	567.600	7.840	0.000	0.000	0.000	0.000	7.840		
7.850	481.600	73.100	10.750	565.450	7.850	0.000	0.000	0.000	0.000	7.850		
7.860	500.950	64.500	6.450	571.900	7.860	0.000	0.000	0.000	0.000	7.860		
7.870	516.000	53.750	2.150	571.900	7.870	12.090	0.000	0.000	12.090	7.870		
7.880	528.900	43.000	0.000	571.900	7.880	52.080	0.000	0.000	52.080	7.880		
7.890	537.500	34.400	0.000	571.900	7.890	102.300	0.000	0.000	102.300	7.890		
7.900	537.500	25.800	0.000	563.300	7.900	136.710	0.000	0.000	136.710	7.900		
7.910	533.200	21.500	0.000	554.700	7.910	157.170	0.000	0.000	157.170	7.910		
7.920	527.500	14.770	0.000	542.270	7.920	179.490	0.000	0.000	179.490	7.920		
7.930	514.840	10.550	0.000	525.390	7.930	207.390	0.000	0.000	207.390	7.930		
7.940	493.740	6.330	0.000	500.070	7.940	232.500	0.000	0.000	232.500	7.940		
7.950	470.530	4.220	0.000	474.750	7.950	253.470	4.260	0.000	257.730	7.950		
7.960	443.100	0.000	0.000	443.100	7.960	268.380	8.520	0.000	276.900	7.960		
7.970	407.230	0.000	0.000	407.230	7.970	281.160	17.040	2.130	300.330	7.970		
7.980	367.140	0.000	0.000	367.140	7.980	291.810	25.560	4.260	321.630	7.980		
7.990	318.610	0.000	0.000	318.610	7.990	310.980	38.340	8.520	357.840	7.990		
8.000	267.970	0.000	0.000	267.970	8.000	332.280	48.990	10.650	391.920	8.000		
8.010	217.330	0.000	0.000	217.330	8.010	353.580	59.640	14.910	428.130	8.010		
8.020	162.470	0.000	0.000	162.470	8.020	379.140	66.030	17.040	462.210	8.020		
8.030	113.940	0.000	0.000	113.940	8.030	406.830	72.420	21.300	500.550	8.030		
8.040	73.850	0.000	0.000	73.850	8.040	434.520	76.680	21.300	532.500	8.040		
8.050	46.420	0.000	0.000	46.420	8.050	457.950	76.680	21.300	555.930	8.050		
8.060	23.210	0.000	0.000	23.210	8.060	483.510	78.810	23.430	585.750	8.060		
8.070	10.000	0.000	0.000	10.000	8.070	504.810	76.680	21.300	602.790	8.070		
8.080	5.000	0.000	0.000	5.000	8.080	519.720	76.680	21.300	617.700	8.080		
8.090	2.480	2.480	0.000	4.960	8.090	532.500	74.550	21.300	628.350	8.090		
8.100	2.480	0.000	0.000	2.480	8.100	544.120	69.130	22.300	635.550	8.100		
8.110	2.480	0.000	0.000	2.480	8.110	550.810	66.900	24.530	642.240	8.110		
8.120	2.480	0.000	0.000	2.480	8.120	553.040	64.670	22.300	640.010	8.120		
8.130	0.000	2.480	0.000	2.480	8.130	557.500	62.440	24.530	644.470	8.130		
8.140	0.000	0.000	0.000	0.000	8.140	550.810	57.980	24.530	633.320	8.140		
8.150	0.000	2.480	0.000	2.480	8.150	548.580	57.980	26.760	633.320	8.150		
8.160	0.000	2.480	0.000	2.480	8.160	541.890	55.750	26.760	624.400	8.160		
8.170	0.000	2.480	0.000	2.480	8.170	530.740	53.520	28.990	613.250	8.170		
8.180	0.000	0.000	0.000	0.000	8.180	519.590	51.290	31.220	602.100	8.180		
8.190	0.000	0.000	0.000	0.000	8.190	508.440	51.290	35.680	595.410	8.190		
8.200	0.000	0.000	0.000	0.000	8.200	497.290	51.290	35.680	584.260	8.200		
8.210	0.000	0.000	0.000	0.000	8.210	483.910	51.290	37.910	573.110	8.210		
8.220	0.000	0.000	0.000	0.000	8.220	474.990	51.290	44.600	570.880	8.220		
8.230	0.000	0.000	0.000	0.000	8.230	463.840	51.290	51.290	566.420	8.230		
8.240	0.000	0.000	0.000	0.000	8.240	454.920	53.520	53.520	561.960	8.240		
8.250	0.000	0.000	0.000	0.000	8.250	445.000	53.400	56.960	555.360	8.250		
8.260	0.000	0.000	0.000	0.000	8.260	434.320	58.740	65.860	558.920	8.260		
8.270	0.000	0.000	0.000	0.000	8.270	427.200	58.740	74.760	560.700	8.270		
8.280	0.000	0.000	0.000	0.000	8.280	414.740	64.080	78.320	557.140	8.280		
8.290	0.000	0.000	0.000	0.000	8.290	402.280	69.420	89.000	560.700	8.290		
8.300	0.000	0.000	0.000	0.000	8.300	389.820	74.760	99.680	564.260	8.300		
8.310	0.000	0.000	0.000	0.000	8.310	372.020	76.540	112.140	560.700	8.310		
8.320	0.000	0.000	0.000	0.000	8.320	354.220	81.880	124.600	560.700	8.320		
8.330	0.000	0.000	0.000	0.000	8.330	336.420	87.220	138.840	562.480	8.330		
8.340	0.000	0.000	0.000	0.000	8.340	313.280	90.780	154.860	558.920	8.340		
8.350	0.000	0.000	0.000	0.000	8.350	288.360	99.680	174.440	562.480	8.350		
8.360	0.000	0.000	0.000	0.000	8.360	263.440	103.240	194.020	560.700	8.360		
8.370	0.000	0.000	0.000	0.000	8.370	242.080	112.140	213.600	567.820	8.370		
8.380	0.000	0.000	0.000	0.000	8.380	217.160	117.480	238.520	573.160	8.380		
8.390	0.000	0.000	0.000	0.000	8.390	194.020	121.040	261.660	576.720	8.390		
8.400	0.000	0.000	0.000	0.000	8.400	166.980	123.970	293.480	584.430	8.400		
8.410	0.000	0.000	0.000	0.000	8.410	141.680	123.970	323.840	589.490	8.410		
8.420	0.000	0.000	0.000	0.000	8.420	118.910	123.970	354.200	597.080	8.420		
8.430	0.000	0.000	0.000	0.000	8.430	98.670	121.440	387.090	607.200	8.430		
8.440	0.000	2.490	0.000	2.490	8.440	83.490	116.380	419.980	619.850	8.440		
8.450	0.000	0.000	0.000	0.000	8.450	70.840	111.320	450.340	632.500	8.450		
8.460	0.000	2.490	0.000	2.490	8.460	58.190	101.200	483.230	642.620	8.460		
8.470	0.000	0.000	0.000	0.000	8.470	48.070	88.550	513.590	650.210	8.470		
8.480	0.000	2.490	0.000	2.490	8.480	43.010	78.430	541.420	662.860	8.480		
8.490	0.000	2.490	0.000	2.490	8.490	35.420	65.780	566.720	667.920	8.490		
8.500	0.000	0.000	0.000	0.000	8.500	27.830	55.660	592.020	675.510	8.500		
8.510	0.000	0.000	7.500	7.500	8.510	20.240	45.540	612.260	678.040	8.510		
8.520	0.000	0.000	59.160	59.160	8.520	12.650	37.950	622.380	672.980	8.520		
8.530	0.000	0.000	111.360	111.360	8.530	5.060	30.360	629.970	665.390	8.530		
8.540	0.000	1.740	149.640	151.380	8.540	0.000	25.300	632.500	657.800	8.540		
8.550	0.000	1.740	177.480	179.220	8.550	0.000	22.500	625.000	647.500	8.550		
8.560	0.000	1.740	212.280	214.020	8.560	0.000	15.000	610.000	625.000	8.560		
8.570	1.740	3.480	255.780	261.000	8.570	0.000	10.000	585.000	595.000	8.570		
8.580	3.480	6.960	294.060	304.500	8.580	0.000	5.000	552.500	557.500	8.580		
8.590	3.480	8.700	321.900	334.080	8.590	0.000	2.500	512.500	515.000	8.590		
8.600	6.960	13.920	346.260	367.140	8.600	0.000	0.000	457.500	457.500	8.600		
8.610	12.180	20.880	368.880	401.940	8.610	0.000	0.000	387.500	387.500	8.610		
8.620	13.920	31.320	394.980	440.220	8.620	0.000	0.000	312.500	312.500	8.620		
8.630	19.140	48.720	415.860	483.720	8.630	0.000	0.000	232.500	232.500	8.630		
8.640	26.100	78.300	435.000	539.400	8.640	0.000	0.000	162.500	162.500	8.640		
8.650	41.760	106.140	426.300	574.200	8.650	0.000	0.000	100.000	100.000	8.650		
8.660	64.380	132.240	403.680	600.300	8.660	0.000	0.000	60.000	60.000	8.660		
8.670	107.300	157.250	377.400	641.950	8.670	0.000	2.500	30.000	32.500	8.670		
8.680	157.250	173.900	338.550	669.700	8.680	7.500	2.500	12.500	22.500	8.680		
8.690	203.500	181.300	299.700	684.500	8.690	2.500	2.500	7.500	12.500	8.690		
8.700	249.750	181.300	257.150	688.200	8.700	2.500	2.500	2.500	7.500	8.700		
8.710	292.300	173.900	216.450	682.650	8.710	2.500	2.500	2.500	7.500	8.710		
8.720	334.850	160.950	175.750	671.550	8.720	0.000	2.500	2.500	5.000	8.720		
8.730	373.700	142.450	138.750	654.900	8.730	0.000	2.500	2.500	5.000	8.730		
8.740	407.000	122.100	111.000	640.100	8.740	0.000	2.500	2.500	5.000	8.740		
8.750	434.750	101.750	92.500	629.000	8.750	0.000	2.500	2.500	5.000	8.750		
8.760	451.400	81.400	79.550	612.350	8.760	0.000	2.500	2.500	5.000	8.760		
8.770	462.500	66.600	72.150	601.250	8.770	2.500	2.500	2.500	7.500	8.770		
8.780	462.500	51.800	68.450	582.750	8.780	2.500	2.500	0.000	5.000	8.780		
8.790	456.950	46.250	66.600	569.800	8.790	2.500	2.500	0.000	5.000	8.790		
8.800	445.850	37.000	64.750	547.600	8.800	2.500	2.500	0.000	5.000	8.800		
8.810	431.050	31.450	61.050	523.550	8.810	2.500	2.500	0.000	5.000	8.810		
8.820	407.500	21.190	58.680	487.370	8.820	0.000	2.500	0.000	2.500	8.820		
8.830	386.310	16.300	57.050	459.660	8.830	0.000	2.500	0.000	2.500	8.830		
8.840	381.420	14.670	52.160	448.250	8.840	0.000	2.500	0.000	2.500	8.840		
8.850	379.790	14.670	47.270	441.730	8.850	0.000	2.500	0.000	2.500	8.850		
8.860	379.790	14.670	42.380	436.840	8.860	0.000	2.500	0.000	2.500	8.860		
8.870	381.420	11.410	39.120	431.950	8.870	0.000	2.500	0.000	2.500	8.870		
8.880	386.310	14.670	37.490	438.470	8.880	0.000	5.000	0.000	5.000	8.880		
8.890	391.200	11.410	37.490	440.100	8.890	0.000	2.500	0.000	2.500	8.890		
8.900	394.460	14.670	37.490	446.620	8.900	0.000	2.500	0.000	2.500	8.900		
8.910	391.200	16.300	37.490	444.990	8.910	0.000	2.500	0.000	2.500	8.910		
8.920	389.570	16.300	39.120	444.990	8.920	0.000	2.500	0.000	2.500	8.920		
8.930	368.380	14.670	42.380	425.430	8.930	0.000	2.500	0.000	2.500	8.930		
8.940	342.300	14.670	44.010	400.980	8.940	0.000	2.500	0.000	2.500	8.940		
8.950	316.220	16.300	52.160	384.680	8.950	0.000	2.500	0.000	2.500	8.950		
8.960	314.590	30.970	74.980	420.540	8.960	0.000	2.500	0.000	2.500	8.960		
8.970	318.310	54.960	121.370	494.640	8.970	0.000	2.500	0.000	2.500	8.970		
8.980	329.760	73.280	148.850	551.890	8.980	0.000	2.500	0.000	2.500	8.980		
8.990	343.500	84.730	164.880	593.110	8.990	0.000	2.500	0.000	2.500	8.990		
9.000	364.110	91.600	169.460	625.170	9.000	0.000	2.310	0.000	2.310	9.000		
9.010	387.010	98.470	169.460	654.940	9.010	0.000	0.000	0.000	0.000	9.010		
9.020	405.330	103.050	160.300	668.680	9.020	0.000	2.310	0.000	2.310	9.020		
9.030	423.650	100.760	146.560	670.970	9.030	0.000	0.000	0.000	0.000	9.030		
9.040	441.970	96.180	128.240	666.390	9.040	0.000	0.000	0.000	0.000	9.040		
9.050	455.710	89.310	109.920	654.940	9.050	0.000	0.000	0.000	0.000	9.050		
9.060	476.320	77.860	89.310	643.490	9.060	0.000	2.310	0.000	2.310	9.060		
9.070	496.930	66.410	68.700	632.040	9.070	0.000	2.310	0.000	2.310	9.070		
9.080	519.830	54.960	50.380	625.170	9.080	0.000	0.000	0.000	0.000	9.080		
9.090	542.730	38.930	36.640	618.300	9.090	0.000	2.310	0.000	2.310	9.090		
9.100	558.760	29.770	29.770	618.300	9.100	0.000	2.310	0.000	2.310	9.100		
9.110	572.500	18.320	18.320	609.140	9.110	4.830	2.310	0.000	7.140	9.110		
9.120	575.000	11.500	11.500	598.000	9.120	14.910	2.310	0.000	17.220	9.120		
9.130	570.400	6.900	4.600	581.900	9.130	29.820	2.310	0.000	32.130	9.130		
9.140	563.500	2.300	0.000	565.800	9.140	52.500	2.310	0.000	54.810	9.140		
9.150	554.300	0.000	0.000	554.300	9.150	84.000	1.750	0.000	85.750	9.150		
9.160	538.200	0.000	0.000	538.200	9.160	119.000	0.000	0.000	119.000	9.160		
9.170	519.800	0.000	0.000	519.800	9.170	148.750	1.750	0.000	150.500	9.170		
9.180	494.500	0.000	0.000	494.500	9.180	176.750	1.750	0.000	178.500	9.180		
9.190	462.300	0.000	0.000	462.300	9.190	211.750	1.750	0.000	213.500	9.190		
9.200	423.200	0.000	0.000	423.200	9.200	246.750	3.500	0.000	250.250	9.200		
9.210	377.200	0.000	0.000	377.200	9.210	283.500	7.000	0.000	290.500	9.210		
9.220	319.700	0.000	0.000	319.700	9.220	327.250	14.000	0.000	341.250	9.220		
9.230	255.300	0.000	0.000	255.300	9.230	362.250	24.500	3.500	390.250	9.230		
9.240	195.500	0.000	0.000	195.500	9.240	386.750	42.000	12.250	441.000	9.240		
9.250	135.700	0.000	0.000	135.700	9.250	406.000	54.250	21.000	481.250	9.250		
9.260	82.800	0.000	0.000	82.800	9.260	414.750	66.500	35.000	516.250	9.260		
9.270	45.000	2.340	0.000	47.340	9.270	421.750	77.000	52.500	551.250	9.270		
9.280	22.500	2.340	4.860	29.700	9.280	432.250	87.500	71.750	591.500	9.280		
9.290	9.900	4.860	4.860	19.620	9.290	437.500	94.500	87.500	619.500	9.290		
9.300	7.380	2.340	2.340	12.060	9.300	445.000	101.460	103.240	649.700	9.300		
9.310	4.860	2.340	2.340	9.540	9.310	445.000	106.800	113.920	665.720	9.310		
9.320	4.860	2.340	2.340	9.540	9.320	445.000	112.140	124.600	681.740	9.320		
9.330	4.860	2.340	2.340	9.540	9.330	436.100	113.920	129.940	679.960	9.330		
9.340	2.340	2.340	0.000	4.680	9.340	427.200	117.480	137.060	681.740	9.340		
9.350	2.340	2.340	0.000	4.680	9.350	409.400	121.040	138.840	669.280	9.350		
9.360	2.340	2.340	0.000	4.680	9.360	389.820	129.940	142.400	662.160	9.360		
9.370	0.000	4.860	0.000	4.860	9.370	364.900	137.060	144.180	646.140	9.370		
9.380	0.000	2.340	0.000	2.340	9.380	341.760	142.400	138.840	623.000	9.380		
9.390	0.000	4.860	0.000	4.860	9.390	316.840	151.300	138.840	606.980	9.390		
9.400	0.000	2.340	0.000	2.340	9.400	293.700	156.640	137.060	587.400	9.400		
9.410	0.000	2.340	0.000	2.340	9.410	272.340	167.320	133.500	573.160	9.410		
9.420	0.000	2.500	0.000	2.500	9.420	247.420	174.440	131.720	553.580	9.420		
9.430	0.000	5.000	0.000	5.000	9.430	226.060	183.340	129.940	539.340	9.430		
9.440	0.000	2.500	0.000	2.500	9.440	211.820	188.680	129.940	530.440	9.440		
9.450	0.000	2.500	0.000	2.500	9.450	194.880	196.800	129.600	521.280	9.450		
9.460	0.000	2.500	0.000	2.500	9.460	182.400	201.600	132.480	516.480	9.460		
9.470	0.000	2.500	0.000	2.500	9.470	171.840	204.480	137.280	513.600	9.470		
9.480	0.000	2.500	0.000	2.500	9.480	164.160	204.480	142.080	510.720	9.480		
9.490	0.000	2.500	0.000	2.500	9.490	157.440	207.360	142.080	506.880	9.490		
9.500	0.000	2.500	0.000	2.500	9.500	151.680	207.360	146.880	505.920	9.500		
9.510	0.000	2.500	0.000	2.500	9.510	149.760	212.160	151.680	513.600	9.510		
9.520	0.000	2.500	0.000	2.500	9.520	146.880	212.160	157.440	516.480	9.520		
9.530	0.000	2.500	0.000	2.500	9.530	144.960	212.160	164.160	521.280	9.530		
9.540	0.000	5.000	0.000	5.000	9.540	142.080	212.160	174.720	528.960	9.540		
9.550	0.000	2.500	0.000	2.500	9.550	139.200	212.160	184.320	535.680	9.550		
9.560	0.000	2.500	0.000	2.500	9.560	137.280	209.280	194.880	541.440	9.560		
9.570	0.000	2.430	0.000	2.430	9.570	134.400	209.280	207.360	551.040	9.570		
9.580	0.000	2.430	0.000	2.430	9.580	129.600	209.280	224.640	563.520	9.580		
9.590	0.000	2.430	0.000	2.430	9.590	120.000	212.160	240.000	572.160	9.590		
9.600	0.000	2.430	0.000	2.430	9.600	106.480	210.540	261.360	578.380	9.600		
9.610	0.000	2.430	0.000	2.430	9.610	91.960	208.120	280.720	580.800	9.610		
9.620	0.000	2.430	0.000	2.430	9.620	79.860	203.280	307.340	590.480	9.620		
9.630	0.000	0.000	0.000	0.000	9.630	67.760	200.860	329.120	597.740	9.630		
9.640	0.000	2.430	0.000	2.430	9.640	55.660	196.020	355.740	607.420	9.640		
9.650	0.000	2.430	0.000	2.430	9.650	45.980	188.760	384.780	619.520	9.650		
9.660	2.430	2.430	0.000	4.860	9.660	38.720	179.080	413.820	631.620	9.660		
9.670	2.430	2.430	0.000	4.860	9.670	31.460	169.400	442.860	643.720	9.670		
9.680	0.000	2.430	0.000	2.430	9.680	24.200	154.880	476.740	655.820	9.680		
9.690	0.000	2.430	7.290	9.720	9.690	14.520	140.360	508.200	663.080	9.690		
9.700	0.000	2.430	34.830	37.260	9.700	7.260	125.840	537.240	670.340	9.700		
9.710	0.000	2.430	67.500	69.930	9.710	4.840	108.900	563.860	677.600	9.710		
9.720	0.000	1.780	108.580	110.360	9.720	0.000	91.960	585.640	677.600	9.720		
9.730	0.000	1.780	154.860	156.640	9.730	0.000	77.440	597.740	675.180	9.730		
9.740	0.000	1.780	192.240	194.020	9.740	0.000	62.920	605.000	667.920	9.740		
9.750	0.000	3.560	226.060	229.620	9.750	0.000	47.800	597.500	645.300	9.750		
9.760	1.780	8.900	256.320	267.000	9.760	0.000	38.240	575.990	614.230	9.760		
9.770	3.560	14.240	272.340	290.140	9.770	0.000	28.680	547.310	575.990	9.770		
9.780	3.560	21.360	279.460	304.380	9.780	0.000	19.120	504.290	523.410	9.780		
9.790	7.120	26.700	286.580	320.400	9.790	0.000	9.560	444.540	454.100	9.790		
9.800	8.900	37.380	300.820	347.100	9.800	0.000	2.390	375.230	377.620	9.800		
9.810	12.460	49.840	325.740	388.040	9.810	0.000	0.000	301.140	301.140	9.810		
9.820	16.020	65.860	356.000	437.880	9.820	0.000	0.000	227.050	227.050	9.820		
9.830	21.360	81.880	379.140	482.380	9.830	0.000	0.000	157.740	157.740	9.830		
9.840	28.480	90.780	405.840	525.100	9.840	0.000	0.000	105.160	105.160	9.840		
9.850	37.380	101.460	427.200	566.040	9.850	0.000	0.000	66.920	66.920	9.850		
9.860	44.500	106.800	445.000	596.300	9.860	0.000	2.390	40.630	43.020	9.860		
9.870	49.140	111.020	451.360	611.520	9.870	4.780	2.390	26.290	33.460	9.870		
9.880	54.600	114.660	455.000	624.260	9.880	4.780	2.390	16.730	23.900	9.880		
9.890	61.880	114.660	451.360	627.900	9.890	2.390	2.390	11.950	16.730	9.890		
9.900	69.160	116.480	444.080	629.720	9.900	2.480	2.480	10.000	14.960	9.900		
9.910	76.440	114.660	434.980	626.080	9.910	0.000	2.480	7.480	9.960	9.910		
9.920	78.260	109.200	418.600	606.060	9.920	0.000	2.480	7.480	9.960	9.920		
9.930	87.360	103.740	405.860	596.960	9.930	0.000	2.480	10.000	12.480	9.930		
9.940	96.460	101.920	389.480	587.860	9.940	0.000	2.480	7.480	9.960	9.940		
9.950	103.740	101.920	371.280	576.940	9.950	0.000	2.480	5.000	7.480	9.950		
9.960	111.020	98.280	351.260	560.560	9.960	0.000	2.480	5.000	7.480	9.960		
9.970	121.940	98.280	331.240	551.460	9.970	0.000	2.480	5.000	7.480	9.970		
9.980	131.040	101.920	311.220	544.180	9.980	0.000	2.480	5.000	7.480	9.980		
9.990	138.320	103.740	289.380	531.440	9.990	0.000	0.000	2.480	2.480	9.990		
10.000	147.420	107.380	265.720	520.520	10.000	0.000	2.480	2.480	4.960	10.000		
10.010	156.520	109.200	242.060	507.780	10.010	0.000	0.000	2.480	2.480	10.010		
10.020	169.520	109.210	218.420	497.150	10.020	0.000	2.480	0.000	2.480	10.020		
10.030	179.300	109.210	198.860	487.370	10.030	0.000	0.000	2.480	2.480	10.030		
10.040	189.080	109.210	184.190	482.480	10.040	0.000	2.480	0.000	2.480	10.040		
10.050	202.120	105.950	166.260	474.330	10.050	0.000	2.500	0.000	2.500	10.050		
10.060	213.530	105.950	151.590	471.070	10.060	0.000	2.500	0.000	2.500	10.060		
10.070	229.830	105.950	138.550	474.330	10.070	0.000	2.500	0.000	2.500	10.070		
10.080	244.500	104.320	123.880	472.700	10.080	0.000	2.500	0.000	2.500	10.080		
10.090	259.170	104.320	114.100	477.590	10.090	0.000	0.000	0.000	0.000	10.090		
10.100	273.840	99.430	104.320	477.590	10.100	0.000	2.500	0.000	2.500	10.100		
10.110	288.510	96.170	91.280	475.960	10.110	0.000	0.000	0.000	0.000	10.110		
10.120	306.440	94.540	81.500	482.480	10.120	0.000	0.000	0.000	0.000	10.120		
10.130	330.890	91.280	71.720	493.890	10.130	0.000	0.000	0.000	0.000	10.130		
10.140	356.970	91.280	61.940	510.190	10.140	0.000	0.000	0.000	0.000	10.140		
10.150	379.790	91.280	53.790	524.860	10.150	0.000	0.000	0.000	0.000	10.150		
10.160	407.500	89.650	47.270	544.420	10.160	0.000	0.000	0.000	0.000	10.160		
10.170	436.210	86.760	36.150	559.120	10.170	0.000	2.500	0.000	2.500	10.170		
10.180	465.130	84.350	33.740	583.220	10.180	0.000	2.500	0.000	2.500	10.180		
10.190	494.050	79.530	28.920	602.500	10.190	0.000	0.000	0.000	0.000	10.190		
10.200	518.150	72.300	21.690	612.140	10.200	0.000	1.620	0.000	1.620	10.200		
10.210	542.250	62.660	16.870	621.780	10.210	0.000	1.620	0.000	1.620	10.210		
10.220	561.530	55.430	9.640	626.600	10.220	0.000	1.620	0.000	1.620	10.220		
10.230	575.990	45.790	7.230	629.010	10.230	0.000	1.620	0.000	1.620	10.230		
10.240	588.040	40.970	2.410	631.420	10.240	0.000	1.620	0.000	1.620	10.240		
10.250	597.680	33.740	0.000	631.420	10.250	0.000	1.620	0.000	1.620	10.250		
10.260	602.500	26.510	0.000	629.010	10.260	11.340	1.620	0.000	12.960	10.260		
10.270	595.270	19.280	0.000	614.550	10.270	64.800	1.620	0.000	66.420	10.270		
10.280	588.040	14.460	0.000	602.500	10.280	144.180	1.620	0.000	145.800	10.280		
10.290	568.760	12.050	0.000	580.810	10.290	204.120	0.000	0.000	204.120	10.290		
10.300	539.840	7.230	0.000	547.070	10.300	236.520	0.000	0.000	236.520	10.300		
10.310	496.460	2.410	0.000	498.870	10.310	268.920	0.000	0.000	268.920	10.310		
10.320	442.500	0.000	0.000	442.500	10.320	315.900	1.620	0.000	317.520	10.320		
10.330	378.780	0.000	0.000	378.780	10.330	364.500	4.860	0.000	369.360	10.330		
10.340	313.290	0.000	0.000	313.290	10.340	405.000	9.720	0.000	414.720	10.340		
10.350	244.260	0.000	0.000	244.260	10.350	434.160	22.110	2.010	458.280	10.350		
10.360	177.000	0.000	0.000	177.000	10.360	454.260	34.170	4.020	492.450	10.360		
10.370	116.820	0.000	0.000	116.820	10.370	468.330	54.270	12.060	534.660	10.370		
10.380	70.800	1.770	0.000	72.570	10.380	478.380	68.340	18.090	564.810	10.380		
10.390	44.250	1.770	0.000	46.020	10.390	482.400	82.410	26.130	590.940	10.390		
10.400	21.240	3.540	3.540	28.320	10.400	488.430	92.460	36.180	617.070	10.400		
10.410	12.390	3.540	3.540	19.470	10.410	494.460	96.480	46.230	637.170	10.410		
10.420	7.080	3.540	1.770	12.390	10.420	498.480	100.500	58.290	657.270	10.420		
10.430	3.540	3.540	1.770	8.850	10.430	502.500	104.520	76.380	683.400	10.430		
10.440	3.540	3.540	1.770	8.850	10.440	498.480	104.520	88.440	691.440	10.440		
10.450	3.540	1.770	0.000	5.310	10.450	494.460	100.500	100.500	695.460	10.450		
10.460	3.540	1.770	0.000	5.310	10.460	482.400	98.490	116.580	697.470	10.460		
10.470	5.000	2.500	0.000	7.500	10.470	466.320	92.460	126.630	685.410	10.470		
10.480	2.500	2.500	0.000	5.000	10.480	448.230	86.430	136.680	671.340	10.480		
10.490	2.500	2.500	0.000	5.000	10.490	428.130	84.420	146.730	659.280	10.490		
10.500	0.000	5.000	2.500	7.500	10.500	407.500	76.610	154.850	638.960	10.500		
10.510	2.500	5.000	2.500	10.000	10.510	389.570	74.980	159.740	624.290	10.510		
10.520	0.000	5.000	2.500	7.500	10.520	374.900	71.720	164.630	611.250	10.520		
10.530	0.000	2.500	0.000	2.500	10.530	356.970	66.830	166.260	590.060	10.530		
10.540	0.000	2.500	0.000	2.500	10.540	342.300	63.570	166.260	572.130	10.540		
10.550	0.000	2.500	0.000	2.500	10.550	329.260	63.570	174.410	567.240	10.550		
10.560	0.000	2.500	0.000	2.500	10.560	314.590	63.570	179.300	557.460	10.560		
10.570	0.000	5.000	0.000	5.000	10.570	296.660	66.830	184.190	547.680	10.570		
10.580	0.000	5.000	0.000	5.000	10.580	278.730	68.460	193.970	541.160	10.580		
10.590	0.000	2.500	0.000	2.500	10.590	255.910	68.460	203.750	528.120	10.590		
10.600	0.000	2.500	0.000	2.500	10.600	236.350	74.980	218.420	529.750	10.600		
10.610	0.000	2.500	0.000	2.500	10.610	221.680	74.980	231.460	528.120	10.610		
10.620	0.000	2.500	0.000	2.500	10.620	208.640	76.610	244.500	529.750	10.620		
10.630	0.000	5.000	0.000	5.000	10.630	193.970	76.610	259.170	529.750	10.630		
10.640	0.000	2.500	0.000	2.500	10.640	179.300	81.500	277.100	537.900	10.640		
10.650	0.000	2.500	0.000	2.500	10.650	163.530	82.950	293.880	540.360	10.650		
10.660	0.000	2.500	0.000	2.500	10.660	149.310	85.320	310.470	545.100	10.660		
10.670	0.000	2.500	0.000	2.500	10.670	132.720	87.690	329.430	549.840	10.670		
10.680	0.000	2.500	0.000	2.500	10.680	120.870	92.430	348.390	561.690	10.680		
10.690	0.000	2.500	0.000	2.500	10.690	106.650	94.800	372.090	573.540	10.690		
10.700	0.000	2.500	0.000	2.500	10.700	92.430	94.800	393.420	580.650	10.700		
10.710	0.000	2.500	0.000	2.500	10.710	80.580	97.170	417.120	594.870	10.710		
10.720	0.000	2.500	0.000	2.500	10.720	68.730	94.800	440.820	604.350	10.720		
10.730	0.000	2.500	0.000	2.500	10.730	61.620	92.430	469.260	623.310	10.730		
10.740	2.500	2.500	0.000	5.000	10.740	54.510	85.320	492.960	632.790	10.740		
10.750	2.500	5.000	0.000	7.500	10.750	47.400	78.210	519.030	644.640	10.750		
10.760	2.500	5.000	0.000	7.500	10.760	40.290	71.100	540.360	651.750	10.760		
10.770	1.860	1.860	0.000	3.720	10.770	35.550	63.990	564.060	663.600	10.770		
10.780	1.860	3.720	0.000	5.580	10.780	30.810	56.880	578.280	665.970	10.780		
10.790	1.860	1.860	0.000	3.720	10.790	23.700	49.770	592.500	665.970	10.790		
10.800	0.000	1.860	0.000	1.860	10.800	17.150	41.650	602.700	661.500	10.800		
10.810	0.000	3.720	14.880	18.600	10.810	9.800	34.300	607.600	651.700	10.810		
10.820	0.000	3.720	59.520	63.240	10.820	4.900	29.400	612.500	646.800	10.820		
10.830	0.000	3.720	120.900	124.620	10.830	0.000	24.500	607.600	632.100	10.830		
10.840	0.000	1.860	176.700	178.560	10.840	0.000	19.600	597.800	617.400	10.840		
10.850	0.000	3.720	226.920	230.640	10.850	0.000	14.700	580.650	595.350	10.850		
10.860	0.000	7.440	279.000	286.440	10.860	0.000	9.800	553.700	563.500	10.860		
10.870	0.000	9.300	331.080	340.380	10.870	0.000	4.900	512.050	516.950	10.870		
10.880	1.860	16.740	381.300	399.900	10.880	0.000	2.450	463.050	465.500	10.880		
10.890	3.720	24.180	416.640	444.540	10.890	0.000	0.000	401.800	401.800	10.890		
10.900	9.300	31.620	440.820	481.740	10.900	0.000	0.000	328.300	328.300	10.900		
10.910	14.880	44.640	465.000	524.520	10.910	0.000	0.000	254.800	254.800	10.910		
10.920	16.400	63.550	485.850	565.800	10.920	0.000	0.000	183.750	183.750	10.920		
10.930	26.650	84.050	502.250	612.950	10.930	0.000	0.000	124.950	124.950	10.930		
10.940	30.750	96.350	508.400	635.500	10.940	0.000	0.000	75.950	75.950	10.940		
10.950	41.000	106.600	512.500	660.100	10.950	0.000	0.000	45.000	45.000	10.950		
10.960	49.200	116.850	512.500	678.550	10.960	4.860	2.340	27.360	34.560	10.960		
10.970	59.450	120.950	504.300	684.700	10.970	7.380	2.340	14.940	24.660	10.970		
10.980	65.600	129.150	494.050	688.800	10.980	4.860	2.340	12.420	19.620	10.980		
10.990	75.850	133.250	479.700	688.800	10.990	4.860	2.340	7.380	14.580	10.990		
11.000	84.050	139.400	457.150	680.600	11.000	4.860	2.340	7.380	14.580	11.000		
11.010	92.250	143.500	430.500	666.250	11.010	2.340	2.340	4.860	9.540	11.010		
11.020	98.400	145.550	405.900	649.850	11.020	2.340	2.340	7.380	12.060	11.020		
11.030	104.550	151.700	381.300	637.550	11.030	2.340	2.340	7.380	12.060	11.030		
11.040	108.650	153.750	356.700	619.100	11.040	2.340	2.340	4.860	9.540	11.040		
11.050	114.800	155.800	334.150	604.750	11.050	2.340	2.340	4.860	9.540	11.050		
11.060	116.850	155.800	311.600	584.250	11.060	2.340	2.340	2.340	7.020	11.060		
11.070	119.340	156.780	292.500	568.620	11.070	2.340	2.340	2.340	7.020	11.070		
11.080	121.680	154.440	277.290	553.410	11.080	2.340	2.340	2.340	7.020	11.080		
11.090	124.020	156.780	264.420	545.220	11.090	2.340	2.340	2.340	7.020	11.090		
11.100	126.360	159.120	251.550	537.030	11.100	2.500	2.500	2.500	7.500	11.100		
11.110	126.360	156.780	239.850	522.990	11.110	2.500	2.500	2.500	7.500	11.110		
11.120	129.870	156.780	229.320	515.970	11.120	2.500	2.500	2.500	7.500	11.120		
11.130	132.210	154.440	219.960	506.610	11.130	2.500	2.500	2.500	7.500	11.130		
11.140	134.550	154.440	211.770	500.760	11.140	2.500	2.500	0.000	5.000	11.140		
11.150	134.550	152.100	204.750	491.400	11.150	2.500	2.500	0.000	5.000	11.150		
11.160	136.890	149.760	198.900	485.550	11.160	2.500	5.000	2.500	10.000	11.160		
11.170	141.570	147.420	194.220	483.210	11.170	2.500	2.500	0.000	5.000	11.170		
11.180	147.420	149.760	187.200	484.380	11.180	2.500	2.500	2.500	7.500	11.180		
11.190	154.440	149.760	179.010	483.210	11.190	2.500	2.500	0.000	5.000	11.190		
11.200	164.970	149.760	171.990	486.720	11.200	0.000	2.500	0.000	2.500	11.200		
11.210	174.330	149.760	164.970	489.060	11.210	0.000	2.500	0.000	2.500	11.210		
11.220	184.680	148.770	157.320	490.770	11.220	0.000	2.500	2.500	5.000	11.220		
11.230	196.650	152.190	148.770	497.610	11.230	0.000	2.500	0.000	2.500	11.230		
11.240	206.910	153.900	141.930	502.740	11.240	0.000	2.500	0.000	2.500	11.240		
11.250	217.170	157.320	133.380	507.870	11.250	0.000	2.320	0.000	2.320	11.250		
11.260	229.140	162.450	124.830	516.420	11.260	0.000	2.320	0.000	2.320	11.260		
11.270	244.530	164.160	116.280	524.970	11.270	0.000	2.320	0.000	2.320	11.270		
11.280	259.920	171.000	109.440	540.360	11.280	0.000	2.320	0.000	2.320	11.280		
11.290	277.020	176.130	100.890	554.040	11.290	0.000	2.320	0.000	2.320	11.290		
11.300	294.120	179.550	92.340	566.010	11.300	0.000	2.320	0.000	2.320	11.300		
11.310	316.350	181.260	78.660	576.270	11.310	0.000	2.320	0.000	2.320	11.310		
11.320	336.870	179.550	66.690	583.110	11.320	0.000	2.320	0.000	2.320	11.320		
11.330	359.100	176.130	56.430	591.660	11.330	0.000	4.930	0.000	4.930	11.330		
11.340	384.750	169.290	46.170	600.210	11.340	0.000	2.320	0.000	2.320	11.340		
11.350	406.980	157.320	35.910	600.210	11.350	0.000	2.320	0.000	2.320	11.350		
11.360	427.500	141.930	27.360	596.790	11.360	0.000	4.930	0.000	4.930	11.360		
11.370	452.020	124.160	13.580	589.760	11.370	7.250	2.320	0.000	9.570	11.370		
11.380	465.600	106.700	9.700	582.000	11.380	29.870	2.320	0.000	32.190	11.380		
11.390	477.240	91.180	0.000	568.420	11.390	72.500	4.930	0.000	77.430	11.390		
11.400	481.120	73.720	0.000	554.840	11.400	127.090	1.790	0.000	128.880	11.400		
11.410	485.000	58.200	0.000	543.200	11.410	159.310	1.790	0.000	161.100	11.410		
11.420	479.180	48.500	0.000	527.680	11.420	186.160	1.790	0.000	187.950	11.420		
11.430	463.660	36.860	0.000	500.520	11.430	218.380	3.580	0.000	221.960	11.430		
11.440	444.260	27.160	0.000	471.420	11.440	259.550	7.160	0.000	266.710	11.440		
11.450	417.100	19.400	0.000	436.500	11.450	297.140	8.950	0.000	306.090	11.450		
11.460	382.180	9.700	0.000	391.880	11.460	325.780	14.320	1.790	341.890	11.460		
11.470	339.500	3.880	0.000	343.380	11.470	347.260	26.850	3.580	377.690	11.470		
11.480	289.060	0.000	0.000	289.060	11.480	363.370	39.380	10.740	413.490	11.480		
11.490	234.740	0.000	0.000	234.740	11.490	374.110	48.330	21.480	443.920	11.490		
11.500	178.480	0.000	0.000	178.480	11.500	384.850	59.070	28.640	472.560	11.500		
11.510	122.220	0.000	0.000	122.220	11.510	399.170	66.230	41.170	506.570	11.510		
11.520	75.000	0.000	0.000	75.000	11.520	413.490	71.600	57.280	542.370	11.520		
11.530	45.000	0.000	0.000	45.000	11.530	429.600	76.970	69.810	576.380	11.530		
11.540	27.300	0.000	2.400	29.700	11.540	447.500	82.340	78.760	608.600	11.540		
11.550	15.000	0.000	7.500	22.500	11.550	461.700	83.600	95.000	640.300	11.550		
11.560	7.500	0.000	4.800	12.300	11.560	471.200	89.300	100.700	661.200	11.560		
11.570	4.800	0.000	4.800	9.600	11.570	475.000	89.300	112.100	676.400	11.570		
11.580	4.800	0.000	4.800	9.600	11.580	471.200	91.200	119.700	682.100	11.580		
11.590	4.800	0.000	2.400	7.200	11.590	469.300	95.000	127.300	691.600	11.590		
11.600	4.800	0.000	2.400	7.200	11.600	459.800	95.000	131.100	685.900	11.600		
11.610	4.800	0.000	2.400	7.200	11.610	448.400	95.000	138.700	682.100	11.610		
11.620	2.400	0.000	2.400	4.800	11.620	437.000	95.000	142.500	674.500	11.620		
11.630	0.000	0.000	2.400	2.400	11.630	421.800	91.200	146.300	659.300	11.630		
11.640	2.400	0.000	4.800	7.200	11.640	406.600	87.400	148.200	642.200	11.640		
11.650	2.400	0.000	2.400	4.800	11.650	393.300	87.400	152.000	632.700	11.650		
11.660	2.400	0.000	4.800	7.200	11.660	380.000	81.700	152.000	613.700	11.660		
11.670	0.000	0.000	5.000	5.000	11.670	364.800	79.800	152.000	596.600	11.670		
11.680	0.000	0.000	2.500	2.500	11.680	349.600	79.800	155.800	585.200	11.680		
11.690	0.000	0.000	2.500	2.500	11.690	336.300	79.800	159.600	575.700	11.690		
11.700	0.000	0.000	2.500	2.500	11.700	320.000	76.800	163.840	560.640	11.700		
11.710	0.000	0.000	5.000	5.000	11.710	304.640	76.800	171.520	552.960	11.710		
11.720	0.000	0.000	2.500	2.500	11.720	294.400	76.800	174.080	545.280	11.720		
11.730	0.000	0.000	2.500	2.500	11.730	286.720	79.360	181.760	547.840	11.730		
11.740	0.000	0.000	2.500	2.500	11.740	276.480	79.360	189.440	545.280	11.740		
11.750	0.000	0.000	2.500	2.500	11.750	266.240	84.480	199.680	550.400	11.750		
11.760	0.000	0.000	2.500	2.500	11.760	259.840	87.040	207.360	554.240	11.760		
11.770	0.000	0.000	2.500	2.500	11.770	249.600	87.040	213.760	550.400	11.770		
11.780	0.000	0.000	0.000	0.000	11.780	241.920	89.600	226.560	558.080	11.780		
11.790	0.000	0.000	0.000	0.000	11.790	234.240	92.160	236.800	563.200	11.790		
11.800	0.000	0.000	0.000	0.000	11.800	226.560	94.720	249.600	570.880	11.800		
11.810	0.000	0.000	0.000	0.000	11.810	216.320	97.280	264.960	578.560	11.810		
11.820	0.000	0.000	0.000	0.000	11.820	207.360	99.840	276.480	583.680	11.820		
11.830	0.000	0.000	0.000	0.000	11.830	194.560	104.960	294.400	593.920	11.830		
11.840	0.000	0.000	0.000	0.000	11.840	181.760	108.800	314.880	605.440	11.840		
11.850	0.000	0.000	0.000	0.000	11.850	166.500	113.220	337.440	617.160	11.850		
11.860	0.000	0.000	0.000	0.000	11.860	150.960	115.440	357.420	623.820	11.860		
11.870	0.000	0.000	0.000	0.000	11.870	133.200	119.880	377.400	630.480	11.870		
11.880	0.000	0.000	0.000	0.000	11.880	115.440	119.880	399.600	634.920	11.880		
11.890	0.000	2.240	0.000	2.240	11.890	95.460	119.880	421.800	637.140	11.890		
11.900	0.000	0.000	0.000	0.000	11.900	79.920	113.220	444.000	637.140	11.900		
11.910	0.000	0.000	0.000	0.000	11.910	66.600	108.780	466.200	641.580	11.910		
11.920	0.000	0.000	0.000	0.000	11.920	55.500	102.120	488.400	646.020	11.920		
11.930	0.000	0.000	0.000	0.000	11.930	48.840	91.020	508.380	648.240	11.930		
11.940	0.000	0.000	12.480	12.480	11.940	42.180	82.140	526.140	650.460	11.940		
11.950	0.000	2.240	40.000	42.240	11.950	35.520	73.260	539.460	648.240	11.950		
11.960	0.000	0.000	80.000	80.000	11.960	31.080	62.160	548.340	641.580	11.960		
11.970	0.000	0.000	116.200	116.200	11.970	22.200	53.280	555.000	630.480	11.970		
11.980	0.000	0.000	144.420	144.420	11.980	11.100	44.400	555.000	610.500	11.980		
11.990	0.000	0.000	170.980	170.980	11.990	6.660	35.520	543.900	586.080	11.990		
12.000	1.660	1.660	209.160	212.480	12.000	0.000	29.820	532.500	562.320	12.000		
12.010	4.980	4.980	244.020	253.980	12.010	0.000	23.430	511.200	534.630	12.010		
12.020	4.980	9.960	268.920	283.860	12.020	0.000	17.040	483.510	500.550	12.020		
12.030	9.960	14.940	292.160	317.060	12.030	0.000	10.650	451.560	462.210	12.030		
12.040	11.620	24.900	307.100	343.620	12.040	0.000	8.520	411.090	419.610	12.040		
12.050	16.600	36.520	322.040	375.160	12.050	0.000	4.260	359.970	364.230	12.050		
12.060	29.880	59.760	338.640	428.280	12.060	0.000	2.130	304.590	306.720	12.060		
12.070	39.840	74.700	356.900	471.440	12.070	0.000	2.130	238.560	240.690	12.070		
12.080	54.780	86.320	371.840	512.940	12.080	0.000	0.000	178.920	178.920	12.080		
12.090	71.380	96.280	388.440	556.100	12.090	0.000	0.000	125.670	125.670	12.090		
12.100	89.640	106.240	403.380	599.260	12.100	0.000	0.000	87.330	87.330	12.100		
12.110	104.580	111.220	415.000	630.800	12.110	0.000	2.130	55.380	57.510	12.110		
12.120	116.960	116.960	424.840	658.760	12.120	2.130	4.260	36.210	42.600	12.120		
12.130	123.840	116.960	430.000	670.800	12.130	6.390	4.260	21.300	31.950	12.130		
12.140	127.280	116.960	430.000	674.240	12.140	6.390	4.260	14.910	25.560	12.140		
12.150	129.000	111.800	430.000	670.800	12.150	7.500	5.000	12.500	25.000	12.150		
12.160	129.000	104.920	426.560	660.480	12.160	7.500	5.000	10.000	22.500	12.160		
12.170	134.160	96.320	421.400	651.880	12.170	5.000	5.000	7.500	17.500	12.170		
12.180	134.160	89.440	414.520	638.120	12.180	5.000	5.000	5.000	15.000	12.180		
12.190	135.880	80.840	405.920	622.640	12.190	5.000	2.500	7.500	15.000	12.190		
12.200	134.160	73.960	399.040	607.160	12.200	5.000	2.500	5.000	12.500	12.200		
12.210	135.880	68.800	392.160	596.840	12.210	5.000	2.500	7.500	15.000	12.210		
12.220	135.880	63.640	381.840	581.360	12.220	5.000	5.000	5.000	15.000	12.220		
12.230	135.880	58.480	371.520	565.880	12.230	5.000	2.500	2.500	10.000	12.230		
12.240	135.880	58.480	364.640	559.000	12.240	5.000	2.500	2.500	10.000	12.240		
12.250	139.320	53.320	354.320	546.960	12.250	5.000	2.500	2.500	10.000	12.250		
12.260	139.320	53.320	344.000	536.640	12.260	5.000	2.500	2.500	10.000	12.260		
12.270	144.720	52.260	335.000	531.980	12.270	5.000	2.500	2.500	10.000	12.270		
12.280	148.740	49.580	326.960	525.280	12.280	5.000	2.500	0.000	7.500	12.280		
12.290	151.420	52.260	321.600	525.280	12.290	5.000	2.500	2.500	10.000	12.290		
12.300	159.460	52.260	314.900	526.620	12.300	5.000	2.500	0.000	7.500	12.300		
12.310	164.820	54.940	306.860	526.620	12.310	5.000	2.500	0.000	7.500	12.310		
12.320	171.520	56.280	298.820	526.620	12.320	5.000	2.500	2.500	10.000	12.320		
12.330	176.880	58.960	292.120	527.960	12.330	2.500	2.500	0.000	5.000	12.330		
12.340	184.920	64.320	281.400	530.640	12.340	2.500	2.500	0.000	5.000	12.340		
12.350	191.620	69.680	274.700	536.000	12.350	2.500	2.500	0.000	5.000	12.350		
12.360	196.980	69.680	263.980	530.640	12.360	2.500	2.500	0.000	5.000	12.360		
12.370	203.680	72.360	257.280	533.320	12.370	2.500	2.500	0.000	5.000	12.370		
12.380	211.720	73.700	249.240	534.660	12.380	0.000	2.500	0.000	2.500	12.380		
12.390	219.760	73.700	237.180	530.640	12.390	2.500	2.500	0.000	5.000	12.390		
12.400	226.460	73.700	229.140	529.300	12.400	0.000	2.500	0.000	2.500	12.400		
12.410	234.500	79.060	222.440	536.000	12.410	0.000	5.000	0.000	5.000	12.410		
12.420	246.450	81.090	211.470	539.010	12.420	0.000	2.500	0.000	2.500	12.420		
12.430	255.990	87.450	201.930	545.370	12.430	0.000	5.000	2.500	7.500	12.430		
12.440	268.710	92.220	192.390	553.320	12.440	0.000	2.500	0.000	2.500	12.440		
12.450	279.840	96.990	179.670	556.500	12.450	0.000	2.300	0.000	2.300	12.450		
12.460	289.380	104.940	168.540	562.860	12.460	0.000	2.300	0.000	2.300	12.460		
12.470	298.920	111.300	157.410	567.630	12.470	0.000	2.300	0.000	2.300	12.470		
12.480	308.460	122.430	144.690	575.580	12.480	2.300	2.300	0.000	4.600	12.480		
12.490	316.410	127.200	127.200	570.810	12.490	0.000	2.300	0.000	2.300	12.490		
12.500	329.130	124.020	106.530	559.680	12.500	2.300	2.300	0.000	4.600	12.500		
12.510	343.440	114.480	84.270	542.190	12.510	9.200	4.600	0.000	13.800	12.510		
12.520	364.110	104.940	62.010	531.060	12.520	24.150	4.600	0.000	28.750	12.520		
12.530	378.420	92.220	49.290	519.930	12.530	49.450	6.900	0.000	56.350	12.530		
12.540	391.140	76.320	36.570	504.030	12.540	87.400	6.900	0.000	94.300	12.540		
12.550	397.500	66.780	28.620	492.900	12.550	121.900	6.900	0.000	128.800	12.550		
12.560	394.320	52.470	22.260	469.050	12.560	149.500	4.600	0.000	154.100	12.560		
12.570	385.000	38.500	13.860	437.360	12.570	184.000	6.900	0.000	190.900	12.570		
12.580	361.900	32.340	6.160	400.400	12.580	236.900	11.500	2.300	250.700	12.580		
12.590	337.260	24.640	4.620	366.520	12.590	287.500	29.900	14.950	332.350	12.590		
12.600	306.460	18.480	0.000	324.940	12.600	312.280	44.400	31.080	387.760	12.600		
12.610	278.740	13.860	0.000	292.600	12.610	316.720	48.840	54.760	420.320	12.610		
12.620	249.480	9.240	0.000	258.720	12.620	319.680	54.760	76.960	451.400	12.620		
12.630	214.060	6.160	0.000	220.220	12.630	327.080	59.200	96.200	482.480	12.630		
12.640	177.100	4.620	0.000	181.720	12.640	334.480	62.160	119.880	516.520	12.640		
12.650	141.680	4.620	0.000	146.300	12.650	344.840	63.640	139.120	547.600	12.650		
12.660	109.340	1.540	0.000	110.880	12.660	353.720	66.600	156.880	577.200	12.660		
12.670	73.920	0.000	1.540	75.460	12.670	361.120	66.600	168.720	596.440	12.670		
12.680	46.200	1.540	4.620	52.360	12.680	367.040	63.640	179.080	609.760	12.680		
12.690	29.260	1.540	6.160	36.960	12.690	370.000	63.640	189.440	623.080	12.690		
12.700	12.320	1.540	6.160	20.020	12.700	370.000	63.640	201.280	634.920	12.700		
12.710	6.160	1.540	6.160	13.860	12.710	364.080	63.640	208.680	636.400	12.710		
12.720	2.490	2.490	7.500	12.480	12.720	353.720	63.640	219.040	636.400	12.720		
12.730	0.000	2.490	4.980	7.470	12.730	341.880	62.160	229.400	633.440	12.730		
12.740	0.000	0.000	4.980	4.980	12.740	328.560	63.640	236.800	629.000	12.740		
12.750	0.000	0.000	2.490	2.490	12.750	317.200	66.300	244.400	627.900	12.750		
12.760	0.000	2.490	4.980	7.470	12.760	304.200	65.000	252.200	621.400	12.760		
12.770	0.000	2.490	2.490	4.980	12.770	292.500	66.300	257.400	616.200	12.770		
12.780	0.000	0.000	2.490	2.490	12.780	287.300	66.300	260.000	613.600	12.780		
12.790	0.000	0.000	2.490	2.490	12.790	279.500	66.300	261.300	607.100	12.790		
12.800	0.000	0.000	2.490	2.490	12.800	276.900	65.000	263.900	605.800	12.800		
12.810	0.000	0.000	2.490	2.490	12.810	276.900	65.000	260.000	601.900	12.810		
12.820	0.000	0.000	2.490	2.490	12.820	276.900	65.000	257.400	599.300	12.820		
12.830	0.000	0.000	2.490	2.490	12.830	279.500	65.000	254.800	599.300	12.830		
12.840	0.000	2.490	2.490	4.980	12.840	282.100	62.400	249.600	594.100	12.840		
12.850	0.000	0.000	2.490	2.490	12.850	287.300	62.400	244.400	594.100	12.850		
12.860	0.000	0.000	0.000	0.000	12.860	292.500	65.000	239.200	596.700	12.860		
12.870	2.500	0.000	2.500	5.000	12.870	299.000	65.000	228.800	592.800	12.870		
12.880	7.500	0.000	2.500	10.000	12.880	312.000	65.000	222.300	599.300	12.880		
12.890	5.000	0.000	0.000	5.000	12.890	325.000	66.300	211.900	603.200	12.890		
12.900	5.000	0.000	0.000	5.000	12.900	334.560	67.240	205.000	606.800	12.900		
12.910	7.500	2.500	0.000	10.000	12.910	344.400	68.880	193.520	606.800	12.910		
12.920	7.500	2.500	2.500	12.500	12.920	354.240	67.240	186.960	608.440	12.920		
12.930	10.000	2.500	0.000	12.500	12.930	364.080	67.240	177.120	608.440	12.930		
12.940	12.500	2.500	2.500	17.500	12.940	377.200	67.240	167.280	611.720	12.940		
12.950	17.500	2.500	2.500	22.500	12.950	388.680	67.240	162.360	618.280	12.950		
12.960	17.500	5.000	7.500	30.000	12.960	398.520	68.880	150.880	618.280	12.960		
12.970	20.000	7.500	17.500	45.000	12.970	406.720	68.880	144.320	619.920	12.970		
12.980	25.000	7.500	25.000	57.500	12.980	410.000	72.160	139.400	621.560	12.980		
12.990	25.000	7.500	25.000	57.500	12.990	406.720	72.160	139.400	618.280	12.990		
13.000	25.000	7.500	22.500	55.000	13.000	396.880	73.800	136.120	606.800	13.000		
13.010	25.000	7.500	17.500	50.000	13.010	383.760	73.800	136.120	593.680	13.010		
13.020	24.910	4.700	17.390	47.000	13.020	372.280	72.160	139.400	583.840	13.020		
13.030	29.610	7.050	17.390	54.050	13.030	362.440	72.160	144.320	578.920	13.030		
13.040	34.780	7.050	17.390	59.220	13.040	350.960	68.880	144.320	564.160	13.040		
13.050	42.300	9.870	22.090	74.260	13.050	340.000	69.360	149.600	558.960	13.050		
13.060	44.650	12.220	27.260	84.130	13.060	326.400	69.360	149.600	545.360	13.060		
13.070	52.170	14.570	34.780	101.520	13.070	316.880	66.640	152.320	535.840	13.070		
13.080	62.040	19.740	44.650	126.430	13.080	307.360	63.920	149.600	520.880	13.080		
13.090	72.380	22.090	52.170	146.640	13.090	296.480	61.200	152.320	510.000	13.090		
13.100	79.900	27.260	59.690	166.850	13.100	284.240	61.200	146.880	492.320	13.100		
13.110	84.600	29.610	64.860	179.070	13.110	274.720	59.840	144.160	478.720	13.110		
13.120	94.940	32.430	69.560	196.930	13.120	257.040	57.120	141.440	455.600	13.120		
13.130	99.640	34.780	74.730	209.150	13.130	244.800	54.400	138.720	437.920	13.130		
13.140	107.160	37.130	77.080	221.370	13.140	229.840	51.680	137.360	418.880	13.140		
13.150	114.680	39.950	79.900	234.530	13.150	216.240	48.960	134.640	399.840	13.150		
13.160	117.500	39.950	82.250	239.700	13.160	201.280	46.240	134.640	382.160	13.160		
13.170	122.000	42.090	82.350	246.440	13.170	191.760	46.240	134.640	372.640	13.170		
13.180	127.490	42.090	84.790	254.370	13.180	179.520	46.240	134.640	360.400	13.180		
13.190	129.930	42.090	87.230	259.250	13.190	171.360	44.880	134.640	350.880	13.190		
13.200	134.810	44.530	89.670	269.010	13.200	165.000	44.880	132.000	341.880	13.200		
13.210	137.250	44.530	92.110	273.890	13.210	159.720	44.880	132.000	336.600	13.210		
13.220	139.690	44.530	94.550	278.770	13.220	154.440	44.880	132.000	331.320	13.220		
13.230	142.130	46.970	96.990	286.090	13.230	154.440	44.880	132.000	331.320	13.230		
13.240	144.570	46.970	96.990	288.530	13.240	149.820	42.240	132.000	324.060	13.240		
13.250	147.010	49.410	99.430	295.850	13.250	149.820	44.880	134.640	329.340	13.250		
13.260	147.010	52.460	99.430	298.900	13.260	147.180	42.240	134.640	324.060	13.260		
13.270	149.450	52.460	99.430	301.340	13.270	147.180	44.880	132.000	324.060	13.270		
13.280	149.450	54.900	99.430	303.780	13.280	144.540	42.240	129.360	316.140	13.280		
13.290	152.500	54.900	99.430	306.830	13.290	144.540	44.880	134.640	324.060	13.290		
13.300	152.500	54.900	99.430	306.830	13.300	144.540	44.880	129.360	318.780	13.300		
13.310	152.500	54.900	99.430	306.830	13.310	144.540	44.880	129.360	318.780	13.310		
13.320	154.440	54.780	99.660	308.880	13.320	144.540	44.880	129.360	318.780	13.320		
13.330	154.440	54.780	99.660	308.880	13.330	144.540	44.880	129.360	318.780	13.330		
13.340	154.440	54.780	99.660	308.880	13.340	147.180	44.880	129.360	321.420	13.340		
13.350	154.440	54.780	99.660	308.880	13.350	147.010	46.970	132.370	326.350	13.350		
13.360	154.440	57.420	102.300	314.160	13.360	149.450	46.970	132.370	328.790	13.360		
13.370	152.460	59.400	102.300	314.160	13.370	149.450	46.970	132.370	328.790	13.370		
13.380	152.460	59.400	102.300	314.160	13.380	152.500	46.970	134.810	334.280	13.380		
13.390	152.460	62.040	102.300	316.800	13.390	152.500	46.970	137.250	336.720	13.390		
13.400	152.460	64.680	104.940	322.080	13.400	152.500	46.970	137.250	336.720	13.400		
13.410	152.460	64.680	102.300	319.440	13.410	149.450	46.970	139.690	336.110	13.410		
13.420	149.820	64.680	102.300	316.800	13.420	149.450	44.530	137.250	331.230	13.420		
13.430	152.460	64.680	99.660	316.800	13.430	149.450	44.530	137.250	331.230	13.430		
13.440	157.080	64.680	97.020	318.780	13.440	147.010	46.970	137.250	331.230	13.440		
13.450	159.720	64.680	92.400	316.800	13.450	142.130	44.530	139.690	326.350	13.450		
13.460	165.000	62.040	89.760	316.800	13.460	137.250	44.530	142.130	323.910	13.460		
13.470	166.920	62.400	87.360	316.680	13.470	132.370	44.530	142.130	319.030	13.470		
13.480	172.380	62.400	84.240	319.020	13.480	127.490	44.530	147.010	319.030	13.480		
13.490	177.060	62.400	81.900	321.360	13.490	124.440	44.530	147.010	315.980	13.490		
13.500	179.400	59.280	79.560	318.240	13.500	119.880	44.400	152.440	316.720	13.500		
13.510	181.740	56.940	77.220	315.900	13.510	116.920	47.360	154.660	318.940	13.510		
13.520	184.860	56.940	74.880	316.680	13.520	112.480	44.400	154.660	311.540	13.520		
13.530	187.200	54.600	71.760	313.560	13.530	112.480	47.360	162.060	321.900	13.530		
13.540	189.540	54.600	69.420	313.560	13.540	109.520	47.360	162.060	318.940	13.540		
13.550	191.880	52.260	67.080	311.220	13.550	107.300	47.360	167.240	321.900	13.550		
13.560	191.880	49.920	62.400	304.200	13.560	107.300	49.580	169.460	326.340	13.560		
13.570	191.880	46.800	59.280	297.960	13.570	107.300	49.580	174.640	331.520	13.570		
13.580	191.880	46.800	59.280	297.960	13.580	104.340	49.580	176.860	330.780	13.580		
13.590	191.880	44.460	59.280	295.620	13.590	104.340	51.800	176.860	333.000	13.590		
13.600	195.000	44.460	59.280	298.740	13.600	107.300	54.760	182.040	344.100	13.600		
13.610	191.880	44.460	56.940	293.280	13.610	104.340	51.800	182.040	338.180	13.610		
13.620	189.420	42.350	56.980	288.750	13.620	104.340	54.760	182.040	341.140	13.620		
13.630	192.500	42.350	59.290	294.140	13.630	104.340	54.760	185.000	344.100	13.630		
13.640	189.420	42.350	59.290	291.060	13.640	107.300	54.760	185.000	347.060	13.640		
13.650	187.110	44.660	59.290	291.060	13.650	107.250	57.000	184.500	348.750	13.650		
13.660	184.800	42.350	62.370	289.520	13.660	107.250	57.000	187.500	351.750	13.660		
13.670	184.800	42.350	62.370	289.520	13.670	107.250	57.000	187.500	351.750	13.670		
13.680	182.490	44.660	64.680	291.830	13.680	107.250	57.000	187.500	351.750	13.680		
13.690	179.410	44.660	66.990	291.060	13.690	109.500	57.000	184.500	351.000	13.690		
13.700	177.100	44.660	69.300	291.060	13.700	112.500	57.000	184.500	354.000	13.700		
13.710	177.100	44.660	69.300	291.060	13.710	112.500	57.000	184.500	354.000	13.710		
13.720	172.480	46.970	72.380	291.830	13.720	114.750	60.000	182.250	357.000	13.720		
13.730	169.400	46.970	74.690	291.060	13.730	114.750	60.000	182.250	357.000	13.730		
13.740	164.780	44.660	77.000	286.440	13.740	117.000	60.000	174.750	351.750	13.740		
13.750	159.390	46.970	79.310	285.670	13.750	120.000	60.000	172.500	352.500	13.750		
13.760	154.770	46.970	84.700	286.440	13.760	122.250	60.000	172.500	354.750	13.760		
13.770	155.000	47.120	87.420	289.540	13.770	122.250	60.000	169.500	351.750	13.770		
13.780	151.900	49.600	87.420	288.920	13.780	124.500	60.000	167.250	351.750	13.780		
13.790	149.420	47.120	89.900	286.440	13.790	124.500	60.000	165.000	349.500	13.790		
13.800	146.940	49.600	89.900	286.440	13.800	130.000	59.800	162.500	352.300	13.800		
13.810	146.940	49.600	92.380	288.920	13.810	130.000	57.200	159.900	347.100	13.810		
13.820	141.980	49.600	94.860	286.440	13.820	131.950	59.800	157.300	349.050	13.820		
13.830	139.500	49.600	94.860	283.960	13.830	134.550	57.200	154.700	346.450	13.830		
13.840	134.540	49.600	99.820	283.960	13.840	137.150	59.800	152.100	349.050	13.840		
13.850	134.540	49.600	102.300	286.440	13.850	139.750	57.200	152.100	349.050	13.850		
13.860	129.580	49.600	107.260	286.440	13.860	142.350	57.200	149.500	349.050	13.860		
13.870	127.100	49.600	109.740	286.440	13.870	142.350	57.200	146.900	346.450	13.870		
13.880	127.100	49.600	114.700	291.400	13.880	142.350	57.200	146.900	346.450	13.880		
13.890	124.620	49.600	114.700	288.920	13.890	144.950	59.800	144.950	349.700	13.890		
13.900	122.140	49.600	117.180	288.920	13.900	144.950	57.200	142.350	344.500	13.900		
13.910	122.140	49.600	119.660	291.400	13.910	144.950	57.200	139.750	341.900	13.910		
13.920	122.100	49.500	122.100	293.700	13.920	142.350	57.200	139.750	339.300	13.920		
13.930	119.900	49.500	124.850	294.250	13.930	144.950	54.600	137.150	336.700	13.930		
13.940	117.150	49.500	127.050	293.700	13.940	146.900	54.600	134.550	336.050	13.940		
13.950	114.950	49.500	129.800	294.250	13.950	147.000	54.600	135.000	336.600	13.950		
13.960	112.200	49.500	134.750	296.450	13.960	150.000	54.600	135.000	339.600	13.960		
13.970	112.200	49.500	134.750	296.450	13.970	150.000	52.200	132.000	334.200	13.970		
13.980	110.000	49.500	137.500	297.000	13.980	150.000	52.200	135.000	337.200	13.980		
13.990	112.200	49.500	137.500	299.200	13.990	150.000	52.200	132.000	334.200	13.990		
14.000	110.000	49.500	137.500	297.000	14.000	147.000	52.200	132.000	331.200	14.000		
14.010	110.000	49.500	137.500	297.000	14.010	147.000	54.600	135.000	336.600	14.010		
14.020	110.000	49.500	134.750	294.250	14.020	147.000	52.200	135.000	334.200	14.020		
14.030	107.250	49.500	134.750	291.500	14.030	147.000	52.200	135.000	334.200	14.030		
14.040	110.000	49.500	134.750	294.250	14.040	144.600	52.200	135.000	331.800	14.040		
14.050	107.250	49.500	132.000	288.750	14.050	144.600	52.200	137.400	334.200	14.050		
14.060	110.000	49.500	132.000	291.500	14.060	144.600	54.600	137.400	336.600	14.060		
14.070	107.120	49.920	130.000	287.040	14.070	147.000	54.600	137.400	339.000	14.070		
14.080	107.120	47.320	127.400	281.840	14.080	147.000	54.600	135.000	336.600	14.080		
14.090	107.120	49.920	130.000	287.040	14.090	150.000	54.600	137.400	342.000	14.090		
14.100	107.120	47.320	127.400	281.840	14.100	149.420	57.040	137.020	343.480	14.100		
14.110	107.120	49.920	124.800	281.840	14.110	151.900	54.560	137.020	343.480	14.110		
14.120	107.120	49.920	124.800	281.840	14.120	151.900	57.040	137.020	345.960	14.120		
14.130	107.120	49.920	124.800	281.840	14.130	149.420	57.040	139.500	345.960	14.130		
14.140	107.120	49.920	124.800	281.840	14.140	149.420	57.040	137.020	343.480	14.140		
14.150	107.120	49.920	122.200	279.240	14.150	151.900	59.520	139.500	350.920	14.150		
14.160	107.120	49.920	122.200	279.240	14.160	149.420	59.520	141.980	350.920	14.160		
14.170	104.520	49.920	122.200	276.640	14.170	151.900	59.520	139.500	350.920	14.170		
14.180	104.520	49.920	122.200	276.640	14.180	151.900	59.520	139.500	350.920	14.180		
14.190	102.440	49.920	124.800	277.160	14.190	151.900	59.520	139.500	350.920	14.190		
14.200	102.440	49.920	124.800	277.160	14.200	151.900	59.520	139.500	350.920	14.200		
14.210	102.440	49.920	127.400	279.760	14.210	151.900	59.520	139.500	350.920	14.210		
14.220	99.900	49.680	127.440	277.020	14.220	155.000	59.520	137.020	351.540	14.220		
14.230	97.200	49.680	129.600	276.480	14.230	155.000	59.520	137.020	351.540	14.230		
14.240	97.200	49.680	129.600	276.480	14.240	155.000	59.520	137.020	351.540	14.240		
14.250	97.200	49.680	129.600	276.480	14.250	155.000	59.520	139.500	354.020	14.250		
14.260	97.200	49.680	129.600	276.480	14.260	155.000	59.520	139.500	354.020	14.260		
14.270	94.500	49.680	129.600	273.780	14.270	155.000	59.520	139.500	354.020	14.270		
14.280	97.200	49.680	129.600	276.480	14.280	151.900	59.520	139.500	350.920	14.280		
14.290	94.500	52.380	129.600	276.480	14.290	151.900	57.040	139.500	348.440	14.290		
14.300	94.500	52.380	132.300	279.180	14.300	149.420	57.040	141.980	348.440	14.300		
14.310	97.200	49.680	132.300	279.180	14.310	149.420	57.040	141.980	348.440	14.310		
14.320	97.200	52.380	135.000	284.580	14.320	149.420	57.040	141.980	348.440	14.320		
14.330	97.200	52.380	132.300	281.880	14.330	149.420	57.040	139.500	345.960	14.330		
14.340	97.200	52.380	135.000	284.580	14.340	149.420	57.040	141.980	348.440	14.340		
14.350	97.200	52.380	135.000	284.580	14.350	146.940	57.040	141.980	345.960	14.350		
14.360	97.200	54.540	135.000	286.740	14.360	146.940	54.560	141.980	343.480	14.360		
14.370	99.600	54.600	135.000	289.200	14.370	144.460	54.560	141.980	341.000	14.370		
14.380	99.600	54.600	137.400	291.600	14.380	144.460	54.560	144.460	343.480	14.380		
14.390	102.000	57.000	137.400	296.400	14.390	141.980	52.080	144.460	338.520	14.390		
14.400	99.600	57.000	139.800	296.400	14.400	142.100	52.200	142.100	336.400	14.400		
14.410	102.000	57.000	137.400	296.400	14.410	142.100	52.200	145.000	339.300	14.410		
14.420	102.000	57.000	139.800	298.800	14.420	139.780	52.200	142.100	334.080	14.420		
14.430	102.000	57.000	142.200	301.200	14.430	139.780	49.880	139.780	329.440	14.430		
14.440	102.000	60.000	142.200	304.200	14.440	137.460	49.880	139.780	327.120	14.440		
14.450	102.000	60.000	142.200	304.200	14.450	137.460	49.880	139.780	327.120	14.450		
14.460	102.000	57.000	144.600	303.600	14.460	137.460	49.880	139.780	327.120	14.460		
14.470	105.000	60.000	144.600	309.600	14.470	137.460	49.880	139.780	327.120	14.470		
14.480	102.000	60.000	147.000	309.000	14.480	137.460	49.880	137.460	324.800	14.480		
14.490	105.000	60.000	147.000	312.000	14.490	137.460	49.880	137.460	324.800	14.490		
14.500	102.000	60.000	147.000	309.000	14.500	134.560	46.980	134.560	316.100	14.500		
14.510	102.000	62.400	150.000	314.400	14.510	134.560	46.980	134.560	316.100	14.510		
14.520	102.300	62.000	151.900	316.200	14.520	134.560	46.980	134.560	316.100	14.520		
14.530	99.820	59.520	151.900	311.240	14.530	137.460	46.980	134.560	319.000	14.530		
14.540	102.300	62.000	151.900	316.200	14.540	134.560	46.980	134.560	316.100	14.540		
14.550	99.820	59.520	151.900	311.240	14.550	137.200	47.040	132.160	316.400	14.550		
14.560	99.820	62.000	151.900	313.720	14.560	134.960	47.040	134.960	316.960	14.560		
14.570	99.820	62.000	151.900	313.720	14.570	134.960	47.040	134.960	316.960	14.570		
14.580	97.340	62.000	155.000	314.340	14.580	134.960	47.040	132.160	314.160	14.580		
14.590	99.820	62.000	155.000	316.820	14.590	132.160	47.040	134.960	314.160	14.590		
14.600	99.820	59.520	151.900	311.240	14.600	134.960	47.040	132.160	314.160	14.600		
14.610	99.820	62.000	151.900	313.720	14.610	132.160	47.040	134.960	314.160	14.610		
14.620	99.820	62.000	151.900	313.720	14.620	134.960	47.040	132.160	314.160	14.620		
14.630	102.300	62.000	149.420	313.720	14.630	134.960	47.040	134.960	316.960	14.630		
14.640	102.300	62.000	149.420	313.720	14.640	134.960	47.040	134.960	316.960	14.640		
14.650	102.300	59.520	149.420	311.240	14.650	134.960	47.040	132.160	314.160	14.650		
14.660	104.780	62.000	146.940	313.720	14.660	134.960	47.040	134.960	316.960	14.660		
14.670	104.980	62.060	145.000	312.040	14.670	137.200	47.040	137.200	321.440	14.670		
14.680	104.980	62.060	145.000	312.040	14.680	137.200	47.040	137.200	321.440	14.680		
14.690	107.300	62.060	142.100	311.460	14.690	134.960	47.040	140.000	322.000	14.690		
14.700	109.620	62.060	139.780	311.460	14.700	134.550	49.400	139.750	323.700	14.700		
14.710	111.940	62.060	134.560	308.560	14.710	131.950	49.400	139.750	321.100	14.710		
14.720	111.940	64.960	132.240	309.140	14.720	131.950	49.400	142.350	323.700	14.720		
14.730	117.160	64.960	129.920	312.040	14.730	130.000	49.400	144.950	324.350	14.730		
14.740	119.480	64.960	127.020	311.460	14.740	130.000	52.000	142.350	324.350	14.740		
14.750	122.380	64.960	122.380	309.720	14.750	130.000	52.000	144.950	326.950	14.750		
14.760	124.700	64.960	119.480	309.140	14.760	130.000	49.400	144.950	324.350	14.760		
14.770	127.020	64.960	117.160	309.140	14.770	130.000	52.000	146.900	328.900	14.770		
14.780	129.920	64.960	111.940	306.820	14.780	127.400	54.600	149.500	331.500	14.780		
14.790	134.560	64.960	109.620	309.140	14.790	124.800	54.600	152.100	331.500	14.790		
14.800	137.460	64.960	107.300	309.720	14.800	122.200	52.000	154.700	328.900	14.800		
14.810	139.780	64.960	102.080	306.820	14.810	119.600	54.600	157.300	331.500	14.810		
14.820	142.100	64.400	99.400	305.900	14.820	117.000	54.600	159.900	331.500	14.820		
14.830	144.900	64.400	97.300	306.600	14.830	114.400	54.600	162.500	331.500	14.830		
14.840	149.800	64.400	94.500	308.700	14.840	114.400	54.600	162.500	331.500	14.840		
14.850	151.900	64.400	89.600	305.900	14.850	112.500	54.750	162.000	329.250	14.850		
14.860	157.500	64.400	87.500	309.400	14.860	107.250	57.000	165.000	329.250	14.860		
14.870	162.400	62.300	84.700	309.400	14.870	107.250	57.000	165.000	329.250	14.870		
14.880	164.500	64.400	81.900	310.800	14.880	105.000	57.000	165.000	327.000	14.880		
14.890	167.300	64.400	79.800	311.500	14.890	102.000	57.000	167.250	326.250	14.890		
14.900	169.400	62.300	77.000	308.700	14.900	99.750	57.000	169.500	326.250	14.900		
14.910	172.200	62.300	77.000	311.500	14.910	97.500	57.000	169.500	324.000	14.910		
14.920	172.200	62.300	74.900	309.400	14.920	94.500	60.000	172.500	327.000	14.920		
14.930	172.200	62.300	74.900	309.400	14.930	92.250	60.000	174.750	327.000	14.930		
14.940	175.000	59.500	74.900	309.400	14.940	92.250	60.000	177.000	329.250	14.940		
14.950	175.000	59.500	74.900	309.400	14.950	90.000	62.250	177.000	329.250	14.950		
14.960	175.000	57.400	74.900	307.300	14.960	90.000	64.500	182.250	336.750	14.960		
14.970	176.860	56.980	74.740	308.580	14.970	90.000	67.500	184.500	342.000	14.970		
14.980	174.640	54.760	74.740	304.140	14.980	87.000	69.750	184.500	341.250	14.980		
14.990	174.640	54.760	74.740	304.140	14.990	87.000	72.000	187.500	346.500	14.990		
15.000	172.420	51.800	74.740	298.960	15.000	82.160	74.260	189.600	346.020	15.000		
15.010	172.420	49.580	74.740	296.740	15.010	79.790	77.420	189.600	346.810	15.010		
15.020	167.240	49.580	76.960	293.780	15.020	74.260	79.790	191.970	346.020	15.020		
15.030	167.240	47.360	79.920	294.520	15.030	69.520	82.160	194.340	346.020	15.030		
15.040	164.280	49.580	82.140	296.000	15.040	64.780	82.160	197.500	344.440	15.040		
15.050	167.240	47.360	84.360	298.960	15.050	59.250	82.160	197.500	338.910	15.050		
15.060	167.240	49.580	87.320	304.140	15.060	52.140	82.160	194.340	328.640	15.060		
15.070	169.460	49.580	92.500	311.540	15.070	47.400	79.790	191.970	319.160	15.070		
15.080	172.420	49.580	94.720	316.720	15.080	44.240	79.790	191.970	316.000	15.080		
15.090	174.640	49.580	99.900	324.120	15.090	41.870	77.420	187.230	306.520	15.090		
15.100	179.820	51.800	104.340	335.960	15.100	37.130	77.420	184.860	299.410	15.100		
15.110	185.000	51.800	107.300	344.100	15.110	32.390	74.260	182.490	289.140	15.110		
15.120	187.110	52.470	111.870	351.450	15.120	24.490	71.890	176.960	273.340	15.120		
15.130	187.110	52.470	119.790	359.370	15.130	17.380	67.150	167.480	252.010	15.130		
15.140	189.090	54.450	126.720	370.260	15.140	11.850	64.780	157.210	233.840	15.140		
15.150	194.040	54.450	131.670	380.160	15.150	9.690	62.130	142.500	214.320	15.150		
15.160	197.010	57.420	139.590	394.020	15.160	9.690	59.850	127.110	196.650	15.160		
15.170	201.960	59.400	149.490	410.850	15.170	7.410	54.720	112.290	174.420	15.170		
15.180	206.910	62.370	157.410	426.690	15.180	4.560	49.590	97.470	151.620	15.180		
15.190	211.860	64.350	167.310	443.520	15.190	4.560	44.460	82.080	131.100	15.190		
15.200	214.830	64.350	179.190	458.370	15.200	2.280	42.180	67.260	111.720	15.200		
15.210	219.780	67.320	192.060	479.160	15.210	4.560	37.050	54.720	96.330	15.210		
15.220	221.760	69.300	204.930	495.990	15.220	2.280	34.770	42.180	79.230	15.220		
15.230	226.710	72.270	216.810	515.790	15.230	2.280	32.490	32.490	67.260	15.230		
15.240	231.660	74.250	229.680	535.590	15.240	4.560	27.360	22.230	54.150	15.240		
15.250	234.630	77.220	236.610	548.460	15.250	4.560	24.510	14.820	43.890	15.250		
15.260	236.610	77.220	247.500	561.330	15.260	4.560	19.950	7.410	31.920	15.260		
15.270	239.760	76.590	254.190	570.540	15.270	4.560	17.100	2.280	23.940	15.270		
15.280	241.980	79.920	259.740	581.640	15.280	4.560	14.820	0.000	19.380	15.280		
15.290	244.200	79.920	264.180	588.300	15.290	4.560	14.820	0.000	19.380	15.290		
15.300	246.420	79.920	264.180	590.520	15.300	2.500	12.500	0.000	15.000	15.300		
15.310	251.970	82.140	266.400	600.510	15.310	5.000	12.500	0.000	17.500	15.310		
15.320	251.970	82.140	264.180	598.290	15.320	2.500	12.500	0.000	15.000	15.320		
15.330	254.190	79.920	264.180	598.290	15.330	2.500	12.500	0.000	15.000	15.330		
15.340	254.190	79.920	261.960	596.070	15.340	2.500	12.500	0.000	15.000	15.340		
15.350	254.190	79.920	264.180	598.290	15.350	2.500	12.500	0.000	15.000	15.350		
15.360	251.970	76.590	264.180	592.740	15.360	0.000	12.500	0.000	12.500	15.360		
15.370	249.750	76.590	266.400	592.740	15.370	0.000	10.000	0.000	10.000	15.370		
15.380	246.420	76.590	269.730	592.740	15.380	0.000	10.000	0.000	10.000	15.380		
15.390	241.980	76.590	271.950	590.520	15.390	0.000	10.000	0.000	10.000	15.390		
15.400	234.210	76.590	274.170	584.970	15.400	0.000	7.500	0.000	7.500	15.400		
15.410	226.440	76.590	277.500	580.530	15.410	0.000	7.500	0.000	7.500	15.410		
15.420	216.920	71.920	281.880	570.720	15.420	0.000	7.500	2.500	10.000	15.420		
15.430	214.600	71.920	284.200	570.720	15.430	0.000	5.000	0.000	5.000	15.430		
15.440	206.480	71.920	290.000	568.400	15.440	0.000	5.000	2.500	7.500	15.440		
15.450	204.160	69.600	290.000	563.760	15.450	0.000	4.860	0.000	4.860	15.450		
15.460	204.160	71.920	290.000	566.080	15.460	0.000	4.860	0.000	4.860	15.460		
15.470	204.160	71.920	286.520	562.600	15.470	0.000	4.860	0.000	4.860	15.470		
15.480	206.480	71.920	286.520	564.920	15.480	2.430	4.860	2.430	9.720	15.480		
15.490	206.480	71.920	286.520	564.920	15.490	4.860	4.860	7.290	17.010	15.490		
15.500	206.480	71.920	284.200	562.600	15.500	2.430	2.430	9.990	14.850	15.500		
15.510	209.960	71.920	281.880	563.760	15.510	2.430	4.860	12.420	19.710	15.510		
15.520	214.600	71.920	279.560	566.080	15.520	0.000	4.860	17.280	22.140	15.520		
15.530	219.240	71.920	271.440	562.600	15.530	2.430	4.860	22.410	29.700	15.530		
15.540	223.880	71.920	262.160	557.960	15.540	4.860	4.860	27.270	36.990	15.540		
15.550	234.320	71.920	251.720	557.960	15.550	7.290	4.860	32.400	44.550	15.550		
15.560	247.080	67.280	232.000	546.360	15.560	14.850	7.290	42.390	64.530	15.560		
15.570	259.420	64.260	211.820	535.500	15.570	22.410	7.290	49.950	79.650	15.570		
15.580	266.560	59.500	193.970	520.030	15.580	29.970	9.990	57.240	97.200	15.580		
15.590	277.270	54.740	168.980	500.990	15.590	39.960	9.990	67.500	117.450	15.590		
15.600	284.410	46.410	146.370	477.190	15.600	64.390	12.330	71.240	147.960	15.600		
15.610	289.170	39.270	121.380	449.820	15.610	86.310	13.700	76.720	176.730	15.610		
15.620	291.550	32.130	96.390	420.070	15.620	104.120	12.330	79.460	195.910	15.620		
15.630	297.500	21.420	71.400	390.320	15.630	124.670	13.700	82.200	220.570	15.630		
15.640	293.930	16.660	52.360	362.950	15.640	142.480	13.700	86.310	242.490	15.640		
15.650	289.170	11.900	36.890	337.960	15.650	161.660	16.440	91.790	269.890	15.650		
15.660	277.270	9.520	32.130	318.920	15.660	179.470	19.180	94.530	293.180	15.660		
15.670	261.800	7.140	27.370	296.310	15.670	198.650	19.180	97.270	315.100	15.670		
15.680	236.810	4.760	19.040	260.610	15.680	219.200	21.920	98.640	339.760	15.680		
15.690	211.820	2.380	14.280	228.480	15.690	237.010	24.660	101.380	363.050	15.690		
15.700	182.070	2.380	11.900	196.350	15.700	256.190	27.400	104.120	387.710	15.700		
15.710	154.700	2.380	9.520	166.600	15.710	276.740	28.770	106.860	412.370	15.710		
15.720	125.000	2.500	7.500	135.000	15.720	298.660	34.250	106.860	439.770	15.720		
15.730	100.000	0.000	7.500	107.500	15.730	319.210	36.990	106.860	463.060	15.730		
15.740	82.500	0.000	5.000	87.500	15.740	342.500	42.470	106.860	491.830	15.740		
15.750	65.000	0.000	5.000	70.000	15.750	366.950	48.330	103.820	519.100	15.750		
15.760	52.500	0.000	2.500	55.000	15.760	388.430	57.280	102.030	547.740	15.760		
15.770	40.000	0.000	2.500	42.500	15.770	404.540	66.230	103.820	574.590	15.770		
15.780	27.500	0.000	2.500	30.000	15.780	418.860	73.390	103.820	596.070	15.780		
15.790	17.500	0.000	2.500	20.000	15.790	429.600	84.130	103.820	617.550	15.790		
15.800	10.000	0.000	0.000	10.000	15.800	438.550	91.290	103.820	633.660	15.800		
15.810	5.000	2.500	0.000	7.500	15.810	443.920	102.030	102.030	647.980	15.810		
15.820	5.000	0.000	0.000	5.000	15.820	447.500	107.400	102.030	656.930	15.820		
15.830	2.500	0.000	0.000	2.500	15.830	447.500	114.560	98.450	660.510	15.830		
15.840	2.500	0.000	0.000	2.500	15.840	443.920	121.720	98.450	664.090	15.840		
15.850	2.500	2.500	0.000	5.000	15.850	438.550	127.090	96.660	662.300	15.850		
15.860	0.000	0.000	0.000	0.000	15.860	431.390	132.460	94.870	658.720	15.860		
15.870	0.000	0.000	0.000	0.000	15.870	422.440	136.040	94.870	653.350	15.870		
15.880	0.000	0.000	0.000	0.000	15.880	411.700	141.410	91.290	644.400	15.880		
15.890	0.000	0.000	0.000	0.000	15.890	399.170	146.780	94.870	640.820	15.890		
15.900	0.000	2.500	0.000	2.500	15.900	387.500	155.000	94.550	637.050	15.900		
15.910	0.000	0.000	0.000	0.000	15.910	379.750	159.650	94.550	633.950	15.910		
15.920	0.000	0.000	0.000	0.000	15.920	372.000	161.200	96.100	629.300	15.920		
15.930	0.000	0.000	0.000	0.000	15.930	364.250	167.400	96.100	627.750	15.930		
15.940	0.000	0.000	0.000	0.000	15.940	359.600	168.950	94.550	623.100	15.940		
15.950	0.000	0.000	0.000	0.000	15.950	354.950	173.600	94.550	623.100	15.950		
15.960	0.000	0.000	0.000	0.000	15.960	351.850	179.800	94.550	626.200	15.960		
15.970	0.000	2.500	0.000	2.500	15.970	348.750	181.350	91.450	621.550	15.970		
15.980	0.000	0.000	0.000	0.000	15.980	347.200	184.450	89.900	621.550	15.980		
15.990	0.000	0.000	0.000	0.000	15.990	347.200	186.000	86.800	620.000	15.990		
16.000	0.000	0.000	0.000	0.000	16.000	347.200	189.100	83.700	620.000	16.000		
16.010	0.000	0.000	0.000	0.000	16.010	347.200	189.100	82.150	618.450	16.010		
16.020	0.000	0.000	0.000	0.000	16.020	348.750	189.100	79.050	616.900	16.020		
16.030	0.000	0.000	0.000	0.000	16.030	351.850	189.100	74.400	615.350	16.030		
16.040	0.000	0.000	0.000	0.000	16.040	354.950	189.100	71.300	615.350	16.040		
16.050	0.000	0.000	0.000	0.000	16.050	359.520	189.840	67.200	616.560	16.050		
16.060	0.000	0.000	0.000	0.000	16.060	364.560	186.480	63.840	614.880	16.060		
16.070	0.000	0.000	0.000	0.000	16.070	374.640	184.800	62.160	621.600	16.070		
16.080	0.000	0.000	0.000	0.000	16.080	379.680	181.440	53.760	614.880	16.080		
16.090	0.000	0.000	0.000	0.000	16.090	389.760	179.760	48.720	618.240	16.090		
16.100	0.000	0.000	0.000	0.000	16.100	396.480	176.400	43.680	616.560	16.100		
16.110	0.000	0.000	0.000	0.000	16.110	401.520	169.680	38.640	609.840	16.110		
16.120	2.450	2.450	0.000	4.900	16.120	409.920	166.320	36.960	613.200	16.120		
16.130	4.970	2.450	0.000	7.420	16.130	411.600	161.280	33.600	606.480	16.130		
16.140	4.970	2.450	2.450	9.870	16.140	414.960	154.560	28.560	598.080	16.140		
16.150	9.940	4.970	2.450	17.360	16.150	420.000	151.200	28.560	599.760	16.150		
16.160	17.500	7.490	4.970	29.960	16.160	420.000	144.480	26.880	591.360	16.160		
16.170	24.480	7.480	7.480	39.440	16.170	420.000	139.440	23.520	582.960	16.170		
16.180	34.680	9.520	9.520	53.720	16.180	416.640	134.400	23.520	574.560	16.180		
16.190	42.160	9.520	12.240	63.920	16.190	414.960	129.360	21.840	566.160	16.190		
16.200	46.920	14.960	12.240	74.120	16.200	410.000	121.360	19.680	551.040	16.200		
16.210	52.360	17.000	19.720	89.080	16.210	403.440	116.440	16.400	536.280	16.210		
16.220	61.880	22.440	31.960	116.280	16.220	396.880	111.520	16.400	524.800	16.220		
16.230	69.360	24.480	46.920	140.760	16.230	387.040	106.600	14.760	508.400	16.230		
16.240	76.840	31.960	61.880	170.680	16.240	377.200	98.400	11.480	487.080	16.240		
16.250	82.280	37.400	79.560	199.240	16.250	364.080	93.480	9.840	467.400	16.250		
16.260	87.040	44.880	94.520	226.440	16.260	346.040	88.560	9.840	444.440	16.260		
16.270	92.480	52.360	112.200	257.040	16.270	329.640	82.000	6.560	418.200	16.270		
16.280	94.520	57.120	127.160	278.800	16.280	306.680	73.800	6.560	387.040	16.280		
16.290	99.960	61.880	139.400	301.240	16.290	282.080	67.240	1.640	350.960	16.290		
16.300	102.000	67.320	154.360	323.680	16.300	254.200	62.320	1.640	318.160	16.300		
16.310	107.440	72.080	170.000	349.520	16.310	226.320	54.120	0.000	280.440	16.310		
16.320	106.260	78.660	189.060	373.980	16.320	201.720	45.920	0.000	247.640	16.320		
16.330	109.020	81.420	204.240	394.680	16.330	173.840	41.000	0.000	214.840	16.330		
16.340	114.540	89.700	222.180	426.420	16.340	144.320	34.440	0.000	178.760	16.340		
16.350	114.540	93.840	237.360	445.740	16.350	115.000	27.140	0.000	142.140	16.350		
16.360	117.300	99.360	251.160	467.820	16.360	92.460	22.080	0.000	114.540	16.360		
16.370	121.440	104.880	266.340	492.660	16.370	69.920	14.720	0.000	84.640	16.370		
16.380	121.440	109.020	281.520	511.980	16.380	52.440	9.660	0.000	62.100	16.380		
16.390	124.200	111.780	291.180	527.160	16.390	39.560	9.660	0.000	49.220	16.390		
16.400	124.200	114.540	304.980	543.720	16.400	27.140	4.600	0.000	31.740	16.400		
16.410	124.200	117.300	314.640	556.140	16.410	17.480	4.600	0.000	22.080	16.410		
16.420	121.440	118.680	321.540	561.660	16.420	9.660	2.300	0.000	11.960	16.420		
16.430	118.680	118.680	331.200	568.560	16.430	2.300	0.000	0.000	2.300	16.430		
16.440	114.540	121.440	339.480	575.460	16.440	2.300	0.000	0.000	2.300	16.440		
16.450	111.780	121.440	345.000	578.220	16.450	0.000	0.000	0.000	0.000	16.450		
16.460	114.540	124.200	342.240	580.980	16.460	0.000	0.000	0.000	0.000	16.460		
16.470	114.240	123.760	340.000	578.000	16.470	0.000	0.000	0.000	0.000	16.470		
16.480	116.960	123.760	331.840	572.560	16.480	0.000	0.000	2.300	2.300	16.480		
16.490	116.960	123.760	329.120	569.840	16.490	0.000	0.000	0.000	0.000	16.490		
16.500	119.680	123.760	322.320	565.760	16.500	0.000	0.000	2.310	2.310	16.500		
16.510	119.680	122.400	319.600	561.680	16.510	0.000	0.000	2.310	2.310	16.510		
16.520	119.680	122.400	314.160	556.240	16.520	0.000	0.000	2.310	2.310	16.520		
16.530	119.680	119.680	311.440	550.800	16.530	0.000	0.000	2.310	2.310	16.530		
16.540	116.960	116.960	308.720	542.640	16.540	0.000	0.000	2.310	2.310	16.540		
16.550	119.680	114.240	307.360	541.280	16.550	0.000	0.000	4.830	4.830	16.550		
16.560	119.680	114.240	307.360	541.280	16.560	0.000	0.000	4.830	4.830	16.560		
16.570	119.680	114.240	308.720	542.640	16.570	2.310	2.310	4.830	9.450	16.570		
16.580	122.400	111.520	308.720	542.640	16.580	4.830	2.310	4.830	11.970	16.580		
16.590	119.680	111.520	311.440	542.640	16.590	14.910	2.310	4.830	22.050	16.590		
16.600	119.680	108.800	311.440	539.920	16.600	27.300	4.830	4.830	36.960	16.600		
16.610	114.240	108.800	311.440	534.480	16.610	37.380	2.310	4.830	44.520	16.610		
16.620	109.620	104.580	312.480	526.680	16.620	42.420	4.830	4.830	52.080	16.620		
16.630	102.060	102.060	312.480	516.600	16.630	49.980	4.830	4.830	59.640	16.630		
16.640	97.020	99.540	315.000	511.560	16.640	52.500	4.830	4.830	62.160	16.640		
16.650	91.980	97.020	315.000	504.000	16.650	54.290	4.450	4.450	63.190	16.650		
16.660	84.420	91.980	315.000	491.400	16.660	56.960	4.450	4.450	65.860	16.660		
16.670	79.380	89.460	315.000	483.840	16.670	59.630	4.450	1.780	65.860	16.670		
16.680	71.820	86.940	315.000	473.760	16.680	64.970	4.450	4.450	73.870	16.680		
16.690	69.300	84.420	309.960	463.680	16.690	69.420	4.450	4.450	78.320	16.690		
16.700	66.780	81.900	304.920	453.600	16.700	77.430	7.120	4.450	89.000	16.700		
16.710	64.260	79.380	299.880	443.520	16.710	87.220	7.120	7.120	101.460	16.710		
16.720	61.740	79.380	289.800	430.920	16.720	97.010	9.790	7.120	113.920	16.720		
16.730	59.220	74.340	282.240	415.800	16.730	109.470	9.790	7.120	126.380	16.730		
16.740	59.220	74.340	272.160	405.720	16.740	124.600	12.460	4.450	141.510	16.740		
16.750	59.220	69.300	259.560	388.080	16.750	142.400	14.240	7.120	163.760	16.750		
16.760	59.220	66.780	244.440	370.440	16.760	156.640	16.910	9.790	183.340	16.760		
16.770	59.400	64.800	225.000	349.200	16.770	177.110	19.580	9.790	206.480	16.770		
16.780	62.100	56.700	199.800	318.600	16.780	196.690	22.250	9.790	228.730	16.780		
16.790	64.800	52.200	171.900	288.900	16.790	222.500	24.920	12.460	259.880	16.790		
16.800	69.300	45.000	139.500	253.800	16.800	248.640	31.080	11.100	290.820	16.800		
16.810	77.400	36.900	107.100	221.400	16.810	277.500	35.520	11.100	324.120	16.810		
16.820	84.600	27.000	69.300	180.900	16.820	306.360	42.180	13.320	361.860	16.820		
16.830	90.000	17.100	39.600	146.700	16.830	337.440	46.620	15.540	399.600	16.830		
16.840	97.200	14.400	24.300	135.900	16.840	368.520	53.280	22.200	444.000	16.840		
16.850	94.500	9.900	17.100	121.500	16.850	404.040	59.940	22.200	486.180	16.850		
16.860	91.800	7.200	9.900	108.900	16.860	432.900	64.380	24.420	521.700	16.860		
16.870	81.900	4.500	4.500	90.900	16.870	463.980	68.820	24.420	557.220	16.870		
16.880	69.300	1.800	1.800	72.900	16.880	486.180	71.040	26.640	583.860	16.880		
16.890	54.900	1.800	0.000	56.700	16.890	503.940	73.260	28.860	606.060	16.890		
16.900	42.300	0.000	0.000	42.300	16.900	519.480	75.480	28.860	623.820	16.900		
16.910	29.700	1.800	0.000	31.500	16.910	528.360	75.480	31.080	634.920	16.910		
16.920	17.500	0.000	0.000	17.500	16.920	541.680	75.480	31.080	648.240	16.920		
16.930	9.940	2.450	0.000	12.390	16.930	548.340	75.480	33.300	657.120	16.930		
16.940	4.970	2.450	0.000	7.420	16.940	555.000	73.260	31.080	659.340	16.940		
16.950	4.970	2.450	0.000	7.420	16.950	560.690	70.370	31.780	662.840	16.950		
16.960	4.970	2.450	0.000	7.420	16.960	562.960	70.370	34.050	667.380	16.960		
16.970	4.970	2.450	0.000	7.420	16.970	567.500	68.100	31.780	667.380	16.970		
16.980	4.970	2.450	0.000	7.420	16.980	562.960	68.100	31.780	662.840	16.980		
16.990	2.450	0.000	0.000	2.450	16.990	556.150	68.100	31.780	656.030	16.990		
17.000	2.450	2.450	0.000	4.900	17.000	544.800	68.100	31.780	644.680	17.000		
17.010	2.450	2.450	0.000	4.900	17.010	531.180	70.370	31.780	633.330	17.010		
17.020	2.450	0.000	0.000	2.450	17.020	515.290	70.370	31.780	617.440	17.020		
17.030	2.450	0.000	0.000	2.450	17.030	501.670	77.180	34.050	612.900	17.030		
17.040	2.450	0.000	0.000	2.450	17.040	485.780	79.450	38.590	603.820	17.040		
17.050	2.450	0.000	0.000	2.450	17.050	472.160	83.990	45.400	601.550	17.050		
17.060	0.000	0.000	0.000	0.000	17.060	458.540	88.530	49.940	597.010	17.060		
17.070	0.000	0.000	0.000	0.000	17.070	451.730	88.530	52.210	592.470	17.070		
17.080	0.000	0.000	0.000	0.000	17.080	447.190	90.800	54.480	592.470	17.080		
17.090	0.000	2.500	0.000	2.500	17.090	444.920	95.340	56.750	597.010	17.090		
17.100	0.000	0.000	0.000	0.000	17.100	442.500	99.120	58.410	600.030	17.100		
17.110	0.000	0.000	0.000	0.000	17.110	437.190	100.890	58.410	596.490	17.110		
17.120	0.000	0.000	0.000	0.000	17.120	433.650	100.890	61.950	596.490	17.120		
17.130	0.000	0.000	0.000	0.000	17.130	431.880	104.430	63.720	600.030	17.130		
17.140	0.000	0.000	0.000	0.000	17.140	431.880	104.430	63.720	600.030	17.140		
17.150	0.000	0.000	0.000	0.000	17.150	428.340	106.200	67.260	601.800	17.150		
17.160	0.000	0.000	0.000	0.000	17.160	426.570	106.200	69.030	601.800	17.160		
17.170	0.000	0.000	0.000	0.000	17.170	421.260	106.200	74.340	601.800	17.170		
17.180	0.000	0.000	0.000	0.000	17.180	419.490	106.200	79.650	605.340	17.180		
17.190	0.000	0.000	0.000	0.000	17.190	414.180	106.200	84.960	605.340	17.190		
17.200	0.000	0.000	0.000	0.000	17.200	408.870	106.200	92.040	607.110	17.200		
17.210	0.000	0.000	0.000	0.000	17.210	401.790	109.740	99.120	610.650	17.210		
17.220	0.000	0.000	0.000	0.000	17.220	391.170	111.510	109.740	612.420	17.220		
17.230	0.000	0.000	0.000	0.000	17.230	382.320	111.510	118.590	612.420	17.230		
17.240	0.000	0.000	0.000	0.000	17.240	373.470	111.510	129.210	614.190	17.240		
17.250	0.000	0.000	0.000	0.000	17.250	358.980	115.800	144.750	619.530	17.250		
17.260	0.000	0.000	0.000	0.000	17.260	343.540	119.660	158.260	621.460	17.260		
17.270	0.000	0.000	0.000	0.000	17.270	324.240	123.520	175.630	623.390	17.270		
17.280	0.000	0.000	0.000	0.000	17.280	301.080	129.310	198.790	629.180	17.280		
17.290	0.000	0.000	0.000	0.000	17.290	275.990	131.240	218.090	625.320	17.290		
17.300	0.000	0.000	0.000	0.000	17.300	250.900	131.240	241.250	623.390	17.300		
17.310	0.000	0.000	0.000	0.000	17.310	229.670	131.240	264.410	625.320	17.310		
17.320	0.000	0.000	0.000	0.000	17.320	200.720	131.240	289.500	621.460	17.320		
17.330	0.000	0.000	9.860	9.860	17.330	175.630	129.310	316.520	621.460	17.330		
17.340	0.000	0.000	29.870	29.870	17.340	148.610	127.380	341.610	617.600	17.340		
17.350	0.000	0.000	52.490	52.490	17.350	123.520	121.590	372.490	617.600	17.350		
17.360	0.000	0.000	72.500	72.500	17.360	96.500	115.800	401.440	613.740	17.360		
17.370	0.000	0.000	107.440	107.440	17.370	71.410	106.150	428.460	606.020	17.370		
17.380	0.000	0.000	141.440	141.440	17.380	54.040	96.500	457.410	607.950	17.380		
17.390	0.000	1.360	174.080	175.440	17.390	42.460	81.060	482.500	606.020	17.390		
17.400	1.360	4.080	194.480	199.920	17.400	33.280	66.560	503.360	603.200	17.400		
17.410	6.800	6.800	201.280	214.880	17.410	24.960	54.080	511.680	590.720	17.410		
17.420	6.800	9.520	199.920	216.240	17.420	16.640	45.760	520.000	582.400	17.420		
17.430	6.800	12.240	194.480	213.520	17.430	6.240	37.440	520.000	563.680	17.430		
17.440	9.520	16.320	197.200	223.040	17.440	0.000	27.040	509.600	536.640	17.440		
17.450	12.240	24.480	209.440	246.160	17.450	0.000	18.720	497.120	515.840	17.450		
17.460	16.320	31.280	229.840	277.440	17.460	0.000	14.560	476.320	490.880	17.460		
17.470	21.760	42.160	251.600	315.520	17.470	0.000	8.320	449.280	457.600	17.470		
17.480	27.200	51.680	274.720	353.600	17.480	0.000	4.160	416.000	420.160	17.480		
17.490	31.280	61.200	299.200	391.680	17.490	0.000	2.080	372.320	374.400	17.490		
17.500	36.720	72.080	319.600	428.400	17.500	0.000	0.000	324.480	324.480	17.500		
17.510	42.160	84.320	340.000	466.480	17.510	0.000	0.000	272.480	272.480	17.510		
17.520	49.500	94.500	354.000	498.000	17.520	0.000	0.000	216.320	216.320	17.520		
17.530	52.500	105.000	361.500	519.000	17.530	0.000	0.000	162.240	162.240	17.530		
17.540	54.000	112.500	367.500	534.000	17.540	0.000	0.000	108.160	108.160	17.540		
17.550	61.500	120.000	372.000	553.500	17.550	0.000	0.000	67.500	67.500	17.550		
17.560	64.500	127.500	372.000	564.000	17.560	0.000	0.000	39.960	39.960	17.560		
17.570	67.500	129.000	375.000	571.500	17.570	0.000	0.000	24.840	24.840	17.570		
17.580	69.000	135.000	375.000	579.000	17.580	0.000	0.000	12.420	12.420	17.580		
17.590	72.000	136.500	375.000	583.500	17.590	0.000	0.000	7.290	7.290	17.590		
17.600	72.000	136.500	375.000	583.500	17.600	0.000	0.000	2.430	2.430	17.600		
17.610	72.000	139.500	372.000	583.500	17.610	0.000	0.000	2.430	2.430	17.610		
17.620	72.000	139.500	367.500	579.000	17.620	0.000	0.000	2.430	2.430	17.620		
17.630	72.000	139.500	361.500	573.000	17.630	0.000	0.000	2.430	2.430	17.630		
17.640	72.000	136.500	349.500	558.000	17.640	0.000	0.000	2.430	2.430	17.640		
17.650	75.000	135.000	342.000	552.000	17.650	0.000	0.000	0.000	0.000	17.650		
17.660	76.500	132.000	331.500	540.000	17.660	0.000	0.000	0.000	0.000	17.660		
17.670	79.980	129.000	322.500	531.480	17.670	0.000	0.000	0.000	0.000	17.670		
17.680	81.270	126.420	312.180	519.870	17.680	0.000	0.000	0.000	0.000	17.680		
17.690	83.850	123.840	307.020	514.710	17.690	0.000	0.000	0.000	0.000	17.690		
17.700	83.850	126.420	299.280	509.550	17.700	0.000	0.000	0.000	0.000	17.700		
17.710	89.010	126.420	288.960	504.390	17.710	0.000	0.000	0.000	0.000	17.710		
17.720	91.590	131.580	277.350	500.520	17.720	0.000	0.000	0.000	0.000	17.720		
17.730	99.330	136.740	264.450	500.520	17.730	0.000	0.000	0.000	0.000	17.730		
17.740	104.490	141.900	248.970	495.360	17.740	0.000	0.000	0.000	0.000	17.740		
17.750	114.810	152.220	237.360	504.390	17.750	0.000	0.000	0.000	0.000	17.750		
17.760	121.260	157.380	221.880	500.520	17.760	0.000	0.000	0.000	0.000	17.760		
17.770	134.160	161.250	206.400	501.810	17.770	0.000	0.000	0.000	0.000	17.770		
17.780	141.900	163.830	194.790	500.520	17.780	0.000	0.000	0.000	0.000	17.780		
17.790	152.220	166.410	181.890	500.520	17.790	0.000	0.000	0.000	0.000	17.790		
17.800	163.830	168.990	166.410	499.230	17.800	0.000	0.000	0.000	0.000	17.800		
17.810	176.730	168.990	157.380	503.100	17.810	0.000	0.000	0.000	0.000	17.810		
17.820	191.100	165.750	142.350	499.200	17.820	0.000	0.000	0.000	0.000	17.820		
17.830	204.750	165.750	130.650	501.150	17.830	0.000	0.000	0.000	0.000	17.830		
17.840	218.400	163.800	118.950	501.150	17.840	0.000	0.000	0.000	0.000	17.840		
17.850	234.000	159.900	109.200	503.100	17.850	0.000	0.000	0.000	0.000	17.850		
17.860	251.550	156.000	97.500	505.050	17.860	0.000	0.000	0.000	0.000	17.860		
17.870	269.100	152.100	85.800	507.000	17.870	0.000	0.000	0.000	0.000	17.870		
17.880	288.600	148.200	76.050	512.850	17.880	0.000	0.000	0.000	0.000	17.880		
17.890	308.100	144.300	64.350	516.750	17.890	0.000	0.000	0.000	0.000	17.890		
17.900	331.500	138.450	58.500	528.450	17.900	0.000	0.000	0.000	0.000	17.900		
17.910	354.900	136.500	50.700	542.100	17.910	0.000	0.000	0.000	0.000	17.910		
17.920	382.200	128.700	44.850	555.750	17.920	0.000	0.000	0.000	0.000	17.920		
17.930	409.500	118.950	37.050	565.500	17.930	0.000	0.000	0.000	0.000	17.930		
17.940	436.800	109.200	29.250	575.250	17.940	0.000	0.000	0.000	0.000	17.940		
17.950	462.150	101.400	21.450	585.000	17.950	0.000	0.000	2.500	2.500	17.950		
17.960	487.500	93.600	15.600	596.700	17.960	0.000	0.000	0.000	0.000	17.960		
17.970	514.650	82.250	11.750	608.650	17.970	0.000	0.000	0.000	0.000	17.970		
17.980	535.800	68.150	7.050	611.000	17.980	0.000	0.000	0.000	0.000	17.980		
17.990	554.600	58.750	4.700	618.050	17.990	0.000	0.000	0.000	0.000	17.990		
18.000	568.700	49.350	2.350	620.400	18.000	0.000	0.000	0.000	0.000	18.000		
18.010	578.100	39.950	0.000	618.050	18.010	0.000	0.000	0.000	0.000	18.010		
18.020	587.500	28.200	0.000	615.700	18.020	29.410	0.000	0.000	29.410	18.020		
18.030	587.500	21.150	0.000	608.650	18.030	89.960	0.000	0.000	89.960	18.030		
18.040	578.100	11.750	0.000	589.850	18.040	143.590	0.000	0.000	143.590	18.040		
18.050	564.000	4.700	0.000	568.700	18.050	179.920	0.000	0.000	179.920	18.050		
18.060	538.150	0.000	0.000	538.150	18.060	209.330	0.000	0.000	209.330	18.060		
18.070	509.950	0.000	0.000	509.950	18.070	247.390	0.000	0.000	247.390	18.070		
18.080	470.000	0.000	0.000	470.000	18.080	287.180	1.730	0.000	288.910	18.080		
18.090	418.300	0.000	0.000	418.300	18.090	323.510	6.920	0.000	330.430	18.090		
18.100	359.550	0.000	0.000	359.550	18.100	359.840	13.840	0.000	373.680	18.100		
18.110	300.800	0.000	0.000	300.800	18.110	385.790	24.220	0.000	410.010	18.110		
18.120	227.500	0.000	0.000	227.500	18.120	406.550	39.790	1.730	448.070	18.120		
18.130	164.710	0.000	0.000	164.710	18.130	422.120	57.090	3.460	482.670	18.130		
18.140	114.660	0.000	0.000	114.660	18.140	432.500	70.930	6.920	510.350	18.140		
18.150	71.890	0.000	0.000	71.890	18.150	443.770	81.590	11.940	537.300	18.150		
18.160	44.590	0.000	0.000	44.590	18.160	453.720	91.540	13.930	559.190	18.160		
18.170	24.570	1.820	0.000	26.390	18.170	463.670	99.500	15.920	579.090	18.170		
18.180	11.830	1.820	0.000	13.650	18.180	473.620	107.460	19.900	600.980	18.180		
18.190	7.280	4.550	0.000	11.830	18.190	483.570	111.440	21.890	616.900	18.190		
18.200	4.550	1.820	0.000	6.370	18.200	491.530	113.430	21.890	626.850	18.200		
18.210	1.820	1.820	0.000	3.640	18.210	497.500	113.430	21.890	632.820	18.210		
18.220	1.820	1.820	0.000	3.640	18.220	497.500	113.430	23.880	634.810	18.220		
18.230	1.820	1.820	0.000	3.640	18.230	493.520	113.430	23.880	630.830	18.230		
18.240	1.820	1.820	0.000	3.640	18.240	489.540	113.430	23.880	626.850	18.240		
18.250	0.000	1.820	0.000	1.820	18.250	481.580	113.430	25.870	620.880	18.250		
18.260	0.000	1.820	0.000	1.820	18.260	469.640	113.430	25.870	608.940	18.260		
18.270	0.000	2.500	0.000	2.500	18.270	459.690	111.440	25.870	597.000	18.270		
18.280	0.000	2.500	0.000	2.500	18.280	445.760	109.450	29.850	585.060	18.280		
18.290	0.000	2.500	0.000	2.500	18.290	433.820	107.460	29.850	571.130	18.290		
18.300	0.000	2.500	0.000	2.500	18.300	422.500	104.780	32.110	559.390	18.300		
18.310	0.000	2.500	0.000	2.500	18.310	412.360	104.780	33.800	550.940	18.310		
18.320	0.000	2.500	0.000	2.500	18.320	402.220	104.780	37.180	544.180	18.320		
18.330	0.000	2.500	0.000	2.500	18.330	392.080	101.400	42.250	535.730	18.330		
18.340	0.000	2.500	0.000	2.500	18.340	383.630	104.780	47.320	535.730	18.340		
18.350	0.000	2.500	0.000	2.500	18.350	373.490	104.780	52.390	530.660	18.350		
18.360	0.000	2.500	0.000	2.500	18.360	366.730	109.850	60.840	537.420	18.360		
18.370	0.000	2.500	0.000	2.500	18.370	356.590	114.920	69.290	540.800	18.370		
18.380	0.000	2.500	0.000	2.500	18.380	344.760	119.990	76.050	540.800	18.380		
18.390	0.000	2.500	0.000	2.500	18.390	329.550	128.440	84.500	542.490	18.390		
18.400	0.000	2.500	0.000	2.500	18.400	314.340	133.510	96.330	544.180	18.400		
18.410	0.000	2.500	0.000	2.500	18.410	294.060	141.960	109.850	545.870	18.410		
18.420	0.000	2.500	0.000	2.500	18.420	272.090	148.720	123.370	544.180	18.420		
18.430	0.000	0.000	0.000	0.000	18.430	248.430	153.790	141.960	544.180	18.430		
18.440	0.000	2.500	0.000	2.500	18.440	229.840	158.860	158.860	547.560	18.440		
18.450	0.000	2.500	0.000	2.500	18.450	203.700	163.800	178.500	546.000	18.450		
18.460	0.000	2.500	0.000	2.500	18.460	186.900	165.900	199.500	552.300	18.460		
18.470	0.000	2.500	0.000	2.500	18.470	165.900	168.000	218.400	552.300	18.470		
18.480	0.000	2.500	0.000	2.500	18.480	147.000	172.200	239.400	558.600	18.480		
18.490	0.000	2.500	0.000	2.500	18.490	128.100	172.200	264.600	564.900	18.490		
18.500	0.000	2.500	0.000	2.500	18.500	109.200	172.200	283.500	564.900	18.500		
18.510	0.000	2.500	0.000	2.500	18.510	92.400	174.300	308.700	575.400	18.510		
18.520	0.000	0.000	0.000	0.000	18.520	75.600	172.200	336.000	583.800	18.520		
18.530	0.000	0.000	0.000	0.000	18.530	63.000	168.000	361.200	592.200	18.530		
18.540	0.000	2.500	0.000	2.500	18.540	52.500	161.700	388.500	602.700	18.540		
18.550	2.500	2.500	0.000	5.000	18.550	44.100	151.200	415.800	611.100	18.550		
18.560	2.500	2.500	0.000	5.000	18.560	35.700	140.700	447.300	623.700	18.560		
18.570	1.470	1.470	0.000	2.940	18.570	29.400	128.100	472.500	630.000	18.570		
18.580	1.470	1.470	0.000	2.940	18.580	21.000	119.700	499.800	640.500	18.580		
18.590	0.000	1.470	0.000	1.470	18.590	14.700	107.100	525.000	646.800	18.590		
18.600	0.000	1.470	0.000	1.470	18.600	4.760	90.440	552.160	647.360	18.600		
18.610	0.000	1.470	1.470	2.940	18.610	2.380	78.540	566.440	647.360	18.610		
18.620	0.000	1.470	33.810	35.280	18.620	0.000	69.020	578.340	647.360	18.620		
18.630	0.000	0.000	83.790	83.790	18.630	0.000	61.880	587.860	649.740	18.630		
18.640	0.000	0.000	133.770	133.770	18.640	0.000	52.360	595.000	647.360	18.640		
18.650	0.000	1.470	174.930	176.400	18.650	0.000	42.840	590.240	633.080	18.650		
18.660	0.000	4.410	214.620	219.030	18.660	0.000	33.320	580.720	614.040	18.660		
18.670	0.000	4.410	258.720	263.130	18.670	0.000	28.560	568.820	597.380	18.670		
18.680	1.470	7.350	299.880	308.700	18.680	0.000	19.040	540.260	559.300	18.680		
18.690	1.470	11.760	329.280	342.510	18.690	0.000	11.900	509.320	521.220	18.690		
18.700	4.410	14.700	349.860	368.970	18.700	0.000	4.760	466.480	471.240	18.700		
18.710	7.350	19.110	367.500	393.960	18.710	0.000	0.000	404.600	404.600	18.710		
18.720	10.700	29.960	395.900	436.560	18.720	0.000	0.000	328.440	328.440	18.720		
18.730	14.980	38.520	425.860	479.360	18.730	0.000	0.000	254.660	254.660	18.730		
18.740	19.260	47.080	455.820	522.160	18.740	0.000	0.000	185.640	185.640	18.740		
18.750	23.540	55.640	481.500	560.680	18.750	0.000	0.000	120.000	120.000	18.750		
18.760	25.680	66.340	500.760	592.780	18.760	0.000	0.000	77.280	77.280	18.760		
18.770	29.960	70.620	513.600	614.180	18.770	0.000	0.000	52.320	52.320	18.770		
18.780	34.240	74.900	526.440	635.580	18.780	0.000	0.000	34.560	34.560	18.780		
18.790	36.380	77.040	530.720	644.140	18.790	0.000	2.400	19.680	22.080	18.790		
18.800	38.520	77.040	535.000	650.560	18.800	0.000	0.000	12.480	12.480	18.800		
18.810	40.660	74.900	535.000	650.560	18.810	0.000	0.000	9.600	9.600	18.810		
18.820	44.940	74.900	530.720	650.560	18.820	0.000	0.000	7.200	7.200	18.820		
18.830	44.940	70.620	522.160	637.720	18.830	0.000	2.400	7.200	9.600	18.830		
18.840	44.940	66.340	511.460	622.740	18.840	0.000	0.000	7.200	7.200	18.840		
18.850	47.080	64.200	496.480	607.760	18.850	0.000	0.000	4.800	4.800	18.850		
18.860	47.080	62.060	481.500	590.640	18.860	0.000	2.400	2.400	4.800	18.860		
18.870	49.950	59.200	462.500	571.650	18.870	0.000	0.000	4.800	4.800	18.870		
18.880	51.800	59.200	444.000	555.000	18.880	0.000	0.000	4.800	4.800	18.880		
18.890	57.350	57.350	421.800	536.500	18.890	0.000	2.400	2.400	4.800	18.890		
18.900	61.050	57.350	403.300	521.700	18.900	0.000	2.500	2.500	5.000	18.900		
18.910	64.750	59.200	384.800	508.750	18.910	0.000	0.000	0.000	0.000	18.910		
18.920	72.150	59.200	366.300	497.650	18.920	0.000	0.000	0.000	0.000	18.920		
18.930	79.550	59.200	349.650	488.400	18.930	0.000	0.000	0.000	0.000	18.930		
18.940	88.800	61.050	334.850	484.700	18.940	0.000	0.000	0.000	0.000	18.940		
18.950	99.900	61.050	318.200	479.150	18.950	0.000	0.000	0.000	0.000	18.950		
18.960	109.150	66.600	303.400	479.150	18.960	0.000	0.000	0.000	0.000	18.960		
18.970	116.550	68.450	288.600	473.600	18.970	0.000	0.000	0.000	0.000	18.970		
18.980	129.500	74.000	277.500	481.000	18.980	0.000	0.000	0.000	0.000	18.980		
18.990	146.150	75.850	260.850	482.850	18.990	0.000	0.000	0.000	0.000	18.990		
19.000	160.950	81.400	246.050	488.400	19.000	0.000	0.000	0.000	0.000	19.000		
19.010	179.450	88.800	225.700	493.950	19.010	0.000	0.000	0.000	0.000	19.010		
19.020	198.550	96.140	209.000	503.690	19.020	0.000	0.000	0.000	0.000	19.020		
19.030	221.540	102.410	192.280	516.230	19.030	0.000	0.000	0.000	0.000	19.030		
19.040	238.260	104.500	171.380	514.140	19.040	0.000	0.000	0.000	0.000	19.040		
19.050	259.160	106.590	150.480	516.230	19.050	0.000	0.000	0.000	0.000	19.050		
19.060	275.880	108.680	133.760	518.320	19.060	0.000	0.000	0.000	0.000	19.060		
19.070	298.870	108.680	110.770	518.320	19.070	0.000	0.000	0.000	0.000	19.070		
19.080	321.860	108.680	96.140	526.680	19.080	0.000	2.500	0.000	2.500	19.080		
19.090	344.850	106.590	79.420	530.860	19.090	0.000	0.000	0.000	0.000	19.090		
19.100	369.930	106.590	66.880	543.400	19.100	0.000	2.500	0.000	2.500	19.100		
19.110	397.100	106.590	56.430	560.120	19.110	0.000	0.000	0.000	0.000	19.110		
19.120	424.270	98.230	45.980	568.480	19.120	0.000	0.000	0.000	0.000	19.120		
19.130	451.440	89.870	35.530	576.840	19.130	0.000	0.000	0.000	0.000	19.130		
19.140	480.700	79.420	29.260	589.380	19.140	0.000	0.000	0.000	0.000	19.140		
19.150	501.600	68.970	22.990	593.560	19.150	0.000	0.000	0.000	0.000	19.150		
19.160	522.500	58.520	16.720	597.740	19.160	0.000	2.500	0.000	2.500	19.160		
19.170	539.460	44.400	8.880	592.740	19.170	0.000	0.000	0.000	0.000	19.170		
19.180	550.560	35.520	6.660	592.740	19.180	0.000	0.000	0.000	0.000	19.180		
19.190	555.000	28.860	2.220	586.080	19.190	12.500	2.500	0.000	15.000	19.190		
19.200	550.560	22.200	0.000	572.760	19.200	68.400	1.900	0.000	70.300	19.200		
19.210	541.680	15.540	0.000	557.220	19.210	142.500	1.900	0.000	144.400	19.210		
19.220	523.920	11.100	0.000	535.020	19.220	199.500	1.900	0.000	201.400	19.220		
19.230	499.500	6.660	0.000	506.160	19.230	237.500	1.900	0.000	239.400	19.230		
19.240	463.980	4.440	0.000	468.420	19.240	277.400	3.800	0.000	281.200	19.240		
19.250	424.020	0.000	0.000	424.020	19.250	326.800	5.700	0.000	332.500	19.250		
19.260	377.400	0.000	0.000	377.400	19.260	376.200	13.300	0.000	389.500	19.260		
19.270	321.900	0.000	0.000	321.900	19.270	416.100	26.600	0.000	442.700	19.270		
19.280	261.960	0.000	0.000	261.960	19.280	440.800	41.800	3.800	486.400	19.280		
19.290	202.020	0.000	0.000	202.020	19.290	454.100	64.600	9.500	528.200	19.290		
19.300	135.420	0.000	0.000	135.420	19.300	461.700	83.600	13.300	558.600	19.300		
19.310	84.360	0.000	0.000	84.360	19.310	461.700	98.800	20.900	581.400	19.310		
19.320	47.500	0.000	0.000	47.500	19.320	463.600	112.100	28.500	604.200	19.320		
19.330	24.890	2.470	0.000	27.360	19.330	467.400	121.600	34.200	623.200	19.330		
19.340	12.350	4.940	4.940	22.230	19.340	475.000	129.200	39.900	644.100	19.340		
19.350	7.410	2.470	2.470	12.350	19.350	478.640	133.170	46.320	658.130	19.350		
19.360	4.940	2.470	2.470	9.880	19.360	482.500	138.960	48.250	669.710	19.360		
19.370	4.940	2.470	2.470	9.880	19.370	478.640	138.960	52.110	669.710	19.370		
19.380	4.940	2.470	0.000	7.410	19.380	474.780	138.960	55.970	669.710	19.380		
19.390	2.470	2.470	0.000	4.940	19.390	461.270	138.960	55.970	656.200	19.390		
19.400	2.470	2.470	2.470	7.410	19.400	445.830	137.030	59.830	642.690	19.400		
19.410	2.470	2.470	2.470	7.410	19.410	432.320	133.170	63.690	629.180	19.410		
19.420	2.470	0.000	0.000	2.470	19.420	414.950	131.240	65.620	611.810	19.420		
19.430	0.000	0.000	0.000	0.000	19.430	393.720	129.310	71.410	594.440	19.430		
19.440	0.000	2.470	0.000	2.470	19.440	376.350	127.380	77.200	580.930	19.440		
19.450	0.000	2.470	0.000	2.470	19.450	358.980	121.590	84.920	565.490	19.450		
19.460	0.000	2.470	0.000	2.470	19.460	339.680	115.800	94.570	550.050	19.460		
19.470	0.000	2.500	0.000	2.500	19.470	324.240	111.940	102.290	538.470	19.470		
19.480	0.000	2.500	0.000	2.500	19.480	310.730	108.080	113.870	532.680	19.480		
19.490	0.000	2.500	0.000	2.500	19.490	304.940	106.150	123.520	534.610	19.490		
19.500	0.000	2.500	0.000	2.500	19.500	291.200	105.000	131.600	527.800	19.500		
19.510	0.000	2.500	0.000	2.500	19.510	281.400	105.000	140.000	526.400	19.510		
19.520	0.000	2.500	0.000	2.500	19.520	271.600	99.400	147.000	518.000	19.520		
19.530	0.000	2.500	0.000	2.500	19.530	267.400	102.200	156.800	526.400	19.530		
19.540	0.000	2.500	0.000	2.500	19.540	256.200	99.400	166.600	522.200	19.540		
19.550	0.000	2.500	0.000	2.500	19.550	249.200	102.200	182.000	533.400	19.550		
19.560	0.000	0.000	0.000	0.000	19.560	239.400	105.000	194.600	539.000	19.560		
19.570	0.000	0.000	0.000	0.000	19.570	229.600	106.400	207.200	543.200	19.570		
19.580	0.000	0.000	0.000	0.000	19.580	217.000	106.400	221.200	544.600	19.580		
19.590	0.000	0.000	0.000	0.000	19.590	207.200	109.200	239.400	555.800	19.590		
19.600	0.000	0.000	0.000	0.000	19.600	194.600	112.000	256.200	562.800	19.600		
19.610	0.000	0.000	0.000	0.000	19.610	179.200	112.000	277.200	568.400	19.610		
19.620	0.000	2.490	0.000	2.490	19.620	162.400	114.800	299.600	576.800	19.620		
19.630	0.000	2.490	0.000	2.490	19.630	141.400	114.800	322.000	578.200	19.630		
19.640	0.000	0.000	0.000	0.000	19.640	121.800	114.800	350.000	586.600	19.640		
19.650	0.000	0.000	0.000	0.000	19.650	102.900	115.150	382.200	600.250	19.650		
19.660	0.000	0.000	0.000	0.000	19.660	85.750	115.150	406.700	607.600	19.660		
19.670	0.000	2.490	0.000	2.490	19.670	71.050	112.700	431.200	614.950	19.670		
19.680	0.000	2.490	0.000	2.490	19.680	61.250	110.250	458.150	629.650	19.680		
19.690	0.000	2.490	0.000	2.490	19.690	51.450	102.900	480.200	634.550	19.690		
19.700	0.000	2.490	0.000	2.490	19.700	44.100	95.550	507.150	646.800	19.700		
19.710	0.000	2.490	0.000	2.490	19.710	36.750	88.200	529.200	654.150	19.710		
19.720	0.000	2.490	0.000	2.490	19.720	31.850	80.850	551.250	663.950	19.720		
19.730	0.000	2.490	0.000	2.490	19.730	24.500	71.050	568.400	663.950	19.730		
19.740	0.000	2.490	0.000	2.490	19.740	17.150	61.250	583.100	661.500	19.740		
19.750	0.000	0.000	0.000	0.000	19.750	9.800	53.900	597.800	661.500	19.750		
19.760	0.000	2.490	7.500	9.990	19.760	4.900	46.550	605.150	656.600	19.760		
19.770	0.000	2.070	49.680	51.750	19.770	2.450	39.200	612.500	654.150	19.770		
19.780	0.000	2.070	103.500	105.570	19.780	0.000	31.850	607.600	639.450	19.780		
19.790	0.000	2.070	146.970	149.040	19.790	0.000	26.950	602.700	629.650	19.790		
19.800	0.000	2.070	182.160	184.230	19.800	0.000	18.720	585.000	603.720	19.800		
19.810	0.000	2.070	229.770	231.840	19.810	0.000	14.040	556.920	570.960	19.810		
19.820	0.000	4.140	291.870	296.010	19.820	0.000	9.360	526.500	535.860	19.820		
19.830	2.070	8.280	349.830	360.180	19.830	0.000	7.020	484.380	491.400	19.830		
19.840	6.210	14.490	397.440	418.140	19.840	0.000	2.340	430.560	432.900	19.840		
19.850	8.280	20.700	430.560	459.540	19.850	0.000	0.000	372.060	372.060	19.850		
19.860	12.420	31.050	459.540	503.010	19.860	0.000	0.000	306.540	306.540	19.860		
19.870	16.560	43.470	478.170	538.200	19.870	0.000	0.000	236.340	236.340	19.870		
19.880	20.700	55.890	496.800	573.390	19.880	0.000	0.000	173.160	173.160	19.880		
19.890	28.980	74.520	511.290	614.790	19.890	0.000	0.000	119.340	119.340	19.890		
19.900	37.260	80.730	513.360	631.350	19.900	0.000	0.000	77.220	77.220	19.900		
19.910	43.470	86.940	517.500	647.910	19.910	0.000	0.000	51.480	51.480	19.910		
19.920	55.890	89.010	517.500	662.400	19.920	0.000	0.000	28.080	28.080	19.920		
19.930	64.170	89.010	511.290	664.470	19.930	2.340	2.340	16.380	21.060	19.930		
19.940	68.310	89.010	503.010	660.330	19.940	0.000	0.000	9.360	9.360	19.940		
19.950	76.590	86.940	490.590	654.120	19.950	0.000	2.480	10.000	12.480	19.950		
19.960	80.730	84.870	478.170	643.770	19.960	0.000	0.000	7.480	7.480	19.960		
19.970	86.940	78.660	463.680	629.280	19.970	0.000	0.000	7.480	7.480	19.970		
19.980	89.010	74.520	447.120	610.650	19.980	0.000	0.000	7.480	7.480	19.980		
19.990	91.080	68.310	430.560	589.950	19.990	0.000	2.480	5.000	7.480	19.990		
20.000	93.150	66.240	416.070	575.460	20.000	0.000	2.480	5.000	7.480	20.000		
20.010	97.290	64.170	401.580	563.040	20.010	0.000	0.000	5.000	5.000	20.010		
20.020	101.430	66.240	387.090	554.760	20.020	0.000	2.480	5.000	7.480	20.020		
20.030	103.500	64.170	368.460	536.130	20.030	0.000	0.000	2.480	2.480	20.030		
20.040	105.570	64.170	353.970	523.710	20.040	0.000	0.000	2.480	2.480	20.040		
20.050	111.780	64.170	337.410	513.360	20.050	0.000	0.000	2.480	2.480	20.050		
20.060	117.990	66.240	320.850	505.080	20.060	0.000	0.000	2.480	2.480	20.060		
20.070	126.480	66.960	310.000	503.440	20.070	0.000	0.000	0.000	0.000	20.070		
20.080	133.920	69.440	298.840	502.200	20.080	0.000	2.480	0.000	2.480	20.080		
20.090	141.360	71.920	286.440	499.720	20.090	0.000	0.000	0.000	0.000	20.090		
20.100	151.280	74.400	279.000	504.680	20.100	0.000	0.000	0.000	0.000	20.100		
20.110	159.960	76.880	266.600	503.440	20.110	0.000	0.000	0.000	0.000	20.110		
20.120	169.880	79.360	256.680	505.920	20.120	0.000	0.000	0.000	0.000	20.120		
20.130	177.320	81.840	246.760	505.920	20.130	0.000	0.000	0.000	0.000	20.130		
20.140	189.720	84.320	234.360	508.400	20.140	0.000	0.000	0.000	0.000	20.140		
20.150	199.640	86.800	224.440	510.880	20.150	0.000	2.500	0.000	2.500	20.150		
20.160	212.040	89.280	212.040	513.360	20.160	0.000	0.000	0.000	0.000	20.160		
20.170	224.440	89.280	199.640	513.360	20.170	0.000	0.000	0.000	0.000	20.170		
20.180	239.320	91.760	184.760	515.840	20.180	0.000	0.000	0.000	0.000	20.180		
20.190	254.200	91.760	169.880	515.840	20.190	0.000	0.000	0.000	0.000	20.190		
20.200	269.080	94.240	155.000	518.320	20.200	0.000	0.000	0.000	0.000	20.200		
20.210	288.920	94.240	141.360	524.520	20.210	0.000	0.000	0.000	0.000	20.210		
20.220	312.000	99.840	126.880	538.720	20.220	0.000	0.000	0.000	0.000	20.220		
20.230	336.960	101.920	112.320	551.200	20.230	0.000	2.500	0.000	2.500	20.230		
20.240	355.680	101.920	95.680	553.280	20.240	0.000	2.500	0.000	2.500	20.240		
20.250	380.640	99.840	81.120	561.600	20.250	0.000	0.000	0.000	0.000	20.250		
20.260	409.760	95.680	66.560	572.000	20.260	0.000	1.340	0.000	1.340	20.260		
20.270	430.560	89.440	54.080	574.080	20.270	0.000	1.340	0.000	1.340	20.270		
20.280	455.520	76.960	43.680	576.160	20.280	0.000	1.340	0.000	1.340	20.280		
20.290	476.320	68.640	37.440	582.400	20.290	0.000	0.000	0.000	0.000	20.290		
20.300	490.880	58.240	29.120	578.240	20.300	0.000	0.000	0.000	0.000	20.300		
20.310	503.360	49.920	20.800	574.080	20.310	0.000	1.340	0.000	1.340	20.310		
20.320	513.760	41.600	16.640	572.000	20.320	12.060	1.340	0.000	13.400	20.320		
20.330	515.840	33.280	8.320	557.440	20.330	49.580	0.000	0.000	49.580	20.330		
20.340	520.000	24.960	4.160	549.120	20.340	104.520	1.340	0.000	105.860	20.340		
20.350	509.600	18.720	0.000	528.320	20.350	159.460	0.000	0.000	159.460	20.350		
20.360	492.960	14.560	0.000	507.520	20.360	199.660	0.000	0.000	199.660	20.360		
20.370	467.500	9.350	0.000	476.850	20.370	234.500	1.340	0.000	235.840	20.370		
20.380	428.230	3.740	0.000	431.970	20.380	281.400	4.020	0.000	285.420	20.380		
20.390	390.830	3.740	0.000	394.570	20.390	335.000	9.380	0.000	344.380	20.390		
20.400	344.080	0.000	0.000	344.080	20.400	376.360	23.280	3.880	403.520	20.400		
20.410	289.850	0.000	0.000	289.850	20.410	395.760	44.620	5.820	446.200	20.410		
20.420	228.140	0.000	0.000	228.140	20.420	409.340	64.020	17.460	490.820	20.420		
20.430	172.040	0.000	0.000	172.040	20.430	411.280	79.540	23.280	514.100	20.430		
20.440	121.550	0.000	0.000	121.550	20.440	419.040	89.240	34.920	543.200	20.440		
20.450	78.540	0.000	0.000	78.540	20.450	430.680	97.000	46.560	574.240	20.450		
20.460	48.620	0.000	0.000	48.620	20.460	446.200	106.700	58.200	611.100	20.460		
20.470	29.920	0.000	1.870	31.790	20.470	461.720	110.580	69.840	642.140	20.470		
20.480	14.960	1.870	7.480	24.310	20.480	473.360	116.400	79.540	669.300	20.480		
20.490	7.480	1.870	3.740	13.090	20.490	485.000	118.340	87.300	690.640	20.490		
20.500	1.870	1.870	3.740	7.480	20.500	485.000	122.220	93.120	700.340	20.500		
20.510	1.870	1.870	3.740	7.480	20.510	481.120	124.160	98.940	704.220	20.510		
20.520	2.500	2.500	5.000	10.000	20.520	471.420	124.160	104.760	700.340	20.520		
20.530	2.500	2.500	2.500	7.500	20.530	455.900	126.100	108.640	690.640	20.530		
20.540	0.000	2.500	5.000	7.500	20.540	436.500	126.100	110.580	673.180	20.540		
20.550	0.000	2.500	5.000	7.500	20.550	420.000	124.320	114.240	658.560	20.550		
20.560	0.000	2.500	5.000	7.500	20.560	401.520	120.960	115.920	638.400	20.560		
20.570	0.000	2.500	5.000	7.500	20.570	386.400	119.280	115.920	621.600	20.570		
20.580	0.000	2.500	2.500	5.000	20.580	369.600	114.240	119.280	603.120	20.580		
20.590	0.000	2.500	5.000	7.500	20.590	356.160	110.880	120.960	588.000	20.590		
20.600	0.000	0.000	2.500	2.500	20.600	346.080	104.160	120.960	571.200	20.600		
20.610	0.000	2.500	5.000	7.500	20.610	336.000	102.480	124.320	562.800	20.610		
20.620	0.000	0.000	2.500	2.500	20.620	329.280	99.120	126.000	554.400	20.620		
20.630	0.000	2.500	2.500	5.000	20.630	320.880	97.440	126.000	544.320	20.630		
20.640	0.000	2.500	5.000	7.500	20.640	319.200	94.080	126.000	539.280	20.640		
20.650	0.000	0.000	2.500	2.500	20.650	315.840	94.080	129.360	539.280	20.650		
20.660	0.000	2.500	2.500	5.000	20.660	315.840	92.400	129.360	537.600	20.660		
20.670	0.000	2.500	2.500	5.000	20.670	315.840	92.400	131.040	539.280	20.670		
20.680	0.000	2.500	2.500	5.000	20.680	319.200	94.080	136.080	549.360	20.680		
20.690	0.000	2.500	2.500	5.000	20.690	315.840	97.440	139.440	552.720	20.690		
20.700	0.000	2.500	2.500	5.000	20.700	319.440	96.360	146.520	562.320	20.700		
20.710	0.000	2.500	2.500	5.000	20.710	322.080	96.360	149.160	567.600	20.710		
20.720	0.000	0.000	0.000	0.000	20.720	324.720	93.720	154.440	572.880	20.720		
20.730	0.000	0.000	0.000	0.000	20.730	327.360	96.360	162.360	586.080	20.730		
20.740	0.000	0.000	0.000	0.000	20.740	330.000	99.000	166.320	595.320	20.740		
20.750	0.000	0.000	0.000	0.000	20.750	327.360	99.000	174.240	600.600	20.750		
20.760	0.000	2.500	0.000	2.500	20.760	322.080	104.280	182.160	608.520	20.760		
20.770	0.000	2.500	0.000	2.500	20.770	316.800	109.560	188.760	615.120	20.770		
20.780	0.000	2.500	0.000	2.500	20.780	306.240	114.840	201.960	623.040	20.780		
20.790	0.000	2.500	0.000	2.500	20.790	291.720	118.800	213.840	624.360	20.790		
20.800	0.000	2.500	0.000	2.500	20.800	277.200	124.080	227.040	628.320	20.800		
20.810	0.000	2.500	0.000	2.500	20.810	258.720	132.000	244.200	634.920	20.810		
20.820	0.000	2.500	0.000	2.500	20.820	241.560	132.000	261.360	634.920	20.820		
20.830	2.500	2.500	0.000	5.000	20.830	221.760	137.280	279.840	638.880	20.830		
20.840	2.500	0.000	0.000	2.500	20.840	199.320	137.280	299.640	636.240	20.840		
20.850	2.500	2.500	0.000	5.000	20.850	172.000	135.450	322.500	629.950	20.850		
20.860	2.500	2.500	0.000	5.000	20.860	148.350	135.450	344.000	627.800	20.860		
20.870	2.500	2.500	0.000	5.000	20.870	124.700	131.150	363.350	619.200	20.870		
20.880	0.000	2.500	0.000	2.500	20.880	101.050	129.000	387.000	617.050	20.880		
20.890	0.000	2.500	0.000	2.500	20.890	81.700	120.400	408.500	610.600	20.890		
20.900	2.500	2.500	0.000	5.000	20.900	66.650	113.950	434.300	614.900	20.900		
20.910	2.500	2.500	0.000	5.000	20.910	55.900	103.200	453.650	612.750	20.910		
20.920	0.000	2.500	0.000	2.500	20.920	47.300	92.450	477.300	617.050	20.920		
20.930	0.000	2.500	22.500	25.000	20.930	38.700	81.700	496.650	617.050	20.930		
20.940	0.000	2.500	60.000	62.500	20.940	34.400	68.800	511.700	614.900	20.940		
20.950	0.000	2.500	97.500	100.000	20.950	27.950	62.350	524.600	614.900	20.950		
20.960	0.000	2.500	125.000	127.500	20.960	21.500	53.750	531.050	606.300	20.960		
20.970	0.000	2.090	154.660	156.750	20.970	12.900	43.000	537.500	593.400	20.970		
20.980	0.000	2.090	196.460	198.550	20.980	6.450	36.550	537.500	580.500	20.980		
20.990	2.090	6.270	244.530	252.890	20.990	2.150	32.250	531.050	565.450	20.990		
21.000	2.090	6.270	275.880	284.240	21.000	0.000	20.800	520.000	540.800	21.000		
21.010	4.180	8.360	298.870	311.410	21.010	0.000	16.640	499.200	515.840	21.010		
21.020	4.180	14.630	315.590	334.400	21.020	0.000	12.480	474.240	486.720	21.020		
21.030	6.270	16.720	334.400	357.390	21.030	0.000	6.240	440.960	447.200	21.030		
21.040	8.360	18.810	351.120	378.290	21.040	0.000	2.080	403.520	405.600	21.040		
21.050	8.360	22.990	372.020	403.370	21.050	0.000	0.000	353.600	353.600	21.050		
21.060	14.630	31.350	399.190	445.170	21.060	0.000	0.000	301.600	301.600	21.060		
21.070	14.630	39.710	426.360	480.700	21.070	0.000	0.000	245.440	245.440	21.070		
21.080	16.720	48.070	453.530	518.320	21.080	0.000	0.000	193.440	193.440	21.080		
21.090	20.900	58.520	478.610	558.030	21.090	0.000	0.000	141.440	141.440	21.090		
21.100	22.990	68.970	503.690	595.650	21.100	0.000	0.000	93.600	93.600	21.100		
21.110	22.990	71.060	522.500	616.550	21.110	0.000	0.000	62.400	62.400	21.110		
21.120	26.400	79.200	539.000	644.600	21.120	0.000	0.000	41.600	41.600	21.120		
21.130	26.400	81.400	550.000	657.800	21.130	4.160	0.000	27.040	31.200	21.130		
21.140	28.600	83.600	550.000	662.200	21.140	4.160	2.080	16.640	22.880	21.140		
21.150	26.400	85.800	545.600	657.800	21.150	5.000	2.500	12.500	20.000	21.150		
21.160	28.600	88.000	541.200	657.800	21.160	5.000	2.500	10.000	17.500	21.160		
21.170	28.600	88.000	532.400	649.000	21.170	2.500	2.500	7.500	12.500	21.170		
21.180	28.600	88.000	517.000	633.600	21.180	2.500	2.500	7.500	12.500	21.180		
21.190	28.600	88.000	499.400	616.000	21.190	0.000	0.000	7.500	7.500	21.190		
21.200	28.600	92.400	481.800	602.800	21.200	2.500	2.500	7.500	12.500	21.200		
21.210	28.600	92.400	464.200	585.200	21.210	0.000	0.000	5.000	5.000	21.210		
21.220	28.600	92.400	446.600	567.600	21.220	0.000	2.500	5.000	7.500	21.220		
21.230	28.600	92.400	429.000	550.000	21.230	0.000	0.000	5.000	5.000	21.230		
21.240	30.800	94.600	413.600	539.000	21.240	2.500	2.500	5.000	10.000	21.240		
21.250	33.000	94.600	398.200	525.800	21.250	0.000	0.000	2.500	2.500	21.250		
21.260	39.600	99.000	385.000	523.600	21.260	0.000	0.000	2.500	2.500	21.260		
21.270	41.440	99.160	370.000	510.600	21.270	0.000	0.000	2.500	2.500	21.270		
21.280	44.400	103.600	361.120	509.120	21.280	0.000	0.000	2.500	2.500	21.280		
21.290	47.360	103.600	353.720	504.680	21.290	0.000	0.000	2.500	2.500	21.290		
21.300	51.800	106.560	349.280	507.640	21.300	0.000	0.000	0.000	0.000	21.300		
21.310	54.760	106.560	346.320	507.640	21.310	2.500	0.000	0.000	2.500	21.310		
21.320	56.240	109.520	346.320	512.080	21.320	2.500	2.500	2.500	7.500	21.320		
21.330	62.160	113.960	346.320	522.440	21.330	0.000	0.000	0.000	0.000	21.330		
21.340	66.600	119.880	338.920	525.400	21.340	0.000	2.500	2.500	5.000	21.340		
21.350	74.000	128.760	331.520	534.280	21.350	0.000	0.000	2.500	2.500	21.350		
21.360	81.400	134.680	321.160	537.240	21.360	0.000	2.500	2.500	5.000	21.360		
21.370	94.720	142.080	312.280	549.080	21.370	0.000	0.000	2.500	2.500	21.370		
21.380	102.120	146.520	298.960	547.600	21.380	0.000	2.500	2.500	5.000	21.380		
21.390	112.480	152.440	284.160	549.080	21.390	0.000	2.500	2.500	5.000	21.390		
21.400	121.360	159.840	269.360	550.560	21.400	0.000	2.500	5.000	7.500	21.400		
21.410	134.680	164.280	254.560	553.520	21.410	0.000	0.000	2.500	2.500	21.410		
21.420	147.000	166.500	237.000	550.500	21.420	0.000	0.000	2.500	2.500	21.420		
21.430	159.000	172.500	222.000	553.500	21.430	0.000	2.500	2.500	5.000	21.430		
21.440	174.000	177.000	210.000	561.000	21.440	0.000	0.000	0.000	0.000	21.440		
21.450	189.000	181.500	195.000	565.500	21.450	0.000	2.100	2.100	4.200	21.450		
21.460	204.000	184.500	180.000	568.500	21.460	0.000	0.000	0.000	0.000	21.460		
21.470	219.000	189.000	162.000	570.000	21.470	0.000	0.000	0.000	0.000	21.470		
21.480	234.000	189.000	144.000	567.000	21.480	0.000	0.000	0.000	0.000	21.480		
21.490	252.000	187.500	127.500	567.000	21.490	0.000	0.000	0.000	0.000	21.490		
21.500	270.000	181.500	112.500	564.000	21.500	0.000	0.000	2.100	2.100	21.500		
21.510	289.500	174.000	91.500	555.000	21.510	0.000	2.100	2.100	4.200	21.510		
21.520	307.500	166.500	75.000	549.000	21.520	0.000	0.000	2.100	2.100	21.520		
21.530	322.500	154.500	60.000	537.000	21.530	0.000	0.000	0.000	0.000	21.530		
21.540	342.000	139.500	49.500	531.000	21.540	4.900	0.000	0.000	4.900	21.540		
21.550	357.000	121.500	37.500	516.000	21.550	27.300	0.000	0.000	27.300	21.550		
21.560	375.000	106.500	30.000	511.500	21.560	59.500	0.000	0.000	59.500	21.560		
21.570	389.620	86.940	19.320	495.880	21.570	105.000	0.000	0.000	105.000	21.570		
21.580	399.280	69.230	14.490	483.000	21.580	142.100	0.000	0.000	142.100	21.580		
21.590	402.500	56.350	6.440	465.290	21.590	175.000	0.000	0.000	175.000	21.590		
21.600	402.500	43.470	4.830	450.800	21.600	211.560	0.000	0.000	211.560	21.600		
21.610	391.230	33.810	1.610	426.650	21.610	256.280	1.720	0.000	258.000	21.610		
21.620	379.960	27.370	0.000	407.330	21.620	301.000	6.880	0.000	307.880	21.620		
21.630	362.250	16.100	0.000	378.350	21.630	333.680	13.760	0.000	347.440	21.630		
21.640	336.490	9.660	0.000	346.150	21.640	354.320	24.080	3.440	381.840	21.640		
21.650	309.120	1.610	0.000	310.730	21.650	364.640	36.120	8.600	409.360	21.650		
21.660	273.700	0.000	0.000	273.700	21.660	369.800	46.440	17.200	433.440	21.660		
21.670	231.840	0.000	0.000	231.840	21.670	374.960	56.760	22.360	454.080	21.670		
21.680	183.540	0.000	0.000	183.540	21.680	387.000	67.080	29.240	483.320	21.680		
21.690	141.680	0.000	0.000	141.680	21.690	397.320	72.240	39.560	509.120	21.690		
21.700	104.650	0.000	0.000	104.650	21.700	411.080	77.400	49.880	538.360	21.700		
21.710	69.230	0.000	0.000	69.230	21.710	421.400	84.280	56.760	562.440	21.710		
21.720	42.500	0.000	0.000	42.500	21.720	426.560	89.440	68.800	584.800	21.720		
21.730	24.990	0.000	4.930	29.920	21.730	430.000	96.320	79.120	605.440	21.730		
21.740	12.410	0.000	4.930	17.340	21.740	424.840	101.480	94.600	620.920	21.740		
21.750	4.930	0.000	2.380	7.310	21.750	420.000	105.840	105.840	631.680	21.750		
21.760	2.380	0.000	4.930	7.310	21.760	411.600	110.880	120.960	643.440	21.760		
21.770	2.380	0.000	4.930	7.310	21.770	399.840	114.240	134.400	648.480	21.770		
21.780	2.380	0.000	4.930	7.310	21.780	386.400	115.920	144.480	646.800	21.780		
21.790	0.000	0.000	4.930	4.930	21.790	371.280	119.280	156.240	646.800	21.790		
21.800	0.000	0.000	4.930	4.930	21.800	356.160	119.280	166.320	641.760	21.800		
21.810	0.000	0.000	2.380	2.380	21.810	339.360	115.920	174.720	630.000	21.810		
21.820	0.000	0.000	2.380	2.380	21.820	325.920	115.920	186.480	628.320	21.820		
21.830	0.000	0.000	2.380	2.380	21.830	314.160	114.240	191.520	619.920	21.830		
21.840	0.000	0.000	2.380	2.380	21.840	302.400	114.240	199.920	616.560	21.840		
21.850	0.000	0.000	2.380	2.380	21.850	294.000	110.880	204.960	609.840	21.850		
21.860	0.000	0.000	2.380	2.380	21.860	283.920	109.200	210.000	603.120	21.860		
21.870	0.000	0.000	2.500	2.500	21.870	278.880	109.200	213.360	601.440	21.870		
21.880	0.000	0.000	2.500	2.500	21.880	273.840	105.840	213.360	593.040	21.880		
21.890	0.000	0.000	2.500	2.500	21.890	273.840	109.200	216.720	599.760	21.890		
21.900	0.000	0.000	2.500	2.500	21.900	276.320	109.900	213.520	599.740	21.900		
21.910	0.000	0.000	2.500	2.500	21.910	281.030	106.760	211.950	599.740	21.910		
21.920	0.000	0.000	0.000	0.000	21.920	287.310	106.760	207.240	601.310	21.920		
21.930	0.000	0.000	0.000	0.000	21.930	292.020	103.620	200.960	596.600	21.930		
21.940	0.000	0.000	0.000	0.000	21.940	301.440	102.050	191.540	595.030	21.940		
21.950	0.000	0.000	0.000	0.000	21.950	312.430	102.050	186.830	601.310	21.950		
21.960	0.000	0.000	0.000	0.000	21.960	318.710	98.910	182.120	599.740	21.960		
21.970	0.000	0.000	0.000	0.000	21.970	329.700	98.910	174.270	602.880	21.970		
21.980	0.000	0.000	0.000	0.000	21.980	339.120	97.340	166.420	602.880	21.980		
21.990	0.000	0.000	0.000	0.000	21.990	351.680	94.200	158.570	604.450	21.990		
22.000	0.000	0.000	0.000	0.000	22.000	361.100	91.060	152.290	604.450	22.000		
22.010	0.000	0.000	0.000	0.000	22.010	372.090	91.060	146.010	609.160	22.010		
22.020	0.000	0.000	0.000	0.000	22.020	381.510	89.490	141.300	612.300	22.020		
22.030	0.000	0.000	0.000	0.000	22.030	386.220	91.060	139.730	617.010	22.030		
22.040	0.000	0.000	2.480	2.480	22.040	392.500	94.200	141.300	628.000	22.040		
22.050	0.000	0.000	7.480	7.480	22.050	394.350	92.400	141.900	628.650	22.050		
22.060	0.000	0.000	7.480	7.480	22.060	399.300	92.400	143.550	635.250	22.060		
22.070	0.000	0.000	5.000	5.000	22.070	400.950	92.400	141.900	635.250	22.070		
22.080	0.000	0.000	2.480	2.480	22.080	404.250	89.100	138.600	631.950	22.080		
22.090	0.000	0.000	2.480	2.480	22.090	409.200	89.100	138.600	636.900	22.090		
22.100	0.000	0.000	2.480	2.480	22.100	412.500	87.450	138.600	638.550	22.100		
22.110	0.000	0.000	2.480	2.480	22.110	412.500	87.450	138.600	638.550	22.110		
22.120	0.000	0.000	2.480	2.480	22.120	409.200	87.450	141.900	638.550	22.120		
22.130	0.000	0.000	2.480	2.480	22.130	400.950	89.100	146.850	636.900	22.130		
22.140	0.000	0.000	5.000	5.000	22.140	394.350	94.050	153.450	641.850	22.140		
22.150	0.000	0.000	7.480	7.480	22.150	379.500	99.000	165.000	643.500	22.150		
22.160	0.000	0.000	10.000	10.000	22.160	359.700	103.950	181.500	645.150	22.160		
22.170	0.000	0.000	14.790	14.790	22.170	336.600	108.900	194.700	640.200	22.170		
22.180	0.000	0.000	21.750	21.750	22.180	308.550	117.150	211.200	636.900	22.180		
22.190	0.000	0.000	29.580	29.580	22.190	282.150	118.800	226.050	627.000	22.190		
22.200	0.000	0.000	41.760	41.760	22.200	246.960	122.010	246.960	615.930	22.200		
22.210	0.000	0.000	59.160	59.160	22.210	214.620	124.950	264.600	604.170	22.210		
22.220	1.740	0.000	79.170	80.910	22.220	179.340	122.010	276.360	577.710	22.220		
22.230	1.740	1.740	99.180	102.660	22.230	144.060	114.660	294.000	552.720	22.230		
22.240	4.350	1.740	117.450	123.540	22.240	111.720	107.310	311.640	530.670	22.240		
22.250	6.960	6.960	132.240	146.160	22.250	82.320	97.020	326.340	505.680	22.250		
22.260	9.570	9.570	149.640	168.780	22.260	58.800	83.790	343.980	486.570	22.260		
22.270	12.180	14.790	161.820	188.790	22.270	47.040	72.030	357.210	476.280	22.270		
22.280	19.140	19.140	174.870	213.150	22.280	36.750	58.800	364.560	460.110	22.280		
22.290	26.970	21.750	187.050	235.770	22.290	29.400	49.980	367.500	446.880	22.290		
22.300	37.410	26.970	201.840	266.220	22.300	22.050	36.750	361.620	420.420	22.300		
22.310	49.590	29.580	217.500	296.670	22.310	11.760	29.400	351.330	392.490	22.310		
22.320	63.900	31.240	231.460	326.600	22.320	7.350	24.990	333.690	366.030	22.320		
22.330	79.520	36.920	249.920	366.360	22.330	1.470	19.110	311.640	332.220	22.330		
22.340	93.720	41.180	264.120	399.020	22.340	0.000	14.700	279.300	294.000	22.340		
22.350	106.500	46.860	279.740	433.100	22.350	0.000	9.600	240.000	249.600	22.350		
22.360	122.120	49.700	293.940	465.760	22.360	0.000	6.720	199.680	206.400	22.360		
22.370	136.320	53.960	309.560	499.840	22.370	0.000	4.800	159.360	164.160	22.370		
22.380	149.100	56.800	322.340	528.240	22.380	0.000	1.920	120.000	121.920	22.380		
22.390	161.880	59.640	333.700	555.220	22.390	0.000	4.800	84.480	89.280	22.390		
22.400	174.660	62.480	342.220	579.360	22.400	4.800	1.920	54.720	61.440	22.400		
22.410	181.760	63.900	346.480	592.140	22.410	6.720	4.800	31.680	43.200	22.410		
22.420	187.440	63.900	352.160	603.500	22.420	6.720	4.800	14.400	25.920	22.420		
22.430	194.540	63.900	355.000	613.440	22.430	6.720	4.800	9.600	21.120	22.430		
22.440	194.540	62.480	352.160	609.180	22.440	6.720	4.800	4.800	16.320	22.440		
22.450	197.380	62.480	352.160	612.020	22.450	6.720	4.800	4.800	16.320	22.450		
22.460	197.380	56.800	346.480	600.660	22.460	6.720	1.920	1.920	10.560	22.460		
22.470	198.720	53.820	345.000	597.540	22.470	6.720	1.920	0.000	8.640	22.470		
22.480	197.340	52.440	339.480	589.260	22.480	4.800	1.920	1.920	8.640	22.480		
22.490	197.340	52.440	336.720	586.500	22.490	4.800	1.920	0.000	6.720	22.490		
22.500	194.580	49.680	333.960	578.220	22.500	5.000	2.500	0.000	7.500	22.500		
22.510	194.580	46.920	331.200	572.700	22.510	5.000	2.500	0.000	7.500	22.510		
22.520	197.340	46.920	327.060	571.320	22.520	5.000	5.000	0.000	10.000	22.520		
22.530	198.720	49.680	321.540	569.940	22.530	2.500	2.500	0.000	5.000	22.530		
22.540	198.720	49.680	317.400	565.800	22.540	5.000	5.000	0.000	10.000	22.540		
22.550	201.480	52.440	314.640	568.560	22.550	2.500	5.000	0.000	7.500	22.550		
22.560	204.240	52.440	306.360	563.040	22.560	2.500	5.000	0.000	7.500	22.560		
22.570	209.760	52.440	302.220	564.420	22.570	2.500	5.000	0.000	7.500	22.570		
22.580	211.140	53.820	293.940	558.900	22.580	2.500	5.000	0.000	7.500	22.580		
22.590	216.660	53.820	284.280	554.760	22.590	0.000	2.500	0.000	2.500	22.590		
22.600	216.660	53.820	277.380	547.860	22.600	2.500	2.500	0.000	5.000	22.600		
22.610	219.420	53.820	274.620	547.860	22.610	2.500	2.500	0.000	5.000	22.610		
22.620	216.910	56.680	269.230	542.820	22.620	0.000	2.500	0.000	2.500	22.620		
22.630	214.730	59.950	269.230	543.910	22.630	0.000	2.500	0.000	2.500	22.630		
22.640	209.280	62.130	269.230	540.640	22.640	12.500	5.000	0.000	17.500	22.640		
22.650	199.470	64.310	272.500	536.280	22.650	24.960	12.480	7.280	44.720	22.650		
22.660	189.660	69.760	272.500	531.920	22.660	32.240	14.560	17.160	63.960	22.660		
22.670	176.580	69.760	272.500	518.840	22.670	32.240	12.480	14.560	59.280	22.670		
22.680	164.590	69.760	269.230	503.580	22.680	32.240	12.480	19.760	64.480	22.680		
22.690	154.780	69.760	269.230	493.770	22.690	39.520	14.560	22.360	76.440	22.690		
22.700	144.970	69.760	267.050	481.780	22.700	52.000	14.560	24.960	91.520	22.700		
22.710	141.700	71.940	264.870	478.510	22.710	67.080	17.160	29.640	113.880	22.710		
22.720	137.340	69.760	257.240	464.340	22.720	79.560	19.760	34.840	134.160	22.720		
22.730	134.070	66.490	249.610	450.170	22.730	89.960	22.360	39.520	151.840	22.730		
22.740	131.890	66.490	239.800	438.180	22.740	97.240	24.960	44.720	166.920	22.740		
22.750	126.440	66.490	229.990	422.920	22.750	104.520	27.040	52.000	183.560	22.750		
22.760	122.080	69.760	222.360	414.200	22.760	112.320	27.040	54.600	193.960	22.760		
22.770	119.280	69.720	210.000	399.000	22.770	117.000	29.640	59.800	206.440	22.770		
22.780	114.240	72.240	197.400	383.880	22.780	122.200	27.040	62.400	211.640	22.780		
22.790	111.720	72.240	184.800	368.760	22.790	130.000	29.640	65.000	224.640	22.790		
22.800	111.720	69.720	169.680	351.120	22.800	137.460	29.230	67.150	233.840	22.800		
22.810	111.720	69.720	157.080	338.520	22.810	146.940	29.230	69.520	245.690	22.810		
22.820	111.720	67.200	144.480	323.400	22.820	154.840	29.230	74.260	258.330	22.820		
22.830	111.720	64.680	134.400	310.800	22.830	161.950	32.390	82.160	276.500	22.830		
22.840	111.720	62.160	121.800	295.680	22.840	167.480	34.760	89.270	291.510	22.840		
22.850	114.240	57.120	111.720	283.080	22.850	172.220	37.130	99.540	308.890	22.850		
22.860	111.720	54.600	99.960	266.280	22.860	179.330	41.870	109.810	331.010	22.860		
22.870	111.720	49.560	89.880	251.160	22.870	182.490	49.770	122.450	354.710	22.870		
22.880	109.200	44.520	79.800	233.520	22.880	187.230	54.510	134.300	376.040	22.880		
22.890	106.680	39.480	72.240	218.400	22.890	189.600	59.250	142.200	391.050	22.890		
22.900	99.960	34.440	64.680	199.080	22.900	191.970	67.150	154.840	413.960	22.900		
22.910	94.920	31.920	59.640	186.480	22.910	194.340	71.890	161.950	428.180	22.910		
22.920	89.790	29.930	54.940	174.660	22.920	197.500	74.260	174.590	446.350	22.920		
22.930	89.790	29.930	49.610	169.330	22.930	197.500	79.790	184.860	462.150	22.930		
22.940	89.790	29.930	47.150	166.870	22.940	197.500	82.160	191.970	471.630	22.940		
22.950	92.250	29.930	44.690	166.870	22.950	196.940	84.280	196.940	478.160	22.950		
22.960	92.250	27.470	42.230	161.950	22.960	194.360	84.280	204.680	483.320	22.960		
22.970	92.250	27.470	39.770	159.490	22.970	191.780	84.280	207.260	483.320	22.970		
22.980	94.710	27.470	39.770	161.950	22.980	191.780	86.860	212.420	491.060	22.980		
22.990	94.710	24.600	37.310	156.620	22.990	187.480	86.860	212.420	486.760	22.990		
23.000	94.710	27.470	37.310	159.490	23.000	184.900	86.860	212.420	484.180	23.000		
23.010	94.710	27.470	37.310	159.490	23.010	182.320	84.280	215.000	481.600	23.010		
23.020	97.170	27.470	42.230	166.870	23.020	177.160	81.700	212.420	471.280	23.020		
23.030	97.170	29.930	42.230	169.330	23.030	174.580	81.700	212.420	468.700	23.030		
23.040	97.170	32.390	47.150	176.710	23.040	172.000	77.400	209.840	459.240	23.040		
23.050	99.630	34.850	52.480	186.960	23.050	166.840	74.820	207.260	448.920	23.050		
23.060	102.500	39.770	57.400	199.670	23.060	164.260	72.240	202.100	438.600	23.060		
23.070	104.860	42.140	62.230	209.230	23.070	161.680	69.660	194.360	425.700	23.070		
23.080	107.310	47.040	67.130	221.480	23.080	159.960	64.500	187.480	411.940	23.080		
23.090	109.760	47.040	69.580	226.380	23.090	159.960	61.920	182.320	404.200	23.090		
23.100	112.210	49.980	74.970	237.160	23.100	161.980	61.880	174.720	398.580	23.100		
23.110	114.660	52.430	79.870	246.960	23.110	161.980	59.150	167.440	388.570	23.110		
23.120	117.110	54.880	82.320	254.310	23.120	161.980	54.600	159.250	375.830	23.120		
23.130	119.560	57.330	84.770	261.660	23.130	164.710	54.600	154.700	374.010	23.130		
23.140	122.500	59.780	84.770	267.050	23.140	167.440	51.870	151.970	371.280	23.140		
23.150	119.560	59.780	82.320	261.660	23.150	169.260	51.870	147.420	368.550	23.150		
23.160	122.500	59.780	79.870	262.150	23.160	171.990	51.870	141.960	365.820	23.160		
23.170	122.500	62.230	77.420	262.150	23.170	177.450	51.870	139.230	368.550	23.170		
23.180	122.500	62.230	72.030	256.760	23.180	182.000	51.870	134.680	368.550	23.180		
23.190	122.500	59.780	64.680	246.960	23.190	187.460	51.870	129.220	368.550	23.190		
23.200	122.500	59.780	57.330	239.610	23.200	194.740	54.600	127.400	376.740	23.200		
23.210	122.500	57.330	47.040	226.870	23.210	202.020	57.330	121.940	381.290	23.210		
23.220	122.500	49.980	37.240	209.720	23.220	209.300	59.150	121.940	390.390	23.220		
23.230	119.560	44.590	27.440	191.590	23.230	219.310	64.610	121.940	405.860	23.230		
23.240	112.210	39.690	17.150	169.050	23.240	227.500	69.160	127.400	424.060	23.240		
23.250	102.410	32.340	12.250	147.000	23.250	239.860	76.380	129.980	446.220	23.250		
23.260	92.120	27.440	4.900	124.460	23.260	254.600	84.420	131.320	470.340	23.260		
23.270	77.420	19.600	4.900	101.920	23.270	266.660	92.460	136.680	495.800	23.270		
23.280	64.680	17.150	2.450	84.280	23.280	278.720	101.840	136.680	517.240	23.280		
23.290	54.880	12.250	0.000	67.130	23.290	292.120	109.880	139.360	541.360	23.290		
23.300	39.690	7.350	0.000	47.040	23.300	304.180	119.260	142.040	565.480	23.300		
23.310	29.890	4.900	0.000	34.790	23.310	314.900	127.300	139.360	581.560	23.310		
23.320	17.150	4.900	0.000	22.050	23.320	321.600	134.000	139.360	594.960	23.320		
23.330	9.800	2.450	0.000	12.250	23.330	329.640	139.360	139.360	608.360	23.330		
23.340	0.000	2.450	0.000	2.450	23.340	332.320	147.400	139.360	619.080	23.340		
23.350	0.000	2.450	0.000	2.450	23.350	335.000	151.420	139.360	625.780	23.350		
23.360	0.000	0.000	0.000	0.000	23.360	335.000	154.100	139.360	628.460	23.360		
23.370	0.000	2.500	0.000	2.500	23.370	335.000	159.460	142.040	636.500	23.370		
23.380	0.000	0.000	0.000	0.000	23.380	335.000	162.140	139.360	636.500	23.380		
23.390	0.000	0.000	0.000	0.000	23.390	332.320	164.820	136.680	633.820	23.390		
23.400	0.000	0.000	0.000	0.000	23.400	327.500	166.370	134.930	628.800	23.400		
23.410	0.000	0.000	0.000	0.000	23.410	322.260	168.990	132.310	623.560	23.410		
23.420	0.000	0.000	0.000	0.000	23.420	317.020	168.990	127.070	613.080	23.420		
23.430	0.000	0.000	0.000	0.000	23.430	309.160	168.990	124.450	602.600	23.430		
23.440	0.000	0.000	0.000	0.000	23.440	303.920	168.990	119.210	592.120	23.440		
23.450	0.000	0.000	0.000	0.000	23.450	301.300	168.990	116.590	586.880	23.450		
23.460	0.000	0.000	0.000	0.000	23.460	297.370	168.990	113.970	580.330	23.460		
23.470	0.000	0.000	0.000	0.000	23.470	297.370	168.990	111.350	577.710	23.470		
23.480	0.000	0.000	0.000	0.000	23.480	294.750	166.370	108.730	569.850	23.480		
23.490	0.000	0.000	0.000	0.000	23.490	294.750	171.610	107.420	573.780	23.490		
23.500	0.000	2.500	0.000	2.500	23.500	299.990	168.990	104.800	573.780	23.500		
23.510	0.000	0.000	0.000	0.000	23.510	301.300	171.610	102.180	575.090	23.510		
23.520	0.000	0.000	0.000	0.000	23.520	306.540	171.610	96.940	575.090	23.520		
23.530	0.000	2.380	0.000	2.380	23.530	314.400	174.230	94.320	582.950	23.530		
23.540	0.000	0.000	0.000	0.000	23.540	317.020	174.230	89.080	580.330	23.540		
23.550	0.000	2.380	0.000	2.380	23.550	320.000	176.640	87.040	583.680	23.550		
23.560	0.000	2.380	0.000	2.380	23.560	317.440	174.080	84.480	576.000	23.560		
23.570	0.000	2.380	0.000	2.380	23.570	317.440	174.080	79.360	570.880	23.570		
23.580	0.000	2.380	0.000	2.380	23.580	312.320	174.080	76.800	563.200	23.580		
23.590	0.000	2.380	0.000	2.380	23.590	309.760	174.080	76.800	560.640	23.590		
23.600	0.000	2.380	7.420	9.800	23.600	302.080	174.080	71.680	547.840	23.600		
23.610	0.000	7.420	14.980	22.400	23.610	296.960	171.520	71.680	540.160	23.610		
23.620	4.900	14.980	17.500	37.380	23.620	291.840	168.960	69.120	529.920	23.620		
23.630	12.460	17.500	17.500	47.460	23.630	281.600	166.400	64.000	512.000	23.630		
23.640	17.500	22.400	22.400	62.300	23.640	276.480	161.280	61.440	499.200	23.640		
23.650	27.440	29.960	27.440	84.840	23.650	264.960	157.440	58.880	481.280	23.650		
23.660	29.960	35.000	35.000	99.960	23.660	257.280	149.760	56.320	463.360	23.660		
23.670	37.200	44.640	54.560	136.400	23.670	247.040	144.640	52.480	444.160	23.670		
23.680	42.160	52.080	86.800	181.040	23.680	229.120	142.080	49.920	421.120	23.680		
23.690	47.120	57.040	121.520	225.680	23.690	209.920	136.960	49.920	396.800	23.690		
23.700	49.600	64.480	159.960	274.040	23.700	187.500	129.750	47.250	364.500	23.700		
23.710	54.560	69.440	187.240	311.240	23.710	167.250	124.500	47.250	339.000	23.710		
23.720	57.040	71.920	209.560	338.520	23.720	147.000	117.000	45.000	309.000	23.720		
23.730	57.040	74.400	224.440	355.880	23.730	127.500	107.250	42.000	276.750	23.730		
23.740	62.000	76.880	236.840	375.720	23.740	112.500	99.750	37.500	249.750	23.740		
23.750	64.480	76.880	246.760	388.120	23.750	99.750	90.000	32.250	222.000	23.750		
23.760	64.480	76.880	256.680	398.040	23.760	84.750	79.500	24.750	189.000	23.760		
23.770	66.960	79.360	266.600	412.920	23.770	72.000	69.750	17.250	159.000	23.770		
23.780	71.920	79.360	276.520	427.800	23.780	60.000	60.000	7.500	127.500	23.780		
23.790	74.400	84.320	286.440	445.160	23.790	49.500	47.250	0.000	96.750	23.790		
23.800	79.360	89.280	298.840	467.480	23.800	37.500	37.500	0.000	75.000	23.800		
23.810	86.800	91.760	310.000	488.560	23.810	30.000	27.000	0.000	57.000	23.810		
23.820	92.480	96.560	319.600	508.640	23.820	19.500	17.250	0.000	36.750	23.820		
23.830	93.840	99.280	329.120	522.240	23.830	12.000	12.000	0.000	24.000	23.830		
23.840	99.280	104.720	337.280	541.280	23.840	4.500	4.500	0.000	9.000	23.840		
23.850	104.720	108.800	340.000	553.520	23.850	2.500	5.000	0.000	7.500	23.850		
23.860	108.800	111.520	337.280	557.600	23.860	0.000	0.000	0.000	0.000	23.860		
23.870	116.960	114.240	329.120	560.320	23.870	0.000	0.000	0.000	0.000	23.870		
23.880	122.400	119.680	319.600	561.680	23.880	0.000	0.000	0.000	0.000	23.880		
23.890	129.200	126.480	308.720	564.400	23.890	0.000	0.000	0.000	0.000	23.890		
23.900	134.640	131.920	296.480	563.040	23.900	0.000	0.000	0.000	0.000	23.900		
23.910	141.440	138.720	281.520	561.680	23.910	0.000	0.000	0.000	0.000	23.910		
23.920	149.600	144.160	269.280	563.040	23.920	0.000	0.000	0.000	0.000	23.920		
23.930	153.680	149.600	251.600	554.880	23.930	0.000	0.000	0.000	0.000	23.930		
23.940	164.560	152.320	236.640	553.520	23.940	0.000	0.000	0.000	0.000	23.940		
23.950	174.080	153.680	227.120	554.880	23.950	0.000	0.000	0.000	0.000	23.950		
23.960	184.960	156.400	216.240	557.600	23.960	0.000	0.000	0.000	0.000	23.960		
23.970	196.560	159.120	209.040	564.720	23.970	0.000	0.000	0.000	0.000	23.970		
23.980	209.040	159.120	199.680	567.840	23.980	0.000	0.000	0.000	0.000	23.980		
23.990	219.440	159.120	192.400	570.960	23.990	0.000	0.000	0.000	0.000	23.990		
24.000	226.720	162.240	187.200	576.160	24.000	0.000	0.000	0.000	0.000	24.000		
24.010	234.000	162.240	179.920	576.160	24.010	0.000	0.000	0.000	0.000	24.010		
24.020	244.400	162.240	174.720	581.360	24.020	0.000	0.000	0.000	0.000	24.020		
24.030	249.600	162.240	167.440	579.280	24.030	0.000	0.000	0.000	0.000	24.030		
24.040	251.680	162.240	164.320	578.240	24.040	0.000	0.000	0.000	0.000	24.040		
24.050	254.800	159.120	159.120	573.040	24.050	0.000	0.000	0.000	0.000	24.050		
24.060	260.000	159.120	157.040	576.160	24.060	0.000	0.000	0.000	0.000	24.060		
24.070	260.000	159.120	159.120	578.240	24.070	0.000	0.000	0.000	0.000	24.070		
24.080	260.000	159.120	159.120	578.240	24.080	0.000	0.000	0.000	0.000	24.080		
24.090	254.800	159.120	164.320	578.240	24.090	0.000	0.000	0.000	0.000	24.090		
24.100	244.400	162.240	169.520	576.160	24.100	0.000	0.000	0.000	0.000	24.100		
24.110	239.200	162.240	174.720	576.160	24.110	0.000	0.000	0.000	0.000	24.110		
24.120	237.440	162.400	176.960	576.800	24.120	0.000	0.000	0.000	0.000	24.120		
24.130	234.080	164.640	176.960	575.680	24.130	0.000	0.000	0.000	0.000	24.130		
24.140	234.080	164.640	176.960	575.680	24.140	0.000	0.000	0.000	0.000	24.140		
24.150	234.080	166.880	174.720	575.680	24.150	0.000	0.000	0.000	0.000	24.150		
24.160	239.680	164.640	169.120	573.440	24.160	0.000	0.000	0.000	0.000	24.160		
24.170	241.920	162.400	166.880	571.200	24.170	0.000	0.000	0.000	0.000	24.170		
24.180	246.400	159.040	162.400	567.840	24.180	0.000	0.000	4.700	4.700	24.180		
24.190	252.000	154.560	154.560	561.120	24.190	2.350	0.000	7.050	9.400	24.190		
24.200	256.480	152.320	148.960	557.760	24.200	7.050	0.000	9.870	16.920	24.200		
24.210	262.080	144.480	144.480	551.040	24.210	14.570	0.000	12.220	26.790	24.210		
24.220	264.320	140.000	136.640	540.960	24.220	29.610	2.350	14.570	46.530	24.220		
24.230	266.560	126.560	126.560	519.680	24.230	47.470	2.350	19.740	69.560	24.230		
24.240	272.160	116.480	119.840	508.480	24.240	64.860	2.350	22.090	89.300	24.240		
24.250	274.400	104.160	106.400	484.960	24.250	74.730	4.700	22.090	101.520	24.250		
24.260	280.000	94.080	91.840	465.920	24.260	82.250	4.700	24.910	111.860	24.260		
24.270	282.500	79.100	74.580	436.180	24.270	94.940	4.700	29.610	129.250	24.270		
24.280	282.500	64.410	64.410	411.320	24.280	104.810	9.870	32.430	147.110	24.280		
24.290	282.500	54.240	51.980	388.720	24.290	117.500	12.220	39.950	169.670	24.290		
24.300	279.110	47.460	44.070	370.640	24.300	134.400	14.400	41.600	190.400	24.300		
24.310	276.850	37.290	37.290	351.430	24.310	152.000	19.200	46.400	217.600	24.310		
24.320	268.940	27.120	31.640	327.700	24.320	171.200	22.400	51.200	244.800	24.320		
24.330	259.900	19.210	27.120	306.230	24.330	193.600	24.000	56.000	273.600	24.330		
24.340	241.820	12.430	21.470	275.720	24.340	216.000	28.800	56.000	300.800	24.340		
24.350	216.960	4.520	14.690	236.170	24.350	241.600	33.600	62.400	337.600	24.350		
24.360	186.450	0.000	12.430	198.880	24.360	264.000	36.800	67.200	368.000	24.360		
24.370	157.070	0.000	9.040	166.110	24.370	286.400	41.600	72.000	400.000	24.370		
24.380	129.950	0.000	6.780	136.730	24.380	304.000	49.600	73.600	427.200	24.380		
24.390	103.960	0.000	4.520	108.480	24.390	324.800	59.200	84.800	468.800	24.390		
24.400	84.750	0.000	2.260	87.010	24.400	342.400	64.000	91.200	497.600	24.400		
24.410	64.410	0.000	0.000	64.410	24.410	360.000	76.800	99.200	536.000	24.410		
24.420	50.000	0.000	0.000	50.000	24.420	374.400	86.400	107.200	568.000	24.420		
24.430	37.400	0.000	0.000	37.400	24.430	388.800	94.400	116.800	600.000	24.430		
24.440	30.000	0.000	0.000	30.000	24.440	400.000	102.400	124.800	627.200	24.440		
24.450	20.000	0.000	0.000	20.000	24.450	406.720	109.880	131.200	647.800	24.450		
24.460	10.000	0.000	0.000	10.000	24.460	410.000	114.800	136.120	660.920	24.460		
24.470	2.400	0.000	0.000	2.400	24.470	410.000	116.440	141.040	667.480	24.470		
24.480	0.000	0.000	0.000	0.000	24.480	406.720	116.440	141.040	664.200	24.480		
24.490	0.000	0.000	0.000	0.000	24.490	401.800	119.720	141.040	662.560	24.490		
24.500	0.000	0.000	0.000	0.000	24.500	396.880	121.360	141.040	659.280	24.500		
24.510	0.000	0.000	0.000	0.000	24.510	388.680	121.360	141.040	651.080	24.510		
24.520	0.000	0.000	0.000	0.000	24.520	378.840	121.360	139.400	639.600	24.520		
24.530	0.000	0.000	0.000	0.000	24.530	372.280	124.640	139.400	636.320	24.530		
24.540	0.000	0.000	0.000	0.000	24.540	362.440	124.640	139.400	626.480	24.540		
24.550	0.000	0.000	0.000	0.000	24.550	355.880	121.360	136.120	613.360	24.550		
24.560	0.000	0.000	0.000	0.000	24.560	350.960	121.360	134.480	606.800	24.560		
24.570	0.000	0.000	0.000	0.000	24.570	346.040	121.360	131.200	598.600	24.570		
24.580	0.000	0.000	0.000	0.000	24.580	346.040	121.360	129.560	596.960	24.580		
24.590	0.000	0.000	0.000	0.000	24.590	344.400	124.640	126.280	595.320	24.590		
24.600	0.000	0.000	0.000	0.000	24.600	346.550	121.800	121.800	590.150	24.600		
24.610	0.000	0.000	0.000	0.000	24.610	349.450	124.700	118.900	593.050	24.610		
24.620	0.000	0.000	0.000	0.000	24.620	353.800	124.700	117.450	595.950	24.620		
24.630	0.000	0.000	0.000	0.000	24.630	356.700	124.700	117.450	598.850	24.630		
24.640	0.000	0.000	0.000	0.000	24.640	359.600	126.150	114.550	600.300	24.640		
24.650	0.000	0.000	0.000	0.000	24.650	362.500	126.150	111.650	600.300	24.650		
24.660	0.000	0.000	0.000	0.000	24.660	362.500	126.150	111.650	600.300	24.660		
24.670	0.000	0.000	0.000	0.000	24.670	362.500	126.150	107.300	595.950	24.670		
24.680	0.000	0.000	0.000	0.000	24.680	362.500	126.150	107.300	595.950	24.680		
24.690	0.000	0.000	2.480	2.480	24.690	359.600	124.700	101.500	585.800	24.690		
24.700	0.000	5.000	5.000	10.000	24.700	359.600	124.700	101.500	585.800	24.700		
24.710	2.480	10.000	10.000	22.480	24.710	353.800	121.800	97.150	572.750	24.710		
24.720	6.930	14.630	14.630	36.190	24.720	349.450	118.900	94.250	562.600	24.720		
24.730	12.320	16.940	14.630	43.890	24.730	339.300	117.450	89.900	546.650	24.730		
24.740	22.330	22.330	14.630	59.290	24.740	329.150	111.650	84.100	524.900	24.740		
24.750	34.650	32.340	22.330	89.320	24.750	315.000	109.620	79.380	504.000	24.750		
24.760	46.970	36.960	34.650	118.580	24.760	302.400	104.580	76.860	483.840	24.760		
24.770	59.290	44.660	49.280	153.230	24.770	287.280	99.540	74.340	461.160	24.770		
24.780	66.990	52.360	62.370	181.720	24.780	269.640	94.500	69.300	433.440	24.780		
24.790	77.000	56.980	77.000	210.980	24.790	249.480	89.460	66.780	405.720	24.790		
24.800	82.390	64.680	94.710	241.780	24.800	229.320	81.900	61.740	372.960	24.800		
24.810	89.320	74.690	112.420	276.430	24.810	209.160	74.340	56.700	340.200	24.810		
24.820	94.710	82.390	127.050	304.150	24.820	183.960	66.780	49.140	299.880	24.820		
24.830	99.330	92.400	144.760	336.490	24.830	161.280	59.220	41.580	262.080	24.830		
24.840	104.720	102.410	159.390	366.520	24.840	137.340	51.660	36.540	225.540	24.840		
24.850	112.420	109.340	177.100	398.860	24.850	114.660	44.100	28.980	187.740	24.850		
24.860	119.350	117.040	192.500	428.890	24.860	91.980	39.060	23.940	154.980	24.860		
24.870	124.230	121.770	211.560	457.560	24.870	71.820	28.980	18.900	119.700	24.870		
24.880	131.610	131.610	226.320	489.540	24.880	54.180	23.940	16.380	94.500	24.880		
24.890	136.530	136.530	239.850	512.910	24.890	36.540	18.900	8.820	64.260	24.890		
24.900	138.990	141.450	249.690	530.130	24.900	22.500	14.940	4.950	42.390	24.900		
24.910	138.990	146.370	254.610	539.970	24.910	12.420	9.990	2.430	24.840	24.910		
24.920	141.450	148.830	261.990	552.270	24.920	4.950	7.470	0.000	12.420	24.920		
24.930	141.450	154.980	266.910	563.340	24.930	0.000	4.950	0.000	4.950	24.930		
24.940	141.450	151.290	271.830	564.570	24.940	0.000	2.430	0.000	2.430	24.940		
24.950	138.990	151.290	276.750	567.030	24.950	0.000	2.430	0.000	2.430	24.950		
24.960	136.530	148.830	279.210	564.570	24.960	0.000	2.430	0.000	2.430	24.960		
24.970	134.070	143.910	284.130	562.110	24.970	0.000	2.430	0.000	2.430	24.970		
24.980	134.070	138.990	286.590	559.650	24.980	0.000	2.430	0.000	2.430	24.980		
24.990	129.150	134.070	291.510	554.730	24.990	0.000	2.430	0.000	2.430	24.990		
25.000	124.230	126.690	298.890	549.810	25.000	0.000	2.430	0.000	2.430	25.000		
25.010	119.310	124.230	307.500	551.040	25.010	0.000	2.430	0.000	2.430	25.010		
25.020	117.180	122.220	312.480	551.880	25.020	0.000	0.000	0.000	0.000	25.020		
25.030	117.180	122.220	315.000	554.400	25.030	0.000	0.000	0.000	0.000	25.030		
25.040	117.180	119.700	315.000	551.880	25.040	0.000	2.430	0.000	2.430	25.040		
25.050	119.700	119.700	312.480	551.880	25.050	0.000	2.500	0.000	2.500	25.050		
25.060	119.700	119.700	309.960	549.360	25.060	0.000	2.500	2.500	5.000	25.060		
25.070	119.700	117.180	304.920	541.800	25.070	0.000	5.000	2.500	7.500	25.070		
25.080	122.220	117.180	297.360	536.760	25.080	0.000	5.000	5.000	10.000	25.080		
25.090	122.220	114.660	292.320	529.200	25.090	0.000	7.500	10.000	17.500	25.090		
25.100	122.220	112.140	287.280	521.640	25.100	0.000	10.000	17.500	27.500	25.100		
25.110	122.220	107.100	279.720	509.040	25.110	0.000	12.500	27.500	40.000	25.110		
25.120	119.700	104.580	274.680	498.960	25.120	0.000	15.000	40.000	55.000	25.120		
25.130	114.660	99.540	269.640	483.840	25.130	2.500	17.500	52.500	72.500	25.130		
25.140	112.140	97.020	267.120	476.280	25.140	7.500	25.000	65.000	97.500	25.140		
25.150	107.100	86.940	259.560	453.600	25.150	12.500	30.000	75.000	117.500	25.150		
25.160	102.060	84.420	254.520	441.000	25.160	30.000	42.500	77.500	150.000	25.160		
25.170	97.000	77.000	250.000	424.000	25.170	75.000	50.000	82.500	207.500	25.170		
25.180	90.000	72.000	245.000	407.000	25.180	110.000	50.000	82.500	242.500	25.180		
25.190	85.000	65.000	235.000	385.000	25.190	125.000	50.000	82.500	257.500	25.190		
25.200	82.000	60.000	227.000	369.000	25.200	129.560	46.740	79.540	255.840	25.200		
25.210	77.000	55.000	220.000	352.000	25.210	132.020	44.280	77.080	253.380	25.210		
25.220	75.000	52.000	212.000	339.000	25.220	134.480	41.820	74.620	250.920	25.220		
25.230	72.000	47.000	202.000	321.000	25.230	136.940	41.820	72.160	250.920	25.230		
25.240	70.000	47.000	197.000	314.000	25.240	144.320	44.280	72.160	260.760	25.240		
25.250	67.000	42.000	190.000	299.000	25.250	149.240	44.280	67.240	260.760	25.250		
25.260	65.000	40.000	185.000	290.000	25.260	157.440	44.280	67.240	268.960	25.260		
25.270	62.000	40.000	182.000	284.000	25.270	164.820	46.740	64.780	276.340	25.270		
25.280	62.000	40.000	182.000	284.000	25.280	169.740	46.740	64.780	281.260	25.280		
25.290	60.000	37.000	182.000	279.000	25.290	177.120	44.280	59.860	281.260	25.290		
25.300	60.000	37.000	185.000	282.000	25.300	186.960	44.280	57.400	288.640	25.300		
25.310	60.000	37.000	185.000	282.000	25.310	191.880	44.280	57.400	293.560	25.310		
25.320	61.920	36.980	189.200	288.100	25.320	196.800	44.280	57.400	298.480	25.320		
25.330	59.340	39.560	194.360	293.260	25.330	201.720	41.820	52.480	296.020	25.330		
25.340	56.760	39.560	199.520	295.840	25.340	205.000	41.820	49.200	296.020	25.340		
25.350	54.180	39.560	202.100	295.840	25.350	209.670	41.760	49.590	301.020	25.350		
25.360	52.460	39.560	202.100	294.120	25.360	212.280	41.760	44.370	298.410	25.360		
25.370	49.880	42.140	204.680	296.700	25.370	212.280	41.760	46.980	301.020	25.370		
25.380	49.880	39.560	204.680	294.120	25.380	217.500	39.150	44.370	301.020	25.380		
25.390	49.880	39.560	204.680	294.120	25.390	217.500	39.150	44.370	301.020	25.390		
25.400	49.880	39.560	204.680	294.120	25.400	217.500	39.150	44.370	301.020	25.400		
25.410	47.300	39.560	204.680	291.540	25.410	217.500	39.150	46.980	303.630	25.410		
25.420	49.880	39.560	204.680	294.120	25.420	217.500	39.150	44.370	301.020	25.420		
25.430	49.880	39.560	207.260	296.700	25.430	214.890	39.150	46.980	301.020	25.430		
25.440	49.880	42.140	207.260	299.280	25.440	212.280	37.410	46.980	296.670	25.440		
25.450	49.880	42.140	209.840	301.860	25.450	209.670	37.410	44.370	291.450	25.450		
25.460	49.880	42.140	215.000	307.020	25.460	207.060	37.410	44.370	288.840	25.460		
25.470	49.500	45.000	216.900	311.400	25.470	204.450	34.800	44.370	283.620	25.470		
25.480	49.500	45.000	219.600	314.100	25.480	201.840	34.800	44.370	281.010	25.480		
25.490	49.500	46.800	222.300	318.600	25.490	199.230	34.800	44.370	278.400	25.490		
25.500	49.500	49.500	225.000	324.000	25.500	195.000	31.980	39.780	266.760	25.500		
25.510	52.200	52.200	225.000	329.400	25.510	191.880	31.980	42.120	265.980	25.510		
25.520	52.200	54.900	225.000	332.100	25.520	189.540	29.640	42.120	261.300	25.520		
25.530	54.900	56.700	225.000	336.600	25.530	184.860	29.640	44.460	258.960	25.530		
25.540	56.700	59.400	225.000	341.100	25.540	179.400	27.300	44.460	251.160	25.540		
25.550	59.400	62.100	219.600	341.100	25.550	174.720	27.300	44.460	246.480	25.550		
25.560	62.100	67.500	216.900	346.500	25.560	172.380	27.300	44.460	244.140	25.560		
25.570	67.500	69.300	209.700	346.500	25.570	169.260	24.960	49.920	244.140	25.570		
25.580	74.700	72.000	202.500	349.200	25.580	166.920	24.960	52.260	244.140	25.580		
25.590	79.200	74.700	194.400	348.300	25.590	162.240	27.300	54.600	244.140	25.590		
25.600	84.600	79.200	187.200	351.000	25.600	156.780	27.300	59.280	243.360	25.600		
25.610	91.800	81.900	181.800	355.500	25.610	152.100	27.300	62.400	241.800	25.610		
25.620	94.530	84.870	172.500	351.900	25.620	144.300	27.300	67.080	238.680	25.620		
25.630	102.120	89.700	164.910	356.730	25.630	139.620	24.960	71.760	236.340	25.630		
25.640	106.950	92.460	157.320	356.730	25.640	134.940	27.300	71.760	234.000	25.640		
25.650	112.470	97.290	146.970	356.730	25.650	132.500	24.910	77.380	234.790	25.650		
25.660	119.370	99.360	142.140	360.870	25.660	127.200	24.910	79.500	231.610	25.660		
25.670	124.890	102.120	134.550	361.560	25.670	127.200	24.910	87.450	239.560	25.670		
25.680	129.720	102.120	126.960	358.800	25.680	122.430	24.910	87.450	234.790	25.680		
25.690	137.310	104.880	122.130	364.320	25.690	119.780	24.910	92.220	236.910	25.690		
25.700	142.140	106.950	114.540	363.630	25.700	117.130	22.260	94.870	234.260	25.700		
25.710	146.970	106.950	109.710	363.630	25.710	114.480	22.260	96.990	233.730	25.710		
25.720	152.490	106.950	104.880	364.320	25.720	112.360	22.260	102.290	236.910	25.720		
25.730	157.320	106.950	97.290	361.560	25.730	109.710	22.260	104.940	236.910	25.730		
25.740	162.150	106.950	94.530	363.630	25.740	107.060	22.260	107.060	236.380	25.740		
25.750	164.910	106.950	89.700	361.560	25.750	104.940	22.260	112.360	239.560	25.750		
25.760	169.740	104.880	84.870	359.490	25.760	102.290	22.260	114.480	239.030	25.760		
25.770	172.200	99.400	79.800	351.400	25.770	102.290	22.260	119.780	244.330	25.770		
25.780	172.200	97.300	72.100	341.600	25.780	104.940	24.910	124.550	254.400	25.780		
25.790	175.000	92.400	70.000	337.400	25.790	107.060	27.030	129.850	263.940	25.790		
25.800	172.200	87.500	64.400	324.100	25.800	112.500	30.000	135.000	277.500	25.800		
25.810	172.200	81.900	59.500	313.600	25.810	117.000	32.250	139.500	288.750	25.810		
25.820	167.300	77.000	57.400	301.700	25.820	120.000	37.500	142.500	300.000	25.820		
25.830	167.300	72.100	54.600	294.000	25.830	124.500	42.000	144.750	311.250	25.830		
25.840	164.500	67.200	49.700	281.400	25.840	127.500	47.250	150.000	324.750	25.840		
25.850	162.400	62.300	46.900	271.600	25.850	129.750	52.500	152.250	334.500	25.850		
25.860	162.400	59.500	44.800	266.700	25.860	132.000	52.500	154.500	339.000	25.860		
25.870	159.600	54.600	42.000	256.200	25.870	135.000	57.000	157.500	349.500	25.870		
25.880	159.600	49.700	39.900	249.200	25.880	137.250	57.000	162.000	356.250	25.880		
25.890	157.500	46.900	39.900	244.300	25.890	137.250	57.000	167.250	361.500	25.890		
25.900	154.700	44.800	39.900	239.400	25.900	139.500	60.000	169.500	369.000	25.900		
25.910	149.800	42.000	39.900	231.700	25.910	139.500	62.250	174.750	376.500	25.910		
25.920	147.010	39.650	39.650	226.310	25.920	142.500	64.500	180.000	387.000	25.920		
25.930	142.130	37.210	39.650	218.990	25.930	144.750	64.500	184.500	393.750	25.930		
25.940	139.690	37.210	39.650	216.550	25.940	144.750	67.500	187.500	399.750	25.940		
25.950	139.690	37.210	42.090	218.990	25.950	146.940	64.780	187.230	398.950	25.950		
25.960	139.690	34.770	42.090	216.550	25.960	149.310	67.150	189.600	406.060	25.960		
25.970	139.690	37.210	39.650	216.550	25.970	146.940	64.780	189.600	401.320	25.970		
25.980	139.690	37.210	42.090	218.990	25.980	146.940	62.410	194.340	403.690	25.980		
25.990	142.130	37.210	39.650	218.990	25.990	149.310	62.410	194.340	406.060	25.990		
26.000	142.130	39.650	42.090	223.870	26.000	146.940	59.250	197.500	403.690	26.000		
26.010	142.130	37.210	42.090	221.430	26.010	149.310	59.250	197.500	406.060	26.010		
26.020	142.130	39.650	44.530	226.310	26.020	149.310	56.880	197.500	403.690	26.020		
26.030	144.570	42.090	46.970	233.630	26.030	146.940	54.510	194.340	395.790	26.030		
26.040	144.570	44.530	49.410	238.510	26.040	144.570	52.140	191.970	388.680	26.040		
26.050	149.450	49.410	54.900	253.760	26.050	142.200	49.770	189.600	381.570	26.050		
26.060	152.500	52.460	54.900	259.860	26.060	139.830	47.400	189.600	376.830	26.060		
26.070	154.770	56.980	54.670	266.420	26.070	137.460	44.240	184.860	366.560	26.070		
26.080	159.390	59.290	54.670	273.350	26.080	137.460	44.240	182.490	364.190	26.080		
26.090	164.780	59.290	54.670	278.740	26.090	139.830	41.870	174.590	356.290	26.090		
26.100	172.480	64.680	54.670	291.830	26.100	136.500	36.750	169.050	342.300	26.100		
26.110	177.100	64.680	49.280	291.060	26.110	132.300	34.650	164.850	331.800	26.110		
26.120	182.490	66.990	44.660	294.140	26.120	129.150	31.500	164.850	325.500	26.120		
26.130	184.800	64.680	36.960	286.440	26.130	127.050	31.500	164.850	323.400	26.130		
26.140	189.420	64.680	32.340	286.440	26.140	127.050	31.500	166.950	325.500	26.140		
26.150	192.500	56.980	22.330	271.810	26.150	127.050	31.500	169.050	327.600	26.150		
26.160	189.420	49.280	14.630	253.330	26.160	132.300	31.500	169.050	332.850	26.160		
26.170	189.420	44.660	6.930	241.010	26.170	139.650	31.500	174.300	345.450	26.170		
26.180	184.800	36.960	4.620	226.380	26.180	149.100	29.400	179.550	358.050	26.180		
26.190	174.790	32.340	2.310	209.440	26.190	161.700	34.650	184.800	381.150	26.190		
26.200	154.770	24.640	0.000	179.410	26.200	179.550	34.650	194.250	408.450	26.200		
26.210	132.440	16.940	0.000	149.380	26.210	199.500	42.000	204.750	446.250	26.210		
26.220	97.500	9.750	0.000	107.250	26.220	219.450	44.100	214.200	477.750	26.220		
26.230	64.740	4.680	0.000	69.420	26.230	241.500	47.250	224.700	513.450	26.230		
26.240	37.440	0.000	0.000	37.440	26.240	262.500	52.500	234.150	549.150	26.240		
26.250	17.160	0.000	0.000	17.160	26.250	291.920	57.400	244.360	593.680	26.250		
26.260	4.680	0.000	0.000	4.680	26.260	321.440	63.960	250.920	636.320	26.260		
26.270	2.340	0.000	0.000	2.340	26.270	344.400	67.240	257.480	669.120	26.270		
26.280	0.000	0.000	0.000	0.000	26.280	364.080	68.880	257.480	690.440	26.280		
26.290	0.000	0.000	0.000	0.000	26.290	378.840	72.160	259.120	710.120	26.290		
26.300	0.000	0.000	0.000	0.000	26.300	391.960	72.160	262.400	726.520	26.300		
26.310	0.000	0.000	0.000	0.000	26.310	398.520	72.160	259.120	729.800	26.310		
26.320	0.000	0.000	0.000	0.000	26.320	403.440	72.160	257.480	733.080	26.320		
26.330	0.000	0.000	0.000	0.000	26.330	410.000	67.240	254.200	731.440	26.330		
26.340	0.000	0.000	0.000	0.000	26.340	406.720	62.320	244.360	713.400	26.340		
26.350	0.000	0.000	0.000	0.000	26.350	406.720	57.400	239.440	703.560	26.350		
26.360	0.000	0.000	0.000	0.000	26.360	403.440	52.480	231.240	687.160	26.360		
26.370	0.000	0.000	0.000	0.000	26.370	401.800	45.920	224.680	672.400	26.370		
26.380	0.000	0.000	0.000	0.000	26.380	393.600	41.000	216.480	651.080	26.380		
26.390	0.000	0.000	0.000	0.000	26.390	382.120	39.360	211.560	633.040	26.390		
26.400	0.000	0.000	0.000	0.000	26.400	370.000	34.040	207.200	611.240	26.400		
26.410	0.000	0.000	0.000	0.000	26.410	359.640	31.080	204.240	594.960	26.410		
26.420	0.000	0.000	0.000	0.000	26.420	349.280	31.080	201.280	581.640	26.420		
26.430	0.000	0.000	2.500	2.500	26.430	341.880	29.600	196.840	568.320	26.430		
26.440	0.000	0.000	2.500	2.500	26.440	334.480	26.640	193.880	555.000	26.440		
26.450	0.000	0.000	2.500	2.500	26.450	328.560	26.640	192.400	547.600	26.450		
26.460	0.000	0.000	2.500	2.500	26.460	327.080	26.640	192.400	546.120	26.460		
26.470	0.000	0.000	2.500	2.500	26.470	324.120	23.680	192.400	540.200	26.470		
26.480	0.000	0.000	2.500	2.500	26.480	321.160	23.680	189.440	534.280	26.480		
26.490	0.000	0.000	2.500	2.500	26.490	321.160	23.680	189.440	534.280	26.490		
26.500	0.000	0.000	5.000	5.000	26.500	319.680	22.200	189.440	531.320	26.500		
26.510	0.000	0.000	2.500	2.500	26.510	319.680	23.680	186.480	529.840	26.510		
26.520	0.000	0.000	5.000	5.000	26.520	324.120	23.680	186.480	534.280	26.520		
26.530	0.000	0.000	2.500	2.500	26.530	327.080	23.680	186.480	537.240	26.530		
26.540	0.000	0.000	5.000	5.000	26.540	334.480	23.680	186.480	544.640	26.540		
26.550	0.000	0.000	2.500	2.500	26.550	344.750	26.250	187.250	558.250	26.550		
26.560	0.000	0.000	5.000	5.000	26.560	353.500	26.250	189.000	568.750	26.560		
26.570	0.000	0.000	5.000	5.000	26.570	362.250	29.750	187.250	579.250	26.570		
26.580	0.000	0.000	5.000	5.000	26.580	369.250	29.750	187.250	586.250	26.580		
26.590	0.000	0.000	5.000	5.000	26.590	379.750	35.000	189.000	603.750	26.590		
26.600	0.000	0.000	2.500	2.500	26.600	386.750	35.000	182.000	603.750	26.600		
26.610	0.000	0.000	5.000	5.000	26.610	393.750	36.750	178.500	609.000	26.610		
26.620	0.000	0.000	5.000	5.000	26.620	402.500	36.750	175.000	614.250	26.620		
26.630	0.000	0.000	5.000	5.000	26.630	409.500	36.750	169.750	616.000	26.630		
26.640	0.000	0.000	2.500	2.500	26.640	414.750	38.500	164.500	617.750	26.640		
26.650	0.000	0.000	2.500	2.500	26.650	420.000	42.000	157.500	619.500	26.650		
26.660	0.000	0.000	2.500	2.500	26.660	423.500	38.500	152.250	614.250	26.660		
26.670	1.550	0.000	0.000	1.550	26.670	427.000	38.500	148.750	614.250	26.670		
26.680	0.000	0.000	0.000	0.000	26.680	432.250	38.500	143.500	614.250	26.680		
26.690	0.000	0.000	0.000	0.000	26.690	437.500	38.500	140.000	616.000	26.690		
26.700	0.000	4.650	144.150	148.800	26.700	439.660	39.160	133.500	612.320	26.700		
26.710	46.500	62.000	387.500	496.000	26.710	439.660	33.820	129.940	603.420	26.710		
26.720	37.200	41.850	331.700	410.750	26.720	445.000	37.380	121.040	603.420	26.720		
26.730	26.350	26.350	246.450	299.150	26.730	418.300	32.040	112.140	562.480	26.730		
26.740	31.000	26.350	218.550	275.900	26.740	372.020	21.360	99.680	493.060	26.740		
26.750	41.850	26.350	189.100	257.300	26.750	334.640	16.020	89.000	439.660	26.750		
26.760	46.500	24.800	159.650	230.950	26.760	306.160	14.240	83.660	404.060	26.760		
26.770	51.150	26.350	148.800	226.300	26.770	275.900	12.460	76.540	364.900	26.770		
26.780	57.350	29.450	148.800	235.600	26.780	247.420	8.900	71.200	327.520	26.780		
26.790	63.550	34.100	156.550	254.200	26.790	222.500	7.120	69.420	299.040	26.790		
26.800	66.650	38.750	164.300	269.700	26.800	206.480	7.120	65.860	279.460	26.800		
26.810	69.750	41.850	172.050	283.650	26.810	194.020	7.120	65.860	267.000	26.810		
26.820	74.620	46.740	182.040	303.400	26.820	186.900	7.120	64.080	258.100	26.820		
26.830	77.080	49.200	189.420	315.700	26.830	183.340	7.120	64.080	254.540	26.830		
26.840	77.080	52.480	194.340	323.900	26.840	183.340	7.120	65.860	256.320	26.840		
26.850	79.540	54.940	199.260	333.740	26.850	185.000	9.620	64.380	259.000	26.850		
26.860	79.540	57.400	205.000	341.940	26.860	185.000	7.400	64.380	256.780	26.860		
26.870	77.080	57.400	205.000	339.480	26.870	182.040	9.620	67.340	259.000	26.870		
26.880	77.080	57.400	205.000	339.480	26.880	182.040	9.620	69.560	261.220	26.880		
26.890	79.540	57.400	205.000	341.940	26.890	182.040	11.840	71.780	265.660	26.890		
26.900	77.080	59.860	201.720	338.660	26.900	182.040	11.840	76.960	270.840	26.900		
26.910	74.620	57.400	199.260	331.280	26.910	179.820	14.800	79.920	274.540	26.910		
26.920	74.620	57.400	199.260	331.280	26.920	176.860	11.840	79.920	268.620	26.920		
26.930	74.620	59.860	196.800	331.280	26.930	176.860	11.840	82.140	270.840	26.930		
26.940	69.700	57.400	199.260	326.360	26.940	172.420	14.800	82.140	269.360	26.940		
26.950	69.700	57.400	201.720	328.820	26.950	169.460	11.840	82.140	263.440	26.950		
26.960	64.780	54.940	205.000	324.720	26.960	167.240	14.800	79.920	261.960	26.960		
26.970	61.770	54.810	209.670	326.250	26.970	169.460	14.800	76.960	261.220	26.970		
26.980	59.160	52.200	209.670	321.030	26.980	169.460	11.840	76.960	258.260	26.980		
26.990	57.420	49.590	212.280	319.290	26.990	172.420	11.840	74.740	259.000	26.990		
27.000	54.810	46.980	214.890	316.680	27.000	176.860	14.800	74.740	266.400	27.000		
27.010	52.200	46.980	214.890	314.070	27.010	179.820	14.800	74.740	269.360	27.010		
27.020	49.590	46.980	214.890	311.460	27.020	179.820	14.800	74.740	269.360	27.020		
27.030	49.590	44.370	214.890	308.850	27.030	182.040	14.800	76.960	273.800	27.030		
27.040	49.590	46.980	214.890	311.460	27.040	182.040	17.020	79.920	278.980	27.040		
27.050	49.590	44.370	212.280	306.240	27.050	185.000	17.020	82.140	284.160	27.050		
27.060	49.590	44.370	212.280	306.240	27.060	185.000	19.980	87.320	292.300	27.060		
27.070	49.590	41.760	212.280	303.630	27.070	185.000	19.980	89.540	294.520	27.070		
27.080	52.200	41.760	212.280	306.240	27.080	185.000	19.980	94.720	299.700	27.080		
27.090	49.590	41.760	214.890	306.240	27.090	182.040	19.980	96.940	298.960	27.090		
27.100	46.980	41.760	217.500	306.240	27.100	179.820	22.200	96.940	298.960	27.100		
27.110	46.980	41.760	214.890	303.630	27.110	179.820	22.200	96.940	298.960	27.110		
27.120	46.400	41.760	214.600	302.760	27.120	176.860	24.420	99.900	301.180	27.120		
27.130	46.400	41.760	214.600	302.760	27.130	174.640	24.420	102.120	301.180	27.130		
27.140	44.080	41.760	212.280	298.120	27.140	169.460	24.420	104.340	298.220	27.140		
27.150	44.080	39.440	212.280	295.800	27.150	165.000	27.060	109.560	301.620	27.150		
27.160	44.080	39.440	212.280	295.800	27.160	157.080	29.700	112.200	298.980	27.160		
27.170	44.080	37.120	212.280	293.480	27.170	149.820	29.700	117.480	297.000	27.170		
27.180	44.080	39.440	214.600	298.120	27.180	141.900	32.340	122.100	296.340	27.180		
27.190	41.760	41.760	219.240	302.760	27.190	132.000	34.980	124.740	291.720	27.190		
27.200	41.760	41.760	227.360	310.880	27.200	122.100	34.980	124.740	281.820	27.200		
27.210	41.760	44.080	232.000	317.840	27.210	109.560	36.960	122.100	268.620	27.210		
27.220	41.760	46.400	242.440	330.600	27.220	94.380	39.600	122.100	256.080	27.220		
27.230	41.760	49.880	249.400	341.040	27.230	77.220	42.240	124.740	244.200	27.230		
27.240	41.760	52.200	262.160	356.120	27.240	59.400	44.880	124.740	229.020	27.240		
27.250	41.760	54.520	274.920	371.200	27.250	39.600	42.240	127.380	209.220	27.250		
27.260	44.080	56.840	290.000	390.920	27.260	27.060	42.240	129.360	198.660	27.260		
27.270	44.950	62.000	303.800	410.750	27.270	17.160	36.960	129.360	183.480	27.270		
27.280	46.500	63.550	316.200	426.250	27.280	9.900	32.340	129.360	171.600	27.280		
27.290	51.150	66.650	328.600	446.400	27.290	1.980	27.060	127.380	156.420	27.290		
27.300	54.250	69.750	339.450	463.450	27.300	0.000	22.090	117.500	139.590	27.300		
27.310	57.350	74.400	347.200	478.950	27.310	0.000	17.390	109.980	127.370	27.310		
27.320	58.900	74.400	354.950	488.250	27.320	0.000	12.220	99.640	111.860	27.320		
27.330	58.900	79.050	361.150	499.100	27.330	0.000	9.870	89.770	99.640	27.330		
27.340	63.550	82.150	368.900	514.600	27.340	0.000	7.050	74.730	81.780	27.340		
27.350	63.550	83.700	373.550	520.800	27.350	0.000	4.700	59.690	64.390	27.350		
27.360	66.650	86.800	379.750	533.200	27.360	0.000	2.350	44.650	47.000	27.360		
27.370	69.750	91.450	381.300	542.500	27.370	0.000	0.000	32.430	32.430	27.370		
27.380	74.400	94.550	384.400	553.350	27.380	0.000	0.000	19.740	19.740	27.380		
27.390	77.500	96.100	387.500	561.100	27.390	2.350	0.000	9.870	12.220	27.390		
27.400	79.050	99.200	387.500	565.750	27.400	0.000	0.000	0.000	0.000	27.400		
27.410	79.050	99.200	384.400	562.650	27.410	0.000	0.000	0.000	0.000	27.410		
27.420	81.620	98.560	385.000	565.180	27.420	2.350	0.000	0.000	2.350	27.420		
27.430	84.700	98.560	381.920	565.180	27.430	2.350	0.000	0.000	2.350	27.430		
27.440	84.700	98.560	378.840	562.100	27.440	0.000	0.000	0.000	0.000	27.440		
27.450	86.240	98.560	374.220	559.020	27.450	0.000	0.000	0.000	0.000	27.450		
27.460	86.240	101.640	369.600	557.480	27.460	0.000	0.000	0.000	0.000	27.460		
27.470	86.240	101.640	364.980	552.860	27.470	0.000	0.000	0.000	0.000	27.470		
27.480	86.240	101.640	357.280	545.160	27.480	0.000	0.000	0.000	0.000	27.480		
27.490	86.240	101.640	354.200	542.080	27.490	0.000	0.000	0.000	0.000	27.490		
27.500	86.240	101.640	351.120	539.000	27.500	0.000	0.000	0.000	0.000	27.500		
27.510	89.320	101.640	349.580	540.540	27.510	0.000	0.000	0.000	0.000	27.510		
27.520	89.320	101.640	346.500	537.460	27.520	0.000	0.000	0.000	0.000	27.520		
27.530	86.240	98.560	349.580	534.380	27.530	0.000	0.000	0.000	0.000	27.530		
27.540	89.320	98.560	346.500	534.380	27.540	0.000	0.000	0.000	0.000	27.540		
27.550	86.240	98.560	349.580	534.380	27.550	0.000	0.000	0.000	0.000	27.550		
27.560	92.400	98.560	346.500	537.460	27.560	0.000	0.000	0.000	0.000	27.560		
27.570	88.960	98.690	347.500	535.150	27.570	0.000	0.000	0.000	0.000	27.570		
27.580	88.960	98.690	347.500	535.150	27.580	0.000	0.000	0.000	0.000	27.580		
27.590	88.960	101.470	347.500	537.930	27.590	0.000	0.000	0.000	0.000	27.590		
27.600	88.960	104.250	344.720	537.930	27.600	0.000	0.000	0.000	0.000	27.600		
27.610	88.960	104.250	341.940	535.150	27.610	0.000	0.000	0.000	0.000	27.610		
27.620	88.960	107.030	341.940	537.930	27.620	0.000	0.000	0.000	0.000	27.620		
27.630	91.740	107.030	336.380	535.150	27.630	0.000	0.000	0.000	0.000	27.630		
27.640	97.300	109.810	332.210	539.320	27.640	0.000	0.000	0.000	0.000	27.640		
27.650	97.300	111.200	323.870	532.370	27.650	0.000	0.000	0.000	0.000	27.650		
27.660	101.470	116.760	316.920	535.150	27.660	0.000	0.000	0.000	0.000	27.660		
27.670	107.030	119.540	307.190	533.760	27.670	0.000	0.000	0.000	0.000	27.670		
27.680	111.200	122.320	297.460	530.980	27.680	0.000	0.000	0.000	0.000	27.680		
27.690	116.760	126.490	286.340	529.590	27.690	0.000	0.000	0.000	0.000	27.690		
27.700	122.320	134.830	273.830	530.980	27.700	0.000	0.000	0.000	0.000	27.700		
27.710	129.270	139.000	261.320	529.590	27.710	0.000	0.000	0.000	0.000	27.710		
27.720	142.200	146.940	246.480	535.620	27.720	0.000	0.000	0.000	0.000	27.720		
27.730	151.680	151.680	232.260	535.620	27.730	0.000	0.000	0.000	0.000	27.730		
27.740	167.480	159.580	216.460	543.520	27.740	0.000	0.000	0.000	0.000	27.740		
27.750	178.540	164.320	202.240	545.100	27.750	0.000	0.000	0.000	0.000	27.750		
27.760	191.180	167.480	184.860	543.520	27.760	0.000	0.000	0.000	0.000	27.760		
27.770	206.980	173.800	167.480	548.260	27.770	0.000	0.000	0.000	0.000	27.770		
27.780	221.200	176.960	148.520	546.680	27.780	0.000	0.000	0.000	0.000	27.780		
27.790	238.580	178.540	129.560	546.680	27.790	0.000	0.000	0.000	0.000	27.790		
27.800	254.380	184.860	109.020	548.260	27.800	0.000	0.000	0.000	0.000	27.800		
27.810	271.760	184.860	88.480	545.100	27.810	6.930	0.000	0.000	6.930	27.810		
27.820	289.140	178.540	66.360	534.040	27.820	16.940	0.000	0.000	16.940	27.820		
27.830	311.260	169.060	48.980	529.300	27.830	32.340	0.000	0.000	32.340	27.830		
27.840	341.280	148.520	31.600	521.400	27.840	56.980	0.000	0.000	56.980	27.840		
27.850	371.300	129.560	17.380	518.240	27.850	87.010	0.000	0.000	87.010	27.850		
27.860	395.000	104.280	4.740	504.020	27.860	112.420	0.000	0.000	112.420	27.860		
27.870	415.860	83.520	0.000	499.380	27.870	139.370	0.000	0.000	139.370	27.870		
27.880	429.780	64.380	0.000	494.160	27.880	164.780	2.310	0.000	167.090	27.880		
27.890	435.000	52.200	0.000	487.200	27.890	192.500	2.310	0.000	194.810	27.890		
27.900	435.000	38.280	0.000	473.280	27.900	218.360	6.180	0.000	224.540	27.900		
27.910	426.300	26.100	0.000	452.400	27.910	241.020	12.360	0.000	253.380	27.910		
27.920	408.900	17.400	0.000	426.300	27.920	261.620	18.540	0.000	280.160	27.920		
27.930	389.760	8.700	0.000	398.460	27.930	276.040	24.720	2.060	302.820	27.930		
27.940	361.920	0.000	0.000	361.920	27.940	290.460	30.900	6.180	327.540	27.940		
27.950	332.340	0.000	0.000	332.340	27.950	309.000	39.140	6.180	354.320	27.950		
27.960	292.320	0.000	0.000	292.320	27.960	329.600	43.260	12.360	385.220	27.960		
27.970	241.860	0.000	0.000	241.860	27.970	352.260	49.440	12.360	414.060	27.970		
27.980	191.400	0.000	0.000	191.400	27.980	374.920	51.500	12.360	438.780	27.980		
27.990	140.940	0.000	0.000	140.940	27.990	401.700	55.620	14.420	471.740	27.990		
28.000	100.920	0.000	0.000	100.920	28.000	426.420	59.740	14.420	500.580	28.000		
28.010	64.380	0.000	0.000	64.380	28.010	451.140	59.740	16.480	527.360	28.010		
28.020	40.000	0.000	0.000	40.000	28.020	473.800	61.800	16.480	552.080	28.020		
28.030	22.400	0.000	0.000	22.400	28.030	494.400	61.800	16.480	572.680	28.030		
28.040	9.920	0.000	0.000	9.920	28.040	515.000	59.740	16.480	591.220	28.040		
28.050	7.360	0.000	0.000	7.360	28.050	533.520	59.280	15.960	608.760	28.050		
28.060	2.400	0.000	0.000	2.400	28.060	549.480	57.000	15.960	622.440	28.060		
28.070	2.400	0.000	0.000	2.400	28.070	558.600	57.000	15.960	631.560	28.070		
28.080	0.000	0.000	0.000	0.000	28.080	565.440	57.000	18.240	640.680	28.080		
28.090	2.400	0.000	0.000	2.400	28.090	570.000	54.720	20.520	645.240	28.090		
28.100	2.400	0.000	0.000	2.400	28.100	565.440	52.440	20.520	638.400	28.100		
28.110	0.000	0.000	0.000	0.000	28.110	560.880	52.440	22.800	636.120	28.110		
28.120	0.000	0.000	0.000	0.000	28.120	556.320	47.880	27.360	631.560	28.120		
28.130	0.000	0.000	0.000	0.000	28.130	549.480	47.880	31.920	629.280	28.130		
28.140	0.000	0.000	0.000	0.000	28.140	538.080	47.880	34.200	620.160	28.140		
28.150	0.000	0.000	0.000	0.000	28.150	526.680	47.880	34.200	608.760	28.150		
28.160	0.000	0.000	0.000	0.000	28.160	515.280	45.600	36.480	597.360	28.160		
28.170	0.000	0.000	0.000	0.000	28.170	503.880	47.880	41.040	592.800	28.170		
28.180	0.000	0.000	0.000	0.000	28.180	497.040	45.600	41.040	583.680	28.180		
28.190	0.000	0.000	0.000	0.000	28.190	492.480	45.600	41.040	579.120	28.190		
28.200	0.000	0.000	0.000	0.000	28.200	482.500	46.320	42.460	571.280	28.200		
28.210	0.000	0.000	0.000	0.000	28.210	476.710	46.320	44.390	567.420	28.210		
28.220	0.000	0.000	0.000	0.000	28.220	474.780	46.320	46.320	567.420	28.220		
28.230	0.000	0.000	0.000	0.000	28.230	468.990	46.320	46.320	561.630	28.230		
28.240	0.000	0.000	0.000	0.000	28.240	463.200	48.250	52.110	563.560	28.240		
28.250	0.000	0.000	0.000	0.000	28.250	457.410	52.110	59.830	569.350	28.250		
28.260	0.000	0.000	0.000	0.000	28.260	443.900	55.970	71.410	571.280	28.260		
28.270	0.000	0.000	0.000	0.000	28.270	428.460	61.760	86.850	577.070	28.270		
28.280	0.000	0.000	0.000	0.000	28.280	407.230	65.620	102.290	575.140	28.280		
28.290	0.000	0.000	0.000	0.000	28.290	386.000	71.410	121.590	579.000	28.290		
28.300	0.000	0.000	0.000	0.000	28.300	372.490	73.340	140.890	586.720	28.300		
28.310	2.500	0.000	0.000	2.500	28.310	358.980	77.200	156.330	592.510	28.310		
28.320	0.000	0.000	0.000	0.000	28.320	349.330	81.060	175.630	606.020	28.320		
28.330	0.000	0.000	0.000	0.000	28.330	333.890	84.920	191.070	609.880	28.330		
28.340	0.000	0.000	0.000	0.000	28.340	316.520	84.920	208.440	609.880	28.340		
28.350	0.000	0.000	0.000	0.000	28.350	294.000	86.240	229.320	609.560	28.350		
28.360	0.000	0.000	0.000	0.000	28.360	272.440	88.200	241.080	601.720	28.360		
28.370	0.000	0.000	0.000	0.000	28.370	248.920	92.120	260.680	601.720	28.370		
28.380	0.000	0.000	0.000	0.000	28.380	227.360	94.080	282.240	603.680	28.380		
28.390	0.000	0.000	0.000	0.000	28.390	205.800	96.040	294.000	595.840	28.390		
28.400	0.000	0.000	2.320	2.320	28.400	182.280	99.960	313.600	595.840	28.400		
28.410	0.000	0.000	12.180	12.180	28.410	156.800	101.920	331.240	589.960	28.410		
28.420	0.000	0.000	27.260	27.260	28.420	137.200	103.880	354.760	595.840	28.420		
28.430	0.000	0.000	44.660	44.660	28.430	113.680	103.880	374.360	591.920	28.430		
28.440	0.000	0.000	72.500	72.500	28.440	88.200	101.920	399.840	589.960	28.440		
28.450	0.000	0.000	111.940	111.940	28.450	66.640	94.080	423.360	584.080	28.450		
28.460	0.000	0.000	145.000	145.000	28.460	54.880	84.280	444.920	584.080	28.460		
28.470	1.610	1.610	164.220	167.440	28.470	43.120	68.600	464.520	576.240	28.470		
28.480	4.830	4.830	169.050	178.710	28.480	33.320	58.800	478.240	570.360	28.480		
28.490	6.440	4.830	172.270	183.540	28.490	29.400	47.040	490.000	566.440	28.490		
28.500	9.660	9.660	173.880	193.200	28.500	15.680	33.320	490.000	539.000	28.500		
28.510	9.660	11.270	178.710	199.640	28.510	9.800	27.440	482.160	519.400	28.510		
28.520	14.490	16.100	191.590	222.180	28.520	1.960	19.600	466.480	488.040	28.520		
28.530	19.320	20.930	209.300	249.550	28.530	0.000	13.720	446.880	460.600	28.530		
28.540	24.150	27.370	223.790	275.310	28.540	0.000	5.880	417.480	423.360	28.540		
28.550	28.980	32.200	246.330	307.510	28.550	0.000	1.960	376.320	378.280	28.550		
28.560	33.810	33.810	272.090	339.710	28.560	0.000	0.000	329.280	329.280	28.560		
28.570	37.030	38.640	301.070	376.740	28.570	0.000	0.000	276.360	276.360	28.570		
28.580	41.860	46.690	331.660	420.210	28.580	0.000	0.000	219.520	219.520	28.580		
28.590	49.910	51.520	362.250	463.680	28.590	0.000	0.000	164.640	164.640	28.590		
28.600	54.740	59.570	386.400	500.710	28.600	0.000	0.000	113.680	113.680	28.600		
28.610	61.180	64.400	402.500	528.080	28.610	0.000	0.000	74.480	74.480	28.610		
28.620	68.400	66.690	413.820	548.910	28.620	0.000	0.000	43.120	43.120	28.620		
28.630	76.950	71.820	422.370	571.140	28.630	0.000	0.000	23.520	23.520	28.630		
28.640	82.080	78.660	427.500	588.240	28.640	1.960	1.960	9.800	13.720	28.640		
28.650	88.920	83.790	424.080	596.790	28.650	2.500	0.000	2.500	5.000	28.650		
28.660	94.050	92.340	417.240	603.630	28.660	2.500	0.000	0.000	2.500	28.660		
28.670	99.180	97.470	403.560	600.210	28.670	2.500	2.500	0.000	5.000	28.670		
28.680	104.310	100.890	389.880	595.080	28.680	0.000	2.500	0.000	2.500	28.680		
28.690	109.440	106.020	374.490	589.950	28.690	0.000	2.500	0.000	2.500	28.690		
28.700	114.570	109.440	359.100	583.110	28.700	0.000	0.000	0.000	0.000	28.700		
28.710	114.570	111.150	343.710	569.430	28.710	0.000	0.000	0.000	0.000	28.710		
28.720	116.280	111.150	328.320	555.750	28.720	0.000	0.000	0.000	0.000	28.720		
28.730	116.280	114.570	314.640	545.490	28.730	0.000	0.000	0.000	0.000	28.730		
28.740	119.700	116.280	295.830	531.810	28.740	0.000	0.000	0.000	0.000	28.740		
28.750	121.410	119.700	278.730	519.840	28.750	0.000	0.000	0.000	0.000	28.750		
28.760	124.830	121.410	261.630	507.870	28.760	0.000	0.000	0.000	0.000	28.760		
28.770	128.960	126.480	244.280	499.720	28.770	0.000	0.000	0.000	0.000	28.770		
28.780	133.920	131.440	224.440	489.800	28.780	0.000	2.500	0.000	2.500	28.780		
28.790	141.360	133.920	204.600	479.880	28.790	0.000	0.000	0.000	0.000	28.790		
28.800	148.800	138.880	187.240	474.920	28.800	0.000	0.000	0.000	0.000	28.800		
28.810	159.960	143.840	172.360	476.160	28.810	0.000	0.000	0.000	0.000	28.810		
28.820	169.880	148.800	159.960	478.640	28.820	0.000	0.000	0.000	0.000	28.820		
28.830	182.280	151.280	143.840	477.400	28.830	0.000	2.500	0.000	2.500	28.830		
28.840	194.680	155.000	131.440	481.120	28.840	0.000	0.000	0.000	0.000	28.840		
28.850	209.560	157.480	121.520	488.560	28.850	0.000	0.000	0.000	0.000	28.850		
28.860	221.960	159.960	111.600	493.520	28.860	0.000	0.000	0.000	0.000	28.860		
28.870	234.360	162.440	99.200	496.000	28.870	0.000	0.000	0.000	0.000	28.870		
28.880	251.720	162.440	86.800	500.960	28.880	0.000	0.000	0.000	0.000	28.880		
28.890	269.080	164.920	74.400	508.400	28.890	0.000	0.000	0.000	0.000	28.890		
28.900	288.920	159.960	64.480	513.360	28.900	0.000	0.000	0.000	0.000	28.900		
28.910	310.000	159.960	54.560	524.520	28.910	0.000	0.000	0.000	0.000	28.910		
28.920	331.200	154.100	41.400	526.700	28.920	0.000	0.000	0.000	0.000	28.920		
28.930	354.200	149.500	34.500	538.200	28.930	0.000	0.000	0.000	0.000	28.930		
28.940	379.500	140.300	29.900	549.700	28.940	0.000	0.000	0.000	0.000	28.940		
28.950	404.800	133.400	18.400	556.600	28.950	0.000	0.000	0.000	0.000	28.950		
28.960	427.800	121.900	11.500	561.200	28.960	0.000	1.340	1.340	2.680	28.960		
28.970	455.400	108.100	4.600	568.100	28.970	0.000	1.340	0.000	1.340	28.970		
28.980	478.400	96.600	2.300	577.300	28.980	0.000	1.340	1.340	2.680	28.980		
28.990	503.700	82.800	0.000	586.500	28.990	0.000	0.000	0.000	0.000	28.990		
29.000	526.700	73.600	0.000	600.300	29.000	0.000	0.000	0.000	0.000	29.000		
29.010	542.800	62.100	0.000	604.900	29.010	1.340	0.000	0.000	1.340	29.010		
29.020	558.900	48.300	0.000	607.200	29.020	34.840	0.000	0.000	34.840	29.020		
29.030	570.400	39.100	0.000	609.500	29.030	93.800	0.000	0.000	93.800	29.030		
29.040	575.000	29.900	0.000	604.900	29.040	156.780	0.000	0.000	156.780	29.040		
29.050	568.100	16.100	0.000	584.200	29.050	202.340	0.000	0.000	202.340	29.050		
29.060	552.000	9.200	0.000	561.200	29.060	231.820	0.000	0.000	231.820	29.060		
29.070	527.500	0.000	0.000	527.500	29.070	266.660	1.340	0.000	268.000	29.070		
29.080	493.740	0.000	0.000	493.740	29.080	301.500	4.020	0.000	305.520	29.080		
29.090	451.540	0.000	0.000	451.540	29.090	335.000	6.700	0.000	341.700	29.090		
29.100	400.900	0.000	0.000	400.900	29.100	359.520	10.700	0.000	370.220	29.100		
29.110	346.040	0.000	0.000	346.040	29.110	387.340	21.400	0.000	408.740	29.110		
29.120	280.630	0.000	0.000	280.630	29.120	408.740	32.100	0.000	440.840	29.120		
29.130	217.330	0.000	0.000	217.330	29.130	428.000	44.940	4.280	477.220	29.130		
29.140	156.140	0.000	0.000	156.140	29.140	449.400	62.060	6.420	517.880	29.140		
29.150	109.720	0.000	0.000	109.720	29.150	466.520	79.180	10.700	556.400	29.150		
29.160	71.740	0.000	0.000	71.740	29.160	481.500	89.880	14.980	586.360	29.160		
29.170	42.200	0.000	0.000	42.200	29.170	494.340	98.440	19.260	612.040	29.170		
29.180	21.100	2.110	0.000	23.210	29.180	509.320	107.000	23.540	639.860	29.180		
29.190	14.770	2.110	0.000	16.880	29.190	517.880	111.280	23.540	652.700	29.190		
29.200	8.440	0.000	0.000	8.440	29.200	526.440	113.420	25.680	665.540	29.200		
29.210	6.330	2.110	0.000	8.440	29.210	535.000	115.560	29.960	680.520	29.210		
29.220	7.500	2.490	0.000	9.990	29.220	535.000	119.840	32.100	686.940	29.220		
29.230	4.980	2.490	0.000	7.470	29.230	528.580	119.840	34.240	682.660	29.230		
29.240	4.980	2.490	0.000	7.470	29.240	517.880	119.840	34.240	671.960	29.240		
29.250	4.980	2.490	0.000	7.470	29.250	505.000	117.160	34.340	656.500	29.250		
29.260	4.980	2.490	0.000	7.470	29.260	484.800	117.160	34.340	636.300	29.260		
29.270	2.490	2.490	0.000	4.980	29.270	466.620	113.120	38.380	618.120	29.270		
29.280	2.490	0.000	0.000	2.490	29.280	446.420	111.100	36.360	593.880	29.280		
29.290	2.490	0.000	0.000	2.490	29.290	426.220	111.100	38.380	575.700	29.290		
29.300	2.490	0.000	0.000	2.490	29.300	408.040	109.080	42.420	559.540	29.300		
29.310	0.000	2.490	0.000	2.490	29.310	389.860	107.060	44.440	541.360	29.310		
29.320	0.000	0.000	0.000	0.000	29.320	371.680	107.060	46.460	525.200	29.320		
29.330	0.000	2.490	0.000	2.490	29.330	353.500	107.060	50.500	511.060	29.330		
29.340	0.000	2.490	0.000	2.490	29.340	341.380	109.080	56.560	507.020	29.340		
29.350	0.000	2.490	0.000	2.490	29.350	329.260	109.080	64.640	502.980	29.350		
29.360	0.000	2.490	0.000	2.490	29.360	319.160	111.100	74.740	505.000	29.360		
29.370	2.500	0.000	0.000	2.500	29.370	309.060	113.120	80.800	502.980	29.370		
29.380	0.000	2.500	0.000	2.500	29.380	298.960	113.120	90.900	502.980	29.380		
29.390	0.000	2.500	0.000	2.500	29.390	286.840	117.160	103.020	507.020	29.390		
29.400	0.000	2.500	0.000	2.500	29.400	276.900	118.950	118.950	514.800	29.400		
29.410	0.000	2.500	0.000	2.500	29.410	263.250	120.900	134.550	518.700	29.410		
29.420	0.000	0.000	0.000	0.000	29.420	253.500	124.800	148.200	526.500	29.420		
29.430	0.000	0.000	0.000	0.000	29.430	241.800	126.750	169.650	538.200	29.430		
29.440	0.000	0.000	0.000	0.000	29.440	226.200	128.700	189.150	544.050	29.440		
29.450	0.000	0.000	0.000	0.000	29.450	210.600	134.550	214.500	559.650	29.450		
29.460	2.500	0.000	0.000	2.500	29.460	196.950	136.500	235.950	569.400	29.460		
29.470	0.000	0.000	0.000	0.000	29.470	177.450	142.350	267.150	586.950	29.470		
29.480	0.000	0.000	0.000	0.000	29.480	154.050	138.450	294.450	586.950	29.480		
29.490	0.000	0.000	0.000	0.000	29.490	130.650	138.450	323.700	592.800	29.490		
29.500	2.500	2.500	0.000	5.000	29.500	111.150	138.450	354.900	604.500	29.500		
29.510	0.000	0.000	0.000	0.000	29.510	89.700	136.500	386.100	612.300	29.510		
29.520	1.500	1.500	0.000	3.000	29.520	72.150	128.700	417.300	618.150	29.520		
29.530	1.500	1.500	0.000	3.000	29.530	56.550	120.900	452.400	629.850	29.530		
29.540	1.500	1.500	0.000	3.000	29.540	46.800	109.200	487.500	643.500	29.540		
29.550	1.500	1.500	0.000	3.000	29.550	36.450	97.200	517.590	651.240	29.550		
29.560	1.500	1.500	0.000	3.000	29.560	31.590	82.620	546.750	660.960	29.560		
29.570	0.000	1.500	0.000	1.500	29.570	24.300	70.470	568.620	663.390	29.570		
29.580	0.000	1.500	1.500	3.000	29.580	14.580	60.750	585.630	660.960	29.580		
29.590	0.000	0.000	31.500	31.500	29.590	7.290	51.030	597.780	656.100	29.590		
29.600	0.000	1.500	91.500	93.000	29.600	2.430	41.310	607.500	651.240	29.600		
29.610	0.000	0.000	159.000	159.000	29.610	0.000	34.020	607.500	641.520	29.610		
29.620	0.000	0.000	219.000	219.000	29.620	0.000	26.730	600.210	626.940	29.620		
29.630	0.000	1.500	274.500	276.000	29.630	0.000	19.440	583.200	602.640	29.630		
29.640	0.000	7.500	324.000	331.500	29.640	0.000	14.580	558.900	573.480	29.640		
29.650	4.500	12.000	357.000	373.500	29.650	0.000	9.720	515.160	524.880	29.650		
29.660	4.500	16.500	375.000	396.000	29.660	0.000	7.290	466.560	473.850	29.660		
29.670	6.150	26.650	387.450	420.250	29.670	0.000	2.430	396.090	398.520	29.670		
29.680	12.300	36.900	403.850	453.050	29.680	0.000	0.000	315.900	315.900	29.680		
29.690	14.350	51.250	426.400	492.000	29.690	0.000	0.000	235.710	235.710	29.690		
29.700	16.400	69.700	451.000	537.100	29.700	0.000	0.000	157.500	157.500	29.700		
29.710	24.600	86.100	471.500	582.200	29.710	0.000	0.000	97.020	97.020	29.710		
29.720	28.700	96.350	483.800	608.850	29.720	0.000	0.000	59.850	59.850	29.720		
29.730	34.850	104.550	494.050	633.450	29.730	0.000	1.890	39.690	41.580	29.730		
29.740	38.950	106.600	504.300	649.850	29.740	4.410	1.890	22.050	28.350	29.740		
29.750	43.050	106.600	508.400	658.050	29.750	4.410	1.890	11.970	18.270	29.750		
29.760	49.200	104.550	512.500	666.250	29.760	1.890	1.890	9.450	13.230	29.760		
29.770	57.400	104.550	504.300	666.250	29.770	4.410	0.000	4.410	8.820	29.770		
29.780	63.550	102.500	492.000	658.050	29.780	1.890	1.890	6.930	10.710	29.780		
29.790	71.750	96.350	473.550	641.650	29.790	1.890	1.890	4.410	8.190	29.790		
29.800	84.050	92.250	451.000	627.300	29.800	1.890	1.890	1.890	5.670	29.800		
29.810	94.300	88.150	428.450	610.900	29.810	1.890	1.890	1.890	5.670	29.810		
29.820	104.650	86.940	402.500	594.090	29.820	1.890	0.000	1.890	3.780	29.820		
29.830	114.310	86.940	376.740	577.990	29.830	1.890	0.000	0.000	1.890	29.830		
29.840	122.360	83.720	350.980	557.060	29.840	1.890	1.890	1.890	5.670	29.840		
29.850	133.630	82.110	328.440	544.180	29.850	2.500	0.000	2.500	5.000	29.850		
29.860	144.900	82.110	305.900	532.910	29.860	2.500	0.000	0.000	2.500	29.860		
29.870	151.340	78.890	284.970	515.200	29.870	2.500	0.000	2.500	5.000	29.870		
29.880	161.000	78.890	264.040	503.930	29.880	2.500	0.000	0.000	2.500	29.880		
29.890	172.270	77.280	246.330	495.880	29.890	0.000	0.000	0.000	0.000	29.890		
29.900	178.710	77.280	231.840	487.830	29.900	0.000	0.000	0.000	0.000	29.900		
29.910	189.980	74.060	217.350	481.390	29.910	0.000	2.500	0.000	2.500	29.910		
29.920	201.250	77.280	204.470	483.000	29.920	0.000	0.000	0.000	0.000	29.920		
29.930	214.130	77.280	189.980	481.390	29.930	0.000	0.000	0.000	0.000	29.930		
29.940	227.010	77.280	173.880	478.170	29.940	0.000	2.500	0.000	2.500	29.940		
29.950	241.500	77.280	161.000	479.780	29.950	0.000	0.000	0.000	0.000	29.950		
29.960	255.990	77.280	149.730	483.000	29.960	0.000	2.500	0.000	2.500	29.960		
29.970	274.040	77.350	134.810	486.200	29.970	0.000	0.000	0.000	0.000	29.970		
29.980	293.930	77.350	119.340	490.620	29.980	0.000	2.500	0.000	2.500	29.980		
29.990	311.610	72.930	106.080	490.620	29.990	0.000	0.000	0.000	0.000	29.990		
30.000	331.500	72.930	97.240	501.670	30.000	0.000	0.000	0.000	0.000	30.000		
30.010	346.970	70.720	83.980	501.670	30.010	0.000	2.400	0.000	2.400	30.010		
30.020	366.860	66.300	70.720	503.880	30.020	0.000	0.000	0.000	0.000	30.020		
30.030	386.750	64.090	61.880	512.720	30.030	0.000	2.400	0.000	2.400	30.030		
30.040	406.640	59.670	50.830	517.140	30.040	0.000	2.400	0.000	2.400	30.040		
30.050	428.740	59.670	46.410	534.820	30.050	0.000	0.000	0.000	0.000	30.050		
30.060	450.840	53.040	41.990	545.870	30.060	0.000	0.000	0.000	0.000	30.060		
30.070	472.940	48.620	35.360	556.920	30.070	0.000	0.000	0.000	0.000	30.070		
30.080	497.250	44.200	30.940	572.390	30.080	0.000	0.000	0.000	0.000	30.080		
30.090	519.350	39.780	26.520	585.650	30.090	0.000	2.400	0.000	2.400	30.090		
30.100	539.240	30.940	22.100	592.280	30.100	0.000	2.400	0.000	2.400	30.100		
30.110	552.500	28.730	13.260	594.490	30.110	0.000	2.400	0.000	2.400	30.110		
30.120	563.340	22.900	11.450	597.690	30.120	0.000	2.400	0.000	2.400	30.120		
30.130	572.500	18.320	6.870	597.690	30.130	9.920	2.400	0.000	12.320	30.130		
30.140	572.500	13.740	4.580	590.820	30.140	40.000	2.400	0.000	42.400	30.140		
30.150	567.920	6.870	0.000	574.790	30.150	94.640	3.640	0.000	98.280	30.150		
30.160	558.760	6.870	0.000	565.630	30.160	154.700	1.820	0.000	156.520	30.160		
30.170	542.730	4.580	0.000	547.310	30.170	202.020	1.820	0.000	203.840	30.170		
30.180	526.700	2.290	0.000	528.990	30.180	236.600	3.640	0.000	240.240	30.180		
30.190	499.220	0.000	0.000	499.220	30.190	271.180	3.640	0.000	274.820	30.190		
30.200	464.870	0.000	0.000	464.870	30.200	314.860	9.100	0.000	323.960	30.200		
30.210	419.070	0.000	0.000	419.070	30.210	351.260	14.560	1.820	367.640	30.210		
30.220	366.400	0.000	0.000	366.400	30.220	374.920	27.300	1.820	404.040	30.220		
30.230	304.570	0.000	0.000	304.570	30.230	385.840	36.400	7.280	429.520	30.230		
30.240	238.160	0.000	0.000	238.160	30.240	396.760	54.600	10.920	462.280	30.240		
30.250	176.330	0.000	0.000	176.330	30.250	405.860	63.700	18.200	487.760	30.250		
30.260	114.500	0.000	0.000	114.500	30.260	414.960	76.440	27.300	518.700	30.260		
30.270	67.500	0.000	0.000	67.500	30.270	429.520	87.360	38.220	555.100	30.270		
30.280	37.260	0.000	0.000	37.260	30.280	442.260	94.640	49.140	586.040	30.280		
30.290	17.280	2.430	7.290	27.000	30.290	455.000	103.740	61.880	620.620	30.290		
30.300	9.990	0.000	4.860	14.850	30.300	461.280	111.600	68.820	641.700	30.300		
30.310	7.290	0.000	2.430	9.720	30.310	465.000	120.900	81.840	667.740	30.310		
30.320	4.860	0.000	2.430	7.290	30.320	455.700	132.060	91.140	678.900	30.320		
30.330	4.860	0.000	2.430	7.290	30.330	444.540	139.500	104.160	688.200	30.330		
30.340	2.430	0.000	0.000	2.430	30.340	425.940	146.940	109.740	682.620	30.340		
30.350	2.430	0.000	0.000	2.430	30.350	407.340	154.380	117.180	678.900	30.350		
30.360	2.430	0.000	0.000	2.430	30.360	383.160	161.820	124.620	669.600	30.360		
30.370	2.430	0.000	2.430	4.860	30.370	357.120	163.680	128.340	649.140	30.370		
30.380	2.430	0.000	0.000	2.430	30.380	334.800	167.400	132.060	634.260	30.380		
30.390	0.000	0.000	0.000	0.000	30.390	306.900	169.260	135.780	611.940	30.390		
30.400	0.000	0.000	0.000	0.000	30.400	280.860	171.120	139.500	591.480	30.400		
30.410	0.000	0.000	0.000	0.000	30.410	256.680	174.840	146.940	578.460	30.410		
30.420	0.000	2.500	0.000	2.500	30.420	228.780	174.840	154.380	558.000	30.420		
30.430	0.000	0.000	0.000	0.000	30.430	200.880	174.840	161.820	537.540	30.430		
30.440	0.000	2.500	0.000	2.500	30.440	182.280	174.840	169.260	526.380	30.440		
30.450	0.000	0.000	0.000	0.000	30.450	156.550	168.950	176.700	502.200	30.450		
30.460	0.000	0.000	0.000	0.000	30.460	141.050	168.950	186.000	496.000	30.460		
30.470	0.000	0.000	0.000	0.000	30.470	127.100	167.400	199.950	494.450	30.470		
30.480	0.000	0.000	0.000	0.000	30.480	114.700	164.300	213.900	492.900	30.480		
30.490	0.000	0.000	0.000	0.000	30.490	103.850	161.200	224.750	489.800	30.490		
30.500	0.000	0.000	0.000	0.000	30.500	94.550	159.650	238.700	492.900	30.500		
30.510	0.000	0.000	0.000	0.000	30.510	86.800	159.650	251.100	497.550	30.510		
30.520	0.000	2.500	0.000	2.500	30.520	82.150	159.650	269.700	511.500	30.520		
30.530	0.000	2.500	0.000	2.500	30.530	77.500	155.000	282.100	514.600	30.530		
30.540	0.000	2.500	0.000	2.500	30.540	74.400	155.000	303.800	533.200	30.540		
30.550	0.000	2.500	0.000	2.500	30.550	69.750	155.000	319.300	544.050	30.550		
30.560	0.000	2.500	0.000	2.500	30.560	63.550	155.000	334.800	553.350	30.560		
30.570	0.000	0.000	0.000	0.000	30.570	58.900	151.900	351.850	562.650	30.570		
30.580	0.000	0.000	0.000	0.000	30.580	54.250	148.800	367.350	570.400	30.580		
30.590	0.000	2.380	0.000	2.380	30.590	49.600	147.250	387.500	584.350	30.590		
30.600	0.000	0.000	0.000	0.000	30.600	42.660	142.200	407.640	592.500	30.600		
30.610	0.000	0.000	0.000	0.000	30.610	37.920	139.830	431.340	609.090	30.610		
30.620	0.000	0.000	0.000	0.000	30.620	35.550	130.350	450.300	616.200	30.620		
30.630	2.380	2.380	0.000	4.760	30.630	30.810	123.240	471.630	625.680	30.630		
30.640	2.380	2.380	0.000	4.760	30.640	26.070	116.130	492.960	635.160	30.640		
30.650	2.380	2.380	0.000	4.760	30.650	18.960	109.020	516.660	644.640	30.650		
30.660	2.380	2.380	0.000	4.760	30.660	14.220	101.910	533.250	649.380	30.660		
30.670	2.380	2.380	0.000	4.760	30.670	11.850	94.800	554.580	661.230	30.670		
30.680	2.380	0.000	0.000	2.380	30.680	7.110	82.950	566.430	656.490	30.680		
30.690	0.000	2.380	0.000	2.380	30.690	4.740	75.840	578.280	658.860	30.690		
30.700	0.000	2.380	7.480	9.860	30.700	0.000	66.360	585.390	651.750	30.700		
30.710	0.000	2.380	42.500	44.880	30.710	0.000	49.770	592.500	642.270	30.710		
30.720	0.000	2.130	102.240	104.370	30.720	0.000	40.290	585.390	625.680	30.720		
30.730	0.000	2.130	146.970	149.100	30.730	0.000	33.180	571.170	604.350	30.730		
30.740	0.000	2.130	183.180	185.310	30.740	0.000	26.280	547.500	573.780	30.740		
30.750	0.000	0.000	227.910	227.910	30.750	0.000	15.330	514.650	529.980	30.750		
30.760	0.000	4.260	283.290	287.550	30.760	0.000	8.760	470.850	479.610	30.760		
30.770	0.000	6.390	328.020	334.410	30.770	0.000	4.380	420.480	424.860	30.770		
30.780	0.000	10.650	368.490	379.140	30.780	0.000	2.190	363.540	365.730	30.780		
30.790	4.260	17.040	396.180	417.480	30.790	0.000	0.000	295.650	295.650	30.790		
30.800	6.390	25.560	423.870	455.820	30.800	0.000	0.000	232.140	232.140	30.800		
30.810	8.520	34.080	447.300	489.900	30.810	0.000	0.000	168.630	168.630	30.810		
30.820	10.650	44.730	470.730	526.110	30.820	0.000	0.000	116.070	116.070	30.820		
30.830	14.910	51.120	492.030	558.060	30.830	0.000	0.000	76.650	76.650	30.830		
30.840	19.170	63.900	511.200	594.270	30.840	0.000	0.000	54.750	54.750	30.840		
30.850	23.430	68.160	523.980	615.570	30.850	0.000	0.000	32.850	32.850	30.850		
30.860	29.820	74.550	532.500	636.870	30.860	4.380	2.190	24.090	30.660	30.860		
30.870	34.560	75.600	535.680	645.840	30.870	2.190	2.190	15.330	19.710	30.870		
30.880	38.880	75.600	540.000	654.480	30.880	4.380	2.190	10.950	17.520	30.880		
30.890	41.040	79.920	535.680	656.640	30.890	2.500	0.000	12.500	15.000	30.890		
30.900	45.360	75.600	529.200	650.160	30.900	2.500	2.500	12.500	17.500	30.900		
30.910	51.840	75.600	516.240	643.680	30.910	2.500	2.500	10.000	15.000	30.910		
30.920	54.000	75.600	501.120	630.720	30.920	2.500	0.000	7.500	10.000	30.920		
30.930	56.160	73.440	486.000	615.600	30.930	2.500	0.000	7.500	10.000	30.930		
30.940	60.480	71.280	466.560	598.320	30.940	2.500	2.500	7.500	12.500	30.940		
30.950	66.960	71.280	449.280	587.520	30.950	0.000	0.000	2.500	2.500	30.950		
30.960	69.120	71.280	429.840	570.240	30.960	2.500	0.000	5.000	7.500	30.960		
30.970	73.440	69.120	410.400	552.960	30.970	2.500	0.000	2.500	5.000	30.970		
30.980	79.920	69.120	390.960	540.000	30.980	2.500	0.000	5.000	7.500	30.980		
30.990	84.240	69.120	373.680	527.040	30.990	2.500	0.000	2.500	5.000	30.990		
31.000	88.560	69.120	356.400	514.080	31.000	2.500	0.000	0.000	2.500	31.000		
31.010	97.200	69.120	341.280	507.600	31.010	2.500	0.000	2.500	5.000	31.010		
31.020	104.800	72.050	327.500	504.350	31.020	2.500	0.000	0.000	2.500	31.020		
31.030	108.730	74.670	314.400	497.800	31.030	2.500	0.000	2.500	5.000	31.030		
31.040	113.970	79.910	301.300	495.180	31.040	2.500	0.000	0.000	2.500	31.040		
31.050	121.830	81.220	292.130	495.180	31.050	2.500	0.000	0.000	2.500	31.050		
31.060	134.930	83.840	276.410	495.180	31.060	0.000	0.000	0.000	0.000	31.060		
31.070	144.100	89.080	264.620	497.800	31.070	2.500	0.000	0.000	2.500	31.070		
31.080	157.200	94.320	251.520	503.040	31.080	2.500	0.000	2.500	5.000	31.080		
31.090	168.990	99.560	242.350	510.900	31.090	0.000	0.000	0.000	0.000	31.090		
31.100	182.090	102.180	226.630	510.900	31.100	0.000	0.000	2.500	2.500	31.100		
31.110	196.500	104.800	212.220	513.520	31.110	0.000	0.000	0.000	0.000	31.110		
31.120	209.600	107.420	196.500	513.520	31.120	0.000	0.000	0.000	0.000	31.120		
31.130	224.010	107.420	179.470	510.900	31.130	0.000	0.000	0.000	0.000	31.130		
31.140	244.970	107.420	162.440	514.830	31.140	0.000	0.000	0.000	0.000	31.140		
31.150	262.000	108.730	146.720	517.450	31.150	0.000	0.000	2.500	2.500	31.150		
31.160	284.270	108.730	134.930	527.930	31.160	0.000	0.000	0.000	0.000	31.160		
31.170	308.560	111.650	115.710	535.920	31.170	0.000	0.000	0.000	0.000	31.170		
31.180	334.950	111.650	103.530	550.130	31.180	0.000	0.000	0.000	0.000	31.180		
31.190	359.310	109.620	89.320	558.250	31.190	0.000	0.000	1.490	1.490	31.190		
31.200	383.670	105.560	77.140	566.370	31.200	0.000	0.000	1.490	1.490	31.200		
31.210	412.090	99.470	60.900	572.460	31.210	0.000	1.490	0.000	1.490	31.210		
31.220	438.480	89.320	48.720	576.520	31.220	4.470	0.000	0.000	4.470	31.220		
31.230	458.780	77.140	38.570	574.490	31.230	16.390	0.000	0.000	16.390	31.230		
31.240	479.080	66.990	34.510	580.580	31.240	38.740	0.000	0.000	38.740	31.240		
31.250	493.290	54.810	26.390	574.490	31.250	77.480	1.490	0.000	78.970	31.250		
31.260	501.410	38.570	18.270	558.250	31.260	129.630	1.490	0.000	131.120	31.260		
31.270	507.500	32.480	12.180	552.160	31.270	181.780	1.490	0.000	183.270	31.270		
31.280	503.440	24.360	6.090	533.890	31.280	222.010	4.470	0.000	226.480	31.280		
31.290	493.290	16.240	2.030	511.560	31.290	259.260	7.450	0.000	266.710	31.290		
31.300	472.990	8.120	0.000	481.110	31.300	299.490	11.920	1.490	312.900	31.300		
31.310	444.570	6.090	0.000	450.660	31.310	333.760	26.820	4.470	365.050	31.310		
31.320	405.000	1.620	0.000	406.620	31.320	359.090	46.190	11.920	417.200	31.320		
31.330	356.400	0.000	0.000	356.400	31.330	372.500	64.070	22.350	458.920	31.330		
31.340	306.180	0.000	0.000	306.180	31.340	371.950	79.580	25.950	477.480	31.340		
31.350	251.100	0.000	0.000	251.100	31.350	377.140	89.960	39.790	506.890	31.350		
31.360	194.400	0.000	0.000	194.400	31.360	385.790	102.070	48.440	536.300	31.360		
31.370	139.320	0.000	0.000	139.320	31.370	399.630	108.990	57.090	565.710	31.370		
31.380	97.200	0.000	0.000	97.200	31.380	408.280	119.370	64.010	591.660	31.380		
31.390	59.940	0.000	0.000	59.940	31.390	418.660	126.290	69.200	614.150	31.390		
31.400	34.020	1.620	4.860	40.500	31.400	427.310	134.940	74.390	636.640	31.400		
31.410	19.440	1.620	4.860	25.920	31.410	432.500	138.400	76.120	647.020	31.410		
31.420	14.580	1.620	4.860	21.060	31.420	429.040	143.590	84.770	657.400	31.420		
31.430	9.720	1.620	4.860	16.200	31.430	422.120	143.590	86.500	652.210	31.430		
31.440	6.480	1.620	4.860	12.960	31.440	411.740	148.780	91.690	652.210	31.440		
31.450	4.860	1.620	4.860	11.340	31.450	396.170	148.780	91.690	636.640	31.450		
31.460	1.620	0.000	4.860	6.480	31.460	382.330	152.240	96.880	631.450	31.460		
31.470	2.500	0.000	5.000	7.500	31.470	366.760	152.240	98.610	617.610	31.470		
31.480	0.000	0.000	5.000	5.000	31.480	354.650	153.970	98.610	607.230	31.480		
31.490	0.000	0.000	5.000	5.000	31.490	337.500	151.200	101.250	589.950	31.490		
31.500	0.000	2.500	5.000	7.500	31.500	321.300	151.200	99.900	572.400	31.500		
31.510	0.000	0.000	2.500	2.500	31.510	309.150	149.850	101.250	560.250	31.510		
31.520	0.000	0.000	2.500	2.500	31.520	299.700	149.850	101.250	550.800	31.520		
31.530	0.000	0.000	2.500	2.500	31.530	288.900	149.850	103.950	542.700	31.530		
31.540	0.000	0.000	2.500	2.500	31.540	282.150	149.850	106.650	538.650	31.540		
31.550	0.000	0.000	2.500	2.500	31.550	274.050	147.150	109.350	530.550	31.550		
31.560	0.000	0.000	2.500	2.500	31.560	270.000	149.850	112.050	531.900	31.560		
31.570	0.000	0.000	2.500	2.500	31.570	267.300	149.850	117.450	534.600	31.570		
31.580	0.000	2.500	2.500	5.000	31.580	267.300	149.850	121.500	538.650	31.580		
31.590	0.000	0.000	2.500	2.500	31.590	264.600	151.200	126.900	542.700	31.590		
31.600	0.000	2.500	2.500	5.000	31.600	261.900	153.900	129.600	545.400	31.600		
31.610	0.000	2.500	2.500	5.000	31.610	259.200	156.600	136.350	552.150	31.610		
31.620	0.000	2.500	2.500	5.000	31.620	253.800	159.300	141.750	554.850	31.620		
31.630	0.000	2.500	0.000	2.500	31.630	249.750	162.000	149.850	561.600	31.630		
31.640	0.000	2.500	2.500	5.000	31.640	241.380	163.900	156.450	561.730	31.640		
31.650	0.000	0.000	0.000	0.000	31.650	236.910	166.880	163.900	567.690	31.650		
31.660	0.000	0.000	0.000	0.000	31.660	229.460	169.860	169.860	569.180	31.660		
31.670	0.000	0.000	0.000	0.000	31.670	222.010	171.350	178.800	572.160	31.670		
31.680	0.000	0.000	0.000	0.000	31.680	214.560	171.350	192.210	578.120	31.680		
31.690	0.000	0.000	0.000	0.000	31.690	207.110	171.350	201.150	579.610	31.690		
31.700	0.000	2.500	0.000	2.500	31.700	199.660	174.330	216.050	590.040	31.700		
31.710	0.000	0.000	0.000	0.000	31.710	189.230	177.310	232.440	598.980	31.710		
31.720	0.000	0.000	0.000	0.000	31.720	178.800	177.310	247.340	603.450	31.720		
31.730	0.000	0.000	0.000	0.000	31.730	166.880	178.800	263.730	609.410	31.730		
31.740	0.000	2.500	0.000	2.500	31.740	149.000	178.800	281.610	609.410	31.740		
31.750	0.000	2.500	0.000	2.500	31.750	134.100	177.310	302.470	613.880	31.750		
31.760	0.000	2.500	0.000	2.500	31.760	116.220	174.330	321.840	612.390	31.760		
31.770	0.000	0.000	0.000	0.000	31.770	101.320	169.860	347.170	618.350	31.770		
31.780	0.000	2.460	0.000	2.460	31.780	84.930	162.410	372.500	619.840	31.780		
31.790	0.000	2.460	0.000	2.460	31.790	69.700	151.700	399.750	621.150	31.790		
31.800	0.000	2.460	0.000	2.460	31.800	57.400	137.350	424.350	619.100	31.800		
31.810	0.000	2.460	0.000	2.460	31.810	47.150	123.000	448.950	619.100	31.810		
31.820	0.000	0.000	0.000	0.000	31.820	38.950	110.700	467.400	617.050	31.820		
31.830	0.000	0.000	17.220	17.220	31.830	34.850	98.400	483.800	617.050	31.830		
31.840	0.000	0.000	51.660	51.660	31.840	30.750	84.050	498.150	612.950	31.840		
31.850	0.000	2.460	97.170	99.630	31.850	20.500	71.750	506.350	598.600	31.850		
31.860	0.000	0.000	129.150	129.150	31.860	14.350	61.500	512.500	588.350	31.860		
31.870	0.000	2.460	164.820	167.280	31.870	6.150	49.200	512.500	567.850	31.870		
31.880	0.000	2.460	206.640	209.100	31.880	4.100	41.000	504.300	549.400	31.880		
31.890	0.000	7.380	252.150	259.530	31.890	0.000	30.750	492.000	522.750	31.890		
31.900	0.000	9.840	279.210	289.050	31.900	0.000	20.500	471.500	492.000	31.900		
31.910	2.460	14.760	307.500	324.720	31.910	0.000	14.350	444.850	459.200	31.910		
31.920	3.800	19.000	328.700	351.500	31.920	0.000	4.100	403.850	407.950	31.920		
31.930	5.700	28.500	349.600	383.800	31.930	0.000	0.000	364.900	364.900	31.930		
31.940	5.700	39.900	366.700	412.300	31.940	0.000	0.000	305.000	305.000	31.940		
31.950	9.500	49.400	385.700	444.600	31.950	0.000	0.000	246.440	246.440	31.950		
31.960	11.400	60.800	404.700	476.900	31.960	0.000	0.000	191.540	191.540	31.960		
31.970	11.400	76.000	423.700	511.100	31.970	0.000	0.000	139.080	139.080	31.970		
31.980	13.300	87.400	438.900	539.600	31.980	0.000	0.000	96.380	96.380	31.980		
31.990	19.000	95.000	452.200	566.200	31.990	0.000	0.000	64.660	64.660	31.990		
32.000	20.900	104.500	463.600	589.000	32.000	0.000	0.000	41.480	41.480	32.000		
32.010	24.700	114.000	471.200	609.900	32.010	2.440	0.000	29.280	31.720	32.010		
32.020	28.500	121.600	475.000	625.100	32.020	4.880	0.000	17.080	21.960	32.020		
32.030	34.200	129.200	471.200	634.600	32.030	2.440	0.000	12.200	14.640	32.030		
32.040	39.900	134.900	463.600	638.400	32.040	4.880	0.000	7.320	12.200	32.040		
32.050	47.500	138.700	456.000	642.200	32.050	2.440	0.000	7.320	9.760	32.050		
32.060	53.200	142.500	446.500	642.200	32.060	2.440	0.000	7.320	9.760	32.060		
32.070	59.160	140.940	435.000	635.100	32.070	2.440	0.000	4.880	7.320	32.070		
32.080	60.900	139.200	426.300	626.400	32.080	2.440	0.000	4.880	7.320	32.080		
32.090	64.380	139.200	415.860	619.440	32.090	2.500	0.000	5.000	7.500	32.090		
32.100	64.380	137.460	403.680	605.520	32.100	2.500	0.000	5.000	7.500	32.100		
32.110	64.380	132.240	391.500	588.120	32.110	2.500	0.000	2.500	5.000	32.110		
32.120	66.120	133.980	381.060	581.160	32.120	2.500	0.000	2.500	5.000	32.120		
32.130	69.600	132.240	367.140	568.980	32.130	2.500	0.000	2.500	5.000	32.130		
32.140	69.600	132.240	354.960	556.800	32.140	2.500	0.000	2.500	5.000	32.140		
32.150	71.340	132.240	341.040	544.620	32.150	2.500	0.000	2.500	5.000	32.150		
32.160	74.820	132.240	332.340	539.400	32.160	2.500	0.000	2.500	5.000	32.160		
32.170	76.560	132.240	323.640	532.440	32.170	2.500	0.000	0.000	2.500	32.170		
32.180	81.780	132.240	316.680	530.700	32.180	2.500	0.000	0.000	2.500	32.180		
32.190	83.520	132.240	309.720	525.480	32.190	2.500	0.000	0.000	2.500	32.190		
32.200	88.740	132.240	304.500	525.480	32.200	2.500	0.000	0.000	2.500	32.200		
32.210	92.220	132.240	299.280	523.740	32.210	2.500	0.000	2.500	5.000	32.210		
32.220	96.760	134.520	295.000	526.280	32.220	2.500	0.000	0.000	2.500	32.220		
32.230	101.480	139.240	286.740	527.460	32.230	0.000	0.000	0.000	0.000	32.230		
32.240	107.380	143.960	279.660	531.000	32.240	0.000	0.000	0.000	0.000	32.240		
32.250	114.460	147.500	266.680	528.640	32.250	0.000	0.000	0.000	0.000	32.250		
32.260	121.540	152.220	257.240	531.000	32.260	0.000	0.000	0.000	0.000	32.260		
32.270	129.800	154.580	246.620	531.000	32.270	0.000	0.000	0.000	0.000	32.270		
32.280	136.880	156.940	237.180	531.000	32.280	0.000	0.000	2.500	2.500	32.280		
32.290	143.960	161.660	226.560	532.180	32.290	0.000	0.000	0.000	0.000	32.290		
32.300	152.220	164.020	217.120	533.360	32.300	0.000	0.000	0.000	0.000	32.300		
32.310	159.300	166.380	204.140	529.820	32.310	0.000	0.000	0.000	0.000	32.310		
32.320	164.020	169.920	194.700	528.640	32.320	0.000	0.000	0.000	0.000	32.320		
32.330	177.000	172.280	181.720	531.000	32.330	0.000	0.000	0.000	0.000	32.330		
32.340	192.340	179.360	172.280	543.980	32.340	0.000	0.000	0.000	0.000	32.340		
32.350	206.500	181.720	159.300	547.520	32.350	0.000	0.000	2.500	2.500	32.350		
32.360	221.840	186.440	149.860	558.140	32.360	0.000	0.000	0.000	0.000	32.360		
32.370	239.360	187.000	134.640	561.000	32.370	0.000	0.000	0.000	0.000	32.370		
32.380	254.320	181.390	119.680	555.390	32.380	0.000	0.000	2.500	2.500	32.380		
32.390	271.150	175.780	106.590	553.520	32.390	0.000	0.000	0.000	0.000	32.390		
32.400	291.720	168.300	91.630	551.650	32.400	0.000	0.000	1.960	1.960	32.400		
32.410	314.160	158.950	76.670	549.780	32.410	0.000	0.000	0.000	0.000	32.410		
32.420	336.600	143.990	63.580	544.170	32.420	0.000	0.000	0.000	0.000	32.420		
32.430	357.170	129.030	52.360	538.560	32.430	0.000	0.000	0.000	0.000	32.430		
32.440	379.610	112.200	41.140	532.950	32.440	0.000	0.000	0.000	0.000	32.440		
32.450	402.050	99.110	37.400	538.560	32.450	0.000	0.000	0.000	0.000	32.450		
32.460	420.750	86.020	31.790	538.560	32.460	1.960	0.000	0.000	1.960	32.460		
32.470	435.710	74.800	24.310	534.820	32.470	29.400	0.000	0.000	29.400	32.470		
32.480	448.800	63.580	16.830	529.210	32.480	74.480	0.000	0.000	74.480	32.480		
32.490	458.150	54.230	11.220	523.600	32.490	114.660	0.000	0.000	114.660	32.490		
32.500	467.500	46.750	7.480	521.730	32.500	134.260	0.000	0.000	134.260	32.500		
32.510	463.760	39.270	3.740	506.770	32.510	156.800	0.000	0.000	156.800	32.510		
32.520	457.500	29.280	1.830	488.610	32.520	192.080	0.000	0.000	192.080	32.520		
32.530	446.520	21.960	0.000	468.480	32.530	245.000	0.000	0.000	245.000	32.530		
32.540	428.220	14.640	0.000	442.860	32.540	293.360	0.000	1.930	295.290	32.540		
32.550	406.260	7.320	0.000	413.580	32.550	328.100	5.790	3.860	337.750	32.550		
32.560	373.320	7.320	0.000	380.640	32.560	357.050	11.580	5.790	374.420	32.560		
32.570	336.720	3.660	0.000	340.380	32.570	374.420	21.230	13.510	409.160	32.570		
32.580	290.970	1.830	0.000	292.800	32.580	386.000	34.740	21.230	441.970	32.580		
32.590	241.560	1.830	0.000	243.390	32.590	399.510	42.460	36.670	478.640	32.590		
32.600	192.150	0.000	0.000	192.150	32.600	416.880	48.250	48.250	513.380	32.600		
32.610	146.400	0.000	0.000	146.400	32.610	428.460	52.110	65.620	546.190	32.610		
32.620	104.310	0.000	0.000	104.310	32.620	443.900	54.040	79.130	577.070	32.620		
32.630	65.880	0.000	1.830	67.710	32.630	457.410	59.830	88.780	606.020	32.630		
32.640	38.430	0.000	3.660	42.090	32.640	467.060	59.830	102.290	629.180	32.640		
32.650	23.790	0.000	9.150	32.940	32.650	476.710	59.830	108.080	644.620	32.650		
32.660	9.150	0.000	10.980	20.130	32.660	482.500	55.970	115.800	654.270	32.660		
32.670	2.480	0.000	10.000	12.480	32.670	478.640	55.970	127.380	661.990	32.670		
32.680	0.000	0.000	10.000	10.000	32.680	474.780	54.040	133.170	661.990	32.680		
32.690	0.000	0.000	10.000	10.000	32.690	465.000	53.940	143.220	662.160	32.690		
32.700	0.000	0.000	7.480	7.480	32.700	448.260	53.940	150.660	652.860	32.700		
32.710	0.000	0.000	7.480	7.480	32.710	437.100	52.080	159.960	649.140	32.710		
32.720	0.000	0.000	5.000	5.000	32.720	422.220	48.360	161.820	632.400	32.720		
32.730	0.000	0.000	5.000	5.000	32.730	409.200	46.500	167.400	623.100	32.730		
32.740	0.000	0.000	5.000	5.000	32.740	401.760	44.640	169.260	615.660	32.740		
32.750	0.000	0.000	5.000	5.000	32.750	392.460	44.640	171.120	608.220	32.750		
32.760	0.000	0.000	5.000	5.000	32.760	383.160	44.640	176.700	604.500	32.760		
32.770	0.000	0.000	5.000	5.000	32.770	373.860	44.640	182.280	600.780	32.770		
32.780	0.000	0.000	5.000	5.000	32.780	364.560	44.640	184.140	593.340	32.780		
32.790	0.000	0.000	5.000	5.000	32.790	357.120	46.500	191.580	595.200	32.790		
32.800	0.000	0.000	5.000	5.000	32.800	349.680	46.500	197.160	593.340	32.800		
32.810	0.000	0.000	5.000	5.000	32.810	344.100	46.500	200.880	591.480	32.810		
32.820	0.000	0.000	2.500	2.500	32.820	342.240	52.080	206.460	600.780	32.820		
32.830	0.000	0.000	2.500	2.500	32.830	342.240	52.080	206.460	600.780	32.830		
32.840	0.000	0.000	5.000	5.000	32.840	344.560	54.020	208.780	607.360	32.840		
32.850	0.000	0.000	2.500	2.500	32.850	344.560	56.940	207.320	608.820	32.850		
32.860	0.000	0.000	2.500	2.500	32.860	344.560	59.860	207.320	611.740	32.860		
32.870	0.000	0.000	2.500	2.500	32.870	347.480	61.320	208.780	617.580	32.870		
32.880	2.500	0.000	2.500	5.000	32.880	348.940	64.240	207.320	620.500	32.880		
32.890	2.500	0.000	2.500	5.000	32.890	351.860	64.240	204.400	620.500	32.890		
32.900	0.000	0.000	2.500	2.500	32.900	354.780	67.160	201.480	623.420	32.900		
32.910	0.000	0.000	2.500	2.500	32.910	354.780	67.160	197.100	619.040	32.910		
32.920	2.500	0.000	2.500	5.000	32.920	356.240	68.620	194.180	619.040	32.920		
32.930	5.000	0.000	2.500	7.500	32.930	359.160	68.620	191.260	619.040	32.930		
32.940	2.500	2.500	2.500	7.500	32.940	359.160	68.620	189.800	617.580	32.940		
32.950	7.500	2.500	5.000	15.000	32.950	362.080	74.460	186.880	623.420	32.950		
32.960	10.000	5.000	12.500	27.500	32.960	365.000	78.840	186.880	630.720	32.960		
32.970	14.960	4.840	22.440	42.240	32.970	365.000	81.760	183.960	630.720	32.970		
32.980	17.380	4.840	24.860	47.080	32.980	359.160	84.680	183.960	627.800	32.980		
32.990	17.380	4.840	24.860	47.080	32.990	350.000	89.600	184.800	624.400	32.990		
33.000	17.380	4.840	24.860	47.080	33.000	338.800	92.400	184.800	616.000	33.000		
33.010	19.800	4.840	24.860	49.500	33.010	326.200	93.800	182.000	602.000	33.010		
33.020	22.440	4.840	24.860	52.140	33.020	316.400	93.800	182.000	592.200	33.020		
33.030	24.860	4.840	24.860	54.560	33.030	303.800	99.400	184.800	588.000	33.030		
33.040	22.440	4.840	27.500	54.780	33.040	289.800	99.400	184.800	574.000	33.040		
33.050	22.440	7.480	32.340	62.260	33.050	277.200	102.200	189.000	568.400	33.050		
33.060	24.860	7.480	34.980	67.320	33.060	259.000	102.200	191.800	553.000	33.060		
33.070	29.920	7.480	39.820	77.220	33.070	242.200	105.000	197.400	544.600	33.070		
33.080	32.340	7.480	44.880	84.700	33.080	224.000	106.400	201.600	532.000	33.080		
33.090	37.400	9.900	49.940	97.240	33.090	210.000	106.400	207.200	523.600	33.090		
33.100	39.820	9.900	49.940	99.660	33.100	189.000	106.400	210.000	505.400	33.100		
33.110	44.880	12.320	55.000	112.200	33.110	172.200	106.400	214.200	492.800	33.110		
33.120	51.920	12.320	62.480	126.720	33.120	151.200	106.400	214.200	471.800	33.120		
33.130	57.200	16.720	69.520	143.440	33.130	131.600	106.400	217.000	455.000	33.130		
33.140	64.240	19.360	77.440	161.040	33.140	112.240	104.880	221.720	438.840	33.140		
33.150	72.160	19.360	87.120	178.640	33.150	92.000	102.120	224.480	418.600	33.150		
33.160	79.200	22.000	96.800	198.000	33.160	74.520	99.360	227.240	401.120	33.160		
33.170	87.120	27.280	110.000	224.400	33.170	59.800	94.760	230.000	384.560	33.170		
33.180	96.800	27.280	119.680	243.760	33.180	46.920	89.240	230.000	366.160	33.180		
33.190	107.360	29.920	132.000	269.280	33.190	39.560	81.880	230.000	351.440	33.190		
33.200	117.040	31.680	146.960	295.680	33.200	29.440	74.520	224.480	328.440	33.200		
33.210	124.960	34.320	159.280	318.560	33.210	22.080	67.160	221.720	310.960	33.210		
33.220	134.640	39.600	172.480	346.720	33.220	14.720	57.040	211.600	283.360	33.220		
33.230	141.680	42.240	182.160	366.080	33.230	9.200	49.680	202.400	261.280	33.230		
33.240	152.240	46.640	194.480	393.360	33.240	4.600	42.320	184.920	231.840	33.240		
33.250	159.280	46.640	206.800	412.720	33.250	1.840	34.960	164.680	201.480	33.250		
33.260	172.480	51.920	220.000	444.400	33.260	1.840	26.680	139.840	168.360	33.260		
33.270	184.210	59.950	234.350	478.510	33.270	1.840	22.080	116.840	140.760	33.270		
33.280	194.020	62.130	244.160	500.310	33.280	1.840	17.480	89.240	108.560	33.280		
33.290	204.920	64.310	253.970	523.200	33.290	2.340	14.820	65.000	82.160	33.290		
33.300	214.730	66.490	261.600	542.820	33.300	4.940	9.880	44.980	59.800	33.300		
33.310	224.540	69.760	267.050	561.350	33.310	4.940	7.280	29.900	42.120	33.310		
33.320	234.350	71.940	269.230	575.520	33.320	4.940	7.280	17.420	29.640	33.320		
33.330	241.980	74.120	269.230	585.330	33.330	7.280	7.280	9.880	24.440	33.330		
33.340	249.610	74.120	269.230	592.960	33.340	7.280	4.940	7.280	19.500	33.340		
33.350	257.240	77.390	267.050	601.680	33.350	4.940	4.940	7.280	17.160	33.350		
33.360	261.600	74.120	259.420	595.140	33.360	4.940	4.940	7.280	17.160	33.360		
33.370	264.870	74.120	249.610	588.600	33.370	4.940	4.940	4.940	14.820	33.370		
33.380	269.230	71.940	239.800	580.970	33.380	4.940	4.940	4.940	14.820	33.380		
33.390	272.500	66.490	229.990	568.980	33.390	4.940	4.940	2.340	12.220	33.390		
33.400	272.500	66.490	219.090	558.080	33.400	4.940	4.940	12.480	22.360	33.400		
33.410	272.500	62.130	211.460	546.090	33.410	4.940	9.880	17.420	32.240	33.410		
33.420	270.000	61.560	201.960	533.520	33.420	4.940	12.480	32.500	49.920	33.420		
33.430	266.760	59.400	194.400	520.560	33.430	9.880	17.420	49.920	77.220	33.430		
33.440	264.600	57.240	184.680	506.520	33.440	14.400	22.320	66.960	103.680	33.440		
33.450	259.200	57.240	177.120	493.560	33.450	19.440	27.360	84.960	131.760	33.450		
33.460	254.880	51.840	169.560	476.280	33.460	22.320	29.520	104.400	156.240	33.460		
33.470	251.640	49.680	159.840	461.160	33.470	22.320	32.400	114.480	169.200	33.470		
33.480	244.080	46.440	146.880	437.400	33.480	19.440	39.600	122.400	181.440	33.480		
33.490	239.760	42.120	139.320	421.200	33.490	24.480	44.640	134.640	203.760	33.490		
33.500	236.520	42.120	129.600	408.240	33.500	34.560	51.840	146.880	233.280	33.500		
33.510	234.360	39.960	124.200	398.520	33.510	44.640	56.880	154.800	256.320	33.510		
33.520	228.960	39.960	116.640	385.560	33.520	51.840	59.760	162.000	273.600	33.520		
33.530	226.800	36.720	106.920	370.440	33.530	56.880	59.760	169.920	286.560	33.530		
33.540	224.640	34.560	99.360	358.560	33.540	59.760	59.760	169.920	289.440	33.540		
33.550	222.480	34.560	91.800	348.840	33.550	61.920	59.760	172.080	293.760	33.550		
33.560	217.080	29.160	82.080	328.320	33.560	64.800	61.920	174.960	301.680	33.560		
33.570	215.000	26.660	77.400	319.060	33.570	64.800	61.920	177.120	303.840	33.570		
33.580	212.420	26.660	72.240	311.320	33.580	66.960	64.800	180.000	311.760	33.580		
33.590	209.840	26.660	69.660	306.160	33.590	67.450	64.610	177.500	309.560	33.590		
33.600	204.680	24.940	67.080	296.700	33.600	72.420	67.450	177.500	317.370	33.600		
33.610	202.100	24.940	64.500	291.540	33.610	77.390	67.450	171.820	316.660	33.610		
33.620	196.940	24.940	64.500	286.380	33.620	82.360	69.580	171.820	323.760	33.620		
33.630	194.360	24.940	67.080	286.380	33.630	87.330	69.580	166.850	323.760	33.630		
33.640	191.780	22.360	64.500	278.640	33.640	94.430	72.420	164.720	331.570	33.640		
33.650	187.480	22.360	69.660	279.500	33.650	99.400	72.420	159.750	331.570	33.650		
33.660	182.320	24.940	72.240	279.500	33.660	109.340	72.420	159.750	341.510	33.660		
33.670	177.160	24.940	77.400	279.500	33.670	117.150	72.420	154.780	344.350	33.670		
33.680	169.420	26.660	84.280	280.360	33.680	124.960	72.420	151.940	349.320	33.680		
33.690	164.260	29.240	89.440	282.940	33.690	132.060	69.580	146.970	348.610	33.690		
33.700	157.380	29.240	97.180	283.800	33.700	142.000	67.450	139.870	349.320	33.700		
33.710	154.800	31.820	99.760	286.380	33.710	149.810	62.480	132.060	344.350	33.710		
33.720	149.500	34.450	107.250	291.200	33.720	154.780	59.640	127.090	341.510	33.720		
33.730	146.900	37.050	112.450	296.400	33.730	161.880	56.800	119.990	338.670	33.730		
33.740	144.950	39.650	114.400	299.000	33.740	166.980	54.510	112.470	333.960	33.740		
33.750	139.750	39.650	119.600	299.000	33.750	172.500	49.680	106.950	329.130	33.750		
33.760	137.150	44.850	124.800	306.800	33.760	172.500	46.920	102.120	321.540	33.760		
33.770	134.550	44.850	130.000	309.400	33.770	169.740	44.850	99.360	313.950	33.770		
33.780	130.000	47.450	137.150	314.600	33.780	169.740	44.850	97.290	311.880	33.780		
33.790	127.400	49.400	142.350	319.150	33.790	166.980	42.090	97.290	306.360	33.790		
33.800	122.200	49.400	144.950	316.550	33.800	164.910	42.090	94.530	301.530	33.800		
33.810	119.600	49.400	149.500	318.500	33.810	162.150	39.330	92.460	293.940	33.810		
33.820	119.600	49.400	154.700	323.700	33.820	159.390	37.260	89.700	286.350	33.820		
33.830	117.000	52.000	157.300	326.300	33.830	159.390	37.260	89.700	286.350	33.830		
33.840	119.600	54.600	159.900	334.100	33.840	157.320	34.500	89.700	281.520	33.840		
33.850	122.200	57.200	162.500	341.900	33.850	157.320	34.500	86.940	278.760	33.850		
33.860	119.600	57.200	159.900	336.700	33.860	157.320	34.500	86.940	278.760	33.860		
33.870	122.240	59.520	160.000	341.760	33.870	157.320	34.500	86.940	278.760	33.870		
33.880	122.240	59.520	160.000	341.760	33.880	154.560	32.430	89.700	276.690	33.880		
33.890	122.240	59.520	157.440	339.200	33.890	152.320	32.000	89.600	273.920	33.890		
33.900	122.240	59.520	157.440	339.200	33.900	152.320	32.000	89.600	273.920	33.900		
33.910	122.240	59.520	154.880	336.640	33.910	152.320	34.560	94.720	281.600	33.910		
33.920	122.240	59.520	154.880	336.640	33.920	152.320	34.560	92.160	279.040	33.920		
33.930	122.240	59.520	152.320	334.080	33.930	149.760	34.560	94.720	279.040	33.930		
33.940	122.240	59.520	149.760	331.520	33.940	149.760	34.560	94.720	279.040	33.940		
33.950	124.800	59.520	149.760	334.080	33.950	149.760	34.560	92.160	276.480	33.950		
33.960	122.240	59.520	147.200	328.960	33.960	149.760	37.120	94.720	281.600	33.960		
33.970	124.800	59.520	147.200	331.520	33.970	152.320	34.560	94.720	281.600	33.970		
33.980	122.240	59.520	147.200	328.960	33.980	154.880	37.120	94.720	286.720	33.980		
33.990	119.680	59.520	142.080	321.280	33.990	154.880	34.560	97.280	286.720	33.990		
34.000	122.240	59.520	142.080	323.840	34.000	154.880	37.120	99.840	291.840	34.000		
34.010	119.680	59.520	142.080	321.280	34.010	157.440	37.120	99.840	294.400	34.010		
34.020	119.840	57.120	140.000	316.960	34.020	157.440	37.120	99.840	294.400	34.020		
34.030	119.840	57.120	140.000	316.960	34.030	160.000	37.120	99.840	296.960	34.030		
34.040	117.040	59.920	140.000	316.960	34.040	159.600	37.100	102.200	298.900	34.040		
34.050	119.840	54.880	137.200	311.920	34.050	164.500	37.100	102.200	303.800	34.050		
34.060	119.840	57.120	137.200	314.160	34.060	164.500	37.100	102.200	303.800	34.060		
34.070	117.040	57.120	137.200	311.360	34.070	164.500	37.100	99.400	301.000	34.070		
34.080	119.840	57.120	137.200	314.160	34.080	167.300	37.100	97.300	301.700	34.080		
34.090	119.840	54.880	134.960	309.680	34.090	167.300	37.100	97.300	301.700	34.090		
34.100	119.840	57.120	137.200	314.160	34.100	167.300	39.900	99.400	306.600	34.100		
34.110	117.040	57.120	134.960	309.120	34.110	169.400	39.900	99.400	308.700	34.110		
34.120	117.040	57.120	137.200	311.360	34.120	169.400	39.900	102.200	311.500	34.120		
34.130	114.800	57.120	134.960	306.880	34.130	169.400	42.000	105.000	316.400	34.130		
34.140	117.040	57.120	134.960	309.120	34.140	172.200	44.800	105.000	322.000	34.140		
34.150	117.040	57.120	134.960	309.120	34.150	172.200	42.000	105.000	319.200	34.150		
34.160	114.800	54.880	134.960	304.640	34.160	172.200	42.000	107.100	321.300	34.160		
34.170	114.480	54.540	135.000	304.020	34.170	175.000	44.800	107.100	326.900	34.170		
34.180	114.480	54.540	132.300	301.320	34.180	175.000	44.800	109.900	329.700	34.180		
34.190	112.320	54.540	129.600	296.460	34.190	174.800	44.840	109.440	329.080	34.190		
34.200	112.320	52.380	129.600	294.300	34.200	174.800	44.840	112.480	332.120	34.200		
34.210	112.320	52.380	127.440	292.140	34.210	177.080	49.400	114.760	341.240	34.210		
34.220	109.620	52.380	127.440	289.440	34.220	177.080	47.120	114.760	338.960	34.220		
34.230	109.620	49.680	124.740	284.040	34.230	177.080	49.400	119.320	345.800	34.230		
34.240	107.460	46.980	124.740	279.180	34.240	177.080	49.400	119.320	345.800	34.240		
34.250	107.460	49.680	122.040	279.180	34.250	177.080	49.400	119.320	345.800	34.250		
34.260	104.760	46.980	122.040	273.780	34.260	177.080	52.440	124.640	354.160	34.260		
34.270	104.760	44.820	119.880	269.460	34.270	179.360	54.720	124.640	358.720	34.270		
34.280	104.760	44.820	119.880	269.460	34.280	179.360	54.720	124.640	358.720	34.280		
34.290	102.060	42.120	119.880	264.060	34.290	182.400	52.440	124.640	359.480	34.290		
34.300	99.900	42.120	117.180	259.200	34.300	182.400	54.720	124.640	361.760	34.300		
34.310	97.200	39.960	117.180	254.340	34.310	186.960	54.720	124.640	366.320	34.310		
34.320	94.500	39.690	119.700	253.890	34.320	186.960	54.720	126.920	368.600	34.320		
34.330	91.980	37.170	119.700	248.850	34.330	190.000	57.000	126.920	373.920	34.330		
34.340	89.460	37.170	122.220	248.850	34.340	192.360	57.120	124.320	373.800	34.340		
34.350	86.940	37.170	122.220	246.330	34.350	197.400	57.120	121.800	376.320	34.350		
34.360	86.940	37.170	122.220	246.330	34.360	199.920	57.120	121.800	378.840	34.360		
34.370	84.420	34.650	124.740	243.810	34.370	202.440	57.120	121.800	381.360	34.370		
34.380	81.900	34.650	127.260	243.810	34.380	204.960	57.120	119.280	381.360	34.380		
34.390	81.900	34.650	129.780	246.330	34.390	207.480	54.600	116.760	378.840	34.390		
34.400	79.380	32.130	132.300	243.810	34.400	210.000	57.120	116.760	383.880	34.400		
34.410	77.490	32.130	134.820	244.440	34.410	210.000	57.120	114.240	381.360	34.410		
34.420	74.970	32.130	142.380	249.480	34.420	210.000	54.600	114.240	378.840	34.420		
34.430	74.970	32.130	144.900	252.000	34.430	207.480	54.600	111.720	373.800	34.430		
34.440	72.450	32.130	149.940	254.520	34.440	204.960	54.600	109.200	368.760	34.440		
34.450	72.450	32.130	154.980	259.560	34.450	202.440	54.600	109.200	366.240	34.450		
34.460	74.970	32.130	157.500	264.600	34.460	197.400	54.600	106.680	358.680	34.460		
34.470	74.460	29.580	162.180	266.220	34.470	192.360	54.600	105.000	351.960	34.470		
34.480	76.500	29.580	169.320	275.400	34.480	184.800	54.600	102.480	341.880	34.480		
34.490	76.500	29.580	174.420	280.500	34.490	177.500	51.830	97.270	326.600	34.490		
34.500	76.500	31.620	184.620	292.740	34.500	169.690	51.830	94.430	315.950	34.500		
34.510	79.560	31.620	189.720	300.900	34.510	159.750	51.830	92.300	303.880	34.510		
34.520	84.660	36.720	196.860	318.240	34.520	149.810	49.700	84.490	284.000	34.520		
34.530	89.760	36.720	204.000	330.480	34.530	139.870	49.700	79.520	269.090	34.530		
34.540	91.800	36.720	209.100	337.620	34.540	129.930	49.700	77.390	257.020	34.540		
34.550	99.960	39.780	214.200	353.940	34.550	119.990	49.700	72.420	242.110	34.550		
34.560	102.000	41.820	222.360	366.180	34.560	112.180	49.700	69.580	231.460	34.560		
34.570	109.140	41.820	224.400	375.360	34.570	102.240	49.700	62.480	214.420	34.570		
34.580	114.240	41.820	234.600	390.660	34.580	92.300	49.700	54.670	196.670	34.580		
34.590	119.340	41.820	241.740	402.900	34.590	82.360	46.860	46.860	176.080	34.590		
34.600	124.440	44.880	246.840	416.160	34.600	69.580	44.730	36.920	151.230	34.600		
34.610	134.640	46.920	255.000	436.560	34.610	59.640	41.890	26.980	128.510	34.610		
34.620	142.080	48.840	264.920	455.840	34.620	44.730	34.790	14.910	94.430	34.620		
34.630	149.480	48.840	276.760	475.080	34.630	34.790	29.820	4.970	69.580	34.630		
34.640	152.440	51.800	288.600	492.840	34.640	25.000	25.000	0.000	50.000	34.640		
34.650	156.880	54.760	304.880	516.520	34.650	15.000	20.000	0.000	35.000	34.650		
34.660	159.840	56.240	319.680	535.760	34.660	7.500	15.000	0.000	22.500	34.660		
34.670	161.320	59.200	334.480	555.000	34.670	2.500	12.500	0.000	15.000	34.670		
34.680	164.280	62.160	346.320	572.760	34.680	0.000	10.000	0.000	10.000	34.680		
34.690	167.240	62.160	356.680	586.080	34.690	0.000	5.000	0.000	5.000	34.690		
34.700	168.720	63.640	364.080	596.440	34.700	0.000	5.000	0.000	5.000	34.700		
34.710	174.640	63.640	370.000	608.280	34.710	0.000	5.000	0.000	5.000	34.710		
34.720	176.120	63.640	370.000	609.760	34.720	0.000	5.000	0.000	5.000	34.720		
34.730	182.040	63.640	370.000	615.680	34.730	0.000	5.000	0.000	5.000	34.730		
34.740	182.040	63.640	367.040	612.720	34.740	0.000	5.000	0.000	5.000	34.740		
34.750	186.480	62.160	364.080	612.720	34.750	0.000	5.000	0.000	5.000	34.750		
34.760	189.440	62.160	353.720	605.320	34.760	0.000	5.000	0.000	5.000	34.760		
34.770	194.600	61.160	347.500	603.260	34.770	0.000	2.500	0.000	2.500	34.770		
34.780	197.380	61.160	339.160	597.700	34.780	0.000	2.500	0.000	2.500	34.780		
34.790	198.770	59.770	334.990	593.530	34.790	0.000	2.500	0.000	2.500	34.790		
34.800	201.550	59.770	323.870	585.190	34.800	0.000	0.000	0.000	0.000	34.800		
34.810	204.330	59.770	316.920	581.020	34.810	0.000	0.000	0.000	0.000	34.810		
34.820	209.890	59.770	309.970	579.630	34.820	0.000	0.000	0.000	0.000	34.820		
34.830	211.280	54.210	304.410	569.900	34.830	0.000	0.000	0.000	0.000	34.830		
34.840	211.280	56.990	301.630	569.900	34.840	0.000	0.000	0.000	0.000	34.840		
34.850	211.280	56.990	298.850	567.120	34.850	0.000	0.000	0.000	0.000	34.850		
34.860	214.060	56.990	298.850	569.900	34.860	0.000	0.000	0.000	0.000	34.860		
34.870	214.060	56.990	297.460	568.510	34.870	0.000	0.000	0.000	0.000	34.870		
34.880	214.060	56.990	297.460	568.510	34.880	0.000	0.000	0.000	0.000	34.880		
34.890	211.280	59.770	297.460	568.510	34.890	0.000	0.000	0.000	0.000	34.890		
34.900	214.060	59.770	294.680	568.510	34.900	0.000	0.000	0.000	0.000	34.900		
34.910	216.840	59.770	294.680	571.290	34.910	0.000	0.000	0.000	0.000	34.910		
34.920	216.450	59.670	292.500	568.620	34.920	0.000	0.000	0.000	0.000	34.920		
34.930	219.960	59.670	288.990	568.620	34.930	0.000	0.000	2.500	2.500	34.930		
34.940	219.960	62.010	286.650	568.620	34.940	0.000	0.000	0.000	0.000	34.940		
34.950	224.640	62.010	286.650	573.300	34.950	0.000	0.000	0.000	0.000	34.950		
34.960	224.640	62.010	286.650	573.300	34.960	0.000	0.000	0.000	0.000	34.960		
34.970	226.980	64.350	288.990	580.320	34.970	0.000	0.000	0.000	0.000	34.970		
34.980	226.980	64.350	288.990	580.320	34.980	0.000	0.000	0.000	0.000	34.980		
34.990	229.320	64.350	286.650	580.320	34.990	2.400	0.000	0.000	2.400	34.990		
35.000	231.660	66.690	284.310	582.660	35.000	4.800	0.000	2.400	7.200	35.000		
35.010	236.340	64.350	279.630	580.320	35.010	7.200	0.000	10.000	17.200	35.010		
35.020	239.850	66.690	274.950	581.490	35.020	10.000	0.000	14.800	24.800	35.020		
35.030	244.530	64.350	264.420	573.300	35.030	12.400	2.400	22.400	37.200	35.030		
35.040	251.550	62.010	251.550	565.110	35.040	20.000	2.400	27.200	49.600	35.040		
35.050	257.400	59.670	236.340	553.410	35.050	30.000	4.800	34.800	69.600	35.050		
35.060	262.080	54.990	216.450	533.520	35.060	42.400	4.800	44.800	92.000	35.060		
35.070	266.680	49.720	189.840	506.240	35.070	64.800	4.800	54.800	124.400	35.070		
35.080	272.330	39.550	164.980	476.860	35.080	100.000	7.200	62.400	169.600	35.080		
35.090	276.850	31.640	134.470	442.960	35.090	127.270	8.580	68.640	204.490	35.090		
35.100	279.110	24.860	107.350	411.320	35.100	148.720	11.440	77.220	237.380	35.100		
35.110	282.500	16.950	79.100	378.550	35.110	164.450	11.440	84.370	260.260	35.110		
35.120	282.500	12.430	56.500	351.430	35.120	178.750	14.300	87.230	280.280	35.120		
35.130	279.110	9.040	47.460	335.610	35.130	198.770	14.300	91.520	304.590	35.130		
35.140	272.330	6.780	37.290	316.400	35.140	221.650	17.160	97.240	336.050	35.140		
35.150	259.900	2.260	31.640	293.800	35.150	238.810	18.590	98.670	356.070	35.150		
35.160	244.080	2.260	24.860	271.200	35.160	257.400	24.310	104.390	386.100	35.160		
35.170	221.480	0.000	19.210	240.690	35.170	274.560	27.170	107.250	408.980	35.170		
35.180	202.270	0.000	14.690	216.960	35.180	291.720	28.600	114.400	434.720	35.180		
35.190	177.410	0.000	12.430	189.840	35.190	304.590	31.460	118.690	454.740	35.190		
35.200	154.810	0.000	9.040	163.850	35.200	318.890	37.180	124.410	480.480	35.200		
35.210	132.210	0.000	6.780	138.990	35.210	331.760	41.470	128.700	501.930	35.210		
35.220	102.500	0.000	4.920	107.420	35.220	344.630	47.190	131.560	523.380	35.220		
35.230	82.410	0.000	4.920	87.330	35.230	357.500	51.480	137.280	546.260	35.230		
35.240	64.780	0.000	4.920	69.700	35.240	371.840	56.440	139.440	567.720	35.240		
35.250	49.610	0.000	4.920	54.530	35.250	383.460	61.420	144.420	589.300	35.250		
35.260	34.850	0.000	4.920	39.770	35.260	396.740	69.720	144.420	610.880	35.260		
35.270	22.140	0.000	7.380	29.520	35.270	403.380	71.380	146.080	620.840	35.270		
35.280	14.760	0.000	4.920	19.680	35.280	411.680	74.700	146.080	632.460	35.280		
35.290	12.300	0.000	4.920	17.220	35.290	415.000	76.360	146.080	637.440	35.290		
35.300	7.380	0.000	2.460	9.840	35.300	415.000	81.340	146.080	642.420	35.300		
35.310	4.920	0.000	2.460	7.380	35.310	408.360	84.660	149.400	642.420	35.310		
35.320	4.920	0.000	2.460	7.380	35.320	401.720	84.660	151.060	637.440	35.320		
35.330	4.920	0.000	2.460	7.380	35.330	393.420	84.660	151.060	629.140	35.330		
35.340	2.460	0.000	0.000	2.460	35.340	383.460	84.660	154.380	622.500	35.340		
35.350	2.460	0.000	2.460	4.920	35.350	376.820	86.320	154.380	617.520	35.350		
35.360	0.000	0.000	0.000	0.000	35.360	368.520	86.320	156.040	610.880	35.360		
35.370	0.000	0.000	2.500	2.500	35.370	361.880	86.320	159.360	607.560	35.370		
35.380	0.000	0.000	0.000	0.000	35.380	353.580	89.640	159.360	602.580	35.380		
35.390	0.000	0.000	0.000	0.000	35.390	352.500	91.650	166.380	610.530	35.390		
35.400	0.000	0.000	0.000	0.000	35.400	349.680	94.470	169.200	613.350	35.400		
35.410	0.000	0.000	0.000	0.000	35.410	346.860	97.290	172.020	616.170	35.410		
35.420	0.000	0.000	0.000	0.000	35.420	346.860	98.700	174.840	620.400	35.420		
35.430	0.000	0.000	0.000	0.000	35.430	344.040	101.520	179.070	624.630	35.430		
35.440	0.000	0.000	0.000	0.000	35.440	344.040	104.340	181.890	630.270	35.440		
35.450	0.000	0.000	0.000	0.000	35.450	344.040	107.160	184.710	635.910	35.450		
35.460	0.000	0.000	0.000	0.000	35.460	341.220	109.980	184.710	635.910	35.460		
35.470	0.000	0.000	0.000	0.000	35.470	341.220	111.390	184.710	637.320	35.470		
35.480	0.000	0.000	0.000	0.000	35.480	339.810	117.030	186.120	642.960	35.480		
35.490	0.000	0.000	0.000	0.000	35.490	334.170	119.850	186.120	640.140	35.490		
35.500	0.000	0.000	0.000	0.000	35.500	331.350	124.080	184.710	640.140	35.500		
35.510	0.000	0.000	0.000	0.000	35.510	327.120	126.900	186.120	640.140	35.510		
35.520	0.000	0.000	0.000	0.000	35.520	321.480	129.720	184.710	635.910	35.520		
35.530	0.000	0.000	0.000	0.000	35.530	318.660	129.720	186.120	634.500	35.530		
35.540	0.000	0.000	0.000	0.000	35.540	317.500	134.620	184.150	636.270	35.540		
35.550	0.000	0.000	0.000	0.000	35.550	314.960	134.620	184.150	633.730	35.550		
35.560	0.000	0.000	0.000	0.000	35.560	312.420	137.160	184.150	633.730	35.560		
35.570	0.000	0.000	0.000	0.000	35.570	309.880	137.160	181.610	628.650	35.570		
35.580	0.000	0.000	0.000	0.000	35.580	307.340	142.240	176.530	626.110	35.580		
35.590	0.000	0.000	0.000	0.000	35.590	307.340	144.780	173.990	626.110	35.590		
35.600	0.000	0.000	0.000	0.000	35.600	304.800	147.320	168.910	621.030	35.600		
35.610	0.000	0.000	0.000	0.000	35.610	299.720	152.400	163.830	615.950	35.610		
35.620	0.000	2.500	0.000	2.500	35.620	297.180	152.400	157.480	607.060	35.620		
35.630	5.000	5.000	2.500	12.500	35.630	294.640	154.940	149.860	599.440	35.630		
35.640	5.000	7.500	5.000	17.500	35.640	287.020	157.480	142.240	586.740	35.640		
35.650	7.500	10.000	5.000	22.500	35.650	281.940	157.480	132.080	571.500	35.650		
35.660	12.500	12.500	7.500	32.500	35.660	274.320	154.940	124.460	553.720	35.660		
35.670	17.490	14.840	4.770	37.100	35.670	266.700	154.940	116.840	538.480	35.670		
35.680	22.260	19.610	4.770	46.640	35.680	259.080	149.860	106.680	515.620	35.680		
35.690	32.330	24.910	4.770	62.010	35.690	257.500	142.140	96.820	496.460	35.690		
35.700	44.520	27.030	4.770	76.320	35.700	254.410	136.990	89.610	481.010	35.700		
35.710	57.240	32.330	7.420	96.990	35.710	252.350	131.840	79.310	463.500	35.710		
35.720	67.310	39.750	9.540	116.600	35.720	252.350	124.630	72.100	449.080	35.720		
35.730	79.500	49.820	14.840	144.160	35.730	249.260	119.480	64.890	433.630	35.730		
35.740	89.570	59.890	22.260	171.720	35.740	247.200	114.330	59.740	421.270	35.740		
35.750	99.640	67.310	32.330	199.280	35.750	242.050	107.120	51.500	400.670	35.750		
35.760	104.940	77.380	44.520	226.840	35.760	231.750	101.970	47.380	381.100	35.760		
35.770	109.710	84.800	57.240	251.750	35.770	222.480	96.820	39.140	358.440	35.770		
35.780	117.130	87.450	72.080	276.660	35.780	207.030	91.670	33.990	332.690	35.780		
35.790	122.430	92.220	84.800	299.450	35.790	194.670	84.460	29.870	309.000	35.790		
35.800	127.200	96.990	99.640	323.830	35.800	177.160	77.250	21.630	276.040	35.800		
35.810	132.500	102.290	114.480	349.270	35.810	161.710	69.010	16.480	247.200	35.810		
35.820	136.880	107.380	129.800	374.060	35.820	144.200	59.740	9.270	213.210	35.820		
35.830	141.600	114.460	141.600	397.660	35.830	129.780	54.590	4.120	188.490	35.830		
35.840	143.960	116.820	154.580	415.360	35.840	110.000	44.880	0.000	154.880	35.840		
35.850	147.500	121.540	166.380	435.420	35.850	92.400	34.760	0.000	127.160	35.850		
35.860	147.500	127.440	179.360	454.300	35.860	74.800	29.920	0.000	104.720	35.860		
35.870	147.500	129.800	194.700	472.000	35.870	59.840	22.440	0.000	82.280	35.870		
35.880	147.500	134.520	208.860	490.880	35.880	47.080	14.960	0.000	62.040	35.880		
35.890	149.860	139.240	224.200	513.300	35.890	34.760	9.680	0.000	44.440	35.890		
35.900	149.860	143.960	237.180	531.000	35.900	27.280	7.480	0.000	34.760	35.900		
35.910	149.860	147.500	248.980	546.340	35.910	14.960	4.840	0.000	19.800	35.910		
35.920	149.860	147.500	264.320	561.680	35.920	7.480	2.200	0.000	9.680	35.920		
35.930	149.860	147.500	274.940	572.300	35.930	0.000	0.000	0.000	0.000	35.930		
35.940	152.220	143.960	284.380	580.560	35.940	0.000	0.000	0.000	0.000	35.940		
35.950	152.220	141.600	289.100	582.920	35.950	0.000	0.000	0.000	0.000	35.950		
35.960	149.860	139.240	295.000	584.100	35.960	0.000	0.000	0.000	0.000	35.960		
35.970	149.350	134.850	298.700	582.900	35.970	0.000	0.000	0.000	0.000	35.970		
35.980	146.450	126.150	304.500	577.100	35.980	0.000	0.000	0.000	0.000	35.980		
35.990	145.000	121.800	307.400	574.200	35.990	0.000	0.000	0.000	0.000	35.990		
36.000	142.100	117.450	311.750	571.300	36.000	0.000	0.000	0.000	0.000	36.000		
36.010	139.200	114.550	316.100	569.850	36.010	0.000	0.000	0.000	0.000	36.010		
36.020	139.200	111.650	319.000	569.850	36.020	0.000	0.000	0.000	0.000	36.020		
36.030	139.200	108.750	321.900	569.850	36.030	0.000	0.000	0.000	0.000	36.030		
36.040	136.300	107.300	324.800	568.400	36.040	0.000	0.000	0.000	0.000	36.040		
36.050	134.850	104.400	326.250	565.500	36.050	0.000	0.000	0.000	0.000	36.050		
36.060	131.950	104.400	329.150	565.500	36.060	0.000	0.000	0.000	0.000	36.060		
36.070	129.050	104.400	334.950	568.400	36.070	0.000	0.000	0.000	0.000	36.070		
36.080	126.150	101.500	339.300	566.950	36.080	0.000	0.000	0.000	0.000	36.080		
36.090	124.700	98.600	343.650	566.950	36.090	0.000	0.000	2.500	2.500	36.090		
36.100	121.800	94.250	352.350	568.400	36.100	0.000	0.000	2.500	2.500	36.100		
36.110	117.450	91.350	362.500	571.300	36.110	0.000	0.000	7.500	7.500	36.110		
36.120	112.320	88.920	371.280	572.520	36.120	0.000	0.000	7.500	7.500	36.120		
36.130	106.080	84.240	379.080	569.400	36.130	0.000	0.000	12.500	12.500	36.130		
36.140	101.400	81.120	383.760	566.280	36.140	0.000	0.000	14.820	14.820	36.140		
36.150	101.400	81.120	386.880	569.400	36.150	0.000	0.000	19.890	19.890	36.150		
36.160	101.400	81.120	390.000	572.520	36.160	0.000	0.000	22.230	22.230	36.160		
36.170	104.520	81.120	383.760	569.400	36.170	0.000	0.000	27.300	27.300	36.170		
36.180	104.520	81.120	375.960	561.600	36.180	2.340	2.340	29.640	34.320	36.180		
36.190	106.080	84.240	369.720	560.040	36.190	7.410	4.680	34.710	46.800	36.190		
36.200	109.200	81.120	357.240	547.560	36.200	14.820	7.410	39.780	62.010	36.200		
36.210	106.080	79.560	346.320	531.960	36.210	27.300	9.750	39.780	76.830	36.210		
36.220	106.080	79.560	333.840	519.480	36.220	42.120	9.750	42.120	93.990	36.220		
36.230	104.520	74.880	321.360	500.760	36.230	54.990	12.480	44.850	112.320	36.230		
36.240	101.400	71.760	307.320	480.480	36.240	64.740	14.820	47.190	126.750	36.240		
36.250	99.840	67.080	294.840	461.760	36.250	74.880	14.820	44.850	134.550	36.250		
36.260	93.600	62.400	282.360	438.360	36.260	82.290	17.160	47.190	146.640	36.260		
36.270	91.560	59.950	272.500	424.010	36.270	87.360	17.160	47.190	151.710	36.270		
36.280	89.380	56.680	264.870	410.930	36.280	97.500	19.890	49.920	167.310	36.280		
36.290	83.930	54.500	259.420	397.850	36.290	104.030	22.220	47.470	173.720	36.290		
36.300	81.750	52.320	257.240	391.310	36.300	112.110	22.220	44.440	178.770	36.300		
36.310	77.390	49.050	253.970	380.410	36.310	124.230	22.220	44.440	190.890	36.310		
36.320	74.120	46.870	253.970	374.960	36.320	137.360	24.240	44.440	206.040	36.320		
36.330	71.940	46.870	251.790	370.600	36.330	149.480	24.240	42.420	216.140	36.330		
36.340	71.940	44.690	247.430	364.060	36.340	159.580	24.240	44.440	228.260	36.340		
36.350	69.760	46.870	244.160	360.790	36.350	171.700	24.240	47.470	243.410	36.350		
36.360	71.940	44.690	239.800	356.430	36.360	181.800	24.240	47.470	253.510	36.360		
36.370	71.940	41.420	234.350	347.710	36.370	189.880	24.240	47.470	261.590	36.370		
36.380	71.940	41.420	226.720	340.080	36.380	199.980	27.270	49.490	276.740	36.380		
36.390	71.940	39.240	219.090	330.270	36.390	209.070	27.270	49.490	285.830	36.390		
36.400	74.120	37.060	209.280	320.460	36.400	217.150	27.270	49.490	293.910	36.400		
36.410	77.390	34.880	201.650	313.920	36.410	227.250	27.270	47.470	301.990	36.410		
36.420	76.760	29.640	190.000	296.400	36.420	239.370	29.290	49.490	318.150	36.420		
36.430	79.800	24.320	174.800	278.920	36.430	252.500	29.290	49.490	331.280	36.430		
36.440	82.080	22.040	159.600	263.720	36.440	263.980	31.520	49.250	344.750	36.440		
36.450	87.400	17.480	139.840	244.720	36.450	275.800	33.490	49.250	358.540	36.450		
36.460	91.960	14.440	114.760	221.160	36.460	293.530	33.490	49.250	376.270	36.460		
36.470	99.560	12.160	87.400	199.120	36.470	311.260	33.490	49.250	394.000	36.470		
36.480	107.160	12.160	59.280	178.600	36.480	334.900	37.430	51.220	423.550	36.480		
36.490	109.440	6.840	37.240	153.520	36.490	358.540	39.400	51.220	449.160	36.490		
36.500	112.480	4.560	27.360	144.400	36.500	384.150	41.370	53.190	478.710	36.500		
36.510	109.440	4.560	19.760	133.760	36.510	409.760	47.280	57.130	514.170	36.510		
36.520	104.880	2.280	14.440	121.600	36.520	431.430	49.250	59.100	539.780	36.520		
36.530	95.000	2.280	9.880	107.160	36.530	449.160	51.220	63.040	563.420	36.530		
36.540	82.080	2.280	6.840	91.200	36.540	460.980	57.130	63.040	581.150	36.540		
36.550	66.880	0.000	4.560	71.440	36.550	470.830	59.100	66.980	596.910	36.550		
36.560	54.720	0.000	4.560	59.280	36.560	478.710	61.070	66.980	606.760	36.560		
36.570	40.000	0.000	2.400	42.400	36.570	484.620	63.040	68.950	616.610	36.570		
36.580	29.920	0.000	2.400	32.320	36.580	492.500	66.980	70.920	630.400	36.580		
36.590	14.880	0.000	2.400	17.280	36.590	495.000	71.280	73.260	639.540	36.590		
36.600	4.960	0.000	2.400	7.360	36.600	495.000	73.260	77.220	645.480	36.600		
36.610	2.400	0.000	2.400	4.800	36.610	491.040	79.200	81.180	651.420	36.610		
36.620	2.400	0.000	2.400	4.800	36.620	489.060	81.180	83.160	653.400	36.620		
36.630	2.400	0.000	0.000	2.400	36.630	481.140	87.120	87.120	655.380	36.630		
36.640	0.000	0.000	0.000	0.000	36.640	473.220	91.080	91.080	655.380	36.640		
36.650	0.000	0.000	0.000	0.000	36.650	461.340	93.060	93.060	647.460	36.650		
36.660	0.000	0.000	0.000	0.000	36.660	447.480	99.000	97.020	643.500	36.660		
36.670	0.000	0.000	0.000	0.000	36.670	433.620	104.940	99.000	637.560	36.670		
36.680	0.000	0.000	0.000	0.000	36.680	415.800	108.900	100.980	625.680	36.680		
36.690	0.000	0.000	0.000	0.000	36.690	401.940	116.820	104.940	623.700	36.690		
36.700	0.000	0.000	0.000	0.000	36.700	382.140	124.740	108.900	615.780	36.700		
36.710	0.000	0.000	0.000	0.000	36.710	362.340	128.700	114.840	605.880	36.710		
36.720	0.000	0.000	0.000	0.000	36.720	346.500	134.640	116.820	597.960	36.720		
36.730	0.000	0.000	0.000	0.000	36.730	334.620	140.580	120.780	595.980	36.730		
36.740	0.000	0.000	0.000	0.000	36.740	322.500	147.060	123.840	593.400	36.740		
36.750	0.000	0.000	0.000	0.000	36.750	314.760	149.640	129.000	593.400	36.750		
36.760	0.000	0.000	0.000	0.000	36.760	304.440	154.800	134.160	593.400	36.760		
36.770	0.000	0.000	0.000	0.000	36.770	299.280	154.800	139.320	593.400	36.770		
36.780	0.000	0.000	0.000	0.000	36.780	288.960	154.800	139.320	583.080	36.780		
36.790	0.000	0.000	0.000	0.000	36.790	283.800	154.800	144.480	583.080	36.790		
36.800	0.000	0.000	0.000	0.000	36.800	281.220	154.800	149.640	585.660	36.800		
36.810	0.000	0.000	0.000	0.000	36.810	279.930	149.640	154.800	584.370	36.810		
36.820	0.000	0.000	0.000	0.000	36.820	277.350	149.640	159.960	586.950	36.820		
36.830	0.000	0.000	0.000	0.000	36.830	277.350	149.640	166.410	593.400	36.830		
36.840	0.000	0.000	0.000	0.000	36.840	274.770	147.060	171.570	593.400	36.840		
36.850	0.000	0.000	0.000	0.000	36.850	272.190	147.060	176.730	595.980	36.850		
36.860	0.000	0.000	0.000	0.000	36.860	269.610	149.640	187.050	606.300	36.860		
36.870	0.000	0.000	0.000	0.000	36.870	267.030	149.640	197.370	614.040	36.870		
36.880	0.000	0.000	0.000	0.000	36.880	261.870	149.640	208.980	620.490	36.880		
36.890	0.000	0.000	0.000	0.000	36.890	250.740	151.240	220.890	622.870	36.890		
36.900	0.000	0.000	0.000	0.000	36.900	240.790	153.230	234.820	628.840	36.900		
36.910	2.430	0.000	0.000	2.430	36.910	230.840	157.210	250.740	638.790	36.910		
36.920	2.430	0.000	0.000	2.430	36.920	216.910	159.200	268.650	644.760	36.920		
36.930	2.430	0.000	0.000	2.430	36.930	199.000	161.190	286.560	646.750	36.930		
36.940	0.000	0.000	0.000	0.000	36.940	179.100	161.190	306.460	646.750	36.940		
36.950	0.000	0.000	0.000	0.000	36.950	159.200	159.200	324.370	642.770	36.950		
36.960	0.000	0.000	0.000	0.000	36.960	133.330	157.210	346.260	636.800	36.960		
36.970	0.000	0.000	0.000	0.000	36.970	117.410	153.230	368.150	638.790	36.970		
36.980	0.000	0.000	0.000	0.000	36.980	93.530	149.250	388.050	630.830	36.980		
36.990	0.000	0.000	0.000	0.000	36.990	73.630	141.290	411.930	626.850	36.990		
37.000	0.000	0.000	7.470	7.470	37.000	59.700	133.330	435.810	628.840	37.000		
37.010	0.000	0.000	22.500	22.500	37.010	45.770	123.380	455.710	624.860	37.010		
37.020	0.000	0.000	42.160	42.160	37.020	35.820	111.440	475.610	622.870	37.020		
37.030	0.000	0.000	62.000	62.000	37.030	25.870	95.520	497.500	618.890	37.030		
37.040	0.000	0.000	81.840	81.840	37.040	16.960	84.800	510.920	612.680	37.040		
37.050	0.000	0.000	96.720	96.720	37.050	8.480	69.960	521.520	599.960	37.050		
37.060	0.000	0.000	116.560	116.560	37.060	0.000	59.360	530.000	589.360	37.060		
37.070	0.000	0.000	136.400	136.400	37.070	0.000	48.760	530.000	578.760	37.070		
37.080	0.000	2.480	148.800	151.280	37.080	0.000	38.160	523.640	561.800	37.080		
37.090	2.480	4.960	162.440	169.880	37.090	0.000	31.800	517.280	549.080	37.090		
37.100	4.960	7.440	169.880	182.280	37.100	0.000	21.200	504.560	525.760	37.100		
37.110	4.960	9.920	182.280	197.160	37.110	0.000	14.840	483.360	498.200	37.110		
37.120	7.440	9.920	199.640	217.000	37.120	0.000	4.240	457.920	462.160	37.120		
37.130	12.400	14.880	224.440	251.720	37.130	0.000	0.000	426.120	426.120	37.130		
37.140	12.400	22.320	251.720	286.440	37.140	0.000	0.000	383.720	383.720	37.140		
37.150	19.840	29.760	281.480	331.080	37.150	0.000	0.000	337.080	337.080	37.150		
37.160	29.760	37.200	310.000	376.960	37.160	0.000	0.000	279.840	279.840	37.160		
37.170	37.000	40.700	342.250	419.950	37.170	0.000	0.000	216.240	216.240	37.170		
37.180	44.400	49.950	371.850	466.200	37.180	0.000	0.000	161.120	161.120	37.180		
37.190	51.800	53.650	395.900	501.350	37.190	0.000	0.000	105.000	105.000	37.190		
37.200	57.350	59.200	416.250	532.800	37.200	0.000	0.000	69.720	69.720	37.200		
37.210	61.050	61.050	434.750	556.850	37.210	0.000	0.000	42.420	42.420	37.210		
37.220	66.600	64.750	445.850	577.200	37.220	0.000	0.000	24.780	24.780	37.220		
37.230	68.450	66.600	453.250	588.300	37.230	0.000	0.000	12.180	12.180	37.230		
37.240	72.150	72.150	458.800	603.100	37.240	0.000	0.000	4.620	4.620	37.240		
37.250	74.000	74.000	462.500	610.500	37.250	0.000	0.000	2.100	2.100	37.250		
37.260	75.850	75.850	462.500	614.200	37.260	0.000	0.000	4.620	4.620	37.260		
37.270	79.550	75.850	456.950	612.350	37.270	0.000	0.000	2.100	2.100	37.270		
37.280	81.400	75.850	449.550	606.800	37.280	0.000	0.000	2.100	2.100	37.280		
37.290	83.250	75.850	436.600	595.700	37.290	0.000	0.000	0.000	0.000	37.290		
37.300	86.950	79.550	423.650	590.150	37.300	0.000	0.000	0.000	0.000	37.300		
37.310	92.500	79.550	408.850	580.900	37.310	0.000	0.000	0.000	0.000	37.310		
37.320	96.720	81.120	390.000	567.840	37.320	0.000	0.000	0.000	0.000	37.320		
37.330	101.400	81.120	371.280	553.800	37.330	0.000	0.000	0.000	0.000	37.330		
37.340	104.520	79.560	357.240	541.320	37.340	0.000	0.000	0.000	0.000	37.340		
37.350	109.200	79.560	341.640	530.400	37.350	0.000	0.000	0.000	0.000	37.350		
37.360	112.320	79.560	326.040	517.920	37.360	0.000	0.000	0.000	0.000	37.360		
37.370	117.000	79.560	313.560	510.120	37.370	0.000	0.000	0.000	0.000	37.370		
37.380	118.560	76.440	304.200	499.200	37.380	0.000	0.000	0.000	0.000	37.380		
37.390	124.800	79.560	296.400	500.760	37.390	0.000	0.000	0.000	0.000	37.390		
37.400	126.360	79.560	287.040	492.960	37.400	0.000	0.000	0.000	0.000	37.400		
37.410	131.040	79.560	282.360	492.960	37.410	0.000	0.000	0.000	0.000	37.410		
37.420	137.280	81.120	271.440	489.840	37.420	0.000	0.000	0.000	0.000	37.420		
37.430	143.520	84.240	266.760	494.520	37.430	0.000	0.000	0.000	0.000	37.430		
37.440	151.320	87.360	258.960	497.640	37.440	0.000	0.000	0.000	0.000	37.440		
37.450	159.120	92.040	251.160	502.320	37.450	0.000	0.000	0.000	0.000	37.450		
37.460	168.480	93.600	244.920	507.000	37.460	0.000	0.000	0.000	0.000	37.460		
37.470	182.360	98.940	228.920	510.220	37.470	0.000	0.000	0.000	0.000	37.470		
37.480	192.060	104.760	217.280	514.100	37.480	0.000	0.000	0.000	0.000	37.480		
37.490	203.700	106.700	201.760	512.160	37.490	0.000	0.000	0.000	0.000	37.490		
37.500	219.220	110.580	186.240	516.040	37.500	0.000	0.000	0.000	0.000	37.500		
37.510	234.740	110.580	168.780	514.100	37.510	0.000	0.000	0.000	0.000	37.510		
37.520	252.200	114.460	151.320	517.980	37.520	0.000	0.000	0.000	0.000	37.520		
37.530	269.660	114.460	133.860	517.980	37.530	0.000	0.000	0.000	0.000	37.530		
37.540	291.000	114.460	116.400	521.860	37.540	0.000	0.000	0.000	0.000	37.540		
37.550	312.340	110.580	98.940	521.860	37.550	0.000	0.000	0.000	0.000	37.550		
37.560	339.500	110.580	87.300	537.380	37.560	0.000	0.000	0.000	0.000	37.560		
37.570	366.660	106.700	71.780	545.140	37.570	0.000	0.000	0.000	0.000	37.570		
37.580	393.820	100.880	56.260	550.960	37.580	0.000	0.000	0.000	0.000	37.580		
37.590	426.800	93.120	46.560	566.480	37.590	0.000	0.000	0.000	0.000	37.590		
37.600	455.900	83.420	36.860	576.180	37.600	0.000	0.000	0.000	0.000	37.600		
37.610	485.000	73.720	29.100	587.820	37.610	0.000	0.000	0.000	0.000	37.610		
37.620	512.900	62.100	18.400	593.400	37.620	0.000	0.000	0.000	0.000	37.620		
37.630	535.900	50.600	13.800	600.300	37.630	2.500	0.000	0.000	2.500	37.630		
37.640	552.000	41.400	6.900	600.300	37.640	41.500	0.000	0.000	41.500	37.640		
37.650	563.500	34.500	4.600	602.600	37.650	99.600	0.000	0.000	99.600	37.650		
37.660	570.400	29.900	2.300	602.600	37.660	149.400	0.000	0.000	149.400	37.660		
37.670	575.000	20.700	0.000	595.700	37.670	179.280	0.000	0.000	179.280	37.670		
37.680	565.800	13.800	0.000	579.600	37.680	204.180	0.000	0.000	204.180	37.680		
37.690	554.300	9.200	0.000	563.500	37.690	237.380	0.000	0.000	237.380	37.690		
37.700	535.900	6.900	0.000	542.800	37.700	268.920	0.000	0.000	268.920	37.700		
37.710	510.600	2.300	0.000	512.900	37.710	298.800	4.980	0.000	303.780	37.710		
37.720	480.700	0.000	0.000	480.700	37.720	322.040	9.960	0.000	332.000	37.720		
37.730	441.600	0.000	0.000	441.600	37.730	343.620	16.600	0.000	360.220	37.730		
37.740	393.300	0.000	0.000	393.300	37.740	356.900	24.900	1.660	383.460	37.740		
37.750	340.400	0.000	0.000	340.400	37.750	371.840	36.520	1.660	410.020	37.750		
37.760	273.700	0.000	0.000	273.700	37.760	383.460	49.800	6.640	439.900	37.760		
37.770	205.000	0.000	0.000	205.000	37.770	398.400	59.760	14.940	473.100	37.770		
37.780	144.320	0.000	0.000	144.320	37.780	415.000	69.720	21.580	506.300	37.780		
37.790	96.760	0.000	0.000	96.760	37.790	432.000	78.720	26.880	537.600	37.790		
37.800	59.860	0.000	0.000	59.860	37.800	447.360	84.480	34.560	566.400	37.800		
37.810	34.440	0.000	0.000	34.440	37.810	456.960	86.400	38.400	581.760	37.810		
37.820	17.220	0.000	0.000	17.220	37.820	466.560	92.160	46.080	604.800	37.820		
37.830	7.380	2.460	0.000	9.840	37.830	472.320	94.080	51.840	618.240	37.830		
37.840	2.460	2.460	0.000	4.920	37.840	476.160	94.080	53.760	624.000	37.840		
37.850	0.000	2.460	0.000	2.460	37.850	480.000	94.080	53.760	627.840	37.850		
37.860	0.000	2.460	0.000	2.460	37.860	480.000	94.080	59.520	633.600	37.860		
37.870	0.000	2.460	0.000	2.460	37.870	476.160	92.160	61.440	629.760	37.870		
37.880	0.000	0.000	0.000	0.000	37.880	472.320	88.320	67.200	627.840	37.880		
37.890	0.000	2.460	0.000	2.460	37.890	460.800	86.400	67.200	614.400	37.890		
37.900	0.000	2.460	0.000	2.460	37.900	451.200	84.480	71.040	606.720	37.900		
37.910	0.000	2.460	0.000	2.460	37.910	435.840	80.640	76.800	593.280	37.910		
37.920	0.000	2.500	0.000	2.500	37.920	418.560	78.720	80.640	577.920	37.920		
37.930	0.000	2.500	0.000	2.500	37.930	407.040	76.800	86.400	570.240	37.930		
37.940	0.000	2.500	0.000	2.500	37.940	390.000	76.440	93.600	560.040	37.940		
37.950	0.000	2.500	0.000	2.500	37.950	374.400	76.440	99.840	550.680	37.950		
37.960	0.000	0.000	0.000	0.000	37.960	358.800	76.440	104.520	539.760	37.960		
37.970	0.000	2.500	0.000	2.500	37.970	341.640	79.560	112.320	533.520	37.970		
37.980	0.000	0.000	0.000	0.000	37.980	326.040	81.120	118.560	525.720	37.980		
37.990	0.000	0.000	0.000	0.000	37.990	313.560	84.240	126.360	524.160	37.990		
38.000	0.000	0.000	0.000	0.000	38.000	299.520	88.920	137.280	525.720	38.000		
38.010	0.000	2.500	0.000	2.500	38.010	282.360	92.040	146.640	521.040	38.010		
38.020	0.000	0.000	0.000	0.000	38.020	269.880	96.720	159.120	525.720	38.020		
38.030	0.000	0.000	0.000	0.000	38.030	254.280	99.840	171.600	525.720	38.030		
38.040	0.000	0.000	0.000	0.000	38.040	238.680	104.520	187.200	530.400	38.040		
38.050	0.000	0.000	0.000	0.000	38.050	221.520	109.200	201.240	531.960	38.050		
38.060	0.000	0.000	0.000	0.000	38.060	209.040	117.000	216.840	542.880	38.060		
38.070	0.000	0.000	0.000	0.000	38.070	191.880	118.560	237.120	547.560	38.070		
38.080	0.000	0.000	0.000	0.000	38.080	174.720	124.800	257.400	556.920	38.080		
38.090	0.000	0.000	0.000	0.000	38.090	153.400	129.800	283.200	566.400	38.090		
38.100	0.000	0.000	0.000	0.000	38.100	134.520	132.160	306.800	573.480	38.100		
38.110	0.000	2.500	0.000	2.500	38.110	115.640	134.520	330.400	580.560	38.110		
38.120	0.000	2.500	0.000	2.500	38.120	96.760	134.520	356.360	587.640	38.120		
38.130	0.000	0.000	0.000	0.000	38.130	77.880	134.520	382.320	594.720	38.130		
38.140	0.000	0.000	0.000	0.000	38.140	63.720	132.160	405.920	601.800	38.140		
38.150	0.000	0.000	0.000	0.000	38.150	51.920	127.440	434.240	613.600	38.150		
38.160	0.000	0.000	0.000	0.000	38.160	44.840	118.000	457.840	620.680	38.160		
38.170	0.000	2.500	0.000	2.500	38.170	35.400	110.920	483.800	630.120	38.170		
38.180	0.000	0.000	0.000	0.000	38.180	28.320	101.480	507.400	637.200	38.180		
38.190	0.000	2.500	0.000	2.500	38.190	21.240	92.040	526.280	639.560	38.190		
38.200	0.000	2.500	0.000	2.500	38.200	11.800	80.240	549.880	641.920	38.200		
38.210	0.000	2.500	0.000	2.500	38.210	4.720	70.800	566.400	641.920	38.210		
38.220	0.000	0.000	0.000	0.000	38.220	0.000	61.360	580.560	641.920	38.220		
38.230	0.000	2.100	0.000	2.100	38.230	0.000	54.280	590.000	644.280	38.230		
38.240	0.000	0.000	0.000	0.000	38.240	0.000	42.840	595.000	637.840	38.240		
38.250	0.000	2.100	27.300	29.400	38.250	0.000	35.700	595.000	630.700	38.250		
38.260	0.000	4.200	88.200	92.400	38.260	0.000	30.940	585.480	616.420	38.260		
38.270	0.000	2.100	153.300	155.400	38.270	0.000	23.800	573.580	597.380	38.270		
38.280	0.000	2.100	201.600	203.700	38.280	0.000	19.040	552.160	571.200	38.280		
38.290	0.000	4.200	249.900	254.100	38.290	0.000	14.280	516.460	530.740	38.290		
38.300	0.000	6.300	310.800	317.100	38.300	0.000	7.140	466.480	473.620	38.300		
38.310	0.000	10.500	373.800	384.300	38.310	0.000	4.760	409.360	414.120	38.310		
38.320	2.100	18.900	426.300	447.300	38.320	0.000	2.380	342.720	345.100	38.320		
38.330	4.200	27.300	462.000	493.500	38.330	0.000	0.000	268.940	268.940	38.330		
38.340	8.400	35.700	487.200	531.300	38.340	0.000	0.000	199.920	199.920	38.340		
38.350	8.400	54.600	508.200	571.200	38.350	0.000	0.000	138.040	138.040	38.350		
38.360	14.700	67.200	525.000	606.900	38.360	0.000	0.000	90.440	90.440	38.360		
38.370	13.020	82.460	535.990	631.470	38.370	0.000	0.000	57.120	57.120	38.370		
38.380	19.530	93.310	542.500	655.340	38.380	0.000	0.000	30.940	30.940	38.380		
38.390	21.700	101.990	542.500	666.190	38.390	2.450	0.000	17.500	19.950	38.390		
38.400	23.870	106.330	542.500	672.700	38.400	0.000	0.000	9.940	9.940	38.400		
38.410	26.040	110.670	538.160	674.870	38.410	0.000	0.000	4.970	4.970	38.410		
38.420	30.380	112.840	533.820	677.040	38.420	0.000	0.000	7.490	7.490	38.420		
38.430	30.380	112.840	527.310	670.530	38.430	0.000	0.000	4.970	4.970	38.430		
38.440	34.720	112.840	509.950	657.510	38.440	0.000	0.000	4.970	4.970	38.440		
38.450	36.890	117.180	490.420	644.490	38.450	0.000	0.000	2.450	2.450	38.450		
38.460	36.890	117.180	473.060	627.130	38.460	0.000	0.000	4.970	4.970	38.460		
38.470	41.230	112.840	451.360	605.430	38.470	0.000	0.000	2.450	2.450	38.470		
38.480	45.570	112.840	429.660	588.070	38.480	0.000	0.000	2.450	2.450	38.480		
38.490	49.910	117.180	403.620	570.710	38.490	0.000	0.000	2.450	2.450	38.490		
38.500	54.250	117.180	384.090	555.520	38.500	0.000	0.000	2.450	2.450	38.500		
38.510	58.590	117.180	358.050	533.820	38.510	0.000	0.000	0.000	0.000	38.510		
38.520	64.800	117.450	337.500	519.750	38.520	0.000	0.000	0.000	0.000	38.520		
38.530	68.850	118.800	319.950	507.600	38.530	0.000	0.000	0.000	0.000	38.530		
38.540	71.550	121.500	303.750	496.800	38.540	0.000	0.000	0.000	0.000	38.540		
38.550	74.250	118.800	291.600	484.650	38.550	0.000	0.000	0.000	0.000	38.550		
38.560	76.950	121.500	282.150	480.600	38.560	0.000	0.000	0.000	0.000	38.560		
38.570	79.650	124.200	271.350	475.200	38.570	0.000	0.000	0.000	0.000	38.570		
38.580	82.350	124.200	267.300	473.850	38.580	0.000	0.000	0.000	0.000	38.580		
38.590	86.400	126.900	256.500	469.800	38.590	0.000	0.000	0.000	0.000	38.590		
38.600	91.800	126.900	252.450	471.150	38.600	0.000	0.000	0.000	0.000	38.600		
38.610	97.200	129.600	244.350	471.150	38.610	0.000	0.000	0.000	0.000	38.610		
38.620	103.950	132.300	236.250	472.500	38.620	0.000	0.000	0.000	0.000	38.620		
38.630	112.050	139.050	229.500	480.600	38.630	0.000	0.000	0.000	0.000	38.630		
38.640	121.500	144.450	218.700	484.650	38.640	0.000	0.000	0.000	0.000	38.640		
38.650	129.600	149.850	209.250	488.700	38.650	0.000	0.000	0.000	0.000	38.650		
38.660	139.050	156.600	197.100	492.750	38.660	0.000	0.000	0.000	0.000	38.660		
38.670	153.260	164.900	182.360	500.520	38.670	0.000	0.000	0.000	0.000	38.670		
38.680	170.720	170.720	164.900	506.340	38.680	0.000	0.000	0.000	0.000	38.680		
38.690	186.240	176.540	147.440	510.220	38.690	0.000	0.000	0.000	0.000	38.690		
38.700	205.640	182.360	131.920	519.920	38.700	0.000	0.000	0.000	0.000	38.700		
38.710	228.920	188.180	116.400	533.500	38.710	0.000	0.000	0.000	0.000	38.710		
38.720	248.320	194.000	100.880	543.200	38.720	0.000	0.000	0.000	0.000	38.720		
38.730	277.420	194.000	87.300	558.720	38.730	0.000	0.000	0.000	0.000	38.730		
38.740	300.700	194.000	69.840	564.540	38.740	0.000	0.000	0.000	0.000	38.740		
38.750	329.800	186.240	56.260	572.300	38.750	0.000	0.000	0.000	0.000	38.750		
38.760	358.900	174.600	40.740	574.240	38.760	0.000	0.000	0.000	0.000	38.760		
38.770	386.060	159.080	31.040	576.180	38.770	0.000	0.000	0.000	0.000	38.770		
38.780	417.100	139.680	19.400	576.180	38.780	0.000	0.000	0.000	0.000	38.780		
38.790	442.320	118.340	9.700	570.360	38.790	4.380	0.000	0.000	4.380	38.790		
38.800	463.660	98.940	1.940	564.540	38.800	34.310	0.000	0.000	34.310	38.800		
38.810	485.000	81.480	0.000	566.480	38.810	82.490	0.000	0.000	82.490	38.810		
38.820	496.470	62.310	0.000	558.780	38.820	137.240	0.000	0.000	137.240	38.820		
38.830	502.500	48.240	0.000	550.740	38.830	182.500	0.000	0.000	182.500	38.830		
38.840	496.470	36.180	0.000	532.650	38.840	221.760	0.000	0.000	221.760	38.840		
38.850	484.410	28.140	0.000	512.550	38.850	257.400	0.000	0.000	257.400	38.850		
38.860	462.300	18.090	0.000	480.390	38.860	293.040	1.980	0.000	295.020	38.860		
38.870	428.130	12.060	0.000	440.190	38.870	326.700	9.900	1.980	338.580	38.870		
38.880	393.960	2.010	0.000	395.970	38.880	348.480	19.800	3.960	372.240	38.880		
38.890	345.720	2.010	0.000	347.730	38.890	366.300	31.680	9.900	407.880	38.890		
38.900	291.450	0.000	0.000	291.450	38.900	384.120	49.500	15.840	449.460	38.900		
38.910	229.140	0.000	0.000	229.140	38.910	399.960	59.400	23.760	483.120	38.910		
38.920	166.830	0.000	0.000	166.830	38.920	413.820	71.280	39.600	524.700	38.920		
38.930	110.550	0.000	0.000	110.550	38.930	429.660	79.200	51.480	560.340	38.930		
38.940	72.360	0.000	0.000	72.360	38.940	447.480	83.160	67.320	597.960	38.940		
38.950	44.220	0.000	0.000	44.220	38.950	463.320	89.100	81.180	633.600	38.950		
38.960	26.130	0.000	0.000	26.130	38.960	481.140	89.100	93.060	663.300	38.960		
38.970	12.500	2.500	2.500	17.500	38.970	491.040	91.080	100.980	683.100	38.970		
38.980	7.500	0.000	2.500	10.000	38.980	495.000	91.080	106.920	693.000	38.980		
38.990	5.000	0.000	2.500	7.500	38.990	490.000	88.200	113.680	691.880	38.990		
39.000	2.500	0.000	2.500	5.000	39.000	478.240	88.200	119.560	686.000	39.000		
39.010	5.000	0.000	0.000	5.000	39.010	466.480	86.240	129.360	682.080	39.010		
39.020	2.500	0.000	0.000	2.500	39.020	450.800	86.240	131.320	668.360	39.020		
39.030	2.500	0.000	0.000	2.500	39.030	431.200	84.280	137.200	652.680	39.030		
39.040	2.500	0.000	0.000	2.500	39.040	411.600	82.320	143.080	637.000	39.040		
39.050	0.000	2.500	0.000	2.500	39.050	386.120	78.400	148.960	613.480	39.050		
39.060	0.000	0.000	2.500	2.500	39.060	364.560	76.440	156.800	597.800	39.060		
39.070	0.000	0.000	0.000	0.000	39.070	341.040	74.480	164.640	580.160	39.070		
39.080	0.000	0.000	0.000	0.000	39.080	319.480	74.480	172.480	566.440	39.080		
39.090	0.000	0.000	0.000	0.000	39.090	299.880	74.480	178.360	552.720	39.090		
39.100	0.000	0.000	0.000	0.000	39.100	276.360	70.560	184.240	531.160	39.100		
39.110	0.000	0.000	0.000	0.000	39.110	256.760	70.560	194.040	521.360	39.110		
39.120	0.000	0.000	0.000	0.000	39.120	233.240	70.560	205.800	509.600	39.120		
39.130	0.000	0.000	0.000	0.000	39.130	211.680	74.480	219.520	505.680	39.130		
39.140	0.000	0.000	0.000	0.000	39.140	193.440	74.880	232.960	501.280	39.140		
39.150	0.000	0.000	0.000	0.000	39.150	176.800	76.960	249.600	503.360	39.150		
39.160	0.000	0.000	0.000	0.000	39.160	162.240	79.040	262.080	503.360	39.160		
39.170	0.000	0.000	0.000	0.000	39.170	149.760	79.040	280.800	509.600	39.170		
39.180	0.000	0.000	0.000	0.000	39.180	137.280	81.120	297.440	515.840	39.180		
39.190	0.000	0.000	0.000	0.000	39.190	124.800	81.120	316.160	522.080	39.190		
39.200	0.000	0.000	0.000	0.000	39.200	112.320	79.040	336.960	528.320	39.200		
39.210	0.000	0.000	0.000	0.000	39.210	101.920	81.120	355.680	538.720	39.210		
39.220	0.000	0.000	0.000	0.000	39.220	89.440	81.120	378.560	549.120	39.220		
39.230	0.000	0.000	0.000	0.000	39.230	79.040	79.040	399.360	557.440	39.230		
39.240	0.000	0.000	0.000	0.000	39.240	74.880	81.120	424.320	580.320	39.240		
39.250	0.000	0.000	0.000	0.000	39.250	66.560	79.040	447.200	592.800	39.250		
39.260	0.000	0.000	0.000	0.000	39.260	58.240	76.960	468.000	603.200	39.260		
39.270	0.000	0.000	0.000	0.000	39.270	54.080	76.960	492.960	624.000	39.270		
39.280	0.000	0.000	0.000	0.000	39.280	45.760	68.640	520.000	634.400	39.280		
39.290	0.000	0.000	0.000	0.000	39.290	40.000	67.500	542.500	650.000	39.290		
39.300	0.000	0.000	0.000	0.000	39.300	35.000	62.500	562.500	660.000	39.300		
39.310	0.000	0.000	0.000	0.000	39.310	32.500	57.500	580.000	670.000	39.310		
39.320	0.000	0.000	0.000	0.000	39.320	25.000	50.000	597.500	672.500	39.320		
39.330	0.000	0.000	0.000	0.000	39.330	17.500	42.500	610.000	670.000	39.330		
39.340	0.000	0.000	0.000	0.000	39.340	12.500	40.000	617.500	670.000	39.340		
39.350	0.000	2.380	0.000	2.380	39.350	7.500	32.500	622.500	662.500	39.350		
39.360	0.000	0.000	16.660	16.660	39.360	2.500	27.500	625.000	655.000	39.360		
39.370	0.000	0.000	66.640	66.640	39.370	0.000	22.500	622.500	645.000	39.370		
39.380	0.000	0.000	132.090	132.090	39.380	0.000	17.500	610.000	627.500	39.380		
39.390	0.000	2.380	189.210	191.590	39.390	0.000	12.500	597.500	610.000	39.390		
39.400	0.000	2.380	241.570	243.950	39.400	0.000	10.000	572.500	582.500	39.400		
39.410	0.000	4.760	297.500	302.260	39.410	0.000	5.000	532.500	537.500	39.410		
39.420	2.030	8.120	357.280	367.430	39.420	0.000	0.000	477.500	477.500	39.420		
39.430	4.060	18.270	393.820	416.150	39.430	0.000	0.000	417.500	417.500	39.430		
39.440	6.090	28.420	414.120	448.630	39.440	0.000	0.000	340.000	340.000	39.440		
39.450	8.120	38.570	426.300	472.990	39.450	0.000	0.000	262.480	262.480	39.450		
39.460	12.180	54.810	440.510	507.500	39.460	0.000	0.000	194.480	194.480	39.460		
39.470	14.210	69.020	458.780	542.010	39.470	0.000	0.000	134.640	134.640	39.470		
39.480	16.240	89.320	479.080	584.640	39.480	0.000	0.000	87.040	87.040	39.480		
39.490	22.330	101.500	491.260	615.090	39.490	0.000	0.000	54.400	54.400	39.490		
39.500	26.390	113.680	499.380	639.450	39.500	0.000	0.000	31.280	31.280	39.500		
39.510	28.420	123.830	503.440	655.690	39.510	0.000	0.000	19.040	19.040	39.510		
39.520	34.510	131.950	507.500	673.960	39.520	0.000	0.000	12.240	12.240	39.520		
39.530	36.540	136.010	499.380	671.930	39.530	0.000	0.000	9.520	9.520	39.530		
39.540	38.570	142.100	487.200	667.870	39.540	0.000	0.000	6.800	6.800	39.540		
39.550	44.660	146.160	470.960	661.780	39.550	0.000	0.000	6.800	6.800	39.550		
39.560	46.690	146.160	454.720	647.570	39.560	0.000	0.000	6.800	6.800	39.560		
39.570	48.440	148.780	432.500	629.720	39.570	0.000	0.000	6.800	6.800	39.570		
39.580	51.900	147.050	413.470	612.420	39.580	0.000	0.000	6.800	6.800	39.580		
39.590	51.900	141.860	396.170	589.930	39.590	0.000	0.000	7.500	7.500	39.590		
39.600	51.900	136.670	378.870	567.440	39.600	0.000	0.000	4.980	4.980	39.600		
39.610	53.630	129.750	363.300	546.680	39.610	0.000	0.000	2.490	2.490	39.610		
39.620	57.090	121.100	351.190	529.380	39.620	0.000	0.000	4.980	4.980	39.620		
39.630	58.820	114.180	340.810	513.810	39.630	0.000	0.000	2.490	2.490	39.630		
39.640	62.280	107.260	332.160	501.700	39.640	0.000	0.000	4.980	4.980	39.640		
39.650	67.470	102.070	321.780	491.320	39.650	0.000	0.000	4.980	4.980	39.650		
39.660	74.390	98.610	311.400	484.400	39.660	0.000	0.000	2.490	2.490	39.660		
39.670	79.580	93.420	304.480	477.480	39.670	0.000	0.000	2.490	2.490	39.670		
39.680	89.960	91.690	295.830	477.480	39.680	0.000	0.000	2.490	2.490	39.680		
39.690	98.610	91.690	287.180	477.480	39.690	0.000	0.000	2.490	2.490	39.690		
39.700	108.990	91.690	281.990	482.670	39.700	0.000	0.000	2.490	2.490	39.700		
39.710	114.180	91.690	276.800	482.670	39.710	0.000	0.000	2.490	2.490	39.710		
39.720	124.000	94.550	271.250	489.800	39.720	0.000	0.000	0.000	0.000	39.720		
39.730	136.400	99.200	261.950	497.550	39.730	0.000	0.000	0.000	0.000	39.730		
39.740	147.250	103.850	251.100	502.200	39.740	0.000	0.000	0.000	0.000	39.740		
39.750	159.650	111.600	238.700	509.950	39.750	0.000	0.000	0.000	0.000	39.750		
39.760	173.600	116.250	224.750	514.600	39.760	0.000	0.000	0.000	0.000	39.760		
39.770	189.100	119.350	209.250	517.700	39.770	0.000	0.000	0.000	0.000	39.770		
39.780	206.150	124.000	192.200	522.350	39.780	0.000	0.000	0.000	0.000	39.780		
39.790	224.750	124.000	168.950	517.700	39.790	0.000	0.000	0.000	0.000	39.790		
39.800	244.900	124.000	151.900	520.800	39.800	0.000	0.000	0.000	0.000	39.800		
39.810	263.500	124.000	131.750	519.250	39.810	0.000	0.000	0.000	0.000	39.810		
39.820	286.750	122.450	111.600	520.800	39.820	0.000	0.000	0.000	0.000	39.820		
39.830	306.900	122.450	96.100	525.450	39.830	0.000	0.000	0.000	0.000	39.830		
39.840	331.700	119.350	79.050	530.100	39.840	0.000	0.000	0.000	0.000	39.840		
39.850	359.600	116.250	63.550	539.400	39.850	0.000	0.000	0.000	0.000	39.850		
39.860	387.500	108.500	54.250	550.250	39.860	0.000	0.000	0.000	0.000	39.860		
39.870	415.520	103.880	44.520	563.920	39.870	0.000	0.000	0.000	0.000	39.870		
39.880	447.320	91.160	36.040	574.520	39.880	0.000	0.000	0.000	0.000	39.880		
39.890	468.520	78.440	29.680	576.640	39.890	0.000	0.000	0.000	0.000	39.890		
39.900	489.720	69.960	23.320	583.000	39.900	0.000	0.000	0.000	0.000	39.900		
39.910	508.800	59.360	16.960	585.120	39.910	0.000	0.000	0.000	0.000	39.910		
39.920	519.400	48.760	8.480	576.640	39.920	0.000	0.000	0.000	0.000	39.920		
39.930	525.760	36.040	6.360	568.160	39.930	34.010	0.000	0.000	34.010	39.930		
39.940	530.000	31.800	4.240	566.040	39.940	96.660	0.000	0.000	96.660	39.940		
39.950	523.640	23.320	0.000	546.960	39.950	166.470	0.000	0.000	166.470	39.950		
39.960	517.280	19.080	0.000	536.360	39.960	205.850	0.000	0.000	205.850	39.960		
39.970	504.560	14.840	0.000	519.400	39.970	239.860	0.000	0.000	239.860	39.970		
39.980	483.360	6.360	0.000	489.720	39.980	286.400	0.000	0.000	286.400	39.980		
39.990	453.680	4.240	0.000	457.920	39.990	341.890	3.580	0.000	345.470	39.990		
40.000	415.520	2.120	0.000	417.640	40.000	388.430	10.740	1.790	400.960	40.000		
40.010	366.760	0.000	0.000	366.760	40.010	418.860	23.270	3.580	445.710	40.010		
40.020	302.500	0.000	0.000	302.500	40.020	438.550	41.170	8.950	488.670	40.020		
40.030	234.740	0.000	0.000	234.740	40.030	447.500	60.860	19.690	528.050	40.030		
40.040	174.240	0.000	0.000	174.240	40.040	449.740	75.620	25.870	551.230	40.040		
40.050	119.790	0.000	0.000	119.790	40.050	453.720	89.550	39.800	583.070	40.050		
40.060	77.440	0.000	0.000	77.440	40.060	463.670	95.520	49.750	608.940	40.060		
40.070	47.190	0.000	0.000	47.190	40.070	473.620	103.480	59.700	636.800	40.070		
40.080	26.620	0.000	0.000	26.620	40.080	483.570	107.460	69.650	660.680	40.080		
40.090	9.680	0.000	7.260	16.940	40.090	491.530	111.440	79.600	682.570	40.090		
40.100	4.840	0.000	4.840	9.680	40.100	497.500	113.430	85.570	696.500	40.100		
40.110	2.420	0.000	4.840	7.260	40.110	493.520	117.410	93.530	704.460	40.110		
40.120	2.420	0.000	4.840	7.260	40.120	485.560	117.410	99.500	702.470	40.120		
40.130	2.420	0.000	4.840	7.260	40.130	473.620	117.410	103.480	694.510	40.130		
40.140	2.420	0.000	4.840	7.260	40.140	455.710	113.430	109.450	678.590	40.140		
40.150	0.000	0.000	2.420	2.420	40.150	439.790	113.430	113.430	666.650	40.150		
40.160	0.000	0.000	4.840	4.840	40.160	413.920	111.440	119.400	644.760	40.160		
40.170	0.000	0.000	5.000	5.000	40.170	388.050	109.450	123.380	620.880	40.170		
40.180	0.000	0.000	5.000	5.000	40.180	366.160	107.460	127.360	600.980	40.180		
40.190	0.000	0.000	5.000	5.000	40.190	345.000	106.260	132.480	583.740	40.190		
40.200	0.000	0.000	5.000	5.000	40.200	327.060	102.120	136.620	565.800	40.200		
40.210	0.000	0.000	5.000	5.000	40.210	309.120	102.120	142.140	553.380	40.210		
40.220	0.000	0.000	2.500	2.500	40.220	296.700	99.360	146.280	542.340	40.220		
40.230	0.000	0.000	2.500	2.500	40.230	284.280	99.360	149.040	532.680	40.230		
40.240	0.000	0.000	2.500	2.500	40.240	271.860	99.360	154.560	525.780	40.240		
40.250	0.000	0.000	2.500	2.500	40.250	262.200	102.120	161.460	525.780	40.250		
40.260	0.000	0.000	2.500	2.500	40.260	251.160	99.360	166.980	517.500	40.260		
40.270	0.000	0.000	2.500	2.500	40.270	247.020	104.880	173.880	525.780	40.270		
40.280	0.000	0.000	2.500	2.500	40.280	238.740	104.880	182.160	525.780	40.280		
40.290	0.000	0.000	2.500	2.500	40.290	237.360	106.260	186.300	529.920	40.290		
40.300	0.000	0.000	2.500	2.500	40.300	229.080	111.780	194.580	535.440	40.300		
40.310	0.000	0.000	2.500	2.500	40.310	222.180	114.540	201.480	538.200	40.310		
40.320	0.000	0.000	2.500	2.500	40.320	216.660	117.300	209.760	543.720	40.320		
40.330	0.000	0.000	0.000	0.000	40.330	207.000	118.680	222.180	547.860	40.330		
40.340	0.000	0.000	0.000	0.000	40.340	195.940	121.200	234.320	551.460	40.340		
40.350	0.000	0.000	0.000	0.000	40.350	185.840	121.200	248.460	555.500	40.350		
40.360	0.000	0.000	0.000	0.000	40.360	175.740	127.260	264.620	567.620	40.360		
40.370	0.000	0.000	0.000	0.000	40.370	165.640	129.280	278.760	573.680	40.370		
40.380	0.000	0.000	0.000	0.000	40.380	155.540	131.300	294.920	581.760	40.380		
40.390	0.000	0.000	0.000	0.000	40.390	147.460	133.320	313.100	593.880	40.390		
40.400	0.000	0.000	0.000	0.000	40.400	133.320	139.380	333.300	606.000	40.400		
40.410	0.000	0.000	0.000	0.000	40.410	119.180	141.400	353.500	614.080	40.410		
40.420	0.000	0.000	0.000	0.000	40.420	103.020	143.420	371.680	618.120	40.420		
40.430	0.000	0.000	0.000	0.000	40.430	86.860	141.400	393.900	622.160	40.430		
40.440	0.000	0.000	0.000	0.000	40.440	70.700	139.380	416.120	626.200	40.440		
40.450	0.000	0.000	0.000	0.000	40.450	58.580	131.300	442.380	632.260	40.450		
40.460	0.000	0.000	0.000	0.000	40.460	46.460	121.200	466.620	634.280	40.460		
40.470	0.000	0.000	0.000	0.000	40.470	42.420	111.100	486.820	640.340	40.470		
40.480	0.000	0.000	0.000	0.000	40.480	34.340	96.960	505.000	636.300	40.480		
40.490	0.000	0.000	0.000	0.000	40.490	28.730	83.980	519.350	632.060	40.490		
40.500	0.000	0.000	0.000	0.000	40.500	19.890	70.720	528.190	618.800	40.500		
40.510	0.000	0.000	16.830	16.830	40.510	13.260	61.880	541.450	616.590	40.510		
40.520	0.000	1.530	61.200	62.730	40.520	4.420	50.830	545.870	601.120	40.520		
40.530	0.000	0.000	111.690	111.690	40.530	2.210	41.990	552.500	596.700	40.530		
40.540	0.000	0.000	154.530	154.530	40.540	0.000	33.150	545.870	579.020	40.540		
40.550	0.000	1.530	189.720	191.250	40.550	0.000	28.730	541.450	570.180	40.550		
40.560	0.000	1.530	231.030	232.560	40.560	0.000	22.100	525.980	548.080	40.560		
40.570	0.000	1.530	276.930	278.460	40.570	0.000	15.470	501.670	517.140	40.570		
40.580	1.530	6.120	313.650	321.300	40.580	0.000	11.050	477.360	488.410	40.580		
40.590	4.590	12.240	344.250	361.080	40.590	0.000	6.630	439.790	446.420	40.590		
40.600	6.120	16.830	364.140	387.090	40.600	0.000	2.210	391.170	393.380	40.600		
40.610	9.180	19.890	382.500	411.570	40.610	0.000	0.000	338.130	338.130	40.610		
40.620	10.950	26.280	407.340	444.570	40.620	0.000	0.000	271.830	271.830	40.620		
40.630	13.140	32.850	431.430	477.420	40.630	0.000	0.000	209.950	209.950	40.630		
40.640	15.330	39.420	459.900	514.650	40.640	0.000	0.000	145.000	145.000	40.640		
40.650	19.710	43.800	483.990	547.500	40.650	0.000	0.000	97.440	97.440	40.650		
40.660	21.900	50.370	501.510	573.780	40.660	0.000	0.000	64.960	64.960	40.660		
40.670	24.090	56.940	519.030	600.060	40.670	0.000	0.000	44.660	44.660	40.670		
40.680	26.280	59.130	532.170	617.580	40.680	2.320	0.000	29.580	31.900	40.680		
40.690	30.660	61.320	540.930	632.910	40.690	2.320	0.000	17.400	19.720	40.690		
40.700	30.660	61.320	543.120	635.100	40.700	2.320	0.000	9.860	12.180	40.700		
40.710	37.230	61.320	547.500	646.050	40.710	2.320	0.000	9.860	12.180	40.710		
40.720	39.420	61.320	547.500	648.240	40.720	2.320	0.000	9.860	12.180	40.720		
40.730	41.610	56.940	543.120	641.670	40.730	0.000	0.000	6.960	6.960	40.730		
40.740	41.610	54.750	540.930	637.290	40.740	0.000	0.000	4.640	4.640	40.740		
40.750	43.800	50.370	534.360	628.530	40.750	0.000	0.000	4.640	4.640	40.750		
40.760	45.990	48.180	521.220	615.390	40.760	0.000	0.000	4.640	4.640	40.760		
40.770	48.960	44.880	510.000	603.840	40.770	0.000	0.000	2.320	2.320	40.770		
40.780	53.040	40.800	495.720	589.560	40.780	0.000	0.000	4.640	4.640	40.780		
40.790	53.040	36.720	481.440	571.200	40.790	0.000	0.000	5.000	5.000	40.790		
40.800	59.160	36.720	469.200	565.080	40.800	0.000	0.000	2.500	2.500	40.800		
40.810	63.240	34.680	456.960	554.880	40.810	0.000	0.000	2.500	2.500	40.810		
40.820	69.360	30.600	440.640	540.600	40.820	0.000	0.000	2.500	2.500	40.820		
40.830	71.400	30.600	426.360	528.360	40.830	0.000	0.000	0.000	0.000	40.830		
40.840	79.560	34.680	414.120	528.360	40.840	0.000	0.000	2.500	2.500	40.840		
40.850	85.680	36.720	401.880	524.280	40.850	0.000	0.000	0.000	0.000	40.850		
40.860	93.840	36.720	389.640	520.200	40.860	0.000	0.000	0.000	0.000	40.860		
40.870	102.000	36.720	377.400	516.120	40.870	0.000	0.000	0.000	0.000	40.870		
40.880	106.080	36.720	369.240	512.040	40.880	0.000	0.000	0.000	0.000	40.880		
40.890	114.240	38.760	361.080	514.080	40.890	0.000	0.000	0.000	0.000	40.890		
40.900	118.320	38.760	357.000	514.080	40.900	0.000	0.000	0.000	0.000	40.900		
40.910	124.440	44.880	348.840	518.160	40.910	0.000	0.000	0.000	0.000	40.910		
40.920	131.520	46.580	342.500	520.600	40.920	0.000	0.000	0.000	0.000	40.920		
40.930	139.740	49.320	331.540	520.600	40.930	0.000	0.000	0.000	0.000	40.930		
40.940	146.590	52.060	324.690	523.340	40.940	0.000	0.000	0.000	0.000	40.940		
40.950	152.070	58.910	313.730	524.710	40.950	0.000	0.000	0.000	0.000	40.950		
40.960	161.660	58.910	298.660	519.230	40.960	0.000	0.000	0.000	0.000	40.960		
40.970	169.880	64.390	286.330	520.600	40.970	0.000	0.000	0.000	0.000	40.970		
40.980	179.470	67.130	271.260	517.860	40.980	0.000	0.000	0.000	0.000	40.980		
40.990	189.060	69.870	256.190	515.120	40.990	0.000	0.000	0.000	0.000	40.990		
41.000	201.390	73.980	239.750	515.120	41.000	0.000	0.000	0.000	0.000	41.000		
41.010	216.460	76.720	224.680	517.860	41.010	0.000	0.000	0.000	0.000	41.010		
41.020	231.530	84.940	212.350	528.820	41.020	0.000	0.000	0.000	0.000	41.020		
41.030	249.340	89.050	197.280	535.670	41.030	0.000	0.000	0.000	0.000	41.030		
41.040	269.890	97.270	179.470	546.630	41.040	0.000	0.000	0.000	0.000	41.040		
41.050	289.070	106.860	161.660	557.590	41.050	0.000	0.000	0.000	0.000	41.050		
41.060	306.880	116.450	142.480	565.810	41.060	0.000	0.000	0.000	0.000	41.060		
41.070	328.100	123.520	115.800	567.420	41.070	0.000	0.000	0.000	0.000	41.070		
41.080	347.400	129.310	94.570	571.280	41.080	0.000	0.000	0.000	0.000	41.080		
41.090	368.630	123.520	71.410	563.560	41.090	0.000	0.000	0.000	0.000	41.090		
41.100	393.720	111.940	54.040	559.700	41.100	0.000	0.000	0.000	0.000	41.100		
41.110	414.950	96.500	42.460	553.910	41.110	0.000	0.000	0.000	0.000	41.110		
41.120	436.180	84.920	34.740	555.840	41.120	0.000	0.000	0.000	0.000	41.120		
41.130	453.550	73.340	28.950	555.840	41.130	9.840	0.000	0.000	9.840	41.130		
41.140	467.060	59.830	21.230	548.120	41.140	49.200	0.000	0.000	49.200	41.140		
41.150	476.710	48.250	13.510	538.470	41.150	104.960	0.000	0.000	104.960	41.150		
41.160	482.500	38.600	5.790	526.890	41.160	149.240	0.000	0.000	149.240	41.160		
41.170	478.640	28.950	3.860	511.450	41.170	177.120	0.000	0.000	177.120	41.170		
41.180	470.920	21.230	1.930	494.080	41.180	209.920	0.000	0.000	209.920	41.180		
41.190	459.340	17.370	0.000	476.710	41.190	250.920	0.000	0.000	250.920	41.190		
41.200	438.110	11.580	0.000	449.690	41.200	296.840	0.000	0.000	296.840	41.200		
41.210	414.950	5.790	0.000	420.740	41.210	344.400	4.920	0.000	349.320	41.210		
41.220	375.000	1.500	0.000	376.500	41.220	383.760	14.760	4.920	403.440	41.220		
41.230	331.500	0.000	0.000	331.500	41.230	410.000	24.600	6.560	441.160	41.230		
41.240	285.000	0.000	0.000	285.000	41.240	418.500	40.920	11.160	470.580	41.240		
41.250	234.000	0.000	0.000	234.000	41.250	425.940	53.940	18.600	498.480	41.250		
41.260	180.000	0.000	0.000	180.000	41.260	433.380	63.240	29.760	526.380	41.260		
41.270	129.000	0.000	0.000	129.000	41.270	444.540	76.260	39.060	559.860	41.270		
41.280	84.000	0.000	0.000	84.000	41.280	453.840	87.420	48.360	589.620	41.280		
41.290	52.500	0.000	0.000	52.500	41.290	461.280	94.860	63.240	619.380	41.290		
41.300	30.000	0.000	7.500	37.500	41.300	465.000	102.300	76.260	643.560	41.300		
41.310	15.000	1.500	9.000	25.500	41.310	461.280	109.740	94.860	665.880	41.310		
41.320	4.500	0.000	9.000	13.500	41.320	453.840	113.460	109.740	677.040	41.320		
41.330	1.500	0.000	7.500	9.000	41.330	446.400	117.180	124.620	688.200	41.330		
41.340	1.500	0.000	7.500	9.000	41.340	437.100	119.040	139.500	695.640	41.340		
41.350	1.500	1.500	7.500	10.500	41.350	418.500	117.180	150.660	686.340	41.350		
41.360	1.500	1.500	7.500	10.500	41.360	403.620	113.460	161.820	678.900	41.360		
41.370	0.000	0.000	7.500	7.500	41.370	383.160	109.740	169.260	662.160	41.370		
41.380	0.000	0.000	7.500	7.500	41.380	368.280	104.160	176.700	649.140	41.380		
41.390	0.000	0.000	7.500	7.500	41.390	355.000	102.240	184.600	641.840	41.390		
41.400	0.000	2.490	4.980	7.470	41.400	339.380	99.400	188.860	627.640	41.400		
41.410	0.000	0.000	4.980	4.980	41.410	323.760	99.400	194.540	617.700	41.410		
41.420	0.000	0.000	4.980	4.980	41.420	312.400	96.560	198.800	607.760	41.420		
41.430	0.000	0.000	7.500	7.500	41.430	299.620	93.720	204.480	597.820	41.430		
41.440	0.000	0.000	4.980	4.980	41.440	286.840	89.460	208.740	585.040	41.440		
41.450	0.000	0.000	4.980	4.980	41.450	276.900	86.620	214.420	577.940	41.450		
41.460	0.000	2.490	4.980	7.470	41.460	266.960	89.460	218.680	575.100	41.460		
41.470	0.000	0.000	4.980	4.980	41.470	261.280	86.620	227.200	575.100	41.470		
41.480	0.000	0.000	4.980	4.980	41.480	254.180	83.780	228.620	566.580	41.480		
41.490	0.000	0.000	2.490	2.490	41.490	251.340	83.780	237.140	572.260	41.490		
41.500	0.000	0.000	4.980	4.980	41.500	247.080	83.780	241.400	572.260	41.500		
41.510	0.000	2.490	4.980	7.470	41.510	244.240	86.620	247.080	577.940	41.510		
41.520	0.000	0.000	2.500	2.500	41.520	241.400	86.620	254.180	582.200	41.520		
41.530	0.000	0.000	2.500	2.500	41.530	237.140	89.460	266.960	593.560	41.530		
41.540	0.000	0.000	2.500	2.500	41.540	229.460	89.320	274.120	592.900	41.540		
41.550	0.000	2.500	2.500	5.000	41.550	224.840	92.400	284.900	602.140	41.550		
41.560	0.000	0.000	2.500	2.500	41.560	217.140	93.940	294.140	605.220	41.560		
41.570	0.000	2.500	2.500	5.000	41.570	210.980	97.020	301.840	609.840	41.570		
41.580	0.000	0.000	2.500	2.500	41.580	204.820	97.020	309.540	611.380	41.580		
41.590	0.000	0.000	0.000	0.000	41.590	197.120	97.020	318.780	612.920	41.590		
41.600	0.000	0.000	0.000	0.000	41.600	192.500	98.560	326.480	617.540	41.600		
41.610	0.000	0.000	2.500	2.500	41.610	181.720	101.640	331.100	614.460	41.610		
41.620	0.000	0.000	0.000	0.000	41.620	174.020	104.720	341.880	620.620	41.620		
41.630	0.000	0.000	2.500	2.500	41.630	161.700	104.720	346.500	612.920	41.630		
41.640	0.000	2.500	7.500	10.000	41.640	149.380	106.260	357.280	612.920	41.640		
41.650	0.000	0.000	7.500	7.500	41.650	133.980	106.260	366.520	606.760	41.650		
41.660	0.000	0.000	12.500	12.500	41.660	118.580	109.340	371.140	599.060	41.660		
41.670	0.000	2.100	17.500	19.600	41.670	104.720	112.420	378.840	595.980	41.670		
41.680	0.000	2.100	22.400	24.500	41.680	89.320	113.960	385.000	588.280	41.680		
41.690	0.000	2.100	32.200	34.300	41.690	70.980	106.470	393.770	571.220	41.690		
41.700	0.000	2.100	46.900	49.000	41.700	59.150	99.710	407.290	566.150	41.700		
41.710	0.000	4.900	77.000	81.900	41.710	52.390	89.570	414.050	556.010	41.710		
41.720	0.000	7.000	112.000	119.000	41.720	43.940	76.050	422.500	542.490	41.720		
41.730	4.900	14.700	134.400	154.000	41.730	37.180	69.290	422.500	528.970	41.730		
41.740	11.900	22.400	151.900	186.200	41.740	32.110	59.150	419.120	510.380	41.740		
41.750	24.500	29.400	167.300	221.200	41.750	21.970	52.390	407.290	481.650	41.750		
41.760	44.800	35.000	172.200	252.000	41.760	13.520	47.320	388.700	449.540	41.760		
41.770	64.400	39.900	169.400	273.700	41.770	3.380	42.250	359.970	405.600	41.770		
41.780	89.600	44.800	169.400	303.800	41.780	0.000	37.180	324.480	361.660	41.780		
41.790	119.700	46.900	169.400	336.000	41.790	0.000	28.730	283.920	312.650	41.790		
41.800	147.000	52.500	172.200	371.700	41.800	0.000	27.040	241.670	268.710	41.800		
41.810	175.000	57.400	175.000	407.400	41.810	0.000	21.970	201.110	223.080	41.810		
41.820	201.280	61.200	184.960	447.440	41.820	0.000	16.900	162.240	179.140	41.820		
41.830	227.120	66.640	189.040	482.800	41.830	0.000	13.520	121.680	135.200	41.830		
41.840	251.600	69.360	191.760	512.720	41.840	2.310	12.210	82.500	97.020	41.840		
41.850	274.720	74.800	194.480	544.000	41.850	4.950	9.900	57.420	72.270	41.850		
41.860	289.680	76.160	197.200	563.040	41.860	7.260	9.900	37.290	54.450	41.860		
41.870	307.360	78.880	194.480	580.720	41.870	7.260	7.260	22.440	36.960	41.870		
41.880	319.600	78.880	194.480	592.960	41.880	7.260	7.260	17.490	32.010	41.880		
41.890	329.120	76.160	194.480	599.760	41.890	7.260	7.260	12.210	26.730	41.890		
41.900	337.280	76.160	194.480	607.920	41.900	7.260	4.950	9.900	22.110	41.900		
41.910	340.000	76.160	191.760	607.920	41.910	7.260	4.950	7.260	19.470	41.910		
41.920	340.000	74.800	191.760	606.560	41.920	7.260	4.950	7.260	19.470	41.920		
41.930	337.280	69.360	189.040	595.680	41.930	7.260	2.310	4.950	14.520	41.930		
41.940	334.560	66.640	189.040	590.240	41.940	4.950	2.310	4.950	12.210	41.940		
41.950	334.560	63.920	189.040	587.520	41.950	4.950	2.310	4.950	12.210	41.950		
41.960	329.120	61.200	189.040	579.360	41.960	4.950	4.950	2.310	12.210	41.960		
41.970	330.000	59.400	188.760	578.160	41.970	4.950	2.310	2.310	9.570	41.970		
41.980	327.360	59.400	188.760	575.520	41.980	4.950	2.310	2.310	9.570	41.980		
41.990	324.720	59.400	188.760	572.880	41.990	4.930	2.320	4.930	12.180	41.990		
42.000	319.440	59.400	191.400	570.240	42.000	4.930	2.320	2.320	9.570	42.000		
42.010	316.800	56.760	194.040	567.600	42.010	4.930	2.320	2.320	9.570	42.010		
42.020	311.520	59.400	194.040	564.960	42.020	2.320	2.320	2.320	6.960	42.020		
42.030	308.880	56.760	194.040	559.680	42.030	2.320	2.320	2.320	6.960	42.030		
42.040	302.280	56.760	194.040	553.080	42.040	2.320	4.930	2.320	9.570	42.040		
42.050	299.640	56.760	194.040	550.440	42.050	2.320	4.930	2.320	9.570	42.050		
42.060	294.360	56.760	194.040	545.160	42.060	4.930	7.250	7.250	19.430	42.060		
42.070	286.440	54.120	194.040	534.600	42.070	4.930	14.790	7.250	26.970	42.070		
42.080	279.840	54.120	194.040	528.000	42.080	9.860	19.720	9.860	39.440	42.080		
42.090	271.920	54.120	191.400	517.440	42.090	17.400	27.260	19.720	64.380	42.090		
42.100	264.000	54.120	187.440	505.560	42.100	29.870	32.480	34.800	97.150	42.100		
42.110	254.760	51.480	179.520	485.760	42.110	39.730	34.800	47.270	121.800	42.110		
42.120	242.500	46.560	169.750	458.810	42.120	54.810	39.730	59.740	154.280	42.120		
42.130	231.830	41.710	159.080	432.620	42.130	72.500	47.270	69.890	189.660	42.130		
42.140	217.280	39.770	147.440	404.490	42.140	92.480	54.400	85.000	231.880	42.140		
42.150	209.520	34.920	139.680	384.120	42.150	107.440	59.840	97.240	264.520	42.150		
42.160	196.910	29.100	131.920	357.930	42.160	116.960	61.880	104.720	283.560	42.160		
42.170	182.360	27.160	124.160	333.680	42.170	124.440	64.600	112.200	301.240	42.170		
42.180	169.750	24.250	114.460	308.460	42.180	131.920	69.360	119.680	320.960	42.180		
42.190	159.080	24.250	106.700	290.030	42.190	137.360	72.080	124.440	333.880	42.190		
42.200	152.290	22.310	99.910	274.510	42.200	139.400	74.800	129.880	344.080	42.200		
42.210	147.440	22.310	89.240	258.990	42.210	144.840	79.560	134.640	359.040	42.210		
42.220	141.620	22.310	84.390	248.320	42.220	146.880	82.280	137.360	366.520	42.220		
42.230	139.680	22.310	76.630	238.620	42.230	149.600	85.000	142.120	376.720	42.230		
42.240	134.830	24.250	74.690	233.770	42.240	154.360	87.040	142.120	383.520	42.240		
42.250	134.830	24.250	71.780	230.860	42.250	159.800	85.000	142.120	386.920	42.250		
42.260	131.920	24.250	69.840	226.010	42.260	164.560	85.000	144.840	394.400	42.260		
42.270	132.500	24.910	67.310	224.720	42.270	170.000	85.000	144.840	399.840	42.270		
42.280	132.500	27.030	67.310	226.840	42.280	170.000	85.000	144.840	399.840	42.280		
42.290	132.500	27.030	69.960	229.490	42.290	172.200	81.900	144.900	399.000	42.290		
42.300	129.850	27.030	72.080	228.960	42.300	175.000	81.900	144.900	401.800	42.300		
42.310	129.850	27.030	72.080	228.960	42.310	175.000	81.900	147.000	403.900	42.310		
42.320	129.850	27.030	72.080	228.960	42.320	175.000	81.900	144.900	401.800	42.320		
42.330	129.850	27.030	72.080	228.960	42.330	172.200	79.800	147.000	399.000	42.330		
42.340	127.200	29.680	74.730	231.610	42.340	169.400	77.000	149.800	396.200	42.340		
42.350	127.200	32.330	77.380	236.910	42.350	169.400	77.000	149.800	396.200	42.350		
42.360	127.200	34.980	74.730	236.910	42.360	167.300	74.900	147.000	389.200	42.360		
42.370	129.850	34.980	74.730	239.560	42.370	164.500	72.100	149.800	386.400	42.370		
42.380	129.850	34.980	74.730	239.560	42.380	162.400	70.000	149.800	382.200	42.380		
42.390	132.500	37.100	74.730	244.330	42.390	162.400	67.200	149.800	379.400	42.390		
42.400	132.500	37.100	74.730	244.330	42.400	162.400	64.400	149.800	376.600	42.400		
42.410	132.500	37.100	74.730	244.330	42.410	159.600	64.400	149.800	373.800	42.410		
42.420	134.960	36.960	77.280	249.200	42.420	159.600	67.200	154.700	381.500	42.420		
42.430	137.200	39.760	79.520	256.480	42.430	157.500	64.400	157.500	379.400	42.430		
42.440	137.200	39.760	79.520	256.480	42.440	154.700	67.200	162.400	384.300	42.440		
42.450	140.000	42.000	79.520	261.520	42.450	149.800	67.200	162.400	379.400	42.450		
42.460	140.000	42.000	79.520	261.520	42.460	147.000	67.200	164.500	378.700	42.460		
42.470	140.000	44.800	79.520	264.320	42.470	144.900	64.400	167.300	376.600	42.470		
42.480	140.000	42.000	79.520	261.520	42.480	142.100	67.200	167.300	376.600	42.480		
42.490	137.200	42.000	77.280	256.480	42.490	142.100	67.200	167.300	376.600	42.490		
42.500	137.200	42.000	77.280	256.480	42.500	142.100	67.200	169.400	378.700	42.500		
42.510	137.200	39.760	77.280	254.240	42.510	142.100	67.200	169.400	378.700	42.510		
42.520	137.200	39.760	77.280	254.240	42.520	142.100	67.200	169.400	378.700	42.520		
42.530	134.960	39.760	77.280	252.000	42.530	142.100	70.000	172.200	384.300	42.530		
42.540	132.160	36.960	77.280	246.400	42.540	140.000	72.100	175.000	387.100	42.540		
42.550	129.920	36.960	79.520	246.400	42.550	140.000	70.000	175.000	385.000	42.550		
42.560	129.920	39.760	82.320	252.000	42.560	137.200	72.100	172.200	381.500	42.560		
42.570	129.360	36.960	84.480	250.800	42.570	134.400	72.100	172.200	378.700	42.570		
42.580	129.360	36.960	84.480	250.800	42.580	132.300	74.900	172.200	379.400	42.580		
42.590	132.000	36.960	84.480	253.440	42.590	129.930	74.550	171.820	376.300	42.590		
42.600	129.360	36.960	87.120	253.440	42.600	127.090	74.550	171.820	373.460	42.600		
42.610	132.000	36.960	87.120	256.080	42.610	122.120	74.550	171.820	368.490	42.610		
42.620	134.640	36.960	87.120	258.720	42.620	119.990	77.390	174.660	372.040	42.620		
42.630	137.280	36.960	87.120	261.360	42.630	114.310	74.550	174.660	363.520	42.630		
42.640	139.920	36.960	89.760	266.640	42.640	109.340	72.420	174.660	356.420	42.640		
42.650	139.920	36.960	89.760	266.640	42.650	104.370	72.420	177.500	354.290	42.650		
42.660	144.540	39.600	92.400	276.540	42.660	99.400	69.580	177.500	346.480	42.660		
42.670	149.820	42.240	94.380	286.440	42.670	94.430	67.450	174.660	336.540	42.670		
42.680	154.440	44.880	97.020	296.340	42.680	89.460	64.610	177.500	331.570	42.680		
42.690	159.720	49.500	99.660	308.880	42.690	84.490	62.480	174.660	321.630	42.690		
42.700	165.000	52.140	99.660	316.800	42.700	79.520	56.800	174.660	310.980	42.700		
42.710	165.000	54.780	99.660	319.440	42.710	77.390	54.670	171.820	303.880	42.710		
42.720	172.380	59.280	99.840	331.500	42.720	74.550	51.830	166.850	293.230	42.720		
42.730	177.060	62.400	99.840	339.300	42.730	72.420	49.700	161.880	284.000	42.730		
42.740	181.740	67.080	102.180	351.000	42.740	74.400	47.120	155.000	276.520	42.740		
42.750	184.860	69.420	99.840	354.120	42.750	74.400	44.640	151.900	270.940	42.750		
42.760	187.200	71.760	99.840	358.800	42.760	77.500	47.120	151.900	276.520	42.760		
42.770	189.540	74.880	99.840	364.260	42.770	77.500	44.640	149.420	271.560	42.770		
42.780	191.880	77.220	99.840	368.940	42.780	74.400	44.640	149.420	268.460	42.780		
42.790	191.880	77.220	102.180	371.280	42.790	74.400	44.640	146.940	265.980	42.790		
42.800	191.880	79.560	104.520	375.960	42.800	71.920	44.640	144.460	261.020	42.800		
42.810	191.880	81.900	104.520	378.300	42.810	71.920	42.160	141.980	256.060	42.810		
42.820	191.880	81.900	106.860	380.640	42.820	66.960	42.160	139.500	248.620	42.820		
42.830	189.540	81.900	112.320	383.760	42.830	62.000	42.160	137.020	241.180	42.830		
42.840	191.880	84.240	117.000	393.120	42.840	57.040	39.680	132.060	228.780	42.840		
42.850	191.880	87.360	122.460	401.700	42.850	52.080	37.200	127.100	216.380	42.850		
42.860	195.000	89.700	129.480	414.180	42.860	44.640	37.200	122.140	203.980	42.860		
42.870	194.020	91.560	139.520	425.100	42.870	39.680	34.720	114.700	189.100	42.870		
42.880	191.840	91.560	147.150	430.550	42.880	32.240	34.720	107.260	174.220	42.880		
42.890	191.840	91.560	156.960	440.360	42.890	24.700	32.300	95.000	152.000	42.890		
42.900	191.840	91.560	166.770	450.170	42.900	19.760	29.640	82.460	131.860	42.900		
42.910	194.020	97.010	179.850	470.880	42.910	14.820	27.360	72.200	114.380	42.910		
42.920	191.840	97.010	191.840	480.690	42.920	12.160	24.700	59.660	96.520	42.920		
42.930	191.840	99.190	204.920	495.950	42.930	7.220	22.420	44.840	74.480	42.930		
42.940	191.840	102.460	216.910	511.210	42.940	4.940	17.480	34.960	57.380	42.940		
42.950	191.840	104.640	224.540	521.020	42.950	2.280	17.480	27.360	47.120	42.950		
42.960	191.840	109.000	236.530	537.370	42.960	2.280	14.820	14.820	31.920	42.960		
42.970	189.660	109.000	244.160	542.820	42.970	2.280	12.160	7.220	21.660	42.970		
42.980	189.660	114.450	251.790	555.900	42.980	0.000	9.880	0.000	9.880	42.980		
42.990	187.480	119.900	259.420	566.800	42.990	0.000	7.220	0.000	7.220	42.990		
43.000	182.030	122.080	264.870	568.980	43.000	0.000	4.940	0.000	4.940	43.000		
43.010	176.580	124.260	272.500	573.340	43.010	0.000	2.280	0.000	2.280	43.010		
43.020	172.360	126.480	276.520	575.360	43.020	0.000	2.280	0.000	2.280	43.020		
43.030	167.400	128.960	279.000	575.360	43.030	0.000	4.940	0.000	4.940	43.030		
43.040	164.920	131.440	283.960	580.320	43.040	0.000	2.500	0.000	2.500	43.040		
43.050	157.480	131.440	288.920	577.840	43.050	0.000	2.500	0.000	2.500	43.050		
43.060	155.000	131.440	291.400	577.840	43.060	0.000	2.500	0.000	2.500	43.060		
43.070	151.280	128.960	293.880	574.120	43.070	0.000	2.500	0.000	2.500	43.070		
43.080	146.320	131.440	296.360	574.120	43.080	0.000	2.500	0.000	2.500	43.080		
43.090	146.320	128.960	298.840	574.120	43.090	0.000	0.000	0.000	0.000	43.090		
43.100	146.320	126.480	301.320	574.120	43.100	0.000	0.000	0.000	0.000	43.100		
43.110	146.320	126.480	301.320	574.120	43.110	0.000	0.000	0.000	0.000	43.110		
43.120	146.320	124.000	303.800	574.120	43.120	0.000	2.500	0.000	2.500	43.120		
43.130	143.840	121.520	306.280	571.640	43.130	0.000	0.000	2.500	2.500	43.130		
43.140	141.360	116.560	310.000	567.920	43.140	0.000	2.500	0.000	2.500	43.140		
43.150	143.840	116.560	310.000	570.400	43.150	0.000	2.500	2.500	5.000	43.150		
43.160	143.840	116.560	310.000	570.400	43.160	0.000	0.000	2.500	2.500	43.160		
43.170	145.000	115.000	312.500	572.500	43.170	0.000	0.000	2.500	2.500	43.170		
43.180	145.000	115.000	312.500	572.500	43.180	0.000	0.000	0.000	0.000	43.180		
43.190	147.500	115.000	312.500	575.000	43.190	0.000	0.000	0.000	0.000	43.190		
43.200	150.000	115.000	312.500	577.500	43.200	0.000	0.000	2.400	2.400	43.200		
43.210	155.000	115.000	310.000	580.000	43.210	0.000	0.000	0.000	0.000	43.210		
43.220	160.000	112.500	307.500	580.000	43.220	0.000	0.000	2.400	2.400	43.220		
43.230	165.000	115.000	305.000	585.000	43.230	0.000	0.000	2.400	2.400	43.230		
43.240	167.500	112.500	302.500	582.500	43.240	0.000	0.000	2.400	2.400	43.240		
43.250	172.500	115.000	300.000	587.500	43.250	0.000	0.000	2.400	2.400	43.250		
43.260	180.000	112.500	297.500	590.000	43.260	0.000	0.000	4.950	4.950	43.260		
43.270	187.500	112.500	290.000	590.000	43.270	0.000	0.000	7.500	7.500	43.270		
43.280	192.500	115.000	282.500	590.000	43.280	0.000	0.000	9.900	9.900	43.280		
43.290	200.000	115.000	275.000	590.000	43.290	0.000	0.000	12.450	12.450	43.290		
43.300	210.000	112.500	265.000	587.500	43.300	2.400	0.000	15.000	17.400	43.300		
43.310	217.500	112.500	250.000	580.000	43.310	4.950	0.000	22.500	27.450	43.310		
43.320	225.000	107.000	235.000	567.000	43.320	12.450	0.000	30.000	42.450	43.320		
43.330	232.000	102.000	220.000	554.000	43.330	22.500	0.000	37.500	60.000	43.330		
43.340	235.000	97.000	200.000	532.000	43.340	41.480	2.440	48.800	92.720	43.340		
43.350	242.000	90.000	182.000	514.000	43.350	69.540	4.880	57.340	131.760	43.350		
43.360	245.000	80.000	157.000	482.000	43.360	93.940	4.880	62.220	161.040	43.360		
43.370	247.000	70.000	135.000	452.000	43.370	117.120	7.320	69.540	193.980	43.370		
43.380	250.000	57.000	110.000	417.000	43.380	134.200	12.200	76.860	223.260	43.380		
43.390	250.000	47.000	85.000	382.000	43.390	148.840	14.640	81.740	245.220	43.390		
43.400	247.000	35.000	60.000	342.000	43.400	164.700	19.520	84.180	268.400	43.400		
43.410	245.000	25.000	45.000	315.000	43.410	176.900	19.520	89.060	285.480	43.410		
43.420	237.000	17.000	35.000	289.000	43.420	191.540	24.400	93.940	309.880	43.420		
43.430	230.000	12.000	32.000	274.000	43.430	207.400	29.280	96.380	333.060	43.430		
43.440	217.000	10.000	25.000	252.000	43.440	224.480	34.160	102.480	361.120	43.440		
43.450	200.000	7.000	20.000	227.000	43.450	244.000	39.040	104.920	387.960	43.450		
43.460	180.000	2.000	15.000	197.000	43.460	267.180	46.360	104.920	418.460	43.460		
43.470	157.500	1.890	14.490	173.880	43.470	284.260	48.800	104.920	437.980	43.470		
43.480	137.340	1.890	9.450	148.680	43.480	305.000	57.340	107.360	469.700	43.480		
43.490	114.660	1.890	9.450	126.000	43.490	322.000	60.720	104.880	487.600	43.490		
43.500	94.500	0.000	6.930	101.430	43.500	338.560	69.920	104.880	513.360	43.500		
43.510	74.970	0.000	4.410	79.380	43.510	356.960	73.600	99.360	529.920	43.510		
43.520	57.330	1.890	4.410	63.630	43.520	373.520	80.960	95.680	550.160	43.520		
43.530	44.730	1.890	4.410	51.030	43.530	391.920	86.480	92.000	570.400	43.530		
43.540	32.130	0.000	4.410	36.540	43.540	408.480	93.840	88.320	590.640	43.540		
43.550	19.530	1.890	4.410	25.830	43.550	423.200	99.360	84.640	607.200	43.550		
43.560	9.450	1.890	4.410	15.750	43.560	436.080	101.200	79.120	616.400	43.560		
43.570	1.890	0.000	1.890	3.780	43.570	447.120	106.720	77.280	631.120	43.570		
43.580	1.890	1.890	1.890	5.670	43.580	450.800	112.240	73.600	636.640	43.580		
43.590	1.890	1.890	1.890	5.670	43.590	456.320	114.080	69.920	640.320	43.590		
43.600	0.000	1.890	1.890	3.780	43.600	460.000	119.600	69.920	649.520	43.600		
43.610	0.000	0.000	0.000	0.000	43.610	460.000	123.280	69.920	653.200	43.610		
43.620	0.000	0.000	2.500	2.500	43.620	456.320	126.960	66.240	649.520	43.620		
43.630	0.000	0.000	0.000	0.000	43.630	454.480	126.960	64.400	645.840	43.630		
43.640	0.000	2.500	2.500	5.000	43.640	450.000	126.000	61.200	637.200	43.640		
43.650	0.000	2.500	2.500	5.000	43.650	444.600	126.000	61.200	631.800	43.650		
43.660	0.000	0.000	2.500	2.500	43.660	441.000	126.000	61.200	628.200	43.660		
43.670	0.000	2.500	2.500	5.000	43.670	437.400	129.600	59.400	626.400	43.670		
43.680	0.000	2.500	0.000	2.500	43.680	432.000	129.600	59.400	621.000	43.680		
43.690	0.000	0.000	2.500	2.500	43.690	426.600	131.400	59.400	617.400	43.690		
43.700	0.000	0.000	0.000	0.000	43.700	424.800	131.400	61.200	617.400	43.700		
43.710	0.000	2.500	0.000	2.500	43.710	419.400	135.000	61.200	615.600	43.710		
43.720	0.000	0.000	0.000	0.000	43.720	415.800	135.000	59.400	610.200	43.720		
43.730	0.000	0.000	0.000	0.000	43.730	415.800	136.800	59.400	612.000	43.730		
43.740	0.000	0.000	0.000	0.000	43.740	414.000	138.600	55.800	608.400	43.740		
43.750	0.000	0.000	0.000	0.000	43.750	414.000	138.600	55.800	608.400	43.750		
43.760	0.000	0.000	0.000	0.000	43.760	414.000	142.200	55.800	612.000	43.760		
43.770	0.000	2.500	2.500	5.000	43.770	415.800	142.200	54.000	612.000	43.770		
43.780	0.000	2.500	2.500	5.000	43.780	415.800	142.200	52.200	610.200	43.780		
43.790	0.000	0.000	0.000	0.000	43.790	420.000	146.160	53.760	619.920	43.790		
43.800	0.000	0.000	0.000	0.000	43.800	416.640	149.520	52.080	618.240	43.800		
43.810	0.000	0.000	0.000	0.000	43.810	414.960	154.560	53.760	623.280	43.810		
43.820	0.000	0.000	0.000	0.000	43.820	409.920	156.240	53.760	619.920	43.820		
43.830	0.000	2.500	0.000	2.500	43.830	401.520	156.240	58.800	616.560	43.830		
43.840	0.000	0.000	0.000	0.000	43.840	396.480	159.600	58.800	614.880	43.840		
43.850	0.000	0.000	0.000	0.000	43.850	389.760	161.280	62.160	613.200	43.850		
43.860	0.000	2.500	0.000	2.500	43.860	381.360	161.280	63.840	606.480	43.860		
43.870	0.000	0.000	0.000	0.000	43.870	374.640	161.280	63.840	599.760	43.870		
43.880	0.000	2.500	0.000	2.500	43.880	364.560	159.600	62.160	586.320	43.880		
43.890	0.000	0.000	0.000	0.000	43.890	354.480	156.240	62.160	572.880	43.890		
43.900	2.500	2.500	0.000	5.000	43.900	346.080	154.560	58.800	559.440	43.900		
43.910	2.500	2.500	0.000	5.000	43.910	336.000	154.560	58.800	549.360	43.910		
43.920	4.900	2.100	0.000	7.000	43.920	329.280	149.520	53.760	532.560	43.920		
43.930	7.000	2.100	0.000	9.100	43.930	324.240	149.520	52.080	525.840	43.930		
43.940	11.900	7.000	0.000	18.900	43.940	322.500	144.480	49.020	516.000	43.940		
43.950	22.400	7.000	0.000	29.400	43.950	322.500	141.900	43.860	508.260	43.950		
43.960	35.000	9.800	0.000	44.800	43.960	319.920	139.320	41.280	500.520	43.960		
43.970	52.500	11.900	2.100	66.500	43.970	317.340	134.160	39.990	491.490	43.970		
43.980	67.200	17.500	2.100	86.800	43.980	312.180	129.000	39.990	481.170	43.980		
43.990	84.700	22.400	2.100	109.200	43.990	307.020	123.840	37.410	468.270	43.990		
44.000	99.400	27.300	2.100	128.800	44.000	299.280	119.970	34.830	454.080	44.000		
44.010	114.800	32.200	4.900	151.900	44.010	291.540	112.230	29.670	433.440	44.010		
44.020	129.500	39.900	4.900	174.300	44.020	283.800	104.490	27.090	415.380	44.020		
44.030	144.900	52.500	9.800	207.200	44.030	277.350	99.330	21.930	398.610	44.030		
44.040	157.500	70.000	19.600	247.100	44.040	269.610	91.590	21.930	383.130	44.040		
44.050	167.300	89.600	42.000	298.900	44.050	256.710	83.850	19.350	359.910	44.050		
44.060	175.000	105.000	74.900	354.900	44.060	243.810	77.400	14.190	335.400	44.060		
44.070	182.000	114.400	104.000	400.400	44.070	227.040	67.080	9.030	303.150	44.070		
44.080	184.080	116.480	124.800	425.360	44.080	203.820	54.180	3.870	261.870	44.080		
44.090	187.200	119.600	137.280	444.080	44.090	177.500	41.890	0.000	219.390	44.090		
44.100	189.280	119.600	149.760	458.640	44.100	154.780	34.790	0.000	189.570	44.100		
44.110	189.280	119.600	159.120	468.000	44.110	137.030	26.980	0.000	164.010	44.110		
44.120	189.280	116.480	167.440	473.200	44.120	117.150	19.880	0.000	137.030	44.120		
44.130	187.200	116.480	176.800	480.480	44.130	99.400	17.040	0.000	116.440	44.130		
44.140	184.080	116.480	189.280	489.840	44.140	77.390	12.070	0.000	89.460	44.140		
44.150	182.000	114.400	201.760	498.160	44.150	56.800	9.940	0.000	66.740	44.150		
44.160	176.800	114.400	217.360	508.560	44.160	39.760	9.940	0.000	49.700	44.160		
44.170	174.720	112.320	229.840	516.880	44.170	24.850	7.100	0.000	31.950	44.170		
44.180	174.720	112.320	239.200	526.240	44.180	12.070	2.130	0.000	14.200	44.180		
44.190	174.720	109.200	246.480	530.400	44.190	2.130	0.000	0.000	2.130	44.190		
44.200	174.720	109.200	254.800	538.720	44.200	0.000	0.000	0.000	0.000	44.200		
44.210	176.800	109.200	260.000	546.000	44.210	0.000	0.000	0.000	0.000	44.210		
44.220	179.080	108.900	264.990	552.970	44.220	0.000	0.000	0.000	0.000	44.220		
44.230	179.080	111.320	264.990	555.390	44.230	0.000	0.000	0.000	0.000	44.230		
44.240	181.500	114.950	267.410	563.860	44.240	0.000	0.000	0.000	0.000	44.240		
44.250	179.080	114.950	272.250	566.280	44.250	0.000	0.000	0.000	0.000	44.250		
44.260	179.080	117.370	277.090	573.540	44.260	0.000	0.000	0.000	0.000	44.260		
44.270	176.660	117.370	284.350	578.380	44.270	0.000	0.000	0.000	0.000	44.270		
44.280	174.240	117.370	289.190	580.800	44.280	0.000	0.000	0.000	0.000	44.280		
44.290	174.240	119.790	294.030	588.060	44.290	0.000	0.000	0.000	0.000	44.290		
44.300	171.820	122.210	296.450	590.480	44.300	0.000	0.000	0.000	0.000	44.300		
44.310	166.980	124.630	298.870	590.480	44.310	0.000	0.000	0.000	0.000	44.310		
44.320	166.980	124.630	298.870	590.480	44.320	0.000	0.000	0.000	0.000	44.320		
44.330	164.560	124.630	298.870	588.060	44.330	0.000	0.000	0.000	0.000	44.330		
44.340	164.560	127.050	298.870	590.480	44.340	0.000	0.000	0.000	0.000	44.340		
44.350	159.720	127.050	298.870	585.640	44.350	0.000	0.000	0.000	0.000	44.350		
44.360	157.300	129.470	302.500	589.270	44.360	0.000	0.000	0.000	0.000	44.360		
44.370	155.000	128.960	303.800	587.760	44.370	0.000	0.000	0.000	0.000	44.370		
44.380	151.280	128.960	306.280	586.520	44.380	0.000	0.000	0.000	0.000	44.380		
44.390	148.800	128.960	306.280	584.040	44.390	0.000	0.000	0.000	0.000	44.390		
44.400	146.320	128.960	306.280	581.560	44.400	0.000	0.000	0.000	0.000	44.400		
44.410	143.840	126.480	306.280	576.600	44.410	0.000	0.000	0.000	0.000	44.410		
44.420	141.360	124.000	306.280	571.640	44.420	0.000	0.000	0.000	0.000	44.420		
44.430	136.400	124.000	310.000	570.400	44.430	0.000	0.000	0.000	0.000	44.430		
44.440	133.920	124.000	310.000	567.920	44.440	0.000	0.000	0.000	0.000	44.440		
44.450	128.960	124.000	306.280	559.240	44.450	0.000	0.000	7.480	7.480	44.450		
44.460	128.960	121.520	306.280	556.760	44.460	0.000	0.000	12.320	12.320	44.460		
44.470	128.960	121.520	298.840	549.320	44.470	0.000	0.000	17.380	17.380	44.470		
44.480	131.440	121.520	288.920	541.880	44.480	0.000	0.000	22.440	22.440	44.480		
44.490	136.400	121.520	281.480	539.400	44.490	0.000	2.420	27.500	29.920	44.490		
44.500	136.400	119.040	271.560	527.000	44.500	0.000	4.840	37.400	42.240	44.500		
44.510	138.880	116.560	261.640	517.080	44.510	2.420	7.480	44.880	54.780	44.510		
44.520	142.000	115.000	250.000	507.000	44.520	4.840	9.900	49.940	64.680	44.520		
44.530	145.000	107.000	237.000	489.000	44.530	7.480	14.960	55.000	77.440	44.530		
44.540	147.000	102.000	227.000	476.000	44.540	17.280	21.600	61.560	100.440	44.540		
44.550	147.000	97.000	215.000	459.000	44.550	36.720	29.160	69.120	135.000	44.550		
44.560	147.000	92.000	202.000	441.000	44.560	59.400	39.960	76.680	176.040	44.560		
44.570	145.000	85.000	190.000	420.000	44.570	79.920	44.280	84.240	208.440	44.570		
44.580	145.000	80.000	172.000	397.000	44.580	89.640	49.680	91.800	231.120	44.580		
44.590	145.000	72.000	155.000	372.000	44.590	99.360	51.840	99.360	250.560	44.590		
44.600	145.000	65.000	137.000	347.000	44.600	106.920	51.840	106.920	265.680	44.600		
44.610	145.000	57.000	117.000	319.000	44.610	122.040	54.000	112.320	288.360	44.610		
44.620	142.000	50.000	97.000	289.000	44.620	135.000	59.400	119.880	314.280	44.620		
44.630	140.000	45.000	77.000	262.000	44.630	154.440	61.560	124.200	340.200	44.630		
44.640	135.000	37.000	60.000	232.000	44.640	174.960	64.800	131.760	371.520	44.640		
44.650	127.000	32.000	47.000	206.000	44.650	196.560	69.120	139.320	405.000	44.650		
44.660	117.000	27.000	37.000	181.000	44.660	224.640	76.680	141.480	442.800	44.660		
44.670	105.000	22.260	27.300	154.560	44.670	249.480	79.920	144.720	474.120	44.670		
44.680	87.360	19.740	19.740	126.840	44.680	270.000	84.240	146.880	501.120	44.680		
44.690	69.720	14.700	14.700	99.120	44.690	293.530	89.400	144.530	527.460	44.690		
44.700	54.600	12.180	9.660	76.440	44.700	311.410	93.870	146.020	551.300	44.700		
44.710	39.900	9.660	7.140	56.700	44.710	326.310	96.850	146.020	569.180	44.710		
44.720	29.820	7.140	4.620	41.580	44.720	339.720	101.320	146.020	587.060	44.720		
44.730	19.740	7.140	4.620	31.500	44.730	348.660	104.300	146.020	598.980	44.730		
44.740	9.660	7.140	2.100	18.900	44.740	356.110	104.300	146.020	606.430	44.740		
44.750	0.000	4.620	2.100	6.720	44.750	362.070	104.300	146.020	612.390	44.750		
44.760	0.000	4.620	0.000	4.620	44.760	366.540	107.280	149.000	622.820	44.760		
44.770	0.000	4.620	0.000	4.620	44.770	369.520	107.280	149.000	625.800	44.770		
44.780	0.000	4.620	0.000	4.620	44.780	372.500	108.770	149.000	630.270	44.780		
44.790	0.000	4.620	0.000	4.620	44.790	369.520	107.280	149.000	625.800	44.790		
44.800	0.000	4.620	0.000	4.620	44.800	363.560	108.770	151.980	624.310	44.800		
44.810	0.000	7.140	7.140	14.280	44.810	359.090	108.770	154.960	622.820	44.810		
44.820	0.000	9.720	9.720	19.440	44.820	351.640	108.770	156.450	616.860	44.820		
44.830	7.200	12.240	12.240	31.680	44.830	341.210	108.770	156.450	606.430	44.830		
44.840	9.720	12.240	9.720	31.680	44.840	332.500	109.060	156.940	598.500	44.840		
44.850	17.280	12.240	9.720	39.240	44.850	321.860	109.060	154.280	585.200	44.850		
44.860	22.320	14.760	7.200	44.280	44.860	313.880	109.060	156.940	579.880	44.860		
44.870	32.400	17.280	7.200	56.880	44.870	307.230	103.740	151.620	562.590	44.870		
44.880	39.960	17.280	7.200	64.440	44.880	296.590	102.410	154.280	553.280	44.880		
44.890	47.160	19.800	9.720	76.680	44.890	287.280	99.750	148.960	535.990	44.890		
44.900	52.200	22.320	9.720	84.240	44.900	276.640	97.090	148.960	522.690	44.900		
44.910	59.760	24.840	12.240	96.840	44.910	267.330	91.770	144.970	504.070	44.910		
44.920	64.800	27.360	14.760	106.920	44.920	259.350	89.110	144.970	493.430	44.920		
44.930	72.360	32.400	17.280	122.040	44.930	251.370	83.790	139.650	474.810	44.930		
44.940	79.920	34.920	19.800	134.640	44.940	244.720	82.460	139.650	466.830	44.940		
44.950	84.960	37.440	22.320	144.720	44.950	236.740	79.800	136.990	453.530	44.950		
44.960	90.000	39.960	27.360	157.320	44.960	227.430	77.140	136.990	441.560	44.960		
44.970	92.400	39.900	29.820	162.120	44.970	222.110	74.480	136.990	433.580	44.970		
44.980	94.920	42.420	34.860	172.200	44.980	214.130	77.140	139.650	430.920	44.980		
44.990	97.440	42.420	37.380	177.240	44.990	207.500	77.190	141.930	426.620	44.990		
45.000	99.960	42.420	39.900	182.280	45.000	201.690	77.190	144.420	423.300	45.000		
45.010	102.480	42.420	39.900	184.800	45.010	196.710	77.190	144.420	418.320	45.010		
45.020	102.480	39.900	42.420	184.800	45.020	191.730	77.190	144.420	413.340	45.020		
45.030	105.000	39.900	44.940	189.840	45.030	189.240	77.190	144.420	410.850	45.030		
45.040	102.480	37.380	47.460	187.320	45.040	186.750	77.190	146.910	410.850	45.040		
45.050	102.480	39.900	49.980	192.360	45.050	186.750	79.680	146.910	413.340	45.050		
45.060	102.480	37.380	49.980	189.840	45.060	184.260	79.680	146.910	410.850	45.060		
45.070	99.960	34.860	52.500	187.320	45.070	184.260	79.680	146.910	410.850	45.070		
45.080	99.960	37.380	54.600	191.940	45.080	184.260	79.680	146.910	410.850	45.080		
45.090	102.480	37.380	57.120	196.980	45.090	186.750	79.680	144.420	410.850	45.090		
45.100	99.960	34.860	57.120	191.940	45.100	186.750	79.680	146.910	413.340	45.100		
45.110	97.440	34.860	57.120	189.420	45.110	186.750	79.680	146.910	413.340	45.110		
45.120	97.500	34.710	59.670	191.880	45.120	189.240	82.170	146.910	418.320	45.120		
45.130	94.770	32.370	62.400	189.540	45.130	191.730	82.170	144.420	418.320	45.130		
45.140	92.430	32.370	62.400	187.200	45.140	192.000	82.400	144.800	419.200	45.140		
45.150	89.700	29.640	64.740	184.080	45.150	194.400	82.400	144.800	421.600	45.150		
45.160	89.700	29.640	67.470	186.810	45.160	194.400	82.400	144.800	421.600	45.160		
45.170	87.360	29.640	67.470	184.470	45.170	196.800	82.400	144.800	424.000	45.170		
45.180	87.360	29.640	67.470	184.470	45.180	196.800	82.400	144.800	424.000	45.180		
45.190	87.360	29.640	67.470	184.470	45.190	200.000	82.400	144.800	427.200	45.190		
45.200	87.360	27.300	67.470	182.130	45.200	200.000	82.400	144.800	427.200	45.200		
45.210	87.360	29.640	67.470	184.470	45.210	200.000	82.400	144.800	427.200	45.210		
45.220	87.360	29.640	67.470	184.470	45.220	196.800	82.400	147.200	426.400	45.220		
45.230	89.700	29.640	67.470	186.810	45.230	194.400	80.000	147.200	421.600	45.230		
45.240	87.360	29.640	67.470	184.470	45.240	194.400	80.000	149.600	424.000	45.240		
45.250	87.360	29.640	67.470	184.470	45.250	194.400	80.000	149.600	424.000	45.250		
45.260	87.360	29.640	67.470	184.470	45.260	192.000	80.000	152.000	424.000	45.260		
45.270	90.000	32.400	67.320	189.720	45.270	189.600	76.800	149.600	416.000	45.270		
45.280	90.000	29.880	69.840	189.720	45.280	192.000	80.000	149.600	421.600	45.280		
45.290	90.000	32.400	69.840	192.240	45.290	189.540	79.380	149.850	418.770	45.290		
45.300	90.000	32.400	72.360	194.760	45.300	189.540	76.950	149.850	416.340	45.300		
45.310	90.000	32.400	72.360	194.760	45.310	189.540	76.950	147.420	413.910	45.310		
45.320	87.480	34.920	72.360	194.760	45.320	191.970	76.950	147.420	416.340	45.320		
45.330	87.480	34.920	72.360	194.760	45.330	191.970	76.950	147.420	416.340	45.330		
45.340	87.480	34.920	74.880	197.280	45.340	191.970	74.520	147.420	413.910	45.340		
45.350	87.480	37.440	74.880	199.800	45.350	191.970	74.520	147.420	413.910	45.350		
45.360	87.480	37.440	74.880	199.800	45.360	191.970	74.520	147.420	413.910	45.360		
45.370	87.480	37.440	72.360	197.280	45.370	194.400	74.520	149.850	418.770	45.370		
45.380	90.000	37.440	72.360	199.800	45.380	196.830	72.090	147.420	416.340	45.380		
45.390	90.000	34.920	69.840	194.760	45.390	199.260	74.520	149.850	423.630	45.390		
45.400	90.000	34.920	69.840	194.760	45.400	199.260	74.520	149.850	423.630	45.400		
45.410	90.000	34.920	69.840	194.760	45.410	202.500	76.950	149.850	429.300	45.410		
45.420	87.480	34.920	69.840	192.240	45.420	202.500	76.950	149.850	429.300	45.420		
45.430	84.960	32.400	69.840	187.200	45.430	202.500	76.950	149.850	429.300	45.430		
45.440	87.480	34.920	69.840	192.240	45.440	204.450	79.170	149.640	433.260	45.440		
45.450	87.480	32.400	67.320	187.200	45.450	204.450	79.170	147.030	430.650	45.450		
45.460	87.480	32.400	67.320	187.200	45.460	204.450	79.170	147.030	430.650	45.460		
45.470	87.480	32.400	64.800	184.680	45.470	207.060	79.170	147.030	433.260	45.470		
45.480	87.480	32.400	64.800	184.680	45.480	207.060	79.170	144.420	430.650	45.480		
45.490	87.480	32.400	64.800	184.680	45.490	207.060	79.170	144.420	430.650	45.490		
45.500	87.480	32.400	62.280	182.160	45.500	207.060	79.170	141.810	428.040	45.500		
45.510	90.000	32.400	59.760	182.160	45.510	209.670	79.170	141.810	430.650	45.510		
45.520	87.480	32.400	59.760	179.640	45.520	209.670	77.430	141.810	428.910	45.520		
45.530	87.480	29.880	59.760	177.120	45.530	209.670	77.430	139.200	426.300	45.530		
45.540	87.480	32.400	59.760	179.640	45.540	209.670	77.430	139.200	426.300	45.540		
45.550	87.480	29.880	59.760	177.120	45.550	212.280	77.430	137.460	427.170	45.550		
45.560	87.480	32.400	59.760	179.640	45.560	214.890	74.820	137.460	427.170	45.560		
45.570	87.500	29.750	59.850	177.100	45.570	217.500	77.430	139.200	434.130	45.570		
45.580	84.700	29.750	59.850	174.300	45.580	217.500	79.170	139.200	435.870	45.580		
45.590	84.700	29.750	59.850	174.300	45.590	214.700	79.800	136.800	431.300	45.590		
45.600	84.700	27.300	59.850	171.850	45.600	216.600	84.550	139.650	440.800	45.600		
45.610	84.700	27.300	59.850	171.850	45.610	216.600	87.400	136.800	440.800	45.610		
45.620	82.250	27.300	62.300	171.850	45.620	219.450	89.300	136.800	445.550	45.620		
45.630	79.800	27.300	62.300	169.400	45.630	219.450	89.300	134.900	443.650	45.630		
45.640	77.350	27.300	64.750	169.400	45.640	222.300	92.150	132.050	446.500	45.640		
45.650	77.350	27.300	64.750	169.400	45.650	224.200	92.150	129.200	445.550	45.650		
45.660	74.900	27.300	67.200	169.400	45.660	227.050	92.150	127.300	446.500	45.660		
45.670	72.450	27.300	67.200	166.950	45.670	229.900	95.000	121.600	446.500	45.670		
45.680	74.900	27.300	70.000	172.200	45.680	231.800	95.000	119.700	446.500	45.680		
45.690	74.900	29.750	70.000	174.650	45.690	234.650	92.150	116.850	443.650	45.690		
45.700	74.900	29.750	70.000	174.650	45.700	234.650	89.300	112.100	436.050	45.700		
45.710	77.350	32.200	70.000	179.550	45.710	237.500	87.400	112.100	437.000	45.710		
45.720	80.000	34.560	72.320	186.880	45.720	237.500	81.700	107.350	426.550	45.720		
45.730	84.480	39.680	72.320	196.480	45.730	234.650	74.100	104.500	413.250	45.730		
45.740	87.040	42.240	74.880	204.160	45.740	232.500	66.960	104.160	403.620	45.740		
45.750	92.160	47.360	77.440	216.960	45.750	232.500	62.310	99.510	394.320	45.750		
45.760	97.280	49.920	77.440	224.640	45.760	226.920	54.870	102.300	384.090	45.760		
45.770	102.400	54.400	80.000	236.800	45.770	224.130	49.290	96.720	370.140	45.770		
45.780	106.880	56.960	80.000	243.840	45.780	219.480	44.640	96.720	360.840	45.780		
45.790	114.560	56.960	77.440	248.960	45.790	216.690	37.200	96.720	350.610	45.790		
45.800	119.680	59.520	77.440	256.640	45.800	212.040	37.200	96.720	345.960	45.800		
45.810	127.360	62.080	72.320	261.760	45.810	209.250	31.620	96.720	337.590	45.810		
45.820	134.400	62.080	69.760	266.240	45.820	204.600	29.760	99.510	333.870	45.820		
45.830	139.520	62.080	62.080	263.680	45.830	201.810	26.970	104.160	332.940	45.830		
45.840	147.200	59.520	52.480	259.200	45.840	201.810	26.970	109.740	338.520	45.840		
45.850	154.880	59.520	44.800	259.200	45.850	199.950	26.970	114.390	341.310	45.850		
45.860	160.000	54.400	34.560	248.960	45.860	201.810	26.970	121.830	350.610	45.860		
45.870	164.500	49.700	24.500	238.700	45.870	204.600	26.970	129.270	360.840	45.870		
45.880	172.200	42.000	14.700	228.900	45.880	209.250	26.970	139.500	375.720	45.880		
45.890	175.000	37.100	9.800	221.900	45.890	216.050	29.800	149.000	394.850	45.890		
45.900	175.000	29.400	4.900	209.300	45.900	226.480	29.800	162.410	418.690	45.900		
45.910	172.200	24.500	2.100	198.800	45.910	233.930	31.290	171.350	436.570	45.910		
45.920	162.400	19.600	0.000	182.000	45.920	247.340	34.270	184.760	466.370	45.920		
45.930	144.900	17.500	0.000	162.400	45.930	259.260	38.740	193.700	491.700	45.930		
45.940	122.500	11.900	0.000	134.400	45.940	274.160	41.720	201.150	517.030	45.940		
45.950	94.500	9.800	0.000	104.300	45.950	286.080	44.700	211.580	542.360	45.950		
45.960	62.300	7.000	0.000	69.300	45.960	299.490	49.170	219.030	567.690	45.960		
45.970	35.000	7.000	0.000	42.000	45.970	314.390	52.150	229.460	596.000	45.970		
45.980	11.900	4.900	0.000	16.800	45.980	329.290	56.620	236.910	622.820	45.980		
45.990	0.000	2.100	0.000	2.100	45.990	341.210	61.090	241.380	643.680	45.990		
46.000	0.000	2.100	0.000	2.100	46.000	354.620	64.070	248.830	667.520	46.000		
46.010	0.000	4.900	0.000	4.900	46.010	363.560	71.520	251.810	686.890	46.010		
46.020	0.000	5.000	0.000	5.000	46.020	369.520	74.500	254.790	698.810	46.020		
46.030	0.000	5.000	0.000	5.000	46.030	372.500	77.480	256.280	706.260	46.030		
46.040	0.000	5.000	0.000	5.000	46.040	377.500	81.540	252.170	711.210	46.040		
46.050	0.000	2.500	0.000	2.500	46.050	374.480	81.540	252.170	708.190	46.050		
46.060	0.000	5.000	0.000	5.000	46.060	374.480	81.540	249.150	705.170	46.060		
46.070	0.000	2.500	0.000	2.500	46.070	371.460	78.520	244.620	694.600	46.070		
46.080	0.000	2.500	0.000	2.500	46.080	366.930	81.540	244.620	693.090	46.080		
46.090	0.000	5.000	0.000	5.000	46.090	362.400	78.520	241.600	682.520	46.090		
46.100	0.000	2.500	0.000	2.500	46.100	351.830	81.540	238.580	671.950	46.100		
46.110	0.000	2.500	0.000	2.500	46.110	341.260	81.540	237.070	659.870	46.110		
46.120	0.000	2.500	0.000	2.500	46.120	332.200	78.520	234.050	644.770	46.120		
46.130	0.000	2.500	0.000	2.500	46.130	324.650	77.010	237.070	638.730	46.130		
46.140	0.000	2.500	0.000	2.500	46.140	311.060	78.520	237.070	626.650	46.140		
46.150	0.000	2.500	0.000	2.500	46.150	303.510	73.990	237.070	614.570	46.150		
46.160	0.000	2.500	0.000	2.500	46.160	291.430	73.990	237.070	602.490	46.160		
46.170	0.000	2.500	0.000	2.500	46.170	286.900	72.480	237.070	596.450	46.170		
46.180	0.000	0.000	0.000	0.000	46.180	279.350	66.440	237.070	582.860	46.180		
46.190	0.000	2.500	0.000	2.500	46.190	274.800	67.200	234.000	576.000	46.190		
46.200	0.000	0.000	0.000	0.000	46.200	274.800	67.200	236.400	578.400	46.200		
46.210	0.000	2.500	2.500	5.000	46.210	274.800	67.200	236.400	578.400	46.210		
46.220	0.000	2.500	2.500	5.000	46.220	274.800	67.200	231.600	573.600	46.220		
46.230	0.000	2.500	2.500	5.000	46.230	274.800	69.600	231.600	576.000	46.230		
46.240	0.000	2.500	2.500	5.000	46.240	274.800	69.600	231.600	576.000	46.240		
46.250	0.000	2.500	2.500	5.000	46.250	274.800	69.600	226.800	571.200	46.250		
46.260	0.000	2.500	2.500	5.000	46.260	277.200	72.000	222.000	571.200	46.260		
46.270	0.000	2.500	2.500	5.000	46.270	279.600	74.400	222.000	576.000	46.270		
46.280	0.000	2.500	2.500	5.000	46.280	282.000	76.800	219.600	578.400	46.280		
46.290	0.000	2.500	2.500	5.000	46.290	286.800	76.800	217.200	580.800	46.290		
46.300	0.000	2.500	2.500	5.000	46.300	291.600	79.200	214.800	585.600	46.300		
46.310	0.000	2.500	2.500	5.000	46.310	294.000	81.600	219.600	595.200	46.310		
46.320	0.000	2.500	5.000	7.500	46.320	296.400	84.000	219.600	600.000	46.320		
46.330	0.000	2.500	2.500	5.000	46.330	300.000	84.000	219.600	603.600	46.330		
46.340	0.000	0.000	2.500	2.500	46.340	301.340	86.620	219.600	607.560	46.340		
46.350	0.000	2.500	2.500	5.000	46.350	301.340	89.060	224.480	614.880	46.350		
46.360	0.000	2.500	5.000	7.500	46.360	305.000	91.500	226.920	623.420	46.360		
46.370	0.000	2.500	2.500	5.000	46.370	301.340	91.500	231.800	624.640	46.370		
46.380	0.000	2.500	5.000	7.500	46.380	301.340	89.060	234.240	624.640	46.380		
46.390	0.000	2.500	5.000	7.500	46.390	301.340	91.500	239.120	631.960	46.390		
46.400	0.000	2.500	5.000	7.500	46.400	301.340	89.060	241.560	631.960	46.400		
46.410	0.000	2.500	5.000	7.500	46.410	305.000	89.060	246.440	640.500	46.410		
46.420	0.000	2.500	2.500	5.000	46.420	305.000	89.060	251.320	645.380	46.420		
46.430	0.000	2.500	2.500	5.000	46.430	305.000	89.060	251.320	645.380	46.430		
46.440	0.000	2.500	5.000	7.500	46.440	301.340	89.060	257.420	647.820	46.440		
46.450	0.000	2.500	2.500	5.000	46.450	298.900	89.060	259.860	647.820	46.450		
46.460	0.000	2.500	2.500	5.000	46.460	294.020	89.060	262.300	645.380	46.460		
46.470	0.000	2.120	2.120	4.240	46.470	291.580	91.500	259.860	642.940	46.470		
46.480	0.000	2.120	0.000	2.120	46.480	289.140	93.940	262.300	645.380	46.480		
46.490	0.000	2.120	0.000	2.120	46.490	285.000	94.620	259.920	639.540	46.490		
46.500	0.000	9.540	241.680	251.220	46.500	279.300	96.900	256.500	632.700	46.500		
46.510	29.680	26.500	265.000	321.180	46.510	277.020	96.900	254.220	628.140	46.510		
46.520	11.660	11.660	221.540	244.860	46.520	254.220	92.340	243.960	590.520	46.520		
46.530	14.840	9.540	177.020	201.400	46.530	229.140	82.080	234.840	546.060	46.530		
46.540	26.500	11.660	167.480	205.640	46.540	212.040	76.380	229.140	517.560	46.540		
46.550	34.980	11.660	147.340	193.980	46.550	199.500	71.820	216.600	487.920	46.550		
46.560	37.100	11.660	127.200	175.960	46.560	184.680	67.260	204.060	456.000	46.560		
46.570	42.400	11.660	116.600	170.660	46.570	172.140	64.980	194.940	432.060	46.570		
46.580	46.640	14.840	116.600	178.080	46.580	159.600	59.280	184.680	403.560	46.580		
46.590	49.820	16.960	116.600	183.380	46.590	149.340	59.280	174.420	383.040	46.590		
46.600	49.820	16.960	116.600	183.380	46.600	144.780	57.000	164.160	365.940	46.600		
46.610	46.640	19.080	124.020	189.740	46.610	142.500	57.000	159.600	359.100	46.610		
46.620	46.920	19.320	129.720	195.960	46.620	142.500	54.720	151.620	348.840	46.620		
46.630	46.920	19.320	134.550	200.790	46.630	147.060	52.440	144.780	344.280	46.630		
46.640	46.920	19.320	142.140	208.380	46.640	154.980	52.480	136.940	344.400	46.640		
46.650	49.680	19.320	146.970	215.970	46.650	164.820	52.480	127.100	344.400	46.650		
46.660	49.680	19.320	152.490	221.490	46.660	172.200	52.480	122.180	346.860	46.660		
46.670	49.680	19.320	157.320	226.320	46.670	182.040	49.200	119.720	350.960	46.670		
46.680	49.680	22.080	162.150	233.910	46.680	189.420	49.200	114.800	353.420	46.680		
46.690	49.680	22.080	164.910	236.670	46.690	196.800	49.200	112.340	358.340	46.690		
46.700	49.680	24.840	166.980	241.500	46.700	201.720	49.200	107.420	358.340	46.700		
46.710	52.440	26.910	169.740	249.090	46.710	205.000	49.200	104.960	359.160	46.710		
46.720	52.440	26.910	172.500	251.850	46.720	205.000	49.200	104.960	359.160	46.720		
46.730	54.510	26.910	172.500	253.920	46.730	205.000	49.200	102.500	356.700	46.730		
46.740	57.270	26.910	169.740	253.920	46.740	201.720	49.200	102.500	353.420	46.740		
46.750	59.340	26.910	169.740	255.990	46.750	199.260	49.200	102.500	350.960	46.750		
46.760	59.340	24.840	164.910	249.090	46.760	199.260	52.480	104.960	356.700	46.760		
46.770	59.800	24.700	162.500	247.000	46.770	196.800	52.480	104.960	354.240	46.770		
46.780	62.400	22.100	159.900	244.400	46.780	196.800	52.480	107.420	356.700	46.780		
46.790	59.800	22.100	154.700	236.600	46.790	196.880	57.040	109.480	363.400	46.790		
46.800	59.800	22.100	152.100	234.000	46.800	196.880	57.040	109.480	363.400	46.800		
46.810	57.200	19.500	146.900	223.600	46.810	199.640	59.800	109.480	368.920	46.810		
46.820	57.200	22.100	144.950	224.250	46.820	202.400	61.640	112.240	376.280	46.820		
46.830	54.600	19.500	139.750	213.850	46.830	204.240	64.400	109.480	378.120	46.830		
46.840	54.600	19.500	137.150	211.250	46.840	209.760	67.160	112.240	389.160	46.840		
46.850	54.600	19.500	131.950	206.050	46.850	211.600	69.920	112.240	393.760	46.850		
46.860	54.600	16.900	130.000	201.500	46.860	214.360	71.760	109.480	395.600	46.860		
46.870	52.000	19.500	130.000	201.500	46.870	217.120	71.760	109.480	398.360	46.870		
46.880	52.000	19.500	131.950	203.450	46.880	217.120	71.760	106.720	395.600	46.880		
46.890	52.000	19.500	131.950	203.450	46.890	219.880	71.760	104.880	396.520	46.890		
46.900	52.000	19.500	131.950	203.450	46.900	221.720	71.760	104.880	398.360	46.900		
46.910	52.000	19.500	131.950	203.450	46.910	224.480	71.760	102.120	398.360	46.910		
46.920	49.410	17.080	134.810	201.300	46.920	227.240	69.920	99.360	396.520	46.920		
46.930	49.410	17.080	134.810	201.300	46.930	230.000	69.920	94.760	394.680	46.930		
46.940	46.970	17.080	134.810	198.860	46.940	234.320	69.690	91.910	395.920	46.940		
46.950	46.970	17.080	134.810	198.860	46.950	237.350	66.660	89.890	393.900	46.950		
46.960	44.530	17.080	137.250	198.860	46.960	239.370	69.690	86.860	395.920	46.960		
46.970	44.530	17.080	137.250	198.860	46.970	239.370	66.660	84.840	390.870	46.970		
46.980	44.530	17.080	139.690	201.300	46.980	242.400	66.660	81.810	390.870	46.980		
46.990	42.090	17.080	139.690	198.860	46.990	247.450	66.660	79.790	393.900	46.990		
47.000	42.090	17.080	139.690	198.860	47.000	249.470	64.640	76.760	390.870	47.000		
47.010	42.090	17.080	142.130	201.300	47.010	249.470	64.640	74.740	388.850	47.010		
47.020	42.090	17.080	144.570	203.740	47.020	252.500	64.640	74.740	391.880	47.020		
47.030	42.090	17.080	144.570	203.740	47.030	252.500	66.660	74.740	393.900	47.030		
47.040	42.090	17.080	147.010	206.180	47.040	249.470	64.640	71.710	385.820	47.040		
47.050	42.090	17.080	149.450	208.620	47.050	247.450	64.640	74.740	386.830	47.050		
47.060	42.090	17.080	152.500	211.670	47.060	244.420	64.640	76.760	385.820	47.060		
47.070	42.120	17.160	152.100	211.380	47.070	244.420	61.610	76.760	382.790	47.070		
47.080	42.120	17.160	154.440	213.720	47.080	242.400	64.640	79.790	386.830	47.080		
47.090	39.780	17.160	156.780	213.720	47.090	237.500	64.600	76.950	379.050	47.090		
47.100	39.780	17.160	159.900	216.840	47.100	234.650	64.600	79.800	379.050	47.100		
47.110	39.780	17.160	162.240	219.180	47.110	231.800	61.750	79.800	373.350	47.110		
47.120	39.780	17.160	166.920	223.860	47.120	229.900	61.750	79.800	371.450	47.120		
47.130	37.440	17.160	169.260	223.860	47.130	227.050	61.750	81.700	370.500	47.130		
47.140	37.440	17.160	169.260	223.860	47.140	224.200	64.600	81.700	370.500	47.140		
47.150	37.440	14.820	174.720	226.980	47.150	216.600	64.600	79.800	361.000	47.150		
47.160	37.440	14.820	177.060	229.320	47.160	211.850	64.600	81.700	358.150	47.160		
47.170	37.440	14.820	179.400	231.660	47.170	204.250	64.600	84.550	353.400	47.170		
47.180	37.440	14.820	181.740	234.000	47.180	196.650	67.450	87.400	351.500	47.180		
47.190	37.440	14.820	187.200	239.460	47.190	187.150	67.450	92.150	346.750	47.190		
47.200	37.440	17.160	191.880	246.480	47.200	176.700	67.450	92.150	336.300	47.200		
47.210	37.440	17.160	195.000	249.600	47.210	164.350	67.450	95.000	326.800	47.210		
47.220	36.240	16.610	199.320	252.170	47.220	152.000	67.450	95.000	314.450	47.220		
47.230	39.260	19.630	206.870	265.760	47.230	134.900	67.450	96.900	299.250	47.230		
47.240	42.280	21.140	214.420	277.840	47.240	112.320	67.200	104.640	284.160	47.240		
47.250	42.280	24.160	224.990	291.430	47.250	87.360	67.200	109.920	264.480	47.250		
47.260	43.790	28.690	234.050	306.530	47.260	64.800	62.400	114.720	241.920	47.260		
47.270	46.810	31.710	246.130	324.650	47.270	42.240	60.000	117.120	219.360	47.270		
47.280	49.830	36.240	261.230	347.300	47.280	27.360	52.320	120.000	199.680	47.280		
47.290	49.830	42.280	276.330	368.440	47.290	14.880	47.040	120.000	181.920	47.290		
47.300	54.360	43.790	291.430	389.580	47.300	7.200	39.840	117.120	164.160	47.300		
47.310	54.360	49.830	306.530	410.720	47.310	0.000	32.160	109.920	142.080	47.310		
47.320	57.380	51.340	321.630	430.350	47.320	0.000	24.960	102.240	127.200	47.320		
47.330	58.890	54.360	336.730	449.980	47.330	0.000	19.680	94.560	114.240	47.330		
47.340	58.890	58.890	351.830	469.610	47.340	0.000	14.880	79.680	94.560	47.340		
47.350	58.890	61.910	366.930	487.730	47.350	0.000	12.480	64.800	77.280	47.350		
47.360	61.910	64.930	377.500	504.340	47.360	0.000	9.600	52.320	61.920	47.360		
47.370	63.570	66.830	389.570	519.970	47.370	0.000	4.800	34.560	39.360	47.370		
47.380	66.830	68.460	396.090	531.380	47.380	0.000	4.800	24.960	29.760	47.380		
47.390	68.460	71.720	400.980	541.160	47.390	0.000	2.500	12.500	15.000	47.390		
47.400	71.720	74.980	407.500	554.200	47.400	0.000	2.500	5.000	7.500	47.400		
47.410	74.980	76.610	407.500	559.090	47.410	0.000	2.500	0.000	2.500	47.410		
47.420	76.610	76.610	407.500	560.720	47.420	0.000	2.500	0.000	2.500	47.420		
47.430	79.870	79.870	407.500	567.240	47.430	0.000	2.500	0.000	2.500	47.430		
47.440	79.870	79.870	400.980	560.720	47.440	0.000	2.500	0.000	2.500	47.440		
47.450	79.870	79.870	396.090	555.830	47.450	0.000	0.000	0.000	0.000	47.450		
47.460	81.500	79.870	389.570	550.940	47.460	0.000	0.000	0.000	0.000	47.460		
47.470	84.760	79.870	381.420	546.050	47.470	0.000	0.000	0.000	0.000	47.470		
47.480	84.760	79.870	371.640	536.270	47.480	0.000	0.000	0.000	0.000	47.480		
47.490	89.650	81.500	361.860	533.010	47.490	0.000	0.000	0.000	0.000	47.490		
47.500	94.540	81.500	353.710	529.750	47.500	0.000	0.000	0.000	0.000	47.500		
47.510	96.170	81.500	342.300	519.970	47.510	0.000	0.000	0.000	0.000	47.510		
47.520	101.840	84.420	335.000	521.260	47.520	0.000	0.000	0.000	0.000	47.520		
47.530	109.880	87.100	329.640	526.620	47.530	0.000	0.000	0.000	0.000	47.530		
47.540	111.220	89.780	321.600	522.600	47.540	0.000	0.000	0.000	0.000	47.540		
47.550	116.580	89.780	316.240	522.600	47.550	0.000	0.000	0.000	0.000	47.550		
47.560	119.260	92.460	309.540	521.260	47.560	0.000	0.000	0.000	0.000	47.560		
47.570	124.620	93.800	304.180	522.600	47.570	0.000	0.000	0.000	0.000	47.570		
47.580	131.320	96.480	297.480	525.280	47.580	0.000	0.000	0.000	0.000	47.580		
47.590	139.360	99.160	289.440	527.960	47.590	0.000	0.000	0.000	0.000	47.590		
47.600	148.740	104.520	278.720	531.980	47.600	0.000	0.000	0.000	0.000	47.600		
47.610	159.460	107.200	266.660	533.320	47.610	0.000	0.000	0.000	0.000	47.610		
47.620	168.840	111.220	251.920	531.980	47.620	0.000	0.000	0.000	0.000	47.620		
47.630	182.240	116.580	239.860	538.680	47.630	0.000	0.000	0.000	0.000	47.630		
47.640	194.300	121.940	222.440	538.680	47.640	0.000	0.000	0.000	0.000	47.640		
47.650	211.720	124.620	203.680	540.020	47.650	0.000	0.000	0.000	0.000	47.650		
47.660	229.140	124.620	184.920	538.680	47.660	0.000	0.000	0.000	0.000	47.660		
47.670	249.690	125.860	164.430	539.980	47.670	0.000	0.000	0.000	0.000	47.670		
47.680	272.020	125.860	142.100	539.980	47.680	0.000	0.000	0.000	0.000	47.680		
47.690	294.350	125.860	123.830	544.040	47.690	0.000	0.000	0.000	0.000	47.690		
47.700	316.680	123.830	103.530	544.040	47.700	0.000	0.000	0.000	0.000	47.700		
47.710	339.010	121.800	87.290	548.100	47.710	0.000	0.000	0.000	0.000	47.710		
47.720	363.370	115.710	71.050	550.130	47.720	0.000	0.000	0.000	0.000	47.720		
47.730	385.700	111.650	54.810	552.160	47.730	0.000	0.000	0.000	0.000	47.730		
47.740	412.090	101.500	38.570	552.160	47.740	4.300	0.000	0.000	4.300	47.740		
47.750	436.450	91.350	28.420	556.220	47.750	17.200	0.000	0.000	17.200	47.750		
47.760	454.720	81.200	18.270	554.190	47.760	31.820	0.000	0.000	31.820	47.760		
47.770	472.990	69.020	8.120	550.130	47.770	49.880	0.000	0.000	49.880	47.770		
47.780	489.230	56.840	4.060	550.130	47.780	74.820	0.000	0.000	74.820	47.780		
47.790	499.380	46.690	2.030	548.100	47.790	104.920	0.000	0.000	104.920	47.790		
47.800	503.440	38.570	0.000	542.010	47.800	132.440	0.000	0.000	132.440	47.800		
47.810	507.500	28.420	0.000	535.920	47.810	157.380	0.000	0.000	157.380	47.810		
47.820	502.500	22.110	0.000	524.610	47.820	187.480	1.720	0.000	189.200	47.820		
47.830	494.460	16.080	0.000	510.540	47.830	215.000	1.720	0.000	216.720	47.830		
47.840	478.380	12.060	0.000	490.440	47.840	244.280	5.910	0.000	250.190	47.840		
47.850	462.300	8.040	0.000	470.340	47.850	269.890	11.820	1.970	283.680	47.850		
47.860	438.180	4.020	0.000	442.200	47.860	285.650	15.760	3.940	305.350	47.860		
47.870	412.050	2.010	0.000	414.060	47.870	299.440	25.610	5.910	330.960	47.870		
47.880	375.870	0.000	0.000	375.870	47.880	317.170	31.520	11.820	360.510	47.880		
47.890	335.670	0.000	0.000	335.670	47.890	328.990	37.430	15.760	382.180	47.890		
47.900	297.480	0.000	0.000	297.480	47.900	346.720	37.430	19.700	403.850	47.900		
47.910	251.250	0.000	0.000	251.250	47.910	364.450	39.400	23.640	427.490	47.910		
47.920	201.000	0.000	0.000	201.000	47.920	384.150	41.370	25.610	451.130	47.920		
47.930	154.770	0.000	0.000	154.770	47.930	401.880	43.340	31.520	476.740	47.930		
47.940	110.550	0.000	0.000	110.550	47.940	421.580	43.340	37.430	502.350	47.940		
47.950	74.370	0.000	0.000	74.370	47.950	441.280	41.370	41.370	524.020	47.950		
47.960	46.230	0.000	0.000	46.230	47.960	459.010	41.370	43.340	543.720	47.960		
47.970	25.000	0.000	0.000	25.000	47.970	474.770	41.370	51.220	567.360	47.970		
47.980	7.500	0.000	0.000	7.500	47.980	492.500	41.370	57.130	591.000	47.980		
47.990	0.000	0.000	0.000	0.000	47.990	506.400	42.200	61.190	609.790	47.990		
48.000	0.000	0.000	0.000	0.000	48.000	516.950	42.200	65.410	624.560	48.000		
48.010	0.000	0.000	0.000	0.000	48.010	521.170	37.980	71.740	630.890	48.010		
48.020	0.000	0.000	0.000	0.000	48.020	527.500	37.980	75.960	641.440	48.020		
48.030	0.000	0.000	0.000	0.000	48.030	527.500	37.980	82.290	647.770	48.030		
48.040	0.000	0.000	0.000	0.000	48.040	523.280	35.870	84.400	643.550	48.040		
48.050	0.000	0.000	0.000	0.000	48.050	521.170	35.870	88.620	645.660	48.050		
48.060	0.000	0.000	0.000	0.000	48.060	514.840	33.760	90.730	639.330	48.060		
48.070	0.000	0.000	0.000	0.000	48.070	506.400	31.650	90.730	628.780	48.070		
48.080	0.000	0.000	0.000	0.000	48.080	497.960	31.650	94.950	624.560	48.080		
48.090	0.000	0.000	0.000	0.000	48.090	489.520	31.650	94.950	616.120	48.090		
48.100	0.000	0.000	0.000	0.000	48.100	481.080	29.540	97.060	607.680	48.100		
48.110	0.000	0.000	0.000	0.000	48.110	470.530	27.430	99.170	597.130	48.110		
48.120	0.000	0.000	0.000	0.000	48.120	464.200	27.430	99.170	590.800	48.120		
48.130	0.000	0.000	0.000	0.000	48.130	455.760	27.430	101.280	584.470	48.130		
48.140	0.000	0.000	0.000	0.000	48.140	450.000	23.400	100.800	574.200	48.140		
48.150	0.000	0.000	0.000	0.000	48.150	441.000	23.400	104.400	568.800	48.150		
48.160	0.000	0.000	0.000	0.000	48.160	437.400	27.000	109.800	574.200	48.160		
48.170	0.000	0.000	0.000	0.000	48.170	428.400	27.000	109.800	565.200	48.170		
48.180	0.000	0.000	0.000	0.000	48.180	424.800	27.000	113.400	565.200	48.180		
48.190	0.000	0.000	0.000	0.000	48.190	415.800	27.000	118.800	561.600	48.190		
48.200	0.000	0.000	0.000	0.000	48.200	412.200	27.000	126.000	565.200	48.200		
48.210	0.000	0.000	0.000	0.000	48.210	405.000	32.400	129.600	567.000	48.210		
48.220	0.000	0.000	0.000	0.000	48.220	394.200	32.400	138.600	565.200	48.220		
48.230	0.000	0.000	0.000	0.000	48.230	383.400	34.200	145.800	563.400	48.230		
48.240	0.000	0.000	0.000	0.000	48.240	370.800	39.600	162.000	572.400	48.240		
48.250	0.000	0.000	0.000	0.000	48.250	356.400	41.400	176.400	574.200	48.250		
48.260	0.000	0.000	0.000	0.000	48.260	336.600	46.800	196.200	579.600	48.260		
48.270	0.000	0.000	0.000	0.000	48.270	316.800	54.000	219.600	590.400	48.270		
48.280	0.000	0.000	0.000	0.000	48.280	293.400	59.400	244.800	597.600	48.280		
48.290	0.000	0.000	0.000	0.000	48.290	266.200	66.000	275.000	607.200	48.290		
48.300	0.000	0.000	0.000	0.000	48.300	239.800	70.400	303.600	613.800	48.300		
48.310	0.000	0.000	0.000	0.000	48.310	209.000	77.000	336.600	622.600	48.310		
48.320	0.000	0.000	0.000	0.000	48.320	178.200	79.200	363.000	620.400	48.320		
48.330	0.000	0.000	0.000	0.000	48.330	149.600	77.000	396.000	622.600	48.330		
48.340	0.000	0.000	0.000	0.000	48.340	118.800	77.000	426.800	622.600	48.340		
48.350	0.000	0.000	0.000	0.000	48.350	88.000	70.400	453.200	611.600	48.350		
48.360	0.000	0.000	0.000	0.000	48.360	66.000	66.000	481.800	613.800	48.360		
48.370	0.000	0.000	0.000	0.000	48.370	48.400	59.400	503.800	611.600	48.370		
48.380	0.000	0.000	7.150	7.150	48.380	41.800	50.600	521.400	613.800	48.380		
48.390	0.000	0.000	47.450	47.450	48.390	37.400	44.000	539.000	620.400	48.390		
48.400	0.000	0.000	97.500	97.500	48.400	30.800	39.600	550.000	620.400	48.400		
48.410	0.000	0.000	162.500	162.500	48.410	22.000	28.600	550.000	600.600	48.410		
48.420	0.000	1.890	228.690	230.580	48.420	13.200	24.200	543.400	580.800	48.420		
48.430	0.000	3.780	274.050	277.830	48.430	6.600	15.400	532.400	554.400	48.430		
48.440	0.000	3.780	306.180	309.960	48.440	0.000	12.180	507.500	519.680	48.440		
48.450	0.000	9.450	330.750	340.200	48.450	0.000	4.060	472.990	477.050	48.450		
48.460	0.000	13.230	345.870	359.100	48.460	0.000	2.030	434.420	436.450	48.460		
48.470	1.890	20.790	357.210	379.890	48.470	0.000	0.000	383.670	383.670	48.470		
48.480	1.890	26.460	366.660	395.010	48.480	0.000	0.000	328.860	328.860	48.480		
48.490	3.780	35.910	381.780	421.470	48.490	0.000	0.000	269.990	269.990	48.490		
48.500	5.670	47.250	396.900	449.820	48.500	0.000	0.000	207.060	207.060	48.500		
48.510	5.670	58.590	413.910	478.170	48.510	0.000	0.000	152.250	152.250	48.510		
48.520	9.450	66.150	429.030	504.630	48.520	0.000	0.000	105.560	105.560	48.520		
48.530	13.230	77.490	444.150	534.870	48.530	0.000	0.000	66.990	66.990	48.530		
48.540	13.230	79.380	457.380	549.990	48.540	0.000	0.000	38.570	38.570	48.540		
48.550	17.010	83.160	466.830	567.000	48.550	2.030	0.000	24.360	26.390	48.550		
48.560	18.900	88.830	472.500	580.230	48.560	2.030	0.000	12.180	14.210	48.560		
48.570	20.900	91.200	475.000	587.100	48.570	4.060	0.000	4.060	8.120	48.570		
48.580	24.700	95.000	475.000	594.700	48.580	4.060	0.000	2.030	6.090	48.580		
48.590	26.600	96.900	469.300	592.800	48.590	2.500	0.000	2.500	5.000	48.590		
48.600	28.500	100.700	461.700	590.900	48.600	2.500	0.000	2.500	5.000	48.600		
48.610	36.100	104.500	452.200	592.800	48.610	0.000	0.000	0.000	0.000	48.610		
48.620	39.900	104.500	437.000	581.400	48.620	0.000	0.000	2.500	2.500	48.620		
48.630	43.700	108.300	423.700	575.700	48.630	2.500	0.000	0.000	2.500	48.630		
48.640	51.300	108.300	406.600	566.200	48.640	0.000	0.000	0.000	0.000	48.640		
48.650	57.000	114.000	385.700	556.700	48.650	2.500	0.000	0.000	2.500	48.650		
48.660	60.800	119.700	366.700	547.200	48.660	0.000	0.000	0.000	0.000	48.660		
48.670	68.400	123.500	343.900	535.800	48.670	0.000	0.000	0.000	0.000	48.670		
48.680	76.000	131.100	319.200	526.300	48.680	0.000	0.000	0.000	0.000	48.680		
48.690	83.600	136.800	296.400	516.800	48.690	0.000	0.000	0.000	0.000	48.690		
48.700	89.300	142.500	277.400	509.200	48.700	0.000	0.000	0.000	0.000	48.700		
48.710	96.900	146.300	256.500	499.700	48.710	0.000	0.000	0.000	0.000	48.710		
48.720	104.400	149.640	236.640	490.680	48.720	0.000	0.000	0.000	0.000	48.720		
48.730	111.360	154.280	223.880	489.520	48.730	0.000	0.000	0.000	0.000	48.730		
48.740	121.800	158.920	209.960	490.680	48.740	0.000	0.000	0.000	0.000	48.740		
48.750	132.240	162.400	194.880	489.520	48.750	0.000	0.000	0.000	0.000	48.750		
48.760	141.520	167.040	182.120	490.680	48.760	0.000	0.000	0.000	0.000	48.760		
48.770	151.960	169.360	169.360	490.680	48.770	0.000	0.000	2.500	2.500	48.770		
48.780	164.720	169.360	156.600	490.680	48.780	0.000	0.000	0.000	0.000	48.780		
48.790	177.480	171.680	147.320	496.480	48.790	0.000	0.000	0.000	0.000	48.790		
48.800	191.400	171.680	134.560	497.640	48.800	0.000	0.000	2.500	2.500	48.800		
48.810	206.480	174.000	124.120	504.600	48.810	0.000	0.000	0.000	0.000	48.810		
48.820	219.240	174.000	111.360	504.600	48.820	0.000	0.000	0.000	0.000	48.820		
48.830	234.320	174.000	99.760	508.080	48.830	0.000	0.000	2.500	2.500	48.830		
48.840	254.040	171.680	87.000	512.720	48.840	0.000	0.000	2.500	2.500	48.840		
48.850	271.440	169.360	74.240	515.040	48.850	0.000	0.000	0.000	0.000	48.850		
48.860	290.000	167.040	61.480	518.520	48.860	0.000	0.000	2.500	2.500	48.860		
48.870	312.440	164.780	49.220	526.440	48.870	0.000	0.000	0.000	0.000	48.870		
48.880	331.700	156.220	40.660	528.580	48.880	0.000	0.000	2.500	2.500	48.880		
48.890	353.100	149.800	34.240	537.140	48.890	0.000	0.000	2.400	2.400	48.890		
48.900	378.780	141.240	25.680	545.700	48.900	0.000	0.000	0.000	0.000	48.900		
48.910	404.460	130.540	19.260	554.260	48.910	0.000	0.000	0.000	0.000	48.910		
48.920	425.860	121.980	10.700	558.540	48.920	0.000	0.000	0.000	0.000	48.920		
48.930	451.540	109.140	4.280	564.960	48.930	0.000	0.000	0.000	0.000	48.930		
48.940	472.940	96.300	2.140	571.380	48.940	0.000	0.000	2.400	2.400	48.940		
48.950	492.200	85.600	0.000	577.800	48.950	0.000	0.000	0.000	0.000	48.950		
48.960	507.180	77.040	0.000	584.220	48.960	9.600	0.000	0.000	9.600	48.960		
48.970	522.160	64.200	0.000	586.360	48.970	39.600	0.000	0.000	39.600	48.970		
48.980	530.720	51.360	0.000	582.080	48.980	81.600	0.000	0.000	81.600	48.980		
48.990	535.000	40.660	0.000	575.660	48.990	139.200	0.000	0.000	139.200	48.990		
49.000	535.000	34.240	0.000	569.240	49.000	187.200	0.000	0.000	187.200	49.000		
49.010	526.440	25.680	0.000	552.120	49.010	222.000	0.000	0.000	222.000	49.010		
49.020	505.000	16.160	0.000	521.160	49.020	259.200	2.400	0.000	261.600	49.020		
49.030	478.740	8.080	0.000	486.820	49.030	300.000	4.800	0.000	304.800	49.030		
49.040	444.400	2.020	0.000	446.420	49.040	343.200	9.750	0.000	352.950	49.040		
49.050	401.980	0.000	0.000	401.980	49.050	374.400	15.600	1.950	391.950	49.050		
49.060	351.480	0.000	0.000	351.480	49.060	393.900	29.250	3.900	427.050	49.060		
49.070	294.920	0.000	0.000	294.920	49.070	409.500	44.850	9.750	464.100	49.070		
49.080	234.320	0.000	0.000	234.320	49.080	419.250	56.550	19.500	495.300	49.080		
49.090	171.700	0.000	0.000	171.700	49.090	423.150	66.300	27.300	516.750	49.090		
49.100	119.180	0.000	0.000	119.180	49.100	436.800	76.050	39.000	551.850	49.100		
49.110	76.760	0.000	0.000	76.760	49.110	448.500	81.900	48.750	579.150	49.110		
49.120	46.460	0.000	0.000	46.460	49.120	456.300	83.850	58.500	598.650	49.120		
49.130	24.240	2.020	0.000	26.260	49.130	469.950	85.800	68.250	624.000	49.130		
49.140	8.080	2.020	2.020	12.120	49.140	475.800	85.800	76.050	637.650	49.140		
49.150	2.020	2.020	0.000	4.040	49.150	481.650	83.850	81.900	647.400	49.150		
49.160	0.000	2.020	0.000	2.020	49.160	487.500	85.800	91.650	664.950	49.160		
49.170	2.500	2.500	0.000	5.000	49.170	483.600	83.850	99.450	666.900	49.170		
49.180	2.500	0.000	0.000	2.500	49.180	475.800	81.900	107.250	664.950	49.180		
49.190	0.000	2.500	0.000	2.500	49.190	465.000	79.980	113.460	658.440	49.190		
49.200	0.000	2.500	0.000	2.500	49.200	448.260	74.400	120.900	643.560	49.200		
49.210	0.000	2.500	0.000	2.500	49.210	431.520	70.680	128.340	630.540	49.210		
49.220	0.000	2.500	0.000	2.500	49.220	414.780	68.820	133.920	617.520	49.220		
49.230	0.000	0.000	0.000	0.000	49.230	396.180	63.240	141.360	600.780	49.230		
49.240	0.000	2.500	0.000	2.500	49.240	379.440	63.240	148.800	591.480	49.240		
49.250	0.000	2.500	0.000	2.500	49.250	358.980	59.520	156.240	574.740	49.250		
49.260	0.000	2.500	0.000	2.500	49.260	342.240	59.520	167.400	569.160	49.260		
49.270	0.000	2.500	0.000	2.500	49.270	323.640	59.520	174.840	558.000	49.270		
49.280	0.000	0.000	0.000	0.000	49.280	306.900	59.520	189.720	556.140	49.280		
49.290	0.000	2.500	0.000	2.500	49.290	286.440	59.520	199.020	544.980	49.290		
49.300	0.000	2.500	0.000	2.500	49.300	265.980	59.520	206.460	531.960	49.300		
49.310	0.000	2.500	0.000	2.500	49.310	249.240	59.520	221.340	530.100	49.310		
49.320	0.000	2.500	0.000	2.500	49.320	228.780	61.380	239.940	530.100	49.320		
49.330	0.000	2.500	0.000	2.500	49.330	212.040	63.240	258.540	533.820	49.330		
49.340	0.000	2.500	0.000	2.500	49.340	197.120	67.200	275.520	539.840	49.340		
49.350	0.000	0.000	0.000	0.000	49.350	179.200	69.440	297.920	546.560	49.350		
49.360	0.000	0.000	0.000	0.000	49.360	161.280	71.680	315.840	548.800	49.360		
49.370	0.000	0.000	0.000	0.000	49.370	145.600	71.680	336.000	553.280	49.370		
49.380	0.000	2.500	0.000	2.500	49.380	132.160	73.920	356.160	562.240	49.380		
49.390	0.000	0.000	0.000	0.000	49.390	116.480	76.160	376.320	568.960	49.390		
49.400	0.000	0.000	0.000	0.000	49.400	100.800	76.160	396.480	573.440	49.400		
49.410	0.000	2.500	0.000	2.500	49.410	89.600	78.400	418.880	586.880	49.410		
49.420	0.000	2.500	0.000	2.500	49.420	78.400	78.400	439.040	595.840	49.420		
49.430	0.000	2.500	0.000	2.500	49.430	69.440	76.160	461.440	607.040	49.430		
49.440	0.000	0.000	0.000	0.000	49.440	60.480	73.920	481.600	616.000	49.440		
49.450	0.000	0.000	0.000	0.000	49.450	53.760	71.680	504.000	629.440	49.450		
49.460	0.000	2.500	0.000	2.500	49.460	47.040	67.200	526.400	640.640	49.460		
49.470	0.000	0.000	0.000	0.000	49.470	40.320	64.960	542.080	647.360	49.470		
49.480	0.000	2.460	0.000	2.460	49.480	35.840	58.240	560.000	654.080	49.480		
49.490	0.000	0.000	0.000	0.000	49.490	32.240	52.080	572.880	657.200	49.490		
49.500	0.000	0.000	0.000	0.000	49.500	24.800	47.120	587.760	659.680	49.500		
49.510	0.000	0.000	0.000	0.000	49.510	17.360	42.160	595.200	654.720	49.510		
49.520	0.000	0.000	0.000	0.000	49.520	12.400	37.200	605.120	654.720	49.520		
49.530	0.000	2.460	0.000	2.460	49.530	7.440	32.240	610.080	649.760	49.530		
49.540	0.000	2.460	4.920	7.380	49.540	2.480	27.280	615.040	644.800	49.540		
49.550	0.000	4.920	36.900	41.820	49.550	0.000	24.800	620.000	644.800	49.550		
49.560	0.000	4.920	84.870	89.790	49.560	0.000	22.320	612.560	634.880	49.560		
49.570	0.000	2.460	124.230	126.690	49.570	0.000	17.360	602.640	620.000	49.570		
49.580	0.000	2.460	159.900	162.360	49.580	0.000	12.400	585.280	597.680	49.580		
49.590	0.000	4.920	204.180	209.100	49.590	0.000	9.920	560.480	570.400	49.590		
49.600	0.000	9.840	261.990	271.830	49.600	0.000	4.960	523.280	528.240	49.600		
49.610	4.920	12.300	307.500	324.720	49.610	0.000	2.480	478.640	481.120	49.610		
49.620	5.910	19.700	340.810	366.420	49.620	0.000	0.000	416.640	416.640	49.620		
49.630	9.850	29.550	368.390	407.790	49.630	0.000	0.000	342.240	342.240	49.630		
49.640	11.820	41.370	392.030	445.220	49.640	0.000	0.000	257.500	257.500	49.640		
49.650	19.700	57.130	415.670	492.500	49.650	0.000	0.000	184.370	184.370	49.650		
49.660	25.610	74.860	439.310	539.780	49.660	0.000	0.000	124.630	124.630	49.660		
49.670	33.490	86.680	457.040	577.210	49.670	0.000	0.000	82.400	82.400	49.670		
49.680	39.400	94.560	468.860	602.820	49.680	0.000	0.000	51.500	51.500	49.680		
49.690	47.280	96.530	480.680	624.490	49.690	0.000	0.000	31.930	31.930	49.690		
49.700	57.130	98.500	488.560	644.190	49.700	7.210	2.060	16.480	25.750	49.700		
49.710	63.040	102.440	492.500	657.980	49.710	2.060	0.000	14.420	16.480	49.710		
49.720	74.860	104.410	486.590	665.860	49.720	4.120	0.000	9.270	13.390	49.720		
49.730	80.770	106.380	476.740	663.890	49.730	2.060	0.000	7.210	9.270	49.730		
49.740	86.680	108.350	464.920	659.950	49.740	2.060	0.000	9.270	11.330	49.740		
49.750	94.560	108.350	443.250	646.160	49.750	2.060	0.000	7.210	9.270	49.750		
49.760	98.500	108.350	423.550	630.400	49.760	2.060	0.000	4.120	6.180	49.760		
49.770	106.530	109.710	397.500	613.740	49.770	0.000	0.000	4.120	4.120	49.770		
49.780	114.480	109.710	368.880	593.070	49.780	0.000	0.000	2.060	2.060	49.780		
49.790	119.250	109.710	346.620	575.580	49.790	0.000	0.000	5.000	5.000	49.790		
49.800	127.200	109.710	324.360	561.270	49.800	2.500	0.000	5.000	7.500	49.800		
49.810	133.560	109.710	302.100	545.370	49.810	0.000	0.000	2.500	2.500	49.810		
49.820	141.510	106.530	281.430	529.470	49.820	2.500	0.000	2.500	5.000	49.820		
49.830	146.280	106.530	267.120	519.930	49.830	2.500	0.000	2.500	5.000	49.830		
49.840	151.050	106.530	249.630	507.210	49.840	2.500	0.000	2.500	5.000	49.840		
49.850	159.000	106.530	233.730	499.260	49.850	2.500	0.000	2.500	5.000	49.850		
49.860	163.770	109.710	219.420	492.900	49.860	0.000	0.000	2.500	2.500	49.860		
49.870	174.900	111.300	206.700	492.900	49.870	0.000	0.000	0.000	0.000	49.870		
49.880	184.440	114.480	193.980	492.900	49.880	0.000	0.000	0.000	0.000	49.880		
49.890	192.390	119.250	181.260	492.900	49.890	0.000	0.000	0.000	0.000	49.890		
49.900	201.930	119.250	168.540	489.720	49.900	0.000	0.000	0.000	0.000	49.900		
49.910	214.650	122.430	157.410	494.490	49.910	0.000	0.000	0.000	0.000	49.910		
49.920	230.000	126.000	144.000	500.000	49.920	0.000	0.000	0.000	0.000	49.920		
49.930	244.000	130.000	132.000	506.000	49.930	0.000	0.000	0.000	0.000	49.930		
49.940	256.000	130.000	120.000	506.000	49.940	0.000	0.000	0.000	0.000	49.940		
49.950	272.000	132.000	112.000	516.000	49.950	0.000	0.000	0.000	0.000	49.950		
49.960	290.000	132.000	100.000	522.000	49.960	0.000	0.000	2.500	2.500	49.960		
49.970	304.000	130.000	86.000	520.000	49.970	0.000	0.000	0.000	0.000	49.970		
49.980	322.000	126.000	74.000	522.000	49.980	0.000	0.000	0.000	0.000	49.980		
49.990	340.000	124.000	66.000	530.000	49.990	0.000	0.000	2.500	2.500	49.990		
50.000	360.000	116.000	54.000	530.000	50.000	0.000	2.500	2.500	5.000	50.000		
50.010	380.000	114.000	46.000	540.000	50.010	0.000	0.000	0.000	0.000	50.010		
50.020	400.000	110.000	40.000	550.000	50.020	0.000	0.000	2.500	2.500	50.020		
50.030	420.000	102.000	34.000	556.000	50.030	0.000	0.000	0.000	0.000	50.030		
50.040	444.000	94.000	32.000	570.000	50.040	0.000	0.000	0.000	0.000	50.040		
50.050	472.000	86.000	24.000	582.000	50.050	0.000	0.000	0.000	0.000	50.050		
50.060	500.000	74.000	20.000	594.000	50.060	0.000	0.000	0.000	0.000	50.060		
50.070	526.500	63.180	11.700	601.380	50.070	0.000	2.500	0.000	2.500	50.070		
50.080	545.220	53.820	9.360	608.400	50.080	0.000	2.500	0.000	2.500	50.080		
50.090	563.940	44.460	7.020	615.420	50.090	0.000	0.000	1.860	1.860	50.090		
50.100	575.640	32.760	4.680	613.080	50.100	0.000	0.000	0.000	0.000	50.100		
50.110	580.320	25.740	2.340	608.400	50.110	11.160	0.000	0.000	11.160	50.110		
50.120	585.000	21.060	0.000	606.060	50.120	48.360	1.860	0.000	50.220	50.120		
50.130	585.000	16.380	0.000	601.380	50.130	98.580	0.000	0.000	98.580	50.130		
50.140	573.300	11.700	0.000	585.000	50.140	146.940	0.000	0.000	146.940	50.140		
50.150	559.260	9.360	0.000	568.620	50.150	178.560	0.000	0.000	178.560	50.150		
50.160	538.200	7.020	0.000	545.220	50.160	206.460	1.860	0.000	208.320	50.160		
50.170	505.440	2.340	0.000	507.780	50.170	243.660	0.000	0.000	243.660	50.170		
50.180	468.000	0.000	0.000	468.000	50.180	286.440	3.720	0.000	290.160	50.180		
50.190	423.540	0.000	0.000	423.540	50.190	327.360	7.440	0.000	334.800	50.190		
50.200	369.720	0.000	0.000	369.720	50.200	375.720	16.740	1.860	394.320	50.200		
50.210	308.880	0.000	0.000	308.880	50.210	414.780	29.760	3.720	448.260	50.210		
50.220	235.000	0.000	0.000	235.000	50.220	444.540	44.640	7.440	496.620	50.220		
50.230	174.840	0.000	0.000	174.840	50.230	465.000	61.380	16.740	543.120	50.230		
50.240	122.200	0.000	0.000	122.200	50.240	479.600	74.120	23.980	577.700	50.240		
50.250	81.780	0.000	0.000	81.780	50.250	490.500	82.840	28.340	601.680	50.250		
50.260	51.700	0.000	0.000	51.700	50.260	505.760	89.380	39.240	634.380	50.260		
50.270	31.960	1.880	0.000	33.840	50.270	518.840	95.920	45.780	660.540	50.270		
50.280	16.920	1.880	1.880	20.680	50.280	529.740	98.100	56.680	684.520	50.280		
50.290	6.580	4.700	1.880	13.160	50.290	538.460	98.100	61.040	697.600	50.290		
50.300	4.700	4.700	1.880	11.280	50.300	540.640	95.920	69.760	706.320	50.300		
50.310	4.700	1.880	0.000	6.580	50.310	545.000	93.740	74.120	712.860	50.310		
50.320	4.700	4.700	0.000	9.400	50.320	538.460	91.560	76.300	706.320	50.320		
50.330	4.700	4.700	0.000	9.400	50.330	531.920	87.200	78.480	697.600	50.330		
50.340	1.880	4.700	0.000	6.580	50.340	518.840	82.840	80.660	682.340	50.340		
50.350	1.880	4.700	0.000	6.580	50.350	501.400	78.480	80.660	660.540	50.350		
50.360	1.880	4.700	0.000	6.580	50.360	483.960	76.300	82.840	643.100	50.360		
50.370	0.000	5.000	0.000	5.000	50.370	462.160	74.120	82.840	619.120	50.370		
50.380	0.000	2.500	0.000	2.500	50.380	436.000	74.120	91.560	601.680	50.380		
50.390	0.000	2.500	0.000	2.500	50.390	415.000	74.700	94.620	584.320	50.390		
50.400	2.500	2.500	0.000	5.000	50.400	396.740	74.700	99.600	571.040	50.400		
50.410	0.000	2.500	0.000	2.500	50.410	378.480	76.360	104.580	559.420	50.410		
50.420	0.000	5.000	0.000	5.000	50.420	363.540	76.360	109.560	549.460	50.420		
50.430	0.000	5.000	0.000	5.000	50.430	348.600	81.340	116.200	546.140	50.430		
50.440	0.000	2.500	0.000	2.500	50.440	336.980	84.660	124.500	546.140	50.440		
50.450	0.000	5.000	0.000	5.000	50.450	323.700	86.320	131.140	541.160	50.450		
50.460	0.000	5.000	0.000	5.000	50.460	312.080	91.300	141.100	544.480	50.460		
50.470	0.000	5.000	0.000	5.000	50.470	302.120	96.280	151.060	549.460	50.470		
50.480	0.000	5.000	0.000	5.000	50.480	288.840	101.260	159.360	549.460	50.480		
50.490	0.000	5.000	0.000	5.000	50.490	278.880	106.240	169.320	554.440	50.490		
50.500	0.000	5.000	0.000	5.000	50.500	267.260	114.540	179.280	561.080	50.500		
50.510	0.000	5.000	0.000	5.000	50.510	257.300	119.520	189.240	566.060	50.510		
50.520	0.000	2.500	0.000	2.500	50.520	247.340	124.500	199.200	571.040	50.520		
50.530	0.000	5.000	0.000	5.000	50.530	232.400	129.480	212.480	574.360	50.530		
50.540	0.000	2.500	0.000	2.500	50.540	217.360	135.850	225.720	578.930	50.540		
50.550	0.000	2.500	0.000	2.500	50.550	200.640	142.120	242.440	585.200	50.550		
50.560	0.000	5.000	0.000	5.000	50.560	188.100	144.210	257.070	589.380	50.560		
50.570	0.000	5.000	0.000	5.000	50.570	173.470	146.300	273.790	593.560	50.570		
50.580	0.000	5.000	0.000	5.000	50.580	158.840	148.390	290.510	597.740	50.580		
50.590	0.000	5.000	0.000	5.000	50.590	144.210	150.480	309.320	604.010	50.590		
50.600	0.000	2.500	0.000	2.500	50.600	127.490	154.660	332.310	614.460	50.600		
50.610	0.000	2.500	0.000	2.500	50.610	108.680	154.660	353.210	616.550	50.610		
50.620	0.000	5.000	0.000	5.000	50.620	91.960	148.390	376.200	616.550	50.620		
50.630	0.000	5.000	0.000	5.000	50.630	77.330	144.210	401.280	622.820	50.630		
50.640	0.000	5.000	0.000	5.000	50.640	64.790	135.850	426.360	627.000	50.640		
50.650	0.000	5.000	0.000	5.000	50.650	52.250	127.490	451.440	631.180	50.650		
50.660	0.000	2.500	0.000	2.500	50.660	43.890	114.950	478.610	637.450	50.660		
50.670	0.000	1.610	0.000	1.610	50.670	35.530	98.230	501.600	635.360	50.670		
50.680	0.000	1.610	0.000	1.610	50.680	29.260	89.870	522.500	641.630	50.680		
50.690	0.000	1.610	0.000	1.610	50.690	22.500	74.250	540.000	636.750	50.690		
50.700	0.000	4.830	16.100	20.930	50.700	13.500	63.000	551.250	627.750	50.700		
50.710	0.000	6.440	56.350	62.790	50.710	6.750	56.250	558.000	621.000	50.710		
50.720	0.000	6.440	104.650	111.090	50.720	2.250	47.250	562.500	612.000	50.720		
50.730	0.000	6.440	141.680	148.120	50.730	0.000	38.250	555.750	594.000	50.730		
50.740	0.000	6.440	172.270	178.710	50.740	0.000	29.250	544.500	573.750	50.740		
50.750	0.000	9.660	217.350	227.010	50.750	0.000	18.000	522.000	540.000	50.750		
50.760	0.000	11.270	272.090	283.360	50.760	0.000	11.250	495.000	506.250	50.760		
50.770	1.610	19.320	322.000	342.930	50.770	0.000	2.250	454.500	456.750	50.770		
50.780	4.830	27.370	354.200	386.400	50.780	0.000	0.000	405.000	405.000	50.780		
50.790	4.830	37.030	373.520	415.380	50.790	0.000	0.000	346.500	346.500	50.790		
50.800	6.440	46.690	389.620	442.750	50.800	0.000	0.000	285.750	285.750	50.800		
50.810	9.660	59.570	402.500	471.730	50.810	0.000	0.000	225.000	225.000	50.810		
50.820	14.800	74.000	419.950	508.750	50.820	0.000	0.000	162.000	162.000	50.820		
50.830	16.650	86.950	431.050	534.650	50.830	0.000	0.000	105.750	105.750	50.830		
50.840	18.500	94.350	442.150	555.000	50.840	0.000	0.000	67.500	67.500	50.840		
50.850	24.050	103.600	451.400	579.050	50.850	0.000	0.000	42.390	42.390	50.850		
50.860	25.900	109.150	456.950	592.000	50.860	4.860	0.000	29.970	34.830	50.860		
50.870	31.450	114.700	462.500	608.650	50.870	4.860	2.430	17.280	24.570	50.870		
50.880	37.000	118.400	458.800	614.200	50.880	4.860	0.000	14.850	19.710	50.880		
50.890	38.850	123.950	453.250	616.050	50.890	4.860	0.000	9.990	14.850	50.890		
50.900	46.250	125.800	444.000	616.050	50.900	4.860	0.000	7.290	12.150	50.900		
50.910	51.800	129.500	434.750	616.050	50.910	4.860	0.000	9.990	14.850	50.910		
50.920	59.200	129.500	421.800	610.500	50.920	2.430	0.000	4.860	7.290	50.920		
50.930	64.750	129.500	403.300	597.550	50.930	4.860	2.430	7.290	14.580	50.930		
50.940	68.450	129.500	388.500	586.450	50.940	2.430	0.000	4.860	7.290	50.940		
50.950	75.850	129.500	371.850	577.200	50.950	2.430	0.000	4.860	7.290	50.950		
50.960	81.400	129.500	357.050	567.950	50.960	2.430	0.000	2.430	4.860	50.960		
50.970	89.100	129.600	337.500	556.200	50.970	2.430	0.000	2.430	4.860	50.970		
50.980	94.500	129.600	317.250	541.350	50.980	2.430	2.430	2.430	7.290	50.980		
50.990	99.900	132.300	302.400	534.600	50.990	2.500	0.000	2.500	5.000	50.990		
51.000	103.950	132.300	286.200	522.450	51.000	2.500	2.500	2.500	7.500	51.000		
51.010	109.350	135.000	271.350	515.700	51.010	2.500	2.500	2.500	7.500	51.010		
51.020	114.750	136.350	261.900	513.000	51.020	2.500	0.000	0.000	2.500	51.020		
51.030	117.450	136.350	247.050	500.850	51.030	2.500	0.000	0.000	2.500	51.030		
51.040	124.200	139.050	236.250	499.500	51.040	2.500	0.000	0.000	2.500	51.040		
51.050	132.300	144.450	226.800	503.550	51.050	2.500	0.000	0.000	2.500	51.050		
51.060	141.750	147.150	214.650	503.550	51.060	2.500	0.000	0.000	2.500	51.060		
51.070	149.850	151.200	203.850	504.900	51.070	2.500	0.000	0.000	2.500	51.070		
51.080	156.600	156.600	189.000	502.200	51.080	0.000	0.000	0.000	0.000	51.080		
51.090	168.750	164.700	176.850	510.300	51.090	0.000	0.000	0.000	0.000	51.090		
51.100	179.550	167.400	164.700	511.650	51.100	0.000	0.000	0.000	0.000	51.100		
51.110	189.000	171.450	151.200	511.650	51.110	0.000	0.000	0.000	0.000	51.110		
51.120	203.500	173.900	136.900	514.300	51.120	0.000	0.000	0.000	0.000	51.120		
51.130	216.450	173.900	125.800	516.150	51.130	0.000	0.000	0.000	0.000	51.130		
51.140	229.400	175.750	114.700	519.850	51.140	0.000	0.000	0.000	0.000	51.140		
51.150	244.200	173.900	101.750	519.850	51.150	0.000	0.000	0.000	0.000	51.150		
51.160	259.000	173.900	86.950	519.850	51.160	0.000	0.000	0.000	0.000	51.160		
51.170	277.500	172.050	75.850	525.400	51.170	0.000	0.000	0.000	0.000	51.170		
51.180	294.150	168.350	66.600	529.100	51.180	0.000	0.000	0.000	0.000	51.180		
51.190	314.500	168.350	59.200	542.050	51.190	0.000	0.000	0.000	0.000	51.190		
51.200	336.700	166.500	51.800	555.000	51.200	0.000	0.000	0.000	0.000	51.200		
51.210	357.050	160.950	44.400	562.400	51.210	0.000	0.000	0.000	0.000	51.210		
51.220	379.250	153.550	37.000	569.800	51.220	0.000	0.000	0.000	0.000	51.220		
51.230	407.000	142.450	31.450	580.900	51.230	0.000	0.000	0.000	0.000	51.230		
51.240	427.350	131.350	22.200	580.900	51.240	0.000	0.000	0.000	0.000	51.240		
51.250	444.000	116.550	14.800	575.350	51.250	0.000	0.000	0.000	0.000	51.250		
51.260	462.500	103.600	7.400	573.500	51.260	0.000	0.000	0.000	0.000	51.260		
51.270	478.380	88.440	4.020	570.840	51.270	2.400	0.000	0.000	2.400	51.270		
51.280	492.450	76.380	2.010	570.840	51.280	30.000	2.400	0.000	32.400	51.280		
51.290	498.480	64.320	0.000	562.800	51.290	89.250	3.500	0.000	92.750	51.290		
51.300	502.500	52.260	0.000	554.760	51.300	143.500	3.500	0.000	147.000	51.300		
51.310	502.500	42.210	0.000	544.710	51.310	178.500	1.750	0.000	180.250	51.310		
51.320	492.450	34.170	0.000	526.620	51.320	204.750	1.750	0.000	206.500	51.320		
51.330	476.370	26.130	0.000	502.500	51.330	241.500	3.500	0.000	245.000	51.330		
51.340	452.250	16.080	0.000	468.330	51.340	288.750	8.750	0.000	297.500	51.340		
51.350	422.100	8.040	0.000	430.140	51.350	332.500	14.000	0.000	346.500	51.350		
51.360	385.920	4.020	0.000	389.940	51.360	367.500	29.750	3.500	400.750	51.360		
51.370	343.710	2.010	0.000	345.720	51.370	392.000	47.250	7.000	446.250	51.370		
51.380	291.450	0.000	0.000	291.450	51.380	409.500	71.750	12.250	493.500	51.380		
51.390	229.140	0.000	0.000	229.140	51.390	414.750	87.500	19.250	521.500	51.390		
51.400	176.880	0.000	0.000	176.880	51.400	416.500	99.750	29.750	546.000	51.400		
51.410	126.630	0.000	0.000	126.630	51.410	420.000	108.500	31.500	560.000	51.410		
51.420	82.500	0.000	0.000	82.500	51.420	428.750	117.250	42.000	588.000	51.420		
51.430	52.470	0.000	0.000	52.470	51.430	437.500	122.500	43.750	603.750	51.430		
51.440	32.340	0.000	0.000	32.340	51.440	447.120	126.960	51.520	625.600	51.440		
51.450	17.490	0.000	4.950	22.440	51.450	450.800	132.480	57.040	640.320	51.450		
51.460	9.900	0.000	4.950	14.850	51.460	456.320	134.320	60.720	651.360	51.460		
51.470	4.950	0.000	2.310	7.260	51.470	460.000	134.320	66.240	660.560	51.470		
51.480	4.950	2.310	2.310	9.570	51.480	454.480	134.320	69.920	658.720	51.480		
51.490	4.950	0.000	2.310	7.260	51.490	448.960	132.480	73.600	655.040	51.490		
51.500	4.950	0.000	2.310	7.260	51.500	439.760	128.800	77.280	645.840	51.500		
51.510	4.950	0.000	2.310	7.260	51.510	426.880	128.800	80.960	636.640	51.510		
51.520	2.310	0.000	2.310	4.620	51.520	414.000	123.280	84.640	621.920	51.520		
51.530	2.310	0.000	2.310	4.620	51.530	401.120	121.440	88.320	610.880	51.530		
51.540	2.310	0.000	2.310	4.620	51.540	391.920	119.600	95.680	607.200	51.540		
51.550	0.000	0.000	2.310	2.310	51.550	379.040	115.920	101.200	596.160	51.550		
51.560	0.000	0.000	2.310	2.310	51.560	369.840	114.080	106.720	590.640	51.560		
51.570	0.000	0.000	2.500	2.500	51.570	358.800	114.080	108.560	581.440	51.570		
51.580	0.000	0.000	2.500	2.500	51.580	351.440	114.080	112.240	577.760	51.580		
51.590	0.000	0.000	2.500	2.500	51.590	342.500	112.340	112.340	567.180	51.590		
51.600	0.000	0.000	2.500	2.500	51.600	334.280	112.340	113.710	560.330	51.600		
51.610	0.000	0.000	2.500	2.500	51.610	328.800	112.340	116.450	557.590	51.610		
51.620	0.000	0.000	2.500	2.500	51.620	324.690	112.340	116.450	553.480	51.620		
51.630	0.000	0.000	2.500	2.500	51.630	321.950	112.340	121.930	556.220	51.630		
51.640	0.000	0.000	2.500	2.500	51.640	319.210	113.710	124.670	557.590	51.640		
51.650	0.000	0.000	2.500	2.500	51.650	319.210	113.710	127.410	560.330	51.650		
51.660	0.000	0.000	2.500	2.500	51.660	316.470	113.710	128.780	558.960	51.660		
51.670	0.000	0.000	2.500	2.500	51.670	316.470	116.450	134.260	567.180	51.670		
51.680	0.000	0.000	0.000	0.000	51.680	312.360	119.190	139.740	571.290	51.680		
51.690	0.000	0.000	0.000	0.000	51.690	309.620	121.930	143.850	575.400	51.690		
51.700	0.000	0.000	0.000	0.000	51.700	304.140	127.410	152.070	583.620	51.700		
51.710	0.000	0.000	0.000	0.000	51.710	298.660	131.520	156.180	586.360	51.710		
51.720	0.000	0.000	0.000	0.000	51.720	294.550	134.260	158.920	587.730	51.720		
51.730	0.000	0.000	0.000	0.000	51.730	289.070	137.000	167.140	593.210	51.730		
51.740	0.000	0.000	0.000	0.000	51.740	282.150	138.510	171.000	591.660	51.740		
51.750	0.000	0.000	0.000	0.000	51.750	273.600	147.060	181.260	601.920	51.750		
51.760	0.000	0.000	0.000	0.000	51.760	266.760	148.770	191.520	607.050	51.760		
51.770	0.000	0.000	0.000	0.000	51.770	254.790	153.900	203.490	612.180	51.770		
51.780	0.000	0.000	0.000	0.000	51.780	241.110	159.030	218.880	619.020	51.780		
51.790	0.000	0.000	0.000	0.000	51.790	224.010	164.160	235.980	624.150	51.790		
51.800	0.000	0.000	0.000	0.000	51.800	206.910	165.870	254.790	627.570	51.800		
51.810	0.000	0.000	0.000	0.000	51.810	184.680	174.420	273.600	632.700	51.810		
51.820	0.000	0.000	0.000	0.000	51.820	162.450	174.420	294.120	630.990	51.820		
51.830	0.000	0.000	0.000	0.000	51.830	138.510	171.000	316.350	625.860	51.830		
51.840	0.000	0.000	0.000	0.000	51.840	116.280	169.290	336.870	622.440	51.840		
51.850	0.000	0.000	0.000	0.000	51.850	97.470	164.160	359.100	620.730	51.850		
51.860	0.000	0.000	0.000	0.000	51.860	76.950	153.900	381.330	612.180	51.860		
51.870	0.000	0.000	1.610	1.610	51.870	61.560	138.510	403.560	603.630	51.870		
51.880	0.000	0.000	24.150	24.150	51.880	49.590	126.540	427.500	603.630	51.880		
51.890	0.000	0.000	61.180	61.180	51.890	39.690	111.510	449.820	601.020	51.890		
51.900	0.000	0.000	94.990	94.990	51.900	28.350	94.500	461.160	584.010	51.900		
51.910	0.000	0.000	123.970	123.970	51.910	20.790	79.380	468.720	568.890	51.910		
51.920	0.000	1.610	156.170	157.780	51.920	17.010	64.260	472.500	553.770	51.920		
51.930	0.000	1.610	194.810	196.420	51.930	5.670	54.810	468.720	529.200	51.930		
51.940	0.000	4.830	233.450	238.280	51.940	1.890	43.470	464.940	510.300	51.940		
51.950	1.610	9.660	267.260	278.530	51.950	0.000	34.020	449.820	483.840	51.950		
51.960	1.610	14.490	291.410	307.510	51.960	0.000	26.460	427.140	453.600	51.960		
51.970	1.610	19.320	317.170	338.100	51.970	0.000	17.010	396.900	413.910	51.970		
51.980	4.830	27.370	339.710	371.910	51.980	0.000	5.670	359.100	364.770	51.980		
51.990	9.660	37.030	357.420	404.110	51.990	0.000	1.890	319.410	321.300	51.990		
52.000	9.660	43.470	376.740	429.870	52.000	0.000	0.000	268.380	268.380	52.000		
52.010	11.270	54.740	402.500	468.510	52.010	0.000	0.000	219.240	219.240	52.010		
52.020	10.500	63.000	426.300	499.800	52.020	0.000	0.000	171.990	171.990	52.020		
52.030	14.700	73.500	447.300	535.500	52.030	0.000	0.000	119.070	119.070	52.030		
52.040	16.800	81.900	466.200	564.900	52.040	0.000	0.000	80.000	80.000	52.040		
52.050	16.800	86.100	483.000	585.900	52.050	0.000	0.000	52.480	52.480	52.050		
52.060	18.900	92.400	499.800	611.100	52.060	0.000	0.000	34.880	34.880	52.060		
52.070	21.000	96.600	512.400	630.000	52.070	4.800	0.000	24.960	29.760	52.070		
52.080	21.000	96.600	518.700	636.300	52.080	7.360	0.000	14.720	22.080	52.080		
52.090	21.000	98.700	520.800	640.500	52.090	4.800	0.000	9.920	14.720	52.090		
52.100	23.100	98.700	525.000	646.800	52.100	7.360	0.000	7.360	14.720	52.100		
52.110	21.000	98.700	520.800	640.500	52.110	4.800	0.000	9.920	14.720	52.110		
52.120	21.000	96.600	518.700	636.300	52.120	4.800	0.000	4.800	9.600	52.120		
52.130	21.000	92.400	514.500	627.900	52.130	2.240	0.000	4.800	7.040	52.130		
52.140	21.000	86.100	506.100	613.200	52.140	4.800	0.000	4.800	9.600	52.140		
52.150	21.000	81.900	499.800	602.700	52.150	4.800	0.000	4.800	9.600	52.150		
52.160	21.000	75.600	491.400	588.000	52.160	4.800	0.000	2.240	7.040	52.160		
52.170	21.340	69.840	485.000	576.180	52.170	4.800	0.000	2.240	7.040	52.170		
52.180	19.400	64.020	477.240	560.660	52.180	4.800	0.000	0.000	4.800	52.180		
52.190	19.400	62.080	469.480	550.960	52.190	5.000	0.000	0.000	5.000	52.190		
52.200	21.340	58.200	465.600	545.140	52.200	2.500	0.000	0.000	2.500	52.200		
52.210	19.400	56.260	461.720	537.380	52.210	2.500	0.000	0.000	2.500	52.210		
52.220	21.340	56.260	455.900	533.500	52.220	2.500	0.000	0.000	2.500	52.220		
52.230	21.340	54.320	453.960	529.620	52.230	2.500	0.000	0.000	2.500	52.230		
52.240	21.340	54.320	453.960	529.620	52.240	2.500	0.000	0.000	2.500	52.240		
52.250	21.340	54.320	452.020	527.680	52.250	2.500	0.000	0.000	2.500	52.250		
52.260	23.280	54.320	448.140	525.740	52.260	2.500	0.000	0.000	2.500	52.260		
52.270	23.280	56.260	448.140	527.680	52.270	0.000	0.000	0.000	0.000	52.270		
52.280	27.160	58.200	448.140	533.500	52.280	2.500	0.000	0.000	2.500	52.280		
52.290	29.100	62.080	446.200	537.380	52.290	2.500	0.000	0.000	2.500	52.290		
52.300	31.040	65.960	446.200	543.200	52.300	0.000	0.000	2.500	2.500	52.300		
52.310	34.920	69.840	446.200	550.960	52.310	0.000	2.500	2.500	5.000	52.310		
52.320	37.170	76.110	442.500	555.780	52.320	0.000	2.500	0.000	2.500	52.320		
52.330	38.940	79.650	433.650	552.240	52.330	0.000	2.500	0.000	2.500	52.330		
52.340	38.940	81.420	424.800	545.160	52.340	0.000	0.000	0.000	0.000	52.340		
52.350	42.480	84.960	414.180	541.620	52.350	0.000	0.000	0.000	0.000	52.350		
52.360	44.250	86.730	407.100	538.080	52.360	0.000	2.500	0.000	2.500	52.360		
52.370	46.020	88.500	394.710	529.230	52.370	0.000	2.500	0.000	2.500	52.370		
52.380	49.560	97.350	382.320	529.230	52.380	0.000	0.000	0.000	0.000	52.380		
52.390	54.870	99.120	371.700	525.690	52.390	0.000	2.500	0.000	2.500	52.390		
52.400	61.950	104.430	361.080	527.460	52.400	0.000	0.000	0.000	0.000	52.400		
52.410	69.030	111.510	354.000	534.540	52.410	0.000	2.500	0.000	2.500	52.410		
52.420	76.110	116.820	346.920	539.850	52.420	0.000	2.500	0.000	2.500	52.420		
52.430	88.500	127.440	330.990	546.930	52.430	0.000	2.500	2.500	5.000	52.430		
52.440	100.890	130.980	316.830	548.700	52.440	0.000	2.500	2.500	5.000	52.440		
52.450	113.280	141.600	299.130	554.010	52.450	0.000	0.000	0.000	0.000	52.450		
52.460	127.440	148.680	276.120	552.240	52.460	2.500	2.500	0.000	5.000	52.460		
52.470	144.430	154.440	251.680	550.550	52.470	0.000	2.500	2.500	5.000	52.470		
52.480	161.590	158.730	227.370	547.690	52.480	0.000	2.500	0.000	2.500	52.480		
52.490	181.610	161.590	197.340	540.540	52.490	0.000	1.690	0.000	1.690	52.490		
52.500	204.490	161.590	164.450	530.530	52.500	3.380	0.000	0.000	3.380	52.500		
52.510	227.370	158.730	134.420	520.520	52.510	33.800	0.000	0.000	33.800	52.510		
52.520	251.680	151.580	101.530	504.790	52.520	79.430	0.000	0.000	79.430	52.520		
52.530	277.420	138.710	74.360	490.490	52.530	121.680	0.000	0.000	121.680	52.530		
52.540	301.730	121.550	54.340	477.620	52.540	147.030	0.000	0.000	147.030	52.540		
52.550	324.610	97.240	37.180	459.030	52.550	177.450	0.000	0.000	177.450	52.550		
52.560	344.630	78.650	27.170	450.450	52.560	216.320	1.690	0.000	218.010	52.560		
52.570	354.640	61.490	18.590	434.720	52.570	267.020	1.690	0.000	268.710	52.570		
52.580	357.500	47.190	11.440	416.130	52.580	310.960	3.380	1.690	316.030	52.580		
52.590	357.500	37.180	4.290	398.970	52.590	354.900	8.450	1.690	365.040	52.590		
52.600	348.920	27.170	1.430	377.520	52.600	388.700	18.590	1.690	408.980	52.600		
52.610	334.620	17.160	0.000	351.780	52.610	412.360	27.040	6.760	446.160	52.610		
52.620	310.000	9.920	0.000	319.920	52.620	419.120	43.940	8.450	471.510	52.620		
52.630	274.040	2.480	0.000	276.520	52.630	422.500	57.460	16.900	496.860	52.630		
52.640	239.320	0.000	0.000	239.320	52.640	423.500	70.000	26.250	519.750	52.640		
52.650	197.160	0.000	0.000	197.160	52.650	428.750	82.250	35.000	546.000	52.650		
52.660	155.000	0.000	0.000	155.000	52.660	432.250	91.000	42.000	565.250	52.660		
52.670	114.080	0.000	0.000	114.080	52.670	434.000	99.750	49.000	582.750	52.670		
52.680	79.360	0.000	0.000	79.360	52.680	437.500	106.750	56.000	600.250	52.680		
52.690	49.600	0.000	0.000	49.600	52.690	437.500	113.750	64.750	616.000	52.690		
52.700	27.280	0.000	2.480	29.760	52.700	437.500	119.000	71.750	628.250	52.700		
52.710	14.880	0.000	4.960	19.840	52.710	432.250	124.250	77.000	633.500	52.710		
52.720	2.480	0.000	7.440	9.920	52.720	427.000	129.500	87.500	644.000	52.720		
52.730	0.000	0.000	4.960	4.960	52.730	421.750	134.750	94.500	651.000	52.730		
52.740	0.000	0.000	4.960	4.960	52.740	414.750	134.750	96.250	645.750	52.740		
52.750	0.000	0.000	4.960	4.960	52.750	406.000	136.500	101.500	644.000	52.750		
52.760	0.000	0.000	4.960	4.960	52.760	397.250	140.000	105.000	642.250	52.760		
52.770	0.000	0.000	2.500	2.500	52.770	388.500	141.750	106.750	637.000	52.770		
52.780	0.000	0.000	5.000	5.000	52.780	376.250	140.000	108.500	624.750	52.780		
52.790	0.000	0.000	5.000	5.000	52.790	367.500	139.650	111.720	618.870	52.790		
52.800	0.000	0.000	2.500	2.500	52.800	357.210	139.650	114.660	611.520	52.800		
52.810	0.000	0.000	2.500	2.500	52.810	349.860	139.650	114.660	604.170	52.810		
52.820	0.000	0.000	2.500	2.500	52.820	341.040	136.710	116.130	593.880	52.820		
52.830	0.000	0.000	2.500	2.500	52.830	333.690	139.650	119.070	592.410	52.830		
52.840	0.000	0.000	2.500	2.500	52.840	326.340	136.710	122.010	585.060	52.840		
52.850	0.000	0.000	2.500	2.500	52.850	318.990	139.650	126.420	585.060	52.850		
52.860	0.000	0.000	2.500	2.500	52.860	314.580	139.650	129.360	583.590	52.860		
52.870	0.000	0.000	2.500	2.500	52.870	308.700	139.650	133.770	582.120	52.870		
52.880	0.000	0.000	2.500	2.500	52.880	307.230	141.120	141.120	589.470	52.880		
52.890	0.000	0.000	2.500	2.500	52.890	301.350	144.060	144.060	589.470	52.890		
52.900	0.000	0.000	2.500	2.500	52.900	296.940	144.060	151.410	592.410	52.900		
52.910	0.000	0.000	2.500	2.500	52.910	294.000	149.940	158.760	602.700	52.910		
52.920	0.000	0.000	2.490	2.490	52.920	286.650	149.940	166.110	602.700	52.920		
52.930	0.000	0.000	0.000	0.000	52.930	283.710	151.410	174.930	610.050	52.930		
52.940	0.000	0.000	2.490	2.490	52.940	277.500	152.070	182.040	611.610	52.940		
52.950	0.000	0.000	0.000	0.000	52.950	274.170	152.070	186.480	612.720	52.950		
52.960	0.000	0.000	0.000	0.000	52.960	269.730	152.070	192.030	613.830	52.960		
52.970	0.000	0.000	0.000	0.000	52.970	264.180	149.850	194.250	608.280	52.970		
52.980	0.000	0.000	0.000	0.000	52.980	261.960	152.070	194.250	608.280	52.980		
52.990	0.000	0.000	0.000	0.000	52.990	261.960	152.070	199.800	613.830	52.990		
53.000	0.000	0.000	0.000	0.000	53.000	261.960	152.070	202.020	616.050	53.000		
53.010	0.000	0.000	0.000	0.000	53.010	259.740	152.070	204.240	616.050	53.010		
53.020	0.000	0.000	0.000	0.000	53.020	259.740	154.290	209.790	623.820	53.020		
53.030	2.490	0.000	0.000	2.490	53.030	256.410	156.510	214.230	627.150	53.030		
53.040	2.490	0.000	0.000	2.490	53.040	251.970	156.510	219.780	628.260	53.040		
53.050	4.980	0.000	0.000	4.980	53.050	244.200	159.840	226.440	630.480	53.050		
53.060	7.500	0.000	0.000	7.500	53.060	234.210	162.060	234.210	630.480	53.060		
53.070	9.520	2.040	2.040	13.600	53.070	224.220	162.060	239.760	626.040	53.070		
53.080	14.960	4.760	4.760	24.480	53.080	209.790	162.060	249.750	621.600	53.080		
53.090	22.440	4.760	4.760	31.960	53.090	192.500	160.000	255.000	607.500	53.090		
53.100	29.920	7.480	7.480	44.880	53.100	172.500	157.500	262.500	592.500	53.100		
53.110	44.880	9.520	9.520	63.920	53.110	150.000	155.000	267.500	572.500	53.110		
53.120	54.400	12.240	9.520	76.160	53.120	130.000	150.000	277.500	557.500	53.120		
53.130	64.600	14.960	9.520	89.080	53.130	107.500	142.500	287.500	537.500	53.130		
53.140	76.840	14.960	12.240	104.040	53.140	85.000	135.000	295.000	515.000	53.140		
53.150	92.480	17.000	19.720	129.200	53.150	70.000	127.500	305.000	502.500	53.150		
53.160	107.440	22.440	29.920	159.800	53.160	57.500	117.500	312.500	487.500	53.160		
53.170	122.400	24.480	42.160	189.040	53.170	47.500	110.000	312.500	470.000	53.170		
53.180	134.640	27.200	54.400	216.240	53.180	37.500	102.500	310.000	450.000	53.180		
53.190	146.880	31.960	67.320	246.160	53.190	30.000	92.500	302.500	425.000	53.190		
53.200	159.800	34.680	76.840	271.320	53.200	20.000	85.000	287.500	392.500	53.200		
53.210	170.000	37.400	87.040	294.440	53.210	12.500	72.500	270.000	355.000	53.210		
53.220	187.480	41.420	97.010	325.910	53.220	5.000	65.000	247.500	317.500	53.220		
53.230	197.290	46.870	104.640	348.800	53.230	2.500	55.000	225.000	282.500	53.230		
53.240	209.280	52.320	114.450	376.050	53.240	0.000	42.350	192.500	234.850	53.240		
53.250	216.910	54.500	124.260	395.670	53.250	0.000	34.650	164.780	199.430	53.250		
53.260	224.540	59.950	137.340	421.830	53.260	0.000	29.260	139.370	168.630	53.260		
53.270	232.170	62.130	149.330	443.630	53.270	0.000	22.330	112.420	134.750	53.270		
53.280	239.800	66.490	164.590	470.880	53.280	0.000	14.630	89.320	103.950	53.280		
53.290	244.160	71.940	179.850	495.950	53.290	0.000	9.240	64.680	73.920	53.290		
53.300	251.790	79.570	191.840	523.200	53.300	2.310	4.620	46.970	53.900	53.300		
53.310	257.240	81.750	207.100	546.090	53.310	2.310	6.930	29.260	38.500	53.310		
53.320	261.600	87.200	216.910	565.710	53.320	4.620	2.310	16.940	23.870	53.320		
53.330	264.870	89.380	224.540	578.790	53.330	4.620	2.310	9.240	16.170	53.330		
53.340	269.230	94.830	229.990	594.050	53.340	2.310	2.310	6.930	11.550	53.340		
53.350	269.230	94.830	232.170	596.230	53.350	4.620	0.000	6.930	11.550	53.350		
53.360	272.500	97.010	232.170	601.680	53.360	2.310	0.000	4.620	6.930	53.360		
53.370	272.500	94.830	229.990	597.320	53.370	2.310	2.310	2.310	6.930	53.370		
53.380	272.500	94.830	229.990	597.320	53.380	2.310	0.000	2.310	4.620	53.380		
53.390	269.230	94.830	224.540	588.600	53.390	2.380	0.000	2.380	4.760	53.390		
53.400	264.870	91.560	222.360	578.790	53.400	2.380	0.000	2.380	4.760	53.400		
53.410	259.420	91.560	216.910	567.890	53.410	0.000	0.000	2.380	2.380	53.410		
53.420	253.970	89.380	216.910	560.260	53.420	2.380	2.380	12.240	17.000	53.420		
53.430	249.610	91.560	216.910	558.080	53.430	0.000	2.380	14.960	17.340	53.430		
53.440	241.980	91.560	216.910	550.450	53.440	0.000	4.760	19.720	24.480	53.440		
53.450	236.530	94.830	216.910	548.270	53.450	2.380	4.760	24.820	31.960	53.450		
53.460	229.990	94.830	216.910	541.730	53.460	4.760	7.480	29.920	42.160	53.460		
53.470	224.540	97.010	214.730	536.280	53.470	7.480	9.860	37.400	54.740	53.470		
53.480	222.360	94.830	209.280	526.470	53.480	9.860	12.240	47.260	69.360	53.480		
53.490	216.910	91.560	207.100	515.570	53.490	12.240	12.240	57.460	81.940	53.490		
53.500	214.730	91.560	204.920	511.210	53.500	14.960	14.960	67.320	97.240	53.500		
53.510	211.460	89.380	199.470	500.310	53.510	12.240	14.960	72.420	99.620	53.510		
53.520	207.500	87.150	191.730	486.380	53.520	12.240	17.340	74.800	104.380	53.520		
53.530	201.690	82.170	186.750	470.610	53.530	17.340	22.440	85.000	124.780	53.530		
53.540	194.220	79.680	184.260	458.160	53.540	24.840	27.000	92.340	144.180	53.540		
53.550	189.240	77.190	179.280	445.710	53.550	39.960	29.700	97.200	166.860	53.550		
53.560	184.260	74.700	176.790	435.750	53.560	54.540	37.260	102.060	193.860	53.560		
53.570	176.790	74.700	174.300	425.790	53.570	67.500	37.260	104.760	209.520	53.570		
53.580	166.830	72.210	169.320	408.360	53.580	74.520	39.960	109.620	224.100	53.580		
53.590	156.870	67.230	164.340	388.440	53.590	79.920	42.120	109.620	231.660	53.590		
53.600	149.400	64.740	161.850	375.990	53.600	84.780	39.960	109.620	234.360	53.600		
53.610	141.930	59.760	156.870	358.560	53.610	84.780	39.960	107.460	232.200	53.610		
53.620	136.950	57.270	151.890	346.110	53.620	89.640	39.960	107.460	237.060	53.620		
53.630	126.990	54.780	149.400	331.170	53.630	94.500	39.960	109.620	244.080	53.630		
53.640	122.010	52.290	144.420	318.720	53.640	102.060	42.120	109.620	253.800	53.640		
53.650	117.030	52.290	141.930	311.250	53.650	109.620	39.960	107.460	257.040	53.650		
53.660	112.050	52.290	141.930	306.270	53.660	117.180	39.960	107.460	264.600	53.660		
53.670	104.400	49.680	139.680	293.760	53.670	124.740	39.960	107.460	272.160	53.670		
53.680	99.360	49.680	139.680	288.720	53.680	135.000	39.960	107.460	282.420	53.680		
53.690	97.200	49.680	141.840	288.720	53.690	149.640	39.150	101.790	290.580	53.690		
53.700	92.160	51.840	144.720	288.720	53.700	159.210	39.150	99.180	297.540	53.700		
53.710	90.000	51.840	144.720	286.560	53.710	169.650	39.150	97.440	306.240	53.710		
53.720	87.120	54.720	146.880	288.720	53.720	179.220	37.410	92.220	308.850	53.720		
53.730	84.960	54.720	149.760	289.440	53.730	189.660	37.410	92.220	319.290	53.730		
53.740	79.920	54.720	154.800	289.440	53.740	197.490	37.410	89.610	324.510	53.740		
53.750	79.920	56.880	156.960	293.760	53.750	204.450	34.800	84.390	323.640	53.750		
53.760	74.880	59.760	162.000	296.640	53.760	209.670	34.800	81.780	326.250	53.760		
53.770	72.000	59.760	164.880	296.640	53.770	214.890	32.190	81.780	328.860	53.770		
53.780	72.000	59.760	169.920	301.680	53.780	217.500	32.190	79.170	328.860	53.780		
53.790	69.840	59.760	169.920	299.520	53.790	217.500	29.580	77.430	324.510	53.790		
53.800	69.840	61.920	174.960	306.720	53.800	217.500	29.580	77.430	324.510	53.800		
53.810	69.840	61.920	180.000	311.760	53.810	214.890	26.970	74.820	316.680	53.810		
53.820	69.560	59.940	176.860	306.360	53.820	212.280	26.970	69.600	308.850	53.820		
53.830	69.560	59.940	179.820	309.320	53.830	209.670	24.360	72.210	306.240	53.830		
53.840	67.340	56.980	182.040	306.360	53.840	207.060	24.360	69.600	301.020	53.840		
53.850	64.380	56.980	182.040	303.400	53.850	204.450	21.750	66.990	293.190	53.850		
53.860	64.380	59.940	185.000	309.320	53.860	207.060	24.360	69.600	301.020	53.860		
53.870	64.380	56.980	185.000	306.360	53.870	207.060	24.360	69.600	301.020	53.870		
53.880	59.940	54.760	185.000	299.700	53.880	207.060	24.360	66.990	298.410	53.880		
53.890	59.940	54.760	185.000	299.700	53.890	207.060	24.360	66.990	298.410	53.890		
53.900	56.980	54.760	182.040	293.780	53.900	207.060	24.360	66.990	298.410	53.900		
53.910	59.940	51.800	182.040	293.780	53.910	207.060	24.360	66.990	298.410	53.910		
53.920	56.980	51.800	182.040	290.820	53.920	207.060	24.360	66.990	298.410	53.920		
53.930	56.980	51.800	179.820	288.600	53.930	209.670	24.360	66.990	301.020	53.930		
53.940	56.980	49.580	176.860	283.420	53.940	209.670	24.360	66.990	301.020	53.940		
53.950	56.980	49.580	176.860	283.420	53.950	212.280	26.970	69.600	308.850	53.950		
53.960	56.980	49.580	176.860	283.420	53.960	214.890	26.970	72.210	314.070	53.960		
53.970	56.800	46.860	177.500	281.160	53.970	214.890	26.970	69.600	311.460	53.970		
53.980	56.800	49.700	177.500	284.000	53.980	217.500	26.970	72.210	316.680	53.980		
53.990	54.670	46.860	174.660	276.190	53.990	217.500	26.970	72.210	316.680	53.990		
54.000	56.800	49.700	174.660	281.160	54.000	217.500	26.970	72.210	316.680	54.000		
54.010	54.670	46.860	171.820	273.350	54.010	217.500	29.580	74.820	321.900	54.010		
54.020	56.800	49.700	171.820	278.320	54.020	217.500	29.580	74.820	321.900	54.020		
54.030	56.800	49.700	169.690	276.190	54.030	214.890	29.580	77.430	321.900	54.030		
54.040	56.800	51.830	169.690	278.320	54.040	212.280	29.580	79.170	321.030	54.040		
54.050	59.640	54.670	166.850	281.160	54.050	209.670	29.580	79.170	318.420	54.050		
54.060	62.480	56.800	161.880	281.160	54.060	204.450	29.580	81.780	315.810	54.060		
54.070	64.610	59.640	161.880	286.130	54.070	201.840	29.580	81.780	313.200	54.070		
54.080	67.450	62.480	159.750	289.680	54.080	199.230	29.580	81.780	310.590	54.080		
54.090	69.580	62.480	156.910	288.970	54.090	199.230	29.580	84.390	313.200	54.090		
54.100	72.420	64.610	154.780	291.810	54.100	194.880	29.580	87.000	311.460	54.100		
54.110	77.390	67.450	149.810	294.650	54.110	192.270	29.580	89.610	311.460	54.110		
54.120	79.460	69.600	145.000	294.060	54.120	189.660	32.190	92.220	314.070	54.120		
54.130	82.360	72.500	142.100	296.960	54.130	187.050	32.190	94.830	314.070	54.130		
54.140	84.680	74.820	137.460	296.960	54.140	185.000	31.820	96.940	313.760	54.140		
54.150	87.000	77.140	134.560	298.700	54.150	185.000	34.780	96.940	316.720	54.150		
54.160	89.900	77.140	132.240	299.280	54.160	182.040	34.780	102.120	318.940	54.160		
54.170	92.220	79.460	129.920	301.600	54.170	179.820	37.000	102.120	318.940	54.170		
54.180	94.540	77.140	124.700	296.380	54.180	174.640	37.000	104.340	315.980	54.180		
54.190	97.440	79.460	122.380	299.280	54.190	172.420	37.000	109.520	318.940	54.190		
54.200	99.760	79.460	119.480	298.700	54.200	169.460	37.000	109.520	315.980	54.200		
54.210	102.080	79.460	114.840	296.380	54.210	167.240	39.960	114.700	321.900	54.210		
54.220	104.980	79.460	109.620	294.060	54.220	164.280	39.960	116.920	321.160	54.220		
54.230	107.300	79.460	107.300	294.060	54.230	159.840	39.960	119.880	319.680	54.230		
54.240	107.300	79.460	102.080	288.840	54.240	159.840	39.960	122.100	321.900	54.240		
54.250	109.620	79.460	102.080	291.160	54.250	156.880	37.000	124.320	318.200	54.250		
54.260	109.620	79.460	99.760	288.840	54.260	156.880	37.000	127.280	321.160	54.260		
54.270	109.940	79.580	97.060	286.580	54.270	156.880	37.000	124.320	318.200	54.270		
54.280	109.940	79.580	99.820	289.340	54.280	154.660	34.780	127.280	316.720	54.280		
54.290	109.940	82.340	102.120	294.400	54.290	155.000	34.720	127.100	316.820	54.290		
54.300	107.180	82.340	102.120	291.640	54.300	155.000	34.720	127.100	316.820	54.300		
54.310	107.180	84.640	104.880	296.700	54.310	151.900	32.240	129.580	313.720	54.310		
54.320	109.940	84.640	104.880	299.460	54.320	155.000	34.720	129.580	319.300	54.320		
54.330	107.180	84.640	104.880	296.700	54.330	151.900	32.240	127.100	311.240	54.330		
54.340	107.180	87.400	107.180	301.760	54.340	149.420	32.240	127.100	308.760	54.340		
54.350	107.180	87.400	107.180	301.760	54.350	149.420	32.240	127.100	308.760	54.350		
54.360	107.180	89.700	107.180	304.060	54.360	149.420	32.240	127.100	308.760	54.360		
54.370	107.180	89.700	109.940	306.820	54.370	149.420	29.760	124.620	303.800	54.370		
54.380	107.180	92.460	109.940	309.580	54.380	149.420	27.280	124.620	301.320	54.380		
54.390	104.880	92.460	112.240	309.580	54.390	149.420	27.280	122.140	298.840	54.390		
54.400	104.880	92.460	115.000	312.340	54.400	149.420	24.800	119.660	293.880	54.400		
54.410	104.880	94.760	115.000	314.640	54.410	149.420	22.320	119.660	291.400	54.410		
54.420	102.500	97.500	117.500	317.500	54.420	151.900	22.320	117.180	291.400	54.420		
54.430	102.500	100.000	117.500	320.000	54.430	151.900	22.320	114.700	288.920	54.430		
54.440	100.000	100.000	117.500	317.500	54.440	155.000	22.320	114.700	292.020	54.440		
54.450	100.000	102.500	117.500	320.000	54.450	155.000	19.840	112.220	287.060	54.450		
54.460	100.000	105.000	120.000	325.000	54.460	155.000	19.840	109.740	284.580	54.460		
54.470	100.000	105.000	120.000	325.000	54.470	155.000	19.840	109.740	284.580	54.470		
54.480	100.000	107.500	122.500	330.000	54.480	151.900	17.360	107.260	276.520	54.480		
54.490	97.500	107.500	122.500	327.500	54.490	151.900	17.360	107.260	276.520	54.490		
54.500	97.500	110.000	122.500	330.000	54.500	155.000	17.360	104.780	277.140	54.500		
54.510	97.500	110.000	125.000	332.500	54.510	155.000	14.880	104.780	274.660	54.510		
54.520	97.500	112.500	125.000	335.000	54.520	155.000	17.360	102.300	274.660	54.520		
54.530	97.500	112.500	125.000	335.000	54.530	155.000	17.360	102.300	274.660	54.530		
54.540	95.000	115.000	125.000	335.000	54.540	155.000	17.360	102.300	274.660	54.540		
54.550	95.000	115.000	125.000	335.000	54.550	155.000	14.880	97.340	267.220	54.550		
54.560	92.500	115.000	125.000	332.500	54.560	155.000	17.360	97.340	269.700	54.560		
54.570	92.220	114.480	124.550	331.250	54.570	151.900	14.880	94.860	261.640	54.570		
54.580	89.570	112.360	127.200	329.130	54.580	155.000	17.360	97.340	269.700	54.580		
54.590	89.570	112.360	127.200	329.130	54.590	157.500	14.700	97.300	269.500	54.590		
54.600	89.570	112.360	127.200	329.130	54.600	157.500	17.500	94.500	269.500	54.600		
54.610	89.570	109.710	127.200	326.480	54.610	159.600	14.700	94.500	268.800	54.610		
54.620	89.570	109.710	129.850	329.130	54.620	159.600	14.700	92.400	266.700	54.620		
54.630	89.570	109.710	129.850	329.130	54.630	162.400	14.700	94.500	271.600	54.630		
54.640	87.450	109.710	132.500	329.660	54.640	162.400	17.500	94.500	274.400	54.640		
54.650	84.800	109.710	132.500	327.010	54.650	162.400	17.500	94.500	274.400	54.650		
54.660	84.800	107.060	132.500	324.360	54.660	164.500	17.500	94.500	276.500	54.660		
54.670	84.800	107.060	132.500	324.360	54.670	164.500	17.500	94.500	276.500	54.670		
54.680	82.150	104.940	132.500	319.590	54.680	167.300	19.600	94.500	281.400	54.680		
54.690	79.500	104.940	129.850	314.290	54.690	169.400	19.600	94.500	283.500	54.690		
54.700	79.500	104.940	132.500	316.940	54.700	172.200	19.600	94.500	286.300	54.700		
54.710	77.380	102.290	132.500	312.170	54.710	172.200	24.500	94.500	291.200	54.710		
54.720	77.470	99.430	134.810	311.710	54.720	175.000	22.400	97.300	294.700	54.720		
54.730	77.470	96.990	134.810	309.270	54.730	175.000	24.500	94.500	294.000	54.730		
54.740	74.420	94.550	134.810	303.780	54.740	177.120	27.360	94.320	298.800	54.740		
54.750	74.420	92.110	134.810	301.340	54.750	180.000	29.520	97.200	306.720	54.750		
54.760	77.470	89.670	137.250	304.390	54.760	180.000	29.520	97.200	306.720	54.760		
54.770	77.470	87.230	137.250	301.950	54.770	180.000	29.520	97.200	306.720	54.770		
54.780	79.910	84.790	139.690	304.390	54.780	177.120	32.400	99.360	308.880	54.780		
54.790	79.910	82.350	139.690	301.950	54.790	172.080	32.400	99.360	303.840	54.790		
54.800	82.350	82.350	142.130	306.830	54.800	169.920	32.400	102.240	304.560	54.800		
54.810	84.790	82.350	142.130	309.270	54.810	164.880	32.400	104.400	301.680	54.810		
54.820	87.230	79.910	142.130	309.270	54.820	162.000	32.400	107.280	301.680	54.820		
54.830	89.670	77.470	142.130	309.270	54.830	156.960	34.560	107.280	298.800	54.830		
54.840	92.110	77.470	144.570	314.150	54.840	149.760	34.560	107.280	291.600	54.840		
54.850	94.550	77.470	149.450	321.470	54.850	144.720	37.440	109.440	291.600	54.850		
54.860	99.430	79.910	152.500	331.840	54.860	136.800	37.440	112.320	286.560	54.860		
54.870	102.480	82.320	154.560	339.360	54.870	124.560	39.600	114.480	278.640	54.870		
54.880	102.480	84.840	157.080	344.400	54.880	114.480	39.600	117.360	271.440	54.880		
54.890	105.000	84.840	159.600	349.440	54.890	102.000	39.780	124.950	266.730	54.890		
54.900	106.680	87.360	159.600	353.640	54.900	89.760	39.780	124.950	254.490	54.900		
54.910	109.200	89.880	162.120	361.200	54.910	77.010	37.230	124.950	239.190	54.910		
54.920	111.720	92.400	164.640	368.760	54.920	64.770	37.230	127.500	229.500	54.920		
54.930	114.240	94.920	169.680	378.840	54.930	52.020	37.230	124.950	214.200	54.930		
54.940	116.760	97.440	174.720	388.920	54.940	42.330	37.230	122.400	201.960	54.940		
54.950	116.760	97.440	177.240	391.440	54.950	34.680	37.230	114.750	186.660	54.950		
54.960	124.320	99.960	179.760	404.040	54.960	29.580	37.230	107.100	173.910	54.960		
54.970	129.360	102.480	184.800	416.640	54.970	24.990	37.230	97.410	159.630	54.970		
54.980	131.880	105.000	189.840	426.720	54.980	17.340	37.230	84.660	139.230	54.980		
54.990	136.920	105.000	192.360	434.280	54.990	12.240	37.230	67.320	116.790	54.990		
55.000	139.440	106.680	199.920	446.040	55.000	9.690	34.680	54.570	98.940	55.000		
55.010	141.960	109.200	210.000	461.160	55.010	9.690	34.680	39.780	84.150	55.010		
55.020	141.570	112.320	219.960	473.850	55.020	7.140	32.130	29.580	68.850	55.020		
55.030	147.420	114.660	229.320	491.400	55.030	7.140	27.030	19.890	54.060	55.030		
55.040	147.420	114.660	239.850	501.930	55.040	7.440	20.000	12.480	39.920	55.040		
55.050	149.760	117.000	249.210	515.970	55.050	7.440	17.440	10.000	34.880	55.050		
55.060	152.100	117.000	257.400	526.500	55.060	7.440	12.480	4.960	24.880	55.060		
55.070	156.780	119.340	266.760	542.880	55.070	2.480	4.960	2.480	9.920	55.070		
55.080	159.120	119.340	274.950	553.410	55.080	0.000	4.960	0.000	4.960	55.080		
55.090	161.460	121.680	281.970	565.110	55.090	0.000	2.480	0.000	2.480	55.090		
55.100	161.460	124.020	286.650	572.130	55.100	0.000	2.480	0.000	2.480	55.100		
55.110	164.970	124.020	288.990	577.980	55.110	0.000	0.000	0.000	0.000	55.110		
55.120	164.970	126.360	292.500	583.830	55.120	0.000	0.000	0.000	0.000	55.120		
55.130	164.970	124.020	288.990	577.980	55.130	0.000	0.000	0.000	0.000	55.130		
55.140	169.650	126.360	286.650	582.660	55.140	0.000	0.000	0.000	0.000	55.140		
55.150	169.650	126.360	284.310	580.320	55.150	0.000	0.000	0.000	0.000	55.150		
55.160	169.650	126.360	281.970	577.980	55.160	0.000	0.000	0.000	0.000	55.160		
55.170	172.050	124.320	277.500	573.870	55.170	0.000	0.000	0.000	0.000	55.170		
55.180	174.270	124.320	274.170	572.760	55.180	0.000	0.000	2.480	2.480	55.180		
55.190	174.270	124.320	271.950	570.540	55.190	0.000	0.000	0.000	0.000	55.190		
55.200	176.490	124.320	269.730	570.540	55.200	0.000	0.000	0.000	0.000	55.200		
55.210	182.040	124.320	269.730	576.090	55.210	0.000	0.000	0.000	0.000	55.210		
55.220	184.260	124.320	269.730	578.310	55.220	0.000	0.000	0.000	0.000	55.220		
55.230	186.480	124.320	269.730	580.530	55.230	0.000	0.000	0.000	0.000	55.230		
55.240	189.810	122.100	269.730	581.640	55.240	0.000	0.000	2.490	2.490	55.240		
55.250	194.250	119.880	269.730	583.860	55.250	0.000	0.000	0.000	0.000	55.250		
55.260	196.470	119.880	269.730	586.080	55.260	0.000	0.000	0.000	0.000	55.260		
55.270	199.800	116.550	269.730	586.080	55.270	2.490	0.000	0.000	2.490	55.270		
55.280	202.020	114.330	269.730	586.080	55.280	2.490	0.000	0.000	2.490	55.280		
55.290	202.020	114.330	271.950	588.300	55.290	2.490	0.000	0.000	2.490	55.290		
55.300	202.020	109.890	274.170	586.080	55.300	2.490	0.000	2.490	4.980	55.300		
55.310	202.020	109.890	274.170	586.080	55.310	2.490	0.000	2.490	4.980	55.310		
55.320	204.240	104.340	277.500	586.080	55.320	4.980	0.000	7.500	12.480	55.320		
55.330	204.240	102.120	277.500	583.860	55.330	7.500	0.000	4.980	12.480	55.330		
55.340	202.020	96.570	277.500	576.090	55.340	9.090	0.000	9.090	18.180	55.340		
55.350	202.020	94.350	274.170	570.540	55.350	14.140	0.000	9.090	23.230	55.350		
55.360	202.020	89.910	269.730	561.660	55.360	22.220	0.000	12.120	34.340	55.360		
55.370	202.020	86.580	259.740	548.340	55.370	37.370	0.000	17.170	54.540	55.370		
55.380	204.240	79.920	251.970	536.130	55.380	61.610	2.020	22.220	85.850	55.380		
55.390	204.240	74.370	239.760	518.370	55.390	91.910	2.020	27.270	121.200	55.390		
55.400	206.460	66.600	222.000	495.060	55.400	117.160	4.040	32.320	153.520	55.400		
55.410	209.790	59.940	202.020	471.750	55.410	134.330	7.070	37.370	178.770	55.410		
55.420	209.790	49.950	176.490	436.230	55.420	147.460	7.070	39.390	193.920	55.420		
55.430	212.010	42.180	149.850	404.040	55.430	161.600	9.090	44.440	215.130	55.430		
55.440	212.010	32.190	122.100	366.300	55.440	179.780	12.120	49.490	241.390	55.440		
55.450	214.230	24.420	96.570	335.220	55.450	196.950	14.140	54.540	265.630	55.450		
55.460	214.230	16.650	69.930	300.810	55.460	214.120	17.170	59.590	290.880	55.460		
55.470	212.500	11.900	49.300	273.700	55.470	234.320	22.220	66.660	323.200	55.470		
55.480	202.300	6.800	37.400	246.500	55.480	252.500	24.240	76.760	353.500	55.480		
55.490	189.550	4.250	32.300	226.100	55.490	276.610	25.870	81.590	384.070	55.490		
55.500	171.700	4.250	27.200	203.150	55.500	296.510	29.850	89.550	415.910	55.500		
55.510	154.700	1.700	19.550	175.950	55.510	316.410	33.830	93.530	443.770	55.510		
55.520	131.750	1.700	14.450	147.900	55.520	338.300	35.820	103.480	477.600	55.520		
55.530	112.200	0.000	11.900	124.100	55.530	356.210	39.800	107.460	503.470	55.530		
55.540	89.250	1.700	9.350	100.300	55.540	376.110	41.790	109.450	527.350	55.540		
55.550	72.250	0.000	6.800	79.050	55.550	396.010	43.780	113.430	553.220	55.550		
55.560	54.400	0.000	6.800	61.200	55.560	413.920	45.770	117.410	577.100	55.560		
55.570	42.500	0.000	6.800	49.300	55.570	431.830	45.770	117.410	595.010	55.570		
55.580	29.750	0.000	6.800	36.550	55.580	449.740	49.750	117.410	616.900	55.580		
55.590	17.000	0.000	4.250	21.250	55.590	461.680	49.750	117.410	628.840	55.590		
55.600	6.800	1.700	4.250	12.750	55.600	473.620	49.750	119.400	642.770	55.600		
55.610	4.250	0.000	4.250	8.500	55.610	485.560	49.750	117.410	652.720	55.610		
55.620	5.000	0.000	2.500	7.500	55.620	491.530	49.750	117.410	658.690	55.620		
55.630	5.000	0.000	2.500	7.500	55.630	497.500	49.750	117.410	664.660	55.630		
55.640	2.500	0.000	2.500	5.000	55.640	497.500	49.750	113.430	660.680	55.640		
55.650	2.500	2.500	2.500	7.500	55.650	493.520	51.740	113.430	658.690	55.650		
55.660	2.500	2.500	2.500	7.500	55.660	489.540	49.750	111.440	650.730	55.660		
55.670	0.000	0.000	0.000	0.000	55.670	485.560	49.750	113.430	648.740	55.670		
55.680	2.500	0.000	0.000	2.500	55.680	483.570	49.750	109.450	642.770	55.680		
55.690	0.000	0.000	0.000	0.000	55.690	479.590	51.740	107.460	638.790	55.690		
55.700	0.000	2.500	0.000	2.500	55.700	475.610	51.740	103.480	630.830	55.700		
55.710	0.000	0.000	0.000	0.000	55.710	475.610	49.750	99.500	624.860	55.710		
55.720	0.000	0.000	0.000	0.000	55.720	475.610	51.740	93.530	620.880	55.720		
55.730	0.000	0.000	0.000	0.000	55.730	479.590	53.730	89.550	622.870	55.730		
55.740	0.000	0.000	0.000	0.000	55.740	481.580	55.720	81.590	618.890	55.740		
55.750	0.000	0.000	0.000	0.000	55.750	483.570	55.720	73.630	612.920	55.750		
55.760	0.000	0.000	0.000	0.000	55.760	489.540	59.700	69.650	618.890	55.760		
55.770	0.000	0.000	0.000	0.000	55.770	491.530	63.680	61.690	616.900	55.770		
55.780	0.000	0.000	0.000	0.000	55.780	493.520	65.670	53.730	612.920	55.780		
55.790	0.000	2.500	0.000	2.500	55.790	498.150	71.750	49.200	619.100	55.790		
55.800	0.000	0.000	0.000	0.000	55.800	504.300	73.800	47.150	625.250	55.800		
55.810	0.000	2.500	0.000	2.500	55.810	506.350	75.850	41.000	623.200	55.810		
55.820	0.000	0.000	0.000	0.000	55.820	508.400	79.950	38.950	627.300	55.820		
55.830	0.000	0.000	0.000	0.000	55.830	512.500	84.050	34.850	631.400	55.830		
55.840	0.000	0.000	0.000	0.000	55.840	508.400	84.050	34.850	627.300	55.840		
55.850	0.000	0.000	0.000	0.000	55.850	512.500	88.150	30.750	631.400	55.850		
55.860	0.000	0.000	0.000	0.000	55.860	508.400	88.150	30.750	627.300	55.860		
55.870	0.000	0.000	0.000	0.000	55.870	506.350	88.150	28.700	623.200	55.870		
55.880	0.000	0.000	0.000	0.000	55.880	506.350	92.250	26.650	625.250	55.880		
55.890	0.000	0.000	0.000	0.000	55.890	504.300	94.300	26.650	625.250	55.890		
55.900	0.000	0.000	0.000	0.000	55.900	502.250	96.350	26.650	625.250	55.900		
55.910	0.000	0.000	0.000	0.000	55.910	498.150	102.500	26.650	627.300	55.910		
55.920	0.000	0.000	0.000	0.000	55.920	492.000	102.500	20.500	615.000	55.920		
55.930	0.000	0.000	0.000	0.000	55.930	485.850	104.550	24.600	615.000	55.930		
55.940	0.000	0.000	0.000	0.000	55.940	482.500	106.150	21.230	609.880	55.940		
55.950	0.000	0.000	0.000	0.000	55.950	478.640	106.150	19.300	604.090	55.950		
55.960	0.000	0.000	0.000	0.000	55.960	478.640	104.220	17.370	600.230	55.960		
55.970	0.000	0.000	0.000	0.000	55.970	478.640	102.290	13.510	594.440	55.970		
55.980	0.000	4.800	0.000	4.800	55.980	476.710	98.430	13.510	588.650	55.980		
55.990	2.400	7.500	0.000	9.900	55.990	476.710	98.430	13.510	588.650	55.990		
56.000	7.500	12.300	0.000	19.800	56.000	474.780	96.500	11.580	582.860	56.000		
56.010	9.900	17.400	4.800	32.100	56.010	470.920	94.570	11.580	577.070	56.010		
56.020	19.800	24.900	9.900	54.600	56.020	463.200	88.780	9.650	561.630	56.020		
56.030	27.300	37.500	15.000	79.800	56.030	457.410	86.850	9.650	553.910	56.030		
56.040	42.300	49.800	22.500	114.600	56.040	443.900	81.060	5.790	530.750	56.040		
56.050	57.300	62.400	37.500	157.200	56.050	428.460	79.130	5.790	513.380	56.050		
56.060	75.000	72.300	52.500	199.800	56.060	409.160	71.410	3.860	484.430	56.060		
56.070	89.600	84.800	64.800	239.200	56.070	382.140	65.620	3.860	451.620	56.070		
56.080	100.000	94.400	69.600	264.000	56.080	351.260	55.970	1.930	409.160	56.080		
56.090	109.600	102.400	74.400	286.400	56.090	320.000	52.480	0.000	372.480	56.090		
56.100	116.800	104.800	80.000	301.600	56.100	291.840	47.360	0.000	339.200	56.100		
56.110	127.200	107.200	82.400	316.800	56.110	264.960	39.680	0.000	304.640	56.110		
56.120	134.400	114.400	87.200	336.000	56.120	234.240	34.560	0.000	268.800	56.120		
56.130	140.000	120.000	92.000	352.000	56.130	209.920	29.440	0.000	239.360	56.130		
56.140	149.600	122.400	96.800	368.800	56.140	186.880	26.880	0.000	213.760	56.140		
56.150	154.400	124.800	104.800	384.000	56.150	161.280	24.320	0.000	185.600	56.150		
56.160	162.400	127.200	114.400	404.000	56.160	139.520	19.200	0.000	158.720	56.160		
56.170	169.600	127.200	127.200	424.000	56.170	121.600	19.200	0.000	140.800	56.170		
56.180	180.000	129.600	136.800	446.400	56.180	102.400	16.640	0.000	119.040	56.180		
56.190	189.600	129.600	147.200	466.400	56.190	84.480	14.080	0.000	98.560	56.190		
56.200	194.400	134.400	160.000	488.800	56.200	66.560	11.520	0.000	78.080	56.200		
56.210	200.000	136.800	172.000	508.800	56.210	52.480	11.520	0.000	64.000	56.210		
56.220	205.000	140.000	185.000	530.000	56.220	39.680	8.960	0.000	48.640	56.220		
56.230	207.000	140.000	195.000	542.000	56.230	29.440	6.400	0.000	35.840	56.230		
56.240	207.000	142.000	202.000	551.000	56.240	15.000	4.980	0.000	19.980	56.240		
56.250	210.000	145.000	212.000	567.000	56.250	7.500	2.460	0.000	9.960	56.250		
56.260	212.000	142.000	220.000	574.000	56.260	2.460	2.460	0.000	4.920	56.260		
56.270	212.000	140.000	225.000	577.000	56.270	2.460	2.460	2.460	7.380	56.270		
56.280	215.000	137.000	230.000	582.000	56.280	0.000	0.000	0.000	0.000	56.280		
56.290	217.000	137.000	232.000	586.000	56.290	2.460	0.000	0.000	2.460	56.290		
56.300	215.000	135.000	237.000	587.000	56.300	0.000	0.000	0.000	0.000	56.300		
56.310	215.000	135.000	237.000	587.000	56.310	0.000	0.000	0.000	0.000	56.310		
56.320	217.000	132.000	240.000	589.000	56.320	0.000	0.000	0.000	0.000	56.320		
56.330	215.000	127.000	242.000	584.000	56.330	0.000	0.000	0.000	0.000	56.330		
56.340	212.000	127.000	245.000	584.000	56.340	0.000	0.000	0.000	0.000	56.340		
56.350	207.000	127.000	247.000	581.000	56.350	0.000	0.000	0.000	0.000	56.350		
56.360	202.000	127.000	250.000	579.000	56.360	0.000	0.000	0.000	0.000	56.360		
56.370	194.810	127.050	254.100	575.960	56.370	0.000	0.000	0.000	0.000	56.370		
56.380	186.340	124.630	258.940	569.910	56.380	0.000	0.000	0.000	0.000	56.380		
56.390	179.080	124.630	267.410	571.120	56.390	0.000	0.000	0.000	0.000	56.390		
56.400	169.400	122.210	274.670	566.280	56.400	0.000	0.000	0.000	0.000	56.400		
56.410	162.140	124.630	281.930	568.700	56.410	0.000	0.000	0.000	0.000	56.410		
56.420	154.880	122.210	289.190	566.280	56.420	0.000	0.000	0.000	0.000	56.420		
56.430	148.830	124.630	296.450	569.910	56.430	0.000	0.000	0.000	0.000	56.430		
56.440	146.410	127.050	302.500	575.960	56.440	0.000	0.000	0.000	0.000	56.440		
56.450	143.990	129.470	302.500	575.960	56.450	0.000	0.000	0.000	0.000	56.450		
56.460	143.990	129.470	302.500	575.960	56.460	0.000	0.000	0.000	0.000	56.460		
56.470	143.990	129.470	302.500	575.960	56.470	0.000	0.000	0.000	0.000	56.470		
56.480	141.570	131.890	298.870	572.330	56.480	0.000	0.000	0.000	0.000	56.480		
56.490	141.570	134.310	298.870	574.750	56.490	0.000	0.000	0.000	0.000	56.490		
56.500	139.150	134.310	296.450	569.910	56.500	0.000	0.000	0.000	0.000	56.500		
56.510	136.730	131.890	294.030	562.650	56.510	0.000	0.000	0.000	0.000	56.510		
56.520	136.890	132.210	292.500	561.600	56.520	0.000	0.000	0.000	0.000	56.520		
56.530	134.550	126.360	288.990	549.900	56.530	0.000	0.000	0.000	0.000	56.530		
56.540	132.210	126.360	288.990	547.560	56.540	7.260	0.000	0.000	7.260	56.540		
56.550	132.210	124.020	288.990	545.220	56.550	27.060	1.980	0.000	29.040	56.550		
56.560	129.870	124.020	292.500	546.390	56.560	49.500	4.620	4.620	58.740	56.560		
56.570	126.360	121.680	288.990	537.030	56.570	67.320	7.260	4.620	79.200	56.570		
56.580	124.020	117.000	284.310	525.330	56.580	79.860	7.260	4.620	91.740	56.580		
56.590	121.680	112.320	274.950	508.950	56.590	84.480	9.900	7.260	101.640	56.590		
56.600	119.340	109.980	266.760	496.080	56.600	92.400	9.900	7.260	109.560	56.600		
56.610	121.680	106.470	257.400	485.550	56.610	97.020	11.880	9.900	118.800	56.610		
56.620	121.680	104.130	246.870	472.680	56.620	102.300	11.880	11.880	126.060	56.620		
56.630	119.340	99.450	239.850	458.640	56.630	106.920	14.520	14.520	135.960	56.630		
56.640	121.680	97.110	229.320	448.110	56.640	114.840	14.520	14.520	143.880	56.640		
56.650	119.340	94.770	219.960	434.070	56.650	124.740	17.160	17.160	159.060	56.650		
56.660	119.340	88.920	209.430	417.690	56.660	139.920	19.800	19.800	179.520	56.660		
56.670	120.000	84.800	200.000	404.800	56.670	149.820	22.440	22.440	194.700	56.670		
56.680	120.000	76.800	182.400	379.200	56.680	165.000	24.420	24.420	213.840	56.680		
56.690	116.800	67.200	164.800	348.800	56.690	181.800	27.000	28.800	237.600	56.690		
56.700	120.000	60.000	140.000	320.000	56.700	201.600	32.400	36.000	270.000	56.700		
56.710	127.200	49.600	109.600	286.400	56.710	219.600	34.200	41.400	295.200	56.710		
56.720	136.800	40.000	80.000	256.800	56.720	241.200	36.000	46.800	324.000	56.720		
56.730	144.800	27.200	47.200	219.200	56.730	264.600	39.600	55.800	360.000	56.730		
56.740	152.000	20.000	27.200	199.200	56.740	289.800	45.000	64.800	399.600	56.740		
56.750	154.400	14.400	22.400	191.200	56.750	316.800	46.800	72.000	435.600	56.750		
56.760	147.200	9.600	14.400	171.200	56.760	343.800	48.600	77.400	469.800	56.760		
56.770	136.800	7.200	7.200	151.200	56.770	369.000	54.000	84.600	507.600	56.770		
56.780	124.800	4.800	4.800	134.400	56.780	388.800	55.800	90.000	534.600	56.780		
56.790	107.200	2.400	2.400	112.000	56.790	405.000	61.200	93.600	559.800	56.790		
56.800	89.600	2.400	0.000	92.000	56.800	419.400	66.600	99.000	585.000	56.800		
56.810	69.600	0.000	0.000	69.600	56.810	432.000	68.400	106.200	606.600	56.810		
56.820	50.000	0.000	0.000	50.000	56.820	439.200	68.400	111.600	619.200	56.820		
56.830	32.400	0.000	0.000	32.400	56.830	450.000	73.800	117.000	640.800	56.830		
56.840	17.400	0.000	0.000	17.400	56.840	454.480	77.280	123.280	655.040	56.840		
56.850	5.000	0.000	0.000	5.000	56.850	460.000	79.120	128.800	667.920	56.850		
56.860	2.400	2.400	0.000	4.800	56.860	460.000	80.960	134.320	675.280	56.860		
56.870	0.000	2.400	0.000	2.400	56.870	460.000	80.960	136.160	677.120	56.870		
56.880	0.000	2.400	0.000	2.400	56.880	456.320	80.960	139.840	677.120	56.880		
56.890	0.000	2.400	0.000	2.400	56.890	450.800	80.960	139.840	671.600	56.890		
56.900	0.000	2.400	0.000	2.400	56.900	443.440	80.960	141.680	666.080	56.900		
56.910	0.000	0.000	0.000	0.000	56.910	436.080	79.120	141.680	656.880	56.910		
56.920	0.000	2.400	0.000	2.400	56.920	432.400	77.280	141.680	651.360	56.920		
56.930	0.000	0.000	0.000	0.000	56.930	426.880	73.600	141.680	642.160	56.930		
56.940	0.000	0.000	0.000	0.000	56.940	421.360	71.760	141.680	634.800	56.940		
56.950	0.000	0.000	0.000	0.000	56.950	414.000	66.240	139.840	620.080	56.950		
56.960	0.000	0.000	0.000	0.000	56.960	412.160	64.400	136.160	612.720	56.960		
56.970	0.000	2.500	0.000	2.500	56.970	408.480	60.720	134.320	603.520	56.970		
56.980	0.000	0.000	0.000	0.000	56.980	408.480	60.720	132.480	601.680	56.980		
56.990	0.000	0.000	0.000	0.000	56.990	409.150	61.790	128.590	599.530	56.990		
57.000	0.000	0.000	0.000	0.000	57.000	409.150	61.790	126.920	597.860	57.000		
57.010	0.000	0.000	0.000	0.000	57.010	412.490	61.790	126.920	601.200	57.010		
57.020	0.000	0.000	0.000	0.000	57.020	412.490	61.790	126.920	601.200	57.020		
57.030	0.000	0.000	0.000	0.000	57.030	414.160	61.790	123.580	599.530	57.030		
57.040	0.000	0.000	0.000	0.000	57.040	414.160	61.790	123.580	599.530	57.040		
57.050	0.000	0.000	0.000	0.000	57.050	417.500	63.460	123.580	604.540	57.050		
57.060	0.000	0.000	0.000	0.000	57.060	417.500	66.800	126.920	611.220	57.060		
57.070	0.000	0.000	0.000	0.000	57.070	417.500	68.470	128.590	614.560	57.070		
57.080	0.000	0.000	0.000	0.000	57.080	414.160	71.810	131.930	617.900	57.080		
57.090	0.000	0.000	0.000	0.000	57.090	412.490	71.810	131.930	616.230	57.090		
57.100	0.000	0.000	0.000	0.000	57.100	409.150	76.820	138.610	624.580	57.100		
57.110	0.000	0.000	0.000	0.000	57.110	404.140	78.490	143.620	626.250	57.110		
57.120	0.000	0.000	0.000	0.000	57.120	397.460	83.500	151.970	632.930	57.120		
57.130	0.000	0.000	0.000	0.000	57.130	387.440	91.850	163.660	642.950	57.130		
57.140	0.000	0.000	0.000	0.000	57.140	374.360	96.040	176.400	646.800	57.140		
57.150	0.000	0.000	0.000	0.000	57.150	356.720	103.880	192.080	652.680	57.150		
57.160	0.000	0.000	0.000	0.000	57.160	337.120	111.720	209.720	658.560	57.160		
57.170	0.000	0.000	0.000	0.000	57.170	315.560	121.520	229.320	666.400	57.170		
57.180	0.000	0.000	0.000	0.000	57.180	292.040	129.360	248.920	670.320	57.180		
57.190	2.500	0.000	0.000	2.500	57.190	264.600	137.200	268.520	670.320	57.190		
57.200	0.000	0.000	0.000	0.000	57.200	233.240	141.120	292.040	666.400	57.200		
57.210	0.000	0.000	0.000	0.000	57.210	203.840	143.080	311.640	658.560	57.210		
57.220	0.000	0.000	0.000	0.000	57.220	174.440	143.080	337.120	654.640	57.220		
57.230	0.000	0.000	0.000	0.000	57.230	143.080	143.080	360.640	646.800	57.230		
57.240	2.500	0.000	0.000	2.500	57.240	113.680	139.160	386.120	638.960	57.240		
57.250	0.000	0.000	0.000	0.000	57.250	86.240	131.320	411.600	629.160	57.250		
57.260	0.000	0.000	0.000	0.000	57.260	64.680	123.480	437.080	625.240	57.260		
57.270	0.000	0.000	0.000	0.000	57.270	49.000	113.680	460.600	623.280	57.270		
57.280	0.000	0.000	0.000	0.000	57.280	39.200	99.960	490.000	629.160	57.280		
57.290	0.000	2.100	11.550	13.650	57.290	29.510	86.260	515.290	631.060	57.290		
57.300	0.000	0.000	29.400	29.400	57.300	20.430	77.180	535.720	633.330	57.300		
57.310	0.000	0.000	54.600	54.600	57.310	11.350	63.560	551.610	626.520	57.310		
57.320	0.000	0.000	84.000	84.000	57.320	4.540	54.480	560.690	619.710	57.320		
57.330	0.000	2.100	114.450	116.550	57.330	0.000	45.400	567.500	612.900	57.330		
57.340	0.000	4.200	147.000	151.200	57.340	0.000	36.320	562.960	599.280	57.340		
57.350	0.000	7.350	181.650	189.000	57.350	0.000	27.240	558.420	585.660	57.350		
57.360	0.000	11.550	217.350	228.900	57.360	0.000	20.430	549.340	569.770	57.360		
57.370	0.000	16.800	234.150	250.950	57.370	0.000	15.890	531.180	547.070	57.370		
57.380	2.100	22.050	241.500	265.650	57.380	0.000	11.350	506.210	517.560	57.380		
57.390	2.100	27.300	244.650	274.050	57.390	0.000	6.810	474.430	481.240	57.390		
57.400	4.200	36.750	249.900	290.850	57.400	0.000	4.540	435.840	440.380	57.400		
57.410	4.200	47.250	262.500	313.950	57.410	0.000	2.270	381.360	383.630	57.410		
57.420	9.540	63.600	276.660	349.800	57.420	0.000	0.000	322.340	322.340	57.420		
57.430	11.130	84.270	294.150	389.550	57.430	0.000	0.000	263.320	263.320	57.430		
57.440	17.490	98.580	311.640	427.710	57.440	0.000	0.000	202.500	202.500	57.440		
57.450	22.260	114.480	333.900	470.640	57.450	0.000	0.000	144.990	144.990	57.450		
57.460	28.620	127.200	351.390	507.210	57.460	0.000	0.000	102.060	102.060	57.460		
57.470	31.800	139.920	368.880	540.600	57.470	0.000	0.000	67.230	67.230	57.470		
57.480	34.980	149.460	381.600	566.040	57.480	0.000	0.000	44.550	44.550	57.480		
57.490	39.750	157.410	391.140	588.300	57.490	0.000	0.000	29.970	29.970	57.490		
57.500	44.520	163.770	397.500	605.790	57.500	0.000	2.430	19.440	21.870	57.500		
57.510	44.520	166.950	397.500	608.970	57.510	0.000	0.000	9.720	9.720	57.510		
57.520	49.290	168.540	391.140	608.970	57.520	0.000	0.000	9.720	9.720	57.520		
57.530	49.290	171.720	389.550	610.560	57.530	0.000	0.000	7.290	7.290	57.530		
57.540	49.290	171.720	386.370	607.380	57.540	0.000	0.000	7.290	7.290	57.540		
57.550	49.290	166.950	381.600	597.840	57.550	0.000	0.000	4.860	4.860	57.550		
57.560	49.290	162.180	378.420	589.890	57.560	0.000	0.000	7.290	7.290	57.560		
57.570	49.500	151.500	375.000	576.000	57.570	0.000	0.000	4.860	4.860	57.570		
57.580	46.500	144.000	372.000	562.500	57.580	0.000	0.000	4.860	4.860	57.580		
57.590	46.500	139.500	369.000	555.000	57.590	0.000	0.000	5.000	5.000	57.590		
57.600	46.500	136.500	364.500	547.500	57.600	0.000	0.000	2.500	2.500	57.600		
57.610	49.500	136.500	352.500	538.500	57.610	0.000	0.000	2.500	2.500	57.610		
57.620	52.500	136.500	342.000	531.000	57.620	0.000	0.000	2.500	2.500	57.620		
57.630	52.500	139.500	331.500	523.500	57.630	0.000	0.000	2.500	2.500	57.630		
57.640	54.000	139.500	319.500	513.000	57.640	0.000	0.000	2.500	2.500	57.640		
57.650	54.000	142.500	312.000	508.500	57.650	0.000	0.000	2.500	2.500	57.650		
57.660	57.000	142.500	301.500	501.000	57.660	0.000	0.000	0.000	0.000	57.660		
57.670	57.000	144.000	297.000	498.000	57.670	0.000	0.000	0.000	0.000	57.670		
57.680	60.000	144.000	292.500	496.500	57.680	0.000	0.000	0.000	0.000	57.680		
57.690	61.500	144.000	286.500	492.000	57.690	0.000	0.000	0.000	0.000	57.690		
57.700	64.500	144.000	282.000	490.500	57.700	0.000	0.000	0.000	0.000	57.700		
57.710	67.500	147.000	279.000	493.500	57.710	0.000	0.000	0.000	0.000	57.710		
57.720	74.460	148.920	271.560	494.940	57.720	0.000	0.000	0.000	0.000	57.720		
57.730	81.760	151.840	264.260	497.860	57.730	0.000	0.000	0.000	0.000	57.730		
57.740	91.980	154.760	254.040	500.780	57.740	0.000	0.000	0.000	0.000	57.740		
57.750	102.200	154.760	246.740	503.700	57.750	0.000	0.000	0.000	0.000	57.750		
57.760	113.880	154.760	239.440	508.080	57.760	0.000	0.000	2.500	2.500	57.760		
57.770	127.020	154.760	232.140	513.920	57.770	0.000	0.000	0.000	0.000	57.770		
57.780	144.540	156.220	221.920	522.680	57.780	0.000	0.000	0.000	0.000	57.780		
57.790	162.060	156.220	211.700	529.980	57.790	0.000	0.000	0.000	0.000	57.790		
57.800	182.500	159.140	198.560	540.200	57.800	0.000	0.000	2.500	2.500	57.800		
57.810	207.320	162.060	182.500	551.880	57.810	0.000	0.000	2.500	2.500	57.810		
57.820	229.220	159.140	164.980	553.340	57.820	0.000	0.000	0.000	0.000	57.820		
57.830	259.880	159.140	141.620	560.640	57.830	0.000	0.000	0.000	0.000	57.830		
57.840	294.920	154.760	121.180	570.860	57.840	0.000	0.000	0.000	0.000	57.840		
57.850	329.960	151.840	99.280	581.080	57.850	0.000	0.000	0.000	0.000	57.850		
57.860	365.000	144.540	78.840	588.380	57.860	0.000	0.000	0.000	0.000	57.860		
57.870	403.040	130.530	61.830	595.400	57.870	0.000	0.000	0.000	0.000	57.870		
57.880	437.390	121.370	45.800	604.560	57.880	0.000	0.000	0.000	0.000	57.880		
57.890	467.160	105.340	36.640	609.140	57.890	0.000	0.000	0.000	0.000	57.890		
57.900	496.930	91.600	29.770	618.300	57.900	0.000	0.000	0.000	0.000	57.900		
57.910	522.120	75.570	20.610	618.300	57.910	0.000	0.000	0.000	0.000	57.910		
57.920	540.440	61.830	13.740	616.010	57.920	0.000	0.000	0.000	0.000	57.920		
57.930	558.760	48.090	6.870	613.720	57.930	0.000	0.000	0.000	0.000	57.930		
57.940	567.920	38.930	4.580	611.430	57.940	24.310	0.000	0.000	24.310	57.940		
57.950	572.500	29.770	0.000	602.270	57.950	68.640	1.430	0.000	70.070	57.950		
57.960	572.500	18.320	0.000	590.820	57.960	121.550	0.000	0.000	121.550	57.960		
57.970	561.050	9.160	0.000	570.210	57.970	148.720	0.000	0.000	148.720	57.970		
57.980	542.730	0.000	0.000	542.730	57.980	164.450	0.000	0.000	164.450	57.980		
57.990	522.120	0.000	0.000	522.120	57.990	191.620	0.000	0.000	191.620	57.990		
58.000	494.640	0.000	0.000	494.640	58.000	231.660	1.430	0.000	233.090	58.000		
58.010	458.000	0.000	0.000	458.000	58.010	274.560	4.290	0.000	278.850	58.010		
58.020	410.000	0.000	0.000	410.000	58.020	314.600	7.150	0.000	321.750	58.020		
58.030	355.880	0.000	0.000	355.880	58.030	357.500	17.160	1.430	376.090	58.030		
58.040	298.480	0.000	0.000	298.480	58.040	389.940	28.140	6.030	424.110	58.040		
58.050	236.160	0.000	0.000	236.160	58.050	412.050	46.230	8.040	466.320	58.050		
58.060	177.120	0.000	0.000	177.120	58.060	428.130	62.310	14.070	504.510	58.060		
58.070	119.720	0.000	0.000	119.720	58.070	442.200	76.380	22.110	540.690	58.070		
58.080	73.800	0.000	0.000	73.800	58.080	454.260	88.440	28.140	570.840	58.080		
58.090	44.280	1.640	0.000	45.920	58.090	466.320	96.480	34.170	596.970	58.090		
58.100	21.320	1.640	0.000	22.960	58.100	478.380	106.530	38.190	623.100	58.100		
58.110	6.560	1.640	1.640	9.840	58.110	492.450	114.570	46.230	653.250	58.110		
58.120	1.640	1.640	1.640	4.920	58.120	498.480	118.590	46.230	663.300	58.120		
58.130	0.000	1.640	1.640	3.280	58.130	502.500	120.600	52.260	675.360	58.130		
58.140	0.000	1.640	1.640	3.280	58.140	498.480	124.620	56.280	679.380	58.140		
58.150	0.000	1.640	0.000	1.640	58.150	492.450	126.630	56.280	675.360	58.150		
58.160	0.000	1.640	0.000	1.640	58.160	482.400	126.630	58.290	667.320	58.160		
58.170	0.000	0.000	0.000	0.000	58.170	464.310	126.630	62.310	653.250	58.170		
58.180	0.000	2.500	0.000	2.500	58.180	448.230	124.620	64.320	637.170	58.180		
58.190	0.000	2.500	0.000	2.500	58.190	427.500	121.410	66.690	615.600	58.190		
58.200	0.000	2.500	0.000	2.500	58.200	408.690	119.700	68.400	596.790	58.200		
58.210	0.000	2.500	0.000	2.500	58.210	389.880	114.570	68.400	572.850	58.210		
58.220	0.000	2.500	0.000	2.500	58.220	371.070	111.150	73.530	555.750	58.220		
58.230	0.000	2.500	0.000	2.500	58.230	353.970	109.440	78.660	542.070	58.230		
58.240	0.000	2.500	0.000	2.500	58.240	336.870	109.440	83.790	530.100	58.240		
58.250	0.000	2.500	0.000	2.500	58.250	321.480	111.150	88.920	521.550	58.250		
58.260	0.000	2.500	0.000	2.500	58.260	306.090	111.150	94.050	511.290	58.260		
58.270	0.000	2.500	0.000	2.500	58.270	292.410	114.570	100.890	507.870	58.270		
58.280	0.000	2.500	0.000	2.500	58.280	277.020	119.700	109.440	506.160	58.280		
58.290	0.000	0.000	0.000	0.000	58.290	266.760	121.410	114.570	502.740	58.290		
58.300	0.000	0.000	0.000	0.000	58.300	256.500	126.540	116.280	499.320	58.300		
58.310	0.000	2.500	0.000	2.500	58.310	246.240	131.670	124.830	502.740	58.310		
58.320	0.000	0.000	0.000	0.000	58.320	235.980	138.510	131.670	506.160	58.320		
58.330	0.000	0.000	0.000	0.000	58.330	222.300	147.060	138.510	507.870	58.330		
58.340	0.000	0.000	0.000	0.000	58.340	209.790	154.980	151.200	515.970	58.340		
58.350	0.000	0.000	0.000	0.000	58.350	196.560	158.760	164.430	519.750	58.350		
58.360	0.000	2.500	0.000	2.500	58.360	183.330	164.430	179.550	527.310	58.360		
58.370	0.000	2.500	0.000	2.500	58.370	171.990	168.210	194.670	534.870	58.370		
58.380	0.000	2.500	0.000	2.500	58.380	158.760	173.880	211.680	544.320	58.380		
58.390	0.000	2.500	0.000	2.500	58.390	143.640	175.770	228.690	548.100	58.390		
58.400	0.000	2.500	0.000	2.500	58.400	128.520	181.440	249.480	559.440	58.400		
58.410	0.000	0.000	0.000	0.000	58.410	111.510	183.330	272.160	567.000	58.410		
58.420	0.000	2.500	0.000	2.500	58.420	96.390	183.330	294.840	574.560	58.420		
58.430	0.000	0.000	0.000	0.000	58.430	81.270	183.330	321.300	585.900	58.430		
58.440	0.000	0.000	0.000	0.000	58.440	66.150	181.440	349.650	597.240	58.440		
58.450	0.000	2.500	0.000	2.500	58.450	54.810	173.880	381.780	610.470	58.450		
58.460	0.000	2.500	0.000	2.500	58.460	41.580	164.430	415.800	621.810	58.460		
58.470	1.640	1.640	0.000	3.280	58.470	34.020	151.200	444.150	629.370	58.470		
58.480	1.640	1.640	0.000	3.280	58.480	26.460	139.860	472.500	638.820	58.480		
58.490	1.640	1.640	0.000	3.280	58.490	18.960	125.610	502.440	647.010	58.490		
58.500	1.640	1.640	0.000	3.280	58.500	11.850	111.390	528.510	651.750	58.500		
58.510	1.640	1.640	0.000	3.280	58.510	2.370	99.540	552.210	654.120	58.510		
58.520	0.000	1.640	0.000	1.640	58.520	0.000	85.320	568.800	654.120	58.520		
58.530	0.000	1.640	9.840	11.480	58.530	0.000	73.470	580.650	654.120	58.530		
58.540	0.000	1.640	54.120	55.760	58.540	0.000	63.990	587.760	651.750	58.540		
58.550	0.000	1.640	111.520	113.160	58.550	0.000	54.510	592.500	647.010	58.550		
58.560	0.000	1.640	162.360	164.000	58.560	0.000	42.660	583.020	625.680	58.560		
58.570	0.000	4.920	206.640	211.560	58.570	0.000	33.180	568.800	601.980	58.570		
58.580	0.000	4.920	259.120	264.040	58.580	0.000	26.070	537.990	564.060	58.580		
58.590	0.000	9.840	326.360	336.200	58.590	0.000	18.960	497.700	516.660	58.590		
58.600	1.640	16.400	378.840	396.880	58.600	0.000	11.850	445.560	457.410	58.600		
58.610	6.560	26.240	410.000	442.800	58.610	0.000	4.740	383.940	388.680	58.610		
58.620	8.900	40.940	427.200	477.040	58.620	0.000	2.370	305.730	308.100	58.620		
58.630	12.460	56.960	434.320	503.740	58.630	0.000	0.000	225.150	225.150	58.630		
58.640	12.460	76.540	439.660	528.660	58.640	0.000	0.000	152.500	152.500	58.640		
58.650	19.580	101.460	445.000	566.040	58.650	0.000	0.000	99.430	99.430	58.650		
58.660	24.920	119.260	445.000	589.180	58.660	0.000	0.000	62.220	62.220	58.660		
58.670	28.480	131.720	439.660	599.860	58.670	0.000	0.000	39.650	39.650	58.670		
58.680	37.380	144.180	434.320	615.880	58.680	0.000	0.000	27.450	27.450	58.680		
58.690	40.940	151.300	434.320	626.560	58.690	0.000	0.000	14.640	14.640	58.690		
58.700	49.840	156.640	430.760	637.240	58.700	0.000	0.000	9.760	9.760	58.700		
58.710	53.400	158.420	428.980	640.800	58.710	0.000	0.000	7.320	7.320	58.710		
58.720	58.740	163.760	423.640	646.140	58.720	0.000	0.000	7.320	7.320	58.720		
58.730	62.300	163.760	414.740	640.800	58.730	0.000	0.000	7.320	7.320	58.730		
58.740	65.860	167.320	398.720	631.900	58.740	0.000	0.000	4.880	4.880	58.740		
58.750	69.420	167.320	380.920	617.660	58.750	0.000	0.000	4.880	4.880	58.750		
58.760	74.760	169.100	359.560	603.420	58.760	0.000	0.000	4.880	4.880	58.760		
58.770	76.380	168.840	335.000	580.220	58.770	0.000	0.000	4.880	4.880	58.770		
58.780	81.740	168.840	312.220	562.800	58.780	0.000	0.000	2.440	2.440	58.780		
58.790	84.420	168.840	289.440	542.700	58.790	0.000	0.000	2.500	2.500	58.790		
58.800	92.460	168.840	269.340	530.640	58.800	0.000	0.000	2.500	2.500	58.800		
58.810	99.160	168.840	251.920	519.920	58.810	0.000	0.000	2.500	2.500	58.810		
58.820	107.200	168.840	231.820	507.860	58.820	0.000	0.000	0.000	0.000	58.820		
58.830	113.900	171.520	217.080	502.500	58.830	0.000	0.000	2.500	2.500	58.830		
58.840	124.620	171.520	199.660	495.800	58.840	0.000	0.000	0.000	0.000	58.840		
58.850	129.980	171.520	182.240	483.740	58.850	0.000	0.000	0.000	0.000	58.850		
58.860	139.360	174.200	168.840	482.400	58.860	0.000	0.000	0.000	0.000	58.860		
58.870	147.400	179.560	159.460	486.420	58.870	0.000	0.000	0.000	0.000	58.870		
58.880	156.780	179.560	147.400	483.740	58.880	0.000	0.000	0.000	0.000	58.880		
58.890	164.820	182.240	134.000	481.060	58.890	0.000	0.000	0.000	0.000	58.890		
58.900	176.880	184.920	124.620	486.420	58.900	0.000	0.000	0.000	0.000	58.900		
58.910	188.940	184.920	113.900	487.760	58.910	0.000	0.000	0.000	0.000	58.910		
58.920	205.000	184.500	104.550	494.050	58.920	0.000	0.000	0.000	0.000	58.920		
58.930	219.350	182.450	92.250	494.050	58.930	0.000	0.000	0.000	0.000	58.930		
58.940	235.750	178.350	84.050	498.150	58.940	0.000	0.000	0.000	0.000	58.940		
58.950	256.250	174.250	73.800	504.300	58.950	0.000	0.000	0.000	0.000	58.950		
58.960	276.750	164.000	63.550	504.300	58.960	0.000	0.000	0.000	0.000	58.960		
58.970	297.250	159.900	57.400	514.550	58.970	0.000	0.000	0.000	0.000	58.970		
58.980	319.800	151.700	49.200	520.700	58.980	0.000	0.000	0.000	0.000	58.980		
58.990	342.350	143.500	41.000	526.850	58.990	0.000	0.000	0.000	0.000	58.990		
59.000	364.900	137.350	36.900	539.150	59.000	0.000	0.000	0.000	0.000	59.000		
59.010	389.500	129.150	30.750	549.400	59.010	0.000	0.000	0.000	0.000	59.010		
59.020	414.100	118.900	24.600	557.600	59.020	0.000	0.000	0.000	0.000	59.020		
59.030	436.650	110.700	16.400	563.750	59.030	0.000	0.000	0.000	0.000	59.030		
59.040	461.250	102.500	12.300	576.050	59.040	0.000	0.000	0.000	0.000	59.040		
59.050	489.950	92.250	8.200	590.400	59.050	0.000	0.000	0.000	0.000	59.050		
59.060	512.500	82.000	6.150	600.650	59.060	0.000	0.000	0.000	0.000	59.060		
59.070	531.180	68.100	2.270	601.550	59.070	0.000	0.000	0.000	0.000	59.070		
59.080	547.070	59.020	0.000	606.090	59.080	0.000	0.000	2.500	2.500	59.080		
59.090	556.150	52.210	0.000	608.360	59.090	0.000	0.000	0.000	0.000	59.090		
59.100	562.960	40.860	0.000	603.820	59.100	0.000	0.000	0.000	0.000	59.100		
59.110	567.500	34.050	0.000	601.550	59.110	0.000	0.000	0.000	0.000	59.110		
59.120	567.500	29.510	0.000	597.010	59.120	24.960	0.000	0.000	24.960	59.120		
59.130	560.690	18.160	0.000	578.850	59.130	79.040	0.000	0.000	79.040	59.130		
59.140	547.070	11.350	0.000	558.420	59.140	145.600	0.000	0.000	145.600	59.140		
59.150	526.640	6.810	0.000	533.450	59.150	199.680	0.000	0.000	199.680	59.150		
59.160	499.400	4.540	0.000	503.940	59.160	241.280	0.000	0.000	241.280	59.160		
59.170	460.810	0.000	0.000	460.810	59.170	291.200	0.000	0.000	291.200	59.170		
59.180	413.140	0.000	0.000	413.140	59.180	343.200	2.080	0.000	345.280	59.180		
59.190	360.930	0.000	0.000	360.930	59.190	393.120	6.240	0.000	399.360	59.190		
59.200	297.370	0.000	0.000	297.370	59.200	438.880	16.640	2.080	457.600	59.200		
59.210	231.540	0.000	0.000	231.540	59.210	474.240	27.040	4.160	505.440	59.210		
59.220	160.000	0.000	0.000	160.000	59.220	497.120	43.680	6.240	547.040	59.220		
59.230	102.400	0.000	0.000	102.400	59.230	520.000	62.400	12.480	594.880	59.230		
59.240	67.200	0.000	0.000	67.200	59.240	535.720	77.880	21.240	634.840	59.240		
59.250	42.240	0.000	0.000	42.240	59.250	549.880	92.040	30.680	672.600	59.250		
59.260	22.400	0.000	0.000	22.400	59.260	561.680	96.760	37.760	696.200	59.260		
59.270	9.600	1.920	7.040	18.560	59.270	573.480	99.120	49.560	722.160	59.270		
59.280	4.480	1.920	4.480	10.880	59.280	582.920	99.120	54.280	736.320	59.280		
59.290	1.920	1.920	4.480	8.320	59.290	590.000	96.760	61.360	748.120	59.290		
59.300	1.920	1.920	4.480	8.320	59.300	590.000	92.040	66.080	748.120	59.300		
59.310	4.480	1.920	1.920	8.320	59.310	582.920	87.320	70.800	741.040	59.310		
59.320	1.920	0.000	1.920	3.840	59.320	575.840	80.240	73.160	729.240	59.320		
59.330	1.920	1.920	1.920	5.760	59.330	564.040	73.160	75.520	712.720	59.330		
59.340	0.000	1.920	1.920	3.840	59.340	542.800	68.440	75.520	686.760	59.340		
59.350	0.000	0.000	1.920	1.920	59.350	523.920	61.360	75.520	660.800	59.350		
59.360	0.000	1.920	1.920	3.840	59.360	507.400	59.000	73.160	639.560	59.360		
59.370	0.000	0.000	2.500	2.500	59.370	486.160	54.280	73.160	613.600	59.370		
59.380	0.000	0.000	2.500	2.500	59.380	469.640	49.560	73.160	592.360	59.380		
59.390	0.000	0.000	2.500	2.500	59.390	447.500	46.540	73.390	567.430	59.390		
59.400	0.000	0.000	2.500	2.500	59.400	429.600	44.750	76.970	551.320	59.400		
59.410	0.000	2.500	2.500	5.000	59.410	413.490	44.750	78.760	537.000	59.410		
59.420	0.000	2.500	2.500	5.000	59.420	400.960	44.750	84.130	529.840	59.420		
59.430	0.000	0.000	0.000	0.000	59.430	388.430	41.170	85.920	515.520	59.430		
59.440	0.000	0.000	0.000	0.000	59.440	379.480	44.750	91.290	515.520	59.440		
59.450	0.000	0.000	2.500	2.500	59.450	368.740	44.750	96.660	510.150	59.450		
59.460	0.000	0.000	2.500	2.500	59.460	359.790	46.540	103.820	510.150	59.460		
59.470	0.000	0.000	0.000	0.000	59.470	349.050	48.330	109.190	506.570	59.470		
59.480	0.000	2.500	0.000	2.500	59.480	338.310	51.910	121.720	511.940	59.480		
59.490	0.000	0.000	0.000	0.000	59.490	329.360	57.280	132.460	519.100	59.490		
59.500	0.000	0.000	0.000	0.000	59.500	318.620	60.860	144.990	524.470	59.500		
59.510	0.000	0.000	0.000	0.000	59.510	309.670	69.810	155.730	535.210	59.510		
59.520	0.000	0.000	0.000	0.000	59.520	297.140	71.600	166.470	535.210	59.520		
59.530	0.000	0.000	0.000	0.000	59.530	281.030	78.760	180.790	540.580	59.530		
59.540	0.000	0.000	0.000	0.000	59.540	263.140	86.970	200.700	550.810	59.540		
59.550	0.000	0.000	0.000	0.000	59.550	243.070	91.430	218.540	553.040	59.550		
59.560	0.000	0.000	0.000	0.000	59.560	223.000	98.120	243.070	564.190	59.560		
59.570	0.000	0.000	0.000	0.000	59.570	202.930	107.040	265.370	575.340	59.570		
59.580	0.000	0.000	0.000	0.000	59.580	182.860	109.270	289.900	582.030	59.580		
59.590	0.000	0.000	0.000	0.000	59.590	160.560	113.730	318.890	593.180	59.590		
59.600	0.000	0.000	0.000	0.000	59.600	136.030	113.730	343.420	593.180	59.600		
59.610	0.000	0.000	0.000	0.000	59.610	113.730	113.730	376.870	604.330	59.610		
59.620	0.000	0.000	0.000	0.000	59.620	89.200	109.270	405.860	604.330	59.620		
59.630	0.000	0.000	0.000	0.000	59.630	73.590	107.040	437.080	617.710	59.630		
59.640	2.500	2.500	0.000	5.000	59.640	57.980	98.120	463.840	619.940	59.640		
59.650	2.500	0.000	0.000	2.500	59.650	49.060	91.430	490.600	631.090	59.650		
59.660	2.500	2.500	0.000	5.000	59.660	37.910	80.280	517.360	635.550	59.660		
59.670	1.710	0.000	0.000	1.710	59.670	31.220	69.130	541.890	642.240	59.670		
59.680	1.710	1.710	0.000	3.420	59.680	24.530	57.980	557.500	640.010	59.680		
59.690	1.710	0.000	0.000	1.710	59.690	16.520	49.560	573.480	639.560	59.690		
59.700	0.000	0.000	13.680	13.680	59.700	7.080	42.480	580.560	630.120	59.700		
59.710	0.000	0.000	56.430	56.430	59.710	4.720	33.040	590.000	627.760	59.710		
59.720	0.000	0.000	114.570	114.570	59.720	0.000	25.960	590.000	615.960	59.720		
59.730	0.000	0.000	159.030	159.030	59.730	0.000	23.600	580.560	604.160	59.730		
59.740	0.000	1.710	189.810	191.520	59.740	0.000	16.520	568.760	585.280	59.740		
59.750	0.000	1.710	230.850	232.560	59.750	0.000	11.800	545.160	556.960	59.750		
59.760	0.000	3.420	287.280	290.700	59.760	0.000	7.080	514.480	521.560	59.760		
59.770	1.710	8.550	331.740	342.000	59.770	0.000	2.360	472.000	474.360	59.770		
59.780	6.840	11.970	360.810	379.620	59.780	0.000	0.000	415.360	415.360	59.780		
59.790	8.550	18.810	381.330	408.690	59.790	0.000	0.000	349.280	349.280	59.790		
59.800	11.970	29.070	403.560	444.600	59.800	0.000	0.000	276.120	276.120	59.800		
59.810	17.100	39.330	427.500	483.930	59.810	0.000	0.000	202.960	202.960	59.810		
59.820	21.450	58.500	452.400	532.350	59.820	0.000	0.000	141.600	141.600	59.820		
59.830	29.250	74.100	466.050	569.400	59.830	0.000	0.000	84.960	84.960	59.830		
59.840	37.050	85.800	473.850	596.700	59.840	0.000	0.000	52.500	52.500	59.840		
59.850	44.850	91.650	479.700	616.200	59.850	0.000	0.000	29.820	29.820	59.850		
59.860	54.600	97.500	483.600	635.700	59.860	4.830	2.310	17.430	24.570	59.860		
59.870	64.350	97.500	487.500	649.350	59.870	0.000	2.310	9.870	12.180	59.870		
59.880	74.100	97.500	483.600	655.200	59.880	0.000	2.310	7.350	9.660	59.880		
59.890	83.850	93.600	475.800	653.250	59.890	0.000	2.310	7.350	9.660	59.890		
59.900	93.600	93.600	466.050	653.250	59.900	0.000	2.310	4.830	7.140	59.900		
59.910	103.350	93.600	454.350	651.300	59.910	0.000	2.310	4.830	7.140	59.910		
59.920	113.100	91.650	438.750	643.500	59.920	0.000	2.310	4.830	7.140	59.920		
59.930	120.900	85.800	421.200	627.900	59.930	0.000	2.310	4.830	7.140	59.930		
59.940	126.750	83.850	403.650	614.250	59.940	0.000	0.000	2.310	2.310	59.940		
59.950	134.550	81.900	384.150	600.600	59.950	0.000	0.000	2.310	2.310	59.950		
59.960	138.450	79.950	364.650	583.050	59.960	0.000	2.310	2.310	4.620	59.960		
59.970	149.600	74.800	340.000	564.400	59.970	0.000	0.000	4.830	4.830	59.970		
59.980	153.680	76.160	316.880	546.720	59.980	0.000	0.000	0.000	0.000	59.980		
59.990	159.120	74.800	299.200	533.120	59.990	0.000	0.000	0.000	0.000	59.990		
60.000	164.560	72.080	281.520	518.160	60.000	0.000	2.500	0.000	2.500	60.000		
60.010	167.280	72.080	266.560	505.920	60.010	0.000	2.500	0.000	2.500	60.010		
60.020	174.080	72.080	251.600	497.760	60.020	0.000	2.500	0.000	2.500	60.020		
60.030	179.520	72.080	239.360	490.960	60.030	0.000	2.500	0.000	2.500	60.030		
60.040	184.960	72.080	227.120	484.160	60.040	0.000	2.500	0.000	2.500	60.040		
60.050	191.760	74.800	216.240	482.800	60.050	0.000	2.500	0.000	2.500	60.050		
60.060	199.920	74.800	206.720	481.440	60.060	0.000	0.000	0.000	0.000	60.060		
60.070	206.720	74.800	199.920	481.440	60.070	0.000	0.000	0.000	0.000	60.070		
60.080	216.240	76.160	191.760	484.160	60.080	0.000	2.500	0.000	2.500	60.080		
60.090	224.400	76.160	184.960	485.520	60.090	0.000	2.500	0.000	2.500	60.090		
60.100	233.920	78.880	176.800	489.600	60.100	0.000	2.500	0.000	2.500	60.100		
60.110	246.160	78.880	170.000	495.040	60.110	0.000	2.500	0.000	2.500	60.110		
60.120	260.000	81.120	158.080	499.200	60.120	0.000	2.500	0.000	2.500	60.120		
60.130	274.560	87.360	151.840	513.760	60.130	0.000	2.500	0.000	2.500	60.130		
60.140	289.120	87.360	139.360	515.840	60.140	0.000	2.380	0.000	2.380	60.140		
60.150	303.680	89.440	128.960	522.080	60.150	0.000	2.380	0.000	2.380	60.150		
60.160	318.240	91.520	116.480	526.240	60.160	0.000	2.380	0.000	2.380	60.160		
60.170	336.960	91.520	104.000	532.480	60.170	0.000	2.380	0.000	2.380	60.170		
60.180	353.600	91.520	89.440	534.560	60.180	0.000	2.380	0.000	2.380	60.180		
60.190	372.320	91.520	79.040	542.880	60.190	0.000	2.380	0.000	2.380	60.190		
60.200	393.120	87.360	68.640	549.120	60.200	0.000	2.380	0.000	2.380	60.200		
60.210	416.000	83.200	58.240	557.440	60.210	0.000	2.380	0.000	2.380	60.210		
60.220	440.960	79.040	45.760	565.760	60.220	0.000	2.380	0.000	2.380	60.220		
60.230	463.840	70.720	39.520	574.080	60.230	0.000	2.380	0.000	2.380	60.230		
60.240	484.640	64.480	33.280	582.400	60.240	0.000	2.380	0.000	2.380	60.240		
60.250	503.360	56.160	29.120	588.640	60.250	0.000	2.380	0.000	2.380	60.250		
60.260	520.000	49.920	24.960	594.880	60.260	0.000	2.380	0.000	2.380	60.260		
60.270	534.600	39.600	15.400	589.600	60.270	0.000	2.380	0.000	2.380	60.270		
60.280	543.400	30.800	8.800	583.000	60.280	35.000	2.380	0.000	37.380	60.280		
60.290	550.000	26.400	6.600	583.000	60.290	109.200	1.950	0.000	111.150	60.290		
60.300	545.600	22.000	4.400	572.000	60.300	161.850	1.950	0.000	163.800	60.300		
60.310	541.200	15.400	0.000	556.600	60.310	189.150	1.950	0.000	191.100	60.310		
60.320	528.000	11.000	0.000	539.000	60.320	214.500	1.950	0.000	216.450	60.320		
60.330	510.400	8.800	0.000	519.200	60.330	251.550	1.950	0.000	253.500	60.330		
60.340	488.400	6.600	0.000	495.000	60.340	294.450	3.900	0.000	298.350	60.340		
60.350	455.400	2.200	0.000	457.600	60.350	329.550	9.750	0.000	339.300	60.350		
60.360	415.800	0.000	0.000	415.800	60.360	360.750	13.650	1.950	376.350	60.360		
60.370	369.600	0.000	0.000	369.600	60.370	386.100	21.450	1.950	409.500	60.370		
60.380	305.800	0.000	0.000	305.800	60.380	403.650	31.200	3.900	438.750	60.380		
60.390	242.000	0.000	0.000	242.000	60.390	421.200	46.800	9.750	477.750	60.390		
60.400	178.200	0.000	0.000	178.200	60.400	436.800	62.400	13.650	512.850	60.400		
60.410	125.400	0.000	0.000	125.400	60.410	454.350	76.050	21.450	551.850	60.410		
60.420	80.000	0.000	0.000	80.000	60.420	469.950	85.800	27.300	583.050	60.420		
60.430	49.920	0.000	0.000	49.920	60.430	487.500	93.600	33.150	614.250	60.430		
60.440	29.760	0.000	2.240	32.000	60.440	504.810	97.980	38.340	641.130	60.440		
60.450	14.720	2.240	7.360	24.320	60.450	515.460	106.500	44.730	666.690	60.450		
60.460	4.800	2.240	7.360	14.400	60.460	526.110	106.500	46.860	679.470	60.460		
60.470	2.240	2.240	4.800	9.280	60.470	528.240	106.500	48.990	683.730	60.470		
60.480	4.800	2.240	7.360	14.400	60.480	532.500	104.370	51.120	687.990	60.480		
60.490	2.240	2.240	4.800	9.280	60.490	532.500	97.980	51.120	681.600	60.490		
60.500	2.240	2.240	4.800	9.280	60.500	526.110	95.850	53.250	675.210	60.500		
60.510	2.240	2.240	4.800	9.280	60.510	519.720	91.590	53.250	664.560	60.510		
60.520	2.240	2.240	4.800	9.280	60.520	506.940	87.330	55.380	649.650	60.520		
60.530	0.000	2.240	4.800	7.040	60.530	494.160	80.940	59.640	634.740	60.530		
60.540	0.000	2.240	4.800	7.040	60.540	477.120	76.680	63.900	617.700	60.540		
60.550	0.000	2.240	4.800	7.040	60.550	462.210	68.160	63.900	594.270	60.550		
60.560	0.000	2.240	4.800	7.040	60.560	447.300	66.030	68.160	581.490	60.560		
60.570	0.000	2.500	5.000	7.500	60.570	428.130	66.030	74.550	568.710	60.570		
60.580	0.000	2.500	5.000	7.500	60.580	411.090	63.900	78.810	553.800	60.580		
60.590	0.000	2.500	5.000	7.500	60.590	397.500	62.010	84.270	543.780	60.590		
60.600	0.000	2.500	5.000	7.500	60.600	381.600	62.010	92.220	535.830	60.600		
60.610	0.000	2.500	5.000	7.500	60.610	372.060	62.010	96.990	531.060	60.610		
60.620	0.000	2.500	2.500	5.000	60.620	360.930	63.600	104.940	529.470	60.620		
60.630	0.000	2.500	5.000	7.500	60.630	354.570	66.780	114.480	535.830	60.630		
60.640	0.000	2.500	2.500	5.000	60.640	341.850	69.960	124.020	535.830	60.640		
60.650	0.000	2.500	2.500	5.000	60.650	332.310	71.550	133.560	537.420	60.650		
60.660	0.000	2.500	5.000	7.500	60.660	321.180	76.320	146.280	543.780	60.660		
60.670	0.000	2.500	5.000	7.500	60.670	308.460	79.500	159.000	546.960	60.670		
60.680	0.000	2.500	5.000	7.500	60.680	297.330	84.270	174.900	556.500	60.680		
60.690	0.000	2.500	2.500	5.000	60.690	284.610	87.450	189.210	561.270	60.690		
60.700	0.000	2.500	2.500	5.000	60.700	268.710	92.220	203.520	564.450	60.700		
60.710	0.000	2.500	2.500	5.000	60.710	251.220	92.220	224.190	567.630	60.710		
60.720	0.000	2.400	2.400	4.800	60.720	236.910	96.990	246.450	580.350	60.720		
60.730	0.000	2.400	0.000	2.400	60.730	221.010	98.580	267.120	586.710	60.730		
60.740	0.000	2.400	2.400	4.800	60.740	200.640	100.320	291.840	592.800	60.740		
60.750	0.000	2.400	2.400	4.800	60.750	182.400	104.880	319.200	606.480	60.750		
60.760	0.000	2.400	0.000	2.400	60.760	164.160	109.440	342.000	615.600	60.760		
60.770	0.000	2.400	0.000	2.400	60.770	143.640	109.440	369.360	622.440	60.770		
60.780	0.000	2.400	2.400	4.800	60.780	120.840	109.440	394.440	624.720	60.780		
60.790	0.000	2.400	2.400	4.800	60.790	98.040	109.440	421.800	629.280	60.790		
60.800	0.000	2.400	2.400	4.800	60.800	82.080	107.160	451.440	640.680	60.800		
60.810	0.000	2.400	2.400	4.800	60.810	63.840	98.040	478.800	640.680	60.810		
60.820	0.000	2.400	2.400	4.800	60.820	54.720	88.920	503.880	647.520	60.820		
60.830	0.000	2.400	2.400	4.800	60.830	43.320	79.800	528.960	652.080	60.830		
60.840	0.000	2.400	2.400	4.800	60.840	38.760	68.400	547.200	654.360	60.840		
60.850	0.000	2.400	19.920	22.320	60.850	31.920	59.280	560.880	652.080	60.850		
60.860	0.000	0.000	60.000	60.000	60.860	20.520	47.880	565.440	633.840	60.860		
60.870	0.000	0.000	124.440	124.440	60.870	13.680	41.040	570.000	624.720	60.870		
60.880	0.000	0.000	179.520	179.520	60.880	4.560	34.200	558.600	597.360	60.880		
60.890	0.000	2.040	226.440	228.480	60.890	0.000	25.800	537.500	563.300	60.890		
60.900	0.000	4.080	273.360	277.440	60.900	0.000	21.500	507.400	528.900	60.900		
60.910	2.040	8.160	330.480	340.680	60.910	0.000	12.900	473.000	485.900	60.910		
60.920	4.080	16.320	371.280	391.680	60.920	0.000	8.600	434.300	442.900	60.920		
60.930	6.120	24.480	393.720	424.320	60.930	0.000	4.300	384.850	389.150	60.930		
60.940	12.240	30.600	408.000	450.840	60.940	0.000	2.150	328.950	331.100	60.940		
60.950	14.280	44.880	424.320	483.480	60.950	0.000	0.000	264.450	264.450	60.950		
60.960	16.320	57.120	438.600	512.040	60.960	0.000	0.000	202.100	202.100	60.960		
60.970	22.440	71.400	459.000	552.840	60.970	0.000	0.000	141.900	141.900	60.970		
60.980	28.560	85.680	477.360	591.600	60.980	0.000	0.000	96.750	96.750	60.980		
60.990	36.720	93.840	489.600	620.160	60.990	0.000	0.000	64.500	64.500	60.990		
61.000	40.800	99.960	499.800	640.560	61.000	0.000	0.000	40.850	40.850	61.000		
61.010	46.920	104.040	510.000	660.960	61.010	2.150	0.000	23.650	25.800	61.010		
61.020	49.200	108.650	512.500	670.350	61.020	4.300	2.150	10.750	17.200	61.020		
61.030	51.250	110.700	506.350	668.300	61.030	2.150	0.000	8.600	10.750	61.030		
61.040	53.300	114.800	498.150	666.250	61.040	4.980	2.490	7.500	14.970	61.040		
61.050	57.400	114.800	489.950	662.150	61.050	2.490	0.000	4.980	7.470	61.050		
61.060	59.450	110.700	475.600	645.750	61.060	2.490	2.490	4.980	9.960	61.060		
61.070	59.450	110.700	467.400	637.550	61.070	0.000	2.490	4.980	7.470	61.070		
61.080	59.450	106.600	457.150	623.200	61.080	0.000	0.000	4.980	4.980	61.080		
61.090	59.450	102.500	444.850	606.800	61.090	2.490	2.490	2.490	7.470	61.090		
61.100	59.450	96.350	434.600	590.400	61.100	0.000	0.000	2.490	2.490	61.100		
61.110	57.400	92.250	422.300	571.950	61.110	2.490	2.490	2.490	7.470	61.110		
61.120	57.400	92.250	412.050	561.700	61.120	0.000	2.490	2.490	4.980	61.120		
61.130	59.450	88.150	395.650	543.250	61.130	0.000	2.490	2.490	4.980	61.130		
61.140	65.600	88.150	381.300	535.050	61.140	0.000	2.490	2.490	4.980	61.140		
61.150	71.750	88.150	364.900	524.800	61.150	2.490	2.490	0.000	4.980	61.150		
61.160	79.950	92.250	354.650	526.850	61.160	0.000	2.490	0.000	2.490	61.160		
61.170	89.760	93.840	340.000	523.600	61.170	0.000	0.000	0.000	0.000	61.170		
61.180	102.000	102.000	326.400	530.400	61.180	0.000	0.000	0.000	0.000	61.180		
61.190	114.240	107.440	314.160	535.840	61.190	0.000	0.000	0.000	0.000	61.190		
61.200	126.480	111.520	296.480	534.480	61.200	0.000	2.500	0.000	2.500	61.200		
61.210	138.720	116.960	281.520	537.200	61.210	0.000	2.500	0.000	2.500	61.210		
61.220	152.320	119.680	263.840	535.840	61.220	0.000	2.500	0.000	2.500	61.220		
61.230	164.560	123.760	248.880	537.200	61.230	0.000	2.500	2.500	5.000	61.230		
61.240	176.800	126.480	231.200	534.480	61.240	0.000	2.500	2.500	5.000	61.240		
61.250	189.040	126.480	218.960	534.480	61.250	0.000	2.500	2.500	5.000	61.250		
61.260	201.280	129.200	206.720	537.200	61.260	0.000	2.500	2.500	5.000	61.260		
61.270	214.880	129.200	194.480	538.560	61.270	0.000	2.500	0.000	2.500	61.270		
61.280	227.120	129.200	182.240	538.560	61.280	0.000	2.500	2.500	5.000	61.280		
61.290	239.360	129.200	170.000	538.560	61.290	0.000	2.500	2.500	5.000	61.290		
61.300	254.320	126.480	156.400	537.200	61.300	0.000	2.500	2.500	5.000	61.300		
61.310	266.560	123.760	146.880	537.200	61.310	0.000	2.500	2.500	5.000	61.310		
61.320	279.000	124.620	135.780	539.400	61.320	0.000	2.500	0.000	2.500	61.320		
61.330	292.020	120.900	126.480	539.400	61.330	0.000	2.500	0.000	2.500	61.330		
61.340	303.180	120.900	119.040	543.120	61.340	0.000	0.000	0.000	0.000	61.340		
61.350	316.200	124.620	109.740	550.560	61.350	0.000	0.000	0.000	0.000	61.350		
61.360	331.080	124.620	102.300	558.000	61.360	0.000	2.120	0.000	2.120	61.360		
61.370	344.100	124.620	94.860	563.580	61.370	0.000	0.000	0.000	0.000	61.370		
61.380	358.980	120.900	83.700	563.580	61.380	0.000	0.000	0.000	0.000	61.380		
61.390	373.860	119.040	74.400	567.300	61.390	0.000	0.000	0.000	0.000	61.390		
61.400	386.880	117.180	66.960	571.020	61.400	0.000	0.000	0.000	0.000	61.400		
61.410	401.760	109.740	59.520	571.020	61.410	0.000	2.120	0.000	2.120	61.410		
61.420	414.780	102.300	48.360	565.440	61.420	0.000	2.120	0.000	2.120	61.420		
61.430	425.940	94.860	44.640	565.440	61.430	2.120	0.000	0.000	2.120	61.430		
61.440	440.820	83.700	39.060	563.580	61.440	29.680	2.120	0.000	31.800	61.440		
61.450	453.840	70.680	33.480	558.000	61.450	74.730	0.000	0.000	74.730	61.450		
61.460	465.000	63.240	29.760	558.000	61.460	109.710	0.000	0.000	109.710	61.460		
61.470	474.240	51.840	24.960	551.040	61.470	132.500	0.000	0.000	132.500	61.470		
61.480	480.000	42.240	17.280	539.520	61.480	154.850	0.000	0.000	154.850	61.480		
61.490	480.000	34.560	11.520	526.080	61.490	187.450	0.000	0.000	187.450	61.490		
61.500	476.160	24.960	5.760	506.880	61.500	218.420	1.630	0.000	220.050	61.500		
61.510	466.560	21.120	3.840	491.520	61.510	254.280	1.630	1.630	257.540	61.510		
61.520	453.120	17.280	1.920	472.320	61.520	283.620	4.890	1.630	290.140	61.520		
61.530	435.840	11.520	0.000	447.360	61.530	314.590	9.780	1.630	326.000	61.530		
61.540	414.720	5.760	0.000	420.480	61.540	339.040	21.190	9.780	370.010	61.540		
61.550	382.080	3.840	0.000	385.920	61.550	356.970	37.490	16.300	410.760	61.550		
61.560	343.680	1.920	0.000	345.600	61.560	361.860	47.270	24.450	433.580	61.560		
61.570	303.360	0.000	0.000	303.360	61.570	363.490	57.050	29.340	449.880	61.570		
61.580	259.200	0.000	0.000	259.200	61.580	374.900	66.830	39.120	480.850	61.580		
61.590	201.600	0.000	0.000	201.600	61.590	381.420	76.610	48.900	506.930	61.590		
61.600	149.760	0.000	0.000	149.760	61.600	391.200	86.390	53.790	531.380	61.600		
61.610	105.600	0.000	0.000	105.600	61.610	399.350	94.540	61.940	555.830	61.610		
61.620	67.500	0.000	0.000	67.500	61.620	407.500	104.320	71.720	583.540	61.620		
61.630	42.390	2.430	2.430	47.250	61.630	412.500	117.150	79.200	608.850	61.630		
61.640	27.270	2.430	4.860	34.560	61.640	412.500	123.750	89.100	625.350	61.640		
61.650	12.420	2.430	7.290	22.140	61.650	409.200	133.650	94.050	636.900	61.650		
61.660	7.290	2.430	4.860	14.580	61.660	404.250	141.900	99.000	645.150	61.660		
61.670	2.430	2.430	4.860	9.720	61.670	399.300	146.850	102.300	648.450	61.670		
61.680	2.430	2.430	4.860	9.720	61.680	391.050	148.500	103.950	643.500	61.680		
61.690	2.430	2.430	4.860	9.720	61.690	381.150	153.450	107.250	641.850	61.690		
61.700	0.000	2.430	4.860	7.290	61.700	371.250	156.750	108.900	636.900	61.700		
61.710	0.000	2.430	4.860	7.290	61.710	361.350	158.400	108.900	628.650	61.710		
61.720	0.000	2.430	4.860	7.290	61.720	349.800	158.400	112.200	620.400	61.720		
61.730	0.000	2.430	4.860	7.290	61.730	339.900	158.400	112.200	610.500	61.730		
61.740	0.000	2.430	4.860	7.290	61.740	331.650	161.700	112.200	605.550	61.740		
61.750	0.000	2.430	4.860	7.290	61.750	326.700	161.700	108.900	597.300	61.750		
61.760	0.000	2.430	4.860	7.290	61.760	318.450	158.400	108.900	585.750	61.760		
61.770	0.000	2.500	5.000	7.500	61.770	321.750	161.700	108.900	592.350	61.770		
61.780	0.000	2.500	5.000	7.500	61.780	319.920	157.380	107.070	584.370	61.780		
61.790	0.000	2.500	5.000	7.500	61.790	322.500	159.960	107.070	589.530	61.790		
61.800	0.000	2.500	5.000	7.500	61.800	322.500	157.380	104.490	584.370	61.800		
61.810	0.000	2.500	5.000	7.500	61.810	322.500	159.960	107.070	589.530	61.810		
61.820	0.000	2.500	5.000	7.500	61.820	319.920	159.960	107.070	586.950	61.820		
61.830	0.000	2.500	5.000	7.500	61.830	319.920	161.250	109.650	590.820	61.830		
61.840	0.000	2.500	2.500	5.000	61.840	317.340	163.830	112.230	593.400	61.840		
61.850	0.000	2.500	5.000	7.500	61.850	314.760	163.830	114.810	593.400	61.850		
61.860	0.000	2.500	2.500	5.000	61.860	314.760	166.410	117.390	598.560	61.860		
61.870	0.000	2.500	2.500	5.000	61.870	314.760	166.410	121.260	602.430	61.870		
61.880	0.000	2.500	2.500	5.000	61.880	314.760	166.410	119.970	601.140	61.880		
61.890	0.000	2.500	2.500	5.000	61.890	314.760	166.410	121.260	602.430	61.890		
61.900	0.000	2.500	2.500	5.000	61.900	312.180	166.410	123.840	602.430	61.900		
61.910	0.000	2.500	2.500	5.000	61.910	312.180	166.410	129.000	607.590	61.910		
61.920	0.000	0.000	0.000	0.000	61.920	312.180	166.410	134.160	612.750	61.920		
61.930	0.000	2.500	0.000	2.500	61.930	310.000	167.400	138.880	616.280	61.930		
61.940	0.000	2.500	0.000	2.500	61.940	303.800	164.920	146.320	615.040	61.940		
61.950	0.000	2.500	0.000	2.500	61.950	301.320	167.400	151.280	620.000	61.950		
61.960	0.000	2.500	0.000	2.500	61.960	298.840	164.920	159.960	623.720	61.960		
61.970	0.000	2.500	0.000	2.500	61.970	296.360	164.920	167.400	628.680	61.970		
61.980	0.000	2.500	0.000	2.500	61.980	291.400	164.920	169.880	626.200	61.980		
61.990	0.000	2.500	0.000	2.500	61.990	286.440	162.440	177.320	626.200	61.990		
62.000	0.000	0.000	0.000	0.000	62.000	283.960	162.440	179.800	626.200	62.000		
62.010	0.000	0.000	0.000	0.000	62.010	276.520	159.960	187.240	623.720	62.010		
62.020	0.000	2.500	0.000	2.500	62.020	269.080	159.960	194.680	623.720	62.020		
62.030	0.000	2.500	0.000	2.500	62.030	259.160	159.960	204.600	623.720	62.030		
62.040	0.000	2.500	0.000	2.500	62.040	249.240	159.960	217.000	626.200	62.040		
62.050	0.000	2.500	0.000	2.500	62.050	239.320	162.440	231.880	633.640	62.050		
62.060	0.000	0.000	0.000	0.000	62.060	226.920	162.440	246.760	636.120	62.060		
62.070	0.000	2.060	0.000	2.060	62.070	212.040	164.920	261.640	638.600	62.070		
62.080	0.000	0.000	0.000	0.000	62.080	189.100	164.300	279.000	632.400	62.080		
62.090	0.000	0.000	2.060	2.060	62.090	167.400	164.300	291.400	623.100	62.090		
62.100	0.000	0.000	9.270	9.270	62.100	144.150	161.200	306.900	612.250	62.100		
62.110	0.000	0.000	19.570	19.570	62.110	119.350	159.650	322.400	601.400	62.110		
62.120	0.000	0.000	31.930	31.930	62.120	96.100	151.900	336.350	584.350	62.120		
62.130	0.000	0.000	47.380	47.380	62.130	71.300	141.050	351.850	564.200	62.130		
62.140	0.000	0.000	69.010	69.010	62.140	54.250	131.750	364.250	550.250	62.140		
62.150	0.000	0.000	94.760	94.760	62.150	44.950	119.350	376.650	540.950	62.150		
62.160	0.000	2.060	121.540	123.600	62.160	34.100	106.950	384.400	525.450	62.160		
62.170	2.060	2.060	152.440	156.560	62.170	26.350	91.450	387.500	505.300	62.170		
62.180	4.120	7.210	184.370	195.700	62.180	18.600	79.050	384.400	482.050	62.180		
62.190	7.210	12.360	212.180	231.750	62.190	12.400	66.650	376.650	455.700	62.190		
62.200	9.270	19.570	236.900	265.740	62.200	4.650	54.250	367.350	426.250	62.200		
62.210	14.420	26.780	257.500	298.700	62.210	0.000	46.500	348.750	395.250	62.210		
62.220	24.960	34.560	276.480	336.000	62.220	0.000	37.200	328.600	365.800	62.220		
62.230	30.720	38.400	291.840	360.960	62.230	0.000	29.750	297.500	327.250	62.230		
62.240	38.400	44.160	303.360	385.920	62.240	0.000	21.420	264.180	285.600	62.240		
62.250	44.160	46.080	318.720	408.960	62.250	0.000	11.900	227.290	239.190	62.250		
62.260	49.920	51.840	334.080	435.840	62.260	0.000	7.140	189.210	196.350	62.260		
62.270	51.840	53.760	351.360	456.960	62.270	0.000	2.380	152.320	154.700	62.270		
62.280	55.680	55.680	374.400	485.760	62.280	0.000	2.380	114.240	116.620	62.280		
62.290	59.520	61.440	393.600	514.560	62.290	0.000	2.380	84.490	86.870	62.290		
62.300	63.360	61.440	414.720	539.520	62.300	2.380	2.380	57.120	61.880	62.300		
62.310	67.200	63.360	432.000	562.560	62.310	7.140	0.000	36.890	44.030	62.310		
62.320	69.120	63.360	447.360	579.840	62.320	9.520	2.380	19.040	30.940	62.320		
62.330	69.120	67.200	460.800	597.120	62.330	7.140	0.000	14.280	21.420	62.330		
62.340	69.120	67.200	472.320	608.640	62.340	7.140	0.000	11.900	19.040	62.340		
62.350	69.120	67.200	476.160	612.480	62.350	7.140	0.000	9.520	16.660	62.350		
62.360	71.040	63.360	480.000	614.400	62.360	7.140	0.000	7.140	14.280	62.360		
62.370	71.040	63.360	480.000	614.400	62.370	7.140	0.000	4.760	11.900	62.370		
62.380	74.880	61.440	474.240	610.560	62.380	7.500	0.000	4.980	12.480	62.380		
62.390	76.800	61.440	468.480	606.720	62.390	7.500	0.000	4.980	12.480	62.390		
62.400	78.720	59.520	458.880	597.120	62.400	7.500	0.000	4.980	12.480	62.400		
62.410	80.640	59.520	447.360	587.520	62.410	7.500	0.000	4.980	12.480	62.410		
62.420	86.400	59.520	433.920	579.840	62.420	7.500	0.000	4.980	12.480	62.420		
62.430	92.160	55.680	422.400	570.240	62.430	7.500	0.000	4.980	12.480	62.430		
62.440	94.080	55.680	414.720	564.480	62.440	7.500	0.000	2.490	9.990	62.440		
62.450	99.840	55.680	408.960	564.480	62.450	7.500	0.000	4.980	12.480	62.450		
62.460	99.840	55.680	401.280	556.800	62.460	7.500	0.000	4.980	12.480	62.460		
62.470	103.680	55.680	399.360	558.720	62.470	4.980	0.000	2.490	7.470	62.470		
62.480	103.680	59.520	399.360	562.560	62.480	4.980	0.000	2.490	7.470	62.480		
62.490	101.760	59.520	397.440	558.720	62.490	4.980	0.000	2.490	7.470	62.490		
62.500	101.760	61.440	399.360	562.560	62.500	4.980	0.000	2.490	7.470	62.500		
62.510	99.840	61.440	401.280	562.560	62.510	4.980	0.000	2.490	7.470	62.510		
62.520	98.530	63.460	407.480	569.470	62.520	2.490	0.000	2.490	4.980	62.520		
62.530	96.860	63.460	409.150	569.470	62.530	4.800	0.000	2.400	7.200	62.530		
62.540	96.860	66.800	412.490	576.150	62.540	2.400	0.000	2.400	4.800	62.540		
62.550	96.860	66.800	417.500	581.160	62.550	2.400	0.000	2.400	4.800	62.550		
62.560	93.520	68.470	417.500	579.490	62.560	7.200	2.400	2.400	12.000	62.560		
62.570	93.520	68.470	417.500	579.490	62.570	20.000	7.200	2.400	29.600	62.570		
62.580	91.850	68.470	414.160	574.480	62.580	32.400	12.400	2.400	47.200	62.580		
62.590	91.850	68.470	414.160	574.480	62.590	47.200	14.800	14.800	76.800	62.590		
62.600	88.510	68.470	407.480	564.460	62.600	47.200	12.400	17.200	76.800	62.600		
62.610	83.500	66.800	399.130	549.430	62.610	44.800	12.400	20.000	77.200	62.610		
62.620	81.830	66.800	392.450	541.080	62.620	54.800	12.400	20.000	87.200	62.620		
62.630	78.490	63.460	379.090	521.040	62.630	67.200	14.800	27.200	109.200	62.630		
62.640	78.490	63.460	367.400	509.350	62.640	80.000	17.200	32.400	129.600	62.640		
62.650	76.820	61.790	357.380	495.990	62.650	90.000	17.200	42.400	149.600	62.650		
62.660	73.480	61.790	344.020	479.290	62.660	94.800	17.200	47.200	159.200	62.660		
62.670	77.140	61.180	332.500	470.820	62.670	100.000	17.200	52.400	169.600	62.670		
62.680	77.140	61.180	316.540	454.860	62.680	105.000	17.500	62.300	184.800	62.680		
62.690	77.140	59.850	301.910	438.900	62.690	107.100	19.600	62.300	189.000	62.690		
62.700	77.140	59.850	289.940	426.930	62.700	112.000	17.500	64.400	193.900	62.700		
62.710	79.800	59.850	276.640	416.290	62.710	114.800	17.500	67.200	199.500	62.710		
62.720	79.800	59.850	267.330	406.980	62.720	116.900	17.500	67.200	201.600	62.720		
62.730	79.800	59.850	256.690	396.340	62.730	122.500	17.500	64.400	204.400	62.730		
62.740	79.800	59.850	248.710	388.360	62.740	129.500	17.500	67.200	214.200	62.740		
62.750	79.800	59.850	242.060	381.710	62.750	134.400	17.500	67.200	219.100	62.750		
62.760	77.140	59.850	234.080	371.070	62.760	140.000	19.600	70.000	229.600	62.760		
62.770	77.140	57.190	228.760	363.090	62.770	144.900	19.600	72.100	236.600	62.770		
62.780	77.140	57.190	222.110	356.440	62.780	149.800	22.400	74.900	247.100	62.780		
62.790	77.140	54.530	216.790	348.460	62.790	157.500	22.400	77.000	256.900	62.790		
62.800	77.140	54.530	207.480	339.150	62.800	162.400	24.500	79.800	266.700	62.800		
62.810	77.140	54.530	199.500	331.170	62.810	169.400	27.300	81.900	278.600	62.810		
62.820	77.000	54.670	192.500	324.170	62.820	175.000	27.300	84.700	287.000	62.820		
62.830	77.000	52.360	184.800	314.160	62.830	179.760	29.400	87.360	296.520	62.830		
62.840	79.310	52.360	179.410	311.080	62.840	184.800	29.400	89.880	304.080	62.840		
62.850	79.310	49.280	172.480	301.070	62.850	187.320	31.920	92.400	311.640	62.850		
62.860	82.390	49.280	169.400	301.070	62.860	189.840	29.400	89.880	309.120	62.860		
62.870	82.390	49.280	167.090	298.760	62.870	194.880	29.400	94.920	319.200	62.870		
62.880	82.390	49.280	164.780	296.450	62.880	197.400	29.400	92.400	319.200	62.880		
62.890	82.390	49.280	162.470	294.140	62.890	199.920	29.400	94.920	324.240	62.890		
62.900	84.700	52.360	159.390	296.450	62.900	202.440	29.400	97.440	329.280	62.900		
62.910	87.010	52.360	157.080	296.450	62.910	204.960	29.400	97.440	331.800	62.910		
62.920	87.010	54.670	152.460	294.140	62.920	204.960	31.920	99.960	336.840	62.920		
62.930	89.320	54.670	149.380	293.370	62.930	207.480	31.920	99.960	339.360	62.930		
62.940	87.010	56.980	144.760	288.750	62.940	207.480	34.440	99.960	341.880	62.940		
62.950	89.320	56.980	142.450	288.750	62.950	207.480	34.440	102.480	344.400	62.950		
62.960	92.400	56.980	137.060	286.440	62.960	210.000	36.960	102.480	349.440	62.960		
62.970	94.870	57.240	132.500	284.610	62.970	207.480	39.480	105.000	351.960	62.970		
62.980	96.990	57.240	129.850	284.080	62.980	207.500	39.840	104.580	351.920	62.980		
62.990	96.990	57.240	127.200	281.430	62.990	207.500	42.330	107.070	356.900	62.990		
63.000	99.640	59.890	127.200	286.730	63.000	207.500	42.330	107.070	356.900	63.000		
63.010	99.640	57.240	122.430	279.310	63.010	204.180	44.820	109.560	358.560	63.010		
63.020	102.290	57.240	119.780	279.310	63.020	204.180	44.820	112.050	361.050	63.020		
63.030	102.290	57.240	119.780	279.310	63.030	201.690	47.310	112.050	361.050	63.030		
63.040	102.290	57.240	117.130	276.660	63.040	199.200	47.310	114.540	361.050	63.040		
63.050	104.940	57.240	114.480	276.660	63.050	196.710	49.800	114.540	361.050	63.050		
63.060	107.060	54.590	114.480	276.130	63.060	194.220	49.800	117.030	361.050	63.060		
63.070	107.060	54.590	112.360	274.010	63.070	189.240	52.290	119.520	361.050	63.070		
63.080	107.060	54.590	109.710	271.360	63.080	186.750	52.290	119.520	358.560	63.080		
63.090	109.710	54.590	107.060	271.360	63.090	186.750	54.780	122.010	363.540	63.090		
63.100	114.480	54.590	104.940	274.010	63.100	184.260	54.780	122.010	361.050	63.100		
63.110	117.130	54.590	102.290	274.010	63.110	181.770	54.780	124.500	361.050	63.110		
63.120	119.700	54.600	99.400	273.700	63.120	179.280	52.290	126.990	358.560	63.120		
63.130	122.500	54.600	97.300	274.400	63.130	172.500	49.680	129.720	351.900	63.130		
63.140	127.400	57.400	97.300	282.100	63.140	169.740	46.920	134.550	351.210	63.140		
63.150	129.500	57.400	94.500	281.400	63.150	164.910	44.850	134.550	344.310	63.150		
63.160	137.200	62.300	92.400	291.900	63.160	159.390	44.850	137.310	341.550	63.160		
63.170	140.000	67.200	92.400	299.600	63.170	154.560	42.090	137.310	333.960	63.170		
63.180	147.000	70.000	89.600	306.600	63.180	152.490	39.330	139.380	331.200	63.180		
63.190	151.900	72.100	84.700	308.700	63.190	149.730	39.330	142.140	331.200	63.190		
63.200	157.500	74.900	79.800	312.200	63.200	146.970	37.260	142.140	326.370	63.200		
63.210	162.400	77.000	74.900	314.300	63.210	142.140	34.500	142.140	318.780	63.210		
63.220	164.500	77.000	74.900	316.400	63.220	139.380	34.500	142.140	316.020	63.220		
63.230	167.300	79.800	70.000	317.100	63.230	137.310	34.500	142.140	313.950	63.230		
63.240	169.400	79.800	67.200	316.400	63.240	132.480	37.260	144.900	314.640	63.240		
63.250	172.200	79.800	67.200	319.200	63.250	132.480	37.260	144.900	314.640	63.250		
63.260	175.000	79.800	64.400	319.200	63.260	129.720	39.330	144.900	313.950	63.260		
63.270	174.440	77.430	62.300	314.170	63.270	129.720	39.330	144.900	313.950	63.270		
63.280	177.110	77.430	64.970	319.510	63.280	127.200	42.000	144.600	313.800	63.280		
63.290	179.780	72.090	64.970	316.840	63.290	127.200	45.000	147.000	319.200	63.290		
63.300	182.450	72.090	64.970	319.510	63.300	124.800	49.800	150.000	324.600	63.300		
63.310	182.450	69.420	66.750	318.620	63.310	120.000	52.200	147.000	319.200	63.310		
63.320	184.230	66.750	69.420	320.400	63.320	114.600	54.600	142.200	311.400	63.320		
63.330	186.900	66.750	74.760	328.410	63.330	107.400	60.000	139.800	307.200	63.330		
63.340	189.570	64.970	79.210	333.750	63.340	99.600	60.000	135.000	294.600	63.340		
63.350	192.240	64.970	84.550	341.760	63.350	90.000	62.400	132.000	284.400	63.350		
63.360	199.360	64.970	87.220	351.550	63.360	79.800	62.400	127.200	269.400	63.360		
63.370	202.030	64.970	91.670	358.670	63.370	69.600	64.800	122.400	256.800	63.370		
63.380	207.370	64.970	94.340	366.680	63.380	60.000	64.800	122.400	247.200	63.380		
63.390	211.820	64.970	97.010	373.800	63.390	52.200	67.200	117.000	236.400	63.390		
63.400	217.160	64.970	102.350	384.480	63.400	45.000	64.800	109.800	219.600	63.400		
63.410	222.500	64.970	104.130	391.600	63.410	34.800	64.800	94.800	194.400	63.410		
63.420	226.860	67.260	111.720	405.840	63.420	30.000	62.400	87.000	179.400	63.420		
63.430	234.840	67.260	119.700	421.800	63.430	22.400	57.400	70.000	149.800	63.430		
63.440	239.400	67.260	126.540	433.200	63.440	17.360	52.360	57.400	127.120	63.440		
63.450	243.960	69.540	134.520	448.020	63.450	9.800	44.800	44.800	99.400	63.450		
63.460	251.940	71.820	144.780	468.540	63.460	7.280	37.240	32.480	77.000	63.460		
63.470	254.220	74.100	153.900	482.220	63.470	7.280	32.480	24.920	64.680	63.470		
63.480	256.500	76.380	166.440	499.320	63.480	4.760	24.920	19.880	49.560	63.480		
63.490	262.200	79.800	178.980	520.980	63.490	2.240	19.880	14.840	36.960	63.490		
63.500	264.480	82.080	194.940	541.500	63.500	2.240	14.840	9.800	26.880	63.500		
63.510	264.480	84.360	204.060	552.900	63.510	2.240	9.800	7.280	19.320	63.510		
63.520	266.760	86.640	216.600	570.000	63.520	2.240	7.280	4.760	14.280	63.520		
63.530	272.460	86.640	226.860	585.960	63.530	0.000	2.240	2.240	4.480	63.530		
63.540	277.020	88.920	234.840	600.780	63.540	0.000	2.240	0.000	2.240	63.540		
63.550	279.300	88.920	237.120	605.340	63.550	2.240	2.240	0.000	4.480	63.550		
63.560	285.000	88.920	239.400	613.320	63.560	0.000	2.240	0.000	2.240	63.560		
63.570	286.520	87.000	236.640	610.160	63.570	0.000	2.240	2.240	4.480	63.570		
63.580	286.520	87.000	236.640	610.160	63.580	0.000	2.400	2.400	4.800	63.580		
63.590	290.000	84.680	234.320	609.000	63.590	0.000	0.000	2.400	2.400	63.590		
63.600	290.000	82.360	229.680	602.040	63.600	0.000	0.000	0.000	0.000	63.600		
63.610	286.520	82.360	227.360	596.240	63.610	0.000	0.000	2.400	2.400	63.610		
63.620	284.200	78.880	223.880	586.960	63.620	0.000	0.000	0.000	0.000	63.620		
63.630	284.200	76.560	219.240	580.000	63.630	0.000	0.000	2.400	2.400	63.630		
63.640	284.200	76.560	216.920	577.680	63.640	0.000	0.000	2.400	2.400	63.640		
63.650	284.200	74.240	212.280	570.720	63.650	0.000	0.000	2.400	2.400	63.650		
63.660	284.200	74.240	206.480	564.920	63.660	0.000	0.000	2.400	2.400	63.660		
63.670	286.520	71.920	204.160	562.600	63.670	0.000	0.000	2.400	2.400	63.670		
63.680	286.520	69.600	199.520	555.640	63.680	0.000	0.000	7.400	7.400	63.680		
63.690	290.000	69.600	197.200	556.800	63.690	2.400	0.000	15.000	17.400	63.690		
63.700	286.520	69.600	194.880	551.000	63.700	5.000	0.000	27.400	32.400	63.700		
63.710	286.520	69.600	189.080	545.200	63.710	5.000	0.000	37.400	42.400	63.710		
63.720	285.000	67.260	184.680	536.940	63.720	7.400	2.400	50.000	59.800	63.720		
63.730	279.300	67.260	176.700	523.260	63.730	11.880	4.950	64.350	81.180	63.730		
63.740	277.020	61.560	169.860	508.440	63.740	19.800	11.880	82.170	113.850	63.740		
63.750	272.460	59.280	159.600	491.340	63.750	29.700	19.800	101.970	151.470	63.750		
63.760	266.760	54.720	147.060	468.540	63.760	67.320	31.680	116.820	215.820	63.760		
63.770	259.920	46.740	134.520	441.180	63.770	104.940	44.550	131.670	281.160	63.770		
63.780	251.940	42.180	119.700	413.820	63.780	124.740	54.450	141.570	320.760	63.780		
63.790	247.380	34.200	101.460	383.040	63.790	129.690	59.400	149.490	338.580	63.790		
63.800	239.400	27.360	76.380	343.140	63.800	139.590	64.350	157.410	361.350	63.800		
63.810	229.140	19.380	57.000	305.520	63.810	154.440	69.300	162.360	386.100	63.810		
63.820	216.600	14.820	39.900	271.320	63.820	172.260	77.220	164.340	413.820	63.820		
63.830	207.480	11.400	34.200	253.080	63.830	187.110	82.170	167.310	436.590	63.830		
63.840	189.240	6.840	29.640	225.720	63.840	201.960	87.120	172.260	461.340	63.840		
63.850	172.140	4.560	23.940	200.640	63.850	216.810	92.070	174.240	483.120	63.850		
63.860	149.340	4.560	17.100	171.000	63.860	231.660	97.020	174.240	502.920	63.860		
63.870	127.500	4.590	12.240	144.330	63.870	247.500	101.970	172.260	521.730	63.870		
63.880	107.100	2.040	9.690	118.830	63.880	261.870	109.650	171.570	543.090	63.880		
63.890	87.210	2.040	9.690	98.940	63.890	274.770	112.230	168.990	555.990	63.890		
63.900	69.870	2.040	7.140	79.050	63.900	283.800	119.970	168.990	572.760	63.900		
63.910	57.120	2.040	4.590	63.750	63.910	294.120	123.840	168.990	586.950	63.910		
63.920	42.330	0.000	4.590	46.920	63.920	304.440	129.000	171.570	605.010	63.920		
63.930	32.130	2.040	7.140	41.310	63.930	312.180	134.160	168.990	615.330	63.930		
63.940	19.890	2.040	4.590	26.520	63.940	317.340	136.740	171.570	625.650	63.940		
63.950	9.690	2.040	4.590	16.320	63.950	319.920	141.900	171.570	633.390	63.950		
63.960	4.590	2.040	4.590	11.220	63.960	322.500	144.480	171.570	638.550	63.960		
63.970	4.590	2.040	4.590	11.220	63.970	322.500	147.060	166.410	635.970	63.970		
63.980	4.590	0.000	2.040	6.630	63.980	322.500	152.220	166.410	641.130	63.980		
63.990	2.040	2.040	2.040	6.120	63.990	322.500	154.800	163.830	641.130	63.990		
64.000	2.040	2.040	2.040	6.120	64.000	319.920	157.380	159.960	637.260	64.000		
64.010	2.040	2.040	2.040	6.120	64.010	317.340	157.380	157.380	632.100	64.010		
64.020	2.500	2.500	2.500	7.500	64.020	314.760	159.960	149.640	624.360	64.020		
64.030	0.000	2.500	2.500	5.000	64.030	313.820	161.880	144.840	620.540	64.030		
64.040	0.000	2.500	2.500	5.000	64.040	312.400	164.720	134.900	612.020	64.040		
64.050	0.000	2.500	0.000	2.500	64.050	312.400	166.140	124.960	603.500	64.050		
64.060	0.000	2.500	2.500	5.000	64.060	309.560	168.980	119.280	597.820	64.060		
64.070	0.000	2.500	2.500	5.000	64.070	309.560	171.820	112.180	593.560	64.070		
64.080	0.000	2.500	2.500	5.000	64.080	309.560	174.660	103.660	587.880	64.080		
64.090	0.000	2.500	2.500	5.000	64.090	312.400	174.660	93.720	580.780	64.090		
64.100	0.000	2.500	0.000	2.500	64.100	316.660	174.660	89.460	580.780	64.100		
64.110	0.000	2.500	0.000	2.500	64.110	322.340	177.500	82.360	582.200	64.110		
64.120	0.000	2.500	2.500	5.000	64.120	323.760	177.500	79.520	580.780	64.120		
64.130	0.000	2.500	2.500	5.000	64.130	326.600	177.500	73.840	577.940	64.130		
64.140	0.000	2.500	2.500	5.000	64.140	332.280	177.500	72.420	582.200	64.140		
64.150	0.000	2.500	0.000	2.500	64.150	339.380	177.500	66.740	583.620	64.150		
64.160	0.000	2.500	2.500	5.000	64.160	349.320	171.820	62.480	583.620	64.160		
64.170	0.000	2.450	2.450	4.900	64.170	355.000	168.980	56.800	580.780	64.170		
64.180	0.000	2.450	2.450	4.900	64.180	364.980	167.480	53.720	586.180	64.180		
64.190	0.000	2.450	0.000	2.450	64.190	371.300	161.160	52.140	584.600	64.190		
64.200	0.000	2.450	2.450	4.900	64.200	379.200	159.580	48.980	587.760	64.200		
64.210	0.000	2.450	2.450	4.900	64.210	383.940	154.840	47.400	586.180	64.210		
64.220	0.000	4.970	2.450	7.420	64.220	387.100	151.680	44.240	583.020	64.220		
64.230	0.000	4.970	2.450	7.420	64.230	388.680	148.520	41.080	578.280	64.230		
64.240	0.000	2.450	2.450	4.900	64.240	391.840	148.520	44.240	584.600	64.240		
64.250	0.000	4.970	2.450	7.420	64.250	391.840	146.940	41.080	579.860	64.250		
64.260	2.450	7.490	2.450	12.390	64.260	395.000	143.780	39.500	578.280	64.260		
64.270	0.000	4.970	2.450	7.420	64.270	391.840	139.040	39.500	570.380	64.270		
64.280	2.450	7.490	4.970	14.910	64.280	388.680	137.460	39.500	565.640	64.280		
64.290	4.970	9.940	4.970	19.880	64.290	387.100	134.300	36.340	557.740	64.290		
64.300	7.490	14.980	7.490	29.960	64.300	382.360	129.560	34.760	546.680	64.300		
64.310	12.460	17.500	4.970	34.930	64.310	374.460	126.400	34.760	535.620	64.310		
64.320	19.190	27.270	4.040	50.500	64.320	361.820	118.500	31.600	511.920	64.320		
64.330	32.320	37.370	7.070	76.760	64.330	345.000	114.540	26.220	485.760	64.330		
64.340	49.490	47.470	12.120	109.080	64.340	324.300	111.780	24.840	460.920	64.340		
64.350	64.640	61.610	14.140	140.390	64.350	299.460	109.020	22.080	430.560	64.350		
64.360	86.860	74.740	17.170	178.770	64.360	271.860	104.880	22.080	398.820	64.360		
64.370	109.080	89.890	22.220	221.190	64.370	244.260	96.600	19.320	360.180	64.370		
64.380	134.330	102.010	27.270	263.610	64.380	213.900	84.180	16.560	314.640	64.380		
64.390	154.530	117.160	34.340	306.030	64.390	186.300	74.520	12.420	273.240	64.390		
64.400	171.700	127.260	39.390	338.350	64.400	158.700	64.860	6.900	230.460	64.400		
64.410	189.880	142.410	47.470	379.760	64.410	133.860	52.440	0.000	186.300	64.410		
64.420	204.020	149.480	51.510	405.010	64.420	111.780	41.400	0.000	153.180	64.420		
64.430	217.150	156.550	56.560	430.260	64.430	93.840	34.500	0.000	128.340	64.430		
64.440	229.270	161.600	59.590	450.460	64.440	77.280	26.220	0.000	103.500	64.440		
64.450	239.370	161.600	61.610	462.580	64.450	64.860	22.080	0.000	86.940	64.450		
64.460	252.500	161.600	64.640	478.740	64.460	53.820	16.560	0.000	70.380	64.460		
64.470	266.700	161.290	69.850	497.840	64.470	44.160	12.420	0.000	56.580	64.470		
64.480	279.400	157.480	72.390	509.270	64.480	35.000	9.940	0.000	44.940	64.480		
64.490	289.560	154.940	77.470	521.970	64.490	27.440	7.420	0.000	34.860	64.490		
64.500	297.180	149.860	81.280	528.320	64.500	17.500	4.900	0.000	22.400	64.500		
64.510	304.800	147.320	88.900	541.020	64.510	9.940	2.380	0.000	12.320	64.510		
64.520	309.880	142.240	96.520	548.640	64.520	2.380	0.000	0.000	2.380	64.520		
64.530	314.960	137.160	101.600	553.720	64.530	0.000	0.000	0.000	0.000	64.530		
64.540	317.500	132.080	106.680	556.260	64.540	0.000	0.000	0.000	0.000	64.540		
64.550	317.500	127.000	114.300	558.800	64.550	0.000	0.000	0.000	0.000	64.550		
64.560	317.500	121.920	121.920	561.340	64.560	0.000	0.000	0.000	0.000	64.560		
64.570	314.960	116.840	129.540	561.340	64.570	0.000	0.000	0.000	0.000	64.570		
64.580	314.960	111.760	137.160	563.880	64.580	0.000	0.000	0.000	0.000	64.580		
64.590	309.880	109.220	144.780	563.880	64.590	0.000	0.000	0.000	0.000	64.590		
64.600	307.340	104.140	154.940	566.420	64.600	0.000	0.000	0.000	0.000	64.600		
64.610	307.340	104.140	161.290	572.770	64.610	0.000	0.000	0.000	0.000	64.610		
64.620	305.000	104.920	169.580	579.500	64.620	0.000	0.000	0.000	0.000	64.620		
64.630	305.000	102.480	174.460	581.940	64.630	0.000	0.000	0.000	0.000	64.630		
64.640	301.340	102.480	181.780	585.600	64.640	0.000	0.000	0.000	0.000	64.640		
64.650	298.900	102.480	186.660	588.040	64.650	0.000	0.000	0.000	0.000	64.650		
64.660	291.580	102.480	193.980	588.040	64.660	0.000	0.000	0.000	0.000	64.660		
64.670	289.140	98.820	201.300	589.260	64.670	0.000	0.000	0.000	0.000	64.670		
64.680	279.380	98.820	209.840	588.040	64.680	0.000	0.000	0.000	0.000	64.680		
64.690	272.060	102.480	222.040	596.580	64.690	0.000	0.000	0.000	0.000	64.690		
64.700	259.860	102.480	231.800	594.140	64.700	0.000	0.000	0.000	0.000	64.700		
64.710	244.000	102.480	241.560	588.040	64.710	0.000	0.000	0.000	0.000	64.710		
64.720	234.240	104.920	248.880	588.040	64.720	0.000	0.000	0.000	0.000	64.720		
64.730	226.920	107.360	257.420	591.700	64.730	0.000	0.000	0.000	0.000	64.730		
64.740	219.600	109.800	259.860	589.260	64.740	0.000	0.000	0.000	0.000	64.740		
64.750	214.720	104.920	259.860	579.500	64.750	0.000	0.000	0.000	0.000	64.750		
64.760	207.400	104.920	259.860	572.180	64.760	0.000	0.000	4.970	4.970	64.760		
64.770	197.160	101.760	261.820	560.740	64.770	0.000	0.000	17.500	17.500	64.770		
64.780	191.860	99.640	265.000	556.500	64.780	0.000	0.000	24.480	24.480	64.780		
64.790	184.440	96.460	261.820	542.720	64.790	0.000	0.000	34.560	34.560	64.790		
64.800	174.900	94.340	261.820	531.060	64.800	0.000	4.320	46.800	51.120	64.800		
64.810	167.480	86.920	256.520	510.920	64.810	0.000	9.360	61.920	71.280	64.810		
64.820	154.760	84.800	254.400	493.960	64.820	2.160	22.320	84.960	109.440	64.820		
64.830	142.040	77.380	252.280	471.700	64.830	9.360	34.560	102.240	146.160	64.830		
64.840	132.500	72.080	246.980	451.560	64.840	22.320	56.880	112.320	191.520	64.840		
64.850	119.780	64.660	241.680	426.120	64.850	61.920	79.920	114.480	256.320	64.850		
64.860	112.360	57.240	234.260	403.860	64.860	99.360	94.320	119.520	313.200	64.860		
64.870	99.640	46.640	219.420	365.700	64.870	122.400	102.240	129.600	354.240	64.870		
64.880	89.040	39.220	199.280	327.540	64.880	129.600	104.400	139.680	373.680	64.880		
64.890	84.800	29.680	169.600	284.080	64.890	136.800	107.280	149.760	393.840	64.890		
64.900	79.500	22.260	139.920	241.680	64.900	149.760	107.280	154.800	411.840	64.900		
64.910	72.080	11.660	112.360	196.100	64.910	164.880	112.320	164.880	442.080	64.910		
64.920	62.370	4.950	82.500	149.820	64.920	180.000	114.480	172.080	466.560	64.920		
64.930	57.420	2.310	59.730	119.460	64.930	191.860	116.600	182.320	490.780	64.930		
64.940	49.830	0.000	44.880	94.710	64.940	206.700	119.780	191.860	518.340	64.940		
64.950	39.930	0.000	32.340	72.270	64.950	219.420	124.020	199.280	542.720	64.950		
64.960	34.980	0.000	22.440	57.420	64.960	228.960	127.200	206.700	562.860	64.960		
64.970	27.390	0.000	14.850	42.240	64.970	239.560	129.320	214.120	583.000	64.970		
64.980	17.490	0.000	9.900	27.390	64.980	246.980	132.500	221.540	601.020	64.980		
64.990	12.210	0.000	7.260	19.470	64.990	252.280	132.500	228.960	613.740	64.990		
65.000	4.950	0.000	4.950	9.900	65.000	254.400	129.320	234.260	617.980	65.000		
65.010	0.000	0.000	4.950	4.950	65.010	256.520	129.320	237.440	623.280	65.010		
65.020	0.000	0.000	2.310	2.310	65.020	256.520	129.320	241.680	627.520	65.020		
65.030	0.000	0.000	2.310	2.310	65.030	256.520	127.200	239.560	623.280	65.030		
65.040	0.000	0.000	2.310	2.310	65.040	259.700	124.020	237.440	621.160	65.040		
65.050	0.000	0.000	9.900	9.900	65.050	261.820	121.900	228.960	612.680	65.050		
65.060	0.000	2.310	24.750	27.060	65.060	265.000	119.780	224.720	609.500	65.060		
65.070	2.240	4.760	27.440	34.440	65.070	265.000	112.360	219.420	596.780	65.070		
65.080	7.280	7.280	24.920	39.480	65.080	264.870	112.270	209.280	586.420	65.080		
65.090	9.800	7.280	22.400	39.480	65.090	264.870	106.820	199.470	571.160	65.090		
65.100	14.840	9.800	22.400	47.040	65.100	267.050	102.460	184.210	553.720	65.100		
65.110	19.880	9.800	24.920	54.600	65.110	269.230	97.010	172.220	538.460	65.110		
65.120	24.920	12.320	29.960	67.200	65.120	272.500	97.010	164.590	534.100	65.120		
65.130	27.440	14.840	35.000	77.280	65.130	269.230	94.830	156.960	521.020	65.130		
65.140	32.480	14.840	39.760	87.080	65.140	267.050	91.560	151.510	510.120	65.140		
65.150	35.000	17.360	44.800	97.160	65.150	264.870	91.560	144.970	501.400	65.150		
65.160	37.240	17.360	49.840	104.440	65.160	264.870	89.380	137.340	491.590	65.160		
65.170	39.760	17.360	57.400	114.520	65.170	261.600	87.200	134.070	482.870	65.170		
65.180	42.280	19.880	59.920	122.080	65.180	259.420	83.930	126.440	469.790	65.180		
65.190	47.320	22.400	64.960	134.680	65.190	257.240	81.750	124.260	463.250	65.190		
65.200	49.840	22.400	67.480	139.720	65.200	251.790	79.570	116.630	447.990	65.200		
65.210	52.360	24.920	70.000	147.280	65.210	249.610	74.120	112.270	436.000	65.210		
65.220	57.400	24.600	74.620	156.620	65.220	244.160	71.940	109.000	425.100	65.220		
65.230	57.400	27.470	77.490	162.360	65.230	242.500	66.930	106.700	416.130	65.230		
65.240	64.780	27.470	77.490	169.740	65.240	234.740	64.990	106.700	406.430	65.240		
65.250	69.700	32.390	79.950	182.040	65.250	226.980	64.990	106.700	398.670	65.250		
65.260	74.620	34.850	82.410	191.880	65.260	219.220	62.080	106.700	388.000	65.260		
65.270	77.490	37.310	82.410	197.210	65.270	212.430	59.170	106.700	378.300	65.270		
65.280	82.410	37.310	84.870	204.590	65.280	204.670	57.230	106.700	368.600	65.280		
65.290	87.330	39.770	87.330	214.430	65.290	196.910	54.320	106.700	357.930	65.290		
65.300	89.790	42.230	87.330	219.350	65.300	194.970	54.320	106.700	355.990	65.300		
65.310	92.250	42.230	87.330	221.810	65.310	187.210	52.380	109.610	349.200	65.310		
65.320	94.710	42.230	89.790	226.730	65.320	184.300	52.380	111.550	348.230	65.320		
65.330	99.630	44.690	89.790	234.110	65.330	179.450	52.380	114.460	346.290	65.330		
65.340	99.630	47.150	92.250	239.030	65.340	176.540	49.470	114.460	340.470	65.340		
65.350	102.500	49.610	94.710	246.820	65.350	174.600	46.560	114.460	335.620	65.350		
65.360	102.500	47.150	94.710	244.360	65.360	174.600	49.470	114.460	338.530	65.360		
65.370	104.640	49.920	97.440	252.000	65.370	174.600	49.470	114.460	338.530	65.370		
65.380	104.640	52.320	99.840	256.800	65.380	174.400	49.600	112.000	336.000	65.380		
65.390	102.240	49.920	102.240	254.400	65.390	176.800	47.200	109.600	333.600	65.390		
65.400	102.240	49.920	99.840	252.000	65.400	180.000	47.200	107.200	334.400	65.400		
65.410	99.840	52.320	102.240	254.400	65.410	182.400	47.200	107.200	336.800	65.410		
65.420	99.840	49.920	104.640	254.400	65.420	184.800	47.200	107.200	339.200	65.420		
65.430	97.440	49.920	104.640	252.000	65.430	192.000	49.600	104.800	346.400	65.430		
65.440	94.560	52.320	107.040	253.920	65.440	194.400	49.600	102.400	346.400	65.440		
65.450	94.560	52.320	109.920	256.800	65.450	196.800	49.600	104.800	351.200	65.450		
65.460	89.760	52.320	112.320	254.400	65.460	196.800	49.600	102.400	348.800	65.460		
65.470	89.760	52.320	114.720	256.800	65.470	200.000	52.000	102.400	354.400	65.470		
65.480	87.360	52.320	117.120	256.800	65.480	200.000	52.000	104.800	356.800	65.480		
65.490	87.360	52.320	120.000	259.680	65.490	200.000	49.600	102.400	352.000	65.490		
65.500	87.360	52.320	117.120	256.800	65.500	200.000	52.000	102.400	354.400	65.500		
65.510	89.760	52.320	117.120	259.200	65.510	200.000	49.600	102.400	352.000	65.510		
65.520	90.000	52.500	115.000	257.500	65.520	196.800	49.600	102.400	348.800	65.520		
65.530	90.000	52.500	110.000	252.500	65.530	197.500	49.770	101.910	349.180	65.530		
65.540	92.500	55.000	107.500	255.000	65.540	194.340	49.770	104.280	348.390	65.540		
65.550	95.000	52.500	102.500	250.000	65.550	191.970	47.400	104.280	343.650	65.550		
65.560	100.000	52.500	97.500	250.000	65.560	191.970	49.770	107.440	349.180	65.560		
65.570	102.500	55.000	92.500	250.000	65.570	187.230	47.400	104.280	338.910	65.570		
65.580	105.000	55.000	90.000	250.000	65.580	184.860	47.400	109.810	342.070	65.580		
65.590	110.000	55.000	85.000	250.000	65.590	182.490	47.400	109.810	339.700	65.590		
65.600	110.000	52.500	82.500	245.000	65.600	179.330	47.400	112.180	338.910	65.600		
65.610	112.500	52.500	80.000	245.000	65.610	176.960	47.400	112.180	336.540	65.610		
65.620	115.000	52.500	75.000	242.500	65.620	179.330	47.400	114.550	341.280	65.620		
65.630	117.500	52.500	75.000	245.000	65.630	176.960	44.240	116.920	338.120	65.630		
65.640	120.000	55.000	72.500	247.500	65.640	179.330	47.400	116.920	343.650	65.640		
65.650	122.500	55.000	72.500	250.000	65.650	179.330	49.770	119.290	348.390	65.650		
65.660	125.000	55.000	72.500	252.500	65.660	179.330	47.400	122.450	349.180	65.660		
65.670	124.880	57.120	70.000	252.000	65.670	179.330	49.770	124.820	353.920	65.670		
65.680	127.120	57.120	72.240	256.480	65.680	175.000	49.700	124.600	349.300	65.680		
65.690	127.120	59.920	70.000	257.040	65.690	175.000	49.700	124.600	349.300	65.690		
65.700	129.920	62.160	70.000	262.080	65.700	172.200	49.700	127.400	349.300	65.700		
65.710	132.160	62.160	67.200	261.520	65.710	172.200	49.700	127.400	349.300	65.710		
65.720	132.160	62.160	67.200	261.520	65.720	169.400	49.700	127.400	346.500	65.720		
65.730	134.960	64.960	67.200	267.120	65.730	169.400	49.700	129.500	348.600	65.730		
65.740	134.960	62.160	64.960	262.080	65.740	169.400	52.500	132.300	354.200	65.740		
65.750	137.200	59.920	64.960	262.080	65.750	167.300	52.500	132.300	352.100	65.750		
65.760	137.200	59.920	64.960	262.080	65.760	164.500	52.500	132.300	349.300	65.760		
65.770	137.200	59.920	62.160	259.280	65.770	164.500	54.600	134.400	353.500	65.770		
65.780	137.200	57.120	62.160	256.480	65.780	164.500	57.400	137.200	359.100	65.780		
65.790	140.000	54.880	62.160	257.040	65.790	164.500	57.400	137.200	359.100	65.790		
65.800	137.200	54.880	59.920	252.000	65.800	162.400	57.400	140.000	359.800	65.800		
65.810	140.000	52.080	59.920	252.000	65.810	162.400	57.400	140.000	359.800	65.810		
65.820	140.000	52.080	57.120	249.200	65.820	162.400	59.500	140.000	361.900	65.820		
65.830	140.000	49.840	57.120	246.960	65.830	161.880	56.800	139.870	358.550	65.830		
65.840	137.200	49.840	57.120	244.160	65.840	161.880	56.800	142.000	360.680	65.840		
65.850	137.200	49.840	57.120	244.160	65.850	161.880	54.670	139.870	356.420	65.850		
65.860	134.960	49.840	57.120	241.920	65.860	164.720	54.670	139.870	359.260	65.860		
65.870	134.960	49.840	57.120	241.920	65.870	164.720	51.830	139.870	356.420	65.870		
65.880	132.160	52.080	62.160	246.400	65.880	166.850	51.830	139.870	358.550	65.880		
65.890	132.160	54.880	64.960	252.000	65.890	166.850	49.700	134.900	351.450	65.890		
65.900	132.160	59.920	70.000	262.080	65.900	169.690	44.730	132.060	346.480	65.900		
65.910	129.920	59.920	72.240	262.080	65.910	169.690	44.730	129.930	344.350	65.910		
65.920	129.920	62.160	74.480	266.560	65.920	174.660	41.890	124.960	341.510	65.920		
65.930	127.120	64.960	77.280	269.360	65.930	177.500	39.760	122.120	339.380	65.930		
65.940	127.120	67.200	79.520	273.840	65.940	177.500	36.920	117.150	331.570	65.940		
65.950	127.120	70.000	82.320	279.440	65.950	177.500	36.920	114.310	328.730	65.950		
65.960	129.920	67.200	84.560	281.680	65.960	174.660	34.790	114.310	323.760	65.960		
65.970	129.780	69.930	86.940	286.650	65.970	171.820	31.950	112.180	315.950	65.970		
65.980	129.780	69.930	89.460	289.170	65.980	167.500	29.480	111.890	308.870	65.980		
65.990	129.780	72.450	91.980	294.210	65.990	164.820	29.480	107.200	301.500	65.990		
66.000	132.300	72.450	94.500	299.250	66.000	162.140	27.470	107.200	296.810	66.000		
66.010	132.300	74.970	97.020	304.290	66.010	157.450	27.470	104.520	289.440	66.010		
66.020	132.300	77.490	102.060	311.850	66.020	157.450	24.790	101.840	284.080	66.020		
66.030	132.300	77.490	104.580	314.370	66.030	154.770	22.110	101.840	278.720	66.030		
66.040	132.300	79.380	107.100	318.780	66.040	154.770	19.430	99.830	274.030	66.040		
66.050	134.820	81.900	107.100	323.820	66.050	152.090	19.430	99.830	271.350	66.050		
66.060	137.340	84.420	107.100	328.860	66.060	149.410	19.430	97.150	265.990	66.060		
66.070	139.860	84.420	107.100	331.380	66.070	147.400	17.420	97.150	261.970	66.070		
66.080	144.900	86.940	102.060	333.900	66.080	144.720	17.420	99.830	261.970	66.080		
66.090	147.420	86.940	97.020	331.380	66.090	139.360	17.420	104.520	261.300	66.090		
66.100	152.460	86.940	89.460	328.860	66.100	137.350	14.740	104.520	256.610	66.100		
66.110	157.500	86.940	79.380	323.820	66.110	134.670	17.420	111.890	263.980	66.110		
66.120	164.800	87.200	64.800	316.800	66.120	137.350	14.740	117.250	269.340	66.120		
66.130	174.400	82.400	47.200	304.000	66.130	146.880	13.770	123.930	284.580	66.130		
66.140	182.400	74.400	32.000	288.800	66.140	162.180	16.830	131.580	310.590	66.140		
66.150	192.000	60.000	14.400	266.400	66.150	177.480	19.890	142.290	339.660	66.150		
66.160	200.000	49.600	7.200	256.800	66.160	194.310	21.420	154.530	370.260	66.160		
66.170	200.000	40.000	0.000	240.000	66.170	211.140	26.010	169.830	406.980	66.170		
66.180	192.000	24.800	0.000	216.800	66.180	231.030	32.130	182.070	445.230	66.180		
66.190	169.600	20.000	0.000	189.600	66.190	252.450	33.660	194.310	480.420	66.190		
66.200	140.000	12.000	0.000	152.000	66.200	273.870	39.780	209.610	523.260	66.200		
66.210	102.400	9.600	0.000	112.000	66.210	299.880	47.430	221.850	569.160	66.210		
66.220	62.400	7.200	0.000	69.600	66.220	321.300	56.610	231.030	608.940	66.220		
66.230	27.200	4.800	0.000	32.000	66.230	347.310	61.200	244.800	653.310	66.230		
66.240	4.800	2.400	0.000	7.200	66.240	364.140	68.850	252.450	685.440	66.240		
66.250	0.000	0.000	0.000	0.000	66.250	376.380	76.500	258.570	711.450	66.250		
66.260	0.000	0.000	0.000	0.000	66.260	382.500	81.090	266.220	729.810	66.260		
66.270	0.000	0.000	0.000	0.000	66.270	379.440	81.090	272.340	732.870	66.270		
66.280	0.000	0.000	0.000	0.000	66.280	375.000	79.500	274.500	729.000	66.280		
66.290	0.000	0.000	0.000	0.000	66.290	369.000	79.500	274.500	723.000	66.290		
66.300	0.000	0.000	0.000	0.000	66.300	360.000	76.500	271.500	708.000	66.300		
66.310	0.000	0.000	0.000	0.000	66.310	352.500	75.000	271.500	699.000	66.310		
66.320	0.000	0.000	0.000	0.000	66.320	342.000	72.000	267.000	681.000	66.320		
66.330	0.000	0.000	0.000	0.000	66.330	330.000	67.500	262.500	660.000	66.330		
66.340	0.000	0.000	0.000	0.000	66.340	316.500	64.500	259.500	640.500	66.340		
66.350	0.000	0.000	0.000	0.000	66.350	307.500	61.500	256.500	625.500	66.350		
66.360	0.000	0.000	2.500	2.500	66.360	294.000	60.000	255.000	609.000	66.360		
66.370	0.000	0.000	2.500	2.500	66.370	285.000	54.000	252.000	591.000	66.370		
66.380	0.000	0.000	2.500	2.500	66.380	279.000	54.000	249.000	582.000	66.380		
66.390	0.000	0.000	2.500	2.500	66.390	274.500	49.500	247.500	571.500	66.390		
66.400	0.000	0.000	2.500	2.500	66.400	271.500	46.500	244.500	562.500	66.400		
66.410	0.000	0.000	2.500	2.500	66.410	271.500	46.500	240.000	558.000	66.410		
66.420	0.000	0.000	2.500	2.500	66.420	271.500	45.000	237.000	553.500	66.420		
66.430	0.000	0.000	2.500	2.500	66.430	277.380	41.400	231.840	550.620	66.430		
66.440	0.000	0.000	2.500	2.500	66.440	278.760	41.400	229.080	549.240	66.440		
66.450	0.000	0.000	5.000	5.000	66.450	281.520	44.160	229.080	554.760	66.450		
66.460	0.000	0.000	2.500	2.500	66.460	287.040	44.160	226.320	557.520	66.460		
66.470	0.000	0.000	2.500	2.500	66.470	289.800	44.160	226.320	560.280	66.470		
66.480	0.000	0.000	2.500	2.500	66.480	293.940	44.160	226.320	564.420	66.480		
66.490	0.000	0.000	5.000	5.000	66.490	296.700	46.920	224.940	568.560	66.490		
66.500	0.000	0.000	2.500	2.500	66.500	302.220	46.920	222.180	571.320	66.500		
66.510	0.000	0.000	2.500	2.500	66.510	309.120	46.920	222.180	578.220	66.510		
66.520	0.000	0.000	2.500	2.500	66.520	314.640	46.920	219.420	580.980	66.520		
66.530	0.000	0.000	2.500	2.500	66.530	321.540	49.680	216.660	587.880	66.530		
66.540	0.000	0.000	2.500	2.500	66.540	329.820	49.680	211.140	590.640	66.540		
66.550	0.000	0.000	5.000	5.000	66.550	336.720	52.440	211.140	600.300	66.550		
66.560	0.000	0.000	2.500	2.500	66.560	342.240	53.820	209.760	605.820	66.560		
66.570	0.000	0.000	4.350	4.350	66.570	345.000	59.340	209.760	614.100	66.570		
66.580	0.000	0.000	1.450	1.450	66.580	347.200	58.800	214.200	620.200	66.580		
66.590	0.000	0.000	1.450	1.450	66.590	347.200	61.600	214.200	623.000	66.590		
66.600	0.000	0.000	1.450	1.450	66.600	350.000	61.600	217.000	628.600	66.600		
66.610	0.000	0.000	1.450	1.450	66.610	347.200	61.600	219.800	628.600	66.610		
66.620	0.000	0.000	1.450	1.450	66.620	341.600	61.600	221.200	624.400	66.620		
66.630	0.000	0.000	1.450	1.450	66.630	337.400	58.800	219.800	616.000	66.630		
66.640	0.000	0.000	0.000	0.000	66.640	334.600	58.800	219.800	613.200	66.640		
66.650	0.000	0.000	0.000	0.000	66.650	337.400	58.800	217.000	613.200	66.650		
66.660	0.000	4.350	42.050	46.400	66.660	337.400	58.800	217.000	613.200	66.660		
66.670	39.150	62.350	362.500	464.000	66.670	344.400	61.600	214.200	620.200	66.670		
66.680	21.750	31.900	319.000	372.650	66.680	316.400	51.800	204.400	572.600	66.680		
66.690	17.400	18.850	262.450	298.700	66.690	277.200	44.800	194.600	516.600	66.690		
66.700	26.100	26.100	246.500	298.700	66.700	252.000	36.400	184.800	473.200	66.700		
66.710	39.150	24.650	207.350	271.150	66.710	229.600	35.000	175.000	439.600	66.710		
66.720	44.880	22.440	162.360	229.680	66.720	207.200	29.400	169.400	406.000	66.720		
66.730	52.140	22.440	139.920	214.500	66.730	182.500	27.010	162.060	371.570	66.730		
66.740	59.400	22.440	129.360	211.200	66.740	159.870	24.820	159.870	344.560	66.740		
66.750	64.680	22.440	122.100	209.220	66.750	144.540	21.900	154.760	321.200	66.750		
66.760	67.320	27.060	119.460	213.840	66.760	132.130	21.900	151.840	305.870	66.760		
66.770	69.960	27.060	122.100	219.120	66.770	124.830	21.900	149.650	296.380	66.770		
66.780	69.960	29.700	129.360	229.020	66.780	121.910	21.900	149.650	293.460	66.780		
66.790	71.940	32.340	134.640	238.920	66.790	124.830	21.900	149.650	296.380	66.790		
66.800	74.580	32.340	141.900	248.820	66.800	127.020	24.820	147.460	299.300	66.800		
66.810	77.220	34.980	144.540	256.740	66.810	129.940	27.010	147.460	304.410	66.810		
66.820	77.220	34.980	149.820	262.020	66.820	129.940	29.930	151.840	311.710	66.820		
66.830	79.860	36.960	154.440	271.260	66.830	132.130	29.930	154.760	316.820	66.830		
66.840	82.500	36.960	159.720	279.180	66.840	132.130	32.120	154.760	319.010	66.840		
66.850	84.480	36.960	162.360	283.800	66.850	132.130	32.120	156.950	321.200	66.850		
66.860	82.500	42.240	165.000	289.740	66.860	132.130	34.310	159.870	326.310	66.860		
66.870	87.120	39.600	167.040	293.760	66.870	132.130	34.310	159.870	326.310	66.870		
66.880	87.120	42.480	167.040	296.640	66.880	129.920	34.560	160.000	324.480	66.880		
66.890	90.000	44.640	169.920	304.560	66.890	124.800	34.560	157.440	316.800	66.890		
66.900	90.000	46.800	172.080	308.880	66.900	122.240	32.000	154.880	309.120	66.900		
66.910	92.160	46.800	174.960	313.920	66.910	119.680	32.000	152.320	304.000	66.910		
66.920	92.160	49.680	180.000	321.840	66.920	114.560	29.440	147.200	291.200	66.920		
66.930	92.160	51.840	180.000	324.000	66.930	112.000	26.880	147.200	286.080	66.930		
66.940	94.320	54.720	180.000	329.040	66.940	106.880	26.880	139.520	273.280	66.940		
66.950	94.320	56.880	177.120	328.320	66.950	104.960	24.960	142.080	272.000	66.950		
66.960	97.200	56.880	177.120	331.200	66.960	102.400	24.960	139.520	266.880	66.960		
66.970	99.360	59.760	174.960	334.080	66.970	99.840	24.960	136.960	261.760	66.970		
66.980	102.240	61.920	174.960	339.120	66.980	94.720	22.400	139.520	256.640	66.980		
66.990	104.400	64.800	174.960	344.160	66.990	89.600	22.400	139.520	251.520	66.990		
67.000	104.400	64.800	174.960	344.160	67.000	87.040	22.400	136.960	246.400	67.000		
67.010	107.280	64.800	177.120	349.200	67.010	81.920	19.840	136.960	238.720	67.010		
67.020	109.500	69.350	179.580	358.430	67.020	80.000	19.840	136.960	236.800	67.020		
67.030	112.420	72.270	182.500	367.190	67.030	77.140	19.720	137.460	234.320	67.030		
67.040	114.610	74.460	182.500	371.570	67.040	74.820	19.720	137.460	232.000	67.040		
67.050	119.720	77.380	182.500	379.600	67.050	72.500	19.720	137.460	229.680	67.050		
67.060	124.830	82.490	179.580	386.900	67.060	69.600	17.400	137.460	224.460	67.060		
67.070	129.940	84.680	177.390	392.010	67.070	67.280	19.720	137.460	224.460	67.070		
67.080	132.130	86.870	172.280	391.280	67.080	62.060	17.400	139.780	219.240	67.080		
67.090	139.430	86.870	167.170	393.470	67.090	59.740	17.400	142.100	219.240	67.090		
67.100	144.540	86.870	159.870	391.280	67.100	57.420	17.400	145.000	219.820	67.100		
67.110	149.650	86.870	156.950	393.470	67.110	54.520	19.720	145.000	219.240	67.110		
67.120	151.840	84.680	154.760	391.280	67.120	52.200	17.400	145.000	214.600	67.120		
67.130	154.760	84.680	151.840	391.280	67.130	49.880	17.400	142.100	209.380	67.130		
67.140	156.950	84.680	149.650	391.280	67.140	46.980	19.720	145.000	211.700	67.140		
67.150	154.760	82.490	149.650	386.900	67.150	44.660	19.720	145.000	209.380	67.150		
67.160	156.950	82.490	149.650	389.090	67.160	44.660	19.720	145.000	209.380	67.160		
67.170	154.860	77.430	149.640	381.930	67.170	46.980	22.040	145.000	214.020	67.170		
67.180	154.860	77.430	149.640	381.930	67.180	49.600	24.800	144.460	218.860	67.180		
67.190	154.860	74.820	149.640	379.320	67.190	49.600	27.280	144.460	221.340	67.190		
67.200	154.860	74.820	152.250	381.930	67.200	49.600	27.280	146.940	223.820	67.200		
67.210	149.640	72.210	152.250	374.100	67.210	49.600	29.760	149.420	228.780	67.210		
67.220	147.030	69.600	154.860	371.490	67.220	49.600	32.240	151.900	233.740	67.220		
67.230	141.810	69.600	159.210	370.620	67.230	47.120	32.240	151.900	231.260	67.230		
67.240	137.460	66.990	164.430	368.880	67.240	44.640	32.240	155.000	231.880	67.240		
67.250	129.630	64.380	169.650	363.660	67.250	42.160	34.720	155.000	231.880	67.250		
67.260	124.410	64.380	177.480	366.270	67.260	37.200	37.200	151.900	226.300	67.260		
67.270	119.190	64.380	184.440	368.010	67.270	32.240	37.200	149.420	218.860	67.270		
67.280	119.190	64.380	192.270	375.840	67.280	24.800	37.200	144.460	206.460	67.280		
67.290	119.190	66.990	199.230	385.410	67.290	17.360	37.200	137.020	191.580	67.290		
67.300	119.190	72.210	207.060	398.460	67.300	9.920	34.720	127.100	171.740	67.300		
67.310	119.190	74.820	217.500	411.510	67.310	4.960	29.760	117.180	151.900	67.310		
67.320	119.880	79.920	226.440	426.240	67.320	0.000	24.800	102.300	127.100	67.320		
67.330	121.360	84.360	241.240	446.960	67.330	0.000	19.800	90.000	109.800	67.330		
67.340	119.880	84.360	254.560	458.800	67.340	0.000	14.760	79.920	94.680	67.340		
67.350	119.880	87.320	269.360	476.560	67.350	0.000	12.240	67.320	79.560	67.350		
67.360	116.920	88.800	284.160	489.880	67.360	0.000	7.200	57.240	64.440	67.360		
67.370	116.920	91.760	298.960	507.640	67.370	0.000	7.200	47.160	54.360	67.370		
67.380	113.960	94.720	316.720	525.400	67.380	0.000	4.680	32.400	37.080	67.380		
67.390	112.480	96.200	331.520	540.200	67.390	0.000	2.160	22.320	24.480	67.390		
67.400	109.520	99.160	346.320	555.000	67.400	0.000	2.160	12.240	14.400	67.400		
67.410	109.520	102.120	356.680	568.320	67.410	0.000	2.160	4.680	6.840	67.410		
67.420	109.520	106.560	361.120	577.200	67.420	0.000	0.000	0.000	0.000	67.420		
67.430	109.520	109.520	367.040	586.080	67.430	0.000	0.000	0.000	0.000	67.430		
67.440	109.520	113.960	370.000	593.480	67.440	0.000	0.000	0.000	0.000	67.440		
67.450	106.560	116.920	367.040	590.520	67.450	0.000	0.000	0.000	0.000	67.450		
67.460	106.560	119.880	367.040	593.480	67.460	0.000	0.000	0.000	0.000	67.460		
67.470	102.240	119.520	360.000	581.760	67.470	0.000	0.000	0.000	0.000	67.470		
67.480	99.360	119.520	354.240	573.120	67.480	0.000	0.000	0.000	0.000	67.480		
67.490	99.360	122.400	349.920	571.680	67.490	0.000	0.000	0.000	0.000	67.490		
67.500	96.480	119.520	341.280	557.280	67.500	0.000	0.000	0.000	0.000	67.500		
67.510	96.480	119.520	334.080	550.080	67.510	0.000	0.000	0.000	0.000	67.510		
67.520	96.480	119.520	329.760	545.760	67.520	0.000	0.000	0.000	0.000	67.520		
67.530	96.480	122.400	321.120	540.000	67.530	0.000	0.000	0.000	0.000	67.530		
67.540	96.480	122.400	313.920	532.800	67.540	0.000	0.000	0.000	0.000	67.540		
67.550	99.360	122.400	306.720	528.480	67.550	0.000	0.000	0.000	0.000	67.550		
67.560	102.240	122.400	302.400	527.040	67.560	0.000	0.000	0.000	0.000	67.560		
67.570	102.240	122.400	299.520	524.160	67.570	0.000	0.000	0.000	0.000	67.570		
67.580	106.560	122.400	296.640	525.600	67.580	0.000	0.000	0.000	0.000	67.580		
67.590	106.560	122.400	296.640	525.600	67.590	0.000	0.000	0.000	0.000	67.590		
67.600	113.760	123.840	293.760	531.360	67.600	0.000	0.000	0.000	0.000	67.600		
67.610	116.640	126.720	289.440	532.800	67.610	0.000	0.000	0.000	0.000	67.610		
67.620	121.980	129.960	285.000	536.940	67.620	0.000	0.000	0.000	0.000	67.620		
67.630	126.540	132.240	279.300	538.080	67.630	0.000	0.000	0.000	0.000	67.630		
67.640	132.240	134.520	272.460	539.220	67.640	0.000	0.000	0.000	0.000	67.640		
67.650	139.080	136.800	264.480	540.360	67.650	0.000	0.000	0.000	0.000	67.650		
67.660	147.060	139.080	251.940	538.080	67.660	0.000	0.000	0.000	0.000	67.660		
67.670	153.900	142.500	241.680	538.080	67.670	0.000	0.000	0.000	0.000	67.670		
67.680	161.880	147.060	231.420	540.360	67.680	0.000	0.000	0.000	0.000	67.680		
67.690	166.440	151.620	222.300	540.360	67.690	0.000	0.000	0.000	0.000	67.690		
67.700	178.980	153.900	207.480	540.360	67.700	0.000	0.000	0.000	0.000	67.700		
67.710	186.960	159.600	194.940	541.500	67.710	0.000	0.000	0.000	0.000	67.710		
67.720	197.220	161.880	182.400	541.500	67.720	0.000	0.000	0.000	0.000	67.720		
67.730	209.760	166.440	166.440	542.640	67.730	0.000	0.000	0.000	0.000	67.730		
67.740	218.880	169.860	151.620	540.360	67.740	0.000	0.000	2.500	2.500	67.740		
67.750	231.420	172.140	136.800	540.360	67.750	0.000	0.000	0.000	0.000	67.750		
67.760	251.940	172.140	124.260	548.340	67.760	0.000	0.000	0.000	0.000	67.760		
67.770	266.880	168.960	103.680	539.520	67.770	0.000	0.000	0.000	0.000	67.770		
67.780	284.160	167.040	86.400	537.600	67.780	0.000	0.000	0.000	0.000	67.780		
67.790	303.360	161.280	74.880	539.520	67.790	0.000	0.000	0.000	0.000	67.790		
67.800	320.640	157.440	59.520	537.600	67.800	0.000	0.000	0.000	0.000	67.800		
67.810	339.840	151.680	46.080	537.600	67.810	0.000	0.000	0.000	0.000	67.810		
67.820	357.120	145.920	38.400	541.440	67.820	16.830	0.000	0.000	16.830	67.820		
67.830	376.320	136.320	28.800	541.440	67.830	36.630	0.000	0.000	36.630	67.830		
67.840	399.360	126.720	19.200	545.280	67.840	54.450	0.000	0.000	54.450	67.840		
67.850	418.560	113.280	11.520	543.360	67.850	77.220	0.000	0.000	77.220	67.850		
67.860	435.840	99.840	1.920	537.600	67.860	106.920	0.000	0.000	106.920	67.860		
67.870	451.200	86.400	0.000	537.600	67.870	131.670	0.000	0.000	131.670	67.870		
67.880	464.640	74.880	0.000	539.520	67.880	154.440	0.000	0.000	154.440	67.880		
67.890	474.240	61.440	0.000	535.680	67.890	179.190	0.000	0.000	179.190	67.890		
67.900	480.000	51.840	0.000	531.840	67.900	204.930	1.980	0.000	206.910	67.900		
67.910	480.000	42.240	0.000	522.240	67.910	226.710	1.980	0.000	228.690	67.910		
67.920	477.500	32.470	0.000	509.970	67.920	247.500	6.930	1.980	256.410	67.920		
67.930	462.220	19.100	0.000	481.320	67.930	264.550	11.100	3.700	279.350	67.930		
67.940	446.940	11.460	0.000	458.400	67.940	284.900	18.500	3.700	307.100	67.940		
67.950	424.020	3.820	0.000	427.840	67.950	303.400	29.600	7.400	340.400	67.950		
67.960	397.280	0.000	0.000	397.280	67.960	323.750	38.850	9.250	371.850	67.960		
67.970	360.990	0.000	0.000	360.990	67.970	338.550	49.950	14.800	403.300	67.970		
67.980	324.700	0.000	0.000	324.700	67.980	353.350	57.350	16.650	427.350	67.980		
67.990	280.770	0.000	0.000	280.770	67.990	370.000	64.750	22.200	456.950	67.990		
68.000	236.840	0.000	0.000	236.840	68.000	384.800	72.150	22.200	479.150	68.000		
68.010	189.090	0.000	0.000	189.090	68.010	394.050	79.550	24.050	497.650	68.010		
68.020	147.070	0.000	0.000	147.070	68.020	407.000	86.950	25.900	519.850	68.020		
68.030	103.140	0.000	0.000	103.140	68.030	419.950	88.800	29.600	538.350	68.030		
68.040	70.670	0.000	0.000	70.670	68.040	429.200	94.350	29.600	553.150	68.040		
68.050	45.840	0.000	0.000	45.840	68.050	442.150	96.200	29.600	567.950	68.050		
68.060	24.830	0.000	0.000	24.830	68.060	451.400	99.900	31.450	582.750	68.060		
68.070	10.000	2.480	0.000	12.480	68.070	462.500	101.750	33.300	597.550	68.070		
68.080	0.000	2.480	0.000	2.480	68.080	467.400	98.800	34.200	600.400	68.080		
68.090	0.000	2.480	0.000	2.480	68.090	471.200	100.700	36.100	608.000	68.090		
68.100	0.000	0.000	0.000	0.000	68.100	475.000	100.700	41.800	617.500	68.100		
68.110	0.000	2.480	0.000	2.480	68.110	475.000	100.700	43.700	619.400	68.110		
68.120	0.000	2.480	0.000	2.480	68.120	475.000	100.700	43.700	619.400	68.120		
68.130	0.000	0.000	0.000	0.000	68.130	471.200	98.800	47.500	617.500	68.130		
68.140	0.000	0.000	0.000	0.000	68.140	463.600	96.900	47.500	608.000	68.140		
68.150	0.000	2.480	0.000	2.480	68.150	459.800	95.000	49.400	604.200	68.150		
68.160	0.000	0.000	0.000	0.000	68.160	452.200	95.000	49.400	596.600	68.160		
68.170	0.000	0.000	0.000	0.000	68.170	446.500	91.200	49.400	587.100	68.170		
68.180	0.000	0.000	0.000	0.000	68.180	438.900	91.200	51.300	581.400	68.180		
68.190	0.000	2.480	0.000	2.480	68.190	431.300	91.200	53.200	575.700	68.190		
68.200	0.000	0.000	0.000	0.000	68.200	421.800	91.200	58.900	571.900	68.200		
68.210	0.000	0.000	0.000	0.000	68.210	416.100	95.000	60.800	571.900	68.210		
68.220	0.000	0.000	0.000	0.000	68.220	406.600	95.000	68.400	570.000	68.220		
68.230	0.000	0.000	0.000	0.000	68.230	397.500	98.580	74.730	570.810	68.230		
68.240	0.000	0.000	0.000	0.000	68.240	386.370	101.760	79.500	567.630	68.240		
68.250	0.000	0.000	0.000	0.000	68.250	376.830	106.530	87.450	570.810	68.250		
68.260	0.000	0.000	0.000	0.000	68.260	367.290	111.300	93.810	572.400	68.260		
68.270	0.000	0.000	0.000	0.000	68.270	354.570	116.070	98.580	569.220	68.270		
68.280	0.000	0.000	0.000	0.000	68.280	343.440	124.020	106.530	573.990	68.280		
68.290	0.000	0.000	0.000	0.000	68.290	332.310	128.790	111.300	572.400	68.290		
68.300	0.000	0.000	0.000	0.000	68.300	319.590	133.560	122.430	575.580	68.300		
68.310	0.000	0.000	0.000	0.000	68.310	303.690	139.920	128.790	572.400	68.310		
68.320	0.000	0.000	0.000	0.000	68.320	289.380	146.280	139.920	575.580	68.320		
68.330	0.000	0.000	0.000	0.000	68.330	271.890	149.460	151.050	572.400	68.330		
68.340	0.000	0.000	0.000	0.000	68.340	255.990	154.230	162.180	572.400	68.340		
68.350	0.000	0.000	0.000	0.000	68.350	238.500	159.000	176.490	573.990	68.350		
68.360	0.000	0.000	0.000	0.000	68.360	219.420	162.180	193.980	575.580	68.360		
68.370	0.000	0.000	0.000	0.000	68.370	201.930	166.950	214.650	583.530	68.370		
68.380	0.000	0.000	0.000	0.000	68.380	178.640	169.360	238.960	586.960	68.380		
68.390	0.000	2.380	0.000	2.380	68.390	157.760	169.360	262.160	589.280	68.390		
68.400	0.000	0.000	0.000	0.000	68.400	141.520	169.360	285.360	596.240	68.400		
68.410	0.000	0.000	0.000	0.000	68.410	120.640	167.040	310.880	598.560	68.410		
68.420	0.000	0.000	0.000	0.000	68.420	102.080	164.720	341.040	607.840	68.420		
68.430	2.380	0.000	0.000	2.380	68.430	83.520	157.760	368.880	610.160	68.430		
68.440	0.000	2.380	0.000	2.380	68.440	69.600	150.800	401.360	621.760	68.440		
68.450	0.000	0.000	0.000	0.000	68.450	55.680	139.200	431.520	626.400	68.450		
68.460	2.380	0.000	0.000	2.380	68.460	44.080	129.920	457.040	631.040	68.460		
68.470	2.380	0.000	0.000	2.380	68.470	39.440	116.000	484.880	640.320	68.470		
68.480	0.000	0.000	0.000	0.000	68.480	32.480	104.400	510.400	647.280	68.480		
68.490	2.380	0.000	0.000	2.380	68.490	23.200	90.480	533.600	647.280	68.490		
68.500	2.380	0.000	4.900	7.280	68.500	13.920	78.880	552.160	644.960	68.500		
68.510	0.000	0.000	35.000	35.000	68.510	6.960	69.600	568.400	644.960	68.510		
68.520	0.000	0.000	74.360	74.360	68.520	2.320	58.000	580.000	640.320	68.520		
68.530	0.000	0.000	116.610	116.610	68.530	0.000	46.800	585.000	631.800	68.530		
68.540	0.000	1.690	148.720	150.410	68.540	0.000	39.780	580.320	620.100	68.540		
68.550	0.000	1.690	172.380	174.070	68.550	0.000	30.420	570.960	601.380	68.550		
68.560	0.000	3.380	196.040	199.420	68.560	0.000	18.720	556.920	575.640	68.560		
68.570	1.690	6.760	216.320	224.770	68.570	0.000	11.700	531.180	542.880	68.570		
68.580	1.690	11.830	236.600	250.120	68.580	0.000	4.680	498.420	503.100	68.580		
68.590	6.760	13.520	248.430	268.710	68.590	0.000	0.000	451.620	451.620	68.590		
68.600	8.450	18.590	261.950	288.990	68.600	0.000	0.000	402.480	402.480	68.600		
68.610	13.520	23.660	282.230	319.410	68.610	0.000	0.000	341.640	341.640	68.610		
68.620	21.970	37.180	310.960	370.110	68.620	0.000	0.000	276.120	276.120	68.620		
68.630	33.800	47.320	344.760	425.880	68.630	0.000	0.000	208.260	208.260	68.630		
68.640	47.320	52.390	373.490	473.200	68.640	0.000	0.000	149.760	149.760	68.640		
68.650	54.080	57.460	398.840	510.380	68.650	0.000	0.000	95.940	95.940	68.650		
68.660	60.840	59.150	422.500	542.490	68.660	0.000	0.000	58.500	58.500	68.660		
68.670	69.190	59.840	441.320	570.350	68.670	0.000	2.340	39.780	42.120	68.670		
68.680	74.800	59.840	456.280	590.920	68.680	2.430	2.430	22.500	27.360	68.680		
68.690	78.540	59.840	463.760	602.140	68.690	4.950	4.950	14.940	24.840	68.690		
68.700	82.280	59.840	467.500	609.620	68.700	2.430	2.430	9.990	14.850	68.700		
68.710	84.150	56.100	467.500	607.750	68.710	4.950	2.430	7.470	14.850	68.710		
68.720	86.020	56.100	463.760	605.880	68.720	2.430	2.430	7.470	12.330	68.720		
68.730	91.630	56.100	461.890	609.620	68.730	0.000	2.430	7.470	9.900	68.730		
68.740	93.500	54.230	456.280	604.010	68.740	0.000	2.430	7.470	9.900	68.740		
68.750	99.110	54.230	443.190	596.530	68.750	0.000	2.430	4.950	7.380	68.750		
68.760	104.720	52.360	431.970	589.050	68.760	0.000	4.950	4.950	9.900	68.760		
68.770	108.460	52.360	417.010	577.830	68.770	0.000	2.430	4.950	7.380	68.770		
68.780	114.070	48.620	398.310	561.000	68.780	2.430	2.430	4.950	9.810	68.780		
68.790	119.680	46.750	381.480	547.910	68.790	2.430	2.430	2.430	7.290	68.790		
68.800	123.420	46.750	364.650	534.820	68.800	0.000	2.430	2.430	4.860	68.800		
68.810	130.900	44.880	345.950	521.730	68.810	0.000	2.430	0.000	2.430	68.810		
68.820	137.280	44.880	330.000	512.160	68.820	0.000	2.430	0.000	2.430	68.820		
68.830	143.880	44.880	314.160	502.920	68.830	0.000	2.500	0.000	2.500	68.830		
68.840	151.800	44.880	302.280	498.960	68.840	0.000	2.500	0.000	2.500	68.840		
68.850	157.080	46.200	291.720	495.000	68.850	0.000	2.500	0.000	2.500	68.850		
68.860	165.000	46.200	279.840	491.040	68.860	0.000	2.500	0.000	2.500	68.860		
68.870	171.600	48.840	269.280	489.720	68.870	0.000	2.500	0.000	2.500	68.870		
68.880	182.160	51.480	257.400	491.040	68.880	0.000	2.500	0.000	2.500	68.880		
68.890	194.040	56.760	244.200	495.000	68.890	0.000	2.500	0.000	2.500	68.890		
68.900	209.880	59.400	229.680	498.960	68.900	0.000	2.500	0.000	2.500	68.900		
68.910	224.400	62.040	213.840	500.280	68.910	0.000	2.500	0.000	2.500	68.910		
68.920	238.920	64.680	199.320	502.920	68.920	0.000	2.500	0.000	2.500	68.920		
68.930	257.400	67.320	184.800	509.520	68.930	0.000	2.500	0.000	2.500	68.930		
68.940	271.920	69.960	166.320	508.200	68.940	0.000	2.500	0.000	2.500	68.940		
68.950	294.360	71.280	151.800	517.440	68.950	0.000	2.500	0.000	2.500	68.950		
68.960	316.800	71.280	132.000	520.080	68.960	0.000	2.500	0.000	2.500	68.960		
68.970	341.260	72.320	110.740	524.320	68.970	0.000	2.500	0.000	2.500	68.970		
68.980	368.380	67.800	94.920	531.100	68.980	0.000	2.200	0.000	2.200	68.980		
68.990	393.240	65.540	79.100	537.880	68.990	0.000	2.200	0.000	2.200	68.990		
69.000	415.840	61.020	63.280	540.140	69.000	0.000	2.200	0.000	2.200	69.000		
69.010	440.700	54.240	51.980	546.920	69.010	0.000	2.200	0.000	2.200	69.010		
69.020	463.300	49.720	40.680	553.700	69.020	0.000	2.200	0.000	2.200	69.020		
69.030	483.640	42.940	36.160	562.740	69.030	0.000	2.200	0.000	2.200	69.030		
69.040	503.980	33.900	31.640	569.520	69.040	0.000	2.200	0.000	2.200	69.040		
69.050	522.060	29.380	27.120	578.560	69.050	0.000	2.200	0.000	2.200	69.050		
69.060	533.360	27.120	18.080	578.560	69.060	0.000	2.200	0.000	2.200	69.060		
69.070	546.920	20.340	13.560	580.820	69.070	0.000	2.200	0.000	2.200	69.070		
69.080	551.440	15.820	9.040	576.300	69.080	0.000	2.200	0.000	2.200	69.080		
69.090	560.480	11.300	6.780	578.560	69.090	0.000	2.200	0.000	2.200	69.090		
69.100	565.000	9.040	2.260	576.300	69.100	9.900	2.200	0.000	12.100	69.100		
69.110	565.000	4.520	0.000	569.520	69.110	59.950	2.200	0.000	62.150	69.110		
69.120	562.500	2.250	0.000	564.750	69.120	137.500	2.200	0.000	139.700	69.120		
69.130	551.250	0.000	0.000	551.250	69.130	201.160	0.000	0.000	201.160	69.130		
69.140	535.500	0.000	0.000	535.500	69.140	235.400	2.140	0.000	237.540	69.140		
69.150	517.500	0.000	0.000	517.500	69.150	271.780	2.140	0.000	273.920	69.150		
69.160	486.000	0.000	0.000	486.000	69.160	321.000	4.280	0.000	325.280	69.160		
69.170	450.000	0.000	0.000	450.000	69.170	365.940	8.560	0.000	374.500	69.170		
69.180	400.500	0.000	0.000	400.500	69.180	410.880	17.120	2.140	430.140	69.180		
69.190	344.250	0.000	0.000	344.250	69.190	447.260	25.680	4.280	477.220	69.190		
69.200	279.000	0.000	0.000	279.000	69.200	472.940	44.940	6.420	524.300	69.200		
69.210	213.750	0.000	0.000	213.750	69.210	492.200	64.200	10.700	567.100	69.210		
69.220	148.500	0.000	0.000	148.500	69.220	498.620	81.320	17.120	597.060	69.220		
69.230	99.000	0.000	0.000	99.000	69.230	509.320	94.160	23.540	627.020	69.230		
69.240	58.500	0.000	0.000	58.500	69.240	513.600	107.000	32.100	652.700	69.240		
69.250	33.750	0.000	0.000	33.750	69.250	522.160	115.560	36.380	674.100	69.250		
69.260	13.500	0.000	0.000	13.500	69.260	528.580	121.980	40.660	691.220	69.260		
69.270	2.500	0.000	2.500	5.000	69.270	535.000	128.400	47.080	710.480	69.270		
69.280	0.000	0.000	2.500	2.500	69.280	532.500	132.060	51.120	715.680	69.280		
69.290	0.000	0.000	2.500	2.500	69.290	526.110	132.060	53.250	711.420	69.290		
69.300	0.000	2.500	0.000	2.500	69.300	515.460	132.060	55.380	702.900	69.300		
69.310	0.000	0.000	0.000	0.000	69.310	506.940	129.930	59.640	696.510	69.310		
69.320	0.000	2.500	0.000	2.500	69.320	489.900	125.670	55.380	670.950	69.320		
69.330	0.000	0.000	0.000	0.000	69.330	470.730	123.540	59.640	653.910	69.330		
69.340	0.000	0.000	0.000	0.000	69.340	451.560	121.410	61.770	634.740	69.340		
69.350	0.000	0.000	0.000	0.000	69.350	432.390	119.280	63.900	615.570	69.350		
69.360	0.000	0.000	0.000	0.000	69.360	411.090	112.890	63.900	587.880	69.360		
69.370	0.000	0.000	0.000	0.000	69.370	391.920	108.630	68.160	568.710	69.370		
69.380	0.000	0.000	0.000	0.000	69.380	374.880	106.500	76.680	558.060	69.380		
69.390	0.000	0.000	0.000	0.000	69.390	355.710	102.240	80.940	538.890	69.390		
69.400	0.000	0.000	0.000	0.000	69.400	338.670	97.980	91.590	528.240	69.400		
69.410	0.000	2.500	0.000	2.500	69.410	325.890	95.850	102.240	523.980	69.410		
69.420	0.000	2.500	0.000	2.500	69.420	313.110	95.850	106.500	515.460	69.420		
69.430	0.000	0.000	0.000	0.000	69.430	304.470	96.390	116.280	517.140	69.430		
69.440	0.000	0.000	0.000	0.000	69.440	293.760	99.450	126.990	520.200	69.440		
69.450	0.000	2.500	0.000	2.500	69.450	284.580	100.980	136.170	521.730	69.450		
69.460	0.000	0.000	0.000	0.000	69.460	273.870	107.100	146.880	527.850	69.460		
69.470	0.000	0.000	0.000	0.000	69.470	261.630	111.690	162.180	535.500	69.470		
69.480	0.000	0.000	0.000	0.000	69.480	246.330	116.280	177.480	540.090	69.480		
69.490	0.000	2.500	0.000	2.500	69.490	231.030	122.400	191.250	544.680	69.490		
69.500	0.000	0.000	0.000	0.000	69.500	217.260	126.990	209.610	553.860	69.500		
69.510	0.000	0.000	0.000	0.000	69.510	201.960	128.520	229.500	559.980	69.510		
69.520	0.000	0.000	0.000	0.000	69.520	183.600	131.580	252.450	567.630	69.520		
69.530	0.000	0.000	0.000	0.000	69.530	163.710	134.640	273.870	572.220	69.530		
69.540	0.000	0.000	0.000	0.000	69.540	149.940	134.640	299.880	584.460	69.540		
69.550	0.000	0.000	0.000	0.000	69.550	128.520	136.170	324.360	589.050	69.550		
69.560	0.000	2.500	0.000	2.500	69.560	108.630	131.580	351.900	592.110	69.560		
69.570	0.000	0.000	0.000	0.000	69.570	88.740	128.520	382.500	599.760	69.570		
69.580	0.000	0.000	0.000	0.000	69.580	68.040	123.480	418.320	609.840	69.580		
69.590	0.000	0.000	0.000	0.000	69.590	57.960	115.920	448.560	622.440	69.590		
69.600	0.000	0.000	0.000	0.000	69.600	47.880	108.360	476.280	632.520	69.600		
69.610	0.000	0.000	0.000	0.000	69.610	42.840	98.280	506.520	647.640	69.610		
69.620	0.000	0.000	0.000	0.000	69.620	35.280	88.200	534.240	657.720	69.620		
69.630	0.000	2.320	0.000	2.320	69.630	30.240	80.640	559.440	670.320	69.630		
69.640	0.000	0.000	0.000	0.000	69.640	22.680	68.040	579.600	670.320	69.640		
69.650	0.000	2.320	0.000	2.320	69.650	15.120	60.480	597.240	672.840	69.650		
69.660	0.000	0.000	0.000	0.000	69.660	7.560	52.920	612.360	672.840	69.660		
69.670	0.000	2.320	0.000	2.320	69.670	5.040	45.360	622.440	672.840	69.670		
69.680	0.000	0.000	14.500	14.500	69.680	0.000	37.800	627.480	665.280	69.680		
69.690	0.000	0.000	57.420	57.420	69.690	0.000	30.240	630.000	660.240	69.690		
69.700	0.000	0.000	102.080	102.080	69.700	0.000	25.200	622.440	647.640	69.700		
69.710	0.000	0.000	145.000	145.000	69.710	0.000	17.640	602.280	619.920	69.710		
69.720	0.000	1.950	187.200	189.150	69.720	0.000	12.600	577.080	589.680	69.720		
69.730	0.000	1.950	234.000	235.950	69.730	0.000	8.520	532.500	541.020	69.730		
69.740	1.950	3.900	284.700	290.550	69.740	0.000	6.390	479.250	485.640	69.740		
69.750	3.900	11.700	321.750	337.350	69.750	0.000	4.260	419.610	423.870	69.750		
69.760	9.750	15.600	341.250	366.600	69.760	0.000	2.130	349.320	351.450	69.760		
69.770	13.650	21.450	354.900	390.000	69.770	0.000	0.000	274.770	274.770	69.770		
69.780	19.500	29.250	366.600	415.350	69.780	0.000	0.000	204.480	204.480	69.780		
69.790	23.400	40.950	384.150	448.500	69.790	0.000	0.000	144.840	144.840	69.790		
69.800	37.050	54.600	403.650	495.300	69.800	0.000	0.000	93.720	93.720	69.800		
69.810	46.800	62.400	427.050	536.250	69.810	0.000	0.000	61.770	61.770	69.810		
69.820	58.500	64.350	444.600	567.450	69.820	0.000	0.000	38.340	38.340	69.820		
69.830	68.250	66.300	456.300	590.850	69.830	4.260	2.130	23.430	29.820	69.830		
69.840	79.950	68.250	471.900	620.100	69.840	6.390	2.130	14.910	23.430	69.840		
69.850	85.800	68.250	483.600	637.650	69.850	4.260	2.130	10.650	17.040	69.850		
69.860	93.600	72.150	487.500	653.250	69.860	4.260	2.130	6.390	12.780	69.860		
69.870	100.880	71.780	485.000	657.660	69.870	4.260	0.000	8.520	12.780	69.870		
69.880	106.700	73.720	473.360	653.780	69.880	2.490	0.000	7.500	9.990	69.880		
69.890	110.580	73.720	463.660	647.960	69.890	2.490	2.490	7.500	12.480	69.890		
69.900	116.400	75.660	448.140	640.200	69.900	2.490	0.000	4.980	7.470	69.900		
69.910	122.220	75.660	430.680	628.560	69.910	2.490	2.490	4.980	9.960	69.910		
69.920	126.100	75.660	413.220	614.980	69.920	2.490	2.490	4.980	9.960	69.920		
69.930	133.860	75.660	391.880	601.400	69.930	2.490	2.490	4.980	9.960	69.930		
69.940	139.680	79.540	366.660	585.880	69.940	2.490	2.490	2.490	7.470	69.940		
69.950	147.440	79.540	343.380	570.360	69.950	2.490	0.000	2.490	4.980	69.950		
69.960	157.140	79.540	318.160	554.840	69.960	2.490	2.490	2.490	7.470	69.960		
69.970	166.840	75.660	296.820	539.320	69.970	2.490	0.000	2.490	4.980	69.970		
69.980	174.600	75.660	277.420	527.680	69.980	2.490	2.490	2.490	7.470	69.980		
69.990	184.300	79.540	256.080	519.920	69.990	2.490	2.490	2.490	7.470	69.990		
70.000	192.060	75.660	238.620	506.340	70.000	2.490	2.490	0.000	4.980	70.000		
70.010	203.700	79.540	219.220	502.460	70.010	2.490	0.000	0.000	2.490	70.010		
70.020	215.940	81.420	198.240	495.600	70.020	0.000	2.490	0.000	2.490	70.020		
70.030	228.330	84.960	184.080	497.370	70.030	2.500	2.500	2.500	7.500	70.030		
70.040	244.260	84.960	164.610	493.830	70.040	0.000	2.500	0.000	2.500	70.040		
70.050	256.650	86.730	148.680	492.060	70.050	2.500	2.500	0.000	5.000	70.050		
70.060	270.810	84.960	130.980	486.750	70.060	2.500	2.500	0.000	5.000	70.060		
70.070	286.740	84.960	118.590	490.290	70.070	2.500	2.500	0.000	5.000	70.070		
70.080	300.900	81.420	106.200	488.520	70.080	0.000	2.500	0.000	2.500	70.080		
70.090	318.600	81.420	92.040	492.060	70.090	0.000	2.500	0.000	2.500	70.090		
70.100	336.300	79.650	79.650	495.600	70.100	0.000	2.500	2.500	5.000	70.100		
70.110	354.000	76.110	67.260	497.370	70.110	0.000	2.500	0.000	2.500	70.110		
70.120	371.700	70.800	56.640	499.140	70.120	0.000	2.500	0.000	2.500	70.120		
70.130	389.400	67.260	49.560	506.220	70.130	0.000	2.500	2.500	5.000	70.130		
70.140	407.100	63.720	42.480	513.300	70.140	0.000	2.500	0.000	2.500	70.140		
70.150	424.800	58.410	37.170	520.380	70.150	0.000	0.000	0.000	0.000	70.150		
70.160	442.500	54.870	33.630	531.000	70.160	0.000	2.500	0.000	2.500	70.160		
70.170	460.000	48.300	29.900	538.200	70.170	0.000	2.500	0.000	2.500	70.170		
70.180	478.400	43.700	23.000	545.100	70.180	0.000	1.510	0.000	1.510	70.180		
70.190	496.800	41.400	18.400	556.600	70.190	0.000	1.510	0.000	1.510	70.190		
70.200	512.900	39.100	11.500	563.500	70.200	0.000	1.510	0.000	1.510	70.200		
70.210	529.000	34.500	9.200	572.700	70.210	0.000	1.510	0.000	1.510	70.210		
70.220	542.800	29.900	6.900	579.600	70.220	0.000	1.510	0.000	1.510	70.220		
70.230	554.300	25.300	4.600	584.200	70.230	0.000	1.510	0.000	1.510	70.230		
70.240	563.500	23.000	4.600	591.100	70.240	9.060	1.510	0.000	10.570	70.240		
70.250	570.400	18.400	0.000	588.800	70.250	42.280	4.530	0.000	46.810	70.250		
70.260	575.000	16.100	0.000	591.100	70.260	92.110	4.530	0.000	96.640	70.260		
70.270	570.400	11.500	0.000	581.900	70.270	157.040	1.510	0.000	158.550	70.270		
70.280	563.500	9.200	0.000	572.700	70.280	202.340	1.510	0.000	203.850	70.280		
70.290	554.300	4.600	0.000	558.900	70.290	237.070	1.510	0.000	238.580	70.290		
70.300	529.000	2.300	0.000	531.300	70.300	279.350	4.530	0.000	283.880	70.300		
70.310	496.800	2.300	0.000	499.100	70.310	326.160	4.530	0.000	330.690	70.310		
70.320	447.500	0.000	0.000	447.500	70.320	377.500	12.080	1.510	391.090	70.320		
70.330	392.010	0.000	0.000	392.010	70.330	424.350	20.500	4.100	448.950	70.330		
70.340	331.150	0.000	0.000	331.150	70.340	453.050	36.900	6.150	496.100	70.340		
70.350	266.710	0.000	0.000	266.710	70.350	473.550	57.400	12.300	543.250	70.350		
70.360	202.270	0.000	0.000	202.270	70.360	489.950	75.850	18.450	584.250	70.360		
70.370	141.410	0.000	0.000	141.410	70.370	498.150	94.300	28.700	621.150	70.370		
70.380	94.870	0.000	0.000	94.870	70.380	506.350	106.600	36.900	649.850	70.380		
70.390	59.070	0.000	0.000	59.070	70.390	512.500	116.850	47.150	676.500	70.390		
70.400	34.010	0.000	0.000	34.010	70.400	512.500	123.000	53.300	688.800	70.400		
70.410	16.110	1.790	1.790	19.690	70.410	504.300	133.250	61.500	699.050	70.410		
70.420	7.160	1.790	3.580	12.530	70.420	496.100	141.450	69.700	707.250	70.420		
70.430	1.790	0.000	1.790	3.580	70.430	481.750	149.650	75.850	707.250	70.430		
70.440	0.000	0.000	3.580	3.580	70.440	459.200	159.900	86.100	705.200	70.440		
70.450	1.790	0.000	1.790	3.580	70.450	430.500	168.100	94.300	692.900	70.450		
70.460	0.000	1.790	1.790	3.580	70.460	403.850	174.250	98.400	676.500	70.460		
70.470	2.500	2.500	2.500	7.500	70.470	373.100	176.300	102.500	651.900	70.470		
70.480	0.000	2.500	2.500	5.000	70.480	340.000	182.240	107.440	629.680	70.480		
70.490	0.000	0.000	2.500	2.500	70.490	308.720	186.320	108.800	603.840	70.490		
70.500	0.000	0.000	2.500	2.500	70.500	284.240	186.320	108.800	579.360	70.500		
70.510	0.000	2.500	2.500	5.000	70.510	259.760	189.040	111.520	560.320	70.510		
70.520	0.000	2.500	2.500	5.000	70.520	239.360	194.480	114.240	548.080	70.520		
70.530	0.000	0.000	2.500	2.500	70.530	218.960	194.480	114.240	527.680	70.530		
70.540	0.000	2.500	2.500	5.000	70.540	204.000	197.200	119.680	520.880	70.540		
70.550	0.000	2.500	2.500	5.000	70.550	186.320	201.280	119.680	507.280	70.550		
70.560	0.000	0.000	2.500	2.500	70.560	171.360	204.000	122.400	497.760	70.560		
70.570	0.000	0.000	2.500	2.500	70.570	156.400	204.000	122.400	482.800	70.570		
70.580	0.000	0.000	2.500	2.500	70.580	146.880	206.720	126.480	480.080	70.580		
70.590	0.000	0.000	2.500	2.500	70.590	134.640	212.160	134.640	481.440	70.590		
70.600	0.000	0.000	2.500	2.500	70.600	123.760	214.880	137.360	476.000	70.600		
70.610	0.000	0.000	0.000	0.000	70.610	119.680	218.960	144.160	482.800	70.610		
70.620	0.000	0.000	2.500	2.500	70.620	111.520	221.680	149.600	482.800	70.620		
70.630	0.000	0.000	0.000	0.000	70.630	107.200	224.000	156.800	488.000	70.630		
70.640	0.000	0.000	0.000	0.000	70.640	102.400	228.800	166.400	497.600	70.640		
70.650	0.000	2.500	0.000	2.500	70.650	99.200	232.000	176.000	507.200	70.650		
70.660	0.000	0.000	0.000	0.000	70.660	91.200	233.600	188.800	513.600	70.660		
70.670	0.000	2.500	0.000	2.500	70.670	86.400	236.800	206.400	529.600	70.670		
70.680	0.000	2.500	0.000	2.500	70.680	81.600	236.800	216.000	534.400	70.680		
70.690	0.000	2.500	0.000	2.500	70.690	73.600	236.800	236.800	547.200	70.690		
70.700	0.000	0.000	0.000	0.000	70.700	67.200	233.600	249.600	550.400	70.700		
70.710	0.000	0.000	0.000	0.000	70.710	62.400	232.000	267.200	561.600	70.710		
70.720	0.000	0.000	0.000	0.000	70.720	54.400	232.000	284.800	571.200	70.720		
70.730	0.000	0.000	0.000	0.000	70.730	49.600	227.200	307.200	584.000	70.730		
70.740	0.000	0.000	0.000	0.000	70.740	41.600	222.400	326.400	590.400	70.740		
70.750	0.000	2.500	0.000	2.500	70.750	36.800	214.400	352.000	603.200	70.750		
70.760	0.000	0.000	0.000	0.000	70.760	28.800	201.600	374.400	604.800	70.760		
70.770	0.000	0.000	0.000	0.000	70.770	19.200	187.200	400.000	606.400	70.770		
70.780	0.000	0.000	0.000	0.000	70.780	12.120	171.700	426.220	610.040	70.780		
70.790	0.000	1.500	0.000	1.500	70.790	4.040	153.520	448.440	606.000	70.790		
70.800	1.500	0.000	0.000	1.500	70.800	0.000	139.380	466.620	606.000	70.800		
70.810	0.000	0.000	0.000	0.000	70.810	0.000	127.260	480.760	608.020	70.810		
70.820	1.500	0.000	0.000	1.500	70.820	0.000	111.100	494.900	606.000	70.820		
70.830	0.000	1.500	9.000	10.500	70.830	0.000	98.980	498.940	597.920	70.830		
70.840	0.000	1.500	49.500	51.000	70.840	0.000	86.860	505.000	591.860	70.840		
70.850	0.000	1.500	109.500	111.000	70.850	0.000	74.740	496.920	571.660	70.850		
70.860	0.000	1.500	162.000	163.500	70.860	0.000	66.660	484.800	551.460	70.860		
70.870	0.000	1.500	199.500	201.000	70.870	0.000	56.560	460.560	517.120	70.870		
70.880	0.000	1.500	247.500	249.000	70.880	0.000	46.460	428.240	474.700	70.880		
70.890	0.000	1.500	301.500	303.000	70.890	0.000	42.420	389.860	432.280	70.890		
70.900	0.000	4.500	345.000	349.500	70.900	0.000	32.320	333.300	365.620	70.900		
70.910	1.500	9.000	375.000	385.500	70.910	0.000	24.240	276.740	300.980	70.910		
70.920	6.120	16.320	401.880	424.320	70.920	0.000	14.140	218.160	232.300	70.920		
70.930	8.160	22.440	424.320	454.920	70.930	0.000	4.410	157.500	161.910	70.930		
70.940	12.240	30.600	444.720	487.560	70.940	0.000	0.000	109.620	109.620	70.940		
70.950	16.320	44.880	467.160	528.360	70.950	0.000	0.000	77.490	77.490	70.950		
70.960	22.440	59.160	483.480	565.080	70.960	0.000	0.000	52.290	52.290	70.960		
70.970	28.560	73.440	495.720	597.720	70.970	0.000	0.000	34.650	34.650	70.970		
70.980	36.720	81.600	503.880	622.200	70.980	6.930	0.000	22.050	28.980	70.980		
70.990	40.800	89.760	505.920	636.480	70.990	6.930	0.000	14.490	21.420	70.990		
71.000	48.960	93.840	510.000	652.800	71.000	4.410	0.000	9.450	13.860	71.000		
71.010	57.120	95.880	503.880	656.880	71.010	4.410	0.000	6.930	11.340	71.010		
71.020	61.200	102.000	493.680	656.880	71.020	4.410	0.000	4.410	8.820	71.020		
71.030	69.360	106.080	477.360	652.800	71.030	4.410	0.000	4.410	8.820	71.030		
71.040	75.480	112.200	459.000	646.680	71.040	1.890	0.000	4.410	6.300	71.040		
71.050	83.640	114.240	434.520	632.400	71.050	4.410	0.000	4.410	8.820	71.050		
71.060	91.800	118.320	408.000	618.120	71.060	1.890	0.000	1.890	3.780	71.060		
71.070	100.980	122.400	382.500	605.880	71.070	4.410	0.000	1.890	6.300	71.070		
71.080	108.630	123.930	356.490	589.050	71.080	2.500	0.000	2.500	5.000	71.080		
71.090	119.340	122.400	336.600	578.340	71.090	2.500	0.000	2.500	5.000	71.090		
71.100	128.520	122.400	312.120	563.040	71.100	5.000	0.000	0.000	5.000	71.100		
71.110	139.230	123.930	292.230	555.390	71.110	5.000	0.000	0.000	5.000	71.110		
71.120	149.940	123.930	273.870	547.740	71.120	5.000	0.000	0.000	5.000	71.120		
71.130	159.120	123.930	257.040	540.090	71.130	5.000	0.000	0.000	5.000	71.130		
71.140	169.830	123.930	238.680	532.440	71.140	5.000	0.000	0.000	5.000	71.140		
71.150	177.480	123.930	226.440	527.850	71.150	5.000	0.000	0.000	5.000	71.150		
71.160	183.600	123.930	211.140	518.670	71.160	5.000	0.000	0.000	5.000	71.160		
71.170	194.310	126.990	198.900	520.200	71.170	5.000	0.000	0.000	5.000	71.170		
71.180	203.490	126.990	183.600	514.080	71.180	5.000	0.000	0.000	5.000	71.180		
71.190	214.200	126.990	171.360	512.550	71.190	5.000	0.000	0.000	5.000	71.190		
71.200	224.910	126.990	159.120	511.020	71.200	2.500	0.000	0.000	2.500	71.200		
71.210	238.680	128.520	146.880	514.080	71.210	2.500	0.000	0.000	2.500	71.210		
71.220	254.130	131.990	133.960	520.080	71.220	2.500	0.000	0.000	2.500	71.220		
71.230	269.890	131.990	118.200	520.080	71.230	2.500	0.000	0.000	2.500	71.230		
71.240	281.710	128.050	104.410	514.170	71.240	2.500	0.000	0.000	2.500	71.240		
71.250	297.470	128.050	90.620	516.140	71.250	5.000	0.000	0.000	5.000	71.250		
71.260	309.290	124.110	78.800	512.200	71.260	2.500	0.000	0.000	2.500	71.260		
71.270	327.020	122.140	66.980	516.140	71.270	2.500	0.000	0.000	2.500	71.270		
71.280	344.750	116.230	53.190	514.170	71.280	2.500	0.000	0.000	2.500	71.280		
71.290	358.540	112.290	47.280	518.110	71.290	2.500	0.000	0.000	2.500	71.290		
71.300	376.270	104.410	41.370	522.050	71.300	2.500	0.000	0.000	2.500	71.300		
71.310	394.000	98.500	37.430	529.930	71.310	2.500	0.000	0.000	2.500	71.310		
71.320	413.700	94.560	33.490	541.750	71.320	2.500	0.000	0.000	2.500	71.320		
71.330	433.400	88.650	29.550	551.600	71.330	0.000	0.000	0.000	0.000	71.330		
71.340	457.040	80.770	23.640	561.450	71.340	2.500	0.000	2.500	5.000	71.340		
71.350	476.740	74.860	15.760	567.360	71.350	2.500	0.000	2.500	5.000	71.350		
71.360	492.500	66.980	11.820	571.300	71.360	0.000	0.000	0.000	0.000	71.360		
71.370	505.440	56.160	8.320	569.920	71.370	0.000	0.000	2.500	2.500	71.370		
71.380	511.680	52.000	6.240	569.920	71.380	1.780	0.000	1.780	3.560	71.380		
71.390	515.840	43.680	4.160	563.680	71.390	8.900	0.000	0.000	8.900	71.390		
71.400	520.000	39.520	0.000	559.520	71.400	40.940	1.780	0.000	42.720	71.400		
71.410	520.000	31.200	0.000	551.200	71.410	96.120	1.780	0.000	97.900	71.410		
71.420	520.000	27.040	0.000	547.040	71.420	156.640	0.000	0.000	156.640	71.420		
71.430	509.600	20.800	0.000	530.400	71.430	194.020	0.000	0.000	194.020	71.430		
71.440	499.200	18.720	0.000	517.920	71.440	222.500	0.000	0.000	222.500	71.440		
71.450	484.640	14.560	0.000	499.200	71.450	254.540	0.000	0.000	254.540	71.450		
71.460	461.760	8.320	0.000	470.080	71.460	297.260	0.000	0.000	297.260	71.460		
71.470	436.800	6.240	0.000	443.040	71.470	336.420	3.560	0.000	339.980	71.470		
71.480	403.520	6.240	0.000	409.760	71.480	373.800	16.020	1.780	391.600	71.480		
71.490	364.000	2.080	0.000	366.080	71.490	402.280	28.480	3.560	434.320	71.490		
71.500	318.240	2.080	0.000	320.320	71.500	421.860	49.840	8.900	480.600	71.500		
71.510	260.000	0.000	0.000	260.000	71.510	434.320	64.080	16.020	514.420	71.510		
71.520	197.500	0.000	0.000	197.500	71.520	445.000	76.540	26.700	548.240	71.520		
71.530	142.200	0.000	0.000	142.200	71.530	455.800	86.920	36.040	578.760	71.530		
71.540	97.170	0.000	0.000	97.170	71.540	468.520	93.280	46.640	608.440	71.540		
71.550	64.780	2.370	0.000	67.150	71.550	483.360	95.400	57.240	636.000	71.550		
71.560	39.500	0.000	0.000	39.500	71.560	502.440	99.640	61.480	663.560	71.560		
71.570	22.120	2.370	4.740	29.230	71.570	513.040	99.640	72.080	684.760	71.570		
71.580	9.480	2.370	7.110	18.960	71.580	521.520	95.400	76.320	693.240	71.580		
71.590	4.740	2.370	4.740	11.850	71.590	530.000	93.280	80.560	703.840	71.590		
71.600	2.370	2.370	7.110	11.850	71.600	530.000	91.160	86.920	708.080	71.600		
71.610	2.370	2.370	4.740	9.480	71.610	530.000	84.800	89.040	703.840	71.610		
71.620	2.370	2.370	4.740	9.480	71.620	523.640	78.440	91.160	693.240	71.620		
71.630	2.370	2.370	4.740	9.480	71.630	517.280	74.200	91.160	682.640	71.630		
71.640	0.000	2.370	4.740	7.110	71.640	506.680	72.080	91.160	669.920	71.640		
71.650	0.000	2.370	4.740	7.110	71.650	491.840	63.600	93.280	648.720	71.650		
71.660	0.000	0.000	4.740	4.740	71.660	477.000	59.360	93.280	629.640	71.660		
71.670	0.000	0.000	5.000	5.000	71.670	464.280	57.240	93.280	614.800	71.670		
71.680	0.000	2.500	5.000	7.500	71.680	447.500	53.700	98.450	599.650	71.680		
71.690	0.000	2.500	5.000	7.500	71.690	431.390	51.910	102.030	585.330	71.690		
71.700	0.000	2.500	5.000	7.500	71.700	417.070	48.330	107.400	572.800	71.700		
71.710	0.000	2.500	5.000	7.500	71.710	404.540	46.540	109.190	560.270	71.710		
71.720	0.000	2.500	5.000	7.500	71.720	393.800	46.540	116.350	556.690	71.720		
71.730	0.000	0.000	5.000	5.000	71.730	384.850	46.540	121.720	553.110	71.730		
71.740	0.000	2.500	5.000	7.500	71.740	379.480	46.540	127.090	553.110	71.740		
71.750	0.000	2.500	5.000	7.500	71.750	372.320	46.540	128.880	547.740	71.750		
71.760	0.000	0.000	2.500	2.500	71.760	366.950	46.540	136.040	549.530	71.760		
71.770	0.000	2.500	5.000	7.500	71.770	361.580	48.330	141.410	551.320	71.770		
71.780	0.000	0.000	5.000	5.000	71.780	354.420	48.330	148.570	551.320	71.780		
71.790	0.000	0.000	2.500	2.500	71.790	349.050	51.910	159.310	560.270	71.790		
71.800	0.000	0.000	2.500	2.500	71.800	341.890	53.700	166.470	562.060	71.800		
71.810	0.000	0.000	2.500	2.500	71.810	336.520	57.280	179.000	572.800	71.810		
71.820	0.000	0.000	2.500	2.500	71.820	331.150	60.860	189.740	581.750	71.820		
71.830	0.000	0.000	2.500	2.500	71.830	323.080	66.980	204.880	594.940	71.830		
71.840	0.000	0.000	2.500	2.500	71.840	313.230	70.920	218.670	602.820	71.840		
71.850	0.000	0.000	2.500	2.500	71.850	299.440	76.830	234.430	610.700	71.850		
71.860	0.000	2.500	2.500	5.000	71.860	285.650	80.770	252.160	618.580	71.860		
71.870	0.000	2.500	2.500	5.000	71.870	265.950	84.710	269.890	620.550	71.870		
71.880	0.000	0.000	2.500	2.500	71.880	246.250	88.650	289.590	624.490	71.880		
71.890	2.500	2.500	2.500	7.500	71.890	224.580	90.620	311.260	626.460	71.890		
71.900	2.500	0.000	0.000	2.500	71.900	197.000	94.560	336.870	628.430	71.900		
71.910	2.500	2.500	0.000	5.000	71.910	169.420	94.560	364.450	628.430	71.910		
71.920	2.500	2.500	2.500	7.500	71.920	143.810	90.620	386.120	620.550	71.920		
71.930	2.500	2.500	0.000	5.000	71.930	118.200	88.650	409.760	616.610	71.930		
71.940	5.000	2.500	2.500	10.000	71.940	98.500	84.710	433.400	616.610	71.940		
71.950	5.000	2.500	0.000	7.500	71.950	78.800	78.800	453.100	610.700	71.950		
71.960	5.000	2.500	2.500	10.000	71.960	66.980	70.920	476.740	614.640	71.960		
71.970	1.890	1.890	1.890	5.670	71.970	57.130	63.040	492.500	612.670	71.970		
71.980	1.890	1.890	1.890	5.670	71.980	49.440	51.500	504.700	605.640	71.980		
71.990	0.000	1.890	26.460	28.350	71.990	41.200	47.380	510.880	599.460	71.990		
72.000	0.000	0.000	73.710	73.710	72.000	32.960	39.140	515.000	587.100	72.000		
72.010	0.000	0.000	124.740	124.740	72.010	28.840	32.960	508.820	570.620	72.010		
72.020	0.000	0.000	160.650	160.650	72.020	18.540	26.780	498.520	543.840	72.020		
72.030	0.000	1.890	198.450	200.340	72.030	12.360	18.540	484.100	515.000	72.030		
72.040	0.000	1.890	238.140	240.030	72.040	4.120	14.420	463.500	482.040	72.040		
72.050	0.000	5.670	283.500	289.170	72.050	0.000	6.180	430.540	436.720	72.050		
72.060	1.890	11.340	326.970	340.200	72.060	0.000	4.120	399.640	403.760	72.060		
72.070	1.890	17.010	359.100	378.000	72.070	0.000	2.060	356.380	358.440	72.070		
72.080	3.780	20.790	389.340	413.910	72.080	0.000	0.000	296.640	296.640	72.080		
72.090	5.670	32.130	415.800	453.600	72.090	0.000	0.000	234.840	234.840	72.090		
72.100	9.450	43.470	444.150	497.070	72.100	0.000	0.000	177.160	177.160	72.100		
72.110	11.340	54.810	472.500	538.650	72.110	0.000	0.000	129.780	129.780	72.110		
72.120	13.020	71.610	499.100	583.730	72.120	0.000	0.000	86.520	86.520	72.120		
72.130	19.530	86.800	518.630	624.960	72.130	0.000	0.000	52.500	52.500	72.130		
72.140	21.700	99.820	533.820	655.340	72.140	2.310	2.310	32.340	36.960	72.140		
72.150	26.040	104.160	538.160	668.360	72.150	7.350	2.310	19.950	29.610	72.150		
72.160	28.210	112.840	542.500	683.550	72.160	7.350	2.310	9.870	19.530	72.160		
72.170	30.380	121.520	538.160	690.060	72.170	4.830	4.830	7.350	17.010	72.170		
72.180	34.720	123.690	533.820	692.230	72.180	4.830	2.310	7.350	14.490	72.180		
72.190	36.890	125.860	529.480	692.230	72.190	2.310	2.310	4.830	9.450	72.190		
72.200	41.230	125.860	518.630	685.720	72.200	2.310	2.310	4.830	9.450	72.200		
72.210	41.230	125.860	512.120	679.210	72.210	2.310	2.310	2.310	6.930	72.210		
72.220	43.400	125.860	499.100	668.360	72.220	4.830	2.310	4.830	11.970	72.220		
72.230	49.910	128.030	483.910	661.850	72.230	2.310	2.310	4.830	9.450	72.230		
72.240	52.080	125.860	466.550	644.490	72.240	4.830	0.000	2.310	7.140	72.240		
72.250	54.250	128.030	447.020	629.300	72.250	4.830	2.310	2.310	9.450	72.250		
72.260	58.590	128.030	427.490	614.110	72.260	2.310	2.310	2.310	6.930	72.260		
72.270	63.570	128.770	407.500	599.840	72.270	4.830	2.310	2.310	9.450	72.270		
72.280	68.460	128.770	389.570	586.800	72.280	5.000	2.500	2.500	10.000	72.280		
72.290	71.720	127.140	376.530	575.390	72.290	2.500	2.500	2.500	7.500	72.290		
72.300	74.980	123.880	366.750	565.610	72.300	2.500	2.500	0.000	5.000	72.300		
72.310	74.980	122.250	358.600	555.830	72.310	5.000	2.500	0.000	7.500	72.310		
72.320	74.980	117.360	353.710	546.050	72.320	2.500	2.500	0.000	5.000	72.320		
72.330	71.720	114.100	348.820	534.640	72.330	2.500	2.500	2.500	7.500	72.330		
72.340	71.720	114.100	347.190	533.010	72.340	2.500	2.500	0.000	5.000	72.340		
72.350	71.720	112.470	343.930	528.120	72.350	2.500	2.500	0.000	5.000	72.350		
72.360	71.720	109.210	339.040	519.970	72.360	2.500	5.000	0.000	7.500	72.360		
72.370	71.720	105.950	339.040	516.710	72.370	2.500	2.500	0.000	5.000	72.370		
72.380	71.720	104.320	337.410	513.450	72.380	2.500	2.500	2.500	7.500	72.380		
72.390	74.980	101.060	339.040	515.080	72.390	2.500	2.500	2.500	7.500	72.390		
72.400	74.980	99.430	339.040	513.450	72.400	0.000	2.500	2.500	5.000	72.400		
72.410	74.980	96.170	342.300	513.450	72.410	0.000	5.000	2.500	7.500	72.410		
72.420	77.280	93.840	342.240	513.360	72.420	0.000	2.500	2.500	5.000	72.420		
72.430	81.420	96.600	345.000	523.020	72.430	0.000	2.500	2.500	5.000	72.430		
72.440	81.420	99.360	345.000	525.780	72.440	0.000	2.500	2.500	5.000	72.440		
72.450	86.940	99.360	345.000	531.300	72.450	0.000	2.500	2.500	5.000	72.450		
72.460	89.700	102.120	345.000	536.820	72.460	0.000	2.500	2.500	5.000	72.460		
72.470	93.840	106.260	342.240	542.340	72.470	0.000	5.000	0.000	5.000	72.470		
72.480	96.600	109.020	339.480	545.100	72.480	0.000	2.500	2.500	5.000	72.480		
72.490	99.360	111.780	333.960	545.100	72.490	0.000	2.500	0.000	2.500	72.490		
72.500	106.260	117.300	329.820	553.380	72.500	0.000	2.500	0.000	2.500	72.500		
72.510	114.540	118.680	318.780	552.000	72.510	0.000	2.500	2.500	5.000	72.510		
72.520	121.440	121.440	309.120	552.000	72.520	0.000	2.500	2.500	5.000	72.520		
72.530	132.480	129.720	296.700	558.900	72.530	0.000	2.500	0.000	2.500	72.530		
72.540	144.900	133.860	278.760	557.520	72.540	0.000	2.500	0.000	2.500	72.540		
72.550	158.700	139.380	259.440	557.520	72.550	0.000	2.500	0.000	2.500	72.550		
72.560	173.880	146.280	238.740	558.900	72.560	0.000	2.500	0.000	2.500	72.560		
72.570	193.760	152.240	211.060	557.060	72.570	0.000	5.000	0.000	5.000	72.570		
72.580	214.520	153.970	188.570	557.060	72.580	0.000	1.450	0.000	1.450	72.580		
72.590	237.010	152.240	160.890	550.140	72.590	0.000	1.450	0.000	1.450	72.590		
72.600	261.230	148.780	136.670	546.680	72.600	0.000	1.450	0.000	1.450	72.600		
72.610	287.180	141.860	108.990	538.030	72.610	0.000	1.450	0.000	1.450	72.610		
72.620	309.670	136.670	89.960	536.300	72.620	1.450	1.450	0.000	2.900	72.620		
72.630	333.890	124.560	69.200	527.650	72.630	8.700	1.450	0.000	10.150	72.630		
72.640	359.840	112.450	53.630	525.920	72.640	44.950	0.000	0.000	44.950	72.640		
72.650	378.870	98.610	44.980	522.460	72.650	89.900	0.000	0.000	89.900	72.650		
72.660	396.170	86.500	36.330	519.000	72.660	131.950	0.000	0.000	131.950	72.660		
72.670	413.470	74.390	29.410	517.270	72.670	162.400	0.000	0.000	162.400	72.670		
72.680	423.850	58.820	22.490	505.160	72.680	197.200	0.000	0.000	197.200	72.680		
72.690	429.040	48.440	17.300	494.780	72.690	243.600	1.450	0.000	245.050	72.690		
72.700	432.500	39.790	8.650	480.940	72.700	294.350	1.450	0.000	295.800	72.700		
72.710	427.310	31.140	6.920	465.370	72.710	332.050	4.350	0.000	336.400	72.710		
72.720	417.500	18.370	1.670	437.540	72.720	362.500	7.250	0.000	369.750	72.720		
72.730	399.130	11.690	1.670	412.490	72.730	388.430	14.320	0.000	402.750	72.730		
72.740	377.420	3.340	0.000	380.760	72.740	404.540	23.270	3.580	431.390	72.740		
72.750	349.030	1.670	0.000	350.700	72.750	413.490	34.010	3.580	451.080	72.750		
72.760	313.960	0.000	0.000	313.960	72.760	422.440	48.330	10.740	481.510	72.760		
72.770	272.210	0.000	0.000	272.210	72.770	431.390	66.230	16.110	513.730	72.770		
72.780	227.120	0.000	0.000	227.120	72.780	436.760	78.760	23.270	538.790	72.780		
72.790	178.690	0.000	0.000	178.690	72.790	442.130	89.500	32.220	563.850	72.790		
72.800	133.600	0.000	0.000	133.600	72.800	447.500	96.660	39.380	583.540	72.800		
72.810	93.520	0.000	0.000	93.520	72.810	443.920	103.820	48.330	596.070	72.810		
72.820	58.450	0.000	0.000	58.450	72.820	442.130	109.190	59.070	610.390	72.820		
72.830	36.740	0.000	1.670	38.410	72.830	436.760	116.350	73.390	626.500	72.830		
72.840	16.700	0.000	6.680	23.380	72.840	424.230	116.350	91.290	631.870	72.840		
72.850	6.680	0.000	6.680	13.360	72.850	411.700	119.930	110.980	642.610	72.850		
72.860	1.670	0.000	3.340	5.010	72.860	397.380	114.560	132.460	644.400	72.860		
72.870	0.000	0.000	5.000	5.000	72.870	379.480	109.190	152.150	640.820	72.870		
72.880	0.000	0.000	5.000	5.000	72.880	365.000	102.200	172.280	639.480	72.880		
72.890	0.000	0.000	5.000	5.000	72.890	351.860	96.360	183.960	632.180	72.890		
72.900	0.000	0.000	5.000	5.000	72.900	344.560	91.980	191.260	627.800	72.900		
72.910	0.000	0.000	5.000	5.000	72.910	338.720	86.140	198.560	623.420	72.910		
72.920	0.000	0.000	5.000	5.000	72.920	334.340	84.680	204.400	623.420	72.920		
72.930	0.000	0.000	5.000	5.000	72.930	331.420	81.760	208.780	621.960	72.930		
72.940	0.000	0.000	5.000	5.000	72.940	327.040	77.380	214.620	619.040	72.940		
72.950	0.000	0.000	5.000	5.000	72.950	321.200	77.380	221.920	620.500	72.950		
72.960	0.000	0.000	2.500	2.500	72.960	316.820	74.460	224.840	616.120	72.960		
72.970	0.000	0.000	2.500	2.500	72.970	313.900	71.540	229.220	614.660	72.970		
72.980	0.000	0.000	2.500	2.500	72.980	309.520	68.620	233.600	611.740	72.980		
72.990	0.000	0.000	2.500	2.500	72.990	303.680	68.620	236.520	608.820	72.990		
73.000	0.000	0.000	2.500	2.500	73.000	302.220	67.160	242.360	611.740	73.000		
73.010	0.000	0.000	2.500	2.500	73.010	299.300	67.160	246.740	613.200	73.010		
73.020	0.000	0.000	2.500	2.500	73.020	296.380	68.620	251.120	616.120	73.020		
73.030	0.000	0.000	2.500	2.500	73.030	293.940	66.240	253.920	614.100	73.030		
73.040	0.000	0.000	0.000	0.000	73.040	291.180	69.000	256.680	616.860	73.040		
73.050	0.000	0.000	0.000	0.000	73.050	291.180	69.000	259.440	619.620	73.050		
73.060	0.000	0.000	0.000	0.000	73.060	293.940	71.760	262.200	627.900	73.060		
73.070	0.000	0.000	0.000	0.000	73.070	296.700	74.520	259.440	630.660	73.070		
73.080	0.000	0.000	0.000	0.000	73.080	302.220	74.520	259.440	636.180	73.080		
73.090	0.000	0.000	0.000	0.000	73.090	304.980	74.520	253.920	633.420	73.090		
73.100	0.000	0.000	0.000	0.000	73.100	309.120	71.760	247.020	627.900	73.100		
73.110	0.000	0.000	0.000	0.000	73.110	317.400	71.760	244.260	633.420	73.110		
73.120	0.000	0.000	0.000	0.000	73.120	327.060	69.000	234.600	630.660	73.120		
73.130	0.000	0.000	0.000	0.000	73.130	333.960	69.000	224.940	627.900	73.130		
73.140	0.000	0.000	0.000	0.000	73.140	339.480	66.240	216.660	622.380	73.140		
73.150	2.500	2.500	0.000	5.000	73.150	345.000	66.240	209.760	621.000	73.150		
73.160	5.000	5.000	2.500	12.500	73.160	345.000	66.240	207.000	618.240	73.160		
73.170	9.920	9.920	7.440	27.280	73.170	345.000	69.000	204.240	618.240	73.170		
73.180	17.360	9.920	12.400	39.680	73.180	340.000	72.080	199.920	612.000	73.180		
73.190	24.800	12.400	14.880	52.080	73.190	334.560	72.080	199.920	606.560	73.190		
73.200	32.240	12.400	14.880	59.520	73.200	326.400	72.080	197.200	595.680	73.200		
73.210	37.200	14.880	14.880	66.960	73.210	319.600	69.360	194.480	583.440	73.210		
73.220	42.470	17.360	14.880	74.710	73.220	311.440	69.360	191.760	572.560	73.220		
73.230	47.430	19.840	19.840	87.110	73.230	304.640	66.640	191.760	563.040	73.230		
73.240	54.870	22.320	24.800	101.990	73.240	296.480	63.920	184.960	545.360	73.240		
73.250	62.310	24.800	32.240	119.350	73.250	289.680	63.920	182.240	535.840	73.250		
73.260	67.270	27.280	39.990	134.540	73.260	281.520	61.200	179.520	522.240	73.260		
73.270	69.750	29.760	42.470	141.980	73.270	269.280	59.840	176.800	505.920	73.270		
73.280	72.230	32.240	49.910	154.380	73.280	262.480	59.840	174.080	496.400	73.280		
73.290	74.710	34.720	52.390	161.820	73.290	248.880	59.840	171.360	480.080	73.290		
73.300	77.500	34.720	57.350	169.570	73.300	236.640	59.840	171.360	467.840	73.300		
73.310	77.500	37.200	62.310	177.010	73.310	221.680	57.120	170.000	448.800	73.310		
73.320	79.650	37.350	64.800	181.800	73.320	212.160	57.120	171.360	440.640	73.320		
73.330	79.650	37.350	69.750	186.750	73.330	200.000	54.400	169.600	424.000	73.330		
73.340	77.400	37.350	72.450	187.200	73.340	192.000	49.600	167.200	408.800	73.340		
73.350	79.650	39.600	77.400	196.650	73.350	187.200	52.000	169.600	408.800	73.350		
73.360	77.400	39.600	79.650	196.650	73.360	182.400	52.000	167.200	401.600	73.360		
73.370	77.400	37.350	87.300	202.050	73.370	176.800	52.000	167.200	396.000	73.370		
73.380	79.650	37.350	90.000	207.000	73.380	174.400	52.000	167.200	393.600	73.380		
73.390	79.650	37.350	94.950	211.950	73.390	172.000	52.000	167.200	391.200	73.390		
73.400	79.650	37.350	99.900	216.900	73.400	169.600	52.000	169.600	391.200	73.400		
73.410	79.650	37.350	104.850	221.850	73.410	169.600	52.000	169.600	391.200	73.410		
73.420	79.650	37.350	107.100	224.100	73.420	167.200	52.000	169.600	388.800	73.420		
73.430	82.350	39.600	107.100	229.050	73.430	167.200	54.400	174.400	396.000	73.430		
73.440	82.350	37.350	109.800	229.500	73.440	164.800	54.400	176.800	396.000	73.440		
73.450	84.600	39.600	109.800	234.000	73.450	162.400	52.000	176.800	391.200	73.450		
73.460	82.350	39.600	112.500	234.450	73.460	160.000	52.000	176.800	388.800	73.460		
73.470	84.660	42.330	117.300	244.290	73.470	160.000	54.400	180.000	394.400	73.470		
73.480	87.210	42.330	122.400	251.940	73.480	156.870	54.780	181.770	393.420	73.480		
73.490	87.210	44.880	124.950	257.040	73.490	154.380	54.780	184.260	393.420	73.490		
73.500	89.760	44.880	124.950	259.590	73.500	151.890	57.270	186.750	395.910	73.500		
73.510	89.760	47.430	127.500	264.690	73.510	149.400	57.270	189.240	395.910	73.510		
73.520	89.760	49.980	127.500	267.240	73.520	146.910	59.760	194.220	400.890	73.520		
73.530	92.310	49.980	127.500	269.790	73.530	144.420	59.760	194.220	398.400	73.530		
73.540	94.860	49.980	124.950	269.790	73.540	139.440	62.250	196.710	398.400	73.540		
73.550	94.860	49.980	124.950	269.790	73.550	136.950	64.740	199.200	400.890	73.550		
73.560	97.410	49.980	119.850	267.240	73.560	134.460	62.250	201.690	398.400	73.560		
73.570	97.410	49.980	117.300	264.690	73.570	129.480	64.740	201.690	395.910	73.570		
73.580	97.410	49.980	117.300	264.690	73.580	126.990	62.250	204.180	393.420	73.580		
73.590	97.410	49.980	114.750	262.140	73.590	122.010	62.250	204.180	388.440	73.590		
73.600	97.410	47.430	112.200	257.040	73.600	122.010	62.250	204.180	388.440	73.600		
73.610	97.410	47.430	109.650	254.490	73.610	119.520	62.250	204.180	385.950	73.610		
73.620	97.180	47.300	107.500	251.980	73.620	119.520	62.250	207.500	389.270	73.620		
73.630	94.600	47.300	107.500	249.400	73.630	119.720	62.320	205.000	387.040	73.630		
73.640	97.180	47.300	102.340	246.820	73.640	119.720	62.320	205.000	387.040	73.640		
73.650	94.600	47.300	99.760	241.660	73.650	122.180	62.320	205.000	389.500	73.650		
73.660	94.600	49.880	97.180	241.660	73.660	122.180	62.320	205.000	389.500	73.660		
73.670	94.600	47.300	94.600	236.500	73.670	124.640	67.240	205.000	396.880	73.670		
73.680	94.600	47.300	94.600	236.500	73.680	124.640	67.240	201.720	393.600	73.680		
73.690	94.600	47.300	92.450	234.350	73.690	124.640	69.700	201.720	396.060	73.690		
73.700	94.600	47.300	92.450	234.350	73.700	127.100	69.700	201.720	398.520	73.700		
73.710	94.600	47.300	92.450	234.350	73.710	127.100	69.700	205.000	401.800	73.710		
73.720	94.600	47.300	94.600	236.500	73.720	127.100	72.160	205.000	404.260	73.720		
73.730	94.600	47.300	92.450	234.350	73.730	129.560	72.160	205.000	406.720	73.730		
73.740	92.450	49.880	92.450	234.780	73.740	129.560	72.160	205.000	406.720	73.740		
73.750	92.450	49.880	92.450	234.780	73.750	132.020	72.160	205.000	409.180	73.750		
73.760	92.450	52.460	92.450	237.360	73.760	132.020	72.160	201.720	405.900	73.760		
73.770	92.430	54.990	92.430	239.850	73.770	132.020	72.160	201.720	405.900	73.770		
73.780	92.430	52.260	92.430	237.120	73.780	134.400	72.000	200.000	406.400	73.780		
73.790	92.430	54.990	92.430	239.850	73.790	134.400	72.000	200.000	406.400	73.790		
73.800	94.770	54.990	92.430	242.190	73.800	134.400	72.000	194.400	400.800	73.800		
73.810	94.770	54.990	94.770	244.530	73.810	134.400	74.400	194.400	403.200	73.810		
73.820	92.430	54.990	94.770	242.190	73.820	134.400	72.000	194.400	400.800	73.820		
73.830	94.770	54.990	94.770	244.530	73.830	132.000	74.400	194.400	400.800	73.830		
73.840	97.500	54.990	94.770	247.260	73.840	132.000	72.000	192.000	396.000	73.840		
73.850	94.770	52.260	94.770	241.800	73.850	132.000	74.400	194.400	400.800	73.850		
73.860	97.500	54.990	94.770	247.260	73.860	132.000	74.400	192.000	398.400	73.860		
73.870	97.500	54.990	94.770	247.260	73.870	132.000	76.800	192.000	400.800	73.870		
73.880	97.500	54.990	92.430	244.920	73.880	129.600	74.400	192.000	396.000	73.880		
73.890	97.500	54.990	92.430	244.920	73.890	129.600	74.400	192.000	396.000	73.890		
73.900	97.500	54.990	92.430	244.920	73.900	127.200	74.400	192.000	393.600	73.900		
73.910	97.500	54.990	89.700	242.190	73.910	124.800	76.800	194.400	396.000	73.910		
73.920	97.200	54.800	92.400	244.400	73.920	124.800	76.800	194.400	396.000	73.920		
73.930	97.200	54.800	90.000	242.000	73.930	124.740	76.950	196.830	398.520	73.930		
73.940	100.000	54.800	90.000	244.800	73.940	122.310	76.950	196.830	396.090	73.940		
73.950	100.000	54.800	90.000	244.800	73.950	119.880	79.380	199.260	398.520	73.950		
73.960	100.000	57.200	87.200	244.400	73.960	119.880	74.520	196.830	391.230	73.960		
73.970	100.000	57.200	87.200	244.400	73.970	119.880	76.950	199.260	396.090	73.970		
73.980	100.000	57.200	87.200	244.400	73.980	122.310	76.950	199.260	398.520	73.980		
73.990	100.000	57.200	84.800	242.000	73.990	122.310	76.950	199.260	398.520	73.990		
74.000	100.000	54.800	87.200	242.000	74.000	122.310	76.950	196.830	396.090	74.000		
74.010	100.000	57.200	87.200	244.400	74.010	122.310	79.380	199.260	400.950	74.010		
74.020	97.200	57.200	87.200	241.600	74.020	122.310	76.950	199.260	398.520	74.020		
74.030	97.200	57.200	87.200	241.600	74.030	119.880	76.950	199.260	396.090	74.030		
74.040	97.200	57.200	87.200	241.600	74.040	119.880	76.950	199.260	396.090	74.040		
74.050	97.200	60.000	87.200	244.400	74.050	117.450	74.520	202.500	394.470	74.050		
74.060	97.200	60.000	87.200	244.400	74.060	117.450	74.520	199.260	391.230	74.060		
74.070	99.760	62.350	87.290	249.400	74.070	117.450	74.520	202.500	394.470	74.070		
74.080	97.180	62.350	84.710	244.240	74.080	116.800	74.400	200.000	391.200	74.080		
74.090	99.760	62.350	84.710	246.820	74.090	116.800	72.000	200.000	388.800	74.090		
74.100	99.760	64.930	87.290	251.980	74.100	116.800	72.000	196.800	385.600	74.100		
74.110	99.760	62.350	87.290	249.400	74.110	116.800	72.000	196.800	385.600	74.110		
74.120	99.760	64.930	84.710	249.400	74.120	120.000	72.000	194.400	386.400	74.120		
74.130	99.760	67.080	87.290	254.130	74.130	116.800	72.000	194.400	383.200	74.130		
74.140	102.340	69.660	87.290	259.290	74.140	116.800	69.600	194.400	380.800	74.140		
74.150	102.340	67.080	87.290	256.710	74.150	116.800	69.600	196.800	383.200	74.150		
74.160	102.340	67.080	87.290	256.710	74.160	116.800	69.600	194.400	380.800	74.160		
74.170	102.340	69.660	87.290	259.290	74.170	116.800	69.600	194.400	380.800	74.170		
74.180	104.920	69.660	87.290	261.870	74.180	116.800	69.600	194.400	380.800	74.180		
74.190	104.920	69.660	87.290	261.870	74.190	116.800	69.600	192.000	378.400	74.190		
74.200	107.500	69.660	87.290	264.450	74.200	116.800	69.600	194.400	380.800	74.200		
74.210	107.500	69.660	87.290	264.450	74.210	116.800	69.600	192.000	378.400	74.210		
74.220	107.120	69.680	87.360	264.160	74.220	116.800	69.600	189.600	376.000	74.220		
74.230	107.120	69.680	89.960	266.760	74.230	114.730	69.300	192.500	376.530	74.230		
74.240	109.720	67.080	89.960	266.760	74.240	114.730	72.380	192.500	379.610	74.240		
74.250	109.720	67.080	92.040	268.840	74.250	112.420	72.380	189.420	374.220	74.250		
74.260	109.720	65.000	94.640	269.360	74.260	109.340	72.380	189.420	371.140	74.260		
74.270	109.720	65.000	94.640	269.360	74.270	109.340	74.690	187.110	371.140	74.270		
74.280	112.320	62.400	97.240	271.960	74.280	107.030	74.690	189.420	371.140	74.280		
74.290	112.320	59.800	99.840	271.960	74.290	104.720	74.690	187.110	366.520	74.290		
74.300	112.320	57.200	104.520	274.040	74.300	104.720	77.000	187.110	368.830	74.300		
74.310	112.320	57.200	109.720	279.240	74.310	102.410	79.310	184.800	366.520	74.310		
74.320	109.720	54.600	112.320	276.640	74.320	99.330	77.000	184.800	361.130	74.320		
74.330	107.120	54.600	117.000	278.720	74.330	97.020	77.000	182.490	356.510	74.330		
74.340	107.120	52.000	122.200	281.320	74.340	94.710	79.310	182.490	356.510	74.340		
74.350	107.120	52.000	127.400	286.520	74.350	92.400	79.310	182.490	354.200	74.350		
74.360	107.120	52.000	130.000	289.120	74.360	87.010	79.310	179.410	345.730	74.360		
74.370	107.030	49.280	134.750	291.060	74.370	84.700	79.310	177.100	341.110	74.370		
74.380	107.030	49.280	134.750	291.060	74.380	79.520	79.520	177.500	336.540	74.380		
74.390	112.420	49.280	137.060	298.760	74.390	74.550	79.520	174.660	328.730	74.390		
74.400	112.420	49.280	139.370	301.070	74.400	72.420	82.360	171.820	326.600	74.400		
74.410	109.340	46.970	142.450	298.760	74.410	67.450	79.520	171.820	318.790	74.410		
74.420	109.340	49.280	147.070	305.690	74.420	62.480	79.520	169.690	311.690	74.420		
74.430	112.420	49.280	152.460	314.160	74.430	56.800	79.520	166.850	303.170	74.430		
74.440	114.730	49.280	154.770	318.780	74.440	51.830	79.520	166.850	298.200	74.440		
74.450	117.040	46.970	157.080	321.090	74.450	46.860	79.520	164.720	291.100	74.450		
74.460	119.350	49.280	159.390	328.020	74.460	41.890	79.520	161.880	283.290	74.460		
74.470	119.350	49.280	164.780	333.410	74.470	36.920	77.390	159.750	274.060	74.470		
74.480	124.740	52.360	169.400	346.500	74.480	34.790	74.550	154.780	264.120	74.480		
74.490	124.740	52.360	177.100	354.200	74.490	29.820	72.420	144.840	247.080	74.490		
74.500	124.740	52.360	182.490	359.590	74.500	22.010	67.450	134.900	224.360	74.500		
74.510	127.050	52.360	192.500	371.910	74.510	17.040	64.610	122.120	203.770	74.510		
74.520	126.720	54.720	204.480	385.920	74.520	12.070	62.480	109.340	183.890	74.520		
74.530	126.720	56.160	217.440	400.320	74.530	9.990	57.350	92.500	159.840	74.530		
74.540	126.720	56.160	228.960	411.840	74.540	7.400	52.170	74.740	134.310	74.540		
74.550	129.600	59.040	244.800	433.440	74.550	7.400	47.360	59.940	114.700	74.550		
74.560	129.600	61.920	259.200	450.720	74.560	4.810	42.180	47.360	94.350	74.560		
74.570	132.480	61.920	273.600	468.000	74.570	4.810	37.370	39.960	82.140	74.570		
74.580	133.920	66.240	286.560	486.720	74.580	4.810	29.970	32.190	66.970	74.580		
74.590	132.480	66.240	302.400	501.120	74.590	4.810	27.380	24.790	56.980	74.590		
74.600	132.480	72.000	316.800	521.280	74.600	4.810	22.200	14.800	41.810	74.600		
74.610	133.920	74.880	326.880	535.680	74.610	4.810	17.390	9.990	32.190	74.610		
74.620	132.480	76.320	339.840	548.640	74.620	2.220	14.800	7.400	24.420	74.620		
74.630	132.480	79.200	347.040	558.720	74.630	2.220	14.800	4.810	21.830	74.630		
74.640	129.600	82.080	354.240	565.920	74.640	2.220	12.210	2.220	16.650	74.640		
74.650	126.720	84.960	360.000	571.680	74.650	2.220	12.210	2.220	16.650	74.650		
74.660	126.720	86.400	360.000	573.120	74.660	2.220	12.210	2.220	16.650	74.660		
74.670	126.720	89.280	360.000	576.000	74.670	2.220	12.210	2.220	16.650	74.670		
74.680	123.840	89.280	357.120	570.240	74.680	0.000	12.500	2.500	15.000	74.680		
74.690	123.840	92.160	357.120	573.120	74.690	0.000	10.000	2.500	12.500	74.690		
74.700	123.840	93.600	351.360	568.800	74.700	0.000	10.000	2.500	12.500	74.700		
74.710	123.840	96.480	349.920	570.240	74.710	0.000	7.500	0.000	7.500	74.710		
74.720	123.840	96.480	344.160	564.480	74.720	0.000	5.000	2.500	7.500	74.720		
74.730	126.720	96.480	341.280	564.480	74.730	0.000	5.000	2.500	7.500	74.730		
74.740	126.720	99.360	336.960	563.040	74.740	0.000	7.500	2.500	10.000	74.740		
74.750	129.600	99.360	336.960	565.920	74.750	0.000	5.000	2.500	7.500	74.750		
74.760	129.600	99.360	336.960	565.920	74.760	0.000	5.000	2.500	7.500	74.760		
74.770	132.480	99.360	336.960	568.800	74.770	0.000	5.000	0.000	5.000	74.770		
74.780	132.480	102.240	336.960	571.680	74.780	0.000	2.500	2.500	5.000	74.780		
74.790	136.800	99.360	336.960	573.120	74.790	0.000	2.500	0.000	2.500	74.790		
74.800	139.680	102.240	336.960	578.880	74.800	0.000	2.500	0.000	2.500	74.800		
74.810	141.120	99.360	336.960	577.440	74.810	0.000	2.500	0.000	2.500	74.810		
74.820	144.720	96.480	335.000	576.200	74.820	0.000	2.500	2.500	5.000	74.820		
74.830	148.740	96.480	332.320	577.540	74.830	0.000	2.420	2.420	4.840	74.830		
74.840	154.100	93.800	332.320	580.220	74.840	0.000	2.420	0.000	2.420	74.840		
74.850	156.780	96.480	332.320	585.580	74.850	0.000	2.420	2.420	4.840	74.850		
74.860	159.460	93.800	329.640	582.900	74.860	0.000	2.420	0.000	2.420	74.860		
74.870	164.820	92.460	324.280	581.560	74.870	0.000	2.420	2.420	4.840	74.870		
74.880	167.500	89.780	321.600	578.880	74.880	0.000	2.420	2.420	4.840	74.880		
74.890	171.520	87.100	321.600	580.220	74.890	0.000	2.420	2.420	4.840	74.890		
74.900	176.880	87.100	318.920	582.900	74.900	0.000	2.420	2.420	4.840	74.900		
74.910	182.240	84.420	316.240	582.900	74.910	0.000	0.000	2.420	2.420	74.910		
74.920	186.260	84.420	312.220	582.900	74.920	0.000	0.000	4.950	4.950	74.920		
74.930	194.300	81.740	306.860	582.900	74.930	0.000	2.420	4.950	7.370	74.930		
74.940	199.660	81.740	298.820	580.220	74.940	0.000	2.420	12.430	14.850	74.940		
74.950	203.680	79.060	292.120	574.860	74.950	0.000	2.420	17.490	19.910	74.950		
74.960	209.040	73.700	281.400	564.140	74.960	0.000	2.420	24.970	27.390	74.960		
74.970	216.600	71.820	269.040	557.460	74.970	2.420	2.420	27.500	32.340	74.970		
74.980	222.300	69.540	254.220	546.060	74.980	4.750	1.900	39.900	46.550	74.980		
74.990	229.140	67.260	239.400	535.800	74.990	6.650	4.750	47.500	58.900	74.990		
75.000	237.120	64.980	222.300	524.400	75.000	17.100	6.650	54.150	77.900	75.000		
75.010	247.380	59.280	204.060	510.720	75.010	29.450	6.650	64.600	100.700	75.010		
75.020	256.500	57.000	184.680	498.180	75.020	64.600	6.650	69.350	140.600	75.020		
75.030	264.480	52.440	164.160	481.080	75.030	101.650	9.500	76.950	188.100	75.030		
75.040	274.740	44.460	142.500	461.700	75.040	129.200	12.350	79.800	221.350	75.040		
75.050	279.300	39.900	117.420	436.620	75.050	139.650	12.350	84.550	236.550	75.050		
75.060	285.000	31.920	92.340	409.260	75.060	147.250	12.350	89.300	248.900	75.060		
75.070	285.000	21.660	69.540	376.200	75.070	149.150	14.250	96.900	260.300	75.070		
75.080	281.580	17.100	54.720	353.400	75.080	162.450	14.250	104.500	281.200	75.080		
75.090	272.460	9.120	44.460	326.040	75.090	174.800	14.250	109.250	298.300	75.090		
75.100	259.920	6.840	36.480	303.240	75.100	194.750	17.100	119.700	331.550	75.100		
75.110	241.680	4.560	31.920	278.160	75.110	214.700	19.950	127.300	361.950	75.110		
75.120	217.500	0.000	21.750	239.250	75.120	237.500	24.700	136.800	399.000	75.120		
75.130	192.270	0.000	17.400	209.670	75.130	257.480	26.690	146.010	430.180	75.130		
75.140	167.040	0.000	12.180	179.220	75.140	274.750	29.830	157.000	461.580	75.140		
75.150	141.810	0.000	6.960	148.770	75.150	288.880	34.540	161.710	485.130	75.150		
75.160	114.840	0.000	4.350	119.190	75.160	306.150	36.110	171.130	513.390	75.160		
75.170	87.000	0.000	1.740	88.740	75.170	318.710	42.390	177.410	538.510	75.170		
75.180	66.990	0.000	1.740	68.730	75.180	334.410	47.100	183.690	565.200	75.180		
75.190	46.980	0.000	4.350	51.330	75.190	346.970	48.670	189.970	585.610	75.190		
75.200	32.190	0.000	4.350	36.540	75.200	359.530	51.810	194.680	606.020	75.200		
75.210	17.400	0.000	4.350	21.750	75.210	368.950	56.520	199.390	624.860	75.210		
75.220	4.350	0.000	4.350	8.700	75.220	379.940	59.660	199.390	638.990	75.220		
75.230	0.000	0.000	1.740	1.740	75.230	384.650	59.660	196.250	640.560	75.230		
75.240	0.000	0.000	1.740	1.740	75.240	389.360	59.660	194.680	643.700	75.240		
75.250	0.000	0.000	0.000	0.000	75.250	392.500	59.660	194.680	646.840	75.250		
75.260	0.000	0.000	0.000	0.000	75.260	392.500	56.520	191.540	640.560	75.260		
75.270	0.000	0.000	0.000	0.000	75.270	389.360	56.520	186.830	632.710	75.270		
75.280	0.000	0.000	0.000	0.000	75.280	389.760	53.940	184.440	628.140	75.280		
75.290	0.000	0.000	0.000	0.000	75.290	389.760	53.940	180.960	624.660	75.290		
75.300	0.000	0.000	0.000	0.000	75.300	391.500	52.200	177.480	621.180	75.300		
75.310	0.000	0.000	0.000	0.000	75.310	391.500	52.200	174.000	617.700	75.310		
75.320	0.000	0.000	0.000	0.000	75.320	396.720	53.940	172.260	622.920	75.320		
75.330	0.000	0.000	0.000	0.000	75.330	398.460	52.200	168.780	619.440	75.330		
75.340	0.000	0.000	0.000	0.000	75.340	401.940	52.200	168.780	622.920	75.340		
75.350	0.000	0.000	0.000	0.000	75.350	407.160	53.940	168.780	629.880	75.350		
75.360	0.000	0.000	0.000	0.000	75.360	412.380	57.420	167.040	636.840	75.360		
75.370	0.000	0.000	0.000	0.000	75.370	415.860	57.420	167.040	640.320	75.370		
75.380	0.000	0.000	0.000	0.000	75.380	419.340	57.420	163.560	640.320	75.380		
75.390	0.000	0.000	0.000	0.000	75.390	421.080	59.160	161.820	642.060	75.390		
75.400	0.000	0.000	0.000	0.000	75.400	426.300	59.160	158.340	643.800	75.400		
75.410	0.000	0.000	0.000	0.000	75.410	431.520	60.900	158.340	650.760	75.410		
75.420	0.000	0.000	0.000	0.000	75.420	435.000	60.900	156.600	652.500	75.420		
75.430	0.000	0.000	0.000	0.000	75.430	438.550	60.860	153.940	653.350	75.430		
75.440	0.000	0.000	0.000	0.000	75.440	442.130	60.860	148.570	651.560	75.440		
75.450	0.000	0.000	0.000	0.000	75.450	442.130	60.860	148.570	651.560	75.450		
75.460	0.000	0.000	0.000	0.000	75.460	443.920	64.440	144.990	653.350	75.460		
75.470	0.000	0.000	0.000	0.000	75.470	447.500	64.440	144.990	656.930	75.470		
75.480	0.000	0.000	0.000	0.000	75.480	447.500	64.440	139.620	651.560	75.480		
75.490	0.000	0.000	0.000	0.000	75.490	443.920	64.440	134.250	642.610	75.490		
75.500	0.000	0.000	0.000	0.000	75.500	443.920	64.440	132.460	640.820	75.500		
75.510	0.000	0.000	0.000	0.000	75.510	442.130	66.230	132.460	640.820	75.510		
75.520	0.000	0.000	0.000	0.000	75.520	438.550	69.810	132.460	640.820	75.520		
75.530	0.000	0.000	0.000	0.000	75.530	434.970	69.810	128.880	633.660	75.530		
75.540	0.000	0.000	0.000	0.000	75.540	431.390	71.600	128.880	631.870	75.540		
75.550	0.000	0.000	0.000	0.000	75.550	429.600	73.390	127.090	630.080	75.550		
75.560	0.000	0.000	0.000	0.000	75.560	424.230	73.390	121.720	619.340	75.560		
75.570	0.000	0.000	0.000	0.000	75.570	418.860	76.970	116.350	612.180	75.570		
75.580	0.000	0.000	0.000	0.000	75.580	420.000	82.320	114.240	616.560	75.580		
75.590	0.000	0.000	0.000	0.000	75.590	416.640	87.360	105.840	609.840	75.590		
75.600	0.000	0.000	0.000	0.000	75.600	411.600	89.040	102.480	603.120	75.600		
75.610	0.000	0.000	7.260	7.260	75.610	409.920	92.400	92.400	594.720	75.610		
75.620	0.000	0.000	11.880	11.880	75.620	406.560	97.440	84.000	588.000	75.620		
75.630	0.000	1.980	19.800	21.780	75.630	399.840	97.440	77.280	574.560	75.630		
75.640	0.000	1.980	29.700	31.680	75.640	391.440	99.120	68.880	559.440	75.640		
75.650	0.000	4.620	36.960	41.580	75.650	381.360	99.120	63.840	544.320	75.650		
75.660	0.000	4.620	49.500	54.120	75.660	369.600	99.120	53.760	522.480	75.660		
75.670	1.980	4.620	67.320	73.920	75.670	351.120	99.120	48.720	498.960	75.670		
75.680	1.980	7.260	87.120	96.360	75.680	334.320	99.120	43.680	477.120	75.680		
75.690	4.620	9.900	114.840	129.360	75.690	314.160	97.440	36.960	448.560	75.690		
75.700	4.620	11.880	141.900	158.400	75.700	292.320	94.080	33.600	420.000	75.700		
75.710	4.620	14.520	165.000	184.140	75.710	267.120	89.040	28.560	384.720	75.710		
75.720	3.940	19.700	191.090	214.730	75.720	236.880	84.000	23.520	344.400	75.720		
75.730	3.940	23.640	214.730	242.310	75.730	200.000	76.800	20.000	296.800	75.730		
75.740	5.910	31.520	236.400	273.830	75.740	164.800	72.000	14.400	251.200	75.740		
75.750	5.910	33.490	258.070	297.470	75.750	132.000	67.200	12.000	211.200	75.750		
75.760	5.910	37.430	281.710	325.050	75.760	102.400	62.400	12.000	176.800	75.760		
75.770	5.910	41.370	309.290	356.570	75.770	74.400	60.000	12.000	146.400	75.770		
75.780	9.850	47.280	336.870	394.000	75.780	52.000	56.800	9.600	118.400	75.780		
75.790	9.850	49.250	366.420	425.520	75.790	40.000	54.400	12.000	106.400	75.790		
75.800	11.820	51.220	392.030	455.070	75.800	27.200	49.600	9.600	86.400	75.800		
75.810	11.820	57.130	419.610	488.560	75.810	16.800	47.200	12.000	76.000	75.810		
75.820	13.790	61.070	441.280	516.140	75.820	12.000	42.400	14.400	68.800	75.820		
75.830	13.790	61.070	459.010	533.870	75.830	4.800	34.400	14.400	53.600	75.830		
75.840	13.790	63.040	474.770	551.600	75.840	4.800	32.000	14.400	51.200	75.840		
75.850	13.790	63.040	486.590	563.420	75.850	2.400	29.600	12.000	44.000	75.850		
75.860	13.790	63.040	492.500	569.330	75.860	2.400	27.200	9.600	39.200	75.860		
75.870	17.040	61.770	496.290	575.100	75.870	2.400	22.400	4.800	29.600	75.870		
75.880	14.910	59.640	504.810	579.360	75.880	2.480	20.000	0.000	22.480	75.880		
75.890	14.910	55.380	511.200	581.490	75.890	2.480	17.440	0.000	19.920	75.890		
75.900	17.040	53.250	515.460	585.750	75.900	2.480	14.960	0.000	17.440	75.900		
75.910	17.040	51.120	523.980	592.140	75.910	0.000	12.480	0.000	12.480	75.910		
75.920	17.040	48.990	528.240	594.270	75.920	0.000	12.480	0.000	12.480	75.920		
75.930	17.040	48.990	532.500	598.530	75.930	0.000	12.480	0.000	12.480	75.930		
75.940	19.170	48.990	532.500	600.660	75.940	0.000	10.000	0.000	10.000	75.940		
75.950	19.170	46.860	532.500	598.530	75.950	0.000	12.480	0.000	12.480	75.950		
75.960	19.170	46.860	526.110	592.140	75.960	0.000	10.000	0.000	10.000	75.960		
75.970	19.170	46.860	523.980	590.010	75.970	0.000	10.000	0.000	10.000	75.970		
75.980	19.170	44.730	519.720	583.620	75.980	0.000	7.440	0.000	7.440	75.980		
75.990	19.170	44.730	513.330	577.230	75.990	0.000	10.000	0.000	10.000	75.990		
76.000	19.170	44.730	509.070	572.970	76.000	0.000	7.440	0.000	7.440	76.000		
76.010	21.300	44.730	504.810	570.840	76.010	0.000	7.440	0.000	7.440	76.010		
76.020	22.000	42.000	500.000	564.000	76.020	0.000	7.440	0.000	7.440	76.020		
76.030	22.000	44.000	496.000	562.000	76.030	0.000	7.500	0.000	7.500	76.030		
76.040	24.000	44.000	492.000	560.000	76.040	0.000	7.500	0.000	7.500	76.040		
76.050	24.000	46.000	490.000	560.000	76.050	0.000	7.500	0.000	7.500	76.050		
76.060	24.000	46.000	484.000	554.000	76.060	0.000	4.980	0.000	4.980	76.060		
76.070	24.000	46.000	480.000	550.000	76.070	0.000	7.500	0.000	7.500	76.070		
76.080	24.000	50.000	474.000	548.000	76.080	0.000	7.500	0.000	7.500	76.080		
76.090	26.000	50.000	470.000	546.000	76.090	0.000	7.500	0.000	7.500	76.090		
76.100	30.000	52.000	462.000	544.000	76.100	0.000	7.500	0.000	7.500	76.100		
76.110	26.000	54.000	460.000	540.000	76.110	0.000	4.980	0.000	4.980	76.110		
76.120	30.000	54.000	454.000	538.000	76.120	0.000	4.980	0.000	4.980	76.120		
76.130	32.000	56.000	452.000	540.000	76.130	0.000	4.980	0.000	4.980	76.130		
76.140	34.000	60.000	446.000	540.000	76.140	0.000	4.980	0.000	4.980	76.140		
76.150	40.000	62.000	442.000	544.000	76.150	0.000	4.980	0.000	4.980	76.150		
76.160	42.000	64.000	436.000	542.000	76.160	0.000	4.980	0.000	4.980	76.160		
76.170	49.880	67.080	430.000	546.960	76.170	0.000	4.980	0.000	4.980	76.170		
76.180	56.760	73.960	421.400	552.120	76.180	0.000	4.940	0.000	4.940	76.180		
76.190	63.640	80.840	409.360	553.840	76.190	0.000	4.940	0.000	4.940	76.190		
76.200	73.960	91.160	393.880	559.000	76.200	0.000	4.940	0.000	4.940	76.200		
76.210	84.280	99.760	374.960	559.000	76.210	0.000	4.940	0.000	4.940	76.210		
76.220	96.320	108.360	350.880	555.560	76.220	0.000	4.940	0.000	4.940	76.220		
76.230	113.520	118.680	328.520	560.720	76.230	0.000	4.940	0.000	4.940	76.230		
76.240	132.440	127.280	304.440	564.160	76.240	0.000	2.470	0.000	2.470	76.240		
76.250	151.360	132.440	278.640	562.440	76.250	0.000	4.940	0.000	4.940	76.250		
76.260	172.000	135.880	251.120	559.000	76.260	0.000	4.940	0.000	4.940	76.260		
76.270	194.360	135.880	227.040	557.280	76.270	0.000	4.940	0.000	4.940	76.270		
76.280	216.720	135.880	199.520	552.120	76.280	0.000	4.940	0.000	4.940	76.280		
76.290	239.080	134.160	173.720	546.960	76.290	0.000	4.940	0.000	4.940	76.290		
76.300	266.600	129.000	146.200	541.800	76.300	0.000	4.940	0.000	4.940	76.300		
76.310	292.400	123.840	122.120	538.360	76.310	17.480	4.940	0.000	22.420	76.310		
76.320	316.030	114.920	96.330	527.280	76.320	47.500	4.940	0.000	52.440	76.320		
76.330	339.690	104.780	76.050	520.520	76.330	82.160	1.580	0.000	83.740	76.330		
76.340	361.660	96.330	59.150	517.140	76.340	121.660	1.580	0.000	123.240	76.340		
76.350	378.560	84.500	43.940	507.000	76.350	156.420	1.580	0.000	158.000	76.350		
76.360	397.150	69.290	37.180	503.620	76.360	186.440	1.580	0.000	188.020	76.360		
76.370	407.290	57.460	28.730	493.480	76.370	216.460	4.740	0.000	221.200	76.370		
76.380	417.430	47.320	21.970	486.720	76.380	249.640	6.320	0.000	255.960	76.380		
76.390	422.500	33.800	13.520	469.820	76.390	271.760	9.480	0.000	281.240	76.390		
76.400	422.500	27.040	6.760	456.300	76.400	284.400	11.060	0.000	295.460	76.400		
76.410	419.120	18.590	3.380	441.090	76.410	297.040	14.220	0.000	311.260	76.410		
76.420	408.980	11.830	0.000	420.810	76.420	309.680	18.960	1.580	330.220	76.420		
76.430	397.150	8.450	0.000	405.600	76.430	327.060	23.700	1.580	352.340	76.430		
76.440	381.940	3.380	0.000	385.320	76.440	344.440	34.760	6.320	385.520	76.440		
76.450	363.350	1.690	0.000	365.040	76.450	364.980	39.500	9.480	413.960	76.450		
76.460	341.380	0.000	0.000	341.380	76.460	379.200	44.240	11.060	434.500	76.460		
76.470	310.000	0.000	0.000	310.000	76.470	395.000	52.140	14.220	461.360	76.470		
76.480	274.040	0.000	0.000	274.040	76.480	408.480	58.880	16.560	483.920	76.480		
76.490	244.280	0.000	0.000	244.280	76.490	419.520	64.400	18.400	502.320	76.490		
76.500	207.080	0.000	0.000	207.080	76.500	428.720	71.760	23.920	524.400	76.500		
76.510	169.880	0.000	0.000	169.880	76.510	434.240	79.120	23.920	537.280	76.510		
76.520	131.440	0.000	0.000	131.440	76.520	439.760	84.640	29.440	553.840	76.520		
76.530	94.240	0.000	0.000	94.240	76.530	441.600	92.000	31.280	564.880	76.530		
76.540	64.480	0.000	0.000	64.480	76.540	443.440	99.360	34.960	577.760	76.540		
76.550	39.680	0.000	0.000	39.680	76.550	447.120	101.200	36.800	585.120	76.550		
76.560	24.800	0.000	0.000	24.800	76.560	447.120	106.720	38.640	592.480	76.560		
76.570	12.400	2.480	2.480	17.360	76.570	450.800	108.560	38.640	598.000	76.570		
76.580	4.960	2.480	2.480	9.920	76.580	450.800	108.560	42.320	601.680	76.580		
76.590	0.000	0.000	2.480	2.480	76.590	456.320	108.560	46.000	610.880	76.590		
76.600	0.000	2.480	2.480	4.960	76.600	456.320	106.720	46.000	609.040	76.600		
76.610	2.480	2.480	0.000	4.960	76.610	460.000	104.880	49.680	614.560	76.610		
76.620	0.000	2.500	0.000	2.500	76.620	456.320	99.360	53.360	609.040	76.620		
76.630	0.000	2.500	0.000	2.500	76.630	455.000	94.640	56.420	606.060	76.630		
76.640	0.000	2.500	0.000	2.500	76.640	451.360	91.000	56.420	598.780	76.640		
76.650	0.000	2.500	0.000	2.500	76.650	449.540	87.360	58.240	595.140	76.650		
76.660	0.000	2.500	0.000	2.500	76.660	445.900	81.900	58.240	586.040	76.660		
76.670	0.000	0.000	0.000	0.000	76.670	444.080	81.900	63.700	589.680	76.670		
76.680	0.000	2.500	0.000	2.500	76.680	436.800	78.260	69.160	584.220	76.680		
76.690	0.000	0.000	0.000	0.000	76.690	429.520	81.900	69.160	580.580	76.690		
76.700	0.000	2.500	0.000	2.500	76.700	422.240	83.720	74.620	580.580	76.700		
76.710	0.000	0.000	0.000	0.000	76.710	411.320	87.360	78.260	576.940	76.710		
76.720	0.000	2.500	0.000	2.500	76.720	402.220	89.180	87.360	578.760	76.720		
76.730	0.000	2.500	0.000	2.500	76.730	389.480	94.640	94.640	578.760	76.730		
76.740	0.000	2.500	0.000	2.500	76.740	378.560	98.280	101.920	578.760	76.740		
76.750	0.000	2.500	0.000	2.500	76.750	365.820	101.920	107.380	575.120	76.750		
76.760	0.000	2.500	0.000	2.500	76.760	356.720	103.740	116.480	576.940	76.760		
76.770	0.000	2.500	0.000	2.500	76.770	343.980	109.200	123.760	576.940	76.770		
76.780	0.000	0.000	0.000	0.000	76.780	331.650	113.850	136.950	582.450	76.780		
76.790	0.000	0.000	0.000	0.000	76.790	318.450	117.150	148.500	584.100	76.790		
76.800	0.000	0.000	0.000	0.000	76.800	303.600	122.100	161.700	587.400	76.800		
76.810	0.000	0.000	0.000	0.000	76.810	292.050	127.050	176.550	595.650	76.810		
76.820	0.000	2.500	0.000	2.500	76.820	273.900	128.700	191.400	594.000	76.820		
76.830	0.000	2.500	0.000	2.500	76.830	257.400	132.000	206.250	595.650	76.830		
76.840	0.000	2.500	0.000	2.500	76.840	239.250	133.650	226.050	598.950	76.840		
76.850	0.000	0.000	0.000	0.000	76.850	219.450	132.000	247.500	598.950	76.850		
76.860	0.000	2.500	0.000	2.500	76.860	201.300	133.650	267.300	602.250	76.860		
76.870	0.000	2.500	0.000	2.500	76.870	184.800	133.650	287.100	605.550	76.870		
76.880	0.000	2.500	0.000	2.500	76.880	165.000	132.000	308.550	605.550	76.880		
76.890	0.000	2.500	0.000	2.500	76.890	146.850	132.000	331.650	610.500	76.890		
76.900	0.000	2.500	0.000	2.500	76.900	127.050	128.700	359.700	615.450	76.900		
76.910	0.000	2.500	0.000	2.500	76.910	107.250	127.050	386.100	620.400	76.910		
76.920	0.000	2.440	0.000	2.440	76.920	89.100	123.750	412.500	625.350	76.920		
76.930	0.000	2.440	0.000	2.440	76.930	71.920	119.040	441.440	632.400	76.930		
76.940	0.000	2.440	0.000	2.440	76.940	62.000	114.080	468.720	644.800	76.940		
76.950	0.000	2.440	0.000	2.440	76.950	54.560	106.640	493.520	654.720	76.950		
76.960	0.000	0.000	0.000	0.000	76.960	49.600	99.200	518.320	667.120	76.960		
76.970	0.000	0.000	0.000	0.000	76.970	42.160	89.280	540.640	672.080	76.970		
76.980	0.000	0.000	0.000	0.000	76.980	37.200	79.360	562.960	679.520	76.980		
76.990	0.000	0.000	0.000	0.000	76.990	29.760	69.440	582.800	682.000	76.990		
77.000	0.000	0.000	0.000	0.000	77.000	22.320	59.520	595.200	677.040	77.000		
77.010	0.000	0.000	0.000	0.000	77.010	17.360	52.080	605.120	674.560	77.010		
77.020	0.000	2.440	12.200	14.640	77.020	9.920	47.120	615.040	672.080	77.020		
77.030	0.000	4.880	52.460	57.340	77.030	4.960	39.680	620.000	664.640	77.030		
77.040	0.000	4.880	94.550	99.430	77.040	0.000	34.720	615.040	649.760	77.040		
77.050	0.000	4.880	127.490	132.370	77.050	0.000	27.280	607.600	634.880	77.050		
77.060	0.000	7.320	152.500	159.820	77.060	0.000	22.320	590.240	612.560	77.060		
77.070	0.000	5.790	189.140	194.930	77.070	0.000	17.360	562.960	580.320	77.070		
77.080	0.000	9.650	231.600	241.250	77.080	0.000	8.520	532.500	541.020	77.080		
77.090	1.930	11.580	266.340	279.850	77.090	0.000	6.390	485.640	492.030	77.090		
77.100	3.860	17.370	297.220	318.450	77.100	0.000	4.260	434.520	438.780	77.100		
77.110	3.860	23.160	318.450	345.470	77.110	0.000	2.130	377.010	379.140	77.110		
77.120	5.790	30.880	339.680	376.350	77.120	0.000	0.000	308.850	308.850	77.120		
77.130	11.580	42.460	358.980	413.020	77.130	0.000	0.000	244.950	244.950	77.130		
77.140	13.510	55.970	384.070	453.550	77.140	0.000	0.000	178.920	178.920	77.140		
77.150	17.370	71.410	409.160	497.940	77.150	0.000	0.000	121.410	121.410	77.150		
77.160	19.300	86.850	426.530	532.680	77.160	0.000	0.000	80.940	80.940	77.160		
77.170	23.160	96.500	438.110	557.770	77.170	0.000	2.130	48.990	51.120	77.170		
77.180	28.950	106.150	453.550	588.650	77.180	0.000	2.130	31.950	34.080	77.180		
77.190	28.950	111.940	467.060	607.950	77.190	2.130	2.130	17.040	21.300	77.190		
77.200	30.880	115.800	474.780	621.460	77.200	4.260	2.130	6.390	12.780	77.200		
77.210	34.740	115.800	482.500	633.040	77.210	2.130	2.130	2.130	6.390	77.210		
77.220	34.920	116.400	485.000	636.320	77.220	2.130	0.000	2.130	4.260	77.220		
77.230	34.920	110.580	485.000	630.500	77.230	2.500	2.500	2.500	7.500	77.230		
77.240	36.860	108.640	481.120	626.620	77.240	2.500	2.500	2.500	7.500	77.240		
77.250	36.860	104.760	477.240	618.860	77.250	2.500	2.500	2.500	7.500	77.250		
77.260	36.860	100.880	469.480	607.220	77.260	0.000	2.500	2.500	5.000	77.260		
77.270	38.800	98.940	459.780	597.520	77.270	0.000	2.500	0.000	2.500	77.270		
77.280	40.740	97.000	446.200	583.940	77.280	2.500	2.500	0.000	5.000	77.280		
77.290	44.620	93.120	434.560	572.300	77.290	0.000	2.500	0.000	2.500	77.290		
77.300	44.620	93.120	419.040	556.780	77.300	0.000	2.500	0.000	2.500	77.300		
77.310	48.500	93.120	403.520	545.140	77.310	0.000	2.500	0.000	2.500	77.310		
77.320	48.500	97.000	389.940	535.440	77.320	0.000	2.500	0.000	2.500	77.320		
77.330	54.320	98.940	372.480	525.740	77.330	0.000	2.500	0.000	2.500	77.330		
77.340	56.260	106.700	356.960	519.920	77.340	2.500	2.500	0.000	5.000	77.340		
77.350	64.020	108.640	335.620	508.280	77.350	0.000	2.500	0.000	2.500	77.350		
77.360	69.840	116.400	322.040	508.280	77.360	0.000	2.500	0.000	2.500	77.360		
77.370	71.340	121.770	307.500	500.610	77.370	0.000	2.500	0.000	2.500	77.370		
77.380	77.490	126.690	291.510	495.690	77.380	0.000	2.500	0.000	2.500	77.380		
77.390	84.870	131.610	279.210	495.690	77.390	0.000	2.500	0.000	2.500	77.390		
77.400	89.790	136.530	266.910	493.230	77.400	0.000	2.500	0.000	2.500	77.400		
77.410	97.170	141.450	259.530	498.150	77.410	0.000	2.500	0.000	2.500	77.410		
77.420	104.550	146.370	247.230	498.150	77.420	0.000	2.500	0.000	2.500	77.420		
77.430	111.930	148.830	237.390	498.150	77.430	0.000	2.500	0.000	2.500	77.430		
77.440	119.310	154.980	226.320	500.610	77.440	0.000	2.500	0.000	2.500	77.440		
77.450	131.610	159.900	216.480	507.990	77.450	0.000	2.500	0.000	2.500	77.450		
77.460	141.450	162.360	206.640	510.450	77.460	0.000	2.500	0.000	2.500	77.460		
77.470	154.980	167.280	194.340	516.600	77.470	0.000	2.500	0.000	2.500	77.470		
77.480	167.280	172.200	179.580	519.060	77.480	0.000	2.500	0.000	2.500	77.480		
77.490	179.580	174.660	164.820	519.060	77.490	0.000	2.500	0.000	2.500	77.490		
77.500	196.800	177.120	146.370	520.290	77.500	0.000	2.500	0.000	2.500	77.500		
77.510	214.020	179.580	129.150	522.750	77.510	0.000	2.500	0.000	2.500	77.510		
77.520	235.750	184.500	110.700	530.950	77.520	0.000	2.500	0.000	2.500	77.520		
77.530	258.300	184.500	96.350	539.150	77.530	0.000	1.760	0.000	1.760	77.530		
77.540	278.800	186.550	82.000	547.350	77.540	0.000	1.760	0.000	1.760	77.540		
77.550	303.400	184.500	69.700	557.600	77.550	0.000	1.760	0.000	1.760	77.550		
77.560	328.000	182.450	57.400	567.850	77.560	0.000	1.760	0.000	1.760	77.560		
77.570	356.700	174.250	47.150	578.100	77.570	0.000	1.760	0.000	1.760	77.570		
77.580	379.250	164.000	36.900	580.150	77.580	0.000	1.760	0.000	1.760	77.580		
77.590	401.800	149.650	26.650	578.100	77.590	0.000	1.760	0.000	1.760	77.590		
77.600	426.400	137.350	16.400	580.150	77.600	0.000	1.760	0.000	1.760	77.600		
77.610	446.900	120.950	8.200	576.050	77.610	0.000	1.760	0.000	1.760	77.610		
77.620	467.400	106.600	2.050	576.050	77.620	1.760	1.760	0.000	3.520	77.620		
77.630	485.850	88.150	0.000	574.000	77.630	29.920	4.400	0.000	34.320	77.630		
77.640	502.250	73.800	0.000	576.050	77.640	87.120	4.400	0.000	91.520	77.640		
77.650	508.400	61.500	0.000	569.900	77.650	152.240	4.400	0.000	156.640	77.650		
77.660	512.500	51.250	0.000	563.750	77.660	189.200	1.760	0.000	190.960	77.660		
77.670	505.000	38.380	0.000	543.380	77.670	220.000	4.400	0.000	224.400	77.670		
77.680	484.800	28.280	0.000	513.080	77.680	274.720	2.020	0.000	276.740	77.680		
77.690	460.560	22.220	0.000	482.780	77.690	329.260	6.060	0.000	335.320	77.690		
77.700	428.240	14.140	0.000	442.380	77.700	373.700	12.120	0.000	385.820	77.700		
77.710	391.880	6.060	0.000	397.940	77.710	414.100	24.240	2.020	440.360	77.710		
77.720	349.460	4.040	0.000	353.500	77.720	438.340	36.360	2.020	476.720	77.720		
77.730	294.920	2.020	0.000	296.940	77.730	454.500	54.540	6.060	515.100	77.730		
77.740	234.320	0.000	0.000	234.320	77.740	464.600	70.700	12.120	547.420	77.740		
77.750	175.740	0.000	0.000	175.740	77.750	470.660	84.840	18.180	573.680	77.750		
77.760	117.160	0.000	0.000	117.160	77.760	478.740	96.960	24.240	599.940	77.760		
77.770	70.700	0.000	0.000	70.700	77.770	486.820	103.020	32.320	622.160	77.770		
77.780	44.440	0.000	0.000	44.440	77.780	494.900	113.120	36.360	644.380	77.780		
77.790	24.240	0.000	0.000	24.240	77.790	500.960	119.180	42.420	662.560	77.790		
77.800	12.120	0.000	4.040	16.160	77.800	505.000	123.220	46.460	674.680	77.800		
77.810	4.040	0.000	2.020	6.060	77.810	505.000	127.260	50.500	682.760	77.810		
77.820	2.500	0.000	2.500	5.000	77.820	498.940	129.280	54.540	682.760	77.820		
77.830	2.500	0.000	2.500	5.000	77.830	487.500	130.650	58.500	676.650	77.830		
77.840	0.000	0.000	0.000	0.000	77.840	471.900	134.550	62.400	668.850	77.840		
77.850	0.000	0.000	0.000	0.000	77.850	452.400	134.550	66.300	653.250	77.850		
77.860	0.000	0.000	2.500	2.500	77.860	434.850	136.500	68.250	639.600	77.860		
77.870	0.000	0.000	0.000	0.000	77.870	413.400	136.500	68.250	618.150	77.870		
77.880	0.000	0.000	0.000	0.000	77.880	395.850	136.500	68.250	600.600	77.880		
77.890	0.000	0.000	0.000	0.000	77.890	378.300	134.550	74.100	586.950	77.890		
77.900	0.000	0.000	0.000	0.000	77.900	360.750	130.650	76.050	567.450	77.900		
77.910	0.000	0.000	0.000	0.000	77.910	347.100	130.650	76.050	553.800	77.910		
77.920	0.000	0.000	0.000	0.000	77.920	331.500	130.650	81.900	544.050	77.920		
77.930	0.000	0.000	0.000	0.000	77.930	315.900	130.650	83.850	530.400	77.930		
77.940	0.000	0.000	0.000	0.000	77.940	304.200	130.650	89.700	524.550	77.940		
77.950	0.000	0.000	0.000	0.000	77.950	288.600	136.500	93.600	518.700	77.950		
77.960	0.000	0.000	0.000	0.000	77.960	276.900	138.450	101.400	516.750	77.960		
77.970	0.000	0.000	0.000	0.000	77.970	267.150	138.450	107.250	512.850	77.970		
77.980	0.000	0.000	0.000	0.000	77.980	257.020	142.000	113.600	512.620	77.980		
77.990	0.000	0.000	0.000	0.000	77.990	249.920	144.840	124.960	519.720	77.990		
78.000	0.000	0.000	0.000	0.000	78.000	241.400	146.260	132.060	519.720	78.000		
78.010	0.000	0.000	0.000	0.000	78.010	237.140	149.100	142.000	528.240	78.010		
78.020	0.000	0.000	0.000	0.000	78.020	227.200	151.940	151.940	531.080	78.020		
78.030	0.000	0.000	0.000	0.000	78.030	218.680	156.200	164.720	539.600	78.030		
78.040	0.000	0.000	0.000	0.000	78.040	208.740	159.040	177.500	545.280	78.040		
78.050	0.000	0.000	0.000	0.000	78.050	198.800	161.880	194.540	555.220	78.050		
78.060	0.000	0.000	0.000	0.000	78.060	184.600	166.140	214.420	565.160	78.060		
78.070	0.000	0.000	0.000	0.000	78.070	168.980	168.980	234.300	572.260	78.070		
78.080	0.000	0.000	0.000	0.000	78.080	151.940	171.820	254.180	577.940	78.080		
78.090	0.000	0.000	0.000	0.000	78.090	134.900	174.660	274.060	583.620	78.090		
78.100	0.000	0.000	0.000	0.000	78.100	116.440	174.660	299.620	590.720	78.100		
78.110	0.000	0.000	0.000	0.000	78.110	93.720	171.820	323.760	589.300	78.110		
78.120	0.000	0.000	0.000	0.000	78.120	79.520	164.720	355.000	599.240	78.120		
78.130	2.040	0.000	0.000	2.040	78.130	62.660	154.240	385.600	602.500	78.130		
78.140	2.040	0.000	0.000	2.040	78.140	50.610	142.190	419.340	612.140	78.140		
78.150	2.040	0.000	0.000	2.040	78.150	43.380	127.730	445.850	616.960	78.150		
78.160	2.040	0.000	0.000	2.040	78.160	36.150	118.090	477.180	631.420	78.160		
78.170	2.040	0.000	0.000	2.040	78.170	31.330	103.630	501.280	636.240	78.170		
78.180	4.760	0.000	0.000	4.760	78.180	24.100	91.580	525.380	641.060	78.180		
78.190	4.760	0.000	0.000	4.760	78.190	16.870	81.940	549.480	648.290	78.190		
78.200	2.040	0.000	0.000	2.040	78.200	12.050	69.890	568.760	650.700	78.200		
78.210	4.760	0.000	0.000	4.760	78.210	7.230	57.840	585.630	650.700	78.210		
78.220	4.760	0.000	0.000	4.760	78.220	4.820	48.200	592.860	645.880	78.220		
78.230	2.040	0.000	14.960	17.000	78.230	0.000	43.380	602.500	645.880	78.230		
78.240	0.000	0.000	59.840	59.840	78.240	0.000	33.740	602.500	636.240	78.240		
78.250	0.000	0.000	119.680	119.680	78.250	0.000	28.920	592.860	621.780	78.250		
78.260	0.000	0.000	170.000	170.000	78.260	0.000	19.280	578.400	597.680	78.260		
78.270	0.000	1.870	220.660	222.530	78.270	0.000	12.050	554.300	566.350	78.270		
78.280	0.000	3.740	269.280	273.020	78.280	0.000	4.100	512.500	516.600	78.280		
78.290	0.000	7.480	314.160	321.640	78.290	0.000	0.000	463.300	463.300	78.290		
78.300	1.870	11.220	351.560	364.650	78.300	0.000	0.000	405.900	405.900	78.300		
78.310	1.870	18.700	379.610	400.180	78.310	0.000	0.000	342.350	342.350	78.310		
78.320	3.740	29.920	394.570	428.230	78.320	0.000	0.000	268.550	268.550	78.320		
78.330	7.480	41.140	405.790	454.410	78.330	0.000	0.000	198.850	198.850	78.330		
78.340	9.350	54.230	420.750	484.330	78.340	0.000	0.000	141.450	141.450	78.340		
78.350	11.220	71.060	439.450	521.730	78.350	0.000	0.000	92.250	92.250	78.350		
78.360	14.960	91.630	454.410	561.000	78.360	0.000	0.000	59.450	59.450	78.360		
78.370	18.700	106.590	463.760	589.050	78.370	0.000	0.000	36.900	36.900	78.370		
78.380	22.440	121.550	463.760	607.750	78.380	6.150	0.000	20.500	26.650	78.380		
78.390	29.920	134.640	467.500	632.060	78.390	4.100	2.050	14.350	20.500	78.390		
78.400	33.660	145.860	463.760	643.280	78.400	2.050	0.000	8.200	10.250	78.400		
78.410	39.270	153.340	456.280	648.890	78.410	4.100	0.000	6.150	10.250	78.410		
78.420	46.280	163.760	445.000	655.040	78.420	2.050	0.000	4.100	6.150	78.420		
78.430	53.400	169.100	427.200	649.700	78.430	2.500	0.000	5.000	7.500	78.430		
78.440	58.740	176.220	405.840	640.800	78.440	2.500	0.000	5.000	7.500	78.440		
78.450	64.080	179.780	380.920	624.780	78.450	2.500	0.000	2.500	5.000	78.450		
78.460	69.420	183.340	359.560	612.320	78.460	2.500	0.000	2.500	5.000	78.460		
78.470	74.760	186.900	336.420	598.080	78.470	2.500	0.000	2.500	5.000	78.470		
78.480	76.540	188.680	311.500	576.720	78.480	2.500	0.000	2.500	5.000	78.480		
78.490	81.880	192.240	288.360	562.480	78.490	2.500	0.000	0.000	2.500	78.490		
78.500	83.660	194.020	267.000	544.680	78.500	2.500	0.000	0.000	2.500	78.500		
78.510	89.000	195.800	247.420	532.220	78.510	2.500	0.000	0.000	2.500	78.510		
78.520	94.340	199.360	226.060	519.760	78.520	2.500	0.000	0.000	2.500	78.520		
78.530	99.680	204.700	208.260	512.640	78.530	2.500	0.000	0.000	2.500	78.530		
78.540	101.460	206.480	194.020	501.960	78.540	2.500	0.000	0.000	2.500	78.540		
78.550	106.800	206.480	179.780	493.060	78.550	2.500	0.000	0.000	2.500	78.550		
78.560	108.580	211.820	169.100	489.500	78.560	2.500	0.000	0.000	2.500	78.560		
78.570	116.600	214.500	157.300	488.400	78.570	2.500	0.000	0.000	2.500	78.570		
78.580	119.900	216.700	147.400	484.000	78.580	0.000	0.000	0.000	0.000	78.580		
78.590	124.300	220.000	137.500	481.800	78.590	0.000	0.000	0.000	0.000	78.590		
78.600	134.200	220.000	129.800	484.000	78.600	0.000	0.000	0.000	0.000	78.600		
78.610	141.900	220.000	119.900	481.800	78.610	0.000	0.000	0.000	0.000	78.610		
78.620	149.600	220.000	112.200	481.800	78.620	0.000	0.000	0.000	0.000	78.620		
78.630	161.700	220.000	104.500	486.200	78.630	0.000	0.000	0.000	0.000	78.630		
78.640	171.600	216.700	96.800	485.100	78.640	0.000	0.000	0.000	0.000	78.640		
78.650	184.800	214.500	86.900	486.200	78.650	0.000	0.000	0.000	0.000	78.650		
78.660	196.900	212.300	79.200	488.400	78.660	0.000	0.000	0.000	0.000	78.660		
78.670	212.300	206.800	71.500	490.600	78.670	0.000	0.000	0.000	0.000	78.670		
78.680	229.900	204.600	61.600	496.100	78.680	0.000	0.000	0.000	0.000	78.680		
78.690	244.200	199.100	57.200	500.500	78.690	0.000	0.000	0.000	0.000	78.690		
78.700	259.600	194.700	49.500	503.800	78.700	0.000	0.000	0.000	0.000	78.700		
78.710	275.000	187.000	41.800	503.800	78.710	0.000	0.000	0.000	0.000	78.710		
78.720	293.940	182.160	33.120	509.220	78.720	0.000	0.000	0.000	0.000	78.720		
78.730	310.500	175.950	28.980	515.430	78.730	0.000	0.000	0.000	0.000	78.730		
78.740	329.130	165.600	20.700	515.430	78.740	0.000	0.000	0.000	0.000	78.740		
78.750	351.900	157.320	14.490	523.710	78.750	0.000	0.000	0.000	0.000	78.750		
78.760	374.670	146.970	6.210	527.850	78.760	0.000	0.000	0.000	0.000	78.760		
78.770	397.440	134.550	4.140	536.130	78.770	0.000	0.000	0.000	0.000	78.770		
78.780	418.140	117.990	2.070	538.200	78.780	0.000	0.000	0.000	0.000	78.780		
78.790	442.980	105.570	0.000	548.550	78.790	4.320	0.000	0.000	4.320	78.790		
78.800	465.750	91.080	0.000	556.830	78.800	18.720	0.000	0.000	18.720	78.800		
78.810	484.380	78.660	0.000	563.040	78.810	51.840	1.440	0.000	53.280	78.810		
78.820	498.870	64.170	0.000	563.040	78.820	103.680	1.440	0.000	105.120	78.820		
78.830	511.290	53.820	0.000	565.110	78.830	167.040	1.440	0.000	168.480	78.830		
78.840	517.500	41.400	0.000	558.900	78.840	221.760	0.000	0.000	221.760	78.840		
78.850	509.220	28.980	0.000	538.200	78.850	264.960	1.440	0.000	266.400	78.850		
78.860	494.730	18.630	0.000	513.360	78.860	309.600	4.320	0.000	313.920	78.860		
78.870	460.000	9.200	0.000	469.200	78.870	360.000	14.400	1.440	375.840	78.870		
78.880	419.520	3.680	0.000	423.200	78.880	393.720	30.880	3.860	428.460	78.880		
78.890	373.520	0.000	0.000	373.520	78.890	407.230	52.110	5.790	465.130	78.890		
78.900	314.640	0.000	0.000	314.640	78.900	414.950	71.410	19.300	505.660	78.900		
78.910	248.400	0.000	0.000	248.400	78.910	416.880	86.850	23.160	526.890	78.910		
78.920	184.000	0.000	0.000	184.000	78.920	424.600	98.430	36.670	559.700	78.920		
78.930	123.280	0.000	0.000	123.280	78.930	436.180	111.940	46.320	594.440	78.930		
78.940	79.120	0.000	0.000	79.120	78.940	451.620	119.660	55.970	627.250	78.940		
78.950	46.000	0.000	0.000	46.000	78.950	467.060	129.310	63.690	660.060	78.950		
78.960	25.760	0.000	0.000	25.760	78.960	476.710	133.170	71.410	681.290	78.960		
78.970	11.040	0.000	1.840	12.880	78.970	482.500	137.030	77.200	696.730	78.970		
78.980	3.680	0.000	3.680	7.360	78.980	478.640	140.890	84.920	704.450	78.980		
78.990	1.840	0.000	1.840	3.680	78.990	468.990	144.750	90.710	704.450	78.990		
79.000	1.840	0.000	1.840	3.680	79.000	453.550	146.680	94.570	694.800	79.000		
79.010	0.000	0.000	1.840	1.840	79.010	436.180	148.610	102.290	687.080	79.010		
79.020	0.000	0.000	0.000	0.000	79.020	418.810	152.470	102.290	673.570	79.020		
79.030	0.000	0.000	2.500	2.500	79.030	397.500	149.460	109.710	656.670	79.030		
79.040	0.000	0.000	0.000	0.000	79.040	376.830	146.280	111.300	634.410	79.040		
79.050	0.000	0.000	2.500	2.500	79.050	356.160	144.690	114.480	615.330	79.050		
79.060	0.000	0.000	2.500	2.500	79.060	333.900	139.920	116.070	589.890	79.060		
79.070	0.000	0.000	2.500	2.500	79.070	316.410	136.740	122.430	575.580	79.070		
79.080	0.000	0.000	2.500	2.500	79.080	297.330	136.740	127.200	561.270	79.080		
79.090	0.000	0.000	2.500	2.500	79.090	279.840	133.560	128.790	542.190	79.090		
79.100	0.000	0.000	2.500	2.500	79.100	262.350	133.560	133.560	529.470	79.100		
79.110	0.000	0.000	0.000	0.000	79.110	246.450	131.970	136.740	515.160	79.110		
79.120	0.000	0.000	2.500	2.500	79.120	233.730	133.560	141.510	508.800	79.120		
79.130	0.000	0.000	0.000	0.000	79.130	221.010	136.740	146.280	504.030	79.130		
79.140	0.000	0.000	2.500	2.500	79.140	211.470	136.740	151.050	499.260	79.140		
79.150	0.000	0.000	2.500	2.500	79.150	201.930	139.920	159.000	500.850	79.150		
79.160	0.000	0.000	2.500	2.500	79.160	189.210	139.920	166.950	496.080	79.160		
79.170	0.000	0.000	2.500	2.500	79.170	184.440	144.690	179.670	508.800	79.170		
79.180	0.000	0.000	0.000	0.000	79.180	173.400	146.880	189.720	510.000	79.180		
79.190	0.000	0.000	0.000	0.000	79.190	167.280	148.920	201.960	518.160	79.190		
79.200	0.000	0.000	0.000	0.000	79.200	159.120	150.960	216.240	526.320	79.200		
79.210	0.000	0.000	0.000	0.000	79.210	148.920	157.080	234.600	540.600	79.210		
79.220	0.000	0.000	0.000	0.000	79.220	136.680	159.120	248.880	544.680	79.220		
79.230	0.000	0.000	0.000	0.000	79.230	124.440	161.160	267.240	552.840	79.230		
79.240	0.000	0.000	0.000	0.000	79.240	112.200	161.160	293.760	567.120	79.240		
79.250	0.000	0.000	0.000	0.000	79.250	99.960	161.160	314.160	575.280	79.250		
79.260	0.000	0.000	0.000	0.000	79.260	85.680	159.120	340.680	585.480	79.260		
79.270	0.000	0.000	0.000	0.000	79.270	75.480	157.080	369.240	601.800	79.270		
79.280	0.000	0.000	0.000	0.000	79.280	67.320	148.920	395.760	612.000	79.280		
79.290	2.500	0.000	0.000	2.500	79.290	57.120	140.760	424.320	622.200	79.290		
79.300	2.500	0.000	0.000	2.500	79.300	48.960	134.640	450.840	634.440	79.300		
79.310	2.500	0.000	0.000	2.500	79.310	44.880	124.440	479.400	648.720	79.310		
79.320	1.540	0.000	0.000	1.540	79.320	38.760	112.200	510.000	660.960	79.320		
79.330	1.540	0.000	0.000	1.540	79.330	30.940	99.960	535.500	666.400	79.330		
79.340	1.540	0.000	0.000	1.540	79.340	23.800	85.680	556.920	666.400	79.340		
79.350	1.540	0.000	0.000	1.540	79.350	16.660	76.160	571.200	664.020	79.350		
79.360	1.540	0.000	0.000	1.540	79.360	9.520	64.260	580.720	654.500	79.360		
79.370	1.540	0.000	0.000	1.540	79.370	4.760	54.740	587.860	647.360	79.370		
79.380	1.540	0.000	0.000	1.540	79.380	2.380	45.220	595.000	642.600	79.380		
79.390	0.000	1.540	18.480	20.020	79.390	0.000	35.700	595.000	630.700	79.390		
79.400	0.000	1.540	69.300	70.840	79.400	0.000	30.940	585.480	616.420	79.400		
79.410	0.000	1.540	126.280	127.820	79.410	0.000	21.420	571.200	592.620	79.410		
79.420	0.000	1.540	174.020	175.560	79.420	0.000	11.900	542.640	554.540	79.420		
79.430	0.000	1.540	217.140	218.680	79.430	0.000	4.760	506.940	511.700	79.430		
79.440	0.000	4.620	271.040	275.660	79.440	0.000	2.380	454.580	456.960	79.440		
79.450	1.540	6.160	331.100	338.800	79.450	0.000	0.000	387.940	387.940	79.450		
79.460	4.620	13.860	385.000	403.480	79.460	0.000	0.000	316.540	316.540	79.460		
79.470	6.480	23.760	423.360	453.600	79.470	0.000	0.000	242.760	242.760	79.470		
79.480	8.640	36.720	455.760	501.120	79.480	0.000	0.000	165.000	165.000	79.480		
79.490	12.960	51.840	477.360	542.160	79.490	0.000	0.000	109.560	109.560	79.490		
79.500	17.280	69.120	496.800	583.200	79.500	0.000	0.000	69.960	69.960	79.500		
79.510	21.600	86.400	514.080	622.080	79.510	0.000	0.000	46.860	46.860	79.510		
79.520	25.920	99.360	524.880	650.160	79.520	4.620	1.980	29.700	36.300	79.520		
79.530	28.080	105.840	531.360	665.280	79.530	7.260	1.980	17.160	26.400	79.530		
79.540	34.560	112.320	535.680	682.560	79.540	4.620	0.000	14.520	19.140	79.540		
79.550	36.720	114.480	540.000	691.200	79.550	7.260	0.000	9.900	17.160	79.550		
79.560	41.040	114.480	540.000	695.520	79.560	7.260	1.980	9.900	19.140	79.560		
79.570	43.200	112.320	531.360	686.880	79.570	4.620	0.000	9.900	14.520	79.570		
79.580	45.360	114.480	524.880	684.720	79.580	4.620	1.980	7.260	13.860	79.580		
79.590	51.840	112.320	505.440	669.600	79.590	1.980	0.000	4.620	6.600	79.590		
79.600	51.840	112.320	483.840	648.000	79.600	4.620	0.000	7.260	11.880	79.600		
79.610	56.160	112.320	462.240	630.720	79.610	4.620	1.980	7.260	13.860	79.610		
79.620	59.160	111.360	435.000	605.520	79.620	4.620	0.000	4.620	9.240	79.620		
79.630	64.380	111.360	408.900	584.640	79.630	5.000	0.000	5.000	10.000	79.630		
79.640	71.340	114.840	384.540	570.720	79.640	5.000	0.000	2.500	7.500	79.640		
79.650	78.300	114.840	358.440	551.580	79.650	5.000	0.000	5.000	10.000	79.650		
79.660	87.000	118.320	334.080	539.400	79.660	5.000	2.500	2.500	10.000	79.660		
79.670	92.220	118.320	309.720	520.260	79.670	5.000	0.000	2.500	7.500	79.670		
79.680	100.920	121.800	288.840	511.560	79.680	2.500	0.000	2.500	5.000	79.680		
79.690	109.620	123.540	269.700	502.860	79.690	5.000	0.000	2.500	7.500	79.690		
79.700	118.320	128.760	252.300	499.380	79.700	2.500	2.500	2.500	7.500	79.700		
79.710	127.020	133.980	236.640	497.640	79.710	5.000	0.000	2.500	7.500	79.710		
79.720	133.980	137.460	220.980	492.420	79.720	2.500	0.000	0.000	2.500	79.720		
79.730	137.460	140.940	208.800	487.200	79.730	2.500	0.000	0.000	2.500	79.730		
79.740	144.420	146.160	196.620	487.200	79.740	2.500	0.000	0.000	2.500	79.740		
79.750	151.380	149.640	184.440	485.460	79.750	2.500	0.000	0.000	2.500	79.750		
79.760	161.820	151.380	168.780	481.980	79.760	2.500	0.000	0.000	2.500	79.760		
79.770	169.520	154.850	159.740	484.110	79.770	2.500	0.000	0.000	2.500	79.770		
79.780	179.300	156.480	151.590	487.370	79.780	2.400	0.000	0.000	2.400	79.780		
79.790	192.340	159.740	141.810	493.890	79.790	2.400	0.000	0.000	2.400	79.790		
79.800	203.750	159.740	128.770	492.260	79.800	2.400	0.000	2.400	4.800	79.800		
79.810	216.790	161.370	117.360	495.520	79.810	2.400	2.400	0.000	4.800	79.810		
79.820	226.570	161.370	104.320	492.260	79.820	2.400	0.000	0.000	2.400	79.820		
79.830	241.240	161.370	94.540	497.150	79.830	0.000	0.000	0.000	0.000	79.830		
79.840	259.170	164.630	81.500	505.300	79.840	0.000	0.000	0.000	0.000	79.840		
79.850	277.100	164.630	74.980	516.710	79.850	0.000	0.000	0.000	0.000	79.850		
79.860	296.660	164.630	66.830	528.120	79.860	2.400	0.000	0.000	2.400	79.860		
79.870	316.220	164.630	58.680	539.530	79.870	2.400	2.400	0.000	4.800	79.870		
79.880	339.040	159.740	52.160	550.940	79.880	0.000	0.000	0.000	0.000	79.880		
79.890	361.860	151.590	44.010	557.460	79.890	0.000	0.000	0.000	0.000	79.890		
79.900	384.680	141.810	37.490	563.980	79.900	4.950	0.000	0.000	4.950	79.900		
79.910	407.500	127.140	29.340	563.980	79.910	15.000	0.000	0.000	15.000	79.910		
79.920	430.950	109.200	19.500	559.650	79.920	37.500	0.000	0.000	37.500	79.920		
79.930	452.400	91.650	13.650	557.700	79.930	81.600	1.700	0.000	83.300	79.930		
79.940	466.050	76.050	5.850	547.950	79.940	129.200	0.000	0.000	129.200	79.940		
79.950	479.700	66.300	3.900	549.900	79.950	171.700	0.000	0.000	171.700	79.950		
79.960	487.500	50.700	0.000	538.200	79.960	204.000	0.000	0.000	204.000	79.960		
79.970	487.500	40.950	0.000	528.450	79.970	234.600	0.000	0.000	234.600	79.970		
79.980	481.650	31.200	0.000	512.850	79.980	263.500	1.700	1.700	266.900	79.980		
79.990	469.950	19.500	0.000	489.450	79.990	297.500	8.500	1.700	307.700	79.990		
80.000	446.550	9.750	0.000	456.300	80.000	316.200	13.600	6.800	336.600	80.000		
80.010	417.300	1.950	0.000	419.250	80.010	329.800	28.900	11.900	370.600	80.010		
80.020	378.300	0.000	0.000	378.300	80.020	341.700	39.100	18.700	399.500	80.020		
80.030	331.500	0.000	0.000	331.500	80.030	353.600	51.000	32.300	436.900	80.030		
80.040	278.850	0.000	0.000	278.850	80.040	367.200	61.200	44.200	472.600	80.040		
80.050	210.600	0.000	0.000	210.600	80.050	382.500	69.700	59.500	511.700	80.050		
80.060	148.200	0.000	0.000	148.200	80.060	404.600	76.500	74.800	555.900	80.060		
80.070	92.500	0.000	0.000	92.500	80.070	425.000	81.600	88.400	595.000	80.070		
80.080	57.350	0.000	0.000	57.350	80.080	443.520	84.480	101.760	629.760	80.080		
80.090	34.780	0.000	0.000	34.780	80.090	458.880	86.400	105.600	650.880	80.090		
80.100	19.980	0.000	2.220	22.200	80.100	472.320	88.320	113.280	673.920	80.100		
80.110	9.990	2.220	7.400	19.610	80.110	476.160	86.400	120.960	683.520	80.110		
80.120	7.400	0.000	4.810	12.210	80.120	480.000	86.400	124.800	691.200	80.120		
80.130	4.810	0.000	4.810	9.620	80.130	476.160	86.400	128.640	691.200	80.130		
80.140	2.220	0.000	4.810	7.030	80.140	472.320	84.480	132.480	689.280	80.140		
80.150	2.220	0.000	2.220	4.440	80.150	460.800	84.480	134.400	679.680	80.150		
80.160	2.220	0.000	2.220	4.440	80.160	449.280	78.720	138.240	666.240	80.160		
80.170	2.220	0.000	2.220	4.440	80.170	433.920	76.800	142.080	652.800	80.170		
80.180	0.000	0.000	4.810	4.810	80.180	418.560	71.040	144.000	633.600	80.180		
80.190	0.000	0.000	4.810	4.810	80.190	399.360	69.120	145.920	614.400	80.190		
80.200	0.000	0.000	2.220	2.220	80.200	382.080	67.200	151.680	600.960	80.200		
80.210	0.000	0.000	2.220	2.220	80.210	366.720	63.360	153.600	583.680	80.210		
80.220	0.000	0.000	2.500	2.500	80.220	351.360	63.360	161.280	576.000	80.220		
80.230	0.000	0.000	2.500	2.500	80.230	332.500	61.180	168.910	562.590	80.230		
80.240	0.000	0.000	2.500	2.500	80.240	316.540	61.180	171.570	549.290	80.240		
80.250	0.000	0.000	2.500	2.500	80.250	307.230	61.180	179.550	547.960	80.250		
80.260	0.000	0.000	2.500	2.500	80.260	296.590	63.840	188.860	549.290	80.260		
80.270	0.000	0.000	2.500	2.500	80.270	287.280	63.840	196.840	547.960	80.270		
80.280	0.000	0.000	2.500	2.500	80.280	279.300	66.500	207.480	553.280	80.280		
80.290	0.000	0.000	2.500	2.500	80.290	269.990	66.500	216.790	553.280	80.290		
80.300	0.000	0.000	2.500	2.500	80.300	262.010	69.160	227.430	558.600	80.300		
80.310	0.000	0.000	2.500	2.500	80.310	251.370	71.820	236.740	559.930	80.310		
80.320	0.000	0.000	0.000	0.000	80.320	244.720	74.480	248.710	567.910	80.320		
80.330	0.000	0.000	0.000	0.000	80.330	239.400	77.140	262.010	578.550	80.330		
80.340	0.000	0.000	0.000	0.000	80.340	228.760	77.140	273.980	579.880	80.340		
80.350	0.000	0.000	0.000	0.000	80.350	222.110	79.800	284.620	586.530	80.350		
80.360	0.000	0.000	0.000	0.000	80.360	214.130	82.460	299.250	595.840	80.360		
80.370	0.000	0.000	0.000	0.000	80.370	207.480	86.450	316.540	610.470	80.370		
80.380	0.000	0.000	0.000	0.000	80.380	194.580	91.080	337.410	623.070	80.380		
80.390	0.000	0.000	0.000	0.000	80.390	178.020	93.150	353.970	625.140	80.390		
80.400	0.000	0.000	0.000	0.000	80.400	159.390	97.290	370.530	627.210	80.400		
80.410	0.000	0.000	0.000	0.000	80.410	138.690	97.290	391.230	627.210	80.410		
80.420	0.000	0.000	0.000	0.000	80.420	117.990	93.150	416.070	627.210	80.420		
80.430	0.000	0.000	0.000	0.000	80.430	99.360	91.080	434.700	625.140	80.430		
80.440	0.000	0.000	0.000	0.000	80.440	84.870	86.940	459.540	631.350	80.440		
80.450	0.000	0.000	0.000	0.000	80.450	68.310	80.730	482.310	631.350	80.450		
80.460	0.000	0.000	0.000	0.000	80.460	62.100	74.520	498.870	635.490	80.460		
80.470	0.000	0.000	0.000	0.000	80.470	51.750	62.100	509.220	623.070	80.470		
80.480	0.000	0.000	12.220	12.220	80.480	43.470	55.890	513.360	612.720	80.480		
80.490	0.000	0.000	37.130	37.130	80.490	37.260	51.750	517.500	606.510	80.490		
80.500	0.000	0.000	74.730	74.730	80.500	28.980	41.400	509.220	579.600	80.500		
80.510	0.000	0.000	117.500	117.500	80.510	18.630	39.330	500.940	558.900	80.510		
80.520	0.000	1.710	159.030	160.740	80.520	12.420	28.980	484.380	525.780	80.520		
80.530	0.000	6.840	213.750	220.590	80.530	3.700	22.200	462.500	488.400	80.530		
80.540	3.420	13.680	268.470	285.570	80.540	0.000	16.650	434.750	451.400	80.540		
80.550	8.550	27.360	306.090	342.000	80.550	0.000	11.100	395.900	407.000	80.550		
80.560	13.680	39.330	326.610	379.620	80.560	0.000	3.700	353.350	357.050	80.560		
80.570	23.940	54.720	342.000	420.660	80.570	0.000	1.850	303.400	305.250	80.570		
80.580	34.200	66.690	348.840	449.730	80.580	0.000	0.000	244.200	244.200	80.580		
80.590	46.170	73.530	357.390	477.090	80.590	0.000	0.000	186.850	186.850	80.590		
80.600	61.560	83.790	365.940	511.290	80.600	0.000	0.000	133.200	133.200	80.600		
80.610	73.530	92.340	379.620	545.490	80.610	0.000	0.000	92.500	92.500	80.610		
80.620	87.210	94.050	393.300	574.560	80.620	0.000	0.000	61.050	61.050	80.620		
80.630	97.470	99.180	406.980	603.630	80.630	1.850	0.000	38.850	40.700	80.630		
80.640	104.310	100.890	418.950	624.150	80.640	7.400	1.850	24.050	33.300	80.640		
80.650	104.310	104.310	424.080	632.700	80.650	7.400	1.850	14.800	24.050	80.650		
80.660	109.440	106.020	427.500	642.960	80.660	3.700	0.000	11.100	14.800	80.660		
80.670	111.540	111.540	422.500	645.580	80.670	3.700	0.000	9.250	12.950	80.670		
80.680	114.920	114.920	408.980	638.820	80.680	4.980	2.490	7.500	14.970	80.680		
80.690	116.610	121.680	393.770	632.060	80.690	2.490	2.490	4.980	9.960	80.690		
80.700	119.990	121.680	383.630	625.300	80.700	2.490	0.000	4.980	7.470	80.700		
80.710	119.990	126.750	371.800	618.540	80.710	4.980	2.490	4.980	12.450	80.710		
80.720	116.610	126.750	361.660	605.020	80.720	4.980	0.000	4.980	9.960	80.720		
80.730	116.610	126.750	351.520	594.880	80.730	4.980	2.490	4.980	12.450	80.730		
80.740	114.920	126.750	344.760	586.430	80.740	4.980	2.490	7.500	14.970	80.740		
80.750	111.540	123.370	336.310	571.220	80.750	4.980	2.490	4.980	12.450	80.750		
80.760	111.540	123.370	331.240	566.150	80.760	4.980	0.000	2.490	7.470	80.760		
80.770	109.850	121.680	329.550	561.080	80.770	4.980	2.490	4.980	12.450	80.770		
80.780	106.470	119.990	326.170	552.630	80.780	2.490	2.490	2.490	7.470	80.780		
80.790	104.780	114.920	326.170	545.870	80.790	4.980	0.000	2.490	7.470	80.790		
80.800	99.710	114.920	326.170	540.800	80.800	2.490	2.490	2.490	7.470	80.800		
80.810	99.710	114.920	326.170	540.800	80.810	2.490	0.000	2.490	4.980	80.810		
80.820	98.800	117.000	325.000	540.800	80.820	2.490	0.000	2.490	4.980	80.820		
80.830	101.400	119.600	319.800	540.800	80.830	2.500	2.500	5.000	10.000	80.830		
80.840	106.600	122.200	314.600	543.400	80.840	2.500	2.500	5.000	10.000	80.840		
80.850	109.200	124.800	309.400	543.400	80.850	0.000	2.500	5.000	7.500	80.850		
80.860	111.800	127.400	309.400	548.600	80.860	0.000	2.500	5.000	7.500	80.860		
80.870	114.400	130.000	306.800	551.200	80.870	0.000	2.500	5.000	7.500	80.870		
80.880	114.400	130.000	309.400	553.800	80.880	0.000	2.500	5.000	7.500	80.880		
80.890	114.400	131.300	309.400	555.100	80.890	0.000	0.000	5.000	5.000	80.890		
80.900	117.000	136.500	306.800	560.300	80.900	0.000	0.000	5.000	5.000	80.900		
80.910	119.600	136.500	304.200	560.300	80.910	0.000	2.500	5.000	7.500	80.910		
80.920	119.600	144.300	296.400	560.300	80.920	0.000	0.000	2.500	2.500	80.920		
80.930	124.800	149.500	287.300	561.600	80.930	0.000	0.000	5.000	5.000	80.930		
80.940	130.000	152.100	279.500	561.600	80.940	0.000	0.000	2.500	2.500	80.940		
80.950	131.300	157.300	271.700	560.300	80.950	0.000	0.000	2.500	2.500	80.950		
80.960	139.100	162.500	261.300	562.900	80.960	0.000	0.000	2.500	2.500	80.960		
80.970	144.840	167.280	255.000	567.120	80.970	0.000	0.000	2.500	2.500	80.970		
80.980	146.880	169.320	246.840	563.040	80.980	0.000	0.000	0.000	0.000	80.980		
80.990	151.980	169.320	239.700	561.000	80.990	0.000	0.000	2.460	2.460	80.990		
81.000	157.080	169.320	234.600	561.000	81.000	0.000	0.000	0.000	0.000	81.000		
81.010	159.120	174.420	229.500	563.040	81.010	0.000	0.000	0.000	0.000	81.010		
81.020	162.180	177.480	227.460	567.120	81.020	0.000	0.000	0.000	0.000	81.020		
81.030	167.280	177.480	222.360	567.120	81.030	0.000	0.000	2.460	2.460	81.030		
81.040	172.380	181.560	214.200	568.140	81.040	0.000	0.000	0.000	0.000	81.040		
81.050	177.480	184.620	204.000	566.100	81.050	0.000	0.000	0.000	0.000	81.050		
81.060	181.560	186.660	196.860	565.080	81.060	0.000	0.000	0.000	0.000	81.060		
81.070	186.660	186.660	184.620	557.940	81.070	4.920	0.000	2.460	7.380	81.070		
81.080	191.760	186.660	174.420	552.840	81.080	17.220	0.000	0.000	17.220	81.080		
81.090	199.920	186.660	162.180	548.760	81.090	34.850	0.000	0.000	34.850	81.090		
81.100	207.060	184.620	146.880	538.560	81.100	54.940	0.000	0.000	54.940	81.100		
81.110	212.160	181.560	129.540	523.260	81.110	79.950	0.000	0.000	79.950	81.110		
81.120	225.000	175.000	110.000	510.000	81.120	102.500	0.000	0.000	102.500	81.120		
81.130	235.000	167.500	92.500	495.000	81.130	121.600	0.000	0.000	121.600	81.130		
81.140	250.000	157.500	72.500	480.000	81.140	144.400	0.000	0.000	144.400	81.140		
81.150	262.500	142.500	52.500	457.500	81.150	168.720	0.000	0.000	168.720	81.150		
81.160	277.500	127.500	42.500	447.500	81.160	199.120	0.000	0.000	199.120	81.160		
81.170	292.500	110.000	30.000	432.500	81.170	229.520	1.520	1.520	232.560	81.170		
81.180	302.500	90.000	20.000	412.500	81.180	253.840	9.120	6.080	269.040	81.180		
81.190	310.000	75.000	12.500	397.500	81.190	272.080	16.720	16.720	305.520	81.190		
81.200	312.500	60.000	5.000	377.500	81.200	287.280	24.320	24.320	335.920	81.200		
81.210	310.000	47.500	2.500	360.000	81.210	296.400	28.880	34.960	360.240	81.210		
81.220	300.000	35.000	0.000	335.000	81.220	307.040	34.960	44.080	386.080	81.220		
81.230	287.500	25.000	0.000	312.500	81.230	319.200	39.520	48.640	407.360	81.230		
81.240	270.000	17.500	0.000	287.500	81.240	331.360	44.080	56.240	431.680	81.240		
81.250	250.000	7.500	0.000	257.500	81.250	349.600	51.680	56.240	457.520	81.250		
81.260	222.500	2.500	0.000	225.000	81.260	364.800	54.720	59.280	478.800	81.260		
81.270	187.500	0.000	0.000	187.500	81.270	380.000	59.280	59.280	498.560	81.270		
81.280	152.250	0.000	0.000	152.250	81.280	395.920	64.640	60.600	521.160	81.280		
81.290	120.000	0.000	0.000	120.000	81.290	414.100	70.700	58.580	543.380	81.290		
81.300	90.000	0.000	0.000	90.000	81.300	432.280	76.760	58.580	567.620	81.300		
81.310	64.500	0.000	0.000	64.500	81.310	446.420	80.800	56.560	583.780	81.310		
81.320	42.000	0.000	0.000	42.000	81.320	460.560	86.860	54.540	601.960	81.320		
81.330	27.000	0.000	2.250	29.250	81.330	474.700	88.880	50.500	614.080	81.330		
81.340	15.000	0.000	4.500	19.500	81.340	486.820	94.940	48.480	630.240	81.340		
81.350	4.500	0.000	4.500	9.000	81.350	496.920	94.940	46.460	638.320	81.350		
81.360	0.000	0.000	4.500	4.500	81.360	500.960	96.960	44.440	642.360	81.360		
81.370	0.000	0.000	4.500	4.500	81.370	505.000	96.960	42.420	644.380	81.370		
81.380	0.000	0.000	4.500	4.500	81.380	505.000	96.960	42.420	644.380	81.380		
81.390	0.000	0.000	2.250	2.250	81.390	500.960	98.980	38.380	638.320	81.390		
81.400	0.000	0.000	2.250	2.250	81.400	500.960	96.960	36.360	634.280	81.400		
81.410	0.000	0.000	2.250	2.250	81.410	498.940	96.960	34.340	630.240	81.410		
81.420	0.000	0.000	2.500	2.500	81.420	494.900	94.940	32.320	622.160	81.420		
81.430	0.000	0.000	2.500	2.500	81.430	495.000	93.060	31.680	619.740	81.430		
81.440	0.000	0.000	2.500	2.500	81.440	491.040	91.080	29.700	611.820	81.440		
81.450	0.000	0.000	2.500	2.500	81.450	491.040	91.080	25.740	607.860	81.450		
81.460	0.000	0.000	2.500	2.500	81.460	491.040	89.100	25.740	605.880	81.460		
81.470	0.000	0.000	2.500	2.500	81.470	491.040	87.120	23.760	601.920	81.470		
81.480	0.000	0.000	2.500	2.500	81.480	491.040	87.120	25.740	603.900	81.480		
81.490	0.000	0.000	2.500	2.500	81.490	491.040	87.120	23.760	601.920	81.490		
81.500	0.000	0.000	2.500	2.500	81.500	491.040	87.120	23.760	601.920	81.500		
81.510	0.000	0.000	0.000	0.000	81.510	489.060	89.100	25.740	603.900	81.510		
81.520	0.000	0.000	2.500	2.500	81.520	481.140	91.080	29.700	601.920	81.520		
81.530	0.000	0.000	0.000	0.000	81.530	477.180	97.020	31.680	605.880	81.530		
81.540	0.000	0.000	0.000	0.000	81.540	471.240	97.020	33.660	601.920	81.540		
81.550	0.000	0.000	0.000	0.000	81.550	469.260	99.000	39.600	607.860	81.550		
81.560	0.000	0.000	0.000	0.000	81.560	467.280	100.980	41.580	609.840	81.560		
81.570	2.500	0.000	0.000	2.500	81.570	463.320	104.940	45.540	613.800	81.570		
81.580	2.500	0.000	0.000	2.500	81.580	462.500	103.600	49.950	616.050	81.580		
81.590	2.500	0.000	0.000	2.500	81.590	458.800	107.300	51.800	617.900	81.590		
81.600	0.000	0.000	0.000	0.000	81.600	453.250	109.150	57.350	619.750	81.600		
81.610	0.000	0.000	0.000	0.000	81.610	451.400	109.150	59.200	619.750	81.610		
81.620	2.500	0.000	0.000	2.500	81.620	445.850	111.000	64.750	621.600	81.620		
81.630	2.500	0.000	0.000	2.500	81.630	442.150	111.000	68.450	621.600	81.630		
81.640	2.500	0.000	0.000	2.500	81.640	438.450	114.700	79.550	632.700	81.640		
81.650	0.000	0.000	0.000	0.000	81.650	434.750	114.700	83.250	632.700	81.650		
81.660	0.000	0.000	0.000	0.000	81.660	431.050	116.550	88.800	636.400	81.660		
81.670	0.000	0.000	0.000	0.000	81.670	427.350	118.400	94.350	640.100	81.670		
81.680	0.000	0.000	2.500	2.500	81.680	421.800	122.100	99.900	643.800	81.680		
81.690	0.000	0.000	0.000	0.000	81.690	416.250	123.950	103.600	643.800	81.690		
81.700	0.000	0.000	0.000	0.000	81.700	408.850	125.800	109.150	643.800	81.700		
81.710	0.000	0.000	2.500	2.500	81.710	401.450	129.500	114.700	645.650	81.710		
81.720	0.000	0.000	2.280	2.280	81.720	394.050	131.350	116.550	641.950	81.720		
81.730	0.000	0.000	4.560	4.560	81.730	385.000	132.440	121.660	639.100	81.730		
81.740	0.000	0.000	9.690	9.690	81.740	374.220	132.440	124.740	631.400	81.740		
81.750	0.000	0.000	14.820	14.820	81.750	366.520	132.440	129.360	628.320	81.750		
81.760	0.000	0.000	22.230	22.230	81.760	357.280	129.360	129.360	616.000	81.760		
81.770	2.280	2.280	34.770	39.330	81.770	344.960	129.360	129.360	603.680	81.770		
81.780	4.560	4.560	47.310	56.430	81.780	331.100	126.280	129.360	586.740	81.780		
81.790	4.560	4.560	59.850	68.970	81.790	314.160	124.740	129.360	568.260	81.790		
81.800	7.410	7.410	72.390	87.210	81.800	297.220	124.740	132.440	554.400	81.800		
81.810	7.410	9.690	82.080	99.180	81.810	274.120	118.580	129.360	522.060	81.810		
81.820	9.690	11.970	92.340	114.000	81.820	249.480	117.040	132.440	498.960	81.820		
81.830	11.970	14.820	102.030	128.820	81.830	226.380	117.040	132.440	475.860	81.830		
81.840	17.100	17.100	114.570	148.770	81.840	201.740	112.420	133.980	448.140	81.840		
81.850	19.950	19.950	129.960	169.860	81.850	177.100	112.420	137.060	426.580	81.850		
81.860	19.950	24.510	142.500	186.960	81.860	152.460	106.260	137.060	395.780	81.860		
81.870	24.890	26.200	159.820	210.910	81.870	126.280	104.720	141.680	372.680	81.870		
81.880	26.200	31.440	171.610	229.250	81.880	105.000	102.000	142.200	349.200	81.880		
81.890	28.820	36.680	187.330	252.830	81.890	84.600	97.200	142.200	324.000	81.890		
81.900	28.820	39.300	201.740	269.860	81.900	69.600	92.400	144.600	306.600	81.900		
81.910	31.440	44.540	214.840	290.820	81.910	54.600	90.000	147.000	291.600	81.910		
81.920	31.440	49.780	226.630	307.850	81.920	45.000	82.200	150.000	277.200	81.920		
81.930	36.680	53.710	239.730	330.120	81.930	34.800	75.000	150.000	259.800	81.930		
81.940	36.680	56.330	248.900	341.910	81.940	30.000	67.200	150.000	247.200	81.940		
81.950	36.680	58.950	264.620	360.250	81.950	19.800	60.000	147.000	226.800	81.950		
81.960	39.300	64.190	279.030	382.520	81.960	15.000	54.600	142.200	211.800	81.960		
81.970	39.300	66.810	292.130	398.240	81.970	7.200	47.400	137.400	192.000	81.970		
81.980	39.300	72.050	306.540	417.890	81.980	7.200	45.000	132.000	184.200	81.980		
81.990	39.300	74.670	317.020	430.990	81.990	2.400	37.200	127.200	166.800	81.990		
82.000	41.920	77.290	324.880	444.090	82.000	0.000	32.400	122.400	154.800	82.000		
82.010	47.160	81.220	327.500	455.880	82.010	0.000	30.000	114.600	144.600	82.010		
82.020	52.400	83.840	327.500	463.740	82.020	0.000	24.600	102.000	126.600	82.020		
82.030	56.330	89.080	324.880	470.290	82.030	0.000	22.230	97.500	119.730	82.030		
82.040	64.190	91.700	322.260	478.150	82.040	0.000	19.890	89.700	109.590	82.040		
82.050	72.050	94.320	317.020	483.390	82.050	0.000	17.160	82.290	99.450	82.050		
82.060	83.840	96.940	309.160	489.940	82.060	0.000	14.820	74.880	89.700	82.060		
82.070	96.940	99.560	301.300	497.800	82.070	0.000	12.480	72.150	84.630	82.070		
82.080	111.350	102.180	292.130	505.660	82.080	0.000	9.750	67.470	77.220	82.080		
82.090	124.450	102.180	281.650	508.280	82.090	0.000	9.750	59.670	69.420	82.090		
82.100	136.240	102.180	273.790	512.210	82.100	0.000	9.750	57.330	67.080	82.100		
82.110	146.720	99.560	269.860	516.140	82.110	0.000	7.410	54.990	62.400	82.110		
82.120	157.200	96.940	264.620	518.760	82.120	0.000	7.410	49.920	57.330	82.120		
82.130	168.990	94.320	262.000	525.310	82.130	0.000	7.410	47.190	54.600	82.130		
82.140	176.850	94.320	262.000	533.170	82.140	0.000	7.410	42.120	49.530	82.140		
82.150	187.330	91.700	259.380	538.410	82.150	0.000	4.680	39.780	44.460	82.150		
82.160	193.880	91.700	259.380	544.960	82.160	0.000	4.680	37.440	42.120	82.160		
82.170	199.420	89.680	259.600	548.700	82.170	0.000	4.680	29.640	34.320	82.170		
82.180	201.780	89.680	264.320	555.780	82.180	0.000	4.950	22.500	27.450	82.180		
82.190	204.140	89.680	266.680	560.500	82.190	2.430	7.470	14.940	24.840	82.190		
82.200	206.500	89.680	269.040	565.220	82.200	2.430	4.950	7.470	14.850	82.200		
82.210	206.500	89.680	274.940	571.120	82.210	2.430	4.950	4.950	12.330	82.210		
82.220	201.780	92.040	279.660	573.480	82.220	2.430	4.950	2.430	9.810	82.220		
82.230	194.700	94.400	286.740	575.840	82.230	2.430	4.950	2.430	9.810	82.230		
82.240	189.980	99.120	289.100	578.200	82.240	2.430	4.950	0.000	7.380	82.240		
82.250	186.440	103.840	295.000	585.280	82.250	0.000	4.950	0.000	4.950	82.250		
82.260	181.720	107.380	291.460	580.560	82.260	0.000	4.950	2.430	7.380	82.260		
82.270	179.360	112.100	289.100	580.560	82.270	0.000	4.950	0.000	4.950	82.270		
82.280	174.640	114.460	286.740	575.840	82.280	0.000	4.950	2.430	7.380	82.280		
82.290	177.000	114.460	284.380	575.840	82.290	0.000	4.950	2.430	7.380	82.290		
82.300	177.000	114.460	282.020	573.480	82.300	0.000	2.430	0.000	2.430	82.300		
82.310	179.360	114.460	279.660	573.480	82.310	0.000	2.430	0.000	2.430	82.310		
82.320	181.930	111.870	276.850	570.650	82.320	0.000	2.430	0.000	2.430	82.320		
82.330	181.930	109.610	276.850	568.390	82.330	0.000	5.000	2.500	7.500	82.330		
82.340	179.670	109.610	279.110	568.390	82.340	0.000	2.500	2.500	5.000	82.340		
82.350	181.930	109.610	282.500	574.040	82.350	0.000	2.500	2.500	5.000	82.350		
82.360	184.190	107.350	279.110	570.650	82.360	0.000	2.500	2.500	5.000	82.360		
82.370	184.190	107.350	279.110	570.650	82.370	0.000	2.500	2.500	5.000	82.370		
82.380	184.190	107.350	276.850	568.390	82.380	0.000	0.000	2.500	2.500	82.380		
82.390	189.840	107.350	276.850	574.040	82.390	0.000	0.000	2.500	2.500	82.390		
82.400	192.100	103.960	276.850	572.910	82.400	0.000	0.000	2.500	2.500	82.400		
82.410	196.620	103.960	274.590	575.170	82.410	0.000	0.000	2.500	2.500	82.410		
82.420	202.270	99.440	272.330	574.040	82.420	0.000	0.000	2.500	2.500	82.420		
82.430	206.790	94.920	272.330	574.040	82.430	0.000	0.000	2.500	2.500	82.430		
82.440	212.440	91.530	274.590	578.560	82.440	0.000	0.000	2.500	2.500	82.440		
82.450	216.960	91.530	274.590	583.080	82.450	0.000	0.000	2.500	2.500	82.450		
82.460	219.220	89.270	276.850	585.340	82.460	0.000	0.000	2.500	2.500	82.460		
82.470	224.220	86.580	274.170	584.970	82.470	0.000	0.000	2.500	2.500	82.470		
82.480	226.440	84.360	274.170	584.970	82.480	0.000	0.000	2.400	2.400	82.480		
82.490	226.440	84.360	274.170	584.970	82.490	0.000	0.000	2.400	2.400	82.490		
82.500	229.770	84.360	277.500	591.630	82.500	0.000	0.000	2.400	2.400	82.500		
82.510	229.770	84.360	274.170	588.300	82.510	0.000	0.000	2.400	2.400	82.510		
82.520	231.990	84.360	271.950	588.300	82.520	0.000	0.000	4.950	4.950	82.520		
82.530	231.990	84.360	269.730	586.080	82.530	0.000	0.000	4.950	4.950	82.530		
82.540	229.770	86.580	269.730	586.080	82.540	0.000	0.000	7.500	7.500	82.540		
82.550	229.770	84.360	264.180	578.310	82.550	2.400	0.000	7.500	9.900	82.550		
82.560	231.990	86.580	264.180	582.750	82.560	2.400	0.000	7.500	9.900	82.560		
82.570	231.990	86.580	261.960	580.530	82.570	4.950	0.000	9.900	14.850	82.570		
82.580	234.210	86.580	259.740	580.530	82.580	7.500	0.000	9.900	17.400	82.580		
82.590	234.210	86.580	259.740	580.530	82.590	9.900	0.000	9.900	19.800	82.590		
82.600	236.430	86.580	256.410	579.420	82.600	12.450	0.000	12.450	24.900	82.600		
82.610	241.980	84.360	251.970	578.310	82.610	22.500	0.000	12.450	34.950	82.610		
82.620	242.000	84.700	244.200	570.900	82.620	37.500	0.000	12.450	49.950	82.620		
82.630	247.500	82.500	236.500	566.500	82.630	56.700	0.000	14.700	71.400	82.630		
82.640	249.700	82.500	226.600	558.800	82.640	72.450	2.100	16.800	91.350	82.640		
82.650	254.100	74.800	212.300	541.200	82.650	81.900	2.100	22.050	106.050	82.650		
82.660	259.600	67.100	194.700	521.400	82.660	92.400	4.200	27.300	123.900	82.660		
82.670	261.800	61.600	177.100	500.500	82.670	99.750	4.200	34.650	138.600	82.670		
82.680	267.300	51.700	157.300	476.300	82.680	109.200	7.350	42.000	158.550	82.680		
82.690	269.500	44.000	134.200	447.700	82.690	119.700	9.450	52.500	181.650	82.690		
82.700	271.700	34.100	112.200	418.000	82.700	132.300	9.450	59.850	201.600	82.700		
82.710	275.000	27.500	89.100	391.600	82.710	147.000	11.550	69.300	227.850	82.710		
82.720	275.000	16.500	67.100	358.600	82.720	164.850	11.550	79.800	256.200	82.720		
82.730	271.700	12.100	51.700	335.500	82.730	181.650	14.700	89.250	285.600	82.730		
82.740	264.000	6.600	41.800	312.400	82.740	199.500	14.700	94.500	308.700	82.740		
82.750	254.100	4.400	37.400	295.900	82.750	219.450	16.800	101.850	338.100	82.750		
82.760	234.300	2.200	31.900	268.400	82.760	239.400	19.950	109.200	368.550	82.760		
82.770	207.500	0.000	27.390	234.890	82.770	262.500	22.050	116.550	401.100	82.770		
82.780	179.280	0.000	19.920	199.200	82.780	282.100	23.660	127.400	433.160	82.780		
82.790	151.890	0.000	14.940	166.830	82.790	298.480	29.120	129.220	456.820	82.790		
82.800	124.500	0.000	12.450	136.950	82.800	318.500	30.940	134.680	484.120	82.800		
82.810	99.600	0.000	9.960	109.560	82.810	336.700	36.400	138.320	511.420	82.810		
82.820	79.680	0.000	7.470	87.150	82.820	356.720	41.860	138.320	536.900	82.820		
82.830	59.760	0.000	7.470	67.230	82.830	374.920	47.320	138.320	560.560	82.830		
82.840	47.310	0.000	7.470	54.780	82.840	394.940	54.600	138.320	587.860	82.840		
82.850	34.860	0.000	7.470	42.330	82.850	411.320	56.420	138.320	606.060	82.850		
82.860	22.410	0.000	7.470	29.880	82.860	425.880	61.880	138.320	626.080	82.860		
82.870	12.450	0.000	4.980	17.430	82.870	436.800	67.340	138.320	642.460	82.870		
82.880	4.980	0.000	2.490	7.470	82.880	445.900	69.160	136.500	651.560	82.880		
82.890	0.000	0.000	2.490	2.490	82.890	455.000	74.620	136.500	666.120	82.890		
82.900	0.000	0.000	2.490	2.490	82.900	455.000	78.260	141.960	675.220	82.900		
82.910	0.000	0.000	0.000	0.000	82.910	449.540	81.900	141.960	673.400	82.910		
82.920	0.000	0.000	0.000	0.000	82.920	442.260	83.720	147.420	673.400	82.920		
82.930	0.000	0.000	0.000	0.000	82.930	432.500	86.500	152.240	671.240	82.930		
82.940	0.000	0.000	0.000	0.000	82.940	422.120	84.770	153.970	660.860	82.940		
82.950	0.000	0.000	0.000	0.000	82.950	413.470	86.500	159.160	659.130	82.950		
82.960	0.000	0.000	0.000	0.000	82.960	404.820	86.500	160.890	652.210	82.960		
82.970	0.000	0.000	0.000	0.000	82.970	396.170	86.500	164.350	647.020	82.970		
82.980	0.000	0.000	0.000	0.000	82.980	385.790	86.500	166.080	638.370	82.980		
82.990	0.000	0.000	0.000	0.000	82.990	382.330	89.960	166.080	638.370	82.990		
83.000	0.000	0.000	0.000	0.000	83.000	373.680	89.960	169.540	633.180	83.000		
83.010	0.000	0.000	0.000	0.000	83.010	368.490	91.690	169.540	629.720	83.010		
83.020	0.000	0.000	0.000	0.000	83.020	366.760	91.690	169.540	627.990	83.020		
83.030	0.000	0.000	0.000	0.000	83.030	363.300	93.420	166.080	622.800	83.030		
83.040	0.000	0.000	0.000	0.000	83.040	363.300	96.880	160.890	621.070	83.040		
83.050	0.000	0.000	0.000	0.000	83.050	363.300	98.610	153.970	615.880	83.050		
83.060	0.000	0.000	0.000	0.000	83.060	366.760	102.070	147.050	615.880	83.060		
83.070	0.000	0.000	0.000	0.000	83.070	368.490	107.260	136.670	612.420	83.070		
83.080	0.000	0.000	0.000	0.000	83.080	372.400	112.480	124.640	609.520	83.080		
83.090	0.000	0.000	0.000	0.000	83.090	376.960	117.040	117.040	611.040	83.090		
83.100	2.300	0.000	0.000	2.300	83.100	380.000	118.560	106.400	604.960	83.100		
83.110	2.300	2.300	0.000	4.600	83.110	380.000	121.600	98.800	600.400	83.110		
83.120	4.830	4.830	0.000	9.660	83.120	380.000	124.640	91.200	595.840	83.120		
83.130	12.420	9.890	0.000	22.310	83.130	376.960	124.640	89.680	591.280	83.130		
83.140	17.480	14.950	2.300	34.730	83.140	372.400	124.640	79.040	576.080	83.140		
83.150	22.310	17.480	2.300	42.090	83.150	369.360	121.600	74.480	565.440	83.150		
83.160	27.370	19.780	0.000	47.150	83.160	361.760	121.600	66.880	550.240	83.160		
83.170	29.900	22.310	0.000	52.210	83.170	354.160	117.040	62.320	533.520	83.170		
83.180	37.490	27.370	0.000	64.860	83.180	346.560	117.040	59.280	522.880	83.180		
83.190	44.850	32.430	2.300	79.580	83.190	337.440	114.000	54.720	506.160	83.190		
83.200	52.440	39.790	4.830	97.060	83.200	323.760	112.480	51.680	487.920	83.200		
83.210	57.500	42.320	7.360	107.180	83.210	314.640	109.440	48.640	472.720	83.210		
83.220	62.160	47.040	7.280	116.480	83.220	304.000	106.400	47.120	457.520	83.220		
83.230	67.200	49.840	12.320	129.360	83.230	295.000	103.840	42.480	441.320	83.230		
83.240	72.240	52.080	14.560	138.880	83.240	286.740	99.120	38.940	424.800	83.240		
83.250	77.280	54.880	17.360	149.520	83.250	282.020	96.760	36.580	415.360	83.250		
83.260	84.560	59.920	22.400	166.880	83.260	277.300	94.400	36.580	408.280	83.260		
83.270	89.600	62.160	29.680	181.440	83.270	269.040	89.680	34.220	392.940	83.270		
83.280	92.400	67.200	36.960	196.560	83.280	264.320	84.960	31.860	381.140	83.280		
83.290	94.640	70.000	44.800	209.440	83.290	259.600	81.420	27.140	368.160	83.290		
83.300	97.440	72.240	54.880	224.560	83.300	257.240	76.700	18.880	352.820	83.300		
83.310	99.680	74.480	67.200	241.360	83.310	251.340	71.980	14.160	337.480	83.310		
83.320	102.480	77.280	74.480	254.240	83.320	246.620	69.620	11.800	328.040	83.320		
83.330	102.480	74.480	84.560	261.520	83.330	239.540	64.900	11.800	316.240	83.330		
83.340	104.720	74.480	102.480	281.680	83.340	232.460	59.000	9.440	300.900	83.340		
83.350	102.480	74.480	119.840	296.800	83.350	221.840	54.280	7.080	283.200	83.350		
83.360	104.720	72.240	140.000	316.960	83.360	208.860	49.560	4.720	263.140	83.360		
83.370	101.500	73.950	166.750	342.200	83.370	197.060	44.840	2.360	244.260	83.370		
83.380	98.600	76.850	191.400	366.850	83.380	180.000	37.440	0.000	217.440	83.380		
83.390	94.250	79.750	214.600	388.600	83.390	162.000	32.400	0.000	194.400	83.390		
83.400	91.350	79.750	239.250	410.350	83.400	141.840	27.360	0.000	169.200	83.400		
83.410	87.000	81.200	262.450	430.650	83.410	124.560	22.320	0.000	146.880	83.410		
83.420	84.100	84.100	281.300	449.500	83.420	107.280	19.440	0.000	126.720	83.420		
83.430	84.100	87.000	298.700	469.800	83.430	87.120	17.280	0.000	104.400	83.430		
83.440	87.000	89.900	311.750	488.650	83.440	69.840	14.400	0.000	84.240	83.440		
83.450	87.000	89.900	321.900	498.800	83.450	51.840	12.240	0.000	64.080	83.450		
83.460	89.900	91.350	329.150	510.400	83.460	37.440	12.240	0.000	49.680	83.460		
83.470	91.350	91.350	336.400	519.100	83.470	24.480	9.360	0.000	33.840	83.470		
83.480	91.350	94.250	343.650	529.250	83.480	9.360	7.200	0.000	16.560	83.480		
83.490	94.250	94.250	349.450	537.950	83.490	2.160	4.320	0.000	6.480	83.490		
83.500	94.250	97.150	356.700	548.100	83.500	0.000	4.320	0.000	4.320	83.500		
83.510	94.250	98.600	362.500	555.350	83.510	0.000	4.320	0.000	4.320	83.510		
83.520	94.720	102.120	364.080	560.920	83.520	0.000	2.160	0.000	2.160	83.520		
83.530	94.720	102.120	364.080	560.920	83.530	0.000	2.470	0.000	2.470	83.530		
83.540	94.720	102.120	364.080	560.920	83.540	0.000	2.470	0.000	2.470	83.540		
83.550	96.200	102.120	361.120	559.440	83.550	0.000	4.940	0.000	4.940	83.550		
83.560	99.160	99.160	359.640	557.960	83.560	0.000	4.940	0.000	4.940	83.560		
83.570	102.120	99.160	356.680	557.960	83.570	0.000	4.940	0.000	4.940	83.570		
83.580	102.120	99.160	356.680	557.960	83.580	0.000	4.940	0.000	4.940	83.580		
83.590	102.120	96.200	356.680	555.000	83.590	0.000	2.470	0.000	2.470	83.590		
83.600	102.120	94.720	356.680	553.520	83.600	0.000	4.940	0.000	4.940	83.600		
83.610	102.120	94.720	359.640	556.480	83.610	0.000	2.470	0.000	2.470	83.610		
83.620	99.160	91.760	359.640	550.560	83.620	0.000	4.940	0.000	4.940	83.620		
83.630	91.760	88.800	361.120	541.680	83.630	0.000	4.940	7.410	12.350	83.630		
83.640	87.320	87.320	364.080	538.720	83.640	0.000	4.940	7.410	12.350	83.640		
83.650	81.400	84.360	367.040	532.800	83.650	0.000	4.940	14.950	19.890	83.650		
83.660	74.000	79.920	370.000	523.920	83.660	0.000	7.410	22.490	29.900	83.660		
83.670	67.050	77.480	369.520	514.050	83.670	0.000	9.880	32.500	42.380	83.670		
83.680	61.090	71.520	372.500	505.110	83.680	0.000	15.000	39.750	54.750	83.680		
83.690	56.620	68.540	369.520	494.680	83.690	4.500	22.500	54.750	81.750	83.690		
83.700	53.640	64.070	363.560	481.270	83.700	12.000	32.250	62.250	106.500	83.700		
83.710	49.170	59.600	359.090	467.860	83.710	37.500	49.500	67.500	154.500	83.710		
83.720	46.190	53.640	348.660	448.490	83.720	105.000	64.500	67.500	237.000	83.720		
83.730	44.700	49.170	339.720	433.590	83.730	157.500	67.500	64.500	289.500	83.730		
83.740	44.700	44.700	324.820	414.220	83.740	172.500	67.500	64.500	304.500	83.740		
83.750	41.720	38.740	306.940	387.400	83.750	172.500	62.250	62.250	297.000	83.750		
83.760	41.720	34.270	284.590	360.580	83.760	167.250	62.250	62.250	291.750	83.760		
83.770	38.740	29.800	263.730	332.270	83.770	165.000	62.250	64.500	291.750	83.770		
83.780	38.740	26.820	244.360	309.920	83.780	165.000	62.250	64.500	291.750	83.780		
83.790	41.720	23.840	226.480	292.040	83.790	167.250	62.250	69.750	299.250	83.790		
83.800	44.700	22.350	208.600	275.650	83.800	172.500	64.500	72.000	309.000	83.800		
83.810	46.190	19.370	192.210	257.770	83.810	180.000	67.500	75.000	322.500	83.810		
83.820	49.700	17.040	177.500	244.240	83.820	187.500	67.500	79.500	334.500	83.820		
83.830	51.830	17.040	166.850	235.720	83.830	194.670	69.010	84.460	348.140	83.830		
83.840	54.670	14.910	154.780	224.360	83.840	204.970	72.100	89.610	366.680	83.840		
83.850	54.670	14.910	146.970	216.550	83.850	209.090	74.160	89.610	372.860	83.850		
83.860	56.800	14.910	142.000	213.710	83.860	217.330	74.160	91.670	383.160	83.860		
83.870	54.670	14.910	137.030	206.610	83.870	222.480	77.250	91.670	391.400	83.870		
83.880	56.800	14.910	134.900	206.610	83.880	226.600	77.250	94.760	398.610	83.880		
83.890	56.800	12.070	134.900	203.770	83.890	231.750	77.250	94.760	403.760	83.890		
83.900	56.800	14.910	134.900	206.610	83.900	234.840	77.250	94.760	406.850	83.900		
83.910	56.800	14.910	134.900	206.610	83.910	239.990	77.250	91.670	408.910	83.910		
83.920	56.800	12.070	134.900	203.770	83.920	242.050	77.250	91.670	410.970	83.920		
83.930	56.800	14.910	132.060	203.770	83.930	244.110	79.310	91.670	415.090	83.930		
83.940	56.800	14.910	132.060	203.770	83.940	249.260	77.250	94.760	421.270	83.940		
83.950	56.800	12.070	129.930	198.800	83.950	252.350	79.310	91.670	423.330	83.950		
83.960	56.800	12.070	127.090	195.960	83.960	252.350	77.250	94.760	424.360	83.960		
83.970	57.120	12.240	127.500	196.860	83.970	257.500	77.250	91.670	426.420	83.970		
83.980	57.120	12.240	124.950	194.310	83.980	258.940	74.900	92.020	425.860	83.980		
83.990	54.570	12.240	122.400	189.210	83.990	262.150	74.900	92.020	429.070	83.990		
84.000	57.120	12.240	122.400	191.760	84.000	262.150	74.900	89.880	426.930	84.000		
84.010	57.120	12.240	119.850	189.210	84.010	264.290	74.900	89.880	429.070	84.010		
84.020	57.120	12.240	122.400	191.760	84.020	267.500	74.900	86.670	429.070	84.020		
84.030	57.120	12.240	119.850	189.210	84.030	262.150	74.900	92.020	429.070	84.030		
84.040	57.120	12.240	117.300	186.660	84.040	256.800	79.180	94.160	430.140	84.040		
84.050	59.670	12.240	114.750	186.660	84.050	251.450	82.390	101.650	435.490	84.050		
84.060	62.220	14.790	112.200	189.210	84.060	241.820	84.530	107.000	433.350	84.060		
84.070	67.320	14.790	107.100	189.210	84.070	234.330	86.670	116.630	437.630	84.070		
84.080	72.420	14.790	102.000	189.210	84.080	224.700	92.020	127.330	444.050	84.080		
84.090	74.970	14.790	94.860	184.620	84.090	211.860	92.020	139.100	442.980	84.090		
84.100	79.560	14.790	89.760	184.110	84.100	202.230	94.160	149.800	446.190	84.100		
84.110	84.660	14.790	82.110	181.560	84.110	187.250	92.020	159.430	438.700	84.110		
84.120	92.340	17.010	74.520	183.870	84.120	176.550	92.020	174.410	442.980	84.120		
84.130	99.630	17.010	67.230	183.870	84.130	167.040	89.610	184.440	441.090	84.130		
84.140	106.920	17.010	64.800	188.730	84.140	157.470	84.390	194.880	436.740	84.140		
84.150	114.210	17.010	59.940	191.160	84.150	147.030	79.170	199.230	425.430	84.150		
84.160	124.740	21.870	56.700	203.310	84.160	134.850	74.820	209.670	419.340	84.160		
84.170	134.460	21.870	51.840	208.170	84.170	127.020	72.210	214.890	414.120	84.170		
84.180	141.750	24.300	51.840	217.890	84.180	121.800	64.380	214.890	401.070	84.180		
84.190	149.850	24.300	49.410	223.560	84.190	117.450	61.770	217.500	396.720	84.190		
84.200	159.570	26.730	46.980	233.280	84.200	114.840	59.160	214.890	388.890	84.200		
84.210	164.430	26.730	44.550	235.710	84.210	112.230	54.810	212.280	379.320	84.210		
84.220	174.960	29.970	39.690	244.620	84.220	109.620	52.200	209.670	371.490	84.220		
84.230	184.680	32.400	39.690	256.770	84.230	107.010	49.590	207.060	363.660	84.230		
84.240	191.970	32.400	37.260	261.630	84.240	107.010	46.980	209.670	363.660	84.240		
84.250	196.830	32.400	34.830	264.060	84.250	107.010	44.370	209.670	361.050	84.250		
84.260	202.500	29.970	32.400	264.870	84.260	109.620	41.760	209.670	361.050	84.260		
84.270	207.390	29.760	29.760	266.910	84.270	112.230	41.760	209.670	363.660	84.270		
84.280	209.250	29.760	22.320	261.330	84.280	114.380	42.140	212.420	368.940	84.280		
84.290	216.690	24.180	16.740	257.610	84.290	116.960	39.560	215.000	371.520	84.290		
84.300	222.270	24.180	16.740	263.190	84.300	122.120	39.560	212.420	374.100	84.300		
84.310	226.920	22.320	14.880	264.120	84.310	124.700	36.980	212.420	374.100	84.310		
84.320	232.500	19.530	14.880	266.910	84.320	129.860	36.980	212.420	379.260	84.320		
84.330	232.500	19.530	14.880	266.910	84.330	132.440	34.400	209.840	376.680	84.330		
84.340	232.500	16.740	12.090	261.330	84.340	134.160	34.400	209.840	378.400	84.340		
84.350	232.500	14.880	12.090	259.470	84.350	136.740	34.400	209.840	380.980	84.350		
84.360	229.710	12.090	9.300	251.100	84.360	139.320	31.820	209.840	380.980	84.360		
84.370	229.710	9.300	9.300	248.310	84.370	141.900	31.820	209.840	383.560	84.370		
84.380	226.920	9.300	7.440	243.660	84.380	149.640	31.820	209.840	391.300	84.380		
84.390	222.270	7.440	4.650	234.360	84.390	157.380	31.820	209.840	399.040	84.390		
84.400	219.480	4.650	1.860	225.990	84.400	164.260	31.820	212.420	408.500	84.400		
84.410	214.830	1.860	0.000	216.690	84.410	172.000	31.820	212.420	416.240	84.410		
84.420	207.500	2.490	0.000	209.990	84.420	179.740	31.820	215.000	426.560	84.420		
84.430	201.690	2.490	0.000	204.180	84.430	189.000	33.750	214.650	437.400	84.430		
84.440	194.220	0.000	0.000	194.220	84.440	199.800	33.750	214.650	448.200	84.440		
84.450	186.750	0.000	0.000	186.750	84.450	211.950	33.750	217.350	463.050	84.450		
84.460	179.280	0.000	0.000	179.280	84.460	224.100	36.450	218.700	479.250	84.460		
84.470	164.340	0.000	0.000	164.340	84.470	238.950	39.150	224.100	502.200	84.470		
84.480	146.910	0.000	0.000	146.910	84.480	252.450	39.150	226.800	518.400	84.480		
84.490	124.500	0.000	0.000	124.500	84.490	267.300	44.550	234.900	546.750	84.490		
84.500	97.110	0.000	0.000	97.110	84.500	279.450	47.250	241.650	568.350	84.500		
84.510	69.720	0.000	0.000	69.720	84.510	291.600	51.300	247.050	589.950	84.510		
84.520	39.840	0.000	0.000	39.840	84.520	303.750	54.000	253.800	611.550	84.520		
84.530	17.430	0.000	0.000	17.430	84.530	314.550	56.700	261.900	633.150	84.530		
84.540	4.980	0.000	2.490	7.470	84.540	324.000	62.100	264.600	650.700	84.540		
84.550	2.490	0.000	2.490	4.980	84.550	329.400	64.800	267.300	661.500	84.550		
84.560	0.000	0.000	0.000	0.000	84.560	334.800	67.500	271.350	673.650	84.560		
84.570	0.000	0.000	0.000	0.000	84.570	337.500	67.500	271.350	676.350	84.570		
84.580	0.000	0.000	0.000	0.000	84.580	335.000	67.000	274.700	676.700	84.580		
84.590	0.000	0.000	0.000	0.000	84.590	332.320	69.680	277.380	679.380	84.590		
84.600	0.000	0.000	0.000	0.000	84.600	329.640	69.680	278.720	678.040	84.600		
84.610	0.000	0.000	0.000	0.000	84.610	326.960	69.680	278.720	675.360	84.610		
84.620	0.000	0.000	0.000	0.000	84.620	324.280	67.000	278.720	670.000	84.620		
84.630	0.000	0.000	0.000	0.000	84.630	318.920	67.000	281.400	667.320	84.630		
84.640	0.000	0.000	0.000	0.000	84.640	316.240	67.000	281.400	664.640	84.640		
84.650	0.000	0.000	2.500	2.500	84.650	312.220	64.320	281.400	657.940	84.650		
84.660	0.000	0.000	0.000	0.000	84.660	306.860	61.640	278.720	647.220	84.660		
84.670	0.000	0.000	2.500	2.500	84.670	306.860	61.640	277.380	645.880	84.670		
84.680	0.000	0.000	2.500	2.500	84.680	304.180	58.960	274.700	637.840	84.680		
84.690	0.000	0.000	2.500	2.500	84.690	301.500	56.280	272.020	629.800	84.690		
84.700	0.000	0.000	2.500	2.500	84.700	298.820	54.940	269.340	623.100	84.700		
84.710	0.000	0.000	2.500	2.500	84.710	294.800	54.940	266.660	616.400	84.710		
84.720	0.000	0.000	2.490	2.490	84.720	292.120	52.260	263.980	608.360	84.720		
84.730	0.000	0.000	2.490	2.490	84.730	287.300	49.400	263.900	600.600	84.730		
84.740	0.000	0.000	2.490	2.490	84.740	284.700	49.400	261.300	595.400	84.740		
84.750	0.000	0.000	2.490	2.490	84.750	282.100	46.800	261.300	590.200	84.750		
84.760	0.000	0.000	4.980	4.980	84.760	282.100	46.800	260.000	588.900	84.760		
84.770	0.000	0.000	2.490	2.490	84.770	279.500	44.200	257.400	581.100	84.770		
84.780	0.000	0.000	4.980	4.980	84.780	279.500	44.200	252.200	575.900	84.780		
84.790	0.000	0.000	4.980	4.980	84.790	282.100	44.200	252.200	578.500	84.790		
84.800	0.000	0.000	4.980	4.980	84.800	284.700	41.600	247.000	573.300	84.800		
84.810	0.000	0.000	4.980	4.980	84.810	287.300	41.600	244.400	573.300	84.810		
84.820	0.000	0.000	4.980	4.980	84.820	289.900	41.600	244.400	575.900	84.820		
84.830	0.000	0.000	4.980	4.980	84.830	293.800	41.600	239.200	574.600	84.830		
84.840	0.000	0.000	7.500	7.500	84.840	301.600	41.600	234.000	577.200	84.840		
84.850	0.000	0.000	7.500	7.500	84.850	306.800	39.000	227.500	573.300	84.850		
84.860	0.000	0.000	7.500	7.500	84.860	317.200	39.000	222.300	578.500	84.860		
84.870	0.000	0.000	7.500	7.500	84.870	325.000	39.000	217.100	581.100	84.870		
84.880	0.000	0.000	7.500	7.500	84.880	332.270	38.740	214.560	585.570	84.880		
84.890	0.000	0.000	4.980	4.980	84.890	336.740	38.740	211.580	587.060	84.890		
84.900	0.000	0.000	7.500	7.500	84.900	341.210	41.720	211.580	594.510	84.900		
84.910	0.000	0.000	4.980	4.980	84.910	344.190	41.720	211.580	597.490	84.910		
84.920	0.000	0.000	7.500	7.500	84.920	348.660	41.720	208.600	598.980	84.920		
84.930	0.000	0.000	4.980	4.980	84.930	354.620	44.700	208.600	607.920	84.930		
84.940	0.000	0.000	7.500	7.500	84.940	359.090	46.190	208.600	613.880	84.940		
84.950	0.000	0.000	4.980	4.980	84.950	362.070	46.190	207.110	615.370	84.950		
84.960	0.000	0.000	7.500	7.500	84.960	366.540	46.190	208.600	621.330	84.960		
84.970	0.000	0.000	7.500	7.500	84.970	369.520	49.170	207.110	625.800	84.970		
84.980	0.000	0.000	4.980	4.980	84.980	372.500	52.150	204.130	628.780	84.980		
84.990	0.000	0.000	7.500	7.500	84.990	372.500	53.640	204.130	630.270	84.990		
85.000	0.000	0.000	7.500	7.500	85.000	372.500	56.620	207.110	636.230	85.000		
85.010	0.000	0.000	4.980	4.980	85.010	369.520	53.640	207.110	630.270	85.010		
85.020	0.000	0.000	4.410	4.410	85.020	363.560	56.620	208.600	628.780	85.020		
85.030	0.000	0.000	4.410	4.410	85.030	364.560	58.800	208.740	632.100	85.030		
85.040	0.000	0.000	1.470	1.470	85.040	364.560	61.740	211.680	637.980	85.040		
85.050	0.000	0.000	0.000	0.000	85.050	367.500	64.680	216.090	648.270	85.050		
85.060	0.000	4.410	61.740	66.150	85.060	367.500	66.150	216.090	649.740	85.060		
85.070	33.810	58.800	367.500	460.110	85.070	367.500	66.150	216.090	649.740	85.070		
85.080	26.460	24.990	257.250	308.700	85.080	336.630	61.740	208.740	607.110	85.080		
85.090	11.760	11.760	171.990	195.510	85.090	301.350	54.390	201.390	557.130	85.090		
85.100	19.110	14.700	161.700	195.510	85.100	283.710	49.980	194.040	527.730	85.100		
85.110	29.400	16.170	144.060	189.630	85.110	269.010	49.980	191.100	510.090	85.110		
85.120	36.750	14.700	107.310	158.760	85.120	249.900	41.160	189.630	480.690	85.120		
85.130	41.160	14.700	86.730	142.590	85.130	232.260	39.690	189.630	461.580	85.130		
85.140	49.980	14.700	79.380	144.060	85.140	216.090	36.750	186.690	439.530	85.140		
85.150	54.390	16.170	74.970	145.530	85.150	204.330	36.750	186.690	427.770	85.150		
85.160	57.330	16.170	72.030	145.530	85.160	196.980	36.750	183.750	417.480	85.160		
85.170	54.570	19.890	74.970	149.430	85.170	191.100	36.750	182.280	410.130	85.170		
85.180	57.120	17.340	77.010	151.470	85.180	191.880	44.280	182.040	418.200	85.180		
85.190	59.670	19.890	82.110	161.670	85.190	191.880	44.280	179.580	415.740	85.190		
85.200	59.670	19.890	87.210	166.770	85.200	191.880	46.740	179.580	418.200	85.200		
85.210	59.670	22.440	92.310	174.420	85.210	191.880	49.200	177.120	418.200	85.210		
85.220	59.670	22.440	94.860	176.970	85.220	194.340	49.200	177.120	420.660	85.220		
85.230	59.670	22.440	99.960	182.070	85.230	196.800	52.480	177.120	426.400	85.230		
85.240	59.670	24.990	104.550	189.210	85.240	199.260	54.940	174.660	428.860	85.240		
85.250	62.220	24.990	109.650	196.860	85.250	201.720	54.940	169.740	426.400	85.250		
85.260	59.670	27.030	112.200	198.900	85.260	205.000	57.400	167.280	429.680	85.260		
85.270	59.670	27.030	114.750	201.450	85.270	201.720	57.400	164.820	423.940	85.270		
85.280	59.670	29.580	119.850	209.100	85.280	201.720	57.400	159.900	419.020	85.280		
85.290	57.120	27.030	122.400	206.550	85.290	199.260	54.940	157.440	411.640	85.290		
85.300	57.120	29.580	124.950	211.650	85.300	199.260	54.940	151.700	405.900	85.300		
85.310	57.120	29.580	127.500	214.200	85.310	196.800	54.940	146.780	398.520	85.310		
85.320	57.000	27.000	132.000	216.000	85.320	196.800	52.480	141.860	391.140	85.320		
85.330	54.750	27.000	135.000	216.750	85.330	196.880	49.680	137.080	383.640	85.330		
85.340	52.500	27.000	142.500	222.000	85.340	199.640	49.680	134.320	383.640	85.340		
85.350	52.500	24.750	142.500	219.750	85.350	204.240	49.680	129.720	383.640	85.350		
85.360	49.500	27.000	147.000	223.500	85.360	209.760	46.920	126.960	383.640	85.360		
85.370	47.250	27.000	150.000	224.250	85.370	211.600	49.680	122.360	383.640	85.370		
85.380	45.000	24.750	152.250	222.000	85.380	217.120	49.680	119.600	386.400	85.380		
85.390	42.000	24.750	152.250	219.000	85.390	219.880	49.680	115.000	384.560	85.390		
85.400	39.750	24.750	154.500	219.000	85.400	224.480	49.680	109.480	383.640	85.400		
85.410	37.500	24.750	159.750	222.000	85.410	227.240	52.440	104.880	384.560	85.410		
85.420	34.500	24.750	162.000	221.250	85.420	230.000	52.440	102.120	384.560	85.420		
85.430	30.000	24.750	169.500	224.250	85.430	230.000	52.440	102.120	384.560	85.430		
85.440	27.000	24.750	174.750	226.500	85.440	230.000	52.440	99.360	381.800	85.440		
85.450	22.500	27.000	180.000	229.500	85.450	227.240	52.440	96.600	376.280	85.450		
85.460	19.500	24.750	187.500	231.750	85.460	224.480	52.440	96.600	373.520	85.460		
85.470	16.380	26.460	189.000	231.840	85.470	219.880	54.280	96.600	370.760	85.470		
85.480	13.860	26.460	194.040	234.360	85.480	215.000	54.180	97.180	366.360	85.480		
85.490	11.340	26.460	194.040	231.840	85.490	209.840	54.180	97.180	361.200	85.490		
85.500	11.340	26.460	196.560	234.360	85.500	204.680	54.180	99.760	358.620	85.500		
85.510	11.340	26.460	199.080	236.880	85.510	196.940	54.180	99.760	350.880	85.510		
85.520	11.340	26.460	201.600	239.400	85.520	187.480	54.180	99.760	341.420	85.520		
85.530	8.820	26.460	206.640	241.920	85.530	174.580	56.760	102.340	333.680	85.530		
85.540	8.820	26.460	211.680	246.960	85.540	159.960	59.340	104.920	324.220	85.540		
85.550	8.820	28.980	219.240	257.040	85.550	141.900	59.340	102.340	303.580	85.550		
85.560	8.820	28.980	229.320	267.120	85.560	119.540	61.920	107.500	288.960	85.560		
85.570	6.300	34.020	239.400	279.720	85.570	94.600	61.920	111.800	268.320	85.570		
85.580	8.820	34.020	252.000	294.840	85.580	69.660	59.340	116.960	245.960	85.580		
85.590	6.300	36.540	272.160	315.000	85.590	44.720	54.180	116.960	215.860	85.590		
85.600	8.820	41.580	292.320	342.720	85.600	24.940	49.880	119.540	194.360	85.600		
85.610	8.820	44.100	315.000	367.920	85.610	14.620	39.560	116.960	171.140	85.610		
85.620	9.450	51.030	343.980	404.460	85.620	6.880	31.820	116.960	155.660	85.620		
85.630	11.340	54.810	366.660	432.810	85.630	2.200	27.280	110.000	139.480	85.630		
85.640	11.340	58.590	389.340	459.270	85.640	0.000	19.800	99.880	119.680	85.640		
85.650	11.340	64.260	412.020	487.620	85.650	0.000	14.960	84.920	99.880	85.650		
85.660	11.340	64.260	429.030	504.630	85.660	0.000	14.960	72.160	87.120	85.660		
85.670	11.340	66.150	438.480	515.970	85.670	0.000	9.680	59.840	69.520	85.670		
85.680	9.450	66.150	449.820	525.420	85.680	0.000	7.480	42.240	49.720	85.680		
85.690	11.340	66.150	457.380	534.870	85.690	0.000	7.480	32.120	39.600	85.690		
85.700	11.340	66.150	464.940	542.430	85.700	0.000	4.840	17.160	22.000	85.700		
85.710	11.340	66.150	466.830	544.320	85.710	0.000	4.840	7.480	12.320	85.710		
85.720	11.340	66.150	472.500	549.990	85.720	0.000	4.840	2.200	7.040	85.720		
85.730	13.230	66.150	472.500	551.880	85.730	0.000	4.840	0.000	4.840	85.730		
85.740	13.230	66.150	472.500	551.880	85.740	0.000	4.840	2.200	7.040	85.740		
85.750	17.010	66.150	472.500	555.660	85.750	0.000	2.200	0.000	2.200	85.750		
85.760	13.230	64.260	468.720	546.210	85.760	0.000	4.840	0.000	4.840	85.760		
85.770	16.740	61.380	465.000	543.120	85.770	0.000	2.200	0.000	2.200	85.770		
85.780	16.740	61.380	461.280	539.400	85.780	0.000	2.500	0.000	2.500	85.780		
85.790	16.740	59.520	453.840	530.100	85.790	0.000	2.500	0.000	2.500	85.790		
85.800	16.740	59.520	451.980	528.240	85.800	0.000	2.500	0.000	2.500	85.800		
85.810	16.740	59.520	448.260	524.520	85.810	0.000	2.500	0.000	2.500	85.810		
85.820	16.740	61.380	444.540	522.660	85.820	0.000	2.500	0.000	2.500	85.820		
85.830	18.600	61.380	438.960	518.940	85.830	0.000	2.500	0.000	2.500	85.830		
85.840	22.320	63.240	437.100	522.660	85.840	0.000	2.500	0.000	2.500	85.840		
85.850	24.180	66.960	431.520	522.660	85.850	0.000	2.500	0.000	2.500	85.850		
85.860	26.040	68.820	425.940	520.800	85.860	0.000	2.500	0.000	2.500	85.860		
85.870	31.620	70.680	422.220	524.520	85.870	0.000	2.500	0.000	2.500	85.870		
85.880	33.480	74.400	414.780	522.660	85.880	0.000	2.500	0.000	2.500	85.880		
85.890	40.920	76.260	409.200	526.380	85.890	0.000	2.500	0.000	2.500	85.890		
85.900	46.500	81.840	403.620	531.960	85.900	0.000	2.500	0.000	2.500	85.900		
85.910	53.940	83.700	396.180	533.820	85.910	0.000	2.500	0.000	2.500	85.910		
85.920	56.160	87.360	390.000	533.520	85.920	0.000	2.500	0.000	2.500	85.920		
85.930	62.400	92.040	383.760	538.200	85.930	0.000	2.480	0.000	2.480	85.930		
85.940	62.400	96.720	374.400	533.520	85.940	0.000	2.480	0.000	2.480	85.940		
85.950	67.080	101.400	366.600	535.080	85.950	0.000	2.480	0.000	2.480	85.950		
85.960	74.880	106.080	354.120	535.080	85.960	0.000	2.480	0.000	2.480	85.960		
85.970	81.120	112.320	338.520	531.960	85.970	0.000	2.480	0.000	2.480	85.970		
85.980	92.040	121.680	324.480	538.200	85.980	0.000	2.480	0.000	2.480	85.980		
85.990	101.400	129.480	307.320	538.200	85.990	0.000	0.000	0.000	0.000	85.990		
86.000	112.320	134.160	287.040	533.520	86.000	0.000	2.480	0.000	2.480	86.000		
86.010	124.800	138.840	266.760	530.400	86.010	0.000	2.480	0.000	2.480	86.010		
86.020	141.960	146.640	246.480	535.080	86.020	0.000	2.480	0.000	2.480	86.020		
86.030	156.000	151.320	224.640	531.960	86.030	0.000	2.480	0.000	2.480	86.030		
86.040	174.720	156.000	201.240	531.960	86.040	0.000	0.000	0.000	0.000	86.040		
86.050	196.560	162.240	176.280	535.080	86.050	0.000	0.000	0.000	0.000	86.050		
86.060	219.960	163.800	151.320	535.080	86.060	0.000	0.000	0.000	0.000	86.060		
86.070	241.860	163.560	123.540	528.960	86.070	10.000	0.000	0.000	10.000	86.070		
86.080	266.220	158.340	100.920	525.480	86.080	31.800	1.590	0.000	33.390	86.080		
86.090	292.320	151.380	78.300	522.000	86.090	54.060	1.590	0.000	55.650	86.090		
86.100	321.900	139.200	57.420	518.520	86.100	84.270	1.590	0.000	85.860	86.100		
86.110	351.480	121.800	38.280	511.560	86.110	119.250	0.000	0.000	119.250	86.110		
86.120	379.320	99.180	26.100	504.600	86.120	151.050	0.000	0.000	151.050	86.120		
86.130	401.940	78.300	13.920	494.160	86.130	181.260	1.590	0.000	182.850	86.130		
86.140	419.340	60.900	6.960	487.200	86.140	211.470	4.770	0.000	216.240	86.140		
86.150	429.780	43.500	1.740	475.020	86.150	244.860	4.770	0.000	249.630	86.150		
86.160	435.000	34.800	0.000	469.800	86.160	271.890	9.540	0.000	281.430	86.160		
86.170	429.780	20.880	0.000	450.660	86.170	294.150	14.310	0.000	308.460	86.170		
86.180	419.340	12.180	0.000	431.520	86.180	314.820	19.080	1.590	335.490	86.180		
86.190	401.940	3.480	0.000	405.420	86.190	337.080	27.030	6.360	370.470	86.190		
86.200	379.320	0.000	0.000	379.320	86.200	359.340	36.570	9.540	405.450	86.200		
86.210	349.740	0.000	0.000	349.740	86.210	378.420	44.520	9.540	432.480	86.210		
86.220	305.000	0.000	0.000	305.000	86.220	397.500	52.470	11.130	461.100	86.220		
86.230	254.980	0.000	0.000	254.980	86.230	420.000	56.700	16.800	493.500	86.230		
86.240	201.300	0.000	0.000	201.300	86.240	436.800	63.000	18.900	518.700	86.240		
86.250	148.840	0.000	0.000	148.840	86.250	453.600	69.300	18.900	541.800	86.250		
86.260	102.480	0.000	0.000	102.480	86.260	472.500	71.400	23.100	567.000	86.260		
86.270	64.660	0.000	0.000	64.660	86.270	487.200	73.500	23.100	583.800	86.270		
86.280	36.600	0.000	0.000	36.600	86.280	499.800	75.600	27.300	602.700	86.280		
86.290	19.520	0.000	0.000	19.520	86.290	508.200	81.900	29.400	619.500	86.290		
86.300	7.320	0.000	2.440	9.760	86.300	516.600	84.000	31.500	632.100	86.300		
86.310	0.000	0.000	2.440	2.440	86.310	520.800	86.100	33.600	640.500	86.310		
86.320	0.000	0.000	2.440	2.440	86.320	525.000	88.200	35.700	648.900	86.320		
86.330	0.000	0.000	0.000	0.000	86.330	520.800	92.400	39.900	653.100	86.330		
86.340	0.000	0.000	0.000	0.000	86.340	514.500	94.500	42.000	651.000	86.340		
86.350	0.000	0.000	0.000	0.000	86.350	506.100	96.600	44.100	646.800	86.350		
86.360	0.000	0.000	0.000	0.000	86.360	495.600	96.600	46.200	638.400	86.360		
86.370	0.000	0.000	0.000	0.000	86.370	483.000	96.600	48.300	627.900	86.370		
86.380	0.000	0.000	0.000	0.000	86.380	475.000	96.900	49.400	621.300	86.380		
86.390	0.000	0.000	0.000	0.000	86.390	467.400	95.000	49.400	611.800	86.390		
86.400	0.000	0.000	0.000	0.000	86.400	459.800	95.000	49.400	604.200	86.400		
86.410	0.000	0.000	0.000	0.000	86.410	452.200	91.200	49.400	592.800	86.410		
86.420	0.000	0.000	0.000	0.000	86.420	440.800	91.200	49.400	581.400	86.420		
86.430	0.000	0.000	0.000	0.000	86.430	433.200	91.200	51.300	575.700	86.430		
86.440	0.000	0.000	0.000	0.000	86.440	427.500	95.000	53.200	575.700	86.440		
86.450	0.000	0.000	0.000	0.000	86.450	412.300	98.800	58.900	570.000	86.450		
86.460	0.000	0.000	0.000	0.000	86.460	393.300	108.300	68.400	570.000	86.460		
86.470	0.000	0.000	0.000	0.000	86.470	376.200	115.900	79.800	571.900	86.470		
86.480	0.000	0.000	0.000	0.000	86.480	353.400	123.500	95.000	571.900	86.480		
86.490	0.000	0.000	0.000	0.000	86.490	332.500	136.800	108.300	577.600	86.490		
86.500	0.000	0.000	0.000	0.000	86.500	311.600	144.400	119.700	575.700	86.500		
86.510	0.000	0.000	0.000	0.000	86.510	290.700	153.900	134.900	579.500	86.510		
86.520	0.000	0.000	0.000	0.000	86.520	266.000	161.500	146.300	573.800	86.520		
86.530	0.000	0.000	0.000	0.000	86.530	241.120	168.960	161.920	572.000	86.530		
86.540	0.000	0.000	0.000	0.000	86.540	216.480	168.960	176.000	561.440	86.540		
86.550	0.000	0.000	0.000	0.000	86.550	193.600	172.480	191.840	557.920	86.550		
86.560	0.000	0.000	0.000	0.000	86.560	174.240	172.480	209.440	556.160	86.560		
86.570	0.000	0.000	0.000	0.000	86.570	156.640	172.480	227.040	556.160	86.570		
86.580	0.000	0.000	0.000	0.000	86.580	140.800	172.480	246.400	559.680	86.580		
86.590	0.000	0.000	0.000	0.000	86.590	126.720	172.480	265.760	564.960	86.590		
86.600	0.000	0.000	0.000	0.000	86.600	114.400	168.960	286.880	570.240	86.600		
86.610	0.000	0.000	0.000	0.000	86.610	102.080	167.200	309.760	579.040	86.610		
86.620	0.000	0.000	0.000	0.000	86.620	91.520	161.920	330.880	584.320	86.620		
86.630	0.000	0.000	0.000	0.000	86.630	80.960	156.640	352.000	589.600	86.630		
86.640	0.000	0.000	0.000	0.000	86.640	72.160	151.360	371.360	594.880	86.640		
86.650	0.000	0.000	0.000	0.000	86.650	61.600	140.800	394.240	596.640	86.650		
86.660	0.000	0.000	0.000	0.000	86.660	54.560	137.280	418.880	610.720	86.660		
86.670	0.000	0.000	0.000	0.000	86.670	45.760	126.720	440.000	612.480	86.670		
86.680	0.000	0.000	0.000	0.000	86.680	39.950	112.800	462.950	615.700	86.680		
86.690	0.000	0.000	0.000	0.000	86.690	32.900	105.750	486.450	625.100	86.690		
86.700	0.000	0.000	0.000	0.000	86.700	28.200	96.350	505.250	629.800	86.700		
86.710	0.000	0.000	0.000	0.000	86.710	21.150	89.300	526.400	636.850	86.710		
86.720	0.000	0.000	0.000	0.000	86.720	14.100	79.900	540.500	634.500	86.720		
86.730	0.000	0.000	0.000	0.000	86.730	7.050	70.500	559.300	636.850	86.730		
86.740	0.000	0.000	12.180	12.180	86.740	4.700	63.450	573.400	641.550	86.740		
86.750	0.000	0.000	34.800	34.800	86.750	2.350	56.400	580.450	639.200	86.750		
86.760	0.000	0.000	66.990	66.990	86.760	0.000	47.000	587.500	634.500	86.760		
86.770	0.000	0.000	104.400	104.400	86.770	0.000	39.950	582.800	622.750	86.770		
86.780	0.000	0.000	137.460	137.460	86.780	0.000	30.550	578.100	608.650	86.780		
86.790	0.000	1.740	164.430	166.170	86.790	0.000	21.150	568.700	589.850	86.790		
86.800	0.000	4.350	192.270	196.620	86.800	0.000	11.750	552.250	564.000	86.800		
86.810	1.740	9.570	217.500	228.810	86.810	0.000	4.700	526.400	531.100	86.810		
86.820	2.040	12.240	236.640	250.920	86.820	0.000	0.000	488.800	488.800	86.820		
86.830	4.080	18.360	248.880	271.320	86.830	0.000	0.000	440.000	440.000	86.830		
86.840	4.080	22.440	259.080	285.600	86.840	0.000	0.000	383.680	383.680	86.840		
86.850	6.120	28.560	273.360	308.040	86.850	0.000	0.000	329.120	329.120	86.850		
86.860	8.160	36.720	291.720	336.600	86.860	0.000	0.000	271.040	271.040	86.860		
86.870	12.240	44.880	316.200	373.320	86.870	0.000	0.000	216.480	216.480	86.870		
86.880	14.280	51.000	344.760	410.040	86.880	0.000	0.000	161.920	161.920	86.880		
86.890	16.320	53.040	369.240	438.600	86.890	0.000	0.000	114.400	114.400	86.890		
86.900	18.360	57.120	393.720	469.200	86.900	0.000	0.000	79.200	79.200	86.900		
86.910	22.440	61.200	418.200	501.840	86.910	0.000	0.000	51.040	51.040	86.910		
86.920	24.480	61.200	446.760	532.440	86.920	0.000	0.000	31.680	31.680	86.920		
86.930	24.480	61.200	467.160	552.840	86.930	1.760	1.760	19.360	22.880	86.930		
86.940	24.480	59.160	483.480	567.120	86.940	1.760	1.760	8.800	12.320	86.940		
86.950	26.520	57.120	495.720	579.360	86.950	1.760	1.760	7.040	10.560	86.950		
86.960	24.480	53.040	510.000	587.520	86.960	0.000	1.760	3.520	5.280	86.960		
86.970	27.170	52.250	518.320	597.740	86.970	0.000	1.760	7.040	8.800	86.970		
86.980	29.260	45.980	518.320	593.560	86.980	0.000	2.500	5.000	7.500	86.980		
86.990	27.170	43.890	522.500	593.560	86.990	0.000	2.500	5.000	7.500	86.990		
87.000	29.260	41.800	516.230	587.290	87.000	0.000	2.500	5.000	7.500	87.000		
87.010	29.260	39.710	512.050	581.020	87.010	0.000	0.000	2.500	2.500	87.010		
87.020	29.260	35.530	503.690	568.480	87.020	0.000	2.500	2.500	5.000	87.020		
87.030	31.350	35.530	493.240	560.120	87.030	0.000	0.000	0.000	0.000	87.030		
87.040	33.440	33.440	484.880	551.760	87.040	0.000	2.500	2.500	5.000	87.040		
87.050	33.440	33.440	472.340	539.220	87.050	0.000	2.500	2.500	5.000	87.050		
87.060	35.530	33.440	461.890	530.860	87.060	0.000	0.000	0.000	0.000	87.060		
87.070	41.800	35.530	449.350	526.680	87.070	0.000	0.000	0.000	0.000	87.070		
87.080	43.890	35.530	436.810	516.230	87.080	0.000	0.000	0.000	0.000	87.080		
87.090	52.250	39.710	418.000	509.960	87.090	0.000	2.500	0.000	2.500	87.090		
87.100	58.520	43.890	403.370	505.780	87.100	0.000	0.000	0.000	0.000	87.100		
87.110	66.880	45.980	388.740	501.600	87.110	0.000	2.500	0.000	2.500	87.110		
87.120	77.480	53.640	372.500	503.620	87.120	0.000	2.500	0.000	2.500	87.120		
87.130	86.420	59.600	356.110	502.130	87.130	0.000	2.500	0.000	2.500	87.130		
87.140	93.870	61.090	341.210	496.170	87.140	0.000	2.500	0.000	2.500	87.140		
87.150	101.320	71.520	324.820	497.660	87.150	0.000	0.000	0.000	0.000	87.150		
87.160	111.750	81.950	309.920	503.620	87.160	0.000	2.500	0.000	2.500	87.160		
87.170	123.670	89.400	289.060	502.130	87.170	0.000	0.000	0.000	0.000	87.170		
87.180	137.080	96.850	266.710	500.640	87.180	0.000	2.500	0.000	2.500	87.180		
87.190	151.980	107.280	247.340	506.600	87.190	0.000	0.000	0.000	0.000	87.190		
87.200	169.860	114.730	222.010	506.600	87.200	0.000	0.000	0.000	0.000	87.200		
87.210	189.230	123.670	199.660	512.560	87.210	0.000	2.500	0.000	2.500	87.210		
87.220	211.580	131.120	177.310	520.010	87.220	0.000	2.500	0.000	2.500	87.220		
87.230	233.930	138.570	156.450	528.950	87.230	0.000	2.500	0.000	2.500	87.230		
87.240	263.730	141.550	137.080	542.360	87.240	0.000	0.000	0.000	0.000	87.240		
87.250	292.040	144.530	116.220	552.790	87.250	0.000	0.000	0.000	0.000	87.250		
87.260	329.290	141.550	96.850	567.690	87.260	0.000	2.500	0.000	2.500	87.260		
87.270	370.740	133.200	71.040	574.980	87.270	0.000	2.500	0.000	2.500	87.270		
87.280	406.260	124.320	53.280	583.860	87.280	0.000	1.710	0.000	1.710	87.280		
87.290	444.000	108.780	39.960	592.740	87.290	3.420	0.000	0.000	3.420	87.290		
87.300	472.860	93.240	28.860	594.960	87.300	22.230	1.710	0.000	23.940	87.300		
87.310	503.940	75.480	19.980	599.400	87.310	49.590	1.710	0.000	51.300	87.310		
87.320	528.360	62.160	11.100	601.620	87.320	97.470	1.710	0.000	99.180	87.320		
87.330	543.900	46.620	6.660	597.180	87.330	152.190	1.710	0.000	153.900	87.330		
87.340	555.000	31.080	2.220	588.300	87.340	203.490	1.710	0.000	205.200	87.340		
87.350	555.000	24.420	0.000	579.420	87.350	244.530	1.710	0.000	246.240	87.350		
87.360	546.120	15.540	0.000	561.660	87.360	277.020	3.420	0.000	280.440	87.360		
87.370	526.140	8.880	0.000	535.020	87.370	319.770	6.840	0.000	326.610	87.370		
87.380	492.840	2.220	0.000	495.060	87.380	359.100	17.100	0.000	376.200	87.380		
87.390	450.660	0.000	0.000	450.660	87.390	384.750	29.070	3.420	417.240	87.390		
87.400	404.040	0.000	0.000	404.040	87.400	401.850	46.170	6.840	454.860	87.400		
87.410	344.100	0.000	0.000	344.100	87.410	417.240	64.980	13.680	495.900	87.410		
87.420	267.500	0.000	0.000	267.500	87.420	427.500	82.080	22.230	531.810	87.420		
87.430	191.530	0.000	0.000	191.530	87.430	436.180	94.570	30.880	561.630	87.430		
87.440	129.470	0.000	0.000	129.470	87.440	445.830	104.220	36.670	586.720	87.440		
87.450	79.180	0.000	0.000	79.180	87.450	461.270	111.940	42.460	615.670	87.450		
87.460	47.080	0.000	0.000	47.080	87.460	470.920	115.800	46.320	633.040	87.460		
87.470	24.610	0.000	0.000	24.610	87.470	476.710	119.660	48.250	644.620	87.470		
87.480	11.770	0.000	4.280	16.050	87.480	482.500	123.520	52.110	658.130	87.480		
87.490	7.490	0.000	2.140	9.630	87.490	478.640	123.520	52.110	654.270	87.490		
87.500	4.280	0.000	2.140	6.420	87.500	476.710	123.520	54.040	654.270	87.500		
87.510	2.140	0.000	0.000	2.140	87.510	470.920	123.520	54.040	648.480	87.510		
87.520	2.140	0.000	0.000	2.140	87.520	459.340	121.590	54.040	634.970	87.520		
87.530	2.140	0.000	0.000	2.140	87.530	445.830	121.590	59.830	627.250	87.530		
87.540	0.000	0.000	0.000	0.000	87.540	428.460	121.590	55.970	606.020	87.540		
87.550	0.000	0.000	0.000	0.000	87.550	411.090	121.590	59.830	592.510	87.550		
87.560	0.000	0.000	0.000	0.000	87.560	393.720	119.660	63.690	577.070	87.560		
87.570	0.000	0.000	0.000	0.000	87.570	372.490	119.660	69.480	561.630	87.570		
87.580	0.000	0.000	0.000	0.000	87.580	350.000	116.200	71.400	537.600	87.580		
87.590	0.000	0.000	0.000	0.000	87.590	331.800	116.200	79.800	527.800	87.590		
87.600	0.000	0.000	0.000	0.000	87.600	315.000	116.200	86.800	518.000	87.600		
87.610	0.000	0.000	0.000	0.000	87.610	296.800	121.800	93.800	512.400	87.610		
87.620	0.000	0.000	0.000	0.000	87.620	277.200	124.600	102.200	504.000	87.620		
87.630	0.000	0.000	0.000	0.000	87.630	256.200	127.400	109.200	492.800	87.630		
87.640	0.000	0.000	0.000	0.000	87.640	239.400	131.600	116.200	487.200	87.640		
87.650	0.000	0.000	0.000	0.000	87.650	224.000	137.200	128.800	490.000	87.650		
87.660	0.000	0.000	0.000	0.000	87.660	210.000	141.400	140.000	491.400	87.660		
87.670	0.000	0.000	0.000	0.000	87.670	191.800	147.000	151.200	490.000	87.670		
87.680	0.000	0.000	0.000	0.000	87.680	176.400	154.000	163.800	494.200	87.680		
87.690	0.000	0.000	0.000	0.000	87.690	159.600	159.600	182.000	501.200	87.690		
87.700	0.000	0.000	0.000	0.000	87.700	141.400	163.800	204.400	509.600	87.700		
87.710	0.000	0.000	0.000	0.000	87.710	127.400	163.800	224.000	515.200	87.710		
87.720	0.000	0.000	0.000	0.000	87.720	114.800	169.400	246.400	530.600	87.720		
87.730	0.000	0.000	0.000	0.000	87.730	98.800	165.490	271.700	535.990	87.730		
87.740	0.000	0.000	0.000	0.000	87.740	86.450	165.490	298.870	550.810	87.740		
87.750	0.000	0.000	0.000	0.000	87.750	74.100	163.020	323.570	560.690	87.750		
87.760	2.500	0.000	0.000	2.500	87.760	61.750	158.080	353.210	573.040	87.760		
87.770	0.000	0.000	0.000	0.000	87.770	54.340	153.140	380.380	587.860	87.770		
87.780	0.000	0.000	0.000	0.000	87.780	44.460	145.730	412.490	602.680	87.780		
87.790	2.500	0.000	0.000	2.500	87.790	39.520	138.320	442.130	619.970	87.790		
87.800	2.500	0.000	0.000	2.500	87.800	32.110	128.440	474.240	634.790	87.800		
87.810	0.000	0.000	0.000	0.000	87.810	24.700	118.560	501.410	644.670	87.810		
87.820	0.000	0.000	0.000	0.000	87.820	17.290	106.210	531.050	654.550	87.820		
87.830	2.500	0.000	0.000	2.500	87.830	9.880	93.860	553.280	657.020	87.830		
87.840	2.500	0.000	0.000	2.500	87.840	4.940	81.510	575.510	661.960	87.840		
87.850	2.500	0.000	0.000	2.500	87.850	2.470	71.630	592.800	666.900	87.850		
87.860	0.000	0.000	0.000	0.000	87.860	0.000	61.750	607.620	669.370	87.860		
87.870	2.030	0.000	0.000	2.030	87.870	0.000	49.400	617.500	666.900	87.870		
87.880	0.000	2.030	6.090	8.120	87.880	0.000	39.360	615.000	654.360	87.880		
87.890	0.000	2.030	48.720	50.750	87.890	0.000	31.980	602.700	634.680	87.890		
87.900	0.000	2.030	113.680	115.710	87.900	0.000	22.140	583.020	605.160	87.900		
87.910	0.000	2.030	170.520	172.550	87.910	0.000	14.760	553.500	568.260	87.910		
87.920	0.000	2.030	221.270	223.300	87.920	0.000	7.380	511.680	519.060	87.920		
87.930	0.000	4.060	278.110	282.170	87.930	0.000	2.460	452.640	455.100	87.930		
87.940	0.000	8.120	343.070	351.190	87.940	0.000	0.000	386.220	386.220	87.940		
87.950	4.060	14.210	393.820	412.090	87.950	0.000	0.000	312.420	312.420	87.950		
87.960	6.090	24.360	426.300	456.750	87.960	0.000	0.000	236.160	236.160	87.960		
87.970	12.180	34.510	446.600	493.290	87.970	0.000	0.000	164.820	164.820	87.970		
87.980	14.210	48.720	466.900	529.830	87.980	0.000	0.000	103.320	103.320	87.980		
87.990	22.330	69.020	483.140	574.490	87.990	0.000	0.000	66.420	66.420	87.990		
88.000	28.420	87.290	499.380	615.090	88.000	0.000	0.000	41.820	41.820	88.000		
88.010	38.570	99.470	507.500	645.540	88.010	0.000	0.000	27.060	27.060	88.010		
88.020	48.070	106.590	516.230	670.890	88.020	4.920	0.000	14.760	19.680	88.020		
88.030	58.520	110.770	522.500	691.790	88.030	2.480	2.480	10.000	14.960	88.030		
88.040	68.970	110.770	522.500	702.240	88.040	2.480	0.000	7.480	9.960	88.040		
88.050	79.420	117.040	516.230	712.690	88.050	2.480	2.480	7.480	12.440	88.050		
88.060	85.690	117.040	501.600	704.330	88.060	0.000	2.480	5.000	7.480	88.060		
88.070	94.050	117.040	484.880	695.970	88.070	0.000	0.000	5.000	5.000	88.070		
88.080	98.230	114.950	463.980	677.160	88.080	0.000	0.000	2.480	2.480	88.080		
88.090	106.590	110.770	440.990	658.350	88.090	0.000	2.480	2.480	4.960	88.090		
88.100	114.950	108.680	411.730	635.360	88.100	0.000	0.000	2.480	2.480	88.100		
88.110	121.220	106.590	376.200	604.010	88.110	0.000	0.000	2.480	2.480	88.110		
88.120	131.670	104.500	349.030	585.200	88.120	0.000	0.000	2.480	2.480	88.120		
88.130	137.940	102.410	321.860	562.210	88.130	0.000	0.000	0.000	0.000	88.130		
88.140	146.300	96.140	296.780	539.220	88.140	0.000	0.000	0.000	0.000	88.140		
88.150	154.660	94.050	271.700	520.410	88.150	0.000	0.000	0.000	0.000	88.150		
88.160	163.020	94.050	248.710	505.780	88.160	0.000	0.000	0.000	0.000	88.160		
88.170	171.520	89.780	226.460	487.760	88.170	0.000	0.000	0.000	0.000	88.170		
88.180	182.240	89.780	206.360	478.380	88.180	0.000	0.000	0.000	0.000	88.180		
88.190	191.620	89.780	191.620	473.020	88.190	0.000	0.000	0.000	0.000	88.190		
88.200	202.340	89.780	179.560	471.680	88.200	0.000	0.000	0.000	0.000	88.200		
88.210	209.040	87.100	167.500	463.640	88.210	0.000	0.000	0.000	0.000	88.210		
88.220	219.760	87.100	156.780	463.640	88.220	0.000	0.000	0.000	0.000	88.220		
88.230	229.140	89.780	148.740	467.660	88.230	0.000	0.000	0.000	0.000	88.230		
88.240	239.860	92.460	142.040	474.360	88.240	0.000	0.000	0.000	0.000	88.240		
88.250	251.920	93.800	134.000	479.720	88.250	0.000	0.000	0.000	0.000	88.250		
88.260	261.300	96.480	124.620	482.400	88.260	0.000	0.000	0.000	0.000	88.260		
88.270	274.700	96.480	116.580	487.760	88.270	0.000	0.000	0.000	0.000	88.270		
88.280	286.760	99.160	107.200	493.120	88.280	0.000	0.000	0.000	0.000	88.280		
88.290	301.500	99.160	96.480	497.140	88.290	0.000	0.000	0.000	0.000	88.290		
88.300	316.240	99.160	84.420	499.820	88.300	0.000	0.000	0.000	0.000	88.300		
88.310	335.000	96.480	72.360	503.840	88.310	0.000	0.000	0.000	0.000	88.310		
88.320	354.240	97.200	60.480	511.920	88.320	0.000	0.000	0.000	0.000	88.320		
88.330	371.520	97.200	54.000	522.720	88.330	0.000	0.000	0.000	0.000	88.330		
88.340	390.960	97.200	49.680	537.840	88.340	0.000	0.000	0.000	0.000	88.340		
88.350	416.880	92.880	43.200	552.960	88.350	0.000	0.000	0.000	0.000	88.350		
88.360	438.480	88.560	38.880	565.920	88.360	0.000	0.000	0.000	0.000	88.360		
88.370	457.920	84.240	34.560	576.720	88.370	0.000	0.000	0.000	0.000	88.370		
88.380	483.840	75.600	32.400	591.840	88.380	0.000	0.000	0.000	0.000	88.380		
88.390	503.280	66.960	23.760	594.000	88.390	0.000	0.000	0.000	0.000	88.390		
88.400	516.240	58.320	17.280	591.840	88.400	0.000	0.000	0.000	0.000	88.400		
88.410	527.040	49.680	10.800	587.520	88.410	15.000	0.000	0.000	15.000	88.410		
88.420	533.520	41.040	6.480	581.040	88.420	65.000	2.500	0.000	67.500	88.420		
88.430	540.000	34.560	4.320	578.880	88.430	140.000	2.500	0.000	142.500	88.430		
88.440	535.680	25.920	0.000	561.600	88.440	200.000	2.500	0.000	202.500	88.440		
88.450	531.360	19.440	0.000	550.800	88.450	237.500	0.000	0.000	237.500	88.450		
88.460	520.560	12.960	0.000	533.520	88.460	270.000	0.000	0.000	270.000	88.460		
88.470	497.500	9.950	0.000	507.450	88.470	312.500	2.500	0.000	315.000	88.470		
88.480	463.670	5.970	0.000	469.640	88.480	361.080	6.120	0.000	367.200	88.480		
88.490	425.860	1.990	0.000	427.850	88.490	395.760	16.320	2.040	414.120	88.490		
88.500	382.080	0.000	0.000	382.080	88.500	418.200	28.560	6.120	452.880	88.500		
88.510	332.330	0.000	0.000	332.330	88.510	432.480	44.880	8.160	485.520	88.510		
88.520	270.640	0.000	0.000	270.640	88.520	436.560	59.160	14.280	510.000	88.520		
88.530	210.940	0.000	0.000	210.940	88.530	444.720	71.400	22.440	538.560	88.530		
88.540	151.240	0.000	0.000	151.240	88.540	450.840	81.600	28.560	561.000	88.540		
88.550	103.480	0.000	0.000	103.480	88.550	463.080	89.760	38.760	591.600	88.550		
88.560	63.680	0.000	0.000	63.680	88.560	473.280	93.840	46.920	614.040	88.560		
88.570	39.800	0.000	0.000	39.800	88.570	485.520	95.880	57.120	638.520	88.570		
88.580	21.890	1.990	1.990	25.870	88.580	495.720	95.880	67.320	658.920	88.580		
88.590	9.950	1.990	5.970	17.910	88.590	503.880	99.960	71.400	675.240	88.590		
88.600	3.980	1.990	1.990	7.960	88.600	510.000	99.960	81.600	691.560	88.600		
88.610	3.980	1.990	3.980	9.950	88.610	503.880	99.960	89.760	693.600	88.610		
88.620	5.000	2.500	2.500	10.000	88.620	499.800	93.840	95.880	689.520	88.620		
88.630	2.500	2.500	2.500	7.500	88.630	487.500	93.600	101.400	682.500	88.630		
88.640	2.500	2.500	2.500	7.500	88.640	473.850	91.650	103.350	668.850	88.640		
88.650	0.000	2.500	2.500	5.000	88.650	456.300	91.650	109.200	657.150	88.650		
88.660	2.500	0.000	2.500	5.000	88.660	438.750	91.650	113.100	643.500	88.660		
88.670	2.500	0.000	2.500	5.000	88.670	417.300	89.700	120.900	627.900	88.670		
88.680	0.000	2.500	2.500	5.000	88.680	395.850	89.700	126.750	612.300	88.680		
88.690	0.000	2.500	2.500	5.000	88.690	376.350	89.700	134.550	600.600	88.690		
88.700	0.000	2.500	2.500	5.000	88.700	354.900	91.650	138.450	585.000	88.700		
88.710	0.000	0.000	2.500	2.500	88.710	331.500	91.650	148.200	571.350	88.710		
88.720	0.000	0.000	2.500	2.500	88.720	312.000	91.650	156.000	559.650	88.720		
88.730	0.000	0.000	2.500	2.500	88.730	286.650	93.600	161.850	542.100	88.730		
88.740	0.000	0.000	2.500	2.500	88.740	267.150	97.500	171.600	536.250	88.740		
88.750	0.000	0.000	2.500	2.500	88.750	249.600	99.450	179.400	528.450	88.750		
88.760	0.000	0.000	0.000	0.000	88.760	228.150	101.400	189.150	518.700	88.760		
88.770	0.000	0.000	0.000	0.000	88.770	210.600	103.350	200.850	514.800	88.770		
88.780	0.000	0.000	0.000	0.000	88.780	194.040	106.920	213.840	514.800	88.780		
88.790	0.000	0.000	0.000	0.000	88.790	178.200	110.880	225.720	514.800	88.790		
88.800	0.000	0.000	0.000	0.000	88.800	166.320	116.820	239.580	522.720	88.800		
88.810	0.000	0.000	0.000	0.000	88.810	154.440	118.800	253.440	526.680	88.810		
88.820	0.000	0.000	0.000	0.000	88.820	140.580	124.740	269.280	534.600	88.820		
88.830	0.000	0.000	0.000	0.000	88.830	130.680	126.720	287.100	544.500	88.830		
88.840	0.000	0.000	0.000	0.000	88.840	120.780	128.700	304.920	554.400	88.840		
88.850	0.000	0.000	0.000	0.000	88.850	108.900	134.640	324.720	568.260	88.850		
88.860	0.000	0.000	0.000	0.000	88.860	100.980	134.640	344.520	580.140	88.860		
88.870	0.000	0.000	0.000	0.000	88.870	91.080	136.620	364.320	592.020	88.870		
88.880	0.000	0.000	0.000	0.000	88.880	81.180	136.620	388.080	605.880	88.880		
88.890	0.000	2.500	0.000	2.500	88.890	71.280	134.640	413.820	619.740	88.890		
88.900	0.000	0.000	0.000	0.000	88.900	59.400	128.700	441.540	629.640	88.900		
88.910	0.000	2.500	0.000	2.500	88.910	51.480	120.780	469.260	641.520	88.910		
88.920	0.000	2.380	0.000	2.380	88.920	43.560	114.840	495.000	653.400	88.920		
88.930	0.000	0.000	0.000	0.000	88.930	36.000	100.800	518.400	655.200	88.930		
88.940	0.000	2.380	0.000	2.380	88.940	31.200	91.200	542.400	664.800	88.940		
88.950	2.380	2.380	0.000	4.760	88.950	26.400	81.600	559.200	667.200	88.950		
88.960	0.000	2.380	0.000	2.380	88.960	16.800	72.000	573.600	662.400	88.960		
88.970	0.000	2.380	0.000	2.380	88.970	9.600	64.800	583.200	657.600	88.970		
88.980	0.000	2.380	0.000	2.380	88.980	7.200	52.800	592.800	652.800	88.980		
88.990	0.000	2.380	7.140	9.520	88.990	2.400	45.600	600.000	648.000	88.990		
89.000	0.000	4.760	41.650	46.410	89.000	0.000	38.400	600.000	638.400	89.000		
89.010	0.000	2.380	96.390	98.770	89.010	0.000	31.200	590.400	621.600	89.010		
89.020	0.000	2.380	143.990	146.370	89.020	0.000	26.400	578.400	604.800	89.020		
89.030	0.000	4.760	177.310	182.070	89.030	0.000	19.200	559.200	578.400	89.030		
89.040	0.000	4.760	207.060	211.820	89.040	0.000	14.400	530.400	544.800	89.040		
89.050	0.000	4.760	252.280	257.040	89.050	0.000	12.000	492.000	504.000	89.050		
89.060	0.000	9.520	297.500	307.020	89.060	0.000	7.200	441.600	448.800	89.060		
89.070	4.060	14.210	330.890	349.160	89.070	0.000	4.800	379.200	384.000	89.070		
89.080	4.060	18.270	357.280	379.610	89.080	0.000	0.000	302.500	302.500	89.080		
89.090	8.120	28.420	379.610	416.150	89.090	0.000	0.000	232.320	232.320	89.090		
89.100	12.180	36.540	406.000	454.720	89.100	0.000	0.000	171.820	171.820	89.100		
89.110	14.210	48.720	432.390	495.320	89.110	0.000	0.000	119.790	119.790	89.110		
89.120	18.270	60.900	456.750	535.920	89.120	0.000	0.000	82.280	82.280	89.120		
89.130	24.360	73.080	477.050	574.490	89.130	0.000	0.000	54.450	54.450	89.130		
89.140	26.390	83.230	489.230	598.850	89.140	0.000	0.000	39.930	39.930	89.140		
89.150	32.480	89.320	497.350	619.150	89.150	4.840	0.000	21.780	26.620	89.150		
89.160	36.540	97.440	503.440	637.420	89.160	4.840	0.000	16.940	21.780	89.160		
89.170	44.660	99.470	507.500	651.630	89.170	2.420	0.000	14.520	16.940	89.170		
89.180	48.720	101.500	503.440	653.660	89.180	4.840	0.000	9.680	14.520	89.180		
89.190	54.810	103.530	497.350	655.690	89.190	2.420	0.000	7.260	9.680	89.190		
89.200	60.900	105.560	483.140	649.600	89.200	0.000	0.000	7.260	7.260	89.200		
89.210	69.020	105.560	468.930	643.510	89.210	2.420	0.000	9.680	12.100	89.210		
89.220	78.760	103.820	447.500	630.080	89.220	2.420	0.000	7.260	9.680	89.220		
89.230	89.500	102.030	424.230	615.760	89.230	2.490	0.000	4.980	7.470	89.230		
89.240	96.660	102.030	400.960	599.650	89.240	2.490	0.000	4.980	7.470	89.240		
89.250	102.030	102.030	381.270	585.330	89.250	2.490	0.000	7.500	9.990	89.250		
89.260	109.190	102.030	361.580	572.800	89.260	2.490	0.000	4.980	7.470	89.260		
89.270	116.350	98.450	338.310	553.110	89.270	0.000	0.000	4.980	4.980	89.270		
89.280	121.720	102.030	322.200	545.950	89.280	0.000	0.000	2.490	2.490	89.280		
89.290	128.880	102.030	300.720	531.630	89.290	0.000	0.000	2.490	2.490	89.290		
89.300	136.040	103.820	281.030	520.890	89.300	2.490	0.000	2.490	4.980	89.300		
89.310	144.990	103.820	264.920	513.730	89.310	0.000	0.000	4.980	4.980	89.310		
89.320	153.940	103.820	247.020	504.780	89.320	0.000	0.000	2.490	2.490	89.320		
89.330	164.680	107.400	229.120	501.200	89.330	0.000	0.000	2.490	2.490	89.330		
89.340	173.630	109.190	211.220	494.040	89.340	2.490	0.000	2.490	4.980	89.340		
89.350	189.740	110.980	193.320	494.040	89.350	0.000	0.000	2.490	2.490	89.350		
89.360	202.270	114.560	180.790	497.620	89.360	0.000	0.000	2.490	2.490	89.360		
89.370	215.000	116.960	166.840	498.800	89.370	0.000	0.000	2.490	2.490	89.370		
89.380	227.040	118.680	156.520	502.240	89.380	0.000	0.000	0.000	0.000	89.380		
89.390	239.080	123.840	144.480	507.400	89.390	0.000	0.000	0.000	0.000	89.390		
89.400	251.120	123.840	134.160	509.120	89.400	0.000	0.000	2.500	2.500	89.400		
89.410	266.600	127.280	122.120	516.000	89.410	0.000	0.000	0.000	0.000	89.410		
89.420	278.640	127.280	111.800	517.720	89.420	0.000	0.000	2.500	2.500	89.420		
89.430	294.120	127.280	99.760	521.160	89.430	0.000	0.000	0.000	0.000	89.430		
89.440	309.600	123.840	86.000	519.440	89.440	0.000	0.000	0.000	0.000	89.440		
89.450	326.800	122.120	77.400	526.320	89.450	0.000	0.000	2.500	2.500	89.450		
89.460	342.280	118.680	67.080	528.040	89.460	0.000	0.000	0.000	0.000	89.460		
89.470	356.040	118.680	58.480	533.200	89.470	0.000	0.000	0.000	0.000	89.470		
89.480	376.680	118.680	51.600	546.960	89.480	0.000	0.000	0.000	0.000	89.480		
89.490	393.880	116.960	46.440	557.280	89.490	0.000	0.000	0.000	0.000	89.490		
89.500	409.360	116.960	41.280	567.600	89.500	0.000	0.000	0.000	0.000	89.500		
89.510	430.000	111.800	34.400	576.200	89.510	0.000	0.000	0.000	0.000	89.510		
89.520	451.540	104.860	29.960	586.360	89.520	0.000	0.000	2.500	2.500	89.520		
89.530	468.660	96.300	23.540	588.500	89.530	0.000	0.000	0.000	0.000	89.530		
89.540	483.640	85.600	17.120	586.360	89.540	0.000	0.000	0.000	0.000	89.540		
89.550	498.620	77.040	10.700	586.360	89.550	0.000	0.000	0.000	0.000	89.550		
89.560	511.460	66.340	6.420	584.220	89.560	10.990	1.570	0.000	12.560	89.560		
89.570	524.300	55.640	4.280	584.220	89.570	47.100	1.570	0.000	48.670	89.570		
89.580	530.720	47.080	2.140	579.940	89.580	98.910	1.570	0.000	100.480	89.580		
89.590	535.000	36.380	0.000	571.380	89.590	141.300	1.570	0.000	142.870	89.590		
89.600	528.580	29.960	0.000	558.540	89.600	164.850	0.000	0.000	164.850	89.600		
89.610	517.880	21.400	0.000	539.280	89.610	186.830	0.000	0.000	186.830	89.610		
89.620	507.180	17.120	0.000	524.300	89.620	224.510	1.570	0.000	226.080	89.620		
89.630	481.500	10.700	0.000	492.200	89.630	263.760	1.570	1.570	266.900	89.630		
89.640	449.400	8.560	0.000	457.960	89.640	299.870	4.710	1.570	306.150	89.640		
89.650	413.020	6.420	0.000	419.440	89.650	339.120	14.130	1.570	354.820	89.650		
89.660	376.640	4.280	0.000	380.920	89.660	368.950	26.690	6.280	401.920	89.660		
89.670	322.500	1.290	0.000	323.790	89.670	392.500	43.960	10.990	447.450	89.670		
89.680	267.030	0.000	0.000	267.030	89.680	407.230	61.760	21.230	490.220	89.680		
89.690	214.140	0.000	0.000	214.140	89.690	416.880	73.340	28.950	519.170	89.690		
89.700	161.250	0.000	0.000	161.250	89.700	426.530	81.060	44.390	551.980	89.700		
89.710	112.230	0.000	0.000	112.230	89.710	436.180	88.780	59.830	584.790	89.710		
89.720	72.240	0.000	0.000	72.240	89.720	449.690	90.710	69.480	609.880	89.720		
89.730	41.280	1.290	0.000	42.570	89.730	459.340	90.710	81.060	631.110	89.730		
89.740	21.930	1.290	1.290	24.510	89.740	468.990	94.570	94.570	658.130	89.740		
89.750	9.030	1.290	9.030	19.350	89.750	476.710	88.780	102.290	667.780	89.750		
89.760	3.870	1.290	6.450	11.610	89.760	482.500	90.710	111.940	685.150	89.760		
89.770	1.290	1.290	6.450	9.030	89.770	482.500	86.850	115.800	685.150	89.770		
89.780	1.290	1.290	6.450	9.030	89.780	476.710	86.850	121.590	685.150	89.780		
89.790	1.290	1.290	3.870	6.450	89.790	468.990	81.060	127.380	677.430	89.790		
89.800	1.290	1.290	3.870	6.450	89.800	461.270	79.130	131.240	671.640	89.800		
89.810	1.290	0.000	3.870	5.160	89.810	445.830	77.200	137.030	660.060	89.810		
89.820	0.000	2.500	5.000	7.500	89.820	432.320	73.340	140.890	646.550	89.820		
89.830	0.000	2.500	5.000	7.500	89.830	415.000	71.380	149.400	635.780	89.830		
89.840	0.000	2.500	5.000	7.500	89.840	396.740	69.720	156.040	622.500	89.840		
89.850	0.000	2.500	5.000	7.500	89.850	378.480	66.400	159.360	604.240	89.850		
89.860	0.000	0.000	5.000	5.000	89.860	361.880	64.740	166.000	592.620	89.860		
89.870	0.000	0.000	5.000	5.000	89.870	348.600	64.740	174.300	587.640	89.870		
89.880	0.000	0.000	5.000	5.000	89.880	332.000	61.420	179.280	572.700	89.880		
89.890	0.000	0.000	5.000	5.000	89.890	317.060	61.420	185.920	564.400	89.890		
89.900	0.000	0.000	5.000	5.000	89.900	303.780	61.420	199.200	564.400	89.900		
89.910	0.000	0.000	5.000	5.000	89.910	292.160	64.740	209.160	566.060	89.910		
89.920	0.000	0.000	5.000	5.000	89.920	278.880	64.740	217.460	561.080	89.920		
89.930	0.000	0.000	5.000	5.000	89.930	268.920	66.400	227.420	562.740	89.930		
89.940	0.000	0.000	5.000	5.000	89.940	257.300	66.400	237.380	561.080	89.940		
89.950	0.000	0.000	5.000	5.000	89.950	244.020	69.720	249.000	562.740	89.950		
89.960	0.000	0.000	2.500	2.500	89.960	234.060	71.380	262.280	567.720	89.960		
89.970	0.000	0.000	2.500	2.500	89.970	222.440	74.700	273.900	571.040	89.970		
89.980	0.000	0.000	2.500	2.500	89.980	206.150	75.950	290.780	572.880	89.980		
89.990	0.000	2.500	2.500	5.000	89.990	190.960	78.120	308.140	577.220	89.990		
90.000	0.000	2.500	2.500	5.000	90.000	177.940	78.120	325.500	581.560	90.000		
90.010	0.000	2.500	2.500	5.000	90.010	167.090	82.460	340.690	590.240	90.010		
90.020	0.000	0.000	2.500	2.500	90.020	154.070	84.630	362.390	601.090	90.020		
90.030	0.000	0.000	0.000	0.000	90.030	141.050	84.630	381.920	607.600	90.030		
90.040	0.000	0.000	0.000	0.000	90.040	128.030	86.800	401.450	616.280	90.040		
90.050	0.000	0.000	0.000	0.000	90.050	117.180	86.800	423.150	627.130	90.050		
90.060	0.000	0.000	0.000	0.000	90.060	101.990	86.800	440.510	629.300	90.060		
90.070	0.000	2.500	0.000	2.500	90.070	88.970	84.630	462.210	635.810	90.070		
90.080	0.000	2.500	0.000	2.500	90.080	78.120	82.460	481.740	642.320	90.080		
90.090	2.500	0.000	0.000	2.500	90.090	69.440	75.950	501.270	646.660	90.090		
90.100	2.500	0.000	0.000	2.500	90.100	60.760	69.440	516.460	646.660	90.100		
90.110	2.500	0.000	0.000	2.500	90.110	54.250	60.760	531.650	646.660	90.110		
90.120	1.520	0.000	0.000	1.520	90.120	45.570	54.250	542.500	642.320	90.120		
90.130	0.000	0.000	0.000	0.000	90.130	41.990	46.410	548.080	636.480	90.130		
90.140	0.000	0.000	1.520	1.520	90.140	35.360	41.990	552.500	629.850	90.140		
90.150	0.000	1.520	21.280	22.800	90.150	33.150	35.360	552.500	621.010	90.150		
90.160	0.000	0.000	56.240	56.240	90.160	28.730	30.940	552.500	612.170	90.160		
90.170	0.000	1.520	101.840	103.360	90.170	22.100	28.730	543.660	594.490	90.170		
90.180	0.000	0.000	139.840	139.840	90.180	11.050	24.310	530.400	565.760	90.180		
90.190	0.000	1.520	168.720	170.240	90.190	4.420	22.100	510.510	537.030	90.190		
90.200	0.000	1.520	206.720	208.240	90.200	0.000	19.890	483.990	503.880	90.200		
90.210	1.520	4.560	253.840	259.920	90.210	0.000	13.260	457.470	470.730	90.210		
90.220	4.560	9.120	299.440	313.120	90.220	0.000	8.840	424.320	433.160	90.220		
90.230	6.080	16.720	329.840	352.640	90.230	0.000	6.630	384.540	391.170	90.230		
90.240	9.120	27.360	349.600	386.080	90.240	0.000	2.210	331.500	333.710	90.240		
90.250	13.680	36.480	366.320	416.480	90.250	0.000	0.000	274.040	274.040	90.250		
90.260	16.720	54.720	380.000	451.440	90.260	0.000	0.000	214.370	214.370	90.260		
90.270	27.000	77.400	394.200	498.600	90.270	0.000	0.000	154.700	154.700	90.270		
90.280	36.000	90.000	405.000	531.000	90.280	0.000	0.000	97.500	97.500	90.280		
90.290	48.600	97.200	414.000	559.800	90.290	0.000	0.000	62.400	62.400	90.290		
90.300	64.800	100.800	426.600	592.200	90.300	4.680	0.000	42.120	46.800	90.300		
90.310	73.800	106.200	437.400	617.400	90.310	7.410	0.000	24.960	32.370	90.310		
90.320	86.400	109.800	444.600	640.800	90.320	7.410	0.000	14.820	22.230	90.320		
90.330	93.600	113.400	450.000	657.000	90.330	7.410	0.000	12.480	19.890	90.330		
90.340	100.800	113.400	450.000	664.200	90.340	4.680	0.000	9.750	14.430	90.340		
90.350	106.200	117.000	441.000	664.200	90.350	4.680	0.000	7.410	12.090	90.350		
90.360	113.400	117.000	433.800	664.200	90.360	4.680	0.000	4.680	9.360	90.360		
90.370	118.800	117.000	421.200	657.000	90.370	4.680	0.000	4.680	9.360	90.370		
90.380	126.000	117.000	406.800	649.800	90.380	4.680	0.000	4.680	9.360	90.380		
90.390	131.400	111.600	388.800	631.800	90.390	4.680	0.000	7.410	12.090	90.390		
90.400	136.800	109.800	374.400	621.000	90.400	4.680	0.000	4.680	9.360	90.400		
90.410	144.000	109.800	360.000	613.800	90.410	4.680	0.000	4.680	9.360	90.410		
90.420	152.320	108.800	340.000	601.120	90.420	4.680	0.000	4.680	9.360	90.420		
90.430	159.120	111.520	316.880	587.520	90.430	4.980	0.000	2.490	7.470	90.430		
90.440	170.000	114.240	293.760	578.000	90.440	4.980	0.000	2.490	7.470	90.440		
90.450	182.240	119.680	269.280	571.200	90.450	4.980	0.000	4.980	9.960	90.450		
90.460	191.760	119.680	244.800	556.240	90.460	4.980	0.000	4.980	9.960	90.460		
90.470	201.280	122.400	224.400	548.080	90.470	4.980	0.000	4.980	9.960	90.470		
90.480	216.240	119.680	204.000	539.920	90.480	4.980	0.000	2.490	7.470	90.480		
90.490	231.200	119.680	186.320	537.200	90.490	4.980	0.000	4.980	9.960	90.490		
90.500	244.800	119.680	170.000	534.480	90.500	4.980	0.000	4.980	9.960	90.500		
90.510	259.760	119.680	152.320	531.760	90.510	4.980	0.000	2.490	7.470	90.510		
90.520	274.720	119.680	137.360	531.760	90.520	4.980	2.490	4.980	12.450	90.520		
90.530	284.240	116.960	126.480	527.680	90.530	2.490	0.000	7.500	9.990	90.530		
90.540	293.760	114.240	119.680	527.680	90.540	4.980	2.490	4.980	12.450	90.540		
90.550	304.640	111.520	114.240	530.400	90.550	2.490	2.490	4.980	9.960	90.550		
90.560	311.440	111.520	111.520	534.480	90.560	2.490	2.490	7.500	12.480	90.560		
90.570	319.210	112.340	112.340	543.890	90.570	2.490	2.490	7.500	12.480	90.570		
90.580	321.950	109.600	112.340	543.890	90.580	2.490	2.490	7.500	12.480	90.580		
90.590	321.950	109.600	113.710	545.260	90.590	2.490	2.490	7.500	12.480	90.590		
90.600	321.950	109.600	116.450	548.000	90.600	2.490	2.490	7.500	12.480	90.600		
90.610	321.950	112.340	121.930	556.220	90.610	2.490	0.000	4.980	7.470	90.610		
90.620	321.950	113.710	127.410	563.070	90.620	0.000	2.490	4.980	7.470	90.620		
90.630	321.950	119.190	131.520	572.660	90.630	0.000	2.490	4.980	7.470	90.630		
90.640	321.950	121.930	134.260	578.140	90.640	2.490	0.000	4.980	7.470	90.640		
90.650	321.950	124.670	137.000	583.620	90.650	0.000	0.000	2.490	2.490	90.650		
90.660	324.690	127.410	134.260	586.360	90.660	2.490	0.000	2.490	4.980	90.660		
90.670	324.690	128.780	131.520	584.990	90.670	0.000	0.000	2.490	2.490	90.670		
90.680	328.800	128.780	127.410	584.990	90.680	0.000	2.490	2.490	4.980	90.680		
90.690	331.540	128.780	121.930	582.250	90.690	0.000	0.000	2.490	2.490	90.690		
90.700	337.020	128.780	113.710	579.510	90.700	0.000	0.000	0.000	0.000	90.700		
90.710	342.500	128.780	106.860	578.140	90.710	2.490	0.000	0.000	2.490	90.710		
90.720	348.840	126.540	94.050	569.430	90.720	0.000	0.000	0.000	0.000	90.720		
90.730	357.390	121.410	83.790	562.590	90.730	5.000	0.000	0.000	5.000	90.730		
90.740	364.230	119.700	73.530	557.460	90.740	15.000	0.000	0.000	15.000	90.740		
90.750	371.070	114.570	64.980	550.620	90.750	30.000	0.000	0.000	30.000	90.750		
90.760	381.330	104.310	54.720	540.360	90.760	47.500	0.000	0.000	47.500	90.760		
90.770	391.590	99.180	46.170	536.940	90.770	70.000	0.000	0.000	70.000	90.770		
90.780	403.560	88.920	39.330	531.810	90.780	102.500	0.000	0.000	102.500	90.780		
90.790	412.110	78.660	32.490	523.260	90.790	132.500	0.000	0.000	132.500	90.790		
90.800	418.950	71.820	27.360	518.130	90.800	160.000	0.000	0.000	160.000	90.800		
90.810	424.080	59.850	18.810	502.740	90.810	185.000	0.000	0.000	185.000	90.810		
90.820	427.500	49.590	13.680	490.770	90.820	217.500	2.500	0.000	220.000	90.820		
90.830	427.500	41.040	11.970	480.510	90.830	247.500	7.500	2.500	257.500	90.830		
90.840	422.370	32.490	6.840	461.700	90.840	272.500	12.500	2.500	287.500	90.840		
90.850	412.110	27.360	3.420	442.890	90.850	287.500	20.000	5.000	312.500	90.850		
90.860	396.720	18.810	1.710	417.240	90.860	302.500	32.500	10.000	345.000	90.860		
90.870	375.000	15.000	0.000	390.000	90.870	312.500	40.000	12.500	365.000	90.870		
90.880	349.500	9.000	0.000	358.500	90.880	315.840	48.720	16.800	381.360	90.880		
90.890	319.500	7.500	0.000	327.000	90.890	329.280	57.120	21.840	408.240	90.890		
90.900	285.000	4.500	0.000	289.500	90.900	341.040	63.840	23.520	428.400	90.900		
90.910	249.000	1.500	0.000	250.500	90.910	354.480	72.240	26.880	453.600	90.910		
90.920	207.000	0.000	0.000	207.000	90.920	366.240	78.960	31.920	477.120	90.920		
90.930	166.500	0.000	0.000	166.500	90.930	379.680	87.360	33.600	500.640	90.930		
90.940	129.000	0.000	0.000	129.000	90.940	391.440	97.440	36.960	525.840	90.940		
90.950	97.500	0.000	0.000	97.500	90.950	401.520	104.160	42.000	547.680	90.950		
90.960	67.500	0.000	0.000	67.500	90.960	411.600	110.880	47.040	569.520	90.960		
90.970	46.500	0.000	0.000	46.500	90.970	414.960	120.960	52.080	588.000	90.970		
90.980	30.000	1.500	4.500	36.000	90.980	416.640	131.040	57.120	604.800	90.980		
90.990	16.500	1.500	4.500	22.500	90.990	420.000	136.080	62.160	618.240	90.990		
91.000	9.000	1.500	1.500	12.000	91.000	420.000	141.120	63.840	624.960	91.000		
91.010	7.500	1.500	4.500	13.500	91.010	416.640	146.160	67.200	630.000	91.010		
91.020	5.000	2.500	5.000	12.500	91.020	416.640	149.520	68.880	635.040	91.020		
91.030	5.000	2.500	2.500	10.000	91.030	412.500	151.800	70.950	635.250	91.030		
91.040	2.500	5.000	5.000	12.500	91.040	409.200	151.800	74.250	635.250	91.040		
91.050	5.000	2.500	5.000	12.500	91.050	400.950	151.800	74.250	627.000	91.050		
91.060	2.500	2.500	2.500	7.500	91.060	394.350	151.800	74.250	620.400	91.060		
91.070	2.500	2.500	2.500	7.500	91.070	384.450	151.800	79.200	615.450	91.070		
91.080	2.500	2.500	2.500	7.500	91.080	379.500	151.800	82.500	613.800	91.080		
91.090	0.000	2.500	2.500	5.000	91.090	369.600	148.500	82.500	600.600	91.090		
91.100	0.000	2.500	2.500	5.000	91.100	361.350	148.500	82.500	592.350	91.100		
91.110	0.000	2.500	2.500	5.000	91.110	356.400	148.500	82.500	587.400	91.110		
91.120	0.000	2.500	2.500	5.000	91.120	349.800	148.500	84.150	582.450	91.120		
91.130	0.000	2.500	2.500	5.000	91.130	344.850	148.500	87.450	580.800	91.130		
91.140	2.500	2.500	2.500	7.500	91.140	336.600	146.850	89.100	572.550	91.140		
91.150	2.500	2.500	2.500	7.500	91.150	334.950	146.850	92.400	574.200	91.150		
91.160	0.000	2.500	2.500	5.000	91.160	330.000	148.500	94.050	572.550	91.160		
91.170	0.000	0.000	2.500	2.500	91.170	326.700	148.500	99.000	574.200	91.170		
91.180	0.000	2.500	0.000	2.500	91.180	325.000	152.100	101.400	578.500	91.180		
91.190	0.000	2.500	2.500	5.000	91.190	319.800	154.700	106.600	581.100	91.190		
91.200	0.000	2.500	2.500	5.000	91.200	314.600	157.300	114.400	586.300	91.200		
91.210	0.000	2.500	0.000	2.500	91.210	309.400	159.900	117.000	586.300	91.210		
91.220	0.000	2.500	0.000	2.500	91.220	304.200	162.500	122.200	588.900	91.220		
91.230	0.000	2.500	0.000	2.500	91.230	296.400	163.800	130.000	590.200	91.230		
91.240	0.000	2.500	0.000	2.500	91.240	292.500	166.400	133.900	592.800	91.240		
91.250	0.000	2.500	0.000	2.500	91.250	287.300	166.400	141.700	595.400	91.250		
91.260	0.000	2.500	0.000	2.500	91.260	282.100	166.400	149.500	598.000	91.260		
91.270	0.000	2.500	0.000	2.500	91.270	276.900	169.000	159.900	605.800	91.270		
91.280	0.000	2.500	0.000	2.500	91.280	274.300	166.400	163.800	604.500	91.280		
91.290	0.000	2.500	0.000	2.500	91.290	271.700	169.000	174.200	614.900	91.290		
91.300	0.000	2.500	0.000	2.500	91.300	269.100	166.400	179.400	614.900	91.300		
91.310	0.000	2.500	0.000	2.500	91.310	266.500	169.000	187.200	622.700	91.310		
91.320	0.000	4.810	0.000	4.810	91.320	261.300	169.000	195.000	625.300	91.320		
91.330	2.220	4.810	0.000	7.030	91.330	257.500	169.950	199.820	627.270	91.330		
91.340	4.810	4.810	2.220	11.840	91.340	249.260	166.860	204.970	621.090	91.340		
91.350	12.210	4.810	4.810	21.830	91.350	239.990	164.800	209.090	613.880	91.350		
91.360	14.800	7.400	4.810	27.010	91.360	231.750	159.650	214.240	605.640	91.360		
91.370	19.980	7.400	7.400	34.780	91.370	224.540	154.500	219.390	598.430	91.370		
91.380	27.380	7.400	7.400	42.180	91.380	214.240	149.350	222.480	586.070	91.380		
91.390	34.780	12.210	9.990	56.980	91.390	204.970	144.200	224.540	573.710	91.390		
91.400	37.370	14.800	14.800	66.970	91.400	194.670	136.990	224.540	556.200	91.400		
91.410	39.960	17.390	19.980	77.330	91.410	179.220	131.840	231.750	542.810	91.410		
91.420	44.770	24.790	32.190	101.750	91.420	166.860	126.690	231.750	525.300	91.420		
91.430	52.170	29.970	47.360	129.500	91.430	149.350	119.480	234.840	503.670	91.430		
91.440	57.350	34.780	62.160	154.290	91.440	126.690	112.270	236.900	475.860	91.440		
91.450	57.350	37.370	77.330	172.050	91.450	104.030	104.030	239.990	448.050	91.450		
91.460	57.350	42.180	92.500	192.030	91.460	84.460	99.910	239.990	424.360	91.460		
91.470	56.500	44.070	114.130	214.700	91.470	66.950	91.670	239.990	398.610	91.470		
91.480	56.500	49.720	134.470	240.690	91.480	49.920	84.480	240.000	374.400	91.480		
91.490	59.890	54.240	149.160	263.290	91.490	39.360	79.680	237.120	356.160	91.490		
91.500	62.150	56.500	164.980	283.630	91.500	29.760	72.000	232.320	334.080	91.500		
91.510	68.930	64.410	179.670	313.010	91.510	22.080	62.400	224.640	309.120	91.510		
91.520	74.580	68.930	194.360	337.870	91.520	14.400	54.720	216.960	286.080	91.520		
91.530	79.100	72.320	206.790	358.210	91.530	6.720	47.040	207.360	261.120	91.530		
91.540	84.750	76.840	219.220	380.810	91.540	4.800	42.240	196.800	243.840	91.540		
91.550	89.270	82.490	233.910	405.670	91.550	1.920	34.560	179.520	216.000	91.550		
91.560	91.530	84.750	247.470	423.750	91.560	0.000	29.760	167.040	196.800	91.560		
91.570	97.180	89.270	254.250	440.700	91.570	0.000	22.080	149.760	171.840	91.570		
91.580	101.700	94.920	264.420	461.040	91.580	0.000	14.400	129.600	144.000	91.580		
91.590	103.960	99.440	268.940	472.340	91.590	0.000	9.600	112.320	121.920	91.590		
91.600	109.610	101.700	276.850	488.160	91.600	0.000	6.720	92.160	98.880	91.600		
91.610	114.130	103.960	282.500	500.590	91.610	0.000	4.800	72.000	76.800	91.610		
91.620	119.380	109.220	289.560	518.160	91.620	1.920	1.920	54.720	58.560	91.620		
91.630	121.920	109.220	297.180	528.320	91.630	4.960	2.400	40.000	47.360	91.630		
91.640	127.000	114.300	307.340	548.640	91.640	4.960	2.400	24.960	32.320	91.640		
91.650	132.080	114.300	309.880	556.260	91.650	4.960	0.000	14.880	19.840	91.650		
91.660	134.620	116.840	314.960	566.420	91.660	4.960	0.000	7.360	12.320	91.660		
91.670	137.160	116.840	317.500	571.500	91.670	4.960	0.000	4.960	9.920	91.670		
91.680	142.240	119.380	317.500	579.120	91.680	4.960	0.000	2.400	7.360	91.680		
91.690	142.240	119.380	314.960	576.580	91.690	2.400	0.000	2.400	4.800	91.690		
91.700	144.780	119.380	312.420	576.580	91.700	2.400	0.000	2.400	4.800	91.700		
91.710	147.320	119.380	312.420	579.120	91.710	2.400	0.000	0.000	2.400	91.710		
91.720	149.860	119.380	307.340	576.580	91.720	2.400	0.000	0.000	2.400	91.720		
91.730	147.320	116.840	304.800	568.960	91.730	2.400	0.000	0.000	2.400	91.730		
91.740	147.320	116.840	304.800	568.960	91.740	2.400	0.000	0.000	2.400	91.740		
91.750	149.860	114.300	302.260	566.420	91.750	2.400	0.000	0.000	2.400	91.750		
91.760	147.320	111.760	304.800	563.880	91.760	0.000	0.000	0.000	0.000	91.760		
91.770	144.540	109.500	306.600	560.640	91.770	0.000	0.000	0.000	0.000	91.770		
91.780	141.620	106.580	309.520	557.720	91.780	2.340	0.000	0.000	2.340	91.780		
91.790	134.320	102.200	316.820	553.340	91.790	2.340	0.000	0.000	2.340	91.790		
91.800	129.940	99.280	327.040	556.260	91.800	2.340	0.000	2.340	4.680	91.800		
91.810	124.100	96.360	337.260	557.720	91.810	2.340	0.000	2.340	4.680	91.810		
91.820	116.800	96.360	347.480	560.640	91.820	2.340	0.000	2.340	4.680	91.820		
91.830	112.420	94.900	356.240	563.560	91.830	2.340	0.000	2.340	4.680	91.830		
91.840	106.580	94.900	362.080	563.560	91.840	2.340	0.000	4.940	7.280	91.840		
91.850	106.580	94.900	365.000	566.480	91.850	4.940	4.940	12.480	22.360	91.850		
91.860	103.660	94.900	359.160	557.720	91.860	9.880	4.940	17.420	32.240	91.860		
91.870	103.660	94.900	356.240	554.800	91.870	14.820	7.280	24.960	47.060	91.870		
91.880	103.660	94.900	348.940	547.500	91.880	19.760	9.880	34.840	64.480	91.880		
91.890	102.200	91.980	338.720	532.900	91.890	24.960	9.880	44.980	79.820	91.890		
91.900	102.200	89.060	329.960	521.220	91.900	34.840	12.480	52.260	99.580	91.900		
91.910	99.280	86.140	316.820	502.240	91.910	44.980	12.480	59.800	117.260	91.910		
91.920	99.220	82.280	302.500	484.000	91.920	59.800	14.820	65.000	139.620	91.920		
91.930	96.800	79.860	289.190	465.850	91.930	82.490	19.710	74.460	176.660	91.930		
91.940	96.800	73.810	279.510	450.120	91.940	97.090	21.900	79.570	198.560	91.940		
91.950	94.380	71.390	267.410	433.180	91.950	109.500	24.820	79.570	213.890	91.950		
91.960	91.960	66.550	256.520	415.030	91.960	119.720	24.820	82.490	227.030	91.960		
91.970	89.540	61.710	244.420	395.670	91.970	127.020	24.820	84.680	236.520	91.970		
91.980	84.700	56.870	234.740	376.310	91.980	132.130	27.010	82.490	241.630	91.980		
91.990	82.280	56.870	227.480	366.630	91.990	137.240	27.010	82.490	246.740	91.990		
92.000	77.440	54.450	219.010	350.900	92.000	142.350	27.010	82.490	251.850	92.000		
92.010	73.810	52.030	211.750	337.590	92.010	147.460	27.010	82.490	256.960	92.010		
92.020	71.390	52.030	206.910	330.330	92.020	154.760	27.010	79.570	261.340	92.020		
92.030	66.550	49.610	204.490	320.650	92.030	162.060	27.010	77.380	266.450	92.030		
92.040	64.130	49.610	204.490	318.230	92.040	167.170	24.820	74.460	266.450	92.040		
92.050	61.710	49.610	204.490	315.810	92.050	172.280	21.900	72.270	266.450	92.050		
92.060	59.290	49.610	204.490	313.390	92.060	174.470	21.900	69.350	265.720	92.060		
92.070	57.040	49.680	207.000	313.720	92.070	182.500	21.900	69.350	273.750	92.070		
92.080	57.040	52.440	209.760	319.240	92.080	184.800	21.840	62.160	268.800	92.080		
92.090	54.280	52.440	214.360	321.080	92.090	187.320	19.320	62.160	268.800	92.090		
92.100	54.280	52.440	217.120	323.840	92.100	187.320	19.320	57.120	263.760	92.100		
92.110	52.440	52.440	219.880	324.760	92.110	189.840	19.320	57.120	266.280	92.110		
92.120	52.440	52.440	221.720	326.600	92.120	192.360	19.320	57.120	268.800	92.120		
92.130	52.440	54.280	221.720	328.440	92.130	192.360	16.800	54.600	263.760	92.130		
92.140	49.680	54.280	224.480	328.440	92.140	192.360	19.320	57.120	268.800	92.140		
92.150	49.680	54.280	224.480	328.440	92.150	194.880	16.800	54.600	266.280	92.150		
92.160	46.920	54.280	224.480	325.680	92.160	194.880	16.800	54.600	266.280	92.160		
92.170	44.160	54.280	227.240	325.680	92.170	194.880	16.800	54.600	266.280	92.170		
92.180	44.160	54.280	227.240	325.680	92.180	199.920	16.800	49.560	266.280	92.180		
92.190	42.320	54.280	227.240	323.840	92.190	202.440	16.800	47.040	266.280	92.190		
92.200	39.560	54.280	230.000	323.840	92.200	207.480	16.800	47.040	271.320	92.200		
92.210	39.560	54.280	230.000	323.840	92.210	210.000	19.320	42.000	271.320	92.210		
92.220	36.630	54.450	231.660	322.740	92.220	214.700	19.950	37.050	271.700	92.220		
92.230	31.680	54.450	236.610	322.740	92.230	219.450	19.950	34.200	273.600	92.230		
92.240	29.700	54.450	239.580	323.730	92.240	224.200	19.950	32.300	276.450	92.240		
92.250	26.730	57.420	239.580	323.730	92.250	229.900	19.950	29.450	279.300	92.250		
92.260	26.730	54.450	241.560	322.740	92.260	231.800	19.950	26.600	278.350	92.260		
92.270	24.750	54.450	241.560	320.760	92.270	234.650	19.950	26.600	281.200	92.270		
92.280	21.780	54.450	244.530	320.760	92.280	237.500	19.950	24.700	282.150	92.280		
92.290	21.780	54.450	247.500	323.730	92.290	237.500	19.950	24.700	282.150	92.290		
92.300	19.800	52.470	247.500	319.770	92.300	234.650	19.950	24.700	279.300	92.300		
92.310	19.800	52.470	247.500	319.770	92.310	234.650	19.950	26.600	281.200	92.310		
92.320	19.800	52.470	247.500	319.770	92.320	231.800	17.100	24.700	273.600	92.320		
92.330	19.800	54.450	247.500	321.750	92.330	231.800	19.950	26.600	278.350	92.330		
92.340	19.800	54.450	244.530	318.780	92.340	229.900	17.100	26.600	273.600	92.340		
92.350	19.800	54.450	244.530	318.780	92.350	229.900	17.100	29.450	276.450	92.350		
92.360	19.800	54.450	241.560	315.810	92.360	224.200	17.100	26.600	267.900	92.360		
92.370	19.600	54.880	242.060	316.540	92.370	225.000	17.100	27.000	269.100	92.370		
92.380	21.560	56.840	242.060	320.460	92.380	222.300	17.100	29.700	269.100	92.380		
92.390	19.600	56.840	239.120	315.560	92.390	222.300	17.100	32.400	271.800	92.390		
92.400	21.560	56.840	237.160	315.560	92.400	219.600	17.100	32.400	269.100	92.400		
92.410	21.560	59.780	237.160	318.500	92.410	216.900	17.100	32.400	266.400	92.410		
92.420	24.500	59.780	237.160	321.440	92.420	214.200	17.100	32.400	263.700	92.420		
92.430	24.500	59.780	237.160	321.440	92.430	212.400	17.100	32.400	261.900	92.430		
92.440	27.440	61.740	239.120	328.300	92.440	207.000	14.400	34.200	255.600	92.440		
92.450	27.440	61.740	239.120	328.300	92.450	204.300	14.400	34.200	252.900	92.450		
92.460	27.440	66.640	239.120	333.200	92.460	204.300	14.400	36.900	255.600	92.460		
92.470	27.440	66.640	242.060	336.140	92.470	202.500	17.100	36.900	256.500	92.470		
92.480	29.400	66.640	242.060	338.100	92.480	197.100	14.400	36.900	248.400	92.480		
92.490	29.400	69.580	242.060	341.040	92.490	194.400	14.400	36.900	245.700	92.490		
92.500	32.340	69.580	245.000	346.920	92.500	191.700	14.400	39.600	245.700	92.500		
92.510	29.400	71.540	245.000	345.940	92.510	189.900	14.400	36.900	241.200	92.510		
92.520	31.680	74.250	244.530	350.460	92.520	190.000	12.160	37.240	239.400	92.520		
92.530	31.680	74.250	241.560	347.490	92.530	186.960	12.160	39.520	238.640	92.530		
92.540	31.680	77.220	241.560	350.460	92.540	184.680	12.160	41.800	238.640	92.540		
92.550	34.650	74.250	241.560	350.460	92.550	182.400	12.160	41.800	236.360	92.550		
92.560	36.630	77.220	241.560	355.410	92.560	182.400	12.160	41.800	236.360	92.560		
92.570	36.630	77.220	236.610	350.460	92.570	179.360	12.160	41.800	233.320	92.570		
92.580	39.600	79.200	236.610	355.410	92.580	177.080	12.160	41.800	231.040	92.580		
92.590	36.630	82.170	239.580	358.380	92.590	174.800	12.160	41.800	228.760	92.590		
92.600	39.600	82.170	239.580	361.350	92.600	171.760	12.160	39.520	223.440	92.600		
92.610	39.600	84.150	239.580	363.330	92.610	171.760	12.160	39.520	223.440	92.610		
92.620	36.630	87.120	241.560	365.310	92.620	169.480	12.160	39.520	221.160	92.620		
92.630	36.630	87.120	241.560	365.310	92.630	169.480	12.160	39.520	221.160	92.630		
92.640	36.630	89.100	244.530	370.260	92.640	167.200	9.880	34.960	212.040	92.640		
92.650	36.630	89.100	247.500	373.230	92.650	164.920	12.160	34.960	212.040	92.650		
92.660	36.630	92.070	247.500	376.200	92.660	161.880	9.880	34.960	206.720	92.660		
92.670	37.100	92.220	249.100	378.420	92.670	157.500	9.450	34.650	201.600	92.670		
92.680	37.100	92.220	252.280	381.600	92.680	157.500	9.450	32.130	199.080	92.680		
92.690	37.100	94.340	252.280	383.720	92.690	152.460	11.970	32.130	196.560	92.690		
92.700	37.100	94.340	254.400	385.840	92.700	149.940	9.450	29.610	189.000	92.700		
92.710	37.100	96.460	256.520	390.080	92.710	149.940	9.450	27.090	186.480	92.710		
92.720	37.100	96.460	261.820	395.380	92.720	147.420	6.930	24.570	178.920	92.720		
92.730	37.100	96.460	261.820	395.380	92.730	144.900	9.450	24.570	178.920	92.730		
92.740	37.100	96.460	261.820	395.380	92.740	144.900	6.930	22.050	173.880	92.740		
92.750	37.100	99.640	265.000	401.740	92.750	147.420	9.450	19.530	176.400	92.750		
92.760	37.100	99.640	265.000	401.740	92.760	147.420	9.450	17.010	173.880	92.760		
92.770	39.220	99.640	265.000	403.860	92.770	149.940	9.450	14.490	173.880	92.770		
92.780	39.220	96.460	265.000	400.680	92.780	149.940	9.450	14.490	173.880	92.780		
92.790	42.400	96.460	265.000	403.860	92.790	152.460	9.450	11.970	173.880	92.790		
92.800	42.400	96.460	265.000	403.860	92.800	154.980	9.450	11.970	176.400	92.800		
92.810	42.400	96.460	261.820	400.680	92.810	157.500	11.970	9.450	178.920	92.810		
92.820	44.100	96.600	262.500	403.200	92.820	162.000	11.880	9.720	183.600	92.820		
92.830	44.100	96.600	259.350	400.050	92.830	164.160	14.040	6.480	184.680	92.830		
92.840	44.100	96.600	257.250	397.950	92.840	167.400	14.040	4.320	185.760	92.840		
92.850	44.100	96.600	254.100	394.800	92.850	171.720	14.040	4.320	190.080	92.850		
92.860	47.250	94.500	249.900	391.650	92.860	177.120	14.040	4.320	195.480	92.860		
92.870	47.250	96.600	246.750	390.600	92.870	181.440	17.280	2.160	200.880	92.870		
92.880	49.350	94.500	241.500	385.350	92.880	186.840	19.440	4.320	210.600	92.880		
92.890	49.350	92.400	234.150	375.900	92.890	192.240	21.600	2.160	216.000	92.890		
92.900	49.350	89.250	229.950	368.550	92.900	199.800	24.840	4.320	228.960	92.900		
92.910	54.600	89.250	221.550	365.400	92.910	207.360	29.160	4.320	240.840	92.910		
92.920	56.700	87.150	212.100	355.950	92.920	214.920	32.400	4.320	251.640	92.920		
92.930	59.850	81.900	199.500	341.250	92.930	226.800	36.720	4.320	267.840	92.930		
92.940	61.950	79.800	186.900	328.650	92.940	239.760	44.280	6.480	290.520	92.940		
92.950	64.050	74.550	172.200	310.800	92.950	254.880	49.680	6.480	311.040	92.950		
92.960	64.050	67.200	152.250	283.500	92.960	270.000	57.240	9.720	336.960	92.960		
92.970	64.770	62.220	127.500	254.490	92.970	289.380	63.700	10.920	364.000	92.970		
92.980	62.220	52.020	102.000	216.240	92.980	311.220	74.620	14.560	400.400	92.980		
92.990	59.670	44.880	79.560	184.110	92.990	329.420	81.900	16.380	427.700	92.990		
93.000	54.570	34.680	57.120	146.370	93.000	345.800	91.000	18.200	455.000	93.000		
93.010	49.980	29.580	39.780	119.340	93.010	365.820	98.280	21.840	485.940	93.010		
93.020	42.330	19.890	29.580	91.800	93.020	384.020	107.380	27.300	518.700	93.020		
93.030	34.680	14.790	22.440	71.910	93.030	398.580	116.480	27.300	542.360	93.030		
93.040	29.580	12.240	17.340	59.160	93.040	411.320	121.940	29.120	562.380	93.040		
93.050	19.890	9.690	12.240	41.820	93.050	424.060	127.400	30.940	582.400	93.050		
93.060	14.790	7.140	12.240	34.170	93.060	431.340	131.040	30.940	593.320	93.060		
93.070	7.140	7.140	9.690	23.970	93.070	438.620	136.500	30.940	606.060	93.070		
93.080	2.040	4.590	9.690	16.320	93.080	445.900	141.960	34.580	622.440	93.080		
93.090	0.000	4.590	9.690	14.280	93.090	449.540	143.780	36.400	629.720	93.090		
93.100	0.000	4.590	9.690	14.280	93.100	451.360	147.420	36.400	635.180	93.100		
93.110	0.000	4.590	7.140	11.730	93.110	455.000	147.420	36.400	638.820	93.110		
93.120	0.000	5.000	10.000	15.000	93.120	454.100	148.200	36.100	638.400	93.120		
93.130	0.000	5.000	7.480	12.480	93.130	452.200	146.300	34.200	632.700	93.130		
93.140	0.000	5.000	7.480	12.480	93.140	452.200	146.300	32.300	630.800	93.140		
93.150	0.000	5.000	7.480	12.480	93.150	452.200	146.300	32.300	630.800	93.150		
93.160	0.000	5.000	5.000	10.000	93.160	452.200	144.400	32.300	628.900	93.160		
93.170	0.000	5.000	5.000	10.000	93.170	454.100	144.400	28.500	627.000	93.170		
93.180	0.000	5.000	5.000	10.000	93.180	454.100	142.500	28.500	625.100	93.180		
93.190	0.000	5.000	5.000	10.000	93.190	456.000	138.700	26.600	621.300	93.190		
93.200	0.000	5.000	5.000	10.000	93.200	459.800	138.700	26.600	625.100	93.200		
93.210	0.000	2.480	5.000	7.480	93.210	461.700	134.900	24.700	621.300	93.210		
93.220	0.000	2.480	5.000	7.480	93.220	467.400	134.900	20.900	623.200	93.220		
93.230	0.000	2.480	5.000	7.480	93.230	469.300	129.200	19.000	617.500	93.230		
93.240	0.000	2.480	5.000	7.480	93.240	471.200	127.300	19.000	617.500	93.240		
93.250	0.000	2.480	5.000	7.480	93.250	475.000	123.500	17.100	615.600	93.250		
93.260	0.000	2.480	5.000	7.480	93.260	475.000	121.600	13.300	609.900	93.260		
93.270	0.000	2.500	5.000	7.500	93.270	477.500	118.420	13.370	609.290	93.270		
93.280	0.000	2.500	5.000	7.500	93.280	477.500	116.510	13.370	607.380	93.280		
93.290	0.000	2.500	5.000	7.500	93.290	477.500	116.510	13.370	607.380	93.290		
93.300	0.000	2.500	5.000	7.500	93.300	477.500	114.600	13.370	605.470	93.300		
93.310	0.000	2.500	5.000	7.500	93.310	473.680	110.780	13.370	597.830	93.310		
93.320	0.000	5.000	2.500	7.500	93.320	473.680	114.600	13.370	601.650	93.320		
93.330	0.000	5.000	2.500	7.500	93.330	469.860	114.600	13.370	597.830	93.330		
93.340	0.000	5.000	2.500	7.500	93.340	464.130	116.510	17.190	597.830	93.340		
93.350	0.000	5.000	2.500	7.500	93.350	456.490	116.510	17.190	590.190	93.350		
93.360	0.000	5.000	5.000	10.000	93.360	448.850	118.420	17.190	584.460	93.360		
93.370	0.000	5.000	2.500	7.500	93.370	443.120	116.510	17.190	576.820	93.370		
93.380	0.000	5.000	2.500	7.500	93.380	439.300	116.510	17.190	573.000	93.380		
93.390	0.000	5.000	5.000	10.000	93.390	433.570	114.600	17.190	565.360	93.390		
93.400	0.000	7.500	17.500	25.000	93.400	429.750	110.780	17.190	557.720	93.400		
93.410	2.500	12.500	25.000	40.000	93.410	422.110	106.960	17.190	546.260	93.410		
93.420	4.800	14.400	27.200	46.400	93.420	415.000	101.260	14.940	531.200	93.420		
93.430	7.200	14.400	29.600	51.200	93.430	406.700	96.280	14.940	517.920	93.430		
93.440	7.200	16.800	36.800	60.800	93.440	398.400	91.300	14.940	504.640	93.440		
93.450	12.000	20.000	49.600	81.600	93.450	391.760	86.320	11.620	489.700	93.450		
93.460	16.800	20.000	62.400	99.200	93.460	383.460	81.340	11.620	476.420	93.460		
93.470	22.400	22.400	74.400	119.200	93.470	373.500	74.700	6.640	454.840	93.470		
93.480	27.200	22.400	84.800	134.400	93.480	363.540	69.720	6.640	439.900	93.480		
93.490	32.000	24.800	96.800	153.600	93.490	351.920	64.740	4.980	421.640	93.490		
93.500	36.800	27.200	109.600	173.600	93.500	338.640	59.760	1.660	400.060	93.500		
93.510	40.000	27.200	122.400	189.600	93.510	327.020	54.780	1.660	383.460	93.510		
93.520	44.800	27.200	134.400	206.400	93.520	308.760	49.800	0.000	358.560	93.520		
93.530	44.800	27.200	147.200	219.200	93.530	293.820	44.820	0.000	338.640	93.530		
93.540	44.800	29.600	162.400	236.800	93.540	277.220	39.840	0.000	317.060	93.540		
93.550	47.200	29.600	180.000	256.800	93.550	262.280	34.860	0.000	297.140	93.550		
93.560	49.600	29.600	200.000	279.200	93.560	244.020	29.880	0.000	273.900	93.560		
93.570	51.150	31.000	218.550	300.700	93.570	225.000	24.300	0.000	249.300	93.570		
93.580	54.250	31.000	234.050	319.300	93.580	209.700	22.500	0.000	232.200	93.580		
93.590	58.900	31.000	249.550	339.450	93.590	194.400	17.100	0.000	211.500	93.590		
93.600	62.000	31.000	263.500	356.500	93.600	177.300	14.400	0.000	191.700	93.600		
93.610	63.550	34.100	282.100	379.750	93.610	162.000	11.700	0.000	173.700	93.610		
93.620	69.750	37.200	296.050	403.000	93.620	144.900	9.900	0.000	154.800	93.620		
93.630	71.300	38.750	311.550	421.600	93.630	132.300	9.900	0.000	142.200	93.630		
93.640	77.500	38.750	322.400	438.650	93.640	114.300	7.200	0.000	121.500	93.640		
93.650	82.150	41.850	334.800	458.800	93.650	97.200	7.200	0.000	104.400	93.650		
93.660	86.800	41.850	341.000	469.650	93.660	81.900	7.200	0.000	89.100	93.660		
93.670	89.900	44.950	351.850	486.700	93.670	69.300	4.500	0.000	73.800	93.670		
93.680	91.450	41.850	359.600	492.900	93.680	52.200	4.500	0.000	56.700	93.680		
93.690	94.550	41.850	368.900	505.300	93.690	36.900	4.500	0.000	41.400	93.690		
93.700	96.100	41.850	379.750	517.700	93.700	27.000	4.500	0.000	31.500	93.700		
93.710	102.300	41.850	387.500	531.650	93.710	14.400	1.800	0.000	16.200	93.710		
93.720	104.780	42.250	393.770	540.800	93.720	7.500	0.000	0.000	7.500	93.720		
93.730	109.850	42.250	403.910	556.010	93.730	2.490	0.000	0.000	2.490	93.730		
93.740	111.540	42.250	408.980	562.770	93.740	2.490	0.000	0.000	2.490	93.740		
93.750	116.610	42.250	412.360	571.220	93.750	0.000	0.000	0.000	0.000	93.750		
93.760	119.990	42.250	414.050	576.290	93.760	0.000	0.000	0.000	0.000	93.760		
93.770	121.680	38.870	414.050	574.600	93.770	0.000	0.000	0.000	0.000	93.770		
93.780	123.370	38.870	414.050	576.290	93.780	0.000	0.000	0.000	0.000	93.780		
93.790	126.750	38.870	417.430	583.050	93.790	0.000	0.000	0.000	0.000	93.790		
93.800	123.370	33.800	417.430	574.600	93.800	0.000	0.000	0.000	0.000	93.800		
93.810	123.370	33.800	419.120	576.290	93.810	0.000	0.000	0.000	0.000	93.810		
93.820	123.370	33.800	422.500	579.670	93.820	0.000	0.000	0.000	0.000	93.820		
93.830	123.370	32.110	422.500	577.980	93.830	0.000	0.000	0.000	0.000	93.830		
93.840	123.370	28.730	422.500	574.600	93.840	0.000	0.000	0.000	0.000	93.840		
93.850	123.370	28.730	419.120	571.220	93.850	0.000	0.000	0.000	0.000	93.850		
93.860	126.750	28.730	417.430	572.910	93.860	0.000	0.000	0.000	0.000	93.860		
93.870	126.160	26.560	415.000	567.720	93.870	0.000	0.000	0.000	0.000	93.870		
93.880	129.480	26.560	411.680	567.720	93.880	0.000	0.000	0.000	0.000	93.880		
93.890	134.460	26.560	406.700	567.720	93.890	0.000	0.000	0.000	0.000	93.890		
93.900	134.460	26.560	401.720	562.740	93.900	0.000	0.000	0.000	0.000	93.900		
93.910	139.440	26.560	396.740	562.740	93.910	0.000	0.000	0.000	0.000	93.910		
93.920	144.420	29.880	391.760	566.060	93.920	0.000	0.000	0.000	0.000	93.920		
93.930	149.400	29.880	386.780	566.060	93.930	0.000	0.000	0.000	0.000	93.930		
93.940	154.380	29.880	381.800	566.060	93.940	0.000	0.000	0.000	0.000	93.940		
93.950	159.360	29.880	373.500	562.740	93.950	0.000	0.000	0.000	0.000	93.950		
93.960	164.340	31.540	368.520	564.400	93.960	0.000	0.000	0.000	0.000	93.960		
93.970	174.300	34.860	361.880	571.040	93.970	0.000	0.000	2.500	2.500	93.970		
93.980	179.280	34.860	353.580	567.720	93.980	0.000	0.000	5.000	5.000	93.980		
93.990	185.920	36.520	346.940	569.380	93.990	0.000	0.000	10.000	10.000	93.990		
94.000	190.900	36.520	338.640	566.060	94.000	0.000	2.500	17.500	20.000	94.000		
94.010	199.200	36.520	328.680	564.400	94.010	0.000	0.000	25.000	25.000	94.010		
94.020	204.800	39.680	320.000	564.480	94.020	0.000	2.040	31.960	34.000	94.020		
94.030	212.480	39.680	309.760	561.920	94.030	0.000	2.040	44.880	46.920	94.030		
94.040	213.760	42.240	296.960	552.960	94.040	2.040	4.760	57.120	63.920	94.040		
94.050	218.880	39.680	286.720	545.280	94.050	4.760	7.480	69.360	81.600	94.050		
94.060	229.120	39.680	271.360	540.160	94.060	7.480	9.520	82.280	99.280	94.060		
94.070	236.800	39.680	249.600	526.080	94.070	17.000	12.240	87.040	116.280	94.070		
94.080	244.480	37.120	226.560	508.160	94.080	49.640	14.960	97.240	161.840	94.080		
94.090	249.600	32.000	202.240	483.840	94.090	82.280	19.720	104.720	206.720	94.090		
94.100	257.280	29.440	176.640	463.360	94.100	99.960	19.720	112.200	231.880	94.100		
94.110	264.960	24.320	147.200	436.480	94.110	109.480	19.720	116.960	246.160	94.110		
94.120	268.800	21.760	116.480	407.040	94.120	119.680	19.720	124.440	263.840	94.120		
94.130	271.360	16.640	87.040	375.040	94.130	129.880	19.720	134.640	284.240	94.130		
94.140	273.920	11.520	64.000	349.440	94.140	139.400	22.440	146.880	308.720	94.140		
94.150	268.800	8.960	49.920	327.680	94.150	154.360	22.440	157.080	333.880	94.150		
94.160	262.400	6.400	39.680	308.480	94.160	170.000	24.480	170.000	364.480	94.160		
94.170	247.500	4.950	36.630	289.080	94.170	182.400	24.000	182.400	388.800	94.170		
94.180	229.680	1.980	31.680	263.340	94.180	194.400	26.400	192.000	412.800	94.180		
94.190	211.860	1.980	24.750	238.590	94.190	204.000	32.400	206.400	442.800	94.190		
94.200	189.090	1.980	19.800	210.870	94.200	217.200	32.400	214.800	464.400	94.200		
94.210	167.310	1.980	14.850	184.140	94.210	229.200	34.800	229.200	493.200	94.210		
94.220	141.570	1.980	11.880	155.430	94.220	240.000	39.600	236.400	516.000	94.220		
94.230	116.820	1.980	9.900	128.700	94.230	252.000	42.000	249.600	543.600	94.230		
94.240	94.050	0.000	6.930	100.980	94.240	259.200	46.800	259.200	565.200	94.240		
94.250	72.270	0.000	6.930	79.200	94.250	270.000	49.200	270.000	589.200	94.250		
94.260	52.470	0.000	6.930	59.400	94.260	274.800	51.600	277.200	603.600	94.260		
94.270	36.630	0.000	6.930	43.560	94.270	279.600	54.000	284.400	618.000	94.270		
94.280	21.780	1.980	6.930	30.690	94.280	282.000	60.000	289.200	631.200	94.280		
94.290	9.900	0.000	4.950	14.850	94.290	284.400	60.000	294.000	638.400	94.290		
94.300	4.950	0.000	1.980	6.930	94.300	282.000	60.000	296.400	638.400	94.300		
94.310	0.000	0.000	1.980	1.980	94.310	282.000	60.000	300.000	642.000	94.310		
94.320	0.000	0.000	0.000	0.000	94.320	281.400	57.400	296.800	635.600	94.320		
94.330	0.000	0.000	0.000	0.000	94.330	281.400	57.400	296.800	635.600	94.330		
94.340	0.000	0.000	0.000	0.000	94.340	281.400	54.600	294.000	630.000	94.340		
94.350	0.000	0.000	0.000	0.000	94.350	281.400	51.800	289.800	623.000	94.350		
94.360	0.000	0.000	0.000	0.000	94.360	284.200	51.800	284.200	620.200	94.360		
94.370	0.000	2.500	0.000	2.500	94.370	287.000	51.800	281.400	620.200	94.370		
94.380	0.000	0.000	0.000	0.000	94.380	289.800	49.000	280.000	618.800	94.380		
94.390	0.000	2.500	0.000	2.500	94.390	291.200	51.800	277.200	620.200	94.390		
94.400	0.000	0.000	0.000	0.000	94.400	296.800	51.800	271.600	620.200	94.400		
94.410	0.000	0.000	0.000	0.000	94.410	303.800	51.800	267.400	623.000	94.410		
94.420	0.000	0.000	0.000	0.000	94.420	309.400	51.800	259.000	620.200	94.420		
94.430	0.000	0.000	0.000	0.000	94.430	319.200	51.800	254.800	625.800	94.430		
94.440	0.000	0.000	0.000	0.000	94.440	329.000	49.000	245.000	623.000	94.440		
94.450	0.000	0.000	0.000	0.000	94.450	338.800	46.200	236.600	621.600	94.450		
94.460	0.000	0.000	0.000	0.000	94.460	350.000	49.000	226.800	625.800	94.460		
94.470	0.000	0.000	0.000	0.000	94.470	362.180	49.140	218.400	629.720	94.470		
94.480	0.000	0.000	0.000	0.000	94.480	371.280	50.960	211.120	633.360	94.480		
94.490	0.000	0.000	0.000	0.000	94.490	378.560	50.960	203.840	633.360	94.490		
94.500	0.000	0.000	0.000	0.000	94.500	385.840	50.960	196.560	633.360	94.500		
94.510	0.000	0.000	0.000	0.000	94.510	394.940	54.600	189.280	638.820	94.510		
94.520	0.000	0.000	0.000	0.000	94.520	396.760	54.600	182.000	633.360	94.520		
94.530	0.000	2.500	0.000	2.500	94.530	404.040	54.600	171.080	629.720	94.530		
94.540	0.000	2.500	0.000	2.500	94.540	409.500	54.600	167.440	631.540	94.540		
94.550	0.000	0.000	0.000	0.000	94.550	411.320	54.600	158.340	624.260	94.550		
94.560	0.000	0.000	0.000	0.000	94.560	416.780	54.600	151.060	622.440	94.560		
94.570	0.000	0.000	0.000	0.000	94.570	422.240	54.600	143.780	620.620	94.570		
94.580	0.000	0.000	0.000	0.000	94.580	429.520	50.960	136.500	616.980	94.580		
94.590	0.000	0.000	0.000	0.000	94.590	436.800	50.960	127.400	615.160	94.590		
94.600	0.000	0.000	0.000	0.000	94.600	444.080	50.960	118.300	613.340	94.600		
94.610	0.000	2.500	0.000	2.500	94.610	455.000	50.960	111.020	616.980	94.610		
94.620	0.000	0.000	0.000	0.000	94.620	464.000	54.000	104.000	622.000	94.620		
94.630	0.000	2.480	0.000	2.480	94.630	470.000	52.000	100.000	622.000	94.630		
94.640	0.000	0.000	0.000	0.000	94.640	476.000	52.000	94.000	622.000	94.640		
94.650	0.000	0.000	0.000	0.000	94.650	484.000	54.000	90.000	628.000	94.650		
94.660	0.000	0.000	0.000	0.000	94.660	490.000	52.000	86.000	628.000	94.660		
94.670	0.000	0.000	0.000	0.000	94.670	494.000	54.000	84.000	632.000	94.670		
94.680	0.000	0.000	0.000	0.000	94.680	496.000	52.000	82.000	630.000	94.680		
94.690	0.000	0.000	0.000	0.000	94.690	500.000	52.000	80.000	632.000	94.690		
94.700	0.000	0.000	0.000	0.000	94.700	496.000	52.000	80.000	628.000	94.700		
94.710	0.000	0.000	0.000	0.000	94.710	496.000	54.000	76.000	626.000	94.710		
94.720	0.000	0.000	0.000	0.000	94.720	494.000	54.000	76.000	624.000	94.720		
94.730	0.000	0.000	0.000	0.000	94.730	492.000	54.000	74.000	620.000	94.730		
94.740	0.000	0.000	2.480	2.480	94.740	486.000	56.000	72.000	614.000	94.740		
94.750	0.000	0.000	5.000	5.000	94.750	476.000	56.000	74.000	606.000	94.750		
94.760	0.000	2.480	10.000	12.480	94.760	464.000	56.000	76.000	596.000	94.760		
94.770	0.000	0.000	16.500	16.500	94.770	450.000	55.800	79.200	585.000	94.770		
94.780	0.000	0.000	24.200	24.200	94.780	432.000	55.800	84.600	572.400	94.780		
94.790	0.000	2.200	37.400	39.600	94.790	414.000	59.400	90.000	563.400	94.790		
94.800	0.000	2.200	51.700	53.900	94.800	392.400	61.200	93.600	547.200	94.800		
94.810	0.000	2.200	77.000	79.200	94.810	367.200	61.200	99.000	527.400	94.810		
94.820	0.000	4.400	102.300	106.700	94.820	334.800	64.800	104.400	504.000	94.820		
94.830	0.000	4.400	124.300	128.700	94.830	298.800	66.600	109.800	475.200	94.830		
94.840	0.000	6.600	141.900	148.500	94.840	257.400	68.400	113.400	439.200	94.840		
94.850	0.000	9.900	157.300	167.200	94.850	212.400	66.600	117.000	396.000	94.850		
94.860	0.000	12.100	169.400	181.500	94.860	163.800	66.600	124.200	354.600	94.860		
94.870	2.200	14.300	181.500	198.000	94.870	118.800	61.200	129.600	309.600	94.870		
94.880	2.200	16.500	202.400	221.100	94.880	77.400	55.800	131.400	264.600	94.880		
94.890	4.400	22.000	222.200	248.600	94.890	39.600	46.800	138.600	225.000	94.890		
94.900	6.600	29.700	247.500	283.800	94.900	19.800	36.000	142.200	198.000	94.900		
94.910	6.600	34.100	275.000	315.700	94.910	10.800	32.400	138.600	181.800	94.910		
94.920	11.460	42.020	309.420	362.900	94.920	2.080	24.960	130.000	157.040	94.920		
94.930	13.370	51.570	343.800	408.740	94.930	0.000	19.760	117.000	136.760	94.930		
94.940	17.190	61.120	376.270	454.580	94.940	0.000	17.160	102.440	119.600	94.940		
94.950	19.100	66.850	404.920	490.870	94.950	0.000	12.480	84.760	97.240	94.950		
94.960	21.010	76.400	429.750	527.160	94.960	0.000	9.880	65.000	74.880	94.960		
94.970	21.010	82.130	446.940	550.080	94.970	0.000	7.280	47.320	54.600	94.970		
94.980	24.830	85.950	462.220	573.000	94.980	0.000	4.680	29.640	34.320	94.980		
94.990	26.740	93.590	469.860	590.190	94.990	0.000	4.680	17.160	21.840	94.990		
95.000	28.650	101.230	473.680	603.560	95.000	0.000	4.680	4.680	9.360	95.000		
95.010	32.470	108.870	477.500	618.840	95.010	0.000	2.080	0.000	2.080	95.010		
95.020	34.380	114.600	471.770	620.750	95.020	0.000	2.080	0.000	2.080	95.020		
95.030	34.380	122.240	466.040	622.660	95.030	0.000	2.080	0.000	2.080	95.030		
95.040	36.290	129.880	458.400	624.570	95.040	0.000	4.680	0.000	4.680	95.040		
95.050	36.290	133.700	446.940	616.930	95.050	0.000	2.080	0.000	2.080	95.050		
95.060	36.290	139.430	431.660	607.380	95.060	0.000	2.080	0.000	2.080	95.060		
95.070	36.740	141.950	417.500	596.190	95.070	0.000	2.500	0.000	2.500	95.070		
95.080	36.740	141.950	402.470	581.160	95.080	0.000	2.500	0.000	2.500	95.080		
95.090	36.740	143.620	387.440	567.800	95.090	0.000	2.500	0.000	2.500	95.090		
95.100	36.740	143.620	374.080	554.440	95.100	0.000	2.500	0.000	2.500	95.100		
95.110	38.410	143.620	364.060	546.090	95.110	0.000	2.500	0.000	2.500	95.110		
95.120	41.750	143.620	352.370	537.740	95.120	0.000	2.500	0.000	2.500	95.120		
95.130	41.750	143.620	342.350	527.720	95.130	0.000	2.500	0.000	2.500	95.130		
95.140	41.750	143.620	332.330	517.700	95.140	0.000	2.500	0.000	2.500	95.140		
95.150	43.420	146.960	327.320	517.700	95.150	0.000	0.000	0.000	0.000	95.150		
95.160	46.760	151.970	318.970	517.700	95.160	0.000	0.000	0.000	0.000	95.160		
95.170	48.430	151.970	313.960	514.360	95.170	0.000	0.000	0.000	0.000	95.170		
95.180	51.770	153.640	308.950	514.360	95.180	0.000	0.000	0.000	0.000	95.180		
95.190	56.780	158.650	307.280	522.710	95.190	0.000	0.000	0.000	0.000	95.190		
95.200	61.790	163.660	302.270	527.720	95.200	0.000	0.000	0.000	0.000	95.200		
95.210	66.800	168.670	297.260	532.730	95.210	0.000	0.000	0.000	0.000	95.210		
95.220	72.450	174.800	287.500	534.750	95.220	0.000	0.000	0.000	0.000	95.220		
95.230	77.050	179.400	279.450	535.900	95.230	0.000	0.000	0.000	0.000	95.230		
95.240	83.950	184.000	269.100	537.050	95.240	0.000	0.000	0.000	0.000	95.240		
95.250	92.000	192.050	259.900	543.950	95.250	0.000	0.000	0.000	0.000	95.250		
95.260	102.350	196.650	247.250	546.250	95.260	0.000	0.000	0.000	0.000	95.260		
95.270	109.250	202.400	232.300	543.950	95.270	0.000	0.000	0.000	0.000	95.270		
95.280	119.600	207.000	217.350	543.950	95.280	0.000	0.000	0.000	0.000	95.280		
95.290	129.950	211.600	202.400	543.950	95.290	0.000	0.000	0.000	0.000	95.290		
95.300	141.450	213.900	184.000	539.350	95.300	0.000	2.500	0.000	2.500	95.300		
95.310	151.800	219.650	166.750	538.200	95.310	0.000	0.000	0.000	0.000	95.310		
95.320	164.450	219.650	149.500	533.600	95.320	0.000	0.000	0.000	0.000	95.320		
95.330	177.100	221.950	132.250	531.300	95.330	0.000	0.000	0.000	0.000	95.330		
95.340	192.050	221.950	115.000	529.000	95.340	0.000	2.500	0.000	2.500	95.340		
95.350	207.000	219.650	96.600	523.250	95.350	0.000	0.000	0.000	0.000	95.350		
95.360	221.950	217.350	81.650	520.950	95.360	0.000	0.000	0.000	0.000	95.360		
95.370	242.350	214.600	66.600	523.550	95.370	0.000	0.000	0.000	0.000	95.370		
95.380	257.150	209.050	53.650	519.850	95.380	0.000	0.000	0.000	0.000	95.380		
95.390	277.500	203.500	44.400	525.400	95.390	0.000	0.000	1.760	1.760	95.390		
95.400	296.000	199.800	33.300	529.100	95.400	0.000	0.000	1.760	1.760	95.400		
95.410	318.200	192.400	25.900	536.500	95.410	4.400	0.000	0.000	4.400	95.410		
95.420	338.550	181.300	16.650	536.500	95.420	14.960	0.000	0.000	14.960	95.420		
95.430	360.750	172.050	9.250	542.050	95.430	27.280	0.000	0.000	27.280	95.430		
95.440	384.800	159.100	1.850	545.750	95.440	42.240	0.000	0.000	42.240	95.440		
95.450	403.300	146.150	0.000	549.450	95.450	64.240	0.000	0.000	64.240	95.450		
95.460	419.950	131.350	0.000	551.300	95.460	89.760	0.000	0.000	89.760	95.460		
95.470	436.600	116.550	0.000	553.150	95.470	114.400	0.000	0.000	114.400	95.470		
95.480	445.850	103.600	0.000	549.450	95.480	134.640	0.000	0.000	134.640	95.480		
95.490	456.950	92.500	0.000	549.450	95.490	159.280	0.000	0.000	159.280	95.490		
95.500	458.800	75.850	0.000	534.650	95.500	184.800	0.000	0.000	184.800	95.500		
95.510	462.500	64.750	0.000	527.250	95.510	220.000	1.760	0.000	221.760	95.510		
95.520	455.000	50.960	0.000	505.960	95.520	259.720	6.880	1.720	268.320	95.520		
95.530	444.080	41.860	0.000	485.940	95.530	294.120	17.200	6.880	318.200	95.530		
95.540	424.060	30.940	0.000	455.000	95.540	321.640	29.240	13.760	364.640	95.540		
95.550	394.940	23.660	0.000	418.600	95.550	347.440	39.560	22.360	409.360	95.550		
95.560	356.720	14.560	0.000	371.280	95.560	366.360	49.880	29.240	445.480	95.560		
95.570	314.860	7.280	0.000	322.140	95.570	383.560	58.480	39.560	481.600	95.570		
95.580	263.900	3.640	0.000	267.540	95.580	402.480	67.080	49.880	519.440	95.580		
95.590	209.300	0.000	0.000	209.300	95.590	411.080	73.960	53.320	538.360	95.590		
95.600	158.340	0.000	0.000	158.340	95.600	421.400	80.840	63.640	565.880	95.600		
95.610	109.200	0.000	0.000	109.200	95.610	426.560	86.000	72.240	584.800	95.610		
95.620	69.160	0.000	0.000	69.160	95.620	430.000	91.160	77.400	598.560	95.620		
95.630	41.860	0.000	0.000	41.860	95.630	430.000	96.320	84.280	610.600	95.630		
95.640	21.840	0.000	0.000	21.840	95.640	426.560	101.480	91.160	619.200	95.640		
95.650	10.920	0.000	0.000	10.920	95.650	421.400	106.640	96.320	624.360	95.650		
95.660	1.820	0.000	0.000	1.820	95.660	416.240	111.800	101.480	629.520	95.660		
95.670	0.000	0.000	0.000	0.000	95.670	407.500	117.360	109.210	634.070	95.670		
95.680	0.000	0.000	0.000	0.000	95.680	394.460	122.250	117.360	634.070	95.680		
95.690	0.000	0.000	0.000	0.000	95.690	376.530	123.880	123.880	624.290	95.690		
95.700	0.000	0.000	0.000	0.000	95.700	361.860	128.770	128.770	619.400	95.700		
95.710	0.000	0.000	0.000	0.000	95.710	343.930	133.660	138.550	616.140	95.710		
95.720	0.000	0.000	0.000	0.000	95.720	326.000	133.660	146.700	606.360	95.720		
95.730	0.000	0.000	0.000	0.000	95.730	306.440	136.920	154.850	598.210	95.730		
95.740	0.000	2.500	0.000	2.500	95.740	291.770	138.550	156.480	586.800	95.740		
95.750	0.000	0.000	0.000	0.000	95.750	273.840	138.550	164.630	577.020	95.750		
95.760	0.000	0.000	0.000	0.000	95.760	262.430	141.810	169.520	573.760	95.760		
95.770	0.000	0.000	0.000	0.000	95.770	246.130	141.810	174.410	562.350	95.770		
95.780	0.000	0.000	0.000	0.000	95.780	236.350	141.810	179.300	557.460	95.780		
95.790	0.000	0.000	0.000	0.000	95.790	226.570	141.810	184.190	552.570	95.790		
95.800	0.000	0.000	0.000	0.000	95.800	216.790	141.810	189.080	547.680	95.800		
95.810	0.000	0.000	0.000	0.000	95.810	208.640	143.440	193.970	546.050	95.810		
95.820	0.000	0.000	0.000	0.000	95.820	199.950	147.250	201.500	548.700	95.820		
95.830	0.000	0.000	0.000	0.000	95.830	192.200	147.250	206.150	545.600	95.830		
95.840	0.000	0.000	0.000	0.000	95.840	186.000	148.800	213.900	548.700	95.840		
95.850	0.000	0.000	0.000	0.000	95.850	179.800	151.900	224.750	556.450	95.850		
95.860	0.000	0.000	0.000	0.000	95.860	172.050	155.000	229.400	556.450	95.860		
95.870	0.000	0.000	0.000	0.000	95.870	161.200	156.550	238.700	556.450	95.870		
95.880	0.000	0.000	0.000	0.000	95.880	151.900	159.650	249.550	561.100	95.880		
95.890	0.000	0.000	0.000	0.000	95.890	141.050	161.200	263.500	565.750	95.890		
95.900	0.000	0.000	0.000	0.000	95.900	128.650	161.200	277.450	567.300	95.900		
95.910	0.000	0.000	0.000	0.000	95.910	116.250	164.300	286.750	567.300	95.910		
95.920	0.000	0.000	0.000	0.000	95.920	103.850	164.300	302.250	570.400	95.920		
95.930	0.000	0.000	0.000	0.000	95.930	89.900	161.200	319.300	570.400	95.930		
95.940	0.000	0.000	0.000	0.000	95.940	77.500	159.650	341.000	578.150	95.940		
95.950	0.000	0.000	0.000	0.000	95.950	66.650	155.000	364.250	585.900	95.950		
95.960	0.000	0.000	0.000	0.000	95.960	58.900	151.900	387.500	598.300	95.960		
95.970	0.000	0.000	0.000	0.000	95.970	48.260	144.780	414.020	607.060	95.970		
95.980	0.000	0.000	0.000	0.000	95.980	43.180	139.700	439.420	622.300	95.980		
95.990	0.000	0.000	0.000	0.000	95.990	38.100	129.540	464.820	632.460	95.990		
96.000	0.000	0.000	0.000	0.000	96.000	33.020	124.460	490.220	647.700	96.000		
96.010	0.000	0.000	0.000	0.000	96.010	27.940	114.300	513.080	655.320	96.010		
96.020	0.000	0.000	0.000	0.000	96.020	20.320	104.140	535.940	660.400	96.020		
96.030	0.000	0.000	0.000	0.000	96.030	12.700	93.980	556.260	662.940	96.030		
96.040	2.500	0.000	0.000	2.500	96.040	7.620	83.820	576.580	668.020	96.040		
96.050	2.500	0.000	0.000	2.500	96.050	2.540	76.200	594.360	673.100	96.050		
96.060	2.500	0.000	0.000	2.500	96.060	0.000	66.040	609.600	675.640	96.060		
96.070	2.500	0.000	0.000	2.500	96.070	0.000	58.420	622.300	680.720	96.070		
96.080	2.500	0.000	0.000	2.500	96.080	0.000	50.800	629.920	680.720	96.080		
96.090	2.500	0.000	0.000	2.500	96.090	0.000	43.180	635.000	678.180	96.090		
96.100	2.500	0.000	0.000	2.500	96.100	0.000	35.560	635.000	670.560	96.100		
96.110	2.500	0.000	0.000	2.500	96.110	0.000	27.940	632.460	660.400	96.110		
96.120	0.000	0.000	29.120	29.120	96.120	0.000	22.320	620.000	642.320	96.120		
96.130	0.000	0.000	91.520	91.520	96.130	0.000	14.880	597.680	612.560	96.130		
96.140	0.000	0.000	139.360	139.360	96.140	0.000	7.440	570.400	577.840	96.140		
96.150	0.000	0.000	170.560	170.560	96.150	0.000	4.960	535.680	540.640	96.150		
96.160	0.000	2.080	203.840	205.920	96.160	0.000	0.000	491.040	491.040	96.160		
96.170	0.000	2.080	253.760	255.840	96.170	0.000	0.000	438.960	438.960	96.170		
96.180	0.000	4.160	309.920	314.080	96.180	0.000	0.000	376.960	376.960	96.180		
96.190	0.000	6.240	353.600	359.840	96.190	0.000	0.000	305.040	305.040	96.190		
96.200	4.160	12.480	388.960	405.600	96.200	0.000	0.000	235.600	235.600	96.200		
96.210	4.160	16.640	418.080	438.880	96.210	0.000	0.000	173.600	173.600	96.210		
96.220	8.320	24.960	440.960	474.240	96.220	0.000	0.000	121.520	121.520	96.220		
96.230	12.480	33.280	463.840	509.600	96.230	0.000	0.000	79.360	79.360	96.230		
96.240	16.640	43.680	486.720	547.040	96.240	0.000	0.000	54.560	54.560	96.240		
96.250	18.720	54.080	503.360	576.160	96.250	0.000	0.000	37.200	37.200	96.250		
96.260	20.800	66.560	520.000	607.360	96.260	0.000	2.480	24.800	27.280	96.260		
96.270	28.080	71.280	527.040	626.400	96.270	0.000	0.000	17.500	17.500	96.270		
96.280	32.400	73.440	531.360	637.200	96.280	0.000	0.000	14.980	14.980	96.280		
96.290	36.720	73.440	535.680	645.840	96.290	0.000	0.000	12.460	12.460	96.290		
96.300	41.040	73.440	540.000	654.480	96.300	0.000	0.000	9.940	9.940	96.300		
96.310	45.360	69.120	535.680	650.160	96.310	0.000	0.000	9.940	9.940	96.310		
96.320	49.680	66.960	531.360	648.000	96.320	0.000	0.000	9.940	9.940	96.320		
96.330	54.000	60.480	520.560	635.040	96.330	0.000	0.000	7.490	7.490	96.330		
96.340	56.160	58.320	509.760	624.240	96.340	0.000	0.000	7.490	7.490	96.340		
96.350	60.480	56.160	492.480	609.120	96.350	0.000	0.000	4.970	4.970	96.350		
96.360	64.800	56.160	473.040	594.000	96.360	0.000	0.000	7.490	7.490	96.360		
96.370	69.120	56.160	453.600	578.880	96.370	0.000	0.000	4.970	4.970	96.370		
96.380	75.600	56.160	432.000	563.760	96.380	0.000	0.000	4.970	4.970	96.380		
96.390	84.240	56.160	408.240	548.640	96.390	0.000	0.000	4.970	4.970	96.390		
96.400	88.560	58.320	386.640	533.520	96.400	0.000	0.000	2.450	2.450	96.400		
96.410	99.360	58.320	367.200	524.880	96.410	0.000	0.000	4.970	4.970	96.410		
96.420	104.880	62.100	345.000	511.980	96.420	0.000	0.000	2.500	2.500	96.420		
96.430	111.780	66.240	327.060	505.080	96.430	0.000	0.000	2.500	2.500	96.430		
96.440	118.680	71.760	311.880	502.320	96.440	0.000	0.000	2.500	2.500	96.440		
96.450	126.960	71.760	299.460	498.180	96.450	0.000	0.000	0.000	0.000	96.450		
96.460	133.860	71.760	287.040	492.660	96.460	0.000	0.000	2.500	2.500	96.460		
96.470	144.900	77.280	277.380	499.560	96.470	0.000	0.000	2.500	2.500	96.470		
96.480	151.800	77.280	266.340	495.420	96.480	0.000	0.000	0.000	0.000	96.480		
96.490	158.700	81.420	259.440	499.560	96.490	0.000	0.000	2.500	2.500	96.490		
96.500	166.980	81.420	249.780	498.180	96.500	0.000	0.000	2.500	2.500	96.500		
96.510	179.400	84.180	237.360	500.940	96.510	0.000	0.000	2.500	2.500	96.510		
96.520	191.820	86.940	226.320	505.080	96.520	0.000	0.000	0.000	0.000	96.520		
96.530	204.240	89.700	213.900	507.840	96.530	0.000	0.000	2.500	2.500	96.530		
96.540	219.420	92.460	201.480	513.360	96.540	0.000	0.000	2.500	2.500	96.540		
96.550	234.600	93.840	189.060	517.500	96.550	0.000	0.000	0.000	0.000	96.550		
96.560	249.780	96.600	172.500	518.880	96.560	0.000	0.000	2.500	2.500	96.560		
96.570	268.800	96.320	154.560	519.680	96.570	0.000	0.000	2.160	2.160	96.570		
96.580	288.960	98.560	136.640	524.160	96.580	0.000	0.000	0.000	0.000	96.580		
96.590	311.360	98.560	118.720	528.640	96.590	0.000	0.000	2.160	2.160	96.590		
96.600	331.520	100.800	100.800	533.120	96.600	0.000	0.000	0.000	0.000	96.600		
96.610	356.160	98.560	87.360	542.080	96.610	0.000	0.000	0.000	0.000	96.610		
96.620	380.800	98.560	71.680	551.040	96.620	0.000	2.160	0.000	2.160	96.620		
96.630	405.440	98.560	58.240	562.240	96.630	0.000	0.000	2.160	2.160	96.630		
96.640	432.320	94.080	47.040	573.440	96.640	0.000	0.000	0.000	0.000	96.640		
96.650	456.960	87.360	38.080	582.400	96.650	0.000	0.000	2.160	2.160	96.650		
96.660	481.600	76.160	33.600	591.360	96.660	0.000	0.000	2.160	2.160	96.660		
96.670	504.000	67.200	26.880	598.080	96.670	0.000	0.000	0.000	0.000	96.670		
96.680	524.160	56.000	17.920	598.080	96.680	0.000	2.160	2.160	4.320	96.680		
96.690	539.840	49.280	13.440	602.560	96.690	27.000	2.160	0.000	29.160	96.690		
96.700	551.040	38.080	6.720	595.840	96.700	72.360	0.000	0.000	72.360	96.700		
96.710	560.000	31.360	2.240	593.600	96.710	135.000	2.160	0.000	137.160	96.710		
96.720	562.500	24.750	0.000	587.250	96.720	183.360	0.000	0.000	183.360	96.720		
96.730	558.000	18.000	0.000	576.000	96.730	213.920	1.910	0.000	215.830	96.730		
96.740	551.250	11.250	0.000	562.500	96.740	246.390	1.910	0.000	248.300	96.740		
96.750	533.250	9.000	0.000	542.250	96.750	286.500	3.820	0.000	290.320	96.750		
96.760	510.750	4.500	0.000	515.250	96.760	326.610	9.550	0.000	336.160	96.760		
96.770	479.250	2.250	0.000	481.500	96.770	360.990	19.100	0.000	380.090	96.770		
96.780	441.000	0.000	0.000	441.000	96.780	391.550	32.470	1.910	425.930	96.780		
96.790	391.500	0.000	0.000	391.500	96.790	410.650	53.480	3.820	467.950	96.790		
96.800	337.500	0.000	0.000	337.500	96.800	425.930	74.490	11.460	511.880	96.800		
96.810	272.250	0.000	0.000	272.250	96.810	437.390	91.680	19.100	548.170	96.810		
96.820	207.000	0.000	0.000	207.000	96.820	441.210	101.230	26.740	569.180	96.820		
96.830	148.500	0.000	0.000	148.500	96.830	450.760	110.780	34.380	595.920	96.830		
96.840	94.500	0.000	0.000	94.500	96.840	458.400	118.420	36.290	613.110	96.840		
96.850	56.250	0.000	0.000	56.250	96.850	469.860	124.150	38.200	632.210	96.850		
96.860	33.750	0.000	0.000	33.750	96.860	477.500	129.880	43.930	651.310	96.860		
96.870	17.500	2.450	2.450	22.400	96.870	477.500	129.880	45.840	653.220	96.870		
96.880	9.940	2.450	4.970	17.360	96.880	471.770	131.790	49.660	653.220	96.880		
96.890	4.970	2.450	4.970	12.390	96.890	462.220	133.700	53.480	649.400	96.890		
96.900	2.450	2.450	4.970	9.870	96.900	448.850	135.610	57.300	641.760	96.900		
96.910	4.970	0.000	2.450	7.420	96.910	429.750	135.610	59.210	624.570	96.910		
96.920	2.450	2.450	2.450	7.350	96.920	408.740	135.610	64.940	609.290	96.920		
96.930	2.450	0.000	2.450	4.900	96.930	389.640	135.610	68.760	594.010	96.930		
96.940	2.450	0.000	2.450	4.900	96.940	366.720	135.610	70.670	573.000	96.940		
96.950	2.450	2.450	2.450	7.350	96.950	345.710	135.610	78.310	559.630	96.950		
96.960	0.000	0.000	2.450	2.450	96.960	324.700	135.610	82.130	542.440	96.960		
96.970	0.000	0.000	2.450	2.450	96.970	305.600	135.610	89.770	530.980	96.970		
96.980	0.000	0.000	2.450	2.450	96.980	286.500	135.610	93.590	515.700	96.980		
96.990	0.000	2.450	2.450	4.900	96.990	271.220	139.430	99.320	509.970	96.990		
97.000	0.000	2.450	4.970	7.420	97.000	254.030	139.430	106.960	500.420	97.000		
97.010	0.000	2.450	2.450	4.900	97.010	238.750	141.340	114.600	494.690	97.010		
97.020	0.000	0.000	2.500	2.500	97.020	221.520	143.520	121.680	486.720	97.020		
97.030	0.000	2.500	2.500	5.000	97.030	209.040	149.760	131.040	489.840	97.030		
97.040	0.000	2.500	2.500	5.000	97.040	199.680	149.760	141.960	491.400	97.040		
97.050	0.000	0.000	0.000	0.000	97.050	188.760	151.320	151.320	491.400	97.050		
97.060	0.000	2.500	0.000	2.500	97.060	179.400	154.440	163.800	497.640	97.060		
97.070	0.000	0.000	0.000	0.000	97.070	168.480	159.120	176.280	503.880	97.070		
97.080	0.000	0.000	0.000	0.000	97.080	159.120	162.240	191.880	513.240	97.080		
97.090	0.000	2.500	0.000	2.500	97.090	146.640	163.800	209.040	519.480	97.090		
97.100	0.000	0.000	2.500	2.500	97.100	131.040	166.920	229.320	527.280	97.100		
97.110	0.000	2.500	0.000	2.500	97.110	117.000	166.920	254.280	538.200	97.110		
97.120	0.000	0.000	0.000	0.000	97.120	104.520	166.920	276.120	547.560	97.120		
97.130	0.000	0.000	0.000	0.000	97.130	88.920	166.920	304.200	560.040	97.130		
97.140	0.000	0.000	0.000	0.000	97.140	74.880	163.800	332.280	570.960	97.140		
97.150	0.000	0.000	0.000	0.000	97.150	62.400	156.000	361.920	580.320	97.150		
97.160	0.000	0.000	0.000	0.000	97.160	51.480	151.320	390.000	592.800	97.160		
97.170	0.000	0.000	0.000	0.000	97.170	41.480	141.520	422.120	605.120	97.170		
97.180	0.000	2.010	0.000	2.010	97.180	34.160	134.200	453.840	622.200	97.180		
97.190	0.000	2.010	0.000	2.010	97.190	29.280	126.880	480.680	636.840	97.190		
97.200	0.000	2.010	0.000	2.010	97.200	21.960	114.680	505.080	641.720	97.200		
97.210	0.000	0.000	0.000	0.000	97.210	14.640	102.480	531.920	649.040	97.210		
97.220	0.000	2.010	0.000	2.010	97.220	7.320	90.280	551.440	649.040	97.220		
97.230	0.000	2.010	0.000	2.010	97.230	4.880	80.520	570.960	656.360	97.230		
97.240	0.000	2.010	0.000	2.010	97.240	0.000	70.760	585.600	656.360	97.240		
97.250	2.010	2.010	0.000	4.020	97.250	0.000	61.000	597.800	658.800	97.250		
97.260	0.000	2.010	0.000	2.010	97.260	0.000	51.240	605.120	656.360	97.260		
97.270	0.000	2.010	0.000	2.010	97.270	0.000	43.920	610.000	653.920	97.270		
97.280	0.000	2.010	7.370	9.380	97.280	0.000	36.600	605.120	641.720	97.280		
97.290	0.000	0.000	39.530	39.530	97.290	0.000	29.280	592.920	622.200	97.290		
97.300	0.000	0.000	104.520	104.520	97.300	0.000	19.520	570.960	590.480	97.300		
97.310	0.000	0.000	167.500	167.500	97.310	0.000	12.200	534.360	546.560	97.310		
97.320	0.000	0.000	219.520	219.520	97.320	0.000	3.840	480.000	483.840	97.320		
97.330	0.000	3.920	274.400	278.320	97.330	0.000	1.920	422.400	424.320	97.330		
97.340	0.000	5.880	333.200	339.080	97.340	0.000	0.000	351.360	351.360	97.340		
97.350	5.880	13.720	378.280	397.880	97.350	0.000	0.000	286.080	286.080	97.350		
97.360	9.800	21.560	401.800	433.160	97.360	0.000	0.000	213.120	213.120	97.360		
97.370	11.760	33.320	413.560	458.640	97.370	0.000	0.000	149.760	149.760	97.370		
97.380	15.680	47.040	423.360	486.080	97.380	0.000	0.000	96.000	96.000	97.380		
97.390	27.440	66.640	437.080	531.160	97.390	0.000	0.000	59.520	59.520	97.390		
97.400	39.200	76.440	446.880	562.520	97.400	0.000	0.000	36.480	36.480	97.400		
97.410	50.960	82.320	456.680	589.960	97.410	0.000	0.000	19.200	19.200	97.410		
97.420	66.640	86.240	472.360	625.240	97.420	1.920	1.920	11.520	15.360	97.420		
97.430	78.400	86.240	482.160	646.800	97.430	0.000	0.000	9.600	9.600	97.430		
97.440	88.200	84.280	490.000	662.480	97.440	0.000	0.000	3.840	3.840	97.440		
97.450	99.960	84.280	490.000	674.240	97.450	0.000	0.000	3.840	3.840	97.450		
97.460	109.760	84.280	484.120	678.160	97.460	0.000	0.000	1.920	1.920	97.460		
97.470	120.960	83.160	472.500	676.620	97.470	0.000	0.000	5.000	5.000	97.470		
97.480	128.520	83.160	453.600	665.280	97.480	0.000	0.000	2.500	2.500	97.480		
97.490	139.860	83.160	436.590	659.610	97.490	0.000	0.000	0.000	0.000	97.490		
97.500	147.420	83.160	413.910	644.490	97.500	0.000	2.500	0.000	2.500	97.500		
97.510	156.870	83.160	389.340	629.370	97.510	0.000	0.000	0.000	0.000	97.510		
97.520	166.320	83.160	364.770	614.250	97.520	0.000	0.000	0.000	0.000	97.520		
97.530	179.550	81.270	336.420	597.240	97.530	0.000	0.000	0.000	0.000	97.530		
97.540	189.000	81.270	309.960	580.230	97.540	0.000	0.000	0.000	0.000	97.540		
97.550	202.230	81.270	281.610	565.110	97.550	0.000	0.000	0.000	0.000	97.550		
97.560	213.570	79.380	257.040	549.990	97.560	0.000	0.000	0.000	0.000	97.560		
97.570	221.130	79.380	232.470	532.980	97.570	0.000	0.000	0.000	0.000	97.570		
97.580	234.360	73.710	209.790	517.860	97.580	0.000	0.000	0.000	0.000	97.580		
97.590	245.700	77.490	190.890	514.080	97.590	0.000	0.000	0.000	0.000	97.590		
97.600	257.040	73.710	171.990	502.740	97.600	0.000	0.000	0.000	0.000	97.600		
97.610	266.490	71.820	154.980	493.290	97.610	0.000	0.000	0.000	0.000	97.610		
97.620	280.860	68.820	139.500	489.180	97.620	0.000	0.000	0.000	0.000	97.620		
97.630	293.880	68.820	126.480	489.180	97.630	0.000	0.000	0.000	0.000	97.630		
97.640	306.900	66.960	113.460	487.320	97.640	0.000	0.000	0.000	0.000	97.640		
97.650	319.920	63.240	102.300	485.460	97.650	0.000	0.000	0.000	0.000	97.650		
97.660	331.080	61.380	91.140	483.600	97.660	0.000	0.000	0.000	0.000	97.660		
97.670	344.100	61.380	83.700	489.180	97.670	0.000	0.000	0.000	0.000	97.670		
97.680	357.120	59.520	74.400	491.040	97.680	0.000	0.000	0.000	0.000	97.680		
97.690	368.280	59.520	66.960	494.760	97.690	0.000	0.000	0.000	0.000	97.690		
97.700	383.160	55.800	59.520	498.480	97.700	0.000	0.000	0.000	0.000	97.700		
97.710	396.180	53.940	52.080	502.200	97.710	0.000	0.000	0.000	0.000	97.710		
97.720	409.200	52.080	46.500	507.780	97.720	0.000	0.000	0.000	0.000	97.720		
97.730	422.220	46.500	44.640	513.360	97.730	0.000	0.000	0.000	0.000	97.730		
97.740	433.380	44.640	39.060	517.080	97.740	0.000	0.000	0.000	0.000	97.740		
97.750	446.400	44.640	37.200	528.240	97.750	0.000	0.000	0.000	0.000	97.750		
97.760	465.000	40.920	33.480	539.400	97.760	0.000	0.000	0.000	0.000	97.760		
97.770	483.750	40.500	29.250	553.500	97.770	0.000	1.360	0.000	1.360	97.770		
97.780	499.500	38.250	24.750	562.500	97.780	0.000	0.000	0.000	0.000	97.780		
97.790	513.000	38.250	18.000	569.250	97.790	0.000	0.000	0.000	0.000	97.790		
97.800	526.500	33.750	13.500	573.750	97.800	0.000	1.360	0.000	1.360	97.800		
97.810	540.000	31.500	9.000	580.500	97.810	0.000	1.360	0.000	1.360	97.810		
97.820	546.750	31.500	6.750	585.000	97.820	0.000	1.360	0.000	1.360	97.820		
97.830	551.250	31.500	4.500	587.250	97.830	0.000	1.360	0.000	1.360	97.830		
97.840	558.000	29.250	2.250	589.500	97.840	24.480	4.080	0.000	28.560	97.840		
97.850	562.500	24.750	0.000	587.250	97.850	87.040	4.080	0.000	91.120	97.850		
97.860	562.500	18.000	0.000	580.500	97.860	156.400	1.360	0.000	157.760	97.860		
97.870	558.000	15.750	0.000	573.750	97.870	191.760	1.360	0.000	193.120	97.870		
97.880	549.000	11.250	0.000	560.250	97.880	209.440	1.360	0.000	210.800	97.880		
97.890	528.750	6.750	0.000	535.500	97.890	246.160	1.360	0.000	247.520	97.890		
97.900	501.750	4.500	0.000	506.250	97.900	299.200	6.800	0.000	306.000	97.900		
97.910	468.000	2.250	0.000	470.250	97.910	340.000	12.240	0.000	352.240	97.910		
97.920	420.000	1.680	0.000	421.680	97.920	382.950	20.700	2.070	405.720	97.920		
97.930	366.240	0.000	0.000	366.240	97.930	418.140	43.470	6.210	467.820	97.930		
97.940	307.440	0.000	0.000	307.440	97.940	440.910	68.310	14.490	523.710	97.940		
97.950	238.560	0.000	0.000	238.560	97.950	459.540	89.010	20.700	569.250	97.950		
97.960	176.400	0.000	0.000	176.400	97.960	465.750	101.430	28.980	596.160	97.960		
97.970	120.960	0.000	0.000	120.960	97.970	476.100	111.780	39.330	627.210	97.970		
97.980	77.280	0.000	0.000	77.280	97.980	488.520	115.920	45.540	649.980	97.980		
97.990	47.040	0.000	0.000	47.040	97.990	500.940	122.130	55.890	678.960	97.990		
98.000	26.880	0.000	1.680	28.560	98.000	511.290	126.270	66.240	703.800	98.000		
98.010	8.400	1.680	8.400	18.480	98.010	517.500	128.340	72.450	718.290	98.010		
98.020	1.680	1.680	6.720	10.080	98.020	513.360	126.270	78.660	718.290	98.020		
98.030	0.000	1.680	6.720	8.400	98.030	509.220	126.270	89.010	724.500	98.030		
98.040	1.680	1.680	6.720	10.080	98.040	494.730	124.200	97.290	716.220	98.040		
98.050	0.000	1.680	6.720	8.400	98.050	476.100	122.130	103.500	701.730	98.050		
98.060	0.000	1.680	3.360	5.040	98.060	453.330	115.920	111.780	681.030	98.060		
98.070	0.000	2.490	4.980	7.470	98.070	427.500	111.150	119.700	658.350	98.070		
98.080	0.000	2.490	4.980	7.470	98.080	401.850	106.020	126.540	634.410	98.080		
98.090	0.000	2.490	4.980	7.470	98.090	376.200	100.890	131.670	608.760	98.090		
98.100	0.000	2.490	7.500	9.990	98.100	352.260	100.890	138.510	591.660	98.100		
98.110	0.000	2.490	4.980	7.470	98.110	326.610	99.180	147.060	572.850	98.110		
98.120	0.000	2.490	4.980	7.470	98.120	304.380	97.470	153.900	555.750	98.120		
98.130	0.000	0.000	4.980	4.980	98.130	282.150	99.180	162.450	543.780	98.130		
98.140	0.000	0.000	4.980	4.980	98.140	259.920	99.180	169.290	528.390	98.140		
98.150	0.000	2.490	4.980	7.470	98.150	239.400	100.890	179.550	519.840	98.150		
98.160	0.000	0.000	4.980	4.980	98.160	218.880	100.890	186.390	506.160	98.160		
98.170	0.000	0.000	4.980	4.980	98.170	203.490	104.310	196.650	504.450	98.170		
98.180	0.000	2.490	4.980	7.470	98.180	189.810	106.020	206.910	502.740	98.180		
98.190	0.000	0.000	2.490	2.490	98.190	176.130	109.440	217.170	502.740	98.190		
98.200	0.000	0.000	2.490	2.490	98.200	164.160	114.570	229.140	507.870	98.200		
98.210	0.000	0.000	2.490	2.490	98.210	157.320	119.700	241.110	518.130	98.210		
98.220	0.000	0.000	5.000	5.000	98.220	146.060	124.260	257.240	527.560	98.220		
98.230	0.000	0.000	2.500	2.500	98.230	132.980	124.260	272.500	529.740	98.230		
98.240	0.000	2.500	5.000	7.500	98.240	124.260	126.440	289.940	540.640	98.240		
98.250	0.000	0.000	2.500	2.500	98.250	113.360	128.620	307.380	549.360	98.250		
98.260	0.000	2.500	2.500	5.000	98.260	104.640	132.980	327.000	564.620	98.260		
98.270	0.000	0.000	2.500	2.500	98.270	93.740	130.800	344.440	568.980	98.270		
98.280	0.000	0.000	2.500	2.500	98.280	80.660	130.800	368.420	579.880	98.280		
98.290	0.000	2.500	2.500	5.000	98.290	71.940	132.980	392.400	597.320	98.290		
98.300	0.000	2.500	2.500	5.000	98.300	63.220	128.620	412.020	603.860	98.300		
98.310	0.000	2.500	2.500	5.000	98.310	56.680	126.440	436.000	619.120	98.310		
98.320	0.000	2.500	2.500	5.000	98.320	47.960	119.900	459.980	627.840	98.320		
98.330	0.000	0.000	0.000	0.000	98.330	41.420	111.180	483.960	636.560	98.330		
98.340	0.000	0.000	2.500	2.500	98.340	34.880	104.640	503.580	643.100	98.340		
98.350	2.500	2.500	2.500	7.500	98.350	28.340	91.560	525.380	645.280	98.350		
98.360	2.500	2.500	2.500	7.500	98.360	21.800	80.660	545.000	647.460	98.360		
98.370	0.000	1.570	1.570	3.140	98.370	11.650	72.230	559.200	643.080	98.370		
98.380	1.570	1.570	1.570	4.710	98.380	6.990	62.910	568.520	638.420	98.380		
98.390	1.570	1.570	1.570	4.710	98.390	2.330	53.590	577.840	633.760	98.390		
98.400	1.570	1.570	4.710	7.850	98.400	0.000	48.930	582.500	631.430	98.400		
98.410	0.000	1.570	23.550	25.120	98.410	0.000	39.610	582.500	622.110	98.410		
98.420	0.000	1.570	69.080	70.650	98.420	0.000	34.950	575.510	610.460	98.420		
98.430	0.000	1.570	119.320	120.890	98.430	0.000	25.630	561.530	587.160	98.430		
98.440	0.000	1.570	158.570	160.140	98.440	0.000	20.970	540.560	561.530	98.440		
98.450	0.000	1.570	191.540	193.110	98.450	0.000	16.310	507.940	524.250	98.450		
98.460	0.000	4.710	238.640	243.350	98.460	0.000	11.650	466.000	477.650	98.460		
98.470	4.710	6.280	292.020	303.010	98.470	0.000	6.990	414.740	421.730	98.470		
98.480	6.280	10.990	331.270	348.540	98.480	0.000	4.660	347.170	351.830	98.480		
98.490	10.990	18.840	356.390	386.220	98.490	0.000	0.000	279.600	279.600	98.490		
98.500	14.130	29.830	373.660	417.620	98.500	0.000	0.000	212.030	212.030	98.500		
98.510	21.980	42.390	392.500	456.870	98.510	0.000	0.000	144.460	144.460	98.510		
98.520	34.770	62.220	411.750	508.740	98.520	0.000	0.000	92.500	92.500	98.520		
98.530	49.410	71.370	426.390	547.170	98.530	0.000	0.000	57.350	57.350	98.530		
98.540	62.220	82.350	439.200	583.770	98.540	0.000	0.000	37.370	37.370	98.540		
98.550	73.200	86.010	448.350	607.560	98.550	2.220	2.220	24.790	29.230	98.550		
98.560	86.010	93.330	453.840	633.180	98.560	2.220	0.000	14.800	17.020	98.560		
98.570	98.820	93.330	457.500	649.650	98.570	0.000	0.000	12.210	12.210	98.570		
98.580	109.800	96.990	453.840	660.630	98.580	2.220	0.000	7.400	9.620	98.580		
98.590	120.780	96.990	446.520	664.290	98.590	0.000	0.000	7.400	7.400	98.590		
98.600	126.270	98.820	439.200	664.290	98.600	0.000	0.000	4.810	4.810	98.600		
98.610	133.590	96.990	428.220	658.800	98.610	0.000	2.220	7.400	9.620	98.610		
98.620	140.910	93.330	417.240	651.480	98.620	0.000	0.000	4.810	4.810	98.620		
98.630	146.400	93.330	400.770	640.500	98.630	0.000	0.000	4.810	4.810	98.630		
98.640	151.890	89.670	384.300	625.860	98.640	0.000	0.000	2.220	2.220	98.640		
98.650	157.380	86.010	371.490	614.880	98.650	0.000	0.000	4.810	4.810	98.650		
98.660	161.040	84.180	353.190	598.410	98.660	0.000	0.000	4.810	4.810	98.660		
98.670	164.820	81.740	335.000	581.560	98.670	0.000	2.500	2.500	5.000	98.670		
98.680	168.840	79.060	321.600	569.500	98.680	0.000	0.000	0.000	0.000	98.680		
98.690	171.520	76.380	304.180	552.080	98.690	0.000	0.000	2.500	2.500	98.690		
98.700	174.200	76.380	294.800	545.380	98.700	0.000	0.000	0.000	0.000	98.700		
98.710	176.880	76.380	278.720	531.980	98.710	0.000	0.000	0.000	0.000	98.710		
98.720	182.240	73.700	269.340	525.280	98.720	0.000	0.000	2.500	2.500	98.720		
98.730	184.920	76.380	257.280	518.580	98.730	0.000	0.000	0.000	0.000	98.730		
98.740	188.940	76.380	246.560	511.880	98.740	0.000	0.000	0.000	0.000	98.740		
98.750	194.300	76.380	237.180	507.860	98.750	0.000	0.000	0.000	0.000	98.750		
98.760	199.660	79.060	226.460	505.180	98.760	0.000	0.000	0.000	0.000	98.760		
98.770	206.360	81.740	214.400	502.500	98.770	0.000	0.000	0.000	0.000	98.770		
98.780	217.080	84.420	203.680	505.180	98.780	0.000	0.000	0.000	0.000	98.780		
98.790	226.460	87.100	194.300	507.860	98.790	0.000	0.000	0.000	0.000	98.790		
98.800	234.500	89.780	184.920	509.200	98.800	0.000	0.000	0.000	0.000	98.800		
98.810	241.200	89.780	174.200	505.180	98.810	0.000	0.000	0.000	0.000	98.810		
98.820	253.800	94.000	167.320	515.120	98.820	0.000	0.000	0.000	0.000	98.820		
98.830	266.960	94.000	156.040	517.000	98.830	0.000	0.000	0.000	0.000	98.830		
98.840	276.360	94.000	146.640	517.000	98.840	0.000	0.000	0.000	0.000	98.840		
98.850	289.520	95.880	137.240	522.640	98.850	0.000	0.000	0.000	0.000	98.850		
98.860	300.800	99.640	124.080	524.520	98.860	0.000	0.000	0.000	0.000	98.860		
98.870	313.960	95.880	110.920	520.760	98.870	0.000	0.000	0.000	0.000	98.870		
98.880	329.000	99.640	101.520	530.160	98.880	0.000	0.000	0.000	0.000	98.880		
98.890	344.040	99.640	92.120	535.800	98.890	0.000	0.000	0.000	0.000	98.890		
98.900	360.960	95.880	84.600	541.440	98.900	0.000	2.500	0.000	2.500	98.900		
98.910	379.760	99.640	73.320	552.720	98.910	0.000	0.000	0.000	0.000	98.910		
98.920	396.680	99.640	65.800	562.120	98.920	0.000	0.000	0.000	0.000	98.920		
98.930	417.360	94.000	56.400	567.760	98.930	0.000	0.000	0.000	0.000	98.930		
98.940	434.280	92.120	48.880	575.280	98.940	0.000	0.000	0.000	0.000	98.940		
98.950	451.200	84.600	43.240	579.040	98.950	0.000	0.000	0.000	0.000	98.950		
98.960	470.000	78.960	39.480	588.440	98.960	0.000	0.000	0.000	0.000	98.960		
98.970	489.900	72.420	34.080	596.400	98.970	21.980	0.000	0.000	21.980	98.970		
98.980	504.810	61.770	29.820	596.400	98.980	65.940	1.570	0.000	67.510	98.980		
98.990	515.460	53.250	21.300	590.010	98.990	116.180	1.570	0.000	117.750	98.990		
99.000	523.980	46.860	17.040	587.880	99.000	141.300	0.000	0.000	141.300	99.000		
99.010	532.500	38.340	10.650	581.490	99.010	158.570	0.000	0.000	158.570	99.010		
99.020	528.240	31.950	6.390	566.580	99.020	186.830	0.000	0.000	186.830	99.020		
99.030	523.980	25.560	4.260	553.800	99.030	221.370	1.570	0.000	222.940	99.030		
99.040	513.330	19.170	0.000	532.500	99.040	254.340	4.710	0.000	259.050	99.040		
99.050	496.290	14.910	0.000	511.200	99.050	284.170	9.420	0.000	293.590	99.050		
99.060	474.990	8.520	0.000	483.510	99.060	312.430	17.270	4.710	334.410	99.060		
99.070	440.910	6.390	0.000	447.300	99.070	334.410	29.830	6.280	370.520	99.070		
99.080	406.830	2.130	0.000	408.960	99.080	351.680	48.670	10.990	411.340	99.080		
99.090	355.710	2.130	0.000	357.840	99.090	364.240	59.660	21.980	445.880	99.090		
99.100	298.200	0.000	0.000	298.200	99.100	373.660	69.080	31.400	474.140	99.100		
99.110	240.690	0.000	0.000	240.690	99.110	392.500	76.930	42.390	511.820	99.110		
99.120	175.000	0.000	0.000	175.000	99.120	413.820	83.160	57.420	554.400	99.120		
99.130	122.500	0.000	0.000	122.500	99.130	431.640	87.120	69.300	588.060	99.130		
99.140	79.800	0.000	0.000	79.800	99.140	451.440	87.120	81.180	619.740	99.140		
99.150	52.500	2.100	0.000	54.600	99.150	467.280	87.120	89.100	643.500	99.150		
99.160	29.400	2.100	2.100	33.600	99.160	479.160	83.160	99.000	661.320	99.160		
99.170	14.700	2.100	7.000	23.800	99.170	487.080	81.180	106.920	675.180	99.170		
99.180	7.000	2.100	4.900	14.000	99.180	495.000	79.200	110.880	685.080	99.180		
99.190	4.900	2.100	4.900	11.900	99.190	491.040	73.260	116.820	681.120	99.190		
99.200	4.900	2.100	4.900	11.900	99.200	489.060	71.280	118.800	679.140	99.200		
99.210	4.900	2.100	2.100	9.100	99.210	483.120	67.320	120.780	671.220	99.210		
99.220	4.900	2.100	4.900	11.900	99.220	477.180	63.360	120.780	661.320	99.220		
99.230	2.100	2.100	2.100	6.300	99.230	469.260	61.380	118.800	649.440	99.230		
99.240	2.100	0.000	4.900	7.000	99.240	459.360	57.420	118.800	635.580	99.240		
99.250	2.100	2.100	4.900	9.100	99.250	449.460	51.480	114.840	615.780	99.250		
99.260	0.000	2.100	4.900	7.000	99.260	435.600	51.480	114.840	601.920	99.260		
99.270	2.500	0.000	2.500	5.000	99.270	425.000	51.000	112.200	588.200	99.270		
99.280	0.000	2.500	5.000	7.500	99.280	414.800	49.300	108.800	572.900	99.280		
99.290	0.000	0.000	2.500	2.500	99.290	404.600	49.300	112.200	566.100	99.290		
99.300	0.000	2.500	5.000	7.500	99.300	391.000	45.900	113.900	550.800	99.300		
99.310	0.000	2.500	2.500	5.000	99.310	382.500	45.900	119.000	547.400	99.310		
99.320	0.000	0.000	2.500	2.500	99.320	372.300	49.300	129.200	550.800	99.320		
99.330	0.000	2.500	5.000	7.500	99.330	363.800	49.300	134.300	547.400	99.330		
99.340	0.000	2.500	2.500	5.000	99.340	353.600	49.300	141.100	544.000	99.340		
99.350	0.000	2.500	2.500	5.000	99.350	346.800	51.000	146.200	544.000	99.350		
99.360	0.000	2.500	2.500	5.000	99.360	341.700	51.000	156.400	549.100	99.360		
99.370	0.000	2.500	2.500	5.000	99.370	334.900	54.400	164.900	554.200	99.370		
99.380	0.000	2.500	2.500	5.000	99.380	331.500	56.100	173.400	561.000	99.380		
99.390	0.000	0.000	2.500	2.500	99.390	324.700	59.500	187.000	571.200	99.390		
99.400	0.000	2.500	2.500	5.000	99.400	316.200	61.200	197.200	574.600	99.400		
99.410	0.000	0.000	0.000	0.000	99.410	309.400	66.300	212.500	588.200	99.410		
99.420	0.000	2.500	0.000	2.500	99.420	296.400	72.200	226.100	594.700	99.420		
99.430	0.000	2.500	0.000	2.500	99.430	285.000	76.000	241.300	602.300	99.430		
99.440	0.000	2.500	0.000	2.500	99.440	269.800	79.800	256.500	606.100	99.440		
99.450	0.000	0.000	0.000	0.000	99.450	254.600	83.600	277.400	615.600	99.450		
99.460	0.000	2.500	0.000	2.500	99.460	233.700	87.400	294.500	615.600	99.460		
99.470	0.000	0.000	0.000	0.000	99.470	214.700	89.300	313.500	617.500	99.470		
99.480	0.000	2.500	0.000	2.500	99.480	190.000	89.300	334.400	613.700	99.480		
99.490	0.000	2.500	0.000	2.500	99.490	163.400	91.200	353.400	608.000	99.490		
99.500	0.000	2.500	0.000	2.500	99.500	142.500	89.300	374.300	606.100	99.500		
99.510	0.000	2.500	0.000	2.500	99.510	115.900	87.400	397.100	600.400	99.510		
99.520	0.000	0.000	0.000	0.000	99.520	95.000	81.700	414.200	590.900	99.520		
99.530	0.000	2.500	0.000	2.500	99.530	76.000	79.800	433.200	589.000	99.530		
99.540	0.000	2.500	0.000	2.500	99.540	64.600	72.200	448.400	585.200	99.540		
99.550	0.000	2.500	0.000	2.500	99.550	51.300	66.500	459.800	577.600	99.550		
99.560	0.000	0.000	5.000	5.000	99.560	41.800	58.900	475.000	575.700	99.560		
99.570	0.000	0.000	31.500	31.500	99.570	33.150	50.700	481.650	565.500	99.570		
99.580	0.000	0.000	71.750	71.750	99.580	27.300	44.850	487.500	559.650	99.580		
99.590	0.000	0.000	119.000	119.000	99.590	19.500	37.050	481.650	538.200	99.590		
99.600	0.000	0.000	161.000	161.000	99.600	11.700	31.200	475.800	518.700	99.600		
99.610	0.000	1.750	201.250	203.000	99.610	5.850	27.300	464.100	497.250	99.610		
99.620	0.000	3.500	248.500	252.000	99.620	0.000	19.500	444.600	464.100	99.620		
99.630	1.750	8.750	304.500	315.000	99.630	0.000	13.650	419.250	432.900	99.630		
99.640	3.500	14.000	346.500	364.000	99.640	0.000	9.750	382.200	391.950	99.640		
99.650	8.750	24.500	379.750	413.000	99.650	0.000	5.850	337.350	343.200	99.650		
99.660	8.750	36.750	404.250	449.750	99.660	0.000	1.950	284.700	286.650	99.660		
99.670	14.000	54.250	420.000	488.250	99.670	0.000	0.000	232.050	232.050	99.670		
99.680	17.500	71.750	428.750	518.000	99.680	0.000	0.000	173.550	173.550	99.680		
99.690	24.500	91.000	437.500	553.000	99.690	0.000	0.000	124.800	124.800	99.690		
99.700	29.750	106.750	434.000	570.500	99.700	0.000	0.000	83.850	83.850	99.700		
99.710	36.750	119.000	432.250	588.000	99.710	0.000	0.000	54.600	54.600	99.710		
99.720	44.720	129.000	430.000	603.720	99.720	7.410	2.470	32.500	42.380	99.720		
99.730	53.320	135.880	426.560	615.760	99.730	7.410	0.000	17.420	24.830	99.730		
99.740	63.640	141.040	421.400	626.080	99.740	7.410	0.000	9.880	17.290	99.740		
99.750	68.800	144.480	419.680	632.960	99.750	4.940	0.000	4.940	9.880	99.750		
99.760	73.960	146.200	414.520	634.680	99.760	4.940	0.000	7.410	12.350	99.760		
99.770	77.400	146.200	409.360	632.960	99.770	4.940	0.000	4.940	9.880	99.770		
99.780	79.120	146.200	402.480	627.800	99.780	4.940	0.000	4.940	9.880	99.780		
99.790	79.120	144.480	393.880	617.480	99.790	4.940	0.000	4.940	9.880	99.790		
99.800	79.120	144.480	388.720	612.320	99.800	4.940	0.000	4.940	9.880	99.800		
99.810	73.960	141.040	388.720	603.720	99.810	4.940	0.000	2.470	7.410	99.810		
99.820	72.240	135.880	392.160	600.280	99.820	4.940	0.000	2.470	7.410	99.820		
99.830	67.080	129.000	393.880	589.960	99.830	4.940	0.000	4.940	9.880	99.830		
99.840	58.480	123.840	404.200	586.520	99.840	4.940	0.000	2.470	7.410	99.840		
99.850	51.600	116.960	414.520	583.080	99.850	4.940	0.000	2.470	7.410	99.850		
99.860	46.440	106.640	421.400	574.480	99.860	4.940	0.000	2.470	7.410	99.860		
99.870	38.930	98.470	432.810	570.210	99.870	5.000	0.000	2.500	7.500	99.870		
99.880	34.350	89.310	444.260	567.920	99.880	2.500	2.500	5.000	10.000	99.880		
99.890	32.060	84.730	453.420	570.210	99.890	2.500	0.000	2.500	5.000	99.890		
99.900	29.770	75.570	467.160	572.500	99.900	2.500	2.500	2.500	7.500	99.900		
99.910	27.480	68.700	478.610	574.790	99.910	0.000	0.000	2.500	2.500	99.910		
99.920	22.900	64.120	487.770	574.790	99.920	0.000	2.500	5.000	7.500	99.920		
99.930	22.900	59.540	499.220	581.660	99.930	0.000	2.500	5.000	7.500	99.930		
99.940	20.610	54.960	508.380	583.950	99.940	2.500	2.500	2.500	7.500	99.940		
99.950	20.610	48.090	519.830	588.530	99.950	0.000	2.500	2.500	5.000	99.950		
99.960	18.320	43.510	528.990	590.820	99.960	0.000	0.000	2.500	2.500	99.960		
99.970	18.320	41.220	535.860	595.400	99.970	0.000	2.500	2.500	5.000	99.970		
99.980	16.030	36.640	547.310	599.980	99.980	0.000	2.500	5.000	7.500	99.980		
99.990	16.030	34.350	554.180	604.560	99.990	0.000	0.000	2.500	2.500	99.990		
100.000	13.740	29.770	561.050	604.560	100.000	0.000	2.500	2.500	5.000	100.000		
100.010	13.740	27.480	572.500	613.720	100.010	0.000	0.000	0.000	0.000	100.010		
100.020	14.280	23.800	578.340	616.420	100.020	0.000	0.000	2.490	2.490	100.020		
100.030	11.900	21.420	583.100	616.420	100.030	0.000	2.490	2.490	4.980	100.030		
100.040	11.900	21.420	587.860	621.180	100.040	0.000	0.000	0.000	0.000	100.040		
100.050	11.900	19.040	587.860	618.800	100.050	0.000	0.000	0.000	0.000	100.050		
100.060	11.900	19.040	590.240	621.180	100.060	0.000	0.000	0.000	0.000	100.060		
100.070	9.520	16.660	590.240	616.420	100.070	0.000	0.000	0.000	0.000	100.070		
100.080	9.520	16.660	590.240	616.420	100.080	0.000	0.000	0.000	0.000	100.080		
100.090	9.520	16.660	595.000	621.180	100.090	0.000	0.000	0.000	0.000	100.090		
100.100	9.520	16.660	590.240	616.420	100.100	0.000	0.000	0.000	0.000	100.100		
100.110	9.520	16.660	587.860	614.040	100.110	0.000	0.000	0.000	0.000	100.110		
100.120	9.520	16.660	585.480	611.660	100.120	0.000	0.000	0.000	0.000	100.120		
100.130	9.520	16.660	583.100	609.280	100.130	0.000	0.000	0.000	0.000	100.130		
100.140	7.140	16.660	578.340	602.140	100.140	0.000	0.000	0.000	0.000	100.140		
100.150	7.140	16.660	573.580	597.380	100.150	2.490	0.000	0.000	2.490	100.150		
100.160	7.140	16.660	568.820	592.620	100.160	7.500	0.000	0.000	7.500	100.160		
100.170	9.000	18.000	562.500	589.500	100.170	11.700	0.000	0.000	11.700	100.170		
100.180	9.000	18.000	553.500	580.500	100.180	19.800	0.000	0.000	19.800	100.180		
100.190	9.000	18.000	546.750	573.750	100.190	32.400	0.000	0.000	32.400	100.190		
100.200	6.750	22.500	540.000	569.250	100.200	49.500	0.000	0.000	49.500	100.200		
100.210	9.000	27.000	526.500	562.500	100.210	69.300	0.000	0.000	69.300	100.210		
100.220	9.000	29.250	517.500	555.750	100.220	87.300	0.000	0.000	87.300	100.220		
100.230	6.750	31.500	504.000	542.250	100.230	107.100	1.800	0.000	108.900	100.230		
100.240	9.000	36.000	483.750	528.750	100.240	129.600	7.200	0.000	136.800	100.240		
100.250	9.000	45.000	461.250	515.250	100.250	154.800	17.100	4.500	176.400	100.250		
100.260	6.750	51.750	436.500	495.000	100.260	171.900	19.800	11.700	203.400	100.260		
100.270	11.250	58.500	407.250	477.000	100.270	181.800	24.300	19.800	225.900	100.270		
100.280	13.500	67.500	373.500	454.500	100.280	184.500	27.000	24.300	235.800	100.280		
100.290	18.000	69.750	333.000	420.750	100.290	191.700	32.400	29.700	253.800	100.290		
100.300	24.750	69.750	283.500	378.000	100.300	204.300	34.200	36.900	275.400	100.300		
100.310	31.500	67.500	234.000	333.000	100.310	225.000	39.600	42.300	306.900	100.310		
100.320	39.420	62.050	182.500	283.970	100.320	248.750	45.770	43.780	338.300	100.320		
100.330	47.450	54.750	132.130	234.330	100.330	276.610	53.730	51.740	382.080	100.330		
100.340	54.750	47.450	94.900	197.100	100.340	308.450	59.700	51.740	419.890	100.340		
100.350	62.050	37.230	62.050	161.330	100.350	346.260	69.650	53.730	469.640	100.350		
100.360	64.970	27.010	42.340	134.320	100.360	378.100	79.600	53.730	511.430	100.360		
100.370	62.050	21.900	34.310	118.260	100.370	411.930	85.570	53.730	551.230	100.370		
100.380	54.750	16.790	32.120	103.660	100.380	435.810	95.520	55.720	587.050	100.380		
100.390	44.530	12.410	27.010	83.950	100.390	455.710	103.480	53.730	612.920	100.390		
100.400	32.120	9.490	19.710	61.320	100.400	473.620	109.450	53.730	636.800	100.400		
100.410	24.820	9.490	16.790	51.100	100.410	483.570	113.430	51.740	648.740	100.410		
100.420	16.790	7.300	14.600	38.690	100.420	493.520	113.430	51.740	658.690	100.420		
100.430	12.410	7.300	14.600	34.310	100.430	497.500	121.390	49.750	668.640	100.430		
100.440	4.380	4.380	12.410	21.170	100.440	497.500	121.390	49.750	668.640	100.440		
100.450	2.190	4.380	12.410	18.980	100.450	493.520	123.380	49.750	666.650	100.450		
100.460	0.000	2.190	12.410	14.600	100.460	489.540	123.380	49.750	662.670	100.460		
100.470	0.000	5.000	12.500	17.500	100.470	482.500	127.380	52.110	661.990	100.470		
100.480	0.000	2.500	12.500	15.000	100.480	476.710	127.380	48.250	652.340	100.480		
100.490	0.000	2.500	10.000	12.500	100.490	468.990	129.310	52.110	650.410	100.490		
100.500	0.000	2.500	10.000	12.500	100.500	459.340	129.310	54.040	642.690	100.500		
100.510	0.000	2.500	10.000	12.500	100.510	451.620	129.310	55.970	636.900	100.510		
100.520	0.000	5.000	10.000	15.000	100.520	441.970	129.310	59.830	631.110	100.520		
100.530	0.000	2.500	10.000	12.500	100.530	436.180	127.380	61.760	625.320	100.530		
100.540	0.000	2.500	10.000	12.500	100.540	428.460	127.380	65.620	621.460	100.540		
100.550	0.000	2.500	7.500	10.000	100.550	420.740	121.590	65.620	607.950	100.550		
100.560	0.000	2.500	7.500	10.000	100.560	418.810	121.590	69.480	609.880	100.560		
100.570	0.000	2.500	7.500	10.000	100.570	416.880	119.660	73.340	609.880	100.570		
100.580	0.000	2.500	7.500	10.000	100.580	414.950	119.660	73.340	607.950	100.580		
100.590	0.000	2.500	5.000	7.500	100.590	409.160	119.660	77.200	606.020	100.590		
100.600	0.000	2.500	5.000	7.500	100.600	407.230	119.660	77.200	604.090	100.600		
100.610	0.000	2.500	5.000	7.500	100.610	401.440	121.590	77.200	600.230	100.610		
100.620	0.000	2.500	5.000	7.500	100.620	398.520	121.360	77.080	596.960	100.620		
100.630	0.000	2.500	5.000	7.500	100.630	398.520	124.640	78.720	601.880	100.630		
100.640	0.000	2.500	5.000	7.500	100.640	398.520	126.280	78.720	603.520	100.640		
100.650	0.000	2.500	2.500	5.000	100.650	398.520	129.560	78.720	606.800	100.650		
100.660	0.000	2.500	5.000	7.500	100.660	401.800	131.200	82.000	615.000	100.660		
100.670	0.000	2.500	5.000	7.500	100.670	406.720	136.120	82.000	624.840	100.670		
100.680	0.000	5.000	7.500	12.500	100.680	406.720	141.040	82.000	629.760	100.680		
100.690	0.000	2.500	10.000	12.500	100.690	410.000	145.960	82.000	637.960	100.690		
100.700	0.000	5.000	12.500	17.500	100.700	406.720	150.880	83.640	641.240	100.700		
100.710	0.000	2.500	12.500	15.000	100.710	398.520	150.880	82.000	631.400	100.710		
100.720	0.000	2.500	10.000	12.500	100.720	396.880	157.440	82.000	636.320	100.720		
100.730	0.000	2.500	7.500	10.000	100.730	391.960	159.080	82.000	633.040	100.730		
100.740	0.000	0.000	5.000	5.000	100.740	387.040	157.440	78.720	623.200	100.740		
100.750	0.000	2.500	5.000	7.500	100.750	383.760	159.080	78.720	621.560	100.750		
100.760	0.000	2.500	5.000	7.500	100.760	382.120	159.080	77.080	618.280	100.760		
100.770	0.000	0.000	5.000	5.000	100.770	381.920	156.640	72.160	610.720	100.770		
100.780	0.000	0.000	5.000	5.000	100.780	381.920	158.400	66.880	607.200	100.780		
100.790	0.000	0.000	5.000	5.000	100.790	383.680	156.640	63.360	603.680	100.790		
100.800	0.000	0.000	2.500	2.500	100.800	387.200	154.880	59.840	601.920	100.800		
100.810	0.000	0.000	5.000	5.000	100.810	388.960	151.360	56.320	596.640	100.810		
100.820	0.000	0.000	5.000	5.000	100.820	394.240	151.360	54.560	600.160	100.820		
100.830	0.000	0.000	5.000	5.000	100.830	399.520	151.360	49.280	600.160	100.830		
100.840	0.000	2.500	5.000	7.500	100.840	404.800	149.600	45.760	600.160	100.840		
100.850	0.000	2.500	5.000	7.500	100.850	408.320	149.600	44.000	601.920	100.850		
100.860	0.000	0.000	5.000	5.000	100.860	413.600	149.600	42.240	605.440	100.860		
100.870	0.000	0.000	5.000	5.000	100.870	422.400	149.600	38.720	610.720	100.870		
100.880	0.000	0.000	5.000	5.000	100.880	425.920	146.080	36.960	608.960	100.880		
100.890	0.000	0.000	2.500	2.500	100.890	431.200	146.080	33.440	610.720	100.890		
100.900	0.000	0.000	5.000	5.000	100.900	436.480	144.320	31.680	612.480	100.900		
100.910	0.000	0.000	2.500	2.500	100.910	440.000	144.320	31.680	616.000	100.910		
100.920	0.000	2.380	4.760	7.140	100.920	442.500	143.370	28.320	614.190	100.920		
100.930	0.000	2.380	2.380	4.760	100.930	438.960	141.600	28.320	608.880	100.930		
100.940	0.000	0.000	2.380	2.380	100.940	438.960	141.600	26.550	607.110	100.940		
100.950	2.380	2.380	2.380	7.140	100.950	433.650	139.830	26.550	600.030	100.950		
100.960	2.380	2.380	2.380	7.140	100.960	428.340	139.830	26.550	594.720	100.960		
100.970	2.380	2.380	4.760	9.520	100.970	421.260	136.290	26.550	584.100	100.970		
100.980	4.760	2.380	7.480	14.620	100.980	412.410	134.520	26.550	573.480	100.980		
100.990	7.480	4.760	12.240	24.480	100.990	396.480	130.980	26.550	554.010	100.990		
101.000	12.240	9.860	17.340	39.440	101.000	384.090	129.210	28.320	541.620	101.000		
101.010	17.340	12.240	24.820	54.400	101.010	366.390	127.440	28.320	522.150	101.010		
101.020	19.720	17.340	29.920	66.980	101.020	348.690	122.130	28.320	499.140	101.020		
101.030	22.440	19.720	37.400	79.560	101.030	334.530	116.820	26.550	477.900	101.030		
101.040	24.820	24.820	47.260	96.900	101.040	316.830	111.510	26.550	454.890	101.040		
101.050	29.920	29.920	67.320	127.160	101.050	297.360	106.200	24.780	428.340	101.050		
101.060	37.400	32.300	85.000	154.700	101.060	279.660	97.350	21.240	398.250	101.060		
101.070	44.280	34.440	107.010	185.730	101.070	260.000	89.440	16.640	366.080	101.070		
101.080	46.740	36.900	126.690	210.330	101.080	239.200	82.160	16.640	338.000	101.080		
101.090	51.660	36.900	143.910	232.470	101.090	224.640	79.040	14.560	318.240	101.090		
101.100	56.580	39.360	162.360	258.300	101.100	212.160	71.760	12.480	296.400	101.100		
101.110	61.500	41.820	179.580	282.900	101.110	196.560	64.480	9.360	270.400	101.110		
101.120	63.960	46.740	191.880	302.580	101.120	184.080	57.200	7.280	248.560	101.120		
101.130	66.420	49.200	206.640	322.260	101.130	171.600	49.920	2.080	223.600	101.130		
101.140	71.340	51.660	218.940	341.940	101.140	157.040	41.600	2.080	200.720	101.140		
101.150	77.490	56.580	232.470	366.540	101.150	144.560	37.440	0.000	182.000	101.150		
101.160	79.950	61.500	247.230	388.680	101.160	130.000	29.120	0.000	159.120	101.160		
101.170	84.870	66.420	259.530	410.820	101.170	114.400	21.840	0.000	136.240	101.170		
101.180	89.790	71.340	271.830	432.960	101.180	99.840	14.560	0.000	114.400	101.180		
101.190	94.710	73.800	281.670	450.180	101.190	82.160	9.360	0.000	91.520	101.190		
101.200	99.630	77.490	293.970	471.090	101.200	69.680	7.280	0.000	76.960	101.200		
101.210	107.010	79.950	307.500	494.460	101.210	57.200	4.160	0.000	61.360	101.210		
101.220	111.720	83.790	319.200	514.710	101.220	42.500	2.380	0.000	44.880	101.220		
101.230	119.700	86.450	327.180	533.330	101.230	32.470	2.380	0.000	34.850	101.230		
101.240	126.350	91.770	332.500	550.620	101.240	19.890	0.000	0.000	19.890	101.240		
101.250	136.990	91.770	332.500	561.260	101.250	12.410	0.000	0.000	12.410	101.250		
101.260	144.970	91.770	332.500	569.240	101.260	7.480	0.000	0.000	7.480	101.260		
101.270	148.960	91.770	332.500	573.230	101.270	4.930	0.000	0.000	4.930	101.270		
101.280	154.280	91.770	332.500	578.550	101.280	4.930	0.000	0.000	4.930	101.280		
101.290	159.600	89.110	332.500	581.210	101.290	7.480	0.000	0.000	7.480	101.290		
101.300	162.260	86.450	329.840	578.550	101.300	4.930	0.000	0.000	4.930	101.300		
101.310	162.260	83.790	329.840	575.890	101.310	4.930	0.000	0.000	4.930	101.310		
101.320	162.260	83.790	332.500	578.550	101.320	4.930	0.000	0.000	4.930	101.320		
101.330	159.600	79.800	332.500	571.900	101.330	4.930	0.000	0.000	4.930	101.330		
101.340	162.260	79.800	332.500	574.560	101.340	4.930	0.000	0.000	4.930	101.340		
101.350	164.920	77.140	329.840	571.900	101.350	4.930	0.000	0.000	4.930	101.350		
101.360	166.250	74.480	327.180	567.910	101.360	4.930	0.000	0.000	4.930	101.360		
101.370	174.200	74.100	325.000	573.300	101.370	5.000	0.000	0.000	5.000	101.370		
101.380	179.400	74.100	317.200	570.700	101.380	2.500	0.000	0.000	2.500	101.380		
101.390	189.800	71.500	312.000	573.300	101.390	5.000	0.000	0.000	5.000	101.390		
101.400	195.000	71.500	306.800	573.300	101.400	2.500	0.000	0.000	2.500	101.400		
101.410	204.100	71.500	304.200	579.800	101.410	2.500	0.000	0.000	2.500	101.410		
101.420	209.300	71.500	299.000	579.800	101.420	2.500	0.000	0.000	2.500	101.420		
101.430	219.700	71.500	293.800	585.000	101.430	2.500	0.000	0.000	2.500	101.430		
101.440	227.500	68.900	289.900	586.300	101.440	2.500	0.000	0.000	2.500	101.440		
101.450	236.600	71.500	287.300	595.400	101.450	2.500	0.000	0.000	2.500	101.450		
101.460	247.000	71.500	282.100	600.600	101.460	2.500	0.000	0.000	2.500	101.460		
101.470	254.800	71.500	276.900	603.200	101.470	2.500	0.000	0.000	2.500	101.470		
101.480	260.000	71.500	274.300	605.800	101.480	2.500	0.000	0.000	2.500	101.480		
101.490	263.900	68.900	271.700	604.500	101.490	2.500	0.000	0.000	2.500	101.490		
101.500	266.500	68.900	269.100	604.500	101.500	2.500	0.000	0.000	2.500	101.500		
101.510	269.100	68.900	269.100	607.100	101.510	0.000	0.000	0.000	0.000	101.510		
101.520	267.120	69.300	272.160	608.580	101.520	0.000	0.000	0.000	0.000	101.520		
101.530	262.080	69.300	277.200	608.580	101.530	2.470	0.000	0.000	2.470	101.530		
101.540	259.560	69.300	279.720	608.580	101.540	0.000	0.000	0.000	0.000	101.540		
101.550	254.520	66.780	282.240	603.540	101.550	2.470	0.000	2.470	4.940	101.550		
101.560	249.480	66.780	287.280	603.540	101.560	2.470	0.000	0.000	2.470	101.560		
101.570	246.960	64.260	289.800	601.020	101.570	2.470	0.000	0.000	2.470	101.570		
101.580	239.400	66.780	294.840	601.020	101.580	2.470	0.000	0.000	2.470	101.580		
101.590	234.360	64.260	299.880	598.500	101.590	0.000	0.000	2.470	2.470	101.590		
101.600	226.800	61.740	302.400	590.940	101.600	0.000	0.000	2.470	2.470	101.600		
101.610	219.240	59.220	307.440	585.900	101.610	0.000	0.000	7.410	7.410	101.610		
101.620	211.680	56.700	309.960	578.340	101.620	0.000	0.000	9.880	9.880	101.620		
101.630	206.640	56.700	312.480	575.820	101.630	0.000	0.000	14.820	14.820	101.630		
101.640	204.120	54.180	315.000	573.300	101.640	0.000	0.000	24.890	24.890	101.640		
101.650	201.600	54.180	312.480	568.260	101.650	0.000	0.000	34.960	34.960	101.650		
101.660	199.080	51.660	309.960	560.700	101.660	0.000	0.000	47.500	47.500	101.660		
101.670	198.860	48.800	305.000	552.660	101.670	0.000	0.000	66.600	66.600	101.670		
101.680	198.860	48.800	296.460	544.120	101.680	2.220	0.000	89.910	92.130	101.680		
101.690	196.420	46.360	286.700	529.480	101.690	2.220	2.220	106.560	111.000	101.690		
101.700	198.860	43.920	276.940	519.720	101.700	4.440	2.220	124.320	130.980	101.700		
101.710	201.300	41.480	264.740	507.520	101.710	6.660	4.440	136.530	147.630	101.710		
101.720	196.420	39.040	251.320	486.780	101.720	6.660	6.660	154.290	167.610	101.720		
101.730	198.860	36.600	239.120	474.580	101.730	12.210	9.990	172.050	194.250	101.730		
101.740	196.420	31.720	224.480	452.620	101.740	12.210	14.430	189.810	216.450	101.740		
101.750	193.980	29.280	209.840	433.100	101.750	14.430	16.650	202.020	233.100	101.750		
101.760	189.100	24.400	196.420	409.920	101.760	16.650	22.200	216.450	255.300	101.760		
101.770	184.220	21.960	184.220	390.400	101.770	22.200	26.640	229.770	278.610	101.770		
101.780	179.340	19.520	172.020	370.880	101.780	26.640	32.190	241.980	300.810	101.780		
101.790	167.140	17.080	159.820	344.040	101.790	32.190	39.960	254.190	326.340	101.790		
101.800	162.260	14.640	143.960	320.860	101.800	36.630	52.170	266.400	355.200	101.800		
101.810	148.840	12.200	126.880	287.920	101.810	52.170	64.380	277.500	394.050	101.810		
101.820	132.500	9.540	104.940	246.980	101.820	76.680	79.520	286.840	443.040	101.820		
101.830	117.130	7.420	87.450	212.000	101.830	99.400	89.460	293.940	482.800	101.830		
101.840	99.640	7.420	67.310	174.370	101.840	116.440	102.240	303.880	522.560	101.840		
101.850	84.800	4.770	49.820	139.390	101.850	134.900	109.340	312.400	556.640	101.850		
101.860	69.960	4.770	37.100	111.830	101.860	149.100	119.280	322.340	590.720	101.860		
101.870	54.590	2.120	29.680	86.390	101.870	161.880	126.380	329.440	617.700	101.870		
101.880	44.520	2.120	22.260	68.900	101.880	166.140	129.220	333.700	629.060	101.880		
101.890	34.980	2.120	12.190	49.290	101.890	171.820	134.900	342.220	648.940	101.890		
101.900	27.030	2.120	7.420	36.570	101.900	171.820	136.320	346.480	654.620	101.900		
101.910	17.490	2.120	4.770	24.380	101.910	174.660	136.320	349.320	660.300	101.910		
101.920	9.540	2.120	2.120	13.780	101.920	174.660	134.900	352.160	661.720	101.920		
101.930	2.120	2.120	2.120	6.360	101.930	177.500	134.900	355.000	667.400	101.930		
101.940	2.120	2.120	2.120	6.360	101.940	178.920	129.220	352.160	660.300	101.940		
101.950	0.000	2.120	0.000	2.120	101.950	181.760	126.380	346.480	654.620	101.950		
101.960	0.000	2.120	0.000	2.120	101.960	184.600	124.960	342.220	651.780	101.960		
101.970	2.500	2.500	0.000	5.000	101.970	186.260	121.940	335.000	643.200	101.970		
101.980	0.000	0.000	0.000	0.000	101.980	186.260	119.260	326.960	632.480	101.980		
101.990	0.000	2.500	0.000	2.500	101.990	188.940	119.260	321.600	629.800	101.990		
102.000	0.000	2.500	0.000	2.500	102.000	194.300	119.260	314.900	628.460	102.000		
102.010	0.000	2.500	0.000	2.500	102.010	196.980	119.260	309.540	625.780	102.010		
102.020	0.000	2.500	0.000	2.500	102.020	202.340	119.260	304.180	625.780	102.020		
102.030	0.000	2.500	0.000	2.500	102.030	209.040	121.940	297.480	628.460	102.030		
102.040	0.000	2.500	0.000	2.500	102.040	214.400	121.940	292.120	628.460	102.040		
102.050	0.000	2.500	0.000	2.500	102.050	223.780	124.620	281.400	629.800	102.050		
102.060	0.000	2.500	0.000	2.500	102.060	234.500	124.620	272.020	631.140	102.060		
102.070	0.000	2.500	0.000	2.500	102.070	243.880	124.620	263.980	632.480	102.070		
102.080	0.000	2.500	0.000	2.500	102.080	254.600	121.940	249.240	625.780	102.080		
102.090	0.000	0.000	0.000	0.000	102.090	266.660	124.620	239.860	631.140	102.090		
102.100	0.000	2.500	0.000	2.500	102.100	278.720	127.300	226.460	632.480	102.100		
102.110	0.000	2.500	0.000	2.500	102.110	294.800	124.620	214.400	633.820	102.110		
102.120	0.000	2.500	0.000	2.500	102.120	306.880	127.410	201.390	635.680	102.120		
102.130	0.000	2.500	0.000	2.500	102.130	312.360	127.410	194.540	634.310	102.130		
102.140	0.000	2.500	0.000	2.500	102.140	321.950	128.780	184.950	635.680	102.140		
102.150	0.000	2.500	0.000	2.500	102.150	328.800	128.780	176.730	634.310	102.150		
102.160	0.000	2.500	0.000	2.500	102.160	334.280	131.520	169.880	635.680	102.160		
102.170	0.000	0.000	0.000	0.000	102.170	339.760	131.520	158.920	630.200	102.170		
102.180	0.000	0.000	0.000	0.000	102.180	342.500	131.520	154.810	628.830	102.180		
102.190	0.000	2.500	0.000	2.500	102.190	342.500	134.260	149.330	626.090	102.190		
102.200	0.000	2.500	0.000	2.500	102.200	339.760	131.520	142.480	613.760	102.200		
102.210	0.000	2.500	0.000	2.500	102.210	339.760	128.780	142.480	611.020	102.210		
102.220	0.000	2.500	0.000	2.500	102.220	334.280	127.410	139.740	601.430	102.220		
102.230	0.000	2.500	0.000	2.500	102.230	331.540	124.670	139.740	595.950	102.230		
102.240	0.000	2.500	0.000	2.500	102.240	328.800	124.670	143.850	597.320	102.240		
102.250	0.000	2.500	0.000	2.500	102.250	327.430	121.930	146.590	595.950	102.250		
102.260	0.000	2.500	0.000	2.500	102.260	324.690	121.930	146.590	593.210	102.260		
102.270	7.380	4.920	0.000	12.300	102.270	320.000	124.160	149.760	593.920	102.270		
102.280	12.300	7.380	0.000	19.680	102.280	314.880	124.160	149.760	588.800	102.280		
102.290	17.220	9.840	2.460	29.520	102.290	309.760	124.160	147.200	581.120	102.290		
102.300	24.600	9.840	2.460	36.900	102.300	302.080	124.160	144.640	570.880	102.300		
102.310	34.850	14.760	2.460	52.070	102.310	291.840	121.600	142.080	555.520	102.310		
102.320	44.690	17.220	4.920	66.830	102.320	281.600	119.040	136.960	537.600	102.320		
102.330	52.480	22.140	7.380	82.000	102.330	271.360	116.480	134.400	522.240	102.330		
102.340	59.860	32.390	14.760	107.010	102.340	257.280	111.360	129.280	497.920	102.340		
102.350	69.700	37.310	32.390	139.400	102.350	241.920	106.240	124.160	472.320	102.350		
102.360	74.620	42.230	47.150	164.000	102.360	226.560	102.400	119.040	448.000	102.360		
102.370	77.490	47.150	62.320	186.960	102.370	209.920	94.720	111.360	416.000	102.370		
102.380	82.410	49.610	74.620	206.640	102.380	197.120	89.600	104.960	391.680	102.380		
102.390	84.870	52.480	84.870	222.220	102.390	179.200	84.480	99.840	363.520	102.390		
102.400	84.870	54.940	94.710	234.520	102.400	161.280	79.360	94.720	335.360	102.400		
102.410	87.330	57.400	102.500	247.230	102.410	147.200	71.680	87.040	305.920	102.410		
102.420	90.720	58.590	109.620	258.930	102.420	127.500	67.320	79.560	274.380	102.420		
102.430	94.500	62.370	119.070	275.940	102.430	109.650	59.670	72.420	241.740	102.430		
102.440	96.390	64.260	128.520	289.170	102.440	92.310	54.570	64.770	211.650	102.440		
102.450	98.280	69.930	143.640	311.850	102.450	77.010	47.430	59.670	184.110	102.450		
102.460	98.280	73.710	166.320	338.310	102.460	62.220	39.780	49.980	151.980	102.460		
102.470	102.060	77.490	190.890	370.440	102.470	49.980	34.680	44.880	129.540	102.470		
102.480	98.280	81.270	221.130	400.680	102.480	37.230	29.580	37.230	104.040	102.480		
102.490	94.500	86.940	253.260	434.700	102.490	29.580	24.990	29.580	84.150	102.490		
102.500	86.940	90.720	287.280	464.940	102.500	19.890	19.890	19.890	59.670	102.500		
102.510	83.160	94.500	315.630	493.290	102.510	9.690	17.340	17.340	44.370	102.510		
102.520	73.710	96.390	349.650	519.750	102.520	2.040	12.240	9.690	23.970	102.520		
102.530	66.150	96.390	379.890	542.430	102.530	0.000	9.690	4.590	14.280	102.530		
102.540	54.810	94.500	408.240	557.550	102.540	0.000	7.140	4.590	11.730	102.540		
102.550	43.470	88.830	442.260	574.560	102.550	0.000	7.140	4.590	11.730	102.550		
102.560	35.910	81.270	472.500	589.680	102.560	0.000	7.140	2.040	9.180	102.560		
102.570	28.340	74.120	499.220	601.680	102.570	0.000	5.000	2.480	7.480	102.570		
102.580	23.980	65.400	516.660	606.040	102.580	0.000	5.000	2.480	7.480	102.580		
102.590	21.800	58.860	529.740	610.400	102.590	0.000	5.000	2.480	7.480	102.590		
102.600	19.620	52.320	536.280	608.220	102.600	0.000	5.000	2.480	7.480	102.600		
102.610	17.440	45.780	540.640	603.860	102.610	0.000	5.000	2.480	7.480	102.610		
102.620	17.440	43.600	545.000	606.040	102.620	0.000	5.000	2.480	7.480	102.620		
102.630	13.080	39.240	545.000	597.320	102.630	0.000	5.000	2.480	7.480	102.630		
102.640	10.900	37.060	540.640	588.600	102.640	0.000	5.000	0.000	5.000	102.640		
102.650	10.900	30.520	538.460	579.880	102.650	0.000	5.000	2.480	7.480	102.650		
102.660	10.900	30.520	536.280	577.700	102.660	0.000	5.000	0.000	5.000	102.660		
102.670	8.720	28.340	531.920	568.980	102.670	0.000	5.000	0.000	5.000	102.670		
102.680	8.720	28.340	523.200	560.260	102.680	0.000	5.000	0.000	5.000	102.680		
102.690	6.540	23.980	516.660	547.180	102.690	0.000	5.000	0.000	5.000	102.690		
102.700	8.720	23.980	512.300	545.000	102.700	0.000	7.480	2.480	9.960	102.700		
102.710	8.720	26.160	505.760	540.640	102.710	0.000	10.000	5.000	15.000	102.710		
102.720	6.030	26.130	502.500	534.660	102.720	0.000	17.040	7.100	24.140	102.720		
102.730	6.030	24.120	498.480	528.630	102.730	0.000	24.850	14.910	39.760	102.730		
102.740	6.030	26.130	494.460	526.620	102.740	0.000	31.950	22.010	53.960	102.740		
102.750	6.030	24.120	488.430	518.580	102.750	2.130	46.860	34.790	83.780	102.750		
102.760	6.030	24.120	482.400	512.550	102.760	9.940	64.610	46.860	121.410	102.760		
102.770	6.030	26.130	474.360	506.520	102.770	26.980	79.520	51.830	158.330	102.770		
102.780	6.030	26.130	464.310	496.470	102.780	64.610	89.460	54.670	208.740	102.780		
102.790	8.040	26.130	448.230	482.400	102.790	97.270	89.460	54.670	241.400	102.790		
102.800	8.040	24.120	428.130	460.290	102.800	117.150	87.330	51.830	256.310	102.800		
102.810	8.040	24.120	406.020	438.180	102.810	127.090	82.360	51.830	261.280	102.810		
102.820	8.040	22.110	383.910	414.060	102.820	132.060	79.520	46.860	258.440	102.820		
102.830	6.030	18.090	359.790	383.910	102.830	139.870	74.550	46.860	261.280	102.830		
102.840	6.030	16.080	333.660	355.770	102.840	149.810	74.550	46.860	271.220	102.840		
102.850	6.030	14.070	309.540	329.640	102.850	161.880	74.550	41.890	278.320	102.850		
102.860	6.030	12.060	289.440	307.530	102.860	177.500	74.550	39.760	291.810	102.860		
102.870	6.480	11.880	270.000	288.360	102.870	193.970	74.970	36.890	305.830	102.870		
102.880	6.480	9.720	251.640	267.840	102.880	211.820	71.400	34.510	317.730	102.880		
102.890	4.320	9.720	244.080	258.120	102.890	227.290	71.400	32.130	330.820	102.890		
102.900	4.320	9.720	236.520	250.560	102.900	243.950	69.020	29.750	342.720	102.900		
102.910	4.320	9.720	234.360	248.400	102.910	261.800	66.640	27.370	355.810	102.910		
102.920	6.480	9.720	228.960	245.160	102.920	274.890	64.260	24.990	364.140	102.920		
102.930	4.320	9.720	228.960	243.000	102.930	284.410	64.260	24.990	373.660	102.930		
102.940	4.320	11.880	226.800	243.000	102.940	289.170	61.880	21.420	372.470	102.940		
102.950	4.320	9.720	224.640	238.680	102.950	293.930	61.880	21.420	377.230	102.950		
102.960	4.320	11.880	224.640	240.840	102.960	297.500	61.880	24.990	384.370	102.960		
102.970	6.480	9.720	222.480	238.680	102.970	297.500	61.880	24.990	384.370	102.970		
102.980	4.320	11.880	219.240	235.440	102.980	291.550	61.880	29.750	383.180	102.980		
102.990	6.480	14.040	214.920	235.440	102.990	286.790	61.880	32.130	380.800	102.990		
103.000	9.720	17.280	207.360	234.360	103.000	279.650	64.260	36.890	380.800	103.000		
103.010	17.280	24.840	194.400	236.520	103.010	274.890	64.260	44.030	383.180	103.010		
103.020	27.380	29.600	185.000	241.980	103.020	270.000	64.800	46.440	381.240	103.020		
103.030	31.820	29.600	174.640	236.060	103.030	264.600	64.800	46.440	375.840	103.030		
103.040	34.780	31.820	167.240	233.840	103.040	262.440	61.560	46.440	370.440	103.040		
103.050	39.960	31.820	164.280	236.060	103.050	259.200	61.560	44.280	365.040	103.050		
103.060	42.180	31.820	162.060	236.060	103.060	257.040	61.560	44.280	362.880	103.060		
103.070	39.960	34.780	164.280	239.020	103.070	254.880	59.400	42.120	356.400	103.070		
103.080	39.960	34.780	164.280	239.020	103.080	254.880	59.400	42.120	356.400	103.080		
103.090	37.000	37.000	167.240	241.240	103.090	254.880	59.400	39.960	354.240	103.090		
103.100	37.000	37.000	169.460	243.460	103.100	254.880	57.240	36.720	348.840	103.100		
103.110	37.000	39.960	172.420	249.380	103.110	254.880	54.000	36.720	345.600	103.110		
103.120	34.780	39.960	176.860	251.600	103.120	254.880	51.840	36.720	343.440	103.120		
103.130	37.000	39.960	179.820	256.780	103.130	257.040	49.680	36.720	343.440	103.130		
103.140	39.960	42.180	182.040	264.180	103.140	257.040	49.680	39.960	346.680	103.140		
103.150	42.180	44.400	182.040	268.620	103.150	257.040	49.680	39.960	346.680	103.150		
103.160	44.400	44.400	179.820	268.620	103.160	254.880	49.680	44.280	348.840	103.160		
103.170	49.700	44.730	177.500	271.930	103.170	250.000	52.000	52.000	354.000	103.170		
103.180	51.830	41.890	171.820	265.540	103.180	245.000	52.000	60.000	357.000	103.180		
103.190	56.800	41.890	166.850	265.540	103.190	242.000	55.000	65.000	362.000	103.190		
103.200	59.640	41.890	161.880	263.410	103.200	240.000	57.000	72.000	369.000	103.200		
103.210	59.640	41.890	156.910	258.440	103.210	235.000	60.000	80.000	375.000	103.210		
103.220	62.480	39.760	149.810	252.050	103.220	230.000	62.000	87.000	379.000	103.220		
103.230	64.610	36.920	144.840	246.370	103.230	222.000	67.000	97.000	386.000	103.230		
103.240	64.610	36.920	139.870	241.400	103.240	212.000	70.000	105.000	387.000	103.240		
103.250	67.450	36.920	134.900	239.270	103.250	205.000	75.000	115.000	395.000	103.250		
103.260	69.580	36.920	129.930	236.430	103.260	197.000	75.000	120.000	392.000	103.260		
103.270	72.420	36.920	124.960	234.300	103.270	192.000	77.000	130.000	399.000	103.270		
103.280	74.550	36.920	119.990	231.460	103.280	187.000	75.000	132.000	394.000	103.280		
103.290	77.390	36.920	114.310	228.620	103.290	180.000	75.000	140.000	395.000	103.290		
103.300	79.520	36.920	112.180	228.620	103.300	175.000	72.000	145.000	392.000	103.300		
103.310	82.360	36.920	107.210	226.490	103.310	172.000	72.000	150.000	394.000	103.310		
103.320	87.360	37.380	105.000	229.740	103.320	169.480	69.920	154.280	393.680	103.320		
103.330	89.880	37.380	102.480	229.740	103.330	167.200	69.920	157.320	394.440	103.330		
103.340	89.880	39.900	102.480	232.260	103.340	167.200	66.880	161.880	395.960	103.340		
103.350	92.400	39.900	99.960	232.260	103.350	169.480	66.880	161.880	398.240	103.350		
103.360	94.920	39.900	99.960	234.780	103.360	169.480	64.600	161.880	395.960	103.360		
103.370	94.920	39.900	99.960	234.780	103.370	171.760	64.600	161.880	398.240	103.370		
103.380	94.920	39.900	97.440	232.260	103.380	174.800	62.320	159.600	396.720	103.380		
103.390	97.440	39.900	97.440	234.780	103.390	174.800	59.280	157.320	391.400	103.390		
103.400	97.440	42.420	99.960	239.820	103.400	179.360	57.000	154.280	390.640	103.400		
103.410	99.960	39.900	99.960	239.820	103.410	179.360	54.720	152.000	386.080	103.410		
103.420	99.960	39.900	99.960	239.820	103.420	182.400	54.720	152.000	389.120	103.420		
103.430	99.960	39.900	102.480	242.340	103.430	184.680	54.720	152.000	391.400	103.430		
103.440	99.960	42.420	102.480	244.860	103.440	186.960	52.440	152.000	391.400	103.440		
103.450	99.960	42.420	102.480	244.860	103.450	190.000	54.720	152.000	396.720	103.450		
103.460	102.480	42.420	102.480	247.380	103.460	190.000	52.440	152.000	394.440	103.460		
103.470	102.340	42.140	99.760	244.240	103.470	192.060	52.470	149.490	394.020	103.470		
103.480	102.340	39.990	99.760	242.090	103.480	194.040	52.470	149.490	396.000	103.480		
103.490	102.340	39.990	99.760	242.090	103.490	197.010	52.470	146.520	396.000	103.490		
103.500	99.760	39.990	99.760	239.510	103.500	199.980	52.470	144.540	396.990	103.500		
103.510	99.760	39.990	99.760	239.510	103.510	204.930	52.470	141.570	398.970	103.510		
103.520	99.760	39.990	99.760	239.510	103.520	206.910	49.500	139.590	396.000	103.520		
103.530	97.180	37.410	99.760	234.350	103.530	211.860	52.470	136.620	400.950	103.530		
103.540	94.600	37.410	102.340	234.350	103.540	219.780	49.500	129.690	398.970	103.540		
103.550	94.600	37.410	102.340	234.350	103.550	224.730	49.500	126.720	400.950	103.550		
103.560	92.450	37.410	102.340	232.200	103.560	229.680	46.530	121.770	397.980	103.560		
103.570	92.450	37.410	102.340	232.200	103.570	234.630	46.530	119.790	400.950	103.570		
103.580	89.870	37.410	102.340	229.620	103.580	236.610	44.550	114.840	396.000	103.580		
103.590	89.870	34.830	104.920	229.620	103.590	241.560	46.530	111.870	399.960	103.590		
103.600	87.290	37.410	107.500	232.200	103.600	244.530	44.550	109.890	398.970	103.600		
103.610	87.290	34.830	107.500	229.620	103.610	247.500	41.580	104.940	394.020	103.610		
103.620	87.500	35.000	110.000	232.500	103.620	246.870	42.120	101.790	390.780	103.620		
103.630	87.500	35.000	112.500	235.000	103.630	246.870	39.780	97.110	383.760	103.630		
103.640	87.500	37.500	115.000	240.000	103.640	249.210	37.440	94.770	381.420	103.640		
103.650	90.000	37.500	117.500	245.000	103.650	249.210	33.930	92.430	375.570	103.650		
103.660	92.500	40.000	117.500	250.000	103.660	249.210	33.930	88.920	372.060	103.660		
103.670	92.500	42.500	115.000	250.000	103.670	249.210	33.930	88.920	372.060	103.670		
103.680	97.500	45.000	112.500	255.000	103.680	246.870	33.930	88.920	369.720	103.680		
103.690	100.000	47.500	110.000	257.500	103.690	242.190	31.590	97.110	370.890	103.690		
103.700	107.500	52.500	102.500	262.500	103.700	239.850	29.250	99.450	368.550	103.700		
103.710	112.500	55.000	97.500	265.000	103.710	239.850	31.590	106.470	377.910	103.710		
103.720	120.000	60.000	87.500	267.500	103.720	244.530	31.590	114.660	390.780	103.720		
103.730	122.500	60.000	72.500	255.000	103.730	251.550	33.930	121.680	407.160	103.730		
103.740	125.000	62.500	55.000	242.500	103.740	259.740	37.440	132.210	429.390	103.740		
103.750	125.000	57.500	40.000	222.500	103.750	271.440	42.120	139.230	452.790	103.750		
103.760	120.000	52.500	25.000	197.500	103.760	292.500	46.800	152.100	491.400	103.760		
103.770	107.500	39.990	9.890	157.380	103.770	310.960	54.080	163.930	528.970	103.770		
103.780	89.870	29.670	2.150	121.690	103.780	329.550	60.840	174.070	564.460	103.780		
103.790	69.660	22.360	0.000	92.020	103.790	346.450	65.910	184.210	596.570	103.790		
103.800	47.300	17.200	0.000	64.500	103.800	363.350	70.980	194.350	628.680	103.800		
103.810	24.940	12.470	0.000	37.410	103.810	381.940	76.050	201.110	659.100	103.810		
103.820	12.470	7.310	0.000	19.780	103.820	397.150	81.120	206.180	684.450	103.820		
103.830	7.310	4.730	0.000	12.040	103.830	408.980	84.500	211.250	704.730	103.830		
103.840	7.310	4.730	0.000	12.040	103.840	417.430	86.190	214.630	718.250	103.840		
103.850	7.310	4.730	0.000	12.040	103.850	422.500	86.190	216.320	725.010	103.850		
103.860	4.730	4.730	0.000	9.460	103.860	422.500	86.190	219.700	728.390	103.860		
103.870	4.730	4.730	0.000	9.460	103.870	419.120	86.190	221.390	726.700	103.870		
103.880	4.730	4.730	0.000	9.460	103.880	417.430	84.500	219.700	721.630	103.880		
103.890	4.730	4.730	0.000	9.460	103.890	412.360	81.120	219.700	713.180	103.890		
103.900	4.730	4.730	0.000	9.460	103.900	403.910	76.050	219.700	699.660	103.900		
103.910	4.730	4.730	0.000	9.460	103.910	398.840	74.360	216.320	689.520	103.910		
103.920	5.000	5.000	0.000	10.000	103.920	395.000	71.100	214.880	680.980	103.920		
103.930	5.000	2.500	0.000	7.500	103.930	388.680	69.520	211.720	669.920	103.930		
103.940	5.000	2.500	0.000	7.500	103.940	382.360	66.360	208.560	657.280	103.940		
103.950	5.000	5.000	0.000	10.000	103.950	376.040	64.780	206.980	647.800	103.950		
103.960	2.500	2.500	0.000	5.000	103.960	374.460	58.460	202.240	635.160	103.960		
103.970	2.500	2.500	0.000	5.000	103.970	369.720	56.880	199.080	625.680	103.970		
103.980	2.500	2.500	0.000	5.000	103.980	366.560	52.140	194.340	613.040	103.980		
103.990	2.500	2.500	0.000	5.000	103.990	364.980	48.980	189.600	603.560	103.990		
104.000	5.000	2.500	2.500	10.000	104.000	358.660	44.240	184.860	587.760	104.000		
104.010	2.500	5.000	2.500	10.000	104.010	358.660	41.080	178.540	578.280	104.010		
104.020	2.500	2.500	0.000	5.000	104.020	361.820	39.500	172.220	573.540	104.020		
104.030	5.000	2.500	2.500	10.000	104.030	361.820	34.760	169.060	565.640	104.030		
104.040	2.500	2.500	2.500	7.500	104.040	364.980	31.600	161.160	557.740	104.040		
104.050	0.000	2.500	2.500	5.000	104.050	369.720	31.600	159.580	560.900	104.050		
104.060	2.500	2.500	2.500	7.500	104.060	371.300	26.860	151.680	549.840	104.060		
104.070	2.500	2.500	2.500	7.500	104.070	376.830	27.030	146.280	550.140	104.070		
104.080	0.000	2.500	2.500	5.000	104.080	376.830	23.850	146.280	546.960	104.080		
104.090	0.000	5.000	2.500	7.500	104.090	378.420	23.850	141.510	543.780	104.090		
104.100	2.500	2.500	2.500	7.500	104.100	378.420	23.850	141.510	543.780	104.100		
104.110	0.000	2.500	2.500	5.000	104.110	378.420	22.260	136.740	537.420	104.110		
104.120	0.000	2.500	2.500	5.000	104.120	381.600	22.260	136.740	540.600	104.120		
104.130	0.000	2.500	2.500	5.000	104.130	381.600	22.260	133.560	537.420	104.130		
104.140	0.000	2.500	2.500	5.000	104.140	381.600	22.260	136.740	540.600	104.140		
104.150	0.000	2.500	2.500	5.000	104.150	381.600	22.260	136.740	540.600	104.150		
104.160	0.000	2.500	2.500	5.000	104.160	384.780	22.260	139.920	546.960	104.160		
104.170	0.000	2.500	2.500	5.000	104.170	386.370	23.850	139.920	550.140	104.170		
104.180	0.000	0.000	2.500	2.500	104.180	391.140	23.850	139.920	554.910	104.180		
104.190	0.000	2.500	2.500	5.000	104.190	394.320	27.030	144.690	566.040	104.190		
104.200	0.000	2.500	2.500	5.000	104.200	394.320	27.030	146.280	567.630	104.200		
104.210	0.000	2.500	2.500	5.000	104.210	397.500	28.620	149.460	575.580	104.210		
104.220	0.000	2.280	2.280	4.560	104.220	399.600	28.800	151.200	579.600	104.220		
104.230	0.000	2.280	2.280	4.560	104.230	401.400	32.400	154.800	588.600	104.230		
104.240	0.000	2.280	0.000	2.280	104.240	406.800	32.400	154.800	594.000	104.240		
104.250	0.000	2.280	0.000	2.280	104.250	414.000	34.200	156.600	604.800	104.250		
104.260	0.000	2.280	0.000	2.280	104.260	421.200	36.000	158.400	615.600	104.260		
104.270	0.000	2.280	0.000	2.280	104.270	432.000	39.600	158.400	630.000	104.270		
104.280	0.000	4.560	0.000	4.560	104.280	439.200	41.400	162.000	642.600	104.280		
104.290	0.000	2.280	0.000	2.280	104.290	444.600	45.000	162.000	651.600	104.290		
104.300	0.000	2.280	0.000	2.280	104.300	450.000	45.000	162.000	657.000	104.300		
104.310	0.000	4.560	0.000	4.560	104.310	450.000	46.800	156.600	653.400	104.310		
104.320	0.000	4.560	0.000	4.560	104.320	450.000	46.800	154.800	651.600	104.320		
104.330	0.000	2.280	0.000	2.280	104.330	444.600	46.800	149.400	640.800	104.330		
104.340	0.000	2.280	0.000	2.280	104.340	439.200	46.800	145.800	631.800	104.340		
104.350	4.560	31.920	86.640	123.120	104.350	428.400	45.000	142.200	615.600	104.350		
104.360	27.360	74.100	285.000	386.460	104.360	387.000	36.000	131.400	554.400	104.360		
104.370	19.040	47.040	280.000	346.080	104.370	337.500	29.700	124.200	491.400	104.370		
104.380	16.800	39.200	254.240	310.240	104.380	299.700	21.600	117.450	438.750	104.380		
104.390	24.640	39.200	213.920	277.760	104.390	270.000	16.200	109.350	395.550	104.390		
104.400	36.960	36.960	174.720	248.640	104.400	238.950	14.850	101.250	355.050	104.400		
104.410	47.040	32.480	144.480	224.000	104.410	217.350	12.150	97.200	326.700	104.410		
104.420	54.880	34.720	132.160	221.760	104.420	199.800	12.150	91.800	303.750	104.420		
104.430	59.360	36.960	132.160	228.480	104.430	189.000	12.150	86.400	287.550	104.430		
104.440	64.960	39.200	140.000	244.160	104.440	182.250	9.450	82.350	274.050	104.440		
104.450	69.440	44.800	146.720	260.960	104.450	179.550	9.450	76.950	265.950	104.450		
104.460	71.680	47.040	154.560	273.280	104.460	179.550	9.450	76.950	265.950	104.460		
104.470	77.280	47.040	164.640	288.960	104.470	186.300	12.150	74.250	272.700	104.470		
104.480	81.760	49.280	174.720	305.760	104.480	186.300	12.150	71.550	270.000	104.480		
104.490	84.000	51.520	184.800	320.320	104.490	189.000	12.150	67.500	268.650	104.490		
104.500	87.360	51.520	194.880	333.760	104.500	189.000	12.150	67.500	268.650	104.500		
104.510	89.600	51.520	201.600	342.720	104.510	191.700	12.150	64.800	268.650	104.510		
104.520	92.130	54.780	204.180	351.090	104.520	194.120	11.960	64.400	270.480	104.520		
104.530	92.130	54.780	207.500	354.410	104.530	194.120	11.960	64.400	270.480	104.530		
104.540	92.130	54.780	204.180	351.090	104.540	194.120	11.960	64.400	270.480	104.540		
104.550	92.130	52.290	201.690	346.110	104.550	194.120	11.960	64.400	270.480	104.550		
104.560	89.640	54.780	199.200	343.620	104.560	196.880	11.960	61.640	270.480	104.560		
104.570	89.640	54.780	196.710	341.130	104.570	196.880	11.960	59.800	268.640	104.570		
104.580	87.150	52.290	194.220	333.660	104.580	199.640	9.200	57.040	265.880	104.580		
104.590	84.660	52.290	191.730	328.680	104.590	204.240	11.960	54.280	270.480	104.590		
104.600	84.660	49.800	191.730	326.190	104.600	207.000	11.960	54.280	273.240	104.600		
104.610	82.170	47.310	191.730	321.210	104.610	209.760	11.960	54.280	276.000	104.610		
104.620	79.680	47.310	191.730	318.720	104.620	211.600	14.720	52.440	278.760	104.620		
104.630	77.190	44.820	191.730	313.740	104.630	217.120	14.720	52.440	284.280	104.630		
104.640	77.190	44.820	194.220	316.230	104.640	221.720	14.720	54.280	290.720	104.640		
104.650	74.700	44.820	194.220	313.740	104.650	224.480	14.720	52.440	291.640	104.650		
104.660	72.210	44.820	196.710	313.740	104.660	230.000	14.720	54.280	299.000	104.660		
104.670	69.600	44.800	194.400	308.800	104.670	234.840	14.820	54.720	304.380	104.670		
104.680	67.200	44.800	194.400	306.400	104.680	239.400	17.100	57.000	313.500	104.680		
104.690	64.800	44.800	192.000	301.600	104.690	241.680	17.100	59.280	318.060	104.690		
104.700	67.200	42.400	187.200	296.800	104.700	247.380	17.100	59.280	323.760	104.700		
104.710	64.800	44.800	187.200	296.800	104.710	254.220	19.380	59.280	332.880	104.710		
104.720	62.400	42.400	187.200	292.000	104.720	256.500	21.660	59.280	337.440	104.720		
104.730	60.000	42.400	187.200	289.600	104.730	262.200	21.660	59.280	343.140	104.730		
104.740	54.400	40.000	189.600	284.000	104.740	266.760	23.940	59.280	349.980	104.740		
104.750	47.200	36.800	192.000	276.000	104.750	269.040	23.940	59.280	352.260	104.750		
104.760	40.000	34.400	194.400	268.800	104.760	274.740	23.940	61.560	360.240	104.760		
104.770	32.000	32.000	196.800	260.800	104.770	277.020	27.360	59.280	363.660	104.770		
104.780	24.800	27.200	196.800	248.800	104.780	281.580	27.360	59.280	368.220	104.780		
104.790	20.000	24.800	196.800	241.600	104.790	285.000	29.640	61.560	376.200	104.790		
104.800	16.800	22.400	200.000	239.200	104.800	285.000	29.640	64.980	379.620	104.800		
104.810	12.000	20.000	200.000	232.000	104.810	281.580	29.640	61.560	372.780	104.810		
104.820	12.150	19.440	199.260	230.850	104.820	285.000	29.640	61.560	376.200	104.820		
104.830	12.150	17.010	199.260	228.420	104.830	281.580	29.640	61.560	372.780	104.830		
104.840	9.720	17.010	199.260	225.990	104.840	279.300	29.640	61.560	370.500	104.840		
104.850	12.150	17.010	202.500	231.660	104.850	277.020	29.640	61.560	368.220	104.850		
104.860	9.720	17.010	202.500	229.230	104.860	274.740	31.920	61.560	368.220	104.860		
104.870	12.150	17.010	199.260	228.420	104.870	274.740	31.920	61.560	368.220	104.870		
104.880	14.580	19.440	196.830	230.850	104.880	269.040	31.920	61.560	362.520	104.880		
104.890	17.010	21.870	196.830	235.710	104.890	266.760	31.920	61.560	360.240	104.890		
104.900	21.870	21.870	194.400	238.140	104.900	262.200	34.200	64.980	361.380	104.900		
104.910	24.300	21.870	191.970	238.140	104.910	254.220	34.200	64.980	353.400	104.910		
104.920	29.970	24.300	191.970	246.240	104.920	247.380	34.200	69.540	351.120	104.920		
104.930	32.400	26.730	191.970	251.100	104.930	239.400	34.200	69.540	343.140	104.930		
104.940	37.260	29.970	191.970	259.200	104.940	229.140	34.200	69.540	332.880	104.940		
104.950	39.690	29.970	194.400	264.060	104.950	218.880	36.480	69.540	324.900	104.950		
104.960	39.690	32.400	196.830	268.920	104.960	209.760	36.480	69.540	315.780	104.960		
104.970	42.050	34.800	201.550	278.400	104.970	192.500	34.650	69.300	296.450	104.970		
104.980	42.050	36.250	208.800	287.100	104.980	177.100	34.650	69.300	281.050	104.980		
104.990	44.950	36.250	217.500	298.700	104.990	162.470	34.650	69.300	266.420	104.990		
105.000	46.400	39.150	226.200	311.750	105.000	144.760	32.340	66.990	244.090	105.000		
105.010	49.300	42.050	234.900	326.250	105.010	127.050	32.340	64.680	224.070	105.010		
105.020	52.200	46.400	243.600	342.200	105.020	107.030	29.260	59.290	195.580	105.020		
105.030	53.650	52.200	259.550	365.400	105.030	87.010	29.260	59.290	175.560	105.030		
105.040	56.550	56.550	269.700	382.800	105.040	64.680	26.950	54.670	146.300	105.040		
105.050	56.550	59.450	279.850	395.850	105.050	46.970	22.330	49.280	118.580	105.050		
105.060	59.450	66.700	291.450	417.600	105.060	29.260	19.250	46.970	95.480	105.060		
105.070	62.350	72.500	304.500	439.350	105.070	19.250	14.630	42.350	76.230	105.070		
105.080	62.350	76.850	319.000	458.200	105.080	14.630	12.320	36.960	63.910	105.080		
105.090	63.800	81.200	334.950	479.950	105.090	6.930	6.930	29.260	43.120	105.090		
105.100	63.800	84.100	349.450	497.350	105.100	6.930	6.930	22.330	36.190	105.100		
105.110	66.700	89.900	362.500	519.100	105.110	4.620	4.620	14.630	23.870	105.110		
105.120	66.600	91.800	376.200	534.600	105.120	5.000	2.500	5.000	12.500	105.120		
105.130	64.800	93.600	392.400	550.800	105.130	5.000	2.500	2.500	10.000	105.130		
105.140	66.600	93.600	401.400	561.600	105.140	2.500	0.000	0.000	2.500	105.140		
105.150	66.600	97.200	408.600	572.400	105.150	2.500	0.000	0.000	2.500	105.150		
105.160	64.800	93.600	419.400	577.800	105.160	2.500	0.000	0.000	2.500	105.160		
105.170	61.200	93.600	426.600	581.400	105.170	2.500	0.000	0.000	2.500	105.170		
105.180	59.400	91.800	433.800	585.000	105.180	2.500	0.000	0.000	2.500	105.180		
105.190	55.800	90.000	439.200	585.000	105.190	0.000	0.000	0.000	0.000	105.190		
105.200	55.800	90.000	444.600	590.400	105.200	0.000	0.000	0.000	0.000	105.200		
105.210	54.000	86.400	446.400	586.800	105.210	0.000	0.000	0.000	0.000	105.210		
105.220	54.000	84.600	450.000	588.600	105.220	0.000	0.000	0.000	0.000	105.220		
105.230	54.000	81.000	450.000	585.000	105.230	0.000	0.000	0.000	0.000	105.230		
105.240	52.200	79.200	446.400	577.800	105.240	0.000	0.000	0.000	0.000	105.240		
105.250	52.200	77.400	441.000	570.600	105.250	0.000	0.000	0.000	0.000	105.250		
105.260	52.200	73.800	439.200	565.200	105.260	0.000	0.000	0.000	0.000	105.260		
105.270	49.000	71.750	437.500	558.250	105.270	0.000	0.000	0.000	0.000	105.270		
105.280	49.000	70.000	432.250	551.250	105.280	0.000	0.000	0.000	0.000	105.280		
105.290	49.000	66.500	428.750	544.250	105.290	0.000	0.000	0.000	0.000	105.290		
105.300	49.000	66.500	423.500	539.000	105.300	0.000	0.000	0.000	0.000	105.300		
105.310	52.500	64.750	421.750	539.000	105.310	0.000	0.000	0.000	0.000	105.310		
105.320	52.500	64.750	420.000	537.250	105.320	0.000	0.000	0.000	0.000	105.320		
105.330	54.250	64.750	420.000	539.000	105.330	0.000	0.000	2.500	2.500	105.330		
105.340	56.000	64.750	416.500	537.250	105.340	0.000	0.000	0.000	0.000	105.340		
105.350	56.000	64.750	414.750	535.500	105.350	0.000	0.000	0.000	0.000	105.350		
105.360	61.250	66.500	411.250	539.000	105.360	0.000	0.000	0.000	0.000	105.360		
105.370	64.750	66.500	409.500	540.750	105.370	0.000	0.000	0.000	0.000	105.370		
105.380	70.000	70.000	409.500	549.500	105.380	0.000	0.000	0.000	0.000	105.380		
105.390	73.500	70.000	406.000	549.500	105.390	0.000	0.000	0.000	0.000	105.390		
105.400	77.000	71.750	404.250	553.000	105.400	0.000	0.000	0.000	0.000	105.400		
105.410	82.250	71.750	399.000	553.000	105.410	0.000	0.000	2.500	2.500	105.410		
105.420	86.900	74.260	395.000	556.160	105.420	0.000	0.000	0.000	0.000	105.420		
105.430	88.480	77.420	387.100	553.000	105.430	0.000	0.000	0.000	0.000	105.430		
105.440	91.640	79.000	379.200	549.840	105.440	0.000	0.000	0.000	0.000	105.440		
105.450	99.540	83.740	369.720	553.000	105.450	0.000	0.000	0.000	0.000	105.450		
105.460	104.280	91.640	358.660	554.580	105.460	0.000	0.000	2.400	2.400	105.460		
105.470	113.760	94.800	344.440	553.000	105.470	0.000	0.000	0.000	0.000	105.470		
105.480	124.820	99.540	328.640	553.000	105.480	0.000	0.000	2.400	2.400	105.480		
105.490	134.300	107.440	311.260	553.000	105.490	0.000	0.000	2.400	2.400	105.490		
105.500	143.780	112.180	293.880	549.840	105.500	0.000	0.000	0.000	0.000	105.500		
105.510	159.580	118.500	276.500	554.580	105.510	0.000	0.000	0.000	0.000	105.510		
105.520	173.800	124.820	254.380	553.000	105.520	0.000	0.000	0.000	0.000	105.520		
105.530	191.180	129.560	232.260	553.000	105.530	0.000	0.000	0.000	0.000	105.530		
105.540	206.980	134.300	208.560	549.840	105.540	7.360	0.000	0.000	7.360	105.540		
105.550	229.100	139.040	181.700	549.840	105.550	22.400	0.000	0.000	22.400	105.550		
105.560	251.220	139.040	154.840	545.100	105.560	40.000	0.000	0.000	40.000	105.560		
105.570	276.660	133.560	122.430	532.650	105.570	68.850	0.000	0.000	68.850	105.570		
105.580	298.920	127.200	96.990	523.110	105.580	100.980	0.000	0.000	100.980	105.580		
105.590	321.180	116.070	74.730	511.980	105.590	128.520	0.000	0.000	128.520	105.590		
105.600	338.670	104.940	52.470	496.080	105.600	159.120	1.530	0.000	160.650	105.600		
105.610	356.160	92.220	39.750	488.130	105.610	189.720	1.530	0.000	191.250	105.610		
105.620	373.650	74.730	27.030	475.410	105.620	217.260	4.590	0.000	221.850	105.620		
105.630	386.370	62.010	19.080	467.460	105.630	238.680	9.180	0.000	247.860	105.630		
105.640	394.320	49.290	11.130	454.740	105.640	257.040	13.770	0.000	270.810	105.640		
105.650	397.500	39.750	4.770	442.020	105.650	272.340	19.890	1.530	293.760	105.650		
105.660	397.500	28.620	0.000	426.120	105.660	284.580	26.010	1.530	312.120	105.660		
105.670	389.550	19.080	0.000	408.630	105.670	299.880	33.660	6.120	339.660	105.670		
105.680	373.650	14.310	0.000	387.960	105.680	319.770	44.370	12.240	376.380	105.680		
105.690	354.570	6.360	0.000	360.930	105.690	341.190	53.550	19.890	414.630	105.690		
105.700	332.310	6.360	0.000	338.670	105.700	364.140	64.260	24.480	452.880	105.700		
105.710	302.100	1.590	0.000	303.690	105.710	382.500	74.970	33.660	491.130	105.710		
105.720	262.500	0.000	0.000	262.500	105.720	396.060	91.770	38.640	526.470	105.720		
105.730	217.350	0.000	0.000	217.350	105.730	402.500	101.430	46.690	550.620	105.730		
105.740	172.200	0.000	0.000	172.200	105.740	402.500	114.310	54.740	571.550	105.740		
105.750	124.950	0.000	0.000	124.950	105.750	396.060	127.190	61.180	584.430	105.750		
105.760	84.000	0.000	0.000	84.000	105.760	389.620	136.850	69.230	595.700	105.760		
105.770	49.350	0.000	0.000	49.350	105.770	381.570	146.510	74.060	602.140	105.770		
105.780	29.400	2.100	0.000	31.500	105.780	373.520	156.170	77.280	606.970	105.780		
105.790	11.550	0.000	4.200	15.750	105.790	367.080	164.220	82.110	613.410	105.790		
105.800	4.200	2.100	2.100	8.400	105.800	362.250	169.050	83.720	615.020	105.800		
105.810	2.100	0.000	0.000	2.100	105.810	354.200	173.880	83.720	611.800	105.810		
105.820	2.100	2.100	2.100	6.300	105.820	344.540	173.880	82.110	600.530	105.820		
105.830	2.100	0.000	0.000	2.100	105.830	336.490	178.710	83.720	598.920	105.830		
105.840	0.000	0.000	0.000	0.000	105.840	326.830	178.710	82.110	587.650	105.840		
105.850	0.000	0.000	2.100	2.100	105.850	313.950	181.930	82.110	577.990	105.850		
105.860	0.000	0.000	0.000	0.000	105.860	304.290	183.540	82.110	569.940	105.860		
105.870	0.000	0.000	0.000	0.000	105.870	292.500	187.200	84.240	563.940	105.870		
105.880	0.000	2.500	2.500	5.000	105.880	284.310	189.540	86.580	560.430	105.880		
105.890	0.000	0.000	2.500	2.500	105.890	277.290	189.540	86.580	553.410	105.890		
105.900	0.000	0.000	0.000	0.000	105.900	269.100	189.540	88.920	547.560	105.900		
105.910	0.000	0.000	0.000	0.000	105.910	264.420	189.540	92.430	546.390	105.910		
105.920	0.000	0.000	0.000	0.000	105.920	259.740	189.540	92.430	541.710	105.920		
105.930	0.000	0.000	0.000	0.000	105.930	257.400	189.540	94.770	541.710	105.930		
105.940	0.000	0.000	0.000	0.000	105.940	253.890	187.200	97.110	538.200	105.940		
105.950	0.000	0.000	0.000	0.000	105.950	251.550	189.540	97.110	538.200	105.950		
105.960	0.000	0.000	0.000	0.000	105.960	251.550	189.540	99.450	540.540	105.960		
105.970	0.000	0.000	0.000	0.000	105.970	249.210	187.200	101.790	538.200	105.970		
105.980	0.000	0.000	0.000	0.000	105.980	249.210	189.540	104.130	542.880	105.980		
105.990	0.000	0.000	0.000	0.000	105.990	249.210	189.540	106.470	545.220	105.990		
106.000	0.000	0.000	0.000	0.000	106.000	246.870	189.540	112.320	548.730	106.000		
106.010	0.000	0.000	0.000	0.000	106.010	246.870	189.540	119.340	555.750	106.010		
106.020	0.000	0.000	0.000	0.000	106.020	244.800	189.600	124.800	559.200	106.020		
106.030	0.000	0.000	0.000	0.000	106.030	242.400	192.000	132.000	566.400	106.030		
106.040	0.000	0.000	0.000	0.000	106.040	234.000	192.000	136.800	562.800	106.040		
106.050	0.000	2.500	0.000	2.500	106.050	226.800	194.400	146.400	567.600	106.050		
106.060	0.000	0.000	0.000	0.000	106.060	219.600	194.400	154.800	568.800	106.060		
106.070	0.000	0.000	0.000	0.000	106.070	212.400	194.400	162.000	568.800	106.070		
106.080	0.000	2.500	0.000	2.500	106.080	201.600	196.800	171.600	570.000	106.080		
106.090	0.000	0.000	0.000	0.000	106.090	192.000	199.200	182.400	573.600	106.090		
106.100	0.000	0.000	0.000	0.000	106.100	182.400	199.200	192.000	573.600	106.100		
106.110	0.000	0.000	0.000	0.000	106.110	169.200	201.600	210.000	580.800	106.110		
106.120	0.000	0.000	0.000	0.000	106.120	157.200	206.400	222.000	585.600	106.120		
106.130	0.000	0.000	0.000	0.000	106.130	141.600	206.400	236.400	584.400	106.130		
106.140	0.000	0.000	0.000	0.000	106.140	127.200	210.000	256.800	594.000	106.140		
106.150	0.000	0.000	0.000	0.000	106.150	109.200	210.000	279.600	598.800	106.150		
106.160	0.000	0.000	0.000	0.000	106.160	94.800	206.400	300.000	601.200	106.160		
106.170	0.000	0.000	0.000	0.000	106.170	76.840	201.140	320.920	598.900	106.170		
106.180	0.000	0.000	0.000	0.000	106.180	63.280	196.620	343.520	603.420	106.180		
106.190	0.000	0.000	0.000	0.000	106.190	54.240	192.100	368.380	614.720	106.190		
106.200	0.000	0.000	0.000	0.000	106.200	42.940	180.800	393.240	616.980	106.200		
106.210	0.000	0.000	0.000	0.000	106.210	33.900	169.500	418.100	621.500	106.210		
106.220	0.000	0.000	0.000	0.000	106.220	27.120	153.680	447.480	628.280	106.220		
106.230	0.000	0.000	0.000	0.000	106.230	18.080	137.860	467.820	623.760	106.230		
106.240	0.000	0.000	0.000	0.000	106.240	11.300	124.300	494.940	630.540	106.240		
106.250	0.000	0.000	0.000	0.000	106.250	6.780	108.480	513.020	628.280	106.250		
106.260	0.000	0.000	0.000	0.000	106.260	2.260	97.180	533.360	632.800	106.260		
106.270	0.000	0.000	0.000	0.000	106.270	0.000	81.360	546.920	628.280	106.270		
106.280	0.000	0.000	0.000	0.000	106.280	0.000	67.800	555.960	623.760	106.280		
106.290	0.000	2.040	24.990	27.030	106.290	0.000	58.760	565.000	623.760	106.290		
106.300	0.000	4.590	77.010	81.600	106.300	0.000	49.720	565.000	614.720	106.300		
106.310	0.000	2.040	127.500	129.540	106.310	0.000	36.160	551.440	587.600	106.310		
106.320	0.000	1.920	159.360	161.280	106.320	0.000	29.820	532.500	562.320	106.320		
106.330	0.000	3.840	186.240	190.080	106.330	0.000	19.170	509.070	528.240	106.330		
106.340	0.000	5.760	226.560	232.320	106.340	0.000	10.650	474.990	485.640	106.340		
106.350	0.000	9.600	264.960	274.560	106.350	0.000	4.260	432.390	436.650	106.350		
106.360	1.920	13.440	295.680	311.040	106.360	0.000	0.000	381.270	381.270	106.360		
106.370	3.840	21.120	326.400	351.360	106.370	0.000	0.000	321.630	321.630	106.370		
106.380	3.840	26.880	349.440	380.160	106.380	0.000	0.000	261.990	261.990	106.380		
106.390	5.760	38.400	368.640	412.800	106.390	0.000	0.000	198.090	198.090	106.390		
106.400	9.600	46.080	389.760	445.440	106.400	0.000	0.000	144.840	144.840	106.400		
106.410	11.520	55.680	408.960	476.160	106.410	0.000	0.000	95.850	95.850	106.410		
106.420	11.520	69.120	432.000	512.640	106.420	0.000	0.000	59.640	59.640	106.420		
106.430	17.280	80.640	451.200	549.120	106.430	0.000	0.000	36.210	36.210	106.430		
106.440	17.280	92.160	460.800	570.240	106.440	0.000	0.000	21.300	21.300	106.440		
106.450	19.200	99.840	472.320	591.360	106.450	0.000	0.000	10.650	10.650	106.450		
106.460	21.120	105.600	480.000	606.720	106.460	0.000	0.000	6.390	6.390	106.460		
106.470	21.780	108.900	489.060	619.740	106.470	0.000	0.000	5.000	5.000	106.470		
106.480	23.760	110.880	491.040	625.680	106.480	0.000	0.000	5.000	5.000	106.480		
106.490	25.740	114.840	495.000	635.580	106.490	0.000	0.000	5.000	5.000	106.490		
106.500	25.740	110.880	491.040	627.660	106.500	0.000	0.000	5.000	5.000	106.500		
106.510	25.740	108.900	487.080	621.720	106.510	0.000	0.000	2.500	2.500	106.510		
106.520	25.740	106.920	479.160	611.820	106.520	0.000	0.000	2.500	2.500	106.520		
106.530	25.740	100.980	471.240	597.960	106.530	0.000	0.000	0.000	0.000	106.530		
106.540	25.740	97.020	461.340	584.100	106.540	0.000	0.000	0.000	0.000	106.540		
106.550	29.700	93.060	451.440	574.200	106.550	0.000	0.000	0.000	0.000	106.550		
106.560	29.700	91.080	441.540	562.320	106.560	0.000	0.000	0.000	0.000	106.560		
106.570	29.700	89.100	431.640	550.440	106.570	0.000	0.000	0.000	0.000	106.570		
106.580	31.680	83.160	421.740	536.580	106.580	0.000	0.000	0.000	0.000	106.580		
106.590	33.660	83.160	411.840	528.660	106.590	0.000	0.000	0.000	0.000	106.590		
106.600	39.600	81.180	399.960	520.740	106.600	0.000	0.000	0.000	0.000	106.600		
106.610	41.580	81.180	392.040	514.800	106.610	0.000	0.000	0.000	0.000	106.610		
106.620	47.430	81.090	382.500	511.020	106.620	0.000	0.000	0.000	0.000	106.620		
106.630	52.020	81.090	371.790	504.900	106.630	0.000	0.000	0.000	0.000	106.630		
106.640	56.610	84.150	364.140	504.900	106.640	0.000	0.000	0.000	0.000	106.640		
106.650	61.200	84.150	356.490	501.840	106.650	0.000	0.000	0.000	0.000	106.650		
106.660	67.320	84.150	348.840	500.310	106.660	0.000	0.000	0.000	0.000	106.660		
106.670	74.970	87.210	341.190	503.370	106.670	0.000	0.000	0.000	0.000	106.670		
106.680	81.090	91.800	333.540	506.430	106.680	0.000	2.500	0.000	2.500	106.680		
106.690	91.800	96.390	327.420	515.610	106.690	0.000	0.000	0.000	0.000	106.690		
106.700	100.980	100.980	312.120	514.080	106.700	0.000	2.500	0.000	2.500	106.700		
106.710	111.690	108.630	299.880	520.200	106.710	0.000	0.000	0.000	0.000	106.710		
106.720	123.930	116.280	281.520	521.730	106.720	0.000	0.000	0.000	0.000	106.720		
106.730	139.230	122.400	264.690	526.320	106.730	0.000	0.000	0.000	0.000	106.730		
106.740	156.060	128.520	244.800	529.380	106.740	0.000	0.000	0.000	0.000	106.740		
106.750	171.360	136.170	221.850	529.380	106.750	0.000	0.000	0.000	0.000	106.750		
106.760	191.250	142.290	197.370	530.910	106.760	0.000	0.000	0.000	0.000	106.760		
106.770	214.620	144.540	170.820	529.980	106.770	0.000	0.000	0.000	0.000	106.770		
106.780	234.330	146.730	148.920	529.980	106.780	0.000	0.000	0.000	0.000	106.780		
106.790	258.420	146.730	129.210	534.360	106.790	0.000	0.000	0.000	0.000	106.790		
106.800	280.320	144.540	111.690	536.550	106.800	0.000	0.000	0.000	0.000	106.800		
106.810	310.980	142.350	94.170	547.500	106.810	0.000	0.000	0.000	0.000	106.810		
106.820	339.450	137.970	76.650	554.070	106.820	0.000	0.000	0.000	0.000	106.820		
106.830	365.730	131.400	61.320	558.450	106.830	0.000	1.950	0.000	1.950	106.830		
106.840	398.580	120.450	45.990	565.020	106.840	0.000	0.000	0.000	0.000	106.840		
106.850	431.430	102.930	37.230	571.590	106.850	0.000	0.000	0.000	0.000	106.850		
106.860	459.900	91.980	30.660	582.540	106.860	0.000	0.000	0.000	0.000	106.860		
106.870	483.990	78.840	21.900	584.730	106.870	0.000	1.950	0.000	1.950	106.870		
106.880	505.890	65.700	15.330	586.920	106.880	12.350	0.000	0.000	12.350	106.880		
106.890	523.410	54.750	8.760	586.920	106.890	69.550	1.950	0.000	71.500	106.890		
106.900	536.550	43.800	6.570	586.920	106.900	131.950	1.950	0.000	133.900	106.900		
106.910	547.500	32.850	2.190	582.540	106.910	162.500	0.000	0.000	162.500	106.910		
106.920	550.000	26.400	0.000	576.400	106.920	189.000	0.000	0.000	189.000	106.920		
106.930	543.400	19.800	0.000	563.200	106.930	226.800	0.000	0.000	226.800	106.930		
106.940	532.400	13.200	0.000	545.600	106.940	268.380	3.780	0.000	272.160	106.940		
106.950	514.800	8.800	0.000	523.600	106.950	306.180	5.670	0.000	311.850	106.950		
106.960	490.600	6.600	0.000	497.200	106.960	343.980	11.340	0.000	355.320	106.960		
106.970	459.800	2.200	0.000	462.000	106.970	374.220	20.790	1.890	396.900	106.970		
106.980	422.400	0.000	0.000	422.400	106.980	393.120	35.910	3.780	432.810	106.980		
106.990	376.200	0.000	0.000	376.200	106.990	406.350	54.810	5.670	466.830	106.990		
107.000	321.200	0.000	0.000	321.200	107.000	419.580	69.930	13.230	502.740	107.000		
107.010	261.800	0.000	0.000	261.800	107.010	429.030	83.160	20.790	532.980	107.010		
107.020	202.400	0.000	0.000	202.400	107.020	436.590	96.390	26.460	559.440	107.020		
107.030	140.800	0.000	0.000	140.800	107.030	446.040	105.840	35.910	587.790	107.030		
107.040	94.600	0.000	0.000	94.600	107.040	457.380	113.400	41.580	612.360	107.040		
107.050	57.200	0.000	0.000	57.200	107.050	464.940	124.740	47.250	636.930	107.050		
107.060	30.800	0.000	0.000	30.800	107.060	472.500	128.520	51.030	652.050	107.060		
107.070	15.000	2.460	0.000	17.460	107.070	472.500	134.190	58.590	665.280	107.070		
107.080	7.500	0.000	2.460	9.960	107.080	466.830	139.860	64.260	670.950	107.080		
107.090	4.980	2.460	2.460	9.900	107.090	459.270	141.750	69.930	670.950	107.090		
107.100	4.980	0.000	0.000	4.980	107.100	444.150	143.640	73.710	661.500	107.100		
107.110	4.980	0.000	0.000	4.980	107.110	429.030	147.420	79.380	655.830	107.110		
107.120	2.460	0.000	0.000	2.460	107.120	408.240	147.420	81.270	636.930	107.120		
107.130	2.460	0.000	0.000	2.460	107.130	393.120	147.420	86.940	627.480	107.130		
107.140	0.000	0.000	0.000	0.000	107.140	374.220	143.640	88.830	606.690	107.140		
107.150	0.000	0.000	0.000	0.000	107.150	359.100	141.750	94.500	595.350	107.150		
107.160	0.000	0.000	0.000	0.000	107.160	342.090	139.860	96.390	578.340	107.160		
107.170	0.000	0.000	0.000	0.000	107.170	323.190	136.080	102.060	561.330	107.170		
107.180	0.000	0.000	0.000	0.000	107.180	306.180	136.080	105.840	548.100	107.180		
107.190	0.000	0.000	0.000	0.000	107.190	289.170	134.190	111.510	534.870	107.190		
107.200	0.000	0.000	0.000	0.000	107.200	272.160	134.190	120.960	527.310	107.200		
107.210	0.000	0.000	0.000	0.000	107.210	257.040	134.190	128.520	519.750	107.210		
107.220	0.000	0.000	0.000	0.000	107.220	240.000	135.000	136.500	511.500	107.220		
107.230	0.000	0.000	0.000	0.000	107.230	225.000	135.000	147.000	507.000	107.230		
107.240	0.000	0.000	0.000	0.000	107.240	214.500	136.500	157.500	508.500	107.240		
107.250	0.000	0.000	0.000	0.000	107.250	202.500	136.500	165.000	504.000	107.250		
107.260	0.000	0.000	0.000	0.000	107.260	189.000	136.500	177.000	502.500	107.260		
107.270	0.000	0.000	0.000	0.000	107.270	180.000	142.500	189.000	511.500	107.270		
107.280	0.000	0.000	0.000	0.000	107.280	166.500	144.000	204.000	514.500	107.280		
107.290	0.000	0.000	0.000	0.000	107.290	157.500	150.000	219.000	526.500	107.290		
107.300	0.000	0.000	0.000	0.000	107.300	144.000	151.500	237.000	532.500	107.300		
107.310	0.000	0.000	0.000	0.000	107.310	132.000	154.500	255.000	541.500	107.310		
107.320	0.000	0.000	0.000	0.000	107.320	117.000	157.500	277.500	552.000	107.320		
107.330	0.000	0.000	0.000	0.000	107.330	106.500	157.500	300.000	564.000	107.330		
107.340	0.000	0.000	0.000	0.000	107.340	91.500	154.500	322.500	568.500	107.340		
107.350	0.000	0.000	0.000	0.000	107.350	82.500	151.500	346.500	580.500	107.350		
107.360	0.000	0.000	0.000	0.000	107.360	69.000	150.000	375.000	594.000	107.360		
107.370	0.000	0.000	0.000	0.000	107.370	58.320	145.800	400.950	605.070	107.370		
107.380	0.000	0.000	0.000	0.000	107.380	48.600	138.510	425.250	612.360	107.380		
107.390	0.000	0.000	0.000	0.000	107.390	43.740	131.220	451.980	626.940	107.390		
107.400	0.000	0.000	0.000	0.000	107.400	38.880	126.360	478.710	643.950	107.400		
107.410	0.000	2.400	0.000	2.400	107.410	31.590	119.070	498.150	648.810	107.410		
107.420	0.000	0.000	0.000	0.000	107.420	24.300	109.350	517.590	651.240	107.420		
107.430	2.400	0.000	0.000	2.400	107.430	17.010	97.200	539.460	653.670	107.430		
107.440	2.400	0.000	0.000	2.400	107.440	12.150	87.480	558.900	658.530	107.440		
107.450	2.400	0.000	0.000	2.400	107.450	7.290	77.760	573.480	658.530	107.450		
107.460	2.400	0.000	0.000	2.400	107.460	2.430	68.040	585.630	656.100	107.460		
107.470	2.400	0.000	0.000	2.400	107.470	0.000	60.750	597.780	658.530	107.470		
107.480	2.400	0.000	0.000	2.400	107.480	0.000	53.460	602.640	656.100	107.480		
107.490	2.400	0.000	0.000	2.400	107.490	0.000	43.740	607.500	651.240	107.490		
107.500	0.000	0.000	4.950	4.950	107.500	0.000	36.450	602.640	639.090	107.500		
107.510	0.000	2.400	37.500	39.900	107.510	0.000	31.590	590.490	622.080	107.510		
107.520	0.000	1.900	100.700	102.600	107.520	0.000	18.240	570.000	588.240	107.520		
107.530	0.000	1.900	148.200	150.100	107.530	0.000	9.120	540.360	549.480	107.530		
107.540	0.000	1.900	190.000	191.900	107.540	0.000	4.560	506.160	510.720	107.540		
107.550	0.000	3.800	239.400	243.200	107.550	0.000	0.000	458.280	458.280	107.550		
107.560	1.900	5.700	302.100	309.700	107.560	0.000	0.000	401.280	401.280	107.560		
107.570	5.700	13.300	359.100	378.100	107.570	0.000	0.000	332.880	332.880	107.570		
107.580	5.700	19.000	391.400	416.100	107.580	0.000	0.000	264.480	264.480	107.580		
107.590	11.400	32.300	414.200	457.900	107.590	0.000	0.000	198.360	198.360	107.590		
107.600	13.300	41.800	429.400	484.500	107.600	0.000	0.000	136.800	136.800	107.600		
107.610	19.000	58.900	440.800	518.700	107.610	0.000	0.000	91.200	91.200	107.610		
107.620	26.600	81.700	459.800	568.100	107.620	0.000	0.000	61.560	61.560	107.620		
107.630	34.200	96.900	469.300	600.400	107.630	0.000	0.000	38.760	38.760	107.630		
107.640	43.700	112.100	475.000	630.800	107.640	0.000	0.000	20.520	20.520	107.640		
107.650	51.300	123.500	475.000	649.800	107.650	0.000	0.000	15.960	15.960	107.650		
107.660	64.600	134.900	469.300	668.800	107.660	0.000	0.000	11.400	11.400	107.660		
107.670	74.620	149.240	455.000	678.860	107.670	0.000	0.000	10.000	10.000	107.670		
107.680	81.900	158.340	436.800	677.040	107.680	0.000	0.000	10.000	10.000	107.680		
107.690	91.000	169.260	416.780	677.040	107.690	0.000	0.000	7.480	7.480	107.690		
107.700	96.460	176.540	389.480	662.480	107.700	0.000	0.000	7.480	7.480	107.700		
107.710	101.920	183.820	362.180	647.920	107.710	0.000	2.480	7.480	9.960	107.710		
107.720	107.380	191.100	334.880	633.360	107.720	0.000	0.000	7.480	7.480	107.720		
107.730	111.020	196.560	305.760	613.340	107.730	0.000	0.000	5.000	5.000	107.730		
107.740	114.660	202.020	278.460	595.140	107.740	0.000	0.000	5.000	5.000	107.740		
107.750	118.300	207.480	254.800	580.580	107.750	0.000	0.000	2.480	2.480	107.750		
107.760	121.940	209.300	223.860	555.100	107.760	0.000	0.000	5.000	5.000	107.760		
107.770	123.760	211.120	198.380	533.260	107.770	0.000	0.000	5.000	5.000	107.770		
107.780	129.220	214.760	178.360	522.340	107.780	0.000	0.000	5.000	5.000	107.780		
107.790	129.220	214.760	158.340	502.320	107.790	0.000	0.000	2.480	2.480	107.790		
107.800	134.680	214.760	147.420	496.860	107.800	0.000	0.000	2.480	2.480	107.800		
107.810	138.320	216.580	129.220	484.120	107.810	0.000	0.000	2.480	2.480	107.810		
107.820	144.200	222.480	114.330	481.010	107.820	0.000	0.000	0.000	0.000	107.820		
107.830	149.350	222.480	101.970	473.800	107.830	0.000	0.000	2.500	2.500	107.830		
107.840	156.560	222.480	91.670	470.710	107.840	0.000	0.000	2.500	2.500	107.840		
107.850	164.800	222.480	82.400	469.680	107.850	0.000	0.000	0.000	0.000	107.850		
107.860	169.950	222.480	77.250	469.680	107.860	0.000	0.000	0.000	0.000	107.860		
107.870	177.160	222.480	69.010	468.650	107.870	0.000	0.000	0.000	0.000	107.870		
107.880	184.370	222.480	64.890	471.740	107.880	0.000	0.000	0.000	0.000	107.880		
107.890	191.580	222.480	59.740	473.800	107.890	0.000	0.000	0.000	0.000	107.890		
107.900	199.820	219.390	56.650	475.860	107.900	0.000	0.000	0.000	0.000	107.900		
107.910	207.030	217.330	51.500	475.860	107.910	0.000	0.000	0.000	0.000	107.910		
107.920	217.330	214.240	49.440	481.010	107.920	0.000	2.500	0.000	2.500	107.920		
107.930	226.600	214.240	44.290	485.130	107.930	0.000	0.000	0.000	0.000	107.930		
107.940	236.900	212.180	42.230	491.310	107.940	0.000	2.500	0.000	2.500	107.940		
107.950	244.110	209.090	39.140	492.340	107.950	0.000	0.000	0.000	0.000	107.950		
107.960	257.500	207.030	33.990	498.520	107.960	0.000	0.000	0.000	0.000	107.960		
107.970	272.020	198.940	28.420	499.380	107.970	0.000	0.000	2.320	2.320	107.970		
107.980	286.230	196.910	22.330	505.470	107.980	0.000	0.000	0.000	0.000	107.980		
107.990	302.470	194.880	16.240	513.590	107.990	0.000	0.000	0.000	0.000	107.990		
108.000	318.710	188.790	12.180	519.680	108.000	0.000	0.000	0.000	0.000	108.000		
108.010	339.010	180.670	8.120	527.800	108.010	0.000	0.000	0.000	0.000	108.010		
108.020	357.280	170.520	4.060	531.860	108.020	0.000	0.000	0.000	0.000	108.020		
108.030	379.610	164.430	2.030	546.070	108.030	0.000	0.000	2.320	2.320	108.030		
108.040	399.910	152.250	2.030	554.190	108.040	0.000	0.000	0.000	0.000	108.040		
108.050	418.180	136.010	0.000	554.190	108.050	0.000	0.000	0.000	0.000	108.050		
108.060	438.480	123.830	0.000	562.310	108.060	0.000	0.000	2.320	2.320	108.060		
108.070	456.750	113.680	0.000	570.430	108.070	0.000	0.000	2.320	2.320	108.070		
108.080	470.960	99.470	0.000	570.430	108.080	0.000	0.000	0.000	0.000	108.080		
108.090	487.200	87.290	0.000	574.490	108.090	14.500	2.320	0.000	16.820	108.090		
108.100	499.380	73.080	0.000	572.460	108.100	72.500	4.640	0.000	77.140	108.100		
108.110	507.500	60.900	0.000	568.400	108.110	145.000	2.320	0.000	147.320	108.110		
108.120	507.500	50.750	0.000	558.250	108.120	186.180	2.140	0.000	188.320	108.120		
108.130	501.410	46.690	0.000	548.100	108.130	218.280	2.140	0.000	220.420	108.130		
108.140	487.200	38.570	0.000	525.770	108.140	269.640	2.140	0.000	271.780	108.140		
108.150	466.900	32.480	0.000	499.380	108.150	331.700	6.420	0.000	338.120	108.150		
108.160	438.480	24.360	0.000	462.840	108.160	387.340	14.980	2.140	404.460	108.160		
108.170	403.970	16.240	0.000	420.210	108.170	425.860	25.680	2.140	453.680	108.170		
108.180	361.340	12.180	0.000	373.520	108.180	451.540	44.940	6.420	502.900	108.180		
108.190	310.590	8.120	0.000	318.710	108.190	468.660	64.200	10.700	543.560	108.190		
108.200	253.750	4.060	0.000	257.810	108.200	477.220	81.320	19.260	577.800	108.200		
108.210	194.880	2.030	0.000	196.910	108.210	485.780	94.160	25.680	605.620	108.210		
108.220	138.040	0.000	0.000	138.040	108.220	496.480	104.860	34.240	635.580	108.220		
108.230	91.350	0.000	0.000	91.350	108.230	509.320	111.280	40.660	661.260	108.230		
108.240	58.870	0.000	0.000	58.870	108.240	517.880	119.840	49.220	686.940	108.240		
108.250	38.570	0.000	0.000	38.570	108.250	526.440	121.980	55.640	704.060	108.250		
108.260	24.360	0.000	0.000	24.360	108.260	535.000	124.120	62.060	721.180	108.260		
108.270	12.500	0.000	2.500	15.000	108.270	535.000	121.980	66.340	723.320	108.270		
108.280	7.500	0.000	2.500	10.000	108.280	526.440	119.840	68.480	714.760	108.280		
108.290	2.500	0.000	2.500	5.000	108.290	515.740	115.560	70.620	701.920	108.290		
108.300	5.000	0.000	2.500	7.500	108.300	502.900	109.140	70.620	682.660	108.300		
108.310	2.500	0.000	0.000	2.500	108.310	487.920	104.860	74.900	667.680	108.310		
108.320	2.500	0.000	0.000	2.500	108.320	472.940	98.440	77.040	648.420	108.320		
108.330	2.500	0.000	0.000	2.500	108.330	453.680	92.020	79.180	624.880	108.330		
108.340	0.000	0.000	0.000	0.000	108.340	434.420	85.600	83.460	603.480	108.340		
108.350	0.000	0.000	2.500	2.500	108.350	413.020	81.320	89.880	584.220	108.350		
108.360	0.000	0.000	0.000	0.000	108.360	395.900	77.040	96.300	569.240	108.360		
108.370	0.000	0.000	0.000	0.000	108.370	380.920	70.620	100.580	552.120	108.370		
108.380	0.000	0.000	0.000	0.000	108.380	365.940	68.480	104.860	539.280	108.380		
108.390	0.000	0.000	2.500	2.500	108.390	353.100	68.480	111.280	532.860	108.390		
108.400	0.000	0.000	2.500	2.500	108.400	342.400	66.340	119.840	528.580	108.400		
108.410	0.000	0.000	2.500	2.500	108.410	331.700	66.340	121.980	520.020	108.410		
108.420	0.000	0.000	2.500	2.500	108.420	322.500	69.660	129.000	521.160	108.420		
108.430	0.000	0.000	2.500	2.500	108.430	312.180	69.660	139.320	521.160	108.430		
108.440	0.000	0.000	2.500	2.500	108.440	307.020	72.240	149.640	528.900	108.440		
108.450	0.000	0.000	0.000	0.000	108.450	299.280	74.820	159.960	534.060	108.450		
108.460	0.000	0.000	2.500	2.500	108.460	291.540	79.980	166.410	537.930	108.460		
108.470	0.000	0.000	0.000	0.000	108.470	286.380	83.850	176.730	546.960	108.470		
108.480	0.000	0.000	0.000	0.000	108.480	279.930	86.430	187.050	553.410	108.480		
108.490	0.000	0.000	0.000	0.000	108.490	272.190	91.590	197.370	561.150	108.490		
108.500	0.000	0.000	0.000	0.000	108.500	264.450	96.750	211.560	572.760	108.500		
108.510	0.000	0.000	0.000	0.000	108.510	248.970	99.330	224.460	572.760	108.510		
108.520	0.000	0.000	0.000	0.000	108.520	234.780	101.910	239.940	576.630	108.520		
108.530	0.000	0.000	0.000	0.000	108.530	219.300	107.070	254.130	580.500	108.530		
108.540	0.000	0.000	0.000	0.000	108.540	203.820	112.230	274.770	590.820	108.540		
108.550	0.000	0.000	0.000	0.000	108.550	184.470	117.390	296.700	598.560	108.550		
108.560	0.000	0.000	0.000	0.000	108.560	163.830	119.970	317.340	601.140	108.560		
108.570	0.000	0.000	0.000	0.000	108.570	142.740	124.020	346.320	613.080	108.570		
108.580	0.000	2.480	0.000	2.480	108.580	121.680	124.020	372.060	617.760	108.580		
108.590	0.000	0.000	0.000	0.000	108.590	100.620	124.020	395.460	620.100	108.590		
108.600	0.000	0.000	0.000	0.000	108.600	84.240	121.680	421.200	627.120	108.600		
108.610	0.000	0.000	0.000	0.000	108.610	67.860	117.000	446.940	631.800	108.610		
108.620	0.000	0.000	0.000	0.000	108.620	56.160	112.320	470.340	638.820	108.620		
108.630	0.000	0.000	0.000	0.000	108.630	49.140	100.620	496.080	645.840	108.630		
108.640	0.000	2.480	0.000	2.480	108.640	39.780	91.260	517.140	648.180	108.640		
108.650	2.480	2.480	0.000	4.960	108.650	32.760	81.900	538.200	652.860	108.650		
108.660	0.000	0.000	0.000	0.000	108.660	28.080	70.200	554.580	652.860	108.660		
108.670	0.000	0.000	0.000	0.000	108.670	18.720	63.180	568.620	650.520	108.670		
108.680	0.000	0.000	0.000	0.000	108.680	11.700	56.160	577.980	645.840	108.680		
108.690	0.000	0.000	0.000	0.000	108.690	4.680	46.800	585.000	636.480	108.690		
108.700	0.000	0.000	0.000	0.000	108.700	0.000	39.780	585.000	624.780	108.700		
108.710	0.000	2.480	20.000	22.480	108.710	0.000	32.760	580.320	613.080	108.710		
108.720	0.000	1.890	79.380	81.270	108.720	0.000	27.240	567.500	594.740	108.720		
108.730	0.000	1.890	139.860	141.750	108.730	0.000	18.160	544.800	562.960	108.730		
108.740	0.000	1.890	173.880	175.770	108.740	0.000	13.620	515.290	528.910	108.740		
108.750	0.000	1.890	206.010	207.900	108.750	0.000	11.350	478.970	490.320	108.750		
108.760	0.000	5.670	260.820	266.490	108.760	0.000	6.810	429.030	435.840	108.760		
108.770	1.890	9.450	319.410	330.750	108.770	0.000	4.540	367.740	372.280	108.770		
108.780	3.780	18.900	364.770	387.450	108.780	0.000	2.270	304.180	306.450	108.780		
108.790	5.670	28.350	391.230	425.250	108.790	0.000	0.000	236.080	236.080	108.790		
108.800	11.340	41.580	408.240	461.160	108.800	0.000	0.000	174.790	174.790	108.800		
108.810	13.230	58.590	423.360	495.180	108.810	0.000	0.000	118.040	118.040	108.810		
108.820	18.900	79.380	438.480	536.760	108.820	0.000	0.000	79.450	79.450	108.820		
108.830	24.570	96.390	451.710	572.670	108.830	0.000	0.000	52.210	52.210	108.830		
108.840	28.350	111.510	459.270	599.130	108.840	0.000	0.000	34.050	34.050	108.840		
108.850	34.020	120.960	466.830	621.810	108.850	4.540	0.000	20.430	24.970	108.850		
108.860	39.690	126.630	472.500	638.820	108.860	2.270	2.270	13.620	18.160	108.860		
108.870	43.930	129.880	473.680	647.490	108.870	2.480	0.000	10.000	12.480	108.870		
108.880	45.840	131.790	477.500	655.130	108.880	2.480	0.000	7.480	9.960	108.880		
108.890	49.660	131.790	473.680	655.130	108.890	0.000	0.000	7.480	7.480	108.890		
108.900	53.480	129.880	469.860	653.220	108.900	0.000	0.000	10.000	10.000	108.900		
108.910	53.480	124.150	458.400	636.030	108.910	0.000	0.000	5.000	5.000	108.910		
108.920	53.480	118.420	448.850	620.750	108.920	0.000	0.000	5.000	5.000	108.920		
108.930	53.480	114.600	433.570	601.650	108.930	0.000	0.000	5.000	5.000	108.930		
108.940	59.210	110.780	418.290	588.280	108.940	0.000	0.000	5.000	5.000	108.940		
108.950	61.120	106.960	401.100	569.180	108.950	0.000	0.000	2.480	2.480	108.950		
108.960	66.850	103.140	385.820	555.810	108.960	0.000	0.000	2.480	2.480	108.960		
108.970	70.670	99.320	368.630	538.620	108.970	0.000	0.000	2.480	2.480	108.970		
108.980	78.310	97.410	351.440	527.160	108.980	0.000	0.000	2.480	2.480	108.980		
108.990	85.950	97.410	339.980	523.340	108.990	0.000	0.000	2.480	2.480	108.990		
109.000	91.680	93.590	328.520	513.790	109.000	0.000	0.000	2.480	2.480	109.000		
109.010	97.410	91.680	318.970	508.060	109.010	0.000	0.000	2.480	2.480	109.010		
109.020	104.160	94.240	310.000	508.400	109.020	0.000	0.000	0.000	0.000	109.020		
109.030	106.640	94.240	301.320	502.200	109.030	0.000	0.000	0.000	0.000	109.030		
109.040	111.600	94.240	296.360	502.200	109.040	0.000	0.000	0.000	0.000	109.040		
109.050	116.560	96.720	288.920	502.200	109.050	0.000	0.000	0.000	0.000	109.050		
109.060	121.520	96.720	281.480	499.720	109.060	0.000	0.000	0.000	0.000	109.060		
109.070	126.480	96.720	276.520	499.720	109.070	0.000	0.000	0.000	0.000	109.070		
109.080	133.920	96.720	271.560	502.200	109.080	0.000	0.000	0.000	0.000	109.080		
109.090	138.880	99.200	269.080	507.160	109.090	0.000	0.000	0.000	0.000	109.090		
109.100	146.320	101.680	264.120	512.120	109.100	0.000	0.000	0.000	0.000	109.100		
109.110	151.280	101.680	261.640	514.600	109.110	0.000	0.000	0.000	0.000	109.110		
109.120	159.960	104.160	256.680	520.800	109.120	0.000	0.000	0.000	0.000	109.120		
109.130	167.400	106.640	254.200	528.240	109.130	0.000	0.000	0.000	0.000	109.130		
109.140	174.840	106.640	246.760	528.240	109.140	0.000	0.000	0.000	0.000	109.140		
109.150	184.760	111.600	239.320	535.680	109.150	0.000	0.000	0.000	0.000	109.150		
109.160	197.160	114.080	226.920	538.160	109.160	0.000	0.000	0.000	0.000	109.160		
109.170	212.160	118.320	212.160	542.640	109.170	0.000	0.000	0.000	0.000	109.170		
109.180	228.480	124.440	193.800	546.720	109.180	0.000	0.000	0.000	0.000	109.180		
109.190	248.880	128.520	179.520	556.920	109.190	0.000	0.000	0.000	0.000	109.190		
109.200	269.280	130.560	161.160	561.000	109.200	0.000	1.920	0.000	1.920	109.200		
109.210	289.680	134.640	144.840	569.160	109.210	0.000	0.000	0.000	0.000	109.210		
109.220	312.120	136.680	126.480	575.280	109.220	0.000	0.000	0.000	0.000	109.220		
109.230	334.560	136.680	108.120	579.360	109.230	0.000	0.000	0.000	0.000	109.230		
109.240	359.040	130.560	89.760	579.360	109.240	0.000	0.000	0.000	0.000	109.240		
109.250	385.560	124.440	69.360	579.360	109.250	0.000	1.920	0.000	1.920	109.250		
109.260	412.080	112.200	53.040	577.320	109.260	0.000	0.000	0.000	0.000	109.260		
109.270	436.560	99.960	40.800	577.320	109.270	12.160	0.000	0.000	12.160	109.270		
109.280	461.040	83.640	34.680	579.360	109.280	44.800	1.920	0.000	46.720	109.280		
109.290	481.440	71.400	28.560	581.400	109.290	89.600	0.000	0.000	89.600	109.290		
109.300	499.800	57.120	18.360	575.280	109.300	127.360	0.000	0.000	127.360	109.300		
109.310	510.000	44.880	12.240	567.120	109.310	160.000	0.000	0.000	160.000	109.310		
109.320	512.500	30.750	6.150	549.400	109.320	187.180	1.910	0.000	189.090	109.320		
109.330	506.350	24.600	2.050	533.000	109.330	223.470	1.910	0.000	225.380	109.330		
109.340	496.100	18.450	0.000	514.550	109.340	259.760	5.730	0.000	265.490	109.340		
109.350	479.700	12.300	0.000	492.000	109.350	292.230	9.550	0.000	301.780	109.350		
109.360	459.200	6.150	0.000	465.350	109.360	326.610	21.010	1.910	349.530	109.360		
109.370	428.450	4.100	0.000	432.550	109.370	353.350	34.380	3.820	391.550	109.370		
109.380	391.550	0.000	0.000	391.550	109.380	376.270	57.300	11.460	445.030	109.380		
109.390	348.500	0.000	0.000	348.500	109.390	391.550	74.490	19.100	485.140	109.390		
109.400	297.250	0.000	0.000	297.250	109.400	404.920	91.680	26.740	523.340	109.400		
109.410	235.750	0.000	0.000	235.750	109.410	414.470	101.230	34.380	550.080	109.410		
109.420	178.350	0.000	0.000	178.350	109.420	429.750	114.600	42.020	586.370	109.420		
109.430	127.100	0.000	0.000	127.100	109.430	443.120	124.150	49.660	616.930	109.430		
109.440	84.050	0.000	0.000	84.050	109.440	458.400	131.790	51.570	641.760	109.440		
109.450	53.300	0.000	0.000	53.300	109.450	469.860	139.430	57.300	666.590	109.450		
109.460	34.850	2.050	0.000	36.900	109.460	477.500	141.340	61.120	679.960	109.460		
109.470	17.500	2.450	4.970	24.920	109.470	477.500	143.250	61.120	681.870	109.470		
109.480	7.490	4.970	4.970	17.430	109.480	477.500	143.250	64.940	685.690	109.480		
109.490	7.490	2.450	2.450	12.390	109.490	471.770	141.340	61.120	674.230	109.490		
109.500	4.970	2.450	4.970	12.390	109.500	464.130	139.430	59.210	662.770	109.500		
109.510	2.450	2.450	2.450	7.350	109.510	458.400	135.610	61.120	655.130	109.510		
109.520	2.450	2.450	2.450	7.350	109.520	448.850	131.790	57.300	637.940	109.520		
109.530	2.450	2.450	2.450	7.350	109.530	437.390	126.060	53.480	616.930	109.530		
109.540	0.000	2.450	2.450	4.900	109.540	429.750	124.150	51.570	605.470	109.540		
109.550	2.450	0.000	2.450	4.900	109.550	418.290	116.510	49.660	584.460	109.550		
109.560	0.000	2.450	2.450	4.900	109.560	410.650	114.600	45.840	571.090	109.560		
109.570	0.000	2.450	2.450	4.900	109.570	404.920	108.870	45.840	559.630	109.570		
109.580	0.000	2.450	2.450	4.900	109.580	397.280	103.140	43.930	544.350	109.580		
109.590	0.000	2.450	2.450	4.900	109.590	391.550	103.140	43.930	538.620	109.590		
109.600	0.000	2.450	2.450	4.900	109.600	385.820	101.230	43.930	530.980	109.600		
109.610	0.000	2.450	2.450	4.900	109.610	382.000	101.230	45.840	529.070	109.610		
109.620	0.000	2.500	2.500	5.000	109.620	380.000	101.840	48.640	530.480	109.620		
109.630	0.000	2.500	2.500	5.000	109.630	376.960	104.880	51.680	533.520	109.630		
109.640	0.000	2.500	2.500	5.000	109.640	372.400	106.400	59.280	538.080	109.640		
109.650	0.000	0.000	2.500	2.500	109.650	366.320	109.440	66.880	542.640	109.650		
109.660	0.000	2.500	2.500	5.000	109.660	361.760	109.440	69.920	541.120	109.660		
109.670	0.000	2.500	0.000	2.500	109.670	358.720	112.480	76.000	547.200	109.670		
109.680	0.000	2.500	2.500	5.000	109.680	354.160	114.000	83.600	551.760	109.680		
109.690	0.000	2.500	0.000	2.500	109.690	349.600	114.000	86.640	550.240	109.690		
109.700	0.000	2.500	0.000	2.500	109.700	349.600	118.560	91.200	559.360	109.700		
109.710	0.000	0.000	0.000	0.000	109.710	349.600	121.600	97.280	568.480	109.710		
109.720	0.000	2.500	0.000	2.500	109.720	343.520	124.640	101.840	570.000	109.720		
109.730	0.000	0.000	0.000	0.000	109.730	338.960	129.200	106.400	574.560	109.730		
109.740	0.000	2.500	0.000	2.500	109.740	331.360	133.760	112.480	577.600	109.740		
109.750	0.000	0.000	0.000	0.000	109.750	323.760	139.840	118.560	582.160	109.750		
109.760	0.000	2.500	0.000	2.500	109.760	314.640	144.400	132.240	591.280	109.760		
109.770	0.000	2.500	0.000	2.500	109.770	301.020	151.380	144.420	596.820	109.770		
109.780	0.000	0.000	0.000	0.000	109.780	288.840	158.340	156.600	603.780	109.780		
109.790	0.000	0.000	0.000	0.000	109.790	274.920	167.040	172.260	614.220	109.790		
109.800	0.000	2.500	0.000	2.500	109.800	255.780	174.000	186.180	615.960	109.800		
109.810	0.000	2.500	0.000	2.500	109.810	241.860	179.220	201.840	622.920	109.810		
109.820	0.000	2.500	0.000	2.500	109.820	217.500	180.960	220.980	619.440	109.820		
109.830	2.500	2.500	0.000	5.000	109.830	194.880	180.960	238.380	614.220	109.830		
109.840	0.000	2.500	0.000	2.500	109.840	167.040	180.960	261.000	609.000	109.840		
109.850	2.500	2.500	0.000	5.000	109.850	137.460	177.480	281.880	596.820	109.850		
109.860	0.000	2.500	0.000	2.500	109.860	104.400	172.260	311.460	588.120	109.860		
109.870	0.000	2.500	0.000	2.500	109.870	76.560	158.340	335.820	570.720	109.870		
109.880	0.000	2.500	5.000	7.500	109.880	57.420	140.940	367.140	565.500	109.880		
109.890	0.000	2.500	40.000	42.500	109.890	38.280	121.800	396.720	556.800	109.890		
109.900	0.000	2.500	85.000	87.500	109.900	29.580	99.180	421.080	549.840	109.900		
109.910	0.000	2.500	125.000	127.500	109.910	19.140	78.300	435.000	532.440	109.910		
109.920	0.000	1.950	154.050	156.000	109.920	8.900	58.740	445.000	512.640	109.920		
109.930	0.000	3.900	183.300	187.200	109.930	0.000	46.280	441.440	487.720	109.930		
109.940	0.000	5.850	228.150	234.000	109.940	0.000	33.820	430.760	464.580	109.940		
109.950	1.950	9.750	271.050	282.750	109.950	0.000	24.920	411.180	436.100	109.950		
109.960	3.900	13.650	304.200	321.750	109.960	0.000	14.240	380.920	395.160	109.960		
109.970	5.850	19.500	325.650	351.000	109.970	0.000	3.560	343.540	347.100	109.970		
109.980	9.750	27.300	343.200	380.250	109.980	0.000	0.000	293.700	293.700	109.980		
109.990	11.700	33.150	360.750	405.600	109.990	0.000	0.000	236.740	236.740	109.990		
110.000	15.600	44.850	378.300	438.750	110.000	0.000	0.000	179.780	179.780	110.000		
110.010	19.500	56.550	399.750	475.800	110.010	0.000	0.000	126.380	126.380	110.010		
110.020	27.300	72.150	423.150	522.600	110.020	0.000	0.000	81.880	81.880	110.020		
110.030	31.200	81.900	444.600	557.700	110.030	0.000	0.000	53.400	53.400	110.030		
110.040	37.050	89.700	458.250	585.000	110.040	0.000	0.000	37.380	37.380	110.040		
110.050	46.800	99.450	473.850	620.100	110.050	7.120	0.000	24.920	32.040	110.050		
110.060	50.700	103.350	487.500	641.550	110.060	7.120	1.780	14.240	23.140	110.060		
110.070	59.100	108.350	492.500	659.950	110.070	5.000	0.000	10.000	15.000	110.070		
110.080	66.980	114.260	486.590	667.830	110.080	7.480	0.000	7.480	14.960	110.080		
110.090	68.950	116.230	474.770	659.950	110.090	5.000	0.000	5.000	10.000	110.090		
110.100	76.830	122.140	459.010	657.980	110.100	5.000	0.000	5.000	10.000	110.100		
110.110	78.800	122.140	443.250	644.190	110.110	5.000	0.000	5.000	10.000	110.110		
110.120	84.710	124.110	427.490	636.310	110.120	2.480	0.000	2.480	4.960	110.120		
110.130	88.650	126.080	409.760	624.490	110.130	2.480	0.000	5.000	7.480	110.130		
110.140	90.620	126.080	388.090	604.790	110.140	5.000	0.000	2.480	7.480	110.140		
110.150	96.530	128.050	368.390	592.970	110.150	2.480	0.000	0.000	2.480	110.150		
110.160	98.500	128.050	350.660	577.210	110.160	5.000	0.000	0.000	5.000	110.160		
110.170	102.440	128.050	336.870	567.360	110.170	2.480	0.000	0.000	2.480	110.170		
110.180	102.440	131.990	323.080	557.510	110.180	5.000	0.000	2.480	7.480	110.180		
110.190	102.440	133.960	311.260	547.660	110.190	5.000	0.000	0.000	5.000	110.190		
110.200	102.440	133.960	299.440	535.840	110.200	5.000	0.000	0.000	5.000	110.200		
110.210	104.410	135.930	289.590	529.930	110.210	2.480	0.000	0.000	2.480	110.210		
110.220	106.560	142.080	277.500	526.140	110.220	2.500	0.000	0.000	2.500	110.220		
110.230	106.560	144.300	264.180	515.040	110.230	2.500	0.000	0.000	2.500	110.230		
110.240	109.890	146.520	256.410	512.820	110.240	5.000	2.500	0.000	7.500	110.240		
110.250	112.110	152.070	246.420	510.600	110.250	2.500	0.000	0.000	2.500	110.250		
110.260	114.330	156.510	239.760	510.600	110.260	2.500	0.000	0.000	2.500	110.260		
110.270	116.550	162.060	231.990	510.600	110.270	2.500	0.000	0.000	2.500	110.270		
110.280	122.100	166.500	224.220	512.820	110.280	2.500	2.500	2.500	7.500	110.280		
110.290	126.540	169.830	216.450	512.820	110.290	0.000	0.000	0.000	0.000	110.290		
110.300	132.090	174.270	206.460	512.820	110.300	0.000	2.500	0.000	2.500	110.300		
110.310	136.530	179.820	202.020	518.370	110.310	0.000	2.500	2.500	5.000	110.310		
110.320	144.300	182.040	194.250	520.590	110.320	0.000	2.500	2.500	5.000	110.320		
110.330	149.850	184.260	186.480	520.590	110.330	0.000	0.000	2.500	2.500	110.330		
110.340	154.290	186.480	182.040	522.810	110.340	0.000	0.000	0.000	0.000	110.340		
110.350	156.510	189.810	174.270	520.590	110.350	0.000	0.000	2.500	2.500	110.350		
110.360	162.060	189.810	169.830	521.700	110.360	0.000	0.000	2.500	2.500	110.360		
110.370	168.840	194.300	164.820	527.960	110.370	0.000	0.000	2.400	2.400	110.370		
110.380	174.200	196.980	156.780	527.960	110.380	0.000	0.000	2.400	2.400	110.380		
110.390	184.920	202.340	151.420	538.680	110.390	0.000	0.000	2.400	2.400	110.390		
110.400	191.620	206.360	144.720	542.700	110.400	0.000	0.000	2.400	2.400	110.400		
110.410	203.680	209.040	136.680	549.400	110.410	0.000	0.000	2.400	2.400	110.410		
110.420	214.400	214.400	131.320	560.120	110.420	0.000	0.000	0.000	0.000	110.420		
110.430	223.780	217.080	124.620	565.480	110.430	0.000	2.400	0.000	2.400	110.430		
110.440	237.180	217.080	113.900	568.160	110.440	0.000	0.000	0.000	0.000	110.440		
110.450	246.560	219.760	104.520	570.840	110.450	0.000	0.000	0.000	0.000	110.450		
110.460	259.960	217.080	93.800	570.840	110.460	0.000	0.000	0.000	0.000	110.460		
110.470	274.700	214.400	81.740	570.840	110.470	7.200	0.000	0.000	7.200	110.470		
110.480	286.760	206.360	67.000	560.120	110.480	32.160	0.000	0.000	32.160	110.480		
110.490	304.180	196.980	56.280	557.440	110.490	67.200	2.400	0.000	69.600	110.490		
110.500	318.920	184.920	46.900	550.740	110.500	99.840	0.000	0.000	99.840	110.500		
110.510	335.000	167.500	34.840	537.340	110.510	120.000	0.000	0.000	120.000	110.510		
110.520	352.500	147.000	24.000	523.500	110.520	142.290	0.000	0.000	142.290	110.520		
110.530	361.500	124.500	15.000	501.000	110.530	171.360	1.530	0.000	172.890	110.530		
110.540	372.000	109.500	9.000	490.500	110.540	206.550	1.530	0.000	208.080	110.540		
110.550	375.000	91.500	4.500	471.000	110.550	238.680	4.590	0.000	243.270	110.550		
110.560	375.000	76.500	1.500	453.000	110.560	272.340	12.240	1.530	286.110	110.560		
110.570	369.000	61.500	0.000	430.500	110.570	301.410	26.010	9.180	336.600	110.570		
110.580	357.000	49.500	0.000	406.500	110.580	316.710	44.370	16.830	377.910	110.580		
110.590	339.000	39.000	0.000	378.000	110.590	327.420	52.020	26.010	405.450	110.590		
110.600	316.500	31.500	0.000	348.000	110.600	328.950	59.670	36.720	425.340	110.600		
110.610	286.500	22.500	0.000	309.000	110.610	336.600	64.260	48.960	449.820	110.610		
110.620	255.000	12.000	0.000	267.000	110.620	347.310	71.910	67.320	486.540	110.620		
110.630	214.500	7.500	0.000	222.000	110.630	356.490	76.500	79.560	512.550	110.630		
110.640	172.500	1.500	0.000	174.000	110.640	367.200	79.560	91.800	538.560	110.640		
110.650	132.000	0.000	0.000	132.000	110.650	376.380	87.210	107.100	570.690	110.650		
110.660	97.500	0.000	0.000	97.500	110.660	382.500	88.740	116.280	587.520	110.660		
110.670	62.500	0.000	0.000	62.500	110.670	385.000	97.020	132.440	614.460	110.670		
110.680	40.000	0.000	0.000	40.000	110.680	385.000	104.720	144.760	634.480	110.680		
110.690	25.000	0.000	2.500	27.500	110.690	378.840	112.420	154.000	645.260	110.690		
110.700	12.500	0.000	2.500	15.000	110.700	371.140	117.040	164.780	652.960	110.700		
110.710	5.000	0.000	5.000	10.000	110.710	358.820	121.660	177.100	657.580	110.710		
110.720	2.500	0.000	5.000	7.500	110.720	349.580	126.280	184.800	660.660	110.720		
110.730	0.000	0.000	5.000	5.000	110.730	334.180	129.360	189.420	652.960	110.730		
110.740	0.000	0.000	2.500	2.500	110.740	318.780	133.980	197.120	649.880	110.740		
110.750	0.000	0.000	2.500	2.500	110.750	309.540	137.060	201.740	648.340	110.750		
110.760	0.000	0.000	2.500	2.500	110.760	297.220	138.600	206.360	642.180	110.760		
110.770	0.000	0.000	2.500	2.500	110.770	284.900	141.680	210.980	637.560	110.770		
110.780	0.000	0.000	2.500	2.500	110.780	269.500	141.680	217.140	628.320	110.780		
110.790	0.000	0.000	2.500	2.500	110.790	258.720	141.680	221.760	622.160	110.790		
110.800	0.000	0.000	2.500	2.500	110.800	246.400	138.600	229.460	614.460	110.800		
110.810	0.000	0.000	2.500	2.500	110.810	234.080	137.060	234.080	605.220	110.810		
110.820	0.000	0.000	2.500	2.500	110.820	225.000	137.000	237.000	599.000	110.820		
110.830	0.000	0.000	2.500	2.500	110.830	222.000	137.000	240.000	599.000	110.830		
110.840	0.000	0.000	2.500	2.500	110.840	220.000	135.000	240.000	595.000	110.840		
110.850	0.000	0.000	2.500	2.500	110.850	217.000	135.000	240.000	592.000	110.850		
110.860	0.000	0.000	2.500	2.500	110.860	220.000	135.000	240.000	595.000	110.860		
110.870	0.000	0.000	2.500	2.500	110.870	222.000	135.000	235.000	592.000	110.870		
110.880	0.000	0.000	2.500	2.500	110.880	225.000	132.000	232.000	589.000	110.880		
110.890	0.000	0.000	2.500	2.500	110.890	232.000	135.000	232.000	599.000	110.890		
110.900	0.000	0.000	2.500	2.500	110.900	237.000	135.000	227.000	599.000	110.900		
110.910	0.000	0.000	0.000	0.000	110.910	242.000	135.000	227.000	604.000	110.910		
110.920	0.000	0.000	2.500	2.500	110.920	245.000	132.000	222.000	599.000	110.920		
110.930	0.000	0.000	0.000	0.000	110.930	247.000	135.000	222.000	604.000	110.930		
110.940	0.000	0.000	0.000	0.000	110.940	247.000	137.000	227.000	611.000	110.940		
110.950	0.000	0.000	0.000	0.000	110.950	247.000	137.000	227.000	611.000	110.950		
110.960	0.000	0.000	0.000	0.000	110.960	250.000	140.000	230.000	620.000	110.960		
110.970	0.000	0.000	0.000	0.000	110.970	246.840	139.740	234.600	621.180	110.970		
110.980	0.000	0.000	0.000	0.000	110.980	246.840	141.780	236.640	625.260	110.980		
110.990	0.000	0.000	0.000	0.000	110.990	246.840	141.780	239.700	628.320	110.990		
111.000	0.000	0.000	0.000	0.000	111.000	244.800	141.780	239.700	626.280	111.000		
111.010	0.000	0.000	0.000	0.000	111.010	246.840	141.780	236.640	625.260	111.010		
111.020	0.000	0.000	0.000	0.000	111.020	249.900	139.740	231.540	621.180	111.020		
111.030	0.000	0.000	0.000	0.000	111.030	251.940	139.740	229.500	621.180	111.030		
111.040	0.000	0.000	2.420	2.420	111.040	255.000	136.680	222.360	614.040	111.040		
111.050	0.000	0.000	2.420	2.420	111.050	255.000	134.640	219.300	608.940	111.050		
111.060	0.000	0.000	4.840	4.840	111.060	249.900	136.680	222.360	608.940	111.060		
111.070	0.000	0.000	7.480	7.480	111.070	239.700	134.640	222.360	596.700	111.070		
111.080	0.000	0.000	9.900	9.900	111.080	227.460	136.680	227.460	591.600	111.080		
111.090	0.000	0.000	19.800	19.800	111.090	212.160	136.680	229.500	578.340	111.090		
111.100	0.000	0.000	32.340	32.340	111.100	191.760	136.680	234.600	563.040	111.100		
111.110	0.000	2.420	55.000	57.420	111.110	169.320	136.680	234.600	540.600	111.110		
111.120	1.330	3.990	89.110	94.430	111.120	137.000	132.000	240.000	509.000	111.120		
111.130	6.650	9.310	119.700	135.660	111.130	110.000	127.000	242.000	479.000	111.130		
111.140	9.310	17.290	136.990	163.590	111.140	82.000	117.000	247.000	446.000	111.140		
111.150	11.970	21.280	156.940	190.190	111.150	57.000	105.000	250.000	412.000	111.150		
111.160	14.630	29.260	174.230	218.120	111.160	42.000	92.000	250.000	384.000	111.160		
111.170	17.290	31.920	188.860	238.070	111.170	32.000	77.000	245.000	354.000	111.170		
111.180	17.290	37.240	207.480	262.010	111.180	20.000	67.000	232.000	319.000	111.180		
111.190	19.950	41.230	224.770	285.950	111.190	15.000	55.000	222.000	292.000	111.190		
111.200	23.940	49.210	244.720	317.870	111.200	7.000	47.000	205.000	259.000	111.200		
111.210	29.260	57.190	262.010	348.460	111.210	2.000	37.000	187.000	226.000	111.210		
111.220	34.580	66.500	279.300	380.380	111.220	0.000	30.000	167.000	197.000	111.220		
111.230	39.900	74.480	291.270	405.650	111.230	0.000	25.000	147.000	172.000	111.230		
111.240	46.550	79.800	307.230	433.580	111.240	0.000	20.000	130.000	150.000	111.240		
111.250	54.530	86.450	319.200	460.180	111.250	0.000	17.000	107.000	124.000	111.250		
111.260	63.840	94.430	332.500	490.770	111.260	0.000	12.000	87.000	99.000	111.260		
111.270	72.280	101.470	339.160	512.910	111.270	0.000	10.000	62.500	72.500	111.270		
111.280	79.230	107.030	344.720	530.980	111.280	0.000	10.000	47.500	57.500	111.280		
111.290	88.960	109.810	347.500	546.270	111.290	2.500	7.500	30.000	40.000	111.290		
111.300	97.300	116.760	347.500	561.560	111.300	2.500	7.500	17.500	27.500	111.300		
111.310	104.250	119.540	347.500	571.290	111.310	2.500	7.500	10.000	20.000	111.310		
111.320	111.200	122.320	347.500	581.020	111.320	2.500	7.500	5.000	15.000	111.320		
111.330	119.540	122.320	344.720	586.580	111.330	2.500	7.500	5.000	15.000	111.330		
111.340	126.490	123.710	344.720	594.920	111.340	2.500	7.500	5.000	15.000	111.340		
111.350	132.050	122.320	341.940	596.310	111.350	2.500	7.500	5.000	15.000	111.350		
111.360	134.830	122.320	341.940	599.090	111.360	2.500	5.000	2.500	10.000	111.360		
111.370	139.000	119.540	341.940	600.480	111.370	2.500	5.000	2.500	10.000	111.370		
111.380	139.000	116.760	339.160	594.920	111.380	2.500	5.000	2.500	10.000	111.380		
111.390	139.000	111.200	339.160	589.360	111.390	2.500	5.000	0.000	7.500	111.390		
111.400	139.000	111.200	336.380	586.580	111.400	2.500	5.000	0.000	7.500	111.400		
111.410	136.220	109.810	334.990	581.020	111.410	0.000	5.000	0.000	5.000	111.410		
111.420	137.280	104.280	330.000	571.560	111.420	2.460	4.920	0.000	7.380	111.420		
111.430	137.280	104.280	324.720	566.280	111.430	0.000	4.920	0.000	4.920	111.430		
111.440	137.280	101.640	322.080	561.000	111.440	0.000	4.920	0.000	4.920	111.440		
111.450	137.280	99.000	319.440	555.720	111.450	0.000	4.920	0.000	4.920	111.450		
111.460	134.640	93.720	319.440	547.800	111.460	0.000	4.920	0.000	4.920	111.460		
111.470	132.000	93.720	319.440	545.160	111.470	0.000	4.920	0.000	4.920	111.470		
111.480	132.000	92.400	319.440	543.840	111.480	0.000	7.380	4.920	12.300	111.480		
111.490	132.000	89.760	322.080	543.840	111.490	0.000	9.840	9.840	19.680	111.490		
111.500	132.000	87.120	322.080	541.200	111.500	0.000	14.760	19.680	34.440	111.500		
111.510	132.000	87.120	319.440	538.560	111.510	2.460	17.220	27.470	47.150	111.510		
111.520	132.000	87.120	319.440	538.560	111.520	7.380	19.680	42.230	69.290	111.520		
111.530	132.000	84.480	316.800	533.280	111.530	12.300	24.600	57.400	94.300	111.530		
111.540	132.000	84.480	308.880	525.360	111.540	17.220	29.930	72.160	119.310	111.540		
111.550	132.000	81.840	302.280	516.120	111.550	22.140	34.850	89.790	146.780	111.550		
111.560	129.360	76.560	289.080	495.000	111.560	19.680	37.310	102.500	159.490	111.560		
111.570	129.800	74.800	275.000	479.600	111.570	22.200	47.400	112.200	181.800	111.570		
111.580	126.500	69.300	259.600	455.400	111.580	39.600	60.000	124.800	224.400	111.580		
111.590	126.500	64.900	244.200	435.600	111.590	62.400	67.200	135.000	264.600	111.590		
111.600	124.300	59.400	226.600	410.300	111.600	77.400	69.600	139.800	286.800	111.600		
111.610	122.100	55.000	214.500	391.600	111.610	84.600	72.000	139.800	296.400	111.610		
111.620	116.600	49.500	199.100	365.200	111.620	92.400	75.000	142.200	309.600	111.620		
111.630	114.400	44.000	184.800	343.200	111.630	94.800	75.000	144.600	314.400	111.630		
111.640	110.000	41.800	169.400	321.200	111.640	99.600	75.000	142.200	316.800	111.640		
111.650	106.700	37.400	157.300	301.400	111.650	105.000	75.000	142.200	322.200	111.650		
111.660	99.000	34.100	147.400	280.500	111.660	107.400	75.000	142.200	324.600	111.660		
111.670	94.600	31.900	137.500	264.000	111.670	114.600	77.400	139.800	331.800	111.670		
111.680	92.400	29.700	132.000	254.100	111.680	122.400	77.400	137.400	337.200	111.680		
111.690	89.100	29.700	126.500	245.300	111.690	132.000	75.000	135.000	342.000	111.690		
111.700	84.700	29.700	122.100	236.500	111.700	139.800	72.000	129.600	341.400	111.700		
111.710	82.500	29.700	122.100	234.300	111.710	150.000	69.600	124.800	344.400	111.710		
111.720	77.040	29.520	124.560	231.120	111.720	162.470	64.680	117.040	344.190	111.720		
111.730	77.040	29.520	127.440	234.000	111.730	172.480	59.290	109.340	341.110	111.730		
111.740	74.880	32.400	132.480	239.760	111.740	179.410	54.670	99.330	333.410	111.740		
111.750	74.880	32.400	134.640	241.920	111.750	187.110	49.280	92.400	328.790	111.750		
111.760	72.000	32.400	141.840	246.240	111.760	192.500	49.280	87.010	328.790	111.760		
111.770	74.880	32.400	146.880	254.160	111.770	192.500	44.660	84.700	321.860	111.770		
111.780	74.880	34.560	151.920	261.360	111.780	192.500	44.660	82.390	319.550	111.780		
111.790	77.040	37.440	159.840	274.320	111.790	189.420	39.270	79.310	308.000	111.790		
111.800	77.040	37.440	162.000	276.480	111.800	187.110	39.270	77.000	303.380	111.800		
111.810	77.040	39.600	167.040	283.680	111.810	187.110	36.960	77.000	301.070	111.810		
111.820	77.040	42.480	167.040	286.560	111.820	187.110	39.270	79.310	305.690	111.820		
111.830	79.920	44.640	169.920	294.480	111.830	187.110	36.960	77.000	301.070	111.830		
111.840	79.920	49.680	172.080	301.680	111.840	184.800	36.960	77.000	298.760	111.840		
111.850	82.080	54.720	174.960	311.760	111.850	184.800	36.960	82.390	304.150	111.850		
111.860	84.960	59.760	180.000	324.720	111.860	182.490	36.960	82.390	301.840	111.860		
111.870	87.320	64.380	182.040	333.740	111.870	182.500	37.230	82.490	302.220	111.870		
111.880	92.500	69.560	185.000	347.060	111.880	182.500	37.230	86.870	306.600	111.880		
111.890	94.720	71.780	182.040	348.540	111.890	179.580	39.420	86.870	305.870	111.890		
111.900	99.900	74.740	179.820	354.460	111.900	174.470	39.420	91.980	305.870	111.900		
111.910	104.340	76.960	172.420	353.720	111.910	169.360	39.420	94.900	303.680	111.910		
111.920	109.520	79.920	164.280	353.720	111.920	164.980	37.230	97.090	299.300	111.920		
111.930	116.920	82.140	156.880	355.940	111.930	159.870	34.310	104.390	298.570	111.930		
111.940	122.100	82.140	147.260	351.500	111.940	151.840	34.310	102.200	288.350	111.940		
111.950	124.320	82.140	136.900	343.360	111.950	149.650	34.310	104.390	288.350	111.950		
111.960	127.280	79.920	127.280	334.480	111.960	144.540	34.310	107.310	286.160	111.960		
111.970	129.500	79.920	119.880	329.300	111.970	142.350	32.120	107.310	281.780	111.970		
111.980	129.500	82.140	114.700	326.340	111.980	139.430	32.120	109.500	281.050	111.980		
111.990	132.460	82.140	107.300	321.900	111.990	139.430	29.930	109.500	278.860	111.990		
112.000	132.460	82.140	102.120	316.720	112.000	139.430	29.930	112.420	281.780	112.000		
112.010	134.680	79.920	96.940	311.540	112.010	139.430	29.930	112.420	281.780	112.010		
112.020	134.960	79.520	94.640	309.120	112.020	142.080	29.440	117.120	288.640	112.020		
112.030	134.960	79.520	92.400	306.880	112.030	142.080	29.440	119.680	291.200	112.030		
112.040	137.200	77.280	89.600	304.080	112.040	144.640	32.000	122.240	298.880	112.040		
112.050	137.200	79.520	87.360	304.080	112.050	144.640	32.000	124.800	301.440	112.050		
112.060	137.200	77.280	87.360	301.840	112.060	144.640	32.000	124.800	301.440	112.060		
112.070	140.000	79.520	87.360	306.880	112.070	147.200	34.560	127.360	309.120	112.070		
112.080	140.000	77.280	87.360	304.640	112.080	149.760	34.560	129.920	314.240	112.080		
112.090	137.200	77.280	87.360	301.840	112.090	152.320	34.560	129.920	316.800	112.090		
112.100	137.200	79.520	89.600	306.320	112.100	154.880	34.560	129.920	319.360	112.100		
112.110	137.200	79.520	89.600	306.320	112.110	157.440	34.560	132.480	324.480	112.110		
112.120	134.960	79.520	92.400	306.880	112.120	157.440	34.560	132.480	324.480	112.120		
112.130	134.960	79.520	92.400	306.880	112.130	160.000	32.000	129.920	321.920	112.130		
112.140	134.960	84.560	92.400	311.920	112.140	160.000	34.560	129.920	324.480	112.140		
112.150	134.960	82.320	92.400	309.680	112.150	160.000	34.560	129.920	324.480	112.150		
112.160	134.960	82.320	92.400	309.680	112.160	160.000	34.560	132.480	327.040	112.160		
112.170	135.000	82.080	92.340	309.420	112.170	160.000	37.120	134.400	331.520	112.170		
112.180	135.000	82.080	92.340	309.420	112.180	157.440	37.120	134.400	328.960	112.180		
112.190	132.300	84.780	94.500	311.580	112.190	160.000	39.680	136.960	336.640	112.190		
112.200	129.600	82.080	94.500	306.180	112.200	160.000	44.800	139.520	344.320	112.200		
112.210	129.600	82.080	94.500	306.180	112.210	160.000	47.360	142.080	349.440	112.210		
112.220	127.440	79.920	94.500	301.860	112.220	157.440	52.480	142.080	352.000	112.220		
112.230	124.740	77.220	94.500	296.460	112.230	154.880	54.400	142.080	351.360	112.230		
112.240	122.040	74.520	94.500	291.060	112.240	152.320	59.520	142.080	353.920	112.240		
112.250	117.180	72.360	97.200	286.740	112.250	147.200	62.080	142.080	351.360	112.250		
112.260	114.480	69.660	99.900	284.040	112.260	142.080	64.640	139.520	346.240	112.260		
112.270	114.480	67.500	99.900	281.880	112.270	136.960	69.760	142.080	348.800	112.270		
112.280	114.480	62.100	99.900	276.480	112.280	134.400	69.760	139.520	343.680	112.280		
112.290	117.180	62.100	99.900	279.180	112.290	129.920	72.320	139.520	341.760	112.290		
112.300	117.180	57.240	97.200	271.620	112.300	127.360	74.880	136.960	339.200	112.300		
112.310	117.180	57.240	94.500	268.920	112.310	124.800	74.880	134.400	334.080	112.310		
112.320	119.460	57.420	94.380	271.260	112.320	122.040	74.520	135.000	331.560	112.320		
112.330	122.100	57.420	92.400	271.920	112.330	119.880	77.220	132.300	329.400	112.330		
112.340	122.100	54.780	92.400	269.280	112.340	117.180	77.220	129.600	324.000	112.340		
112.350	127.380	54.780	94.380	276.540	112.350	114.480	77.220	129.600	321.300	112.350		
112.360	132.000	57.420	94.380	283.800	112.360	112.320	74.520	127.440	314.280	112.360		
112.370	134.640	57.420	97.020	289.080	112.370	109.620	74.520	124.740	308.880	112.370		
112.380	137.280	59.400	99.660	296.340	112.380	107.460	77.220	124.740	309.420	112.380		
112.390	139.920	59.400	102.300	301.620	112.390	104.760	74.520	119.880	299.160	112.390		
112.400	144.540	59.400	102.300	306.240	112.400	102.060	72.360	119.880	294.300	112.400		
112.410	147.180	62.040	104.940	314.160	112.410	99.900	72.360	117.180	289.440	112.410		
112.420	149.820	62.040	104.940	316.800	112.420	99.900	69.660	112.320	281.880	112.420		
112.430	152.460	64.680	106.920	324.060	112.430	94.500	67.500	112.320	274.320	112.430		
112.440	157.080	67.320	106.920	331.320	112.440	92.340	64.800	107.460	264.600	112.440		
112.450	159.720	69.960	109.560	339.240	112.450	89.640	62.100	104.760	256.500	112.450		
112.460	165.000	69.960	112.200	347.160	112.460	87.480	59.940	102.060	249.480	112.460		
112.470	167.400	71.610	114.390	353.400	112.470	84.800	60.000	100.000	244.800	112.470		
112.480	172.050	74.400	114.390	360.840	112.480	84.800	60.000	97.200	242.000	112.480		
112.490	174.840	74.400	117.180	366.420	112.490	82.400	60.000	92.400	234.800	112.490		
112.500	179.490	74.400	119.970	373.860	112.500	80.000	57.200	90.000	227.200	112.500		
112.510	182.280	74.400	121.830	378.510	112.510	77.200	57.200	90.000	224.400	112.510		
112.520	184.140	74.400	124.620	383.160	112.520	72.400	57.200	84.800	214.400	112.520		
112.530	189.720	74.400	127.410	391.530	112.530	64.800	57.200	84.800	206.800	112.530		
112.540	194.370	74.400	132.060	400.830	112.540	60.000	54.800	82.400	197.200	112.540		
112.550	201.810	74.400	134.850	411.060	112.550	54.800	54.800	80.000	189.600	112.550		
112.560	204.600	74.400	136.710	415.710	112.560	47.200	52.400	77.200	176.800	112.560		
112.570	209.250	74.400	139.500	423.150	112.570	40.000	50.000	72.400	162.400	112.570		
112.580	216.690	74.400	142.290	433.380	112.580	34.800	47.200	67.200	149.200	112.580		
112.590	222.270	74.400	144.150	440.820	112.590	32.400	47.200	62.400	142.000	112.590		
112.600	229.710	77.190	149.730	456.630	112.600	22.400	47.200	60.000	129.600	112.600		
112.610	232.500	77.190	151.590	461.280	112.610	14.800	44.800	54.800	114.400	112.610		
112.620	237.120	76.960	157.040	471.120	112.620	7.400	42.400	50.000	99.800	112.620		
112.630	242.320	76.960	162.240	481.520	112.630	5.000	40.000	42.400	87.400	112.630		
112.640	244.400	79.040	164.320	487.760	112.640	2.400	37.400	37.400	77.200	112.640		
112.650	249.600	79.040	171.600	500.240	112.650	0.000	35.000	30.000	65.000	112.650		
112.660	249.600	79.040	179.920	508.560	112.660	0.000	30.000	25.000	55.000	112.660		
112.670	254.800	79.040	184.080	517.920	112.670	0.000	25.000	20.000	45.000	112.670		
112.680	254.800	79.040	194.480	528.320	112.680	0.000	22.400	12.400	34.800	112.680		
112.690	254.800	79.040	201.760	535.600	112.690	0.000	20.000	7.400	27.400	112.690		
112.700	256.880	79.040	209.040	544.960	112.700	0.000	17.400	5.000	22.400	112.700		
112.710	256.880	79.040	217.360	553.280	112.710	0.000	15.000	5.000	20.000	112.710		
112.720	256.880	79.040	224.640	560.560	112.720	0.000	12.400	2.400	14.800	112.720		
112.730	256.880	82.160	229.840	568.880	112.730	0.000	10.000	0.000	10.000	112.730		
112.740	260.000	82.160	237.120	579.280	112.740	0.000	7.400	0.000	7.400	112.740		
112.750	256.880	82.160	242.320	581.360	112.750	0.000	5.000	0.000	5.000	112.750		
112.760	256.880	79.040	244.400	580.320	112.760	0.000	7.400	0.000	7.400	112.760		
112.770	254.400	79.200	249.600	583.200	112.770	0.000	7.500	0.000	7.500	112.770		
112.780	252.000	76.800	252.000	580.800	112.780	0.000	4.980	0.000	4.980	112.780		
112.790	252.000	79.200	254.400	585.600	112.790	0.000	7.500	0.000	7.500	112.790		
112.800	249.600	76.800	256.800	583.200	112.800	0.000	7.500	0.000	7.500	112.800		
112.810	247.200	76.800	259.200	583.200	112.810	0.000	4.980	0.000	4.980	112.810		
112.820	244.800	76.800	261.600	583.200	112.820	0.000	7.500	0.000	7.500	112.820		
112.830	240.000	74.400	264.000	578.400	112.830	0.000	4.980	0.000	4.980	112.830		
112.840	236.400	72.000	266.400	574.800	112.840	0.000	4.980	0.000	4.980	112.840		
112.850	234.000	72.000	270.000	576.000	112.850	0.000	4.980	0.000	4.980	112.850		
112.860	229.200	72.000	272.400	573.600	112.860	0.000	2.490	0.000	2.490	112.860		
112.870	226.800	67.200	274.800	568.800	112.870	0.000	2.490	0.000	2.490	112.870		
112.880	219.600	67.200	282.000	568.800	112.880	0.000	2.490	0.000	2.490	112.880		
112.890	210.000	64.800	289.200	564.000	112.890	0.000	2.490	0.000	2.490	112.890		
112.900	204.000	64.800	294.000	562.800	112.900	0.000	2.490	0.000	2.490	112.900		
112.910	196.800	67.200	300.000	564.000	112.910	0.000	2.490	0.000	2.490	112.910		
112.920	189.230	69.850	304.800	563.880	112.920	0.000	0.000	0.000	0.000	112.920		
112.930	184.150	72.390	312.420	568.960	112.930	0.000	0.000	0.000	0.000	112.930		
112.940	181.610	72.390	314.960	568.960	112.940	0.000	0.000	0.000	0.000	112.940		
112.950	181.610	72.390	317.500	571.500	112.950	0.000	0.000	0.000	0.000	112.950		
112.960	181.610	74.930	317.500	574.040	112.960	0.000	0.000	0.000	0.000	112.960		
112.970	184.150	74.930	317.500	576.580	112.970	0.000	0.000	2.400	2.400	112.970		
112.980	189.230	74.930	317.500	581.660	112.980	0.000	0.000	2.400	2.400	112.980		
112.990	191.770	74.930	314.960	581.660	112.990	0.000	0.000	2.400	2.400	112.990		
113.000	194.310	77.470	314.960	586.740	113.000	2.400	0.000	7.400	9.800	113.000		
113.010	196.850	74.930	312.420	584.200	113.010	2.400	0.000	10.000	12.400	113.010		
113.020	201.930	77.470	309.880	589.280	113.020	2.400	0.000	15.000	17.400	113.020		
113.030	204.470	74.930	304.800	584.200	113.030	5.000	2.400	20.000	27.400	113.030		
113.040	207.010	74.930	299.720	581.660	113.040	7.400	2.400	27.400	37.200	113.040		
113.050	209.550	72.390	294.640	576.580	113.050	15.000	5.000	37.400	57.400	113.050		
113.060	212.090	69.850	284.480	566.420	113.060	25.000	5.000	50.000	80.000	113.060		
113.070	214.500	61.600	275.000	551.100	113.070	39.900	9.450	61.950	111.300	113.070		
113.080	214.500	59.400	259.600	533.500	113.080	59.850	11.550	69.300	140.700	113.080		
113.090	216.700	55.000	247.500	519.200	113.090	74.550	14.700	79.800	169.050	113.090		
113.100	220.000	47.300	232.100	499.400	113.100	84.000	19.950	87.150	191.100	113.100		
113.110	220.000	41.800	214.500	476.300	113.110	92.400	22.050	92.400	206.850	113.110		
113.120	220.000	37.400	189.200	446.600	113.120	99.750	24.150	94.500	218.400	113.120		
113.130	222.200	29.700	165.000	416.900	113.130	107.100	27.300	96.600	231.000	113.130		
113.140	220.000	27.500	139.700	387.200	113.140	119.700	31.500	101.850	253.050	113.140		
113.150	220.000	19.800	114.400	354.200	113.150	136.500	39.900	107.100	283.500	113.150		
113.160	214.500	14.300	86.900	315.700	113.160	154.350	44.100	109.200	307.650	113.160		
113.170	209.000	9.900	67.100	286.000	113.170	179.550	52.500	112.350	344.400	113.170		
113.180	199.100	4.400	49.500	253.000	113.180	204.750	61.950	119.700	386.400	113.180		
113.190	189.200	4.400	41.800	235.400	113.190	224.700	69.300	124.950	418.950	113.190		
113.200	174.900	2.200	37.400	214.500	113.200	241.500	76.650	129.150	447.300	113.200		
113.210	161.700	0.000	29.700	191.400	113.210	262.500	84.000	132.300	478.800	113.210		
113.220	140.000	0.000	24.640	164.640	113.220	278.720	96.480	139.360	514.560	113.220		
113.230	122.080	0.000	17.360	139.440	113.230	294.800	101.840	147.400	544.040	113.230		
113.240	102.480	0.000	14.560	117.040	113.240	304.180	111.220	156.780	572.180	113.240		
113.250	84.560	0.000	9.520	94.080	113.250	314.900	116.580	156.780	588.260	113.250		
113.260	67.200	0.000	9.520	76.720	113.260	321.600	121.940	162.140	605.680	113.260		
113.270	52.080	0.000	9.520	61.600	113.270	326.960	127.300	168.840	623.100	113.270		
113.280	39.760	0.000	7.280	47.040	113.280	329.640	129.980	171.520	631.140	113.280		
113.290	27.440	0.000	9.520	36.960	113.290	332.320	134.000	176.880	643.200	113.290		
113.300	14.560	0.000	7.280	21.840	113.300	335.000	136.680	179.560	651.240	113.300		
113.310	7.280	0.000	7.280	14.560	113.310	335.000	136.680	184.920	656.600	113.310		
113.320	2.240	0.000	7.280	9.520	113.320	335.000	136.680	184.920	656.600	113.320		
113.330	0.000	0.000	4.480	4.480	113.330	329.640	136.680	184.920	651.240	113.330		
113.340	0.000	0.000	4.480	4.480	113.340	324.280	139.360	184.920	648.560	113.340		
113.350	0.000	0.000	4.480	4.480	113.350	316.240	136.680	186.260	639.180	113.350		
113.360	0.000	0.000	4.480	4.480	113.360	309.540	136.680	184.920	631.140	113.360		
113.370	0.000	0.000	2.500	2.500	113.370	300.000	136.800	182.400	619.200	113.370		
113.380	0.000	0.000	2.500	2.500	113.380	291.600	136.800	184.800	613.200	113.380		
113.390	0.000	0.000	2.500	2.500	113.390	284.400	136.800	182.400	603.600	113.390		
113.400	0.000	0.000	2.500	2.500	113.400	277.200	139.200	182.400	598.800	113.400		
113.410	0.000	0.000	2.500	2.500	113.410	272.400	136.800	182.400	591.600	113.410		
113.420	0.000	0.000	2.500	2.500	113.420	266.400	139.200	184.800	590.400	113.420		
113.430	0.000	0.000	2.500	2.500	113.430	261.600	139.200	187.200	588.000	113.430		
113.440	0.000	0.000	0.000	0.000	113.440	259.200	141.600	189.600	590.400	113.440		
113.450	0.000	0.000	2.500	2.500	113.450	259.200	144.000	192.000	595.200	113.450		
113.460	0.000	0.000	2.500	2.500	113.460	259.200	146.400	194.400	600.000	113.460		
113.470	0.000	0.000	2.500	2.500	113.470	261.600	150.000	196.800	608.400	113.470		
113.480	0.000	0.000	2.500	2.500	113.480	261.600	154.800	199.200	615.600	113.480		
113.490	0.000	0.000	2.500	2.500	113.490	264.000	159.600	199.200	622.800	113.490		
113.500	0.000	0.000	0.000	0.000	113.500	261.600	162.000	199.200	622.800	113.500		
113.510	0.000	0.000	0.000	0.000	113.510	261.600	166.800	201.600	630.000	113.510		
113.520	0.000	0.000	0.000	0.000	113.520	260.000	169.520	204.880	634.400	113.520		
113.530	0.000	0.000	0.000	0.000	113.530	256.880	171.600	209.040	637.520	113.530		
113.540	0.000	0.000	2.490	2.490	113.540	254.800	171.600	214.240	640.640	113.540		
113.550	0.000	0.000	2.490	2.490	113.550	249.600	174.720	214.240	638.560	113.550		
113.560	0.000	0.000	2.490	2.490	113.560	244.400	171.600	214.240	630.240	113.560		
113.570	0.000	0.000	0.000	0.000	113.570	239.200	174.720	217.360	631.280	113.570		
113.580	0.000	0.000	0.000	0.000	113.580	231.920	174.720	217.360	624.000	113.580		
113.590	0.000	0.000	2.490	2.490	113.590	224.640	174.720	214.240	613.600	113.590		
113.600	0.000	0.000	0.000	0.000	113.600	217.360	174.720	214.240	606.320	113.600		
113.610	0.000	0.000	0.000	0.000	113.610	209.040	174.720	209.040	592.800	113.610		
113.620	0.000	0.000	0.000	0.000	113.620	201.760	174.720	204.880	581.360	113.620		
113.630	0.000	0.000	0.000	0.000	113.630	194.480	176.800	196.560	567.840	113.630		
113.640	2.490	0.000	0.000	2.490	113.640	189.280	179.920	184.080	553.280	113.640		
113.650	4.980	2.490	2.490	9.960	113.650	184.080	182.000	171.600	537.680	113.650		
113.660	7.500	4.980	2.490	14.970	113.660	182.000	182.000	162.240	526.240	113.660		
113.670	14.500	4.640	4.640	23.780	113.670	174.470	182.500	147.460	504.430	113.670		
113.680	22.040	9.860	6.960	38.860	113.680	172.280	182.500	134.320	489.100	113.680		
113.690	32.480	9.860	6.960	49.300	113.690	164.980	179.580	124.830	469.390	113.690		
113.700	37.120	12.180	4.640	53.940	113.700	159.870	177.390	114.610	451.870	113.700		
113.710	46.980	17.400	6.960	71.340	113.710	154.760	174.470	107.310	436.540	113.710		
113.720	62.060	22.040	9.860	93.960	113.720	147.460	167.170	97.090	411.720	113.720		
113.730	77.140	29.580	12.180	118.900	113.730	142.350	162.060	86.870	391.280	113.730		
113.740	89.900	39.440	22.040	151.380	113.740	134.320	154.760	82.490	371.570	113.740		
113.750	99.760	52.200	32.480	184.440	113.750	124.830	149.650	74.460	348.940	113.750		
113.760	109.620	64.960	52.200	226.780	113.760	114.610	139.430	64.970	319.010	113.760		
113.770	122.380	74.820	74.820	272.020	113.770	99.280	134.320	62.050	295.650	113.770		
113.780	127.020	82.360	94.540	303.920	113.780	86.870	127.020	56.940	270.830	113.780		
113.790	132.240	89.900	111.940	334.080	113.790	72.270	119.720	54.750	246.740	113.790		
113.800	134.560	94.540	129.920	359.020	113.800	62.050	109.500	49.640	221.190	113.800		
113.810	139.780	97.440	145.000	382.220	113.810	49.640	99.280	42.340	191.260	113.810		
113.820	144.540	99.280	156.220	400.040	113.820	42.480	90.000	37.440	169.920	113.820		
113.830	147.460	99.280	169.360	416.100	113.830	34.920	82.440	32.400	149.760	113.830		
113.840	148.920	96.360	182.500	427.780	113.840	29.880	74.880	24.840	129.600	113.840		
113.850	151.840	94.900	197.100	443.840	113.850	22.320	67.320	14.760	104.400	113.850		
113.860	151.840	94.900	214.620	461.360	113.860	19.800	57.240	9.720	86.760	113.860		
113.870	148.920	91.980	233.600	474.500	113.870	12.240	47.160	4.680	64.080	113.870		
113.880	144.540	89.060	254.040	487.640	113.880	9.720	39.960	0.000	49.680	113.880		
113.890	138.700	89.060	277.400	505.160	113.890	7.200	29.880	0.000	37.080	113.890		
113.900	137.240	89.060	294.920	521.220	113.900	4.680	19.800	0.000	24.480	113.900		
113.910	131.400	91.980	312.440	535.820	113.910	4.680	14.760	0.000	19.440	113.910		
113.920	129.940	91.980	327.040	548.960	113.920	2.160	7.200	0.000	9.360	113.920		
113.930	124.100	91.980	338.720	554.800	113.930	0.000	4.680	0.000	4.680	113.930		
113.940	124.100	91.980	348.940	565.020	113.940	0.000	2.160	0.000	2.160	113.940		
113.950	124.100	91.980	356.240	572.320	113.950	0.000	0.000	0.000	0.000	113.950		
113.960	121.180	91.980	365.000	578.160	113.960	0.000	0.000	0.000	0.000	113.960		
113.970	116.800	91.200	371.200	579.200	113.970	0.000	0.000	0.000	0.000	113.970		
113.980	113.600	91.200	379.200	584.000	113.980	0.000	0.000	0.000	0.000	113.980		
113.990	108.800	89.600	384.000	582.400	113.990	0.000	0.000	0.000	0.000	113.990		
114.000	104.000	86.400	387.200	577.600	114.000	0.000	0.000	0.000	0.000	114.000		
114.010	99.200	84.800	388.800	572.800	114.010	0.000	0.000	0.000	0.000	114.010		
114.020	94.400	81.600	392.000	568.000	114.020	0.000	0.000	2.420	2.420	114.020		
114.030	91.200	81.600	393.600	566.400	114.030	0.000	0.000	0.000	0.000	114.030		
114.040	86.400	76.800	393.600	556.800	114.040	0.000	0.000	2.420	2.420	114.040		
114.050	84.800	76.800	396.800	558.400	114.050	0.000	0.000	4.840	4.840	114.050		
114.060	80.000	73.600	396.800	550.400	114.060	0.000	0.000	9.900	9.900	114.060		
114.070	76.800	72.000	400.000	548.800	114.070	0.000	2.420	17.380	19.800	114.070		
114.080	76.800	68.800	396.800	542.400	114.080	0.000	4.840	22.440	27.280	114.080		
114.090	73.600	67.200	393.600	534.400	114.090	0.000	7.480	32.340	39.820	114.090		
114.100	73.600	67.200	388.800	529.600	114.100	0.000	12.320	42.460	54.780	114.100		
114.110	72.000	62.400	384.000	518.400	114.110	2.420	17.380	55.000	74.800	114.110		
114.120	71.440	59.280	380.000	510.720	114.120	9.920	24.800	66.960	101.680	114.120		
114.130	69.920	59.280	373.920	503.120	114.130	19.840	32.240	74.400	126.480	114.130		
114.140	66.880	56.240	369.360	492.480	114.140	44.640	37.200	77.500	159.340	114.140		
114.150	63.840	56.240	361.760	481.840	114.150	71.920	42.160	79.980	194.060	114.150		
114.160	63.840	54.720	351.120	469.680	114.160	92.380	42.160	82.460	217.000	114.160		
114.170	63.840	54.720	338.960	457.520	114.170	102.300	42.160	79.980	224.440	114.170		
114.180	62.320	51.680	323.760	437.760	114.180	107.260	39.680	79.980	226.920	114.180		
114.190	62.320	48.640	307.040	418.000	114.190	112.220	39.680	77.500	229.400	114.190		
114.200	62.320	47.120	288.800	398.240	114.200	114.700	37.200	74.400	226.300	114.200		
114.210	59.280	44.080	272.080	375.440	114.210	119.660	39.680	71.920	231.260	114.210		
114.220	59.280	44.080	259.920	363.280	114.220	127.100	42.160	69.440	238.700	114.220		
114.230	56.240	41.040	246.240	343.520	114.230	132.060	39.680	66.960	238.700	114.230		
114.240	56.240	39.520	234.080	329.840	114.240	139.500	42.160	64.480	246.140	114.240		
114.250	56.240	36.480	226.480	319.200	114.250	146.940	39.680	62.000	248.620	114.250		
114.260	56.240	36.480	218.880	311.600	114.260	155.000	37.200	59.520	251.720	114.260		
114.270	57.340	39.480	214.320	311.140	114.270	164.430	39.690	56.700	260.820	114.270		
114.280	57.340	39.480	212.440	309.260	114.280	174.960	39.690	51.840	266.490	114.280		
114.290	57.340	42.300	212.440	312.080	114.290	184.680	37.260	51.840	273.780	114.290		
114.300	57.340	42.300	212.440	312.080	114.300	191.970	37.260	51.840	281.070	114.300		
114.310	57.340	42.300	212.440	312.080	114.310	196.830	34.830	46.980	278.640	114.310		
114.320	54.520	42.300	214.320	311.140	114.320	202.500	34.830	44.550	281.880	114.320		
114.330	54.520	44.180	219.960	318.660	114.330	202.500	34.830	44.550	281.880	114.330		
114.340	54.520	47.000	221.840	323.360	114.340	202.500	32.400	42.120	277.020	114.340		
114.350	54.520	49.820	227.480	331.820	114.350	199.260	32.400	42.120	273.780	114.350		
114.360	57.340	51.700	232.180	341.220	114.360	196.830	32.400	42.120	271.350	114.360		
114.370	59.220	57.340	235.000	351.560	114.370	194.400	29.970	42.120	266.490	114.370		
114.380	62.040	62.040	235.000	359.080	114.380	189.540	29.970	42.120	261.630	114.380		
114.390	64.860	64.860	232.180	361.900	114.390	184.680	26.730	39.690	251.100	114.390		
114.400	66.740	66.740	232.180	365.660	114.400	182.250	26.730	39.690	248.670	114.400		
114.410	69.560	66.740	229.360	365.660	114.410	179.820	26.730	39.690	246.240	114.410		
114.420	72.000	69.300	225.000	366.300	114.420	176.320	24.320	39.520	240.160	114.420		
114.430	77.400	72.000	222.300	371.700	114.430	176.320	24.320	41.040	241.680	114.430		
114.440	79.200	72.000	209.700	360.900	114.440	176.320	24.320	39.520	240.160	114.440		
114.450	87.300	74.700	197.100	359.100	114.450	179.360	24.320	39.520	243.200	114.450		
114.460	91.800	74.700	180.000	346.500	114.460	186.960	24.320	41.040	252.320	114.460		
114.470	101.700	72.000	159.300	333.000	114.470	196.080	24.320	39.520	259.920	114.470		
114.480	109.800	67.500	129.600	306.900	114.480	209.760	27.360	41.040	278.160	114.480		
114.490	122.400	64.800	101.700	288.900	114.490	224.960	28.880	41.040	294.880	114.490		
114.500	135.000	56.700	72.000	263.700	114.500	244.720	34.960	44.080	323.760	114.500		
114.510	152.100	49.500	45.000	246.600	114.510	269.040	36.480	48.640	354.160	114.510		
114.520	167.400	36.900	27.000	231.300	114.520	291.840	39.520	51.680	383.040	114.520		
114.530	180.000	29.700	19.800	229.500	114.530	316.160	41.040	54.720	411.920	114.530		
114.540	184.500	22.500	9.900	216.900	114.540	338.960	47.120	56.240	442.320	114.540		
114.550	189.900	17.100	4.500	211.500	114.550	358.720	48.640	59.280	466.640	114.550		
114.560	187.200	11.700	1.800	200.700	114.560	380.000	54.720	63.840	498.560	114.560		
114.570	180.000	7.200	0.000	187.200	114.570	398.940	58.560	65.880	523.380	114.570		
114.580	162.000	4.320	0.000	166.320	114.580	413.580	62.220	71.370	547.170	114.580		
114.590	139.680	2.160	0.000	141.840	114.590	426.390	64.050	76.860	567.300	114.590		
114.600	114.480	0.000	0.000	114.480	114.600	437.370	69.540	84.180	591.090	114.600		
114.610	84.960	0.000	0.000	84.960	114.610	444.690	71.370	91.500	607.560	114.610		
114.620	59.760	0.000	0.000	59.760	114.620	448.350	76.860	96.990	622.200	114.620		
114.630	34.560	0.000	0.000	34.560	114.630	453.840	76.860	102.480	633.180	114.630		
114.640	22.320	0.000	2.160	24.480	114.640	457.500	78.690	109.800	645.990	114.640		
114.650	7.200	0.000	2.160	9.360	114.650	457.500	82.350	113.460	653.310	114.650		
114.660	2.160	0.000	2.160	4.320	114.660	453.840	82.350	118.950	655.140	114.660		
114.670	0.000	0.000	2.160	2.160	114.670	448.350	84.180	124.440	656.970	114.670		
114.680	0.000	0.000	2.160	2.160	114.680	439.200	82.350	129.930	651.480	114.680		
114.690	0.000	2.160	2.160	4.320	114.690	428.220	82.350	133.590	644.160	114.690		
114.700	0.000	0.000	2.160	2.160	114.700	417.240	78.690	137.250	633.180	114.700		
114.710	0.000	0.000	2.160	2.160	114.710	406.260	78.690	139.080	624.030	114.710		
114.720	0.000	0.000	0.000	0.000	114.720	395.000	77.420	143.780	616.200	114.720		
114.730	0.000	0.000	2.500	2.500	114.730	383.940	77.420	148.520	609.880	114.730		
114.740	0.000	0.000	0.000	0.000	114.740	376.040	77.420	151.680	605.140	114.740		
114.750	0.000	0.000	0.000	0.000	114.750	371.300	74.260	156.420	601.980	114.750		
114.760	0.000	2.500	0.000	2.500	114.760	364.980	74.260	159.580	598.820	114.760		
114.770	0.000	0.000	0.000	0.000	114.770	361.820	74.260	159.580	595.660	114.770		
114.780	0.000	0.000	0.000	0.000	114.780	358.660	74.260	161.160	594.080	114.780		
114.790	0.000	0.000	0.000	0.000	114.790	358.660	77.420	161.160	597.240	114.790		
114.800	0.000	0.000	0.000	0.000	114.800	358.660	77.420	167.480	603.560	114.800		
114.810	0.000	0.000	0.000	0.000	114.810	357.080	79.000	172.220	608.300	114.810		
114.820	0.000	0.000	0.000	0.000	114.820	357.080	82.160	178.540	617.780	114.820		
114.830	0.000	0.000	0.000	0.000	114.830	352.340	82.160	184.860	619.360	114.830		
114.840	0.000	0.000	0.000	0.000	114.840	349.180	86.900	191.180	627.260	114.840		
114.850	0.000	0.000	0.000	0.000	114.850	341.280	86.900	197.500	625.680	114.850		
114.860	0.000	0.000	0.000	0.000	114.860	331.800	88.480	206.980	627.260	114.860		
114.870	0.000	0.000	0.000	0.000	114.870	322.200	93.600	214.200	630.000	114.870		
114.880	0.000	0.000	0.000	0.000	114.880	311.400	97.200	225.000	633.600	114.880		
114.890	0.000	0.000	0.000	0.000	114.890	302.400	99.000	235.800	637.200	114.890		
114.900	0.000	0.000	0.000	0.000	114.900	286.200	100.800	246.600	633.600	114.900		
114.910	0.000	0.000	0.000	0.000	114.910	271.800	104.400	259.200	635.400	114.910		
114.920	0.000	0.000	0.000	0.000	114.920	253.800	104.400	273.600	631.800	114.920		
114.930	0.000	0.000	0.000	0.000	114.930	232.200	106.200	289.800	628.200	114.930		
114.940	0.000	0.000	0.000	0.000	114.940	212.400	106.200	304.200	622.800	114.940		
114.950	0.000	0.000	0.000	0.000	114.950	189.000	109.800	322.200	621.000	114.950		
114.960	0.000	0.000	0.000	0.000	114.960	167.400	109.800	342.000	619.200	114.960		
114.970	0.000	0.000	0.000	0.000	114.970	138.600	109.800	361.800	610.200	114.970		
114.980	0.000	0.000	0.000	0.000	114.980	111.600	106.200	387.000	604.800	114.980		
114.990	0.000	0.000	0.000	0.000	114.990	90.000	104.400	405.000	599.400	114.990		
115.000	0.000	0.000	0.000	0.000	115.000	66.600	99.000	428.400	594.000	115.000		
115.010	0.000	0.000	0.000	0.000	115.010	54.000	93.600	450.000	597.600	115.010		
115.020	0.000	0.000	5.000	5.000	115.020	44.220	84.420	468.330	596.970	115.020		
115.030	0.000	0.000	27.500	27.500	115.030	34.170	74.370	484.410	592.950	115.030		
115.040	0.000	0.000	62.500	62.500	115.040	26.130	64.320	496.470	586.920	115.040		
115.050	0.000	0.000	102.500	102.500	115.050	18.090	54.270	502.500	574.860	115.050		
115.060	0.000	0.000	145.000	145.000	115.060	12.060	44.220	498.480	554.760	115.060		
115.070	0.000	5.000	190.000	195.000	115.070	2.010	36.180	492.450	530.640	115.070		
115.080	2.500	7.500	225.000	235.000	115.080	0.000	26.130	476.370	502.500	115.080		
115.090	5.000	12.500	252.500	270.000	115.090	0.000	22.110	458.280	480.390	115.090		
115.100	5.000	17.500	262.500	285.000	115.100	0.000	16.080	436.170	452.250	115.100		
115.110	7.500	20.000	267.500	295.000	115.110	0.000	8.040	406.020	414.060	115.110		
115.120	12.500	25.000	272.500	310.000	115.120	0.000	4.020	369.840	373.860	115.120		
115.130	12.500	32.500	282.500	327.500	115.130	0.000	2.010	331.650	333.660	115.130		
115.140	17.500	40.000	292.500	350.000	115.140	0.000	0.000	281.400	281.400	115.140		
115.150	22.500	45.000	302.500	370.000	115.150	0.000	0.000	231.150	231.150	115.150		
115.160	25.000	50.000	312.500	387.500	115.160	0.000	0.000	184.920	184.920	115.160		
115.170	27.000	54.000	329.400	410.400	115.170	0.000	0.000	132.500	132.500	115.170		
115.180	32.400	55.800	347.400	435.600	115.180	0.000	0.000	94.870	94.870	115.180		
115.190	36.000	61.200	367.200	464.400	115.190	0.000	0.000	64.660	64.660	115.190		
115.200	39.600	66.600	383.400	489.600	115.200	0.000	0.000	42.400	42.400	115.200		
115.210	39.600	68.400	405.000	513.000	115.210	0.000	0.000	27.030	27.030	115.210		
115.220	41.400	72.000	415.800	529.200	115.220	0.000	0.000	14.840	14.840	115.220		
115.230	45.000	73.800	428.400	547.200	115.230	2.120	0.000	7.420	9.540	115.230		
115.240	45.000	77.400	437.400	559.800	115.240	0.000	0.000	0.000	0.000	115.240		
115.250	46.800	79.200	444.600	570.600	115.250	2.120	0.000	0.000	2.120	115.250		
115.260	48.600	84.600	450.000	583.200	115.260	0.000	0.000	2.120	2.120	115.260		
115.270	48.600	90.000	450.000	588.600	115.270	0.000	0.000	2.120	2.120	115.270		
115.280	52.200	91.800	446.400	590.400	115.280	0.000	0.000	0.000	0.000	115.280		
115.290	54.000	93.600	444.600	592.200	115.290	0.000	0.000	0.000	0.000	115.290		
115.300	54.000	99.000	439.200	592.200	115.300	0.000	0.000	0.000	0.000	115.300		
115.310	55.800	100.800	432.000	588.600	115.310	0.000	0.000	0.000	0.000	115.310		
115.320	58.450	106.880	417.500	582.830	115.320	0.000	0.000	0.000	0.000	115.320		
115.330	61.790	111.890	402.470	576.150	115.330	0.000	0.000	0.000	0.000	115.330		
115.340	63.460	113.560	387.440	564.460	115.340	0.000	0.000	0.000	0.000	115.340		
115.350	66.800	118.570	369.070	554.440	115.350	0.000	0.000	0.000	0.000	115.350		
115.360	71.810	123.580	349.030	544.420	115.360	0.000	0.000	0.000	0.000	115.360		
115.370	73.480	131.930	332.330	537.740	115.370	0.000	0.000	0.000	0.000	115.370		
115.380	78.490	131.930	312.290	522.710	115.380	0.000	0.000	0.000	0.000	115.380		
115.390	81.830	136.940	297.260	516.030	115.390	0.000	0.000	0.000	0.000	115.390		
115.400	86.840	141.950	278.890	507.680	115.400	0.000	0.000	0.000	0.000	115.400		
115.410	88.510	143.620	267.200	499.330	115.410	0.000	0.000	0.000	0.000	115.410		
115.420	93.520	146.960	257.180	497.660	115.420	0.000	2.500	0.000	2.500	115.420		
115.430	96.860	148.630	247.160	492.650	115.430	0.000	0.000	2.500	2.500	115.430		
115.440	98.530	151.970	237.140	487.640	115.440	0.000	0.000	0.000	0.000	115.440		
115.450	106.880	153.640	228.790	489.310	115.450	0.000	2.500	2.500	5.000	115.450		
115.460	111.890	158.650	222.110	492.650	115.460	0.000	2.500	0.000	2.500	115.460		
115.470	116.200	156.800	217.000	490.000	115.470	0.000	2.500	2.500	5.000	115.470		
115.480	127.400	159.600	210.000	497.000	115.480	0.000	2.500	2.500	5.000	115.480		
115.490	134.400	159.600	204.400	498.400	115.490	0.000	2.500	2.500	5.000	115.490		
115.500	144.200	156.800	198.800	499.800	115.500	0.000	2.500	2.500	5.000	115.500		
115.510	156.800	154.000	194.600	505.400	115.510	0.000	2.500	2.500	5.000	115.510		
115.520	169.400	154.000	189.000	512.400	115.520	0.000	2.500	2.500	5.000	115.520		
115.530	182.000	154.000	182.000	518.000	115.530	0.000	2.500	2.500	5.000	115.530		
115.540	197.400	154.000	172.200	523.600	115.540	0.000	2.500	2.500	5.000	115.540		
115.550	211.400	154.000	162.400	527.800	115.550	0.000	2.500	2.500	5.000	115.550		
115.560	232.400	156.800	149.800	539.000	115.560	0.000	2.500	0.000	2.500	115.560		
115.570	249.200	156.800	134.400	540.400	115.570	0.000	2.500	0.000	2.500	115.570		
115.580	268.800	159.600	121.800	550.200	115.580	0.000	2.500	0.000	2.500	115.580		
115.590	296.800	159.600	106.400	562.800	115.590	0.000	2.500	0.000	2.500	115.590		
115.600	324.800	159.600	92.400	576.800	115.600	0.000	0.000	0.000	0.000	115.600		
115.610	350.000	156.800	74.200	581.000	115.610	0.000	0.000	0.000	0.000	115.610		
115.620	378.290	148.390	58.520	585.200	115.620	0.000	1.550	0.000	1.550	115.620		
115.630	405.460	137.940	43.890	587.290	115.630	0.000	0.000	0.000	0.000	115.630		
115.640	428.450	127.490	33.440	589.380	115.640	9.300	0.000	0.000	9.300	115.640		
115.650	453.530	114.950	22.990	591.470	115.650	29.450	0.000	0.000	29.450	115.650		
115.660	474.430	98.230	16.720	589.380	115.660	62.000	1.550	0.000	63.550	115.660		
115.670	491.150	83.600	8.360	583.110	115.670	103.850	0.000	0.000	103.850	115.670		
115.680	505.780	68.970	2.090	576.840	115.680	148.800	0.000	0.000	148.800	115.680		
115.690	516.230	56.430	0.000	572.660	115.690	181.350	0.000	0.000	181.350	115.690		
115.700	522.500	43.890	0.000	566.390	115.700	206.150	0.000	0.000	206.150	115.700		
115.710	518.320	33.440	0.000	551.760	115.710	237.150	0.000	0.000	237.150	115.710		
115.720	509.960	22.990	0.000	532.950	115.720	269.700	1.550	0.000	271.250	115.720		
115.730	493.240	16.720	0.000	509.960	115.730	302.250	4.650	0.000	306.900	115.730		
115.740	472.340	6.270	0.000	478.610	115.740	334.800	12.400	0.000	347.200	115.740		
115.750	443.080	0.000	0.000	443.080	115.750	361.150	24.800	1.550	387.500	115.750		
115.760	399.190	0.000	0.000	399.190	115.760	387.500	49.600	6.200	443.300	115.760		
115.770	350.000	0.000	0.000	350.000	115.770	404.430	69.540	14.640	488.610	115.770		
115.780	294.000	0.000	0.000	294.000	115.780	411.750	82.350	18.300	512.400	115.780		
115.790	233.800	0.000	0.000	233.800	115.790	419.070	93.330	27.450	539.850	115.790		
115.800	179.200	0.000	0.000	179.200	115.800	428.220	104.310	31.110	563.640	115.800		
115.810	124.600	0.000	0.000	124.600	115.810	439.200	111.630	36.600	587.430	115.810		
115.820	81.200	0.000	0.000	81.200	115.820	446.520	120.780	38.430	605.730	115.820		
115.830	49.000	0.000	0.000	49.000	115.830	453.840	126.270	43.920	624.030	115.830		
115.840	29.400	0.000	0.000	29.400	115.840	457.500	133.590	45.750	636.840	115.840		
115.850	14.000	0.000	0.000	14.000	115.850	453.840	139.080	51.240	644.160	115.850		
115.860	4.200	1.400	0.000	5.600	115.860	448.350	146.400	54.900	649.650	115.860		
115.870	4.200	1.400	0.000	5.600	115.870	441.030	148.230	54.900	644.160	115.870		
115.880	4.200	0.000	0.000	4.200	115.880	428.220	151.890	58.560	638.670	115.880		
115.890	4.200	1.400	0.000	5.600	115.890	419.070	153.720	58.560	631.350	115.890		
115.900	4.200	0.000	0.000	4.200	115.900	404.430	151.890	58.560	614.880	115.900		
115.910	4.200	0.000	0.000	4.200	115.910	391.620	151.890	58.560	602.070	115.910		
115.920	2.500	0.000	0.000	2.500	115.920	380.000	148.960	59.280	588.240	115.920		
115.930	0.000	0.000	0.000	0.000	115.930	366.320	148.960	56.240	571.520	115.930		
115.940	0.000	0.000	0.000	0.000	115.940	357.200	144.400	56.240	557.840	115.940		
115.950	0.000	0.000	0.000	0.000	115.950	349.600	141.360	56.240	547.200	115.950		
115.960	0.000	0.000	0.000	0.000	115.960	343.520	136.800	54.720	535.040	115.960		
115.970	0.000	0.000	0.000	0.000	115.970	338.960	132.240	56.240	527.440	115.970		
115.980	0.000	0.000	0.000	0.000	115.980	338.960	126.160	56.240	521.360	115.980		
115.990	0.000	0.000	0.000	0.000	115.990	338.960	121.600	54.720	515.280	115.990		
116.000	0.000	0.000	0.000	0.000	116.000	342.000	118.560	54.720	515.280	116.000		
116.010	0.000	0.000	0.000	0.000	116.010	342.000	118.560	56.240	516.800	116.010		
116.020	0.000	0.000	0.000	0.000	116.020	338.960	118.560	59.280	516.800	116.020		
116.030	0.000	0.000	0.000	0.000	116.030	334.400	121.600	62.320	518.320	116.030		
116.040	0.000	0.000	0.000	0.000	116.040	334.400	124.640	63.840	522.880	116.040		
116.050	0.000	0.000	0.000	0.000	116.050	329.840	126.160	71.440	527.440	116.050		
116.060	0.000	0.000	0.000	0.000	116.060	323.760	129.200	76.000	528.960	116.060		
116.070	0.000	0.000	0.000	0.000	116.070	319.950	135.000	82.350	537.300	116.070		
116.080	0.000	0.000	0.000	0.000	116.080	314.550	136.350	86.400	537.300	116.080		
116.090	0.000	0.000	0.000	0.000	116.090	306.450	136.350	94.500	537.300	116.090		
116.100	0.000	0.000	0.000	0.000	116.100	302.400	141.750	103.950	548.100	116.100		
116.110	0.000	0.000	0.000	0.000	116.110	291.600	144.450	117.450	553.500	116.110		
116.120	0.000	0.000	0.000	0.000	116.120	279.450	149.850	129.600	558.900	116.120		
116.130	0.000	0.000	0.000	0.000	116.130	264.600	153.900	147.150	565.650	116.130		
116.140	0.000	0.000	0.000	0.000	116.140	249.750	156.600	164.700	571.050	116.140		
116.150	0.000	0.000	0.000	0.000	116.150	234.900	164.700	186.300	585.900	116.150		
116.160	0.000	0.000	0.000	0.000	116.160	218.700	168.750	209.250	596.700	116.160		
116.170	0.000	0.000	0.000	0.000	116.170	199.800	174.150	232.200	606.150	116.170		
116.180	0.000	0.000	0.000	0.000	116.180	176.850	179.550	256.500	612.900	116.180		
116.190	0.000	0.000	0.000	0.000	116.190	151.200	179.550	284.850	615.600	116.190		
116.200	0.000	0.000	0.000	0.000	116.200	126.900	179.550	309.150	615.600	116.200		
116.210	2.500	0.000	0.000	2.500	116.210	103.950	176.850	337.500	618.300	116.210		
116.220	2.180	0.000	0.000	2.180	116.220	80.640	172.480	369.600	622.720	116.220		
116.230	0.000	0.000	0.000	0.000	116.230	64.960	163.520	396.480	624.960	116.230		
116.240	2.180	0.000	0.000	2.180	116.240	51.520	147.840	427.840	627.200	116.240		
116.250	0.000	0.000	0.000	0.000	116.250	40.320	136.640	454.720	631.680	116.250		
116.260	0.000	0.000	0.000	0.000	116.260	31.360	120.960	481.600	633.920	116.260		
116.270	2.180	0.000	0.000	2.180	116.270	22.400	109.760	504.000	636.160	116.270		
116.280	0.000	0.000	0.000	0.000	116.280	13.440	94.080	524.160	631.680	116.280		
116.290	0.000	0.000	0.000	0.000	116.290	6.720	80.640	544.320	631.680	116.290		
116.300	0.000	0.000	21.800	21.800	116.300	2.240	69.440	553.280	624.960	116.300		
116.310	0.000	0.000	66.490	66.490	116.310	0.000	56.000	560.000	616.000	116.310		
116.320	0.000	0.000	116.630	116.630	116.320	0.000	47.040	560.000	607.040	116.320		
116.330	0.000	0.000	151.510	151.510	116.330	0.000	38.080	548.800	586.880	116.330		
116.340	0.000	0.000	187.480	187.480	116.340	0.000	29.120	530.880	560.000	116.340		
116.350	0.000	0.000	234.350	234.350	116.350	0.000	17.920	504.000	521.920	116.350		
116.360	0.000	4.360	272.500	276.860	116.360	0.000	8.960	461.440	470.400	116.360		
116.370	2.040	6.120	303.960	312.120	116.370	0.000	1.620	405.000	406.620	116.370		
116.380	4.080	12.240	324.360	340.680	116.380	0.000	0.000	341.820	341.820	116.380		
116.390	6.120	16.320	338.640	361.080	116.390	0.000	0.000	277.020	277.020	116.390		
116.400	8.160	22.440	350.880	381.480	116.400	0.000	0.000	208.980	208.980	116.400		
116.410	12.240	28.560	371.280	412.080	116.410	0.000	0.000	147.420	147.420	116.410		
116.420	16.320	40.800	395.760	452.880	116.420	0.000	0.000	97.200	97.200	116.420		
116.430	24.480	53.040	424.320	501.840	116.430	0.000	0.000	61.560	61.560	116.430		
116.440	28.560	63.240	446.760	538.560	116.440	0.000	0.000	38.880	38.880	116.440		
116.450	34.680	69.360	461.040	565.080	116.450	1.620	1.620	21.060	24.300	116.450		
116.460	40.800	73.440	479.400	593.640	116.460	4.860	1.620	11.340	17.820	116.460		
116.470	51.000	75.480	491.640	618.120	116.470	1.620	0.000	6.480	8.100	116.470		
116.480	57.120	79.560	503.880	640.560	116.480	1.620	0.000	4.860	6.480	116.480		
116.490	61.200	79.560	510.000	650.760	116.490	1.620	0.000	4.860	6.480	116.490		
116.500	63.240	81.600	510.000	654.840	116.500	1.620	0.000	4.860	6.480	116.500		
116.510	69.360	81.600	503.880	654.840	116.510	0.000	1.620	4.860	6.480	116.510		
116.520	70.920	84.710	492.500	648.130	116.520	2.500	0.000	2.500	5.000	116.520		
116.530	74.860	86.680	474.770	636.310	116.530	0.000	0.000	2.500	2.500	116.530		
116.540	76.830	86.680	457.040	620.550	116.540	0.000	0.000	0.000	0.000	116.540		
116.550	78.800	88.650	433.400	600.850	116.550	0.000	0.000	0.000	0.000	116.550		
116.560	84.710	90.620	409.760	585.090	116.560	0.000	0.000	0.000	0.000	116.560		
116.570	88.650	94.560	384.150	567.360	116.570	0.000	0.000	0.000	0.000	116.570		
116.580	94.560	96.530	362.480	553.570	116.580	0.000	0.000	0.000	0.000	116.580		
116.590	98.500	98.500	336.870	533.870	116.590	0.000	0.000	0.000	0.000	116.590		
116.600	106.380	102.440	313.230	522.050	116.600	0.000	0.000	0.000	0.000	116.600		
116.610	114.260	104.410	291.560	510.230	116.610	0.000	0.000	0.000	0.000	116.610		
116.620	124.110	106.380	269.890	500.380	116.620	0.000	0.000	0.000	0.000	116.620		
116.630	133.960	108.350	246.250	488.560	116.630	0.000	0.000	0.000	0.000	116.630		
116.640	143.810	116.230	226.550	486.590	116.640	0.000	0.000	0.000	0.000	116.640		
116.650	151.690	118.200	206.850	476.740	116.650	0.000	0.000	0.000	0.000	116.650		
116.660	163.510	122.140	189.120	474.770	116.660	0.000	0.000	0.000	0.000	116.660		
116.670	176.490	127.200	168.540	472.230	116.670	0.000	0.000	0.000	0.000	116.670		
116.680	189.210	131.970	154.230	475.410	116.680	0.000	0.000	0.000	0.000	116.680		
116.690	201.930	133.560	139.920	475.410	116.690	0.000	0.000	0.000	0.000	116.690		
116.700	211.470	139.920	127.200	478.590	116.700	0.000	0.000	0.000	0.000	116.700		
116.710	224.190	141.510	111.300	477.000	116.710	0.000	0.000	0.000	0.000	116.710		
116.720	238.500	141.510	98.580	478.590	116.720	0.000	2.500	0.000	2.500	116.720		
116.730	254.400	141.510	89.040	484.950	116.730	0.000	0.000	0.000	0.000	116.730		
116.740	268.710	144.690	79.500	492.900	116.740	0.000	0.000	0.000	0.000	116.740		
116.750	284.610	141.510	66.780	492.900	116.750	0.000	0.000	0.000	0.000	116.750		
116.760	302.100	139.920	57.240	499.260	116.760	0.000	0.000	0.000	0.000	116.760		
116.770	321.180	131.970	49.290	502.440	116.770	0.000	0.000	0.000	0.000	116.770		
116.780	337.080	127.200	41.340	505.620	116.780	0.000	0.000	0.000	0.000	116.780		
116.790	356.160	119.250	34.980	510.390	116.790	0.000	0.000	0.000	0.000	116.790		
116.800	376.830	116.070	28.620	521.520	116.800	0.000	2.500	0.000	2.500	116.800		
116.810	397.500	111.300	22.260	531.060	116.810	0.000	0.000	0.000	0.000	116.810		
116.820	424.490	102.150	15.890	542.530	116.820	0.000	1.620	0.000	1.620	116.820		
116.830	449.460	90.800	11.350	551.610	116.830	0.000	1.620	0.000	1.620	116.830		
116.840	469.890	83.990	6.810	560.690	116.840	0.000	1.620	0.000	1.620	116.840		
116.850	490.320	74.910	4.540	569.770	116.850	0.000	1.620	1.620	3.240	116.850		
116.860	510.750	63.560	2.270	576.580	116.860	0.000	0.000	0.000	0.000	116.860		
116.870	528.910	54.480	0.000	583.390	116.870	6.480	1.620	0.000	8.100	116.870		
116.880	544.800	43.130	0.000	587.930	116.880	46.980	1.620	0.000	48.600	116.880		
116.890	556.150	34.050	0.000	590.200	116.890	116.640	4.860	0.000	121.500	116.890		
116.900	562.960	29.510	0.000	592.470	116.900	174.960	1.620	0.000	176.580	116.900		
116.910	567.500	20.430	0.000	587.930	116.910	202.500	1.620	0.000	204.120	116.910		
116.920	562.960	15.890	0.000	578.850	116.920	234.900	1.620	0.000	236.520	116.920		
116.930	547.070	9.080	0.000	556.150	116.930	283.500	4.860	0.000	288.360	116.930		
116.940	522.100	6.810	0.000	528.910	116.940	333.720	9.720	0.000	343.440	116.940		
116.950	494.860	2.270	0.000	497.130	116.950	370.980	14.580	0.000	385.560	116.950		
116.960	454.000	0.000	0.000	454.000	116.960	405.000	25.920	1.620	432.540	116.960		
116.970	402.500	0.000	0.000	402.500	116.970	426.400	45.760	4.160	476.320	116.970		
116.980	341.320	0.000	0.000	341.320	116.980	440.960	66.560	8.320	515.840	116.980		
116.990	276.920	0.000	0.000	276.920	116.990	453.440	83.200	16.640	553.280	116.990		
117.000	209.300	0.000	0.000	209.300	117.000	465.920	99.840	24.960	590.720	117.000		
117.010	144.900	0.000	0.000	144.900	117.010	476.320	112.320	31.200	619.840	117.010		
117.020	96.600	0.000	0.000	96.600	117.020	490.880	120.640	39.520	651.040	117.020		
117.030	56.350	0.000	0.000	56.350	117.030	503.360	128.960	41.600	673.920	117.030		
117.040	33.810	0.000	0.000	33.810	117.040	513.760	137.280	49.920	700.960	117.040		
117.050	19.320	1.610	0.000	20.930	117.050	520.000	141.440	52.000	713.440	117.050		
117.060	6.440	1.610	1.610	9.660	117.060	520.000	141.440	54.080	715.520	117.060		
117.070	4.830	1.610	0.000	6.440	117.070	513.760	141.440	54.080	709.280	117.070		
117.080	1.610	1.610	0.000	3.220	117.080	503.360	141.440	56.160	700.960	117.080		
117.090	1.610	1.610	0.000	3.220	117.090	488.800	141.440	56.160	686.400	117.090		
117.100	1.610	1.610	0.000	3.220	117.100	468.000	141.440	52.000	661.440	117.100		
117.110	0.000	1.610	0.000	1.610	117.110	447.200	141.440	56.160	644.800	117.110		
117.120	0.000	2.500	0.000	2.500	117.120	417.500	141.950	53.440	612.890	117.120		
117.130	0.000	2.500	0.000	2.500	117.130	394.120	138.610	56.780	589.510	117.130		
117.140	0.000	2.500	0.000	2.500	117.140	372.410	138.610	58.450	569.470	117.140		
117.150	0.000	2.500	0.000	2.500	117.150	349.030	138.610	56.780	544.420	117.150		
117.160	0.000	2.500	0.000	2.500	117.160	328.990	141.950	61.790	532.730	117.160		
117.170	0.000	0.000	0.000	0.000	117.170	312.290	141.950	63.460	517.700	117.170		
117.180	0.000	2.500	0.000	2.500	117.180	292.250	143.620	68.470	504.340	117.180		
117.190	0.000	2.500	0.000	2.500	117.190	272.210	146.960	71.810	490.980	117.190		
117.200	0.000	2.500	0.000	2.500	117.200	253.840	151.970	81.830	487.640	117.200		
117.210	0.000	2.500	0.000	2.500	117.210	238.810	156.980	86.840	482.630	117.210		
117.220	0.000	2.500	0.000	2.500	117.220	223.780	158.650	93.520	475.950	117.220		
117.230	0.000	2.500	0.000	2.500	117.230	212.090	167.000	101.870	480.960	117.230		
117.240	0.000	2.500	0.000	2.500	117.240	202.070	168.670	108.550	479.290	117.240		
117.250	0.000	0.000	0.000	0.000	117.250	192.050	173.680	121.910	487.640	117.250		
117.260	0.000	2.500	0.000	2.500	117.260	182.030	178.690	133.600	494.320	117.260		
117.270	0.000	2.500	0.000	2.500	117.270	171.990	183.330	149.310	504.630	117.270		
117.280	0.000	2.500	0.000	2.500	117.280	160.650	187.110	166.320	514.080	117.280		
117.290	0.000	0.000	0.000	0.000	117.290	151.200	189.000	181.440	521.640	117.290		
117.300	0.000	0.000	0.000	0.000	117.300	141.750	190.890	198.450	531.090	117.300		
117.310	0.000	0.000	0.000	0.000	117.310	126.630	190.890	219.240	536.760	117.310		
117.320	0.000	2.500	0.000	2.500	117.320	109.620	190.890	238.140	538.650	117.320		
117.330	0.000	2.500	0.000	2.500	117.330	96.390	190.890	260.820	548.100	117.330		
117.340	0.000	2.500	0.000	2.500	117.340	81.270	183.330	283.500	548.100	117.340		
117.350	0.000	2.500	0.000	2.500	117.350	66.150	179.550	306.180	551.880	117.350		
117.360	0.000	2.500	0.000	2.500	117.360	56.700	173.880	334.530	565.110	117.360		
117.370	2.500	2.500	0.000	5.000	117.370	49.140	164.430	359.100	572.670	117.370		
117.380	0.000	2.500	0.000	2.500	117.380	41.580	156.870	389.340	587.790	117.380		
117.390	2.500	0.000	0.000	2.500	117.390	34.020	143.640	415.800	593.460	117.390		
117.400	2.500	2.500	0.000	5.000	117.400	26.460	132.300	446.040	604.800	117.400		
117.410	5.000	2.500	0.000	7.500	117.410	20.790	119.070	472.500	612.360	117.410		
117.420	1.670	1.670	0.000	3.340	117.420	13.800	105.800	501.400	621.000	117.420		
117.430	1.670	1.670	0.000	3.340	117.430	6.900	94.300	522.100	623.300	117.430		
117.440	3.340	1.670	0.000	5.010	117.440	2.300	80.500	542.800	625.600	117.440		
117.450	1.670	1.670	0.000	3.340	117.450	0.000	69.000	556.600	625.600	117.450		
117.460	1.670	1.670	0.000	3.340	117.460	0.000	59.800	568.100	627.900	117.460		
117.470	1.670	1.670	0.000	3.340	117.470	0.000	48.300	575.000	623.300	117.470		
117.480	0.000	0.000	26.720	26.720	117.480	0.000	41.400	575.000	616.400	117.480		
117.490	0.000	0.000	91.850	91.850	117.490	0.000	32.200	565.800	598.000	117.490		
117.500	0.000	0.000	161.990	161.990	117.500	0.000	23.000	542.800	565.800	117.500		
117.510	0.000	0.000	217.100	217.100	117.510	0.000	13.800	512.900	526.700	117.510		
117.520	0.000	1.670	268.870	270.540	117.520	0.000	6.900	471.500	478.400	117.520		
117.530	1.670	3.340	328.990	334.000	117.530	0.000	4.600	416.300	420.900	117.530		
117.540	3.340	6.680	377.420	387.440	117.540	0.000	0.000	349.600	349.600	117.540		
117.550	6.680	11.690	404.140	422.510	117.550	0.000	0.000	276.000	276.000	117.550		
117.560	11.690	16.700	417.500	445.890	117.560	0.000	0.000	195.500	195.500	117.560		
117.570	14.840	23.320	426.120	464.280	117.570	0.000	0.000	127.500	127.500	117.570		
117.580	19.080	31.800	447.320	498.200	117.580	0.000	0.000	79.560	79.560	117.580		
117.590	23.320	44.520	470.640	538.480	117.590	0.000	0.000	52.020	52.020	117.590		
117.600	31.800	59.360	496.080	587.240	117.600	0.000	2.040	34.680	36.720	117.600		
117.610	38.160	72.080	510.920	621.160	117.610	2.040	2.040	19.890	23.970	117.610		
117.620	48.760	78.440	519.400	646.600	117.620	4.590	2.040	12.240	18.870	117.620		
117.630	59.360	84.800	523.640	667.800	117.630	2.040	0.000	9.690	11.730	117.630		
117.640	63.600	86.920	530.000	680.520	117.640	2.040	0.000	4.590	6.630	117.640		
117.650	72.080	91.160	525.760	689.000	117.650	4.590	2.040	4.590	11.220	117.650		
117.660	76.320	93.280	517.280	686.880	117.660	2.040	0.000	4.590	6.630	117.660		
117.670	80.560	95.400	504.560	680.520	117.670	2.040	2.040	4.590	8.670	117.670		
117.680	86.920	99.640	489.720	676.280	117.680	0.000	0.000	4.590	4.590	117.680		
117.690	91.160	101.760	470.640	663.560	117.690	2.040	0.000	2.040	4.080	117.690		
117.700	95.400	101.760	453.680	650.840	117.700	2.040	0.000	2.040	4.080	117.700		
117.710	95.400	103.880	434.600	633.880	117.710	0.000	2.040	2.040	4.080	117.710		
117.720	101.060	101.060	407.500	609.620	117.720	0.000	2.500	2.500	5.000	117.720		
117.730	109.210	101.060	381.420	591.690	117.730	0.000	0.000	0.000	0.000	117.730		
117.740	112.470	101.060	358.600	572.130	117.740	2.500	0.000	0.000	2.500	117.740		
117.750	118.990	101.060	337.410	557.460	117.750	0.000	0.000	0.000	0.000	117.750		
117.760	123.880	99.430	316.220	539.530	117.760	2.500	0.000	0.000	2.500	117.760		
117.770	132.030	99.430	296.660	528.120	117.770	2.500	0.000	0.000	2.500	117.770		
117.780	136.920	99.430	278.730	515.080	117.780	2.500	0.000	0.000	2.500	117.780		
117.790	141.810	99.430	264.060	505.300	117.790	0.000	0.000	0.000	0.000	117.790		
117.800	146.700	101.060	251.020	498.780	117.800	0.000	0.000	0.000	0.000	117.800		
117.810	149.960	101.060	236.350	487.370	117.810	0.000	0.000	0.000	0.000	117.810		
117.820	156.480	105.950	221.680	484.110	117.820	0.000	0.000	0.000	0.000	117.820		
117.830	164.630	112.470	208.640	485.740	117.830	0.000	2.500	0.000	2.500	117.830		
117.840	174.410	114.100	193.970	482.480	117.840	0.000	0.000	0.000	0.000	117.840		
117.850	180.930	118.990	179.300	479.220	117.850	0.000	0.000	0.000	0.000	117.850		
117.860	193.970	122.250	166.260	482.480	117.860	0.000	0.000	0.000	0.000	117.860		
117.870	206.010	126.630	151.200	483.840	117.870	0.000	0.000	0.000	0.000	117.870		
117.880	219.240	128.520	136.080	483.840	117.880	0.000	0.000	0.000	0.000	117.880		
117.890	234.360	132.300	124.740	491.400	117.890	0.000	0.000	0.000	0.000	117.890		
117.900	245.700	134.190	111.510	491.400	117.900	0.000	0.000	0.000	0.000	117.900		
117.910	260.820	136.080	98.280	495.180	117.910	0.000	0.000	0.000	0.000	117.910		
117.920	275.940	136.080	83.160	495.180	117.920	0.000	0.000	0.000	0.000	117.920		
117.930	294.840	134.190	69.930	498.960	117.930	0.000	0.000	0.000	0.000	117.930		
117.940	309.960	132.300	58.590	500.850	117.940	0.000	2.500	0.000	2.500	117.940		
117.950	328.860	126.630	49.140	504.630	117.950	0.000	0.000	0.000	0.000	117.950		
117.960	349.650	120.960	41.580	512.190	117.960	0.000	0.000	0.000	0.000	117.960		
117.970	374.220	117.180	35.910	527.310	117.970	0.000	0.000	0.000	0.000	117.970		
117.980	398.790	109.620	28.350	536.760	117.980	0.000	2.500	0.000	2.500	117.980		
117.990	421.470	102.060	24.570	548.100	117.990	0.000	2.500	0.000	2.500	117.990		
118.000	446.040	94.500	17.010	557.550	118.000	0.000	2.500	0.000	2.500	118.000		
118.010	472.500	83.160	11.340	567.000	118.010	0.000	2.500	0.000	2.500	118.010		
118.020	497.280	73.260	8.880	579.420	118.020	0.000	2.030	0.000	2.030	118.020		
118.030	517.260	62.160	6.660	586.080	118.030	0.000	0.000	0.000	0.000	118.030		
118.040	530.580	53.280	4.440	588.300	118.040	8.120	0.000	0.000	8.120	118.040		
118.050	543.900	44.400	2.220	590.520	118.050	56.840	2.030	0.000	58.870	118.050		
118.060	548.340	35.520	0.000	583.860	118.060	133.980	2.030	0.000	136.010	118.060		
118.070	555.000	28.860	0.000	583.860	118.070	194.880	0.000	0.000	194.880	118.070		
118.080	548.340	24.420	0.000	572.760	118.080	227.360	2.030	0.000	229.390	118.080		
118.090	539.460	19.980	0.000	559.440	118.090	263.900	2.030	0.000	265.930	118.090		
118.100	519.480	13.320	0.000	532.800	118.100	318.710	2.030	0.000	320.740	118.100		
118.110	490.620	8.880	0.000	499.500	118.110	369.460	6.090	0.000	375.550	118.110		
118.120	457.320	6.660	0.000	463.980	118.120	412.090	14.210	2.030	428.330	118.120		
118.130	408.480	4.440	0.000	412.920	118.130	444.570	26.390	2.030	472.990	118.130		
118.140	348.540	2.220	0.000	350.760	118.140	472.990	44.660	6.090	523.740	118.140		
118.150	286.380	0.000	0.000	286.380	118.150	493.290	66.990	14.210	574.490	118.150		
118.160	215.340	0.000	0.000	215.340	118.160	507.500	81.200	22.330	611.030	118.160		
118.170	145.000	0.000	0.000	145.000	118.170	515.280	97.180	31.640	644.100	118.170		
118.180	92.220	0.000	0.000	92.220	118.180	531.100	106.220	42.940	680.260	118.180		
118.190	59.740	0.000	0.000	59.740	118.190	544.660	113.000	51.980	709.640	118.190		
118.200	37.120	2.320	0.000	39.440	118.200	553.700	115.260	56.500	725.460	118.200		
118.210	19.720	2.320	0.000	22.040	118.210	560.480	122.040	63.280	745.800	118.210		
118.220	9.860	4.640	6.960	21.460	118.220	565.000	119.780	67.800	752.580	118.220		
118.230	6.960	2.320	4.640	13.920	118.230	560.480	119.780	72.320	752.580	118.230		
118.240	4.640	2.320	4.640	11.600	118.240	553.700	113.000	72.320	739.020	118.240		
118.250	4.640	2.320	4.640	11.600	118.250	544.660	108.480	74.580	727.720	118.250		
118.260	2.320	4.640	2.320	9.280	118.260	531.100	108.480	74.580	714.160	118.260		
118.270	2.320	2.320	2.320	6.960	118.270	510.760	101.700	76.840	689.300	118.270		
118.280	2.320	2.320	2.320	6.960	118.280	488.160	99.440	76.840	664.440	118.280		
118.290	2.320	2.320	2.320	6.960	118.290	463.300	94.920	79.100	637.320	118.290		
118.300	0.000	2.320	2.320	4.640	118.300	436.180	90.400	83.620	610.200	118.300		
118.310	2.320	2.320	2.320	6.960	118.310	406.800	90.400	90.400	587.600	118.310		
118.320	0.000	2.500	5.000	7.500	118.320	377.500	89.090	99.660	566.250	118.320		
118.330	0.000	2.500	2.500	5.000	118.330	347.300	92.110	104.190	543.600	118.330		
118.340	0.000	2.500	2.500	5.000	118.340	324.650	93.620	111.740	530.010	118.340		
118.350	0.000	2.500	2.500	5.000	118.350	302.000	96.640	119.290	517.930	118.350		
118.360	0.000	2.500	2.500	5.000	118.360	279.350	101.170	126.840	507.360	118.360		
118.370	0.000	2.500	2.500	5.000	118.370	259.720	107.210	134.390	501.320	118.370		
118.380	0.000	2.500	2.500	5.000	118.380	244.620	111.740	141.940	498.300	118.380		
118.390	0.000	2.500	2.500	5.000	118.390	229.520	119.290	146.470	495.280	118.390		
118.400	0.000	2.500	2.500	5.000	118.400	217.440	123.820	157.040	498.300	118.400		
118.410	0.000	2.500	2.500	5.000	118.410	206.870	129.860	169.120	505.850	118.410		
118.420	0.000	0.000	0.000	0.000	118.420	196.300	134.390	176.670	507.360	118.420		
118.430	0.000	2.500	0.000	2.500	118.430	187.240	137.410	188.750	513.400	118.430		
118.440	0.000	2.500	0.000	2.500	118.440	176.670	144.960	202.340	523.970	118.440		
118.450	0.000	2.500	2.500	5.000	118.450	166.100	146.470	209.890	522.460	118.450		
118.460	0.000	2.500	0.000	2.500	118.460	161.570	146.470	218.950	526.990	118.460		
118.470	0.000	2.500	0.000	2.500	118.470	151.690	149.720	236.400	537.810	118.470		
118.480	0.000	2.500	0.000	2.500	118.480	143.810	149.720	252.160	545.690	118.480		
118.490	0.000	2.500	0.000	2.500	118.490	139.870	151.690	263.980	555.540	118.490		
118.500	0.000	2.500	0.000	2.500	118.500	131.990	153.660	281.710	567.360	118.500		
118.510	0.000	2.500	0.000	2.500	118.510	124.110	155.630	299.440	579.180	118.510		
118.520	0.000	2.500	0.000	2.500	118.520	114.260	161.540	313.230	589.030	118.520		
118.530	0.000	2.500	0.000	2.500	118.530	104.410	161.540	330.960	596.910	118.530		
118.540	0.000	2.500	0.000	2.500	118.540	94.560	163.510	348.690	606.760	118.540		
118.550	0.000	2.500	0.000	2.500	118.550	80.770	163.510	364.450	608.730	118.550		
118.560	2.500	2.500	0.000	5.000	118.560	68.950	161.540	384.150	614.640	118.560		
118.570	0.000	2.500	0.000	2.500	118.570	59.100	155.630	403.850	618.580	118.570		
118.580	0.000	2.500	0.000	2.500	118.580	49.250	151.690	427.490	628.430	118.580		
118.590	0.000	2.500	0.000	2.500	118.590	39.400	139.870	447.190	626.460	118.590		
118.600	2.500	2.500	0.000	5.000	118.600	31.520	126.080	470.830	628.430	118.600		
118.610	2.500	2.500	0.000	5.000	118.610	23.640	108.350	492.500	624.490	118.610		
118.620	1.540	1.540	0.000	3.080	118.620	12.960	97.200	511.920	622.080	118.620		
118.630	0.000	1.540	12.320	13.860	118.630	6.480	82.080	529.200	617.760	118.630		
118.640	0.000	4.620	52.360	56.980	118.640	4.320	69.120	533.520	606.960	118.640		
118.650	0.000	1.540	104.720	106.260	118.650	0.000	56.160	540.000	596.160	118.650		
118.660	0.000	1.540	146.300	147.840	118.660	0.000	43.200	531.360	574.560	118.660		
118.670	0.000	1.540	174.020	175.560	118.670	0.000	36.720	518.400	555.120	118.670		
118.680	0.000	1.540	210.980	212.520	118.680	0.000	28.080	496.800	524.880	118.680		
118.690	0.000	4.620	258.720	263.340	118.690	0.000	17.280	462.240	479.520	118.690		
118.700	4.620	9.240	301.840	315.700	118.700	0.000	8.640	416.880	425.520	118.700		
118.710	6.160	13.860	326.480	346.500	118.710	0.000	2.160	362.880	365.040	118.710		
118.720	12.320	18.480	341.880	372.680	118.720	0.000	0.000	302.400	302.400	118.720		
118.730	13.860	29.260	354.200	397.320	118.730	0.000	0.000	235.440	235.440	118.730		
118.740	18.480	38.500	361.900	418.880	118.740	0.000	0.000	174.960	174.960	118.740		
118.750	26.180	53.900	371.140	451.220	118.750	0.000	0.000	118.800	118.800	118.750		
118.760	36.960	64.680	385.000	486.640	118.760	0.000	0.000	75.600	75.600	118.760		
118.770	49.140	74.620	402.220	525.980	118.770	0.000	0.000	47.500	47.500	118.770		
118.780	61.880	83.720	418.600	564.200	118.780	0.000	0.000	32.490	32.490	118.780		
118.790	74.620	89.180	436.800	600.600	118.790	9.880	0.000	17.480	27.360	118.790		
118.800	83.720	91.000	444.080	618.800	118.800	7.410	0.000	14.820	22.230	118.800		
118.810	94.640	96.460	455.000	646.100	118.810	4.940	0.000	9.880	14.820	118.810		
118.820	101.920	98.280	455.000	655.200	118.820	7.410	0.000	7.410	14.820	118.820		
118.830	111.020	103.740	444.080	658.840	118.830	4.940	0.000	7.410	12.350	118.830		
118.840	118.300	109.200	434.980	662.480	118.840	4.940	0.000	7.410	12.350	118.840		
118.850	127.400	114.660	418.600	660.660	118.850	4.940	0.000	7.410	12.350	118.850		
118.860	136.500	116.480	398.580	651.560	118.860	4.940	0.000	4.940	9.880	118.860		
118.870	141.960	118.300	376.740	637.000	118.870	4.940	0.000	4.940	9.880	118.870		
118.880	147.420	121.940	354.900	624.260	118.880	4.940	0.000	4.940	9.880	118.880		
118.890	151.060	123.760	331.240	606.060	118.890	2.470	0.000	2.470	4.940	118.890		
118.900	156.520	123.760	314.860	595.140	118.900	4.940	0.000	4.940	9.880	118.900		
118.910	161.980	123.760	294.840	580.580	118.910	4.940	0.000	2.470	7.410	118.910		
118.920	167.200	124.300	275.000	566.500	118.920	5.000	0.000	2.500	7.500	118.920		
118.930	169.400	122.100	259.600	551.100	118.930	5.000	0.000	2.500	7.500	118.930		
118.940	174.900	122.100	247.500	544.500	118.940	5.000	0.000	0.000	5.000	118.940		
118.950	177.100	122.100	234.300	533.500	118.950	5.000	0.000	0.000	5.000	118.950		
118.960	177.100	119.900	226.600	523.600	118.960	5.000	0.000	0.000	5.000	118.960		
118.970	177.100	119.900	222.200	519.200	118.970	5.000	0.000	0.000	5.000	118.970		
118.980	179.300	119.900	216.700	515.900	118.980	5.000	0.000	0.000	5.000	118.980		
118.990	181.500	116.600	209.000	507.100	118.990	5.000	0.000	2.500	7.500	118.990		
119.000	181.500	116.600	204.600	502.700	119.000	5.000	0.000	0.000	5.000	119.000		
119.010	187.000	116.600	202.400	506.000	119.010	5.000	0.000	0.000	5.000	119.010		
119.020	189.200	116.600	196.900	502.700	119.020	5.000	0.000	0.000	5.000	119.020		
119.030	192.500	119.900	194.700	507.100	119.030	2.500	0.000	2.500	5.000	119.030		
119.040	194.700	119.900	189.200	503.800	119.040	2.500	0.000	0.000	2.500	119.040		
119.050	199.100	122.100	184.800	506.000	119.050	2.500	0.000	0.000	2.500	119.050		
119.060	202.400	124.300	179.300	506.000	119.060	2.500	0.000	2.500	5.000	119.060		
119.070	207.000	127.500	169.500	504.000	119.070	2.430	0.000	0.000	2.430	119.070		
119.080	214.500	129.000	159.000	502.500	119.080	2.430	0.000	0.000	2.430	119.080		
119.090	217.500	135.000	151.500	504.000	119.090	2.430	0.000	0.000	2.430	119.090		
119.100	225.000	136.500	139.500	501.000	119.100	2.430	0.000	0.000	2.430	119.100		
119.110	234.000	139.500	129.000	502.500	119.110	2.430	0.000	0.000	2.430	119.110		
119.120	241.500	142.500	121.500	505.500	119.120	2.430	0.000	0.000	2.430	119.120		
119.130	255.000	144.000	114.000	513.000	119.130	2.430	0.000	0.000	2.430	119.130		
119.140	267.000	150.000	112.500	529.500	119.140	0.000	0.000	0.000	0.000	119.140		
119.150	279.000	154.500	105.000	538.500	119.150	2.430	0.000	0.000	2.430	119.150		
119.160	294.000	157.500	97.500	549.000	119.160	2.430	0.000	0.000	2.430	119.160		
119.170	309.000	159.000	90.000	558.000	119.170	0.000	0.000	0.000	0.000	119.170		
119.180	324.000	157.500	76.500	558.000	119.180	2.430	0.000	2.430	4.860	119.180		
119.190	339.000	154.500	67.500	561.000	119.190	2.430	0.000	2.430	4.860	119.190		
119.200	357.000	147.000	54.000	558.000	119.200	2.430	0.000	0.000	2.430	119.200		
119.210	375.000	136.500	45.000	556.500	119.210	22.500	0.000	0.000	22.500	119.210		
119.220	394.240	119.680	33.440	547.360	119.220	92.220	0.000	0.000	92.220	119.220		
119.230	411.840	103.840	29.920	545.600	119.230	159.000	0.000	0.000	159.000	119.230		
119.240	425.920	91.520	19.360	536.800	119.240	192.390	0.000	0.000	192.390	119.240		
119.250	434.720	77.440	14.080	526.240	119.250	216.240	0.000	0.000	216.240	119.250		
119.260	440.000	61.600	7.040	508.640	119.260	254.400	0.000	0.000	254.400	119.260		
119.270	436.480	49.280	3.520	489.280	119.270	302.100	4.770	0.000	306.870	119.270		
119.280	425.920	38.720	0.000	464.640	119.280	349.800	11.130	0.000	360.930	119.280		
119.290	411.840	29.920	0.000	441.760	119.290	376.830	27.030	4.770	408.630	119.290		
119.300	388.960	21.120	0.000	410.080	119.300	389.550	54.060	11.130	454.740	119.300		
119.310	357.280	14.080	0.000	371.360	119.310	394.320	71.550	23.850	489.720	119.310		
119.320	318.560	7.040	0.000	325.600	119.320	386.370	84.270	34.980	505.620	119.320		
119.330	276.320	1.760	0.000	278.080	119.330	378.420	93.810	44.520	516.750	119.330		
119.340	221.760	0.000	0.000	221.760	119.340	381.600	104.940	62.010	548.550	119.340		
119.350	167.200	0.000	0.000	167.200	119.350	391.140	114.480	79.500	585.120	119.350		
119.360	121.440	0.000	0.000	121.440	119.360	397.500	122.430	101.760	621.690	119.360		
119.370	77.500	0.000	0.000	77.500	119.370	404.250	128.700	117.150	650.100	119.370		
119.380	47.430	0.000	0.000	47.430	119.380	409.200	132.000	132.000	673.200	119.380		
119.390	24.800	0.000	2.480	27.280	119.390	412.500	133.650	141.900	688.050	119.390		
119.400	12.400	0.000	4.960	17.360	119.400	409.200	132.000	148.500	689.700	119.400		
119.410	4.960	0.000	4.960	9.920	119.410	404.250	128.700	151.800	684.750	119.410		
119.420	0.000	0.000	4.960	4.960	119.420	399.300	127.050	153.450	679.800	119.420		
119.430	0.000	0.000	4.960	4.960	119.430	396.000	118.800	153.450	668.250	119.430		
119.440	0.000	0.000	4.960	4.960	119.440	394.350	113.850	151.800	660.000	119.440		
119.450	0.000	0.000	4.960	4.960	119.450	389.400	108.900	148.500	646.800	119.450		
119.460	0.000	0.000	4.960	4.960	119.460	386.100	102.300	146.850	635.250	119.460		
119.470	0.000	0.000	2.480	2.480	119.470	381.150	97.350	141.900	620.400	119.470		
119.480	0.000	0.000	4.960	4.960	119.480	374.550	92.400	143.550	610.500	119.480		
119.490	0.000	0.000	2.480	2.480	119.490	366.300	89.100	143.550	598.950	119.490		
119.500	0.000	0.000	2.480	2.480	119.500	361.350	87.450	141.900	590.700	119.500		
119.510	0.000	0.000	2.480	2.480	119.510	359.700	82.500	141.900	584.100	119.510		
119.520	0.000	0.000	2.500	2.500	119.520	356.390	81.640	139.730	577.760	119.520		
119.530	0.000	0.000	2.500	2.500	119.530	359.530	78.500	139.730	577.760	119.530		
119.540	0.000	0.000	2.500	2.500	119.540	361.100	78.500	136.590	576.190	119.540		
119.550	0.000	0.000	2.500	2.500	119.550	367.380	78.500	133.450	579.330	119.550		
119.560	0.000	0.000	2.500	2.500	119.560	372.090	78.500	128.740	579.330	119.560		
119.570	0.000	0.000	2.500	2.500	119.570	379.940	78.500	127.170	585.610	119.570		
119.580	0.000	0.000	2.500	2.500	119.580	384.650	78.500	127.170	590.320	119.580		
119.590	0.000	0.000	2.500	2.500	119.590	389.360	78.500	124.030	591.890	119.590		
119.600	0.000	0.000	2.500	2.500	119.600	389.360	78.500	122.460	590.320	119.600		
119.610	0.000	0.000	2.500	2.500	119.610	392.500	81.640	122.460	596.600	119.610		
119.620	0.000	0.000	2.500	2.500	119.620	389.360	81.640	122.460	593.460	119.620		
119.630	0.000	0.000	2.500	2.500	119.630	389.360	84.780	122.460	596.600	119.630		
119.640	0.000	0.000	2.500	2.500	119.640	386.220	86.350	127.170	599.740	119.640		
119.650	0.000	0.000	0.000	0.000	119.650	386.220	89.490	127.170	602.880	119.650		
119.660	0.000	0.000	0.000	0.000	119.660	386.220	91.060	128.740	606.020	119.660		
119.670	0.000	0.000	0.000	0.000	119.670	384.400	94.550	128.650	607.600	119.670		
119.680	0.000	0.000	0.000	0.000	119.680	384.400	96.100	136.400	616.900	119.680		
119.690	0.000	0.000	0.000	0.000	119.690	384.400	99.200	139.500	623.100	119.690		
119.700	0.000	0.000	0.000	0.000	119.700	384.400	99.200	141.050	624.650	119.700		
119.710	0.000	0.000	0.000	0.000	119.710	387.500	102.300	147.250	637.050	119.710		
119.720	0.000	0.000	0.000	0.000	119.720	384.400	102.300	148.800	635.500	119.720		
119.730	0.000	0.000	0.000	0.000	119.730	381.300	106.950	155.000	643.250	119.730		
119.740	0.000	0.000	0.000	0.000	119.740	379.750	108.500	159.650	647.900	119.740		
119.750	0.000	0.000	0.000	0.000	119.750	372.000	111.600	161.200	644.800	119.750		
119.760	0.000	0.000	0.000	0.000	119.760	361.150	114.700	168.950	644.800	119.760		
119.770	0.000	0.000	0.000	0.000	119.770	354.950	114.700	173.600	643.250	119.770		
119.780	0.000	0.000	0.000	0.000	119.780	341.000	116.250	179.800	637.050	119.780		
119.790	0.000	0.000	0.000	0.000	119.790	328.600	119.350	184.450	632.400	119.790		
119.800	0.000	0.000	0.000	0.000	119.800	314.650	122.450	192.200	629.300	119.800		
119.810	0.000	0.000	0.000	0.000	119.810	296.050	124.000	199.950	620.000	119.810		
119.820	0.000	0.000	0.000	0.000	119.820	275.000	126.500	206.800	608.300	119.820		
119.830	0.000	0.000	4.640	4.640	119.830	251.900	126.500	214.500	592.900	119.830		
119.840	0.000	0.000	11.600	11.600	119.840	229.900	126.500	222.200	578.600	119.840		
119.850	0.000	0.000	19.720	19.720	119.850	204.600	124.300	229.900	558.800	119.850		
119.860	0.000	0.000	34.800	34.800	119.860	181.500	124.300	236.500	542.300	119.860		
119.870	0.000	0.000	56.840	56.840	119.870	157.300	119.900	244.200	521.400	119.870		
119.880	0.000	0.000	74.240	74.240	119.880	129.800	116.600	251.900	498.300	119.880		
119.890	0.000	0.000	97.440	97.440	119.890	104.500	112.200	259.600	476.300	119.890		
119.900	0.000	2.320	124.120	126.440	119.900	82.500	106.700	261.800	451.000	119.900		
119.910	2.320	2.320	156.600	161.240	119.910	59.400	104.500	267.300	431.200	119.910		
119.920	2.320	4.640	189.080	196.040	119.920	44.000	94.600	267.300	405.900	119.920		
119.930	4.640	11.600	216.920	233.160	119.930	34.100	86.900	261.800	382.800	119.930		
119.940	4.640	17.400	242.440	264.480	119.940	27.500	77.000	249.700	354.200	119.940		
119.950	6.960	24.360	264.480	295.800	119.950	16.500	64.900	242.000	323.400	119.950		
119.960	9.280	34.800	290.000	334.080	119.960	9.900	55.000	229.900	294.800	119.960		
119.970	5.730	45.840	317.060	368.630	119.970	1.680	44.520	210.000	256.200	119.970		
119.980	11.460	59.210	341.890	412.560	119.980	0.000	34.440	187.320	221.760	119.980		
119.990	11.460	66.850	357.170	435.480	119.990	0.000	26.880	164.640	191.520	119.990		
120.000	13.370	76.400	368.630	458.400	120.000	0.000	21.840	139.440	161.280	120.000		
120.010	17.190	82.130	382.000	481.320	120.010	0.000	16.800	116.760	133.560	120.010		
120.020	17.190	89.770	393.460	500.420	120.020	0.000	11.760	92.400	104.160	120.020		
120.030	19.100	93.590	406.830	519.520	120.030	0.000	9.240	67.200	76.440	120.030		
120.040	21.010	97.410	416.380	534.800	120.040	0.000	6.720	49.560	56.280	120.040		
120.050	24.830	101.230	429.750	555.810	120.050	1.680	4.200	31.920	37.800	120.050		
120.060	21.010	103.140	441.210	565.360	120.060	1.680	4.200	19.320	25.200	120.060		
120.070	24.830	106.960	450.760	582.550	120.070	4.200	1.680	9.240	15.120	120.070		
120.080	24.830	106.960	458.400	590.190	120.080	1.680	4.200	4.200	10.080	120.080		
120.090	24.830	108.870	469.860	603.560	120.090	4.200	4.200	4.200	12.600	120.090		
120.100	24.830	108.870	473.680	607.380	120.100	1.680	4.200	4.200	10.080	120.100		
120.110	24.830	110.780	477.500	613.110	120.110	1.680	4.200	1.680	7.560	120.110		
120.120	21.120	111.360	480.000	612.480	120.120	5.000	5.000	5.000	15.000	120.120		
120.130	21.120	109.440	480.000	610.560	120.130	2.500	5.000	2.500	10.000	120.130		
120.140	21.120	105.600	476.160	602.880	120.140	2.500	5.000	5.000	12.500	120.140		
120.150	21.120	103.680	474.240	599.040	120.150	2.500	5.000	5.000	12.500	120.150		
120.160	21.120	103.680	472.320	597.120	120.160	2.500	5.000	5.000	12.500	120.160		
120.170	19.200	101.760	466.560	587.520	120.170	2.500	5.000	5.000	12.500	120.170		
120.180	19.200	99.840	460.800	579.840	120.180	2.500	5.000	5.000	12.500	120.180		
120.190	21.120	99.840	458.880	579.840	120.190	0.000	5.000	2.500	7.500	120.190		
120.200	21.120	99.840	453.120	574.080	120.200	2.500	5.000	5.000	12.500	120.200		
120.210	19.200	96.000	451.200	566.400	120.210	0.000	5.000	2.500	7.500	120.210		
120.220	19.200	99.840	449.280	568.320	120.220	0.000	5.000	5.000	10.000	120.220		
120.230	19.200	99.840	449.280	568.320	120.230	0.000	5.000	2.500	7.500	120.230		
120.240	19.200	96.000	449.280	564.480	120.240	0.000	5.000	2.500	7.500	120.240		
120.250	17.280	96.000	449.280	562.560	120.250	0.000	5.000	2.500	7.500	120.250		
120.260	17.280	96.000	451.200	564.480	120.260	0.000	5.000	0.000	5.000	120.260		
120.270	18.500	96.200	453.250	567.950	120.270	0.000	2.380	0.000	2.380	120.270		
120.280	18.500	96.200	456.950	571.650	120.280	0.000	2.380	0.000	2.380	120.280		
120.290	16.650	96.200	456.950	569.800	120.290	0.000	2.380	0.000	2.380	120.290		
120.300	18.500	96.200	456.950	571.650	120.300	0.000	2.380	0.000	2.380	120.300		
120.310	18.500	96.200	456.950	571.650	120.310	0.000	2.380	0.000	2.380	120.310		
120.320	18.500	96.200	458.800	573.500	120.320	0.000	0.000	0.000	0.000	120.320		
120.330	18.500	99.900	458.800	577.200	120.330	0.000	0.000	0.000	0.000	120.330		
120.340	18.500	99.900	458.800	577.200	120.340	0.000	0.000	0.000	0.000	120.340		
120.350	18.500	99.900	462.500	580.900	120.350	12.410	2.380	0.000	14.790	120.350		
120.360	18.500	101.750	462.500	582.750	120.360	24.990	2.380	0.000	27.370	120.360		
120.370	18.500	101.750	458.800	579.050	120.370	29.920	2.380	0.000	32.300	120.370		
120.380	18.500	103.600	458.800	580.900	120.380	34.850	7.480	0.000	42.330	120.380		
120.390	18.500	101.750	456.950	577.200	120.390	42.500	9.860	7.480	59.840	120.390		
120.400	18.500	101.750	451.400	571.650	120.400	39.950	7.480	4.930	52.360	120.400		
120.410	18.500	99.900	449.550	567.950	120.410	37.400	7.480	7.480	52.360	120.410		
120.420	19.470	97.350	442.500	559.320	120.420	39.950	7.050	9.870	56.870	120.420		
120.430	19.470	97.350	437.190	554.010	120.430	44.650	7.050	12.220	63.920	120.430		
120.440	15.930	92.040	428.340	536.310	120.440	44.650	9.870	14.570	69.090	120.440		
120.450	15.930	92.040	421.260	529.230	120.450	47.470	12.220	19.740	79.430	120.450		
120.460	15.930	88.500	412.410	516.840	120.460	49.820	14.570	24.910	89.300	120.460		
120.470	19.470	92.040	401.790	513.300	120.470	52.170	14.570	27.260	94.000	120.470		
120.480	19.470	88.500	389.400	497.370	120.480	57.340	14.570	32.430	104.340	120.480		
120.490	19.470	92.040	377.010	488.520	120.490	59.690	14.570	34.780	109.040	120.490		
120.500	21.240	92.040	364.620	477.900	120.500	62.040	17.390	42.300	121.730	120.500		
120.510	21.240	92.040	354.000	467.280	120.510	67.210	17.390	44.650	129.250	120.510		
120.520	24.780	93.810	339.840	458.430	120.520	74.730	19.740	47.470	141.940	120.520		
120.530	26.550	93.810	327.450	447.810	120.530	84.600	22.090	52.170	158.860	120.530		
120.540	26.550	93.810	313.290	433.650	120.540	92.120	22.090	52.170	166.380	120.540		
120.550	26.550	93.810	300.900	421.260	120.550	102.460	24.910	54.990	182.360	120.550		
120.560	26.550	93.810	288.510	408.870	120.560	117.500	24.910	57.340	199.750	120.560		
120.570	27.250	91.560	272.500	391.310	120.570	130.000	27.300	59.800	217.100	120.570		
120.580	27.250	87.200	257.240	371.690	120.580	144.300	27.300	62.400	234.000	120.580		
120.590	29.430	87.200	244.160	360.790	120.590	157.300	29.900	62.400	249.600	120.590		
120.600	29.430	83.930	229.990	343.350	120.600	169.000	32.500	65.000	266.500	120.600		
120.610	31.610	83.930	214.730	330.270	120.610	179.400	33.800	68.900	282.100	120.610		
120.620	31.610	81.750	197.290	310.650	120.620	195.000	39.000	74.100	308.100	120.620		
120.630	37.060	81.750	179.850	298.660	120.630	206.700	41.600	76.700	325.000	120.630		
120.640	39.240	79.570	162.410	281.220	120.640	219.700	41.600	81.900	343.200	120.640		
120.650	41.420	77.390	144.970	263.780	120.650	234.000	44.200	84.500	362.700	120.650		
120.660	44.690	77.390	126.440	248.520	120.660	247.000	49.400	89.700	386.100	120.660		
120.670	46.870	74.120	109.000	229.990	120.670	261.300	52.000	94.900	408.200	120.670		
120.680	46.870	66.490	91.560	204.920	120.680	279.500	54.600	98.800	432.900	120.680		
120.690	46.870	66.490	77.390	190.750	120.690	296.400	57.200	104.000	457.600	120.690		
120.700	46.870	64.310	62.130	173.310	120.700	312.000	62.400	109.200	483.600	120.700		
120.710	46.870	56.680	52.320	155.870	120.710	325.000	65.000	111.800	501.800	120.710		
120.720	47.400	50.000	42.400	139.800	120.720	339.480	67.240	116.440	523.160	120.720		
120.730	42.400	42.400	35.000	119.800	120.730	350.960	72.160	124.640	547.760	120.730		
120.740	37.400	40.000	30.000	107.400	120.740	362.440	73.800	126.280	562.520	120.740		
120.750	32.400	32.400	22.400	87.200	120.750	372.280	77.080	129.560	578.920	120.750		
120.760	30.000	27.400	20.000	77.400	120.760	382.120	78.720	136.120	596.960	120.760		
120.770	22.400	22.400	15.000	59.800	120.770	388.680	78.720	141.040	608.440	120.770		
120.780	17.400	20.000	12.400	49.800	120.780	396.880	82.000	144.320	623.200	120.780		
120.790	12.400	15.000	12.400	39.800	120.790	401.800	82.000	149.240	633.040	120.790		
120.800	7.400	12.400	12.400	32.200	120.800	403.440	82.000	157.440	642.880	120.800		
120.810	5.000	10.000	12.400	27.400	120.810	406.720	83.640	162.360	652.720	120.810		
120.820	2.400	7.400	10.000	19.800	120.820	410.000	86.920	168.920	665.840	120.820		
120.830	0.000	5.000	7.400	12.400	120.830	406.720	83.640	173.840	664.200	120.830		
120.840	0.000	5.000	7.400	12.400	120.840	403.440	83.640	177.120	664.200	120.840		
120.850	0.000	5.000	7.400	12.400	120.850	398.520	86.920	182.040	667.480	120.850		
120.860	0.000	2.400	7.400	9.800	120.860	391.960	83.640	183.680	659.280	120.860		
120.870	0.000	4.960	7.360	12.320	120.870	380.000	82.080	190.000	652.080	120.870		
120.880	0.000	2.400	7.360	9.760	120.880	372.400	82.080	191.520	646.000	120.880		
120.890	0.000	2.400	7.360	9.760	120.890	361.760	79.040	194.560	635.360	120.890		
120.900	0.000	4.960	7.360	12.320	120.900	351.120	76.000	196.080	623.200	120.900		
120.910	0.000	4.960	7.360	12.320	120.910	343.520	74.480	196.080	614.080	120.910		
120.920	0.000	4.960	9.920	14.880	120.920	334.400	74.480	199.120	608.000	120.920		
120.930	2.400	9.920	27.360	39.680	120.930	326.800	71.440	196.080	594.320	120.930		
120.940	14.880	12.480	40.000	67.360	120.940	311.600	66.880	196.080	574.560	120.940		
120.950	20.000	14.880	37.440	72.320	120.950	299.440	62.320	191.520	553.280	120.950		
120.960	24.960	14.880	32.480	72.320	120.960	288.800	59.280	190.000	538.080	120.960		
120.970	29.920	17.440	32.480	79.840	120.970	281.200	56.240	183.920	521.360	120.970		
120.980	34.880	17.440	29.920	82.240	120.980	273.600	54.720	182.400	510.720	120.980		
120.990	34.880	20.000	29.920	84.800	120.990	269.040	51.680	179.360	500.080	120.990		
121.000	32.480	22.400	32.480	87.360	121.000	266.000	51.680	174.800	492.480	121.000		
121.010	37.440	24.960	40.000	102.400	121.010	264.480	51.680	171.760	487.920	121.010		
121.020	40.000	30.000	52.500	122.500	121.020	264.290	52.430	166.920	483.640	121.020		
121.030	40.000	30.000	60.000	130.000	121.030	264.290	49.220	164.780	478.290	121.030		
121.040	42.500	32.500	67.500	142.500	121.040	264.290	52.430	159.430	476.150	121.040		
121.050	42.500	32.500	75.000	150.000	121.050	267.500	52.430	154.080	474.010	121.050		
121.060	42.500	32.500	82.500	157.500	121.060	267.500	52.430	146.590	466.520	121.060		
121.070	42.500	32.500	87.500	162.500	121.070	267.500	52.430	142.310	462.240	121.070		
121.080	42.500	32.500	92.500	167.500	121.080	267.500	52.430	136.960	456.890	121.080		
121.090	40.000	30.000	97.500	167.500	121.090	267.500	52.430	131.610	451.540	121.090		
121.100	40.000	30.000	102.500	172.500	121.100	262.150	49.220	129.470	440.840	121.100		
121.110	40.000	30.000	105.000	175.000	121.110	258.940	49.220	129.470	437.630	121.110		
121.120	40.000	30.000	110.000	180.000	121.120	251.450	49.220	129.470	430.140	121.120		
121.130	42.500	30.000	112.500	185.000	121.130	247.170	47.080	127.330	421.580	121.130		
121.140	42.500	32.500	117.500	192.500	121.140	239.680	47.080	124.120	410.880	121.140		
121.150	42.500	35.000	120.000	197.500	121.150	234.330	44.940	121.980	401.250	121.150		
121.160	42.500	35.000	125.000	202.500	121.160	228.980	44.940	121.980	395.900	121.160		
121.170	44.800	36.800	129.600	211.200	121.170	222.500	41.830	119.260	383.590	121.170		
121.180	44.800	40.000	134.400	219.200	121.180	214.490	41.830	119.260	375.580	121.180		
121.190	47.200	40.000	142.400	229.600	121.190	209.150	41.830	117.480	368.460	121.190		
121.200	47.200	42.400	149.600	239.200	121.200	202.030	39.160	114.810	356.000	121.200		
121.210	49.600	44.800	154.400	248.800	121.210	192.240	39.160	112.140	343.540	121.210		
121.220	52.000	47.200	160.000	259.200	121.220	182.450	37.380	109.470	329.300	121.220		
121.230	54.400	52.000	167.200	273.600	121.230	171.770	37.380	109.470	318.620	121.230		
121.240	56.800	56.800	172.000	285.600	121.240	161.980	37.380	106.800	306.160	121.240		
121.250	60.000	60.000	174.400	294.400	121.250	152.190	34.710	104.130	291.030	121.250		
121.260	64.800	64.800	180.000	309.600	121.260	142.400	34.710	102.350	279.460	121.260		
121.270	64.800	67.200	184.800	316.800	121.270	129.940	37.380	99.680	267.000	121.270		
121.280	69.600	72.000	189.600	331.200	121.280	117.480	37.380	97.010	251.870	121.280		
121.290	72.000	74.400	192.000	338.400	121.290	104.130	37.380	97.010	238.520	121.290		
121.300	76.800	80.000	194.400	351.200	121.300	91.670	37.380	94.340	223.390	121.300		
121.310	84.800	82.400	200.000	367.200	121.310	77.430	37.380	94.340	209.150	121.310		
121.320	92.000	87.200	200.000	379.200	121.320	64.980	37.240	92.340	194.560	121.320		
121.330	100.000	92.000	200.000	392.000	121.330	54.720	34.960	95.000	184.680	121.330		
121.340	107.200	96.800	200.000	404.000	121.340	44.840	34.960	92.340	172.140	121.340		
121.350	116.800	102.400	196.800	416.000	121.350	37.240	32.300	95.000	164.540	121.350		
121.360	122.400	107.200	194.400	424.000	121.360	32.300	29.640	92.340	154.280	121.360		
121.370	129.600	109.600	192.000	431.200	121.370	27.360	29.640	92.340	149.340	121.370		
121.380	136.800	114.400	189.600	440.800	121.380	22.420	27.360	89.680	139.460	121.380		
121.390	142.400	116.800	189.600	448.800	121.390	19.760	24.700	89.680	134.140	121.390		
121.400	147.200	120.000	184.800	452.000	121.400	19.760	24.700	89.680	134.140	121.400		
121.410	152.000	122.400	182.400	456.800	121.410	17.480	22.420	89.680	129.580	121.410		
121.420	156.800	124.800	180.000	461.600	121.420	17.480	22.420	89.680	129.580	121.420		
121.430	162.400	127.200	180.000	469.600	121.430	17.480	19.760	87.400	124.640	121.430		
121.440	167.200	129.600	174.400	471.200	121.440	17.480	19.760	84.740	121.980	121.440		
121.450	169.600	129.600	172.000	471.200	121.450	17.480	19.760	82.460	119.700	121.450		
121.460	172.000	132.000	167.200	471.200	121.460	17.480	19.760	82.460	119.700	121.460		
121.470	174.660	134.900	164.720	474.280	121.470	17.280	17.280	80.000	114.560	121.470		
121.480	177.500	134.900	161.880	474.280	121.480	22.400	22.400	80.000	124.800	121.480		
121.490	177.500	134.900	159.750	472.150	121.490	24.960	22.400	74.880	122.240	121.490		
121.500	171.820	137.030	159.750	468.600	121.500	29.760	22.400	74.880	127.040	121.500		
121.510	169.690	137.030	161.880	468.600	121.510	32.320	24.960	74.880	132.160	121.510		
121.520	166.850	137.030	161.880	465.760	121.520	32.320	24.960	74.880	132.160	121.520		
121.530	161.880	137.030	164.720	463.630	121.530	32.320	27.200	74.880	134.400	121.530		
121.540	159.750	137.030	164.720	461.500	121.540	29.760	27.200	77.440	134.400	121.540		
121.550	156.910	132.060	164.720	453.690	121.550	29.760	29.760	74.880	134.400	121.550		
121.560	151.940	129.930	164.720	446.590	121.560	27.200	32.320	77.440	136.960	121.560		
121.570	154.780	127.090	166.850	448.720	121.570	24.960	32.320	74.880	132.160	121.570		
121.580	154.780	124.960	166.850	446.590	121.580	22.400	34.880	74.880	132.160	121.580		
121.590	154.780	122.120	169.690	446.590	121.590	19.840	34.880	74.880	129.600	121.590		
121.600	154.780	119.990	171.820	446.590	121.600	17.280	34.880	74.880	127.040	121.600		
121.610	154.780	117.150	174.660	446.590	121.610	14.720	34.880	69.760	119.360	121.610		
121.620	157.500	114.300	180.000	451.800	121.620	12.420	37.260	67.500	117.180	121.620		
121.630	162.000	114.300	181.800	458.100	121.630	9.990	37.260	67.500	114.750	121.630		
121.640	167.400	112.500	181.800	461.700	121.640	7.290	34.830	64.800	106.920	121.640		
121.650	171.900	109.800	184.500	466.200	121.650	4.860	34.830	62.370	102.060	121.650		
121.660	177.300	107.100	189.900	474.300	121.660	2.430	32.400	59.940	94.770	121.660		
121.670	181.800	109.800	194.400	486.000	121.670	2.430	32.400	54.810	89.640	121.670		
121.680	187.200	109.800	197.100	494.100	121.680	0.000	32.400	49.950	82.350	121.680		
121.690	189.900	109.800	199.800	499.500	121.690	0.000	29.970	42.390	72.360	121.690		
121.700	197.100	112.500	199.800	509.400	121.700	0.000	27.270	34.830	62.100	121.700		
121.710	202.500	112.500	199.800	514.800	121.710	0.000	22.410	27.270	49.680	121.710		
121.720	207.000	112.500	202.500	522.000	121.720	0.000	19.980	17.280	37.260	121.720		
121.730	212.400	114.300	204.300	531.000	121.730	0.000	17.280	9.990	27.270	121.730		
121.740	216.900	114.300	209.700	540.900	121.740	0.000	14.850	2.430	17.280	121.740		
121.750	219.600	114.300	212.400	546.300	121.750	0.000	12.420	0.000	12.420	121.750		
121.760	225.000	117.000	214.200	556.200	121.760	0.000	7.290	0.000	7.290	121.760		
121.770	226.560	120.000	216.960	563.520	121.770	0.000	5.000	0.000	5.000	121.770		
121.780	229.440	121.920	219.840	571.200	121.780	0.000	5.000	0.000	5.000	121.780		
121.790	232.320	124.800	221.760	578.880	121.790	0.000	2.500	0.000	2.500	121.790		
121.800	234.240	121.920	224.640	580.800	121.800	0.000	2.500	0.000	2.500	121.800		
121.810	237.120	124.800	224.640	586.560	121.810	0.000	5.000	0.000	5.000	121.810	End measurement	
121.820	237.120	124.800	224.640	586.560	121.820	0.000	2.500	0.000	2.500	121.820		
121.830	237.120	126.720	224.640	588.480	121.830	0.000	2.500	0.000	2.500	121.830		
121.840	237.120	126.720	224.640	588.480	121.840	0.000	2.500	0.000	2.500	121.840		
121.850	240.000	124.800	221.760	586.560	121.850	0.000	2.500	0.000	2.500	121.850		
121.860	240.000	124.800	221.760	586.560	121.860	0.000	2.500	0.000	2.500	121.860		
121.870	237.120	124.800	224.640	586.560	121.870	0.000	2.500	0.000	2.500	121.870		
121.880	234.240	124.800	224.640	583.680	121.880	0.000	0.000	0.000	0.000	121.880		
121.890	229.440	121.920	226.560	577.920	121.890	0.000	0.000	0.000	0.000	121.890		
121.900	226.560	121.920	232.320	580.800	121.900	0.000	0.000	0.000	0.000	121.900		
121.910	221.760	121.920	237.120	580.800	121.910	0.000	0.000	0.000	0.000	121.910		
121.920	217.350	117.300	244.950	579.600	121.920	0.000	0.000	0.000	0.000	121.920		
121.930	211.600	117.300	251.850	580.750	121.930	0.000	0.000	0.000	0.000	121.930		
121.940	209.300	115.000	256.450	580.750	121.940	0.000	0.000	0.000	0.000	121.940		
121.950	204.700	111.550	262.200	578.450	121.950	0.000	0.000	0.000	0.000	121.950		
121.960	202.400	111.550	264.500	578.450	121.960	0.000	0.000	0.000	0.000	121.960		
121.970	202.400	109.250	269.100	580.750	121.970	0.000	0.000	0.000	0.000	121.970		
121.980	196.650	109.250	271.400	577.300	121.980	0.000	0.000	0.000	0.000	121.980		
121.990	194.350	106.950	277.150	578.450	121.990	0.000	0.000	0.000	0.000	121.990		
122.000	192.050	104.650	279.450	576.150	122.000	0.000	0.000	0.000	0.000	122.000		
122.010	187.450	98.900	284.050	570.400	122.010	0.000	0.000	2.500	2.500	122.010		
122.020	184.000	98.900	287.500	570.400	122.020	0.000	0.000	5.000	5.000	122.020		
122.030	187.450	98.900	287.500	573.850	122.030	0.000	0.000	7.500	7.500	122.030		
122.040	189.750	98.900	287.500	576.150	122.040	0.000	0.000	10.000	10.000	122.040		
122.050	194.350	98.900	281.750	575.000	122.050	2.500	0.000	10.000	12.500	122.050		
122.060	198.950	102.350	274.850	576.150	122.060	0.000	0.000	12.500	12.500	122.060		
122.070	207.200	99.680	269.920	576.800	122.070	2.190	0.000	14.600	16.790	122.070		
122.080	211.680	99.680	262.080	573.440	122.080	4.380	2.190	19.710	26.280	122.080		
122.090	217.280	99.680	254.240	571.200	122.090	7.300	2.190	21.900	31.390	122.090		
122.100	221.760	99.680	246.400	567.840	122.100	16.790	2.190	24.820	43.800	122.100		
122.110	229.600	97.440	239.680	566.720	122.110	32.120	2.190	29.930	64.240	122.110		
122.120	234.080	99.680	227.360	561.120	122.120	49.640	4.380	34.310	88.330	122.120		
122.130	239.680	94.080	213.920	547.680	122.130	69.350	4.380	39.420	113.150	122.130		
122.140	244.160	91.840	199.360	535.360	122.140	84.680	4.380	42.340	131.400	122.140		
122.150	254.240	89.600	184.800	528.640	122.150	94.900	4.380	47.450	146.730	122.150		
122.160	259.840	84.000	166.880	510.720	122.160	104.390	7.300	49.640	161.330	122.160		
122.170	264.320	79.520	142.240	486.080	122.170	114.610	7.300	51.830	173.740	122.170		
122.180	269.920	69.440	119.840	459.200	122.180	129.940	9.490	59.860	199.290	122.180		
122.190	272.160	61.600	97.440	431.200	122.190	144.540	9.490	64.970	219.000	122.190		
122.200	276.640	54.880	79.520	411.040	122.200	162.060	12.410	67.160	241.630	122.200		
122.210	280.000	44.800	59.360	384.160	122.210	182.500	14.600	72.270	269.370	122.210		
122.220	285.000	34.200	39.900	359.100	122.220	201.150	16.390	77.480	295.020	122.220		
122.230	281.580	27.360	31.920	340.860	122.230	216.050	22.350	84.930	323.330	122.230		
122.240	274.740	19.380	23.940	318.060	122.240	233.930	26.820	92.380	353.130	122.240		
122.250	264.480	14.820	19.380	298.680	122.250	247.340	29.800	101.320	378.460	122.250		
122.260	249.660	9.120	11.400	270.180	122.260	259.260	34.270	108.770	402.300	122.260		
122.270	229.140	6.840	9.120	245.100	122.270	271.180	38.740	116.220	426.140	122.270		
122.280	207.480	4.560	9.120	221.160	122.280	281.610	41.720	123.670	447.000	122.280		
122.290	182.400	2.280	6.840	191.520	122.290	292.040	46.190	134.100	472.330	122.290		
122.300	153.900	4.560	4.560	163.020	122.300	303.960	52.150	138.570	494.680	122.300		
122.310	126.540	2.280	2.280	131.100	122.310	317.370	59.600	146.020	522.990	122.310		
122.320	104.880	0.000	0.000	104.880	122.320	329.290	64.070	151.980	545.340	122.320		
122.330	82.080	0.000	0.000	82.080	122.330	341.210	68.540	156.450	566.200	122.330		
122.340	64.980	0.000	0.000	64.980	122.340	351.640	74.500	162.410	588.550	122.340		
122.350	49.020	0.000	0.000	49.020	122.350	363.560	78.970	163.900	606.430	122.350		
122.360	34.200	0.000	0.000	34.200	122.360	372.500	84.930	166.880	624.310	122.360		
122.370	22.500	0.000	0.000	22.500	122.370	381.300	89.900	168.950	640.150	122.370		
122.380	12.420	0.000	0.000	12.420	122.380	384.400	91.450	168.950	644.800	122.380		
122.390	7.470	0.000	0.000	7.470	122.390	387.500	94.550	167.400	649.450	122.390		
122.400	4.950	0.000	0.000	4.950	122.400	387.500	99.200	167.400	654.100	122.400		
122.410	2.430	0.000	0.000	2.430	122.410	384.400	99.200	167.400	651.000	122.410		
122.420	2.430	0.000	0.000	2.430	122.420	379.750	102.300	167.400	649.450	122.420		
122.430	2.430	0.000	0.000	2.430	122.430	372.000	103.850	168.950	644.800	122.430		
122.440	0.000	0.000	0.000	0.000	122.440	367.350	103.850	168.950	640.150	122.440		
122.450	0.000	0.000	0.000	0.000	122.450	359.600	103.850	168.950	632.400	122.450		
122.460	0.000	0.000	0.000	0.000	122.460	354.950	103.850	168.950	627.750	122.460		
122.470	0.000	0.000	0.000	0.000	122.470	351.850	106.950	172.050	630.850	122.470		
122.480	0.000	0.000	0.000	0.000	122.480	348.750	106.950	172.050	627.750	122.480		
122.490	0.000	0.000	0.000	0.000	122.490	347.200	108.500	172.050	627.750	122.490		
122.500	0.000	0.000	0.000	0.000	122.500	344.100	108.500	172.050	624.650	122.500		
122.510	0.000	0.000	0.000	0.000	122.510	341.000	111.600	173.600	626.200	122.510		
122.520	0.000	0.000	0.000	0.000	122.520	340.000	114.240	176.800	631.040	122.520		
122.530	0.000	0.000	0.000	0.000	122.530	334.560	116.960	176.800	628.320	122.530		
122.540	0.000	0.000	0.000	0.000	122.540	329.120	119.680	179.520	628.320	122.540		
122.550	0.000	0.000	0.000	0.000	122.550	322.320	122.400	182.240	626.960	122.550		
122.560	0.000	0.000	0.000	0.000	122.560	316.880	123.760	184.960	625.600	122.560		
122.570	0.000	0.000	0.000	0.000	122.570	308.720	123.760	186.320	618.800	122.570		
122.580	0.000	0.000	0.000	0.000	122.580	301.920	126.480	189.040	617.440	122.580		
122.590	0.000	2.480	0.000	2.480	122.590	296.480	123.760	191.760	612.000	122.590		
122.600	0.000	0.000	0.000	0.000	122.600	289.680	126.480	194.480	610.640	122.600		
122.610	2.480	2.480	0.000	4.960	122.610	278.800	129.200	194.480	602.480	122.610		
122.620	2.480	2.480	0.000	4.960	122.620	266.560	131.920	194.480	592.960	122.620		
122.630	4.960	2.480	0.000	7.440	122.630	257.040	131.920	194.480	583.440	122.630		
122.640	7.440	4.960	0.000	12.400	122.640	244.800	131.920	191.760	568.480	122.640		
122.650	12.480	7.440	0.000	19.920	122.650	233.920	134.640	189.040	557.600	122.650		
122.660	20.000	10.000	0.000	30.000	122.660	224.400	134.640	182.240	541.280	122.660		
122.670	24.850	14.910	0.000	39.760	122.670	212.500	136.850	174.250	523.600	122.670		
122.680	31.950	19.880	0.000	51.830	122.680	202.300	136.850	164.900	504.050	122.680		
122.690	41.890	24.850	0.000	66.740	122.690	192.100	136.850	157.250	486.200	122.690		
122.700	54.670	31.950	0.000	86.620	122.700	184.450	136.850	149.600	470.900	122.700		
122.710	67.450	39.760	0.000	107.210	122.710	174.250	131.750	136.850	442.850	122.710		
122.720	77.390	44.730	0.000	122.120	122.720	170.000	127.500	127.500	425.000	122.720		
122.730	87.330	49.700	2.130	139.160	122.730	162.350	122.400	112.200	396.950	122.730		
122.740	97.270	54.670	2.130	154.070	122.740	154.700	117.300	96.900	368.900	122.740		
122.750	107.210	62.480	4.970	174.660	122.750	149.600	109.650	82.450	341.700	122.750		
122.760	122.120	69.580	9.940	201.640	122.760	147.050	99.450	67.150	313.650	122.760		
122.770	132.060	79.520	12.070	223.650	122.770	141.950	89.250	54.400	285.600	122.770		
122.780	144.840	87.330	19.880	252.050	122.780	141.950	77.350	39.950	259.250	122.780		
122.790	154.780	97.270	26.980	279.030	122.790	139.400	67.150	32.300	238.850	122.790		
122.800	166.850	107.210	36.920	310.980	122.800	131.750	56.950	19.550	208.250	122.800		
122.810	177.500	117.150	54.670	349.320	122.810					122.810		
