timestamp, HMD_x, HMD_y,HMD_z

# --- Trial 1 start ---
73.384,1,-39.5073,1.7884,-1.2917
73.394,1,-39.5073,1.7884,-1.2916
73.408,1,-39.5073,1.7886,-1.2915
73.416,1,-39.5074,1.7887,-1.2914
73.424,1,-39.5074,1.7887,-1.2913
73.437,1,-39.5075,1.7888,-1.2913
73.458,1,-39.5077,1.7891,-1.2911
73.478,1,-39.5077,1.7894,-1.2909
73.488,1,-39.5077,1.7896,-1.2908
73.510,1,-39.5079,1.7898,-1.2905
73.532,1,-39.5079,1.7899,-1.2902
73.554,1,-39.5080,1.7901,-1.2900
73.577,1,-39.5080,1.7903,-1.2898
73.599,1,-39.5080,1.7903,-1.2896
73.621,1,-39.5079,1.7903,-1.2894
73.643,1,-39.5079,1.7903,-1.2893
73.666,1,-39.5080,1.7904,-1.2891
73.688,1,-39.5079,1.7904,-1.2891
73.710,1,-39.5079,1.7905,-1.2889
73.732,1,-39.5079,1.7906,-1.2889
73.754,1,-39.5078,1.7906,-1.2888
73.777,1,-39.5077,1.7906,-1.2887
73.799,1,-39.5075,1.7905,-1.2887
73.821,1,-39.5075,1.7904,-1.2887
73.843,1,-39.5073,1.7903,-1.2887
73.866,1,-39.5072,1.7903,-1.2887
73.888,1,-39.5071,1.7902,-1.2888
73.911,1,-39.5070,1.7900,-1.2887
73.933,1,-39.5069,1.7898,-1.2888
73.955,1,-39.5068,1.7896,-1.2888
73.967,1,-39.5067,1.7897,-1.2888
73.980,1,-39.5067,1.7897,-1.2888
73.990,1,-39.5065,1.7897,-1.2889
74.001,1,-39.5065,1.7896,-1.2889
74.012,1,-39.5064,1.7895,-1.2890
74.023,1,-39.5063,1.7895,-1.2891
74.034,1,-39.5062,1.7894,-1.2892
74.045,1,-39.5061,1.7894,-1.2893
74.057,1,-39.5060,1.7892,-1.2894
74.068,1,-39.5058,1.7892,-1.2894
74.079,1,-39.5058,1.7891,-1.2895
74.090,1,-39.5057,1.7891,-1.2896
74.101,1,-39.5056,1.7891,-1.2896
74.113,1,-39.5054,1.7890,-1.2897
74.124,1,-39.5053,1.7890,-1.2898
74.135,1,-39.5052,1.7889,-1.2899
74.146,1,-39.5050,1.7889,-1.2900
74.157,1,-39.5049,1.7889,-1.2900
74.168,1,-39.5048,1.7888,-1.2901
74.179,1,-39.5046,1.7887,-1.2901
74.190,1,-39.5045,1.7886,-1.2902
74.201,1,-39.5044,1.7886,-1.2903
74.212,1,-39.5042,1.7886,-1.2903
74.223,1,-39.5040,1.7887,-1.2903
74.234,1,-39.5039,1.7888,-1.2903
74.245,1,-39.5036,1.7888,-1.2902
74.257,1,-39.5033,1.7887,-1.2901
74.268,1,-39.5031,1.7886,-1.2901
74.280,1,-39.5029,1.7886,-1.2900
74.291,1,-39.5026,1.7885,-1.2899
74.303,1,-39.5024,1.7885,-1.2898
74.314,1,-39.5021,1.7885,-1.2897
74.325,1,-39.5018,1.7885,-1.2896
74.337,1,-39.5016,1.7885,-1.2894
74.348,1,-39.5014,1.7886,-1.2893
74.370,1,-39.5013,1.7885,-1.2890
74.381,1,-39.5012,1.7884,-1.2888
74.392,1,-39.5011,1.7884,-1.2887
74.403,1,-39.5010,1.7883,-1.2885
74.415,1,-39.5009,1.7883,-1.2883
74.426,1,-39.5008,1.7882,-1.2882
74.437,1,-39.5005,1.7882,-1.2880
74.449,1,-39.5003,1.7881,-1.2878
74.459,1,-39.5000,1.7881,-1.2875
74.470,1,-39.4998,1.7881,-1.2874
74.482,1,-39.4996,1.7880,-1.2871
74.493,1,-39.4994,1.7879,-1.2870
74.503,1,-39.4992,1.7877,-1.2867
74.514,1,-39.4990,1.7876,-1.2865
74.525,1,-39.4988,1.7875,-1.2862
74.537,1,-39.4986,1.7873,-1.2860
74.548,1,-39.4984,1.7873,-1.2858
74.559,1,-39.4982,1.7871,-1.2856
74.570,1,-39.4979,1.7870,-1.2853
74.581,1,-39.4977,1.7869,-1.2850
74.593,1,-39.4975,1.7868,-1.2847
74.604,1,-39.4974,1.7867,-1.2843
74.615,1,-39.4972,1.7865,-1.2839
74.627,1,-39.4970,1.7864,-1.2836
74.638,1,-39.4968,1.7863,-1.2832
74.649,1,-39.4967,1.7864,-1.2828
74.661,1,-39.4964,1.7864,-1.2823
74.672,1,-39.4962,1.7865,-1.2819
74.683,1,-39.4960,1.7868,-1.2814
74.695,1,-39.4958,1.7871,-1.2808
74.706,1,-39.4954,1.7874,-1.2803
74.717,1,-39.4950,1.7876,-1.2795
74.728,1,-39.4947,1.7880,-1.2789
74.740,1,-39.4942,1.7883,-1.2781
74.750,1,-39.4937,1.7887,-1.2773
74.761,1,-39.4930,1.7890,-1.2765
74.772,1,-39.4925,1.7893,-1.2756
74.783,1,-39.4919,1.7895,-1.2746
74.794,1,-39.4912,1.7896,-1.2736
74.805,1,-39.4905,1.7897,-1.2725
74.816,1,-39.4899,1.7898,-1.2713
74.827,1,-39.4891,1.7899,-1.2701
74.838,1,-39.4885,1.7899,-1.2689
74.849,1,-39.4878,1.7899,-1.2677
74.861,1,-39.4871,1.7898,-1.2664
74.871,1,-39.4863,1.7896,-1.2651
74.883,1,-39.4855,1.7895,-1.2638
74.894,1,-39.4848,1.7894,-1.2624
74.905,1,-39.4840,1.7893,-1.2611
74.916,1,-39.4832,1.7893,-1.2598
74.927,1,-39.4824,1.7892,-1.2584
74.938,1,-39.4816,1.7891,-1.2570
74.949,1,-39.4809,1.7889,-1.2557
74.961,1,-39.4802,1.7886,-1.2544
74.971,1,-39.4794,1.7882,-1.2532
74.983,1,-39.4787,1.7878,-1.2521
74.994,1,-39.4778,1.7874,-1.2511
75.005,1,-39.4769,1.7873,-1.2503
75.017,1,-39.4760,1.7876,-1.2494
75.028,1,-39.4750,1.7878,-1.2486
75.039,1,-39.4741,1.7880,-1.2480
75.050,1,-39.4732,1.7881,-1.2475
75.061,1,-39.4724,1.7882,-1.2471
75.072,1,-39.4716,1.7883,-1.2468
75.083,1,-39.4707,1.7884,-1.2467
75.094,1,-39.4699,1.7887,-1.2466
75.105,1,-39.4692,1.7891,-1.2465
75.117,1,-39.4684,1.7894,-1.2466
75.127,1,-39.4676,1.7896,-1.2466
75.138,1,-39.4669,1.7898,-1.2469
75.149,1,-39.4662,1.7899,-1.2473
75.160,1,-39.4655,1.7899,-1.2477
75.171,1,-39.4648,1.7899,-1.2483
75.182,1,-39.4641,1.7899,-1.2489
75.193,1,-39.4634,1.7896,-1.2496
75.204,1,-39.4627,1.7896,-1.2504
75.216,1,-39.4620,1.7895,-1.2513
75.226,1,-39.4613,1.7895,-1.2521
75.238,1,-39.4604,1.7892,-1.2533
75.249,1,-39.4595,1.7889,-1.2546
75.260,1,-39.4587,1.7885,-1.2558
75.271,1,-39.4579,1.7880,-1.2574
75.282,1,-39.4571,1.7874,-1.2589
75.293,1,-39.4566,1.7868,-1.2605
75.304,1,-39.4559,1.7861,-1.2621
75.316,1,-39.4550,1.7855,-1.2639
75.327,1,-39.4542,1.7847,-1.2657
75.338,1,-39.4535,1.7836,-1.2676
75.349,1,-39.4527,1.7823,-1.2695
75.360,1,-39.4523,1.7809,-1.2715
75.371,1,-39.4510,1.7822,-1.2740
75.382,1,-39.4489,1.7856,-1.2756
75.393,1,-39.4476,1.7887,-1.2774
75.405,1,-39.4460,1.7910,-1.2796
75.416,1,-39.4443,1.7922,-1.2818
75.427,1,-39.4426,1.7921,-1.2839
75.438,1,-39.4413,1.7917,-1.2863
75.449,1,-39.4404,1.7906,-1.2885
75.460,1,-39.4394,1.7896,-1.2907
75.471,1,-39.4383,1.7888,-1.2929
75.482,1,-39.4373,1.7887,-1.2954
75.493,1,-39.4359,1.7889,-1.2975
75.504,1,-39.4343,1.7895,-1.2993
75.515,1,-39.4326,1.7900,-1.3013
75.527,1,-39.4306,1.7897,-1.3034
75.538,1,-39.4289,1.7893,-1.3056
75.549,1,-39.4275,1.7885,-1.3080
75.560,1,-39.4260,1.7881,-1.3102
75.571,1,-39.4245,1.7879,-1.3125
75.583,1,-39.4229,1.7880,-1.3146
75.594,1,-39.4215,1.7879,-1.3167
75.605,1,-39.4200,1.7878,-1.3187
75.616,1,-39.4185,1.7874,-1.3209
75.627,1,-39.4172,1.7870,-1.3227
75.638,1,-39.4158,1.7867,-1.3248
75.650,1,-39.4143,1.7865,-1.3269
75.660,1,-39.4127,1.7865,-1.3287
75.671,1,-39.4110,1.7865,-1.3305
75.682,1,-39.4093,1.7864,-1.3322
75.693,1,-39.4073,1.7861,-1.3340
75.704,1,-39.4053,1.7860,-1.3357
75.715,1,-39.4032,1.7857,-1.3374
75.726,1,-39.4009,1.7856,-1.3391
75.737,1,-39.3985,1.7855,-1.3406
75.749,1,-39.3959,1.7857,-1.3421
75.760,1,-39.3934,1.7858,-1.3436
75.770,1,-39.3904,1.7856,-1.3449
75.782,1,-39.3876,1.7855,-1.3463
75.793,1,-39.3848,1.7849,-1.3475
75.804,1,-39.3818,1.7842,-1.3487
75.815,1,-39.3788,1.7835,-1.3499
75.826,1,-39.3758,1.7827,-1.3510
75.837,1,-39.3727,1.7824,-1.3519
75.848,1,-39.3694,1.7818,-1.3527
75.859,1,-39.3661,1.7814,-1.3536
75.870,1,-39.3624,1.7813,-1.3542
75.881,1,-39.3589,1.7811,-1.3549
75.892,1,-39.3552,1.7811,-1.3554
75.903,1,-39.3515,1.7811,-1.3558
75.915,1,-39.3479,1.7809,-1.3562
75.925,1,-39.3441,1.7807,-1.3563
75.937,1,-39.3401,1.7804,-1.3564
75.948,1,-39.3359,1.7801,-1.3566
75.959,1,-39.3317,1.7798,-1.3565
75.970,1,-39.3272,1.7795,-1.3564
75.982,1,-39.3229,1.7793,-1.3561
75.993,1,-39.3183,1.7788,-1.3558
76.004,1,-39.3137,1.7782,-1.3553
76.015,1,-39.3089,1.7777,-1.3548
76.026,1,-39.3039,1.7770,-1.3542
76.037,1,-39.2987,1.7764,-1.3537
76.049,1,-39.2932,1.7757,-1.3527
76.059,1,-39.2878,1.7749,-1.3519
76.071,1,-39.2824,1.7740,-1.3508
76.082,1,-39.2767,1.7730,-1.3498
76.093,1,-39.2709,1.7719,-1.3486
76.104,1,-39.2650,1.7709,-1.3473
76.115,1,-39.2593,1.7700,-1.3460
76.126,1,-39.2531,1.7693,-1.3446
76.137,1,-39.2468,1.7683,-1.3430
76.148,1,-39.2404,1.7675,-1.3412
76.159,1,-39.2337,1.7668,-1.3392
76.170,1,-39.2274,1.7660,-1.3371
76.181,1,-39.2204,1.7652,-1.3348
76.193,1,-39.2137,1.7645,-1.3326
76.204,1,-39.2065,1.7639,-1.3302
76.215,1,-39.1992,1.7632,-1.3275
76.226,1,-39.1919,1.7624,-1.3249
76.238,1,-39.1846,1.7621,-1.3221
76.249,1,-39.1772,1.7619,-1.3193
76.260,1,-39.1697,1.7623,-1.3162
76.271,1,-39.1621,1.7630,-1.3134
76.282,1,-39.1544,1.7638,-1.3105
76.293,1,-39.1468,1.7649,-1.3074
76.305,1,-39.1390,1.7658,-1.3044
76.316,1,-39.1315,1.7671,-1.3014
76.327,1,-39.1241,1.7686,-1.2984
76.338,1,-39.1166,1.7702,-1.2955
76.349,1,-39.1092,1.7722,-1.2928
76.360,1,-39.1020,1.7741,-1.2902
76.371,1,-39.0946,1.7759,-1.2875
76.382,1,-39.0874,1.7778,-1.2850
76.394,1,-39.0800,1.7794,-1.2826
76.405,1,-39.0729,1.7808,-1.2802
76.416,1,-39.0659,1.7818,-1.2782
76.427,1,-39.0591,1.7828,-1.2763
76.438,1,-39.0522,1.7835,-1.2745
76.449,1,-39.0453,1.7843,-1.2729
76.460,1,-39.0384,1.7852,-1.2713
76.472,1,-39.0312,1.7861,-1.2699
76.482,1,-39.0240,1.7871,-1.2686
76.493,1,-39.0168,1.7880,-1.2671
76.504,1,-39.0096,1.7890,-1.2662
76.515,1,-39.0025,1.7900,-1.2653
76.526,1,-38.9952,1.7911,-1.2645
76.538,1,-38.9880,1.7921,-1.2639
76.549,1,-38.9807,1.7930,-1.2632
76.560,1,-38.9734,1.7939,-1.2626
76.571,1,-38.9660,1.7946,-1.2620
76.582,1,-38.9586,1.7953,-1.2615
76.594,1,-38.9512,1.7958,-1.2611
76.605,1,-38.9436,1.7962,-1.2608
76.616,1,-38.9360,1.7963,-1.2605
76.627,1,-38.9284,1.7965,-1.2603
76.638,1,-38.9207,1.7962,-1.2601
76.649,1,-38.9128,1.7962,-1.2599
76.661,1,-38.9048,1.7958,-1.2598
76.671,1,-38.8967,1.7953,-1.2597
76.683,1,-38.8885,1.7945,-1.2599
76.694,1,-38.8804,1.7936,-1.2601
76.705,1,-38.8722,1.7925,-1.2603
76.716,1,-38.8639,1.7912,-1.2605
76.727,1,-38.8555,1.7899,-1.2608
76.738,1,-38.8468,1.7886,-1.2613
76.749,1,-38.8381,1.7874,-1.2617
76.760,1,-38.8293,1.7861,-1.2623
76.771,1,-38.8205,1.7849,-1.2630
76.783,1,-38.8115,1.7835,-1.2638
76.794,1,-38.8025,1.7820,-1.2647
76.804,1,-38.7934,1.7805,-1.2657
76.815,1,-38.7842,1.7788,-1.2667
76.826,1,-38.7748,1.7770,-1.2679
76.838,1,-38.7655,1.7750,-1.2693
76.849,1,-38.7561,1.7732,-1.2708
76.860,1,-38.7467,1.7715,-1.2725
76.871,1,-38.7372,1.7701,-1.2744
76.882,1,-38.7277,1.7689,-1.2764
76.893,1,-38.7182,1.7681,-1.2786
76.905,1,-38.7084,1.7674,-1.2808
76.915,1,-38.6985,1.7666,-1.2831
76.927,1,-38.6886,1.7661,-1.2853
76.938,1,-38.6787,1.7658,-1.2880
76.949,1,-38.6687,1.7658,-1.2905
76.960,1,-38.6587,1.7668,-1.2933
76.972,1,-38.6483,1.7685,-1.2960
76.983,1,-38.6381,1.7701,-1.2988
76.993,1,-38.6279,1.7720,-1.3015
77.004,1,-38.6177,1.7742,-1.3043
77.015,1,-38.6074,1.7767,-1.3070
77.026,1,-38.5974,1.7797,-1.3096
77.038,1,-38.5873,1.7825,-1.3121
77.049,1,-38.5772,1.7855,-1.3145
77.060,1,-38.5672,1.7879,-1.3167
77.071,1,-38.5572,1.7899,-1.3189
77.082,1,-38.5474,1.7914,-1.3207
77.093,1,-38.5378,1.7925,-1.3225
77.104,1,-38.5283,1.7936,-1.3240
77.115,1,-38.5191,1.7941,-1.3252
77.127,1,-38.5098,1.7951,-1.3261
77.139,1,-38.5006,1.7965,-1.3275
77.148,1,-38.4915,1.7983,-1.3281
77.159,1,-38.4821,1.8000,-1.3288
77.170,1,-38.4727,1.8015,-1.3294
77.181,1,-38.4632,1.8028,-1.3299
77.192,1,-38.4538,1.8040,-1.3303
77.203,1,-38.4445,1.8053,-1.3306
77.214,1,-38.4351,1.8065,-1.3309
77.225,1,-38.4258,1.8077,-1.3311
77.236,1,-38.4164,1.8085,-1.3312
77.247,1,-38.4069,1.8092,-1.3313
77.258,1,-38.3975,1.8097,-1.3314
77.270,1,-38.3881,1.8099,-1.3314
77.281,1,-38.3788,1.8100,-1.3313
77.292,1,-38.3692,1.8098,-1.3312
77.303,1,-38.3597,1.8096,-1.3311
77.314,1,-38.3499,1.8093,-1.3310
77.325,1,-38.3400,1.8086,-1.3308
77.336,1,-38.3301,1.8079,-1.3305
77.348,1,-38.3199,1.8066,-1.3300
77.359,1,-38.3100,1.8053,-1.3295
77.370,1,-38.3001,1.8038,-1.3286
77.381,1,-38.2903,1.8022,-1.3279
77.392,1,-38.2800,1.8003,-1.3272
77.403,1,-38.2702,1.7982,-1.3265
77.414,1,-38.2601,1.7961,-1.3256
77.426,1,-38.2498,1.7938,-1.3246
77.436,1,-38.2396,1.7913,-1.3234
77.448,1,-38.2293,1.7887,-1.3222
77.459,1,-38.2189,1.7864,-1.3207
77.471,1,-38.2084,1.7844,-1.3193
77.481,1,-38.1980,1.7828,-1.3178
77.492,1,-38.1870,1.7817,-1.3161
77.504,1,-38.1765,1.7806,-1.3143
77.515,1,-38.1656,1.7800,-1.3123
77.526,1,-38.1547,1.7793,-1.3103
77.537,1,-38.1440,1.7792,-1.3081
77.548,1,-38.1330,1.7792,-1.3060
77.559,1,-38.1219,1.7802,-1.3037
77.570,1,-38.1107,1.7818,-1.3014
77.582,1,-38.0996,1.7839,-1.2990
77.593,1,-38.0883,1.7868,-1.2968
77.604,1,-38.0771,1.7902,-1.2945
77.615,1,-38.0657,1.7938,-1.2923
77.626,1,-38.0541,1.7981,-1.2901
77.637,1,-38.0427,1.8018,-1.2880
77.648,1,-38.0314,1.8050,-1.2858
77.660,1,-38.0203,1.8074,-1.2840
77.671,1,-38.0092,1.8093,-1.2822
77.682,1,-37.9986,1.8104,-1.2808
77.693,1,-37.9883,1.8112,-1.2798
77.704,1,-37.9782,1.8121,-1.2792
77.715,1,-37.9679,1.8133,-1.2786
77.727,1,-37.9581,1.8148,-1.2783
77.738,1,-37.9483,1.8164,-1.2782
77.749,1,-37.9382,1.8180,-1.2778
77.760,1,-37.9284,1.8194,-1.2779
77.771,1,-37.9185,1.8206,-1.2779
77.782,1,-37.9087,1.8216,-1.2782
77.793,1,-37.8991,1.8224,-1.2786
77.804,1,-37.8894,1.8231,-1.2790
77.815,1,-37.8796,1.8239,-1.2794
77.826,1,-37.8699,1.8244,-1.2800
77.837,1,-37.8601,1.8250,-1.2805
77.848,1,-37.8504,1.8254,-1.2811
77.859,1,-37.8404,1.8254,-1.2819
77.870,1,-37.8305,1.8253,-1.2825
77.882,1,-37.8208,1.8249,-1.2833
77.893,1,-37.8110,1.8244,-1.2842
77.904,1,-37.8013,1.8239,-1.2851
77.915,1,-37.7913,1.8233,-1.2861
77.926,1,-37.7813,1.8225,-1.2870
77.937,1,-37.7714,1.8215,-1.2882
77.948,1,-37.7613,1.8205,-1.2894
77.959,1,-37.7512,1.8193,-1.2907
77.970,1,-37.7410,1.8178,-1.2921
77.982,1,-37.7309,1.8162,-1.2936
77.993,1,-37.7206,1.8147,-1.2953
78.004,1,-37.7102,1.8130,-1.2972
78.015,1,-37.6998,1.8112,-1.2992
78.026,1,-37.6894,1.8093,-1.3012
78.037,1,-37.6791,1.8072,-1.3034
78.049,1,-37.6687,1.8051,-1.3057
78.059,1,-37.6583,1.8030,-1.3081
78.071,1,-37.6479,1.8007,-1.3105
78.081,1,-37.6372,1.7987,-1.3132
78.092,1,-37.6267,1.7970,-1.3160
78.103,1,-37.6162,1.7956,-1.3188
78.115,1,-37.6057,1.7945,-1.3218
78.125,1,-37.5952,1.7934,-1.3248
78.136,1,-37.5845,1.7927,-1.3281
78.148,1,-37.5739,1.7919,-1.3313
78.159,1,-37.5632,1.7915,-1.3347
78.170,1,-37.5525,1.7917,-1.3382
78.181,1,-37.5418,1.7926,-1.3417
78.192,1,-37.5308,1.7947,-1.3452
78.203,1,-37.5203,1.7968,-1.3484
78.214,1,-37.5097,1.7990,-1.3517
78.225,1,-37.4992,1.8015,-1.3548
78.237,1,-37.4889,1.8039,-1.3576
78.248,1,-37.4787,1.8061,-1.3603
78.259,1,-37.4688,1.8081,-1.3629
78.270,1,-37.4591,1.8099,-1.3652
78.281,1,-37.4495,1.8113,-1.3672
78.292,1,-37.4398,1.8126,-1.3692
78.303,1,-37.4301,1.8141,-1.3708
78.315,1,-37.4204,1.8159,-1.3726
78.325,1,-37.4106,1.8181,-1.3742
78.336,1,-37.4010,1.8203,-1.3757
78.348,1,-37.3914,1.8222,-1.3771
78.359,1,-37.3817,1.8239,-1.3784
78.370,1,-37.3724,1.8253,-1.3795
78.381,1,-37.3629,1.8268,-1.3808
78.392,1,-37.3536,1.8283,-1.3818
78.403,1,-37.3443,1.8296,-1.3828
78.414,1,-37.3351,1.8308,-1.3838
78.425,1,-37.3260,1.8319,-1.3848
78.437,1,-37.3170,1.8328,-1.3857
78.448,1,-37.3080,1.8336,-1.3865
78.462,1,-37.2991,1.8340,-1.3871
78.474,1,-37.2901,1.8343,-1.3879
78.485,1,-37.2810,1.8344,-1.3886
78.497,1,-37.2719,1.8345,-1.3892
78.510,1,-37.2627,1.8344,-1.3898
78.522,1,-37.2535,1.8342,-1.3902
78.534,1,-37.2443,1.8338,-1.3905
78.546,1,-37.2259,1.8330,-1.3912
78.558,1,-37.2165,1.8321,-1.3913
78.571,1,-37.2069,1.8310,-1.3913
78.583,1,-37.1973,1.8299,-1.3914
78.612,1,-37.1873,1.8282,-1.3909
78.621,1,-37.1585,1.8249,-1.3906
78.630,1,-37.1486,1.8233,-1.3901
78.645,1,-37.1386,1.8213,-1.3893
78.655,1,-37.1285,1.8196,-1.3887
78.666,1,-37.1184,1.8179,-1.3878
78.677,1,-37.1082,1.8164,-1.3870
78.688,1,-37.0979,1.8149,-1.3860
78.700,1,-37.0876,1.8136,-1.3849
78.711,1,-37.0772,1.8126,-1.3836
78.721,1,-37.0665,1.8117,-1.3822
78.733,1,-37.0561,1.8110,-1.3807
78.744,1,-37.0456,1.8103,-1.3790
78.755,1,-37.0350,1.8099,-1.3774
78.767,1,-37.0244,1.8099,-1.3756
78.778,1,-37.0138,1.8106,-1.3739
78.789,1,-37.0032,1.8117,-1.3721
78.800,1,-36.9926,1.8135,-1.3703
78.811,1,-36.9819,1.8155,-1.3686
78.822,1,-36.9713,1.8176,-1.3670
78.833,1,-36.9608,1.8206,-1.3654
78.844,1,-36.9504,1.8233,-1.3638
78.855,1,-36.9402,1.8258,-1.3623
78.866,1,-36.9301,1.8279,-1.3609
78.877,1,-36.9201,1.8294,-1.3595
78.888,1,-36.9105,1.8301,-1.3582
78.899,1,-36.9013,1.8305,-1.3572
78.911,1,-36.8920,1.8312,-1.3564
78.922,1,-36.8829,1.8323,-1.3556
78.933,1,-36.8737,1.8340,-1.3550
78.944,1,-36.8646,1.8358,-1.3543
78.955,1,-36.8554,1.8377,-1.3537
78.966,1,-36.8464,1.8394,-1.3532
78.978,1,-36.8376,1.8409,-1.3528
78.988,1,-36.8287,1.8424,-1.3524
79.000,1,-36.8200,1.8437,-1.3522
79.011,1,-36.8113,1.8449,-1.3521
79.022,1,-36.8029,1.8461,-1.3521
79.033,1,-36.7944,1.8471,-1.3520
79.044,1,-36.7862,1.8480,-1.3522
79.056,1,-36.7778,1.8486,-1.3523
79.067,1,-36.7694,1.8489,-1.3525
79.078,1,-36.7609,1.8490,-1.3527
79.090,1,-36.7524,1.8487,-1.3530
79.101,1,-36.7440,1.8483,-1.3533
79.112,1,-36.7354,1.8479,-1.3536
79.123,1,-36.7268,1.8474,-1.3540
79.134,1,-36.7181,1.8469,-1.3544
79.145,1,-36.7093,1.8465,-1.3548
79.157,1,-36.7003,1.8457,-1.3553
79.168,1,-36.6913,1.8446,-1.3559
79.178,1,-36.6823,1.8436,-1.3565
79.189,1,-36.6732,1.8424,-1.3572
79.200,1,-36.6640,1.8413,-1.3580
79.212,1,-36.6547,1.8401,-1.3589
79.223,1,-36.6453,1.8389,-1.3598
79.234,1,-36.6359,1.8375,-1.3609
79.245,1,-36.6265,1.8360,-1.3620
79.256,1,-36.6170,1.8344,-1.3633
79.267,1,-36.6074,1.8327,-1.3646
79.279,1,-36.5978,1.8311,-1.3660
79.290,1,-36.5882,1.8295,-1.3674
79.301,1,-36.5786,1.8278,-1.3691
79.312,1,-36.5689,1.8260,-1.3708
79.323,1,-36.5591,1.8243,-1.3727
79.334,1,-36.5494,1.8230,-1.3747
79.346,1,-36.5397,1.8219,-1.3768
79.357,1,-36.5299,1.8212,-1.3789
79.368,1,-36.5201,1.8207,-1.3812
79.380,1,-36.5104,1.8201,-1.3835
79.390,1,-36.5007,1.8194,-1.3860
79.402,1,-36.4910,1.8189,-1.3887
79.413,1,-36.4814,1.8191,-1.3914
79.424,1,-36.4716,1.8198,-1.3942
79.436,1,-36.4619,1.8211,-1.3968
79.447,1,-36.4523,1.8227,-1.3995
79.458,1,-36.4428,1.8246,-1.4021
79.469,1,-36.4334,1.8267,-1.4048
79.481,1,-36.4241,1.8289,-1.4072
79.491,1,-36.4149,1.8311,-1.4096
79.503,1,-36.4058,1.8330,-1.4118
79.514,1,-36.3969,1.8345,-1.4139
79.525,1,-36.3883,1.8356,-1.4157
79.536,1,-36.3798,1.8365,-1.4176
79.547,1,-36.3717,1.8370,-1.4192
79.558,1,-36.3636,1.8374,-1.4206
79.570,1,-36.3554,1.8382,-1.4218
79.581,1,-36.3472,1.8396,-1.4229
79.592,1,-36.3389,1.8413,-1.4239
79.603,1,-36.3308,1.8430,-1.4247
79.614,1,-36.3227,1.8445,-1.4255
79.626,1,-36.3149,1.8460,-1.4263
79.637,1,-36.3071,1.8472,-1.4270
79.647,1,-36.2993,1.8486,-1.4275
79.658,1,-36.2916,1.8499,-1.4279
79.670,1,-36.2839,1.8513,-1.4282
79.681,1,-36.2764,1.8526,-1.4284
79.692,1,-36.2688,1.8538,-1.4286
79.703,1,-36.2612,1.8549,-1.4285
79.714,1,-36.2537,1.8556,-1.4284
79.725,1,-36.2462,1.8560,-1.4282
79.737,1,-36.2389,1.8560,-1.4279
79.747,1,-36.2315,1.8561,-1.4275
79.759,1,-36.2242,1.8563,-1.4271
79.770,1,-36.2168,1.8564,-1.4265
79.781,1,-36.2094,1.8567,-1.4259
79.792,1,-36.2019,1.8567,-1.4252
79.803,1,-36.1944,1.8564,-1.4245
79.815,1,-36.1869,1.8561,-1.4237
79.826,1,-36.1795,1.8557,-1.4227
79.837,1,-36.1722,1.8553,-1.4216
79.848,1,-36.1649,1.8548,-1.4205
79.859,1,-36.1576,1.8541,-1.4191
79.870,1,-36.1504,1.8531,-1.4177
79.881,1,-36.1431,1.8521,-1.4163
79.892,1,-36.1360,1.8509,-1.4147
79.903,1,-36.1288,1.8497,-1.4132
79.915,1,-36.1217,1.8485,-1.4115
79.925,1,-36.1146,1.8474,-1.4096
79.936,1,-36.1074,1.8466,-1.4076
79.948,1,-36.1002,1.8457,-1.4056
79.958,1,-36.0929,1.8450,-1.4034
79.970,1,-36.0857,1.8443,-1.4013
79.981,1,-36.0785,1.8437,-1.3988
79.992,1,-36.0712,1.8431,-1.3963
80.003,1,-36.0640,1.8426,-1.3937
80.014,1,-36.0565,1.8422,-1.3910
80.025,1,-36.0493,1.8417,-1.3881
80.036,1,-36.0419,1.8412,-1.3853
80.047,1,-36.0347,1.8409,-1.3823
80.058,1,-36.0275,1.8406,-1.3792
80.069,1,-36.0202,1.8408,-1.3761
80.080,1,-36.0129,1.8413,-1.3730
80.091,1,-36.0055,1.8422,-1.3698
80.102,1,-35.9981,1.8431,-1.3665
80.113,1,-35.9908,1.8442,-1.3632
80.125,1,-35.9834,1.8453,-1.3600
80.136,1,-35.9760,1.8466,-1.3568
80.147,1,-35.9684,1.8485,-1.3536
80.158,1,-35.9611,1.8501,-1.3504
80.169,1,-35.9536,1.8519,-1.3473
80.180,1,-35.9462,1.8535,-1.3442
80.192,1,-35.9389,1.8549,-1.3413
80.203,1,-35.9318,1.8558,-1.3385
80.214,1,-35.9247,1.8564,-1.3358
80.225,1,-35.9179,1.8567,-1.3334
80.236,1,-35.9109,1.8571,-1.3311
80.247,1,-35.9040,1.8574,-1.3291
80.258,1,-35.8971,1.8580,-1.3271
80.269,1,-35.8902,1.8588,-1.3251
80.281,1,-35.8831,1.8598,-1.3232
80.292,1,-35.8761,1.8608,-1.3214
80.303,1,-35.8693,1.8618,-1.3199
80.314,1,-35.8624,1.8628,-1.3185
80.325,1,-35.8557,1.8638,-1.3172
80.336,1,-35.8491,1.8648,-1.3161
80.347,1,-35.8426,1.8658,-1.3149
80.358,1,-35.8365,1.8665,-1.3140
80.369,1,-35.8302,1.8673,-1.3131
80.380,1,-35.8241,1.8680,-1.3122
80.391,1,-35.8181,1.8685,-1.3114
80.403,1,-35.8121,1.8689,-1.3106
80.414,1,-35.8061,1.8691,-1.3099
80.425,1,-35.8001,1.8693,-1.3092
80.436,1,-35.7942,1.8693,-1.3087
80.447,1,-35.7884,1.8695,-1.3081
80.458,1,-35.7825,1.8695,-1.3077
80.470,1,-35.7766,1.8696,-1.3072
80.481,1,-35.7709,1.8695,-1.3070
80.492,1,-35.7651,1.8694,-1.3067
80.503,1,-35.7596,1.8693,-1.3066
80.514,1,-35.7541,1.8690,-1.3065
80.525,1,-35.7484,1.8688,-1.3064
80.536,1,-35.7430,1.8685,-1.3065
80.548,1,-35.7374,1.8682,-1.3066
80.558,1,-35.7321,1.8678,-1.3070
80.569,1,-35.7266,1.8673,-1.3073
80.581,1,-35.7212,1.8668,-1.3078
80.591,1,-35.7158,1.8663,-1.3084
80.602,1,-35.7105,1.8658,-1.3092
80.614,1,-35.7051,1.8653,-1.3099
80.625,1,-35.6999,1.8649,-1.3110
80.636,1,-35.6946,1.8643,-1.3121
80.647,1,-35.6893,1.8638,-1.3131
80.658,1,-35.6840,1.8631,-1.3144
80.670,1,-35.6788,1.8624,-1.3158
80.681,1,-35.6735,1.8618,-1.3173
80.692,1,-35.6682,1.8613,-1.3189
80.703,1,-35.6629,1.8608,-1.3205
80.714,1,-35.6576,1.8604,-1.3220
80.725,1,-35.6523,1.8599,-1.3236
80.736,1,-35.6469,1.8594,-1.3255
80.747,1,-35.6416,1.8586,-1.3274
80.758,1,-35.6363,1.8577,-1.3294
80.770,1,-35.6309,1.8569,-1.3315
80.781,1,-35.6255,1.8562,-1.3335
80.792,1,-35.6201,1.8562,-1.3358
80.803,1,-35.6147,1.8569,-1.3380
80.814,1,-35.6092,1.8583,-1.3401
80.825,1,-35.6037,1.8602,-1.3421
80.836,1,-35.5982,1.8619,-1.3442
80.847,1,-35.5928,1.8632,-1.3462
80.858,1,-35.5876,1.8641,-1.3482
80.869,1,-35.5826,1.8649,-1.3502
80.880,1,-35.5778,1.8654,-1.3522
80.891,1,-35.5731,1.8660,-1.3541
80.903,1,-35.5686,1.8667,-1.3559
80.913,1,-35.5640,1.8674,-1.3576
80.924,1,-35.5594,1.8680,-1.3593
80.935,1,-35.5548,1.8684,-1.3609
80.947,1,-35.5499,1.8688,-1.3624
80.958,1,-35.5453,1.8688,-1.3640
80.969,1,-35.5405,1.8686,-1.3655
80.980,1,-35.5359,1.8682,-1.3668
80.991,1,-35.5314,1.8677,-1.3680
81.002,1,-35.5270,1.8673,-1.3693
81.013,1,-35.5227,1.8670,-1.3703
81.024,1,-35.5184,1.8669,-1.3714
81.036,1,-35.5144,1.8665,-1.3724
81.046,1,-35.5103,1.8663,-1.3732
81.057,1,-35.5064,1.8661,-1.3741
81.069,1,-35.5026,1.8660,-1.3748
81.080,1,-35.4990,1.8660,-1.3755
81.091,1,-35.4954,1.8661,-1.3760
81.102,1,-35.4922,1.8662,-1.3765
81.114,1,-35.4889,1.8665,-1.3768
81.124,1,-35.4857,1.8668,-1.3770
81.135,1,-35.4827,1.8675,-1.3771
81.147,1,-35.4798,1.8682,-1.3771
81.158,1,-35.4770,1.8688,-1.3770
81.169,1,-35.4743,1.8692,-1.3770
81.181,1,-35.4717,1.8696,-1.3767
81.192,1,-35.4693,1.8699,-1.3766
81.201,1,-35.4669,1.8702,-1.3765
81.213,1,-35.4645,1.8704,-1.3761
81.224,1,-35.4623,1.8706,-1.3758
81.235,1,-35.4600,1.8707,-1.3754
81.245,1,-35.4580,1.8707,-1.3750
81.256,1,-35.4559,1.8706,-1.3744
81.268,1,-35.4540,1.8704,-1.3736
81.279,1,-35.4523,1.8702,-1.3729
81.290,1,-35.4505,1.8700,-1.3721
81.301,1,-35.4488,1.8698,-1.3712
81.312,1,-35.4472,1.8694,-1.3703
81.322,1,-35.4458,1.8690,-1.3694
81.334,1,-35.4444,1.8684,-1.3682
81.345,1,-35.4432,1.8678,-1.3672
81.356,1,-35.4421,1.8672,-1.3660
81.367,1,-35.4410,1.8668,-1.3648
81.378,1,-35.4401,1.8665,-1.3633
81.389,1,-35.4392,1.8661,-1.3621
81.401,1,-35.4386,1.8659,-1.3605
81.412,1,-35.4379,1.8655,-1.3589
81.423,1,-35.4373,1.8653,-1.3574
81.434,1,-35.4368,1.8654,-1.3558
81.445,1,-35.4364,1.8657,-1.3545
81.456,1,-35.4359,1.8659,-1.3529
81.467,1,-35.4356,1.8660,-1.3514
81.478,1,-35.4352,1.8660,-1.3499
81.489,1,-35.4349,1.8659,-1.3486
81.500,1,-35.4345,1.8659,-1.3472
81.511,1,-35.4341,1.8659,-1.3459
81.522,1,-35.4337,1.8659,-1.3445
81.533,1,-35.4333,1.8659,-1.3433
81.544,1,-35.4329,1.8658,-1.3422
81.556,1,-35.4324,1.8658,-1.3410
81.567,1,-35.4320,1.8660,-1.3399
81.578,1,-35.4316,1.8661,-1.3390
81.589,1,-35.4311,1.8662,-1.3380
81.600,1,-35.4306,1.8664,-1.3368
81.612,1,-35.4302,1.8664,-1.3359
81.623,1,-35.4297,1.8665,-1.3351
81.634,1,-35.4292,1.8668,-1.3342
81.646,1,-35.4288,1.8670,-1.3335
81.657,1,-35.4284,1.8671,-1.3328
81.668,1,-35.4279,1.8673,-1.3322
81.680,1,-35.4275,1.8673,-1.3318
81.690,1,-35.4271,1.8674,-1.3312
81.701,1,-35.4266,1.8674,-1.3308
81.713,1,-35.4262,1.8675,-1.3304
81.724,1,-35.4258,1.8676,-1.3301
81.735,1,-35.4253,1.8676,-1.3299
81.746,1,-35.4249,1.8676,-1.3297
81.757,1,-35.4245,1.8676,-1.3295
81.768,1,-35.4241,1.8675,-1.3295
81.779,1,-35.4238,1.8674,-1.3296
81.790,1,-35.4233,1.8674,-1.3296
81.801,1,-35.4229,1.8673,-1.3297

# --- Trial 2 start ---
91.674,2,-39.5367,1.7883,-1.3126
91.692,2,-39.5366,1.7884,-1.3120
91.700,2,-39.5365,1.7885,-1.3114
91.707,2,-39.5364,1.7887,-1.3109
91.716,2,-39.5364,1.7887,-1.3102
91.729,2,-39.5365,1.7887,-1.3094
91.749,2,-39.5367,1.7887,-1.3081
91.770,2,-39.5369,1.7890,-1.3070
91.785,2,-39.5369,1.7889,-1.3062
91.803,2,-39.5370,1.7891,-1.3048
91.813,2,-39.5371,1.7892,-1.3040
91.827,2,-39.5371,1.7895,-1.3031
91.837,2,-39.5371,1.7898,-1.3024
91.849,2,-39.5370,1.7901,-1.3015
91.859,2,-39.5370,1.7903,-1.3007
91.871,2,-39.5369,1.7906,-1.2996
91.882,2,-39.5366,1.7908,-1.2986
91.893,2,-39.5365,1.7910,-1.2975
91.904,2,-39.5362,1.7913,-1.2965
91.915,2,-39.5359,1.7913,-1.2955
91.927,2,-39.5356,1.7916,-1.2943
91.937,2,-39.5354,1.7918,-1.2933
91.949,2,-39.5350,1.7919,-1.2921
91.960,2,-39.5346,1.7920,-1.2910
91.970,2,-39.5343,1.7919,-1.2898
91.982,2,-39.5339,1.7920,-1.2887
91.993,2,-39.5332,1.7918,-1.2876
92.004,2,-39.5327,1.7916,-1.2866
92.015,2,-39.5322,1.7914,-1.2856
92.027,2,-39.5315,1.7912,-1.2845
92.037,2,-39.5309,1.7910,-1.2836
92.049,2,-39.5302,1.7910,-1.2825
92.060,2,-39.5295,1.7911,-1.2816
92.071,2,-39.5288,1.7910,-1.2808
92.082,2,-39.5283,1.7909,-1.2801
92.093,2,-39.5276,1.7906,-1.2795
92.104,2,-39.5271,1.7902,-1.2790
92.115,2,-39.5265,1.7897,-1.2785
92.126,2,-39.5261,1.7893,-1.2781
92.137,2,-39.5255,1.7889,-1.2779
92.148,2,-39.5251,1.7888,-1.2778
92.159,2,-39.5246,1.7889,-1.2778
92.170,2,-39.5241,1.7892,-1.2778
92.182,2,-39.5237,1.7895,-1.2779
92.193,2,-39.5235,1.7900,-1.2781
92.205,2,-39.5233,1.7904,-1.2783
92.216,2,-39.5232,1.7908,-1.2786
92.228,2,-39.5232,1.7911,-1.2791
92.239,2,-39.5232,1.7912,-1.2796
92.250,2,-39.5232,1.7914,-1.2802
92.261,2,-39.5231,1.7915,-1.2809
92.273,2,-39.5232,1.7916,-1.2816
92.284,2,-39.5233,1.7916,-1.2824
92.295,2,-39.5233,1.7916,-1.2832
92.306,2,-39.5233,1.7917,-1.2843
92.317,2,-39.5233,1.7917,-1.2853
92.328,2,-39.5232,1.7917,-1.2865
92.339,2,-39.5231,1.7916,-1.2876
92.350,2,-39.5231,1.7914,-1.2889
92.362,2,-39.5230,1.7911,-1.2903
92.372,2,-39.5231,1.7908,-1.2917
92.384,2,-39.5230,1.7902,-1.2933
92.395,2,-39.5225,1.7897,-1.2948
92.406,2,-39.5224,1.7890,-1.2967
92.417,2,-39.5223,1.7882,-1.2986
92.428,2,-39.5223,1.7871,-1.3006
92.439,2,-39.5223,1.7859,-1.3026
92.450,2,-39.5225,1.7843,-1.3046
92.462,2,-39.5228,1.7834,-1.3069
92.473,2,-39.5219,1.7849,-1.3095
92.484,2,-39.5204,1.7897,-1.3113
92.495,2,-39.5204,1.7936,-1.3133
92.506,2,-39.5197,1.7956,-1.3155
92.518,2,-39.5184,1.7963,-1.3177
92.529,2,-39.5175,1.7957,-1.3196
92.540,2,-39.5173,1.7949,-1.3216
92.552,2,-39.5173,1.7936,-1.3234
92.563,2,-39.5168,1.7925,-1.3254
92.574,2,-39.5164,1.7921,-1.3272
92.586,2,-39.5158,1.7926,-1.3289
92.597,2,-39.5148,1.7938,-1.3303
92.608,2,-39.5140,1.7945,-1.3318
92.619,2,-39.5127,1.7948,-1.3333
92.630,2,-39.5114,1.7946,-1.3348
92.641,2,-39.5103,1.7943,-1.3364
92.652,2,-39.5091,1.7940,-1.3381
92.664,2,-39.5079,1.7935,-1.3395
92.675,2,-39.5068,1.7932,-1.3408
92.686,2,-39.5057,1.7931,-1.3420
92.697,2,-39.5044,1.7930,-1.3433
92.708,2,-39.5032,1.7930,-1.3443
92.719,2,-39.5018,1.7929,-1.3455
92.730,2,-39.5007,1.7927,-1.3465
92.742,2,-39.4995,1.7925,-1.3476
92.753,2,-39.4981,1.7923,-1.3486
92.764,2,-39.4968,1.7920,-1.3494
92.775,2,-39.4952,1.7917,-1.3502
92.786,2,-39.4937,1.7912,-1.3512
92.797,2,-39.4922,1.7908,-1.3520
92.808,2,-39.4906,1.7904,-1.3530
92.819,2,-39.4890,1.7901,-1.3538
92.831,2,-39.4876,1.7902,-1.3547
92.841,2,-39.4861,1.7901,-1.3554
92.852,2,-39.4847,1.7898,-1.3559
92.864,2,-39.4830,1.7893,-1.3564
92.874,2,-39.4813,1.7886,-1.3570
92.885,2,-39.4797,1.7880,-1.3579
92.896,2,-39.4780,1.7875,-1.3585
92.907,2,-39.4763,1.7875,-1.3592
92.919,2,-39.4748,1.7874,-1.3597
92.930,2,-39.4730,1.7871,-1.3602
92.941,2,-39.4710,1.7867,-1.3606
92.952,2,-39.4690,1.7863,-1.3610
92.963,2,-39.4671,1.7859,-1.3615
92.974,2,-39.4646,1.7858,-1.3621
92.986,2,-39.4624,1.7857,-1.3627
92.996,2,-39.4604,1.7854,-1.3632
93.007,2,-39.4580,1.7850,-1.3634
93.018,2,-39.4558,1.7847,-1.3639
93.029,2,-39.4532,1.7841,-1.3640
93.040,2,-39.4505,1.7836,-1.3643
93.052,2,-39.4475,1.7830,-1.3647
93.063,2,-39.4447,1.7826,-1.3649
93.074,2,-39.4418,1.7821,-1.3651
93.085,2,-39.4389,1.7814,-1.3651
93.096,2,-39.4359,1.7811,-1.3651
93.107,2,-39.4328,1.7807,-1.3649
93.118,2,-39.4295,1.7806,-1.3647
93.130,2,-39.4258,1.7808,-1.3646
93.141,2,-39.4222,1.7813,-1.3644
93.152,2,-39.4185,1.7816,-1.3640
93.163,2,-39.4148,1.7819,-1.3635
93.174,2,-39.4109,1.7823,-1.3629
93.185,2,-39.4071,1.7824,-1.3623
93.196,2,-39.4031,1.7826,-1.3616
93.207,2,-39.3990,1.7827,-1.3610
93.218,2,-39.3945,1.7826,-1.3601
93.229,2,-39.3899,1.7826,-1.3595
93.241,2,-39.3853,1.7823,-1.3586
93.252,2,-39.3803,1.7818,-1.3575
93.263,2,-39.3755,1.7811,-1.3563
93.274,2,-39.3705,1.7806,-1.3551
93.286,2,-39.3654,1.7801,-1.3541
93.296,2,-39.3601,1.7795,-1.3529
93.308,2,-39.3546,1.7787,-1.3515
93.320,2,-39.3490,1.7779,-1.3503
93.331,2,-39.3429,1.7767,-1.3487
93.341,2,-39.3371,1.7758,-1.3472
93.351,2,-39.3312,1.7752,-1.3457
93.363,2,-39.3250,1.7747,-1.3441
93.373,2,-39.3186,1.7743,-1.3425
93.385,2,-39.3121,1.7737,-1.3407
93.396,2,-39.3056,1.7731,-1.3388
93.407,2,-39.2986,1.7722,-1.3367
93.418,2,-39.2918,1.7715,-1.3346
93.429,2,-39.2849,1.7707,-1.3324
93.440,2,-39.2783,1.7700,-1.3300
93.451,2,-39.2715,1.7692,-1.3275
93.462,2,-39.2645,1.7688,-1.3250
93.474,2,-39.2573,1.7684,-1.3224
93.484,2,-39.2500,1.7684,-1.3196
93.495,2,-39.2427,1.7686,-1.3168
93.507,2,-39.2352,1.7688,-1.3136
93.517,2,-39.2275,1.7692,-1.3106
93.529,2,-39.2200,1.7697,-1.3079
93.540,2,-39.2125,1.7705,-1.3051
93.551,2,-39.2051,1.7715,-1.3022
93.562,2,-39.1979,1.7728,-1.2992
93.573,2,-39.1905,1.7740,-1.2964
93.584,2,-39.1833,1.7758,-1.2935
93.595,2,-39.1760,1.7776,-1.2907
93.606,2,-39.1688,1.7793,-1.2881
93.617,2,-39.1617,1.7807,-1.2855
93.629,2,-39.1546,1.7818,-1.2829
93.640,2,-39.1478,1.7826,-1.2804
93.651,2,-39.1409,1.7832,-1.2781
93.662,2,-39.1339,1.7837,-1.2759
93.673,2,-39.1269,1.7846,-1.2740
93.684,2,-39.1199,1.7859,-1.2723
93.696,2,-39.1129,1.7872,-1.2706
93.707,2,-39.1058,1.7886,-1.2693
93.718,2,-39.0989,1.7897,-1.2681
93.730,2,-39.0919,1.7906,-1.2668
93.741,2,-39.0846,1.7915,-1.2659
93.752,2,-39.0774,1.7924,-1.2650
93.763,2,-39.0700,1.7934,-1.2640
93.775,2,-39.0625,1.7942,-1.2632
93.786,2,-39.0550,1.7948,-1.2623
93.797,2,-39.0475,1.7952,-1.2617
93.808,2,-39.0399,1.7953,-1.2612
93.819,2,-39.0324,1.7952,-1.2605
93.830,2,-39.0249,1.7951,-1.2600
93.841,2,-39.0170,1.7947,-1.2597
93.852,2,-39.0086,1.7941,-1.2595
93.863,2,-39.0004,1.7934,-1.2595
93.874,2,-38.9922,1.7926,-1.2596
93.885,2,-38.9838,1.7916,-1.2598
93.896,2,-38.9752,1.7906,-1.2601
93.907,2,-38.9664,1.7894,-1.2606
93.918,2,-38.9574,1.7883,-1.2611
93.929,2,-38.9481,1.7871,-1.2619
93.940,2,-38.9388,1.7859,-1.2628
93.951,2,-38.9295,1.7845,-1.2636
93.963,2,-38.9200,1.7830,-1.2645
93.974,2,-38.9106,1.7816,-1.2657
93.985,2,-38.9012,1.7799,-1.2668
93.996,2,-38.8914,1.7783,-1.2681
94.007,2,-38.8817,1.7767,-1.2695
94.019,2,-38.8718,1.7749,-1.2710
94.030,2,-38.8616,1.7730,-1.2727
94.041,2,-38.8518,1.7711,-1.2743
94.052,2,-38.8419,1.7691,-1.2764
94.063,2,-38.8320,1.7676,-1.2784
94.074,2,-38.8221,1.7665,-1.2805
94.085,2,-38.8121,1.7657,-1.2829
94.097,2,-38.8021,1.7651,-1.2855
94.108,2,-38.7920,1.7647,-1.2881
94.119,2,-38.7819,1.7644,-1.2910
94.130,2,-38.7716,1.7644,-1.2939
94.141,2,-38.7613,1.7649,-1.2970
94.152,2,-38.7511,1.7659,-1.2999
94.163,2,-38.7408,1.7677,-1.3029
94.174,2,-38.7305,1.7699,-1.3059
94.185,2,-38.7203,1.7726,-1.3090
94.196,2,-38.7100,1.7755,-1.3120
94.208,2,-38.6998,1.7782,-1.3149
94.219,2,-38.6897,1.7811,-1.3179
94.229,2,-38.6799,1.7835,-1.3207
94.241,2,-38.6701,1.7857,-1.3235
94.251,2,-38.6605,1.7872,-1.3259
94.263,2,-38.6512,1.7882,-1.3281
94.274,2,-38.6419,1.7887,-1.3300
94.285,2,-38.6328,1.7894,-1.3316
94.296,2,-38.6238,1.7904,-1.3329
94.307,2,-38.6145,1.7917,-1.3340
94.318,2,-38.6054,1.7935,-1.3352
94.329,2,-38.5961,1.7953,-1.3361
94.341,2,-38.5867,1.7967,-1.3370
94.352,2,-38.5773,1.7979,-1.3377
94.363,2,-38.5681,1.7991,-1.3381
94.374,2,-38.5589,1.8003,-1.3386
94.386,2,-38.5496,1.8016,-1.3389
94.396,2,-38.5403,1.8029,-1.3392
94.407,2,-38.5311,1.8042,-1.3396
94.418,2,-38.5217,1.8052,-1.3397
94.430,2,-38.5126,1.8060,-1.3398
94.440,2,-38.5033,1.8066,-1.3396
94.451,2,-38.4940,1.8066,-1.3393
94.462,2,-38.4846,1.8067,-1.3391
94.474,2,-38.4752,1.8066,-1.3389
94.485,2,-38.4659,1.8063,-1.3386
94.496,2,-38.4565,1.8062,-1.3385
94.507,2,-38.4467,1.8058,-1.3381
94.518,2,-38.4370,1.8052,-1.3377
94.529,2,-38.4269,1.8043,-1.3372
94.540,2,-38.4171,1.8033,-1.3366
94.552,2,-38.4071,1.8023,-1.3361
94.563,2,-38.3970,1.8010,-1.3354
94.574,2,-38.3872,1.7995,-1.3347
94.585,2,-38.3773,1.7979,-1.3338
94.596,2,-38.3671,1.7961,-1.3329
94.607,2,-38.3571,1.7943,-1.3319
94.618,2,-38.3471,1.7920,-1.3307
94.629,2,-38.3369,1.7899,-1.3294
94.640,2,-38.3266,1.7880,-1.3282
94.652,2,-38.3162,1.7865,-1.3269
94.663,2,-38.3056,1.7854,-1.3255
94.674,2,-38.2948,1.7845,-1.3239
94.685,2,-38.2841,1.7835,-1.3223
94.696,2,-38.2733,1.7826,-1.3204
94.707,2,-38.2623,1.7819,-1.3184
94.718,2,-38.2515,1.7813,-1.3166
94.730,2,-38.2405,1.7811,-1.3144
94.741,2,-38.2298,1.7812,-1.3122
94.752,2,-38.2189,1.7815,-1.3101
94.763,2,-38.2078,1.7827,-1.3078
94.774,2,-38.1966,1.7847,-1.3054
94.785,2,-38.1855,1.7870,-1.3031
94.796,2,-38.1748,1.7899,-1.3009
94.807,2,-38.1638,1.7924,-1.2988
94.818,2,-38.1530,1.7952,-1.2969
94.829,2,-38.1423,1.7979,-1.2951
94.841,2,-38.1317,1.8001,-1.2935
94.852,2,-38.1214,1.8021,-1.2920
94.863,2,-38.1112,1.8033,-1.2908
94.874,2,-38.1012,1.8044,-1.2897
94.885,2,-38.0913,1.8052,-1.2891
94.896,2,-38.0819,1.8061,-1.2886
94.907,2,-38.0724,1.8073,-1.2882
94.918,2,-38.0630,1.8089,-1.2879
94.929,2,-38.0537,1.8107,-1.2874
94.940,2,-38.0441,1.8125,-1.2871
94.951,2,-38.0346,1.8142,-1.2869
94.963,2,-38.0252,1.8158,-1.2868
94.973,2,-38.0157,1.8175,-1.2868
94.985,2,-38.0063,1.8190,-1.2868
94.996,2,-37.9969,1.8205,-1.2869
95.007,2,-37.9877,1.8217,-1.2870
95.018,2,-37.9784,1.8227,-1.2871
95.029,2,-37.9692,1.8236,-1.2874
95.041,2,-37.9598,1.8240,-1.2877
95.051,2,-37.9503,1.8244,-1.2879
95.063,2,-37.9410,1.8244,-1.2884
95.074,2,-37.9317,1.8243,-1.2888
95.085,2,-37.9224,1.8239,-1.2893
95.096,2,-37.9131,1.8234,-1.2899
95.107,2,-37.9038,1.8228,-1.2905
95.118,2,-37.8943,1.8220,-1.2911
95.129,2,-37.8849,1.8209,-1.2918
95.140,2,-37.8754,1.8197,-1.2925
95.151,2,-37.8659,1.8180,-1.2934
95.162,2,-37.8564,1.8164,-1.2942
95.173,2,-37.8467,1.8146,-1.2953
95.185,2,-37.8370,1.8129,-1.2963
95.196,2,-37.8272,1.8111,-1.2974
95.207,2,-37.8174,1.8092,-1.2986
95.218,2,-37.8076,1.8071,-1.3000
95.229,2,-37.7978,1.8049,-1.3015
95.241,2,-37.7880,1.8026,-1.3031
95.252,2,-37.7781,1.8004,-1.3049
95.263,2,-37.7683,1.7981,-1.3069
95.274,2,-37.7585,1.7961,-1.3089
95.285,2,-37.7485,1.7944,-1.3112
95.296,2,-37.7385,1.7934,-1.3135
95.307,2,-37.7284,1.7926,-1.3159
95.318,2,-37.7183,1.7922,-1.3185
95.329,2,-37.7084,1.7917,-1.3212
95.341,2,-37.6984,1.7912,-1.3241
95.352,2,-37.6884,1.7907,-1.3271
95.362,2,-37.6783,1.7904,-1.3301
95.373,2,-37.6684,1.7904,-1.3332
95.384,2,-37.6585,1.7913,-1.3364
95.396,2,-37.6485,1.7930,-1.3396
95.406,2,-37.6388,1.7949,-1.3427
95.417,2,-37.6291,1.7968,-1.3459
95.428,2,-37.6193,1.7989,-1.3493
95.439,2,-37.6095,1.8011,-1.3525
95.450,2,-37.5997,1.8036,-1.3556
95.461,2,-37.5900,1.8058,-1.3586
95.472,2,-37.5805,1.8077,-1.3612
95.483,2,-37.5709,1.8092,-1.3637
95.495,2,-37.5615,1.8102,-1.3660
95.506,2,-37.5522,1.8111,-1.3680
95.517,2,-37.5429,1.8121,-1.3699
95.528,2,-37.5336,1.8137,-1.3718
95.539,2,-37.5244,1.8156,-1.3733
95.550,2,-37.5151,1.8176,-1.3746
95.561,2,-37.5061,1.8194,-1.3760
95.572,2,-37.4968,1.8211,-1.3772
95.584,2,-37.4877,1.8227,-1.3785
95.595,2,-37.4787,1.8241,-1.3794
95.606,2,-37.4696,1.8257,-1.3805
95.617,2,-37.4606,1.8271,-1.3815
95.628,2,-37.4517,1.8283,-1.3823
95.639,2,-37.4429,1.8294,-1.3831
95.651,2,-37.4341,1.8303,-1.3836
95.662,2,-37.4254,1.8309,-1.3841
95.673,2,-37.4166,1.8314,-1.3844
95.684,2,-37.4077,1.8315,-1.3847
95.695,2,-37.3989,1.8316,-1.3850
95.706,2,-37.3900,1.8316,-1.3851
95.717,2,-37.3811,1.8314,-1.3853
95.728,2,-37.3720,1.8312,-1.3854
95.739,2,-37.3629,1.8307,-1.3853
95.751,2,-37.3537,1.8301,-1.3853
95.762,2,-37.3447,1.8293,-1.3854
95.773,2,-37.3354,1.8284,-1.3853
95.784,2,-37.3259,1.8274,-1.3852
95.795,2,-37.3166,1.8265,-1.3849
95.807,2,-37.3070,1.8253,-1.3846
95.818,2,-37.2974,1.8240,-1.3842
95.829,2,-37.2880,1.8225,-1.3838
95.840,2,-37.2784,1.8207,-1.3832
95.851,2,-37.2688,1.8189,-1.3826
95.863,2,-37.2591,1.8169,-1.3818
95.873,2,-37.2493,1.8148,-1.3810
95.884,2,-37.2395,1.8127,-1.3801
95.895,2,-37.2297,1.8106,-1.3790
95.906,2,-37.2197,1.8088,-1.3780
95.918,2,-37.2098,1.8072,-1.3769
95.929,2,-37.1998,1.8058,-1.3758
95.939,2,-37.1895,1.8045,-1.3746
95.950,2,-37.1793,1.8033,-1.3732
95.962,2,-37.1690,1.8020,-1.3719
95.973,2,-37.1587,1.8010,-1.3704
95.984,2,-37.1481,1.7999,-1.3688
95.995,2,-37.1376,1.7990,-1.3670
96.007,2,-37.1273,1.7983,-1.3653
96.017,2,-37.1168,1.7982,-1.3635
96.028,2,-37.1063,1.7991,-1.3618
96.039,2,-37.0959,1.8004,-1.3600
96.050,2,-37.0855,1.8022,-1.3581
96.061,2,-37.0749,1.8038,-1.3563
96.072,2,-37.0645,1.8057,-1.3545
96.083,2,-37.0542,1.8073,-1.3528
96.094,2,-37.0440,1.8092,-1.3512
96.106,2,-37.0340,1.8110,-1.3497
96.117,2,-37.0242,1.8121,-1.3481
96.128,2,-37.0147,1.8130,-1.3468
96.139,2,-37.0055,1.8131,-1.3457
96.150,2,-36.9963,1.8131,-1.3450
96.161,2,-36.9873,1.8133,-1.3446
96.172,2,-36.9782,1.8140,-1.3443
96.183,2,-36.9690,1.8154,-1.3440
96.194,2,-36.9596,1.8172,-1.3437
96.205,2,-36.9501,1.8190,-1.3437
96.216,2,-36.9408,1.8207,-1.3437
96.228,2,-36.9315,1.8222,-1.3439
96.239,2,-36.9224,1.8235,-1.3442
96.250,2,-36.9133,1.8249,-1.3448
96.261,2,-36.9042,1.8263,-1.3455
96.272,2,-36.8952,1.8276,-1.3461
96.283,2,-36.8865,1.8289,-1.3468
96.294,2,-36.8776,1.8300,-1.3476
96.305,2,-36.8687,1.8310,-1.3485
96.316,2,-36.8597,1.8318,-1.3493
96.328,2,-36.8508,1.8323,-1.3502
96.338,2,-36.8418,1.8327,-1.3512
96.350,2,-36.8327,1.8328,-1.3522
96.361,2,-36.8236,1.8326,-1.3533
96.371,2,-36.8146,1.8325,-1.3544
96.383,2,-36.8054,1.8321,-1.3556
96.394,2,-36.7963,1.8317,-1.3568
96.405,2,-36.7872,1.8310,-1.3581
96.416,2,-36.7780,1.8299,-1.3595
96.427,2,-36.7688,1.8288,-1.3608
96.438,2,-36.7597,1.8273,-1.3624
96.449,2,-36.7507,1.8258,-1.3640
96.460,2,-36.7413,1.8244,-1.3659
96.471,2,-36.7321,1.8229,-1.3675
96.482,2,-36.7227,1.8213,-1.3693
96.493,2,-36.7133,1.8195,-1.3713
96.504,2,-36.7036,1.8176,-1.3733
96.516,2,-36.6942,1.8155,-1.3754
96.527,2,-36.6845,1.8133,-1.3776
96.538,2,-36.6750,1.8112,-1.3798
96.549,2,-36.6653,1.8095,-1.3822
96.560,2,-36.6555,1.8081,-1.3848
96.571,2,-36.6457,1.8070,-1.3873
96.583,2,-36.6357,1.8064,-1.3901
96.594,2,-36.6259,1.8059,-1.3929
96.605,2,-36.6159,1.8055,-1.3959
96.616,2,-36.6060,1.8051,-1.3988
96.627,2,-36.5964,1.8047,-1.4018
96.640,2,-36.5865,1.8048,-1.4050
96.651,2,-36.5764,1.8061,-1.4081
96.662,2,-36.5665,1.8078,-1.4111
96.672,2,-36.5570,1.8101,-1.4141
96.683,2,-36.5474,1.8120,-1.4171
96.694,2,-36.5380,1.8142,-1.4201
96.705,2,-36.5285,1.8169,-1.4231
96.716,2,-36.5193,1.8194,-1.4260
96.727,2,-36.5101,1.8219,-1.4288
96.738,2,-36.5011,1.8241,-1.4314
96.749,2,-36.4922,1.8258,-1.4337
96.760,2,-36.4832,1.8270,-1.4361
96.772,2,-36.4746,1.8277,-1.4380
96.782,2,-36.4662,1.8280,-1.4398
96.793,2,-36.4576,1.8287,-1.4414
96.805,2,-36.4489,1.8298,-1.4428
96.816,2,-36.4400,1.8317,-1.4442
96.827,2,-36.4315,1.8335,-1.4455
96.838,2,-36.4232,1.8353,-1.4466
96.849,2,-36.4148,1.8368,-1.4478
96.860,2,-36.4065,1.8382,-1.4486
96.871,2,-36.3980,1.8395,-1.4493
96.882,2,-36.3898,1.8406,-1.4501
96.893,2,-36.3816,1.8417,-1.4508
96.904,2,-36.3737,1.8428,-1.4513
96.916,2,-36.3658,1.8439,-1.4519
96.927,2,-36.3581,1.8446,-1.4524
96.938,2,-36.3503,1.8456,-1.4528
96.949,2,-36.3424,1.8460,-1.4531
96.960,2,-36.3346,1.8462,-1.4533
96.971,2,-36.3267,1.8463,-1.4536
96.982,2,-36.3186,1.8465,-1.4538
96.993,2,-36.3104,1.8465,-1.4538
97.005,2,-36.3022,1.8463,-1.4538
97.016,2,-36.2938,1.8461,-1.4537
97.028,2,-36.2855,1.8456,-1.4534
97.039,2,-36.2771,1.8449,-1.4532
97.050,2,-36.2687,1.8439,-1.4529
97.062,2,-36.2602,1.8430,-1.4525
97.072,2,-36.2517,1.8420,-1.4521
97.084,2,-36.2431,1.8407,-1.4514
97.095,2,-36.2345,1.8393,-1.4507
97.106,2,-36.2262,1.8380,-1.4499
97.117,2,-36.2176,1.8365,-1.4491
97.128,2,-36.2093,1.8348,-1.4480
97.139,2,-36.2008,1.8331,-1.4469
97.150,2,-36.1922,1.8314,-1.4457
97.161,2,-36.1836,1.8300,-1.4444
97.172,2,-36.1750,1.8290,-1.4430
97.183,2,-36.1662,1.8283,-1.4413
97.194,2,-36.1576,1.8276,-1.4397
97.205,2,-36.1490,1.8270,-1.4379
97.216,2,-36.1405,1.8261,-1.4360
97.227,2,-36.1321,1.8254,-1.4341
97.238,2,-36.1237,1.8246,-1.4319
97.249,2,-36.1153,1.8241,-1.4297
97.260,2,-36.1068,1.8237,-1.4275
97.271,2,-36.0982,1.8241,-1.4252
97.283,2,-36.0898,1.8253,-1.4230
97.294,2,-36.0812,1.8271,-1.4205
97.305,2,-36.0729,1.8286,-1.4182
97.316,2,-36.0645,1.8303,-1.4159
97.327,2,-36.0562,1.8323,-1.4137
97.338,2,-36.0478,1.8346,-1.4115
97.349,2,-36.0395,1.8366,-1.4093
97.360,2,-36.0313,1.8387,-1.4072
97.372,2,-36.0231,1.8405,-1.4053
97.384,2,-36.0150,1.8420,-1.4034
97.394,2,-36.0071,1.8427,-1.4018
97.404,2,-35.9990,1.8434,-1.4002
97.415,2,-35.9909,1.8441,-1.3987
97.426,2,-35.9829,1.8447,-1.3977
97.438,2,-35.9747,1.8457,-1.3968
97.449,2,-35.9666,1.8470,-1.3958
97.460,2,-35.9584,1.8484,-1.3951
97.471,2,-35.9504,1.8498,-1.3943
97.482,2,-35.9423,1.8512,-1.3937
97.494,2,-35.9345,1.8521,-1.3935
97.505,2,-35.9268,1.8530,-1.3932
97.515,2,-35.9192,1.8538,-1.3930
97.526,2,-35.9120,1.8545,-1.3928
97.537,2,-35.9046,1.8553,-1.3926
97.548,2,-35.8974,1.8562,-1.3926
97.559,2,-35.8902,1.8570,-1.3925
97.570,2,-35.8828,1.8579,-1.3924
97.582,2,-35.8758,1.8585,-1.3924
97.593,2,-35.8686,1.8590,-1.3924
97.603,2,-35.8615,1.8593,-1.3926
97.614,2,-35.8543,1.8598,-1.3927
97.626,2,-35.8473,1.8602,-1.3929
97.637,2,-35.8402,1.8605,-1.3931
97.648,2,-35.8332,1.8607,-1.3935
97.659,2,-35.8263,1.8609,-1.3939
97.670,2,-35.8194,1.8610,-1.3943
97.681,2,-35.8124,1.8610,-1.3948
97.693,2,-35.8054,1.8608,-1.3954
97.704,2,-35.7986,1.8604,-1.3961
97.715,2,-35.7916,1.8600,-1.3968
97.726,2,-35.7846,1.8595,-1.3976
97.738,2,-35.7777,1.8588,-1.3984
97.749,2,-35.7709,1.8579,-1.3994
97.760,2,-35.7642,1.8570,-1.4004
97.771,2,-35.7576,1.8561,-1.4016
97.783,2,-35.7510,1.8552,-1.4028
97.794,2,-35.7444,1.8543,-1.4041
97.805,2,-35.7379,1.8535,-1.4054
97.816,2,-35.7314,1.8527,-1.4068
97.828,2,-35.7250,1.8521,-1.4082
97.839,2,-35.7186,1.8516,-1.4097
97.850,2,-35.7121,1.8513,-1.4113
97.862,2,-35.7056,1.8510,-1.4131
97.873,2,-35.6993,1.8506,-1.4149
97.884,2,-35.6930,1.8502,-1.4168
97.895,2,-35.6868,1.8496,-1.4189
97.906,2,-35.6806,1.8492,-1.4210
97.917,2,-35.6745,1.8491,-1.4231
97.928,2,-35.6684,1.8493,-1.4252
97.938,2,-35.6624,1.8499,-1.4273
97.950,2,-35.6564,1.8506,-1.4294
97.960,2,-35.6503,1.8512,-1.4317
97.972,2,-35.6445,1.8518,-1.4342
97.983,2,-35.6386,1.8527,-1.4365
97.994,2,-35.6327,1.8540,-1.4387
98.005,2,-35.6268,1.8553,-1.4410
98.016,2,-35.6211,1.8566,-1.4432
98.027,2,-35.6154,1.8576,-1.4454
98.038,2,-35.6097,1.8585,-1.4476
98.049,2,-35.6040,1.8593,-1.4497
98.060,2,-35.5984,1.8601,-1.4518
98.071,2,-35.5928,1.8607,-1.4537
98.083,2,-35.5874,1.8611,-1.4555
98.094,2,-35.5819,1.8614,-1.4572
98.105,2,-35.5768,1.8611,-1.4589
98.116,2,-35.5714,1.8611,-1.4604
98.128,2,-35.5664,1.8608,-1.4613
98.139,2,-35.5611,1.8608,-1.4625
98.149,2,-35.5561,1.8610,-1.4635
98.160,2,-35.5511,1.8613,-1.4645
98.171,2,-35.5462,1.8616,-1.4653
98.182,2,-35.5413,1.8619,-1.4660
98.193,2,-35.5364,1.8620,-1.4666
98.204,2,-35.5318,1.8620,-1.4672
98.215,2,-35.5272,1.8620,-1.4677
98.227,2,-35.5226,1.8623,-1.4681
98.238,2,-35.5183,1.8626,-1.4684
98.249,2,-35.5141,1.8630,-1.4686
98.260,2,-35.5100,1.8634,-1.4689
98.271,2,-35.5060,1.8637,-1.4690
98.283,2,-35.5020,1.8639,-1.4691
98.294,2,-35.4983,1.8640,-1.4691
98.305,2,-35.4946,1.8641,-1.4688
98.316,2,-35.4909,1.8642,-1.4686
98.328,2,-35.4875,1.8642,-1.4682
98.339,2,-35.4841,1.8644,-1.4679
98.350,2,-35.4807,1.8646,-1.4674
98.361,2,-35.4775,1.8646,-1.4668
98.372,2,-35.4744,1.8645,-1.4661
98.384,2,-35.4714,1.8643,-1.4654
98.395,2,-35.4684,1.8641,-1.4647
98.405,2,-35.4656,1.8637,-1.4639
98.417,2,-35.4630,1.8634,-1.4629
98.427,2,-35.4605,1.8629,-1.4619
98.438,2,-35.4580,1.8625,-1.4607
98.449,2,-35.4558,1.8618,-1.4596
98.461,2,-35.4536,1.8611,-1.4583
98.472,2,-35.4516,1.8604,-1.4569
98.483,2,-35.4496,1.8598,-1.4553
98.494,2,-35.4478,1.8592,-1.4537
98.505,2,-35.4462,1.8586,-1.4519
98.516,2,-35.4446,1.8583,-1.4502
98.527,2,-35.4431,1.8582,-1.4484
98.538,2,-35.4417,1.8579,-1.4466
98.549,2,-35.4406,1.8577,-1.4446
98.560,2,-35.4394,1.8574,-1.4428
98.571,2,-35.4382,1.8573,-1.4408
98.582,2,-35.4370,1.8575,-1.4387
98.593,2,-35.4358,1.8576,-1.4365
98.604,2,-35.4346,1.8579,-1.4343
98.616,2,-35.4337,1.8580,-1.4321
98.627,2,-35.4327,1.8582,-1.4301
98.638,2,-35.4318,1.8585,-1.4277
98.649,2,-35.4311,1.8588,-1.4256
98.660,2,-35.4302,1.8592,-1.4234
98.671,2,-35.4295,1.8597,-1.4214
98.683,2,-35.4287,1.8601,-1.4194
98.694,2,-35.4281,1.8605,-1.4174
98.705,2,-35.4275,1.8609,-1.4154
98.716,2,-35.4270,1.8612,-1.4136
98.727,2,-35.4265,1.8615,-1.4119
98.738,2,-35.4260,1.8616,-1.4103
98.749,2,-35.4255,1.8617,-1.4086
98.760,2,-35.4251,1.8617,-1.4071
98.772,2,-35.4245,1.8619,-1.4055
98.783,2,-35.4240,1.8619,-1.4039
98.794,2,-35.4234,1.8621,-1.4024
98.805,2,-35.4228,1.8623,-1.4010
98.816,2,-35.4223,1.8624,-1.3997
98.827,2,-35.4217,1.8626,-1.3985
98.839,2,-35.4213,1.8630,-1.3974
98.849,2,-35.4207,1.8632,-1.3963
98.860,2,-35.4201,1.8634,-1.3952
98.872,2,-35.4195,1.8637,-1.3942
98.883,2,-35.4190,1.8641,-1.3933
98.894,2,-35.4184,1.8644,-1.3924
98.905,2,-35.4178,1.8645,-1.3916
98.917,2,-35.4172,1.8646,-1.3909
98.927,2,-35.4167,1.8646,-1.3902
98.938,2,-35.4161,1.8646,-1.3894
98.949,2,-35.4155,1.8645,-1.3888
98.960,2,-35.4149,1.8645,-1.3882
98.971,2,-35.4143,1.8644,-1.3874
98.982,2,-35.4138,1.8643,-1.3870
98.993,2,-35.4133,1.8641,-1.3866
99.005,2,-35.4127,1.8640,-1.3864
99.016,2,-35.4122,1.8638,-1.3861
99.027,2,-35.4117,1.8636,-1.3859
99.038,2,-35.4114,1.8634,-1.3858
99.049,2,-35.4110,1.8633,-1.3857
99.060,2,-35.4105,1.8631,-1.3856
99.071,2,-35.4100,1.8630,-1.3856
99.082,2,-35.4095,1.8629,-1.3856
99.093,2,-35.4091,1.8629,-1.3856
99.105,2,-35.4086,1.8630,-1.3857
99.116,2,-35.4082,1.8630,-1.3857
99.127,2,-35.4077,1.8631,-1.3858
99.138,2,-35.4072,1.8632,-1.3859
99.149,2,-35.4069,1.8632,-1.3861
99.160,2,-35.4065,1.8631,-1.3862
99.171,2,-35.4063,1.8629,-1.3863
99.182,2,-35.4061,1.8627,-1.3864

# --- Trial 3 start ---
108.323,3,-39.4579,1.7667,-1.2561
108.340,3,-39.4584,1.7672,-1.2559
108.348,3,-39.4589,1.7677,-1.2557
108.356,3,-39.4593,1.7683,-1.2554
108.364,3,-39.4597,1.7688,-1.2552
108.374,3,-39.4600,1.7693,-1.2549
108.385,3,-39.4605,1.7699,-1.2546
108.397,3,-39.4609,1.7704,-1.2543
108.410,3,-39.4610,1.7710,-1.2540
108.434,3,-39.4615,1.7722,-1.2533
108.451,3,-39.4620,1.7731,-1.2525
108.462,3,-39.4622,1.7735,-1.2521
108.474,3,-39.4624,1.7740,-1.2517
108.486,3,-39.4624,1.7745,-1.2512
108.496,3,-39.4625,1.7749,-1.2507
108.507,3,-39.4628,1.7754,-1.2502
108.518,3,-39.4630,1.7759,-1.2497
108.529,3,-39.4633,1.7763,-1.2492
108.540,3,-39.4635,1.7766,-1.2486
108.551,3,-39.4636,1.7769,-1.2480
108.562,3,-39.4636,1.7772,-1.2474
108.574,3,-39.4636,1.7776,-1.2467
108.584,3,-39.4637,1.7779,-1.2461
108.596,3,-39.4638,1.7783,-1.2455
108.607,3,-39.4640,1.7787,-1.2449
108.618,3,-39.4641,1.7790,-1.2443
108.629,3,-39.4642,1.7793,-1.2436
108.641,3,-39.4643,1.7796,-1.2430
108.652,3,-39.4643,1.7798,-1.2421
108.663,3,-39.4643,1.7802,-1.2414
108.674,3,-39.4644,1.7804,-1.2407
108.686,3,-39.4645,1.7808,-1.2400
108.696,3,-39.4645,1.7810,-1.2392
108.707,3,-39.4645,1.7812,-1.2385
108.718,3,-39.4646,1.7814,-1.2377
108.730,3,-39.4647,1.7817,-1.2368
108.741,3,-39.4648,1.7819,-1.2360
108.752,3,-39.4648,1.7822,-1.2352
108.763,3,-39.4648,1.7826,-1.2343
108.774,3,-39.4648,1.7830,-1.2335
108.785,3,-39.4646,1.7833,-1.2325
108.797,3,-39.4643,1.7837,-1.2316
108.808,3,-39.4641,1.7839,-1.2307
108.819,3,-39.4639,1.7842,-1.2297
108.830,3,-39.4634,1.7847,-1.2287
108.842,3,-39.4629,1.7850,-1.2277
108.853,3,-39.4624,1.7855,-1.2267
108.865,3,-39.4619,1.7858,-1.2258
108.877,3,-39.4615,1.7860,-1.2248
108.887,3,-39.4611,1.7863,-1.2239
108.898,3,-39.4606,1.7865,-1.2229
108.910,3,-39.4600,1.7866,-1.2219
108.921,3,-39.4596,1.7866,-1.2210
108.932,3,-39.4591,1.7864,-1.2201
108.943,3,-39.4588,1.7862,-1.2193
108.954,3,-39.4585,1.7858,-1.2185
108.965,3,-39.4580,1.7854,-1.2178
108.977,3,-39.4575,1.7850,-1.2171
108.988,3,-39.4571,1.7847,-1.2166
108.999,3,-39.4566,1.7845,-1.2162
109.010,3,-39.4563,1.7845,-1.2159
109.022,3,-39.4558,1.7845,-1.2157
109.033,3,-39.4553,1.7844,-1.2156
109.044,3,-39.4549,1.7843,-1.2156
109.055,3,-39.4544,1.7842,-1.2157
109.066,3,-39.4539,1.7844,-1.2158
109.077,3,-39.4533,1.7849,-1.2162
109.088,3,-39.4528,1.7855,-1.2165
109.099,3,-39.4522,1.7864,-1.2170
109.111,3,-39.4516,1.7872,-1.2175
109.122,3,-39.4510,1.7878,-1.2180
109.133,3,-39.4504,1.7883,-1.2187
109.144,3,-39.4499,1.7887,-1.2195
109.155,3,-39.4493,1.7890,-1.2203
109.167,3,-39.4490,1.7891,-1.2211
109.178,3,-39.4484,1.7892,-1.2221
109.189,3,-39.4479,1.7892,-1.2231
109.200,3,-39.4473,1.7891,-1.2243
109.211,3,-39.4468,1.7890,-1.2256
109.223,3,-39.4460,1.7886,-1.2270
109.234,3,-39.4453,1.7882,-1.2285
109.245,3,-39.4446,1.7878,-1.2300
109.256,3,-39.4437,1.7872,-1.2317
109.267,3,-39.4428,1.7866,-1.2334
109.278,3,-39.4420,1.7858,-1.2352
109.289,3,-39.4411,1.7850,-1.2370
109.301,3,-39.4403,1.7841,-1.2389
109.312,3,-39.4395,1.7828,-1.2410
109.322,3,-39.4388,1.7813,-1.2430
109.334,3,-39.4381,1.7795,-1.2451
109.345,3,-39.4375,1.7775,-1.2472
109.356,3,-39.4366,1.7775,-1.2499
109.367,3,-39.4338,1.7810,-1.2525
109.378,3,-39.4324,1.7857,-1.2539
109.389,3,-39.4307,1.7892,-1.2563
109.401,3,-39.4290,1.7907,-1.2585
109.411,3,-39.4274,1.7911,-1.2609
109.423,3,-39.4264,1.7909,-1.2631
109.434,3,-39.4258,1.7903,-1.2651
109.445,3,-39.4250,1.7896,-1.2672
109.456,3,-39.4240,1.7894,-1.2693
109.467,3,-39.4233,1.7898,-1.2711
109.478,3,-39.4222,1.7909,-1.2728
109.489,3,-39.4208,1.7921,-1.2742
109.500,3,-39.4193,1.7926,-1.2758
109.512,3,-39.4179,1.7925,-1.2772
109.524,3,-39.4166,1.7920,-1.2786
109.533,3,-39.4154,1.7916,-1.2800
109.544,3,-39.4142,1.7909,-1.2816
109.554,3,-39.4128,1.7902,-1.2830
109.566,3,-39.4118,1.7902,-1.2845
109.577,3,-39.4104,1.7904,-1.2859
109.588,3,-39.4091,1.7906,-1.2872
109.599,3,-39.4077,1.7907,-1.2887
109.610,3,-39.4062,1.7902,-1.2901
109.621,3,-39.4050,1.7899,-1.2918
109.632,3,-39.4034,1.7896,-1.2932
109.643,3,-39.4020,1.7894,-1.2947
109.655,3,-39.4004,1.7894,-1.2962
109.666,3,-39.3987,1.7895,-1.2978
109.677,3,-39.3969,1.7895,-1.2993
109.688,3,-39.3950,1.7893,-1.3006
109.699,3,-39.3931,1.7892,-1.3021
109.710,3,-39.3911,1.7890,-1.3032
109.721,3,-39.3889,1.7888,-1.3046
109.732,3,-39.3866,1.7886,-1.3061
109.744,3,-39.3841,1.7882,-1.3073
109.755,3,-39.3815,1.7878,-1.3087
109.766,3,-39.3786,1.7871,-1.3101
109.777,3,-39.3757,1.7863,-1.3115
109.788,3,-39.3724,1.7855,-1.3129
109.799,3,-39.3694,1.7847,-1.3141
109.810,3,-39.3662,1.7840,-1.3153
109.821,3,-39.3628,1.7833,-1.3164
109.832,3,-39.3594,1.7825,-1.3172
109.843,3,-39.3556,1.7819,-1.3181
109.854,3,-39.3519,1.7813,-1.3189
109.865,3,-39.3478,1.7811,-1.3198
109.876,3,-39.3437,1.7810,-1.3205
109.888,3,-39.3393,1.7812,-1.3210
109.899,3,-39.3348,1.7813,-1.3215
109.910,3,-39.3303,1.7814,-1.3217
109.921,3,-39.3255,1.7815,-1.3220
109.933,3,-39.3207,1.7815,-1.3222
109.944,3,-39.3157,1.7815,-1.3227
109.955,3,-39.3107,1.7812,-1.3228
109.967,3,-39.3057,1.7808,-1.3229
109.978,3,-39.3005,1.7803,-1.3229
109.989,3,-39.2953,1.7796,-1.3226
110.001,3,-39.2900,1.7792,-1.3225
110.012,3,-39.2845,1.7786,-1.3222
110.023,3,-39.2786,1.7778,-1.3219
110.034,3,-39.2729,1.7769,-1.3215
110.045,3,-39.2670,1.7757,-1.3211
110.056,3,-39.2612,1.7745,-1.3206
110.067,3,-39.2554,1.7732,-1.3196
110.078,3,-39.2493,1.7721,-1.3189
110.089,3,-39.2431,1.7711,-1.3179
110.100,3,-39.2368,1.7702,-1.3168
110.111,3,-39.2304,1.7693,-1.3157
110.123,3,-39.2241,1.7683,-1.3146
110.134,3,-39.2171,1.7671,-1.3129
110.145,3,-39.2107,1.7659,-1.3112
110.156,3,-39.2038,1.7649,-1.3094
110.167,3,-39.1972,1.7642,-1.3076
110.178,3,-39.1901,1.7635,-1.3056
110.189,3,-39.1829,1.7632,-1.3036
110.200,3,-39.1755,1.7626,-1.3014
110.211,3,-39.1681,1.7620,-1.2991
110.222,3,-39.1606,1.7613,-1.2967
110.233,3,-39.1533,1.7606,-1.2939
110.244,3,-39.1458,1.7604,-1.2913
110.255,3,-39.1382,1.7608,-1.2886
110.266,3,-39.1304,1.7614,-1.2860
110.278,3,-39.1225,1.7626,-1.2830
110.289,3,-39.1145,1.7636,-1.2801
110.299,3,-39.1065,1.7642,-1.2772
110.310,3,-39.0988,1.7649,-1.2741
110.322,3,-39.0913,1.7660,-1.2712
110.333,3,-39.0836,1.7676,-1.2685
110.344,3,-39.0758,1.7700,-1.2659
110.356,3,-39.0683,1.7724,-1.2631
110.366,3,-39.0606,1.7749,-1.2606
110.378,3,-39.0530,1.7771,-1.2580
110.389,3,-39.0453,1.7788,-1.2557
110.400,3,-39.0376,1.7803,-1.2536
110.411,3,-39.0300,1.7811,-1.2518
110.422,3,-39.0225,1.7820,-1.2502
110.433,3,-39.0147,1.7829,-1.2490
110.444,3,-39.0069,1.7840,-1.2476
110.456,3,-38.9989,1.7853,-1.2464
110.467,3,-38.9908,1.7867,-1.2452
110.478,3,-38.9827,1.7879,-1.2441
110.489,3,-38.9746,1.7891,-1.2432
110.500,3,-38.9666,1.7900,-1.2425
110.511,3,-38.9587,1.7909,-1.2422
110.522,3,-38.9507,1.7917,-1.2418
110.533,3,-38.9428,1.7924,-1.2415
110.544,3,-38.9346,1.7933,-1.2412
110.555,3,-38.9266,1.7939,-1.2408
110.566,3,-38.9185,1.7945,-1.2407
110.577,3,-38.9105,1.7950,-1.2405
110.588,3,-38.9023,1.7953,-1.2406
110.599,3,-38.8939,1.7955,-1.2407
110.610,3,-38.8855,1.7954,-1.2410
110.622,3,-38.8769,1.7953,-1.2412
110.633,3,-38.8683,1.7950,-1.2415
110.644,3,-38.8594,1.7946,-1.2418
110.655,3,-38.8505,1.7940,-1.2421
110.666,3,-38.8415,1.7932,-1.2427
110.677,3,-38.8324,1.7923,-1.2433
110.688,3,-38.8232,1.7914,-1.2439
110.700,3,-38.8139,1.7903,-1.2447
110.711,3,-38.8046,1.7889,-1.2456
110.722,3,-38.7952,1.7877,-1.2465
110.733,3,-38.7858,1.7861,-1.2475
110.744,3,-38.7762,1.7844,-1.2486
110.755,3,-38.7665,1.7826,-1.2498
110.766,3,-38.7572,1.7807,-1.2510
110.777,3,-38.7476,1.7788,-1.2524
110.788,3,-38.7379,1.7768,-1.2539
110.799,3,-38.7280,1.7748,-1.2555
110.811,3,-38.7185,1.7724,-1.2573
110.821,3,-38.7086,1.7703,-1.2591
110.832,3,-38.6988,1.7683,-1.2611
110.844,3,-38.6886,1.7665,-1.2633
110.855,3,-38.6785,1.7653,-1.2655
110.866,3,-38.6681,1.7644,-1.2678
110.877,3,-38.6579,1.7637,-1.2704
110.888,3,-38.6475,1.7630,-1.2730
110.899,3,-38.6373,1.7628,-1.2757
110.911,3,-38.6269,1.7630,-1.2786
110.922,3,-38.6164,1.7635,-1.2813
110.933,3,-38.6060,1.7650,-1.2841
110.944,3,-38.5956,1.7672,-1.2869
110.955,3,-38.5855,1.7695,-1.2897
110.966,3,-38.5751,1.7726,-1.2926
110.978,3,-38.5649,1.7754,-1.2955
110.989,3,-38.5547,1.7783,-1.2983
111.000,3,-38.5447,1.7811,-1.3010
111.011,3,-38.5351,1.7835,-1.3036
111.022,3,-38.5255,1.7853,-1.3061
111.033,3,-38.5164,1.7866,-1.3082
111.044,3,-38.5074,1.7872,-1.3102
111.055,3,-38.4984,1.7877,-1.3119
111.066,3,-38.4892,1.7883,-1.3135
111.077,3,-38.4798,1.7894,-1.3148
111.089,3,-38.4705,1.7910,-1.3161
111.100,3,-38.4610,1.7927,-1.3171
111.110,3,-38.4519,1.7942,-1.3182
111.121,3,-38.4425,1.7955,-1.3193
111.133,3,-38.4334,1.7966,-1.3201
111.144,3,-38.4240,1.7979,-1.3210
111.155,3,-38.4147,1.7992,-1.3218
111.166,3,-38.4055,1.8004,-1.3225
111.177,3,-38.3963,1.8015,-1.3232
111.187,3,-38.3870,1.8025,-1.3239
111.199,3,-38.3779,1.8033,-1.3245
111.210,3,-38.3684,1.8039,-1.3251
111.221,3,-38.3589,1.8043,-1.3257
111.231,3,-38.3499,1.8043,-1.3261
111.243,3,-38.3404,1.8042,-1.3265
111.254,3,-38.3309,1.8040,-1.3268
111.265,3,-38.3213,1.8037,-1.3270
111.276,3,-38.3114,1.8033,-1.3272
111.287,3,-38.3017,1.8028,-1.3272
111.298,3,-38.2916,1.8019,-1.3273
111.310,3,-38.2814,1.8010,-1.3275
111.320,3,-38.2711,1.7997,-1.3275
111.332,3,-38.2609,1.7983,-1.3275
111.343,3,-38.2503,1.7966,-1.3274
111.354,3,-38.2401,1.7948,-1.3271
111.366,3,-38.2297,1.7929,-1.3268
111.377,3,-38.2191,1.7908,-1.3264
111.388,3,-38.2085,1.7887,-1.3261
111.399,3,-38.1978,1.7865,-1.3255
111.410,3,-38.1872,1.7844,-1.3249
111.420,3,-38.1766,1.7825,-1.3242
111.432,3,-38.1656,1.7809,-1.3233
111.443,3,-38.1547,1.7796,-1.3224
111.454,3,-38.1436,1.7786,-1.3213
111.465,3,-38.1328,1.7774,-1.3202
111.476,3,-38.1216,1.7768,-1.3191
111.487,3,-38.1104,1.7763,-1.3180
111.498,3,-38.0992,1.7762,-1.3166
111.509,3,-38.0878,1.7763,-1.3152
111.520,3,-38.0764,1.7765,-1.3137
111.531,3,-38.0651,1.7775,-1.3121
111.543,3,-38.0537,1.7789,-1.3106
111.552,3,-38.0423,1.7811,-1.3091
111.563,3,-38.0308,1.7839,-1.3077
111.575,3,-38.0192,1.7871,-1.3063
111.586,3,-38.0078,1.7904,-1.3050
111.597,3,-37.9964,1.7942,-1.3037
111.608,3,-37.9853,1.7969,-1.3025
111.620,3,-37.9745,1.7989,-1.3014
111.631,3,-37.9641,1.8002,-1.3008
111.642,3,-37.9540,1.8010,-1.3001
111.653,3,-37.9445,1.8014,-1.2999
111.664,3,-37.9351,1.8021,-1.2999
111.675,3,-37.9256,1.8033,-1.3002
111.686,3,-37.9164,1.8050,-1.3003
111.697,3,-37.9069,1.8071,-1.3003
111.708,3,-37.8974,1.8094,-1.3006
111.719,3,-37.8877,1.8111,-1.3008
111.731,3,-37.8783,1.8127,-1.3013
111.742,3,-37.8690,1.8139,-1.3018
111.753,3,-37.8596,1.8150,-1.3027
111.764,3,-37.8502,1.8161,-1.3035
111.775,3,-37.8409,1.8171,-1.3044
111.786,3,-37.8315,1.8181,-1.3054
111.797,3,-37.8221,1.8190,-1.3063
111.808,3,-37.8127,1.8198,-1.3073
111.820,3,-37.8032,1.8201,-1.3083
111.831,3,-37.7938,1.8202,-1.3093
111.842,3,-37.7844,1.8199,-1.3104
111.853,3,-37.7749,1.8197,-1.3115
111.864,3,-37.7653,1.8192,-1.3126
111.875,3,-37.7554,1.8184,-1.3138
111.886,3,-37.7456,1.8175,-1.3150
111.897,3,-37.7358,1.8165,-1.3162
111.908,3,-37.7259,1.8153,-1.3175
111.919,3,-37.7161,1.8139,-1.3189
111.931,3,-37.7061,1.8122,-1.3203
111.942,3,-37.6960,1.8104,-1.3219
111.953,3,-37.6860,1.8086,-1.3235
111.965,3,-37.6759,1.8064,-1.3251
111.976,3,-37.6658,1.8040,-1.3268
111.987,3,-37.6557,1.8016,-1.3285
111.998,3,-37.6455,1.7992,-1.3304
112.009,3,-37.6354,1.7968,-1.3323
112.020,3,-37.6253,1.7944,-1.3344
112.031,3,-37.6151,1.7922,-1.3367
112.043,3,-37.6049,1.7902,-1.3390
112.054,3,-37.5946,1.7886,-1.3415
112.065,3,-37.5843,1.7874,-1.3440
112.076,3,-37.5740,1.7864,-1.3466
112.087,3,-37.5638,1.7854,-1.3493
112.098,3,-37.5535,1.7847,-1.3522
112.109,3,-37.5434,1.7841,-1.3552
112.120,3,-37.5331,1.7834,-1.3582
112.131,3,-37.5230,1.7831,-1.3612
112.143,3,-37.5126,1.7841,-1.3643
112.154,3,-37.5024,1.7853,-1.3672
112.165,3,-37.4924,1.7872,-1.3702
112.176,3,-37.4823,1.7893,-1.3733
112.187,3,-37.4721,1.7918,-1.3763
112.199,3,-37.4622,1.7942,-1.3792
112.210,3,-37.4526,1.7969,-1.3819
112.221,3,-37.4428,1.7992,-1.3845
112.232,3,-37.4333,1.8012,-1.3870
112.244,3,-37.4239,1.8027,-1.3892
112.254,3,-37.4145,1.8039,-1.3912
112.266,3,-37.4051,1.8052,-1.3931
112.277,3,-37.3956,1.8069,-1.3948
112.288,3,-37.3862,1.8091,-1.3964
112.299,3,-37.3770,1.8115,-1.3978
112.310,3,-37.3680,1.8137,-1.3989
112.321,3,-37.3590,1.8157,-1.4001
112.332,3,-37.3501,1.8175,-1.4011
112.343,3,-37.3415,1.8192,-1.4021
112.354,3,-37.3327,1.8209,-1.4030
112.365,3,-37.3239,1.8226,-1.4039
112.376,3,-37.3154,1.8240,-1.4048
112.387,3,-37.3068,1.8253,-1.4056
112.398,3,-37.2984,1.8265,-1.4064
112.409,3,-37.2900,1.8275,-1.4071
112.420,3,-37.2815,1.8283,-1.4078
112.431,3,-37.2730,1.8287,-1.4085
112.442,3,-37.2645,1.8289,-1.4091
112.453,3,-37.2560,1.8287,-1.4097
112.465,3,-37.2475,1.8285,-1.4102
112.476,3,-37.2390,1.8281,-1.4107
112.487,3,-37.2304,1.8276,-1.4112
112.498,3,-37.2215,1.8272,-1.4115
112.509,3,-37.2129,1.8266,-1.4118
112.520,3,-37.2041,1.8257,-1.4119
112.531,3,-37.1953,1.8246,-1.4121
112.543,3,-37.1863,1.8233,-1.4123
112.554,3,-37.1774,1.8218,-1.4123
112.566,3,-37.1684,1.8203,-1.4124
112.576,3,-37.1592,1.8187,-1.4123
112.588,3,-37.1501,1.8171,-1.4122
112.599,3,-37.1408,1.8154,-1.4120
112.610,3,-37.1318,1.8137,-1.4117
112.620,3,-37.1226,1.8121,-1.4114
112.631,3,-37.1133,1.8107,-1.4108
112.643,3,-37.1038,1.8094,-1.4105
112.653,3,-37.0943,1.8087,-1.4097
112.665,3,-37.0847,1.8080,-1.4090
112.676,3,-37.0751,1.8074,-1.4081
112.686,3,-37.0653,1.8067,-1.4071
112.698,3,-37.0555,1.8061,-1.4061
112.709,3,-37.0457,1.8058,-1.4048
112.720,3,-37.0359,1.8056,-1.4036
112.731,3,-37.0259,1.8055,-1.4024
112.742,3,-37.0160,1.8054,-1.4011
112.753,3,-37.0060,1.8055,-1.3997
112.764,3,-36.9960,1.8062,-1.3983
112.775,3,-36.9858,1.8074,-1.3968
112.786,3,-36.9756,1.8092,-1.3952
112.797,3,-36.9655,1.8107,-1.3938
112.808,3,-36.9552,1.8122,-1.3922
112.819,3,-36.9451,1.8138,-1.3907
112.830,3,-36.9350,1.8155,-1.3892
112.842,3,-36.9249,1.8170,-1.3879
112.853,3,-36.9149,1.8185,-1.3866
112.864,3,-36.9049,1.8198,-1.3853
112.875,3,-36.8953,1.8207,-1.3841
112.887,3,-36.8858,1.8211,-1.3832
112.898,3,-36.8765,1.8214,-1.3824
112.909,3,-36.8672,1.8219,-1.3819
112.920,3,-36.8580,1.8227,-1.3813
112.931,3,-36.8489,1.8239,-1.3809
112.942,3,-36.8395,1.8251,-1.3806
112.954,3,-36.8304,1.8263,-1.3805
112.964,3,-36.8212,1.8275,-1.3806
112.975,3,-36.8122,1.8288,-1.3806
112.987,3,-36.8034,1.8300,-1.3809
112.998,3,-36.7945,1.8314,-1.3812
113.009,3,-36.7860,1.8326,-1.3815
113.020,3,-36.7775,1.8339,-1.3818
113.031,3,-36.7690,1.8352,-1.3822
113.042,3,-36.7604,1.8364,-1.3827
113.053,3,-36.7519,1.8377,-1.3832
113.064,3,-36.7432,1.8387,-1.3838
113.075,3,-36.7344,1.8396,-1.3843
113.087,3,-36.7255,1.8402,-1.3850
113.098,3,-36.7165,1.8407,-1.3856
113.109,3,-36.7077,1.8410,-1.3863
113.120,3,-36.6988,1.8413,-1.3869
113.131,3,-36.6897,1.8412,-1.3876
113.142,3,-36.6806,1.8410,-1.3884
113.154,3,-36.6714,1.8404,-1.3891
113.164,3,-36.6620,1.8398,-1.3902
113.176,3,-36.6526,1.8387,-1.3910
113.187,3,-36.6433,1.8376,-1.3919
113.198,3,-36.6341,1.8362,-1.3927
113.209,3,-36.6247,1.8348,-1.3936
113.220,3,-36.6152,1.8333,-1.3946
113.231,3,-36.6058,1.8318,-1.3956
113.242,3,-36.5962,1.8300,-1.3966
113.253,3,-36.5866,1.8282,-1.3979
113.264,3,-36.5769,1.8263,-1.3992
113.275,3,-36.5673,1.8243,-1.4005
113.286,3,-36.5575,1.8223,-1.4020
113.297,3,-36.5478,1.8201,-1.4036
113.308,3,-36.5379,1.8178,-1.4054
113.319,3,-36.5282,1.8157,-1.4072
113.331,3,-36.5184,1.8139,-1.4090
113.342,3,-36.5085,1.8128,-1.4110
113.353,3,-36.4986,1.8119,-1.4129
113.363,3,-36.4887,1.8110,-1.4150
113.375,3,-36.4789,1.8101,-1.4171
113.386,3,-36.4691,1.8090,-1.4193
113.397,3,-36.4592,1.8084,-1.4219
113.408,3,-36.4493,1.8086,-1.4244
113.419,3,-36.4395,1.8097,-1.4269
113.431,3,-36.4300,1.8110,-1.4296
113.442,3,-36.4205,1.8122,-1.4323
113.453,3,-36.4109,1.8141,-1.4350
113.464,3,-36.4015,1.8162,-1.4378
113.475,3,-36.3924,1.8182,-1.4406
113.487,3,-36.3831,1.8203,-1.4432
113.498,3,-36.3738,1.8221,-1.4456
113.509,3,-36.3651,1.8234,-1.4477
113.520,3,-36.3566,1.8241,-1.4495
113.531,3,-36.3483,1.8247,-1.4513
113.542,3,-36.3402,1.8249,-1.4528
113.554,3,-36.3320,1.8253,-1.4540
113.566,3,-36.3237,1.8264,-1.4552
113.575,3,-36.3153,1.8280,-1.4561
113.584,3,-36.3072,1.8294,-1.4572
113.596,3,-36.2992,1.8309,-1.4580
113.607,3,-36.2909,1.8323,-1.4588
113.618,3,-36.2832,1.8337,-1.4594
113.629,3,-36.2754,1.8351,-1.4598
113.640,3,-36.2676,1.8367,-1.4599
113.651,3,-36.2601,1.8380,-1.4600
113.662,3,-36.2526,1.8395,-1.4600
113.673,3,-36.2454,1.8409,-1.4599
113.684,3,-36.2379,1.8419,-1.4596
113.695,3,-36.2307,1.8430,-1.4595
113.706,3,-36.2232,1.8438,-1.4592
113.717,3,-36.2158,1.8442,-1.4588
113.729,3,-36.2085,1.8442,-1.4583
113.740,3,-36.2010,1.8445,-1.4579
113.751,3,-36.1932,1.8445,-1.4571
113.762,3,-36.1853,1.8446,-1.4565
113.773,3,-36.1776,1.8446,-1.4556
113.784,3,-36.1697,1.8444,-1.4549
113.796,3,-36.1618,1.8438,-1.4539
113.807,3,-36.1540,1.8431,-1.4531
113.818,3,-36.1460,1.8424,-1.4521
113.829,3,-36.1380,1.8416,-1.4510
113.840,3,-36.1300,1.8406,-1.4499
113.851,3,-36.1220,1.8395,-1.4486
113.862,3,-36.1139,1.8381,-1.4473
113.873,3,-36.1057,1.8364,-1.4459
113.884,3,-36.0976,1.8348,-1.4444
113.895,3,-36.0894,1.8330,-1.4428
113.906,3,-36.0811,1.8313,-1.4412
113.917,3,-36.0727,1.8299,-1.4394
113.928,3,-36.0642,1.8287,-1.4376
113.939,3,-36.0557,1.8278,-1.4356
113.951,3,-36.0471,1.8271,-1.4336
113.962,3,-36.0385,1.8263,-1.4315
113.974,3,-36.0298,1.8256,-1.4292
113.985,3,-36.0211,1.8250,-1.4269
113.997,3,-36.0124,1.8245,-1.4247
114.008,3,-36.0039,1.8242,-1.4224
114.020,3,-35.9954,1.8240,-1.4201
114.031,3,-35.9869,1.8241,-1.4178
114.041,3,-35.9782,1.8247,-1.4153
114.052,3,-35.9697,1.8259,-1.4128
114.063,3,-35.9612,1.8272,-1.4103
114.075,3,-35.9527,1.8283,-1.4079
114.086,3,-35.9444,1.8296,-1.4057
114.097,3,-35.9360,1.8316,-1.4034
114.108,3,-35.9277,1.8336,-1.4012
114.119,3,-35.9193,1.8361,-1.3990
114.130,3,-35.9109,1.8387,-1.3968
114.142,3,-35.9028,1.8409,-1.3948
114.153,3,-35.8948,1.8426,-1.3930
114.164,3,-35.8870,1.8438,-1.3912
114.175,3,-35.8794,1.8445,-1.3896
114.186,3,-35.8721,1.8450,-1.3882
114.197,3,-35.8648,1.8452,-1.3871
114.208,3,-35.8574,1.8458,-1.3860
114.219,3,-35.8502,1.8469,-1.3849
114.230,3,-35.8427,1.8484,-1.3837
114.241,3,-35.8352,1.8501,-1.3828
114.252,3,-35.8276,1.8515,-1.3819
114.263,3,-35.8200,1.8526,-1.3811
114.274,3,-35.8127,1.8535,-1.3806
114.285,3,-35.8055,1.8542,-1.3801
114.296,3,-35.7984,1.8550,-1.3798
114.308,3,-35.7913,1.8557,-1.3793
114.319,3,-35.7845,1.8564,-1.3789
114.330,3,-35.7776,1.8572,-1.3786
114.341,3,-35.7708,1.8579,-1.3783
114.353,3,-35.7640,1.8584,-1.3780
114.364,3,-35.7572,1.8588,-1.3777
114.375,3,-35.7505,1.8591,-1.3776
114.386,3,-35.7441,1.8591,-1.3775
114.397,3,-35.7373,1.8591,-1.3775
114.409,3,-35.7307,1.8593,-1.3774
114.420,3,-35.7239,1.8595,-1.3775
114.431,3,-35.7172,1.8596,-1.3777
114.442,3,-35.7106,1.8596,-1.3779
114.453,3,-35.7040,1.8595,-1.3781
114.465,3,-35.6975,1.8591,-1.3786
114.476,3,-35.6909,1.8588,-1.3790
114.487,3,-35.6845,1.8585,-1.3796
114.498,3,-35.6779,1.8581,-1.3803
114.509,3,-35.6715,1.8577,-1.3812
114.520,3,-35.6651,1.8570,-1.3821
114.531,3,-35.6585,1.8562,-1.3832
114.542,3,-35.6521,1.8555,-1.3842
114.553,3,-35.6456,1.8548,-1.3854
114.565,3,-35.6391,1.8541,-1.3868
114.576,3,-35.6327,1.8535,-1.3881
114.587,3,-35.6263,1.8529,-1.3898
114.598,3,-35.6201,1.8522,-1.3913
114.609,3,-35.6139,1.8517,-1.3930
114.620,3,-35.6077,1.8511,-1.3948
114.631,3,-35.6014,1.8504,-1.3966
114.643,3,-35.5951,1.8497,-1.3986
114.653,3,-35.5888,1.8490,-1.4006
114.664,3,-35.5826,1.8484,-1.4027
114.676,3,-35.5765,1.8478,-1.4048
114.687,3,-35.5703,1.8476,-1.4071
114.698,3,-35.5642,1.8477,-1.4093
114.708,3,-35.5580,1.8484,-1.4116
114.720,3,-35.5517,1.8493,-1.4139
114.731,3,-35.5454,1.8512,-1.4163
114.742,3,-35.5391,1.8537,-1.4185
114.753,3,-35.5331,1.8557,-1.4207
114.764,3,-35.5272,1.8573,-1.4229
114.775,3,-35.5212,1.8585,-1.4251
114.786,3,-35.5157,1.8594,-1.4273
114.797,3,-35.5099,1.8602,-1.4294
114.808,3,-35.5045,1.8610,-1.4314
114.819,3,-35.4991,1.8615,-1.4332
114.831,3,-35.4938,1.8619,-1.4350
114.842,3,-35.4887,1.8618,-1.4367
114.853,3,-35.4836,1.8618,-1.4383
114.864,3,-35.4786,1.8616,-1.4397
114.875,3,-35.4736,1.8614,-1.4411
114.887,3,-35.4686,1.8612,-1.4424
114.898,3,-35.4637,1.8610,-1.4436
114.909,3,-35.4586,1.8608,-1.4447
114.920,3,-35.4540,1.8606,-1.4456
114.931,3,-35.4493,1.8605,-1.4464
114.942,3,-35.4448,1.8604,-1.4471
114.953,3,-35.4403,1.8603,-1.4477
114.964,3,-35.4362,1.8603,-1.4481
114.976,3,-35.4322,1.8605,-1.4484
114.986,3,-35.4284,1.8608,-1.4488
114.997,3,-35.4248,1.8612,-1.4490
115.008,3,-35.4213,1.8616,-1.4490
115.019,3,-35.4181,1.8619,-1.4491
115.030,3,-35.4149,1.8621,-1.4491
115.042,3,-35.4119,1.8621,-1.4489
115.053,3,-35.4092,1.8622,-1.4489
115.064,3,-35.4065,1.8624,-1.4487
115.075,3,-35.4039,1.8626,-1.4485
115.086,3,-35.4014,1.8628,-1.4482
115.097,3,-35.3989,1.8631,-1.4479
115.108,3,-35.3965,1.8632,-1.4475
115.119,3,-35.3940,1.8634,-1.4471
115.131,3,-35.3919,1.8633,-1.4467
115.142,3,-35.3896,1.8632,-1.4460
115.153,3,-35.3876,1.8631,-1.4455
115.164,3,-35.3855,1.8628,-1.4447
115.175,3,-35.3834,1.8627,-1.4440
115.186,3,-35.3815,1.8624,-1.4433
115.197,3,-35.3796,1.8623,-1.4426
115.208,3,-35.3778,1.8620,-1.4418
115.220,3,-35.3762,1.8617,-1.4409
115.231,3,-35.3747,1.8613,-1.4400
115.241,3,-35.3732,1.8609,-1.4390
115.253,3,-35.3717,1.8606,-1.4380
115.264,3,-35.3703,1.8602,-1.4369
115.275,3,-35.3690,1.8597,-1.4358
115.286,3,-35.3677,1.8595,-1.4346
115.297,3,-35.3665,1.8593,-1.4332
115.309,3,-35.3652,1.8594,-1.4318
115.319,3,-35.3640,1.8594,-1.4302
115.330,3,-35.3628,1.8595,-1.4288
115.341,3,-35.3616,1.8593,-1.4273
115.352,3,-35.3605,1.8593,-1.4259
115.363,3,-35.3593,1.8593,-1.4244
115.375,3,-35.3583,1.8593,-1.4229
115.385,3,-35.3573,1.8595,-1.4216
115.397,3,-35.3563,1.8598,-1.4200
115.408,3,-35.3552,1.8600,-1.4185
115.419,3,-35.3543,1.8601,-1.4170
115.430,3,-35.3536,1.8601,-1.4156
115.441,3,-35.3527,1.8602,-1.4140
115.452,3,-35.3521,1.8601,-1.4126
115.463,3,-35.3516,1.8601,-1.4112
115.474,3,-35.3509,1.8601,-1.4098
115.486,3,-35.3503,1.8603,-1.4083
115.497,3,-35.3497,1.8606,-1.4070
115.508,3,-35.3491,1.8609,-1.4057
115.519,3,-35.3484,1.8611,-1.4042
115.530,3,-35.3478,1.8612,-1.4028
115.542,3,-35.3472,1.8615,-1.4014
115.552,3,-35.3467,1.8617,-1.4001
115.564,3,-35.3462,1.8621,-1.3990
115.575,3,-35.3456,1.8623,-1.3977
115.587,3,-35.3451,1.8624,-1.3966
115.596,3,-35.3446,1.8627,-1.3953
115.607,3,-35.3441,1.8630,-1.3941
115.619,3,-35.3438,1.8631,-1.3932
115.630,3,-35.3434,1.8633,-1.3922
115.641,3,-35.3431,1.8635,-1.3911
115.652,3,-35.3427,1.8636,-1.3902
115.663,3,-35.3423,1.8637,-1.3893
115.674,3,-35.3421,1.8637,-1.3886
115.685,3,-35.3418,1.8637,-1.3878
115.697,3,-35.3415,1.8637,-1.3870
115.708,3,-35.3412,1.8637,-1.3863
115.719,3,-35.3409,1.8637,-1.3856
115.730,3,-35.3406,1.8637,-1.3849
115.741,3,-35.3403,1.8636,-1.3843
115.753,3,-35.3402,1.8636,-1.3838
115.763,3,-35.3400,1.8634,-1.3834
115.775,3,-35.3400,1.8632,-1.3829
115.785,3,-35.3399,1.8629,-1.3825
115.796,3,-35.3398,1.8628,-1.3821
115.808,3,-35.3397,1.8626,-1.3817
115.819,3,-35.3397,1.8624,-1.3815
115.830,3,-35.3395,1.8622,-1.3812

# --- Trial 4 start ---
125.004,4,-39.5240,1.7821,-1.2482
125.021,4,-39.5240,1.7822,-1.2484
125.029,4,-39.5241,1.7823,-1.2486
125.037,4,-39.5241,1.7824,-1.2487
125.045,4,-39.5242,1.7825,-1.2489
125.059,4,-39.5241,1.7826,-1.2490
125.076,4,-39.5241,1.7828,-1.2494
125.087,4,-39.5241,1.7830,-1.2495
125.109,4,-39.5242,1.7831,-1.2494
125.123,4,-39.5244,1.7830,-1.2494
125.143,4,-39.5245,1.7831,-1.2493
125.153,4,-39.5245,1.7831,-1.2492
125.166,4,-39.5245,1.7832,-1.2492
125.176,4,-39.5246,1.7832,-1.2491
125.188,4,-39.5247,1.7832,-1.2489
125.198,4,-39.5247,1.7833,-1.2488
125.210,4,-39.5248,1.7834,-1.2485
125.221,4,-39.5248,1.7836,-1.2483
125.233,4,-39.5248,1.7839,-1.2479
125.243,4,-39.5247,1.7841,-1.2476
125.255,4,-39.5247,1.7844,-1.2473
125.266,4,-39.5246,1.7847,-1.2469
125.277,4,-39.5244,1.7848,-1.2463
125.288,4,-39.5245,1.7851,-1.2457
125.299,4,-39.5244,1.7852,-1.2451
125.310,4,-39.5243,1.7854,-1.2445
125.321,4,-39.5242,1.7857,-1.2438
125.332,4,-39.5238,1.7860,-1.2430
125.343,4,-39.5240,1.7863,-1.2423
125.355,4,-39.5234,1.7869,-1.2415
125.366,4,-39.5230,1.7874,-1.2406
125.377,4,-39.5224,1.7878,-1.2396
125.388,4,-39.5221,1.7883,-1.2386
125.399,4,-39.5217,1.7887,-1.2375
125.410,4,-39.5213,1.7892,-1.2363
125.422,4,-39.5208,1.7896,-1.2351
125.433,4,-39.5203,1.7899,-1.2338
125.444,4,-39.5197,1.7903,-1.2325
125.455,4,-39.5190,1.7906,-1.2312
125.467,4,-39.5184,1.7908,-1.2299
125.478,4,-39.5177,1.7909,-1.2286
125.490,4,-39.5168,1.7910,-1.2273
125.501,4,-39.5161,1.7910,-1.2260
125.512,4,-39.5155,1.7908,-1.2248
125.524,4,-39.5149,1.7904,-1.2235
125.535,4,-39.5142,1.7902,-1.2223
125.546,4,-39.5134,1.7900,-1.2211
125.557,4,-39.5127,1.7898,-1.2198
125.569,4,-39.5119,1.7897,-1.2188
125.580,4,-39.5113,1.7896,-1.2179
125.591,4,-39.5105,1.7896,-1.2171
125.602,4,-39.5099,1.7895,-1.2165
125.613,4,-39.5092,1.7892,-1.2160
125.625,4,-39.5087,1.7889,-1.2157
125.636,4,-39.5082,1.7886,-1.2155
125.647,4,-39.5076,1.7884,-1.2153
125.658,4,-39.5071,1.7885,-1.2153
125.669,4,-39.5065,1.7885,-1.2153
125.680,4,-39.5060,1.7888,-1.2155
125.691,4,-39.5057,1.7891,-1.2159
125.703,4,-39.5051,1.7895,-1.2162
125.713,4,-39.5046,1.7898,-1.2166
125.725,4,-39.5041,1.7901,-1.2171
125.737,4,-39.5034,1.7903,-1.2177
125.747,4,-39.5029,1.7903,-1.2183
125.758,4,-39.5023,1.7904,-1.2191
125.769,4,-39.5016,1.7904,-1.2199
125.781,4,-39.5011,1.7903,-1.2208
125.792,4,-39.5004,1.7901,-1.2218
125.803,4,-39.4998,1.7898,-1.2227
125.814,4,-39.4992,1.7895,-1.2238
125.825,4,-39.4985,1.7890,-1.2250
125.836,4,-39.4978,1.7886,-1.2263
125.847,4,-39.4970,1.7882,-1.2277
125.858,4,-39.4961,1.7876,-1.2292
125.869,4,-39.4953,1.7870,-1.2306
125.880,4,-39.4945,1.7861,-1.2322
125.891,4,-39.4937,1.7850,-1.2339
125.902,4,-39.4931,1.7835,-1.2357
125.913,4,-39.4929,1.7822,-1.2374
125.925,4,-39.4921,1.7829,-1.2396
125.936,4,-39.4899,1.7863,-1.2416
125.947,4,-39.4888,1.7899,-1.2431
125.958,4,-39.4879,1.7928,-1.2453
125.969,4,-39.4864,1.7941,-1.2473
125.980,4,-39.4849,1.7943,-1.2494
125.991,4,-39.4838,1.7942,-1.2515
126.003,4,-39.4830,1.7934,-1.2535
126.014,4,-39.4820,1.7928,-1.2556
126.025,4,-39.4808,1.7926,-1.2578
126.037,4,-39.4797,1.7930,-1.2598
126.047,4,-39.4789,1.7934,-1.2616
126.059,4,-39.4776,1.7939,-1.2633
126.070,4,-39.4764,1.7940,-1.2649
126.081,4,-39.4750,1.7939,-1.2665
126.092,4,-39.4736,1.7937,-1.2683
126.103,4,-39.4717,1.7935,-1.2701
126.115,4,-39.4702,1.7934,-1.2718
126.126,4,-39.4689,1.7935,-1.2735
126.137,4,-39.4675,1.7937,-1.2751
126.148,4,-39.4661,1.7937,-1.2767
126.160,4,-39.4648,1.7933,-1.2780
126.171,4,-39.4636,1.7928,-1.2794
126.181,4,-39.4626,1.7922,-1.2810
126.192,4,-39.4614,1.7917,-1.2824
126.204,4,-39.4602,1.7913,-1.2838
126.215,4,-39.4590,1.7909,-1.2851
126.226,4,-39.4576,1.7906,-1.2864
126.237,4,-39.4561,1.7903,-1.2878
126.248,4,-39.4543,1.7898,-1.2890
126.259,4,-39.4529,1.7894,-1.2903
126.270,4,-39.4514,1.7892,-1.2916
126.281,4,-39.4498,1.7889,-1.2928
126.293,4,-39.4483,1.7887,-1.2938
126.304,4,-39.4467,1.7885,-1.2950
126.315,4,-39.4450,1.7881,-1.2959
126.326,4,-39.4429,1.7879,-1.2970
126.337,4,-39.4411,1.7873,-1.2980
126.348,4,-39.4387,1.7871,-1.2989
126.359,4,-39.4363,1.7870,-1.2999
126.370,4,-39.4333,1.7867,-1.3008
126.381,4,-39.4304,1.7865,-1.3017
126.392,4,-39.4272,1.7861,-1.3025
126.403,4,-39.4236,1.7859,-1.3032
126.415,4,-39.4195,1.7851,-1.3039
126.426,4,-39.4158,1.7844,-1.3048
126.437,4,-39.4122,1.7837,-1.3055
126.448,4,-39.4086,1.7828,-1.3060
126.459,4,-39.4049,1.7818,-1.3064
126.470,4,-39.4011,1.7810,-1.3066
126.481,4,-39.3970,1.7804,-1.3068
126.493,4,-39.3927,1.7801,-1.3069
126.504,4,-39.3885,1.7801,-1.3069
126.514,4,-39.3840,1.7801,-1.3069
126.526,4,-39.3794,1.7802,-1.3068
126.537,4,-39.3747,1.7801,-1.3065
126.548,4,-39.3701,1.7799,-1.3063
126.559,4,-39.3652,1.7795,-1.3059
126.570,4,-39.3602,1.7789,-1.3055
126.581,4,-39.3551,1.7784,-1.3050
126.592,4,-39.3496,1.7778,-1.3044
126.603,4,-39.3440,1.7773,-1.3036
126.614,4,-39.3384,1.7765,-1.3029
126.625,4,-39.3326,1.7755,-1.3020
126.636,4,-39.3270,1.7741,-1.3009
126.648,4,-39.3211,1.7729,-1.3000
126.658,4,-39.3151,1.7717,-1.2988
126.670,4,-39.3090,1.7704,-1.2975
126.681,4,-39.3027,1.7694,-1.2962
126.692,4,-39.2963,1.7682,-1.2946
126.704,4,-39.2899,1.7671,-1.2929
126.714,4,-39.2834,1.7657,-1.2911
126.725,4,-39.2768,1.7647,-1.2893
126.736,4,-39.2702,1.7636,-1.2873
126.747,4,-39.2633,1.7625,-1.2852
126.758,4,-39.2564,1.7617,-1.2830
126.769,4,-39.2496,1.7608,-1.2807
126.780,4,-39.2423,1.7600,-1.2781
126.791,4,-39.2353,1.7592,-1.2753
126.802,4,-39.2281,1.7585,-1.2725
126.813,4,-39.2210,1.7577,-1.2696
126.824,4,-39.2137,1.7570,-1.2666
126.836,4,-39.2060,1.7566,-1.2636
126.847,4,-39.1982,1.7566,-1.2602
126.858,4,-39.1905,1.7573,-1.2567
126.869,4,-39.1826,1.7579,-1.2532
126.880,4,-39.1745,1.7594,-1.2497
126.891,4,-39.1667,1.7606,-1.2462
126.902,4,-39.1587,1.7620,-1.2427
126.914,4,-39.1507,1.7637,-1.2395
126.925,4,-39.1429,1.7653,-1.2363
126.936,4,-39.1348,1.7671,-1.2330
126.947,4,-39.1269,1.7691,-1.2297
126.958,4,-39.1191,1.7713,-1.2264
126.969,4,-39.1111,1.7735,-1.2233
126.980,4,-39.1032,1.7756,-1.2203
126.991,4,-39.0952,1.7773,-1.2175
127.002,4,-39.0873,1.7785,-1.2148
127.013,4,-39.0795,1.7795,-1.2122
127.025,4,-39.0718,1.7805,-1.2096
127.036,4,-39.0641,1.7817,-1.2075
127.047,4,-39.0564,1.7831,-1.2057
127.058,4,-39.0487,1.7846,-1.2039
127.069,4,-39.0409,1.7862,-1.2022
127.080,4,-39.0331,1.7876,-1.2010
127.092,4,-39.0257,1.7887,-1.1994
127.103,4,-39.0181,1.7897,-1.1984
127.114,4,-39.0104,1.7907,-1.1972
127.125,4,-39.0027,1.7917,-1.1964
127.136,4,-38.9950,1.7928,-1.1957
127.148,4,-38.9872,1.7939,-1.1950
127.159,4,-38.9794,1.7948,-1.1943
127.170,4,-38.9715,1.7956,-1.1937
127.181,4,-38.9635,1.7960,-1.1932
127.192,4,-38.9553,1.7963,-1.1927
127.203,4,-38.9471,1.7965,-1.1923
127.214,4,-38.9385,1.7965,-1.1921
127.225,4,-38.9302,1.7964,-1.1918
127.236,4,-38.9214,1.7964,-1.1917
127.248,4,-38.9131,1.7956,-1.1919
127.259,4,-38.9045,1.7952,-1.1918
127.270,4,-38.8958,1.7944,-1.1919
127.281,4,-38.8869,1.7937,-1.1921
127.292,4,-38.8775,1.7924,-1.1924
127.303,4,-38.8685,1.7913,-1.1927
127.314,4,-38.8591,1.7900,-1.1931
127.325,4,-38.8497,1.7884,-1.1936
127.336,4,-38.8403,1.7868,-1.1942
127.347,4,-38.8306,1.7850,-1.1948
127.358,4,-38.8208,1.7832,-1.1956
127.370,4,-38.8109,1.7815,-1.1965
127.380,4,-38.8011,1.7796,-1.1974
127.391,4,-38.7911,1.7777,-1.1986
127.403,4,-38.7810,1.7757,-1.1997
127.414,4,-38.7710,1.7735,-1.2011
127.425,4,-38.7612,1.7713,-1.2025
127.436,4,-38.7514,1.7692,-1.2042
127.447,4,-38.7412,1.7676,-1.2063
127.458,4,-38.7311,1.7664,-1.2082
127.469,4,-38.7209,1.7656,-1.2104
127.480,4,-38.7107,1.7653,-1.2127
127.491,4,-38.7003,1.7647,-1.2149
127.502,4,-38.6900,1.7643,-1.2174
127.514,4,-38.6798,1.7642,-1.2201
127.525,4,-38.6693,1.7648,-1.2229
127.536,4,-38.6585,1.7669,-1.2258
127.547,4,-38.6479,1.7696,-1.2287
127.558,4,-38.6374,1.7722,-1.2315
127.569,4,-38.6270,1.7750,-1.2343
127.580,4,-38.6166,1.7780,-1.2370
127.592,4,-38.6064,1.7807,-1.2397
127.603,4,-38.5965,1.7830,-1.2421
127.614,4,-38.5868,1.7850,-1.2442
127.625,4,-38.5771,1.7866,-1.2463
127.636,4,-38.5675,1.7879,-1.2481
127.647,4,-38.5584,1.7887,-1.2500
127.658,4,-38.5492,1.7895,-1.2514
127.669,4,-38.5399,1.7909,-1.2529
127.680,4,-38.5306,1.7930,-1.2541
127.691,4,-38.5213,1.7952,-1.2552
127.703,4,-38.5119,1.7972,-1.2563
127.715,4,-38.5025,1.7992,-1.2571
127.726,4,-38.4931,1.8009,-1.2578
127.736,4,-38.4836,1.8027,-1.2584
127.747,4,-38.4742,1.8045,-1.2590
127.758,4,-38.4645,1.8063,-1.2594
127.769,4,-38.4548,1.8079,-1.2599
127.780,4,-38.4454,1.8094,-1.2603
127.791,4,-38.4357,1.8106,-1.2606
127.802,4,-38.4261,1.8114,-1.2609
127.813,4,-38.4163,1.8119,-1.2611
127.824,4,-38.4066,1.8121,-1.2611
127.835,4,-38.3969,1.8122,-1.2612
127.846,4,-38.3870,1.8120,-1.2612
127.857,4,-38.3772,1.8117,-1.2614
127.869,4,-38.3670,1.8114,-1.2614
127.880,4,-38.3569,1.8109,-1.2614
127.891,4,-38.3467,1.8103,-1.2612
127.902,4,-38.3364,1.8094,-1.2611
127.913,4,-38.3260,1.8083,-1.2610
127.925,4,-38.3156,1.8070,-1.2608
127.936,4,-38.3051,1.8054,-1.2605
127.947,4,-38.2948,1.8038,-1.2603
127.958,4,-38.2843,1.8019,-1.2598
127.969,4,-38.2739,1.8001,-1.2593
127.980,4,-38.2634,1.7980,-1.2587
127.991,4,-38.2527,1.7957,-1.2580
128.002,4,-38.2421,1.7935,-1.2573
128.013,4,-38.2314,1.7914,-1.2565
128.024,4,-38.2206,1.7896,-1.2557
128.035,4,-38.2098,1.7883,-1.2547
128.046,4,-38.1988,1.7872,-1.2537
128.057,4,-38.1878,1.7865,-1.2524
128.068,4,-38.1768,1.7857,-1.2512
128.080,4,-38.1655,1.7854,-1.2499
128.091,4,-38.1543,1.7851,-1.2486
128.102,4,-38.1431,1.7848,-1.2472
128.114,4,-38.1320,1.7847,-1.2457
128.125,4,-38.1208,1.7849,-1.2442
128.136,4,-38.1095,1.7859,-1.2426
128.147,4,-38.0982,1.7876,-1.2408
128.159,4,-38.0871,1.7894,-1.2393
128.170,4,-38.0757,1.7912,-1.2378
128.180,4,-38.0644,1.7931,-1.2364
128.192,4,-38.0532,1.7950,-1.2353
128.203,4,-38.0421,1.7968,-1.2342
128.214,4,-38.0311,1.7988,-1.2334
128.225,4,-38.0203,1.8004,-1.2326
128.237,4,-38.0097,1.8017,-1.2321
128.247,4,-37.9992,1.8029,-1.2321
128.258,4,-37.9887,1.8040,-1.2321
128.270,4,-37.9783,1.8055,-1.2323
128.280,4,-37.9680,1.8071,-1.2326
128.292,4,-37.9580,1.8088,-1.2330
128.303,4,-37.9477,1.8105,-1.2336
128.314,4,-37.9376,1.8122,-1.2341
128.325,4,-37.9274,1.8139,-1.2350
128.336,4,-37.9172,1.8155,-1.2359
128.347,4,-37.9072,1.8171,-1.2368
128.358,4,-37.8972,1.8187,-1.2379
128.369,4,-37.8873,1.8201,-1.2390
128.380,4,-37.8774,1.8212,-1.2402
128.391,4,-37.8675,1.8222,-1.2414
128.402,4,-37.8575,1.8229,-1.2427
128.413,4,-37.8476,1.8235,-1.2439
128.425,4,-37.8377,1.8236,-1.2453
128.435,4,-37.8276,1.8236,-1.2466
128.447,4,-37.8174,1.8234,-1.2479
128.458,4,-37.8074,1.8228,-1.2493
128.469,4,-37.7973,1.8222,-1.2508
128.480,4,-37.7872,1.8216,-1.2522
128.491,4,-37.7769,1.8208,-1.2538
128.502,4,-37.7667,1.8198,-1.2553
128.513,4,-37.7563,1.8185,-1.2570
128.524,4,-37.7460,1.8172,-1.2588
128.536,4,-37.7355,1.8155,-1.2606
128.547,4,-37.7250,1.8137,-1.2624
128.558,4,-37.7145,1.8117,-1.2643
128.569,4,-37.7038,1.8097,-1.2663
128.580,4,-37.6933,1.8073,-1.2685
128.591,4,-37.6827,1.8047,-1.2708
128.603,4,-37.6720,1.8022,-1.2732
128.614,4,-37.6612,1.7996,-1.2758
128.624,4,-37.6507,1.7969,-1.2784
128.636,4,-37.6405,1.7946,-1.2809
128.646,4,-37.6299,1.7925,-1.2837
128.657,4,-37.6196,1.7908,-1.2865
128.669,4,-37.6091,1.7897,-1.2894
128.680,4,-37.5986,1.7887,-1.2925
128.691,4,-37.5880,1.7880,-1.2955
128.702,4,-37.5777,1.7874,-1.2986
128.713,4,-37.5673,1.7872,-1.3019
128.724,4,-37.5567,1.7875,-1.3052
128.735,4,-37.5460,1.7893,-1.3084
128.746,4,-37.5356,1.7909,-1.3116
128.757,4,-37.5251,1.7930,-1.3148
128.768,4,-37.5147,1.7948,-1.3180
128.779,4,-37.5043,1.7970,-1.3210
128.790,4,-37.4942,1.7993,-1.3239
128.801,4,-37.4841,1.8016,-1.3267
128.812,4,-37.4740,1.8038,-1.3294
128.823,4,-37.4640,1.8058,-1.3316
128.834,4,-37.4542,1.8071,-1.3339
128.846,4,-37.4445,1.8080,-1.3359
128.857,4,-37.4348,1.8091,-1.3378
128.868,4,-37.4250,1.8105,-1.3395
128.879,4,-37.4151,1.8127,-1.3411
128.890,4,-37.4054,1.8152,-1.3427
128.901,4,-37.3958,1.8176,-1.3442
128.912,4,-37.3861,1.8198,-1.3455
128.923,4,-37.3765,1.8218,-1.3467
128.934,4,-37.3669,1.8239,-1.3479
128.945,4,-37.3572,1.8260,-1.3489
128.956,4,-37.3473,1.8281,-1.3500
128.967,4,-37.3375,1.8300,-1.3511
128.979,4,-37.3279,1.8317,-1.3522
128.990,4,-37.3181,1.8331,-1.3533
129.001,4,-37.3084,1.8342,-1.3542
129.012,4,-37.2986,1.8349,-1.3551
129.023,4,-37.2887,1.8355,-1.3559
129.034,4,-37.2789,1.8354,-1.3568
129.046,4,-37.2689,1.8351,-1.3578
129.057,4,-37.2590,1.8350,-1.3587
129.068,4,-37.2490,1.8343,-1.3596
129.079,4,-37.2388,1.8336,-1.3603
129.090,4,-37.2286,1.8329,-1.3608
129.102,4,-37.2183,1.8316,-1.3612
129.114,4,-37.2079,1.8299,-1.3616
129.125,4,-37.1975,1.8283,-1.3619
129.135,4,-37.1871,1.8262,-1.3621
129.146,4,-37.1766,1.8242,-1.3622
129.157,4,-37.1662,1.8220,-1.3621
129.168,4,-37.1557,1.8197,-1.3620
129.179,4,-37.1452,1.8174,-1.3616
129.191,4,-37.1346,1.8151,-1.3612
129.202,4,-37.1240,1.8128,-1.3605
129.213,4,-37.1134,1.8106,-1.3599
129.224,4,-37.1026,1.8089,-1.3590
129.235,4,-37.0917,1.8076,-1.3579
129.246,4,-37.0808,1.8067,-1.3568
129.257,4,-37.0699,1.8060,-1.3555
129.268,4,-37.0589,1.8056,-1.3539
129.279,4,-37.0477,1.8051,-1.3523
129.290,4,-37.0366,1.8049,-1.3505
129.301,4,-37.0255,1.8049,-1.3487
129.313,4,-37.0144,1.8052,-1.3469
129.324,4,-37.0033,1.8060,-1.3450
129.335,4,-36.9922,1.8079,-1.3431
129.346,4,-36.9812,1.8101,-1.3411
129.357,4,-36.9701,1.8131,-1.3391
129.368,4,-36.9589,1.8159,-1.3372
129.380,4,-36.9479,1.8188,-1.3353
129.391,4,-36.9371,1.8216,-1.3334
129.402,4,-36.9262,1.8240,-1.3316
129.413,4,-36.9156,1.8258,-1.3299
129.424,4,-36.9051,1.8271,-1.3284
129.435,4,-36.8951,1.8277,-1.3271
129.447,4,-36.8852,1.8282,-1.3261
129.457,4,-36.8751,1.8291,-1.3250
129.468,4,-36.8649,1.8306,-1.3245
129.479,4,-36.8550,1.8329,-1.3238
129.491,4,-36.8450,1.8350,-1.3230
129.502,4,-36.8348,1.8370,-1.3224
129.514,4,-36.8248,1.8388,-1.3219
129.524,4,-36.8149,1.8403,-1.3213
129.534,4,-36.8050,1.8419,-1.3211
129.545,4,-36.7953,1.8433,-1.3208
129.557,4,-36.7855,1.8446,-1.3206
129.568,4,-36.7759,1.8458,-1.3205
129.578,4,-36.7663,1.8471,-1.3204
129.590,4,-36.7569,1.8481,-1.3204
129.601,4,-36.7473,1.8488,-1.3204
129.613,4,-36.7377,1.8493,-1.3205
129.623,4,-36.7281,1.8496,-1.3206
129.634,4,-36.7185,1.8496,-1.3207
129.645,4,-36.7087,1.8493,-1.3211
129.656,4,-36.6990,1.8489,-1.3213
129.667,4,-36.6892,1.8484,-1.3216
129.679,4,-36.6792,1.8478,-1.3220
129.690,4,-36.6693,1.8468,-1.3224
129.701,4,-36.6592,1.8456,-1.3229
129.712,4,-36.6492,1.8441,-1.3235
129.723,4,-36.6391,1.8423,-1.3243
129.735,4,-36.6292,1.8406,-1.3250
129.746,4,-36.6192,1.8389,-1.3257
129.757,4,-36.6091,1.8371,-1.3265
129.767,4,-36.5990,1.8352,-1.3275
129.778,4,-36.5887,1.8330,-1.3286
129.790,4,-36.5784,1.8310,-1.3298
129.801,4,-36.5680,1.8290,-1.3310
129.812,4,-36.5579,1.8271,-1.3323
129.823,4,-36.5475,1.8253,-1.3337
129.834,4,-36.5372,1.8237,-1.3353
129.845,4,-36.5268,1.8223,-1.3370
129.856,4,-36.5164,1.8214,-1.3387
129.867,4,-36.5060,1.8207,-1.3404
129.878,4,-36.4956,1.8202,-1.3422
129.890,4,-36.4851,1.8196,-1.3442
129.901,4,-36.4747,1.8190,-1.3462
129.912,4,-36.4646,1.8184,-1.3484
129.923,4,-36.4544,1.8181,-1.3507
129.934,4,-36.4443,1.8188,-1.3530
129.946,4,-36.4340,1.8200,-1.3552
129.956,4,-36.4240,1.8215,-1.3573
129.967,4,-36.4140,1.8233,-1.3595
129.979,4,-36.4039,1.8248,-1.3617
129.990,4,-36.3937,1.8269,-1.3637
130.001,4,-36.3836,1.8288,-1.3657
130.012,4,-36.3736,1.8310,-1.3676
130.024,4,-36.3636,1.8326,-1.3694
130.034,4,-36.3538,1.8338,-1.3709
130.045,4,-36.3442,1.8346,-1.3724
130.057,4,-36.3348,1.8350,-1.3736
130.068,4,-36.3255,1.8359,-1.3747
130.079,4,-36.3162,1.8374,-1.3755
130.090,4,-36.3067,1.8393,-1.3761
130.101,4,-36.2974,1.8412,-1.3766
130.112,4,-36.2883,1.8428,-1.3770
130.123,4,-36.2792,1.8443,-1.3772
130.134,4,-36.2703,1.8459,-1.3775
130.146,4,-36.2613,1.8476,-1.3774
130.157,4,-36.2524,1.8492,-1.3775
130.168,4,-36.2435,1.8504,-1.3773
130.179,4,-36.2348,1.8516,-1.3772
130.190,4,-36.2265,1.8525,-1.3770
130.202,4,-36.2180,1.8533,-1.3767
130.213,4,-36.2097,1.8539,-1.3764
130.224,4,-36.2012,1.8543,-1.3760
130.235,4,-36.1929,1.8545,-1.3755
130.246,4,-36.1845,1.8546,-1.3749
130.258,4,-36.1761,1.8548,-1.3742
130.268,4,-36.1677,1.8548,-1.3736
130.279,4,-36.1592,1.8550,-1.3728
130.291,4,-36.1506,1.8548,-1.3718
130.302,4,-36.1421,1.8545,-1.3709
130.313,4,-36.1336,1.8540,-1.3699
130.324,4,-36.1253,1.8532,-1.3688
130.334,4,-36.1169,1.8522,-1.3677
130.345,4,-36.1086,1.8511,-1.3664
130.357,4,-36.1001,1.8499,-1.3651
130.368,4,-36.0916,1.8487,-1.3637
130.379,4,-36.0832,1.8474,-1.3622
130.389,4,-36.0749,1.8458,-1.3607
130.400,4,-36.0668,1.8441,-1.3590
130.412,4,-36.0585,1.8422,-1.3572
130.423,4,-36.0503,1.8406,-1.3555
130.434,4,-36.0420,1.8393,-1.3536
130.445,4,-36.0337,1.8383,-1.3516
130.456,4,-36.0254,1.8376,-1.3495
130.467,4,-36.0170,1.8370,-1.3473
130.478,4,-36.0088,1.8363,-1.3451
130.489,4,-36.0005,1.8355,-1.3427
130.501,4,-35.9922,1.8349,-1.3403
130.512,4,-35.9839,1.8344,-1.3378
130.523,4,-35.9757,1.8342,-1.3354
130.534,4,-35.9675,1.8343,-1.3328
130.544,4,-35.9593,1.8349,-1.3303
130.555,4,-35.9511,1.8357,-1.3278
130.567,4,-35.9429,1.8368,-1.3251
130.578,4,-35.9348,1.8377,-1.3226
130.589,4,-35.9266,1.8388,-1.3202
130.600,4,-35.9184,1.8402,-1.3178
130.612,4,-35.9103,1.8421,-1.3154
130.622,4,-35.9022,1.8440,-1.3131
130.634,4,-35.8941,1.8457,-1.3108
130.645,4,-35.8862,1.8468,-1.3087
130.656,4,-35.8782,1.8475,-1.3067
130.668,4,-35.8705,1.8481,-1.3048
130.679,4,-35.8626,1.8488,-1.3031
130.690,4,-35.8550,1.8498,-1.3017
130.701,4,-35.8472,1.8511,-1.3003
130.712,4,-35.8393,1.8525,-1.2990
130.724,4,-35.8317,1.8538,-1.2979
130.735,4,-35.8242,1.8551,-1.2969
130.745,4,-35.8166,1.8564,-1.2957
130.757,4,-35.8088,1.8576,-1.2949
130.768,4,-35.8013,1.8586,-1.2942
130.779,4,-35.7939,1.8597,-1.2934
130.790,4,-35.7865,1.8605,-1.2928
130.801,4,-35.7794,1.8613,-1.2922
130.812,4,-35.7723,1.8621,-1.2916
130.823,4,-35.7652,1.8629,-1.2911
130.834,4,-35.7582,1.8634,-1.2908
130.845,4,-35.7511,1.8639,-1.2904
130.856,4,-35.7442,1.8641,-1.2902
130.868,4,-35.7374,1.8642,-1.2900
130.879,4,-35.7308,1.8643,-1.2898
130.890,4,-35.7239,1.8644,-1.2896
130.901,4,-35.7172,1.8648,-1.2894
130.912,4,-35.7105,1.8650,-1.2894
130.923,4,-35.7039,1.8651,-1.2895
130.935,4,-35.6973,1.8649,-1.2896
130.946,4,-35.6908,1.8646,-1.2900
130.957,4,-35.6843,1.8641,-1.2903
130.968,4,-35.6780,1.8636,-1.2908
130.979,4,-35.6716,1.8630,-1.2912
130.990,4,-35.6655,1.8622,-1.2918
131.001,4,-35.6591,1.8615,-1.2924
131.012,4,-35.6528,1.8607,-1.2933
131.023,4,-35.6466,1.8600,-1.2942
131.034,4,-35.6402,1.8596,-1.2951
131.045,4,-35.6339,1.8592,-1.2962
131.057,4,-35.6275,1.8586,-1.2975
131.068,4,-35.6212,1.8581,-1.2987
131.079,4,-35.6147,1.8574,-1.3001
131.091,4,-35.6083,1.8568,-1.3016
131.101,4,-35.6020,1.8560,-1.3030
131.113,4,-35.5957,1.8553,-1.3047
131.123,4,-35.5894,1.8548,-1.3062
131.135,4,-35.5832,1.8542,-1.3077
131.146,4,-35.5772,1.8537,-1.3094
131.157,4,-35.5710,1.8530,-1.3110
131.168,4,-35.5650,1.8526,-1.3128
131.179,4,-35.5590,1.8525,-1.3146
131.190,4,-35.5529,1.8528,-1.3165
131.201,4,-35.5468,1.8538,-1.3182
131.212,4,-35.5406,1.8552,-1.3198
131.223,4,-35.5346,1.8568,-1.3213
131.235,4,-35.5285,1.8580,-1.3229
131.246,4,-35.5227,1.8589,-1.3244
131.256,4,-35.5171,1.8595,-1.3259
131.267,4,-35.5116,1.8600,-1.3272
131.278,4,-35.5061,1.8605,-1.3285
131.290,4,-35.5006,1.8610,-1.3297
131.301,4,-35.4952,1.8614,-1.3310
131.312,4,-35.4899,1.8616,-1.3321
131.323,4,-35.4845,1.8618,-1.3331
131.334,4,-35.4792,1.8617,-1.3340
131.345,4,-35.4740,1.8617,-1.3349
131.356,4,-35.4689,1.8617,-1.3360
131.367,4,-35.4640,1.8617,-1.3368
131.378,4,-35.4590,1.8616,-1.3375
131.390,4,-35.4542,1.8615,-1.3381
131.401,4,-35.4496,1.8614,-1.3387
131.412,4,-35.4449,1.8613,-1.3392
131.423,4,-35.4404,1.8611,-1.3394
131.434,4,-35.4359,1.8613,-1.3398
131.445,4,-35.4316,1.8615,-1.3401
131.457,4,-35.4274,1.8619,-1.3404
131.468,4,-35.4233,1.8622,-1.3406
131.479,4,-35.4193,1.8624,-1.3408
131.490,4,-35.4155,1.8625,-1.3409
131.501,4,-35.4119,1.8625,-1.3411
131.513,4,-35.4082,1.8625,-1.3410
131.523,4,-35.4047,1.8625,-1.3408
131.534,4,-35.4011,1.8626,-1.3404
131.545,4,-35.3978,1.8627,-1.3401
131.556,4,-35.3947,1.8626,-1.3398
131.567,4,-35.3916,1.8626,-1.3397
131.578,4,-35.3887,1.8625,-1.3391
131.589,4,-35.3859,1.8623,-1.3388
131.601,4,-35.3832,1.8621,-1.3382
131.612,4,-35.3806,1.8618,-1.3376
131.622,4,-35.3782,1.8614,-1.3371
131.634,4,-35.3759,1.8610,-1.3362
131.645,4,-35.3737,1.8606,-1.3354
131.656,4,-35.3717,1.8603,-1.3344
131.667,4,-35.3697,1.8600,-1.3334
131.678,4,-35.3680,1.8597,-1.3324
131.689,4,-35.3663,1.8595,-1.3314
131.701,4,-35.3646,1.8596,-1.3302
131.711,4,-35.3629,1.8599,-1.3290
131.722,4,-35.3612,1.8605,-1.3278
131.733,4,-35.3597,1.8610,-1.3264
131.744,4,-35.3582,1.8611,-1.3251
131.756,4,-35.3567,1.8611,-1.3237
131.768,4,-35.3553,1.8614,-1.3223
131.778,4,-35.3538,1.8617,-1.3210
131.789,4,-35.3524,1.8620,-1.3196
131.800,4,-35.3511,1.8622,-1.3185
131.811,4,-35.3499,1.8623,-1.3172
131.822,4,-35.3487,1.8624,-1.3161
131.834,4,-35.3476,1.8626,-1.3149
131.845,4,-35.3465,1.8627,-1.3138
131.856,4,-35.3455,1.8628,-1.3126
131.867,4,-35.3446,1.8628,-1.3117
131.878,4,-35.3436,1.8629,-1.3106
131.889,4,-35.3428,1.8629,-1.3098
131.901,4,-35.3419,1.8631,-1.3089
131.911,4,-35.3411,1.8633,-1.3083
131.922,4,-35.3402,1.8633,-1.3075
131.933,4,-35.3393,1.8634,-1.3068
131.944,4,-35.3384,1.8635,-1.3061
131.956,4,-35.3376,1.8635,-1.3055
131.967,4,-35.3368,1.8635,-1.3050
131.978,4,-35.3360,1.8636,-1.3045
131.989,4,-35.3352,1.8635,-1.3040
132.000,4,-35.3343,1.8635,-1.3035
132.011,4,-35.3335,1.8635,-1.3032
132.022,4,-35.3328,1.8635,-1.3028
132.034,4,-35.3322,1.8633,-1.3023
132.045,4,-35.3315,1.8632,-1.3020
132.056,4,-35.3309,1.8631,-1.3016
132.066,4,-35.3303,1.8630,-1.3013
132.078,4,-35.3297,1.8631,-1.3011
132.089,4,-35.3293,1.8631,-1.3009
132.099,4,-35.3288,1.8633,-1.3007
132.111,4,-35.3284,1.8633,-1.3005
132.122,4,-35.3280,1.8634,-1.3003
132.133,4,-35.3276,1.8636,-1.3002
132.144,4,-35.3273,1.8637,-1.3000
132.155,4,-35.3270,1.8639,-1.2996
132.166,4,-35.3268,1.8640,-1.2994
132.177,4,-35.3266,1.8641,-1.2992
132.188,4,-35.3265,1.8642,-1.2992
132.200,4,-35.3264,1.8642,-1.2991
132.211,4,-35.3263,1.8643,-1.2989

# --- Trial 5 start ---
140.575,5,-39.4710,1.7924,-1.2140
140.592,5,-39.4713,1.7924,-1.2136
140.605,5,-39.4716,1.7924,-1.2132
140.613,5,-39.4722,1.7924,-1.2125
140.624,5,-39.4724,1.7923,-1.2122
140.637,5,-39.4727,1.7923,-1.2120
140.648,5,-39.4730,1.7923,-1.2118
140.659,5,-39.4731,1.7924,-1.2115
140.679,5,-39.4731,1.7924,-1.2113
140.687,5,-39.4733,1.7925,-1.2111
140.697,5,-39.4733,1.7925,-1.2108
140.715,5,-39.4735,1.7925,-1.2104
140.723,5,-39.4737,1.7925,-1.2103
140.737,5,-39.4738,1.7924,-1.2101
140.747,5,-39.4737,1.7923,-1.2100
140.759,5,-39.4736,1.7924,-1.2099
140.770,5,-39.4735,1.7924,-1.2098
140.781,5,-39.4735,1.7925,-1.2097
140.792,5,-39.4735,1.7925,-1.2096
140.803,5,-39.4735,1.7925,-1.2096
140.814,5,-39.4734,1.7924,-1.2095
140.826,5,-39.4732,1.7923,-1.2095
140.837,5,-39.4731,1.7922,-1.2095
140.848,5,-39.4730,1.7922,-1.2094
140.859,5,-39.4727,1.7920,-1.2093
140.870,5,-39.4725,1.7919,-1.2093
140.881,5,-39.4723,1.7918,-1.2092
140.892,5,-39.4721,1.7916,-1.2092
140.903,5,-39.4719,1.7915,-1.2090
140.914,5,-39.4715,1.7913,-1.2088
140.925,5,-39.4713,1.7911,-1.2087
140.936,5,-39.4710,1.7909,-1.2085
140.947,5,-39.4707,1.7907,-1.2083
140.958,5,-39.4704,1.7906,-1.2080
140.970,5,-39.4700,1.7905,-1.2077
140.980,5,-39.4697,1.7905,-1.2074
140.993,5,-39.4692,1.7905,-1.2069
141.003,5,-39.4688,1.7905,-1.2064
141.014,5,-39.4683,1.7905,-1.2058
141.026,5,-39.4678,1.7906,-1.2052
141.037,5,-39.4673,1.7906,-1.2045
141.048,5,-39.4667,1.7908,-1.2037
141.059,5,-39.4661,1.7909,-1.2028
141.070,5,-39.4655,1.7912,-1.2019
141.081,5,-39.4648,1.7913,-1.2009
141.093,5,-39.4642,1.7915,-1.1999
141.104,5,-39.4636,1.7917,-1.1988
141.115,5,-39.4629,1.7919,-1.1978
141.126,5,-39.4621,1.7923,-1.1967
141.137,5,-39.4614,1.7926,-1.1956
141.148,5,-39.4607,1.7928,-1.1945
141.159,5,-39.4599,1.7930,-1.1933
141.171,5,-39.4591,1.7932,-1.1921
141.181,5,-39.4581,1.7933,-1.1908
141.192,5,-39.4571,1.7932,-1.1895
141.203,5,-39.4561,1.7932,-1.1882
141.215,5,-39.4551,1.7931,-1.1869
141.226,5,-39.4541,1.7930,-1.1857
141.238,5,-39.4530,1.7928,-1.1845
141.249,5,-39.4519,1.7925,-1.1833
141.260,5,-39.4508,1.7921,-1.1821
141.272,5,-39.4496,1.7918,-1.1810
141.283,5,-39.4485,1.7914,-1.1799
141.294,5,-39.4474,1.7909,-1.1788
141.305,5,-39.4463,1.7903,-1.1779
141.316,5,-39.4453,1.7896,-1.1771
141.327,5,-39.4443,1.7891,-1.1765
141.338,5,-39.4433,1.7888,-1.1758
141.349,5,-39.4424,1.7887,-1.1753
141.360,5,-39.4415,1.7886,-1.1749
141.371,5,-39.4408,1.7888,-1.1747
141.383,5,-39.4401,1.7891,-1.1744
141.394,5,-39.4395,1.7896,-1.1744
141.405,5,-39.4389,1.7903,-1.1744
141.417,5,-39.4385,1.7907,-1.1743
141.428,5,-39.4381,1.7911,-1.1745
141.439,5,-39.4378,1.7914,-1.1746
141.450,5,-39.4375,1.7917,-1.1748
141.461,5,-39.4373,1.7920,-1.1750
141.472,5,-39.4370,1.7924,-1.1753
141.483,5,-39.4367,1.7927,-1.1757
141.494,5,-39.4364,1.7930,-1.1760
141.505,5,-39.4361,1.7930,-1.1767
141.517,5,-39.4356,1.7931,-1.1773
141.528,5,-39.4350,1.7931,-1.1781
141.539,5,-39.4345,1.7928,-1.1790
141.550,5,-39.4339,1.7925,-1.1800
141.561,5,-39.4334,1.7919,-1.1811
141.573,5,-39.4329,1.7911,-1.1822
141.584,5,-39.4325,1.7901,-1.1835
141.596,5,-39.4322,1.7889,-1.1849
141.607,5,-39.4319,1.7877,-1.1864
141.618,5,-39.4316,1.7862,-1.1879
141.630,5,-39.4315,1.7844,-1.1895
141.641,5,-39.4315,1.7827,-1.1913
141.652,5,-39.4307,1.7833,-1.1935
141.663,5,-39.4287,1.7883,-1.1948
141.675,5,-39.4286,1.7920,-1.1964
141.685,5,-39.4278,1.7941,-1.1985
141.696,5,-39.4267,1.7952,-1.2006
141.707,5,-39.4254,1.7952,-1.2029
141.719,5,-39.4246,1.7949,-1.2051
141.729,5,-39.4241,1.7940,-1.2075
141.741,5,-39.4232,1.7934,-1.2101
141.752,5,-39.4222,1.7936,-1.2123
141.763,5,-39.4214,1.7942,-1.2145
141.774,5,-39.4201,1.7952,-1.2165
141.785,5,-39.4188,1.7958,-1.2185
141.796,5,-39.4175,1.7960,-1.2205
141.807,5,-39.4160,1.7957,-1.2227
141.818,5,-39.4147,1.7952,-1.2250
141.829,5,-39.4131,1.7944,-1.2273
141.841,5,-39.4117,1.7938,-1.2295
141.852,5,-39.4103,1.7937,-1.2318
141.863,5,-39.4090,1.7940,-1.2337
141.876,5,-39.4076,1.7942,-1.2357
141.887,5,-39.4061,1.7939,-1.2376
141.896,5,-39.4049,1.7935,-1.2395
141.905,5,-39.4037,1.7929,-1.2415
141.917,5,-39.4025,1.7924,-1.2433
141.928,5,-39.4013,1.7920,-1.2451
141.939,5,-39.4000,1.7918,-1.2468
141.950,5,-39.3986,1.7915,-1.2484
141.961,5,-39.3971,1.7912,-1.2501
141.972,5,-39.3956,1.7907,-1.2516
141.983,5,-39.3941,1.7902,-1.2532
141.995,5,-39.3925,1.7899,-1.2548
142.005,5,-39.3908,1.7895,-1.2564
142.017,5,-39.3891,1.7891,-1.2579
142.028,5,-39.3873,1.7887,-1.2593
142.039,5,-39.3855,1.7881,-1.2606
142.050,5,-39.3835,1.7877,-1.2619
142.061,5,-39.3815,1.7871,-1.2633
142.072,5,-39.3791,1.7868,-1.2647
142.083,5,-39.3767,1.7865,-1.2660
142.095,5,-39.3742,1.7864,-1.2673
142.106,5,-39.3716,1.7863,-1.2684
142.117,5,-39.3691,1.7860,-1.2694
142.128,5,-39.3662,1.7859,-1.2704
142.139,5,-39.3632,1.7855,-1.2713
142.150,5,-39.3601,1.7855,-1.2720
142.161,5,-39.3569,1.7852,-1.2728
142.172,5,-39.3536,1.7848,-1.2737
142.183,5,-39.3503,1.7840,-1.2744
142.194,5,-39.3469,1.7827,-1.2750
142.205,5,-39.3433,1.7817,-1.2755
142.216,5,-39.3396,1.7807,-1.2760
142.227,5,-39.3356,1.7803,-1.2766
142.239,5,-39.3317,1.7800,-1.2769
142.249,5,-39.3276,1.7799,-1.2772
142.261,5,-39.3233,1.7797,-1.2774
142.272,5,-39.3189,1.7796,-1.2774
142.283,5,-39.3145,1.7794,-1.2774
142.295,5,-39.3098,1.7791,-1.2773
142.306,5,-39.3049,1.7790,-1.2771
142.318,5,-39.3000,1.7788,-1.2771
142.329,5,-39.2947,1.7785,-1.2769
142.340,5,-39.2894,1.7780,-1.2766
142.351,5,-39.2842,1.7775,-1.2760
142.362,5,-39.2788,1.7770,-1.2757
142.373,5,-39.2733,1.7761,-1.2752
142.384,5,-39.2675,1.7754,-1.2745
142.395,5,-39.2617,1.7745,-1.2740
142.407,5,-39.2555,1.7733,-1.2731
142.418,5,-39.2493,1.7722,-1.2723
142.429,5,-39.2429,1.7710,-1.2714
142.440,5,-39.2364,1.7699,-1.2703
142.451,5,-39.2301,1.7688,-1.2692
142.462,5,-39.2235,1.7679,-1.2680
142.473,5,-39.2168,1.7669,-1.2668
142.484,5,-39.2098,1.7661,-1.2655
142.495,5,-39.2029,1.7652,-1.2641
142.506,5,-39.1954,1.7642,-1.2624
142.517,5,-39.1881,1.7631,-1.2605
142.528,5,-39.1808,1.7623,-1.2587
142.540,5,-39.1734,1.7614,-1.2565
142.551,5,-39.1659,1.7605,-1.2544
142.562,5,-39.1582,1.7597,-1.2522
142.573,5,-39.1503,1.7590,-1.2497
142.584,5,-39.1422,1.7584,-1.2473
142.595,5,-39.1340,1.7581,-1.2445
142.607,5,-39.1257,1.7581,-1.2417
142.618,5,-39.1174,1.7585,-1.2388
142.629,5,-39.1089,1.7594,-1.2359
142.640,5,-39.1004,1.7610,-1.2332
142.651,5,-39.0917,1.7629,-1.2302
142.662,5,-39.0829,1.7650,-1.2274
142.673,5,-39.0743,1.7677,-1.2244
142.685,5,-39.0661,1.7700,-1.2211
142.696,5,-39.0577,1.7723,-1.2183
142.707,5,-39.0496,1.7745,-1.2154
142.718,5,-39.0416,1.7766,-1.2129
142.729,5,-39.0336,1.7787,-1.2104
142.740,5,-39.0256,1.7807,-1.2080
142.751,5,-39.0178,1.7823,-1.2058
142.763,5,-39.0099,1.7834,-1.2037
142.773,5,-39.0021,1.7842,-1.2019
142.785,5,-38.9943,1.7851,-1.2004
142.796,5,-38.9866,1.7861,-1.1990
142.807,5,-38.9788,1.7871,-1.1977
142.818,5,-38.9712,1.7881,-1.1965
142.829,5,-38.9634,1.7894,-1.1955
142.840,5,-38.9556,1.7905,-1.1944
142.851,5,-38.9477,1.7916,-1.1935
142.862,5,-38.9398,1.7927,-1.1926
142.873,5,-38.9319,1.7939,-1.1921
142.884,5,-38.9240,1.7950,-1.1915
142.895,5,-38.9160,1.7961,-1.1910
142.906,5,-38.9079,1.7974,-1.1907
142.918,5,-38.8998,1.7984,-1.1903
142.929,5,-38.8916,1.7993,-1.1901
142.940,5,-38.8830,1.8002,-1.1898
142.951,5,-38.8745,1.8009,-1.1898
142.962,5,-38.8657,1.8015,-1.1899
142.973,5,-38.8571,1.8019,-1.1899
142.984,5,-38.8482,1.8022,-1.1901
142.995,5,-38.8393,1.8021,-1.1902
143.007,5,-38.8305,1.8016,-1.1903
143.018,5,-38.8216,1.8010,-1.1908
143.029,5,-38.8125,1.8002,-1.1912
143.040,5,-38.8030,1.7992,-1.1918
143.051,5,-38.7938,1.7980,-1.1924
143.063,5,-38.7844,1.7964,-1.1931
143.073,5,-38.7752,1.7949,-1.1936
143.084,5,-38.7657,1.7932,-1.1945
143.095,5,-38.7560,1.7914,-1.1953
143.106,5,-38.7460,1.7895,-1.1963
143.118,5,-38.7363,1.7875,-1.1972
143.129,5,-38.7263,1.7855,-1.1983
143.140,5,-38.7162,1.7834,-1.1997
143.151,5,-38.7060,1.7814,-1.2010
143.162,5,-38.6959,1.7792,-1.2024
143.173,5,-38.6855,1.7772,-1.2039
143.185,5,-38.6750,1.7753,-1.2056
143.195,5,-38.6645,1.7736,-1.2075
143.206,5,-38.6540,1.7723,-1.2094
143.217,5,-38.6436,1.7712,-1.2114
143.229,5,-38.6332,1.7703,-1.2135
143.239,5,-38.6230,1.7696,-1.2157
143.250,5,-38.6124,1.7692,-1.2180
143.261,5,-38.6016,1.7691,-1.2203
143.273,5,-38.5909,1.7694,-1.2228
143.283,5,-38.5801,1.7708,-1.2252
143.295,5,-38.5695,1.7727,-1.2276
143.305,5,-38.5590,1.7751,-1.2300
143.317,5,-38.5483,1.7778,-1.2325
143.328,5,-38.5378,1.7804,-1.2349
143.339,5,-38.5272,1.7833,-1.2373
143.350,5,-38.5169,1.7859,-1.2395
143.361,5,-38.5063,1.7880,-1.2415
143.373,5,-38.4962,1.7898,-1.2433
143.384,5,-38.4861,1.7911,-1.2450
143.395,5,-38.4762,1.7921,-1.2466
143.406,5,-38.4666,1.7928,-1.2478
143.417,5,-38.4567,1.7939,-1.2489
143.428,5,-38.4469,1.7955,-1.2498
143.439,5,-38.4371,1.7974,-1.2507
143.451,5,-38.4268,1.7996,-1.2514
143.462,5,-38.4170,1.8015,-1.2520
143.472,5,-38.4072,1.8033,-1.2526
143.484,5,-38.3972,1.8050,-1.2529
143.495,5,-38.3873,1.8066,-1.2533
143.506,5,-38.3777,1.8078,-1.2538
143.517,5,-38.3675,1.8091,-1.2541
143.528,5,-38.3576,1.8102,-1.2543
143.540,5,-38.3476,1.8110,-1.2546
143.551,5,-38.3376,1.8116,-1.2547
143.562,5,-38.3277,1.8118,-1.2547
143.573,5,-38.3176,1.8119,-1.2548
143.584,5,-38.3074,1.8117,-1.2547
143.595,5,-38.2972,1.8115,-1.2547
143.607,5,-38.2870,1.8111,-1.2544
143.618,5,-38.2765,1.8105,-1.2542
143.629,5,-38.2660,1.8098,-1.2539
143.639,5,-38.2553,1.8089,-1.2536
143.651,5,-38.2446,1.8075,-1.2533
143.661,5,-38.2339,1.8060,-1.2531
143.673,5,-38.2232,1.8042,-1.2527
143.684,5,-38.2123,1.8024,-1.2525
143.695,5,-38.2014,1.8005,-1.2520
143.706,5,-38.1906,1.7983,-1.2515
143.717,5,-38.1794,1.7962,-1.2508
143.728,5,-38.1683,1.7939,-1.2502
143.739,5,-38.1574,1.7916,-1.2496
143.751,5,-38.1462,1.7892,-1.2490
143.761,5,-38.1350,1.7871,-1.2482
143.773,5,-38.1239,1.7855,-1.2472
143.784,5,-38.1125,1.7842,-1.2463
143.795,5,-38.1012,1.7830,-1.2452
143.806,5,-38.0898,1.7821,-1.2441
143.817,5,-38.0783,1.7813,-1.2429
143.828,5,-38.0667,1.7807,-1.2418
143.839,5,-38.0552,1.7803,-1.2404
143.850,5,-38.0438,1.7800,-1.2391
143.861,5,-38.0320,1.7800,-1.2376
143.872,5,-38.0204,1.7804,-1.2362
143.883,5,-38.0086,1.7819,-1.2347
143.895,5,-37.9969,1.7837,-1.2332
143.906,5,-37.9854,1.7857,-1.2318
143.916,5,-37.9737,1.7878,-1.2306
143.927,5,-37.9620,1.7900,-1.2294
143.938,5,-37.9505,1.7924,-1.2284
143.949,5,-37.9393,1.7947,-1.2274
143.960,5,-37.9280,1.7966,-1.2266
143.971,5,-37.9171,1.7981,-1.2260
143.982,5,-37.9063,1.7991,-1.2257
143.993,5,-37.8959,1.8001,-1.2259
144.004,5,-37.8852,1.8012,-1.2261
144.015,5,-37.8748,1.8029,-1.2263
144.027,5,-37.8644,1.8048,-1.2267
144.038,5,-37.8541,1.8071,-1.2272
144.049,5,-37.8438,1.8093,-1.2279
144.060,5,-37.8335,1.8113,-1.2285
144.071,5,-37.8232,1.8133,-1.2294
144.082,5,-37.8129,1.8153,-1.2304
144.093,5,-37.8028,1.8172,-1.2314
144.105,5,-37.7926,1.8190,-1.2323
144.116,5,-37.7827,1.8206,-1.2332
144.127,5,-37.7727,1.8218,-1.2341
144.138,5,-37.7627,1.8227,-1.2349
144.149,5,-37.7526,1.8234,-1.2360
144.160,5,-37.7425,1.8237,-1.2369
144.172,5,-37.7324,1.8239,-1.2380
144.183,5,-37.7224,1.8235,-1.2390
144.194,5,-37.7122,1.8231,-1.2399
144.204,5,-37.7020,1.8225,-1.2410
144.216,5,-37.6917,1.8216,-1.2421
144.227,5,-37.6813,1.8204,-1.2433
144.238,5,-37.6707,1.8193,-1.2446
144.249,5,-37.6600,1.8178,-1.2460
144.260,5,-37.6493,1.8162,-1.2474
144.272,5,-37.6384,1.8142,-1.2489
144.283,5,-37.6276,1.8123,-1.2505
144.294,5,-37.6167,1.8103,-1.2520
144.306,5,-37.6056,1.8081,-1.2538
144.317,5,-37.5946,1.8061,-1.2556
144.328,5,-37.5837,1.8037,-1.2576
144.339,5,-37.5726,1.8015,-1.2596
144.350,5,-37.5618,1.7991,-1.2617
144.361,5,-37.5511,1.7966,-1.2641
144.372,5,-37.5402,1.7944,-1.2664
144.383,5,-37.5291,1.7925,-1.2690
144.394,5,-37.5180,1.7914,-1.2717
144.405,5,-37.5067,1.7902,-1.2745
144.416,5,-37.4955,1.7895,-1.2772
144.427,5,-37.4842,1.7890,-1.2800
144.438,5,-37.4731,1.7885,-1.2827
144.449,5,-37.4619,1.7878,-1.2856
144.460,5,-37.4508,1.7877,-1.2887
144.471,5,-37.4394,1.7884,-1.2919
144.483,5,-37.4282,1.7900,-1.2950
144.494,5,-37.4171,1.7917,-1.2979
144.505,5,-37.4061,1.7936,-1.3009
144.516,5,-37.3951,1.7954,-1.3038
144.527,5,-37.3843,1.7974,-1.3066
144.538,5,-37.3737,1.7994,-1.3093
144.549,5,-37.3632,1.8012,-1.3119
144.560,5,-37.3527,1.8027,-1.3142
144.571,5,-37.3424,1.8039,-1.3164
144.582,5,-37.3322,1.8051,-1.3186
144.594,5,-37.3219,1.8067,-1.3204
144.605,5,-37.3116,1.8087,-1.3221
144.616,5,-37.3011,1.8112,-1.3239
144.627,5,-37.2908,1.8135,-1.3254
144.638,5,-37.2805,1.8157,-1.3269
144.650,5,-37.2703,1.8178,-1.3283
144.661,5,-37.2606,1.8199,-1.3294
144.672,5,-37.2506,1.8220,-1.3305
144.683,5,-37.2408,1.8240,-1.3314
144.694,5,-37.2311,1.8258,-1.3323
144.705,5,-37.2214,1.8273,-1.3330
144.716,5,-37.2119,1.8287,-1.3337
144.727,5,-37.2023,1.8297,-1.3342
144.738,5,-37.1926,1.8305,-1.3347
144.750,5,-37.1827,1.8311,-1.3352
144.761,5,-37.1730,1.8315,-1.3357
144.772,5,-37.1631,1.8315,-1.3361
144.783,5,-37.1531,1.8313,-1.3364
144.795,5,-37.1432,1.8311,-1.3367
144.805,5,-37.1332,1.8306,-1.3369
144.817,5,-37.1234,1.8297,-1.3369
144.827,5,-37.1134,1.8287,-1.3370
144.838,5,-37.1035,1.8275,-1.3368
144.850,5,-37.0933,1.8260,-1.3367
144.861,5,-37.0831,1.8243,-1.3365
144.872,5,-37.0730,1.8225,-1.3363
144.883,5,-37.0630,1.8205,-1.3359
144.894,5,-37.0527,1.8185,-1.3354
144.905,5,-37.0424,1.8165,-1.3349
144.916,5,-37.0321,1.8144,-1.3342
144.927,5,-37.0217,1.8122,-1.3335
144.938,5,-37.0114,1.8102,-1.3323
144.949,5,-37.0009,1.8085,-1.3313
144.960,5,-36.9900,1.8072,-1.3302
144.972,5,-36.9792,1.8062,-1.3289
144.983,5,-36.9685,1.8055,-1.3276
144.994,5,-36.9577,1.8050,-1.3259
145.005,5,-36.9470,1.8045,-1.3244
145.017,5,-36.9361,1.8043,-1.3227
145.028,5,-36.9254,1.8041,-1.3209
145.039,5,-36.9148,1.8039,-1.3189
145.050,5,-36.9043,1.8040,-1.3171
145.061,5,-36.8938,1.8047,-1.3152
145.072,5,-36.8832,1.8064,-1.3133
145.083,5,-36.8729,1.8084,-1.3114
145.094,5,-36.8624,1.8103,-1.3095
145.105,5,-36.8518,1.8124,-1.3077
145.116,5,-36.8415,1.8144,-1.3059
145.127,5,-36.8312,1.8163,-1.3043
145.138,5,-36.8210,1.8181,-1.3028
145.149,5,-36.8112,1.8200,-1.3016
145.160,5,-36.8012,1.8218,-1.3003
145.171,5,-36.7917,1.8232,-1.2993
145.182,5,-36.7821,1.8244,-1.2985
145.194,5,-36.7726,1.8258,-1.2979
145.205,5,-36.7628,1.8275,-1.2975
145.216,5,-36.7532,1.8293,-1.2971
145.227,5,-36.7435,1.8312,-1.2969
145.238,5,-36.7336,1.8331,-1.2966
145.249,5,-36.7238,1.8348,-1.2967
145.260,5,-36.7143,1.8364,-1.2967
145.271,5,-36.7048,1.8380,-1.2967
145.283,5,-36.6952,1.8395,-1.2970
145.294,5,-36.6858,1.8408,-1.2972
145.304,5,-36.6766,1.8421,-1.2973
145.316,5,-36.6677,1.8430,-1.2975
145.327,5,-36.6585,1.8438,-1.2977
145.338,5,-36.6494,1.8445,-1.2980
145.349,5,-36.6403,1.8450,-1.2982
145.360,5,-36.6312,1.8455,-1.2985
145.371,5,-36.6221,1.8459,-1.2989
145.382,5,-36.6129,1.8462,-1.2993
145.393,5,-36.6036,1.8463,-1.2996
145.404,5,-36.5941,1.8464,-1.3000
145.416,5,-36.5846,1.8464,-1.3003
145.426,5,-36.5750,1.8461,-1.3008
145.438,5,-36.5654,1.8458,-1.3013
145.449,5,-36.5558,1.8453,-1.3019
145.460,5,-36.5461,1.8446,-1.3026
145.471,5,-36.5364,1.8437,-1.3033
145.482,5,-36.5267,1.8425,-1.3041
145.493,5,-36.5171,1.8412,-1.3050
145.504,5,-36.5071,1.8397,-1.3059
145.516,5,-36.4972,1.8380,-1.3070
145.527,5,-36.4873,1.8363,-1.3082
145.538,5,-36.4774,1.8347,-1.3095
145.550,5,-36.4674,1.8330,-1.3109
145.560,5,-36.4576,1.8313,-1.3122
145.572,5,-36.4477,1.8293,-1.3138
145.583,5,-36.4379,1.8274,-1.3156
145.594,5,-36.4280,1.8257,-1.3172
145.605,5,-36.4182,1.8245,-1.3190
145.616,5,-36.4083,1.8236,-1.3208
145.628,5,-36.3985,1.8227,-1.3227
145.639,5,-36.3886,1.8219,-1.3246
145.650,5,-36.3788,1.8210,-1.3267
145.661,5,-36.3691,1.8202,-1.3288
145.672,5,-36.3594,1.8199,-1.3309
145.684,5,-36.3497,1.8206,-1.3331
145.695,5,-36.3400,1.8218,-1.3352
145.706,5,-36.3306,1.8230,-1.3372
145.717,5,-36.3213,1.8244,-1.3394
145.729,5,-36.3118,1.8260,-1.3415
145.739,5,-36.3024,1.8277,-1.3436
145.750,5,-36.2931,1.8298,-1.3457
145.761,5,-36.2839,1.8318,-1.3476
145.772,5,-36.2745,1.8337,-1.3494
145.783,5,-36.2653,1.8355,-1.3510
145.794,5,-36.2562,1.8366,-1.3526
145.805,5,-36.2472,1.8375,-1.3540
145.816,5,-36.2383,1.8385,-1.3553
145.828,5,-36.2293,1.8396,-1.3564
145.839,5,-36.2204,1.8413,-1.3573
145.850,5,-36.2116,1.8429,-1.3583
145.861,5,-36.2030,1.8447,-1.3589
145.872,5,-36.1943,1.8463,-1.3597
145.883,5,-36.1856,1.8479,-1.3602
145.894,5,-36.1769,1.8496,-1.3608
145.905,5,-36.1684,1.8512,-1.3613
145.917,5,-36.1599,1.8528,-1.3616
145.928,5,-36.1516,1.8540,-1.3618
145.938,5,-36.1434,1.8553,-1.3621
145.948,5,-36.1354,1.8564,-1.3622
145.960,5,-36.1273,1.8572,-1.3622
145.970,5,-36.1193,1.8579,-1.3622
145.982,5,-36.1112,1.8583,-1.3621
145.993,5,-36.1032,1.8584,-1.3618
146.004,5,-36.0952,1.8586,-1.3617
146.015,5,-36.0873,1.8584,-1.3612
146.026,5,-36.0792,1.8584,-1.3609
146.037,5,-36.0713,1.8584,-1.3604
146.049,5,-36.0631,1.8583,-1.3598
146.060,5,-36.0551,1.8580,-1.3591
146.071,5,-36.0471,1.8573,-1.3583
146.082,5,-36.0391,1.8566,-1.3575
146.093,5,-36.0314,1.8558,-1.3565
146.104,5,-36.0236,1.8550,-1.3554
146.115,5,-36.0157,1.8542,-1.3542
146.126,5,-36.0078,1.8531,-1.3529
146.137,5,-35.9999,1.8519,-1.3516
146.148,5,-35.9920,1.8507,-1.3501
146.159,5,-35.9841,1.8496,-1.3487
146.170,5,-35.9763,1.8482,-1.3469
146.181,5,-35.9684,1.8472,-1.3452
146.193,5,-35.9606,1.8464,-1.3435
146.204,5,-35.9526,1.8458,-1.3415
146.215,5,-35.9448,1.8451,-1.3395
146.226,5,-35.9369,1.8443,-1.3375
146.237,5,-35.9291,1.8435,-1.3354
146.248,5,-35.9213,1.8427,-1.3333
146.260,5,-35.9135,1.8421,-1.3311
146.271,5,-35.9058,1.8415,-1.3288
146.282,5,-35.8981,1.8409,-1.3266
146.293,5,-35.8905,1.8403,-1.3242
146.304,5,-35.8830,1.8397,-1.3220
146.315,5,-35.8755,1.8394,-1.3197
146.327,5,-35.8680,1.8399,-1.3175
146.338,5,-35.8606,1.8408,-1.3149
146.349,5,-35.8534,1.8415,-1.3125
146.360,5,-35.8461,1.8419,-1.3101
146.372,5,-35.8387,1.8426,-1.3079
146.384,5,-35.8313,1.8437,-1.3055
146.394,5,-35.8240,1.8450,-1.3033
146.405,5,-35.8167,1.8467,-1.3010
146.416,5,-35.8093,1.8480,-1.2987
146.427,5,-35.8023,1.8489,-1.2967
146.439,5,-35.7953,1.8493,-1.2947
146.449,5,-35.7883,1.8494,-1.2930
146.460,5,-35.7815,1.8495,-1.2914
146.471,5,-35.7747,1.8499,-1.2899
146.483,5,-35.7678,1.8504,-1.2884
146.494,5,-35.7610,1.8514,-1.2871
146.505,5,-35.7543,1.8524,-1.2857
146.516,5,-35.7475,1.8533,-1.2844
146.527,5,-35.7407,1.8544,-1.2834
146.538,5,-35.7340,1.8553,-1.2824
146.549,5,-35.7272,1.8563,-1.2816
146.560,5,-35.7207,1.8573,-1.2808
146.572,5,-35.7143,1.8584,-1.2800
146.582,5,-35.7080,1.8594,-1.2793
146.594,5,-35.7020,1.8603,-1.2787
146.605,5,-35.6959,1.8613,-1.2782
146.616,5,-35.6899,1.8621,-1.2777
146.627,5,-35.6839,1.8627,-1.2773
146.638,5,-35.6780,1.8633,-1.2769
146.649,5,-35.6723,1.8638,-1.2767
146.660,5,-35.6664,1.8644,-1.2764
146.671,5,-35.6608,1.8648,-1.2762
146.682,5,-35.6550,1.8653,-1.2761
146.693,5,-35.6495,1.8656,-1.2762
146.704,5,-35.6439,1.8656,-1.2763
146.716,5,-35.6383,1.8656,-1.2765
146.727,5,-35.6331,1.8652,-1.2768
146.738,5,-35.6277,1.8649,-1.2771
146.750,5,-35.6226,1.8645,-1.2777
146.761,5,-35.6174,1.8641,-1.2781
146.772,5,-35.6124,1.8637,-1.2786
146.783,5,-35.6075,1.8631,-1.2794
146.794,5,-35.6026,1.8627,-1.2802
146.806,5,-35.5978,1.8624,-1.2809
146.817,5,-35.5930,1.8622,-1.2818
146.827,5,-35.5885,1.8618,-1.2829
146.838,5,-35.5838,1.8616,-1.2840
146.850,5,-35.5791,1.8613,-1.2852
146.861,5,-35.5744,1.8610,-1.2865
146.872,5,-35.5697,1.8608,-1.2881
146.883,5,-35.5651,1.8606,-1.2895
146.894,5,-35.5605,1.8603,-1.2911
146.905,5,-35.5559,1.8599,-1.2930
146.916,5,-35.5511,1.8595,-1.2945
146.927,5,-35.5465,1.8592,-1.2963
146.939,5,-35.5418,1.8589,-1.2982
146.950,5,-35.5371,1.8590,-1.3001
146.961,5,-35.5323,1.8592,-1.3020
146.972,5,-35.5275,1.8600,-1.3040
146.983,5,-35.5226,1.8606,-1.3059
146.994,5,-35.5177,1.8614,-1.3079
147.005,5,-35.5128,1.8618,-1.3098
147.016,5,-35.5080,1.8620,-1.3119
147.027,5,-35.5033,1.8621,-1.3139
147.038,5,-35.4987,1.8622,-1.3158
147.049,5,-35.4942,1.8624,-1.3177
147.060,5,-35.4896,1.8627,-1.3196
147.071,5,-35.4851,1.8629,-1.3216
147.082,5,-35.4804,1.8632,-1.3234
147.093,5,-35.4759,1.8636,-1.3255
147.104,5,-35.4713,1.8638,-1.3272
147.116,5,-35.4667,1.8640,-1.3290
147.126,5,-35.4622,1.8640,-1.3308
147.138,5,-35.4578,1.8639,-1.3326
147.149,5,-35.4534,1.8637,-1.3342
147.160,5,-35.4491,1.8634,-1.3358
147.171,5,-35.4448,1.8631,-1.3372
147.183,5,-35.4405,1.8629,-1.3385
147.194,5,-35.4364,1.8627,-1.3397
147.205,5,-35.4324,1.8626,-1.3408
147.216,5,-35.4285,1.8625,-1.3418
147.228,5,-35.4248,1.8624,-1.3427
147.238,5,-35.4211,1.8625,-1.3435
147.249,5,-35.4176,1.8626,-1.3443
147.261,5,-35.4142,1.8627,-1.3449
147.272,5,-35.4110,1.8631,-1.3455
147.283,5,-35.4080,1.8635,-1.3460
147.294,5,-35.4050,1.8639,-1.3463
147.305,5,-35.4021,1.8642,-1.3466
147.315,5,-35.3994,1.8644,-1.3468
147.327,5,-35.3968,1.8644,-1.3471
147.338,5,-35.3943,1.8644,-1.3472
147.349,5,-35.3921,1.8646,-1.3474
147.360,5,-35.3899,1.8646,-1.3474
147.371,5,-35.3878,1.8646,-1.3472
147.383,5,-35.3858,1.8644,-1.3470
147.393,5,-35.3838,1.8643,-1.3470
147.404,5,-35.3820,1.8641,-1.3466
147.415,5,-35.3802,1.8639,-1.3463
147.427,5,-35.3786,1.8636,-1.3458
147.437,5,-35.3770,1.8633,-1.3454
147.448,5,-35.3758,1.8629,-1.3450
147.459,5,-35.3744,1.8625,-1.3444
147.470,5,-35.3734,1.8618,-1.3438
147.481,5,-35.3723,1.8613,-1.3431
147.492,5,-35.3713,1.8610,-1.3423
147.504,5,-35.3704,1.8608,-1.3414
147.515,5,-35.3697,1.8607,-1.3404
147.526,5,-35.3691,1.8608,-1.3395
147.537,5,-35.3685,1.8608,-1.3385
147.548,5,-35.3680,1.8607,-1.3373
147.560,5,-35.3675,1.8608,-1.3361
147.571,5,-35.3671,1.8610,-1.3351
147.582,5,-35.3667,1.8611,-1.3339
147.593,5,-35.3663,1.8611,-1.3328
147.604,5,-35.3661,1.8611,-1.3320
147.615,5,-35.3657,1.8613,-1.3309
147.626,5,-35.3653,1.8615,-1.3297
147.638,5,-35.3648,1.8617,-1.3286
147.649,5,-35.3644,1.8620,-1.3276
147.660,5,-35.3639,1.8621,-1.3266
147.671,5,-35.3635,1.8622,-1.3254
147.682,5,-35.3631,1.8624,-1.3244
147.693,5,-35.3627,1.8625,-1.3235
147.704,5,-35.3624,1.8628,-1.3227
147.715,5,-35.3619,1.8630,-1.3217
147.727,5,-35.3616,1.8631,-1.3207
147.738,5,-35.3613,1.8632,-1.3198
147.748,5,-35.3610,1.8633,-1.3188
147.759,5,-35.3606,1.8634,-1.3179
147.771,5,-35.3604,1.8633,-1.3172
147.781,5,-35.3600,1.8632,-1.3162
147.793,5,-35.3598,1.8632,-1.3153
147.804,5,-35.3596,1.8632,-1.3145
147.815,5,-35.3594,1.8633,-1.3137
147.826,5,-35.3592,1.8634,-1.3128
147.838,5,-35.3591,1.8634,-1.3119
147.849,5,-35.3589,1.8633,-1.3112
147.860,5,-35.3587,1.8632,-1.3104
147.871,5,-35.3586,1.8632,-1.3097
147.882,5,-35.3584,1.8633,-1.3091
147.893,5,-35.3583,1.8633,-1.3085
147.905,5,-35.3581,1.8633,-1.3079
147.916,5,-35.3580,1.8633,-1.3073
147.927,5,-35.3578,1.8633,-1.3068
147.938,5,-35.3578,1.8635,-1.3066
147.950,5,-35.3576,1.8636,-1.3062
147.960,5,-35.3574,1.8638,-1.3057
147.970,5,-35.3573,1.8638,-1.3053

# --- Trial 6 start ---
156.100,6,-39.4605,1.7942,-1.2508
156.117,6,-39.4615,1.7944,-1.2501
156.125,6,-39.4625,1.7945,-1.2493
156.132,6,-39.4634,1.7946,-1.2485
156.141,6,-39.4643,1.7948,-1.2478
156.152,6,-39.4650,1.7948,-1.2471
156.167,6,-39.4657,1.7951,-1.2465
156.184,6,-39.4673,1.7953,-1.2452
156.206,6,-39.4685,1.7956,-1.2443
156.217,6,-39.4692,1.7957,-1.2439
156.230,6,-39.4697,1.7959,-1.2434
156.241,6,-39.4701,1.7961,-1.2430
156.252,6,-39.4706,1.7963,-1.2426
156.263,6,-39.4709,1.7965,-1.2421
156.274,6,-39.4713,1.7966,-1.2417
156.286,6,-39.4717,1.7967,-1.2413
156.296,6,-39.4722,1.7969,-1.2408
156.312,6,-39.4726,1.7968,-1.2406
156.329,6,-39.4732,1.7969,-1.2399
156.339,6,-39.4732,1.7969,-1.2395
156.351,6,-39.4734,1.7969,-1.2393
156.362,6,-39.4738,1.7967,-1.2390
156.374,6,-39.4740,1.7966,-1.2387
156.387,6,-39.4743,1.7964,-1.2385
156.407,6,-39.4746,1.7963,-1.2380
156.417,6,-39.4748,1.7962,-1.2376
156.440,6,-39.4753,1.7962,-1.2368
156.450,6,-39.4755,1.7962,-1.2365
156.473,6,-39.4761,1.7969,-1.2356
156.483,6,-39.4766,1.7972,-1.2346
156.496,6,-39.4768,1.7978,-1.2335
156.516,6,-39.4766,1.7982,-1.2318
156.539,6,-39.4759,1.7988,-1.2299
156.561,6,-39.4753,1.7994,-1.2276
156.583,6,-39.4745,1.7997,-1.2253
156.606,6,-39.4730,1.7999,-1.2226
156.628,6,-39.4714,1.7998,-1.2199
156.651,6,-39.4691,1.7992,-1.2172
156.673,6,-39.4669,1.7978,-1.2145
156.696,6,-39.4647,1.7957,-1.2121
156.718,6,-39.4626,1.7943,-1.2101
156.741,6,-39.4603,1.7937,-1.2084
156.763,6,-39.4582,1.7925,-1.2073
156.785,6,-39.4565,1.7923,-1.2071
156.808,6,-39.4553,1.7935,-1.2071
156.830,6,-39.4543,1.7953,-1.2072
156.853,6,-39.4534,1.7963,-1.2077
156.875,6,-39.4529,1.7967,-1.2086
156.897,6,-39.4523,1.7971,-1.2095
156.919,6,-39.4516,1.7974,-1.2108
156.941,6,-39.4505,1.7969,-1.2123
156.963,6,-39.4492,1.7958,-1.2140
156.985,6,-39.4483,1.7948,-1.2154
156.996,6,-39.4475,1.7942,-1.2165
157.007,6,-39.4467,1.7936,-1.2177
157.019,6,-39.4458,1.7927,-1.2190
157.030,6,-39.4450,1.7916,-1.2206
157.041,6,-39.4442,1.7902,-1.2221
157.053,6,-39.4436,1.7884,-1.2238
157.064,6,-39.4431,1.7863,-1.2256
157.075,6,-39.4430,1.7851,-1.2278
157.086,6,-39.4414,1.7878,-1.2304
157.097,6,-39.4392,1.7935,-1.2313
157.108,6,-39.4388,1.7987,-1.2332
157.120,6,-39.4375,1.8011,-1.2352
157.131,6,-39.4358,1.8018,-1.2372
157.143,6,-39.4337,1.8010,-1.2391
157.154,6,-39.4331,1.7993,-1.2409
157.166,6,-39.4322,1.7977,-1.2430
157.177,6,-39.4313,1.7964,-1.2452
157.189,6,-39.4306,1.7956,-1.2472
157.200,6,-39.4294,1.7961,-1.2491
157.211,6,-39.4280,1.7969,-1.2506
157.222,6,-39.4267,1.7976,-1.2523
157.234,6,-39.4251,1.7978,-1.2539
157.244,6,-39.4233,1.7974,-1.2558
157.256,6,-39.4214,1.7968,-1.2578
157.267,6,-39.4194,1.7964,-1.2598
157.278,6,-39.4175,1.7963,-1.2618
157.289,6,-39.4156,1.7965,-1.2637
157.300,6,-39.4136,1.7972,-1.2655
157.311,6,-39.4114,1.7975,-1.2670
157.322,6,-39.4092,1.7976,-1.2690
157.334,6,-39.4069,1.7973,-1.2709
157.344,6,-39.4044,1.7970,-1.2728
157.355,6,-39.4018,1.7967,-1.2745
157.367,6,-39.3992,1.7966,-1.2764
157.378,6,-39.3962,1.7965,-1.2781
157.400,6,-39.3926,1.7954,-1.2796
157.411,6,-39.3896,1.7944,-1.2812
157.422,6,-39.3864,1.7933,-1.2828
157.434,6,-39.3830,1.7920,-1.2842
157.444,6,-39.3795,1.7910,-1.2855
157.455,6,-39.3758,1.7908,-1.2868
157.466,6,-39.3722,1.7911,-1.2879
157.478,6,-39.3685,1.7911,-1.2887
157.488,6,-39.3645,1.7909,-1.2897
157.500,6,-39.3604,1.7903,-1.2906
157.512,6,-39.3563,1.7896,-1.2915
157.522,6,-39.3520,1.7887,-1.2923
157.533,6,-39.3477,1.7881,-1.2930
157.544,6,-39.3431,1.7881,-1.2935
157.555,6,-39.3385,1.7882,-1.2938
157.567,6,-39.3337,1.7889,-1.2941
157.577,6,-39.3288,1.7894,-1.2943
157.588,6,-39.3237,1.7898,-1.2944
157.600,6,-39.3184,1.7898,-1.2946
157.611,6,-39.3131,1.7895,-1.2945
157.622,6,-39.3076,1.7888,-1.2944
157.633,6,-39.3020,1.7877,-1.2940
157.644,6,-39.2964,1.7869,-1.2937
157.655,6,-39.2905,1.7859,-1.2932
157.666,6,-39.2846,1.7852,-1.2927
157.677,6,-39.2784,1.7842,-1.2920
157.688,6,-39.2722,1.7830,-1.2912
157.699,6,-39.2658,1.7815,-1.2902
157.711,6,-39.2592,1.7801,-1.2891
157.722,6,-39.2525,1.7787,-1.2879
157.733,6,-39.2456,1.7774,-1.2866
157.744,6,-39.2387,1.7761,-1.2853
157.755,6,-39.2315,1.7750,-1.2840
157.766,6,-39.2243,1.7738,-1.2825
157.777,6,-39.2171,1.7726,-1.2809
157.788,6,-39.2098,1.7714,-1.2793
157.799,6,-39.2023,1.7700,-1.2774
157.810,6,-39.1947,1.7688,-1.2755
157.821,6,-39.1869,1.7678,-1.2735
157.832,6,-39.1791,1.7667,-1.2714
157.843,6,-39.1709,1.7656,-1.2691
157.854,6,-39.1627,1.7644,-1.2667
157.866,6,-39.1544,1.7631,-1.2642
157.877,6,-39.1461,1.7618,-1.2615
157.888,6,-39.1376,1.7610,-1.2588
157.899,6,-39.1290,1.7606,-1.2561
157.910,6,-39.1202,1.7607,-1.2532
157.921,6,-39.1114,1.7611,-1.2502
157.932,6,-39.1026,1.7614,-1.2470
157.944,6,-39.0935,1.7624,-1.2436
157.955,6,-39.0846,1.7634,-1.2403
157.966,6,-39.0757,1.7650,-1.2369
157.977,6,-39.0670,1.7669,-1.2335
157.988,6,-39.0582,1.7691,-1.2302
157.999,6,-39.0496,1.7714,-1.2270
158.011,6,-39.0410,1.7733,-1.2239
158.022,6,-39.0327,1.7751,-1.2209
158.033,6,-39.0244,1.7766,-1.2181
158.044,6,-39.0163,1.7778,-1.2153
158.055,6,-39.0081,1.7791,-1.2130
158.066,6,-38.9999,1.7805,-1.2107
158.078,6,-38.9915,1.7822,-1.2087
158.088,6,-38.9831,1.7839,-1.2067
158.099,6,-38.9748,1.7856,-1.2046
158.110,6,-38.9663,1.7873,-1.2027
158.122,6,-38.9579,1.7890,-1.2010
158.133,6,-38.9494,1.7905,-1.1994
158.144,6,-38.9410,1.7918,-1.1982
158.155,6,-38.9326,1.7932,-1.1970
158.166,6,-38.9242,1.7945,-1.1959
158.177,6,-38.9160,1.7958,-1.1949
158.188,6,-38.9077,1.7973,-1.1938
158.199,6,-38.8998,1.7983,-1.1924
158.210,6,-38.8915,1.7995,-1.1915
158.221,6,-38.8831,1.8005,-1.1907
158.232,6,-38.8745,1.8011,-1.1900
158.244,6,-38.8659,1.8016,-1.1894
158.255,6,-38.8572,1.8019,-1.1888
158.266,6,-38.8484,1.8019,-1.1883
158.277,6,-38.8394,1.8019,-1.1879
158.288,6,-38.8303,1.8017,-1.1876
158.299,6,-38.8212,1.8014,-1.1872
158.310,6,-38.8121,1.8009,-1.1871
158.322,6,-38.8032,1.8003,-1.1873
158.333,6,-38.7941,1.7993,-1.1874
158.344,6,-38.7847,1.7980,-1.1875
158.354,6,-38.7753,1.7968,-1.1878
158.366,6,-38.7658,1.7952,-1.1882
158.377,6,-38.7559,1.7935,-1.1886
158.388,6,-38.7461,1.7917,-1.1892
158.399,6,-38.7359,1.7899,-1.1901
158.410,6,-38.7258,1.7878,-1.1909
158.421,6,-38.7157,1.7856,-1.1920
158.432,6,-38.7052,1.7833,-1.1931
158.443,6,-38.6951,1.7808,-1.1944
158.455,6,-38.6845,1.7782,-1.1961
158.466,6,-38.6741,1.7758,-1.1978
158.477,6,-38.6637,1.7737,-1.1998
158.489,6,-38.6532,1.7717,-1.2019
158.500,6,-38.6429,1.7701,-1.2040
158.511,6,-38.6324,1.7692,-1.2062
158.522,6,-38.6222,1.7683,-1.2083
158.533,6,-38.6116,1.7678,-1.2107
158.544,6,-38.6010,1.7672,-1.2130
158.555,6,-38.5903,1.7670,-1.2156
158.566,6,-38.5794,1.7677,-1.2183
158.577,6,-38.5684,1.7694,-1.2208
158.588,6,-38.5574,1.7718,-1.2234
158.599,6,-38.5468,1.7749,-1.2260
158.610,6,-38.5359,1.7781,-1.2289
158.622,6,-38.5251,1.7815,-1.2318
158.633,6,-38.5144,1.7845,-1.2346
158.645,6,-38.5037,1.7870,-1.2373
158.655,6,-38.4934,1.7893,-1.2399
158.666,6,-38.4834,1.7911,-1.2423
158.677,6,-38.4736,1.7923,-1.2446
158.689,6,-38.4638,1.7930,-1.2468
158.700,6,-38.4540,1.7938,-1.2490
158.711,6,-38.4442,1.7946,-1.2507
158.722,6,-38.4341,1.7962,-1.2523
158.733,6,-38.4239,1.7980,-1.2538
158.744,6,-38.4141,1.7999,-1.2551
158.755,6,-38.4042,1.8015,-1.2563
158.766,6,-38.3941,1.8030,-1.2573
158.777,6,-38.3841,1.8047,-1.2583
158.788,6,-38.3742,1.8065,-1.2593
158.799,6,-38.3641,1.8080,-1.2603
158.810,6,-38.3540,1.8094,-1.2609
158.821,6,-38.3441,1.8105,-1.2616
158.832,6,-38.3340,1.8113,-1.2621
158.843,6,-38.3242,1.8120,-1.2626
158.854,6,-38.3142,1.8127,-1.2630
158.865,6,-38.3040,1.8128,-1.2634
158.876,6,-38.2940,1.8131,-1.2637
158.887,6,-38.2836,1.8131,-1.2639
158.899,6,-38.2731,1.8130,-1.2639
158.910,6,-38.2625,1.8128,-1.2639
158.921,6,-38.2520,1.8124,-1.2638
158.932,6,-38.2415,1.8117,-1.2634
158.943,6,-38.2306,1.8108,-1.2633
158.954,6,-38.2196,1.8095,-1.2632
158.965,6,-38.2085,1.8080,-1.2630
158.977,6,-38.1973,1.8061,-1.2627
158.988,6,-38.1861,1.8042,-1.2624
158.999,6,-38.1749,1.8020,-1.2619
159.010,6,-38.1635,1.7998,-1.2615
159.021,6,-38.1520,1.7975,-1.2611
159.032,6,-38.1405,1.7950,-1.2607
159.044,6,-38.1289,1.7924,-1.2601
159.054,6,-38.1174,1.7899,-1.2595
159.066,6,-38.1056,1.7878,-1.2588
159.077,6,-38.0937,1.7863,-1.2579
159.088,6,-38.0818,1.7851,-1.2570
159.099,6,-38.0702,1.7839,-1.2561
159.110,6,-38.0583,1.7827,-1.2550
159.122,6,-38.0462,1.7820,-1.2540
159.132,6,-38.0341,1.7816,-1.2527
159.143,6,-38.0220,1.7816,-1.2513
159.155,6,-38.0098,1.7821,-1.2497
159.166,6,-37.9976,1.7831,-1.2483
159.177,6,-37.9852,1.7848,-1.2469
159.188,6,-37.9729,1.7875,-1.2455
159.199,6,-37.9608,1.7907,-1.2442
159.210,6,-37.9486,1.7936,-1.2430
159.221,6,-37.9368,1.7969,-1.2420
159.233,6,-37.9251,1.7998,-1.2409
159.243,6,-37.9137,1.8024,-1.2402
159.255,6,-37.9024,1.8045,-1.2396
159.266,6,-37.8915,1.8059,-1.2392
159.277,6,-37.8811,1.8068,-1.2392
159.288,6,-37.8705,1.8079,-1.2396
159.299,6,-37.8601,1.8092,-1.2402
159.311,6,-37.8499,1.8110,-1.2408
159.322,6,-37.8398,1.8133,-1.2414
159.333,6,-37.8295,1.8157,-1.2418
159.344,6,-37.8191,1.8178,-1.2425
159.355,6,-37.8089,1.8199,-1.2433
159.366,6,-37.7986,1.8217,-1.2443
159.377,6,-37.7885,1.8234,-1.2453
159.388,6,-37.7784,1.8249,-1.2465
159.400,6,-37.7683,1.8263,-1.2476
159.410,6,-37.7583,1.8275,-1.2488
159.422,6,-37.7482,1.8285,-1.2500
159.432,6,-37.7380,1.8294,-1.2512
159.444,6,-37.7277,1.8298,-1.2525
159.455,6,-37.7174,1.8302,-1.2538
159.466,6,-37.7070,1.8303,-1.2552
159.477,6,-37.6967,1.8299,-1.2564
159.488,6,-37.6861,1.8294,-1.2578
159.499,6,-37.6757,1.8291,-1.2591
159.511,6,-37.6649,1.8282,-1.2604
159.521,6,-37.6540,1.8273,-1.2621
159.532,6,-37.6432,1.8260,-1.2636
159.543,6,-37.6324,1.8244,-1.2653
159.555,6,-37.6218,1.8226,-1.2670
159.565,6,-37.6110,1.8205,-1.2689
159.576,6,-37.6000,1.8185,-1.2709
159.588,6,-37.5890,1.8164,-1.2729
159.599,6,-37.5779,1.8142,-1.2750
159.610,6,-37.5669,1.8120,-1.2770
159.621,6,-37.5557,1.8094,-1.2794
159.632,6,-37.5445,1.8068,-1.2817
159.643,6,-37.5334,1.8044,-1.2841
159.654,6,-37.5221,1.8021,-1.2869
159.665,6,-37.5110,1.8003,-1.2895
159.677,6,-37.4996,1.7992,-1.2923
159.688,6,-37.4885,1.7983,-1.2951
159.699,6,-37.4772,1.7975,-1.2980
159.710,6,-37.4660,1.7969,-1.3010
159.721,6,-37.4548,1.7964,-1.3041
159.732,6,-37.4437,1.7960,-1.3074
159.743,6,-37.4325,1.7960,-1.3107
159.755,6,-37.4212,1.7972,-1.3141
159.765,6,-37.4099,1.7990,-1.3174
159.776,6,-37.3989,1.8008,-1.3206
159.787,6,-37.3878,1.8034,-1.3240
159.799,6,-37.3767,1.8058,-1.3272
159.810,6,-37.3657,1.8084,-1.3304
159.820,6,-37.3549,1.8107,-1.3335
159.832,6,-37.3441,1.8127,-1.3365
159.843,6,-37.3334,1.8144,-1.3392
159.854,6,-37.3227,1.8156,-1.3417
159.865,6,-37.3121,1.8167,-1.3439
159.876,6,-37.3014,1.8181,-1.3458
159.888,6,-37.2905,1.8200,-1.3477
159.899,6,-37.2801,1.8225,-1.3492
159.910,6,-37.2697,1.8249,-1.3506
159.921,6,-37.2593,1.8271,-1.3519
159.932,6,-37.2488,1.8292,-1.3531
159.943,6,-37.2383,1.8313,-1.3540
159.954,6,-37.2280,1.8336,-1.3549
159.965,6,-37.2176,1.8356,-1.3556
159.976,6,-37.2072,1.8375,-1.3563
159.987,6,-37.1970,1.8391,-1.3570
159.998,6,-37.1867,1.8405,-1.3576
160.009,6,-37.1764,1.8417,-1.3581
160.020,6,-37.1662,1.8426,-1.3585
160.031,6,-37.1557,1.8432,-1.3589
160.042,6,-37.1453,1.8434,-1.3593
160.053,6,-37.1350,1.8432,-1.3595
160.064,6,-37.1246,1.8429,-1.3597
160.075,6,-37.1140,1.8423,-1.3599
160.087,6,-37.1034,1.8415,-1.3600
160.098,6,-37.0926,1.8404,-1.3602
160.109,6,-37.0820,1.8393,-1.3602
160.120,6,-37.0714,1.8380,-1.3602
160.131,6,-37.0606,1.8362,-1.3601
160.142,6,-37.0498,1.8342,-1.3600
160.153,6,-37.0389,1.8320,-1.3598
160.164,6,-37.0280,1.8297,-1.3595
160.176,6,-37.0169,1.8273,-1.3591
160.187,6,-37.0059,1.8249,-1.3585
160.198,6,-36.9949,1.8224,-1.3579
160.210,6,-36.9836,1.8201,-1.3572
160.220,6,-36.9724,1.8182,-1.3564
160.231,6,-36.9613,1.8168,-1.3554
160.243,6,-36.9500,1.8157,-1.3543
160.254,6,-36.9389,1.8148,-1.3532
160.265,6,-36.9276,1.8143,-1.3518
160.276,6,-36.9166,1.8138,-1.3504
160.287,6,-36.9054,1.8135,-1.3488
160.298,6,-36.8941,1.8133,-1.3472
160.309,6,-36.8829,1.8133,-1.3453
160.320,6,-36.8717,1.8133,-1.3436
160.331,6,-36.8606,1.8140,-1.3418
160.343,6,-36.8495,1.8155,-1.3401
160.353,6,-36.8384,1.8173,-1.3383
160.365,6,-36.8275,1.8192,-1.3364
160.376,6,-36.8164,1.8213,-1.3347
160.387,6,-36.8054,1.8232,-1.3330
160.398,6,-36.7943,1.8250,-1.3315
160.409,6,-36.7835,1.8268,-1.3300
160.420,6,-36.7728,1.8286,-1.3288
160.431,6,-36.7624,1.8304,-1.3278
160.442,6,-36.7520,1.8321,-1.3268
160.453,6,-36.7418,1.8339,-1.3262
160.465,6,-36.7317,1.8357,-1.3257
160.476,6,-36.7215,1.8376,-1.3253
160.487,6,-36.7115,1.8396,-1.3252
160.498,6,-36.7013,1.8415,-1.3250
160.510,6,-36.6913,1.8434,-1.3251
160.520,6,-36.6815,1.8452,-1.3253
160.532,6,-36.6716,1.8470,-1.3255
160.543,6,-36.6619,1.8489,-1.3257
160.554,6,-36.6520,1.8507,-1.3260
160.565,6,-36.6423,1.8525,-1.3263
160.576,6,-36.6324,1.8538,-1.3266
160.587,6,-36.6228,1.8549,-1.3270
160.598,6,-36.6134,1.8556,-1.3273
160.609,6,-36.6035,1.8560,-1.3278
160.620,6,-36.5940,1.8563,-1.3282
160.631,6,-36.5844,1.8564,-1.3287
160.642,6,-36.5747,1.8565,-1.3291
160.653,6,-36.5648,1.8562,-1.3296
160.664,6,-36.5548,1.8560,-1.3300
160.676,6,-36.5446,1.8554,-1.3305
160.687,6,-36.5347,1.8548,-1.3311
160.698,6,-36.5245,1.8540,-1.3316
160.709,6,-36.5142,1.8527,-1.3323
160.720,6,-36.5041,1.8515,-1.3329
160.731,6,-36.4938,1.8500,-1.3336
160.743,6,-36.4835,1.8482,-1.3344
160.754,6,-36.4731,1.8462,-1.3353
160.765,6,-36.4628,1.8439,-1.3363
160.776,6,-36.4524,1.8419,-1.3373
160.787,6,-36.4420,1.8399,-1.3386
160.798,6,-36.4317,1.8380,-1.3399
160.809,6,-36.4214,1.8360,-1.3412
160.820,6,-36.4109,1.8340,-1.3427
160.831,6,-36.4005,1.8320,-1.3443
160.843,6,-36.3902,1.8301,-1.3460
160.857,6,-36.3799,1.8287,-1.3479
160.868,6,-36.3697,1.8276,-1.3498
160.879,6,-36.3595,1.8267,-1.3517
160.891,6,-36.3492,1.8258,-1.3537
160.903,6,-36.3389,1.8248,-1.3557
160.915,6,-36.3286,1.8240,-1.3579
160.926,6,-36.3183,1.8237,-1.3603
160.938,6,-36.3079,1.8244,-1.3625
160.950,6,-36.2979,1.8257,-1.3648
160.962,6,-36.2776,1.8276,-1.3692
160.988,6,-36.2677,1.8307,-1.3713
160.997,6,-36.2477,1.8334,-1.3756
161.005,6,-36.2380,1.8354,-1.3774
161.017,6,-36.2282,1.8371,-1.3793
161.028,6,-36.2186,1.8385,-1.3810
161.039,6,-36.2092,1.8393,-1.3826
161.050,6,-36.2001,1.8397,-1.3838
161.061,6,-36.1910,1.8400,-1.3849
161.071,6,-36.1817,1.8409,-1.3855
161.082,6,-36.1725,1.8422,-1.3862
161.093,6,-36.1635,1.8442,-1.3866
161.104,6,-36.1545,1.8458,-1.3870
161.116,6,-36.1456,1.8475,-1.3873
161.127,6,-36.1366,1.8491,-1.3876
161.138,6,-36.1277,1.8507,-1.3877
161.149,6,-36.1189,1.8522,-1.3877
161.160,6,-36.1101,1.8538,-1.3877
161.172,6,-36.1016,1.8553,-1.3875
161.183,6,-36.0934,1.8567,-1.3872
161.194,6,-36.0850,1.8578,-1.3870
161.205,6,-36.0769,1.8589,-1.3866
161.216,6,-36.0688,1.8597,-1.3862
161.227,6,-36.0606,1.8602,-1.3856
161.239,6,-36.0525,1.8606,-1.3849
161.249,6,-36.0443,1.8610,-1.3844
161.261,6,-36.0363,1.8613,-1.3837
161.272,6,-36.0281,1.8616,-1.3829
161.283,6,-36.0200,1.8616,-1.3820
161.294,6,-36.0117,1.8616,-1.3811
161.305,6,-36.0035,1.8613,-1.3800
161.316,6,-35.9952,1.8609,-1.3790
161.329,6,-35.9870,1.8601,-1.3777
161.338,6,-35.9788,1.8593,-1.3764
161.350,6,-35.9705,1.8585,-1.3750
161.361,6,-35.9621,1.8573,-1.3735
161.372,6,-35.9537,1.8559,-1.3720
161.383,6,-35.9454,1.8546,-1.3703
161.394,6,-35.9370,1.8530,-1.3686
161.406,6,-35.9287,1.8515,-1.3669
161.417,6,-35.9204,1.8501,-1.3651
161.428,6,-35.9120,1.8489,-1.3632
161.439,6,-35.9038,1.8479,-1.3612
161.450,6,-35.8957,1.8470,-1.3592
161.462,6,-35.8875,1.8463,-1.3570
161.473,6,-35.8793,1.8455,-1.3547
161.483,6,-35.8711,1.8446,-1.3524
161.495,6,-35.8629,1.8436,-1.3500
161.506,6,-35.8546,1.8429,-1.3475
161.517,6,-35.8465,1.8424,-1.3450
161.528,6,-35.8384,1.8422,-1.3425
161.539,6,-35.8304,1.8425,-1.3399
161.550,6,-35.8223,1.8434,-1.3373
161.562,6,-35.8142,1.8446,-1.3347
161.573,6,-35.8062,1.8459,-1.3322
161.584,6,-35.7981,1.8470,-1.3298
161.595,6,-35.7899,1.8487,-1.3274
161.606,6,-35.7818,1.8507,-1.3250
161.617,6,-35.7739,1.8532,-1.3227
161.628,6,-35.7662,1.8552,-1.3206
161.639,6,-35.7585,1.8564,-1.3185
161.651,6,-35.7510,1.8572,-1.3166
161.662,6,-35.7437,1.8573,-1.3149
161.673,6,-35.7367,1.8573,-1.3134
161.684,6,-35.7298,1.8574,-1.3122
161.695,6,-35.7228,1.8578,-1.3110
161.706,6,-35.7159,1.8587,-1.3098
161.717,6,-35.7090,1.8597,-1.3086
161.729,6,-35.7022,1.8611,-1.3076
161.740,6,-35.6953,1.8622,-1.3066
161.751,6,-35.6883,1.8631,-1.3058
161.763,6,-35.6815,1.8642,-1.3052
161.774,6,-35.6748,1.8650,-1.3045
161.785,6,-35.6682,1.8658,-1.3040
161.796,6,-35.6620,1.8664,-1.3037
161.808,6,-35.6557,1.8671,-1.3033
161.819,6,-35.6496,1.8676,-1.3030
161.830,6,-35.6436,1.8679,-1.3028
161.842,6,-35.6377,1.8681,-1.3027
161.853,6,-35.6319,1.8683,-1.3026
161.864,6,-35.6262,1.8685,-1.3026
161.875,6,-35.6209,1.8687,-1.3030
161.886,6,-35.6154,1.8690,-1.3030
161.897,6,-35.6101,1.8690,-1.3032
161.909,6,-35.6047,1.8692,-1.3034
161.920,6,-35.5995,1.8692,-1.3037
161.931,6,-35.5943,1.8692,-1.3042
161.942,6,-35.5894,1.8690,-1.3047
161.953,6,-35.5845,1.8687,-1.3051
161.964,6,-35.5797,1.8683,-1.3057
161.975,6,-35.5751,1.8679,-1.3065
161.986,6,-35.5705,1.8674,-1.3072
161.997,6,-35.5662,1.8669,-1.3082
162.008,6,-35.5617,1.8665,-1.3093
162.019,6,-35.5574,1.8663,-1.3103
162.030,6,-35.5531,1.8660,-1.3116
162.041,6,-35.5488,1.8657,-1.3129
162.052,6,-35.5445,1.8656,-1.3143
162.063,6,-35.5402,1.8652,-1.3158
162.074,6,-35.5359,1.8650,-1.3176
162.085,6,-35.5315,1.8646,-1.3193
162.097,6,-35.5272,1.8643,-1.3211
162.108,6,-35.5229,1.8640,-1.3230
162.120,6,-35.5189,1.8636,-1.3252
162.130,6,-35.5148,1.8634,-1.3272
162.140,6,-35.5107,1.8633,-1.3292
162.152,6,-35.5067,1.8635,-1.3314
162.163,6,-35.5027,1.8639,-1.3336
162.174,6,-35.4987,1.8643,-1.3357
162.185,6,-35.4949,1.8646,-1.3379
162.196,6,-35.4911,1.8648,-1.3401
162.207,6,-35.4873,1.8651,-1.3424
162.219,6,-35.4836,1.8654,-1.3446
162.230,6,-35.4798,1.8658,-1.3467
162.241,6,-35.4762,1.8661,-1.3488
162.252,6,-35.4727,1.8663,-1.3510
162.263,6,-35.4692,1.8664,-1.3529
162.274,6,-35.4657,1.8664,-1.3547
162.286,6,-35.4623,1.8663,-1.3566
162.297,6,-35.4590,1.8661,-1.3585
162.308,6,-35.4557,1.8658,-1.3602
162.319,6,-35.4525,1.8655,-1.3620
162.331,6,-35.4494,1.8652,-1.3635
162.341,6,-35.4464,1.8649,-1.3650
162.353,6,-35.4434,1.8647,-1.3665
162.364,6,-35.4404,1.8645,-1.3677
162.375,6,-35.4377,1.8642,-1.3688
162.386,6,-35.4349,1.8640,-1.3701
162.397,6,-35.4323,1.8637,-1.3711
162.408,6,-35.4298,1.8634,-1.3721
162.419,6,-35.4274,1.8634,-1.3728
162.430,6,-35.4252,1.8635,-1.3736
162.441,6,-35.4229,1.8636,-1.3743
162.452,6,-35.4209,1.8637,-1.3749
162.463,6,-35.4189,1.8639,-1.3753
162.474,6,-35.4171,1.8641,-1.3757
162.485,6,-35.4155,1.8644,-1.3758
162.496,6,-35.4139,1.8646,-1.3761
162.507,6,-35.4124,1.8649,-1.3760
162.519,6,-35.4111,1.8650,-1.3760
162.530,6,-35.4097,1.8653,-1.3759
162.541,6,-35.4084,1.8654,-1.3757
162.552,6,-35.4073,1.8656,-1.3752
162.564,6,-35.4062,1.8657,-1.3748
162.575,6,-35.4053,1.8658,-1.3743
162.586,6,-35.4044,1.8658,-1.3737
162.597,6,-35.4037,1.8656,-1.3731
162.608,6,-35.4029,1.8653,-1.3721
162.619,6,-35.4022,1.8651,-1.3714
162.630,6,-35.4014,1.8648,-1.3705
162.641,6,-35.4008,1.8647,-1.3695
162.653,6,-35.4002,1.8647,-1.3684
162.664,6,-35.3997,1.8648,-1.3672
162.675,6,-35.3992,1.8647,-1.3661
162.686,6,-35.3987,1.8647,-1.3648
162.697,6,-35.3983,1.8647,-1.3635
162.708,6,-35.3977,1.8647,-1.3621
162.719,6,-35.3974,1.8647,-1.3610
162.731,6,-35.3968,1.8647,-1.3595
162.742,6,-35.3963,1.8649,-1.3580
162.752,6,-35.3958,1.8652,-1.3567
162.764,6,-35.3953,1.8655,-1.3554
162.775,6,-35.3948,1.8657,-1.3542
162.786,6,-35.3943,1.8658,-1.3529
162.797,6,-35.3938,1.8659,-1.3517
162.809,6,-35.3933,1.8657,-1.3505
162.819,6,-35.3929,1.8657,-1.3493
162.831,6,-35.3925,1.8659,-1.3481
162.842,6,-35.3921,1.8662,-1.3471
162.853,6,-35.3917,1.8663,-1.3458
162.864,6,-35.3913,1.8665,-1.3447
162.875,6,-35.3910,1.8665,-1.3436
162.886,6,-35.3906,1.8666,-1.3425
162.897,6,-35.3902,1.8668,-1.3414
162.908,6,-35.3899,1.8672,-1.3404
162.919,6,-35.3895,1.8675,-1.3394
162.930,6,-35.3892,1.8677,-1.3384
162.941,6,-35.3888,1.8679,-1.3375
162.952,6,-35.3885,1.8680,-1.3366
162.963,6,-35.3882,1.8683,-1.3355
162.974,6,-35.3879,1.8686,-1.3347
162.986,6,-35.3876,1.8690,-1.3339
162.997,6,-35.3874,1.8693,-1.3335
163.008,6,-35.3872,1.8697,-1.3328
163.019,6,-35.3870,1.8700,-1.3324
163.030,6,-35.3868,1.8701,-1.3319
163.041,6,-35.3865,1.8702,-1.3314
163.052,6,-35.3862,1.8703,-1.3309
163.063,6,-35.3860,1.8702,-1.3306
163.075,6,-35.3857,1.8701,-1.3303
163.086,6,-35.3854,1.8700,-1.3300
163.097,6,-35.3851,1.8699,-1.3299
163.108,6,-35.3848,1.8699,-1.3296
163.119,6,-35.3845,1.8698,-1.3295

# --- Trial 7 start ---
171.670,7,-39.3144,1.7879,-1.2319
171.688,7,-39.3138,1.7921,-1.2339
171.695,7,-39.3127,1.7939,-1.2363
171.703,7,-39.3115,1.7950,-1.2386
171.711,7,-39.3100,1.7951,-1.2408
171.722,7,-39.3091,1.7944,-1.2432
171.734,7,-39.3090,1.7929,-1.2457
171.749,7,-39.3086,1.7914,-1.2482
171.767,7,-39.3082,1.7908,-1.2531
171.776,7,-39.3077,1.7911,-1.2554
171.792,7,-39.3070,1.7919,-1.2570
171.811,7,-39.3054,1.7919,-1.2611
171.820,7,-39.3046,1.7913,-1.2633
171.834,7,-39.3038,1.7904,-1.2654
171.845,7,-39.3030,1.7899,-1.2675
171.856,7,-39.3025,1.7897,-1.2695
171.867,7,-39.3018,1.7900,-1.2716
171.877,7,-39.3012,1.7904,-1.2736
171.889,7,-39.3007,1.7905,-1.2754
171.900,7,-39.3001,1.7904,-1.2775
171.911,7,-39.2996,1.7901,-1.2793
171.922,7,-39.2989,1.7900,-1.2811
171.933,7,-39.2982,1.7902,-1.2829
171.944,7,-39.2973,1.7905,-1.2847
171.955,7,-39.2964,1.7910,-1.2865
171.966,7,-39.2955,1.7912,-1.2881
171.978,7,-39.2945,1.7912,-1.2897
171.989,7,-39.2935,1.7910,-1.2912
171.999,7,-39.2926,1.7908,-1.2925
172.012,7,-39.2916,1.7905,-1.2940
172.023,7,-39.2907,1.7902,-1.2953
172.033,7,-39.2897,1.7899,-1.2966
172.045,7,-39.2886,1.7896,-1.2975
172.056,7,-39.2875,1.7893,-1.2986
172.067,7,-39.2863,1.7891,-1.2995
172.078,7,-39.2848,1.7888,-1.3003
172.089,7,-39.2833,1.7886,-1.3010
172.100,7,-39.2815,1.7887,-1.3018
172.110,7,-39.2798,1.7890,-1.3025
172.122,7,-39.2780,1.7894,-1.3030
172.134,7,-39.2759,1.7899,-1.3036
172.145,7,-39.2737,1.7899,-1.3041
172.156,7,-39.2716,1.7900,-1.3045
172.168,7,-39.2693,1.7901,-1.3051
172.179,7,-39.2669,1.7900,-1.3055
172.190,7,-39.2644,1.7900,-1.3058
172.202,7,-39.2618,1.7898,-1.3061
172.214,7,-39.2591,1.7894,-1.3061
172.225,7,-39.2560,1.7890,-1.3060
172.236,7,-39.2528,1.7887,-1.3061
172.246,7,-39.2493,1.7884,-1.3061
172.258,7,-39.2458,1.7879,-1.3060
172.269,7,-39.2422,1.7876,-1.3059
172.280,7,-39.2382,1.7868,-1.3057
172.291,7,-39.2342,1.7860,-1.3053
172.302,7,-39.2301,1.7852,-1.3049
172.313,7,-39.2259,1.7845,-1.3044
172.325,7,-39.2211,1.7838,-1.3040
172.335,7,-39.2164,1.7831,-1.3033
172.347,7,-39.2114,1.7821,-1.3027
172.358,7,-39.2064,1.7812,-1.3018
172.369,7,-39.2016,1.7801,-1.3007
172.380,7,-39.1963,1.7791,-1.2997
172.391,7,-39.1911,1.7781,-1.2984
172.402,7,-39.1853,1.7773,-1.2972
172.413,7,-39.1796,1.7764,-1.2958
172.425,7,-39.1735,1.7755,-1.2943
172.436,7,-39.1675,1.7746,-1.2925
172.447,7,-39.1615,1.7736,-1.2907
172.458,7,-39.1550,1.7727,-1.2889
172.469,7,-39.1485,1.7717,-1.2869
172.481,7,-39.1416,1.7711,-1.2850
172.492,7,-39.1346,1.7703,-1.2828
172.503,7,-39.1273,1.7696,-1.2805
172.515,7,-39.1201,1.7689,-1.2781
172.526,7,-39.1128,1.7680,-1.2755
172.537,7,-39.1054,1.7675,-1.2730
172.548,7,-39.0982,1.7668,-1.2704
172.559,7,-39.0906,1.7665,-1.2678
172.570,7,-39.0829,1.7662,-1.2650
172.581,7,-39.0750,1.7662,-1.2622
172.592,7,-39.0670,1.7664,-1.2593
172.604,7,-39.0589,1.7665,-1.2562
172.615,7,-39.0507,1.7671,-1.2532
172.627,7,-39.0427,1.7679,-1.2501
172.637,7,-39.0347,1.7692,-1.2471
172.648,7,-39.0266,1.7706,-1.2442
172.660,7,-39.0186,1.7720,-1.2412
172.671,7,-39.0107,1.7737,-1.2383
172.682,7,-39.0030,1.7753,-1.2354
172.693,7,-38.9954,1.7769,-1.2324
172.704,7,-38.9878,1.7786,-1.2296
172.715,7,-38.9802,1.7804,-1.2271
172.726,7,-38.9727,1.7823,-1.2248
172.737,7,-38.9653,1.7838,-1.2225
172.748,7,-38.9576,1.7850,-1.2204
172.759,7,-38.9500,1.7860,-1.2185
172.770,7,-38.9425,1.7867,-1.2164
172.781,7,-38.9350,1.7877,-1.2148
172.792,7,-38.9273,1.7887,-1.2132
172.803,7,-38.9195,1.7900,-1.2120
172.815,7,-38.9118,1.7913,-1.2107
172.826,7,-38.9040,1.7924,-1.2096
172.837,7,-38.8963,1.7935,-1.2086
172.848,7,-38.8887,1.7942,-1.2074
172.859,7,-38.8811,1.7951,-1.2068
172.870,7,-38.8734,1.7957,-1.2062
172.881,7,-38.8658,1.7968,-1.2059
172.892,7,-38.8584,1.7976,-1.2055
172.904,7,-38.8509,1.7985,-1.2053
172.915,7,-38.8433,1.7993,-1.2051
172.926,7,-38.8357,1.7997,-1.2048
172.937,7,-38.8280,1.8001,-1.2049
172.948,7,-38.8202,1.8003,-1.2047
172.959,7,-38.8123,1.8004,-1.2048
172.970,7,-38.8042,1.8006,-1.2051
172.981,7,-38.7962,1.8006,-1.2054
172.993,7,-38.7879,1.8004,-1.2057
173.004,7,-38.7796,1.8000,-1.2061
173.015,7,-38.7713,1.7993,-1.2065
173.026,7,-38.7631,1.7984,-1.2070
173.037,7,-38.7547,1.7975,-1.2077
173.048,7,-38.7462,1.7965,-1.2084
173.059,7,-38.7374,1.7953,-1.2092
173.070,7,-38.7285,1.7939,-1.2101
173.081,7,-38.7199,1.7923,-1.2108
173.092,7,-38.7109,1.7907,-1.2119
173.103,7,-38.7017,1.7889,-1.2130
173.114,7,-38.6927,1.7870,-1.2143
173.126,7,-38.6832,1.7852,-1.2158
173.137,7,-38.6739,1.7834,-1.2173
173.148,7,-38.6641,1.7814,-1.2190
173.159,7,-38.6544,1.7794,-1.2210
173.170,7,-38.6449,1.7774,-1.2228
173.181,7,-38.6350,1.7758,-1.2253
173.192,7,-38.6252,1.7743,-1.2276
173.203,7,-38.6154,1.7733,-1.2302
173.215,7,-38.6056,1.7726,-1.2330
173.226,7,-38.5958,1.7719,-1.2359
173.237,7,-38.5858,1.7714,-1.2389
173.248,7,-38.5755,1.7712,-1.2419
173.260,7,-38.5654,1.7713,-1.2451
173.270,7,-38.5554,1.7722,-1.2483
173.281,7,-38.5452,1.7737,-1.2516
173.292,7,-38.5352,1.7756,-1.2549
173.303,7,-38.5250,1.7778,-1.2582
173.314,7,-38.5149,1.7803,-1.2615
173.326,7,-38.5049,1.7826,-1.2646
173.337,7,-38.4950,1.7851,-1.2676
173.348,7,-38.4851,1.7874,-1.2705
173.359,7,-38.4753,1.7898,-1.2733
173.370,7,-38.4656,1.7917,-1.2758
173.381,7,-38.4558,1.7932,-1.2783
173.392,7,-38.4462,1.7944,-1.2805
173.403,7,-38.4366,1.7953,-1.2824
173.414,7,-38.4269,1.7967,-1.2842
173.426,7,-38.4174,1.7984,-1.2860
173.437,7,-38.4077,1.8004,-1.2876
173.448,7,-38.3980,1.8025,-1.2891
173.459,7,-38.3881,1.8043,-1.2906
173.470,7,-38.3783,1.8060,-1.2918
173.481,7,-38.3688,1.8075,-1.2928
173.492,7,-38.3591,1.8089,-1.2938
173.503,7,-38.3495,1.8103,-1.2947
173.515,7,-38.3398,1.8114,-1.2956
173.525,7,-38.3301,1.8125,-1.2965
173.536,7,-38.3204,1.8134,-1.2973
173.548,7,-38.3105,1.8141,-1.2979
173.560,7,-38.3007,1.8144,-1.2984
173.570,7,-38.2910,1.8148,-1.2991
173.581,7,-38.2810,1.8148,-1.2996
173.592,7,-38.2713,1.8147,-1.3001
173.604,7,-38.2615,1.8145,-1.3006
173.614,7,-38.2516,1.8143,-1.3010
173.626,7,-38.2416,1.8138,-1.3012
173.637,7,-38.2315,1.8131,-1.3015
173.648,7,-38.2215,1.8121,-1.3015
173.659,7,-38.2113,1.8111,-1.3016
173.670,7,-38.2011,1.8098,-1.3016
173.681,7,-38.1906,1.8084,-1.3016
173.692,7,-38.1802,1.8069,-1.3015
173.703,7,-38.1697,1.8051,-1.3011
173.715,7,-38.1591,1.8032,-1.3007
173.726,7,-38.1487,1.8011,-1.3000
173.737,7,-38.1380,1.7989,-1.2994
173.748,7,-38.1275,1.7966,-1.2985
173.759,7,-38.1169,1.7943,-1.2976
173.770,7,-38.1062,1.7923,-1.2967
173.781,7,-38.0954,1.7907,-1.2954
173.792,7,-38.0846,1.7894,-1.2942
173.803,7,-38.0738,1.7883,-1.2926
173.814,7,-38.0627,1.7877,-1.2910
173.825,7,-38.0517,1.7871,-1.2893
173.836,7,-38.0405,1.7869,-1.2874
173.848,7,-38.0294,1.7869,-1.2856
173.859,7,-38.0183,1.7873,-1.2835
173.870,7,-38.0072,1.7883,-1.2814
173.881,7,-37.9963,1.7895,-1.2792
173.892,7,-37.9853,1.7917,-1.2771
173.903,7,-37.9743,1.7946,-1.2748
173.914,7,-37.9631,1.7976,-1.2728
173.925,7,-37.9521,1.8006,-1.2709
173.937,7,-37.9411,1.8032,-1.2690
173.948,7,-37.9304,1.8054,-1.2673
173.959,7,-37.9198,1.8072,-1.2657
173.970,7,-37.9099,1.8084,-1.2644
173.981,7,-37.8998,1.8093,-1.2633
173.992,7,-37.8899,1.8100,-1.2625
174.003,7,-37.8800,1.8111,-1.2620
174.015,7,-37.8702,1.8123,-1.2617
174.025,7,-37.8603,1.8139,-1.2612
174.037,7,-37.8503,1.8156,-1.2610
174.048,7,-37.8403,1.8174,-1.2608
174.059,7,-37.8304,1.8189,-1.2607
174.070,7,-37.8203,1.8204,-1.2607
174.081,7,-37.8102,1.8218,-1.2609
174.092,7,-37.8006,1.8235,-1.2612
174.104,7,-37.7908,1.8251,-1.2615
174.115,7,-37.7809,1.8265,-1.2619
174.126,7,-37.7712,1.8277,-1.2622
174.137,7,-37.7613,1.8286,-1.2628
174.148,7,-37.7514,1.8294,-1.2632
174.159,7,-37.7415,1.8298,-1.2637
174.170,7,-37.7315,1.8301,-1.2644
174.181,7,-37.7213,1.8301,-1.2651
174.192,7,-37.7112,1.8300,-1.2657
174.203,7,-37.7013,1.8296,-1.2664
174.215,7,-37.6909,1.8291,-1.2671
174.225,7,-37.6806,1.8286,-1.2679
174.238,7,-37.6700,1.8276,-1.2688
174.250,7,-37.6594,1.8265,-1.2697
174.259,7,-37.6487,1.8253,-1.2707
174.268,7,-37.6381,1.8239,-1.2717
174.279,7,-37.6274,1.8221,-1.2730
174.290,7,-37.6166,1.8201,-1.2742
174.301,7,-37.6059,1.8181,-1.2756
174.313,7,-37.5951,1.8159,-1.2771
174.324,7,-37.5843,1.8136,-1.2787
174.334,7,-37.5733,1.8113,-1.2803
174.346,7,-37.5623,1.8090,-1.2820
174.357,7,-37.5514,1.8066,-1.2838
174.368,7,-37.5405,1.8043,-1.2857
174.379,7,-37.5294,1.8020,-1.2878
174.390,7,-37.5183,1.8001,-1.2901
174.401,7,-37.5074,1.7986,-1.2924
174.412,7,-37.4963,1.7978,-1.2948
174.423,7,-37.4854,1.7970,-1.2972
174.434,7,-37.4743,1.7966,-1.2998
174.445,7,-37.4634,1.7960,-1.3023
174.456,7,-37.4526,1.7954,-1.3050
174.467,7,-37.4418,1.7950,-1.3079
174.478,7,-37.4309,1.7957,-1.3108
174.490,7,-37.4200,1.7975,-1.3137
174.501,7,-37.4092,1.7995,-1.3164
174.512,7,-37.3984,1.8019,-1.3194
174.523,7,-37.3877,1.8044,-1.3222
174.534,7,-37.3770,1.8068,-1.3249
174.545,7,-37.3665,1.8092,-1.3276
174.556,7,-37.3559,1.8115,-1.3300
174.568,7,-37.3455,1.8133,-1.3322
174.579,7,-37.3354,1.8145,-1.3340
174.589,7,-37.3254,1.8153,-1.3357
174.601,7,-37.3154,1.8159,-1.3372
174.612,7,-37.3053,1.8168,-1.3383
174.623,7,-37.2953,1.8184,-1.3394
174.635,7,-37.2853,1.8206,-1.3403
174.646,7,-37.2752,1.8230,-1.3410
174.657,7,-37.2654,1.8250,-1.3414
174.668,7,-37.2555,1.8268,-1.3418
174.680,7,-37.2458,1.8285,-1.3419
174.691,7,-37.2361,1.8303,-1.3419
174.702,7,-37.2262,1.8321,-1.3421
174.713,7,-37.2163,1.8336,-1.3421
174.725,7,-37.2066,1.8349,-1.3420
174.736,7,-37.1970,1.8361,-1.3418
174.747,7,-37.1873,1.8370,-1.3417
174.758,7,-37.1776,1.8377,-1.3415
174.769,7,-37.1678,1.8382,-1.3411
174.781,7,-37.1578,1.8382,-1.3407
174.792,7,-37.1479,1.8382,-1.3403
174.803,7,-37.1379,1.8379,-1.3399
174.814,7,-37.1280,1.8377,-1.3393
174.825,7,-37.1180,1.8373,-1.3385
174.837,7,-37.1080,1.8367,-1.3377
174.848,7,-37.0982,1.8360,-1.3368
174.859,7,-37.0880,1.8349,-1.3359
174.870,7,-37.0779,1.8336,-1.3349
174.881,7,-37.0677,1.8324,-1.3341
174.892,7,-37.0575,1.8306,-1.3329
174.903,7,-37.0473,1.8289,-1.3316
174.914,7,-37.0370,1.8271,-1.3304
174.925,7,-37.0267,1.8252,-1.3288
174.937,7,-37.0163,1.8232,-1.3273
174.948,7,-37.0060,1.8215,-1.3257
174.959,7,-36.9957,1.8199,-1.3239
174.970,7,-36.9854,1.8185,-1.3222
174.981,7,-36.9750,1.8173,-1.3203
174.992,7,-36.9646,1.8165,-1.3182
175.003,7,-36.9541,1.8158,-1.3161
175.014,7,-36.9437,1.8152,-1.3139
175.025,7,-36.9333,1.8147,-1.3115
175.036,7,-36.9231,1.8142,-1.3092
175.047,7,-36.9127,1.8140,-1.3067
175.058,7,-36.9023,1.8138,-1.3042
175.069,7,-36.8918,1.8143,-1.3016
175.081,7,-36.8812,1.8153,-1.2990
175.092,7,-36.8708,1.8168,-1.2963
175.103,7,-36.8604,1.8188,-1.2936
175.114,7,-36.8500,1.8208,-1.2910
175.125,7,-36.8397,1.8227,-1.2885
175.136,7,-36.8295,1.8246,-1.2860
175.147,7,-36.8196,1.8263,-1.2838
175.158,7,-36.8098,1.8280,-1.2818
175.169,7,-36.8001,1.8292,-1.2800
175.181,7,-36.7904,1.8300,-1.2783
175.192,7,-36.7809,1.8306,-1.2769
175.203,7,-36.7713,1.8315,-1.2758
175.214,7,-36.7618,1.8326,-1.2747
175.225,7,-36.7526,1.8342,-1.2738
175.236,7,-36.7432,1.8359,-1.2729
175.247,7,-36.7339,1.8376,-1.2722
175.258,7,-36.7246,1.8392,-1.2717
175.269,7,-36.7153,1.8408,-1.2713
175.281,7,-36.7062,1.8425,-1.2709
175.292,7,-36.6969,1.8441,-1.2706
175.303,7,-36.6877,1.8458,-1.2705
175.314,7,-36.6785,1.8473,-1.2704
175.325,7,-36.6695,1.8488,-1.2703
175.336,7,-36.6607,1.8500,-1.2703
175.348,7,-36.6519,1.8509,-1.2703
175.358,7,-36.6431,1.8516,-1.2704
175.369,7,-36.6342,1.8521,-1.2706
175.380,7,-36.6255,1.8522,-1.2708
175.391,7,-36.6166,1.8523,-1.2710
175.402,7,-36.6077,1.8520,-1.2713
175.413,7,-36.5987,1.8518,-1.2717
175.424,7,-36.5896,1.8514,-1.2720
175.435,7,-36.5804,1.8509,-1.2725
175.447,7,-36.5712,1.8502,-1.2730
175.458,7,-36.5620,1.8494,-1.2734
175.469,7,-36.5527,1.8481,-1.2741
175.480,7,-36.5433,1.8467,-1.2748
175.491,7,-36.5339,1.8451,-1.2756
175.502,7,-36.5243,1.8433,-1.2764
175.514,7,-36.5148,1.8414,-1.2774
175.524,7,-36.5052,1.8393,-1.2785
175.536,7,-36.4956,1.8372,-1.2798
175.547,7,-36.4861,1.8352,-1.2810
175.558,7,-36.4765,1.8332,-1.2825
175.569,7,-36.4670,1.8311,-1.2840
175.580,7,-36.4573,1.8289,-1.2856
175.591,7,-36.4478,1.8268,-1.2875
175.602,7,-36.4381,1.8251,-1.2893
175.613,7,-36.4285,1.8237,-1.2914
175.624,7,-36.4189,1.8229,-1.2934
175.636,7,-36.4091,1.8220,-1.2957
175.647,7,-36.3994,1.8213,-1.2979
175.658,7,-36.3894,1.8207,-1.3005
175.669,7,-36.3796,1.8201,-1.3029
175.680,7,-36.3699,1.8198,-1.3054
175.691,7,-36.3601,1.8205,-1.3080
175.702,7,-36.3505,1.8221,-1.3104
175.714,7,-36.3410,1.8236,-1.3128
175.724,7,-36.3316,1.8253,-1.3155
175.736,7,-36.3221,1.8270,-1.3180
175.747,7,-36.3126,1.8291,-1.3206
175.758,7,-36.3033,1.8315,-1.3232
175.769,7,-36.2939,1.8339,-1.3257
175.781,7,-36.2848,1.8361,-1.3280
175.791,7,-36.2758,1.8379,-1.3302
175.802,7,-36.2668,1.8393,-1.3322
175.813,7,-36.2580,1.8400,-1.3341
175.824,7,-36.2490,1.8406,-1.3358
175.835,7,-36.2400,1.8413,-1.3372
175.847,7,-36.2309,1.8424,-1.3385
175.858,7,-36.2218,1.8440,-1.3397
175.869,7,-36.2130,1.8458,-1.3407
175.880,7,-36.2041,1.8474,-1.3415
175.891,7,-36.1951,1.8491,-1.3422
175.902,7,-36.1863,1.8505,-1.3429
175.914,7,-36.1773,1.8521,-1.3433
175.924,7,-36.1685,1.8535,-1.3438
175.935,7,-36.1598,1.8551,-1.3441
175.946,7,-36.1514,1.8564,-1.3441
175.958,7,-36.1430,1.8577,-1.3443
175.969,7,-36.1347,1.8588,-1.3442
175.980,7,-36.1263,1.8597,-1.3441
175.991,7,-36.1178,1.8604,-1.3439
176.002,7,-36.1094,1.8606,-1.3437
176.013,7,-36.1009,1.8605,-1.3435
176.024,7,-36.0926,1.8604,-1.3432
176.035,7,-36.0843,1.8603,-1.3429
176.047,7,-36.0761,1.8603,-1.3425
176.058,7,-36.0678,1.8603,-1.3421
176.069,7,-36.0593,1.8599,-1.3415
176.080,7,-36.0509,1.8592,-1.3407
176.091,7,-36.0426,1.8582,-1.3400
176.102,7,-36.0345,1.8571,-1.3391
176.113,7,-36.0263,1.8561,-1.3382
176.124,7,-36.0181,1.8551,-1.3373
176.135,7,-36.0100,1.8539,-1.3362
176.146,7,-36.0018,1.8527,-1.3350
176.157,7,-35.9938,1.8512,-1.3337
176.168,7,-35.9857,1.8498,-1.3324
176.179,7,-35.9780,1.8478,-1.3307
176.191,7,-35.9703,1.8461,-1.3292
176.202,7,-35.9626,1.8448,-1.3275
176.213,7,-35.9551,1.8438,-1.3257
176.224,7,-35.9475,1.8430,-1.3238
176.235,7,-35.9399,1.8422,-1.3219
176.246,7,-35.9322,1.8415,-1.3197
176.258,7,-35.9247,1.8409,-1.3175
176.270,7,-35.9172,1.8404,-1.3153
176.279,7,-35.9097,1.8399,-1.3130
176.290,7,-35.9023,1.8398,-1.3106
176.301,7,-35.8948,1.8399,-1.3082
176.312,7,-35.8873,1.8402,-1.3060
176.324,7,-35.8799,1.8408,-1.3036
176.334,7,-35.8725,1.8413,-1.3014
176.345,7,-35.8651,1.8420,-1.2991
176.356,7,-35.8576,1.8428,-1.2969
176.368,7,-35.8500,1.8444,-1.2948
176.379,7,-35.8425,1.8463,-1.2926
176.390,7,-35.8350,1.8483,-1.2903
176.401,7,-35.8275,1.8495,-1.2881
176.412,7,-35.8202,1.8501,-1.2861
176.423,7,-35.8130,1.8503,-1.2843
176.434,7,-35.8059,1.8505,-1.2826
176.446,7,-35.7989,1.8508,-1.2811
176.457,7,-35.7920,1.8513,-1.2799
176.468,7,-35.7849,1.8521,-1.2784
176.479,7,-35.7781,1.8534,-1.2773
176.490,7,-35.7713,1.8544,-1.2762
176.501,7,-35.7646,1.8556,-1.2751
176.512,7,-35.7577,1.8565,-1.2742
176.523,7,-35.7509,1.8576,-1.2735
176.534,7,-35.7443,1.8586,-1.2727
176.545,7,-35.7377,1.8596,-1.2721
176.556,7,-35.7312,1.8605,-1.2715
176.567,7,-35.7250,1.8613,-1.2710
176.578,7,-35.7187,1.8620,-1.2705
176.590,7,-35.7124,1.8626,-1.2702
176.601,7,-35.7063,1.8632,-1.2699
176.612,7,-35.7002,1.8635,-1.2697
176.623,7,-35.6941,1.8640,-1.2696
176.634,7,-35.6883,1.8644,-1.2696
176.645,7,-35.6822,1.8648,-1.2695
176.657,7,-35.6763,1.8652,-1.2696
176.668,7,-35.6705,1.8653,-1.2697
176.679,7,-35.6647,1.8655,-1.2698
176.690,7,-35.6590,1.8653,-1.2700
176.702,7,-35.6534,1.8650,-1.2702
176.713,7,-35.6479,1.8648,-1.2705
176.724,7,-35.6427,1.8644,-1.2709
176.736,7,-35.6374,1.8638,-1.2715
176.746,7,-35.6323,1.8634,-1.2719
176.757,7,-35.6272,1.8628,-1.2728
176.769,7,-35.6222,1.8621,-1.2735
176.780,7,-35.6173,1.8616,-1.2744
176.791,7,-35.6125,1.8614,-1.2753
176.802,7,-35.6079,1.8612,-1.2763
176.813,7,-35.6031,1.8610,-1.2773
176.824,7,-35.5985,1.8607,-1.2783
176.836,7,-35.5940,1.8604,-1.2797
176.846,7,-35.5894,1.8602,-1.2812
176.857,7,-35.5849,1.8598,-1.2827
176.869,7,-35.5806,1.8595,-1.2844
176.879,7,-35.5762,1.8591,-1.2861
176.891,7,-35.5718,1.8586,-1.2881
176.901,7,-35.5675,1.8582,-1.2899
176.913,7,-35.5632,1.8576,-1.2918
176.924,7,-35.5588,1.8572,-1.2940
176.935,7,-35.5544,1.8568,-1.2962
176.946,7,-35.5501,1.8567,-1.2983
176.958,7,-35.5457,1.8572,-1.3003
176.969,7,-35.5412,1.8581,-1.3025
176.979,7,-35.5368,1.8591,-1.3047
176.990,7,-35.5324,1.8603,-1.3070
177.002,7,-35.5282,1.8612,-1.3092
177.012,7,-35.5240,1.8620,-1.3114
177.024,7,-35.5200,1.8626,-1.3136
177.034,7,-35.5161,1.8633,-1.3156
177.045,7,-35.5122,1.8641,-1.3176
177.057,7,-35.5083,1.8647,-1.3195
177.068,7,-35.5045,1.8653,-1.3215
177.079,7,-35.5006,1.8656,-1.3236
177.090,7,-35.4968,1.8657,-1.3256
177.101,7,-35.4930,1.8655,-1.3276
177.112,7,-35.4891,1.8653,-1.3294
177.124,7,-35.4853,1.8648,-1.3312
177.135,7,-35.4814,1.8643,-1.3328
177.146,7,-35.4775,1.8640,-1.3344
177.157,7,-35.4736,1.8636,-1.3358
177.168,7,-35.4699,1.8633,-1.3371
177.179,7,-35.4662,1.8630,-1.3383
177.190,7,-35.4628,1.8627,-1.3394
177.201,7,-35.4594,1.8625,-1.3405
177.213,7,-35.4562,1.8623,-1.3413
177.224,7,-35.4531,1.8624,-1.3423
177.235,7,-35.4501,1.8625,-1.3431
177.246,7,-35.4472,1.8629,-1.3436
177.257,7,-35.4445,1.8633,-1.3441
177.268,7,-35.4418,1.8636,-1.3446
177.279,7,-35.4392,1.8637,-1.3450
177.290,7,-35.4367,1.8638,-1.3453
177.302,7,-35.4343,1.8638,-1.3456
177.312,7,-35.4321,1.8637,-1.3458
177.323,7,-35.4299,1.8639,-1.3459
177.334,7,-35.4279,1.8636,-1.3460
177.345,7,-35.4260,1.8635,-1.3459
177.356,7,-35.4241,1.8633,-1.3456
177.367,7,-35.4221,1.8632,-1.3453
177.378,7,-35.4202,1.8629,-1.3450
177.389,7,-35.4183,1.8628,-1.3446
177.401,7,-35.4164,1.8624,-1.3439
177.412,7,-35.4146,1.8620,-1.3433
177.424,7,-35.4129,1.8616,-1.3426
177.434,7,-35.4112,1.8611,-1.3417
177.445,7,-35.4098,1.8607,-1.3409
177.456,7,-35.4083,1.8601,-1.3398
177.467,7,-35.4069,1.8596,-1.3387
177.478,7,-35.4056,1.8591,-1.3374
177.489,7,-35.4044,1.8588,-1.3360
177.500,7,-35.4034,1.8583,-1.3350
177.512,7,-35.4024,1.8581,-1.3335
177.522,7,-35.4015,1.8581,-1.3322
177.533,7,-35.4005,1.8584,-1.3306
177.544,7,-35.3996,1.8589,-1.3290
177.555,7,-35.3986,1.8593,-1.3273
177.566,7,-35.3978,1.8596,-1.3256
177.578,7,-35.3970,1.8598,-1.3240
177.589,7,-35.3962,1.8600,-1.3224
177.600,7,-35.3955,1.8604,-1.3207
177.611,7,-35.3947,1.8606,-1.3190
177.622,7,-35.3939,1.8608,-1.3174
177.633,7,-35.3932,1.8608,-1.3157
177.645,7,-35.3926,1.8609,-1.3140
177.656,7,-35.3920,1.8609,-1.3123
177.667,7,-35.3914,1.8610,-1.3107
177.678,7,-35.3907,1.8611,-1.3092
177.689,7,-35.3901,1.8612,-1.3077
177.701,7,-35.3895,1.8611,-1.3064
177.711,7,-35.3890,1.8610,-1.3050
177.722,7,-35.3885,1.8610,-1.3036
177.733,7,-35.3880,1.8611,-1.3023
177.744,7,-35.3874,1.8610,-1.3010
177.755,7,-35.3869,1.8609,-1.2999
177.766,7,-35.3864,1.8608,-1.2988
177.778,7,-35.3859,1.8607,-1.2978
177.789,7,-35.3855,1.8607,-1.2968
177.800,7,-35.3852,1.8607,-1.2960
177.811,7,-35.3848,1.8607,-1.2951
177.823,7,-35.3844,1.8608,-1.2945
177.834,7,-35.3839,1.8608,-1.2937
177.846,7,-35.3835,1.8609,-1.2933
177.856,7,-35.3830,1.8610,-1.2927
177.868,7,-35.3826,1.8611,-1.2922
177.879,7,-35.3821,1.8611,-1.2916
177.890,7,-35.3817,1.8612,-1.2912
177.901,7,-35.3813,1.8613,-1.2908
177.912,7,-35.3810,1.8613,-1.2906
177.923,7,-35.3806,1.8612,-1.2902
177.934,7,-35.3802,1.8611,-1.2899
177.946,7,-35.3798,1.8611,-1.2897

# --- Trial 8 start ---
186.509,8,-39.4568,1.7935,-1.2393
186.525,8,-39.4573,1.7936,-1.2391
186.533,8,-39.4578,1.7937,-1.2388
186.541,8,-39.4582,1.7937,-1.2385
186.549,8,-39.4586,1.7938,-1.2383
186.560,8,-39.4590,1.7939,-1.2382
186.571,8,-39.4593,1.7939,-1.2380
186.582,8,-39.4597,1.7940,-1.2379
186.593,8,-39.4600,1.7941,-1.2378
186.604,8,-39.4604,1.7943,-1.2378
186.627,8,-39.4608,1.7944,-1.2378
186.649,8,-39.4614,1.7944,-1.2378
186.658,8,-39.4616,1.7945,-1.2378
186.671,8,-39.4616,1.7946,-1.2379
186.686,8,-39.4616,1.7948,-1.2379
186.703,8,-39.4616,1.7951,-1.2379
186.714,8,-39.4617,1.7952,-1.2379
186.726,8,-39.4617,1.7954,-1.2378
186.738,8,-39.4619,1.7958,-1.2377
186.749,8,-39.4619,1.7961,-1.2375
186.760,8,-39.4619,1.7964,-1.2373
186.771,8,-39.4619,1.7967,-1.2371
186.782,8,-39.4617,1.7970,-1.2368
186.793,8,-39.4616,1.7972,-1.2364
186.804,8,-39.4614,1.7975,-1.2360
186.815,8,-39.4611,1.7978,-1.2355
186.826,8,-39.4609,1.7981,-1.2349
186.837,8,-39.4606,1.7983,-1.2342
186.848,8,-39.4603,1.7985,-1.2335
186.859,8,-39.4600,1.7986,-1.2325
186.870,8,-39.4598,1.7988,-1.2315
186.882,8,-39.4593,1.7988,-1.2304
186.892,8,-39.4590,1.7988,-1.2292
186.904,8,-39.4586,1.7989,-1.2278
186.915,8,-39.4582,1.7989,-1.2265
186.926,8,-39.4576,1.7988,-1.2250
186.938,8,-39.4572,1.7985,-1.2235
186.948,8,-39.4567,1.7983,-1.2221
186.959,8,-39.4562,1.7979,-1.2205
186.971,8,-39.4555,1.7977,-1.2189
186.982,8,-39.4549,1.7975,-1.2172
186.994,8,-39.4543,1.7975,-1.2154
187.005,8,-39.4536,1.7974,-1.2137
187.017,8,-39.4529,1.7974,-1.2121
187.028,8,-39.4523,1.7972,-1.2104
187.040,8,-39.4516,1.7970,-1.2087
187.051,8,-39.4509,1.7968,-1.2070
187.062,8,-39.4502,1.7966,-1.2055
187.073,8,-39.4495,1.7965,-1.2039
187.084,8,-39.4490,1.7962,-1.2023
187.096,8,-39.4484,1.7960,-1.2009
187.106,8,-39.4478,1.7958,-1.1995
187.117,8,-39.4472,1.7955,-1.1982
187.129,8,-39.4467,1.7952,-1.1971
187.140,8,-39.4461,1.7948,-1.1960
187.151,8,-39.4456,1.7945,-1.1951
187.162,8,-39.4452,1.7942,-1.1943
187.173,8,-39.4447,1.7941,-1.1935
187.184,8,-39.4444,1.7941,-1.1930
187.195,8,-39.4440,1.7942,-1.1925
187.206,8,-39.4437,1.7944,-1.1922
187.217,8,-39.4434,1.7947,-1.1919
187.228,8,-39.4433,1.7949,-1.1917
187.239,8,-39.4432,1.7950,-1.1917
187.250,8,-39.4432,1.7951,-1.1917
187.262,8,-39.4432,1.7950,-1.1918
187.273,8,-39.4434,1.7950,-1.1920
187.284,8,-39.4435,1.7950,-1.1923
187.295,8,-39.4436,1.7950,-1.1928
187.306,8,-39.4436,1.7952,-1.1932
187.318,8,-39.4436,1.7953,-1.1939
187.329,8,-39.4435,1.7955,-1.1947
187.340,8,-39.4433,1.7955,-1.1955
187.352,8,-39.4433,1.7955,-1.1966
187.363,8,-39.4431,1.7954,-1.1977
187.375,8,-39.4431,1.7952,-1.1988
187.386,8,-39.4430,1.7950,-1.2001
187.397,8,-39.4430,1.7947,-1.2015
187.408,8,-39.4430,1.7943,-1.2030
187.420,8,-39.4430,1.7936,-1.2046
187.431,8,-39.4430,1.7926,-1.2063
187.441,8,-39.4429,1.7913,-1.2081
187.453,8,-39.4429,1.7896,-1.2100
187.463,8,-39.4430,1.7880,-1.2119
187.474,8,-39.4432,1.7869,-1.2140
187.485,8,-39.4420,1.7894,-1.2165
187.497,8,-39.4409,1.7941,-1.2176
187.508,8,-39.4408,1.7978,-1.2194
187.519,8,-39.4400,1.8002,-1.2217
187.530,8,-39.4389,1.8012,-1.2239
187.541,8,-39.4377,1.8014,-1.2260
187.552,8,-39.4373,1.8010,-1.2283
187.563,8,-39.4372,1.7999,-1.2308
187.574,8,-39.4370,1.7993,-1.2332
187.586,8,-39.4370,1.7989,-1.2357
187.597,8,-39.4368,1.7993,-1.2378
187.608,8,-39.4362,1.8000,-1.2398
187.619,8,-39.4356,1.8005,-1.2418
187.630,8,-39.4350,1.8003,-1.2439
187.641,8,-39.4341,1.7996,-1.2461
187.652,8,-39.4332,1.7989,-1.2484
187.664,8,-39.4321,1.7982,-1.2507
187.675,8,-39.4310,1.7978,-1.2532
187.686,8,-39.4298,1.7980,-1.2555
187.697,8,-39.4288,1.7983,-1.2578
187.708,8,-39.4275,1.7985,-1.2601
187.719,8,-39.4265,1.7984,-1.2623
187.730,8,-39.4253,1.7981,-1.2647
187.741,8,-39.4235,1.7979,-1.2672
187.752,8,-39.4223,1.7977,-1.2695
187.764,8,-39.4209,1.7975,-1.2720
187.775,8,-39.4196,1.7975,-1.2744
187.786,8,-39.4180,1.7974,-1.2767
187.796,8,-39.4160,1.7971,-1.2791
187.808,8,-39.4143,1.7967,-1.2816
187.819,8,-39.4123,1.7963,-1.2841
187.830,8,-39.4103,1.7961,-1.2867
187.841,8,-39.4080,1.7959,-1.2890
187.852,8,-39.4058,1.7955,-1.2914
187.863,8,-39.4035,1.7949,-1.2935
187.874,8,-39.4010,1.7943,-1.2958
187.885,8,-39.3985,1.7933,-1.2980
187.896,8,-39.3957,1.7924,-1.3002
187.908,8,-39.3927,1.7915,-1.3025
187.919,8,-39.3897,1.7907,-1.3043
187.930,8,-39.3865,1.7904,-1.3063
187.941,8,-39.3832,1.7901,-1.3081
187.953,8,-39.3797,1.7900,-1.3097
187.964,8,-39.3763,1.7899,-1.3113
187.975,8,-39.3725,1.7897,-1.3126
187.985,8,-39.3688,1.7896,-1.3139
187.997,8,-39.3649,1.7897,-1.3151
188.008,8,-39.3609,1.7899,-1.3162
188.019,8,-39.3569,1.7902,-1.3172
188.030,8,-39.3528,1.7901,-1.3178
188.041,8,-39.3485,1.7902,-1.3187
188.052,8,-39.3441,1.7901,-1.3193
188.064,8,-39.3394,1.7901,-1.3200
188.074,8,-39.3346,1.7899,-1.3206
188.086,8,-39.3297,1.7897,-1.3211
188.097,8,-39.3246,1.7894,-1.3215
188.108,8,-39.3193,1.7889,-1.3216
188.119,8,-39.3139,1.7885,-1.3219
188.130,8,-39.3082,1.7879,-1.3219
188.141,8,-39.3025,1.7874,-1.3220
188.152,8,-39.2962,1.7867,-1.3219
188.163,8,-39.2899,1.7860,-1.3218
188.174,8,-39.2841,1.7854,-1.3218
188.185,8,-39.2773,1.7840,-1.3211
188.196,8,-39.2711,1.7830,-1.3208
188.207,8,-39.2647,1.7815,-1.3203
188.218,8,-39.2580,1.7802,-1.3197
188.229,8,-39.2510,1.7791,-1.3192
188.240,8,-39.2439,1.7782,-1.3184
188.252,8,-39.2367,1.7771,-1.3175
188.263,8,-39.2296,1.7759,-1.3164
188.274,8,-39.2221,1.7749,-1.3154
188.285,8,-39.2146,1.7737,-1.3142
188.296,8,-39.2069,1.7727,-1.3130
188.307,8,-39.1990,1.7719,-1.3119
188.319,8,-39.1908,1.7710,-1.3106
188.330,8,-39.1825,1.7700,-1.3091
188.341,8,-39.1742,1.7690,-1.3076
188.352,8,-39.1658,1.7679,-1.3058
188.363,8,-39.1573,1.7669,-1.3041
188.374,8,-39.1486,1.7661,-1.3023
188.386,8,-39.1398,1.7653,-1.3006
188.397,8,-39.1307,1.7645,-1.2985
188.407,8,-39.1216,1.7638,-1.2965
188.418,8,-39.1121,1.7630,-1.2942
188.429,8,-39.1031,1.7624,-1.2919
188.441,8,-39.0938,1.7620,-1.2895
188.452,8,-39.0845,1.7620,-1.2871
188.463,8,-39.0752,1.7626,-1.2845
188.474,8,-39.0659,1.7633,-1.2819
188.485,8,-39.0565,1.7642,-1.2793
188.496,8,-39.0471,1.7652,-1.2767
188.508,8,-39.0376,1.7666,-1.2740
188.519,8,-39.0283,1.7687,-1.2713
188.531,8,-39.0188,1.7713,-1.2687
188.541,8,-39.0095,1.7741,-1.2663
188.553,8,-39.0002,1.7765,-1.2639
188.563,8,-38.9911,1.7783,-1.2617
188.574,8,-38.9819,1.7798,-1.2596
188.585,8,-38.9735,1.7811,-1.2573
188.597,8,-38.9644,1.7823,-1.2555
188.608,8,-38.9557,1.7839,-1.2541
188.619,8,-38.9468,1.7855,-1.2527
188.630,8,-38.9381,1.7872,-1.2516
188.641,8,-38.9296,1.7889,-1.2505
188.652,8,-38.9209,1.7904,-1.2495
188.663,8,-38.9125,1.7917,-1.2485
188.674,8,-38.9040,1.7928,-1.2479
188.685,8,-38.8956,1.7940,-1.2473
188.696,8,-38.8870,1.7950,-1.2468
188.707,8,-38.8785,1.7964,-1.2466
188.718,8,-38.8700,1.7977,-1.2462
188.730,8,-38.8615,1.7987,-1.2459
188.741,8,-38.8531,1.7995,-1.2454
188.752,8,-38.8442,1.8000,-1.2451
188.763,8,-38.8355,1.8004,-1.2450
188.774,8,-38.8267,1.8003,-1.2448
188.786,8,-38.8176,1.8005,-1.2449
188.797,8,-38.8088,1.8005,-1.2448
188.807,8,-38.7999,1.8004,-1.2448
188.819,8,-38.7905,1.7999,-1.2449
188.830,8,-38.7813,1.7992,-1.2450
188.841,8,-38.7724,1.7983,-1.2452
188.852,8,-38.7629,1.7973,-1.2455
188.863,8,-38.7534,1.7961,-1.2458
188.874,8,-38.7437,1.7948,-1.2463
188.885,8,-38.7339,1.7934,-1.2468
188.896,8,-38.7239,1.7917,-1.2474
188.907,8,-38.7141,1.7900,-1.2480
188.918,8,-38.7040,1.7882,-1.2489
188.930,8,-38.6936,1.7863,-1.2498
188.941,8,-38.6831,1.7846,-1.2509
188.951,8,-38.6726,1.7826,-1.2520
188.963,8,-38.6621,1.7806,-1.2533
188.974,8,-38.6517,1.7785,-1.2547
188.985,8,-38.6411,1.7761,-1.2562
188.996,8,-38.6306,1.7739,-1.2578
189.007,8,-38.6199,1.7718,-1.2597
189.018,8,-38.6093,1.7699,-1.2616
189.029,8,-38.5985,1.7686,-1.2638
189.041,8,-38.5876,1.7680,-1.2659
189.051,8,-38.5767,1.7675,-1.2681
189.063,8,-38.5656,1.7670,-1.2703
189.074,8,-38.5547,1.7667,-1.2728
189.085,8,-38.5435,1.7664,-1.2753
189.096,8,-38.5323,1.7673,-1.2778
189.107,8,-38.5209,1.7687,-1.2804
189.118,8,-38.5097,1.7711,-1.2829
189.130,8,-38.4986,1.7735,-1.2853
189.140,8,-38.4876,1.7759,-1.2878
189.151,8,-38.4771,1.7783,-1.2900
189.163,8,-38.4664,1.7806,-1.2921
189.174,8,-38.4558,1.7828,-1.2941
189.185,8,-38.4453,1.7848,-1.2960
189.196,8,-38.4350,1.7861,-1.2975
189.207,8,-38.4248,1.7871,-1.2990
189.218,8,-38.4152,1.7881,-1.3001
189.229,8,-38.4051,1.7897,-1.3012
189.241,8,-38.3950,1.7921,-1.3021
189.251,8,-38.3853,1.7946,-1.3031
189.262,8,-38.3751,1.7971,-1.3040
189.274,8,-38.3650,1.7992,-1.3046
189.285,8,-38.3551,1.8012,-1.3051
189.296,8,-38.3449,1.8033,-1.3056
189.307,8,-38.3352,1.8051,-1.3059
189.318,8,-38.3252,1.8069,-1.3064
189.329,8,-38.3153,1.8085,-1.3066
189.340,8,-38.3054,1.8100,-1.3068
189.351,8,-38.2952,1.8116,-1.3072
189.362,8,-38.2851,1.8127,-1.3072
189.374,8,-38.2749,1.8136,-1.3071
189.385,8,-38.2650,1.8140,-1.3069
189.396,8,-38.2550,1.8140,-1.3069
189.407,8,-38.2449,1.8139,-1.3067
189.418,8,-38.2348,1.8137,-1.3067
189.429,8,-38.2245,1.8133,-1.3064
189.440,8,-38.2142,1.8126,-1.3061
189.451,8,-38.2035,1.8117,-1.3056
189.462,8,-38.1931,1.8105,-1.3051
189.474,8,-38.1824,1.8092,-1.3048
189.484,8,-38.1718,1.8078,-1.3042
189.495,8,-38.1610,1.8059,-1.3037
189.508,8,-38.1501,1.8041,-1.3033
189.518,8,-38.1393,1.8021,-1.3026
189.528,8,-38.1284,1.7999,-1.3018
189.539,8,-38.1176,1.7976,-1.3008
189.551,8,-38.1067,1.7951,-1.2997
189.561,8,-38.0957,1.7926,-1.2986
189.573,8,-38.0847,1.7902,-1.2974
189.584,8,-38.0735,1.7885,-1.2962
189.595,8,-38.0623,1.7870,-1.2949
189.606,8,-38.0512,1.7861,-1.2933
189.617,8,-38.0400,1.7850,-1.2916
189.628,8,-38.0285,1.7843,-1.2899
189.639,8,-38.0171,1.7837,-1.2881
189.650,8,-38.0058,1.7832,-1.2862
189.661,8,-37.9942,1.7831,-1.2844
189.673,8,-37.9827,1.7835,-1.2823
189.684,8,-37.9713,1.7842,-1.2803
189.695,8,-37.9597,1.7858,-1.2783
189.706,8,-37.9482,1.7880,-1.2762
189.717,8,-37.9367,1.7903,-1.2742
189.728,8,-37.9253,1.7929,-1.2723
189.739,8,-37.9139,1.7960,-1.2706
189.751,8,-37.9028,1.7988,-1.2689
189.761,8,-37.8918,1.8012,-1.2674
189.773,8,-37.8811,1.8033,-1.2660
189.784,8,-37.8706,1.8047,-1.2646
189.795,8,-37.8603,1.8057,-1.2637
189.806,8,-37.8500,1.8066,-1.2631
189.817,8,-37.8397,1.8078,-1.2628
189.829,8,-37.8295,1.8095,-1.2626
189.839,8,-37.8197,1.8116,-1.2625
189.850,8,-37.8099,1.8138,-1.2624
189.861,8,-37.8000,1.8158,-1.2624
189.872,8,-37.7902,1.8178,-1.2628
189.884,8,-37.7803,1.8197,-1.2633
189.895,8,-37.7705,1.8216,-1.2637
189.906,8,-37.7607,1.8234,-1.2643
189.917,8,-37.7509,1.8250,-1.2650
189.929,8,-37.7412,1.8266,-1.2657
189.940,8,-37.7314,1.8279,-1.2665
189.951,8,-37.7217,1.8291,-1.2671
189.962,8,-37.7120,1.8299,-1.2679
189.973,8,-37.7023,1.8305,-1.2684
189.984,8,-37.6923,1.8308,-1.2694
189.995,8,-37.6824,1.8308,-1.2702
190.006,8,-37.6724,1.8304,-1.2710
190.018,8,-37.6623,1.8297,-1.2719
190.029,8,-37.6523,1.8290,-1.2728
190.040,8,-37.6421,1.8281,-1.2738
190.051,8,-37.6319,1.8268,-1.2747
190.062,8,-37.6216,1.8255,-1.2758
190.073,8,-37.6110,1.8238,-1.2768
190.084,8,-37.6004,1.8219,-1.2780
190.096,8,-37.5897,1.8198,-1.2794
190.107,8,-37.5790,1.8176,-1.2806
190.118,8,-37.5683,1.8153,-1.2821
190.129,8,-37.5574,1.8130,-1.2836
190.140,8,-37.5466,1.8106,-1.2853
190.151,8,-37.5357,1.8083,-1.2870
190.162,8,-37.5248,1.8060,-1.2888
190.173,8,-37.5138,1.8038,-1.2908
190.184,8,-37.5027,1.8017,-1.2929
190.196,8,-37.4915,1.8002,-1.2952
190.207,8,-37.4804,1.7991,-1.2975
190.218,8,-37.4691,1.7986,-1.2999
190.229,8,-37.4581,1.7982,-1.3023
190.240,8,-37.4470,1.7978,-1.3049
190.251,8,-37.4358,1.7975,-1.3075
190.262,8,-37.4245,1.7971,-1.3103
190.273,8,-37.4133,1.7975,-1.3131
190.284,8,-37.4022,1.7986,-1.3159
190.295,8,-37.3912,1.8005,-1.3186
190.306,8,-37.3804,1.8028,-1.3214
190.317,8,-37.3697,1.8050,-1.3241
190.329,8,-37.3588,1.8073,-1.3269
190.340,8,-37.3480,1.8096,-1.3296
190.351,8,-37.3376,1.8119,-1.3320
190.362,8,-37.3271,1.8139,-1.3345
190.373,8,-37.3166,1.8156,-1.3368
190.384,8,-37.3062,1.8169,-1.3389
190.395,8,-37.2959,1.8179,-1.3407
190.407,8,-37.2856,1.8193,-1.3423
190.418,8,-37.2752,1.8212,-1.3439
190.428,8,-37.2649,1.8237,-1.3452
190.439,8,-37.2546,1.8261,-1.3465
190.451,8,-37.2444,1.8284,-1.3475
190.462,8,-37.2342,1.8306,-1.3486
190.473,8,-37.2240,1.8328,-1.3493
190.484,8,-37.2143,1.8349,-1.3500
190.495,8,-37.2044,1.8369,-1.3504
190.506,8,-37.1945,1.8388,-1.3507
190.517,8,-37.1846,1.8403,-1.3513
190.528,8,-37.1749,1.8416,-1.3516
190.540,8,-37.1652,1.8426,-1.3519
190.550,8,-37.1555,1.8435,-1.3523
190.561,8,-37.1455,1.8441,-1.3526
190.572,8,-37.1356,1.8442,-1.3528
190.583,8,-37.1255,1.8442,-1.3530
190.595,8,-37.1154,1.8440,-1.3532
190.606,8,-37.1051,1.8437,-1.3534
190.617,8,-37.0949,1.8433,-1.3536
190.628,8,-37.0844,1.8426,-1.3537
190.639,8,-37.0740,1.8418,-1.3537
190.651,8,-37.0636,1.8408,-1.3536
190.662,8,-37.0529,1.8393,-1.3535
190.673,8,-37.0423,1.8377,-1.3533
190.684,8,-37.0316,1.8360,-1.3532
190.695,8,-37.0209,1.8340,-1.3529
190.706,8,-37.0102,1.8318,-1.3525
190.718,8,-36.9994,1.8295,-1.3520
190.728,8,-36.9887,1.8273,-1.3514
190.739,8,-36.9782,1.8249,-1.3506
190.751,8,-36.9674,1.8227,-1.3498
190.762,8,-36.9565,1.8208,-1.3489
190.773,8,-36.9455,1.8193,-1.3478
190.784,8,-36.9345,1.8180,-1.3468
190.795,8,-36.9234,1.8170,-1.3456
190.807,8,-36.9123,1.8160,-1.3443
190.818,8,-36.9011,1.8151,-1.3428
190.829,8,-36.8899,1.8144,-1.3413
190.840,8,-36.8788,1.8138,-1.3396
190.851,8,-36.8677,1.8135,-1.3378
190.862,8,-36.8565,1.8131,-1.3359
190.874,8,-36.8453,1.8131,-1.3340
190.884,8,-36.8340,1.8140,-1.3322
190.896,8,-36.8228,1.8154,-1.3302
190.907,8,-36.8120,1.8172,-1.3283
190.918,8,-36.8009,1.8191,-1.3264
190.929,8,-36.7897,1.8209,-1.3246
190.940,8,-36.7788,1.8230,-1.3230
190.951,8,-36.7680,1.8250,-1.3215
190.962,8,-36.7575,1.8269,-1.3202
190.973,8,-36.7469,1.8285,-1.3189
190.984,8,-36.7366,1.8297,-1.3179
190.995,8,-36.7264,1.8307,-1.3171
191.006,8,-36.7162,1.8320,-1.3164
191.017,8,-36.7062,1.8335,-1.3159
191.029,8,-36.6963,1.8355,-1.3155
191.040,8,-36.6864,1.8379,-1.3151
191.051,8,-36.6764,1.8400,-1.3149
191.062,8,-36.6666,1.8418,-1.3149
191.073,8,-36.6568,1.8437,-1.3149
191.084,8,-36.6472,1.8455,-1.3151
191.095,8,-36.6373,1.8475,-1.3152
191.106,8,-36.6278,1.8494,-1.3152
191.117,8,-36.6183,1.8510,-1.3154
191.129,8,-36.6088,1.8524,-1.3155
191.140,8,-36.5996,1.8535,-1.3157
191.151,8,-36.5904,1.8545,-1.3159
191.162,8,-36.5811,1.8553,-1.3161
191.173,8,-36.5717,1.8563,-1.3163
191.184,8,-36.5625,1.8564,-1.3167
191.195,8,-36.5533,1.8566,-1.3169
191.206,8,-36.5440,1.8567,-1.3170
191.217,8,-36.5346,1.8565,-1.3174
191.228,8,-36.5252,1.8562,-1.3176
191.239,8,-36.5157,1.8558,-1.3180
191.251,8,-36.5062,1.8551,-1.3184
191.262,8,-36.4968,1.8544,-1.3188
191.273,8,-36.4874,1.8535,-1.3193
191.284,8,-36.4778,1.8523,-1.3199
191.295,8,-36.4682,1.8507,-1.3207
191.306,8,-36.4586,1.8491,-1.3214
191.317,8,-36.4489,1.8471,-1.3224
191.328,8,-36.4393,1.8454,-1.3232
191.339,8,-36.4296,1.8435,-1.3243
191.350,8,-36.4199,1.8417,-1.3254
191.362,8,-36.4104,1.8400,-1.3263
191.373,8,-36.4008,1.8380,-1.3275
191.384,8,-36.3910,1.8360,-1.3288
191.395,8,-36.3813,1.8341,-1.3301
191.406,8,-36.3715,1.8325,-1.3316
191.417,8,-36.3616,1.8312,-1.3332
191.428,8,-36.3517,1.8301,-1.3348
191.439,8,-36.3416,1.8293,-1.3366
191.450,8,-36.3317,1.8284,-1.3386
191.461,8,-36.3216,1.8276,-1.3406
191.472,8,-36.3116,1.8267,-1.3428
191.483,8,-36.3017,1.8260,-1.3451
191.495,8,-36.2916,1.8262,-1.3474
191.506,8,-36.2816,1.8272,-1.3497
191.517,8,-36.2717,1.8285,-1.3520
191.529,8,-36.2618,1.8300,-1.3543
191.539,8,-36.2520,1.8314,-1.3567
191.551,8,-36.2422,1.8332,-1.3590
191.562,8,-36.2325,1.8355,-1.3613
191.573,8,-36.2229,1.8377,-1.3634
191.584,8,-36.2134,1.8398,-1.3655
191.595,8,-36.2041,1.8413,-1.3674
191.606,8,-36.1946,1.8423,-1.3693
191.617,8,-36.1855,1.8426,-1.3710
191.629,8,-36.1763,1.8429,-1.3724
191.640,8,-36.1672,1.8433,-1.3738
191.651,8,-36.1580,1.8442,-1.3749
191.662,8,-36.1491,1.8457,-1.3759
191.673,8,-36.1403,1.8472,-1.3767
191.684,8,-36.1315,1.8486,-1.3773
191.695,8,-36.1226,1.8500,-1.3777
191.706,8,-36.1139,1.8513,-1.3782
191.717,8,-36.1051,1.8528,-1.3784
191.728,8,-36.0967,1.8539,-1.3786
191.739,8,-36.0880,1.8550,-1.3788
191.750,8,-36.0800,1.8559,-1.3789
191.761,8,-36.0719,1.8569,-1.3790
191.773,8,-36.0640,1.8578,-1.3789
191.784,8,-36.0561,1.8585,-1.3788
191.795,8,-36.0480,1.8592,-1.3787
191.806,8,-36.0401,1.8596,-1.3786
191.817,8,-36.0321,1.8599,-1.3785
191.828,8,-36.0242,1.8602,-1.3783
191.839,8,-36.0162,1.8606,-1.3781
191.850,8,-36.0084,1.8611,-1.3777
191.862,8,-36.0005,1.8613,-1.3774
191.873,8,-35.9925,1.8614,-1.3769
191.884,8,-35.9846,1.8611,-1.3765
191.895,8,-35.9768,1.8606,-1.3761
191.906,8,-35.9692,1.8599,-1.3757
191.917,8,-35.9614,1.8590,-1.3751
191.928,8,-35.9537,1.8581,-1.3743
191.940,8,-35.9460,1.8569,-1.3736
191.951,8,-35.9382,1.8558,-1.3727
191.962,8,-35.9304,1.8544,-1.3717
191.973,8,-35.9227,1.8531,-1.3705
191.984,8,-35.9150,1.8516,-1.3693
191.995,8,-35.9073,1.8503,-1.3680
192.006,8,-35.8996,1.8490,-1.3666
192.017,8,-35.8919,1.8480,-1.3653
192.028,8,-35.8842,1.8473,-1.3638
192.039,8,-35.8767,1.8466,-1.3622
192.050,8,-35.8692,1.8459,-1.3604
192.061,8,-35.8616,1.8452,-1.3586
192.072,8,-35.8542,1.8446,-1.3567
192.084,8,-35.8466,1.8441,-1.3546
192.095,8,-35.8392,1.8437,-1.3526
192.106,8,-35.8317,1.8434,-1.3505
192.117,8,-35.8245,1.8434,-1.3482
192.128,8,-35.8171,1.8435,-1.3460
192.139,8,-35.8098,1.8444,-1.3436
192.150,8,-35.8025,1.8454,-1.3413
192.162,8,-35.7953,1.8464,-1.3391
192.173,8,-35.7878,1.8476,-1.3369
192.184,8,-35.7805,1.8491,-1.3348
192.195,8,-35.7732,1.8512,-1.3329
192.206,8,-35.7660,1.8532,-1.3308
192.217,8,-35.7589,1.8548,-1.3288
192.228,8,-35.7520,1.8557,-1.3268
192.239,8,-35.7451,1.8562,-1.3251
192.251,8,-35.7383,1.8565,-1.3236
192.262,8,-35.7317,1.8570,-1.3221
192.272,8,-35.7249,1.8577,-1.3208
192.283,8,-35.7183,1.8585,-1.3195
192.295,8,-35.7117,1.8594,-1.3183
192.306,8,-35.7053,1.8604,-1.3173
192.316,8,-35.6988,1.8612,-1.3163
192.327,8,-35.6923,1.8622,-1.3154
192.339,8,-35.6860,1.8630,-1.3146
192.350,8,-35.6796,1.8638,-1.3138
192.361,8,-35.6735,1.8646,-1.3131
192.372,8,-35.6675,1.8653,-1.3125
192.383,8,-35.6617,1.8662,-1.3120
192.394,8,-35.6560,1.8669,-1.3117
192.405,8,-35.6502,1.8675,-1.3113
192.416,8,-35.6445,1.8680,-1.3111
192.428,8,-35.6389,1.8683,-1.3108
192.439,8,-35.6333,1.8686,-1.3106
192.451,8,-35.6278,1.8689,-1.3104
192.461,8,-35.6223,1.8691,-1.3104
192.472,8,-35.6168,1.8693,-1.3103
192.483,8,-35.6113,1.8696,-1.3104
192.494,8,-35.6058,1.8697,-1.3105
192.506,8,-35.6004,1.8697,-1.3107
192.516,8,-35.5950,1.8697,-1.3111
192.527,8,-35.5898,1.8694,-1.3115
192.539,8,-35.5845,1.8694,-1.3119
192.550,8,-35.5792,1.8692,-1.3125
192.561,8,-35.5739,1.8689,-1.3132
192.572,8,-35.5687,1.8684,-1.3140
192.583,8,-35.5636,1.8679,-1.3150
192.593,8,-35.5585,1.8674,-1.3159
192.604,8,-35.5535,1.8669,-1.3171
192.615,8,-35.5485,1.8666,-1.3183
192.627,8,-35.5436,1.8665,-1.3196
192.638,8,-35.5386,1.8661,-1.3211
192.649,8,-35.5340,1.8656,-1.3229
192.660,8,-35.5294,1.8649,-1.3247
192.671,8,-35.5250,1.8641,-1.3268
192.682,8,-35.5207,1.8632,-1.3288
192.693,8,-35.5165,1.8624,-1.3310
192.704,8,-35.5124,1.8617,-1.3333
192.715,8,-35.5083,1.8611,-1.3354
192.726,8,-35.5042,1.8605,-1.3377
192.738,8,-35.5001,1.8602,-1.3401
192.749,8,-35.4962,1.8600,-1.3424
192.760,8,-35.4924,1.8596,-1.3449
192.771,8,-35.4885,1.8598,-1.3473
192.782,8,-35.4846,1.8604,-1.3497
192.793,8,-35.4807,1.8617,-1.3519
192.804,8,-35.4769,1.8631,-1.3543
192.815,8,-35.4731,1.8641,-1.3565
192.826,8,-35.4693,1.8647,-1.3588
192.838,8,-35.4654,1.8650,-1.3610
192.849,8,-35.4615,1.8654,-1.3631
192.861,8,-35.4578,1.8658,-1.3653
192.872,8,-35.4541,1.8664,-1.3672
192.883,8,-35.4503,1.8670,-1.3689
192.894,8,-35.4465,1.8672,-1.3706
192.905,8,-35.4427,1.8671,-1.3722
192.916,8,-35.4389,1.8669,-1.3736
192.928,8,-35.4352,1.8667,-1.3751
192.939,8,-35.4314,1.8663,-1.3765
192.950,8,-35.4279,1.8658,-1.3778
192.961,8,-35.4244,1.8653,-1.3791
192.972,8,-35.4210,1.8649,-1.3801
192.983,8,-35.4178,1.8646,-1.3809
192.994,8,-35.4146,1.8644,-1.3817
193.005,8,-35.4114,1.8642,-1.3825
193.017,8,-35.4083,1.8641,-1.3832
193.027,8,-35.4054,1.8642,-1.3838
193.038,8,-35.4025,1.8644,-1.3843
193.050,8,-35.3999,1.8650,-1.3846
193.060,8,-35.3973,1.8655,-1.3850
193.071,8,-35.3948,1.8660,-1.3852
193.083,8,-35.3924,1.8664,-1.3852
193.093,8,-35.3899,1.8667,-1.3853
193.105,8,-35.3877,1.8669,-1.3854
193.116,8,-35.3856,1.8672,-1.3853
193.127,8,-35.3836,1.8675,-1.3852
193.138,8,-35.3818,1.8678,-1.3849
193.150,8,-35.3800,1.8680,-1.3847
193.161,8,-35.3783,1.8681,-1.3843
193.171,8,-35.3767,1.8682,-1.3839
193.183,8,-35.3751,1.8681,-1.3834
193.194,8,-35.3737,1.8680,-1.3829
193.205,8,-35.3723,1.8677,-1.3823
193.217,8,-35.3709,1.8674,-1.3816
193.227,8,-35.3698,1.8673,-1.3812
193.238,8,-35.3687,1.8669,-1.3803
193.250,8,-35.3678,1.8664,-1.3792
193.261,8,-35.3669,1.8659,-1.3784
193.271,8,-35.3662,1.8656,-1.3774
193.282,8,-35.3653,1.8655,-1.3764
193.294,8,-35.3646,1.8656,-1.3751
193.305,8,-35.3639,1.8658,-1.3738
193.316,8,-35.3631,1.8663,-1.3725
193.327,8,-35.3625,1.8669,-1.3716
193.338,8,-35.3618,1.8674,-1.3702
193.350,8,-35.3612,1.8679,-1.3689
193.360,8,-35.3606,1.8682,-1.3677
193.371,8,-35.3601,1.8686,-1.3666
193.383,8,-35.3596,1.8689,-1.3654
193.394,8,-35.3590,1.8691,-1.3643
193.405,8,-35.3586,1.8694,-1.3635
193.416,8,-35.3580,1.8697,-1.3624
193.427,8,-35.3576,1.8698,-1.3613
193.438,8,-35.3571,1.8699,-1.3603
193.450,8,-35.3567,1.8699,-1.3593
193.461,8,-35.3562,1.8699,-1.3583
193.472,8,-35.3558,1.8700,-1.3573
193.483,8,-35.3553,1.8699,-1.3564
193.494,8,-35.3548,1.8700,-1.3555
193.505,8,-35.3543,1.8700,-1.3546
193.516,8,-35.3538,1.8701,-1.3537
193.527,8,-35.3534,1.8703,-1.3530
193.538,8,-35.3528,1.8704,-1.3523
193.550,8,-35.3523,1.8706,-1.3517
193.561,8,-35.3518,1.8708,-1.3509
193.571,8,-35.3512,1.8709,-1.3503
193.583,8,-35.3505,1.8709,-1.3498
193.594,8,-35.3499,1.8710,-1.3491
193.605,8,-35.3493,1.8712,-1.3485
193.616,8,-35.3487,1.8713,-1.3479
193.628,8,-35.3481,1.8715,-1.3476
193.639,8,-35.3476,1.8715,-1.3472
193.650,8,-35.3470,1.8715,-1.3468
193.661,8,-35.3465,1.8716,-1.3467
193.672,8,-35.3459,1.8717,-1.3464
193.683,8,-35.3454,1.8717,-1.3461
193.694,8,-35.3449,1.8718,-1.3458
193.705,8,-35.3444,1.8718,-1.3456
193.717,8,-35.3439,1.8718,-1.3454
193.727,8,-35.3434,1.8718,-1.3451
193.738,8,-35.3429,1.8718,-1.3450
193.749,8,-35.3425,1.8718,-1.3449
193.760,8,-35.3421,1.8717,-1.3450
193.772,8,-35.3417,1.8717,-1.3449
193.782,8,-35.3414,1.8718,-1.3449
193.792,8,-35.3410,1.8718,-1.3449
193.804,8,-35.3407,1.8717,-1.3449
193.815,8,-35.3403,1.8718,-1.3448
193.826,8,-35.3400,1.8718,-1.3448
193.837,8,-35.3397,1.8717,-1.3450
193.848,8,-35.3395,1.8717,-1.3451
193.859,8,-35.3393,1.8717,-1.3453
193.870,8,-35.3391,1.8717,-1.3454
193.881,8,-35.3390,1.8717,-1.3453
193.893,8,-35.3389,1.8717,-1.3454
193.904,8,-35.3388,1.8717,-1.3454
193.915,8,-35.3387,1.8717,-1.3454
193.926,8,-35.3387,1.8718,-1.3455

# --- Trial 9 start ---
202.779,9,-39.5422,1.7991,-1.2596
202.796,9,-39.5426,1.7992,-1.2594
202.803,9,-39.5430,1.7992,-1.2593
202.811,9,-39.5434,1.7994,-1.2592
202.819,9,-39.5437,1.7995,-1.2591
202.829,9,-39.5440,1.7995,-1.2589
202.841,9,-39.5444,1.7995,-1.2587
202.856,9,-39.5447,1.7997,-1.2586
202.873,9,-39.5453,1.8000,-1.2583
202.895,9,-39.5456,1.8001,-1.2579
202.906,9,-39.5456,1.8002,-1.2578
202.919,9,-39.5457,1.8002,-1.2576
202.930,9,-39.5457,1.8003,-1.2574
202.941,9,-39.5457,1.8004,-1.2572
202.955,9,-39.5457,1.8005,-1.2570
202.974,9,-39.5457,1.8006,-1.2567
202.983,9,-39.5457,1.8007,-1.2565
202.997,9,-39.5456,1.8008,-1.2562
203.007,9,-39.5455,1.8009,-1.2561
203.018,9,-39.5454,1.8010,-1.2559
203.030,9,-39.5452,1.8011,-1.2556
203.041,9,-39.5451,1.8011,-1.2554
203.053,9,-39.5449,1.8010,-1.2552
203.063,9,-39.5447,1.8010,-1.2549
203.074,9,-39.5446,1.8008,-1.2545
203.085,9,-39.5445,1.8008,-1.2540
203.097,9,-39.5443,1.8008,-1.2535
203.108,9,-39.5441,1.8007,-1.2530
203.118,9,-39.5439,1.8006,-1.2524
203.130,9,-39.5437,1.8006,-1.2517
203.141,9,-39.5434,1.8005,-1.2511
203.152,9,-39.5431,1.8004,-1.2503
203.163,9,-39.5427,1.8003,-1.2494
203.174,9,-39.5425,1.8002,-1.2486
203.186,9,-39.5420,1.8001,-1.2476
203.196,9,-39.5416,1.8001,-1.2464
203.207,9,-39.5410,1.7999,-1.2451
203.219,9,-39.5405,1.7996,-1.2438
203.231,9,-39.5400,1.7993,-1.2425
203.245,9,-39.5395,1.7991,-1.2410
203.256,9,-39.5389,1.7990,-1.2394
203.268,9,-39.5383,1.7987,-1.2378
203.280,9,-39.5377,1.7985,-1.2361
203.292,9,-39.5370,1.7983,-1.2344
203.304,9,-39.5363,1.7981,-1.2326
203.316,9,-39.5356,1.7980,-1.2309
203.327,9,-39.5349,1.7980,-1.2290
203.339,9,-39.5341,1.7980,-1.2272
203.351,9,-39.5334,1.7980,-1.2252
203.379,9,-39.5323,1.7981,-1.2232
203.388,9,-39.5296,1.7980,-1.2175
203.398,9,-39.5285,1.7978,-1.2155
203.408,9,-39.5273,1.7974,-1.2136
203.419,9,-39.5262,1.7967,-1.2117
203.430,9,-39.5250,1.7958,-1.2098
203.441,9,-39.5238,1.7951,-1.2082
203.452,9,-39.5227,1.7945,-1.2065
203.463,9,-39.5216,1.7940,-1.2049
203.474,9,-39.5205,1.7936,-1.2036
203.485,9,-39.5194,1.7931,-1.2023
203.496,9,-39.5184,1.7926,-1.2012
203.508,9,-39.5173,1.7922,-1.2002
203.519,9,-39.5163,1.7920,-1.1993
203.529,9,-39.5153,1.7918,-1.1984
203.541,9,-39.5145,1.7920,-1.1977
203.552,9,-39.5136,1.7924,-1.1971
203.563,9,-39.5129,1.7931,-1.1966
203.574,9,-39.5123,1.7937,-1.1961
203.585,9,-39.5116,1.7942,-1.1957
203.596,9,-39.5109,1.7947,-1.1953
203.607,9,-39.5102,1.7950,-1.1950
203.619,9,-39.5097,1.7952,-1.1949
203.630,9,-39.5093,1.7952,-1.1947
203.640,9,-39.5089,1.7952,-1.1946
203.652,9,-39.5086,1.7950,-1.1947
203.663,9,-39.5083,1.7949,-1.1948
203.674,9,-39.5080,1.7948,-1.1951
203.684,9,-39.5076,1.7946,-1.1953
203.696,9,-39.5072,1.7944,-1.1957
203.707,9,-39.5067,1.7940,-1.1962
203.718,9,-39.5064,1.7935,-1.1968
203.729,9,-39.5061,1.7931,-1.1974
203.740,9,-39.5057,1.7925,-1.1982
203.751,9,-39.5053,1.7919,-1.1989
203.763,9,-39.5050,1.7912,-1.1999
203.774,9,-39.5048,1.7903,-1.2008
203.785,9,-39.5046,1.7894,-1.2019
203.796,9,-39.5043,1.7882,-1.2031
203.807,9,-39.5041,1.7869,-1.2045
203.819,9,-39.5037,1.7868,-1.2061
203.830,9,-39.5023,1.7907,-1.2075
203.841,9,-39.5017,1.7947,-1.2086
203.853,9,-39.5011,1.7976,-1.2100
203.863,9,-39.5001,1.7990,-1.2115
203.875,9,-39.4990,1.7992,-1.2130
203.886,9,-39.4981,1.7984,-1.2145
203.897,9,-39.4975,1.7970,-1.2161
203.909,9,-39.4968,1.7954,-1.2177
203.920,9,-39.4959,1.7941,-1.2195
203.931,9,-39.4950,1.7933,-1.2212
203.942,9,-39.4939,1.7933,-1.2228
203.954,9,-39.4923,1.7936,-1.2243
203.965,9,-39.4905,1.7937,-1.2258
203.975,9,-39.4889,1.7936,-1.2275
203.987,9,-39.4869,1.7932,-1.2293
203.998,9,-39.4848,1.7924,-1.2311
204.009,9,-39.4831,1.7919,-1.2332
204.020,9,-39.4810,1.7916,-1.2352
204.031,9,-39.4792,1.7917,-1.2373
204.042,9,-39.4769,1.7920,-1.2392
204.053,9,-39.4748,1.7922,-1.2411
204.064,9,-39.4727,1.7921,-1.2431
204.075,9,-39.4701,1.7917,-1.2449
204.087,9,-39.4681,1.7912,-1.2471
204.098,9,-39.4659,1.7909,-1.2492
204.109,9,-39.4638,1.7908,-1.2513
204.120,9,-39.4614,1.7907,-1.2534
204.131,9,-39.4588,1.7907,-1.2554
204.142,9,-39.4564,1.7908,-1.2576
204.154,9,-39.4539,1.7909,-1.2595
204.164,9,-39.4514,1.7909,-1.2617
204.175,9,-39.4494,1.7909,-1.2638
204.187,9,-39.4468,1.7907,-1.2658
204.198,9,-39.4439,1.7904,-1.2679
204.210,9,-39.4412,1.7896,-1.2699
204.221,9,-39.4379,1.7885,-1.2720
204.232,9,-39.4349,1.7873,-1.2738
204.243,9,-39.4317,1.7865,-1.2758
204.254,9,-39.4282,1.7860,-1.2778
204.266,9,-39.4246,1.7862,-1.2796
204.277,9,-39.4209,1.7865,-1.2813
204.289,9,-39.4173,1.7863,-1.2830
204.300,9,-39.4135,1.7857,-1.2848
204.311,9,-39.4096,1.7845,-1.2861
204.323,9,-39.4057,1.7834,-1.2875
204.334,9,-39.4018,1.7822,-1.2889
204.345,9,-39.3978,1.7812,-1.2902
204.357,9,-39.3937,1.7807,-1.2913
204.367,9,-39.3894,1.7804,-1.2923
204.378,9,-39.3851,1.7802,-1.2934
204.389,9,-39.3808,1.7800,-1.2943
204.400,9,-39.3760,1.7799,-1.2951
204.412,9,-39.3713,1.7796,-1.2959
204.423,9,-39.3665,1.7791,-1.2967
204.433,9,-39.3614,1.7788,-1.2975
204.444,9,-39.3562,1.7782,-1.2981
204.456,9,-39.3510,1.7776,-1.2985
204.466,9,-39.3452,1.7770,-1.2988
204.478,9,-39.3396,1.7764,-1.2991
204.489,9,-39.3338,1.7758,-1.2994
204.500,9,-39.3279,1.7749,-1.2996
204.510,9,-39.3216,1.7738,-1.2996
204.522,9,-39.3156,1.7727,-1.2997
204.533,9,-39.3093,1.7717,-1.2994
204.544,9,-39.3033,1.7706,-1.2991
204.555,9,-39.2967,1.7696,-1.2987
204.566,9,-39.2897,1.7686,-1.2983
204.577,9,-39.2827,1.7675,-1.2976
204.589,9,-39.2756,1.7666,-1.2969
204.601,9,-39.2682,1.7655,-1.2959
204.611,9,-39.2609,1.7645,-1.2947
204.622,9,-39.2535,1.7637,-1.2936
204.633,9,-39.2458,1.7626,-1.2920
204.644,9,-39.2380,1.7617,-1.2906
204.655,9,-39.2300,1.7608,-1.2890
204.666,9,-39.2220,1.7600,-1.2872
204.677,9,-39.2138,1.7593,-1.2853
204.688,9,-39.2054,1.7585,-1.2830
204.699,9,-39.1970,1.7579,-1.2809
204.710,9,-39.1886,1.7574,-1.2785
204.721,9,-39.1801,1.7571,-1.2761
204.732,9,-39.1714,1.7571,-1.2736
204.743,9,-39.1626,1.7573,-1.2710
204.755,9,-39.1537,1.7581,-1.2684
204.766,9,-39.1446,1.7594,-1.2656
204.777,9,-39.1356,1.7608,-1.2629
204.788,9,-39.1266,1.7625,-1.2602
204.799,9,-39.1176,1.7641,-1.2575
204.811,9,-39.1087,1.7662,-1.2550
204.822,9,-39.0998,1.7684,-1.2523
204.833,9,-39.0909,1.7706,-1.2497
204.844,9,-39.0822,1.7732,-1.2473
204.855,9,-39.0736,1.7755,-1.2450
204.867,9,-39.0650,1.7777,-1.2428
204.877,9,-39.0564,1.7794,-1.2408
204.888,9,-39.0479,1.7808,-1.2390
204.899,9,-39.0394,1.7819,-1.2373
204.910,9,-39.0308,1.7830,-1.2359
204.922,9,-39.0223,1.7841,-1.2343
204.932,9,-39.0137,1.7854,-1.2330
204.944,9,-39.0051,1.7867,-1.2318
204.955,9,-38.9965,1.7881,-1.2308
204.966,9,-38.9879,1.7895,-1.2300
204.977,9,-38.9792,1.7907,-1.2293
204.989,9,-38.9707,1.7919,-1.2287
205.000,9,-38.9619,1.7930,-1.2282
205.011,9,-38.9532,1.7943,-1.2277
205.023,9,-38.9446,1.7957,-1.2275
205.033,9,-38.9358,1.7969,-1.2273
205.045,9,-38.9270,1.7980,-1.2273
205.055,9,-38.9183,1.7987,-1.2273
205.066,9,-38.9094,1.7993,-1.2274
205.078,9,-38.9005,1.7995,-1.2278
205.089,9,-38.8917,1.7997,-1.2279
205.100,9,-38.8826,1.7996,-1.2284
205.111,9,-38.8734,1.7996,-1.2287
205.122,9,-38.8640,1.7994,-1.2293
205.133,9,-38.8548,1.7990,-1.2299
205.144,9,-38.8458,1.7982,-1.2305
205.155,9,-38.8365,1.7975,-1.2314
205.167,9,-38.8273,1.7966,-1.2321
205.178,9,-38.8179,1.7956,-1.2332
205.189,9,-38.8082,1.7943,-1.2343
205.200,9,-38.7986,1.7930,-1.2355
205.211,9,-38.7887,1.7916,-1.2369
205.222,9,-38.7789,1.7901,-1.2382
205.233,9,-38.7691,1.7886,-1.2398
205.244,9,-38.7592,1.7869,-1.2413
205.255,9,-38.7491,1.7854,-1.2430
205.266,9,-38.7387,1.7836,-1.2447
205.278,9,-38.7283,1.7818,-1.2466
205.288,9,-38.7179,1.7800,-1.2486
205.300,9,-38.7075,1.7780,-1.2506
205.310,9,-38.6973,1.7760,-1.2528
205.322,9,-38.6871,1.7743,-1.2551
205.333,9,-38.6768,1.7731,-1.2575
205.344,9,-38.6664,1.7724,-1.2599
205.355,9,-38.6558,1.7721,-1.2626
205.366,9,-38.6453,1.7717,-1.2652
205.377,9,-38.6347,1.7714,-1.2679
205.388,9,-38.6238,1.7714,-1.2705
205.400,9,-38.6131,1.7722,-1.2734
205.410,9,-38.6024,1.7743,-1.2762
205.422,9,-38.5918,1.7763,-1.2790
205.433,9,-38.5813,1.7791,-1.2819
205.444,9,-38.5705,1.7818,-1.2846
205.455,9,-38.5601,1.7846,-1.2873
205.466,9,-38.5495,1.7870,-1.2898
205.477,9,-38.5393,1.7891,-1.2923
205.488,9,-38.5292,1.7906,-1.2945
205.500,9,-38.5194,1.7917,-1.2966
205.511,9,-38.5095,1.7925,-1.2986
205.522,9,-38.4996,1.7935,-1.3004
205.533,9,-38.4898,1.7952,-1.3020
205.544,9,-38.4801,1.7972,-1.3035
205.555,9,-38.4706,1.7994,-1.3047
205.566,9,-38.4607,1.8013,-1.3060
205.577,9,-38.4510,1.8032,-1.3073
205.588,9,-38.4414,1.8051,-1.3083
205.599,9,-38.4317,1.8071,-1.3093
205.610,9,-38.4220,1.8092,-1.3103
205.621,9,-38.4122,1.8110,-1.3111
205.632,9,-38.4027,1.8127,-1.3120
205.643,9,-38.3931,1.8142,-1.3127
205.654,9,-38.3834,1.8155,-1.3135
205.666,9,-38.3737,1.8165,-1.3142
205.676,9,-38.3642,1.8172,-1.3149
205.688,9,-38.3545,1.8176,-1.3156
205.699,9,-38.3447,1.8179,-1.3162
205.710,9,-38.3350,1.8180,-1.3166
205.721,9,-38.3249,1.8178,-1.3170
205.732,9,-38.3150,1.8175,-1.3174
205.744,9,-38.3050,1.8168,-1.3178
205.755,9,-38.2950,1.8158,-1.3181
205.766,9,-38.2850,1.8147,-1.3183
205.777,9,-38.2749,1.8135,-1.3185
205.788,9,-38.2647,1.8121,-1.3185
205.799,9,-38.2543,1.8105,-1.3184
205.811,9,-38.2438,1.8087,-1.3183
205.822,9,-38.2332,1.8068,-1.3180
205.833,9,-38.2226,1.8049,-1.3177
205.845,9,-38.2121,1.8028,-1.3173
205.855,9,-38.2013,1.8006,-1.3167
205.866,9,-38.1906,1.7983,-1.3159
205.877,9,-38.1801,1.7962,-1.3151
205.888,9,-38.1693,1.7942,-1.3140
205.899,9,-38.1581,1.7927,-1.3129
205.910,9,-38.1471,1.7916,-1.3117
205.922,9,-38.1358,1.7909,-1.3103
205.933,9,-38.1247,1.7905,-1.3088
205.944,9,-38.1134,1.7900,-1.3073
205.955,9,-38.1022,1.7896,-1.3056
205.966,9,-38.0908,1.7894,-1.3038
205.977,9,-38.0794,1.7897,-1.3019
205.988,9,-38.0681,1.7904,-1.3002
205.999,9,-38.0567,1.7921,-1.2983
206.010,9,-38.0454,1.7948,-1.2964
206.022,9,-38.0339,1.7976,-1.2945
206.033,9,-38.0224,1.8008,-1.2926
206.044,9,-38.0108,1.8035,-1.2907
206.055,9,-37.9992,1.8059,-1.2889
206.066,9,-37.9881,1.8079,-1.2874
206.077,9,-37.9770,1.8096,-1.2861
206.089,9,-37.9662,1.8110,-1.2851
206.100,9,-37.9556,1.8122,-1.2843
206.110,9,-37.9451,1.8135,-1.2837
206.121,9,-37.9346,1.8149,-1.2832
206.132,9,-37.9241,1.8165,-1.2828
206.143,9,-37.9136,1.8184,-1.2824
206.154,9,-37.9030,1.8203,-1.2823
206.166,9,-37.8926,1.8222,-1.2821
206.176,9,-37.8820,1.8239,-1.2819
206.188,9,-37.8716,1.8255,-1.2823
206.199,9,-37.8610,1.8271,-1.2825
206.210,9,-37.8505,1.8287,-1.2827
206.221,9,-37.8401,1.8301,-1.2829
206.233,9,-37.8296,1.8315,-1.2831
206.244,9,-37.8192,1.8324,-1.2834
206.254,9,-37.8089,1.8331,-1.2837
206.266,9,-37.7986,1.8337,-1.2840
206.277,9,-37.7881,1.8336,-1.2845
206.288,9,-37.7778,1.8335,-1.2848
206.299,9,-37.7673,1.8331,-1.2852
206.310,9,-37.7569,1.8326,-1.2857
206.321,9,-37.7463,1.8318,-1.2862
206.332,9,-37.7358,1.8310,-1.2867
206.343,9,-37.7252,1.8302,-1.2873
206.354,9,-37.7145,1.8288,-1.2880
206.365,9,-37.7037,1.8274,-1.2887
206.376,9,-37.6929,1.8257,-1.2895
206.387,9,-37.6820,1.8239,-1.2905
206.399,9,-37.6710,1.8220,-1.2914
206.410,9,-37.6600,1.8203,-1.2925
206.421,9,-37.6490,1.8184,-1.2935
206.432,9,-37.6379,1.8165,-1.2946
206.444,9,-37.6268,1.8144,-1.2959
206.454,9,-37.6155,1.8124,-1.2972
206.466,9,-37.6043,1.8105,-1.2988
206.477,9,-37.5932,1.8085,-1.3003
206.488,9,-37.5820,1.8067,-1.3020
206.499,9,-37.5709,1.8050,-1.3037
206.510,9,-37.5599,1.8038,-1.3056
206.521,9,-37.5489,1.8028,-1.3074
206.532,9,-37.5379,1.8022,-1.3096
206.544,9,-37.5269,1.8016,-1.3118
206.554,9,-37.5160,1.8010,-1.3139
206.566,9,-37.5052,1.8003,-1.3163
206.577,9,-37.4943,1.7995,-1.3187
206.588,9,-37.4837,1.7995,-1.3212
206.599,9,-37.4729,1.8003,-1.3236
206.611,9,-37.4624,1.8026,-1.3260
206.623,9,-37.4519,1.8044,-1.3285
206.631,9,-37.4412,1.8061,-1.3309
206.641,9,-37.4306,1.8081,-1.3331
206.652,9,-37.4202,1.8103,-1.3353
206.663,9,-37.4099,1.8124,-1.3373
206.674,9,-37.3995,1.8143,-1.3391
206.685,9,-37.3893,1.8157,-1.3408
206.697,9,-37.3792,1.8166,-1.3422
206.707,9,-37.3690,1.8176,-1.3435
206.718,9,-37.3589,1.8190,-1.3444
206.730,9,-37.3489,1.8211,-1.3451
206.741,9,-37.3389,1.8234,-1.3456
206.752,9,-37.3289,1.8258,-1.3460
206.763,9,-37.3190,1.8279,-1.3462
206.774,9,-37.3091,1.8300,-1.3462
206.785,9,-37.2993,1.8319,-1.3464
206.796,9,-37.2894,1.8338,-1.3464
206.807,9,-37.2795,1.8357,-1.3464
206.818,9,-37.2697,1.8373,-1.3463
206.829,9,-37.2598,1.8389,-1.3462
206.841,9,-37.2501,1.8401,-1.3460
206.852,9,-37.2402,1.8411,-1.3459
206.863,9,-37.2304,1.8418,-1.3458
206.874,9,-37.2205,1.8422,-1.3454
206.885,9,-37.2106,1.8424,-1.3452
206.896,9,-37.2007,1.8422,-1.3448
206.907,9,-37.1908,1.8419,-1.3444
206.919,9,-37.1809,1.8412,-1.3440
206.930,9,-37.1708,1.8406,-1.3435
206.941,9,-37.1606,1.8398,-1.3429
206.952,9,-37.1503,1.8388,-1.3423
206.963,9,-37.1400,1.8375,-1.3416
206.974,9,-37.1297,1.8362,-1.3409
206.985,9,-37.1193,1.8344,-1.3401
206.996,9,-37.1088,1.8328,-1.3393
207.008,9,-37.0983,1.8309,-1.3383
207.019,9,-37.0876,1.8288,-1.3373
207.030,9,-37.0767,1.8266,-1.3360
207.042,9,-37.0659,1.8243,-1.3348
207.053,9,-37.0550,1.8217,-1.3335
207.064,9,-37.0441,1.8192,-1.3322
207.076,9,-37.0331,1.8170,-1.3307
207.087,9,-37.0223,1.8153,-1.3291
207.098,9,-37.0114,1.8138,-1.3274
207.110,9,-37.0006,1.8127,-1.3257
207.121,9,-36.9897,1.8117,-1.3237
207.132,9,-36.9786,1.8108,-1.3217
207.143,9,-36.9674,1.8098,-1.3197
207.154,9,-36.9563,1.8094,-1.3175
207.166,9,-36.9452,1.8090,-1.3153
207.177,9,-36.9342,1.8090,-1.3130
207.188,9,-36.9233,1.8096,-1.3107
207.199,9,-36.9123,1.8106,-1.3083
207.210,9,-36.9014,1.8123,-1.3058
207.221,9,-36.8905,1.8143,-1.3033
207.233,9,-36.8796,1.8163,-1.3008
207.243,9,-36.8688,1.8183,-1.2986
207.254,9,-36.8579,1.8205,-1.2963
207.266,9,-36.8473,1.8226,-1.2943
207.277,9,-36.8366,1.8245,-1.2924
207.288,9,-36.8262,1.8262,-1.2907
207.299,9,-36.8160,1.8273,-1.2893
207.310,9,-36.8057,1.8285,-1.2879
207.321,9,-36.7960,1.8296,-1.2869
207.332,9,-36.7860,1.8311,-1.2860
207.343,9,-36.7762,1.8331,-1.2851
207.354,9,-36.7664,1.8352,-1.2843
207.365,9,-36.7564,1.8372,-1.2836
207.376,9,-36.7468,1.8390,-1.2831
207.388,9,-36.7371,1.8408,-1.2826
207.399,9,-36.7275,1.8425,-1.2824
207.410,9,-36.7180,1.8444,-1.2822
207.421,9,-36.7084,1.8462,-1.2820
207.432,9,-36.6992,1.8478,-1.2820
207.443,9,-36.6897,1.8492,-1.2820
207.454,9,-36.6806,1.8503,-1.2819
207.465,9,-36.6712,1.8512,-1.2819
207.476,9,-36.6619,1.8518,-1.2820
207.487,9,-36.6526,1.8524,-1.2821
207.499,9,-36.6430,1.8526,-1.2822
207.510,9,-36.6336,1.8527,-1.2824
207.521,9,-36.6240,1.8524,-1.2826
207.532,9,-36.6146,1.8521,-1.2827
207.543,9,-36.6051,1.8516,-1.2830
207.554,9,-36.5954,1.8509,-1.2833
207.565,9,-36.5858,1.8502,-1.2836
207.576,9,-36.5761,1.8493,-1.2839
207.587,9,-36.5664,1.8483,-1.2844
207.598,9,-36.5566,1.8470,-1.2849
207.609,9,-36.5466,1.8456,-1.2854
207.621,9,-36.5366,1.8441,-1.2862
207.632,9,-36.5264,1.8424,-1.2869
207.643,9,-36.5163,1.8406,-1.2877
207.654,9,-36.5061,1.8386,-1.2887
207.666,9,-36.4959,1.8365,-1.2896
207.676,9,-36.4859,1.8342,-1.2908
207.688,9,-36.4756,1.8319,-1.2921
207.699,9,-36.4655,1.8298,-1.2934
207.710,9,-36.4553,1.8280,-1.2949
207.721,9,-36.4451,1.8267,-1.2965
207.732,9,-36.4348,1.8256,-1.2981
207.743,9,-36.4246,1.8250,-1.2999
207.754,9,-36.4143,1.8244,-1.3017
207.765,9,-36.4038,1.8237,-1.3036
207.777,9,-36.3935,1.8230,-1.3056
207.787,9,-36.3832,1.8224,-1.3076
207.798,9,-36.3731,1.8227,-1.3096
207.809,9,-36.3628,1.8235,-1.3117
207.821,9,-36.3528,1.8250,-1.3137
207.832,9,-36.3430,1.8266,-1.3159
207.843,9,-36.3328,1.8282,-1.3181
207.854,9,-36.3228,1.8302,-1.3202
207.865,9,-36.3130,1.8322,-1.3222
207.876,9,-36.3032,1.8345,-1.3242
207.887,9,-36.2934,1.8365,-1.3261
207.899,9,-36.2839,1.8382,-1.3278
207.910,9,-36.2746,1.8393,-1.3294
207.921,9,-36.2651,1.8398,-1.3307
207.931,9,-36.2560,1.8404,-1.3320
207.943,9,-36.2466,1.8412,-1.3330
207.954,9,-36.2372,1.8426,-1.3339
207.965,9,-36.2280,1.8442,-1.3346
207.976,9,-36.2190,1.8458,-1.3352
207.987,9,-36.2098,1.8473,-1.3357
207.998,9,-36.2005,1.8488,-1.3363
208.010,9,-36.1913,1.8503,-1.3366
208.021,9,-36.1824,1.8519,-1.3366
208.032,9,-36.1733,1.8533,-1.3368
208.043,9,-36.1644,1.8546,-1.3367
208.054,9,-36.1558,1.8557,-1.3368
208.065,9,-36.1472,1.8568,-1.3367
208.076,9,-36.1388,1.8576,-1.3365
208.087,9,-36.1300,1.8583,-1.3364
208.098,9,-36.1215,1.8588,-1.3361
208.109,9,-36.1130,1.8591,-1.3359
208.121,9,-36.1044,1.8589,-1.3356
208.131,9,-36.0960,1.8589,-1.3353
208.143,9,-36.0873,1.8587,-1.3349
208.154,9,-36.0788,1.8585,-1.3345
208.165,9,-36.0703,1.8581,-1.3340
208.176,9,-36.0619,1.8575,-1.3333
208.187,9,-36.0534,1.8567,-1.3326
208.198,9,-36.0449,1.8556,-1.3318
208.210,9,-36.0365,1.8543,-1.3310
208.221,9,-36.0281,1.8530,-1.3301
208.232,9,-36.0197,1.8515,-1.3291
208.243,9,-36.0114,1.8501,-1.3280
208.254,9,-36.0031,1.8486,-1.3269
208.265,9,-35.9948,1.8470,-1.3257
208.276,9,-35.9865,1.8455,-1.3244
208.287,9,-35.9782,1.8444,-1.3230
208.298,9,-35.9699,1.8437,-1.3215
208.309,9,-35.9616,1.8430,-1.3199
208.321,9,-35.9533,1.8424,-1.3183
208.332,9,-35.9448,1.8417,-1.3165
208.343,9,-35.9364,1.8409,-1.3146
208.354,9,-35.9280,1.8403,-1.3126
208.365,9,-35.9196,1.8398,-1.3106
208.376,9,-35.9112,1.8395,-1.3084
208.387,9,-35.9029,1.8392,-1.3064
208.398,9,-35.8946,1.8392,-1.3043
208.409,9,-35.8863,1.8395,-1.3023
208.421,9,-35.8780,1.8401,-1.3003
208.431,9,-35.8698,1.8405,-1.2984
208.442,9,-35.8615,1.8410,-1.2965
208.453,9,-35.8534,1.8418,-1.2947
208.465,9,-35.8453,1.8430,-1.2929
208.476,9,-35.8373,1.8447,-1.2911
208.487,9,-35.8295,1.8461,-1.2893
208.498,9,-35.8217,1.8474,-1.2877
208.509,9,-35.8139,1.8479,-1.2862
208.520,9,-35.8064,1.8483,-1.2849
208.531,9,-35.7990,1.8489,-1.2839
208.542,9,-35.7915,1.8499,-1.2828
208.554,9,-35.7841,1.8514,-1.2819
208.565,9,-35.7768,1.8530,-1.2811
208.576,9,-35.7695,1.8544,-1.2804
208.587,9,-35.7625,1.8556,-1.2798
208.598,9,-35.7555,1.8568,-1.2794
208.609,9,-35.7486,1.8581,-1.2789
208.620,9,-35.7418,1.8595,-1.2785
208.632,9,-35.7351,1.8607,-1.2783
208.643,9,-35.7286,1.8617,-1.2780
208.653,9,-35.7221,1.8625,-1.2779
208.664,9,-35.7156,1.8632,-1.2778
208.675,9,-35.7092,1.8638,-1.2777
208.686,9,-35.7028,1.8643,-1.2778
208.697,9,-35.6964,1.8647,-1.2778
208.708,9,-35.6900,1.8651,-1.2779
208.719,9,-35.6836,1.8654,-1.2781
208.730,9,-35.6774,1.8658,-1.2784
208.742,9,-35.6711,1.8661,-1.2788
208.753,9,-35.6650,1.8660,-1.2792
208.764,9,-35.6588,1.8659,-1.2797
208.775,9,-35.6528,1.8657,-1.2802
208.786,9,-35.6470,1.8653,-1.2808
208.797,9,-35.6411,1.8648,-1.2815
208.808,9,-35.6355,1.8641,-1.2825
208.819,9,-35.6298,1.8635,-1.2833
208.830,9,-35.6245,1.8627,-1.2845
208.841,9,-35.6190,1.8620,-1.2856
208.852,9,-35.6135,1.8614,-1.2869
208.863,9,-35.6081,1.8610,-1.2883
208.875,9,-35.6028,1.8607,-1.2899
208.886,9,-35.5975,1.8602,-1.2916
208.897,9,-35.5923,1.8599,-1.2933
208.908,9,-35.5871,1.8596,-1.2953
208.919,9,-35.5818,1.8593,-1.2972
208.930,9,-35.5767,1.8591,-1.2993
208.941,9,-35.5716,1.8589,-1.3014
208.952,9,-35.5665,1.8588,-1.3037
208.964,9,-35.5616,1.8584,-1.3061
208.975,9,-35.5565,1.8584,-1.3087
208.985,9,-35.5515,1.8583,-1.3111
208.997,9,-35.5465,1.8584,-1.3136
209.007,9,-35.5414,1.8586,-1.3162
209.019,9,-35.5362,1.8592,-1.3187
209.030,9,-35.5309,1.8600,-1.3213
209.041,9,-35.5258,1.8611,-1.3240
209.052,9,-35.5207,1.8620,-1.3265
209.064,9,-35.5156,1.8627,-1.3291
209.075,9,-35.5106,1.8633,-1.3315
209.086,9,-35.5057,1.8640,-1.3340
209.098,9,-35.5008,1.8645,-1.3364
209.109,9,-35.4962,1.8652,-1.3387
209.120,9,-35.4915,1.8656,-1.3410
209.131,9,-35.4869,1.8660,-1.3433
209.142,9,-35.4823,1.8660,-1.3455
209.153,9,-35.4777,1.8661,-1.3477
209.164,9,-35.4734,1.8654,-1.3494
209.175,9,-35.4689,1.8650,-1.3513
209.187,9,-35.4645,1.8643,-1.3529
209.198,9,-35.4602,1.8639,-1.3545
209.209,9,-35.4561,1.8635,-1.3561
209.220,9,-35.4521,1.8632,-1.3576
209.231,9,-35.4482,1.8631,-1.3588
209.243,9,-35.4445,1.8629,-1.3601
209.253,9,-35.4410,1.8628,-1.3612
209.264,9,-35.4376,1.8626,-1.3623
209.275,9,-35.4343,1.8628,-1.3632
209.286,9,-35.4312,1.8629,-1.3642
209.297,9,-35.4283,1.8635,-1.3650
209.308,9,-35.4253,1.8640,-1.3657
209.320,9,-35.4225,1.8646,-1.3664
209.330,9,-35.4198,1.8651,-1.3670
209.341,9,-35.4173,1.8656,-1.3676
209.353,9,-35.4148,1.8661,-1.3681
209.364,9,-35.4124,1.8664,-1.3684
209.375,9,-35.4102,1.8667,-1.3687
209.386,9,-35.4079,1.8670,-1.3692
209.397,9,-35.4059,1.8672,-1.3694
209.408,9,-35.4038,1.8673,-1.3693
209.419,9,-35.4020,1.8673,-1.3691
209.430,9,-35.4002,1.8672,-1.3689
209.442,9,-35.3984,1.8672,-1.3687
209.453,9,-35.3968,1.8672,-1.3683
209.464,9,-35.3953,1.8671,-1.3681
209.475,9,-35.3939,1.8668,-1.3675
209.486,9,-35.3926,1.8664,-1.3669
209.497,9,-35.3914,1.8660,-1.3663
209.508,9,-35.3905,1.8655,-1.3656
209.520,9,-35.3896,1.8652,-1.3647
209.531,9,-35.3889,1.8647,-1.3638
209.541,9,-35.3883,1.8643,-1.3627
209.553,9,-35.3879,1.8640,-1.3615
209.564,9,-35.3875,1.8636,-1.3605
209.574,9,-35.3871,1.8634,-1.3592
209.586,9,-35.3869,1.8633,-1.3579
209.597,9,-35.3865,1.8633,-1.3565
209.608,9,-35.3862,1.8637,-1.3551
209.619,9,-35.3858,1.8642,-1.3536
209.631,9,-35.3855,1.8646,-1.3520
209.641,9,-35.3851,1.8648,-1.3506
209.652,9,-35.3848,1.8650,-1.3492
209.663,9,-35.3844,1.8651,-1.3478
209.674,9,-35.3840,1.8651,-1.3466
209.686,9,-35.3837,1.8651,-1.3454
209.697,9,-35.3833,1.8650,-1.3441
209.708,9,-35.3829,1.8649,-1.3429
209.719,9,-35.3825,1.8648,-1.3415
209.730,9,-35.3819,1.8647,-1.3403
209.742,9,-35.3813,1.8646,-1.3391
209.753,9,-35.3807,1.8645,-1.3379
209.764,9,-35.3799,1.8644,-1.3368
209.775,9,-35.3792,1.8643,-1.3358
209.786,9,-35.3785,1.8643,-1.3348
209.797,9,-35.3777,1.8644,-1.3337
209.808,9,-35.3769,1.8644,-1.3327
209.820,9,-35.3760,1.8646,-1.3318
209.831,9,-35.3752,1.8647,-1.3309
209.841,9,-35.3743,1.8648,-1.3301
209.852,9,-35.3735,1.8649,-1.3293
209.864,9,-35.3727,1.8650,-1.3286
209.875,9,-35.3719,1.8652,-1.3279
209.886,9,-35.3710,1.8654,-1.3274
209.897,9,-35.3702,1.8655,-1.3269
209.908,9,-35.3693,1.8657,-1.3265
209.919,9,-35.3685,1.8658,-1.3261
209.930,9,-35.3677,1.8659,-1.3257
209.941,9,-35.3669,1.8660,-1.3253
209.952,9,-35.3662,1.8660,-1.3250
209.963,9,-35.3655,1.8661,-1.3246
209.975,9,-35.3648,1.8662,-1.3243
209.986,9,-35.3642,1.8663,-1.3241
209.997,9,-35.3637,1.8665,-1.3237
210.008,9,-35.3632,1.8667,-1.3236
210.020,9,-35.3627,1.8668,-1.3234
210.031,9,-35.3622,1.8670,-1.3231
210.042,9,-35.3618,1.8672,-1.3228
210.053,9,-35.3613,1.8674,-1.3226
210.064,9,-35.3609,1.8676,-1.3224
210.075,9,-35.3605,1.8678,-1.3220
210.086,9,-35.3601,1.8681,-1.3218
210.097,9,-35.3598,1.8683,-1.3216
210.108,9,-35.3594,1.8684,-1.3213
210.119,9,-35.3591,1.8686,-1.3212
210.130,9,-35.3589,1.8687,-1.3210
210.142,9,-35.3586,1.8689,-1.3209
210.152,9,-35.3583,1.8691,-1.3207

# --- Trial 10 start ---
218.061,10,-39.4503,1.7990,-1.2502
218.077,10,-39.4506,1.7991,-1.2505
218.089,10,-39.4509,1.7992,-1.2508
218.100,10,-39.4513,1.7993,-1.2515
218.111,10,-39.4515,1.7994,-1.2517
218.123,10,-39.4517,1.7994,-1.2518
218.134,10,-39.4518,1.7995,-1.2519
218.145,10,-39.4520,1.7995,-1.2520
218.167,10,-39.4523,1.7996,-1.2521
218.179,10,-39.4523,1.7997,-1.2520
218.200,10,-39.4523,1.7998,-1.2518
218.210,10,-39.4524,1.7999,-1.2517
218.222,10,-39.4524,1.7999,-1.2515
218.233,10,-39.4524,1.7999,-1.2513
218.245,10,-39.4525,1.7999,-1.2511
218.256,10,-39.4525,1.7999,-1.2509
218.267,10,-39.4526,1.8000,-1.2504
218.278,10,-39.4525,1.8001,-1.2501
218.290,10,-39.4523,1.8003,-1.2496
218.300,10,-39.4521,1.8005,-1.2491
218.311,10,-39.4520,1.8008,-1.2486
218.322,10,-39.4518,1.8011,-1.2480
218.333,10,-39.4516,1.8014,-1.2474
218.344,10,-39.4514,1.8016,-1.2466
218.355,10,-39.4512,1.8018,-1.2458
218.366,10,-39.4509,1.8020,-1.2450
218.377,10,-39.4504,1.8022,-1.2442
218.389,10,-39.4499,1.8024,-1.2431
218.400,10,-39.4495,1.8025,-1.2421
218.410,10,-39.4489,1.8026,-1.2409
218.421,10,-39.4483,1.8028,-1.2397
218.432,10,-39.4477,1.8029,-1.2384
218.444,10,-39.4471,1.8030,-1.2370
218.454,10,-39.4464,1.8030,-1.2355
218.466,10,-39.4456,1.8029,-1.2340
218.477,10,-39.4447,1.8028,-1.2325
218.488,10,-39.4439,1.8026,-1.2309
218.499,10,-39.4431,1.8025,-1.2293
218.510,10,-39.4424,1.8022,-1.2277
218.522,10,-39.4416,1.8020,-1.2261
218.533,10,-39.4408,1.8018,-1.2245
218.545,10,-39.4399,1.8016,-1.2229
218.556,10,-39.4391,1.8014,-1.2214
218.568,10,-39.4384,1.8013,-1.2199
218.579,10,-39.4378,1.8013,-1.2185
218.591,10,-39.4372,1.8012,-1.2171
218.602,10,-39.4367,1.8007,-1.2158
218.614,10,-39.4361,1.8002,-1.2145
218.625,10,-39.4355,1.7994,-1.2134
218.636,10,-39.4351,1.7987,-1.2123
218.648,10,-39.4347,1.7982,-1.2114
218.659,10,-39.4345,1.7977,-1.2107
218.669,10,-39.4342,1.7976,-1.2100
218.681,10,-39.4340,1.7979,-1.2095
218.692,10,-39.4338,1.7981,-1.2090
218.703,10,-39.4334,1.7984,-1.2088
218.714,10,-39.4331,1.7988,-1.2086
218.725,10,-39.4328,1.7991,-1.2085
218.737,10,-39.4327,1.7992,-1.2085
218.748,10,-39.4326,1.7993,-1.2086
218.758,10,-39.4331,1.7993,-1.2087
218.769,10,-39.4331,1.7992,-1.2089
218.780,10,-39.4331,1.7991,-1.2092
218.791,10,-39.4331,1.7989,-1.2096
218.803,10,-39.4328,1.7986,-1.2101
218.814,10,-39.4326,1.7982,-1.2107
218.825,10,-39.4321,1.7976,-1.2114
218.836,10,-39.4318,1.7968,-1.2123
218.847,10,-39.4315,1.7962,-1.2133
218.858,10,-39.4311,1.7955,-1.2144
218.870,10,-39.4307,1.7948,-1.2156
218.881,10,-39.4302,1.7939,-1.2169
218.892,10,-39.4298,1.7930,-1.2184
218.903,10,-39.4294,1.7920,-1.2201
218.914,10,-39.4291,1.7908,-1.2217
218.925,10,-39.4289,1.7894,-1.2235
218.937,10,-39.4289,1.7875,-1.2253
218.948,10,-39.4289,1.7859,-1.2273
218.959,10,-39.4279,1.7875,-1.2299
218.970,10,-39.4265,1.7909,-1.2314
218.981,10,-39.4262,1.7954,-1.2331
218.992,10,-39.4252,1.7981,-1.2354
219.004,10,-39.4244,1.7997,-1.2377
219.015,10,-39.4232,1.8002,-1.2400
219.025,10,-39.4225,1.7997,-1.2425
219.037,10,-39.4220,1.7984,-1.2452
219.048,10,-39.4214,1.7975,-1.2481
219.059,10,-39.4212,1.7970,-1.2508
219.070,10,-39.4208,1.7970,-1.2536
219.081,10,-39.4202,1.7975,-1.2561
219.092,10,-39.4194,1.7980,-1.2585
219.103,10,-39.4188,1.7980,-1.2610
219.115,10,-39.4177,1.7978,-1.2635
219.126,10,-39.4164,1.7971,-1.2662
219.137,10,-39.4152,1.7965,-1.2688
219.148,10,-39.4139,1.7964,-1.2716
219.159,10,-39.4126,1.7967,-1.2743
219.171,10,-39.4116,1.7972,-1.2768
219.182,10,-39.4104,1.7976,-1.2793
219.193,10,-39.4091,1.7977,-1.2820
219.204,10,-39.4079,1.7973,-1.2845
219.215,10,-39.4066,1.7969,-1.2870
219.227,10,-39.4053,1.7965,-1.2896
219.238,10,-39.4041,1.7963,-1.2920
219.249,10,-39.4028,1.7961,-1.2942
219.260,10,-39.4014,1.7957,-1.2963
219.271,10,-39.3998,1.7952,-1.2985
219.282,10,-39.3980,1.7949,-1.3005
219.293,10,-39.3959,1.7949,-1.3026
219.304,10,-39.3938,1.7951,-1.3046
219.315,10,-39.3915,1.7954,-1.3064
219.326,10,-39.3892,1.7953,-1.3082
219.337,10,-39.3869,1.7948,-1.3098
219.348,10,-39.3844,1.7943,-1.3115
219.359,10,-39.3818,1.7936,-1.3129
219.371,10,-39.3790,1.7933,-1.3144
219.382,10,-39.3760,1.7932,-1.3159
219.393,10,-39.3730,1.7931,-1.3171
219.404,10,-39.3696,1.7934,-1.3185
219.415,10,-39.3662,1.7935,-1.3196
219.426,10,-39.3626,1.7935,-1.3207
219.438,10,-39.3589,1.7932,-1.3214
219.449,10,-39.3550,1.7930,-1.3223
219.460,10,-39.3509,1.7928,-1.3231
219.471,10,-39.3468,1.7927,-1.3238
219.482,10,-39.3424,1.7929,-1.3247
219.493,10,-39.3379,1.7928,-1.3252
219.504,10,-39.3333,1.7927,-1.3256
219.515,10,-39.3285,1.7922,-1.3257
219.526,10,-39.3235,1.7917,-1.3259
219.538,10,-39.3183,1.7911,-1.3262
219.549,10,-39.3130,1.7905,-1.3263
219.560,10,-39.3075,1.7898,-1.3263
219.571,10,-39.3019,1.7892,-1.3261
219.582,10,-39.2962,1.7883,-1.3258
219.593,10,-39.2905,1.7871,-1.3253
219.604,10,-39.2845,1.7859,-1.3248
219.615,10,-39.2783,1.7849,-1.3242
219.626,10,-39.2719,1.7841,-1.3238
219.637,10,-39.2652,1.7832,-1.3230
219.648,10,-39.2586,1.7823,-1.3220
219.659,10,-39.2517,1.7813,-1.3209
219.670,10,-39.2448,1.7804,-1.3198
219.682,10,-39.2376,1.7793,-1.3184
219.693,10,-39.2303,1.7782,-1.3169
219.704,10,-39.2228,1.7772,-1.3153
219.715,10,-39.2148,1.7762,-1.3136
219.726,10,-39.2069,1.7752,-1.3116
219.737,10,-39.1991,1.7742,-1.3094
219.748,10,-39.1910,1.7730,-1.3069
219.759,10,-39.1827,1.7720,-1.3046
219.770,10,-39.1743,1.7711,-1.3022
219.782,10,-39.1660,1.7700,-1.2997
219.793,10,-39.1573,1.7689,-1.2971
219.804,10,-39.1487,1.7677,-1.2943
219.815,10,-39.1400,1.7669,-1.2913
219.826,10,-39.1311,1.7670,-1.2884
219.837,10,-39.1225,1.7675,-1.2853
219.848,10,-39.1138,1.7684,-1.2824
219.859,10,-39.1050,1.7695,-1.2793
219.871,10,-39.0961,1.7709,-1.2764
219.881,10,-39.0873,1.7725,-1.2734
219.892,10,-39.0787,1.7742,-1.2704
219.903,10,-39.0700,1.7763,-1.2675
219.914,10,-39.0616,1.7784,-1.2645
219.925,10,-39.0532,1.7808,-1.2618
219.936,10,-39.0448,1.7833,-1.2592
219.947,10,-39.0364,1.7860,-1.2568
219.959,10,-39.0279,1.7882,-1.2544
219.969,10,-39.0197,1.7901,-1.2520
219.980,10,-39.0111,1.7916,-1.2497
219.992,10,-39.0025,1.7925,-1.2476
220.003,10,-38.9940,1.7937,-1.2457
220.014,10,-38.9855,1.7949,-1.2442
220.025,10,-38.9773,1.7964,-1.2424
220.036,10,-38.9688,1.7979,-1.2410
220.048,10,-38.9602,1.7993,-1.2397
220.059,10,-38.9517,1.8005,-1.2384
220.070,10,-38.9433,1.8015,-1.2372
220.081,10,-38.9347,1.8023,-1.2363
220.092,10,-38.9260,1.8034,-1.2356
220.104,10,-38.9175,1.8043,-1.2348
220.115,10,-38.9089,1.8054,-1.2344
220.126,10,-38.9005,1.8061,-1.2337
220.137,10,-38.8918,1.8068,-1.2332
220.148,10,-38.8834,1.8073,-1.2326
220.159,10,-38.8746,1.8076,-1.2321
220.170,10,-38.8660,1.8081,-1.2316
220.182,10,-38.8572,1.8082,-1.2313
220.192,10,-38.8486,1.8085,-1.2311
220.203,10,-38.8397,1.8082,-1.2309
220.214,10,-38.8308,1.8078,-1.2308
220.225,10,-38.8216,1.8074,-1.2306
220.237,10,-38.8124,1.8067,-1.2305
220.248,10,-38.8031,1.8060,-1.2305
220.259,10,-38.7937,1.8052,-1.2305
220.270,10,-38.7842,1.8040,-1.2307
220.281,10,-38.7745,1.8026,-1.2311
220.293,10,-38.7649,1.8010,-1.2314
220.304,10,-38.7553,1.7993,-1.2318
220.315,10,-38.7456,1.7974,-1.2323
220.326,10,-38.7359,1.7955,-1.2330
220.337,10,-38.7259,1.7934,-1.2337
220.348,10,-38.7160,1.7911,-1.2347
220.359,10,-38.7059,1.7890,-1.2357
220.370,10,-38.6957,1.7868,-1.2369
220.381,10,-38.6856,1.7846,-1.2381
220.392,10,-38.6754,1.7824,-1.2395
220.403,10,-38.6651,1.7803,-1.2410
220.415,10,-38.6546,1.7786,-1.2427
220.426,10,-38.6443,1.7771,-1.2445
220.437,10,-38.6337,1.7759,-1.2465
220.448,10,-38.6232,1.7752,-1.2486
220.459,10,-38.6129,1.7744,-1.2506
220.470,10,-38.6025,1.7740,-1.2529
220.481,10,-38.5921,1.7736,-1.2552
220.492,10,-38.5816,1.7740,-1.2579
220.503,10,-38.5711,1.7749,-1.2604
220.514,10,-38.5605,1.7769,-1.2630
220.525,10,-38.5501,1.7791,-1.2655
220.536,10,-38.5397,1.7812,-1.2681
220.547,10,-38.5292,1.7837,-1.2707
220.558,10,-38.5188,1.7861,-1.2730
220.570,10,-38.5086,1.7885,-1.2753
220.581,10,-38.4981,1.7906,-1.2776
220.592,10,-38.4879,1.7922,-1.2795
220.603,10,-38.4776,1.7936,-1.2815
220.614,10,-38.4678,1.7942,-1.2831
220.625,10,-38.4577,1.7948,-1.2845
220.636,10,-38.4479,1.7956,-1.2856
220.648,10,-38.4378,1.7970,-1.2867
220.659,10,-38.4277,1.7988,-1.2877
220.670,10,-38.4176,1.8007,-1.2885
220.681,10,-38.4074,1.8026,-1.2891
220.692,10,-38.3975,1.8042,-1.2898
220.703,10,-38.3874,1.8059,-1.2903
220.715,10,-38.3776,1.8075,-1.2907
220.725,10,-38.3676,1.8092,-1.2912
220.737,10,-38.3576,1.8109,-1.2917
220.748,10,-38.3478,1.8125,-1.2921
220.760,10,-38.3377,1.8139,-1.2924
220.772,10,-38.3276,1.8148,-1.2924
220.782,10,-38.3176,1.8157,-1.2925
220.791,10,-38.3075,1.8164,-1.2926
220.802,10,-38.2973,1.8165,-1.2926
220.813,10,-38.2870,1.8166,-1.2927
220.824,10,-38.2770,1.8162,-1.2926
220.835,10,-38.2665,1.8159,-1.2926
220.847,10,-38.2563,1.8153,-1.2925
220.858,10,-38.2460,1.8144,-1.2921
220.869,10,-38.2355,1.8134,-1.2919
220.880,10,-38.2251,1.8119,-1.2915
220.891,10,-38.2144,1.8102,-1.2913
220.902,10,-38.2039,1.8084,-1.2910
220.913,10,-38.1932,1.8065,-1.2906
220.924,10,-38.1824,1.8044,-1.2901
220.935,10,-38.1716,1.8022,-1.2894
220.946,10,-38.1605,1.7999,-1.2888
220.957,10,-38.1496,1.7973,-1.2879
220.968,10,-38.1384,1.7949,-1.2871
220.980,10,-38.1271,1.7927,-1.2862
220.991,10,-38.1158,1.7908,-1.2851
221.002,10,-38.1042,1.7896,-1.2839
221.013,10,-38.0930,1.7884,-1.2824
221.024,10,-38.0815,1.7875,-1.2810
221.035,10,-38.0703,1.7867,-1.2795
221.369,10,-37.8789,1.8153,-1.2434
221.376,10,-37.6791,1.8333,-1.2495
221.383,10,-37.6579,1.8328,-1.2505
221.394,10,-37.6471,1.8318,-1.2512
221.408,10,-37.6363,1.8302,-1.2520
221.419,10,-37.6254,1.8285,-1.2528
221.430,10,-37.6147,1.8267,-1.2537
221.441,10,-37.6039,1.8247,-1.2547
221.452,10,-37.5932,1.8227,-1.2557
221.463,10,-37.5824,1.8205,-1.2568
221.474,10,-37.5714,1.8179,-1.2581
221.485,10,-37.5605,1.8153,-1.2595
221.496,10,-37.5492,1.8127,-1.2611
221.507,10,-37.5383,1.8104,-1.2628
221.518,10,-37.5271,1.8081,-1.2645
221.529,10,-37.5159,1.8058,-1.2662
221.540,10,-37.5044,1.8037,-1.2682
221.551,10,-37.4929,1.8018,-1.2704
221.562,10,-37.4814,1.8005,-1.2725
221.574,10,-37.4699,1.7999,-1.2749
221.585,10,-37.4588,1.7992,-1.2773
221.596,10,-37.4475,1.7985,-1.2799
221.607,10,-37.4361,1.7979,-1.2827
221.618,10,-37.4247,1.7975,-1.2854
221.630,10,-37.4135,1.7985,-1.2884
221.641,10,-37.4025,1.8003,-1.2911
221.653,10,-37.3916,1.8029,-1.2938
221.663,10,-37.3807,1.8052,-1.2965
221.674,10,-37.3697,1.8079,-1.2992
221.685,10,-37.3588,1.8104,-1.3017
221.696,10,-37.3480,1.8126,-1.3042
221.708,10,-37.3373,1.8144,-1.3067
221.718,10,-37.3267,1.8158,-1.3089
221.730,10,-37.3163,1.8164,-1.3108
221.741,10,-37.3063,1.8166,-1.3123
221.751,10,-37.2962,1.8170,-1.3137
221.762,10,-37.2861,1.8179,-1.3149
221.774,10,-37.2760,1.8196,-1.3158
221.785,10,-37.2660,1.8218,-1.3166
221.796,10,-37.2559,1.8237,-1.3172
221.808,10,-37.2458,1.8256,-1.3178
221.818,10,-37.2357,1.8272,-1.3183
221.830,10,-37.2258,1.8288,-1.3187
221.841,10,-37.2158,1.8305,-1.3190
221.852,10,-37.2058,1.8323,-1.3193
221.863,10,-37.1959,1.8338,-1.3197
221.874,10,-37.1860,1.8351,-1.3200
221.885,10,-37.1761,1.8363,-1.3203
221.896,10,-37.1662,1.8370,-1.3205
221.908,10,-37.1562,1.8376,-1.3206
221.919,10,-37.1459,1.8377,-1.3207
221.930,10,-37.1358,1.8378,-1.3207
221.941,10,-37.1257,1.8374,-1.3206
221.952,10,-37.1156,1.8370,-1.3205
221.964,10,-37.1053,1.8365,-1.3203
221.975,10,-37.0949,1.8356,-1.3200
221.985,10,-37.0847,1.8345,-1.3196
221.997,10,-37.0742,1.8332,-1.3193
222.008,10,-37.0638,1.8314,-1.3188
222.019,10,-37.0534,1.8296,-1.3183
222.031,10,-37.0429,1.8275,-1.3176
222.041,10,-37.0325,1.8253,-1.3169
222.053,10,-37.0220,1.8229,-1.3159
222.064,10,-37.0117,1.8204,-1.3148
222.075,10,-37.0012,1.8178,-1.3136
222.087,10,-36.9907,1.8151,-1.3121
222.098,10,-36.9802,1.8123,-1.3105
222.109,10,-36.9697,1.8099,-1.3090
222.120,10,-36.9590,1.8077,-1.3073
222.132,10,-36.9484,1.8060,-1.3055
222.143,10,-36.9378,1.8044,-1.3036
222.154,10,-36.9271,1.8030,-1.3016
222.165,10,-36.9165,1.8019,-1.2995
222.176,10,-36.9056,1.8009,-1.2972
222.187,10,-36.8950,1.8002,-1.2948
222.198,10,-36.8845,1.7994,-1.2924
222.209,10,-36.8740,1.7992,-1.2900
222.220,10,-36.8634,1.7993,-1.2875
222.231,10,-36.8528,1.8005,-1.2850
222.243,10,-36.8423,1.8023,-1.2825
222.253,10,-36.8318,1.8040,-1.2801
222.264,10,-36.8212,1.8062,-1.2776
222.276,10,-36.8106,1.8083,-1.2753
222.287,10,-36.8003,1.8107,-1.2731
222.298,10,-36.7901,1.8130,-1.2711
222.309,10,-36.7803,1.8150,-1.2692
222.320,10,-36.7707,1.8164,-1.2675
222.331,10,-36.7613,1.8173,-1.2659
222.342,10,-36.7521,1.8179,-1.2649
222.353,10,-36.7427,1.8188,-1.2638
222.364,10,-36.7335,1.8204,-1.2630
222.375,10,-36.7240,1.8222,-1.2621
222.386,10,-36.7145,1.8244,-1.2615
222.398,10,-36.7050,1.8264,-1.2610
222.408,10,-36.6955,1.8283,-1.2606
222.419,10,-36.6862,1.8300,-1.2603
222.431,10,-36.6770,1.8318,-1.2603
222.442,10,-36.6677,1.8335,-1.2602
222.453,10,-36.6585,1.8350,-1.2602
222.464,10,-36.6494,1.8365,-1.2603
222.475,10,-36.6403,1.8379,-1.2603
222.487,10,-36.6313,1.8392,-1.2604
222.498,10,-36.6224,1.8404,-1.2605
222.509,10,-36.6134,1.8412,-1.2606
222.521,10,-36.6044,1.8419,-1.2609
222.532,10,-36.5954,1.8422,-1.2612
222.544,10,-36.5866,1.8422,-1.2617
222.555,10,-36.5776,1.8424,-1.2619
222.566,10,-36.5688,1.8425,-1.2623
222.577,10,-36.5596,1.8426,-1.2626
222.588,10,-36.5505,1.8424,-1.2630
222.599,10,-36.5414,1.8421,-1.2634
222.610,10,-36.5324,1.8416,-1.2638
222.622,10,-36.5234,1.8407,-1.2642
222.632,10,-36.5143,1.8399,-1.2647
222.644,10,-36.5052,1.8386,-1.2655
222.655,10,-36.4961,1.8372,-1.2663
222.666,10,-36.4870,1.8358,-1.2672
222.677,10,-36.4778,1.8342,-1.2682
222.689,10,-36.4685,1.8326,-1.2693
222.700,10,-36.4593,1.8312,-1.2704
222.711,10,-36.4500,1.8300,-1.2716
222.723,10,-36.4407,1.8286,-1.2729
222.734,10,-36.4314,1.8272,-1.2743
222.744,10,-36.4220,1.8256,-1.2757
222.755,10,-36.4127,1.8240,-1.2774
222.767,10,-36.4034,1.8228,-1.2791
222.778,10,-36.3940,1.8218,-1.2811
222.789,10,-36.3846,1.8211,-1.2830
222.800,10,-36.3753,1.8204,-1.2850
222.811,10,-36.3659,1.8198,-1.2870
222.823,10,-36.3566,1.8193,-1.2892
222.834,10,-36.3474,1.8186,-1.2915
222.845,10,-36.3382,1.8181,-1.2938
222.856,10,-36.3291,1.8179,-1.2962
222.867,10,-36.3200,1.8186,-1.2987
222.878,10,-36.3111,1.8197,-1.3010
222.889,10,-36.3022,1.8210,-1.3033
222.900,10,-36.2933,1.8226,-1.3058
222.911,10,-36.2844,1.8243,-1.3082
222.922,10,-36.2755,1.8266,-1.3106
222.934,10,-36.2667,1.8289,-1.3129
222.944,10,-36.2581,1.8314,-1.3150
222.956,10,-36.2496,1.8336,-1.3169
222.967,10,-36.2411,1.8353,-1.3188
222.978,10,-36.2329,1.8363,-1.3206
222.989,10,-36.2247,1.8372,-1.3222
223.000,10,-36.2165,1.8380,-1.3234
223.011,10,-36.2084,1.8393,-1.3246
223.023,10,-36.2001,1.8411,-1.3255
223.033,10,-36.1920,1.8430,-1.3263
223.045,10,-36.1837,1.8448,-1.3270
223.056,10,-36.1755,1.8465,-1.3274
223.067,10,-36.1673,1.8482,-1.3280
223.078,10,-36.1592,1.8499,-1.3283
223.090,10,-36.1512,1.8514,-1.3285
223.100,10,-36.1431,1.8528,-1.3287
223.111,10,-36.1355,1.8542,-1.3287
223.122,10,-36.1276,1.8554,-1.3287
223.134,10,-36.1199,1.8564,-1.3287
223.145,10,-36.1123,1.8573,-1.3285
223.156,10,-36.1046,1.8581,-1.3284
223.167,10,-36.0972,1.8584,-1.3283
223.178,10,-36.0897,1.8585,-1.3282
223.189,10,-36.0824,1.8588,-1.3281
223.200,10,-36.0749,1.8590,-1.3278
223.211,10,-36.0675,1.8593,-1.3274
223.223,10,-36.0602,1.8596,-1.3270
223.234,10,-36.0526,1.8596,-1.3265
223.245,10,-36.0452,1.8596,-1.3260
223.256,10,-36.0377,1.8592,-1.3255
223.267,10,-36.0304,1.8586,-1.3250
223.278,10,-36.0230,1.8579,-1.3243
223.289,10,-36.0156,1.8571,-1.3234
223.300,10,-36.0083,1.8561,-1.3226
223.311,10,-36.0009,1.8549,-1.3216
223.322,10,-35.9937,1.8536,-1.3206
223.333,10,-35.9864,1.8522,-1.3195
223.344,10,-35.9792,1.8508,-1.3184
223.355,10,-35.9720,1.8497,-1.3171
223.366,10,-35.9648,1.8488,-1.3157
223.377,10,-35.9575,1.8481,-1.3143
223.388,10,-35.9503,1.8477,-1.3127
223.399,10,-35.9431,1.8471,-1.3110
223.411,10,-35.9359,1.8467,-1.3091
223.421,10,-35.9287,1.8463,-1.3072
223.433,10,-35.9215,1.8458,-1.3052
223.444,10,-35.9143,1.8454,-1.3030
223.455,10,-35.9072,1.8449,-1.3007
223.466,10,-35.9001,1.8443,-1.2985
223.477,10,-35.8929,1.8439,-1.2962
223.488,10,-35.8857,1.8441,-1.2938
223.499,10,-35.8785,1.8446,-1.2914
223.511,10,-35.8715,1.8452,-1.2890
223.522,10,-35.8644,1.8456,-1.2867
223.533,10,-35.8572,1.8463,-1.2844
223.544,10,-35.8501,1.8474,-1.2821
223.555,10,-35.8429,1.8494,-1.2798
223.566,10,-35.8359,1.8519,-1.2775
223.578,10,-35.8290,1.8538,-1.2752
223.588,10,-35.8220,1.8550,-1.2730
223.600,10,-35.8151,1.8558,-1.2710
223.611,10,-35.8083,1.8560,-1.2692
223.622,10,-35.8016,1.8563,-1.2673
223.633,10,-35.7950,1.8563,-1.2658
223.644,10,-35.7884,1.8567,-1.2644
223.655,10,-35.7817,1.8573,-1.2630
223.666,10,-35.7752,1.8581,-1.2617
223.677,10,-35.7686,1.8590,-1.2605
223.688,10,-35.7620,1.8600,-1.2595
223.700,10,-35.7553,1.8607,-1.2586
223.711,10,-35.7486,1.8615,-1.2578
223.722,10,-35.7420,1.8620,-1.2572
223.733,10,-35.7356,1.8627,-1.2566
223.744,10,-35.7293,1.8635,-1.2561
223.755,10,-35.7231,1.8646,-1.2558
223.767,10,-35.7168,1.8655,-1.2554
223.778,10,-35.7106,1.8661,-1.2552
223.789,10,-35.7044,1.8667,-1.2551
223.800,10,-35.6983,1.8671,-1.2552
223.811,10,-35.6923,1.8674,-1.2553
223.823,10,-35.6865,1.8677,-1.2553
223.834,10,-35.6806,1.8680,-1.2557
223.845,10,-35.6746,1.8683,-1.2559
223.856,10,-35.6687,1.8684,-1.2563
223.867,10,-35.6628,1.8686,-1.2568
223.878,10,-35.6571,1.8687,-1.2573
223.888,10,-35.6513,1.8686,-1.2580
223.899,10,-35.6456,1.8686,-1.2585
223.911,10,-35.6400,1.8683,-1.2593
223.922,10,-35.6344,1.8681,-1.2605
223.933,10,-35.6288,1.8677,-1.2616
223.944,10,-35.6232,1.8672,-1.2626
223.955,10,-35.6177,1.8663,-1.2639
223.966,10,-35.6120,1.8656,-1.2653
223.977,10,-35.6066,1.8650,-1.2668
223.988,10,-35.6012,1.8647,-1.2683
223.999,10,-35.5958,1.8644,-1.2697
224.010,10,-35.5904,1.8641,-1.2714
224.022,10,-35.5851,1.8636,-1.2735
224.033,10,-35.5798,1.8631,-1.2753
224.044,10,-35.5746,1.8625,-1.2774
224.055,10,-35.5695,1.8621,-1.2795
224.066,10,-35.5644,1.8617,-1.2819
224.077,10,-35.5593,1.8613,-1.2842
224.088,10,-35.5542,1.8608,-1.2865
224.099,10,-35.5494,1.8602,-1.2892
224.110,10,-35.5442,1.8599,-1.2917
224.122,10,-35.5389,1.8599,-1.2940
224.133,10,-35.5338,1.8602,-1.2968
224.144,10,-35.5288,1.8607,-1.2995
224.155,10,-35.5237,1.8610,-1.3021
224.167,10,-35.5185,1.8614,-1.3048
224.178,10,-35.5133,1.8623,-1.3074
224.189,10,-35.5083,1.8634,-1.3099
224.200,10,-35.5035,1.8642,-1.3125
224.211,10,-35.4985,1.8649,-1.3151
224.222,10,-35.4937,1.8655,-1.3176
224.234,10,-35.4888,1.8661,-1.3201
224.245,10,-35.4841,1.8670,-1.3226
224.255,10,-35.4793,1.8678,-1.3249
224.266,10,-35.4746,1.8686,-1.3272
224.277,10,-35.4700,1.8693,-1.3293
224.288,10,-35.4652,1.8699,-1.3314
224.299,10,-35.4606,1.8702,-1.3335
224.310,10,-35.4561,1.8705,-1.3357
224.321,10,-35.4515,1.8706,-1.3377
224.333,10,-35.4471,1.8703,-1.3394
224.344,10,-35.4427,1.8700,-1.3411
224.355,10,-35.4383,1.8696,-1.3426
224.366,10,-35.4344,1.8691,-1.3440
224.378,10,-35.4302,1.8688,-1.3453
224.389,10,-35.4263,1.8687,-1.3464
224.400,10,-35.4223,1.8687,-1.3474
224.411,10,-35.4185,1.8688,-1.3482
224.422,10,-35.4148,1.8692,-1.3490
224.433,10,-35.4113,1.8697,-1.3496
224.445,10,-35.4081,1.8699,-1.3503
224.455,10,-35.4049,1.8700,-1.3508
224.467,10,-35.4018,1.8702,-1.3512
224.477,10,-35.3989,1.8704,-1.3515
224.488,10,-35.3960,1.8706,-1.3517
224.499,10,-35.3934,1.8706,-1.3521
224.511,10,-35.3911,1.8706,-1.3524
224.522,10,-35.3888,1.8705,-1.3526
224.533,10,-35.3866,1.8703,-1.3526
224.543,10,-35.3845,1.8704,-1.3528
224.555,10,-35.3825,1.8705,-1.3527
224.565,10,-35.3805,1.8706,-1.3524
224.577,10,-35.3786,1.8705,-1.3523
224.588,10,-35.3767,1.8703,-1.3518
224.599,10,-35.3749,1.8699,-1.3513
224.610,10,-35.3733,1.8696,-1.3507
224.621,10,-35.3718,1.8692,-1.3502
224.633,10,-35.3702,1.8688,-1.3493
224.644,10,-35.3689,1.8684,-1.3487
224.655,10,-35.3677,1.8679,-1.3478
224.666,10,-35.3665,1.8676,-1.3469
224.677,10,-35.3655,1.8674,-1.3459
224.688,10,-35.3645,1.8674,-1.3448
224.699,10,-35.3636,1.8673,-1.3438
224.710,10,-35.3627,1.8671,-1.3427
224.720,10,-35.3618,1.8670,-1.3416
224.732,10,-35.3609,1.8671,-1.3404
224.743,10,-35.3600,1.8676,-1.3391
224.754,10,-35.3592,1.8681,-1.3378
224.766,10,-35.3584,1.8685,-1.3365
224.777,10,-35.3576,1.8688,-1.3354
224.787,10,-35.3569,1.8690,-1.3342
224.799,10,-35.3561,1.8692,-1.3330
224.809,10,-35.3555,1.8693,-1.3319
224.820,10,-35.3549,1.8694,-1.3308
224.831,10,-35.3542,1.8694,-1.3298
224.842,10,-35.3537,1.8694,-1.3286
224.853,10,-35.3531,1.8692,-1.3276
224.865,10,-35.3526,1.8691,-1.3267
224.876,10,-35.3520,1.8691,-1.3257
224.887,10,-35.3515,1.8691,-1.3248
224.898,10,-35.3510,1.8689,-1.3242
224.909,10,-35.3505,1.8688,-1.3234
224.920,10,-35.3501,1.8689,-1.3227
224.931,10,-35.3497,1.8690,-1.3220
224.942,10,-35.3492,1.8691,-1.3213
224.954,10,-35.3487,1.8694,-1.3205
224.965,10,-35.3484,1.8694,-1.3200
224.976,10,-35.3480,1.8695,-1.3194
224.987,10,-35.3475,1.8696,-1.3189
224.998,10,-35.3471,1.8697,-1.3183
225.009,10,-35.3467,1.8698,-1.3178
225.020,10,-35.3461,1.8700,-1.3177
225.031,10,-35.3456,1.8700,-1.3172
225.042,10,-35.3450,1.8700,-1.3168
