timestamp, trial, HMD_x, HMD_y,HMD_z

# --- Trial 1 start ---
727.967,1,-39.3935,1.6708,-1.4081
728.054,1,-39.3933,1.6704,-1.4081
728.087,1,-39.3932,1.6702,-1.4080
728.103,1,-39.3932,1.6702,-1.4079
728.120,1,-39.3932,1.6701,-1.4078
728.134,1,-39.3932,1.6701,-1.4078
728.154,1,-39.3931,1.6701,-1.4077
728.169,1,-39.3931,1.6701,-1.4076
728.184,1,-39.3930,1.6701,-1.4076
728.199,1,-39.3931,1.6701,-1.4075
728.213,1,-39.3931,1.6702,-1.4074
728.228,1,-39.3930,1.6702,-1.4074
728.243,1,-39.3930,1.6702,-1.4074
728.258,1,-39.3929,1.6702,-1.4073
728.273,1,-39.3929,1.6702,-1.4072
728.288,1,-39.3929,1.6702,-1.4071
728.303,1,-39.3928,1.6702,-1.4071
728.317,1,-39.3927,1.6703,-1.4070
728.338,1,-39.3926,1.6703,-1.4070
728.353,1,-39.3925,1.6703,-1.4070
728.368,1,-39.3924,1.6703,-1.4070
728.385,1,-39.3922,1.6704,-1.4069
728.402,1,-39.3921,1.6705,-1.4069
728.416,1,-39.3919,1.6705,-1.4068
728.431,1,-39.3919,1.6706,-1.4068
728.444,1,-39.3919,1.6707,-1.4067
728.459,1,-39.3920,1.6709,-1.4067
728.474,1,-39.3921,1.6710,-1.4067
728.489,1,-39.3924,1.6711,-1.4067
728.504,1,-39.3928,1.6711,-1.4067
728.520,1,-39.3935,1.6711,-1.4066
728.535,1,-39.3944,1.6708,-1.4066
728.550,1,-39.3955,1.6705,-1.4064
728.564,1,-39.3963,1.6704,-1.4063
728.579,1,-39.3969,1.6704,-1.4062
728.594,1,-39.3975,1.6705,-1.4062
728.609,1,-39.3985,1.6708,-1.4060
728.624,1,-39.3989,1.6710,-1.4059
728.639,1,-39.3994,1.6709,-1.4059
728.654,1,-39.4007,1.6704,-1.4061
728.669,1,-39.4014,1.6701,-1.4064
728.685,1,-39.4025,1.6697,-1.4069
728.700,1,-39.4030,1.6696,-1.4073
728.716,1,-39.4036,1.6696,-1.4078
728.731,1,-39.4047,1.6694,-1.4086
728.745,1,-39.4054,1.6694,-1.4089
728.760,1,-39.4059,1.6694,-1.4093
728.775,1,-39.4070,1.6696,-1.4099
728.789,1,-39.4075,1.6699,-1.4102
728.805,1,-39.4080,1.6701,-1.4103
728.820,1,-39.4089,1.6706,-1.4107
728.834,1,-39.4093,1.6708,-1.4108
728.849,1,-39.4097,1.6710,-1.4108
728.867,1,-39.4106,1.6714,-1.4109
728.884,1,-39.4108,1.6717,-1.4107
728.899,1,-39.4113,1.6722,-1.4106
728.914,1,-39.4118,1.6725,-1.4105
728.928,1,-39.4119,1.6726,-1.4103
728.947,1,-39.4120,1.6725,-1.4101
728.962,1,-39.4122,1.6726,-1.4096
728.977,1,-39.4121,1.6724,-1.4092
728.991,1,-39.4120,1.6723,-1.4088
729.005,1,-39.4118,1.6722,-1.4080
729.023,1,-39.4115,1.6720,-1.4073
729.043,1,-39.4111,1.6717,-1.4061
729.057,1,-39.4109,1.6715,-1.4054
729.072,1,-39.4106,1.6712,-1.4040
729.086,1,-39.4104,1.6711,-1.4032
729.102,1,-39.4102,1.6711,-1.4025
729.117,1,-39.4097,1.6712,-1.4010
729.134,1,-39.4094,1.6714,-1.4000
729.150,1,-39.4088,1.6716,-1.3984
729.164,1,-39.4084,1.6717,-1.3975
729.180,1,-39.4082,1.6718,-1.3966
729.195,1,-39.4078,1.6719,-1.3957
729.211,1,-39.4072,1.6720,-1.3938
729.226,1,-39.4065,1.6721,-1.3920
729.241,1,-39.4062,1.6722,-1.3910
729.259,1,-39.4058,1.6722,-1.3899
729.275,1,-39.4050,1.6724,-1.3878
729.290,1,-39.4046,1.6724,-1.3866
729.306,1,-39.4038,1.6726,-1.3846
729.321,1,-39.4035,1.6727,-1.3835
729.340,1,-39.4032,1.6727,-1.3826
729.359,1,-39.4023,1.6729,-1.3796
729.375,1,-39.4021,1.6729,-1.3786
729.391,1,-39.4018,1.6729,-1.3777
729.406,1,-39.4016,1.6729,-1.3768
729.421,1,-39.4011,1.6729,-1.3750
729.436,1,-39.4008,1.6729,-1.3742
729.452,1,-39.4004,1.6730,-1.3725
729.467,1,-39.4002,1.6731,-1.3716
729.483,1,-39.4000,1.6733,-1.3708
729.501,1,-39.3994,1.6733,-1.3692
729.520,1,-39.3989,1.6735,-1.3676
729.536,1,-39.3986,1.6737,-1.3669
729.550,1,-39.3984,1.6738,-1.3662
729.565,1,-39.3978,1.6741,-1.3648
729.580,1,-39.3975,1.6743,-1.3642
729.595,1,-39.3969,1.6746,-1.3630
729.614,1,-39.3964,1.6746,-1.3625
729.630,1,-39.3961,1.6745,-1.3620
729.646,1,-39.3954,1.6746,-1.3608
729.661,1,-39.3950,1.6747,-1.3603
729.677,1,-39.3942,1.6750,-1.3592
729.692,1,-39.3937,1.6750,-1.3588
729.708,1,-39.3931,1.6750,-1.3577
729.725,1,-39.3929,1.6749,-1.3572
729.740,1,-39.3924,1.6748,-1.3560
729.754,1,-39.3922,1.6748,-1.3554
729.769,1,-39.3919,1.6748,-1.3548
729.783,1,-39.3913,1.6747,-1.3535
729.798,1,-39.3911,1.6746,-1.3528
729.815,1,-39.3909,1.6744,-1.3521
729.830,1,-39.3904,1.6742,-1.3509
729.844,1,-39.3901,1.6742,-1.3502
729.859,1,-39.3900,1.6742,-1.3494
729.875,1,-39.3897,1.6742,-1.3481
729.888,1,-39.3894,1.6741,-1.3474
729.903,1,-39.3892,1.6741,-1.3468
729.918,1,-39.3889,1.6740,-1.3454
729.933,1,-39.3888,1.6741,-1.3448
729.949,1,-39.3887,1.6741,-1.3442
729.965,1,-39.3884,1.6741,-1.3429
729.980,1,-39.3883,1.6741,-1.3423
729.995,1,-39.3880,1.6742,-1.3411
730.009,1,-39.3879,1.6742,-1.3406
730.024,1,-39.3877,1.6743,-1.3401
730.039,1,-39.3875,1.6744,-1.3392
730.053,1,-39.3874,1.6744,-1.3388
730.072,1,-39.3874,1.6745,-1.3386
730.086,1,-39.3871,1.6746,-1.3380
730.101,1,-39.3870,1.6747,-1.3377
730.118,1,-39.3868,1.6747,-1.3376
730.137,1,-39.3865,1.6747,-1.3373
730.152,1,-39.3862,1.6747,-1.3371
730.165,1,-39.3861,1.6746,-1.3371
730.180,1,-39.3861,1.6745,-1.3372
730.195,1,-39.3859,1.6745,-1.3372
730.210,1,-39.3858,1.6743,-1.3373
730.225,1,-39.3857,1.6742,-1.3374
730.241,1,-39.3854,1.6741,-1.3376
730.256,1,-39.3853,1.6741,-1.3377
730.271,1,-39.3852,1.6740,-1.3380
730.286,1,-39.3850,1.6740,-1.3384
730.302,1,-39.3849,1.6740,-1.3387
730.318,1,-39.3848,1.6740,-1.3393
730.333,1,-39.3847,1.6740,-1.3397
730.348,1,-39.3847,1.6740,-1.3402
730.363,1,-39.3847,1.6741,-1.3409
730.378,1,-39.3847,1.6742,-1.3415
730.392,1,-39.3848,1.6742,-1.3420
730.409,1,-39.3847,1.6744,-1.3430
730.423,1,-39.3848,1.6745,-1.3436
730.439,1,-39.3848,1.6746,-1.3445
730.454,1,-39.3848,1.6747,-1.3450
730.468,1,-39.3849,1.6746,-1.3456
730.484,1,-39.3850,1.6747,-1.3467
730.499,1,-39.3851,1.6746,-1.3472
730.516,1,-39.3851,1.6746,-1.3479
730.532,1,-39.3852,1.6745,-1.3491
730.547,1,-39.3854,1.6743,-1.3497
730.563,1,-39.3856,1.6742,-1.3510
730.577,1,-39.3857,1.6741,-1.3516
730.592,1,-39.3858,1.6741,-1.3523
730.607,1,-39.3860,1.6740,-1.3535
730.621,1,-39.3861,1.6740,-1.3542
730.636,1,-39.3861,1.6741,-1.3548
730.651,1,-39.3863,1.6741,-1.3560
730.668,1,-39.3864,1.6742,-1.3565
730.682,1,-39.3864,1.6743,-1.3571
730.698,1,-39.3866,1.6744,-1.3582
730.713,1,-39.3866,1.6745,-1.3587
730.728,1,-39.3867,1.6748,-1.3597
730.743,1,-39.3867,1.6750,-1.3602
730.758,1,-39.3868,1.6750,-1.3606
730.773,1,-39.3869,1.6752,-1.3615
730.788,1,-39.3870,1.6752,-1.3618
730.803,1,-39.3870,1.6752,-1.3622
730.818,1,-39.3871,1.6753,-1.3629
730.833,1,-39.3872,1.6753,-1.3633
730.848,1,-39.3872,1.6753,-1.3636
730.864,1,-39.3873,1.6754,-1.3642
730.879,1,-39.3873,1.6754,-1.3645
730.895,1,-39.3874,1.6754,-1.3650
730.909,1,-39.3875,1.6754,-1.3653
730.927,1,-39.3874,1.6753,-1.3655
730.943,1,-39.3874,1.6753,-1.3660
730.958,1,-39.3874,1.6753,-1.3661
730.972,1,-39.3874,1.6753,-1.3665
730.987,1,-39.3875,1.6754,-1.3667
731.001,1,-39.3874,1.6754,-1.3668
731.016,1,-39.3873,1.6754,-1.3669
731.030,1,-39.3873,1.6754,-1.3669
731.048,1,-39.3872,1.6754,-1.3668
731.064,1,-39.3871,1.6754,-1.3668
731.079,1,-39.3871,1.6753,-1.3667
731.094,1,-39.3870,1.6753,-1.3664
731.109,1,-39.3868,1.6753,-1.3662
731.124,1,-39.3868,1.6753,-1.3660
731.140,1,-39.3865,1.6754,-1.3655
731.155,1,-39.3863,1.6754,-1.3652
731.170,1,-39.3862,1.6753,-1.3649
731.183,1,-39.3860,1.6754,-1.3643
731.200,1,-39.3859,1.6753,-1.3639
731.217,1,-39.3856,1.6753,-1.3632
731.231,1,-39.3854,1.6753,-1.3627
731.246,1,-39.3852,1.6752,-1.3623
731.260,1,-39.3848,1.6752,-1.3614
731.275,1,-39.3846,1.6753,-1.3610
731.296,1,-39.3842,1.6753,-1.3601
731.310,1,-39.3840,1.6753,-1.3597
731.326,1,-39.3839,1.6753,-1.3593
731.341,1,-39.3836,1.6753,-1.3584
731.356,1,-39.3835,1.6753,-1.3580
731.372,1,-39.3832,1.6753,-1.3572
731.387,1,-39.3830,1.6753,-1.3569
731.402,1,-39.3828,1.6753,-1.3565
731.417,1,-39.3825,1.6752,-1.3559
731.432,1,-39.3823,1.6751,-1.3556
731.448,1,-39.3821,1.6750,-1.3554
731.464,1,-39.3818,1.6750,-1.3549
731.479,1,-39.3815,1.6749,-1.3544
731.494,1,-39.3814,1.6748,-1.3543
731.511,1,-39.3812,1.6748,-1.3543
731.527,1,-39.3809,1.6747,-1.3542
731.543,1,-39.3805,1.6747,-1.3541
731.558,1,-39.3803,1.6746,-1.3540
731.573,1,-39.3800,1.6745,-1.3539
731.588,1,-39.3798,1.6744,-1.3539
731.604,1,-39.3796,1.6743,-1.3540
731.620,1,-39.3792,1.6742,-1.3540
731.637,1,-39.3790,1.6742,-1.3540
731.655,1,-39.3786,1.6741,-1.3541
731.670,1,-39.3783,1.6740,-1.3542
731.684,1,-39.3781,1.6739,-1.3543
731.702,1,-39.3780,1.6739,-1.3545
731.718,1,-39.3777,1.6738,-1.3547
731.732,1,-39.3776,1.6738,-1.3549
731.747,1,-39.3774,1.6737,-1.3551
731.763,1,-39.3771,1.6735,-1.3555
731.779,1,-39.3770,1.6735,-1.3557
731.794,1,-39.3767,1.6735,-1.3562
731.808,1,-39.3765,1.6735,-1.3564
731.823,1,-39.3763,1.6734,-1.3566
731.838,1,-39.3762,1.6734,-1.3569
731.854,1,-39.3759,1.6734,-1.3574
731.869,1,-39.3758,1.6733,-1.3577
731.884,1,-39.3755,1.6732,-1.3582
731.900,1,-39.3754,1.6731,-1.3585
731.915,1,-39.3753,1.6731,-1.3587
731.931,1,-39.3752,1.6730,-1.3591
731.946,1,-39.3752,1.6729,-1.3593
731.962,1,-39.3750,1.6729,-1.3598
731.977,1,-39.3750,1.6728,-1.3599
731.991,1,-39.3749,1.6728,-1.3600
732.006,1,-39.3747,1.6728,-1.3604
732.020,1,-39.3747,1.6728,-1.3605
732.035,1,-39.3747,1.6728,-1.3607
732.049,1,-39.3746,1.6728,-1.3608
732.063,1,-39.3747,1.6729,-1.3610
732.078,1,-39.3747,1.6729,-1.3611
732.093,1,-39.3748,1.6730,-1.3612
732.107,1,-39.3749,1.6731,-1.3612
732.125,1,-39.3749,1.6732,-1.3611
732.146,1,-39.3750,1.6733,-1.3610
732.162,1,-39.3752,1.6735,-1.3609
732.176,1,-39.3752,1.6735,-1.3607
732.190,1,-39.3754,1.6736,-1.3606
732.204,1,-39.3756,1.6737,-1.3602
732.218,1,-39.3757,1.6738,-1.3599
732.232,1,-39.3757,1.6738,-1.3596
732.246,1,-39.3757,1.6739,-1.3593
732.260,1,-39.3759,1.6740,-1.3586
732.275,1,-39.3759,1.6739,-1.3582
732.290,1,-39.3761,1.6739,-1.3577
732.304,1,-39.3761,1.6738,-1.3573
732.319,1,-39.3763,1.6738,-1.3563
732.334,1,-39.3764,1.6738,-1.3557
732.348,1,-39.3766,1.6737,-1.3547
732.362,1,-39.3766,1.6736,-1.3540
732.376,1,-39.3767,1.6735,-1.3532
732.390,1,-39.3769,1.6735,-1.3525
732.405,1,-39.3770,1.6733,-1.3511
732.419,1,-39.3771,1.6732,-1.3503
732.434,1,-39.3772,1.6730,-1.3494
732.449,1,-39.3773,1.6728,-1.3477
732.463,1,-39.3774,1.6725,-1.3468
732.478,1,-39.3776,1.6723,-1.3457
732.492,1,-39.3777,1.6720,-1.3447
732.506,1,-39.3779,1.6716,-1.3428
732.519,1,-39.3780,1.6714,-1.3419
732.534,1,-39.3781,1.6711,-1.3409
732.548,1,-39.3783,1.6710,-1.3398
732.562,1,-39.3784,1.6707,-1.3379
732.576,1,-39.3784,1.6708,-1.3370
732.591,1,-39.3784,1.6711,-1.3361
732.606,1,-39.3782,1.6713,-1.3344
732.624,1,-39.3782,1.6713,-1.3336
732.640,1,-39.3782,1.6711,-1.3320
732.654,1,-39.3781,1.6708,-1.3313
732.668,1,-39.3781,1.6704,-1.3308
732.683,1,-39.3778,1.6702,-1.3302
732.697,1,-39.3775,1.6698,-1.3291
732.711,1,-39.3772,1.6699,-1.3287
732.726,1,-39.3768,1.6699,-1.3280
732.739,1,-39.3764,1.6700,-1.3280
732.756,1,-39.3761,1.6701,-1.3280
732.770,1,-39.3754,1.6699,-1.3278
732.784,1,-39.3750,1.6699,-1.3280
732.799,1,-39.3746,1.6699,-1.3281
732.813,1,-39.3742,1.6699,-1.3284
732.827,1,-39.3734,1.6702,-1.3287
732.841,1,-39.3729,1.6704,-1.3291
732.856,1,-39.3724,1.6705,-1.3294
732.870,1,-39.3719,1.6708,-1.3298
732.885,1,-39.3708,1.6713,-1.3307
732.898,1,-39.3701,1.6716,-1.3312
732.913,1,-39.3694,1.6719,-1.3318
732.927,1,-39.3681,1.6723,-1.3328
732.942,1,-39.3672,1.6725,-1.3336
732.956,1,-39.3663,1.6726,-1.3343
732.970,1,-39.3654,1.6727,-1.3350
732.985,1,-39.3636,1.6731,-1.3365
732.999,1,-39.3626,1.6731,-1.3373
733.013,1,-39.3615,1.6731,-1.3382
733.027,1,-39.3594,1.6730,-1.3399
733.040,1,-39.3583,1.6728,-1.3408
733.060,1,-39.3571,1.6725,-1.3419
733.075,1,-39.3549,1.6721,-1.3439
733.090,1,-39.3537,1.6718,-1.3452
733.105,1,-39.3515,1.6713,-1.3475
733.119,1,-39.3503,1.6708,-1.3490
733.134,1,-39.3491,1.6703,-1.3505
733.148,1,-39.3481,1.6698,-1.3519
733.163,1,-39.3459,1.6689,-1.3549
733.176,1,-39.3449,1.6683,-1.3565
733.191,1,-39.3439,1.6676,-1.3582
733.206,1,-39.3419,1.6663,-1.3615
733.219,1,-39.3412,1.6655,-1.3634
733.234,1,-39.3404,1.6652,-1.3653
733.248,1,-39.3387,1.6675,-1.3674
733.262,1,-39.3344,1.6754,-1.3720
733.277,1,-39.3327,1.6802,-1.3747
733.291,1,-39.3316,1.6811,-1.3769
733.306,1,-39.3286,1.6816,-1.3813
733.319,1,-39.3268,1.6802,-1.3832
733.335,1,-39.3251,1.6798,-1.3849
733.350,1,-39.3214,1.6807,-1.3891
733.364,1,-39.3194,1.6810,-1.3910
733.378,1,-39.3173,1.6805,-1.3931
733.392,1,-39.3134,1.6796,-1.3974
733.406,1,-39.3111,1.6787,-1.3996
733.425,1,-39.3090,1.6778,-1.4019
733.442,1,-39.3048,1.6770,-1.4064
733.457,1,-39.3023,1.6768,-1.4088
733.471,1,-39.2976,1.6762,-1.4134
733.485,1,-39.2948,1.6761,-1.4158
733.503,1,-39.2923,1.6763,-1.4181
733.519,1,-39.2876,1.6763,-1.4227
733.533,1,-39.2852,1.6760,-1.4248
733.547,1,-39.2804,1.6753,-1.4291
733.562,1,-39.2778,1.6747,-1.4312
733.577,1,-39.2752,1.6743,-1.4332
733.591,1,-39.2725,1.6743,-1.4354
733.606,1,-39.2671,1.6742,-1.4397
733.620,1,-39.2640,1.6743,-1.4418
733.633,1,-39.2611,1.6738,-1.4436
733.649,1,-39.2550,1.6730,-1.4474
733.667,1,-39.2515,1.6724,-1.4494
733.681,1,-39.2452,1.6715,-1.4531
733.695,1,-39.2418,1.6711,-1.4549
733.710,1,-39.2380,1.6702,-1.4562
733.725,1,-39.2341,1.6694,-1.4575
733.740,1,-39.2268,1.6683,-1.4605
733.756,1,-39.2227,1.6681,-1.4618
733.772,1,-39.2149,1.6673,-1.4645
733.786,1,-39.2107,1.6668,-1.4651
733.801,1,-39.2064,1.6665,-1.4659
733.816,1,-39.1980,1.6658,-1.4676
733.829,1,-39.1936,1.6657,-1.4684
733.844,1,-39.1892,1.6656,-1.4690
733.859,1,-39.1848,1.6653,-1.4695
733.873,1,-39.1758,1.6645,-1.4707
733.887,1,-39.1710,1.6641,-1.4710
733.903,1,-39.1660,1.6640,-1.4715
733.919,1,-39.1563,1.6632,-1.4723
733.934,1,-39.1465,1.6622,-1.4730
733.948,1,-39.1415,1.6614,-1.4730
733.963,1,-39.1363,1.6608,-1.4732
733.977,1,-39.1308,1.6602,-1.4733
733.992,1,-39.1198,1.6594,-1.4735
734.007,1,-39.1139,1.6588,-1.4734
734.020,1,-39.1082,1.6581,-1.4733
734.035,1,-39.1025,1.6573,-1.4730
734.050,1,-39.0908,1.6560,-1.4726
734.068,1,-39.0844,1.6556,-1.4723
734.084,1,-39.0723,1.6543,-1.4714
734.098,1,-39.0658,1.6537,-1.4708
734.113,1,-39.0594,1.6530,-1.4699
734.128,1,-39.0467,1.6519,-1.4686
734.142,1,-39.0402,1.6518,-1.4678
734.157,1,-39.0334,1.6515,-1.4667
734.172,1,-39.0203,1.6508,-1.4648
734.186,1,-39.0136,1.6503,-1.4635
734.201,1,-39.0070,1.6502,-1.4622
734.215,1,-38.9934,1.6505,-1.4598
734.230,1,-38.9858,1.6522,-1.4586
734.244,1,-38.9784,1.6537,-1.4571
734.258,1,-38.9712,1.6550,-1.4557
734.272,1,-38.9565,1.6578,-1.4531
734.285,1,-38.9488,1.6605,-1.4519
734.301,1,-38.9413,1.6630,-1.4508
734.316,1,-38.9263,1.6663,-1.4488
734.329,1,-38.9190,1.6671,-1.4477
734.344,1,-38.9119,1.6674,-1.4470
734.359,1,-38.8979,1.6686,-1.4452
734.373,1,-38.8906,1.6692,-1.4447
734.387,1,-38.8833,1.6701,-1.4443
734.401,1,-38.8762,1.6707,-1.4438
734.416,1,-38.8619,1.6719,-1.4428
734.429,1,-38.8548,1.6722,-1.4425
734.444,1,-38.8475,1.6727,-1.4424
734.459,1,-38.8403,1.6732,-1.4424
734.472,1,-38.8257,1.6741,-1.4422
734.486,1,-38.8184,1.6741,-1.4421
734.500,1,-38.8111,1.6740,-1.4422
734.515,1,-38.7964,1.6739,-1.4420
734.529,1,-38.7887,1.6738,-1.4423
734.544,1,-38.7813,1.6736,-1.4426
734.560,1,-38.7663,1.6733,-1.4431
734.574,1,-38.7585,1.6729,-1.4434
734.589,1,-38.7509,1.6722,-1.4436
734.604,1,-38.7355,1.6712,-1.4443
734.618,1,-38.7279,1.6703,-1.4448
734.636,1,-38.7199,1.6693,-1.4455
734.650,1,-38.7044,1.6673,-1.4463
734.664,1,-38.6962,1.6658,-1.4468
734.679,1,-38.6881,1.6645,-1.4474
734.698,1,-38.6716,1.6618,-1.4487
734.715,1,-38.6553,1.6592,-1.4501
734.728,1,-38.6472,1.6576,-1.4508
734.742,1,-38.6391,1.6562,-1.4516
734.756,1,-38.6308,1.6549,-1.4523
734.771,1,-38.6222,1.6542,-1.4533
734.786,1,-38.6053,1.6526,-1.4551
734.800,1,-38.5967,1.6522,-1.4561
734.813,1,-38.5885,1.6520,-1.4571
734.828,1,-38.5712,1.6521,-1.4591
734.842,1,-38.5620,1.6538,-1.4603
734.857,1,-38.5529,1.6557,-1.4615
734.872,1,-38.5351,1.6585,-1.4636
734.886,1,-38.5262,1.6605,-1.4644
734.900,1,-38.5174,1.6626,-1.4653
734.915,1,-38.4998,1.6658,-1.4668
734.929,1,-38.4911,1.6670,-1.4672
734.944,1,-38.4827,1.6679,-1.4675
734.958,1,-38.4658,1.6699,-1.4680
734.972,1,-38.4576,1.6705,-1.4677
734.989,1,-38.4493,1.6709,-1.4672
735.003,1,-38.4327,1.6727,-1.4671
735.017,1,-38.4244,1.6735,-1.4667
735.031,1,-38.4163,1.6743,-1.4663
735.046,1,-38.4083,1.6748,-1.4657
735.061,1,-38.3916,1.6761,-1.4650
735.074,1,-38.3834,1.6764,-1.4644
735.089,1,-38.3753,1.6768,-1.4639
735.103,1,-38.3592,1.6774,-1.4629
735.117,1,-38.3511,1.6774,-1.4623
735.133,1,-38.3429,1.6773,-1.4616
735.147,1,-38.3348,1.6774,-1.4611
735.163,1,-38.3183,1.6773,-1.4600
735.180,1,-38.3101,1.6769,-1.4594
735.196,1,-38.2939,1.6762,-1.4582
735.210,1,-38.2860,1.6755,-1.4575
735.224,1,-38.2698,1.6745,-1.4562
735.238,1,-38.2616,1.6738,-1.4555
735.252,1,-38.2535,1.6730,-1.4548
735.266,1,-38.2454,1.6720,-1.4541
735.280,1,-38.2290,1.6704,-1.4527
735.295,1,-38.2207,1.6691,-1.4518
735.310,1,-38.2121,1.6676,-1.4511
735.323,1,-38.1955,1.6650,-1.4494
735.338,1,-38.1868,1.6634,-1.4485
735.351,1,-38.1783,1.6622,-1.4475
735.367,1,-38.1697,1.6611,-1.4465
735.381,1,-38.1524,1.6592,-1.4446
735.394,1,-38.1438,1.6585,-1.4435
735.408,1,-38.1351,1.6584,-1.4426
735.422,1,-38.1265,1.6585,-1.4415
735.437,1,-38.1089,1.6590,-1.4394
735.450,1,-38.0996,1.6614,-1.4382
735.464,1,-38.0904,1.6639,-1.4372
735.479,1,-38.0813,1.6670,-1.4362
735.496,1,-38.0631,1.6720,-1.4344
735.513,1,-38.0544,1.6742,-1.4337
735.527,1,-38.0371,1.6775,-1.4322
735.541,1,-38.0290,1.6785,-1.4316
735.556,1,-38.0208,1.6792,-1.4313
735.570,1,-38.0043,1.6812,-1.4306
735.584,1,-37.9961,1.6821,-1.4304
735.598,1,-37.9876,1.6832,-1.4303
735.613,1,-37.9792,1.6843,-1.4302
735.628,1,-37.9624,1.6864,-1.4300
735.641,1,-37.9540,1.6873,-1.4301
735.655,1,-37.9457,1.6880,-1.4304
735.669,1,-37.9375,1.6884,-1.4306
735.684,1,-37.9207,1.6893,-1.4311
735.701,1,-37.9124,1.6891,-1.4317
735.716,1,-37.8955,1.6891,-1.4325
735.730,1,-37.8871,1.6887,-1.4331
735.745,1,-37.8789,1.6881,-1.4337
735.759,1,-37.8622,1.6873,-1.4349
735.773,1,-37.8537,1.6865,-1.4357
735.787,1,-37.8453,1.6857,-1.4366
735.802,1,-37.8285,1.6842,-1.4383
735.815,1,-37.8202,1.6832,-1.4395
735.829,1,-37.8119,1.6820,-1.4406
735.843,1,-37.8038,1.6810,-1.4418
735.857,1,-37.7954,1.6799,-1.4429
735.870,1,-37.7787,1.6779,-1.4452
735.884,1,-37.7704,1.6764,-1.4464
735.899,1,-37.7622,1.6748,-1.4477
735.913,1,-37.7543,1.6733,-1.4490
735.927,1,-37.7383,1.6710,-1.4517
735.942,1,-37.7307,1.6702,-1.4532
735.956,1,-37.7232,1.6694,-1.4547
735.974,1,-37.7081,1.6675,-1.4577
735.990,1,-37.7007,1.6670,-1.4593
736.004,1,-37.6856,1.6672,-1.4624
736.018,1,-37.6778,1.6690,-1.4640
736.032,1,-37.6698,1.6711,-1.4658
736.047,1,-37.6539,1.6751,-1.4691
736.060,1,-37.6454,1.6784,-1.4708
736.074,1,-37.6373,1.6810,-1.4723
736.088,1,-37.6291,1.6828,-1.4736
736.102,1,-37.6128,1.6859,-1.4761
736.115,1,-37.6045,1.6871,-1.4770
736.129,1,-37.5965,1.6879,-1.4777
736.144,1,-37.5882,1.6885,-1.4781
736.159,1,-37.5717,1.6903,-1.4797
736.173,1,-37.5634,1.6910,-1.4802
736.187,1,-37.5551,1.6915,-1.4807
736.201,1,-37.5468,1.6920,-1.4811
736.215,1,-37.5299,1.6929,-1.4821
736.228,1,-37.5212,1.6927,-1.4823
736.242,1,-37.5126,1.6924,-1.4825
736.256,1,-37.5040,1.6922,-1.4827
736.271,1,-37.4869,1.6919,-1.4830
736.288,1,-37.4780,1.6917,-1.4831
736.304,1,-37.4609,1.6916,-1.4831
736.318,1,-37.4523,1.6912,-1.4831
736.333,1,-37.4437,1.6907,-1.4831
736.346,1,-37.4266,1.6896,-1.4831
736.360,1,-37.4180,1.6887,-1.4829
736.374,1,-37.4094,1.6878,-1.4827
736.388,1,-37.4010,1.6869,-1.4825
736.403,1,-37.3924,1.6860,-1.4822
736.417,1,-37.3751,1.6841,-1.4816
736.430,1,-37.3663,1.6829,-1.4812
736.444,1,-37.3575,1.6815,-1.4808
736.459,1,-37.3487,1.6799,-1.4803
736.473,1,-37.3312,1.6769,-1.4794
736.487,1,-37.3223,1.6754,-1.4788
736.500,1,-37.3136,1.6740,-1.4782
736.514,1,-37.3048,1.6730,-1.4775
736.528,1,-37.2875,1.6707,-1.4763
736.541,1,-37.2793,1.6696,-1.4756
736.555,1,-37.2711,1.6687,-1.4748
736.569,1,-37.2542,1.6675,-1.4734
736.583,1,-37.2456,1.6685,-1.4726
736.601,1,-37.2372,1.6709,-1.4718
736.614,1,-37.2288,1.6731,-1.4710
736.629,1,-37.2116,1.6774,-1.4697
736.641,1,-37.2031,1.6804,-1.4691
736.655,1,-37.1949,1.6825,-1.4685
736.669,1,-37.1867,1.6838,-1.4680
736.682,1,-37.1702,1.6859,-1.4671
736.695,1,-37.1624,1.6862,-1.4668
736.710,1,-37.1545,1.6867,-1.4667
736.724,1,-37.1385,1.6884,-1.4662
736.738,1,-37.1304,1.6893,-1.4663
736.752,1,-37.1225,1.6904,-1.4664
736.766,1,-37.1146,1.6911,-1.4665
736.782,1,-37.0985,1.6926,-1.4666
736.796,1,-37.0905,1.6931,-1.4668
736.810,1,-37.0828,1.6935,-1.4672
736.824,1,-37.0750,1.6936,-1.4676
736.837,1,-37.0593,1.6942,-1.4683
736.851,1,-37.0516,1.6941,-1.4690
736.865,1,-37.0439,1.6938,-1.4698
736.879,1,-37.0363,1.6936,-1.4705
736.893,1,-37.0208,1.6932,-1.4720
736.907,1,-37.0131,1.6926,-1.4729
736.921,1,-37.0057,1.6920,-1.4737
736.935,1,-36.9981,1.6912,-1.4746
736.948,1,-36.9827,1.6899,-1.4764
736.962,1,-36.9750,1.6892,-1.4774
736.976,1,-36.9673,1.6884,-1.4783
736.990,1,-36.9518,1.6868,-1.4803
737.006,1,-36.9441,1.6855,-1.4814
737.023,1,-36.9366,1.6839,-1.4825
737.037,1,-36.9214,1.6811,-1.4847
737.050,1,-36.9140,1.6795,-1.4859
737.065,1,-36.9066,1.6783,-1.4871
737.079,1,-36.8991,1.6773,-1.4884
737.093,1,-36.8838,1.6756,-1.4910
737.106,1,-36.8761,1.6750,-1.4925
737.121,1,-36.8686,1.6747,-1.4939
737.134,1,-36.8532,1.6746,-1.4969
737.147,1,-36.8453,1.6760,-1.4985
737.161,1,-36.8374,1.6779,-1.5003
737.176,1,-36.8297,1.6798,-1.5020
737.190,1,-36.8138,1.6831,-1.5052
737.204,1,-36.8056,1.6857,-1.5068
737.221,1,-36.7977,1.6879,-1.5082
737.238,1,-36.7823,1.6907,-1.5107
737.253,1,-36.7750,1.6914,-1.5117
737.268,1,-36.7602,1.6931,-1.5138
737.283,1,-36.7531,1.6935,-1.5143
737.298,1,-36.7461,1.6939,-1.5148
737.312,1,-36.7389,1.6946,-1.5153
737.327,1,-36.7242,1.6961,-1.5165
737.341,1,-36.7168,1.6968,-1.5169
737.355,1,-36.7092,1.6975,-1.5172
737.370,1,-36.6945,1.6989,-1.5180
737.385,1,-36.6872,1.6992,-1.5181
737.400,1,-36.6800,1.6992,-1.5182
737.415,1,-36.6656,1.6997,-1.5185
737.429,1,-36.6584,1.6997,-1.5185
737.443,1,-36.6513,1.6999,-1.5185
737.457,1,-36.6442,1.7000,-1.5184
737.471,1,-36.6298,1.7000,-1.5184
737.485,1,-36.6227,1.6999,-1.5183
737.499,1,-36.6156,1.6994,-1.5180
737.513,1,-36.6012,1.6988,-1.5176
737.527,1,-36.5941,1.6982,-1.5172
737.544,1,-36.5870,1.6974,-1.5168
737.558,1,-36.5799,1.6966,-1.5165
737.572,1,-36.5658,1.6951,-1.5157
737.585,1,-36.5587,1.6942,-1.5153
737.599,1,-36.5516,1.6931,-1.5148
737.613,1,-36.5372,1.6910,-1.5138
737.626,1,-36.5300,1.6894,-1.5132
737.639,1,-36.5228,1.6879,-1.5126
737.654,1,-36.5157,1.6867,-1.5119
737.668,1,-36.5086,1.6856,-1.5113
737.681,1,-36.4942,1.6838,-1.5100
737.694,1,-36.4869,1.6831,-1.5094
737.708,1,-36.4797,1.6822,-1.5088
737.726,1,-36.4726,1.6816,-1.5082
737.741,1,-36.4581,1.6807,-1.5069
737.755,1,-36.4508,1.6813,-1.5063
737.770,1,-36.4362,1.6828,-1.5051
737.783,1,-36.4290,1.6845,-1.5046
737.796,1,-36.4217,1.6866,-1.5041
737.810,1,-36.4143,1.6894,-1.5038
737.825,1,-36.3999,1.6933,-1.5031
737.838,1,-36.3930,1.6951,-1.5029
737.851,1,-36.3861,1.6964,-1.5028
737.865,1,-36.3794,1.6973,-1.5027
737.879,1,-36.3655,1.6989,-1.5024
737.893,1,-36.3589,1.6989,-1.5024
737.906,1,-36.3523,1.6987,-1.5023
737.920,1,-36.3457,1.6987,-1.5023
737.935,1,-36.3389,1.6990,-1.5025
737.949,1,-36.3251,1.6998,-1.5026
737.963,1,-36.3181,1.6999,-1.5029
737.977,1,-36.3113,1.6999,-1.5032
737.992,1,-36.2974,1.6999,-1.5038
738.005,1,-36.2903,1.6996,-1.5043
738.018,1,-36.2832,1.6991,-1.5049
738.033,1,-36.2763,1.6987,-1.5056
738.046,1,-36.2622,1.6985,-1.5069
738.060,1,-36.2548,1.6986,-1.5077
738.075,1,-36.2476,1.6986,-1.5086
738.089,1,-36.2405,1.6984,-1.5094
738.103,1,-36.2261,1.6980,-1.5109
738.117,1,-36.2189,1.6976,-1.5118
738.130,1,-36.2115,1.6971,-1.5128
738.145,1,-36.2044,1.6965,-1.5138
738.159,1,-36.1898,1.6954,-1.5156
738.173,1,-36.1818,1.6945,-1.5161
738.186,1,-36.1744,1.6934,-1.5170
738.201,1,-36.1671,1.6922,-1.5180
738.215,1,-36.1524,1.6898,-1.5200
738.228,1,-36.1449,1.6882,-1.5212
738.242,1,-36.1376,1.6867,-1.5224
738.256,1,-36.1302,1.6853,-1.5236
738.269,1,-36.1154,1.6829,-1.5261
738.283,1,-36.1081,1.6818,-1.5275
738.296,1,-36.1007,1.6807,-1.5289
738.310,1,-36.0937,1.6799,-1.5303
738.324,1,-36.0790,1.6783,-1.5332
738.337,1,-36.0716,1.6779,-1.5347
738.352,1,-36.0644,1.6779,-1.5363
738.367,1,-36.0570,1.6787,-1.5380
738.381,1,-36.0423,1.6797,-1.5412
738.394,1,-36.0351,1.6809,-1.5428
738.408,1,-36.0279,1.6826,-1.5444
738.422,1,-36.0204,1.6848,-1.5460
738.436,1,-36.0057,1.6878,-1.5491
738.449,1,-35.9984,1.6893,-1.5506
738.462,1,-35.9913,1.6908,-1.5520
738.476,1,-35.9844,1.6921,-1.5532
738.491,1,-35.9777,1.6931,-1.5544
738.506,1,-35.9639,1.6951,-1.5566
738.519,1,-35.9570,1.6955,-1.5575
738.533,1,-35.9504,1.6959,-1.5584
738.546,1,-35.9369,1.6969,-1.5601
738.560,1,-35.9303,1.6972,-1.5608
738.573,1,-35.9237,1.6975,-1.5613
738.587,1,-35.9174,1.6979,-1.5618
738.604,1,-35.9045,1.6988,-1.5628
738.621,1,-35.8986,1.6989,-1.5630
738.636,1,-35.8862,1.6993,-1.5637
738.649,1,-35.8804,1.6994,-1.5640
738.664,1,-35.8745,1.6995,-1.5639
738.678,1,-35.8686,1.6997,-1.5639
738.693,1,-35.8567,1.7000,-1.5638
738.708,1,-35.8510,1.7001,-1.5638
738.721,1,-35.8394,1.7002,-1.5636
738.735,1,-35.8338,1.7000,-1.5632
738.750,1,-35.8283,1.6997,-1.5629
738.767,1,-35.8230,1.6994,-1.5625
738.783,1,-35.8121,1.6987,-1.5617
738.797,1,-35.8065,1.6982,-1.5611
738.811,1,-35.7957,1.6974,-1.5601
738.824,1,-35.7904,1.6969,-1.5594
738.838,1,-35.7849,1.6964,-1.5587
738.852,1,-35.7795,1.6958,-1.5579
738.866,1,-35.7742,1.6951,-1.5571
738.880,1,-35.7635,1.6938,-1.5555
738.893,1,-35.7579,1.6929,-1.5545
738.907,1,-35.7525,1.6921,-1.5535
738.920,1,-35.7471,1.6914,-1.5524
738.934,1,-35.7361,1.6900,-1.5503
738.948,1,-35.7307,1.6892,-1.5491
738.962,1,-35.7254,1.6884,-1.5480
738.975,1,-35.7199,1.6876,-1.5466
738.989,1,-35.7090,1.6860,-1.5440
739.003,1,-35.7036,1.6851,-1.5427
739.016,1,-35.6983,1.6842,-1.5413
739.031,1,-35.6932,1.6833,-1.5399
739.044,1,-35.6881,1.6827,-1.5385
739.058,1,-35.6776,1.6820,-1.5358
739.071,1,-35.6723,1.6825,-1.5343
739.084,1,-35.6672,1.6832,-1.5329
739.098,1,-35.6620,1.6841,-1.5315
739.111,1,-35.6568,1.6852,-1.5302
739.125,1,-35.6463,1.6876,-1.5276
739.138,1,-35.6410,1.6896,-1.5264
739.153,1,-35.6360,1.6913,-1.5254
739.167,1,-35.6258,1.6937,-1.5232
739.181,1,-35.6210,1.6943,-1.5225
739.195,1,-35.6162,1.6946,-1.5216
739.209,1,-35.6117,1.6946,-1.5209
739.223,1,-35.6024,1.6951,-1.5193
739.236,1,-35.5978,1.6951,-1.5188
739.251,1,-35.5933,1.6953,-1.5181
739.265,1,-35.5888,1.6957,-1.5178
739.278,1,-35.5797,1.6965,-1.5167
739.292,1,-35.5753,1.6968,-1.5164
739.305,1,-35.5710,1.6970,-1.5162
739.319,1,-35.5671,1.6974,-1.5162
739.334,1,-35.5587,1.6984,-1.5158
739.347,1,-35.5548,1.6989,-1.5159
739.361,1,-35.5509,1.6995,-1.5161
739.375,1,-35.5473,1.7001,-1.5163
739.388,1,-35.5437,1.7006,-1.5167
739.402,1,-35.5365,1.7017,-1.5170
739.416,1,-35.5331,1.7020,-1.5173
739.430,1,-35.5301,1.7020,-1.5177
739.444,1,-35.5271,1.7019,-1.5182
739.459,1,-35.5210,1.7021,-1.5190
739.472,1,-35.5183,1.7019,-1.5194
739.485,1,-35.5158,1.7016,-1.5199
739.499,1,-35.5135,1.7013,-1.5204
739.513,1,-35.5082,1.7009,-1.5211
739.527,1,-35.5059,1.7002,-1.5217
739.542,1,-35.5039,1.6997,-1.5224
739.556,1,-35.5017,1.6993,-1.5228
739.570,1,-35.4971,1.6987,-1.5239
739.584,1,-35.4953,1.6988,-1.5245
739.598,1,-35.4934,1.6995,-1.5253
739.612,1,-35.4895,1.7001,-1.5265
739.626,1,-35.4880,1.7004,-1.5272
739.640,1,-35.4866,1.7005,-1.5278
739.655,1,-35.4854,1.7009,-1.5283
739.669,1,-35.4826,1.7013,-1.5293
739.685,1,-35.4816,1.7015,-1.5300
739.701,1,-35.4792,1.7020,-1.5307
739.715,1,-35.4782,1.7020,-1.5311
739.731,1,-35.4771,1.7022,-1.5316
739.745,1,-35.4746,1.7025,-1.5323
739.763,1,-35.4732,1.7026,-1.5325
739.778,1,-35.4704,1.7029,-1.5330
739.791,1,-35.4692,1.7029,-1.5334
739.807,1,-35.4680,1.7028,-1.5336
739.822,1,-35.4655,1.7026,-1.5338
739.835,1,-35.4646,1.7022,-1.5340
739.848,1,-35.4636,1.7019,-1.5342
739.862,1,-35.4626,1.7019,-1.5343
739.876,1,-35.4617,1.7019,-1.5345
739.889,1,-35.4597,1.7020,-1.5348
739.902,1,-35.4588,1.7022,-1.5349
739.916,1,-35.4578,1.7024,-1.5350
739.930,1,-35.4569,1.7025,-1.5351
739.943,1,-35.4560,1.7025,-1.5352
739.957,1,-35.4543,1.7024,-1.5353
739.970,1,-35.4536,1.7023,-1.5355
739.985,1,-35.4530,1.7020,-1.5355
740.002,1,-35.4523,1.7018,-1.5356
740.020,1,-35.4509,1.7017,-1.5357
740.034,1,-35.4495,1.7015,-1.5358
740.048,1,-35.4489,1.7013,-1.5359
740.062,1,-35.4484,1.7011,-1.5360
740.076,1,-35.4477,1.7009,-1.5360
740.090,1,-35.4464,1.7006,-1.5360
740.103,1,-35.4459,1.7004,-1.5361
740.117,1,-35.4453,1.7003,-1.5361
740.131,1,-35.4447,1.7002,-1.5362
740.145,1,-35.4442,1.7002,-1.5363
740.163,1,-35.4430,1.6999,-1.5362
740.179,1,-35.4418,1.6997,-1.5364
740.192,1,-35.4413,1.6997,-1.5365
740.205,1,-35.4408,1.6994,-1.5366
740.219,1,-35.4403,1.6994,-1.5367
740.234,1,-35.4392,1.6992,-1.5368
740.247,1,-35.4386,1.6993,-1.5369
740.260,1,-35.4381,1.6995,-1.5368

# --- Trial 2 start ---
761.652,2,-39.5371,1.6778,-1.4587
761.732,2,-39.5368,1.6781,-1.4586
761.754,2,-39.5366,1.6781,-1.4587
761.775,2,-39.5366,1.6780,-1.4588
761.798,2,-39.5366,1.6781,-1.4589
761.816,2,-39.5366,1.6782,-1.4592
761.833,2,-39.5367,1.6783,-1.4593
761.850,2,-39.5367,1.6785,-1.4596
761.866,2,-39.5367,1.6786,-1.4597
761.880,2,-39.5367,1.6787,-1.4599
761.894,2,-39.5368,1.6788,-1.4599
761.914,2,-39.5367,1.6789,-1.4601
761.930,2,-39.5366,1.6790,-1.4603
761.945,2,-39.5365,1.6790,-1.4604
761.960,2,-39.5363,1.6791,-1.4606
761.976,2,-39.5362,1.6791,-1.4607
761.990,2,-39.5362,1.6790,-1.4609
762.006,2,-39.5362,1.6788,-1.4609
762.025,2,-39.5362,1.6787,-1.4610
762.040,2,-39.5362,1.6785,-1.4611
762.054,2,-39.5362,1.6784,-1.4612
762.070,2,-39.5361,1.6783,-1.4612
762.086,2,-39.5361,1.6783,-1.4612
762.100,2,-39.5360,1.6782,-1.4612
762.116,2,-39.5359,1.6780,-1.4613
762.131,2,-39.5357,1.6779,-1.4613
762.146,2,-39.5356,1.6778,-1.4613
762.160,2,-39.5353,1.6777,-1.4613
762.175,2,-39.5351,1.6777,-1.4613
762.190,2,-39.5348,1.6775,-1.4612
762.205,2,-39.5344,1.6774,-1.4611
762.222,2,-39.5342,1.6773,-1.4609
762.238,2,-39.5340,1.6771,-1.4606
762.251,2,-39.5338,1.6770,-1.4604
762.266,2,-39.5335,1.6769,-1.4602
762.282,2,-39.5331,1.6767,-1.4598
762.298,2,-39.5328,1.6767,-1.4594
762.313,2,-39.5324,1.6767,-1.4589
762.329,2,-39.5322,1.6767,-1.4585
762.343,2,-39.5320,1.6767,-1.4582
762.359,2,-39.5317,1.6768,-1.4574
762.374,2,-39.5316,1.6770,-1.4569
762.388,2,-39.5313,1.6772,-1.4559
762.407,2,-39.5312,1.6774,-1.4552
762.424,2,-39.5311,1.6776,-1.4545
762.441,2,-39.5306,1.6780,-1.4533
762.455,2,-39.5304,1.6781,-1.4525
762.471,2,-39.5300,1.6783,-1.4511
762.486,2,-39.5296,1.6783,-1.4502
762.501,2,-39.5294,1.6784,-1.4493
762.515,2,-39.5289,1.6784,-1.4473
762.530,2,-39.5287,1.6782,-1.4462
762.545,2,-39.5285,1.6780,-1.4451
762.561,2,-39.5280,1.6778,-1.4429
762.576,2,-39.5277,1.6775,-1.4417
762.590,2,-39.5275,1.6771,-1.4404
762.606,2,-39.5271,1.6764,-1.4381
762.621,2,-39.5268,1.6757,-1.4367
762.635,2,-39.5263,1.6746,-1.4342
762.650,2,-39.5259,1.6741,-1.4328
762.669,2,-39.5254,1.6739,-1.4315
762.685,2,-39.5246,1.6736,-1.4291
762.699,2,-39.5240,1.6737,-1.4279
762.715,2,-39.5229,1.6734,-1.4255
762.730,2,-39.5223,1.6732,-1.4245
762.745,2,-39.5217,1.6730,-1.4235
762.761,2,-39.5205,1.6727,-1.4215
762.776,2,-39.5198,1.6726,-1.4207
762.791,2,-39.5191,1.6724,-1.4199
762.807,2,-39.5177,1.6721,-1.4183
762.823,2,-39.5169,1.6720,-1.4177
762.839,2,-39.5152,1.6720,-1.4164
762.854,2,-39.5144,1.6721,-1.4160
762.872,2,-39.5135,1.6720,-1.4157
762.890,2,-39.5120,1.6718,-1.4150
762.906,2,-39.5103,1.6717,-1.4144
762.921,2,-39.5094,1.6717,-1.4145
762.937,2,-39.5078,1.6718,-1.4142
762.952,2,-39.5068,1.6720,-1.4143
762.968,2,-39.5059,1.6724,-1.4145
762.985,2,-39.5040,1.6729,-1.4147
763.000,2,-39.5029,1.6732,-1.4150
763.016,2,-39.5006,1.6738,-1.4156
763.031,2,-39.4993,1.6740,-1.4162
763.048,2,-39.4981,1.6742,-1.4168
763.064,2,-39.4956,1.6746,-1.4178
763.080,2,-39.4941,1.6749,-1.4185
763.096,2,-39.4910,1.6753,-1.4199
763.111,2,-39.4894,1.6752,-1.4208
763.128,2,-39.4860,1.6750,-1.4224
763.143,2,-39.4842,1.6746,-1.4235
763.158,2,-39.4824,1.6740,-1.4245
763.177,2,-39.4790,1.6730,-1.4266
763.192,2,-39.4756,1.6718,-1.4288
763.208,2,-39.4737,1.6710,-1.4301
763.224,2,-39.4719,1.6702,-1.4314
763.239,2,-39.4684,1.6688,-1.4339
763.256,2,-39.4668,1.6679,-1.4355
763.272,2,-39.4635,1.6662,-1.4385
763.287,2,-39.4620,1.6654,-1.4402
763.304,2,-39.4591,1.6638,-1.4434
763.321,2,-39.4574,1.6645,-1.4453
763.338,2,-39.4512,1.6732,-1.4496
763.353,2,-39.4483,1.6788,-1.4521
763.370,2,-39.4445,1.6820,-1.4562
763.384,2,-39.4424,1.6807,-1.4581
763.401,2,-39.4399,1.6793,-1.4597
763.417,2,-39.4352,1.6798,-1.4632
763.432,2,-39.4330,1.6805,-1.4651
763.450,2,-39.4283,1.6822,-1.4686
763.465,2,-39.4259,1.6822,-1.4702
763.479,2,-39.4236,1.6815,-1.4718
763.494,2,-39.4192,1.6807,-1.4752
763.512,2,-39.4167,1.6803,-1.4768
763.529,2,-39.4115,1.6807,-1.4804
763.544,2,-39.4089,1.6809,-1.4819
763.558,2,-39.4062,1.6803,-1.4837
763.573,2,-39.4013,1.6794,-1.4870
763.587,2,-39.3989,1.6788,-1.4886
763.602,2,-39.3938,1.6782,-1.4918
763.616,2,-39.3910,1.6778,-1.4930
763.631,2,-39.3881,1.6775,-1.4943
763.647,2,-39.3827,1.6763,-1.4968
763.661,2,-39.3800,1.6756,-1.4980
763.676,2,-39.3774,1.6751,-1.4991
763.691,2,-39.3723,1.6740,-1.5012
763.706,2,-39.3696,1.6731,-1.5017
763.722,2,-39.3669,1.6723,-1.5020
763.737,2,-39.3614,1.6714,-1.5036
763.752,2,-39.3586,1.6712,-1.5040
763.768,2,-39.3530,1.6711,-1.5054
763.782,2,-39.3498,1.6713,-1.5055
763.801,2,-39.3464,1.6715,-1.5053
763.816,2,-39.3401,1.6719,-1.5058
763.831,2,-39.3365,1.6724,-1.5059
763.846,2,-39.3299,1.6722,-1.5060
763.861,2,-39.3259,1.6718,-1.5057
763.876,2,-39.3218,1.6710,-1.5053
763.891,2,-39.3137,1.6706,-1.5048
763.906,2,-39.3091,1.6703,-1.5044
763.921,2,-39.3044,1.6695,-1.5040
763.938,2,-39.2951,1.6680,-1.5032
763.953,2,-39.2901,1.6671,-1.5027
763.969,2,-39.2801,1.6654,-1.5016
763.985,2,-39.2742,1.6647,-1.5013
764.001,2,-39.2685,1.6641,-1.5006
764.018,2,-39.2577,1.6620,-1.4988
764.037,2,-39.2465,1.6600,-1.4968
764.054,2,-39.2404,1.6592,-1.4955
764.069,2,-39.2285,1.6574,-1.4930
764.085,2,-39.2223,1.6567,-1.4915
764.101,2,-39.2102,1.6549,-1.4883
764.115,2,-39.2040,1.6540,-1.4863
764.132,2,-39.1976,1.6535,-1.4847
764.148,2,-39.1851,1.6524,-1.4811
764.164,2,-39.1784,1.6527,-1.4793
764.180,2,-39.1655,1.6532,-1.4754
764.194,2,-39.1586,1.6547,-1.4733
764.210,2,-39.1516,1.6567,-1.4716
764.226,2,-39.1375,1.6598,-1.4678
764.243,2,-39.1300,1.6621,-1.4661
764.259,2,-39.1160,1.6650,-1.4624
764.275,2,-39.1091,1.6668,-1.4607
764.294,2,-39.0951,1.6704,-1.4577
764.313,2,-39.0813,1.6733,-1.4548
764.332,2,-39.0748,1.6737,-1.4533
764.349,2,-39.0612,1.6754,-1.4507
764.364,2,-39.0546,1.6762,-1.4497
764.380,2,-39.0408,1.6786,-1.4476
764.395,2,-39.0339,1.6795,-1.4469
764.410,2,-39.0273,1.6796,-1.4460
764.426,2,-39.0137,1.6808,-1.4445
764.444,2,-39.0068,1.6809,-1.4441
764.462,2,-38.9931,1.6820,-1.4434
764.477,2,-38.9863,1.6822,-1.4432
764.492,2,-38.9724,1.6824,-1.4426
764.508,2,-38.9654,1.6821,-1.4423
764.523,2,-38.9586,1.6817,-1.4422
764.538,2,-38.9446,1.6815,-1.4421
764.553,2,-38.9376,1.6809,-1.4424
764.569,2,-38.9235,1.6800,-1.4425
764.583,2,-38.9162,1.6790,-1.4427
764.598,2,-38.9088,1.6780,-1.4429
764.613,2,-38.8942,1.6765,-1.4435
764.627,2,-38.8866,1.6753,-1.4439
764.642,2,-38.8790,1.6742,-1.4445
764.657,2,-38.8639,1.6716,-1.4453
764.672,2,-38.8560,1.6700,-1.4460
764.687,2,-38.8482,1.6681,-1.4467
764.702,2,-38.8328,1.6653,-1.4482
764.717,2,-38.8249,1.6636,-1.4490
764.732,2,-38.8173,1.6622,-1.4497
764.747,2,-38.8016,1.6599,-1.4515
764.761,2,-38.7935,1.6588,-1.4526
764.776,2,-38.7853,1.6583,-1.4539
764.790,2,-38.7691,1.6566,-1.4563
764.804,2,-38.7606,1.6565,-1.4579
764.819,2,-38.7520,1.6572,-1.4594
764.835,2,-38.7342,1.6595,-1.4624
764.849,2,-38.7246,1.6620,-1.4641
764.864,2,-38.7149,1.6645,-1.4658
764.879,2,-38.6965,1.6680,-1.4688
764.893,2,-38.6872,1.6697,-1.4702
764.908,2,-38.6778,1.6711,-1.4716
764.923,2,-38.6596,1.6737,-1.4742
764.939,2,-38.6508,1.6745,-1.4753
764.955,2,-38.6422,1.6751,-1.4762
764.970,2,-38.6249,1.6767,-1.4781
764.986,2,-38.6166,1.6775,-1.4784
765.002,2,-38.5993,1.6800,-1.4798
765.016,2,-38.5908,1.6817,-1.4803
765.033,2,-38.5741,1.6842,-1.4810
765.048,2,-38.5659,1.6853,-1.4811
765.067,2,-38.5577,1.6858,-1.4810
765.085,2,-38.5409,1.6870,-1.4814
765.102,2,-38.5238,1.6879,-1.4817
765.117,2,-38.5153,1.6877,-1.4817
765.132,2,-38.5069,1.6874,-1.4814
765.148,2,-38.4901,1.6870,-1.4814
765.163,2,-38.4815,1.6865,-1.4814
765.178,2,-38.4646,1.6857,-1.4813
765.193,2,-38.4560,1.6846,-1.4813
765.209,2,-38.4472,1.6836,-1.4813
765.224,2,-38.4300,1.6819,-1.4811
765.239,2,-38.4209,1.6810,-1.4810
765.254,2,-38.4120,1.6800,-1.4809
765.270,2,-38.3943,1.6779,-1.4805
765.285,2,-38.3851,1.6763,-1.4801
765.301,2,-38.3671,1.6730,-1.4793
765.316,2,-38.3580,1.6708,-1.4788
765.331,2,-38.3491,1.6686,-1.4782
765.348,2,-38.3311,1.6647,-1.4771
765.363,2,-38.3221,1.6630,-1.4762
765.378,2,-38.3038,1.6600,-1.4746
765.393,2,-38.2945,1.6592,-1.4737
765.413,2,-38.2852,1.6588,-1.4728
765.427,2,-38.2663,1.6586,-1.4709
765.442,2,-38.2563,1.6604,-1.4699
765.458,2,-38.2368,1.6629,-1.4682
765.473,2,-38.2267,1.6657,-1.4675
765.488,2,-38.2170,1.6682,-1.4670
765.503,2,-38.1974,1.6722,-1.4658
765.519,2,-38.1878,1.6737,-1.4654
765.534,2,-38.1691,1.6763,-1.4646
765.549,2,-38.1600,1.6773,-1.4646
765.565,2,-38.1509,1.6782,-1.4647
765.580,2,-38.1323,1.6806,-1.4648
765.596,2,-38.1230,1.6816,-1.4651
765.610,2,-38.1046,1.6837,-1.4657
765.625,2,-38.0956,1.6843,-1.4663
765.643,2,-38.0865,1.6848,-1.4671
765.659,2,-38.0683,1.6858,-1.4683
765.675,2,-38.0592,1.6856,-1.4693
765.697,2,-38.0410,1.6856,-1.4711
765.718,2,-38.0226,1.6854,-1.4732
765.740,2,-38.0044,1.6847,-1.4753
765.758,2,-37.9862,1.6837,-1.4774
765.776,2,-37.9771,1.6826,-1.4785
765.812,2,-37.9588,1.6809,-1.4805
765.826,2,-37.9318,1.6784,-1.4836
765.841,2,-37.9227,1.6771,-1.4845
765.856,2,-37.9042,1.6746,-1.4865
765.874,2,-37.8947,1.6728,-1.4876
765.891,2,-37.8762,1.6695,-1.4895
765.906,2,-37.8669,1.6675,-1.4904
765.922,2,-37.8482,1.6645,-1.4922
765.937,2,-37.8388,1.6635,-1.4930
765.952,2,-37.8293,1.6628,-1.4940
765.967,2,-37.8104,1.6615,-1.4960
765.982,2,-37.8006,1.6614,-1.4969
765.997,2,-37.7908,1.6623,-1.4979
766.011,2,-37.7711,1.6644,-1.5001
766.030,2,-37.7608,1.6678,-1.5013
766.046,2,-37.7407,1.6716,-1.5032
766.063,2,-37.7308,1.6744,-1.5038
766.079,2,-37.7108,1.6787,-1.5052
766.093,2,-37.7011,1.6808,-1.5054
766.108,2,-37.6916,1.6823,-1.5053
766.124,2,-37.6724,1.6849,-1.5054
766.139,2,-37.6629,1.6856,-1.5048
766.154,2,-37.6536,1.6862,-1.5038
766.170,2,-37.6348,1.6880,-1.5024
766.184,2,-37.6255,1.6890,-1.5015
766.200,2,-37.6071,1.6908,-1.4998
766.214,2,-37.5981,1.6913,-1.4988
766.230,2,-37.5894,1.6915,-1.4979
766.245,2,-37.5716,1.6924,-1.4963
766.261,2,-37.5628,1.6928,-1.4957
766.276,2,-37.5539,1.6930,-1.4954
766.292,2,-37.5359,1.6934,-1.4948
766.308,2,-37.5268,1.6932,-1.4949
766.324,2,-37.5090,1.6928,-1.4951
766.339,2,-37.4999,1.6919,-1.4958
766.355,2,-37.4907,1.6910,-1.4965
766.371,2,-37.4723,1.6893,-1.4975
766.386,2,-37.4629,1.6882,-1.4980
766.402,2,-37.4444,1.6858,-1.4990
766.416,2,-37.4352,1.6844,-1.4994
766.431,2,-37.4259,1.6826,-1.4999
766.447,2,-37.4167,1.6806,-1.5003
766.463,2,-37.3980,1.6770,-1.5009
766.478,2,-37.3887,1.6752,-1.5011
766.494,2,-37.3700,1.6723,-1.5014
766.510,2,-37.3512,1.6700,-1.5012
766.524,2,-37.3418,1.6694,-1.5007
766.541,2,-37.3326,1.6689,-1.5000
766.557,2,-37.3137,1.6682,-1.4991
766.572,2,-37.3039,1.6696,-1.4987
766.587,2,-37.2943,1.6717,-1.4982
766.602,2,-37.2752,1.6742,-1.4976
766.618,2,-37.2656,1.6765,-1.4973
766.634,2,-37.2465,1.6802,-1.4968
766.652,2,-37.2376,1.6818,-1.4967
766.668,2,-37.2192,1.6840,-1.4964
766.684,2,-37.2105,1.6847,-1.4964
766.698,2,-37.1924,1.6869,-1.4966
766.712,2,-37.1832,1.6880,-1.4969
766.731,2,-37.1742,1.6892,-1.4974
766.749,2,-37.1557,1.6916,-1.4981
766.765,2,-37.1466,1.6926,-1.4987
766.783,2,-37.1286,1.6940,-1.4995
766.798,2,-37.1196,1.6942,-1.5001
766.815,2,-37.1016,1.6946,-1.5011
766.830,2,-37.0927,1.6942,-1.5017
766.844,2,-37.0747,1.6941,-1.5027
766.860,2,-37.0656,1.6934,-1.5033
766.875,2,-37.0568,1.6925,-1.5036
766.890,2,-37.0392,1.6914,-1.5048
766.903,2,-37.0303,1.6904,-1.5054
766.921,2,-37.0216,1.6891,-1.5060
766.936,2,-37.0037,1.6871,-1.5073
766.949,2,-36.9946,1.6858,-1.5081
766.963,2,-36.9854,1.6846,-1.5089
766.977,2,-36.9676,1.6820,-1.5105
766.992,2,-36.9587,1.6802,-1.5113
767.007,2,-36.9498,1.6784,-1.5122
767.022,2,-36.9321,1.6755,-1.5138
767.036,2,-36.9230,1.6742,-1.5147
767.049,2,-36.9138,1.6730,-1.5158
767.063,2,-36.9047,1.6719,-1.5169
767.079,2,-36.8865,1.6696,-1.5190
767.092,2,-36.8772,1.6694,-1.5202
767.107,2,-36.8677,1.6704,-1.5216
767.121,2,-36.8487,1.6726,-1.5243
767.136,2,-36.8387,1.6756,-1.5257
767.151,2,-36.8288,1.6779,-1.5271
767.165,2,-36.8191,1.6801,-1.5283
767.179,2,-36.8000,1.6836,-1.5307
767.193,2,-36.7906,1.6854,-1.5316
767.208,2,-36.7814,1.6870,-1.5322
767.223,2,-36.7627,1.6901,-1.5338
767.237,2,-36.7535,1.6913,-1.5342
767.253,2,-36.7446,1.6922,-1.5345
767.269,2,-36.7266,1.6946,-1.5353
767.288,2,-36.7086,1.6968,-1.5359
767.306,2,-36.7000,1.6976,-1.5360
767.322,2,-36.6823,1.6993,-1.5364
767.338,2,-36.6738,1.6997,-1.5365
767.353,2,-36.6653,1.6999,-1.5365
767.369,2,-36.6478,1.7007,-1.5366
767.384,2,-36.6391,1.7008,-1.5366
767.398,2,-36.6218,1.7009,-1.5366
767.413,2,-36.6132,1.7007,-1.5365
767.431,2,-36.6048,1.7001,-1.5364
767.448,2,-36.5879,1.6992,-1.5361
767.463,2,-36.5794,1.6986,-1.5358
767.478,2,-36.5624,1.6976,-1.5355
767.492,2,-36.5540,1.6969,-1.5352
767.508,2,-36.5455,1.6959,-1.5349
767.523,2,-36.5285,1.6940,-1.5342
767.538,2,-36.5201,1.6925,-1.5336
767.552,2,-36.5116,1.6909,-1.5330
767.567,2,-36.4947,1.6878,-1.5318
767.581,2,-36.4864,1.6856,-1.5310
767.597,2,-36.4780,1.6838,-1.5303
767.613,2,-36.4611,1.6805,-1.5287
767.629,2,-36.4525,1.6791,-1.5277
767.644,2,-36.4357,1.6766,-1.5258
767.659,2,-36.4273,1.6757,-1.5247
767.677,2,-36.4192,1.6752,-1.5236
767.693,2,-36.4025,1.6747,-1.5214
767.708,2,-36.3941,1.6764,-1.5202
767.723,2,-36.3772,1.6797,-1.5181
767.737,2,-36.3689,1.6821,-1.5171
767.752,2,-36.3606,1.6845,-1.5162
767.767,2,-36.3522,1.6872,-1.5153
767.781,2,-36.3355,1.6912,-1.5134
767.796,2,-36.3276,1.6926,-1.5127
767.812,2,-36.3114,1.6949,-1.5111
767.826,2,-36.3036,1.6954,-1.5104
767.841,2,-36.2959,1.6957,-1.5098
767.856,2,-36.2800,1.6974,-1.5085
767.872,2,-36.2720,1.6984,-1.5081
767.888,2,-36.2641,1.6993,-1.5077
767.903,2,-36.2480,1.7010,-1.5069
767.918,2,-36.2400,1.7015,-1.5066
767.934,2,-36.2241,1.7025,-1.5060
767.948,2,-36.2165,1.7027,-1.5059
767.963,2,-36.2087,1.7028,-1.5060
767.978,2,-36.1928,1.7032,-1.5058
767.992,2,-36.1850,1.7031,-1.5059
768.009,2,-36.1773,1.7029,-1.5060
768.025,2,-36.1617,1.7027,-1.5061
768.040,2,-36.1542,1.7022,-1.5062
768.054,2,-36.1388,1.7013,-1.5064
768.068,2,-36.1313,1.7006,-1.5065
768.085,2,-36.1240,1.6997,-1.5067
768.100,2,-36.1088,1.6981,-1.5070
768.115,2,-36.1014,1.6969,-1.5073
768.129,2,-36.0939,1.6957,-1.5075
768.143,2,-36.0788,1.6934,-1.5079
768.156,2,-36.0714,1.6919,-1.5082
768.170,2,-36.0641,1.6907,-1.5085
768.184,2,-36.0569,1.6898,-1.5088
768.199,2,-36.0423,1.6879,-1.5094
768.215,2,-36.0352,1.6873,-1.5098
768.229,2,-36.0282,1.6869,-1.5102
768.244,2,-36.0141,1.6861,-1.5109
768.257,2,-36.0071,1.6865,-1.5113
768.271,2,-36.0002,1.6875,-1.5118
768.286,2,-35.9936,1.6889,-1.5122
768.300,2,-35.9798,1.6903,-1.5131
768.314,2,-35.9731,1.6917,-1.5136
768.329,2,-35.9663,1.6938,-1.5141
768.344,2,-35.9528,1.6968,-1.5148
768.360,2,-35.9462,1.6979,-1.5151
768.375,2,-35.9397,1.6983,-1.5153
768.391,2,-35.9265,1.6997,-1.5159
768.405,2,-35.9197,1.7003,-1.5160
768.420,2,-35.9063,1.7016,-1.5162
768.435,2,-35.8996,1.7021,-1.5162
768.450,2,-35.8928,1.7027,-1.5163
768.465,2,-35.8794,1.7040,-1.5163
768.480,2,-35.8728,1.7046,-1.5162
768.495,2,-35.8663,1.7050,-1.5161
768.509,2,-35.8599,1.7054,-1.5160
768.524,2,-35.8468,1.7061,-1.5158
768.540,2,-35.8404,1.7066,-1.5156
768.555,2,-35.8276,1.7074,-1.5152
768.570,2,-35.8212,1.7078,-1.5149
768.584,2,-35.8149,1.7081,-1.5145
768.598,2,-35.8086,1.7083,-1.5142
768.613,2,-35.7960,1.7087,-1.5136
768.626,2,-35.7897,1.7086,-1.5132
768.641,2,-35.7835,1.7084,-1.5128
768.657,2,-35.7713,1.7082,-1.5120
768.671,2,-35.7652,1.7079,-1.5115
768.686,2,-35.7593,1.7075,-1.5111
768.701,2,-35.7471,1.7064,-1.5100
768.718,2,-35.7415,1.7052,-1.5095
768.732,2,-35.7297,1.7034,-1.5084
768.747,2,-35.7239,1.7022,-1.5077
768.762,2,-35.7183,1.7010,-1.5071
768.777,2,-35.7069,1.6988,-1.5058
768.791,2,-35.7013,1.6978,-1.5050
768.807,2,-35.6959,1.6967,-1.5042
768.822,2,-35.6850,1.6945,-1.5028
768.836,2,-35.6797,1.6937,-1.5020
768.851,2,-35.6745,1.6933,-1.5012
768.866,2,-35.6694,1.6937,-1.5005
768.881,2,-35.6589,1.6941,-1.4990
768.895,2,-35.6537,1.6951,-1.4983
768.909,2,-35.6486,1.6963,-1.4978
768.926,2,-35.6386,1.6982,-1.4967
768.940,2,-35.6339,1.6987,-1.4963
768.955,2,-35.6243,1.6996,-1.4955
768.969,2,-35.6199,1.6996,-1.4953
768.984,2,-35.6157,1.6996,-1.4952
769.000,2,-35.6069,1.6996,-1.4948
769.018,2,-35.6028,1.6993,-1.4948
769.036,2,-35.5943,1.6994,-1.4947
769.050,2,-35.5903,1.6997,-1.4949
769.064,2,-35.5821,1.7002,-1.4949
769.079,2,-35.5784,1.7004,-1.4951
769.096,2,-35.5747,1.7005,-1.4953
769.111,2,-35.5670,1.7010,-1.4958
769.124,2,-35.5633,1.7018,-1.4962
769.139,2,-35.5598,1.7028,-1.4968
769.153,2,-35.5564,1.7036,-1.4974
769.170,2,-35.5493,1.7048,-1.4984
769.186,2,-35.5462,1.7053,-1.4990
769.200,2,-35.5396,1.7062,-1.5001
769.213,2,-35.5366,1.7065,-1.5007
769.228,2,-35.5337,1.7068,-1.5012
769.242,2,-35.5276,1.7076,-1.5024
769.256,2,-35.5250,1.7075,-1.5031
769.271,2,-35.5224,1.7075,-1.5038
769.284,2,-35.5197,1.7075,-1.5044
769.299,2,-35.5171,1.7073,-1.5053
769.313,2,-35.5118,1.7068,-1.5067
769.328,2,-35.5095,1.7061,-1.5074
769.342,2,-35.5071,1.7056,-1.5081
769.358,2,-35.5022,1.7048,-1.5095
769.372,2,-35.4998,1.7047,-1.5101
769.388,2,-35.4948,1.7058,-1.5116
769.401,2,-35.4925,1.7074,-1.5126
769.416,2,-35.4905,1.7081,-1.5134
769.430,2,-35.4887,1.7079,-1.5140
769.445,2,-35.4847,1.7073,-1.5151
769.459,2,-35.4833,1.7067,-1.5153
769.474,2,-35.4817,1.7063,-1.5157
769.488,2,-35.4786,1.7057,-1.5164
769.502,2,-35.4773,1.7053,-1.5165
769.518,2,-35.4758,1.7051,-1.5168
769.532,2,-35.4744,1.7048,-1.5169
769.547,2,-35.4716,1.7044,-1.5175
769.562,2,-35.4703,1.7042,-1.5177
769.578,2,-35.4676,1.7038,-1.5183
769.592,2,-35.4663,1.7037,-1.5185
769.607,2,-35.4650,1.7037,-1.5187
769.622,2,-35.4624,1.7035,-1.5190
769.637,2,-35.4614,1.7033,-1.5191
769.651,2,-35.4594,1.7031,-1.5195
769.666,2,-35.4585,1.7032,-1.5196
769.684,2,-35.4577,1.7034,-1.5198
769.699,2,-35.4559,1.7035,-1.5200
769.713,2,-35.4551,1.7037,-1.5200
769.728,2,-35.4544,1.7039,-1.5201
769.742,2,-35.4537,1.7041,-1.5202
769.758,2,-35.4524,1.7043,-1.5204
769.772,2,-35.4519,1.7043,-1.5204
769.787,2,-35.4507,1.7044,-1.5206
769.801,2,-35.4502,1.7045,-1.5207
769.816,2,-35.4496,1.7045,-1.5207
769.831,2,-35.4484,1.7046,-1.5208
769.845,2,-35.4479,1.7046,-1.5208
769.861,2,-35.4474,1.7046,-1.5209
769.877,2,-35.4470,1.7046,-1.5212
769.891,2,-35.4461,1.7046,-1.5214
769.906,2,-35.4457,1.7045,-1.5215
769.921,2,-35.4449,1.7043,-1.5217
769.936,2,-35.4446,1.7041,-1.5219
769.951,2,-35.4444,1.7039,-1.5221
769.967,2,-35.4437,1.7035,-1.5224
769.980,2,-35.4435,1.7034,-1.5227
769.996,2,-35.4433,1.7032,-1.5228

# --- Trial 3 start ---
777.956,3,-39.4376,1.6772,-1.4298
778.034,3,-39.4393,1.6773,-1.4299
778.058,3,-39.4400,1.6774,-1.4298
778.073,3,-39.4402,1.6775,-1.4297
778.095,3,-39.4406,1.6775,-1.4295
778.113,3,-39.4411,1.6776,-1.4292
778.128,3,-39.4412,1.6776,-1.4290
778.143,3,-39.4416,1.6777,-1.4288
778.159,3,-39.4417,1.6776,-1.4286
778.176,3,-39.4421,1.6777,-1.4284
778.190,3,-39.4422,1.6776,-1.4282
778.210,3,-39.4426,1.6777,-1.4280
778.225,3,-39.4426,1.6778,-1.4278
778.240,3,-39.4429,1.6777,-1.4275
778.254,3,-39.4430,1.6778,-1.4273
778.269,3,-39.4431,1.6779,-1.4271
778.284,3,-39.4434,1.6782,-1.4267
778.299,3,-39.4435,1.6785,-1.4265
778.314,3,-39.4435,1.6788,-1.4262
778.330,3,-39.4436,1.6792,-1.4255
778.345,3,-39.4437,1.6795,-1.4251
778.361,3,-39.4438,1.6799,-1.4242
778.375,3,-39.4438,1.6801,-1.4236
778.393,3,-39.4437,1.6802,-1.4229
778.412,3,-39.4435,1.6805,-1.4217
778.430,3,-39.4430,1.6808,-1.4203
778.445,3,-39.4428,1.6808,-1.4195
778.460,3,-39.4422,1.6809,-1.4178
778.474,3,-39.4419,1.6809,-1.4167
778.489,3,-39.4415,1.6809,-1.4157
778.504,3,-39.4408,1.6808,-1.4136
778.519,3,-39.4405,1.6807,-1.4123
778.534,3,-39.4401,1.6804,-1.4110
778.549,3,-39.4393,1.6801,-1.4086
778.564,3,-39.4388,1.6798,-1.4073
778.579,3,-39.4383,1.6794,-1.4060
778.595,3,-39.4375,1.6788,-1.4035
778.611,3,-39.4370,1.6783,-1.4022
778.627,3,-39.4362,1.6774,-1.3996
778.643,3,-39.4357,1.6767,-1.3985
778.658,3,-39.4352,1.6761,-1.3974
778.675,3,-39.4341,1.6752,-1.3951
778.690,3,-39.4335,1.6752,-1.3940
778.706,3,-39.4322,1.6748,-1.3919
778.721,3,-39.4315,1.6746,-1.3910
778.736,3,-39.4307,1.6745,-1.3902
778.751,3,-39.4292,1.6744,-1.3884
778.767,3,-39.4283,1.6746,-1.3876
778.783,3,-39.4276,1.6745,-1.3868
778.799,3,-39.4261,1.6741,-1.3854
778.816,3,-39.4254,1.6736,-1.3849
778.831,3,-39.4238,1.6730,-1.3838
778.846,3,-39.4231,1.6728,-1.3835
778.862,3,-39.4214,1.6722,-1.3827
778.878,3,-39.4205,1.6720,-1.3826
778.894,3,-39.4188,1.6716,-1.3823
778.910,3,-39.4181,1.6714,-1.3824
778.925,3,-39.4174,1.6711,-1.3825
778.942,3,-39.4159,1.6708,-1.3825
778.958,3,-39.4152,1.6708,-1.3827
778.974,3,-39.4137,1.6709,-1.3829
778.990,3,-39.4128,1.6713,-1.3832
779.006,3,-39.4112,1.6717,-1.3838
779.022,3,-39.4102,1.6721,-1.3843
779.040,3,-39.4084,1.6726,-1.3851
779.059,3,-39.4073,1.6730,-1.3857
779.075,3,-39.4051,1.6735,-1.3868
779.090,3,-39.4037,1.6737,-1.3876
779.107,3,-39.4012,1.6739,-1.3890
779.122,3,-39.3998,1.6738,-1.3899
779.138,3,-39.3984,1.6736,-1.3908
779.154,3,-39.3955,1.6732,-1.3925
779.170,3,-39.3939,1.6729,-1.3936
779.186,3,-39.3909,1.6724,-1.3956
779.202,3,-39.3891,1.6719,-1.3968
779.219,3,-39.3858,1.6710,-1.3991
779.234,3,-39.3840,1.6702,-1.4003
779.250,3,-39.3806,1.6686,-1.4028
779.266,3,-39.3790,1.6673,-1.4040
779.281,3,-39.3775,1.6660,-1.4052
779.297,3,-39.3730,1.6679,-1.4079
779.312,3,-39.3692,1.6748,-1.4102
779.327,3,-39.3644,1.6807,-1.4138
779.343,3,-39.3624,1.6807,-1.4155
779.360,3,-39.3598,1.6788,-1.4169
779.378,3,-39.3545,1.6779,-1.4197
779.393,3,-39.3492,1.6779,-1.4230
779.408,3,-39.3464,1.6788,-1.4250
779.427,3,-39.3437,1.6791,-1.4269
779.443,3,-39.3385,1.6785,-1.4305
779.457,3,-39.3361,1.6771,-1.4325
779.472,3,-39.3315,1.6752,-1.4364
779.487,3,-39.3288,1.6747,-1.4387
779.502,3,-39.3260,1.6752,-1.4410
779.517,3,-39.3202,1.6754,-1.4456
779.531,3,-39.3171,1.6759,-1.4480
779.546,3,-39.3141,1.6761,-1.4503
779.561,3,-39.3114,1.6765,-1.4527
779.575,3,-39.3056,1.6772,-1.4570
779.591,3,-39.3026,1.6777,-1.4591
779.606,3,-39.2965,1.6783,-1.4630
779.621,3,-39.2933,1.6784,-1.4651
779.635,3,-39.2902,1.6786,-1.4670
779.650,3,-39.2840,1.6791,-1.4710
779.665,3,-39.2807,1.6790,-1.4728
779.680,3,-39.2773,1.6784,-1.4741
779.695,3,-39.2704,1.6779,-1.4774
779.710,3,-39.2667,1.6774,-1.4789
779.726,3,-39.2630,1.6772,-1.4807
779.742,3,-39.2555,1.6767,-1.4835
779.757,3,-39.2514,1.6765,-1.4847
779.773,3,-39.2431,1.6762,-1.4871
779.788,3,-39.2384,1.6760,-1.4881
779.804,3,-39.2338,1.6758,-1.4890
779.820,3,-39.2247,1.6754,-1.4909
779.835,3,-39.2198,1.6753,-1.4916
779.851,3,-39.2104,1.6742,-1.4924
779.867,3,-39.2052,1.6740,-1.4928
779.883,3,-39.1951,1.6737,-1.4941
779.898,3,-39.1899,1.6733,-1.4944
779.913,3,-39.1848,1.6726,-1.4948
779.929,3,-39.1745,1.6714,-1.4952
779.945,3,-39.1688,1.6708,-1.4952
779.961,3,-39.1576,1.6698,-1.4952
779.976,3,-39.1520,1.6690,-1.4950
779.996,3,-39.1463,1.6678,-1.4942
780.013,3,-39.1347,1.6663,-1.4934
780.028,3,-39.1230,1.6647,-1.4926
780.042,3,-39.1168,1.6639,-1.4919
780.057,3,-39.1105,1.6626,-1.4909
780.073,3,-39.0984,1.6602,-1.4892
780.089,3,-39.0921,1.6587,-1.4878
780.104,3,-39.0797,1.6568,-1.4859
780.120,3,-39.0728,1.6563,-1.4847
780.136,3,-39.0659,1.6556,-1.4831
780.152,3,-39.0525,1.6543,-1.4804
780.168,3,-39.0457,1.6535,-1.4786
780.183,3,-39.0323,1.6528,-1.4757
780.199,3,-39.0249,1.6541,-1.4741
780.214,3,-39.0176,1.6555,-1.4724
780.231,3,-39.0028,1.6579,-1.4690
780.250,3,-38.9953,1.6597,-1.4673
780.265,3,-38.9804,1.6635,-1.4643
780.281,3,-38.9727,1.6661,-1.4631
780.297,3,-38.9578,1.6699,-1.4603
780.312,3,-38.9505,1.6713,-1.4591
780.328,3,-38.9364,1.6735,-1.4567
780.343,3,-38.9297,1.6740,-1.4559
780.359,3,-38.9227,1.6747,-1.4551
780.374,3,-38.9085,1.6764,-1.4533
780.390,3,-38.9014,1.6768,-1.4526
780.406,3,-38.8874,1.6780,-1.4513
780.423,3,-38.8798,1.6785,-1.4511
780.439,3,-38.8654,1.6798,-1.4503
780.454,3,-38.8581,1.6799,-1.4502
780.473,3,-38.8435,1.6799,-1.4495
780.490,3,-38.8364,1.6794,-1.4494
780.505,3,-38.8215,1.6792,-1.4494
780.520,3,-38.8140,1.6790,-1.4495
780.534,3,-38.8066,1.6787,-1.4494
780.549,3,-38.7914,1.6782,-1.4494
780.564,3,-38.7839,1.6775,-1.4495
780.579,3,-38.7762,1.6769,-1.4497
780.593,3,-38.7610,1.6757,-1.4499
780.608,3,-38.7529,1.6747,-1.4502
780.623,3,-38.7451,1.6737,-1.4504
780.638,3,-38.7291,1.6717,-1.4508
780.653,3,-38.7207,1.6703,-1.4512
780.671,3,-38.7122,1.6687,-1.4519
780.686,3,-38.6955,1.6658,-1.4528
780.700,3,-38.6869,1.6641,-1.4534
780.715,3,-38.6698,1.6610,-1.4546
780.728,3,-38.6610,1.6595,-1.4554
780.742,3,-38.6520,1.6582,-1.4563
780.758,3,-38.6430,1.6571,-1.4572
780.773,3,-38.6250,1.6552,-1.4589
780.791,3,-38.6155,1.6549,-1.4600
780.809,3,-38.5971,1.6541,-1.4620
780.824,3,-38.5784,1.6544,-1.4641
780.840,3,-38.5689,1.6562,-1.4652
780.856,3,-38.5595,1.6577,-1.4662
780.871,3,-38.5499,1.6594,-1.4672
780.887,3,-38.5309,1.6627,-1.4692
780.903,3,-38.5214,1.6649,-1.4701
780.919,3,-38.5026,1.6679,-1.4717
780.935,3,-38.4936,1.6688,-1.4722
780.951,3,-38.4756,1.6708,-1.4730
780.966,3,-38.4667,1.6716,-1.4732
780.983,3,-38.4578,1.6727,-1.4733
780.998,3,-38.4397,1.6751,-1.4737
781.013,3,-38.4304,1.6764,-1.4737
781.028,3,-38.4123,1.6787,-1.4739
781.043,3,-38.4030,1.6797,-1.4738
781.059,3,-38.3937,1.6804,-1.4738
781.075,3,-38.3754,1.6816,-1.4738
781.090,3,-38.3663,1.6815,-1.4736
781.106,3,-38.3478,1.6819,-1.4734
781.121,3,-38.3384,1.6816,-1.4732
781.137,3,-38.3289,1.6813,-1.4731
781.153,3,-38.3099,1.6808,-1.4728
781.168,3,-38.3001,1.6800,-1.4727
781.183,3,-38.2814,1.6784,-1.4724
781.198,3,-38.2719,1.6772,-1.4722
781.214,3,-38.2622,1.6759,-1.4721
781.229,3,-38.2429,1.6737,-1.4717
781.244,3,-38.2329,1.6723,-1.4714
781.260,3,-38.2134,1.6691,-1.4708
781.274,3,-38.2039,1.6668,-1.4703
781.291,3,-38.1943,1.6644,-1.4698
781.306,3,-38.1747,1.6603,-1.4689
781.322,3,-38.1645,1.6585,-1.4681
781.338,3,-38.1445,1.6555,-1.4669
781.353,3,-38.1344,1.6545,-1.4662
781.368,3,-38.1243,1.6538,-1.4654
781.384,3,-38.1040,1.6529,-1.4640
781.400,3,-38.0935,1.6540,-1.4632
781.418,3,-38.0726,1.6561,-1.4615
781.437,3,-38.0617,1.6595,-1.4607
781.453,3,-38.0404,1.6636,-1.4593
781.468,3,-38.0298,1.6659,-1.4586
781.485,3,-38.0091,1.6690,-1.4573
781.500,3,-37.9993,1.6694,-1.4567
781.515,3,-37.9796,1.6709,-1.4556
781.530,3,-37.9703,1.6715,-1.4552
781.544,3,-37.9609,1.6725,-1.4551
781.559,3,-37.9513,1.6738,-1.4548
781.574,3,-37.9319,1.6761,-1.4541
781.588,3,-37.9224,1.6771,-1.4540
781.602,3,-37.9129,1.6781,-1.4538
781.617,3,-37.8938,1.6800,-1.4536
781.633,3,-37.8843,1.6806,-1.4538
781.648,3,-37.8655,1.6814,-1.4540
781.661,3,-37.8561,1.6812,-1.4543
781.680,3,-37.8468,1.6808,-1.4547
781.694,3,-37.8279,1.6807,-1.4554
781.708,3,-37.8184,1.6804,-1.4558
781.723,3,-37.8088,1.6798,-1.4563
781.737,3,-37.7897,1.6791,-1.4571
781.752,3,-37.7799,1.6784,-1.4576
781.767,3,-37.7705,1.6776,-1.4582
781.781,3,-37.7610,1.6769,-1.4589
781.796,3,-37.7416,1.6755,-1.4601
781.810,3,-37.7320,1.6746,-1.4608
781.825,3,-37.7221,1.6735,-1.4615
781.840,3,-37.7027,1.6715,-1.4629
781.854,3,-37.6928,1.6700,-1.4637
781.869,3,-37.6835,1.6685,-1.4646
781.883,3,-37.6642,1.6657,-1.4662
781.898,3,-37.6546,1.6646,-1.4671
781.913,3,-37.6449,1.6638,-1.4681
781.927,3,-37.6255,1.6623,-1.4701
781.941,3,-37.6155,1.6618,-1.4713
781.955,3,-37.6059,1.6614,-1.4725
781.971,3,-37.5861,1.6618,-1.4747
781.984,3,-37.5761,1.6634,-1.4760
782.002,3,-37.5660,1.6649,-1.4771
782.017,3,-37.5464,1.6671,-1.4794
782.031,3,-37.5365,1.6690,-1.4806
782.046,3,-37.5269,1.6707,-1.4815
782.064,3,-37.5073,1.6736,-1.4834
782.081,3,-37.4878,1.6765,-1.4851
782.095,3,-37.4780,1.6777,-1.4858
782.110,3,-37.4683,1.6789,-1.4863
782.125,3,-37.4492,1.6813,-1.4873
782.140,3,-37.4394,1.6827,-1.4876
782.155,3,-37.4297,1.6840,-1.4879
782.170,3,-37.4106,1.6862,-1.4886
782.184,3,-37.4011,1.6869,-1.4888
782.199,3,-37.3917,1.6871,-1.4889
782.216,3,-37.3729,1.6881,-1.4892
782.232,3,-37.3632,1.6884,-1.4893
782.248,3,-37.3441,1.6890,-1.4894
782.265,3,-37.3346,1.6886,-1.4894
782.281,3,-37.3251,1.6880,-1.4893
782.296,3,-37.3060,1.6872,-1.4893
782.310,3,-37.2961,1.6861,-1.4893
782.325,3,-37.2770,1.6845,-1.4892
782.339,3,-37.2675,1.6830,-1.4892
782.356,3,-37.2579,1.6814,-1.4892
782.370,3,-37.2388,1.6786,-1.4890
782.384,3,-37.2294,1.6767,-1.4887
782.397,3,-37.2200,1.6747,-1.4885
782.412,3,-37.2105,1.6726,-1.4881
782.427,3,-37.2010,1.6708,-1.4876
782.441,3,-37.1820,1.6675,-1.4868
782.456,3,-37.1723,1.6663,-1.4863
782.470,3,-37.1531,1.6640,-1.4853
782.484,3,-37.1434,1.6634,-1.4847
782.499,3,-37.1338,1.6628,-1.4839
782.513,3,-37.1146,1.6614,-1.4825
782.527,3,-37.1048,1.6618,-1.4817
782.541,3,-37.0951,1.6636,-1.4809
782.556,3,-37.0852,1.6657,-1.4804
782.571,3,-37.0658,1.6681,-1.4791
782.585,3,-37.0563,1.6704,-1.4785
782.600,3,-37.0466,1.6728,-1.4781
782.615,3,-37.0275,1.6766,-1.4773
782.629,3,-37.0182,1.6781,-1.4770
782.644,3,-37.0090,1.6792,-1.4768
782.658,3,-37.0000,1.6801,-1.4767
782.672,3,-36.9816,1.6824,-1.4764
782.689,3,-36.9727,1.6835,-1.4763
782.707,3,-36.9544,1.6858,-1.4763
782.722,3,-36.9449,1.6870,-1.4764
782.737,3,-36.9268,1.6890,-1.4765
782.751,3,-36.9177,1.6897,-1.4766
782.767,3,-36.9087,1.6901,-1.4767
782.782,3,-36.8905,1.6910,-1.4769
782.797,3,-36.8814,1.6911,-1.4771
782.813,3,-36.8722,1.6910,-1.4774
782.829,3,-36.8541,1.6910,-1.4778
782.842,3,-36.8449,1.6907,-1.4781
782.858,3,-36.8358,1.6903,-1.4784
782.873,3,-36.8177,1.6896,-1.4789
782.889,3,-36.8086,1.6889,-1.4793
782.904,3,-36.7905,1.6880,-1.4799
782.919,3,-36.7814,1.6871,-1.4803
782.934,3,-36.7723,1.6862,-1.4807
782.950,3,-36.7543,1.6843,-1.4816
782.965,3,-36.7452,1.6830,-1.4822
782.981,3,-36.7271,1.6804,-1.4832
782.995,3,-36.7180,1.6788,-1.4838
783.011,3,-36.7089,1.6772,-1.4845
783.026,3,-36.6998,1.6759,-1.4852
783.041,3,-36.6814,1.6739,-1.4866
783.057,3,-36.6719,1.6733,-1.4875
783.072,3,-36.6535,1.6718,-1.4892
783.088,3,-36.6441,1.6719,-1.4902
783.103,3,-36.6254,1.6728,-1.4922
783.117,3,-36.6159,1.6749,-1.4934
783.133,3,-36.6065,1.6768,-1.4943
783.148,3,-36.5876,1.6799,-1.4963
783.164,3,-36.5782,1.6822,-1.4972
783.179,3,-36.5690,1.6841,-1.4980
783.193,3,-36.5507,1.6870,-1.4994
783.209,3,-36.5421,1.6878,-1.4997
783.224,3,-36.5246,1.6897,-1.5008
783.239,3,-36.5161,1.6902,-1.5010
783.257,3,-36.5077,1.6908,-1.5010
783.273,3,-36.4903,1.6927,-1.5016
783.288,3,-36.4819,1.6938,-1.5017
783.303,3,-36.4648,1.6954,-1.5020
783.318,3,-36.4566,1.6956,-1.5020
783.333,3,-36.4485,1.6957,-1.5020
783.346,3,-36.4403,1.6960,-1.5019
783.362,3,-36.4239,1.6967,-1.5019
783.377,3,-36.4160,1.6968,-1.5017
783.392,3,-36.3999,1.6971,-1.5014
783.406,3,-36.3921,1.6969,-1.5011
783.422,3,-36.3843,1.6966,-1.5009
783.438,3,-36.3687,1.6961,-1.5005
783.453,3,-36.3610,1.6954,-1.5002
783.467,3,-36.3534,1.6948,-1.4999
783.482,3,-36.3378,1.6937,-1.4993
783.496,3,-36.3305,1.6930,-1.4989
783.510,3,-36.3228,1.6921,-1.4984
783.524,3,-36.3077,1.6904,-1.4975
783.538,3,-36.3001,1.6892,-1.4968
783.552,3,-36.2927,1.6879,-1.4962
783.567,3,-36.2852,1.6866,-1.4954
783.582,3,-36.2700,1.6844,-1.4940
783.596,3,-36.2624,1.6834,-1.4931
783.614,3,-36.2548,1.6825,-1.4922
783.632,3,-36.2399,1.6809,-1.4906
783.646,3,-36.2250,1.6795,-1.4888
783.659,3,-36.2178,1.6792,-1.4878
783.672,3,-36.2105,1.6791,-1.4869
783.687,3,-36.2030,1.6800,-1.4860
783.702,3,-36.1957,1.6815,-1.4851
783.717,3,-36.1809,1.6834,-1.4834
783.730,3,-36.1733,1.6850,-1.4824
783.745,3,-36.1657,1.6872,-1.4816
783.759,3,-36.1508,1.6904,-1.4800
783.777,3,-36.1434,1.6918,-1.4793
783.792,3,-36.1360,1.6927,-1.4788
783.807,3,-36.1215,1.6944,-1.4777
783.823,3,-36.1142,1.6947,-1.4772
783.838,3,-36.0997,1.6960,-1.4763
783.851,3,-36.0925,1.6965,-1.4760
783.866,3,-36.0853,1.6970,-1.4758
783.882,3,-36.0703,1.6980,-1.4751
783.896,3,-36.0630,1.6983,-1.4750
783.911,3,-36.0558,1.6986,-1.4749
783.932,3,-36.0415,1.6991,-1.4748
783.949,3,-36.0272,1.6994,-1.4748
783.963,3,-36.0201,1.6995,-1.4750
783.978,3,-36.0131,1.6995,-1.4751
783.993,3,-35.9990,1.6996,-1.4753
784.007,3,-35.9918,1.6994,-1.4756
784.022,3,-35.9848,1.6992,-1.4758
784.037,3,-35.9707,1.6987,-1.4763
784.052,3,-35.9635,1.6982,-1.4767
784.067,3,-35.9565,1.6975,-1.4771
784.082,3,-35.9427,1.6963,-1.4779
784.098,3,-35.9357,1.6954,-1.4785
784.113,3,-35.9220,1.6940,-1.4795
784.127,3,-35.9154,1.6931,-1.4801
784.145,3,-35.9089,1.6921,-1.4809
784.160,3,-35.8954,1.6903,-1.4822
784.174,3,-35.8889,1.6893,-1.4831
784.189,3,-35.8823,1.6885,-1.4839
784.204,3,-35.8691,1.6870,-1.4854
784.218,3,-35.8626,1.6864,-1.4863
784.234,3,-35.8560,1.6860,-1.4874
784.248,3,-35.8431,1.6849,-1.4894
784.262,3,-35.8366,1.6845,-1.4907
784.278,3,-35.8303,1.6840,-1.4920
784.297,3,-35.8175,1.6830,-1.4944
784.313,3,-35.8046,1.6828,-1.4970
784.328,3,-35.7982,1.6832,-1.4983
784.346,3,-35.7918,1.6842,-1.4997
784.361,3,-35.7790,1.6854,-1.5023
784.376,3,-35.7724,1.6870,-1.5035
784.393,3,-35.7595,1.6897,-1.5061
784.411,3,-35.7531,1.6915,-1.5073
784.425,3,-35.7401,1.6941,-1.5095
784.440,3,-35.7337,1.6953,-1.5105
784.455,3,-35.7273,1.6961,-1.5113
784.471,3,-35.7144,1.6975,-1.5130
784.486,3,-35.7081,1.6979,-1.5138
784.500,3,-35.6955,1.6990,-1.5154
784.514,3,-35.6889,1.6993,-1.5161
784.529,3,-35.6825,1.6997,-1.5168
784.543,3,-35.6761,1.7001,-1.5174
784.557,3,-35.6698,1.7006,-1.5180
784.572,3,-35.6579,1.7014,-1.5192
784.585,3,-35.6521,1.7017,-1.5197
784.600,3,-35.6462,1.7020,-1.5199
784.614,3,-35.6404,1.7025,-1.5201
784.629,3,-35.6290,1.7036,-1.5208
784.643,3,-35.6237,1.7041,-1.5209
784.658,3,-35.6184,1.7044,-1.5211
784.672,3,-35.6131,1.7047,-1.5213
784.687,3,-35.6028,1.7053,-1.5215
784.704,3,-35.5977,1.7057,-1.5215
784.722,3,-35.5878,1.7066,-1.5214
784.736,3,-35.5829,1.7068,-1.5212
784.749,3,-35.5782,1.7068,-1.5210
784.763,3,-35.5734,1.7066,-1.5206
784.777,3,-35.5642,1.7063,-1.5201
784.791,3,-35.5598,1.7058,-1.5197
784.808,3,-35.5557,1.7052,-1.5192
784.821,3,-35.5472,1.7044,-1.5182
784.835,3,-35.5434,1.7038,-1.5178
784.850,3,-35.5396,1.7032,-1.5173
784.865,3,-35.5358,1.7026,-1.5164
784.879,3,-35.5320,1.7019,-1.5156
784.892,3,-35.5244,1.7007,-1.5140
784.907,3,-35.5209,1.7002,-1.5130
784.922,3,-35.5174,1.6997,-1.5121
784.936,3,-35.5102,1.6995,-1.5104
784.950,3,-35.5067,1.7003,-1.5095
784.965,3,-35.5032,1.7014,-1.5085
784.980,3,-35.4962,1.7026,-1.5069
784.996,3,-35.4929,1.7031,-1.5060
785.010,3,-35.4897,1.7034,-1.5051
785.025,3,-35.4833,1.7038,-1.5034
785.040,3,-35.4804,1.7037,-1.5027
785.054,3,-35.4775,1.7033,-1.5021
785.069,3,-35.4747,1.7026,-1.5014
785.085,3,-35.4688,1.7015,-1.5001
785.100,3,-35.4658,1.7008,-1.4996
785.114,3,-35.4601,1.6995,-1.4984
785.130,3,-35.4573,1.6991,-1.4980
785.145,3,-35.4517,1.6985,-1.4973
785.160,3,-35.4491,1.6983,-1.4971
785.177,3,-35.4466,1.6983,-1.4968
785.196,3,-35.4416,1.6990,-1.4966
785.214,3,-35.4366,1.7005,-1.4965
785.227,3,-35.4344,1.7017,-1.4966
785.243,3,-35.4323,1.7027,-1.4967
785.257,3,-35.4305,1.7035,-1.4968
785.272,3,-35.4267,1.7044,-1.4969
785.287,3,-35.4254,1.7043,-1.4969
785.302,3,-35.4222,1.7044,-1.4970
785.316,3,-35.4210,1.7041,-1.4972
785.332,3,-35.4199,1.7039,-1.4974
785.347,3,-35.4171,1.7037,-1.4977
785.361,3,-35.4161,1.7033,-1.4979
785.376,3,-35.4150,1.7028,-1.4982
785.391,3,-35.4141,1.7022,-1.4983
785.406,3,-35.4121,1.7014,-1.4987
785.421,3,-35.4112,1.7016,-1.4992
785.437,3,-35.4093,1.7023,-1.4998
785.453,3,-35.4086,1.7034,-1.5004
785.468,3,-35.4069,1.7045,-1.5011
785.483,3,-35.4065,1.7047,-1.5016
785.498,3,-35.4064,1.7045,-1.5021
785.512,3,-35.4061,1.7041,-1.5025
785.528,3,-35.4053,1.7036,-1.5030
785.543,3,-35.4045,1.7030,-1.5037
785.557,3,-35.4041,1.7024,-1.5042
785.575,3,-35.4038,1.7020,-1.5046
785.590,3,-35.4034,1.7017,-1.5051
785.605,3,-35.4027,1.7011,-1.5059
785.620,3,-35.4022,1.7010,-1.5064
785.635,3,-35.4013,1.7008,-1.5072
785.653,3,-35.4008,1.7010,-1.5078
785.672,3,-35.3999,1.7012,-1.5087
785.685,3,-35.3995,1.7014,-1.5091
785.699,3,-35.3990,1.7016,-1.5097
785.714,3,-35.3985,1.7016,-1.5106
785.729,3,-35.3983,1.7014,-1.5109
785.743,3,-35.3977,1.7011,-1.5116
785.757,3,-35.3974,1.7008,-1.5120
785.772,3,-35.3974,1.7006,-1.5123
785.787,3,-35.3971,1.7006,-1.5126
785.800,3,-35.3967,1.7005,-1.5129
785.814,3,-35.3961,1.7003,-1.5137
785.828,3,-35.3957,1.7003,-1.5140
785.842,3,-35.3955,1.7003,-1.5146
785.855,3,-35.3952,1.7002,-1.5151
785.869,3,-35.3947,1.7001,-1.5157
785.883,3,-35.3944,1.7001,-1.5160
785.897,3,-35.3943,1.6999,-1.5162
785.911,3,-35.3942,1.6997,-1.5167
785.925,3,-35.3938,1.6995,-1.5171
785.939,3,-35.3936,1.6994,-1.5173
785.954,3,-35.3936,1.6994,-1.5176
785.968,3,-35.3933,1.6993,-1.5180

# --- Trial 4 start ---
794.416,4,-39.4711,1.6826,-1.4699
794.497,4,-39.4739,1.6822,-1.4671
794.524,4,-39.4747,1.6821,-1.4663
794.549,4,-39.4757,1.6820,-1.4653
794.566,4,-39.4764,1.6819,-1.4646
794.580,4,-39.4768,1.6819,-1.4643
794.596,4,-39.4771,1.6818,-1.4640
794.611,4,-39.4772,1.6818,-1.4637
794.625,4,-39.4778,1.6817,-1.4631
794.640,4,-39.4781,1.6816,-1.4628
794.655,4,-39.4788,1.6816,-1.4621
794.669,4,-39.4792,1.6816,-1.4618
794.684,4,-39.4794,1.6816,-1.4614
794.702,4,-39.4800,1.6814,-1.4608
794.719,4,-39.4803,1.6814,-1.4604
794.734,4,-39.4807,1.6814,-1.4601
794.750,4,-39.4812,1.6814,-1.4594
794.763,4,-39.4815,1.6814,-1.4590
794.779,4,-39.4816,1.6814,-1.4587
794.794,4,-39.4821,1.6814,-1.4579
794.809,4,-39.4824,1.6814,-1.4576
794.824,4,-39.4827,1.6815,-1.4571
794.838,4,-39.4833,1.6814,-1.4562
794.853,4,-39.4834,1.6814,-1.4558
794.869,4,-39.4835,1.6815,-1.4553
794.884,4,-39.4838,1.6815,-1.4543
794.900,4,-39.4839,1.6815,-1.4538
794.916,4,-39.4839,1.6815,-1.4532
794.932,4,-39.4841,1.6815,-1.4521
794.946,4,-39.4841,1.6815,-1.4514
794.962,4,-39.4841,1.6815,-1.4506
794.978,4,-39.4842,1.6814,-1.4493
794.993,4,-39.4842,1.6814,-1.4485
795.008,4,-39.4841,1.6813,-1.4469
795.022,4,-39.4840,1.6813,-1.4460
795.038,4,-39.4837,1.6811,-1.4451
795.055,4,-39.4835,1.6809,-1.4433
795.071,4,-39.4833,1.6809,-1.4422
795.088,4,-39.4831,1.6808,-1.4402
795.103,4,-39.4828,1.6807,-1.4390
795.119,4,-39.4824,1.6805,-1.4368
795.133,4,-39.4821,1.6805,-1.4355
795.149,4,-39.4817,1.6805,-1.4342
795.168,4,-39.4811,1.6805,-1.4318
795.186,4,-39.4804,1.6805,-1.4291
795.202,4,-39.4800,1.6803,-1.4277
795.218,4,-39.4795,1.6802,-1.4264
795.234,4,-39.4786,1.6800,-1.4237
795.251,4,-39.4780,1.6797,-1.4223
795.267,4,-39.4770,1.6793,-1.4196
795.283,4,-39.4764,1.6787,-1.4181
795.298,4,-39.4752,1.6780,-1.4153
795.314,4,-39.4745,1.6777,-1.4139
795.332,4,-39.4732,1.6776,-1.4112
795.353,4,-39.4717,1.6775,-1.4086
795.368,4,-39.4709,1.6773,-1.4073
795.383,4,-39.4701,1.6771,-1.4061
795.399,4,-39.4687,1.6764,-1.4039
795.415,4,-39.4679,1.6759,-1.4029
795.431,4,-39.4672,1.6755,-1.4021
795.447,4,-39.4658,1.6749,-1.4003
795.462,4,-39.4650,1.6748,-1.3995
795.479,4,-39.4635,1.6745,-1.3981
795.498,4,-39.4627,1.6746,-1.3976
795.517,4,-39.4611,1.6744,-1.3965
795.533,4,-39.4595,1.6741,-1.3956
795.549,4,-39.4587,1.6741,-1.3954
795.565,4,-39.4572,1.6741,-1.3948
795.580,4,-39.4564,1.6741,-1.3947
795.596,4,-39.4556,1.6742,-1.3946
795.612,4,-39.4538,1.6745,-1.3944
795.629,4,-39.4528,1.6748,-1.3944
795.644,4,-39.4508,1.6752,-1.3943
795.660,4,-39.4497,1.6754,-1.3945
795.676,4,-39.4476,1.6756,-1.3947
795.692,4,-39.4463,1.6754,-1.3950
795.707,4,-39.4451,1.6753,-1.3953
795.724,4,-39.4426,1.6750,-1.3959
795.739,4,-39.4413,1.6747,-1.3964
795.756,4,-39.4385,1.6743,-1.3972
795.771,4,-39.4371,1.6740,-1.3978
795.787,4,-39.4343,1.6733,-1.3989
795.804,4,-39.4327,1.6728,-1.3997
795.819,4,-39.4297,1.6719,-1.4010
795.834,4,-39.4281,1.6713,-1.4019
795.850,4,-39.4266,1.6705,-1.4027
795.865,4,-39.4236,1.6690,-1.4044
795.881,4,-39.4221,1.6679,-1.4054
795.898,4,-39.4190,1.6658,-1.4073
795.912,4,-39.4175,1.6646,-1.4084
795.928,4,-39.4159,1.6640,-1.4095
795.944,4,-39.4116,1.6657,-1.4117
795.960,4,-39.4076,1.6735,-1.4135
795.976,4,-39.4022,1.6807,-1.4166
795.990,4,-39.4000,1.6812,-1.4182
796.006,4,-39.3974,1.6801,-1.4196
796.022,4,-39.3920,1.6785,-1.4221
796.038,4,-39.3895,1.6777,-1.4234
796.054,4,-39.3845,1.6786,-1.4269
796.068,4,-39.3821,1.6794,-1.4286
796.084,4,-39.3796,1.6788,-1.4304
796.101,4,-39.3748,1.6773,-1.4339
796.120,4,-39.3704,1.6750,-1.4378
796.138,4,-39.3676,1.6748,-1.4399
796.154,4,-39.3623,1.6750,-1.4441
796.169,4,-39.3593,1.6753,-1.4463
796.184,4,-39.3537,1.6748,-1.4504
796.200,4,-39.3510,1.6743,-1.4525
796.218,4,-39.3484,1.6739,-1.4545
796.234,4,-39.3432,1.6733,-1.4585
796.249,4,-39.3406,1.6729,-1.4602
796.265,4,-39.3351,1.6721,-1.4641
796.279,4,-39.3324,1.6716,-1.4659
796.295,4,-39.3296,1.6715,-1.4678
796.311,4,-39.3242,1.6710,-1.4714
796.326,4,-39.3212,1.6705,-1.4728
796.342,4,-39.3152,1.6697,-1.4758
796.357,4,-39.3120,1.6696,-1.4771
796.372,4,-39.3086,1.6698,-1.4786
796.388,4,-39.3022,1.6699,-1.4814
796.404,4,-39.2986,1.6697,-1.4822
796.420,4,-39.2948,1.6693,-1.4829
796.438,4,-39.2877,1.6692,-1.4848
796.456,4,-39.2802,1.6694,-1.4865
796.471,4,-39.2766,1.6697,-1.4874
796.486,4,-39.2690,1.6696,-1.4886
796.501,4,-39.2649,1.6694,-1.4889
796.516,4,-39.2608,1.6695,-1.4892
796.531,4,-39.2566,1.6697,-1.4896
796.546,4,-39.2484,1.6700,-1.4903
796.562,4,-39.2441,1.6700,-1.4904
796.577,4,-39.2353,1.6698,-1.4908
796.596,4,-39.2305,1.6696,-1.4904
796.613,4,-39.2213,1.6693,-1.4903
796.628,4,-39.2164,1.6689,-1.4899
796.642,4,-39.2069,1.6679,-1.4891
796.658,4,-39.2017,1.6672,-1.4885
796.672,4,-39.1965,1.6665,-1.4877
796.688,4,-39.1862,1.6651,-1.4865
796.703,4,-39.1804,1.6642,-1.4855
796.718,4,-39.1748,1.6633,-1.4844
796.732,4,-39.1638,1.6616,-1.4824
796.750,4,-39.1582,1.6608,-1.4811
796.766,4,-39.1463,1.6596,-1.4790
796.781,4,-39.1400,1.6590,-1.4775
796.797,4,-39.1279,1.6574,-1.4743
796.811,4,-39.1215,1.6569,-1.4727
796.828,4,-39.1152,1.6564,-1.4708
796.843,4,-39.1023,1.6564,-1.4675
796.857,4,-39.0955,1.6574,-1.4656
796.871,4,-39.0886,1.6587,-1.4637
796.886,4,-39.0751,1.6605,-1.4599
796.901,4,-39.0679,1.6622,-1.4580
796.916,4,-39.0606,1.6644,-1.4564
796.932,4,-39.0464,1.6676,-1.4528
796.947,4,-39.0391,1.6692,-1.4511
796.962,4,-39.0250,1.6717,-1.4477
796.977,4,-39.0182,1.6726,-1.4464
796.996,4,-39.0115,1.6733,-1.4450
797.011,4,-38.9977,1.6750,-1.4424
797.026,4,-38.9908,1.6759,-1.4411
797.041,4,-38.9768,1.6775,-1.4386
797.057,4,-38.9696,1.6782,-1.4377
797.071,4,-38.9626,1.6788,-1.4368
797.086,4,-38.9483,1.6804,-1.4352
797.103,4,-38.9412,1.6810,-1.4346
797.118,4,-38.9341,1.6811,-1.4339
797.134,4,-38.9200,1.6816,-1.4326
797.150,4,-38.9129,1.6815,-1.4321
797.166,4,-38.8986,1.6818,-1.4311
797.182,4,-38.8913,1.6816,-1.4307
797.198,4,-38.8767,1.6810,-1.4298
797.213,4,-38.8692,1.6804,-1.4296
797.229,4,-38.8621,1.6796,-1.4293
797.245,4,-38.8473,1.6787,-1.4288
797.261,4,-38.8397,1.6778,-1.4287
797.278,4,-38.8247,1.6762,-1.4283
797.294,4,-38.8170,1.6751,-1.4283
797.309,4,-38.8018,1.6729,-1.4282
797.323,4,-38.7940,1.6716,-1.4283
797.339,4,-38.7861,1.6699,-1.4284
797.355,4,-38.7706,1.6670,-1.4284
797.371,4,-38.7628,1.6655,-1.4286
797.387,4,-38.7469,1.6629,-1.4290
797.403,4,-38.7389,1.6622,-1.4294
797.419,4,-38.7229,1.6604,-1.4300
797.433,4,-38.7146,1.6601,-1.4304
797.448,4,-38.7060,1.6599,-1.4308
797.464,4,-38.6892,1.6602,-1.4317
797.480,4,-38.6803,1.6622,-1.4325
797.495,4,-38.6635,1.6647,-1.4337
797.510,4,-38.6552,1.6671,-1.4344
797.526,4,-38.6470,1.6696,-1.4351
797.542,4,-38.6310,1.6733,-1.4363
797.558,4,-38.6235,1.6745,-1.4367
797.574,4,-38.6085,1.6764,-1.4374
797.589,4,-38.6014,1.6769,-1.4374
797.605,4,-38.5941,1.6774,-1.4374
797.620,4,-38.5790,1.6792,-1.4379
797.634,4,-38.5713,1.6801,-1.4380
797.650,4,-38.5556,1.6821,-1.4384
797.665,4,-38.5476,1.6829,-1.4385
797.683,4,-38.5394,1.6834,-1.4386
797.700,4,-38.5235,1.6846,-1.4387
797.720,4,-38.5072,1.6852,-1.4385
797.736,4,-38.4993,1.6850,-1.4384
797.752,4,-38.4829,1.6852,-1.4381
797.768,4,-38.4746,1.6851,-1.4379
797.784,4,-38.4658,1.6850,-1.4378
797.800,4,-38.4488,1.6845,-1.4374
797.816,4,-38.4400,1.6838,-1.4372
797.835,4,-38.4228,1.6820,-1.4367
797.854,4,-38.4055,1.6801,-1.4360
797.870,4,-38.3966,1.6789,-1.4355
797.886,4,-38.3791,1.6767,-1.4346
797.903,4,-38.3708,1.6752,-1.4339
797.919,4,-38.3530,1.6725,-1.4327
797.935,4,-38.3440,1.6707,-1.4319
797.951,4,-38.3353,1.6690,-1.4311
797.968,4,-38.3178,1.6658,-1.4295
797.984,4,-38.3091,1.6642,-1.4285
798.001,4,-38.2911,1.6615,-1.4266
798.016,4,-38.2729,1.6592,-1.4246
798.032,4,-38.2641,1.6586,-1.4236
798.049,4,-38.2553,1.6585,-1.4227
798.066,4,-38.2376,1.6584,-1.4206
798.083,4,-38.2285,1.6602,-1.4195
798.099,4,-38.2100,1.6643,-1.4175
798.116,4,-38.2003,1.6683,-1.4165
798.133,4,-38.1820,1.6725,-1.4149
798.149,4,-38.1732,1.6738,-1.4143
798.167,4,-38.1559,1.6761,-1.4131
798.183,4,-38.1388,1.6781,-1.4123
798.200,4,-38.1304,1.6789,-1.4123
798.216,4,-38.1220,1.6801,-1.4122
798.233,4,-38.1049,1.6824,-1.4120
798.248,4,-38.0963,1.6833,-1.4120
798.264,4,-38.0790,1.6853,-1.4120
798.278,4,-38.0706,1.6860,-1.4122
798.295,4,-38.0618,1.6863,-1.4124
798.311,4,-38.0446,1.6868,-1.4127
798.326,4,-38.0361,1.6867,-1.4129
798.342,4,-38.0189,1.6866,-1.4134
798.357,4,-38.0106,1.6861,-1.4138
798.372,4,-38.0022,1.6858,-1.4141
798.388,4,-37.9852,1.6848,-1.4148
798.403,4,-37.9766,1.6839,-1.4152
798.419,4,-37.9598,1.6825,-1.4159
798.434,4,-37.9514,1.6813,-1.4164
798.450,4,-37.9429,1.6800,-1.4169
798.470,4,-37.9262,1.6778,-1.4179
798.493,4,-37.9091,1.6751,-1.4190
798.509,4,-37.8921,1.6723,-1.4202
798.523,4,-37.8835,1.6705,-1.4209
798.539,4,-37.8751,1.6690,-1.4216
798.556,4,-37.8581,1.6664,-1.4231
798.571,4,-37.8491,1.6657,-1.4240
798.588,4,-37.8315,1.6642,-1.4259
798.603,4,-37.8225,1.6640,-1.4270
798.620,4,-37.8046,1.6642,-1.4290
798.635,4,-37.7954,1.6660,-1.4302
798.649,4,-37.7863,1.6675,-1.4313
798.664,4,-37.7681,1.6705,-1.4334
798.679,4,-37.7587,1.6733,-1.4344
798.694,4,-37.7497,1.6759,-1.4353
798.710,4,-37.7317,1.6796,-1.4371
798.725,4,-37.7228,1.6807,-1.4377
798.740,4,-37.7143,1.6814,-1.4383
798.756,4,-37.6969,1.6830,-1.4394
798.770,4,-37.6884,1.6835,-1.4398
798.786,4,-37.6712,1.6849,-1.4406
798.801,4,-37.6626,1.6858,-1.4410
798.815,4,-37.6541,1.6869,-1.4414
798.829,4,-37.6368,1.6887,-1.4423
798.844,4,-37.6282,1.6894,-1.4426
798.862,4,-37.6199,1.6897,-1.4429
798.877,4,-37.6030,1.6907,-1.4435
798.891,4,-37.5946,1.6911,-1.4438
798.905,4,-37.5861,1.6914,-1.4440
798.920,4,-37.5691,1.6921,-1.4445
798.934,4,-37.5607,1.6921,-1.4446
798.948,4,-37.5521,1.6920,-1.4448
798.963,4,-37.5353,1.6918,-1.4453
798.977,4,-37.5270,1.6912,-1.4456
798.992,4,-37.5185,1.6905,-1.4458
799.007,4,-37.5017,1.6891,-1.4462
799.020,4,-37.4933,1.6880,-1.4464
799.039,4,-37.4848,1.6868,-1.4465
799.052,4,-37.4678,1.6845,-1.4468
799.066,4,-37.4591,1.6827,-1.4469
799.081,4,-37.4507,1.6807,-1.4469
799.098,4,-37.4336,1.6770,-1.4470
799.115,4,-37.4249,1.6750,-1.4470
799.129,4,-37.4076,1.6719,-1.4470
799.143,4,-37.3986,1.6708,-1.4469
799.158,4,-37.3898,1.6699,-1.4469
799.172,4,-37.3807,1.6690,-1.4468
799.189,4,-37.3629,1.6673,-1.4465
799.204,4,-37.3541,1.6674,-1.4464
799.219,4,-37.3365,1.6674,-1.4461
799.233,4,-37.3276,1.6691,-1.4460
799.248,4,-37.3187,1.6705,-1.4458
799.263,4,-37.3009,1.6735,-1.4457
799.278,4,-37.2918,1.6760,-1.4457
799.293,4,-37.2828,1.6781,-1.4458
799.308,4,-37.2648,1.6807,-1.4459
799.322,4,-37.2558,1.6818,-1.4461
799.337,4,-37.2469,1.6828,-1.4464
799.353,4,-37.2291,1.6848,-1.4467
799.367,4,-37.2202,1.6858,-1.4469
799.383,4,-37.2113,1.6868,-1.4472
799.398,4,-37.1935,1.6890,-1.4478
799.414,4,-37.1844,1.6900,-1.4482
799.429,4,-37.1666,1.6921,-1.4488
799.442,4,-37.1576,1.6930,-1.4492
799.461,4,-37.1485,1.6933,-1.4496
799.477,4,-37.1306,1.6945,-1.4504
799.492,4,-37.1216,1.6947,-1.4508
799.507,4,-37.1036,1.6951,-1.4517
799.521,4,-37.0946,1.6948,-1.4521
799.536,4,-37.0856,1.6943,-1.4526
799.552,4,-37.0765,1.6935,-1.4532
799.568,4,-37.0586,1.6925,-1.4543
799.583,4,-37.0498,1.6916,-1.4549
799.597,4,-37.0319,1.6899,-1.4562
799.611,4,-37.0229,1.6888,-1.4569
799.627,4,-37.0050,1.6867,-1.4584
799.641,4,-36.9962,1.6851,-1.4592
799.657,4,-36.9872,1.6834,-1.4602
799.672,4,-36.9781,1.6819,-1.4611
799.687,4,-36.9601,1.6789,-1.4629
799.703,4,-36.9511,1.6771,-1.4640
799.718,4,-36.9333,1.6743,-1.4661
799.732,4,-36.9244,1.6735,-1.4673
799.747,4,-36.9154,1.6729,-1.4687
799.761,4,-36.9064,1.6726,-1.4701
799.778,4,-36.8883,1.6722,-1.4728
799.793,4,-36.8794,1.6736,-1.4742
799.808,4,-36.8704,1.6751,-1.4756
799.822,4,-36.8523,1.6771,-1.4783
799.837,4,-36.8432,1.6795,-1.4798
799.852,4,-36.8255,1.6832,-1.4825
799.866,4,-36.8170,1.6850,-1.4837
799.881,4,-36.8089,1.6860,-1.4846
799.896,4,-36.8007,1.6868,-1.4856
799.911,4,-36.7841,1.6890,-1.4875
799.924,4,-36.7759,1.6900,-1.4880
799.939,4,-36.7677,1.6911,-1.4886
799.953,4,-36.7512,1.6931,-1.4899
799.968,4,-36.7430,1.6940,-1.4905
799.982,4,-36.7347,1.6948,-1.4910
799.997,4,-36.7185,1.6963,-1.4922
800.011,4,-36.7104,1.6966,-1.4928
800.026,4,-36.7022,1.6966,-1.4933
800.040,4,-36.6859,1.6971,-1.4942
800.055,4,-36.6774,1.6973,-1.4946
800.070,4,-36.6690,1.6974,-1.4949
800.084,4,-36.6522,1.6977,-1.4956
800.098,4,-36.6435,1.6975,-1.4959
800.113,4,-36.6350,1.6972,-1.4962
800.128,4,-36.6180,1.6964,-1.4967
800.142,4,-36.6096,1.6956,-1.4968
800.160,4,-36.6011,1.6943,-1.4969
800.175,4,-36.5841,1.6925,-1.4971
800.192,4,-36.5756,1.6912,-1.4971
800.209,4,-36.5586,1.6888,-1.4971
800.223,4,-36.5501,1.6872,-1.4969
800.237,4,-36.5331,1.6842,-1.4967
800.251,4,-36.5246,1.6825,-1.4964
800.265,4,-36.5160,1.6809,-1.4961
800.280,4,-36.5074,1.6798,-1.4956
800.295,4,-36.4902,1.6777,-1.4949
800.309,4,-36.4815,1.6769,-1.4945
800.324,4,-36.4731,1.6761,-1.4939
800.339,4,-36.4559,1.6745,-1.4929
800.353,4,-36.4473,1.6743,-1.4923
800.369,4,-36.4387,1.6749,-1.4917
800.383,4,-36.4300,1.6760,-1.4912
800.399,4,-36.4126,1.6786,-1.4901
800.414,4,-36.4041,1.6810,-1.4896
800.429,4,-36.3869,1.6851,-1.4886
800.443,4,-36.3786,1.6875,-1.4883
800.458,4,-36.3703,1.6893,-1.4879
800.474,4,-36.3538,1.6919,-1.4872
800.489,4,-36.3459,1.6925,-1.4872
800.510,4,-36.3384,1.6927,-1.4873
800.531,4,-36.3149,1.6945,-1.4872
800.548,4,-36.3072,1.6951,-1.4872
800.564,4,-36.2917,1.6963,-1.4874
800.579,4,-36.2839,1.6968,-1.4876
800.595,4,-36.2683,1.6979,-1.4880
800.609,4,-36.2605,1.6983,-1.4884
800.624,4,-36.2528,1.6984,-1.4889
800.639,4,-36.2451,1.6984,-1.4893
800.653,4,-36.2297,1.6987,-1.4903
800.668,4,-36.2222,1.6987,-1.4910
800.683,4,-36.2148,1.6985,-1.4917
800.698,4,-36.1997,1.6982,-1.4929
800.714,4,-36.1922,1.6977,-1.4936
800.729,4,-36.1773,1.6970,-1.4950
800.743,4,-36.1699,1.6965,-1.4958
800.758,4,-36.1624,1.6959,-1.4967
800.773,4,-36.1550,1.6952,-1.4976
800.788,4,-36.1403,1.6939,-1.4994
800.803,4,-36.1332,1.6929,-1.5002
800.818,4,-36.1185,1.6909,-1.5021
800.832,4,-36.1112,1.6896,-1.5032
800.847,4,-36.1038,1.6880,-1.5042
800.863,4,-36.0892,1.6853,-1.5064
800.878,4,-36.0820,1.6838,-1.5076
800.893,4,-36.0749,1.6826,-1.5088
800.907,4,-36.0603,1.6806,-1.5113
800.922,4,-36.0529,1.6800,-1.5128
800.937,4,-36.0457,1.6795,-1.5142
800.953,4,-36.0312,1.6785,-1.5171
800.968,4,-36.0240,1.6792,-1.5186
800.983,4,-36.0095,1.6802,-1.5214
801.001,4,-36.0022,1.6814,-1.5230
801.018,4,-35.9875,1.6835,-1.5260
801.033,4,-35.9800,1.6856,-1.5274
801.047,4,-35.9729,1.6872,-1.5288
801.061,4,-35.9583,1.6895,-1.5314
801.076,4,-35.9512,1.6904,-1.5326
801.090,4,-35.9444,1.6911,-1.5335
801.104,4,-35.9376,1.6916,-1.5343
801.120,4,-35.9237,1.6926,-1.5361
801.134,4,-35.9168,1.6930,-1.5368
801.149,4,-35.9027,1.6941,-1.5383
801.163,4,-35.8957,1.6946,-1.5387
801.181,4,-35.8886,1.6951,-1.5392
801.195,4,-35.8747,1.6961,-1.5403
801.209,4,-35.8679,1.6965,-1.5406
801.224,4,-35.8613,1.6967,-1.5409
801.237,4,-35.8478,1.6973,-1.5416
801.251,4,-35.8413,1.6974,-1.5417
801.264,4,-35.8347,1.6976,-1.5418
801.279,4,-35.8283,1.6977,-1.5420
801.294,4,-35.8155,1.6978,-1.5423
801.309,4,-35.8093,1.6976,-1.5423
801.323,4,-35.8034,1.6973,-1.5422
801.337,4,-35.7974,1.6969,-1.5421
801.352,4,-35.7851,1.6962,-1.5419
801.365,4,-35.7793,1.6956,-1.5416
801.380,4,-35.7733,1.6949,-1.5414
801.394,4,-35.7675,1.6944,-1.5412
801.409,4,-35.7557,1.6932,-1.5406
801.424,4,-35.7500,1.6925,-1.5402
801.439,4,-35.7384,1.6912,-1.5393
801.454,4,-35.7326,1.6904,-1.5387
801.472,4,-35.7210,1.6889,-1.5375
801.490,4,-35.7154,1.6881,-1.5369
801.503,4,-35.7097,1.6873,-1.5359
801.519,4,-35.7040,1.6865,-1.5351
801.533,4,-35.6926,1.6851,-1.5335
801.549,4,-35.6813,1.6838,-1.5317
801.563,4,-35.6754,1.6832,-1.5306
801.581,4,-35.6696,1.6825,-1.5295
801.597,4,-35.6581,1.6813,-1.5273
801.613,4,-35.6522,1.6812,-1.5260
801.631,4,-35.6462,1.6816,-1.5247
801.648,4,-35.6347,1.6823,-1.5223
801.662,4,-35.6233,1.6833,-1.5201
801.677,4,-35.6178,1.6844,-1.5191
801.691,4,-35.6120,1.6863,-1.5181
801.706,4,-35.6059,1.6884,-1.5171
801.722,4,-35.5947,1.6909,-1.5151
801.735,4,-35.5892,1.6917,-1.5142
801.749,4,-35.5838,1.6924,-1.5134
801.764,4,-35.5784,1.6931,-1.5127
801.779,4,-35.5680,1.6945,-1.5111
801.794,4,-35.5632,1.6947,-1.5105
801.808,4,-35.5583,1.6948,-1.5101
801.823,4,-35.5534,1.6951,-1.5097
801.838,4,-35.5437,1.6961,-1.5087
801.852,4,-35.5389,1.6965,-1.5084
801.868,4,-35.5345,1.6967,-1.5081
801.884,4,-35.5256,1.6972,-1.5075
801.899,4,-35.5215,1.6976,-1.5075
801.915,4,-35.5174,1.6981,-1.5075
801.931,4,-35.5091,1.6993,-1.5073
801.945,4,-35.5055,1.6999,-1.5074
801.960,4,-35.4980,1.7007,-1.5075
801.975,4,-35.4948,1.7011,-1.5077
801.990,4,-35.4916,1.7015,-1.5078
802.004,4,-35.4886,1.7017,-1.5081
802.019,4,-35.4822,1.7024,-1.5084
802.034,4,-35.4794,1.7026,-1.5086
802.048,4,-35.4765,1.7028,-1.5087
802.064,4,-35.4709,1.7032,-1.5092
802.079,4,-35.4684,1.7032,-1.5095
802.096,4,-35.4633,1.7029,-1.5100
802.114,4,-35.4611,1.7024,-1.5102
802.128,4,-35.4562,1.7019,-1.5107
802.141,4,-35.4542,1.7016,-1.5111
802.156,4,-35.4523,1.7012,-1.5114
802.170,4,-35.4506,1.7009,-1.5116
802.185,4,-35.4472,1.7014,-1.5121
802.198,4,-35.4461,1.7022,-1.5123
802.212,4,-35.4453,1.7027,-1.5124
802.226,4,-35.4444,1.7030,-1.5126
802.240,4,-35.4420,1.7033,-1.5130
802.254,4,-35.4411,1.7034,-1.5131
802.268,4,-35.4399,1.7033,-1.5132
802.282,4,-35.4387,1.7035,-1.5134
802.296,4,-35.4361,1.7040,-1.5139
802.310,4,-35.4344,1.7046,-1.5141
802.325,4,-35.4314,1.7053,-1.5144
802.338,4,-35.4298,1.7053,-1.5146
802.356,4,-35.4284,1.7050,-1.5150
802.372,4,-35.4256,1.7046,-1.5157
802.385,4,-35.4242,1.7041,-1.5159
802.398,4,-35.4234,1.7036,-1.5170
802.413,4,-35.4223,1.7033,-1.5172
802.427,4,-35.4211,1.7032,-1.5175
802.441,4,-35.4186,1.7031,-1.5181
802.457,4,-35.4175,1.7035,-1.5184
802.471,4,-35.4153,1.7040,-1.5189
802.484,4,-35.4147,1.7042,-1.5192
802.498,4,-35.4140,1.7044,-1.5195
802.513,4,-35.4134,1.7046,-1.5198
802.527,4,-35.4121,1.7047,-1.5202
802.544,4,-35.4119,1.7045,-1.5205
802.562,4,-35.4116,1.7043,-1.5206
802.581,4,-35.4108,1.7040,-1.5211
802.599,4,-35.4100,1.7039,-1.5216
802.614,4,-35.4093,1.7039,-1.5222
802.627,4,-35.4089,1.7039,-1.5224
802.642,4,-35.4085,1.7038,-1.5227
802.657,4,-35.4080,1.7038,-1.5231
802.672,4,-35.4076,1.7038,-1.5235
802.687,4,-35.4067,1.7038,-1.5240
802.702,4,-35.4063,1.7036,-1.5242
802.718,4,-35.4056,1.7034,-1.5247
802.733,4,-35.4054,1.7032,-1.5250
802.748,4,-35.4047,1.7028,-1.5254
802.764,4,-35.4045,1.7025,-1.5256
802.779,4,-35.4043,1.7022,-1.5258
802.794,4,-35.4038,1.7017,-1.5262
802.808,4,-35.4037,1.7014,-1.5264
802.823,4,-35.4036,1.7013,-1.5266
802.839,4,-35.4034,1.7008,-1.5270
802.854,4,-35.4034,1.7007,-1.5272
802.868,4,-35.4033,1.7005,-1.5274
802.884,4,-35.4031,1.7003,-1.5278
802.899,4,-35.4030,1.7002,-1.5279
802.913,4,-35.4030,1.7002,-1.5281
802.928,4,-35.4030,1.6998,-1.5283

# --- Trial 5 start ---
811.994,5,-39.4885,1.6804,-1.4393
812.073,5,-39.4887,1.6800,-1.4392
812.108,5,-39.4892,1.6798,-1.4389
812.129,5,-39.4894,1.6798,-1.4388
812.142,5,-39.4896,1.6798,-1.4388
812.157,5,-39.4897,1.6798,-1.4387
812.171,5,-39.4900,1.6798,-1.4386
812.187,5,-39.4901,1.6798,-1.4385
812.202,5,-39.4906,1.6797,-1.4384
812.216,5,-39.4908,1.6798,-1.4383
812.235,5,-39.4909,1.6799,-1.4383
812.254,5,-39.4912,1.6800,-1.4381
812.271,5,-39.4916,1.6800,-1.4379
812.286,5,-39.4919,1.6800,-1.4379
812.300,5,-39.4923,1.6800,-1.4377
812.314,5,-39.4925,1.6801,-1.4377
812.328,5,-39.4927,1.6802,-1.4376
812.344,5,-39.4928,1.6803,-1.4375
812.359,5,-39.4932,1.6805,-1.4373
812.374,5,-39.4933,1.6805,-1.4371
812.389,5,-39.4934,1.6806,-1.4369
812.406,5,-39.4936,1.6807,-1.4366
812.422,5,-39.4935,1.6808,-1.4364
812.437,5,-39.4935,1.6810,-1.4359
812.453,5,-39.4933,1.6811,-1.4356
812.467,5,-39.4930,1.6811,-1.4350
812.482,5,-39.4928,1.6812,-1.4347
812.502,5,-39.4926,1.6812,-1.4339
812.516,5,-39.4924,1.6812,-1.4334
812.531,5,-39.4922,1.6812,-1.4328
812.546,5,-39.4919,1.6812,-1.4318
812.563,5,-39.4916,1.6812,-1.4311
812.580,5,-39.4914,1.6812,-1.4305
812.594,5,-39.4909,1.6812,-1.4292
812.609,5,-39.4906,1.6812,-1.4284
812.623,5,-39.4901,1.6813,-1.4269
812.638,5,-39.4898,1.6813,-1.4261
812.653,5,-39.4896,1.6813,-1.4249
812.667,5,-39.4890,1.6813,-1.4231
812.684,5,-39.4885,1.6813,-1.4221
812.701,5,-39.4881,1.6811,-1.4210
812.716,5,-39.4875,1.6809,-1.4189
812.730,5,-39.4871,1.6808,-1.4177
812.746,5,-39.4864,1.6805,-1.4155
812.760,5,-39.4859,1.6802,-1.4143
812.777,5,-39.4854,1.6799,-1.4130
812.792,5,-39.4846,1.6794,-1.4106
812.806,5,-39.4841,1.6789,-1.4094
812.821,5,-39.4837,1.6783,-1.4082
812.836,5,-39.4826,1.6773,-1.4059
812.850,5,-39.4818,1.6769,-1.4047
812.866,5,-39.4810,1.6768,-1.4037
812.886,5,-39.4793,1.6767,-1.4017
812.904,5,-39.4777,1.6763,-1.3998
812.924,5,-39.4758,1.6754,-1.3982
812.943,5,-39.4748,1.6751,-1.3977
812.962,5,-39.4727,1.6748,-1.3966
812.981,5,-39.4705,1.6745,-1.3958
813.018,5,-39.4688,1.6747,-1.3961
813.034,5,-39.4637,1.6744,-1.3952
813.049,5,-39.4625,1.6742,-1.3954
813.066,5,-39.4612,1.6741,-1.3956
813.083,5,-39.4585,1.6739,-1.3957
813.099,5,-39.4569,1.6738,-1.3960
813.115,5,-39.4538,1.6737,-1.3966
813.131,5,-39.4521,1.6737,-1.3971
813.147,5,-39.4488,1.6736,-1.3979
813.164,5,-39.4471,1.6735,-1.3986
813.180,5,-39.4435,1.6732,-1.3997
813.195,5,-39.4414,1.6730,-1.4004
813.213,5,-39.4374,1.6726,-1.4019
813.227,5,-39.4353,1.6723,-1.4028
813.244,5,-39.4330,1.6720,-1.4038
813.260,5,-39.4287,1.6715,-1.4055
813.276,5,-39.4261,1.6712,-1.4067
813.292,5,-39.4211,1.6706,-1.4089
813.309,5,-39.4184,1.6702,-1.4103
813.325,5,-39.4132,1.6695,-1.4127
813.342,5,-39.4102,1.6690,-1.4142
813.357,5,-39.4046,1.6678,-1.4170
813.373,5,-39.4018,1.6670,-1.4185
813.388,5,-39.3979,1.6693,-1.4203
813.403,5,-39.3903,1.6754,-1.4240
813.420,5,-39.3865,1.6780,-1.4261
813.437,5,-39.3793,1.6785,-1.4297
813.452,5,-39.3756,1.6770,-1.4315
813.468,5,-39.3683,1.6757,-1.4347
813.483,5,-39.3646,1.6756,-1.4365
813.500,5,-39.3576,1.6764,-1.4401
813.514,5,-39.3539,1.6768,-1.4419
813.533,5,-39.3502,1.6762,-1.4437
813.552,5,-39.3428,1.6752,-1.4474
813.568,5,-39.3356,1.6747,-1.4512
813.583,5,-39.3318,1.6749,-1.4531
813.600,5,-39.3243,1.6750,-1.4570
813.615,5,-39.3203,1.6749,-1.4588
813.630,5,-39.3164,1.6747,-1.4607
813.646,5,-39.3090,1.6748,-1.4642
813.662,5,-39.3051,1.6747,-1.4657
813.678,5,-39.2973,1.6745,-1.4689
813.695,5,-39.2931,1.6741,-1.4702
813.711,5,-39.2847,1.6733,-1.4733
813.727,5,-39.2803,1.6730,-1.4747
813.744,5,-39.2716,1.6720,-1.4774
813.758,5,-39.2670,1.6718,-1.4786
813.774,5,-39.2622,1.6715,-1.4794
813.789,5,-39.2528,1.6709,-1.4814
813.804,5,-39.2479,1.6707,-1.4822
813.822,5,-39.2429,1.6706,-1.4830
813.838,5,-39.2331,1.6705,-1.4846
813.853,5,-39.2280,1.6700,-1.4849
813.868,5,-39.2177,1.6694,-1.4859
813.882,5,-39.2122,1.6690,-1.4863
813.897,5,-39.2066,1.6688,-1.4866
813.913,5,-39.1956,1.6683,-1.4874
813.927,5,-39.1898,1.6676,-1.4873
813.943,5,-39.1838,1.6671,-1.4873
813.958,5,-39.1721,1.6660,-1.4872
813.974,5,-39.1657,1.6655,-1.4871
813.989,5,-39.1533,1.6643,-1.4867
814.003,5,-39.1467,1.6633,-1.4861
814.018,5,-39.1399,1.6623,-1.4855
814.033,5,-39.1267,1.6605,-1.4842
814.048,5,-39.1194,1.6598,-1.4832
814.066,5,-39.1122,1.6589,-1.4820
814.080,5,-39.0980,1.6570,-1.4800
814.095,5,-39.0906,1.6558,-1.4783
814.110,5,-39.0758,1.6540,-1.4758
814.124,5,-39.0681,1.6534,-1.4742
814.138,5,-39.0604,1.6530,-1.4726
814.153,5,-39.0527,1.6525,-1.4708
814.171,5,-39.0378,1.6511,-1.4671
814.189,5,-39.0228,1.6514,-1.4634
814.204,5,-39.0149,1.6531,-1.4614
814.219,5,-39.0068,1.6551,-1.4597
814.234,5,-38.9909,1.6578,-1.4559
814.248,5,-38.9829,1.6600,-1.4541
814.263,5,-38.9749,1.6627,-1.4526
814.279,5,-38.9595,1.6668,-1.4495
814.293,5,-38.9518,1.6688,-1.4484
814.311,5,-38.9444,1.6699,-1.4473
814.327,5,-38.9296,1.6723,-1.4448
814.342,5,-38.9223,1.6735,-1.4438
814.358,5,-38.9076,1.6758,-1.4417
814.372,5,-38.9003,1.6769,-1.4411
814.388,5,-38.8929,1.6778,-1.4402
814.403,5,-38.8780,1.6797,-1.4385
814.419,5,-38.8706,1.6802,-1.4376
814.435,5,-38.8559,1.6813,-1.4361
814.450,5,-38.8485,1.6816,-1.4356
814.467,5,-38.8335,1.6818,-1.4345
814.483,5,-38.8261,1.6814,-1.4339
814.497,5,-38.8185,1.6812,-1.4336
814.514,5,-38.8034,1.6809,-1.4328
814.529,5,-38.7955,1.6804,-1.4328
814.545,5,-38.7802,1.6793,-1.4322
814.560,5,-38.7722,1.6783,-1.4321
814.575,5,-38.7644,1.6770,-1.4318
814.591,5,-38.7486,1.6754,-1.4316
814.607,5,-38.7404,1.6743,-1.4319
814.623,5,-38.7242,1.6720,-1.4320
814.641,5,-38.7159,1.6705,-1.4323
814.660,5,-38.6993,1.6679,-1.4329
814.676,5,-38.6826,1.6650,-1.4337
814.693,5,-38.6742,1.6635,-1.4344
814.715,5,-38.6656,1.6623,-1.4351
814.731,5,-38.6487,1.6598,-1.4359
814.748,5,-38.6313,1.6581,-1.4373
814.764,5,-38.6225,1.6577,-1.4382
814.780,5,-38.6048,1.6568,-1.4400
814.795,5,-38.5961,1.6565,-1.4408
814.809,5,-38.5871,1.6570,-1.4416
814.825,5,-38.5689,1.6587,-1.4433
814.841,5,-38.5600,1.6605,-1.4441
814.857,5,-38.5417,1.6632,-1.4457
814.873,5,-38.5326,1.6653,-1.4462
814.889,5,-38.5147,1.6684,-1.4472
814.903,5,-38.5056,1.6703,-1.4477
814.918,5,-38.4967,1.6717,-1.4479
814.933,5,-38.4789,1.6740,-1.4485
814.951,5,-38.4708,1.6743,-1.4484
814.968,5,-38.4535,1.6754,-1.4485
814.981,5,-38.4451,1.6757,-1.4484
814.997,5,-38.4364,1.6762,-1.4483
815.011,5,-38.4190,1.6775,-1.4484
815.025,5,-38.4104,1.6780,-1.4482
815.040,5,-38.4018,1.6785,-1.4481
815.054,5,-38.3851,1.6792,-1.4478
815.069,5,-38.3765,1.6793,-1.4477
815.087,5,-38.3679,1.6794,-1.4475
815.101,5,-38.3508,1.6798,-1.4470
815.116,5,-38.3420,1.6799,-1.4467
815.130,5,-38.3334,1.6797,-1.4465
815.145,5,-38.3159,1.6797,-1.4462
815.160,5,-38.3070,1.6792,-1.4460
815.174,5,-38.2978,1.6784,-1.4459
815.190,5,-38.2801,1.6771,-1.4456
815.203,5,-38.2713,1.6761,-1.4456
815.219,5,-38.2623,1.6751,-1.4455
815.233,5,-38.2444,1.6734,-1.4453
815.247,5,-38.2352,1.6725,-1.4451
815.262,5,-38.2262,1.6710,-1.4449
815.277,5,-38.2079,1.6683,-1.4446
815.291,5,-38.1988,1.6663,-1.4443
815.310,5,-38.1895,1.6641,-1.4441
815.327,5,-38.1710,1.6608,-1.4436
815.342,5,-38.1615,1.6592,-1.4431
815.358,5,-38.1424,1.6563,-1.4422
815.373,5,-38.1325,1.6551,-1.4415
815.388,5,-38.1130,1.6534,-1.4405
815.404,5,-38.1027,1.6536,-1.4397
815.422,5,-38.0925,1.6547,-1.4389
815.442,5,-38.0718,1.6568,-1.4375
815.457,5,-38.0511,1.6598,-1.4362
815.471,5,-38.0404,1.6628,-1.4359
815.486,5,-38.0302,1.6650,-1.4356
815.502,5,-38.0101,1.6679,-1.4349
815.517,5,-38.0006,1.6686,-1.4348
815.533,5,-37.9815,1.6703,-1.4347
815.547,5,-37.9724,1.6714,-1.4348
815.566,5,-37.9635,1.6727,-1.4351
815.584,5,-37.9448,1.6753,-1.4355
815.602,5,-37.9259,1.6780,-1.4362
815.616,5,-37.9167,1.6793,-1.4367
815.630,5,-37.9073,1.6805,-1.4374
815.645,5,-37.8887,1.6825,-1.4385
815.660,5,-37.8795,1.6828,-1.4392
815.675,5,-37.8703,1.6830,-1.4401
815.691,5,-37.8519,1.6833,-1.4419
815.709,5,-37.8426,1.6828,-1.4430
815.725,5,-37.8243,1.6824,-1.4449
815.740,5,-37.8152,1.6817,-1.4461
815.755,5,-37.7968,1.6806,-1.4482
815.769,5,-37.7878,1.6796,-1.4494
815.785,5,-37.7788,1.6785,-1.4508
815.800,5,-37.7605,1.6764,-1.4535
815.815,5,-37.7514,1.6751,-1.4549
815.830,5,-37.7421,1.6735,-1.4565
815.846,5,-37.7235,1.6706,-1.4594
815.861,5,-37.7143,1.6688,-1.4610
815.876,5,-37.6956,1.6652,-1.4642
815.891,5,-37.6864,1.6634,-1.4659
815.906,5,-37.6769,1.6620,-1.4677
815.921,5,-37.6674,1.6610,-1.4696
815.937,5,-37.6483,1.6588,-1.4732
815.951,5,-37.6385,1.6582,-1.4752
815.967,5,-37.6193,1.6574,-1.4790
815.982,5,-37.6094,1.6593,-1.4810
815.997,5,-37.5995,1.6610,-1.4831
816.011,5,-37.5799,1.6635,-1.4870
816.025,5,-37.5700,1.6657,-1.4890
816.040,5,-37.5606,1.6678,-1.4907
816.055,5,-37.5418,1.6706,-1.4941
816.069,5,-37.5326,1.6720,-1.4954
816.086,5,-37.5236,1.6735,-1.4966
816.101,5,-37.5053,1.6763,-1.4993
816.115,5,-37.4960,1.6776,-1.5003
816.129,5,-37.4777,1.6802,-1.5025
816.145,5,-37.4689,1.6815,-1.5031
816.159,5,-37.4596,1.6830,-1.5039
816.173,5,-37.4507,1.6844,-1.5046
816.188,5,-37.4326,1.6867,-1.5061
816.202,5,-37.4235,1.6872,-1.5067
816.218,5,-37.4143,1.6875,-1.5073
816.235,5,-37.3963,1.6887,-1.5085
816.249,5,-37.3870,1.6890,-1.5090
816.263,5,-37.3686,1.6895,-1.5102
816.277,5,-37.3595,1.6893,-1.5106
816.291,5,-37.3502,1.6889,-1.5110
816.306,5,-37.3407,1.6883,-1.5116
816.320,5,-37.3220,1.6875,-1.5128
816.335,5,-37.3126,1.6865,-1.5132
816.349,5,-37.3031,1.6856,-1.5138
816.364,5,-37.2842,1.6839,-1.5147
816.379,5,-37.2747,1.6829,-1.5152
816.393,5,-37.2652,1.6809,-1.5153
816.408,5,-37.2558,1.6793,-1.5156
816.422,5,-37.2369,1.6761,-1.5161
816.436,5,-37.2274,1.6743,-1.5161
816.451,5,-37.2180,1.6726,-1.5161
816.466,5,-37.1989,1.6698,-1.5162
816.480,5,-37.1892,1.6688,-1.5160
816.495,5,-37.1795,1.6681,-1.5158
816.510,5,-37.1600,1.6664,-1.5156
816.524,5,-37.1501,1.6657,-1.5153
816.542,5,-37.1402,1.6661,-1.5149
816.561,5,-37.1203,1.6678,-1.5146
816.576,5,-37.1002,1.6699,-1.5143
816.590,5,-37.0903,1.6722,-1.5142
816.608,5,-37.0803,1.6751,-1.5142
816.623,5,-37.0601,1.6791,-1.5143
816.638,5,-37.0504,1.6810,-1.5144
816.652,5,-37.0408,1.6822,-1.5144
816.667,5,-37.0217,1.6844,-1.5146
816.681,5,-37.0124,1.6851,-1.5147
816.698,5,-37.0033,1.6860,-1.5150
816.717,5,-36.9847,1.6883,-1.5153
816.731,5,-36.9661,1.6909,-1.5159
816.749,5,-36.9569,1.6922,-1.5163
816.763,5,-36.9475,1.6932,-1.5166
816.777,5,-36.9290,1.6949,-1.5172
816.791,5,-36.9197,1.6951,-1.5175
816.808,5,-36.9107,1.6952,-1.5179
816.822,5,-36.8925,1.6957,-1.5186
816.835,5,-36.8835,1.6955,-1.5191
816.849,5,-36.8744,1.6951,-1.5196
816.863,5,-36.8653,1.6947,-1.5201
816.879,5,-36.8469,1.6940,-1.5211
816.892,5,-36.8377,1.6933,-1.5216
816.907,5,-36.8285,1.6926,-1.5221
816.921,5,-36.8103,1.6914,-1.5233
816.935,5,-36.8010,1.6905,-1.5239
816.951,5,-36.7918,1.6894,-1.5246
816.965,5,-36.7733,1.6874,-1.5261
816.980,5,-36.7640,1.6861,-1.5269
816.995,5,-36.7551,1.6848,-1.5277
817.009,5,-36.7460,1.6834,-1.5285
817.024,5,-36.7276,1.6808,-1.5302
817.038,5,-36.7184,1.6795,-1.5311
817.053,5,-36.6996,1.6775,-1.5330
817.066,5,-36.6899,1.6769,-1.5341
817.080,5,-36.6803,1.6762,-1.5352
817.095,5,-36.6708,1.6760,-1.5364
817.109,5,-36.6518,1.6760,-1.5386
817.124,5,-36.6420,1.6780,-1.5399
817.138,5,-36.6324,1.6795,-1.5410
817.153,5,-36.6132,1.6816,-1.5432
817.167,5,-36.6036,1.6834,-1.5442
817.181,5,-36.5942,1.6850,-1.5451
817.196,5,-36.5851,1.6861,-1.5459
817.211,5,-36.5664,1.6880,-1.5472
817.225,5,-36.5571,1.6888,-1.5477
817.240,5,-36.5480,1.6898,-1.5482
817.256,5,-36.5295,1.6917,-1.5492
817.270,5,-36.5203,1.6926,-1.5496
817.285,5,-36.5112,1.6934,-1.5499
817.300,5,-36.4927,1.6952,-1.5510
817.314,5,-36.4837,1.6959,-1.5508
817.328,5,-36.4747,1.6966,-1.5510
817.343,5,-36.4567,1.6977,-1.5515
817.356,5,-36.4479,1.6980,-1.5516
817.370,5,-36.4394,1.6980,-1.5516
817.385,5,-36.4307,1.6980,-1.5515
817.399,5,-36.4129,1.6981,-1.5515
817.413,5,-36.4041,1.6979,-1.5514
817.427,5,-36.3954,1.6974,-1.5512
817.442,5,-36.3781,1.6967,-1.5510
817.456,5,-36.3694,1.6957,-1.5507
817.469,5,-36.3610,1.6945,-1.5504
817.487,5,-36.3525,1.6932,-1.5501
817.504,5,-36.3352,1.6912,-1.5496
817.519,5,-36.3180,1.6889,-1.5488
817.533,5,-36.3095,1.6875,-1.5483
817.547,5,-36.3010,1.6860,-1.5477
817.562,5,-36.2926,1.6846,-1.5471
817.576,5,-36.2756,1.6819,-1.5461
817.590,5,-36.2672,1.6803,-1.5454
817.605,5,-36.2587,1.6787,-1.5446
817.619,5,-36.2501,1.6770,-1.5438
817.633,5,-36.2328,1.6740,-1.5423
817.648,5,-36.2239,1.6728,-1.5415
817.662,5,-36.2152,1.6719,-1.5406
817.676,5,-36.1979,1.6701,-1.5388
817.690,5,-36.1891,1.6695,-1.5378
817.706,5,-36.1807,1.6688,-1.5367
817.721,5,-36.1632,1.6681,-1.5346
817.735,5,-36.1543,1.6694,-1.5335
817.750,5,-36.1454,1.6709,-1.5325
817.764,5,-36.1280,1.6733,-1.5304
817.778,5,-36.1193,1.6754,-1.5294
817.792,5,-36.1107,1.6775,-1.5284
817.809,5,-36.1027,1.6795,-1.5277
817.825,5,-36.0862,1.6827,-1.5261
817.840,5,-36.0783,1.6843,-1.5255
817.855,5,-36.0624,1.6871,-1.5243
817.869,5,-36.0549,1.6882,-1.5239
817.883,5,-36.0475,1.6892,-1.5236
817.898,5,-36.0323,1.6917,-1.5230
817.911,5,-36.0248,1.6928,-1.5228
817.926,5,-36.0172,1.6939,-1.5227
817.940,5,-36.0098,1.6951,-1.5226
817.955,5,-35.9946,1.6973,-1.5222
817.969,5,-35.9874,1.6980,-1.5223
817.983,5,-35.9803,1.6986,-1.5223
817.997,5,-35.9658,1.6997,-1.5225
818.011,5,-35.9587,1.6999,-1.5226
818.024,5,-35.9517,1.7000,-1.5229
818.039,5,-35.9447,1.6998,-1.5232
818.054,5,-35.9307,1.6999,-1.5238
818.067,5,-35.9238,1.6997,-1.5242
818.083,5,-35.9169,1.6993,-1.5246
818.096,5,-35.9029,1.6988,-1.5253
818.110,5,-35.8960,1.6981,-1.5258
818.127,5,-35.8890,1.6973,-1.5264
818.144,5,-35.8751,1.6960,-1.5275
818.157,5,-35.8681,1.6951,-1.5281
818.172,5,-35.8612,1.6941,-1.5288
818.187,5,-35.8470,1.6924,-1.5298
818.201,5,-35.8399,1.6913,-1.5306
818.215,5,-35.8331,1.6900,-1.5314
818.230,5,-35.8191,1.6876,-1.5328
818.244,5,-35.8120,1.6860,-1.5337
818.260,5,-35.8049,1.6845,-1.5347
818.273,5,-35.7978,1.6832,-1.5356
818.288,5,-35.7836,1.6806,-1.5374
818.301,5,-35.7766,1.6793,-1.5385
818.315,5,-35.7695,1.6780,-1.5396
818.329,5,-35.7624,1.6768,-1.5407
818.343,5,-35.7483,1.6745,-1.5430
818.357,5,-35.7411,1.6738,-1.5442
818.372,5,-35.7339,1.6731,-1.5455
818.387,5,-35.7196,1.6714,-1.5479
818.400,5,-35.7124,1.6713,-1.5492
818.415,5,-35.7051,1.6723,-1.5506
818.429,5,-35.6981,1.6742,-1.5520
818.442,5,-35.6839,1.6763,-1.5548
818.456,5,-35.6769,1.6784,-1.5562
818.471,5,-35.6700,1.6805,-1.5576
818.485,5,-35.6559,1.6836,-1.5601
818.500,5,-35.6490,1.6857,-1.5614
818.517,5,-35.6422,1.6872,-1.5624
818.531,5,-35.6289,1.6900,-1.5647
818.545,5,-35.6225,1.6914,-1.5657
818.559,5,-35.6162,1.6928,-1.5666
818.575,5,-35.6034,1.6957,-1.5683
818.589,5,-35.5971,1.6968,-1.5688
818.605,5,-35.5910,1.6977,-1.5695
818.620,5,-35.5787,1.6998,-1.5707
818.633,5,-35.5727,1.7007,-1.5710
818.646,5,-35.5670,1.7016,-1.5712
818.660,5,-35.5615,1.7025,-1.5715
818.675,5,-35.5502,1.7046,-1.5721
818.688,5,-35.5449,1.7053,-1.5721
818.703,5,-35.5399,1.7057,-1.5720
818.719,5,-35.5351,1.7059,-1.5719
818.734,5,-35.5249,1.7071,-1.5718
818.748,5,-35.5203,1.7074,-1.5714
818.761,5,-35.5158,1.7079,-1.5712
818.780,5,-35.5070,1.7084,-1.5704
818.795,5,-35.5031,1.7084,-1.5699
818.808,5,-35.4950,1.7087,-1.5687
818.822,5,-35.4915,1.7087,-1.5680
818.835,5,-35.4883,1.7088,-1.5673
818.850,5,-35.4850,1.7088,-1.5665
818.864,5,-35.4817,1.7087,-1.5656
818.878,5,-35.4751,1.7084,-1.5640
818.893,5,-35.4724,1.7079,-1.5630
818.908,5,-35.4698,1.7075,-1.5621
818.926,5,-35.4644,1.7068,-1.5600
818.943,5,-35.4595,1.7060,-1.5579
818.957,5,-35.4575,1.7055,-1.5569
818.971,5,-35.4554,1.7049,-1.5556
818.985,5,-35.4534,1.7044,-1.5544
819.000,5,-35.4493,1.7033,-1.5521
819.015,5,-35.4477,1.7024,-1.5508
819.029,5,-35.4461,1.7018,-1.5497
819.044,5,-35.4426,1.7011,-1.5475
819.058,5,-35.4411,1.7012,-1.5464
819.075,5,-35.4380,1.7012,-1.5441
819.092,5,-35.4367,1.7017,-1.5431
819.106,5,-35.4339,1.7020,-1.5409
819.120,5,-35.4329,1.7021,-1.5400
819.135,5,-35.4318,1.7021,-1.5391
819.149,5,-35.4308,1.7021,-1.5383
819.164,5,-35.4286,1.7021,-1.5366
819.177,5,-35.4276,1.7020,-1.5359
819.191,5,-35.4267,1.7018,-1.5351
819.205,5,-35.4259,1.7014,-1.5343
819.220,5,-35.4241,1.7009,-1.5328
819.234,5,-35.4232,1.7006,-1.5320
819.248,5,-35.4226,1.7002,-1.5314
819.263,5,-35.4220,1.6999,-1.5308
819.277,5,-35.4206,1.6994,-1.5292
819.291,5,-35.4202,1.6991,-1.5287
819.308,5,-35.4197,1.6989,-1.5283
819.322,5,-35.4187,1.6984,-1.5269
819.337,5,-35.4183,1.6983,-1.5262
819.351,5,-35.4175,1.6981,-1.5249
819.365,5,-35.4171,1.6985,-1.5246
819.379,5,-35.4168,1.6990,-1.5242
819.394,5,-35.4163,1.6996,-1.5237
819.410,5,-35.4159,1.7002,-1.5234
819.425,5,-35.4152,1.7009,-1.5225
819.440,5,-35.4149,1.7012,-1.5220
819.454,5,-35.4142,1.7016,-1.5211
819.467,5,-35.4140,1.7016,-1.5206
819.482,5,-35.4137,1.7015,-1.5203
819.497,5,-35.4132,1.7013,-1.5195
819.510,5,-35.4131,1.7010,-1.5193
819.525,5,-35.4129,1.7007,-1.5189
819.539,5,-35.4128,1.7003,-1.5185
819.554,5,-35.4125,1.6997,-1.5178
819.569,5,-35.4126,1.6993,-1.5174
819.583,5,-35.4124,1.6986,-1.5167
819.597,5,-35.4124,1.6983,-1.5165
819.611,5,-35.4123,1.6981,-1.5163
819.626,5,-35.4122,1.6980,-1.5161
819.641,5,-35.4121,1.6978,-1.5157
819.654,5,-35.4121,1.6973,-1.5152
819.669,5,-35.4122,1.6970,-1.5150
819.682,5,-35.4122,1.6970,-1.5148
819.697,5,-35.4122,1.6967,-1.5145
819.716,5,-35.4123,1.6966,-1.5144
819.735,5,-35.4124,1.6963,-1.5143
819.750,5,-35.4126,1.6962,-1.5143
819.764,5,-35.4127,1.6963,-1.5143

# --- Trial 6 start ---
827.944,6,-39.4760,1.6790,-1.4043
828.025,6,-39.4744,1.6777,-1.4033
828.057,6,-39.4734,1.6769,-1.4024
828.073,6,-39.4730,1.6765,-1.4020
828.087,6,-39.4730,1.6763,-1.4019
828.102,6,-39.4729,1.6761,-1.4017
828.117,6,-39.4726,1.6757,-1.4013
828.131,6,-39.4726,1.6754,-1.4011
828.145,6,-39.4725,1.6753,-1.4010
828.164,6,-39.4722,1.6753,-1.4008
828.186,6,-39.4721,1.6754,-1.4005
828.201,6,-39.4719,1.6756,-1.4001
828.215,6,-39.4719,1.6758,-1.3998
828.233,6,-39.4719,1.6760,-1.3995
828.247,6,-39.4716,1.6763,-1.3991
828.262,6,-39.4716,1.6765,-1.3987
828.277,6,-39.4715,1.6768,-1.3984
828.293,6,-39.4714,1.6769,-1.3977
828.308,6,-39.4713,1.6770,-1.3973
828.323,6,-39.4713,1.6771,-1.3970
828.339,6,-39.4711,1.6773,-1.3962
828.357,6,-39.4708,1.6773,-1.3957
828.375,6,-39.4706,1.6774,-1.3948
828.390,6,-39.4702,1.6774,-1.3938
828.405,6,-39.4701,1.6774,-1.3933
828.419,6,-39.4699,1.6774,-1.3927
828.435,6,-39.4698,1.6775,-1.3921
828.451,6,-39.4693,1.6776,-1.3910
828.466,6,-39.4691,1.6778,-1.3903
828.482,6,-39.4684,1.6780,-1.3890
828.496,6,-39.4680,1.6781,-1.3883
828.512,6,-39.4676,1.6782,-1.3875
828.527,6,-39.4671,1.6781,-1.3859
828.543,6,-39.4666,1.6781,-1.3850
828.558,6,-39.4661,1.6782,-1.3841
828.574,6,-39.4651,1.6784,-1.3824
828.590,6,-39.4644,1.6785,-1.3814
828.606,6,-39.4631,1.6785,-1.3794
828.620,6,-39.4623,1.6785,-1.3783
828.635,6,-39.4614,1.6786,-1.3772
828.650,6,-39.4598,1.6785,-1.3751
828.668,6,-39.4589,1.6785,-1.3738
828.685,6,-39.4570,1.6783,-1.3714
828.699,6,-39.4559,1.6782,-1.3701
828.714,6,-39.4538,1.6780,-1.3675
828.729,6,-39.4528,1.6777,-1.3662
828.747,6,-39.4515,1.6773,-1.3648
828.763,6,-39.4492,1.6765,-1.3621
828.778,6,-39.4480,1.6761,-1.3609
828.792,6,-39.4455,1.6756,-1.3585
828.807,6,-39.4443,1.6758,-1.3575
828.823,6,-39.4429,1.6761,-1.3566
828.839,6,-39.4403,1.6762,-1.3547
828.854,6,-39.4391,1.6759,-1.3539
828.869,6,-39.4378,1.6756,-1.3531
828.890,6,-39.4352,1.6750,-1.3516
828.906,6,-39.4325,1.6746,-1.3503
828.920,6,-39.4311,1.6747,-1.3499
828.937,6,-39.4284,1.6748,-1.3490
828.951,6,-39.4269,1.6750,-1.3489
828.966,6,-39.4254,1.6751,-1.3487
828.981,6,-39.4225,1.6752,-1.3482
828.996,6,-39.4209,1.6751,-1.3482
829.011,6,-39.4192,1.6751,-1.3482
829.027,6,-39.4162,1.6751,-1.3483
829.042,6,-39.4146,1.6751,-1.3485
829.057,6,-39.4130,1.6751,-1.3486
829.072,6,-39.4097,1.6750,-1.3490
829.087,6,-39.4079,1.6750,-1.3494
829.102,6,-39.4061,1.6749,-1.3499
829.118,6,-39.4024,1.6748,-1.3507
829.133,6,-39.4005,1.6746,-1.3513
829.149,6,-39.3966,1.6742,-1.3525
829.164,6,-39.3946,1.6738,-1.3533
829.179,6,-39.3927,1.6734,-1.3542
829.193,6,-39.3889,1.6726,-1.3559
829.208,6,-39.3868,1.6721,-1.3569
829.224,6,-39.3827,1.6711,-1.3588
829.238,6,-39.3806,1.6705,-1.3600
829.257,6,-39.3783,1.6698,-1.3615
829.273,6,-39.3740,1.6684,-1.3641
829.290,6,-39.3717,1.6675,-1.3656
829.307,6,-39.3674,1.6655,-1.3683
829.321,6,-39.3653,1.6641,-1.3698
829.338,6,-39.3615,1.6612,-1.3727
829.353,6,-39.3597,1.6597,-1.3742
829.368,6,-39.3539,1.6620,-1.3774
829.382,6,-39.3496,1.6691,-1.3797
829.396,6,-39.3466,1.6733,-1.3818
829.411,6,-39.3441,1.6736,-1.3835
829.427,6,-39.3383,1.6727,-1.3869
829.442,6,-39.3355,1.6710,-1.3884
829.457,6,-39.3301,1.6705,-1.3916
829.472,6,-39.3272,1.6714,-1.3935
829.487,6,-39.3246,1.6726,-1.3951
829.501,6,-39.3220,1.6727,-1.3968
829.517,6,-39.3165,1.6722,-1.4000
829.532,6,-39.3139,1.6714,-1.4017
829.547,6,-39.3085,1.6714,-1.4052
829.562,6,-39.3054,1.6721,-1.4070
829.578,6,-39.3021,1.6726,-1.4087
829.595,6,-39.2954,1.6723,-1.4121
829.612,6,-39.2920,1.6720,-1.4137
829.628,6,-39.2854,1.6721,-1.4169
829.641,6,-39.2819,1.6722,-1.4183
829.657,6,-39.2780,1.6723,-1.4197
829.672,6,-39.2705,1.6718,-1.4225
829.686,6,-39.2666,1.6712,-1.4238
829.702,6,-39.2626,1.6707,-1.4248
829.718,6,-39.2548,1.6705,-1.4274
829.734,6,-39.2504,1.6703,-1.4283
829.749,6,-39.2422,1.6690,-1.4299
829.763,6,-39.2375,1.6683,-1.4304
829.779,6,-39.2331,1.6676,-1.4311
829.793,6,-39.2239,1.6671,-1.4332
829.808,6,-39.2189,1.6671,-1.4342
829.822,6,-39.2133,1.6673,-1.4349
829.838,6,-39.2026,1.6668,-1.4360
829.852,6,-39.1967,1.6665,-1.4363
829.869,6,-39.1853,1.6664,-1.4374
829.883,6,-39.1797,1.6659,-1.4375
829.900,6,-39.1736,1.6654,-1.4374
829.916,6,-39.1618,1.6639,-1.4372
829.931,6,-39.1556,1.6631,-1.4368
829.946,6,-39.1490,1.6627,-1.4365
829.961,6,-39.1367,1.6616,-1.4357
829.976,6,-39.1299,1.6609,-1.4351
829.991,6,-39.1167,1.6589,-1.4338
830.006,6,-39.1097,1.6579,-1.4329
830.021,6,-39.1026,1.6569,-1.4315
830.036,6,-39.0884,1.6555,-1.4294
830.051,6,-39.0807,1.6548,-1.4274
830.066,6,-39.0663,1.6531,-1.4239
830.081,6,-39.0586,1.6526,-1.4218
830.098,6,-39.0506,1.6523,-1.4195
830.115,6,-39.0348,1.6522,-1.4157
830.129,6,-39.0264,1.6530,-1.4134
830.143,6,-39.0181,1.6542,-1.4112
830.158,6,-39.0100,1.6550,-1.4088
830.174,6,-38.9935,1.6569,-1.4044
830.188,6,-38.9851,1.6588,-1.4025
830.203,6,-38.9683,1.6617,-1.3985
830.218,6,-38.9602,1.6629,-1.3969
830.233,6,-38.9525,1.6635,-1.3952
830.247,6,-38.9367,1.6649,-1.3924
830.262,6,-38.9291,1.6652,-1.3916
830.277,6,-38.9213,1.6660,-1.3912
830.292,6,-38.9057,1.6674,-1.3894
830.307,6,-38.8981,1.6681,-1.3891
830.324,6,-38.8903,1.6691,-1.3889
830.340,6,-38.8751,1.6710,-1.3883
830.354,6,-38.8673,1.6721,-1.3886
830.374,6,-38.8524,1.6731,-1.3886
830.390,6,-38.8449,1.6729,-1.3888
830.406,6,-38.8298,1.6734,-1.3893
830.421,6,-38.8224,1.6733,-1.3899
830.435,6,-38.8144,1.6735,-1.3908
830.451,6,-38.7992,1.6736,-1.3919
830.466,6,-38.7915,1.6733,-1.3926
830.481,6,-38.7761,1.6729,-1.3942
830.495,6,-38.7682,1.6724,-1.3951
830.511,6,-38.7601,1.6719,-1.3959
830.526,6,-38.7442,1.6707,-1.3974
830.541,6,-38.7358,1.6694,-1.3982
830.556,6,-38.7277,1.6682,-1.3991
830.572,6,-38.7114,1.6657,-1.4010
830.587,6,-38.7031,1.6640,-1.4023
830.602,6,-38.6950,1.6623,-1.4035
830.617,6,-38.6784,1.6592,-1.4059
830.632,6,-38.6698,1.6577,-1.4075
830.648,6,-38.6527,1.6557,-1.4108
830.662,6,-38.6440,1.6551,-1.4129
830.680,6,-38.6351,1.6551,-1.4152
830.696,6,-38.6174,1.6545,-1.4190
830.711,6,-38.6081,1.6554,-1.4210
830.727,6,-38.5896,1.6578,-1.4250
830.741,6,-38.5804,1.6599,-1.4270
830.757,6,-38.5709,1.6618,-1.4290
830.771,6,-38.5531,1.6640,-1.4325
830.786,6,-38.5442,1.6649,-1.4338
830.801,6,-38.5357,1.6656,-1.4350
830.816,6,-38.5186,1.6672,-1.4375
830.830,6,-38.5104,1.6680,-1.4384
830.844,6,-38.5026,1.6687,-1.4390
830.859,6,-38.4863,1.6708,-1.4405
830.874,6,-38.4785,1.6720,-1.4410
830.889,6,-38.4706,1.6736,-1.4413
830.910,6,-38.4549,1.6767,-1.4420
830.925,6,-38.4394,1.6792,-1.4424
830.939,6,-38.4317,1.6804,-1.4424
830.957,6,-38.4240,1.6810,-1.4422
830.973,6,-38.4084,1.6829,-1.4424
830.989,6,-38.4006,1.6835,-1.4423
831.004,6,-38.3853,1.6842,-1.4422
831.018,6,-38.3775,1.6841,-1.4420
831.033,6,-38.3697,1.6836,-1.4417
831.048,6,-38.3537,1.6837,-1.4416
831.062,6,-38.3455,1.6831,-1.4413
831.077,6,-38.3372,1.6823,-1.4410
831.092,6,-38.3210,1.6807,-1.4404
831.107,6,-38.3127,1.6795,-1.4400
831.122,6,-38.3043,1.6785,-1.4396
831.137,6,-38.2874,1.6765,-1.4386
831.156,6,-38.2786,1.6752,-1.4379
831.172,6,-38.2614,1.6726,-1.4364
831.187,6,-38.2525,1.6707,-1.4353
831.203,6,-38.2349,1.6675,-1.4335
831.217,6,-38.2259,1.6657,-1.4321
831.234,6,-38.2167,1.6644,-1.4305
831.249,6,-38.1989,1.6620,-1.4277
831.264,6,-38.1895,1.6615,-1.4260
831.278,6,-38.1805,1.6616,-1.4244
831.293,6,-38.1619,1.6621,-1.4212
831.307,6,-38.1523,1.6640,-1.4195
831.323,6,-38.1425,1.6661,-1.4178
831.338,6,-38.1235,1.6691,-1.4147
831.353,6,-38.1138,1.6715,-1.4133
831.368,6,-38.0952,1.6748,-1.4108
831.382,6,-38.0865,1.6758,-1.4098
831.400,6,-38.0780,1.6757,-1.4091
831.415,6,-38.0605,1.6769,-1.4075
831.429,6,-38.0519,1.6777,-1.4074
831.444,6,-38.0434,1.6790,-1.4074
831.459,6,-38.0262,1.6813,-1.4069
831.472,6,-38.0176,1.6824,-1.4068
831.487,6,-38.0093,1.6834,-1.4066
831.502,6,-37.9924,1.6854,-1.4064
831.515,6,-37.9840,1.6861,-1.4065
831.530,6,-37.9759,1.6863,-1.4066
831.544,6,-37.9677,1.6863,-1.4069
831.560,6,-37.9510,1.6864,-1.4071
831.574,6,-37.9425,1.6862,-1.4075
831.589,6,-37.9340,1.6861,-1.4077
831.604,6,-37.9172,1.6859,-1.4083
831.618,6,-37.9086,1.6853,-1.4087
831.633,6,-37.9002,1.6844,-1.4090
831.648,6,-37.8832,1.6828,-1.4096
831.662,6,-37.8745,1.6815,-1.4101
831.677,6,-37.8657,1.6804,-1.4104
831.692,6,-37.8484,1.6782,-1.4114
831.708,6,-37.8396,1.6766,-1.4120
831.723,6,-37.8308,1.6747,-1.4126
831.737,6,-37.8130,1.6716,-1.4138
831.752,6,-37.8038,1.6699,-1.4148
831.767,6,-37.7946,1.6686,-1.4158
831.784,6,-37.7763,1.6662,-1.4176
831.802,6,-37.7577,1.6641,-1.4197
831.816,6,-37.7482,1.6634,-1.4211
831.834,6,-37.7387,1.6630,-1.4225
831.850,6,-37.7200,1.6622,-1.4251
831.864,6,-37.7102,1.6630,-1.4266
831.878,6,-37.6911,1.6648,-1.4294
831.892,6,-37.6815,1.6671,-1.4310
831.905,6,-37.6717,1.6695,-1.4325
831.920,6,-37.6618,1.6719,-1.4339
831.935,6,-37.6424,1.6756,-1.4364
831.950,6,-37.6327,1.6773,-1.4373
831.964,6,-37.6233,1.6786,-1.4380
831.978,6,-37.6140,1.6794,-1.4385
831.993,6,-37.5953,1.6814,-1.4398
832.007,6,-37.5862,1.6821,-1.4400
832.022,6,-37.5774,1.6827,-1.4398
832.036,6,-37.5594,1.6847,-1.4401
832.051,6,-37.5507,1.6859,-1.4398
832.065,6,-37.5419,1.6873,-1.4393
832.080,6,-37.5244,1.6896,-1.4387
832.098,6,-37.5155,1.6906,-1.4380
832.115,6,-37.4980,1.6924,-1.4370
832.129,6,-37.4892,1.6930,-1.4363
832.143,6,-37.4804,1.6935,-1.4357
832.159,6,-37.4630,1.6945,-1.4345
832.173,6,-37.4542,1.6944,-1.4338
832.187,6,-37.4455,1.6942,-1.4331
832.203,6,-37.4283,1.6936,-1.4319
832.217,6,-37.4195,1.6926,-1.4314
832.233,6,-37.4107,1.6915,-1.4308
832.247,6,-37.3929,1.6900,-1.4295
832.261,6,-37.3839,1.6889,-1.4288
832.277,6,-37.3748,1.6875,-1.4282
832.292,6,-37.3568,1.6849,-1.4267
832.306,6,-37.3476,1.6829,-1.4259
832.321,6,-37.3386,1.6806,-1.4250
832.336,6,-37.3205,1.6768,-1.4232
832.352,6,-37.3115,1.6749,-1.4222
832.366,6,-37.3024,1.6735,-1.4212
832.382,6,-37.2841,1.6710,-1.4192
832.396,6,-37.2750,1.6701,-1.4180
832.410,6,-37.2659,1.6691,-1.4167
832.425,6,-37.2477,1.6676,-1.4143
832.439,6,-37.2385,1.6683,-1.4130
832.454,6,-37.2291,1.6710,-1.4118
832.468,6,-37.2196,1.6729,-1.4106
832.483,6,-37.2007,1.6755,-1.4083
832.497,6,-37.1912,1.6780,-1.4073
832.511,6,-37.1818,1.6802,-1.4064
832.525,6,-37.1639,1.6830,-1.4048
832.541,6,-37.1550,1.6835,-1.4042
832.555,6,-37.1466,1.6839,-1.4040
832.572,6,-37.1292,1.6856,-1.4031
832.588,6,-37.1205,1.6869,-1.4032
832.603,6,-37.1032,1.6894,-1.4031
832.617,6,-37.0948,1.6906,-1.4034
832.632,6,-37.0864,1.6917,-1.4038
832.647,6,-37.0694,1.6936,-1.4044
832.661,6,-37.0611,1.6941,-1.4049
832.680,6,-37.0528,1.6944,-1.4056
832.694,6,-37.0360,1.6953,-1.4065
832.709,6,-37.0274,1.6954,-1.4072
832.724,6,-37.0105,1.6958,-1.4084
832.739,6,-37.0022,1.6954,-1.4093
832.754,6,-36.9938,1.6949,-1.4101
832.768,6,-36.9772,1.6942,-1.4116
832.782,6,-36.9688,1.6936,-1.4124
832.795,6,-36.9605,1.6929,-1.4132
832.811,6,-36.9520,1.6923,-1.4140
832.826,6,-36.9352,1.6908,-1.4156
832.840,6,-36.9266,1.6894,-1.4164
832.854,6,-36.9182,1.6880,-1.4172
832.869,6,-36.9010,1.6853,-1.4189
832.884,6,-36.8922,1.6835,-1.4197
832.899,6,-36.8834,1.6818,-1.4206
832.913,6,-36.8661,1.6787,-1.4223
832.929,6,-36.8571,1.6777,-1.4233
832.947,6,-36.8481,1.6770,-1.4243
832.962,6,-36.8304,1.6750,-1.4261
832.975,6,-36.8213,1.6744,-1.4272
832.990,6,-36.8119,1.6739,-1.4283
833.004,6,-36.7936,1.6733,-1.4305
833.018,6,-36.7839,1.6749,-1.4318
833.033,6,-36.7744,1.6767,-1.4331
833.050,6,-36.7647,1.6786,-1.4342
833.067,6,-36.7460,1.6818,-1.4365
833.081,6,-36.7359,1.6842,-1.4376
833.095,6,-36.7172,1.6875,-1.4396
833.108,6,-36.7079,1.6889,-1.4403
833.123,6,-36.6986,1.6900,-1.4409
833.137,6,-36.6893,1.6908,-1.4413
833.151,6,-36.6796,1.6915,-1.4416
833.168,6,-36.6613,1.6931,-1.4422
833.182,6,-36.6521,1.6938,-1.4424
833.196,6,-36.6426,1.6944,-1.4424
833.211,6,-36.6247,1.6958,-1.4426
833.225,6,-36.6158,1.6964,-1.4425
833.239,6,-36.6070,1.6967,-1.4424
833.253,6,-36.5983,1.6970,-1.4423
833.267,6,-36.5808,1.6977,-1.4420
833.282,6,-36.5721,1.6980,-1.4418
833.296,6,-36.5634,1.6981,-1.4416
833.311,6,-36.5548,1.6982,-1.4413
833.327,6,-36.5378,1.6982,-1.4410
833.341,6,-36.5296,1.6976,-1.4408
833.356,6,-36.5130,1.6968,-1.4406
833.371,6,-36.5047,1.6963,-1.4406
833.386,6,-36.4963,1.6958,-1.4407
833.401,6,-36.4880,1.6951,-1.4409
833.415,6,-36.4713,1.6938,-1.4410
833.430,6,-36.4632,1.6927,-1.4411
833.445,6,-36.4465,1.6907,-1.4413
833.459,6,-36.4381,1.6893,-1.4413
833.474,6,-36.4297,1.6878,-1.4413
833.488,6,-36.4212,1.6862,-1.4413
833.503,6,-36.4041,1.6834,-1.4414
833.516,6,-36.3953,1.6818,-1.4414
833.531,6,-36.3868,1.6805,-1.4413
833.545,6,-36.3697,1.6782,-1.4412
833.560,6,-36.3612,1.6774,-1.4410
833.575,6,-36.3529,1.6767,-1.4407
833.588,6,-36.3446,1.6764,-1.4404
833.603,6,-36.3277,1.6762,-1.4401
833.617,6,-36.3193,1.6780,-1.4399
833.631,6,-36.3108,1.6802,-1.4398
833.646,6,-36.2939,1.6833,-1.4397
833.660,6,-36.2856,1.6858,-1.4398
833.678,6,-36.2773,1.6886,-1.4401
833.693,6,-36.2609,1.6922,-1.4404
833.707,6,-36.2530,1.6937,-1.4410
833.721,6,-36.2453,1.6947,-1.4415
833.735,6,-36.2295,1.6967,-1.4425
833.749,6,-36.2219,1.6971,-1.4433
833.763,6,-36.2140,1.6979,-1.4440
833.777,6,-36.2061,1.6987,-1.4449
833.791,6,-36.1901,1.7003,-1.4465
833.805,6,-36.1823,1.7007,-1.4475
833.821,6,-36.1745,1.7012,-1.4484
833.835,6,-36.1588,1.7025,-1.4502
833.849,6,-36.1510,1.7029,-1.4513
833.862,6,-36.1432,1.7030,-1.4525
833.876,6,-36.1357,1.7032,-1.4536
833.891,6,-36.1205,1.7036,-1.4559
833.905,6,-36.1130,1.7036,-1.4572
833.920,6,-36.1056,1.7035,-1.4585
833.934,6,-36.0905,1.7032,-1.4611
833.949,6,-36.0831,1.7027,-1.4625
833.963,6,-36.0758,1.7021,-1.4639
833.978,6,-36.0683,1.7016,-1.4653
833.992,6,-36.0535,1.7006,-1.4682
834.007,6,-36.0462,1.6995,-1.4698
834.021,6,-36.0390,1.6983,-1.4713
834.036,6,-36.0245,1.6963,-1.4742
834.050,6,-36.0175,1.6947,-1.4756
834.065,6,-36.0106,1.6931,-1.4770
834.079,6,-35.9965,1.6905,-1.4799
834.093,6,-35.9896,1.6892,-1.4814
834.108,6,-35.9828,1.6884,-1.4829
834.123,6,-35.9692,1.6868,-1.4859
834.138,6,-35.9624,1.6864,-1.4874
834.153,6,-35.9557,1.6861,-1.4888
834.171,6,-35.9423,1.6855,-1.4917
834.188,6,-35.9287,1.6855,-1.4946
834.202,6,-35.9219,1.6866,-1.4961
834.216,6,-35.9153,1.6874,-1.4974
834.231,6,-35.9085,1.6881,-1.4987
834.246,6,-35.8948,1.6898,-1.5013
834.260,6,-35.8879,1.6912,-1.5025
834.275,6,-35.8810,1.6922,-1.5035
834.290,6,-35.8674,1.6936,-1.5056
834.304,6,-35.8605,1.6942,-1.5065
834.319,6,-35.8536,1.6949,-1.5072
834.334,6,-35.8468,1.6956,-1.5078
834.350,6,-35.8331,1.6969,-1.5091
834.364,6,-35.8262,1.6974,-1.5095
834.378,6,-35.8195,1.6979,-1.5099
834.394,6,-35.8061,1.6989,-1.5103
834.408,6,-35.7993,1.6996,-1.5104
834.422,6,-35.7861,1.7012,-1.5107
834.437,6,-35.7796,1.7019,-1.5105
834.450,6,-35.7732,1.7026,-1.5103
834.465,6,-35.7669,1.7032,-1.5100
834.481,6,-35.7541,1.7044,-1.5097
834.497,6,-35.7477,1.7048,-1.5093
834.511,6,-35.7352,1.7057,-1.5086
834.526,6,-35.7293,1.7058,-1.5082
834.540,6,-35.7234,1.7058,-1.5077
834.554,6,-35.7178,1.7057,-1.5073
834.569,6,-35.7062,1.7057,-1.5066
834.582,6,-35.7007,1.7052,-1.5063
834.598,6,-35.6951,1.7048,-1.5058
834.611,6,-35.6896,1.7043,-1.5054
834.626,6,-35.6786,1.7031,-1.5044
834.640,6,-35.6733,1.7020,-1.5039
834.655,6,-35.6625,1.7003,-1.5029
834.669,6,-35.6573,1.6995,-1.5024
834.683,6,-35.6521,1.6988,-1.5019
834.698,6,-35.6466,1.6982,-1.5013
834.713,6,-35.6358,1.6971,-1.5002
834.726,6,-35.6305,1.6966,-1.4996
834.741,6,-35.6255,1.6961,-1.4992
834.754,6,-35.6204,1.6957,-1.4986
834.769,6,-35.6102,1.6952,-1.4976
834.782,6,-35.6052,1.6952,-1.4970
834.796,6,-35.6001,1.6955,-1.4964
834.811,6,-35.5900,1.6962,-1.4954
834.825,6,-35.5850,1.6977,-1.4950
834.839,6,-35.5799,1.6995,-1.4947
834.854,6,-35.5751,1.7006,-1.4944
834.869,6,-35.5655,1.7020,-1.4937
834.884,6,-35.5609,1.7024,-1.4935
834.898,6,-35.5565,1.7026,-1.4933
834.912,6,-35.5475,1.7031,-1.4928
834.927,6,-35.5432,1.7031,-1.4926
834.942,6,-35.5391,1.7030,-1.4927
834.962,6,-35.5306,1.7028,-1.4927
834.981,6,-35.5221,1.7030,-1.4927
834.995,6,-35.5180,1.7032,-1.4930
835.009,6,-35.5097,1.7034,-1.4934
835.023,6,-35.5059,1.7035,-1.4939
835.041,6,-35.5021,1.7034,-1.4943
835.055,6,-35.4984,1.7034,-1.4948
835.069,6,-35.4909,1.7037,-1.4958
835.082,6,-35.4876,1.7041,-1.4966
835.097,6,-35.4844,1.7045,-1.4974
835.112,6,-35.4777,1.7051,-1.4988
835.126,6,-35.4748,1.7053,-1.4998
835.140,6,-35.4720,1.7057,-1.5007
835.153,6,-35.4693,1.7060,-1.5015
835.168,6,-35.4636,1.7067,-1.5032
835.182,6,-35.4610,1.7068,-1.5042
835.197,6,-35.4587,1.7067,-1.5051
835.211,6,-35.4563,1.7066,-1.5061
835.225,6,-35.4512,1.7064,-1.5078
835.240,6,-35.4492,1.7058,-1.5087
835.254,6,-35.4447,1.7050,-1.5104
835.268,6,-35.4427,1.7043,-1.5113
835.283,6,-35.4410,1.7035,-1.5123
835.297,6,-35.4392,1.7030,-1.5132
835.311,6,-35.4375,1.7030,-1.5141
835.326,6,-35.4338,1.7035,-1.5160
835.340,6,-35.4322,1.7041,-1.5170
835.355,6,-35.4307,1.7044,-1.5178
835.370,6,-35.4274,1.7049,-1.5195
835.384,6,-35.4261,1.7049,-1.5202
835.398,6,-35.4234,1.7048,-1.5216
835.412,6,-35.4222,1.7046,-1.5220
835.428,6,-35.4213,1.7042,-1.5226
835.443,6,-35.4204,1.7039,-1.5230
835.457,6,-35.4184,1.7031,-1.5238
835.472,6,-35.4176,1.7026,-1.5241
835.486,6,-35.4158,1.7016,-1.5248
835.499,6,-35.4152,1.7011,-1.5251
835.515,6,-35.4144,1.7008,-1.5251
835.530,6,-35.4127,1.7004,-1.5255
835.544,6,-35.4117,1.7010,-1.5258
835.559,6,-35.4106,1.7018,-1.5260
835.573,6,-35.4097,1.7023,-1.5264
835.588,6,-35.4078,1.7028,-1.5268
835.603,6,-35.4068,1.7031,-1.5269
835.618,6,-35.4060,1.7031,-1.5270
835.633,6,-35.4043,1.7032,-1.5271
835.648,6,-35.4037,1.7030,-1.5271
835.661,6,-35.4031,1.7030,-1.5271
835.676,6,-35.4018,1.7031,-1.5272
835.689,6,-35.4014,1.7031,-1.5273
835.704,6,-35.4011,1.7032,-1.5275
835.718,6,-35.4009,1.7034,-1.5276
835.732,6,-35.4001,1.7038,-1.5279
835.746,6,-35.3998,1.7039,-1.5281
835.763,6,-35.3995,1.7041,-1.5283
835.777,6,-35.3988,1.7040,-1.5285
835.792,6,-35.3985,1.7039,-1.5285

# --- Trial 7 start ---
843.525,7,-39.4792,1.6810,-1.4600
843.606,7,-39.4796,1.6809,-1.4601
843.629,7,-39.4799,1.6807,-1.4599
843.647,7,-39.4799,1.6806,-1.4598
843.664,7,-39.4799,1.6806,-1.4597
843.688,7,-39.4798,1.6804,-1.4594
843.708,7,-39.4797,1.6804,-1.4592
843.722,7,-39.4797,1.6804,-1.4591
843.737,7,-39.4795,1.6803,-1.4589
843.752,7,-39.4794,1.6803,-1.4586
843.766,7,-39.4793,1.6804,-1.4584
843.784,7,-39.4792,1.6803,-1.4581
843.800,7,-39.4790,1.6803,-1.4577
843.815,7,-39.4788,1.6805,-1.4574
843.835,7,-39.4783,1.6805,-1.4568
843.852,7,-39.4780,1.6806,-1.4565
843.867,7,-39.4775,1.6808,-1.4559
843.883,7,-39.4772,1.6809,-1.4554
843.898,7,-39.4767,1.6811,-1.4545
843.913,7,-39.4762,1.6812,-1.4540
843.928,7,-39.4758,1.6812,-1.4533
843.943,7,-39.4750,1.6813,-1.4522
843.958,7,-39.4743,1.6813,-1.4515
843.973,7,-39.4733,1.6814,-1.4501
843.988,7,-39.4726,1.6814,-1.4492
844.005,7,-39.4719,1.6814,-1.4482
844.020,7,-39.4705,1.6813,-1.4464
844.034,7,-39.4696,1.6812,-1.4454
844.050,7,-39.4687,1.6811,-1.4443
844.065,7,-39.4670,1.6810,-1.4421
844.080,7,-39.4659,1.6808,-1.4408
844.095,7,-39.4649,1.6806,-1.4395
844.111,7,-39.4630,1.6803,-1.4368
844.126,7,-39.4618,1.6801,-1.4353
844.142,7,-39.4597,1.6797,-1.4324
844.157,7,-39.4585,1.6795,-1.4306
844.172,7,-39.4574,1.6793,-1.4289
844.187,7,-39.4551,1.6789,-1.4256
844.202,7,-39.4538,1.6788,-1.4238
844.217,7,-39.4526,1.6788,-1.4221
844.233,7,-39.4501,1.6788,-1.4187
844.248,7,-39.4488,1.6789,-1.4170
844.263,7,-39.4476,1.6790,-1.4153
844.278,7,-39.4451,1.6790,-1.4118
844.296,7,-39.4438,1.6791,-1.4100
844.314,7,-39.4412,1.6791,-1.4068
844.331,7,-39.4385,1.6791,-1.4037
844.347,7,-39.4372,1.6789,-1.4023
844.364,7,-39.4345,1.6791,-1.3994
844.379,7,-39.4331,1.6792,-1.3982
844.395,7,-39.4317,1.6792,-1.3970
844.411,7,-39.4292,1.6790,-1.3947
844.427,7,-39.4278,1.6787,-1.3939
844.442,7,-39.4253,1.6780,-1.3920
844.456,7,-39.4242,1.6773,-1.3913
844.471,7,-39.4232,1.6765,-1.3908
844.488,7,-39.4210,1.6754,-1.3897
844.503,7,-39.4199,1.6751,-1.3894
844.517,7,-39.4188,1.6749,-1.3893
844.533,7,-39.4168,1.6743,-1.3889
844.548,7,-39.4158,1.6741,-1.3890
844.563,7,-39.4138,1.6737,-1.3890
844.578,7,-39.4128,1.6736,-1.3893
844.593,7,-39.4119,1.6737,-1.3896
844.608,7,-39.4099,1.6737,-1.3902
844.624,7,-39.4089,1.6737,-1.3907
844.639,7,-39.4080,1.6738,-1.3912
844.656,7,-39.4060,1.6739,-1.3922
844.672,7,-39.4049,1.6740,-1.3928
844.688,7,-39.4029,1.6741,-1.3940
844.703,7,-39.4018,1.6741,-1.3948
844.718,7,-39.4008,1.6739,-1.3955
844.734,7,-39.3987,1.6735,-1.3969
844.750,7,-39.3976,1.6731,-1.3978
844.767,7,-39.3955,1.6725,-1.3995
844.781,7,-39.3933,1.6718,-1.4013
844.797,7,-39.3922,1.6714,-1.4025
844.815,7,-39.3911,1.6711,-1.4036
844.830,7,-39.3887,1.6706,-1.4059
844.845,7,-39.3875,1.6704,-1.4071
844.860,7,-39.3863,1.6702,-1.4085
844.876,7,-39.3840,1.6698,-1.4114
844.890,7,-39.3827,1.6695,-1.4130
844.905,7,-39.3816,1.6692,-1.4148
844.925,7,-39.3793,1.6685,-1.4182
844.944,7,-39.3766,1.6693,-1.4220
844.958,7,-39.3741,1.6734,-1.4242
844.974,7,-39.3696,1.6798,-1.4288
844.989,7,-39.3676,1.6816,-1.4311
845.004,7,-39.3658,1.6813,-1.4333
845.019,7,-39.3615,1.6804,-1.4372
845.033,7,-39.3592,1.6798,-1.4390
845.048,7,-39.3571,1.6799,-1.4409
845.063,7,-39.3528,1.6802,-1.4446
845.084,7,-39.3479,1.6797,-1.4486
845.105,7,-39.3431,1.6781,-1.4523
845.120,7,-39.3405,1.6772,-1.4541
845.140,7,-39.3375,1.6770,-1.4560
845.156,7,-39.3320,1.6766,-1.4597
845.172,7,-39.3288,1.6763,-1.4615
845.188,7,-39.3228,1.6756,-1.4650
845.204,7,-39.3198,1.6754,-1.4665
845.220,7,-39.3135,1.6751,-1.4697
845.235,7,-39.3102,1.6749,-1.4709
845.252,7,-39.3070,1.6744,-1.4722
845.268,7,-39.3003,1.6735,-1.4749
845.284,7,-39.2933,1.6725,-1.4775
845.300,7,-39.2896,1.6722,-1.4785
845.316,7,-39.2858,1.6722,-1.4793
845.332,7,-39.2780,1.6718,-1.4810
845.348,7,-39.2736,1.6716,-1.4816
845.364,7,-39.2653,1.6712,-1.4831
845.381,7,-39.2605,1.6709,-1.4835
845.400,7,-39.2514,1.6704,-1.4845
845.418,7,-39.2463,1.6702,-1.4849
845.434,7,-39.2364,1.6693,-1.4854
845.450,7,-39.2312,1.6689,-1.4856
845.466,7,-39.2208,1.6682,-1.4862
845.482,7,-39.2149,1.6675,-1.4864
845.498,7,-39.2041,1.6662,-1.4865
845.514,7,-39.1982,1.6654,-1.4864
845.530,7,-39.1865,1.6643,-1.4864
845.545,7,-39.1802,1.6636,-1.4861
845.564,7,-39.1739,1.6631,-1.4859
845.582,7,-39.1614,1.6618,-1.4851
845.598,7,-39.1485,1.6606,-1.4841
845.614,7,-39.1416,1.6604,-1.4833
845.631,7,-39.1282,1.6594,-1.4819
845.645,7,-39.1212,1.6589,-1.4808
845.662,7,-39.1076,1.6575,-1.4785
845.677,7,-39.1006,1.6569,-1.4769
845.697,7,-39.0862,1.6561,-1.4740
845.714,7,-39.0786,1.6558,-1.4721
845.733,7,-39.0642,1.6548,-1.4686
845.749,7,-39.0568,1.6549,-1.4666
845.764,7,-39.0421,1.6556,-1.4630
845.778,7,-39.0345,1.6573,-1.4611
845.793,7,-39.0267,1.6591,-1.4593
845.808,7,-39.0113,1.6623,-1.4557
845.822,7,-39.0035,1.6648,-1.4539
845.839,7,-38.9959,1.6670,-1.4524
845.854,7,-38.9810,1.6702,-1.4494
845.869,7,-38.9739,1.6711,-1.4480
845.886,7,-38.9596,1.6729,-1.4454
845.901,7,-38.9526,1.6735,-1.4441
845.916,7,-38.9454,1.6744,-1.4432
845.932,7,-38.9312,1.6766,-1.4414
845.947,7,-38.9239,1.6776,-1.4408
845.962,7,-38.9095,1.6795,-1.4393
845.976,7,-38.9024,1.6802,-1.4388
845.996,7,-38.8951,1.6805,-1.4387
846.012,7,-38.8804,1.6816,-1.4379
846.027,7,-38.8729,1.6817,-1.4378
846.042,7,-38.8582,1.6819,-1.4373
846.056,7,-38.8505,1.6816,-1.4372
846.071,7,-38.8429,1.6813,-1.4373
846.087,7,-38.8279,1.6810,-1.4374
846.101,7,-38.8201,1.6804,-1.4376
846.117,7,-38.8124,1.6796,-1.4378
846.132,7,-38.7969,1.6785,-1.4381
846.146,7,-38.7889,1.6778,-1.4384
846.160,7,-38.7808,1.6769,-1.4389
846.176,7,-38.7647,1.6754,-1.4397
846.193,7,-38.7567,1.6741,-1.4403
846.211,7,-38.7403,1.6717,-1.4412
846.228,7,-38.7237,1.6688,-1.4424
846.243,7,-38.7152,1.6671,-1.4431
846.258,7,-38.7065,1.6656,-1.4439
846.275,7,-38.6892,1.6630,-1.4454
846.290,7,-38.6803,1.6621,-1.4463
846.306,7,-38.6714,1.6613,-1.4474
846.322,7,-38.6538,1.6601,-1.4493
846.339,7,-38.6446,1.6606,-1.4505
846.358,7,-38.6265,1.6620,-1.4527
846.377,7,-38.6083,1.6644,-1.4550
846.393,7,-38.5900,1.6674,-1.4571
846.407,7,-38.5805,1.6699,-1.4580
846.426,7,-38.5713,1.6721,-1.4587
846.442,7,-38.5534,1.6747,-1.4600
846.457,7,-38.5448,1.6750,-1.4601
846.472,7,-38.5363,1.6756,-1.4603
846.489,7,-38.5190,1.6771,-1.4607
846.506,7,-38.5014,1.6788,-1.4607
846.520,7,-38.4927,1.6798,-1.4604
846.536,7,-38.4839,1.6808,-1.4601
846.552,7,-38.4749,1.6819,-1.4598
846.568,7,-38.4571,1.6835,-1.4592
846.583,7,-38.4484,1.6838,-1.4586
846.598,7,-38.4309,1.6848,-1.4575
846.612,7,-38.4219,1.6851,-1.4567
846.627,7,-38.4130,1.6853,-1.4559
846.643,7,-38.3954,1.6855,-1.4544
846.659,7,-38.3864,1.6851,-1.4534
846.674,7,-38.3687,1.6845,-1.4516
846.689,7,-38.3596,1.6836,-1.4506
846.708,7,-38.3417,1.6821,-1.4488
846.723,7,-38.3327,1.6812,-1.4478
846.738,7,-38.3236,1.6802,-1.4467
846.754,7,-38.3054,1.6780,-1.4445
846.768,7,-38.2961,1.6766,-1.4433
846.783,7,-38.2869,1.6751,-1.4421
846.800,7,-38.2778,1.6730,-1.4408
846.817,7,-38.2592,1.6692,-1.4382
846.835,7,-38.2404,1.6654,-1.4355
846.850,7,-38.2215,1.6622,-1.4327
846.865,7,-38.2118,1.6613,-1.4311
846.885,7,-38.2021,1.6604,-1.4296
846.901,7,-38.1826,1.6588,-1.4267
846.916,7,-38.1726,1.6590,-1.4252
846.933,7,-38.1528,1.6599,-1.4224
846.948,7,-38.1425,1.6620,-1.4211
846.963,7,-38.1225,1.6652,-1.4185
846.978,7,-38.1122,1.6681,-1.4174
846.993,7,-38.1028,1.6707,-1.4164
847.008,7,-38.0839,1.6742,-1.4146
847.022,7,-38.0748,1.6755,-1.4142
847.038,7,-38.0660,1.6769,-1.4139
847.053,7,-38.0483,1.6798,-1.4133
847.067,7,-38.0394,1.6813,-1.4132
847.082,7,-38.0307,1.6828,-1.4131
847.096,7,-38.0132,1.6858,-1.4129
847.112,7,-38.0046,1.6871,-1.4131
847.130,7,-37.9961,1.6881,-1.4133
847.148,7,-37.9786,1.6902,-1.4136
847.164,7,-37.9611,1.6916,-1.4140
847.178,7,-37.9523,1.6919,-1.4144
847.193,7,-37.9437,1.6920,-1.4147
847.207,7,-37.9264,1.6923,-1.4154
847.221,7,-37.9175,1.6918,-1.4159
847.236,7,-37.9087,1.6913,-1.4163
847.251,7,-37.8910,1.6905,-1.4174
847.265,7,-37.8820,1.6896,-1.4180
847.283,7,-37.8730,1.6883,-1.4187
847.297,7,-37.8553,1.6867,-1.4198
847.311,7,-37.8462,1.6850,-1.4207
847.325,7,-37.8372,1.6836,-1.4215
847.340,7,-37.8189,1.6810,-1.4230
847.354,7,-37.8096,1.6792,-1.4239
847.369,7,-37.8005,1.6772,-1.4248
847.385,7,-37.7824,1.6736,-1.4266
847.399,7,-37.7732,1.6717,-1.4277
847.413,7,-37.7639,1.6704,-1.4290
847.429,7,-37.7456,1.6679,-1.4312
847.444,7,-37.7362,1.6673,-1.4324
847.460,7,-37.7267,1.6669,-1.4338
847.476,7,-37.7079,1.6657,-1.4363
847.491,7,-37.6982,1.6663,-1.4376
847.506,7,-37.6793,1.6685,-1.4401
847.521,7,-37.6698,1.6707,-1.4414
847.538,7,-37.6603,1.6726,-1.4426
847.553,7,-37.6409,1.6758,-1.4449
847.569,7,-37.6312,1.6778,-1.4459
847.584,7,-37.6124,1.6801,-1.4476
847.600,7,-37.6033,1.6805,-1.4480
847.616,7,-37.5846,1.6819,-1.4492
847.631,7,-37.5752,1.6826,-1.4495
847.651,7,-37.5564,1.6844,-1.4501
847.667,7,-37.5469,1.6854,-1.4501
847.683,7,-37.5374,1.6865,-1.4501
847.700,7,-37.5187,1.6885,-1.4504
847.717,7,-37.5092,1.6894,-1.4503
847.732,7,-37.4904,1.6909,-1.4504
847.748,7,-37.4811,1.6920,-1.4503
847.763,7,-37.4625,1.6938,-1.4502
847.782,7,-37.4535,1.6943,-1.4501
847.800,7,-37.4352,1.6950,-1.4499
847.815,7,-37.4260,1.6949,-1.4498
847.830,7,-37.4077,1.6947,-1.4496
847.844,7,-37.3986,1.6941,-1.4494
847.859,7,-37.3894,1.6934,-1.4493
847.874,7,-37.3709,1.6921,-1.4490
847.890,7,-37.3616,1.6908,-1.4487
847.906,7,-37.3524,1.6892,-1.4484
847.922,7,-37.3339,1.6864,-1.4479
847.941,7,-37.3245,1.6837,-1.4474
847.960,7,-37.2962,1.6777,-1.4464
847.975,7,-37.2866,1.6755,-1.4458
847.993,7,-37.2769,1.6742,-1.4452
848.008,7,-37.2578,1.6715,-1.4442
848.023,7,-37.2481,1.6706,-1.4436
848.038,7,-37.2383,1.6700,-1.4429
848.052,7,-37.2191,1.6689,-1.4416
848.068,7,-37.2093,1.6702,-1.4409
848.082,7,-37.1898,1.6718,-1.4396
848.101,7,-37.1799,1.6743,-1.4390
848.117,7,-37.1701,1.6766,-1.4386
848.131,7,-37.1508,1.6800,-1.4377
848.145,7,-37.1415,1.6816,-1.4374
848.160,7,-37.1323,1.6826,-1.4371
848.174,7,-37.1138,1.6844,-1.4365
848.187,7,-37.1049,1.6852,-1.4365
848.201,7,-37.0960,1.6864,-1.4367
848.216,7,-37.0781,1.6888,-1.4368
848.230,7,-37.0693,1.6901,-1.4371
848.247,7,-37.0607,1.6916,-1.4376
848.262,7,-37.0431,1.6945,-1.4382
848.276,7,-37.0344,1.6956,-1.4387
848.291,7,-37.0257,1.6963,-1.4393
848.305,7,-37.0081,1.6979,-1.4403
848.319,7,-36.9993,1.6983,-1.4411
848.335,7,-36.9903,1.6984,-1.4418
848.349,7,-36.9815,1.6984,-1.4427
848.363,7,-36.9638,1.6987,-1.4441
848.378,7,-36.9548,1.6983,-1.4451
848.392,7,-36.9459,1.6977,-1.4460
848.406,7,-36.9281,1.6969,-1.4477
848.424,7,-36.9190,1.6960,-1.4488
848.440,7,-36.9010,1.6945,-1.4508
848.454,7,-36.8919,1.6932,-1.4519
848.469,7,-36.8827,1.6917,-1.4530
848.484,7,-36.8647,1.6890,-1.4551
848.498,7,-36.8558,1.6869,-1.4563
848.516,7,-36.8466,1.6849,-1.4575
848.530,7,-36.8284,1.6817,-1.4599
848.545,7,-36.8191,1.6804,-1.4613
848.559,7,-36.8101,1.6794,-1.4627
848.574,7,-36.7918,1.6774,-1.4654
848.587,7,-36.7824,1.6770,-1.4669
848.601,7,-36.7730,1.6777,-1.4684
848.616,7,-36.7637,1.6792,-1.4700
848.630,7,-36.7453,1.6808,-1.4730
848.644,7,-36.7362,1.6824,-1.4746
848.659,7,-36.7270,1.6845,-1.4761
848.673,7,-36.7088,1.6878,-1.4790
848.688,7,-36.7000,1.6893,-1.4803
848.703,7,-36.6914,1.6902,-1.4815
848.718,7,-36.6742,1.6918,-1.4837
848.734,7,-36.6659,1.6924,-1.4846
848.748,7,-36.6490,1.6938,-1.4864
848.762,7,-36.6409,1.6943,-1.4869
848.780,7,-36.6328,1.6948,-1.4875
848.794,7,-36.6164,1.6961,-1.4889
848.808,7,-36.6083,1.6968,-1.4894
848.822,7,-36.6002,1.6974,-1.4898
848.836,7,-36.5922,1.6980,-1.4902
848.850,7,-36.5760,1.6989,-1.4910
848.864,7,-36.5680,1.6993,-1.4912
848.878,7,-36.5601,1.6995,-1.4913
848.893,7,-36.5522,1.6997,-1.4914
848.908,7,-36.5363,1.7001,-1.4918
848.921,7,-36.5283,1.7000,-1.4918
848.936,7,-36.5204,1.6998,-1.4918
848.950,7,-36.5046,1.6993,-1.4919
848.965,7,-36.4966,1.6987,-1.4918
848.978,7,-36.4887,1.6980,-1.4917
848.994,7,-36.4731,1.6968,-1.4916
849.008,7,-36.4652,1.6960,-1.4915
849.024,7,-36.4572,1.6951,-1.4913
849.039,7,-36.4414,1.6934,-1.4909
849.053,7,-36.4332,1.6924,-1.4906
849.067,7,-36.4251,1.6913,-1.4902
849.081,7,-36.4171,1.6901,-1.4898
849.095,7,-36.4010,1.6877,-1.4891
849.109,7,-36.3929,1.6865,-1.4886
849.123,7,-36.3848,1.6856,-1.4879
849.138,7,-36.3767,1.6848,-1.4873
849.157,7,-36.3606,1.6834,-1.4861
849.172,7,-36.3444,1.6823,-1.4848
849.186,7,-36.3366,1.6820,-1.4840
849.201,7,-36.3287,1.6818,-1.4831
849.215,7,-36.3207,1.6822,-1.4822
849.230,7,-36.3048,1.6833,-1.4805
849.245,7,-36.2970,1.6850,-1.4797
849.261,7,-36.2812,1.6877,-1.4780
849.275,7,-36.2732,1.6901,-1.4772
849.291,7,-36.2653,1.6928,-1.4766
849.305,7,-36.2498,1.6960,-1.4753
849.319,7,-36.2420,1.6970,-1.4748
849.335,7,-36.2346,1.6977,-1.4744
849.350,7,-36.2193,1.6992,-1.4736
849.365,7,-36.2117,1.6992,-1.4735
849.379,7,-36.2039,1.6995,-1.4733
849.393,7,-36.1887,1.7003,-1.4731
849.407,7,-36.1810,1.7008,-1.4732
849.421,7,-36.1732,1.7013,-1.4734
849.435,7,-36.1656,1.7018,-1.4736
849.449,7,-36.1578,1.7023,-1.4739
849.464,7,-36.1426,1.7030,-1.4743
849.478,7,-36.1349,1.7030,-1.4747
849.493,7,-36.1274,1.7029,-1.4753
849.508,7,-36.1123,1.7031,-1.4762
849.521,7,-36.1047,1.7030,-1.4767
849.539,7,-36.0972,1.7028,-1.4774
849.557,7,-36.0824,1.7024,-1.4785
849.571,7,-36.0675,1.7019,-1.4797
849.585,7,-36.0601,1.7012,-1.4804
849.600,7,-36.0528,1.7005,-1.4812
849.614,7,-36.0455,1.6998,-1.4820
849.629,7,-36.0306,1.6985,-1.4835
849.642,7,-36.0232,1.6976,-1.4845
849.658,7,-36.0159,1.6964,-1.4853
849.671,7,-36.0011,1.6942,-1.4871
849.689,7,-35.9936,1.6926,-1.4880
849.705,7,-35.9789,1.6898,-1.4899
849.720,7,-35.9716,1.6882,-1.4910
849.735,7,-35.9642,1.6869,-1.4920
849.748,7,-35.9495,1.6846,-1.4942
849.763,7,-35.9423,1.6837,-1.4954
849.781,7,-35.9350,1.6832,-1.4966
849.796,7,-35.9204,1.6817,-1.4989
849.809,7,-35.9132,1.6812,-1.5002
849.824,7,-35.9060,1.6816,-1.5013
849.838,7,-35.8986,1.6825,-1.5026
849.853,7,-35.8842,1.6833,-1.5050
849.867,7,-35.8769,1.6842,-1.5063
849.881,7,-35.8622,1.6864,-1.5088
849.895,7,-35.8549,1.6883,-1.5100
849.909,7,-35.8479,1.6897,-1.5112
849.924,7,-35.8407,1.6909,-1.5122
849.940,7,-35.8266,1.6932,-1.5143
849.953,7,-35.8196,1.6942,-1.5151
849.968,7,-35.8127,1.6948,-1.5159
849.983,7,-35.8058,1.6955,-1.5166
850.000,7,-35.7920,1.6969,-1.5180
850.017,7,-35.7781,1.6983,-1.5192
850.031,7,-35.7712,1.6991,-1.5197
850.045,7,-35.7643,1.7001,-1.5199
850.060,7,-35.7504,1.7021,-1.5206
850.074,7,-35.7437,1.7030,-1.5206
850.089,7,-35.7371,1.7037,-1.5207
850.103,7,-35.7239,1.7050,-1.5208
850.118,7,-35.7176,1.7057,-1.5206
850.133,7,-35.7116,1.7061,-1.5203
850.147,7,-35.6993,1.7069,-1.5200
850.162,7,-35.6933,1.7069,-1.5196
850.175,7,-35.6873,1.7071,-1.5191
850.189,7,-35.6818,1.7070,-1.5187
850.204,7,-35.6701,1.7070,-1.5179
850.218,7,-35.6646,1.7068,-1.5173
850.233,7,-35.6592,1.7065,-1.5166
850.247,7,-35.6539,1.7060,-1.5160
850.261,7,-35.6431,1.7051,-1.5147
850.275,7,-35.6380,1.7043,-1.5138
850.289,7,-35.6331,1.7035,-1.5131
850.306,7,-35.6227,1.7023,-1.5116
850.322,7,-35.6187,1.7013,-1.5105
850.337,7,-35.6091,1.7000,-1.5085
850.351,7,-35.6047,1.6994,-1.5074
850.364,7,-35.6004,1.6988,-1.5064
850.379,7,-35.5961,1.6982,-1.5053
850.394,7,-35.5874,1.6973,-1.5031
850.407,7,-35.5834,1.6970,-1.5020
850.423,7,-35.5795,1.6971,-1.5009
850.436,7,-35.5754,1.6975,-1.4998
850.451,7,-35.5670,1.6985,-1.4976
850.465,7,-35.5628,1.6998,-1.4967
850.479,7,-35.5588,1.7007,-1.4958
850.494,7,-35.5507,1.7018,-1.4938
850.507,7,-35.5469,1.7021,-1.4930
850.527,7,-35.5432,1.7023,-1.4923
850.541,7,-35.5357,1.7028,-1.4908
850.555,7,-35.5321,1.7027,-1.4900
850.570,7,-35.5248,1.7027,-1.4886
850.583,7,-35.5215,1.7023,-1.4881
850.597,7,-35.5181,1.7017,-1.4876
850.612,7,-35.5148,1.7010,-1.4872
850.630,7,-35.5078,1.7002,-1.4862
850.647,7,-35.5010,1.6998,-1.4857
850.660,7,-35.4977,1.6996,-1.4857
850.675,7,-35.4946,1.6995,-1.4857
850.689,7,-35.4915,1.6996,-1.4858
850.703,7,-35.4885,1.6997,-1.4860
850.718,7,-35.4824,1.7005,-1.4864
850.732,7,-35.4794,1.7012,-1.4867
850.747,7,-35.4769,1.7020,-1.4872
850.762,7,-35.4714,1.7028,-1.4879
850.776,7,-35.4690,1.7031,-1.4884
850.793,7,-35.4668,1.7036,-1.4890
850.809,7,-35.4623,1.7043,-1.4899
850.823,7,-35.4604,1.7048,-1.4906
850.838,7,-35.4565,1.7054,-1.4917
850.852,7,-35.4548,1.7058,-1.4924
850.866,7,-35.4530,1.7061,-1.4931
850.881,7,-35.4495,1.7066,-1.4943
850.894,7,-35.4478,1.7066,-1.4951
850.914,7,-35.4464,1.7061,-1.4959
850.930,7,-35.4432,1.7059,-1.4973
850.945,7,-35.4416,1.7062,-1.4980
850.959,7,-35.4384,1.7071,-1.4996
850.973,7,-35.4369,1.7077,-1.5003
850.986,7,-35.4354,1.7082,-1.5011
851.000,7,-35.4339,1.7087,-1.5019
851.014,7,-35.4325,1.7090,-1.5026
851.028,7,-35.4295,1.7093,-1.5038
851.041,7,-35.4282,1.7093,-1.5043
851.055,7,-35.4270,1.7092,-1.5048
851.070,7,-35.4243,1.7094,-1.5058
851.083,7,-35.4230,1.7092,-1.5062
851.097,7,-35.4216,1.7090,-1.5066
851.112,7,-35.4205,1.7085,-1.5070
851.127,7,-35.4180,1.7076,-1.5081
851.141,7,-35.4168,1.7068,-1.5085
851.156,7,-35.4155,1.7063,-1.5089
851.173,7,-35.4131,1.7056,-1.5096
851.192,7,-35.4122,1.7052,-1.5100
851.207,7,-35.4098,1.7046,-1.5106
851.221,7,-35.4087,1.7045,-1.5109
851.236,7,-35.4065,1.7042,-1.5115
851.249,7,-35.4056,1.7040,-1.5119
851.263,7,-35.4046,1.7040,-1.5121
851.278,7,-35.4037,1.7040,-1.5124
851.293,7,-35.4026,1.7041,-1.5127
851.308,7,-35.4006,1.7042,-1.5133
851.322,7,-35.3997,1.7044,-1.5135
851.336,7,-35.3978,1.7044,-1.5140
851.350,7,-35.3971,1.7041,-1.5142
851.364,7,-35.3963,1.7039,-1.5145
851.378,7,-35.3956,1.7036,-1.5147
851.393,7,-35.3942,1.7031,-1.5152
851.406,7,-35.3936,1.7029,-1.5154
851.422,7,-35.3931,1.7027,-1.5158
851.436,7,-35.3919,1.7024,-1.5162
851.451,7,-35.3914,1.7024,-1.5164
851.465,7,-35.3911,1.7023,-1.5166
851.479,7,-35.3907,1.7022,-1.5168
851.493,7,-35.3898,1.7020,-1.5170
851.507,7,-35.3895,1.7018,-1.5172
851.521,7,-35.3892,1.7016,-1.5173
851.535,7,-35.3886,1.7012,-1.5176
851.549,7,-35.3884,1.7009,-1.5179
851.563,7,-35.3882,1.7006,-1.5181
851.578,7,-35.3881,1.7004,-1.5182
851.592,7,-35.3879,1.7002,-1.5182
851.606,7,-35.3877,1.6998,-1.5185
851.620,7,-35.3878,1.6996,-1.5185
851.635,7,-35.3877,1.6993,-1.5186

# --- Trial 8 start ---
859.371,8,-39.5284,1.6814,-1.4180
859.453,8,-39.5292,1.6808,-1.4184
859.479,8,-39.5298,1.6805,-1.4185
859.502,8,-39.5300,1.6804,-1.4185
859.522,8,-39.5304,1.6802,-1.4184
859.545,8,-39.5305,1.6801,-1.4183
859.560,8,-39.5306,1.6800,-1.4181
859.575,8,-39.5306,1.6799,-1.4180
859.591,8,-39.5308,1.6797,-1.4178
859.605,8,-39.5307,1.6796,-1.4176
859.621,8,-39.5307,1.6795,-1.4173
859.636,8,-39.5306,1.6794,-1.4170
859.652,8,-39.5305,1.6793,-1.4169
859.667,8,-39.5304,1.6790,-1.4164
859.682,8,-39.5303,1.6787,-1.4162
859.698,8,-39.5302,1.6785,-1.4160
859.713,8,-39.5299,1.6782,-1.4155
859.729,8,-39.5297,1.6782,-1.4152
859.744,8,-39.5295,1.6781,-1.4149
859.761,8,-39.5292,1.6778,-1.4143
859.776,8,-39.5289,1.6777,-1.4138
859.794,8,-39.5283,1.6774,-1.4131
859.809,8,-39.5276,1.6771,-1.4123
859.824,8,-39.5272,1.6769,-1.4119
859.845,8,-39.5266,1.6769,-1.4114
859.860,8,-39.5254,1.6767,-1.4105
859.876,8,-39.5245,1.6766,-1.4100
859.893,8,-39.5232,1.6763,-1.4091
859.907,8,-39.5225,1.6761,-1.4086
859.922,8,-39.5217,1.6758,-1.4080
859.938,8,-39.5201,1.6755,-1.4069
859.953,8,-39.5192,1.6754,-1.4063
859.969,8,-39.5175,1.6751,-1.4052
859.988,8,-39.5158,1.6749,-1.4040
860.006,8,-39.5149,1.6747,-1.4033
860.021,8,-39.5139,1.6746,-1.4026
860.037,8,-39.5119,1.6743,-1.4012
860.052,8,-39.5109,1.6743,-1.4004
860.067,8,-39.5088,1.6744,-1.3988
860.086,8,-39.5077,1.6745,-1.3978
860.105,8,-39.5054,1.6747,-1.3959
860.125,8,-39.5031,1.6750,-1.3938
860.144,8,-39.5020,1.6752,-1.3927
860.162,8,-39.4998,1.6756,-1.3905
860.183,8,-39.4975,1.6759,-1.3881
860.202,8,-39.4952,1.6761,-1.3856
860.221,8,-39.4942,1.6760,-1.3842
860.258,8,-39.4924,1.6754,-1.3814
860.275,8,-39.4889,1.6743,-1.3760
860.296,8,-39.4885,1.6739,-1.3747
860.315,8,-39.4872,1.6736,-1.3720
860.330,8,-39.4859,1.6737,-1.3694
860.346,8,-39.4852,1.6737,-1.3681
860.366,8,-39.4848,1.6732,-1.3670
860.383,8,-39.4838,1.6722,-1.3647
860.398,8,-39.4835,1.6714,-1.3638
860.414,8,-39.4828,1.6703,-1.3620
860.430,8,-39.4825,1.6699,-1.3614
860.446,8,-39.4816,1.6699,-1.3601
860.463,8,-39.4811,1.6704,-1.3597
860.479,8,-39.4802,1.6706,-1.3587
860.495,8,-39.4797,1.6708,-1.3586
860.512,8,-39.4788,1.6710,-1.3581
860.529,8,-39.4785,1.6712,-1.3580
860.546,8,-39.4782,1.6714,-1.3579
860.562,8,-39.4775,1.6717,-1.3577
860.578,8,-39.4767,1.6721,-1.3575
860.593,8,-39.4762,1.6723,-1.3575
860.609,8,-39.4758,1.6725,-1.3575
860.628,8,-39.4745,1.6725,-1.3576
860.644,8,-39.4739,1.6723,-1.3578
860.661,8,-39.4727,1.6718,-1.3582
860.677,8,-39.4719,1.6715,-1.3586
860.694,8,-39.4705,1.6709,-1.3592
860.710,8,-39.4696,1.6703,-1.3598
860.727,8,-39.4680,1.6694,-1.3607
860.744,8,-39.4671,1.6689,-1.3615
860.763,8,-39.4654,1.6678,-1.3628
860.779,8,-39.4634,1.6669,-1.3643
860.797,8,-39.4625,1.6666,-1.3655
860.814,8,-39.4605,1.6662,-1.3677
860.830,8,-39.4592,1.6666,-1.3693
860.848,8,-39.4558,1.6697,-1.3722
860.863,8,-39.4526,1.6760,-1.3743
860.881,8,-39.4478,1.6838,-1.3780
860.898,8,-39.4457,1.6843,-1.3799
860.915,8,-39.4411,1.6853,-1.3835
860.931,8,-39.4386,1.6838,-1.3852
860.948,8,-39.4339,1.6838,-1.3887
860.965,8,-39.4294,1.6839,-1.3925
860.980,8,-39.4269,1.6832,-1.3944
860.997,8,-39.4245,1.6815,-1.3964
861.014,8,-39.4197,1.6794,-1.4004
861.031,8,-39.4171,1.6779,-1.4025
861.047,8,-39.4119,1.6762,-1.4066
861.063,8,-39.4089,1.6762,-1.4089
861.079,8,-39.4030,1.6756,-1.4133
861.094,8,-39.3996,1.6755,-1.4157
861.110,8,-39.3965,1.6752,-1.4179
861.127,8,-39.3905,1.6746,-1.4222
861.143,8,-39.3874,1.6744,-1.4243
861.159,8,-39.3812,1.6734,-1.4284
861.174,8,-39.3779,1.6728,-1.4304
861.190,8,-39.3716,1.6719,-1.4345
861.206,8,-39.3682,1.6715,-1.4362
861.221,8,-39.3647,1.6712,-1.4378
861.240,8,-39.3577,1.6703,-1.4409
861.257,8,-39.3503,1.6696,-1.4439
861.273,8,-39.3463,1.6695,-1.4450
861.287,8,-39.3422,1.6694,-1.4463
861.310,8,-39.3338,1.6695,-1.4487
861.326,8,-39.3254,1.6691,-1.4506
861.341,8,-39.3208,1.6690,-1.4514
861.356,8,-39.3118,1.6692,-1.4534
861.372,8,-39.3070,1.6691,-1.4540
861.389,8,-39.3024,1.6691,-1.4549
861.408,8,-39.2928,1.6685,-1.4558
861.424,8,-39.2829,1.6679,-1.4567
861.439,8,-39.2775,1.6678,-1.4570
861.457,8,-39.2669,1.6671,-1.4576
861.471,8,-39.2611,1.6666,-1.4578
861.486,8,-39.2552,1.6658,-1.4578
861.502,8,-39.2435,1.6648,-1.4579
861.517,8,-39.2369,1.6642,-1.4579
861.533,8,-39.2245,1.6628,-1.4576
861.548,8,-39.2180,1.6618,-1.4570
861.563,8,-39.2115,1.6606,-1.4562
861.580,8,-39.1983,1.6588,-1.4551
861.596,8,-39.1910,1.6578,-1.4542
861.612,8,-39.1772,1.6556,-1.4526
861.627,8,-39.1699,1.6543,-1.4515
861.642,8,-39.1625,1.6532,-1.4501
861.659,8,-39.1476,1.6517,-1.4477
861.674,8,-39.1396,1.6514,-1.4463
861.691,8,-39.1240,1.6503,-1.4433
861.707,8,-39.1157,1.6498,-1.4415
861.723,8,-39.0999,1.6495,-1.4380
861.738,8,-39.0916,1.6514,-1.4361
861.754,8,-39.0829,1.6538,-1.4345
861.772,8,-39.0660,1.6579,-1.4312
861.788,8,-39.0571,1.6612,-1.4297
861.804,8,-39.0404,1.6658,-1.4266
861.820,8,-39.0324,1.6678,-1.4254
861.837,8,-39.0164,1.6709,-1.4230
861.854,8,-39.0012,1.6724,-1.4209
861.869,8,-38.9937,1.6729,-1.4203
861.888,8,-38.9863,1.6736,-1.4197
861.904,8,-38.9708,1.6756,-1.4184
861.920,8,-38.9631,1.6767,-1.4182
861.937,8,-38.9479,1.6784,-1.4175
861.953,8,-38.9402,1.6790,-1.4174
861.969,8,-38.9250,1.6801,-1.4172
861.985,8,-38.9175,1.6804,-1.4174
862.000,8,-38.9023,1.6810,-1.4176
862.018,8,-38.8948,1.6807,-1.4179
862.035,8,-38.8797,1.6805,-1.4183
862.051,8,-38.8719,1.6801,-1.4188
862.068,8,-38.8565,1.6796,-1.4196
862.083,8,-38.8486,1.6790,-1.4203
862.099,8,-38.8331,1.6778,-1.4212
862.115,8,-38.8251,1.6768,-1.4216
862.131,8,-38.8170,1.6760,-1.4223
862.148,8,-38.8008,1.6742,-1.4234
862.164,8,-38.7924,1.6730,-1.4243
862.179,8,-38.7762,1.6706,-1.4256
862.196,8,-38.7678,1.6686,-1.4264
862.212,8,-38.7512,1.6655,-1.4280
862.227,8,-38.7427,1.6640,-1.4290
862.244,8,-38.7340,1.6628,-1.4302
862.259,8,-38.7170,1.6606,-1.4323
862.275,8,-38.7081,1.6600,-1.4335
862.291,8,-38.6906,1.6588,-1.4358
862.306,8,-38.6815,1.6593,-1.4371
862.323,8,-38.6633,1.6609,-1.4399
862.337,8,-38.6539,1.6628,-1.4412
862.354,8,-38.6447,1.6647,-1.4425
862.372,8,-38.6264,1.6680,-1.4449
862.387,8,-38.6171,1.6702,-1.4459
862.402,8,-38.5992,1.6730,-1.4477
862.417,8,-38.5909,1.6736,-1.4481
862.434,8,-38.5737,1.6749,-1.4493
862.450,8,-38.5653,1.6753,-1.4495
862.464,8,-38.5567,1.6760,-1.4499
862.480,8,-38.5395,1.6776,-1.4505
862.495,8,-38.5310,1.6784,-1.4506
862.510,8,-38.5136,1.6800,-1.4509
862.525,8,-38.5050,1.6807,-1.4508
862.540,8,-38.4961,1.6815,-1.4507
862.556,8,-38.4785,1.6827,-1.4505
862.571,8,-38.4695,1.6828,-1.4501
862.586,8,-38.4605,1.6829,-1.4498
862.602,8,-38.4426,1.6831,-1.4492
862.617,8,-38.4333,1.6829,-1.4487
862.633,8,-38.4153,1.6823,-1.4479
862.648,8,-38.4061,1.6814,-1.4474
862.664,8,-38.3968,1.6802,-1.4467
862.680,8,-38.3782,1.6785,-1.4457
862.695,8,-38.3684,1.6772,-1.4450
862.711,8,-38.3589,1.6759,-1.4443
862.729,8,-38.3400,1.6733,-1.4429
862.744,8,-38.3208,1.6702,-1.4413
862.760,8,-38.3111,1.6683,-1.4404
862.776,8,-38.3011,1.6660,-1.4395
862.792,8,-38.2812,1.6619,-1.4377
862.808,8,-38.2710,1.6597,-1.4367
862.825,8,-38.2508,1.6559,-1.4346
862.842,8,-38.2404,1.6545,-1.4334
862.857,8,-38.2200,1.6517,-1.4313
862.873,8,-38.2096,1.6510,-1.4300
862.890,8,-38.1886,1.6508,-1.4276
862.905,8,-38.1778,1.6527,-1.4263
862.921,8,-38.1669,1.6554,-1.4252
862.938,8,-38.1454,1.6594,-1.4231
862.954,8,-38.1349,1.6620,-1.4223
862.971,8,-38.1144,1.6659,-1.4207
862.986,8,-38.1050,1.6672,-1.4202
863.003,8,-38.0858,1.6692,-1.4192
863.019,8,-38.0767,1.6697,-1.4191
863.037,8,-38.0581,1.6718,-1.4187
863.054,8,-38.0399,1.6743,-1.4186
863.069,8,-38.0307,1.6758,-1.4189
863.088,8,-38.0214,1.6773,-1.4195
863.104,8,-38.0028,1.6797,-1.4200
863.119,8,-37.9936,1.6804,-1.4204
863.135,8,-37.9754,1.6816,-1.4212
863.152,8,-37.9665,1.6816,-1.4218
863.167,8,-37.9483,1.6823,-1.4229
863.183,8,-37.9393,1.6820,-1.4236
863.199,8,-37.9209,1.6818,-1.4249
863.216,8,-37.9117,1.6812,-1.4257
863.231,8,-37.8933,1.6805,-1.4273
863.246,8,-37.8841,1.6797,-1.4282
863.263,8,-37.8749,1.6787,-1.4291
863.282,8,-37.8566,1.6770,-1.4309
863.299,8,-37.8473,1.6757,-1.4321
863.326,8,-37.8194,1.6723,-1.4353
863.348,8,-37.8009,1.6693,-1.4375
863.366,8,-37.7823,1.6664,-1.4397
863.381,8,-37.7730,1.6653,-1.4409
863.397,8,-37.7637,1.6645,-1.4422
863.413,8,-37.7451,1.6626,-1.4449
863.429,8,-37.7357,1.6622,-1.4464
863.444,8,-37.7170,1.6616,-1.4493
863.461,8,-37.7075,1.6633,-1.4509
863.478,8,-37.6884,1.6656,-1.4540
863.496,8,-37.6791,1.6672,-1.4555
863.512,8,-37.6605,1.6698,-1.4583
863.527,8,-37.6514,1.6715,-1.4597
863.543,8,-37.6329,1.6744,-1.4623
863.559,8,-37.6240,1.6759,-1.4633
863.574,8,-37.6150,1.6773,-1.4642
863.589,8,-37.5970,1.6795,-1.4662
863.605,8,-37.5881,1.6804,-1.4668
863.620,8,-37.5702,1.6825,-1.4683
863.635,8,-37.5613,1.6837,-1.4689
863.651,8,-37.5524,1.6849,-1.4693
863.667,8,-37.5348,1.6869,-1.4703
863.681,8,-37.5261,1.6875,-1.4705
863.697,8,-37.5174,1.6880,-1.4708
863.711,8,-37.5000,1.6892,-1.4714
863.727,8,-37.4913,1.6895,-1.4716
863.743,8,-37.4739,1.6900,-1.4720
863.757,8,-37.4653,1.6899,-1.4719
863.776,8,-37.4566,1.6896,-1.4718
863.792,8,-37.4391,1.6892,-1.4717
863.806,8,-37.4302,1.6884,-1.4716
863.821,8,-37.4129,1.6874,-1.4714
863.836,8,-37.4041,1.6863,-1.4712
863.851,8,-37.3954,1.6851,-1.4710
863.867,8,-37.3777,1.6830,-1.4705
863.883,8,-37.3690,1.6815,-1.4702
863.898,8,-37.3514,1.6786,-1.4696
863.914,8,-37.3425,1.6766,-1.4690
863.929,8,-37.3334,1.6749,-1.4685
863.948,8,-37.3152,1.6720,-1.4674
863.968,8,-37.2968,1.6697,-1.4660
863.984,8,-37.2874,1.6688,-1.4653
863.999,8,-37.2689,1.6668,-1.4637
864.014,8,-37.2598,1.6661,-1.4628
864.031,8,-37.2504,1.6661,-1.4618
864.047,8,-37.2318,1.6669,-1.4599
864.063,8,-37.2226,1.6682,-1.4589
864.080,8,-37.2042,1.6703,-1.4570
864.094,8,-37.1948,1.6728,-1.4562
864.111,8,-37.1762,1.6772,-1.4546
864.127,8,-37.1674,1.6790,-1.4540
864.143,8,-37.1494,1.6814,-1.4527
864.158,8,-37.1409,1.6820,-1.4523
864.174,8,-37.1324,1.6826,-1.4521
864.190,8,-37.1151,1.6846,-1.4513
864.206,8,-37.1069,1.6856,-1.4511
864.220,8,-37.0897,1.6878,-1.4505
864.236,8,-37.0816,1.6889,-1.4503
864.252,8,-37.0731,1.6899,-1.4501
864.268,8,-37.0563,1.6917,-1.4496
864.284,8,-37.0480,1.6919,-1.4496
864.300,8,-37.0314,1.6927,-1.4495
864.316,8,-37.0232,1.6927,-1.4497
864.331,8,-37.0066,1.6932,-1.4499
864.348,8,-36.9981,1.6929,-1.4503
864.364,8,-36.9896,1.6925,-1.4507
864.379,8,-36.9727,1.6920,-1.4512
864.396,8,-36.9641,1.6912,-1.4516
864.416,8,-36.9471,1.6897,-1.4523
864.435,8,-36.9301,1.6878,-1.4531
864.451,8,-36.9215,1.6866,-1.4535
864.466,8,-36.9042,1.6845,-1.4543
864.483,8,-36.8955,1.6830,-1.4547
864.498,8,-36.8783,1.6803,-1.4555
864.513,8,-36.8699,1.6788,-1.4559
864.530,8,-36.8612,1.6774,-1.4564
864.545,8,-36.8440,1.6753,-1.4574
864.562,8,-36.8350,1.6748,-1.4581
864.580,8,-36.8172,1.6736,-1.4596
864.598,8,-36.7994,1.6732,-1.4612
864.612,8,-36.7902,1.6742,-1.4622
864.630,8,-36.7809,1.6762,-1.4632
864.645,8,-36.7630,1.6785,-1.4650
864.659,8,-36.7540,1.6805,-1.4659
864.673,8,-36.7450,1.6828,-1.4668
864.688,8,-36.7271,1.6859,-1.4684
864.703,8,-36.7184,1.6871,-1.4691
864.718,8,-36.7099,1.6876,-1.4696
864.732,8,-36.6929,1.6890,-1.4708
864.746,8,-36.6845,1.6893,-1.4712
864.761,8,-36.6763,1.6899,-1.4713
864.777,8,-36.6595,1.6912,-1.4718
864.792,8,-36.6511,1.6918,-1.4719
864.806,8,-36.6426,1.6924,-1.4719
864.822,8,-36.6258,1.6936,-1.4720
864.836,8,-36.6173,1.6942,-1.4719
864.852,8,-36.6089,1.6944,-1.4718
864.868,8,-36.5924,1.6949,-1.4717
864.882,8,-36.5841,1.6948,-1.4715
864.897,8,-36.5758,1.6947,-1.4713
864.912,8,-36.5594,1.6949,-1.4708
864.927,8,-36.5510,1.6948,-1.4705
864.943,8,-36.5426,1.6946,-1.4701
864.958,8,-36.5261,1.6941,-1.4695
864.974,8,-36.5177,1.6934,-1.4691
864.989,8,-36.5011,1.6922,-1.4685
865.003,8,-36.4928,1.6913,-1.4682
865.019,8,-36.4846,1.6903,-1.4678
865.034,8,-36.4679,1.6885,-1.4670
865.051,8,-36.4593,1.6874,-1.4664
865.066,8,-36.4425,1.6853,-1.4653
865.082,8,-36.4340,1.6839,-1.4647
865.098,8,-36.4171,1.6810,-1.4634
865.113,8,-36.4087,1.6792,-1.4628
865.133,8,-36.4002,1.6774,-1.4619
865.150,8,-36.3832,1.6745,-1.4603
865.165,8,-36.3662,1.6720,-1.4585
865.179,8,-36.3579,1.6712,-1.4575
865.197,8,-36.3497,1.6704,-1.4565
865.216,8,-36.3329,1.6691,-1.4544
865.230,8,-36.3162,1.6691,-1.4521
865.245,8,-36.3078,1.6710,-1.4509
865.261,8,-36.2994,1.6729,-1.4497
865.277,8,-36.2825,1.6760,-1.4473
865.291,8,-36.2742,1.6783,-1.4464
865.307,8,-36.2660,1.6806,-1.4455
865.321,8,-36.2498,1.6840,-1.4437
865.337,8,-36.2420,1.6854,-1.4431
865.353,8,-36.2345,1.6864,-1.4427
865.373,8,-36.2192,1.6884,-1.4419
865.390,8,-36.2037,1.6903,-1.4413
865.405,8,-36.1962,1.6914,-1.4414
865.421,8,-36.1808,1.6937,-1.4414
865.437,8,-36.1734,1.6948,-1.4420
865.452,8,-36.1583,1.6970,-1.4427
865.467,8,-36.1512,1.6978,-1.4433
865.486,8,-36.1443,1.6981,-1.4441
865.502,8,-36.1298,1.6992,-1.4452
865.517,8,-36.1229,1.6993,-1.4460
865.531,8,-36.1089,1.6999,-1.4474
865.546,8,-36.1022,1.6997,-1.4482
865.561,8,-36.0955,1.6995,-1.4491
865.576,8,-36.0819,1.6992,-1.4507
865.592,8,-36.0756,1.6986,-1.4518
865.607,8,-36.0692,1.6980,-1.4527
865.622,8,-36.0562,1.6972,-1.4546
865.637,8,-36.0497,1.6966,-1.4557
865.652,8,-36.0366,1.6955,-1.4580
865.667,8,-36.0300,1.6949,-1.4592
865.687,8,-36.0235,1.6939,-1.4604
865.703,8,-36.0106,1.6921,-1.4628
865.719,8,-36.0041,1.6908,-1.4641
865.733,8,-35.9907,1.6887,-1.4663
865.748,8,-35.9842,1.6876,-1.4676
865.763,8,-35.9711,1.6857,-1.4705
865.778,8,-35.9644,1.6850,-1.4720
865.793,8,-35.9577,1.6846,-1.4736
865.807,8,-35.9510,1.6843,-1.4752
865.824,8,-35.9376,1.6837,-1.4785
865.841,8,-35.9309,1.6836,-1.4803
865.857,8,-35.9174,1.6835,-1.4837
865.872,8,-35.9104,1.6839,-1.4856
865.886,8,-35.8967,1.6852,-1.4893
865.899,8,-35.8897,1.6868,-1.4913
865.915,8,-35.8826,1.6886,-1.4933
865.929,8,-35.8756,1.6899,-1.4951
865.946,8,-35.8616,1.6922,-1.4989
865.961,8,-35.8547,1.6932,-1.5006
865.978,8,-35.8412,1.6946,-1.5040
865.995,8,-35.8349,1.6949,-1.5054
866.009,8,-35.8217,1.6958,-1.5083
866.023,8,-35.8154,1.6957,-1.5095
866.039,8,-35.8090,1.6958,-1.5105
866.056,8,-35.7960,1.6966,-1.5128
866.071,8,-35.7896,1.6972,-1.5137
866.086,8,-35.7768,1.6982,-1.5156
866.101,8,-35.7707,1.6987,-1.5163
866.116,8,-35.7645,1.6993,-1.5168
866.131,8,-35.7521,1.7003,-1.5182
866.145,8,-35.7460,1.7008,-1.5185
866.164,8,-35.7403,1.7010,-1.5186
866.179,8,-35.7285,1.7015,-1.5192
866.194,8,-35.7227,1.7016,-1.5192
866.209,8,-35.7113,1.7018,-1.5195
866.224,8,-35.7058,1.7016,-1.5195
866.238,8,-35.7002,1.7014,-1.5193
866.253,8,-35.6947,1.7012,-1.5191
866.269,8,-35.6836,1.7008,-1.5189
866.287,8,-35.6783,1.7004,-1.5187
866.305,8,-35.6673,1.6998,-1.5182
866.320,8,-35.6564,1.6991,-1.5175
866.334,8,-35.6511,1.6985,-1.5171
866.350,8,-35.6459,1.6978,-1.5164
866.366,8,-35.6353,1.6963,-1.5154
866.382,8,-35.6301,1.6953,-1.5147
866.398,8,-35.6198,1.6935,-1.5134
866.413,8,-35.6149,1.6927,-1.5125
866.429,8,-35.6102,1.6919,-1.5117
866.445,8,-35.6003,1.6905,-1.5099
866.460,8,-35.5954,1.6897,-1.5088
866.475,8,-35.5858,1.6884,-1.5067
866.491,8,-35.5813,1.6881,-1.5056
866.506,8,-35.5768,1.6881,-1.5047
866.521,8,-35.5676,1.6883,-1.5025
866.537,8,-35.5633,1.6889,-1.5016
866.552,8,-35.5541,1.6903,-1.4995
866.567,8,-35.5496,1.6925,-1.4986
866.582,8,-35.5450,1.6941,-1.4978
866.598,8,-35.5362,1.6957,-1.4960
866.614,8,-35.5320,1.6961,-1.4953
866.629,8,-35.5234,1.6970,-1.4940
866.644,8,-35.5193,1.6972,-1.4935
866.662,8,-35.5154,1.6966,-1.4932
866.678,8,-35.5073,1.6964,-1.4924
866.693,8,-35.5033,1.6964,-1.4923
866.708,8,-35.4953,1.6965,-1.4918
866.723,8,-35.4915,1.6969,-1.4918
866.738,8,-35.4879,1.6969,-1.4918
866.752,8,-35.4843,1.6970,-1.4919
866.767,8,-35.4770,1.6978,-1.4920
866.783,8,-35.4736,1.6986,-1.4925
866.799,8,-35.4667,1.7002,-1.4931
866.815,8,-35.4636,1.7009,-1.4937
866.829,8,-35.4607,1.7015,-1.4944
866.843,8,-35.4544,1.7026,-1.4953
866.859,8,-35.4519,1.7029,-1.4957
866.874,8,-35.4461,1.7038,-1.4968
866.888,8,-35.4436,1.7042,-1.4975
866.907,8,-35.4412,1.7047,-1.4982
866.921,8,-35.4358,1.7054,-1.4994
866.936,8,-35.4333,1.7054,-1.5000
866.950,8,-35.4311,1.7050,-1.5007
866.965,8,-35.4264,1.7043,-1.5020
866.979,8,-35.4245,1.7033,-1.5026
866.994,8,-35.4225,1.7027,-1.5033
867.009,8,-35.4185,1.7018,-1.5046
867.023,8,-35.4167,1.7020,-1.5054
867.038,8,-35.4149,1.7029,-1.5061
867.053,8,-35.4133,1.7035,-1.5070
867.071,8,-35.4097,1.7044,-1.5085
867.089,8,-35.4063,1.7051,-1.5100
867.104,8,-35.4049,1.7055,-1.5106
867.119,8,-35.4021,1.7059,-1.5118
867.133,8,-35.4010,1.7061,-1.5126
867.148,8,-35.3999,1.7062,-1.5133
867.163,8,-35.3974,1.7062,-1.5143
867.178,8,-35.3962,1.7061,-1.5149
867.193,8,-35.3952,1.7060,-1.5155
867.208,8,-35.3929,1.7060,-1.5166
867.222,8,-35.3917,1.7059,-1.5170
867.237,8,-35.3906,1.7060,-1.5175
867.251,8,-35.3896,1.7060,-1.5179
867.267,8,-35.3873,1.7060,-1.5189
867.281,8,-35.3862,1.7059,-1.5193
867.295,8,-35.3852,1.7058,-1.5195
867.310,8,-35.3829,1.7057,-1.5202
867.325,8,-35.3819,1.7056,-1.5204
867.341,8,-35.3799,1.7055,-1.5211
867.356,8,-35.3791,1.7054,-1.5216
867.372,8,-35.3783,1.7055,-1.5220
867.387,8,-35.3774,1.7054,-1.5222
867.407,8,-35.3759,1.7052,-1.5229
867.423,8,-35.3742,1.7049,-1.5233
867.438,8,-35.3734,1.7048,-1.5235
867.454,8,-35.3718,1.7047,-1.5238
867.469,8,-35.3712,1.7045,-1.5242
867.483,8,-35.3706,1.7043,-1.5245
867.499,8,-35.3700,1.7042,-1.5247
867.515,8,-35.3687,1.7038,-1.5252
867.531,8,-35.3676,1.7035,-1.5257
867.545,8,-35.3671,1.7034,-1.5259
867.560,8,-35.3662,1.7031,-1.5263
867.574,8,-35.3653,1.7027,-1.5266
867.591,8,-35.3646,1.7025,-1.5269
867.610,8,-35.3640,1.7026,-1.5273
867.632,8,-35.3635,1.7027,-1.5274

# --- Trial 9 start ---
875.320,9,-39.5585,1.6804,-1.4356
875.403,9,-39.5595,1.6800,-1.4344
875.436,9,-39.5600,1.6801,-1.4336
875.456,9,-39.5603,1.6802,-1.4330
875.473,9,-39.5604,1.6804,-1.4327
875.488,9,-39.5606,1.6805,-1.4321
875.509,9,-39.5608,1.6808,-1.4315
875.524,9,-39.5611,1.6810,-1.4304
875.539,9,-39.5612,1.6810,-1.4296
875.558,9,-39.5612,1.6811,-1.4286
875.586,9,-39.5609,1.6814,-1.4272
875.607,9,-39.5607,1.6816,-1.4258
875.625,9,-39.5605,1.6817,-1.4243
875.647,9,-39.5599,1.6818,-1.4227
875.668,9,-39.5594,1.6821,-1.4209
875.690,9,-39.5589,1.6822,-1.4190
875.712,9,-39.5581,1.6824,-1.4167
875.734,9,-39.5572,1.6825,-1.4142
875.757,9,-39.5563,1.6824,-1.4116
875.780,9,-39.5554,1.6820,-1.4091
875.803,9,-39.5544,1.6814,-1.4065
875.824,9,-39.5532,1.6808,-1.4039
875.847,9,-39.5521,1.6799,-1.4015
875.870,9,-39.5509,1.6797,-1.3993
875.899,9,-39.5495,1.6797,-1.3979
875.921,9,-39.5484,1.6783,-1.3965
875.939,9,-39.5473,1.6770,-1.3954
875.960,9,-39.5458,1.6765,-1.3949
875.982,9,-39.5441,1.6767,-1.3950
876.004,9,-39.5422,1.6776,-1.3955
876.026,9,-39.5411,1.6781,-1.3963
876.042,9,-39.5401,1.6782,-1.3968
876.058,9,-39.5390,1.6783,-1.3975
876.072,9,-39.5381,1.6785,-1.3982
876.087,9,-39.5361,1.6787,-1.3992
876.104,9,-39.5352,1.6786,-1.4001
876.119,9,-39.5331,1.6784,-1.4015
876.133,9,-39.5319,1.6783,-1.4025
876.149,9,-39.5306,1.6782,-1.4035
876.164,9,-39.5281,1.6780,-1.4053
876.178,9,-39.5268,1.6777,-1.4065
876.194,9,-39.5252,1.6773,-1.4079
876.210,9,-39.5224,1.6766,-1.4102
876.224,9,-39.5208,1.6759,-1.4116
876.238,9,-39.5192,1.6752,-1.4131
876.255,9,-39.5160,1.6741,-1.4159
876.269,9,-39.5144,1.6735,-1.4176
876.288,9,-39.5126,1.6729,-1.4196
876.304,9,-39.5092,1.6718,-1.4232
876.319,9,-39.5074,1.6711,-1.4253
876.334,9,-39.5041,1.6698,-1.4293
876.348,9,-39.5024,1.6688,-1.4318
876.363,9,-39.5009,1.6678,-1.4342
876.378,9,-39.4991,1.6685,-1.4368
876.393,9,-39.4949,1.6702,-1.4414
876.409,9,-39.4900,1.6817,-1.4451
876.424,9,-39.4876,1.6833,-1.4478
876.438,9,-39.4832,1.6829,-1.4525
876.453,9,-39.4808,1.6801,-1.4546
876.468,9,-39.4784,1.6777,-1.4565
876.485,9,-39.4735,1.6773,-1.4609
876.500,9,-39.4710,1.6785,-1.4629
876.517,9,-39.4660,1.6790,-1.4671
876.532,9,-39.4634,1.6781,-1.4688
876.548,9,-39.4609,1.6772,-1.4705
876.562,9,-39.4581,1.6768,-1.4723
876.582,9,-39.4522,1.6771,-1.4757
876.598,9,-39.4491,1.6774,-1.4773
876.612,9,-39.4457,1.6772,-1.4789
876.627,9,-39.4396,1.6767,-1.4820
876.642,9,-39.4363,1.6767,-1.4832
876.660,9,-39.4330,1.6768,-1.4843
876.678,9,-39.4266,1.6763,-1.4867
876.694,9,-39.4198,1.6753,-1.4887
876.710,9,-39.4162,1.6744,-1.4894
876.727,9,-39.4091,1.6735,-1.4913
876.741,9,-39.4051,1.6736,-1.4918
876.757,9,-39.4011,1.6733,-1.4920
876.774,9,-39.3930,1.6722,-1.4925
876.789,9,-39.3888,1.6716,-1.4926
876.805,9,-39.3804,1.6709,-1.4932
876.822,9,-39.3758,1.6708,-1.4933
876.839,9,-39.3669,1.6698,-1.4932
876.855,9,-39.3575,1.6683,-1.4927
876.869,9,-39.3524,1.6676,-1.4924
876.885,9,-39.3471,1.6670,-1.4920
876.900,9,-39.3416,1.6666,-1.4918
876.915,9,-39.3362,1.6657,-1.4914
876.930,9,-39.3254,1.6641,-1.4906
876.945,9,-39.3197,1.6629,-1.4897
876.961,9,-39.3082,1.6614,-1.4885
876.977,9,-39.3019,1.6607,-1.4878
876.993,9,-39.2900,1.6589,-1.4862
877.007,9,-39.2838,1.6579,-1.4852
877.022,9,-39.2774,1.6567,-1.4840
877.038,9,-39.2642,1.6550,-1.4817
877.053,9,-39.2573,1.6543,-1.4805
877.068,9,-39.2503,1.6534,-1.4790
877.084,9,-39.2367,1.6514,-1.4760
877.099,9,-39.2294,1.6504,-1.4741
877.114,9,-39.2152,1.6488,-1.4708
877.129,9,-39.2078,1.6482,-1.4689
877.147,9,-39.2001,1.6477,-1.4669
877.163,9,-39.1853,1.6468,-1.4631
877.179,9,-39.1775,1.6471,-1.4610
877.193,9,-39.1621,1.6481,-1.4570
877.208,9,-39.1537,1.6505,-1.4550
877.223,9,-39.1454,1.6523,-1.4531
877.238,9,-39.1294,1.6550,-1.4489
877.252,9,-39.1210,1.6573,-1.4470
877.269,9,-39.1130,1.6598,-1.4452
877.284,9,-39.0969,1.6638,-1.4418
877.299,9,-39.0891,1.6659,-1.4404
877.314,9,-39.0736,1.6689,-1.4374
877.329,9,-39.0662,1.6698,-1.4361
877.349,9,-39.0511,1.6722,-1.4334
877.363,9,-39.0432,1.6736,-1.4325
877.378,9,-39.0352,1.6750,-1.4317
877.394,9,-39.0194,1.6772,-1.4298
877.409,9,-39.0117,1.6780,-1.4289
877.424,9,-39.0038,1.6785,-1.4284
877.441,9,-38.9881,1.6800,-1.4273
877.459,9,-38.9724,1.6810,-1.4264
877.474,9,-38.9646,1.6807,-1.4259
877.490,9,-38.9568,1.6803,-1.4258
877.506,9,-38.9412,1.6802,-1.4252
877.521,9,-38.9330,1.6800,-1.4253
877.540,9,-38.9249,1.6797,-1.4255
877.555,9,-38.9089,1.6787,-1.4252
877.570,9,-38.8926,1.6777,-1.4253
877.585,9,-38.8843,1.6767,-1.4255
877.600,9,-38.8760,1.6760,-1.4259
877.615,9,-38.8592,1.6746,-1.4265
877.629,9,-38.8506,1.6736,-1.4268
877.645,9,-38.8422,1.6725,-1.4270
877.661,9,-38.8249,1.6701,-1.4276
877.675,9,-38.8160,1.6688,-1.4282
877.690,9,-38.8074,1.6670,-1.4287
877.706,9,-38.7901,1.6639,-1.4296
877.721,9,-38.7813,1.6618,-1.4300
877.738,9,-38.7638,1.6587,-1.4309
877.752,9,-38.7549,1.6576,-1.4316
877.767,9,-38.7459,1.6570,-1.4324
877.782,9,-38.7278,1.6556,-1.4337
877.798,9,-38.7184,1.6558,-1.4345
877.813,9,-38.7087,1.6569,-1.4353
877.827,9,-38.6896,1.6589,-1.4368
877.843,9,-38.6796,1.6613,-1.4377
877.858,9,-38.6603,1.6646,-1.4391
877.872,9,-38.6508,1.6665,-1.4393
877.891,9,-38.6415,1.6680,-1.4393
877.906,9,-38.6232,1.6701,-1.4394
877.921,9,-38.6142,1.6708,-1.4390
877.936,9,-38.5963,1.6723,-1.4382
877.951,9,-38.5875,1.6729,-1.4374
877.967,9,-38.5790,1.6737,-1.4363
877.982,9,-38.5612,1.6758,-1.4350
877.997,9,-38.5521,1.6776,-1.4343
878.013,9,-38.5430,1.6788,-1.4334
878.028,9,-38.5251,1.6806,-1.4319
878.043,9,-38.5160,1.6809,-1.4307
878.058,9,-38.4982,1.6820,-1.4288
878.073,9,-38.4890,1.6824,-1.4279
878.089,9,-38.4795,1.6822,-1.4268
878.103,9,-38.4611,1.6822,-1.4247
878.120,9,-38.4516,1.6816,-1.4236
878.135,9,-38.4425,1.6809,-1.4226
878.149,9,-38.4240,1.6796,-1.4205
878.164,9,-38.4145,1.6784,-1.4196
878.179,9,-38.4054,1.6772,-1.4184
878.195,9,-38.3869,1.6747,-1.4162
878.210,9,-38.3772,1.6733,-1.4151
878.225,9,-38.3583,1.6704,-1.4131
878.240,9,-38.3490,1.6684,-1.4120
878.256,9,-38.3396,1.6658,-1.4108
878.272,9,-38.3205,1.6609,-1.4085
878.287,9,-38.3108,1.6586,-1.4074
878.302,9,-38.2914,1.6549,-1.4052
878.316,9,-38.2817,1.6538,-1.4042
878.334,9,-38.2720,1.6532,-1.4030
878.349,9,-38.2524,1.6517,-1.4005
878.368,9,-38.2325,1.6531,-1.3979
878.387,9,-38.2220,1.6567,-1.3968
878.402,9,-38.2012,1.6606,-1.3946
878.416,9,-38.1906,1.6639,-1.3936
878.432,9,-38.1804,1.6668,-1.3929
878.447,9,-38.1707,1.6687,-1.3921
878.462,9,-38.1512,1.6718,-1.3905
878.477,9,-38.1419,1.6728,-1.3900
878.492,9,-38.1230,1.6747,-1.3888
878.507,9,-38.1134,1.6758,-1.3885
878.525,9,-38.1038,1.6773,-1.3884
878.543,9,-38.0847,1.6802,-1.3881
878.558,9,-38.0653,1.6829,-1.3880
878.572,9,-38.0557,1.6838,-1.3880
878.592,9,-38.0462,1.6840,-1.3881
878.606,9,-38.0270,1.6851,-1.3882
878.621,9,-38.0174,1.6852,-1.3887
878.635,9,-38.0082,1.6852,-1.3891
878.651,9,-37.9892,1.6852,-1.3896
878.667,9,-37.9795,1.6848,-1.3901
878.683,9,-37.9605,1.6842,-1.3909
878.699,9,-37.9512,1.6835,-1.3916
878.715,9,-37.9321,1.6822,-1.3929
878.729,9,-37.9225,1.6812,-1.3936
878.745,9,-37.9130,1.6800,-1.3944
878.761,9,-37.8938,1.6778,-1.3960
878.776,9,-37.8841,1.6763,-1.3971
878.791,9,-37.8652,1.6736,-1.3990
878.807,9,-37.8556,1.6717,-1.4003
878.822,9,-37.8460,1.6699,-1.4015
878.840,9,-37.8266,1.6670,-1.4039
878.856,9,-37.8069,1.6648,-1.4066
878.871,9,-37.7972,1.6640,-1.4081
878.890,9,-37.7878,1.6632,-1.4096
878.905,9,-37.7685,1.6618,-1.4123
878.921,9,-37.7591,1.6621,-1.4138
878.936,9,-37.7396,1.6638,-1.4169
878.950,9,-37.7296,1.6663,-1.4185
878.966,9,-37.7197,1.6687,-1.4200
878.982,9,-37.7005,1.6718,-1.4228
878.996,9,-37.6910,1.6735,-1.4240
879.011,9,-37.6816,1.6749,-1.4252
879.026,9,-37.6626,1.6775,-1.4276
879.041,9,-37.6530,1.6793,-1.4286
879.055,9,-37.6433,1.6810,-1.4296
879.071,9,-37.6238,1.6843,-1.4318
879.084,9,-37.6139,1.6857,-1.4327
879.101,9,-37.6042,1.6869,-1.4336
879.116,9,-37.5848,1.6896,-1.4356
879.131,9,-37.5748,1.6905,-1.4366
879.145,9,-37.5652,1.6909,-1.4373
879.163,9,-37.5458,1.6920,-1.4391
879.182,9,-37.5263,1.6925,-1.4409
879.198,9,-37.5166,1.6922,-1.4416
879.213,9,-37.4969,1.6921,-1.4432
879.228,9,-37.4869,1.6913,-1.4440
879.247,9,-37.4770,1.6904,-1.4446
879.262,9,-37.4572,1.6891,-1.4461
879.277,9,-37.4471,1.6879,-1.4467
879.293,9,-37.4272,1.6859,-1.4479
879.307,9,-37.4173,1.6845,-1.4485
879.322,9,-37.4072,1.6828,-1.4491
879.338,9,-37.3872,1.6797,-1.4502
879.352,9,-37.3769,1.6777,-1.4506
879.367,9,-37.3668,1.6756,-1.4509
879.382,9,-37.3466,1.6719,-1.4517
879.397,9,-37.3363,1.6701,-1.4520
879.412,9,-37.3262,1.6686,-1.4522
879.427,9,-37.3062,1.6660,-1.4526
879.441,9,-37.2961,1.6652,-1.4526
879.458,9,-37.2759,1.6633,-1.4527
879.472,9,-37.2659,1.6629,-1.4526
879.488,9,-37.2557,1.6634,-1.4523
879.502,9,-37.2349,1.6652,-1.4521
879.518,9,-37.2242,1.6678,-1.4520
879.534,9,-37.2035,1.6707,-1.4518
879.549,9,-37.1930,1.6735,-1.4519
879.572,9,-37.1827,1.6763,-1.4521
879.589,9,-37.1627,1.6794,-1.4523
879.606,9,-37.1429,1.6820,-1.4529
879.621,9,-37.1329,1.6833,-1.4533
879.638,9,-37.1130,1.6862,-1.4543
879.656,9,-37.1030,1.6875,-1.4549
879.671,9,-37.0831,1.6902,-1.4561
879.687,9,-37.0732,1.6916,-1.4569
879.702,9,-37.0534,1.6940,-1.4583
879.718,9,-37.0435,1.6945,-1.4592
879.733,9,-37.0337,1.6947,-1.4601
879.747,9,-37.0141,1.6957,-1.4617
879.761,9,-37.0044,1.6954,-1.4627
879.776,9,-36.9947,1.6950,-1.4637
879.794,9,-36.9752,1.6945,-1.4657
879.810,9,-36.9656,1.6938,-1.4667
879.824,9,-36.9462,1.6928,-1.4687
879.838,9,-36.9364,1.6916,-1.4698
879.854,9,-36.9264,1.6904,-1.4708
879.868,9,-36.9071,1.6884,-1.4729
879.882,9,-36.8972,1.6869,-1.4740
879.901,9,-36.8874,1.6852,-1.4752
879.916,9,-36.8679,1.6822,-1.4774
879.930,9,-36.8581,1.6803,-1.4787
879.945,9,-36.8484,1.6786,-1.4799
879.960,9,-36.8290,1.6755,-1.4823
879.974,9,-36.8192,1.6741,-1.4836
879.990,9,-36.7994,1.6716,-1.4861
880.004,9,-36.7896,1.6708,-1.4875
880.019,9,-36.7799,1.6703,-1.4890
880.034,9,-36.7699,1.6702,-1.4904
880.048,9,-36.7500,1.6704,-1.4932
880.063,9,-36.7399,1.6725,-1.4947
880.078,9,-36.7301,1.6743,-1.4961
880.093,9,-36.7102,1.6772,-1.4987
880.109,9,-36.7004,1.6799,-1.4997
880.124,9,-36.6809,1.6836,-1.5020
880.141,9,-36.6713,1.6854,-1.5028
880.157,9,-36.6521,1.6882,-1.5045
880.170,9,-36.6427,1.6892,-1.5051
880.188,9,-36.6331,1.6900,-1.5056
880.202,9,-36.6140,1.6921,-1.5067
880.217,9,-36.6047,1.6930,-1.5070
880.232,9,-36.5953,1.6939,-1.5074
880.247,9,-36.5766,1.6960,-1.5082
880.261,9,-36.5673,1.6968,-1.5083
880.276,9,-36.5583,1.6971,-1.5086
880.290,9,-36.5494,1.6974,-1.5089
880.304,9,-36.5313,1.6983,-1.5095
880.317,9,-36.5225,1.6984,-1.5096
880.332,9,-36.5136,1.6984,-1.5099
880.347,9,-36.4954,1.6985,-1.5102
880.361,9,-36.4864,1.6982,-1.5103
880.378,9,-36.4776,1.6977,-1.5105
880.394,9,-36.4598,1.6970,-1.5108
880.409,9,-36.4510,1.6962,-1.5109
880.424,9,-36.4333,1.6949,-1.5111
880.439,9,-36.4244,1.6938,-1.5112
880.454,9,-36.4156,1.6925,-1.5112
880.469,9,-36.3978,1.6905,-1.5112
880.483,9,-36.3888,1.6891,-1.5111
880.498,9,-36.3799,1.6875,-1.5109
880.513,9,-36.3621,1.6846,-1.5106
880.528,9,-36.3530,1.6829,-1.5103
880.546,9,-36.3440,1.6812,-1.5099
880.561,9,-36.3262,1.6782,-1.5093
880.575,9,-36.3170,1.6771,-1.5089
880.590,9,-36.2990,1.6750,-1.5082
880.605,9,-36.2898,1.6746,-1.5078
880.622,9,-36.2807,1.6741,-1.5073
880.639,9,-36.2626,1.6730,-1.5065
880.654,9,-36.2534,1.6740,-1.5060
880.669,9,-36.2350,1.6759,-1.5050
880.683,9,-36.2260,1.6777,-1.5046
880.699,9,-36.2169,1.6794,-1.5042
880.713,9,-36.1991,1.6824,-1.5034
880.731,9,-36.1905,1.6847,-1.5033
880.748,9,-36.1731,1.6881,-1.5028
880.763,9,-36.1648,1.6897,-1.5027
880.778,9,-36.1563,1.6909,-1.5028
880.793,9,-36.1397,1.6933,-1.5029
880.808,9,-36.1316,1.6943,-1.5031
880.821,9,-36.1235,1.6954,-1.5033
880.838,9,-36.1075,1.6974,-1.5039
880.853,9,-36.0995,1.6984,-1.5043
880.868,9,-36.0833,1.7005,-1.5051
880.882,9,-36.0755,1.7012,-1.5056
880.899,9,-36.0677,1.7016,-1.5063
880.915,9,-36.0518,1.7026,-1.5074
880.931,9,-36.0440,1.7026,-1.5082
880.946,9,-36.0285,1.7030,-1.5096
880.962,9,-36.0209,1.7026,-1.5105
880.980,9,-36.0134,1.7021,-1.5113
880.998,9,-35.9981,1.7013,-1.5130
881.017,9,-35.9829,1.7000,-1.5147
881.036,9,-35.9677,1.6985,-1.5165
881.053,9,-35.9602,1.6976,-1.5175
881.069,9,-35.9451,1.6958,-1.5194
881.084,9,-35.9376,1.6946,-1.5205
881.100,9,-35.9301,1.6932,-1.5216
881.116,9,-35.9150,1.6908,-1.5237
881.131,9,-35.9073,1.6893,-1.5249
881.148,9,-35.8920,1.6866,-1.5272
881.163,9,-35.8844,1.6852,-1.5285
881.179,9,-35.8768,1.6839,-1.5297
881.195,9,-35.8616,1.6816,-1.5323
881.211,9,-35.8466,1.6793,-1.5350
881.226,9,-35.8389,1.6786,-1.5365
881.245,9,-35.8313,1.6779,-1.5381
881.262,9,-35.8159,1.6764,-1.5411
881.277,9,-35.8082,1.6758,-1.5427
881.292,9,-35.7928,1.6744,-1.5457
881.308,9,-35.7851,1.6755,-1.5473
881.323,9,-35.7696,1.6777,-1.5506
881.338,9,-35.7619,1.6798,-1.5523
881.353,9,-35.7542,1.6816,-1.5540
881.372,9,-35.7389,1.6843,-1.5572
881.390,9,-35.7237,1.6873,-1.5602
881.404,9,-35.7165,1.6890,-1.5614
881.420,9,-35.7093,1.6902,-1.5626
881.436,9,-35.6952,1.6924,-1.5652
881.451,9,-35.6882,1.6934,-1.5663
881.467,9,-35.6813,1.6947,-1.5672
881.482,9,-35.6674,1.6974,-1.5691
881.498,9,-35.6608,1.6987,-1.5700
881.515,9,-35.6474,1.7008,-1.5715
881.536,9,-35.6344,1.7028,-1.5728
881.558,9,-35.6284,1.7036,-1.5732
881.577,9,-35.6161,1.7052,-1.5740
881.595,9,-35.6043,1.7064,-1.5748
881.609,9,-35.5988,1.7067,-1.5749
881.623,9,-35.5933,1.7069,-1.5750
881.638,9,-35.5822,1.7078,-1.5752
881.652,9,-35.5771,1.7082,-1.5752
881.667,9,-35.5722,1.7084,-1.5751
881.681,9,-35.5618,1.7088,-1.5749
881.695,9,-35.5571,1.7087,-1.5745
881.710,9,-35.5524,1.7088,-1.5742
881.724,9,-35.5428,1.7090,-1.5735
881.738,9,-35.5384,1.7091,-1.5730
881.753,9,-35.5342,1.7092,-1.5723
881.768,9,-35.5255,1.7092,-1.5711
881.782,9,-35.5214,1.7092,-1.5703
881.797,9,-35.5176,1.7091,-1.5696
881.812,9,-35.5097,1.7089,-1.5680
881.826,9,-35.5060,1.7085,-1.5668
881.841,9,-35.5025,1.7082,-1.5657
881.856,9,-35.4953,1.7077,-1.5636
881.871,9,-35.4920,1.7074,-1.5622
881.889,9,-35.4891,1.7074,-1.5610
881.905,9,-35.4826,1.7069,-1.5585
881.919,9,-35.4797,1.7066,-1.5573
881.934,9,-35.4738,1.7058,-1.5545
881.949,9,-35.4711,1.7054,-1.5529
881.966,9,-35.4686,1.7049,-1.5512
881.983,9,-35.4634,1.7043,-1.5481
881.997,9,-35.4610,1.7042,-1.5464
882.012,9,-35.4558,1.7040,-1.5430
882.026,9,-35.4533,1.7040,-1.5411
882.042,9,-35.4509,1.7042,-1.5393
882.057,9,-35.4461,1.7042,-1.5359
882.071,9,-35.4439,1.7042,-1.5342
882.087,9,-35.4419,1.7040,-1.5325
882.101,9,-35.4374,1.7038,-1.5292
882.115,9,-35.4355,1.7033,-1.5278
882.130,9,-35.4337,1.7028,-1.5264
882.147,9,-35.4298,1.7023,-1.5237
882.165,9,-35.4281,1.7021,-1.5226
882.183,9,-35.4245,1.7019,-1.5205
882.198,9,-35.4228,1.7020,-1.5197
882.211,9,-35.4195,1.7023,-1.5178
882.225,9,-35.4180,1.7029,-1.5171
882.241,9,-35.4166,1.7038,-1.5166
882.256,9,-35.4152,1.7047,-1.5163
882.272,9,-35.4124,1.7059,-1.5153
882.288,9,-35.4113,1.7061,-1.5150
882.307,9,-35.4089,1.7066,-1.5143
882.325,9,-35.4068,1.7067,-1.5136
882.342,9,-35.4061,1.7062,-1.5134
882.357,9,-35.4042,1.7059,-1.5129
882.373,9,-35.4034,1.7054,-1.5128
882.388,9,-35.4026,1.7048,-1.5128
882.403,9,-35.4010,1.7038,-1.5125
882.420,9,-35.4003,1.7037,-1.5126
882.434,9,-35.3990,1.7035,-1.5128
882.449,9,-35.3984,1.7033,-1.5130
882.464,9,-35.3978,1.7034,-1.5130
882.479,9,-35.3972,1.7037,-1.5131
882.493,9,-35.3961,1.7036,-1.5135
882.508,9,-35.3958,1.7035,-1.5135
882.523,9,-35.3951,1.7031,-1.5137
882.536,9,-35.3949,1.7027,-1.5138
882.555,9,-35.3949,1.7022,-1.5138
882.574,9,-35.3944,1.7016,-1.5140
882.590,9,-35.3938,1.7012,-1.5142
882.604,9,-35.3935,1.7012,-1.5144
882.618,9,-35.3930,1.7014,-1.5147
882.638,9,-35.3921,1.7016,-1.5151
882.654,9,-35.3910,1.7018,-1.5155
882.668,9,-35.3905,1.7019,-1.5157
882.683,9,-35.3901,1.7020,-1.5160
882.697,9,-35.3896,1.7022,-1.5161
882.713,9,-35.3887,1.7023,-1.5166
882.727,9,-35.3882,1.7024,-1.5169
882.742,9,-35.3877,1.7024,-1.5171
882.757,9,-35.3868,1.7024,-1.5177
882.771,9,-35.3863,1.7023,-1.5180
882.786,9,-35.3860,1.7022,-1.5183
882.801,9,-35.3851,1.7019,-1.5187
882.816,9,-35.3848,1.7016,-1.5191
882.830,9,-35.3843,1.7014,-1.5193
882.845,9,-35.3835,1.7012,-1.5200
882.859,9,-35.3831,1.7012,-1.5204
882.874,9,-35.3826,1.7011,-1.5207
882.888,9,-35.3821,1.7011,-1.5209
882.903,9,-35.3812,1.7009,-1.5214
882.918,9,-35.3808,1.7009,-1.5217
882.932,9,-35.3800,1.7008,-1.5222
882.946,9,-35.3795,1.7008,-1.5224

# --- Trial 10 start ---
890.503,10,-39.5034,1.6838,-1.4475
890.590,10,-39.5024,1.6838,-1.4441
890.629,10,-39.5022,1.6833,-1.4428
890.645,10,-39.5022,1.6831,-1.4417
890.660,10,-39.5022,1.6831,-1.4413
890.674,10,-39.5022,1.6830,-1.4410
890.689,10,-39.5019,1.6829,-1.4403
890.704,10,-39.5017,1.6828,-1.4400
890.721,10,-39.5016,1.6828,-1.4398
890.736,10,-39.5014,1.6828,-1.4394
890.751,10,-39.5013,1.6829,-1.4391
890.770,10,-39.5012,1.6830,-1.4387
890.787,10,-39.5009,1.6833,-1.4381
890.803,10,-39.5006,1.6835,-1.4375
890.818,10,-39.5003,1.6836,-1.4370
890.834,10,-39.5001,1.6838,-1.4364
890.849,10,-39.4999,1.6840,-1.4358
890.864,10,-39.4993,1.6843,-1.4347
890.880,10,-39.4989,1.6845,-1.4340
890.896,10,-39.4982,1.6849,-1.4327
890.911,10,-39.4977,1.6851,-1.4318
890.927,10,-39.4973,1.6853,-1.4309
890.943,10,-39.4962,1.6855,-1.4292
890.959,10,-39.4957,1.6855,-1.4281
890.974,10,-39.4951,1.6855,-1.4270
890.988,10,-39.4940,1.6855,-1.4249
891.004,10,-39.4934,1.6853,-1.4236
891.019,10,-39.4921,1.6852,-1.4212
891.034,10,-39.4914,1.6851,-1.4199
891.049,10,-39.4906,1.6848,-1.4185
891.066,10,-39.4893,1.6841,-1.4159
891.086,10,-39.4881,1.6830,-1.4131
891.105,10,-39.4873,1.6822,-1.4116
891.123,10,-39.4857,1.6814,-1.4089
891.143,10,-39.4846,1.6817,-1.4077
891.162,10,-39.4828,1.6815,-1.4053
891.182,10,-39.4808,1.6803,-1.4033
891.202,10,-39.4798,1.6794,-1.4025
891.220,10,-39.4769,1.6777,-1.3999
891.237,10,-39.4757,1.6775,-1.3997
891.253,10,-39.4734,1.6770,-1.3989
891.270,10,-39.4721,1.6772,-1.3989
891.288,10,-39.4696,1.6774,-1.3986
891.304,10,-39.4682,1.6775,-1.3989
891.321,10,-39.4657,1.6775,-1.3991
891.337,10,-39.4644,1.6776,-1.3995
891.354,10,-39.4618,1.6777,-1.4000
891.371,10,-39.4605,1.6777,-1.4004
891.388,10,-39.4578,1.6777,-1.4011
891.404,10,-39.4564,1.6778,-1.4016
891.420,10,-39.4536,1.6780,-1.4025
891.435,10,-39.4520,1.6780,-1.4032
891.452,10,-39.4505,1.6778,-1.4038
891.468,10,-39.4474,1.6775,-1.4051
891.484,10,-39.4457,1.6771,-1.4060
891.501,10,-39.4425,1.6766,-1.4075
891.518,10,-39.4392,1.6759,-1.4093
891.534,10,-39.4373,1.6755,-1.4104
891.557,10,-39.4336,1.6745,-1.4126
891.580,10,-39.4298,1.6734,-1.4149
891.601,10,-39.4262,1.6721,-1.4174
891.621,10,-39.4225,1.6706,-1.4200
891.641,10,-39.4205,1.6698,-1.4215
891.662,10,-39.4156,1.6724,-1.4246
891.683,10,-39.4096,1.6807,-1.4283
891.706,10,-39.4048,1.6832,-1.4315
891.727,10,-39.3991,1.6814,-1.4343
891.745,10,-39.3933,1.6799,-1.4367
891.764,10,-39.3873,1.6798,-1.4397
891.781,10,-39.3840,1.6806,-1.4410
891.797,10,-39.3775,1.6807,-1.4439
891.813,10,-39.3740,1.6795,-1.4451
891.829,10,-39.3706,1.6783,-1.4465
891.845,10,-39.3637,1.6774,-1.4492
891.862,10,-39.3566,1.6771,-1.4521
891.876,10,-39.3523,1.6774,-1.4537
891.895,10,-39.3481,1.6776,-1.4553
891.914,10,-39.3401,1.6774,-1.4582
891.928,10,-39.3361,1.6772,-1.4595
891.944,10,-39.3282,1.6767,-1.4623
891.959,10,-39.3239,1.6760,-1.4635
891.975,10,-39.3155,1.6748,-1.4661
891.990,10,-39.3110,1.6741,-1.4673
892.005,10,-39.3065,1.6739,-1.4685
892.020,10,-39.2977,1.6730,-1.4707
892.034,10,-39.2929,1.6728,-1.4716
892.050,10,-39.2880,1.6724,-1.4721
892.066,10,-39.2783,1.6720,-1.4739
892.082,10,-39.2730,1.6719,-1.4748
892.096,10,-39.2629,1.6714,-1.4762
892.111,10,-39.2576,1.6712,-1.4768
892.127,10,-39.2522,1.6706,-1.4771
892.143,10,-39.2413,1.6698,-1.4779
892.157,10,-39.2355,1.6696,-1.4785
892.173,10,-39.2295,1.6692,-1.4787
892.192,10,-39.2180,1.6684,-1.4793
892.210,10,-39.2061,1.6669,-1.4795
892.226,10,-39.1997,1.6661,-1.4794
892.242,10,-39.1870,1.6648,-1.4796
892.259,10,-39.1804,1.6640,-1.4795
892.274,10,-39.1737,1.6629,-1.4792
892.291,10,-39.1606,1.6608,-1.4785
892.306,10,-39.1537,1.6598,-1.4778
892.323,10,-39.1396,1.6579,-1.4766
892.339,10,-39.1324,1.6567,-1.4755
892.357,10,-39.1183,1.6544,-1.4734
892.375,10,-39.1106,1.6535,-1.4722
892.391,10,-39.0956,1.6520,-1.4699
892.406,10,-39.0875,1.6518,-1.4685
892.423,10,-39.0719,1.6510,-1.4657
892.439,10,-39.0637,1.6517,-1.4639
892.456,10,-39.0473,1.6537,-1.4609
892.475,10,-39.0389,1.6567,-1.4595
892.494,10,-39.0217,1.6614,-1.4566
892.514,10,-39.0047,1.6662,-1.4541
892.533,10,-38.9883,1.6696,-1.4516
892.552,10,-38.9722,1.6718,-1.4496
892.572,10,-38.9643,1.6725,-1.4491
892.589,10,-38.9482,1.6748,-1.4476
892.606,10,-38.9404,1.6756,-1.4470
892.622,10,-38.9246,1.6776,-1.4461
892.639,10,-38.9165,1.6787,-1.4461
892.655,10,-38.9005,1.6805,-1.4454
892.671,10,-38.8925,1.6810,-1.4452
892.688,10,-38.8767,1.6815,-1.4449
892.704,10,-38.8688,1.6812,-1.4451
892.721,10,-38.8528,1.6811,-1.4451
892.737,10,-38.8448,1.6804,-1.4452
892.753,10,-38.8285,1.6797,-1.4455
892.769,10,-38.8203,1.6787,-1.4457
892.786,10,-38.8037,1.6773,-1.4464
892.803,10,-38.7950,1.6763,-1.4470
892.819,10,-38.7783,1.6744,-1.4475
892.837,10,-38.7695,1.6727,-1.4479
892.855,10,-38.7521,1.6704,-1.4490
892.870,10,-38.7432,1.6690,-1.4496
892.889,10,-38.7255,1.6662,-1.4509
892.906,10,-38.7166,1.6643,-1.4515
892.923,10,-38.6989,1.6609,-1.4526
892.939,10,-38.6899,1.6597,-1.4533
892.957,10,-38.6719,1.6574,-1.4548
892.974,10,-38.6535,1.6558,-1.4565
892.995,10,-38.6438,1.6558,-1.4576
893.017,10,-38.6156,1.6552,-1.4600
893.037,10,-38.6056,1.6574,-1.4612
893.053,10,-38.5864,1.6598,-1.4632
893.069,10,-38.5768,1.6613,-1.4640
893.085,10,-38.5572,1.6643,-1.4656
893.100,10,-38.5475,1.6660,-1.4663
893.116,10,-38.5380,1.6671,-1.4667
893.133,10,-38.5192,1.6695,-1.4677
893.151,10,-38.5007,1.6716,-1.4684
893.169,10,-38.4917,1.6725,-1.4683
893.185,10,-38.4730,1.6748,-1.4687
893.201,10,-38.4637,1.6759,-1.4687
893.216,10,-38.4543,1.6770,-1.4685
893.234,10,-38.4360,1.6793,-1.4685
893.250,10,-38.4270,1.6802,-1.4681
893.268,10,-38.4087,1.6819,-1.4679
893.286,10,-38.3903,1.6834,-1.4675
893.304,10,-38.3812,1.6835,-1.4669
893.320,10,-38.3628,1.6840,-1.4662
893.336,10,-38.3534,1.6840,-1.4658
893.352,10,-38.3345,1.6837,-1.4650
893.367,10,-38.3249,1.6830,-1.4645
893.382,10,-38.3154,1.6821,-1.4640
893.399,10,-38.2967,1.6806,-1.4632
893.413,10,-38.2871,1.6795,-1.4627
893.429,10,-38.2774,1.6782,-1.4623
893.446,10,-38.2584,1.6758,-1.4613
893.461,10,-38.2488,1.6738,-1.4608
893.477,10,-38.2294,1.6704,-1.4596
893.493,10,-38.2196,1.6680,-1.4590
893.509,10,-38.2000,1.6641,-1.4578
893.525,10,-38.1900,1.6622,-1.4570
893.542,10,-38.1705,1.6592,-1.4555
893.559,10,-38.1607,1.6581,-1.4547
893.575,10,-38.1410,1.6557,-1.4532
893.590,10,-38.1310,1.6554,-1.4524
893.606,10,-38.1209,1.6563,-1.4516
893.625,10,-38.1008,1.6580,-1.4499
893.644,10,-38.0807,1.6614,-1.4485
893.660,10,-38.0605,1.6653,-1.4472
893.676,10,-38.0506,1.6680,-1.4466
893.697,10,-38.0412,1.6697,-1.4463
893.716,10,-38.0224,1.6721,-1.4454
893.734,10,-38.0038,1.6745,-1.4449
893.748,10,-37.9947,1.6760,-1.4449
893.764,10,-37.9760,1.6788,-1.4446
893.783,10,-37.9572,1.6817,-1.4445
893.802,10,-37.9479,1.6832,-1.4447
893.818,10,-37.9292,1.6859,-1.4449
893.832,10,-37.9200,1.6867,-1.4450
893.848,10,-37.9106,1.6871,-1.4454
893.866,10,-37.8920,1.6880,-1.4459
893.882,10,-37.8826,1.6879,-1.4462
893.898,10,-37.8641,1.6877,-1.4468
893.914,10,-37.8548,1.6870,-1.4473
893.929,10,-37.8362,1.6862,-1.4481
893.945,10,-37.8270,1.6851,-1.4486
893.962,10,-37.8178,1.6838,-1.4492
893.979,10,-37.7992,1.6819,-1.4504
893.994,10,-37.7897,1.6804,-1.4511
894.010,10,-37.7711,1.6778,-1.4524
894.026,10,-37.7618,1.6761,-1.4532
894.043,10,-37.7432,1.6727,-1.4548
894.057,10,-37.7339,1.6707,-1.4556
894.074,10,-37.7249,1.6689,-1.4565
894.090,10,-37.7064,1.6657,-1.4582
894.105,10,-37.6972,1.6647,-1.4592
894.121,10,-37.6785,1.6627,-1.4612
894.137,10,-37.6597,1.6613,-1.4633
894.152,10,-37.6504,1.6615,-1.4645
894.171,10,-37.6409,1.6635,-1.4659
894.187,10,-37.6218,1.6659,-1.4683
894.205,10,-37.6123,1.6678,-1.4694
894.223,10,-37.5936,1.6715,-1.4714
894.240,10,-37.5751,1.6750,-1.4732
894.254,10,-37.5661,1.6764,-1.4738
894.270,10,-37.5572,1.6774,-1.4742
894.286,10,-37.5390,1.6798,-1.4753
894.300,10,-37.5299,1.6808,-1.4756
894.314,10,-37.5209,1.6818,-1.4758
894.329,10,-37.5028,1.6841,-1.4763
894.344,10,-37.4941,1.6851,-1.4763
894.358,10,-37.4852,1.6863,-1.4764
894.374,10,-37.4675,1.6884,-1.4765
894.388,10,-37.4587,1.6891,-1.4764
894.403,10,-37.4498,1.6896,-1.4763
894.419,10,-37.4322,1.6907,-1.4761
894.435,10,-37.4233,1.6911,-1.4758
894.449,10,-37.4056,1.6918,-1.4754
894.463,10,-37.3969,1.6916,-1.4752
894.482,10,-37.3881,1.6911,-1.4747
894.498,10,-37.3705,1.6905,-1.4741
894.515,10,-37.3616,1.6897,-1.4738
894.531,10,-37.3440,1.6884,-1.4731
894.548,10,-37.3352,1.6875,-1.4727
894.566,10,-37.3175,1.6857,-1.4720
894.581,10,-37.2997,1.6832,-1.4711
894.601,10,-37.2905,1.6811,-1.4705
894.619,10,-37.2817,1.6790,-1.4699
894.634,10,-37.2639,1.6753,-1.4688
894.650,10,-37.2548,1.6735,-1.4681
894.665,10,-37.2370,1.6707,-1.4669
894.681,10,-37.2279,1.6700,-1.4661
894.697,10,-37.2097,1.6683,-1.4645
894.713,10,-37.2004,1.6679,-1.4636
894.729,10,-37.1822,1.6668,-1.4617
894.744,10,-37.1729,1.6677,-1.4607
894.763,10,-37.1635,1.6697,-1.4597
894.783,10,-37.1355,1.6731,-1.4570
894.799,10,-37.1261,1.6754,-1.4561
894.814,10,-37.1166,1.6781,-1.4553
894.829,10,-37.0982,1.6822,-1.4538
894.845,10,-37.0893,1.6840,-1.4533
894.860,10,-37.0713,1.6868,-1.4521
894.876,10,-37.0629,1.6875,-1.4518
894.891,10,-37.0540,1.6883,-1.4515
894.906,10,-37.0450,1.6893,-1.4511
894.922,10,-37.0272,1.6915,-1.4505
894.937,10,-37.0184,1.6925,-1.4504
894.954,10,-37.0008,1.6947,-1.4501
894.969,10,-36.9919,1.6957,-1.4500
894.984,10,-36.9744,1.6974,-1.4499
895.000,10,-36.9656,1.6976,-1.4502
895.015,10,-36.9569,1.6977,-1.4504
895.031,10,-36.9395,1.6983,-1.4508
895.047,10,-36.9307,1.6982,-1.4510
895.063,10,-36.9132,1.6980,-1.4516
895.079,10,-36.9044,1.6974,-1.4520
895.094,10,-36.8869,1.6966,-1.4527
895.110,10,-36.8782,1.6956,-1.4532
895.129,10,-36.8696,1.6943,-1.4537
895.147,10,-36.8522,1.6924,-1.4546
895.166,10,-36.8346,1.6900,-1.4557
895.184,10,-36.8259,1.6883,-1.4563
895.202,10,-36.8084,1.6849,-1.4576
895.220,10,-36.7908,1.6815,-1.4588
895.235,10,-36.7821,1.6796,-1.4595
895.253,10,-36.7645,1.6765,-1.4609
895.269,10,-36.7556,1.6754,-1.4618
895.285,10,-36.7379,1.6732,-1.4634
895.300,10,-36.7289,1.6729,-1.4644
895.315,10,-36.7199,1.6726,-1.4653
895.331,10,-36.7024,1.6721,-1.4671
895.347,10,-36.6934,1.6732,-1.4681
895.362,10,-36.6754,1.6748,-1.4700
895.378,10,-36.6665,1.6765,-1.4709
895.395,10,-36.6576,1.6789,-1.4718
895.413,10,-36.6395,1.6825,-1.4734
895.429,10,-36.6213,1.6857,-1.4749
895.443,10,-36.6123,1.6871,-1.4753
895.458,10,-36.6037,1.6882,-1.4757
895.473,10,-36.5948,1.6890,-1.4758
895.488,10,-36.5770,1.6910,-1.4763
895.502,10,-36.5680,1.6917,-1.4761
895.518,10,-36.5503,1.6934,-1.4762
895.532,10,-36.5415,1.6939,-1.4758
895.546,10,-36.5327,1.6944,-1.4755
895.561,10,-36.5240,1.6951,-1.4752
895.575,10,-36.5065,1.6963,-1.4748
895.591,10,-36.4980,1.6966,-1.4744
895.605,10,-36.4808,1.6973,-1.4738
895.619,10,-36.4724,1.6974,-1.4734
895.639,10,-36.4642,1.6975,-1.4730
895.654,10,-36.4472,1.6978,-1.4722
895.668,10,-36.4386,1.6977,-1.4718
895.683,10,-36.4302,1.6975,-1.4714
895.698,10,-36.4132,1.6972,-1.4707
895.713,10,-36.4048,1.6965,-1.4703
895.729,10,-36.3879,1.6955,-1.4695
895.748,10,-36.3793,1.6943,-1.4690
895.764,10,-36.3622,1.6924,-1.4682
895.780,10,-36.3534,1.6912,-1.4677
895.795,10,-36.3359,1.6888,-1.4667
895.810,10,-36.3271,1.6871,-1.4660
895.825,10,-36.3183,1.6852,-1.4654
895.841,10,-36.3007,1.6815,-1.4642
895.859,10,-36.2920,1.6791,-1.4634
895.878,10,-36.2744,1.6754,-1.4620
895.893,10,-36.2566,1.6722,-1.4606
895.910,10,-36.2477,1.6712,-1.4599
895.927,10,-36.2388,1.6705,-1.4592
895.947,10,-36.2210,1.6683,-1.4577
895.965,10,-36.2034,1.6667,-1.4562
895.982,10,-36.1944,1.6680,-1.4555
895.998,10,-36.1766,1.6700,-1.4541
896.017,10,-36.1587,1.6741,-1.4529
896.036,10,-36.1501,1.6766,-1.4525
896.051,10,-36.1326,1.6805,-1.4515
896.068,10,-36.1241,1.6830,-1.4513
896.084,10,-36.1071,1.6869,-1.4507
896.099,10,-36.0989,1.6884,-1.4507
896.116,10,-36.0908,1.6895,-1.4507
896.132,10,-36.0746,1.6921,-1.4506
896.149,10,-36.0587,1.6946,-1.4506
896.164,10,-36.0510,1.6956,-1.4508
896.184,10,-36.0433,1.6964,-1.4511
896.200,10,-36.0276,1.6984,-1.4515
896.218,10,-36.0200,1.6992,-1.4519
896.235,10,-36.0047,1.7007,-1.4525
896.252,10,-35.9896,1.7016,-1.4535
896.267,10,-35.9821,1.7018,-1.4540
896.283,10,-35.9672,1.7023,-1.4551
896.297,10,-35.9600,1.7022,-1.4557
896.312,10,-35.9528,1.7019,-1.4566
896.328,10,-35.9383,1.7015,-1.4581
896.343,10,-35.9311,1.7010,-1.4590
896.359,10,-35.9239,1.7002,-1.4600
896.374,10,-35.9094,1.6992,-1.4618
896.390,10,-35.9023,1.6983,-1.4629
896.405,10,-35.8881,1.6969,-1.4649
896.420,10,-35.8810,1.6958,-1.4661
896.436,10,-35.8740,1.6947,-1.4672
896.451,10,-35.8596,1.6927,-1.4696
896.467,10,-35.8526,1.6915,-1.4709
896.481,10,-35.8456,1.6902,-1.4723
896.497,10,-35.8313,1.6879,-1.4747
896.511,10,-35.8240,1.6866,-1.4761
896.526,10,-35.8096,1.6842,-1.4789
896.540,10,-35.8023,1.6829,-1.4804
896.559,10,-35.7951,1.6815,-1.4820
896.573,10,-35.7805,1.6790,-1.4852
896.588,10,-35.7731,1.6778,-1.4870
896.602,10,-35.7658,1.6767,-1.4888
896.617,10,-35.7510,1.6745,-1.4924
896.631,10,-35.7434,1.6735,-1.4943
896.646,10,-35.7358,1.6729,-1.4964
896.661,10,-35.7210,1.6712,-1.5001
896.675,10,-35.7134,1.6704,-1.5022
896.689,10,-35.7059,1.6696,-1.5043
896.704,10,-35.6908,1.6690,-1.5083
896.719,10,-35.6830,1.6709,-1.5106
896.734,10,-35.6753,1.6728,-1.5127
896.749,10,-35.6603,1.6752,-1.5170
896.762,10,-35.6528,1.6770,-1.5191
896.780,10,-35.6457,1.6787,-1.5211
896.794,10,-35.6313,1.6812,-1.5250
896.808,10,-35.6246,1.6825,-1.5268
896.823,10,-35.6177,1.6837,-1.5285
896.837,10,-35.6109,1.6853,-1.5302
896.853,10,-35.5971,1.6891,-1.5336
896.867,10,-35.5906,1.6909,-1.5350
896.883,10,-35.5776,1.6938,-1.5379
896.898,10,-35.5715,1.6951,-1.5391
896.913,10,-35.5654,1.6963,-1.5402
896.928,10,-35.5530,1.6990,-1.5426
896.944,10,-35.5473,1.7004,-1.5436
896.963,10,-35.5358,1.7029,-1.5456
896.981,10,-35.5307,1.7034,-1.5462
896.999,10,-35.5200,1.7047,-1.5478
897.017,10,-35.5152,1.7049,-1.5483
897.035,10,-35.5055,1.7058,-1.5494
897.054,10,-35.4963,1.7063,-1.5501
897.068,10,-35.4920,1.7062,-1.5502
897.084,10,-35.4835,1.7063,-1.5508
897.100,10,-35.4797,1.7064,-1.5508
897.115,10,-35.4760,1.7066,-1.5508
897.131,10,-35.4682,1.7068,-1.5508
897.146,10,-35.4648,1.7067,-1.5506
897.161,10,-35.4581,1.7066,-1.5502
897.177,10,-35.4551,1.7064,-1.5499
897.191,10,-35.4524,1.7062,-1.5494
897.207,10,-35.4466,1.7058,-1.5487
897.222,10,-35.4442,1.7056,-1.5482
897.237,10,-35.4392,1.7052,-1.5472
897.252,10,-35.4373,1.7050,-1.5467
897.273,10,-35.4355,1.7048,-1.5461
897.291,10,-35.4315,1.7043,-1.5447
897.307,10,-35.4278,1.7037,-1.5434
897.323,10,-35.4264,1.7032,-1.5425
897.343,10,-35.4232,1.7029,-1.5410
897.360,10,-35.4201,1.7033,-1.5395
897.376,10,-35.4191,1.7035,-1.5384
897.393,10,-35.4181,1.7033,-1.5374
897.410,10,-35.4156,1.7034,-1.5356
897.425,10,-35.4146,1.7037,-1.5347
897.441,10,-35.4123,1.7043,-1.5327
897.456,10,-35.4114,1.7046,-1.5318
897.471,10,-35.4097,1.7048,-1.5300
897.486,10,-35.4090,1.7045,-1.5289
897.501,10,-35.4086,1.7042,-1.5279
897.517,10,-35.4078,1.7037,-1.5260
897.533,10,-35.4080,1.7031,-1.5253
897.549,10,-35.4077,1.7027,-1.5235
897.564,10,-35.4078,1.7026,-1.5226
897.582,10,-35.4080,1.7028,-1.5220
897.600,10,-35.4080,1.7029,-1.5203
897.616,10,-35.4081,1.7028,-1.5186
897.629,10,-35.4083,1.7027,-1.5178
897.644,10,-35.4084,1.7025,-1.5170
897.659,10,-35.4086,1.7024,-1.5165
897.673,10,-35.4088,1.7022,-1.5152
897.690,10,-35.4090,1.7021,-1.5148
897.705,10,-35.4092,1.7019,-1.5137
897.719,10,-35.4092,1.7018,-1.5133
897.733,10,-35.4092,1.7017,-1.5128
897.748,10,-35.4092,1.7016,-1.5122
897.765,10,-35.4092,1.7015,-1.5111
897.782,10,-35.4091,1.7014,-1.5106
897.797,10,-35.4091,1.7013,-1.5096
897.812,10,-35.4090,1.7012,-1.5092
897.826,10,-35.4089,1.7010,-1.5083
897.841,10,-35.4087,1.7010,-1.5080
897.856,10,-35.4087,1.7008,-1.5076
897.871,10,-35.4085,1.7009,-1.5069
897.885,10,-35.4082,1.7011,-1.5065
897.900,10,-35.4079,1.7013,-1.5064
897.916,10,-35.4076,1.7014,-1.5057
897.933,10,-35.4073,1.7012,-1.5055
897.951,10,-35.4067,1.7012,-1.5048
897.969,10,-35.4062,1.7012,-1.5045
897.987,10,-35.4055,1.7011,-1.5039
898.006,10,-35.4047,1.7009,-1.5033
898.024,10,-35.4043,1.7007,-1.5030
898.047,10,-35.4036,1.7005,-1.5022
898.069,10,-35.4024,1.7004,-1.5011
898.088,10,-35.4021,1.7004,-1.5007
898.106,10,-35.4014,1.7004,-1.5001
898.125,10,-35.4009,1.7005,-1.4998
898.143,10,-35.4002,1.7006,-1.4994
