timestamp, trial, HMD_x, HMD_y,HMD_z
# --- Trial 1 start ---
248.250,1,-39.8111,1.7436,-1.0807
248.362,1,-39.8102,1.7437,-1.0818
248.395,1,-39.8098,1.7437,-1.0820
248.412,1,-39.8092,1.7438,-1.0824
248.426,1,-39.8090,1.7438,-1.0825
248.440,1,-39.8087,1.7438,-1.0826
248.454,1,-39.8084,1.7438,-1.0827
248.468,1,-39.8080,1.7437,-1.0829
248.483,1,-39.8077,1.7436,-1.0828
248.505,1,-39.8074,1.7435,-1.0828
248.527,1,-39.8070,1.7434,-1.0828
248.559,1,-39.8069,1.7433,-1.0829
248.579,1,-39.8067,1.7432,-1.0830
248.593,1,-39.8064,1.7432,-1.0830
248.617,1,-39.8060,1.7433,-1.0829
248.637,1,-39.8058,1.7432,-1.0831
248.660,1,-39.8057,1.7432,-1.0832
248.683,1,-39.8053,1.7432,-1.0834
248.705,1,-39.8049,1.7430,-1.0837
248.727,1,-39.8047,1.7428,-1.0839
248.750,1,-39.8047,1.7428,-1.0840
248.772,1,-39.8045,1.7428,-1.0841
248.795,1,-39.8044,1.7426,-1.0841
248.818,1,-39.8043,1.7425,-1.0841
248.841,1,-39.8042,1.7424,-1.0842
248.873,1,-39.8040,1.7423,-1.0842
248.894,1,-39.8037,1.7422,-1.0840
248.908,1,-39.8034,1.7421,-1.0841
248.932,1,-39.8030,1.7420,-1.0840
248.954,1,-39.8028,1.7419,-1.0840
248.970,1,-39.8025,1.7418,-1.0840
248.984,1,-39.8023,1.7418,-1.0840
248.998,1,-39.8022,1.7417,-1.0840
249.012,1,-39.8020,1.7417,-1.0840
249.026,1,-39.8015,1.7414,-1.0840
249.040,1,-39.8014,1.7412,-1.0840
249.054,1,-39.8009,1.7410,-1.0840
249.069,1,-39.8006,1.7409,-1.0840
249.083,1,-39.8004,1.7408,-1.0840
249.098,1,-39.7998,1.7406,-1.0840
249.111,1,-39.7996,1.7405,-1.0840
249.126,1,-39.7994,1.7404,-1.0840
249.140,1,-39.7989,1.7402,-1.0840
249.155,1,-39.7986,1.7401,-1.0840
249.168,1,-39.7983,1.7401,-1.0840
249.183,1,-39.7980,1.7400,-1.0840
249.198,1,-39.7974,1.7399,-1.0839
249.211,1,-39.7971,1.7398,-1.0838
249.225,1,-39.7968,1.7398,-1.0838
249.240,1,-39.7962,1.7396,-1.0836
249.253,1,-39.7959,1.7395,-1.0836
249.268,1,-39.7955,1.7394,-1.0835
249.282,1,-39.7951,1.7392,-1.0834
249.296,1,-39.7946,1.7390,-1.0832
249.310,1,-39.7939,1.7386,-1.0830
249.331,1,-39.7930,1.7380,-1.0827
249.352,1,-39.7920,1.7370,-1.0824
249.375,1,-39.7909,1.7359,-1.0821
249.398,1,-39.7897,1.7343,-1.0816
249.419,1,-39.7884,1.7327,-1.0810
249.441,1,-39.7870,1.7313,-1.0803
249.465,1,-39.7852,1.7300,-1.0794
249.494,1,-39.7834,1.7289,-1.0784
249.516,1,-39.7815,1.7280,-1.0774
249.531,1,-39.7799,1.7271,-1.0764
249.553,1,-39.7781,1.7268,-1.0752
249.577,1,-39.7760,1.7268,-1.0738
249.599,1,-39.7738,1.7270,-1.0724
249.621,1,-39.7718,1.7274,-1.0711
249.652,1,-39.7696,1.7282,-1.0694
249.673,1,-39.7673,1.7287,-1.0676
249.688,1,-39.7652,1.7289,-1.0659
249.711,1,-39.7633,1.7287,-1.0636
249.733,1,-39.7608,1.7285,-1.0621
249.757,1,-39.7586,1.7282,-1.0602
249.779,1,-39.7570,1.7272,-1.0585
249.801,1,-39.7564,1.7262,-1.0576
249.817,1,-39.7558,1.7258,-1.0570
249.831,1,-39.7551,1.7257,-1.0563
249.847,1,-39.7539,1.7256,-1.0550
249.862,1,-39.7534,1.7258,-1.0544
249.877,1,-39.7523,1.7263,-1.0532
249.892,1,-39.7520,1.7271,-1.0527
249.907,1,-39.7517,1.7274,-1.0521
249.925,1,-39.7510,1.7281,-1.0509
249.942,1,-39.7502,1.7292,-1.0497
249.960,1,-39.7502,1.7297,-1.0489
249.976,1,-39.7495,1.7307,-1.0476
249.990,1,-39.7491,1.7311,-1.0469
250.005,1,-39.7486,1.7315,-1.0462
250.019,1,-39.7476,1.7321,-1.0449
250.033,1,-39.7471,1.7322,-1.0443
250.047,1,-39.7465,1.7320,-1.0437
250.061,1,-39.7460,1.7318,-1.0431
250.076,1,-39.7451,1.7315,-1.0421
250.090,1,-39.7447,1.7312,-1.0416
250.104,1,-39.7442,1.7310,-1.0410
250.117,1,-39.7440,1.7310,-1.0404
250.131,1,-39.7436,1.7308,-1.0401
250.146,1,-39.7427,1.7305,-1.0392
250.160,1,-39.7421,1.7304,-1.0391
250.175,1,-39.7413,1.7303,-1.0383
250.189,1,-39.7403,1.7304,-1.0377
250.206,1,-39.7392,1.7302,-1.0372
250.230,1,-39.7378,1.7299,-1.0370
250.252,1,-39.7363,1.7291,-1.0372
250.274,1,-39.7348,1.7274,-1.0376
250.296,1,-39.7334,1.7254,-1.0385
250.318,1,-39.7318,1.7222,-1.0395
250.340,1,-39.7305,1.7190,-1.0408
250.363,1,-39.7299,1.7150,-1.0423
250.385,1,-39.7266,1.7176,-1.0440
250.409,1,-39.7214,1.7310,-1.0456
250.430,1,-39.7189,1.7278,-1.0468
250.452,1,-39.7183,1.7233,-1.0482
250.474,1,-39.7172,1.7246,-1.0488
250.496,1,-39.7153,1.7302,-1.0496
250.518,1,-39.7129,1.7325,-1.0502
250.542,1,-39.7105,1.7322,-1.0499
250.564,1,-39.7082,1.7334,-1.0493
250.587,1,-39.7053,1.7358,-1.0487
250.617,1,-39.7025,1.7352,-1.0482
250.639,1,-39.7000,1.7346,-1.0471
250.661,1,-39.6983,1.7343,-1.0467
250.675,1,-39.6969,1.7341,-1.0465
250.689,1,-39.6954,1.7333,-1.0457
250.704,1,-39.6922,1.7320,-1.0446
250.718,1,-39.6890,1.7306,-1.0434
250.734,1,-39.6870,1.7293,-1.0427
250.750,1,-39.6850,1.7279,-1.0421
250.767,1,-39.6811,1.7239,-1.0408
250.783,1,-39.6789,1.7206,-1.0401
250.797,1,-39.6762,1.7180,-1.0401
250.811,1,-39.6732,1.7164,-1.0398
250.827,1,-39.6673,1.7143,-1.0391
250.841,1,-39.6634,1.7135,-1.0388
250.857,1,-39.6562,1.7114,-1.0380
250.872,1,-39.6517,1.7108,-1.0377
250.889,1,-39.6432,1.7102,-1.0371
250.904,1,-39.6381,1.7108,-1.0368
250.918,1,-39.6338,1.7104,-1.0358
250.934,1,-39.6243,1.7098,-1.0349
250.949,1,-39.6191,1.7093,-1.0344
250.966,1,-39.6088,1.7085,-1.0337
250.981,1,-39.6027,1.7081,-1.0335
250.995,1,-39.5914,1.7072,-1.0328
251.010,1,-39.5794,1.7060,-1.0323
251.029,1,-39.5662,1.7039,-1.0321
251.051,1,-39.5524,1.7010,-1.0320
251.075,1,-39.5382,1.6978,-1.0320
251.103,1,-39.5236,1.6950,-1.0327
251.125,1,-39.5085,1.6923,-1.0330
251.138,1,-39.4935,1.6901,-1.0332
251.162,1,-39.4770,1.6892,-1.0339
251.184,1,-39.4597,1.6889,-1.0344
251.206,1,-39.4414,1.6897,-1.0352
251.229,1,-39.4225,1.6916,-1.0365
251.259,1,-39.4012,1.6975,-1.0381
251.281,1,-39.3803,1.7028,-1.0394
251.295,1,-39.3603,1.7065,-1.0401
251.318,1,-39.3401,1.7097,-1.0401
251.341,1,-39.3207,1.7118,-1.0400
251.363,1,-39.3008,1.7137,-1.0398
251.386,1,-39.2798,1.7157,-1.0390
251.409,1,-39.2589,1.7176,-1.0374
251.433,1,-39.2372,1.7192,-1.0355
251.454,1,-39.2160,1.7206,-1.0338
251.477,1,-39.1950,1.7200,-1.0314
251.499,1,-39.1840,1.7183,-1.0302
251.516,1,-39.1733,1.7170,-1.0294
251.531,1,-39.1625,1.7157,-1.0284
251.546,1,-39.1408,1.7134,-1.0264
251.564,1,-39.1306,1.7112,-1.0239
251.580,1,-39.1084,1.7078,-1.0219
251.594,1,-39.0967,1.7056,-1.0205
251.609,1,-39.0738,1.7016,-1.0181
251.623,1,-39.0623,1.6989,-1.0169
251.638,1,-39.0505,1.6955,-1.0155
251.653,1,-39.0383,1.6923,-1.0140
251.667,1,-39.0152,1.6878,-1.0112
251.682,1,-39.0031,1.6864,-1.0097
251.696,1,-38.9913,1.6850,-1.0081
251.715,1,-38.9672,1.6822,-1.0049
251.732,1,-38.9428,1.6807,-1.0013
251.747,1,-38.9304,1.6819,-0.9994
251.762,1,-38.9178,1.6837,-0.9975
251.778,1,-38.8928,1.6864,-0.9940
251.793,1,-38.8806,1.6891,-0.9922
251.806,1,-38.8689,1.6912,-0.9903
251.822,1,-38.8452,1.6939,-0.9872
251.837,1,-38.8344,1.6953,-0.9862
251.852,1,-38.8233,1.6967,-0.9854
251.870,1,-38.7892,1.7021,-0.9824
251.892,1,-38.7665,1.7080,-0.9813
251.906,1,-38.7438,1.7141,-0.9804
251.929,1,-38.7213,1.7208,-0.9802
251.951,1,-38.6999,1.7259,-0.9804
251.973,1,-38.6791,1.7297,-0.9808
251.997,1,-38.6581,1.7319,-0.9812
252.018,1,-38.6369,1.7328,-0.9814
252.047,1,-38.6155,1.7301,-0.9820
252.068,1,-38.5939,1.7279,-0.9825
252.082,1,-38.5716,1.7260,-0.9832
252.105,1,-38.5487,1.7213,-0.9841
252.128,1,-38.5253,1.7162,-0.9853
252.151,1,-38.5013,1.7109,-0.9869
252.173,1,-38.4771,1.7054,-0.9888
252.195,1,-38.4531,1.7005,-0.9908
252.217,1,-38.4282,1.6970,-0.9938
252.239,1,-38.4023,1.6956,-0.9972
252.261,1,-38.3764,1.6950,-1.0007
252.285,1,-38.3508,1.6944,-1.0045
252.307,1,-38.3260,1.6937,-1.0081
252.329,1,-38.3007,1.6987,-1.0117
252.352,1,-38.2889,1.7018,-1.0129
252.370,1,-38.2772,1.7026,-1.0138
252.383,1,-38.2657,1.7036,-1.0147
252.396,1,-38.2424,1.7057,-1.0166
252.410,1,-38.2310,1.7076,-1.0170
252.425,1,-38.2199,1.7107,-1.0170
252.439,1,-38.2085,1.7134,-1.0170
252.453,1,-38.1854,1.7177,-1.0176
252.468,1,-38.1739,1.7205,-1.0171
252.483,1,-38.1625,1.7230,-1.0169
252.498,1,-38.1396,1.7270,-1.0167
252.513,1,-38.1283,1.7288,-1.0162
252.529,1,-38.1168,1.7297,-1.0156
252.544,1,-38.0937,1.7320,-1.0149
252.558,1,-38.0818,1.7323,-1.0142
252.574,1,-38.0587,1.7332,-1.0133
252.588,1,-38.0468,1.7323,-1.0126
252.603,1,-38.0352,1.7306,-1.0116
252.617,1,-38.0113,1.7290,-1.0104
252.630,1,-37.9991,1.7272,-1.0096
252.646,1,-37.9868,1.7252,-1.0089
252.661,1,-37.9741,1.7233,-1.0086
252.676,1,-37.9494,1.7200,-1.0074
252.691,1,-37.9368,1.7170,-1.0065
252.704,1,-37.9244,1.7144,-1.0057
252.719,1,-37.8994,1.7101,-1.0040
252.733,1,-37.8744,1.7062,-1.0023
252.749,1,-37.8487,1.7033,-1.0002
252.773,1,-37.8227,1.7016,-0.9977
252.792,1,-37.7973,1.7004,-0.9953
252.817,1,-37.7718,1.7008,-0.9927
252.848,1,-37.7464,1.7045,-0.9904
252.870,1,-37.7215,1.7078,-0.9883
252.892,1,-37.6981,1.7087,-0.9865
252.904,1,-37.6740,1.7100,-0.9851
252.929,1,-37.6504,1.7133,-0.9848
252.952,1,-37.6268,1.7189,-0.9850
252.974,1,-37.6036,1.7241,-0.9855
253.005,1,-37.5816,1.7303,-0.9870
253.026,1,-37.5597,1.7346,-0.9882
253.039,1,-37.5381,1.7382,-0.9888
253.063,1,-37.5172,1.7400,-0.9906
253.086,1,-37.4957,1.7409,-0.9923
253.108,1,-37.4738,1.7405,-0.9942
253.131,1,-37.4514,1.7389,-0.9962
253.162,1,-37.4290,1.7344,-0.9987
253.184,1,-37.4066,1.7304,-1.0013
253.198,1,-37.3952,1.7276,-1.0027
253.214,1,-37.3834,1.7248,-1.0042
253.228,1,-37.3718,1.7221,-1.0057
253.241,1,-37.3600,1.7195,-1.0073
253.254,1,-37.3367,1.7147,-1.0104
253.268,1,-37.3250,1.7123,-1.0122
253.281,1,-37.3132,1.7104,-1.0139
253.294,1,-37.3015,1.7087,-1.0158
253.307,1,-37.2780,1.7055,-1.0194
253.322,1,-37.2661,1.7046,-1.0215
253.335,1,-37.2540,1.7038,-1.0237
253.348,1,-37.2421,1.7032,-1.0259
253.361,1,-37.2299,1.7024,-1.0281
253.374,1,-37.2179,1.7018,-1.0305
253.390,1,-37.1937,1.7020,-1.0351
253.403,1,-37.1812,1.7051,-1.0376
253.416,1,-37.1688,1.7074,-1.0399
253.430,1,-37.1446,1.7089,-1.0442
253.443,1,-37.1329,1.7092,-1.0460
253.460,1,-37.1220,1.7093,-1.0475
253.477,1,-37.0992,1.7104,-1.0506
253.491,1,-37.0882,1.7120,-1.0516
253.504,1,-37.0772,1.7145,-1.0523
253.520,1,-37.0547,1.7190,-1.0544
253.534,1,-37.0438,1.7215,-1.0549
253.548,1,-37.0218,1.7259,-1.0564
253.561,1,-36.9997,1.7307,-1.0578
253.583,1,-36.9788,1.7351,-1.0587
253.606,1,-36.9577,1.7381,-1.0589
253.628,1,-36.9364,1.7402,-1.0589
253.650,1,-36.9149,1.7412,-1.0588
253.672,1,-36.8928,1.7410,-1.0589
253.694,1,-36.8703,1.7397,-1.0592
253.716,1,-36.8479,1.7376,-1.0592
253.739,1,-36.8249,1.7338,-1.0596
253.761,1,-36.8021,1.7292,-1.0597
253.792,1,-36.7793,1.7236,-1.0597
253.813,1,-36.7566,1.7179,-1.0593
253.827,1,-36.7340,1.7138,-1.0590
253.850,1,-36.7111,1.7108,-1.0580
253.873,1,-36.6879,1.7086,-1.0568
253.896,1,-36.6647,1.7071,-1.0552
253.917,1,-36.6420,1.7061,-1.0533
253.942,1,-36.6195,1.7091,-1.0514
253.965,1,-36.5972,1.7127,-1.0495
253.989,1,-36.5755,1.7150,-1.0482
254.010,1,-36.5545,1.7176,-1.0474
254.031,1,-36.5444,1.7194,-1.0472
254.046,1,-36.5342,1.7210,-1.0471
254.060,1,-36.5239,1.7228,-1.0471
254.073,1,-36.5134,1.7250,-1.0472
254.087,1,-36.4923,1.7289,-1.0471
254.100,1,-36.4818,1.7315,-1.0473
254.113,1,-36.4716,1.7340,-1.0477
254.126,1,-36.4614,1.7361,-1.0480
254.139,1,-36.4514,1.7378,-1.0485
254.151,1,-36.4411,1.7393,-1.0489
254.164,1,-36.4314,1.7404,-1.0494
254.179,1,-36.4114,1.7424,-1.0503
254.192,1,-36.4017,1.7429,-1.0509
254.205,1,-36.3918,1.7428,-1.0515
254.219,1,-36.3718,1.7433,-1.0527
254.233,1,-36.3618,1.7426,-1.0535
254.249,1,-36.3516,1.7415,-1.0543
254.264,1,-36.3311,1.7400,-1.0558
254.277,1,-36.3208,1.7385,-1.0567
254.289,1,-36.3103,1.7369,-1.0576
254.302,1,-36.2997,1.7352,-1.0586
254.315,1,-36.2792,1.7325,-1.0605
254.328,1,-36.2687,1.7306,-1.0615
254.343,1,-36.2582,1.7281,-1.0627
254.359,1,-36.2479,1.7257,-1.0639
254.372,1,-36.2271,1.7219,-1.0663
254.385,1,-36.2062,1.7187,-1.0689
254.405,1,-36.1852,1.7165,-1.0720
254.428,1,-36.1644,1.7148,-1.0754
254.450,1,-36.1436,1.7138,-1.0788
254.471,1,-36.1228,1.7124,-1.0822
254.495,1,-36.1018,1.7144,-1.0859
254.516,1,-36.0807,1.7190,-1.0896
254.538,1,-36.0594,1.7213,-1.0930
254.561,1,-36.0392,1.7221,-1.0959
254.584,1,-36.0202,1.7215,-1.0977
254.606,1,-36.0017,1.7230,-1.0989
254.628,1,-35.9825,1.7275,-1.0998
254.651,1,-35.9634,1.7319,-1.1001
254.673,1,-35.9445,1.7360,-1.1004
254.696,1,-35.9257,1.7391,-1.1003
254.719,1,-35.9072,1.7409,-1.0999
254.744,1,-35.8884,1.7418,-1.0996
254.768,1,-35.8694,1.7423,-1.0994
254.790,1,-35.8504,1.7419,-1.0991
254.812,1,-35.8316,1.7408,-1.0988
254.835,1,-35.8126,1.7392,-1.0983
254.857,1,-35.8033,1.7378,-1.0980
254.880,1,-35.7939,1.7359,-1.0977
254.900,1,-35.7656,1.7317,-1.0968
254.918,1,-35.7472,1.7284,-1.0960
254.935,1,-35.7389,1.7270,-1.0955
254.966,1,-35.7220,1.7246,-1.0946
254.981,1,-35.6948,1.7211,-1.0933
254.994,1,-35.6860,1.7202,-1.0930
255.010,1,-35.6774,1.7195,-1.0924
255.028,1,-35.6604,1.7185,-1.0914
255.044,1,-35.6522,1.7194,-1.0908
255.058,1,-35.6445,1.7195,-1.0900
255.072,1,-35.6366,1.7190,-1.0894
255.086,1,-35.6290,1.7188,-1.0887
255.099,1,-35.6136,1.7190,-1.0874
255.113,1,-35.5982,1.7196,-1.0862
255.127,1,-35.5911,1.7212,-1.0859
255.143,1,-35.5840,1.7229,-1.0856
255.156,1,-35.5769,1.7247,-1.0855
255.169,1,-35.5701,1.7268,-1.0857
255.186,1,-35.5559,1.7304,-1.0856
255.201,1,-35.5496,1.7329,-1.0862
255.214,1,-35.5433,1.7350,-1.0867
255.228,1,-35.5303,1.7386,-1.0872
255.242,1,-35.5243,1.7401,-1.0877
255.254,1,-35.5121,1.7428,-1.0886
255.270,1,-35.5004,1.7453,-1.0897
255.294,1,-35.4899,1.7470,-1.0910
255.315,1,-35.4793,1.7480,-1.0923
255.338,1,-35.4688,1.7486,-1.0941
255.368,1,-35.4587,1.7482,-1.0962
255.389,1,-35.4486,1.7476,-1.0982
255.403,1,-35.4384,1.7472,-1.1005
255.426,1,-35.4289,1.7461,-1.1029
255.449,1,-35.4196,1.7459,-1.1055
255.470,1,-35.4106,1.7453,-1.1083
255.494,1,-35.4022,1.7440,-1.1114
255.515,1,-35.3941,1.7426,-1.1143
255.538,1,-35.3865,1.7417,-1.1173
255.560,1,-35.3792,1.7421,-1.1205
255.583,1,-35.3720,1.7434,-1.1233
255.605,1,-35.3655,1.7433,-1.1263
255.627,1,-35.3595,1.7433,-1.1290
255.650,1,-35.3541,1.7434,-1.1316
255.682,1,-35.3491,1.7449,-1.1334
255.703,1,-35.3435,1.7464,-1.1355
255.716,1,-35.3378,1.7478,-1.1374
255.740,1,-35.3356,1.7495,-1.1379
255.756,1,-35.3329,1.7505,-1.1385
255.769,1,-35.3303,1.7512,-1.1390
255.783,1,-35.3278,1.7518,-1.1398
255.795,1,-35.3252,1.7522,-1.1401
255.808,1,-35.3227,1.7526,-1.1409
255.822,1,-35.3178,1.7533,-1.1421
255.835,1,-35.3155,1.7534,-1.1423
255.847,1,-35.3132,1.7533,-1.1426
255.861,1,-35.3085,1.7538,-1.1438
255.874,1,-35.3061,1.7538,-1.1439
255.889,1,-35.3040,1.7535,-1.1440
255.903,1,-35.3019,1.7531,-1.1442
255.916,1,-35.2999,1.7528,-1.1447
255.930,1,-35.2979,1.7527,-1.1448
255.944,1,-35.2960,1.7532,-1.1448
255.958,1,-35.2923,1.7536,-1.1449
255.973,1,-35.2888,1.7538,-1.1450
255.990,1,-35.2874,1.7537,-1.1451
256.007,1,-35.2845,1.7532,-1.1450
256.020,1,-35.2833,1.7525,-1.1451
256.033,1,-35.2823,1.7520,-1.1450
256.047,1,-35.2811,1.7515,-1.1448
256.060,1,-35.2788,1.7510,-1.1453
256.073,1,-35.2776,1.7509,-1.1451
256.087,1,-35.2750,1.7508,-1.1450
256.103,1,-35.2725,1.7510,-1.1450
256.127,1,-35.2703,1.7513,-1.1450
256.149,1,-35.2679,1.7516,-1.1446
256.171,1,-35.2657,1.7519,-1.1442
256.194,1,-35.2637,1.7521,-1.1439
256.216,1,-35.2619,1.7520,-1.1435
256.238,1,-35.2604,1.7515,-1.1432
256.260,1,-35.2590,1.7512,-1.1429
256.282,1,-35.2579,1.7507,-1.1430
256.313,1,-35.2571,1.7504,-1.1427
256.334,1,-35.2564,1.7499,-1.1427
256.348,1,-35.2556,1.7494,-1.1425
256.372,1,-35.2553,1.7491,-1.1429
256.393,1,-35.2547,1.7492,-1.1428
256.416,1,-35.2542,1.7494,-1.1425

# --- Trial 2 start ---
266.932,2,-39.8091,1.7548,-1.0099
267.046,2,-39.8090,1.7555,-1.0106
267.076,2,-39.8087,1.7564,-1.0109
267.092,2,-39.8086,1.7566,-1.0110
267.106,2,-39.8084,1.7566,-1.0110
267.121,2,-39.8082,1.7568,-1.0110
267.136,2,-39.8080,1.7568,-1.0110
267.151,2,-39.8076,1.7569,-1.0112
267.164,2,-39.8074,1.7569,-1.0111
267.181,2,-39.8071,1.7569,-1.0111
267.195,2,-39.8069,1.7568,-1.0109
267.211,2,-39.8065,1.7570,-1.0108
267.236,2,-39.8054,1.7572,-1.0104
267.252,2,-39.8048,1.7572,-1.0101
267.266,2,-39.8042,1.7572,-1.0099
267.288,2,-39.8036,1.7573,-1.0093
267.311,2,-39.8030,1.7573,-1.0087
267.333,2,-39.8024,1.7575,-1.0081
267.356,2,-39.8015,1.7576,-1.0073
267.380,2,-39.8006,1.7581,-1.0062
267.401,2,-39.7998,1.7585,-1.0051
267.425,2,-39.7987,1.7590,-1.0039
267.447,2,-39.7977,1.7595,-1.0026
267.469,2,-39.7968,1.7602,-1.0011
267.492,2,-39.7958,1.7607,-0.9994
267.514,2,-39.7949,1.7609,-0.9974
267.537,2,-39.7941,1.7606,-0.9953
267.569,2,-39.7935,1.7594,-0.9930
267.590,2,-39.7925,1.7592,-0.9909
267.604,2,-39.7915,1.7591,-0.9888
267.629,2,-39.7908,1.7589,-0.9866
267.652,2,-39.7903,1.7574,-0.9846
267.675,2,-39.7905,1.7546,-0.9825
267.699,2,-39.7908,1.7524,-0.9808
267.721,2,-39.7908,1.7540,-0.9806
267.738,2,-39.7906,1.7553,-0.9801
267.752,2,-39.7903,1.7559,-0.9796
267.767,2,-39.7901,1.7563,-0.9792
267.782,2,-39.7899,1.7570,-0.9782
267.797,2,-39.7900,1.7574,-0.9778
267.812,2,-39.7902,1.7578,-0.9769
267.827,2,-39.7906,1.7579,-0.9763
267.841,2,-39.7912,1.7577,-0.9759
267.856,2,-39.7917,1.7575,-0.9754
267.872,2,-39.7926,1.7574,-0.9744
267.887,2,-39.7930,1.7574,-0.9738
267.901,2,-39.7937,1.7573,-0.9736
267.918,2,-39.7944,1.7575,-0.9728
267.932,2,-39.7950,1.7575,-0.9721
267.947,2,-39.7954,1.7575,-0.9720
267.963,2,-39.7957,1.7573,-0.9717
267.977,2,-39.7961,1.7569,-0.9715
267.992,2,-39.7968,1.7564,-0.9712
268.007,2,-39.7971,1.7561,-0.9712
268.025,2,-39.7976,1.7555,-0.9712
268.041,2,-39.7979,1.7551,-0.9714
268.055,2,-39.7984,1.7542,-0.9716
268.069,2,-39.7986,1.7533,-0.9720
268.084,2,-39.7988,1.7521,-0.9724
268.099,2,-39.7994,1.7497,-0.9731
268.113,2,-39.7999,1.7467,-0.9739
268.136,2,-39.8000,1.7420,-0.9752
268.156,2,-39.8004,1.7367,-0.9767
268.177,2,-39.8009,1.7323,-0.9784
268.207,2,-39.7985,1.7498,-0.9808
268.228,2,-39.7963,1.7512,-0.9823
268.243,2,-39.7961,1.7500,-0.9842
268.267,2,-39.7972,1.7503,-0.9854
268.288,2,-39.7986,1.7529,-0.9871
268.311,2,-39.7990,1.7573,-0.9887
268.332,2,-39.7988,1.7583,-0.9899
268.354,2,-39.7982,1.7588,-0.9909
268.377,2,-39.7978,1.7608,-0.9924
268.400,2,-39.7976,1.7611,-0.9936
268.421,2,-39.7972,1.7603,-0.9948
268.444,2,-39.7968,1.7596,-0.9964
268.467,2,-39.7958,1.7602,-0.9986
268.489,2,-39.7944,1.7605,-1.0000
268.521,2,-39.7927,1.7611,-1.0014
268.542,2,-39.7913,1.7617,-1.0032
268.556,2,-39.7899,1.7619,-1.0050
268.579,2,-39.7885,1.7613,-1.0056
268.597,2,-39.7872,1.7611,-1.0068
268.610,2,-39.7860,1.7610,-1.0077
268.624,2,-39.7839,1.7613,-1.0097
268.639,2,-39.7812,1.7613,-1.0115
268.653,2,-39.7795,1.7611,-1.0126
268.671,2,-39.7776,1.7602,-1.0136
268.686,2,-39.7758,1.7598,-1.0147
268.701,2,-39.7726,1.7591,-1.0170
268.715,2,-39.7707,1.7583,-1.0182
268.730,2,-39.7668,1.7567,-1.0203
268.744,2,-39.7645,1.7552,-1.0213
268.759,2,-39.7619,1.7535,-1.0228
268.775,2,-39.7594,1.7517,-1.0239
268.790,2,-39.7548,1.7486,-1.0260
268.804,2,-39.7522,1.7474,-1.0269
268.820,2,-39.7494,1.7469,-1.0276
268.834,2,-39.7438,1.7463,-1.0293
268.848,2,-39.7401,1.7471,-1.0297
268.865,2,-39.7336,1.7473,-1.0308
268.879,2,-39.7299,1.7479,-1.0308
268.894,2,-39.7263,1.7487,-1.0311
268.908,2,-39.7226,1.7492,-1.0312
268.923,2,-39.7187,1.7495,-1.0314
268.938,2,-39.7113,1.7496,-1.0318
268.953,2,-39.6996,1.7494,-1.0322
268.984,2,-39.6902,1.7476,-1.0313
269.005,2,-39.6808,1.7464,-1.0307
269.019,2,-39.6709,1.7450,-1.0303
269.042,2,-39.6600,1.7429,-1.0291
269.065,2,-39.6486,1.7410,-1.0280
269.088,2,-39.6366,1.7393,-1.0268
269.110,2,-39.6244,1.7374,-1.0256
269.140,2,-39.6114,1.7349,-1.0233
269.161,2,-39.5986,1.7327,-1.0214
269.183,2,-39.5854,1.7308,-1.0192
269.198,2,-39.5720,1.7285,-1.0168
269.221,2,-39.5579,1.7257,-1.0141
269.244,2,-39.5436,1.7233,-1.0115
269.267,2,-39.5290,1.7213,-1.0087
269.297,2,-39.5143,1.7211,-1.0053
269.318,2,-39.4988,1.7220,-1.0025
269.332,2,-39.4837,1.7232,-0.9998
269.356,2,-39.4677,1.7270,-0.9971
269.379,2,-39.4522,1.7307,-0.9946
269.403,2,-39.4374,1.7333,-0.9926
269.423,2,-39.4226,1.7348,-0.9909
269.447,2,-39.4075,1.7366,-0.9893
269.468,2,-39.3921,1.7405,-0.9884
269.490,2,-39.3758,1.7450,-0.9879
269.513,2,-39.3592,1.7483,-0.9874
269.535,2,-39.3427,1.7500,-0.9869
269.557,2,-39.3261,1.7507,-0.9867
269.579,2,-39.3087,1.7501,-0.9870
269.609,2,-39.2907,1.7475,-0.9872
269.631,2,-39.2726,1.7450,-0.9878
269.645,2,-39.2631,1.7434,-0.9885
269.662,2,-39.2532,1.7414,-0.9891
269.676,2,-39.2434,1.7398,-0.9899
269.690,2,-39.2242,1.7371,-0.9910
269.704,2,-39.2141,1.7355,-0.9919
269.718,2,-39.2035,1.7333,-0.9931
269.733,2,-39.1831,1.7295,-0.9950
269.748,2,-39.1726,1.7273,-0.9963
269.763,2,-39.1623,1.7253,-0.9977
269.778,2,-39.1418,1.7219,-1.0003
269.793,2,-39.1311,1.7205,-1.0021
269.807,2,-39.1204,1.7195,-1.0040
269.822,2,-39.1098,1.7189,-1.0059
269.837,2,-39.0891,1.7171,-1.0089
269.851,2,-39.0680,1.7161,-1.0126
269.865,2,-39.0571,1.7158,-1.0148
269.881,2,-39.0469,1.7167,-1.0168
269.897,2,-39.0256,1.7177,-1.0207
269.912,2,-39.0145,1.7199,-1.0228
269.925,2,-39.0039,1.7211,-1.0247
269.940,2,-38.9933,1.7220,-1.0263
269.954,2,-38.9722,1.7231,-1.0296
269.968,2,-38.9617,1.7237,-1.0306
269.983,2,-38.9514,1.7246,-1.0313
269.998,2,-38.9197,1.7275,-1.0345
270.019,2,-38.8985,1.7319,-1.0351
270.043,2,-38.8773,1.7362,-1.0347
270.065,2,-38.8557,1.7400,-1.0341
270.095,2,-38.8340,1.7423,-1.0327
270.116,2,-38.8122,1.7432,-1.0319
270.130,2,-38.7903,1.7434,-1.0311
270.155,2,-38.7680,1.7409,-1.0298
270.176,2,-38.7450,1.7376,-1.0283
270.198,2,-38.7213,1.7334,-1.0267
270.220,2,-38.6974,1.7283,-1.0250
270.242,2,-38.6728,1.7230,-1.0231
270.264,2,-38.6478,1.7175,-1.0211
270.286,2,-38.6222,1.7116,-1.0187
270.308,2,-38.5966,1.7051,-1.0161
270.331,2,-38.5714,1.6995,-1.0133
270.353,2,-38.5462,1.6958,-1.0102
270.377,2,-38.5208,1.6945,-1.0071
270.397,2,-38.4950,1.6939,-1.0042
270.420,2,-38.4693,1.6960,-1.0017
270.443,2,-38.4445,1.7006,-0.9996
270.466,2,-38.4209,1.7061,-0.9980
270.488,2,-38.3981,1.7101,-0.9970
270.511,2,-38.3877,1.7127,-0.9973
270.527,2,-38.3767,1.7157,-0.9977
270.544,2,-38.3655,1.7190,-0.9979
270.560,2,-38.3428,1.7245,-0.9982
270.574,2,-38.3312,1.7279,-0.9988
270.588,2,-38.3081,1.7336,-0.9996
270.602,2,-38.2967,1.7365,-1.0006
270.617,2,-38.2855,1.7387,-1.0015
270.631,2,-38.2742,1.7405,-1.0026
270.646,2,-38.2515,1.7439,-1.0042
270.661,2,-38.2287,1.7458,-1.0061
270.675,2,-38.2175,1.7454,-1.0072
270.691,2,-38.2058,1.7442,-1.0086
270.709,2,-38.1830,1.7430,-1.0111
270.726,2,-38.1717,1.7407,-1.0126
270.740,2,-38.1599,1.7388,-1.0140
270.755,2,-38.1363,1.7361,-1.0166
270.769,2,-38.1241,1.7337,-1.0182
270.784,2,-38.1000,1.7299,-1.0212
270.798,2,-38.0874,1.7271,-1.0230
270.812,2,-38.0750,1.7241,-1.0247
270.827,2,-38.0628,1.7212,-1.0265
270.841,2,-38.0385,1.7161,-1.0300
270.855,2,-38.0261,1.7133,-1.0320
270.869,2,-38.0136,1.7108,-1.0342
270.885,2,-37.9890,1.7064,-1.0381
270.900,2,-37.9761,1.7056,-1.0408
270.914,2,-37.9514,1.7032,-1.0452
270.929,2,-37.9267,1.7013,-1.0498
270.952,2,-37.9020,1.6999,-1.0545
270.975,2,-37.8774,1.7019,-1.0592
270.997,2,-37.8531,1.7064,-1.0635
271.019,2,-37.8299,1.7096,-1.0671
271.042,2,-37.8081,1.7122,-1.0696
271.064,2,-37.7868,1.7148,-1.0713
271.087,2,-37.7653,1.7201,-1.0718
271.109,2,-37.7433,1.7259,-1.0725
271.132,2,-37.7217,1.7315,-1.0730
271.154,2,-37.7003,1.7363,-1.0735
271.177,2,-37.6792,1.7396,-1.0734
271.207,2,-37.6580,1.7413,-1.0729
271.229,2,-37.6363,1.7421,-1.0725
271.242,2,-37.6148,1.7428,-1.0724
271.266,2,-37.5917,1.7410,-1.0724
271.288,2,-37.5685,1.7382,-1.0717
271.311,2,-37.5450,1.7343,-1.0708
271.333,2,-37.5216,1.7296,-1.0700
271.356,2,-37.4976,1.7237,-1.0689
271.378,2,-37.4738,1.7169,-1.0674
271.401,2,-37.4618,1.7129,-1.0664
271.416,2,-37.4497,1.7104,-1.0654
271.431,2,-37.4376,1.7088,-1.0643
271.445,2,-37.4258,1.7075,-1.0630
271.459,2,-37.4013,1.7045,-1.0607
271.473,2,-37.3891,1.7037,-1.0592
271.487,2,-37.3768,1.7034,-1.0576
271.502,2,-37.3524,1.7018,-1.0547
271.516,2,-37.3404,1.7026,-1.0530
271.530,2,-37.3281,1.7040,-1.0514
271.545,2,-37.3040,1.7067,-1.0482
271.558,2,-37.2919,1.7080,-1.0466
271.572,2,-37.2802,1.7089,-1.0452
271.587,2,-37.2686,1.7098,-1.0440
271.601,2,-37.2458,1.7112,-1.0415
271.615,2,-37.2347,1.7124,-1.0407
271.629,2,-37.2236,1.7141,-1.0398
271.642,2,-37.2014,1.7172,-1.0379
271.656,2,-37.1904,1.7195,-1.0374
271.670,2,-37.1797,1.7216,-1.0368
271.686,2,-37.1690,1.7241,-1.0364
271.701,2,-37.1581,1.7267,-1.0361
271.716,2,-37.1367,1.7309,-1.0353
271.730,2,-37.1263,1.7327,-1.0352
271.745,2,-37.0944,1.7380,-1.0342
271.761,2,-37.0736,1.7406,-1.0340
271.787,2,-37.0534,1.7416,-1.0342
271.809,2,-37.0329,1.7418,-1.0345
271.839,2,-37.0114,1.7403,-1.0351
271.860,2,-36.9899,1.7385,-1.0355
271.874,2,-36.9684,1.7368,-1.0359
271.897,2,-36.9466,1.7332,-1.0365
271.919,2,-36.9246,1.7287,-1.0371
271.941,2,-36.9028,1.7239,-1.0381
271.964,2,-36.8811,1.7191,-1.0396
271.986,2,-36.8594,1.7154,-1.0412
272.008,2,-36.8378,1.7127,-1.0434
272.030,2,-36.8155,1.7110,-1.0459
272.053,2,-36.7932,1.7100,-1.0484
272.075,2,-36.7713,1.7086,-1.0510
272.097,2,-36.7492,1.7086,-1.0533
272.120,2,-36.7270,1.7132,-1.0559
272.142,2,-36.7060,1.7135,-1.0571
272.165,2,-36.6862,1.7134,-1.0582
272.188,2,-36.6671,1.7146,-1.0585
272.210,2,-36.6478,1.7178,-1.0585
272.233,2,-36.6383,1.7215,-1.0581
272.249,2,-36.6283,1.7241,-1.0578
272.263,2,-36.6186,1.7268,-1.0577
272.276,2,-36.6089,1.7292,-1.0576
272.290,2,-36.5892,1.7330,-1.0575
272.304,2,-36.5694,1.7363,-1.0572
272.317,2,-36.5598,1.7375,-1.0568
272.335,2,-36.5498,1.7378,-1.0563
272.349,2,-36.5404,1.7381,-1.0559
272.363,2,-36.5209,1.7392,-1.0553
272.377,2,-36.5105,1.7388,-1.0552
272.392,2,-36.5002,1.7379,-1.0549
272.406,2,-36.4899,1.7367,-1.0545
272.420,2,-36.4691,1.7355,-1.0539
272.434,2,-36.4581,1.7335,-1.0536
272.451,2,-36.4470,1.7315,-1.0532
272.467,2,-36.4257,1.7289,-1.0525
272.481,2,-36.4147,1.7269,-1.0522
272.494,2,-36.4037,1.7246,-1.0518
272.507,2,-36.3928,1.7219,-1.0513
272.521,2,-36.3820,1.7190,-1.0508
272.536,2,-36.3603,1.7143,-1.0499
272.549,2,-36.3495,1.7122,-1.0494
272.563,2,-36.3280,1.7085,-1.0482
272.576,2,-36.3172,1.7070,-1.0475
272.591,2,-36.3065,1.7055,-1.0468
272.608,2,-36.2850,1.7028,-1.0455
272.626,2,-36.2634,1.7018,-1.0441
272.640,2,-36.2419,1.7024,-1.0429
272.663,2,-36.2206,1.7057,-1.0416
272.685,2,-36.2004,1.7092,-1.0407
272.707,2,-36.1808,1.7129,-1.0401
272.730,2,-36.1622,1.7165,-1.0398
272.752,2,-36.1443,1.7199,-1.0404
272.774,2,-36.1265,1.7249,-1.0411
272.797,2,-36.1085,1.7307,-1.0423
272.819,2,-36.0906,1.7367,-1.0439
272.842,2,-36.0735,1.7409,-1.0457
272.865,2,-36.0566,1.7439,-1.0474
272.886,2,-36.0397,1.7454,-1.0492
272.909,2,-36.0227,1.7456,-1.0513
272.940,2,-36.0052,1.7443,-1.0538
272.961,2,-35.9873,1.7434,-1.0564
272.975,2,-35.9695,1.7427,-1.0590
272.999,2,-35.9510,1.7404,-1.0621
273.021,2,-35.9326,1.7377,-1.0653
273.043,2,-35.9143,1.7343,-1.0689
273.066,2,-35.8962,1.7301,-1.0730
273.098,2,-35.8875,1.7284,-1.0757
273.111,2,-35.8786,1.7272,-1.0779
273.125,2,-35.8696,1.7260,-1.0802
273.139,2,-35.8431,1.7223,-1.0866
273.152,2,-35.8343,1.7210,-1.0891
273.170,2,-35.8261,1.7194,-1.0915
273.184,2,-35.8180,1.7177,-1.0938
273.198,2,-35.8009,1.7146,-1.0985
273.211,2,-35.7921,1.7143,-1.1012
273.225,2,-35.7832,1.7157,-1.1040
273.238,2,-35.7744,1.7164,-1.1067
273.252,2,-35.7655,1.7167,-1.1093
273.266,2,-35.7566,1.7172,-1.1119
273.281,2,-35.7398,1.7177,-1.1168
273.294,2,-35.7317,1.7183,-1.1189
273.309,2,-35.7155,1.7185,-1.1233
273.324,2,-35.7078,1.7190,-1.1250
273.337,2,-35.6999,1.7200,-1.1269
273.352,2,-35.6837,1.7225,-1.1304
273.367,2,-35.6761,1.7247,-1.1314
273.380,2,-35.6683,1.7263,-1.1326
273.397,2,-35.6532,1.7295,-1.1347
273.414,2,-35.6459,1.7315,-1.1342
273.427,2,-35.6386,1.7330,-1.1349
273.441,2,-35.6316,1.7343,-1.1355
273.455,2,-35.6247,1.7354,-1.1363
273.468,2,-35.6026,1.7387,-1.1387
273.483,2,-35.5882,1.7398,-1.1406
273.507,2,-35.5739,1.7410,-1.1410
273.528,2,-35.5596,1.7413,-1.1418
273.551,2,-35.5451,1.7411,-1.1425
273.581,2,-35.5308,1.7398,-1.1429
273.603,2,-35.5167,1.7386,-1.1429
273.617,2,-35.5026,1.7373,-1.1431
273.640,2,-35.4888,1.7349,-1.1432
273.662,2,-35.4750,1.7322,-1.1429
273.685,2,-35.4619,1.7292,-1.1428
273.706,2,-35.4486,1.7271,-1.1420
273.737,2,-35.4365,1.7249,-1.1407
273.759,2,-35.4245,1.7232,-1.1400
273.773,2,-35.4122,1.7222,-1.1392
273.797,2,-35.4005,1.7231,-1.1380
273.818,2,-35.3889,1.7236,-1.1373
273.841,2,-35.3776,1.7257,-1.1364
273.865,2,-35.3670,1.7281,-1.1354
273.895,2,-35.3566,1.7290,-1.1350
273.917,2,-35.3478,1.7302,-1.1349
273.930,2,-35.3378,1.7319,-1.1348
273.954,2,-35.3286,1.7345,-1.1350
273.977,2,-35.3196,1.7371,-1.1354
274.000,2,-35.3108,1.7400,-1.1363
274.022,2,-35.3025,1.7417,-1.1366
274.053,2,-35.2949,1.7424,-1.1377
274.074,2,-35.2872,1.7430,-1.1383
274.096,2,-35.2839,1.7427,-1.1386
274.109,2,-35.2803,1.7427,-1.1389
274.122,2,-35.2769,1.7427,-1.1397
274.135,2,-35.2734,1.7427,-1.1398
274.149,2,-35.2664,1.7429,-1.1406
274.162,2,-35.2634,1.7429,-1.1415
274.176,2,-35.2568,1.7430,-1.1424
274.196,2,-35.2542,1.7427,-1.1430
274.213,2,-35.2483,1.7427,-1.1440
274.227,2,-35.2458,1.7429,-1.1447
274.240,2,-35.2434,1.7433,-1.1454
274.255,2,-35.2381,1.7436,-1.1465
274.267,2,-35.2357,1.7442,-1.1472
274.281,2,-35.2334,1.7450,-1.1485
274.295,2,-35.2287,1.7459,-1.1502
274.309,2,-35.2265,1.7465,-1.1509
274.324,2,-35.2245,1.7473,-1.1515
274.338,2,-35.2226,1.7480,-1.1523
274.351,2,-35.2206,1.7486,-1.1529
274.365,2,-35.2166,1.7495,-1.1545
274.378,2,-35.2149,1.7498,-1.1550
274.392,2,-35.2132,1.7499,-1.1559
274.407,2,-35.2100,1.7503,-1.1573
274.420,2,-35.2084,1.7503,-1.1578
274.434,2,-35.2054,1.7504,-1.1589
274.450,2,-35.2027,1.7505,-1.1598
274.474,2,-35.2006,1.7507,-1.1606
274.496,2,-35.1986,1.7507,-1.1616
274.518,2,-35.1966,1.7506,-1.1624
274.540,2,-35.1946,1.7507,-1.1632
274.562,2,-35.1926,1.7507,-1.1640
274.584,2,-35.1904,1.7506,-1.1647
274.607,2,-35.1881,1.7501,-1.1657
274.629,2,-35.1857,1.7501,-1.1664
274.651,2,-35.1834,1.7496,-1.1686
274.682,2,-35.1814,1.7497,-1.1694
274.704,2,-35.1793,1.7500,-1.1681
274.716,2,-35.1773,1.7502,-1.1677
274.740,2,-35.1753,1.7501,-1.1677
274.762,2,-35.1737,1.7499,-1.1679
274.785,2,-35.1722,1.7498,-1.1681
274.807,2,-35.1709,1.7496,-1.1681
274.831,2,-35.1697,1.7491,-1.1680
274.853,2,-35.1686,1.7488,-1.1678
274.876,2,-35.1676,1.7483,-1.1675
274.898,2,-35.1666,1.7480,-1.1672
274.921,2,-35.1663,1.7478,-1.1670
274.937,2,-35.1659,1.7477,-1.1668
274.951,2,-35.1654,1.7476,-1.1667
274.965,2,-35.1650,1.7476,-1.1666
274.980,2,-35.1641,1.7475,-1.1663
274.995,2,-35.1637,1.7475,-1.1663
275.008,2,-35.1632,1.7477,-1.1664
275.021,2,-35.1628,1.7476,-1.1663

# --- Trial 3 start ---
285.555,3,-39.8295,1.7554,-1.0442
285.669,3,-39.8297,1.7559,-1.0453
285.690,3,-39.8297,1.7560,-1.0457
285.706,3,-39.8297,1.7559,-1.0462
285.724,3,-39.8297,1.7558,-1.0463
285.740,3,-39.8297,1.7556,-1.0465
285.759,3,-39.8296,1.7554,-1.0466
285.774,3,-39.8296,1.7553,-1.0468
285.788,3,-39.8296,1.7552,-1.0469
285.801,3,-39.8297,1.7552,-1.0469
285.817,3,-39.8297,1.7551,-1.0471
285.832,3,-39.8299,1.7549,-1.0471
285.846,3,-39.8301,1.7549,-1.0472
285.864,3,-39.8301,1.7549,-1.0473
285.880,3,-39.8304,1.7549,-1.0475
285.894,3,-39.8305,1.7549,-1.0476
285.910,3,-39.8305,1.7551,-1.0477
285.925,3,-39.8309,1.7553,-1.0477
285.939,3,-39.8311,1.7553,-1.0477
285.953,3,-39.8313,1.7553,-1.0475
285.968,3,-39.8314,1.7554,-1.0475
285.982,3,-39.8315,1.7555,-1.0474
285.997,3,-39.8319,1.7555,-1.0472
286.014,3,-39.8320,1.7554,-1.0470
286.031,3,-39.8322,1.7555,-1.0468
286.045,3,-39.8323,1.7559,-1.0469
286.059,3,-39.8326,1.7562,-1.0465
286.073,3,-39.8326,1.7566,-1.0462
286.088,3,-39.8328,1.7568,-1.0459
286.102,3,-39.8330,1.7574,-1.0453
286.117,3,-39.8331,1.7579,-1.0449
286.131,3,-39.8332,1.7581,-1.0443
286.145,3,-39.8334,1.7582,-1.0435
286.159,3,-39.8335,1.7577,-1.0430
286.177,3,-39.8335,1.7570,-1.0424
286.192,3,-39.8336,1.7564,-1.0420
286.207,3,-39.8337,1.7549,-1.0412
286.222,3,-39.8339,1.7533,-1.0404
286.235,3,-39.8340,1.7521,-1.0402
286.251,3,-39.8340,1.7509,-1.0401
286.266,3,-39.8338,1.7505,-1.0402
286.283,3,-39.8335,1.7504,-1.0401
286.298,3,-39.8333,1.7508,-1.0404
286.311,3,-39.8329,1.7511,-1.0406
286.332,3,-39.8326,1.7516,-1.0409
286.348,3,-39.8322,1.7523,-1.0413
286.362,3,-39.8320,1.7527,-1.0415
286.377,3,-39.8317,1.7534,-1.0420
286.393,3,-39.8315,1.7538,-1.0424
286.408,3,-39.8314,1.7540,-1.0427
286.425,3,-39.8312,1.7543,-1.0432
286.438,3,-39.8310,1.7545,-1.0435
286.453,3,-39.8309,1.7545,-1.0438
286.467,3,-39.8307,1.7544,-1.0441
286.482,3,-39.8304,1.7543,-1.0443
286.496,3,-39.8301,1.7541,-1.0449
286.510,3,-39.8300,1.7537,-1.0452
286.524,3,-39.8296,1.7532,-1.0460
286.539,3,-39.8293,1.7526,-1.0464
286.553,3,-39.8292,1.7520,-1.0469
286.568,3,-39.8288,1.7509,-1.0476
286.581,3,-39.8286,1.7502,-1.0482
286.595,3,-39.8283,1.7494,-1.0488
286.609,3,-39.8280,1.7484,-1.0494
286.623,3,-39.8275,1.7464,-1.0505
286.639,3,-39.8270,1.7452,-1.0512
286.654,3,-39.8266,1.7437,-1.0521
286.670,3,-39.8259,1.7407,-1.0538
286.686,3,-39.8256,1.7382,-1.0549
286.700,3,-39.8253,1.7362,-1.0560
286.715,3,-39.8232,1.7386,-1.0583
286.730,3,-39.8222,1.7433,-1.0596
286.746,3,-39.8203,1.7453,-1.0617
286.761,3,-39.8194,1.7442,-1.0630
286.778,3,-39.8191,1.7435,-1.0643
286.799,3,-39.8188,1.7443,-1.0665
286.815,3,-39.8187,1.7466,-1.0687
286.829,3,-39.8187,1.7485,-1.0696
286.844,3,-39.8186,1.7499,-1.0706
286.860,3,-39.8181,1.7511,-1.0726
286.875,3,-39.8179,1.7515,-1.0735
286.890,3,-39.8178,1.7521,-1.0744
286.906,3,-39.8173,1.7534,-1.0766
286.921,3,-39.8170,1.7536,-1.0778
286.936,3,-39.8164,1.7534,-1.0800
286.950,3,-39.8161,1.7528,-1.0810
286.966,3,-39.8157,1.7520,-1.0820
286.981,3,-39.8147,1.7519,-1.0844
286.996,3,-39.8138,1.7518,-1.0857
287.015,3,-39.8128,1.7512,-1.0866
287.030,3,-39.8112,1.7506,-1.0884
287.045,3,-39.8093,1.7498,-1.0903
287.061,3,-39.8081,1.7494,-1.0913
287.075,3,-39.8068,1.7493,-1.0922
287.091,3,-39.8053,1.7491,-1.0931
287.109,3,-39.8021,1.7485,-1.0948
287.125,3,-39.7988,1.7484,-1.0961
287.140,3,-39.7968,1.7487,-1.0966
287.155,3,-39.7948,1.7488,-1.0970
287.169,3,-39.7908,1.7485,-1.0978
287.184,3,-39.7885,1.7484,-1.0979
287.199,3,-39.7861,1.7482,-1.0982
287.214,3,-39.7813,1.7481,-1.0987
287.230,3,-39.7785,1.7481,-1.0988
287.245,3,-39.7755,1.7479,-1.0988
287.262,3,-39.7697,1.7478,-1.0984
287.277,3,-39.7635,1.7475,-1.0985
287.293,3,-39.7598,1.7472,-1.0982
287.307,3,-39.7561,1.7469,-1.0979
287.321,3,-39.7522,1.7465,-1.0975
287.336,3,-39.7448,1.7459,-1.0969
287.351,3,-39.7406,1.7454,-1.0963
287.365,3,-39.7363,1.7450,-1.0957
287.378,3,-39.7278,1.7440,-1.0949
287.392,3,-39.7232,1.7431,-1.0942
287.406,3,-39.7185,1.7422,-1.0932
287.420,3,-39.7138,1.7413,-1.0924
287.434,3,-39.7041,1.7397,-1.0909
287.448,3,-39.6988,1.7387,-1.0901
287.462,3,-39.6934,1.7379,-1.0891
287.476,3,-39.6879,1.7367,-1.0879
287.491,3,-39.6772,1.7350,-1.0859
287.506,3,-39.6715,1.7341,-1.0845
287.520,3,-39.6660,1.7335,-1.0834
287.536,3,-39.6547,1.7321,-1.0809
287.550,3,-39.6489,1.7314,-1.0796
287.564,3,-39.6430,1.7309,-1.0780
287.579,3,-39.6315,1.7294,-1.0752
287.592,3,-39.6255,1.7285,-1.0738
287.607,3,-39.6195,1.7273,-1.0724
287.621,3,-39.6135,1.7267,-1.0710
287.635,3,-39.6014,1.7256,-1.0682
287.649,3,-39.5953,1.7257,-1.0667
287.664,3,-39.5892,1.7260,-1.0652
287.680,3,-39.5770,1.7268,-1.0625
287.694,3,-39.5709,1.7274,-1.0611
287.713,3,-39.5647,1.7275,-1.0599
287.729,3,-39.5522,1.7273,-1.0573
287.749,3,-39.5397,1.7276,-1.0553
287.764,3,-39.5331,1.7288,-1.0545
287.779,3,-39.5201,1.7311,-1.0528
287.794,3,-39.5130,1.7330,-1.0521
287.809,3,-39.5058,1.7347,-1.0515
287.822,3,-39.4985,1.7367,-1.0509
287.837,3,-39.4913,1.7386,-1.0506
287.852,3,-39.4772,1.7416,-1.0496
287.867,3,-39.4627,1.7440,-1.0489
287.883,3,-39.4553,1.7446,-1.0488
287.899,3,-39.4404,1.7459,-1.0486
287.914,3,-39.4252,1.7468,-1.0486
287.929,3,-39.4097,1.7472,-1.0491
287.945,3,-39.3937,1.7468,-1.0497
287.968,3,-39.3769,1.7452,-1.0509
287.990,3,-39.3595,1.7436,-1.0523
288.012,3,-39.3427,1.7415,-1.0527
288.033,3,-39.3247,1.7384,-1.0550
288.056,3,-39.3063,1.7348,-1.0571
288.079,3,-39.2880,1.7315,-1.0599
288.103,3,-39.2695,1.7288,-1.0631
288.123,3,-39.2513,1.7262,-1.0665
288.145,3,-39.2327,1.7235,-1.0701
288.167,3,-39.2138,1.7215,-1.0740
288.190,3,-39.1951,1.7222,-1.0778
288.219,3,-39.1757,1.7263,-1.0819
288.241,3,-39.1566,1.7280,-1.0857
288.264,3,-39.1378,1.7299,-1.0895
288.278,3,-39.1192,1.7308,-1.0928
288.302,3,-39.1012,1.7311,-1.0958
288.325,3,-39.0826,1.7330,-1.0986
288.348,3,-39.0636,1.7359,-1.1009
288.377,3,-39.0448,1.7393,-1.1023
288.399,3,-39.0261,1.7419,-1.1036
288.413,3,-39.0167,1.7426,-1.1042
288.430,3,-39.0080,1.7431,-1.1038
288.445,3,-38.9985,1.7431,-1.1042
288.458,3,-38.9891,1.7427,-1.1048
288.471,3,-38.9701,1.7426,-1.1058
288.486,3,-38.9604,1.7418,-1.1062
288.500,3,-38.9504,1.7408,-1.1063
288.517,3,-38.9309,1.7392,-1.1066
288.533,3,-38.9209,1.7374,-1.1066
288.547,3,-38.9010,1.7349,-1.1071
288.561,3,-38.8905,1.7329,-1.1073
288.574,3,-38.8800,1.7308,-1.1072
288.588,3,-38.8693,1.7286,-1.1071
288.602,3,-38.8484,1.7248,-1.1069
288.617,3,-38.8376,1.7222,-1.1065
288.631,3,-38.8270,1.7197,-1.1061
288.646,3,-38.8056,1.7153,-1.1054
288.659,3,-38.7948,1.7132,-1.1047
288.673,3,-38.7836,1.7112,-1.1039
288.688,3,-38.7723,1.7096,-1.1030
288.702,3,-38.7610,1.7083,-1.1020
288.718,3,-38.7384,1.7058,-1.1005
288.732,3,-38.7268,1.7052,-1.0994
288.746,3,-38.7039,1.7041,-1.0974
288.760,3,-38.6813,1.7038,-1.0954
288.778,3,-38.6582,1.7060,-1.0932
288.800,3,-38.6349,1.7109,-1.0909
288.823,3,-38.6124,1.7142,-1.0889
288.845,3,-38.5912,1.7162,-1.0874
288.869,3,-38.5708,1.7170,-1.0868
288.889,3,-38.5498,1.7193,-1.0863
288.911,3,-38.5287,1.7242,-1.0863
288.933,3,-38.5076,1.7289,-1.0862
288.955,3,-38.4865,1.7342,-1.0868
288.977,3,-38.4661,1.7387,-1.0876
289.008,3,-38.4457,1.7409,-1.0884
289.030,3,-38.4252,1.7424,-1.0892
289.043,3,-38.4047,1.7438,-1.0899
289.066,3,-38.3834,1.7431,-1.0906
289.090,3,-38.3617,1.7409,-1.0916
289.112,3,-38.3399,1.7380,-1.0927
289.134,3,-38.3177,1.7337,-1.0939
289.165,3,-38.2966,1.7277,-1.0956
289.186,3,-38.2749,1.7225,-1.0973
289.200,3,-38.2528,1.7178,-1.0992
289.224,3,-38.2298,1.7132,-1.1015
289.247,3,-38.2175,1.7119,-1.1032
289.264,3,-38.2058,1.7110,-1.1047
289.278,3,-38.1942,1.7104,-1.1062
289.293,3,-38.1710,1.7087,-1.1087
289.308,3,-38.1596,1.7082,-1.1102
289.323,3,-38.1481,1.7085,-1.1117
289.338,3,-38.1363,1.7105,-1.1133
289.352,3,-38.1129,1.7134,-1.1160
289.366,3,-38.0898,1.7158,-1.1183
289.380,3,-38.0784,1.7172,-1.1190
289.395,3,-38.0670,1.7183,-1.1196
289.409,3,-38.0558,1.7192,-1.1197
289.423,3,-38.0331,1.7205,-1.1204
289.436,3,-38.0218,1.7213,-1.1203
289.450,3,-38.0105,1.7230,-1.1198
289.467,3,-37.9876,1.7262,-1.1194
289.485,3,-37.9761,1.7281,-1.1183
289.499,3,-37.9647,1.7297,-1.1178
289.512,3,-37.9420,1.7326,-1.1168
289.526,3,-37.9306,1.7341,-1.1159
289.540,3,-37.9192,1.7350,-1.1150
289.553,3,-37.9077,1.7357,-1.1142
289.566,3,-37.8847,1.7369,-1.1127
289.579,3,-37.8734,1.7365,-1.1119
289.594,3,-37.8621,1.7358,-1.1111
289.610,3,-37.8390,1.7348,-1.1096
289.630,3,-37.8157,1.7323,-1.1079
289.652,3,-37.7920,1.7286,-1.1060
289.665,3,-37.7683,1.7253,-1.1042
289.689,3,-37.7438,1.7198,-1.1021
289.711,3,-37.7190,1.7138,-1.0997
289.734,3,-37.6944,1.7069,-1.0974
289.756,3,-37.6698,1.7008,-1.0949
289.778,3,-37.6453,1.6969,-1.0922
289.800,3,-37.6204,1.6941,-1.0892
289.823,3,-37.5957,1.6929,-1.0862
289.845,3,-37.5708,1.6925,-1.0833
289.868,3,-37.5459,1.6963,-1.0804
289.890,3,-37.5218,1.7007,-1.0779
289.913,3,-37.4990,1.7038,-1.0760
289.935,3,-37.4774,1.7070,-1.0749
289.966,3,-37.4572,1.7116,-1.0747
289.987,3,-37.4368,1.7173,-1.0737
290.001,3,-37.4151,1.7235,-1.0731
290.024,3,-37.3939,1.7306,-1.0730
290.047,3,-37.3732,1.7362,-1.0733
290.070,3,-37.3529,1.7399,-1.0739
290.093,3,-37.3432,1.7398,-1.0746
290.109,3,-37.3330,1.7400,-1.0749
290.122,3,-37.3229,1.7400,-1.0753
290.136,3,-37.3127,1.7397,-1.0757
290.151,3,-37.2917,1.7396,-1.0764
290.165,3,-37.2810,1.7387,-1.0769
290.179,3,-37.2597,1.7374,-1.0780
290.194,3,-37.2486,1.7361,-1.0787
290.209,3,-37.2372,1.7341,-1.0796
290.223,3,-37.2154,1.7315,-1.0809
290.237,3,-37.2044,1.7291,-1.0819
290.253,3,-37.1935,1.7266,-1.0829
290.268,3,-37.1721,1.7226,-1.0847
290.283,3,-37.1612,1.7203,-1.0859
290.297,3,-37.1503,1.7186,-1.0874
290.311,3,-37.1394,1.7171,-1.0887
290.328,3,-37.1175,1.7147,-1.0915
290.342,3,-37.1063,1.7140,-1.0932
290.357,3,-37.0842,1.7122,-1.0963
290.371,3,-37.0731,1.7120,-1.0981
290.388,3,-37.0620,1.7116,-1.1001
290.403,3,-37.0508,1.7114,-1.1019
290.420,3,-37.0284,1.7125,-1.1055
290.435,3,-37.0062,1.7137,-1.1086
290.448,3,-36.9844,1.7137,-1.1117
290.465,3,-36.9635,1.7131,-1.1144
290.489,3,-36.9444,1.7124,-1.1162
290.509,3,-36.9245,1.7131,-1.1177
290.532,3,-36.9040,1.7165,-1.1188
290.554,3,-36.8832,1.7211,-1.1198
290.576,3,-36.8629,1.7256,-1.1202
290.598,3,-36.8429,1.7301,-1.1206
290.621,3,-36.8233,1.7335,-1.1204
290.642,3,-36.8031,1.7361,-1.1201
290.664,3,-36.7828,1.7373,-1.1195
290.687,3,-36.7619,1.7376,-1.1191
290.709,3,-36.7406,1.7365,-1.1183
290.731,3,-36.7188,1.7350,-1.1176
290.754,3,-36.6965,1.7322,-1.1165
290.776,3,-36.6741,1.7286,-1.1154
290.799,3,-36.6516,1.7245,-1.1143
290.821,3,-36.6289,1.7195,-1.1129
290.844,3,-36.6063,1.7139,-1.1114
290.867,3,-36.5839,1.7103,-1.1100
290.897,3,-36.5612,1.7091,-1.1080
290.919,3,-36.5384,1.7079,-1.1062
290.933,3,-36.5270,1.7077,-1.1052
290.950,3,-36.5159,1.7077,-1.1041
290.965,3,-36.5052,1.7081,-1.1034
290.979,3,-36.4828,1.7092,-1.1017
290.993,3,-36.4718,1.7115,-1.1008
291.007,3,-36.4610,1.7123,-1.1000
291.022,3,-36.4503,1.7131,-1.0992
291.042,3,-36.4294,1.7148,-1.0980
291.057,3,-36.4083,1.7168,-1.0969
291.072,3,-36.3977,1.7189,-1.0966
291.085,3,-36.3873,1.7211,-1.0963
291.100,3,-36.3768,1.7234,-1.0963
291.115,3,-36.3560,1.7272,-1.0960
291.129,3,-36.3459,1.7296,-1.0961
291.143,3,-36.3256,1.7336,-1.0961
291.157,3,-36.3158,1.7360,-1.0966
291.172,3,-36.3062,1.7379,-1.0970
291.191,3,-36.2869,1.7408,-1.0974
291.208,3,-36.2775,1.7415,-1.0978
291.221,3,-36.2678,1.7419,-1.0980
291.235,3,-36.2481,1.7435,-1.0985
291.250,3,-36.2386,1.7433,-1.0988
291.265,3,-36.2286,1.7429,-1.0992
291.281,3,-36.2087,1.7426,-1.0998
291.296,3,-36.1987,1.7417,-1.1003
291.310,3,-36.1790,1.7405,-1.1011
291.325,3,-36.1590,1.7381,-1.1021
291.352,3,-36.1388,1.7342,-1.1032
291.373,3,-36.1189,1.7303,-1.1046
291.388,3,-36.0993,1.7263,-1.1058
291.411,3,-36.0796,1.7218,-1.1075
291.432,3,-36.0598,1.7191,-1.1094
291.455,3,-36.0399,1.7175,-1.1118
291.478,3,-36.0202,1.7158,-1.1143
291.500,3,-36.0006,1.7145,-1.1168
291.522,3,-35.9812,1.7129,-1.1194
291.544,3,-35.9614,1.7155,-1.1223
291.565,3,-35.9418,1.7175,-1.1248
291.588,3,-35.9230,1.7176,-1.1271
291.611,3,-35.9049,1.7184,-1.1291
291.633,3,-35.8870,1.7195,-1.1306
291.663,3,-35.8690,1.7225,-1.1316
291.685,3,-35.8512,1.7258,-1.1324
291.699,3,-35.8335,1.7287,-1.1332
291.722,3,-35.8163,1.7325,-1.1333
291.745,3,-35.7990,1.7356,-1.1333
291.767,3,-35.7822,1.7377,-1.1330
291.791,3,-35.7743,1.7382,-1.1325
291.808,3,-35.7662,1.7387,-1.1323
291.823,3,-35.7580,1.7391,-1.1318
291.839,3,-35.7413,1.7399,-1.1314
291.854,3,-35.7332,1.7399,-1.1309
291.870,3,-35.7166,1.7398,-1.1301
291.885,3,-35.7082,1.7391,-1.1296
291.902,3,-35.6998,1.7383,-1.1290
291.916,3,-35.6829,1.7371,-1.1281
291.931,3,-35.6746,1.7355,-1.1275
291.944,3,-35.6663,1.7338,-1.1269
291.957,3,-35.6583,1.7318,-1.1265
291.973,3,-35.6422,1.7293,-1.1252
291.987,3,-35.6342,1.7279,-1.1244
292.001,3,-35.6262,1.7266,-1.1232
292.015,3,-35.6103,1.7239,-1.1218
292.030,3,-35.6026,1.7224,-1.1209
292.044,3,-35.5951,1.7212,-1.1197
292.057,3,-35.5876,1.7199,-1.1187
292.071,3,-35.5730,1.7179,-1.1168
292.086,3,-35.5586,1.7162,-1.1151
292.101,3,-35.5520,1.7160,-1.1142
292.119,3,-35.5458,1.7156,-1.1137
292.133,3,-35.5320,1.7158,-1.1119
292.148,3,-35.5257,1.7179,-1.1113
292.161,3,-35.5126,1.7190,-1.1098
292.175,3,-35.4999,1.7205,-1.1086
292.199,3,-35.4891,1.7250,-1.1086
292.221,3,-35.4784,1.7295,-1.1084
292.243,3,-35.4689,1.7337,-1.1084
292.266,3,-35.4597,1.7374,-1.1088
292.288,3,-35.4509,1.7407,-1.1087
292.308,3,-35.4426,1.7431,-1.1093
292.331,3,-35.4344,1.7452,-1.1099
292.353,3,-35.4260,1.7470,-1.1105
292.376,3,-35.4178,1.7483,-1.1112
292.401,3,-35.4100,1.7490,-1.1119
292.422,3,-35.4022,1.7490,-1.1126
292.451,3,-35.3948,1.7489,-1.1137
292.473,3,-35.3873,1.7489,-1.1146
292.486,3,-35.3798,1.7490,-1.1158
292.511,3,-35.3727,1.7487,-1.1170
292.533,3,-35.3658,1.7485,-1.1184
292.555,3,-35.3592,1.7482,-1.1199
292.579,3,-35.3527,1.7482,-1.1215
292.601,3,-35.3465,1.7484,-1.1233
292.623,3,-35.3403,1.7483,-1.1253
292.647,3,-35.3378,1.7484,-1.1266
292.662,3,-35.3351,1.7488,-1.1276
292.676,3,-35.3324,1.7494,-1.1286
292.688,3,-35.3297,1.7497,-1.1296
292.701,3,-35.3272,1.7500,-1.1308
292.713,3,-35.3246,1.7502,-1.1322
292.726,3,-35.3221,1.7505,-1.1332
292.740,3,-35.3169,1.7508,-1.1351
292.756,3,-35.3120,1.7509,-1.1369
292.774,3,-35.3102,1.7506,-1.1385
292.787,3,-35.3082,1.7503,-1.1397
292.800,3,-35.3061,1.7500,-1.1408
292.814,3,-35.3041,1.7500,-1.1418
292.827,3,-35.2998,1.7500,-1.1440
292.842,3,-35.2957,1.7499,-1.1465
292.856,3,-35.2939,1.7497,-1.1477
292.869,3,-35.2922,1.7495,-1.1488
292.884,3,-35.2904,1.7494,-1.1496
292.899,3,-35.2868,1.7489,-1.1518
292.917,3,-35.2854,1.7485,-1.1528
292.933,3,-35.2819,1.7480,-1.1548
292.946,3,-35.2802,1.7480,-1.1557
292.959,3,-35.2786,1.7481,-1.1566
292.972,3,-35.2769,1.7483,-1.1573
292.987,3,-35.2737,1.7486,-1.1592
293.001,3,-35.2705,1.7489,-1.1605
293.018,3,-35.2676,1.7493,-1.1618
293.041,3,-35.2654,1.7487,-1.1629
293.064,3,-35.2635,1.7474,-1.1637
293.095,3,-35.2621,1.7467,-1.1641
293.116,3,-35.2606,1.7462,-1.1649
293.129,3,-35.2589,1.7458,-1.1655

# --- Trial 4 start ---
304.068,4,-39.8002,1.7571,-1.0523
304.180,4,-39.8006,1.7564,-1.0530
304.212,4,-39.8010,1.7560,-1.0532
304.225,4,-39.8013,1.7558,-1.0537
304.239,4,-39.8013,1.7559,-1.0540
304.253,4,-39.8014,1.7558,-1.0543
304.267,4,-39.8014,1.7558,-1.0545
304.281,4,-39.8015,1.7558,-1.0547
304.303,4,-39.8016,1.7561,-1.0550
304.326,4,-39.8017,1.7562,-1.0553
304.348,4,-39.8017,1.7566,-1.0553
304.379,4,-39.8017,1.7564,-1.0557
304.400,4,-39.8018,1.7565,-1.0560
304.414,4,-39.8019,1.7567,-1.0564
304.436,4,-39.8018,1.7567,-1.0567
304.458,4,-39.8019,1.7567,-1.0571
304.481,4,-39.8019,1.7567,-1.0575
304.504,4,-39.8017,1.7568,-1.0581
304.534,4,-39.8015,1.7569,-1.0584
304.558,4,-39.8016,1.7569,-1.0589
304.571,4,-39.8015,1.7569,-1.0592
304.592,4,-39.8014,1.7573,-1.0592
304.616,4,-39.8011,1.7578,-1.0590
304.638,4,-39.8011,1.7584,-1.0587
304.660,4,-39.8008,1.7593,-1.0581
304.692,4,-39.8004,1.7604,-1.0570
304.714,4,-39.8001,1.7609,-1.0560
304.726,4,-39.7998,1.7614,-1.0551
304.750,4,-39.7997,1.7610,-1.0541
304.766,4,-39.7997,1.7607,-1.0532
304.780,4,-39.7996,1.7603,-1.0523
304.794,4,-39.7994,1.7600,-1.0513
304.808,4,-39.7994,1.7598,-1.0503
304.822,4,-39.7990,1.7595,-1.0487
304.835,4,-39.7988,1.7593,-1.0478
304.850,4,-39.7984,1.7591,-1.0461
304.865,4,-39.7982,1.7592,-1.0454
304.878,4,-39.7979,1.7593,-1.0445
304.895,4,-39.7974,1.7585,-1.0430
304.909,4,-39.7973,1.7574,-1.0423
304.923,4,-39.7972,1.7563,-1.0418
304.937,4,-39.7971,1.7555,-1.0413
304.951,4,-39.7971,1.7553,-1.0409
304.965,4,-39.7969,1.7556,-1.0400
304.980,4,-39.7967,1.7562,-1.0394
305.000,4,-39.7965,1.7568,-1.0394
305.015,4,-39.7962,1.7574,-1.0389
305.031,4,-39.7962,1.7578,-1.0388
305.045,4,-39.7963,1.7582,-1.0387
305.059,4,-39.7962,1.7585,-1.0383
305.073,4,-39.7963,1.7585,-1.0383
305.087,4,-39.7963,1.7583,-1.0382
305.102,4,-39.7962,1.7584,-1.0384
305.116,4,-39.7960,1.7586,-1.0385
305.130,4,-39.7956,1.7590,-1.0387
305.146,4,-39.7951,1.7589,-1.0392
305.178,4,-39.7945,1.7582,-1.0399
305.199,4,-39.7939,1.7577,-1.0407
305.222,4,-39.7932,1.7573,-1.0416
305.235,4,-39.7925,1.7570,-1.0425
305.259,4,-39.7914,1.7564,-1.0436
305.282,4,-39.7903,1.7553,-1.0445
305.304,4,-39.7893,1.7541,-1.0458
305.334,4,-39.7881,1.7528,-1.0474
305.356,4,-39.7866,1.7514,-1.0492
305.369,4,-39.7852,1.7504,-1.0510
305.393,4,-39.7839,1.7494,-1.0532
305.415,4,-39.7829,1.7477,-1.0558
305.439,4,-39.7824,1.7446,-1.0584
305.460,4,-39.7798,1.7520,-1.0620
305.483,4,-39.7772,1.7628,-1.0651
305.505,4,-39.7755,1.7619,-1.0679
305.528,4,-39.7752,1.7575,-1.0705
305.552,4,-39.7752,1.7566,-1.0731
305.573,4,-39.7742,1.7589,-1.0753
305.596,4,-39.7731,1.7589,-1.0761
305.613,4,-39.7720,1.7579,-1.0771
305.629,4,-39.7712,1.7579,-1.0781
305.643,4,-39.7699,1.7584,-1.0804
305.657,4,-39.7694,1.7587,-1.0814
305.671,4,-39.7686,1.7585,-1.0823
305.685,4,-39.7674,1.7579,-1.0840
305.699,4,-39.7667,1.7573,-1.0847
305.714,4,-39.7660,1.7572,-1.0852
305.728,4,-39.7646,1.7574,-1.0868
305.744,4,-39.7640,1.7580,-1.0872
305.759,4,-39.7631,1.7580,-1.0877
305.773,4,-39.7615,1.7579,-1.0889
305.791,4,-39.7610,1.7577,-1.0894
305.808,4,-39.7597,1.7578,-1.0905
305.821,4,-39.7592,1.7581,-1.0912
305.835,4,-39.7585,1.7585,-1.0919
305.848,4,-39.7572,1.7591,-1.0933
305.862,4,-39.7564,1.7594,-1.0942
305.875,4,-39.7556,1.7597,-1.0951
305.889,4,-39.7547,1.7598,-1.0958
305.903,4,-39.7531,1.7599,-1.0977
305.917,4,-39.7522,1.7598,-1.0989
305.930,4,-39.7514,1.7596,-1.1001
305.947,4,-39.7504,1.7595,-1.1015
305.960,4,-39.7482,1.7591,-1.1039
305.974,4,-39.7461,1.7587,-1.1065
305.990,4,-39.7437,1.7581,-1.1095
306.015,4,-39.7413,1.7570,-1.1125
306.037,4,-39.7387,1.7556,-1.1150
306.059,4,-39.7359,1.7536,-1.1178
306.081,4,-39.7333,1.7515,-1.1206
306.103,4,-39.7305,1.7502,-1.1229
306.126,4,-39.7273,1.7495,-1.1245
306.148,4,-39.7237,1.7497,-1.1257
306.170,4,-39.7204,1.7500,-1.1261
306.192,4,-39.7168,1.7506,-1.1267
306.215,4,-39.7128,1.7510,-1.1269
306.237,4,-39.7086,1.7510,-1.1267
306.267,4,-39.7039,1.7509,-1.1259
306.289,4,-39.6990,1.7508,-1.1255
306.302,4,-39.6940,1.7506,-1.1250
306.326,4,-39.6878,1.7500,-1.1240
306.348,4,-39.6816,1.7498,-1.1233
306.371,4,-39.6747,1.7493,-1.1224
306.394,4,-39.6673,1.7485,-1.1213
306.417,4,-39.6597,1.7476,-1.1199
306.439,4,-39.6553,1.7471,-1.1191
306.454,4,-39.6512,1.7464,-1.1182
306.469,4,-39.6471,1.7457,-1.1171
306.484,4,-39.6388,1.7446,-1.1151
306.499,4,-39.6341,1.7439,-1.1141
306.514,4,-39.6295,1.7433,-1.1129
306.529,4,-39.6204,1.7421,-1.1109
306.544,4,-39.6153,1.7414,-1.1095
306.558,4,-39.6102,1.7407,-1.1081
306.577,4,-39.6000,1.7395,-1.1055
306.596,4,-39.5896,1.7384,-1.1028
306.611,4,-39.5840,1.7378,-1.1012
306.625,4,-39.5782,1.7373,-1.0995
306.639,4,-39.5669,1.7362,-1.0961
306.654,4,-39.5608,1.7359,-1.0943
306.670,4,-39.5546,1.7359,-1.0925
306.685,4,-39.5429,1.7356,-1.0891
306.699,4,-39.5367,1.7355,-1.0870
306.714,4,-39.5304,1.7354,-1.0849
306.729,4,-39.5181,1.7349,-1.0809
306.742,4,-39.5119,1.7347,-1.0788
306.758,4,-39.4997,1.7345,-1.0747
306.771,4,-39.4935,1.7352,-1.0727
306.793,4,-39.4873,1.7365,-1.0704
306.809,4,-39.4686,1.7381,-1.0641
306.824,4,-39.4557,1.7397,-1.0599
306.848,4,-39.4428,1.7415,-1.0559
306.870,4,-39.4306,1.7416,-1.0517
306.892,4,-39.4181,1.7411,-1.0480
306.914,4,-39.4052,1.7416,-1.0448
306.936,4,-39.3923,1.7431,-1.0420
306.958,4,-39.3794,1.7447,-1.0396
306.981,4,-39.3663,1.7466,-1.0378
307.003,4,-39.3532,1.7485,-1.0362
307.026,4,-39.3401,1.7497,-1.0351
307.056,4,-39.3265,1.7499,-1.0343
307.078,4,-39.3128,1.7500,-1.0332
307.091,4,-39.2991,1.7499,-1.0322
307.114,4,-39.2848,1.7490,-1.0317
307.138,4,-39.2699,1.7476,-1.0316
307.159,4,-39.2549,1.7460,-1.0316
307.182,4,-39.2395,1.7441,-1.0322
307.204,4,-39.2240,1.7419,-1.0329
307.227,4,-39.2081,1.7392,-1.0340
307.249,4,-39.1919,1.7362,-1.0353
307.271,4,-39.1755,1.7331,-1.0369
307.294,4,-39.1669,1.7314,-1.0385
307.310,4,-39.1582,1.7300,-1.0399
307.324,4,-39.1496,1.7287,-1.0412
307.338,4,-39.1326,1.7263,-1.0433
307.357,4,-39.1234,1.7253,-1.0451
307.375,4,-39.1059,1.7235,-1.0481
307.392,4,-39.0882,1.7217,-1.0514
307.406,4,-39.0791,1.7213,-1.0534
307.422,4,-39.0697,1.7219,-1.0554
307.437,4,-39.0599,1.7234,-1.0574
307.452,4,-39.0412,1.7250,-1.0610
307.466,4,-39.0314,1.7268,-1.0630
307.480,4,-39.0126,1.7292,-1.0665
307.494,4,-39.0033,1.7307,-1.0680
307.513,4,-38.9945,1.7312,-1.0690
307.530,4,-38.9769,1.7318,-1.0716
307.545,4,-38.9686,1.7322,-1.0725
307.559,4,-38.9509,1.7337,-1.0747
307.573,4,-38.9420,1.7348,-1.0755
307.586,4,-38.9329,1.7358,-1.0762
307.600,4,-38.9236,1.7370,-1.0768
307.615,4,-38.9052,1.7392,-1.0781
307.629,4,-38.8959,1.7405,-1.0785
307.641,4,-38.8868,1.7414,-1.0789
307.661,4,-38.8782,1.7420,-1.0787
307.680,4,-38.8599,1.7427,-1.0794
307.698,4,-38.8417,1.7429,-1.0799
307.713,4,-38.8233,1.7429,-1.0804
307.727,4,-38.8052,1.7424,-1.0809
307.747,4,-38.7872,1.7411,-1.0808
307.770,4,-38.7681,1.7388,-1.0809
307.791,4,-38.7487,1.7365,-1.0810
307.814,4,-38.7290,1.7338,-1.0810
307.835,4,-38.7090,1.7308,-1.0810
307.858,4,-38.6886,1.7269,-1.0807
307.880,4,-38.6683,1.7220,-1.0804
307.901,4,-38.6482,1.7177,-1.0798
307.924,4,-38.6276,1.7146,-1.0788
307.946,4,-38.6068,1.7125,-1.0779
307.968,4,-38.5859,1.7112,-1.0770
307.990,4,-38.5651,1.7110,-1.0760
308.012,4,-38.5442,1.7133,-1.0751
308.034,4,-38.5235,1.7176,-1.0740
308.057,4,-38.5036,1.7207,-1.0731
308.079,4,-38.4842,1.7234,-1.0725
308.102,4,-38.4650,1.7261,-1.0724
308.125,4,-38.4555,1.7277,-1.0728
308.140,4,-38.4456,1.7289,-1.0733
308.154,4,-38.4360,1.7303,-1.0738
308.167,4,-38.4266,1.7317,-1.0745
308.181,4,-38.4075,1.7344,-1.0754
308.194,4,-38.3978,1.7359,-1.0761
308.209,4,-38.3887,1.7375,-1.0769
308.224,4,-38.3795,1.7387,-1.0777
308.238,4,-38.3604,1.7409,-1.0792
308.252,4,-38.3511,1.7415,-1.0800
308.266,4,-38.3418,1.7419,-1.0811
308.280,4,-38.3325,1.7421,-1.0821
308.299,4,-38.3137,1.7423,-1.0839
308.315,4,-38.3043,1.7420,-1.0849
308.329,4,-38.2851,1.7418,-1.0870
308.343,4,-38.2753,1.7411,-1.0883
308.358,4,-38.2656,1.7402,-1.0895
308.373,4,-38.2458,1.7389,-1.0917
308.387,4,-38.2359,1.7378,-1.0930
308.402,4,-38.2160,1.7359,-1.0955
308.416,4,-38.2057,1.7343,-1.0969
308.431,4,-38.1953,1.7325,-1.0984
308.451,4,-38.1745,1.7293,-1.1012
308.467,4,-38.1539,1.7263,-1.1042
308.488,4,-38.1332,1.7235,-1.1074
308.501,4,-38.1127,1.7210,-1.1107
308.525,4,-38.0919,1.7187,-1.1142
308.544,4,-38.0711,1.7162,-1.1177
308.568,4,-38.0510,1.7150,-1.1214
308.590,4,-38.0306,1.7179,-1.1253
308.622,4,-38.0106,1.7216,-1.1291
308.643,4,-37.9908,1.7242,-1.1321
308.657,4,-37.9713,1.7261,-1.1348
308.680,4,-37.9523,1.7288,-1.1363
308.702,4,-37.9328,1.7323,-1.1374
308.725,4,-37.9136,1.7361,-1.1379
308.748,4,-37.8949,1.7399,-1.1380
308.769,4,-37.8763,1.7427,-1.1380
308.792,4,-37.8580,1.7441,-1.1374
308.815,4,-37.8399,1.7445,-1.1366
308.836,4,-37.8214,1.7442,-1.1360
308.859,4,-37.8024,1.7430,-1.1351
308.881,4,-37.7831,1.7413,-1.1341
308.904,4,-37.7634,1.7391,-1.1331
308.935,4,-37.7437,1.7354,-1.1316
308.957,4,-37.7237,1.7321,-1.1300
308.970,4,-37.7139,1.7303,-1.1292
308.987,4,-37.7037,1.7282,-1.1283
309.001,4,-37.6936,1.7260,-1.1275
309.015,4,-37.6733,1.7219,-1.1257
309.028,4,-37.6630,1.7198,-1.1247
309.042,4,-37.6529,1.7180,-1.1235
309.056,4,-37.6427,1.7168,-1.1224
309.074,4,-37.6220,1.7149,-1.1200
309.089,4,-37.6013,1.7134,-1.1175
309.102,4,-37.5912,1.7128,-1.1161
309.117,4,-37.5813,1.7125,-1.1147
309.131,4,-37.5722,1.7123,-1.1135
309.143,4,-37.5622,1.7132,-1.1121
309.156,4,-37.5420,1.7145,-1.1094
309.169,4,-37.5323,1.7159,-1.1080
309.183,4,-37.5224,1.7169,-1.1065
309.196,4,-37.5131,1.7178,-1.1051
309.210,4,-37.5035,1.7186,-1.1040
309.226,4,-37.4845,1.7199,-1.1018
309.243,4,-37.4751,1.7212,-1.1010
309.256,4,-37.4657,1.7230,-1.1004
309.270,4,-37.4467,1.7259,-1.0989
309.283,4,-37.4374,1.7279,-1.0985
309.297,4,-37.4281,1.7305,-1.0983
309.312,4,-37.4187,1.7327,-1.0982
309.326,4,-37.4004,1.7367,-1.0977
309.339,4,-37.3821,1.7405,-1.0972
309.355,4,-37.3644,1.7440,-1.0970
309.379,4,-37.3467,1.7461,-1.0970
309.402,4,-37.3293,1.7469,-1.0969
309.424,4,-37.3113,1.7471,-1.0970
309.446,4,-37.2931,1.7464,-1.0975
309.467,4,-37.2746,1.7453,-1.0982
309.490,4,-37.2559,1.7430,-1.0996
309.512,4,-37.2370,1.7401,-1.1011
309.534,4,-37.2178,1.7365,-1.1030
309.556,4,-37.1986,1.7326,-1.1046
309.578,4,-37.1789,1.7285,-1.1065
309.600,4,-37.1589,1.7248,-1.1085
309.623,4,-37.1388,1.7221,-1.1109
309.647,4,-37.1185,1.7202,-1.1136
309.667,4,-37.0982,1.7189,-1.1166
309.690,4,-37.0780,1.7175,-1.1198
309.721,4,-37.0586,1.7178,-1.1232
309.743,4,-37.0386,1.7213,-1.1267
309.756,4,-37.0189,1.7234,-1.1299
309.781,4,-36.9992,1.7259,-1.1331
309.803,4,-36.9803,1.7268,-1.1357
309.826,4,-36.9712,1.7265,-1.1362
309.843,4,-36.9621,1.7274,-1.1367
309.856,4,-36.9527,1.7289,-1.1373
309.870,4,-36.9433,1.7304,-1.1377
309.883,4,-36.9340,1.7321,-1.1381
309.897,4,-36.9151,1.7347,-1.1392
309.910,4,-36.9057,1.7358,-1.1399
309.923,4,-36.8965,1.7380,-1.1393
309.935,4,-36.8873,1.7394,-1.1393
309.949,4,-36.8687,1.7417,-1.1395
309.962,4,-36.8592,1.7424,-1.1392
309.976,4,-36.8497,1.7430,-1.1390
309.988,4,-36.8400,1.7434,-1.1388
310.001,4,-36.8210,1.7444,-1.1386
310.014,4,-36.8113,1.7438,-1.1382
310.028,4,-36.8015,1.7428,-1.1378
310.043,4,-36.7919,1.7420,-1.1373
310.056,4,-36.7724,1.7406,-1.1366
310.068,4,-36.7628,1.7390,-1.1348
310.083,4,-36.7529,1.7373,-1.1343
310.097,4,-36.7428,1.7355,-1.1337
310.109,4,-36.7327,1.7338,-1.1331
310.123,4,-36.7126,1.7308,-1.1319
310.135,4,-36.7024,1.7287,-1.1311
310.150,4,-36.6921,1.7263,-1.1303
310.163,4,-36.6717,1.7219,-1.1288
310.176,4,-36.6512,1.7178,-1.1271
310.202,4,-36.6310,1.7147,-1.1247
310.222,4,-36.6105,1.7127,-1.1225
310.245,4,-36.5898,1.7118,-1.1199
310.267,4,-36.5694,1.7111,-1.1172
310.289,4,-36.5494,1.7117,-1.1147
310.313,4,-36.5295,1.7157,-1.1123
310.335,4,-36.5102,1.7179,-1.1100
310.366,4,-36.4920,1.7208,-1.1085
310.388,4,-36.4735,1.7228,-1.1071
310.402,4,-36.4548,1.7245,-1.1058
310.426,4,-36.4362,1.7272,-1.1052
310.449,4,-36.4171,1.7308,-1.1049
310.471,4,-36.3984,1.7344,-1.1049
310.493,4,-36.3797,1.7383,-1.1052
310.515,4,-36.3612,1.7417,-1.1058
310.537,4,-36.3429,1.7438,-1.1064
310.559,4,-36.3245,1.7443,-1.1072
310.582,4,-36.3059,1.7440,-1.1077
310.605,4,-36.2868,1.7433,-1.1085
310.630,4,-36.2672,1.7417,-1.1097
310.650,4,-36.2574,1.7399,-1.1105
310.670,4,-36.2476,1.7385,-1.1112
310.684,4,-36.2282,1.7364,-1.1125
310.698,4,-36.2089,1.7337,-1.1139
310.711,4,-36.1995,1.7315,-1.1148
310.727,4,-36.1898,1.7293,-1.1159
310.742,4,-36.1806,1.7277,-1.1169
310.755,4,-36.1615,1.7252,-1.1189
310.768,4,-36.1516,1.7240,-1.1201
310.782,4,-36.1417,1.7229,-1.1214
310.798,4,-36.1319,1.7217,-1.1229
310.814,4,-36.1123,1.7194,-1.1256
310.834,4,-36.1027,1.7182,-1.1271
310.851,4,-36.0834,1.7167,-1.1299
310.866,4,-36.0736,1.7174,-1.1314
310.879,4,-36.0639,1.7185,-1.1329
310.894,4,-36.0447,1.7188,-1.1358
310.910,4,-36.0349,1.7195,-1.1374
310.923,4,-36.0252,1.7203,-1.1389
310.939,4,-36.0064,1.7208,-1.1415
310.954,4,-35.9976,1.7203,-1.1424
310.968,4,-35.9792,1.7196,-1.1444
310.987,4,-35.9704,1.7200,-1.1450
311.002,4,-35.9519,1.7219,-1.1468
311.016,4,-35.9427,1.7236,-1.1473
311.032,4,-35.9339,1.7252,-1.1476
311.046,4,-35.9162,1.7274,-1.1488
311.061,4,-35.8983,1.7302,-1.1494
311.076,4,-35.8805,1.7329,-1.1497
311.099,4,-35.8633,1.7353,-1.1494
311.123,4,-35.8470,1.7370,-1.1490
311.144,4,-35.8304,1.7378,-1.1485
311.166,4,-35.8132,1.7382,-1.1478
311.188,4,-35.7959,1.7379,-1.1472
311.211,4,-35.7784,1.7371,-1.1465
311.233,4,-35.7610,1.7356,-1.1456
311.253,4,-35.7433,1.7337,-1.1447
311.274,4,-35.7252,1.7302,-1.1437
311.298,4,-35.7070,1.7252,-1.1423
311.319,4,-35.6887,1.7202,-1.1412
311.342,4,-35.6708,1.7149,-1.1399
311.365,4,-35.6532,1.7102,-1.1383
311.387,4,-35.6356,1.7058,-1.1367
311.411,4,-35.6185,1.7013,-1.1347
311.433,4,-35.6017,1.6974,-1.1327
311.464,4,-35.5852,1.6969,-1.1308
311.486,4,-35.5690,1.6979,-1.1288
311.499,4,-35.5527,1.6984,-1.1270
311.524,4,-35.5453,1.7024,-1.1266
311.540,4,-35.5379,1.7040,-1.1262
311.553,4,-35.5309,1.7052,-1.1257
311.566,4,-35.5240,1.7064,-1.1254
311.578,4,-35.5172,1.7079,-1.1253
311.592,4,-35.5030,1.7114,-1.1246
311.610,4,-35.4965,1.7142,-1.1248
311.625,4,-35.4830,1.7182,-1.1246
311.638,4,-35.4768,1.7208,-1.1250
311.651,4,-35.4709,1.7235,-1.1255
311.666,4,-35.4651,1.7260,-1.1260
311.678,4,-35.4591,1.7281,-1.1263
311.692,4,-35.4468,1.7321,-1.1269
311.705,4,-35.4411,1.7339,-1.1276
311.719,4,-35.4354,1.7354,-1.1281
311.733,4,-35.4300,1.7367,-1.1290
311.746,4,-35.4244,1.7378,-1.1295
311.760,4,-35.4190,1.7390,-1.1302
311.773,4,-35.4078,1.7415,-1.1312
311.787,4,-35.4025,1.7423,-1.1319
311.800,4,-35.3972,1.7431,-1.1324
311.814,4,-35.3866,1.7447,-1.1335
311.827,4,-35.3817,1.7451,-1.1341
311.841,4,-35.3769,1.7450,-1.1350
311.855,4,-35.3726,1.7445,-1.1358
311.868,4,-35.3633,1.7448,-1.1371
311.882,4,-35.3542,1.7452,-1.1382
311.901,4,-35.3464,1.7455,-1.1398
311.922,4,-35.3388,1.7451,-1.1412
311.945,4,-35.3317,1.7434,-1.1428
311.967,4,-35.3250,1.7430,-1.1445
311.989,4,-35.3182,1.7451,-1.1461
312.012,4,-35.3118,1.7469,-1.1473
312.033,4,-35.3058,1.7475,-1.1489
312.056,4,-35.3000,1.7492,-1.1499
312.087,4,-35.2946,1.7508,-1.1502
312.108,4,-35.2890,1.7522,-1.1510
312.121,4,-35.2834,1.7536,-1.1521
312.144,4,-35.2787,1.7547,-1.1522
312.167,4,-35.2745,1.7542,-1.1527
312.189,4,-35.2701,1.7536,-1.1528
312.212,4,-35.2661,1.7530,-1.1527
312.242,4,-35.2625,1.7528,-1.1525
312.264,4,-35.2587,1.7528,-1.1520
312.276,4,-35.2549,1.7527,-1.1516
312.301,4,-35.2518,1.7524,-1.1513
312.324,4,-35.2486,1.7525,-1.1506
312.347,4,-35.2473,1.7528,-1.1503
312.363,4,-35.2460,1.7527,-1.1503
312.376,4,-35.2446,1.7523,-1.1499
312.389,4,-35.2433,1.7518,-1.1496
312.403,4,-35.2406,1.7509,-1.1492
312.416,4,-35.2395,1.7503,-1.1490
312.431,4,-35.2385,1.7496,-1.1487
312.444,4,-35.2374,1.7491,-1.1484
312.458,4,-35.2351,1.7481,-1.1482
312.471,4,-35.2342,1.7478,-1.1478
312.485,4,-35.2331,1.7477,-1.1472
312.498,4,-35.2322,1.7477,-1.1468
312.511,4,-35.2312,1.7481,-1.1462
312.524,4,-35.2303,1.7484,-1.1458
312.538,4,-35.2284,1.7487,-1.1450
312.551,4,-35.2275,1.7492,-1.1446
312.565,4,-35.2267,1.7495,-1.1443
312.579,4,-35.2249,1.7500,-1.1435
312.592,4,-35.2242,1.7500,-1.1434
312.604,4,-35.2235,1.7501,-1.1432
312.620,4,-35.2229,1.7498,-1.1432
312.633,4,-35.2217,1.7494,-1.1429
312.649,4,-35.2212,1.7492,-1.1436
312.664,4,-35.2205,1.7490,-1.1438
312.678,4,-35.2187,1.7486,-1.1438
312.698,4,-35.2178,1.7482,-1.1438
312.723,4,-35.2171,1.7480,-1.1437
312.745,4,-35.2167,1.7479,-1.1441
312.766,4,-35.2164,1.7479,-1.1446
312.788,4,-35.2160,1.7482,-1.1451
312.811,4,-35.2155,1.7486,-1.1456
312.832,4,-35.2155,1.7487,-1.1467

# --- Trial 5 start ---
323.348,5,-39.8070,1.7463,-1.0406
323.461,5,-39.8057,1.7461,-1.0406
323.491,5,-39.8052,1.7459,-1.0408
323.508,5,-39.8045,1.7456,-1.0411
323.522,5,-39.8043,1.7456,-1.0412
323.536,5,-39.8041,1.7455,-1.0414
323.551,5,-39.8040,1.7453,-1.0414
323.566,5,-39.8034,1.7451,-1.0419
323.581,5,-39.8029,1.7451,-1.0421
323.605,5,-39.8025,1.7451,-1.0423
323.627,5,-39.8022,1.7451,-1.0424
323.656,5,-39.8017,1.7451,-1.0426
323.678,5,-39.8012,1.7454,-1.0427
323.692,5,-39.8008,1.7456,-1.0428
323.715,5,-39.8001,1.7460,-1.0427
323.737,5,-39.7994,1.7464,-1.0425
323.759,5,-39.7988,1.7469,-1.0423
323.782,5,-39.7978,1.7473,-1.0421
323.803,5,-39.7966,1.7476,-1.0417
323.827,5,-39.7954,1.7480,-1.0410
323.848,5,-39.7941,1.7484,-1.0404
323.871,5,-39.7926,1.7489,-1.0397
323.893,5,-39.7911,1.7492,-1.0390
323.916,5,-39.7895,1.7491,-1.0382
323.939,5,-39.7879,1.7487,-1.0372
323.970,5,-39.7857,1.7472,-1.0366
323.992,5,-39.7839,1.7467,-1.0365
324.015,5,-39.7824,1.7472,-1.0366
324.038,5,-39.7813,1.7471,-1.0368
324.062,5,-39.7804,1.7472,-1.0372
324.076,5,-39.7791,1.7478,-1.0373
324.099,5,-39.7782,1.7483,-1.0379
324.129,5,-39.7775,1.7486,-1.0388
324.150,5,-39.7764,1.7484,-1.0398
324.164,5,-39.7753,1.7483,-1.0409
324.188,5,-39.7738,1.7480,-1.0422
324.210,5,-39.7724,1.7476,-1.0436
324.232,5,-39.7710,1.7466,-1.0450
324.254,5,-39.7698,1.7448,-1.0468
324.284,5,-39.7687,1.7427,-1.0491
324.305,5,-39.7679,1.7411,-1.0505
324.319,5,-39.7672,1.7399,-1.0517
324.337,5,-39.7665,1.7384,-1.0531
324.352,5,-39.7660,1.7363,-1.0545
324.367,5,-39.7649,1.7324,-1.0572
324.382,5,-39.7637,1.7317,-1.0589
324.396,5,-39.7620,1.7353,-1.0607
324.412,5,-39.7596,1.7380,-1.0638
324.432,5,-39.7574,1.7356,-1.0670
324.448,5,-39.7569,1.7341,-1.0687
324.464,5,-39.7556,1.7347,-1.0715
324.479,5,-39.7551,1.7366,-1.0727
324.496,5,-39.7539,1.7393,-1.0752
324.511,5,-39.7533,1.7407,-1.0766
324.528,5,-39.7525,1.7413,-1.0778
324.543,5,-39.7510,1.7421,-1.0803
324.557,5,-39.7501,1.7428,-1.0815
324.572,5,-39.7482,1.7443,-1.0839
324.587,5,-39.7470,1.7449,-1.0851
324.603,5,-39.7457,1.7446,-1.0862
324.620,5,-39.7433,1.7443,-1.0883
324.635,5,-39.7418,1.7436,-1.0891
324.651,5,-39.7389,1.7434,-1.0910
324.666,5,-39.7373,1.7432,-1.0919
324.681,5,-39.7355,1.7430,-1.0926
324.698,5,-39.7319,1.7425,-1.0937
324.714,5,-39.7282,1.7421,-1.0948
324.730,5,-39.7259,1.7422,-1.0952
324.749,5,-39.7237,1.7422,-1.0956
324.768,5,-39.7195,1.7420,-1.0961
324.787,5,-39.7145,1.7417,-1.0965
324.802,5,-39.7118,1.7416,-1.0967
324.818,5,-39.7064,1.7415,-1.0971
324.833,5,-39.7034,1.7414,-1.0971
324.848,5,-39.7002,1.7412,-1.0970
324.864,5,-39.6966,1.7409,-1.0968
324.880,5,-39.6899,1.7405,-1.0968
324.895,5,-39.6827,1.7401,-1.0966
324.912,5,-39.6786,1.7399,-1.0965
324.926,5,-39.6744,1.7394,-1.0961
324.942,5,-39.6662,1.7387,-1.0955
324.959,5,-39.6575,1.7381,-1.0949
324.975,5,-39.6525,1.7379,-1.0944
324.990,5,-39.6476,1.7378,-1.0940
325.006,5,-39.6426,1.7375,-1.0932
325.022,5,-39.6374,1.7371,-1.0927
325.040,5,-39.6274,1.7364,-1.0915
325.057,5,-39.6173,1.7356,-1.0902
325.072,5,-39.6069,1.7346,-1.0889
325.088,5,-39.5963,1.7332,-1.0869
325.102,5,-39.5857,1.7317,-1.0851
325.118,5,-39.5750,1.7297,-1.0830
325.138,5,-39.5641,1.7275,-1.0809
325.160,5,-39.5531,1.7252,-1.0783
325.182,5,-39.5417,1.7242,-1.0758
325.206,5,-39.5297,1.7252,-1.0733
325.235,5,-39.5170,1.7267,-1.0702
325.256,5,-39.5052,1.7280,-1.0673
325.270,5,-39.4936,1.7297,-1.0645
325.293,5,-39.4815,1.7328,-1.0618
325.316,5,-39.4692,1.7355,-1.0591
325.338,5,-39.4565,1.7363,-1.0563
325.360,5,-39.4438,1.7369,-1.0543
325.382,5,-39.4310,1.7381,-1.0525
325.405,5,-39.4182,1.7394,-1.0505
325.428,5,-39.4047,1.7412,-1.0493
325.450,5,-39.3910,1.7424,-1.0483
325.472,5,-39.3770,1.7427,-1.0473
325.495,5,-39.3627,1.7421,-1.0466
325.518,5,-39.3479,1.7409,-1.0462
325.541,5,-39.3327,1.7386,-1.0462
325.564,5,-39.3245,1.7362,-1.0466
325.580,5,-39.3160,1.7341,-1.0469
325.596,5,-39.3075,1.7324,-1.0473
325.611,5,-39.2908,1.7295,-1.0479
325.626,5,-39.2818,1.7273,-1.0486
325.641,5,-39.2725,1.7252,-1.0493
325.658,5,-39.2546,1.7214,-1.0506
325.674,5,-39.2360,1.7176,-1.0522
325.691,5,-39.2257,1.7154,-1.0536
325.708,5,-39.2064,1.7114,-1.0559
325.723,5,-39.1960,1.7096,-1.0574
325.739,5,-39.1757,1.7063,-1.0603
325.753,5,-39.1650,1.7051,-1.0620
325.768,5,-39.1543,1.7045,-1.0639
325.783,5,-39.1335,1.7026,-1.0674
325.798,5,-39.1226,1.7026,-1.0694
325.814,5,-39.1119,1.7029,-1.0715
325.829,5,-39.0906,1.7028,-1.0752
325.845,5,-39.0797,1.7040,-1.0774
325.860,5,-39.0579,1.7064,-1.0815
325.876,5,-39.0469,1.7087,-1.0835
325.891,5,-39.0363,1.7101,-1.0852
325.907,5,-39.0150,1.7114,-1.0885
325.922,5,-39.0046,1.7124,-1.0897
325.936,5,-38.9942,1.7134,-1.0906
325.953,5,-38.9734,1.7150,-1.0927
325.967,5,-38.9528,1.7171,-1.0945
325.981,5,-38.9317,1.7200,-1.0958
326.005,5,-38.9108,1.7236,-1.0961
326.026,5,-38.8898,1.7272,-1.0958
326.050,5,-38.8688,1.7306,-1.0951
326.073,5,-38.8479,1.7324,-1.0942
326.095,5,-38.8266,1.7326,-1.0931
326.117,5,-38.8049,1.7322,-1.0922
326.140,5,-38.7830,1.7305,-1.0910
326.169,5,-38.7606,1.7271,-1.0894
326.190,5,-38.7379,1.7242,-1.0880
326.204,5,-38.7149,1.7213,-1.0866
326.228,5,-38.6909,1.7178,-1.0847
326.250,5,-38.6667,1.7137,-1.0827
326.273,5,-38.6429,1.7084,-1.0805
326.296,5,-38.6194,1.7029,-1.0782
326.320,5,-38.5955,1.6995,-1.0760
326.341,5,-38.5717,1.6979,-1.0739
326.363,5,-38.5470,1.6970,-1.0715
326.386,5,-38.5227,1.6966,-1.0693
326.409,5,-38.4984,1.6983,-1.0674
326.432,5,-38.4867,1.7025,-1.0666
326.447,5,-38.4751,1.7038,-1.0659
326.466,5,-38.4522,1.7055,-1.0646
326.483,5,-38.4414,1.7070,-1.0644
326.501,5,-38.4188,1.7097,-1.0636
326.517,5,-38.4078,1.7123,-1.0638
326.535,5,-38.3855,1.7163,-1.0635
326.550,5,-38.3631,1.7204,-1.0638
326.568,5,-38.3525,1.7231,-1.0648
326.590,5,-38.3313,1.7279,-1.0660
326.612,5,-38.3101,1.7318,-1.0675
326.630,5,-38.2893,1.7348,-1.0691
326.646,5,-38.2790,1.7353,-1.0703
326.663,5,-38.2580,1.7371,-1.0722
326.680,5,-38.2476,1.7367,-1.0735
326.697,5,-38.2263,1.7370,-1.0757
326.714,5,-38.2047,1.7363,-1.0781
326.731,5,-38.1939,1.7348,-1.0794
326.747,5,-38.1724,1.7329,-1.0820
326.762,5,-38.1611,1.7310,-1.0836
326.779,5,-38.1498,1.7286,-1.0853
326.796,5,-38.1274,1.7253,-1.0883
326.814,5,-38.1156,1.7227,-1.0903
326.829,5,-38.1041,1.7205,-1.0921
326.845,5,-38.0696,1.7153,-1.0976
326.862,5,-38.0464,1.7112,-1.1014
326.884,5,-38.0227,1.7080,-1.1057
326.906,5,-37.9992,1.7061,-1.1102
326.928,5,-37.9749,1.7054,-1.1151
326.950,5,-37.9513,1.7045,-1.1198
326.981,5,-37.9273,1.7051,-1.1245
327.002,5,-37.9041,1.7078,-1.1287
327.019,5,-37.8811,1.7091,-1.1325
327.042,5,-37.8586,1.7101,-1.1357
327.065,5,-37.8365,1.7121,-1.1380
327.085,5,-37.8143,1.7146,-1.1398
327.107,5,-37.7920,1.7185,-1.1408
327.129,5,-37.7701,1.7226,-1.1411
327.151,5,-37.7489,1.7268,-1.1408
327.171,5,-37.7278,1.7308,-1.1405
327.195,5,-37.7070,1.7337,-1.1397
327.217,5,-37.6858,1.7358,-1.1388
327.240,5,-37.6643,1.7369,-1.1377
327.263,5,-37.6429,1.7367,-1.1367
327.284,5,-37.6212,1.7350,-1.1357
327.307,5,-37.5993,1.7327,-1.1345
327.330,5,-37.5770,1.7296,-1.1334
327.351,5,-37.5656,1.7266,-1.1326
327.368,5,-37.5538,1.7240,-1.1318
327.382,5,-37.5422,1.7217,-1.1311
327.396,5,-37.5193,1.7175,-1.1295
327.411,5,-37.5075,1.7146,-1.1286
327.424,5,-37.4957,1.7117,-1.1277
327.442,5,-37.4722,1.7074,-1.1258
327.457,5,-37.4604,1.7058,-1.1246
327.471,5,-37.4484,1.7046,-1.1234
327.486,5,-37.4246,1.7019,-1.1211
327.500,5,-37.4129,1.7012,-1.1199
327.514,5,-37.4009,1.7008,-1.1188
327.529,5,-37.3768,1.7000,-1.1169
327.544,5,-37.3644,1.7016,-1.1162
327.559,5,-37.3522,1.7041,-1.1155
327.573,5,-37.3282,1.7064,-1.1138
327.587,5,-37.3167,1.7078,-1.1131
327.605,5,-37.2940,1.7101,-1.1118
327.623,5,-37.2837,1.7118,-1.1117
327.637,5,-37.2730,1.7137,-1.1116
327.653,5,-37.2513,1.7171,-1.1111
327.667,5,-37.2408,1.7195,-1.1112
327.681,5,-37.2192,1.7238,-1.1113
327.695,5,-37.2088,1.7265,-1.1117
327.709,5,-37.1985,1.7290,-1.1121
327.728,5,-37.1778,1.7340,-1.1129
327.744,5,-37.1571,1.7383,-1.1137
327.760,5,-37.1367,1.7416,-1.1145
327.783,5,-37.1164,1.7431,-1.1157
327.805,5,-37.0958,1.7432,-1.1169
327.828,5,-37.0752,1.7413,-1.1183
327.849,5,-37.0543,1.7388,-1.1196
327.871,5,-37.0330,1.7353,-1.1210
327.893,5,-37.0112,1.7312,-1.1218
327.915,5,-36.9889,1.7268,-1.1232
327.938,5,-36.9665,1.7217,-1.1248
327.960,5,-36.9441,1.7165,-1.1263
327.982,5,-36.9219,1.7118,-1.1282
328.005,5,-36.8992,1.7083,-1.1304
328.028,5,-36.8764,1.7064,-1.1328
328.050,5,-36.8533,1.7050,-1.1355
328.072,5,-36.8300,1.7040,-1.1379
328.102,5,-36.8064,1.7054,-1.1406
328.124,5,-36.7835,1.7076,-1.1428
328.139,5,-36.7607,1.7089,-1.1446
328.162,5,-36.7386,1.7112,-1.1457
328.185,5,-36.7176,1.7129,-1.1461
328.208,5,-36.7081,1.7144,-1.1453
328.224,5,-36.6982,1.7165,-1.1450
328.242,5,-36.6775,1.7201,-1.1447
328.258,5,-36.6679,1.7221,-1.1442
328.272,5,-36.6579,1.7241,-1.1437
328.287,5,-36.6481,1.7263,-1.1433
328.301,5,-36.6279,1.7296,-1.1427
328.316,5,-36.6079,1.7327,-1.1419
328.330,5,-36.5980,1.7339,-1.1413
328.346,5,-36.5881,1.7348,-1.1408
328.360,5,-36.5682,1.7363,-1.1398
328.373,5,-36.5581,1.7364,-1.1392
328.388,5,-36.5480,1.7359,-1.1385
328.405,5,-36.5276,1.7355,-1.1374
328.422,5,-36.5171,1.7342,-1.1367
328.436,5,-36.5066,1.7330,-1.1361
328.449,5,-36.4964,1.7316,-1.1354
328.464,5,-36.4757,1.7293,-1.1339
328.477,5,-36.4651,1.7273,-1.1331
328.491,5,-36.4546,1.7252,-1.1324
328.505,5,-36.4441,1.7228,-1.1315
328.519,5,-36.4232,1.7186,-1.1298
328.533,5,-36.4129,1.7159,-1.1289
328.548,5,-36.3918,1.7119,-1.1270
328.563,5,-36.3709,1.7087,-1.1252
328.578,5,-36.3498,1.7065,-1.1231
328.603,5,-36.3286,1.7049,-1.1210
328.625,5,-36.3079,1.7039,-1.1188
328.648,5,-36.2870,1.7055,-1.1167
328.669,5,-36.2664,1.7090,-1.1147
328.693,5,-36.2465,1.7115,-1.1129
328.714,5,-36.2271,1.7142,-1.1115
328.737,5,-36.2080,1.7177,-1.1107
328.759,5,-36.1892,1.7211,-1.1105
328.785,5,-36.1707,1.7249,-1.1111
329.118,5,-35.8751,1.7201,-1.1474
329.130,5,-35.8665,1.7186,-1.1491
329.145,5,-35.8580,1.7176,-1.1508
329.159,5,-35.8495,1.7176,-1.1528
329.172,5,-35.8322,1.7176,-1.1564
329.186,5,-35.8238,1.7178,-1.1582
329.200,5,-35.8157,1.7177,-1.1600
329.214,5,-35.7990,1.7179,-1.1634
329.227,5,-35.7913,1.7184,-1.1648
329.241,5,-35.7834,1.7189,-1.1659
329.255,5,-35.7756,1.7194,-1.1673
329.269,5,-35.7678,1.7201,-1.1682
329.286,5,-35.7522,1.7217,-1.1700
329.302,5,-35.7368,1.7239,-1.1713
329.316,5,-35.7293,1.7251,-1.1718
329.330,5,-35.7222,1.7265,-1.1718
329.344,5,-35.7079,1.7291,-1.1723
329.359,5,-35.7011,1.7306,-1.1720
329.374,5,-35.6944,1.7319,-1.1717
329.388,5,-35.6877,1.7330,-1.1715
329.403,5,-35.6741,1.7350,-1.1712
329.416,5,-35.6675,1.7358,-1.1709
329.430,5,-35.6609,1.7365,-1.1705
329.447,5,-35.6479,1.7378,-1.1697
329.463,5,-35.6415,1.7381,-1.1688
329.476,5,-35.6352,1.7385,-1.1682
329.491,5,-35.6224,1.7394,-1.1670
329.505,5,-35.6162,1.7393,-1.1663
329.519,5,-35.6100,1.7392,-1.1655
329.533,5,-35.5975,1.7390,-1.1640
329.548,5,-35.5917,1.7382,-1.1631
329.562,5,-35.5856,1.7375,-1.1622
329.576,5,-35.5799,1.7366,-1.1611
329.591,5,-35.5681,1.7348,-1.1592
329.608,5,-35.5562,1.7329,-1.1571
329.625,5,-35.5503,1.7326,-1.1559
329.638,5,-35.5445,1.7325,-1.1549
329.651,5,-35.5386,1.7322,-1.1537
329.666,5,-35.5329,1.7317,-1.1527
329.680,5,-35.5214,1.7305,-1.1502
329.694,5,-35.5159,1.7298,-1.1488
329.709,5,-35.5107,1.7290,-1.1473
329.724,5,-35.5000,1.7277,-1.1446
329.738,5,-35.4950,1.7273,-1.1430
329.751,5,-35.4898,1.7269,-1.1415
329.768,5,-35.4794,1.7267,-1.1388
329.783,5,-35.4743,1.7279,-1.1373
329.798,5,-35.4640,1.7299,-1.1344
329.812,5,-35.4590,1.7310,-1.1331
329.828,5,-35.4541,1.7317,-1.1318
329.843,5,-35.4494,1.7325,-1.1308
329.858,5,-35.4398,1.7336,-1.1285
329.873,5,-35.4353,1.7338,-1.1275
329.887,5,-35.4308,1.7340,-1.1267
329.902,5,-35.4217,1.7343,-1.1249
329.922,5,-35.4126,1.7350,-1.1238
329.937,5,-35.4082,1.7355,-1.1235
329.950,5,-35.4038,1.7363,-1.1232
329.964,5,-35.3995,1.7372,-1.1232
329.978,5,-35.3908,1.7388,-1.1229
329.993,5,-35.3823,1.7404,-1.1226
330.007,5,-35.3784,1.7410,-1.1227
330.024,5,-35.3708,1.7420,-1.1231
330.037,5,-35.3632,1.7431,-1.1235
330.052,5,-35.3558,1.7439,-1.1242
330.074,5,-35.3489,1.7446,-1.1254
330.096,5,-35.3421,1.7454,-1.1270
330.118,5,-35.3356,1.7458,-1.1288
330.140,5,-35.3295,1.7459,-1.1305
330.162,5,-35.3240,1.7457,-1.1325
330.184,5,-35.3187,1.7457,-1.1344
330.206,5,-35.3137,1.7458,-1.1366
330.235,5,-35.3094,1.7458,-1.1398
330.257,5,-35.3049,1.7464,-1.1424
330.271,5,-35.3005,1.7466,-1.1444
330.295,5,-35.2966,1.7467,-1.1469
330.318,5,-35.2927,1.7477,-1.1495
330.340,5,-35.2885,1.7478,-1.1518
330.363,5,-35.2845,1.7485,-1.1540
330.385,5,-35.2805,1.7495,-1.1556
330.407,5,-35.2764,1.7499,-1.1571
330.429,5,-35.2726,1.7507,-1.1592
330.452,5,-35.2689,1.7513,-1.1605
330.474,5,-35.2654,1.7520,-1.1613
330.498,5,-35.2619,1.7530,-1.1620
330.521,5,-35.2604,1.7530,-1.1624
330.541,5,-35.2589,1.7529,-1.1626
330.555,5,-35.2557,1.7528,-1.1630
330.569,5,-35.2526,1.7524,-1.1633
330.581,5,-35.2515,1.7519,-1.1637
330.599,5,-35.2502,1.7521,-1.1633
330.613,5,-35.2489,1.7527,-1.1631
330.625,5,-35.2476,1.7530,-1.1629
330.639,5,-35.2463,1.7529,-1.1628
330.652,5,-35.2436,1.7531,-1.1629
330.666,5,-35.2425,1.7534,-1.1629
330.679,5,-35.2415,1.7535,-1.1626
330.695,5,-35.2391,1.7536,-1.1623
330.713,5,-35.2380,1.7534,-1.1621
330.726,5,-35.2370,1.7534,-1.1621
330.741,5,-35.2347,1.7535,-1.1620
330.754,5,-35.2336,1.7535,-1.1620
330.769,5,-35.2325,1.7532,-1.1620
330.784,5,-35.2304,1.7530,-1.1618
330.803,5,-35.2292,1.7527,-1.1616
330.818,5,-35.2271,1.7524,-1.1614
330.832,5,-35.2261,1.7523,-1.1612
330.849,5,-35.2252,1.7523,-1.1610
330.866,5,-35.2233,1.7522,-1.1609
330.880,5,-35.2225,1.7522,-1.1605
330.895,5,-35.2198,1.7518,-1.1601
330.915,5,-35.2184,1.7515,-1.1599
330.939,5,-35.2172,1.7510,-1.1598
330.961,5,-35.2161,1.7507,-1.1596
330.986,5,-35.2151,1.7502,-1.1595
331.014,5,-35.2143,1.7501,-1.1593
331.035,5,-35.2133,1.7500,-1.1591
331.049,5,-35.2125,1.7497,-1.1590

# --- Trial 6 start ---
354.515,6,-39.7912,1.7491,-1.0546
354.628,6,-39.7893,1.7483,-1.0647
354.647,6,-39.7886,1.7477,-1.0683
354.661,6,-39.7881,1.7471,-1.0719
354.674,6,-39.7880,1.7469,-1.0730
354.699,6,-39.7881,1.7469,-1.0739
354.714,6,-39.7880,1.7467,-1.0758
354.731,6,-39.7880,1.7468,-1.0768
354.746,6,-39.7882,1.7465,-1.0786
354.759,6,-39.7883,1.7463,-1.0795
354.773,6,-39.7886,1.7460,-1.0812
354.786,6,-39.7889,1.7459,-1.0820
354.800,6,-39.7892,1.7459,-1.0827
354.818,6,-39.7896,1.7457,-1.0832
354.832,6,-39.7903,1.7454,-1.0845
354.849,6,-39.7909,1.7451,-1.0858
354.869,6,-39.7912,1.7452,-1.0859
354.882,6,-39.7915,1.7454,-1.0863
354.895,6,-39.7920,1.7454,-1.0866
354.910,6,-39.7924,1.7455,-1.0868
354.923,6,-39.7929,1.7457,-1.0873
354.937,6,-39.7934,1.7456,-1.0875
354.951,6,-39.7941,1.7458,-1.0879
354.964,6,-39.7947,1.7463,-1.0881
354.978,6,-39.7952,1.7468,-1.0882
354.993,6,-39.7957,1.7471,-1.0882
355.015,6,-39.7958,1.7466,-1.0880
355.038,6,-39.7958,1.7461,-1.0878
355.060,6,-39.7954,1.7454,-1.0876
355.083,6,-39.7949,1.7446,-1.0875
355.106,6,-39.7941,1.7443,-1.0873
355.127,6,-39.7934,1.7441,-1.0873
355.149,6,-39.7925,1.7441,-1.0873
355.180,6,-39.7914,1.7439,-1.0871
355.201,6,-39.7903,1.7438,-1.0870
355.215,6,-39.7893,1.7436,-1.0868
355.238,6,-39.7877,1.7434,-1.0866
355.260,6,-39.7860,1.7432,-1.0863
355.282,6,-39.7841,1.7427,-1.0858
355.305,6,-39.7821,1.7421,-1.0854
355.327,6,-39.7803,1.7415,-1.0848
355.350,6,-39.7785,1.7410,-1.0840
355.373,6,-39.7766,1.7408,-1.0830
355.395,6,-39.7747,1.7408,-1.0819
355.418,6,-39.7728,1.7411,-1.0806
355.441,6,-39.7707,1.7415,-1.0791
355.464,6,-39.7695,1.7420,-1.0779
355.484,6,-39.7683,1.7423,-1.0769
355.500,6,-39.7658,1.7426,-1.0751
355.513,6,-39.7635,1.7429,-1.0733
355.526,6,-39.7623,1.7431,-1.0723
355.543,6,-39.7610,1.7433,-1.0713
355.557,6,-39.7598,1.7436,-1.0702
355.570,6,-39.7587,1.7438,-1.0690
355.585,6,-39.7564,1.7441,-1.0671
355.598,6,-39.7554,1.7439,-1.0661
355.612,6,-39.7544,1.7434,-1.0651
355.626,6,-39.7524,1.7426,-1.0634
355.645,6,-39.7515,1.7422,-1.0628
355.660,6,-39.7508,1.7426,-1.0625
355.675,6,-39.7500,1.7431,-1.0620
355.688,6,-39.7486,1.7434,-1.0610
355.702,6,-39.7481,1.7434,-1.0606
355.717,6,-39.7476,1.7434,-1.0603
355.732,6,-39.7471,1.7436,-1.0600
355.746,6,-39.7460,1.7438,-1.0592
355.759,6,-39.7457,1.7438,-1.0590
355.774,6,-39.7453,1.7439,-1.0588
355.789,6,-39.7444,1.7441,-1.0584
355.804,6,-39.7434,1.7444,-1.0578
355.817,6,-39.7430,1.7443,-1.0578
355.832,6,-39.7424,1.7443,-1.0576
355.846,6,-39.7419,1.7440,-1.0576
355.861,6,-39.7410,1.7437,-1.0575
355.875,6,-39.7402,1.7432,-1.0574
355.895,6,-39.7392,1.7423,-1.0576
355.916,6,-39.7381,1.7409,-1.0581
355.938,6,-39.7372,1.7395,-1.0588
355.960,6,-39.7360,1.7381,-1.0595
355.990,6,-39.7351,1.7356,-1.0605
356.012,6,-39.7342,1.7327,-1.0616
356.025,6,-39.7334,1.7298,-1.0628
356.049,6,-39.7327,1.7261,-1.0647
356.072,6,-39.7323,1.7220,-1.0668
356.093,6,-39.7321,1.7176,-1.0691
356.116,6,-39.7281,1.7286,-1.0719
356.138,6,-39.7271,1.7289,-1.0735
356.161,6,-39.7276,1.7260,-1.0757
356.184,6,-39.7280,1.7310,-1.0770
356.205,6,-39.7284,1.7372,-1.0780
356.227,6,-39.7284,1.7419,-1.0794
356.250,6,-39.7280,1.7441,-1.0804
356.273,6,-39.7271,1.7468,-1.0812
356.296,6,-39.7259,1.7481,-1.0825
356.318,6,-39.7247,1.7479,-1.0837
356.340,6,-39.7234,1.7454,-1.0841
356.356,6,-39.7225,1.7448,-1.0849
356.370,6,-39.7214,1.7446,-1.0857
356.384,6,-39.7204,1.7442,-1.0864
356.398,6,-39.7184,1.7433,-1.0877
356.412,6,-39.7163,1.7422,-1.0889
356.425,6,-39.7151,1.7410,-1.0897
356.446,6,-39.7140,1.7399,-1.0906
356.462,6,-39.7129,1.7389,-1.0916
356.475,6,-39.7116,1.7378,-1.0924
356.489,6,-39.7090,1.7356,-1.0938
356.502,6,-39.7074,1.7343,-1.0949
356.516,6,-39.7058,1.7330,-1.0954
356.529,6,-39.7043,1.7316,-1.0966
356.543,6,-39.7013,1.7286,-1.0984
356.557,6,-39.6996,1.7267,-1.0996
356.570,6,-39.6979,1.7250,-1.1005
356.585,6,-39.6958,1.7235,-1.1014
356.600,6,-39.6915,1.7215,-1.1035
356.614,6,-39.6869,1.7201,-1.1053
356.629,6,-39.6841,1.7200,-1.1063
356.644,6,-39.6814,1.7191,-1.1069
356.658,6,-39.6787,1.7181,-1.1076
356.672,6,-39.6734,1.7161,-1.1093
356.686,6,-39.6704,1.7153,-1.1100
356.700,6,-39.6671,1.7148,-1.1107
356.716,6,-39.6610,1.7132,-1.1121
356.731,6,-39.6541,1.7117,-1.1132
356.751,6,-39.6464,1.7106,-1.1138
356.779,6,-39.6373,1.7106,-1.1141
356.801,6,-39.6283,1.7102,-1.1146
356.814,6,-39.6193,1.7096,-1.1148
356.839,6,-39.6090,1.7088,-1.1140
356.861,6,-39.5978,1.7077,-1.1128
356.882,6,-39.5858,1.7061,-1.1120
356.905,6,-39.5733,1.7046,-1.1110
356.927,6,-39.5599,1.7029,-1.1096
356.949,6,-39.5456,1.7008,-1.1080
356.971,6,-39.5314,1.6988,-1.1062
356.994,6,-39.5166,1.6975,-1.1043
357.016,6,-39.5015,1.6962,-1.1020
357.037,6,-39.4856,1.6953,-1.0991
357.060,6,-39.4700,1.6946,-1.0964
357.091,6,-39.4538,1.6956,-1.0936
357.114,6,-39.4379,1.6973,-1.0904
357.129,6,-39.4220,1.6999,-1.0871
357.150,6,-39.4050,1.7041,-1.0838
357.172,6,-39.3880,1.7091,-1.0805
357.195,6,-39.3706,1.7142,-1.0771
357.218,6,-39.3620,1.7168,-1.0756
357.234,6,-39.3535,1.7185,-1.0744
357.248,6,-39.3451,1.7199,-1.0732
357.261,6,-39.3367,1.7207,-1.0721
357.274,6,-39.3280,1.7212,-1.0710
357.287,6,-39.3109,1.7230,-1.0688
357.301,6,-39.3017,1.7235,-1.0680
357.314,6,-39.2925,1.7245,-1.0673
357.329,6,-39.2830,1.7256,-1.0669
357.343,6,-39.2645,1.7279,-1.0654
357.358,6,-39.2545,1.7294,-1.0649
357.371,6,-39.2445,1.7306,-1.0645
357.385,6,-39.2354,1.7319,-1.0630
357.399,6,-39.2162,1.7336,-1.0622
357.413,6,-39.2061,1.7338,-1.0622
357.427,6,-39.1861,1.7344,-1.0618
357.441,6,-39.1758,1.7338,-1.0621
357.454,6,-39.1655,1.7330,-1.0622
357.469,6,-39.1549,1.7318,-1.0626
357.482,6,-39.1441,1.7303,-1.0630
357.496,6,-39.1337,1.7287,-1.0629
357.510,6,-39.1122,1.7257,-1.0633
357.524,6,-39.1008,1.7231,-1.0637
357.537,6,-39.0783,1.7190,-1.0646
357.551,6,-39.0554,1.7144,-1.0654
357.571,6,-39.0316,1.7089,-1.0671
357.593,6,-39.0075,1.7032,-1.0688
357.615,6,-38.9830,1.6984,-1.0707
357.638,6,-38.9582,1.6947,-1.0732
357.660,6,-38.9331,1.6920,-1.0763
357.682,6,-38.9072,1.6919,-1.0797
357.705,6,-38.8805,1.6932,-1.0832
357.727,6,-38.8537,1.6963,-1.0869
357.748,6,-38.8276,1.7033,-1.0899
357.771,6,-38.8020,1.7093,-1.0926
357.792,6,-38.7774,1.7116,-1.0943
357.814,6,-38.7537,1.7130,-1.0947
357.838,6,-38.7296,1.7164,-1.0941
357.868,6,-38.7059,1.7226,-1.0926
357.890,6,-38.6818,1.7281,-1.0915
357.903,6,-38.6572,1.7330,-1.0903
357.927,6,-38.6327,1.7366,-1.0882
357.950,6,-38.6081,1.7385,-1.0863
357.972,6,-38.5833,1.7386,-1.0845
357.995,6,-38.5589,1.7368,-1.0828
358.017,6,-38.5337,1.7336,-1.0812
358.041,6,-38.5207,1.7298,-1.0806
358.056,6,-38.5079,1.7271,-1.0799
358.070,6,-38.4954,1.7246,-1.0791
358.084,6,-38.4826,1.7219,-1.0783
358.096,6,-38.4699,1.7193,-1.0773
358.110,6,-38.4570,1.7162,-1.0766
358.123,6,-38.4185,1.7087,-1.0741
358.136,6,-38.4051,1.7054,-1.0731
358.153,6,-38.3928,1.7032,-1.0722
358.167,6,-38.3802,1.7015,-1.0713
358.180,6,-38.3672,1.7005,-1.0702
358.194,6,-38.3536,1.6998,-1.0693
358.208,6,-38.3268,1.6980,-1.0673
358.222,6,-38.3125,1.6986,-1.0662
358.236,6,-38.2987,1.6988,-1.0650
358.250,6,-38.2852,1.6998,-1.0641
358.264,6,-38.2577,1.7020,-1.0626
358.278,6,-38.2440,1.7051,-1.0620
358.291,6,-38.2310,1.7074,-1.0616
358.304,6,-38.2178,1.7090,-1.0613
358.323,6,-38.1914,1.7122,-1.0609
358.339,6,-38.1657,1.7158,-1.0610
358.352,6,-38.1529,1.7187,-1.0615
358.365,6,-38.1404,1.7224,-1.0622
358.379,6,-38.1282,1.7259,-1.0631
358.392,6,-38.1025,1.7320,-1.0642
358.406,6,-38.0899,1.7352,-1.0652
358.419,6,-38.0640,1.7408,-1.0668
358.436,6,-38.0387,1.7456,-1.0691
358.459,6,-38.0140,1.7478,-1.0720
358.490,6,-37.9900,1.7459,-1.0752
358.510,6,-37.9652,1.7443,-1.0782
358.523,6,-37.9404,1.7426,-1.0810
358.547,6,-37.9145,1.7377,-1.0844
358.569,6,-37.8884,1.7318,-1.0880
358.591,6,-37.8618,1.7254,-1.0920
358.614,6,-37.8353,1.7186,-1.0963
358.636,6,-37.8089,1.7119,-1.1008
358.658,6,-37.7822,1.7059,-1.1056
358.680,6,-37.7553,1.7023,-1.1110
358.702,6,-37.7278,1.7014,-1.1165
358.725,6,-37.7003,1.7013,-1.1220
358.746,6,-37.6726,1.7002,-1.1275
358.769,6,-37.6457,1.6981,-1.1325
358.801,6,-37.6201,1.7034,-1.1367
358.823,6,-37.5953,1.7030,-1.1401
358.836,6,-37.5705,1.7028,-1.1433
358.860,6,-37.5464,1.7052,-1.1447
358.883,6,-37.5217,1.7103,-1.1452
358.906,6,-37.5098,1.7156,-1.1443
358.922,6,-37.4980,1.7189,-1.1440
358.935,6,-37.4864,1.7216,-1.1439
358.948,6,-37.4750,1.7240,-1.1439
358.961,6,-37.4633,1.7260,-1.1439
358.975,6,-37.4401,1.7299,-1.1430
358.988,6,-37.4170,1.7330,-1.1428
359.002,6,-37.4056,1.7336,-1.1422
359.019,6,-37.3941,1.7337,-1.1417
359.033,6,-37.3829,1.7336,-1.1413
359.046,6,-37.3598,1.7340,-1.1406
359.060,6,-37.3474,1.7330,-1.1403
359.074,6,-37.3350,1.7317,-1.1399
359.087,6,-37.3228,1.7302,-1.1393
359.100,6,-37.3101,1.7281,-1.1388
359.115,6,-37.2854,1.7247,-1.1379
359.131,6,-37.2726,1.7212,-1.1371
359.146,6,-37.2478,1.7164,-1.1359
359.159,6,-37.2349,1.7127,-1.1350
359.175,6,-37.2224,1.7091,-1.1341
359.189,6,-37.2101,1.7061,-1.1331
359.203,6,-37.1849,1.7010,-1.1313
359.216,6,-37.1721,1.6990,-1.1302
359.231,6,-37.1591,1.6977,-1.1291
359.247,6,-37.1458,1.6968,-1.1279
359.262,6,-37.1197,1.6948,-1.1257
359.276,6,-37.1064,1.6949,-1.1244
359.289,6,-37.0803,1.6946,-1.1221
359.302,6,-37.0541,1.6958,-1.1198
359.325,6,-37.0276,1.7015,-1.1176
359.348,6,-37.0021,1.7057,-1.1158
359.370,6,-36.9780,1.7082,-1.1152
359.392,6,-36.9555,1.7109,-1.1156
359.414,6,-36.9323,1.7159,-1.1165
359.437,6,-36.9091,1.7220,-1.1176
359.458,6,-36.8855,1.7284,-1.1192
359.481,6,-36.8624,1.7348,-1.1215
359.503,6,-36.8400,1.7391,-1.1239
359.526,6,-36.8174,1.7421,-1.1265
359.548,6,-36.7946,1.7436,-1.1292
359.578,6,-36.7713,1.7418,-1.1323
359.600,6,-36.7477,1.7403,-1.1352
359.613,6,-36.7245,1.7386,-1.1379
359.637,6,-36.7007,1.7345,-1.1412
359.660,6,-36.6772,1.7298,-1.1444
359.682,6,-36.6533,1.7242,-1.1482
359.705,6,-36.6298,1.7184,-1.1519
359.728,6,-36.6061,1.7130,-1.1560
359.750,6,-36.5828,1.7095,-1.1605
359.772,6,-36.5707,1.7088,-1.1631
359.789,6,-36.5587,1.7078,-1.1654
359.802,6,-36.5469,1.7067,-1.1676
359.815,6,-36.5356,1.7058,-1.1697
359.829,6,-36.5122,1.7047,-1.1740
359.841,6,-36.5001,1.7061,-1.1761
359.855,6,-36.4880,1.7080,-1.1781
359.869,6,-36.4766,1.7090,-1.1797
359.882,6,-36.4647,1.7095,-1.1812
359.895,6,-36.4543,1.7096,-1.1824
359.907,6,-36.4434,1.7095,-1.1835
359.920,6,-36.4220,1.7100,-1.1856
359.934,6,-36.4118,1.7117,-1.1857
359.947,6,-36.4009,1.7138,-1.1860
359.960,6,-36.3897,1.7162,-1.1861
359.973,6,-36.3690,1.7197,-1.1866
359.986,6,-36.3580,1.7224,-1.1865
360.002,6,-36.3477,1.7252,-1.1864
360.017,6,-36.3372,1.7273,-1.1863
360.031,6,-36.3167,1.7307,-1.1861
360.043,6,-36.3064,1.7322,-1.1858
360.059,6,-36.2963,1.7334,-1.1851
360.072,6,-36.2859,1.7346,-1.1844
360.085,6,-36.2756,1.7354,-1.1839
360.097,6,-36.2652,1.7360,-1.1833
360.109,6,-36.2549,1.7361,-1.1827
360.122,6,-36.2346,1.7366,-1.1815
360.136,6,-36.2145,1.7364,-1.1803
360.158,6,-36.1943,1.7339,-1.1786
360.179,6,-36.1740,1.7310,-1.1771
360.202,6,-36.1533,1.7271,-1.1756
360.224,6,-36.1327,1.7224,-1.1740
360.247,6,-36.1124,1.7170,-1.1722
360.269,6,-36.0920,1.7118,-1.1704
360.291,6,-36.0715,1.7081,-1.1685
360.314,6,-36.0510,1.7057,-1.1664
360.336,6,-36.0303,1.7045,-1.1643
360.359,6,-36.0100,1.7040,-1.1622
360.391,6,-35.9898,1.7083,-1.1603
360.413,6,-35.9707,1.7114,-1.1585
360.426,6,-35.9515,1.7135,-1.1571
360.449,6,-35.9328,1.7170,-1.1562
360.472,6,-35.9138,1.7201,-1.1554
360.494,6,-35.8951,1.7232,-1.1547
360.517,6,-35.8766,1.7275,-1.1548
360.548,6,-35.8582,1.7329,-1.1551
360.569,6,-35.8406,1.7372,-1.1555
360.582,6,-35.8230,1.7407,-1.1557
360.606,6,-35.8150,1.7416,-1.1560
360.622,6,-35.8067,1.7419,-1.1563
360.636,6,-35.7982,1.7424,-1.1564
360.649,6,-35.7898,1.7428,-1.1566
360.661,6,-35.7813,1.7431,-1.1567
360.674,6,-35.7726,1.7432,-1.1569
360.690,6,-35.7465,1.7446,-1.1574
360.710,6,-35.7376,1.7435,-1.1578
360.725,6,-35.7206,1.7423,-1.1582
360.739,6,-35.7122,1.7404,-1.1586
360.753,6,-35.7039,1.7385,-1.1592
360.765,6,-35.6957,1.7370,-1.1596
360.778,6,-35.6870,1.7355,-1.1601
360.792,6,-35.6784,1.7336,-1.1609
360.806,6,-35.6613,1.7303,-1.1622
360.818,6,-35.6529,1.7287,-1.1631
360.832,6,-35.6445,1.7273,-1.1642
360.848,6,-35.6273,1.7245,-1.1660
360.864,6,-35.6192,1.7232,-1.1673
360.879,6,-35.6114,1.7219,-1.1683
360.891,6,-35.6037,1.7207,-1.1693
360.903,6,-35.5961,1.7203,-1.1704
360.916,6,-35.5882,1.7201,-1.1713
360.929,6,-35.5726,1.7201,-1.1733
360.941,6,-35.5650,1.7215,-1.1741
360.953,6,-35.5575,1.7226,-1.1749
360.965,6,-35.5424,1.7237,-1.1766
360.979,6,-35.5278,1.7247,-1.1780
361.001,6,-35.5142,1.7264,-1.1790
361.032,6,-35.5008,1.7299,-1.1788
361.053,6,-35.4873,1.7332,-1.1786
361.066,6,-35.4739,1.7363,-1.1787
361.090,6,-35.4612,1.7400,-1.1782
361.112,6,-35.4490,1.7429,-1.1773
361.135,6,-35.4373,1.7453,-1.1764
361.158,6,-35.4258,1.7473,-1.1752
361.180,6,-35.4144,1.7488,-1.1742
361.201,6,-35.4031,1.7498,-1.1731
361.224,6,-35.3921,1.7505,-1.1721
361.246,6,-35.3814,1.7506,-1.1708
361.268,6,-35.3709,1.7495,-1.1692
361.291,6,-35.3612,1.7481,-1.1681
361.314,6,-35.3523,1.7472,-1.1673
361.336,6,-35.3449,1.7461,-1.1669
361.358,6,-35.3380,1.7444,-1.1663
361.381,6,-35.3313,1.7431,-1.1647
361.403,6,-35.3250,1.7435,-1.1634
361.426,6,-35.3189,1.7430,-1.1620
361.449,6,-35.3168,1.7420,-1.1614
361.465,6,-35.3143,1.7422,-1.1613
361.477,6,-35.3117,1.7423,-1.1613
361.490,6,-35.3092,1.7428,-1.1613
361.502,6,-35.3068,1.7432,-1.1615
361.515,6,-35.3043,1.7435,-1.1617
361.528,6,-35.2992,1.7440,-1.1619
361.540,6,-35.2969,1.7444,-1.1623
361.553,6,-35.2947,1.7448,-1.1626
361.567,6,-35.2927,1.7453,-1.1632
361.579,6,-35.2906,1.7458,-1.1636
361.592,6,-35.2885,1.7463,-1.1641
361.606,6,-35.2843,1.7471,-1.1647
361.619,6,-35.2823,1.7474,-1.1652
361.636,6,-35.2785,1.7479,-1.1661
361.655,6,-35.2770,1.7482,-1.1671
361.667,6,-35.2754,1.7485,-1.1675
361.680,6,-35.2740,1.7488,-1.1685
361.692,6,-35.2723,1.7493,-1.1689
361.706,6,-35.2708,1.7497,-1.1693
361.719,6,-35.2676,1.7506,-1.1701
361.732,6,-35.2663,1.7512,-1.1705
361.745,6,-35.2648,1.7517,-1.1709
361.757,6,-35.2619,1.7530,-1.1717
361.771,6,-35.2607,1.7539,-1.1725
361.784,6,-35.2581,1.7546,-1.1732
361.803,6,-35.2557,1.7542,-1.1739
361.825,6,-35.2537,1.7532,-1.1750
361.847,6,-35.2515,1.7526,-1.1758
361.868,6,-35.2491,1.7522,-1.1764
361.891,6,-35.2467,1.7518,-1.1773
361.913,6,-35.2445,1.7517,-1.1785
361.935,6,-35.2427,1.7514,-1.1797
361.966,6,-35.2417,1.7498,-1.1800
361.987,6,-35.2405,1.7486,-1.1806
362.000,6,-35.2390,1.7477,-1.1813
362.023,6,-35.2378,1.7472,-1.1817
362.046,6,-35.2365,1.7469,-1.1824
362.068,6,-35.2351,1.7474,-1.1833
362.091,6,-35.2337,1.7477,-1.1832
362.113,6,-35.2326,1.7481,-1.1834
362.136,6,-35.2313,1.7485,-1.1836
362.159,6,-35.2301,1.7486,-1.1837
362.181,6,-35.2291,1.7483,-1.1839
362.204,6,-35.2282,1.7478,-1.1840
362.226,6,-35.2273,1.7471,-1.1840
362.250,6,-35.2265,1.7466,-1.1840
362.282,6,-35.2262,1.7463,-1.1836
362.295,6,-35.2258,1.7463,-1.1835
362.306,6,-35.2254,1.7462,-1.1835
362.320,6,-35.2251,1.7460,-1.1834
362.332,6,-35.2241,1.7456,-1.1832
362.344,6,-35.2238,1.7456,-1.1835
362.362,6,-35.2236,1.7456,-1.1835
362.375,6,-35.2234,1.7456,-1.1834
362.388,6,-35.2228,1.7454,-1.1834
362.401,6,-35.2226,1.7453,-1.1833
362.415,6,-35.2225,1.7451,-1.1832
362.429,6,-35.2224,1.7450,-1.1832
362.442,6,-35.2222,1.7449,-1.1834

# --- Trial 7 start ---
375.136,7,-39.5771,1.7502,-1.0396
375.252,7,-39.5794,1.7505,-1.0397
375.278,7,-39.5804,1.7507,-1.0396
375.295,7,-39.5819,1.7508,-1.0395
375.311,7,-39.5823,1.7508,-1.0394
375.328,7,-39.5834,1.7508,-1.0393
375.342,7,-39.5842,1.7508,-1.0391
375.359,7,-39.5850,1.7505,-1.0389
375.394,7,-39.5856,1.7502,-1.0386
375.408,7,-39.5863,1.7502,-1.0383
375.433,7,-39.5870,1.7502,-1.0379
375.455,7,-39.5877,1.7503,-1.0374
375.469,7,-39.5884,1.7503,-1.0370
375.492,7,-39.5889,1.7505,-1.0364
375.515,7,-39.5892,1.7509,-1.0358
375.537,7,-39.5893,1.7512,-1.0353
375.560,7,-39.5895,1.7517,-1.0346
375.590,7,-39.5894,1.7524,-1.0338
375.613,7,-39.5892,1.7530,-1.0328
375.626,7,-39.5891,1.7535,-1.0319
375.649,7,-39.5885,1.7543,-1.0306
375.671,7,-39.5878,1.7549,-1.0293
375.694,7,-39.5869,1.7554,-1.0276
375.716,7,-39.5860,1.7558,-1.0258
375.747,7,-39.5847,1.7553,-1.0236
375.769,7,-39.5834,1.7543,-1.0215
375.782,7,-39.5821,1.7534,-1.0194
375.806,7,-39.5800,1.7525,-1.0173
375.829,7,-39.5777,1.7516,-1.0155
375.851,7,-39.5764,1.7498,-1.0148
375.868,7,-39.5755,1.7483,-1.0142
375.881,7,-39.5749,1.7481,-1.0137
375.895,7,-39.5743,1.7487,-1.0134
375.909,7,-39.5731,1.7491,-1.0126
375.923,7,-39.5727,1.7495,-1.0126
375.937,7,-39.5723,1.7499,-1.0126
375.951,7,-39.5713,1.7505,-1.0122
375.965,7,-39.5710,1.7510,-1.0123
375.980,7,-39.5707,1.7516,-1.0123
375.994,7,-39.5702,1.7519,-1.0123
376.009,7,-39.5694,1.7523,-1.0122
376.023,7,-39.5689,1.7523,-1.0123
376.037,7,-39.5682,1.7520,-1.0124
376.052,7,-39.5671,1.7519,-1.0125
376.066,7,-39.5666,1.7516,-1.0128
376.080,7,-39.5661,1.7512,-1.0129
376.094,7,-39.5655,1.7504,-1.0131
376.110,7,-39.5645,1.7493,-1.0133
376.125,7,-39.5640,1.7484,-1.0134
376.139,7,-39.5635,1.7477,-1.0136
376.154,7,-39.5624,1.7464,-1.0142
376.168,7,-39.5618,1.7456,-1.0145
376.182,7,-39.5612,1.7449,-1.0149
376.199,7,-39.5594,1.7431,-1.0160
376.225,7,-39.5577,1.7416,-1.0172
376.247,7,-39.5566,1.7389,-1.0184
376.261,7,-39.5555,1.7363,-1.0196
376.285,7,-39.5558,1.7318,-1.0207
376.307,7,-39.5535,1.7423,-1.0229
376.331,7,-39.5530,1.7481,-1.0241
376.352,7,-39.5533,1.7452,-1.0254
376.382,7,-39.5556,1.7455,-1.0262
376.403,7,-39.5565,1.7497,-1.0273
376.429,7,-39.5568,1.7531,-1.0288
376.443,7,-39.5568,1.7549,-1.0297
376.459,7,-39.5563,1.7549,-1.0308
376.484,7,-39.5562,1.7564,-1.0322
376.507,7,-39.5559,1.7573,-1.0338
376.538,7,-39.5555,1.7556,-1.0349
376.559,7,-39.5551,1.7551,-1.0367
376.574,7,-39.5547,1.7553,-1.0385
376.597,7,-39.5542,1.7554,-1.0399
376.619,7,-39.5534,1.7557,-1.0415
376.641,7,-39.5525,1.7561,-1.0433
376.663,7,-39.5517,1.7563,-1.0457
376.694,7,-39.5509,1.7550,-1.0473
376.719,7,-39.5493,1.7541,-1.0498
376.734,7,-39.5482,1.7534,-1.0511
376.748,7,-39.5472,1.7524,-1.0520
376.762,7,-39.5460,1.7513,-1.0531
376.778,7,-39.5438,1.7486,-1.0549
376.793,7,-39.5423,1.7470,-1.0560
376.808,7,-39.5396,1.7443,-1.0580
376.824,7,-39.5377,1.7427,-1.0588
376.839,7,-39.5342,1.7405,-1.0605
376.852,7,-39.5317,1.7398,-1.0609
376.868,7,-39.5286,1.7398,-1.0615
376.885,7,-39.5230,1.7393,-1.0627
376.899,7,-39.5196,1.7394,-1.0629
376.914,7,-39.5162,1.7393,-1.0630
376.929,7,-39.5125,1.7390,-1.0632
376.943,7,-39.5057,1.7386,-1.0634
376.957,7,-39.5015,1.7382,-1.0634
376.971,7,-39.4931,1.7371,-1.0636
376.985,7,-39.4883,1.7363,-1.0635
377.001,7,-39.4830,1.7351,-1.0631
377.015,7,-39.4775,1.7339,-1.0627
377.028,7,-39.4673,1.7322,-1.0625
377.042,7,-39.4612,1.7311,-1.0618
377.058,7,-39.4548,1.7301,-1.0613
377.073,7,-39.4482,1.7288,-1.0604
377.086,7,-39.4358,1.7267,-1.0594
377.101,7,-39.4226,1.7242,-1.0580
377.117,7,-39.4088,1.7220,-1.0567
377.141,7,-39.3924,1.7195,-1.0548
377.162,7,-39.3762,1.7163,-1.0525
377.184,7,-39.3588,1.7129,-1.0497
377.207,7,-39.3406,1.7098,-1.0473
377.229,7,-39.3219,1.7064,-1.0444
377.252,7,-39.3027,1.7032,-1.0408
377.274,7,-39.2832,1.6995,-1.0374
377.297,7,-39.2639,1.6959,-1.0341
377.319,7,-39.2450,1.6915,-1.0302
377.344,7,-39.2263,1.6870,-1.0258
377.364,7,-39.2080,1.6852,-1.0215
377.386,7,-39.1884,1.6866,-1.0171
377.408,7,-39.1693,1.6885,-1.0127
377.431,7,-39.1504,1.6927,-1.0095
377.454,7,-39.1326,1.6991,-1.0069
377.484,7,-39.1153,1.7054,-1.0051
377.506,7,-39.0974,1.7107,-1.0038
377.521,7,-39.0801,1.7156,-1.0016
377.543,7,-39.0614,1.7218,-1.0013
377.566,7,-39.0422,1.7274,-1.0015
377.589,7,-39.0319,1.7288,-1.0023
377.604,7,-39.0220,1.7297,-1.0027
377.624,7,-39.0027,1.7311,-1.0028
377.642,7,-38.9925,1.7304,-1.0033
377.658,7,-38.9630,1.7311,-1.0037
377.673,7,-38.9525,1.7298,-1.0043
377.690,7,-38.9417,1.7277,-1.0053
377.706,7,-38.9315,1.7254,-1.0060
377.722,7,-38.9110,1.7225,-1.0073
377.737,7,-38.8898,1.7190,-1.0088
377.752,7,-38.8786,1.7166,-1.0100
377.767,7,-38.8672,1.7136,-1.0113
377.782,7,-38.8560,1.7106,-1.0125
377.799,7,-38.8336,1.7057,-1.0148
377.814,7,-38.8220,1.7032,-1.0163
377.828,7,-38.7992,1.6990,-1.0192
377.843,7,-38.7872,1.6976,-1.0212
377.858,7,-38.7750,1.6965,-1.0231
377.873,7,-38.7514,1.6943,-1.0268
377.887,7,-38.7393,1.6941,-1.0291
377.902,7,-38.7274,1.6942,-1.0314
377.916,7,-38.7156,1.6942,-1.0336
377.931,7,-38.7036,1.6941,-1.0355
377.946,7,-38.6800,1.6945,-1.0394
377.960,7,-38.6677,1.6969,-1.0415
377.974,7,-38.6552,1.7002,-1.0436
377.988,7,-38.6321,1.7033,-1.0472
378.002,7,-38.6090,1.7063,-1.0503
378.016,7,-38.5863,1.7097,-1.0530
378.039,7,-38.5646,1.7126,-1.0537
378.057,7,-38.5426,1.7160,-1.0546
378.084,7,-38.5206,1.7221,-1.0546
378.112,7,-38.4988,1.7273,-1.0538
378.134,7,-38.4769,1.7311,-1.0533
378.147,7,-38.4551,1.7345,-1.0529
378.171,7,-38.4334,1.7366,-1.0516
378.193,7,-38.4109,1.7378,-1.0504
378.216,7,-38.3883,1.7373,-1.0492
378.238,7,-38.3651,1.7358,-1.0479
378.260,7,-38.3420,1.7337,-1.0468
378.283,7,-38.3187,1.7299,-1.0452
378.305,7,-38.2948,1.7259,-1.0440
378.327,7,-38.2710,1.7209,-1.0424
378.350,7,-38.2470,1.7155,-1.0406
378.372,7,-38.2229,1.7094,-1.0388
378.396,7,-38.1985,1.7031,-1.0369
378.426,7,-38.1734,1.6995,-1.0347
378.448,7,-38.1485,1.6974,-1.0325
378.470,7,-38.1355,1.6974,-1.0312
378.485,7,-38.1228,1.6974,-1.0300
378.499,7,-38.1100,1.6984,-1.0289
378.515,7,-38.0845,1.7003,-1.0267
378.529,7,-38.0592,1.7038,-1.0245
378.544,7,-38.0470,1.7066,-1.0237
378.560,7,-38.0355,1.7088,-1.0233
378.578,7,-38.0121,1.7121,-1.0224
378.594,7,-37.9890,1.7161,-1.0219
378.609,7,-37.9780,1.7192,-1.0221
378.627,7,-37.9670,1.7227,-1.0227
378.643,7,-37.9444,1.7285,-1.0231
378.657,7,-37.9332,1.7318,-1.0238
378.672,7,-37.9107,1.7380,-1.0248
378.686,7,-37.8994,1.7414,-1.0257
378.699,7,-37.8881,1.7444,-1.0267
378.714,7,-37.8769,1.7468,-1.0278
378.729,7,-37.8546,1.7513,-1.0293
378.744,7,-37.8436,1.7521,-1.0303
378.758,7,-37.8324,1.7524,-1.0314
378.773,7,-37.8099,1.7538,-1.0332
378.788,7,-37.7985,1.7527,-1.0344
378.803,7,-37.7871,1.7514,-1.0356
378.817,7,-37.7529,1.7503,-1.0388
378.838,7,-37.7301,1.7465,-1.0413
378.862,7,-37.7064,1.7416,-1.0442
378.883,7,-37.6828,1.7367,-1.0471
378.914,7,-37.6586,1.7304,-1.0505
378.935,7,-37.6350,1.7249,-1.0539
378.957,7,-37.6105,1.7198,-1.0576
378.970,7,-37.5862,1.7160,-1.0615
378.994,7,-37.5614,1.7141,-1.0663
379.016,7,-37.5362,1.7131,-1.0714
379.038,7,-37.5112,1.7115,-1.0766
379.069,7,-37.4867,1.7128,-1.0820
379.091,7,-37.4632,1.7162,-1.0866
379.103,7,-37.4392,1.7172,-1.0909
379.127,7,-37.4169,1.7175,-1.0937
379.149,7,-37.3952,1.7173,-1.0951
379.171,7,-37.3742,1.7207,-1.0957
379.194,7,-37.3536,1.7278,-1.0958
379.225,7,-37.3335,1.7348,-1.0950
379.246,7,-37.3134,1.7405,-1.0948
379.259,7,-37.2928,1.7456,-1.0947
379.283,7,-37.2726,1.7499,-1.0936
379.306,7,-37.2514,1.7529,-1.0927
379.329,7,-37.2403,1.7526,-1.0919
379.347,7,-37.2292,1.7524,-1.0915
379.365,7,-37.2184,1.7515,-1.0910
379.383,7,-37.1965,1.7508,-1.0902
379.397,7,-37.1745,1.7494,-1.0893
379.412,7,-37.1633,1.7471,-1.0887
379.426,7,-37.1521,1.7448,-1.0880
379.440,7,-37.1406,1.7421,-1.0873
379.454,7,-37.1184,1.7384,-1.0861
379.469,7,-37.0959,1.7335,-1.0847
379.483,7,-37.0844,1.7301,-1.0838
379.498,7,-37.0729,1.7269,-1.0829
379.514,7,-37.0614,1.7241,-1.0818
379.528,7,-37.0384,1.7195,-1.0799
379.543,7,-37.0265,1.7178,-1.0786
379.557,7,-37.0146,1.7163,-1.0773
379.571,7,-36.9907,1.7130,-1.0749
379.584,7,-36.9788,1.7119,-1.0735
379.600,7,-36.9667,1.7113,-1.0720
379.614,7,-36.9547,1.7117,-1.0706
379.628,7,-36.9309,1.7125,-1.0679
379.641,7,-36.9189,1.7149,-1.0665
379.657,7,-36.9075,1.7164,-1.0652
379.674,7,-36.8845,1.7174,-1.0629
379.691,7,-36.8741,1.7175,-1.0622
379.706,7,-36.8521,1.7176,-1.0608
379.719,7,-36.8309,1.7185,-1.0598
379.736,7,-36.8099,1.7215,-1.0594
379.762,7,-36.7896,1.7280,-1.0598
379.783,7,-36.7694,1.7336,-1.0599
379.805,7,-36.7494,1.7405,-1.0606
379.827,7,-36.7300,1.7458,-1.0616
379.858,7,-36.7109,1.7486,-1.0632
379.879,7,-36.6915,1.7501,-1.0643
379.893,7,-36.6715,1.7511,-1.0656
379.916,7,-36.6509,1.7501,-1.0672
379.938,7,-36.6300,1.7484,-1.0688
379.960,7,-36.6087,1.7455,-1.0708
379.983,7,-36.5874,1.7416,-1.0730
380.005,7,-36.5660,1.7375,-1.0754
380.027,7,-36.5448,1.7328,-1.0779
380.049,7,-36.5238,1.7276,-1.0806
380.071,7,-36.5025,1.7233,-1.0837
380.093,7,-36.4813,1.7207,-1.0868
380.116,7,-36.4599,1.7191,-1.0904
380.139,7,-36.4385,1.7180,-1.0937
380.170,7,-36.4174,1.7170,-1.0972
380.192,7,-36.4068,1.7194,-1.0989
380.205,7,-36.3965,1.7202,-1.1005
380.217,7,-36.3863,1.7202,-1.1018
380.231,7,-36.3657,1.7198,-1.1045
380.244,7,-36.3562,1.7198,-1.1054
380.257,7,-36.3467,1.7196,-1.1063
380.271,7,-36.3274,1.7190,-1.1080
380.285,7,-36.3182,1.7188,-1.1085
380.299,7,-36.3090,1.7196,-1.1090
380.314,7,-36.2997,1.7212,-1.1094
380.328,7,-36.2806,1.7235,-1.1104
380.342,7,-36.2714,1.7256,-1.1103
380.356,7,-36.2624,1.7276,-1.1103
380.370,7,-36.2537,1.7293,-1.1103
380.385,7,-36.2357,1.7323,-1.1102
380.399,7,-36.2273,1.7339,-1.1097
380.414,7,-36.2189,1.7355,-1.1093
380.428,7,-36.2012,1.7384,-1.1089
380.443,7,-36.1925,1.7397,-1.1085
380.456,7,-36.1837,1.7407,-1.1080
380.476,7,-36.1657,1.7423,-1.1070
380.491,7,-36.1567,1.7424,-1.1063
380.505,7,-36.1476,1.7423,-1.1056
380.518,7,-36.1384,1.7418,-1.1049
380.532,7,-36.1202,1.7413,-1.1035
380.546,7,-36.1018,1.7398,-1.1017
380.560,7,-36.0830,1.7373,-1.0997
380.581,7,-36.0641,1.7330,-1.0971
380.601,7,-36.0453,1.7281,-1.0943
380.628,7,-36.0263,1.7217,-1.0911
380.658,7,-36.0077,1.7188,-1.0879
380.679,7,-35.9890,1.7170,-1.0847
380.693,7,-35.9707,1.7148,-1.0815
380.716,7,-35.9525,1.7132,-1.0778
380.739,7,-35.9343,1.7139,-1.0744
380.760,7,-35.9164,1.7169,-1.0712
380.784,7,-35.8993,1.7182,-1.0683
380.805,7,-35.8833,1.7185,-1.0657
380.829,7,-35.8682,1.7194,-1.0634
380.851,7,-35.8535,1.7204,-1.0616
380.872,7,-35.8385,1.7217,-1.0600
380.895,7,-35.8231,1.7256,-1.0590
380.918,7,-35.8078,1.7306,-1.0582
380.940,7,-35.7931,1.7358,-1.0578
380.970,7,-35.7795,1.7401,-1.0577
380.992,7,-35.7728,1.7422,-1.0578
381.005,7,-35.7658,1.7441,-1.0575
381.017,7,-35.7587,1.7457,-1.0574
381.030,7,-35.7441,1.7489,-1.0569
381.044,7,-35.7367,1.7500,-1.0569
381.057,7,-35.7292,1.7510,-1.0568
381.070,7,-35.7216,1.7516,-1.0569
381.083,7,-35.7140,1.7519,-1.0569
381.096,7,-35.7065,1.7516,-1.0573
381.109,7,-35.6914,1.7517,-1.0575
381.125,7,-35.6838,1.7505,-1.0578
381.138,7,-35.6761,1.7492,-1.0584
381.152,7,-35.6609,1.7472,-1.0590
381.166,7,-35.6532,1.7453,-1.0595
381.179,7,-35.6456,1.7434,-1.0599
381.193,7,-35.6301,1.7403,-1.0610
381.207,7,-35.6225,1.7385,-1.0622
381.219,7,-35.6148,1.7370,-1.0631
381.232,7,-35.6072,1.7357,-1.0642
381.246,7,-35.5916,1.7334,-1.0659
381.259,7,-35.5839,1.7325,-1.0672
381.279,7,-35.5760,1.7317,-1.0687
381.294,7,-35.5682,1.7303,-1.0699
381.307,7,-35.5606,1.7291,-1.0711
381.321,7,-35.5376,1.7261,-1.0744
381.333,7,-35.5224,1.7247,-1.0769
381.359,7,-35.5074,1.7260,-1.0795
381.381,7,-35.4928,1.7288,-1.0822
381.405,7,-35.4783,1.7318,-1.0843
381.426,7,-35.4647,1.7335,-1.0859
381.448,7,-35.4523,1.7340,-1.0873
381.470,7,-35.4404,1.7346,-1.0880
381.492,7,-35.4284,1.7371,-1.0886
381.515,7,-35.4164,1.7410,-1.0889
381.538,7,-35.4051,1.7447,-1.0886
381.559,7,-35.3943,1.7477,-1.0879
381.582,7,-35.3841,1.7496,-1.0872
381.603,7,-35.3741,1.7511,-1.0869
381.625,7,-35.3645,1.7516,-1.0860
381.648,7,-35.3557,1.7510,-1.0882
381.670,7,-35.3463,1.7509,-1.0876
381.692,7,-35.3370,1.7509,-1.0868
381.715,7,-35.3280,1.7508,-1.0853
381.738,7,-35.3193,1.7499,-1.0840
381.769,7,-35.3116,1.7493,-1.0827
381.791,7,-35.3041,1.7487,-1.0813
381.806,7,-35.2964,1.7481,-1.0798
381.829,7,-35.2935,1.7471,-1.0788
381.846,7,-35.2903,1.7468,-1.0776
381.859,7,-35.2869,1.7467,-1.0766
381.872,7,-35.2834,1.7467,-1.0758
381.886,7,-35.2766,1.7463,-1.0746
381.901,7,-35.2699,1.7453,-1.0726
381.923,7,-35.2675,1.7437,-1.0723
381.938,7,-35.2616,1.7429,-1.0709
381.951,7,-35.2591,1.7432,-1.0704
381.966,7,-35.2567,1.7438,-1.0701
381.980,7,-35.2511,1.7439,-1.0692
381.993,7,-35.2486,1.7437,-1.0689
382.007,7,-35.2461,1.7437,-1.0686
382.022,7,-35.2440,1.7439,-1.0683
382.034,7,-35.2418,1.7443,-1.0681
382.048,7,-35.2375,1.7449,-1.0678
382.060,7,-35.2355,1.7454,-1.0676
382.078,7,-35.2341,1.7460,-1.0676
382.093,7,-35.2304,1.7467,-1.0676
382.106,7,-35.2291,1.7472,-1.0684
382.119,7,-35.2280,1.7477,-1.0693
382.132,7,-35.2268,1.7478,-1.0696
382.145,7,-35.2255,1.7477,-1.0698
382.159,7,-35.2229,1.7478,-1.0708
382.172,7,-35.2217,1.7477,-1.0713
382.185,7,-35.2206,1.7477,-1.0721
382.199,7,-35.2183,1.7481,-1.0733
382.212,7,-35.2159,1.7487,-1.0743
382.236,7,-35.2138,1.7506,-1.0758
382.258,7,-35.2121,1.7514,-1.0778
382.281,7,-35.2103,1.7524,-1.0794
382.304,7,-35.2089,1.7529,-1.0809
382.326,7,-35.2076,1.7526,-1.0820
382.348,7,-35.2066,1.7520,-1.0834
382.371,7,-35.2054,1.7513,-1.0844
382.402,7,-35.2043,1.7505,-1.0857
382.423,7,-35.2034,1.7506,-1.0867
382.436,7,-35.2024,1.7503,-1.0875
382.459,7,-35.2019,1.7496,-1.0879
382.482,7,-35.2015,1.7491,-1.0897
382.504,7,-35.2010,1.7486,-1.0894
382.527,7,-35.2001,1.7488,-1.0894
382.550,7,-35.1992,1.7498,-1.0893
382.572,7,-35.1982,1.7507,-1.0890
382.595,7,-35.1974,1.7511,-1.0889
382.617,7,-35.1967,1.7509,-1.0887
382.640,7,-35.1963,1.7504,-1.0886
382.663,7,-35.1957,1.7501,-1.0888
382.685,7,-35.1951,1.7489,-1.0890
382.706,7,-35.1949,1.7485,-1.0890
382.722,7,-35.1945,1.7481,-1.0888
382.734,7,-35.1944,1.7479,-1.0888
382.748,7,-35.1943,1.7477,-1.0887
382.761,7,-35.1941,1.7473,-1.0886
382.776,7,-35.1941,1.7472,-1.0886
382.789,7,-35.1942,1.7471,-1.0886
382.803,7,-35.1942,1.7472,-1.0883
382.817,7,-35.1942,1.7472,-1.0883
382.831,7,-35.1943,1.7473,-1.0883
382.845,7,-35.1944,1.7473,-1.0883
382.866,7,-35.1952,1.7476,-1.0891
382.881,7,-35.1956,1.7480,-1.0888
382.894,7,-35.1958,1.7480,-1.0889
382.909,7,-35.1960,1.7480,-1.0889
382.923,7,-35.1961,1.7480,-1.0890

# --- Trial 8 start ---
395.250,8,-39.7552,1.7530,-1.0846
395.364,8,-39.7519,1.7531,-1.0837
395.391,8,-39.7509,1.7530,-1.0834
395.409,8,-39.7495,1.7529,-1.0830
395.431,8,-39.7490,1.7528,-1.0829
395.446,8,-39.7484,1.7528,-1.0827
395.459,8,-39.7478,1.7527,-1.0826
395.474,8,-39.7472,1.7527,-1.0824
395.498,8,-39.7467,1.7528,-1.0823
395.516,8,-39.7461,1.7529,-1.0819
395.550,8,-39.7455,1.7530,-1.0813
395.570,8,-39.7448,1.7531,-1.0809
395.584,8,-39.7441,1.7532,-1.0804
395.608,8,-39.7434,1.7532,-1.0798
395.629,8,-39.7428,1.7533,-1.0790
395.651,8,-39.7421,1.7533,-1.0779
395.674,8,-39.7413,1.7535,-1.0768
395.695,8,-39.7405,1.7538,-1.0757
395.719,8,-39.7396,1.7545,-1.0741
395.741,8,-39.7384,1.7553,-1.0725
395.763,8,-39.7372,1.7562,-1.0706
395.785,8,-39.7360,1.7564,-1.0687
395.808,8,-39.7346,1.7552,-1.0668
395.830,8,-39.7331,1.7532,-1.0651
395.862,8,-39.7314,1.7524,-1.0640
395.883,8,-39.7302,1.7521,-1.0629
395.896,8,-39.7292,1.7521,-1.0619
395.921,8,-39.7290,1.7526,-1.0612
395.943,8,-39.7296,1.7523,-1.0611
395.960,8,-39.7299,1.7521,-1.0610
395.973,8,-39.7300,1.7521,-1.0608
395.988,8,-39.7300,1.7524,-1.0602
396.007,8,-39.7300,1.7530,-1.0601
396.023,8,-39.7297,1.7536,-1.0597
396.037,8,-39.7296,1.7539,-1.0596
396.052,8,-39.7294,1.7540,-1.0596
396.067,8,-39.7291,1.7540,-1.0596
396.082,8,-39.7289,1.7539,-1.0596
396.096,8,-39.7286,1.7537,-1.0597
396.109,8,-39.7283,1.7536,-1.0598
396.124,8,-39.7279,1.7533,-1.0599
396.138,8,-39.7276,1.7532,-1.0601
396.156,8,-39.7271,1.7529,-1.0604
396.171,8,-39.7269,1.7527,-1.0607
396.185,8,-39.7269,1.7524,-1.0611
396.200,8,-39.7267,1.7521,-1.0615
396.214,8,-39.7263,1.7517,-1.0622
396.227,8,-39.7261,1.7515,-1.0627
396.241,8,-39.7259,1.7511,-1.0633
396.255,8,-39.7254,1.7503,-1.0642
396.269,8,-39.7251,1.7497,-1.0648
396.283,8,-39.7250,1.7488,-1.0656
396.296,8,-39.7247,1.7478,-1.0665
396.311,8,-39.7242,1.7461,-1.0681
396.326,8,-39.7238,1.7437,-1.0701
396.339,8,-39.7232,1.7412,-1.0722
396.363,8,-39.7226,1.7370,-1.0746
396.383,8,-39.7226,1.7309,-1.0774
396.408,8,-39.7207,1.7303,-1.0807
396.429,8,-39.7181,1.7405,-1.0841
396.452,8,-39.7162,1.7392,-1.0869
396.482,8,-39.7165,1.7361,-1.0899
396.505,8,-39.7171,1.7383,-1.0924
396.519,8,-39.7167,1.7408,-1.0949
396.542,8,-39.7159,1.7442,-1.0975
396.565,8,-39.7148,1.7452,-1.0994
396.588,8,-39.7138,1.7473,-1.1016
396.611,8,-39.7124,1.7491,-1.1040
396.641,8,-39.7110,1.7480,-1.1060
396.661,8,-39.7096,1.7475,-1.1082
396.676,8,-39.7080,1.7473,-1.1104
396.699,8,-39.7058,1.7469,-1.1125
396.721,8,-39.7030,1.7451,-1.1140
396.743,8,-39.7003,1.7434,-1.1155
396.766,8,-39.6971,1.7425,-1.1171
396.797,8,-39.6940,1.7425,-1.1171
396.816,8,-39.6896,1.7421,-1.1180
396.831,8,-39.6869,1.7421,-1.1186
396.847,8,-39.6821,1.7422,-1.1195
396.860,8,-39.6791,1.7423,-1.1197
396.875,8,-39.6762,1.7425,-1.1194
396.890,8,-39.6703,1.7424,-1.1198
396.906,8,-39.6666,1.7424,-1.1200
396.922,8,-39.6598,1.7422,-1.1201
396.939,8,-39.6556,1.7420,-1.1203
396.955,8,-39.6480,1.7413,-1.1202
396.969,8,-39.6436,1.7408,-1.1200
396.984,8,-39.6350,1.7400,-1.1200
396.997,8,-39.6302,1.7393,-1.1196
397.013,8,-39.6250,1.7386,-1.1193
397.028,8,-39.6198,1.7377,-1.1190
397.043,8,-39.6097,1.7364,-1.1183
397.058,8,-39.6040,1.7358,-1.1175
397.075,8,-39.5980,1.7350,-1.1170
397.091,8,-39.5866,1.7333,-1.1161
397.107,8,-39.5749,1.7314,-1.1148
397.123,8,-39.5682,1.7301,-1.1139
397.138,8,-39.5616,1.7291,-1.1130
397.152,8,-39.5427,1.7263,-1.1109
397.173,8,-39.5290,1.7244,-1.1090
397.198,8,-39.5143,1.7221,-1.1067
397.222,8,-39.4998,1.7202,-1.1040
397.242,8,-39.4848,1.7179,-1.1015
397.271,8,-39.4690,1.7154,-1.0983
397.293,8,-39.4526,1.7154,-1.0953
397.308,8,-39.4361,1.7164,-1.0923
397.331,8,-39.4182,1.7186,-1.0891
397.353,8,-39.4000,1.7210,-1.0860
397.375,8,-39.3826,1.7251,-1.0831
397.398,8,-39.3655,1.7297,-1.0807
397.420,8,-39.3489,1.7329,-1.0782
397.442,8,-39.3332,1.7345,-1.0760
397.465,8,-39.3171,1.7361,-1.0744
397.487,8,-39.3005,1.7386,-1.0732
397.510,8,-39.2838,1.7417,-1.0721
397.531,8,-39.2667,1.7448,-1.0715
397.555,8,-39.2493,1.7469,-1.0716
397.578,8,-39.2317,1.7475,-1.0718
397.600,8,-39.2142,1.7471,-1.0721
397.622,8,-39.1958,1.7462,-1.0727
397.644,8,-39.1777,1.7442,-1.0730
397.667,8,-39.1680,1.7409,-1.0734
397.682,8,-39.1582,1.7390,-1.0741
397.696,8,-39.1489,1.7370,-1.0746
397.710,8,-39.1392,1.7351,-1.0755
397.730,8,-39.1194,1.7312,-1.0771
397.750,8,-39.0992,1.7269,-1.0790
397.767,8,-39.0782,1.7225,-1.0813
397.784,8,-39.0671,1.7199,-1.0828
397.803,8,-39.0457,1.7154,-1.0856
397.820,8,-39.0238,1.7114,-1.0887
397.836,8,-39.0124,1.7099,-1.0906
397.849,8,-39.0011,1.7087,-1.0925
397.863,8,-38.9897,1.7077,-1.0944
397.881,8,-38.9671,1.7058,-1.0980
397.898,8,-38.9445,1.7046,-1.1017
397.912,8,-38.9329,1.7058,-1.1036
397.926,8,-38.9210,1.7083,-1.1055
397.940,8,-38.9093,1.7107,-1.1074
397.953,8,-38.8975,1.7130,-1.1090
397.969,8,-38.8746,1.7159,-1.1120
397.984,8,-38.8524,1.7183,-1.1145
397.998,8,-38.8420,1.7187,-1.1148
398.012,8,-38.8315,1.7191,-1.1150
398.031,8,-38.8209,1.7203,-1.1148
398.050,8,-38.7989,1.7235,-1.1149
398.066,8,-38.7772,1.7269,-1.1148
398.081,8,-38.7557,1.7301,-1.1144
398.095,8,-38.7343,1.7329,-1.1135
398.120,8,-38.7128,1.7358,-1.1113
398.142,8,-38.6914,1.7371,-1.1085
398.164,8,-38.6697,1.7370,-1.1060
398.186,8,-38.6480,1.7357,-1.1036
398.208,8,-38.6258,1.7339,-1.1010
398.230,8,-38.6031,1.7309,-1.0982
398.252,8,-38.5801,1.7271,-1.0956
398.273,8,-38.5566,1.7229,-1.0930
398.296,8,-38.5333,1.7181,-1.0903
398.318,8,-38.5094,1.7126,-1.0876
398.340,8,-38.4854,1.7066,-1.0850
398.371,8,-38.4610,1.7021,-1.0817
398.393,8,-38.4369,1.6991,-1.0783
398.407,8,-38.4134,1.6963,-1.0753
398.430,8,-38.3894,1.6949,-1.0722
398.453,8,-38.3654,1.6953,-1.0691
398.475,8,-38.3413,1.6998,-1.0662
398.498,8,-38.3178,1.7042,-1.0637
398.529,8,-38.2964,1.7082,-1.0625
398.551,8,-38.2865,1.7111,-1.0624
398.564,8,-38.2646,1.7150,-1.0612
398.578,8,-38.2539,1.7179,-1.0609
398.591,8,-38.2431,1.7210,-1.0608
398.607,8,-38.2323,1.7246,-1.0608
398.621,8,-38.2217,1.7278,-1.0605
398.635,8,-38.2111,1.7309,-1.0604
398.648,8,-38.1903,1.7361,-1.0601
398.663,8,-38.1697,1.7406,-1.0603
398.683,8,-38.1598,1.7419,-1.0606
398.698,8,-38.1394,1.7448,-1.0608
398.712,8,-38.1291,1.7449,-1.0611
398.732,8,-38.1081,1.7453,-1.0616
398.745,8,-38.0971,1.7445,-1.0623
398.759,8,-38.0864,1.7434,-1.0626
398.772,8,-38.0651,1.7423,-1.0634
398.787,8,-38.0542,1.7402,-1.0638
398.801,8,-38.0429,1.7383,-1.0646
398.816,8,-38.0319,1.7360,-1.0653
398.835,8,-38.0101,1.7319,-1.0665
398.850,8,-37.9991,1.7290,-1.0672
398.865,8,-37.9885,1.7262,-1.0681
398.880,8,-37.9669,1.7218,-1.0698
398.893,8,-37.9561,1.7195,-1.0710
398.907,8,-37.9343,1.7154,-1.0733
398.920,8,-37.9123,1.7114,-1.0757
398.940,8,-37.8900,1.7088,-1.0790
398.963,8,-37.8675,1.7073,-1.0830
398.985,8,-37.8451,1.7068,-1.0878
399.007,8,-37.8233,1.7063,-1.0920
399.029,8,-37.8004,1.7095,-1.0962
399.052,8,-37.7777,1.7143,-1.0999
399.073,8,-37.7558,1.7159,-1.1032
399.097,8,-37.7357,1.7156,-1.1056
399.118,8,-37.7160,1.7160,-1.1073
399.140,8,-37.6962,1.7197,-1.1085
399.163,8,-37.6766,1.7240,-1.1094
399.185,8,-37.6575,1.7282,-1.1102
399.207,8,-37.6383,1.7333,-1.1110
399.229,8,-37.6192,1.7372,-1.1116
399.253,8,-37.6000,1.7402,-1.1121
399.274,8,-37.5804,1.7422,-1.1128
399.297,8,-37.5602,1.7427,-1.1134
399.319,8,-37.5395,1.7414,-1.1140
399.342,8,-37.5190,1.7389,-1.1142
399.365,8,-37.4981,1.7355,-1.1143
399.388,8,-37.4869,1.7324,-1.1141
399.404,8,-37.4760,1.7302,-1.1138
399.418,8,-37.4652,1.7279,-1.1136
399.432,8,-37.4441,1.7240,-1.1133
399.445,8,-37.4333,1.7214,-1.1129
399.459,8,-37.4227,1.7191,-1.1125
399.478,8,-37.4010,1.7154,-1.1118
399.493,8,-37.3791,1.7125,-1.1111
399.507,8,-37.3678,1.7117,-1.1105
399.523,8,-37.3562,1.7113,-1.1100
399.537,8,-37.3458,1.7111,-1.1095
399.551,8,-37.3232,1.7103,-1.1085
399.565,8,-37.3118,1.7107,-1.1080
399.579,8,-37.3002,1.7125,-1.1075
399.593,8,-37.2773,1.7148,-1.1067
399.611,8,-37.2659,1.7168,-1.1064
399.624,8,-37.2547,1.7175,-1.1062
399.638,8,-37.2441,1.7182,-1.1060
399.651,8,-37.2224,1.7199,-1.1057
399.665,8,-37.2117,1.7214,-1.1057
399.677,8,-37.2010,1.7230,-1.1059
399.691,8,-37.1906,1.7250,-1.1060
399.706,8,-37.1801,1.7275,-1.1062
399.719,8,-37.1592,1.7315,-1.1065
399.732,8,-37.1489,1.7341,-1.1068
399.747,8,-37.1388,1.7370,-1.1073
399.759,8,-37.1286,1.7394,-1.1079
399.772,8,-37.1083,1.7436,-1.1088
399.792,8,-37.0886,1.7469,-1.1101
399.814,8,-37.0691,1.7488,-1.1116
399.828,8,-37.0494,1.7505,-1.1130
399.852,8,-37.0296,1.7502,-1.1149
399.874,8,-37.0093,1.7494,-1.1168
399.896,8,-36.9894,1.7480,-1.1176
399.917,8,-36.9687,1.7460,-1.1199
399.939,8,-36.9480,1.7430,-1.1223
399.961,8,-36.9269,1.7394,-1.1250
399.984,8,-36.9061,1.7349,-1.1280
400.006,8,-36.8853,1.7301,-1.1312
400.029,8,-36.8647,1.7265,-1.1345
400.050,8,-36.8443,1.7240,-1.1378
400.072,8,-36.8240,1.7221,-1.1413
400.095,8,-36.8041,1.7198,-1.1448
400.127,8,-36.7851,1.7174,-1.1482
400.148,8,-36.7653,1.7201,-1.1518
400.170,8,-36.7455,1.7214,-1.1547
400.183,8,-36.7257,1.7219,-1.1576
400.208,8,-36.7069,1.7242,-1.1599
400.230,8,-36.6885,1.7269,-1.1616
400.253,8,-36.6794,1.7300,-1.1617
400.274,8,-36.6706,1.7325,-1.1621
400.290,8,-36.6525,1.7359,-1.1632
400.303,8,-36.6436,1.7378,-1.1635
400.316,8,-36.6347,1.7394,-1.1638
400.332,8,-36.6259,1.7407,-1.1640
400.348,8,-36.6080,1.7431,-1.1645
400.362,8,-36.5992,1.7437,-1.1646
400.377,8,-36.5813,1.7446,-1.1649
400.391,8,-36.5723,1.7443,-1.1650
400.406,8,-36.5631,1.7441,-1.1650
400.420,8,-36.5448,1.7436,-1.1652
400.434,8,-36.5354,1.7428,-1.1652
400.448,8,-36.5262,1.7419,-1.1650
400.462,8,-36.5074,1.7405,-1.1649
400.476,8,-36.4976,1.7392,-1.1648
400.489,8,-36.4877,1.7379,-1.1645
400.504,8,-36.4781,1.7367,-1.1642
400.519,8,-36.4584,1.7342,-1.1637
400.532,8,-36.4485,1.7326,-1.1632
400.546,8,-36.4385,1.7305,-1.1626
400.559,8,-36.4287,1.7289,-1.1619
400.577,8,-36.4089,1.7261,-1.1606
400.592,8,-36.3991,1.7253,-1.1598
400.605,8,-36.3893,1.7246,-1.1591
400.618,8,-36.3697,1.7228,-1.1578
400.632,8,-36.3500,1.7210,-1.1564
400.651,8,-36.3305,1.7196,-1.1547
400.672,8,-36.3109,1.7200,-1.1530
400.695,8,-36.2912,1.7233,-1.1516
400.718,8,-36.2721,1.7262,-1.1500
400.739,8,-36.2531,1.7284,-1.1485
400.760,8,-36.2345,1.7311,-1.1472
400.782,8,-36.2159,1.7329,-1.1460
400.805,8,-36.1982,1.7336,-1.1455
400.828,8,-36.1799,1.7359,-1.1454
400.851,8,-36.1614,1.7397,-1.1456
400.873,8,-36.1431,1.7445,-1.1461
400.904,8,-36.1251,1.7488,-1.1470
400.925,8,-36.1074,1.7508,-1.1477
400.938,8,-36.0898,1.7529,-1.1482
400.961,8,-36.0724,1.7532,-1.1490
400.985,8,-36.0548,1.7523,-1.1499
401.007,8,-36.0368,1.7509,-1.1508
401.029,8,-36.0184,1.7494,-1.1518
401.061,8,-35.9998,1.7465,-1.1531
401.083,8,-35.9814,1.7432,-1.1543
401.097,8,-35.9722,1.7409,-1.1549
401.113,8,-35.9631,1.7390,-1.1557
401.127,8,-35.9540,1.7373,-1.1565
401.141,8,-35.9358,1.7344,-1.1580
401.155,8,-35.9268,1.7330,-1.1590
401.169,8,-35.9181,1.7317,-1.1600
401.183,8,-35.9092,1.7305,-1.1610
401.196,8,-35.9004,1.7292,-1.1622
401.210,8,-35.8917,1.7279,-1.1633
401.224,8,-35.8743,1.7251,-1.1654
401.239,8,-35.8659,1.7238,-1.1666
401.253,8,-35.8491,1.7229,-1.1688
401.267,8,-35.8409,1.7242,-1.1700
401.281,8,-35.8327,1.7249,-1.1711
401.294,8,-35.8243,1.7254,-1.1723
401.308,8,-35.8080,1.7264,-1.1744
401.322,8,-35.8004,1.7278,-1.1754
401.335,8,-35.7930,1.7290,-1.1763
401.354,8,-35.7783,1.7307,-1.1778
401.370,8,-35.7714,1.7319,-1.1782
401.383,8,-35.7644,1.7333,-1.1785
401.397,8,-35.7500,1.7360,-1.1791
401.411,8,-35.7429,1.7379,-1.1789
401.425,8,-35.7359,1.7396,-1.1787
401.439,8,-35.7289,1.7414,-1.1784
401.454,8,-35.7148,1.7446,-1.1781
401.468,8,-35.7007,1.7475,-1.1775
401.482,8,-35.6867,1.7502,-1.1768
401.506,8,-35.6729,1.7519,-1.1758
401.536,8,-35.6590,1.7521,-1.1744
401.558,8,-35.6450,1.7522,-1.1730
401.572,8,-35.6310,1.7523,-1.1718
401.595,8,-35.6168,1.7515,-1.1700
401.617,8,-35.6023,1.7503,-1.1681
401.640,8,-35.5884,1.7482,-1.1660
401.661,8,-35.5746,1.7451,-1.1638
401.683,8,-35.5612,1.7411,-1.1614
401.705,8,-35.5479,1.7369,-1.1588
401.727,8,-35.5344,1.7340,-1.1557
401.750,8,-35.5210,1.7326,-1.1523
401.771,8,-35.5077,1.7312,-1.1487
401.794,8,-35.4948,1.7294,-1.1449
401.817,8,-35.4821,1.7274,-1.1411
401.849,8,-35.4697,1.7263,-1.1373
401.870,8,-35.4573,1.7263,-1.1337
401.883,8,-35.4451,1.7269,-1.1304
401.907,8,-35.4394,1.7305,-1.1290
401.923,8,-35.4338,1.7325,-1.1278
401.937,8,-35.4282,1.7336,-1.1263
401.949,8,-35.4227,1.7344,-1.1250
401.961,8,-35.4174,1.7350,-1.1242
401.974,8,-35.4120,1.7355,-1.1229
401.990,8,-35.4013,1.7370,-1.1207
402.005,8,-35.3966,1.7378,-1.1205
402.017,8,-35.3915,1.7392,-1.1195
402.031,8,-35.3864,1.7406,-1.1184
402.046,8,-35.3762,1.7431,-1.1164
402.059,8,-35.3713,1.7444,-1.1153
402.073,8,-35.3613,1.7465,-1.1132
402.086,8,-35.3567,1.7471,-1.1123
402.099,8,-35.3522,1.7476,-1.1119
402.115,8,-35.3478,1.7479,-1.1108
402.130,8,-35.3389,1.7489,-1.1091
402.147,8,-35.3351,1.7489,-1.1086
402.165,8,-35.3270,1.7491,-1.1069
402.178,8,-35.3234,1.7488,-1.1064
402.193,8,-35.3198,1.7483,-1.1054
402.207,8,-35.3126,1.7479,-1.1042
402.221,8,-35.3096,1.7475,-1.1036
402.234,8,-35.3066,1.7472,-1.1031
402.249,8,-35.2968,1.7467,-1.1013
402.269,8,-35.2915,1.7466,-1.1009
402.295,8,-35.2867,1.7474,-1.1009
402.316,8,-35.2819,1.7463,-1.1003
402.339,8,-35.2776,1.7451,-1.1003
402.360,8,-35.2734,1.7452,-1.1001
402.382,8,-35.2695,1.7456,-1.1002
402.403,8,-35.2654,1.7457,-1.1006
402.427,8,-35.2614,1.7462,-1.1009
402.449,8,-35.2576,1.7466,-1.1015
402.471,8,-35.2539,1.7469,-1.1020
402.493,8,-35.2501,1.7470,-1.1024
402.516,8,-35.2467,1.7466,-1.1031
402.539,8,-35.2436,1.7459,-1.1047
402.563,8,-35.2407,1.7452,-1.1053
402.582,8,-35.2376,1.7451,-1.1058
402.606,8,-35.2346,1.7447,-1.1060
402.628,8,-35.2318,1.7442,-1.1065
402.651,8,-35.2292,1.7441,-1.1071
402.674,8,-35.2263,1.7442,-1.1081
402.695,8,-35.2238,1.7450,-1.1089
402.718,8,-35.2216,1.7454,-1.1107
402.741,8,-35.2198,1.7454,-1.1123
402.763,8,-35.2191,1.7453,-1.1128
402.780,8,-35.2182,1.7454,-1.1133
402.793,8,-35.2173,1.7456,-1.1137
402.808,8,-35.2165,1.7457,-1.1140
402.821,8,-35.2157,1.7460,-1.1144
402.834,8,-35.2148,1.7461,-1.1146
402.847,8,-35.2123,1.7464,-1.1155
402.860,8,-35.2118,1.7463,-1.1161
402.877,8,-35.2114,1.7460,-1.1164
402.891,8,-35.2109,1.7458,-1.1168
402.904,8,-35.2098,1.7457,-1.1185
402.918,8,-35.2093,1.7457,-1.1191
402.930,8,-35.2088,1.7459,-1.1197
402.944,8,-35.2083,1.7461,-1.1203
402.957,8,-35.2078,1.7464,-1.1208
402.971,8,-35.2069,1.7467,-1.1220

# --- Trial 9 start ---
413.376,9,-39.7648,1.7546,-1.0397
413.491,9,-39.7648,1.7548,-1.0402
413.514,9,-39.7648,1.7551,-1.0405
413.536,9,-39.7648,1.7553,-1.0406
413.551,9,-39.7649,1.7553,-1.0407
413.565,9,-39.7650,1.7553,-1.0407
413.579,9,-39.7651,1.7554,-1.0408
413.592,9,-39.7652,1.7553,-1.0408
413.607,9,-39.7654,1.7552,-1.0407
413.624,9,-39.7656,1.7552,-1.0406
413.638,9,-39.7657,1.7550,-1.0406
413.654,9,-39.7659,1.7550,-1.0404
413.669,9,-39.7661,1.7550,-1.0401
413.683,9,-39.7663,1.7550,-1.0400
413.699,9,-39.7664,1.7550,-1.0398
413.713,9,-39.7666,1.7550,-1.0396
413.728,9,-39.7667,1.7551,-1.0393
413.744,9,-39.7669,1.7551,-1.0389
413.760,9,-39.7670,1.7550,-1.0386
413.776,9,-39.7671,1.7550,-1.0383
413.791,9,-39.7674,1.7549,-1.0377
413.805,9,-39.7675,1.7550,-1.0374
413.819,9,-39.7676,1.7551,-1.0370
413.833,9,-39.7677,1.7553,-1.0364
413.847,9,-39.7677,1.7556,-1.0359
413.861,9,-39.7676,1.7560,-1.0355
413.875,9,-39.7676,1.7564,-1.0349
413.890,9,-39.7673,1.7570,-1.0340
413.905,9,-39.7670,1.7574,-1.0334
413.919,9,-39.7667,1.7579,-1.0328
413.933,9,-39.7662,1.7586,-1.0316
413.948,9,-39.7657,1.7590,-1.0309
413.962,9,-39.7652,1.7593,-1.0302
413.977,9,-39.7649,1.7594,-1.0294
413.992,9,-39.7639,1.7596,-1.0279
414.007,9,-39.7632,1.7592,-1.0270
414.021,9,-39.7620,1.7587,-1.0254
414.037,9,-39.7615,1.7583,-1.0248
414.051,9,-39.7610,1.7583,-1.0241
414.067,9,-39.7598,1.7582,-1.0227
414.081,9,-39.7591,1.7579,-1.0221
414.101,9,-39.7582,1.7569,-1.0208
414.116,9,-39.7580,1.7567,-1.0203
414.131,9,-39.7578,1.7569,-1.0199
414.151,9,-39.7572,1.7574,-1.0191
414.166,9,-39.7568,1.7576,-1.0185
414.182,9,-39.7567,1.7577,-1.0183
414.197,9,-39.7565,1.7580,-1.0181
414.213,9,-39.7561,1.7584,-1.0175
414.229,9,-39.7558,1.7585,-1.0173
414.243,9,-39.7555,1.7586,-1.0170
414.257,9,-39.7553,1.7584,-1.0168
414.272,9,-39.7551,1.7583,-1.0166
414.288,9,-39.7549,1.7581,-1.0166
414.306,9,-39.7545,1.7578,-1.0165
414.322,9,-39.7538,1.7575,-1.0164
414.338,9,-39.7535,1.7573,-1.0164
414.353,9,-39.7530,1.7569,-1.0164
414.367,9,-39.7526,1.7567,-1.0165
414.382,9,-39.7519,1.7561,-1.0168
414.396,9,-39.7517,1.7559,-1.0170
414.411,9,-39.7510,1.7552,-1.0175
414.426,9,-39.7507,1.7547,-1.0178
414.440,9,-39.7502,1.7542,-1.0182
414.455,9,-39.7495,1.7529,-1.0188
414.469,9,-39.7492,1.7521,-1.0194
414.485,9,-39.7488,1.7513,-1.0201
414.500,9,-39.7481,1.7498,-1.0211
414.514,9,-39.7477,1.7484,-1.0218
414.529,9,-39.7473,1.7465,-1.0226
414.544,9,-39.7470,1.7441,-1.0235
414.561,9,-39.7457,1.7437,-1.0253
414.576,9,-39.7450,1.7482,-1.0264
414.592,9,-39.7437,1.7526,-1.0282
414.607,9,-39.7426,1.7523,-1.0290
414.622,9,-39.7417,1.7510,-1.0310
414.636,9,-39.7414,1.7496,-1.0319
414.650,9,-39.7415,1.7491,-1.0329
414.665,9,-39.7418,1.7503,-1.0339
414.681,9,-39.7414,1.7520,-1.0357
414.696,9,-39.7410,1.7531,-1.0367
414.712,9,-39.7403,1.7538,-1.0383
414.726,9,-39.7400,1.7538,-1.0390
414.746,9,-39.7396,1.7543,-1.0399
414.762,9,-39.7390,1.7556,-1.0417
414.777,9,-39.7387,1.7559,-1.0426
414.793,9,-39.7382,1.7560,-1.0438
414.809,9,-39.7378,1.7558,-1.0444
414.825,9,-39.7371,1.7559,-1.0459
414.840,9,-39.7366,1.7560,-1.0469
414.856,9,-39.7357,1.7563,-1.0484
414.871,9,-39.7348,1.7561,-1.0490
414.887,9,-39.7340,1.7558,-1.0498
414.903,9,-39.7328,1.7558,-1.0511
414.922,9,-39.7313,1.7555,-1.0527
414.940,9,-39.7305,1.7554,-1.0534
414.956,9,-39.7288,1.7548,-1.0544
414.970,9,-39.7278,1.7544,-1.0551
414.986,9,-39.7268,1.7541,-1.0561
415.001,9,-39.7250,1.7534,-1.0574
415.016,9,-39.7239,1.7530,-1.0583
415.031,9,-39.7227,1.7525,-1.0589
415.048,9,-39.7204,1.7513,-1.0602
415.063,9,-39.7191,1.7506,-1.0609
415.079,9,-39.7166,1.7491,-1.0624
415.094,9,-39.7152,1.7481,-1.0632
415.111,9,-39.7138,1.7468,-1.0638
415.126,9,-39.7108,1.7448,-1.0652
415.143,9,-39.7075,1.7431,-1.0667
415.157,9,-39.7056,1.7425,-1.0675
415.173,9,-39.7036,1.7417,-1.0682
415.189,9,-39.7017,1.7408,-1.0688
415.205,9,-39.6977,1.7392,-1.0700
415.224,9,-39.6929,1.7379,-1.0712
415.239,9,-39.6900,1.7375,-1.0718
415.256,9,-39.6870,1.7370,-1.0722
415.272,9,-39.6814,1.7362,-1.0729
415.287,9,-39.6779,1.7361,-1.0731
415.305,9,-39.6711,1.7359,-1.0737
415.320,9,-39.6669,1.7361,-1.0736
415.335,9,-39.6628,1.7360,-1.0736
415.355,9,-39.6547,1.7354,-1.0736
415.372,9,-39.6463,1.7348,-1.0736
415.386,9,-39.6414,1.7343,-1.0736
415.405,9,-39.6316,1.7328,-1.0731
415.421,9,-39.6215,1.7315,-1.0724
415.436,9,-39.6160,1.7305,-1.0719
415.450,9,-39.6104,1.7299,-1.0712
415.466,9,-39.5991,1.7283,-1.0702
415.482,9,-39.5928,1.7272,-1.0694
415.498,9,-39.5865,1.7261,-1.0686
415.514,9,-39.5744,1.7240,-1.0669
415.530,9,-39.5679,1.7229,-1.0660
415.546,9,-39.5553,1.7209,-1.0642
415.561,9,-39.5486,1.7197,-1.0629
415.576,9,-39.5418,1.7189,-1.0614
415.592,9,-39.5281,1.7169,-1.0588
415.607,9,-39.5211,1.7160,-1.0575
415.623,9,-39.5074,1.7140,-1.0548
415.638,9,-39.5001,1.7132,-1.0533
415.653,9,-39.4927,1.7129,-1.0516
415.669,9,-39.4780,1.7119,-1.0487
415.684,9,-39.4703,1.7123,-1.0475
415.700,9,-39.4550,1.7128,-1.0450
415.720,9,-39.4467,1.7148,-1.0442
415.737,9,-39.4309,1.7172,-1.0419
415.753,9,-39.4148,1.7204,-1.0395
415.769,9,-39.4069,1.7226,-1.0386
415.788,9,-39.3991,1.7246,-1.0376
415.806,9,-39.3832,1.7270,-1.0356
415.821,9,-39.3753,1.7278,-1.0350
415.840,9,-39.3594,1.7301,-1.0335
415.857,9,-39.3434,1.7334,-1.0324
415.875,9,-39.3353,1.7356,-1.0326
415.892,9,-39.3193,1.7391,-1.0322
415.908,9,-39.3111,1.7404,-1.0323
415.923,9,-39.2950,1.7425,-1.0321
415.938,9,-39.2871,1.7427,-1.0324
415.952,9,-39.2792,1.7430,-1.0326
415.968,9,-39.2631,1.7436,-1.0328
415.982,9,-39.2550,1.7431,-1.0332
415.998,9,-39.2468,1.7422,-1.0337
416.013,9,-39.2298,1.7410,-1.0345
416.027,9,-39.2212,1.7397,-1.0351
416.041,9,-39.2040,1.7376,-1.0364
416.055,9,-39.1950,1.7360,-1.0373
416.070,9,-39.1859,1.7344,-1.0383
416.088,9,-39.1764,1.7327,-1.0394
416.103,9,-39.1580,1.7296,-1.0416
416.118,9,-39.1485,1.7276,-1.0430
416.133,9,-39.1297,1.7239,-1.0455
416.149,9,-39.1201,1.7219,-1.0473
416.164,9,-39.1105,1.7203,-1.0491
416.178,9,-39.0914,1.7176,-1.0527
416.195,9,-39.0816,1.7168,-1.0549
416.210,9,-39.0624,1.7147,-1.0590
416.227,9,-39.0527,1.7138,-1.0615
416.242,9,-39.0335,1.7124,-1.0661
416.257,9,-39.0235,1.7135,-1.0691
416.273,9,-39.0135,1.7156,-1.0720
416.287,9,-39.0036,1.7173,-1.0745
416.304,9,-38.9937,1.7192,-1.0772
416.320,9,-38.9745,1.7218,-1.0819
416.341,9,-38.9558,1.7238,-1.0863
416.359,9,-38.9279,1.7271,-1.0926
416.373,9,-38.9096,1.7300,-1.0961
416.390,9,-38.8913,1.7340,-1.0990
416.411,9,-38.8727,1.7383,-1.1012
416.432,9,-38.8538,1.7418,-1.1031
416.454,9,-38.8350,1.7447,-1.1045
416.477,9,-38.8166,1.7461,-1.1059
416.498,9,-38.7983,1.7458,-1.1073
416.521,9,-38.7795,1.7445,-1.1087
416.543,9,-38.7608,1.7422,-1.1098
416.565,9,-38.7419,1.7396,-1.1108
416.586,9,-38.7227,1.7366,-1.1116
416.610,9,-38.7030,1.7329,-1.1119
416.632,9,-38.6831,1.7290,-1.1123
416.664,9,-38.6624,1.7247,-1.1125
416.685,9,-38.6419,1.7207,-1.1125
416.700,9,-38.6217,1.7169,-1.1125
416.722,9,-38.6005,1.7131,-1.1123
416.745,9,-38.5789,1.7108,-1.1119
416.768,9,-38.5571,1.7100,-1.1109
416.790,9,-38.5352,1.7089,-1.1098
416.813,9,-38.5133,1.7079,-1.1086
416.835,9,-38.4910,1.7097,-1.1072
416.860,9,-38.4794,1.7135,-1.1061
416.878,9,-38.4685,1.7150,-1.1055
416.898,9,-38.4473,1.7171,-1.1046
416.915,9,-38.4265,1.7195,-1.1039
416.932,9,-38.4167,1.7212,-1.1039
416.948,9,-38.3959,1.7244,-1.1037
416.963,9,-38.3752,1.7286,-1.1036
416.976,9,-38.3650,1.7314,-1.1038
416.993,9,-38.3549,1.7341,-1.1042
417.009,9,-38.3459,1.7363,-1.1045
417.023,9,-38.3359,1.7384,-1.1048
417.037,9,-38.3158,1.7420,-1.1055
417.052,9,-38.2954,1.7447,-1.1063
417.066,9,-38.2850,1.7450,-1.1070
417.080,9,-38.2748,1.7449,-1.1078
417.096,9,-38.2643,1.7446,-1.1084
417.110,9,-38.2433,1.7444,-1.1094
417.126,9,-38.2323,1.7429,-1.1100
417.140,9,-38.2109,1.7414,-1.1110
417.155,9,-38.1999,1.7396,-1.1116
417.171,9,-38.1885,1.7376,-1.1122
417.186,9,-38.1771,1.7354,-1.1128
417.201,9,-38.1547,1.7320,-1.1139
417.216,9,-38.1436,1.7296,-1.1147
417.231,9,-38.1212,1.7251,-1.1160
417.245,9,-38.1097,1.7222,-1.1168
417.261,9,-38.0981,1.7197,-1.1176
417.275,9,-38.0755,1.7158,-1.1192
417.290,9,-38.0526,1.7127,-1.1209
417.308,9,-38.0294,1.7106,-1.1230
417.332,9,-38.0058,1.7095,-1.1254
417.355,9,-37.9828,1.7080,-1.1281
417.378,9,-37.9602,1.7077,-1.1307
417.399,9,-37.9370,1.7108,-1.1335
417.421,9,-37.9142,1.7128,-1.1355
417.451,9,-37.8927,1.7144,-1.1365
417.472,9,-37.8710,1.7163,-1.1369
417.487,9,-37.8494,1.7188,-1.1374
417.510,9,-37.8279,1.7232,-1.1370
417.532,9,-37.8060,1.7273,-1.1363
417.555,9,-37.7845,1.7315,-1.1353
417.577,9,-37.7631,1.7350,-1.1340
417.607,9,-37.7418,1.7359,-1.1323
417.629,9,-37.7203,1.7363,-1.1310
417.644,9,-37.6986,1.7364,-1.1297
417.667,9,-37.6760,1.7351,-1.1284
417.688,9,-37.6528,1.7331,-1.1271
417.712,9,-37.6299,1.7305,-1.1257
417.735,9,-37.6068,1.7269,-1.1244
417.757,9,-37.5950,1.7242,-1.1236
417.773,9,-37.5833,1.7218,-1.1227
417.789,9,-37.5719,1.7191,-1.1218
417.804,9,-37.5487,1.7146,-1.1202
417.822,9,-37.5374,1.7125,-1.1191
417.837,9,-37.5145,1.7095,-1.1170
417.852,9,-37.5033,1.7087,-1.1157
417.867,9,-37.4806,1.7066,-1.1133
417.883,9,-37.4691,1.7062,-1.1118
417.897,9,-37.4579,1.7059,-1.1102
417.917,9,-37.4354,1.7053,-1.1074
417.934,9,-37.4128,1.7073,-1.1045
417.949,9,-37.4018,1.7093,-1.1030
417.963,9,-37.3912,1.7105,-1.1017
417.977,9,-37.3805,1.7111,-1.1005
417.992,9,-37.3592,1.7123,-1.0984
418.007,9,-37.3490,1.7138,-1.0978
418.023,9,-37.3277,1.7170,-1.0965
418.037,9,-37.3174,1.7196,-1.0963
418.052,9,-37.2963,1.7240,-1.0958
418.072,9,-37.2856,1.7273,-1.0965
418.088,9,-37.2645,1.7323,-1.0966
418.101,9,-37.2542,1.7353,-1.0973
418.117,9,-37.2438,1.7375,-1.0980
418.131,9,-37.2128,1.7430,-1.0989
418.152,9,-37.1924,1.7445,-1.1002
418.176,9,-37.1724,1.7436,-1.1005
418.195,9,-37.1519,1.7422,-1.1019
418.220,9,-37.1309,1.7395,-1.1036
418.243,9,-37.1090,1.7369,-1.1054
418.264,9,-37.0869,1.7342,-1.1074
418.289,9,-37.0648,1.7309,-1.1098
418.313,9,-37.0427,1.7271,-1.1125
418.332,9,-37.0208,1.7229,-1.1153
418.353,9,-36.9989,1.7186,-1.1184
418.376,9,-36.9769,1.7153,-1.1220
418.407,9,-36.9550,1.7135,-1.1257
418.428,9,-36.9338,1.7117,-1.1294
418.450,9,-36.9127,1.7098,-1.1332
418.464,9,-36.8912,1.7091,-1.1369
418.487,9,-36.8696,1.7125,-1.1410
418.510,9,-36.8488,1.7143,-1.1444
418.533,9,-36.8294,1.7160,-1.1475
418.564,9,-36.8109,1.7175,-1.1491
418.585,9,-36.7918,1.7203,-1.1509
418.600,9,-36.7721,1.7244,-1.1527
418.623,9,-36.7527,1.7292,-1.1537
418.646,9,-36.7433,1.7317,-1.1535
418.662,9,-36.7337,1.7335,-1.1536
418.677,9,-36.7246,1.7347,-1.1535
418.691,9,-36.7056,1.7372,-1.1539
418.710,9,-36.6864,1.7388,-1.1538
418.727,9,-36.6769,1.7385,-1.1534
418.741,9,-36.6676,1.7383,-1.1532
418.756,9,-36.6583,1.7378,-1.1529
418.772,9,-36.6392,1.7372,-1.1523
418.791,9,-36.6193,1.7360,-1.1517
418.807,9,-36.5989,1.7342,-1.1508
418.821,9,-36.5886,1.7328,-1.1502
418.838,9,-36.5780,1.7310,-1.1495
418.855,9,-36.5572,1.7279,-1.1481
418.871,9,-36.5466,1.7255,-1.1472
418.886,9,-36.5363,1.7230,-1.1463
418.901,9,-36.5157,1.7192,-1.1446
418.916,9,-36.5054,1.7175,-1.1436
418.931,9,-36.4950,1.7165,-1.1425
418.946,9,-36.4745,1.7141,-1.1406
418.961,9,-36.4642,1.7135,-1.1394
418.975,9,-36.4538,1.7130,-1.1383
418.989,9,-36.4332,1.7119,-1.1361
419.004,9,-36.4229,1.7121,-1.1350
419.018,9,-36.4024,1.7125,-1.1329
419.039,9,-36.3926,1.7154,-1.1318
419.055,9,-36.3627,1.7167,-1.1286
419.074,9,-36.3437,1.7179,-1.1267
419.098,9,-36.3251,1.7202,-1.1252
419.118,9,-36.3067,1.7222,-1.1238
419.141,9,-36.2887,1.7246,-1.1229
419.163,9,-36.2703,1.7279,-1.1223
419.185,9,-36.2522,1.7321,-1.1220
419.208,9,-36.2344,1.7360,-1.1221
419.231,9,-36.2173,1.7397,-1.1226
419.254,9,-36.2004,1.7424,-1.1229
419.276,9,-36.1837,1.7437,-1.1235
419.298,9,-36.1666,1.7443,-1.1245
419.320,9,-36.1491,1.7445,-1.1256
419.343,9,-36.1312,1.7443,-1.1269
419.373,9,-36.1131,1.7424,-1.1286
419.394,9,-36.0952,1.7406,-1.1304
419.410,9,-36.0775,1.7388,-1.1320
419.431,9,-36.0597,1.7357,-1.1339
419.454,9,-36.0422,1.7314,-1.1360
419.477,9,-36.0247,1.7284,-1.1382
419.500,9,-36.0075,1.7261,-1.1407
419.530,9,-35.9904,1.7238,-1.1435
419.552,9,-35.9737,1.7214,-1.1461
419.566,9,-35.9657,1.7205,-1.1475
419.583,9,-35.9572,1.7209,-1.1492
419.597,9,-35.9488,1.7216,-1.1508
419.614,9,-35.9319,1.7223,-1.1536
419.628,9,-35.9150,1.7229,-1.1564
419.642,9,-35.9068,1.7235,-1.1577
419.659,9,-35.8990,1.7239,-1.1588
419.680,9,-35.8835,1.7245,-1.1606
419.696,9,-35.8677,1.7254,-1.1625
419.712,9,-35.8599,1.7267,-1.1630
419.727,9,-35.8516,1.7283,-1.1635
419.743,9,-35.8355,1.7304,-1.1647
419.758,9,-35.8277,1.7316,-1.1643
419.772,9,-35.8199,1.7328,-1.1645
419.787,9,-35.8043,1.7349,-1.1650
419.803,9,-35.7970,1.7357,-1.1648
419.818,9,-35.7896,1.7360,-1.1647
419.835,9,-35.7745,1.7369,-1.1646
419.854,9,-35.7597,1.7375,-1.1641
419.867,9,-35.7521,1.7374,-1.1637
419.882,9,-35.7445,1.7374,-1.1633
419.897,9,-35.7368,1.7371,-1.1629
419.913,9,-35.7214,1.7369,-1.1622
419.929,9,-35.7058,1.7358,-1.1619
419.943,9,-35.6980,1.7351,-1.1609
419.958,9,-35.6826,1.7340,-1.1600
419.974,9,-35.6670,1.7323,-1.1584
419.997,9,-35.6511,1.7293,-1.1568
420.021,9,-35.6352,1.7256,-1.1551
420.043,9,-35.6196,1.7226,-1.1532
420.064,9,-35.6038,1.7202,-1.1511
420.086,9,-35.5878,1.7181,-1.1490
420.108,9,-35.5723,1.7160,-1.1464
420.131,9,-35.5571,1.7137,-1.1439
420.162,9,-35.5424,1.7133,-1.1415
420.183,9,-35.5278,1.7136,-1.1392
420.196,9,-35.5129,1.7140,-1.1369
420.220,9,-35.4989,1.7169,-1.1347
420.242,9,-35.4857,1.7207,-1.1325
420.265,9,-35.4733,1.7230,-1.1307
420.288,9,-35.4616,1.7249,-1.1295
420.318,9,-35.4507,1.7281,-1.1295
420.340,9,-35.4395,1.7316,-1.1293
420.362,9,-35.4286,1.7355,-1.1291
420.376,9,-35.4177,1.7385,-1.1289
420.400,9,-35.4082,1.7406,-1.1294
420.422,9,-35.3992,1.7421,-1.1299
420.445,9,-35.3909,1.7427,-1.1304
420.476,9,-35.3884,1.7424,-1.1313
420.491,9,-35.3802,1.7433,-1.1320
420.506,9,-35.3724,1.7440,-1.1330
420.518,9,-35.3687,1.7444,-1.1337
420.536,9,-35.3653,1.7445,-1.1343
420.550,9,-35.3621,1.7444,-1.1351
420.565,9,-35.3551,1.7446,-1.1362
420.580,9,-35.3520,1.7447,-1.1371
420.594,9,-35.3488,1.7449,-1.1377
420.610,9,-35.3424,1.7454,-1.1393
420.627,9,-35.3394,1.7462,-1.1401
420.644,9,-35.3332,1.7479,-1.1416
420.659,9,-35.3303,1.7486,-1.1428
420.673,9,-35.3274,1.7487,-1.1437
420.689,9,-35.3214,1.7492,-1.1456
420.704,9,-35.3186,1.7495,-1.1464
420.718,9,-35.3128,1.7504,-1.1478
420.732,9,-35.3100,1.7508,-1.1487
420.746,9,-35.3073,1.7509,-1.1493
420.761,9,-35.3046,1.7507,-1.1501
420.775,9,-35.2990,1.7508,-1.1511
420.790,9,-35.2966,1.7505,-1.1518
420.807,9,-35.2941,1.7504,-1.1524
420.823,9,-35.2892,1.7507,-1.1537
420.837,9,-35.2868,1.7511,-1.1540
420.850,9,-35.2846,1.7514,-1.1546
420.865,9,-35.2802,1.7514,-1.1560
420.879,9,-35.2760,1.7510,-1.1575
420.899,9,-35.2720,1.7506,-1.1591
420.919,9,-35.2680,1.7509,-1.1602
420.951,9,-35.2641,1.7526,-1.1610
420.972,9,-35.2603,1.7538,-1.1618
420.986,9,-35.2564,1.7546,-1.1624
421.009,9,-35.2534,1.7546,-1.1632
421.032,9,-35.2505,1.7544,-1.1639
421.054,9,-35.2477,1.7547,-1.1642
421.077,9,-35.2451,1.7550,-1.1643
421.106,9,-35.2426,1.7552,-1.1643
421.128,9,-35.2402,1.7555,-1.1645
421.142,9,-35.2379,1.7557,-1.1650
421.164,9,-35.2360,1.7549,-1.1651
421.187,9,-35.2343,1.7538,-1.1651
421.209,9,-35.2331,1.7530,-1.1651
421.231,9,-35.2318,1.7522,-1.1652
421.263,9,-35.2309,1.7517,-1.1649
421.285,9,-35.2300,1.7514,-1.1646
421.298,9,-35.2292,1.7510,-1.1647
421.322,9,-35.2288,1.7508,-1.1650
421.344,9,-35.2290,1.7509,-1.1646
421.360,9,-35.2291,1.7509,-1.1645
421.373,9,-35.2290,1.7509,-1.1646
421.386,9,-35.2290,1.7508,-1.1649
421.401,9,-35.2287,1.7507,-1.1649
421.415,9,-35.2286,1.7505,-1.1649
421.427,9,-35.2286,1.7503,-1.1649
421.446,9,-35.2287,1.7501,-1.1651
421.461,9,-35.2289,1.7498,-1.1651
421.474,9,-35.2289,1.7497,-1.1651
421.489,9,-35.2290,1.7494,-1.1652
421.503,9,-35.2292,1.7492,-1.1651
421.516,9,-35.2293,1.7491,-1.1651
421.531,9,-35.2294,1.7491,-1.1652
421.545,9,-35.2295,1.7492,-1.1650
421.560,9,-35.2296,1.7493,-1.1653
421.575,9,-35.2299,1.7494,-1.1654
421.589,9,-35.2300,1.7495,-1.1655
421.603,9,-35.2301,1.7494,-1.1657
421.619,9,-35.2304,1.7493,-1.1658
421.633,9,-35.2305,1.7492,-1.1661
421.648,9,-35.2306,1.7493,-1.1662
421.662,9,-35.2308,1.7492,-1.1665
421.677,9,-35.2309,1.7492,-1.1667
421.692,9,-35.2310,1.7491,-1.1669

# --- Trial 10 start ---
434.553,10,-39.7508,1.7544,-1.0550
434.668,10,-39.7494,1.7547,-1.0542
434.700,10,-39.7485,1.7546,-1.0537
434.718,10,-39.7483,1.7546,-1.0533
434.732,10,-39.7482,1.7546,-1.0531
434.747,10,-39.7481,1.7547,-1.0528
434.762,10,-39.7481,1.7547,-1.0527
434.776,10,-39.7481,1.7547,-1.0525
434.792,10,-39.7480,1.7547,-1.0522
434.807,10,-39.7481,1.7547,-1.0521
434.822,10,-39.7481,1.7548,-1.0520
434.841,10,-39.7481,1.7547,-1.0518
434.857,10,-39.7482,1.7546,-1.0515
434.872,10,-39.7483,1.7546,-1.0514
434.889,10,-39.7483,1.7545,-1.0513
434.907,10,-39.7484,1.7544,-1.0510
434.921,10,-39.7485,1.7544,-1.0510
434.935,10,-39.7486,1.7544,-1.0508
434.951,10,-39.7488,1.7544,-1.0507
434.966,10,-39.7487,1.7544,-1.0506
434.981,10,-39.7488,1.7546,-1.0504
434.997,10,-39.7488,1.7547,-1.0502
435.012,10,-39.7487,1.7552,-1.0500
435.029,10,-39.7487,1.7558,-1.0495
435.043,10,-39.7485,1.7562,-1.0491
435.058,10,-39.7482,1.7569,-1.0485
435.075,10,-39.7479,1.7573,-1.0480
435.092,10,-39.7476,1.7576,-1.0474
435.108,10,-39.7470,1.7582,-1.0464
435.123,10,-39.7463,1.7586,-1.0452
435.138,10,-39.7459,1.7586,-1.0445
435.153,10,-39.7453,1.7586,-1.0437
435.168,10,-39.7445,1.7585,-1.0423
435.184,10,-39.7440,1.7580,-1.0414
435.198,10,-39.7436,1.7572,-1.0405
435.213,10,-39.7425,1.7559,-1.0390
435.229,10,-39.7420,1.7550,-1.0382
435.244,10,-39.7409,1.7539,-1.0368
435.259,10,-39.7403,1.7532,-1.0361
435.275,10,-39.7396,1.7520,-1.0356
435.292,10,-39.7392,1.7510,-1.0353
435.310,10,-39.7383,1.7503,-1.0344
435.328,10,-39.7373,1.7509,-1.0337
435.344,10,-39.7362,1.7516,-1.0333
435.358,10,-39.7356,1.7524,-1.0335
435.379,10,-39.7353,1.7531,-1.0336
435.396,10,-39.7345,1.7539,-1.0333
435.411,10,-39.7344,1.7541,-1.0332
435.427,10,-39.7339,1.7547,-1.0330
435.441,10,-39.7338,1.7547,-1.0329
435.457,10,-39.7334,1.7548,-1.0327
435.473,10,-39.7332,1.7546,-1.0326
435.488,10,-39.7327,1.7544,-1.0324
435.504,10,-39.7325,1.7541,-1.0324
435.519,10,-39.7323,1.7538,-1.0324
435.535,10,-39.7318,1.7532,-1.0324
435.550,10,-39.7316,1.7527,-1.0325
435.565,10,-39.7310,1.7520,-1.0327
435.580,10,-39.7307,1.7514,-1.0330
435.595,10,-39.7304,1.7509,-1.0333
435.610,10,-39.7301,1.7502,-1.0337
435.628,10,-39.7293,1.7488,-1.0345
435.643,10,-39.7286,1.7472,-1.0354
435.658,10,-39.7281,1.7462,-1.0362
435.674,10,-39.7275,1.7450,-1.0370
435.689,10,-39.7268,1.7439,-1.0378
435.707,10,-39.7255,1.7419,-1.0395
435.723,10,-39.7242,1.7395,-1.0414
435.737,10,-39.7237,1.7377,-1.0426
435.752,10,-39.7225,1.7387,-1.0441
435.767,10,-39.7211,1.7439,-1.0457
435.785,10,-39.7192,1.7471,-1.0481
435.809,10,-39.7169,1.7459,-1.0506
435.828,10,-39.7153,1.7456,-1.0531
435.846,10,-39.7150,1.7463,-1.0542
435.866,10,-39.7137,1.7486,-1.0565
435.888,10,-39.7120,1.7503,-1.0588
435.907,10,-39.7101,1.7505,-1.0608
435.928,10,-39.7082,1.7510,-1.0627
435.951,10,-39.7064,1.7520,-1.0646
435.975,10,-39.7045,1.7517,-1.0665
436.001,10,-39.7022,1.7503,-1.0682
436.025,10,-39.6998,1.7496,-1.0703
436.045,10,-39.6971,1.7488,-1.0722
436.081,10,-39.6936,1.7472,-1.0733
436.099,10,-39.6873,1.7454,-1.0758
436.119,10,-39.6849,1.7451,-1.0762
436.139,10,-39.6805,1.7439,-1.0768
436.154,10,-39.6758,1.7430,-1.0775
436.171,10,-39.6728,1.7429,-1.0776
436.186,10,-39.6696,1.7427,-1.0774
436.204,10,-39.6637,1.7424,-1.0775
436.219,10,-39.6602,1.7423,-1.0772
436.237,10,-39.6532,1.7417,-1.0771
436.253,10,-39.6493,1.7415,-1.0770
436.273,10,-39.6415,1.7410,-1.0766
436.290,10,-39.6333,1.7402,-1.0760
436.306,10,-39.6287,1.7394,-1.0753
436.321,10,-39.6198,1.7384,-1.0744
436.341,10,-39.6142,1.7378,-1.0738
436.358,10,-39.6044,1.7366,-1.0725
436.375,10,-39.5988,1.7358,-1.0717
436.392,10,-39.5881,1.7344,-1.0702
436.408,10,-39.5820,1.7337,-1.0693
436.426,10,-39.5703,1.7323,-1.0677
436.441,10,-39.5637,1.7309,-1.0665
436.457,10,-39.5517,1.7282,-1.0642
436.472,10,-39.5450,1.7265,-1.0630
436.489,10,-39.5320,1.7235,-1.0606
436.507,10,-39.5250,1.7215,-1.0590
436.524,10,-39.5116,1.7180,-1.0561
436.540,10,-39.5047,1.7162,-1.0542
436.556,10,-39.4910,1.7134,-1.0510
436.573,10,-39.4835,1.7125,-1.0492
436.587,10,-39.4761,1.7119,-1.0475
436.602,10,-39.4614,1.7098,-1.0440
436.617,10,-39.4538,1.7089,-1.0421
436.632,10,-39.4461,1.7085,-1.0405
436.649,10,-39.4309,1.7086,-1.0374
436.663,10,-39.4230,1.7100,-1.0360
436.679,10,-39.4075,1.7119,-1.0330
436.695,10,-39.3995,1.7136,-1.0319
436.711,10,-39.3839,1.7159,-1.0292
436.727,10,-39.3761,1.7169,-1.0282
436.747,10,-39.3604,1.7183,-1.0266
436.764,10,-39.3521,1.7192,-1.0261
436.779,10,-39.3357,1.7215,-1.0247
436.794,10,-39.3269,1.7234,-1.0247
436.809,10,-39.3180,1.7252,-1.0248
436.826,10,-39.3001,1.7277,-1.0247
436.841,10,-39.2820,1.7290,-1.0245
436.855,10,-39.2727,1.7290,-1.0246
436.871,10,-39.2633,1.7282,-1.0248
436.889,10,-39.2538,1.7267,-1.0254
436.909,10,-39.2349,1.7241,-1.0261
436.928,10,-39.2158,1.7203,-1.0270
436.950,10,-39.1957,1.7158,-1.0282
436.966,10,-39.1754,1.7118,-1.0298
436.981,10,-39.1645,1.7094,-1.0311
436.997,10,-39.1533,1.7070,-1.0323
437.013,10,-39.1315,1.7029,-1.0346
437.029,10,-39.1212,1.7010,-1.0350
437.045,10,-39.1094,1.6996,-1.0367
437.063,10,-39.0863,1.6970,-1.0399
437.082,10,-39.0632,1.6951,-1.0435
437.097,10,-39.0516,1.6948,-1.0455
437.112,10,-39.0287,1.6937,-1.0494
437.128,10,-39.0173,1.6941,-1.0518
437.144,10,-39.0059,1.6944,-1.0542
437.161,10,-38.9832,1.6946,-1.0585
437.177,10,-38.9717,1.6958,-1.0608
437.194,10,-38.9486,1.6990,-1.0655
437.209,10,-38.9372,1.7007,-1.0677
437.229,10,-38.9148,1.7029,-1.0716
437.247,10,-38.8928,1.7057,-1.0755
437.261,10,-38.8818,1.7073,-1.0768
437.276,10,-38.8708,1.7090,-1.0780
437.292,10,-38.8486,1.7124,-1.0805
437.307,10,-38.8378,1.7142,-1.0811
437.322,10,-38.8164,1.7174,-1.0825
437.337,10,-38.8056,1.7190,-1.0828
437.352,10,-38.7950,1.7208,-1.0828
437.369,10,-38.7845,1.7224,-1.0827
437.387,10,-38.7632,1.7251,-1.0827
437.403,10,-38.7423,1.7272,-1.0822
437.421,10,-38.7317,1.7277,-1.0817
437.436,10,-38.7102,1.7290,-1.0807
437.451,10,-38.6993,1.7291,-1.0800
437.470,10,-38.6881,1.7286,-1.0793
437.486,10,-38.6661,1.7280,-1.0779
437.502,10,-38.6437,1.7266,-1.0765
437.518,10,-38.6320,1.7249,-1.0756
437.534,10,-38.6092,1.7225,-1.0739
437.553,10,-38.5973,1.7200,-1.0730
437.569,10,-38.5854,1.7179,-1.0722
437.584,10,-38.5617,1.7140,-1.0705
437.599,10,-38.5498,1.7115,-1.0695
437.615,10,-38.5139,1.7050,-1.0668
437.629,10,-38.4898,1.7010,-1.0649
437.643,10,-38.4652,1.6978,-1.0628
437.667,10,-38.4401,1.6962,-1.0602
437.688,10,-38.4149,1.6959,-1.0579
437.711,10,-38.3894,1.6963,-1.0555
437.733,10,-38.3648,1.6969,-1.0533
437.755,10,-38.3402,1.7006,-1.0515
437.779,10,-38.3169,1.7035,-1.0504
437.807,10,-38.2945,1.7056,-1.0501
437.821,10,-38.2718,1.7082,-1.0495
437.844,10,-38.2494,1.7140,-1.0500
437.874,10,-38.2270,1.7222,-1.0514
437.895,10,-38.2051,1.7292,-1.0527
437.909,10,-38.1835,1.7355,-1.0537
437.933,10,-38.1628,1.7414,-1.0558
437.954,10,-38.1415,1.7456,-1.0577
437.977,10,-38.1206,1.7472,-1.0598
438.002,10,-38.0988,1.7474,-1.0623
438.032,10,-38.0761,1.7454,-1.0651
438.055,10,-38.0538,1.7432,-1.0679
438.071,10,-38.0310,1.7407,-1.0706
438.091,10,-38.0076,1.7369,-1.0738
438.112,10,-37.9839,1.7325,-1.0770
438.136,10,-37.9603,1.7269,-1.0804
438.158,10,-37.9368,1.7212,-1.0841
438.181,10,-37.9136,1.7166,-1.0879
438.205,10,-37.8903,1.7140,-1.0918
438.232,10,-37.8788,1.7144,-1.0942
438.246,10,-37.8554,1.7128,-1.0982
438.262,10,-37.8436,1.7125,-1.1003
438.277,10,-37.8320,1.7119,-1.1021
438.294,10,-37.8086,1.7119,-1.1058
438.309,10,-37.7969,1.7140,-1.1074
438.325,10,-37.7735,1.7158,-1.1107
438.339,10,-37.7618,1.7165,-1.1117
438.355,10,-37.7390,1.7172,-1.1138
438.371,10,-37.7279,1.7176,-1.1140
438.386,10,-37.7168,1.7183,-1.1139
438.404,10,-37.6942,1.7208,-1.1144
438.422,10,-37.6829,1.7234,-1.1139
438.438,10,-37.6606,1.7266,-1.1139
438.455,10,-37.6384,1.7303,-1.1134
438.470,10,-37.6276,1.7322,-1.1128
438.487,10,-37.6170,1.7338,-1.1121
438.503,10,-37.5952,1.7365,-1.1112
438.518,10,-37.5845,1.7373,-1.1102
438.535,10,-37.5624,1.7389,-1.1088
438.551,10,-37.5515,1.7387,-1.1079
438.567,10,-37.5294,1.7387,-1.1062
438.584,10,-37.5180,1.7373,-1.1052
438.600,10,-37.4845,1.7354,-1.1024
438.623,10,-37.4612,1.7310,-1.1000
438.654,10,-37.4371,1.7257,-1.0972
438.674,10,-37.4132,1.7211,-1.0942
438.688,10,-37.3891,1.7164,-1.0912
438.710,10,-37.3648,1.7098,-1.0875
438.730,10,-37.3407,1.7045,-1.0836
438.756,10,-37.3171,1.7009,-1.0793
438.779,10,-37.2933,1.6988,-1.0750
438.807,10,-37.2693,1.6983,-1.0712
438.831,10,-37.2454,1.7001,-1.0676
438.851,10,-37.2219,1.7037,-1.0643
438.864,10,-37.1984,1.7059,-1.0612
438.888,10,-37.1759,1.7085,-1.0590
438.911,10,-37.1543,1.7112,-1.0576
438.933,10,-37.1335,1.7143,-1.0558
438.955,10,-37.1122,1.7184,-1.0558
438.977,10,-37.0910,1.7230,-1.0565
439.000,10,-37.0699,1.7291,-1.0573
439.023,10,-37.0488,1.7340,-1.0580
439.047,10,-37.0280,1.7375,-1.0590
439.076,10,-37.0074,1.7391,-1.0604
439.091,10,-36.9865,1.7406,-1.0615
439.113,10,-36.9762,1.7392,-1.0627
439.130,10,-36.9654,1.7382,-1.0638
439.146,10,-36.9545,1.7372,-1.0649
439.161,10,-36.9330,1.7360,-1.0666
439.175,10,-36.9220,1.7343,-1.0679
439.190,10,-36.9110,1.7321,-1.0693
439.205,10,-36.8893,1.7291,-1.0718
439.221,10,-36.8784,1.7267,-1.0735
439.237,10,-36.8565,1.7227,-1.0764
439.252,10,-36.8346,1.7181,-1.0796
439.273,10,-36.8236,1.7156,-1.0819
439.288,10,-36.8020,1.7122,-1.0856
439.304,10,-36.7915,1.7115,-1.0878
439.319,10,-36.7695,1.7091,-1.0920
439.334,10,-36.7584,1.7085,-1.0945
439.348,10,-36.7474,1.7081,-1.0970
439.366,10,-36.7365,1.7080,-1.0995
439.382,10,-36.7147,1.7068,-1.1040
439.398,10,-36.7037,1.7083,-1.1060
439.416,10,-36.6820,1.7110,-1.1104
439.435,10,-36.6608,1.7128,-1.1143
439.451,10,-36.6505,1.7143,-1.1160
439.469,10,-36.6299,1.7164,-1.1190
439.485,10,-36.6199,1.7173,-1.1199
439.499,10,-36.5997,1.7197,-1.1223
439.513,10,-36.5797,1.7227,-1.1243
439.534,10,-36.5601,1.7270,-1.1253
439.555,10,-36.5409,1.7310,-1.1258
439.576,10,-36.5224,1.7345,-1.1260
439.607,10,-36.5045,1.7369,-1.1260
439.628,10,-36.4855,1.7390,-1.1264
439.642,10,-36.4665,1.7405,-1.1267
439.665,10,-36.4468,1.7409,-1.1269
439.689,10,-36.4267,1.7399,-1.1270
439.718,10,-36.4061,1.7371,-1.1269
439.732,10,-36.3861,1.7349,-1.1271
439.754,10,-36.3661,1.7310,-1.1269
439.777,10,-36.3459,1.7265,-1.1266
439.799,10,-36.3259,1.7215,-1.1261
439.821,10,-36.3059,1.7167,-1.1252
439.843,10,-36.2855,1.7126,-1.1243
439.866,10,-36.2646,1.7099,-1.1229
439.890,10,-36.2433,1.7083,-1.1214
439.920,10,-36.2223,1.7075,-1.1194
439.941,10,-36.2018,1.7071,-1.1178
439.956,10,-36.1811,1.7088,-1.1162
439.982,10,-36.1611,1.7118,-1.1145
440.005,10,-36.1521,1.7135,-1.1142
440.020,10,-36.1430,1.7150,-1.1138
440.036,10,-36.1338,1.7163,-1.1135
440.052,10,-36.1151,1.7185,-1.1127
440.072,10,-36.0968,1.7209,-1.1122
440.095,10,-36.0786,1.7245,-1.1121
440.111,10,-36.0606,1.7281,-1.1119
440.127,10,-36.0518,1.7302,-1.1123
440.141,10,-36.0433,1.7324,-1.1128
440.156,10,-36.0257,1.7359,-1.1133
440.169,10,-36.0174,1.7372,-1.1138
440.184,10,-36.0091,1.7383,-1.1142
440.198,10,-36.0008,1.7391,-1.1148
440.214,10,-35.9840,1.7409,-1.1155
440.234,10,-35.9676,1.7417,-1.1163
440.251,10,-35.9591,1.7415,-1.1168
440.266,10,-35.9422,1.7415,-1.1176
440.281,10,-35.9335,1.7408,-1.1182
440.296,10,-35.9248,1.7399,-1.1187
440.310,10,-35.9162,1.7391,-1.1193
440.327,10,-35.8988,1.7376,-1.1204
440.341,10,-35.8901,1.7361,-1.1211
440.357,10,-35.8728,1.7337,-1.1224
440.371,10,-35.8645,1.7319,-1.1231
440.390,10,-35.8565,1.7297,-1.1240
440.407,10,-35.8400,1.7272,-1.1256
440.421,10,-35.8235,1.7251,-1.1274
440.437,10,-35.8072,1.7232,-1.1294
440.453,10,-35.7910,1.7212,-1.1317
440.478,10,-35.7750,1.7193,-1.1343
440.500,10,-35.7593,1.7167,-1.1364
440.524,10,-35.7438,1.7155,-1.1388
440.552,10,-35.7279,1.7169,-1.1411
440.565,10,-35.7122,1.7162,-1.1430
440.589,10,-35.6969,1.7174,-1.1449
440.610,10,-35.6819,1.7183,-1.1464
440.633,10,-35.6671,1.7195,-1.1472
440.655,10,-35.6523,1.7219,-1.1480
440.678,10,-35.6377,1.7251,-1.1482
440.699,10,-35.6238,1.7276,-1.1483
440.722,10,-35.6101,1.7302,-1.1485
440.745,10,-35.5966,1.7323,-1.1487
440.773,10,-35.5836,1.7338,-1.1488
440.786,10,-35.5702,1.7350,-1.1490
440.810,10,-35.5575,1.7355,-1.1489
440.834,10,-35.5448,1.7358,-1.1491
440.855,10,-35.5385,1.7361,-1.1488
440.871,10,-35.5323,1.7360,-1.1489
440.886,10,-35.5260,1.7360,-1.1487
440.899,10,-35.5200,1.7361,-1.1483
440.912,10,-35.5138,1.7358,-1.1480
440.927,10,-35.5015,1.7351,-1.1477
440.944,10,-35.4895,1.7342,-1.1473
440.963,10,-35.4842,1.7332,-1.1467
440.978,10,-35.4728,1.7320,-1.1461
440.994,10,-35.4676,1.7310,-1.1456
441.012,10,-35.4570,1.7292,-1.1448
441.029,10,-35.4520,1.7280,-1.1441
441.043,10,-35.4415,1.7264,-1.1429
441.057,10,-35.4367,1.7257,-1.1424
441.073,10,-35.4318,1.7259,-1.1415
441.087,10,-35.4216,1.7271,-1.1405
441.101,10,-35.4166,1.7296,-1.1399
441.115,10,-35.4116,1.7309,-1.1390
441.129,10,-35.4071,1.7316,-1.1384
441.146,10,-35.3977,1.7329,-1.1376
441.167,10,-35.3937,1.7341,-1.1374
441.184,10,-35.3849,1.7358,-1.1363
441.199,10,-35.3765,1.7370,-1.1358
441.213,10,-35.3727,1.7373,-1.1355
441.228,10,-35.3642,1.7383,-1.1349
441.244,10,-35.3557,1.7397,-1.1345
441.265,10,-35.3477,1.7417,-1.1342
441.286,10,-35.3401,1.7439,-1.1343
441.309,10,-35.3331,1.7458,-1.1348
441.331,10,-35.3268,1.7469,-1.1348
441.354,10,-35.3208,1.7476,-1.1354
441.382,10,-35.3154,1.7478,-1.1356
441.398,10,-35.3095,1.7484,-1.1359
441.421,10,-35.3043,1.7484,-1.1367
441.443,10,-35.2995,1.7479,-1.1373
441.464,10,-35.2948,1.7480,-1.1382
441.493,10,-35.2910,1.7489,-1.1397
441.515,10,-35.2871,1.7499,-1.1409
441.529,10,-35.2831,1.7506,-1.1418
441.553,10,-35.2798,1.7511,-1.1432
441.579,10,-35.2771,1.7515,-1.1448
441.606,10,-35.2744,1.7523,-1.1462
441.620,10,-35.2716,1.7531,-1.1480
441.652,10,-35.2693,1.7538,-1.1499
441.673,10,-35.2669,1.7541,-1.1516
441.687,10,-35.2646,1.7540,-1.1529
441.711,10,-35.2639,1.7531,-1.1533
441.728,10,-35.2630,1.7528,-1.1539
441.741,10,-35.2621,1.7525,-1.1545
441.754,10,-35.2612,1.7522,-1.1551
441.770,10,-35.2593,1.7517,-1.1564
441.785,10,-35.2585,1.7513,-1.1571
441.801,10,-35.2568,1.7506,-1.1582
441.816,10,-35.2562,1.7500,-1.1589
441.833,10,-35.2550,1.7492,-1.1599
441.851,10,-35.2545,1.7489,-1.1604
441.867,10,-35.2534,1.7486,-1.1618
441.881,10,-35.2528,1.7484,-1.1622
441.893,10,-35.2522,1.7485,-1.1624
441.907,10,-35.2516,1.7486,-1.1629
441.920,10,-35.2504,1.7486,-1.1640
441.935,10,-35.2498,1.7486,-1.1644
441.949,10,-35.2492,1.7487,-1.1649
441.964,10,-35.2481,1.7490,-1.1658
441.980,10,-35.2477,1.7486,-1.1666
441.995,10,-35.2473,1.7487,-1.1671
442.011,10,-35.2462,1.7486,-1.1680
442.023,10,-35.2457,1.7486,-1.1684
442.042,10,-35.2452,1.7488,-1.1680
442.058,10,-35.2445,1.7485,-1.1686
442.075,10,-35.2440,1.7485,-1.1692
442.095,10,-35.2431,1.7487,-1.1704
442.113,10,-35.2426,1.7485,-1.1713
442.128,10,-35.2418,1.7485,-1.1720
442.142,10,-35.2411,1.7485,-1.1725
442.165,10,-35.2405,1.7484,-1.1728
442.188,10,-35.2400,1.7482,-1.1736
442.219,10,-35.2395,1.7480,-1.1742
442.239,10,-35.2387,1.7481,-1.1739
442.252,10,-35.2380,1.7479,-1.1744
442.275,10,-35.2374,1.7479,-1.1743
442.297,10,-35.2367,1.7478,-1.1745
442.320,10,-35.2361,1.7479,-1.1745
442.343,10,-35.2355,1.7478,-1.1744
442.366,10,-35.2350,1.7479,-1.1746
442.396,10,-35.2346,1.7480,-1.1748
442.419,10,-35.2342,1.7480,-1.1749
442.440,10,-35.2338,1.7479,-1.1748
442.461,10,-35.2335,1.7478,-1.1750
442.475,10,-35.2332,1.7477,-1.1751
442.499,10,-35.2330,1.7473,-1.1752
442.522,10,-35.2329,1.7471,-1.1754
442.546,10,-35.2329,1.7468,-1.1758
442.569,10,-35.2331,1.7464,-1.1763
442.598,10,-35.2333,1.7463,-1.1771
442.621,10,-35.2336,1.7463,-1.1776
442.635,10,-35.2337,1.7462,-1.1780
442.648,10,-35.2337,1.7460,-1.1784
442.663,10,-35.2337,1.7460,-1.1784
442.678,10,-35.2338,1.7461,-1.1788
442.695,10,-35.2339,1.7461,-1.1791
442.711,10,-35.2340,1.7460,-1.1797
442.727,10,-35.2340,1.7461,-1.1804
442.744,10,-35.2341,1.7460,-1.1809
442.761,10,-35.2344,1.7456,-1.1819
442.774,10,-35.2344,1.7456,-1.1822
442.788,10,-35.2343,1.7456,-1.1827
442.802,10,-35.2343,1.7455,-1.1834
442.816,10,-35.2343,1.7454,-1.1835
442.829,10,-35.2343,1.7454,-1.1838
442.843,10,-35.2343,1.7454,-1.1846
442.856,10,-35.2343,1.7453,-1.1849
442.868,10,-35.2343,1.7453,-1.1852
442.882,10,-35.2343,1.7452,-1.1854
442.896,10,-35.2344,1.7448,-1.1850
442.910,10,-35.2343,1.7447,-1.1851
442.923,10,-35.2344,1.7448,-1.1859
442.936,10,-35.2344,1.7448,-1.1862
442.950,10,-35.2344,1.7447,-1.1863
442.962,10,-35.2345,1.7447,-1.1867
442.976,10,-35.2346,1.7446,-1.1870
443.003,10,-35.2344,1.7448,-1.1871
443.029,10,-35.2345,1.7448,-1.1873
443.046,10,-35.2346,1.7448,-1.1875
443.064,10,-35.2346,1.7449,-1.1876
443.087,10,-35.2346,1.7450,-1.1877
443.108,10,-35.2347,1.7456,-1.1893
443.130,10,-35.2347,1.7460,-1.1886
443.152,10,-35.2349,1.7454,-1.1875
443.175,10,-35.2349,1.7455,-1.1875
443.197,10,-35.2347,1.7453,-1.1881
443.223,10,-35.2347,1.7453,-1.1880
443.250,10,-35.2351,1.7446,-1.1887
443.264,10,-35.2351,1.7448,-1.1894
443.286,10,-35.2349,1.7448,-1.1893
443.308,10,-35.2347,1.7448,-1.1893
443.332,10,-35.2348,1.7446,-1.1901
443.354,10,-35.2347,1.7445,-1.1905
443.385,10,-35.2344,1.7447,-1.1905
443.406,10,-35.2341,1.7446,-1.1902
443.422,10,-35.2338,1.7446,-1.1899
443.453,10,-35.2335,1.7446,-1.1896
443.467,10,-35.2331,1.7446,-1.1894
443.481,10,-35.2329,1.7448,-1.1891
443.495,10,-35.2327,1.7446,-1.1892
443.509,10,-35.2322,1.7444,-1.1887
443.530,10,-35.2320,1.7445,-1.1885
443.546,10,-35.2316,1.7445,-1.1882
443.558,10,-35.2315,1.7445,-1.1882
443.571,10,-35.2313,1.7445,-1.1880
443.588,10,-35.2311,1.7444,-1.1879
443.603,10,-35.2307,1.7443,-1.1876
443.617,10,-35.2305,1.7443,-1.1876
443.632,10,-35.2302,1.7443,-1.1876
443.648,10,-35.2297,1.7443,-1.1875
443.661,10,-35.2295,1.7444,-1.1875
443.675,10,-35.2290,1.7445,-1.1875
443.688,10,-35.2287,1.7446,-1.1876
443.702,10,-35.2284,1.7447,-1.1877
443.717,10,-35.2282,1.7446,-1.1876
443.731,10,-35.2276,1.7446,-1.1878
443.744,10,-35.2272,1.7447,-1.1879
443.758,10,-35.2271,1.7450,-1.1895
443.773,10,-35.2268,1.7449,-1.1897
443.787,10,-35.2264,1.7449,-1.1899
443.803,10,-35.2254,1.7448,-1.1902
443.818,10,-35.2249,1.7448,-1.1907
443.844,10,-35.2243,1.7446,-1.1914
443.871,10,-35.2239,1.7444,-1.1920
443.884,10,-35.2234,1.7443,-1.1926
443.908,10,-35.2229,1.7441,-1.1933
443.931,10,-35.2224,1.7443,-1.1938
443.953,10,-35.2220,1.7442,-1.1943
443.976,10,-35.2217,1.7440,-1.1946
443.999,10,-35.2213,1.7440,-1.1950
444.018,10,-35.2210,1.7439,-1.1956
444.043,10,-35.2206,1.7440,-1.1957
444.072,10,-35.2203,1.7440,-1.1961
444.085,10,-35.2200,1.7439,-1.1965
444.108,10,-35.2197,1.7437,-1.1967
444.131,10,-35.2194,1.7439,-1.1976
444.152,10,-35.2192,1.7437,-1.1980
444.175,10,-35.2191,1.7436,-1.1983
444.197,10,-35.2188,1.7436,-1.1985
444.220,10,-35.2185,1.7426,-1.1973
444.244,10,-35.2178,1.7427,-1.1981
444.274,10,-35.2176,1.7432,-1.1997
444.288,10,-35.2175,1.7432,-1.1999
444.304,10,-35.2174,1.7432,-1.2003
444.318,10,-35.2173,1.7434,-1.2007
444.332,10,-35.2170,1.7433,-1.2011
444.346,10,-35.2168,1.7434,-1.2012
444.361,10,-35.2168,1.7438,-1.2021
444.376,10,-35.2165,1.7440,-1.2023
444.391,10,-35.2160,1.7442,-1.2020
444.406,10,-35.2157,1.7443,-1.2018
444.420,10,-35.2151,1.7445,-1.2015
444.437,10,-35.2147,1.7446,-1.2013
444.453,10,-35.2140,1.7447,-1.2008
444.473,10,-35.2136,1.7448,-1.2007
444.489,10,-35.2128,1.7448,-1.1997
444.502,10,-35.2125,1.7446,-1.1991
444.516,10,-35.2120,1.7446,-1.1983
444.531,10,-35.2111,1.7446,-1.1971
444.545,10,-35.2105,1.7445,-1.1961
444.558,10,-35.2099,1.7445,-1.1949
444.573,10,-35.2093,1.7445,-1.1938
444.587,10,-35.2082,1.7444,-1.1915
444.601,10,-35.2076,1.7444,-1.1901
444.616,10,-35.2071,1.7442,-1.1886
444.636,10,-35.2061,1.7438,-1.1855
444.652,10,-35.2057,1.7435,-1.1840
444.668,10,-35.2050,1.7430,-1.1807
444.686,10,-35.2043,1.7425,-1.1773
444.702,10,-35.2039,1.7422,-1.1736
444.721,10,-35.2036,1.7421,-1.1699
