timestamp, trial, HMD_x, HMD_y,HMD_z

# --- Trial 1 start ---
872.860,1,-39.5102,1.6354,-1.2894
872.944,1,-39.5118,1.6356,-1.2891
872.980,1,-39.5121,1.6357,-1.2889
872.995,1,-39.5123,1.6359,-1.2888
873.009,1,-39.5123,1.6359,-1.2889
873.022,1,-39.5126,1.6359,-1.2887
873.035,1,-39.5127,1.6359,-1.2888
873.049,1,-39.5129,1.6359,-1.2888
873.064,1,-39.5131,1.6359,-1.2886
873.078,1,-39.5133,1.6359,-1.2885
873.093,1,-39.5135,1.6358,-1.2883
873.108,1,-39.5136,1.6358,-1.2882
873.135,1,-39.5137,1.6358,-1.2882
873.157,1,-39.5139,1.6357,-1.2882
873.172,1,-39.5141,1.6357,-1.2881
873.196,1,-39.5142,1.6358,-1.2881
873.218,1,-39.5142,1.6357,-1.2882
873.239,1,-39.5143,1.6356,-1.2882
873.263,1,-39.5142,1.6357,-1.2883
873.290,1,-39.5142,1.6356,-1.2882
873.312,1,-39.5142,1.6354,-1.2883
873.329,1,-39.5143,1.6352,-1.2883
873.351,1,-39.5145,1.6351,-1.2883
873.373,1,-39.5147,1.6351,-1.2883
873.396,1,-39.5148,1.6351,-1.2883
873.419,1,-39.5149,1.6350,-1.2883
873.443,1,-39.5149,1.6349,-1.2885
873.464,1,-39.5151,1.6348,-1.2886
873.487,1,-39.5151,1.6349,-1.2887
873.510,1,-39.5154,1.6348,-1.2888
873.532,1,-39.5156,1.6347,-1.2888
873.555,1,-39.5156,1.6346,-1.2888
873.571,1,-39.5157,1.6345,-1.2888
873.585,1,-39.5158,1.6345,-1.2888
873.599,1,-39.5158,1.6345,-1.2889
873.613,1,-39.5157,1.6345,-1.2889
873.627,1,-39.5157,1.6345,-1.2889
873.641,1,-39.5157,1.6345,-1.2889
873.656,1,-39.5157,1.6345,-1.2889
873.670,1,-39.5157,1.6345,-1.2889
873.684,1,-39.5158,1.6345,-1.2889
873.699,1,-39.5157,1.6345,-1.2889
873.712,1,-39.5157,1.6345,-1.2888
873.726,1,-39.5158,1.6345,-1.2888
873.740,1,-39.5158,1.6345,-1.2888
873.754,1,-39.5159,1.6345,-1.2887
873.768,1,-39.5160,1.6345,-1.2886
873.782,1,-39.5162,1.6344,-1.2885
873.796,1,-39.5164,1.6344,-1.2883
873.810,1,-39.5165,1.6343,-1.2882
873.824,1,-39.5166,1.6343,-1.2880
873.839,1,-39.5168,1.6343,-1.2878
873.853,1,-39.5169,1.6343,-1.2876
873.868,1,-39.5170,1.6343,-1.2875
873.882,1,-39.5172,1.6342,-1.2873
873.899,1,-39.5174,1.6341,-1.2868
873.916,1,-39.5177,1.6340,-1.2863
873.931,1,-39.5178,1.6339,-1.2860
873.946,1,-39.5180,1.6338,-1.2857
873.960,1,-39.5183,1.6335,-1.2851
873.974,1,-39.5186,1.6334,-1.2848
873.988,1,-39.5187,1.6333,-1.2845
874.003,1,-39.5189,1.6332,-1.2843
874.019,1,-39.5191,1.6331,-1.2837
874.034,1,-39.5192,1.6330,-1.2835
874.052,1,-39.5196,1.6328,-1.2830
874.070,1,-39.5198,1.6326,-1.2829
874.085,1,-39.5201,1.6324,-1.2827
874.100,1,-39.5202,1.6323,-1.2827
874.114,1,-39.5201,1.6322,-1.2827
874.131,1,-39.5204,1.6320,-1.2827
874.145,1,-39.5207,1.6319,-1.2826
874.164,1,-39.5208,1.6320,-1.2827
874.186,1,-39.5206,1.6321,-1.2830
874.207,1,-39.5205,1.6324,-1.2834
874.230,1,-39.5203,1.6326,-1.2838
874.251,1,-39.5202,1.6326,-1.2842
874.274,1,-39.5200,1.6326,-1.2847
874.296,1,-39.5197,1.6328,-1.2851
874.318,1,-39.5195,1.6329,-1.2856
874.340,1,-39.5194,1.6330,-1.2861
874.363,1,-39.5190,1.6329,-1.2867
874.385,1,-39.5188,1.6327,-1.2872
874.407,1,-39.5187,1.6325,-1.2878
874.430,1,-39.5185,1.6320,-1.2884
874.452,1,-39.5184,1.6317,-1.2891
874.474,1,-39.5182,1.6314,-1.2897
874.497,1,-39.5180,1.6313,-1.2904
874.519,1,-39.5178,1.6311,-1.2908
874.541,1,-39.5176,1.6307,-1.2911
874.564,1,-39.5174,1.6306,-1.2914
874.586,1,-39.5171,1.6302,-1.2917
874.610,1,-39.5170,1.6300,-1.2917
874.624,1,-39.5170,1.6299,-1.2918
874.637,1,-39.5169,1.6297,-1.2918
874.651,1,-39.5168,1.6295,-1.2919
874.666,1,-39.5166,1.6292,-1.2920
874.683,1,-39.5164,1.6291,-1.2921
874.699,1,-39.5161,1.6288,-1.2922
874.712,1,-39.5160,1.6287,-1.2921
874.727,1,-39.5158,1.6286,-1.2922
874.742,1,-39.5156,1.6283,-1.2921
874.755,1,-39.5156,1.6282,-1.2921
874.769,1,-39.5154,1.6280,-1.2921
874.783,1,-39.5152,1.6279,-1.2920
874.798,1,-39.5150,1.6278,-1.2919
874.812,1,-39.5150,1.6278,-1.2919
874.830,1,-39.5149,1.6276,-1.2918
874.846,1,-39.5147,1.6274,-1.2916
874.861,1,-39.5146,1.6273,-1.2916
874.875,1,-39.5144,1.6273,-1.2914
874.889,1,-39.5143,1.6273,-1.2913
874.903,1,-39.5141,1.6273,-1.2912
874.917,1,-39.5140,1.6273,-1.2912
874.932,1,-39.5137,1.6274,-1.2911
874.947,1,-39.5136,1.6274,-1.2912
874.960,1,-39.5135,1.6274,-1.2912
874.976,1,-39.5132,1.6275,-1.2911
874.991,1,-39.5130,1.6276,-1.2911
875.005,1,-39.5129,1.6276,-1.2912
875.021,1,-39.5126,1.6276,-1.2912
875.036,1,-39.5124,1.6276,-1.2913
875.051,1,-39.5120,1.6277,-1.2914
875.066,1,-39.5119,1.6277,-1.2914
875.084,1,-39.5117,1.6277,-1.2915
875.099,1,-39.5115,1.6278,-1.2915
875.113,1,-39.5113,1.6278,-1.2915
875.133,1,-39.5112,1.6278,-1.2915
875.150,1,-39.5111,1.6278,-1.2915
875.165,1,-39.5108,1.6278,-1.2916
875.179,1,-39.5106,1.6278,-1.2916
875.194,1,-39.5104,1.6278,-1.2917
875.209,1,-39.5101,1.6278,-1.2919
875.224,1,-39.5098,1.6279,-1.2921
875.238,1,-39.5096,1.6279,-1.2922
875.253,1,-39.5092,1.6280,-1.2925
875.267,1,-39.5091,1.6280,-1.2928
875.282,1,-39.5089,1.6280,-1.2929
875.297,1,-39.5086,1.6280,-1.2932
875.312,1,-39.5085,1.6280,-1.2933
875.327,1,-39.5084,1.6280,-1.2935
875.342,1,-39.5082,1.6280,-1.2938
875.356,1,-39.5080,1.6281,-1.2939
875.371,1,-39.5078,1.6282,-1.2940
875.386,1,-39.5074,1.6283,-1.2941
875.401,1,-39.5072,1.6283,-1.2942
875.415,1,-39.5070,1.6283,-1.2943
875.429,1,-39.5066,1.6284,-1.2945
875.444,1,-39.5064,1.6285,-1.2946
875.462,1,-39.5061,1.6285,-1.2946
875.481,1,-39.5057,1.6286,-1.2947
875.498,1,-39.5053,1.6288,-1.2948
875.513,1,-39.5052,1.6288,-1.2949
875.527,1,-39.5050,1.6289,-1.2949
875.543,1,-39.5045,1.6290,-1.2950
875.558,1,-39.5043,1.6291,-1.2951
875.573,1,-39.5041,1.6291,-1.2951
875.588,1,-39.5038,1.6292,-1.2952
875.603,1,-39.5037,1.6292,-1.2952
875.617,1,-39.5033,1.6292,-1.2954
875.632,1,-39.5031,1.6293,-1.2956
875.649,1,-39.5029,1.6294,-1.2958
875.665,1,-39.5026,1.6295,-1.2960
875.677,1,-39.5024,1.6296,-1.2961
875.692,1,-39.5022,1.6296,-1.2963
875.706,1,-39.5019,1.6297,-1.2966
875.719,1,-39.5018,1.6298,-1.2968
875.733,1,-39.5017,1.6298,-1.2971
875.748,1,-39.5016,1.6298,-1.2973
875.762,1,-39.5016,1.6298,-1.2975
875.776,1,-39.5012,1.6298,-1.2979
875.793,1,-39.5011,1.6297,-1.2982
875.810,1,-39.5010,1.6296,-1.2988
875.823,1,-39.5010,1.6294,-1.2992
875.837,1,-39.5010,1.6293,-1.2995
875.851,1,-39.5009,1.6292,-1.3002
875.864,1,-39.5010,1.6291,-1.3005
875.879,1,-39.5010,1.6291,-1.3010
875.894,1,-39.5009,1.6291,-1.3014
875.908,1,-39.5008,1.6291,-1.3022
875.922,1,-39.5007,1.6290,-1.3026
875.937,1,-39.5007,1.6290,-1.3030
875.954,1,-39.5006,1.6289,-1.3038
875.970,1,-39.5007,1.6289,-1.3042
875.984,1,-39.5005,1.6288,-1.3051
875.998,1,-39.5005,1.6288,-1.3054
876.012,1,-39.5004,1.6288,-1.3058
876.025,1,-39.5004,1.6288,-1.3061
876.040,1,-39.5004,1.6289,-1.3068
876.055,1,-39.5005,1.6290,-1.3071
876.068,1,-39.5005,1.6291,-1.3075
876.084,1,-39.5005,1.6294,-1.3078
876.099,1,-39.5005,1.6298,-1.3084
876.114,1,-39.5006,1.6303,-1.3087
876.129,1,-39.5008,1.6308,-1.3092
876.144,1,-39.5010,1.6310,-1.3094
876.159,1,-39.5012,1.6313,-1.3096
876.173,1,-39.5014,1.6314,-1.3098
876.188,1,-39.5019,1.6316,-1.3103
876.202,1,-39.5021,1.6315,-1.3105
876.217,1,-39.5022,1.6313,-1.3108
876.233,1,-39.5024,1.6312,-1.3112
876.248,1,-39.5025,1.6310,-1.3115
876.262,1,-39.5026,1.6308,-1.3119
876.276,1,-39.5025,1.6306,-1.3121
876.291,1,-39.5023,1.6302,-1.3123
876.307,1,-39.5021,1.6300,-1.3125
876.321,1,-39.5020,1.6295,-1.3129
876.335,1,-39.5019,1.6292,-1.3129
876.349,1,-39.5018,1.6290,-1.3130
876.365,1,-39.5017,1.6288,-1.3131
876.380,1,-39.5014,1.6284,-1.3132
876.396,1,-39.5012,1.6282,-1.3133
876.410,1,-39.5012,1.6281,-1.3133
876.426,1,-39.5012,1.6280,-1.3132
876.446,1,-39.5010,1.6280,-1.3131
876.464,1,-39.5009,1.6281,-1.3131
876.478,1,-39.5008,1.6283,-1.3130
876.493,1,-39.5006,1.6286,-1.3129
876.508,1,-39.5006,1.6289,-1.3128
876.523,1,-39.5004,1.6294,-1.3125
876.537,1,-39.5003,1.6297,-1.3123
876.552,1,-39.5002,1.6304,-1.3119
876.568,1,-39.5000,1.6310,-1.3116
876.583,1,-39.4999,1.6316,-1.3111
876.598,1,-39.4998,1.6320,-1.3106
876.619,1,-39.4997,1.6322,-1.3101
876.640,1,-39.4997,1.6321,-1.3096
876.662,1,-39.4995,1.6318,-1.3093
876.684,1,-39.4993,1.6315,-1.3089
876.708,1,-39.4989,1.6310,-1.3087
876.729,1,-39.4985,1.6305,-1.3084
876.751,1,-39.4982,1.6297,-1.3083
876.779,1,-39.4978,1.6288,-1.3081
876.800,1,-39.4974,1.6283,-1.3080
876.814,1,-39.4970,1.6279,-1.3077
876.839,1,-39.4968,1.6277,-1.3075
876.861,1,-39.4966,1.6278,-1.3073
876.883,1,-39.4966,1.6283,-1.3070
876.905,1,-39.4964,1.6292,-1.3066
876.927,1,-39.4963,1.6301,-1.3065
876.949,1,-39.4963,1.6312,-1.3064
876.972,1,-39.4964,1.6322,-1.3066
876.995,1,-39.4965,1.6330,-1.3070
877.018,1,-39.4967,1.6337,-1.3079
877.040,1,-39.4970,1.6339,-1.3090
877.063,1,-39.4971,1.6335,-1.3101
877.080,1,-39.4973,1.6330,-1.3109
877.093,1,-39.4975,1.6327,-1.3117
877.106,1,-39.4976,1.6323,-1.3124
877.120,1,-39.4977,1.6315,-1.3139
877.135,1,-39.4978,1.6307,-1.3147
877.149,1,-39.4978,1.6299,-1.3155
877.164,1,-39.4979,1.6292,-1.3162
877.180,1,-39.4981,1.6280,-1.3176
877.195,1,-39.4982,1.6268,-1.3190
877.210,1,-39.4984,1.6263,-1.3196
877.224,1,-39.4984,1.6261,-1.3202
877.239,1,-39.4985,1.6261,-1.3207
877.253,1,-39.4987,1.6257,-1.3217
877.267,1,-39.4988,1.6260,-1.3220
877.281,1,-39.4990,1.6263,-1.3222
877.297,1,-39.4993,1.6268,-1.3227
877.312,1,-39.4994,1.6274,-1.3227
877.326,1,-39.4996,1.6283,-1.3229
877.342,1,-39.4998,1.6289,-1.3227
877.356,1,-39.4998,1.6294,-1.3225
877.371,1,-39.5000,1.6299,-1.3222
877.387,1,-39.5001,1.6309,-1.3218
877.404,1,-39.5002,1.6314,-1.3214
877.422,1,-39.5003,1.6322,-1.3207
877.438,1,-39.5005,1.6330,-1.3200
877.453,1,-39.5007,1.6332,-1.3195
877.467,1,-39.5010,1.6334,-1.3190
877.481,1,-39.5010,1.6336,-1.3185
877.496,1,-39.5012,1.6335,-1.3180
877.511,1,-39.5015,1.6336,-1.3171
877.526,1,-39.5018,1.6334,-1.3162
877.541,1,-39.5018,1.6330,-1.3158
877.560,1,-39.5019,1.6324,-1.3153
877.579,1,-39.5019,1.6319,-1.3149
877.593,1,-39.5020,1.6311,-1.3139
877.609,1,-39.5021,1.6304,-1.3134
877.624,1,-39.5021,1.6298,-1.3128
877.638,1,-39.5023,1.6292,-1.3122
877.653,1,-39.5023,1.6287,-1.3116
877.666,1,-39.5023,1.6282,-1.3111
877.681,1,-39.5024,1.6278,-1.3105
877.695,1,-39.5025,1.6270,-1.3093
877.709,1,-39.5026,1.6267,-1.3086
877.723,1,-39.5027,1.6261,-1.3074
877.737,1,-39.5028,1.6261,-1.3068
877.751,1,-39.5029,1.6263,-1.3061
877.766,1,-39.5032,1.6264,-1.3048
877.779,1,-39.5033,1.6267,-1.3036
877.797,1,-39.5035,1.6274,-1.3020
877.818,1,-39.5036,1.6282,-1.3012
877.839,1,-39.5039,1.6290,-1.3004
877.862,1,-39.5043,1.6299,-1.2996
877.886,1,-39.5045,1.6305,-1.2989
877.909,1,-39.5049,1.6311,-1.2983
877.931,1,-39.5056,1.6314,-1.2979
877.954,1,-39.5062,1.6314,-1.2976
877.976,1,-39.5068,1.6308,-1.2974
877.999,1,-39.5073,1.6301,-1.2974
878.021,1,-39.5077,1.6291,-1.2976
878.044,1,-39.5081,1.6281,-1.2979
878.066,1,-39.5085,1.6276,-1.2983
878.090,1,-39.5088,1.6278,-1.2987
878.113,1,-39.5089,1.6287,-1.2992
878.136,1,-39.5090,1.6300,-1.2995
878.159,1,-39.5093,1.6308,-1.2999
878.182,1,-39.5099,1.6314,-1.3003
878.213,1,-39.5107,1.6317,-1.3007
878.235,1,-39.5110,1.6321,-1.3011
878.252,1,-39.5111,1.6328,-1.3014
878.274,1,-39.5107,1.6334,-1.3015
878.291,1,-39.5107,1.6337,-1.3017
878.305,1,-39.5106,1.6340,-1.3019
878.319,1,-39.5106,1.6342,-1.3019
878.333,1,-39.5107,1.6345,-1.3022
878.348,1,-39.5106,1.6346,-1.3023
878.361,1,-39.5106,1.6345,-1.3024
878.377,1,-39.5105,1.6342,-1.3025
878.392,1,-39.5106,1.6337,-1.3025
878.408,1,-39.5105,1.6331,-1.3027
878.422,1,-39.5104,1.6325,-1.3027
878.436,1,-39.5103,1.6320,-1.3028
878.451,1,-39.5102,1.6312,-1.3029
878.464,1,-39.5101,1.6309,-1.3029
878.479,1,-39.5099,1.6308,-1.3030
878.494,1,-39.5099,1.6306,-1.3030
878.512,1,-39.5098,1.6302,-1.3030
878.528,1,-39.5095,1.6302,-1.3030
878.543,1,-39.5093,1.6305,-1.3030
878.557,1,-39.5090,1.6308,-1.3030
878.573,1,-39.5085,1.6313,-1.3031
878.587,1,-39.5082,1.6315,-1.3031
878.602,1,-39.5080,1.6316,-1.3032
878.616,1,-39.5079,1.6317,-1.3032
878.631,1,-39.5077,1.6318,-1.3033
878.646,1,-39.5076,1.6320,-1.3034
878.661,1,-39.5075,1.6322,-1.3036
878.675,1,-39.5074,1.6324,-1.3037
878.690,1,-39.5073,1.6326,-1.3039
878.705,1,-39.5071,1.6329,-1.3040
878.719,1,-39.5068,1.6334,-1.3044
878.737,1,-39.5066,1.6336,-1.3046
878.753,1,-39.5065,1.6337,-1.3050
878.767,1,-39.5064,1.6336,-1.3053
878.781,1,-39.5063,1.6334,-1.3059
878.796,1,-39.5063,1.6331,-1.3063
878.810,1,-39.5064,1.6327,-1.3067
878.830,1,-39.5065,1.6324,-1.3072
878.845,1,-39.5065,1.6320,-1.3076
878.859,1,-39.5064,1.6318,-1.3080
878.873,1,-39.5062,1.6313,-1.3088
878.887,1,-39.5060,1.6312,-1.3090
878.903,1,-39.5058,1.6311,-1.3092
878.917,1,-39.5057,1.6308,-1.3097
878.932,1,-39.5055,1.6308,-1.3098
878.947,1,-39.5055,1.6308,-1.3099
878.962,1,-39.5056,1.6309,-1.3102
878.975,1,-39.5057,1.6310,-1.3103
878.989,1,-39.5057,1.6311,-1.3104
879.003,1,-39.5058,1.6312,-1.3104
879.017,1,-39.5058,1.6313,-1.3107
879.030,1,-39.5057,1.6315,-1.3108
879.045,1,-39.5058,1.6316,-1.3109
879.059,1,-39.5059,1.6317,-1.3110
879.072,1,-39.5059,1.6320,-1.3112
879.086,1,-39.5058,1.6321,-1.3114
879.103,1,-39.5059,1.6322,-1.3115
879.117,1,-39.5060,1.6324,-1.3116
879.130,1,-39.5059,1.6324,-1.3117
879.144,1,-39.5061,1.6324,-1.3118
879.159,1,-39.5061,1.6325,-1.3119
879.172,1,-39.5061,1.6327,-1.3120
879.186,1,-39.5062,1.6327,-1.3120
879.200,1,-39.5060,1.6327,-1.3120
879.213,1,-39.5060,1.6327,-1.3120
879.227,1,-39.5059,1.6327,-1.3121
879.240,1,-39.5059,1.6326,-1.3121
879.255,1,-39.5059,1.6325,-1.3122
879.271,1,-39.5059,1.6323,-1.3122
879.288,1,-39.5057,1.6319,-1.3124
879.302,1,-39.5057,1.6316,-1.3125
879.317,1,-39.5058,1.6311,-1.3127
879.330,1,-39.5060,1.6308,-1.3128
879.344,1,-39.5062,1.6306,-1.3129
879.358,1,-39.5063,1.6304,-1.3130
879.372,1,-39.5066,1.6301,-1.3132
879.386,1,-39.5068,1.6301,-1.3133
879.400,1,-39.5070,1.6303,-1.3135
879.413,1,-39.5072,1.6305,-1.3136
879.428,1,-39.5075,1.6308,-1.3139
879.441,1,-39.5078,1.6310,-1.3141
879.455,1,-39.5080,1.6311,-1.3144
879.468,1,-39.5083,1.6313,-1.3146
879.482,1,-39.5086,1.6314,-1.3149
879.497,1,-39.5091,1.6318,-1.3153
879.510,1,-39.5091,1.6322,-1.3157
879.524,1,-39.5094,1.6326,-1.3160
879.538,1,-39.5096,1.6334,-1.3166
879.551,1,-39.5097,1.6339,-1.3170
879.566,1,-39.5097,1.6345,-1.3174
879.580,1,-39.5099,1.6350,-1.3178
879.595,1,-39.5101,1.6353,-1.3181
879.609,1,-39.5106,1.6356,-1.3189
879.623,1,-39.5111,1.6356,-1.3192
879.637,1,-39.5117,1.6354,-1.3194
879.651,1,-39.5129,1.6353,-1.3200
879.664,1,-39.5135,1.6353,-1.3202
879.678,1,-39.5142,1.6355,-1.3203
879.692,1,-39.5147,1.6358,-1.3204
879.706,1,-39.5156,1.6363,-1.3206
879.719,1,-39.5160,1.6368,-1.3205
879.733,1,-39.5165,1.6373,-1.3204
879.748,1,-39.5171,1.6377,-1.3202
879.764,1,-39.5182,1.6384,-1.3200
879.777,1,-39.5189,1.6387,-1.3197
879.792,1,-39.5196,1.6388,-1.3193
879.807,1,-39.5208,1.6391,-1.3188
879.820,1,-39.5214,1.6393,-1.3183
879.834,1,-39.5219,1.6395,-1.3178
879.849,1,-39.5223,1.6400,-1.3171
879.864,1,-39.5229,1.6410,-1.3160
879.877,1,-39.5231,1.6417,-1.3153
879.891,1,-39.5235,1.6421,-1.3147
879.906,1,-39.5242,1.6427,-1.3134
879.920,1,-39.5247,1.6425,-1.3128
879.938,1,-39.5253,1.6422,-1.3119
879.952,1,-39.5265,1.6418,-1.3103
879.966,1,-39.5272,1.6411,-1.3092
879.980,1,-39.5279,1.6408,-1.3082
879.995,1,-39.5289,1.6406,-1.3062
880.009,1,-39.5290,1.6408,-1.3050
880.024,1,-39.5290,1.6410,-1.3038
880.038,1,-39.5290,1.6411,-1.3026
880.058,1,-39.5294,1.6415,-1.3002
880.074,1,-39.5296,1.6417,-1.2977
880.087,1,-39.5296,1.6414,-1.2963
880.101,1,-39.5295,1.6411,-1.2949
880.116,1,-39.5293,1.6406,-1.2922
880.131,1,-39.5292,1.6402,-1.2907
880.149,1,-39.5291,1.6398,-1.2892
880.165,1,-39.5291,1.6390,-1.2861
880.178,1,-39.5289,1.6386,-1.2844
880.193,1,-39.5285,1.6379,-1.2812
880.208,1,-39.5282,1.6377,-1.2795
880.224,1,-39.5277,1.6374,-1.2778
880.238,1,-39.5275,1.6372,-1.2761
880.253,1,-39.5269,1.6367,-1.2728
880.267,1,-39.5265,1.6365,-1.2712
880.281,1,-39.5262,1.6363,-1.2696
880.295,1,-39.5256,1.6357,-1.2665
880.309,1,-39.5253,1.6355,-1.2650
880.324,1,-39.5250,1.6353,-1.2636
880.338,1,-39.5247,1.6351,-1.2623
880.353,1,-39.5241,1.6347,-1.2596
880.368,1,-39.5238,1.6345,-1.2584
880.382,1,-39.5231,1.6340,-1.2560
880.397,1,-39.5228,1.6336,-1.2550
880.414,1,-39.5223,1.6334,-1.2541
880.429,1,-39.5214,1.6330,-1.2522
880.444,1,-39.5208,1.6329,-1.2514
880.459,1,-39.5198,1.6322,-1.2497
880.472,1,-39.5195,1.6316,-1.2490
880.487,1,-39.5192,1.6308,-1.2485
880.501,1,-39.5189,1.6302,-1.2478
880.514,1,-39.5186,1.6295,-1.2470
880.528,1,-39.5180,1.6282,-1.2455
880.541,1,-39.5179,1.6273,-1.2449
880.556,1,-39.5179,1.6263,-1.2444
880.569,1,-39.5179,1.6254,-1.2439
880.583,1,-39.5179,1.6236,-1.2428
880.596,1,-39.5179,1.6227,-1.2423
880.610,1,-39.5180,1.6218,-1.2417
880.624,1,-39.5179,1.6209,-1.2411
880.638,1,-39.5180,1.6193,-1.2400
880.652,1,-39.5180,1.6185,-1.2394
880.665,1,-39.5180,1.6179,-1.2389
880.678,1,-39.5179,1.6172,-1.2385
880.692,1,-39.5175,1.6166,-1.2380
880.706,1,-39.5169,1.6153,-1.2369
880.719,1,-39.5166,1.6148,-1.2363
880.733,1,-39.5163,1.6143,-1.2357
880.748,1,-39.5159,1.6140,-1.2353
880.765,1,-39.5152,1.6132,-1.2341
880.780,1,-39.5148,1.6129,-1.2335
880.793,1,-39.5142,1.6120,-1.2323
880.806,1,-39.5134,1.6120,-1.2314
880.820,1,-39.5130,1.6118,-1.2307
880.837,1,-39.5119,1.6113,-1.2295
880.855,1,-39.5111,1.6111,-1.2287
880.869,1,-39.5103,1.6109,-1.2279
880.883,1,-39.5088,1.6106,-1.2266
880.896,1,-39.5078,1.6107,-1.2260
880.909,1,-39.5067,1.6111,-1.2256
880.924,1,-39.5054,1.6117,-1.2254
880.939,1,-39.5031,1.6127,-1.2249
880.953,1,-39.5017,1.6136,-1.2249
880.967,1,-39.5002,1.6145,-1.2251
880.982,1,-39.4974,1.6163,-1.2254
880.996,1,-39.4957,1.6173,-1.2259
881.011,1,-39.4940,1.6181,-1.2264
881.025,1,-39.4923,1.6189,-1.2270
881.040,1,-39.4890,1.6203,-1.2279
881.053,1,-39.4874,1.6209,-1.2286
881.068,1,-39.4862,1.6211,-1.2294
881.083,1,-39.4836,1.6219,-1.2308
881.097,1,-39.4824,1.6221,-1.2316
881.112,1,-39.4813,1.6224,-1.2324
881.127,1,-39.4801,1.6227,-1.2332
881.141,1,-39.4778,1.6233,-1.2347
881.155,1,-39.4767,1.6233,-1.2354
881.170,1,-39.4748,1.6232,-1.2366
881.185,1,-39.4741,1.6228,-1.2372
881.203,1,-39.4734,1.6222,-1.2377
881.219,1,-39.4717,1.6213,-1.2387
881.232,1,-39.4710,1.6203,-1.2393
881.246,1,-39.4705,1.6193,-1.2398
881.260,1,-39.4703,1.6182,-1.2400
881.275,1,-39.4691,1.6165,-1.2409
881.289,1,-39.4689,1.6152,-1.2412
881.304,1,-39.4681,1.6127,-1.2420
881.317,1,-39.4679,1.6109,-1.2424
881.332,1,-39.4678,1.6092,-1.2428
881.347,1,-39.4675,1.6080,-1.2435
881.363,1,-39.4671,1.6058,-1.2445
881.377,1,-39.4668,1.6047,-1.2451
881.392,1,-39.4665,1.6037,-1.2458
881.406,1,-39.4658,1.6018,-1.2472
881.420,1,-39.4653,1.6012,-1.2480
881.434,1,-39.4650,1.6005,-1.2488
881.449,1,-39.4646,1.5981,-1.2505
881.463,1,-39.4644,1.5971,-1.2513
881.480,1,-39.4634,1.5995,-1.2524
881.498,1,-39.4619,1.6023,-1.2543
881.512,1,-39.4610,1.6035,-1.2550
881.527,1,-39.4598,1.6048,-1.2569
881.540,1,-39.4591,1.6063,-1.2574
881.554,1,-39.4583,1.6082,-1.2577
881.569,1,-39.4579,1.6095,-1.2578
881.583,1,-39.4574,1.6106,-1.2581
881.598,1,-39.4559,1.6119,-1.2589
881.612,1,-39.4547,1.6124,-1.2591
881.625,1,-39.4536,1.6121,-1.2588
881.639,1,-39.4515,1.6120,-1.2588
881.653,1,-39.4504,1.6111,-1.2586
881.667,1,-39.4495,1.6098,-1.2585
881.681,1,-39.4486,1.6084,-1.2580
881.694,1,-39.4466,1.6056,-1.2577
881.709,1,-39.4457,1.6035,-1.2569
881.722,1,-39.4445,1.6021,-1.2564
881.736,1,-39.4431,1.6010,-1.2560
881.750,1,-39.4400,1.5992,-1.2550
881.763,1,-39.4383,1.5987,-1.2542
881.776,1,-39.4361,1.5981,-1.2536
881.796,1,-39.4321,1.5973,-1.2524
881.809,1,-39.4297,1.5971,-1.2516
881.824,1,-39.4273,1.5970,-1.2507
881.837,1,-39.4249,1.5968,-1.2498
881.850,1,-39.4225,1.5967,-1.2489
881.863,1,-39.4176,1.5967,-1.2471
881.877,1,-39.4148,1.5969,-1.2461
881.891,1,-39.4120,1.5973,-1.2449
881.905,1,-39.4069,1.5978,-1.2432
881.919,1,-39.4038,1.5979,-1.2421
881.932,1,-39.4010,1.5980,-1.2410
881.944,1,-39.3981,1.5978,-1.2399
881.958,1,-39.3954,1.5976,-1.2389
881.972,1,-39.3898,1.5970,-1.2367
881.986,1,-39.3869,1.5965,-1.2358
881.999,1,-39.3839,1.5958,-1.2347
882.013,1,-39.3808,1.5955,-1.2338
882.027,1,-39.3745,1.5952,-1.2318
882.041,1,-39.3710,1.5955,-1.2313
882.055,1,-39.3675,1.5954,-1.2306
882.069,1,-39.3609,1.5954,-1.2293
882.085,1,-39.3571,1.5957,-1.2287
882.102,1,-39.3536,1.5959,-1.2283
882.118,1,-39.3463,1.5962,-1.2274
882.132,1,-39.3421,1.5964,-1.2270
882.146,1,-39.3342,1.5966,-1.2261
882.161,1,-39.3299,1.5964,-1.2257
882.179,1,-39.3252,1.5962,-1.2256
882.195,1,-39.3162,1.5962,-1.2249
882.210,1,-39.3109,1.5962,-1.2250
882.224,1,-39.3009,1.5961,-1.2247
882.239,1,-39.2953,1.5955,-1.2246
882.253,1,-39.2896,1.5949,-1.2248
882.267,1,-39.2839,1.5945,-1.2250
882.282,1,-39.2724,1.5939,-1.2255
882.296,1,-39.2661,1.5932,-1.2259
882.310,1,-39.2598,1.5924,-1.2263
882.324,1,-39.2534,1.5913,-1.2267
882.338,1,-39.2468,1.5902,-1.2273
882.353,1,-39.2337,1.5887,-1.2286
882.368,1,-39.2265,1.5880,-1.2294
882.382,1,-39.2126,1.5866,-1.2309
882.397,1,-39.2051,1.5858,-1.2319
882.414,1,-39.1975,1.5853,-1.2330
882.433,1,-39.1823,1.5846,-1.2351
882.447,1,-39.1742,1.5846,-1.2366
882.460,1,-39.1587,1.5841,-1.2390
882.473,1,-39.1506,1.5845,-1.2406
882.491,1,-39.1418,1.5863,-1.2423
882.505,1,-39.1331,1.5882,-1.2439
882.519,1,-39.1158,1.5912,-1.2470
882.532,1,-39.1066,1.5936,-1.2486
882.546,1,-39.0974,1.5963,-1.2503
882.560,1,-39.0796,1.6009,-1.2533
882.573,1,-39.0707,1.6037,-1.2550
882.586,1,-39.0617,1.6059,-1.2565
882.601,1,-39.0529,1.6074,-1.2580
882.615,1,-39.0440,1.6085,-1.2591
882.630,1,-39.0258,1.6114,-1.2617
882.643,1,-39.0169,1.6127,-1.2625
882.657,1,-39.0075,1.6147,-1.2635
882.671,1,-38.9889,1.6188,-1.2655
882.685,1,-38.9792,1.6209,-1.2664
882.698,1,-38.9699,1.6225,-1.2671
882.712,1,-38.9608,1.6239,-1.2675
882.726,1,-38.9423,1.6269,-1.2685
882.739,1,-38.9329,1.6282,-1.2689
882.753,1,-38.9233,1.6294,-1.2694
882.767,1,-38.9138,1.6303,-1.2698
882.780,1,-38.9045,1.6308,-1.2700
882.798,1,-38.8855,1.6317,-1.2708
882.811,1,-38.8758,1.6314,-1.2711
882.825,1,-38.8562,1.6313,-1.2717
882.838,1,-38.8458,1.6300,-1.2721
882.853,1,-38.8356,1.6285,-1.2722
882.866,1,-38.8253,1.6268,-1.2723
882.880,1,-38.8151,1.6248,-1.2723
882.893,1,-38.7941,1.6215,-1.2727
882.906,1,-38.7834,1.6189,-1.2728
882.921,1,-38.7728,1.6159,-1.2727
882.934,1,-38.7622,1.6129,-1.2726
882.947,1,-38.7513,1.6100,-1.2724
882.961,1,-38.7300,1.6048,-1.2718
882.974,1,-38.7187,1.6023,-1.2713
882.987,1,-38.7076,1.6003,-1.2708
883.001,1,-38.6961,1.5984,-1.2703
883.015,1,-38.6850,1.5968,-1.2694
883.029,1,-38.6622,1.5940,-1.2682
883.043,1,-38.6508,1.5937,-1.2672
883.055,1,-38.6393,1.5936,-1.2663
883.070,1,-38.6159,1.5937,-1.2646
883.083,1,-38.6035,1.5964,-1.2635
883.097,1,-38.5912,1.6005,-1.2623
883.112,1,-38.5792,1.6043,-1.2612
883.126,1,-38.5670,1.6075,-1.2602
883.141,1,-38.5429,1.6129,-1.2584
883.154,1,-38.5310,1.6155,-1.2575
883.169,1,-38.5191,1.6174,-1.2567
883.183,1,-38.4956,1.6209,-1.2548
883.196,1,-38.4839,1.6222,-1.2541
883.210,1,-38.4726,1.6238,-1.2534
883.225,1,-38.4611,1.6258,-1.2530
883.239,1,-38.4376,1.6300,-1.2519
883.253,1,-38.4260,1.6321,-1.2514
883.267,1,-38.4145,1.6340,-1.2510
883.281,1,-38.4033,1.6355,-1.2506
883.296,1,-38.3802,1.6386,-1.2500
883.310,1,-38.3691,1.6397,-1.2496
883.325,1,-38.3465,1.6419,-1.2490
883.339,1,-38.3353,1.6424,-1.2486
883.353,1,-38.3241,1.6425,-1.2483
883.366,1,-38.3132,1.6424,-1.2481
883.381,1,-38.2906,1.6420,-1.2478
883.395,1,-38.2795,1.6409,-1.2476
883.410,1,-38.2681,1.6393,-1.2474
883.424,1,-38.2572,1.6375,-1.2473
883.438,1,-38.2345,1.6343,-1.2470
883.453,1,-38.2228,1.6315,-1.2471
883.467,1,-38.2115,1.6286,-1.2472
883.480,1,-38.1884,1.6238,-1.2473
883.495,1,-38.1767,1.6206,-1.2476
883.512,1,-38.1645,1.6175,-1.2480
883.529,1,-38.1409,1.6123,-1.2488
883.543,1,-38.1287,1.6102,-1.2496
883.557,1,-38.1047,1.6058,-1.2508
883.570,1,-38.0927,1.6041,-1.2516
883.586,1,-38.0804,1.6034,-1.2526
883.600,1,-38.0679,1.6031,-1.2537
883.614,1,-38.0553,1.6030,-1.2548
883.627,1,-38.0304,1.6036,-1.2567
883.642,1,-38.0179,1.6062,-1.2579
883.655,1,-38.0055,1.6089,-1.2589
883.669,1,-37.9929,1.6113,-1.2598
883.683,1,-37.9678,1.6157,-1.2617
883.697,1,-37.9551,1.6186,-1.2625
883.710,1,-37.9429,1.6211,-1.2632
883.723,1,-37.9310,1.6232,-1.2637
883.738,1,-37.9068,1.6272,-1.2648
883.752,1,-37.8951,1.6295,-1.2649
883.766,1,-37.8834,1.6320,-1.2651
883.780,1,-37.8718,1.6345,-1.2654
883.794,1,-37.8484,1.6391,-1.2656
883.808,1,-37.8369,1.6411,-1.2656
883.821,1,-37.8258,1.6427,-1.2654
883.835,1,-37.8145,1.6440,-1.2653
883.849,1,-37.7914,1.6467,-1.2650
883.862,1,-37.7803,1.6470,-1.2648
883.879,1,-37.7692,1.6467,-1.2645
883.893,1,-37.7465,1.6467,-1.2640
883.905,1,-37.7352,1.6456,-1.2637
883.919,1,-37.7240,1.6438,-1.2633
883.933,1,-37.7129,1.6416,-1.2629
883.946,1,-37.7016,1.6391,-1.2624
883.959,1,-37.6787,1.6351,-1.2615
883.978,1,-37.6671,1.6311,-1.2609
883.993,1,-37.6438,1.6254,-1.2597
884.005,1,-37.6321,1.6223,-1.2590
884.019,1,-37.6202,1.6192,-1.2581
884.033,1,-37.6086,1.6164,-1.2571
884.045,1,-37.5968,1.6138,-1.2561
884.059,1,-37.5734,1.6088,-1.2541
884.071,1,-37.5616,1.6068,-1.2528
884.085,1,-37.5499,1.6059,-1.2514
884.099,1,-37.5377,1.6057,-1.2501
884.112,1,-37.5252,1.6060,-1.2486
884.125,1,-37.5007,1.6058,-1.2458
884.138,1,-37.4880,1.6068,-1.2443
884.152,1,-37.4755,1.6089,-1.2426
884.165,1,-37.4631,1.6115,-1.2411
884.179,1,-37.4506,1.6142,-1.2397
884.191,1,-37.4260,1.6176,-1.2368
884.206,1,-37.4137,1.6204,-1.2356
884.220,1,-37.4017,1.6226,-1.2345
884.233,1,-37.3896,1.6241,-1.2333
884.247,1,-37.3780,1.6256,-1.2322
884.260,1,-37.3539,1.6291,-1.2300
884.275,1,-37.3421,1.6312,-1.2291
884.288,1,-37.3304,1.6335,-1.2281
884.302,1,-37.3186,1.6360,-1.2274
884.316,1,-37.2949,1.6405,-1.2258
884.329,1,-37.2835,1.6425,-1.2253
884.344,1,-37.2720,1.6443,-1.2247
884.357,1,-37.2604,1.6457,-1.2239
884.372,1,-37.2369,1.6487,-1.2225
884.386,1,-37.2252,1.6494,-1.2216
884.400,1,-37.2136,1.6494,-1.2209
884.415,1,-37.2020,1.6493,-1.2200
884.428,1,-37.1787,1.6488,-1.2185
884.445,1,-37.1669,1.6466,-1.2177
884.461,1,-37.1435,1.6435,-1.2162
884.474,1,-37.1319,1.6414,-1.2153
884.488,1,-37.1202,1.6389,-1.2145
884.502,1,-37.1084,1.6365,-1.2137
884.517,1,-37.0846,1.6319,-1.2120
884.530,1,-37.0724,1.6288,-1.2113
884.545,1,-37.0605,1.6260,-1.2107
884.559,1,-37.0361,1.6217,-1.2095
884.572,1,-37.0236,1.6202,-1.2091
884.588,1,-37.0110,1.6190,-1.2089
884.606,1,-36.9863,1.6159,-1.2084
884.621,1,-36.9737,1.6148,-1.2083
884.635,1,-36.9488,1.6132,-1.2079
884.648,1,-36.9367,1.6132,-1.2078
884.663,1,-36.9243,1.6134,-1.2077
884.677,1,-36.9120,1.6145,-1.2076
884.691,1,-36.8872,1.6169,-1.2073
884.704,1,-36.8747,1.6198,-1.2073
884.718,1,-36.8624,1.6222,-1.2070
884.732,1,-36.8503,1.6244,-1.2067
884.746,1,-36.8261,1.6286,-1.2061
884.765,1,-36.8148,1.6306,-1.2053
884.782,1,-36.7917,1.6339,-1.2042
884.795,1,-36.7805,1.6357,-1.2036
884.808,1,-36.7692,1.6380,-1.2028
884.823,1,-36.7582,1.6408,-1.2019
884.841,1,-36.7357,1.6461,-1.2003
884.854,1,-36.7246,1.6485,-1.1993
884.867,1,-36.7136,1.6504,-1.1983
884.880,1,-36.6914,1.6542,-1.1965
884.893,1,-36.6806,1.6555,-1.1954
884.907,1,-36.6697,1.6565,-1.1943
884.922,1,-36.6589,1.6572,-1.1932
884.934,1,-36.6479,1.6575,-1.1921
884.947,1,-36.6261,1.6580,-1.1900
884.960,1,-36.6151,1.6571,-1.1889
884.975,1,-36.6045,1.6553,-1.1878
884.988,1,-36.5940,1.6536,-1.1862
885.002,1,-36.5833,1.6515,-1.1851
885.015,1,-36.5617,1.6486,-1.1828
885.028,1,-36.5507,1.6457,-1.1817
885.041,1,-36.5400,1.6429,-1.1805
885.055,1,-36.5293,1.6398,-1.1792
885.069,1,-36.5186,1.6367,-1.1777
885.081,1,-36.4969,1.6314,-1.1748
885.094,1,-36.4863,1.6286,-1.1728
885.107,1,-36.4757,1.6260,-1.1711
885.120,1,-36.4650,1.6235,-1.1694
885.134,1,-36.4544,1.6215,-1.1675
885.146,1,-36.4327,1.6178,-1.1639
885.159,1,-36.4217,1.6173,-1.1619
885.174,1,-36.4105,1.6172,-1.1598
885.188,1,-36.3998,1.6168,-1.1578
885.202,1,-36.3784,1.6161,-1.1539
885.215,1,-36.3678,1.6178,-1.1519
885.231,1,-36.3571,1.6201,-1.1499
885.244,1,-36.3466,1.6221,-1.1479
885.257,1,-36.3360,1.6247,-1.1460
885.270,1,-36.3254,1.6271,-1.1441
885.283,1,-36.3040,1.6307,-1.1404
885.296,1,-36.2936,1.6323,-1.1387
885.308,1,-36.2836,1.6337,-1.1370
885.321,1,-36.2734,1.6353,-1.1353
885.335,1,-36.2633,1.6374,-1.1339
885.349,1,-36.2429,1.6415,-1.1307
885.363,1,-36.2330,1.6439,-1.1295
885.377,1,-36.2233,1.6463,-1.1284
885.391,1,-36.2137,1.6484,-1.1273
885.408,1,-36.1942,1.6520,-1.1250
885.425,1,-36.1751,1.6551,-1.1228
885.439,1,-36.1660,1.6561,-1.1219
885.452,1,-36.1569,1.6570,-1.1210
885.466,1,-36.1478,1.6575,-1.1202
885.480,1,-36.1386,1.6580,-1.1194
885.493,1,-36.1200,1.6588,-1.1177
885.506,1,-36.1109,1.6583,-1.1171
885.519,1,-36.1018,1.6576,-1.1165
885.533,1,-36.0930,1.6565,-1.1147
885.548,1,-36.0838,1.6555,-1.1140
885.562,1,-36.0655,1.6537,-1.1127
885.575,1,-36.0564,1.6520,-1.1122
885.589,1,-36.0474,1.6502,-1.1117
885.602,1,-36.0385,1.6485,-1.1112
885.616,1,-36.0205,1.6455,-1.1102
885.629,1,-36.0114,1.6438,-1.1099
885.644,1,-36.0025,1.6422,-1.1093
885.658,1,-35.9845,1.6392,-1.1086
885.673,1,-35.9754,1.6377,-1.1084
885.686,1,-35.9664,1.6366,-1.1083
885.699,1,-35.9574,1.6360,-1.1084
885.714,1,-35.9392,1.6348,-1.1084
885.726,1,-35.9300,1.6343,-1.1085
885.740,1,-35.9212,1.6337,-1.1084
885.755,1,-35.9121,1.6329,-1.1085
885.769,1,-35.9030,1.6319,-1.1085
885.783,1,-35.8849,1.6311,-1.1089
885.797,1,-35.8761,1.6323,-1.1091
885.810,1,-35.8674,1.6326,-1.1093
885.825,1,-35.8589,1.6327,-1.1093
885.838,1,-35.8418,1.6338,-1.1096
885.851,1,-35.8335,1.6363,-1.1097
885.869,1,-35.8253,1.6393,-1.1097
885.885,1,-35.8082,1.6426,-1.1094
885.899,1,-35.7996,1.6443,-1.1091
885.912,1,-35.7825,1.6473,-1.1086
885.926,1,-35.7741,1.6489,-1.1080
885.944,1,-35.7659,1.6504,-1.1074
885.958,1,-35.7495,1.6532,-1.1067
885.971,1,-35.7416,1.6546,-1.1063
885.984,1,-35.7341,1.6556,-1.1058
885.999,1,-35.7268,1.6563,-1.1051
886.012,1,-35.7117,1.6578,-1.1038
886.031,1,-35.7049,1.6580,-1.1033
886.046,1,-35.6904,1.6589,-1.1022
886.058,1,-35.6835,1.6591,-1.1018
886.072,1,-35.6768,1.6590,-1.1011
886.085,1,-35.6699,1.6592,-1.1005
886.098,1,-35.6634,1.6590,-1.1002
886.112,1,-35.6568,1.6589,-1.0999
886.125,1,-35.6433,1.6588,-1.0987
886.137,1,-35.6369,1.6586,-1.0981
886.150,1,-35.6306,1.6582,-1.0976
886.163,1,-35.6243,1.6578,-1.0969
886.176,1,-35.6180,1.6574,-1.0964
886.190,1,-35.6119,1.6571,-1.0959
886.204,1,-35.6056,1.6564,-1.0947
886.218,1,-35.5930,1.6551,-1.0935
886.232,1,-35.5869,1.6540,-1.0928
886.245,1,-35.5747,1.6519,-1.0915
886.259,1,-35.5688,1.6506,-1.0908
886.272,1,-35.5629,1.6495,-1.0898
886.285,1,-35.5569,1.6485,-1.0888
886.297,1,-35.5507,1.6474,-1.0880
886.310,1,-35.5447,1.6463,-1.0872
886.323,1,-35.5388,1.6451,-1.0862
886.339,1,-35.5330,1.6440,-1.0855
886.355,1,-35.5215,1.6420,-1.0834
886.367,1,-35.5156,1.6413,-1.0822
886.380,1,-35.5043,1.6403,-1.0801
886.393,1,-35.4988,1.6408,-1.0787
886.409,1,-35.4929,1.6416,-1.0774
886.421,1,-35.4873,1.6423,-1.0761
886.434,1,-35.4816,1.6435,-1.0748
886.447,1,-35.4759,1.6449,-1.0733
886.462,1,-35.4702,1.6462,-1.0721
886.474,1,-35.4596,1.6482,-1.0696
886.492,1,-35.4545,1.6492,-1.0683
886.509,1,-35.4446,1.6508,-1.0660
886.521,1,-35.4399,1.6515,-1.0651
886.534,1,-35.4350,1.6520,-1.0639
886.547,1,-35.4301,1.6525,-1.0629
886.561,1,-35.4252,1.6528,-1.0618
886.575,1,-35.4205,1.6533,-1.0611
886.589,1,-35.4113,1.6545,-1.0592
886.602,1,-35.4069,1.6550,-1.0586
886.617,1,-35.4028,1.6554,-1.0579
886.630,1,-35.3988,1.6560,-1.0573
886.643,1,-35.3948,1.6567,-1.0570
886.658,1,-35.3870,1.6580,-1.0561
886.674,1,-35.3838,1.6586,-1.0558
886.688,1,-35.3766,1.6600,-1.0550
886.704,1,-35.3734,1.6608,-1.0551
886.719,1,-35.3703,1.6616,-1.0550
886.733,1,-35.3672,1.6622,-1.0549
886.748,1,-35.3610,1.6635,-1.0547
886.762,1,-35.3581,1.6641,-1.0547
886.777,1,-35.3553,1.6646,-1.0550
886.792,1,-35.3496,1.6657,-1.0550
886.805,1,-35.3470,1.6661,-1.0555
886.820,1,-35.3447,1.6661,-1.0557
886.834,1,-35.3425,1.6661,-1.0558
886.851,1,-35.3380,1.6661,-1.0564
886.868,1,-35.3338,1.6660,-1.0570
886.881,1,-35.3320,1.6659,-1.0577
886.898,1,-35.3304,1.6657,-1.0582
886.913,1,-35.3267,1.6656,-1.0590
886.927,1,-35.3252,1.6653,-1.0595
886.939,1,-35.3238,1.6651,-1.0602
886.954,1,-35.3225,1.6655,-1.0609
886.967,1,-35.3211,1.6664,-1.0615
886.981,1,-35.3183,1.6676,-1.0627
886.993,1,-35.3172,1.6680,-1.0635
887.005,1,-35.3159,1.6684,-1.0641
887.018,1,-35.3148,1.6688,-1.0647
887.031,1,-35.3135,1.6691,-1.0652
887.043,1,-35.3111,1.6697,-1.0663
887.055,1,-35.3100,1.6698,-1.0668
887.072,1,-35.3090,1.6696,-1.0673
887.085,1,-35.3080,1.6695,-1.0680
887.098,1,-35.3071,1.6694,-1.0688
887.112,1,-35.3053,1.6691,-1.0702
887.125,1,-35.3046,1.6690,-1.0709
887.139,1,-35.3040,1.6689,-1.0716
887.154,1,-35.3036,1.6687,-1.0722
887.166,1,-35.3031,1.6686,-1.0729
887.180,1,-35.3021,1.6683,-1.0747
887.194,1,-35.3020,1.6683,-1.0754
887.208,1,-35.3018,1.6684,-1.0762
887.222,1,-35.3015,1.6683,-1.0768
887.237,1,-35.3010,1.6681,-1.0782
887.250,1,-35.3008,1.6680,-1.0791
887.264,1,-35.3007,1.6678,-1.0798
887.280,1,-35.3006,1.6675,-1.0804
887.298,1,-35.3005,1.6670,-1.0817
887.311,1,-35.3005,1.6664,-1.0831
887.323,1,-35.3007,1.6660,-1.0837
887.339,1,-35.3010,1.6657,-1.0844
887.351,1,-35.3013,1.6655,-1.0852
887.364,1,-35.3015,1.6653,-1.0859
887.378,1,-35.3019,1.6651,-1.0864
887.391,1,-35.3024,1.6647,-1.0877
887.404,1,-35.3028,1.6647,-1.0883
887.417,1,-35.3032,1.6645,-1.0889
887.430,1,-35.3036,1.6645,-1.0897
887.444,1,-35.3040,1.6644,-1.0902
887.457,1,-35.3047,1.6643,-1.0914
887.471,1,-35.3050,1.6645,-1.0919
887.484,1,-35.3052,1.6646,-1.0924
887.497,1,-35.3055,1.6647,-1.0929
887.510,1,-35.3058,1.6648,-1.0933
887.524,1,-35.3064,1.6649,-1.0942
887.537,1,-35.3068,1.6650,-1.0950
887.549,1,-35.3072,1.6650,-1.0956
887.563,1,-35.3075,1.6650,-1.0960
887.576,1,-35.3080,1.6650,-1.0963
887.590,1,-35.3087,1.6650,-1.0971
887.603,1,-35.3090,1.6649,-1.0974

# --- Trial 2 start ---
896.983,2,-39.4415,1.6317,-1.3517
897.061,2,-39.4397,1.6289,-1.3494
897.083,2,-39.4389,1.6277,-1.3482
897.110,2,-39.4384,1.6270,-1.3471
897.127,2,-39.4379,1.6264,-1.3461
897.141,2,-39.4373,1.6260,-1.3451
897.155,2,-39.4369,1.6259,-1.3444
897.170,2,-39.4365,1.6258,-1.3438
897.185,2,-39.4361,1.6258,-1.3433
897.199,2,-39.4357,1.6257,-1.3427
897.215,2,-39.4350,1.6256,-1.3415
897.230,2,-39.4343,1.6257,-1.3401
897.244,2,-39.4337,1.6258,-1.3395
897.259,2,-39.4334,1.6258,-1.3387
897.274,2,-39.4330,1.6259,-1.3380
897.288,2,-39.4324,1.6261,-1.3365
897.302,2,-39.4321,1.6262,-1.3357
897.317,2,-39.4317,1.6264,-1.3349
897.332,2,-39.4313,1.6266,-1.3333
897.346,2,-39.4310,1.6267,-1.3326
897.361,2,-39.4308,1.6268,-1.3318
897.376,2,-39.4303,1.6271,-1.3301
897.390,2,-39.4302,1.6272,-1.3291
897.405,2,-39.4301,1.6273,-1.3282
897.420,2,-39.4300,1.6273,-1.3263
897.434,2,-39.4300,1.6272,-1.3253
897.450,2,-39.4302,1.6271,-1.3242
897.465,2,-39.4305,1.6270,-1.3220
897.479,2,-39.4308,1.6269,-1.3209
897.494,2,-39.4312,1.6269,-1.3196
897.509,2,-39.4320,1.6267,-1.3172
897.524,2,-39.4324,1.6265,-1.3159
897.539,2,-39.4327,1.6266,-1.3145
897.554,2,-39.4333,1.6267,-1.3117
897.569,2,-39.4335,1.6269,-1.3101
897.583,2,-39.4338,1.6272,-1.3084
897.598,2,-39.4343,1.6275,-1.3053
897.612,2,-39.4346,1.6277,-1.3036
897.627,2,-39.4350,1.6279,-1.3018
897.642,2,-39.4357,1.6282,-1.2983
897.656,2,-39.4361,1.6285,-1.2964
897.671,2,-39.4363,1.6288,-1.2946
897.685,2,-39.4370,1.6292,-1.2908
897.700,2,-39.4373,1.6294,-1.2887
897.717,2,-39.4375,1.6296,-1.2866
897.733,2,-39.4379,1.6299,-1.2825
897.750,2,-39.4381,1.6300,-1.2803
897.767,2,-39.4383,1.6305,-1.2763
897.781,2,-39.4383,1.6308,-1.2743
897.796,2,-39.4383,1.6310,-1.2723
897.809,2,-39.4385,1.6315,-1.2683
897.823,2,-39.4384,1.6316,-1.2664
897.838,2,-39.4382,1.6314,-1.2645
897.852,2,-39.4381,1.6310,-1.2626
897.866,2,-39.4377,1.6304,-1.2590
897.881,2,-39.4372,1.6304,-1.2575
897.895,2,-39.4365,1.6306,-1.2543
897.909,2,-39.4360,1.6308,-1.2533
897.927,2,-39.4356,1.6310,-1.2522
897.941,2,-39.4346,1.6312,-1.2499
897.955,2,-39.4340,1.6315,-1.2490
897.970,2,-39.4334,1.6317,-1.2484
897.984,2,-39.4321,1.6321,-1.2466
898.000,2,-39.4314,1.6322,-1.2460
898.015,2,-39.4305,1.6322,-1.2455
898.030,2,-39.4288,1.6323,-1.2443
898.044,2,-39.4279,1.6322,-1.2438
898.058,2,-39.4269,1.6319,-1.2434
898.077,2,-39.4249,1.6310,-1.2425
898.094,2,-39.4229,1.6298,-1.2416
898.109,2,-39.4219,1.6289,-1.2414
898.127,2,-39.4208,1.6282,-1.2411
898.142,2,-39.4186,1.6263,-1.2405
898.155,2,-39.4175,1.6247,-1.2402
898.170,2,-39.4164,1.6229,-1.2400
898.186,2,-39.4143,1.6201,-1.2395
898.200,2,-39.4129,1.6186,-1.2395
898.216,2,-39.4117,1.6168,-1.2394
898.232,2,-39.4094,1.6133,-1.2393
898.248,2,-39.4083,1.6112,-1.2393
898.263,2,-39.4061,1.6081,-1.2392
898.277,2,-39.4049,1.6071,-1.2393
898.296,2,-39.4037,1.6054,-1.2395
898.313,2,-39.4015,1.6016,-1.2401
898.329,2,-39.3993,1.5982,-1.2408
898.343,2,-39.3981,1.5972,-1.2414
898.358,2,-39.3969,1.5962,-1.2421
898.373,2,-39.3959,1.5948,-1.2428
898.392,2,-39.3942,1.5911,-1.2443
898.410,2,-39.3930,1.5866,-1.2460
898.425,2,-39.3931,1.5873,-1.2467
898.440,2,-39.3917,1.5899,-1.2476
898.456,2,-39.3898,1.5922,-1.2492
898.470,2,-39.3886,1.5929,-1.2498
898.486,2,-39.3873,1.5943,-1.2516
898.500,2,-39.3868,1.5969,-1.2521
898.515,2,-39.3860,1.5998,-1.2528
898.530,2,-39.3852,1.6040,-1.2539
898.545,2,-39.3844,1.6058,-1.2546
898.560,2,-39.3836,1.6076,-1.2554
898.575,2,-39.3820,1.6111,-1.2561
898.590,2,-39.3813,1.6131,-1.2564
898.604,2,-39.3801,1.6154,-1.2565
898.619,2,-39.3784,1.6198,-1.2573
898.635,2,-39.3774,1.6218,-1.2575
898.649,2,-39.3764,1.6231,-1.2575
898.666,2,-39.3744,1.6255,-1.2571
898.681,2,-39.3735,1.6257,-1.2567
898.695,2,-39.3716,1.6273,-1.2564
898.710,2,-39.3704,1.6272,-1.2557
898.729,2,-39.3694,1.6268,-1.2552
898.744,2,-39.3668,1.6268,-1.2542
898.758,2,-39.3654,1.6265,-1.2536
898.772,2,-39.3637,1.6262,-1.2532
898.786,2,-39.3604,1.6259,-1.2522
898.800,2,-39.3582,1.6251,-1.2516
898.814,2,-39.3560,1.6238,-1.2511
898.829,2,-39.3519,1.6220,-1.2502
898.843,2,-39.3491,1.6210,-1.2500
898.857,2,-39.3463,1.6207,-1.2496
898.872,2,-39.3431,1.6208,-1.2492
898.886,2,-39.3400,1.6206,-1.2488
898.900,2,-39.3337,1.6203,-1.2481
898.914,2,-39.3302,1.6201,-1.2479
898.929,2,-39.3234,1.6204,-1.2475
898.943,2,-39.3193,1.6211,-1.2474
898.957,2,-39.3150,1.6219,-1.2474
898.971,2,-39.3108,1.6222,-1.2473
898.985,2,-39.3066,1.6221,-1.2473
899.004,2,-39.2979,1.6220,-1.2477
899.021,2,-39.2930,1.6213,-1.2479
899.037,2,-39.2837,1.6203,-1.2482
899.052,2,-39.2736,1.6191,-1.2488
899.066,2,-39.2682,1.6186,-1.2490
899.079,2,-39.2627,1.6177,-1.2494
899.093,2,-39.2569,1.6170,-1.2499
899.108,2,-39.2455,1.6151,-1.2506
899.122,2,-39.2397,1.6139,-1.2510
899.136,2,-39.2336,1.6125,-1.2517
899.150,2,-39.2275,1.6114,-1.2524
899.167,2,-39.2148,1.6090,-1.2539
899.184,2,-39.2016,1.6059,-1.2554
899.203,2,-39.1947,1.6043,-1.2564
899.218,2,-39.1811,1.6018,-1.2585
899.232,2,-39.1738,1.6009,-1.2598
899.248,2,-39.1657,1.6002,-1.2613
899.262,2,-39.1575,1.5995,-1.2628
899.276,2,-39.1423,1.5982,-1.2656
899.291,2,-39.1344,1.5978,-1.2670
899.306,2,-39.1265,1.5979,-1.2684
899.322,2,-39.1105,1.5980,-1.2713
899.337,2,-39.1018,1.5994,-1.2729
899.352,2,-39.0852,1.6011,-1.2760
899.367,2,-39.0770,1.6028,-1.2773
899.382,2,-39.0684,1.6049,-1.2786
899.396,2,-39.0516,1.6085,-1.2815
899.410,2,-39.0431,1.6109,-1.2827
899.430,2,-39.0344,1.6125,-1.2837
899.444,2,-39.0178,1.6152,-1.2857
899.459,2,-39.0094,1.6162,-1.2864
899.474,2,-38.9929,1.6184,-1.2877
899.492,2,-38.9843,1.6195,-1.2881
899.509,2,-38.9673,1.6221,-1.2891
899.523,2,-38.9592,1.6236,-1.2893
899.537,2,-38.9506,1.6247,-1.2895
899.551,2,-38.9422,1.6255,-1.2896
899.566,2,-38.9249,1.6271,-1.2900
899.580,2,-38.9163,1.6275,-1.2899
899.595,2,-38.8991,1.6285,-1.2901
899.609,2,-38.8907,1.6286,-1.2898
899.627,2,-38.8818,1.6280,-1.2896
899.642,2,-38.8642,1.6274,-1.2895
899.656,2,-38.8551,1.6263,-1.2892
899.670,2,-38.8462,1.6251,-1.2889
899.684,2,-38.8372,1.6239,-1.2884
899.698,2,-38.8190,1.6218,-1.2880
899.712,2,-38.8096,1.6201,-1.2877
899.727,2,-38.8000,1.6182,-1.2875
899.742,2,-38.7813,1.6147,-1.2868
899.755,2,-38.7717,1.6125,-1.2864
899.770,2,-38.7621,1.6102,-1.2857
899.785,2,-38.7522,1.6081,-1.2851
899.799,2,-38.7324,1.6040,-1.2840
899.814,2,-38.7222,1.6018,-1.2832
899.829,2,-38.7021,1.5979,-1.2816
899.844,2,-38.6918,1.5970,-1.2804
899.862,2,-38.6811,1.5966,-1.2794
899.876,2,-38.6607,1.5951,-1.2772
899.890,2,-38.6499,1.5948,-1.2760
899.904,2,-38.6397,1.5952,-1.2747
899.918,2,-38.6292,1.5955,-1.2734
899.932,2,-38.6082,1.5966,-1.2708
899.946,2,-38.5973,1.5986,-1.2696
899.960,2,-38.5866,1.6007,-1.2684
899.974,2,-38.5649,1.6044,-1.2659
899.989,2,-38.5539,1.6074,-1.2646
900.002,2,-38.5428,1.6103,-1.2635
900.016,2,-38.5319,1.6127,-1.2624
900.030,2,-38.5096,1.6167,-1.2604
900.043,2,-38.4985,1.6186,-1.2597
900.060,2,-38.4877,1.6206,-1.2590
900.075,2,-38.4659,1.6245,-1.2577
900.088,2,-38.4552,1.6265,-1.2570
900.103,2,-38.4448,1.6285,-1.2568
900.117,2,-38.4343,1.6303,-1.2564
900.131,2,-38.4134,1.6335,-1.2555
900.144,2,-38.4034,1.6346,-1.2551
900.158,2,-38.3934,1.6354,-1.2548
900.173,2,-38.3727,1.6377,-1.2540
900.186,2,-38.3622,1.6384,-1.2538
900.199,2,-38.3520,1.6386,-1.2537
900.214,2,-38.3420,1.6382,-1.2535
900.228,2,-38.3217,1.6379,-1.2530
900.242,2,-38.3112,1.6368,-1.2529
900.256,2,-38.3007,1.6353,-1.2530
900.270,2,-38.2903,1.6337,-1.2530
900.284,2,-38.2695,1.6308,-1.2528
900.298,2,-38.2589,1.6282,-1.2527
900.314,2,-38.2482,1.6254,-1.2527
900.329,2,-38.2376,1.6225,-1.2528
900.345,2,-38.2158,1.6178,-1.2530
900.358,2,-38.2045,1.6151,-1.2532
900.374,2,-38.1934,1.6124,-1.2535
900.389,2,-38.1715,1.6073,-1.2540
900.404,2,-38.1604,1.6048,-1.2543
900.419,2,-38.1494,1.6030,-1.2549
900.437,2,-38.1268,1.6002,-1.2558
900.453,2,-38.1153,1.6008,-1.2566
900.468,2,-38.0926,1.5999,-1.2577
900.482,2,-38.0809,1.6002,-1.2584
900.497,2,-38.0578,1.6015,-1.2597
900.512,2,-38.0459,1.6047,-1.2606
900.527,2,-38.0341,1.6078,-1.2612
900.542,2,-38.0110,1.6120,-1.2623
900.557,2,-37.9992,1.6148,-1.2629
900.571,2,-37.9877,1.6172,-1.2635
900.590,2,-37.9652,1.6212,-1.2643
900.607,2,-37.9424,1.6249,-1.2650
900.621,2,-37.9316,1.6266,-1.2650
900.639,2,-37.9204,1.6289,-1.2651
900.655,2,-37.8978,1.6335,-1.2654
900.668,2,-37.8866,1.6361,-1.2654
900.682,2,-37.8758,1.6383,-1.2653
900.697,2,-37.8541,1.6421,-1.2654
900.710,2,-37.8432,1.6434,-1.2653
900.725,2,-37.8325,1.6445,-1.2651
900.738,2,-37.8217,1.6454,-1.2650
900.753,2,-37.8001,1.6471,-1.2647
900.766,2,-37.7894,1.6472,-1.2647
900.780,2,-37.7788,1.6463,-1.2645
900.796,2,-37.7575,1.6448,-1.2641
900.810,2,-37.7466,1.6428,-1.2638
900.825,2,-37.7357,1.6407,-1.2636
900.839,2,-37.7245,1.6387,-1.2632
900.855,2,-37.7019,1.6349,-1.2627
900.869,2,-37.6904,1.6321,-1.2623
900.884,2,-37.6678,1.6271,-1.2617
900.903,2,-37.6558,1.6241,-1.2613
900.920,2,-37.6324,1.6191,-1.2602
900.935,2,-37.6205,1.6170,-1.2595
900.949,2,-37.6087,1.6151,-1.2588
900.963,2,-37.5850,1.6114,-1.2576
900.976,2,-37.5729,1.6100,-1.2570
900.993,2,-37.5611,1.6091,-1.2562
901.007,2,-37.5373,1.6073,-1.2545
901.024,2,-37.5254,1.6074,-1.2533
901.038,2,-37.5137,1.6079,-1.2522
901.053,2,-37.4900,1.6092,-1.2501
901.066,2,-37.4782,1.6114,-1.2490
901.079,2,-37.4665,1.6131,-1.2480
901.093,2,-37.4548,1.6153,-1.2471
901.107,2,-37.4312,1.6192,-1.2454
901.121,2,-37.4195,1.6214,-1.2447
901.135,2,-37.4079,1.6231,-1.2440
901.148,2,-37.3964,1.6250,-1.2433
901.163,2,-37.3735,1.6291,-1.2419
901.177,2,-37.3623,1.6314,-1.2415
901.190,2,-37.3513,1.6336,-1.2410
901.204,2,-37.3403,1.6358,-1.2406
901.218,2,-37.3179,1.6399,-1.2397
901.232,2,-37.3069,1.6418,-1.2395
901.246,2,-37.2963,1.6435,-1.2392
901.260,2,-37.2858,1.6450,-1.2387
901.274,2,-37.2642,1.6480,-1.2378
901.288,2,-37.2536,1.6484,-1.2374
901.301,2,-37.2430,1.6486,-1.2369
901.316,2,-37.2324,1.6483,-1.2364
901.330,2,-37.2110,1.6479,-1.2355
901.345,2,-37.2003,1.6464,-1.2351
901.359,2,-37.1789,1.6443,-1.2342
901.374,2,-37.1682,1.6420,-1.2337
901.388,2,-37.1574,1.6398,-1.2332
901.403,2,-37.1464,1.6374,-1.2326
901.419,2,-37.1247,1.6331,-1.2318
901.432,2,-37.1133,1.6305,-1.2315
901.447,2,-37.1022,1.6282,-1.2312
901.461,2,-37.0910,1.6264,-1.2309
901.478,2,-37.0684,1.6232,-1.2305
901.492,2,-37.0568,1.6220,-1.2306
901.506,2,-37.0341,1.6193,-1.2305
901.521,2,-37.0228,1.6185,-1.2308
901.535,2,-37.0114,1.6184,-1.2312
901.549,2,-37.0001,1.6186,-1.2315
901.563,2,-36.9774,1.6185,-1.2321
901.579,2,-36.9660,1.6195,-1.2326
901.594,2,-36.9434,1.6223,-1.2336
901.608,2,-36.9319,1.6248,-1.2341
901.622,2,-36.9205,1.6270,-1.2345
901.637,2,-36.9092,1.6293,-1.2349
901.653,2,-36.8866,1.6334,-1.2357
901.668,2,-36.8753,1.6356,-1.2359
901.687,2,-36.8527,1.6391,-1.2362
901.704,2,-36.8419,1.6408,-1.2362
901.718,2,-36.8196,1.6449,-1.2365
901.732,2,-36.8087,1.6472,-1.2364
901.746,2,-36.7979,1.6496,-1.2362
901.761,2,-36.7761,1.6538,-1.2359
901.776,2,-36.7658,1.6553,-1.2355
901.790,2,-36.7554,1.6566,-1.2351
901.804,2,-36.7451,1.6576,-1.2347
901.819,2,-36.7241,1.6599,-1.2340
901.836,2,-36.7140,1.6602,-1.2335
901.854,2,-36.6935,1.6610,-1.2327
901.867,2,-36.6832,1.6601,-1.2322
901.882,2,-36.6730,1.6588,-1.2315
901.896,2,-36.6525,1.6570,-1.2304
901.911,2,-36.6423,1.6548,-1.2297
901.925,2,-36.6322,1.6527,-1.2291
901.941,2,-36.6118,1.6491,-1.2278
901.955,2,-36.6017,1.6461,-1.2271
901.969,2,-36.5915,1.6431,-1.2263
901.984,2,-36.5709,1.6376,-1.2247
901.997,2,-36.5606,1.6345,-1.2238
902.017,2,-36.5502,1.6318,-1.2228
902.031,2,-36.5293,1.6268,-1.2210
902.045,2,-36.5186,1.6245,-1.2200
902.058,2,-36.5080,1.6223,-1.2190
902.073,2,-36.4971,1.6208,-1.2180
902.086,2,-36.4757,1.6177,-1.2160
902.100,2,-36.4648,1.6170,-1.2148
902.114,2,-36.4541,1.6165,-1.2136
902.127,2,-36.4435,1.6161,-1.2124
902.142,2,-36.4223,1.6158,-1.2100
902.158,2,-36.4122,1.6185,-1.2087
902.174,2,-36.3913,1.6214,-1.2060
902.189,2,-36.3809,1.6239,-1.2046
902.203,2,-36.3706,1.6265,-1.2033
902.217,2,-36.3501,1.6306,-1.2008
902.232,2,-36.3401,1.6326,-1.1996
902.249,2,-36.3303,1.6342,-1.1983
902.262,2,-36.3105,1.6373,-1.1959
902.275,2,-36.3007,1.6390,-1.1948
902.288,2,-36.2911,1.6409,-1.1936
902.302,2,-36.2815,1.6431,-1.1925
902.316,2,-36.2621,1.6474,-1.1902
902.332,2,-36.2529,1.6495,-1.1893
902.347,2,-36.2438,1.6510,-1.1884
902.360,2,-36.2349,1.6523,-1.1874
902.375,2,-36.2167,1.6553,-1.1854
902.387,2,-36.2079,1.6567,-1.1844
902.402,2,-36.1992,1.6578,-1.1835
902.415,2,-36.1814,1.6602,-1.1815
902.429,2,-36.1728,1.6606,-1.1805
902.443,2,-36.1640,1.6608,-1.1795
902.456,2,-36.1553,1.6608,-1.1786
902.472,2,-36.1467,1.6604,-1.1775
902.486,2,-36.1293,1.6601,-1.1757
902.500,2,-36.1207,1.6593,-1.1747
902.514,2,-36.1123,1.6583,-1.1738
902.530,2,-36.0954,1.6562,-1.1719
902.544,2,-36.0870,1.6544,-1.1709
902.558,2,-36.0786,1.6527,-1.1701
902.573,2,-36.0617,1.6497,-1.1684
902.588,2,-36.0530,1.6477,-1.1677
902.602,2,-36.0445,1.6457,-1.1670
902.616,2,-36.0276,1.6421,-1.1658
902.631,2,-36.0192,1.6403,-1.1654
902.647,2,-36.0108,1.6387,-1.1650
902.661,2,-35.9941,1.6361,-1.1642
902.676,2,-35.9859,1.6356,-1.1642
902.692,2,-35.9776,1.6349,-1.1642
902.707,2,-35.9610,1.6328,-1.1639
902.721,2,-35.9526,1.6319,-1.1640
902.736,2,-35.9444,1.6321,-1.1641
902.751,2,-35.9277,1.6334,-1.1640
902.765,2,-35.9196,1.6347,-1.1640
902.779,2,-35.9117,1.6353,-1.1639
902.799,2,-35.8961,1.6376,-1.1639
902.816,2,-35.8802,1.6410,-1.1638
902.829,2,-35.8722,1.6434,-1.1635
902.848,2,-35.8645,1.6458,-1.1632
902.863,2,-35.8488,1.6491,-1.1627
902.877,2,-35.8412,1.6506,-1.1624
902.890,2,-35.8338,1.6521,-1.1617
902.905,2,-35.8263,1.6538,-1.1611
902.919,2,-35.8112,1.6570,-1.1601
902.932,2,-35.8042,1.6588,-1.1593
902.949,2,-35.7973,1.6602,-1.1586
902.967,2,-35.7831,1.6623,-1.1573
902.981,2,-35.7765,1.6632,-1.1564
902.994,2,-35.7633,1.6648,-1.1549
903.009,2,-35.7570,1.6652,-1.1540
903.023,2,-35.7508,1.6656,-1.1530
903.040,2,-35.7446,1.6654,-1.1519
903.057,2,-35.7322,1.6656,-1.1498
903.071,2,-35.7200,1.6657,-1.1475
903.085,2,-35.7142,1.6653,-1.1464
903.105,2,-35.7085,1.6651,-1.1450
903.120,2,-35.6966,1.6649,-1.1425
903.135,2,-35.6909,1.6647,-1.1411
903.149,2,-35.6793,1.6644,-1.1384
903.163,2,-35.6737,1.6638,-1.1370
903.177,2,-35.6682,1.6632,-1.1357
903.191,2,-35.6628,1.6622,-1.1341
903.206,2,-35.6516,1.6608,-1.1312
903.220,2,-35.6462,1.6598,-1.1296
903.234,2,-35.6410,1.6589,-1.1281
903.248,2,-35.6357,1.6581,-1.1264
903.262,2,-35.6249,1.6564,-1.1231
903.276,2,-35.6196,1.6554,-1.1213
903.290,2,-35.6144,1.6545,-1.1195
903.304,2,-35.6092,1.6536,-1.1178
903.318,2,-35.5988,1.6518,-1.1143
903.333,2,-35.5939,1.6511,-1.1123
903.347,2,-35.5892,1.6508,-1.1107
903.362,2,-35.5793,1.6500,-1.1065
903.375,2,-35.5746,1.6495,-1.1047
903.389,2,-35.5697,1.6492,-1.1029
903.403,2,-35.5650,1.6499,-1.1011
903.416,2,-35.5552,1.6511,-1.0977
903.430,2,-35.5506,1.6530,-1.0961
903.446,2,-35.5462,1.6541,-1.0946
903.459,2,-35.5372,1.6555,-1.0914
903.473,2,-35.5330,1.6562,-1.0901
903.487,2,-35.5290,1.6570,-1.0887
903.502,2,-35.5249,1.6575,-1.0872
903.516,2,-35.5209,1.6578,-1.0858
903.532,2,-35.5128,1.6587,-1.0832
903.545,2,-35.5089,1.6588,-1.0820
903.558,2,-35.5010,1.6591,-1.0796
903.572,2,-35.4973,1.6592,-1.0784
903.587,2,-35.4939,1.6595,-1.0775
903.601,2,-35.4905,1.6599,-1.0766
903.615,2,-35.4872,1.6601,-1.0759
903.630,2,-35.4841,1.6602,-1.0751
903.645,2,-35.4777,1.6606,-1.0734
903.660,2,-35.4716,1.6612,-1.0719
903.674,2,-35.4690,1.6614,-1.0715
903.689,2,-35.4664,1.6615,-1.0709
903.702,2,-35.4638,1.6617,-1.0706
903.717,2,-35.4584,1.6623,-1.0696
903.731,2,-35.4560,1.6626,-1.0692
903.746,2,-35.4538,1.6628,-1.0689
903.761,2,-35.4489,1.6634,-1.0684
903.775,2,-35.4469,1.6636,-1.0683
903.790,2,-35.4449,1.6637,-1.0682
903.805,2,-35.4408,1.6640,-1.0678
903.819,2,-35.4390,1.6642,-1.0678
903.834,2,-35.4373,1.6643,-1.0678
903.848,2,-35.4356,1.6643,-1.0678
903.862,2,-35.4321,1.6643,-1.0678
903.877,2,-35.4307,1.6643,-1.0680
903.894,2,-35.4278,1.6639,-1.0682
903.912,2,-35.4267,1.6634,-1.0686
903.927,2,-35.4241,1.6629,-1.0691
903.940,2,-35.4230,1.6624,-1.0695
903.956,2,-35.4219,1.6621,-1.0701
903.971,2,-35.4208,1.6622,-1.0705
903.985,2,-35.4185,1.6628,-1.0714
903.999,2,-35.4174,1.6638,-1.0722
904.013,2,-35.4164,1.6642,-1.0728
904.028,2,-35.4144,1.6644,-1.0739
904.043,2,-35.4135,1.6642,-1.0746
904.057,2,-35.4127,1.6642,-1.0753
904.072,2,-35.4109,1.6641,-1.0764
904.086,2,-35.4101,1.6640,-1.0771
904.100,2,-35.4093,1.6639,-1.0781
904.115,2,-35.4076,1.6635,-1.0797
904.130,2,-35.4070,1.6633,-1.0805
904.150,2,-35.4065,1.6634,-1.0813
904.166,2,-35.4053,1.6636,-1.0829
904.180,2,-35.4048,1.6637,-1.0837
904.195,2,-35.4039,1.6638,-1.0853
904.209,2,-35.4035,1.6638,-1.0861
904.224,2,-35.4031,1.6638,-1.0869
904.238,2,-35.4027,1.6639,-1.0878
904.254,2,-35.4019,1.6640,-1.0895
904.267,2,-35.4015,1.6639,-1.0904
904.281,2,-35.4007,1.6638,-1.0920
904.294,2,-35.4004,1.6637,-1.0928
904.311,2,-35.4002,1.6636,-1.0937
904.325,2,-35.3999,1.6636,-1.0945
904.338,2,-35.3994,1.6633,-1.0961
904.352,2,-35.3992,1.6631,-1.0969
904.367,2,-35.3991,1.6629,-1.0976
904.381,2,-35.3990,1.6628,-1.0985
904.396,2,-35.3988,1.6625,-1.1001
904.408,2,-35.3988,1.6623,-1.1008
904.423,2,-35.3989,1.6622,-1.1015
904.436,2,-35.3989,1.6620,-1.1023
904.450,2,-35.3990,1.6619,-1.1037
904.463,2,-35.3990,1.6619,-1.1043
904.478,2,-35.3991,1.6619,-1.1048
904.492,2,-35.3991,1.6620,-1.1054
904.506,2,-35.3991,1.6619,-1.1065
904.518,2,-35.3992,1.6619,-1.1068
904.532,2,-35.3993,1.6619,-1.1072
904.546,2,-35.3993,1.6619,-1.1076
904.560,2,-35.3995,1.6619,-1.1084
904.573,2,-35.3996,1.6618,-1.1087
904.591,2,-35.3997,1.6618,-1.1092
904.605,2,-35.3999,1.6617,-1.1098
904.616,2,-35.4001,1.6617,-1.1102
904.631,2,-35.4002,1.6617,-1.1104
904.645,2,-35.4004,1.6617,-1.1106
904.664,2,-35.4007,1.6616,-1.1111

# --- Trial 3 start ---
914.384,3,-39.4634,1.6380,-1.2415
914.462,3,-39.4609,1.6377,-1.2327
914.492,3,-39.4595,1.6376,-1.2281
914.510,3,-39.4585,1.6375,-1.2249
914.524,3,-39.4579,1.6376,-1.2233
914.539,3,-39.4568,1.6375,-1.2201
914.553,3,-39.4556,1.6373,-1.2168
914.567,3,-39.4550,1.6371,-1.2152
914.582,3,-39.4544,1.6368,-1.2136
914.599,3,-39.4537,1.6364,-1.2121
914.617,3,-39.4525,1.6353,-1.2091
914.633,3,-39.4513,1.6342,-1.2062
914.650,3,-39.4505,1.6338,-1.2050
914.666,3,-39.4498,1.6335,-1.2038
914.680,3,-39.4487,1.6329,-1.2014
914.693,3,-39.4482,1.6326,-1.2005
914.708,3,-39.4475,1.6326,-1.1997
914.723,3,-39.4463,1.6327,-1.1980
914.738,3,-39.4456,1.6330,-1.1975
914.756,3,-39.4449,1.6333,-1.1971
914.775,3,-39.4436,1.6336,-1.1961
914.794,3,-39.4419,1.6342,-1.1952
914.812,3,-39.4411,1.6344,-1.1950
914.831,3,-39.4396,1.6348,-1.1945
914.850,3,-39.4380,1.6352,-1.1941
914.870,3,-39.4362,1.6353,-1.1940
914.909,3,-39.4352,1.6349,-1.1942
914.925,3,-39.4319,1.6341,-1.1941
914.941,3,-39.4312,1.6334,-1.1943
914.956,3,-39.4294,1.6324,-1.1945
914.971,3,-39.4286,1.6317,-1.1948
914.988,3,-39.4279,1.6308,-1.1950
915.004,3,-39.4265,1.6291,-1.1955
915.020,3,-39.4258,1.6280,-1.1959
915.036,3,-39.4244,1.6260,-1.1967
915.052,3,-39.4241,1.6246,-1.1973
915.069,3,-39.4232,1.6219,-1.1983
915.085,3,-39.4231,1.6198,-1.1990
915.101,3,-39.4224,1.6167,-1.2004
915.115,3,-39.4220,1.6153,-1.2013
915.133,3,-39.4215,1.6139,-1.2024
915.151,3,-39.4207,1.6107,-1.2043
915.166,3,-39.4199,1.6075,-1.2064
915.181,3,-39.4194,1.6066,-1.2077
915.200,3,-39.4187,1.6063,-1.2091
915.217,3,-39.4183,1.6038,-1.2114
915.233,3,-39.4190,1.6025,-1.2127
915.250,3,-39.4174,1.6065,-1.2154
915.269,3,-39.4162,1.6112,-1.2180
915.287,3,-39.4147,1.6126,-1.2190
915.303,3,-39.4132,1.6164,-1.2215
915.319,3,-39.4122,1.6200,-1.2224
915.335,3,-39.4106,1.6254,-1.2240
915.351,3,-39.4105,1.6271,-1.2245
915.369,3,-39.4093,1.6303,-1.2259
915.385,3,-39.4087,1.6308,-1.2261
915.401,3,-39.4073,1.6331,-1.2270
915.415,3,-39.4066,1.6336,-1.2271
915.431,3,-39.4060,1.6343,-1.2275
915.446,3,-39.4046,1.6352,-1.2279
915.463,3,-39.4040,1.6345,-1.2279
915.480,3,-39.4026,1.6336,-1.2274
915.496,3,-39.4019,1.6331,-1.2271
915.513,3,-39.4003,1.6336,-1.2266
915.528,3,-39.3991,1.6341,-1.2259
915.545,3,-39.3972,1.6341,-1.2250
915.561,3,-39.3959,1.6338,-1.2242
915.575,3,-39.3950,1.6336,-1.2235
915.592,3,-39.3929,1.6336,-1.2222
915.607,3,-39.3919,1.6333,-1.2211
915.623,3,-39.3897,1.6325,-1.2194
915.639,3,-39.3880,1.6319,-1.2183
915.654,3,-39.3867,1.6315,-1.2173
915.670,3,-39.3837,1.6310,-1.2153
915.685,3,-39.3822,1.6309,-1.2141
915.702,3,-39.3787,1.6305,-1.2118
915.717,3,-39.3763,1.6303,-1.2106
915.739,3,-39.3720,1.6294,-1.2080
915.758,3,-39.3674,1.6284,-1.2054
915.774,3,-39.3645,1.6273,-1.2038
915.790,3,-39.3591,1.6259,-1.2012
915.805,3,-39.3558,1.6260,-1.2002
915.820,3,-39.3497,1.6251,-1.1981
915.836,3,-39.3465,1.6246,-1.1974
915.855,3,-39.3427,1.6238,-1.1967
915.871,3,-39.3358,1.6229,-1.1952
915.886,3,-39.3320,1.6229,-1.1949
915.902,3,-39.3246,1.6224,-1.1939
915.916,3,-39.3203,1.6221,-1.1937
915.932,3,-39.3159,1.6212,-1.1935
915.947,3,-39.3073,1.6195,-1.1930
915.964,3,-39.3025,1.6187,-1.1929
915.980,3,-39.2931,1.6172,-1.1927
915.993,3,-39.2879,1.6162,-1.1928
916.008,3,-39.2826,1.6150,-1.1927
916.023,3,-39.2722,1.6124,-1.1927
916.039,3,-39.2663,1.6109,-1.1929
916.054,3,-39.2549,1.6087,-1.1933
916.070,3,-39.2484,1.6074,-1.1938
916.089,3,-39.2420,1.6057,-1.1941
916.104,3,-39.2296,1.6030,-1.1948
916.119,3,-39.2228,1.6016,-1.1952
916.135,3,-39.2094,1.5993,-1.1962
916.150,3,-39.2018,1.5988,-1.1970
916.164,3,-39.1944,1.5981,-1.1977
916.179,3,-39.1797,1.5966,-1.1991
916.194,3,-39.1719,1.5961,-1.1998
916.209,3,-39.1566,1.5953,-1.2014
916.223,3,-39.1483,1.5952,-1.2024
916.238,3,-39.1403,1.5951,-1.2033
916.254,3,-39.1321,1.5949,-1.2043
916.269,3,-39.1161,1.5949,-1.2063
916.283,3,-39.1075,1.5964,-1.2074
916.297,3,-39.0991,1.5979,-1.2084
916.312,3,-39.0823,1.5996,-1.2104
916.326,3,-39.0736,1.6011,-1.2113
916.341,3,-39.0652,1.6029,-1.2121
916.359,3,-39.0483,1.6056,-1.2137
916.376,3,-39.0314,1.6080,-1.2153
916.390,3,-39.0233,1.6091,-1.2160
916.407,3,-39.0151,1.6103,-1.2166
916.422,3,-38.9982,1.6129,-1.2177
916.435,3,-38.9899,1.6145,-1.2178
916.449,3,-38.9814,1.6164,-1.2181
916.465,3,-38.9645,1.6198,-1.2187
916.481,3,-38.9564,1.6216,-1.2186
916.497,3,-38.9484,1.6230,-1.2184
916.515,3,-38.9322,1.6255,-1.2182
916.531,3,-38.9158,1.6274,-1.2181
916.545,3,-38.9077,1.6280,-1.2180
916.561,3,-38.8998,1.6284,-1.2177
916.576,3,-38.8831,1.6291,-1.2175
916.591,3,-38.8749,1.6284,-1.2172
916.606,3,-38.8665,1.6275,-1.2170
916.622,3,-38.8579,1.6260,-1.2168
916.637,3,-38.8410,1.6238,-1.2161
916.652,3,-38.8320,1.6222,-1.2158
916.673,3,-38.8142,1.6189,-1.2151
916.691,3,-38.7959,1.6147,-1.2144
916.705,3,-38.7867,1.6122,-1.2138
916.720,3,-38.7677,1.6079,-1.2127
916.735,3,-38.7576,1.6058,-1.2119
916.749,3,-38.7477,1.6036,-1.2109
916.765,3,-38.7378,1.6014,-1.2100
916.780,3,-38.7182,1.5969,-1.2083
916.796,3,-38.7086,1.5949,-1.2073
916.812,3,-38.6891,1.5917,-1.2050
916.827,3,-38.6789,1.5916,-1.2036
916.843,3,-38.6585,1.5906,-1.2011
916.858,3,-38.6483,1.5911,-1.1997
916.873,3,-38.6381,1.5921,-1.1981
916.889,3,-38.6179,1.5946,-1.1953
916.904,3,-38.6076,1.5978,-1.1938
916.919,3,-38.5973,1.6008,-1.1926
916.934,3,-38.5767,1.6058,-1.1900
916.949,3,-38.5660,1.6092,-1.1889
916.964,3,-38.5454,1.6137,-1.1864
916.980,3,-38.5349,1.6156,-1.1853
916.997,3,-38.5245,1.6176,-1.1845
917.011,3,-38.5041,1.6218,-1.1826
917.027,3,-38.4941,1.6238,-1.1821
917.043,3,-38.4741,1.6277,-1.1807
917.058,3,-38.4644,1.6292,-1.1804
917.073,3,-38.4546,1.6304,-1.1802
917.088,3,-38.4351,1.6329,-1.1795
917.103,3,-38.4257,1.6336,-1.1793
917.119,3,-38.4166,1.6343,-1.1789
917.138,3,-38.3980,1.6357,-1.1785
917.155,3,-38.3886,1.6360,-1.1784
917.171,3,-38.3696,1.6366,-1.1783
917.185,3,-38.3604,1.6363,-1.1784
917.200,3,-38.3414,1.6357,-1.1784
917.215,3,-38.3318,1.6349,-1.1786
917.234,3,-38.3219,1.6335,-1.1789
917.250,3,-38.3024,1.6313,-1.1793
917.265,3,-38.2827,1.6282,-1.1799
917.278,3,-38.2730,1.6258,-1.1802
917.297,3,-38.2629,1.6229,-1.1807
917.311,3,-38.2426,1.6186,-1.1816
917.325,3,-38.2321,1.6163,-1.1821
917.339,3,-38.2218,1.6142,-1.1826
917.353,3,-38.2011,1.6100,-1.1838
917.367,3,-38.1907,1.6081,-1.1845
917.383,3,-38.1801,1.6068,-1.1854
917.397,3,-38.1694,1.6062,-1.1864
917.411,3,-38.1481,1.6044,-1.1880
917.427,3,-38.1375,1.6041,-1.1890
917.441,3,-38.1267,1.6040,-1.1900
917.456,3,-38.1051,1.6047,-1.1921
917.471,3,-38.0940,1.6077,-1.1933
917.485,3,-38.0830,1.6102,-1.1943
917.500,3,-38.0611,1.6136,-1.1963
917.513,3,-38.0502,1.6157,-1.1973
917.528,3,-38.0396,1.6177,-1.1982
917.542,3,-38.0181,1.6210,-1.1999
917.556,3,-38.0076,1.6226,-1.2006
917.571,3,-37.9975,1.6240,-1.2012
917.585,3,-37.9875,1.6254,-1.2017
917.601,3,-37.9666,1.6288,-1.2028
917.616,3,-37.9563,1.6310,-1.2031
917.631,3,-37.9356,1.6355,-1.2038
917.645,3,-37.9253,1.6378,-1.2040
917.659,3,-37.9151,1.6395,-1.2041
917.674,3,-37.9053,1.6408,-1.2040
917.689,3,-37.8850,1.6433,-1.2040
917.704,3,-37.8750,1.6440,-1.2039
917.719,3,-37.8652,1.6444,-1.2039
917.735,3,-37.8452,1.6449,-1.2039
917.749,3,-37.8352,1.6442,-1.2038
917.765,3,-37.8150,1.6431,-1.2036
917.783,3,-37.8048,1.6415,-1.2034
917.801,3,-37.7843,1.6391,-1.2031
917.815,3,-37.7739,1.6371,-1.2029
917.829,3,-37.7635,1.6349,-1.2026
917.844,3,-37.7426,1.6306,-1.2019
917.859,3,-37.7319,1.6280,-1.2015
917.874,3,-37.7213,1.6255,-1.2010
917.889,3,-37.7000,1.6208,-1.1999
917.905,3,-37.6893,1.6182,-1.1991
917.919,3,-37.6786,1.6159,-1.1981
917.935,3,-37.6573,1.6121,-1.1963
917.949,3,-37.6463,1.6111,-1.1953
917.966,3,-37.6244,1.6090,-1.1933
917.981,3,-37.6137,1.6089,-1.1920
917.995,3,-37.6029,1.6084,-1.1907
918.012,3,-37.5813,1.6074,-1.1883
918.026,3,-37.5704,1.6084,-1.1870
918.041,3,-37.5598,1.6103,-1.1858
918.057,3,-37.5385,1.6127,-1.1834
918.071,3,-37.5277,1.6147,-1.1822
918.087,3,-37.5062,1.6185,-1.1803
918.101,3,-37.4952,1.6203,-1.1795
918.121,3,-37.4842,1.6220,-1.1787
918.136,3,-37.4625,1.6258,-1.1771
918.151,3,-37.4516,1.6280,-1.1764
918.167,3,-37.4303,1.6321,-1.1750
918.181,3,-37.4199,1.6342,-1.1744
918.197,3,-37.4097,1.6362,-1.1739
918.212,3,-37.3891,1.6398,-1.1730
918.227,3,-37.3792,1.6409,-1.1724
918.246,3,-37.3695,1.6418,-1.1718
918.264,3,-37.3496,1.6438,-1.1706
918.279,3,-37.3297,1.6449,-1.1691
918.294,3,-37.3201,1.6443,-1.1684
918.308,3,-37.3005,1.6438,-1.1670
918.322,3,-37.2907,1.6425,-1.1663
918.341,3,-37.2811,1.6405,-1.1655
918.356,3,-37.2615,1.6376,-1.1640
918.372,3,-37.2516,1.6352,-1.1632
918.386,3,-37.2419,1.6325,-1.1625
918.403,3,-37.2223,1.6275,-1.1610
918.419,3,-37.2126,1.6242,-1.1604
918.434,3,-37.1928,1.6189,-1.1592
918.447,3,-37.1828,1.6164,-1.1587
918.461,3,-37.1728,1.6143,-1.1584
918.476,3,-37.1527,1.6100,-1.1579
918.491,3,-37.1426,1.6081,-1.1580
918.509,3,-37.1321,1.6068,-1.1583
918.524,3,-37.1112,1.6045,-1.1585
918.538,3,-37.1004,1.6045,-1.1590
918.556,3,-37.0790,1.6030,-1.1597
918.572,3,-37.0684,1.6027,-1.1606
918.586,3,-37.0472,1.6032,-1.1619
918.600,3,-37.0367,1.6047,-1.1627
918.614,3,-37.0261,1.6065,-1.1635
918.628,3,-37.0157,1.6080,-1.1643
918.642,3,-36.9947,1.6108,-1.1657
918.657,3,-36.9842,1.6130,-1.1663
918.671,3,-36.9737,1.6150,-1.1669
918.685,3,-36.9533,1.6184,-1.1679
918.699,3,-36.9431,1.6201,-1.1682
918.716,3,-36.9328,1.6220,-1.1686
918.733,3,-36.9126,1.6257,-1.1691
918.747,3,-36.9027,1.6277,-1.1692
918.761,3,-36.8931,1.6296,-1.1693
918.776,3,-36.8734,1.6333,-1.1697
918.790,3,-36.8638,1.6348,-1.1699
918.805,3,-36.8541,1.6361,-1.1701
918.821,3,-36.8351,1.6386,-1.1704
918.835,3,-36.8257,1.6396,-1.1706
918.850,3,-36.8164,1.6403,-1.1707
918.868,3,-36.7973,1.6416,-1.1710
918.885,3,-36.7877,1.6412,-1.1711
918.899,3,-36.7686,1.6413,-1.1714
918.914,3,-36.7590,1.6404,-1.1714
918.928,3,-36.7494,1.6394,-1.1713
918.944,3,-36.7301,1.6379,-1.1712
918.957,3,-36.7203,1.6365,-1.1711
918.972,3,-36.7106,1.6349,-1.1710
918.988,3,-36.6911,1.6317,-1.1706
919.002,3,-36.6811,1.6295,-1.1702
919.016,3,-36.6711,1.6273,-1.1697
919.031,3,-36.6610,1.6254,-1.1691
919.047,3,-36.6411,1.6217,-1.1680
919.061,3,-36.6313,1.6198,-1.1672
919.075,3,-36.6117,1.6165,-1.1659
919.089,3,-36.6021,1.6154,-1.1651
919.107,3,-36.5924,1.6149,-1.1641
919.120,3,-36.5728,1.6131,-1.1624
919.137,3,-36.5630,1.6133,-1.1614
919.151,3,-36.5535,1.6143,-1.1604
919.167,3,-36.5341,1.6165,-1.1588
919.180,3,-36.5245,1.6185,-1.1579
919.194,3,-36.5148,1.6208,-1.1572
919.210,3,-36.4956,1.6246,-1.1558
919.225,3,-36.4859,1.6269,-1.1554
919.240,3,-36.4669,1.6302,-1.1544
919.257,3,-36.4574,1.6319,-1.1544
919.277,3,-36.4480,1.6337,-1.1546
919.292,3,-36.4290,1.6373,-1.1545
919.307,3,-36.4101,1.6408,-1.1545
919.321,3,-36.4010,1.6425,-1.1548
919.336,3,-36.3921,1.6442,-1.1551
919.350,3,-36.3833,1.6456,-1.1555
919.366,3,-36.3654,1.6481,-1.1559
919.380,3,-36.3570,1.6487,-1.1563
919.394,3,-36.3485,1.6494,-1.1567
919.410,3,-36.3312,1.6512,-1.1572
919.424,3,-36.3227,1.6517,-1.1575
919.439,3,-36.3142,1.6518,-1.1579
919.453,3,-36.3059,1.6516,-1.1583
919.468,3,-36.2888,1.6518,-1.1590
919.483,3,-36.2803,1.6514,-1.1595
919.502,3,-36.2632,1.6507,-1.1605
919.520,3,-36.2460,1.6493,-1.1615
919.534,3,-36.2375,1.6478,-1.1620
919.549,3,-36.2290,1.6463,-1.1626
919.563,3,-36.2119,1.6436,-1.1636
919.576,3,-36.2034,1.6419,-1.1642
919.593,3,-36.1946,1.6401,-1.1648
919.608,3,-36.1771,1.6371,-1.1659
919.620,3,-36.1682,1.6354,-1.1665
919.635,3,-36.1594,1.6336,-1.1672
919.649,3,-36.1505,1.6322,-1.1678
919.664,3,-36.1324,1.6299,-1.1692
919.678,3,-36.1231,1.6295,-1.1700
919.692,3,-36.1138,1.6292,-1.1707
919.705,3,-36.1046,1.6286,-1.1714
919.719,3,-36.0862,1.6272,-1.1727
919.733,3,-36.0767,1.6282,-1.1736
919.747,3,-36.0674,1.6298,-1.1743
919.761,3,-36.0583,1.6313,-1.1748
919.775,3,-36.0399,1.6329,-1.1758
919.789,3,-36.0307,1.6346,-1.1763
919.807,3,-36.0217,1.6368,-1.1768
919.823,3,-36.0035,1.6398,-1.1776
919.837,3,-35.9946,1.6414,-1.1778
919.850,3,-35.9856,1.6429,-1.1780
919.864,3,-35.9677,1.6458,-1.1784
919.878,3,-35.9588,1.6472,-1.1783
919.893,3,-35.9501,1.6486,-1.1779
919.907,3,-35.9327,1.6517,-1.1776
919.921,3,-35.9243,1.6535,-1.1771
919.935,3,-35.9161,1.6552,-1.1765
919.950,3,-35.9081,1.6566,-1.1760
919.964,3,-35.8919,1.6591,-1.1749
919.979,3,-35.8842,1.6597,-1.1742
919.994,3,-35.8767,1.6601,-1.1735
920.007,3,-35.8690,1.6605,-1.1728
920.023,3,-35.8534,1.6615,-1.1712
920.038,3,-35.8457,1.6616,-1.1703
920.052,3,-35.8304,1.6621,-1.1686
920.068,3,-35.8229,1.6616,-1.1673
920.082,3,-35.8153,1.6610,-1.1661
920.096,3,-35.8079,1.6605,-1.1649
920.110,3,-35.8004,1.6598,-1.1635
920.125,3,-35.7855,1.6584,-1.1607
920.139,3,-35.7783,1.6573,-1.1593
920.154,3,-35.7639,1.6557,-1.1561
920.168,3,-35.7569,1.6545,-1.1543
920.182,3,-35.7500,1.6532,-1.1526
920.197,3,-35.7431,1.6517,-1.1506
920.212,3,-35.7292,1.6489,-1.1471
920.227,3,-35.7224,1.6474,-1.1453
920.241,3,-35.7087,1.6447,-1.1414
920.255,3,-35.7020,1.6435,-1.1392
920.269,3,-35.6953,1.6423,-1.1372
920.284,3,-35.6889,1.6411,-1.1352
920.300,3,-35.6758,1.6386,-1.1312
920.315,3,-35.6698,1.6372,-1.1292
920.331,3,-35.6575,1.6356,-1.1250
920.345,3,-35.6515,1.6359,-1.1230
920.360,3,-35.6456,1.6365,-1.1208
920.374,3,-35.6397,1.6369,-1.1188
920.388,3,-35.6276,1.6379,-1.1148
920.404,3,-35.6218,1.6406,-1.1131
920.418,3,-35.6099,1.6435,-1.1097
920.433,3,-35.6043,1.6450,-1.1083
920.450,3,-35.5989,1.6463,-1.1072
920.468,3,-35.5875,1.6488,-1.1043
920.483,3,-35.5763,1.6512,-1.1018
920.497,3,-35.5709,1.6523,-1.1008
920.516,3,-35.5658,1.6533,-1.0999
920.532,3,-35.5551,1.6553,-1.0980
920.545,3,-35.5499,1.6563,-1.0972
920.559,3,-35.5451,1.6573,-1.0966
920.573,3,-35.5404,1.6583,-1.0961
920.588,3,-35.5308,1.6599,-1.0948
920.602,3,-35.5264,1.6603,-1.0945
920.617,3,-35.5176,1.6613,-1.0935
920.630,3,-35.5136,1.6614,-1.0933
920.645,3,-35.5098,1.6615,-1.0932
920.660,3,-35.5059,1.6617,-1.0933
920.673,3,-35.4980,1.6622,-1.0929
920.686,3,-35.4946,1.6624,-1.0926
920.700,3,-35.4911,1.6627,-1.0928
920.714,3,-35.4878,1.6629,-1.0927
920.728,3,-35.4845,1.6632,-1.0928
920.742,3,-35.4776,1.6635,-1.0931
920.757,3,-35.4746,1.6635,-1.0933
920.771,3,-35.4716,1.6635,-1.0937
920.785,3,-35.4657,1.6636,-1.0943
920.799,3,-35.4630,1.6635,-1.0947
920.813,3,-35.4605,1.6633,-1.0953
920.827,3,-35.4581,1.6628,-1.0960
920.841,3,-35.4530,1.6622,-1.0972
920.855,3,-35.4508,1.6616,-1.0982
920.869,3,-35.4489,1.6612,-1.0990
920.882,3,-35.4470,1.6605,-1.0999
920.897,3,-35.4431,1.6594,-1.1017
920.910,3,-35.4414,1.6586,-1.1029
920.923,3,-35.4400,1.6583,-1.1041
920.937,3,-35.4384,1.6590,-1.1052
920.951,3,-35.4367,1.6603,-1.1063
920.965,3,-35.4351,1.6612,-1.1075
920.979,3,-35.4319,1.6619,-1.1097
920.993,3,-35.4305,1.6622,-1.1109
921.006,3,-35.4290,1.6628,-1.1120
921.020,3,-35.4259,1.6639,-1.1141
921.034,3,-35.4244,1.6645,-1.1150
921.048,3,-35.4230,1.6649,-1.1162
921.063,3,-35.4200,1.6656,-1.1185
921.077,3,-35.4186,1.6657,-1.1195
921.092,3,-35.4174,1.6655,-1.1207
921.106,3,-35.4162,1.6654,-1.1217
921.120,3,-35.4138,1.6652,-1.1240
921.134,3,-35.4128,1.6650,-1.1250
921.148,3,-35.4119,1.6646,-1.1260
921.162,3,-35.4111,1.6643,-1.1269
921.177,3,-35.4093,1.6639,-1.1287
921.192,3,-35.4087,1.6637,-1.1295
921.207,3,-35.4072,1.6631,-1.1311
921.225,3,-35.4069,1.6626,-1.1318
921.243,3,-35.4057,1.6620,-1.1331
921.256,3,-35.4052,1.6618,-1.1338
921.271,3,-35.4049,1.6617,-1.1342
921.287,3,-35.4040,1.6614,-1.1353
921.305,3,-35.4037,1.6614,-1.1357
921.321,3,-35.4030,1.6613,-1.1365
921.335,3,-35.4028,1.6615,-1.1367
921.350,3,-35.4027,1.6617,-1.1369
921.365,3,-35.4022,1.6619,-1.1374
921.380,3,-35.4021,1.6620,-1.1375
921.395,3,-35.4020,1.6621,-1.1376
921.409,3,-35.4017,1.6622,-1.1381
921.424,3,-35.4016,1.6621,-1.1381
921.438,3,-35.4015,1.6620,-1.1380
921.453,3,-35.4013,1.6620,-1.1379
921.466,3,-35.4013,1.6620,-1.1378
921.481,3,-35.4013,1.6619,-1.1376
921.495,3,-35.4013,1.6617,-1.1373
921.510,3,-35.4013,1.6613,-1.1370
921.526,3,-35.4013,1.6612,-1.1367
921.545,3,-35.4014,1.6613,-1.1359
921.561,3,-35.4015,1.6621,-1.1350
921.576,3,-35.4015,1.6627,-1.1345
921.594,3,-35.4016,1.6625,-1.1338

# --- Trial 4 start ---
930.822,4,-39.4597,1.6293,-1.2255
930.908,4,-39.4534,1.6248,-1.2280
930.944,4,-39.4510,1.6213,-1.2292
930.964,4,-39.4484,1.6179,-1.2308
930.984,4,-39.4465,1.6154,-1.2322
930.999,4,-39.4449,1.6123,-1.2337
931.016,4,-39.4434,1.6089,-1.2352
931.031,4,-39.4419,1.6056,-1.2370
931.048,4,-39.4407,1.6026,-1.2388
931.071,4,-39.4394,1.6001,-1.2411
931.096,4,-39.4379,1.5971,-1.2436
931.118,4,-39.4371,1.5927,-1.2457
931.133,4,-39.4374,1.5874,-1.2477
931.158,4,-39.4345,1.5978,-1.2503
931.179,4,-39.4331,1.6044,-1.2522
931.202,4,-39.4316,1.6045,-1.2540
931.225,4,-39.4309,1.6109,-1.2548
931.252,4,-39.4317,1.6175,-1.2545
931.273,4,-39.4312,1.6201,-1.2548
931.293,4,-39.4304,1.6225,-1.2550
931.314,4,-39.4286,1.6245,-1.2548
931.335,4,-39.4271,1.6264,-1.2549
931.358,4,-39.4256,1.6269,-1.2545
931.381,4,-39.4241,1.6256,-1.2531
931.403,4,-39.4228,1.6254,-1.2518
931.428,4,-39.4212,1.6264,-1.2503
931.449,4,-39.4195,1.6260,-1.2488
931.472,4,-39.4181,1.6255,-1.2471
931.495,4,-39.4177,1.6255,-1.2460
931.511,4,-39.4168,1.6249,-1.2450
931.525,4,-39.4159,1.6243,-1.2439
931.541,4,-39.4140,1.6232,-1.2417
931.554,4,-39.4128,1.6228,-1.2405
931.569,4,-39.4115,1.6226,-1.2392
931.584,4,-39.4090,1.6223,-1.2370
931.599,4,-39.4074,1.6226,-1.2357
931.614,4,-39.4059,1.6226,-1.2343
931.628,4,-39.4041,1.6231,-1.2332
931.644,4,-39.4010,1.6234,-1.2306
931.658,4,-39.3992,1.6241,-1.2293
931.673,4,-39.3973,1.6245,-1.2278
931.688,4,-39.3936,1.6244,-1.2248
931.703,4,-39.3912,1.6244,-1.2234
931.720,4,-39.3891,1.6241,-1.2220
931.738,4,-39.3850,1.6236,-1.2192
931.752,4,-39.3826,1.6228,-1.2178
931.766,4,-39.3780,1.6222,-1.2153
931.780,4,-39.3754,1.6221,-1.2142
931.796,4,-39.3728,1.6223,-1.2131
931.810,4,-39.3701,1.6221,-1.2121
931.825,4,-39.3650,1.6210,-1.2106
931.839,4,-39.3622,1.6205,-1.2099
931.854,4,-39.3595,1.6203,-1.2092
931.867,4,-39.3562,1.6206,-1.2088
931.883,4,-39.3501,1.6208,-1.2075
931.897,4,-39.3467,1.6210,-1.2071
931.913,4,-39.3402,1.6212,-1.2060
931.927,4,-39.3366,1.6211,-1.2055
931.942,4,-39.3328,1.6211,-1.2051
931.956,4,-39.3290,1.6212,-1.2050
931.971,4,-39.3214,1.6212,-1.2044
931.985,4,-39.3172,1.6208,-1.2041
932.000,4,-39.3129,1.6203,-1.2040
932.014,4,-39.3086,1.6196,-1.2038
932.032,4,-39.3040,1.6190,-1.2038
932.049,4,-39.2946,1.6178,-1.2038
932.064,4,-39.2897,1.6169,-1.2039
932.079,4,-39.2844,1.6160,-1.2040
932.093,4,-39.2745,1.6142,-1.2041
932.108,4,-39.2688,1.6131,-1.2044
932.122,4,-39.2632,1.6118,-1.2048
932.137,4,-39.2517,1.6095,-1.2056
932.151,4,-39.2455,1.6079,-1.2058
932.167,4,-39.2335,1.6050,-1.2066
932.186,4,-39.2266,1.6037,-1.2076
932.203,4,-39.2133,1.6013,-1.2089
932.216,4,-39.2060,1.6000,-1.2100
932.230,4,-39.1988,1.5987,-1.2109
932.245,4,-39.1917,1.5980,-1.2118
932.260,4,-39.1771,1.5962,-1.2140
932.276,4,-39.1693,1.5958,-1.2154
932.291,4,-39.1538,1.5946,-1.2180
932.305,4,-39.1458,1.5945,-1.2194
932.320,4,-39.1376,1.5953,-1.2209
932.335,4,-39.1217,1.5967,-1.2237
932.351,4,-39.1131,1.5982,-1.2252
932.367,4,-39.1044,1.5998,-1.2267
932.381,4,-39.0876,1.6030,-1.2295
932.396,4,-39.0788,1.6055,-1.2308
932.411,4,-39.0703,1.6074,-1.2321
932.425,4,-39.0532,1.6106,-1.2347
932.439,4,-39.0446,1.6122,-1.2360
932.453,4,-39.0359,1.6137,-1.2372
932.467,4,-39.0275,1.6149,-1.2381
932.482,4,-39.0105,1.6176,-1.2399
932.497,4,-39.0019,1.6194,-1.2407
932.512,4,-38.9847,1.6231,-1.2424
932.525,4,-38.9758,1.6250,-1.2429
932.544,4,-38.9673,1.6264,-1.2432
932.559,4,-38.9503,1.6290,-1.2443
932.573,4,-38.9420,1.6300,-1.2446
932.587,4,-38.9336,1.6307,-1.2449
932.602,4,-38.9253,1.6313,-1.2452
932.616,4,-38.9085,1.6325,-1.2459
932.631,4,-38.9004,1.6324,-1.2461
932.646,4,-38.8837,1.6325,-1.2467
932.660,4,-38.8749,1.6316,-1.2471
932.674,4,-38.8664,1.6306,-1.2472
932.690,4,-38.8579,1.6296,-1.2474
932.704,4,-38.8408,1.6278,-1.2476
932.719,4,-38.8320,1.6264,-1.2476
932.733,4,-38.8232,1.6247,-1.2476
932.748,4,-38.8050,1.6212,-1.2478
932.763,4,-38.7955,1.6188,-1.2477
932.777,4,-38.7862,1.6164,-1.2475
932.792,4,-38.7676,1.6117,-1.2470
932.806,4,-38.7577,1.6090,-1.2466
932.822,4,-38.7476,1.6063,-1.2462
932.836,4,-38.7282,1.6019,-1.2454
932.851,4,-38.7180,1.6000,-1.2446
932.867,4,-38.7081,1.5989,-1.2436
932.881,4,-38.6882,1.5964,-1.2422
932.896,4,-38.6778,1.5962,-1.2412
932.910,4,-38.6673,1.5963,-1.2402
932.926,4,-38.6467,1.5960,-1.2380
932.940,4,-38.6362,1.5974,-1.2366
932.955,4,-38.6256,1.6003,-1.2351
932.971,4,-38.6048,1.6040,-1.2326
932.984,4,-38.5940,1.6066,-1.2314
932.999,4,-38.5833,1.6104,-1.2302
933.015,4,-38.5623,1.6157,-1.2279
933.029,4,-38.5520,1.6179,-1.2267
933.045,4,-38.5416,1.6195,-1.2257
933.060,4,-38.5209,1.6228,-1.2237
933.075,4,-38.5101,1.6243,-1.2229
933.090,4,-38.4896,1.6275,-1.2211
933.105,4,-38.4796,1.6290,-1.2204
933.119,4,-38.4695,1.6306,-1.2198
933.133,4,-38.4595,1.6322,-1.2192
933.148,4,-38.4395,1.6351,-1.2180
933.162,4,-38.4297,1.6363,-1.2175
933.182,4,-38.4102,1.6385,-1.2163
933.196,4,-38.4004,1.6395,-1.2158
933.210,4,-38.3905,1.6404,-1.2153
933.224,4,-38.3711,1.6422,-1.2142
933.238,4,-38.3613,1.6425,-1.2138
933.253,4,-38.3516,1.6424,-1.2133
933.267,4,-38.3421,1.6420,-1.2130
933.281,4,-38.3224,1.6412,-1.2123
933.295,4,-38.3126,1.6401,-1.2119
933.309,4,-38.3027,1.6385,-1.2117
933.323,4,-38.2830,1.6356,-1.2112
933.339,4,-38.2733,1.6330,-1.2110
933.355,4,-38.2633,1.6298,-1.2110
933.370,4,-38.2431,1.6253,-1.2108
933.385,4,-38.2328,1.6225,-1.2110
933.400,4,-38.2223,1.6198,-1.2110
933.415,4,-38.2013,1.6150,-1.2113
933.428,4,-38.1904,1.6126,-1.2117
933.446,4,-38.1794,1.6107,-1.2125
933.467,4,-38.1470,1.6063,-1.2146
933.486,4,-38.1360,1.6061,-1.2160
933.501,4,-38.1250,1.6052,-1.2173
933.515,4,-38.1030,1.6040,-1.2195
933.528,4,-38.0916,1.6051,-1.2209
933.543,4,-38.0798,1.6075,-1.2222
933.558,4,-38.0570,1.6106,-1.2244
933.571,4,-38.0454,1.6133,-1.2257
933.588,4,-38.0339,1.6162,-1.2270
933.602,4,-38.0112,1.6202,-1.2292
933.620,4,-37.9997,1.6221,-1.2303
933.636,4,-37.9887,1.6237,-1.2311
933.650,4,-37.9664,1.6271,-1.2327
933.665,4,-37.9553,1.6289,-1.2332
933.679,4,-37.9333,1.6325,-1.2345
933.694,4,-37.9223,1.6346,-1.2348
933.709,4,-37.9116,1.6366,-1.2351
933.722,4,-37.9008,1.6384,-1.2353
933.737,4,-37.8794,1.6415,-1.2358
933.750,4,-37.8689,1.6425,-1.2358
933.765,4,-37.8586,1.6431,-1.2358
933.782,4,-37.8378,1.6449,-1.2358
933.798,4,-37.8274,1.6450,-1.2355
933.812,4,-37.8065,1.6453,-1.2350
933.827,4,-37.7962,1.6445,-1.2345
933.842,4,-37.7856,1.6433,-1.2341
933.856,4,-37.7646,1.6418,-1.2333
933.869,4,-37.7538,1.6399,-1.2328
933.884,4,-37.7430,1.6379,-1.2321
933.900,4,-37.7323,1.6353,-1.2315
933.916,4,-37.7108,1.6307,-1.2301
933.929,4,-37.6997,1.6273,-1.2294
933.944,4,-37.6889,1.6239,-1.2284
933.959,4,-37.6674,1.6182,-1.2266
933.973,4,-37.6564,1.6150,-1.2254
933.987,4,-37.6455,1.6123,-1.2243
934.001,4,-37.6236,1.6074,-1.2223
934.015,4,-37.6125,1.6057,-1.2211
934.029,4,-37.6016,1.6048,-1.2197
934.044,4,-37.5907,1.6042,-1.2183
934.059,4,-37.5686,1.6020,-1.2155
934.073,4,-37.5576,1.6019,-1.2140
934.088,4,-37.5467,1.6031,-1.2124
934.101,4,-37.5245,1.6055,-1.2093
934.115,4,-37.5135,1.6083,-1.2079
934.128,4,-37.5026,1.6112,-1.2065
934.143,4,-37.4916,1.6146,-1.2054
934.158,4,-37.4696,1.6192,-1.2032
934.173,4,-37.4586,1.6211,-1.2023
934.187,4,-37.4479,1.6227,-1.2013
934.201,4,-37.4373,1.6247,-1.2004
934.215,4,-37.4158,1.6290,-1.1986
934.229,4,-37.4055,1.6312,-1.1978
934.244,4,-37.3954,1.6331,-1.1971
934.259,4,-37.3748,1.6371,-1.1957
934.273,4,-37.3645,1.6390,-1.1951
934.287,4,-37.3541,1.6406,-1.1945
934.301,4,-37.3335,1.6440,-1.1931
934.315,4,-37.3235,1.6453,-1.1925
934.329,4,-37.3135,1.6466,-1.1918
934.344,4,-37.3036,1.6476,-1.1912
934.358,4,-37.2835,1.6494,-1.1899
934.373,4,-37.2735,1.6495,-1.1893
934.388,4,-37.2636,1.6490,-1.1890
934.406,4,-37.2436,1.6484,-1.1880
934.422,4,-37.2235,1.6466,-1.1869
934.436,4,-37.2136,1.6448,-1.1863
934.450,4,-37.2034,1.6428,-1.1858
934.465,4,-37.1931,1.6406,-1.1854
934.480,4,-37.1726,1.6366,-1.1845
934.494,4,-37.1623,1.6341,-1.1841
934.509,4,-37.1519,1.6316,-1.1837
934.524,4,-37.1312,1.6275,-1.1828
934.539,4,-37.1208,1.6254,-1.1824
934.553,4,-37.1104,1.6234,-1.1821
934.568,4,-37.1001,1.6217,-1.1819
934.581,4,-37.0896,1.6204,-1.1817
934.594,4,-37.0790,1.6196,-1.1815
934.610,4,-37.0580,1.6179,-1.1811
934.624,4,-37.0474,1.6173,-1.1810
934.640,4,-37.0261,1.6163,-1.1808
934.654,4,-37.0152,1.6176,-1.1807
934.669,4,-36.9937,1.6199,-1.1803
934.683,4,-36.9830,1.6212,-1.1799
934.697,4,-36.9722,1.6232,-1.1795
934.712,4,-36.9612,1.6250,-1.1793
934.725,4,-36.9503,1.6266,-1.1788
934.739,4,-36.9394,1.6283,-1.1782
934.753,4,-36.9175,1.6315,-1.1769
934.766,4,-36.9073,1.6333,-1.1761
934.780,4,-36.8966,1.6353,-1.1751
934.794,4,-36.8758,1.6389,-1.1734
934.809,4,-36.8552,1.6431,-1.1709
934.823,4,-36.8247,1.6496,-1.1674
934.848,4,-36.8060,1.6538,-1.1643
934.876,4,-36.7878,1.6556,-1.1609
934.897,4,-36.7691,1.6574,-1.1576
934.911,4,-36.7506,1.6587,-1.1543
934.935,4,-36.7327,1.6573,-1.1508
934.958,4,-36.7144,1.6546,-1.1470
934.979,4,-36.6964,1.6515,-1.1434
935.001,4,-36.6785,1.6478,-1.1397
935.022,4,-36.6609,1.6446,-1.1361
935.046,4,-36.6439,1.6407,-1.1323
935.068,4,-36.6266,1.6365,-1.1283
935.090,4,-36.6086,1.6339,-1.1241
935.112,4,-36.5905,1.6329,-1.1194
935.134,4,-36.5729,1.6319,-1.1146
935.156,4,-36.5554,1.6306,-1.1096
935.186,4,-36.5377,1.6306,-1.1048
935.207,4,-36.5203,1.6327,-1.1001
935.224,4,-36.5028,1.6355,-1.0954
935.246,4,-36.4859,1.6392,-1.0907
935.269,4,-36.4691,1.6441,-1.0862
935.292,4,-36.4608,1.6457,-1.0845
935.307,4,-36.4526,1.6466,-1.0827
935.321,4,-36.4442,1.6481,-1.0811
935.334,4,-36.4361,1.6497,-1.0795
935.349,4,-36.4194,1.6526,-1.0760
935.364,4,-36.4114,1.6537,-1.0746
935.378,4,-36.4034,1.6548,-1.0733
935.392,4,-36.3875,1.6572,-1.0707
935.406,4,-36.3800,1.6581,-1.0697
935.421,4,-36.3725,1.6588,-1.0686
935.436,4,-36.3572,1.6601,-1.0664
935.450,4,-36.3497,1.6605,-1.0655
935.467,4,-36.3425,1.6608,-1.0645
935.482,4,-36.3276,1.6620,-1.0624
935.496,4,-36.3203,1.6622,-1.0616
935.511,4,-36.3131,1.6622,-1.0608
935.525,4,-36.2983,1.6624,-1.0590
935.540,4,-36.2911,1.6619,-1.0583
935.554,4,-36.2839,1.6615,-1.0574
935.569,4,-36.2693,1.6609,-1.0557
935.582,4,-36.2620,1.6601,-1.0550
935.595,4,-36.2548,1.6590,-1.0543
935.610,4,-36.2473,1.6578,-1.0536
935.625,4,-36.2323,1.6559,-1.0519
935.639,4,-36.2247,1.6546,-1.0513
935.653,4,-36.2171,1.6534,-1.0506
935.668,4,-36.2020,1.6510,-1.0493
935.682,4,-36.1943,1.6494,-1.0489
935.695,4,-36.1866,1.6478,-1.0484
935.710,4,-36.1789,1.6463,-1.0480
935.725,4,-36.1634,1.6437,-1.0471
935.738,4,-36.1555,1.6427,-1.0469
935.756,4,-36.1476,1.6420,-1.0467
935.771,4,-36.1319,1.6402,-1.0461
935.785,4,-36.1238,1.6394,-1.0459
935.804,4,-36.1159,1.6384,-1.0460
935.818,4,-36.1079,1.6376,-1.0460
935.832,4,-36.1000,1.6374,-1.0460
935.847,4,-36.0844,1.6372,-1.0459
935.860,4,-36.0766,1.6374,-1.0460
935.874,4,-36.0689,1.6378,-1.0460
935.888,4,-36.0613,1.6389,-1.0463
935.902,4,-36.0457,1.6405,-1.0465
935.916,4,-36.0380,1.6421,-1.0466
935.930,4,-36.0303,1.6434,-1.0467
935.946,4,-36.0149,1.6455,-1.0469
935.963,4,-36.0076,1.6463,-1.0470
935.979,4,-35.9925,1.6478,-1.0468
935.993,4,-35.9852,1.6483,-1.0464
936.007,4,-35.9777,1.6490,-1.0460
936.021,4,-35.9704,1.6499,-1.0455
936.036,4,-35.9557,1.6518,-1.0446
936.050,4,-35.9484,1.6530,-1.0438
936.064,4,-35.9413,1.6539,-1.0430
936.078,4,-35.9270,1.6557,-1.0416
936.091,4,-35.9200,1.6562,-1.0406
936.106,4,-35.9132,1.6565,-1.0397
936.121,4,-35.9064,1.6567,-1.0386
936.135,4,-35.8925,1.6574,-1.0369
936.149,4,-35.8856,1.6575,-1.0359
936.163,4,-35.8789,1.6572,-1.0349
936.177,4,-35.8653,1.6571,-1.0330
936.191,4,-35.8586,1.6567,-1.0319
936.205,4,-35.8520,1.6562,-1.0308
936.221,4,-35.8454,1.6556,-1.0298
936.235,4,-35.8320,1.6548,-1.0278
936.250,4,-35.8254,1.6542,-1.0267
936.264,4,-35.8188,1.6536,-1.0256
936.278,4,-35.8055,1.6526,-1.0235
936.292,4,-35.7987,1.6520,-1.0223
936.307,4,-35.7920,1.6512,-1.0211
936.321,4,-35.7854,1.6503,-1.0199
936.335,4,-35.7717,1.6484,-1.0176
936.349,4,-35.7649,1.6470,-1.0164
936.364,4,-35.7583,1.6457,-1.0152
936.379,4,-35.7448,1.6433,-1.0131
936.392,4,-35.7382,1.6421,-1.0118
936.406,4,-35.7315,1.6408,-1.0105
936.420,4,-35.7249,1.6396,-1.0091
936.434,4,-35.7114,1.6371,-1.0065
936.449,4,-35.7047,1.6356,-1.0053
936.463,4,-35.6982,1.6342,-1.0040
936.477,4,-35.6916,1.6333,-1.0028
936.492,4,-35.6784,1.6324,-1.0001
936.506,4,-35.6718,1.6330,-0.9986
936.520,4,-35.6654,1.6338,-0.9973
936.534,4,-35.6524,1.6354,-0.9946
936.549,4,-35.6459,1.6380,-0.9934
936.563,4,-35.6395,1.6402,-0.9923
936.577,4,-35.6331,1.6419,-0.9912
936.591,4,-35.6202,1.6448,-0.9890
936.606,4,-35.6138,1.6465,-0.9886
936.622,4,-35.6010,1.6490,-0.9867
936.636,4,-35.5947,1.6500,-0.9863
936.654,4,-35.5887,1.6507,-0.9862
936.668,4,-35.5765,1.6527,-0.9851
936.681,4,-35.5706,1.6534,-0.9852
936.695,4,-35.5649,1.6541,-0.9852
936.710,4,-35.5533,1.6556,-0.9851
936.723,4,-35.5478,1.6564,-0.9852
936.738,4,-35.5425,1.6571,-0.9857
936.756,4,-35.5375,1.6574,-0.9862
936.773,4,-35.5272,1.6584,-0.9868
936.787,4,-35.5172,1.6592,-0.9875
936.800,4,-35.5127,1.6595,-0.9882
936.817,4,-35.5082,1.6595,-0.9895
936.830,4,-35.5040,1.6598,-0.9902
936.845,4,-35.4951,1.6604,-0.9911
936.858,4,-35.4909,1.6607,-0.9913
936.872,4,-35.4867,1.6610,-0.9920
936.887,4,-35.4826,1.6614,-0.9926
936.901,4,-35.4743,1.6620,-0.9937
936.919,4,-35.4704,1.6622,-0.9943
936.934,4,-35.4625,1.6624,-0.9957
936.948,4,-35.4588,1.6624,-0.9965
936.962,4,-35.4553,1.6624,-0.9974
936.975,4,-35.4517,1.6624,-0.9983
936.990,4,-35.4446,1.6624,-0.9999
937.003,4,-35.4414,1.6622,-1.0008
937.017,4,-35.4382,1.6619,-1.0019
937.031,4,-35.4351,1.6617,-1.0029
937.046,4,-35.4287,1.6611,-1.0050
937.059,4,-35.4257,1.6608,-1.0063
937.073,4,-35.4229,1.6605,-1.0074
937.088,4,-35.4169,1.6599,-1.0099
937.101,4,-35.4140,1.6597,-1.0115
937.117,4,-35.4113,1.6597,-1.0131
937.131,4,-35.4086,1.6597,-1.0147
937.145,4,-35.4031,1.6600,-1.0180
937.158,4,-35.4003,1.6610,-1.0199
937.171,4,-35.3977,1.6622,-1.0219
937.186,4,-35.3952,1.6631,-1.0239
937.200,4,-35.3899,1.6643,-1.0280
937.214,4,-35.3874,1.6649,-1.0301
937.231,4,-35.3850,1.6656,-1.0322
937.248,4,-35.3801,1.6665,-1.0363
937.261,4,-35.3778,1.6666,-1.0384
937.275,4,-35.3756,1.6667,-1.0404
937.289,4,-35.3711,1.6665,-1.0448
937.302,4,-35.3690,1.6660,-1.0469
937.316,4,-35.3669,1.6656,-1.0485
937.330,4,-35.3650,1.6652,-1.0506
937.344,4,-35.3610,1.6644,-1.0546
937.357,4,-35.3592,1.6638,-1.0562
937.371,4,-35.3574,1.6630,-1.0580
937.385,4,-35.3559,1.6624,-1.0595
937.398,4,-35.3524,1.6614,-1.0629
937.412,4,-35.3509,1.6611,-1.0644
937.430,4,-35.3494,1.6609,-1.0658
937.444,4,-35.3461,1.6605,-1.0687
937.459,4,-35.3446,1.6605,-1.0699
937.472,4,-35.3431,1.6606,-1.0711
937.489,4,-35.3401,1.6606,-1.0736
937.504,4,-35.3387,1.6608,-1.0746
937.517,4,-35.3374,1.6611,-1.0756
937.531,4,-35.3345,1.6613,-1.0776
937.545,4,-35.3332,1.6613,-1.0787
937.558,4,-35.3319,1.6611,-1.0797
937.573,4,-35.3306,1.6611,-1.0805
937.586,4,-35.3294,1.6612,-1.0813
937.601,4,-35.3269,1.6613,-1.0829
937.614,4,-35.3258,1.6611,-1.0836
937.629,4,-35.3248,1.6609,-1.0842
937.643,4,-35.3238,1.6608,-1.0849
937.656,4,-35.3216,1.6606,-1.0862
937.671,4,-35.3206,1.6605,-1.0867
937.686,4,-35.3196,1.6604,-1.0871
937.700,4,-35.3177,1.6600,-1.0879
937.714,4,-35.3169,1.6598,-1.0882
937.728,4,-35.3163,1.6596,-1.0891
937.742,4,-35.3157,1.6591,-1.0892
937.757,4,-35.3144,1.6584,-1.0899
937.772,4,-35.3139,1.6583,-1.0900
937.786,4,-35.3134,1.6582,-1.0904
937.800,4,-35.3122,1.6579,-1.0908
937.815,4,-35.3119,1.6584,-1.0904
937.829,4,-35.3114,1.6587,-1.0906
937.844,4,-35.3105,1.6589,-1.0905
937.859,4,-35.3102,1.6590,-1.0905
937.873,4,-35.3100,1.6589,-1.0903
937.888,4,-35.3097,1.6588,-1.0901
937.901,4,-35.3090,1.6588,-1.0899
937.916,4,-35.3088,1.6588,-1.0898
937.930,4,-35.3085,1.6588,-1.0895
937.944,4,-35.3081,1.6588,-1.0894
937.960,4,-35.3080,1.6587,-1.0892
937.974,4,-35.3080,1.6588,-1.0890
937.989,4,-35.3080,1.6590,-1.0886
938.003,4,-35.3081,1.6592,-1.0883
938.020,4,-35.3082,1.6593,-1.0881
938.037,4,-35.3084,1.6595,-1.0877
938.051,4,-35.3086,1.6595,-1.0874
938.066,4,-35.3088,1.6596,-1.0870
938.081,4,-35.3092,1.6598,-1.0868
938.094,4,-35.3094,1.6599,-1.0867
938.110,4,-35.3099,1.6601,-1.0862
938.124,4,-35.3101,1.6601,-1.0859
938.141,4,-35.3103,1.6602,-1.0855
938.155,4,-35.3108,1.6604,-1.0850
938.169,4,-35.3111,1.6606,-1.0848
938.183,4,-35.3115,1.6607,-1.0845
938.198,4,-35.3118,1.6608,-1.0840
938.212,4,-35.3126,1.6610,-1.0835
938.227,4,-35.3131,1.6611,-1.0837
938.243,4,-35.3137,1.6611,-1.0835
938.258,4,-35.3146,1.6610,-1.0830
938.272,4,-35.3152,1.6609,-1.0828
938.286,4,-35.3159,1.6609,-1.0824
938.302,4,-35.3170,1.6608,-1.0819
938.316,4,-35.3177,1.6607,-1.0816
938.335,4,-35.3183,1.6608,-1.0811
938.351,4,-35.3196,1.6607,-1.0805
938.365,4,-35.3202,1.6608,-1.0804
938.379,4,-35.3215,1.6608,-1.0799
938.391,4,-35.3222,1.6609,-1.0796
938.407,4,-35.3229,1.6611,-1.0794
938.422,4,-35.3242,1.6613,-1.0791
938.435,4,-35.3249,1.6616,-1.0792
938.448,4,-35.3256,1.6618,-1.0792
938.463,4,-35.3263,1.6620,-1.0792
938.477,4,-35.3277,1.6624,-1.0792
938.490,4,-35.3284,1.6626,-1.0792
938.505,4,-35.3291,1.6630,-1.0792
938.518,4,-35.3298,1.6633,-1.0794
938.531,4,-35.3312,1.6639,-1.0795
938.545,4,-35.3319,1.6643,-1.0794
938.559,4,-35.3327,1.6645,-1.0792
938.573,4,-35.3334,1.6648,-1.0793
938.587,4,-35.3347,1.6654,-1.0792

# --- Trial 5 start ---
947.214,5,-39.5491,1.6380,-1.2819
947.293,5,-39.5485,1.6364,-1.2808
947.318,5,-39.5481,1.6358,-1.2798
947.335,5,-39.5477,1.6354,-1.2788
947.349,5,-39.5474,1.6352,-1.2780
947.364,5,-39.5470,1.6352,-1.2772
947.388,5,-39.5463,1.6351,-1.2756
947.405,5,-39.5457,1.6352,-1.2738
947.419,5,-39.5449,1.6352,-1.2719
947.433,5,-39.5446,1.6352,-1.2708
947.451,5,-39.5440,1.6349,-1.2693
947.465,5,-39.5432,1.6346,-1.2669
947.480,5,-39.5428,1.6344,-1.2654
947.495,5,-39.5420,1.6340,-1.2626
947.510,5,-39.5415,1.6337,-1.2609
947.523,5,-39.5410,1.6333,-1.2593
947.538,5,-39.5406,1.6330,-1.2576
947.553,5,-39.5396,1.6324,-1.2542
947.567,5,-39.5391,1.6322,-1.2523
947.582,5,-39.5386,1.6319,-1.2503
947.598,5,-39.5377,1.6314,-1.2465
947.615,5,-39.5372,1.6312,-1.2445
947.632,5,-39.5362,1.6306,-1.2407
947.647,5,-39.5356,1.6304,-1.2388
947.663,5,-39.5344,1.6301,-1.2350
947.677,5,-39.5337,1.6301,-1.2331
947.694,5,-39.5329,1.6297,-1.2312
947.711,5,-39.5317,1.6288,-1.2275
947.726,5,-39.5302,1.6274,-1.2239
947.741,5,-39.5295,1.6266,-1.2224
947.758,5,-39.5287,1.6261,-1.2211
947.773,5,-39.5269,1.6257,-1.2182
947.786,5,-39.5259,1.6258,-1.2171
947.800,5,-39.5250,1.6258,-1.2162
947.815,5,-39.5241,1.6255,-1.2155
947.830,5,-39.5224,1.6251,-1.2138
947.847,5,-39.5215,1.6254,-1.2133
947.865,5,-39.5198,1.6256,-1.2120
947.878,5,-39.5190,1.6256,-1.2115
947.892,5,-39.5182,1.6255,-1.2112
947.906,5,-39.5162,1.6255,-1.2105
947.921,5,-39.5153,1.6254,-1.2104
947.935,5,-39.5143,1.6254,-1.2103
947.950,5,-39.5125,1.6254,-1.2101
947.965,5,-39.5115,1.6253,-1.2101
947.980,5,-39.5105,1.6251,-1.2102
947.997,5,-39.5096,1.6248,-1.2102
948.014,5,-39.5074,1.6244,-1.2105
948.030,5,-39.5052,1.6237,-1.2109
948.044,5,-39.5040,1.6230,-1.2111
948.058,5,-39.5029,1.6221,-1.2115
948.074,5,-39.5007,1.6207,-1.2121
948.089,5,-39.4996,1.6198,-1.2124
948.103,5,-39.4985,1.6189,-1.2128
948.119,5,-39.4962,1.6166,-1.2135
948.133,5,-39.4953,1.6148,-1.2139
948.148,5,-39.4942,1.6132,-1.2143
948.163,5,-39.4922,1.6105,-1.2151
948.177,5,-39.4914,1.6090,-1.2155
948.192,5,-39.4907,1.6073,-1.2160
948.208,5,-39.4892,1.6039,-1.2171
948.222,5,-39.4885,1.6022,-1.2178
948.237,5,-39.4879,1.6009,-1.2185
948.252,5,-39.4864,1.5983,-1.2198
948.266,5,-39.4860,1.5967,-1.2205
948.282,5,-39.4862,1.5944,-1.2212
948.296,5,-39.4849,1.5962,-1.2226
948.310,5,-39.4841,1.5989,-1.2235
948.326,5,-39.4830,1.6020,-1.2241
948.340,5,-39.4813,1.6041,-1.2250
948.355,5,-39.4810,1.6062,-1.2254
948.371,5,-39.4793,1.6115,-1.2259
948.386,5,-39.4792,1.6155,-1.2256
948.404,5,-39.4792,1.6182,-1.2249
948.419,5,-39.4780,1.6233,-1.2250
948.433,5,-39.4771,1.6259,-1.2249
948.448,5,-39.4759,1.6280,-1.2245
948.464,5,-39.4739,1.6322,-1.2239
948.479,5,-39.4727,1.6334,-1.2236
948.494,5,-39.4704,1.6359,-1.2229
948.508,5,-39.4692,1.6359,-1.2224
948.522,5,-39.4680,1.6353,-1.2216
948.537,5,-39.4671,1.6344,-1.2206
948.552,5,-39.4649,1.6343,-1.2193
948.567,5,-39.4636,1.6339,-1.2185
948.582,5,-39.4609,1.6340,-1.2168
948.597,5,-39.4595,1.6338,-1.2156
948.612,5,-39.4578,1.6332,-1.2145
948.630,5,-39.4546,1.6329,-1.2124
948.647,5,-39.4528,1.6328,-1.2112
948.661,5,-39.4494,1.6324,-1.2089
948.676,5,-39.4473,1.6320,-1.2074
948.691,5,-39.4452,1.6314,-1.2059
948.706,5,-39.4413,1.6307,-1.2033
948.720,5,-39.4390,1.6305,-1.2019
948.735,5,-39.4368,1.6301,-1.2005
948.749,5,-39.4323,1.6289,-1.1975
948.764,5,-39.4298,1.6278,-1.1962
948.777,5,-39.4269,1.6266,-1.1949
948.793,5,-39.4242,1.6261,-1.1937
948.809,5,-39.4190,1.6254,-1.1910
948.822,5,-39.4162,1.6250,-1.1898
948.837,5,-39.4129,1.6242,-1.1886
948.852,5,-39.4066,1.6226,-1.1864
948.866,5,-39.4033,1.6223,-1.1856
948.881,5,-39.3997,1.6223,-1.1845
948.895,5,-39.3960,1.6225,-1.1837
948.910,5,-39.3889,1.6222,-1.1817
948.923,5,-39.3849,1.6221,-1.1812
948.940,5,-39.3808,1.6217,-1.1805
948.957,5,-39.3726,1.6215,-1.1788
948.973,5,-39.3639,1.6209,-1.1774
948.987,5,-39.3595,1.6202,-1.1766
949.001,5,-39.3545,1.6195,-1.1761
949.017,5,-39.3449,1.6183,-1.1747
949.031,5,-39.3396,1.6175,-1.1744
949.045,5,-39.3343,1.6165,-1.1738
949.059,5,-39.3292,1.6152,-1.1733
949.073,5,-39.3237,1.6138,-1.1727
949.089,5,-39.3122,1.6113,-1.1720
949.103,5,-39.3057,1.6101,-1.1719
949.117,5,-39.2934,1.6075,-1.1714
949.132,5,-39.2861,1.6058,-1.1711
949.146,5,-39.2793,1.6039,-1.1709
949.160,5,-39.2723,1.6025,-1.1709
949.175,5,-39.2582,1.6000,-1.1707
949.190,5,-39.2507,1.5991,-1.1711
949.205,5,-39.2429,1.5983,-1.1713
949.220,5,-39.2278,1.5967,-1.1718
949.234,5,-39.2196,1.5965,-1.1721
949.248,5,-39.2114,1.5965,-1.1727
949.263,5,-39.1950,1.5963,-1.1739
949.277,5,-39.1867,1.5963,-1.1746
949.292,5,-39.1779,1.5969,-1.1753
949.306,5,-39.1610,1.5988,-1.1766
949.320,5,-39.1519,1.6008,-1.1774
949.334,5,-39.1431,1.6025,-1.1782
949.348,5,-39.1343,1.6044,-1.1789
949.362,5,-39.1168,1.6080,-1.1803
949.378,5,-39.1077,1.6104,-1.1807
949.393,5,-39.0989,1.6124,-1.1808
949.411,5,-39.0811,1.6160,-1.1816
949.426,5,-39.0717,1.6177,-1.1817
949.441,5,-39.0538,1.6208,-1.1820
949.455,5,-39.0448,1.6222,-1.1817
949.470,5,-39.0361,1.6235,-1.1814
949.484,5,-39.0184,1.6267,-1.1812
949.497,5,-39.0097,1.6278,-1.1809
949.511,5,-39.0009,1.6287,-1.1805
949.527,5,-38.9926,1.6290,-1.1800
949.541,5,-38.9750,1.6304,-1.1794
949.556,5,-38.9664,1.6308,-1.1789
949.570,5,-38.9579,1.6312,-1.1783
949.584,5,-38.9404,1.6320,-1.1773
949.599,5,-38.9313,1.6317,-1.1768
949.614,5,-38.9227,1.6309,-1.1761
949.631,5,-38.9053,1.6297,-1.1748
949.648,5,-38.8963,1.6286,-1.1742
949.663,5,-38.8784,1.6269,-1.1731
949.677,5,-38.8695,1.6255,-1.1724
949.691,5,-38.8604,1.6238,-1.1716
949.706,5,-38.8423,1.6208,-1.1700
949.719,5,-38.8328,1.6188,-1.1692
949.734,5,-38.8232,1.6169,-1.1683
949.749,5,-38.8137,1.6151,-1.1674
949.764,5,-38.7949,1.6115,-1.1655
949.778,5,-38.7854,1.6095,-1.1644
949.792,5,-38.7760,1.6075,-1.1631
949.807,5,-38.7566,1.6039,-1.1609
949.821,5,-38.7468,1.6026,-1.1597
949.836,5,-38.7370,1.6016,-1.1584
949.851,5,-38.7178,1.5995,-1.1556
949.865,5,-38.7083,1.5990,-1.1542
949.880,5,-38.6988,1.5987,-1.1526
949.894,5,-38.6793,1.5982,-1.1499
949.909,5,-38.6693,1.5997,-1.1483
949.923,5,-38.6595,1.6019,-1.1468
949.937,5,-38.6494,1.6046,-1.1453
949.952,5,-38.6290,1.6082,-1.1425
949.967,5,-38.6186,1.6107,-1.1413
949.980,5,-38.6087,1.6128,-1.1401
949.995,5,-38.5887,1.6163,-1.1376
950.010,5,-38.5788,1.6179,-1.1364
950.024,5,-38.5691,1.6194,-1.1356
950.042,5,-38.5491,1.6227,-1.1340
950.059,5,-38.5390,1.6243,-1.1334
950.073,5,-38.5192,1.6277,-1.1320
950.087,5,-38.5094,1.6295,-1.1317
950.101,5,-38.4999,1.6309,-1.1314
950.116,5,-38.4805,1.6334,-1.1308
950.130,5,-38.4707,1.6342,-1.1307
950.145,5,-38.4610,1.6349,-1.1307
950.159,5,-38.4513,1.6355,-1.1307
950.174,5,-38.4321,1.6368,-1.1304
950.188,5,-38.4224,1.6363,-1.1306
950.203,5,-38.4127,1.6355,-1.1309
950.218,5,-38.3935,1.6342,-1.1311
950.232,5,-38.3836,1.6329,-1.1314
950.246,5,-38.3738,1.6313,-1.1316
950.261,5,-38.3539,1.6283,-1.1322
950.275,5,-38.3435,1.6261,-1.1326
950.290,5,-38.3330,1.6238,-1.1331
950.305,5,-38.3122,1.6200,-1.1338
950.319,5,-38.3015,1.6176,-1.1343
950.334,5,-38.2907,1.6155,-1.1348
950.348,5,-38.2799,1.6135,-1.1354
950.363,5,-38.2583,1.6095,-1.1367
950.377,5,-38.2470,1.6077,-1.1376
950.392,5,-38.2358,1.6065,-1.1384
950.406,5,-38.2138,1.6040,-1.1400
950.421,5,-38.2023,1.6038,-1.1412
950.435,5,-38.1911,1.6035,-1.1422
950.449,5,-38.1687,1.6028,-1.1444
950.463,5,-38.1574,1.6037,-1.1455
950.477,5,-38.1461,1.6054,-1.1467
950.492,5,-38.1351,1.6078,-1.1478
950.507,5,-38.1124,1.6113,-1.1500
950.520,5,-38.1011,1.6139,-1.1510
950.535,5,-38.0898,1.6161,-1.1518
950.549,5,-38.0674,1.6200,-1.1534
950.564,5,-38.0567,1.6218,-1.1540
950.578,5,-38.0462,1.6235,-1.1544
950.593,5,-38.0250,1.6271,-1.1556
950.607,5,-38.0144,1.6292,-1.1561
950.622,5,-38.0040,1.6313,-1.1565
950.637,5,-37.9828,1.6357,-1.1572
950.651,5,-37.9726,1.6382,-1.1574
950.669,5,-37.9625,1.6401,-1.1574
950.687,5,-37.9419,1.6432,-1.1577
950.701,5,-37.9316,1.6439,-1.1577
950.715,5,-37.9112,1.6458,-1.1579
950.729,5,-37.9011,1.6457,-1.1579
950.743,5,-37.8909,1.6452,-1.1578
950.758,5,-37.8808,1.6438,-1.1577
950.772,5,-37.8602,1.6420,-1.1577
950.787,5,-37.8499,1.6396,-1.1574
950.801,5,-37.8396,1.6373,-1.1574
950.816,5,-37.8190,1.6331,-1.1572
950.830,5,-37.8085,1.6305,-1.1570
950.845,5,-37.7979,1.6276,-1.1568
950.858,5,-37.7874,1.6248,-1.1566
950.872,5,-37.7662,1.6193,-1.1559
950.887,5,-37.7554,1.6166,-1.1554
950.901,5,-37.7445,1.6145,-1.1549
950.915,5,-37.7225,1.6106,-1.1539
950.930,5,-37.7110,1.6093,-1.1532
950.945,5,-37.6996,1.6083,-1.1523
950.960,5,-37.6883,1.6077,-1.1515
950.977,5,-37.6657,1.6066,-1.1498
950.993,5,-37.6545,1.6070,-1.1488
951.008,5,-37.6322,1.6072,-1.1469
951.022,5,-37.6208,1.6089,-1.1459
951.037,5,-37.6094,1.6116,-1.1448
951.052,5,-37.5870,1.6152,-1.1429
951.067,5,-37.5759,1.6177,-1.1421
951.081,5,-37.5532,1.6221,-1.1404
951.095,5,-37.5420,1.6246,-1.1397
951.110,5,-37.5308,1.6266,-1.1389
951.125,5,-37.5196,1.6284,-1.1383
951.139,5,-37.5085,1.6305,-1.1377
951.154,5,-37.4863,1.6346,-1.1365
951.168,5,-37.4756,1.6366,-1.1360
951.181,5,-37.4648,1.6387,-1.1355
951.196,5,-37.4432,1.6426,-1.1347
951.210,5,-37.4325,1.6444,-1.1345
951.225,5,-37.4221,1.6456,-1.1344
951.239,5,-37.4007,1.6484,-1.1339
951.253,5,-37.3901,1.6490,-1.1336
951.267,5,-37.3795,1.6492,-1.1334
951.280,5,-37.3690,1.6493,-1.1333
951.295,5,-37.3476,1.6495,-1.1329
951.309,5,-37.3368,1.6482,-1.1330
951.324,5,-37.3262,1.6468,-1.1331
951.339,5,-37.3047,1.6444,-1.1329
951.353,5,-37.2937,1.6423,-1.1331
951.367,5,-37.2828,1.6402,-1.1333
951.382,5,-37.2716,1.6381,-1.1334
951.397,5,-37.2493,1.6339,-1.1337
951.411,5,-37.2385,1.6309,-1.1339
951.425,5,-37.2161,1.6258,-1.1344
951.444,5,-37.2047,1.6235,-1.1350
951.460,5,-37.1818,1.6195,-1.1360
951.474,5,-37.1701,1.6181,-1.1368
951.492,5,-37.1584,1.6170,-1.1376
951.506,5,-37.1468,1.6160,-1.1384
951.520,5,-37.1351,1.6153,-1.1392
951.533,5,-37.1106,1.6138,-1.1409
951.547,5,-37.1005,1.6136,-1.1417
951.561,5,-37.0885,1.6140,-1.1426
951.575,5,-37.0765,1.6155,-1.1436
951.589,5,-37.0532,1.6173,-1.1455
951.603,5,-37.0417,1.6190,-1.1463
951.616,5,-37.0300,1.6207,-1.1470
951.630,5,-37.0070,1.6238,-1.1487
951.643,5,-36.9849,1.6273,-1.1499
951.664,5,-36.9510,1.6321,-1.1513
951.684,5,-36.9288,1.6361,-1.1520
951.706,5,-36.9076,1.6409,-1.1523
951.729,5,-36.8869,1.6458,-1.1520
951.753,5,-36.8672,1.6497,-1.1518
951.778,5,-36.8482,1.6524,-1.1512
951.798,5,-36.8290,1.6547,-1.1509
951.820,5,-36.8103,1.6559,-1.1504
951.843,5,-36.7930,1.6556,-1.1500
951.865,5,-36.7779,1.6536,-1.1494
951.888,5,-36.7624,1.6525,-1.1489
951.911,5,-36.7462,1.6524,-1.1488
951.934,5,-36.7297,1.6526,-1.1487
951.958,5,-36.7135,1.6521,-1.1485
951.980,5,-36.6974,1.6507,-1.1478
952.003,5,-36.6810,1.6485,-1.1467
952.026,5,-36.6647,1.6458,-1.1455
952.049,5,-36.6485,1.6434,-1.1439
952.072,5,-36.6317,1.6411,-1.1420
952.095,5,-36.6147,1.6387,-1.1398
952.117,5,-36.5979,1.6369,-1.1374
952.140,5,-36.5897,1.6379,-1.1358
952.157,5,-36.5814,1.6392,-1.1345
952.170,5,-36.5731,1.6405,-1.1334
952.183,5,-36.5648,1.6421,-1.1323
952.198,5,-36.5479,1.6439,-1.1304
952.212,5,-36.5311,1.6458,-1.1286
952.233,5,-36.5221,1.6484,-1.1281
952.249,5,-36.5136,1.6502,-1.1275
952.264,5,-36.4974,1.6525,-1.1262
952.278,5,-36.4901,1.6534,-1.1259
952.292,5,-36.4830,1.6544,-1.1257
952.307,5,-36.4680,1.6563,-1.1250
952.320,5,-36.4610,1.6570,-1.1246
952.335,5,-36.4540,1.6575,-1.1244
952.349,5,-36.4392,1.6590,-1.1238
952.363,5,-36.4319,1.6594,-1.1236
952.380,5,-36.4249,1.6598,-1.1232
952.397,5,-36.4103,1.6606,-1.1225
952.410,5,-36.4031,1.6606,-1.1223
952.424,5,-36.3958,1.6604,-1.1220
952.439,5,-36.3814,1.6601,-1.1214
952.453,5,-36.3742,1.6597,-1.1209
952.473,5,-36.3598,1.6590,-1.1205
952.487,5,-36.3526,1.6582,-1.1203
952.502,5,-36.3453,1.6571,-1.1202
952.517,5,-36.3306,1.6551,-1.1198
952.531,5,-36.3232,1.6538,-1.1198
952.545,5,-36.3155,1.6526,-1.1198
952.559,5,-36.3003,1.6505,-1.1198
952.574,5,-36.2923,1.6491,-1.1199
952.589,5,-36.2843,1.6475,-1.1201
952.603,5,-36.2765,1.6459,-1.1204
952.618,5,-36.2609,1.6434,-1.1208
952.631,5,-36.2529,1.6424,-1.1212
952.646,5,-36.2452,1.6416,-1.1217
952.661,5,-36.2371,1.6409,-1.1223
952.675,5,-36.2289,1.6403,-1.1230
952.692,5,-36.2207,1.6399,-1.1239
952.708,5,-36.2043,1.6384,-1.1255
952.723,5,-36.1959,1.6376,-1.1265
952.737,5,-36.1796,1.6369,-1.1284
952.749,5,-36.1713,1.6374,-1.1295
952.764,5,-36.1631,1.6379,-1.1308
952.779,5,-36.1552,1.6380,-1.1320
952.792,5,-36.1392,1.6387,-1.1343
952.807,5,-36.1312,1.6402,-1.1355
952.821,5,-36.1232,1.6415,-1.1366
952.835,5,-36.1073,1.6433,-1.1386
952.850,5,-36.0995,1.6444,-1.1395
952.864,5,-36.0919,1.6452,-1.1403
952.878,5,-36.0843,1.6460,-1.1409
952.892,5,-36.0690,1.6477,-1.1421
952.905,5,-36.0614,1.6485,-1.1426
952.920,5,-36.0542,1.6493,-1.1427
952.934,5,-36.0469,1.6499,-1.1429
952.948,5,-36.0323,1.6514,-1.1434
952.961,5,-36.0254,1.6522,-1.1433
952.977,5,-36.0185,1.6528,-1.1431
952.991,5,-36.0118,1.6531,-1.1429
953.004,5,-36.0051,1.6531,-1.1428
953.019,5,-35.9913,1.6534,-1.1428
953.033,5,-35.9847,1.6532,-1.1426
953.048,5,-35.9785,1.6528,-1.1424
953.063,5,-35.9655,1.6525,-1.1421
953.075,5,-35.9593,1.6519,-1.1419
953.090,5,-35.9531,1.6513,-1.1417
953.104,5,-35.9406,1.6502,-1.1414
953.119,5,-35.9346,1.6494,-1.1409
953.132,5,-35.9284,1.6490,-1.1407
953.147,5,-35.9223,1.6487,-1.1402
953.161,5,-35.9098,1.6480,-1.1397
953.175,5,-35.9037,1.6476,-1.1393
953.188,5,-35.8974,1.6472,-1.1388
953.203,5,-35.8849,1.6462,-1.1379
953.216,5,-35.8788,1.6455,-1.1372
953.234,5,-35.8726,1.6446,-1.1366
953.249,5,-35.8603,1.6428,-1.1354
953.262,5,-35.8541,1.6417,-1.1347
953.276,5,-35.8482,1.6405,-1.1339
953.290,5,-35.8422,1.6392,-1.1330
953.305,5,-35.8304,1.6368,-1.1312
953.319,5,-35.8246,1.6355,-1.1300
953.332,5,-35.8187,1.6342,-1.1289
953.347,5,-35.8130,1.6330,-1.1277
953.362,5,-35.8015,1.6307,-1.1253
953.376,5,-35.7957,1.6296,-1.1239
953.390,5,-35.7902,1.6286,-1.1225
953.403,5,-35.7845,1.6280,-1.1212
953.418,5,-35.7732,1.6271,-1.1182
953.432,5,-35.7674,1.6275,-1.1165
953.447,5,-35.7556,1.6280,-1.1134
953.460,5,-35.7498,1.6288,-1.1116
953.479,5,-35.7440,1.6304,-1.1100
953.495,5,-35.7324,1.6330,-1.1068
953.508,5,-35.7265,1.6348,-1.1051
953.522,5,-35.7207,1.6369,-1.1033
953.536,5,-35.7089,1.6403,-1.1001
953.550,5,-35.7030,1.6421,-1.0986
953.563,5,-35.6969,1.6437,-1.0973
953.577,5,-35.6910,1.6449,-1.0960
953.591,5,-35.6793,1.6474,-1.0934
953.605,5,-35.6736,1.6483,-1.0926
953.619,5,-35.6680,1.6493,-1.0917
953.637,5,-35.6571,1.6513,-1.0899
953.653,5,-35.6520,1.6518,-1.0893
953.667,5,-35.6414,1.6534,-1.0880
953.681,5,-35.6365,1.6541,-1.0875
953.699,5,-35.6317,1.6547,-1.0874
953.713,5,-35.6218,1.6559,-1.0867
953.727,5,-35.6172,1.6562,-1.0867
953.740,5,-35.6125,1.6566,-1.0866
953.754,5,-35.6079,1.6570,-1.0865
953.769,5,-35.5985,1.6580,-1.0860
953.786,5,-35.5941,1.6582,-1.0862
953.803,5,-35.5851,1.6588,-1.0861
953.817,5,-35.5809,1.6590,-1.0862
953.830,5,-35.5767,1.6591,-1.0863
953.844,5,-35.5725,1.6592,-1.0864
953.859,5,-35.5640,1.6595,-1.0864
953.872,5,-35.5599,1.6595,-1.0866
953.887,5,-35.5559,1.6594,-1.0869
953.902,5,-35.5520,1.6593,-1.0872
953.916,5,-35.5441,1.6594,-1.0876
953.932,5,-35.5403,1.6592,-1.0879
953.949,5,-35.5328,1.6588,-1.0886
953.966,5,-35.5294,1.6585,-1.0887
953.981,5,-35.5222,1.6580,-1.0894
953.995,5,-35.5189,1.6576,-1.0899
954.010,5,-35.5155,1.6573,-1.0905
954.025,5,-35.5123,1.6569,-1.0911
954.038,5,-35.5054,1.6561,-1.0921
954.052,5,-35.5022,1.6558,-1.0930
954.067,5,-35.4989,1.6555,-1.0938
954.082,5,-35.4922,1.6552,-1.0953
954.096,5,-35.4889,1.6553,-1.0965
954.111,5,-35.4857,1.6553,-1.0973
954.127,5,-35.4795,1.6552,-1.0991
954.140,5,-35.4765,1.6554,-1.1003
954.154,5,-35.4735,1.6558,-1.1014
954.170,5,-35.4675,1.6572,-1.1036
954.184,5,-35.4646,1.6585,-1.1048
954.199,5,-35.4619,1.6592,-1.1060
954.213,5,-35.4593,1.6597,-1.1071
954.229,5,-35.4539,1.6609,-1.1094
954.244,5,-35.4514,1.6614,-1.1107
954.258,5,-35.4464,1.6622,-1.1131
954.273,5,-35.4441,1.6623,-1.1142
954.287,5,-35.4419,1.6623,-1.1157
954.303,5,-35.4374,1.6624,-1.1181
954.317,5,-35.4354,1.6620,-1.1194
954.332,5,-35.4335,1.6618,-1.1206
954.347,5,-35.4316,1.6616,-1.1218
954.361,5,-35.4275,1.6612,-1.1243
954.377,5,-35.4255,1.6609,-1.1256
954.391,5,-35.4213,1.6605,-1.1280
954.405,5,-35.4193,1.6603,-1.1289
954.420,5,-35.4174,1.6602,-1.1301
954.434,5,-35.4155,1.6601,-1.1310
954.449,5,-35.4118,1.6599,-1.1328
954.462,5,-35.4100,1.6597,-1.1335
954.477,5,-35.4083,1.6595,-1.1341
954.492,5,-35.4048,1.6593,-1.1357
954.507,5,-35.4033,1.6593,-1.1360
954.521,5,-35.4019,1.6596,-1.1363
954.536,5,-35.3988,1.6598,-1.1372
954.551,5,-35.3975,1.6600,-1.1375
954.567,5,-35.3963,1.6602,-1.1379
954.580,5,-35.3935,1.6603,-1.1387
954.594,5,-35.3921,1.6605,-1.1389
954.607,5,-35.3907,1.6607,-1.1391
954.621,5,-35.3894,1.6609,-1.1395
954.635,5,-35.3866,1.6612,-1.1400
954.649,5,-35.3853,1.6613,-1.1402
954.664,5,-35.3841,1.6615,-1.1406
954.678,5,-35.3829,1.6616,-1.1408
954.693,5,-35.3804,1.6618,-1.1411
954.705,5,-35.3794,1.6617,-1.1412
954.720,5,-35.3784,1.6617,-1.1413
954.739,5,-35.3765,1.6616,-1.1414
954.756,5,-35.3757,1.6615,-1.1417
954.771,5,-35.3739,1.6615,-1.1418
954.785,5,-35.3733,1.6613,-1.1417
954.800,5,-35.3717,1.6610,-1.1419
954.814,5,-35.3710,1.6609,-1.1416
954.832,5,-35.3704,1.6607,-1.1415
954.846,5,-35.3690,1.6606,-1.1413
954.860,5,-35.3683,1.6608,-1.1412
954.874,5,-35.3675,1.6608,-1.1408
954.888,5,-35.3669,1.6607,-1.1404
954.902,5,-35.3655,1.6608,-1.1398
954.916,5,-35.3648,1.6610,-1.1393
954.930,5,-35.3641,1.6612,-1.1387
954.944,5,-35.3635,1.6614,-1.1381
954.958,5,-35.3623,1.6616,-1.1370
954.972,5,-35.3617,1.6616,-1.1362
954.987,5,-35.3612,1.6616,-1.1355
955.000,5,-35.3606,1.6618,-1.1346
955.014,5,-35.3594,1.6618,-1.1330
955.027,5,-35.3588,1.6618,-1.1321
955.042,5,-35.3582,1.6618,-1.1310
955.057,5,-35.3576,1.6618,-1.1298
955.071,5,-35.3564,1.6618,-1.1278
955.084,5,-35.3558,1.6617,-1.1267
955.098,5,-35.3552,1.6618,-1.1256
955.112,5,-35.3546,1.6617,-1.1246
955.125,5,-35.3535,1.6615,-1.1225
955.139,5,-35.3529,1.6613,-1.1216
955.152,5,-35.3522,1.6611,-1.1207
955.168,5,-35.3515,1.6610,-1.1201
955.182,5,-35.3503,1.6609,-1.1184
955.199,5,-35.3497,1.6609,-1.1173
955.216,5,-35.3485,1.6609,-1.1153
955.229,5,-35.3479,1.6608,-1.1144
955.243,5,-35.3474,1.6607,-1.1134
955.257,5,-35.3468,1.6606,-1.1124
955.272,5,-35.3458,1.6605,-1.1109
955.285,5,-35.3452,1.6604,-1.1100
955.299,5,-35.3447,1.6604,-1.1092
955.312,5,-35.3441,1.6605,-1.1082
955.326,5,-35.3431,1.6605,-1.1061
955.340,5,-35.3426,1.6606,-1.1049
955.357,5,-35.3422,1.6607,-1.1038
955.373,5,-35.3412,1.6609,-1.1017
955.386,5,-35.3408,1.6610,-1.1008
955.400,5,-35.3404,1.6611,-1.0997
955.413,5,-35.3396,1.6614,-1.0975
955.426,5,-35.3393,1.6615,-1.0964
955.443,5,-35.3391,1.6616,-1.0953
955.457,5,-35.3385,1.6620,-1.0933
955.470,5,-35.3384,1.6622,-1.0920
955.484,5,-35.3382,1.6623,-1.0906
955.498,5,-35.3381,1.6625,-1.0894
955.511,5,-35.3380,1.6628,-1.0881
955.525,5,-35.3378,1.6633,-1.0854
955.538,5,-35.3379,1.6634,-1.0840
955.553,5,-35.3381,1.6634,-1.0827
955.566,5,-35.3384,1.6632,-1.0813
955.580,5,-35.3389,1.6630,-1.0787
955.593,5,-35.3394,1.6629,-1.0774
955.606,5,-35.3400,1.6627,-1.0762
955.620,5,-35.3406,1.6627,-1.0750
955.634,5,-35.3417,1.6624,-1.0725
955.648,5,-35.3425,1.6622,-1.0715

# --- Trial 6 start ---
964.361,6,-39.4101,1.5972,-1.2222
964.440,6,-39.4069,1.5837,-1.2235
964.469,6,-39.4050,1.5785,-1.2250
964.494,6,-39.4044,1.5771,-1.2260
964.508,6,-39.4053,1.5753,-1.2264
964.523,6,-39.4057,1.5761,-1.2274
964.538,6,-39.4054,1.5798,-1.2283
964.554,6,-39.4044,1.5860,-1.2296
964.567,6,-39.4039,1.5889,-1.2302
964.586,6,-39.4043,1.5940,-1.2317
964.600,6,-39.4047,1.5979,-1.2322
964.615,6,-39.4054,1.6018,-1.2323
964.630,6,-39.4066,1.6048,-1.2320
964.646,6,-39.4073,1.6108,-1.2322
964.661,6,-39.4073,1.6140,-1.2324
964.677,6,-39.4068,1.6198,-1.2326
964.691,6,-39.4067,1.6216,-1.2324
964.705,6,-39.4068,1.6234,-1.2325
964.720,6,-39.4067,1.6246,-1.2324
964.736,6,-39.4069,1.6278,-1.2321
964.751,6,-39.4069,1.6285,-1.2319
964.768,6,-39.4073,1.6295,-1.2308
964.785,6,-39.4070,1.6299,-1.2308
964.799,6,-39.4072,1.6311,-1.2303
964.813,6,-39.4074,1.6316,-1.2296
964.828,6,-39.4073,1.6318,-1.2290
964.842,6,-39.4075,1.6328,-1.2282
964.856,6,-39.4072,1.6330,-1.2277
964.872,6,-39.4070,1.6334,-1.2274
964.886,6,-39.4067,1.6338,-1.2265
964.900,6,-39.4067,1.6336,-1.2261
964.914,6,-39.4065,1.6333,-1.2255
964.928,6,-39.4065,1.6328,-1.2253
964.944,6,-39.4062,1.6324,-1.2245
964.958,6,-39.4058,1.6321,-1.2242
964.973,6,-39.4054,1.6317,-1.2235
964.988,6,-39.4045,1.6308,-1.2225
965.002,6,-39.4039,1.6305,-1.2219
965.017,6,-39.4032,1.6305,-1.2215
965.031,6,-39.4023,1.6307,-1.2206
965.046,6,-39.4015,1.6307,-1.2198
965.062,6,-39.4004,1.6303,-1.2185
965.076,6,-39.3998,1.6301,-1.2177
965.093,6,-39.3989,1.6300,-1.2171
965.110,6,-39.3973,1.6301,-1.2157
965.124,6,-39.3963,1.6298,-1.2148
965.139,6,-39.3952,1.6294,-1.2140
965.153,6,-39.3931,1.6284,-1.2125
965.168,6,-39.3919,1.6281,-1.2117
965.187,6,-39.3906,1.6279,-1.2109
965.202,6,-39.3882,1.6273,-1.2094
965.217,6,-39.3868,1.6266,-1.2085
965.232,6,-39.3841,1.6257,-1.2069
965.246,6,-39.3826,1.6253,-1.2061
965.261,6,-39.3810,1.6250,-1.2051
965.276,6,-39.3779,1.6243,-1.2033
965.291,6,-39.3761,1.6237,-1.2023
965.306,6,-39.3741,1.6229,-1.2014
965.321,6,-39.3703,1.6215,-1.1995
965.335,6,-39.3680,1.6213,-1.1988
965.350,6,-39.3654,1.6210,-1.1981
965.365,6,-39.3609,1.6200,-1.1964
965.380,6,-39.3587,1.6191,-1.1957
965.395,6,-39.3563,1.6185,-1.1950
965.409,6,-39.3538,1.6179,-1.1944
965.425,6,-39.3488,1.6172,-1.1930
965.440,6,-39.3460,1.6172,-1.1925
965.455,6,-39.3406,1.6167,-1.1913
965.470,6,-39.3376,1.6167,-1.1908
965.484,6,-39.3346,1.6171,-1.1904
965.499,6,-39.3285,1.6173,-1.1897
965.515,6,-39.3251,1.6175,-1.1895
965.530,6,-39.3184,1.6174,-1.1890
965.545,6,-39.3148,1.6173,-1.1890
965.566,6,-39.3109,1.6175,-1.1889
965.582,6,-39.3029,1.6176,-1.1886
965.599,6,-39.2946,1.6177,-1.1884
965.615,6,-39.2900,1.6175,-1.1884
965.630,6,-39.2852,1.6172,-1.1885
965.645,6,-39.2758,1.6166,-1.1887
965.661,6,-39.2702,1.6160,-1.1891
965.677,6,-39.2599,1.6149,-1.1897
965.692,6,-39.2539,1.6140,-1.1903
965.707,6,-39.2481,1.6130,-1.1906
965.723,6,-39.2362,1.6112,-1.1915
965.738,6,-39.2295,1.6100,-1.1921
965.753,6,-39.2164,1.6079,-1.1934
965.768,6,-39.2093,1.6068,-1.1941
965.788,6,-39.2020,1.6057,-1.1950
965.802,6,-39.1878,1.6038,-1.1966
965.818,6,-39.1796,1.6030,-1.1979
965.837,6,-39.1645,1.6018,-1.2002
965.851,6,-39.1564,1.6013,-1.2016
965.868,6,-39.1407,1.6000,-1.2041
965.883,6,-39.1322,1.5997,-1.2057
965.898,6,-39.1235,1.6004,-1.2076
965.914,6,-39.1066,1.6020,-1.2109
965.929,6,-39.0975,1.6037,-1.2127
965.945,6,-39.0798,1.6063,-1.2157
965.960,6,-39.0709,1.6081,-1.2172
965.976,6,-39.0534,1.6110,-1.2201
965.990,6,-39.0449,1.6124,-1.2213
966.005,6,-39.0364,1.6131,-1.2225
966.022,6,-39.0196,1.6144,-1.2246
966.037,6,-39.0110,1.6150,-1.2254
966.052,6,-39.0025,1.6161,-1.2260
966.068,6,-38.9853,1.6189,-1.2273
966.083,6,-38.9767,1.6206,-1.2277
966.100,6,-38.9597,1.6233,-1.2285
966.116,6,-38.9510,1.6241,-1.2287
966.131,6,-38.9343,1.6261,-1.2292
966.146,6,-38.9260,1.6271,-1.2293
966.160,6,-38.9178,1.6281,-1.2294
966.175,6,-38.9096,1.6287,-1.2295
966.189,6,-38.8928,1.6299,-1.2299
966.204,6,-38.8845,1.6295,-1.2298
966.219,6,-38.8678,1.6296,-1.2300
966.233,6,-38.8596,1.6290,-1.2297
966.252,6,-38.8510,1.6278,-1.2294
966.267,6,-38.8340,1.6261,-1.2292
966.281,6,-38.8251,1.6244,-1.2289
966.296,6,-38.8075,1.6211,-1.2287
966.310,6,-38.7984,1.6185,-1.2284
966.324,6,-38.7894,1.6159,-1.2281
966.339,6,-38.7802,1.6135,-1.2276
966.357,6,-38.7614,1.6089,-1.2267
966.374,6,-38.7516,1.6065,-1.2260
966.389,6,-38.7325,1.6024,-1.2248
966.403,6,-38.7226,1.6006,-1.2241
966.417,6,-38.7128,1.5992,-1.2232
966.432,6,-38.6932,1.5969,-1.2216
966.447,6,-38.6831,1.5967,-1.2206
966.461,6,-38.6728,1.5966,-1.2196
966.477,6,-38.6526,1.5955,-1.2177
966.490,6,-38.6423,1.5960,-1.2165
966.508,6,-38.6318,1.5980,-1.2153
966.525,6,-38.6110,1.6010,-1.2134
966.541,6,-38.6005,1.6032,-1.2125
966.556,6,-38.5798,1.6072,-1.2107
966.571,6,-38.5589,1.6122,-1.2091
966.586,6,-38.5485,1.6149,-1.2085
966.604,6,-38.5380,1.6165,-1.2082
966.619,6,-38.5171,1.6197,-1.2073
966.634,6,-38.5068,1.6212,-1.2071
966.650,6,-38.4965,1.6229,-1.2069
966.665,6,-38.4862,1.6247,-1.2068
966.681,6,-38.4655,1.6284,-1.2068
966.695,6,-38.4555,1.6302,-1.2071
966.711,6,-38.4352,1.6333,-1.2073
966.725,6,-38.4252,1.6344,-1.2075
966.740,6,-38.4154,1.6355,-1.2078
966.756,6,-38.3955,1.6378,-1.2083
966.772,6,-38.3857,1.6383,-1.2086
966.788,6,-38.3659,1.6393,-1.2090
966.802,6,-38.3559,1.6387,-1.2092
966.819,6,-38.3460,1.6373,-1.2095
966.838,6,-38.3255,1.6350,-1.2101
966.853,6,-38.3048,1.6325,-1.2107
966.869,6,-38.2943,1.6298,-1.2109
966.884,6,-38.2837,1.6271,-1.2112
966.900,6,-38.2626,1.6220,-1.2117
966.915,6,-38.2515,1.6187,-1.2122
966.930,6,-38.2298,1.6132,-1.2131
966.945,6,-38.2185,1.6103,-1.2138
966.964,6,-38.2069,1.6078,-1.2147
966.982,6,-38.1842,1.6032,-1.2163
967.000,6,-38.1614,1.5990,-1.2180
967.015,6,-38.1499,1.5976,-1.2191
967.028,6,-38.1383,1.5970,-1.2202
967.044,6,-38.1150,1.5956,-1.2224
967.058,6,-38.1032,1.5956,-1.2236
967.074,6,-38.0915,1.5970,-1.2251
967.089,6,-38.0678,1.5996,-1.2278
967.104,6,-38.0554,1.6032,-1.2293
967.118,6,-38.0314,1.6077,-1.2318
967.133,6,-38.0193,1.6107,-1.2330
967.149,6,-38.0071,1.6135,-1.2341
967.164,6,-37.9832,1.6179,-1.2361
967.179,6,-37.9716,1.6200,-1.2367
967.194,6,-37.9602,1.6220,-1.2373
967.208,6,-37.9489,1.6240,-1.2379
967.224,6,-37.9259,1.6281,-1.2392
967.238,6,-37.9148,1.6303,-1.2396
967.253,6,-37.8922,1.6347,-1.2404
967.267,6,-37.8811,1.6365,-1.2406
967.281,6,-37.8702,1.6380,-1.2408
967.296,6,-37.8594,1.6391,-1.2409
967.310,6,-37.8373,1.6416,-1.2412
967.324,6,-37.8266,1.6422,-1.2412
967.338,6,-37.8161,1.6424,-1.2411
967.353,6,-37.7947,1.6426,-1.2410
967.368,6,-37.7842,1.6415,-1.2411
967.382,6,-37.7737,1.6400,-1.2408
967.398,6,-37.7523,1.6379,-1.2406
967.411,6,-37.7414,1.6361,-1.2404
967.427,6,-37.7306,1.6337,-1.2401
967.442,6,-37.7089,1.6300,-1.2396
967.460,6,-37.6978,1.6263,-1.2390
967.478,6,-37.6755,1.6207,-1.2380
967.491,6,-37.6641,1.6178,-1.2373
967.506,6,-37.6525,1.6151,-1.2365
967.521,6,-37.6300,1.6101,-1.2350
967.534,6,-37.6186,1.6079,-1.2339
967.549,6,-37.6072,1.6061,-1.2328
967.564,6,-37.5844,1.6030,-1.2309
967.578,6,-37.5725,1.6026,-1.2296
967.592,6,-37.5609,1.6026,-1.2283
967.607,6,-37.5494,1.6024,-1.2270
967.621,6,-37.5261,1.6021,-1.2245
967.636,6,-37.5142,1.6041,-1.2231
967.651,6,-37.5026,1.6068,-1.2218
967.667,6,-37.4794,1.6106,-1.2193
967.681,6,-37.4677,1.6138,-1.2181
967.695,6,-37.4560,1.6169,-1.2171
967.710,6,-37.4325,1.6213,-1.2148
967.726,6,-37.4207,1.6230,-1.2138
967.741,6,-37.3975,1.6266,-1.2119
967.755,6,-37.3862,1.6285,-1.2111
967.774,6,-37.3749,1.6306,-1.2105
967.789,6,-37.3525,1.6345,-1.2090
967.804,6,-37.3414,1.6365,-1.2086
967.819,6,-37.3305,1.6384,-1.2082
967.835,6,-37.3087,1.6419,-1.2073
967.853,6,-37.2982,1.6431,-1.2070
967.870,6,-37.2768,1.6456,-1.2061
967.885,6,-37.2661,1.6464,-1.2057
967.901,6,-37.2449,1.6477,-1.2049
967.917,6,-37.2341,1.6473,-1.2045
967.933,6,-37.2126,1.6467,-1.2038
967.949,6,-37.2018,1.6454,-1.2034
967.964,6,-37.1911,1.6437,-1.2031
967.980,6,-37.1695,1.6409,-1.2023
967.994,6,-37.1587,1.6385,-1.2020
968.010,6,-37.1369,1.6339,-1.2014
968.025,6,-37.1259,1.6306,-1.2012
968.039,6,-37.1150,1.6278,-1.2010
968.054,6,-37.0930,1.6229,-1.2006
968.068,6,-37.0818,1.6205,-1.2007
968.086,6,-37.0707,1.6183,-1.2008
968.105,6,-37.0484,1.6142,-1.2010
968.120,6,-37.0258,1.6108,-1.2014
968.134,6,-37.0143,1.6104,-1.2018
968.149,6,-37.0027,1.6106,-1.2023
968.165,6,-36.9799,1.6095,-1.2031
968.179,6,-36.9684,1.6107,-1.2037
968.194,6,-36.9572,1.6133,-1.2041
968.210,6,-36.9347,1.6165,-1.2047
968.225,6,-36.9233,1.6194,-1.2049
968.245,6,-36.9007,1.6242,-1.2054
968.261,6,-36.8894,1.6263,-1.2054
968.277,6,-36.8670,1.6301,-1.2054
968.292,6,-36.8564,1.6320,-1.2050
968.307,6,-36.8346,1.6359,-1.2046
968.322,6,-36.8239,1.6378,-1.2043
968.341,6,-36.8134,1.6400,-1.2037
968.355,6,-36.7921,1.6443,-1.2029
968.369,6,-36.7816,1.6463,-1.2023
968.383,6,-36.7712,1.6478,-1.2016
968.397,6,-36.7505,1.6507,-1.2005
968.411,6,-36.7404,1.6515,-1.1998
968.424,6,-36.7304,1.6521,-1.1992
968.439,6,-36.7207,1.6525,-1.1985
968.452,6,-36.7005,1.6532,-1.1972
968.466,6,-36.6905,1.6526,-1.1965
968.480,6,-36.6805,1.6515,-1.1957
968.493,6,-36.6707,1.6499,-1.1949
968.507,6,-36.6508,1.6474,-1.1932
968.521,6,-36.6406,1.6453,-1.1924
968.534,6,-36.6304,1.6430,-1.1914
968.549,6,-36.6201,1.6403,-1.1905
968.563,6,-36.5995,1.6356,-1.1888
968.578,6,-36.5892,1.6327,-1.1877
968.591,6,-36.5788,1.6300,-1.1866
968.605,6,-36.5685,1.6274,-1.1853
968.619,6,-36.5478,1.6227,-1.1829
968.633,6,-36.5375,1.6207,-1.1814
968.647,6,-36.5269,1.6192,-1.1797
968.663,6,-36.5165,1.6182,-1.1782
968.679,6,-36.4956,1.6163,-1.1750
968.695,6,-36.4851,1.6159,-1.1732
968.711,6,-36.4645,1.6145,-1.1699
968.728,6,-36.4544,1.6152,-1.1684
968.743,6,-36.4338,1.6173,-1.1651
968.759,6,-36.4236,1.6198,-1.1635
968.774,6,-36.4135,1.6224,-1.1619
968.790,6,-36.3929,1.6268,-1.1589
968.806,6,-36.3828,1.6295,-1.1574
968.822,6,-36.3623,1.6335,-1.1545
968.838,6,-36.3524,1.6353,-1.1532
968.854,6,-36.3325,1.6391,-1.1508
968.872,6,-36.3229,1.6410,-1.1500
968.888,6,-36.3038,1.6445,-1.1480
968.904,6,-36.2945,1.6463,-1.1474
968.921,6,-36.2760,1.6497,-1.1459
968.936,6,-36.2673,1.6509,-1.1454
968.953,6,-36.2491,1.6535,-1.1441
968.967,6,-36.2404,1.6542,-1.1436
968.983,6,-36.2318,1.6549,-1.1431
968.999,6,-36.2141,1.6564,-1.1419
969.016,6,-36.2055,1.6565,-1.1414
969.036,6,-36.1883,1.6567,-1.1405
969.059,6,-36.1624,1.6561,-1.1388
969.075,6,-36.1542,1.6552,-1.1384
969.096,6,-36.1462,1.6542,-1.1380
969.113,6,-36.1295,1.6523,-1.1372
969.129,6,-36.1125,1.6499,-1.1366
969.145,6,-36.1043,1.6483,-1.1363
969.161,6,-36.0873,1.6456,-1.1357
969.177,6,-36.0792,1.6441,-1.1355
969.198,6,-36.0621,1.6410,-1.1350
969.217,6,-36.0450,1.6377,-1.1347
969.233,6,-36.0366,1.6361,-1.1346
969.249,6,-36.0198,1.6338,-1.1345
969.266,6,-36.0115,1.6333,-1.1347
969.282,6,-35.9945,1.6316,-1.1350
969.297,6,-35.9861,1.6307,-1.1354
969.311,6,-35.9779,1.6298,-1.1357
969.326,6,-35.9698,1.6295,-1.1359
969.340,6,-35.9531,1.6307,-1.1364
969.354,6,-35.9449,1.6319,-1.1368
969.368,6,-35.9368,1.6322,-1.1371
969.384,6,-35.9285,1.6335,-1.1375
969.399,6,-35.9123,1.6362,-1.1382
969.414,6,-35.9041,1.6384,-1.1383
969.428,6,-35.8883,1.6414,-1.1385
969.442,6,-35.8805,1.6430,-1.1385
969.461,6,-35.8726,1.6446,-1.1386
969.476,6,-35.8570,1.6476,-1.1384
969.490,6,-35.8495,1.6491,-1.1380
969.504,6,-35.8421,1.6503,-1.1377
969.522,6,-35.8273,1.6528,-1.1373
969.539,6,-35.8204,1.6542,-1.1370
969.554,6,-35.8063,1.6569,-1.1364
969.568,6,-35.7995,1.6578,-1.1362
969.582,6,-35.7929,1.6587,-1.1358
969.596,6,-35.7864,1.6592,-1.1353
969.610,6,-35.7732,1.6606,-1.1341
969.624,6,-35.7669,1.6608,-1.1335
969.638,6,-35.7542,1.6615,-1.1325
969.651,6,-35.7483,1.6612,-1.1319
969.669,6,-35.7425,1.6606,-1.1312
969.683,6,-35.7304,1.6604,-1.1300
969.698,6,-35.7245,1.6599,-1.1293
969.711,6,-35.7186,1.6594,-1.1286
969.727,6,-35.7129,1.6589,-1.1280
969.740,6,-35.7012,1.6584,-1.1267
969.755,6,-35.6956,1.6583,-1.1260
969.768,6,-35.6900,1.6581,-1.1253
969.783,6,-35.6844,1.6578,-1.1245
969.797,6,-35.6731,1.6571,-1.1230
969.811,6,-35.6676,1.6565,-1.1221
969.824,6,-35.6620,1.6560,-1.1212
969.841,6,-35.6566,1.6553,-1.1205
969.858,6,-35.6455,1.6539,-1.1186
969.877,6,-35.6348,1.6523,-1.1166
969.891,6,-35.6296,1.6514,-1.1155
969.908,6,-35.6190,1.6498,-1.1135
969.922,6,-35.6137,1.6493,-1.1122
969.937,6,-35.6085,1.6489,-1.1110
969.952,6,-35.6033,1.6486,-1.1097
969.967,6,-35.5928,1.6485,-1.1071
969.982,6,-35.5877,1.6490,-1.1059
970.000,6,-35.5778,1.6502,-1.1031
970.018,6,-35.5681,1.6522,-1.1002
970.031,6,-35.5635,1.6533,-1.0984
970.045,6,-35.5589,1.6538,-1.0968
970.060,6,-35.5543,1.6544,-1.0954
970.076,6,-35.5449,1.6556,-1.0928
970.091,6,-35.5402,1.6559,-1.0916
970.106,6,-35.5312,1.6564,-1.0887
970.120,6,-35.5268,1.6560,-1.0874
970.134,6,-35.5226,1.6556,-1.0862
970.150,6,-35.5183,1.6553,-1.0852
970.165,6,-35.5098,1.6554,-1.0828
970.180,6,-35.5059,1.6555,-1.0818
970.195,6,-35.4980,1.6553,-1.0798
970.208,6,-35.4946,1.6550,-1.0793
970.224,6,-35.4913,1.6548,-1.0787
970.239,6,-35.4882,1.6549,-1.0782
970.254,6,-35.4816,1.6553,-1.0769
970.268,6,-35.4787,1.6557,-1.0765
970.283,6,-35.4725,1.6562,-1.0754
970.298,6,-35.4698,1.6565,-1.0751
970.317,6,-35.4672,1.6567,-1.0748
970.333,6,-35.4618,1.6572,-1.0742
970.348,6,-35.4594,1.6574,-1.0739
970.361,6,-35.4545,1.6578,-1.0732
970.377,6,-35.4524,1.6578,-1.0731
970.393,6,-35.4504,1.6578,-1.0729
970.409,6,-35.4462,1.6581,-1.0727
970.423,6,-35.4444,1.6581,-1.0727
970.439,6,-35.4406,1.6582,-1.0724
970.452,6,-35.4390,1.6582,-1.0726
970.466,6,-35.4376,1.6581,-1.0727
970.483,6,-35.4363,1.6581,-1.0728
970.498,6,-35.4336,1.6580,-1.0730
970.513,6,-35.4325,1.6580,-1.0732
970.527,6,-35.4315,1.6579,-1.0735
970.542,6,-35.4294,1.6579,-1.0740
970.557,6,-35.4286,1.6579,-1.0744
970.571,6,-35.4278,1.6576,-1.0749
970.587,6,-35.4263,1.6574,-1.0760
970.602,6,-35.4257,1.6580,-1.0767
970.617,6,-35.4242,1.6598,-1.0780
970.630,6,-35.4237,1.6607,-1.0789
970.648,6,-35.4234,1.6612,-1.0797
970.663,6,-35.4223,1.6620,-1.0812
970.677,6,-35.4218,1.6624,-1.0821
970.691,6,-35.4214,1.6627,-1.0830
970.705,6,-35.4206,1.6631,-1.0845
970.718,6,-35.4203,1.6630,-1.0854
970.732,6,-35.4200,1.6628,-1.0865
970.746,6,-35.4198,1.6627,-1.0875
970.760,6,-35.4192,1.6627,-1.0894
970.779,6,-35.4190,1.6626,-1.0905
970.794,6,-35.4186,1.6626,-1.0925
970.809,6,-35.4185,1.6625,-1.0935
970.824,6,-35.4186,1.6623,-1.0944
970.837,6,-35.4186,1.6622,-1.0953
970.852,6,-35.4185,1.6620,-1.0971
970.866,6,-35.4186,1.6618,-1.0981
970.881,6,-35.4186,1.6618,-1.0990
970.894,6,-35.4186,1.6618,-1.0998
970.908,6,-35.4185,1.6619,-1.1007
970.923,6,-35.4185,1.6620,-1.1023
970.940,6,-35.4184,1.6620,-1.1030
970.957,6,-35.4183,1.6620,-1.1047
970.971,6,-35.4184,1.6620,-1.1055
970.984,6,-35.4184,1.6619,-1.1069
970.998,6,-35.4185,1.6618,-1.1076
971.013,6,-35.4185,1.6617,-1.1083
971.027,6,-35.4186,1.6616,-1.1089
971.042,6,-35.4187,1.6615,-1.1103
971.056,6,-35.4188,1.6615,-1.1109
971.070,6,-35.4189,1.6615,-1.1114
971.086,6,-35.4190,1.6615,-1.1121
971.101,6,-35.4193,1.6613,-1.1132
971.115,6,-35.4194,1.6612,-1.1137
971.130,6,-35.4197,1.6611,-1.1149
971.145,6,-35.4199,1.6609,-1.1159
971.160,6,-35.4202,1.6608,-1.1168
971.174,6,-35.4205,1.6607,-1.1177
971.195,6,-35.4207,1.6608,-1.1185

# --- Trial 7 start ---
980.309,7,-39.4754,1.6372,-1.2400
980.387,7,-39.4766,1.6360,-1.2397
980.416,7,-39.4771,1.6354,-1.2389
980.431,7,-39.4774,1.6356,-1.2382
980.445,7,-39.4774,1.6361,-1.2374
980.463,7,-39.4773,1.6366,-1.2367
980.479,7,-39.4769,1.6368,-1.2355
980.493,7,-39.4766,1.6369,-1.2348
980.507,7,-39.4763,1.6371,-1.2340
980.522,7,-39.4761,1.6372,-1.2332
980.536,7,-39.4756,1.6375,-1.2317
980.555,7,-39.4753,1.6375,-1.2309
980.570,7,-39.4748,1.6375,-1.2291
980.584,7,-39.4744,1.6376,-1.2282
980.599,7,-39.4742,1.6376,-1.2271
980.613,7,-39.4735,1.6379,-1.2251
980.627,7,-39.4730,1.6379,-1.2240
980.641,7,-39.4727,1.6379,-1.2228
980.656,7,-39.4719,1.6379,-1.2206
980.671,7,-39.4715,1.6377,-1.2193
980.686,7,-39.4713,1.6374,-1.2179
980.701,7,-39.4705,1.6371,-1.2155
980.715,7,-39.4700,1.6369,-1.2141
980.730,7,-39.4695,1.6367,-1.2126
980.744,7,-39.4685,1.6364,-1.2099
980.760,7,-39.4680,1.6362,-1.2083
980.777,7,-39.4674,1.6359,-1.2069
980.795,7,-39.4663,1.6354,-1.2039
980.810,7,-39.4651,1.6349,-1.2009
980.824,7,-39.4645,1.6345,-1.1993
980.839,7,-39.4641,1.6343,-1.1977
980.854,7,-39.4635,1.6340,-1.1961
980.869,7,-39.4623,1.6334,-1.1930
980.883,7,-39.4618,1.6331,-1.1914
980.897,7,-39.4611,1.6328,-1.1898
980.912,7,-39.4605,1.6325,-1.1883
980.926,7,-39.4594,1.6317,-1.1852
980.941,7,-39.4588,1.6312,-1.1837
980.955,7,-39.4582,1.6306,-1.1823
980.970,7,-39.4569,1.6293,-1.1795
980.986,7,-39.4559,1.6287,-1.1783
981.000,7,-39.4541,1.6278,-1.1759
981.015,7,-39.4531,1.6273,-1.1750
981.029,7,-39.4521,1.6268,-1.1741
981.044,7,-39.4511,1.6264,-1.1734
981.059,7,-39.4491,1.6259,-1.1719
981.073,7,-39.4479,1.6258,-1.1714
981.092,7,-39.4469,1.6259,-1.1711
981.108,7,-39.4446,1.6259,-1.1703
981.123,7,-39.4422,1.6260,-1.1696
981.138,7,-39.4408,1.6259,-1.1695
981.152,7,-39.4395,1.6259,-1.1695
981.167,7,-39.4383,1.6259,-1.1696
981.182,7,-39.4358,1.6258,-1.1696
981.197,7,-39.4347,1.6257,-1.1697
981.211,7,-39.4323,1.6256,-1.1698
981.226,7,-39.4311,1.6255,-1.1700
981.242,7,-39.4297,1.6252,-1.1702
981.257,7,-39.4270,1.6245,-1.1707
981.271,7,-39.4256,1.6237,-1.1710
981.286,7,-39.4243,1.6229,-1.1714
981.301,7,-39.4217,1.6216,-1.1719
981.316,7,-39.4203,1.6207,-1.1724
981.331,7,-39.4196,1.6194,-1.1724
981.345,7,-39.4169,1.6172,-1.1732
981.360,7,-39.4154,1.6160,-1.1739
981.375,7,-39.4140,1.6145,-1.1745
981.391,7,-39.4114,1.6116,-1.1756
981.405,7,-39.4106,1.6095,-1.1761
981.421,7,-39.4097,1.6072,-1.1770
981.437,7,-39.4078,1.6027,-1.1784
981.451,7,-39.4071,1.6002,-1.1792
981.467,7,-39.4062,1.5981,-1.1804
981.483,7,-39.4044,1.5943,-1.1823
981.499,7,-39.4035,1.5921,-1.1835
981.514,7,-39.4027,1.5866,-1.1855
981.528,7,-39.4033,1.5838,-1.1865
981.544,7,-39.4022,1.5859,-1.1877
981.559,7,-39.4004,1.5878,-1.1903
981.574,7,-39.3988,1.5891,-1.1914
981.590,7,-39.3979,1.5890,-1.1936
981.605,7,-39.3982,1.5910,-1.1946
981.621,7,-39.3982,1.5945,-1.1954
981.636,7,-39.3984,1.5989,-1.1968
981.651,7,-39.3991,1.6012,-1.1971
981.666,7,-39.3989,1.6039,-1.1979
981.684,7,-39.3986,1.6092,-1.1990
981.699,7,-39.3981,1.6121,-1.1993
981.714,7,-39.3976,1.6176,-1.2001
981.730,7,-39.3974,1.6204,-1.2004
981.746,7,-39.3969,1.6227,-1.2005
981.761,7,-39.3957,1.6262,-1.2006
981.777,7,-39.3951,1.6273,-1.2005
981.792,7,-39.3943,1.6303,-1.2002
981.807,7,-39.3939,1.6312,-1.1999
981.823,7,-39.3930,1.6333,-1.1993
981.839,7,-39.3929,1.6325,-1.1984
981.855,7,-39.3926,1.6320,-1.1977
981.875,7,-39.3915,1.6318,-1.1966
981.895,7,-39.3904,1.6313,-1.1956
981.911,7,-39.3900,1.6302,-1.1946
981.927,7,-39.3888,1.6289,-1.1928
981.941,7,-39.3883,1.6285,-1.1919
981.958,7,-39.3867,1.6282,-1.1903
981.974,7,-39.3859,1.6285,-1.1893
981.990,7,-39.3845,1.6286,-1.1869
982.006,7,-39.3833,1.6285,-1.1857
982.025,7,-39.3822,1.6286,-1.1847
982.041,7,-39.3800,1.6289,-1.1825
982.058,7,-39.3775,1.6288,-1.1801
982.071,7,-39.3762,1.6286,-1.1788
982.091,7,-39.3746,1.6282,-1.1774
982.105,7,-39.3718,1.6278,-1.1748
982.119,7,-39.3704,1.6278,-1.1735
982.133,7,-39.3689,1.6276,-1.1720
982.148,7,-39.3659,1.6268,-1.1693
982.163,7,-39.3642,1.6266,-1.1678
982.178,7,-39.3610,1.6262,-1.1650
982.192,7,-39.3590,1.6260,-1.1636
982.206,7,-39.3572,1.6253,-1.1624
982.221,7,-39.3551,1.6243,-1.1611
982.237,7,-39.3512,1.6232,-1.1586
982.251,7,-39.3487,1.6233,-1.1577
982.266,7,-39.3442,1.6232,-1.1557
982.280,7,-39.3413,1.6233,-1.1549
982.295,7,-39.3385,1.6229,-1.1541
982.310,7,-39.3358,1.6228,-1.1532
982.325,7,-39.3303,1.6229,-1.1518
982.340,7,-39.3274,1.6231,-1.1513
982.354,7,-39.3243,1.6232,-1.1510
982.369,7,-39.3185,1.6227,-1.1501
982.383,7,-39.3153,1.6222,-1.1499
982.399,7,-39.3122,1.6215,-1.1496
982.414,7,-39.3054,1.6205,-1.1491
982.428,7,-39.3017,1.6199,-1.1491
982.442,7,-39.2975,1.6192,-1.1491
982.457,7,-39.2896,1.6172,-1.1490
982.472,7,-39.2850,1.6160,-1.1492
982.487,7,-39.2804,1.6147,-1.1493
982.507,7,-39.2708,1.6129,-1.1497
982.524,7,-39.2652,1.6119,-1.1501
982.539,7,-39.2552,1.6098,-1.1508
982.553,7,-39.2499,1.6086,-1.1511
982.568,7,-39.2388,1.6064,-1.1522
982.583,7,-39.2329,1.6054,-1.1529
982.598,7,-39.2266,1.6043,-1.1538
982.613,7,-39.2147,1.6021,-1.1553
982.627,7,-39.2083,1.6011,-1.1563
982.642,7,-39.2020,1.6002,-1.1573
982.658,7,-39.1892,1.5986,-1.1593
982.673,7,-39.1824,1.5980,-1.1606
982.688,7,-39.1753,1.5973,-1.1620
982.704,7,-39.1617,1.5957,-1.1646
982.719,7,-39.1544,1.5953,-1.1662
982.734,7,-39.1406,1.5954,-1.1689
982.749,7,-39.1331,1.5968,-1.1707
982.768,7,-39.1251,1.5980,-1.1723
982.783,7,-39.1100,1.5998,-1.1753
982.798,7,-39.1022,1.6014,-1.1766
982.817,7,-39.0866,1.6044,-1.1794
982.836,7,-39.0709,1.6074,-1.1819
982.851,7,-39.0633,1.6087,-1.1830
982.866,7,-39.0552,1.6098,-1.1841
982.882,7,-39.0396,1.6121,-1.1860
982.897,7,-39.0310,1.6136,-1.1867
982.913,7,-39.0144,1.6167,-1.1884
982.927,7,-39.0062,1.6185,-1.1887
982.944,7,-38.9979,1.6203,-1.1890
982.959,7,-38.9817,1.6234,-1.1898
982.977,7,-38.9734,1.6245,-1.1902
982.994,7,-38.9569,1.6267,-1.1910
983.008,7,-38.9488,1.6274,-1.1913
983.025,7,-38.9322,1.6287,-1.1920
983.039,7,-38.9240,1.6285,-1.1921
983.054,7,-38.9155,1.6281,-1.1925
983.070,7,-38.8987,1.6273,-1.1932
983.084,7,-38.8902,1.6260,-1.1934
983.099,7,-38.8817,1.6246,-1.1935
983.114,7,-38.8646,1.6224,-1.1939
983.134,7,-38.8557,1.6201,-1.1943
983.151,7,-38.8380,1.6164,-1.1947
983.167,7,-38.8203,1.6124,-1.1948
983.181,7,-38.8111,1.6101,-1.1947
983.199,7,-38.8019,1.6077,-1.1944
983.214,7,-38.7834,1.6031,-1.1943
983.228,7,-38.7740,1.6007,-1.1940
983.243,7,-38.7644,1.5986,-1.1935
983.258,7,-38.7455,1.5949,-1.1928
983.272,7,-38.7358,1.5939,-1.1922
983.287,7,-38.7258,1.5935,-1.1915
983.301,7,-38.7063,1.5921,-1.1904
983.314,7,-38.6963,1.5922,-1.1897
983.327,7,-38.6864,1.5923,-1.1888
983.342,7,-38.6763,1.5928,-1.1881
983.358,7,-38.6564,1.5938,-1.1865
983.371,7,-38.6462,1.5961,-1.1857
983.389,7,-38.6361,1.5991,-1.1848
983.404,7,-38.6160,1.6031,-1.1830
983.418,7,-38.6055,1.6062,-1.1821
983.432,7,-38.5848,1.6107,-1.1805
983.451,7,-38.5742,1.6127,-1.1800
983.469,7,-38.5533,1.6165,-1.1788
983.482,7,-38.5429,1.6185,-1.1782
983.497,7,-38.5326,1.6204,-1.1777
983.511,7,-38.5118,1.6240,-1.1765
983.524,7,-38.5013,1.6258,-1.1762
983.539,7,-38.4909,1.6275,-1.1760
983.553,7,-38.4809,1.6291,-1.1758
983.568,7,-38.4605,1.6320,-1.1754
983.582,7,-38.4503,1.6330,-1.1753
983.596,7,-38.4405,1.6336,-1.1752
983.611,7,-38.4306,1.6342,-1.1752
983.626,7,-38.4107,1.6357,-1.1749
983.642,7,-38.4007,1.6354,-1.1747
983.657,7,-38.3805,1.6351,-1.1745
983.671,7,-38.3703,1.6340,-1.1745
983.687,7,-38.3601,1.6325,-1.1746
983.702,7,-38.3396,1.6301,-1.1745
983.718,7,-38.3292,1.6277,-1.1746
983.732,7,-38.3087,1.6241,-1.1746
983.748,7,-38.2983,1.6214,-1.1748
983.768,7,-38.2875,1.6184,-1.1751
983.783,7,-38.2663,1.6137,-1.1754
983.798,7,-38.2552,1.6109,-1.1758
983.813,7,-38.2333,1.6061,-1.1765
983.828,7,-38.2222,1.6039,-1.1769
983.842,7,-38.2107,1.6021,-1.1775
983.857,7,-38.1883,1.5987,-1.1787
983.871,7,-38.1768,1.5979,-1.1794
983.886,7,-38.1653,1.5977,-1.1802
983.900,7,-38.1539,1.5974,-1.1810
983.916,7,-38.1308,1.5963,-1.1825
983.930,7,-38.1192,1.5973,-1.1834
983.945,7,-38.0958,1.5998,-1.1850
983.960,7,-38.0839,1.6020,-1.1858
983.975,7,-38.0724,1.6045,-1.1864
983.992,7,-38.0605,1.6073,-1.1872
984.008,7,-38.0368,1.6113,-1.1886
984.024,7,-38.0139,1.6149,-1.1896
984.041,7,-38.0027,1.6167,-1.1899
984.058,7,-37.9802,1.6203,-1.1906
984.074,7,-37.9690,1.6226,-1.1910
984.090,7,-37.9467,1.6270,-1.1914
984.104,7,-37.9357,1.6295,-1.1916
984.119,7,-37.9247,1.6318,-1.1918
984.134,7,-37.9027,1.6358,-1.1921
984.148,7,-37.8920,1.6373,-1.1921
984.164,7,-37.8813,1.6386,-1.1921
984.179,7,-37.8598,1.6409,-1.1923
984.194,7,-37.8494,1.6409,-1.1922
984.209,7,-37.8387,1.6406,-1.1922
984.224,7,-37.8172,1.6402,-1.1923
984.240,7,-37.8063,1.6387,-1.1923
984.254,7,-37.7958,1.6369,-1.1922
984.270,7,-37.7743,1.6341,-1.1922
984.285,7,-37.7632,1.6317,-1.1921
984.300,7,-37.7409,1.6275,-1.1921
984.314,7,-37.7295,1.6247,-1.1920
984.331,7,-37.7182,1.6219,-1.1918
984.345,7,-37.6956,1.6171,-1.1914
984.359,7,-37.6841,1.6144,-1.1910
984.373,7,-37.6725,1.6120,-1.1906
984.391,7,-37.6495,1.6085,-1.1898
984.407,7,-37.6377,1.6077,-1.1892
984.421,7,-37.6144,1.6059,-1.1882
984.434,7,-37.6026,1.6062,-1.1874
984.448,7,-37.5907,1.6065,-1.1866
984.463,7,-37.5792,1.6070,-1.1858
984.477,7,-37.5557,1.6068,-1.1843
984.490,7,-37.5440,1.6080,-1.1835
984.504,7,-37.5320,1.6111,-1.1827
984.518,7,-37.5202,1.6130,-1.1820
984.532,7,-37.5081,1.6150,-1.1814
984.547,7,-37.4842,1.6193,-1.1802
984.559,7,-37.4722,1.6222,-1.1798
984.574,7,-37.4601,1.6246,-1.1793
984.588,7,-37.4484,1.6267,-1.1789
984.603,7,-37.4245,1.6310,-1.1782
984.617,7,-37.4127,1.6332,-1.1781
984.630,7,-37.4010,1.6358,-1.1781
984.645,7,-37.3774,1.6409,-1.1780
984.658,7,-37.3659,1.6436,-1.1782
984.672,7,-37.3543,1.6457,-1.1784
984.687,7,-37.3432,1.6474,-1.1787
984.704,7,-37.3205,1.6505,-1.1789
984.722,7,-37.2980,1.6527,-1.1791
984.737,7,-37.2870,1.6527,-1.1792
984.751,7,-37.2758,1.6523,-1.1793
984.766,7,-37.2644,1.6515,-1.1795
984.782,7,-37.2414,1.6502,-1.1799
984.796,7,-37.2299,1.6485,-1.1799
984.811,7,-37.2068,1.6455,-1.1802
984.825,7,-37.1951,1.6430,-1.1804
984.840,7,-37.1837,1.6401,-1.1804
984.855,7,-37.1721,1.6370,-1.1805
984.869,7,-37.1487,1.6316,-1.1808
984.884,7,-37.1367,1.6281,-1.1811
984.899,7,-37.1247,1.6256,-1.1814
984.916,7,-37.1007,1.6211,-1.1820
984.930,7,-37.0883,1.6195,-1.1825
984.945,7,-37.0645,1.6159,-1.1833
984.959,7,-37.0526,1.6147,-1.1839
984.975,7,-37.0406,1.6145,-1.1846
984.992,7,-37.0163,1.6140,-1.1860
985.008,7,-37.0043,1.6142,-1.1868
985.023,7,-36.9805,1.6145,-1.1884
985.038,7,-36.9686,1.6168,-1.1894
985.052,7,-36.9567,1.6195,-1.1902
985.067,7,-36.9328,1.6226,-1.1917
985.081,7,-36.9209,1.6250,-1.1924
985.097,7,-36.9092,1.6277,-1.1930
985.111,7,-36.8975,1.6300,-1.1935
985.126,7,-36.8740,1.6341,-1.1943
985.141,7,-36.8625,1.6363,-1.1945
985.156,7,-36.8394,1.6407,-1.1950
985.174,7,-36.8281,1.6430,-1.1950
985.191,7,-36.8058,1.6472,-1.1950
985.205,7,-36.7951,1.6490,-1.1947
985.221,7,-36.7842,1.6506,-1.1946
985.235,7,-36.7625,1.6537,-1.1944
985.250,7,-36.7520,1.6547,-1.1943
985.264,7,-36.7417,1.6554,-1.1942
985.279,7,-36.7209,1.6567,-1.1940
985.293,7,-36.7105,1.6565,-1.1938
985.308,7,-36.7001,1.6559,-1.1937
985.323,7,-36.6897,1.6549,-1.1935
985.338,7,-36.6687,1.6530,-1.1933
985.352,7,-36.6582,1.6511,-1.1931
985.367,7,-36.6372,1.6482,-1.1929
985.381,7,-36.6267,1.6456,-1.1928
985.400,7,-36.6160,1.6425,-1.1925
985.414,7,-36.5948,1.6375,-1.1921
985.428,7,-36.5838,1.6342,-1.1917
985.442,7,-36.5729,1.6312,-1.1912
985.456,7,-36.5511,1.6259,-1.1903
985.470,7,-36.5403,1.6233,-1.1895
985.484,7,-36.5293,1.6211,-1.1887
985.498,7,-36.5184,1.6195,-1.1880
985.512,7,-36.4966,1.6164,-1.1864
985.526,7,-36.4854,1.6161,-1.1854
985.539,7,-36.4745,1.6160,-1.1842
985.553,7,-36.4637,1.6154,-1.1831
985.568,7,-36.4419,1.6146,-1.1808
985.581,7,-36.4310,1.6162,-1.1797
985.595,7,-36.4201,1.6188,-1.1785
985.609,7,-36.4097,1.6214,-1.1773
985.624,7,-36.3883,1.6252,-1.1750
985.641,7,-36.3780,1.6290,-1.1742
985.658,7,-36.3569,1.6335,-1.1723
985.672,7,-36.3467,1.6355,-1.1715
985.686,7,-36.3366,1.6375,-1.1708
985.701,7,-36.3161,1.6416,-1.1694
985.715,7,-36.3062,1.6435,-1.1690
985.729,7,-36.2966,1.6454,-1.1686
985.742,7,-36.2870,1.6474,-1.1682
985.758,7,-36.2674,1.6513,-1.1673
985.772,7,-36.2579,1.6530,-1.1669
985.787,7,-36.2485,1.6543,-1.1666
985.802,7,-36.2297,1.6570,-1.1659
985.816,7,-36.2206,1.6578,-1.1657
985.831,7,-36.2116,1.6584,-1.1654
985.845,7,-36.1932,1.6601,-1.1648
985.859,7,-36.1841,1.6603,-1.1645
985.874,7,-36.1751,1.6602,-1.1643
985.889,7,-36.1569,1.6600,-1.1638
985.904,7,-36.1478,1.6591,-1.1637
985.922,7,-36.1388,1.6576,-1.1635
985.937,7,-36.1207,1.6556,-1.1631
985.952,7,-36.1117,1.6535,-1.1629
985.965,7,-36.0938,1.6498,-1.1626
985.980,7,-36.0848,1.6470,-1.1625
985.995,7,-36.0757,1.6445,-1.1625
986.010,7,-36.0665,1.6425,-1.1625
986.026,7,-36.0481,1.6390,-1.1624
986.041,7,-36.0387,1.6373,-1.1626
986.056,7,-36.0202,1.6336,-1.1629
986.071,7,-36.0108,1.6323,-1.1633
986.088,7,-36.0013,1.6318,-1.1638
986.103,7,-35.9825,1.6302,-1.1645
986.116,7,-35.9731,1.6297,-1.1649
986.131,7,-35.9638,1.6288,-1.1654
986.146,7,-35.9452,1.6279,-1.1663
986.161,7,-35.9360,1.6295,-1.1667
986.175,7,-35.9270,1.6311,-1.1671
986.190,7,-35.9090,1.6323,-1.1679
986.204,7,-35.9003,1.6337,-1.1683
986.219,7,-35.8916,1.6361,-1.1687
986.235,7,-35.8737,1.6400,-1.1692
986.250,7,-35.8647,1.6425,-1.1692
986.268,7,-35.8470,1.6464,-1.1692
986.287,7,-35.8291,1.6497,-1.1689
986.301,7,-35.8202,1.6514,-1.1684
986.319,7,-35.8116,1.6529,-1.1679
986.334,7,-35.7946,1.6561,-1.1670
986.350,7,-35.7864,1.6575,-1.1665
986.365,7,-35.7699,1.6600,-1.1657
986.380,7,-35.7620,1.6605,-1.1648
986.394,7,-35.7544,1.6613,-1.1641
986.408,7,-35.7468,1.6619,-1.1634
986.427,7,-35.7313,1.6630,-1.1618
986.445,7,-35.7159,1.6636,-1.1603
986.458,7,-35.7086,1.6634,-1.1592
986.473,7,-35.7018,1.6631,-1.1573
986.487,7,-35.6947,1.6628,-1.1562
986.502,7,-35.6802,1.6623,-1.1540
986.515,7,-35.6732,1.6613,-1.1529
986.529,7,-35.6663,1.6605,-1.1519
986.543,7,-35.6593,1.6594,-1.1506
986.556,7,-35.6454,1.6578,-1.1479
986.570,7,-35.6385,1.6570,-1.1464
986.586,7,-35.6319,1.6561,-1.1450
986.600,7,-35.6182,1.6538,-1.1422
986.614,7,-35.6115,1.6520,-1.1405
986.628,7,-35.6048,1.6501,-1.1388
986.641,7,-35.5983,1.6484,-1.1370
986.655,7,-35.5849,1.6451,-1.1335
986.668,7,-35.5783,1.6432,-1.1316
986.683,7,-35.5719,1.6415,-1.1296
986.696,7,-35.5654,1.6399,-1.1275
986.711,7,-35.5522,1.6370,-1.1234
986.725,7,-35.5457,1.6357,-1.1211
986.738,7,-35.5394,1.6346,-1.1188
986.751,7,-35.5330,1.6337,-1.1165
986.766,7,-35.5266,1.6337,-1.1141
986.779,7,-35.5137,1.6332,-1.1093
986.794,7,-35.5076,1.6340,-1.1070
986.807,7,-35.5014,1.6351,-1.1045
986.822,7,-35.4887,1.6371,-1.0997
986.835,7,-35.4825,1.6392,-1.0974
986.848,7,-35.4764,1.6406,-1.0951
986.863,7,-35.4705,1.6423,-1.0929
986.878,7,-35.4586,1.6448,-1.0883
986.895,7,-35.4529,1.6459,-1.0861
986.912,7,-35.4414,1.6477,-1.0820
986.926,7,-35.4360,1.6483,-1.0801
986.941,7,-35.4309,1.6489,-1.0787
986.955,7,-35.4201,1.6504,-1.0752
986.969,7,-35.4151,1.6509,-1.0737
986.984,7,-35.4102,1.6515,-1.0722
986.998,7,-35.4055,1.6522,-1.0707
987.014,7,-35.3960,1.6537,-1.0680
987.028,7,-35.3918,1.6544,-1.0669
987.043,7,-35.3831,1.6556,-1.0649
987.056,7,-35.3793,1.6560,-1.0640
987.071,7,-35.3756,1.6564,-1.0634
987.086,7,-35.3720,1.6568,-1.0626
987.101,7,-35.3645,1.6576,-1.0611
987.114,7,-35.3613,1.6580,-1.0605
987.130,7,-35.3582,1.6583,-1.0603
987.144,7,-35.3517,1.6590,-1.0592
987.158,7,-35.3488,1.6593,-1.0588
987.173,7,-35.3460,1.6597,-1.0585
987.189,7,-35.3403,1.6606,-1.0578
987.204,7,-35.3376,1.6609,-1.0576
987.219,7,-35.3352,1.6611,-1.0575
987.234,7,-35.3301,1.6616,-1.0572
987.249,7,-35.3279,1.6618,-1.0571
987.264,7,-35.3232,1.6620,-1.0570
987.277,7,-35.3212,1.6619,-1.0571
987.296,7,-35.3196,1.6615,-1.0572
987.311,7,-35.3157,1.6612,-1.0571
987.325,7,-35.3143,1.6607,-1.0574
987.339,7,-35.3128,1.6603,-1.0575
987.353,7,-35.3097,1.6606,-1.0578
987.368,7,-35.3083,1.6619,-1.0581
987.383,7,-35.3070,1.6629,-1.0584
987.398,7,-35.3057,1.6631,-1.0587
987.413,7,-35.3030,1.6635,-1.0598
987.427,7,-35.3019,1.6636,-1.0601
987.442,7,-35.2995,1.6640,-1.0607
987.457,7,-35.2986,1.6640,-1.0608
987.471,7,-35.2977,1.6638,-1.0611
987.485,7,-35.2970,1.6637,-1.0618
987.501,7,-35.2953,1.6634,-1.0625
987.514,7,-35.2946,1.6632,-1.0628
987.532,7,-35.2941,1.6630,-1.0634
987.548,7,-35.2928,1.6627,-1.0639
987.563,7,-35.2916,1.6623,-1.0645
987.577,7,-35.2914,1.6620,-1.0648
987.591,7,-35.2912,1.6618,-1.0650
987.605,7,-35.2910,1.6617,-1.0651
987.619,7,-35.2909,1.6615,-1.0653
987.633,7,-35.2905,1.6613,-1.0663
987.647,7,-35.2906,1.6613,-1.0665
987.661,7,-35.2906,1.6612,-1.0666
987.677,7,-35.2905,1.6612,-1.0669
987.694,7,-35.2907,1.6613,-1.0667
987.710,7,-35.2908,1.6613,-1.0669
987.723,7,-35.2910,1.6614,-1.0671
987.736,7,-35.2912,1.6615,-1.0672
987.750,7,-35.2915,1.6616,-1.0676
987.764,7,-35.2920,1.6617,-1.0680
987.778,7,-35.2924,1.6618,-1.0681
987.792,7,-35.2928,1.6619,-1.0682
987.806,7,-35.2933,1.6620,-1.0682
987.820,7,-35.2940,1.6623,-1.0682
987.834,7,-35.2944,1.6626,-1.0680
987.851,7,-35.2948,1.6630,-1.0679
987.867,7,-35.2954,1.6636,-1.0680
987.880,7,-35.2956,1.6639,-1.0675
987.894,7,-35.2959,1.6642,-1.0676
987.908,7,-35.2964,1.6645,-1.0675
987.921,7,-35.2968,1.6646,-1.0672
987.936,7,-35.2971,1.6645,-1.0672
987.949,7,-35.2974,1.6647,-1.0672
987.962,7,-35.2977,1.6648,-1.0671

# --- Trial 8 start ---
998.090,8,-39.5948,1.6346,-1.3037
998.169,8,-39.5931,1.6336,-1.3027
998.198,8,-39.5919,1.6350,-1.3014
998.221,8,-39.5912,1.6357,-1.3007
998.235,8,-39.5907,1.6359,-1.3002
998.249,8,-39.5902,1.6360,-1.2996
998.269,8,-39.5897,1.6361,-1.2982
998.283,8,-39.5891,1.6363,-1.2965
998.296,8,-39.5889,1.6362,-1.2955
998.316,8,-39.5887,1.6359,-1.2945
998.330,8,-39.5881,1.6358,-1.2925
998.348,8,-39.5879,1.6357,-1.2912
998.365,8,-39.5874,1.6358,-1.2889
998.379,8,-39.5873,1.6358,-1.2873
998.394,8,-39.5869,1.6357,-1.2845
998.409,8,-39.5866,1.6356,-1.2829
998.423,8,-39.5864,1.6356,-1.2812
998.438,8,-39.5860,1.6355,-1.2782
998.452,8,-39.5858,1.6354,-1.2765
998.467,8,-39.5853,1.6354,-1.2748
998.482,8,-39.5847,1.6353,-1.2714
998.500,8,-39.5844,1.6354,-1.2696
998.517,8,-39.5837,1.6354,-1.2661
998.531,8,-39.5834,1.6354,-1.2643
998.546,8,-39.5832,1.6354,-1.2624
998.561,8,-39.5826,1.6354,-1.2588
998.575,8,-39.5823,1.6355,-1.2570
998.590,8,-39.5819,1.6354,-1.2551
998.605,8,-39.5812,1.6352,-1.2515
998.619,8,-39.5810,1.6349,-1.2497
998.634,8,-39.5807,1.6344,-1.2479
998.648,8,-39.5799,1.6333,-1.2445
998.663,8,-39.5794,1.6324,-1.2429
998.679,8,-39.5789,1.6318,-1.2415
998.694,8,-39.5780,1.6312,-1.2387
998.708,8,-39.5774,1.6317,-1.2377
998.723,8,-39.5768,1.6321,-1.2368
998.738,8,-39.5762,1.6323,-1.2359
998.752,8,-39.5752,1.6322,-1.2340
998.767,8,-39.5747,1.6323,-1.2335
998.782,8,-39.5736,1.6326,-1.2322
998.797,8,-39.5732,1.6330,-1.2318
998.816,8,-39.5726,1.6334,-1.2316
998.833,8,-39.5712,1.6338,-1.2310
998.847,8,-39.5697,1.6340,-1.2306
998.861,8,-39.5688,1.6341,-1.2307
998.880,8,-39.5678,1.6341,-1.2309
998.895,8,-39.5661,1.6342,-1.2310
998.908,8,-39.5653,1.6340,-1.2313
998.923,8,-39.5642,1.6339,-1.2316
998.937,8,-39.5624,1.6335,-1.2320
998.951,8,-39.5613,1.6330,-1.2325
998.966,8,-39.5602,1.6324,-1.2330
998.981,8,-39.5585,1.6315,-1.2339
998.996,8,-39.5576,1.6306,-1.2344
999.009,8,-39.5566,1.6296,-1.2352
999.023,8,-39.5557,1.6286,-1.2359
999.038,8,-39.5539,1.6268,-1.2373
999.052,8,-39.5529,1.6257,-1.2382
999.067,8,-39.5519,1.6246,-1.2392
999.083,8,-39.5498,1.6223,-1.2410
999.096,8,-39.5490,1.6205,-1.2420
999.111,8,-39.5483,1.6189,-1.2430
999.126,8,-39.5464,1.6158,-1.2452
999.142,8,-39.5456,1.6142,-1.2464
999.157,8,-39.5446,1.6126,-1.2478
999.173,8,-39.5426,1.6089,-1.2505
999.189,8,-39.5416,1.6059,-1.2520
999.203,8,-39.5401,1.6001,-1.2547
999.219,8,-39.5402,1.5978,-1.2560
999.234,8,-39.5388,1.6007,-1.2573
999.249,8,-39.5366,1.6024,-1.2601
999.266,8,-39.5353,1.6020,-1.2610
999.280,8,-39.5347,1.6016,-1.2621
999.296,8,-39.5330,1.6038,-1.2642
999.311,8,-39.5320,1.6078,-1.2647
999.327,8,-39.5308,1.6123,-1.2658
999.342,8,-39.5305,1.6142,-1.2657
999.357,8,-39.5301,1.6166,-1.2661
999.374,8,-39.5289,1.6209,-1.2662
999.391,8,-39.5281,1.6234,-1.2659
999.406,8,-39.5265,1.6280,-1.2653
999.422,8,-39.5256,1.6300,-1.2652
999.437,8,-39.5238,1.6333,-1.2647
999.452,8,-39.5229,1.6331,-1.2637
999.472,8,-39.5220,1.6326,-1.2625
999.487,8,-39.5204,1.6334,-1.2608
999.503,8,-39.5195,1.6332,-1.2600
999.519,8,-39.5178,1.6332,-1.2580
999.534,8,-39.5166,1.6323,-1.2567
999.549,8,-39.5147,1.6319,-1.2546
999.565,8,-39.5133,1.6318,-1.2531
999.579,8,-39.5121,1.6319,-1.2520
999.599,8,-39.5093,1.6315,-1.2492
999.617,8,-39.5060,1.6310,-1.2462
999.631,8,-39.5044,1.6308,-1.2448
999.646,8,-39.5025,1.6307,-1.2431
999.663,8,-39.4995,1.6307,-1.2402
999.678,8,-39.4975,1.6305,-1.2385
999.695,8,-39.4955,1.6299,-1.2369
999.709,8,-39.4917,1.6292,-1.2338
999.725,8,-39.4895,1.6288,-1.2323
999.741,8,-39.4855,1.6282,-1.2293
999.757,8,-39.4834,1.6275,-1.2276
999.773,8,-39.4790,1.6265,-1.2246
999.788,8,-39.4765,1.6262,-1.2234
999.804,8,-39.4719,1.6255,-1.2209
999.819,8,-39.4695,1.6252,-1.2199
999.834,8,-39.4669,1.6247,-1.2190
999.849,8,-39.4618,1.6236,-1.2165
999.864,8,-39.4589,1.6237,-1.2155
999.879,8,-39.4560,1.6241,-1.2148
999.895,8,-39.4503,1.6244,-1.2130
999.912,8,-39.4472,1.6242,-1.2123
999.927,8,-39.4412,1.6237,-1.2111
999.943,8,-39.4379,1.6234,-1.2105
999.960,8,-39.4310,1.6232,-1.2097
999.974,8,-39.4277,1.6230,-1.2092
999.990,8,-39.4240,1.6221,-1.2087
1000.004,8,-39.4170,1.6209,-1.2081
1000.020,8,-39.4134,1.6201,-1.2078
1000.036,8,-39.4059,1.6189,-1.2074
1000.050,8,-39.4017,1.6181,-1.2072
1000.065,8,-39.3970,1.6168,-1.2074
1000.082,8,-39.3880,1.6145,-1.2073
1000.098,8,-39.3829,1.6136,-1.2073
1000.114,8,-39.3726,1.6120,-1.2078
1000.130,8,-39.3664,1.6110,-1.2082
1000.146,8,-39.3603,1.6096,-1.2086
1000.162,8,-39.3488,1.6075,-1.2093
1000.177,8,-39.3424,1.6065,-1.2099
1000.193,8,-39.3300,1.6048,-1.2111
1000.208,8,-39.3230,1.6040,-1.2120
1000.232,8,-39.3092,1.6025,-1.2138
1000.250,8,-39.2952,1.6013,-1.2158
1000.265,8,-39.2879,1.6013,-1.2169
1000.280,8,-39.2804,1.6018,-1.2183
1000.294,8,-39.2655,1.6024,-1.2205
1000.308,8,-39.2574,1.6038,-1.2218
1000.323,8,-39.2491,1.6058,-1.2231
1000.338,8,-39.2328,1.6093,-1.2253
1000.353,8,-39.2246,1.6119,-1.2265
1000.368,8,-39.2085,1.6160,-1.2287
1000.384,8,-39.2003,1.6180,-1.2297
1000.402,8,-39.1927,1.6198,-1.2305
1000.418,8,-39.1769,1.6226,-1.2324
1000.432,8,-39.1689,1.6235,-1.2334
1000.447,8,-39.1533,1.6256,-1.2350
1000.461,8,-39.1454,1.6266,-1.2355
1000.477,8,-39.1375,1.6279,-1.2359
1000.492,8,-39.1216,1.6308,-1.2368
1000.508,8,-39.1133,1.6320,-1.2372
1000.523,8,-39.1052,1.6324,-1.2375
1000.538,8,-39.0891,1.6335,-1.2384
1000.553,8,-39.0811,1.6333,-1.2387
1000.568,8,-39.0730,1.6332,-1.2389
1000.583,8,-39.0568,1.6332,-1.2397
1000.597,8,-39.0483,1.6324,-1.2401
1000.612,8,-39.0400,1.6312,-1.2403
1000.626,8,-39.0235,1.6295,-1.2410
1000.640,8,-39.0151,1.6276,-1.2410
1000.654,8,-39.0061,1.6260,-1.2412
1000.669,8,-38.9971,1.6245,-1.2414
1000.683,8,-38.9790,1.6214,-1.2418
1000.697,8,-38.9697,1.6194,-1.2418
1000.711,8,-38.9605,1.6168,-1.2417
1000.726,8,-38.9419,1.6127,-1.2417
1000.741,8,-38.9318,1.6101,-1.2414
1000.756,8,-38.9216,1.6078,-1.2412
1000.770,8,-38.9020,1.6034,-1.2406
1000.784,8,-38.8917,1.6010,-1.2401
1000.798,8,-38.8816,1.5988,-1.2394
1000.813,8,-38.8715,1.5971,-1.2388
1000.827,8,-38.8516,1.5930,-1.2380
1000.841,8,-38.8403,1.5937,-1.2369
1000.855,8,-38.8299,1.5936,-1.2359
1000.870,8,-38.8090,1.5930,-1.2343
1000.885,8,-38.7978,1.5945,-1.2335
1000.899,8,-38.7867,1.5970,-1.2326
1000.914,8,-38.7647,1.6006,-1.2312
1000.928,8,-38.7535,1.6040,-1.2303
1000.942,8,-38.7423,1.6072,-1.2296
1000.957,8,-38.7312,1.6100,-1.2290
1000.972,8,-38.7200,1.6122,-1.2285
1000.988,8,-38.6978,1.6160,-1.2275
1001.003,8,-38.6758,1.6193,-1.2269
1001.018,8,-38.6649,1.6209,-1.2267
1001.033,8,-38.6540,1.6225,-1.2265
1001.049,8,-38.6317,1.6259,-1.2263
1001.064,8,-38.6208,1.6278,-1.2264
1001.079,8,-38.6100,1.6295,-1.2267
1001.095,8,-38.5884,1.6324,-1.2269
1001.111,8,-38.5777,1.6330,-1.2273
1001.127,8,-38.5564,1.6349,-1.2278
1001.141,8,-38.5458,1.6354,-1.2283
1001.156,8,-38.5349,1.6358,-1.2287
1001.172,8,-38.5137,1.6364,-1.2293
1001.186,8,-38.5033,1.6356,-1.2297
1001.202,8,-38.4825,1.6337,-1.2308
1001.217,8,-38.4719,1.6318,-1.2315
1001.236,8,-38.4610,1.6296,-1.2322
1001.252,8,-38.4396,1.6263,-1.2332
1001.266,8,-38.4284,1.6241,-1.2339
1001.282,8,-38.4068,1.6199,-1.2351
1001.296,8,-38.3956,1.6170,-1.2360
1001.311,8,-38.3843,1.6143,-1.2370
1001.331,8,-38.3615,1.6100,-1.2387
1001.348,8,-38.3383,1.6058,-1.2406
1001.362,8,-38.3267,1.6040,-1.2417
1001.377,8,-38.3151,1.6025,-1.2429
1001.393,8,-38.2916,1.5997,-1.2450
1001.408,8,-38.2796,1.5996,-1.2463
1001.423,8,-38.2678,1.5997,-1.2475
1001.438,8,-38.2446,1.5991,-1.2498
1001.453,8,-38.2324,1.6012,-1.2512
1001.467,8,-38.2204,1.6039,-1.2525
1001.486,8,-38.1967,1.6085,-1.2549
1001.504,8,-38.1733,1.6130,-1.2568
1001.520,8,-38.1620,1.6160,-1.2577
1001.536,8,-38.1506,1.6186,-1.2586
1001.551,8,-38.1276,1.6229,-1.2602
1001.565,8,-38.1162,1.6250,-1.2607
1001.579,8,-38.1048,1.6275,-1.2612
1001.594,8,-38.0828,1.6323,-1.2621
1001.608,8,-38.0718,1.6350,-1.2623
1001.623,8,-38.0610,1.6373,-1.2627
1001.637,8,-38.0391,1.6417,-1.2632
1001.651,8,-38.0284,1.6431,-1.2631
1001.667,8,-38.0179,1.6440,-1.2630
1001.680,8,-37.9967,1.6464,-1.2630
1001.696,8,-37.9861,1.6467,-1.2629
1001.714,8,-37.9756,1.6466,-1.2626
1001.729,8,-37.9546,1.6467,-1.2623
1001.743,8,-37.9443,1.6454,-1.2619
1001.758,8,-37.9338,1.6435,-1.2616
1001.772,8,-37.9126,1.6410,-1.2612
1001.786,8,-37.9019,1.6387,-1.2609
1001.805,8,-37.8803,1.6340,-1.2602
1001.822,8,-37.8694,1.6303,-1.2597
1001.836,8,-37.8475,1.6246,-1.2589
1001.850,8,-37.8364,1.6213,-1.2583
1001.867,8,-37.8248,1.6183,-1.2575
1001.882,8,-37.8022,1.6133,-1.2562
1001.895,8,-37.7907,1.6113,-1.2553
1001.909,8,-37.7793,1.6097,-1.2543
1001.923,8,-37.7678,1.6083,-1.2534
1001.938,8,-37.7446,1.6058,-1.2516
1001.955,8,-37.7327,1.6062,-1.2504
1001.971,8,-37.7092,1.6061,-1.2482
1001.985,8,-37.6975,1.6066,-1.2469
1001.999,8,-37.6859,1.6074,-1.2457
1002.013,8,-37.6742,1.6094,-1.2446
1002.027,8,-37.6506,1.6125,-1.2423
1002.041,8,-37.6387,1.6147,-1.2413
1002.056,8,-37.6269,1.6174,-1.2404
1002.071,8,-37.6030,1.6227,-1.2386
1002.086,8,-37.5908,1.6252,-1.2377
1002.102,8,-37.5789,1.6269,-1.2369
1002.118,8,-37.5554,1.6306,-1.2352
1002.133,8,-37.5440,1.6324,-1.2346
1002.148,8,-37.5210,1.6365,-1.2334
1002.162,8,-37.5096,1.6386,-1.2330
1002.179,8,-37.4983,1.6406,-1.2327
1002.195,8,-37.4758,1.6442,-1.2319
1002.209,8,-37.4647,1.6457,-1.2316
1002.224,8,-37.4534,1.6470,-1.2312
1002.240,8,-37.4312,1.6494,-1.2304
1002.257,8,-37.4201,1.6499,-1.2301
1002.272,8,-37.3982,1.6513,-1.2293
1002.286,8,-37.3873,1.6508,-1.2290
1002.301,8,-37.3764,1.6501,-1.2286
1002.317,8,-37.3545,1.6486,-1.2278
1002.332,8,-37.3432,1.6470,-1.2275
1002.348,8,-37.3209,1.6441,-1.2267
1002.363,8,-37.3097,1.6414,-1.2264
1002.382,8,-37.2985,1.6381,-1.2259
1002.396,8,-37.2758,1.6331,-1.2252
1002.411,8,-37.2639,1.6302,-1.2249
1002.427,8,-37.2405,1.6255,-1.2243
1002.440,8,-37.2283,1.6232,-1.2242
1002.455,8,-37.2164,1.6209,-1.2242
1002.470,8,-37.1927,1.6163,-1.2241
1002.484,8,-37.1809,1.6142,-1.2243
1002.499,8,-37.1690,1.6127,-1.2245
1002.513,8,-37.1574,1.6123,-1.2247
1002.528,8,-37.1335,1.6106,-1.2250
1002.543,8,-37.1215,1.6106,-1.2251
1002.557,8,-37.1098,1.6120,-1.2254
1002.572,8,-37.0858,1.6141,-1.2257
1002.587,8,-37.0738,1.6170,-1.2256
1002.602,8,-37.0618,1.6198,-1.2256
1002.617,8,-37.0381,1.6243,-1.2256
1002.632,8,-37.0263,1.6268,-1.2256
1002.647,8,-37.0030,1.6305,-1.2253
1002.662,8,-36.9920,1.6324,-1.2249
1002.679,8,-36.9809,1.6346,-1.2245
1002.695,8,-36.9584,1.6387,-1.2239
1002.710,8,-36.9474,1.6412,-1.2233
1002.725,8,-36.9253,1.6458,-1.2225
1002.739,8,-36.9145,1.6481,-1.2220
1002.754,8,-36.9037,1.6499,-1.2214
1002.768,8,-36.8930,1.6513,-1.2208
1002.782,8,-36.8716,1.6543,-1.2198
1002.796,8,-36.8611,1.6550,-1.2193
1002.811,8,-36.8508,1.6555,-1.2187
1002.826,8,-36.8299,1.6563,-1.2175
1002.840,8,-36.8194,1.6555,-1.2169
1002.855,8,-36.8091,1.6544,-1.2163
1002.869,8,-36.7884,1.6527,-1.2150
1002.883,8,-36.7778,1.6505,-1.2143
1002.901,8,-36.7674,1.6483,-1.2136
1002.917,8,-36.7462,1.6446,-1.2122
1002.932,8,-36.7353,1.6420,-1.2115
1002.946,8,-36.7138,1.6375,-1.2101
1002.960,8,-36.7031,1.6349,-1.2091
1002.973,8,-36.6923,1.6323,-1.2081
1002.988,8,-36.6814,1.6299,-1.2069
1003.002,8,-36.6595,1.6254,-1.2045
1003.016,8,-36.6483,1.6234,-1.2032
1003.029,8,-36.6372,1.6222,-1.2017
1003.044,8,-36.6265,1.6211,-1.2003
1003.057,8,-36.6047,1.6189,-1.1975
1003.072,8,-36.5937,1.6184,-1.1958
1003.086,8,-36.5827,1.6178,-1.1942
1003.101,8,-36.5721,1.6175,-1.1925
1003.118,8,-36.5503,1.6180,-1.1892
1003.132,8,-36.5394,1.6206,-1.1875
1003.147,8,-36.5177,1.6234,-1.1843
1003.161,8,-36.5068,1.6261,-1.1829
1003.176,8,-36.4960,1.6291,-1.1816
1003.190,8,-36.4853,1.6316,-1.1803
1003.205,8,-36.4635,1.6352,-1.1775
1003.221,8,-36.4529,1.6368,-1.1764
1003.236,8,-36.4317,1.6404,-1.1742
1003.251,8,-36.4214,1.6424,-1.1736
1003.266,8,-36.4115,1.6443,-1.1728
1003.280,8,-36.3912,1.6481,-1.1711
1003.295,8,-36.3817,1.6500,-1.1707
1003.309,8,-36.3721,1.6515,-1.1703
1003.324,8,-36.3627,1.6526,-1.1699
1003.339,8,-36.3436,1.6551,-1.1689
1003.354,8,-36.3344,1.6560,-1.1686
1003.371,8,-36.3159,1.6580,-1.1677
1003.385,8,-36.3067,1.6585,-1.1674
1003.400,8,-36.2977,1.6586,-1.1670
1003.415,8,-36.2794,1.6586,-1.1663
1003.429,8,-36.2701,1.6579,-1.1659
1003.444,8,-36.2610,1.6568,-1.1657
1003.459,8,-36.2427,1.6554,-1.1649
1003.475,8,-36.2337,1.6541,-1.1645
1003.490,8,-36.2155,1.6517,-1.1638
1003.505,8,-36.2065,1.6496,-1.1634
1003.524,8,-36.1973,1.6475,-1.1631
1003.540,8,-36.1789,1.6443,-1.1624
1003.555,8,-36.1693,1.6428,-1.1621
1003.569,8,-36.1505,1.6397,-1.1617
1003.584,8,-36.1410,1.6379,-1.1616
1003.599,8,-36.1316,1.6362,-1.1616
1003.613,8,-36.1128,1.6331,-1.1616
1003.627,8,-36.1034,1.6323,-1.1617
1003.642,8,-36.0940,1.6320,-1.1618
1003.657,8,-36.0847,1.6314,-1.1621
1003.673,8,-36.0662,1.6296,-1.1625
1003.688,8,-36.0570,1.6293,-1.1629
1003.703,8,-36.0384,1.6302,-1.1635
1003.716,8,-36.0293,1.6316,-1.1638
1003.731,8,-36.0202,1.6325,-1.1640
1003.747,8,-36.0019,1.6343,-1.1646
1003.761,8,-35.9930,1.6362,-1.1651
1003.776,8,-35.9842,1.6380,-1.1653
1003.789,8,-35.9756,1.6396,-1.1655
1003.805,8,-35.9582,1.6425,-1.1659
1003.819,8,-35.9496,1.6441,-1.1660
1003.833,8,-35.9414,1.6458,-1.1658
1003.848,8,-35.9246,1.6491,-1.1657
1003.862,8,-35.9164,1.6510,-1.1653
1003.877,8,-35.9084,1.6530,-1.1650
1003.891,8,-35.8922,1.6569,-1.1646
1003.905,8,-35.8842,1.6590,-1.1642
1003.919,8,-35.8766,1.6604,-1.1637
1003.933,8,-35.8689,1.6616,-1.1633
1003.948,8,-35.8534,1.6640,-1.1625
1003.961,8,-35.8457,1.6646,-1.1621
1003.975,8,-35.8381,1.6648,-1.1616
1003.989,8,-35.8306,1.6646,-1.1613
1004.004,8,-35.8155,1.6652,-1.1603
1004.019,8,-35.8081,1.6647,-1.1597
1004.034,8,-35.7933,1.6644,-1.1586
1004.048,8,-35.7860,1.6636,-1.1580
1004.066,8,-35.7788,1.6625,-1.1575
1004.080,8,-35.7641,1.6613,-1.1564
1004.094,8,-35.7568,1.6603,-1.1562
1004.109,8,-35.7496,1.6594,-1.1554
1004.124,8,-35.7352,1.6573,-1.1543
1004.138,8,-35.7283,1.6559,-1.1537
1004.152,8,-35.7213,1.6545,-1.1529
1004.166,8,-35.7143,1.6530,-1.1521
1004.184,8,-35.7001,1.6503,-1.1507
1004.200,8,-35.6932,1.6489,-1.1499
1004.213,8,-35.6791,1.6465,-1.1484
1004.227,8,-35.6722,1.6453,-1.1475
1004.242,8,-35.6652,1.6442,-1.1466
1004.256,8,-35.6512,1.6422,-1.1446
1004.270,8,-35.6442,1.6416,-1.1435
1004.292,8,-35.6373,1.6412,-1.1422
1004.307,8,-35.6234,1.6399,-1.1399
1004.322,8,-35.6166,1.6399,-1.1387
1004.340,8,-35.6031,1.6402,-1.1362
1004.355,8,-35.5965,1.6405,-1.1349
1004.371,8,-35.5835,1.6412,-1.1322
1004.386,8,-35.5769,1.6429,-1.1310
1004.401,8,-35.5706,1.6447,-1.1300
1004.416,8,-35.5579,1.6474,-1.1278
1004.431,8,-35.5518,1.6484,-1.1268
1004.445,8,-35.5394,1.6503,-1.1249
1004.460,8,-35.5334,1.6513,-1.1241
1004.475,8,-35.5276,1.6523,-1.1233
1004.489,8,-35.5220,1.6532,-1.1227
1004.505,8,-35.5105,1.6551,-1.1214
1004.521,8,-35.5052,1.6557,-1.1211
1004.536,8,-35.4943,1.6572,-1.1199
1004.550,8,-35.4892,1.6582,-1.1194
1004.564,8,-35.4845,1.6592,-1.1193
1004.579,8,-35.4749,1.6606,-1.1186
1004.593,8,-35.4705,1.6608,-1.1184
1004.607,8,-35.4664,1.6612,-1.1184
1004.622,8,-35.4623,1.6616,-1.1184
1004.636,8,-35.4540,1.6626,-1.1183
1004.651,8,-35.4503,1.6628,-1.1185
1004.666,8,-35.4426,1.6633,-1.1188
1004.681,8,-35.4393,1.6635,-1.1191
1004.698,8,-35.4362,1.6638,-1.1195
1004.714,8,-35.4295,1.6643,-1.1199
1004.728,8,-35.4265,1.6645,-1.1204
1004.743,8,-35.4236,1.6646,-1.1209
1004.758,8,-35.4175,1.6649,-1.1217
1004.772,8,-35.4148,1.6649,-1.1222
1004.787,8,-35.4124,1.6648,-1.1226
1004.802,8,-35.4070,1.6646,-1.1236
1004.817,8,-35.4048,1.6643,-1.1241
1004.832,8,-35.4027,1.6642,-1.1251
1004.848,8,-35.3983,1.6635,-1.1263
1004.861,8,-35.3965,1.6631,-1.1271
1004.876,8,-35.3945,1.6633,-1.1279
1004.891,8,-35.3906,1.6644,-1.1296
1004.906,8,-35.3888,1.6652,-1.1304
1004.920,8,-35.3873,1.6656,-1.1313
1004.935,8,-35.3840,1.6661,-1.1332
1004.951,8,-35.3826,1.6662,-1.1341
1004.969,8,-35.3797,1.6662,-1.1355
1004.986,8,-35.3783,1.6660,-1.1363
1005.000,8,-35.3770,1.6659,-1.1370
1005.014,8,-35.3742,1.6656,-1.1384
1005.028,8,-35.3730,1.6652,-1.1387
1005.042,8,-35.3719,1.6647,-1.1395
1005.056,8,-35.3697,1.6642,-1.1412
1005.069,8,-35.3687,1.6641,-1.1421
1005.086,8,-35.3679,1.6641,-1.1429
1005.100,8,-35.3661,1.6640,-1.1442
1005.114,8,-35.3654,1.6640,-1.1447
1005.128,8,-35.3646,1.6643,-1.1453
1005.143,8,-35.3638,1.6645,-1.1459
1005.158,8,-35.3621,1.6650,-1.1473
1005.171,8,-35.3613,1.6652,-1.1477
1005.184,8,-35.3604,1.6653,-1.1481
1005.198,8,-35.3598,1.6653,-1.1486
1005.212,8,-35.3583,1.6655,-1.1495
1005.226,8,-35.3577,1.6654,-1.1499
1005.240,8,-35.3572,1.6652,-1.1503
1005.253,8,-35.3567,1.6650,-1.1510
1005.268,8,-35.3556,1.6648,-1.1520
1005.281,8,-35.3551,1.6648,-1.1525
1005.296,8,-35.3547,1.6648,-1.1532
1005.310,8,-35.3543,1.6648,-1.1537
1005.324,8,-35.3535,1.6648,-1.1548
1005.337,8,-35.3532,1.6648,-1.1553
1005.350,8,-35.3529,1.6648,-1.1556
1005.365,8,-35.3526,1.6648,-1.1560
1005.380,8,-35.3519,1.6648,-1.1569
1005.395,8,-35.3516,1.6649,-1.1571
1005.409,8,-35.3513,1.6649,-1.1575
1005.424,8,-35.3508,1.6649,-1.1582
1005.443,8,-35.3507,1.6651,-1.1584
1005.460,8,-35.3503,1.6651,-1.1589
1005.475,8,-35.3501,1.6651,-1.1592
1005.490,8,-35.3501,1.6651,-1.1593
1005.507,8,-35.3501,1.6651,-1.1594
1005.521,8,-35.3502,1.6650,-1.1592
1005.537,8,-35.3502,1.6650,-1.1596
1005.550,8,-35.3503,1.6650,-1.1597
1005.564,8,-35.3504,1.6650,-1.1595
1005.579,8,-35.3506,1.6651,-1.1596
1005.599,8,-35.3507,1.6652,-1.1595
1005.617,8,-35.3510,1.6653,-1.1594
1005.631,8,-35.3512,1.6654,-1.1593
1005.647,8,-35.3515,1.6655,-1.1592
1005.663,8,-35.3517,1.6655,-1.1591

# --- Trial 9 start ---
1013.927,9,-39.5763,1.6363,-1.2328
1014.006,9,-39.5751,1.6353,-1.2326
1014.035,9,-39.5745,1.6343,-1.2321
1014.054,9,-39.5739,1.6346,-1.2316
1014.068,9,-39.5737,1.6350,-1.2312
1014.084,9,-39.5735,1.6351,-1.2306
1014.100,9,-39.5730,1.6351,-1.2297
1014.122,9,-39.5724,1.6351,-1.2285
1014.136,9,-39.5721,1.6350,-1.2279
1014.150,9,-39.5720,1.6348,-1.2271
1014.164,9,-39.5716,1.6344,-1.2256
1014.183,9,-39.5715,1.6341,-1.2247
1014.201,9,-39.5712,1.6338,-1.2231
1014.215,9,-39.5709,1.6339,-1.2222
1014.230,9,-39.5706,1.6340,-1.2212
1014.245,9,-39.5699,1.6342,-1.2194
1014.259,9,-39.5693,1.6345,-1.2182
1014.274,9,-39.5685,1.6348,-1.2161
1014.288,9,-39.5680,1.6350,-1.2148
1014.305,9,-39.5674,1.6352,-1.2136
1014.320,9,-39.5665,1.6355,-1.2112
1014.334,9,-39.5660,1.6355,-1.2098
1014.349,9,-39.5656,1.6356,-1.2084
1014.364,9,-39.5644,1.6357,-1.2056
1014.378,9,-39.5640,1.6357,-1.2040
1014.399,9,-39.5635,1.6356,-1.2021
1014.415,9,-39.5626,1.6356,-1.1987
1014.430,9,-39.5618,1.6355,-1.1953
1014.445,9,-39.5613,1.6355,-1.1934
1014.459,9,-39.5609,1.6355,-1.1915
1014.475,9,-39.5599,1.6354,-1.1878
1014.489,9,-39.5595,1.6353,-1.1858
1014.503,9,-39.5592,1.6352,-1.1837
1014.518,9,-39.5588,1.6352,-1.1818
1014.533,9,-39.5580,1.6352,-1.1781
1014.548,9,-39.5576,1.6351,-1.1763
1014.563,9,-39.5571,1.6347,-1.1747
1014.578,9,-39.5562,1.6338,-1.1713
1014.593,9,-39.5556,1.6330,-1.1699
1014.608,9,-39.5545,1.6317,-1.1669
1014.623,9,-39.5540,1.6312,-1.1658
1014.638,9,-39.5535,1.6312,-1.1648
1014.654,9,-39.5524,1.6309,-1.1627
1014.668,9,-39.5519,1.6308,-1.1621
1014.683,9,-39.5515,1.6307,-1.1614
1014.697,9,-39.5505,1.6302,-1.1601
1014.712,9,-39.5501,1.6302,-1.1599
1014.727,9,-39.5497,1.6301,-1.1598
1014.742,9,-39.5489,1.6298,-1.1591
1014.758,9,-39.5486,1.6296,-1.1590
1014.772,9,-39.5481,1.6293,-1.1591
1014.787,9,-39.5472,1.6290,-1.1590
1014.802,9,-39.5466,1.6288,-1.1593
1014.819,9,-39.5462,1.6285,-1.1595
1014.836,9,-39.5452,1.6280,-1.1598
1014.850,9,-39.5441,1.6275,-1.1602
1014.865,9,-39.5434,1.6273,-1.1605
1014.884,9,-39.5426,1.6270,-1.1610
1014.899,9,-39.5410,1.6262,-1.1617
1014.913,9,-39.5403,1.6252,-1.1622
1014.927,9,-39.5395,1.6241,-1.1626
1014.942,9,-39.5382,1.6221,-1.1633
1014.956,9,-39.5374,1.6208,-1.1638
1014.971,9,-39.5366,1.6193,-1.1643
1014.985,9,-39.5352,1.6164,-1.1653
1015.000,9,-39.5345,1.6142,-1.1659
1015.013,9,-39.5340,1.6117,-1.1665
1015.028,9,-39.5336,1.6090,-1.1671
1015.043,9,-39.5326,1.6049,-1.1684
1015.057,9,-39.5320,1.6034,-1.1691
1015.072,9,-39.5314,1.6017,-1.1699
1015.088,9,-39.5303,1.5969,-1.1714
1015.101,9,-39.5302,1.5933,-1.1722
1015.117,9,-39.5308,1.5893,-1.1729
1015.134,9,-39.5304,1.5907,-1.1741
1015.151,9,-39.5292,1.5959,-1.1748
1015.166,9,-39.5278,1.5975,-1.1757
1015.180,9,-39.5269,1.5976,-1.1762
1015.195,9,-39.5267,1.5991,-1.1767
1015.210,9,-39.5257,1.6041,-1.1773
1015.225,9,-39.5256,1.6082,-1.1771
1015.240,9,-39.5255,1.6127,-1.1766
1015.255,9,-39.5251,1.6152,-1.1765
1015.275,9,-39.5245,1.6179,-1.1763
1015.289,9,-39.5231,1.6223,-1.1754
1015.304,9,-39.5221,1.6244,-1.1747
1015.318,9,-39.5210,1.6289,-1.1741
1015.332,9,-39.5196,1.6304,-1.1728
1015.346,9,-39.5188,1.6315,-1.1722
1015.360,9,-39.5174,1.6319,-1.1711
1015.375,9,-39.5156,1.6333,-1.1692
1015.391,9,-39.5144,1.6335,-1.1680
1015.405,9,-39.5132,1.6336,-1.1670
1015.420,9,-39.5113,1.6349,-1.1649
1015.434,9,-39.5099,1.6343,-1.1636
1015.449,9,-39.5085,1.6342,-1.1623
1015.464,9,-39.5056,1.6340,-1.1600
1015.478,9,-39.5038,1.6344,-1.1590
1015.493,9,-39.5020,1.6345,-1.1577
1015.507,9,-39.4987,1.6343,-1.1553
1015.522,9,-39.4968,1.6339,-1.1537
1015.538,9,-39.4947,1.6335,-1.1527
1015.552,9,-39.4904,1.6334,-1.1505
1015.566,9,-39.4879,1.6329,-1.1493
1015.580,9,-39.4856,1.6321,-1.1480
1015.595,9,-39.4830,1.6313,-1.1468
1015.610,9,-39.4775,1.6310,-1.1450
1015.623,9,-39.4746,1.6311,-1.1442
1015.639,9,-39.4718,1.6313,-1.1437
1015.654,9,-39.4660,1.6306,-1.1422
1015.668,9,-39.4628,1.6304,-1.1420
1015.683,9,-39.4594,1.6303,-1.1414
1015.697,9,-39.4562,1.6306,-1.1413
1015.712,9,-39.4495,1.6312,-1.1407
1015.728,9,-39.4426,1.6308,-1.1404
1015.741,9,-39.4390,1.6303,-1.1403
1015.755,9,-39.4351,1.6295,-1.1402
1015.769,9,-39.4313,1.6291,-1.1402
1015.783,9,-39.4272,1.6287,-1.1403
1015.797,9,-39.4229,1.6284,-1.1404
1015.812,9,-39.4142,1.6270,-1.1404
1015.826,9,-39.4093,1.6259,-1.1406
1015.841,9,-39.4002,1.6238,-1.1407
1015.854,9,-39.3949,1.6227,-1.1412
1015.868,9,-39.3894,1.6217,-1.1412
1015.883,9,-39.3837,1.6205,-1.1417
1015.897,9,-39.3628,1.6159,-1.1427
1015.917,9,-39.3510,1.6128,-1.1434
1015.940,9,-39.3382,1.6103,-1.1449
1015.963,9,-39.3247,1.6076,-1.1466
1015.985,9,-39.3112,1.6043,-1.1484
1016.008,9,-39.2968,1.6025,-1.1505
1016.031,9,-39.2814,1.6017,-1.1533
1016.053,9,-39.2664,1.6004,-1.1559
1016.076,9,-39.2509,1.5994,-1.1589
1016.105,9,-39.2352,1.5987,-1.1622
1016.127,9,-39.2193,1.5996,-1.1656
1016.145,9,-39.2029,1.6026,-1.1686
1016.168,9,-39.1864,1.6056,-1.1717
1016.191,9,-39.1698,1.6101,-1.1747
1016.215,9,-39.1527,1.6147,-1.1779
1016.238,9,-39.1366,1.6179,-1.1804
1016.261,9,-39.1203,1.6209,-1.1828
1016.283,9,-39.1043,1.6234,-1.1843
1016.306,9,-39.0882,1.6262,-1.1856
1016.329,9,-39.0723,1.6295,-1.1866
1016.351,9,-39.0561,1.6319,-1.1874
1016.374,9,-39.0406,1.6331,-1.1878
1016.397,9,-39.0329,1.6332,-1.1878
1016.418,9,-39.0247,1.6332,-1.1880
1016.439,9,-39.0094,1.6328,-1.1882
1016.454,9,-38.9936,1.6317,-1.1884
1016.468,9,-38.9856,1.6307,-1.1885
1016.483,9,-38.9775,1.6293,-1.1884
1016.497,9,-38.9607,1.6273,-1.1886
1016.511,9,-38.9519,1.6257,-1.1885
1016.526,9,-38.9429,1.6238,-1.1882
1016.540,9,-38.9343,1.6218,-1.1877
1016.555,9,-38.9164,1.6179,-1.1872
1016.570,9,-38.9071,1.6153,-1.1868
1016.586,9,-38.8890,1.6104,-1.1858
1016.601,9,-38.8793,1.6076,-1.1850
1016.615,9,-38.8698,1.6050,-1.1841
1016.630,9,-38.8509,1.6007,-1.1826
1016.644,9,-38.8409,1.5987,-1.1816
1016.660,9,-38.8307,1.5970,-1.1805
1016.674,9,-38.8208,1.5959,-1.1792
1016.688,9,-38.8009,1.5933,-1.1772
1016.703,9,-38.7906,1.5932,-1.1757
1016.717,9,-38.7799,1.5935,-1.1744
1016.733,9,-38.7586,1.5934,-1.1719
1016.747,9,-38.7478,1.5946,-1.1705
1016.761,9,-38.7370,1.5974,-1.1689
1016.776,9,-38.7156,1.6014,-1.1660
1016.791,9,-38.7047,1.6053,-1.1647
1016.806,9,-38.6831,1.6111,-1.1621
1016.820,9,-38.6615,1.6180,-1.1598
1016.842,9,-38.6404,1.6239,-1.1576
1016.859,9,-38.6197,1.6275,-1.1555
1016.885,9,-38.5993,1.6288,-1.1547
1016.907,9,-38.5789,1.6308,-1.1537
1016.930,9,-38.5592,1.6331,-1.1527
1016.952,9,-38.5396,1.6356,-1.1519
1016.974,9,-38.5195,1.6366,-1.1515
1016.997,9,-38.5002,1.6379,-1.1510
1017.019,9,-38.4803,1.6388,-1.1504
1017.042,9,-38.4603,1.6389,-1.1499
1017.064,9,-38.4403,1.6372,-1.1494
1017.086,9,-38.4202,1.6343,-1.1489
1017.109,9,-38.3999,1.6305,-1.1486
1017.131,9,-38.3793,1.6258,-1.1483
1017.153,9,-38.3586,1.6202,-1.1478
1017.175,9,-38.3376,1.6138,-1.1475
1017.198,9,-38.3164,1.6080,-1.1476
1017.221,9,-38.2944,1.6035,-1.1479
1017.242,9,-38.2728,1.5991,-1.1484
1017.265,9,-38.2510,1.5954,-1.1492
1017.287,9,-38.2284,1.5939,-1.1506
1017.310,9,-38.2059,1.5932,-1.1522
1017.332,9,-38.1945,1.5965,-1.1534
1017.349,9,-38.1832,1.6004,-1.1544
1017.363,9,-38.1724,1.6030,-1.1551
1017.379,9,-38.1616,1.6062,-1.1557
1017.394,9,-38.1287,1.6128,-1.1572
1017.407,9,-38.1176,1.6163,-1.1576
1017.423,9,-38.1068,1.6190,-1.1577
1017.436,9,-38.0963,1.6216,-1.1579
1017.451,9,-38.0862,1.6239,-1.1581
1017.466,9,-38.0657,1.6288,-1.1586
1017.481,9,-38.0562,1.6313,-1.1584
1017.496,9,-38.0467,1.6336,-1.1584
1017.511,9,-38.0266,1.6381,-1.1587
1017.525,9,-38.0174,1.6394,-1.1588
1017.540,9,-37.9982,1.6419,-1.1589
1017.555,9,-37.9891,1.6423,-1.1588
1017.570,9,-37.9802,1.6427,-1.1587
1017.585,9,-37.9615,1.6443,-1.1586
1017.600,9,-37.9522,1.6446,-1.1584
1017.615,9,-37.9428,1.6446,-1.1582
1017.630,9,-37.9239,1.6449,-1.1577
1017.643,9,-37.9144,1.6442,-1.1572
1017.659,9,-37.9050,1.6432,-1.1569
1017.674,9,-37.8856,1.6419,-1.1563
1017.688,9,-37.8759,1.6403,-1.1559
1017.701,9,-37.8661,1.6384,-1.1554
1017.716,9,-37.8565,1.6361,-1.1549
1017.730,9,-37.8369,1.6322,-1.1539
1017.744,9,-37.8269,1.6295,-1.1532
1017.759,9,-37.8167,1.6266,-1.1525
1017.775,9,-37.7967,1.6218,-1.1511
1017.790,9,-37.7864,1.6190,-1.1500
1017.803,9,-37.7763,1.6166,-1.1490
1017.819,9,-37.7561,1.6129,-1.1471
1017.833,9,-37.7456,1.6118,-1.1461
1017.851,9,-37.7351,1.6114,-1.1448
1017.868,9,-37.7142,1.6097,-1.1426
1017.883,9,-37.7037,1.6096,-1.1411
1017.897,9,-37.6934,1.6095,-1.1398
1017.915,9,-37.6831,1.6107,-1.1383
1017.930,9,-37.6625,1.6130,-1.1357
1017.944,9,-37.6522,1.6156,-1.1343
1017.959,9,-37.6421,1.6182,-1.1330
1017.974,9,-37.6217,1.6225,-1.1306
1017.988,9,-37.6115,1.6253,-1.1295
1018.006,9,-37.6013,1.6271,-1.1285
1018.022,9,-37.5807,1.6300,-1.1265
1018.037,9,-37.5705,1.6313,-1.1258
1018.052,9,-37.5502,1.6346,-1.1242
1018.066,9,-37.5402,1.6362,-1.1234
1018.081,9,-37.5303,1.6379,-1.1229
1018.095,9,-37.5205,1.6395,-1.1222
1018.110,9,-37.5006,1.6425,-1.1209
1018.123,9,-37.4909,1.6436,-1.1204
1018.137,9,-37.4813,1.6446,-1.1198
1018.151,9,-37.4618,1.6468,-1.1185
1018.165,9,-37.4522,1.6474,-1.1178
1018.181,9,-37.4427,1.6475,-1.1172
1018.196,9,-37.4233,1.6483,-1.1156
1018.211,9,-37.4138,1.6475,-1.1150
1018.225,9,-37.4044,1.6464,-1.1144
1018.241,9,-37.3855,1.6449,-1.1132
1018.256,9,-37.3759,1.6434,-1.1125
1018.270,9,-37.3663,1.6417,-1.1119
1018.285,9,-37.3469,1.6385,-1.1106
1018.299,9,-37.3370,1.6363,-1.1100
1018.313,9,-37.3269,1.6336,-1.1094
1018.327,9,-37.3070,1.6292,-1.1083
1018.341,9,-37.2967,1.6267,-1.1078
1018.356,9,-37.2862,1.6247,-1.1074
1018.371,9,-37.2756,1.6231,-1.1072
1018.386,9,-37.2546,1.6195,-1.1066
1018.400,9,-37.2440,1.6179,-1.1065
1018.415,9,-37.2334,1.6167,-1.1064
1018.430,9,-37.2123,1.6150,-1.1062
1018.446,9,-37.2014,1.6153,-1.1063
1018.465,9,-37.1797,1.6147,-1.1067
1018.480,9,-37.1690,1.6145,-1.1071
1018.493,9,-37.1475,1.6155,-1.1074
1018.508,9,-37.1367,1.6187,-1.1076
1018.526,9,-37.1262,1.6204,-1.1076
1018.540,9,-37.1054,1.6224,-1.1075
1018.554,9,-37.0950,1.6242,-1.1077
1018.568,9,-37.0846,1.6260,-1.1077
1018.582,9,-37.0744,1.6279,-1.1075
1018.596,9,-37.0641,1.6299,-1.1072
1018.610,9,-37.0434,1.6334,-1.1068
1018.624,9,-37.0333,1.6354,-1.1064
1018.637,9,-37.0233,1.6375,-1.1058
1018.652,9,-37.0032,1.6419,-1.1048
1018.667,9,-36.9935,1.6445,-1.1042
1018.682,9,-36.9836,1.6467,-1.1036
1018.696,9,-36.9639,1.6506,-1.1025
1018.711,9,-36.9543,1.6518,-1.1018
1018.729,9,-36.9448,1.6525,-1.1012
1018.743,9,-36.9254,1.6546,-1.1000
1018.756,9,-36.9157,1.6549,-1.0992
1018.770,9,-36.9060,1.6547,-1.0986
1018.784,9,-36.8865,1.6547,-1.0972
1018.802,9,-36.8766,1.6529,-1.0962
1018.818,9,-36.8668,1.6516,-1.0953
1018.832,9,-36.8471,1.6494,-1.0937
1018.846,9,-36.8371,1.6475,-1.0928
1018.860,9,-36.8272,1.6451,-1.0917
1018.874,9,-36.8073,1.6412,-1.0898
1018.887,9,-36.7972,1.6384,-1.0886
1018.902,9,-36.7871,1.6356,-1.0874
1018.916,9,-36.7771,1.6332,-1.0861
1018.930,9,-36.7570,1.6286,-1.0836
1018.945,9,-36.7467,1.6265,-1.0821
1018.960,9,-36.7366,1.6246,-1.0805
1018.974,9,-36.7163,1.6210,-1.0776
1018.988,9,-36.7060,1.6198,-1.0759
1019.003,9,-36.6957,1.6190,-1.0742
1019.018,9,-36.6753,1.6172,-1.0708
1019.032,9,-36.6651,1.6166,-1.0689
1019.047,9,-36.6551,1.6168,-1.0671
1019.061,9,-36.6452,1.6180,-1.0653
1019.075,9,-36.6252,1.6197,-1.0618
1019.089,9,-36.6156,1.6215,-1.0600
1019.104,9,-36.6058,1.6234,-1.0582
1019.118,9,-36.5862,1.6265,-1.0547
1019.132,9,-36.5765,1.6285,-1.0531
1019.147,9,-36.5668,1.6302,-1.0516
1019.161,9,-36.5474,1.6336,-1.0485
1019.175,9,-36.5376,1.6358,-1.0474
1019.189,9,-36.5282,1.6379,-1.0462
1019.203,9,-36.5190,1.6397,-1.0451
1019.217,9,-36.5097,1.6414,-1.0440
1019.232,9,-36.4910,1.6452,-1.0418
1019.245,9,-36.4821,1.6471,-1.0410
1019.260,9,-36.4731,1.6488,-1.0402
1019.275,9,-36.4551,1.6517,-1.0384
1019.288,9,-36.4464,1.6528,-1.0377
1019.302,9,-36.4379,1.6536,-1.0371
1019.317,9,-36.4205,1.6556,-1.0357
1019.331,9,-36.4119,1.6560,-1.0350
1019.344,9,-36.4032,1.6561,-1.0345
1019.358,9,-36.3948,1.6559,-1.0339
1019.372,9,-36.3776,1.6557,-1.0327
1019.386,9,-36.3691,1.6545,-1.0323
1019.401,9,-36.3605,1.6535,-1.0318
1019.415,9,-36.3524,1.6524,-1.0313
1019.430,9,-36.3353,1.6505,-1.0303
1019.445,9,-36.3269,1.6486,-1.0298
1019.459,9,-36.3185,1.6467,-1.0294
1019.473,9,-36.3016,1.6434,-1.0284
1019.487,9,-36.2928,1.6412,-1.0282
1019.501,9,-36.2841,1.6395,-1.0280
1019.515,9,-36.2665,1.6366,-1.0274
1019.530,9,-36.2573,1.6352,-1.0274
1019.544,9,-36.2483,1.6336,-1.0274
1019.558,9,-36.2305,1.6308,-1.0273
1019.572,9,-36.2216,1.6302,-1.0276
1019.591,9,-36.2126,1.6301,-1.0279
1019.607,9,-36.1949,1.6286,-1.0283
1019.620,9,-36.1860,1.6279,-1.0287
1019.635,9,-36.1770,1.6279,-1.0292
1019.649,9,-36.1589,1.6289,-1.0301
1019.662,9,-36.1500,1.6302,-1.0306
1019.676,9,-36.1412,1.6313,-1.0310
1019.691,9,-36.1325,1.6327,-1.0315
1019.706,9,-36.1149,1.6353,-1.0325
1019.719,9,-36.1063,1.6374,-1.0329
1019.734,9,-36.0978,1.6392,-1.0333
1019.748,9,-36.0895,1.6409,-1.0336
1019.760,9,-36.0725,1.6440,-1.0343
1019.775,9,-36.0643,1.6455,-1.0344
1019.790,9,-36.0564,1.6468,-1.0343
1019.803,9,-36.0485,1.6482,-1.0341
1019.818,9,-36.0325,1.6508,-1.0340
1019.831,9,-36.0247,1.6521,-1.0337
1019.845,9,-36.0172,1.6534,-1.0333
1019.859,9,-36.0094,1.6548,-1.0329
1019.874,9,-35.9939,1.6574,-1.0322
1019.887,9,-35.9864,1.6582,-1.0318
1019.902,9,-35.9790,1.6587,-1.0313
1019.916,9,-35.9641,1.6598,-1.0305
1019.929,9,-35.9570,1.6598,-1.0301
1019.944,9,-35.9499,1.6599,-1.0296
1019.959,9,-35.9429,1.6598,-1.0291
1019.974,9,-35.9286,1.6600,-1.0279
1019.988,9,-35.9216,1.6595,-1.0274
1020.002,9,-35.9146,1.6591,-1.0267
1020.016,9,-35.9001,1.6585,-1.0255
1020.031,9,-35.8929,1.6578,-1.0247
1020.045,9,-35.8856,1.6569,-1.0240
1020.061,9,-35.8785,1.6558,-1.0233
1020.078,9,-35.8643,1.6539,-1.0218
1020.093,9,-35.8501,1.6517,-1.0201
1020.107,9,-35.8430,1.6503,-1.0192
1020.122,9,-35.8359,1.6487,-1.0182
1020.137,9,-35.8287,1.6471,-1.0172
1020.151,9,-35.8142,1.6441,-1.0153
1020.164,9,-35.8070,1.6425,-1.0141
1020.180,9,-35.8000,1.6412,-1.0129
1020.194,9,-35.7929,1.6401,-1.0117
1020.210,9,-35.7786,1.6379,-1.0093
1020.225,9,-35.7716,1.6370,-1.0079
1020.241,9,-35.7572,1.6350,-1.0053
1020.255,9,-35.7501,1.6338,-1.0037
1020.269,9,-35.7432,1.6328,-1.0021
1020.283,9,-35.7360,1.6324,-1.0006
1020.297,9,-35.7215,1.6325,-0.9976
1020.312,9,-35.7144,1.6337,-0.9962
1020.327,9,-35.7004,1.6347,-0.9933
1020.341,9,-35.6936,1.6365,-0.9921
1020.359,9,-35.6869,1.6395,-0.9909
1020.374,9,-35.6733,1.6433,-0.9884
1020.389,9,-35.6667,1.6453,-0.9871
1020.402,9,-35.6602,1.6470,-0.9860
1020.416,9,-35.6537,1.6484,-0.9851
1020.430,9,-35.6405,1.6512,-0.9829
1020.444,9,-35.6340,1.6523,-0.9820
1020.459,9,-35.6277,1.6532,-0.9815
1020.473,9,-35.6149,1.6554,-0.9798
1020.492,9,-35.6088,1.6560,-0.9793
1020.506,9,-35.5965,1.6576,-0.9778
1020.520,9,-35.5908,1.6582,-0.9773
1020.542,9,-35.5794,1.6595,-0.9766
1020.614,9,-35.5416,1.6624,-0.9754

# --- Trial 1 start ---
11.820,1,-39.5288,1.6387,-1.2522
11.960,1,-39.5290,1.6385,-1.2520
12.007,1,-39.5289,1.6385,-1.2520
12.028,1,-39.5288,1.6384,-1.2521
12.043,1,-39.5286,1.6385,-1.2521
12.057,1,-39.5286,1.6385,-1.2522
12.074,1,-39.5286,1.6384,-1.2522
12.088,1,-39.5285,1.6385,-1.2522
12.104,1,-39.5284,1.6385,-1.2523
12.119,1,-39.5283,1.6385,-1.2523
12.134,1,-39.5282,1.6385,-1.2524
12.149,1,-39.5281,1.6385,-1.2526
12.163,1,-39.5280,1.6385,-1.2527
12.177,1,-39.5279,1.6385,-1.2528
12.193,1,-39.5277,1.6385,-1.2530
12.207,1,-39.5275,1.6386,-1.2532
12.222,1,-39.5273,1.6387,-1.2533
12.238,1,-39.5271,1.6387,-1.2534
12.252,1,-39.5270,1.6387,-1.2535
12.268,1,-39.5269,1.6387,-1.2536
12.283,1,-39.5268,1.6387,-1.2537
12.300,1,-39.5265,1.6387,-1.2538
12.317,1,-39.5262,1.6387,-1.2540
12.332,1,-39.5260,1.6388,-1.2541
12.346,1,-39.5258,1.6388,-1.2542
12.361,1,-39.5257,1.6388,-1.2543
12.376,1,-39.5253,1.6387,-1.2545
12.390,1,-39.5252,1.6387,-1.2546
12.404,1,-39.5251,1.6387,-1.2547
12.420,1,-39.5248,1.6386,-1.2550
12.434,1,-39.5246,1.6385,-1.2552
12.449,1,-39.5245,1.6384,-1.2554
12.464,1,-39.5240,1.6384,-1.2557
12.478,1,-39.5238,1.6383,-1.2558
12.493,1,-39.5236,1.6383,-1.2560
12.507,1,-39.5232,1.6382,-1.2562
12.522,1,-39.5230,1.6381,-1.2564
12.537,1,-39.5228,1.6381,-1.2565
12.551,1,-39.5226,1.6381,-1.2566
12.567,1,-39.5220,1.6381,-1.2568
12.580,1,-39.5218,1.6381,-1.2569
12.594,1,-39.5215,1.6381,-1.2570
12.610,1,-39.5210,1.6381,-1.2571
12.625,1,-39.5208,1.6381,-1.2572
12.643,1,-39.5205,1.6381,-1.2572
12.659,1,-39.5199,1.6381,-1.2574
12.674,1,-39.5196,1.6380,-1.2574
12.689,1,-39.5190,1.6380,-1.2575
12.702,1,-39.5187,1.6379,-1.2575
12.717,1,-39.5184,1.6379,-1.2575
12.733,1,-39.5177,1.6378,-1.2577
12.748,1,-39.5174,1.6378,-1.2578
12.765,1,-39.5171,1.6377,-1.2577
12.783,1,-39.5163,1.6376,-1.2578
12.797,1,-39.5156,1.6376,-1.2577
12.812,1,-39.5152,1.6376,-1.2576
12.829,1,-39.5147,1.6376,-1.2575
12.843,1,-39.5138,1.6375,-1.2574
12.857,1,-39.5132,1.6374,-1.2572
12.871,1,-39.5127,1.6372,-1.2570
12.884,1,-39.5122,1.6370,-1.2567
12.899,1,-39.5118,1.6369,-1.2562
12.914,1,-39.5109,1.6366,-1.2554
12.928,1,-39.5104,1.6363,-1.2549
12.942,1,-39.5096,1.6358,-1.2538
12.956,1,-39.5092,1.6355,-1.2531
12.969,1,-39.5087,1.6352,-1.2524
12.983,1,-39.5082,1.6351,-1.2515
12.997,1,-39.5077,1.6349,-1.2506
13.011,1,-39.5067,1.6345,-1.2490
13.025,1,-39.5062,1.6343,-1.2481
13.039,1,-39.5056,1.6341,-1.2470
13.053,1,-39.5045,1.6337,-1.2449
13.067,1,-39.5040,1.6335,-1.2437
13.082,1,-39.5034,1.6332,-1.2426
13.096,1,-39.5024,1.6327,-1.2403
13.109,1,-39.5018,1.6325,-1.2391
13.123,1,-39.5012,1.6324,-1.2377
13.138,1,-39.5005,1.6322,-1.2364
13.152,1,-39.4993,1.6318,-1.2338
13.165,1,-39.4985,1.6316,-1.2325
13.179,1,-39.4979,1.6313,-1.2310
13.195,1,-39.4972,1.6311,-1.2295
13.209,1,-39.4959,1.6308,-1.2265
13.224,1,-39.4952,1.6307,-1.2250
13.238,1,-39.4946,1.6306,-1.2234
13.253,1,-39.4931,1.6305,-1.2205
13.267,1,-39.4923,1.6305,-1.2189
13.282,1,-39.4912,1.6305,-1.2174
13.296,1,-39.4903,1.6305,-1.2159
13.311,1,-39.4886,1.6306,-1.2129
13.326,1,-39.4877,1.6306,-1.2115
13.342,1,-39.4859,1.6303,-1.2087
13.357,1,-39.4850,1.6297,-1.2073
13.372,1,-39.4837,1.6291,-1.2061
13.390,1,-39.4816,1.6287,-1.2036
13.407,1,-39.4803,1.6293,-1.2026
13.422,1,-39.4779,1.6297,-1.2006
13.436,1,-39.4766,1.6300,-1.2000
13.451,1,-39.4754,1.6301,-1.1995
13.465,1,-39.4730,1.6303,-1.1983
13.479,1,-39.4717,1.6306,-1.1981
13.495,1,-39.4705,1.6312,-1.1979
13.509,1,-39.4694,1.6317,-1.1976
13.523,1,-39.4669,1.6323,-1.1972
13.537,1,-39.4657,1.6326,-1.1972
13.551,1,-39.4647,1.6327,-1.1971
13.566,1,-39.4623,1.6328,-1.1970
13.580,1,-39.4611,1.6327,-1.1971
13.595,1,-39.4601,1.6327,-1.1971
13.610,1,-39.4579,1.6325,-1.1971
13.624,1,-39.4569,1.6320,-1.1972
13.639,1,-39.4560,1.6313,-1.1973
13.654,1,-39.4541,1.6302,-1.1975
13.668,1,-39.4533,1.6292,-1.1976
13.685,1,-39.4526,1.6280,-1.1977
13.700,1,-39.4508,1.6260,-1.1979
13.715,1,-39.4500,1.6248,-1.1980
13.729,1,-39.4492,1.6235,-1.1982
13.744,1,-39.4477,1.6210,-1.1984
13.758,1,-39.4470,1.6194,-1.1985
13.772,1,-39.4465,1.6178,-1.1987
13.787,1,-39.4455,1.6151,-1.1991
13.802,1,-39.4452,1.6142,-1.1994
13.816,1,-39.4446,1.6138,-1.1997
13.831,1,-39.4442,1.6134,-1.2001
13.846,1,-39.4433,1.6120,-1.2008
13.861,1,-39.4430,1.6108,-1.2012
13.876,1,-39.4429,1.6079,-1.2021
13.890,1,-39.4427,1.6098,-1.2025
13.905,1,-39.4423,1.6144,-1.2032
13.920,1,-39.4409,1.6175,-1.2040
13.935,1,-39.4404,1.6186,-1.2040
13.949,1,-39.4398,1.6193,-1.2042
13.963,1,-39.4389,1.6209,-1.2042
13.977,1,-39.4377,1.6247,-1.2044
13.990,1,-39.4372,1.6268,-1.2041
14.005,1,-39.4367,1.6282,-1.2041
14.022,1,-39.4352,1.6304,-1.2040
14.039,1,-39.4344,1.6307,-1.2036
14.053,1,-39.4328,1.6320,-1.2028
14.068,1,-39.4317,1.6325,-1.2023
14.082,1,-39.4304,1.6331,-1.2017
14.096,1,-39.4284,1.6342,-1.2011
14.110,1,-39.4271,1.6337,-1.2005
14.124,1,-39.4260,1.6334,-1.1998
14.138,1,-39.4249,1.6326,-1.1990
14.152,1,-39.4227,1.6322,-1.1978
14.165,1,-39.4213,1.6318,-1.1972
14.179,1,-39.4200,1.6319,-1.1963
14.193,1,-39.4186,1.6318,-1.1955
14.208,1,-39.4156,1.6317,-1.1936
14.222,1,-39.4140,1.6316,-1.1927
14.237,1,-39.4123,1.6315,-1.1916
14.250,1,-39.4106,1.6316,-1.1907
14.265,1,-39.4073,1.6316,-1.1886
14.279,1,-39.4053,1.6311,-1.1875
14.294,1,-39.4034,1.6304,-1.1866
14.309,1,-39.3995,1.6290,-1.1852
14.323,1,-39.3975,1.6281,-1.1846
14.338,1,-39.3954,1.6271,-1.1840
14.353,1,-39.3934,1.6263,-1.1833
14.368,1,-39.3890,1.6250,-1.1821
14.382,1,-39.3866,1.6244,-1.1818
14.397,1,-39.3818,1.6231,-1.1809
14.411,1,-39.3792,1.6226,-1.1810
14.426,1,-39.3765,1.6220,-1.1808
14.441,1,-39.3737,1.6217,-1.1808
14.456,1,-39.3682,1.6215,-1.1807
14.469,1,-39.3651,1.6213,-1.1808
14.484,1,-39.3620,1.6212,-1.1809
14.502,1,-39.3558,1.6202,-1.1810
14.518,1,-39.3493,1.6193,-1.1811
14.533,1,-39.3456,1.6186,-1.1812
14.547,1,-39.3416,1.6183,-1.1815
14.562,1,-39.3379,1.6178,-1.1817
14.577,1,-39.3305,1.6163,-1.1819
14.591,1,-39.3263,1.6155,-1.1822
14.606,1,-39.3220,1.6146,-1.1827
14.621,1,-39.3135,1.6130,-1.1835
14.636,1,-39.3086,1.6119,-1.1840
14.655,1,-39.3038,1.6108,-1.1846
14.675,1,-39.2897,1.6077,-1.1861
14.689,1,-39.2843,1.6066,-1.1868
14.707,1,-39.2784,1.6057,-1.1878
14.721,1,-39.2674,1.6038,-1.1893
14.736,1,-39.2611,1.6030,-1.1903
14.750,1,-39.2551,1.6021,-1.1911
14.764,1,-39.2431,1.6008,-1.1929
14.778,1,-39.2365,1.6006,-1.1941
14.793,1,-39.2295,1.6003,-1.1953
14.808,1,-39.2159,1.5997,-1.1977
14.823,1,-39.2086,1.5995,-1.1989
14.838,1,-39.2013,1.5995,-1.2003
14.853,1,-39.1939,1.5996,-1.2016
14.867,1,-39.1793,1.5999,-1.2044
14.881,1,-39.1714,1.6012,-1.2059
14.895,1,-39.1639,1.6025,-1.2074
14.910,1,-39.1486,1.6050,-1.2100
14.925,1,-39.1405,1.6074,-1.2115
14.939,1,-39.1323,1.6097,-1.2130
14.954,1,-39.1163,1.6135,-1.2158
14.972,1,-39.1082,1.6149,-1.2170
14.989,1,-39.0924,1.6174,-1.2192
15.002,1,-39.0843,1.6183,-1.2202
15.016,1,-39.0758,1.6195,-1.2213
15.031,1,-39.0592,1.6219,-1.2230
15.045,1,-39.0508,1.6232,-1.2235
15.061,1,-39.0424,1.6249,-1.2238
15.074,1,-39.0259,1.6281,-1.2250
15.089,1,-39.0177,1.6293,-1.2249
15.102,1,-39.0092,1.6304,-1.2252
15.115,1,-39.0010,1.6310,-1.2252
15.129,1,-38.9842,1.6326,-1.2254
15.142,1,-38.9759,1.6329,-1.2252
15.157,1,-38.9672,1.6331,-1.2249
15.171,1,-38.9585,1.6330,-1.2246
15.185,1,-38.9497,1.6328,-1.2244
15.198,1,-38.9325,1.6321,-1.2237
15.212,1,-38.9234,1.6309,-1.2230
15.225,1,-38.9146,1.6294,-1.2223
15.239,1,-38.9059,1.6281,-1.2216
15.252,1,-38.8879,1.6254,-1.2204
15.267,1,-38.8785,1.6231,-1.2195
15.281,1,-38.8690,1.6208,-1.2184
15.294,1,-38.8599,1.6185,-1.2173
15.308,1,-38.8408,1.6144,-1.2152
15.321,1,-38.8308,1.6124,-1.2141
15.335,1,-38.8207,1.6103,-1.2127
15.349,1,-38.8107,1.6081,-1.2112
15.364,1,-38.7909,1.6042,-1.2083
15.377,1,-38.7807,1.6026,-1.2065
15.390,1,-38.7705,1.6012,-1.2048
15.404,1,-38.7601,1.6004,-1.2031
15.419,1,-38.7401,1.5992,-1.1999
15.433,1,-38.7299,1.5995,-1.1980
15.449,1,-38.7200,1.6004,-1.1959
15.463,1,-38.7100,1.6014,-1.1939
15.477,1,-38.6897,1.6041,-1.1902
15.492,1,-38.6796,1.6069,-1.1882
15.505,1,-38.6694,1.6093,-1.1864
15.519,1,-38.6592,1.6113,-1.1845
15.534,1,-38.6392,1.6152,-1.1810
15.548,1,-38.6293,1.6169,-1.1791
15.561,1,-38.6192,1.6184,-1.1777
15.576,1,-38.5989,1.6216,-1.1747
15.591,1,-38.5889,1.6235,-1.1735
15.604,1,-38.5789,1.6253,-1.1723
15.618,1,-38.5588,1.6285,-1.1699
15.633,1,-38.5492,1.6304,-1.1691
15.650,1,-38.5393,1.6320,-1.1685
15.664,1,-38.5199,1.6349,-1.1669
15.678,1,-38.5105,1.6359,-1.1662
15.693,1,-38.5012,1.6369,-1.1655
15.706,1,-38.4918,1.6375,-1.1649
15.721,1,-38.4721,1.6391,-1.1637
15.735,1,-38.4625,1.6392,-1.1631
15.750,1,-38.4532,1.6388,-1.1625
15.764,1,-38.4336,1.6385,-1.1616
15.778,1,-38.4237,1.6373,-1.1611
15.793,1,-38.4137,1.6360,-1.1609
15.808,1,-38.4037,1.6343,-1.1607
15.825,1,-38.3835,1.6320,-1.1602
15.839,1,-38.3734,1.6301,-1.1601
15.854,1,-38.3530,1.6265,-1.1596
15.869,1,-38.3426,1.6236,-1.1596
15.883,1,-38.3319,1.6209,-1.1597
15.897,1,-38.3109,1.6164,-1.1598
15.916,1,-38.3003,1.6144,-1.1600
15.933,1,-38.2789,1.6108,-1.1605
15.946,1,-38.2681,1.6093,-1.1610
15.960,1,-38.2571,1.6081,-1.1618
15.976,1,-38.2352,1.6064,-1.1631
15.990,1,-38.2240,1.6069,-1.1639
16.004,1,-38.2128,1.6077,-1.1649
16.018,1,-38.2015,1.6082,-1.1660
16.033,1,-38.1788,1.6085,-1.1677
16.049,1,-38.1678,1.6104,-1.1689
16.068,1,-38.1455,1.6147,-1.1711
16.084,1,-38.1232,1.6180,-1.1731
16.099,1,-38.1118,1.6196,-1.1743
16.116,1,-38.1005,1.6212,-1.1756
16.130,1,-38.0781,1.6239,-1.1773
16.143,1,-38.0666,1.6254,-1.1781
16.157,1,-38.0557,1.6268,-1.1783
16.171,1,-38.0447,1.6287,-1.1787
16.185,1,-38.0228,1.6324,-1.1798
16.198,1,-38.0116,1.6346,-1.1801
16.212,1,-38.0006,1.6368,-1.1803
16.230,1,-37.9902,1.6389,-1.1803
16.245,1,-37.9684,1.6421,-1.1807
16.258,1,-37.9576,1.6431,-1.1806
16.272,1,-37.9467,1.6439,-1.1805
16.285,1,-37.9251,1.6453,-1.1807
16.298,1,-37.9145,1.6447,-1.1807
16.313,1,-37.9040,1.6437,-1.1805
16.327,1,-37.8933,1.6422,-1.1804
16.341,1,-37.8718,1.6396,-1.1802
16.354,1,-37.8609,1.6372,-1.1798
16.368,1,-37.8502,1.6348,-1.1796
16.381,1,-37.8391,1.6325,-1.1793
16.395,1,-37.8279,1.6300,-1.1788
16.409,1,-37.8063,1.6256,-1.1782
16.422,1,-37.7948,1.6228,-1.1779
16.436,1,-37.7837,1.6201,-1.1774
16.450,1,-37.7724,1.6176,-1.1769
16.464,1,-37.7609,1.6154,-1.1763
16.477,1,-37.7377,1.6113,-1.1751
16.491,1,-37.7259,1.6098,-1.1742
16.505,1,-37.7143,1.6086,-1.1732
16.519,1,-37.6910,1.6063,-1.1716
16.537,1,-37.6791,1.6066,-1.1703
16.555,1,-37.6555,1.6063,-1.1683
16.570,1,-37.6439,1.6066,-1.1669
16.584,1,-37.6205,1.6073,-1.1647
16.598,1,-37.6086,1.6099,-1.1637
16.613,1,-37.5971,1.6127,-1.1625
16.628,1,-37.5856,1.6147,-1.1612
16.643,1,-37.5621,1.6186,-1.1591
16.656,1,-37.5499,1.6212,-1.1585
16.670,1,-37.5384,1.6237,-1.1574
16.686,1,-37.5265,1.6259,-1.1568
16.701,1,-37.5031,1.6303,-1.1554
16.715,1,-37.4914,1.6325,-1.1551
16.729,1,-37.4687,1.6370,-1.1541
16.743,1,-37.4575,1.6394,-1.1540
16.758,1,-37.4469,1.6418,-1.1538
16.772,1,-37.4362,1.6437,-1.1538
16.786,1,-37.4145,1.6473,-1.1535
16.800,1,-37.4041,1.6483,-1.1534
16.814,1,-37.3936,1.6491,-1.1535
16.828,1,-37.3832,1.6496,-1.1536
16.843,1,-37.3619,1.6510,-1.1535
16.858,1,-37.3512,1.6506,-1.1536
16.873,1,-37.3407,1.6499,-1.1539
16.887,1,-37.3195,1.6489,-1.1541
16.901,1,-37.3087,1.6474,-1.1544
16.916,1,-37.2979,1.6456,-1.1547
16.930,1,-37.2765,1.6431,-1.1551
16.944,1,-37.2654,1.6406,-1.1555
16.958,1,-37.2546,1.6382,-1.1559
16.973,1,-37.2444,1.6354,-1.1557
16.988,1,-37.2225,1.6309,-1.1565
17.001,1,-37.2114,1.6285,-1.1573
17.015,1,-37.2004,1.6265,-1.1580
17.029,1,-37.1789,1.6228,-1.1588
17.044,1,-37.1676,1.6214,-1.1599
17.057,1,-37.1562,1.6202,-1.1610
17.071,1,-37.1448,1.6190,-1.1621
17.085,1,-37.1223,1.6175,-1.1641
17.100,1,-37.1109,1.6178,-1.1653
17.114,1,-37.0999,1.6179,-1.1664
17.128,1,-37.0887,1.6182,-1.1675
17.143,1,-37.0661,1.6198,-1.1699
17.156,1,-37.0549,1.6221,-1.1713
17.170,1,-37.0438,1.6239,-1.1725
17.183,1,-37.0214,1.6267,-1.1747
17.197,1,-37.0102,1.6285,-1.1758
17.211,1,-36.9990,1.6302,-1.1769
17.225,1,-36.9876,1.6319,-1.1778
17.239,1,-36.9763,1.6336,-1.1786
17.252,1,-36.9541,1.6371,-1.1802
17.265,1,-36.9429,1.6394,-1.1809
17.278,1,-36.9323,1.6417,-1.1815
17.292,1,-36.9225,1.6438,-1.1798
17.306,1,-36.9117,1.6460,-1.1799
17.320,1,-36.8913,1.6502,-1.1813
17.333,1,-36.8809,1.6518,-1.1816
17.345,1,-36.8705,1.6532,-1.1821
17.359,1,-36.8599,1.6541,-1.1825
17.373,1,-36.8391,1.6557,-1.1834
17.386,1,-36.8290,1.6554,-1.1837
17.400,1,-36.8190,1.6546,-1.1840
17.413,1,-36.8089,1.6534,-1.1844
17.426,1,-36.7988,1.6519,-1.1847
17.440,1,-36.7783,1.6496,-1.1855
17.454,1,-36.7681,1.6473,-1.1858
17.467,1,-36.7577,1.6450,-1.1860
17.480,1,-36.7476,1.6427,-1.1862
17.494,1,-36.7374,1.6403,-1.1863
17.508,1,-36.7165,1.6358,-1.1866
17.521,1,-36.7057,1.6332,-1.1866
17.534,1,-36.6953,1.6307,-1.1866
17.547,1,-36.6846,1.6282,-1.1864
17.561,1,-36.6738,1.6258,-1.1863
17.576,1,-36.6526,1.6215,-1.1858
17.588,1,-36.6418,1.6198,-1.1853
17.602,1,-36.6312,1.6185,-1.1847
17.615,1,-36.6203,1.6177,-1.1842
17.628,1,-36.5990,1.6156,-1.1832
17.642,1,-36.5883,1.6153,-1.1826
17.656,1,-36.5776,1.6153,-1.1818
17.671,1,-36.5674,1.6163,-1.1811
17.685,1,-36.5569,1.6184,-1.1805
17.698,1,-36.5360,1.6213,-1.1793
17.712,1,-36.5256,1.6239,-1.1787
17.727,1,-36.5155,1.6263,-1.1782
17.742,1,-36.4950,1.6296,-1.1772
17.755,1,-36.4848,1.6309,-1.1768
17.769,1,-36.4748,1.6318,-1.1764
17.783,1,-36.4648,1.6333,-1.1761
17.801,1,-36.4451,1.6366,-1.1757
17.817,1,-36.4258,1.6401,-1.1754
17.833,1,-36.4166,1.6417,-1.1754
17.847,1,-36.4075,1.6434,-1.1755
17.861,1,-36.3985,1.6451,-1.1757
17.875,1,-36.3801,1.6481,-1.1757
17.888,1,-36.3711,1.6495,-1.1758
17.904,1,-36.3624,1.6505,-1.1760
17.919,1,-36.3448,1.6525,-1.1762
17.934,1,-36.3361,1.6531,-1.1764
17.948,1,-36.3275,1.6533,-1.1765
17.962,1,-36.3189,1.6534,-1.1768
17.976,1,-36.3014,1.6537,-1.1771
17.989,1,-36.2927,1.6532,-1.1774
18.003,1,-36.2840,1.6525,-1.1778
18.017,1,-36.2752,1.6516,-1.1782
18.031,1,-36.2577,1.6502,-1.1788
18.045,1,-36.2491,1.6485,-1.1792
18.059,1,-36.2404,1.6464,-1.1795
18.072,1,-36.2316,1.6444,-1.1799
18.087,1,-36.2141,1.6407,-1.1806
18.101,1,-36.2051,1.6388,-1.1812
18.115,1,-36.1961,1.6372,-1.1819
18.130,1,-36.1784,1.6344,-1.1830
18.144,1,-36.1695,1.6331,-1.1839
18.161,1,-36.1607,1.6319,-1.1848
18.175,1,-36.1430,1.6298,-1.1864
18.188,1,-36.1341,1.6294,-1.1874
18.201,1,-36.1252,1.6289,-1.1884
18.215,1,-36.1166,1.6282,-1.1894
18.229,1,-36.1078,1.6281,-1.1905
18.243,1,-36.0990,1.6291,-1.1916
18.261,1,-36.0812,1.6310,-1.1938
18.279,1,-36.0634,1.6325,-1.1959
18.293,1,-36.0541,1.6340,-1.1971
18.306,1,-36.0371,1.6367,-1.1993
18.321,1,-36.0284,1.6387,-1.2004
18.336,1,-36.0197,1.6407,-1.2014
18.350,1,-36.0110,1.6424,-1.2024
18.364,1,-36.0022,1.6439,-1.2032
18.377,1,-35.9848,1.6469,-1.2050
18.390,1,-35.9764,1.6486,-1.2056
18.404,1,-35.9678,1.6503,-1.2061
18.417,1,-35.9596,1.6519,-1.2067
18.432,1,-35.9507,1.6535,-1.2073
18.446,1,-35.9345,1.6565,-1.2083
18.459,1,-35.9262,1.6579,-1.2086
18.472,1,-35.9181,1.6591,-1.2089
18.485,1,-35.9103,1.6600,-1.2091
18.499,1,-35.9021,1.6607,-1.2093
18.513,1,-35.8944,1.6611,-1.2096
18.526,1,-35.8793,1.6623,-1.2100
18.539,1,-35.8716,1.6624,-1.2103
18.553,1,-35.8642,1.6625,-1.2104
18.568,1,-35.8568,1.6625,-1.2104
18.581,1,-35.8420,1.6626,-1.2106
18.594,1,-35.8345,1.6623,-1.2109
18.609,1,-35.8272,1.6617,-1.2108
18.622,1,-35.8201,1.6608,-1.2108
18.636,1,-35.8129,1.6597,-1.2108
18.649,1,-35.7987,1.6581,-1.2107
18.662,1,-35.7917,1.6569,-1.2106
18.678,1,-35.7848,1.6554,-1.2104
18.691,1,-35.7779,1.6540,-1.2100
18.708,1,-35.7710,1.6524,-1.2096
18.723,1,-35.7570,1.6495,-1.2092
18.737,1,-35.7433,1.6466,-1.2083
18.749,1,-35.7365,1.6450,-1.2077
18.765,1,-35.7298,1.6437,-1.2069
18.779,1,-35.7232,1.6425,-1.2064
18.793,1,-35.7098,1.6402,-1.2050
18.806,1,-35.7030,1.6392,-1.2041
18.820,1,-35.6960,1.6384,-1.2032
18.835,1,-35.6890,1.6377,-1.2025
18.850,1,-35.6752,1.6361,-1.2003
18.864,1,-35.6682,1.6354,-1.1992
18.879,1,-35.6613,1.6353,-1.1982
18.893,1,-35.6475,1.6353,-1.1961
18.908,1,-35.6408,1.6361,-1.1948
18.922,1,-35.6343,1.6369,-1.1936
18.935,1,-35.6277,1.6384,-1.1923
18.950,1,-35.6148,1.6413,-1.1902
18.964,1,-35.6085,1.6433,-1.1890
18.977,1,-35.6025,1.6450,-1.1879
18.992,1,-35.5966,1.6464,-1.1868
19.006,1,-35.5844,1.6489,-1.1847
19.020,1,-35.5787,1.6501,-1.1839
19.035,1,-35.5730,1.6513,-1.1830
19.052,1,-35.5616,1.6536,-1.1814
19.069,1,-35.5563,1.6547,-1.1810
19.083,1,-35.5454,1.6568,-1.1799
19.096,1,-35.5404,1.6577,-1.1794
19.110,1,-35.5354,1.6587,-1.1790
19.124,1,-35.5308,1.6595,-1.1788
19.139,1,-35.5213,1.6610,-1.1782
19.152,1,-35.5170,1.6614,-1.1779
19.166,1,-35.5128,1.6618,-1.1782
19.180,1,-35.5089,1.6622,-1.1783
19.193,1,-35.5050,1.6626,-1.1782
19.208,1,-35.4970,1.6635,-1.1783
19.222,1,-35.4936,1.6638,-1.1787
19.237,1,-35.4904,1.6641,-1.1790
19.249,1,-35.4871,1.6644,-1.1793
19.264,1,-35.4805,1.6651,-1.1799
19.277,1,-35.4775,1.6654,-1.1804
19.291,1,-35.4747,1.6657,-1.1807
19.305,1,-35.4719,1.6659,-1.1815
19.319,1,-35.4661,1.6663,-1.1824
19.332,1,-35.4635,1.6666,-1.1829
19.347,1,-35.4611,1.6670,-1.1836
19.361,1,-35.4587,1.6671,-1.1844
19.376,1,-35.4537,1.6675,-1.1858
19.389,1,-35.4516,1.6676,-1.1867
19.403,1,-35.4494,1.6672,-1.1782
19.418,1,-35.4451,1.6673,-1.1798
19.432,1,-35.4433,1.6670,-1.1801
19.446,1,-35.4416,1.6667,-1.1814
19.461,1,-35.4401,1.6663,-1.1828
19.475,1,-35.4365,1.6662,-1.1851
19.487,1,-35.4349,1.6665,-1.1863
19.500,1,-35.4334,1.6672,-1.1874
19.513,1,-35.4320,1.6677,-1.1888
19.527,1,-35.4306,1.6677,-1.1900
19.540,1,-35.4276,1.6677,-1.1924
19.553,1,-35.4263,1.6675,-1.1935
19.570,1,-35.4252,1.6672,-1.1945
19.582,1,-35.4225,1.6671,-1.1969
19.596,1,-35.4214,1.6666,-1.1978
19.609,1,-35.4202,1.6661,-1.1988
19.623,1,-35.4191,1.6658,-1.2000
19.636,1,-35.4180,1.6656,-1.2010
19.650,1,-35.4158,1.6653,-1.2028
19.663,1,-35.4148,1.6652,-1.2036
19.676,1,-35.4138,1.6652,-1.2044
19.689,1,-35.4129,1.6651,-1.2051
19.702,1,-35.4120,1.6652,-1.2060
19.715,1,-35.4102,1.6653,-1.2075
19.727,1,-35.4094,1.6655,-1.2081
19.743,1,-35.4088,1.6656,-1.2090
19.756,1,-35.4079,1.6656,-1.2098
19.770,1,-35.4072,1.6656,-1.2103
19.783,1,-35.4055,1.6656,-1.2113
19.797,1,-35.4048,1.6656,-1.2118
19.810,1,-35.4041,1.6656,-1.2121
19.824,1,-35.4035,1.6656,-1.2125
19.840,1,-35.4022,1.6656,-1.2132
19.858,1,-35.4017,1.6656,-1.2136
19.872,1,-35.4007,1.6655,-1.2141
19.885,1,-35.4003,1.6652,-1.2143
19.900,1,-35.4001,1.6650,-1.2147
19.914,1,-35.3999,1.6647,-1.2149
19.928,1,-35.3997,1.6645,-1.2150
19.942,1,-35.3991,1.6640,-1.2157
19.955,1,-35.3990,1.6638,-1.2157
19.968,1,-35.3989,1.6636,-1.2158
19.982,1,-35.3987,1.6634,-1.2161
20.001,1,-35.3985,1.6630,-1.2164
20.017,1,-35.3982,1.6626,-1.2165
20.031,1,-35.3981,1.6625,-1.2166
20.045,1,-35.3980,1.6625,-1.2166
20.059,1,-35.3978,1.6624,-1.2166
20.074,1,-35.3976,1.6622,-1.2166
20.087,1,-35.3975,1.6622,-1.2166
20.101,1,-35.3973,1.6621,-1.2158
20.115,1,-35.3974,1.6620,-1.2158
20.128,1,-35.3974,1.6618,-1.2157
20.143,1,-35.3973,1.6617,-1.2157
20.156,1,-35.3973,1.6616,-1.2154
20.169,1,-35.3971,1.6617,-1.2153
20.183,1,-35.3970,1.6618,-1.2151
20.198,1,-35.3968,1.6618,-1.2150
20.211,1,-35.3968,1.6619,-1.2149
20.225,1,-35.3967,1.6620,-1.2147
20.239,1,-35.3966,1.6621,-1.2147
20.253,1,-35.3964,1.6621,-1.2144
20.267,1,-35.3964,1.6621,-1.2143
20.281,1,-35.3963,1.6622,-1.2143

# --- Trial 2 start ---
29.019,2,-39.4832,1.6320,-1.3162
29.105,2,-39.4847,1.6318,-1.3183
29.132,2,-39.4854,1.6317,-1.3195
29.150,2,-39.4856,1.6317,-1.3200
29.164,2,-39.4861,1.6317,-1.3209
29.187,2,-39.4864,1.6317,-1.3219
29.205,2,-39.4870,1.6315,-1.3234
29.220,2,-39.4875,1.6315,-1.3244
29.234,2,-39.4878,1.6315,-1.3254
29.257,2,-39.4880,1.6316,-1.3266
29.279,2,-39.4883,1.6318,-1.3277
29.300,2,-39.4884,1.6319,-1.3290
29.322,2,-39.4886,1.6320,-1.3301
29.352,2,-39.4886,1.6321,-1.3312
29.372,2,-39.4887,1.6322,-1.3322
29.391,2,-39.4889,1.6323,-1.3332
29.412,2,-39.4890,1.6324,-1.3341
29.433,2,-39.4889,1.6323,-1.3350
29.455,2,-39.4889,1.6324,-1.3358
29.479,2,-39.4887,1.6324,-1.3366
29.500,2,-39.4887,1.6323,-1.3373
29.522,2,-39.4886,1.6322,-1.3378
29.545,2,-39.4887,1.6321,-1.3382
29.567,2,-39.4885,1.6321,-1.3386
29.590,2,-39.4885,1.6320,-1.3387
29.612,2,-39.4884,1.6320,-1.3388
29.635,2,-39.4883,1.6320,-1.3387
29.658,2,-39.4880,1.6320,-1.3385
29.680,2,-39.4879,1.6321,-1.3382
29.697,2,-39.4879,1.6322,-1.3378
29.711,2,-39.4878,1.6321,-1.3376
29.725,2,-39.4876,1.6322,-1.3370
29.740,2,-39.4875,1.6322,-1.3366
29.754,2,-39.4874,1.6323,-1.3361
29.768,2,-39.4873,1.6324,-1.3356
29.783,2,-39.4870,1.6325,-1.3346
29.797,2,-39.4869,1.6327,-1.3339
29.811,2,-39.4866,1.6328,-1.3331
29.825,2,-39.4864,1.6329,-1.3323
29.839,2,-39.4859,1.6331,-1.3307
29.854,2,-39.4854,1.6333,-1.3298
29.868,2,-39.4850,1.6334,-1.3288
29.882,2,-39.4847,1.6335,-1.3276
29.898,2,-39.4841,1.6337,-1.3254
29.911,2,-39.4837,1.6338,-1.3242
29.926,2,-39.4836,1.6338,-1.3227
29.942,2,-39.4833,1.6339,-1.3213
29.958,2,-39.4827,1.6341,-1.3187
29.973,2,-39.4825,1.6341,-1.3171
29.988,2,-39.4819,1.6342,-1.3141
30.003,2,-39.4815,1.6343,-1.3124
30.018,2,-39.4811,1.6343,-1.3107
30.032,2,-39.4807,1.6345,-1.3090
30.048,2,-39.4800,1.6346,-1.3058
30.062,2,-39.4797,1.6347,-1.3041
30.078,2,-39.4792,1.6348,-1.3023
30.093,2,-39.4784,1.6350,-1.2990
30.109,2,-39.4779,1.6350,-1.2973
30.125,2,-39.4771,1.6349,-1.2940
30.139,2,-39.4766,1.6347,-1.2925
30.154,2,-39.4758,1.6340,-1.2911
30.169,2,-39.4746,1.6330,-1.2884
30.184,2,-39.4739,1.6322,-1.2872
30.202,2,-39.4730,1.6319,-1.2863
30.220,2,-39.4723,1.6320,-1.2855
30.235,2,-39.4710,1.6316,-1.2837
30.249,2,-39.4705,1.6315,-1.2831
30.264,2,-39.4701,1.6316,-1.2826
30.282,2,-39.4688,1.6318,-1.2816
30.299,2,-39.4681,1.6321,-1.2813
30.314,2,-39.4667,1.6325,-1.2807
30.328,2,-39.4660,1.6328,-1.2807
30.343,2,-39.4652,1.6330,-1.2806
30.358,2,-39.4645,1.6332,-1.2807
30.372,2,-39.4631,1.6335,-1.2807
30.387,2,-39.4625,1.6335,-1.2809
30.402,2,-39.4611,1.6336,-1.2811
30.417,2,-39.4605,1.6335,-1.2814
30.431,2,-39.4598,1.6333,-1.2816
30.447,2,-39.4586,1.6329,-1.2822
30.462,2,-39.4580,1.6326,-1.2827
30.476,2,-39.4574,1.6323,-1.2832
30.492,2,-39.4562,1.6317,-1.2841
30.506,2,-39.4556,1.6312,-1.2848
30.522,2,-39.4544,1.6301,-1.2859
30.536,2,-39.4537,1.6294,-1.2866
30.553,2,-39.4532,1.6285,-1.2874
30.567,2,-39.4526,1.6276,-1.2881
30.583,2,-39.4514,1.6255,-1.2896
30.597,2,-39.4508,1.6241,-1.2905
30.611,2,-39.4497,1.6218,-1.2922
30.625,2,-39.4491,1.6205,-1.2932
30.639,2,-39.4485,1.6188,-1.2942
30.653,2,-39.4479,1.6168,-1.2952
30.667,2,-39.4467,1.6124,-1.2973
30.681,2,-39.4463,1.6091,-1.2984
30.696,2,-39.4459,1.6082,-1.2995
30.710,2,-39.4450,1.6117,-1.3007
30.725,2,-39.4443,1.6131,-1.3027
30.741,2,-39.4436,1.6122,-1.3030
30.758,2,-39.4418,1.6116,-1.3047
30.771,2,-39.4406,1.6134,-1.3056
30.786,2,-39.4394,1.6167,-1.3063
30.800,2,-39.4378,1.6205,-1.3076
30.814,2,-39.4372,1.6220,-1.3079
30.828,2,-39.4363,1.6232,-1.3083
30.842,2,-39.4357,1.6244,-1.3086
30.858,2,-39.4342,1.6269,-1.3093
30.876,2,-39.4334,1.6283,-1.3090
30.889,2,-39.4317,1.6312,-1.3092
30.903,2,-39.4307,1.6328,-1.3094
30.917,2,-39.4293,1.6335,-1.3094
30.932,2,-39.4284,1.6340,-1.3091
30.946,2,-39.4264,1.6349,-1.3087
30.961,2,-39.4253,1.6353,-1.3085
30.974,2,-39.4242,1.6354,-1.3080
30.990,2,-39.4233,1.6352,-1.3077
31.006,2,-39.4208,1.6348,-1.3067
31.021,2,-39.4195,1.6339,-1.3061
31.036,2,-39.4173,1.6333,-1.3048
31.051,2,-39.4159,1.6330,-1.3040
31.066,2,-39.4145,1.6326,-1.3033
31.081,2,-39.4117,1.6318,-1.3014
31.096,2,-39.4100,1.6314,-1.3004
31.110,2,-39.4082,1.6311,-1.2993
31.126,2,-39.4049,1.6308,-1.2975
31.139,2,-39.4031,1.6308,-1.2963
31.155,2,-39.4011,1.6307,-1.2951
31.169,2,-39.3990,1.6304,-1.2937
31.184,2,-39.3949,1.6299,-1.2915
31.200,2,-39.3925,1.6298,-1.2904
31.218,2,-39.3881,1.6294,-1.2880
31.236,2,-39.3855,1.6286,-1.2867
31.251,2,-39.3808,1.6270,-1.2842
31.265,2,-39.3780,1.6260,-1.2829
31.281,2,-39.3751,1.6253,-1.2817
31.295,2,-39.3694,1.6242,-1.2795
31.310,2,-39.3664,1.6235,-1.2788
31.324,2,-39.3632,1.6228,-1.2778
31.339,2,-39.3598,1.6223,-1.2773
31.354,2,-39.3530,1.6216,-1.2758
31.368,2,-39.3493,1.6218,-1.2754
31.383,2,-39.3456,1.6218,-1.2749
31.398,2,-39.3419,1.6217,-1.2746
31.413,2,-39.3344,1.6216,-1.2738
31.428,2,-39.3301,1.6217,-1.2737
31.442,2,-39.3258,1.6215,-1.2738
31.457,2,-39.3174,1.6205,-1.2734
31.471,2,-39.3128,1.6200,-1.2735
31.486,2,-39.3083,1.6191,-1.2733
31.501,2,-39.2990,1.6181,-1.2736
31.515,2,-39.2937,1.6174,-1.2738
31.531,2,-39.2882,1.6166,-1.2744
31.546,2,-39.2776,1.6148,-1.2749
31.561,2,-39.2716,1.6136,-1.2756
31.576,2,-39.2654,1.6128,-1.2764
31.590,2,-39.2531,1.6109,-1.2777
31.604,2,-39.2463,1.6099,-1.2788
31.619,2,-39.2396,1.6085,-1.2797
31.634,2,-39.2263,1.6061,-1.2817
31.649,2,-39.2191,1.6048,-1.2828
31.664,2,-39.2120,1.6037,-1.2842
31.678,2,-39.2045,1.6026,-1.2857
31.694,2,-39.1894,1.6003,-1.2886
31.708,2,-39.1817,1.5994,-1.2903
31.722,2,-39.1665,1.5976,-1.2934
31.736,2,-39.1583,1.5972,-1.2953
31.750,2,-39.1498,1.5969,-1.2974
31.765,2,-39.1415,1.5967,-1.2994
31.780,2,-39.1249,1.5958,-1.3032
31.793,2,-39.1164,1.5957,-1.3053
31.807,2,-39.1076,1.5968,-1.3076
31.821,2,-39.0987,1.5985,-1.3099
31.836,2,-39.0815,1.6008,-1.3140
31.850,2,-39.0724,1.6025,-1.3161
31.864,2,-39.0639,1.6044,-1.3179
31.878,2,-39.0468,1.6081,-1.3218
31.892,2,-39.0383,1.6107,-1.3234
31.906,2,-39.0298,1.6127,-1.3251
31.920,2,-39.0214,1.6143,-1.3267
31.935,2,-39.0045,1.6172,-1.3300
31.948,2,-38.9962,1.6184,-1.3312
31.962,2,-38.9877,1.6199,-1.3323
31.977,2,-38.9791,1.6217,-1.3335
31.991,2,-38.9621,1.6254,-1.3359
32.006,2,-38.9536,1.6275,-1.3368
32.019,2,-38.9454,1.6291,-1.3375
32.034,2,-38.9288,1.6320,-1.3391
32.048,2,-38.9205,1.6329,-1.3395
32.062,2,-38.9121,1.6338,-1.3400
32.076,2,-38.8950,1.6358,-1.3412
32.090,2,-38.8864,1.6364,-1.3415
32.104,2,-38.8779,1.6367,-1.3416
32.120,2,-38.8694,1.6366,-1.3418
32.134,2,-38.8520,1.6366,-1.3422
32.149,2,-38.8430,1.6358,-1.3423
32.164,2,-38.8341,1.6348,-1.3422
32.179,2,-38.8164,1.6330,-1.3421
32.194,2,-38.8074,1.6315,-1.3418
32.208,2,-38.7982,1.6296,-1.3415
32.222,2,-38.7887,1.6273,-1.3414
32.236,2,-38.7706,1.6231,-1.3407
32.252,2,-38.7615,1.6203,-1.3401
32.268,2,-38.7428,1.6155,-1.3388
32.282,2,-38.7334,1.6128,-1.3380
32.296,2,-38.7236,1.6095,-1.3369
32.312,2,-38.7042,1.6041,-1.3351
32.326,2,-38.6941,1.6018,-1.3339
32.341,2,-38.6840,1.6001,-1.3326
32.356,2,-38.6639,1.5968,-1.3301
32.370,2,-38.6533,1.5962,-1.3287
32.384,2,-38.6428,1.5957,-1.3274
32.400,2,-38.6221,1.5945,-1.3246
32.414,2,-38.6114,1.5958,-1.3229
32.431,2,-38.6008,1.5988,-1.3212
32.446,2,-38.5799,1.6027,-1.3181
32.462,2,-38.5692,1.6062,-1.3164
32.476,2,-38.5482,1.6113,-1.3134
32.490,2,-38.5381,1.6140,-1.3120
32.504,2,-38.5280,1.6157,-1.3106
32.518,2,-38.5181,1.6171,-1.3095
32.533,2,-38.4979,1.6204,-1.3071
32.548,2,-38.4878,1.6224,-1.3064
32.562,2,-38.4779,1.6245,-1.3057
32.577,2,-38.4580,1.6283,-1.3041
32.593,2,-38.4483,1.6302,-1.3035
32.607,2,-38.4385,1.6319,-1.3031
32.621,2,-38.4189,1.6350,-1.3022
32.636,2,-38.4092,1.6362,-1.3022
32.651,2,-38.3996,1.6375,-1.3019
32.665,2,-38.3899,1.6385,-1.3017
32.680,2,-38.3703,1.6406,-1.3012
32.694,2,-38.3604,1.6407,-1.3013
32.708,2,-38.3510,1.6406,-1.3014
32.723,2,-38.3313,1.6404,-1.3012
32.737,2,-38.3211,1.6396,-1.3012
32.752,2,-38.3109,1.6382,-1.3013
32.768,2,-38.2906,1.6360,-1.3014
32.784,2,-38.2801,1.6338,-1.3017
32.800,2,-38.2696,1.6314,-1.3021
32.817,2,-38.2489,1.6275,-1.3025
32.831,2,-38.2380,1.6249,-1.3028
32.846,2,-38.2163,1.6205,-1.3036
32.860,2,-38.2052,1.6182,-1.3041
32.874,2,-38.1941,1.6160,-1.3046
32.893,2,-38.1721,1.6120,-1.3057
32.908,2,-38.1610,1.6103,-1.3064
32.922,2,-38.1390,1.6070,-1.3076
32.936,2,-38.1277,1.6066,-1.3084
32.954,2,-38.1161,1.6069,-1.3095
32.971,2,-38.0935,1.6065,-1.3114
32.986,2,-38.0818,1.6080,-1.3126
33.001,2,-38.0592,1.6118,-1.3147
33.014,2,-38.0479,1.6150,-1.3156
33.029,2,-38.0363,1.6179,-1.3166
33.043,2,-38.0249,1.6201,-1.3174
33.063,2,-38.0022,1.6238,-1.3191
33.081,2,-37.9797,1.6269,-1.3205
33.099,2,-37.9689,1.6284,-1.3208
33.117,2,-37.9469,1.6320,-1.3216
33.135,2,-37.9250,1.6359,-1.3221
33.153,2,-37.9141,1.6380,-1.3220
33.170,2,-37.9035,1.6397,-1.3218
33.187,2,-37.8821,1.6428,-1.3217
33.204,2,-37.8719,1.6438,-1.3212
33.222,2,-37.8507,1.6459,-1.3206
33.240,2,-37.8295,1.6473,-1.3199
33.271,2,-37.8082,1.6463,-1.3187
33.287,2,-37.7761,1.6447,-1.3172
33.303,2,-37.7654,1.6425,-1.3165
33.320,2,-37.7544,1.6400,-1.3158
33.334,2,-37.7327,1.6363,-1.3145
33.349,2,-37.7218,1.6334,-1.3137
33.363,2,-37.7108,1.6307,-1.3128
33.378,2,-37.7001,1.6279,-1.3120
33.392,2,-37.6779,1.6228,-1.3102
33.407,2,-37.6665,1.6201,-1.3091
33.422,2,-37.6551,1.6175,-1.3079
33.436,2,-37.6322,1.6131,-1.3056
33.451,2,-37.6207,1.6118,-1.3042
33.465,2,-37.6091,1.6107,-1.3028
33.479,2,-37.5858,1.6085,-1.3001
33.495,2,-37.5741,1.6084,-1.2986
33.510,2,-37.5510,1.6077,-1.2957
33.524,2,-37.5397,1.6086,-1.2942
33.542,2,-37.5283,1.6116,-1.2926
33.557,2,-37.5055,1.6153,-1.2897
33.571,2,-37.4940,1.6180,-1.2883
33.590,2,-37.4828,1.6207,-1.2870
33.606,2,-37.4603,1.6248,-1.2844
33.621,2,-37.4375,1.6287,-1.2821
33.635,2,-37.4265,1.6309,-1.2811
33.649,2,-37.4154,1.6332,-1.2804
33.664,2,-37.4045,1.6354,-1.2797
33.678,2,-37.3825,1.6395,-1.2781
33.692,2,-37.3721,1.6416,-1.2775
33.705,2,-37.3618,1.6437,-1.2771
33.719,2,-37.3515,1.6453,-1.2767
33.734,2,-37.3306,1.6484,-1.2757
33.748,2,-37.3206,1.6491,-1.2753
33.762,2,-37.3105,1.6498,-1.2751
33.777,2,-37.2903,1.6511,-1.2744
33.790,2,-37.2803,1.6511,-1.2741
33.804,2,-37.2702,1.6505,-1.2740
33.819,2,-37.2603,1.6498,-1.2737
33.833,2,-37.2399,1.6488,-1.2733
33.849,2,-37.2295,1.6472,-1.2730
33.864,2,-37.2192,1.6457,-1.2730
33.878,2,-37.1984,1.6433,-1.2728
33.893,2,-37.1876,1.6412,-1.2730
33.908,2,-37.1767,1.6391,-1.2732
33.921,2,-37.1552,1.6352,-1.2734
33.934,2,-37.1441,1.6324,-1.2736
33.949,2,-37.1330,1.6295,-1.2739
33.963,2,-37.1217,1.6270,-1.2741
33.977,2,-37.0996,1.6227,-1.2746
33.992,2,-37.0883,1.6211,-1.2750
34.006,2,-37.0773,1.6195,-1.2755
34.020,2,-37.0665,1.6182,-1.2760
34.034,2,-37.0445,1.6155,-1.2770
34.048,2,-37.0333,1.6149,-1.2776
34.061,2,-37.0223,1.6145,-1.2782
34.075,2,-37.0114,1.6151,-1.2789
34.090,2,-36.9893,1.6166,-1.2802
34.103,2,-36.9782,1.6189,-1.2808
34.117,2,-36.9672,1.6215,-1.2814
34.131,2,-36.9565,1.6238,-1.2820
34.146,2,-36.9344,1.6275,-1.2829
34.159,2,-36.9234,1.6296,-1.2832
34.172,2,-36.9125,1.6316,-1.2835
34.186,2,-36.9022,1.6334,-1.2835
34.199,2,-36.8915,1.6356,-1.2835
34.216,2,-36.8701,1.6399,-1.2836
34.232,2,-36.8600,1.6423,-1.2832
34.246,2,-36.8392,1.6467,-1.2828
34.260,2,-36.8289,1.6489,-1.2825
34.273,2,-36.8188,1.6508,-1.2820
34.287,2,-36.7982,1.6544,-1.2811
34.301,2,-36.7881,1.6554,-1.2804
34.315,2,-36.7783,1.6563,-1.2798
34.329,2,-36.7685,1.6570,-1.2792
34.344,2,-36.7585,1.6574,-1.2785
34.358,2,-36.7387,1.6580,-1.2772
34.371,2,-36.7288,1.6576,-1.2764
34.385,2,-36.7192,1.6566,-1.2756
34.400,2,-36.6995,1.6549,-1.2740
34.414,2,-36.6895,1.6531,-1.2732
34.429,2,-36.6797,1.6509,-1.2724
34.443,2,-36.6699,1.6484,-1.2716
34.460,2,-36.6500,1.6440,-1.2699
34.473,2,-36.6401,1.6413,-1.2691
34.488,2,-36.6197,1.6363,-1.2674
34.502,2,-36.6095,1.6337,-1.2664
34.516,2,-36.5991,1.6314,-1.2654
34.530,2,-36.5887,1.6293,-1.2642
34.544,2,-36.5683,1.6250,-1.2619
34.559,2,-36.5580,1.6231,-1.2607
34.573,2,-36.5480,1.6216,-1.2590
34.589,2,-36.5276,1.6190,-1.2565
34.603,2,-36.5172,1.6186,-1.2550
34.617,2,-36.5070,1.6187,-1.2534
34.631,2,-36.4969,1.6194,-1.2518
34.645,2,-36.4768,1.6211,-1.2489
34.659,2,-36.4671,1.6234,-1.2474
34.674,2,-36.4576,1.6262,-1.2460
34.694,2,-36.4383,1.6303,-1.2434
34.711,2,-36.4189,1.6335,-1.2409
34.725,2,-36.4093,1.6345,-1.2399
34.739,2,-36.3996,1.6356,-1.2391
34.754,2,-36.3900,1.6371,-1.2384
34.768,2,-36.3708,1.6405,-1.2368
34.782,2,-36.3613,1.6422,-1.2362
34.796,2,-36.3521,1.6437,-1.2357
34.810,2,-36.3432,1.6452,-1.2352
34.825,2,-36.3251,1.6481,-1.2342
34.842,2,-36.3166,1.6493,-1.2339
34.859,2,-36.2990,1.6514,-1.2333
34.874,2,-36.2905,1.6522,-1.2332
34.888,2,-36.2732,1.6539,-1.2327
34.902,2,-36.2646,1.6543,-1.2326
34.919,2,-36.2563,1.6542,-1.2325
34.936,2,-36.2392,1.6544,-1.2322
34.951,2,-36.2306,1.6540,-1.2322
34.966,2,-36.2222,1.6534,-1.2321
34.979,2,-36.2052,1.6527,-1.2319
34.995,2,-36.1968,1.6518,-1.2319
35.009,2,-36.1799,1.6503,-1.2318
35.024,2,-36.1715,1.6488,-1.2318
35.039,2,-36.1630,1.6472,-1.2318
35.052,2,-36.1545,1.6455,-1.2318
35.066,2,-36.1373,1.6426,-1.2316
35.079,2,-36.1286,1.6410,-1.2318
35.092,2,-36.1199,1.6395,-1.2320
35.107,2,-36.1116,1.6380,-1.2324
35.121,2,-36.0944,1.6352,-1.2329
35.135,2,-36.0856,1.6338,-1.2335
35.148,2,-36.0770,1.6328,-1.2341
35.161,2,-36.0686,1.6323,-1.2347
35.175,2,-36.0513,1.6308,-1.2359
35.188,2,-36.0427,1.6301,-1.2366
35.202,2,-36.0341,1.6295,-1.2374
35.216,2,-36.0254,1.6297,-1.2381
35.229,2,-36.0082,1.6308,-1.2395
35.243,2,-35.9997,1.6318,-1.2402
35.258,2,-35.9912,1.6327,-1.2407
35.272,2,-35.9828,1.6342,-1.2413
35.285,2,-35.9660,1.6361,-1.2426
35.298,2,-35.9579,1.6387,-1.2430
35.313,2,-35.9497,1.6407,-1.2435
35.327,2,-35.9418,1.6424,-1.2440
35.341,2,-35.9338,1.6439,-1.2445
35.355,2,-35.9175,1.6466,-1.2450
35.369,2,-35.9094,1.6480,-1.2450
35.382,2,-35.9015,1.6496,-1.2450
35.396,2,-35.8935,1.6512,-1.2450
35.411,2,-35.8776,1.6544,-1.2448
35.424,2,-35.8697,1.6563,-1.2447
35.438,2,-35.8621,1.6583,-1.2441
35.456,2,-35.8470,1.6615,-1.2433
35.476,2,-35.8398,1.6623,-1.2428
35.491,2,-35.8251,1.6642,-1.2419
35.505,2,-35.8182,1.6646,-1.2416
35.519,2,-35.8040,1.6658,-1.2406
35.533,2,-35.7973,1.6660,-1.2400
35.547,2,-35.7906,1.6660,-1.2396
35.561,2,-35.7841,1.6659,-1.2392
35.576,2,-35.7707,1.6661,-1.2382
35.590,2,-35.7643,1.6658,-1.2376
35.603,2,-35.7580,1.6655,-1.2371
35.618,2,-35.7517,1.6651,-1.2367
35.632,2,-35.7389,1.6645,-1.2357
35.646,2,-35.7328,1.6640,-1.2352
35.661,2,-35.7267,1.6636,-1.2347
35.675,2,-35.7208,1.6630,-1.2339
35.689,2,-35.7088,1.6614,-1.2325
35.703,2,-35.7031,1.6604,-1.2320
35.717,2,-35.6975,1.6593,-1.2314
35.732,2,-35.6861,1.6575,-1.2300
35.747,2,-35.6806,1.6564,-1.2291
35.760,2,-35.6752,1.6554,-1.2282
35.775,2,-35.6699,1.6542,-1.2274
35.789,2,-35.6591,1.6520,-1.2254
35.802,2,-35.6539,1.6507,-1.2243
35.817,2,-35.6490,1.6494,-1.2230
35.830,2,-35.6387,1.6472,-1.2210
35.845,2,-35.6339,1.6463,-1.2196
35.859,2,-35.6290,1.6459,-1.2182
35.874,2,-35.6241,1.6457,-1.2167
35.889,2,-35.6140,1.6454,-1.2139
35.903,2,-35.6090,1.6465,-1.2124
35.918,2,-35.6040,1.6484,-1.2109
35.932,2,-35.5941,1.6502,-1.2080
35.947,2,-35.5894,1.6510,-1.2065
35.962,2,-35.5846,1.6517,-1.2051
35.976,2,-35.5751,1.6531,-1.2026
35.990,2,-35.5705,1.6540,-1.2013
36.005,2,-35.5658,1.6549,-1.2002
36.020,2,-35.5614,1.6556,-1.1991
36.036,2,-35.5525,1.6571,-1.1969
36.051,2,-35.5482,1.6577,-1.1960
36.065,2,-35.5395,1.6592,-1.1941
36.079,2,-35.5354,1.6598,-1.1933
36.093,2,-35.5316,1.6605,-1.1926
36.107,2,-35.5277,1.6614,-1.1919
36.122,2,-35.5201,1.6629,-1.1906
36.136,2,-35.5167,1.6635,-1.1901
36.151,2,-35.5135,1.6638,-1.1896
36.164,2,-35.5103,1.6642,-1.1893
36.178,2,-35.5037,1.6649,-1.1881
36.191,2,-35.5007,1.6651,-1.1877
36.205,2,-35.4978,1.6652,-1.1872
36.219,2,-35.4951,1.6653,-1.1869
36.237,2,-35.4895,1.6656,-1.1862
36.253,2,-35.4843,1.6657,-1.1856
36.267,2,-35.4820,1.6658,-1.1854
36.281,2,-35.4798,1.6659,-1.1855
36.294,2,-35.4775,1.6659,-1.1854
36.307,2,-35.4754,1.6660,-1.1855
36.321,2,-35.4708,1.6662,-1.1853
36.334,2,-35.4687,1.6664,-1.1854
36.347,2,-35.4668,1.6665,-1.1856
36.361,2,-35.4649,1.6666,-1.1858
36.375,2,-35.4609,1.6667,-1.1863
36.388,2,-35.4591,1.6666,-1.1867
36.403,2,-35.4574,1.6665,-1.1874
36.417,2,-35.4557,1.6665,-1.1881
36.431,2,-35.4522,1.6664,-1.1890
36.444,2,-35.4507,1.6661,-1.1898
36.458,2,-35.4492,1.6658,-1.1906
36.472,2,-35.4477,1.6656,-1.1913
36.486,2,-35.4446,1.6654,-1.1927
36.499,2,-35.4432,1.6659,-1.1936
36.513,2,-35.4418,1.6669,-1.1944
36.528,2,-35.4404,1.6675,-1.1954
36.541,2,-35.4390,1.6677,-1.1965
36.555,2,-35.4363,1.6679,-1.1984
36.569,2,-35.4351,1.6679,-1.1995
36.584,2,-35.4340,1.6679,-1.2004
36.598,2,-35.4314,1.6680,-1.2022
36.613,2,-35.4302,1.6678,-1.2031
36.626,2,-35.4290,1.6676,-1.2042
36.640,2,-35.4280,1.6673,-1.2051
36.655,2,-35.4270,1.6670,-1.2063
36.669,2,-35.4249,1.6666,-1.2083
36.683,2,-35.4240,1.6662,-1.2092
36.699,2,-35.4233,1.6659,-1.2103
36.715,2,-35.4218,1.6652,-1.2122
36.729,2,-35.4213,1.6648,-1.2130
36.743,2,-35.4207,1.6644,-1.2139
36.758,2,-35.4196,1.6636,-1.2156
36.772,2,-35.4192,1.6633,-1.2163
36.785,2,-35.4182,1.6627,-1.2179
36.798,2,-35.4178,1.6625,-1.2186
36.815,2,-35.4174,1.6625,-1.2193
36.829,2,-35.4170,1.6624,-1.2199
36.844,2,-35.4163,1.6622,-1.2212
36.862,2,-35.4160,1.6621,-1.2216
36.879,2,-35.4153,1.6620,-1.2225
36.892,2,-35.4149,1.6620,-1.2228
36.906,2,-35.4146,1.6620,-1.2231
36.920,2,-35.4139,1.6619,-1.2239
36.934,2,-35.4135,1.6620,-1.2242
36.948,2,-35.4132,1.6620,-1.2245
36.967,2,-35.4129,1.6620,-1.2247
36.980,2,-35.4123,1.6619,-1.2253
36.994,2,-35.4120,1.6619,-1.2256
37.010,2,-35.4115,1.6618,-1.2259
37.024,2,-35.4114,1.6619,-1.2261
37.038,2,-35.4112,1.6619,-1.2263
37.052,2,-35.4111,1.6619,-1.2263
37.066,2,-35.4108,1.6619,-1.2268
37.079,2,-35.4107,1.6620,-1.2270
37.092,2,-35.4106,1.6621,-1.2271
37.106,2,-35.4106,1.6622,-1.2272
37.120,2,-35.4104,1.6623,-1.2274
37.134,2,-35.4103,1.6623,-1.2275
37.148,2,-35.4103,1.6624,-1.2275
37.162,2,-35.4103,1.6625,-1.2275
37.178,2,-35.4102,1.6626,-1.2276
37.191,2,-35.4102,1.6627,-1.2276
37.205,2,-35.4103,1.6627,-1.2276
37.219,2,-35.4104,1.6627,-1.2277
37.233,2,-35.4106,1.6628,-1.2277
37.247,2,-35.4107,1.6630,-1.2277
37.260,2,-35.4109,1.6630,-1.2277

# --- Trial 3 start ---
46.112,3,-39.4699,1.6265,-1.2911
46.191,3,-39.4677,1.6271,-1.2879
46.224,3,-39.4665,1.6275,-1.2860
46.241,3,-39.4658,1.6276,-1.2853
46.255,3,-39.4654,1.6276,-1.2850
46.270,3,-39.4650,1.6276,-1.2847
46.286,3,-39.4645,1.6275,-1.2841
46.307,3,-39.4641,1.6272,-1.2836
46.321,3,-39.4639,1.6270,-1.2834
46.336,3,-39.4636,1.6268,-1.2833
46.351,3,-39.4631,1.6265,-1.2828
46.371,3,-39.4630,1.6263,-1.2826
46.388,3,-39.4624,1.6260,-1.2822
46.403,3,-39.4619,1.6258,-1.2818
46.417,3,-39.4616,1.6258,-1.2817
46.436,3,-39.4613,1.6258,-1.2814
46.450,3,-39.4606,1.6256,-1.2811
46.465,3,-39.4602,1.6254,-1.2809
46.480,3,-39.4598,1.6254,-1.2805
46.494,3,-39.4590,1.6252,-1.2800
46.508,3,-39.4587,1.6251,-1.2796
46.523,3,-39.4583,1.6249,-1.2793
46.539,3,-39.4580,1.6247,-1.2790
46.554,3,-39.4571,1.6244,-1.2783
46.569,3,-39.4568,1.6244,-1.2779
46.584,3,-39.4561,1.6241,-1.2771
46.599,3,-39.4557,1.6240,-1.2767
46.614,3,-39.4552,1.6239,-1.2761
46.629,3,-39.4546,1.6239,-1.2751
46.645,3,-39.4542,1.6239,-1.2744
46.662,3,-39.4535,1.6240,-1.2731
46.677,3,-39.4531,1.6239,-1.2723
46.692,3,-39.4527,1.6239,-1.2713
46.708,3,-39.4520,1.6239,-1.2695
46.723,3,-39.4515,1.6239,-1.2684
46.737,3,-39.4506,1.6239,-1.2664
46.754,3,-39.4501,1.6238,-1.2651
46.769,3,-39.4497,1.6237,-1.2638
46.784,3,-39.4487,1.6235,-1.2614
46.798,3,-39.4483,1.6233,-1.2599
46.813,3,-39.4480,1.6231,-1.2584
46.830,3,-39.4473,1.6226,-1.2555
46.847,3,-39.4464,1.6223,-1.2524
46.862,3,-39.4461,1.6220,-1.2508
46.879,3,-39.4460,1.6219,-1.2489
46.893,3,-39.4457,1.6217,-1.2472
46.908,3,-39.4454,1.6214,-1.2435
46.923,3,-39.4453,1.6212,-1.2416
46.937,3,-39.4450,1.6210,-1.2379
46.950,3,-39.4446,1.6209,-1.2360
46.964,3,-39.4442,1.6209,-1.2341
46.979,3,-39.4440,1.6208,-1.2322
46.993,3,-39.4434,1.6205,-1.2284
47.006,3,-39.4432,1.6204,-1.2265
47.021,3,-39.4428,1.6201,-1.2247
47.035,3,-39.4424,1.6199,-1.2229
47.049,3,-39.4417,1.6193,-1.2193
47.065,3,-39.4413,1.6188,-1.2177
47.082,3,-39.4408,1.6180,-1.2161
47.097,3,-39.4400,1.6165,-1.2128
47.112,3,-39.4395,1.6154,-1.2113
47.127,3,-39.4386,1.6135,-1.2083
47.145,3,-39.4383,1.6124,-1.2071
47.161,3,-39.4381,1.6112,-1.2060
47.175,3,-39.4375,1.6089,-1.2036
47.190,3,-39.4373,1.6077,-1.2027
47.204,3,-39.4370,1.6059,-1.2007
47.219,3,-39.4371,1.6052,-1.1999
47.233,3,-39.4371,1.6044,-1.1992
47.247,3,-39.4373,1.6035,-1.1986
47.263,3,-39.4373,1.6018,-1.1972
47.278,3,-39.4380,1.6010,-1.1966
47.293,3,-39.4377,1.5998,-1.1956
47.308,3,-39.4375,1.5993,-1.1952
47.325,3,-39.4375,1.5988,-1.1949
47.340,3,-39.4374,1.5977,-1.1940
47.354,3,-39.4374,1.5974,-1.1935
47.369,3,-39.4373,1.5970,-1.1931
47.384,3,-39.4370,1.5963,-1.1925
47.399,3,-39.4367,1.5960,-1.1922
47.414,3,-39.4364,1.5959,-1.1918
47.429,3,-39.4360,1.5954,-1.1911
47.447,3,-39.4356,1.5954,-1.1908
47.465,3,-39.4351,1.5951,-1.1902
47.480,3,-39.4347,1.5952,-1.1900
47.494,3,-39.4340,1.5950,-1.1895
47.509,3,-39.4338,1.5951,-1.1892
47.524,3,-39.4336,1.5950,-1.1890
47.539,3,-39.4334,1.5948,-1.1886
47.554,3,-39.4334,1.5948,-1.1885
47.570,3,-39.4332,1.5946,-1.1883
47.584,3,-39.4332,1.5943,-1.1883
47.602,3,-39.4332,1.5938,-1.1884
47.618,3,-39.4333,1.5930,-1.1885
47.633,3,-39.4335,1.5925,-1.1887
47.649,3,-39.4337,1.5915,-1.1889
47.663,3,-39.4340,1.5910,-1.1891
47.678,3,-39.4342,1.5906,-1.1894
47.693,3,-39.4345,1.5896,-1.1898
47.708,3,-39.4347,1.5884,-1.1900
47.722,3,-39.4349,1.5868,-1.1904
47.739,3,-39.4354,1.5882,-1.1908
47.757,3,-39.4346,1.5935,-1.1910
47.775,3,-39.4361,1.5959,-1.1911
47.789,3,-39.4367,1.5949,-1.1914
47.804,3,-39.4371,1.5954,-1.1921
47.818,3,-39.4367,1.5962,-1.1920
47.836,3,-39.4352,1.5969,-1.1922
47.851,3,-39.4349,1.5986,-1.1924
47.866,3,-39.4345,1.5989,-1.1924
47.880,3,-39.4339,1.5995,-1.1927
47.895,3,-39.4334,1.5991,-1.1929
47.909,3,-39.4329,1.5993,-1.1932
47.924,3,-39.4325,1.5997,-1.1932
47.938,3,-39.4314,1.6007,-1.1936
47.953,3,-39.4308,1.6008,-1.1938
47.968,3,-39.4305,1.6004,-1.1942
47.982,3,-39.4299,1.6000,-1.1942
47.995,3,-39.4289,1.5996,-1.1946
48.009,3,-39.4283,1.5998,-1.1949
48.024,3,-39.4266,1.5997,-1.1953
48.039,3,-39.4255,1.5996,-1.1955
48.053,3,-39.4243,1.5991,-1.1956
48.069,3,-39.4232,1.5989,-1.1957
48.083,3,-39.4210,1.5989,-1.1959
48.097,3,-39.4195,1.5994,-1.1962
48.112,3,-39.4180,1.5995,-1.1961
48.127,3,-39.4152,1.5994,-1.1962
48.142,3,-39.4134,1.5994,-1.1962
48.156,3,-39.4118,1.5995,-1.1963
48.171,3,-39.4087,1.5998,-1.1963
48.185,3,-39.4068,1.5998,-1.1963
48.199,3,-39.4047,1.5997,-1.1963
48.213,3,-39.4012,1.5997,-1.1963
48.231,3,-39.3992,1.5995,-1.1961
48.248,3,-39.3975,1.5997,-1.1960
48.262,3,-39.3938,1.5998,-1.1958
48.276,3,-39.3918,1.5997,-1.1956
48.290,3,-39.3880,1.5997,-1.1952
48.305,3,-39.3859,1.5997,-1.1949
48.322,3,-39.3840,1.6000,-1.1948
48.337,3,-39.3800,1.6001,-1.1943
48.351,3,-39.3780,1.6000,-1.1939
48.367,3,-39.3760,1.5999,-1.1934
48.381,3,-39.3718,1.5999,-1.1926
48.396,3,-39.3697,1.6000,-1.1922
48.411,3,-39.3674,1.6000,-1.1917
48.427,3,-39.3630,1.5998,-1.1905
48.441,3,-39.3607,1.5995,-1.1899
48.456,3,-39.3585,1.5990,-1.1892
48.472,3,-39.3539,1.5981,-1.1881
48.486,3,-39.3513,1.5974,-1.1876
48.501,3,-39.3489,1.5969,-1.1870
48.517,3,-39.3441,1.5962,-1.1859
48.531,3,-39.3415,1.5959,-1.1854
48.549,3,-39.3361,1.5956,-1.1848
48.567,3,-39.3329,1.5956,-1.1849
48.583,3,-39.3270,1.5955,-1.1846
48.597,3,-39.3239,1.5957,-1.1845
48.612,3,-39.3209,1.5959,-1.1846
48.627,3,-39.3147,1.5960,-1.1849
48.641,3,-39.3111,1.5958,-1.1852
48.656,3,-39.3074,1.5957,-1.1857
48.673,3,-39.3001,1.5952,-1.1864
48.687,3,-39.2962,1.5948,-1.1868
48.702,3,-39.2919,1.5944,-1.1875
48.717,3,-39.2836,1.5934,-1.1886
48.731,3,-39.2789,1.5925,-1.1895
48.748,3,-39.2697,1.5909,-1.1910
48.762,3,-39.2645,1.5897,-1.1920
48.777,3,-39.2594,1.5886,-1.1930
48.791,3,-39.2492,1.5861,-1.1949
48.806,3,-39.2435,1.5846,-1.1963
48.821,3,-39.2375,1.5831,-1.1977
48.835,3,-39.2315,1.5815,-1.1990
48.850,3,-39.2194,1.5785,-1.2017
48.865,3,-39.2127,1.5768,-1.2033
48.879,3,-39.2059,1.5752,-1.2050
48.894,3,-39.1925,1.5721,-1.2081
48.909,3,-39.1854,1.5703,-1.2098
48.925,3,-39.1713,1.5675,-1.2132
48.938,3,-39.1637,1.5663,-1.2151
48.956,3,-39.1558,1.5653,-1.2172
48.971,3,-39.1404,1.5631,-1.2211
48.986,3,-39.1324,1.5624,-1.2232
49.000,3,-39.1242,1.5623,-1.2254
49.015,3,-39.1080,1.5625,-1.2296
49.029,3,-39.0993,1.5641,-1.2318
49.044,3,-39.0904,1.5660,-1.2341
49.058,3,-39.0732,1.5684,-1.2384
49.072,3,-39.0641,1.5709,-1.2407
49.085,3,-39.0553,1.5733,-1.2430
49.101,3,-39.0470,1.5757,-1.2449
49.119,3,-39.0302,1.5797,-1.2489
49.134,3,-39.0221,1.5815,-1.2507
49.150,3,-39.0058,1.5851,-1.2541
49.164,3,-38.9977,1.5867,-1.2556
49.181,3,-38.9814,1.5901,-1.2585
49.197,3,-38.9729,1.5917,-1.2597
49.211,3,-38.9569,1.5949,-1.2621
49.226,3,-38.9490,1.5964,-1.2630
49.240,3,-38.9412,1.5976,-1.2637
49.254,3,-38.9335,1.5986,-1.2644
49.269,3,-38.9179,1.6006,-1.2662
49.282,3,-38.9102,1.6012,-1.2668
49.296,3,-38.9026,1.6016,-1.2674
49.311,3,-38.8955,1.6019,-1.2679
49.325,3,-38.8803,1.6028,-1.2694
49.339,3,-38.8726,1.6027,-1.2700
49.353,3,-38.8647,1.6025,-1.2707
49.367,3,-38.8571,1.6023,-1.2713
49.382,3,-38.8413,1.6022,-1.2727
49.395,3,-38.8331,1.6020,-1.2734
49.410,3,-38.8250,1.6016,-1.2742
49.424,3,-38.8165,1.6008,-1.2750
49.439,3,-38.8000,1.5993,-1.2763
49.453,3,-38.7915,1.5979,-1.2769
49.469,3,-38.7750,1.5956,-1.2780
49.483,3,-38.7662,1.5937,-1.2783
49.498,3,-38.7577,1.5919,-1.2785
49.514,3,-38.7402,1.5887,-1.2791
49.528,3,-38.7314,1.5868,-1.2792
49.543,3,-38.7226,1.5852,-1.2792
49.557,3,-38.7135,1.5838,-1.2791
49.573,3,-38.6958,1.5813,-1.2790
49.588,3,-38.6868,1.5805,-1.2786
49.603,3,-38.6690,1.5784,-1.2781
49.619,3,-38.6599,1.5777,-1.2775
49.633,3,-38.6509,1.5769,-1.2770
49.648,3,-38.6327,1.5764,-1.2761
49.663,3,-38.6233,1.5775,-1.2755
49.677,3,-38.6141,1.5789,-1.2748
49.692,3,-38.6046,1.5807,-1.2742
49.707,3,-38.5856,1.5843,-1.2730
49.721,3,-38.5758,1.5874,-1.2723
49.738,3,-38.5564,1.5914,-1.2711
49.753,3,-38.5467,1.5936,-1.2705
49.769,3,-38.5373,1.5954,-1.2698
49.783,3,-38.5181,1.5988,-1.2685
49.797,3,-38.5085,1.6005,-1.2680
49.812,3,-38.4994,1.6019,-1.2671
49.827,3,-38.4809,1.6048,-1.2655
49.842,3,-38.4718,1.6060,-1.2648
49.857,3,-38.4630,1.6068,-1.2639
49.872,3,-38.4452,1.6087,-1.2623
49.887,3,-38.4366,1.6089,-1.2615
49.902,3,-38.4188,1.6103,-1.2601
49.917,3,-38.4103,1.6107,-1.2593
49.932,3,-38.4017,1.6109,-1.2584
49.947,3,-38.3841,1.6115,-1.2565
49.962,3,-38.3752,1.6112,-1.2558
49.981,3,-38.3664,1.6107,-1.2550
49.995,3,-38.3486,1.6101,-1.2535
50.009,3,-38.3397,1.6094,-1.2527
50.023,3,-38.3307,1.6084,-1.2520
50.038,3,-38.3128,1.6066,-1.2506
50.053,3,-38.3037,1.6051,-1.2500
50.066,3,-38.2951,1.6036,-1.2493
50.081,3,-38.2769,1.6010,-1.2481
50.095,3,-38.2674,1.5994,-1.2477
50.109,3,-38.2578,1.5979,-1.2473
50.124,3,-38.2389,1.5950,-1.2465
50.138,3,-38.2291,1.5933,-1.2464
50.156,3,-38.2194,1.5918,-1.2462
50.170,3,-38.2001,1.5893,-1.2459
50.183,3,-38.1902,1.5887,-1.2459
50.198,3,-38.1803,1.5883,-1.2460
50.212,3,-38.1607,1.5864,-1.2461
50.226,3,-38.1509,1.5856,-1.2462
50.239,3,-38.1414,1.5856,-1.2465
50.254,3,-38.1318,1.5871,-1.2467
50.268,3,-38.1122,1.5884,-1.2468
50.282,3,-38.1020,1.5903,-1.2469
50.295,3,-38.0919,1.5925,-1.2469
50.310,3,-38.0816,1.5949,-1.2468
50.323,3,-38.0609,1.5988,-1.2463
50.337,3,-38.0505,1.6012,-1.2458
50.351,3,-38.0403,1.6034,-1.2451
50.366,3,-38.0301,1.6053,-1.2444
50.379,3,-38.0098,1.6089,-1.2430
50.393,3,-37.9998,1.6107,-1.2416
50.407,3,-37.9901,1.6124,-1.2401
50.421,3,-37.9804,1.6141,-1.2387
50.435,3,-37.9608,1.6176,-1.2360
50.449,3,-37.9513,1.6189,-1.2342
50.463,3,-37.9422,1.6199,-1.2324
50.477,3,-37.9334,1.6205,-1.2306
50.492,3,-37.9151,1.6219,-1.2271
50.505,3,-37.9061,1.6222,-1.2253
50.520,3,-37.8971,1.6223,-1.2233
50.535,3,-37.8883,1.6222,-1.2213
50.551,3,-37.8705,1.6222,-1.2174
50.566,3,-37.8615,1.6216,-1.2152
50.581,3,-37.8436,1.6208,-1.2111
50.596,3,-37.8345,1.6199,-1.2088
50.611,3,-37.8257,1.6188,-1.2065
50.626,3,-37.8078,1.6167,-1.2020
50.642,3,-37.7990,1.6150,-1.1997
50.657,3,-37.7904,1.6133,-1.1973
50.673,3,-37.7723,1.6101,-1.1925
50.687,3,-37.7630,1.6081,-1.1901
50.702,3,-37.7537,1.6060,-1.1876
50.717,3,-37.7353,1.6022,-1.1825
50.733,3,-37.7258,1.6004,-1.1800
50.748,3,-37.7070,1.5972,-1.1750
50.762,3,-37.6976,1.5959,-1.1726
50.777,3,-37.6882,1.5949,-1.1702
50.793,3,-37.6699,1.5926,-1.1654
50.808,3,-37.6608,1.5920,-1.1631
50.822,3,-37.6516,1.5917,-1.1608
50.837,3,-37.6330,1.5923,-1.1562
50.853,3,-37.6234,1.5948,-1.1539
50.869,3,-37.6047,1.5978,-1.1495
50.884,3,-37.5949,1.6002,-1.1476
50.900,3,-37.5851,1.6031,-1.1456
50.919,3,-37.5656,1.6069,-1.1420
50.937,3,-37.5461,1.6108,-1.1388
50.951,3,-37.5363,1.6129,-1.1377
50.966,3,-37.5264,1.6149,-1.1366
50.981,3,-37.5070,1.6186,-1.1344
50.995,3,-37.4974,1.6205,-1.1337
51.013,3,-37.4882,1.6224,-1.1334
51.028,3,-37.4694,1.6258,-1.1321
51.043,3,-37.4603,1.6271,-1.1318
51.057,3,-37.4514,1.6283,-1.1315
51.075,3,-37.4333,1.6306,-1.1308
51.093,3,-37.4154,1.6325,-1.1304
51.106,3,-37.4067,1.6330,-1.1303
51.122,3,-37.3978,1.6330,-1.1304
51.141,3,-37.3800,1.6330,-1.1305
51.156,3,-37.3620,1.6329,-1.1306
51.171,3,-37.3530,1.6320,-1.1308
51.188,3,-37.3442,1.6308,-1.1310
51.203,3,-37.3264,1.6289,-1.1313
51.217,3,-37.3174,1.6273,-1.1315
51.231,3,-37.3085,1.6254,-1.1318
51.244,3,-37.2995,1.6235,-1.1321
51.259,3,-37.2815,1.6203,-1.1328
51.273,3,-37.2723,1.6186,-1.1333
51.288,3,-37.2630,1.6168,-1.1339
51.301,3,-37.2446,1.6136,-1.1350
51.315,3,-37.2353,1.6120,-1.1358
51.329,3,-37.2257,1.6108,-1.1368
51.344,3,-37.2164,1.6100,-1.1378
51.358,3,-37.2068,1.6096,-1.1388
51.373,3,-37.1877,1.6083,-1.1410
51.386,3,-37.1781,1.6076,-1.1424
51.399,3,-37.1687,1.6068,-1.1439
51.414,3,-37.1594,1.6068,-1.1454
51.429,3,-37.1405,1.6075,-1.1485
51.443,3,-37.1313,1.6085,-1.1501
51.457,3,-37.1124,1.6096,-1.1534
51.470,3,-37.1027,1.6115,-1.1554
51.487,3,-37.0930,1.6141,-1.1573
51.502,3,-37.0831,1.6164,-1.1589
51.516,3,-37.0640,1.6201,-1.1623
51.529,3,-37.0542,1.6222,-1.1640
51.544,3,-37.0443,1.6241,-1.1656
51.558,3,-37.0349,1.6259,-1.1671
51.572,3,-37.0249,1.6279,-1.1685
51.587,3,-37.0060,1.6316,-1.1713
51.601,3,-36.9970,1.6335,-1.1726
51.614,3,-36.9872,1.6354,-1.1739
51.629,3,-36.9690,1.6386,-1.1764
51.643,3,-36.9604,1.6396,-1.1773
51.657,3,-36.9515,1.6404,-1.1782
51.673,3,-36.9429,1.6409,-1.1791
51.687,3,-36.9257,1.6423,-1.1811
51.704,3,-36.9173,1.6422,-1.1820
51.718,3,-36.9087,1.6422,-1.1829
51.733,3,-36.8920,1.6422,-1.1848
51.749,3,-36.8837,1.6413,-1.1856
51.763,3,-36.8754,1.6407,-1.1864
51.777,3,-36.8670,1.6400,-1.1872
51.791,3,-36.8505,1.6389,-1.1888
51.805,3,-36.8421,1.6378,-1.1895
51.820,3,-36.8338,1.6364,-1.1902
51.835,3,-36.8171,1.6340,-1.1916
51.851,3,-36.8087,1.6324,-1.1923
51.865,3,-36.8002,1.6309,-1.1928
51.880,3,-36.7834,1.6278,-1.1938
51.894,3,-36.7748,1.6258,-1.1942
51.909,3,-36.7664,1.6239,-1.1944
51.924,3,-36.7580,1.6223,-1.1946
51.939,3,-36.7412,1.6195,-1.1951
51.954,3,-36.7327,1.6185,-1.1951
51.968,3,-36.7158,1.6162,-1.1953
51.982,3,-36.7073,1.6153,-1.1952
51.997,3,-36.6990,1.6145,-1.1950
52.011,3,-36.6905,1.6136,-1.1949
52.026,3,-36.6735,1.6121,-1.1946
52.041,3,-36.6649,1.6128,-1.1943
52.054,3,-36.6564,1.6137,-1.1941
52.070,3,-36.6394,1.6144,-1.1938
52.085,3,-36.6309,1.6159,-1.1937
52.099,3,-36.6224,1.6181,-1.1937
52.114,3,-36.6051,1.6219,-1.1938
52.128,3,-36.5963,1.6241,-1.1939
52.143,3,-36.5875,1.6264,-1.1943
52.158,3,-36.5695,1.6306,-1.1949
52.173,3,-36.5603,1.6330,-1.1953
52.192,3,-36.5421,1.6375,-1.1960
52.210,3,-36.5241,1.6417,-1.1969
52.224,3,-36.5154,1.6438,-1.1975
52.242,3,-36.5072,1.6455,-1.1981
52.256,3,-36.4987,1.6470,-1.1987
52.270,3,-36.4818,1.6499,-1.1999
52.284,3,-36.4735,1.6510,-1.2005
52.299,3,-36.4654,1.6519,-1.2011
52.312,3,-36.4488,1.6539,-1.2022
52.326,3,-36.4406,1.6542,-1.2026
52.339,3,-36.4324,1.6544,-1.2031
52.353,3,-36.4244,1.6541,-1.2036
52.367,3,-36.4079,1.6540,-1.2046
52.380,3,-36.3997,1.6533,-1.2050
52.395,3,-36.3914,1.6525,-1.2054
52.409,3,-36.3832,1.6517,-1.2059
52.424,3,-36.3668,1.6501,-1.2068
52.437,3,-36.3586,1.6485,-1.2072
52.450,3,-36.3504,1.6469,-1.2077
52.465,3,-36.3424,1.6452,-1.2082
52.479,3,-36.3259,1.6425,-1.2090
52.493,3,-36.3175,1.6409,-1.2096
52.505,3,-36.3090,1.6393,-1.2102
52.520,3,-36.3010,1.6379,-1.2108
52.534,3,-36.2842,1.6348,-1.2123
52.548,3,-36.2757,1.6335,-1.2133
52.562,3,-36.2671,1.6325,-1.2143
52.575,3,-36.2586,1.6319,-1.2154
52.589,3,-36.2415,1.6303,-1.2173
52.603,3,-36.2328,1.6296,-1.2184
52.616,3,-36.2242,1.6288,-1.2196
52.630,3,-36.2157,1.6281,-1.2208
52.645,3,-36.2073,1.6285,-1.2220
52.658,3,-36.1903,1.6290,-1.2243
52.672,3,-36.1820,1.6302,-1.2256
52.685,3,-36.1737,1.6310,-1.2268
52.699,3,-36.1655,1.6324,-1.2280
52.713,3,-36.1489,1.6349,-1.2303
52.726,3,-36.1407,1.6371,-1.2312
52.740,3,-36.1324,1.6391,-1.2322
52.755,3,-36.1243,1.6409,-1.2331
52.769,3,-36.1076,1.6439,-1.2351
52.784,3,-36.0993,1.6454,-1.2359
52.797,3,-36.0910,1.6471,-1.2365
52.811,3,-36.0828,1.6485,-1.2370
52.827,3,-36.0662,1.6514,-1.2380
52.841,3,-36.0580,1.6527,-1.2383
52.856,3,-36.0499,1.6540,-1.2384
52.871,3,-36.0339,1.6567,-1.2387
52.885,3,-36.0263,1.6577,-1.2385
52.899,3,-36.0188,1.6583,-1.2382
52.915,3,-36.0034,1.6596,-1.2379
52.930,3,-35.9961,1.6596,-1.2374
52.944,3,-35.9888,1.6597,-1.2369
52.962,3,-35.9741,1.6599,-1.2359
52.981,3,-35.9594,1.6594,-1.2347
52.994,3,-35.9522,1.6588,-1.2338
53.009,3,-35.9450,1.6581,-1.2328
53.024,3,-35.9379,1.6574,-1.2319
53.038,3,-35.9234,1.6562,-1.2303
53.052,3,-35.9164,1.6553,-1.2293
53.067,3,-35.9021,1.6537,-1.2274
53.081,3,-35.8950,1.6527,-1.2263
53.098,3,-35.8878,1.6518,-1.2251
53.112,3,-35.8735,1.6502,-1.2228
53.126,3,-35.8662,1.6493,-1.2215
53.139,3,-35.8589,1.6481,-1.2203
53.155,3,-35.8517,1.6469,-1.2188
53.174,3,-35.8373,1.6446,-1.2161
53.189,3,-35.8231,1.6423,-1.2132
53.203,3,-35.8160,1.6411,-1.2117
53.217,3,-35.8091,1.6397,-1.2102
53.232,3,-35.8023,1.6383,-1.2086
53.247,3,-35.7884,1.6357,-1.2055
53.261,3,-35.7816,1.6347,-1.2038
53.279,3,-35.7751,1.6346,-1.2020
53.298,3,-35.7614,1.6343,-1.1986
53.312,3,-35.7479,1.6365,-1.1952
53.326,3,-35.7410,1.6384,-1.1935
53.340,3,-35.7340,1.6408,-1.1919
53.354,3,-35.7271,1.6428,-1.1902
53.369,3,-35.7131,1.6457,-1.1868
53.384,3,-35.7062,1.6472,-1.1852
53.399,3,-35.6993,1.6483,-1.1838
53.413,3,-35.6857,1.6506,-1.1808
53.431,3,-35.6789,1.6515,-1.1796
53.447,3,-35.6726,1.6523,-1.1787
53.461,3,-35.6597,1.6541,-1.1764
53.475,3,-35.6535,1.6550,-1.1756
53.489,3,-35.6411,1.6568,-1.1736
53.503,3,-35.6352,1.6574,-1.1727
53.517,3,-35.6294,1.6579,-1.1719
53.530,3,-35.6237,1.6584,-1.1711
53.544,3,-35.6119,1.6597,-1.1695
53.558,3,-35.6064,1.6602,-1.1691
53.572,3,-35.6009,1.6607,-1.1685
53.586,3,-35.5957,1.6612,-1.1681
53.600,3,-35.5903,1.6616,-1.1678
53.613,3,-35.5794,1.6624,-1.1668
53.627,3,-35.5743,1.6625,-1.1667
53.642,3,-35.5692,1.6627,-1.1661
53.656,3,-35.5589,1.6629,-1.1652
53.669,3,-35.5540,1.6628,-1.1650
53.684,3,-35.5491,1.6627,-1.1647
53.697,3,-35.5446,1.6624,-1.1646
53.711,3,-35.5351,1.6622,-1.1640
53.724,3,-35.5307,1.6619,-1.1640
53.741,3,-35.5264,1.6614,-1.1642
53.757,3,-35.5177,1.6605,-1.1643
53.770,3,-35.5137,1.6598,-1.1645
53.785,3,-35.5099,1.6591,-1.1646
53.798,3,-35.5060,1.6586,-1.1650
53.811,3,-35.4981,1.6574,-1.1656
53.825,3,-35.4945,1.6567,-1.1661
53.838,3,-35.4907,1.6560,-1.1666
53.852,3,-35.4872,1.6553,-1.1673
53.866,3,-35.4799,1.6539,-1.1684
53.881,3,-35.4764,1.6532,-1.1691
53.895,3,-35.4729,1.6529,-1.1699
53.909,3,-35.4694,1.6528,-1.1708
53.924,3,-35.4624,1.6524,-1.1723
53.938,3,-35.4589,1.6531,-1.1732
53.953,3,-35.4554,1.6544,-1.1741
53.966,3,-35.4486,1.6561,-1.1759
53.980,3,-35.4452,1.6568,-1.1769
53.995,3,-35.4419,1.6572,-1.1779
54.009,3,-35.4387,1.6578,-1.1788
54.023,3,-35.4321,1.6587,-1.1806
54.037,3,-35.4288,1.6590,-1.1813
54.055,3,-35.4257,1.6591,-1.1821
54.072,3,-35.4193,1.6593,-1.1838
54.086,3,-35.4161,1.6593,-1.1848
54.102,3,-35.4099,1.6595,-1.1862
54.115,3,-35.4069,1.6596,-1.1868
54.130,3,-35.4042,1.6597,-1.1873
54.143,3,-35.4014,1.6597,-1.1880
54.159,3,-35.3958,1.6599,-1.1889
54.173,3,-35.3932,1.6599,-1.1893
54.186,3,-35.3907,1.6603,-1.1895
54.203,3,-35.3856,1.6613,-1.1900
54.217,3,-35.3834,1.6619,-1.1899
54.231,3,-35.3812,1.6621,-1.1899
54.245,3,-35.3767,1.6625,-1.1901
54.259,3,-35.3747,1.6626,-1.1899
54.274,3,-35.3728,1.6626,-1.1899
54.288,3,-35.3688,1.6627,-1.1896
54.303,3,-35.3670,1.6625,-1.1894
54.317,3,-35.3652,1.6622,-1.1891
54.332,3,-35.3636,1.6619,-1.1887
54.345,3,-35.3600,1.6614,-1.1882
54.360,3,-35.3584,1.6611,-1.1878
54.375,3,-35.3569,1.6605,-1.1874
54.389,3,-35.3539,1.6596,-1.1868
54.403,3,-35.3528,1.6589,-1.1862
54.417,3,-35.3518,1.6587,-1.1856
54.432,3,-35.3508,1.6591,-1.1837
54.447,3,-35.3487,1.6593,-1.1826
54.461,3,-35.3478,1.6590,-1.1821
54.475,3,-35.3468,1.6590,-1.1814
54.489,3,-35.3457,1.6592,-1.1808
54.503,3,-35.3435,1.6593,-1.1796
54.517,3,-35.3424,1.6593,-1.1791
54.535,3,-35.3413,1.6592,-1.1784
54.552,3,-35.3392,1.6587,-1.1772
54.567,3,-35.3372,1.6581,-1.1762
54.580,3,-35.3364,1.6575,-1.1756
54.594,3,-35.3357,1.6570,-1.1751
54.607,3,-35.3350,1.6565,-1.1747
54.621,3,-35.3342,1.6558,-1.1742
54.635,3,-35.3327,1.6547,-1.1731
54.648,3,-35.3320,1.6540,-1.1727
54.661,3,-35.3315,1.6534,-1.1722
54.675,3,-35.3310,1.6527,-1.1717
54.691,3,-35.3299,1.6514,-1.1708
54.707,3,-35.3296,1.6507,-1.1704
54.720,3,-35.3291,1.6502,-1.1700
54.733,3,-35.3287,1.6496,-1.1697
54.747,3,-35.3279,1.6485,-1.1691
54.760,3,-35.3275,1.6480,-1.1688
54.774,3,-35.3273,1.6475,-1.1685
54.787,3,-35.3266,1.6464,-1.1679
54.802,3,-35.3264,1.6458,-1.1672
54.815,3,-35.3263,1.6450,-1.1671
54.829,3,-35.3262,1.6442,-1.1668
54.843,3,-35.3258,1.6426,-1.1660
54.855,3,-35.3257,1.6417,-1.1658
54.870,3,-35.3256,1.6408,-1.1657
54.884,3,-35.3254,1.6397,-1.1656
54.897,3,-35.3251,1.6376,-1.1651
54.912,3,-35.3251,1.6363,-1.1649
54.925,3,-35.3252,1.6350,-1.1649
54.940,3,-35.3253,1.6336,-1.1647
54.953,3,-35.3253,1.6311,-1.1645
54.967,3,-35.3253,1.6298,-1.1644
54.982,3,-35.3252,1.6284,-1.1643
54.997,3,-35.3251,1.6272,-1.1642
55.011,3,-35.3251,1.6260,-1.1641
55.024,3,-35.3251,1.6237,-1.1640
55.038,3,-35.3251,1.6226,-1.1640
55.052,3,-35.3251,1.6215,-1.1639
55.067,3,-35.3248,1.6195,-1.1637
55.080,3,-35.3245,1.6187,-1.1637
55.094,3,-35.3242,1.6179,-1.1636
55.108,3,-35.3240,1.6172,-1.1635
55.123,3,-35.3235,1.6156,-1.1636
55.136,3,-35.3232,1.6149,-1.1635
55.150,3,-35.3228,1.6142,-1.1634
55.165,3,-35.3224,1.6136,-1.1633
55.180,3,-35.3219,1.6122,-1.1629

# --- Trial 4 start ---
65.946,4,-39.4113,1.6362,-1.3004
66.022,4,-39.4113,1.6356,-1.2982
66.043,4,-39.4113,1.6352,-1.2973
66.071,4,-39.4113,1.6351,-1.2971
66.087,4,-39.4115,1.6348,-1.2962
66.100,4,-39.4116,1.6348,-1.2960
66.116,4,-39.4116,1.6347,-1.2958
66.130,4,-39.4118,1.6346,-1.2953
66.144,4,-39.4119,1.6345,-1.2950
66.159,4,-39.4120,1.6344,-1.2949
66.174,4,-39.4121,1.6344,-1.2945
66.188,4,-39.4122,1.6344,-1.2943
66.203,4,-39.4124,1.6344,-1.2942
66.218,4,-39.4125,1.6345,-1.2938
66.231,4,-39.4126,1.6346,-1.2936
66.245,4,-39.4127,1.6345,-1.2934
66.261,4,-39.4127,1.6346,-1.2933
66.276,4,-39.4128,1.6346,-1.2930
66.291,4,-39.4127,1.6346,-1.2930
66.306,4,-39.4128,1.6347,-1.2927
66.320,4,-39.4128,1.6348,-1.2926
66.335,4,-39.4128,1.6348,-1.2924
66.350,4,-39.4126,1.6349,-1.2923
66.365,4,-39.4126,1.6349,-1.2920
66.380,4,-39.4126,1.6349,-1.2919
66.395,4,-39.4125,1.6349,-1.2915
66.409,4,-39.4125,1.6349,-1.2913
66.423,4,-39.4125,1.6350,-1.2910
66.438,4,-39.4123,1.6351,-1.2905
66.451,4,-39.4120,1.6352,-1.2901
66.466,4,-39.4119,1.6354,-1.2896
66.480,4,-39.4116,1.6355,-1.2890
66.496,4,-39.4112,1.6357,-1.2879
66.510,4,-39.4109,1.6357,-1.2871
66.524,4,-39.4103,1.6356,-1.2863
66.542,4,-39.4098,1.6355,-1.2846
66.559,4,-39.4093,1.6353,-1.2835
66.574,4,-39.4085,1.6349,-1.2814
66.587,4,-39.4079,1.6346,-1.2801
66.602,4,-39.4073,1.6343,-1.2789
66.617,4,-39.4063,1.6341,-1.2764
66.631,4,-39.4058,1.6340,-1.2748
66.647,4,-39.4051,1.6340,-1.2731
66.661,4,-39.4038,1.6342,-1.2700
66.675,4,-39.4030,1.6345,-1.2683
66.690,4,-39.4022,1.6349,-1.2666
66.705,4,-39.4005,1.6352,-1.2633
66.719,4,-39.3996,1.6351,-1.2616
66.733,4,-39.3986,1.6347,-1.2601
66.748,4,-39.3975,1.6339,-1.2585
66.763,4,-39.3954,1.6325,-1.2554
66.778,4,-39.3941,1.6320,-1.2540
66.792,4,-39.3929,1.6320,-1.2528
66.806,4,-39.3905,1.6322,-1.2505
66.820,4,-39.3893,1.6325,-1.2498
66.834,4,-39.3881,1.6326,-1.2492
66.850,4,-39.3856,1.6325,-1.2479
66.864,4,-39.3843,1.6326,-1.2476
66.879,4,-39.3830,1.6331,-1.2473
66.893,4,-39.3803,1.6338,-1.2465
66.907,4,-39.3790,1.6342,-1.2463
66.921,4,-39.3775,1.6344,-1.2464
66.936,4,-39.3760,1.6344,-1.2464
66.951,4,-39.3730,1.6346,-1.2462
66.965,4,-39.3712,1.6346,-1.2464
66.980,4,-39.3695,1.6344,-1.2467
66.995,4,-39.3662,1.6339,-1.2470
67.013,4,-39.3645,1.6326,-1.2472
67.031,4,-39.3609,1.6303,-1.2477
67.045,4,-39.3589,1.6281,-1.2481
67.059,4,-39.3571,1.6259,-1.2485
67.075,4,-39.3534,1.6217,-1.2491
67.089,4,-39.3514,1.6190,-1.2496
67.104,4,-39.3494,1.6159,-1.2501
67.120,4,-39.3457,1.6105,-1.2511
67.135,4,-39.3437,1.6072,-1.2518
67.150,4,-39.3401,1.6021,-1.2532
67.164,4,-39.3383,1.6000,-1.2541
67.181,4,-39.3366,1.5982,-1.2550
67.196,4,-39.3330,1.5943,-1.2569
67.212,4,-39.3315,1.5927,-1.2581
67.226,4,-39.3303,1.5904,-1.2593
67.241,4,-39.3274,1.5884,-1.2613
67.256,4,-39.3263,1.5903,-1.2625
67.271,4,-39.3242,1.5927,-1.2634
67.288,4,-39.3230,1.5941,-1.2643
67.303,4,-39.3199,1.5970,-1.2660
67.322,4,-39.3171,1.6025,-1.2675
67.339,4,-39.3151,1.6079,-1.2686
67.353,4,-39.3147,1.6106,-1.2687
67.371,4,-39.3136,1.6135,-1.2688
67.386,4,-39.3115,1.6184,-1.2693
67.401,4,-39.3104,1.6207,-1.2688
67.415,4,-39.3093,1.6228,-1.2688
67.431,4,-39.3070,1.6277,-1.2690
67.445,4,-39.3055,1.6298,-1.2687
67.459,4,-39.3039,1.6312,-1.2686
67.475,4,-39.3014,1.6337,-1.2681
67.490,4,-39.3002,1.6340,-1.2675
67.505,4,-39.2977,1.6360,-1.2668
67.519,4,-39.2963,1.6360,-1.2662
67.536,4,-39.2949,1.6361,-1.2653
67.552,4,-39.2922,1.6361,-1.2640
67.568,4,-39.2907,1.6357,-1.2635
67.584,4,-39.2881,1.6360,-1.2621
67.598,4,-39.2864,1.6358,-1.2613
67.613,4,-39.2847,1.6357,-1.2601
67.629,4,-39.2814,1.6353,-1.2580
67.643,4,-39.2797,1.6350,-1.2570
67.658,4,-39.2779,1.6347,-1.2560
67.673,4,-39.2744,1.6342,-1.2541
67.689,4,-39.2727,1.6334,-1.2529
67.705,4,-39.2707,1.6322,-1.2515
67.720,4,-39.2667,1.6310,-1.2495
67.734,4,-39.2645,1.6303,-1.2484
67.749,4,-39.2602,1.6291,-1.2464
67.762,4,-39.2580,1.6282,-1.2453
67.776,4,-39.2554,1.6273,-1.2442
67.794,4,-39.2528,1.6266,-1.2430
67.810,4,-39.2475,1.6258,-1.2412
67.824,4,-39.2441,1.6260,-1.2408
67.839,4,-39.2383,1.6254,-1.2393
67.853,4,-39.2350,1.6251,-1.2388
67.867,4,-39.2317,1.6245,-1.2385
67.881,4,-39.2281,1.6236,-1.2383
67.896,4,-39.2213,1.6218,-1.2373
67.911,4,-39.2170,1.6207,-1.2373
67.926,4,-39.2126,1.6193,-1.2371
67.940,4,-39.2041,1.6170,-1.2368
67.957,4,-39.1990,1.6154,-1.2368
67.973,4,-39.1890,1.6130,-1.2370
67.988,4,-39.1829,1.6117,-1.2374
68.002,4,-39.1767,1.6102,-1.2378
68.015,4,-39.1702,1.6087,-1.2379
68.029,4,-39.1579,1.6063,-1.2384
68.043,4,-39.1506,1.6056,-1.2390
68.057,4,-39.1431,1.6045,-1.2395
68.071,4,-39.1285,1.6022,-1.2406
68.085,4,-39.1210,1.6009,-1.2412
68.102,4,-39.1133,1.5993,-1.2418
68.120,4,-39.0982,1.5972,-1.2431
68.138,4,-39.0825,1.5960,-1.2450
68.153,4,-39.0738,1.5961,-1.2462
68.167,4,-39.0653,1.5960,-1.2471
68.182,4,-39.0569,1.5961,-1.2481
68.196,4,-39.0404,1.5960,-1.2499
68.211,4,-39.0313,1.5969,-1.2510
68.226,4,-39.0221,1.5984,-1.2523
68.241,4,-39.0045,1.6011,-1.2546
68.256,4,-38.9952,1.6029,-1.2556
68.271,4,-38.9861,1.6049,-1.2566
68.287,4,-38.9680,1.6088,-1.2587
68.302,4,-38.9589,1.6111,-1.2596
68.317,4,-38.9405,1.6150,-1.2615
68.331,4,-38.9314,1.6166,-1.2621
68.346,4,-38.9223,1.6178,-1.2628
68.361,4,-38.9037,1.6205,-1.2640
68.375,4,-38.8945,1.6219,-1.2643
68.389,4,-38.8850,1.6236,-1.2645
68.404,4,-38.8670,1.6272,-1.2650
68.419,4,-38.8577,1.6293,-1.2650
68.436,4,-38.8486,1.6308,-1.2650
68.450,4,-38.8301,1.6338,-1.2652
68.467,4,-38.8211,1.6346,-1.2651
68.481,4,-38.8125,1.6353,-1.2649
68.496,4,-38.8038,1.6354,-1.2644
68.510,4,-38.7860,1.6359,-1.2641
68.525,4,-38.7769,1.6351,-1.2641
68.540,4,-38.7589,1.6336,-1.2637
68.554,4,-38.7497,1.6317,-1.2634
68.569,4,-38.7407,1.6294,-1.2631
68.584,4,-38.7316,1.6271,-1.2628
68.599,4,-38.7128,1.6232,-1.2624
68.613,4,-38.7033,1.6203,-1.2620
68.627,4,-38.6935,1.6171,-1.2617
68.644,4,-38.6745,1.6116,-1.2608
68.658,4,-38.6643,1.6090,-1.2603
68.672,4,-38.6544,1.6068,-1.2597
68.688,4,-38.6341,1.6022,-1.2587
68.702,4,-38.6237,1.6000,-1.2580
68.716,4,-38.6133,1.5985,-1.2571
68.732,4,-38.5928,1.5957,-1.2554
68.747,4,-38.5821,1.5959,-1.2544
68.761,4,-38.5604,1.5953,-1.2525
68.776,4,-38.5494,1.5961,-1.2513
68.793,4,-38.5382,1.5970,-1.2501
68.808,4,-38.5163,1.5987,-1.2477
68.822,4,-38.5051,1.6011,-1.2465
68.836,4,-38.4939,1.6036,-1.2453
68.851,4,-38.4715,1.6069,-1.2433
68.864,4,-38.4604,1.6093,-1.2423
68.878,4,-38.4492,1.6118,-1.2416
68.893,4,-38.4381,1.6139,-1.2408
68.908,4,-38.4156,1.6175,-1.2396
68.922,4,-38.4041,1.6195,-1.2392
68.936,4,-38.3931,1.6214,-1.2390
68.950,4,-38.3713,1.6253,-1.2382
68.964,4,-38.3606,1.6273,-1.2380
68.978,4,-38.3497,1.6293,-1.2380
68.992,4,-38.3284,1.6331,-1.2378
69.006,4,-38.3174,1.6347,-1.2380
69.020,4,-38.3068,1.6360,-1.2381
69.034,4,-38.2960,1.6372,-1.2382
69.048,4,-38.2856,1.6381,-1.2382
69.064,4,-38.2641,1.6398,-1.2384
69.081,4,-38.2531,1.6395,-1.2386
69.095,4,-38.2318,1.6394,-1.2387
69.108,4,-38.2215,1.6384,-1.2387
69.123,4,-38.2112,1.6366,-1.2387
69.137,4,-38.1899,1.6339,-1.2388
69.151,4,-38.1791,1.6315,-1.2390
69.165,4,-38.1683,1.6289,-1.2391
69.179,4,-38.1577,1.6263,-1.2391
69.194,4,-38.1360,1.6213,-1.2393
69.208,4,-38.1251,1.6184,-1.2395
69.222,4,-38.1138,1.6157,-1.2398
69.236,4,-38.0916,1.6112,-1.2404
69.250,4,-38.0800,1.6093,-1.2408
69.265,4,-38.0683,1.6074,-1.2412
69.281,4,-38.0567,1.6056,-1.2416
69.296,4,-38.0337,1.6024,-1.2424
69.311,4,-38.0217,1.6023,-1.2431
69.324,4,-38.0102,1.6023,-1.2438
69.339,4,-37.9872,1.6016,-1.2449
69.357,4,-37.9754,1.6034,-1.2457
69.372,4,-37.9640,1.6054,-1.2464
69.387,4,-37.9407,1.6086,-1.2476
69.402,4,-37.9287,1.6112,-1.2482
69.417,4,-37.9052,1.6153,-1.2490
69.432,4,-37.8933,1.6178,-1.2492
69.447,4,-37.8816,1.6199,-1.2493
69.463,4,-37.8584,1.6236,-1.2495
69.478,4,-37.8470,1.6258,-1.2491
69.493,4,-37.8243,1.6303,-1.2488
69.506,4,-37.8133,1.6326,-1.2483
69.525,4,-37.8024,1.6350,-1.2476
69.539,4,-37.7802,1.6394,-1.2468
69.553,4,-37.7694,1.6413,-1.2462
69.568,4,-37.7587,1.6428,-1.2455
69.583,4,-37.7372,1.6458,-1.2443
69.597,4,-37.7265,1.6467,-1.2435
69.611,4,-37.7159,1.6473,-1.2428
69.625,4,-37.7051,1.6476,-1.2422
69.640,4,-37.6835,1.6480,-1.2409
69.654,4,-37.6727,1.6469,-1.2400
69.668,4,-37.6621,1.6453,-1.2391
69.683,4,-37.6406,1.6427,-1.2375
69.701,4,-37.6296,1.6398,-1.2366
69.717,4,-37.6080,1.6356,-1.2349
69.731,4,-37.5970,1.6325,-1.2340
69.746,4,-37.5859,1.6295,-1.2330
69.762,4,-37.5635,1.6238,-1.2308
69.776,4,-37.5521,1.6207,-1.2294
69.791,4,-37.5408,1.6180,-1.2280
69.805,4,-37.5181,1.6131,-1.2255
69.820,4,-37.5064,1.6115,-1.2239
69.835,4,-37.4948,1.6103,-1.2224
69.849,4,-37.4718,1.6078,-1.2195
69.864,4,-37.4601,1.6077,-1.2179
69.879,4,-37.4487,1.6080,-1.2162
69.894,4,-37.4374,1.6089,-1.2145
69.909,4,-37.4146,1.6111,-1.2113
69.923,4,-37.4034,1.6137,-1.2097
69.938,4,-37.3810,1.6176,-1.2067
69.951,4,-37.3697,1.6202,-1.2052
69.965,4,-37.3589,1.6227,-1.2040
69.979,4,-37.3479,1.6244,-1.2028
69.993,4,-37.3255,1.6274,-1.2002
70.012,4,-37.3149,1.6292,-1.1994
70.027,4,-37.3042,1.6314,-1.1986
70.041,4,-37.2826,1.6353,-1.1968
70.056,4,-37.2721,1.6372,-1.1959
70.069,4,-37.2508,1.6411,-1.1944
70.083,4,-37.2405,1.6429,-1.1940
70.097,4,-37.2302,1.6445,-1.1935
70.110,4,-37.2199,1.6458,-1.1931
70.125,4,-37.2096,1.6470,-1.1927
70.139,4,-37.1888,1.6494,-1.1919
70.152,4,-37.1786,1.6500,-1.1916
70.169,4,-37.1687,1.6503,-1.1913
70.185,4,-37.1483,1.6507,-1.1906
70.199,4,-37.1378,1.6500,-1.1905
70.213,4,-37.1275,1.6491,-1.1903
70.227,4,-37.1071,1.6478,-1.1897
70.240,4,-37.0968,1.6463,-1.1896
70.256,4,-37.0866,1.6445,-1.1894
70.270,4,-37.0659,1.6418,-1.1890
70.284,4,-37.0556,1.6392,-1.1889
70.297,4,-37.0448,1.6367,-1.1889
70.313,4,-37.0340,1.6343,-1.1888
70.329,4,-37.0125,1.6305,-1.1889
70.345,4,-37.0014,1.6288,-1.1892
70.359,4,-36.9797,1.6255,-1.1895
70.373,4,-36.9690,1.6241,-1.1899
70.387,4,-36.9580,1.6229,-1.1903
70.401,4,-36.9471,1.6224,-1.1909
70.415,4,-36.9254,1.6212,-1.1919
70.429,4,-36.9146,1.6211,-1.1927
70.444,4,-36.9039,1.6216,-1.1936
70.458,4,-36.8931,1.6229,-1.1944
70.474,4,-36.8718,1.6256,-1.1960
70.487,4,-36.8610,1.6277,-1.1969
70.502,4,-36.8504,1.6304,-1.1976
70.517,4,-36.8291,1.6343,-1.1990
70.531,4,-36.8187,1.6366,-1.1996
70.545,4,-36.8085,1.6383,-1.1999
70.559,4,-36.7984,1.6400,-1.2001
70.575,4,-36.7779,1.6435,-1.2009
70.588,4,-36.7679,1.6456,-1.2011
70.602,4,-36.7583,1.6478,-1.2011
70.617,4,-36.7385,1.6520,-1.2013
70.631,4,-36.7289,1.6541,-1.2012
70.648,4,-36.7197,1.6559,-1.2011
70.663,4,-36.7005,1.6592,-1.2008
70.677,4,-36.6912,1.6603,-1.2005
70.691,4,-36.6819,1.6611,-1.2001
70.708,4,-36.6633,1.6625,-1.1996
70.722,4,-36.6541,1.6625,-1.1992
70.736,4,-36.6450,1.6618,-1.1987
70.752,4,-36.6267,1.6613,-1.1979
70.767,4,-36.6177,1.6597,-1.1973
70.782,4,-36.5993,1.6576,-1.1963
70.796,4,-36.5902,1.6556,-1.1957
70.813,4,-36.5809,1.6534,-1.1951
70.828,4,-36.5624,1.6498,-1.1940
70.842,4,-36.5530,1.6471,-1.1933
70.855,4,-36.5437,1.6444,-1.1926
70.870,4,-36.5251,1.6394,-1.1911
70.885,4,-36.5157,1.6367,-1.1902
70.899,4,-36.5062,1.6344,-1.1892
70.914,4,-36.4969,1.6325,-1.1881
70.930,4,-36.4781,1.6288,-1.1861
70.943,4,-36.4687,1.6276,-1.1849
70.957,4,-36.4592,1.6269,-1.1837
70.972,4,-36.4405,1.6250,-1.1814
70.989,4,-36.4311,1.6247,-1.1801
71.003,4,-36.4125,1.6241,-1.1777
71.018,4,-36.4033,1.6256,-1.1766
71.033,4,-36.3942,1.6276,-1.1753
71.047,4,-36.3853,1.6290,-1.1741
71.061,4,-36.3672,1.6320,-1.1717
71.074,4,-36.3583,1.6346,-1.1707
71.088,4,-36.3497,1.6366,-1.1697
71.102,4,-36.3409,1.6379,-1.1687
71.117,4,-36.3234,1.6406,-1.1669
71.130,4,-36.3147,1.6421,-1.1662
71.143,4,-36.3064,1.6436,-1.1655
71.158,4,-36.2891,1.6469,-1.1639
71.172,4,-36.2810,1.6484,-1.1633
71.189,4,-36.2730,1.6499,-1.1629
71.203,4,-36.2568,1.6532,-1.1619
71.217,4,-36.2491,1.6548,-1.1616
71.230,4,-36.2415,1.6562,-1.1613
71.245,4,-36.2341,1.6574,-1.1612
71.259,4,-36.2190,1.6599,-1.1608
71.271,4,-36.2118,1.6608,-1.1608
71.286,4,-36.2049,1.6613,-1.1608
71.301,4,-36.1979,1.6618,-1.1607
71.315,4,-36.1839,1.6626,-1.1606
71.328,4,-36.1769,1.6625,-1.1607
71.342,4,-36.1699,1.6625,-1.1608
71.355,4,-36.1630,1.6623,-1.1609
71.368,4,-36.1491,1.6624,-1.1610
71.384,4,-36.1423,1.6618,-1.1612
71.400,4,-36.1356,1.6608,-1.1613
71.415,4,-36.1219,1.6593,-1.1616
71.432,4,-36.1152,1.6577,-1.1618
71.448,4,-36.1085,1.6564,-1.1621
71.462,4,-36.0950,1.6542,-1.1626
71.475,4,-36.0881,1.6530,-1.1630
71.490,4,-36.0811,1.6517,-1.1634
71.505,4,-36.0672,1.6492,-1.1644
71.520,4,-36.0601,1.6478,-1.1649
71.533,4,-36.0529,1.6466,-1.1656
71.548,4,-36.0457,1.6456,-1.1663
71.563,4,-36.0314,1.6439,-1.1677
71.578,4,-36.0240,1.6434,-1.1686
71.592,4,-36.0165,1.6429,-1.1695
71.608,4,-36.0016,1.6418,-1.1713
71.622,4,-35.9940,1.6412,-1.1725
71.636,4,-35.9865,1.6406,-1.1736
71.650,4,-35.9718,1.6394,-1.1757
71.665,4,-35.9643,1.6395,-1.1769
71.679,4,-35.9569,1.6404,-1.1782
71.693,4,-35.9422,1.6411,-1.1806
71.707,4,-35.9349,1.6418,-1.1818
71.725,4,-35.9276,1.6433,-1.1830
71.740,4,-35.9131,1.6462,-1.1854
71.754,4,-35.9059,1.6480,-1.1866
71.769,4,-35.8988,1.6496,-1.1877
71.783,4,-35.8846,1.6524,-1.1901
71.797,4,-35.8776,1.6536,-1.1912
71.811,4,-35.8708,1.6545,-1.1922
71.825,4,-35.8569,1.6562,-1.1941
71.839,4,-35.8500,1.6568,-1.1949
71.853,4,-35.8432,1.6575,-1.1956
71.867,4,-35.8365,1.6582,-1.1963
71.881,4,-35.8230,1.6599,-1.1976
71.897,4,-35.8165,1.6608,-1.1980
71.914,4,-35.8104,1.6617,-1.1983
71.931,4,-35.7976,1.6632,-1.1991
71.945,4,-35.7913,1.6638,-1.1994
71.959,4,-35.7790,1.6647,-1.1999
71.972,4,-35.7731,1.6651,-1.2000
71.986,4,-35.7673,1.6653,-1.2001
72.001,4,-35.7616,1.6654,-1.2001
72.016,4,-35.7499,1.6658,-1.2001
72.029,4,-35.7443,1.6658,-1.1999
72.044,4,-35.7385,1.6659,-1.1997
72.058,4,-35.7326,1.6661,-1.1996
72.072,4,-35.7209,1.6664,-1.1992
72.086,4,-35.7150,1.6665,-1.1989
72.100,4,-35.7092,1.6664,-1.1986
72.114,4,-35.6975,1.6663,-1.1982
72.128,4,-35.6916,1.6660,-1.1978
72.143,4,-35.6858,1.6657,-1.1973
72.157,4,-35.6801,1.6653,-1.1969
72.171,4,-35.6688,1.6644,-1.1961
72.185,4,-35.6633,1.6636,-1.1956
72.198,4,-35.6577,1.6628,-1.1951
72.212,4,-35.6522,1.6619,-1.1944
72.226,4,-35.6411,1.6603,-1.1933
72.240,4,-35.6357,1.6593,-1.1927
72.254,4,-35.6303,1.6584,-1.1922
72.267,4,-35.6249,1.6573,-1.1914
72.282,4,-35.6140,1.6553,-1.1899
72.295,4,-35.6087,1.6542,-1.1890
72.309,4,-35.6034,1.6532,-1.1880
72.323,4,-35.5982,1.6523,-1.1871
72.337,4,-35.5876,1.6502,-1.1850
72.352,4,-35.5823,1.6489,-1.1839
72.366,4,-35.5773,1.6477,-1.1829
72.379,4,-35.5724,1.6468,-1.1816
72.394,4,-35.5623,1.6453,-1.1792
72.406,4,-35.5575,1.6453,-1.1777
72.421,4,-35.5527,1.6452,-1.1764
72.435,4,-35.5478,1.6455,-1.1750
72.449,4,-35.5379,1.6466,-1.1723
72.462,4,-35.5332,1.6479,-1.1709
72.476,4,-35.5284,1.6493,-1.1696
72.490,4,-35.5236,1.6505,-1.1681
72.502,4,-35.5140,1.6523,-1.1654
72.516,4,-35.5093,1.6535,-1.1642
72.533,4,-35.5045,1.6545,-1.1629
72.549,4,-35.4951,1.6563,-1.1605
72.563,4,-35.4906,1.6568,-1.1593
72.578,4,-35.4863,1.6570,-1.1583
72.592,4,-35.4774,1.6577,-1.1560
72.607,4,-35.4734,1.6579,-1.1553
72.621,4,-35.4694,1.6581,-1.1542
72.635,4,-35.4614,1.6589,-1.1522
72.649,4,-35.4578,1.6591,-1.1513
72.666,4,-35.4543,1.6594,-1.1507
72.681,4,-35.4471,1.6603,-1.1491
72.694,4,-35.4440,1.6610,-1.1484
72.707,4,-35.4411,1.6615,-1.1479
72.720,4,-35.4381,1.6618,-1.1474
72.735,4,-35.4321,1.6627,-1.1461
72.749,4,-35.4294,1.6631,-1.1456
72.763,4,-35.4269,1.6632,-1.1452
72.777,4,-35.4243,1.6633,-1.1448
72.790,4,-35.4191,1.6636,-1.1437
72.804,4,-35.4168,1.6636,-1.1435
72.818,4,-35.4146,1.6637,-1.1432
72.832,4,-35.4125,1.6638,-1.1428
72.846,4,-35.4080,1.6641,-1.1421
72.860,4,-35.4061,1.6641,-1.1420
72.874,4,-35.4041,1.6642,-1.1418
72.889,4,-35.4024,1.6642,-1.1417
72.905,4,-35.3986,1.6643,-1.1413
72.920,4,-35.3970,1.6642,-1.1412
72.934,4,-35.3955,1.6642,-1.1411
72.948,4,-35.3940,1.6645,-1.1411
72.963,4,-35.3910,1.6655,-1.1412
72.977,4,-35.3899,1.6659,-1.1412
72.992,4,-35.3873,1.6660,-1.1413
73.006,4,-35.3863,1.6661,-1.1416
73.020,4,-35.3852,1.6666,-1.1419
73.034,4,-35.3841,1.6669,-1.1420
73.049,4,-35.3819,1.6672,-1.1421
73.063,4,-35.3809,1.6672,-1.1423
73.077,4,-35.3800,1.6671,-1.1426
73.092,4,-35.3780,1.6671,-1.1431
73.106,4,-35.3771,1.6670,-1.1433
73.120,4,-35.3762,1.6670,-1.1435
73.133,4,-35.3754,1.6670,-1.1438
73.147,4,-35.3738,1.6668,-1.1445
73.161,4,-35.3732,1.6664,-1.1449
73.175,4,-35.3726,1.6662,-1.1451
73.189,4,-35.3721,1.6661,-1.1454
73.203,4,-35.3710,1.6660,-1.1463
73.216,4,-35.3705,1.6660,-1.1466
73.230,4,-35.3700,1.6660,-1.1471
73.245,4,-35.3696,1.6659,-1.1474
73.259,4,-35.3687,1.6658,-1.1480
73.272,4,-35.3683,1.6657,-1.1484
73.286,4,-35.3679,1.6655,-1.1488
73.302,4,-35.3675,1.6654,-1.1491
73.319,4,-35.3667,1.6650,-1.1497
73.333,4,-35.3664,1.6647,-1.1500
73.346,4,-35.3659,1.6642,-1.1507
73.360,4,-35.3657,1.6640,-1.1510
73.373,4,-35.3655,1.6638,-1.1513
73.387,4,-35.3654,1.6635,-1.1515
73.402,4,-35.3651,1.6631,-1.1521
73.418,4,-35.3651,1.6630,-1.1523
73.431,4,-35.3649,1.6629,-1.1526
73.445,4,-35.3648,1.6625,-1.1531
73.458,4,-35.3648,1.6624,-1.1533
73.473,4,-35.3647,1.6623,-1.1534
73.488,4,-35.3647,1.6621,-1.1536
73.501,4,-35.3647,1.6621,-1.1537
73.515,4,-35.3646,1.6618,-1.1540
73.528,4,-35.3646,1.6617,-1.1541
73.541,4,-35.3645,1.6619,-1.1543
73.554,4,-35.3644,1.6619,-1.1544
73.568,4,-35.3643,1.6619,-1.1545
73.581,4,-35.3642,1.6620,-1.1544
73.594,4,-35.3641,1.6620,-1.1545
73.607,4,-35.3641,1.6620,-1.1545
73.621,4,-35.3641,1.6620,-1.1544
73.635,4,-35.3639,1.6621,-1.1545
73.648,4,-35.3639,1.6622,-1.1547
73.662,4,-35.3638,1.6622,-1.1546
73.677,4,-35.3637,1.6624,-1.1546

# --- Trial 5 start ---
83.591,5,-39.4586,1.6327,-1.2286
83.666,5,-39.4584,1.6320,-1.2283
83.693,5,-39.4584,1.6319,-1.2284
83.707,5,-39.4585,1.6317,-1.2283
83.721,5,-39.4587,1.6316,-1.2283
83.740,5,-39.4588,1.6315,-1.2283
83.756,5,-39.4589,1.6315,-1.2284
83.771,5,-39.4590,1.6315,-1.2284
83.789,5,-39.4593,1.6315,-1.2285
83.807,5,-39.4595,1.6315,-1.2285
83.821,5,-39.4596,1.6316,-1.2286
83.837,5,-39.4599,1.6317,-1.2286
83.852,5,-39.4602,1.6317,-1.2287
83.865,5,-39.4604,1.6318,-1.2287
83.880,5,-39.4606,1.6318,-1.2288
83.894,5,-39.4610,1.6319,-1.2289
83.909,5,-39.4611,1.6320,-1.2290
83.924,5,-39.4612,1.6321,-1.2290
83.939,5,-39.4616,1.6322,-1.2292
83.953,5,-39.4617,1.6323,-1.2293
83.968,5,-39.4620,1.6323,-1.2294
83.982,5,-39.4621,1.6324,-1.2295
83.996,5,-39.4626,1.6325,-1.2296
84.010,5,-39.4627,1.6325,-1.2299
84.024,5,-39.4629,1.6326,-1.2299
84.039,5,-39.4634,1.6327,-1.2301
84.053,5,-39.4636,1.6327,-1.2302
84.067,5,-39.4638,1.6327,-1.2303
84.082,5,-39.4641,1.6327,-1.2305
84.097,5,-39.4648,1.6328,-1.2307
84.111,5,-39.4651,1.6329,-1.2308
84.125,5,-39.4653,1.6329,-1.2310
84.140,5,-39.4659,1.6329,-1.2313
84.154,5,-39.4662,1.6329,-1.2313
84.169,5,-39.4665,1.6330,-1.2315
84.184,5,-39.4668,1.6330,-1.2316
84.199,5,-39.4674,1.6330,-1.2317
84.216,5,-39.4677,1.6330,-1.2318
84.232,5,-39.4684,1.6330,-1.2320
84.246,5,-39.4688,1.6331,-1.2320
84.261,5,-39.4692,1.6331,-1.2320
84.275,5,-39.4698,1.6330,-1.2320
84.289,5,-39.4703,1.6330,-1.2320
84.303,5,-39.4706,1.6329,-1.2320
84.317,5,-39.4710,1.6329,-1.2320
84.332,5,-39.4718,1.6329,-1.2319
84.346,5,-39.4721,1.6329,-1.2319
84.360,5,-39.4725,1.6328,-1.2318
84.375,5,-39.4733,1.6328,-1.2318
84.389,5,-39.4737,1.6327,-1.2317
84.404,5,-39.4739,1.6326,-1.2316
84.418,5,-39.4744,1.6326,-1.2315
84.432,5,-39.4751,1.6326,-1.2314
84.447,5,-39.4757,1.6326,-1.2312
84.461,5,-39.4760,1.6325,-1.2311
84.476,5,-39.4767,1.6325,-1.2310
84.491,5,-39.4770,1.6326,-1.2309
84.505,5,-39.4774,1.6326,-1.2308
84.519,5,-39.4781,1.6327,-1.2306
84.537,5,-39.4785,1.6326,-1.2304
84.553,5,-39.4788,1.6326,-1.2301
84.567,5,-39.4796,1.6326,-1.2297
84.583,5,-39.4800,1.6327,-1.2294
84.597,5,-39.4806,1.6327,-1.2290
84.611,5,-39.4810,1.6328,-1.2286
84.628,5,-39.4812,1.6328,-1.2282
84.643,5,-39.4817,1.6329,-1.2273
84.658,5,-39.4819,1.6330,-1.2267
84.672,5,-39.4821,1.6332,-1.2260
84.687,5,-39.4823,1.6334,-1.2253
84.702,5,-39.4824,1.6337,-1.2239
84.716,5,-39.4823,1.6339,-1.2229
84.731,5,-39.4824,1.6341,-1.2211
84.746,5,-39.4822,1.6341,-1.2199
84.760,5,-39.4820,1.6342,-1.2187
84.776,5,-39.4818,1.6342,-1.2164
84.791,5,-39.4815,1.6342,-1.2149
84.805,5,-39.4812,1.6342,-1.2134
84.821,5,-39.4808,1.6341,-1.2106
84.837,5,-39.4804,1.6341,-1.2087
84.852,5,-39.4798,1.6341,-1.2054
84.867,5,-39.4793,1.6342,-1.2035
84.882,5,-39.4789,1.6343,-1.2015
84.897,5,-39.4784,1.6344,-1.1994
84.912,5,-39.4773,1.6348,-1.1955
84.928,5,-39.4767,1.6350,-1.1932
84.943,5,-39.4754,1.6355,-1.1890
84.957,5,-39.4745,1.6356,-1.1870
84.971,5,-39.4737,1.6355,-1.1850
84.986,5,-39.4728,1.6351,-1.1831
85.002,5,-39.4711,1.6344,-1.1792
85.019,5,-39.4700,1.6338,-1.1776
85.036,5,-39.4678,1.6338,-1.1744
85.050,5,-39.4666,1.6345,-1.1732
85.066,5,-39.4642,1.6353,-1.1709
85.080,5,-39.4629,1.6355,-1.1701
85.095,5,-39.4616,1.6354,-1.1696
85.110,5,-39.4591,1.6356,-1.1683
85.125,5,-39.4576,1.6359,-1.1681
85.140,5,-39.4547,1.6362,-1.1673
85.154,5,-39.4532,1.6361,-1.1672
85.171,5,-39.4516,1.6356,-1.1673
85.186,5,-39.4483,1.6348,-1.1671
85.202,5,-39.4466,1.6339,-1.1672
85.216,5,-39.4449,1.6328,-1.1673
85.230,5,-39.4416,1.6306,-1.1674
85.245,5,-39.4397,1.6287,-1.1676
85.260,5,-39.4380,1.6267,-1.1679
85.275,5,-39.4344,1.6234,-1.1684
85.291,5,-39.4325,1.6211,-1.1688
85.306,5,-39.4308,1.6188,-1.1691
85.326,5,-39.4273,1.6148,-1.1700
85.343,5,-39.4236,1.6111,-1.1710
85.358,5,-39.4219,1.6092,-1.1715
85.374,5,-39.4202,1.6067,-1.1721
85.391,5,-39.4168,1.6019,-1.1735
85.406,5,-39.4151,1.5998,-1.1744
85.422,5,-39.4116,1.5961,-1.1760
85.437,5,-39.4103,1.5938,-1.1769
85.452,5,-39.4081,1.5884,-1.1785
85.467,5,-39.4065,1.5899,-1.1794
85.483,5,-39.4057,1.5919,-1.1801
85.497,5,-39.4037,1.5935,-1.1806
85.512,5,-39.4010,1.5943,-1.1817
85.527,5,-39.3993,1.5962,-1.1821
85.542,5,-39.3966,1.6007,-1.1828
85.560,5,-39.3957,1.6038,-1.1826
85.577,5,-39.3938,1.6082,-1.1822
85.593,5,-39.3927,1.6109,-1.1818
85.608,5,-39.3902,1.6156,-1.1813
85.623,5,-39.3885,1.6179,-1.1805
85.639,5,-39.3871,1.6201,-1.1798
85.654,5,-39.3840,1.6243,-1.1785
85.669,5,-39.3824,1.6260,-1.1780
85.687,5,-39.3807,1.6265,-1.1772
85.703,5,-39.3776,1.6273,-1.1755
85.717,5,-39.3747,1.6273,-1.1738
85.732,5,-39.3731,1.6268,-1.1728
85.747,5,-39.3716,1.6258,-1.1716
85.762,5,-39.3698,1.6248,-1.1704
85.778,5,-39.3664,1.6237,-1.1682
85.796,5,-39.3627,1.6230,-1.1660
85.814,5,-39.3605,1.6224,-1.1649
85.829,5,-39.3581,1.6217,-1.1637
85.843,5,-39.3536,1.6205,-1.1615
85.857,5,-39.3511,1.6196,-1.1603
85.872,5,-39.3483,1.6192,-1.1594
85.888,5,-39.3426,1.6183,-1.1574
85.902,5,-39.3395,1.6178,-1.1565
85.917,5,-39.3360,1.6174,-1.1556
85.932,5,-39.3294,1.6167,-1.1540
85.946,5,-39.3255,1.6167,-1.1533
85.960,5,-39.3217,1.6171,-1.1528
85.975,5,-39.3141,1.6174,-1.1516
85.990,5,-39.3097,1.6178,-1.1513
86.006,5,-39.3019,1.6175,-1.1504
86.020,5,-39.2975,1.6168,-1.1502
86.037,5,-39.2930,1.6159,-1.1502
86.051,5,-39.2842,1.6143,-1.1498
86.065,5,-39.2792,1.6130,-1.1499
86.079,5,-39.2740,1.6113,-1.1500
86.094,5,-39.2685,1.6096,-1.1501
86.113,5,-39.2573,1.6069,-1.1505
86.130,5,-39.2454,1.6041,-1.1509
86.144,5,-39.2385,1.6026,-1.1515
86.159,5,-39.2315,1.6011,-1.1520
86.173,5,-39.2183,1.5982,-1.1529
86.187,5,-39.2105,1.5967,-1.1537
86.201,5,-39.2030,1.5954,-1.1545
86.214,5,-39.1953,1.5939,-1.1553
86.229,5,-39.1799,1.5909,-1.1568
86.243,5,-39.1718,1.5897,-1.1580
86.256,5,-39.1637,1.5888,-1.1591
86.271,5,-39.1557,1.5884,-1.1604
86.285,5,-39.1393,1.5869,-1.1628
86.299,5,-39.1304,1.5868,-1.1644
86.312,5,-39.1216,1.5871,-1.1659
86.326,5,-39.1125,1.5875,-1.1675
86.340,5,-39.1033,1.5882,-1.1691
86.353,5,-39.0851,1.5896,-1.1720
86.367,5,-39.0755,1.5914,-1.1738
86.381,5,-39.0660,1.5944,-1.1757
86.397,5,-39.0472,1.5981,-1.1788
86.412,5,-39.0380,1.6010,-1.1802
86.426,5,-39.0286,1.6046,-1.1817
86.440,5,-39.0100,1.6104,-1.1846
86.454,5,-39.0007,1.6132,-1.1858
86.469,5,-38.9919,1.6150,-1.1866
86.484,5,-38.9829,1.6164,-1.1875
86.498,5,-38.9650,1.6197,-1.1894
86.513,5,-38.9559,1.6216,-1.1900
86.528,5,-38.9469,1.6238,-1.1905
86.542,5,-38.9289,1.6282,-1.1919
86.557,5,-38.9201,1.6300,-1.1921
86.571,5,-38.9114,1.6314,-1.1924
86.590,5,-38.8932,1.6338,-1.1932
86.607,5,-38.8754,1.6355,-1.1934
86.621,5,-38.8666,1.6359,-1.1935
86.635,5,-38.8576,1.6361,-1.1935
86.649,5,-38.8488,1.6359,-1.1934
86.665,5,-38.8304,1.6358,-1.1937
86.680,5,-38.8211,1.6343,-1.1937
86.694,5,-38.8118,1.6325,-1.1938
86.709,5,-38.7934,1.6300,-1.1938
86.723,5,-38.7838,1.6278,-1.1938
86.738,5,-38.7743,1.6253,-1.1937
86.754,5,-38.7548,1.6207,-1.1938
86.769,5,-38.7446,1.6176,-1.1938
86.783,5,-38.7345,1.6145,-1.1935
86.798,5,-38.7142,1.6091,-1.1933
86.814,5,-38.7035,1.6065,-1.1929
86.828,5,-38.6927,1.6043,-1.1926
86.843,5,-38.6715,1.6003,-1.1918
86.859,5,-38.6604,1.5989,-1.1912
86.875,5,-38.6390,1.5965,-1.1899
86.890,5,-38.6278,1.5967,-1.1892
86.905,5,-38.6165,1.5973,-1.1884
86.920,5,-38.5941,1.5974,-1.1870
86.934,5,-38.5827,1.5979,-1.1862
86.948,5,-38.5716,1.5995,-1.1853
86.964,5,-38.5489,1.6031,-1.1838
86.978,5,-38.5375,1.6056,-1.1831
86.993,5,-38.5258,1.6077,-1.1825
87.008,5,-38.5145,1.6102,-1.1821
87.023,5,-38.4918,1.6143,-1.1811
87.038,5,-38.4807,1.6162,-1.1807
87.052,5,-38.4578,1.6197,-1.1800
87.066,5,-38.4462,1.6216,-1.1800
87.081,5,-38.4347,1.6237,-1.1800
87.096,5,-38.4125,1.6277,-1.1800
87.110,5,-38.4016,1.6299,-1.1801
87.127,5,-38.3909,1.6319,-1.1804
87.142,5,-38.3691,1.6354,-1.1811
87.157,5,-38.3583,1.6365,-1.1817
87.171,5,-38.3479,1.6375,-1.1823
87.185,5,-38.3266,1.6401,-1.1832
87.198,5,-38.3157,1.6405,-1.1840
87.216,5,-38.3048,1.6402,-1.1847
87.232,5,-38.2831,1.6400,-1.1861
87.245,5,-38.2722,1.6386,-1.1869
87.259,5,-38.2612,1.6366,-1.1876
87.273,5,-38.2389,1.6334,-1.1892
87.287,5,-38.2275,1.6307,-1.1900
87.303,5,-38.2160,1.6279,-1.1909
87.317,5,-38.1933,1.6235,-1.1925
87.331,5,-38.1816,1.6206,-1.1934
87.345,5,-38.1698,1.6176,-1.1944
87.360,5,-38.1579,1.6147,-1.1955
87.374,5,-38.1338,1.6099,-1.1977
87.389,5,-38.1214,1.6080,-1.1991
87.404,5,-38.1089,1.6063,-1.2006
87.418,5,-38.0845,1.6028,-1.2032
87.432,5,-38.0719,1.6018,-1.2047
87.446,5,-38.0590,1.6015,-1.2064
87.461,5,-38.0465,1.6024,-1.2081
87.475,5,-38.0216,1.6028,-1.2113
87.489,5,-38.0091,1.6048,-1.2130
87.502,5,-37.9967,1.6075,-1.2148
87.517,5,-37.9846,1.6106,-1.2164
87.534,5,-37.9601,1.6151,-1.2194
87.551,5,-37.9354,1.6196,-1.2223
87.565,5,-37.9236,1.6218,-1.2233
87.580,5,-37.9117,1.6235,-1.2242
87.599,5,-37.9001,1.6253,-1.2248
87.614,5,-37.8763,1.6296,-1.2266
87.628,5,-37.8649,1.6321,-1.2270
87.643,5,-37.8417,1.6368,-1.2283
87.658,5,-37.8303,1.6392,-1.2287
87.672,5,-37.8194,1.6413,-1.2290
87.686,5,-37.7967,1.6451,-1.2299
87.701,5,-37.7855,1.6464,-1.2300
87.715,5,-37.7744,1.6476,-1.2301
87.730,5,-37.7519,1.6501,-1.2304
87.745,5,-37.7406,1.6501,-1.2306
87.761,5,-37.7295,1.6497,-1.2306
87.776,5,-37.7070,1.6492,-1.2308
87.791,5,-37.6956,1.6474,-1.2309
87.805,5,-37.6843,1.6453,-1.2308
87.819,5,-37.6617,1.6419,-1.2309
87.833,5,-37.6502,1.6386,-1.2308
87.848,5,-37.6385,1.6355,-1.2308
87.862,5,-37.6268,1.6322,-1.2307
87.876,5,-37.6032,1.6265,-1.2305
87.891,5,-37.5912,1.6232,-1.2302
87.906,5,-37.5793,1.6203,-1.2297
87.922,5,-37.5552,1.6149,-1.2291
87.935,5,-37.5429,1.6128,-1.2285
87.950,5,-37.5309,1.6111,-1.2278
87.965,5,-37.5070,1.6076,-1.2264
87.979,5,-37.4949,1.6070,-1.2253
87.993,5,-37.4829,1.6068,-1.2243
88.008,5,-37.4587,1.6063,-1.2224
88.023,5,-37.4466,1.6091,-1.2212
88.039,5,-37.4348,1.6126,-1.2201
88.053,5,-37.4109,1.6165,-1.2182
88.068,5,-37.3989,1.6197,-1.2172
88.082,5,-37.3869,1.6222,-1.2165
88.098,5,-37.3634,1.6260,-1.2151
88.112,5,-37.3516,1.6275,-1.2146
88.126,5,-37.3400,1.6296,-1.2141
88.140,5,-37.3168,1.6339,-1.2131
88.154,5,-37.3054,1.6364,-1.2128
88.172,5,-37.2943,1.6388,-1.2126
88.187,5,-37.2718,1.6431,-1.2120
88.200,5,-37.2609,1.6450,-1.2118
88.214,5,-37.2498,1.6466,-1.2117
88.228,5,-37.2387,1.6479,-1.2114
88.243,5,-37.2165,1.6505,-1.2111
88.257,5,-37.2053,1.6510,-1.2110
88.271,5,-37.1943,1.6510,-1.2108
88.285,5,-37.1722,1.6511,-1.2104
88.300,5,-37.1611,1.6498,-1.2104
88.314,5,-37.1501,1.6484,-1.2103
88.331,5,-37.1278,1.6464,-1.2101
88.347,5,-37.1166,1.6446,-1.2099
88.360,5,-37.1054,1.6427,-1.2097
88.374,5,-37.0829,1.6392,-1.2095
88.388,5,-37.0715,1.6364,-1.2096
88.402,5,-37.0601,1.6334,-1.2098
88.417,5,-37.0488,1.6304,-1.2100
88.432,5,-37.0257,1.6248,-1.2102
88.445,5,-37.0141,1.6221,-1.2105
88.460,5,-37.0024,1.6198,-1.2110
88.474,5,-36.9792,1.6155,-1.2117
88.488,5,-36.9674,1.6138,-1.2125
88.501,5,-36.9556,1.6123,-1.2133
88.515,5,-36.9442,1.6118,-1.2143
88.530,5,-36.9207,1.6098,-1.2160
88.543,5,-36.9087,1.6099,-1.2172
88.558,5,-36.8968,1.6119,-1.2184
88.572,5,-36.8733,1.6152,-1.2207
88.587,5,-36.8614,1.6187,-1.2217
88.600,5,-36.8495,1.6220,-1.2228
88.614,5,-36.8382,1.6252,-1.2238
88.629,5,-36.8149,1.6302,-1.2256
88.646,5,-36.8036,1.6324,-1.2262
88.661,5,-36.7927,1.6340,-1.2266
88.676,5,-36.7706,1.6381,-1.2275
88.689,5,-36.7598,1.6404,-1.2279
88.703,5,-36.7492,1.6426,-1.2281
88.718,5,-36.7275,1.6472,-1.2286
88.732,5,-36.7170,1.6496,-1.2287
88.749,5,-36.7065,1.6516,-1.2288
88.764,5,-36.6857,1.6551,-1.2291
88.777,5,-36.6753,1.6562,-1.2291
88.791,5,-36.6651,1.6570,-1.2291
88.809,5,-36.6443,1.6588,-1.2293
88.825,5,-36.6340,1.6586,-1.2291
88.839,5,-36.6238,1.6582,-1.2291
88.854,5,-36.6033,1.6577,-1.2290
88.867,5,-36.5930,1.6563,-1.2288
88.881,5,-36.5829,1.6547,-1.2287
88.896,5,-36.5626,1.6521,-1.2285
88.911,5,-36.5525,1.6496,-1.2283
88.926,5,-36.5423,1.6470,-1.2281
88.941,5,-36.5216,1.6422,-1.2276
88.955,5,-36.5111,1.6393,-1.2272
88.970,5,-36.5006,1.6364,-1.2266
88.983,5,-36.4797,1.6313,-1.2257
88.998,5,-36.4689,1.6288,-1.2247
89.014,5,-36.4583,1.6268,-1.2239
89.027,5,-36.4478,1.6253,-1.2229
89.042,5,-36.4267,1.6222,-1.2212
89.055,5,-36.4160,1.6214,-1.2201
89.069,5,-36.4057,1.6208,-1.2189
89.084,5,-36.3954,1.6201,-1.2176
89.098,5,-36.3746,1.6189,-1.2153
89.112,5,-36.3642,1.6203,-1.2140
89.127,5,-36.3544,1.6223,-1.2128
89.142,5,-36.3343,1.6250,-1.2103
89.156,5,-36.3244,1.6279,-1.2091
89.169,5,-36.3148,1.6308,-1.2080
89.184,5,-36.2950,1.6348,-1.2059
89.199,5,-36.2851,1.6364,-1.2049
89.214,5,-36.2752,1.6381,-1.2040
89.228,5,-36.2557,1.6422,-1.2023
89.242,5,-36.2459,1.6445,-1.2017
89.258,5,-36.2366,1.6467,-1.2010
89.276,5,-36.2182,1.6508,-1.1996
89.293,5,-36.2092,1.6528,-1.1992
89.306,5,-36.1909,1.6567,-1.1981
89.321,5,-36.1824,1.6581,-1.1979
89.335,5,-36.1736,1.6593,-1.1976
89.349,5,-36.1650,1.6604,-1.1973
89.364,5,-36.1477,1.6628,-1.1966
89.378,5,-36.1391,1.6632,-1.1963
89.392,5,-36.1307,1.6634,-1.1960
89.406,5,-36.1222,1.6633,-1.1956
89.421,5,-36.1050,1.6634,-1.1949
89.436,5,-36.0965,1.6625,-1.1946
89.450,5,-36.0797,1.6615,-1.1939
89.463,5,-36.0713,1.6603,-1.1936
89.477,5,-36.0629,1.6590,-1.1933
89.492,5,-36.0547,1.6573,-1.1927
89.507,5,-36.0380,1.6543,-1.1921
89.520,5,-36.0297,1.6520,-1.1918
89.535,5,-36.0215,1.6498,-1.1916
89.547,5,-36.0132,1.6477,-1.1914
89.562,5,-35.9964,1.6441,-1.1910
89.576,5,-35.9881,1.6424,-1.1909
89.593,5,-35.9798,1.6408,-1.1908
89.611,5,-35.9631,1.6379,-1.1908
89.627,5,-35.9547,1.6371,-1.1910
89.640,5,-35.9380,1.6353,-1.1911
89.653,5,-35.9297,1.6348,-1.1913
89.666,5,-35.9216,1.6341,-1.1916
89.680,5,-35.9134,1.6335,-1.1919
89.694,5,-35.8966,1.6339,-1.1924
89.707,5,-35.8884,1.6355,-1.1928
89.721,5,-35.8805,1.6366,-1.1931
89.735,5,-35.8726,1.6375,-1.1932
89.748,5,-35.8646,1.6390,-1.1935
89.762,5,-35.8487,1.6421,-1.1940
89.775,5,-35.8408,1.6450,-1.1942
89.789,5,-35.8332,1.6476,-1.1943
89.803,5,-35.8257,1.6498,-1.1942
89.817,5,-35.8180,1.6518,-1.1941
89.832,5,-35.8026,1.6555,-1.1940
89.845,5,-35.7952,1.6570,-1.1935
89.859,5,-35.7879,1.6585,-1.1931
89.874,5,-35.7731,1.6614,-1.1922
89.889,5,-35.7661,1.6627,-1.1915
89.908,5,-35.7593,1.6640,-1.1908
89.926,5,-35.7454,1.6660,-1.1898
89.939,5,-35.7321,1.6674,-1.1878
89.952,5,-35.7258,1.6675,-1.1866
89.970,5,-35.7200,1.6674,-1.1856
89.984,5,-35.7075,1.6680,-1.1838
89.998,5,-35.7016,1.6681,-1.1827
90.013,5,-35.6960,1.6680,-1.1817
90.027,5,-35.6841,1.6682,-1.1797
90.040,5,-35.6785,1.6681,-1.1787
90.054,5,-35.6728,1.6682,-1.1778
90.069,5,-35.6675,1.6682,-1.1767
90.083,5,-35.6621,1.6681,-1.1755
90.097,5,-35.6511,1.6677,-1.1734
90.111,5,-35.6458,1.6673,-1.1724
90.125,5,-35.6407,1.6669,-1.1712
90.139,5,-35.6304,1.6663,-1.1689
90.153,5,-35.6255,1.6656,-1.1678
90.166,5,-35.6207,1.6647,-1.1668
90.181,5,-35.6162,1.6637,-1.1656
90.195,5,-35.6067,1.6620,-1.1633
90.209,5,-35.6022,1.6610,-1.1621
90.223,5,-35.5977,1.6601,-1.1608
90.236,5,-35.5933,1.6592,-1.1595
90.250,5,-35.5844,1.6573,-1.1567
90.264,5,-35.5803,1.6561,-1.1554
90.278,5,-35.5762,1.6549,-1.1539
90.293,5,-35.5723,1.6538,-1.1525
90.309,5,-35.5643,1.6522,-1.1497
90.323,5,-35.5606,1.6517,-1.1482
90.336,5,-35.5571,1.6513,-1.1467
90.351,5,-35.5497,1.6508,-1.1435
90.368,5,-35.5463,1.6524,-1.1420
90.384,5,-35.5391,1.6540,-1.1388
90.398,5,-35.5356,1.6548,-1.1371
90.412,5,-35.5321,1.6556,-1.1354
90.427,5,-35.5287,1.6566,-1.1339
90.442,5,-35.5217,1.6579,-1.1309
90.456,5,-35.5184,1.6583,-1.1293
90.469,5,-35.5153,1.6584,-1.1279
90.483,5,-35.5121,1.6587,-1.1266
90.499,5,-35.5059,1.6592,-1.1239
90.512,5,-35.5028,1.6595,-1.1226
90.526,5,-35.4967,1.6601,-1.1203
90.539,5,-35.4940,1.6604,-1.1192
90.555,5,-35.4913,1.6609,-1.1182
90.568,5,-35.4886,1.6613,-1.1174
90.582,5,-35.4861,1.6619,-1.1165
90.595,5,-35.4808,1.6630,-1.1146
90.609,5,-35.4786,1.6638,-1.1140
90.623,5,-35.4763,1.6645,-1.1134
90.636,5,-35.4741,1.6650,-1.1128
90.650,5,-35.4695,1.6660,-1.1115
90.664,5,-35.4675,1.6664,-1.1110
90.680,5,-35.4655,1.6665,-1.1105
90.695,5,-35.4614,1.6669,-1.1096
90.708,5,-35.4595,1.6669,-1.1092
90.721,5,-35.4576,1.6669,-1.1089
90.736,5,-35.4558,1.6667,-1.1085
90.750,5,-35.4521,1.6666,-1.1080
90.762,5,-35.4504,1.6664,-1.1076
90.777,5,-35.4487,1.6661,-1.1075
90.792,5,-35.4471,1.6656,-1.1073
90.806,5,-35.4439,1.6650,-1.1068
90.819,5,-35.4424,1.6646,-1.1068
90.832,5,-35.4411,1.6641,-1.1068
90.846,5,-35.4398,1.6638,-1.1069
90.860,5,-35.4386,1.6636,-1.1071
90.873,5,-35.4358,1.6636,-1.1072
90.887,5,-35.4346,1.6642,-1.1074
90.902,5,-35.4333,1.6648,-1.1076
90.916,5,-35.4320,1.6651,-1.1079
90.930,5,-35.4294,1.6654,-1.1084
90.944,5,-35.4281,1.6654,-1.1088
90.958,5,-35.4269,1.6655,-1.1093
90.972,5,-35.4257,1.6654,-1.1098
90.986,5,-35.4233,1.6654,-1.1106
91.000,5,-35.4222,1.6652,-1.1111
91.014,5,-35.4212,1.6651,-1.1117
91.028,5,-35.4192,1.6650,-1.1130
91.042,5,-35.4183,1.6649,-1.1137
91.056,5,-35.4174,1.6648,-1.1145
91.070,5,-35.4166,1.6648,-1.1154
91.084,5,-35.4149,1.6649,-1.1172
91.099,5,-35.4142,1.6650,-1.1183
91.113,5,-35.4135,1.6651,-1.1193
91.127,5,-35.4128,1.6651,-1.1202
91.145,5,-35.4113,1.6650,-1.1221
91.161,5,-35.4099,1.6651,-1.1241
91.175,5,-35.4091,1.6651,-1.1251
91.189,5,-35.4084,1.6652,-1.1260
91.202,5,-35.4077,1.6652,-1.1270
91.216,5,-35.4062,1.6653,-1.1290
91.230,5,-35.4055,1.6652,-1.1299
91.243,5,-35.4049,1.6652,-1.1309
91.258,5,-35.4043,1.6652,-1.1321
91.272,5,-35.4038,1.6651,-1.1331
91.286,5,-35.4027,1.6648,-1.1349
91.300,5,-35.4021,1.6647,-1.1361
91.314,5,-35.4017,1.6646,-1.1372
91.328,5,-35.4013,1.6645,-1.1383
91.342,5,-35.4004,1.6644,-1.1407
91.356,5,-35.4000,1.6644,-1.1420
91.370,5,-35.3991,1.6642,-1.1445
91.383,5,-35.3988,1.6641,-1.1456
91.399,5,-35.3983,1.6640,-1.1469
91.413,5,-35.3979,1.6640,-1.1482
91.427,5,-35.3975,1.6641,-1.1496
91.442,5,-35.3966,1.6641,-1.1522
91.461,5,-35.3957,1.6639,-1.1546
91.479,5,-35.3953,1.6640,-1.1557
91.493,5,-35.3949,1.6640,-1.1568
91.506,5,-35.3940,1.6641,-1.1592
91.518,5,-35.3936,1.6641,-1.1604
91.533,5,-35.3932,1.6641,-1.1614
91.547,5,-35.3929,1.6640,-1.1624
91.562,5,-35.3922,1.6639,-1.1645
91.577,5,-35.3919,1.6638,-1.1653
91.591,5,-35.3917,1.6636,-1.1662
91.604,5,-35.3915,1.6635,-1.1671
91.618,5,-35.3911,1.6632,-1.1689
91.631,5,-35.3909,1.6630,-1.1696
91.649,5,-35.3908,1.6627,-1.1703
91.663,5,-35.3905,1.6623,-1.1717
91.676,5,-35.3905,1.6620,-1.1723

# --- Trial 6 start ---
101.275,6,-39.4111,1.6337,-1.2443
101.353,6,-39.4114,1.6336,-1.2426
101.378,6,-39.4116,1.6335,-1.2417
101.396,6,-39.4117,1.6335,-1.2412
101.414,6,-39.4117,1.6336,-1.2406
101.432,6,-39.4116,1.6336,-1.2402
101.449,6,-39.4115,1.6335,-1.2400
101.464,6,-39.4116,1.6335,-1.2395
101.477,6,-39.4116,1.6334,-1.2392
101.495,6,-39.4118,1.6333,-1.2389
101.509,6,-39.4118,1.6333,-1.2383
101.523,6,-39.4120,1.6332,-1.2379
101.537,6,-39.4120,1.6333,-1.2374
101.552,6,-39.4120,1.6333,-1.2368
101.566,6,-39.4120,1.6336,-1.2356
101.584,6,-39.4120,1.6338,-1.2348
101.600,6,-39.4118,1.6339,-1.2338
101.614,6,-39.4115,1.6341,-1.2321
101.630,6,-39.4112,1.6342,-1.2310
101.644,6,-39.4107,1.6344,-1.2288
101.658,6,-39.4104,1.6344,-1.2274
101.673,6,-39.4102,1.6345,-1.2259
101.687,6,-39.4097,1.6345,-1.2232
101.702,6,-39.4094,1.6345,-1.2215
101.717,6,-39.4091,1.6346,-1.2199
101.736,6,-39.4087,1.6350,-1.2165
101.756,6,-39.4082,1.6356,-1.2129
101.770,6,-39.4079,1.6360,-1.2110
101.784,6,-39.4076,1.6362,-1.2091
101.799,6,-39.4071,1.6364,-1.2054
101.813,6,-39.4068,1.6363,-1.2036
101.829,6,-39.4064,1.6362,-1.2020
101.844,6,-39.4056,1.6360,-1.1987
101.858,6,-39.4051,1.6357,-1.1973
101.872,6,-39.4045,1.6355,-1.1960
101.886,6,-39.4033,1.6353,-1.1935
101.900,6,-39.4026,1.6355,-1.1927
101.915,6,-39.4020,1.6359,-1.1920
101.928,6,-39.4013,1.6361,-1.1913
101.943,6,-39.3998,1.6361,-1.1900
101.957,6,-39.3989,1.6363,-1.1896
101.972,6,-39.3980,1.6368,-1.1895
101.986,6,-39.3970,1.6371,-1.1892
102.001,6,-39.3952,1.6376,-1.1885
102.015,6,-39.3942,1.6377,-1.1881
102.029,6,-39.3930,1.6375,-1.1881
102.044,6,-39.3910,1.6372,-1.1878
102.058,6,-39.3899,1.6365,-1.1879
102.071,6,-39.3890,1.6357,-1.1880
102.086,6,-39.3881,1.6346,-1.1882
102.100,6,-39.3864,1.6328,-1.1884
102.114,6,-39.3856,1.6312,-1.1887
102.129,6,-39.3848,1.6293,-1.1890
102.142,6,-39.3838,1.6273,-1.1894
102.157,6,-39.3822,1.6235,-1.1901
102.170,6,-39.3813,1.6209,-1.1906
102.185,6,-39.3805,1.6180,-1.1912
102.200,6,-39.3786,1.6126,-1.1922
102.215,6,-39.3778,1.6090,-1.1930
102.229,6,-39.3770,1.6055,-1.1936
102.244,6,-39.3760,1.6023,-1.1944
102.258,6,-39.3741,1.5966,-1.1959
102.273,6,-39.3734,1.5931,-1.1967
102.287,6,-39.3721,1.5855,-1.1982
102.302,6,-39.3717,1.5819,-1.1990
102.316,6,-39.3708,1.5832,-1.2000
102.332,6,-39.3698,1.5866,-1.2009
102.346,6,-39.3677,1.5874,-1.2021
102.360,6,-39.3663,1.5885,-1.2028
102.376,6,-39.3651,1.5913,-1.2036
102.392,6,-39.3633,1.5961,-1.2051
102.408,6,-39.3630,1.5994,-1.2055
102.422,6,-39.3615,1.6040,-1.2060
102.438,6,-39.3607,1.6068,-1.2063
102.453,6,-39.3593,1.6096,-1.2063
102.469,6,-39.3572,1.6145,-1.2065
102.484,6,-39.3559,1.6171,-1.2061
102.500,6,-39.3540,1.6221,-1.2059
102.515,6,-39.3528,1.6244,-1.2056
102.531,6,-39.3514,1.6256,-1.2050
102.547,6,-39.3491,1.6289,-1.2044
102.562,6,-39.3481,1.6300,-1.2035
102.578,6,-39.3457,1.6333,-1.2025
102.592,6,-39.3446,1.6344,-1.2015
102.608,6,-39.3432,1.6349,-1.2007
102.624,6,-39.3408,1.6359,-1.1991
102.638,6,-39.3397,1.6356,-1.1977
102.653,6,-39.3382,1.6354,-1.1966
102.672,6,-39.3353,1.6350,-1.1945
102.689,6,-39.3322,1.6339,-1.1920
102.703,6,-39.3302,1.6330,-1.1907
102.720,6,-39.3282,1.6320,-1.1895
102.734,6,-39.3241,1.6308,-1.1872
102.749,6,-39.3217,1.6299,-1.1858
102.762,6,-39.3191,1.6288,-1.1846
102.776,6,-39.3163,1.6273,-1.1833
102.791,6,-39.3111,1.6252,-1.1811
102.806,6,-39.3075,1.6251,-1.1802
102.825,6,-39.3038,1.6260,-1.1795
102.841,6,-39.2972,1.6258,-1.1776
102.854,6,-39.2901,1.6251,-1.1758
102.869,6,-39.2859,1.6251,-1.1753
102.883,6,-39.2818,1.6256,-1.1748
102.897,6,-39.2775,1.6262,-1.1747
102.912,6,-39.2692,1.6264,-1.1736
102.925,6,-39.2651,1.6257,-1.1733
102.940,6,-39.2603,1.6249,-1.1731
102.954,6,-39.2558,1.6241,-1.1730
102.969,6,-39.2463,1.6228,-1.1725
102.983,6,-39.2411,1.6216,-1.1725
102.997,6,-39.2354,1.6202,-1.1725
103.012,6,-39.2248,1.6179,-1.1724
103.025,6,-39.2186,1.6163,-1.1728
103.039,6,-39.2124,1.6147,-1.1731
103.054,6,-39.2059,1.6130,-1.1734
103.070,6,-39.1932,1.6097,-1.1739
103.085,6,-39.1867,1.6075,-1.1741
103.100,6,-39.1730,1.6037,-1.1751
103.114,6,-39.1654,1.6015,-1.1757
103.129,6,-39.1577,1.5997,-1.1767
103.143,6,-39.1501,1.5975,-1.1775
103.159,6,-39.1348,1.5931,-1.1789
103.173,6,-39.1268,1.5908,-1.1796
103.188,6,-39.1109,1.5870,-1.1815
103.204,6,-39.1023,1.5857,-1.1826
103.219,6,-39.0935,1.5848,-1.1839
103.233,6,-39.0762,1.5828,-1.1863
103.248,6,-39.0668,1.5828,-1.1879
103.263,6,-39.0577,1.5828,-1.1894
103.279,6,-39.0394,1.5838,-1.1924
103.294,6,-39.0293,1.5864,-1.1943
103.309,6,-39.0195,1.5892,-1.1959
103.324,6,-39.0003,1.5936,-1.1990
103.338,6,-38.9904,1.5969,-1.2006
103.353,6,-38.9810,1.6004,-1.2020
103.367,6,-38.9714,1.6031,-1.2035
103.383,6,-38.9525,1.6080,-1.2060
103.397,6,-38.9432,1.6099,-1.2071
103.411,6,-38.9247,1.6136,-1.2090
103.426,6,-38.9151,1.6157,-1.2097
103.441,6,-38.9054,1.6180,-1.2102
103.455,6,-38.8962,1.6205,-1.2106
103.476,6,-38.8774,1.6248,-1.2115
103.492,6,-38.8586,1.6285,-1.2121
103.507,6,-38.8491,1.6297,-1.2124
103.521,6,-38.8394,1.6305,-1.2127
103.538,6,-38.8205,1.6322,-1.2133
103.554,6,-38.8110,1.6323,-1.2134
103.568,6,-38.7922,1.6327,-1.2139
103.583,6,-38.7825,1.6314,-1.2141
103.598,6,-38.7731,1.6300,-1.2143
103.612,6,-38.7541,1.6282,-1.2148
103.627,6,-38.7445,1.6262,-1.2149
103.642,6,-38.7349,1.6243,-1.2150
103.656,6,-38.7153,1.6209,-1.2152
103.670,6,-38.7052,1.6184,-1.2153
103.687,6,-38.6951,1.6156,-1.2152
103.702,6,-38.6753,1.6110,-1.2148
103.717,6,-38.6646,1.6084,-1.2145
103.732,6,-38.6443,1.6040,-1.2140
103.747,6,-38.6335,1.6020,-1.2137
103.762,6,-38.6230,1.6006,-1.2132
103.777,6,-38.6125,1.5994,-1.2127
103.794,6,-38.5913,1.5975,-1.2116
103.809,6,-38.5809,1.5977,-1.2110
103.823,6,-38.5593,1.5971,-1.2101
103.837,6,-38.5485,1.5975,-1.2096
103.851,6,-38.5376,1.5982,-1.2091
103.866,6,-38.5162,1.5998,-1.2080
103.880,6,-38.5055,1.6021,-1.2075
103.895,6,-38.4944,1.6042,-1.2070
103.910,6,-38.4724,1.6079,-1.2062
103.925,6,-38.4612,1.6114,-1.2060
103.938,6,-38.4499,1.6142,-1.2058
103.957,6,-38.4279,1.6186,-1.2053
103.973,6,-38.4167,1.6207,-1.2054
103.987,6,-38.3943,1.6249,-1.2055
104.001,6,-38.3835,1.6270,-1.2060
104.015,6,-38.3727,1.6292,-1.2063
104.029,6,-38.3623,1.6311,-1.2067
104.044,6,-38.3409,1.6346,-1.2077
104.058,6,-38.3304,1.6357,-1.2084
104.072,6,-38.3199,1.6366,-1.2091
104.086,6,-38.3097,1.6375,-1.2097
104.100,6,-38.2890,1.6396,-1.2109
104.114,6,-38.2786,1.6402,-1.2116
104.129,6,-38.2685,1.6404,-1.2122
104.143,6,-38.2475,1.6409,-1.2137
104.157,6,-38.2370,1.6402,-1.2144
104.170,6,-38.2264,1.6394,-1.2152
104.185,6,-38.2159,1.6381,-1.2160
104.201,6,-38.1949,1.6359,-1.2175
104.215,6,-38.1843,1.6342,-1.2184
104.230,6,-38.1738,1.6321,-1.2192
104.245,6,-38.1527,1.6282,-1.2208
104.259,6,-38.1419,1.6254,-1.2217
104.274,6,-38.1314,1.6225,-1.2225
104.288,6,-38.1207,1.6199,-1.2234
104.303,6,-38.0988,1.6153,-1.2254
104.318,6,-38.0880,1.6133,-1.2266
104.332,6,-38.0660,1.6095,-1.2288
104.348,6,-38.0547,1.6081,-1.2301
104.363,6,-38.0433,1.6072,-1.2314
104.378,6,-38.0212,1.6050,-1.2339
104.392,6,-38.0099,1.6052,-1.2354
104.408,6,-37.9987,1.6060,-1.2369
104.423,6,-37.9766,1.6082,-1.2398
104.441,6,-37.9656,1.6115,-1.2412
104.458,6,-37.9435,1.6156,-1.2439
104.473,6,-37.9329,1.6179,-1.2451
104.488,6,-37.9111,1.6216,-1.2475
104.503,6,-37.9004,1.6231,-1.2484
104.518,6,-37.8900,1.6245,-1.2492
104.532,6,-37.8688,1.6279,-1.2510
104.547,6,-37.8581,1.6302,-1.2517
104.562,6,-37.8475,1.6325,-1.2523
104.579,6,-37.8264,1.6366,-1.2536
104.596,6,-37.8161,1.6386,-1.2539
104.613,6,-37.7955,1.6421,-1.2547
104.628,6,-37.7850,1.6434,-1.2549
104.643,6,-37.7645,1.6461,-1.2555
104.657,6,-37.7546,1.6465,-1.2555
104.674,6,-37.7448,1.6465,-1.2556
104.690,6,-37.7247,1.6472,-1.2560
104.705,6,-37.7147,1.6463,-1.2561
104.719,6,-37.7052,1.6452,-1.2562
104.735,6,-37.6856,1.6434,-1.2562
104.749,6,-37.6757,1.6417,-1.2562
104.763,6,-37.6657,1.6396,-1.2561
104.778,6,-37.6455,1.6361,-1.2561
104.792,6,-37.6351,1.6332,-1.2561
104.806,6,-37.6246,1.6304,-1.2558
104.821,6,-37.6038,1.6255,-1.2555
104.835,6,-37.5933,1.6226,-1.2550
104.853,6,-37.5829,1.6202,-1.2545
104.868,6,-37.5620,1.6161,-1.2538
104.882,6,-37.5513,1.6147,-1.2533
104.896,6,-37.5407,1.6137,-1.2526
104.911,6,-37.5198,1.6115,-1.2515
104.925,6,-37.5092,1.6111,-1.2508
104.939,6,-37.4987,1.6108,-1.2500
104.953,6,-37.4777,1.6098,-1.2487
104.967,6,-37.4672,1.6109,-1.2479
104.980,6,-37.4567,1.6129,-1.2472
104.993,6,-37.4467,1.6148,-1.2465
105.008,6,-37.4257,1.6178,-1.2451
105.021,6,-37.4153,1.6209,-1.2445
105.035,6,-37.4049,1.6242,-1.2440
105.049,6,-37.3945,1.6268,-1.2434
105.066,6,-37.3733,1.6309,-1.2426
105.083,6,-37.3626,1.6330,-1.2424
105.097,6,-37.3415,1.6373,-1.2419
105.110,6,-37.3311,1.6396,-1.2418
105.124,6,-37.3206,1.6418,-1.2416
105.138,6,-37.3103,1.6440,-1.2415
105.152,6,-37.3002,1.6461,-1.2416
105.166,6,-37.2798,1.6499,-1.2416
105.180,6,-37.2698,1.6513,-1.2416
105.194,6,-37.2600,1.6521,-1.2417
105.208,6,-37.2505,1.6527,-1.2418
105.224,6,-37.2307,1.6544,-1.2418
105.241,6,-37.2112,1.6552,-1.2417
105.255,6,-37.2016,1.6546,-1.2417
105.270,6,-37.1918,1.6539,-1.2418
105.284,6,-37.1824,1.6527,-1.2417
105.298,6,-37.1629,1.6511,-1.2418
105.313,6,-37.1533,1.6495,-1.2418
105.327,6,-37.1434,1.6479,-1.2418
105.341,6,-37.1337,1.6462,-1.2418
105.356,6,-37.1141,1.6430,-1.2419
105.371,6,-37.1043,1.6406,-1.2420
105.385,6,-37.0944,1.6383,-1.2422
105.400,6,-37.0745,1.6343,-1.2426
105.414,6,-37.0642,1.6324,-1.2429
105.429,6,-37.0541,1.6306,-1.2434
105.443,6,-37.0339,1.6269,-1.2442
105.458,6,-37.0236,1.6253,-1.2448
105.472,6,-37.0133,1.6242,-1.2455
105.488,6,-36.9929,1.6225,-1.2468
105.502,6,-36.9827,1.6222,-1.2476
105.517,6,-36.9727,1.6215,-1.2485
105.531,6,-36.9526,1.6204,-1.2500
105.546,6,-36.9424,1.6220,-1.2510
105.562,6,-36.9325,1.6238,-1.2518
105.577,6,-36.9126,1.6261,-1.2532
105.591,6,-36.9027,1.6281,-1.2539
105.606,6,-36.8929,1.6305,-1.2547
105.622,6,-36.8731,1.6340,-1.2560
105.636,6,-36.8631,1.6360,-1.2564
105.650,6,-36.8534,1.6378,-1.2567
105.665,6,-36.8339,1.6412,-1.2575
105.680,6,-36.8240,1.6433,-1.2575
105.695,6,-36.8144,1.6452,-1.2573
105.710,6,-36.7952,1.6491,-1.2575
105.724,6,-36.7856,1.6512,-1.2574
105.740,6,-36.7762,1.6531,-1.2571
105.754,6,-36.7575,1.6562,-1.2568
105.769,6,-36.7482,1.6570,-1.2564
105.783,6,-36.7394,1.6576,-1.2561
105.799,6,-36.7304,1.6581,-1.2557
105.816,6,-36.7124,1.6592,-1.2551
105.831,6,-36.7036,1.6593,-1.2548
105.845,6,-36.6854,1.6595,-1.2541
105.859,6,-36.6765,1.6588,-1.2536
105.873,6,-36.6676,1.6579,-1.2531
105.887,6,-36.6496,1.6566,-1.2522
105.902,6,-36.6404,1.6551,-1.2516
105.918,6,-36.6313,1.6533,-1.2510
105.934,6,-36.6131,1.6501,-1.2499
105.948,6,-36.6039,1.6476,-1.2491
105.963,6,-36.5948,1.6450,-1.2483
105.978,6,-36.5766,1.6408,-1.2467
105.992,6,-36.5673,1.6385,-1.2456
106.007,6,-36.5581,1.6363,-1.2445
106.022,6,-36.5399,1.6324,-1.2424
106.039,6,-36.5306,1.6308,-1.2411
106.055,6,-36.5126,1.6276,-1.2387
106.069,6,-36.5040,1.6265,-1.2374
106.083,6,-36.4951,1.6256,-1.2360
106.096,6,-36.4863,1.6248,-1.2346
106.110,6,-36.4685,1.6233,-1.2319
106.124,6,-36.4597,1.6240,-1.2306
106.138,6,-36.4512,1.6255,-1.2292
106.151,6,-36.4426,1.6269,-1.2278
106.166,6,-36.4250,1.6290,-1.2251
106.179,6,-36.4163,1.6312,-1.2239
106.192,6,-36.4075,1.6333,-1.2227
106.206,6,-36.3990,1.6350,-1.2214
106.220,6,-36.3813,1.6379,-1.2190
106.234,6,-36.3725,1.6395,-1.2180
106.248,6,-36.3638,1.6412,-1.2171
106.262,6,-36.3552,1.6430,-1.2162
106.275,6,-36.3380,1.6463,-1.2144
106.289,6,-36.3294,1.6479,-1.2138
106.303,6,-36.3209,1.6495,-1.2132
106.318,6,-36.3127,1.6511,-1.2128
106.332,6,-36.2960,1.6542,-1.2117
106.345,6,-36.2880,1.6554,-1.2114
106.359,6,-36.2800,1.6564,-1.2111
106.373,6,-36.2723,1.6572,-1.2109
106.388,6,-36.2563,1.6589,-1.2102
106.402,6,-36.2485,1.6590,-1.2100
106.416,6,-36.2407,1.6591,-1.2097
106.430,6,-36.2329,1.6591,-1.2096
106.446,6,-36.2168,1.6593,-1.2092
106.462,6,-36.2086,1.6588,-1.2089
106.475,6,-36.1926,1.6582,-1.2086
106.490,6,-36.1848,1.6574,-1.2085
106.504,6,-36.1767,1.6564,-1.2084
106.519,6,-36.1689,1.6551,-1.2083
106.534,6,-36.1529,1.6528,-1.2081
106.549,6,-36.1449,1.6509,-1.2080
106.564,6,-36.1369,1.6492,-1.2079
106.579,6,-36.1210,1.6464,-1.2079
106.594,6,-36.1130,1.6450,-1.2080
106.609,6,-36.1049,1.6435,-1.2082
106.623,6,-36.0887,1.6408,-1.2085
106.637,6,-36.0803,1.6396,-1.2089
106.651,6,-36.0719,1.6388,-1.2094
106.665,6,-36.0552,1.6370,-1.2101
106.680,6,-36.0468,1.6362,-1.2106
106.694,6,-36.0386,1.6351,-1.2111
106.709,6,-36.0221,1.6329,-1.2122
106.725,6,-36.0137,1.6331,-1.2128
106.739,6,-36.0056,1.6338,-1.2134
106.753,6,-35.9894,1.6342,-1.2145
106.768,6,-35.9813,1.6355,-1.2150
106.786,6,-35.9733,1.6377,-1.2157
106.801,6,-35.9573,1.6406,-1.2169
106.815,6,-35.9493,1.6429,-1.2175
106.828,6,-35.9416,1.6447,-1.2180
106.843,6,-35.9258,1.6476,-1.2193
106.857,6,-35.9182,1.6492,-1.2196
106.872,6,-35.9106,1.6506,-1.2197
106.886,6,-35.8955,1.6531,-1.2200
106.902,6,-35.8881,1.6542,-1.2198
106.918,6,-35.8807,1.6554,-1.2196
106.931,6,-35.8734,1.6567,-1.2194
106.946,6,-35.8588,1.6592,-1.2190
106.960,6,-35.8519,1.6602,-1.2184
106.975,6,-35.8378,1.6619,-1.2176
106.990,6,-35.8310,1.6624,-1.2171
107.006,6,-35.8242,1.6626,-1.2165
107.020,6,-35.8107,1.6638,-1.2153
107.035,6,-35.8041,1.6640,-1.2144
107.050,6,-35.7978,1.6641,-1.2135
107.063,6,-35.7914,1.6641,-1.2127
107.078,6,-35.7784,1.6644,-1.2111
107.092,6,-35.7720,1.6643,-1.2100
107.106,6,-35.7659,1.6641,-1.2093
107.119,6,-35.7533,1.6639,-1.2075
107.134,6,-35.7471,1.6633,-1.2064
107.148,6,-35.7409,1.6627,-1.2053
107.161,6,-35.7348,1.6621,-1.2042
107.176,6,-35.7225,1.6613,-1.2017
107.189,6,-35.7164,1.6606,-1.2004
107.203,6,-35.7103,1.6597,-1.1992
107.216,6,-35.7045,1.6586,-1.1979
107.230,6,-35.6925,1.6569,-1.1953
107.243,6,-35.6866,1.6556,-1.1937
107.258,6,-35.6807,1.6545,-1.1923
107.271,6,-35.6750,1.6532,-1.1907
107.285,6,-35.6633,1.6509,-1.1875
107.298,6,-35.6575,1.6496,-1.1858
107.313,6,-35.6517,1.6484,-1.1840
107.327,6,-35.6459,1.6470,-1.1822
107.340,6,-35.6403,1.6456,-1.1807
107.353,6,-35.6288,1.6431,-1.1771
107.366,6,-35.6233,1.6422,-1.1752
107.380,6,-35.6179,1.6417,-1.1728
107.394,6,-35.6127,1.6416,-1.1708
107.407,6,-35.6021,1.6411,-1.1668
107.420,6,-35.5968,1.6419,-1.1649
107.435,6,-35.5916,1.6437,-1.1629
107.452,6,-35.5866,1.6457,-1.1613
107.468,6,-35.5762,1.6475,-1.1575
107.481,6,-35.5711,1.6485,-1.1558
107.495,6,-35.5661,1.6494,-1.1542
107.509,6,-35.5561,1.6507,-1.1510
107.523,6,-35.5512,1.6512,-1.1497
107.537,6,-35.5465,1.6516,-1.1484
107.551,6,-35.5420,1.6521,-1.1472
107.565,6,-35.5326,1.6532,-1.1445
107.580,6,-35.5282,1.6539,-1.1436
107.596,6,-35.5241,1.6544,-1.1426
107.610,6,-35.5156,1.6557,-1.1403
107.624,6,-35.5117,1.6565,-1.1395
107.638,6,-35.5080,1.6570,-1.1387
107.653,6,-35.5045,1.6573,-1.1380
107.667,6,-35.4970,1.6581,-1.1366
107.680,6,-35.4937,1.6584,-1.1361
107.695,6,-35.4906,1.6585,-1.1356
107.710,6,-35.4840,1.6588,-1.1347
107.724,6,-35.4810,1.6589,-1.1343
107.739,6,-35.4784,1.6590,-1.1344
107.754,6,-35.4726,1.6592,-1.1339
107.771,6,-35.4701,1.6594,-1.1341
107.788,6,-35.4647,1.6599,-1.1342
107.802,6,-35.4623,1.6602,-1.1344
107.816,6,-35.4598,1.6604,-1.1347
107.831,6,-35.4549,1.6606,-1.1351
107.848,6,-35.4529,1.6605,-1.1357
107.862,6,-35.4485,1.6606,-1.1362
107.876,6,-35.4467,1.6606,-1.1368
107.893,6,-35.4450,1.6605,-1.1376
107.908,6,-35.4414,1.6603,-1.1385
107.923,6,-35.4398,1.6602,-1.1394
107.937,6,-35.4383,1.6600,-1.1402
107.951,6,-35.4350,1.6597,-1.1416
107.965,6,-35.4337,1.6594,-1.1423
107.978,6,-35.4324,1.6592,-1.1432
107.992,6,-35.4311,1.6591,-1.1442
108.006,6,-35.4284,1.6591,-1.1462
108.019,6,-35.4273,1.6594,-1.1471
108.033,6,-35.4262,1.6599,-1.1482
108.048,6,-35.4252,1.6602,-1.1493
108.061,6,-35.4243,1.6603,-1.1504
108.076,6,-35.4223,1.6605,-1.1525
108.090,6,-35.4215,1.6605,-1.1538
108.104,6,-35.4207,1.6605,-1.1548
108.119,6,-35.4192,1.6607,-1.1570
108.133,6,-35.4185,1.6606,-1.1585
108.148,6,-35.4178,1.6606,-1.1600
108.163,6,-35.4172,1.6604,-1.1613
108.178,6,-35.4158,1.6604,-1.1637
108.193,6,-35.4151,1.6605,-1.1649
108.209,6,-35.4137,1.6608,-1.1674
108.223,6,-35.4130,1.6611,-1.1687
108.237,6,-35.4123,1.6613,-1.1699
108.251,6,-35.4110,1.6618,-1.1723
108.266,6,-35.4104,1.6621,-1.1739
108.280,6,-35.4098,1.6623,-1.1751
108.294,6,-35.4093,1.6624,-1.1763
108.307,6,-35.4082,1.6626,-1.1787
108.321,6,-35.4077,1.6627,-1.1799
108.334,6,-35.4073,1.6628,-1.1808
108.347,6,-35.4068,1.6628,-1.1820
108.361,6,-35.4063,1.6628,-1.1832
108.375,6,-35.4053,1.6629,-1.1854
108.388,6,-35.4047,1.6629,-1.1864
108.402,6,-35.4042,1.6629,-1.1872
108.415,6,-35.4038,1.6630,-1.1880
108.429,6,-35.4029,1.6630,-1.1897
108.442,6,-35.4024,1.6629,-1.1906
108.456,6,-35.4021,1.6629,-1.1913
108.470,6,-35.4017,1.6630,-1.1921
108.484,6,-35.4013,1.6630,-1.1929
108.498,6,-35.4005,1.6631,-1.1944
108.512,6,-35.4002,1.6632,-1.1951
108.526,6,-35.3998,1.6632,-1.1957
108.539,6,-35.3992,1.6632,-1.1971
108.553,6,-35.3990,1.6632,-1.1976
108.567,6,-35.3987,1.6632,-1.1980
108.582,6,-35.3985,1.6631,-1.1983
108.597,6,-35.3981,1.6630,-1.1994
108.611,6,-35.3979,1.6628,-1.1997
108.625,6,-35.3978,1.6626,-1.2000
108.639,6,-35.3977,1.6624,-1.2002
108.653,6,-35.3975,1.6622,-1.2008
108.667,6,-35.3975,1.6620,-1.2008
108.681,6,-35.3975,1.6618,-1.2008
108.695,6,-35.3975,1.6617,-1.2009
108.710,6,-35.3975,1.6614,-1.2014
108.723,6,-35.3974,1.6613,-1.2015
108.739,6,-35.3975,1.6612,-1.2015
108.755,6,-35.3975,1.6609,-1.2018
108.769,6,-35.3975,1.6608,-1.2017
108.785,6,-35.3976,1.6606,-1.2019
108.799,6,-35.3977,1.6605,-1.2019
108.815,6,-35.3978,1.6603,-1.2018
108.829,6,-35.3980,1.6602,-1.2019
108.845,6,-35.3983,1.6600,-1.2020
108.859,6,-35.3984,1.6600,-1.2020
108.873,6,-35.3987,1.6599,-1.2020
108.888,6,-35.3989,1.6598,-1.2019

# --- Trial 7 start ---
117.855,7,-39.3794,1.6330,-1.2283
117.932,7,-39.3796,1.6329,-1.2274
117.962,7,-39.3799,1.6327,-1.2272
117.981,7,-39.3802,1.6326,-1.2273
117.996,7,-39.3805,1.6326,-1.2274
118.011,7,-39.3809,1.6325,-1.2275
118.031,7,-39.3810,1.6324,-1.2276
118.046,7,-39.3813,1.6323,-1.2279
118.065,7,-39.3816,1.6322,-1.2281
118.079,7,-39.3822,1.6320,-1.2283
118.093,7,-39.3829,1.6318,-1.2285
118.110,7,-39.3831,1.6318,-1.2286
118.127,7,-39.3834,1.6318,-1.2288
118.141,7,-39.3841,1.6317,-1.2289
118.156,7,-39.3845,1.6316,-1.2290
118.170,7,-39.3853,1.6314,-1.2290
118.185,7,-39.3856,1.6315,-1.2290
118.203,7,-39.3860,1.6315,-1.2287
118.217,7,-39.3867,1.6315,-1.2283
118.231,7,-39.3869,1.6314,-1.2279
118.247,7,-39.3873,1.6315,-1.2275
118.264,7,-39.3879,1.6315,-1.2266
118.280,7,-39.3887,1.6316,-1.2254
118.294,7,-39.3889,1.6317,-1.2245
118.310,7,-39.3891,1.6319,-1.2235
118.325,7,-39.3895,1.6321,-1.2218
118.338,7,-39.3897,1.6322,-1.2207
118.352,7,-39.3898,1.6322,-1.2195
118.367,7,-39.3901,1.6324,-1.2171
118.381,7,-39.3901,1.6325,-1.2157
118.397,7,-39.3900,1.6325,-1.2142
118.410,7,-39.3900,1.6327,-1.2115
118.425,7,-39.3898,1.6328,-1.2099
118.439,7,-39.3894,1.6330,-1.2081
118.453,7,-39.3892,1.6332,-1.2063
118.469,7,-39.3887,1.6333,-1.2028
118.483,7,-39.3883,1.6334,-1.2009
118.498,7,-39.3877,1.6336,-1.1992
118.512,7,-39.3872,1.6339,-1.1973
118.528,7,-39.3863,1.6342,-1.1939
118.542,7,-39.3857,1.6340,-1.1922
118.556,7,-39.3848,1.6333,-1.1887
118.571,7,-39.3840,1.6324,-1.1873
118.586,7,-39.3831,1.6320,-1.1860
118.600,7,-39.3823,1.6324,-1.1849
118.614,7,-39.3809,1.6331,-1.1826
118.628,7,-39.3801,1.6335,-1.1820
118.643,7,-39.3795,1.6334,-1.1815
118.658,7,-39.3779,1.6334,-1.1801
118.672,7,-39.3770,1.6338,-1.1798
118.687,7,-39.3760,1.6345,-1.1796
118.702,7,-39.3742,1.6353,-1.1788
118.717,7,-39.3733,1.6357,-1.1786
118.732,7,-39.3722,1.6358,-1.1785
118.747,7,-39.3701,1.6362,-1.1782
118.762,7,-39.3690,1.6363,-1.1782
118.776,7,-39.3675,1.6364,-1.1784
118.790,7,-39.3662,1.6363,-1.1787
118.804,7,-39.3640,1.6359,-1.1789
118.819,7,-39.3627,1.6353,-1.1792
118.833,7,-39.3616,1.6344,-1.1794
118.848,7,-39.3593,1.6329,-1.1798
118.861,7,-39.3583,1.6317,-1.1801
118.876,7,-39.3573,1.6302,-1.1804
118.893,7,-39.3551,1.6269,-1.1810
118.910,7,-39.3541,1.6243,-1.1814
118.926,7,-39.3520,1.6200,-1.1822
118.940,7,-39.3510,1.6176,-1.1826
118.955,7,-39.3499,1.6150,-1.1832
118.970,7,-39.3480,1.6098,-1.1843
118.984,7,-39.3472,1.6067,-1.1849
118.999,7,-39.3463,1.6033,-1.1858
119.015,7,-39.3447,1.5968,-1.1873
119.030,7,-39.3446,1.5927,-1.1880
119.045,7,-39.3436,1.5946,-1.1886
119.060,7,-39.3425,1.5953,-1.1900
119.074,7,-39.3411,1.5958,-1.1901
119.089,7,-39.3398,1.5953,-1.1905
119.105,7,-39.3378,1.5964,-1.1915
119.120,7,-39.3370,1.5997,-1.1919
119.136,7,-39.3359,1.6034,-1.1924
119.151,7,-39.3359,1.6048,-1.1922
119.169,7,-39.3359,1.6066,-1.1918
119.185,7,-39.3348,1.6102,-1.1917
119.200,7,-39.3342,1.6126,-1.1909
119.215,7,-39.3327,1.6168,-1.1899
119.229,7,-39.3320,1.6194,-1.1894
119.244,7,-39.3309,1.6217,-1.1888
119.259,7,-39.3295,1.6254,-1.1878
119.274,7,-39.3286,1.6263,-1.1868
119.289,7,-39.3279,1.6273,-1.1859
119.304,7,-39.3266,1.6302,-1.1840
119.318,7,-39.3260,1.6314,-1.1832
119.332,7,-39.3254,1.6318,-1.1821
119.348,7,-39.3240,1.6325,-1.1800
119.366,7,-39.3229,1.6318,-1.1790
119.387,7,-39.3211,1.6320,-1.1769
119.402,7,-39.3192,1.6317,-1.1747
119.416,7,-39.3178,1.6312,-1.1735
119.432,7,-39.3162,1.6303,-1.1721
119.447,7,-39.3144,1.6298,-1.1712
119.463,7,-39.3114,1.6291,-1.1688
119.478,7,-39.3095,1.6290,-1.1679
119.494,7,-39.3061,1.6284,-1.1655
119.509,7,-39.3041,1.6278,-1.1641
119.524,7,-39.2999,1.6269,-1.1621
119.538,7,-39.2974,1.6262,-1.1611
119.554,7,-39.2948,1.6255,-1.1601
119.569,7,-39.2901,1.6233,-1.1578
119.584,7,-39.2871,1.6221,-1.1568
119.599,7,-39.2839,1.6214,-1.1556
119.614,7,-39.2775,1.6210,-1.1541
119.629,7,-39.2738,1.6210,-1.1537
119.644,7,-39.2701,1.6205,-1.1531
119.659,7,-39.2625,1.6196,-1.1519
119.673,7,-39.2583,1.6193,-1.1514
119.688,7,-39.2540,1.6194,-1.1511
119.702,7,-39.2457,1.6191,-1.1502
119.717,7,-39.2409,1.6185,-1.1502
119.731,7,-39.2362,1.6175,-1.1499
119.746,7,-39.2316,1.6161,-1.1498
119.761,7,-39.2219,1.6142,-1.1496
119.774,7,-39.2166,1.6130,-1.1498
119.789,7,-39.2110,1.6119,-1.1499
119.803,7,-39.2050,1.6106,-1.1502
119.818,7,-39.1935,1.6082,-1.1505
119.832,7,-39.1871,1.6069,-1.1506
119.848,7,-39.1741,1.6048,-1.1514
119.861,7,-39.1666,1.6036,-1.1518
119.876,7,-39.1590,1.6023,-1.1524
119.890,7,-39.1449,1.5995,-1.1532
119.905,7,-39.1370,1.5979,-1.1539
119.920,7,-39.1293,1.5963,-1.1544
119.934,7,-39.1217,1.5949,-1.1553
119.950,7,-39.1059,1.5923,-1.1569
119.964,7,-39.0976,1.5910,-1.1580
119.980,7,-39.0894,1.5897,-1.1589
120.000,7,-39.0731,1.5880,-1.1607
120.017,7,-39.0563,1.5870,-1.1630
120.032,7,-39.0472,1.5871,-1.1643
120.047,7,-39.0299,1.5865,-1.1665
120.062,7,-39.0208,1.5868,-1.1680
120.079,7,-39.0116,1.5875,-1.1694
120.095,7,-38.9937,1.5893,-1.1719
120.109,7,-38.9844,1.5919,-1.1733
120.124,7,-38.9751,1.5941,-1.1745
120.139,7,-38.9566,1.5980,-1.1768
120.153,7,-38.9472,1.6007,-1.1779
120.168,7,-38.9384,1.6032,-1.1786
120.183,7,-38.9201,1.6073,-1.1803
120.198,7,-38.9107,1.6091,-1.1810
120.212,7,-38.9017,1.6108,-1.1815
120.229,7,-38.8839,1.6144,-1.1824
120.243,7,-38.8749,1.6164,-1.1824
120.258,7,-38.8568,1.6206,-1.1831
120.272,7,-38.8476,1.6229,-1.1834
120.290,7,-38.8389,1.6245,-1.1832
120.304,7,-38.8214,1.6279,-1.1834
120.319,7,-38.8127,1.6290,-1.1831
120.333,7,-38.8035,1.6301,-1.1832
120.349,7,-38.7858,1.6323,-1.1828
120.363,7,-38.7767,1.6328,-1.1825
120.377,7,-38.7682,1.6326,-1.1820
120.391,7,-38.7595,1.6319,-1.1815
120.406,7,-38.7414,1.6310,-1.1809
120.421,7,-38.7323,1.6293,-1.1804
120.435,7,-38.7234,1.6275,-1.1800
120.449,7,-38.7054,1.6244,-1.1790
120.467,7,-38.6962,1.6220,-1.1784
120.486,7,-38.6772,1.6179,-1.1774
120.501,7,-38.6581,1.6132,-1.1761
120.516,7,-38.6479,1.6107,-1.1754
120.532,7,-38.6377,1.6084,-1.1743
120.546,7,-38.6274,1.6066,-1.1734
120.561,7,-38.6069,1.6028,-1.1714
120.575,7,-38.5961,1.6011,-1.1705
120.591,7,-38.5858,1.5999,-1.1693
120.606,7,-38.5652,1.5974,-1.1670
120.621,7,-38.5546,1.5972,-1.1656
120.636,7,-38.5339,1.5960,-1.1630
120.650,7,-38.5232,1.5960,-1.1618
120.666,7,-38.5128,1.5964,-1.1604
120.682,7,-38.5024,1.5979,-1.1590
120.697,7,-38.4811,1.6007,-1.1565
120.712,7,-38.4704,1.6030,-1.1552
120.727,7,-38.4487,1.6069,-1.1531
120.742,7,-38.4379,1.6096,-1.1521
120.756,7,-38.4274,1.6115,-1.1513
120.770,7,-38.4063,1.6151,-1.1495
120.784,7,-38.3955,1.6171,-1.1490
120.798,7,-38.3848,1.6193,-1.1485
120.813,7,-38.3637,1.6234,-1.1475
120.828,7,-38.3530,1.6255,-1.1474
120.845,7,-38.3427,1.6280,-1.1475
120.859,7,-38.3222,1.6321,-1.1473
120.872,7,-38.3119,1.6338,-1.1477
120.887,7,-38.3019,1.6351,-1.1481
120.901,7,-38.2818,1.6379,-1.1484
120.915,7,-38.2719,1.6385,-1.1489
120.929,7,-38.2621,1.6388,-1.1491
120.943,7,-38.2523,1.6388,-1.1496
120.957,7,-38.2324,1.6389,-1.1504
120.971,7,-38.2223,1.6377,-1.1511
120.985,7,-38.2124,1.6362,-1.1516
120.999,7,-38.2024,1.6347,-1.1522
121.013,7,-38.1820,1.6321,-1.1532
121.027,7,-38.1716,1.6303,-1.1538
121.041,7,-38.1613,1.6284,-1.1544
121.055,7,-38.1512,1.6263,-1.1551
121.069,7,-38.1305,1.6223,-1.1563
121.087,7,-38.1202,1.6200,-1.1571
121.103,7,-38.0992,1.6163,-1.1588
121.117,7,-38.0885,1.6147,-1.1597
121.132,7,-38.0776,1.6132,-1.1607
121.147,7,-38.0563,1.6101,-1.1625
121.161,7,-38.0455,1.6089,-1.1637
121.176,7,-38.0349,1.6082,-1.1649
121.191,7,-38.0245,1.6080,-1.1664
121.206,7,-38.0033,1.6070,-1.1688
121.221,7,-37.9926,1.6076,-1.1704
121.239,7,-37.9713,1.6096,-1.1732
121.255,7,-37.9605,1.6122,-1.1745
121.269,7,-37.9389,1.6153,-1.1772
121.283,7,-37.9279,1.6177,-1.1785
121.297,7,-37.9170,1.6203,-1.1796
121.312,7,-37.9064,1.6226,-1.1807
121.327,7,-37.8853,1.6263,-1.1827
121.341,7,-37.8749,1.6281,-1.1834
121.356,7,-37.8645,1.6301,-1.1840
121.371,7,-37.8438,1.6342,-1.1853
121.385,7,-37.8334,1.6364,-1.1856
121.400,7,-37.8130,1.6407,-1.1862
121.415,7,-37.8031,1.6426,-1.1861
121.430,7,-37.7929,1.6442,-1.1861
121.446,7,-37.7828,1.6454,-1.1859
121.461,7,-37.7627,1.6479,-1.1859
121.475,7,-37.7529,1.6484,-1.1857
121.491,7,-37.7330,1.6498,-1.1855
121.504,7,-37.7231,1.6495,-1.1853
121.519,7,-37.7132,1.6487,-1.1852
121.535,7,-37.6936,1.6474,-1.1848
121.550,7,-37.6837,1.6456,-1.1844
121.564,7,-37.6737,1.6434,-1.1840
121.579,7,-37.6538,1.6405,-1.1834
121.593,7,-37.6438,1.6380,-1.1830
121.608,7,-37.6338,1.6352,-1.1826
121.623,7,-37.6134,1.6302,-1.1817
121.638,7,-37.6031,1.6271,-1.1811
121.652,7,-37.5927,1.6242,-1.1803
121.668,7,-37.5722,1.6192,-1.1790
121.683,7,-37.5615,1.6169,-1.1780
121.698,7,-37.5511,1.6150,-1.1769
121.717,7,-37.5302,1.6119,-1.1750
121.735,7,-37.5091,1.6096,-1.1731
121.749,7,-37.4987,1.6092,-1.1720
121.764,7,-37.4883,1.6088,-1.1708
121.778,7,-37.4778,1.6088,-1.1697
121.793,7,-37.4570,1.6096,-1.1673
121.806,7,-37.4467,1.6117,-1.1662
121.821,7,-37.4364,1.6139,-1.1651
121.836,7,-37.4157,1.6177,-1.1630
121.852,7,-37.4055,1.6205,-1.1621
121.869,7,-37.3953,1.6230,-1.1614
121.885,7,-37.3746,1.6272,-1.1597
121.900,7,-37.3642,1.6295,-1.1591
121.915,7,-37.3435,1.6339,-1.1577
121.928,7,-37.3332,1.6362,-1.1572
121.943,7,-37.3233,1.6383,-1.1566
121.958,7,-37.3031,1.6428,-1.1556
121.972,7,-37.2933,1.6451,-1.1554
121.984,7,-37.2837,1.6470,-1.1551
121.999,7,-37.2742,1.6485,-1.1548
122.017,7,-37.2551,1.6514,-1.1541
122.031,7,-37.2458,1.6525,-1.1538
122.045,7,-37.2270,1.6546,-1.1532
122.058,7,-37.2179,1.6547,-1.1529
122.072,7,-37.2087,1.6544,-1.1526
122.087,7,-37.1995,1.6540,-1.1523
122.100,7,-37.1810,1.6536,-1.1518
122.115,7,-37.1719,1.6523,-1.1514
122.128,7,-37.1628,1.6510,-1.1513
122.142,7,-37.1539,1.6496,-1.1510
122.156,7,-37.1355,1.6473,-1.1505
122.170,7,-37.1263,1.6452,-1.1503
122.187,7,-37.1171,1.6426,-1.1501
122.203,7,-37.0987,1.6382,-1.1498
122.217,7,-37.0892,1.6356,-1.1497
122.231,7,-37.0797,1.6333,-1.1498
122.244,7,-37.0703,1.6314,-1.1498
122.258,7,-37.0510,1.6277,-1.1500
122.272,7,-37.0411,1.6260,-1.1502
122.286,7,-37.0311,1.6247,-1.1506
122.302,7,-37.0211,1.6238,-1.1510
122.316,7,-37.0013,1.6222,-1.1518
122.330,7,-36.9913,1.6217,-1.1524
122.344,7,-36.9814,1.6210,-1.1530
122.358,7,-36.9616,1.6205,-1.1542
122.373,7,-36.9515,1.6227,-1.1551
122.388,7,-36.9417,1.6248,-1.1558
122.402,7,-36.9320,1.6264,-1.1564
122.418,7,-36.9124,1.6295,-1.1577
122.432,7,-36.9029,1.6313,-1.1583
122.447,7,-36.8835,1.6344,-1.1593
122.460,7,-36.8738,1.6358,-1.1596
122.475,7,-36.8641,1.6374,-1.1595
122.489,7,-36.8543,1.6392,-1.1597
122.507,7,-36.8348,1.6430,-1.1597
122.524,7,-36.8155,1.6470,-1.1596
122.539,7,-36.8063,1.6491,-1.1593
122.554,7,-36.7970,1.6512,-1.1591
122.568,7,-36.7878,1.6529,-1.1587
122.583,7,-36.7692,1.6560,-1.1581
122.598,7,-36.7604,1.6568,-1.1576
122.612,7,-36.7421,1.6589,-1.1569
122.628,7,-36.7334,1.6592,-1.1564
122.642,7,-36.7244,1.6596,-1.1560
122.656,7,-36.7155,1.6594,-1.1555
122.671,7,-36.6974,1.6595,-1.1545
122.687,7,-36.6882,1.6584,-1.1539
122.704,7,-36.6702,1.6570,-1.1527
122.718,7,-36.6611,1.6557,-1.1521
122.733,7,-36.6520,1.6538,-1.1513
122.748,7,-36.6338,1.6506,-1.1500
122.764,7,-36.6247,1.6482,-1.1492
122.778,7,-36.6156,1.6458,-1.1484
122.792,7,-36.5972,1.6417,-1.1467
122.812,7,-36.5787,1.6369,-1.1447
122.831,7,-36.5694,1.6341,-1.1433
122.845,7,-36.5509,1.6296,-1.1410
122.858,7,-36.5417,1.6279,-1.1396
122.876,7,-36.5326,1.6267,-1.1380
122.891,7,-36.5143,1.6237,-1.1352
122.906,7,-36.5053,1.6223,-1.1337
122.922,7,-36.4964,1.6212,-1.1322
122.936,7,-36.4785,1.6199,-1.1293
122.951,7,-36.4699,1.6214,-1.1276
122.964,7,-36.4613,1.6225,-1.1260
122.978,7,-36.4439,1.6237,-1.1229
122.992,7,-36.4353,1.6261,-1.1213
123.005,7,-36.4266,1.6289,-1.1199
123.020,7,-36.4181,1.6315,-1.1184
123.034,7,-36.4007,1.6350,-1.1154
123.047,7,-36.3918,1.6368,-1.1142
123.061,7,-36.3828,1.6388,-1.1130
123.075,7,-36.3739,1.6408,-1.1118
123.089,7,-36.3561,1.6447,-1.1095
123.102,7,-36.3474,1.6466,-1.1084
123.116,7,-36.3391,1.6483,-1.1075
123.130,7,-36.3306,1.6498,-1.1067
123.144,7,-36.3225,1.6514,-1.1060
123.158,7,-36.3057,1.6545,-1.1042
123.171,7,-36.2978,1.6556,-1.1036
123.184,7,-36.2900,1.6565,-1.1029
123.198,7,-36.2823,1.6575,-1.1024
123.212,7,-36.2662,1.6596,-1.1011
123.226,7,-36.2585,1.6600,-1.1008
123.239,7,-36.2507,1.6604,-1.1003
123.253,7,-36.2432,1.6605,-1.1000
123.267,7,-36.2356,1.6605,-1.0997
123.281,7,-36.2202,1.6605,-1.0991
123.295,7,-36.2126,1.6600,-1.0990
123.309,7,-36.2052,1.6591,-1.0989
123.322,7,-36.1978,1.6581,-1.0988
123.336,7,-36.1825,1.6562,-1.0986
123.351,7,-36.1749,1.6547,-1.0987
123.365,7,-36.1674,1.6530,-1.0988
123.379,7,-36.1521,1.6500,-1.0988
123.393,7,-36.1442,1.6478,-1.0990
123.407,7,-36.1362,1.6459,-1.0994
123.425,7,-36.1284,1.6442,-1.0998
123.442,7,-36.1125,1.6412,-1.1005
123.456,7,-36.0965,1.6385,-1.1013
123.470,7,-36.0885,1.6375,-1.1019
123.484,7,-36.0804,1.6370,-1.1024
123.498,7,-36.0722,1.6366,-1.1028
123.513,7,-36.0560,1.6357,-1.1038
123.528,7,-36.0479,1.6354,-1.1044
123.542,7,-36.0398,1.6354,-1.1051
123.556,7,-36.0317,1.6362,-1.1057
123.572,7,-36.0158,1.6379,-1.1068
123.591,7,-36.0001,1.6403,-1.1078
123.609,7,-35.9925,1.6424,-1.1083
123.624,7,-35.9769,1.6454,-1.1094
123.638,7,-35.9692,1.6472,-1.1098
123.652,7,-35.9615,1.6486,-1.1103
123.666,7,-35.9539,1.6498,-1.1107
123.680,7,-35.9384,1.6522,-1.1118
123.695,7,-35.9308,1.6531,-1.1122
123.710,7,-35.9232,1.6540,-1.1126
123.725,7,-35.9081,1.6564,-1.1132
123.740,7,-35.9007,1.6576,-1.1135
123.755,7,-35.8936,1.6587,-1.1138
123.770,7,-35.8791,1.6609,-1.1143
123.784,7,-35.8722,1.6617,-1.1146
123.799,7,-35.8655,1.6623,-1.1148
123.813,7,-35.8516,1.6635,-1.1150
123.827,7,-35.8449,1.6638,-1.1152
123.842,7,-35.8383,1.6639,-1.1152
123.856,7,-35.8317,1.6642,-1.1156
123.872,7,-35.8183,1.6646,-1.1160
123.885,7,-35.8116,1.6644,-1.1161
123.899,7,-35.8051,1.6641,-1.1163
123.915,7,-35.7919,1.6637,-1.1166
123.929,7,-35.7854,1.6633,-1.1167
123.943,7,-35.7788,1.6627,-1.1171
123.957,7,-35.7659,1.6615,-1.1173
123.971,7,-35.7597,1.6607,-1.1174
123.985,7,-35.7533,1.6600,-1.1174
123.999,7,-35.7470,1.6592,-1.1173
124.015,7,-35.7343,1.6576,-1.1174
124.029,7,-35.7281,1.6563,-1.1175
124.046,7,-35.7220,1.6552,-1.1172
124.061,7,-35.7096,1.6532,-1.1170
124.075,7,-35.7037,1.6521,-1.1164
124.089,7,-35.6917,1.6503,-1.1159
124.102,7,-35.6860,1.6492,-1.1153
124.116,7,-35.6802,1.6481,-1.1148
124.130,7,-35.6745,1.6470,-1.1143
124.145,7,-35.6627,1.6450,-1.1131
124.159,7,-35.6569,1.6440,-1.1126
124.172,7,-35.6510,1.6431,-1.1118
124.186,7,-35.6455,1.6425,-1.1110
124.200,7,-35.6399,1.6426,-1.1100
124.217,7,-35.6285,1.6429,-1.1082
124.232,7,-35.6175,1.6436,-1.1063
124.246,7,-35.6122,1.6447,-1.1054
124.260,7,-35.6069,1.6462,-1.1044
124.274,7,-35.6015,1.6476,-1.1034
124.288,7,-35.5909,1.6498,-1.1015
124.301,7,-35.5857,1.6510,-1.1006
124.315,7,-35.5805,1.6519,-1.0998
124.330,7,-35.5755,1.6525,-1.0990
124.344,7,-35.5652,1.6538,-1.0975
124.357,7,-35.5602,1.6543,-1.0967
124.371,7,-35.5553,1.6549,-1.0961
124.386,7,-35.5506,1.6555,-1.0955
124.399,7,-35.5407,1.6568,-1.0942
124.413,7,-35.5362,1.6572,-1.0938
124.428,7,-35.5318,1.6577,-1.0935
124.441,7,-35.5275,1.6583,-1.0932
124.456,7,-35.5188,1.6596,-1.0925
124.469,7,-35.5146,1.6602,-1.0923
124.483,7,-35.5105,1.6607,-1.0920
124.496,7,-35.5065,1.6613,-1.0920
124.510,7,-35.5025,1.6620,-1.0919
124.525,7,-35.4944,1.6632,-1.0918
124.541,7,-35.4906,1.6637,-1.0919
124.555,7,-35.4869,1.6642,-1.0920
124.570,7,-35.4795,1.6652,-1.0921
124.584,7,-35.4761,1.6656,-1.0926
124.599,7,-35.4691,1.6665,-1.0930
124.612,7,-35.4659,1.6669,-1.0934
124.627,7,-35.4628,1.6673,-1.0939
124.641,7,-35.4596,1.6675,-1.0945
124.663,7,-35.4535,1.6677,-1.0954
124.680,7,-35.4507,1.6676,-1.0961
124.702,7,-35.4452,1.6674,-1.0972
124.725,7,-35.4374,1.6668,-1.0990
124.744,7,-35.4354,1.6660,-1.0999
124.762,7,-35.4310,1.6648,-1.1011
124.779,7,-35.4292,1.6643,-1.1017
124.797,7,-35.4253,1.6647,-1.1034
124.816,7,-35.4237,1.6655,-1.1042
124.855,7,-35.4205,1.6656,-1.1061
124.871,7,-35.4140,1.6656,-1.1093
124.886,7,-35.4127,1.6655,-1.1101
124.900,7,-35.4098,1.6654,-1.1118
124.915,7,-35.4086,1.6651,-1.1126
124.932,7,-35.4074,1.6647,-1.1134
124.946,7,-35.4049,1.6642,-1.1149
124.959,7,-35.4037,1.6640,-1.1157
124.973,7,-35.4027,1.6639,-1.1166
124.988,7,-35.4017,1.6637,-1.1175
125.005,7,-35.3997,1.6633,-1.1192
125.023,7,-35.3980,1.6629,-1.1207
125.036,7,-35.3972,1.6628,-1.1214
125.051,7,-35.3965,1.6626,-1.1221
125.065,7,-35.3957,1.6625,-1.1230
125.080,7,-35.3942,1.6623,-1.1245
125.093,7,-35.3936,1.6622,-1.1252
125.108,7,-35.3930,1.6623,-1.1260
125.122,7,-35.3923,1.6623,-1.1267
125.136,7,-35.3910,1.6622,-1.1281
125.149,7,-35.3904,1.6623,-1.1290
125.164,7,-35.3899,1.6622,-1.1295
125.177,7,-35.3894,1.6622,-1.1301
125.191,7,-35.3883,1.6621,-1.1313
125.204,7,-35.3879,1.6620,-1.1319
125.219,7,-35.3876,1.6619,-1.1325
125.232,7,-35.3872,1.6619,-1.1333
125.246,7,-35.3864,1.6618,-1.1344
125.260,7,-35.3861,1.6618,-1.1349
125.276,7,-35.3860,1.6617,-1.1354
125.289,7,-35.3855,1.6616,-1.1364
125.302,7,-35.3853,1.6617,-1.1367
125.315,7,-35.3850,1.6617,-1.1371
125.328,7,-35.3849,1.6618,-1.1378
125.343,7,-35.3845,1.6620,-1.1387
125.356,7,-35.3843,1.6621,-1.1391
125.370,7,-35.3841,1.6623,-1.1397
125.383,7,-35.3840,1.6623,-1.1400
125.397,7,-35.3838,1.6624,-1.1403
125.410,7,-35.3835,1.6626,-1.1412
125.423,7,-35.3834,1.6627,-1.1415
125.438,7,-35.3833,1.6627,-1.1418
125.451,7,-35.3832,1.6627,-1.1420
125.465,7,-35.3831,1.6628,-1.1425
125.479,7,-35.3831,1.6627,-1.1427
125.492,7,-35.3831,1.6627,-1.1429
125.506,7,-35.3830,1.6627,-1.1433
125.519,7,-35.3830,1.6627,-1.1434
125.533,7,-35.3829,1.6626,-1.1439
125.546,7,-35.3829,1.6627,-1.1440
125.560,7,-35.3829,1.6627,-1.1440
125.573,7,-35.3829,1.6627,-1.1442
125.587,7,-35.3829,1.6626,-1.1443
125.601,7,-35.3828,1.6626,-1.1444
125.614,7,-35.3829,1.6626,-1.1444
125.628,7,-35.3829,1.6626,-1.1446
125.642,7,-35.3829,1.6626,-1.1446
125.656,7,-35.3830,1.6625,-1.1447
125.669,7,-35.3831,1.6625,-1.1446
125.683,7,-35.3831,1.6625,-1.1441
125.697,7,-35.3831,1.6625,-1.1440

# --- Trial 8 start ---
135.125,8,-39.3414,1.6341,-1.3167
135.201,8,-39.3432,1.6339,-1.3160
135.227,8,-39.3442,1.6339,-1.3157
135.241,8,-39.3447,1.6338,-1.3156
135.259,8,-39.3450,1.6337,-1.3156
135.275,8,-39.3454,1.6336,-1.3156
135.292,8,-39.3460,1.6336,-1.3157
135.308,8,-39.3463,1.6335,-1.3157
135.323,8,-39.3470,1.6334,-1.3158
135.336,8,-39.3477,1.6334,-1.3158
135.349,8,-39.3481,1.6334,-1.3158
135.367,8,-39.3484,1.6334,-1.3158
135.381,8,-39.3488,1.6334,-1.3158
135.396,8,-39.3497,1.6334,-1.3156
135.409,8,-39.3500,1.6335,-1.3155
135.424,8,-39.3503,1.6335,-1.3153
135.438,8,-39.3509,1.6336,-1.3150
135.456,8,-39.3512,1.6336,-1.3147
135.472,8,-39.3515,1.6336,-1.3143
135.487,8,-39.3522,1.6337,-1.3136
135.501,8,-39.3525,1.6337,-1.3129
135.515,8,-39.3532,1.6338,-1.3116
135.529,8,-39.3537,1.6338,-1.3106
135.545,8,-39.3540,1.6339,-1.3095
135.559,8,-39.3543,1.6339,-1.3084
135.574,8,-39.3547,1.6339,-1.3063
135.587,8,-39.3549,1.6339,-1.3049
135.602,8,-39.3551,1.6339,-1.3035
135.617,8,-39.3557,1.6339,-1.3006
135.632,8,-39.3561,1.6340,-1.2988
135.647,8,-39.3563,1.6342,-1.2970
135.662,8,-39.3567,1.6344,-1.2937
135.676,8,-39.3568,1.6345,-1.2919
135.691,8,-39.3568,1.6346,-1.2899
135.706,8,-39.3569,1.6349,-1.2861
135.720,8,-39.3567,1.6352,-1.2840
135.736,8,-39.3566,1.6355,-1.2818
135.750,8,-39.3565,1.6358,-1.2778
135.765,8,-39.3564,1.6359,-1.2757
135.782,8,-39.3562,1.6358,-1.2736
135.800,8,-39.3557,1.6353,-1.2696
135.814,8,-39.3550,1.6344,-1.2656
135.829,8,-39.3542,1.6339,-1.2638
135.845,8,-39.3531,1.6334,-1.2624
135.859,8,-39.3523,1.6333,-1.2610
135.873,8,-39.3507,1.6335,-1.2584
135.888,8,-39.3499,1.6339,-1.2575
135.902,8,-39.3490,1.6339,-1.2568
135.918,8,-39.3473,1.6334,-1.2550
135.933,8,-39.3464,1.6333,-1.2545
135.947,8,-39.3454,1.6336,-1.2541
135.962,8,-39.3436,1.6337,-1.2527
135.977,8,-39.3425,1.6338,-1.2522
135.991,8,-39.3413,1.6335,-1.2519
136.007,8,-39.3392,1.6329,-1.2510
136.021,8,-39.3382,1.6324,-1.2507
136.035,8,-39.3373,1.6316,-1.2503
136.050,8,-39.3365,1.6305,-1.2501
136.064,8,-39.3347,1.6286,-1.2495
136.078,8,-39.3339,1.6274,-1.2492
136.092,8,-39.3332,1.6258,-1.2490
136.108,8,-39.3317,1.6227,-1.2487
136.122,8,-39.3311,1.6206,-1.2486
136.137,8,-39.3305,1.6182,-1.2486
136.151,8,-39.3294,1.6139,-1.2485
136.167,8,-39.3288,1.6112,-1.2486
136.184,8,-39.3284,1.6086,-1.2487
136.199,8,-39.3273,1.6041,-1.2490
136.214,8,-39.3268,1.6023,-1.2494
136.228,8,-39.3254,1.5987,-1.2501
136.242,8,-39.3247,1.5973,-1.2507
136.256,8,-39.3244,1.5949,-1.2513
136.270,8,-39.3244,1.5928,-1.2518
136.285,8,-39.3225,1.5947,-1.2532
136.300,8,-39.3224,1.5983,-1.2541
136.314,8,-39.3211,1.6010,-1.2547
136.329,8,-39.3194,1.6031,-1.2562
136.343,8,-39.3189,1.6045,-1.2574
136.358,8,-39.3186,1.6071,-1.2584
136.373,8,-39.3175,1.6114,-1.2604
136.388,8,-39.3176,1.6130,-1.2613
136.406,8,-39.3172,1.6145,-1.2621
136.422,8,-39.3160,1.6179,-1.2635
136.437,8,-39.3150,1.6199,-1.2641
136.452,8,-39.3130,1.6238,-1.2656
136.466,8,-39.3121,1.6256,-1.2663
136.480,8,-39.3110,1.6270,-1.2670
136.495,8,-39.3086,1.6292,-1.2684
136.509,8,-39.3075,1.6292,-1.2690
136.522,8,-39.3067,1.6293,-1.2691
136.537,8,-39.3059,1.6298,-1.2695
136.553,8,-39.3038,1.6309,-1.2701
136.570,8,-39.3029,1.6310,-1.2702
136.587,8,-39.3008,1.6312,-1.2705
136.600,8,-39.2996,1.6311,-1.2703
136.615,8,-39.2981,1.6313,-1.2702
136.629,8,-39.2952,1.6316,-1.2699
136.643,8,-39.2937,1.6318,-1.2693
136.657,8,-39.2920,1.6315,-1.2687
136.672,8,-39.2905,1.6312,-1.2679
136.688,8,-39.2871,1.6309,-1.2666
136.701,8,-39.2856,1.6309,-1.2657
136.716,8,-39.2839,1.6307,-1.2646
136.731,8,-39.2805,1.6300,-1.2626
136.745,8,-39.2787,1.6292,-1.2611
136.759,8,-39.2768,1.6286,-1.2598
136.774,8,-39.2732,1.6279,-1.2574
136.787,8,-39.2710,1.6272,-1.2561
136.801,8,-39.2689,1.6266,-1.2545
136.816,8,-39.2668,1.6257,-1.2530
136.832,8,-39.2625,1.6247,-1.2502
136.846,8,-39.2597,1.6242,-1.2492
136.860,8,-39.2573,1.6237,-1.2479
136.875,8,-39.2521,1.6225,-1.2455
136.888,8,-39.2495,1.6220,-1.2443
136.903,8,-39.2464,1.6215,-1.2433
136.918,8,-39.2405,1.6208,-1.2412
136.932,8,-39.2370,1.6210,-1.2405
136.946,8,-39.2333,1.6210,-1.2399
136.961,8,-39.2296,1.6211,-1.2394
136.976,8,-39.2227,1.6208,-1.2381
136.990,8,-39.2189,1.6205,-1.2376
137.004,8,-39.2151,1.6201,-1.2372
137.019,8,-39.2072,1.6196,-1.2363
137.033,8,-39.2028,1.6191,-1.2361
137.048,8,-39.1985,1.6183,-1.2357
137.064,8,-39.1897,1.6168,-1.2352
137.078,8,-39.1848,1.6157,-1.2353
137.092,8,-39.1751,1.6138,-1.2354
137.106,8,-39.1695,1.6126,-1.2358
137.124,8,-39.1635,1.6111,-1.2364
137.139,8,-39.1522,1.6088,-1.2372
137.152,8,-39.1461,1.6078,-1.2381
137.166,8,-39.1395,1.6064,-1.2392
137.180,8,-39.1330,1.6051,-1.2403
137.195,8,-39.1207,1.6024,-1.2424
137.208,8,-39.1137,1.6006,-1.2441
137.222,8,-39.1067,1.5992,-1.2459
137.236,8,-39.0997,1.5980,-1.2478
137.250,8,-39.0856,1.5962,-1.2513
137.264,8,-39.0782,1.5957,-1.2535
137.278,8,-39.0708,1.5951,-1.2557
137.292,8,-39.0633,1.5945,-1.2579
137.306,8,-39.0482,1.5933,-1.2625
137.319,8,-39.0406,1.5932,-1.2649
137.334,8,-39.0326,1.5939,-1.2675
137.349,8,-39.0168,1.5956,-1.2724
137.362,8,-39.0083,1.5975,-1.2751
137.376,8,-39.0000,1.5995,-1.2775
137.389,8,-38.9916,1.6018,-1.2799
137.404,8,-38.9748,1.6058,-1.2846
137.419,8,-38.9661,1.6081,-1.2869
137.433,8,-38.9576,1.6103,-1.2890
137.448,8,-38.9495,1.6123,-1.2909
137.463,8,-38.9339,1.6155,-1.2948
137.478,8,-38.9262,1.6166,-1.2965
137.492,8,-38.9179,1.6176,-1.2982
137.507,8,-38.9022,1.6201,-1.3016
137.522,8,-38.8943,1.6215,-1.3028
137.536,8,-38.8867,1.6229,-1.3040
137.551,8,-38.8710,1.6255,-1.3067
137.565,8,-38.8633,1.6262,-1.3078
137.580,8,-38.8555,1.6266,-1.3087
137.594,8,-38.8403,1.6277,-1.3106
137.609,8,-38.8330,1.6277,-1.3110
137.626,8,-38.8253,1.6278,-1.3114
137.641,8,-38.8097,1.6283,-1.3126
137.655,8,-38.8016,1.6279,-1.3130
137.670,8,-38.7936,1.6273,-1.3133
137.687,8,-38.7774,1.6262,-1.3141
137.702,8,-38.7691,1.6250,-1.3141
137.717,8,-38.7525,1.6231,-1.3146
137.731,8,-38.7438,1.6216,-1.3148
137.747,8,-38.7351,1.6199,-1.3147
137.761,8,-38.7180,1.6170,-1.3147
137.775,8,-38.7094,1.6151,-1.3144
137.789,8,-38.7004,1.6133,-1.3142
137.804,8,-38.6916,1.6114,-1.3138
137.819,8,-38.6734,1.6077,-1.3132
137.833,8,-38.6641,1.6058,-1.3126
137.847,8,-38.6547,1.6041,-1.3118
137.862,8,-38.6363,1.6012,-1.3104
137.876,8,-38.6265,1.6004,-1.3093
137.891,8,-38.6167,1.5997,-1.3082
137.906,8,-38.5972,1.5983,-1.3058
137.920,8,-38.5872,1.5980,-1.3041
137.935,8,-38.5774,1.5977,-1.3022
137.950,8,-38.5572,1.5976,-1.2991
137.964,8,-38.5468,1.5992,-1.2972
137.979,8,-38.5366,1.6010,-1.2953
137.993,8,-38.5157,1.6037,-1.2916
138.008,8,-38.5046,1.6062,-1.2896
138.023,8,-38.4936,1.6089,-1.2875
138.038,8,-38.4718,1.6127,-1.2836
138.052,8,-38.4605,1.6146,-1.2815
138.065,8,-38.4497,1.6165,-1.2794
138.080,8,-38.4391,1.6184,-1.2775
138.094,8,-38.4176,1.6221,-1.2737
138.109,8,-38.4072,1.6242,-1.2719
138.123,8,-38.3971,1.6265,-1.2703
138.138,8,-38.3871,1.6285,-1.2687
138.153,8,-38.3669,1.6325,-1.2655
138.169,8,-38.3575,1.6337,-1.2643
138.185,8,-38.3379,1.6363,-1.2617
138.203,8,-38.3283,1.6373,-1.2608
138.219,8,-38.3089,1.6392,-1.2585
138.232,8,-38.2995,1.6395,-1.2574
138.247,8,-38.2899,1.6394,-1.2564
138.261,8,-38.2708,1.6396,-1.2543
138.275,8,-38.2614,1.6390,-1.2535
138.291,8,-38.2522,1.6381,-1.2527
138.306,8,-38.2334,1.6369,-1.2509
138.319,8,-38.2240,1.6356,-1.2501
138.332,8,-38.2146,1.6340,-1.2494
138.346,8,-38.2051,1.6323,-1.2489
138.361,8,-38.1859,1.6295,-1.2475
138.375,8,-38.1762,1.6279,-1.2469
138.388,8,-38.1664,1.6264,-1.2462
138.402,8,-38.1565,1.6249,-1.2455
138.416,8,-38.1368,1.6218,-1.2441
138.430,8,-38.1269,1.6201,-1.2434
138.444,8,-38.1170,1.6187,-1.2429
138.458,8,-38.1071,1.6179,-1.2423
138.472,8,-38.0872,1.6160,-1.2412
138.486,8,-38.0773,1.6155,-1.2408
138.500,8,-38.0677,1.6145,-1.2404
138.513,8,-38.0580,1.6138,-1.2399
138.529,8,-38.0382,1.6138,-1.2390
138.543,8,-38.0287,1.6150,-1.2385
138.557,8,-38.0195,1.6161,-1.2378
138.570,8,-38.0003,1.6176,-1.2366
138.584,8,-37.9910,1.6192,-1.2361
138.598,8,-37.9818,1.6207,-1.2355
138.613,8,-37.9728,1.6219,-1.2348
138.631,8,-37.9544,1.6243,-1.2333
138.649,8,-37.9361,1.6270,-1.2316
138.663,8,-37.9271,1.6287,-1.2307
138.677,8,-37.9183,1.6304,-1.2298
138.690,8,-37.9096,1.6322,-1.2287
138.706,8,-37.9009,1.6339,-1.2278
138.719,8,-37.8833,1.6372,-1.2259
138.733,8,-37.8748,1.6386,-1.2252
138.748,8,-37.8666,1.6396,-1.2245
138.762,8,-37.8496,1.6416,-1.2228
138.776,8,-37.8414,1.6419,-1.2221
138.790,8,-37.8335,1.6419,-1.2214
138.804,8,-37.8170,1.6423,-1.2200
138.819,8,-37.8088,1.6417,-1.2194
138.833,8,-37.8007,1.6411,-1.2188
138.851,8,-37.7841,1.6396,-1.2175
138.865,8,-37.7759,1.6384,-1.2169
138.879,8,-37.7676,1.6370,-1.2163
138.893,8,-37.7592,1.6356,-1.2159
138.908,8,-37.7421,1.6329,-1.2148
138.921,8,-37.7334,1.6309,-1.2144
138.936,8,-37.7248,1.6287,-1.2139
138.951,8,-37.7075,1.6248,-1.2128
138.964,8,-37.6985,1.6224,-1.2124
138.979,8,-37.6894,1.6200,-1.2119
138.993,8,-37.6713,1.6158,-1.2110
139.007,8,-37.6618,1.6137,-1.2104
139.020,8,-37.6525,1.6119,-1.2099
139.035,8,-37.6433,1.6104,-1.2093
139.048,8,-37.6245,1.6075,-1.2082
139.062,8,-37.6148,1.6068,-1.2075
139.075,8,-37.6049,1.6060,-1.2069
139.089,8,-37.5950,1.6053,-1.2063
139.103,8,-37.5853,1.6048,-1.2057
139.118,8,-37.5655,1.6043,-1.2045
139.131,8,-37.5555,1.6060,-1.2041
139.146,8,-37.5455,1.6076,-1.2036
139.160,8,-37.5258,1.6098,-1.2027
139.173,8,-37.5159,1.6123,-1.2024
139.187,8,-37.5060,1.6151,-1.2022
139.202,8,-37.4962,1.6172,-1.2021
139.217,8,-37.4760,1.6204,-1.2018
139.230,8,-37.4657,1.6220,-1.2019
139.245,8,-37.4552,1.6237,-1.2020
139.258,8,-37.4448,1.6255,-1.2022
139.272,8,-37.4239,1.6288,-1.2026
139.286,8,-37.4134,1.6304,-1.2032
139.300,8,-37.4030,1.6320,-1.2039
139.314,8,-37.3823,1.6350,-1.2053
139.328,8,-37.3721,1.6362,-1.2064
139.342,8,-37.3617,1.6372,-1.2077
139.357,8,-37.3518,1.6380,-1.2091
139.371,8,-37.3312,1.6400,-1.2115
139.386,8,-37.3209,1.6406,-1.2130
139.399,8,-37.3108,1.6409,-1.2146
139.414,8,-37.3004,1.6410,-1.2163
139.428,8,-37.2796,1.6415,-1.2194
139.442,8,-37.2691,1.6410,-1.2213
139.456,8,-37.2588,1.6403,-1.2232
139.471,8,-37.2485,1.6394,-1.2252
139.485,8,-37.2279,1.6380,-1.2291
139.499,8,-37.2176,1.6368,-1.2313
139.513,8,-37.2072,1.6354,-1.2336
139.528,8,-37.1863,1.6327,-1.2380
139.542,8,-37.1756,1.6310,-1.2407
139.556,8,-37.1650,1.6293,-1.2434
139.573,8,-37.1542,1.6275,-1.2461
139.589,8,-37.1329,1.6244,-1.2515
139.605,8,-37.1115,1.6216,-1.2570
139.618,8,-37.1009,1.6205,-1.2601
139.633,8,-37.0903,1.6198,-1.2632
139.647,8,-37.0798,1.6194,-1.2663
139.661,8,-37.0695,1.6192,-1.2694
139.675,8,-37.0487,1.6183,-1.2755
139.688,8,-37.0384,1.6192,-1.2787
139.702,8,-37.0284,1.6213,-1.2818
139.716,8,-37.0080,1.6242,-1.2880
139.730,8,-36.9979,1.6263,-1.2909
139.745,8,-36.9877,1.6286,-1.2936
139.759,8,-36.9675,1.6323,-1.2993
139.773,8,-36.9572,1.6345,-1.3018
139.786,8,-36.9471,1.6365,-1.3041
139.801,8,-36.9371,1.6384,-1.3064
139.816,8,-36.9170,1.6423,-1.3111
139.830,8,-36.9071,1.6444,-1.3133
139.844,8,-36.8975,1.6465,-1.3153
139.858,8,-36.8881,1.6484,-1.3171
139.872,8,-36.8688,1.6517,-1.3210
139.889,8,-36.8595,1.6527,-1.3225
139.905,8,-36.8407,1.6551,-1.3258
139.919,8,-36.8318,1.6558,-1.3271
139.932,8,-36.8228,1.6562,-1.3283
139.946,8,-36.8138,1.6565,-1.3296
139.960,8,-36.7956,1.6573,-1.3322
139.973,8,-36.7868,1.6567,-1.3332
139.987,8,-36.7778,1.6560,-1.3341
140.001,8,-36.7691,1.6550,-1.3347
140.015,8,-36.7512,1.6539,-1.3366
140.030,8,-36.7424,1.6527,-1.3372
140.043,8,-36.7335,1.6513,-1.3378
140.057,8,-36.7248,1.6498,-1.3383
140.072,8,-36.7068,1.6470,-1.3397
140.085,8,-36.6977,1.6449,-1.3401
140.099,8,-36.6886,1.6427,-1.3403
140.112,8,-36.6795,1.6406,-1.3406
140.127,8,-36.6611,1.6369,-1.3411
140.140,8,-36.6518,1.6349,-1.3411
140.154,8,-36.6422,1.6329,-1.3411
140.169,8,-36.6329,1.6312,-1.3407
140.182,8,-36.6140,1.6283,-1.3404
140.196,8,-36.6042,1.6277,-1.3397
140.209,8,-36.5943,1.6276,-1.3391
140.225,8,-36.5846,1.6276,-1.3384
140.242,8,-36.5647,1.6267,-1.3373
140.255,8,-36.5546,1.6264,-1.3365
140.269,8,-36.5449,1.6264,-1.3356
140.283,8,-36.5251,1.6267,-1.3339
140.296,8,-36.5150,1.6286,-1.3329
140.311,8,-36.5052,1.6305,-1.3319
140.324,8,-36.4951,1.6320,-1.3311
140.338,8,-36.4749,1.6338,-1.3294
140.352,8,-36.4650,1.6390,-1.3287
140.365,8,-36.4551,1.6415,-1.3280
140.379,8,-36.4455,1.6435,-1.3273
140.393,8,-36.4356,1.6451,-1.3266
140.408,8,-36.4156,1.6484,-1.3255
140.420,8,-36.4056,1.6502,-1.3250
140.435,8,-36.3960,1.6520,-1.3246
140.448,8,-36.3866,1.6537,-1.3242
140.462,8,-36.3671,1.6572,-1.3236
140.475,8,-36.3578,1.6590,-1.3235
140.489,8,-36.3488,1.6602,-1.3236
140.506,8,-36.3303,1.6625,-1.3235
140.523,8,-36.3214,1.6628,-1.3236
140.537,8,-36.3034,1.6643,-1.3235
140.551,8,-36.2948,1.6646,-1.3234
140.565,8,-36.2861,1.6646,-1.3233
140.579,8,-36.2775,1.6646,-1.3232
140.593,8,-36.2688,1.6643,-1.3230
140.606,8,-36.2512,1.6640,-1.3227
140.621,8,-36.2424,1.6630,-1.3226
140.635,8,-36.2339,1.6621,-1.3225
140.649,8,-36.2254,1.6610,-1.3223
140.666,8,-36.2081,1.6590,-1.3220
140.683,8,-36.1907,1.6559,-1.3216
140.697,8,-36.1821,1.6536,-1.3214
140.712,8,-36.1733,1.6514,-1.3212
140.725,8,-36.1646,1.6493,-1.3211
140.740,8,-36.1470,1.6459,-1.3208
140.753,8,-36.1380,1.6443,-1.3208
140.766,8,-36.1289,1.6427,-1.3208
140.779,8,-36.1200,1.6412,-1.3210
140.793,8,-36.1019,1.6380,-1.3212
140.807,8,-36.0927,1.6368,-1.3215
140.821,8,-36.0833,1.6362,-1.3219
140.835,8,-36.0745,1.6357,-1.3224
140.849,8,-36.0653,1.6350,-1.3230
140.863,8,-36.0468,1.6331,-1.3239
140.877,8,-36.0374,1.6326,-1.3247
140.891,8,-36.0188,1.6326,-1.3260
140.905,8,-36.0095,1.6341,-1.3267
140.919,8,-36.0001,1.6355,-1.3273
140.933,8,-35.9909,1.6374,-1.3279
140.947,8,-35.9722,1.6403,-1.3291
140.961,8,-35.9629,1.6425,-1.3295
140.976,8,-35.9538,1.6444,-1.3299
140.990,8,-35.9453,1.6463,-1.3302
141.003,8,-35.9274,1.6497,-1.3308
141.019,8,-35.9189,1.6513,-1.3309
141.033,8,-35.9104,1.6526,-1.3308
141.046,8,-35.9021,1.6539,-1.3307
141.060,8,-35.8854,1.6565,-1.3306
141.074,8,-35.8773,1.6577,-1.3304
141.088,8,-35.8694,1.6589,-1.3302
141.102,8,-35.8619,1.6600,-1.3297
141.116,8,-35.8462,1.6619,-1.3292
141.129,8,-35.8387,1.6620,-1.3287
141.142,8,-35.8312,1.6621,-1.3283
141.156,8,-35.8241,1.6616,-1.3277
141.169,8,-35.8092,1.6615,-1.3266
141.183,8,-35.8020,1.6611,-1.3258
141.197,8,-35.7949,1.6606,-1.3248
141.211,8,-35.7878,1.6599,-1.3238
141.225,8,-35.7735,1.6591,-1.3220
141.238,8,-35.7665,1.6586,-1.3209
141.252,8,-35.7595,1.6581,-1.3195
141.266,8,-35.7525,1.6577,-1.3180
141.279,8,-35.7457,1.6571,-1.3166
141.294,8,-35.7317,1.6562,-1.3138
141.306,8,-35.7247,1.6556,-1.3123
141.320,8,-35.7179,1.6550,-1.3104
141.335,8,-35.7112,1.6543,-1.3086
141.348,8,-35.6975,1.6530,-1.3051
141.363,8,-35.6908,1.6519,-1.3032
141.375,8,-35.6841,1.6508,-1.3012
141.389,8,-35.6776,1.6498,-1.2992
141.402,8,-35.6643,1.6479,-1.2952
141.416,8,-35.6577,1.6470,-1.2929
141.434,8,-35.6513,1.6461,-1.2908
141.450,8,-35.6385,1.6445,-1.2867
141.464,8,-35.6322,1.6437,-1.2846
141.478,8,-35.6259,1.6428,-1.2824
141.491,8,-35.6197,1.6419,-1.2803
141.504,8,-35.6071,1.6402,-1.2758
141.517,8,-35.6009,1.6399,-1.2733
141.532,8,-35.5947,1.6403,-1.2707
141.545,8,-35.5885,1.6409,-1.2683
141.558,8,-35.5762,1.6420,-1.2634
141.572,8,-35.5701,1.6440,-1.2610
141.590,8,-35.5641,1.6468,-1.2587
141.606,8,-35.5522,1.6502,-1.2539
141.619,8,-35.5462,1.6517,-1.2515
141.634,8,-35.5403,1.6531,-1.2493
141.647,8,-35.5287,1.6559,-1.2448
141.661,8,-35.5230,1.6571,-1.2428
141.675,8,-35.5174,1.6580,-1.2408
141.688,8,-35.5121,1.6586,-1.2392
141.702,8,-35.5069,1.6592,-1.2376
141.716,8,-35.4961,1.6608,-1.2342
141.729,8,-35.4909,1.6613,-1.2328
141.742,8,-35.4860,1.6620,-1.2315
141.756,8,-35.4813,1.6628,-1.2303
141.771,8,-35.4716,1.6644,-1.2278
141.784,8,-35.4670,1.6648,-1.2270
141.798,8,-35.4627,1.6650,-1.2261
141.811,8,-35.4587,1.6652,-1.2253
141.824,8,-35.4502,1.6661,-1.2237
141.838,8,-35.4465,1.6663,-1.2230
141.852,8,-35.4428,1.6663,-1.2227
141.866,8,-35.4393,1.6663,-1.2223
141.879,8,-35.4320,1.6666,-1.2213
141.893,8,-35.4289,1.6667,-1.2210
141.908,8,-35.4259,1.6667,-1.2209
141.924,8,-35.4229,1.6666,-1.2207
141.938,8,-35.4167,1.6664,-1.2202
141.951,8,-35.4140,1.6659,-1.2203
141.966,8,-35.4115,1.6653,-1.2204
141.982,8,-35.4065,1.6644,-1.2204
141.996,8,-35.4045,1.6637,-1.2205
142.011,8,-35.4026,1.6630,-1.2209
142.024,8,-35.4008,1.6623,-1.2213
142.038,8,-35.3967,1.6616,-1.2217
142.055,8,-35.3950,1.6623,-1.2221
142.071,8,-35.3913,1.6622,-1.2227
142.084,8,-35.3896,1.6624,-1.2234
142.098,8,-35.3879,1.6630,-1.2239
142.111,8,-35.3862,1.6635,-1.2245
142.125,8,-35.3828,1.6638,-1.2257
142.138,8,-35.3811,1.6638,-1.2260
142.153,8,-35.3796,1.6637,-1.2266
142.165,8,-35.3780,1.6638,-1.2271
142.179,8,-35.3765,1.6637,-1.2277
142.193,8,-35.3734,1.6635,-1.2284
142.210,8,-35.3721,1.6632,-1.2289
142.225,8,-35.3692,1.6631,-1.2298
142.238,8,-35.3680,1.6628,-1.2302
142.253,8,-35.3668,1.6626,-1.2306
142.271,8,-35.3657,1.6624,-1.2310
142.284,8,-35.3633,1.6622,-1.2319
142.298,8,-35.3624,1.6620,-1.2323
142.311,8,-35.3616,1.6619,-1.2327
142.325,8,-35.3597,1.6616,-1.2335
142.338,8,-35.3589,1.6614,-1.2340
142.352,8,-35.3581,1.6613,-1.2343
142.366,8,-35.3574,1.6611,-1.2346
142.379,8,-35.3567,1.6610,-1.2349
142.394,8,-35.3553,1.6606,-1.2356
142.407,8,-35.3547,1.6604,-1.2360
142.422,8,-35.3543,1.6602,-1.2363
142.435,8,-35.3539,1.6600,-1.2365
142.449,8,-35.3530,1.6596,-1.2373
142.462,8,-35.3527,1.6595,-1.2376
142.477,8,-35.3524,1.6594,-1.2378
142.490,8,-35.3521,1.6594,-1.2380
142.504,8,-35.3514,1.6591,-1.2384
142.517,8,-35.3512,1.6591,-1.2385
142.531,8,-35.3511,1.6590,-1.2386
142.545,8,-35.3509,1.6590,-1.2387
142.559,8,-35.3505,1.6588,-1.2390
142.572,8,-35.3504,1.6587,-1.2390
142.585,8,-35.3504,1.6587,-1.2391
142.598,8,-35.3505,1.6586,-1.2393
142.612,8,-35.3504,1.6584,-1.2395
142.625,8,-35.3504,1.6583,-1.2395
142.643,8,-35.3505,1.6583,-1.2395
142.656,8,-35.3506,1.6581,-1.2395
142.670,8,-35.3507,1.6581,-1.2395

# --- Trial 9 start ---
152.749,9,-39.4463,1.6328,-1.2575
152.824,9,-39.4464,1.6330,-1.2551
152.854,9,-39.4462,1.6332,-1.2540
152.875,9,-39.4464,1.6333,-1.2533
152.888,9,-39.4465,1.6335,-1.2527
152.906,9,-39.4466,1.6335,-1.2524
152.920,9,-39.4466,1.6336,-1.2521
152.935,9,-39.4466,1.6337,-1.2515
152.950,9,-39.4467,1.6338,-1.2512
152.963,9,-39.4468,1.6338,-1.2509
152.978,9,-39.4468,1.6339,-1.2505
152.995,9,-39.4471,1.6340,-1.2502
153.013,9,-39.4472,1.6340,-1.2498
153.028,9,-39.4475,1.6340,-1.2493
153.042,9,-39.4475,1.6341,-1.2491
153.061,9,-39.4477,1.6342,-1.2489
153.074,9,-39.4481,1.6342,-1.2484
153.088,9,-39.4483,1.6342,-1.2481
153.103,9,-39.4484,1.6341,-1.2479
153.118,9,-39.4486,1.6341,-1.2476
153.132,9,-39.4490,1.6340,-1.2471
153.148,9,-39.4491,1.6339,-1.2468
153.162,9,-39.4493,1.6338,-1.2464
153.176,9,-39.4497,1.6336,-1.2456
153.190,9,-39.4498,1.6335,-1.2451
153.205,9,-39.4499,1.6335,-1.2444
153.220,9,-39.4502,1.6334,-1.2432
153.234,9,-39.4503,1.6334,-1.2423
153.249,9,-39.4504,1.6333,-1.2415
153.263,9,-39.4505,1.6333,-1.2406
153.277,9,-39.4507,1.6331,-1.2387
153.291,9,-39.4506,1.6330,-1.2374
153.305,9,-39.4507,1.6329,-1.2360
153.320,9,-39.4507,1.6327,-1.2335
153.335,9,-39.4507,1.6327,-1.2317
153.350,9,-39.4505,1.6326,-1.2300
153.366,9,-39.4502,1.6324,-1.2268
153.379,9,-39.4500,1.6323,-1.2249
153.394,9,-39.4497,1.6323,-1.2230
153.409,9,-39.4490,1.6323,-1.2192
153.424,9,-39.4487,1.6322,-1.2171
153.438,9,-39.4483,1.6322,-1.2148
153.452,9,-39.4475,1.6322,-1.2106
153.467,9,-39.4471,1.6323,-1.2083
153.481,9,-39.4466,1.6324,-1.2058
153.495,9,-39.4461,1.6326,-1.2034
153.510,9,-39.4450,1.6328,-1.1987
153.524,9,-39.4445,1.6330,-1.1962
153.539,9,-39.4440,1.6331,-1.1939
153.555,9,-39.4429,1.6332,-1.1893
153.569,9,-39.4423,1.6330,-1.1870
153.585,9,-39.4417,1.6324,-1.1848
153.600,9,-39.4405,1.6315,-1.1806
153.615,9,-39.4397,1.6309,-1.1788
153.629,9,-39.4390,1.6309,-1.1772
153.643,9,-39.4376,1.6310,-1.1738
153.658,9,-39.4367,1.6316,-1.1728
153.672,9,-39.4359,1.6318,-1.1718
153.687,9,-39.4345,1.6318,-1.1695
153.701,9,-39.4340,1.6319,-1.1688
153.715,9,-39.4333,1.6323,-1.1680
153.732,9,-39.4313,1.6331,-1.1669
153.746,9,-39.4304,1.6334,-1.1666
153.761,9,-39.4296,1.6336,-1.1665
153.776,9,-39.4280,1.6338,-1.1658
153.789,9,-39.4272,1.6337,-1.1659
153.805,9,-39.4263,1.6336,-1.1659
153.821,9,-39.4243,1.6335,-1.1660
153.835,9,-39.4233,1.6333,-1.1662
153.851,9,-39.4222,1.6328,-1.1665
153.867,9,-39.4201,1.6318,-1.1669
153.882,9,-39.4189,1.6306,-1.1672
153.897,9,-39.4167,1.6287,-1.1678
153.912,9,-39.4156,1.6270,-1.1682
153.928,9,-39.4143,1.6250,-1.1688
153.944,9,-39.4121,1.6210,-1.1697
153.960,9,-39.4109,1.6175,-1.1704
153.976,9,-39.4085,1.6114,-1.1716
153.990,9,-39.4072,1.6077,-1.1723
154.006,9,-39.4059,1.6040,-1.1732
154.021,9,-39.4033,1.5972,-1.1748
154.037,9,-39.4021,1.5928,-1.1758
154.053,9,-39.4008,1.5887,-1.1769
154.068,9,-39.3984,1.5822,-1.1789
154.083,9,-39.3976,1.5790,-1.1798
154.099,9,-39.3955,1.5757,-1.1812
154.114,9,-39.3944,1.5773,-1.1820
154.130,9,-39.3926,1.5795,-1.1828
154.145,9,-39.3900,1.5800,-1.1843
154.161,9,-39.3885,1.5823,-1.1850
154.177,9,-39.3864,1.5879,-1.1862
154.191,9,-39.3857,1.5912,-1.1865
154.206,9,-39.3854,1.5938,-1.1868
154.221,9,-39.3839,1.5982,-1.1872
154.236,9,-39.3832,1.6012,-1.1872
154.254,9,-39.3823,1.6040,-1.1868
154.272,9,-39.3801,1.6096,-1.1868
154.288,9,-39.3784,1.6154,-1.1867
154.303,9,-39.3773,1.6177,-1.1864
154.318,9,-39.3760,1.6196,-1.1858
154.333,9,-39.3736,1.6229,-1.1849
154.348,9,-39.3728,1.6240,-1.1841
154.363,9,-39.3716,1.6254,-1.1834
154.379,9,-39.3691,1.6284,-1.1820
154.394,9,-39.3677,1.6292,-1.1806
154.412,9,-39.3650,1.6307,-1.1785
154.430,9,-39.3636,1.6310,-1.1774
154.444,9,-39.3609,1.6322,-1.1748
154.460,9,-39.3595,1.6324,-1.1735
154.475,9,-39.3580,1.6321,-1.1716
154.491,9,-39.3553,1.6319,-1.1686
154.506,9,-39.3537,1.6314,-1.1669
154.521,9,-39.3504,1.6311,-1.1640
154.535,9,-39.3486,1.6309,-1.1625
154.550,9,-39.3469,1.6301,-1.1608
154.565,9,-39.3434,1.6285,-1.1577
154.580,9,-39.3412,1.6275,-1.1561
154.594,9,-39.3391,1.6275,-1.1550
154.610,9,-39.3348,1.6276,-1.1527
154.625,9,-39.3324,1.6277,-1.1519
154.639,9,-39.3300,1.6275,-1.1507
154.654,9,-39.3250,1.6272,-1.1488
154.668,9,-39.3219,1.6276,-1.1480
154.683,9,-39.3186,1.6286,-1.1476
154.698,9,-39.3130,1.6298,-1.1463
154.712,9,-39.3098,1.6301,-1.1459
154.731,9,-39.3064,1.6298,-1.1458
154.746,9,-39.3001,1.6297,-1.1453
154.760,9,-39.2964,1.6293,-1.1453
154.774,9,-39.2893,1.6283,-1.1450
154.789,9,-39.2857,1.6271,-1.1445
154.804,9,-39.2818,1.6260,-1.1444
154.818,9,-39.2738,1.6242,-1.1443
154.833,9,-39.2688,1.6231,-1.1447
154.847,9,-39.2642,1.6221,-1.1446
154.862,9,-39.2591,1.6209,-1.1448
154.877,9,-39.2491,1.6184,-1.1450
154.891,9,-39.2435,1.6170,-1.1453
154.907,9,-39.2377,1.6159,-1.1458
154.922,9,-39.2266,1.6135,-1.1463
154.937,9,-39.2204,1.6122,-1.1466
154.952,9,-39.2083,1.6095,-1.1472
154.968,9,-39.2019,1.6083,-1.1478
154.984,9,-39.1953,1.6070,-1.1483
155.000,9,-39.1824,1.6046,-1.1496
155.015,9,-39.1751,1.6035,-1.1505
155.029,9,-39.1679,1.6023,-1.1515
155.050,9,-39.1535,1.6004,-1.1533
155.066,9,-39.1389,1.5987,-1.1552
155.081,9,-39.1311,1.5981,-1.1565
155.096,9,-39.1234,1.5975,-1.1578
155.111,9,-39.1080,1.5962,-1.1602
155.127,9,-39.1000,1.5967,-1.1617
155.143,9,-39.0842,1.5983,-1.1645
155.158,9,-39.0757,1.6004,-1.1661
155.173,9,-39.0673,1.6018,-1.1677
155.188,9,-39.0512,1.6045,-1.1705
155.202,9,-39.0430,1.6068,-1.1719
155.218,9,-39.0351,1.6088,-1.1733
155.233,9,-39.0190,1.6118,-1.1762
155.247,9,-39.0111,1.6128,-1.1772
155.262,9,-39.0032,1.6134,-1.1782
155.277,9,-38.9874,1.6153,-1.1801
155.292,9,-38.9791,1.6165,-1.1809
155.307,9,-38.9707,1.6183,-1.1817
155.323,9,-38.9544,1.6215,-1.1833
155.338,9,-38.9461,1.6229,-1.1837
155.353,9,-38.9299,1.6253,-1.1846
155.371,9,-38.9216,1.6258,-1.1849
155.390,9,-38.9049,1.6271,-1.1858
155.406,9,-38.8965,1.6274,-1.1862
155.422,9,-38.8801,1.6281,-1.1867
155.435,9,-38.8718,1.6276,-1.1868
155.450,9,-38.8634,1.6269,-1.1870
155.466,9,-38.8462,1.6258,-1.1874
155.482,9,-38.8376,1.6243,-1.1873
155.497,9,-38.8206,1.6223,-1.1872
155.512,9,-38.8119,1.6206,-1.1869
155.527,9,-38.8027,1.6187,-1.1868
155.542,9,-38.7845,1.6148,-1.1865
155.558,9,-38.7750,1.6120,-1.1864
155.572,9,-38.7656,1.6093,-1.1860
155.589,9,-38.7467,1.6048,-1.1853
155.603,9,-38.7366,1.6027,-1.1848
155.618,9,-38.7264,1.6006,-1.1843
155.634,9,-38.7064,1.5968,-1.1833
155.649,9,-38.6960,1.5956,-1.1824
155.663,9,-38.6755,1.5934,-1.1810
155.677,9,-38.6649,1.5934,-1.1799
155.695,9,-38.6540,1.5940,-1.1789
155.710,9,-38.6326,1.5943,-1.1772
155.724,9,-38.6219,1.5949,-1.1762
155.739,9,-38.6112,1.5959,-1.1752
155.754,9,-38.5898,1.5983,-1.1732
155.769,9,-38.5788,1.6013,-1.1723
155.783,9,-38.5680,1.6035,-1.1713
155.796,9,-38.5568,1.6060,-1.1704
155.811,9,-38.5350,1.6109,-1.1685
155.824,9,-38.5244,1.6138,-1.1677
155.841,9,-38.5134,1.6162,-1.1670
155.859,9,-38.4911,1.6205,-1.1656
155.873,9,-38.4694,1.6247,-1.1646
155.887,9,-38.4589,1.6265,-1.1641
155.905,9,-38.4489,1.6282,-1.1637
155.920,9,-38.4280,1.6322,-1.1627
155.933,9,-38.4178,1.6339,-1.1626
155.946,9,-38.4077,1.6354,-1.1624
155.961,9,-38.3979,1.6365,-1.1623
155.976,9,-38.3781,1.6389,-1.1617
155.992,9,-38.3683,1.6396,-1.1615
156.006,9,-38.3586,1.6401,-1.1615
156.020,9,-38.3389,1.6412,-1.1611
156.033,9,-38.3288,1.6410,-1.1609
156.049,9,-38.3191,1.6400,-1.1607
156.063,9,-38.2991,1.6390,-1.1603
156.078,9,-38.2888,1.6373,-1.1602
156.093,9,-38.2786,1.6356,-1.1602
156.110,9,-38.2583,1.6326,-1.1600
156.124,9,-38.2479,1.6299,-1.1600
156.139,9,-38.2375,1.6274,-1.1599
156.154,9,-38.2167,1.6226,-1.1600
156.170,9,-38.2057,1.6199,-1.1602
156.185,9,-38.1946,1.6174,-1.1606
156.202,9,-38.1728,1.6128,-1.1612
156.218,9,-38.1616,1.6106,-1.1617
156.235,9,-38.1394,1.6065,-1.1627
156.251,9,-38.1279,1.6054,-1.1636
156.265,9,-38.1051,1.6036,-1.1651
156.280,9,-38.0936,1.6038,-1.1662
156.295,9,-38.0821,1.6036,-1.1671
156.310,9,-38.0589,1.6030,-1.1692
156.325,9,-38.0471,1.6051,-1.1706
156.340,9,-38.0241,1.6087,-1.1731
156.355,9,-38.0123,1.6118,-1.1743
156.373,9,-38.0003,1.6148,-1.1754
156.388,9,-37.9768,1.6192,-1.1778
156.402,9,-37.9650,1.6214,-1.1788
156.416,9,-37.9535,1.6233,-1.1797
156.435,9,-37.9309,1.6270,-1.1812
156.451,9,-37.9198,1.6290,-1.1817
156.469,9,-37.8975,1.6329,-1.1830
156.488,9,-37.8755,1.6370,-1.1840
156.502,9,-37.8646,1.6390,-1.1844
156.516,9,-37.8538,1.6407,-1.1847
156.532,9,-37.8322,1.6437,-1.1852
156.547,9,-37.8214,1.6445,-1.1854
156.561,9,-37.8110,1.6450,-1.1856
156.577,9,-37.7897,1.6461,-1.1861
156.592,9,-37.7791,1.6456,-1.1863
156.607,9,-37.7578,1.6450,-1.1867
156.626,9,-37.7472,1.6430,-1.1868
156.644,9,-37.7258,1.6406,-1.1871
156.657,9,-37.7152,1.6387,-1.1872
156.672,9,-37.7045,1.6366,-1.1872
156.687,9,-37.6830,1.6328,-1.1874
156.701,9,-37.6721,1.6300,-1.1872
156.715,9,-37.6613,1.6273,-1.1872
156.730,9,-37.6398,1.6224,-1.1870
156.745,9,-37.6289,1.6195,-1.1867
156.760,9,-37.6181,1.6169,-1.1862
156.773,9,-37.5962,1.6123,-1.1855
156.789,9,-37.5850,1.6106,-1.1850
156.806,9,-37.5738,1.6096,-1.1844
156.821,9,-37.5515,1.6072,-1.1833
156.835,9,-37.5401,1.6065,-1.1826
156.848,9,-37.5287,1.6058,-1.1820
156.863,9,-37.5061,1.6046,-1.1807
156.877,9,-37.4945,1.6055,-1.1802
156.891,9,-37.4831,1.6075,-1.1796
156.905,9,-37.4719,1.6094,-1.1791
156.919,9,-37.4493,1.6125,-1.1780
156.933,9,-37.4382,1.6154,-1.1777
156.947,9,-37.4271,1.6184,-1.1774
156.962,9,-37.4163,1.6206,-1.1772
156.976,9,-37.3943,1.6244,-1.1767
156.991,9,-37.3835,1.6265,-1.1766
157.005,9,-37.3731,1.6286,-1.1765
157.020,9,-37.3627,1.6308,-1.1763
157.035,9,-37.3415,1.6351,-1.1761
157.049,9,-37.3312,1.6375,-1.1762
157.064,9,-37.3108,1.6419,-1.1762
157.078,9,-37.3009,1.6437,-1.1764
157.092,9,-37.2914,1.6452,-1.1764
157.106,9,-37.2817,1.6464,-1.1766
157.121,9,-37.2620,1.6489,-1.1767
157.135,9,-37.2524,1.6495,-1.1767
157.149,9,-37.2427,1.6496,-1.1767
157.164,9,-37.2233,1.6503,-1.1768
157.178,9,-37.2135,1.6495,-1.1769
157.193,9,-37.2038,1.6486,-1.1770
157.207,9,-37.1843,1.6470,-1.1770
157.222,9,-37.1743,1.6453,-1.1770
157.236,9,-37.1645,1.6433,-1.1770
157.251,9,-37.1546,1.6413,-1.1770
157.266,9,-37.1346,1.6373,-1.1772
157.281,9,-37.1246,1.6347,-1.1774
157.296,9,-37.1044,1.6301,-1.1778
157.311,9,-37.0943,1.6275,-1.1781
157.325,9,-37.0842,1.6250,-1.1785
157.339,9,-37.0740,1.6227,-1.1790
157.355,9,-37.0536,1.6185,-1.1800
157.369,9,-37.0433,1.6173,-1.1808
157.384,9,-37.0225,1.6154,-1.1824
157.398,9,-37.0118,1.6152,-1.1834
157.416,9,-37.0011,1.6149,-1.1846
157.431,9,-36.9801,1.6139,-1.1865
157.445,9,-36.9693,1.6157,-1.1877
157.459,9,-36.9589,1.6176,-1.1888
157.472,9,-36.9488,1.6195,-1.1898
157.488,9,-36.9281,1.6225,-1.1917
157.501,9,-36.9178,1.6249,-1.1928
157.515,9,-36.9076,1.6273,-1.1937
157.529,9,-36.8870,1.6309,-1.1954
157.545,9,-36.8768,1.6324,-1.1959
157.559,9,-36.8667,1.6339,-1.1964
157.573,9,-36.8566,1.6356,-1.1968
157.588,9,-36.8364,1.6391,-1.1976
157.603,9,-36.8265,1.6410,-1.1978
157.617,9,-36.8168,1.6430,-1.1979
157.633,9,-36.7973,1.6467,-1.1985
157.648,9,-36.7879,1.6485,-1.1985
157.663,9,-36.7685,1.6518,-1.1988
157.677,9,-36.7594,1.6529,-1.1987
157.692,9,-36.7502,1.6538,-1.1986
157.707,9,-36.7313,1.6559,-1.1987
157.722,9,-36.7220,1.6565,-1.1987
157.738,9,-36.7127,1.6567,-1.1986
157.754,9,-36.6941,1.6571,-1.1984
157.767,9,-36.6847,1.6563,-1.1983
157.782,9,-36.6755,1.6553,-1.1982
157.797,9,-36.6568,1.6538,-1.1979
157.811,9,-36.6475,1.6520,-1.1978
157.827,9,-36.6381,1.6500,-1.1977
157.842,9,-36.6194,1.6473,-1.1974
157.856,9,-36.6097,1.6440,-1.1972
157.870,9,-36.6000,1.6415,-1.1969
157.884,9,-36.5809,1.6372,-1.1965
157.899,9,-36.5711,1.6346,-1.1959
157.914,9,-36.5614,1.6322,-1.1954
157.928,9,-36.5518,1.6300,-1.1948
157.943,9,-36.5325,1.6257,-1.1937
157.957,9,-36.5229,1.6242,-1.1929
157.971,9,-36.5133,1.6232,-1.1921
157.987,9,-36.4943,1.6209,-1.1905
158.001,9,-36.4847,1.6202,-1.1895
158.015,9,-36.4752,1.6200,-1.1886
158.029,9,-36.4562,1.6202,-1.1868
158.043,9,-36.4468,1.6216,-1.1859
158.057,9,-36.4375,1.6231,-1.1849
158.071,9,-36.4282,1.6250,-1.1839
158.085,9,-36.4096,1.6280,-1.1823
158.099,9,-36.4004,1.6302,-1.1814
158.113,9,-36.3912,1.6318,-1.1806
158.127,9,-36.3821,1.6333,-1.1799
158.141,9,-36.3638,1.6363,-1.1784
158.155,9,-36.3547,1.6380,-1.1777
158.170,9,-36.3459,1.6395,-1.1769
158.185,9,-36.3281,1.6424,-1.1754
158.199,9,-36.3193,1.6438,-1.1748
158.217,9,-36.3107,1.6455,-1.1744
158.233,9,-36.2933,1.6488,-1.1734
158.248,9,-36.2847,1.6502,-1.1731
158.262,9,-36.2676,1.6529,-1.1723
158.275,9,-36.2593,1.6540,-1.1721
158.289,9,-36.2509,1.6548,-1.1719
158.304,9,-36.2427,1.6555,-1.1717
158.318,9,-36.2263,1.6571,-1.1712
158.332,9,-36.2180,1.6575,-1.1710
158.346,9,-36.2100,1.6571,-1.1709
158.360,9,-36.2019,1.6568,-1.1707
158.375,9,-36.1854,1.6567,-1.1704
158.390,9,-36.1772,1.6560,-1.1704
158.405,9,-36.1690,1.6549,-1.1702
158.419,9,-36.1526,1.6532,-1.1699
158.433,9,-36.1443,1.6514,-1.1699
158.450,9,-36.1361,1.6493,-1.1698
158.470,9,-36.1198,1.6458,-1.1698
158.486,9,-36.1035,1.6424,-1.1698
158.499,9,-36.0953,1.6404,-1.1700
158.513,9,-36.0871,1.6384,-1.1703
158.527,9,-36.0788,1.6365,-1.1706
158.543,9,-36.0621,1.6335,-1.1713
158.557,9,-36.0536,1.6330,-1.1718
158.570,9,-36.0452,1.6330,-1.1723
158.586,9,-36.0281,1.6318,-1.1733
158.600,9,-36.0195,1.6311,-1.1739
158.616,9,-36.0109,1.6310,-1.1746
158.631,9,-35.9938,1.6318,-1.1758
158.645,9,-35.9853,1.6334,-1.1763
158.659,9,-35.9769,1.6344,-1.1768
158.675,9,-35.9599,1.6364,-1.1778
158.692,9,-35.9517,1.6386,-1.1783
158.710,9,-35.9351,1.6419,-1.1791
158.724,9,-35.9270,1.6439,-1.1794
158.739,9,-35.9188,1.6457,-1.1797
158.755,9,-35.9022,1.6488,-1.1804
158.770,9,-35.8939,1.6501,-1.1805
158.784,9,-35.8776,1.6527,-1.1809
158.799,9,-35.8699,1.6540,-1.1808
158.816,9,-35.8621,1.6554,-1.1806
158.832,9,-35.8463,1.6583,-1.1805
158.848,9,-35.8385,1.6596,-1.1802
158.863,9,-35.8232,1.6621,-1.1796
158.877,9,-35.8157,1.6629,-1.1791
158.893,9,-35.8083,1.6634,-1.1788
158.910,9,-35.7935,1.6646,-1.1778
158.926,9,-35.7862,1.6647,-1.1774
158.943,9,-35.7715,1.6652,-1.1764
158.958,9,-35.7643,1.6649,-1.1758
158.972,9,-35.7573,1.6643,-1.1751
158.988,9,-35.7431,1.6635,-1.1737
159.003,9,-35.7362,1.6626,-1.1729
159.019,9,-35.7223,1.6609,-1.1715
159.034,9,-35.7153,1.6595,-1.1708
159.049,9,-35.7085,1.6584,-1.1700
159.064,9,-35.6949,1.6565,-1.1680
159.078,9,-35.6882,1.6553,-1.1671
159.093,9,-35.6816,1.6537,-1.1660
159.107,9,-35.6684,1.6509,-1.1640
159.121,9,-35.6619,1.6493,-1.1627
159.136,9,-35.6556,1.6479,-1.1616
159.151,9,-35.6427,1.6453,-1.1590
159.166,9,-35.6365,1.6442,-1.1576
159.180,9,-35.6303,1.6431,-1.1552
159.194,9,-35.6178,1.6408,-1.1524
159.208,9,-35.6118,1.6398,-1.1508
159.225,9,-35.6057,1.6393,-1.1492
159.239,9,-35.5934,1.6387,-1.1461
159.252,9,-35.5874,1.6394,-1.1444
159.266,9,-35.5815,1.6399,-1.1430
159.280,9,-35.5757,1.6410,-1.1414
159.293,9,-35.5700,1.6423,-1.1399
159.307,9,-35.5584,1.6446,-1.1370
159.321,9,-35.5528,1.6462,-1.1353
159.334,9,-35.5474,1.6474,-1.1340
159.349,9,-35.5420,1.6484,-1.1327
159.362,9,-35.5310,1.6504,-1.1300
159.375,9,-35.5256,1.6514,-1.1289
159.389,9,-35.5203,1.6524,-1.1279
159.403,9,-35.5152,1.6533,-1.1270
159.418,9,-35.5047,1.6553,-1.1250
159.432,9,-35.4999,1.6561,-1.1243
159.447,9,-35.4952,1.6569,-1.1235
159.461,9,-35.4907,1.6578,-1.1228
159.478,9,-35.4818,1.6596,-1.1213
159.496,9,-35.4780,1.6601,-1.1207
159.510,9,-35.4697,1.6613,-1.1193
159.524,9,-35.4660,1.6616,-1.1190
159.539,9,-35.4625,1.6621,-1.1185
159.554,9,-35.4550,1.6630,-1.1176
159.568,9,-35.4516,1.6633,-1.1174
159.583,9,-35.4482,1.6635,-1.1172
159.597,9,-35.4412,1.6640,-1.1165
159.611,9,-35.4381,1.6643,-1.1165
159.628,9,-35.4352,1.6645,-1.1165
159.646,9,-35.4290,1.6651,-1.1163
159.661,9,-35.4230,1.6657,-1.1163
159.674,9,-35.4203,1.6661,-1.1166
159.690,9,-35.4178,1.6663,-1.1172
159.704,9,-35.4154,1.6664,-1.1176
159.718,9,-35.4104,1.6666,-1.1183
159.732,9,-35.4082,1.6665,-1.1189
159.747,9,-35.4063,1.6663,-1.1196
159.763,9,-35.4020,1.6660,-1.1207
159.777,9,-35.4002,1.6657,-1.1215
159.791,9,-35.3985,1.6652,-1.1223
159.805,9,-35.3969,1.6648,-1.1232
159.820,9,-35.3934,1.6641,-1.1247
159.832,9,-35.3919,1.6637,-1.1257
159.847,9,-35.3906,1.6633,-1.1266
159.861,9,-35.3875,1.6625,-1.1286
159.875,9,-35.3862,1.6624,-1.1297
159.889,9,-35.3847,1.6628,-1.1309
159.903,9,-35.3834,1.6636,-1.1322
159.920,9,-35.3807,1.6644,-1.1350
159.935,9,-35.3795,1.6647,-1.1366
159.949,9,-35.3770,1.6650,-1.1394
159.963,9,-35.3758,1.6650,-1.1410
159.977,9,-35.3748,1.6650,-1.1425
159.992,9,-35.3738,1.6650,-1.1443
160.008,9,-35.3716,1.6649,-1.1474
160.023,9,-35.3706,1.6649,-1.1495
160.038,9,-35.3697,1.6648,-1.1513
160.052,9,-35.3677,1.6648,-1.1547
160.066,9,-35.3668,1.6650,-1.1566
160.081,9,-35.3660,1.6651,-1.1585
160.095,9,-35.3642,1.6650,-1.1624
160.109,9,-35.3635,1.6650,-1.1645
160.123,9,-35.3627,1.6650,-1.1664
160.137,9,-35.3620,1.6650,-1.1683
160.153,9,-35.3605,1.6650,-1.1722
160.166,9,-35.3598,1.6651,-1.1741
160.180,9,-35.3591,1.6651,-1.1760
160.193,9,-35.3576,1.6653,-1.1803
160.207,9,-35.3570,1.6654,-1.1822
160.221,9,-35.3564,1.6654,-1.1840
160.235,9,-35.3558,1.6654,-1.1858
160.249,9,-35.3545,1.6655,-1.1895
160.263,9,-35.3540,1.6654,-1.1914
160.276,9,-35.3535,1.6654,-1.1931
160.290,9,-35.3531,1.6653,-1.1948
160.305,9,-35.3527,1.6651,-1.1964
160.318,9,-35.3517,1.6650,-1.1998
160.331,9,-35.3514,1.6648,-1.2015
160.345,9,-35.3511,1.6647,-1.2029
160.359,9,-35.3504,1.6644,-1.2058
160.372,9,-35.3502,1.6643,-1.2069
160.387,9,-35.3501,1.6641,-1.2079
160.404,9,-35.3500,1.6638,-1.2090
160.420,9,-35.3497,1.6634,-1.2111
160.433,9,-35.3495,1.6633,-1.2122
160.447,9,-35.3494,1.6633,-1.2129
160.460,9,-35.3491,1.6632,-1.2145
160.474,9,-35.3491,1.6631,-1.2150
160.489,9,-35.3491,1.6631,-1.2155
160.506,9,-35.3491,1.6631,-1.2157
160.520,9,-35.3491,1.6629,-1.2163
160.534,9,-35.3491,1.6628,-1.2162
160.548,9,-35.3492,1.6628,-1.2164
160.562,9,-35.3493,1.6626,-1.2164
160.575,9,-35.3493,1.6626,-1.2162
160.589,9,-35.3495,1.6624,-1.2159
160.604,9,-35.3496,1.6622,-1.2155
160.619,9,-35.3499,1.6622,-1.2149
160.632,9,-35.3500,1.6625,-1.2143
160.646,9,-35.3502,1.6628,-1.2135
160.660,9,-35.3505,1.6628,-1.2127
160.674,9,-35.3509,1.6628,-1.2117
160.689,9,-35.3512,1.6627,-1.2110
160.703,9,-35.3514,1.6627,-1.2103
160.718,9,-35.3519,1.6626,-1.2088
160.734,9,-35.3521,1.6626,-1.2081
160.747,9,-35.3524,1.6625,-1.2074
160.762,9,-35.3528,1.6624,-1.2058
160.776,9,-35.3531,1.6624,-1.2050
160.790,9,-35.3535,1.6623,-1.2043
160.804,9,-35.3538,1.6623,-1.2036
160.818,9,-35.3543,1.6624,-1.2022
160.832,9,-35.3546,1.6624,-1.2011
160.846,9,-35.3549,1.6625,-1.2003
160.861,9,-35.3552,1.6624,-1.1996
160.878,9,-35.3559,1.6623,-1.1983
160.895,9,-35.3566,1.6620,-1.1970
160.912,9,-35.3570,1.6618,-1.1963
160.931,9,-35.3577,1.6617,-1.1951
160.946,9,-35.3580,1.6615,-1.1945
160.960,9,-35.3583,1.6615,-1.1940
160.974,9,-35.3590,1.6612,-1.1929
160.988,9,-35.3594,1.6609,-1.1924
161.003,9,-35.3598,1.6608,-1.1917
161.017,9,-35.3605,1.6605,-1.1907
161.031,9,-35.3608,1.6604,-1.1901

# --- Trial 10 start ---
169.741,10,-39.4778,1.6387,-1.2674
169.820,10,-39.4763,1.6382,-1.2667
169.845,10,-39.4756,1.6378,-1.2664
169.860,10,-39.4751,1.6375,-1.2662
169.873,10,-39.4749,1.6374,-1.2661
169.887,10,-39.4747,1.6372,-1.2661
169.905,10,-39.4745,1.6369,-1.2659
169.922,10,-39.4744,1.6365,-1.2658
169.938,10,-39.4744,1.6363,-1.2658
169.956,10,-39.4741,1.6359,-1.2657
169.970,10,-39.4740,1.6359,-1.2657
169.984,10,-39.4740,1.6357,-1.2657
169.998,10,-39.4740,1.6356,-1.2657
170.013,10,-39.4740,1.6354,-1.2657
170.027,10,-39.4739,1.6353,-1.2657
170.041,10,-39.4739,1.6352,-1.2657
170.055,10,-39.4738,1.6351,-1.2656
170.069,10,-39.4737,1.6351,-1.2656
170.089,10,-39.4738,1.6349,-1.2655
170.103,10,-39.4738,1.6347,-1.2654
170.117,10,-39.4739,1.6347,-1.2653
170.131,10,-39.4739,1.6347,-1.2653
170.146,10,-39.4739,1.6345,-1.2651
170.160,10,-39.4738,1.6345,-1.2650
170.175,10,-39.4737,1.6345,-1.2648
170.189,10,-39.4737,1.6344,-1.2645
170.203,10,-39.4736,1.6342,-1.2642
170.218,10,-39.4737,1.6341,-1.2639
170.233,10,-39.4736,1.6340,-1.2631
170.248,10,-39.4735,1.6339,-1.2624
170.263,10,-39.4735,1.6340,-1.2617
170.277,10,-39.4733,1.6341,-1.2609
170.292,10,-39.4729,1.6342,-1.2594
170.305,10,-39.4724,1.6343,-1.2585
170.320,10,-39.4722,1.6343,-1.2574
170.334,10,-39.4716,1.6343,-1.2552
170.348,10,-39.4711,1.6343,-1.2536
170.363,10,-39.4705,1.6341,-1.2520
170.378,10,-39.4696,1.6338,-1.2490
170.392,10,-39.4691,1.6336,-1.2470
170.406,10,-39.4684,1.6335,-1.2449
170.420,10,-39.4678,1.6333,-1.2428
170.436,10,-39.4665,1.6330,-1.2386
170.451,10,-39.4658,1.6328,-1.2360
170.465,10,-39.4650,1.6326,-1.2334
170.480,10,-39.4636,1.6324,-1.2286
170.495,10,-39.4631,1.6325,-1.2258
170.509,10,-39.4623,1.6326,-1.2229
170.524,10,-39.4607,1.6327,-1.2176
170.542,10,-39.4597,1.6326,-1.2148
170.558,10,-39.4579,1.6326,-1.2095
170.572,10,-39.4569,1.6327,-1.2068
170.587,10,-39.4560,1.6325,-1.2042
170.602,10,-39.4538,1.6321,-1.1993
170.619,10,-39.4528,1.6315,-1.1973
170.635,10,-39.4516,1.6313,-1.1954
170.650,10,-39.4491,1.6321,-1.1915
170.665,10,-39.4478,1.6328,-1.1900
170.679,10,-39.4451,1.6331,-1.1868
170.694,10,-39.4437,1.6331,-1.1858
170.711,10,-39.4423,1.6334,-1.1850
170.725,10,-39.4394,1.6341,-1.1827
170.739,10,-39.4379,1.6346,-1.1821
170.754,10,-39.4362,1.6348,-1.1818
170.768,10,-39.4332,1.6352,-1.1805
170.782,10,-39.4317,1.6349,-1.1801
170.798,10,-39.4305,1.6348,-1.1798
170.813,10,-39.4279,1.6345,-1.1789
170.828,10,-39.4267,1.6341,-1.1786
170.843,10,-39.4255,1.6334,-1.1784
170.858,10,-39.4229,1.6320,-1.1779
170.872,10,-39.4217,1.6307,-1.1778
170.887,10,-39.4205,1.6292,-1.1776
170.903,10,-39.4181,1.6264,-1.1773
170.919,10,-39.4168,1.6248,-1.1772
170.934,10,-39.4146,1.6212,-1.1770
170.948,10,-39.4137,1.6187,-1.1770
170.963,10,-39.4127,1.6160,-1.1770
170.979,10,-39.4106,1.6115,-1.1771
170.993,10,-39.4097,1.6088,-1.1773
171.012,10,-39.4091,1.6057,-1.1775
171.027,10,-39.4072,1.6002,-1.1778
171.043,10,-39.4062,1.5978,-1.1783
171.060,10,-39.4047,1.5937,-1.1790
171.076,10,-39.4045,1.5921,-1.1793
171.092,10,-39.4036,1.5875,-1.1802
171.106,10,-39.4037,1.5842,-1.1809
171.121,10,-39.4041,1.5826,-1.1814
171.137,10,-39.4031,1.5838,-1.1825
171.153,10,-39.4020,1.5876,-1.1829
171.171,10,-39.4004,1.5898,-1.1840
171.187,10,-39.3994,1.5914,-1.1845
171.205,10,-39.3980,1.5965,-1.1853
171.224,10,-39.3975,1.5996,-1.1851
171.243,10,-39.3967,1.6045,-1.1849
171.261,10,-39.3955,1.6096,-1.1846
171.280,10,-39.3943,1.6142,-1.1839
171.299,10,-39.3932,1.6169,-1.1834
171.318,10,-39.3916,1.6220,-1.1829
171.337,10,-39.3904,1.6240,-1.1825
171.356,10,-39.3884,1.6274,-1.1814
171.391,10,-39.3866,1.6293,-1.1800
171.406,10,-39.3835,1.6325,-1.1781
171.423,10,-39.3814,1.6323,-1.1764
171.438,10,-39.3802,1.6312,-1.1756
171.454,10,-39.3787,1.6305,-1.1746
171.471,10,-39.3760,1.6301,-1.1730
171.486,10,-39.3744,1.6295,-1.1721
171.501,10,-39.3712,1.6287,-1.1701
171.515,10,-39.3695,1.6281,-1.1689
171.530,10,-39.3674,1.6273,-1.1679
171.545,10,-39.3635,1.6264,-1.1662
171.559,10,-39.3613,1.6260,-1.1650
171.574,10,-39.3590,1.6252,-1.1640
171.589,10,-39.3544,1.6236,-1.1620
171.603,10,-39.3518,1.6228,-1.1610
171.618,10,-39.3489,1.6227,-1.1602
171.633,10,-39.3434,1.6229,-1.1589
171.647,10,-39.3400,1.6230,-1.1583
171.665,10,-39.3366,1.6227,-1.1577
171.680,10,-39.3303,1.6228,-1.1566
171.693,10,-39.3265,1.6229,-1.1564
171.708,10,-39.3230,1.6235,-1.1561
171.722,10,-39.3158,1.6239,-1.1555
171.736,10,-39.3125,1.6238,-1.1551
171.751,10,-39.3081,1.6232,-1.1550
171.765,10,-39.3041,1.6226,-1.1548
171.779,10,-39.2960,1.6220,-1.1546
171.793,10,-39.2914,1.6217,-1.1549
171.807,10,-39.2871,1.6210,-1.1548
171.821,10,-39.2824,1.6199,-1.1549
171.835,10,-39.2731,1.6183,-1.1551
171.849,10,-39.2678,1.6171,-1.1554
171.864,10,-39.2625,1.6162,-1.1557
171.878,10,-39.2518,1.6143,-1.1562
171.892,10,-39.2458,1.6128,-1.1566
171.908,10,-39.2397,1.6112,-1.1570
171.924,10,-39.2282,1.6089,-1.1578
171.938,10,-39.2215,1.6079,-1.1585
171.952,10,-39.2146,1.6067,-1.1593
171.972,10,-39.2010,1.6044,-1.1607
171.990,10,-39.1869,1.6019,-1.1623
172.005,10,-39.1794,1.6010,-1.1632
172.021,10,-39.1717,1.6003,-1.1643
172.037,10,-39.1566,1.5986,-1.1662
172.052,10,-39.1485,1.5981,-1.1675
172.067,10,-39.1329,1.5970,-1.1698
172.082,10,-39.1244,1.5974,-1.1710
172.097,10,-39.1158,1.5978,-1.1724
172.114,10,-39.0991,1.5977,-1.1752
172.129,10,-39.0902,1.5985,-1.1766
172.145,10,-39.0731,1.6010,-1.1793
172.160,10,-39.0643,1.6030,-1.1808
172.176,10,-39.0550,1.6046,-1.1822
172.191,10,-39.0372,1.6078,-1.1850
172.205,10,-39.0278,1.6098,-1.1862
172.219,10,-39.0188,1.6115,-1.1874
172.234,10,-39.0013,1.6143,-1.1892
172.252,10,-38.9923,1.6154,-1.1899
172.267,10,-38.9744,1.6178,-1.1916
172.287,10,-38.9563,1.6204,-1.1927
172.305,10,-38.9474,1.6222,-1.1929
172.319,10,-38.9385,1.6241,-1.1932
172.335,10,-38.9207,1.6276,-1.1941
172.350,10,-38.9116,1.6289,-1.1944
172.365,10,-38.8936,1.6314,-1.1949
172.380,10,-38.8850,1.6324,-1.1949
172.398,10,-38.8761,1.6333,-1.1950
172.413,10,-38.8581,1.6350,-1.1954
172.428,10,-38.8493,1.6350,-1.1953
172.446,10,-38.8404,1.6340,-1.1954
172.463,10,-38.8226,1.6328,-1.1952
172.479,10,-38.8045,1.6310,-1.1951
172.491,10,-38.7949,1.6295,-1.1951
172.506,10,-38.7855,1.6278,-1.1950
172.522,10,-38.7761,1.6256,-1.1948
172.537,10,-38.7575,1.6218,-1.1945
172.552,10,-38.7477,1.6193,-1.1943
172.567,10,-38.7285,1.6149,-1.1938
172.582,10,-38.7182,1.6127,-1.1936
172.601,10,-38.7078,1.6107,-1.1930
172.618,10,-38.6878,1.6069,-1.1919
172.633,10,-38.6675,1.6034,-1.1907
172.650,10,-38.6571,1.6021,-1.1897
172.664,10,-38.6466,1.6012,-1.1889
172.679,10,-38.6259,1.5995,-1.1874
172.693,10,-38.6155,1.5999,-1.1861
172.709,10,-38.6048,1.6001,-1.1850
172.723,10,-38.5839,1.6005,-1.1829
172.736,10,-38.5732,1.6020,-1.1819
172.752,10,-38.5630,1.6046,-1.1807
172.765,10,-38.5423,1.6076,-1.1786
172.779,10,-38.5321,1.6096,-1.1776
172.793,10,-38.5217,1.6121,-1.1768
172.807,10,-38.5115,1.6140,-1.1762
172.823,10,-38.4907,1.6173,-1.1748
172.836,10,-38.4806,1.6190,-1.1742
172.849,10,-38.4704,1.6208,-1.1738
172.863,10,-38.4607,1.6226,-1.1735
172.878,10,-38.4405,1.6260,-1.1729
172.892,10,-38.4305,1.6279,-1.1728
172.907,10,-38.4208,1.6300,-1.1727
172.922,10,-38.4111,1.6317,-1.1728
172.936,10,-38.3916,1.6349,-1.1726
172.949,10,-38.3819,1.6361,-1.1729
172.963,10,-38.3721,1.6371,-1.1733
172.977,10,-38.3525,1.6391,-1.1738
172.991,10,-38.3425,1.6394,-1.1742
173.005,10,-38.3328,1.6394,-1.1746
173.019,10,-38.3231,1.6391,-1.1750
173.035,10,-38.3033,1.6383,-1.1758
173.048,10,-38.2932,1.6371,-1.1764
173.064,10,-38.2830,1.6357,-1.1769
173.079,10,-38.2629,1.6334,-1.1780
173.094,10,-38.2526,1.6313,-1.1786
173.108,10,-38.2422,1.6290,-1.1792
173.124,10,-38.2215,1.6248,-1.1805
173.140,10,-38.2108,1.6221,-1.1812
173.154,10,-38.1896,1.6176,-1.1825
173.169,10,-38.1786,1.6155,-1.1834
173.185,10,-38.1676,1.6134,-1.1842
173.199,10,-38.1459,1.6097,-1.1860
173.219,10,-38.1346,1.6081,-1.1872
173.237,10,-38.1129,1.6054,-1.1892
173.252,10,-38.1022,1.6051,-1.1904
173.267,10,-38.0801,1.6046,-1.1926
173.281,10,-38.0691,1.6059,-1.1940
173.296,10,-38.0579,1.6076,-1.1953
173.310,10,-38.0467,1.6099,-1.1966
173.325,10,-38.0246,1.6140,-1.1989
173.340,10,-38.0134,1.6169,-1.2000
173.354,10,-38.0022,1.6193,-1.2009
173.372,10,-37.9800,1.6236,-1.2029
173.389,10,-37.9579,1.6273,-1.2047
173.405,10,-37.9477,1.6285,-1.2052
173.419,10,-37.9374,1.6296,-1.2056
173.434,10,-37.9167,1.6323,-1.2069
173.448,10,-37.9067,1.6335,-1.2072
173.464,10,-37.8970,1.6351,-1.2075
173.479,10,-37.8771,1.6380,-1.2082
173.495,10,-37.8673,1.6392,-1.2082
173.510,10,-37.8573,1.6401,-1.2084
173.523,10,-37.8475,1.6409,-1.2084
173.538,10,-37.8276,1.6427,-1.2087
173.552,10,-37.8180,1.6431,-1.2087
173.566,10,-37.8081,1.6432,-1.2088
173.582,10,-37.7883,1.6434,-1.2088
173.596,10,-37.7784,1.6426,-1.2088
173.611,10,-37.7592,1.6413,-1.2086
173.626,10,-37.7494,1.6398,-1.2084
173.641,10,-37.7397,1.6381,-1.2082
173.656,10,-37.7199,1.6355,-1.2078
173.671,10,-37.7097,1.6334,-1.2075
173.685,10,-37.6996,1.6313,-1.2071
173.699,10,-37.6896,1.6291,-1.2067
173.715,10,-37.6692,1.6251,-1.2058
173.728,10,-37.6587,1.6229,-1.2053
173.742,10,-37.6485,1.6207,-1.2047
173.757,10,-37.6275,1.6164,-1.2034
173.771,10,-37.6171,1.6145,-1.2027
173.785,10,-37.6064,1.6128,-1.2017
173.799,10,-37.5854,1.6098,-1.2000
173.813,10,-37.5750,1.6091,-1.1989
173.828,10,-37.5644,1.6083,-1.1979
173.844,10,-37.5540,1.6079,-1.1968
173.860,10,-37.5331,1.6079,-1.1947
173.874,10,-37.5120,1.6094,-1.1925
173.888,10,-37.5017,1.6116,-1.1914
173.903,10,-37.4914,1.6140,-1.1902
173.919,10,-37.4810,1.6172,-1.1894
173.933,10,-37.4603,1.6215,-1.1875
173.946,10,-37.4500,1.6237,-1.1867
173.960,10,-37.4400,1.6257,-1.1861
173.973,10,-37.4299,1.6274,-1.1855
173.987,10,-37.4198,1.6292,-1.1850
174.001,10,-37.3997,1.6329,-1.1838
174.014,10,-37.3899,1.6346,-1.1833
174.028,10,-37.3803,1.6363,-1.1829
174.042,10,-37.3706,1.6383,-1.1826
174.057,10,-37.3508,1.6420,-1.1821
174.071,10,-37.3412,1.6435,-1.1821
174.084,10,-37.3319,1.6447,-1.1819
174.099,10,-37.3226,1.6456,-1.1818
174.112,10,-37.3037,1.6479,-1.1815
174.128,10,-37.2944,1.6486,-1.1815
174.143,10,-37.2851,1.6490,-1.1815
174.160,10,-37.2664,1.6498,-1.1813
174.177,10,-37.2479,1.6499,-1.1812
174.193,10,-37.2385,1.6493,-1.1813
174.207,10,-37.2290,1.6486,-1.1813
174.221,10,-37.2197,1.6478,-1.1813
174.236,10,-37.2008,1.6463,-1.1813
174.251,10,-37.1913,1.6446,-1.1812
174.266,10,-37.1724,1.6418,-1.1812
174.281,10,-37.1627,1.6393,-1.1812
174.295,10,-37.1529,1.6371,-1.1814
174.310,10,-37.1429,1.6350,-1.1815
174.325,10,-37.1232,1.6313,-1.1818
174.339,10,-37.1132,1.6292,-1.1820
174.355,10,-37.1032,1.6271,-1.1823
174.369,10,-37.0836,1.6237,-1.1829
174.384,10,-37.0736,1.6226,-1.1834
174.398,10,-37.0636,1.6220,-1.1841
174.415,10,-37.0437,1.6204,-1.1852
174.429,10,-37.0338,1.6198,-1.1859
174.443,10,-37.0139,1.6196,-1.1872
174.457,10,-37.0041,1.6217,-1.1881
174.474,10,-36.9943,1.6237,-1.1887
174.490,10,-36.9744,1.6266,-1.1899
174.504,10,-36.9646,1.6289,-1.1906
174.518,10,-36.9550,1.6310,-1.1912
174.532,10,-36.9354,1.6344,-1.1923
174.546,10,-36.9256,1.6361,-1.1926
174.563,10,-36.9161,1.6377,-1.1927
174.576,10,-36.8970,1.6407,-1.1933
174.590,10,-36.8873,1.6421,-1.1934
174.602,10,-36.8778,1.6436,-1.1935
174.617,10,-36.8683,1.6452,-1.1934
174.635,10,-36.8495,1.6487,-1.1934
174.650,10,-36.8402,1.6504,-1.1931
174.666,10,-36.8216,1.6534,-1.1927
174.682,10,-36.8126,1.6542,-1.1923
174.695,10,-36.8035,1.6548,-1.1919
174.709,10,-36.7945,1.6552,-1.1914
174.723,10,-36.7762,1.6563,-1.1908
174.735,10,-36.7671,1.6563,-1.1903
174.749,10,-36.7581,1.6558,-1.1898
174.764,10,-36.7490,1.6550,-1.1893
174.777,10,-36.7311,1.6538,-1.1885
174.790,10,-36.7221,1.6521,-1.1880
174.805,10,-36.7130,1.6503,-1.1875
174.818,10,-36.7040,1.6486,-1.1870
174.832,10,-36.6857,1.6456,-1.1860
174.845,10,-36.6765,1.6434,-1.1855
174.859,10,-36.6672,1.6411,-1.1849
174.873,10,-36.6582,1.6386,-1.1843
174.887,10,-36.6396,1.6341,-1.1830
174.902,10,-36.6300,1.6317,-1.1821
174.916,10,-36.6205,1.6297,-1.1813
174.930,10,-36.6110,1.6280,-1.1804
174.945,10,-36.5920,1.6246,-1.1787
174.958,10,-36.5826,1.6233,-1.1778
174.971,10,-36.5731,1.6225,-1.1768
174.985,10,-36.5640,1.6218,-1.1759
174.999,10,-36.5455,1.6200,-1.1739
175.012,10,-36.5362,1.6197,-1.1729
175.026,10,-36.5270,1.6201,-1.1720
175.041,10,-36.5177,1.6215,-1.1711
175.054,10,-36.5085,1.6229,-1.1701
175.069,10,-36.4899,1.6247,-1.1683
175.081,10,-36.4807,1.6265,-1.1675
175.096,10,-36.4716,1.6288,-1.1668
175.110,10,-36.4623,1.6305,-1.1660
175.124,10,-36.4439,1.6334,-1.1645
175.138,10,-36.4348,1.6346,-1.1639
175.152,10,-36.4256,1.6359,-1.1635
175.165,10,-36.4073,1.6390,-1.1625
175.179,10,-36.3981,1.6410,-1.1621
175.193,10,-36.3889,1.6427,-1.1616
175.208,10,-36.3800,1.6443,-1.1613
175.221,10,-36.3618,1.6476,-1.1606
175.237,10,-36.3530,1.6494,-1.1604
175.254,10,-36.3445,1.6508,-1.1601
175.272,10,-36.3271,1.6533,-1.1597
175.287,10,-36.3099,1.6556,-1.1590
175.300,10,-36.3016,1.6563,-1.1590
175.314,10,-36.2933,1.6569,-1.1587
175.331,10,-36.2852,1.6572,-1.1585
175.345,10,-36.2684,1.6582,-1.1582
175.359,10,-36.2600,1.6578,-1.1581
175.373,10,-36.2516,1.6573,-1.1579
175.388,10,-36.2433,1.6566,-1.1578
175.402,10,-36.2266,1.6558,-1.1574
175.416,10,-36.2183,1.6549,-1.1573
175.430,10,-36.2101,1.6535,-1.1571
175.445,10,-36.1935,1.6514,-1.1569
175.459,10,-36.1851,1.6497,-1.1568
175.474,10,-36.1766,1.6481,-1.1568
175.488,10,-36.1597,1.6455,-1.1567
175.503,10,-36.1511,1.6442,-1.1569
175.517,10,-36.1424,1.6430,-1.1570
175.532,10,-36.1251,1.6404,-1.1572
175.547,10,-36.1165,1.6392,-1.1575
175.562,10,-36.1076,1.6384,-1.1579
175.577,10,-36.0905,1.6371,-1.1585
175.592,10,-36.0818,1.6368,-1.1590
175.606,10,-36.0732,1.6362,-1.1595
175.621,10,-36.0646,1.6353,-1.1602
175.636,10,-36.0472,1.6345,-1.1612
175.651,10,-36.0385,1.6356,-1.1619
175.667,10,-36.0213,1.6367,-1.1630
175.680,10,-36.0127,1.6376,-1.1636
175.694,10,-36.0043,1.6389,-1.1643
175.707,10,-35.9960,1.6405,-1.1651
175.726,10,-35.9794,1.6433,-1.1662
175.743,10,-35.9632,1.6459,-1.1672
175.758,10,-35.9554,1.6467,-1.1677
175.772,10,-35.9476,1.6476,-1.1680
175.787,10,-35.9397,1.6486,-1.1682
175.802,10,-35.9241,1.6507,-1.1686
175.816,10,-35.9164,1.6518,-1.1686
175.830,10,-35.9091,1.6528,-1.1686
175.845,10,-35.8938,1.6548,-1.1687
175.860,10,-35.8866,1.6561,-1.1683
175.878,10,-35.8795,1.6571,-1.1681
175.894,10,-35.8652,1.6587,-1.1678
175.908,10,-35.8511,1.6599,-1.1675
175.923,10,-35.8446,1.6600,-1.1671
175.941,10,-35.8380,1.6602,-1.1666
175.954,10,-35.8246,1.6607,-1.1658
175.968,10,-35.8180,1.6606,-1.1655
175.981,10,-35.8118,1.6602,-1.1645
175.996,10,-35.8056,1.6597,-1.1638
176.009,10,-35.7994,1.6593,-1.1633
176.022,10,-35.7868,1.6586,-1.1622
176.035,10,-35.7809,1.6579,-1.1616
176.049,10,-35.7751,1.6572,-1.1612
176.062,10,-35.7692,1.6564,-1.1605
176.076,10,-35.7572,1.6550,-1.1594
176.091,10,-35.7513,1.6540,-1.1584
176.104,10,-35.7455,1.6529,-1.1575
176.117,10,-35.7399,1.6516,-1.1567
176.132,10,-35.7280,1.6493,-1.1551
176.147,10,-35.7223,1.6481,-1.1543
176.161,10,-35.7165,1.6470,-1.1532
176.175,10,-35.7107,1.6458,-1.1523
176.189,10,-35.6992,1.6434,-1.1503
176.203,10,-35.6937,1.6421,-1.1492
176.217,10,-35.6882,1.6411,-1.1481
176.231,10,-35.6773,1.6390,-1.1458
176.245,10,-35.6721,1.6381,-1.1445
176.258,10,-35.6670,1.6372,-1.1434
176.273,10,-35.6619,1.6367,-1.1422
176.288,10,-35.6512,1.6361,-1.1399
176.301,10,-35.6460,1.6368,-1.1386
176.317,10,-35.6408,1.6377,-1.1374
176.330,10,-35.6356,1.6389,-1.1361
176.346,10,-35.6252,1.6412,-1.1337
176.361,10,-35.6200,1.6431,-1.1325
176.375,10,-35.6097,1.6459,-1.1302
176.388,10,-35.6046,1.6474,-1.1291
176.404,10,-35.5995,1.6488,-1.1280
176.418,10,-35.5946,1.6498,-1.1271
176.433,10,-35.5846,1.6517,-1.1252
176.447,10,-35.5798,1.6524,-1.1245
176.462,10,-35.5750,1.6533,-1.1238
176.476,10,-35.5653,1.6554,-1.1224
176.492,10,-35.5606,1.6565,-1.1220
176.506,10,-35.5561,1.6572,-1.1216
176.521,10,-35.5470,1.6590,-1.1205
176.536,10,-35.5428,1.6599,-1.1202
176.550,10,-35.5387,1.6609,-1.1199
176.564,10,-35.5347,1.6617,-1.1197
176.579,10,-35.5264,1.6631,-1.1191
176.594,10,-35.5225,1.6638,-1.1192
176.607,10,-35.5187,1.6645,-1.1193
176.622,10,-35.5108,1.6658,-1.1193
176.637,10,-35.5071,1.6662,-1.1195
176.652,10,-35.5035,1.6665,-1.1198
176.667,10,-35.4962,1.6674,-1.1201
176.681,10,-35.4928,1.6676,-1.1205
176.698,10,-35.4897,1.6679,-1.1210
176.714,10,-35.4829,1.6687,-1.1218
176.729,10,-35.4797,1.6688,-1.1223
176.744,10,-35.4734,1.6693,-1.1234
176.758,10,-35.4704,1.6693,-1.1240
176.772,10,-35.4676,1.6694,-1.1249
176.787,10,-35.4617,1.6696,-1.1264
176.801,10,-35.4590,1.6694,-1.1274
176.816,10,-35.4563,1.6691,-1.1284
176.836,10,-35.4510,1.6688,-1.1305
176.854,10,-35.4461,1.6681,-1.1329
176.868,10,-35.4438,1.6676,-1.1342
176.883,10,-35.4417,1.6672,-1.1355
176.897,10,-35.4397,1.6667,-1.1372
176.913,10,-35.4354,1.6660,-1.1401
176.928,10,-35.4336,1.6657,-1.1418
176.941,10,-35.4296,1.6653,-1.1450
176.956,10,-35.4278,1.6658,-1.1469
176.974,10,-35.4262,1.6668,-1.1489
176.992,10,-35.4227,1.6674,-1.1528
177.007,10,-35.4193,1.6677,-1.1568
177.020,10,-35.4178,1.6678,-1.1590
177.034,10,-35.4164,1.6678,-1.1613
177.049,10,-35.4149,1.6678,-1.1635
177.062,10,-35.4119,1.6677,-1.1678
177.075,10,-35.4107,1.6675,-1.1703
177.090,10,-35.4094,1.6672,-1.1727
177.104,10,-35.4082,1.6669,-1.1750
177.117,10,-35.4070,1.6666,-1.1773
177.131,10,-35.4045,1.6661,-1.1818
177.145,10,-35.4034,1.6658,-1.1841
177.159,10,-35.4024,1.6656,-1.1863
177.173,10,-35.4013,1.6652,-1.1883
177.187,10,-35.3992,1.6645,-1.1925
177.201,10,-35.3983,1.6641,-1.1945
177.214,10,-35.3974,1.6637,-1.1963
177.228,10,-35.3966,1.6635,-1.1981
177.241,10,-35.3958,1.6634,-1.1999
177.255,10,-35.3941,1.6629,-1.2035
177.268,10,-35.3933,1.6627,-1.2049
177.282,10,-35.3926,1.6626,-1.2063
177.298,10,-35.3918,1.6628,-1.2073
177.314,10,-35.3902,1.6627,-1.2100
177.327,10,-35.3895,1.6629,-1.2111
177.340,10,-35.3887,1.6630,-1.2121
177.355,10,-35.3873,1.6634,-1.2139
177.367,10,-35.3866,1.6637,-1.2146
177.381,10,-35.3860,1.6638,-1.2151
177.395,10,-35.3854,1.6638,-1.2155
177.409,10,-35.3847,1.6638,-1.2159
177.424,10,-35.3832,1.6640,-1.2168
177.438,10,-35.3826,1.6640,-1.2170
177.452,10,-35.3820,1.6639,-1.2172
177.467,10,-35.3806,1.6637,-1.2176
177.481,10,-35.3800,1.6635,-1.2177
177.495,10,-35.3795,1.6633,-1.2178
177.510,10,-35.3784,1.6629,-1.2178
177.523,10,-35.3780,1.6628,-1.2175
177.538,10,-35.3776,1.6628,-1.2171
177.552,10,-35.3772,1.6629,-1.2167
177.567,10,-35.3763,1.6631,-1.2158
177.581,10,-35.3760,1.6632,-1.2152
177.595,10,-35.3757,1.6633,-1.2145
177.610,10,-35.3750,1.6631,-1.2133
177.625,10,-35.3747,1.6628,-1.2125
177.639,10,-35.3744,1.6626,-1.2117
177.654,10,-35.3737,1.6623,-1.2101
177.667,10,-35.3734,1.6622,-1.2093
177.680,10,-35.3730,1.6621,-1.2084
177.695,10,-35.3726,1.6620,-1.2076
177.709,10,-35.3719,1.6618,-1.2059
177.724,10,-35.3716,1.6619,-1.2051
177.737,10,-35.3713,1.6619,-1.2043
177.753,10,-35.3707,1.6619,-1.2028
177.767,10,-35.3705,1.6619,-1.2018
177.780,10,-35.3703,1.6618,-1.2009
177.795,10,-35.3701,1.6617,-1.2004
177.808,10,-35.3697,1.6615,-1.1990
177.823,10,-35.3695,1.6614,-1.1982
177.837,10,-35.3693,1.6613,-1.1976
177.850,10,-35.3691,1.6612,-1.1969
177.866,10,-35.3687,1.6611,-1.1955
177.879,10,-35.3686,1.6611,-1.1950
177.893,10,-35.3685,1.6611,-1.1946
177.907,10,-35.3685,1.6611,-1.1941
177.922,10,-35.3683,1.6611,-1.1929
177.936,10,-35.3683,1.6611,-1.1925
177.951,10,-35.3682,1.6612,-1.1920
177.965,10,-35.3680,1.6613,-1.1910
177.979,10,-35.3679,1.6614,-1.1909
177.997,10,-35.3678,1.6615,-1.1906
178.011,10,-35.3675,1.6617,-1.1898
178.024,10,-35.3673,1.6618,-1.1894
178.039,10,-35.3672,1.6620,-1.1891
178.053,10,-35.3671,1.6621,-1.1889
178.068,10,-35.3668,1.6623,-1.1884
178.084,10,-35.3667,1.6624,-1.1881
178.100,10,-35.3665,1.6625,-1.1878
178.113,10,-35.3664,1.6626,-1.1876
178.127,10,-35.3663,1.6626,-1.1874
178.142,10,-35.3661,1.6626,-1.1871
178.156,10,-35.3661,1.6626,-1.1870
178.171,10,-35.3661,1.6626,-1.1869
178.186,10,-35.3661,1.6625,-1.1868
178.200,10,-35.3660,1.6625,-1.1867
178.213,10,-35.3660,1.6625,-1.1869
178.226,10,-35.3660,1.6626,-1.1869
178.240,10,-35.3660,1.6626,-1.1868
178.255,10,-35.3660,1.6626,-1.1868
