timestamp, HMD_x, HMD_y,HMD_z

# --- Trial 1 start ---
28.804,1,-39.4739,1.6350,-1.2629
28.878,1,-39.4718,1.6354,-1.2618
28.917,1,-39.4710,1.6354,-1.2612
28.935,1,-39.4700,1.6354,-1.2607
28.949,1,-39.4698,1.6354,-1.2605
28.961,1,-39.4697,1.6353,-1.2603
28.972,1,-39.4694,1.6353,-1.2602
28.984,1,-39.4689,1.6351,-1.2600
29.000,1,-39.4688,1.6350,-1.2598
29.019,1,-39.4683,1.6349,-1.2596
29.032,1,-39.4680,1.6349,-1.2596
29.050,1,-39.4678,1.6349,-1.2596
29.065,1,-39.4673,1.6349,-1.2594
29.076,1,-39.4671,1.6349,-1.2594
29.089,1,-39.4669,1.6348,-1.2593
29.101,1,-39.4668,1.6347,-1.2592
29.112,1,-39.4666,1.6347,-1.2591
29.125,1,-39.4664,1.6347,-1.2591
29.137,1,-39.4662,1.6346,-1.2590
29.149,1,-39.4659,1.6346,-1.2589
29.161,1,-39.4658,1.6345,-1.2588
29.173,1,-39.4655,1.6345,-1.2587
29.185,1,-39.4653,1.6344,-1.2587
29.200,1,-39.4651,1.6344,-1.2586
29.213,1,-39.4649,1.6344,-1.2586
29.225,1,-39.4647,1.6343,-1.2586
29.236,1,-39.4646,1.6343,-1.2585
29.247,1,-39.4645,1.6342,-1.2585
29.260,1,-39.4643,1.6342,-1.2584
29.272,1,-39.4642,1.6341,-1.2584
29.283,1,-39.4641,1.6341,-1.2584
29.295,1,-39.4640,1.6340,-1.2584
29.307,1,-39.4637,1.6338,-1.2582
29.318,1,-39.4635,1.6338,-1.2582
29.333,1,-39.4634,1.6337,-1.2582
29.345,1,-39.4633,1.6336,-1.2582
29.357,1,-39.4632,1.6334,-1.2582
29.368,1,-39.4631,1.6333,-1.2582
29.381,1,-39.4630,1.6331,-1.2582
29.394,1,-39.4629,1.6330,-1.2583
29.407,1,-39.4629,1.6329,-1.2583
29.418,1,-39.4628,1.6328,-1.2583
29.429,1,-39.4627,1.6327,-1.2583
29.442,1,-39.4624,1.6325,-1.2584
29.453,1,-39.4622,1.6324,-1.2584
29.468,1,-39.4621,1.6324,-1.2584
29.480,1,-39.4619,1.6323,-1.2584
29.492,1,-39.4617,1.6322,-1.2584
29.504,1,-39.4616,1.6321,-1.2583
29.516,1,-39.4615,1.6321,-1.2583
29.528,1,-39.4614,1.6320,-1.2584
29.539,1,-39.4612,1.6319,-1.2584
29.551,1,-39.4610,1.6318,-1.2584
29.561,1,-39.4609,1.6317,-1.2584
29.572,1,-39.4608,1.6316,-1.2585
29.583,1,-39.4606,1.6316,-1.2585
29.595,1,-39.4604,1.6315,-1.2585
29.606,1,-39.4602,1.6315,-1.2584
29.616,1,-39.4600,1.6314,-1.2585
29.627,1,-39.4598,1.6314,-1.2585
29.638,1,-39.4597,1.6314,-1.2584
29.649,1,-39.4596,1.6314,-1.2585
29.660,1,-39.4594,1.6313,-1.2584
29.670,1,-39.4592,1.6313,-1.2584
29.684,1,-39.4591,1.6313,-1.2584
29.695,1,-39.4588,1.6313,-1.2584
29.706,1,-39.4587,1.6313,-1.2584
29.717,1,-39.4585,1.6313,-1.2584
29.728,1,-39.4583,1.6313,-1.2584
29.739,1,-39.4581,1.6313,-1.2584
29.751,1,-39.4579,1.6313,-1.2584
29.762,1,-39.4578,1.6313,-1.2584
29.775,1,-39.4576,1.6314,-1.2583
29.787,1,-39.4575,1.6314,-1.2583
29.799,1,-39.4572,1.6315,-1.2583
29.812,1,-39.4571,1.6316,-1.2583
29.823,1,-39.4569,1.6317,-1.2583
29.834,1,-39.4567,1.6318,-1.2583
29.845,1,-39.4566,1.6319,-1.2582
29.856,1,-39.4563,1.6320,-1.2582
29.867,1,-39.4561,1.6321,-1.2582
29.879,1,-39.4560,1.6322,-1.2582
29.890,1,-39.4557,1.6323,-1.2583
29.901,1,-39.4555,1.6324,-1.2583
29.912,1,-39.4553,1.6324,-1.2583
29.925,1,-39.4551,1.6324,-1.2584
29.940,1,-39.4550,1.6323,-1.2585
29.952,1,-39.4549,1.6323,-1.2585
29.963,1,-39.4548,1.6323,-1.2585
29.974,1,-39.4547,1.6322,-1.2585
29.986,1,-39.4545,1.6322,-1.2586
29.996,1,-39.4544,1.6321,-1.2586
30.008,1,-39.4542,1.6320,-1.2586
30.019,1,-39.4542,1.6319,-1.2586
30.036,1,-39.4542,1.6319,-1.2586
30.048,1,-39.4541,1.6318,-1.2586
30.059,1,-39.4539,1.6318,-1.2586
30.071,1,-39.4539,1.6318,-1.2586
30.082,1,-39.4538,1.6317,-1.2586
30.094,1,-39.4537,1.6317,-1.2586
30.105,1,-39.4536,1.6316,-1.2587
30.118,1,-39.4535,1.6315,-1.2587
30.130,1,-39.4535,1.6313,-1.2588
30.142,1,-39.4535,1.6310,-1.2589
30.154,1,-39.4535,1.6307,-1.2591
30.165,1,-39.4535,1.6305,-1.2591
30.181,1,-39.4534,1.6304,-1.2593
30.193,1,-39.4533,1.6301,-1.2594
30.205,1,-39.4533,1.6299,-1.2596
30.216,1,-39.4532,1.6297,-1.2598
30.228,1,-39.4530,1.6295,-1.2601
30.240,1,-39.4530,1.6292,-1.2604
30.252,1,-39.4527,1.6288,-1.2608
30.265,1,-39.4523,1.6280,-1.2614
30.277,1,-39.4521,1.6273,-1.2619
30.292,1,-39.4516,1.6265,-1.2624
30.304,1,-39.4512,1.6256,-1.2630
30.316,1,-39.4507,1.6247,-1.2637
30.328,1,-39.4504,1.6236,-1.2643
30.339,1,-39.4500,1.6223,-1.2650
30.350,1,-39.4497,1.6209,-1.2658
30.361,1,-39.4496,1.6195,-1.2665
30.373,1,-39.4495,1.6177,-1.2674
30.384,1,-39.4495,1.6160,-1.2682
30.396,1,-39.4495,1.6142,-1.2691
30.409,1,-39.4495,1.6123,-1.2700
30.420,1,-39.4496,1.6105,-1.2709
30.432,1,-39.4498,1.6086,-1.2719
30.448,1,-39.4500,1.6051,-1.2736
30.467,1,-39.4507,1.6034,-1.2746
30.479,1,-39.4511,1.6018,-1.2755
30.491,1,-39.4514,1.6004,-1.2765
30.502,1,-39.4516,1.5991,-1.2775
30.514,1,-39.4518,1.5978,-1.2785
30.525,1,-39.4517,1.5964,-1.2795
30.538,1,-39.4521,1.5937,-1.2813
30.550,1,-39.4522,1.5925,-1.2822
30.566,1,-39.4523,1.5912,-1.2830
30.578,1,-39.4526,1.5899,-1.2837
30.591,1,-39.4529,1.5886,-1.2843
30.602,1,-39.4532,1.5872,-1.2850
30.613,1,-39.4535,1.5857,-1.2857
30.624,1,-39.4538,1.5842,-1.2863
30.635,1,-39.4541,1.5826,-1.2869
30.647,1,-39.4546,1.5809,-1.2874
30.658,1,-39.4553,1.5793,-1.2878
30.669,1,-39.4561,1.5777,-1.2882
30.681,1,-39.4570,1.5760,-1.2887
30.692,1,-39.4579,1.5745,-1.2891
30.703,1,-39.4588,1.5730,-1.2893
30.714,1,-39.4597,1.5716,-1.2896
30.726,1,-39.4605,1.5703,-1.2897
30.737,1,-39.4612,1.5690,-1.2899
30.749,1,-39.4620,1.5677,-1.2900
30.759,1,-39.4626,1.5665,-1.2900
30.772,1,-39.4632,1.5652,-1.2903
30.783,1,-39.4639,1.5638,-1.2903
30.793,1,-39.4645,1.5625,-1.2904
30.805,1,-39.4654,1.5610,-1.2904
30.817,1,-39.4662,1.5594,-1.2905
30.828,1,-39.4672,1.5578,-1.2904
30.839,1,-39.4682,1.5562,-1.2904
30.850,1,-39.4695,1.5546,-1.2905
30.864,1,-39.4712,1.5533,-1.2903
30.875,1,-39.4728,1.5521,-1.2901
30.887,1,-39.4742,1.5509,-1.2899
30.898,1,-39.4753,1.5498,-1.2898
30.909,1,-39.4765,1.5488,-1.2894
30.921,1,-39.4773,1.5479,-1.2890
30.933,1,-39.4782,1.5469,-1.2886
30.944,1,-39.4793,1.5460,-1.2881
30.956,1,-39.4804,1.5453,-1.2875
30.968,1,-39.4813,1.5447,-1.2870
30.980,1,-39.4825,1.5440,-1.2861
30.991,1,-39.4837,1.5433,-1.2851
31.003,1,-39.4849,1.5426,-1.2841
31.015,1,-39.4861,1.5420,-1.2830
31.027,1,-39.4874,1.5413,-1.2820
31.038,1,-39.4886,1.5404,-1.2809
31.049,1,-39.4899,1.5397,-1.2798
31.060,1,-39.4913,1.5392,-1.2786
31.076,1,-39.4927,1.5388,-1.2772
31.091,1,-39.4954,1.5379,-1.2748
31.103,1,-39.4980,1.5370,-1.2722
31.120,1,-39.4992,1.5365,-1.2707
31.134,1,-39.5003,1.5359,-1.2695
31.147,1,-39.5014,1.5354,-1.2683
31.159,1,-39.5026,1.5349,-1.2670
31.171,1,-39.5037,1.5344,-1.2658
31.182,1,-39.5050,1.5340,-1.2645
31.194,1,-39.5062,1.5336,-1.2634
31.205,1,-39.5077,1.5332,-1.2620
31.218,1,-39.5102,1.5325,-1.2595
31.230,1,-39.5112,1.5323,-1.2584
31.243,1,-39.5127,1.5323,-1.2571
31.255,1,-39.5141,1.5324,-1.2559
31.267,1,-39.5153,1.5325,-1.2547
31.279,1,-39.5166,1.5328,-1.2535
31.291,1,-39.5176,1.5331,-1.2524
31.304,1,-39.5197,1.5335,-1.2501
31.315,1,-39.5205,1.5340,-1.2491
31.331,1,-39.5209,1.5344,-1.2483
31.343,1,-39.5215,1.5348,-1.2473
31.353,1,-39.5221,1.5352,-1.2464
31.365,1,-39.5226,1.5355,-1.2454
31.376,1,-39.5231,1.5358,-1.2446
31.389,1,-39.5235,1.5360,-1.2437
31.401,1,-39.5239,1.5361,-1.2428
31.413,1,-39.5243,1.5361,-1.2421
31.425,1,-39.5247,1.5362,-1.2413
31.437,1,-39.5252,1.5363,-1.2405
31.448,1,-39.5256,1.5364,-1.2398
31.460,1,-39.5261,1.5365,-1.2384
31.472,1,-39.5262,1.5366,-1.2378
31.487,1,-39.5261,1.5366,-1.2373
31.500,1,-39.5261,1.5368,-1.2368
31.512,1,-39.5259,1.5370,-1.2363
31.524,1,-39.5254,1.5372,-1.2359
31.538,1,-39.5249,1.5375,-1.2349
31.549,1,-39.5245,1.5378,-1.2345
31.567,1,-39.5238,1.5380,-1.2343
31.579,1,-39.5232,1.5382,-1.2341
31.591,1,-39.5226,1.5385,-1.2340
31.602,1,-39.5221,1.5388,-1.2339
31.614,1,-39.5217,1.5391,-1.2338
31.625,1,-39.5212,1.5393,-1.2338
31.637,1,-39.5207,1.5396,-1.2340
31.650,1,-39.5196,1.5403,-1.2341
31.661,1,-39.5190,1.5406,-1.2344
31.678,1,-39.5185,1.5413,-1.2348
31.689,1,-39.5179,1.5419,-1.2351
31.700,1,-39.5173,1.5427,-1.2355
31.710,1,-39.5166,1.5435,-1.2360
31.722,1,-39.5159,1.5444,-1.2365
31.733,1,-39.5149,1.5453,-1.2372
31.744,1,-39.5141,1.5466,-1.2377
31.755,1,-39.5134,1.5478,-1.2382
31.767,1,-39.5127,1.5493,-1.2388
31.778,1,-39.5118,1.5508,-1.2394
31.789,1,-39.5110,1.5524,-1.2401
31.802,1,-39.5102,1.5541,-1.2407
31.813,1,-39.5095,1.5560,-1.2414
31.824,1,-39.5086,1.5578,-1.2420
31.835,1,-39.5078,1.5598,-1.2428
31.847,1,-39.5069,1.5619,-1.2435
31.862,1,-39.5052,1.5658,-1.2450
31.881,1,-39.5046,1.5680,-1.2459
31.892,1,-39.5038,1.5703,-1.2467
31.904,1,-39.5029,1.5725,-1.2476
31.915,1,-39.5020,1.5748,-1.2484
31.926,1,-39.5013,1.5771,-1.2491
31.937,1,-39.5004,1.5794,-1.2500
31.947,1,-39.4994,1.5817,-1.2508
31.961,1,-39.4985,1.5839,-1.2515
31.974,1,-39.4966,1.5884,-1.2531
31.984,1,-39.4957,1.5904,-1.2538
32.001,1,-39.4947,1.5923,-1.2545
32.012,1,-39.4937,1.5941,-1.2553
32.023,1,-39.4928,1.5958,-1.2559
32.034,1,-39.4919,1.5975,-1.2566
32.045,1,-39.4912,1.5991,-1.2573
32.057,1,-39.4901,1.6006,-1.2581
32.068,1,-39.4892,1.6019,-1.2587
32.079,1,-39.4883,1.6032,-1.2593
32.091,1,-39.4874,1.6044,-1.2598
32.102,1,-39.4866,1.6057,-1.2602
32.114,1,-39.4858,1.6069,-1.2607
32.126,1,-39.4850,1.6083,-1.2610
32.138,1,-39.4844,1.6096,-1.2613
32.149,1,-39.4838,1.6109,-1.2616
32.161,1,-39.4830,1.6122,-1.2618
32.176,1,-39.4817,1.6151,-1.2623
32.194,1,-39.4815,1.6163,-1.2622
32.206,1,-39.4810,1.6175,-1.2622
32.218,1,-39.4798,1.6201,-1.2624
32.228,1,-39.4795,1.6214,-1.2622
32.245,1,-39.4791,1.6226,-1.2619
32.256,1,-39.4786,1.6238,-1.2617
32.268,1,-39.4782,1.6249,-1.2614
32.280,1,-39.4777,1.6260,-1.2612
32.291,1,-39.4774,1.6271,-1.2607
32.304,1,-39.4770,1.6279,-1.2602
32.317,1,-39.4765,1.6287,-1.2597
32.328,1,-39.4762,1.6295,-1.2590
32.340,1,-39.4758,1.6303,-1.2583
32.351,1,-39.4751,1.6318,-1.2571
32.363,1,-39.4748,1.6322,-1.2562
32.379,1,-39.4746,1.6325,-1.2551
32.391,1,-39.4742,1.6328,-1.2541
32.402,1,-39.4739,1.6333,-1.2530
32.413,1,-39.4734,1.6338,-1.2518
32.424,1,-39.4730,1.6345,-1.2505
32.436,1,-39.4725,1.6351,-1.2492
32.447,1,-39.4721,1.6358,-1.2478
32.459,1,-39.4715,1.6363,-1.2464
32.470,1,-39.4709,1.6367,-1.2449
32.481,1,-39.4703,1.6371,-1.2434
32.493,1,-39.4697,1.6374,-1.2419
32.504,1,-39.4690,1.6377,-1.2403
32.516,1,-39.4682,1.6380,-1.2387
32.528,1,-39.4676,1.6382,-1.2371
32.539,1,-39.4667,1.6383,-1.2354
32.550,1,-39.4660,1.6382,-1.2337
32.562,1,-39.4650,1.6384,-1.2320
32.573,1,-39.4641,1.6385,-1.2303
32.584,1,-39.4631,1.6385,-1.2286
32.596,1,-39.4611,1.6387,-1.2252
32.607,1,-39.4599,1.6386,-1.2235
32.623,1,-39.4585,1.6385,-1.2219
32.635,1,-39.4573,1.6382,-1.2204
32.647,1,-39.4560,1.6378,-1.2187
32.658,1,-39.4547,1.6375,-1.2173
32.669,1,-39.4535,1.6372,-1.2158
32.681,1,-39.4520,1.6371,-1.2145
32.693,1,-39.4506,1.6367,-1.2134
32.705,1,-39.4492,1.6362,-1.2123
32.716,1,-39.4477,1.6355,-1.2114
32.728,1,-39.4464,1.6350,-1.2105
32.738,1,-39.4449,1.6345,-1.2097
32.750,1,-39.4434,1.6343,-1.2090
32.760,1,-39.4418,1.6343,-1.2084
32.772,1,-39.4403,1.6341,-1.2080
32.783,1,-39.4387,1.6339,-1.2076
32.794,1,-39.4372,1.6335,-1.2074
32.805,1,-39.4358,1.6331,-1.2071
32.817,1,-39.4344,1.6326,-1.2072
32.829,1,-39.4330,1.6320,-1.2072
32.840,1,-39.4316,1.6315,-1.2071
32.851,1,-39.4303,1.6309,-1.2072
32.862,1,-39.4290,1.6304,-1.2072
32.874,1,-39.4277,1.6298,-1.2075
32.886,1,-39.4264,1.6290,-1.2078
32.897,1,-39.4251,1.6282,-1.2081
32.909,1,-39.4241,1.6270,-1.2083
32.920,1,-39.4229,1.6262,-1.2086
32.931,1,-39.4219,1.6252,-1.2089
32.943,1,-39.4210,1.6243,-1.2093
32.961,1,-39.4201,1.6232,-1.2097
32.974,1,-39.4184,1.6208,-1.2106
32.984,1,-39.4177,1.6194,-1.2112
33.000,1,-39.4170,1.6180,-1.2117
33.011,1,-39.4163,1.6168,-1.2124
33.022,1,-39.4157,1.6156,-1.2130
33.033,1,-39.4150,1.6143,-1.2136
33.051,1,-39.4144,1.6127,-1.2145
33.065,1,-39.4138,1.6112,-1.2153
33.078,1,-39.4125,1.6087,-1.2169
33.093,1,-39.4119,1.6078,-1.2178
33.106,1,-39.4111,1.6071,-1.2186
33.121,1,-39.4105,1.6061,-1.2194
33.135,1,-39.4091,1.6034,-1.2212
33.149,1,-39.4086,1.6009,-1.2222
33.164,1,-39.4076,1.6006,-1.2229
33.178,1,-39.4061,1.6010,-1.2247
33.192,1,-39.4049,1.6035,-1.2252
33.207,1,-39.4037,1.6052,-1.2256
33.237,1,-39.4020,1.6069,-1.2259
33.249,1,-39.3987,1.6111,-1.2272
33.261,1,-39.3977,1.6134,-1.2273
33.273,1,-39.3964,1.6154,-1.2272
33.285,1,-39.3952,1.6172,-1.2270
33.297,1,-39.3938,1.6189,-1.2268
33.308,1,-39.3925,1.6205,-1.2267
33.319,1,-39.3911,1.6221,-1.2265
33.330,1,-39.3895,1.6236,-1.2260
33.341,1,-39.3880,1.6251,-1.2255
33.352,1,-39.3864,1.6266,-1.2252
33.364,1,-39.3849,1.6280,-1.2246
33.375,1,-39.3833,1.6288,-1.2241
33.387,1,-39.3814,1.6290,-1.2237
33.400,1,-39.3799,1.6289,-1.2230
33.411,1,-39.3784,1.6287,-1.2225
33.427,1,-39.3768,1.6289,-1.2219
33.440,1,-39.3735,1.6295,-1.2205
33.451,1,-39.3719,1.6295,-1.2199
33.463,1,-39.3701,1.6291,-1.2189
33.474,1,-39.3684,1.6289,-1.2182
33.485,1,-39.3664,1.6287,-1.2172
33.497,1,-39.3646,1.6288,-1.2163
33.508,1,-39.3629,1.6290,-1.2154
33.520,1,-39.3610,1.6290,-1.2144
33.532,1,-39.3591,1.6288,-1.2133
33.544,1,-39.3570,1.6284,-1.2121
33.555,1,-39.3551,1.6282,-1.2113
33.566,1,-39.3530,1.6279,-1.2103
33.579,1,-39.3511,1.6278,-1.2093
33.590,1,-39.3489,1.6275,-1.2082
33.601,1,-39.3468,1.6270,-1.2073
33.613,1,-39.3448,1.6265,-1.2063
33.624,1,-39.3425,1.6260,-1.2052
33.636,1,-39.3400,1.6257,-1.2044
33.647,1,-39.3372,1.6254,-1.2035
33.659,1,-39.3319,1.6252,-1.2019
33.670,1,-39.3286,1.6256,-1.2013
33.686,1,-39.3252,1.6261,-1.2007
33.698,1,-39.3218,1.6265,-1.2002
33.709,1,-39.3186,1.6270,-1.1996
33.720,1,-39.3152,1.6276,-1.1991
33.731,1,-39.3116,1.6281,-1.1986
33.743,1,-39.3077,1.6282,-1.1984
33.754,1,-39.3039,1.6281,-1.1980
33.765,1,-39.3001,1.6277,-1.1975
33.777,1,-39.2958,1.6268,-1.1971
33.788,1,-39.2919,1.6260,-1.1968
33.799,1,-39.2875,1.6251,-1.1965
33.811,1,-39.2829,1.6241,-1.1961
33.823,1,-39.2780,1.6231,-1.1960
33.835,1,-39.2730,1.6217,-1.1958
33.847,1,-39.2679,1.6203,-1.1956
33.858,1,-39.2626,1.6186,-1.1955
33.869,1,-39.2574,1.6171,-1.1952
33.880,1,-39.2516,1.6157,-1.1953
33.891,1,-39.2458,1.6145,-1.1953
33.901,1,-39.2402,1.6130,-1.1954
33.912,1,-39.2341,1.6114,-1.1954
33.923,1,-39.2281,1.6097,-1.1954
33.936,1,-39.2217,1.6079,-1.1956
33.947,1,-39.2153,1.6063,-1.1958
33.958,1,-39.2086,1.6048,-1.1961
33.969,1,-39.2020,1.6037,-1.1966
33.982,1,-39.1947,1.6023,-1.1972
33.994,1,-39.1876,1.6009,-1.1977
34.006,1,-39.1804,1.5995,-1.1980
34.016,1,-39.1730,1.5986,-1.1985
34.027,1,-39.1655,1.5979,-1.1989
34.037,1,-39.1578,1.5974,-1.1995
34.052,1,-39.1497,1.5975,-1.2001
34.065,1,-39.1338,1.5970,-1.2015
34.075,1,-39.1255,1.5968,-1.2021
34.089,1,-39.1176,1.5970,-1.2026
34.100,1,-39.1093,1.5975,-1.2033
34.110,1,-39.1009,1.5991,-1.2041
34.121,1,-39.0925,1.6007,-1.2049
34.133,1,-39.0840,1.6025,-1.2057
34.144,1,-39.0752,1.6042,-1.2067
34.155,1,-39.0666,1.6064,-1.2076
34.167,1,-39.0584,1.6089,-1.2083
34.177,1,-39.0498,1.6114,-1.2093
34.189,1,-39.0414,1.6139,-1.2101
34.200,1,-39.0330,1.6158,-1.2109
34.211,1,-39.0247,1.6175,-1.2116
34.222,1,-39.0164,1.6188,-1.2123
34.233,1,-39.0081,1.6200,-1.2129
34.244,1,-38.9997,1.6212,-1.2134
34.255,1,-38.9916,1.6226,-1.2136
34.267,1,-38.9833,1.6244,-1.2138
34.279,1,-38.9747,1.6263,-1.2143
34.290,1,-38.9662,1.6281,-1.2145
34.301,1,-38.9578,1.6296,-1.2148
34.312,1,-38.9491,1.6309,-1.2147
34.322,1,-38.9408,1.6316,-1.2147
34.334,1,-38.9324,1.6324,-1.2146
34.346,1,-38.9240,1.6330,-1.2143
34.357,1,-38.9155,1.6337,-1.2142
34.368,1,-38.9071,1.6342,-1.2139
34.380,1,-38.8986,1.6347,-1.2136
34.392,1,-38.8902,1.6345,-1.2133
34.403,1,-38.8820,1.6342,-1.2127
34.414,1,-38.8734,1.6337,-1.2123
34.424,1,-38.8649,1.6332,-1.2119
34.436,1,-38.8562,1.6324,-1.2114
34.447,1,-38.8472,1.6317,-1.2110
34.459,1,-38.8383,1.6308,-1.2104
34.472,1,-38.8293,1.6297,-1.2098
34.483,1,-38.8203,1.6286,-1.2091
34.495,1,-38.8113,1.6273,-1.2084
34.506,1,-38.8022,1.6257,-1.2075
34.517,1,-38.7841,1.6228,-1.2060
34.528,1,-38.7744,1.6207,-1.2051
34.545,1,-38.7646,1.6186,-1.2040
34.556,1,-38.7549,1.6168,-1.2028
34.567,1,-38.7454,1.6150,-1.2014
34.579,1,-38.7355,1.6131,-1.2001
34.590,1,-38.7258,1.6113,-1.1988
34.601,1,-38.7157,1.6095,-1.1977
34.613,1,-38.7057,1.6078,-1.1963
34.624,1,-38.6956,1.6065,-1.1949
34.635,1,-38.6856,1.6057,-1.1935
34.647,1,-38.6757,1.6051,-1.1920
34.658,1,-38.6657,1.6049,-1.1905
34.673,1,-38.6556,1.6050,-1.1890
34.687,1,-38.6355,1.6046,-1.1861
34.698,1,-38.6257,1.6056,-1.1845
34.710,1,-38.6159,1.6067,-1.1830
34.720,1,-38.6061,1.6086,-1.1815
34.732,1,-38.5966,1.6105,-1.1797
34.744,1,-38.5868,1.6120,-1.1781
34.755,1,-38.5771,1.6135,-1.1765
34.766,1,-38.5670,1.6150,-1.1752
34.777,1,-38.5572,1.6164,-1.1738
34.788,1,-38.5474,1.6178,-1.1724
34.800,1,-38.5373,1.6191,-1.1712
34.812,1,-38.5275,1.6209,-1.1698
34.823,1,-38.5177,1.6228,-1.1687
34.835,1,-38.5078,1.6249,-1.1676
34.847,1,-38.4977,1.6269,-1.1668
34.859,1,-38.4878,1.6288,-1.1659
34.871,1,-38.4783,1.6308,-1.1651
34.883,1,-38.4588,1.6345,-1.1632
34.895,1,-38.4494,1.6362,-1.1626
34.909,1,-38.4396,1.6375,-1.1621
34.920,1,-38.4300,1.6387,-1.1615
34.932,1,-38.4204,1.6398,-1.1610
34.943,1,-38.4108,1.6408,-1.1605
34.954,1,-38.4013,1.6412,-1.1600
34.965,1,-38.3919,1.6416,-1.1594
34.976,1,-38.3822,1.6414,-1.1590
34.987,1,-38.3725,1.6410,-1.1586
34.998,1,-38.3628,1.6403,-1.1583
35.008,1,-38.3529,1.6395,-1.1580
35.020,1,-38.3431,1.6384,-1.1575
35.030,1,-38.3332,1.6372,-1.1571
35.042,1,-38.3230,1.6356,-1.1569
35.053,1,-38.3131,1.6339,-1.1565
35.064,1,-38.3027,1.6321,-1.1563
35.075,1,-38.2924,1.6299,-1.1560
35.087,1,-38.2817,1.6276,-1.1559
35.098,1,-38.2713,1.6254,-1.1557
35.109,1,-38.2609,1.6233,-1.1555
35.120,1,-38.2503,1.6212,-1.1554
35.132,1,-38.2396,1.6191,-1.1553
35.142,1,-38.2287,1.6172,-1.1554
35.153,1,-38.2178,1.6153,-1.1554
35.164,1,-38.2065,1.6133,-1.1557
35.176,1,-38.1953,1.6115,-1.1559
35.187,1,-38.1842,1.6097,-1.1561
35.199,1,-38.1729,1.6082,-1.1564
35.210,1,-38.1614,1.6074,-1.1568
35.221,1,-38.1500,1.6067,-1.1573
35.232,1,-38.1385,1.6064,-1.1579
35.244,1,-38.1268,1.6061,-1.1588
35.254,1,-38.1151,1.6061,-1.1594
35.266,1,-38.1035,1.6068,-1.1602
35.277,1,-38.0916,1.6083,-1.1610
35.295,1,-38.0800,1.6112,-1.1617
35.308,1,-38.0570,1.6146,-1.1631
35.318,1,-38.0456,1.6170,-1.1636
35.333,1,-38.0345,1.6197,-1.1642
35.343,1,-38.0235,1.6217,-1.1646
35.355,1,-38.0126,1.6235,-1.1651
35.366,1,-38.0018,1.6248,-1.1653
35.377,1,-37.9911,1.6260,-1.1656
35.389,1,-37.9803,1.6274,-1.1660
35.400,1,-37.9696,1.6289,-1.1663
35.412,1,-37.9588,1.6307,-1.1666
35.422,1,-37.9482,1.6326,-1.1666
35.434,1,-37.9375,1.6345,-1.1668
35.444,1,-37.9269,1.6363,-1.1669
35.455,1,-37.9162,1.6380,-1.1670
35.468,1,-37.9056,1.6393,-1.1670
35.480,1,-37.8950,1.6404,-1.1670
35.491,1,-37.8844,1.6412,-1.1669
35.502,1,-37.8738,1.6418,-1.1667
35.513,1,-37.8633,1.6422,-1.1665
35.524,1,-37.8528,1.6424,-1.1664
35.536,1,-37.8424,1.6422,-1.1662
35.549,1,-37.8321,1.6419,-1.1662
35.560,1,-37.8217,1.6411,-1.1660
35.571,1,-37.8113,1.6404,-1.1658
35.582,1,-37.8010,1.6392,-1.1653
35.594,1,-37.7906,1.6378,-1.1648
35.605,1,-37.7802,1.6363,-1.1644
35.615,1,-37.7695,1.6349,-1.1639
35.627,1,-37.7589,1.6332,-1.1634
35.638,1,-37.7481,1.6314,-1.1628
35.649,1,-37.7373,1.6292,-1.1622
35.661,1,-37.7266,1.6269,-1.1615
35.672,1,-37.7159,1.6244,-1.1607
35.682,1,-37.7055,1.6221,-1.1600
35.693,1,-37.6945,1.6199,-1.1591
35.704,1,-37.6836,1.6180,-1.1582
35.715,1,-37.6727,1.6161,-1.1571
35.726,1,-37.6616,1.6144,-1.1561
35.737,1,-37.6504,1.6130,-1.1549
35.749,1,-37.6394,1.6119,-1.1536
35.761,1,-37.6283,1.6108,-1.1524
35.772,1,-37.6170,1.6100,-1.1511
35.782,1,-37.6059,1.6093,-1.1499
35.793,1,-37.5948,1.6087,-1.1485
35.803,1,-37.5839,1.6084,-1.1472
35.814,1,-37.5730,1.6086,-1.1459
35.824,1,-37.5619,1.6092,-1.1444
35.835,1,-37.5509,1.6110,-1.1430
35.847,1,-37.5399,1.6130,-1.1418
35.858,1,-37.5290,1.6151,-1.1406
35.871,1,-37.5179,1.6171,-1.1394
35.882,1,-37.5068,1.6193,-1.1382
35.893,1,-37.4958,1.6212,-1.1371
35.904,1,-37.4851,1.6228,-1.1361
35.914,1,-37.4742,1.6243,-1.1350
35.924,1,-37.4633,1.6258,-1.1342
35.936,1,-37.4526,1.6274,-1.1332
35.946,1,-37.4417,1.6291,-1.1324
35.957,1,-37.4311,1.6309,-1.1317
35.970,1,-37.4203,1.6328,-1.1311
35.981,1,-37.4098,1.6349,-1.1306
35.993,1,-37.3993,1.6371,-1.1302
36.006,1,-37.3892,1.6394,-1.1300
36.019,1,-37.3685,1.6434,-1.1296
36.030,1,-37.3584,1.6451,-1.1295
36.045,1,-37.3485,1.6464,-1.1294
36.055,1,-37.3386,1.6477,-1.1293
36.065,1,-37.3286,1.6489,-1.1292
36.076,1,-37.3186,1.6499,-1.1290
36.088,1,-37.3086,1.6504,-1.1289
36.099,1,-37.2986,1.6507,-1.1290
36.110,1,-37.2886,1.6505,-1.1290
36.121,1,-37.2786,1.6502,-1.1290
36.132,1,-37.2686,1.6493,-1.1291
36.143,1,-37.2587,1.6484,-1.1291
36.155,1,-37.2488,1.6473,-1.1292
36.165,1,-37.2387,1.6461,-1.1294
36.177,1,-37.2286,1.6447,-1.1296
36.188,1,-37.2184,1.6431,-1.1297
36.199,1,-37.2087,1.6413,-1.1296
36.210,1,-37.1986,1.6393,-1.1298
36.221,1,-37.1886,1.6369,-1.1300
36.232,1,-37.1783,1.6348,-1.1303
36.243,1,-37.1678,1.6326,-1.1307
36.254,1,-37.1574,1.6306,-1.1311
36.265,1,-37.1470,1.6289,-1.1315
36.276,1,-37.1366,1.6272,-1.1320
36.287,1,-37.1259,1.6255,-1.1325
36.298,1,-37.1152,1.6239,-1.1332
36.309,1,-37.1043,1.6225,-1.1340
36.321,1,-37.0936,1.6213,-1.1348
36.332,1,-37.0828,1.6207,-1.1357
36.343,1,-37.0721,1.6202,-1.1365
36.354,1,-37.0614,1.6199,-1.1375
36.365,1,-37.0506,1.6195,-1.1385
36.376,1,-37.0400,1.6190,-1.1394
36.388,1,-37.0291,1.6192,-1.1405
36.399,1,-37.0184,1.6205,-1.1415
36.409,1,-37.0076,1.6221,-1.1426
36.421,1,-36.9963,1.6238,-1.1437
36.432,1,-36.9851,1.6253,-1.1448
36.444,1,-36.9739,1.6272,-1.1458
36.455,1,-36.9627,1.6295,-1.1471
36.467,1,-36.9514,1.6318,-1.1482
36.480,1,-36.9403,1.6340,-1.1493
36.490,1,-36.9290,1.6361,-1.1503
36.502,1,-36.9179,1.6380,-1.1512
36.514,1,-36.9067,1.6399,-1.1521
36.525,1,-36.8956,1.6419,-1.1529
36.544,1,-36.8842,1.6444,-1.1536
36.557,1,-36.8627,1.6488,-1.1551
36.568,1,-36.8519,1.6512,-1.1558
36.583,1,-36.8413,1.6534,-1.1564
36.594,1,-36.8308,1.6552,-1.1571
36.606,1,-36.8208,1.6565,-1.1577
36.617,1,-36.8105,1.6578,-1.1582
36.629,1,-36.8009,1.6585,-1.1588
36.640,1,-36.7909,1.6591,-1.1593
36.652,1,-36.7810,1.6595,-1.1599
36.663,1,-36.7712,1.6595,-1.1605
36.674,1,-36.7614,1.6593,-1.1610
36.686,1,-36.7517,1.6587,-1.1614
36.697,1,-36.7420,1.6579,-1.1619
36.709,1,-36.7323,1.6568,-1.1623
36.719,1,-36.7225,1.6557,-1.1628
36.734,1,-36.7128,1.6543,-1.1632
36.744,1,-36.7030,1.6527,-1.1636
36.755,1,-36.6932,1.6512,-1.1640
36.766,1,-36.6834,1.6491,-1.1643
36.777,1,-36.6737,1.6468,-1.1647
36.788,1,-36.6638,1.6441,-1.1649
36.799,1,-36.6539,1.6415,-1.1652
36.811,1,-36.6439,1.6388,-1.1653
36.821,1,-36.6341,1.6363,-1.1655
36.832,1,-36.6241,1.6339,-1.1656
36.844,1,-36.6142,1.6317,-1.1656
36.855,1,-36.6038,1.6295,-1.1656
36.866,1,-36.5935,1.6274,-1.1656
36.877,1,-36.5832,1.6255,-1.1655
36.889,1,-36.5729,1.6238,-1.1653
36.900,1,-36.5627,1.6225,-1.1649
36.912,1,-36.5524,1.6215,-1.1645
36.923,1,-36.5421,1.6206,-1.1642
36.935,1,-36.5319,1.6201,-1.1637
36.947,1,-36.5216,1.6197,-1.1631
36.958,1,-36.5114,1.6203,-1.1627
36.970,1,-36.5012,1.6214,-1.1622
36.982,1,-36.4911,1.6229,-1.1618
36.993,1,-36.4810,1.6251,-1.1612
37.005,1,-36.4710,1.6271,-1.1607
37.024,1,-36.4604,1.6296,-1.1603
37.038,1,-36.4410,1.6330,-1.1597
37.048,1,-36.4309,1.6348,-1.1593
37.062,1,-36.4209,1.6365,-1.1592
37.073,1,-36.4111,1.6383,-1.1590
37.085,1,-36.4015,1.6400,-1.1590
37.096,1,-36.3918,1.6418,-1.1590
37.108,1,-36.3823,1.6435,-1.1591
37.119,1,-36.3729,1.6452,-1.1592
37.130,1,-36.3635,1.6469,-1.1593
37.141,1,-36.3544,1.6487,-1.1595
37.153,1,-36.3454,1.6505,-1.1598
37.164,1,-36.3364,1.6522,-1.1601
37.175,1,-36.3274,1.6537,-1.1605
37.186,1,-36.3186,1.6549,-1.1609
37.198,1,-36.3100,1.6560,-1.1613
37.209,1,-36.3014,1.6569,-1.1617
37.220,1,-36.2928,1.6576,-1.1622
37.231,1,-36.2844,1.6581,-1.1626
37.242,1,-36.2759,1.6584,-1.1631
37.253,1,-36.2676,1.6585,-1.1636
37.265,1,-36.2595,1.6582,-1.1641
37.276,1,-36.2512,1.6578,-1.1647
37.287,1,-36.2430,1.6573,-1.1652
37.298,1,-36.2348,1.6567,-1.1657
37.309,1,-36.2265,1.6559,-1.1663
37.320,1,-36.2183,1.6549,-1.1670
37.332,1,-36.2101,1.6539,-1.1676
37.343,1,-36.2015,1.6526,-1.1683
37.353,1,-36.1929,1.6511,-1.1690
37.366,1,-36.1843,1.6493,-1.1697
37.377,1,-36.1756,1.6474,-1.1705
37.388,1,-36.1667,1.6456,-1.1714
37.400,1,-36.1578,1.6440,-1.1723
37.412,1,-36.1490,1.6425,-1.1732
37.423,1,-36.1402,1.6410,-1.1742
37.435,1,-36.1314,1.6396,-1.1753
37.446,1,-36.1226,1.6382,-1.1764
37.458,1,-36.1139,1.6370,-1.1776
37.469,1,-36.1051,1.6359,-1.1788
37.481,1,-36.0962,1.6353,-1.1801
37.493,1,-36.0875,1.6350,-1.1815
37.505,1,-36.0787,1.6348,-1.1830
37.516,1,-36.0700,1.6344,-1.1844
37.528,1,-36.0614,1.6339,-1.1860
37.540,1,-36.0529,1.6339,-1.1875
37.553,1,-36.0446,1.6346,-1.1890
37.565,1,-36.0364,1.6358,-1.1906
37.577,1,-36.0283,1.6365,-1.1921
37.589,1,-36.0201,1.6373,-1.1937
37.602,1,-36.0119,1.6386,-1.1952
37.615,1,-36.0036,1.6401,-1.1967
37.628,1,-35.9875,1.6427,-1.1996
37.640,1,-35.9794,1.6443,-1.2010
37.660,1,-35.9714,1.6458,-1.2022
37.676,1,-35.9556,1.6483,-1.2047
37.689,1,-35.9401,1.6510,-1.2070
37.700,1,-35.9326,1.6528,-1.2079
37.717,1,-35.9253,1.6547,-1.2085
37.729,1,-35.9184,1.6563,-1.2092
37.741,1,-35.9115,1.6579,-1.2101
37.753,1,-35.9044,1.6596,-1.2108
37.765,1,-35.8974,1.6610,-1.2115
37.776,1,-35.8901,1.6621,-1.2127
37.788,1,-35.8832,1.6631,-1.2133
37.800,1,-35.8765,1.6639,-1.2137
37.811,1,-35.8698,1.6643,-1.2143
37.823,1,-35.8562,1.6655,-1.2155
37.835,1,-35.8497,1.6654,-1.2160
37.850,1,-35.8432,1.6651,-1.2162
37.863,1,-35.8368,1.6649,-1.2166
37.874,1,-35.8304,1.6646,-1.2170
37.886,1,-35.8240,1.6644,-1.2173
37.899,1,-35.8179,1.6641,-1.2176
37.912,1,-35.8116,1.6639,-1.2179
37.924,1,-35.7990,1.6634,-1.2185
37.935,1,-35.7929,1.6628,-1.2188
37.951,1,-35.7868,1.6620,-1.2189
37.962,1,-35.7809,1.6615,-1.2191
37.974,1,-35.7749,1.6612,-1.2192
37.985,1,-35.7689,1.6610,-1.2194
37.996,1,-35.7628,1.6607,-1.2195
38.007,1,-35.7568,1.6602,-1.2195
38.018,1,-35.7506,1.6597,-1.2195
38.029,1,-35.7445,1.6590,-1.2194
38.042,1,-35.7385,1.6583,-1.2192
38.055,1,-35.7325,1.6576,-1.2189
38.067,1,-35.7265,1.6571,-1.2187
38.078,1,-35.7205,1.6566,-1.2184
38.087,1,-35.7145,1.6562,-1.2181
38.098,1,-35.7086,1.6557,-1.2179
38.110,1,-35.7026,1.6550,-1.2175
38.120,1,-35.6968,1.6543,-1.2170
38.132,1,-35.6909,1.6537,-1.2165
38.142,1,-35.6850,1.6532,-1.2159
38.153,1,-35.6790,1.6527,-1.2153
38.167,1,-35.6732,1.6520,-1.2147
38.178,1,-35.6674,1.6513,-1.2140
38.189,1,-35.6615,1.6506,-1.2132
38.200,1,-35.6558,1.6502,-1.2124
38.210,1,-35.6501,1.6500,-1.2115
38.220,1,-35.6445,1.6501,-1.2108
38.231,1,-35.6389,1.6501,-1.2098
38.241,1,-35.6334,1.6499,-1.2087
38.252,1,-35.6280,1.6497,-1.2077
38.263,1,-35.6225,1.6499,-1.2067
38.275,1,-35.6171,1.6506,-1.2057
38.285,1,-35.6118,1.6514,-1.2048
38.296,1,-35.6064,1.6523,-1.2040
38.309,1,-35.6013,1.6535,-1.2030
38.319,1,-35.5961,1.6544,-1.2021
38.330,1,-35.5910,1.6552,-1.2012
38.342,1,-35.5860,1.6558,-1.2006
38.353,1,-35.5810,1.6564,-1.1997
38.364,1,-35.5760,1.6569,-1.1990
38.375,1,-35.5711,1.6574,-1.1982
38.386,1,-35.5661,1.6579,-1.1976
38.397,1,-35.5612,1.6582,-1.1971
38.408,1,-35.5563,1.6587,-1.1965
38.419,1,-35.5515,1.6590,-1.1960
38.430,1,-35.5468,1.6592,-1.1956
38.441,1,-35.5423,1.6595,-1.1953
38.452,1,-35.5378,1.6599,-1.1949
38.464,1,-35.5334,1.6603,-1.1947
38.475,1,-35.5291,1.6607,-1.1945
38.486,1,-35.5249,1.6612,-1.1943
38.497,1,-35.5208,1.6618,-1.1944
38.508,1,-35.5169,1.6624,-1.1943
38.520,1,-35.5132,1.6630,-1.1944
38.531,1,-35.5095,1.6635,-1.1945
38.542,1,-35.5059,1.6640,-1.1946
38.553,1,-35.5025,1.6644,-1.1948
38.564,1,-35.4991,1.6649,-1.1950
38.575,1,-35.4960,1.6653,-1.1951
38.586,1,-35.4929,1.6658,-1.1957
38.597,1,-35.4900,1.6659,-1.1960
38.608,1,-35.4871,1.6660,-1.1964
38.620,1,-35.4844,1.6660,-1.1968
38.630,1,-35.4818,1.6659,-1.1973
38.641,1,-35.4793,1.6658,-1.1977
38.653,1,-35.4769,1.6657,-1.1982
38.663,1,-35.4745,1.6657,-1.1986
38.675,1,-35.4723,1.6657,-1.1991
38.686,1,-35.4701,1.6656,-1.1998
38.697,1,-35.4680,1.6655,-1.2005
38.708,1,-35.4660,1.6653,-1.2012
38.719,1,-35.4639,1.6652,-1.2019
38.730,1,-35.4619,1.6651,-1.2027
38.748,1,-35.4600,1.6651,-1.2034
38.761,1,-35.4561,1.6649,-1.2046
38.772,1,-35.4543,1.6648,-1.2054
38.785,1,-35.4526,1.6647,-1.2063
38.796,1,-35.4509,1.6646,-1.2072
38.808,1,-35.4493,1.6648,-1.2081
38.819,1,-35.4477,1.6653,-1.2090
38.830,1,-35.4461,1.6656,-1.2100
38.841,1,-35.4446,1.6660,-1.2111
38.853,1,-35.4431,1.6663,-1.2121
38.864,1,-35.4417,1.6665,-1.2131
38.875,1,-35.4403,1.6668,-1.2142
38.886,1,-35.4389,1.6671,-1.2153
38.898,1,-35.4376,1.6672,-1.2166
38.909,1,-35.4363,1.6673,-1.2177
38.920,1,-35.4351,1.6673,-1.2189
38.931,1,-35.4339,1.6672,-1.2200
38.943,1,-35.4326,1.6671,-1.2211
38.953,1,-35.4314,1.6670,-1.2221
38.965,1,-35.4303,1.6669,-1.2233
38.976,1,-35.4290,1.6668,-1.2245
38.987,1,-35.4279,1.6666,-1.2256
38.998,1,-35.4267,1.6664,-1.2267
39.009,1,-35.4256,1.6662,-1.2278
39.021,1,-35.4246,1.6659,-1.2289
39.033,1,-35.4236,1.6656,-1.2300
39.044,1,-35.4228,1.6653,-1.2310
39.059,1,-35.4221,1.6649,-1.2321
39.073,1,-35.4205,1.6641,-1.2340
39.084,1,-35.4198,1.6636,-1.2349
39.097,1,-35.4192,1.6632,-1.2357
39.108,1,-35.4186,1.6629,-1.2364
39.119,1,-35.4181,1.6627,-1.2372
39.130,1,-35.4176,1.6624,-1.2379
39.141,1,-35.4170,1.6621,-1.2386
39.152,1,-35.4166,1.6619,-1.2390
39.163,1,-35.4161,1.6618,-1.2396
39.174,1,-35.4157,1.6618,-1.2401
39.186,1,-35.4153,1.6618,-1.2405
39.197,1,-35.4150,1.6618,-1.2408
39.209,1,-35.4147,1.6618,-1.2410
39.219,1,-35.4144,1.6620,-1.2414
39.230,1,-35.4142,1.6619,-1.2417
39.242,1,-35.4140,1.6618,-1.2419
39.253,1,-35.4138,1.6617,-1.2420
39.264,1,-35.4138,1.6616,-1.2420
39.275,1,-35.4136,1.6615,-1.2420
39.286,1,-35.4134,1.6615,-1.2421
39.297,1,-35.4133,1.6614,-1.2423
39.308,1,-35.4132,1.6613,-1.2423
39.319,1,-35.4131,1.6613,-1.2424
39.330,1,-35.4130,1.6612,-1.2423
39.340,1,-35.4129,1.6611,-1.2422
39.351,1,-35.4127,1.6610,-1.2420
39.362,1,-35.4127,1.6609,-1.2417
39.374,1,-35.4127,1.6608,-1.2414
39.385,1,-35.4127,1.6610,-1.2411
39.396,1,-35.4127,1.6612,-1.2406
39.407,1,-35.4126,1.6620,-1.2402
39.418,1,-35.4125,1.6629,-1.2399
39.429,1,-35.4125,1.6636,-1.2394
39.440,1,-35.4125,1.6638,-1.2391
39.451,1,-35.4124,1.6639,-1.2385
39.462,1,-35.4123,1.6640,-1.2379
39.474,1,-35.4122,1.6642,-1.2374
39.485,1,-35.4120,1.6643,-1.2368
39.496,1,-35.4119,1.6646,-1.2362
39.508,1,-35.4118,1.6646,-1.2355
39.519,1,-35.4116,1.6646,-1.2351
39.531,1,-35.4116,1.6646,-1.2345
39.542,1,-35.4115,1.6646,-1.2337
39.552,1,-35.4114,1.6647,-1.2329
39.563,1,-35.4114,1.6649,-1.2322
39.575,1,-35.4114,1.6650,-1.2317
39.586,1,-35.4114,1.6651,-1.2310
39.597,1,-35.4115,1.6653,-1.2302
39.608,1,-35.4116,1.6653,-1.2295
39.619,1,-35.4117,1.6653,-1.2286
39.630,1,-35.4119,1.6653,-1.2278
39.642,1,-35.4121,1.6652,-1.2270
39.653,1,-35.4124,1.6652,-1.2262
39.664,1,-35.4126,1.6650,-1.2255
39.675,1,-35.4128,1.6650,-1.2248
39.686,1,-35.4130,1.6649,-1.2240
39.698,1,-35.4132,1.6649,-1.2233
39.709,1,-35.4134,1.6649,-1.2226
39.720,1,-35.4136,1.6649,-1.2220
39.731,1,-35.4138,1.6649,-1.2214
39.742,1,-35.4140,1.6649,-1.2206
39.753,1,-35.4142,1.6648,-1.2201
39.765,1,-35.4144,1.6648,-1.2194
39.776,1,-35.4146,1.6648,-1.2187
39.787,1,-35.4148,1.6647,-1.2180
39.798,1,-35.4151,1.6646,-1.2173
39.811,1,-35.4154,1.6646,-1.2166
39.822,1,-35.4156,1.6646,-1.2161
39.833,1,-35.4159,1.6646,-1.2154
39.845,1,-35.4162,1.6647,-1.2148
39.856,1,-35.4164,1.6648,-1.2142
39.868,1,-35.4166,1.6649,-1.2136
39.880,1,-35.4167,1.6649,-1.2132
39.892,1,-35.4169,1.6649,-1.2127
39.903,1,-35.4171,1.6649,-1.2123
39.915,1,-35.4172,1.6649,-1.2118
39.926,1,-35.4174,1.6650,-1.2113
39.937,1,-35.4175,1.6651,-1.2108
39.949,1,-35.4176,1.6651,-1.2103
39.961,1,-35.4177,1.6652,-1.2099
39.973,1,-35.4177,1.6652,-1.2096
39.983,1,-35.4178,1.6652,-1.2093
39.995,1,-35.4179,1.6652,-1.2089
40.007,1,-35.4179,1.6653,-1.2086
40.018,1,-35.4180,1.6652,-1.2083
40.029,1,-35.4180,1.6652,-1.2081
40.041,1,-35.4180,1.6651,-1.2079

# --- Trial 2 start ---
48.694,2,-39.4111,1.6337,-1.2428
48.730,2,-39.4092,1.6337,-1.2430
48.746,2,-39.4085,1.6335,-1.2432
48.758,2,-39.4072,1.6332,-1.2435
48.768,2,-39.4064,1.6330,-1.2438
48.781,2,-39.4056,1.6326,-1.2442
48.793,2,-39.4047,1.6323,-1.2447
48.805,2,-39.4038,1.6318,-1.2451
48.816,2,-39.4029,1.6311,-1.2457
48.830,2,-39.4018,1.6301,-1.2462
48.842,2,-39.4008,1.6290,-1.2468
48.854,2,-39.3989,1.6270,-1.2480
48.879,2,-39.3978,1.6253,-1.2489
48.894,2,-39.3960,1.6222,-1.2503
48.905,2,-39.3950,1.6202,-1.2511
48.916,2,-39.3940,1.6183,-1.2520
48.927,2,-39.3930,1.6166,-1.2529
48.938,2,-39.3918,1.6152,-1.2539
48.950,2,-39.3907,1.6140,-1.2550
48.963,2,-39.3897,1.6128,-1.2561
48.974,2,-39.3888,1.6111,-1.2572
48.986,2,-39.3880,1.6085,-1.2583
48.997,2,-39.3874,1.6060,-1.2594
49.008,2,-39.3863,1.6064,-1.2604
49.023,2,-39.3847,1.6076,-1.2626
49.041,2,-39.3833,1.6099,-1.2633
49.053,2,-39.3824,1.6101,-1.2641
49.064,2,-39.3812,1.6101,-1.2649
49.075,2,-39.3801,1.6105,-1.2657
49.086,2,-39.3793,1.6118,-1.2662
49.098,2,-39.3774,1.6143,-1.2675
49.110,2,-39.3769,1.6162,-1.2676
49.128,2,-39.3765,1.6178,-1.2675
49.138,2,-39.3760,1.6190,-1.2677
49.149,2,-39.3754,1.6203,-1.2680
49.161,2,-39.3748,1.6214,-1.2680
49.176,2,-39.3744,1.6228,-1.2680
49.189,2,-39.3732,1.6258,-1.2680
49.200,2,-39.3725,1.6275,-1.2677
49.215,2,-39.3720,1.6291,-1.2677
49.226,2,-39.3713,1.6303,-1.2675
49.237,2,-39.3708,1.6310,-1.2672
49.249,2,-39.3704,1.6320,-1.2664
49.260,2,-39.3700,1.6330,-1.2660
49.272,2,-39.3695,1.6343,-1.2654
49.284,2,-39.3693,1.6354,-1.2648
49.295,2,-39.3689,1.6360,-1.2641
49.307,2,-39.3686,1.6361,-1.2633
49.319,2,-39.3684,1.6359,-1.2625
49.331,2,-39.3680,1.6353,-1.2614
49.341,2,-39.3678,1.6350,-1.2606
49.353,2,-39.3673,1.6344,-1.2598
49.363,2,-39.3668,1.6341,-1.2588
49.375,2,-39.3662,1.6337,-1.2578
49.386,2,-39.3658,1.6331,-1.2566
49.398,2,-39.3652,1.6324,-1.2557
49.409,2,-39.3644,1.6319,-1.2547
49.420,2,-39.3637,1.6316,-1.2537
49.432,2,-39.3626,1.6317,-1.2529
49.443,2,-39.3608,1.6317,-1.2509
49.454,2,-39.3598,1.6320,-1.2498
49.471,2,-39.3587,1.6321,-1.2486
49.483,2,-39.3575,1.6320,-1.2475
49.494,2,-39.3564,1.6319,-1.2465
49.506,2,-39.3550,1.6319,-1.2456
49.518,2,-39.3537,1.6317,-1.2445
49.531,2,-39.3524,1.6316,-1.2434
49.541,2,-39.3511,1.6311,-1.2420
49.552,2,-39.3498,1.6308,-1.2408
49.564,2,-39.3482,1.6302,-1.2398
49.574,2,-39.3466,1.6300,-1.2387
49.585,2,-39.3449,1.6294,-1.2378
49.596,2,-39.3432,1.6289,-1.2367
49.608,2,-39.3412,1.6285,-1.2357
49.619,2,-39.3392,1.6281,-1.2347
49.630,2,-39.3373,1.6277,-1.2337
49.644,2,-39.3352,1.6272,-1.2329
49.658,2,-39.3310,1.6263,-1.2312
49.668,2,-39.3284,1.6258,-1.2305
49.682,2,-39.3258,1.6253,-1.2297
49.693,2,-39.3232,1.6247,-1.2289
49.705,2,-39.3204,1.6243,-1.2280
49.716,2,-39.3176,1.6243,-1.2273
49.729,2,-39.3144,1.6243,-1.2268
49.740,2,-39.3113,1.6245,-1.2261
49.751,2,-39.3077,1.6247,-1.2257
49.763,2,-39.3042,1.6248,-1.2252
49.775,2,-39.3005,1.6247,-1.2248
49.786,2,-39.2969,1.6245,-1.2243
49.797,2,-39.2932,1.6245,-1.2240
49.809,2,-39.2893,1.6244,-1.2238
49.820,2,-39.2853,1.6243,-1.2235
49.832,2,-39.2809,1.6239,-1.2234
49.843,2,-39.2767,1.6236,-1.2231
49.856,2,-39.2722,1.6229,-1.2231
49.867,2,-39.2678,1.6222,-1.2229
49.879,2,-39.2632,1.6216,-1.2229
49.891,2,-39.2583,1.6211,-1.2229
49.903,2,-39.2534,1.6206,-1.2231
49.914,2,-39.2484,1.6198,-1.2233
49.927,2,-39.2433,1.6190,-1.2235
49.939,2,-39.2380,1.6179,-1.2238
49.952,2,-39.2327,1.6168,-1.2240
49.965,2,-39.2272,1.6157,-1.2243
49.977,2,-39.2165,1.6139,-1.2250
49.988,2,-39.2106,1.6130,-1.2257
50.002,2,-39.2046,1.6119,-1.2262
50.015,2,-39.1984,1.6110,-1.2269
50.026,2,-39.1922,1.6101,-1.2277
50.038,2,-39.1860,1.6094,-1.2283
50.050,2,-39.1795,1.6088,-1.2292
50.061,2,-39.1729,1.6081,-1.2301
50.073,2,-39.1661,1.6075,-1.2311
50.084,2,-39.1591,1.6070,-1.2322
50.096,2,-39.1522,1.6065,-1.2333
50.107,2,-39.1451,1.6060,-1.2344
50.119,2,-39.1382,1.6058,-1.2355
50.131,2,-39.1308,1.6061,-1.2368
50.142,2,-39.1239,1.6064,-1.2379
50.154,2,-39.1165,1.6069,-1.2392
50.169,2,-39.1020,1.6078,-1.2415
50.181,2,-39.0945,1.6091,-1.2428
50.196,2,-39.0872,1.6107,-1.2439
50.208,2,-39.0796,1.6123,-1.2451
50.220,2,-39.0648,1.6147,-1.2472
50.232,2,-39.0574,1.6159,-1.2482
50.247,2,-39.0498,1.6170,-1.2492
50.263,2,-39.0426,1.6177,-1.2499
50.279,2,-39.0280,1.6193,-1.2515
50.290,2,-39.0205,1.6199,-1.2523
50.302,2,-39.0132,1.6204,-1.2529
50.314,2,-39.0058,1.6212,-1.2535
50.326,2,-38.9982,1.6221,-1.2543
50.337,2,-38.9909,1.6232,-1.2546
50.348,2,-38.9834,1.6243,-1.2550
50.360,2,-38.9759,1.6253,-1.2554
50.371,2,-38.9681,1.6263,-1.2558
50.383,2,-38.9606,1.6270,-1.2561
50.395,2,-38.9532,1.6275,-1.2564
50.406,2,-38.9458,1.6281,-1.2566
50.417,2,-38.9387,1.6285,-1.2567
50.428,2,-38.9312,1.6289,-1.2568
50.439,2,-38.9237,1.6292,-1.2571
50.450,2,-38.9161,1.6293,-1.2573
50.461,2,-38.9088,1.6292,-1.2575
50.472,2,-38.9015,1.6289,-1.2577
50.483,2,-38.8940,1.6285,-1.2579
50.494,2,-38.8868,1.6280,-1.2578
50.506,2,-38.8791,1.6272,-1.2579
50.516,2,-38.8715,1.6265,-1.2579
50.527,2,-38.8636,1.6258,-1.2581
50.539,2,-38.8559,1.6248,-1.2581
50.550,2,-38.8480,1.6236,-1.2581
50.561,2,-38.8400,1.6224,-1.2581
50.571,2,-38.8319,1.6211,-1.2581
50.582,2,-38.8236,1.6196,-1.2581
50.593,2,-38.8157,1.6181,-1.2579
50.604,2,-38.8074,1.6166,-1.2578
50.615,2,-38.7988,1.6152,-1.2578
50.626,2,-38.7902,1.6135,-1.2576
50.636,2,-38.7817,1.6119,-1.2573
50.648,2,-38.7732,1.6101,-1.2570
50.659,2,-38.7644,1.6085,-1.2566
50.670,2,-38.7555,1.6070,-1.2562
50.681,2,-38.7465,1.6058,-1.2557
50.691,2,-38.7375,1.6048,-1.2553
50.705,2,-38.7284,1.6040,-1.2548
50.716,2,-38.7193,1.6036,-1.2541
50.727,2,-38.7102,1.6031,-1.2533
50.737,2,-38.7012,1.6027,-1.2526
50.748,2,-38.6918,1.6024,-1.2519
50.759,2,-38.6824,1.6026,-1.2511
50.771,2,-38.6729,1.6031,-1.2505
50.782,2,-38.6633,1.6048,-1.2496
50.793,2,-38.6538,1.6065,-1.2489
50.804,2,-38.6441,1.6083,-1.2481
50.815,2,-38.6349,1.6101,-1.2472
50.827,2,-38.6252,1.6124,-1.2464
50.839,2,-38.6156,1.6152,-1.2457
50.850,2,-38.6058,1.6177,-1.2450
50.862,2,-38.5963,1.6200,-1.2442
50.873,2,-38.5868,1.6219,-1.2435
50.888,2,-38.5773,1.6234,-1.2428
50.903,2,-38.5581,1.6265,-1.2418
50.914,2,-38.5486,1.6280,-1.2415
50.925,2,-38.5393,1.6293,-1.2412
50.936,2,-38.5300,1.6307,-1.2411
50.948,2,-38.5207,1.6322,-1.2408
50.960,2,-38.5115,1.6337,-1.2407
50.973,2,-38.5025,1.6351,-1.2405
50.985,2,-38.4932,1.6364,-1.2405
50.997,2,-38.4842,1.6375,-1.2405
51.008,2,-38.4751,1.6385,-1.2406
51.021,2,-38.4568,1.6405,-1.2406
51.032,2,-38.4480,1.6413,-1.2406
51.047,2,-38.4393,1.6417,-1.2407
51.058,2,-38.4304,1.6421,-1.2408
51.069,2,-38.4213,1.6422,-1.2409
51.081,2,-38.4124,1.6421,-1.2410
51.092,2,-38.4033,1.6418,-1.2413
51.104,2,-38.3941,1.6414,-1.2415
51.116,2,-38.3851,1.6407,-1.2417
51.128,2,-38.3759,1.6399,-1.2418
51.139,2,-38.3666,1.6391,-1.2420
51.150,2,-38.3572,1.6381,-1.2423
51.161,2,-38.3478,1.6369,-1.2426
51.174,2,-38.3382,1.6354,-1.2428
51.186,2,-38.3288,1.6336,-1.2430
51.197,2,-38.3192,1.6317,-1.2433
51.209,2,-38.3003,1.6284,-1.2438
51.220,2,-38.2905,1.6264,-1.2441
51.236,2,-38.2804,1.6246,-1.2447
51.250,2,-38.2703,1.6231,-1.2453
51.264,2,-38.2601,1.6215,-1.2459
51.279,2,-38.2399,1.6181,-1.2472
51.292,2,-38.2297,1.6166,-1.2479
51.304,2,-38.2194,1.6155,-1.2487
51.317,2,-38.2092,1.6150,-1.2497
51.330,2,-38.1987,1.6144,-1.2508
51.344,2,-38.1779,1.6126,-1.2527
51.357,2,-38.1677,1.6121,-1.2538
51.370,2,-38.1575,1.6125,-1.2549
51.384,2,-38.1470,1.6138,-1.2562
51.397,2,-38.1367,1.6154,-1.2574
51.410,2,-38.1159,1.6178,-1.2595
51.423,2,-38.1055,1.6194,-1.2605
51.436,2,-38.0952,1.6213,-1.2614
51.448,2,-38.0849,1.6228,-1.2623
51.462,2,-38.0744,1.6243,-1.2631
51.475,2,-38.0642,1.6257,-1.2638
51.489,2,-38.0440,1.6284,-1.2651
51.504,2,-38.0341,1.6298,-1.2654
51.519,2,-38.0241,1.6313,-1.2656
51.534,2,-38.0042,1.6342,-1.2662
51.548,2,-37.9945,1.6361,-1.2663
51.563,2,-37.9851,1.6379,-1.2663
51.577,2,-37.9657,1.6411,-1.2664
51.590,2,-37.9563,1.6423,-1.2661
51.605,2,-37.9469,1.6430,-1.2658
51.620,2,-37.9276,1.6446,-1.2655
51.634,2,-37.9182,1.6449,-1.2652
51.648,2,-37.9085,1.6448,-1.2648
51.662,2,-37.8989,1.6444,-1.2646
51.676,2,-37.8799,1.6436,-1.2639
51.690,2,-37.8704,1.6419,-1.2635
51.703,2,-37.8608,1.6400,-1.2632
51.716,2,-37.8512,1.6381,-1.2629
51.729,2,-37.8416,1.6358,-1.2626
51.742,2,-37.8224,1.6320,-1.2620
51.755,2,-37.8127,1.6295,-1.2616
51.769,2,-37.8029,1.6268,-1.2613
51.783,2,-37.7927,1.6241,-1.2608
51.797,2,-37.7824,1.6215,-1.2603
51.810,2,-37.7621,1.6168,-1.2592
51.824,2,-37.7516,1.6146,-1.2583
51.837,2,-37.7410,1.6127,-1.2575
51.851,2,-37.7306,1.6109,-1.2566
51.863,2,-37.7097,1.6070,-1.2549
51.875,2,-37.6993,1.6055,-1.2538
51.890,2,-37.6887,1.6043,-1.2527
51.902,2,-37.6782,1.6038,-1.2515
51.916,2,-37.6677,1.6036,-1.2503
51.930,2,-37.6571,1.6037,-1.2490
51.944,2,-37.6358,1.6039,-1.2468
51.958,2,-37.6252,1.6056,-1.2456
51.974,2,-37.6147,1.6081,-1.2444
51.990,2,-37.5936,1.6116,-1.2420
52.010,2,-37.5831,1.6149,-1.2409
52.030,2,-37.5618,1.6194,-1.2389
52.045,2,-37.5404,1.6237,-1.2368
52.059,2,-37.5295,1.6260,-1.2359
52.074,2,-37.5189,1.6284,-1.2349
52.089,2,-37.4974,1.6328,-1.2331
52.104,2,-37.4869,1.6349,-1.2323
52.118,2,-37.4762,1.6371,-1.2316
52.134,2,-37.4552,1.6414,-1.2303
52.149,2,-37.4448,1.6432,-1.2298
52.165,2,-37.4239,1.6465,-1.2288
52.180,2,-37.4136,1.6473,-1.2285
52.197,2,-37.4032,1.6478,-1.2281
52.213,2,-37.3827,1.6490,-1.2271
52.227,2,-37.3725,1.6490,-1.2265
52.241,2,-37.3519,1.6491,-1.2256
52.255,2,-37.3415,1.6482,-1.2252
52.275,2,-37.3310,1.6469,-1.2250
52.288,2,-37.3104,1.6451,-1.2242
52.303,2,-37.3000,1.6434,-1.2239
52.316,2,-37.2896,1.6416,-1.2235
52.330,2,-37.2791,1.6396,-1.2233
52.346,2,-37.2581,1.6358,-1.2228
52.361,2,-37.2475,1.6334,-1.2228
52.375,2,-37.2261,1.6295,-1.2227
52.390,2,-37.2152,1.6276,-1.2228
52.404,2,-37.2044,1.6260,-1.2231
52.418,2,-37.1934,1.6245,-1.2235
52.433,2,-37.1716,1.6213,-1.2240
52.446,2,-37.1607,1.6200,-1.2243
52.461,2,-37.1497,1.6194,-1.2250
52.475,2,-37.1278,1.6178,-1.2260
52.490,2,-37.1169,1.6173,-1.2268
52.503,2,-37.1061,1.6172,-1.2275
52.517,2,-37.0952,1.6183,-1.2284
52.531,2,-37.0736,1.6201,-1.2299
52.546,2,-37.0631,1.6221,-1.2307
52.560,2,-37.0526,1.6240,-1.2313
52.576,2,-37.0315,1.6275,-1.2325
52.590,2,-37.0210,1.6296,-1.2331
52.604,2,-37.0106,1.6316,-1.2334
52.620,2,-36.9898,1.6351,-1.2342
52.633,2,-36.9795,1.6373,-1.2344
52.647,2,-36.9691,1.6396,-1.2346
52.661,2,-36.9590,1.6419,-1.2347
52.676,2,-36.9387,1.6462,-1.2349
52.690,2,-36.9289,1.6482,-1.2349
52.705,2,-36.9192,1.6500,-1.2348
52.719,2,-36.8996,1.6536,-1.2347
52.733,2,-36.8901,1.6547,-1.2345
52.750,2,-36.8808,1.6551,-1.2341
52.764,2,-36.8618,1.6569,-1.2337
52.776,2,-36.8525,1.6573,-1.2335
52.790,2,-36.8433,1.6572,-1.2333
52.803,2,-36.8341,1.6569,-1.2332
52.816,2,-36.8249,1.6565,-1.2328
52.829,2,-36.8062,1.6557,-1.2323
52.842,2,-36.7968,1.6545,-1.2319
52.856,2,-36.7875,1.6530,-1.2316
52.869,2,-36.7783,1.6515,-1.2312
52.884,2,-36.7690,1.6498,-1.2308
52.897,2,-36.7502,1.6469,-1.2301
52.910,2,-36.7408,1.6445,-1.2296
52.923,2,-36.7313,1.6421,-1.2292
52.936,2,-36.7218,1.6397,-1.2286
52.949,2,-36.7121,1.6374,-1.2280
52.962,2,-36.6928,1.6334,-1.2267
52.975,2,-36.6830,1.6317,-1.2259
52.991,2,-36.6730,1.6303,-1.2250
53.004,2,-36.6633,1.6291,-1.2240
53.017,2,-36.6536,1.6280,-1.2230
53.031,2,-36.6343,1.6257,-1.2209
53.044,2,-36.6248,1.6249,-1.2197
53.056,2,-36.6154,1.6240,-1.2183
53.067,2,-36.6061,1.6232,-1.2169
53.078,2,-36.5966,1.6228,-1.2155
53.089,2,-36.5871,1.6233,-1.2140
53.100,2,-36.5775,1.6243,-1.2126
53.111,2,-36.5681,1.6256,-1.2112
53.123,2,-36.5584,1.6271,-1.2097
53.134,2,-36.5487,1.6290,-1.2083
53.145,2,-36.5391,1.6310,-1.2070
53.156,2,-36.5295,1.6330,-1.2057
53.167,2,-36.5200,1.6347,-1.2044
53.179,2,-36.5103,1.6360,-1.2031
53.190,2,-36.5007,1.6371,-1.2019
53.202,2,-36.4912,1.6385,-1.2009
53.213,2,-36.4818,1.6401,-1.2000
53.225,2,-36.4725,1.6420,-1.1992
53.236,2,-36.4633,1.6437,-1.1983
53.247,2,-36.4543,1.6452,-1.1977
53.263,2,-36.4453,1.6468,-1.1971
53.278,2,-36.4273,1.6500,-1.1959
53.289,2,-36.4185,1.6516,-1.1955
53.301,2,-36.4100,1.6528,-1.1951
53.312,2,-36.4016,1.6539,-1.1946
53.323,2,-36.3931,1.6548,-1.1943
53.335,2,-36.3846,1.6554,-1.1939
53.346,2,-36.3762,1.6560,-1.1936
53.357,2,-36.3677,1.6565,-1.1933
53.369,2,-36.3593,1.6569,-1.1930
53.380,2,-36.3510,1.6571,-1.1927
53.391,2,-36.3429,1.6572,-1.1924
53.403,2,-36.3345,1.6571,-1.1922
53.414,2,-36.3260,1.6568,-1.1919
53.425,2,-36.3178,1.6562,-1.1909
53.436,2,-36.3092,1.6557,-1.1905
53.448,2,-36.3006,1.6549,-1.1901
53.459,2,-36.2919,1.6542,-1.1898
53.471,2,-36.2832,1.6533,-1.1894
53.484,2,-36.2746,1.6520,-1.1891
53.495,2,-36.2660,1.6506,-1.1887
53.506,2,-36.2576,1.6490,-1.1884
53.518,2,-36.2492,1.6474,-1.1881
53.529,2,-36.2322,1.6446,-1.1876
53.541,2,-36.2237,1.6432,-1.1875
53.557,2,-36.2151,1.6419,-1.1877
53.573,2,-36.2063,1.6405,-1.1878
53.588,2,-36.1890,1.6379,-1.1880
53.598,2,-36.1802,1.6369,-1.1883
53.612,2,-36.1713,1.6363,-1.1886
53.624,2,-36.1625,1.6358,-1.1889
53.636,2,-36.1539,1.6353,-1.1893
53.647,2,-36.1451,1.6347,-1.1896
53.658,2,-36.1364,1.6341,-1.1899
53.669,2,-36.1276,1.6333,-1.1903
53.680,2,-36.1189,1.6327,-1.1907
53.692,2,-36.1102,1.6329,-1.1911
53.703,2,-36.1016,1.6337,-1.1916
53.715,2,-36.0932,1.6347,-1.1920
53.727,2,-36.0847,1.6354,-1.1924
53.737,2,-36.0761,1.6362,-1.1928
53.748,2,-36.0675,1.6375,-1.1932
53.759,2,-36.0590,1.6392,-1.1935
53.770,2,-36.0506,1.6410,-1.1938
53.782,2,-36.0422,1.6430,-1.1940
53.793,2,-36.0339,1.6447,-1.1941
53.803,2,-36.0255,1.6461,-1.1943
53.815,2,-36.0173,1.6472,-1.1944
53.826,2,-36.0091,1.6483,-1.1943
53.837,2,-36.0008,1.6494,-1.1942
53.848,2,-35.9929,1.6506,-1.1938
53.858,2,-35.9849,1.6518,-1.1935
53.872,2,-35.9770,1.6529,-1.1931
53.883,2,-35.9691,1.6539,-1.1929
53.893,2,-35.9613,1.6550,-1.1924
53.903,2,-35.9537,1.6562,-1.1920
53.914,2,-35.9462,1.6572,-1.1915
53.925,2,-35.9388,1.6580,-1.1909
53.937,2,-35.9317,1.6586,-1.1901
53.948,2,-35.9246,1.6590,-1.1894
53.959,2,-35.9174,1.6594,-1.1888
53.970,2,-35.9104,1.6597,-1.1881
53.981,2,-35.9034,1.6602,-1.1873
53.991,2,-35.8967,1.6604,-1.1864
54.003,2,-35.8898,1.6606,-1.1856
54.014,2,-35.8831,1.6607,-1.1847
54.026,2,-35.8765,1.6605,-1.1838
54.036,2,-35.8698,1.6604,-1.1829
54.047,2,-35.8633,1.6601,-1.1819
54.058,2,-35.8568,1.6599,-1.1809
54.069,2,-35.8502,1.6595,-1.1799
54.081,2,-35.8438,1.6590,-1.1788
54.091,2,-35.8374,1.6586,-1.1777
54.102,2,-35.8309,1.6579,-1.1765
54.113,2,-35.8246,1.6572,-1.1753
54.124,2,-35.8182,1.6565,-1.1741
54.135,2,-35.8120,1.6557,-1.1728
54.146,2,-35.8057,1.6549,-1.1715
54.158,2,-35.7997,1.6540,-1.1702
54.169,2,-35.7935,1.6530,-1.1688
54.181,2,-35.7873,1.6519,-1.1674
54.192,2,-35.7812,1.6507,-1.1660
54.202,2,-35.7750,1.6495,-1.1646
54.214,2,-35.7689,1.6482,-1.1630
54.228,2,-35.7628,1.6470,-1.1615
54.240,2,-35.7567,1.6457,-1.1598
54.251,2,-35.7508,1.6445,-1.1581
54.263,2,-35.7448,1.6433,-1.1565
54.274,2,-35.7390,1.6422,-1.1546
54.286,2,-35.7332,1.6411,-1.1528
54.297,2,-35.7275,1.6401,-1.1510
54.308,2,-35.7218,1.6391,-1.1491
54.318,2,-35.7161,1.6382,-1.1473
54.329,2,-35.7104,1.6376,-1.1454
54.340,2,-35.7047,1.6374,-1.1434
54.351,2,-35.6990,1.6376,-1.1414
54.362,2,-35.6933,1.6379,-1.1393
54.373,2,-35.6877,1.6383,-1.1372
54.383,2,-35.6820,1.6392,-1.1351
54.394,2,-35.6765,1.6403,-1.1331
54.406,2,-35.6711,1.6419,-1.1313
54.417,2,-35.6657,1.6434,-1.1292
54.429,2,-35.6604,1.6447,-1.1271
54.440,2,-35.6551,1.6459,-1.1253
54.450,2,-35.6498,1.6470,-1.1233
54.461,2,-35.6445,1.6482,-1.1215
54.472,2,-35.6392,1.6494,-1.1196
54.482,2,-35.6340,1.6506,-1.1178
54.493,2,-35.6289,1.6516,-1.1159
54.508,2,-35.6239,1.6524,-1.1143
54.523,2,-35.6137,1.6542,-1.1109
54.535,2,-35.6088,1.6551,-1.1093
54.547,2,-35.6036,1.6560,-1.1078
54.558,2,-35.5986,1.6570,-1.1061
54.568,2,-35.5936,1.6579,-1.1046
54.582,2,-35.5888,1.6589,-1.1032
54.593,2,-35.5841,1.6599,-1.1020
54.603,2,-35.5794,1.6609,-1.1008
54.614,2,-35.5749,1.6618,-1.0995
54.625,2,-35.5705,1.6625,-1.0984
54.636,2,-35.5662,1.6632,-1.0973
54.648,2,-35.5619,1.6638,-1.0963
54.659,2,-35.5579,1.6643,-1.0953
54.671,2,-35.5539,1.6647,-1.0944
54.682,2,-35.5500,1.6650,-1.0938
54.694,2,-35.5464,1.6653,-1.0930
54.705,2,-35.5429,1.6655,-1.0922
54.717,2,-35.5395,1.6656,-1.0914
54.729,2,-35.5362,1.6657,-1.0907
54.740,2,-35.5329,1.6659,-1.0900
54.752,2,-35.5298,1.6661,-1.0894
54.763,2,-35.5267,1.6664,-1.0889
54.774,2,-35.5237,1.6666,-1.0885
54.786,2,-35.5209,1.6668,-1.0880
54.797,2,-35.5183,1.6670,-1.0878
54.809,2,-35.5157,1.6671,-1.0876
54.821,2,-35.5133,1.6671,-1.0874
54.833,2,-35.5110,1.6671,-1.0872
54.844,2,-35.5090,1.6671,-1.0871
54.854,2,-35.5070,1.6670,-1.0870
54.867,2,-35.5051,1.6669,-1.0872
54.878,2,-35.5034,1.6668,-1.0873
54.889,2,-35.5016,1.6666,-1.0874
54.901,2,-35.5001,1.6663,-1.0876
54.912,2,-35.4985,1.6661,-1.0878
54.923,2,-35.4972,1.6657,-1.0882
54.933,2,-35.4958,1.6654,-1.0885
54.944,2,-35.4945,1.6651,-1.0889
54.954,2,-35.4934,1.6649,-1.0896
54.966,2,-35.4923,1.6646,-1.0901
54.977,2,-35.4912,1.6643,-1.0908
54.988,2,-35.4902,1.6640,-1.0913
55.000,2,-35.4893,1.6636,-1.0919
55.011,2,-35.4884,1.6632,-1.0926
55.023,2,-35.4876,1.6628,-1.0933
55.034,2,-35.4867,1.6627,-1.0940
55.045,2,-35.4860,1.6630,-1.0948
55.056,2,-35.4852,1.6633,-1.0957
55.067,2,-35.4844,1.6635,-1.0966
55.079,2,-35.4838,1.6638,-1.0975
55.090,2,-35.4831,1.6638,-1.0984
55.101,2,-35.4823,1.6639,-1.0970
55.112,2,-35.4816,1.6641,-1.0980
55.124,2,-35.4808,1.6643,-1.0987
55.135,2,-35.4801,1.6644,-1.0997
55.146,2,-35.4794,1.6644,-1.1008
55.157,2,-35.4787,1.6643,-1.1019
55.168,2,-35.4780,1.6643,-1.1030
55.179,2,-35.4774,1.6643,-1.1042
55.190,2,-35.4769,1.6642,-1.1054
55.201,2,-35.4763,1.6642,-1.1067
55.213,2,-35.4757,1.6641,-1.1080
55.223,2,-35.4752,1.6641,-1.1093
55.234,2,-35.4746,1.6641,-1.1106
55.245,2,-35.4740,1.6641,-1.1120
55.256,2,-35.4734,1.6641,-1.1135
55.268,2,-35.4729,1.6642,-1.1151
55.279,2,-35.4724,1.6642,-1.1164
55.290,2,-35.4719,1.6643,-1.1179
55.301,2,-35.4714,1.6643,-1.1194
55.312,2,-35.4709,1.6643,-1.1209
55.323,2,-35.4704,1.6643,-1.1226
55.335,2,-35.4699,1.6642,-1.1241
55.346,2,-35.4695,1.6641,-1.1257
55.358,2,-35.4690,1.6640,-1.1273
55.369,2,-35.4684,1.6640,-1.1289
55.380,2,-35.4679,1.6641,-1.1306
55.390,2,-35.4674,1.6641,-1.1322
55.402,2,-35.4668,1.6640,-1.1340
55.414,2,-35.4663,1.6640,-1.1356
55.425,2,-35.4658,1.6638,-1.1371
55.437,2,-35.4653,1.6637,-1.1388
55.448,2,-35.4647,1.6635,-1.1405
55.459,2,-35.4642,1.6633,-1.1422
55.470,2,-35.4637,1.6631,-1.1439
55.481,2,-35.4632,1.6628,-1.1457
55.491,2,-35.4627,1.6625,-1.1474
55.503,2,-35.4622,1.6622,-1.1491
55.515,2,-35.4616,1.6618,-1.1508
55.526,2,-35.4611,1.6614,-1.1524
55.538,2,-35.4607,1.6611,-1.1541
55.550,2,-35.4601,1.6609,-1.1557
55.561,2,-35.4596,1.6607,-1.1573
55.573,2,-35.4590,1.6606,-1.1588
55.584,2,-35.4584,1.6605,-1.1603
55.596,2,-35.4578,1.6604,-1.1617
55.607,2,-35.4572,1.6604,-1.1631
55.620,2,-35.4565,1.6603,-1.1643
55.631,2,-35.4560,1.6603,-1.1656
55.642,2,-35.4554,1.6603,-1.1667
55.654,2,-35.4548,1.6603,-1.1678
55.665,2,-35.4541,1.6603,-1.1689
55.677,2,-35.4536,1.6603,-1.1699
55.688,2,-35.4529,1.6604,-1.1709
55.700,2,-35.4523,1.6605,-1.1717
55.711,2,-35.4518,1.6606,-1.1725
55.723,2,-35.4512,1.6607,-1.1733
55.735,2,-35.4507,1.6608,-1.1740
55.745,2,-35.4501,1.6609,-1.1747
55.757,2,-35.4496,1.6609,-1.1753
55.768,2,-35.4490,1.6609,-1.1759
55.779,2,-35.4483,1.6610,-1.1765
55.791,2,-35.4477,1.6610,-1.1771
55.802,2,-35.4470,1.6612,-1.1776
55.814,2,-35.4463,1.6613,-1.1779
55.825,2,-35.4457,1.6614,-1.1784
55.836,2,-35.4450,1.6615,-1.1788
55.847,2,-35.4444,1.6615,-1.1792
55.858,2,-35.4439,1.6613,-1.1795
55.869,2,-35.4434,1.6612,-1.1798
55.881,2,-35.4429,1.6610,-1.1802
55.892,2,-35.4425,1.6608,-1.1805
55.903,2,-35.4420,1.6607,-1.1807
55.914,2,-35.4416,1.6605,-1.1809
55.925,2,-35.4413,1.6601,-1.1811
55.937,2,-35.4409,1.6597,-1.1813
55.948,2,-35.4405,1.6594,-1.1814
55.959,2,-35.4402,1.6592,-1.1815
55.970,2,-35.4398,1.6592,-1.1816
55.981,2,-35.4394,1.6592,-1.1816
55.993,2,-35.4391,1.6591,-1.1815
56.004,2,-35.4387,1.6591,-1.1815
56.016,2,-35.4384,1.6592,-1.1813
56.028,2,-35.4381,1.6593,-1.1811
56.039,2,-35.4377,1.6595,-1.1808
56.051,2,-35.4374,1.6596,-1.1805
56.062,2,-35.4371,1.6594,-1.1801
56.074,2,-35.4368,1.6593,-1.1798
56.086,2,-35.4365,1.6592,-1.1793
56.097,2,-35.4361,1.6591,-1.1786
56.109,2,-35.4358,1.6589,-1.1782
56.121,2,-35.4356,1.6587,-1.1778
56.133,2,-35.4353,1.6584,-1.1774
56.144,2,-35.4351,1.6581,-1.1772
56.155,2,-35.4349,1.6579,-1.1768

# --- Trial 3 start ---
65.520,3,-39.4976,1.6357,-1.2504
65.560,3,-39.4980,1.6361,-1.2550
65.582,3,-39.4984,1.6362,-1.2582
65.595,3,-39.4989,1.6364,-1.2613
65.606,3,-39.4991,1.6364,-1.2629
65.617,3,-39.4992,1.6364,-1.2645
65.628,3,-39.4995,1.6363,-1.2661
65.641,3,-39.4997,1.6362,-1.2677
65.658,3,-39.5002,1.6362,-1.2708
65.669,3,-39.5005,1.6361,-1.2724
65.683,3,-39.5009,1.6360,-1.2739
65.695,3,-39.5011,1.6359,-1.2754
65.711,3,-39.5016,1.6356,-1.2768
65.722,3,-39.5019,1.6354,-1.2783
65.733,3,-39.5025,1.6352,-1.2811
65.744,3,-39.5030,1.6351,-1.2824
65.761,3,-39.5033,1.6349,-1.2835
65.772,3,-39.5038,1.6347,-1.2847
65.783,3,-39.5044,1.6346,-1.2858
65.795,3,-39.5049,1.6346,-1.2868
65.807,3,-39.5054,1.6346,-1.2879
65.819,3,-39.5060,1.6346,-1.2887
65.831,3,-39.5064,1.6345,-1.2896
65.841,3,-39.5070,1.6344,-1.2903
65.853,3,-39.5075,1.6343,-1.2912
65.864,3,-39.5079,1.6343,-1.2919
65.875,3,-39.5084,1.6343,-1.2926
65.886,3,-39.5088,1.6345,-1.2932
65.898,3,-39.5092,1.6345,-1.2938
65.909,3,-39.5096,1.6346,-1.2944
65.920,3,-39.5102,1.6349,-1.2948
65.932,3,-39.5106,1.6349,-1.2952
65.943,3,-39.5111,1.6351,-1.2955
65.954,3,-39.5115,1.6353,-1.2958
65.965,3,-39.5119,1.6356,-1.2959
65.977,3,-39.5122,1.6358,-1.2960
65.988,3,-39.5125,1.6360,-1.2961
66.000,3,-39.5128,1.6361,-1.2961
66.012,3,-39.5131,1.6361,-1.2959
66.024,3,-39.5138,1.6362,-1.2957
66.035,3,-39.5141,1.6361,-1.2954
66.051,3,-39.5144,1.6360,-1.2949
66.063,3,-39.5147,1.6359,-1.2943
66.075,3,-39.5150,1.6358,-1.2937
66.086,3,-39.5153,1.6356,-1.2930
66.097,3,-39.5156,1.6354,-1.2923
66.108,3,-39.5159,1.6354,-1.2915
66.119,3,-39.5160,1.6357,-1.2905
66.131,3,-39.5162,1.6363,-1.2895
66.143,3,-39.5163,1.6367,-1.2883
66.154,3,-39.5166,1.6369,-1.2871
66.165,3,-39.5169,1.6371,-1.2858
66.176,3,-39.5171,1.6372,-1.2845
66.187,3,-39.5174,1.6371,-1.2831
66.200,3,-39.5176,1.6371,-1.2815
66.210,3,-39.5178,1.6370,-1.2800
66.222,3,-39.5180,1.6369,-1.2783
66.233,3,-39.5182,1.6369,-1.2766
66.245,3,-39.5184,1.6368,-1.2749
66.257,3,-39.5186,1.6367,-1.2731
66.268,3,-39.5188,1.6365,-1.2713
66.280,3,-39.5191,1.6363,-1.2693
66.291,3,-39.5193,1.6361,-1.2675
66.302,3,-39.5194,1.6359,-1.2656
66.313,3,-39.5196,1.6357,-1.2636
66.325,3,-39.5200,1.6353,-1.2597
66.336,3,-39.5204,1.6350,-1.2576
66.353,3,-39.5206,1.6347,-1.2556
66.364,3,-39.5207,1.6343,-1.2535
66.375,3,-39.5208,1.6340,-1.2515
66.388,3,-39.5208,1.6338,-1.2495
66.402,3,-39.5206,1.6336,-1.2474
66.413,3,-39.5205,1.6334,-1.2454
66.424,3,-39.5203,1.6332,-1.2435
66.435,3,-39.5201,1.6329,-1.2416
66.447,3,-39.5198,1.6325,-1.2398
66.457,3,-39.5195,1.6321,-1.2380
66.469,3,-39.5191,1.6317,-1.2363
66.480,3,-39.5186,1.6313,-1.2347
66.491,3,-39.5180,1.6312,-1.2331
66.506,3,-39.5169,1.6311,-1.2303
66.522,3,-39.5160,1.6314,-1.2293
66.533,3,-39.5154,1.6315,-1.2281
66.544,3,-39.5147,1.6316,-1.2271
66.556,3,-39.5139,1.6317,-1.2262
66.568,3,-39.5123,1.6319,-1.2243
66.580,3,-39.5114,1.6322,-1.2235
66.597,3,-39.5104,1.6326,-1.2232
66.608,3,-39.5094,1.6327,-1.2227
66.620,3,-39.5084,1.6328,-1.2223
66.632,3,-39.5074,1.6329,-1.2219
66.644,3,-39.5064,1.6329,-1.2216
66.656,3,-39.5055,1.6330,-1.2212
66.668,3,-39.5035,1.6331,-1.2205
66.680,3,-39.5024,1.6330,-1.2203
66.695,3,-39.5014,1.6327,-1.2202
66.707,3,-39.5004,1.6322,-1.2200
66.719,3,-39.4994,1.6316,-1.2197
66.731,3,-39.4984,1.6309,-1.2195
66.743,3,-39.4975,1.6299,-1.2192
66.755,3,-39.4966,1.6287,-1.2189
66.767,3,-39.4957,1.6275,-1.2187
66.779,3,-39.4948,1.6262,-1.2185
66.792,3,-39.4931,1.6237,-1.2181
66.803,3,-39.4923,1.6220,-1.2179
66.817,3,-39.4916,1.6199,-1.2177
66.830,3,-39.4909,1.6178,-1.2176
66.841,3,-39.4903,1.6159,-1.2173
66.853,3,-39.4896,1.6141,-1.2171
66.865,3,-39.4891,1.6121,-1.2169
66.877,3,-39.4886,1.6101,-1.2166
66.889,3,-39.4882,1.6081,-1.2163
66.902,3,-39.4872,1.6045,-1.2159
66.913,3,-39.4868,1.6031,-1.2157
66.928,3,-39.4864,1.6024,-1.2157
66.940,3,-39.4860,1.6015,-1.2156
66.952,3,-39.4857,1.6005,-1.2156
66.964,3,-39.4854,1.5994,-1.2156
66.976,3,-39.4852,1.5983,-1.2156
66.989,3,-39.4852,1.5974,-1.2156
67.000,3,-39.4853,1.5967,-1.2156
67.013,3,-39.4848,1.5986,-1.2158
67.025,3,-39.4845,1.6016,-1.2160
67.040,3,-39.4840,1.6051,-1.2161
67.052,3,-39.4836,1.6070,-1.2160
67.064,3,-39.4833,1.6085,-1.2160
67.075,3,-39.4826,1.6105,-1.2163
67.089,3,-39.4824,1.6131,-1.2162
67.101,3,-39.4823,1.6157,-1.2162
67.114,3,-39.4822,1.6184,-1.2159
67.126,3,-39.4822,1.6226,-1.2156
67.137,3,-39.4819,1.6242,-1.2152
67.151,3,-39.4818,1.6257,-1.2148
67.163,3,-39.4814,1.6272,-1.2144
67.175,3,-39.4807,1.6287,-1.2140
67.186,3,-39.4801,1.6304,-1.2138
67.198,3,-39.4794,1.6319,-1.2135
67.210,3,-39.4788,1.6336,-1.2132
67.222,3,-39.4781,1.6345,-1.2129
67.235,3,-39.4767,1.6364,-1.2120
67.247,3,-39.4759,1.6361,-1.2114
67.262,3,-39.4753,1.6360,-1.2105
67.273,3,-39.4747,1.6362,-1.2102
67.285,3,-39.4740,1.6365,-1.2096
67.296,3,-39.4732,1.6365,-1.2090
67.307,3,-39.4724,1.6364,-1.2081
67.318,3,-39.4715,1.6364,-1.2074
67.330,3,-39.4706,1.6360,-1.2067
67.341,3,-39.4697,1.6360,-1.2060
67.353,3,-39.4687,1.6359,-1.2055
67.364,3,-39.4674,1.6360,-1.2049
67.375,3,-39.4660,1.6361,-1.2043
67.387,3,-39.4646,1.6359,-1.2034
67.398,3,-39.4630,1.6360,-1.2027
67.409,3,-39.4614,1.6359,-1.2021
67.421,3,-39.4597,1.6358,-1.2016
67.432,3,-39.4579,1.6360,-1.2012
67.443,3,-39.4560,1.6361,-1.2006
67.453,3,-39.4540,1.6361,-1.2002
67.464,3,-39.4518,1.6357,-1.1995
67.475,3,-39.4494,1.6353,-1.1990
67.486,3,-39.4470,1.6347,-1.1985
67.497,3,-39.4445,1.6339,-1.1979
67.509,3,-39.4419,1.6330,-1.1974
67.521,3,-39.4391,1.6322,-1.1969
67.532,3,-39.4363,1.6317,-1.1965
67.544,3,-39.4335,1.6313,-1.1960
67.555,3,-39.4304,1.6308,-1.1956
67.567,3,-39.4274,1.6299,-1.1955
67.579,3,-39.4242,1.6291,-1.1952
67.591,3,-39.4208,1.6288,-1.1952
67.602,3,-39.4174,1.6282,-1.1951
67.613,3,-39.4139,1.6281,-1.1949
67.625,3,-39.4102,1.6278,-1.1950
67.637,3,-39.4064,1.6276,-1.1949
67.649,3,-39.4026,1.6271,-1.1947
67.660,3,-39.3985,1.6270,-1.1946
67.672,3,-39.3941,1.6269,-1.1949
67.684,3,-39.3901,1.6264,-1.1949
67.695,3,-39.3858,1.6257,-1.1948
67.707,3,-39.3814,1.6246,-1.1947
67.718,3,-39.3768,1.6237,-1.1949
67.730,3,-39.3721,1.6229,-1.1952
67.742,3,-39.3673,1.6220,-1.1954
67.755,3,-39.3619,1.6211,-1.1957
67.766,3,-39.3567,1.6200,-1.1957
67.779,3,-39.3512,1.6187,-1.1960
67.790,3,-39.3407,1.6162,-1.1964
67.802,3,-39.3350,1.6149,-1.1968
67.817,3,-39.3287,1.6135,-1.1972
67.830,3,-39.3223,1.6124,-1.1977
67.841,3,-39.3160,1.6112,-1.1982
67.853,3,-39.3094,1.6098,-1.1987
67.864,3,-39.3028,1.6082,-1.1992
67.877,3,-39.2961,1.6067,-1.1998
67.889,3,-39.2893,1.6053,-1.2006
67.901,3,-39.2823,1.6039,-1.2013
67.913,3,-39.2680,1.6012,-1.2029
67.924,3,-39.2601,1.6000,-1.2039
67.941,3,-39.2519,1.5992,-1.2050
67.953,3,-39.2439,1.5981,-1.2061
67.965,3,-39.2357,1.5975,-1.2073
67.976,3,-39.2274,1.5970,-1.2086
67.988,3,-39.2188,1.5968,-1.2100
68.000,3,-39.2102,1.5965,-1.2114
68.012,3,-39.2015,1.5962,-1.2127
68.024,3,-39.1928,1.5961,-1.2142
68.036,3,-39.1840,1.5962,-1.2158
68.048,3,-39.1751,1.5967,-1.2175
68.060,3,-39.1661,1.5979,-1.2190
68.071,3,-39.1568,1.5996,-1.2209
68.085,3,-39.1476,1.6006,-1.2224
68.098,3,-39.1292,1.6030,-1.2256
68.110,3,-39.1205,1.6049,-1.2269
68.126,3,-39.1113,1.6073,-1.2283
68.138,3,-39.1023,1.6092,-1.2297
68.150,3,-39.0931,1.6107,-1.2311
68.162,3,-39.0842,1.6119,-1.2322
68.174,3,-39.0752,1.6129,-1.2331
68.185,3,-39.0665,1.6137,-1.2339
68.197,3,-39.0578,1.6149,-1.2347
68.208,3,-39.0491,1.6162,-1.2354
68.220,3,-39.0403,1.6176,-1.2360
68.233,3,-39.0312,1.6193,-1.2366
68.249,3,-39.0133,1.6225,-1.2377
68.265,3,-39.0048,1.6238,-1.2379
68.277,3,-38.9960,1.6249,-1.2382
68.290,3,-38.9784,1.6272,-1.2388
68.301,3,-38.9697,1.6278,-1.2389
68.316,3,-38.9608,1.6284,-1.2391
68.328,3,-38.9521,1.6288,-1.2390
68.339,3,-38.9431,1.6292,-1.2389
68.351,3,-38.9343,1.6292,-1.2389
68.362,3,-38.9254,1.6291,-1.2388
68.374,3,-38.9163,1.6284,-1.2387
68.386,3,-38.9072,1.6275,-1.2386
68.397,3,-38.8981,1.6264,-1.2384
68.410,3,-38.8890,1.6251,-1.2380
68.425,3,-38.8706,1.6228,-1.2375
68.436,3,-38.8612,1.6213,-1.2372
68.449,3,-38.8514,1.6192,-1.2370
68.460,3,-38.8419,1.6171,-1.2368
68.471,3,-38.8321,1.6147,-1.2365
68.483,3,-38.8224,1.6121,-1.2359
68.494,3,-38.8125,1.6098,-1.2355
68.505,3,-38.8026,1.6073,-1.2348
68.516,3,-38.7925,1.6050,-1.2343
68.528,3,-38.7821,1.6027,-1.2338
68.541,3,-38.7718,1.6005,-1.2332
68.553,3,-38.7612,1.5985,-1.2326
68.564,3,-38.7510,1.5968,-1.2317
68.575,3,-38.7408,1.5955,-1.2310
68.585,3,-38.7307,1.5943,-1.2302
68.597,3,-38.7202,1.5938,-1.2292
68.609,3,-38.7097,1.5936,-1.2285
68.620,3,-38.6993,1.5933,-1.2276
68.631,3,-38.6885,1.5935,-1.2268
68.642,3,-38.6781,1.5944,-1.2258
68.653,3,-38.6675,1.5957,-1.2249
68.664,3,-38.6568,1.5978,-1.2239
68.676,3,-38.6459,1.5999,-1.2230
68.687,3,-38.6347,1.6025,-1.2222
68.698,3,-38.6238,1.6050,-1.2215
68.708,3,-38.6127,1.6077,-1.2208
68.719,3,-38.6016,1.6106,-1.2202
68.729,3,-38.5907,1.6130,-1.2195
68.740,3,-38.5797,1.6154,-1.2190
68.752,3,-38.5688,1.6175,-1.2186
68.763,3,-38.5577,1.6195,-1.2184
68.774,3,-38.5468,1.6215,-1.2181
68.785,3,-38.5359,1.6233,-1.2179
68.796,3,-38.5250,1.6252,-1.2177
68.807,3,-38.5144,1.6270,-1.2174
68.819,3,-38.5035,1.6290,-1.2173
68.830,3,-38.4927,1.6310,-1.2173
68.841,3,-38.4817,1.6329,-1.2175
68.853,3,-38.4709,1.6345,-1.2176
68.865,3,-38.4604,1.6357,-1.2177
68.876,3,-38.4501,1.6369,-1.2179
68.887,3,-38.4395,1.6377,-1.2180
68.898,3,-38.4290,1.6386,-1.2182
68.910,3,-38.4185,1.6390,-1.2184
68.922,3,-38.4079,1.6393,-1.2187
68.934,3,-38.3868,1.6402,-1.2191
68.945,3,-38.3760,1.6399,-1.2194
68.962,3,-38.3655,1.6390,-1.2197
68.973,3,-38.3548,1.6380,-1.2201
68.985,3,-38.3443,1.6368,-1.2204
68.996,3,-38.3337,1.6354,-1.2208
69.008,3,-38.3227,1.6339,-1.2212
69.020,3,-38.3119,1.6322,-1.2215
69.032,3,-38.3009,1.6301,-1.2219
69.043,3,-38.2901,1.6281,-1.2222
69.055,3,-38.2787,1.6254,-1.2226
69.067,3,-38.2562,1.6208,-1.2235
69.079,3,-38.2447,1.6182,-1.2240
69.095,3,-38.2329,1.6158,-1.2248
69.107,3,-38.2211,1.6136,-1.2255
69.120,3,-38.2093,1.6117,-1.2262
69.132,3,-38.1978,1.6098,-1.2269
69.144,3,-38.1858,1.6079,-1.2278
69.157,3,-38.1624,1.6046,-1.2295
69.168,3,-38.1507,1.6035,-1.2305
69.183,3,-38.1386,1.6039,-1.2316
69.194,3,-38.1267,1.6041,-1.2327
69.207,3,-38.1146,1.6057,-1.2339
69.219,3,-38.1026,1.6078,-1.2350
69.230,3,-38.0904,1.6107,-1.2361
69.242,3,-38.0783,1.6135,-1.2372
69.254,3,-38.0664,1.6162,-1.2381
69.266,3,-38.0544,1.6188,-1.2389
69.278,3,-38.0426,1.6212,-1.2396
69.290,3,-38.0309,1.6234,-1.2402
69.302,3,-38.0079,1.6273,-1.2414
69.313,3,-37.9967,1.6290,-1.2418
69.329,3,-37.9858,1.6305,-1.2420
69.340,3,-37.9750,1.6321,-1.2423
69.352,3,-37.9641,1.6336,-1.2426
69.364,3,-37.9533,1.6353,-1.2428
69.376,3,-37.9424,1.6372,-1.2429
69.388,3,-37.9314,1.6390,-1.2432
69.400,3,-37.9205,1.6407,-1.2433
69.411,3,-37.9096,1.6422,-1.2434
69.422,3,-37.8986,1.6433,-1.2434
69.432,3,-37.8879,1.6443,-1.2433
69.443,3,-37.8773,1.6449,-1.2431
69.454,3,-37.8666,1.6455,-1.2429
69.465,3,-37.8557,1.6458,-1.2427
69.475,3,-37.8449,1.6461,-1.2425
69.487,3,-37.8344,1.6459,-1.2422
69.498,3,-37.8238,1.6454,-1.2419
69.508,3,-37.8131,1.6447,-1.2416
69.519,3,-37.8024,1.6439,-1.2412
69.531,3,-37.7918,1.6426,-1.2408
69.542,3,-37.7811,1.6413,-1.2404
69.553,3,-37.7703,1.6397,-1.2401
69.564,3,-37.7594,1.6378,-1.2397
69.575,3,-37.7485,1.6357,-1.2393
69.586,3,-37.7375,1.6334,-1.2388
69.600,3,-37.7265,1.6305,-1.2382
69.611,3,-37.7156,1.6280,-1.2376
69.622,3,-37.7046,1.6253,-1.2370
69.633,3,-37.6937,1.6229,-1.2364
69.644,3,-37.6827,1.6205,-1.2357
69.655,3,-37.6716,1.6182,-1.2350
69.667,3,-37.6605,1.6160,-1.2342
69.678,3,-37.6492,1.6139,-1.2334
69.689,3,-37.6381,1.6122,-1.2327
69.700,3,-37.6269,1.6107,-1.2318
69.710,3,-37.6157,1.6095,-1.2310
69.721,3,-37.6044,1.6086,-1.2301
69.732,3,-37.5931,1.6081,-1.2293
69.743,3,-37.5817,1.6079,-1.2284
69.754,3,-37.5705,1.6086,-1.2274
69.764,3,-37.5592,1.6097,-1.2264
69.776,3,-37.5480,1.6120,-1.2255
69.788,3,-37.5366,1.6143,-1.2245
69.799,3,-37.5253,1.6167,-1.2236
69.810,3,-37.5137,1.6190,-1.2227
69.822,3,-37.5022,1.6216,-1.2219
69.833,3,-37.4909,1.6239,-1.2212
69.844,3,-37.4794,1.6259,-1.2204
69.856,3,-37.4680,1.6279,-1.2198
69.867,3,-37.4453,1.6318,-1.2185
69.879,3,-37.4340,1.6341,-1.2181
69.896,3,-37.4228,1.6367,-1.2179
69.908,3,-37.4116,1.6391,-1.2176
69.919,3,-37.4007,1.6413,-1.2174
69.930,3,-37.3897,1.6434,-1.2172
69.942,3,-37.3787,1.6452,-1.2172
69.954,3,-37.3678,1.6467,-1.2172
69.969,3,-37.3571,1.6479,-1.2173
69.982,3,-37.3355,1.6504,-1.2174
69.993,3,-37.3250,1.6512,-1.2174
70.004,3,-37.3145,1.6519,-1.2176
70.015,3,-37.3040,1.6522,-1.2177
70.027,3,-37.2934,1.6523,-1.2180
70.038,3,-37.2827,1.6519,-1.2183
70.050,3,-37.2721,1.6511,-1.2187
70.061,3,-37.2614,1.6503,-1.2190
70.072,3,-37.2507,1.6491,-1.2193
70.085,3,-37.2397,1.6477,-1.2197
70.097,3,-37.2289,1.6465,-1.2201
70.109,3,-37.2180,1.6448,-1.2205
70.123,3,-37.1962,1.6415,-1.2213
70.134,3,-37.1855,1.6390,-1.2218
70.149,3,-37.1748,1.6360,-1.2222
70.161,3,-37.1641,1.6335,-1.2228
70.172,3,-37.1533,1.6311,-1.2233
70.184,3,-37.1424,1.6290,-1.2239
70.195,3,-37.1314,1.6271,-1.2246
70.207,3,-37.1205,1.6253,-1.2253
70.219,3,-37.1098,1.6236,-1.2261
70.231,3,-37.0991,1.6220,-1.2270
70.242,3,-37.0883,1.6204,-1.2280
70.253,3,-37.0777,1.6194,-1.2290
70.265,3,-37.0671,1.6186,-1.2300
70.277,3,-37.0565,1.6181,-1.2310
70.289,3,-37.0351,1.6165,-1.2329
70.300,3,-37.0244,1.6166,-1.2340
70.315,3,-37.0136,1.6182,-1.2352
70.326,3,-37.0029,1.6201,-1.2364
70.337,3,-36.9923,1.6219,-1.2375
70.349,3,-36.9815,1.6237,-1.2386
70.361,3,-36.9708,1.6258,-1.2396
70.373,3,-36.9601,1.6279,-1.2407
70.385,3,-36.9494,1.6302,-1.2416
70.397,3,-36.9387,1.6322,-1.2423
70.408,3,-36.9282,1.6341,-1.2429
70.419,3,-36.9176,1.6361,-1.2435
70.430,3,-36.9072,1.6383,-1.2439
70.443,3,-36.8971,1.6407,-1.2442
70.457,3,-36.8762,1.6455,-1.2450
70.468,3,-36.8660,1.6481,-1.2451
70.482,3,-36.8560,1.6506,-1.2453
70.494,3,-36.8460,1.6528,-1.2455
70.505,3,-36.8360,1.6548,-1.2456
70.517,3,-36.8262,1.6564,-1.2457
70.529,3,-36.8165,1.6577,-1.2456
70.540,3,-36.8066,1.6586,-1.2457
70.551,3,-36.7968,1.6593,-1.2457
70.562,3,-36.7870,1.6596,-1.2457
70.573,3,-36.7772,1.6598,-1.2457
70.585,3,-36.7675,1.6596,-1.2458
70.596,3,-36.7577,1.6591,-1.2459
70.607,3,-36.7478,1.6584,-1.2459
70.619,3,-36.7379,1.6573,-1.2459
70.629,3,-36.7281,1.6560,-1.2458
70.640,3,-36.7181,1.6545,-1.2457
70.651,3,-36.7082,1.6529,-1.2457
70.662,3,-36.6982,1.6512,-1.2457
70.672,3,-36.6883,1.6494,-1.2455
70.684,3,-36.6783,1.6474,-1.2454
70.695,3,-36.6683,1.6453,-1.2452
70.706,3,-36.6583,1.6431,-1.2450
70.717,3,-36.6483,1.6407,-1.2448
70.728,3,-36.6383,1.6383,-1.2444
70.740,3,-36.6284,1.6360,-1.2440
70.751,3,-36.6183,1.6340,-1.2437
70.762,3,-36.6082,1.6323,-1.2432
70.772,3,-36.5982,1.6306,-1.2427
70.783,3,-36.5881,1.6290,-1.2422
70.794,3,-36.5781,1.6279,-1.2415
70.805,3,-36.5679,1.6271,-1.2409
70.816,3,-36.5578,1.6265,-1.2403
70.828,3,-36.5474,1.6261,-1.2396
70.839,3,-36.5368,1.6253,-1.2389
70.850,3,-36.5264,1.6246,-1.2381
70.862,3,-36.5159,1.6246,-1.2374
70.874,3,-36.5054,1.6256,-1.2367
70.886,3,-36.4952,1.6271,-1.2360
70.897,3,-36.4849,1.6281,-1.2354
70.908,3,-36.4746,1.6297,-1.2349
70.920,3,-36.4644,1.6320,-1.2345
70.933,3,-36.4543,1.6348,-1.2341
70.945,3,-36.4443,1.6368,-1.2338
70.956,3,-36.4341,1.6384,-1.2335
70.967,3,-36.4239,1.6397,-1.2333
70.979,3,-36.4137,1.6411,-1.2331
70.990,3,-36.4035,1.6428,-1.2331
71.002,3,-36.3934,1.6449,-1.2332
71.013,3,-36.3834,1.6469,-1.2332
71.025,3,-36.3736,1.6488,-1.2332
71.037,3,-36.3639,1.6506,-1.2334
71.049,3,-36.3545,1.6525,-1.2337
71.061,3,-36.3450,1.6542,-1.2341
71.072,3,-36.3356,1.6557,-1.2344
71.084,3,-36.3264,1.6570,-1.2347
71.095,3,-36.3172,1.6581,-1.2351
71.107,3,-36.3083,1.6592,-1.2355
71.121,3,-36.2992,1.6602,-1.2359
71.133,3,-36.2902,1.6610,-1.2362
71.145,3,-36.2723,1.6626,-1.2369
71.156,3,-36.2635,1.6629,-1.2372
71.172,3,-36.2548,1.6627,-1.2376
71.184,3,-36.2459,1.6625,-1.2380
71.196,3,-36.2371,1.6621,-1.2383
71.208,3,-36.2283,1.6615,-1.2387
71.219,3,-36.2197,1.6606,-1.2389
71.231,3,-36.2111,1.6595,-1.2392
71.243,3,-36.2025,1.6583,-1.2395
71.254,3,-36.1939,1.6566,-1.2398
71.266,3,-36.1853,1.6550,-1.2401
71.277,3,-36.1763,1.6531,-1.2404
71.288,3,-36.1673,1.6511,-1.2408
71.299,3,-36.1586,1.6492,-1.2412
71.310,3,-36.1495,1.6474,-1.2416
71.321,3,-36.1404,1.6458,-1.2421
71.332,3,-36.1313,1.6443,-1.2425
71.343,3,-36.1222,1.6428,-1.2432
71.358,3,-36.1131,1.6411,-1.2438
71.369,3,-36.1039,1.6396,-1.2445
71.380,3,-36.0948,1.6385,-1.2453
71.392,3,-36.0856,1.6377,-1.2460
71.402,3,-36.0765,1.6369,-1.2468
71.413,3,-36.0674,1.6363,-1.2476
71.424,3,-36.0584,1.6354,-1.2484
71.437,3,-36.0495,1.6346,-1.2492
71.448,3,-36.0405,1.6343,-1.2501
71.459,3,-36.0318,1.6349,-1.2510
71.471,3,-36.0235,1.6358,-1.2519
71.482,3,-36.0148,1.6363,-1.2527
71.493,3,-36.0065,1.6369,-1.2535
71.505,3,-35.9980,1.6376,-1.2544
71.517,3,-35.9898,1.6386,-1.2552
71.529,3,-35.9814,1.6398,-1.2559
71.541,3,-35.9731,1.6413,-1.2565
71.554,3,-35.9650,1.6426,-1.2571
71.566,3,-35.9489,1.6451,-1.2583
71.577,3,-35.9411,1.6463,-1.2587
71.593,3,-35.9335,1.6475,-1.2591
71.606,3,-35.9258,1.6487,-1.2593
71.617,3,-35.9180,1.6497,-1.2596
71.628,3,-35.9105,1.6508,-1.2598
71.640,3,-35.9029,1.6520,-1.2600
71.651,3,-35.8954,1.6532,-1.2601
71.662,3,-35.8879,1.6547,-1.2602
71.674,3,-35.8804,1.6561,-1.2602
71.685,3,-35.8730,1.6573,-1.2601
71.696,3,-35.8657,1.6584,-1.2599
71.707,3,-35.8584,1.6592,-1.2598
71.719,3,-35.8512,1.6598,-1.2596
71.729,3,-35.8441,1.6604,-1.2594
71.740,3,-35.8371,1.6609,-1.2591
71.751,3,-35.8299,1.6614,-1.2587
71.764,3,-35.8227,1.6616,-1.2584
71.774,3,-35.8156,1.6619,-1.2580
71.785,3,-35.8086,1.6619,-1.2573
71.796,3,-35.8017,1.6618,-1.2567
71.808,3,-35.7949,1.6617,-1.2563
71.819,3,-35.7882,1.6614,-1.2556
71.831,3,-35.7815,1.6610,-1.2549
71.842,3,-35.7749,1.6605,-1.2542
71.854,3,-35.7684,1.6598,-1.2535
71.866,3,-35.7619,1.6593,-1.2529
71.878,3,-35.7555,1.6587,-1.2521
71.889,3,-35.7491,1.6580,-1.2511
71.901,3,-35.7426,1.6573,-1.2504
71.913,3,-35.7363,1.6563,-1.2494
71.924,3,-35.7300,1.6553,-1.2485
71.936,3,-35.7237,1.6538,-1.2474
71.947,3,-35.7176,1.6524,-1.2465
71.958,3,-35.7115,1.6509,-1.2453
71.970,3,-35.7057,1.6495,-1.2441
71.981,3,-35.6998,1.6482,-1.2430
71.992,3,-35.6942,1.6469,-1.2416
72.003,3,-35.6886,1.6455,-1.2403
72.015,3,-35.6830,1.6441,-1.2388
72.027,3,-35.6775,1.6428,-1.2374
72.038,3,-35.6721,1.6416,-1.2358
72.050,3,-35.6669,1.6405,-1.2343
72.061,3,-35.6617,1.6396,-1.2328
72.072,3,-35.6565,1.6387,-1.2313
72.083,3,-35.6511,1.6383,-1.2297
72.095,3,-35.6458,1.6384,-1.2280
72.106,3,-35.6404,1.6387,-1.2263
72.119,3,-35.6351,1.6398,-1.2245
72.131,3,-35.6297,1.6410,-1.2227
72.143,3,-35.6245,1.6426,-1.2211
72.159,3,-35.6191,1.6447,-1.2192
72.173,3,-35.6089,1.6474,-1.2160
72.185,3,-35.6039,1.6486,-1.2137
72.196,3,-35.5989,1.6498,-1.2121
72.208,3,-35.5941,1.6509,-1.2107
72.220,3,-35.5891,1.6520,-1.2093
72.231,3,-35.5842,1.6528,-1.2079
72.243,3,-35.5794,1.6535,-1.2065
72.255,3,-35.5746,1.6541,-1.2053
72.266,3,-35.5699,1.6547,-1.2041
72.278,3,-35.5652,1.6553,-1.2030
72.290,3,-35.5606,1.6560,-1.2019
72.301,3,-35.5561,1.6568,-1.2009
72.313,3,-35.5517,1.6574,-1.2000
72.325,3,-35.5475,1.6579,-1.1992
72.337,3,-35.5434,1.6584,-1.1984
72.349,3,-35.5395,1.6590,-1.1978
72.361,3,-35.5357,1.6598,-1.1971
72.372,3,-35.5319,1.6607,-1.1966
72.383,3,-35.5283,1.6615,-1.1961
72.395,3,-35.5248,1.6622,-1.1957
72.406,3,-35.5213,1.6629,-1.1955
72.418,3,-35.5179,1.6635,-1.1951
72.430,3,-35.5147,1.6641,-1.1948
72.441,3,-35.5116,1.6648,-1.1946
72.454,3,-35.5052,1.6660,-1.1940
72.464,3,-35.5025,1.6666,-1.1939
72.483,3,-35.4999,1.6669,-1.1941
72.494,3,-35.4971,1.6673,-1.1941
72.506,3,-35.4946,1.6677,-1.1942
72.518,3,-35.4920,1.6680,-1.1943
72.530,3,-35.4896,1.6683,-1.1944
72.541,3,-35.4873,1.6684,-1.1946
72.553,3,-35.4825,1.6689,-1.1952
72.565,3,-35.4804,1.6689,-1.1956
72.581,3,-35.4786,1.6685,-1.1960
72.592,3,-35.4767,1.6683,-1.1965
72.603,3,-35.4750,1.6679,-1.1971
72.615,3,-35.4734,1.6676,-1.1977
72.632,3,-35.4719,1.6671,-1.1984
72.647,3,-35.4687,1.6665,-1.1995
72.658,3,-35.4673,1.6664,-1.2001
72.669,3,-35.4660,1.6666,-1.2009
72.680,3,-35.4647,1.6669,-1.2016
72.691,3,-35.4634,1.6673,-1.2025
72.702,3,-35.4622,1.6675,-1.2033
72.713,3,-35.4609,1.6676,-1.2042
72.725,3,-35.4596,1.6678,-1.2049
72.737,3,-35.4584,1.6678,-1.2057
72.748,3,-35.4571,1.6678,-1.2063
72.759,3,-35.4559,1.6676,-1.2068
72.771,3,-35.4547,1.6676,-1.2073
72.786,3,-35.4535,1.6674,-1.2079
72.799,3,-35.4511,1.6671,-1.2093
72.810,3,-35.4500,1.6668,-1.2103
72.824,3,-35.4489,1.6665,-1.2110
72.836,3,-35.4479,1.6662,-1.2117
72.847,3,-35.4470,1.6658,-1.2125
72.858,3,-35.4460,1.6656,-1.2133
72.870,3,-35.4451,1.6653,-1.2139
72.880,3,-35.4442,1.6649,-1.2147
72.891,3,-35.4434,1.6646,-1.2154
72.902,3,-35.4427,1.6642,-1.2161
72.912,3,-35.4419,1.6639,-1.2168
72.924,3,-35.4412,1.6636,-1.2173
72.940,3,-35.4406,1.6634,-1.2180
72.953,3,-35.4391,1.6629,-1.2192
72.963,3,-35.4384,1.6628,-1.2197
72.979,3,-35.4377,1.6627,-1.2202
72.990,3,-35.4370,1.6627,-1.2207
73.001,3,-35.4363,1.6626,-1.2212
73.012,3,-35.4357,1.6626,-1.2216
73.023,3,-35.4350,1.6626,-1.2221
73.035,3,-35.4344,1.6626,-1.2225
73.046,3,-35.4337,1.6625,-1.2229
73.058,3,-35.4331,1.6625,-1.2233
73.068,3,-35.4326,1.6624,-1.2237
73.080,3,-35.4321,1.6622,-1.2241
73.091,3,-35.4316,1.6622,-1.2247
73.102,3,-35.4311,1.6621,-1.2252
73.114,3,-35.4307,1.6620,-1.2255
73.126,3,-35.4303,1.6620,-1.2259
73.137,3,-35.4300,1.6619,-1.2262
73.149,3,-35.4297,1.6618,-1.2265
73.161,3,-35.4294,1.6619,-1.2267
73.173,3,-35.4290,1.6619,-1.2270
73.184,3,-35.4288,1.6620,-1.2273
73.195,3,-35.4285,1.6620,-1.2276
73.206,3,-35.4282,1.6620,-1.2280
73.219,3,-35.4279,1.6620,-1.2283
73.230,3,-35.4277,1.6620,-1.2286
73.242,3,-35.4275,1.6621,-1.2286
73.253,3,-35.4273,1.6622,-1.2288

# --- Trial 4 start ---
81.490,4,-39.4069,1.6411,-1.3109
81.525,4,-39.4064,1.6409,-1.3107
81.542,4,-39.4058,1.6408,-1.3104
81.554,4,-39.4052,1.6406,-1.3099
81.564,4,-39.4049,1.6405,-1.3095
81.578,4,-39.4047,1.6404,-1.3089
81.590,4,-39.4043,1.6403,-1.3082
81.602,4,-39.4040,1.6401,-1.3075
81.613,4,-39.4034,1.6398,-1.3068
81.625,4,-39.4031,1.6395,-1.3059
81.641,4,-39.4026,1.6390,-1.3047
81.660,4,-39.4020,1.6384,-1.3026
81.677,4,-39.4011,1.6384,-1.3002
81.688,4,-39.4007,1.6385,-1.2988
81.705,4,-39.4002,1.6388,-1.2970
81.716,4,-39.3997,1.6387,-1.2955
81.728,4,-39.3992,1.6385,-1.2939
81.739,4,-39.3988,1.6385,-1.2924
81.750,4,-39.3984,1.6383,-1.2907
81.761,4,-39.3979,1.6381,-1.2890
81.773,4,-39.3973,1.6377,-1.2872
81.784,4,-39.3968,1.6374,-1.2855
81.796,4,-39.3962,1.6370,-1.2837
81.808,4,-39.3956,1.6367,-1.2819
81.819,4,-39.3950,1.6362,-1.2802
81.831,4,-39.3943,1.6358,-1.2785
81.841,4,-39.3937,1.6353,-1.2769
81.852,4,-39.3930,1.6348,-1.2752
81.864,4,-39.3923,1.6342,-1.2734
81.876,4,-39.3915,1.6337,-1.2717
81.887,4,-39.3906,1.6332,-1.2701
81.898,4,-39.3898,1.6327,-1.2684
81.909,4,-39.3890,1.6322,-1.2669
81.920,4,-39.3881,1.6317,-1.2654
81.932,4,-39.3871,1.6315,-1.2640
81.943,4,-39.3861,1.6314,-1.2626
81.954,4,-39.3851,1.6311,-1.2614
81.965,4,-39.3841,1.6310,-1.2602
81.977,4,-39.3831,1.6311,-1.2591
81.988,4,-39.3820,1.6312,-1.2581
81.999,4,-39.3809,1.6315,-1.2572
82.010,4,-39.3797,1.6318,-1.2564
82.022,4,-39.3786,1.6319,-1.2556
82.033,4,-39.3774,1.6321,-1.2549
82.044,4,-39.3762,1.6322,-1.2541
82.056,4,-39.3750,1.6325,-1.2535
82.067,4,-39.3739,1.6326,-1.2530
82.078,4,-39.3728,1.6326,-1.2524
82.091,4,-39.3716,1.6326,-1.2520
82.102,4,-39.3704,1.6326,-1.2516
82.113,4,-39.3693,1.6327,-1.2513
82.124,4,-39.3680,1.6328,-1.2510
82.135,4,-39.3668,1.6328,-1.2508
82.146,4,-39.3655,1.6326,-1.2505
82.158,4,-39.3644,1.6324,-1.2502
82.169,4,-39.3631,1.6320,-1.2501
82.180,4,-39.3620,1.6315,-1.2499
82.191,4,-39.3608,1.6311,-1.2498
82.202,4,-39.3596,1.6304,-1.2496
82.213,4,-39.3584,1.6296,-1.2495
82.225,4,-39.3572,1.6285,-1.2494
82.236,4,-39.3561,1.6273,-1.2493
82.248,4,-39.3551,1.6259,-1.2493
82.259,4,-39.3541,1.6245,-1.2492
82.272,4,-39.3532,1.6227,-1.2491
82.283,4,-39.3523,1.6210,-1.2491
82.295,4,-39.3514,1.6191,-1.2490
82.306,4,-39.3506,1.6171,-1.2491
82.318,4,-39.3489,1.6129,-1.2491
82.328,4,-39.3482,1.6102,-1.2492
82.345,4,-39.3477,1.6076,-1.2495
82.356,4,-39.3472,1.6055,-1.2497
82.367,4,-39.3466,1.6036,-1.2499
82.379,4,-39.3461,1.6018,-1.2502
82.391,4,-39.3456,1.6000,-1.2505
82.402,4,-39.3451,1.5984,-1.2508
82.414,4,-39.3443,1.5971,-1.2514
82.424,4,-39.3438,1.5962,-1.2520
82.439,4,-39.3433,1.5955,-1.2526
82.453,4,-39.3427,1.5930,-1.2536
82.464,4,-39.3430,1.5915,-1.2542
82.478,4,-39.3426,1.5927,-1.2549
82.490,4,-39.3424,1.5946,-1.2558
82.501,4,-39.3420,1.5973,-1.2565
82.513,4,-39.3414,1.5994,-1.2571
82.525,4,-39.3409,1.6013,-1.2577
82.538,4,-39.3403,1.6032,-1.2583
82.549,4,-39.3399,1.6055,-1.2588
82.561,4,-39.3396,1.6086,-1.2594
82.572,4,-39.3390,1.6115,-1.2597
82.584,4,-39.3387,1.6142,-1.2599
82.597,4,-39.3381,1.6166,-1.2599
82.612,4,-39.3376,1.6189,-1.2599
82.624,4,-39.3369,1.6213,-1.2600
82.635,4,-39.3359,1.6235,-1.2600
82.647,4,-39.3348,1.6257,-1.2600
82.659,4,-39.3331,1.6299,-1.2604
82.671,4,-39.3319,1.6319,-1.2602
82.687,4,-39.3304,1.6331,-1.2604
82.699,4,-39.3291,1.6339,-1.2601
82.712,4,-39.3277,1.6345,-1.2600
82.723,4,-39.3265,1.6347,-1.2595
82.735,4,-39.3252,1.6352,-1.2594
82.748,4,-39.3241,1.6353,-1.2590
82.760,4,-39.3229,1.6355,-1.2587
82.772,4,-39.3204,1.6357,-1.2582
82.782,4,-39.3191,1.6352,-1.2576
82.799,4,-39.3177,1.6344,-1.2571
82.810,4,-39.3163,1.6341,-1.2566
82.822,4,-39.3150,1.6341,-1.2561
82.834,4,-39.3136,1.6339,-1.2555
82.845,4,-39.3122,1.6336,-1.2548
82.857,4,-39.3107,1.6331,-1.2541
82.868,4,-39.3089,1.6327,-1.2534
82.880,4,-39.3074,1.6324,-1.2527
82.892,4,-39.3057,1.6323,-1.2521
82.903,4,-39.3041,1.6320,-1.2513
82.915,4,-39.3024,1.6318,-1.2505
82.927,4,-39.3007,1.6315,-1.2497
82.940,4,-39.2974,1.6307,-1.2478
82.952,4,-39.2957,1.6304,-1.2470
82.967,4,-39.2938,1.6300,-1.2460
82.978,4,-39.2919,1.6299,-1.2452
82.989,4,-39.2900,1.6295,-1.2443
83.001,4,-39.2880,1.6290,-1.2433
83.013,4,-39.2860,1.6281,-1.2422
83.024,4,-39.2840,1.6275,-1.2413
83.036,4,-39.2819,1.6268,-1.2403
83.049,4,-39.2797,1.6262,-1.2393
83.060,4,-39.2773,1.6255,-1.2385
83.072,4,-39.2751,1.6245,-1.2375
83.083,4,-39.2727,1.6236,-1.2365
83.095,4,-39.2703,1.6225,-1.2356
83.106,4,-39.2677,1.6218,-1.2347
83.118,4,-39.2651,1.6211,-1.2340
83.130,4,-39.2623,1.6205,-1.2332
83.142,4,-39.2594,1.6199,-1.2326
83.153,4,-39.2565,1.6193,-1.2319
83.164,4,-39.2534,1.6188,-1.2314
83.176,4,-39.2504,1.6183,-1.2308
83.188,4,-39.2472,1.6181,-1.2305
83.200,4,-39.2440,1.6179,-1.2301
83.211,4,-39.2404,1.6180,-1.2299
83.222,4,-39.2371,1.6177,-1.2297
83.234,4,-39.2336,1.6172,-1.2295
83.246,4,-39.2297,1.6168,-1.2294
83.258,4,-39.2260,1.6164,-1.2292
83.269,4,-39.2221,1.6162,-1.2293
83.281,4,-39.2181,1.6158,-1.2293
83.292,4,-39.2140,1.6155,-1.2293
83.303,4,-39.2098,1.6150,-1.2293
83.314,4,-39.2056,1.6144,-1.2293
83.325,4,-39.2010,1.6138,-1.2297
83.337,4,-39.1964,1.6131,-1.2299
83.348,4,-39.1918,1.6125,-1.2302
83.358,4,-39.1870,1.6119,-1.2306
83.370,4,-39.1818,1.6113,-1.2311
83.380,4,-39.1766,1.6105,-1.2315
83.391,4,-39.1713,1.6097,-1.2320
83.402,4,-39.1658,1.6088,-1.2326
83.413,4,-39.1603,1.6078,-1.2332
83.424,4,-39.1545,1.6069,-1.2338
83.435,4,-39.1485,1.6062,-1.2346
83.446,4,-39.1423,1.6053,-1.2354
83.457,4,-39.1361,1.6045,-1.2361
83.469,4,-39.1298,1.6036,-1.2369
83.480,4,-39.1235,1.6026,-1.2376
83.491,4,-39.1170,1.6019,-1.2384
83.502,4,-39.1103,1.6013,-1.2392
83.514,4,-39.1035,1.6008,-1.2400
83.525,4,-39.0966,1.6002,-1.2409
83.537,4,-39.0893,1.5997,-1.2419
83.547,4,-39.0819,1.5994,-1.2428
83.559,4,-39.0746,1.5991,-1.2438
83.570,4,-39.0673,1.5990,-1.2447
83.586,4,-39.0595,1.5992,-1.2458
83.598,4,-39.0446,1.5996,-1.2481
83.609,4,-39.0371,1.6008,-1.2493
83.626,4,-39.0289,1.6032,-1.2506
83.638,4,-39.0210,1.6050,-1.2518
83.649,4,-39.0129,1.6072,-1.2529
83.661,4,-39.0046,1.6094,-1.2541
83.672,4,-38.9963,1.6115,-1.2553
83.684,4,-38.9881,1.6134,-1.2564
83.696,4,-38.9799,1.6152,-1.2575
83.708,4,-38.9718,1.6167,-1.2585
83.719,4,-38.9639,1.6179,-1.2592
83.731,4,-38.9558,1.6191,-1.2601
83.742,4,-38.9474,1.6203,-1.2608
83.754,4,-38.9389,1.6217,-1.2617
83.765,4,-38.9305,1.6230,-1.2623
83.776,4,-38.9219,1.6244,-1.2629
83.788,4,-38.9135,1.6258,-1.2633
83.799,4,-38.9053,1.6272,-1.2635
83.811,4,-38.8970,1.6285,-1.2638
83.822,4,-38.8887,1.6297,-1.2640
83.834,4,-38.8804,1.6306,-1.2640
83.846,4,-38.8721,1.6315,-1.2642
83.857,4,-38.8636,1.6324,-1.2645
83.868,4,-38.8554,1.6332,-1.2646
83.880,4,-38.8472,1.6339,-1.2646
83.891,4,-38.8391,1.6347,-1.2647
83.903,4,-38.8308,1.6349,-1.2647
83.915,4,-38.8220,1.6351,-1.2648
83.927,4,-38.8134,1.6348,-1.2647
83.938,4,-38.8045,1.6343,-1.2647
83.949,4,-38.7959,1.6335,-1.2645
83.962,4,-38.7868,1.6325,-1.2644
83.974,4,-38.7777,1.6313,-1.2642
83.986,4,-38.7681,1.6298,-1.2640
83.998,4,-38.7591,1.6282,-1.2639
84.009,4,-38.7498,1.6264,-1.2638
84.020,4,-38.7404,1.6244,-1.2636
84.032,4,-38.7310,1.6221,-1.2633
84.043,4,-38.7214,1.6198,-1.2630
84.055,4,-38.7117,1.6174,-1.2627
84.067,4,-38.7015,1.6151,-1.2624
84.079,4,-38.6917,1.6128,-1.2620
84.091,4,-38.6725,1.6085,-1.2611
84.102,4,-38.6627,1.6065,-1.2605
84.120,4,-38.6527,1.6048,-1.2597
84.131,4,-38.6426,1.6036,-1.2590
84.143,4,-38.6325,1.6026,-1.2582
84.155,4,-38.6222,1.6019,-1.2575
84.166,4,-38.6119,1.6014,-1.2566
84.178,4,-38.6014,1.6013,-1.2557
84.190,4,-38.5912,1.6011,-1.2547
84.201,4,-38.5807,1.6013,-1.2537
84.213,4,-38.5702,1.6018,-1.2527
84.224,4,-38.5597,1.6033,-1.2516
84.236,4,-38.5493,1.6053,-1.2507
84.249,4,-38.5386,1.6071,-1.2496
84.262,4,-38.5175,1.6103,-1.2476
84.274,4,-38.5069,1.6124,-1.2466
84.287,4,-38.4961,1.6146,-1.2458
84.298,4,-38.4854,1.6166,-1.2449
84.310,4,-38.4745,1.6182,-1.2443
84.321,4,-38.4637,1.6196,-1.2436
84.332,4,-38.4531,1.6211,-1.2430
84.344,4,-38.4424,1.6228,-1.2425
84.355,4,-38.4318,1.6243,-1.2420
84.366,4,-38.4211,1.6260,-1.2415
84.377,4,-38.4106,1.6276,-1.2411
84.388,4,-38.4001,1.6294,-1.2408
84.398,4,-38.3897,1.6313,-1.2405
84.410,4,-38.3794,1.6332,-1.2403
84.421,4,-38.3688,1.6349,-1.2402
84.433,4,-38.3584,1.6362,-1.2401
84.445,4,-38.3478,1.6375,-1.2401
84.456,4,-38.3374,1.6386,-1.2401
84.471,4,-38.3269,1.6394,-1.2403
84.484,4,-38.3063,1.6411,-1.2403
84.495,4,-38.2959,1.6413,-1.2403
84.510,4,-38.2858,1.6407,-1.2404
84.521,4,-38.2756,1.6399,-1.2405
84.532,4,-38.2652,1.6386,-1.2406
84.544,4,-38.2550,1.6372,-1.2407
84.556,4,-38.2445,1.6355,-1.2408
84.567,4,-38.2341,1.6335,-1.2410
84.577,4,-38.2236,1.6317,-1.2411
84.589,4,-38.2132,1.6292,-1.2413
84.600,4,-38.2027,1.6268,-1.2416
84.611,4,-38.1919,1.6244,-1.2419
84.624,4,-38.1813,1.6218,-1.2422
84.638,4,-38.1701,1.6189,-1.2426
84.649,4,-38.1591,1.6165,-1.2429
84.660,4,-38.1475,1.6143,-1.2434
84.671,4,-38.1358,1.6122,-1.2438
84.683,4,-38.1247,1.6103,-1.2444
84.694,4,-38.1129,1.6082,-1.2450
84.705,4,-38.1011,1.6062,-1.2458
84.715,4,-38.0893,1.6045,-1.2465
84.728,4,-38.0775,1.6034,-1.2474
84.740,4,-38.0655,1.6026,-1.2482
84.752,4,-38.0536,1.6022,-1.2491
84.763,4,-38.0416,1.6019,-1.2499
84.775,4,-38.0295,1.6018,-1.2509
84.787,4,-38.0173,1.6025,-1.2519
84.799,4,-38.0046,1.6040,-1.2529
84.811,4,-37.9924,1.6061,-1.2538
84.822,4,-37.9802,1.6084,-1.2547
84.834,4,-37.9679,1.6107,-1.2556
84.846,4,-37.9558,1.6131,-1.2565
84.857,4,-37.9440,1.6154,-1.2573
84.868,4,-37.9319,1.6179,-1.2580
84.879,4,-37.9199,1.6202,-1.2587
84.891,4,-37.9079,1.6222,-1.2592
84.902,4,-37.8960,1.6243,-1.2597
84.914,4,-37.8843,1.6265,-1.2602
84.926,4,-37.8726,1.6287,-1.2606
84.937,4,-37.8612,1.6309,-1.2608
84.949,4,-37.8381,1.6352,-1.2614
84.960,4,-37.8265,1.6375,-1.2614
84.977,4,-37.8152,1.6393,-1.2612
84.988,4,-37.8040,1.6409,-1.2612
85.000,4,-37.7928,1.6424,-1.2611
85.011,4,-37.7818,1.6434,-1.2609
85.022,4,-37.7709,1.6442,-1.2606
85.033,4,-37.7599,1.6449,-1.2604
85.045,4,-37.7491,1.6452,-1.2601
85.058,4,-37.7382,1.6452,-1.2598
85.070,4,-37.7274,1.6448,-1.2594
85.081,4,-37.7165,1.6444,-1.2590
85.092,4,-37.7051,1.6435,-1.2587
85.104,4,-37.6937,1.6424,-1.2583
85.114,4,-37.6823,1.6410,-1.2578
85.126,4,-37.6709,1.6392,-1.2573
85.138,4,-37.6594,1.6372,-1.2567
85.149,4,-37.6478,1.6349,-1.2561
85.161,4,-37.6361,1.6325,-1.2555
85.173,4,-37.6245,1.6298,-1.2547
85.184,4,-37.6127,1.6269,-1.2540
85.195,4,-37.6009,1.6241,-1.2531
85.206,4,-37.5890,1.6213,-1.2522
85.218,4,-37.5771,1.6185,-1.2513
85.230,4,-37.5652,1.6158,-1.2502
85.241,4,-37.5533,1.6133,-1.2492
85.254,4,-37.5414,1.6112,-1.2481
85.267,4,-37.5295,1.6095,-1.2469
85.279,4,-37.5176,1.6082,-1.2457
85.291,4,-37.5055,1.6072,-1.2445
85.302,4,-37.4939,1.6067,-1.2432
85.313,4,-37.4823,1.6061,-1.2418
85.324,4,-37.4705,1.6057,-1.2404
85.335,4,-37.4587,1.6065,-1.2389
85.347,4,-37.4473,1.6077,-1.2375
85.358,4,-37.4356,1.6097,-1.2360
85.369,4,-37.4239,1.6118,-1.2346
85.381,4,-37.4127,1.6136,-1.2331
85.392,4,-37.4013,1.6157,-1.2318
85.403,4,-37.3897,1.6178,-1.2306
85.414,4,-37.3783,1.6200,-1.2295
85.425,4,-37.3666,1.6219,-1.2285
85.435,4,-37.3550,1.6241,-1.2274
85.446,4,-37.3435,1.6264,-1.2264
85.457,4,-37.3321,1.6289,-1.2254
85.468,4,-37.3207,1.6315,-1.2247
85.479,4,-37.3093,1.6340,-1.2239
85.490,4,-37.2979,1.6366,-1.2232
85.500,4,-37.2867,1.6392,-1.2224
85.515,4,-37.2757,1.6417,-1.2218
85.526,4,-37.2646,1.6440,-1.2212
85.537,4,-37.2538,1.6460,-1.2207
85.549,4,-37.2318,1.6500,-1.2194
85.560,4,-37.2211,1.6515,-1.2189
85.576,4,-37.2105,1.6522,-1.2183
85.588,4,-37.2001,1.6528,-1.2176
85.599,4,-37.1895,1.6532,-1.2171
85.610,4,-37.1789,1.6532,-1.2165
85.621,4,-37.1683,1.6531,-1.2159
85.632,4,-37.1576,1.6527,-1.2155
85.643,4,-37.1470,1.6513,-1.2150
85.654,4,-37.1362,1.6499,-1.2144
85.665,4,-37.1255,1.6483,-1.2139
85.675,4,-37.1143,1.6466,-1.2132
85.688,4,-37.1029,1.6444,-1.2126
85.699,4,-37.0916,1.6419,-1.2119
85.710,4,-37.0801,1.6391,-1.2114
85.722,4,-37.0685,1.6363,-1.2108
85.734,4,-37.0568,1.6334,-1.2103
85.745,4,-37.0450,1.6304,-1.2099
85.757,4,-37.0332,1.6278,-1.2094
85.769,4,-37.0213,1.6255,-1.2090
85.781,4,-37.0094,1.6233,-1.2088
85.792,4,-36.9975,1.6212,-1.2086
85.803,4,-36.9856,1.6191,-1.2085
85.815,4,-36.9737,1.6172,-1.2084
85.827,4,-36.9617,1.6155,-1.2084
85.838,4,-36.9496,1.6145,-1.2085
85.850,4,-36.9375,1.6142,-1.2088
85.861,4,-36.9255,1.6139,-1.2090
85.873,4,-36.9135,1.6143,-1.2094
85.885,4,-36.9014,1.6151,-1.2097
85.896,4,-36.8895,1.6170,-1.2100
85.908,4,-36.8777,1.6193,-1.2103
85.919,4,-36.8657,1.6217,-1.2105
85.930,4,-36.8540,1.6239,-1.2107
85.942,4,-36.8423,1.6262,-1.2108
85.954,4,-36.8306,1.6283,-1.2108
85.965,4,-36.8191,1.6300,-1.2108
85.976,4,-36.8077,1.6317,-1.2106
85.988,4,-36.7964,1.6333,-1.2104
85.999,4,-36.7852,1.6352,-1.2101
86.011,4,-36.7741,1.6374,-1.2098
86.023,4,-36.7631,1.6398,-1.2095
86.034,4,-36.7521,1.6421,-1.2091
86.046,4,-36.7412,1.6444,-1.2087
86.058,4,-36.7304,1.6467,-1.2083
86.070,4,-36.7197,1.6487,-1.2078
86.082,4,-36.7091,1.6504,-1.2074
86.093,4,-36.6987,1.6519,-1.2069
86.104,4,-36.6882,1.6530,-1.2064
86.116,4,-36.6675,1.6550,-1.2055
86.128,4,-36.6575,1.6552,-1.2050
86.143,4,-36.6474,1.6552,-1.2045
86.154,4,-36.6374,1.6547,-1.2040
86.166,4,-36.6273,1.6542,-1.2035
86.177,4,-36.6171,1.6534,-1.2030
86.189,4,-36.6069,1.6523,-1.2024
86.200,4,-36.5967,1.6509,-1.2019
86.212,4,-36.5864,1.6493,-1.2014
86.223,4,-36.5762,1.6477,-1.2008
86.236,4,-36.5658,1.6456,-1.2002
86.248,4,-36.5555,1.6435,-1.1995
86.259,4,-36.5449,1.6413,-1.1989
86.272,4,-36.5242,1.6369,-1.1976
86.284,4,-36.5136,1.6343,-1.1969
86.298,4,-36.5030,1.6318,-1.1960
86.310,4,-36.4925,1.6296,-1.1952
86.327,4,-36.4820,1.6276,-1.1942
86.341,4,-36.4611,1.6239,-1.1923
86.352,4,-36.4507,1.6223,-1.1913
86.363,4,-36.4405,1.6210,-1.1904
86.374,4,-36.4301,1.6200,-1.1893
86.385,4,-36.4197,1.6192,-1.1882
86.397,4,-36.4094,1.6185,-1.1871
86.409,4,-36.3991,1.6180,-1.1859
86.421,4,-36.3887,1.6180,-1.1848
86.432,4,-36.3784,1.6188,-1.1838
86.444,4,-36.3683,1.6201,-1.1827
86.456,4,-36.3582,1.6216,-1.1816
86.467,4,-36.3480,1.6232,-1.1806
86.478,4,-36.3379,1.6251,-1.1796
86.489,4,-36.3277,1.6274,-1.1787
86.501,4,-36.3177,1.6294,-1.1779
86.512,4,-36.3076,1.6311,-1.1769
86.523,4,-36.2973,1.6326,-1.1761
86.534,4,-36.2870,1.6342,-1.1753
86.546,4,-36.2666,1.6376,-1.1738
86.557,4,-36.2564,1.6395,-1.1731
86.573,4,-36.2465,1.6414,-1.1727
86.584,4,-36.2368,1.6432,-1.1721
86.595,4,-36.2272,1.6449,-1.1716
86.606,4,-36.2178,1.6467,-1.1712
86.617,4,-36.2085,1.6484,-1.1709
86.628,4,-36.1993,1.6499,-1.1706
86.646,4,-36.1905,1.6511,-1.1704
86.661,4,-36.1721,1.6539,-1.1699
86.674,4,-36.1633,1.6550,-1.1699
86.684,4,-36.1545,1.6561,-1.1698
86.695,4,-36.1457,1.6569,-1.1697
86.706,4,-36.1368,1.6576,-1.1696
86.717,4,-36.1281,1.6579,-1.1696
86.728,4,-36.1194,1.6578,-1.1696
86.740,4,-36.1108,1.6575,-1.1693
86.751,4,-36.1022,1.6572,-1.1692
86.763,4,-36.0936,1.6564,-1.1693
86.773,4,-36.0849,1.6558,-1.1693
86.784,4,-36.0763,1.6548,-1.1694
86.795,4,-36.0677,1.6536,-1.1695
86.807,4,-36.0590,1.6521,-1.1696
86.818,4,-36.0505,1.6505,-1.1698
86.830,4,-36.0419,1.6489,-1.1700
86.841,4,-36.0333,1.6473,-1.1702
86.852,4,-36.0247,1.6457,-1.1705
86.863,4,-36.0161,1.6442,-1.1708
86.874,4,-36.0076,1.6426,-1.1712
86.886,4,-35.9990,1.6409,-1.1717
86.897,4,-35.9900,1.6390,-1.1722
86.908,4,-35.9810,1.6371,-1.1729
86.919,4,-35.9721,1.6355,-1.1736
86.931,4,-35.9632,1.6342,-1.1744
86.942,4,-35.9543,1.6335,-1.1752
86.954,4,-35.9454,1.6328,-1.1761
86.965,4,-35.9366,1.6319,-1.1771
86.977,4,-35.9279,1.6309,-1.1781
86.988,4,-35.9192,1.6297,-1.1792
87.000,4,-35.9105,1.6291,-1.1803
87.012,4,-35.9019,1.6296,-1.1815
87.023,4,-35.8935,1.6306,-1.1826
87.035,4,-35.8852,1.6313,-1.1838
87.047,4,-35.8767,1.6321,-1.1850
87.058,4,-35.8683,1.6330,-1.1862
87.070,4,-35.8600,1.6345,-1.1874
87.082,4,-35.8516,1.6362,-1.1885
87.093,4,-35.8433,1.6379,-1.1896
87.105,4,-35.8350,1.6397,-1.1906
87.117,4,-35.8268,1.6414,-1.1917
87.128,4,-35.8186,1.6430,-1.1926
87.140,4,-35.8105,1.6445,-1.1936
87.152,4,-35.8025,1.6461,-1.1943
87.163,4,-35.7945,1.6478,-1.1953
87.175,4,-35.7866,1.6496,-1.1959
87.186,4,-35.7789,1.6514,-1.1965
87.197,4,-35.7713,1.6533,-1.1971
87.209,4,-35.7638,1.6551,-1.1976
87.221,4,-35.7565,1.6568,-1.1981
87.232,4,-35.7491,1.6582,-1.1986
87.244,4,-35.7419,1.6593,-1.1991
87.257,4,-35.7349,1.6601,-1.1994
87.270,4,-35.7281,1.6608,-1.1998
87.284,4,-35.7141,1.6625,-1.2005
87.295,4,-35.7074,1.6630,-1.2007
87.308,4,-35.7010,1.6631,-1.2009
87.320,4,-35.6945,1.6631,-1.2011
87.331,4,-35.6881,1.6632,-1.2012
87.343,4,-35.6817,1.6630,-1.2014
87.354,4,-35.6753,1.6629,-1.2014
87.366,4,-35.6690,1.6628,-1.2015
87.377,4,-35.6627,1.6626,-1.2014
87.389,4,-35.6565,1.6623,-1.2014
87.400,4,-35.6503,1.6620,-1.2013
87.411,4,-35.6442,1.6617,-1.2012
87.423,4,-35.6381,1.6614,-1.2012
87.436,4,-35.6323,1.6609,-1.2010
87.447,4,-35.6265,1.6603,-1.2008
87.459,4,-35.6149,1.6591,-1.2004
87.470,4,-35.6095,1.6583,-1.2001
87.486,4,-35.6041,1.6574,-1.1998
87.498,4,-35.5987,1.6566,-1.1993
87.508,4,-35.5934,1.6558,-1.1988
87.520,4,-35.5881,1.6551,-1.1982
87.531,4,-35.5828,1.6545,-1.1976
87.543,4,-35.5778,1.6538,-1.1970
87.555,4,-35.5728,1.6529,-1.1963
87.566,4,-35.5679,1.6520,-1.1957
87.577,4,-35.5631,1.6510,-1.1942
87.588,4,-35.5584,1.6502,-1.1935
87.598,4,-35.5538,1.6495,-1.1927
87.609,4,-35.5491,1.6490,-1.1918
87.620,4,-35.5445,1.6487,-1.1909
87.631,4,-35.5400,1.6486,-1.1901
87.642,4,-35.5354,1.6486,-1.1891
87.653,4,-35.5308,1.6487,-1.1880
87.664,4,-35.5262,1.6490,-1.1870
87.675,4,-35.5215,1.6498,-1.1859
87.686,4,-35.5169,1.6508,-1.1847
87.697,4,-35.5124,1.6521,-1.1835
87.708,4,-35.5080,1.6531,-1.1825
87.719,4,-35.5035,1.6537,-1.1814
87.730,4,-35.4991,1.6542,-1.1805
87.742,4,-35.4947,1.6546,-1.1795
87.753,4,-35.4904,1.6552,-1.1787
87.765,4,-35.4861,1.6556,-1.1777
87.775,4,-35.4816,1.6562,-1.1768
87.786,4,-35.4772,1.6567,-1.1760
87.798,4,-35.4729,1.6573,-1.1752
87.810,4,-35.4687,1.6578,-1.1745
87.821,4,-35.4645,1.6584,-1.1737
87.833,4,-35.4605,1.6588,-1.1731
87.845,4,-35.4567,1.6593,-1.1725
87.856,4,-35.4528,1.6599,-1.1718
87.868,4,-35.4491,1.6607,-1.1712
87.879,4,-35.4456,1.6615,-1.1707
87.891,4,-35.4422,1.6621,-1.1702
87.902,4,-35.4390,1.6626,-1.1696
87.914,4,-35.4358,1.6631,-1.1692
87.926,4,-35.4327,1.6636,-1.1688
87.937,4,-35.4297,1.6641,-1.1684
87.949,4,-35.4268,1.6644,-1.1681
87.961,4,-35.4240,1.6647,-1.1676
87.972,4,-35.4214,1.6649,-1.1675
87.984,4,-35.4187,1.6650,-1.1672
87.995,4,-35.4163,1.6650,-1.1669
88.006,4,-35.4138,1.6651,-1.1665
88.018,4,-35.4115,1.6651,-1.1663
88.035,4,-35.4092,1.6651,-1.1661
88.049,4,-35.4046,1.6652,-1.1658
88.060,4,-35.4025,1.6650,-1.1657
88.073,4,-35.4006,1.6648,-1.1656
88.084,4,-35.3987,1.6647,-1.1655
88.095,4,-35.3969,1.6645,-1.1656
88.107,4,-35.3952,1.6643,-1.1656
88.119,4,-35.3936,1.6642,-1.1659
88.130,4,-35.3921,1.6641,-1.1662
88.141,4,-35.3906,1.6639,-1.1663
88.153,4,-35.3892,1.6637,-1.1666
88.165,4,-35.3878,1.6639,-1.1669
88.176,4,-35.3865,1.6643,-1.1672
88.187,4,-35.3853,1.6650,-1.1676
88.199,4,-35.3841,1.6656,-1.1680
88.211,4,-35.3828,1.6661,-1.1684
88.222,4,-35.3816,1.6664,-1.1688
88.235,4,-35.3805,1.6668,-1.1695
88.246,4,-35.3793,1.6671,-1.1701
88.258,4,-35.3782,1.6673,-1.1705
88.270,4,-35.3771,1.6674,-1.1710
88.282,4,-35.3750,1.6677,-1.1719
88.295,4,-35.3739,1.6678,-1.1724
88.309,4,-35.3730,1.6678,-1.1729
88.320,4,-35.3720,1.6677,-1.1734
88.332,4,-35.3711,1.6677,-1.1738
88.343,4,-35.3704,1.6677,-1.1743
88.355,4,-35.3696,1.6677,-1.1750
88.368,4,-35.3690,1.6676,-1.1755
88.379,4,-35.3684,1.6676,-1.1760
88.390,4,-35.3677,1.6675,-1.1769
88.401,4,-35.3672,1.6674,-1.1775
88.412,4,-35.3668,1.6674,-1.1782
88.422,4,-35.3664,1.6673,-1.1788
88.433,4,-35.3660,1.6671,-1.1796
88.444,4,-35.3656,1.6670,-1.1803
88.455,4,-35.3653,1.6669,-1.1810
88.466,4,-35.3649,1.6668,-1.1817
88.480,4,-35.3646,1.6668,-1.1824
88.492,4,-35.3642,1.6668,-1.1832
88.503,4,-35.3638,1.6669,-1.1838
88.514,4,-35.3635,1.6669,-1.1845
88.525,4,-35.3631,1.6670,-1.1851
88.537,4,-35.3628,1.6671,-1.1857
88.550,4,-35.3624,1.6671,-1.1863
88.561,4,-35.3621,1.6671,-1.1869
88.572,4,-35.3618,1.6671,-1.1876
88.583,4,-35.3616,1.6670,-1.1881
88.594,4,-35.3614,1.6670,-1.1887
88.605,4,-35.3611,1.6671,-1.1893
88.616,4,-35.3610,1.6671,-1.1899
88.627,4,-35.3608,1.6671,-1.1906
88.639,4,-35.3607,1.6671,-1.1912
88.650,4,-35.3606,1.6670,-1.1917
88.661,4,-35.3606,1.6670,-1.1923
88.674,4,-35.3606,1.6669,-1.1929
88.689,4,-35.3605,1.6669,-1.1936
88.700,4,-35.3605,1.6670,-1.1941
88.711,4,-35.3604,1.6670,-1.1948
88.722,4,-35.3604,1.6671,-1.1953
88.733,4,-35.3604,1.6671,-1.1959
88.743,4,-35.3603,1.6672,-1.1964
88.753,4,-35.3603,1.6672,-1.1969
88.764,4,-35.3603,1.6673,-1.1975
88.774,4,-35.3603,1.6673,-1.1979
88.786,4,-35.3603,1.6673,-1.1984

# --- Trial 5 start ---
97.216,5,-39.5247,1.6316,-1.3131
97.252,5,-39.5226,1.6312,-1.3075
97.266,5,-39.5218,1.6306,-1.3057
97.277,5,-39.5204,1.6295,-1.3021
97.288,5,-39.5196,1.6287,-1.3005
97.304,5,-39.5189,1.6279,-1.2990
97.315,5,-39.5181,1.6275,-1.2975
97.327,5,-39.5173,1.6273,-1.2961
97.342,5,-39.5164,1.6274,-1.2951
97.354,5,-39.5155,1.6274,-1.2940
97.365,5,-39.5138,1.6274,-1.2918
97.376,5,-39.5130,1.6275,-1.2909
97.405,5,-39.5122,1.6276,-1.2903
97.418,5,-39.5106,1.6277,-1.2887
97.429,5,-39.5100,1.6277,-1.2880
97.440,5,-39.5093,1.6279,-1.2874
97.452,5,-39.5085,1.6282,-1.2869
97.463,5,-39.5077,1.6284,-1.2864
97.474,5,-39.5069,1.6285,-1.2859
97.486,5,-39.5062,1.6286,-1.2855
97.497,5,-39.5054,1.6285,-1.2851
97.509,5,-39.5046,1.6283,-1.2847
97.520,5,-39.5040,1.6279,-1.2842
97.532,5,-39.5034,1.6274,-1.2838
97.543,5,-39.5029,1.6270,-1.2834
97.555,5,-39.5023,1.6264,-1.2831
97.567,5,-39.5018,1.6256,-1.2828
97.579,5,-39.5014,1.6246,-1.2826
97.591,5,-39.5010,1.6236,-1.2823
97.603,5,-39.5008,1.6223,-1.2820
97.614,5,-39.5004,1.6209,-1.2818
97.627,5,-39.5001,1.6194,-1.2817
97.640,5,-39.4999,1.6177,-1.2816
97.652,5,-39.4998,1.6157,-1.2814
97.665,5,-39.4992,1.6119,-1.2812
97.676,5,-39.4990,1.6094,-1.2811
97.692,5,-39.4989,1.6068,-1.2809
97.704,5,-39.4987,1.6043,-1.2808
97.716,5,-39.4985,1.6018,-1.2808
97.730,5,-39.4982,1.5988,-1.2808
97.743,5,-39.4977,1.5933,-1.2809
97.755,5,-39.4974,1.5907,-1.2811
97.770,5,-39.4970,1.5884,-1.2812
97.781,5,-39.4968,1.5856,-1.2812
97.793,5,-39.4969,1.5836,-1.2811
97.805,5,-39.4961,1.5840,-1.2811
97.818,5,-39.4960,1.5847,-1.2814
97.830,5,-39.4950,1.5860,-1.2814
97.843,5,-39.4945,1.5871,-1.2812
97.856,5,-39.4934,1.5886,-1.2811
97.868,5,-39.4929,1.5906,-1.2810
97.882,5,-39.4926,1.5945,-1.2808
97.893,5,-39.4924,1.5973,-1.2803
97.906,5,-39.4924,1.5998,-1.2799
97.919,5,-39.4920,1.6024,-1.2793
97.931,5,-39.4913,1.6053,-1.2788
97.943,5,-39.4901,1.6106,-1.2775
97.955,5,-39.4892,1.6135,-1.2768
97.971,5,-39.4880,1.6161,-1.2761
97.982,5,-39.4869,1.6189,-1.2756
97.994,5,-39.4857,1.6212,-1.2750
98.007,5,-39.4843,1.6233,-1.2742
98.019,5,-39.4830,1.6248,-1.2735
98.030,5,-39.4816,1.6260,-1.2726
98.042,5,-39.4802,1.6270,-1.2717
98.054,5,-39.4789,1.6283,-1.2709
98.066,5,-39.4774,1.6296,-1.2701
98.078,5,-39.4761,1.6304,-1.2692
98.089,5,-39.4748,1.6313,-1.2684
98.100,5,-39.4733,1.6314,-1.2674
98.112,5,-39.4719,1.6313,-1.2665
98.124,5,-39.4704,1.6311,-1.2658
98.136,5,-39.4689,1.6312,-1.2650
98.149,5,-39.4674,1.6311,-1.2643
98.162,5,-39.4645,1.6308,-1.2628
98.174,5,-39.4628,1.6304,-1.2620
98.191,5,-39.4610,1.6296,-1.2612
98.203,5,-39.4591,1.6292,-1.2605
98.215,5,-39.4573,1.6289,-1.2597
98.227,5,-39.4554,1.6287,-1.2590
98.240,5,-39.4532,1.6288,-1.2581
98.253,5,-39.4490,1.6287,-1.2566
98.265,5,-39.4466,1.6283,-1.2557
98.280,5,-39.4440,1.6280,-1.2548
98.292,5,-39.4412,1.6273,-1.2540
98.304,5,-39.4384,1.6268,-1.2533
98.316,5,-39.4355,1.6261,-1.2523
98.329,5,-39.4324,1.6258,-1.2515
98.342,5,-39.4290,1.6259,-1.2505
98.355,5,-39.4227,1.6262,-1.2488
98.367,5,-39.4192,1.6265,-1.2482
98.381,5,-39.4155,1.6266,-1.2479
98.392,5,-39.4120,1.6267,-1.2474
98.404,5,-39.4082,1.6269,-1.2470
98.416,5,-39.4043,1.6270,-1.2465
98.428,5,-39.4004,1.6273,-1.2463
98.441,5,-39.3965,1.6273,-1.2460
98.453,5,-39.3922,1.6274,-1.2459
98.465,5,-39.3880,1.6272,-1.2458
98.477,5,-39.3797,1.6266,-1.2454
98.488,5,-39.3754,1.6261,-1.2453
98.503,5,-39.3707,1.6250,-1.2453
98.516,5,-39.3661,1.6245,-1.2454
98.528,5,-39.3610,1.6237,-1.2455
98.540,5,-39.3558,1.6231,-1.2456
98.553,5,-39.3506,1.6222,-1.2458
98.565,5,-39.3448,1.6209,-1.2459
98.576,5,-39.3340,1.6187,-1.2462
98.588,5,-39.3283,1.6174,-1.2464
98.604,5,-39.3222,1.6160,-1.2468
98.615,5,-39.3158,1.6145,-1.2471
98.627,5,-39.3095,1.6128,-1.2475
98.639,5,-39.3029,1.6109,-1.2478
98.652,5,-39.2962,1.6091,-1.2483
98.665,5,-39.2897,1.6073,-1.2487
98.676,5,-39.2758,1.6043,-1.2498
98.687,5,-39.2681,1.6028,-1.2505
98.704,5,-39.2599,1.6015,-1.2515
98.717,5,-39.2520,1.6000,-1.2523
98.729,5,-39.2439,1.5988,-1.2532
98.740,5,-39.2359,1.5976,-1.2540
98.752,5,-39.2274,1.5967,-1.2548
98.763,5,-39.2188,1.5960,-1.2559
98.775,5,-39.2097,1.5957,-1.2571
98.792,5,-39.1998,1.5957,-1.2582
98.807,5,-39.1820,1.5948,-1.2602
98.822,5,-39.1726,1.5948,-1.2611
98.833,5,-39.1630,1.5953,-1.2621
98.845,5,-39.1536,1.5967,-1.2632
98.856,5,-39.1436,1.5986,-1.2643
98.868,5,-39.1334,1.6000,-1.2652
98.880,5,-39.1234,1.6014,-1.2660
98.892,5,-39.1132,1.6035,-1.2668
98.904,5,-39.1035,1.6061,-1.2675
98.915,5,-39.0937,1.6082,-1.2683
98.928,5,-39.0843,1.6100,-1.2689
98.939,5,-39.0746,1.6115,-1.2696
98.950,5,-39.0655,1.6127,-1.2701
98.961,5,-39.0563,1.6135,-1.2705
98.972,5,-39.0472,1.6141,-1.2709
98.984,5,-39.0382,1.6151,-1.2711
98.995,5,-39.0291,1.6163,-1.2715
99.006,5,-39.0203,1.6178,-1.2716
99.016,5,-39.0113,1.6194,-1.2719
99.027,5,-39.0024,1.6210,-1.2721
99.037,5,-38.9938,1.6223,-1.2720
99.049,5,-38.9850,1.6235,-1.2720
99.060,5,-38.9764,1.6245,-1.2720
99.071,5,-38.9680,1.6255,-1.2718
99.083,5,-38.9593,1.6265,-1.2718
99.094,5,-38.9508,1.6273,-1.2718
99.105,5,-38.9421,1.6280,-1.2719
99.116,5,-38.9337,1.6284,-1.2718
99.128,5,-38.9251,1.6285,-1.2718
99.139,5,-38.9167,1.6281,-1.2717
99.151,5,-38.9081,1.6277,-1.2717
99.162,5,-38.8994,1.6270,-1.2718
99.174,5,-38.8907,1.6259,-1.2718
99.185,5,-38.8817,1.6248,-1.2719
99.196,5,-38.8729,1.6235,-1.2719
99.207,5,-38.8640,1.6220,-1.2719
99.219,5,-38.8549,1.6202,-1.2718
99.230,5,-38.8369,1.6171,-1.2717
99.241,5,-38.8274,1.6147,-1.2716
99.258,5,-38.8175,1.6121,-1.2716
99.269,5,-38.8076,1.6097,-1.2714
99.281,5,-38.7978,1.6072,-1.2711
99.292,5,-38.7879,1.6050,-1.2708
99.303,5,-38.7781,1.6030,-1.2703
99.314,5,-38.7680,1.6010,-1.2699
99.326,5,-38.7577,1.5991,-1.2695
99.338,5,-38.7473,1.5972,-1.2689
99.350,5,-38.7369,1.5959,-1.2683
99.362,5,-38.7267,1.5949,-1.2676
99.375,5,-38.7162,1.5944,-1.2668
99.386,5,-38.7056,1.5943,-1.2660
99.398,5,-38.6949,1.5942,-1.2652
99.410,5,-38.6738,1.5937,-1.2636
99.422,5,-38.6629,1.5948,-1.2627
99.436,5,-38.6520,1.5968,-1.2617
99.448,5,-38.6411,1.5991,-1.2607
99.460,5,-38.6301,1.6014,-1.2598
99.472,5,-38.6192,1.6036,-1.2588
99.484,5,-38.6079,1.6062,-1.2581
99.496,5,-38.5970,1.6086,-1.2574
99.508,5,-38.5860,1.6107,-1.2566
99.520,5,-38.5644,1.6141,-1.2551
99.532,5,-38.5535,1.6157,-1.2546
99.547,5,-38.5428,1.6172,-1.2542
99.559,5,-38.5319,1.6191,-1.2541
99.570,5,-38.5211,1.6209,-1.2538
99.582,5,-38.5104,1.6226,-1.2537
99.594,5,-38.4999,1.6244,-1.2534
99.605,5,-38.4894,1.6264,-1.2534
99.617,5,-38.4788,1.6282,-1.2534
99.628,5,-38.4683,1.6298,-1.2535
99.641,5,-38.4577,1.6313,-1.2538
99.652,5,-38.4472,1.6327,-1.2538
99.664,5,-38.4264,1.6354,-1.2541
99.675,5,-38.4162,1.6364,-1.2542
99.691,5,-38.4059,1.6371,-1.2545
99.703,5,-38.3958,1.6375,-1.2547
99.715,5,-38.3854,1.6377,-1.2549
99.726,5,-38.3749,1.6376,-1.2553
99.738,5,-38.3645,1.6370,-1.2556
99.750,5,-38.3541,1.6363,-1.2558
99.761,5,-38.3439,1.6353,-1.2559
99.773,5,-38.3334,1.6339,-1.2562
99.784,5,-38.3229,1.6324,-1.2564
99.796,5,-38.3124,1.6307,-1.2568
99.808,5,-38.3019,1.6285,-1.2570
99.820,5,-38.2808,1.6247,-1.2575
99.832,5,-38.2700,1.6221,-1.2579
99.846,5,-38.2590,1.6194,-1.2582
99.859,5,-38.2481,1.6171,-1.2587
99.871,5,-38.2370,1.6149,-1.2593
99.882,5,-38.2257,1.6129,-1.2599
99.894,5,-38.2147,1.6108,-1.2604
99.905,5,-38.2035,1.6087,-1.2611
99.917,5,-38.1925,1.6067,-1.2618
99.930,5,-38.1812,1.6051,-1.2626
99.941,5,-38.1699,1.6037,-1.2634
99.953,5,-38.1583,1.6028,-1.2644
99.965,5,-38.1355,1.6007,-1.2662
99.977,5,-38.1241,1.6004,-1.2672
99.991,5,-38.1125,1.6013,-1.2683
100.003,5,-38.1007,1.6029,-1.2694
100.016,5,-38.0890,1.6050,-1.2706
100.027,5,-38.0771,1.6076,-1.2717
100.038,5,-38.0651,1.6103,-1.2727
100.049,5,-38.0534,1.6129,-1.2736
100.061,5,-38.0416,1.6155,-1.2745
100.072,5,-38.0299,1.6178,-1.2753
100.082,5,-38.0182,1.6199,-1.2760
100.093,5,-38.0067,1.6219,-1.2767
100.104,5,-37.9953,1.6237,-1.2771
100.115,5,-37.9840,1.6256,-1.2776
100.126,5,-37.9728,1.6274,-1.2780
100.138,5,-37.9618,1.6294,-1.2781
100.150,5,-37.9509,1.6312,-1.2783
100.161,5,-37.9399,1.6332,-1.2785
100.172,5,-37.9289,1.6353,-1.2787
100.183,5,-37.9179,1.6374,-1.2787
100.197,5,-37.9071,1.6392,-1.2788
100.213,5,-37.8852,1.6424,-1.2786
100.224,5,-37.8743,1.6434,-1.2783
100.235,5,-37.8636,1.6442,-1.2781
100.247,5,-37.8529,1.6448,-1.2779
100.257,5,-37.8421,1.6452,-1.2777
100.269,5,-37.8315,1.6450,-1.2773
100.281,5,-37.8207,1.6448,-1.2770
100.291,5,-37.8100,1.6440,-1.2765
100.302,5,-37.7993,1.6431,-1.2760
100.314,5,-37.7885,1.6417,-1.2756
100.325,5,-37.7777,1.6401,-1.2751
100.336,5,-37.7667,1.6383,-1.2746
100.347,5,-37.7558,1.6360,-1.2742
100.359,5,-37.7452,1.6335,-1.2736
100.371,5,-37.7346,1.6305,-1.2731
100.383,5,-37.7238,1.6277,-1.2725
100.395,5,-37.7128,1.6247,-1.2718
100.406,5,-37.7016,1.6220,-1.2711
100.417,5,-37.6794,1.6171,-1.2696
100.428,5,-37.6682,1.6149,-1.2687
100.445,5,-37.6568,1.6127,-1.2677
100.455,5,-37.6457,1.6106,-1.2667
100.467,5,-37.6347,1.6088,-1.2658
100.477,5,-37.6237,1.6072,-1.2648
100.489,5,-37.6124,1.6060,-1.2638
100.500,5,-37.6011,1.6055,-1.2627
100.511,5,-37.5899,1.6051,-1.2616
100.522,5,-37.5785,1.6052,-1.2603
100.533,5,-37.5671,1.6057,-1.2589
100.545,5,-37.5555,1.6067,-1.2576
100.556,5,-37.5440,1.6089,-1.2562
100.567,5,-37.5327,1.6111,-1.2548
100.578,5,-37.5213,1.6128,-1.2536
100.590,5,-37.5098,1.6147,-1.2523
100.600,5,-37.4984,1.6168,-1.2511
100.612,5,-37.4871,1.6190,-1.2500
100.623,5,-37.4757,1.6211,-1.2490
100.634,5,-37.4643,1.6228,-1.2479
100.646,5,-37.4529,1.6246,-1.2468
100.657,5,-37.4415,1.6268,-1.2458
100.668,5,-37.4304,1.6291,-1.2448
100.680,5,-37.4192,1.6316,-1.2440
100.691,5,-37.4082,1.6340,-1.2431
100.701,5,-37.3973,1.6366,-1.2422
100.712,5,-37.3865,1.6391,-1.2413
100.723,5,-37.3757,1.6415,-1.2406
100.735,5,-37.3649,1.6437,-1.2400
100.746,5,-37.3540,1.6458,-1.2394
100.757,5,-37.3433,1.6476,-1.2386
100.769,5,-37.3325,1.6491,-1.2379
100.780,5,-37.3218,1.6503,-1.2371
100.791,5,-37.3111,1.6512,-1.2363
100.802,5,-37.3005,1.6519,-1.2355
100.820,5,-37.2898,1.6518,-1.2347
100.834,5,-37.2685,1.6519,-1.2331
100.847,5,-37.2579,1.6508,-1.2322
100.858,5,-37.2476,1.6499,-1.2315
100.868,5,-37.2369,1.6487,-1.2308
100.880,5,-37.2263,1.6473,-1.2300
100.890,5,-37.2155,1.6456,-1.2294
100.901,5,-37.2047,1.6438,-1.2286
100.913,5,-37.1940,1.6417,-1.2278
100.923,5,-37.1833,1.6394,-1.2271
100.934,5,-37.1726,1.6369,-1.2263
100.945,5,-37.1618,1.6343,-1.2257
100.957,5,-37.1508,1.6318,-1.2251
100.968,5,-37.1398,1.6296,-1.2246
100.978,5,-37.1287,1.6277,-1.2241
100.989,5,-37.1176,1.6260,-1.2237
101.001,5,-37.1065,1.6245,-1.2233
101.012,5,-37.0954,1.6229,-1.2231
101.022,5,-37.0841,1.6213,-1.2229
101.033,5,-37.0729,1.6199,-1.2228
101.045,5,-37.0615,1.6190,-1.2228
101.056,5,-37.0501,1.6187,-1.2228
101.067,5,-37.0389,1.6182,-1.2227
101.078,5,-37.0274,1.6177,-1.2228
101.089,5,-37.0160,1.6173,-1.2228
101.101,5,-37.0045,1.6176,-1.2229
101.112,5,-36.9930,1.6190,-1.2230
101.124,5,-36.9816,1.6209,-1.2232
101.135,5,-36.9701,1.6227,-1.2233
101.145,5,-36.9587,1.6246,-1.2234
101.157,5,-36.9475,1.6269,-1.2236
101.168,5,-36.9362,1.6292,-1.2237
101.179,5,-36.9250,1.6313,-1.2238
101.190,5,-36.9137,1.6331,-1.2235
101.201,5,-36.9024,1.6348,-1.2235
101.212,5,-36.8912,1.6363,-1.2232
101.223,5,-36.8801,1.6381,-1.2229
101.236,5,-36.8692,1.6401,-1.2226
101.247,5,-36.8582,1.6421,-1.2221
101.258,5,-36.8476,1.6444,-1.2215
101.270,5,-36.8370,1.6466,-1.2208
101.281,5,-36.8265,1.6487,-1.2203
101.292,5,-36.8161,1.6504,-1.2198
101.303,5,-36.8057,1.6519,-1.2192
101.314,5,-36.7954,1.6531,-1.2186
101.324,5,-36.7852,1.6541,-1.2180
101.337,5,-36.7751,1.6548,-1.2173
101.347,5,-36.7651,1.6554,-1.2168
101.359,5,-36.7552,1.6558,-1.2162
101.370,5,-36.7452,1.6558,-1.2156
101.381,5,-36.7352,1.6557,-1.2150
101.392,5,-36.7252,1.6552,-1.2144
101.404,5,-36.7152,1.6543,-1.2137
101.415,5,-36.7053,1.6533,-1.2130
101.426,5,-36.6953,1.6520,-1.2124
101.437,5,-36.6853,1.6507,-1.2117
101.448,5,-36.6753,1.6490,-1.2111
101.459,5,-36.6653,1.6470,-1.2104
101.471,5,-36.6553,1.6451,-1.2097
101.481,5,-36.6453,1.6429,-1.2089
101.492,5,-36.6352,1.6408,-1.2082
101.504,5,-36.6251,1.6386,-1.2074
101.515,5,-36.6150,1.6363,-1.2065
101.526,5,-36.6049,1.6339,-1.2056
101.538,5,-36.5949,1.6312,-1.2047
101.551,5,-36.5850,1.6287,-1.2038
101.562,5,-36.5746,1.6263,-1.2028
101.574,5,-36.5638,1.6241,-1.2017
101.585,5,-36.5538,1.6225,-1.2007
101.596,5,-36.5434,1.6209,-1.1996
101.608,5,-36.5330,1.6195,-1.1984
101.618,5,-36.5226,1.6180,-1.1972
101.629,5,-36.5123,1.6165,-1.1959
101.639,5,-36.5019,1.6150,-1.1946
101.650,5,-36.4915,1.6141,-1.1934
101.661,5,-36.4810,1.6144,-1.1921
101.673,5,-36.4707,1.6154,-1.1909
101.684,5,-36.4604,1.6166,-1.1896
101.696,5,-36.4501,1.6181,-1.1884
101.708,5,-36.4398,1.6196,-1.1873
101.719,5,-36.4295,1.6217,-1.1863
101.731,5,-36.4192,1.6235,-1.1853
101.742,5,-36.4090,1.6251,-1.1843
101.754,5,-36.3988,1.6268,-1.1835
101.765,5,-36.3886,1.6285,-1.1826
101.777,5,-36.3785,1.6306,-1.1819
101.789,5,-36.3685,1.6328,-1.1814
101.800,5,-36.3586,1.6350,-1.1808
101.811,5,-36.3488,1.6370,-1.1801
101.822,5,-36.3391,1.6392,-1.1797
101.833,5,-36.3295,1.6417,-1.1794
101.845,5,-36.3201,1.6441,-1.1791
101.857,5,-36.3109,1.6464,-1.1788
101.868,5,-36.3017,1.6484,-1.1785
101.879,5,-36.2926,1.6503,-1.1782
101.891,5,-36.2837,1.6519,-1.1779
101.902,5,-36.2748,1.6534,-1.1776
101.918,5,-36.2663,1.6545,-1.1773
101.932,5,-36.2489,1.6568,-1.1768
101.943,5,-36.2404,1.6575,-1.1766
101.957,5,-36.2319,1.6576,-1.1765
101.969,5,-36.2237,1.6576,-1.1765
101.980,5,-36.2153,1.6574,-1.1764
101.991,5,-36.2069,1.6571,-1.1764
102.002,5,-36.1981,1.6567,-1.1763
102.013,5,-36.1894,1.6563,-1.1762
102.024,5,-36.1806,1.6556,-1.1761
102.035,5,-36.1718,1.6548,-1.1761
102.047,5,-36.1632,1.6537,-1.1758
102.059,5,-36.1544,1.6524,-1.1758
102.071,5,-36.1457,1.6511,-1.1756
102.082,5,-36.1369,1.6497,-1.1757
102.094,5,-36.1281,1.6483,-1.1759
102.105,5,-36.1193,1.6470,-1.1761
102.117,5,-36.1106,1.6459,-1.1763
102.128,5,-36.1018,1.6448,-1.1767
102.140,5,-36.0930,1.6436,-1.1771
102.151,5,-36.0842,1.6423,-1.1775
102.164,5,-36.0756,1.6411,-1.1781
102.176,5,-36.0668,1.6401,-1.1787
102.187,5,-36.0581,1.6394,-1.1793
102.198,5,-36.0494,1.6390,-1.1801
102.209,5,-36.0410,1.6384,-1.1809
102.221,5,-36.0324,1.6377,-1.1818
102.232,5,-36.0239,1.6369,-1.1826
102.243,5,-36.0156,1.6358,-1.1835
102.255,5,-36.0072,1.6351,-1.1843
102.267,5,-35.9989,1.6352,-1.1852
102.279,5,-35.9907,1.6359,-1.1861
102.290,5,-35.9825,1.6362,-1.1870
102.300,5,-35.9744,1.6363,-1.1879
102.311,5,-35.9664,1.6367,-1.1888
102.322,5,-35.9584,1.6372,-1.1898
102.334,5,-35.9505,1.6383,-1.1908
102.345,5,-35.9426,1.6393,-1.1916
102.356,5,-35.9346,1.6406,-1.1924
102.368,5,-35.9269,1.6417,-1.1932
102.385,5,-35.9192,1.6430,-1.1938
102.398,5,-35.9038,1.6453,-1.1951
102.410,5,-35.8962,1.6467,-1.1956
102.423,5,-35.8888,1.6481,-1.1958
102.434,5,-35.8814,1.6496,-1.1962
102.446,5,-35.8741,1.6511,-1.1964
102.456,5,-35.8668,1.6528,-1.1968
102.467,5,-35.8595,1.6545,-1.1970
102.479,5,-35.8523,1.6561,-1.1972
102.489,5,-35.8453,1.6573,-1.1972
102.501,5,-35.8384,1.6583,-1.1971
102.512,5,-35.8316,1.6591,-1.1970
102.523,5,-35.8248,1.6597,-1.1970
102.534,5,-35.8182,1.6603,-1.1969
102.547,5,-35.8116,1.6608,-1.1969
102.559,5,-35.8051,1.6613,-1.1968
102.570,5,-35.7986,1.6615,-1.1966
102.580,5,-35.7921,1.6618,-1.1965
102.591,5,-35.7856,1.6618,-1.1963
102.602,5,-35.7791,1.6618,-1.1961
102.613,5,-35.7728,1.6618,-1.1959
102.624,5,-35.7664,1.6616,-1.1957
102.635,5,-35.7601,1.6613,-1.1955
102.647,5,-35.7538,1.6610,-1.1954
102.658,5,-35.7476,1.6605,-1.1953
102.669,5,-35.7415,1.6600,-1.1952
102.680,5,-35.7354,1.6594,-1.1950
102.691,5,-35.7293,1.6587,-1.1949
102.702,5,-35.7233,1.6579,-1.1946
102.713,5,-35.7174,1.6570,-1.1942
102.725,5,-35.7116,1.6560,-1.1938
102.736,5,-35.7059,1.6550,-1.1934
102.747,5,-35.7002,1.6540,-1.1930
102.758,5,-35.6947,1.6530,-1.1926
102.769,5,-35.6892,1.6520,-1.1920
102.780,5,-35.6838,1.6511,-1.1913
102.791,5,-35.6785,1.6502,-1.1907
102.802,5,-35.6733,1.6495,-1.1899
102.813,5,-35.6677,1.6488,-1.1890
102.823,5,-35.6622,1.6481,-1.1881
102.835,5,-35.6567,1.6475,-1.1870
102.847,5,-35.6512,1.6470,-1.1859
102.859,5,-35.6457,1.6468,-1.1849
102.873,5,-35.6402,1.6467,-1.1838
102.885,5,-35.6348,1.6467,-1.1826
102.896,5,-35.6293,1.6470,-1.1815
102.908,5,-35.6240,1.6475,-1.1802
102.919,5,-35.6188,1.6483,-1.1789
102.929,5,-35.6137,1.6491,-1.1776
102.940,5,-35.6086,1.6502,-1.1762
102.952,5,-35.6037,1.6513,-1.1748
102.963,5,-35.5990,1.6525,-1.1735
102.974,5,-35.5941,1.6536,-1.1723
102.986,5,-35.5894,1.6546,-1.1711
102.997,5,-35.5847,1.6553,-1.1699
103.009,5,-35.5800,1.6561,-1.1689
103.021,5,-35.5754,1.6566,-1.1678
103.032,5,-35.5709,1.6569,-1.1669
103.043,5,-35.5664,1.6573,-1.1659
103.055,5,-35.5620,1.6575,-1.1648
103.067,5,-35.5577,1.6579,-1.1639
103.077,5,-35.5534,1.6583,-1.1630
103.089,5,-35.5492,1.6587,-1.1621
103.100,5,-35.5451,1.6592,-1.1613
103.112,5,-35.5411,1.6596,-1.1607
103.122,5,-35.5371,1.6599,-1.1600
103.134,5,-35.5333,1.6606,-1.1594
103.146,5,-35.5297,1.6613,-1.1590
103.156,5,-35.5261,1.6620,-1.1584
103.167,5,-35.5226,1.6625,-1.1580
103.178,5,-35.5193,1.6630,-1.1575
103.189,5,-35.5161,1.6634,-1.1571
103.201,5,-35.5128,1.6639,-1.1567
103.212,5,-35.5095,1.6644,-1.1563
103.223,5,-35.5063,1.6648,-1.1559
103.235,5,-35.5033,1.6652,-1.1556
103.246,5,-35.5002,1.6656,-1.1554
103.259,5,-35.4973,1.6657,-1.1552
103.270,5,-35.4944,1.6659,-1.1551
103.282,5,-35.4916,1.6660,-1.1550
103.293,5,-35.4889,1.6661,-1.1550
103.305,5,-35.4863,1.6661,-1.1549
103.317,5,-35.4838,1.6662,-1.1549
103.328,5,-35.4813,1.6663,-1.1549
103.340,5,-35.4788,1.6663,-1.1548
103.352,5,-35.4765,1.6662,-1.1550
103.364,5,-35.4743,1.6659,-1.1552
103.375,5,-35.4722,1.6656,-1.1554
103.387,5,-35.4702,1.6654,-1.1556
103.398,5,-35.4684,1.6652,-1.1559
103.410,5,-35.4666,1.6648,-1.1562
103.422,5,-35.4650,1.6643,-1.1564
103.433,5,-35.4635,1.6639,-1.1567
103.444,5,-35.4621,1.6636,-1.1572
103.456,5,-35.4606,1.6635,-1.1577
103.473,5,-35.4594,1.6635,-1.1585
103.486,5,-35.4566,1.6636,-1.1597
103.497,5,-35.4555,1.6638,-1.1605
103.511,5,-35.4543,1.6638,-1.1614
103.522,5,-35.4533,1.6638,-1.1623
103.534,5,-35.4522,1.6637,-1.1632
103.545,5,-35.4512,1.6635,-1.1640
103.556,5,-35.4502,1.6632,-1.1649
103.567,5,-35.4493,1.6629,-1.1657
103.578,5,-35.4484,1.6627,-1.1668
103.589,5,-35.4475,1.6624,-1.1678
103.601,5,-35.4467,1.6620,-1.1689
103.612,5,-35.4460,1.6616,-1.1699
103.622,5,-35.4453,1.6612,-1.1709
103.633,5,-35.4447,1.6609,-1.1719
103.645,5,-35.4442,1.6606,-1.1729
103.656,5,-35.4437,1.6602,-1.1740
103.667,5,-35.4433,1.6600,-1.1750
103.678,5,-35.4429,1.6597,-1.1762
103.689,5,-35.4425,1.6595,-1.1772
103.700,5,-35.4421,1.6595,-1.1782
103.711,5,-35.4418,1.6596,-1.1794
103.723,5,-35.4414,1.6595,-1.1804
103.733,5,-35.4411,1.6595,-1.1816
103.744,5,-35.4408,1.6595,-1.1826
103.756,5,-35.4404,1.6597,-1.1837
103.768,5,-35.4401,1.6599,-1.1846
103.779,5,-35.4397,1.6601,-1.1855
103.789,5,-35.4393,1.6603,-1.1864
103.800,5,-35.4389,1.6606,-1.1873
103.812,5,-35.4385,1.6609,-1.1883
103.824,5,-35.4381,1.6611,-1.1892
103.835,5,-35.4377,1.6612,-1.1901
103.847,5,-35.4374,1.6613,-1.1910
103.858,5,-35.4372,1.6614,-1.1918
103.870,5,-35.4370,1.6614,-1.1927
103.881,5,-35.4368,1.6614,-1.1935
103.893,5,-35.4367,1.6614,-1.1943
103.905,5,-35.4366,1.6614,-1.1949
103.917,5,-35.4365,1.6615,-1.1958
103.928,5,-35.4364,1.6614,-1.1966
103.940,5,-35.4364,1.6613,-1.1973
103.952,5,-35.4363,1.6612,-1.1980
103.963,5,-35.4363,1.6612,-1.1986
103.975,5,-35.4363,1.6612,-1.1994
103.987,5,-35.4362,1.6612,-1.2001
103.998,5,-35.4362,1.6613,-1.2008
104.010,5,-35.4361,1.6614,-1.2014
104.021,5,-35.4360,1.6614,-1.2020
104.033,5,-35.4358,1.6615,-1.2024
104.044,5,-35.4357,1.6616,-1.2029
104.056,5,-35.4357,1.6617,-1.2035
104.067,5,-35.4356,1.6618,-1.2040
104.079,5,-35.4355,1.6618,-1.2045
104.089,5,-35.4353,1.6619,-1.2049

# --- Trial 6 start ---
112.731,6,-39.4648,1.6240,-1.2563
112.768,6,-39.4637,1.6203,-1.2551
112.782,6,-39.4633,1.6187,-1.2548
112.806,6,-39.4628,1.6151,-1.2542
112.819,6,-39.4620,1.6121,-1.2537
112.831,6,-39.4613,1.6094,-1.2534
112.853,6,-39.4610,1.6083,-1.2535
112.864,6,-39.4608,1.6069,-1.2534
112.876,6,-39.4606,1.6053,-1.2534
112.889,6,-39.4603,1.6024,-1.2533
112.903,6,-39.4603,1.6015,-1.2535
112.914,6,-39.4602,1.6011,-1.2536
112.931,6,-39.4603,1.6012,-1.2538
112.942,6,-39.4605,1.6008,-1.2540
112.965,6,-39.4610,1.5976,-1.2545
112.976,6,-39.4609,1.5991,-1.2546
112.991,6,-39.4612,1.6034,-1.2551
113.003,6,-39.4608,1.6077,-1.2555
113.014,6,-39.4605,1.6110,-1.2556
113.025,6,-39.4603,1.6137,-1.2559
113.036,6,-39.4598,1.6164,-1.2561
113.048,6,-39.4594,1.6200,-1.2564
113.059,6,-39.4591,1.6242,-1.2566
113.071,6,-39.4592,1.6277,-1.2565
113.083,6,-39.4591,1.6306,-1.2563
113.094,6,-39.4590,1.6332,-1.2561
113.106,6,-39.4586,1.6353,-1.2558
113.117,6,-39.4585,1.6370,-1.2557
113.129,6,-39.4581,1.6384,-1.2555
113.141,6,-39.4575,1.6394,-1.2552
113.152,6,-39.4572,1.6406,-1.2550
113.164,6,-39.4567,1.6416,-1.2546
113.175,6,-39.4562,1.6425,-1.2547
113.187,6,-39.4556,1.6429,-1.2544
113.198,6,-39.4551,1.6428,-1.2541
113.210,6,-39.4546,1.6422,-1.2537
113.221,6,-39.4541,1.6418,-1.2532
113.233,6,-39.4539,1.6413,-1.2530
113.244,6,-39.4535,1.6413,-1.2526
113.256,6,-39.4532,1.6413,-1.2523
113.268,6,-39.4527,1.6412,-1.2518
113.279,6,-39.4518,1.6409,-1.2511
113.291,6,-39.4513,1.6407,-1.2507
113.301,6,-39.4507,1.6403,-1.2500
113.313,6,-39.4501,1.6403,-1.2495
113.324,6,-39.4494,1.6403,-1.2491
113.336,6,-39.4488,1.6403,-1.2487
113.347,6,-39.4481,1.6404,-1.2485
113.359,6,-39.4472,1.6403,-1.2478
113.371,6,-39.4465,1.6399,-1.2475
113.382,6,-39.4456,1.6398,-1.2473
113.394,6,-39.4447,1.6399,-1.2471
113.405,6,-39.4437,1.6400,-1.2467
113.416,6,-39.4428,1.6401,-1.2463
113.428,6,-39.4418,1.6401,-1.2457
113.440,6,-39.4409,1.6401,-1.2451
113.451,6,-39.4398,1.6399,-1.2446
113.463,6,-39.4387,1.6398,-1.2441
113.473,6,-39.4376,1.6400,-1.2437
113.484,6,-39.4364,1.6400,-1.2431
113.497,6,-39.4352,1.6400,-1.2425
113.509,6,-39.4340,1.6398,-1.2418
113.520,6,-39.4328,1.6396,-1.2410
113.532,6,-39.4314,1.6394,-1.2404
113.542,6,-39.4300,1.6393,-1.2398
113.554,6,-39.4283,1.6393,-1.2395
113.565,6,-39.4269,1.6392,-1.2388
113.576,6,-39.4255,1.6391,-1.2383
113.587,6,-39.4240,1.6390,-1.2379
113.598,6,-39.4225,1.6386,-1.2372
113.610,6,-39.4209,1.6385,-1.2366
113.621,6,-39.4194,1.6384,-1.2361
113.632,6,-39.4175,1.6385,-1.2358
113.644,6,-39.4158,1.6385,-1.2352
113.657,6,-39.4141,1.6384,-1.2345
113.667,6,-39.4123,1.6384,-1.2339
113.678,6,-39.4105,1.6383,-1.2332
113.689,6,-39.4087,1.6383,-1.2325
113.700,6,-39.4067,1.6383,-1.2319
113.711,6,-39.4047,1.6382,-1.2313
113.722,6,-39.4026,1.6381,-1.2307
113.733,6,-39.4004,1.6379,-1.2299
113.744,6,-39.3984,1.6375,-1.2292
113.756,6,-39.3964,1.6370,-1.2283
113.768,6,-39.3941,1.6367,-1.2277
113.779,6,-39.3917,1.6364,-1.2270
113.791,6,-39.3893,1.6363,-1.2265
113.802,6,-39.3868,1.6361,-1.2260
113.813,6,-39.3842,1.6357,-1.2254
113.825,6,-39.3818,1.6349,-1.2247
113.838,6,-39.3793,1.6343,-1.2241
113.850,6,-39.3767,1.6339,-1.2236
113.862,6,-39.3740,1.6334,-1.2230
113.874,6,-39.3685,1.6326,-1.2222
113.896,6,-39.3653,1.6322,-1.2219
113.910,6,-39.3595,1.6315,-1.2212
113.921,6,-39.3565,1.6313,-1.2208
113.937,6,-39.3531,1.6317,-1.2206
113.949,6,-39.3499,1.6317,-1.2205
113.961,6,-39.3466,1.6317,-1.2203
113.972,6,-39.3432,1.6317,-1.2202
113.985,6,-39.3397,1.6318,-1.2202
113.997,6,-39.3360,1.6319,-1.2202
114.009,6,-39.3322,1.6320,-1.2202
114.021,6,-39.3284,1.6320,-1.2204
114.033,6,-39.3245,1.6319,-1.2205
114.045,6,-39.3202,1.6317,-1.2209
114.057,6,-39.3120,1.6313,-1.2213
114.068,6,-39.3077,1.6309,-1.2216
114.084,6,-39.3027,1.6301,-1.2221
114.096,6,-39.2979,1.6295,-1.2226
114.107,6,-39.2929,1.6287,-1.2232
114.118,6,-39.2878,1.6277,-1.2237
114.130,6,-39.2827,1.6264,-1.2240
114.141,6,-39.2774,1.6251,-1.2244
114.153,6,-39.2720,1.6238,-1.2250
114.165,6,-39.2664,1.6226,-1.2256
114.176,6,-39.2606,1.6213,-1.2263
114.188,6,-39.2546,1.6199,-1.2270
114.201,6,-39.2484,1.6186,-1.2279
114.213,6,-39.2422,1.6173,-1.2286
114.225,6,-39.2301,1.6147,-1.2300
114.236,6,-39.2234,1.6136,-1.2308
114.252,6,-39.2165,1.6128,-1.2318
114.264,6,-39.2094,1.6122,-1.2328
114.276,6,-39.2023,1.6117,-1.2338
114.289,6,-39.1951,1.6114,-1.2350
114.301,6,-39.1873,1.6111,-1.2362
114.313,6,-39.1798,1.6109,-1.2375
114.324,6,-39.1719,1.6107,-1.2388
114.335,6,-39.1639,1.6110,-1.2403
114.346,6,-39.1555,1.6117,-1.2418
114.359,6,-39.1471,1.6128,-1.2434
114.372,6,-39.1385,1.6139,-1.2449
114.384,6,-39.1221,1.6158,-1.2478
114.397,6,-39.1137,1.6172,-1.2491
114.413,6,-39.1050,1.6190,-1.2505
114.425,6,-39.0962,1.6206,-1.2520
114.436,6,-39.0876,1.6220,-1.2534
114.449,6,-39.0795,1.6232,-1.2543
114.462,6,-39.0709,1.6242,-1.2555
114.475,6,-39.0622,1.6249,-1.2568
114.488,6,-39.0533,1.6255,-1.2578
114.502,6,-39.0366,1.6266,-1.2598
114.514,6,-39.0281,1.6271,-1.2606
114.528,6,-39.0198,1.6275,-1.2613
114.541,6,-39.0116,1.6283,-1.2619
114.552,6,-39.0032,1.6290,-1.2625
114.565,6,-38.9948,1.6298,-1.2630
114.578,6,-38.9865,1.6303,-1.2633
114.590,6,-38.9702,1.6314,-1.2642
114.603,6,-38.9620,1.6316,-1.2644
114.618,6,-38.9540,1.6318,-1.2643
114.630,6,-38.9459,1.6321,-1.2645
114.642,6,-38.9376,1.6322,-1.2646
114.654,6,-38.9294,1.6321,-1.2646
114.664,6,-38.9212,1.6319,-1.2646
114.675,6,-38.9127,1.6317,-1.2646
114.687,6,-38.9043,1.6310,-1.2645
114.698,6,-38.8961,1.6304,-1.2644
114.709,6,-38.8878,1.6295,-1.2642
114.720,6,-38.8791,1.6285,-1.2641
114.732,6,-38.8706,1.6275,-1.2638
114.743,6,-38.8616,1.6263,-1.2636
114.754,6,-38.8528,1.6251,-1.2634
114.765,6,-38.8439,1.6236,-1.2630
114.778,6,-38.8350,1.6220,-1.2625
114.789,6,-38.8259,1.6201,-1.2621
114.799,6,-38.8166,1.6182,-1.2616
114.811,6,-38.8073,1.6162,-1.2611
114.822,6,-38.7980,1.6142,-1.2606
114.833,6,-38.7887,1.6121,-1.2598
114.844,6,-38.7793,1.6101,-1.2591
114.856,6,-38.7697,1.6080,-1.2582
114.867,6,-38.7600,1.6061,-1.2573
114.878,6,-38.7502,1.6044,-1.2564
114.889,6,-38.7404,1.6030,-1.2554
114.901,6,-38.7304,1.6021,-1.2544
114.911,6,-38.7206,1.6012,-1.2533
114.923,6,-38.7107,1.6007,-1.2520
114.934,6,-38.7008,1.6002,-1.2506
114.945,6,-38.6910,1.5998,-1.2493
114.957,6,-38.6810,1.5997,-1.2481
114.968,6,-38.6711,1.6000,-1.2467
114.979,6,-38.6611,1.6014,-1.2454
114.990,6,-38.6512,1.6032,-1.2441
115.001,6,-38.6414,1.6051,-1.2427
115.016,6,-38.6213,1.6088,-1.2401
115.028,6,-38.6111,1.6114,-1.2388
115.041,6,-38.6009,1.6138,-1.2377
115.052,6,-38.5909,1.6159,-1.2365
115.063,6,-38.5809,1.6177,-1.2354
115.074,6,-38.5708,1.6194,-1.2344
115.085,6,-38.5607,1.6210,-1.2334
115.097,6,-38.5508,1.6225,-1.2326
115.108,6,-38.5408,1.6240,-1.2318
115.119,6,-38.5306,1.6255,-1.2312
115.130,6,-38.5207,1.6270,-1.2306
115.142,6,-38.5108,1.6284,-1.2301
115.154,6,-38.5010,1.6300,-1.2297
115.166,6,-38.4914,1.6314,-1.2294
115.178,6,-38.4817,1.6327,-1.2291
115.189,6,-38.4721,1.6338,-1.2289
115.201,6,-38.4529,1.6359,-1.2284
115.212,6,-38.4433,1.6366,-1.2283
115.228,6,-38.4338,1.6372,-1.2283
115.240,6,-38.4243,1.6377,-1.2281
115.252,6,-38.4145,1.6380,-1.2281
115.263,6,-38.4049,1.6378,-1.2280
115.276,6,-38.3952,1.6377,-1.2279
115.287,6,-38.3855,1.6369,-1.2279
115.299,6,-38.3756,1.6359,-1.2279
115.310,6,-38.3657,1.6349,-1.2280
115.322,6,-38.3558,1.6334,-1.2280
115.332,6,-38.3458,1.6319,-1.2281
115.344,6,-38.3357,1.6300,-1.2282
115.356,6,-38.3256,1.6281,-1.2283
115.368,6,-38.3155,1.6259,-1.2284
115.379,6,-38.3053,1.6237,-1.2287
115.391,6,-38.2848,1.6192,-1.2290
115.402,6,-38.2742,1.6164,-1.2293
115.418,6,-38.2633,1.6139,-1.2298
115.431,6,-38.2525,1.6117,-1.2304
115.443,6,-38.2416,1.6098,-1.2310
115.454,6,-38.2307,1.6080,-1.2316
115.467,6,-38.2196,1.6063,-1.2323
115.479,6,-38.2084,1.6047,-1.2330
115.490,6,-38.1972,1.6037,-1.2339
115.502,6,-38.1751,1.6018,-1.2356
115.515,6,-38.1639,1.6019,-1.2367
115.528,6,-38.1525,1.6024,-1.2379
115.540,6,-38.1412,1.6035,-1.2391
115.553,6,-38.1299,1.6052,-1.2402
115.566,6,-38.1185,1.6083,-1.2415
115.578,6,-38.1070,1.6114,-1.2427
115.590,6,-38.0956,1.6142,-1.2438
115.601,6,-38.0844,1.6168,-1.2449
115.613,6,-38.0621,1.6214,-1.2470
115.624,6,-38.0512,1.6237,-1.2479
115.639,6,-38.0405,1.6256,-1.2485
115.651,6,-38.0298,1.6272,-1.2491
115.663,6,-38.0192,1.6288,-1.2496
115.675,6,-38.0086,1.6304,-1.2501
115.686,6,-37.9982,1.6322,-1.2507
115.698,6,-37.9878,1.6341,-1.2512
115.709,6,-37.9775,1.6361,-1.2516
115.721,6,-37.9673,1.6382,-1.2520
115.733,6,-37.9569,1.6401,-1.2524
115.743,6,-37.9467,1.6419,-1.2528
115.755,6,-37.9364,1.6434,-1.2530
115.769,6,-37.9261,1.6447,-1.2533
115.780,6,-37.9057,1.6475,-1.2537
115.793,6,-37.8959,1.6483,-1.2537
115.807,6,-37.8860,1.6489,-1.2538
115.818,6,-37.8762,1.6493,-1.2539
115.830,6,-37.8663,1.6494,-1.2541
115.842,6,-37.8563,1.6491,-1.2541
115.853,6,-37.8462,1.6487,-1.2541
115.864,6,-37.8361,1.6478,-1.2542
115.875,6,-37.8260,1.6468,-1.2541
115.886,6,-37.8152,1.6455,-1.2541
115.897,6,-37.8046,1.6441,-1.2540
115.908,6,-37.7938,1.6423,-1.2540
115.918,6,-37.7829,1.6402,-1.2539
115.930,6,-37.7718,1.6375,-1.2536
115.941,6,-37.7607,1.6346,-1.2533
115.953,6,-37.7494,1.6313,-1.2529
115.965,6,-37.7379,1.6285,-1.2525
115.977,6,-37.7263,1.6257,-1.2520
115.988,6,-37.7149,1.6231,-1.2515
116.000,6,-37.7033,1.6205,-1.2509
116.011,6,-37.6918,1.6180,-1.2502
116.023,6,-37.6802,1.6158,-1.2494
116.034,6,-37.6687,1.6140,-1.2486
116.046,6,-37.6571,1.6126,-1.2478
116.058,6,-37.6454,1.6121,-1.2468
116.069,6,-37.6337,1.6118,-1.2459
116.081,6,-37.6226,1.6117,-1.2448
116.092,6,-37.6109,1.6118,-1.2437
116.104,6,-37.5992,1.6127,-1.2425
116.115,6,-37.5876,1.6146,-1.2413
116.126,6,-37.5760,1.6169,-1.2401
116.138,6,-37.5645,1.6190,-1.2390
116.150,6,-37.5529,1.6211,-1.2379
116.162,6,-37.5413,1.6231,-1.2371
116.173,6,-37.5298,1.6250,-1.2364
116.183,6,-37.5182,1.6269,-1.2358
116.194,6,-37.5067,1.6285,-1.2351
116.206,6,-37.4951,1.6301,-1.2346
116.217,6,-37.4835,1.6320,-1.2341
116.229,6,-37.4722,1.6339,-1.2336
116.240,6,-37.4608,1.6358,-1.2332
116.251,6,-37.4496,1.6378,-1.2329
116.263,6,-37.4382,1.6400,-1.2326
116.275,6,-37.4272,1.6420,-1.2325
116.287,6,-37.4161,1.6439,-1.2325
116.298,6,-37.4050,1.6455,-1.2327
116.309,6,-37.3939,1.6469,-1.2328
116.321,6,-37.3830,1.6481,-1.2329
116.334,6,-37.3720,1.6490,-1.2331
116.345,6,-37.3613,1.6498,-1.2331
116.357,6,-37.3505,1.6501,-1.2332
116.369,6,-37.3289,1.6509,-1.2333
116.380,6,-37.3181,1.6503,-1.2334
116.395,6,-37.3074,1.6489,-1.2336
116.407,6,-37.2966,1.6476,-1.2338
116.418,6,-37.2858,1.6464,-1.2339
116.430,6,-37.2749,1.6446,-1.2342
116.441,6,-37.2640,1.6428,-1.2344
116.452,6,-37.2529,1.6410,-1.2346
116.464,6,-37.2417,1.6386,-1.2348
116.480,6,-37.2305,1.6362,-1.2351
116.496,6,-37.2081,1.6316,-1.2357
116.511,6,-37.1967,1.6292,-1.2361
116.526,6,-37.1854,1.6271,-1.2367
116.541,6,-37.1627,1.6231,-1.2376
116.557,6,-37.1514,1.6216,-1.2382
116.572,6,-37.1286,1.6183,-1.2394
116.588,6,-37.1170,1.6172,-1.2403
116.603,6,-37.0941,1.6154,-1.2419
116.617,6,-37.0826,1.6155,-1.2429
116.653,6,-37.0709,1.6162,-1.2441
116.665,6,-37.0362,1.6174,-1.2470
116.678,6,-37.0130,1.6198,-1.2489
116.690,6,-37.0014,1.6219,-1.2497
116.703,6,-36.9898,1.6238,-1.2505
116.715,6,-36.9783,1.6258,-1.2512
116.727,6,-36.9669,1.6278,-1.2519
116.739,6,-36.9555,1.6297,-1.2524
116.752,6,-36.9442,1.6316,-1.2528
116.763,6,-36.9328,1.6335,-1.2532
116.775,6,-36.9217,1.6357,-1.2535
116.787,6,-36.8993,1.6400,-1.2543
116.799,6,-36.8883,1.6423,-1.2544
116.815,6,-36.8775,1.6450,-1.2542
116.826,6,-36.8667,1.6474,-1.2541
116.838,6,-36.8560,1.6496,-1.2540
116.854,6,-36.8455,1.6513,-1.2538
116.870,6,-36.8243,1.6547,-1.2535
116.882,6,-36.8141,1.6555,-1.2533
116.893,6,-36.8039,1.6562,-1.2530
116.905,6,-36.7938,1.6567,-1.2528
116.916,6,-36.7835,1.6571,-1.2525
116.927,6,-36.7734,1.6569,-1.2522
116.939,6,-36.7631,1.6565,-1.2519
116.950,6,-36.7529,1.6555,-1.2516
116.961,6,-36.7428,1.6544,-1.2513
116.973,6,-36.7325,1.6528,-1.2509
116.984,6,-36.7222,1.6513,-1.2504
116.995,6,-36.7118,1.6495,-1.2500
117.010,6,-36.7014,1.6474,-1.2496
117.024,6,-36.6808,1.6434,-1.2487
117.037,6,-36.6703,1.6406,-1.2481
117.050,6,-36.6599,1.6378,-1.2475
117.061,6,-36.6494,1.6350,-1.2467
117.072,6,-36.6389,1.6324,-1.2460
117.083,6,-36.6285,1.6299,-1.2451
117.093,6,-36.6180,1.6276,-1.2442
117.105,6,-36.6076,1.6256,-1.2432
117.116,6,-36.5972,1.6239,-1.2421
117.128,6,-36.5868,1.6224,-1.2410
117.138,6,-36.5765,1.6212,-1.2399
117.149,6,-36.5661,1.6201,-1.2387
117.161,6,-36.5558,1.6194,-1.2375
117.171,6,-36.5455,1.6188,-1.2363
117.183,6,-36.5353,1.6187,-1.2350
117.194,6,-36.5251,1.6192,-1.2338
117.205,6,-36.5150,1.6200,-1.2325
117.216,6,-36.5050,1.6221,-1.2314
117.227,6,-36.4950,1.6240,-1.2302
117.238,6,-36.4849,1.6264,-1.2290
117.250,6,-36.4748,1.6286,-1.2277
117.261,6,-36.4648,1.6310,-1.2266
117.272,6,-36.4546,1.6330,-1.2255
117.284,6,-36.4446,1.6348,-1.2245
117.295,6,-36.4345,1.6363,-1.2237
117.306,6,-36.4246,1.6379,-1.2229
117.318,6,-36.4147,1.6397,-1.2221
117.330,6,-36.4049,1.6415,-1.2215
117.341,6,-36.3952,1.6433,-1.2208
117.352,6,-36.3856,1.6450,-1.2201
117.365,6,-36.3761,1.6466,-1.2195
117.376,6,-36.3667,1.6483,-1.2189
117.387,6,-36.3572,1.6501,-1.2185
117.399,6,-36.3385,1.6534,-1.2175
117.410,6,-36.3293,1.6548,-1.2172
117.428,6,-36.3206,1.6556,-1.2170
117.439,6,-36.3116,1.6566,-1.2168
117.451,6,-36.3026,1.6574,-1.2167
117.462,6,-36.2936,1.6581,-1.2165
117.474,6,-36.2847,1.6587,-1.2164
117.486,6,-36.2758,1.6589,-1.2163
117.498,6,-36.2669,1.6591,-1.2162
117.510,6,-36.2579,1.6590,-1.2161
117.524,6,-36.2402,1.6589,-1.2159
117.536,6,-36.2313,1.6581,-1.2158
117.549,6,-36.2224,1.6572,-1.2157
117.562,6,-36.2135,1.6561,-1.2157
117.574,6,-36.2046,1.6548,-1.2157
117.584,6,-36.1956,1.6535,-1.2157
117.596,6,-36.1866,1.6517,-1.2157
117.608,6,-36.1776,1.6497,-1.2157
117.620,6,-36.1687,1.6476,-1.2159
117.631,6,-36.1595,1.6457,-1.2160
117.642,6,-36.1505,1.6437,-1.2163
117.654,6,-36.1410,1.6417,-1.2166
117.666,6,-36.1314,1.6398,-1.2169
117.677,6,-36.1219,1.6379,-1.2173
117.689,6,-36.1124,1.6361,-1.2177
117.701,6,-36.1030,1.6344,-1.2178
117.712,6,-36.0938,1.6331,-1.2184
117.724,6,-36.0842,1.6321,-1.2191
117.735,6,-36.0746,1.6314,-1.2198
117.747,6,-36.0649,1.6304,-1.2207
117.759,6,-36.0549,1.6294,-1.2216
117.770,6,-36.0457,1.6288,-1.2224
117.781,6,-36.0362,1.6292,-1.2235
117.792,6,-36.0266,1.6302,-1.2245
117.802,6,-36.0172,1.6312,-1.2254
117.814,6,-36.0082,1.6324,-1.2264
117.825,6,-35.9989,1.6336,-1.2274
117.840,6,-35.9894,1.6357,-1.2284
117.852,6,-35.9715,1.6391,-1.2304
117.863,6,-35.9623,1.6416,-1.2314
117.880,6,-35.9533,1.6440,-1.2323
117.892,6,-35.9443,1.6461,-1.2332
117.903,6,-35.9354,1.6481,-1.2340
117.915,6,-35.9269,1.6499,-1.2348
117.926,6,-35.9181,1.6517,-1.2354
117.938,6,-35.9095,1.6536,-1.2360
117.950,6,-35.9012,1.6555,-1.2365
117.962,6,-35.8930,1.6574,-1.2370
117.973,6,-35.8850,1.6593,-1.2374
117.985,6,-35.8769,1.6612,-1.2378
117.996,6,-35.8690,1.6627,-1.2383
118.007,6,-35.8612,1.6641,-1.2386
118.018,6,-35.8536,1.6652,-1.2388
118.028,6,-35.8462,1.6659,-1.2390
118.039,6,-35.8387,1.6667,-1.2393
118.050,6,-35.8314,1.6673,-1.2394
118.061,6,-35.8241,1.6678,-1.2394
118.072,6,-35.8170,1.6681,-1.2394
118.083,6,-35.8099,1.6683,-1.2393
118.095,6,-35.8029,1.6684,-1.2393
118.106,6,-35.7960,1.6682,-1.2391
118.116,6,-35.7891,1.6681,-1.2389
118.128,6,-35.7823,1.6679,-1.2386
118.139,6,-35.7756,1.6678,-1.2382
118.150,6,-35.7689,1.6675,-1.2378
118.162,6,-35.7623,1.6671,-1.2373
118.173,6,-35.7558,1.6667,-1.2369
118.184,6,-35.7493,1.6661,-1.2363
118.195,6,-35.7428,1.6657,-1.2358
118.207,6,-35.7365,1.6651,-1.2351
118.218,6,-35.7301,1.6644,-1.2346
118.229,6,-35.7238,1.6637,-1.2338
118.239,6,-35.7173,1.6628,-1.2330
118.251,6,-35.7109,1.6618,-1.2322
118.269,6,-35.7045,1.6606,-1.2312
118.282,6,-35.6921,1.6589,-1.2293
118.293,6,-35.6861,1.6579,-1.2283
118.309,6,-35.6802,1.6569,-1.2270
118.320,6,-35.6741,1.6560,-1.2258
118.332,6,-35.6681,1.6551,-1.2246
118.343,6,-35.6620,1.6543,-1.2232
118.355,6,-35.6560,1.6535,-1.2219
118.367,6,-35.6500,1.6526,-1.2204
118.378,6,-35.6441,1.6519,-1.2190
118.390,6,-35.6382,1.6513,-1.2175
118.402,6,-35.6324,1.6508,-1.2160
118.413,6,-35.6266,1.6506,-1.2146
118.424,6,-35.6210,1.6506,-1.2131
118.437,6,-35.6153,1.6509,-1.2116
118.448,6,-35.6098,1.6513,-1.2101
118.459,6,-35.6044,1.6519,-1.2086
118.470,6,-35.5989,1.6528,-1.2070
118.482,6,-35.5936,1.6541,-1.2055
118.494,6,-35.5883,1.6552,-1.2041
118.506,6,-35.5832,1.6560,-1.2027
118.518,6,-35.5779,1.6567,-1.2012
118.531,6,-35.5729,1.6576,-1.1999
118.543,6,-35.5678,1.6584,-1.1987
118.554,6,-35.5628,1.6591,-1.1976
118.566,6,-35.5579,1.6598,-1.1966
118.578,6,-35.5481,1.6611,-1.1946
118.589,6,-35.5434,1.6618,-1.1937
118.606,6,-35.5389,1.6625,-1.1931
118.618,6,-35.5343,1.6631,-1.1923
118.629,6,-35.5298,1.6638,-1.1916
118.641,6,-35.5254,1.6644,-1.1910
118.652,6,-35.5211,1.6651,-1.1906
118.664,6,-35.5169,1.6659,-1.1902
118.674,6,-35.5129,1.6666,-1.1899
118.685,6,-35.5089,1.6671,-1.1896
118.697,6,-35.5051,1.6675,-1.1895
118.708,6,-35.5014,1.6677,-1.1894
118.719,6,-35.4979,1.6680,-1.1893
118.732,6,-35.4944,1.6683,-1.1893
118.743,6,-35.4910,1.6685,-1.1893
118.755,6,-35.4876,1.6686,-1.1894
118.767,6,-35.4845,1.6686,-1.1896
118.778,6,-35.4780,1.6688,-1.1899
118.789,6,-35.4749,1.6688,-1.1905
118.805,6,-35.4721,1.6689,-1.1911
118.817,6,-35.4693,1.6690,-1.1914
118.828,6,-35.4664,1.6689,-1.1919
118.839,6,-35.4637,1.6688,-1.1926
118.851,6,-35.4610,1.6687,-1.1932
118.863,6,-35.4584,1.6684,-1.1938
118.874,6,-35.4559,1.6681,-1.1944
118.886,6,-35.4537,1.6678,-1.1951
118.898,6,-35.4516,1.6674,-1.1958
118.909,6,-35.4495,1.6670,-1.1965
118.920,6,-35.4475,1.6667,-1.1975
118.932,6,-35.4456,1.6662,-1.1983
118.943,6,-35.4437,1.6658,-1.1992
118.954,6,-35.4419,1.6652,-1.2002
118.966,6,-35.4401,1.6648,-1.2010
118.977,6,-35.4383,1.6648,-1.2022
118.989,6,-35.4347,1.6648,-1.2040
119.000,6,-35.4331,1.6654,-1.2052
119.016,6,-35.4318,1.6658,-1.2065
119.028,6,-35.4304,1.6660,-1.2078
119.039,6,-35.4290,1.6661,-1.2090
119.051,6,-35.4277,1.6661,-1.2101
119.064,6,-35.4264,1.6662,-1.2113
119.078,6,-35.4252,1.6663,-1.2125
119.090,6,-35.4226,1.6665,-1.2149
119.101,6,-35.4215,1.6665,-1.2160
119.116,6,-35.4204,1.6663,-1.2173
119.128,6,-35.4192,1.6661,-1.2184
119.139,6,-35.4182,1.6659,-1.2198
119.151,6,-35.4172,1.6658,-1.2212
119.162,6,-35.4163,1.6657,-1.2224
119.174,6,-35.4155,1.6656,-1.2236
119.186,6,-35.4146,1.6654,-1.2247
119.197,6,-35.4138,1.6651,-1.2259
119.209,6,-35.4131,1.6649,-1.2270
119.220,6,-35.4124,1.6646,-1.2281
119.232,6,-35.4117,1.6643,-1.2292
119.244,6,-35.4111,1.6641,-1.2302
119.255,6,-35.4104,1.6638,-1.2313
119.267,6,-35.4098,1.6636,-1.2322
119.278,6,-35.4093,1.6632,-1.2333
119.290,6,-35.4088,1.6628,-1.2342
119.301,6,-35.4083,1.6625,-1.2351
119.313,6,-35.4078,1.6622,-1.2358
119.324,6,-35.4074,1.6620,-1.2365
119.335,6,-35.4070,1.6619,-1.2373
119.347,6,-35.4066,1.6618,-1.2378
119.359,6,-35.4064,1.6617,-1.2384
119.370,6,-35.4061,1.6616,-1.2389
119.381,6,-35.4058,1.6615,-1.2394
119.392,6,-35.4056,1.6613,-1.2400
119.403,6,-35.4054,1.6612,-1.2404
119.415,6,-35.4053,1.6612,-1.2410
119.426,6,-35.4052,1.6612,-1.2414
119.437,6,-35.4051,1.6613,-1.2418
119.449,6,-35.4050,1.6614,-1.2422
119.460,6,-35.4050,1.6615,-1.2425
119.471,6,-35.4050,1.6616,-1.2428
119.482,6,-35.4050,1.6617,-1.2431
119.493,6,-35.4050,1.6617,-1.2431
119.506,6,-35.4050,1.6618,-1.2433
119.518,6,-35.4049,1.6620,-1.2438
119.531,6,-35.4049,1.6621,-1.2439
119.543,6,-35.4049,1.6622,-1.2440
119.556,6,-35.4050,1.6622,-1.2442
119.567,6,-35.4050,1.6622,-1.2442
119.579,6,-35.4052,1.6622,-1.2444

# --- Trial 7 start ---
131.999,7,-39.4095,1.6380,-1.2977
132.033,7,-39.4105,1.6379,-1.2970
132.047,7,-39.4110,1.6378,-1.2968
132.063,7,-39.4113,1.6377,-1.2967
132.073,7,-39.4116,1.6377,-1.2965
132.092,7,-39.4119,1.6375,-1.2965
132.106,7,-39.4128,1.6372,-1.2962
132.120,7,-39.4131,1.6371,-1.2961
132.131,7,-39.4136,1.6370,-1.2961
132.141,7,-39.4139,1.6369,-1.2960
132.154,7,-39.4143,1.6368,-1.2959
132.171,7,-39.4147,1.6368,-1.2958
132.181,7,-39.4154,1.6368,-1.2956
132.192,7,-39.4157,1.6368,-1.2956
132.205,7,-39.4160,1.6368,-1.2956
132.216,7,-39.4163,1.6367,-1.2956
132.228,7,-39.4167,1.6366,-1.2954
132.239,7,-39.4169,1.6365,-1.2954
132.250,7,-39.4171,1.6365,-1.2954
132.261,7,-39.4174,1.6364,-1.2954
132.273,7,-39.4177,1.6364,-1.2953
132.285,7,-39.4181,1.6361,-1.2952
132.296,7,-39.4183,1.6359,-1.2952
132.308,7,-39.4186,1.6357,-1.2950
132.319,7,-39.4188,1.6355,-1.2950
132.330,7,-39.4192,1.6354,-1.2948
132.341,7,-39.4194,1.6352,-1.2947
132.352,7,-39.4197,1.6351,-1.2946
132.364,7,-39.4198,1.6350,-1.2944
132.375,7,-39.4200,1.6349,-1.2943
132.387,7,-39.4202,1.6348,-1.2941
132.401,7,-39.4203,1.6346,-1.2939
132.416,7,-39.4205,1.6344,-1.2936
132.427,7,-39.4207,1.6343,-1.2934
132.439,7,-39.4207,1.6342,-1.2931
132.450,7,-39.4209,1.6341,-1.2928
132.461,7,-39.4210,1.6340,-1.2925
132.472,7,-39.4211,1.6339,-1.2922
132.484,7,-39.4211,1.6339,-1.2918
132.496,7,-39.4211,1.6338,-1.2915
132.507,7,-39.4210,1.6338,-1.2911
132.518,7,-39.4210,1.6337,-1.2907
132.529,7,-39.4210,1.6337,-1.2903
132.541,7,-39.4209,1.6336,-1.2898
132.556,7,-39.4209,1.6335,-1.2893
132.570,7,-39.4210,1.6334,-1.2883
132.580,7,-39.4210,1.6334,-1.2878
132.595,7,-39.4209,1.6334,-1.2872
132.607,7,-39.4209,1.6332,-1.2865
132.618,7,-39.4208,1.6332,-1.2858
132.629,7,-39.4207,1.6332,-1.2851
132.640,7,-39.4206,1.6332,-1.2844
132.651,7,-39.4206,1.6332,-1.2836
132.663,7,-39.4205,1.6332,-1.2828
132.674,7,-39.4203,1.6332,-1.2819
132.685,7,-39.4202,1.6331,-1.2809
132.696,7,-39.4201,1.6331,-1.2800
132.707,7,-39.4200,1.6331,-1.2790
132.718,7,-39.4198,1.6332,-1.2780
132.730,7,-39.4196,1.6333,-1.2769
132.740,7,-39.4195,1.6334,-1.2758
132.751,7,-39.4191,1.6334,-1.2746
132.762,7,-39.4189,1.6335,-1.2734
132.774,7,-39.4187,1.6335,-1.2722
132.786,7,-39.4184,1.6335,-1.2709
132.798,7,-39.4182,1.6335,-1.2695
132.809,7,-39.4180,1.6335,-1.2681
132.821,7,-39.4177,1.6335,-1.2668
132.833,7,-39.4174,1.6335,-1.2653
132.844,7,-39.4171,1.6335,-1.2637
132.855,7,-39.4167,1.6335,-1.2622
132.865,7,-39.4164,1.6334,-1.2606
132.876,7,-39.4160,1.6333,-1.2589
132.887,7,-39.4157,1.6333,-1.2572
132.898,7,-39.4153,1.6332,-1.2555
132.913,7,-39.4150,1.6331,-1.2538
132.924,7,-39.4146,1.6331,-1.2520
132.935,7,-39.4142,1.6331,-1.2502
132.946,7,-39.4138,1.6331,-1.2483
132.957,7,-39.4133,1.6330,-1.2465
132.968,7,-39.4128,1.6329,-1.2447
132.979,7,-39.4123,1.6328,-1.2429
132.990,7,-39.4117,1.6326,-1.2411
133.002,7,-39.4111,1.6323,-1.2393
133.013,7,-39.4104,1.6318,-1.2375
133.025,7,-39.4098,1.6312,-1.2357
133.037,7,-39.4086,1.6300,-1.2322
133.048,7,-39.4080,1.6293,-1.2305
133.065,7,-39.4070,1.6288,-1.2291
133.076,7,-39.4063,1.6287,-1.2277
133.089,7,-39.4054,1.6289,-1.2262
133.101,7,-39.4045,1.6291,-1.2249
133.112,7,-39.4038,1.6291,-1.2237
133.123,7,-39.4030,1.6291,-1.2225
133.134,7,-39.4021,1.6289,-1.2214
133.146,7,-39.4013,1.6291,-1.2203
133.158,7,-39.4004,1.6293,-1.2193
133.169,7,-39.3995,1.6299,-1.2183
133.181,7,-39.3986,1.6304,-1.2173
133.192,7,-39.3979,1.6307,-1.2165
133.204,7,-39.3970,1.6310,-1.2158
133.217,7,-39.3951,1.6315,-1.2144
133.231,7,-39.3941,1.6318,-1.2141
133.245,7,-39.3931,1.6322,-1.2136
133.257,7,-39.3922,1.6327,-1.2132
133.269,7,-39.3912,1.6331,-1.2130
133.281,7,-39.3892,1.6337,-1.2123
133.292,7,-39.3882,1.6337,-1.2122
133.309,7,-39.3872,1.6337,-1.2123
133.321,7,-39.3862,1.6337,-1.2123
133.332,7,-39.3852,1.6336,-1.2123
133.343,7,-39.3842,1.6335,-1.2123
133.355,7,-39.3832,1.6332,-1.2125
133.367,7,-39.3822,1.6329,-1.2127
133.379,7,-39.3812,1.6325,-1.2130
133.391,7,-39.3804,1.6320,-1.2132
133.402,7,-39.3795,1.6315,-1.2136
133.414,7,-39.3785,1.6308,-1.2140
133.425,7,-39.3775,1.6301,-1.2144
133.436,7,-39.3767,1.6292,-1.2148
133.447,7,-39.3758,1.6282,-1.2153
133.459,7,-39.3750,1.6271,-1.2158
133.470,7,-39.3735,1.6249,-1.2167
133.481,7,-39.3728,1.6235,-1.2172
133.498,7,-39.3722,1.6217,-1.2179
133.509,7,-39.3715,1.6197,-1.2187
133.521,7,-39.3709,1.6176,-1.2194
133.533,7,-39.3703,1.6157,-1.2202
133.544,7,-39.3698,1.6141,-1.2209
133.556,7,-39.3692,1.6130,-1.2217
133.568,7,-39.3686,1.6121,-1.2225
133.580,7,-39.3681,1.6110,-1.2233
133.592,7,-39.3675,1.6096,-1.2243
133.603,7,-39.3671,1.6078,-1.2253
133.616,7,-39.3664,1.6037,-1.2272
133.628,7,-39.3664,1.6023,-1.2282
133.643,7,-39.3653,1.6064,-1.2293
133.655,7,-39.3651,1.6090,-1.2302
133.666,7,-39.3643,1.6106,-1.2308
133.678,7,-39.3632,1.6116,-1.2314
133.689,7,-39.3623,1.6123,-1.2324
133.701,7,-39.3614,1.6135,-1.2332
133.714,7,-39.3606,1.6159,-1.2341
133.725,7,-39.3599,1.6184,-1.2349
133.737,7,-39.3594,1.6203,-1.2357
133.749,7,-39.3584,1.6236,-1.2371
133.760,7,-39.3575,1.6250,-1.2378
133.776,7,-39.3568,1.6259,-1.2380
133.787,7,-39.3560,1.6272,-1.2384
133.799,7,-39.3550,1.6284,-1.2388
133.810,7,-39.3539,1.6298,-1.2391
133.822,7,-39.3531,1.6312,-1.2396
133.833,7,-39.3521,1.6326,-1.2398
133.845,7,-39.3511,1.6334,-1.2404
133.856,7,-39.3500,1.6335,-1.2405
133.868,7,-39.3489,1.6336,-1.2407
133.880,7,-39.3479,1.6333,-1.2406
133.892,7,-39.3470,1.6333,-1.2405
133.903,7,-39.3461,1.6340,-1.2406
133.915,7,-39.3451,1.6345,-1.2404
133.927,7,-39.3431,1.6348,-1.2402
133.940,7,-39.3419,1.6345,-1.2399
133.955,7,-39.3406,1.6340,-1.2397
133.970,7,-39.3394,1.6339,-1.2394
133.985,7,-39.3369,1.6339,-1.2390
133.997,7,-39.3356,1.6338,-1.2387
134.008,7,-39.3341,1.6334,-1.2384
134.020,7,-39.3328,1.6327,-1.2378
134.030,7,-39.3312,1.6322,-1.2375
134.042,7,-39.3297,1.6316,-1.2373
134.054,7,-39.3280,1.6313,-1.2372
134.065,7,-39.3264,1.6307,-1.2368
134.077,7,-39.3245,1.6303,-1.2362
134.088,7,-39.3225,1.6299,-1.2358
134.100,7,-39.3205,1.6294,-1.2352
134.112,7,-39.3182,1.6293,-1.2347
134.130,7,-39.3155,1.6290,-1.2342
134.144,7,-39.3109,1.6282,-1.2331
134.155,7,-39.3084,1.6277,-1.2327
134.169,7,-39.3057,1.6268,-1.2319
134.180,7,-39.3030,1.6258,-1.2313
134.192,7,-39.3001,1.6249,-1.2306
134.204,7,-39.2971,1.6246,-1.2302
134.215,7,-39.2939,1.6249,-1.2298
134.227,7,-39.2907,1.6249,-1.2295
134.238,7,-39.2875,1.6247,-1.2290
134.249,7,-39.2842,1.6241,-1.2289
134.261,7,-39.2811,1.6234,-1.2284
134.273,7,-39.2779,1.6232,-1.2282
134.284,7,-39.2747,1.6232,-1.2282
134.295,7,-39.2712,1.6236,-1.2282
134.306,7,-39.2678,1.6237,-1.2281
134.317,7,-39.2646,1.6235,-1.2280
134.328,7,-39.2612,1.6233,-1.2279
134.339,7,-39.2578,1.6228,-1.2278
134.351,7,-39.2541,1.6225,-1.2280
134.361,7,-39.2502,1.6220,-1.2281
134.372,7,-39.2463,1.6218,-1.2283
134.384,7,-39.2420,1.6213,-1.2286
134.396,7,-39.2376,1.6207,-1.2287
134.407,7,-39.2334,1.6202,-1.2291
134.418,7,-39.2290,1.6195,-1.2293
134.430,7,-39.2243,1.6189,-1.2296
134.441,7,-39.2192,1.6184,-1.2303
134.452,7,-39.2143,1.6177,-1.2308
134.464,7,-39.2091,1.6171,-1.2315
134.476,7,-39.2039,1.6162,-1.2319
134.487,7,-39.1987,1.6154,-1.2325
134.499,7,-39.1936,1.6145,-1.2329
134.510,7,-39.1882,1.6136,-1.2336
134.522,7,-39.1827,1.6130,-1.2345
134.534,7,-39.1769,1.6123,-1.2354
134.546,7,-39.1711,1.6116,-1.2364
134.556,7,-39.1653,1.6107,-1.2373
134.567,7,-39.1592,1.6101,-1.2385
134.579,7,-39.1533,1.6095,-1.2396
134.589,7,-39.1471,1.6090,-1.2407
134.600,7,-39.1409,1.6086,-1.2421
134.612,7,-39.1344,1.6082,-1.2434
134.624,7,-39.1277,1.6079,-1.2450
134.636,7,-39.1212,1.6074,-1.2464
134.649,7,-39.1078,1.6065,-1.2495
134.662,7,-39.1013,1.6061,-1.2512
134.677,7,-39.0942,1.6059,-1.2530
134.690,7,-39.0871,1.6057,-1.2548
134.702,7,-39.0798,1.6059,-1.2567
134.714,7,-39.0726,1.6063,-1.2585
134.725,7,-39.0653,1.6068,-1.2604
134.737,7,-39.0506,1.6075,-1.2640
134.749,7,-39.0426,1.6087,-1.2659
134.765,7,-39.0344,1.6107,-1.2681
134.778,7,-39.0261,1.6127,-1.2700
134.790,7,-39.0179,1.6149,-1.2719
134.802,7,-39.0100,1.6168,-1.2736
134.814,7,-39.0020,1.6187,-1.2752
134.827,7,-38.9939,1.6203,-1.2769
134.838,7,-38.9855,1.6219,-1.2787
134.849,7,-38.9774,1.6233,-1.2803
134.860,7,-38.9691,1.6245,-1.2818
134.872,7,-38.9611,1.6255,-1.2831
134.884,7,-38.9529,1.6267,-1.2844
134.894,7,-38.9449,1.6277,-1.2856
134.906,7,-38.9367,1.6289,-1.2867
134.916,7,-38.9287,1.6300,-1.2879
134.927,7,-38.9207,1.6310,-1.2889
134.939,7,-38.9125,1.6319,-1.2898
134.949,7,-38.9045,1.6326,-1.2906
134.961,7,-38.8970,1.6329,-1.2911
134.972,7,-38.8891,1.6334,-1.2917
134.984,7,-38.8812,1.6338,-1.2922
134.995,7,-38.8732,1.6343,-1.2929
135.007,7,-38.8655,1.6346,-1.2933
135.018,7,-38.8576,1.6346,-1.2937
135.029,7,-38.8498,1.6344,-1.2942
135.041,7,-38.8422,1.6340,-1.2944
135.052,7,-38.8343,1.6334,-1.2946
135.064,7,-38.8264,1.6327,-1.2948
135.075,7,-38.8183,1.6321,-1.2951
135.086,7,-38.8104,1.6312,-1.2952
135.097,7,-38.8022,1.6304,-1.2954
135.108,7,-38.7938,1.6293,-1.2955
135.119,7,-38.7858,1.6282,-1.2955
135.130,7,-38.7774,1.6269,-1.2954
135.142,7,-38.7691,1.6254,-1.2953
135.154,7,-38.7605,1.6238,-1.2953
135.165,7,-38.7519,1.6220,-1.2952
135.176,7,-38.7433,1.6202,-1.2951
135.188,7,-38.7341,1.6180,-1.2949
135.199,7,-38.7252,1.6159,-1.2945
135.210,7,-38.7157,1.6136,-1.2942
135.221,7,-38.7062,1.6112,-1.2937
135.233,7,-38.6963,1.6090,-1.2934
135.248,7,-38.6865,1.6071,-1.2929
135.258,7,-38.6767,1.6055,-1.2924
135.269,7,-38.6669,1.6042,-1.2918
135.280,7,-38.6573,1.6029,-1.2910
135.291,7,-38.6474,1.6018,-1.2902
135.303,7,-38.6374,1.6009,-1.2895
135.315,7,-38.6272,1.6004,-1.2887
135.326,7,-38.6172,1.5998,-1.2879
135.336,7,-38.6070,1.5998,-1.2869
135.348,7,-38.5968,1.6002,-1.2860
135.360,7,-38.5866,1.6014,-1.2849
135.371,7,-38.5762,1.6035,-1.2839
135.383,7,-38.5659,1.6054,-1.2829
135.394,7,-38.5553,1.6076,-1.2820
135.405,7,-38.5451,1.6100,-1.2810
135.417,7,-38.5348,1.6127,-1.2801
135.428,7,-38.5247,1.6151,-1.2792
135.439,7,-38.5145,1.6170,-1.2783
135.451,7,-38.5042,1.6184,-1.2777
135.462,7,-38.4940,1.6195,-1.2770
135.473,7,-38.4838,1.6207,-1.2765
135.485,7,-38.4737,1.6221,-1.2760
135.496,7,-38.4638,1.6235,-1.2754
135.507,7,-38.4540,1.6250,-1.2750
135.518,7,-38.4443,1.6265,-1.2746
135.530,7,-38.4344,1.6281,-1.2744
135.541,7,-38.4248,1.6296,-1.2742
135.552,7,-38.4150,1.6310,-1.2742
135.563,7,-38.4053,1.6324,-1.2741
135.575,7,-38.3959,1.6335,-1.2739
135.586,7,-38.3864,1.6346,-1.2738
135.597,7,-38.3770,1.6355,-1.2737
135.608,7,-38.3674,1.6363,-1.2737
135.620,7,-38.3578,1.6369,-1.2736
135.631,7,-38.3481,1.6372,-1.2736
135.643,7,-38.3384,1.6374,-1.2736
135.656,7,-38.3288,1.6371,-1.2735
135.667,7,-38.3192,1.6367,-1.2736
135.679,7,-38.3096,1.6359,-1.2736
135.691,7,-38.2999,1.6348,-1.2737
135.703,7,-38.2902,1.6333,-1.2739
135.714,7,-38.2707,1.6309,-1.2741
135.725,7,-38.2609,1.6288,-1.2743
135.741,7,-38.2510,1.6264,-1.2744
135.753,7,-38.2410,1.6241,-1.2746
135.765,7,-38.2309,1.6219,-1.2748
135.776,7,-38.2205,1.6197,-1.2752
135.787,7,-38.2097,1.6174,-1.2755
135.799,7,-38.1987,1.6151,-1.2759
135.811,7,-38.1877,1.6128,-1.2763
135.822,7,-38.1767,1.6106,-1.2768
135.833,7,-38.1657,1.6085,-1.2773
135.844,7,-38.1545,1.6067,-1.2780
135.855,7,-38.1431,1.6051,-1.2787
135.866,7,-38.1318,1.6037,-1.2795
135.878,7,-38.1203,1.6030,-1.2804
135.890,7,-38.1090,1.6030,-1.2813
135.901,7,-38.0976,1.6029,-1.2823
135.913,7,-38.0862,1.6029,-1.2833
135.924,7,-38.0747,1.6031,-1.2842
135.936,7,-38.0630,1.6044,-1.2853
135.948,7,-38.0513,1.6065,-1.2864
135.960,7,-38.0396,1.6086,-1.2874
135.972,7,-38.0278,1.6109,-1.2883
135.984,7,-38.0162,1.6129,-1.2892
135.996,7,-38.0047,1.6152,-1.2901
136.007,7,-37.9933,1.6173,-1.2910
136.018,7,-37.9821,1.6193,-1.2918
136.029,7,-37.9710,1.6211,-1.2926
136.040,7,-37.9600,1.6227,-1.2932
136.053,7,-37.9492,1.6242,-1.2936
136.064,7,-37.9384,1.6258,-1.2942
136.075,7,-37.9277,1.6275,-1.2945
136.087,7,-37.9171,1.6296,-1.2948
136.098,7,-37.9064,1.6318,-1.2950
136.109,7,-37.8959,1.6342,-1.2951
136.121,7,-37.8852,1.6365,-1.2952
136.133,7,-37.8747,1.6385,-1.2951
136.143,7,-37.8642,1.6402,-1.2951
136.157,7,-37.8537,1.6414,-1.2950
136.169,7,-37.8433,1.6425,-1.2949
136.181,7,-37.8224,1.6448,-1.2947
136.193,7,-37.8121,1.6451,-1.2944
136.208,7,-37.8021,1.6448,-1.2943
136.219,7,-37.7920,1.6445,-1.2940
136.231,7,-37.7816,1.6438,-1.2938
136.243,7,-37.7713,1.6428,-1.2935
136.255,7,-37.7610,1.6416,-1.2932
136.267,7,-37.7506,1.6403,-1.2929
136.278,7,-37.7403,1.6389,-1.2925
136.288,7,-37.7298,1.6373,-1.2921
136.300,7,-37.7195,1.6355,-1.2917
136.311,7,-37.7089,1.6336,-1.2912
136.322,7,-37.6983,1.6314,-1.2907
136.333,7,-37.6876,1.6291,-1.2902
136.344,7,-37.6769,1.6268,-1.2895
136.355,7,-37.6663,1.6245,-1.2888
136.365,7,-37.6551,1.6220,-1.2881
136.380,7,-37.6438,1.6195,-1.2871
136.391,7,-37.6327,1.6173,-1.2862
136.401,7,-37.6215,1.6151,-1.2853
136.411,7,-37.6104,1.6131,-1.2843
136.422,7,-37.5992,1.6113,-1.2832
136.433,7,-37.5880,1.6100,-1.2820
136.444,7,-37.5768,1.6090,-1.2807
136.456,7,-37.5656,1.6082,-1.2795
136.468,7,-37.5544,1.6077,-1.2783
136.479,7,-37.5431,1.6073,-1.2771
136.490,7,-37.5319,1.6073,-1.2758
136.502,7,-37.5206,1.6082,-1.2746
136.514,7,-37.5094,1.6096,-1.2734
136.525,7,-37.4988,1.6114,-1.2722
136.536,7,-37.4877,1.6132,-1.2710
136.548,7,-37.4765,1.6151,-1.2698
136.560,7,-37.4655,1.6171,-1.2688
136.571,7,-37.4547,1.6190,-1.2678
136.582,7,-37.4436,1.6206,-1.2668
136.594,7,-37.4324,1.6220,-1.2658
136.605,7,-37.4215,1.6237,-1.2648
136.617,7,-37.4106,1.6256,-1.2639
136.628,7,-37.4000,1.6274,-1.2632
136.639,7,-37.3894,1.6292,-1.2625
136.657,7,-37.3787,1.6310,-1.2618
136.671,7,-37.3579,1.6346,-1.2605
136.683,7,-37.3478,1.6364,-1.2600
136.695,7,-37.3380,1.6381,-1.2595
136.706,7,-37.3280,1.6397,-1.2591
136.718,7,-37.3182,1.6412,-1.2587
136.729,7,-37.3083,1.6425,-1.2584
136.740,7,-37.2984,1.6438,-1.2581
136.752,7,-37.2888,1.6449,-1.2577
136.763,7,-37.2791,1.6458,-1.2574
136.774,7,-37.2693,1.6464,-1.2571
136.786,7,-37.2596,1.6468,-1.2569
136.796,7,-37.2501,1.6468,-1.2566
136.808,7,-37.2403,1.6467,-1.2564
136.819,7,-37.2306,1.6463,-1.2562
136.830,7,-37.2208,1.6458,-1.2559
136.841,7,-37.2109,1.6447,-1.2558
136.853,7,-37.2012,1.6437,-1.2555
136.865,7,-37.1915,1.6424,-1.2553
136.877,7,-37.1817,1.6409,-1.2552
136.888,7,-37.1718,1.6392,-1.2550
136.899,7,-37.1620,1.6374,-1.2549
136.910,7,-37.1521,1.6355,-1.2548
136.921,7,-37.1421,1.6335,-1.2548
136.932,7,-37.1320,1.6316,-1.2548
136.944,7,-37.1218,1.6298,-1.2549
136.955,7,-37.1115,1.6282,-1.2550
136.966,7,-37.1012,1.6265,-1.2552
136.978,7,-37.0909,1.6248,-1.2554
136.989,7,-37.0806,1.6232,-1.2557
137.001,7,-37.0701,1.6217,-1.2560
137.012,7,-37.0598,1.6206,-1.2564
137.024,7,-37.0494,1.6198,-1.2568
137.035,7,-37.0390,1.6192,-1.2573
137.047,7,-37.0181,1.6176,-1.2583
137.058,7,-37.0076,1.6169,-1.2589
137.075,7,-36.9972,1.6173,-1.2597
137.085,7,-36.9868,1.6182,-1.2605
137.096,7,-36.9764,1.6196,-1.2612
137.108,7,-36.9661,1.6209,-1.2618
137.119,7,-36.9558,1.6223,-1.2624
137.131,7,-36.9456,1.6240,-1.2630
137.142,7,-36.9353,1.6257,-1.2636
137.153,7,-36.9252,1.6277,-1.2641
137.165,7,-36.9150,1.6295,-1.2646
137.177,7,-36.9049,1.6313,-1.2651
137.187,7,-36.8950,1.6330,-1.2655
137.199,7,-36.8850,1.6347,-1.2658
137.211,7,-36.8753,1.6366,-1.2660
137.223,7,-36.8656,1.6385,-1.2662
137.235,7,-36.8560,1.6404,-1.2662
137.247,7,-36.8367,1.6442,-1.2665
137.259,7,-36.8275,1.6462,-1.2664
137.274,7,-36.8184,1.6481,-1.2664
137.286,7,-36.8093,1.6496,-1.2663
137.298,7,-36.8004,1.6509,-1.2660
137.309,7,-36.7914,1.6519,-1.2658
137.321,7,-36.7826,1.6527,-1.2655
137.333,7,-36.7738,1.6534,-1.2653
137.344,7,-36.7650,1.6540,-1.2650
137.355,7,-36.7562,1.6544,-1.2647
137.366,7,-36.7475,1.6545,-1.2644
137.377,7,-36.7390,1.6546,-1.2641
137.389,7,-36.7305,1.6541,-1.2639
137.400,7,-36.7219,1.6536,-1.2636
137.410,7,-36.7133,1.6528,-1.2632
137.421,7,-36.7048,1.6520,-1.2629
137.432,7,-36.6963,1.6510,-1.2625
137.442,7,-36.6876,1.6498,-1.2622
137.453,7,-36.6789,1.6485,-1.2618
137.467,7,-36.6701,1.6468,-1.2613
137.478,7,-36.6613,1.6451,-1.2609
137.488,7,-36.6524,1.6433,-1.2604
137.499,7,-36.6436,1.6413,-1.2599
137.510,7,-36.6347,1.6393,-1.2593
137.521,7,-36.6258,1.6371,-1.2586
137.532,7,-36.6169,1.6350,-1.2579
137.544,7,-36.6080,1.6329,-1.2572
137.555,7,-36.5990,1.6310,-1.2564
137.566,7,-36.5900,1.6292,-1.2555
137.576,7,-36.5811,1.6276,-1.2547
137.587,7,-36.5721,1.6262,-1.2536
137.598,7,-36.5631,1.6250,-1.2525
137.609,7,-36.5542,1.6239,-1.2514
137.624,7,-36.5452,1.6230,-1.2501
137.635,7,-36.5363,1.6219,-1.2489
137.646,7,-36.5274,1.6210,-1.2476
137.657,7,-36.5185,1.6209,-1.2463
137.669,7,-36.5098,1.6212,-1.2450
137.680,7,-36.4920,1.6220,-1.2424
137.691,7,-36.4832,1.6234,-1.2410
137.706,7,-36.4744,1.6255,-1.2396
137.718,7,-36.4657,1.6275,-1.2382
137.735,7,-36.4569,1.6299,-1.2370
137.748,7,-36.4395,1.6332,-1.2345
137.758,7,-36.4309,1.6347,-1.2333
137.773,7,-36.4225,1.6361,-1.2322
137.784,7,-36.4140,1.6374,-1.2312
137.795,7,-36.4056,1.6389,-1.2302
137.806,7,-36.3972,1.6403,-1.2293
137.817,7,-36.3889,1.6417,-1.2285
137.829,7,-36.3808,1.6430,-1.2277
137.840,7,-36.3726,1.6443,-1.2269
137.851,7,-36.3645,1.6457,-1.2263
137.862,7,-36.3565,1.6472,-1.2257
137.874,7,-36.3486,1.6487,-1.2251
137.885,7,-36.3409,1.6501,-1.2246
137.896,7,-36.3333,1.6513,-1.2242
137.908,7,-36.3258,1.6524,-1.2238
137.920,7,-36.3184,1.6532,-1.2234
137.931,7,-36.3109,1.6541,-1.2232
137.942,7,-36.3037,1.6547,-1.2229
137.953,7,-36.2964,1.6553,-1.2226
137.964,7,-36.2893,1.6557,-1.2223
137.975,7,-36.2820,1.6561,-1.2221
137.986,7,-36.2748,1.6563,-1.2220
137.997,7,-36.2675,1.6564,-1.2219
138.008,7,-36.2602,1.6565,-1.2217
138.020,7,-36.2530,1.6565,-1.2216
138.030,7,-36.2458,1.6564,-1.2215
138.043,7,-36.2387,1.6562,-1.2214
138.054,7,-36.2317,1.6557,-1.2213
138.065,7,-36.2246,1.6550,-1.2212
138.076,7,-36.2175,1.6542,-1.2212
138.089,7,-36.2104,1.6532,-1.2212
138.100,7,-36.2034,1.6520,-1.2209
138.112,7,-36.1962,1.6510,-1.2209
138.124,7,-36.1889,1.6499,-1.2209
138.135,7,-36.1817,1.6488,-1.2210
138.145,7,-36.1744,1.6477,-1.2211
138.157,7,-36.1671,1.6466,-1.2212
138.169,7,-36.1524,1.6443,-1.2215
138.180,7,-36.1450,1.6431,-1.2218
138.197,7,-36.1374,1.6422,-1.2222
138.208,7,-36.1300,1.6415,-1.2226
138.219,7,-36.1224,1.6410,-1.2231
138.230,7,-36.1149,1.6404,-1.2236
138.241,7,-36.1073,1.6398,-1.2241
138.253,7,-36.0996,1.6390,-1.2248
138.264,7,-36.0921,1.6382,-1.2254
138.275,7,-36.0845,1.6373,-1.2261
138.287,7,-36.0769,1.6364,-1.2268
138.299,7,-36.0694,1.6358,-1.2276
138.310,7,-36.0619,1.6358,-1.2284
138.321,7,-36.0545,1.6361,-1.2293
138.331,7,-36.0471,1.6362,-1.2301
138.343,7,-36.0397,1.6363,-1.2311
138.354,7,-36.0322,1.6367,-1.2319
138.365,7,-36.0249,1.6378,-1.2328
138.376,7,-36.0176,1.6393,-1.2337
138.388,7,-36.0104,1.6408,-1.2345
138.400,7,-36.0032,1.6422,-1.2353
138.411,7,-35.9961,1.6437,-1.2361
138.422,7,-35.9889,1.6451,-1.2369
138.433,7,-35.9818,1.6465,-1.2377
138.445,7,-35.9747,1.6478,-1.2384
138.455,7,-35.9677,1.6491,-1.2389
138.466,7,-35.9607,1.6504,-1.2395
138.478,7,-35.9538,1.6516,-1.2400
138.489,7,-35.9469,1.6527,-1.2405
138.500,7,-35.9400,1.6539,-1.2409
138.511,7,-35.9333,1.6550,-1.2413
138.525,7,-35.9268,1.6561,-1.2415
138.539,7,-35.9135,1.6583,-1.2421
138.550,7,-35.9070,1.6595,-1.2424
138.564,7,-35.9010,1.6605,-1.2424
138.573,7,-35.8947,1.6613,-1.2424
138.584,7,-35.8885,1.6620,-1.2424
138.595,7,-35.8823,1.6624,-1.2425
138.606,7,-35.8763,1.6629,-1.2424
138.616,7,-35.8704,1.6633,-1.2423
138.627,7,-35.8645,1.6637,-1.2421
138.637,7,-35.8587,1.6639,-1.2420
138.649,7,-35.8529,1.6639,-1.2420
138.660,7,-35.8471,1.6640,-1.2418
138.671,7,-35.8414,1.6639,-1.2416
138.683,7,-35.8357,1.6638,-1.2413
138.694,7,-35.8300,1.6636,-1.2411
138.705,7,-35.8244,1.6636,-1.2406
138.716,7,-35.8188,1.6635,-1.2402
138.726,7,-35.8132,1.6634,-1.2398
138.737,7,-35.8077,1.6632,-1.2392
138.748,7,-35.8021,1.6630,-1.2387
138.760,7,-35.7965,1.6629,-1.2381
138.771,7,-35.7909,1.6628,-1.2376
138.782,7,-35.7853,1.6627,-1.2369
138.793,7,-35.7798,1.6624,-1.2362
138.804,7,-35.7742,1.6620,-1.2356
138.816,7,-35.7687,1.6613,-1.2347
138.826,7,-35.7632,1.6605,-1.2339
138.837,7,-35.7578,1.6595,-1.2331
138.848,7,-35.7524,1.6585,-1.2322
138.860,7,-35.7469,1.6575,-1.2312
138.871,7,-35.7415,1.6566,-1.2302
138.883,7,-35.7361,1.6556,-1.2292
138.894,7,-35.7306,1.6547,-1.2280
138.905,7,-35.7251,1.6536,-1.2271
138.917,7,-35.7197,1.6525,-1.2259
138.928,7,-35.7143,1.6515,-1.2246
138.939,7,-35.7089,1.6505,-1.2234
138.950,7,-35.7036,1.6496,-1.2219
138.961,7,-35.6981,1.6485,-1.2206
138.973,7,-35.6928,1.6475,-1.2190
138.985,7,-35.6875,1.6466,-1.2175
138.996,7,-35.6822,1.6458,-1.2159
139.008,7,-35.6769,1.6455,-1.2143
139.018,7,-35.6716,1.6453,-1.2126
139.030,7,-35.6663,1.6453,-1.2108
139.041,7,-35.6610,1.6453,-1.2092
139.053,7,-35.6558,1.6458,-1.2075
139.063,7,-35.6505,1.6466,-1.2058
139.075,7,-35.6454,1.6479,-1.2040
139.085,7,-35.6402,1.6490,-1.2022
139.098,7,-35.6351,1.6503,-1.2005
139.110,7,-35.6300,1.6514,-1.1988
139.121,7,-35.6249,1.6524,-1.1971
139.133,7,-35.6196,1.6536,-1.1955
139.145,7,-35.6143,1.6547,-1.1938
139.157,7,-35.6091,1.6556,-1.1920
139.168,7,-35.6039,1.6564,-1.1903
139.180,7,-35.5988,1.6570,-1.1887
139.191,7,-35.5936,1.6577,-1.1871
139.202,7,-35.5885,1.6583,-1.1856
139.213,7,-35.5835,1.6590,-1.1841
139.225,7,-35.5785,1.6596,-1.1827
139.236,7,-35.5736,1.6603,-1.1813
139.247,7,-35.5687,1.6612,-1.1799
139.262,7,-35.5637,1.6622,-1.1786
139.274,7,-35.5591,1.6634,-1.1775
139.286,7,-35.5548,1.6645,-1.1765
139.300,7,-35.5459,1.6666,-1.1743
139.320,7,-35.5421,1.6673,-1.1736
139.334,7,-35.5343,1.6687,-1.1719
139.344,7,-35.5309,1.6692,-1.1712
139.360,7,-35.5277,1.6696,-1.1707
139.371,7,-35.5244,1.6699,-1.1700
139.382,7,-35.5214,1.6701,-1.1694
139.393,7,-35.5184,1.6702,-1.1689
139.405,7,-35.5156,1.6701,-1.1684
139.416,7,-35.5130,1.6699,-1.1680
139.428,7,-35.5103,1.6698,-1.1676
139.439,7,-35.5080,1.6697,-1.1673
139.450,7,-35.5056,1.6695,-1.1668
139.461,7,-35.5034,1.6694,-1.1666
139.473,7,-35.5011,1.6692,-1.1664
139.484,7,-35.4991,1.6689,-1.1663
139.495,7,-35.4970,1.6686,-1.1662
139.506,7,-35.4951,1.6683,-1.1661
139.518,7,-35.4933,1.6679,-1.1660
139.529,7,-35.4916,1.6677,-1.1662
139.540,7,-35.4899,1.6674,-1.1662
139.551,7,-35.4883,1.6670,-1.1665
139.561,7,-35.4868,1.6667,-1.1667
139.572,7,-35.4853,1.6663,-1.1668
139.584,7,-35.4838,1.6660,-1.1672
139.595,7,-35.4824,1.6656,-1.1677
139.606,7,-35.4811,1.6657,-1.1682
139.617,7,-35.4797,1.6661,-1.1686
139.628,7,-35.4784,1.6666,-1.1690
139.639,7,-35.4770,1.6671,-1.1697
139.650,7,-35.4758,1.6674,-1.1703
139.663,7,-35.4746,1.6677,-1.1710
139.675,7,-35.4733,1.6680,-1.1717
139.688,7,-35.4721,1.6682,-1.1723
139.698,7,-35.4709,1.6685,-1.1729
139.708,7,-35.4698,1.6686,-1.1735
139.720,7,-35.4686,1.6686,-1.1741
139.730,7,-35.4675,1.6686,-1.1747
139.741,7,-35.4664,1.6685,-1.1753
139.751,7,-35.4652,1.6684,-1.1760
139.762,7,-35.4641,1.6682,-1.1767
139.773,7,-35.4630,1.6679,-1.1774
139.784,7,-35.4620,1.6676,-1.1781
139.794,7,-35.4610,1.6674,-1.1791
139.806,7,-35.4600,1.6673,-1.1797
139.817,7,-35.4591,1.6671,-1.1806
139.828,7,-35.4582,1.6670,-1.1813
139.839,7,-35.4574,1.6669,-1.1821
139.850,7,-35.4566,1.6668,-1.1829
139.861,7,-35.4559,1.6668,-1.1837
139.873,7,-35.4552,1.6668,-1.1842
139.884,7,-35.4545,1.6669,-1.1850
139.895,7,-35.4538,1.6669,-1.1860
139.906,7,-35.4531,1.6669,-1.1868
139.917,7,-35.4524,1.6669,-1.1875
139.929,7,-35.4517,1.6669,-1.1883
139.940,7,-35.4510,1.6670,-1.1891
139.951,7,-35.4504,1.6671,-1.1897
139.962,7,-35.4497,1.6671,-1.1904
139.973,7,-35.4490,1.6671,-1.1911
139.986,7,-35.4484,1.6671,-1.1918
139.997,7,-35.4479,1.6670,-1.1925
140.009,7,-35.4473,1.6668,-1.1933
140.020,7,-35.4467,1.6667,-1.1940
140.032,7,-35.4463,1.6666,-1.1946
140.043,7,-35.4459,1.6665,-1.1953
140.054,7,-35.4454,1.6664,-1.1961
140.065,7,-35.4450,1.6662,-1.1967
140.076,7,-35.4446,1.6662,-1.1974
140.089,7,-35.4442,1.6661,-1.1980
140.100,7,-35.4438,1.6661,-1.1986
140.111,7,-35.4435,1.6661,-1.1992
140.122,7,-35.4431,1.6660,-1.1997

# --- Trial 8 start ---
149.312,8,-39.3768,1.6392,-1.2730
149.349,8,-39.3770,1.6386,-1.2719
149.364,8,-39.3772,1.6383,-1.2716
149.376,8,-39.3774,1.6380,-1.2712
149.390,8,-39.3777,1.6376,-1.2705
149.405,8,-39.3779,1.6373,-1.2702
149.418,8,-39.3783,1.6369,-1.2696
149.439,8,-39.3786,1.6364,-1.2690
149.462,8,-39.3788,1.6362,-1.2689
149.480,8,-39.3792,1.6359,-1.2684
149.491,8,-39.3794,1.6357,-1.2681
149.504,8,-39.3794,1.6356,-1.2679
149.515,8,-39.3797,1.6354,-1.2674
149.527,8,-39.3799,1.6352,-1.2671
149.543,8,-39.3803,1.6352,-1.2669
149.555,8,-39.3805,1.6351,-1.2666
149.567,8,-39.3807,1.6350,-1.2664
149.578,8,-39.3809,1.6350,-1.2661
149.589,8,-39.3811,1.6350,-1.2658
149.601,8,-39.3813,1.6350,-1.2655
149.614,8,-39.3816,1.6350,-1.2652
149.626,8,-39.3818,1.6350,-1.2649
149.637,8,-39.3821,1.6350,-1.2645
149.648,8,-39.3822,1.6350,-1.2642
149.660,8,-39.3825,1.6350,-1.2637
149.671,8,-39.3829,1.6351,-1.2630
149.682,8,-39.3832,1.6352,-1.2626
149.699,8,-39.3834,1.6354,-1.2621
149.710,8,-39.3836,1.6354,-1.2617
149.721,8,-39.3839,1.6354,-1.2612
149.733,8,-39.3841,1.6354,-1.2607
149.745,8,-39.3844,1.6353,-1.2600
149.756,8,-39.3847,1.6353,-1.2594
149.768,8,-39.3849,1.6353,-1.2587
149.780,8,-39.3852,1.6352,-1.2581
149.792,8,-39.3854,1.6352,-1.2573
149.804,8,-39.3855,1.6352,-1.2566
149.816,8,-39.3861,1.6350,-1.2549
149.827,8,-39.3864,1.6349,-1.2539
149.843,8,-39.3867,1.6348,-1.2529
149.855,8,-39.3868,1.6348,-1.2519
149.866,8,-39.3870,1.6347,-1.2508
149.878,8,-39.3871,1.6347,-1.2496
149.891,8,-39.3871,1.6348,-1.2484
149.902,8,-39.3872,1.6348,-1.2472
149.914,8,-39.3872,1.6349,-1.2459
149.926,8,-39.3871,1.6350,-1.2447
149.938,8,-39.3872,1.6350,-1.2435
149.949,8,-39.3872,1.6351,-1.2422
149.960,8,-39.3871,1.6351,-1.2408
149.971,8,-39.3870,1.6351,-1.2395
149.983,8,-39.3870,1.6351,-1.2381
149.995,8,-39.3867,1.6353,-1.2355
150.007,8,-39.3866,1.6356,-1.2342
150.024,8,-39.3864,1.6359,-1.2330
150.035,8,-39.3862,1.6360,-1.2317
150.047,8,-39.3861,1.6358,-1.2306
150.058,8,-39.3858,1.6352,-1.2294
150.069,8,-39.3856,1.6345,-1.2283
150.080,8,-39.3854,1.6335,-1.2273
150.093,8,-39.3850,1.6327,-1.2264
150.104,8,-39.3847,1.6327,-1.2255
150.115,8,-39.3844,1.6331,-1.2249
150.126,8,-39.3840,1.6337,-1.2244
150.137,8,-39.3838,1.6342,-1.2239
150.148,8,-39.3834,1.6342,-1.2236
150.159,8,-39.3831,1.6340,-1.2232
150.171,8,-39.3830,1.6340,-1.2229
150.181,8,-39.3824,1.6340,-1.2227
150.193,8,-39.3819,1.6345,-1.2226
150.204,8,-39.3815,1.6352,-1.2224
150.219,8,-39.3811,1.6359,-1.2225
150.232,8,-39.3803,1.6367,-1.2223
150.243,8,-39.3799,1.6371,-1.2224
150.257,8,-39.3794,1.6373,-1.2226
150.268,8,-39.3790,1.6375,-1.2227
150.281,8,-39.3786,1.6378,-1.2229
150.292,8,-39.3781,1.6381,-1.2232
150.303,8,-39.3776,1.6384,-1.2234
150.314,8,-39.3770,1.6387,-1.2237
150.324,8,-39.3765,1.6388,-1.2241
150.335,8,-39.3759,1.6388,-1.2245
150.347,8,-39.3752,1.6389,-1.2249
150.358,8,-39.3745,1.6388,-1.2253
150.369,8,-39.3738,1.6387,-1.2258
150.381,8,-39.3732,1.6386,-1.2263
150.393,8,-39.3724,1.6384,-1.2268
150.404,8,-39.3718,1.6381,-1.2274
150.415,8,-39.3710,1.6377,-1.2280
150.426,8,-39.3703,1.6373,-1.2286
150.438,8,-39.3696,1.6368,-1.2292
150.449,8,-39.3692,1.6360,-1.2297
150.460,8,-39.3684,1.6353,-1.2305
150.471,8,-39.3677,1.6344,-1.2313
150.483,8,-39.3671,1.6335,-1.2320
150.494,8,-39.3664,1.6323,-1.2327
150.507,8,-39.3650,1.6298,-1.2343
150.519,8,-39.3644,1.6280,-1.2351
150.535,8,-39.3637,1.6259,-1.2361
150.546,8,-39.3630,1.6241,-1.2370
150.558,8,-39.3623,1.6222,-1.2380
150.570,8,-39.3618,1.6197,-1.2388
150.581,8,-39.3612,1.6165,-1.2398
150.593,8,-39.3610,1.6132,-1.2405
150.605,8,-39.3600,1.6139,-1.2413
150.617,8,-39.3596,1.6166,-1.2424
150.629,8,-39.3590,1.6182,-1.2440
150.640,8,-39.3581,1.6187,-1.2443
150.657,8,-39.3570,1.6189,-1.2449
150.668,8,-39.3561,1.6206,-1.2458
150.679,8,-39.3551,1.6235,-1.2464
150.695,8,-39.3544,1.6270,-1.2467
150.709,8,-39.3532,1.6310,-1.2474
150.720,8,-39.3527,1.6328,-1.2476
150.733,8,-39.3523,1.6344,-1.2477
150.746,8,-39.3518,1.6358,-1.2477
150.757,8,-39.3512,1.6366,-1.2475
150.771,8,-39.3507,1.6374,-1.2472
150.783,8,-39.3500,1.6380,-1.2469
150.796,8,-39.3491,1.6400,-1.2467
150.807,8,-39.3485,1.6405,-1.2465
150.822,8,-39.3477,1.6401,-1.2462
150.834,8,-39.3471,1.6397,-1.2460
150.846,8,-39.3464,1.6390,-1.2454
150.858,8,-39.3459,1.6384,-1.2449
150.869,8,-39.3453,1.6383,-1.2442
150.881,8,-39.3446,1.6382,-1.2438
150.892,8,-39.3437,1.6382,-1.2430
150.904,8,-39.3430,1.6381,-1.2422
150.915,8,-39.3421,1.6376,-1.2415
150.927,8,-39.3413,1.6373,-1.2407
150.938,8,-39.3406,1.6372,-1.2399
150.951,8,-39.3397,1.6371,-1.2389
150.962,8,-39.3379,1.6368,-1.2373
150.973,8,-39.3365,1.6368,-1.2363
150.989,8,-39.3352,1.6363,-1.2351
151.001,8,-39.3339,1.6359,-1.2340
151.012,8,-39.3326,1.6357,-1.2329
151.024,8,-39.3309,1.6356,-1.2321
151.035,8,-39.3295,1.6357,-1.2310
151.047,8,-39.3279,1.6356,-1.2299
151.060,8,-39.3261,1.6356,-1.2288
151.071,8,-39.3242,1.6354,-1.2276
151.083,8,-39.3223,1.6354,-1.2265
151.095,8,-39.3202,1.6353,-1.2254
151.106,8,-39.3164,1.6351,-1.2232
151.118,8,-39.3144,1.6350,-1.2220
151.135,8,-39.3118,1.6343,-1.2209
151.147,8,-39.3097,1.6335,-1.2197
151.160,8,-39.3072,1.6327,-1.2185
151.171,8,-39.3048,1.6319,-1.2173
151.182,8,-39.3022,1.6312,-1.2165
151.193,8,-39.2996,1.6302,-1.2153
151.205,8,-39.2971,1.6295,-1.2142
151.216,8,-39.2944,1.6288,-1.2130
151.227,8,-39.2915,1.6283,-1.2121
151.238,8,-39.2886,1.6277,-1.2110
151.249,8,-39.2857,1.6273,-1.2100
151.259,8,-39.2827,1.6268,-1.2092
151.272,8,-39.2797,1.6263,-1.2083
151.283,8,-39.2766,1.6258,-1.2076
151.294,8,-39.2734,1.6254,-1.2068
151.306,8,-39.2703,1.6251,-1.2060
151.318,8,-39.2669,1.6250,-1.2055
151.329,8,-39.2637,1.6251,-1.2049
151.341,8,-39.2601,1.6249,-1.2045
151.352,8,-39.2565,1.6246,-1.2040
151.363,8,-39.2529,1.6241,-1.2035
151.374,8,-39.2491,1.6232,-1.2028
151.385,8,-39.2452,1.6225,-1.2024
151.396,8,-39.2412,1.6220,-1.2022
151.409,8,-39.2369,1.6215,-1.2019
151.425,8,-39.2322,1.6212,-1.2020
151.437,8,-39.2276,1.6207,-1.2019
151.448,8,-39.2231,1.6201,-1.2018
151.459,8,-39.2183,1.6193,-1.2016
151.470,8,-39.2137,1.6187,-1.2017
151.481,8,-39.2086,1.6181,-1.2018
151.493,8,-39.2036,1.6176,-1.2022
151.504,8,-39.1983,1.6169,-1.2025
151.515,8,-39.1930,1.6161,-1.2028
151.526,8,-39.1876,1.6153,-1.2032
151.538,8,-39.1819,1.6142,-1.2035
151.550,8,-39.1764,1.6134,-1.2041
151.562,8,-39.1650,1.6118,-1.2051
151.573,8,-39.1590,1.6110,-1.2058
151.589,8,-39.1524,1.6101,-1.2069
151.600,8,-39.1462,1.6092,-1.2077
151.612,8,-39.1398,1.6083,-1.2086
151.623,8,-39.1333,1.6075,-1.2095
151.634,8,-39.1265,1.6069,-1.2107
151.646,8,-39.1195,1.6063,-1.2118
151.658,8,-39.1122,1.6058,-1.2132
151.669,8,-39.1047,1.6053,-1.2145
151.680,8,-39.0974,1.6047,-1.2159
151.692,8,-39.0898,1.6042,-1.2176
151.703,8,-39.0824,1.6037,-1.2190
151.715,8,-39.0748,1.6032,-1.2207
151.727,8,-39.0673,1.6029,-1.2226
151.739,8,-39.0595,1.6032,-1.2245
151.751,8,-39.0518,1.6039,-1.2262
151.763,8,-39.0442,1.6049,-1.2279
151.779,8,-39.0361,1.6059,-1.2298
151.794,8,-39.0210,1.6076,-1.2332
151.806,8,-39.0133,1.6094,-1.2349
151.817,8,-39.0056,1.6111,-1.2365
151.830,8,-38.9982,1.6127,-1.2380
151.841,8,-38.9907,1.6137,-1.2395
151.852,8,-38.9833,1.6145,-1.2411
151.864,8,-38.9761,1.6152,-1.2423
151.876,8,-38.9686,1.6161,-1.2438
151.888,8,-38.9612,1.6169,-1.2450
151.899,8,-38.9539,1.6179,-1.2462
151.911,8,-38.9465,1.6191,-1.2472
151.922,8,-38.9394,1.6203,-1.2481
151.934,8,-38.9321,1.6217,-1.2491
151.945,8,-38.9249,1.6230,-1.2497
151.958,8,-38.9177,1.6242,-1.2505
151.968,8,-38.9100,1.6252,-1.2513
151.980,8,-38.9026,1.6261,-1.2521
151.991,8,-38.8954,1.6269,-1.2526
152.004,8,-38.8886,1.6276,-1.2531
152.015,8,-38.8743,1.6292,-1.2543
152.027,8,-38.8671,1.6298,-1.2548
152.044,8,-38.8596,1.6299,-1.2553
152.055,8,-38.8521,1.6300,-1.2557
152.068,8,-38.8446,1.6298,-1.2561
152.080,8,-38.8372,1.6296,-1.2563
152.092,8,-38.8297,1.6295,-1.2566
152.103,8,-38.8222,1.6291,-1.2567
152.114,8,-38.8145,1.6286,-1.2569
152.126,8,-38.8068,1.6280,-1.2572
152.137,8,-38.7988,1.6271,-1.2574
152.150,8,-38.7830,1.6253,-1.2576
152.162,8,-38.7749,1.6237,-1.2574
152.177,8,-38.7665,1.6218,-1.2573
152.188,8,-38.7582,1.6200,-1.2569
152.199,8,-38.7496,1.6182,-1.2567
152.211,8,-38.7411,1.6164,-1.2563
152.223,8,-38.7324,1.6144,-1.2558
152.235,8,-38.7237,1.6124,-1.2553
152.246,8,-38.7152,1.6104,-1.2545
152.256,8,-38.7064,1.6084,-1.2539
152.268,8,-38.6977,1.6066,-1.2530
152.279,8,-38.6886,1.6051,-1.2523
152.290,8,-38.6794,1.6038,-1.2512
152.301,8,-38.6703,1.6028,-1.2500
152.312,8,-38.6610,1.6020,-1.2488
152.324,8,-38.6520,1.6014,-1.2474
152.335,8,-38.6428,1.6007,-1.2461
152.346,8,-38.6336,1.6003,-1.2448
152.356,8,-38.6243,1.6000,-1.2434
152.372,8,-38.6148,1.6008,-1.2419
152.382,8,-38.6053,1.6018,-1.2406
152.394,8,-38.5958,1.6034,-1.2391
152.405,8,-38.5866,1.6052,-1.2375
152.415,8,-38.5771,1.6070,-1.2360
152.427,8,-38.5677,1.6090,-1.2345
152.437,8,-38.5581,1.6112,-1.2332
152.448,8,-38.5487,1.6135,-1.2318
152.459,8,-38.5394,1.6156,-1.2304
152.470,8,-38.5299,1.6173,-1.2291
152.481,8,-38.5205,1.6189,-1.2277
152.492,8,-38.5109,1.6204,-1.2264
152.503,8,-38.5013,1.6219,-1.2253
152.513,8,-38.4918,1.6234,-1.2242
152.524,8,-38.4822,1.6250,-1.2232
152.537,8,-38.4727,1.6265,-1.2221
152.547,8,-38.4633,1.6281,-1.2211
152.558,8,-38.4539,1.6297,-1.2200
152.569,8,-38.4446,1.6312,-1.2192
152.579,8,-38.4350,1.6327,-1.2184
152.595,8,-38.4262,1.6337,-1.2178
152.605,8,-38.4169,1.6349,-1.2172
152.616,8,-38.4078,1.6359,-1.2166
152.627,8,-38.3983,1.6368,-1.2160
152.638,8,-38.3888,1.6377,-1.2154
152.649,8,-38.3797,1.6384,-1.2148
152.661,8,-38.3702,1.6388,-1.2142
152.673,8,-38.3606,1.6391,-1.2136
152.683,8,-38.3509,1.6392,-1.2132
152.695,8,-38.3413,1.6388,-1.2128
152.706,8,-38.3317,1.6382,-1.2124
152.717,8,-38.3222,1.6374,-1.2119
152.728,8,-38.3124,1.6363,-1.2116
152.739,8,-38.3026,1.6350,-1.2112
152.755,8,-38.2927,1.6332,-1.2109
152.767,8,-38.2821,1.6313,-1.2107
152.780,8,-38.2626,1.6280,-1.2100
152.792,8,-38.2523,1.6256,-1.2098
152.807,8,-38.2422,1.6229,-1.2094
152.818,8,-38.2317,1.6203,-1.2093
152.829,8,-38.2216,1.6180,-1.2092
152.841,8,-38.2108,1.6159,-1.2093
152.853,8,-38.2001,1.6139,-1.2093
152.864,8,-38.1893,1.6120,-1.2093
152.875,8,-38.1785,1.6101,-1.2094
152.887,8,-38.1677,1.6085,-1.2097
152.900,8,-38.1568,1.6074,-1.2100
152.911,8,-38.1459,1.6066,-1.2105
152.924,8,-38.1349,1.6062,-1.2111
152.935,8,-38.1239,1.6057,-1.2116
152.948,8,-38.1129,1.6052,-1.2122
152.959,8,-38.1018,1.6052,-1.2129
152.971,8,-38.0907,1.6062,-1.2136
152.982,8,-38.0797,1.6077,-1.2144
152.994,8,-38.0688,1.6094,-1.2152
153.005,8,-38.0580,1.6113,-1.2159
153.016,8,-38.0469,1.6132,-1.2166
153.028,8,-38.0251,1.6168,-1.2181
153.039,8,-38.0143,1.6189,-1.2187
153.055,8,-38.0037,1.6209,-1.2193
153.068,8,-37.9934,1.6225,-1.2197
153.083,8,-37.9832,1.6241,-1.2200
153.097,8,-37.9626,1.6276,-1.2209
153.110,8,-37.9526,1.6296,-1.2211
153.123,8,-37.9425,1.6316,-1.2213
153.134,8,-37.9327,1.6336,-1.2214
153.147,8,-37.9228,1.6358,-1.2216
153.158,8,-37.9127,1.6378,-1.2217
153.171,8,-37.9028,1.6395,-1.2217
153.188,8,-37.8831,1.6425,-1.2216
153.203,8,-37.8737,1.6432,-1.2214
153.215,8,-37.8643,1.6440,-1.2213
153.226,8,-37.8451,1.6457,-1.2211
153.237,8,-37.8357,1.6460,-1.2211
153.253,8,-37.8263,1.6452,-1.2211
153.265,8,-37.8170,1.6445,-1.2209
153.276,8,-37.8076,1.6437,-1.2207
153.287,8,-37.7981,1.6425,-1.2205
153.300,8,-37.7885,1.6413,-1.2202
153.311,8,-37.7786,1.6398,-1.2199
153.322,8,-37.7688,1.6384,-1.2196
153.333,8,-37.7589,1.6364,-1.2192
153.344,8,-37.7491,1.6343,-1.2187
153.355,8,-37.7392,1.6321,-1.2183
153.366,8,-37.7292,1.6298,-1.2178
153.377,8,-37.7191,1.6274,-1.2172
153.388,8,-37.7090,1.6252,-1.2166
153.399,8,-37.6987,1.6229,-1.2157
153.410,8,-37.6883,1.6206,-1.2149
153.421,8,-37.6780,1.6185,-1.2140
153.435,8,-37.6677,1.6164,-1.2130
153.448,8,-37.6576,1.6147,-1.2119
153.459,8,-37.6472,1.6133,-1.2108
153.470,8,-37.6264,1.6104,-1.2086
153.480,8,-37.6160,1.6096,-1.2073
153.496,8,-37.6056,1.6098,-1.2057
153.508,8,-37.5952,1.6091,-1.2043
153.520,8,-37.5849,1.6086,-1.2027
153.530,8,-37.5742,1.6086,-1.2012
153.542,8,-37.5635,1.6094,-1.1996
153.553,8,-37.5530,1.6110,-1.1981
153.564,8,-37.5427,1.6125,-1.1966
153.575,8,-37.5324,1.6140,-1.1950
153.587,8,-37.5218,1.6162,-1.1935
153.598,8,-37.5114,1.6188,-1.1922
153.609,8,-37.5009,1.6212,-1.1909
153.620,8,-37.4905,1.6237,-1.1896
153.631,8,-37.4799,1.6255,-1.1885
153.642,8,-37.4693,1.6273,-1.1873
153.653,8,-37.4587,1.6292,-1.1861
153.664,8,-37.4482,1.6313,-1.1850
153.676,8,-37.4378,1.6335,-1.1841
153.687,8,-37.4275,1.6355,-1.1831
153.699,8,-37.4173,1.6374,-1.1822
153.709,8,-37.4074,1.6391,-1.1814
153.721,8,-37.3976,1.6409,-1.1807
153.732,8,-37.3878,1.6425,-1.1801
153.744,8,-37.3781,1.6440,-1.1796
153.757,8,-37.3685,1.6454,-1.1790
153.769,8,-37.3588,1.6467,-1.1784
153.780,8,-37.3493,1.6478,-1.1779
153.792,8,-37.3399,1.6486,-1.1774
153.803,8,-37.3303,1.6493,-1.1768
153.815,8,-37.3207,1.6497,-1.1761
153.827,8,-37.3111,1.6499,-1.1755
153.839,8,-37.3015,1.6499,-1.1750
153.850,8,-37.2824,1.6500,-1.1739
153.861,8,-37.2730,1.6493,-1.1735
153.877,8,-37.2635,1.6480,-1.1731
153.889,8,-37.2539,1.6468,-1.1726
153.900,8,-37.2444,1.6454,-1.1721
153.912,8,-37.2349,1.6437,-1.1717
153.923,8,-37.2253,1.6417,-1.1713
153.934,8,-37.2155,1.6396,-1.1709
153.946,8,-37.2057,1.6371,-1.1705
153.958,8,-37.1958,1.6345,-1.1702
153.971,8,-37.1858,1.6320,-1.1699
153.983,8,-37.1749,1.6295,-1.1697
153.995,8,-37.1643,1.6273,-1.1695
154.006,8,-37.1536,1.6251,-1.1694
154.018,8,-37.1428,1.6229,-1.1694
154.029,8,-37.1320,1.6208,-1.1695
154.040,8,-37.1215,1.6190,-1.1696
154.051,8,-37.1105,1.6175,-1.1699
154.062,8,-37.0994,1.6162,-1.1702
154.073,8,-37.0882,1.6155,-1.1706
154.084,8,-37.0770,1.6148,-1.1712
154.095,8,-37.0659,1.6141,-1.1718
154.109,8,-37.0546,1.6138,-1.1725
154.122,8,-37.0433,1.6146,-1.1732
154.133,8,-37.0321,1.6156,-1.1739
154.144,8,-37.0211,1.6172,-1.1746
154.156,8,-37.0099,1.6189,-1.1752
154.168,8,-36.9990,1.6206,-1.1758
154.179,8,-36.9881,1.6224,-1.1764
154.190,8,-36.9774,1.6245,-1.1769
154.202,8,-36.9669,1.6266,-1.1773
154.213,8,-36.9565,1.6285,-1.1777
154.225,8,-36.9463,1.6303,-1.1778
154.237,8,-36.9362,1.6320,-1.1780
154.248,8,-36.9260,1.6337,-1.1782
154.259,8,-36.9159,1.6355,-1.1783
154.270,8,-36.9058,1.6374,-1.1783
154.285,8,-36.8859,1.6412,-1.1782
154.302,8,-36.8761,1.6433,-1.1777
154.313,8,-36.8663,1.6453,-1.1775
154.325,8,-36.8567,1.6470,-1.1773
154.336,8,-36.8470,1.6485,-1.1771
154.347,8,-36.8375,1.6498,-1.1767
154.360,8,-36.8184,1.6520,-1.1761
154.371,8,-36.8092,1.6525,-1.1758
154.388,8,-36.8000,1.6527,-1.1755
154.400,8,-36.7908,1.6527,-1.1752
154.410,8,-36.7817,1.6528,-1.1750
154.422,8,-36.7726,1.6525,-1.1747
154.434,8,-36.7634,1.6520,-1.1744
154.445,8,-36.7543,1.6514,-1.1741
154.457,8,-36.7452,1.6505,-1.1738
154.467,8,-36.7361,1.6496,-1.1733
154.478,8,-36.7270,1.6484,-1.1730
154.489,8,-36.7179,1.6471,-1.1726
154.500,8,-36.7087,1.6456,-1.1722
154.511,8,-36.6995,1.6440,-1.1718
154.522,8,-36.6903,1.6423,-1.1714
154.533,8,-36.6806,1.6404,-1.1709
154.545,8,-36.6709,1.6383,-1.1703
154.556,8,-36.6611,1.6361,-1.1696
154.567,8,-36.6512,1.6339,-1.1689
154.578,8,-36.6412,1.6319,-1.1682
154.590,8,-36.6313,1.6300,-1.1673
154.601,8,-36.6215,1.6282,-1.1665
154.613,8,-36.6117,1.6265,-1.1655
154.625,8,-36.6020,1.6250,-1.1646
154.636,8,-36.5923,1.6238,-1.1636
154.647,8,-36.5826,1.6229,-1.1626
154.659,8,-36.5730,1.6222,-1.1615
154.671,8,-36.5635,1.6214,-1.1605
154.682,8,-36.5540,1.6206,-1.1595
154.695,8,-36.5444,1.6203,-1.1585
154.706,8,-36.5349,1.6213,-1.1574
154.717,8,-36.5256,1.6227,-1.1564
154.729,8,-36.5164,1.6244,-1.1553
154.740,8,-36.5072,1.6261,-1.1543
154.752,8,-36.4980,1.6282,-1.1533
154.764,8,-36.4889,1.6308,-1.1525
154.775,8,-36.4798,1.6332,-1.1517
154.786,8,-36.4709,1.6351,-1.1509
154.798,8,-36.4620,1.6368,-1.1503
154.809,8,-36.4531,1.6383,-1.1496
154.820,8,-36.4443,1.6399,-1.1491
154.832,8,-36.4355,1.6416,-1.1488
154.843,8,-36.4267,1.6434,-1.1484
154.854,8,-36.4182,1.6450,-1.1481
154.866,8,-36.4097,1.6466,-1.1478
154.878,8,-36.4014,1.6480,-1.1477
154.890,8,-36.3932,1.6495,-1.1476
154.903,8,-36.3849,1.6510,-1.1475
154.914,8,-36.3766,1.6524,-1.1474
154.926,8,-36.3684,1.6536,-1.1473
154.938,8,-36.3604,1.6548,-1.1473
154.950,8,-36.3443,1.6570,-1.1472
154.961,8,-36.3364,1.6577,-1.1472
154.977,8,-36.3286,1.6583,-1.1472
154.988,8,-36.3206,1.6589,-1.1471
154.999,8,-36.3128,1.6593,-1.1471
155.011,8,-36.3049,1.6595,-1.1471
155.023,8,-36.2968,1.6596,-1.1471
155.033,8,-36.2885,1.6596,-1.1472
155.045,8,-36.2804,1.6593,-1.1472
155.062,8,-36.2719,1.6587,-1.1471
155.077,8,-36.2560,1.6578,-1.1471
155.088,8,-36.2478,1.6569,-1.1470
155.101,8,-36.2396,1.6557,-1.1471
155.113,8,-36.2314,1.6544,-1.1471
155.124,8,-36.2231,1.6530,-1.1471
155.136,8,-36.2147,1.6513,-1.1472
155.149,8,-36.2063,1.6498,-1.1473
155.159,8,-36.1980,1.6482,-1.1475
155.171,8,-36.1896,1.6467,-1.1476
155.182,8,-36.1812,1.6452,-1.1479
155.194,8,-36.1727,1.6436,-1.1481
155.206,8,-36.1642,1.6419,-1.1484
155.217,8,-36.1557,1.6402,-1.1488
155.229,8,-36.1472,1.6390,-1.1492
155.241,8,-36.1387,1.6381,-1.1497
155.252,8,-36.1305,1.6375,-1.1502
155.264,8,-36.1221,1.6370,-1.1508
155.275,8,-36.1138,1.6362,-1.1513
155.287,8,-36.1057,1.6353,-1.1519
155.299,8,-36.0974,1.6345,-1.1525
155.310,8,-36.0892,1.6344,-1.1531
155.643,8,-35.9571,1.6558,-1.1616
155.652,8,-35.8312,1.6596,-1.1500
155.661,8,-35.8198,1.6588,-1.1483
155.672,8,-35.8144,1.6583,-1.1474
155.688,8,-35.8094,1.6575,-1.1465
155.699,8,-35.8040,1.6570,-1.1453
155.711,8,-35.7989,1.6563,-1.1443
155.722,8,-35.7937,1.6555,-1.1431
155.733,8,-35.7886,1.6547,-1.1420
155.744,8,-35.7835,1.6539,-1.1409
155.755,8,-35.7784,1.6531,-1.1397
155.766,8,-35.7736,1.6524,-1.1384
155.777,8,-35.7686,1.6517,-1.1371
155.788,8,-35.7638,1.6509,-1.1357
155.800,8,-35.7589,1.6501,-1.1347
155.811,8,-35.7541,1.6494,-1.1332
155.822,8,-35.7494,1.6490,-1.1317
155.834,8,-35.7447,1.6484,-1.1301
155.844,8,-35.7400,1.6479,-1.1289
155.855,8,-35.7356,1.6475,-1.1274
155.867,8,-35.7312,1.6474,-1.1259
155.877,8,-35.7270,1.6474,-1.1242
155.888,8,-35.7228,1.6473,-1.1225
155.899,8,-35.7187,1.6473,-1.1210
155.911,8,-35.7144,1.6477,-1.1194
155.923,8,-35.7102,1.6485,-1.1178
155.934,8,-35.7059,1.6495,-1.1162
155.945,8,-35.7017,1.6510,-1.1145
155.956,8,-35.6976,1.6520,-1.1129
155.967,8,-35.6935,1.6529,-1.1112
155.978,8,-35.6895,1.6535,-1.1096
155.989,8,-35.6855,1.6541,-1.1082
156.000,8,-35.6816,1.6545,-1.1072
156.011,8,-35.6776,1.6549,-1.1058
156.023,8,-35.6737,1.6552,-1.1044
156.034,8,-35.6699,1.6556,-1.1030
156.045,8,-35.6661,1.6560,-1.1017
156.056,8,-35.6623,1.6564,-1.1005
156.067,8,-35.6587,1.6567,-1.0993
156.079,8,-35.6550,1.6570,-1.0982
156.090,8,-35.6515,1.6575,-1.0972
156.101,8,-35.6480,1.6582,-1.0960
156.112,8,-35.6446,1.6590,-1.0950
156.124,8,-35.6413,1.6598,-1.0941
156.135,8,-35.6379,1.6605,-1.0931
156.147,8,-35.6346,1.6611,-1.0922
156.158,8,-35.6313,1.6618,-1.0913
156.169,8,-35.6281,1.6625,-1.0907
156.181,8,-35.6249,1.6632,-1.0899
156.192,8,-35.6217,1.6638,-1.0891
156.203,8,-35.6186,1.6642,-1.0883
156.215,8,-35.6157,1.6645,-1.0876
156.228,8,-35.6128,1.6647,-1.0871
156.239,8,-35.6098,1.6649,-1.0865
156.250,8,-35.6071,1.6651,-1.0860
156.262,8,-35.6043,1.6653,-1.0855
156.274,8,-35.6016,1.6654,-1.0851
156.289,8,-35.5989,1.6654,-1.0848
156.304,8,-35.5935,1.6656,-1.0841
156.315,8,-35.5882,1.6659,-1.0835
156.326,8,-35.5857,1.6660,-1.0834
156.346,8,-35.5834,1.6661,-1.0834
156.357,8,-35.5812,1.6660,-1.0834
156.369,8,-35.5790,1.6659,-1.0822
156.380,8,-35.5766,1.6656,-1.0831
156.391,8,-35.5743,1.6655,-1.0832
156.402,8,-35.5721,1.6657,-1.0833
156.413,8,-35.5699,1.6656,-1.0835
156.424,8,-35.5678,1.6654,-1.0838
156.435,8,-35.5656,1.6653,-1.0842
156.448,8,-35.5634,1.6653,-1.0847
156.459,8,-35.5612,1.6654,-1.0851
156.471,8,-35.5590,1.6656,-1.0857
156.484,8,-35.5568,1.6657,-1.0862
156.495,8,-35.5547,1.6657,-1.0869
156.507,8,-35.5525,1.6658,-1.0876
156.518,8,-35.5503,1.6660,-1.0884
156.529,8,-35.5482,1.6662,-1.0892
156.540,8,-35.5460,1.6663,-1.0903
156.551,8,-35.5418,1.6665,-1.0920
156.562,8,-35.5398,1.6667,-1.0931
156.579,8,-35.5378,1.6669,-1.0944
156.590,8,-35.5358,1.6669,-1.0955
156.601,8,-35.5338,1.6667,-1.0970
156.612,8,-35.5320,1.6666,-1.0983
156.624,8,-35.5302,1.6664,-1.0997
156.636,8,-35.5284,1.6662,-1.1011
156.647,8,-35.5266,1.6660,-1.1025
156.658,8,-35.5248,1.6657,-1.1041
156.670,8,-35.5231,1.6653,-1.1057
156.681,8,-35.5216,1.6651,-1.1071
156.693,8,-35.5201,1.6648,-1.1087
156.704,8,-35.5185,1.6644,-1.1104
156.716,8,-35.5171,1.6641,-1.1121
156.727,8,-35.5158,1.6638,-1.1138
156.739,8,-35.5145,1.6634,-1.1156
156.750,8,-35.5132,1.6631,-1.1173
156.760,8,-35.5120,1.6627,-1.1191
156.771,8,-35.5109,1.6624,-1.1208
156.781,8,-35.5099,1.6621,-1.1225
156.792,8,-35.5089,1.6618,-1.1243
156.804,8,-35.5079,1.6616,-1.1259
156.814,8,-35.5069,1.6615,-1.1277
156.825,8,-35.5059,1.6614,-1.1294
156.837,8,-35.5050,1.6613,-1.1310
156.848,8,-35.5041,1.6612,-1.1327
156.859,8,-35.5033,1.6611,-1.1346
156.870,8,-35.5025,1.6610,-1.1363
156.881,8,-35.5018,1.6608,-1.1379
156.892,8,-35.5011,1.6606,-1.1396
156.904,8,-35.5005,1.6603,-1.1411
156.915,8,-35.4998,1.6600,-1.1428
156.927,8,-35.4992,1.6596,-1.1445
156.937,8,-35.4986,1.6592,-1.1462
156.949,8,-35.4980,1.6587,-1.1478
156.960,8,-35.4973,1.6581,-1.1493
156.971,8,-35.4967,1.6576,-1.1508
156.983,8,-35.4962,1.6572,-1.1522
156.994,8,-35.4956,1.6569,-1.1534
157.005,8,-35.4950,1.6566,-1.1548
157.016,8,-35.4945,1.6564,-1.1560
157.027,8,-35.4940,1.6562,-1.1572
157.038,8,-35.4936,1.6562,-1.1583
157.050,8,-35.4932,1.6562,-1.1593
157.061,8,-35.4928,1.6563,-1.1603
157.072,8,-35.4924,1.6564,-1.1613
157.084,8,-35.4920,1.6567,-1.1621
157.095,8,-35.4917,1.6570,-1.1629
157.106,8,-35.4913,1.6574,-1.1637
157.117,8,-35.4910,1.6578,-1.1645
157.130,8,-35.4908,1.6581,-1.1650
157.141,8,-35.4905,1.6583,-1.1656
157.153,8,-35.4903,1.6585,-1.1662
157.164,8,-35.4901,1.6586,-1.1667
157.176,8,-35.4899,1.6586,-1.1671
157.187,8,-35.4897,1.6588,-1.1676

# --- Trial 9 start ---
166.990,9,-39.4057,1.6344,-1.2700
167.027,9,-39.4054,1.6338,-1.2694
167.052,9,-39.4052,1.6334,-1.2690
167.065,9,-39.4052,1.6330,-1.2686
167.077,9,-39.4052,1.6328,-1.2685
167.087,9,-39.4052,1.6326,-1.2682
167.099,9,-39.4053,1.6324,-1.2680
167.110,9,-39.4053,1.6322,-1.2678
167.121,9,-39.4053,1.6320,-1.2675
167.136,9,-39.4053,1.6319,-1.2673
167.147,9,-39.4052,1.6317,-1.2671
167.158,9,-39.4052,1.6316,-1.2668
167.170,9,-39.4052,1.6314,-1.2666
167.184,9,-39.4052,1.6310,-1.2661
167.207,9,-39.4051,1.6306,-1.2657
167.218,9,-39.4052,1.6304,-1.2654
167.231,9,-39.4053,1.6303,-1.2652
167.242,9,-39.4054,1.6301,-1.2649
167.252,9,-39.4053,1.6299,-1.2647
167.264,9,-39.4054,1.6298,-1.2645
167.275,9,-39.4055,1.6297,-1.2642
167.287,9,-39.4057,1.6296,-1.2639
167.298,9,-39.4058,1.6296,-1.2636
167.309,9,-39.4059,1.6295,-1.2633
167.321,9,-39.4060,1.6295,-1.2630
167.334,9,-39.4063,1.6294,-1.2626
167.345,9,-39.4065,1.6293,-1.2622
167.357,9,-39.4067,1.6293,-1.2619
167.368,9,-39.4069,1.6293,-1.2615
167.380,9,-39.4070,1.6294,-1.2611
167.392,9,-39.4070,1.6295,-1.2607
167.404,9,-39.4074,1.6295,-1.2599
167.416,9,-39.4076,1.6295,-1.2594
167.431,9,-39.4079,1.6297,-1.2589
167.443,9,-39.4081,1.6298,-1.2583
167.454,9,-39.4083,1.6299,-1.2577
167.467,9,-39.4085,1.6300,-1.2572
167.478,9,-39.4088,1.6301,-1.2566
167.489,9,-39.4090,1.6301,-1.2560
167.501,9,-39.4094,1.6301,-1.2554
167.513,9,-39.4096,1.6302,-1.2548
167.524,9,-39.4099,1.6303,-1.2543
167.534,9,-39.4102,1.6303,-1.2537
167.548,9,-39.4104,1.6303,-1.2532
167.562,9,-39.4112,1.6305,-1.2521
167.573,9,-39.4115,1.6306,-1.2515
167.587,9,-39.4119,1.6307,-1.2510
167.598,9,-39.4124,1.6308,-1.2505
167.610,9,-39.4129,1.6309,-1.2501
167.622,9,-39.4134,1.6309,-1.2496
167.633,9,-39.4139,1.6309,-1.2491
167.645,9,-39.4144,1.6310,-1.2487
167.656,9,-39.4149,1.6311,-1.2483
167.671,9,-39.4153,1.6312,-1.2479
167.685,9,-39.4162,1.6313,-1.2472
167.696,9,-39.4167,1.6314,-1.2468
167.710,9,-39.4171,1.6315,-1.2465
167.721,9,-39.4176,1.6315,-1.2463
167.733,9,-39.4181,1.6315,-1.2460
167.744,9,-39.4185,1.6315,-1.2456
167.756,9,-39.4189,1.6314,-1.2454
167.767,9,-39.4194,1.6314,-1.2451
167.778,9,-39.4197,1.6313,-1.2448
167.789,9,-39.4201,1.6313,-1.2445
167.800,9,-39.4206,1.6313,-1.2442
167.812,9,-39.4211,1.6314,-1.2438
167.827,9,-39.4213,1.6314,-1.2435
167.841,9,-39.4222,1.6314,-1.2428
167.853,9,-39.4225,1.6313,-1.2425
167.866,9,-39.4229,1.6314,-1.2422
167.876,9,-39.4232,1.6314,-1.2418
167.889,9,-39.4236,1.6314,-1.2414
167.901,9,-39.4240,1.6315,-1.2409
167.912,9,-39.4243,1.6316,-1.2404
167.924,9,-39.4245,1.6316,-1.2400
167.935,9,-39.4248,1.6316,-1.2395
167.946,9,-39.4252,1.6317,-1.2390
167.957,9,-39.4254,1.6317,-1.2385
167.968,9,-39.4257,1.6316,-1.2378
167.980,9,-39.4259,1.6317,-1.2372
167.992,9,-39.4264,1.6316,-1.2366
168.003,9,-39.4265,1.6316,-1.2359
168.015,9,-39.4267,1.6317,-1.2351
168.026,9,-39.4268,1.6318,-1.2344
168.038,9,-39.4269,1.6318,-1.2335
168.050,9,-39.4274,1.6319,-1.2319
168.061,9,-39.4274,1.6320,-1.2308
168.078,9,-39.4275,1.6321,-1.2297
168.090,9,-39.4275,1.6321,-1.2287
168.102,9,-39.4275,1.6322,-1.2276
168.114,9,-39.4276,1.6321,-1.2264
168.125,9,-39.4277,1.6321,-1.2252
168.137,9,-39.4277,1.6321,-1.2239
168.148,9,-39.4276,1.6321,-1.2227
168.160,9,-39.4276,1.6322,-1.2213
168.172,9,-39.4274,1.6323,-1.2186
168.184,9,-39.4272,1.6325,-1.2172
168.199,9,-39.4268,1.6328,-1.2156
168.210,9,-39.4266,1.6330,-1.2141
168.223,9,-39.4264,1.6332,-1.2125
168.234,9,-39.4259,1.6332,-1.2111
168.245,9,-39.4256,1.6334,-1.2095
168.257,9,-39.4253,1.6335,-1.2080
168.269,9,-39.4250,1.6333,-1.2065
168.281,9,-39.4246,1.6329,-1.2051
168.293,9,-39.4241,1.6321,-1.2036
168.306,9,-39.4233,1.6309,-1.2008
168.318,9,-39.4227,1.6302,-1.1997
168.333,9,-39.4221,1.6301,-1.1988
168.344,9,-39.4214,1.6302,-1.1979
168.356,9,-39.4209,1.6304,-1.1972
168.367,9,-39.4206,1.6305,-1.1965
168.379,9,-39.4201,1.6305,-1.1959
168.391,9,-39.4197,1.6304,-1.1954
168.402,9,-39.4191,1.6305,-1.1950
168.415,9,-39.4185,1.6309,-1.1947
168.427,9,-39.4179,1.6315,-1.1943
168.439,9,-39.4173,1.6320,-1.1941
168.451,9,-39.4161,1.6327,-1.1935
168.466,9,-39.4154,1.6330,-1.1936
168.482,9,-39.4146,1.6333,-1.1937
168.495,9,-39.4133,1.6338,-1.1936
168.508,9,-39.4124,1.6340,-1.1938
168.522,9,-39.4115,1.6342,-1.1940
168.534,9,-39.4107,1.6342,-1.1942
168.547,9,-39.4100,1.6340,-1.1946
168.558,9,-39.4093,1.6337,-1.1948
168.570,9,-39.4084,1.6331,-1.1951
168.582,9,-39.4076,1.6325,-1.1956
168.594,9,-39.4067,1.6318,-1.1960
168.606,9,-39.4058,1.6310,-1.1964
168.619,9,-39.4048,1.6301,-1.1970
168.631,9,-39.4040,1.6289,-1.1975
168.643,9,-39.4031,1.6277,-1.1981
168.656,9,-39.4023,1.6260,-1.1988
168.667,9,-39.4015,1.6244,-1.1995
168.679,9,-39.4007,1.6228,-1.2002
168.691,9,-39.3997,1.6212,-1.2010
168.703,9,-39.3980,1.6184,-1.2025
168.714,9,-39.3971,1.6169,-1.2035
168.731,9,-39.3963,1.6153,-1.2046
168.742,9,-39.3954,1.6136,-1.2057
168.754,9,-39.3946,1.6118,-1.2068
168.771,9,-39.3939,1.6093,-1.2080
168.786,9,-39.3928,1.6048,-1.2100
168.796,9,-39.3916,1.6064,-1.2110
168.808,9,-39.3908,1.6090,-1.2121
168.821,9,-39.3902,1.6107,-1.2130
168.832,9,-39.3888,1.6112,-1.2135
168.843,9,-39.3872,1.6112,-1.2143
168.854,9,-39.3859,1.6118,-1.2152
168.865,9,-39.3845,1.6141,-1.2158
168.876,9,-39.3832,1.6173,-1.2163
168.888,9,-39.3822,1.6200,-1.2168
168.899,9,-39.3812,1.6223,-1.2170
168.910,9,-39.3804,1.6244,-1.2173
168.922,9,-39.3795,1.6258,-1.2174
168.933,9,-39.3785,1.6274,-1.2177
168.945,9,-39.3774,1.6290,-1.2178
168.957,9,-39.3762,1.6303,-1.2177
168.967,9,-39.3751,1.6319,-1.2178
168.980,9,-39.3737,1.6333,-1.2177
168.991,9,-39.3722,1.6345,-1.2176
169.003,9,-39.3706,1.6352,-1.2176
169.014,9,-39.3690,1.6356,-1.2175
169.025,9,-39.3673,1.6355,-1.2173
169.036,9,-39.3658,1.6352,-1.2168
169.048,9,-39.3645,1.6351,-1.2164
169.059,9,-39.3629,1.6349,-1.2159
169.070,9,-39.3616,1.6353,-1.2154
169.081,9,-39.3598,1.6352,-1.2148
169.092,9,-39.3580,1.6349,-1.2138
169.103,9,-39.3560,1.6346,-1.2132
169.115,9,-39.3540,1.6343,-1.2120
169.127,9,-39.3504,1.6341,-1.2102
169.138,9,-39.3482,1.6341,-1.2090
169.155,9,-39.3458,1.6344,-1.2077
169.166,9,-39.3435,1.6344,-1.2063
169.178,9,-39.3411,1.6342,-1.2048
169.191,9,-39.3389,1.6336,-1.2033
169.202,9,-39.3364,1.6332,-1.2019
169.214,9,-39.3339,1.6326,-1.2006
169.226,9,-39.3315,1.6319,-1.1992
169.243,9,-39.3262,1.6298,-1.1967
169.258,9,-39.3233,1.6281,-1.1951
169.269,9,-39.3205,1.6269,-1.1939
169.280,9,-39.3147,1.6252,-1.1916
169.292,9,-39.3115,1.6253,-1.1908
169.308,9,-39.3083,1.6256,-1.1901
169.319,9,-39.3048,1.6254,-1.1895
169.331,9,-39.3014,1.6248,-1.1886
169.343,9,-39.2979,1.6245,-1.1880
169.354,9,-39.2944,1.6245,-1.1873
169.366,9,-39.2907,1.6250,-1.1869
169.377,9,-39.2870,1.6254,-1.1865
169.390,9,-39.2833,1.6257,-1.1861
169.402,9,-39.2795,1.6255,-1.1858
169.413,9,-39.2757,1.6250,-1.1854
169.425,9,-39.2716,1.6245,-1.1852
169.436,9,-39.2637,1.6235,-1.1845
169.448,9,-39.2592,1.6231,-1.1844
169.464,9,-39.2544,1.6223,-1.1844
169.476,9,-39.2494,1.6215,-1.1846
169.488,9,-39.2445,1.6206,-1.1848
169.499,9,-39.2396,1.6194,-1.1848
169.511,9,-39.2342,1.6181,-1.1852
169.523,9,-39.2287,1.6170,-1.1854
169.535,9,-39.2230,1.6159,-1.1860
169.547,9,-39.2171,1.6146,-1.1864
169.559,9,-39.2058,1.6121,-1.1872
169.573,9,-39.1994,1.6104,-1.1878
169.587,9,-39.1931,1.6089,-1.1887
169.598,9,-39.1867,1.6075,-1.1895
169.610,9,-39.1803,1.6064,-1.1905
169.621,9,-39.1736,1.6050,-1.1915
169.633,9,-39.1670,1.6037,-1.1924
169.645,9,-39.1600,1.6023,-1.1936
169.657,9,-39.1531,1.6012,-1.1947
169.669,9,-39.1459,1.6003,-1.1961
169.680,9,-39.1388,1.5997,-1.1973
169.692,9,-39.1245,1.5982,-1.2001
169.704,9,-39.1169,1.5976,-1.2016
169.720,9,-39.1091,1.5974,-1.2034
169.731,9,-39.1015,1.5968,-1.2049
169.742,9,-39.0937,1.5965,-1.2066
169.754,9,-39.0859,1.5962,-1.2084
169.766,9,-39.0780,1.5965,-1.2102
169.778,9,-39.0696,1.5975,-1.2123
169.789,9,-39.0614,1.5990,-1.2142
169.801,9,-39.0532,1.6002,-1.2161
169.812,9,-39.0449,1.6015,-1.2178
169.823,9,-39.0364,1.6031,-1.2194
169.835,9,-39.0281,1.6049,-1.2212
169.847,9,-39.0195,1.6074,-1.2228
169.859,9,-39.0110,1.6093,-1.2243
169.870,9,-39.0025,1.6109,-1.2257
169.881,9,-38.9943,1.6124,-1.2270
169.892,9,-38.9861,1.6137,-1.2282
169.903,9,-38.9779,1.6150,-1.2292
169.914,9,-38.9695,1.6164,-1.2303
169.925,9,-38.9610,1.6181,-1.2312
169.936,9,-38.9525,1.6199,-1.2321
169.947,9,-38.9439,1.6218,-1.2328
169.958,9,-38.9354,1.6239,-1.2335
169.970,9,-38.9271,1.6258,-1.2340
169.981,9,-38.9186,1.6276,-1.2345
169.992,9,-38.9102,1.6292,-1.2351
170.003,9,-38.9018,1.6306,-1.2355
170.014,9,-38.8935,1.6319,-1.2359
170.026,9,-38.8849,1.6330,-1.2363
170.036,9,-38.8765,1.6341,-1.2366
170.047,9,-38.8683,1.6349,-1.2366
170.058,9,-38.8598,1.6356,-1.2367
170.069,9,-38.8514,1.6358,-1.2369
170.080,9,-38.8430,1.6358,-1.2370
170.092,9,-38.8346,1.6353,-1.2370
170.103,9,-38.8262,1.6346,-1.2372
170.116,9,-38.8178,1.6336,-1.2372
170.127,9,-38.8008,1.6318,-1.2372
170.138,9,-38.7920,1.6304,-1.2372
170.155,9,-38.7831,1.6283,-1.2372
170.166,9,-38.7740,1.6263,-1.2372
170.177,9,-38.7650,1.6243,-1.2371
170.189,9,-38.7559,1.6220,-1.2369
170.200,9,-38.7468,1.6197,-1.2366
170.212,9,-38.7375,1.6173,-1.2362
170.224,9,-38.7280,1.6151,-1.2359
170.236,9,-38.7184,1.6130,-1.2355
170.248,9,-38.7087,1.6109,-1.2350
170.260,9,-38.6990,1.6088,-1.2344
170.272,9,-38.6799,1.6047,-1.2333
170.283,9,-38.6705,1.6030,-1.2324
170.299,9,-38.6606,1.6020,-1.2315
170.311,9,-38.6507,1.6012,-1.2307
170.322,9,-38.6408,1.6006,-1.2298
170.334,9,-38.6307,1.6005,-1.2289
170.345,9,-38.6207,1.6002,-1.2277
170.356,9,-38.6106,1.6001,-1.2267
170.368,9,-38.6005,1.6000,-1.2255
170.379,9,-38.5903,1.6007,-1.2244
170.390,9,-38.5799,1.6024,-1.2235
170.401,9,-38.5697,1.6042,-1.2224
170.413,9,-38.5593,1.6060,-1.2215
170.425,9,-38.5490,1.6080,-1.2204
170.437,9,-38.5387,1.6103,-1.2195
170.448,9,-38.5283,1.6127,-1.2186
170.460,9,-38.5180,1.6149,-1.2177
170.472,9,-38.5076,1.6169,-1.2170
170.483,9,-38.4869,1.6206,-1.2154
170.495,9,-38.4766,1.6226,-1.2149
170.510,9,-38.4665,1.6247,-1.2144
170.522,9,-38.4563,1.6267,-1.2140
170.533,9,-38.4463,1.6285,-1.2135
170.545,9,-38.4362,1.6304,-1.2132
170.556,9,-38.4262,1.6323,-1.2130
170.567,9,-38.4163,1.6340,-1.2128
170.578,9,-38.4064,1.6355,-1.2126
170.590,9,-38.3967,1.6366,-1.2124
170.601,9,-38.3869,1.6377,-1.2123
170.612,9,-38.3772,1.6386,-1.2122
170.623,9,-38.3676,1.6394,-1.2121
170.636,9,-38.3579,1.6399,-1.2120
170.648,9,-38.3482,1.6404,-1.2119
170.659,9,-38.3384,1.6406,-1.2118
170.671,9,-38.3287,1.6406,-1.2117
170.683,9,-38.3094,1.6404,-1.2115
170.694,9,-38.2996,1.6395,-1.2114
170.709,9,-38.2897,1.6382,-1.2114
170.720,9,-38.2798,1.6370,-1.2114
170.732,9,-38.2697,1.6356,-1.2114
170.743,9,-38.2598,1.6339,-1.2114
170.755,9,-38.2497,1.6321,-1.2113
170.767,9,-38.2396,1.6297,-1.2112
170.779,9,-38.2294,1.6274,-1.2112
170.791,9,-38.2190,1.6249,-1.2114
170.802,9,-38.2087,1.6224,-1.2114
170.813,9,-38.1983,1.6202,-1.2115
170.824,9,-38.1877,1.6180,-1.2117
170.837,9,-38.1771,1.6159,-1.2119
170.850,9,-38.1666,1.6140,-1.2123
170.862,9,-38.1452,1.6104,-1.2131
170.874,9,-38.1344,1.6088,-1.2135
170.887,9,-38.1237,1.6077,-1.2140
170.898,9,-38.1130,1.6070,-1.2145
170.909,9,-38.1021,1.6064,-1.2150
170.920,9,-38.0911,1.6060,-1.2157
170.932,9,-38.0800,1.6055,-1.2164
170.943,9,-38.0688,1.6054,-1.2172
170.954,9,-38.0576,1.6060,-1.2179
170.965,9,-38.0464,1.6073,-1.2187
170.976,9,-38.0352,1.6089,-1.2194
170.987,9,-38.0241,1.6107,-1.2200
171.000,9,-38.0129,1.6128,-1.2206
171.013,9,-38.0016,1.6154,-1.2212
171.025,9,-37.9905,1.6178,-1.2218
171.038,9,-37.9796,1.6199,-1.2222
171.049,9,-37.9686,1.6218,-1.2225
171.060,9,-37.9468,1.6252,-1.2231
171.072,9,-37.9362,1.6266,-1.2230
171.088,9,-37.9256,1.6282,-1.2229
171.099,9,-37.9152,1.6299,-1.2229
171.111,9,-37.9047,1.6320,-1.2227
171.122,9,-37.8943,1.6340,-1.2224
171.134,9,-37.8839,1.6361,-1.2222
171.147,9,-37.8737,1.6379,-1.2218
171.160,9,-37.8635,1.6395,-1.2214
171.171,9,-37.8428,1.6428,-1.2208
171.183,9,-37.8328,1.6439,-1.2203
171.198,9,-37.8229,1.6448,-1.2198
171.210,9,-37.8129,1.6455,-1.2193
171.222,9,-37.8028,1.6459,-1.2188
171.235,9,-37.7927,1.6460,-1.2182
171.246,9,-37.7825,1.6458,-1.2177
171.257,9,-37.7724,1.6454,-1.2172
171.268,9,-37.7622,1.6447,-1.2167
171.278,9,-37.7520,1.6437,-1.2162
171.289,9,-37.7418,1.6424,-1.2157
171.300,9,-37.7316,1.6408,-1.2152
171.312,9,-37.7214,1.6389,-1.2146
171.324,9,-37.7111,1.6368,-1.2141
171.335,9,-37.7007,1.6347,-1.2136
171.347,9,-37.6903,1.6323,-1.2130
171.358,9,-37.6800,1.6298,-1.2123
171.369,9,-37.6693,1.6271,-1.2115
171.380,9,-37.6583,1.6245,-1.2108
171.391,9,-37.6475,1.6220,-1.2099
171.402,9,-37.6364,1.6198,-1.2090
171.413,9,-37.6252,1.6178,-1.2079
171.425,9,-37.6141,1.6160,-1.2069
171.437,9,-37.6029,1.6143,-1.2059
171.448,9,-37.5918,1.6128,-1.2047
171.460,9,-37.5806,1.6116,-1.2036
171.472,9,-37.5695,1.6108,-1.2022
171.485,9,-37.5585,1.6102,-1.2009
171.497,9,-37.5474,1.6098,-1.1995
171.508,9,-37.5364,1.6093,-1.1982
171.520,9,-37.5254,1.6096,-1.1968
171.532,9,-37.5145,1.6110,-1.1954
171.544,9,-37.5037,1.6126,-1.1940
171.556,9,-37.4930,1.6142,-1.1926
171.567,9,-37.4825,1.6163,-1.1913
171.578,9,-37.4717,1.6187,-1.1900
171.590,9,-37.4609,1.6213,-1.1889
171.603,9,-37.4501,1.6235,-1.1878
171.618,9,-37.4291,1.6270,-1.1856
171.630,9,-37.4184,1.6287,-1.1848
171.643,9,-37.4077,1.6307,-1.1840
171.655,9,-37.3972,1.6329,-1.1833
171.667,9,-37.3867,1.6349,-1.1826
171.679,9,-37.3761,1.6368,-1.1819
171.690,9,-37.3661,1.6385,-1.1813
171.702,9,-37.3460,1.6422,-1.1801
171.714,9,-37.3361,1.6440,-1.1798
171.730,9,-37.3264,1.6456,-1.1795
171.741,9,-37.3167,1.6470,-1.1792
171.753,9,-37.3071,1.6483,-1.1789
171.765,9,-37.2976,1.6494,-1.1786
171.776,9,-37.2880,1.6503,-1.1784
171.787,9,-37.2785,1.6510,-1.1781
171.798,9,-37.2690,1.6515,-1.1779
171.809,9,-37.2595,1.6516,-1.1777
171.820,9,-37.2500,1.6513,-1.1776
171.832,9,-37.2405,1.6509,-1.1775
171.845,9,-37.2311,1.6499,-1.1775
171.857,9,-37.2217,1.6488,-1.1775
171.869,9,-37.2123,1.6475,-1.1775
171.881,9,-37.1934,1.6455,-1.1775
171.893,9,-37.1840,1.6438,-1.1776
171.907,9,-37.1745,1.6413,-1.1778
171.919,9,-37.1650,1.6389,-1.1779
171.930,9,-37.1555,1.6365,-1.1781
171.942,9,-37.1459,1.6341,-1.1784
171.953,9,-37.1362,1.6319,-1.1787
171.964,9,-37.1265,1.6298,-1.1792
171.976,9,-37.1167,1.6279,-1.1797
171.987,9,-37.1067,1.6261,-1.1803
171.998,9,-37.0969,1.6244,-1.1811
172.009,9,-37.0872,1.6227,-1.1819
172.020,9,-37.0774,1.6213,-1.1827
172.032,9,-37.0676,1.6203,-1.1836
172.045,9,-37.0576,1.6200,-1.1847
172.055,9,-37.0477,1.6197,-1.1859
172.066,9,-37.0377,1.6191,-1.1870
172.077,9,-37.0278,1.6187,-1.1882
172.087,9,-37.0180,1.6184,-1.1894
172.099,9,-37.0081,1.6191,-1.1907
172.110,9,-36.9982,1.6204,-1.1921
172.121,9,-36.9884,1.6218,-1.1935
172.132,9,-36.9786,1.6231,-1.1948
172.143,9,-36.9689,1.6245,-1.1960
172.154,9,-36.9591,1.6262,-1.1973
172.165,9,-36.9493,1.6283,-1.1988
172.177,9,-36.9395,1.6302,-1.2001
172.188,9,-36.9298,1.6321,-1.2012
172.199,9,-36.9200,1.6338,-1.2023
172.210,9,-36.9102,1.6356,-1.2033
172.223,9,-36.9004,1.6375,-1.2042
172.235,9,-36.8906,1.6394,-1.2051
172.247,9,-36.8810,1.6414,-1.2059
172.258,9,-36.8714,1.6434,-1.2065
172.270,9,-36.8620,1.6455,-1.2071
172.281,9,-36.8522,1.6476,-1.2078
172.291,9,-36.8428,1.6497,-1.2084
172.302,9,-36.8332,1.6517,-1.2089
172.313,9,-36.8236,1.6533,-1.2094
172.324,9,-36.8141,1.6548,-1.2098
172.335,9,-36.8047,1.6559,-1.2102
172.346,9,-36.7955,1.6569,-1.2105
172.358,9,-36.7862,1.6576,-1.2109
172.368,9,-36.7769,1.6583,-1.2113
172.380,9,-36.7677,1.6585,-1.2117
172.391,9,-36.7584,1.6585,-1.2121
172.402,9,-36.7492,1.6582,-1.2124
172.414,9,-36.7400,1.6577,-1.2127
172.426,9,-36.7308,1.6567,-1.2130
172.438,9,-36.7216,1.6556,-1.2133
172.450,9,-36.7124,1.6542,-1.2136
172.461,9,-36.7032,1.6529,-1.2139
172.472,9,-36.6942,1.6511,-1.2142
172.485,9,-36.6851,1.6491,-1.2145
172.496,9,-36.6760,1.6471,-1.2147
172.513,9,-36.6668,1.6445,-1.2149
172.529,9,-36.6489,1.6403,-1.2152
172.539,9,-36.6399,1.6382,-1.2153
172.550,9,-36.6309,1.6361,-1.2153
172.562,9,-36.6219,1.6340,-1.2152
172.573,9,-36.6129,1.6321,-1.2151
172.585,9,-36.6038,1.6303,-1.2149
172.597,9,-36.5948,1.6287,-1.2146
172.609,9,-36.5857,1.6274,-1.2143
172.620,9,-36.5766,1.6265,-1.2138
172.631,9,-36.5675,1.6258,-1.2134
172.644,9,-36.5586,1.6249,-1.2130
172.655,9,-36.5495,1.6241,-1.2125
172.667,9,-36.5404,1.6232,-1.2121
172.679,9,-36.5314,1.6228,-1.2116
172.690,9,-36.5223,1.6232,-1.2110
172.702,9,-36.5043,1.6235,-1.2100
172.713,9,-36.4955,1.6245,-1.2094
172.732,9,-36.4867,1.6256,-1.2088
172.744,9,-36.4778,1.6273,-1.2084
172.756,9,-36.4691,1.6293,-1.2079
172.767,9,-36.4603,1.6311,-1.2075
172.779,9,-36.4516,1.6326,-1.2071
172.790,9,-36.4428,1.6339,-1.2067
172.801,9,-36.4342,1.6351,-1.2064
172.812,9,-36.4255,1.6364,-1.2062
172.823,9,-36.4168,1.6380,-1.2060
172.834,9,-36.4081,1.6397,-1.2057
172.846,9,-36.3907,1.6428,-1.2052
172.858,9,-36.3823,1.6442,-1.2050
172.874,9,-36.3739,1.6457,-1.2051
172.887,9,-36.3655,1.6473,-1.2053
172.899,9,-36.3573,1.6488,-1.2054
172.911,9,-36.3491,1.6502,-1.2055
172.923,9,-36.3409,1.6515,-1.2057
172.934,9,-36.3327,1.6527,-1.2058
172.944,9,-36.3246,1.6539,-1.2059
172.956,9,-36.3166,1.6548,-1.2060
172.967,9,-36.3085,1.6557,-1.2060
172.979,9,-36.3006,1.6564,-1.2060
172.990,9,-36.2927,1.6569,-1.2060
173.001,9,-36.2849,1.6574,-1.2061
173.013,9,-36.2770,1.6575,-1.2061
173.023,9,-36.2692,1.6575,-1.2062
173.034,9,-36.2613,1.6572,-1.2063
173.045,9,-36.2536,1.6569,-1.2063
173.055,9,-36.2458,1.6564,-1.2063
173.066,9,-36.2382,1.6555,-1.2064
173.077,9,-36.2305,1.6546,-1.2064
173.089,9,-36.2229,1.6532,-1.2064
173.100,9,-36.2152,1.6517,-1.2065
173.111,9,-36.2076,1.6503,-1.2065
173.123,9,-36.2000,1.6486,-1.2065
173.135,9,-36.1924,1.6469,-1.2065
173.146,9,-36.1847,1.6453,-1.2066
173.158,9,-36.1771,1.6437,-1.2067
173.170,9,-36.1695,1.6422,-1.2068
173.181,9,-36.1542,1.6391,-1.2072
173.192,9,-36.1465,1.6377,-1.2074
173.209,9,-36.1388,1.6365,-1.2077
173.220,9,-36.1313,1.6355,-1.2080
173.232,9,-36.1237,1.6346,-1.2084
173.245,9,-36.1161,1.6337,-1.2088
173.256,9,-36.1086,1.6327,-1.2092
173.268,9,-36.1012,1.6316,-1.2096
173.279,9,-36.0939,1.6306,-1.2100
173.289,9,-36.0866,1.6301,-1.2105
173.301,9,-36.0792,1.6300,-1.2110
173.311,9,-36.0722,1.6302,-1.2115
173.324,9,-36.0650,1.6303,-1.2120
173.335,9,-36.0580,1.6307,-1.2125
173.346,9,-36.0508,1.6314,-1.2131
173.358,9,-36.0438,1.6327,-1.2136
173.370,9,-36.0295,1.6348,-1.2146
173.381,9,-36.0226,1.6370,-1.2150
173.398,9,-36.0156,1.6391,-1.2155
173.408,9,-36.0087,1.6405,-1.2159
173.419,9,-36.0017,1.6420,-1.2164
173.430,9,-35.9948,1.6436,-1.2167
173.442,9,-35.9878,1.6452,-1.2169
173.453,9,-35.9808,1.6468,-1.2170
173.465,9,-35.9736,1.6484,-1.2170
173.476,9,-35.9664,1.6499,-1.2170
173.487,9,-35.9594,1.6514,-1.2169
173.499,9,-35.9523,1.6529,-1.2168
173.510,9,-35.9453,1.6545,-1.2166
173.521,9,-35.9384,1.6561,-1.2163
173.533,9,-35.9317,1.6576,-1.2158
173.544,9,-35.9251,1.6588,-1.2155
173.556,9,-35.9186,1.6597,-1.2150
173.568,9,-35.9122,1.6604,-1.2144
173.579,9,-35.9060,1.6610,-1.2140
173.591,9,-35.8998,1.6618,-1.2133
173.603,9,-35.8938,1.6625,-1.2126
173.614,9,-35.8880,1.6631,-1.2118
173.627,9,-35.8823,1.6635,-1.2112
173.640,9,-35.8765,1.6639,-1.2106
173.651,9,-35.8707,1.6643,-1.2098
173.662,9,-35.8651,1.6645,-1.2092
173.673,9,-35.8596,1.6646,-1.2084
173.684,9,-35.8542,1.6648,-1.2076
173.695,9,-35.8490,1.6648,-1.2068
173.706,9,-35.8437,1.6648,-1.2059
173.718,9,-35.8384,1.6647,-1.2050
173.729,9,-35.8332,1.6646,-1.2041
173.740,9,-35.8280,1.6645,-1.2032
173.752,9,-35.8231,1.6643,-1.2021
173.763,9,-35.8182,1.6640,-1.2010
173.774,9,-35.8133,1.6635,-1.2000
173.785,9,-35.8084,1.6628,-1.1993
173.796,9,-35.8036,1.6621,-1.1981
173.808,9,-35.7989,1.6614,-1.1971
173.820,9,-35.7942,1.6606,-1.1958
173.831,9,-35.7896,1.6598,-1.1945
173.842,9,-35.7851,1.6588,-1.1932
173.854,9,-35.7808,1.6577,-1.1919
173.867,9,-35.7766,1.6565,-1.1903
173.879,9,-35.7722,1.6553,-1.1887
173.891,9,-35.7679,1.6541,-1.1873
173.904,9,-35.7637,1.6527,-1.1857
173.915,9,-35.7596,1.6515,-1.1840
173.926,9,-35.7555,1.6504,-1.1824
173.937,9,-35.7516,1.6497,-1.1807
173.948,9,-35.7477,1.6491,-1.1790
173.959,9,-35.7439,1.6485,-1.1771
173.970,9,-35.7401,1.6481,-1.1753
173.982,9,-35.7364,1.6481,-1.1734
173.993,9,-35.7327,1.6488,-1.1716
174.004,9,-35.7288,1.6493,-1.1699
174.020,9,-35.7250,1.6502,-1.1680
174.031,9,-35.7212,1.6508,-1.1663
174.042,9,-35.7177,1.6514,-1.1646
174.053,9,-35.7141,1.6520,-1.1630
174.064,9,-35.7106,1.6524,-1.1615
174.075,9,-35.7071,1.6525,-1.1600
174.087,9,-35.7038,1.6526,-1.1587
174.099,9,-35.7005,1.6528,-1.1572
174.111,9,-35.6973,1.6531,-1.1560
174.122,9,-35.6941,1.6533,-1.1547
174.134,9,-35.6909,1.6535,-1.1534
174.145,9,-35.6878,1.6537,-1.1520
174.157,9,-35.6847,1.6540,-1.1508
174.168,9,-35.6816,1.6544,-1.1497
174.180,9,-35.6787,1.6547,-1.1487
174.190,9,-35.6758,1.6552,-1.1477
174.202,9,-35.6730,1.6558,-1.1468
174.214,9,-35.6674,1.6569,-1.1449
174.224,9,-35.6647,1.6574,-1.1441
174.247,9,-35.6624,1.6578,-1.1438
174.261,9,-35.6573,1.6587,-1.1423
174.271,9,-35.6549,1.6591,-1.1417
174.286,9,-35.6526,1.6593,-1.1413
174.298,9,-35.6503,1.6595,-1.1408
174.309,9,-35.6481,1.6597,-1.1404
174.319,9,-35.6459,1.6598,-1.1399
174.332,9,-35.6438,1.6600,-1.1396
174.343,9,-35.6417,1.6602,-1.1393
174.355,9,-35.6397,1.6603,-1.1390
174.366,9,-35.6377,1.6604,-1.1387
174.377,9,-35.6357,1.6605,-1.1386
174.388,9,-35.6337,1.6606,-1.1385
174.400,9,-35.6317,1.6607,-1.1384
174.411,9,-35.6299,1.6607,-1.1385
174.421,9,-35.6281,1.6607,-1.1386
174.432,9,-35.6264,1.6606,-1.1387
174.443,9,-35.6247,1.6605,-1.1390
174.454,9,-35.6232,1.6604,-1.1394
174.471,9,-35.6217,1.6603,-1.1397
174.484,9,-35.6187,1.6599,-1.1405
174.494,9,-35.6173,1.6596,-1.1411
174.510,9,-35.6160,1.6597,-1.1419
174.522,9,-35.6146,1.6606,-1.1427
174.533,9,-35.6133,1.6615,-1.1435
174.545,9,-35.6122,1.6619,-1.1444
174.557,9,-35.6110,1.6620,-1.1452
174.568,9,-35.6098,1.6622,-1.1461
174.580,9,-35.6086,1.6627,-1.1470
174.591,9,-35.6074,1.6630,-1.1480
174.603,9,-35.6063,1.6634,-1.1489
174.614,9,-35.6051,1.6637,-1.1497
174.626,9,-35.6039,1.6640,-1.1506
174.637,9,-35.6028,1.6642,-1.1515
174.649,9,-35.6016,1.6643,-1.1524
174.660,9,-35.6004,1.6644,-1.1532
174.671,9,-35.5993,1.6644,-1.1540
174.683,9,-35.5983,1.6643,-1.1547
174.695,9,-35.5973,1.6642,-1.1555
174.705,9,-35.5965,1.6641,-1.1563
174.717,9,-35.5956,1.6640,-1.1570
174.729,9,-35.5949,1.6640,-1.1578
174.739,9,-35.5941,1.6639,-1.1584
174.750,9,-35.5934,1.6638,-1.1591
174.761,9,-35.5928,1.6638,-1.1598
174.773,9,-35.5922,1.6637,-1.1605
174.784,9,-35.5916,1.6636,-1.1611
174.795,9,-35.5910,1.6635,-1.1617

# --- Trial 10 start ---
184.315,10,-39.4486,1.6356,-1.2612
184.351,10,-39.4476,1.6354,-1.2609
184.373,10,-39.4473,1.6353,-1.2608
184.386,10,-39.4464,1.6352,-1.2604
184.397,10,-39.4460,1.6351,-1.2602
184.413,10,-39.4457,1.6351,-1.2601
184.424,10,-39.4454,1.6350,-1.2599
184.436,10,-39.4452,1.6350,-1.2598
184.455,10,-39.4450,1.6350,-1.2595
184.466,10,-39.4445,1.6349,-1.2593
184.477,10,-39.4443,1.6349,-1.2591
184.490,10,-39.4441,1.6349,-1.2590
184.501,10,-39.4439,1.6349,-1.2589
184.513,10,-39.4436,1.6348,-1.2587
184.524,10,-39.4433,1.6348,-1.2586
184.536,10,-39.4431,1.6347,-1.2585
184.549,10,-39.4428,1.6346,-1.2584
184.560,10,-39.4426,1.6345,-1.2582
184.571,10,-39.4424,1.6344,-1.2581
184.583,10,-39.4422,1.6343,-1.2580
184.594,10,-39.4421,1.6343,-1.2578
184.605,10,-39.4419,1.6342,-1.2576
184.617,10,-39.4416,1.6341,-1.2576
184.628,10,-39.4414,1.6340,-1.2574
184.640,10,-39.4410,1.6339,-1.2571
184.651,10,-39.4409,1.6338,-1.2569
184.668,10,-39.4406,1.6339,-1.2567
184.679,10,-39.4404,1.6339,-1.2566
184.690,10,-39.4403,1.6340,-1.2563
184.701,10,-39.4402,1.6340,-1.2560
184.712,10,-39.4402,1.6341,-1.2557
184.724,10,-39.4401,1.6340,-1.2553
184.735,10,-39.4400,1.6341,-1.2549
184.746,10,-39.4400,1.6341,-1.2545
184.758,10,-39.4399,1.6340,-1.2540
184.769,10,-39.4399,1.6339,-1.2535
184.781,10,-39.4397,1.6338,-1.2530
184.791,10,-39.4397,1.6338,-1.2523
184.803,10,-39.4396,1.6338,-1.2518
184.814,10,-39.4396,1.6338,-1.2510
184.825,10,-39.4396,1.6337,-1.2503
184.840,10,-39.4396,1.6337,-1.2494
184.854,10,-39.4396,1.6336,-1.2478
184.865,10,-39.4396,1.6335,-1.2468
184.879,10,-39.4398,1.6334,-1.2457
184.890,10,-39.4400,1.6333,-1.2446
184.901,10,-39.4401,1.6333,-1.2434
184.912,10,-39.4401,1.6332,-1.2423
184.924,10,-39.4400,1.6331,-1.2413
184.936,10,-39.4401,1.6332,-1.2400
184.947,10,-39.4401,1.6333,-1.2387
184.960,10,-39.4401,1.6334,-1.2373
184.972,10,-39.4402,1.6334,-1.2359
184.982,10,-39.4401,1.6335,-1.2344
184.994,10,-39.4401,1.6335,-1.2329
185.006,10,-39.4401,1.6336,-1.2315
185.017,10,-39.4400,1.6336,-1.2299
185.028,10,-39.4400,1.6336,-1.2284
185.040,10,-39.4399,1.6336,-1.2269
185.051,10,-39.4399,1.6337,-1.2254
185.063,10,-39.4398,1.6338,-1.2238
185.074,10,-39.4398,1.6339,-1.2222
185.086,10,-39.4396,1.6341,-1.2190
185.097,10,-39.4395,1.6342,-1.2174
185.114,10,-39.4395,1.6341,-1.2160
185.125,10,-39.4394,1.6338,-1.2145
185.136,10,-39.4392,1.6333,-1.2130
185.148,10,-39.4391,1.6326,-1.2115
185.158,10,-39.4387,1.6320,-1.2101
185.169,10,-39.4384,1.6317,-1.2089
185.180,10,-39.4380,1.6318,-1.2077
185.192,10,-39.4378,1.6321,-1.2065
185.204,10,-39.4374,1.6323,-1.2055
185.214,10,-39.4371,1.6324,-1.2045
185.225,10,-39.4369,1.6326,-1.2036
185.237,10,-39.4366,1.6326,-1.2029
185.248,10,-39.4363,1.6326,-1.2021
185.259,10,-39.4360,1.6328,-1.2013
185.270,10,-39.4357,1.6331,-1.2007
185.281,10,-39.4356,1.6333,-1.2001
185.293,10,-39.4355,1.6335,-1.1994
185.304,10,-39.4353,1.6336,-1.1989
185.316,10,-39.4352,1.6336,-1.1985
185.327,10,-39.4352,1.6336,-1.1979
185.338,10,-39.4349,1.6336,-1.1976
185.350,10,-39.4348,1.6337,-1.1973
185.362,10,-39.4346,1.6337,-1.1971
185.373,10,-39.4346,1.6337,-1.1969
185.384,10,-39.4344,1.6337,-1.1968
185.396,10,-39.4342,1.6335,-1.1967
185.407,10,-39.4341,1.6333,-1.1967
185.419,10,-39.4338,1.6329,-1.1968
185.430,10,-39.4335,1.6325,-1.1968
185.442,10,-39.4332,1.6319,-1.1968
185.453,10,-39.4328,1.6310,-1.1969
185.466,10,-39.4325,1.6299,-1.1970
185.477,10,-39.4323,1.6288,-1.1971
185.488,10,-39.4320,1.6274,-1.1973
185.500,10,-39.4317,1.6259,-1.1974
185.511,10,-39.4314,1.6241,-1.1977
185.523,10,-39.4312,1.6220,-1.1979
185.534,10,-39.4309,1.6195,-1.1982
185.545,10,-39.4306,1.6170,-1.1984
185.558,10,-39.4304,1.6144,-1.1988
185.570,10,-39.4302,1.6122,-1.1990
185.581,10,-39.4299,1.6103,-1.1993
185.592,10,-39.4297,1.6082,-1.1997
185.604,10,-39.4296,1.6058,-1.2001
185.616,10,-39.4296,1.6031,-1.2004
185.627,10,-39.4295,1.6008,-1.2008
185.638,10,-39.4294,1.5987,-1.2013
185.649,10,-39.4294,1.5969,-1.2016
185.660,10,-39.4292,1.5978,-1.2019
185.671,10,-39.4289,1.5997,-1.2023
185.682,10,-39.4291,1.6014,-1.2026
185.694,10,-39.4286,1.6033,-1.2028
185.704,10,-39.4281,1.6046,-1.2031
185.716,10,-39.4276,1.6061,-1.2035
185.727,10,-39.4271,1.6083,-1.2038
185.743,10,-39.4265,1.6112,-1.2042
185.754,10,-39.4260,1.6142,-1.2044
185.768,10,-39.4258,1.6164,-1.2044
185.780,10,-39.4251,1.6200,-1.2043
185.791,10,-39.4245,1.6214,-1.2041
185.807,10,-39.4239,1.6226,-1.2035
185.818,10,-39.4231,1.6240,-1.2031
185.830,10,-39.4221,1.6255,-1.2028
185.842,10,-39.4212,1.6270,-1.2025
185.853,10,-39.4203,1.6284,-1.2022
185.865,10,-39.4191,1.6299,-1.2019
185.877,10,-39.4180,1.6307,-1.2015
185.888,10,-39.4168,1.6312,-1.2011
185.899,10,-39.4156,1.6312,-1.2006
185.911,10,-39.4143,1.6314,-1.1998
185.923,10,-39.4131,1.6319,-1.1992
185.934,10,-39.4121,1.6322,-1.1985
185.945,10,-39.4108,1.6325,-1.1979
185.956,10,-39.4093,1.6326,-1.1971
185.968,10,-39.4079,1.6327,-1.1965
185.979,10,-39.4066,1.6327,-1.1959
185.991,10,-39.4050,1.6329,-1.1951
186.002,10,-39.4036,1.6333,-1.1945
186.014,10,-39.4021,1.6333,-1.1938
186.025,10,-39.4003,1.6334,-1.1930
186.037,10,-39.3987,1.6332,-1.1922
186.050,10,-39.3969,1.6330,-1.1915
186.061,10,-39.3950,1.6325,-1.1908
186.072,10,-39.3931,1.6323,-1.1901
186.083,10,-39.3912,1.6321,-1.1895
186.095,10,-39.3892,1.6320,-1.1886
186.105,10,-39.3872,1.6317,-1.1880
186.117,10,-39.3850,1.6311,-1.1872
186.129,10,-39.3829,1.6307,-1.1865
186.140,10,-39.3806,1.6303,-1.1859
186.151,10,-39.3784,1.6299,-1.1854
186.162,10,-39.3761,1.6297,-1.1848
186.173,10,-39.3738,1.6293,-1.1843
186.184,10,-39.3713,1.6290,-1.1838
186.195,10,-39.3688,1.6284,-1.1833
186.210,10,-39.3661,1.6275,-1.1829
186.221,10,-39.3635,1.6270,-1.1827
186.231,10,-39.3605,1.6265,-1.1826
186.243,10,-39.3581,1.6262,-1.1825
186.254,10,-39.3552,1.6256,-1.1825
186.265,10,-39.3525,1.6248,-1.1822
186.276,10,-39.3493,1.6238,-1.1823
186.287,10,-39.3463,1.6230,-1.1823
186.299,10,-39.3430,1.6225,-1.1824
186.310,10,-39.3396,1.6222,-1.1827
186.321,10,-39.3362,1.6221,-1.1830
186.332,10,-39.3324,1.6220,-1.1834
186.344,10,-39.3287,1.6219,-1.1837
186.356,10,-39.3251,1.6217,-1.1840
186.367,10,-39.3214,1.6217,-1.1844
186.379,10,-39.3176,1.6217,-1.1850
186.390,10,-39.3134,1.6216,-1.1858
186.402,10,-39.3095,1.6215,-1.1864
186.418,10,-39.3053,1.6212,-1.1871
186.432,10,-39.2977,1.6203,-1.1882
186.443,10,-39.2934,1.6197,-1.1890
186.457,10,-39.2890,1.6190,-1.1897
186.469,10,-39.2843,1.6185,-1.1907
186.481,10,-39.2797,1.6179,-1.1914
186.493,10,-39.2747,1.6169,-1.1923
186.505,10,-39.2697,1.6161,-1.1932
186.517,10,-39.2647,1.6152,-1.1939
186.528,10,-39.2592,1.6143,-1.1949
186.540,10,-39.2536,1.6135,-1.1959
186.551,10,-39.2477,1.6127,-1.1971
186.563,10,-39.2416,1.6117,-1.1982
186.578,10,-39.2297,1.6096,-1.2007
186.598,10,-39.2228,1.6084,-1.2022
186.609,10,-39.2166,1.6074,-1.2035
186.621,10,-39.2100,1.6065,-1.2050
186.632,10,-39.2031,1.6056,-1.2067
186.644,10,-39.1963,1.6047,-1.2084
186.656,10,-39.1891,1.6038,-1.2103
186.667,10,-39.1821,1.6030,-1.2120
186.678,10,-39.1749,1.6024,-1.2139
186.690,10,-39.1674,1.6019,-1.2159
186.701,10,-39.1600,1.6016,-1.2180
186.714,10,-39.1522,1.6012,-1.2201
186.725,10,-39.1445,1.6007,-1.2222
186.737,10,-39.1368,1.6002,-1.2243
186.749,10,-39.1287,1.6002,-1.2266
186.761,10,-39.1209,1.6010,-1.2287
186.772,10,-39.1131,1.6018,-1.2309
186.784,10,-39.0979,1.6031,-1.2352
186.795,10,-39.0898,1.6040,-1.2374
186.813,10,-39.0818,1.6059,-1.2395
186.825,10,-39.0737,1.6076,-1.2416
186.836,10,-39.0660,1.6093,-1.2433
186.848,10,-39.0580,1.6109,-1.2452
186.860,10,-39.0503,1.6127,-1.2471
186.871,10,-39.0425,1.6145,-1.2490
186.882,10,-39.0346,1.6160,-1.2507
186.893,10,-39.0268,1.6175,-1.2523
186.904,10,-39.0191,1.6187,-1.2539
186.916,10,-39.0117,1.6198,-1.2551
186.928,10,-39.0039,1.6209,-1.2565
186.939,10,-38.9962,1.6222,-1.2578
186.951,10,-38.9883,1.6237,-1.2590
186.963,10,-38.9808,1.6251,-1.2601
186.975,10,-38.9657,1.6277,-1.2622
186.987,10,-38.9582,1.6287,-1.2631
187.004,10,-38.9507,1.6293,-1.2636
187.015,10,-38.9433,1.6299,-1.2641
187.027,10,-38.9357,1.6306,-1.2646
187.039,10,-38.9280,1.6310,-1.2651
187.051,10,-38.9206,1.6315,-1.2655
187.063,10,-38.9129,1.6317,-1.2658
187.075,10,-38.8981,1.6324,-1.2664
187.087,10,-38.8904,1.6323,-1.2667
187.102,10,-38.8827,1.6320,-1.2667
187.114,10,-38.8749,1.6316,-1.2668
187.125,10,-38.8671,1.6312,-1.2669
187.137,10,-38.8593,1.6305,-1.2668
187.148,10,-38.8514,1.6299,-1.2668
187.160,10,-38.8436,1.6292,-1.2665
187.171,10,-38.8355,1.6282,-1.2663
187.182,10,-38.8274,1.6271,-1.2661
187.193,10,-38.8189,1.6257,-1.2658
187.204,10,-38.8106,1.6243,-1.2655
187.215,10,-38.8024,1.6226,-1.2650
187.226,10,-38.7939,1.6209,-1.2645
187.238,10,-38.7853,1.6189,-1.2637
187.250,10,-38.7763,1.6169,-1.2631
187.260,10,-38.7671,1.6149,-1.2622
187.275,10,-38.7578,1.6130,-1.2614
187.285,10,-38.7485,1.6112,-1.2604
187.296,10,-38.7392,1.6095,-1.2594
187.307,10,-38.7297,1.6080,-1.2583
187.318,10,-38.7204,1.6067,-1.2570
187.330,10,-38.7108,1.6057,-1.2558
187.341,10,-38.7012,1.6048,-1.2546
187.358,10,-38.6910,1.6042,-1.2532
187.371,10,-38.6723,1.6027,-1.2506
187.382,10,-38.6626,1.6022,-1.2491
187.397,10,-38.6530,1.6024,-1.2475
187.409,10,-38.6432,1.6032,-1.2460
187.420,10,-38.6332,1.6045,-1.2445
187.432,10,-38.6235,1.6063,-1.2431
187.443,10,-38.6136,1.6080,-1.2416
187.454,10,-38.6038,1.6100,-1.2400
187.465,10,-38.5940,1.6123,-1.2386
187.477,10,-38.5841,1.6149,-1.2371
187.488,10,-38.5740,1.6168,-1.2357
187.499,10,-38.5639,1.6185,-1.2344
187.511,10,-38.5538,1.6200,-1.2333
187.522,10,-38.5438,1.6213,-1.2321
187.533,10,-38.5341,1.6227,-1.2309
187.545,10,-38.5241,1.6241,-1.2299
187.556,10,-38.5145,1.6253,-1.2287
187.568,10,-38.5049,1.6265,-1.2277
187.580,10,-38.4953,1.6277,-1.2268
187.590,10,-38.4858,1.6290,-1.2261
187.602,10,-38.4764,1.6304,-1.2253
187.614,10,-38.4672,1.6317,-1.2245
187.625,10,-38.4579,1.6328,-1.2239
187.637,10,-38.4487,1.6338,-1.2233
187.648,10,-38.4394,1.6348,-1.2229
187.660,10,-38.4303,1.6357,-1.2224
187.671,10,-38.4214,1.6365,-1.2219
187.683,10,-38.4123,1.6372,-1.2214
187.694,10,-38.4033,1.6376,-1.2208
187.706,10,-38.3942,1.6379,-1.2203
187.718,10,-38.3850,1.6379,-1.2198
187.729,10,-38.3759,1.6378,-1.2194
187.742,10,-38.3575,1.6374,-1.2185
187.754,10,-38.3482,1.6368,-1.2181
187.768,10,-38.3389,1.6356,-1.2177
187.785,10,-38.3296,1.6342,-1.2173
187.797,10,-38.3108,1.6318,-1.2165
187.809,10,-38.3009,1.6300,-1.2162
187.824,10,-38.2908,1.6276,-1.2159
187.835,10,-38.2807,1.6256,-1.2156
187.847,10,-38.2704,1.6235,-1.2154
187.859,10,-38.2601,1.6216,-1.2152
187.870,10,-38.2497,1.6196,-1.2150
187.882,10,-38.2392,1.6174,-1.2149
187.893,10,-38.2287,1.6153,-1.2149
187.905,10,-38.2182,1.6133,-1.2148
187.917,10,-38.2075,1.6114,-1.2148
187.928,10,-38.1969,1.6098,-1.2149
187.940,10,-38.1861,1.6087,-1.2150
187.952,10,-38.1752,1.6079,-1.2153
187.963,10,-38.1643,1.6071,-1.2156
187.975,10,-38.1533,1.6062,-1.2159
187.987,10,-38.1423,1.6058,-1.2162
188.000,10,-38.1313,1.6061,-1.2166
188.012,10,-38.1205,1.6072,-1.2169
188.025,10,-38.1096,1.6088,-1.2172
188.037,10,-38.0990,1.6103,-1.2175
188.049,10,-38.0877,1.6124,-1.2178
188.060,10,-38.0768,1.6142,-1.2180
188.072,10,-38.0663,1.6163,-1.2181
188.083,10,-38.0557,1.6182,-1.2180
188.095,10,-38.0452,1.6200,-1.2179
188.107,10,-38.0241,1.6236,-1.2177
188.118,10,-38.0137,1.6254,-1.2174
188.134,10,-38.0035,1.6272,-1.2171
188.145,10,-37.9932,1.6290,-1.2166
188.157,10,-37.9830,1.6309,-1.2160
188.169,10,-37.9728,1.6330,-1.2155
188.181,10,-37.9628,1.6352,-1.2149
188.191,10,-37.9528,1.6372,-1.2143
188.203,10,-37.9429,1.6389,-1.2136
188.214,10,-37.9332,1.6404,-1.2129
188.226,10,-37.9234,1.6413,-1.2120
188.237,10,-37.9137,1.6421,-1.2111
188.249,10,-37.9040,1.6426,-1.2102
188.260,10,-37.8945,1.6431,-1.2093
188.271,10,-37.8849,1.6431,-1.2085
188.282,10,-37.8753,1.6430,-1.2076
188.293,10,-37.8658,1.6426,-1.2068
188.304,10,-37.8564,1.6417,-1.2059
188.315,10,-37.8464,1.6407,-1.2050
188.326,10,-37.8365,1.6394,-1.2039
188.337,10,-37.8264,1.6380,-1.2030
188.348,10,-37.8163,1.6363,-1.2020
188.359,10,-37.8061,1.6344,-1.2010
188.371,10,-37.7959,1.6326,-1.2001
188.382,10,-37.7856,1.6304,-1.1991
188.393,10,-37.7753,1.6279,-1.1980
188.405,10,-37.7649,1.6256,-1.1968
188.416,10,-37.7544,1.6233,-1.1955
188.428,10,-37.7439,1.6211,-1.1943
188.440,10,-37.7334,1.6190,-1.1930
188.452,10,-37.7229,1.6169,-1.1916
188.465,10,-37.7124,1.6147,-1.1900
188.478,10,-37.7019,1.6128,-1.1886
188.489,10,-37.6916,1.6113,-1.1870
188.502,10,-37.6813,1.6102,-1.1855
188.514,10,-37.6709,1.6093,-1.1839
188.524,10,-37.6606,1.6085,-1.1823
188.535,10,-37.6504,1.6079,-1.1807
188.546,10,-37.6405,1.6070,-1.1790
188.556,10,-37.6303,1.6063,-1.1774
188.567,10,-37.6200,1.6067,-1.1757
188.580,10,-37.6096,1.6083,-1.1740
188.591,10,-37.5995,1.6103,-1.1724
188.602,10,-37.5894,1.6118,-1.1707
188.613,10,-37.5793,1.6137,-1.1690
188.624,10,-37.5692,1.6158,-1.1674
188.635,10,-37.5591,1.6181,-1.1659
188.646,10,-37.5490,1.6202,-1.1644
188.657,10,-37.5387,1.6219,-1.1629
188.669,10,-37.5285,1.6237,-1.1615
188.680,10,-37.5185,1.6256,-1.1601
188.692,10,-37.5084,1.6277,-1.1589
188.703,10,-37.4984,1.6298,-1.1577
188.714,10,-37.4886,1.6316,-1.1566
188.726,10,-37.4789,1.6333,-1.1555
188.738,10,-37.4693,1.6350,-1.1546
188.750,10,-37.4599,1.6368,-1.1537
188.762,10,-37.4506,1.6384,-1.1530
188.774,10,-37.4319,1.6414,-1.1512
188.786,10,-37.4229,1.6426,-1.1504
188.801,10,-37.4139,1.6436,-1.1497
188.813,10,-37.4050,1.6445,-1.1488
188.825,10,-37.3961,1.6453,-1.1481
188.836,10,-37.3871,1.6459,-1.1473
188.848,10,-37.3781,1.6464,-1.1465
188.859,10,-37.3691,1.6466,-1.1458
188.871,10,-37.3601,1.6466,-1.1451
188.882,10,-37.3510,1.6466,-1.1443
188.895,10,-37.3419,1.6461,-1.1437
188.906,10,-37.3328,1.6456,-1.1430
188.918,10,-37.3237,1.6449,-1.1424
188.929,10,-37.3146,1.6439,-1.1416
188.941,10,-37.2964,1.6421,-1.1403
188.952,10,-37.2873,1.6400,-1.1397
188.970,10,-37.2782,1.6375,-1.1391
188.982,10,-37.2690,1.6352,-1.1385
188.993,10,-37.2598,1.6330,-1.1380
189.006,10,-37.2504,1.6308,-1.1376
189.018,10,-37.2408,1.6288,-1.1372
189.030,10,-37.2220,1.6251,-1.1363
189.041,10,-37.2121,1.6232,-1.1361
189.056,10,-37.2022,1.6213,-1.1360
189.068,10,-37.1923,1.6198,-1.1360
189.079,10,-37.1823,1.6189,-1.1360
189.091,10,-37.1724,1.6181,-1.1361
189.102,10,-37.1624,1.6175,-1.1363
189.114,10,-37.1523,1.6168,-1.1365
189.125,10,-37.1423,1.6159,-1.1368
189.137,10,-37.1321,1.6151,-1.1371
189.149,10,-37.1219,1.6151,-1.1376
189.160,10,-37.1116,1.6161,-1.1381
189.172,10,-37.1014,1.6176,-1.1386
189.183,10,-37.0913,1.6189,-1.1391
189.195,10,-37.0812,1.6201,-1.1396
189.206,10,-37.0712,1.6220,-1.1402
189.218,10,-37.0513,1.6254,-1.1413
189.229,10,-37.0415,1.6277,-1.1417
189.247,10,-37.0318,1.6299,-1.1421
189.260,10,-37.0222,1.6316,-1.1424
189.272,10,-37.0127,1.6331,-1.1427
189.283,10,-37.0030,1.6348,-1.1431
189.295,10,-36.9934,1.6365,-1.1434
189.306,10,-36.9838,1.6383,-1.1435
189.318,10,-36.9744,1.6400,-1.1436
189.330,10,-36.9555,1.6437,-1.1439
189.340,10,-36.9461,1.6457,-1.1440
189.356,10,-36.9370,1.6478,-1.1439
189.367,10,-36.9280,1.6496,-1.1439
189.378,10,-36.9192,1.6511,-1.1438
189.390,10,-36.9105,1.6524,-1.1438
189.402,10,-36.9017,1.6535,-1.1437
189.413,10,-36.8930,1.6544,-1.1437
189.425,10,-36.8843,1.6550,-1.1436
189.436,10,-36.8758,1.6556,-1.1435
189.447,10,-36.8672,1.6558,-1.1434
189.458,10,-36.8587,1.6559,-1.1433
189.469,10,-36.8502,1.6557,-1.1431
189.482,10,-36.8418,1.6552,-1.1430
189.493,10,-36.8329,1.6545,-1.1429
189.503,10,-36.8239,1.6536,-1.1428
189.515,10,-36.8149,1.6527,-1.1427
189.527,10,-36.8060,1.6514,-1.1426
189.537,10,-36.7970,1.6502,-1.1425
189.549,10,-36.7879,1.6488,-1.1424
189.560,10,-36.7788,1.6470,-1.1422
189.571,10,-36.7697,1.6452,-1.1420
189.582,10,-36.7605,1.6433,-1.1418
189.594,10,-36.7513,1.6412,-1.1415
189.606,10,-36.7421,1.6390,-1.1411
189.617,10,-36.7329,1.6367,-1.1406
189.629,10,-36.7237,1.6345,-1.1401
189.640,10,-36.7144,1.6323,-1.1396
189.653,10,-36.7052,1.6303,-1.1390
189.664,10,-36.6963,1.6285,-1.1384
189.674,10,-36.6871,1.6271,-1.1376
189.686,10,-36.6780,1.6259,-1.1367
189.698,10,-36.6690,1.6248,-1.1359
189.710,10,-36.6601,1.6236,-1.1350
189.721,10,-36.6511,1.6225,-1.1342
189.733,10,-36.6423,1.6213,-1.1333
189.745,10,-36.6334,1.6207,-1.1325
189.756,10,-36.6247,1.6206,-1.1317
189.767,10,-36.6159,1.6213,-1.1310
189.778,10,-36.6073,1.6221,-1.1302
189.789,10,-36.5987,1.6230,-1.1294
189.803,10,-36.5901,1.6241,-1.1286
189.816,10,-36.5814,1.6259,-1.1280
189.827,10,-36.5728,1.6273,-1.1273
189.838,10,-36.5642,1.6288,-1.1267
189.849,10,-36.5556,1.6301,-1.1261
189.859,10,-36.5470,1.6315,-1.1256
189.869,10,-36.5383,1.6330,-1.1251
189.880,10,-36.5295,1.6347,-1.1248
189.892,10,-36.5206,1.6367,-1.1246
189.903,10,-36.5118,1.6388,-1.1243
189.914,10,-36.5030,1.6407,-1.1241
189.925,10,-36.4943,1.6427,-1.1239
189.935,10,-36.4857,1.6445,-1.1238
189.951,10,-36.4771,1.6465,-1.1240
189.962,10,-36.4686,1.6485,-1.1240
189.973,10,-36.4603,1.6503,-1.1241
189.984,10,-36.4522,1.6520,-1.1243
189.995,10,-36.4441,1.6533,-1.1245
190.005,10,-36.4361,1.6546,-1.1248
190.017,10,-36.4282,1.6556,-1.1251
190.029,10,-36.4120,1.6578,-1.1257
190.040,10,-36.4043,1.6583,-1.1261
190.055,10,-36.3965,1.6585,-1.1265
190.066,10,-36.3887,1.6586,-1.1270
190.077,10,-36.3809,1.6586,-1.1275
190.090,10,-36.3729,1.6582,-1.1281
190.100,10,-36.3651,1.6579,-1.1286
190.112,10,-36.3572,1.6574,-1.1293
190.123,10,-36.3494,1.6569,-1.1299
190.134,10,-36.3416,1.6561,-1.1306
190.145,10,-36.3339,1.6550,-1.1313
190.157,10,-36.3262,1.6538,-1.1320
190.168,10,-36.3183,1.6524,-1.1328
190.178,10,-36.3104,1.6509,-1.1336
190.190,10,-36.3027,1.6494,-1.1344
190.201,10,-36.2949,1.6479,-1.1353
190.213,10,-36.2871,1.6465,-1.1362
190.224,10,-36.2792,1.6452,-1.1372
190.235,10,-36.2714,1.6439,-1.1383
190.247,10,-36.2634,1.6426,-1.1395
190.258,10,-36.2554,1.6413,-1.1406
190.269,10,-36.2474,1.6402,-1.1419
190.280,10,-36.2397,1.6391,-1.1426
190.293,10,-36.2317,1.6383,-1.1440
190.303,10,-36.2237,1.6375,-1.1453
190.314,10,-36.2158,1.6366,-1.1468
190.325,10,-36.2079,1.6356,-1.1483
190.335,10,-36.2001,1.6345,-1.1498
190.346,10,-36.1924,1.6334,-1.1514
190.358,10,-36.1846,1.6326,-1.1530
190.368,10,-36.1770,1.6323,-1.1546
190.380,10,-36.1693,1.6325,-1.1563
190.391,10,-36.1617,1.6327,-1.1580
190.402,10,-36.1541,1.6332,-1.1597
190.413,10,-36.1466,1.6336,-1.1614
190.425,10,-36.1391,1.6346,-1.1632
190.436,10,-36.1316,1.6357,-1.1649
190.447,10,-36.1242,1.6369,-1.1666
190.458,10,-36.1168,1.6382,-1.1683
190.469,10,-36.1094,1.6396,-1.1699
190.480,10,-36.1022,1.6409,-1.1714
190.491,10,-36.0950,1.6420,-1.1731
190.502,10,-36.0877,1.6430,-1.1746
190.513,10,-36.0807,1.6439,-1.1760
190.525,10,-36.0736,1.6450,-1.1773
190.536,10,-36.0665,1.6462,-1.1786
190.548,10,-36.0595,1.6475,-1.1797
190.558,10,-36.0523,1.6488,-1.1808
190.570,10,-36.0453,1.6501,-1.1819
190.581,10,-36.0383,1.6514,-1.1828
190.591,10,-36.0313,1.6529,-1.1837
190.602,10,-36.0244,1.6543,-1.1845
190.613,10,-36.0177,1.6557,-1.1852
190.624,10,-36.0110,1.6568,-1.1859
190.635,10,-36.0046,1.6579,-1.1864
190.646,10,-35.9979,1.6590,-1.1870
190.658,10,-35.9916,1.6599,-1.1876
190.668,10,-35.9850,1.6608,-1.1880
190.679,10,-35.9785,1.6616,-1.1885
190.690,10,-35.9722,1.6620,-1.1890
190.702,10,-35.9658,1.6625,-1.1894
190.713,10,-35.9595,1.6628,-1.1897
190.724,10,-35.9533,1.6631,-1.1901
190.736,10,-35.9471,1.6631,-1.1905
190.748,10,-35.9410,1.6631,-1.1908
190.759,10,-35.9349,1.6630,-1.1911
190.771,10,-35.9290,1.6627,-1.1914
190.783,10,-35.9231,1.6622,-1.1915
190.794,10,-35.9172,1.6618,-1.1918
190.806,10,-35.9113,1.6613,-1.1919
190.818,10,-35.9055,1.6607,-1.1920
190.830,10,-35.8997,1.6600,-1.1921
190.841,10,-35.8939,1.6595,-1.1922
190.853,10,-35.8883,1.6588,-1.1923
190.864,10,-35.8827,1.6580,-1.1922
190.876,10,-35.8774,1.6570,-1.1922
190.887,10,-35.8720,1.6557,-1.1921
190.898,10,-35.8668,1.6544,-1.1919
190.909,10,-35.8615,1.6533,-1.1917
190.921,10,-35.8563,1.6521,-1.1914
190.932,10,-35.8512,1.6510,-1.1909
190.943,10,-35.8460,1.6498,-1.1904
190.955,10,-35.8409,1.6485,-1.1901
190.966,10,-35.8359,1.6471,-1.1896
190.977,10,-35.8309,1.6458,-1.1889
190.989,10,-35.8259,1.6446,-1.1882
191.000,10,-35.8209,1.6433,-1.1870
191.012,10,-35.8159,1.6422,-1.1860
191.022,10,-35.8108,1.6410,-1.1850
191.034,10,-35.8056,1.6397,-1.1839
191.045,10,-35.8005,1.6385,-1.1829
191.057,10,-35.7955,1.6375,-1.1817
191.068,10,-35.7904,1.6368,-1.1805
191.080,10,-35.7854,1.6363,-1.1793
191.091,10,-35.7805,1.6363,-1.1779
191.103,10,-35.7754,1.6360,-1.1769
191.115,10,-35.7704,1.6360,-1.1755
191.127,10,-35.7655,1.6363,-1.1740
191.138,10,-35.7605,1.6368,-1.1726
191.150,10,-35.7555,1.6376,-1.1712
191.161,10,-35.7506,1.6386,-1.1697
191.173,10,-35.7457,1.6397,-1.1684
191.184,10,-35.7407,1.6409,-1.1671
191.196,10,-35.7358,1.6421,-1.1658
191.207,10,-35.7308,1.6435,-1.1647
191.219,10,-35.7258,1.6449,-1.1635
191.231,10,-35.7208,1.6461,-1.1624
191.242,10,-35.7158,1.6473,-1.1613
191.254,10,-35.7109,1.6485,-1.1604
191.265,10,-35.7060,1.6496,-1.1595
191.276,10,-35.7011,1.6506,-1.1585
191.287,10,-35.6962,1.6517,-1.1578
191.299,10,-35.6914,1.6526,-1.1571
191.310,10,-35.6868,1.6536,-1.1565
191.321,10,-35.6823,1.6544,-1.1558
191.333,10,-35.6778,1.6552,-1.1554
191.344,10,-35.6734,1.6559,-1.1551
191.355,10,-35.6692,1.6566,-1.1548
191.366,10,-35.6649,1.6575,-1.1547
191.377,10,-35.6608,1.6586,-1.1547
191.389,10,-35.6567,1.6596,-1.1547
191.400,10,-35.6528,1.6605,-1.1549
191.412,10,-35.6490,1.6613,-1.1550
191.424,10,-35.6453,1.6621,-1.1555
191.434,10,-35.6415,1.6629,-1.1557
191.446,10,-35.6380,1.6638,-1.1559
191.456,10,-35.6344,1.6646,-1.1563
191.473,10,-35.6310,1.6654,-1.1569
191.487,10,-35.6241,1.6667,-1.1578
191.498,10,-35.6208,1.6673,-1.1584
191.509,10,-35.6176,1.6677,-1.1590
191.520,10,-35.6144,1.6681,-1.1597
191.531,10,-35.6113,1.6685,-1.1607
191.542,10,-35.6083,1.6689,-1.1615
191.554,10,-35.6055,1.6692,-1.1624
191.565,10,-35.6028,1.6693,-1.1633
191.577,10,-35.6001,1.6692,-1.1643
191.590,10,-35.5977,1.6690,-1.1652
191.601,10,-35.5953,1.6687,-1.1663
191.611,10,-35.5931,1.6682,-1.1674
191.622,10,-35.5911,1.6677,-1.1684
191.633,10,-35.5892,1.6671,-1.1695
191.644,10,-35.5875,1.6664,-1.1707
191.655,10,-35.5859,1.6658,-1.1718
191.667,10,-35.5843,1.6654,-1.1732
191.678,10,-35.5827,1.6652,-1.1745
191.689,10,-35.5811,1.6652,-1.1758
191.700,10,-35.5796,1.6652,-1.1772
191.711,10,-35.5779,1.6654,-1.1786
191.722,10,-35.5764,1.6656,-1.1799
191.732,10,-35.5748,1.6657,-1.1812
191.744,10,-35.5732,1.6659,-1.1827
191.755,10,-35.5716,1.6660,-1.1840
191.766,10,-35.5701,1.6661,-1.1852
191.777,10,-35.5686,1.6662,-1.1864
191.787,10,-35.5672,1.6662,-1.1876
191.798,10,-35.5658,1.6661,-1.1888
191.809,10,-35.5644,1.6660,-1.1900
191.823,10,-35.5630,1.6659,-1.1911
191.836,10,-35.5617,1.6658,-1.1922
191.847,10,-35.5603,1.6657,-1.1933
191.858,10,-35.5589,1.6656,-1.1943
191.869,10,-35.5576,1.6656,-1.1954
191.880,10,-35.5562,1.6656,-1.1963
191.891,10,-35.5549,1.6656,-1.1971
191.901,10,-35.5535,1.6657,-1.1981
191.912,10,-35.5522,1.6658,-1.1990
191.923,10,-35.5509,1.6659,-1.1998
191.934,10,-35.5496,1.6660,-1.2006
191.944,10,-35.5483,1.6662,-1.2014
191.959,10,-35.5470,1.6664,-1.2021
191.970,10,-35.5457,1.6666,-1.2028
191.980,10,-35.5445,1.6668,-1.2035
191.991,10,-35.5432,1.6670,-1.2042
192.003,10,-35.5420,1.6672,-1.2048
192.013,10,-35.5408,1.6674,-1.2054
192.023,10,-35.5396,1.6675,-1.2060
192.035,10,-35.5385,1.6677,-1.2066
192.046,10,-35.5375,1.6677,-1.2071
192.057,10,-35.5365,1.6677,-1.2075
192.068,10,-35.5354,1.6678,-1.2080
192.080,10,-35.5344,1.6678,-1.2083
192.090,10,-35.5335,1.6678,-1.2087
192.101,10,-35.5326,1.6679,-1.2091
192.112,10,-35.5317,1.6679,-1.2094
192.123,10,-35.5309,1.6678,-1.2096
192.134,10,-35.5302,1.6677,-1.2099
192.145,10,-35.5294,1.6675,-1.2101
192.156,10,-35.5289,1.6672,-1.2103
192.168,10,-35.5283,1.6668,-1.2106
192.179,10,-35.5278,1.6666,-1.2107
192.190,10,-35.5272,1.6664,-1.2108
192.202,10,-35.5268,1.6663,-1.2109
192.214,10,-35.5263,1.6663,-1.2109
192.225,10,-35.5258,1.6662,-1.2109
192.237,10,-35.5254,1.6662,-1.2108
192.249,10,-35.5250,1.6662,-1.2107
192.260,10,-35.5247,1.6663,-1.2105
192.272,10,-35.5243,1.6664,-1.2103
192.283,10,-35.5240,1.6664,-1.2102
192.295,10,-35.5238,1.6665,-1.2099
192.306,10,-35.5237,1.6666,-1.2096
192.318,10,-35.5236,1.6667,-1.2094
192.330,10,-35.5235,1.6668,-1.2090
192.342,10,-35.5235,1.6669,-1.2087
192.353,10,-35.5234,1.6670,-1.2084
192.364,10,-35.5233,1.6672,-1.2081
192.375,10,-35.5233,1.6673,-1.2077
192.387,10,-35.5233,1.6674,-1.2072
192.398,10,-35.5234,1.6675,-1.2067
192.409,10,-35.5235,1.6676,-1.2063
192.421,10,-35.5235,1.6677,-1.2061
192.432,10,-35.5236,1.6677,-1.2057
192.443,10,-35.5239,1.6676,-1.2053
192.455,10,-35.5241,1.6676,-1.2050
192.466,10,-35.5243,1.6676,-1.2047
192.477,10,-35.5246,1.6676,-1.2045
192.489,10,-35.5249,1.6676,-1.2042
192.500,10,-35.5251,1.6676,-1.2039
192.511,10,-35.5253,1.6676,-1.2036
192.522,10,-35.5254,1.6678,-1.2034
192.533,10,-35.5255,1.6679,-1.2031
